222085	1	143	3.227E-32	2	20027	20744	456	36	0.555	2.708E+00	7	37	226	20027	20119	93	20000	20122
222085	1	143	3.227E-32	2	20027	20744	475	140	0.656	4.435E-33	72	177	226	20436	20744	309	20433	21131
422501	1	142	6.454E-32	2	20006	20726	456	42	0.585	3.016E-02	2	35	233	20006	20104	99	20000	20122
422501	1	142	6.454E-32	2	20006	20726	475	138	0.703	2.887E-32	75	169	233	20439	20726	288	20433	21131
613230	1	177	1.878E-42	3	20027	21031	456	38	0.588	3.933E-01	9	39	229	20027	20119	93	20000	20122
613230	1	177	1.878E-42	3	20027	21031	475	141	0.718	1.738E-33	76	170	229	20439	20726	288	20433	21131
613230	1	177	1.878E-42	3	20027	21031	473	54	0.741	1.129E-06	193	226	229	20930	21031	102	20924	21031
641686	1	224	1.335E-56	4	20009	21031	456	37	0.491	1.423E+00	4	40	300	20009	20119	111	20000	20122
641686	1	224	1.335E-56	4	20009	21031	475	131	0.638	7.925E-30	74	175	300	20439	20744	306	20433	21131
641686	1	224	1.335E-56	4	20009	21031	471	34	0.697	7.328E+00	166	187	300	20791	20856	66	20782	20856
641686	1	224	1.335E-56	4	20009	21031	473	61	0.831	3.624E-09	188	221	300	20930	21031	102	20924	21031
763239	1	377	1.169E-102	3	4613	5500	103	214	0.983	1.232E-60	8	109	215	4613	4918	306	4565	4918
763239	1	377	1.169E-102	3	4613	5500	112	93	0.745	9.483E-20	107	166	215	5118	5297	180	5118	5324
763239	1	377	1.169E-102	3	4613	5500	115	75	0.703	7.686E-13	163	213	215	5348	5500	153	5246	5515
795716	1	97	2.271E-18	1	5118	5297	112	97	0.770	5.452E-21	21	80	83	5118	5297	180	5118	5324
875123	1	222	5.339E-56	1	597	2051	34	222	0.302	6.390E-57	412	801	818	597	2051	1455	483	2057
875379	1	336	2.571E-90	1	546	2051	34	336	0.391	9.165E-96	159	654	668	546	2051	1506	483	2057
889525	1	378	5.845E-103	3	4613	5512	103	208	0.960	1.028E-58	8	109	220	4613	4918	306	4565	4918
889525	1	378	5.845E-103	3	4613	5512	112	96	0.768	7.488E-21	107	166	220	5118	5297	180	5118	5324
889525	1	378	5.845E-103	3	4613	5512	115	79	0.696	1.710E-14	163	217	220	5348	5512	165	5246	5515
898178	1	448	4.951E-124	5	20015	21031	456	51	0.683	1.913E-05	0	34	222	20015	20119	105	20000	20122
898178	1	448	4.951E-124	5	20015	21031	464	77	0.891	1.480E-14	30	69	222	20256	20375	120	20256	20381
898178	1	448	4.951E-124	5	20015	21031	475	203	0.992	7.396E-55	70	165	222	20439	20726	288	20433	21131
898178	1	448	4.951E-124	5	20015	21031	471	48	0.989	5.255E-05	166	187	222	20791	20856	66	20782	20856
898178	1	448	4.951E-124	5	20015	21031	473	68	0.917	1.612E-11	188	221	222	20930	21031	102	20924	21031
960085	-1	797	4.317E-229	6	23323	26506	1292	130	0.438	1.040E-29	3	165	809	-26506	-26033	474	26656	26015
960085	-1	797	4.317E-229	6	23323	26506	1302	155	0.485	4.294E-39	170	340	809	-25960	-25508	453	26011	25487
960085	-1	797	4.317E-229	6	23323	26506	1304	66	0.497	5.488E-10	341	408	809	-25444	-25241	204	25456	25235
960085	-1	797	4.317E-229	6	23323	26506	1323	49	0.434	1.463E-04	411	470	809	-24643	-24464	180	24643	24458
960085	-1	797	4.317E-229	6	23323	26506	1337	271	0.565	5.740E-77	474	721	809	-24386	-23652	735	24476	23595
960085	-1	797	4.317E-229	6	23323	26506	1341	128	0.707	3.070E-31	721	808	809	-23586	-23323	264	23598	23323
985437	1	218	8.542E-55	1	4610	4915	103	218	0.999	5.230E-62	0	101	102	4610	4915	306	4565	4918
1013810	1	70	3.048E-10	1	5348	5491	115	70	0.698	3.457E-11	2	49	55	5348	5491	144	5246	5515
1019360	1	278	7.409E-73	2	4610	5506	103	216	0.994	1.349E-61	13	114	200	4610	4915	306	4565	4918
1019360	1	278	7.409E-73	2	4610	5506	115	88	0.789	1.598E-17	142	194	200	5348	5506	159	5246	5515
1098289	1	219	4.271E-55	1	4607	4915	103	219	0.997	1.478E-62	0	102	103	4607	4915	309	4565	4918
1114128	1	50	3.196E-04	1	13665	13793	319	50	0.567	1.549E-04	24	66	70	13665	13793	129	13611	13820
1114513	1	161	1.231E-37	1	1437	1931	34	161	0.513	9.023E-37	3	166	186	1437	1931	495	483	2057
1115802	1	136	4.131E-30	1	1674	2051	34	136	0.555	1.008E-28	6	131	152	1674	2051	378	483	2057
1134876	1	408	5.443E-112	3	4607	5506	103	217	0.979	9.839E-62	9	112	222	4607	4918	312	4565	4918
1134876	1	408	5.443E-112	3	4607	5506	112	105	0.829	6.974E-24	110	169	222	5118	5297	180	5118	5324
1134876	1	408	5.443E-112	3	4607	5506	115	91	0.808	2.386E-18	166	218	222	5348	5506	159	5246	5515
1144764	1	310	1.725E-82	1	597	2048	34	310	0.379	7.239E-87	321	803	815	597	2048	1452	483	2057
1148728	-1	340	1.607E-91	3	23323	25996	1302	149	0.486	3.523E-37	207	370	834	-25996	-25508	489	26011	25487
1148728	-1	340	1.607E-91	3	23323	25996	1337	205	0.451	2.242E-54	506	755	834	-24383	-23637	747	24476	23595
1148728	-1	340	1.607E-91	3	23323	25996	1341	129	0.713	1.188E-31	746	833	834	-23586	-23323	264	23598	23323
1148837	-1	292	4.522E-77	2	23652	25978	1302	169	0.558	7.006E-44	140	295	746	-25978	-25514	465	26011	25487
1148837	-1	292	4.522E-77	2	23652	25978	1337	256	0.541	4.631E-72	430	677	746	-24386	-23652	735	24476	23595
1148903	-1	283	2.315E-74	2	23652	25978	1302	164	0.544	4.207E-42	140	295	746	-25978	-25514	465	26011	25487
1148903	-1	283	2.315E-74	2	23652	25978	1337	252	0.535	1.067E-70	430	677	746	-24386	-23652	735	24476	23595
1161661	1	337	1.285E-90	1	639	2051	34	337	0.411	3.607E-96	1	470	933	639	2051	1413	483	2057
1198089	1	403	1.742E-110	3	4613	5506	103	214	0.986	6.551E-61	8	109	219	4613	4918	306	4565	4918
1198089	1	403	1.742E-110	3	4613	5506	112	105	0.827	9.576E-24	107	166	219	5118	5297	180	5118	5324
1198089	1	403	1.742E-110	3	4613	5506	115	89	0.798	6.176E-18	163	215	219	5348	5506	159	5246	5515
1280268	1	427	1.038E-117	3	4613	5509	103	222	1.000	2.220E-63	8	109	218	4613	4918	306	4565	4918
1280268	1	427	1.038E-117	3	4613	5509	112	107	0.841	1.961E-24	107	166	218	5118	5297	180	5118	5324
1280268	1	427	1.038E-117	3	4613	5509	115	103	0.892	1.292E-22	163	216	218	5348	5509	162	5246	5515
4766653	1	283	2.315E-74	1	615	2051	34	283	0.358	9.973E-78	115	589	599	615	2051	1437	483	2057
7173761	1	520	1.048E-145	1	597	2051	34	520	0.560	5.286E-159	69	553	572	597	2051	1455	483	2057
8361696	1	349	3.138E-94	1	597	2051	34	349	0.412	4.368E-100	119	602	621	597	2051	1455	483	2057
8371349	1	182	5.870E-44	3	20009	21031	456	40	0.528	1.089E-01	4	40	293	20009	20119	111	20000	20122
8371349	1	182	5.870E-44	3	20009	21031	475	130	0.644	2.019E-29	74	173	293	20439	20738	300	20433	21131
8371349	1	182	5.870E-44	3	20009	21031	473	57	0.786	6.389E-08	188	221	293	20930	21031	102	20924	21031
9209849	1	356	2.451E-96	1	597	2051	34	356	0.418	1.612E-102	450	931	945	597	2051	1455	483	2057
10010646	1	341	8.033E-92	1	546	2051	34	341	0.395	2.198E-97	22	517	534	546	2051	1506	483	2057
10049088	-1	557	7.628E-157	4	23652	26506	1292	139	0.463	7.798E-33	76	237	858	-26506	-26027	480	26656	26015
10049088	-1	557	7.628E-157	4	23652	26506	1302	184	0.595	2.352E-49	234	391	858	-25978	-25508	471	26011	25487
10049088	-1	557	7.628E-157	4	23652	26506	1304	70	0.543	1.662E-11	392	456	858	-25444	-25250	195	25456	25235
10049088	-1	557	7.628E-157	4	23652	26506	1337	233	0.505	3.661E-64	526	770	858	-24389	-23652	738	24476	23595
11207537	1	326	2.632E-87	1	600	2051	34	326	0.391	2.164E-92	454	940	959	600	2051	1452	483	2057
11502400	1	380	1.461E-103	3	4613	5512	103	207	0.956	1.934E-58	8	109	220	4613	4918	306	4565	4918
11502400	1	380	1.461E-103	3	4613	5512	112	98	0.782	1.532E-21	107	166	220	5118	5297	180	5118	5324
11502400	1	380	1.461E-103	3	4613	5512	115	80	0.699	1.245E-14	163	217	220	5348	5512	165	5246	5515
12221763	1	293	2.261E-77	1	828	2012	34	293	0.420	3.223E-81	267	662	700	828	2012	1185	483	2057
12398443	-1	555	3.051E-156	4	23652	26494	1292	138	0.475	1.459E-32	137	292	915	-26494	-26033	462	26656	26015
12398443	-1	555	3.051E-156	4	23652	26494	1302	184	0.592	2.352E-49	291	449	915	-25978	-25508	471	26011	25487
12398443	-1	555	3.051E-156	4	23652	26494	1304	69	0.538	3.138E-11	450	514	915	-25444	-25250	195	25456	25235
12398443	-1	555	3.051E-156	4	23652	26494	1337	230	0.500	6.139E-63	583	827	915	-24389	-23652	738	24476	23595
12935278	1	181	1.174E-43	3	20045	21028	456	42	0.933	3.016E-02	15	34	228	20045	20104	60	20000	20122
12935278	1	181	1.174E-43	3	20045	21028	475	146	0.738	5.590E-35	75	169	228	20439	20726	288	20433	21131
12935278	1	181	1.174E-43	3	20045	21028	473	53	0.750	2.138E-06	192	224	228	20930	21028	99	20924	21031
12944468	1	175	7.514E-42	1	1497	2051	34	175	0.501	2.671E-41	15	199	219	1497	2051	555	483	2057
13159438	1	250	1.989E-64	1	600	1760	34	250	0.379	2.342E-66	285	672	675	600	1760	1161	483	2057
13643940	-1	532	2.559E-149	4	23323	26479	1292	125	0.443	3.236E-28	156	310	936	-26479	-26033	447	26656	26015
13643940	-1	532	2.559E-149	4	23323	26479	1302	151	0.501	1.370E-37	309	467	936	-25978	-25505	474	26011	25487
13643940	-1	532	2.559E-149	4	23323	26479	1337	258	0.540	1.807E-72	599	848	936	-24389	-23652	738	24476	23595
13643940	-1	532	2.559E-149	4	23323	26479	1341	128	0.711	1.630E-31	848	935	936	-23586	-23323	264	23598	23323
14134338	1	222	5.339E-56	1	4613	4918	103	222	1.000	2.220E-63	8	109	113	4613	4918	306	4565	4918
14755166	1	159	4.924E-37	3	20051	20856	456	35	0.701	5.155E+00	17	39	234	20051	20119	69	20000	20122
14755166	1	159	4.924E-37	3	20051	20856	475	131	0.649	7.925E-30	73	172	234	20439	20738	300	20433	21131
14755166	1	159	4.924E-37	3	20051	20856	471	32	0.666	2.651E+01	165	186	234	20791	20856	66	20782	20856
14823135	1	173	3.006E-41	3	20051	21028	456	36	0.708	3.736E+00	19	41	304	20051	20119	69	20000	20122
14823135	1	173	3.006E-41	3	20051	21028	475	140	0.712	6.061E-33	77	171	304	20439	20726	288	20433	21131
14823135	1	173	3.006E-41	3	20051	21028	473	52	0.740	4.050E-06	194	226	304	20930	21028	99	20924	21031
14974140	1	182	5.870E-44	2	20436	20856	475	145	0.728	1.044E-34	70	166	204	20436	20726	291	20433	21131
14974140	1	182	5.870E-44	2	20436	20856	471	36	0.737	1.472E+00	167	188	204	20791	20856	66	20782	20856
15048474	1	170	2.404E-40	3	20051	21028	456	36	0.708	3.736E+00	19	41	304	20051	20119	69	20000	20122
15048474	1	170	2.404E-40	3	20051	21028	475	137	0.698	7.364E-32	77	171	304	20439	20726	288	20433	21131
15048474	1	170	2.404E-40	3	20051	21028	473	52	0.740	4.050E-06	194	226	304	20930	21028	99	20924	21031
15199217	1	231	1.043E-58	4	20042	21028	456	40	0.703	1.501E-01	0	25	213	20042	20119	78	20000	20122
15199217	1	231	1.043E-58	4	20042	21028	475	138	0.705	2.113E-32	61	155	213	20439	20726	288	20433	21131
15199217	1	231	1.043E-58	4	20042	21028	471	31	0.677	5.044E+01	157	177	213	20794	20856	63	20782	20856
15199217	1	231	1.043E-58	4	20042	21028	473	53	0.750	2.138E-06	178	210	213	20930	21028	99	20924	21031
15276591	1	171	1.202E-40	2	20436	21031	475	137	0.691	7.364E-32	81	176	235	20436	20726	291	20433	21131
15276591	1	171	1.202E-40	2	20436	21031	473	55	0.756	4.334E-07	199	232	235	20930	21031	102	20924	21031
15330452	1	228	8.342E-58	2	4613	5512	103	207	0.956	1.934E-58	8	109	220	4613	4918	306	4565	4918
15330452	1	228	8.342E-58	2	4613	5512	115	73	0.647	2.733E-12	163	217	220	5348	5512	165	5246	5515
15341653	1	209	4.374E-52	1	4613	4918	103	209	0.961	7.493E-59	8	109	175	4613	4918	306	4565	4918
15343678	1	403	1.742E-110	3	4613	5497	103	218	1.000	2.780E-62	8	109	219	4613	4918	306	4565	4918
15343678	1	403	1.742E-110	3	4613	5497	112	110	0.863	1.552E-25	107	166	219	5118	5297	180	5118	5324
15343678	1	403	1.742E-110	3	4613	5497	115	80	0.762	9.069E-15	163	212	219	5348	5497	150	5246	5515
15344252	1	421	6.645E-116	3	4613	5509	103	224	1.000	3.334E-64	8	109	219	4613	4918	306	4565	4918
15344252	1	421	6.645E-116	3	4613	5509	112	103	0.812	4.676E-23	107	166	219	5118	5297	180	5118	5324
15344252	1	421	6.645E-116	3	4613	5509	115	99	0.863	2.237E-21	163	216	219	5348	5509	162	5246	5515
15376052	1	218	8.542E-55	1	4607	4915	103	218	0.994	2.780E-62	0	102	103	4607	4915	309	4565	4918
15406955	1	399	2.787E-109	3	4613	5497	103	220	1.000	7.855E-63	8	109	219	4613	4918	306	4565	4918
15406955	1	399	2.787E-109	3	4613	5497	112	109	0.883	2.926E-25	107	164	219	5118	5291	174	5118	5324
15406955	1	399	2.787E-109	3	4613	5497	115	73	0.698	3.754E-12	163	212	219	5348	5497	150	5246	5515
15439931	1	183	2.935E-44	1	966	1757	34	183	0.398	3.651E-44	12	276	292	966	1757	792	483	2057
15451783	-1	136	4.131E-30	1	26033	26527	1292	136	0.447	5.101E-32	76	242	266	-26527	-26033	495	26656	26015
15492286	1	405	4.355E-111	3	4613	5506	103	217	0.996	9.839E-62	8	109	220	4613	4918	306	4565	4918
15492286	1	405	4.355E-111	3	4613	5506	112	107	0.841	1.961E-24	107	166	220	5118	5297	180	5118	5324
15492286	1	405	4.355E-111	3	4613	5506	115	86	0.770	1.071E-16	163	215	220	5348	5506	159	5246	5515
15498254	-1	371	7.481E-101	3	23658	25993	1302	154	0.498	1.104E-38	256	419	880	-25993	-25508	486	26011	25487
15498254	-1	371	7.481E-101	3	23658	25993	1323	34	0.356	2.807E+01	497	549	880	-24622	-24464	159	24643	24458
15498254	-1	371	7.481E-101	3	23658	25993	1337	259	0.542	7.049E-73	549	790	880	-24407	-23658	750	24476	23595
15524098	1	404	8.709E-111	3	4613	5506	103	220	1.000	5.727E-63	8	109	220	4613	4918	306	4565	4918
15524098	1	404	8.709E-111	3	4613	5506	112	104	0.818	2.480E-23	107	166	220	5118	5297	180	5118	5324
15524098	1	404	8.709E-111	3	4613	5506	115	85	0.763	2.019E-16	163	215	220	5348	5506	159	5246	5515
15564838	-1	768	2.318E-220	5	23323	26494	1292	147	0.504	1.085E-35	147	300	925	-26494	-26033	462	26656	26015
15564838	-1	768	2.318E-220	5	23323	26494	1302	178	0.562	4.992E-47	294	456	925	-25993	-25508	486	26011	25487
15564838	-1	768	2.318E-220	5	23323	26494	1304	67	0.522	2.114E-10	457	521	925	-25444	-25250	195	25456	25235
15564838	-1	768	2.318E-220	5	23323	26494	1337	282	0.531	4.654E-81	558	837	925	-24467	-23652	816	24476	23595
15564838	-1	768	2.318E-220	5	23323	26494	1341	132	0.730	6.876E-33	837	924	925	-23586	-23323	264	23598	23323
15565150	-1	520	1.048E-145	5	23323	26506	1292	176	0.567	8.915E-46	122	281	906	-26506	-26027	480	26656	26015
15565150	-1	520	1.048E-145	5	23323	26506	1304	64	0.492	1.958E-09	437	503	906	-25444	-25244	201	25456	25235
15565150	-1	520	1.048E-145	5	23323	26506	1323	53	0.508	6.010E-06	514	566	906	-24622	-24464	159	24643	24458
15565150	-1	520	1.048E-145	5	23323	26506	1337	261	0.545	1.468E-73	569	818	906	-24389	-23652	738	24476	23595
15565150	-1	520	1.048E-145	5	23323	26506	1341	128	0.711	1.630E-31	818	905	906	-23586	-23323	264	23598	23323
15589097	1	408	5.443E-112	3	4613	5506	103	218	0.999	5.230E-62	8	109	219	4613	4918	306	4565	4918
15589097	1	408	5.443E-112	3	4613	5506	112	107	0.841	1.961E-24	107	166	219	5118	5297	180	5118	5324
15589097	1	408	5.443E-112	3	4613	5506	115	88	0.786	2.195E-17	163	215	219	5348	5506	159	5246	5515
15617444	1	383	1.826E-104	3	4613	5506	103	218	1.000	2.780E-62	8	109	221	4613	4918	306	4565	4918
15617444	1	383	1.826E-104	3	4613	5506	112	98	0.737	2.105E-21	107	170	221	5118	5309	192	5118	5324
15617444	1	383	1.826E-104	3	4613	5506	115	76	0.693	2.162E-13	163	215	221	5348	5506	159	5246	5515
15619357	1	231	1.043E-58	2	4613	5491	103	213	0.979	2.318E-60	8	109	216	4613	4918	306	4565	4918
15619357	1	231	1.043E-58	2	4613	5491	115	70	0.695	4.748E-11	163	210	216	5348	5491	144	5246	5515
15655609	1	179	4.696E-43	1	1533	2051	34	179	0.538	1.337E-42	14	186	207	1533	2051	519	483	2057
15656994	1	53	3.995E-05	1	13665	13820	319	53	0.513	1.209E-05	24	75	76	13665	13820	156	13611	13820
15657309	1	276	2.964E-72	1	906	2051	34	276	0.413	2.584E-75	3	384	403	906	2051	1146	483	2057
15676502	1	301	8.832E-80	2	4613	5318	103	209	0.961	7.493E-59	8	109	221	4613	4918	306	4565	4918
15676502	1	301	8.832E-80	2	4613	5318	112	94	0.661	3.660E-20	107	176	221	5118	5318	201	5118	5324
15761451	1	424	8.306E-117	3	4613	5512	103	220	1.000	5.727E-63	8	109	218	4613	4918	306	4565	4918
15761451	1	424	8.306E-117	3	4613	5512	112	106	0.771	2.693E-24	107	170	218	5118	5315	198	5118	5324
15761451	1	424	8.306E-117	3	4613	5512	115	107	0.908	5.435E-24	163	217	218	5348	5512	165	5246	5515
15778031	1	405	4.355E-111	3	4613	5506	103	214	0.986	6.551E-61	27	128	238	4613	4918	306	4565	4918
15778031	1	405	4.355E-111	3	4613	5506	112	105	0.829	6.974E-24	126	185	238	5118	5297	180	5118	5324
15778031	1	405	4.355E-111	3	4613	5506	115	91	0.811	1.738E-18	182	234	238	5348	5506	159	5246	5515
15779094	1	190	2.293E-46	2	5118	5497	112	105	0.829	6.974E-24	72	131	180	5118	5297	180	5118	5324
15779094	1	190	2.293E-46	2	5118	5497	115	88	0.827	2.195E-17	128	177	180	5348	5497	150	5246	5515
19181737	1	173	3.006E-41	2	5118	5470	112	105	0.829	6.974E-24	88	147	185	5118	5297	180	5118	5324
19181737	1	173	3.006E-41	2	5118	5470	115	71	0.809	1.833E-11	144	184	185	5348	5470	123	5246	5515
20452487	1	322	4.212E-86	2	4613	5297	103	219	1.000	2.027E-62	15	116	195	4613	4918	306	4565	4918
20452487	1	322	4.212E-86	2	4613	5297	112	105	0.829	6.974E-24	114	173	195	5118	5297	180	5118	5324
21541517	1	333	2.056E-89	1	597	2042	34	333	0.400	1.101E-94	268	746	757	597	2042	1446	483	2057
22005425	1	273	2.371E-71	1	1044	2051	34	273	0.446	4.149E-74	294	632	652	1044	2051	1008	483	2057
22543603	1	373	1.870E-101	3	4613	5497	103	209	0.961	7.493E-59	8	109	213	4613	4918	306	4565	4918
22543603	1	373	1.870E-101	3	4613	5497	112	95	0.782	1.940E-20	107	164	213	5118	5291	174	5118	5324
22543603	1	373	1.870E-101	3	4613	5497	115	72	0.688	9.721E-12	163	212	213	5348	5497	150	5246	5515
22835096	1	306	2.760E-81	1	816	2051	34	306	0.421	1.606E-85	356	768	788	816	2051	1236	483	2057
23676522	1	99	5.677E-19	1	5118	5297	112	99	0.784	1.116E-21	21	80	113	5118	5297	180	5118	5324
23706581	1	419	2.658E-115	3	4613	5509	103	222	1.000	2.220E-63	8	109	218	4613	4918	306	4565	4918
23706581	1	419	2.658E-115	3	4613	5509	112	106	0.771	2.693E-24	107	170	218	5118	5315	198	5118	5324
23706581	1	419	2.658E-115	3	4613	5509	115	100	0.867	1.629E-21	163	216	218	5348	5509	162	5246	5515
24510959	-1	287	1.447E-75	5	23323	26506	1292	130	0.446	1.040E-29	129	287	915	-26506	-26033	474	26656	26015
24510959	-1	287	1.447E-75	5	23323	26506	1302	171	0.543	7.722E-45	280	443	915	-25996	-25508	489	26011	25487
24510959	-1	287	1.447E-75	5	23323	26506	1304	73	0.554	1.796E-12	444	509	915	-25444	-25247	198	25456	25235
24510959	-1	287	1.447E-75	5	23323	26506	1323	46	0.455	2.595E-03	522	573	915	-24622	-24467	156	24643	24458
24510959	-1	287	1.447E-75	5	23323	26506	1341	134	0.740	1.413E-33	827	914	915	-23586	-23323	264	23598	23323
24737789	1	284	1.158E-74	1	693	1937	34	284	0.396	7.323E-78	35	448	591	693	1937	1245	483	2057
25249534	1	405	4.355E-111	3	4613	5506	103	214	0.986	6.551E-61	8	109	219	4613	4918	306	4565	4918
25249534	1	405	4.355E-111	3	4613	5506	112	105	0.827	9.576E-24	107	166	219	5118	5297	180	5118	5324
25249534	1	405	4.355E-111	3	4613	5506	115	91	0.814	1.266E-18	163	215	219	5348	5506	159	5246	5515
25599542	1	322	4.212E-86	1	597	2048	34	322	0.388	4.825E-91	214	700	721	597	2048	1452	483	2057
25614598	1	274	1.185E-71	1	1020	2051	34	274	0.441	8.876E-75	22	368	388	1020	2051	1032	483	2057
25869380	1	205	6.998E-51	1	4598	4918	103	205	0.909	9.387E-58	7	113	208	4598	4918	321	4565	4918
25882202	1	314	1.078E-83	1	597	1916	34	314	0.409	3.259E-88	119	556	570	597	1916	1320	483	2057
26737578	-1	520	1.048E-145	4	23323	25996	1302	158	0.508	4.738E-40	242	405	869	-25996	-25508	489	26011	25487
26737578	-1	520	1.048E-145	4	23323	25996	1304	63	0.488	6.990E-09	408	473	869	-25438	-25241	198	25456	25235
26737578	-1	520	1.048E-145	4	23323	25996	1337	205	0.422	3.065E-54	509	781	869	-24467	-23652	816	24476	23595
26737578	-1	520	1.048E-145	4	23323	25996	1341	128	0.709	2.237E-31	781	868	869	-23586	-23323	264	23598	23323
27094364	1	359	3.064E-97	1	597	2051	34	359	0.421	9.780E-104	119	601	619	597	2051	1455	483	2057
27384408	-1	372	3.741E-101	4	23637	26503	1292	104	0.376	6.579E-21	90	249	932	-26503	-26024	480	26656	26015
27384408	-1	372	3.741E-101	4	23637	26503	1302	149	0.498	3.523E-37	245	403	932	-25978	-25508	471	26011	25487
27384408	-1	372	3.741E-101	4	23637	26503	1323	39	0.394	5.982E-01	550	602	932	-24622	-24464	159	24643	24458
27384408	-1	372	3.741E-101	4	23637	26503	1337	233	0.503	6.850E-64	609	853	932	-24377	-23637	741	24476	23595
28129876	-1	475	3.689E-132	4	23323	25987	1302	155	0.508	4.294E-39	241	401	865	-25987	-25505	483	26011	25487
28129876	-1	475	3.689E-132	4	23323	25987	1304	70	0.562	2.283E-11	404	465	865	-25435	-25250	186	25456	25235
28129876	-1	475	3.689E-132	4	23323	25987	1337	196	0.443	4.050E-51	537	777	865	-24383	-23652	732	24476	23595
28129876	-1	475	3.689E-132	4	23323	25987	1341	124	0.692	3.865E-30	777	864	865	-23586	-23323	264	23598	23323
28428954	-1	698	2.736E-199	5	23323	26527	1292	138	0.445	1.459E-32	56	225	851	-26527	-26033	495	26656	26015
28428954	-1	698	2.736E-199	5	23323	26527	1302	169	0.536	3.731E-44	218	382	851	-25990	-25508	483	26011	25487
28428954	-1	698	2.736E-199	5	23323	26527	1304	63	0.494	6.990E-09	383	447	851	-25444	-25250	195	25456	25235
28428954	-1	698	2.736E-199	5	23323	26527	1337	269	0.562	2.758E-76	516	763	851	-24386	-23652	735	24476	23595
28428954	-1	698	2.736E-199	5	23323	26527	1341	130	0.721	3.348E-32	763	850	851	-23586	-23323	264	23598	23323
28901769	1	225	6.674E-57	3	20439	21028	475	144	0.676	2.667E-34	68	172	221	20439	20744	306	20433	21131
28901769	1	225	6.674E-57	3	20439	21028	471	34	0.697	7.328E+00	163	184	221	20791	20856	66	20782	20856
28901769	1	225	6.674E-57	3	20439	21028	473	55	0.771	5.963E-07	185	217	221	20930	21028	99	20924	21031
29066275	1	400	1.394E-109	3	4613	5506	103	216	0.992	1.851E-61	8	109	219	4613	4918	306	4565	4918
29066275	1	400	1.394E-109	3	4613	5506	112	104	0.821	1.806E-23	107	166	219	5118	5297	180	5118	5324
29066275	1	400	1.394E-109	3	4613	5506	115	85	0.760	2.772E-16	163	215	219	5348	5506	159	5246	5515
29365296	1	158	9.848E-37	3	20057	20856	456	35	0.751	7.113E+00	17	37	231	20057	20119	63	20000	20122
29365296	1	158	9.848E-37	3	20057	20856	475	130	0.646	1.478E-29	70	169	231	20439	20738	300	20433	21131
29365296	1	158	9.848E-37	3	20057	20856	471	31	0.642	6.959E+01	162	183	231	20791	20856	66	20782	20856
29513841	1	187	1.834E-45	2	20436	20856	475	151	0.752	1.312E-36	72	168	227	20436	20726	291	20433	21131
29513841	1	187	1.834E-45	2	20436	20856	471	35	0.721	2.796E+00	169	190	227	20791	20856	66	20782	20856
29514432	1	179	4.696E-43	3	20027	20856	456	38	0.649	7.480E-01	6	32	225	20027	20104	78	20000	20122
29514432	1	179	4.696E-43	3	20027	20856	475	139	0.704	8.282E-33	70	166	225	20436	20726	291	20433	21131
29514432	1	179	4.696E-43	3	20027	20856	471	37	0.768	4.079E-01	167	188	225	20791	20856	66	20782	20856
29551615	1	173	3.006E-41	2	20439	21028	475	140	0.712	6.061E-33	79	173	251	20439	20726	288	20433	21131
29551615	1	173	3.006E-41	2	20439	21028	473	54	0.760	1.129E-06	196	228	251	20930	21028	99	20924	21031
29702306	1	177	1.878E-42	3	20045	21028	456	40	0.907	7.897E-02	15	34	227	20045	20104	60	20000	20122
29702306	1	177	1.878E-42	3	20045	21028	475	141	0.715	3.246E-33	74	168	227	20439	20726	288	20433	21131
29702306	1	177	1.878E-42	3	20045	21028	473	55	0.781	3.150E-07	191	223	227	20930	21028	99	20924	21031
29831312	1	178	9.392E-43	2	20439	21031	475	132	0.652	4.248E-30	29	128	260	20439	20738	300	20433	21131
29831312	1	178	9.392E-43	2	20439	21031	473	59	0.811	1.297E-08	143	176	260	20930	21031	102	20924	21031
29847023	1	394	8.918E-108	3	4613	5497	103	218	1.000	3.813E-62	8	109	219	4613	4918	306	4565	4918
29847023	1	394	8.918E-108	3	4613	5497	112	104	0.821	1.806E-23	107	166	219	5118	5297	180	5118	5324
29847023	1	394	8.918E-108	3	4613	5497	115	77	0.735	1.146E-13	163	212	219	5348	5497	150	5246	5515
29868010	1	414	8.505E-114	3	4613	5509	103	220	1.000	1.077E-62	8	109	219	4613	4918	306	4565	4918
29868010	1	414	8.505E-114	3	4613	5509	112	105	0.829	6.974E-24	107	166	219	5118	5297	180	5118	5324
29868010	1	414	8.505E-114	3	4613	5509	115	94	0.820	1.890E-19	163	216	219	5348	5509	162	5246	5515
29868534	1	237	1.629E-60	3	20439	21028	475	148	0.746	1.171E-35	49	143	203	20439	20726	288	20433	21131
29868534	1	237	1.629E-60	3	20439	21028	471	33	0.718	1.010E+01	145	165	203	20794	20856	63	20782	20856
29868534	1	237	1.629E-60	3	20439	21028	473	54	0.766	8.205E-07	166	198	203	20930	21028	99	20924	21031
29869147	1	165	7.694E-39	3	20027	20856	456	40	0.716	7.897E-02	3	28	224	20027	20104	78	20000	20122
29869147	1	165	7.694E-39	3	20027	20856	475	139	0.655	1.546E-32	69	173	224	20439	20744	306	20433	21131
29869147	1	165	7.694E-39	3	20027	20856	471	34	0.713	3.855E+00	164	185	224	20791	20856	66	20782	20856
29883575	1	318	6.739E-85	1	600	2051	34	318	0.386	1.465E-89	65	547	567	600	2051	1452	483	2057
29891430	1	87	2.325E-15	1	5348	5512	115	87	0.755	4.137E-17	49	103	106	5348	5512	165	5246	5515
29894716	1	403	1.742E-110	3	4613	5506	103	214	0.986	6.551E-61	8	109	219	4613	4918	306	4565	4918
29894716	1	403	1.742E-110	3	4613	5506	112	105	0.827	9.576E-24	107	166	219	5118	5297	180	5118	5324
29894716	1	403	1.742E-110	3	4613	5506	115	89	0.798	6.176E-18	163	215	219	5348	5506	159	5246	5515
29947586	1	327	1.316E-87	2	4613	5291	103	220	1.000	7.855E-63	8	109	219	4613	4918	306	4565	4918
29947586	1	327	1.316E-87	2	4613	5291	112	109	0.883	2.926E-25	107	164	219	5118	5291	174	5118	5324
29961300	-1	697	5.473E-199	5	23323	26536	1292	140	0.445	2.229E-33	53	225	851	-26536	-26033	504	26656	26015
29961300	-1	697	5.473E-199	5	23323	26536	1302	169	0.535	5.113E-44	218	382	851	-25990	-25508	483	26011	25487
29961300	-1	697	5.473E-199	5	23323	26536	1304	63	0.499	3.700E-09	383	447	851	-25444	-25250	195	25456	25235
29961300	-1	697	5.473E-199	5	23323	26536	1337	268	0.561	3.775E-76	516	763	851	-24386	-23652	735	24476	23595
29961300	-1	697	5.473E-199	5	23323	26536	1341	128	0.711	1.630E-31	763	850	851	-23586	-23323	264	23598	23323
29992557	1	409	2.722E-112	3	4613	5509	103	216	0.992	1.851E-61	8	109	219	4613	4918	306	4565	4918
29992557	1	409	2.722E-112	3	4613	5509	112	105	0.829	6.974E-24	107	166	219	5118	5297	180	5118	5324
29992557	1	409	2.722E-112	3	4613	5509	115	93	0.810	4.891E-19	163	216	219	5348	5509	162	5246	5515
30128930	1	217	1.708E-54	1	4607	4915	103	217	0.989	7.173E-62	0	102	103	4607	4915	309	4565	4918
30148140	1	218	8.542E-55	1	4607	4915	103	218	0.994	2.780E-62	0	102	103	4607	4915	309	4565	4918
30161134	1	410	1.361E-112	3	4613	5509	103	218	1.000	2.780E-62	8	109	219	4613	4918	306	4565	4918
30161134	1	410	1.361E-112	3	4613	5509	112	105	0.827	9.576E-24	107	166	219	5118	5297	180	5118	5324
30161134	1	410	1.361E-112	3	4613	5509	115	92	0.807	6.715E-19	163	216	219	5348	5509	162	5246	5515
30196534	1	135	8.261E-30	1	1689	2051	34	135	0.569	2.416E-28	28	148	169	1689	2051	363	483	2057
30197877	1	139	5.163E-31	1	1650	2051	34	139	0.538	9.769E-30	29	162	236	1650	2051	402	483	2057
30199411	1	185	7.338E-45	1	1527	2051	34	185	0.549	1.097E-44	1	175	196	1527	2051	525	483	2057
30231883	-1	292	4.522E-77	2	23652	25978	1302	169	0.558	7.006E-44	140	295	746	-25978	-25514	465	26011	25487
30231883	-1	292	4.522E-77	2	23652	25978	1337	256	0.541	4.631E-72	430	677	746	-24386	-23652	735	24476	23595
30232343	-1	291	9.044E-77	2	23652	25978	1302	168	0.557	9.600E-44	140	295	746	-25978	-25514	465	26011	25487
30232343	-1	291	9.044E-77	2	23652	25978	1337	256	0.541	4.631E-72	430	677	746	-24386	-23652	735	24476	23595
30282463	1	218	8.542E-55	1	4607	4915	103	218	0.992	3.813E-62	0	102	103	4607	4915	309	4565	4918
30305715	1	391	7.135E-107	3	4613	5500	103	216	0.992	1.851E-61	8	109	219	4613	4918	306	4565	4918
30305715	1	391	7.135E-107	3	4613	5500	112	101	0.801	1.663E-22	107	166	219	5118	5297	180	5118	5324
30305715	1	391	7.135E-107	3	4613	5500	115	79	0.740	2.348E-14	163	213	219	5348	5500	153	5246	5515
30343383	1	138	1.033E-30	1	1512	1970	34	138	0.479	2.346E-29	21	174	211	1512	1970	459	483	2057
30344071	1	425	4.153E-117	3	4613	5509	103	222	1.000	2.220E-63	36	137	246	4613	4918	306	4565	4918
30344071	1	425	4.153E-117	3	4613	5509	112	109	0.789	2.926E-25	135	198	246	5118	5315	198	5118	5324
30344071	1	425	4.153E-117	3	4613	5509	115	103	0.895	9.409E-23	191	244	246	5348	5509	162	5246	5515
30362584	-1	706	1.069E-201	5	23323	25978	1302	184	0.594	3.224E-49	272	429	898	-25978	-25508	471	26011	25487
30362584	-1	706	1.069E-201	5	23323	25978	1304	66	0.508	2.905E-10	430	496	898	-25444	-25244	201	25456	25235
30362584	-1	706	1.069E-201	5	23323	25978	1323	54	0.515	3.175E-06	507	559	898	-24622	-24464	159	24643	24458
30362584	-1	706	1.069E-201	5	23323	25978	1337	276	0.575	7.079E-79	563	810	898	-24386	-23652	735	24476	23595
30362584	-1	706	1.069E-201	5	23323	25978	1341	134	0.740	1.413E-33	810	897	898	-23586	-23323	264	23598	23323
31049851	1	224	1.335E-56	1	1149	2051	34	224	0.420	1.391E-57	3	303	323	1149	2051	903	483	2057
37101944	1	172	6.011E-41	3	20045	21028	456	36	0.666	2.708E+00	14	38	225	20045	20119	75	20000	20122
37101944	1	172	6.011E-41	3	20045	21028	475	137	0.693	5.390E-32	72	167	225	20436	20726	291	20433	21131
37101944	1	172	6.011E-41	3	20045	21028	473	52	0.740	4.050E-06	190	222	225	20930	21028	99	20924	21031
37179346	1	306	2.760E-81	1	597	1856	34	306	0.413	1.606E-85	266	688	691	597	1856	1260	483	2057
37196641	1	402	3.484E-110	3	4613	5506	103	215	0.988	4.776E-61	8	109	220	4613	4918	306	4565	4918
37196641	1	402	3.484E-110	3	4613	5506	112	99	0.787	8.125E-22	107	166	220	5118	5297	180	5118	5324
37196641	1	402	3.484E-110	3	4613	5506	115	93	0.830	2.595E-19	163	215	220	5348	5506	159	5246	5515
37851167	1	413	1.701E-113	3	4613	5509	103	220	1.000	7.855E-63	8	109	219	4613	4918	306	4565	4918
37851167	1	413	1.701E-113	3	4613	5509	112	105	0.829	6.974E-24	107	166	219	5118	5297	180	5118	5324
37851167	1	413	1.701E-113	3	4613	5509	115	93	0.810	4.891E-19	163	216	219	5348	5509	162	5246	5515
38017401	1	223	2.669E-56	3	20439	21028	475	136	0.696	1.006E-31	80	174	252	20439	20726	288	20433	21131
38017401	1	223	2.669E-56	3	20439	21028	471	34	0.726	7.328E+00	176	196	252	20794	20856	63	20782	20856
38017401	1	223	2.669E-56	3	20439	21028	473	51	0.724	1.056E-05	197	229	252	20930	21028	99	20924	21031
38179210	1	404	8.709E-111	3	4613	5509	103	218	1.000	2.780E-62	8	109	219	4613	4918	306	4565	4918
38179210	1	404	8.709E-111	3	4613	5509	112	106	0.766	5.078E-24	107	170	219	5118	5315	198	5118	5324
38179210	1	404	8.709E-111	3	4613	5509	115	89	0.782	8.479E-18	163	216	219	5348	5509	162	5246	5515
39325057	1	398	5.574E-109	3	4613	5509	103	218	0.999	5.230E-62	8	109	219	4613	4918	306	4565	4918
39325057	1	398	5.574E-109	3	4613	5509	112	104	0.756	1.806E-23	107	170	219	5118	5315	198	5118	5324
39325057	1	398	5.574E-109	3	4613	5509	115	85	0.748	2.772E-16	163	216	219	5348	5509	162	5246	5515
39616391	-1	693	8.756E-198	5	23323	26551	1292	132	0.412	1.165E-30	53	233	856	-26551	-26027	525	26656	26015
39616391	-1	693	8.756E-198	5	23323	26551	1302	166	0.552	4.638E-43	230	385	856	-25978	-25514	465	26011	25487
39616391	-1	693	8.756E-198	5	23323	26551	1304	66	0.501	2.905E-10	388	455	856	-25444	-25241	204	25456	25235
39616391	-1	693	8.756E-198	5	23323	26551	1337	272	0.567	2.238E-77	521	768	856	-24386	-23652	735	24476	23595
39616391	-1	693	8.756E-198	5	23323	26551	1341	123	0.687	9.991E-30	768	855	856	-23586	-23323	264	23598	23323
39742878	1	358	6.129E-97	1	597	2051	34	358	0.420	3.398E-103	450	931	945	597	2051	1455	483	2057
40014092	1	301	8.832E-80	1	597	1541	34	301	0.510	6.606E-84	289	603	605	597	1541	945	483	2057
40688919	1	180	2.348E-43	3	20048	21028	456	41	0.969	4.157E-02	16	34	228	20048	20104	57	20000	20122
40688919	1	180	2.348E-43	3	20048	21028	475	146	0.738	5.590E-35	75	169	228	20439	20726	288	20433	21131
40688919	1	180	2.348E-43	3	20048	21028	473	53	0.750	2.138E-06	192	224	228	20930	21028	99	20924	21031
41525203	-1	579	1.819E-163	4	23323	26470	1292	151	0.530	3.450E-37	91	239	861	-26470	-26027	444	26656	26015
41525203	-1	579	1.819E-163	4	23323	26470	1302	163	0.526	7.898E-42	236	397	861	-25978	-25508	471	26011	25487
41525203	-1	579	1.819E-163	4	23323	26470	1337	246	0.497	1.178E-68	508	773	861	-24431	-23652	780	24476	23595
41525203	-1	579	1.819E-163	4	23323	26470	1341	130	0.717	6.305E-32	773	860	861	-23586	-23323	264	23598	23323
41690052	-1	414	8.505E-114	3	23652	25978	1302	153	0.507	2.839E-38	278	436	901	-25978	-25508	471	26011	25487
41690052	-1	414	8.505E-114	3	23652	25978	1304	63	0.477	6.990E-09	437	504	901	-25444	-25241	204	25456	25235
41690052	-1	414	8.505E-114	3	23652	25978	1337	261	0.552	1.468E-73	570	813	901	-24389	-23652	738	24476	23595
42058423	1	139	5.163E-31	1	597	1211	34	139	0.391	7.294E-30	66	270	309	597	1211	615	483	2057
42090989	-1	428	5.191E-118	3	23652	26539	1292	119	0.395	3.498E-26	94	265	881	-26539	-26033	507	26656	26015
42090989	-1	428	5.191E-118	3	23652	26539	1302	171	0.545	1.058E-44	259	421	881	-25993	-25508	486	26011	25487
42090989	-1	428	5.191E-118	3	23652	26539	1337	274	0.575	3.402E-78	553	793	881	-24389	-23652	738	24476	23595
42205299	1	412	3.402E-113	3	4613	5509	103	218	1.000	2.780E-62	8	109	219	4613	4918	306	4565	4918
42205299	1	412	3.402E-113	3	4613	5509	112	105	0.829	6.974E-24	107	166	219	5118	5297	180	5118	5324
42205299	1	412	3.402E-113	3	4613	5509	115	94	0.820	1.890E-19	163	216	219	5348	5509	162	5246	5515
42432510	-1	390	1.427E-106	3	23323	25993	1302	158	0.505	2.524E-40	119	284	742	-25993	-25502	492	26011	25487
42432510	-1	390	1.427E-106	3	23323	25993	1337	239	0.518	6.226E-66	416	654	742	-24383	-23652	732	24476	23595
42432510	-1	390	1.427E-106	3	23323	25993	1341	126	0.680	1.089E-30	651	741	742	-23595	-23323	273	23598	23323
42548361	1	410	1.361E-112	3	4613	5509	103	218	1.000	2.780E-62	8	109	219	4613	4918	306	4565	4918
42548361	1	410	1.361E-112	3	4613	5509	112	108	0.852	5.516E-25	107	166	219	5118	5297	180	5118	5324
42548361	1	410	1.361E-112	3	4613	5509	115	89	0.785	6.176E-18	163	216	219	5348	5509	162	5246	5515
42653199	1	329	3.290E-88	2	4613	5297	103	222	1.000	2.220E-63	8	109	169	4613	4918	306	4565	4918
42653199	1	329	3.290E-88	2	4613	5297	112	109	0.857	2.926E-25	107	166	169	5118	5297	180	5118	5324
43634545	1	405	4.355E-111	3	4613	5506	103	219	1.000	2.027E-62	8	109	219	4613	4918	306	4565	4918
43634545	1	405	4.355E-111	3	4613	5506	112	105	0.829	6.974E-24	107	166	219	5118	5297	180	5118	5324
43634545	1	405	4.355E-111	3	4613	5506	115	86	0.770	1.071E-16	163	215	219	5348	5506	159	5246	5515
43839540	1	177	1.878E-42	2	20439	21031	475	134	0.661	8.935E-31	72	171	235	20439	20738	300	20433	21131
43839540	1	177	1.878E-42	2	20439	21031	473	56	0.766	2.289E-07	186	219	235	20930	21031	102	20924	21031
43839754	1	125	8.460E-27	1	20439	20672	475	125	0.770	8.479E-28	45	122	123	20439	20672	234	20433	21131
44268543	1	161	1.231E-37	2	20439	21028	475	131	0.673	5.803E-30	78	172	254	20439	20726	288	20433	21131
44268543	1	161	1.231E-37	2	20439	21028	473	51	0.724	1.056E-05	195	227	254	20930	21028	99	20924	21031
44364242	1	175	7.514E-42	2	20439	21031	475	141	0.717	2.375E-33	79	173	233	20439	20726	288	20433	21131
44364242	1	175	7.514E-42	2	20439	21031	473	55	0.756	4.334E-07	196	229	233	20930	21031	102	20924	21031
44451333	1	410	1.361E-112	3	4613	5509	103	218	1.000	2.780E-62	18	119	229	4613	4918	306	4565	4918
44451333	1	410	1.361E-112	3	4613	5509	112	103	0.815	3.405E-23	117	176	229	5118	5297	180	5118	5324
44451333	1	410	1.361E-112	3	4613	5509	115	94	0.820	1.890E-19	173	226	229	5348	5509	162	5246	5515
44546846	1	237	1.629E-60	1	1074	2051	34	237	0.412	5.802E-62	125	451	471	1074	2051	978	483	2057
44573463	1	219	4.271E-55	1	4607	4915	103	219	0.997	1.478E-62	0	102	103	4607	4915	309	4565	4918
44595176	1	57	2.497E-06	1	13656	13811	319	57	0.549	3.633E-07	19	70	78	13656	13811	156	13611	13820
44601617	1	220	2.136E-55	1	4607	4915	103	220	1.000	5.727E-63	0	102	103	4607	4915	309	4565	4918
44668790	1	412	3.402E-113	3	4613	5515	103	218	0.999	5.230E-62	8	109	219	4613	4918	306	4565	4918
44668790	1	412	3.402E-113	3	4613	5515	112	105	0.827	9.576E-24	107	166	219	5118	5297	180	5118	5324
44668790	1	412	3.402E-113	3	4613	5515	115	94	0.794	1.890E-19	163	218	219	5348	5515	168	5246	5515
44687723	1	322	4.212E-86	1	597	2051	34	322	0.387	4.825E-91	310	798	819	597	2051	1455	483	2057
44705393	1	219	4.271E-55	1	4610	4915	103	219	1.000	2.027E-62	0	101	102	4610	4915	306	4565	4918
44714934	1	218	8.542E-55	1	4610	4915	103	218	0.999	5.230E-62	0	101	102	4610	4915	306	4565	4918
44741092	1	149	5.042E-34	1	1620	2051	34	149	0.539	4.765E-33	15	158	179	1620	2051	432	483	2057
44754644	-1	374	9.352E-102	3	23652	26440	1292	109	0.435	1.576E-22	165	301	923	-26440	-26033	408	26656	26015
44754644	-1	374	9.352E-102	3	23652	26440	1302	155	0.514	3.134E-39	300	458	923	-25978	-25508	471	26011	25487
44754644	-1	374	9.352E-102	3	23652	26440	1337	248	0.540	2.456E-69	597	835	923	-24374	-23652	723	24476	23595
44790648	1	282	4.631E-74	1	876	2051	34	282	0.412	1.850E-77	111	502	521	876	2051	1176	483	2057
44791221	1	423	1.661E-116	3	4613	5509	103	220	1.000	5.727E-63	8	109	218	4613	4918	306	4565	4918
44791221	1	423	1.661E-116	3	4613	5509	112	106	0.832	5.078E-24	107	166	218	5118	5297	180	5118	5324
44791221	1	423	1.661E-116	3	4613	5509	115	102	0.882	3.342E-22	163	216	218	5348	5509	162	5246	5515
44839125	-1	528	4.095E-148	4	23658	26506	1292	102	0.381	3.109E-20	104	257	882	-26506	-26048	459	26656	26015
44839125	-1	528	4.095E-148	4	23658	26506	1302	161	0.517	2.784E-41	256	419	882	-25993	-25508	486	26011	25487
44839125	-1	528	4.095E-148	4	23658	26506	1304	65	0.492	1.037E-09	420	487	882	-25444	-25241	204	25456	25235
44839125	-1	528	4.095E-148	4	23658	26506	1337	266	0.569	1.814E-75	556	792	882	-24383	-23658	726	24476	23595
44853548	-1	672	1.836E-191	5	23335	26506	1292	136	0.454	6.975E-32	61	223	844	-26506	-26033	474	26656	26015
44853548	-1	672	1.836E-191	5	23335	26506	1302	168	0.534	1.316E-43	216	379	844	-25990	-25508	483	26011	25487
44853548	-1	672	1.836E-191	5	23335	26506	1304	61	0.486	1.815E-08	380	444	844	-25444	-25250	195	25456	25235
44853548	-1	672	1.836E-191	5	23335	26506	1337	266	0.536	1.814E-75	513	772	844	-24386	-23604	783	24476	23595
44853548	-1	672	1.836E-191	5	23335	26506	1341	124	0.716	7.280E-30	760	843	844	-23586	-23335	252	23598	23323
44856226	1	405	4.355E-111	3	4613	5506	103	217	0.996	9.839E-62	8	109	220	4613	4918	306	4565	4918
44856226	1	405	4.355E-111	3	4613	5506	112	104	0.821	1.806E-23	107	166	220	5118	5297	180	5118	5324
44856226	1	405	4.355E-111	3	4613	5506	115	89	0.792	1.164E-17	163	215	220	5348	5506	159	5246	5515
44881089	-1	410	1.361E-112	3	23652	25978	1302	149	0.496	6.612E-37	282	440	905	-25978	-25508	471	26011	25487
44881089	-1	410	1.361E-112	3	23652	25978	1304	67	0.507	1.538E-10	441	508	905	-25444	-25241	204	25456	25235
44881089	-1	410	1.361E-112	3	23652	25978	1337	257	0.546	3.384E-72	574	817	905	-24389	-23652	738	24476	23595
44922627	1	161	1.231E-37	1	1500	2045	34	161	0.476	9.023E-37	0	181	191	1500	2045	546	483	2057
45640689	-1	52	7.990E-05	1	5121	5288	1775	52	0.475	6.115E-05	6	61	109	-5288	-5121	168	5375	5121
48390385	1	149	5.042E-34	1	1614	2051	34	149	0.530	8.584E-33	3	148	166	1614	2051	438	483	2057
50461695	1	322	4.212E-86	1	597	1997	34	322	0.400	4.825E-91	119	583	633	597	1997	1401	483	2057
50464648	1	286	2.894E-75	1	558	2036	34	286	0.353	8.421E-79	41	535	756	558	2036	1479	483	2057
50536624	-1	417	1.063E-114	3	23652	25993	1302	158	0.510	2.524E-40	273	436	900	-25993	-25508	486	26011	25487
50536624	-1	417	1.063E-114	3	23652	25993	1304	65	0.492	1.037E-09	437	504	900	-25444	-25241	204	25456	25235
50536624	-1	417	1.063E-114	3	23652	25993	1337	257	0.546	3.384E-72	570	812	900	-24389	-23652	738	24476	23595
50661860	1	208	8.747E-52	1	1386	2051	34	208	0.500	1.984E-52	12	233	250	1386	2051	666	483	2057
50690013	1	403	1.742E-110	3	4613	5506	103	215	0.988	4.776E-61	8	109	220	4613	4918	306	4565	4918
50690013	1	403	1.742E-110	3	4613	5506	112	100	0.790	5.916E-22	107	166	220	5118	5297	180	5118	5324
50690013	1	403	1.742E-110	3	4613	5506	115	93	0.824	4.891E-19	163	215	220	5348	5506	159	5246	5515
51807974	1	404	8.709E-111	3	4613	5506	103	221	1.000	3.044E-63	8	109	219	4613	4918	306	4565	4918
51807974	1	404	8.709E-111	3	4613	5506	112	108	0.800	1.040E-24	107	170	219	5118	5309	192	5118	5324
51807974	1	404	8.709E-111	3	4613	5506	115	84	0.754	5.227E-16	163	215	219	5348	5506	159	5246	5515
51958402	-1	289	3.618E-76	5	23323	26509	1292	125	0.432	3.236E-28	90	249	877	-26509	-26033	477	26656	26015
51958402	-1	289	3.618E-76	5	23323	26509	1302	174	0.550	8.509E-46	242	405	877	-25996	-25508	489	26011	25487
51958402	-1	289	3.618E-76	5	23323	26509	1304	72	0.549	3.391E-12	406	471	877	-25444	-25247	198	25456	25235
51958402	-1	289	3.618E-76	5	23323	26509	1323	51	0.501	5.613E-05	484	534	877	-24622	-24470	153	24643	24458
51958402	-1	289	3.618E-76	5	23323	26509	1341	135	0.742	1.029E-33	789	876	877	-23586	-23323	264	23598	23323
51993328	-1	263	2.428E-68	5	23323	26506	1292	120	0.420	2.560E-26	121	279	909	-26506	-26033	474	26656	26015
51993328	-1	263	2.428E-68	5	23323	26506	1302	166	0.525	4.638E-43	271	436	909	-25999	-25508	492	26011	25487
51993328	-1	263	2.428E-68	5	23323	26506	1304	59	0.471	1.225E-07	437	501	909	-25444	-25250	195	25456	25235
51993328	-1	263	2.428E-68	5	23323	26506	1323	50	0.457	7.724E-05	515	571	909	-24628	-24458	171	24643	24458
51993328	-1	263	2.428E-68	5	23323	26506	1341	133	0.732	5.011E-33	821	908	909	-23586	-23323	264	23598	23323
52032322	1	397	1.115E-108	3	4613	5506	103	216	0.992	1.851E-61	8	109	219	4613	4918	306	4565	4918
52032322	1	397	1.115E-108	3	4613	5506	112	102	0.810	6.422E-23	107	166	219	5118	5297	180	5118	5324
52032322	1	397	1.115E-108	3	4613	5506	115	84	0.754	5.227E-16	163	215	219	5348	5506	159	5246	5515
53287984	1	331	8.226E-89	1	516	2048	34	331	0.382	3.816E-94	370	867	898	516	2048	1533	483	2057
53332017	1	358	6.129E-97	1	597	2051	34	358	0.420	2.489E-103	445	927	946	597	2051	1455	483	2057
53866646	1	237	1.629E-60	1	1092	2051	34	237	0.416	3.145E-62	40	363	383	1092	2051	960	483	2057
54615302	-1	515	3.355E-144	4	23323	25978	1302	157	0.527	6.491E-40	322	477	947	-25978	-25514	465	26011	25487
54615302	-1	515	3.355E-144	4	23323	25978	1323	51	0.489	4.079E-05	557	609	947	-24622	-24464	159	24643	24458
54615302	-1	515	3.355E-144	4	23323	25978	1337	259	0.545	7.049E-73	612	859	947	-24389	-23652	738	24476	23595
54615302	-1	515	3.355E-144	4	23323	25978	1341	126	0.700	1.089E-30	859	946	947	-23586	-23323	264	23598	23323
54681011	1	303	2.208E-80	1	933	2051	34	303	0.448	1.914E-84	1	375	395	933	2051	1119	483	2057
54833898	1	272	4.742E-71	1	1020	2051	34	272	0.438	5.648E-74	46	392	412	1020	2051	1032	483	2057
54930951	1	256	3.108E-66	1	1029	2051	34	256	0.423	2.334E-68	0	340	357	1029	2051	1023	483	2057
54932299	1	284	1.158E-74	1	573	2051	34	284	0.352	7.323E-78	166	657	686	573	2051	1479	483	2057
55316542	1	399	2.787E-109	3	4613	5506	103	215	0.988	4.776E-61	8	109	220	4613	4918	306	4565	4918
55316542	1	399	2.787E-109	3	4613	5506	112	99	0.722	1.116E-21	107	170	220	5118	5315	198	5118	5324
55316542	1	399	2.787E-109	3	4613	5506	115	94	0.840	1.003E-19	163	215	220	5348	5506	159	5246	5515
55734324	1	385	4.566E-105	3	4613	5506	103	215	0.989	3.482E-61	8	109	221	4613	4918	306	4565	4918
55734324	1	385	4.566E-105	3	4613	5506	112	100	0.750	4.308E-22	107	170	221	5118	5309	192	5118	5324
55734324	1	385	4.566E-105	3	4613	5506	115	79	0.715	2.348E-14	163	215	221	5348	5506	159	5246	5515
56189103	1	411	6.804E-113	3	4613	5509	103	218	1.000	2.780E-62	32	133	243	4613	4918	306	4565	4918
56189103	1	411	6.804E-113	3	4613	5509	112	106	0.766	5.078E-24	131	194	243	5118	5315	198	5118	5324
56189103	1	411	6.804E-113	3	4613	5509	115	96	0.838	2.822E-20	187	240	243	5348	5509	162	5246	5515
56910656	1	348	6.276E-94	1	597	2051	34	348	0.411	8.139E-100	295	776	796	597	2051	1455	483	2057
56922180	-1	605	2.710E-171	4	23652	26506	1292	141	0.475	1.630E-33	31	189	811	-26506	-26033	474	26656	26015
56922180	-1	605	2.710E-171	4	23652	26506	1302	172	0.561	5.635E-45	188	345	811	-25978	-25508	471	26011	25487
56922180	-1	605	2.710E-171	4	23652	26506	1304	79	0.576	8.105E-15	346	414	811	-25444	-25238	207	25456	25235
56922180	-1	605	2.710E-171	4	23652	26506	1337	273	0.571	8.727E-78	477	723	811	-24389	-23652	738	24476	23595
57049501	1	316	2.695E-84	1	597	2051	34	316	0.384	6.912E-89	295	779	798	597	2051	1455	483	2057
57232566	-1	126	4.230E-27	1	25508	25951	1302	126	0.459	2.952E-29	7	155	158	-25951	-25508	444	26011	25487
57468018	1	200	2.239E-49	1	1092	1847	34	200	0.441	8.519E-50	5	255	259	1092	1847	756	483	2057
57638184	1	419	2.658E-115	3	4613	5509	103	218	1.000	3.813E-62	8	109	218	4613	4918	306	4565	4918
57638184	1	419	2.658E-115	3	4613	5509	112	109	0.855	4.017E-25	107	166	218	5118	5297	180	5118	5324
57638184	1	419	2.658E-115	3	4613	5509	115	97	0.845	1.498E-20	163	216	218	5348	5509	162	5246	5515
58058895	-1	655	2.407E-186	5	23323	26527	1292	117	0.398	2.273E-25	247	406	1023	-26527	-26027	501	26656	26015
58058895	-1	655	2.407E-186	5	23323	26527	1302	164	0.528	2.240E-42	398	560	1023	-25993	-25508	486	26011	25487
58058895	-1	655	2.407E-186	5	23323	26527	1304	68	0.544	8.144E-11	561	623	1023	-25444	-25256	189	25456	25235
58058895	-1	655	2.407E-186	5	23323	26527	1337	251	0.538	2.734E-70	694	935	1023	-24386	-23652	735	24476	23595
58058895	-1	655	2.407E-186	5	23323	26527	1341	129	0.713	1.188E-31	935	1022	1023	-23586	-23323	264	23598	23323
58377414	1	162	6.155E-38	3	20057	20856	456	34	0.743	9.817E+00	20	40	232	20057	20119	63	20000	20122
58377414	1	162	6.155E-38	3	20057	20856	475	132	0.652	4.248E-30	74	173	232	20439	20738	300	20433	21131
58377414	1	162	6.155E-38	3	20057	20856	471	34	0.743	3.855E+00	167	187	232	20794	20856	63	20782	20856
58383190	1	240	2.037E-61	3	20436	21028	475	149	0.745	4.584E-36	72	168	227	20436	20726	291	20433	21131
58383190	1	240	2.037E-61	3	20436	21028	471	38	0.776	2.961E-01	169	190	227	20791	20856	66	20782	20856
58383190	1	240	2.037E-61	3	20436	21028	473	51	0.729	7.671E-06	191	223	227	20930	21028	99	20924	21031
58576389	1	175	7.514E-42	3	20009	21028	456	40	0.585	7.897E-02	2	34	226	20009	20104	96	20000	20122
58576389	1	175	7.514E-42	3	20009	21028	475	143	0.725	4.981E-34	73	167	226	20439	20726	288	20433	21131
58576389	1	175	7.514E-42	3	20009	21028	473	50	0.714	2.001E-05	190	222	226	20930	21028	99	20924	21031
58621586	1	172	6.011E-41	2	20448	21028	475	140	0.731	6.061E-33	1	92	229	20448	20726	279	20433	21131
58621586	1	172	6.011E-41	2	20448	21028	473	53	0.750	2.138E-06	115	147	229	20930	21028	99	20924	21031
58955438	1	174	1.503E-41	2	5118	5512	112	102	0.807	8.819E-23	107	166	220	5118	5297	180	5118	5324
58955438	1	174	1.503E-41	2	5118	5512	115	75	0.663	5.597E-13	163	217	220	5348	5512	165	5246	5515
58985348	1	376	2.338E-102	3	4613	5500	103	214	0.983	1.232E-60	8	109	215	4613	4918	306	4565	4918
58985348	1	376	2.338E-102	3	4613	5500	112	95	0.759	1.940E-20	107	166	215	5118	5297	180	5118	5324
58985348	1	376	2.338E-102	3	4613	5500	115	72	0.677	9.721E-12	163	213	215	5348	5500	153	5246	5515
59000532	1	405	4.355E-111	3	4613	5506	103	216	0.991	2.539E-61	8	109	220	4613	4918	306	4565	4918
59000532	1	405	4.355E-111	3	4613	5506	112	107	0.841	1.961E-24	107	166	220	5118	5297	180	5118	5324
59000532	1	405	4.355E-111	3	4613	5506	115	87	0.776	5.681E-17	163	215	220	5348	5506	159	5246	5515
59001256	1	207	1.749E-51	1	4613	4918	103	207	0.956	1.934E-58	8	109	191	4613	4918	306	4565	4918
59005590	1	304	1.104E-80	2	4613	5318	103	207	0.955	2.652E-58	8	109	216	4613	4918	306	4565	4918
59005590	1	304	1.104E-80	2	4613	5318	112	99	0.687	1.116E-21	107	176	216	5118	5318	201	5118	5324
59029549	1	162	6.155E-38	1	1455	1997	34	162	0.479	3.704E-37	2	183	184	1455	1997	543	483	2057
59052824	-1	62	7.803E-08	1	25241	25444	1304	62	0.474	9.608E-09	38	105	126	-25444	-25241	204	25456	25235
59076004	1	219	4.271E-55	1	4607	4915	103	219	0.995	2.027E-62	0	102	103	4607	4915	309	4565	4918
59173782	1	54	1.998E-05	1	13659	13820	319	54	0.504	6.392E-06	26	79	81	13659	13820	162	13611	13820
59199745	-1	94	1.817E-17	1	4639	4836	1784	94	0.694	4.243E-20	16	81	82	-4836	-4639	198	4836	4621
59216508	1	49	6.392E-04	1	13659	13820	319	49	0.467	2.932E-04	25	78	79	13659	13820	162	13611	13820
59242229	1	152	6.303E-35	1	1599	2051	34	152	0.526	6.055E-34	16	165	229	1599	2051	453	483	2057
59280823	1	54	1.998E-05	1	13665	13805	319	54	0.567	4.648E-06	15	61	67	13665	13805	141	13611	13820
59281758	1	111	1.386E-22	1	1722	2051	34	111	0.524	7.873E-21	0	109	130	1722	2051	330	483	2057
59287340	1	191	1.147E-46	2	5118	5506	112	108	0.802	7.575E-25	6	69	118	5118	5309	192	5118	5324
59287340	1	191	1.147E-46	2	5118	5506	115	90	0.801	4.498E-18	62	114	118	5348	5506	159	5246	5515
59315355	-1	290	1.809E-76	2	23652	25978	1302	168	0.555	1.803E-43	140	295	746	-25978	-25514	465	26011	25487
59315355	-1	290	1.809E-76	2	23652	25978	1337	255	0.539	1.187E-71	430	677	746	-24386	-23652	735	24476	23595
59320800	1	388	5.708E-106	3	4613	5491	103	211	0.969	1.544E-59	8	109	220	4613	4918	306	4565	4918
59320800	1	388	5.708E-106	3	4613	5491	112	104	0.843	2.480E-23	107	164	220	5118	5291	174	5118	5324
59320800	1	388	5.708E-106	3	4613	5491	115	76	0.748	4.076E-13	163	210	220	5348	5491	144	5246	5515
59341618	1	379	2.922E-103	3	4613	5512	103	207	0.956	1.934E-58	8	109	220	4613	4918	306	4565	4918
59341618	1	379	2.922E-103	3	4613	5512	112	98	0.782	1.532E-21	107	166	220	5118	5297	180	5118	5324
59341618	1	379	2.922E-103	3	4613	5512	115	79	0.693	2.348E-14	163	217	220	5348	5512	165	5246	5515
59368909	-1	527	8.190E-148	4	23652	26494	1292	117	0.422	2.273E-25	70	222	845	-26494	-26033	462	26656	26015
59368909	-1	527	8.190E-148	4	23652	26494	1302	185	0.594	1.252E-49	221	379	845	-25978	-25505	474	26011	25487
59368909	-1	527	8.190E-148	4	23652	26494	1304	65	0.500	7.542E-10	380	446	845	-25441	-25241	201	25456	25235
59368909	-1	527	8.190E-148	4	23652	26494	1337	224	0.490	4.924E-61	513	757	845	-24389	-23652	738	24476	23595
59389132	-1	792	1.381E-227	5	23323	26521	1292	168	0.536	8.931E-43	91	253	877	-26521	-26033	489	26656	26015
59389132	-1	792	1.381E-227	5	23323	26521	1302	183	0.589	1.137E-48	252	409	877	-25978	-25508	471	26011	25487
59389132	-1	792	1.381E-227	5	23323	26521	1304	64	0.508	2.692E-09	410	473	877	-25444	-25253	192	25456	25235
59389132	-1	792	1.381E-227	5	23323	26521	1337	299	0.614	6.322E-87	542	789	877	-24389	-23652	738	24476	23595
59389132	-1	792	1.381E-227	5	23323	26521	1341	143	0.780	1.834E-36	789	876	877	-23586	-23323	264	23598	23323
59390364	1	217	1.708E-54	1	4607	4915	103	217	0.989	7.173E-62	0	102	103	4607	4915	309	4565	4918
59400757	1	208	8.747E-52	1	1023	2051	34	208	0.363	1.984E-52	2	316	335	1023	2051	1029	483	2057
59424147	1	125	8.460E-27	1	1638	2051	34	125	0.480	3.400E-25	29	167	190	1638	2051	414	483	2057
59451959	-1	695	2.189E-198	5	23323	26506	1292	134	0.444	4.559E-31	82	246	869	-26506	-26027	480	26656	26015
59451959	-1	695	2.189E-198	5	23323	26506	1302	170	0.557	1.987E-44	243	400	869	-25978	-25508	471	26011	25487
59451959	-1	695	2.189E-198	5	23323	26506	1304	67	0.504	2.114E-10	401	468	869	-25444	-25241	204	25456	25235
59451959	-1	695	2.189E-198	5	23323	26506	1337	263	0.553	2.234E-74	534	781	869	-24386	-23652	735	24476	23595
59451959	-1	695	2.189E-198	5	23323	26506	1341	125	0.696	2.052E-30	781	868	869	-23586	-23323	264	23598	23323
59463630	1	236	3.259E-60	3	20436	21028	475	144	0.724	1.951E-34	73	168	229	20436	20726	291	20433	21131
59463630	1	236	3.259E-60	3	20436	21028	471	33	0.710	1.393E+01	170	190	229	20794	20856	63	20782	20856
59463630	1	236	3.259E-60	3	20436	21028	473	57	0.797	1.209E-07	191	223	229	20930	21028	99	20924	21031
59466894	1	406	2.177E-111	3	4613	5506	103	214	0.986	6.551E-61	8	109	219	4613	4918	306	4565	4918
59466894	1	406	2.177E-111	3	4613	5506	112	105	0.829	6.974E-24	107	166	219	5118	5297	180	5118	5324
59466894	1	406	2.177E-111	3	4613	5506	115	92	0.817	9.220E-19	163	215	219	5348	5506	159	5246	5515
64656833	1	294	1.131E-77	2	4610	5297	103	203	0.929	8.573E-57	38	140	246	4610	4918	309	4565	4918
64656833	1	294	1.131E-77	2	4610	5297	112	93	0.742	1.302E-19	138	197	246	5118	5297	180	5118	5324
65271731	1	181	1.174E-43	3	20045	21028	456	42	0.933	3.016E-02	15	34	228	20045	20104	60	20000	20122
65271731	1	181	1.174E-43	3	20045	21028	475	146	0.738	5.590E-35	75	169	228	20439	20726	288	20433	21131
65271731	1	181	1.174E-43	3	20045	21028	473	53	0.750	2.138E-06	192	224	228	20930	21028	99	20924	21031
67056233	-1	850	4.793E-245	5	23652	26521	1292	192	0.599	3.091E-51	89	251	878	-26521	-26033	489	26656	26015
67056233	-1	850	4.793E-245	5	23652	26521	1302	191	0.608	1.518E-51	250	408	878	-25978	-25508	471	26011	25487
67056233	-1	850	4.793E-245	5	23652	26521	1304	79	0.578	1.530E-14	409	476	878	-25444	-25241	204	25456	25235
67056233	-1	850	4.793E-245	5	23652	26521	1323	66	0.607	3.077E-10	486	538	878	-24622	-24464	159	24643	24458
67056233	-1	850	4.793E-245	5	23652	26521	1337	329	0.665	3.639E-97	541	788	878	-24389	-23652	738	24476	23595
67079749	1	219	4.271E-55	1	966	1802	34	219	0.436	5.394E-56	31	310	314	966	1802	837	483	2057
67792890	1	394	8.918E-108	3	4613	5500	103	213	0.981	1.690E-60	8	109	219	4613	4918	306	4565	4918
67792890	1	394	8.918E-108	3	4613	5500	112	104	0.821	1.806E-23	107	166	219	5118	5297	180	5118	5324
67792890	1	394	8.918E-108	3	4613	5500	115	82	0.763	2.551E-15	163	213	219	5348	5500	153	5246	5515
68313418	1	177	1.878E-42	3	20027	21031	456	38	0.588	3.933E-01	9	39	229	20027	20119	93	20000	20122
68313418	1	177	1.878E-42	3	20027	21031	475	141	0.718	1.738E-33	76	170	229	20439	20726	288	20433	21131
68313418	1	177	1.878E-42	3	20027	21031	473	54	0.741	1.129E-06	193	226	229	20930	21031	102	20924	21031
68322751	1	215	6.834E-54	1	4613	4918	103	215	0.988	4.776E-61	8	109	110	4613	4918	306	4565	4918
68820419	1	360	1.532E-97	1	558	2051	34	360	0.413	7.163E-104	50	546	567	558	2051	1494	483	2057
68834457	-1	683	8.966E-195	5	23323	25978	1302	170	0.556	2.723E-44	243	400	869	-25978	-25508	471	26011	25487
68834457	-1	683	8.966E-195	5	23323	25978	1304	69	0.519	3.138E-11	401	468	869	-25444	-25241	204	25456	25235
68834457	-1	683	8.966E-195	5	23323	25978	1323	55	0.473	1.678E-06	471	530	869	-24643	-24464	180	24643	24458
68834457	-1	683	8.966E-195	5	23323	25978	1337	265	0.555	6.365E-75	534	781	869	-24386	-23652	735	24476	23595
68834457	-1	683	8.966E-195	5	23323	25978	1341	124	0.688	7.280E-30	781	868	869	-23586	-23323	264	23598	23323
69349931	-1	474	7.377E-132	4	23652	26464	1292	116	0.437	4.240E-25	114	259	876	-26464	-26033	432	26656	26015
69349931	-1	474	7.377E-132	4	23652	26464	1302	146	0.477	5.987E-36	253	416	876	-25993	-25508	486	26011	25487
69349931	-1	474	7.377E-132	4	23652	26464	1304	63	0.512	3.700E-09	417	479	876	-25444	-25256	189	25456	25235
69349931	-1	474	7.377E-132	4	23652	26464	1337	222	0.488	2.356E-60	550	788	876	-24386	-23652	735	24476	23595
69373780	1	256	3.108E-66	1	933	2051	34	256	0.395	2.334E-68	1	375	394	933	2051	1119	483	2057
69492692	1	410	1.361E-112	3	4613	5509	103	218	1.000	2.780E-62	8	109	219	4613	4918	306	4565	4918
69492692	1	410	1.361E-112	3	4613	5509	112	105	0.827	9.576E-24	107	166	219	5118	5297	180	5118	5324
69492692	1	410	1.361E-112	3	4613	5509	115	92	0.807	6.715E-19	163	216	219	5348	5509	162	5246	5515
69623403	1	242	5.092E-62	1	1359	2051	34	242	0.547	7.964E-64	9	239	260	1359	2051	693	483	2057
70121046	-1	146	4.034E-33	1	23769	24173	1337	146	0.557	3.145E-34	0	134	179	-24173	-23769	405	24476	23595
70413756	-1	389	2.854E-106	3	23323	25993	1302	157	0.501	6.491E-40	155	320	778	-25993	-25502	492	26011	25487
70413756	-1	389	2.854E-106	3	23323	25993	1337	239	0.518	6.226E-66	452	690	778	-24383	-23652	732	24476	23595
70413756	-1	389	2.854E-106	3	23323	25993	1341	126	0.680	1.089E-30	687	777	778	-23595	-23323	273	23598	23323
71518777	-1	841	2.454E-242	6	23323	26527	1292	136	0.450	6.975E-32	102	266	891	-26527	-26033	495	26656	26015
71518777	-1	841	2.454E-242	6	23323	26527	1302	183	0.576	8.299E-49	260	422	891	-25993	-25508	486	26011	25487
71518777	-1	841	2.454E-242	6	23323	26527	1304	64	0.489	1.425E-09	423	490	891	-25444	-25241	204	25456	25235
71518777	-1	841	2.454E-242	6	23323	26527	1323	50	0.483	7.724E-05	500	552	891	-24622	-24464	159	24643	24458
71518777	-1	841	2.454E-242	6	23323	26527	1337	277	0.575	2.760E-79	555	803	891	-24389	-23652	738	24476	23595
71518777	-1	841	2.454E-242	6	23323	26527	1341	142	0.778	2.517E-36	803	890	891	-23586	-23323	264	23598	23323
72022618	1	306	2.760E-81	1	579	2051	34	306	0.371	2.189E-85	7	498	518	579	2051	1473	483	2057
72094912	1	217	1.708E-54	2	4613	5485	103	202	0.935	1.176E-56	8	109	215	4613	4918	306	4565	4918
72094912	1	217	1.708E-54	2	4613	5485	115	67	0.695	4.374E-10	163	208	215	5348	5485	138	5246	5515
72255056	1	422	3.322E-116	3	4613	5509	103	220	1.000	5.727E-63	8	109	218	4613	4918	306	4565	4918
72255056	1	422	3.322E-116	3	4613	5509	112	106	0.835	3.698E-24	107	166	218	5118	5297	180	5118	5324
72255056	1	422	3.322E-116	3	4613	5509	115	101	0.876	6.297E-22	163	216	218	5348	5509	162	5246	5515
72374603	1	195	7.166E-48	1	1383	2051	34	195	0.473	5.869E-48	7	209	291	1383	2051	669	483	2057
72478311	1	238	8.146E-61	4	20045	21031	456	36	0.659	3.736E+00	20	44	236	20045	20119	75	20000	20122
72478311	1	238	8.146E-61	4	20045	21031	475	141	0.715	3.246E-33	81	175	236	20439	20726	288	20433	21131
72478311	1	238	8.146E-61	4	20045	21031	471	38	0.826	1.560E-01	177	197	236	20794	20856	63	20782	20856
72478311	1	238	8.146E-61	4	20045	21031	473	55	0.761	3.150E-07	198	231	236	20930	21031	102	20924	21031
72539640	1	321	8.423E-86	1	558	2051	34	321	0.380	1.670E-90	248	738	765	558	2051	1494	483	2057
72577382	1	222	5.339E-56	1	1029	2051	34	222	0.382	4.711E-57	8	348	368	1029	2051	1023	483	2057
72921382	1	174	1.503E-41	3	20009	21028	456	37	0.543	1.032E+00	2	34	226	20009	20104	96	20000	20122
72921382	1	174	1.503E-41	3	20009	21028	475	143	0.721	3.645E-34	72	167	226	20436	20726	291	20433	21131
72921382	1	174	1.503E-41	3	20009	21028	473	51	0.719	1.453E-05	190	222	226	20930	21028	99	20924	21031
72924744	1	238	8.146E-61	3	20436	21028	475	147	0.736	2.188E-35	72	168	227	20436	20726	291	20433	21131
72924744	1	238	8.146E-61	3	20436	21028	471	38	0.776	2.961E-01	169	190	227	20791	20856	66	20782	20856
72924744	1	238	8.146E-61	3	20436	21028	473	51	0.729	7.671E-06	191	223	227	20930	21028	99	20924	21031
72932305	1	166	3.847E-39	2	20439	21028	475	134	0.684	8.935E-31	77	171	251	20439	20726	288	20433	21131
72932305	1	166	3.847E-39	2	20439	21028	473	53	0.745	2.943E-06	194	226	251	20930	21028	99	20924	21031
72952662	1	177	1.878E-42	3	20021	21031	456	38	0.553	5.424E-01	7	39	229	20021	20119	99	20000	20122
72952662	1	177	1.878E-42	3	20021	21031	475	141	0.718	1.738E-33	76	170	229	20439	20726	288	20433	21131
72952662	1	177	1.878E-42	3	20021	21031	473	54	0.741	1.129E-06	193	226	229	20930	21031	102	20924	21031
73145220	1	174	1.503E-41	3	20051	21031	456	33	0.663	2.582E+01	18	40	232	20051	20119	69	20000	20122
73145220	1	174	1.503E-41	3	20051	21031	475	133	0.646	1.667E-30	73	174	232	20436	20738	303	20433	21131
73145220	1	174	1.503E-41	3	20051	21031	473	54	0.746	8.205E-07	191	224	232	20930	21031	102	20924	21031
73167987	1	173	3.006E-41	2	20439	21028	475	142	0.720	1.272E-33	75	169	234	20439	20726	288	20433	21131
73167987	1	173	3.006E-41	2	20439	21028	473	52	0.740	4.050E-06	192	224	234	20930	21028	99	20924	21031
73495888	1	374	9.352E-102	3	4613	5512	103	206	0.950	6.844E-58	8	109	220	4613	4918	306	4565	4918
73495888	1	374	9.352E-102	3	4613	5512	112	98	0.779	2.105E-21	107	166	220	5118	5297	180	5118	5324
73495888	1	374	9.352E-102	3	4613	5512	115	75	0.659	7.686E-13	163	217	220	5348	5512	165	5246	5515
73609383	1	99	5.677E-19	1	5118	5297	112	99	0.784	1.116E-21	21	80	83	5118	5297	180	5118	5324
73621979	-1	126	4.230E-27	1	26033	26440	1292	126	0.487	2.367E-28	12	148	172	-26440	-26033	408	26656	26015
73631143	1	204	1.400E-50	1	1284	2039	34	204	0.447	4.121E-51	40	289	434	1284	2039	756	483	2057
73663876	1	407	1.089E-111	3	4613	5506	103	216	0.991	2.539E-61	8	109	219	4613	4918	306	4565	4918
73663876	1	407	1.089E-111	3	4613	5506	112	107	0.841	1.961E-24	107	166	219	5118	5297	180	5118	5324
73663876	1	407	1.089E-111	3	4613	5506	115	89	0.795	8.479E-18	163	215	219	5348	5506	159	5246	5515
73689949	1	403	1.742E-110	3	4613	5506	103	220	1.000	1.077E-62	8	109	217	4613	4918	306	4565	4918
73689949	1	403	1.742E-110	3	4613	5506	112	102	0.810	6.422E-23	107	166	217	5118	5297	180	5118	5324
73689949	1	403	1.742E-110	3	4613	5506	115	86	0.770	1.071E-16	163	215	217	5348	5506	159	5246	5515
73693811	1	401	6.968E-110	3	4613	5497	103	218	1.000	3.813E-62	8	109	219	4613	4918	306	4565	4918
73693811	1	401	6.968E-110	3	4613	5497	112	107	0.843	1.428E-24	107	166	219	5118	5297	180	5118	5324
73693811	1	401	6.968E-110	3	4613	5497	115	81	0.766	6.604E-15	163	212	219	5348	5497	150	5246	5515
73700206	1	396	2.230E-108	3	4613	5506	103	214	0.986	6.551E-61	8	109	218	4613	4918	306	4565	4918
73700206	1	396	2.230E-108	3	4613	5506	112	102	0.807	8.819E-23	107	166	218	5118	5297	180	5118	5324
73700206	1	396	2.230E-108	3	4613	5506	115	85	0.766	1.470E-16	163	215	218	5348	5506	159	5246	5515
73769521	1	203	2.799E-50	3	20256	21031	464	48	0.576	2.608E-04	43	81	236	20256	20375	120	20256	20381
73769521	1	203	2.799E-50	3	20256	21031	475	124	0.642	1.580E-27	82	176	236	20439	20726	288	20433	21131
73769521	1	203	2.799E-50	3	20256	21031	473	51	0.701	1.453E-05	199	232	236	20930	21031	102	20924	21031
73786758	1	218	8.542E-55	1	4607	4915	103	218	0.990	5.230E-62	0	102	103	4607	4915	309	4565	4918
73805311	1	370	1.496E-100	3	4613	5506	103	210	0.968	2.117E-59	8	109	220	4613	4918	306	4565	4918
73805311	1	370	1.496E-100	3	4613	5506	112	98	0.776	2.891E-21	107	166	220	5118	5297	180	5118	5324
73805311	1	370	1.496E-100	3	4613	5506	115	67	0.617	4.374E-10	163	215	220	5348	5506	159	5246	5515
73824419	1	185	7.338E-45	1	1527	2051	34	185	0.549	1.097E-44	51	225	246	1527	2051	525	483	2057
73839366	-1	199	4.479E-49	1	23796	24311	1337	199	0.590	3.329E-52	0	165	167	-24311	-23796	516	24476	23595
73856792	-1	288	7.235E-76	2	23652	25978	1302	168	0.555	1.803E-43	140	295	746	-25978	-25514	465	26011	25487
73856792	-1	288	7.235E-76	2	23652	25978	1337	253	0.535	7.796E-71	430	677	746	-24386	-23652	735	24476	23595
73910638	1	177	1.878E-42	1	1464	2051	34	177	0.485	4.433E-42	0	195	215	1464	2051	588	483	2057
73912175	1	125	8.460E-27	1	1551	1988	34	125	0.463	2.547E-25	0	142	208	1551	1988	438	483	2057
73920739	1	237	1.629E-60	3	20439	21028	475	148	0.746	1.171E-35	49	143	203	20439	20726	288	20433	21131
73920739	1	237	1.629E-60	3	20439	21028	471	33	0.718	1.010E+01	145	165	203	20794	20856	63	20782	20856
73920739	1	237	1.629E-60	3	20439	21028	473	54	0.766	8.205E-07	166	198	203	20930	21028	99	20924	21031
73923850	1	175	7.514E-42	1	1098	1967	34	175	0.362	1.468E-41	10	292	296	1098	1967	870	483	2057
73941253	1	265	6.070E-69	1	597	2036	34	265	0.342	1.065E-71	423	848	849	597	2036	1440	483	2057
73965244	1	233	2.607E-59	1	1068	2051	34	233	0.407	9.111E-61	1	320	349	1068	2051	984	483	2057
73976131	1	168	9.618E-40	2	5118	5512	112	97	0.770	5.452E-21	107	166	220	5118	5297	180	5118	5324
73976131	1	168	9.618E-40	2	5118	5512	115	74	0.656	1.056E-12	163	217	220	5348	5512	165	5246	5515
73999805	-1	87	2.325E-15	2	4610	4915	1783	53	0.456	7.637E-06	50	110	163	-4915	-4733	183	4933	4733
73999805	-1	87	2.325E-15	2	4610	4915	1785	35	0.454	2.285E+01	113	151	163	-4726	-4610	117	4729	4514
74011082	1	390	1.427E-106	3	4613	5497	103	214	0.986	6.551E-61	8	109	219	4613	4918	306	4565	4918
74011082	1	390	1.427E-106	3	4613	5497	112	106	0.768	3.698E-24	107	170	219	5118	5315	198	5118	5324
74011082	1	390	1.427E-106	3	4613	5497	115	79	0.752	2.348E-14	163	212	219	5348	5497	150	5246	5515
79120054	1	205	6.998E-51	1	4604	4918	103	205	0.924	9.387E-58	6	110	111	4604	4918	315	4565	4918
80244627	1	169	4.809E-40	2	5118	5512	112	97	0.770	5.452E-21	107	166	220	5118	5297	180	5118	5324
80244627	1	169	4.809E-40	2	5118	5512	115	75	0.659	7.686E-13	163	217	220	5348	5512	165	5246	5515
80392853	1	369	2.993E-100	3	4613	5500	103	205	0.947	1.288E-57	8	109	218	4613	4918	306	4565	4918
80392853	1	369	2.993E-100	3	4613	5500	112	94	0.754	3.660E-20	107	166	218	5118	5297	180	5118	5324
80392853	1	369	2.993E-100	3	4613	5500	115	75	0.703	7.686E-13	163	213	218	5348	5500	153	5246	5515
80442158	1	404	8.709E-111	3	4613	5506	103	214	0.986	6.551E-61	8	109	219	4613	4918	306	4565	4918
80442158	1	404	8.709E-111	3	4613	5506	112	105	0.827	9.576E-24	107	166	219	5118	5297	180	5118	5324
80442158	1	404	8.709E-111	3	4613	5506	115	90	0.801	4.498E-18	163	215	219	5348	5506	159	5246	5515
80776226	1	179	4.696E-43	3	20042	21028	456	39	0.690	2.853E-01	12	37	245	20042	20119	78	20000	20122
80776226	1	179	4.696E-43	3	20042	21028	475	141	0.715	3.246E-33	73	167	245	20439	20726	288	20433	21131
80776226	1	179	4.696E-43	3	20042	21028	473	54	0.760	1.129E-06	190	222	245	20930	21028	99	20924	21031
80814980	1	355	4.903E-96	1	546	2051	34	355	0.407	2.201E-102	303	798	816	546	2051	1506	483	2057
81640174	1	313	2.156E-83	1	564	1967	34	313	0.391	6.060E-88	323	788	797	564	1967	1404	483	2057
81934859	-1	324	1.053E-86	2	23323	24173	1337	195	0.573	5.535E-51	0	174	262	-24173	-23652	522	24476	23595
81934859	-1	324	1.053E-86	2	23323	24173	1341	129	0.713	1.188E-31	174	261	262	-23586	-23323	264	23598	23323
82070121	1	347	1.255E-93	1	546	2051	34	347	0.401	1.516E-99	159	654	672	546	2051	1506	483	2057
82145238	1	172	6.011E-41	2	20439	21031	475	139	0.706	1.546E-32	77	171	241	20439	20726	288	20433	21131
82145238	1	172	6.011E-41	2	20439	21031	473	54	0.741	1.129E-06	194	227	241	20930	21031	102	20924	21031
82680890	-1	285	5.788E-75	5	23323	26440	1292	124	0.481	1.129E-27	101	237	865	-26440	-26033	408	26656	26015
82680890	-1	285	5.788E-75	5	23323	26440	1302	174	0.549	1.166E-45	230	393	865	-25996	-25508	489	26011	25487
82680890	-1	285	5.788E-75	5	23323	26440	1304	74	0.559	9.512E-13	394	459	865	-25444	-25247	198	25456	25235
82680890	-1	285	5.788E-75	5	23323	26440	1323	46	0.458	1.885E-03	472	523	865	-24622	-24467	156	24643	24458
82680890	-1	285	5.788E-75	5	23323	26440	1341	134	0.740	1.413E-33	777	864	865	-23586	-23323	264	23598	23323
82930625	1	419	2.658E-115	3	4613	5509	103	220	1.000	1.077E-62	8	109	218	4613	4918	306	4565	4918
82930625	1	419	2.658E-115	3	4613	5509	112	104	0.818	2.480E-23	107	166	218	5118	5297	180	5118	5324
82930625	1	419	2.658E-115	3	4613	5509	115	100	0.870	1.187E-21	163	216	218	5348	5509	162	5246	5515
82986287	-1	696	1.095E-198	5	23323	26506	1292	136	0.455	5.101E-32	64	226	852	-26506	-26033	474	26656	26015
82986287	-1	696	1.095E-198	5	23323	26506	1302	169	0.536	3.731E-44	219	383	852	-25990	-25508	483	26011	25487
82986287	-1	696	1.095E-198	5	23323	26506	1304	63	0.494	6.990E-09	384	448	852	-25444	-25250	195	25456	25235
82986287	-1	696	1.095E-198	5	23323	26506	1337	269	0.562	2.758E-76	517	764	852	-24386	-23652	735	24476	23595
82986287	-1	696	1.095E-198	5	23323	26506	1341	130	0.721	3.348E-32	764	851	852	-23586	-23323	264	23598	23323
83359609	1	124	1.692E-26	1	1566	1997	34	124	0.463	8.082E-25	5	148	161	1566	1997	432	483	2057
83471801	1	421	6.645E-116	3	4613	5509	103	220	1.000	5.727E-63	8	109	218	4613	4918	306	4565	4918
83471801	1	421	6.645E-116	3	4613	5509	112	106	0.835	3.698E-24	107	166	218	5118	5297	180	5118	5324
83471801	1	421	6.645E-116	3	4613	5509	115	100	0.870	1.187E-21	163	216	218	5348	5509	162	5246	5515
84530030	1	168	9.618E-40	3	20039	21028	456	36	0.587	2.708E+00	12	40	230	20039	20119	81	20000	20122
84530030	1	168	9.618E-40	3	20039	21028	475	136	0.696	1.006E-31	76	170	230	20439	20726	288	20433	21131
84530030	1	168	9.618E-40	3	20039	21028	473	51	0.724	1.056E-05	193	225	230	20930	21028	99	20924	21031
85188542	1	135	8.261E-30	1	597	1433	34	135	0.309	2.416E-28	66	345	368	597	1433	837	483	2057
85366453	-1	336	2.571E-90	3	23652	25954	1302	150	0.523	2.572E-37	249	398	862	-25954	-25505	450	26011	25487
85366453	-1	336	2.571E-90	3	23652	25954	1304	68	0.551	8.144E-11	401	462	862	-25435	-25250	186	25456	25235
85366453	-1	336	2.571E-90	3	23652	25954	1337	189	0.432	8.172E-49	534	774	862	-24383	-23652	732	24476	23595
86812676	1	336	2.571E-90	1	597	2033	34	336	0.404	1.251E-95	296	772	779	597	2033	1437	483	2057
87102153	1	418	5.316E-115	3	4613	5512	103	216	0.994	1.349E-61	8	109	218	4613	4918	306	4565	4918
87102153	1	418	5.316E-115	3	4613	5512	112	109	0.857	2.926E-25	107	166	218	5118	5297	180	5118	5324
87102153	1	418	5.316E-115	3	4613	5512	115	98	0.843	4.216E-21	163	217	218	5348	5512	165	5246	5515
87567863	1	224	1.335E-56	4	20021	21031	456	37	0.538	1.423E+00	8	40	308	20021	20119	99	20000	20122
87567863	1	224	1.335E-56	4	20021	21031	475	136	0.667	1.006E-31	75	175	308	20439	20738	300	20433	21131
87567863	1	224	1.335E-56	4	20021	21031	471	33	0.718	1.010E+01	169	189	308	20794	20856	63	20782	20856
87567863	1	224	1.335E-56	4	20021	21031	473	55	0.761	3.150E-07	190	223	308	20930	21031	102	20924	21031
87638501	1	170	2.404E-40	3	20033	20856	456	40	0.570	7.897E-02	6	39	234	20033	20119	87	20000	20122
87638501	1	170	2.404E-40	3	20033	20856	475	134	0.657	6.541E-31	73	173	234	20439	20738	300	20433	21131
87638501	1	170	2.404E-40	3	20033	20856	471	35	0.721	2.796E+00	166	187	234	20791	20856	66	20782	20856
87681747	1	188	9.172E-46	2	20436	20856	475	149	0.745	4.584E-36	72	168	227	20436	20726	291	20433	21131
87681747	1	188	9.172E-46	2	20436	20856	471	38	0.776	2.961E-01	169	190	227	20791	20856	66	20782	20856
87681829	1	144	1.614E-32	2	20018	20726	456	40	0.646	1.089E-01	5	33	226	20018	20104	87	20000	20122
87681829	1	144	1.614E-32	2	20018	20726	475	142	0.722	9.305E-34	73	167	226	20439	20726	288	20433	21131
87993039	1	154	1.576E-35	2	20009	20726	456	39	0.555	2.069E-01	2	35	233	20009	20104	96	20000	20122
87993039	1	154	1.576E-35	2	20009	20726	475	153	0.769	2.008E-37	75	169	233	20439	20726	288	20433	21131
88021663	1	413	1.701E-113	3	4613	5509	103	220	1.000	7.855E-63	8	109	219	4613	4918	306	4565	4918
88021663	1	413	1.701E-113	3	4613	5509	112	105	0.829	6.974E-24	107	166	219	5118	5297	180	5118	5324
88021663	1	413	1.701E-113	3	4613	5509	115	93	0.810	4.891E-19	163	216	219	5348	5509	162	5246	5515
88028064	1	166	3.847E-39	1	954	2051	34	166	0.299	1.895E-38	238	570	587	954	2051	1098	483	2057
88051297	1	148	1.008E-33	1	1566	2051	34	148	0.488	1.152E-32	9	162	178	1566	2051	486	483	2057
88067539	1	425	4.153E-117	3	4613	5509	103	219	1.000	2.027E-62	8	109	218	4613	4918	306	4565	4918
88067539	1	425	4.153E-117	3	4613	5509	112	107	0.843	1.428E-24	107	166	218	5118	5297	180	5118	5324
88067539	1	425	4.153E-117	3	4613	5509	115	104	0.898	6.854E-23	163	216	218	5348	5509	162	5246	5515
88084506	1	410	1.361E-112	3	4613	5506	103	220	1.000	7.855E-63	63	164	274	4613	4918	306	4565	4918
88084506	1	410	1.361E-112	3	4613	5506	112	111	0.823	5.994E-26	162	225	274	5118	5309	192	5118	5324
88084506	1	410	1.361E-112	3	4613	5506	115	88	0.789	1.598E-17	218	270	274	5348	5506	159	5246	5515
88088680	1	406	2.177E-111	3	4613	5509	103	219	1.000	2.027E-62	8	109	219	4613	4918	306	4565	4918
88088680	1	406	2.177E-111	3	4613	5509	112	103	0.815	3.405E-23	107	166	219	5118	5297	180	5118	5324
88088680	1	406	2.177E-111	3	4613	5509	115	89	0.779	1.164E-17	163	216	219	5348	5509	162	5246	5515
88099726	-1	801	2.698E-230	6	23323	26506	1292	134	0.449	3.334E-31	63	225	850	-26506	-26033	474	26656	26015
88099726	-1	801	2.698E-230	6	23323	26506	1302	162	0.554	1.483E-41	231	381	850	-25957	-25508	450	26011	25487
88099726	-1	801	2.698E-230	6	23323	26506	1304	65	0.497	1.037E-09	382	448	850	-25444	-25244	201	25456	25235
88099726	-1	801	2.698E-230	6	23323	26506	1323	49	0.434	1.463E-04	452	511	850	-24643	-24464	180	24643	24458
88099726	-1	801	2.698E-230	6	23323	26506	1337	267	0.559	9.681E-76	515	762	850	-24386	-23652	735	24476	23595
88099726	-1	801	2.698E-230	6	23323	26506	1341	128	0.711	1.630E-31	762	849	850	-23586	-23323	264	23598	23323
88125735	-1	216	3.417E-54	1	23658	24395	1337	216	0.476	3.526E-58	149	389	479	-24395	-23658	738	24476	23595
88158534	1	413	1.701E-113	3	4613	5509	103	220	1.000	7.855E-63	39	140	250	4613	4918	306	4565	4918
88158534	1	413	1.701E-113	3	4613	5509	112	105	0.829	6.974E-24	138	197	250	5118	5297	180	5118	5324
88158534	1	413	1.701E-113	3	4613	5509	115	93	0.810	4.891E-19	194	247	250	5348	5509	162	5246	5515
88176716	1	156	3.939E-36	1	1566	2045	34	156	0.512	4.243E-35	9	168	190	1566	2045	480	483	2057
88202415	1	402	3.484E-110	3	4613	5491	103	222	1.000	2.220E-63	8	109	219	4613	4918	306	4565	4918
88202415	1	402	3.484E-110	3	4613	5491	112	109	0.855	4.017E-25	107	166	219	5118	5297	180	5118	5324
88202415	1	402	3.484E-110	3	4613	5491	115	76	0.751	2.968E-13	163	210	219	5348	5491	144	5246	5515
88221670	1	218	8.542E-55	1	4607	4915	103	218	0.990	5.230E-62	0	102	103	4607	4915	309	4565	4918
88223863	1	57	2.497E-06	1	13656	13820	319	57	0.518	6.871E-07	3	57	62	13656	13820	165	13611	13820
88268598	1	56	4.994E-06	1	13659	13817	319	56	0.531	9.448E-07	13	65	67	13659	13817	159	13611	13820
88292734	1	410	1.361E-112	3	4613	5509	103	219	1.000	2.027E-62	8	109	219	4613	4918	306	4565	4918
88292734	1	410	1.361E-112	3	4613	5509	112	105	0.827	9.576E-24	107	166	219	5118	5297	180	5118	5324
88292734	1	410	1.361E-112	3	4613	5509	115	91	0.795	2.386E-18	163	216	219	5348	5509	162	5246	5515
88320874	1	418	5.316E-115	3	4613	5506	103	219	1.000	2.027E-62	8	109	219	4613	4918	306	4565	4918
88320874	1	418	5.316E-115	3	4613	5506	112	108	0.849	7.575E-25	107	166	219	5118	5297	180	5118	5324
88320874	1	418	5.316E-115	3	4613	5506	115	96	0.856	2.056E-20	163	215	219	5348	5506	159	5246	5515
88332871	-1	697	5.473E-199	5	23323	25978	1302	186	0.603	4.865E-50	271	427	895	-25978	-25508	471	26011	25487
88332871	-1	697	5.473E-199	5	23323	25978	1304	66	0.499	3.993E-10	428	494	895	-25444	-25241	204	25456	25235
88332871	-1	697	5.473E-199	5	23323	25978	1323	49	0.473	2.013E-04	504	556	895	-24622	-24464	159	24643	24458
88332871	-1	697	5.473E-199	5	23323	25978	1337	269	0.563	1.472E-76	560	807	895	-24386	-23652	735	24476	23595
88332871	-1	697	5.473E-199	5	23323	25978	1341	134	0.736	2.660E-33	807	894	895	-23586	-23323	264	23598	23323
88364984	1	133	3.305E-29	1	1692	2051	34	133	0.566	1.035E-27	17	136	157	1692	2051	360	483	2057
88366086	1	142	6.454E-32	1	1653	2051	34	142	0.551	9.409E-31	21	153	174	1653	2051	399	483	2057
88404063	-1	383	1.826E-104	3	23652	26512	1292	107	0.375	7.467E-22	130	294	916	-26512	-26033	480	26656	26015
88404063	-1	383	1.826E-104	3	23652	26512	1302	152	0.501	3.890E-38	293	453	916	-25978	-25502	477	26011	25487
88404063	-1	383	1.826E-104	3	23652	26512	1337	255	0.542	1.624E-71	585	828	916	-24389	-23652	738	24476	23595
88404078	1	410	1.361E-112	3	4613	5509	103	219	1.000	2.027E-62	20	121	231	4613	4918	306	4565	4918
88404078	1	410	1.361E-112	3	4613	5509	112	105	0.829	6.974E-24	119	178	231	5118	5297	180	5118	5324
88404078	1	410	1.361E-112	3	4613	5509	115	91	0.798	1.738E-18	175	228	231	5348	5509	162	5246	5515
88412180	1	346	2.510E-93	1	579	2051	34	346	0.404	3.856E-99	296	790	811	579	2051	1473	483	2057
88415882	1	199	4.479E-49	2	5118	5506	112	108	0.852	5.516E-25	98	157	210	5118	5297	180	5118	5324
88415882	1	199	4.479E-49	2	5118	5506	115	94	0.840	1.003E-19	154	206	210	5348	5506	159	5246	5515
88423960	-1	139	5.163E-31	4	23323	26506	1292	121	0.422	1.372E-26	110	268	898	-26506	-26033	474	26656	26015
88423960	-1	139	5.163E-31	4	23323	26506	1302	172	0.539	5.635E-45	260	425	898	-25999	-25508	492	26011	25487
88423960	-1	139	5.163E-31	4	23323	26506	1323	46	0.427	1.885E-03	504	560	898	-24628	-24458	171	24643	24458
88423960	-1	139	5.163E-31	4	23323	26506	1341	132	0.728	9.437E-33	810	897	898	-23586	-23323	264	23598	23323
88479967	1	130	2.644E-28	1	1383	1727	34	130	0.576	7.898E-27	58	172	186	1383	1727	345	483	2057
88507316	1	168	9.618E-40	1	1455	2051	34	168	0.460	4.274E-39	0	198	199	1455	2051	597	483	2057
88509432	1	212	5.467E-53	1	1350	2051	34	212	0.487	9.516E-54	5	238	269	1350	2051	702	483	2057
94460946	1	300	1.766E-79	1	804	2048	34	300	0.412	2.279E-83	0	415	436	804	2048	1245	483	2057
94552115	1	273	2.371E-71	1	834	2051	34	273	0.392	2.239E-74	66	470	491	834	2051	1218	483	2057
95040885	1	228	8.342E-58	1	546	1718	34	228	0.354	3.568E-59	357	742	744	546	1718	1173	483	2057
95130274	1	305	5.520E-81	2	4613	5291	103	211	0.971	1.125E-59	8	109	214	4613	4918	306	4565	4918
95130274	1	305	5.520E-81	2	4613	5291	112	96	0.791	7.488E-21	107	164	214	5118	5291	174	5118	5324
95397026	-1	658	3.009E-187	5	23323	26527	1292	117	0.398	2.273E-25	247	406	1023	-26527	-26027	501	26656	26015
95397026	-1	658	3.009E-187	5	23323	26527	1302	164	0.528	2.240E-42	398	560	1023	-25993	-25508	486	26011	25487
95397026	-1	658	3.009E-187	5	23323	26527	1304	68	0.544	8.144E-11	561	623	1023	-25444	-25256	189	25456	25235
95397026	-1	658	3.009E-187	5	23323	26527	1337	254	0.542	4.163E-71	694	935	1023	-24386	-23652	735	24476	23595
95397026	-1	658	3.009E-187	5	23323	26527	1341	129	0.713	1.188E-31	935	1022	1023	-23586	-23323	264	23598	23323
96411637	1	236	3.259E-60	3	20439	21028	475	144	0.729	2.667E-34	68	162	221	20439	20726	288	20433	21131
96411637	1	236	3.259E-60	3	20439	21028	471	35	0.729	2.028E+00	163	184	221	20791	20856	66	20782	20856
96411637	1	236	3.259E-60	3	20439	21028	473	55	0.776	4.334E-07	185	217	221	20930	21028	99	20924	21031
97435286	-1	749	1.215E-214	5	23652	26521	1292	192	0.599	3.091E-51	89	251	793	-26521	-26033	489	26656	26015
97435286	-1	749	1.215E-214	5	23652	26521	1302	191	0.608	1.518E-51	250	408	793	-25978	-25508	471	26011	25487
97435286	-1	749	1.215E-214	5	23652	26521	1304	79	0.578	1.530E-14	409	476	793	-25444	-25241	204	25456	25235
97435286	-1	749	1.215E-214	5	23652	26521	1323	66	0.607	3.077E-10	486	538	793	-24622	-24464	159	24643	24458
97435286	-1	749	1.215E-214	5	23652	26521	1337	228	0.691	4.021E-62	541	703	793	-24134	-23652	483	24476	23595
98455136	1	415	4.253E-114	3	4613	5509	103	220	1.000	7.855E-63	8	109	219	4613	4918	306	4565	4918
98455136	1	415	4.253E-114	3	4613	5509	112	105	0.829	6.974E-24	107	166	219	5118	5297	180	5118	5324
98455136	1	415	4.253E-114	3	4613	5509	115	95	0.832	5.320E-20	163	216	219	5348	5509	162	5246	5515
98546851	-1	565	2.980E-159	4	23652	26506	1292	130	0.436	5.565E-30	82	246	869	-26506	-26027	480	26656	26015
98546851	-1	565	2.980E-159	4	23652	26506	1302	171	0.558	1.450E-44	243	400	869	-25978	-25508	471	26011	25487
98546851	-1	565	2.980E-159	4	23652	26506	1304	68	0.509	1.119E-10	401	468	869	-25444	-25241	204	25456	25235
98546851	-1	565	2.980E-159	4	23652	26506	1337	261	0.550	7.837E-74	534	781	869	-24386	-23652	735	24476	23595
98639876	-1	547	7.811E-154	4	23652	26494	1292	132	0.458	2.178E-30	108	263	887	-26494	-26033	462	26656	26015
98639876	-1	547	7.811E-154	4	23652	26494	1302	184	0.590	3.224E-49	262	420	887	-25978	-25508	471	26011	25487
98639876	-1	547	7.811E-154	4	23652	26494	1304	67	0.522	2.114E-10	421	485	887	-25444	-25250	195	25456	25235
98639876	-1	547	7.811E-154	4	23652	26494	1337	231	0.501	2.399E-63	555	799	887	-24389	-23652	738	24476	23595
98812902	1	403	1.742E-110	3	4613	5506	103	214	0.986	6.551E-61	8	109	220	4613	4918	306	4565	4918
98812902	1	403	1.742E-110	3	4613	5506	112	105	0.829	6.974E-24	107	166	220	5118	5297	180	5118	5324
98812902	1	403	1.742E-110	3	4613	5506	115	89	0.795	8.479E-18	163	215	220	5348	5506	159	5246	5515
99456428	1	238	8.146E-61	1	1284	2051	34	238	0.497	2.316E-62	99	351	371	1284	2051	768	483	2057
99515832	-1	438	5.070E-121	3	23652	25978	1302	168	0.551	9.600E-44	199	356	825	-25978	-25508	471	26011	25487
99515832	-1	438	5.070E-121	3	23652	25978	1304	62	0.491	9.608E-09	357	421	825	-25444	-25250	195	25456	25235
99515832	-1	438	5.070E-121	3	23652	25978	1337	274	0.571	4.657E-78	490	737	825	-24386	-23652	735	24476	23595
99681025	1	185	7.338E-45	1	1329	2051	34	185	0.429	1.097E-44	0	215	235	1329	2051	723	483	2057
100622971	1	300	1.766E-79	2	4613	5509	103	214	0.993	8.985E-61	8	108	171	4613	4915	303	4565	4918
100622971	1	300	1.766E-79	2	4613	5509	115	92	0.804	9.220E-19	116	169	171	5348	5509	162	5246	5515
101161748	-1	705	2.138E-201	5	23323	25978	1302	183	0.589	1.137E-48	272	429	898	-25978	-25508	471	26011	25487
101161748	-1	705	2.138E-201	5	23323	25978	1304	66	0.508	2.905E-10	430	496	898	-25444	-25244	201	25456	25235
101161748	-1	705	2.138E-201	5	23323	25978	1323	54	0.515	3.175E-06	507	559	898	-24622	-24464	159	24643	24458
101161748	-1	705	2.138E-201	5	23323	25978	1337	276	0.574	9.690E-79	563	810	898	-24386	-23652	735	24476	23595
101161748	-1	705	2.138E-201	5	23323	25978	1341	134	0.740	1.413E-33	810	897	898	-23586	-23323	264	23598	23323
102210094	1	174	1.503E-41	2	20436	21031	475	140	0.705	6.061E-33	76	171	231	20436	20726	291	20433	21131
102210094	1	174	1.503E-41	2	20436	21031	473	55	0.756	4.334E-07	194	227	231	20930	21031	102	20924	21031
102211118	1	177	1.878E-42	3	20027	21031	456	38	0.588	3.933E-01	9	39	229	20027	20119	93	20000	20122
102211118	1	177	1.878E-42	3	20027	21031	475	141	0.718	1.738E-33	76	170	229	20439	20726	288	20433	21131
102211118	1	177	1.878E-42	3	20027	21031	473	54	0.741	1.129E-06	193	226	229	20930	21031	102	20924	21031
102261815	1	152	6.303E-35	2	20054	20738	456	41	0.839	5.729E-02	16	37	223	20054	20119	66	20000	20122
102261815	1	152	6.303E-35	2	20054	20738	475	143	0.687	6.808E-34	71	172	223	20439	20738	300	20433	21131
102344825	1	178	9.392E-43	3	20039	20856	456	42	0.712	3.016E-02	19	45	231	20039	20119	81	20000	20122
102344825	1	178	9.392E-43	3	20039	20856	475	138	0.668	2.887E-32	79	180	231	20439	20738	300	20433	21131
102344825	1	178	9.392E-43	3	20039	20856	471	37	0.760	5.621E-01	173	194	231	20791	20856	66	20782	20856
102357855	1	188	9.172E-46	3	20039	21028	456	39	0.674	2.069E-01	10	36	223	20039	20119	81	20000	20122
102357855	1	188	9.172E-46	3	20039	21028	475	139	0.651	1.132E-32	70	175	223	20436	20744	309	20433	21131
102357855	1	188	9.172E-46	3	20039	21028	473	53	0.750	2.138E-06	188	220	223	20930	21028	99	20924	21031
102493970	1	193	2.866E-47	2	20442	20856	475	158	0.799	3.435E-39	58	151	210	20442	20726	285	20433	21131
102493970	1	193	2.866E-47	2	20442	20856	471	34	0.726	7.328E+00	153	173	210	20794	20856	63	20782	20856
102560577	1	327	1.316E-87	2	4613	5291	103	220	1.000	7.855E-63	8	109	219	4613	4918	306	4565	4918
102560577	1	327	1.316E-87	2	4613	5291	112	109	0.883	2.926E-25	107	164	219	5118	5291	174	5118	5324
102641204	1	220	2.136E-55	1	4607	4915	103	220	1.000	7.855E-63	0	102	103	4607	4915	309	4565	4918
102715077	-1	651	3.851E-185	5	23323	26506	1292	128	0.440	3.631E-29	73	230	854	-26506	-26027	480	26656	26015
102715077	-1	651	3.851E-185	5	23323	26506	1302	169	0.552	7.006E-44	227	384	854	-25978	-25508	471	26011	25487
102715077	-1	651	3.851E-185	5	23323	26506	1323	46	0.448	2.595E-03	462	514	854	-24622	-24464	159	24643	24458
102715077	-1	651	3.851E-185	5	23323	26506	1337	261	0.548	1.073E-73	518	766	854	-24386	-23652	735	24476	23595
102715077	-1	651	3.851E-185	5	23323	26506	1341	126	0.700	1.089E-30	766	853	854	-23586	-23323	264	23598	23323
102734205	1	219	4.271E-55	1	4607	4915	103	219	0.995	2.027E-62	0	102	103	4607	4915	309	4565	4918
102771047	1	408	5.443E-112	3	4613	5506	103	218	0.999	5.230E-62	8	109	219	4613	4918	306	4565	4918
102771047	1	408	5.443E-112	3	4613	5506	112	107	0.841	1.961E-24	107	166	219	5118	5297	180	5118	5324
102771047	1	408	5.443E-112	3	4613	5506	115	88	0.786	2.195E-17	163	215	219	5348	5506	159	5246	5515
102792572	1	52	7.990E-05	1	13644	13820	319	52	0.450	3.146E-05	54	113	117	13644	13820	177	13611	13820
102798784	-1	113	3.465E-23	1	26027	26512	1292	113	0.385	7.007E-24	18	185	242	-26512	-26027	486	26656	26015
102811203	1	309	3.450E-82	2	4613	5318	103	212	0.974	5.982E-60	8	109	220	4613	4918	306	4565	4918
102811203	1	309	3.450E-82	2	4613	5318	112	99	0.687	1.116E-21	107	176	220	5118	5318	201	5118	5324
102854884	1	403	1.742E-110	3	4613	5497	103	218	1.000	2.780E-62	8	109	219	4613	4918	306	4565	4918
102854884	1	403	1.742E-110	3	4613	5497	112	109	0.855	4.017E-25	107	166	219	5118	5297	180	5118	5324
102854884	1	403	1.742E-110	3	4613	5497	115	81	0.773	3.503E-15	163	212	219	5348	5497	150	5246	5515
102855227	1	347	1.255E-93	1	597	2051	34	347	0.411	1.516E-99	285	767	782	597	2051	1455	483	2057
102904095	1	105	8.871E-21	1	1659	1961	34	105	0.532	5.649E-19	7	108	109	1659	1961	303	483	2057
102904889	1	123	3.384E-26	1	1659	2051	34	123	0.494	1.920E-24	42	172	192	1659	2051	393	483	2057
102905002	1	114	1.733E-23	1	1722	2051	34	114	0.534	1.065E-21	0	109	130	1722	2051	330	483	2057
102905955	1	58	1.248E-06	1	13665	13820	319	58	0.552	2.642E-07	24	75	76	13665	13820	156	13611	13820
102917478	1	187	1.834E-45	2	5118	5512	112	99	0.784	1.116E-21	80	139	193	5118	5297	180	5118	5324
102917478	1	187	1.834E-45	2	5118	5512	115	91	0.782	2.386E-18	136	190	193	5348	5512	165	5246	5515
102958144	1	420	1.329E-115	3	4613	5515	103	218	0.999	5.230E-62	19	120	231	4613	4918	306	4565	4918
102958144	1	420	1.329E-115	3	4613	5515	112	110	0.866	1.130E-25	118	177	231	5118	5297	180	5118	5324
102958144	1	420	1.329E-115	3	4613	5515	115	97	0.818	1.498E-20	174	229	231	5348	5515	168	5246	5515
103003324	1	398	5.574E-109	3	4613	5509	103	220	1.000	7.855E-63	8	109	219	4613	4918	306	4565	4918
103003324	1	398	5.574E-109	3	4613	5509	112	104	0.824	1.315E-23	107	166	219	5118	5297	180	5118	5324
103003324	1	398	5.574E-109	3	4613	5509	115	79	0.701	3.224E-14	163	216	219	5348	5509	162	5246	5515
103004081	1	237	1.629E-60	3	20439	21028	475	148	0.746	1.171E-35	49	143	203	20439	20726	288	20433	21131
103004081	1	237	1.629E-60	3	20439	21028	471	33	0.718	1.010E+01	145	165	203	20794	20856	63	20782	20856
103004081	1	237	1.629E-60	3	20439	21028	473	54	0.766	8.205E-07	166	198	203	20930	21028	99	20924	21031
103004395	1	237	1.629E-60	3	20439	21028	475	148	0.746	1.171E-35	49	143	203	20439	20726	288	20433	21131
103004395	1	237	1.629E-60	3	20439	21028	471	33	0.718	1.010E+01	145	165	203	20794	20856	63	20782	20856
103004395	1	237	1.629E-60	3	20439	21028	473	54	0.766	8.205E-07	166	198	203	20930	21028	99	20924	21031
103022153	1	166	3.847E-39	2	5118	5512	112	97	0.712	3.970E-21	107	170	220	5118	5315	198	5118	5324
103022153	1	166	3.847E-39	2	5118	5512	115	76	0.669	2.968E-13	163	217	220	5348	5512	165	5246	5515
103026984	1	170	2.404E-40	1	1419	2051	34	170	0.442	9.626E-40	171	382	397	1419	2051	633	483	2057
103049004	1	213	2.733E-53	1	4607	4915	103	213	0.972	1.690E-60	0	102	103	4607	4915	309	4565	4918
103049182	1	164	1.539E-38	1	1077	2000	34	164	0.332	6.228E-38	0	254	374	1077	2000	924	483	2057
103066280	1	406	2.177E-111	3	4613	5506	103	214	0.986	6.551E-61	8	109	219	4613	4918	306	4565	4918
103066280	1	406	2.177E-111	3	4613	5506	112	105	0.827	9.576E-24	107	166	219	5118	5297	180	5118	5324
103066280	1	406	2.177E-111	3	4613	5506	115	92	0.817	9.220E-19	163	215	219	5348	5506	159	5246	5515
103093670	-1	740	6.222E-212	5	23323	26506	1292	145	0.483	7.109E-35	55	214	836	-26506	-26033	474	26656	26015
103093670	-1	740	6.222E-212	5	23323	26506	1302	169	0.552	7.006E-44	213	370	836	-25978	-25508	471	26011	25487
103093670	-1	740	6.222E-212	5	23323	26506	1304	74	0.576	6.922E-13	371	434	836	-25444	-25253	192	25456	25235
103093670	-1	740	6.222E-212	5	23323	26506	1337	286	0.597	3.771E-82	504	748	836	-24383	-23652	732	24476	23595
103093670	-1	740	6.222E-212	5	23323	26506	1341	132	0.727	1.295E-32	748	835	836	-23586	-23323	264	23598	23323
103094142	1	406	2.177E-111	3	4613	5506	103	220	1.000	1.077E-62	8	109	217	4613	4918	306	4565	4918
103094142	1	406	2.177E-111	3	4613	5506	112	102	0.810	6.422E-23	107	166	217	5118	5297	180	5118	5324
103094142	1	406	2.177E-111	3	4613	5506	115	89	0.795	8.479E-18	163	215	217	5348	5506	159	5246	5515
108608385	1	403	1.742E-110	3	4613	5506	103	214	0.986	6.551E-61	8	109	219	4613	4918	306	4565	4918
108608385	1	403	1.742E-110	3	4613	5506	112	105	0.829	6.974E-24	107	166	219	5118	5297	180	5118	5324
108608385	1	403	1.742E-110	3	4613	5506	115	89	0.798	6.176E-18	163	215	219	5348	5506	159	5246	5515
108746287	1	356	2.451E-96	1	558	2051	34	356	0.410	1.612E-102	430	926	947	558	2051	1494	483	2057
108805994	1	402	3.484E-110	3	4613	5506	103	215	0.988	4.776E-61	8	109	220	4613	4918	306	4565	4918
108805994	1	402	3.484E-110	3	4613	5506	112	99	0.787	8.125E-22	107	166	220	5118	5297	180	5118	5324
108805994	1	402	3.484E-110	3	4613	5506	115	93	0.824	4.891E-19	163	215	220	5348	5506	159	5246	5515
109146403	-1	820	5.146E-236	6	23323	26506	1292	141	0.482	8.712E-34	127	283	908	-26506	-26036	471	26656	26015
109146403	-1	820	5.146E-236	6	23323	26506	1302	179	0.607	2.658E-47	291	439	908	-25954	-25508	447	26011	25487
109146403	-1	820	5.146E-236	6	23323	26506	1304	63	0.482	3.700E-09	440	507	908	-25444	-25241	204	25456	25235
109146403	-1	820	5.146E-236	6	23323	26506	1323	44	0.432	1.284E-02	517	569	908	-24622	-24464	159	24643	24458
109146403	-1	820	5.146E-236	6	23323	26506	1337	269	0.563	2.015E-76	573	820	908	-24386	-23652	735	24476	23595
109146403	-1	820	5.146E-236	6	23323	26506	1341	136	0.746	5.465E-34	820	907	908	-23586	-23323	264	23598	23323
109312568	1	406	2.177E-111	3	4613	5506	103	216	0.994	1.349E-61	8	109	219	4613	4918	306	4565	4918
109312568	1	406	2.177E-111	3	4613	5506	112	108	0.805	5.516E-25	107	170	219	5118	5309	192	5118	5324
109312568	1	406	2.177E-111	3	4613	5506	115	91	0.814	1.266E-18	163	215	219	5348	5506	159	5246	5515
110085154	1	322	4.212E-86	1	597	2051	34	322	0.386	4.825E-91	369	858	878	597	2051	1455	483	2057
110422924	1	344	1.004E-92	1	597	2051	34	344	0.408	1.338E-98	278	761	780	597	2051	1455	483	2057
112580579	1	189	4.586E-46	2	5124	5506	112	106	0.860	3.698E-24	13	70	123	5124	5297	174	5118	5324
112580579	1	189	4.586E-46	2	5124	5506	115	86	0.773	7.800E-17	67	119	123	5348	5506	159	5246	5515
113532100	1	426	2.076E-117	3	4613	5509	103	220	1.000	5.727E-63	8	109	218	4613	4918	306	4565	4918
113532100	1	426	2.076E-117	3	4613	5509	112	106	0.835	3.698E-24	107	166	218	5118	5297	180	5118	5324
113532100	1	426	2.076E-117	3	4613	5509	115	105	0.910	1.930E-23	163	216	218	5348	5509	162	5246	5515
113948168	-1	573	1.164E-161	4	23652	26506	1292	129	0.432	1.943E-29	77	241	864	-26506	-26027	480	26656	26015
113948168	-1	573	1.164E-161	4	23652	26506	1302	171	0.558	1.450E-44	238	395	864	-25978	-25508	471	26011	25487
113948168	-1	573	1.164E-161	4	23652	26506	1304	66	0.501	2.905E-10	396	463	864	-25444	-25241	204	25456	25235
113948168	-1	573	1.164E-161	4	23652	26506	1337	272	0.567	2.238E-77	529	776	864	-24386	-23652	735	24476	23595
113959413	1	413	1.701E-113	3	4613	5506	103	220	1.000	7.855E-63	8	109	219	4613	4918	306	4565	4918
113959413	1	413	1.701E-113	3	4613	5506	112	105	0.829	6.974E-24	107	166	219	5118	5297	180	5118	5324
113959413	1	413	1.701E-113	3	4613	5506	115	93	0.827	3.563E-19	163	215	219	5348	5506	159	5246	5515
114678786	1	408	5.443E-112	3	4613	5506	103	218	1.000	3.813E-62	8	109	219	4613	4918	306	4565	4918
114678786	1	408	5.443E-112	3	4613	5506	112	102	0.807	8.819E-23	107	166	219	5118	5297	180	5118	5324
114678786	1	408	5.443E-112	3	4613	5506	115	93	0.824	4.891E-19	163	215	219	5348	5506	159	5246	5515
114791065	1	284	1.158E-74	1	597	2051	34	284	0.356	5.377E-78	291	713	733	597	2051	1455	483	2057
114801969	1	411	6.804E-113	3	4613	5506	103	218	1.000	2.780E-62	8	109	219	4613	4918	306	4565	4918
114801969	1	411	6.804E-113	3	4613	5506	112	107	0.841	1.961E-24	107	166	219	5118	5297	180	5118	5324
114801969	1	411	6.804E-113	3	4613	5506	115	91	0.808	2.386E-18	163	215	219	5348	5506	159	5246	5515
114996865	1	395	4.459E-108	3	4613	5497	103	218	1.000	3.813E-62	8	109	219	4613	4918	306	4565	4918
114996865	1	395	4.459E-108	3	4613	5497	112	106	0.832	5.078E-24	107	166	219	5118	5297	180	5118	5324
114996865	1	395	4.459E-108	3	4613	5497	115	76	0.729	2.162E-13	163	212	219	5348	5497	150	5246	5515
116153656	-1	822	1.287E-236	6	23323	26506	1292	143	0.487	1.820E-34	127	283	908	-26506	-26036	471	26656	26015
116153656	-1	822	1.287E-236	6	23323	26506	1302	179	0.607	2.658E-47	291	439	908	-25954	-25508	447	26011	25487
116153656	-1	822	1.287E-236	6	23323	26506	1304	63	0.482	3.700E-09	440	507	908	-25444	-25241	204	25456	25235
116153656	-1	822	1.287E-236	6	23323	26506	1323	44	0.432	1.284E-02	517	569	908	-24622	-24464	159	24643	24458
116153656	-1	822	1.287E-236	6	23323	26506	1337	269	0.563	2.015E-76	573	820	908	-24386	-23652	735	24476	23595
116153656	-1	822	1.287E-236	6	23323	26506	1341	136	0.746	5.465E-34	820	907	908	-23586	-23323	264	23598	23323
116787540	1	172	6.011E-41	3	20027	21028	456	36	0.520	1.963E+00	10	43	254	20027	20119	93	20000	20122
116787540	1	172	6.011E-41	3	20027	21028	475	139	0.700	1.546E-32	79	174	254	20436	20726	291	20433	21131
116787540	1	172	6.011E-41	3	20027	21028	473	52	0.735	5.574E-06	197	229	254	20930	21028	99	20924	21031
116850763	1	166	3.847E-39	2	20436	21028	475	134	0.679	6.541E-31	85	180	260	20436	20726	291	20433	21131
116850763	1	166	3.847E-39	2	20436	21028	473	53	0.745	2.943E-06	203	235	260	20930	21028	99	20924	21031
116954581	1	170	2.404E-40	2	20439	21028	475	138	0.705	2.113E-32	77	171	237	20439	20726	288	20433	21131
116954581	1	170	2.404E-40	2	20439	21028	473	53	0.755	1.554E-06	194	226	237	20930	21028	99	20924	21031
117080000	1	169	4.809E-40	3	20051	21031	456	34	0.671	1.870E+01	18	40	296	20051	20119	69	20000	20122
117080000	1	169	4.809E-40	3	20051	21031	475	128	0.634	5.141E-29	74	174	296	20439	20738	300	20433	21131
117080000	1	169	4.809E-40	3	20051	21031	473	54	0.746	8.205E-07	191	224	296	20930	21031	102	20924	21031
117085459	1	144	1.614E-32	2	20033	20738	456	42	0.681	1.588E-02	11	39	233	20033	20119	87	20000	20122
117085459	1	144	1.614E-32	2	20033	20738	475	134	0.661	8.935E-31	73	172	233	20439	20738	300	20433	21131
117116827	1	317	1.348E-84	2	4613	5294	103	215	0.988	4.776E-61	8	109	179	4613	4918	306	4565	4918
117116827	1	317	1.348E-84	2	4613	5294	112	104	0.830	2.480E-23	107	165	179	5118	5294	177	5118	5324
117131104	1	415	4.253E-114	3	4613	5506	103	220	1.000	7.855E-63	8	109	219	4613	4918	306	4565	4918
117131104	1	415	4.253E-114	3	4613	5506	112	108	0.852	5.516E-25	107	166	219	5118	5297	180	5118	5324
117131104	1	415	4.253E-114	3	4613	5506	115	92	0.817	9.220E-19	163	215	219	5348	5506	159	5246	5515
117183858	1	406	2.177E-111	3	4613	5515	103	214	0.986	6.551E-61	8	109	219	4613	4918	306	4565	4918
117183858	1	406	2.177E-111	3	4613	5515	112	105	0.829	6.974E-24	107	166	219	5118	5297	180	5118	5324
117183858	1	406	2.177E-111	3	4613	5515	115	92	0.782	6.715E-19	163	218	219	5348	5515	168	5246	5515
117235466	1	218	8.542E-55	1	4607	4915	103	218	0.992	3.813E-62	0	102	103	4607	4915	309	4565	4918
117259245	1	392	3.567E-107	3	4613	5497	103	214	0.984	8.985E-61	8	109	219	4613	4918	306	4565	4918
117259245	1	392	3.567E-107	3	4613	5497	112	101	0.798	2.284E-22	107	166	219	5118	5297	180	5118	5324
117259245	1	392	3.567E-107	3	4613	5497	115	82	0.776	2.551E-15	163	212	219	5348	5497	150	5246	5515
117288008	1	95	9.084E-18	1	5118	5297	112	95	0.756	2.665E-20	21	80	83	5118	5297	180	5118	5324
117294782	1	231	1.043E-58	2	4613	5512	103	210	0.966	2.904E-59	8	109	218	4613	4918	306	4565	4918
117294782	1	231	1.043E-58	2	4613	5512	115	73	0.647	2.733E-12	163	217	218	5348	5512	165	5246	5515
117299449	1	170	2.404E-40	2	5118	5512	112	97	0.770	5.452E-21	107	166	220	5118	5297	180	5118	5324
117299449	1	170	2.404E-40	2	5118	5512	115	76	0.672	2.162E-13	163	217	220	5348	5512	165	5246	5515
117315465	1	328	6.581E-88	2	4613	5291	103	222	1.000	2.220E-63	8	109	167	4613	4918	306	4565	4918
117315465	1	328	6.581E-88	2	4613	5291	112	108	0.878	5.516E-25	107	164	167	5118	5291	174	5118	5324
117316807	-1	275	5.927E-72	2	23323	24107	1337	151	0.519	1.042E-35	12	162	250	-24107	-23652	456	24476	23595
117316807	-1	275	5.927E-72	2	23323	24107	1341	124	0.692	3.865E-30	162	249	250	-23586	-23323	264	23598	23323
117341636	1	415	4.253E-114	3	4613	5509	103	224	1.000	4.573E-64	8	109	220	4613	4918	306	4565	4918
117341636	1	415	4.253E-114	3	4613	5509	112	106	0.832	5.078E-24	107	166	220	5118	5297	180	5118	5324
117341636	1	415	4.253E-114	3	4613	5509	115	90	0.788	4.498E-18	163	216	220	5348	5509	162	5246	5515
117349403	-1	278	7.409E-73	3	23934	25444	1304	66	0.499	3.993E-10	38	104	370	-25444	-25241	204	25456	25235
117349403	-1	278	7.409E-73	3	23934	25444	1323	49	0.473	2.013E-04	114	166	370	-24622	-24464	159	24643	24458
117349403	-1	278	7.409E-73	3	23934	25444	1337	173	0.584	2.900E-43	170	319	370	-24386	-23934	453	24476	23595
117401409	1	170	2.404E-40	1	600	2051	34	170	0.257	9.626E-40	145	470	952	600	2051	1452	483	2057
117425049	1	383	1.826E-104	3	4613	5512	103	208	0.960	1.028E-58	8	109	220	4613	4918	306	4565	4918
117425049	1	383	1.826E-104	3	4613	5512	112	99	0.784	1.116E-21	107	166	220	5118	5297	180	5118	5324
117425049	1	383	1.826E-104	3	4613	5512	115	81	0.712	3.503E-15	163	217	220	5348	5512	165	5246	5515
117446021	1	111	1.386E-22	1	1722	2051	34	111	0.524	7.873E-21	0	109	126	1722	2051	330	483	2057
117447661	1	107	2.218E-21	1	1722	2054	34	107	0.505	1.362E-19	0	110	123	1722	2054	333	483	2057
117477234	1	163	3.078E-38	1	597	1544	34	163	0.325	1.519E-37	288	602	608	597	1544	948	483	2057
117478238	1	153	3.152E-35	1	567	1511	34	153	0.311	4.508E-34	73	385	386	567	1511	945	483	2057
117486785	-1	260	1.942E-67	5	23323	26506	1292	115	0.407	1.080E-24	99	257	887	-26506	-26033	474	26656	26015
117486785	-1	260	1.942E-67	5	23323	26506	1302	168	0.529	1.316E-43	249	414	887	-25999	-25508	492	26011	25487
117486785	-1	260	1.942E-67	5	23323	26506	1304	63	0.497	5.085E-09	415	479	887	-25444	-25250	195	25456	25235
117486785	-1	260	1.942E-67	5	23323	26506	1323	47	0.433	9.947E-04	493	549	887	-24628	-24458	171	24643	24458
117486785	-1	260	1.942E-67	5	23323	26506	1341	132	0.728	9.437E-33	799	886	887	-23586	-23323	264	23598	23323
117558067	1	165	7.694E-39	2	5118	5512	112	94	0.751	5.027E-20	108	167	221	5118	5297	180	5118	5324
117558067	1	165	7.694E-39	2	5118	5512	115	74	0.650	1.990E-12	164	218	221	5348	5512	165	5246	5515
117558343	-1	410	1.361E-112	3	23652	25993	1302	151	0.490	1.370E-37	275	438	903	-25993	-25508	486	26011	25487
117558343	-1	410	1.361E-112	3	23652	25993	1304	61	0.470	1.815E-08	439	506	903	-25444	-25241	204	25456	25235
117558343	-1	410	1.361E-112	3	23652	25993	1337	263	0.559	3.057E-74	574	815	903	-24383	-23652	732	24476	23595
117561073	-1	775	1.811E-222	6	23323	26506	1292	133	0.442	8.522E-31	82	246	869	-26506	-26027	480	26656	26015
117561073	-1	775	1.811E-222	6	23323	26506	1302	157	0.527	6.491E-40	243	398	869	-25978	-25514	465	26011	25487
117561073	-1	775	1.811E-222	6	23323	26506	1304	59	0.447	8.912E-08	401	470	869	-25444	-25235	210	25456	25235
117561073	-1	775	1.811E-222	6	23323	26506	1323	46	0.445	3.572E-03	478	530	869	-24622	-24464	159	24643	24458
117561073	-1	775	1.811E-222	6	23323	26506	1337	261	0.549	1.073E-73	534	781	869	-24386	-23652	735	24476	23595
117561073	-1	775	1.811E-222	6	23323	26506	1341	128	0.709	2.237E-31	781	868	869	-23586	-23323	264	23598	23323
117564131	1	404	8.709E-111	3	4613	5497	103	217	0.996	9.839E-62	8	109	219	4613	4918	306	4565	4918
117564131	1	404	8.709E-111	3	4613	5497	112	107	0.843	1.428E-24	107	166	219	5118	5297	180	5118	5324
117564131	1	404	8.709E-111	3	4613	5497	115	85	0.800	2.772E-16	163	212	219	5348	5497	150	5246	5515
117588123	1	398	5.574E-109	3	4613	5497	103	220	1.000	7.855E-63	8	109	219	4613	4918	306	4565	4918
117588123	1	398	5.574E-109	3	4613	5497	112	109	0.883	2.926E-25	107	164	219	5118	5291	174	5118	5324
117588123	1	398	5.574E-109	3	4613	5497	115	72	0.692	7.079E-12	163	212	219	5348	5497	150	5246	5515
117590062	1	154	1.576E-35	1	1389	2048	34	154	0.399	1.860E-34	22	238	270	1389	2048	660	483	2057
117592496	1	269	3.793E-70	1	783	1943	34	269	0.401	6.652E-73	3	386	391	783	1943	1161	483	2057
117618539	-1	326	2.632E-87	2	23323	24389	1337	209	0.455	1.345E-55	130	381	460	-24389	-23637	753	24476	23595
117618539	-1	326	2.632E-87	2	23323	24389	1341	126	0.698	1.495E-30	372	459	460	-23586	-23323	264	23598	23323
117634980	1	427	1.038E-117	3	4613	5509	103	220	1.000	5.727E-63	8	109	218	4613	4918	306	4565	4918
117634980	1	427	1.038E-117	3	4613	5509	112	106	0.835	3.698E-24	107	166	218	5118	5297	180	5118	5324
117634980	1	427	1.038E-117	3	4613	5509	115	106	0.913	1.406E-23	163	216	218	5348	5509	162	5246	5515
123193572	1	216	3.417E-54	1	597	1721	34	216	0.350	4.545E-55	289	665	666	597	1721	1125	483	2057
123504740	-1	702	1.710E-200	5	23323	26506	1292	136	0.453	5.101E-32	77	240	865	-26506	-26033	474	26656	26015
123504740	-1	702	1.710E-200	5	23323	26506	1302	168	0.576	1.803E-43	246	394	865	-25957	-25514	444	26011	25487
123504740	-1	702	1.710E-200	5	23323	26506	1304	65	0.489	7.542E-10	397	465	865	-25444	-25238	207	25456	25235
123504740	-1	702	1.710E-200	5	23323	26506	1337	270	0.566	1.076E-76	530	776	865	-24386	-23655	732	24476	23595
123504740	-1	702	1.710E-200	5	23323	26506	1341	128	0.716	2.237E-31	778	864	865	-23583	-23323	261	23598	23323
123992903	-1	153	3.152E-35	1	25508	25993	1302	153	0.496	2.073E-38	42	205	261	-25993	-25508	486	26011	25487
124166673	1	323	2.106E-86	1	597	2051	34	323	0.388	3.537E-91	288	774	793	597	2051	1455	483	2057
124495765	1	214	1.367E-53	1	597	1736	34	214	0.345	2.820E-54	5	384	393	597	1736	1140	483	2057
124733213	-1	390	1.427E-106	3	23323	25993	1302	158	0.503	4.738E-40	168	333	791	-25993	-25502	492	26011	25487
124733213	-1	390	1.427E-106	3	23323	25993	1337	239	0.518	6.226E-66	465	703	791	-24383	-23652	732	24476	23595
124733213	-1	390	1.427E-106	3	23323	25993	1341	126	0.680	1.089E-30	700	790	791	-23595	-23323	273	23598	23323
125557955	1	331	8.226E-89	1	597	2048	34	331	0.397	3.816E-94	78	525	546	597	2048	1452	483	2057
125652170	1	403	1.742E-110	3	4613	5512	103	222	1.000	2.220E-63	8	109	219	4613	4918	306	4565	4918
125652170	1	403	1.742E-110	3	4613	5512	112	107	0.841	1.961E-24	107	166	219	5118	5297	180	5118	5324
125652170	1	403	1.742E-110	3	4613	5512	115	79	0.696	1.710E-14	163	217	219	5348	5512	165	5246	5515
126030332	1	402	3.484E-110	3	4613	5497	103	222	1.000	2.220E-63	8	109	219	4613	4918	306	4565	4918
126030332	1	402	3.484E-110	3	4613	5497	112	109	0.855	4.017E-25	107	166	219	5118	5297	180	5118	5324
126030332	1	402	3.484E-110	3	4613	5497	115	76	0.722	4.076E-13	163	212	219	5348	5497	150	5246	5515
126551897	-1	543	1.250E-152	4	23652	26506	1292	117	0.405	2.273E-25	130	292	906	-26506	-26027	480	26656	26015
126551897	-1	543	1.250E-152	4	23652	26506	1302	166	0.545	6.355E-43	289	446	906	-25978	-25508	471	26011	25487
126551897	-1	543	1.250E-152	4	23652	26506	1304	72	0.568	4.660E-12	448	510	906	-25441	-25253	189	25456	25235
126551897	-1	543	1.250E-152	4	23652	26506	1337	256	0.547	4.631E-72	579	818	906	-24386	-23652	735	24476	23595
126553112	1	230	2.085E-58	2	4613	5491	103	211	0.969	1.544E-59	8	109	214	4613	4918	306	4565	4918
126553112	1	230	2.085E-58	2	4613	5491	115	71	0.709	1.335E-11	163	210	214	5348	5491	144	5246	5515
126689208	-1	696	1.095E-198	5	23323	26527	1292	140	0.450	3.049E-33	56	225	851	-26527	-26033	495	26656	26015
126689208	-1	696	1.095E-198	5	23323	26527	1302	169	0.535	5.113E-44	218	382	851	-25990	-25508	483	26011	25487
126689208	-1	696	1.095E-198	5	23323	26527	1304	63	0.494	6.990E-09	383	447	851	-25444	-25250	195	25456	25235
126689208	-1	696	1.095E-198	5	23323	26527	1337	266	0.558	1.814E-75	516	763	851	-24386	-23652	735	24476	23595
126689208	-1	696	1.095E-198	5	23323	26527	1341	129	0.715	8.654E-32	763	850	851	-23586	-23323	264	23598	23323
127752817	1	308	6.900E-82	1	597	2051	34	308	0.377	3.410E-86	66	542	561	597	2051	1455	483	2057
127795347	1	239	4.073E-61	1	1089	2051	34	239	0.417	1.255E-62	39	363	383	1089	2051	963	483	2057
128576008	-1	549	1.953E-154	4	23652	26509	1292	141	0.471	1.630E-33	99	256	879	-26509	-26027	483	26656	26015
128576008	-1	549	1.953E-154	4	23652	26509	1302	179	0.581	1.415E-47	253	410	879	-25978	-25508	471	26011	25487
128576008	-1	549	1.953E-154	4	23652	26509	1304	64	0.489	1.425E-09	411	478	879	-25444	-25241	204	25456	25235
128576008	-1	549	1.953E-154	4	23652	26509	1337	231	0.501	1.753E-63	545	791	879	-24389	-23652	738	24476	23595
128633182	1	217	1.708E-54	1	4613	4918	103	217	0.997	7.173E-62	5	106	170	4613	4918	306	4565	4918
129228274	1	248	7.956E-64	1	1044	2051	34	248	0.415	1.087E-65	2	340	361	1044	2051	1008	483	2057
129766718	-1	725	2.039E-207	5	23323	26518	1292	133	0.436	8.522E-31	40	207	830	-26518	-26027	492	26656	26015
129766718	-1	725	2.039E-207	5	23323	26518	1302	176	0.571	2.413E-46	204	361	830	-25978	-25508	471	26011	25487
129766718	-1	725	2.039E-207	5	23323	26518	1304	68	0.520	5.926E-11	362	428	830	-25444	-25244	201	25456	25235
129766718	-1	725	2.039E-207	5	23323	26518	1337	278	0.579	1.076E-79	495	742	830	-24386	-23652	735	24476	23595
129766718	-1	725	2.039E-207	5	23323	26518	1341	135	0.744	7.500E-34	742	829	830	-23586	-23323	264	23598	23323
129788143	1	252	4.972E-65	1	1020	2048	34	252	0.418	2.728E-67	7	321	342	1020	2048	1029	483	2057
129810177	1	299	3.533E-79	2	4613	5297	103	207	0.956	1.934E-58	44	145	251	4613	4918	306	4565	4918
129810177	1	299	3.533E-79	2	4613	5297	112	94	0.748	6.904E-20	143	202	251	5118	5297	180	5118	5324
130417720	1	209	4.374E-52	1	4613	4918	103	209	0.961	7.493E-59	8	109	188	4613	4918	306	4565	4918
130632975	1	403	1.742E-110	3	4613	5497	103	220	1.000	5.727E-63	8	109	218	4613	4918	306	4565	4918
130632975	1	403	1.742E-110	3	4613	5497	112	109	0.883	2.926E-25	107	164	218	5118	5291	174	5118	5324
130632975	1	403	1.742E-110	3	4613	5497	115	77	0.735	1.146E-13	163	212	218	5348	5497	150	5246	5515
130808930	1	220	2.136E-55	1	1383	2048	34	220	0.523	1.595E-56	129	350	371	1383	2048	666	483	2057
131082726	1	176	3.757E-42	3	20045	21028	456	40	0.898	1.089E-01	15	34	227	20045	20104	60	20000	20122
131082726	1	176	3.757E-42	3	20045	21028	475	142	0.720	1.272E-33	74	168	227	20439	20726	288	20433	21131
131082726	1	176	3.757E-42	3	20045	21028	473	53	0.745	2.943E-06	191	223	227	20930	21028	99	20924	21031
131166715	1	181	1.174E-43	3	20015	21031	456	40	0.557	7.897E-02	6	40	238	20015	20119	105	20000	20122
131166715	1	181	1.174E-43	3	20015	21031	475	131	0.654	7.925E-30	74	172	238	20439	20735	297	20433	21131
131166715	1	181	1.174E-43	3	20015	21031	473	56	0.766	2.289E-07	188	221	238	20930	21031	102	20924	21031
131170453	1	184	1.468E-44	3	20009	21031	456	38	0.505	5.424E-01	4	40	293	20009	20119	111	20000	20122
131170453	1	184	1.468E-44	3	20009	21031	475	134	0.661	8.935E-31	74	173	293	20439	20738	300	20433	21131
131170453	1	184	1.468E-44	3	20009	21031	473	57	0.786	6.389E-08	188	221	293	20930	21031	102	20924	21031
131245773	1	225	6.674E-57	4	20045	21028	456	35	0.652	5.155E+00	18	42	250	20045	20119	75	20000	20122
131245773	1	225	6.674E-57	4	20045	21028	475	135	0.689	3.505E-31	78	172	250	20439	20726	288	20433	21131
131245773	1	225	6.674E-57	4	20045	21028	471	33	0.701	1.922E+01	174	194	250	20794	20856	63	20782	20856
131245773	1	225	6.674E-57	4	20045	21028	473	53	0.745	2.943E-06	195	227	250	20930	21028	99	20924	21031
131409241	1	172	6.011E-41	2	20439	21031	475	136	0.696	1.006E-31	81	175	235	20439	20726	288	20433	21131
131409241	1	172	6.011E-41	2	20439	21031	473	57	0.776	1.209E-07	198	231	235	20930	21031	102	20924	21031
131419263	1	144	1.614E-32	2	20009	20726	456	43	0.616	1.153E-02	3	35	233	20009	20104	96	20000	20122
131419263	1	144	1.614E-32	2	20009	20726	475	139	0.706	1.546E-32	75	169	233	20439	20726	288	20433	21131
131455620	1	178	9.392E-43	3	20036	20856	456	38	0.641	3.933E-01	7	34	219	20036	20119	84	20000	20122
131455620	1	178	9.392E-43	3	20036	20856	475	144	0.694	1.951E-34	67	168	219	20439	20738	300	20433	21131
131455620	1	178	9.392E-43	3	20036	20856	471	34	0.713	3.855E+00	161	182	219	20791	20856	66	20782	20856
131685889	1	305	5.520E-81	2	4613	5297	103	213	0.981	1.690E-60	8	109	215	4613	4918	306	4565	4918
131685889	1	305	5.520E-81	2	4613	5297	112	94	0.748	6.904E-20	107	166	215	5118	5297	180	5118	5324
131688063	1	404	8.709E-111	3	4613	5506	103	212	0.976	4.361E-60	8	109	219	4613	4918	306	4565	4918
131688063	1	404	8.709E-111	3	4613	5506	112	105	0.829	6.974E-24	107	166	219	5118	5297	180	5118	5324
131688063	1	404	8.709E-111	3	4613	5506	115	92	0.821	6.715E-19	163	215	219	5348	5506	159	5246	5515
131692180	-1	740	6.222E-212	5	23323	26506	1292	145	0.483	7.109E-35	55	214	836	-26506	-26033	474	26656	26015
131692180	-1	740	6.222E-212	5	23323	26506	1302	169	0.552	7.006E-44	213	370	836	-25978	-25508	471	26011	25487
131692180	-1	740	6.222E-212	5	23323	26506	1304	74	0.576	6.922E-13	371	434	836	-25444	-25253	192	25456	25235
131692180	-1	740	6.222E-212	5	23323	26506	1337	286	0.597	3.771E-82	504	748	836	-24383	-23652	732	24476	23595
131692180	-1	740	6.222E-212	5	23323	26506	1341	132	0.727	1.295E-32	748	835	836	-23586	-23323	264	23598	23323
131729127	1	403	1.742E-110	3	4613	5506	103	214	0.986	6.551E-61	8	109	219	4613	4918	306	4565	4918
131729127	1	403	1.742E-110	3	4613	5506	112	105	0.829	6.974E-24	107	166	219	5118	5297	180	5118	5324
131729127	1	403	1.742E-110	3	4613	5506	115	89	0.792	1.164E-17	163	215	219	5348	5506	159	5246	5515
131789577	1	226	3.337E-57	2	4613	5491	103	206	0.950	6.844E-58	8	109	215	4613	4918	306	4565	4918
131789577	1	226	3.337E-57	2	4613	5491	115	73	0.740	2.733E-12	164	210	215	5351	5491	141	5246	5515
131836413	1	192	5.733E-47	2	5118	5506	112	100	0.793	4.308E-22	36	95	149	5118	5297	180	5118	5324
131836413	1	192	5.733E-47	2	5118	5506	115	95	0.843	7.304E-20	92	144	149	5348	5506	159	5246	5515
131876731	1	300	1.766E-79	2	4613	5291	103	206	0.951	4.990E-58	8	109	214	4613	4918	306	4565	4918
131876731	1	300	1.766E-79	2	4613	5291	112	96	0.791	7.488E-21	107	164	214	5118	5291	174	5118	5324
131879660	-1	294	1.131E-77	5	23323	26506	1292	129	0.445	1.422E-29	95	253	881	-26506	-26033	474	26656	26015
131879660	-1	294	1.131E-77	5	23323	26506	1302	173	0.546	3.001E-45	246	409	881	-25996	-25508	489	26011	25487
131879660	-1	294	1.131E-77	5	23323	26506	1304	63	0.493	3.700E-09	410	475	881	-25444	-25247	198	25456	25235
131879660	-1	294	1.131E-77	5	23323	26506	1323	51	0.445	4.079E-05	481	540	881	-24643	-24464	180	24643	24458
131879660	-1	294	1.131E-77	5	23323	26506	1341	137	0.751	2.114E-34	793	880	881	-23586	-23323	264	23598	23323
131886750	1	210	2.187E-52	1	4613	4918	103	210	0.968	2.117E-59	5	106	135	4613	4918	306	4565	4918
131897651	-1	798	2.159E-229	6	23323	26506	1292	133	0.447	6.233E-31	66	228	853	-26506	-26033	474	26656	26015
131897651	-1	798	2.159E-229	6	23323	26506	1302	160	0.528	5.226E-41	227	385	853	-25978	-25505	474	26011	25487
131897651	-1	798	2.159E-229	6	23323	26506	1304	66	0.510	3.993E-10	386	451	853	-25441	-25244	198	25456	25235
131897651	-1	798	2.159E-229	6	23323	26506	1323	48	0.425	3.814E-04	455	514	853	-24643	-24464	180	24643	24458
131897651	-1	798	2.159E-229	6	23323	26506	1337	269	0.563	1.472E-76	518	765	853	-24386	-23652	735	24476	23595
131897651	-1	798	2.159E-229	6	23323	26506	1341	123	0.685	1.371E-29	765	852	853	-23586	-23323	264	23598	23323
131958856	1	398	5.574E-109	3	4613	5506	103	218	1.000	2.780E-62	8	109	221	4613	4918	306	4565	4918
131958856	1	398	5.574E-109	3	4613	5506	112	100	0.747	5.916E-22	107	170	221	5118	5309	192	5118	5324
131958856	1	398	5.574E-109	3	4613	5506	115	89	0.795	8.479E-18	163	215	221	5348	5506	159	5246	5515
131966520	1	404	8.709E-111	3	4613	5506	103	216	0.994	1.349E-61	8	109	219	4613	4918	306	4565	4918
131966520	1	404	8.709E-111	3	4613	5506	112	108	0.805	5.516E-25	107	170	219	5118	5309	192	5118	5324
131966520	1	404	8.709E-111	3	4613	5506	115	89	0.798	6.176E-18	163	215	219	5348	5506	159	5246	5515
131986752	-1	186	3.669E-45	1	25508	25993	1302	186	0.585	4.865E-50	104	266	285	-25993	-25508	486	26011	25487
131987384	1	201	1.120E-49	1	1470	2051	34	201	0.541	4.650E-50	19	212	233	1470	2051	582	483	2057
132020907	1	169	4.809E-40	1	1428	2051	34	169	0.446	2.355E-39	22	228	247	1428	2051	624	483	2057
132049609	-1	179	4.696E-43	4	23323	26527	1292	123	0.415	2.108E-27	89	254	882	-26527	-26033	495	26656	26015
132049609	-1	179	4.696E-43	4	23323	26527	1302	168	0.534	1.316E-43	247	410	882	-25996	-25508	489	26011	25487
132049609	-1	179	4.696E-43	4	23323	26527	1304	72	0.549	3.391E-12	411	476	882	-25444	-25247	198	25456	25235
132049609	-1	179	4.696E-43	4	23323	26527	1341	137	0.753	1.541E-34	794	881	882	-23586	-23323	264	23598	23323
132069112	1	218	8.542E-55	1	4607	4915	103	218	0.994	2.780E-62	0	102	103	4607	4915	309	4565	4918
132088430	1	418	5.316E-115	3	4613	5506	103	221	1.000	4.176E-63	8	109	219	4613	4918	306	4565	4918
132088430	1	418	5.316E-115	3	4613	5506	112	106	0.838	2.693E-24	107	166	219	5118	5297	180	5118	5324
132088430	1	418	5.316E-115	3	4613	5506	115	96	0.849	3.875E-20	163	215	219	5348	5506	159	5246	5515
132102816	1	409	2.722E-112	3	4613	5509	103	218	1.000	2.780E-62	8	109	219	4613	4918	306	4565	4918
132102816	1	409	2.722E-112	3	4613	5509	112	105	0.827	9.576E-24	107	166	219	5118	5297	180	5118	5324
132102816	1	409	2.722E-112	3	4613	5509	115	91	0.798	1.738E-18	163	216	219	5348	5509	162	5246	5515
132111892	-1	416	2.126E-114	3	23652	25975	1302	188	0.603	1.890E-50	95	252	718	-25975	-25505	471	26011	25487
132111892	-1	416	2.126E-114	3	23652	25975	1304	66	0.497	5.488E-10	253	320	718	-25441	-25241	201	25456	25235
132111892	-1	416	2.126E-114	3	23652	25975	1337	227	0.497	7.522E-62	388	630	718	-24383	-23652	732	24476	23595
132132011	1	150	2.521E-34	1	1551	2048	34	150	0.483	3.549E-33	0	165	166	1551	2048	498	483	2057
132132178	1	256	3.108E-66	1	1053	2057	34	256	0.430	1.262E-68	0	333	337	1053	2057	1005	483	2057
132132648	1	233	2.607E-59	1	1089	1967	34	233	0.443	6.710E-61	4	288	390	1089	1967	879	483	2057
132141703	-1	803	6.746E-231	6	23323	26506	1292	129	0.432	1.943E-29	71	235	858	-26506	-26027	480	26656	26015
132141703	-1	803	6.746E-231	6	23323	26506	1302	168	0.557	9.600E-44	232	387	858	-25978	-25514	465	26011	25487
132141703	-1	803	6.746E-231	6	23323	26506	1304	70	0.521	2.283E-11	390	457	858	-25444	-25241	204	25456	25235
132141703	-1	803	6.746E-231	6	23323	26506	1323	47	0.409	1.369E-03	460	520	858	-24643	-24461	183	24643	24458
132141703	-1	803	6.746E-231	6	23323	26506	1337	268	0.561	3.775E-76	523	770	858	-24386	-23652	735	24476	23595
132141703	-1	803	6.746E-231	6	23323	26506	1341	124	0.692	3.865E-30	770	857	858	-23586	-23323	264	23598	23323
132160435	1	324	1.053E-86	2	4613	5294	103	220	1.000	5.727E-63	8	109	167	4613	4918	306	4565	4918
132160435	1	324	1.053E-86	2	4613	5294	112	106	0.847	3.698E-24	107	165	167	5118	5294	177	5118	5324
138495834	-1	272	4.742E-71	2	23652	25993	1302	153	0.496	2.073E-38	170	333	797	-25993	-25508	486	26011	25487
138495834	-1	272	4.742E-71	2	23652	25993	1337	251	0.535	3.741E-70	467	709	797	-24389	-23652	738	24476	23595
138728006	1	193	2.866E-47	2	5139	5509	112	98	0.793	1.532E-21	0	56	104	5139	5315	177	5118	5324
138728006	1	193	2.866E-47	2	5139	5509	115	102	0.885	2.434E-22	49	102	104	5348	5509	162	5246	5515
139169410	1	167	1.924E-39	1	1545	2048	34	167	0.521	1.045E-38	78	245	266	1545	2048	504	483	2057
139251122	1	388	5.708E-106	3	4613	5512	103	211	0.971	1.125E-59	8	109	220	4613	4918	306	4565	4918
139251122	1	388	5.708E-106	3	4613	5512	112	98	0.776	2.891E-21	107	166	220	5118	5297	180	5118	5324
139251122	1	388	5.708E-106	3	4613	5512	115	84	0.730	5.227E-16	163	217	220	5348	5512	165	5246	5515
139541417	-1	371	7.481E-101	3	23652	26521	1292	109	0.375	1.576E-22	133	300	921	-26521	-26033	489	26656	26015
139541417	-1	371	7.481E-101	3	23652	26521	1302	153	0.497	1.513E-38	294	457	921	-25993	-25508	486	26011	25487
139541417	-1	371	7.481E-101	3	23652	26521	1337	246	0.527	2.206E-68	590	833	921	-24389	-23652	738	24476	23595
140152991	-1	698	2.736E-199	5	23323	26524	1292	134	0.432	4.559E-31	20	190	813	-26524	-26027	498	26656	26015
140152991	-1	698	2.736E-199	5	23323	26524	1302	170	0.557	1.987E-44	187	344	813	-25978	-25508	471	26011	25487
140152991	-1	698	2.736E-199	5	23323	26524	1304	70	0.521	2.283E-11	345	412	813	-25444	-25241	204	25456	25235
140152991	-1	698	2.736E-199	5	23323	26524	1337	264	0.555	8.712E-75	478	725	813	-24386	-23652	735	24476	23595
140152991	-1	698	2.736E-199	5	23323	26524	1341	124	0.688	7.280E-30	725	812	813	-23586	-23323	264	23598	23323
140952395	1	192	5.733E-47	2	5118	5485	112	105	0.829	6.974E-24	6	65	108	5118	5297	180	5118	5324
140952395	1	192	5.733E-47	2	5118	5485	115	90	0.908	4.498E-18	62	107	108	5348	5485	138	5246	5515
141490617	1	282	4.631E-74	1	855	2051	34	282	0.407	1.850E-77	40	437	458	855	2051	1197	483	2057
141604837	1	276	2.964E-72	1	597	1754	34	276	0.410	2.584E-75	64	447	480	597	1754	1158	483	2057
141682463	1	402	3.484E-110	3	4613	5506	103	214	0.986	6.551E-61	8	109	219	4613	4918	306	4565	4918
141682463	1	402	3.484E-110	3	4613	5506	112	105	0.829	6.974E-24	107	166	219	5118	5297	180	5118	5324
141682463	1	402	3.484E-110	3	4613	5506	115	88	0.786	2.195E-17	163	215	219	5348	5506	159	5246	5515
141729143	-1	383	1.826E-104	3	23652	26512	1292	109	0.382	8.460E-23	118	282	904	-26512	-26033	480	26656	26015
141729143	-1	383	1.826E-104	3	23652	26512	1302	147	0.492	2.329E-36	281	439	904	-25978	-25508	471	26011	25487
141729143	-1	383	1.826E-104	3	23652	26512	1337	260	0.552	2.009E-73	573	816	904	-24389	-23652	738	24476	23595
141798419	1	309	3.450E-82	1	534	2051	34	309	0.366	1.835E-86	107	605	632	534	2051	1518	483	2057
141899609	1	164	1.539E-38	1	1383	1844	34	164	0.552	6.228E-38	84	237	238	1383	1844	462	483	2057
142085671	1	329	3.290E-88	1	597	2048	34	329	0.394	2.461E-93	170	656	677	597	2048	1452	483	2057
142088880	1	361	7.661E-98	1	600	2051	34	361	0.420	3.842E-104	39	526	546	600	2051	1452	483	2057
144170180	1	418	5.316E-115	3	4613	5509	103	222	1.000	2.220E-63	8	109	218	4613	4918	306	4565	4918
144170180	1	418	5.316E-115	3	4613	5509	112	106	0.832	5.078E-24	107	166	218	5118	5297	180	5118	5324
144170180	1	418	5.316E-115	3	4613	5509	115	95	0.832	5.320E-20	163	216	218	5348	5509	162	5246	5515
145416887	-1	656	1.203E-186	5	23652	26524	1292	124	0.410	6.043E-28	73	243	866	-26524	-26027	498	26656	26015
145416887	-1	656	1.203E-186	5	23652	26524	1302	168	0.555	1.803E-43	240	395	866	-25978	-25514	465	26011	25487
145416887	-1	656	1.203E-186	5	23652	26524	1304	65	0.497	1.037E-09	398	464	866	-25444	-25244	201	25456	25235
145416887	-1	656	1.203E-186	5	23652	26524	1323	48	0.420	3.814E-04	468	528	866	-24643	-24461	183	24643	24458
145416887	-1	656	1.203E-186	5	23652	26524	1337	256	0.541	4.631E-72	531	778	866	-24386	-23652	735	24476	23595
145632651	1	184	1.468E-44	2	20436	20856	475	147	0.735	2.991E-35	70	166	225	20436	20726	291	20433	21131
145632651	1	184	1.468E-44	2	20436	20856	471	36	0.752	7.747E-01	167	188	225	20791	20856	66	20782	20856
145659351	1	151	1.261E-34	2	20009	20744	456	36	0.449	1.963E+00	3	43	209	20009	20119	111	20000	20122
145659351	1	151	1.261E-34	2	20009	20744	475	148	0.693	8.566E-36	78	182	209	20439	20744	306	20433	21131
145660679	1	182	5.870E-44	3	20048	21028	456	40	0.942	1.089E-01	16	34	227	20048	20104	57	20000	20122
145660679	1	182	5.870E-44	3	20048	21028	475	148	0.746	1.171E-35	74	168	227	20439	20726	288	20433	21131
145660679	1	182	5.870E-44	3	20048	21028	473	53	0.750	2.138E-06	191	223	227	20930	21028	99	20924	21031
145712688	1	187	1.834E-45	2	20439	20856	475	151	0.759	1.312E-36	73	168	227	20439	20726	288	20433	21131
145712688	1	187	1.834E-45	2	20439	20856	471	35	0.751	2.796E+00	170	190	227	20794	20856	63	20782	20856
145874576	1	145	8.068E-33	2	20018	20726	456	40	0.646	1.089E-01	5	33	226	20018	20104	87	20000	20122
145874576	1	145	8.068E-33	2	20018	20726	475	143	0.727	3.645E-34	73	167	226	20439	20726	288	20433	21131
145972856	1	148	1.008E-33	2	20048	20726	456	34	0.661	9.817E+00	21	42	230	20048	20119	72	20000	20122
145972856	1	148	1.008E-33	2	20048	20726	475	146	0.738	5.590E-35	76	170	230	20439	20726	288	20433	21131
146115889	1	144	1.614E-32	2	20045	20726	456	40	0.898	1.089E-01	15	34	232	20045	20104	60	20000	20122
146115889	1	144	1.614E-32	2	20045	20726	475	142	0.722	9.305E-34	74	168	232	20439	20726	288	20433	21131
146178852	1	413	1.701E-113	3	4613	5509	103	220	1.000	1.077E-62	8	109	219	4613	4918	306	4565	4918
146178852	1	413	1.701E-113	3	4613	5509	112	105	0.829	6.974E-24	107	166	219	5118	5297	180	5118	5324
146178852	1	413	1.701E-113	3	4613	5509	115	93	0.810	4.891E-19	163	216	219	5348	5509	162	5246	5515
146185613	1	406	2.177E-111	3	4613	5506	103	214	0.986	6.551E-61	8	109	219	4613	4918	306	4565	4918
146185613	1	406	2.177E-111	3	4613	5506	112	105	0.827	9.576E-24	107	166	219	5118	5297	180	5118	5324
146185613	1	406	2.177E-111	3	4613	5506	115	92	0.817	9.220E-19	163	215	219	5348	5506	159	5246	5515
146243295	1	220	2.136E-55	1	4607	4915	103	220	1.000	5.727E-63	0	102	103	4607	4915	309	4565	4918
146278911	1	313	2.156E-83	1	600	2051	34	313	0.382	6.060E-88	9	490	511	600	2051	1452	483	2057
146284702	-1	147	2.017E-33	4	4646	5281	1773	32	0.537	4.687E+01	5	32	168	-5281	-5198	84	5281	5195
146284702	-1	147	2.017E-33	4	4646	5281	1774	37	0.828	4.111E-01	35	54	168	-5191	-5132	60	5191	5132
146284702	-1	147	2.017E-33	4	4646	5281	1783	40	0.358	3.965E-01	57	118	168	-4915	-4733	183	4933	4733
146284702	-1	147	2.017E-33	4	4646	5281	1785	40	0.680	6.804E-01	121	147	168	-4726	-4646	81	4729	4514
146290894	1	348	6.276E-94	1	546	2051	34	348	0.401	8.139E-100	437	932	949	546	2051	1506	483	2057
146293253	1	425	4.153E-117	3	4613	5509	103	222	1.000	2.220E-63	8	109	218	4613	4918	306	4565	4918
146293253	1	425	4.153E-117	3	4613	5509	112	109	0.789	2.926E-25	107	170	218	5118	5315	198	5118	5324
146293253	1	425	4.153E-117	3	4613	5509	115	103	0.895	9.409E-23	163	216	218	5348	5509	162	5246	5515
146293883	1	409	2.722E-112	3	4613	5506	103	218	1.000	3.813E-62	8	109	219	4613	4918	306	4565	4918
146293883	1	409	2.722E-112	3	4613	5506	112	104	0.821	1.806E-23	107	166	219	5118	5297	180	5118	5324
146293883	1	409	2.722E-112	3	4613	5506	115	92	0.817	9.220E-19	163	215	219	5348	5506	159	5246	5515
146306434	1	400	1.394E-109	3	4613	5506	103	211	0.969	1.544E-59	5	106	217	4613	4918	306	4565	4918
146306434	1	400	1.394E-109	3	4613	5506	112	104	0.818	2.480E-23	104	163	217	5118	5297	180	5118	5324
146306434	1	400	1.394E-109	3	4613	5506	115	90	0.801	4.498E-18	160	212	217	5348	5506	159	5246	5515
146343143	1	160	2.462E-37	1	1566	2051	34	160	0.518	2.197E-36	9	170	190	1566	2051	486	483	2057
146354972	1	406	2.177E-111	3	4613	5509	103	214	0.984	8.985E-61	8	109	219	4613	4918	306	4565	4918
146354972	1	406	2.177E-111	3	4613	5509	112	105	0.827	9.576E-24	107	166	219	5118	5297	180	5118	5324
146354972	1	406	2.177E-111	3	4613	5509	115	92	0.804	9.220E-19	163	216	219	5348	5509	162	5246	5515
146375630	1	404	8.709E-111	3	4613	5509	103	220	1.000	7.855E-63	8	109	219	4613	4918	306	4565	4918
146375630	1	404	8.709E-111	3	4613	5509	112	108	0.800	1.040E-24	107	170	219	5118	5309	192	5118	5324
146375630	1	404	8.709E-111	3	4613	5509	115	85	0.751	2.019E-16	163	216	219	5348	5509	162	5246	5515
146400973	-1	285	5.788E-75	2	23652	24622	1323	38	0.379	1.565E+00	78	131	461	-24622	-24461	162	24643	24458
146400973	-1	285	5.788E-75	2	23652	24622	1337	248	0.532	3.361E-69	134	373	461	-24386	-23652	735	24476	23595
146528842	1	134	1.652E-29	1	1677	2051	34	134	0.552	4.324E-28	4	128	149	1677	2051	375	483	2057
146530514	1	132	6.609E-29	1	1674	2051	34	132	0.542	1.850E-27	23	148	171	1674	2051	378	483	2057
146551644	-1	135	8.261E-30	3	5124	5490	1767	46	0.707	1.038E-03	12	41	118	-5490	-5401	90	5514	5401
146551644	-1	135	8.261E-30	3	5124	5490	1770	31	0.894	5.291E+01	44	58	118	-5394	-5350	45	5397	5350
146551644	-1	135	8.261E-30	3	5124	5490	1775	60	0.587	1.064E-07	57	106	118	-5273	-5124	150	5375	5121
146564495	-1	291	9.044E-77	2	23652	25978	1302	171	0.563	1.450E-44	140	295	746	-25978	-25514	465	26011	25487
146564495	-1	291	9.044E-77	2	23652	25978	1337	253	0.536	5.697E-71	430	677	746	-24386	-23652	735	24476	23595
146564841	1	171	1.202E-40	2	5118	5512	112	96	0.762	1.413E-20	107	166	220	5118	5297	180	5118	5324
146564841	1	171	1.202E-40	2	5118	5512	115	78	0.687	4.427E-14	163	217	220	5348	5512	165	5246	5515
146570734	-1	495	3.518E-138	4	23652	25978	1302	149	0.500	4.827E-37	173	330	801	-25978	-25508	471	26011	25487
146570734	-1	495	3.518E-138	4	23652	25978	1304	65	0.500	7.542E-10	331	397	801	-25444	-25244	201	25456	25235
146570734	-1	495	3.518E-138	4	23652	25978	1323	49	0.470	2.771E-04	408	460	801	-24622	-24464	159	24643	24458
146570734	-1	495	3.518E-138	4	23652	25978	1337	240	0.508	2.431E-66	463	713	801	-24389	-23652	738	24476	23595
146581711	1	201	1.120E-49	1	1440	2051	34	201	0.519	6.294E-50	0	203	222	1440	2051	612	483	2057
146619946	-1	134	1.652E-29	3	5124	5490	1767	46	0.707	1.038E-03	12	41	118	-5490	-5401	90	5514	5401
146619946	-1	134	1.652E-29	3	5124	5490	1770	31	0.894	5.291E+01	44	58	118	-5394	-5350	45	5397	5350
146619946	-1	134	1.652E-29	3	5124	5490	1775	59	0.580	2.009E-07	57	106	118	-5273	-5124	150	5375	5121
146644644	1	233	2.607E-59	2	4613	5506	103	209	0.963	5.463E-59	8	109	221	4613	4918	306	4565	4918
146644644	1	233	2.607E-59	2	4613	5506	115	76	0.693	2.162E-13	163	215	221	5348	5506	159	5246	5515
146674072	1	130	2.644E-28	1	1593	2051	34	130	0.460	7.898E-27	0	144	172	1593	2051	459	483	2057
146683824	-1	781	2.829E-224	6	23323	26506	1292	128	0.439	4.963E-29	71	228	851	-26506	-26027	480	26656	26015
146683824	-1	781	2.829E-224	6	23323	26506	1302	166	0.546	4.638E-43	225	382	851	-25978	-25508	471	26011	25487
146683824	-1	781	2.829E-224	6	23323	26506	1304	62	0.477	1.321E-08	383	449	851	-25444	-25244	201	25456	25235
146683824	-1	781	2.829E-224	6	23323	26506	1323	46	0.451	1.885E-03	460	512	851	-24622	-24464	159	24643	24458
146683824	-1	781	2.829E-224	6	23323	26506	1337	264	0.555	8.712E-75	516	763	851	-24386	-23652	735	24476	23595
146683824	-1	781	2.829E-224	6	23323	26506	1341	125	0.694	2.816E-30	763	850	851	-23586	-23323	264	23598	23323
150181215	1	141	1.291E-31	1	1566	2048	34	141	0.471	3.034E-30	3	163	180	1566	2048	483	483	2057
150185716	1	224	1.335E-56	1	1374	2051	34	224	0.523	1.025E-57	26	251	311	1374	2051	678	483	2057
152236727	-1	530	1.024E-148	4	23323	25993	1302	167	0.535	2.470E-43	221	383	852	-25993	-25508	486	26011	25487
152236727	-1	530	1.024E-148	4	23323	25993	1323	50	0.480	1.063E-04	461	513	852	-24622	-24464	159	24643	24458
152236727	-1	530	1.024E-148	4	23323	25993	1337	265	0.555	6.365E-75	517	764	852	-24386	-23652	735	24476	23595
152236727	-1	530	1.024E-148	4	23323	25993	1341	125	0.696	2.052E-30	764	851	852	-23586	-23323	264	23598	23323
152528641	1	416	2.126E-114	3	4613	5509	103	223	1.000	8.603E-64	8	109	219	4613	4918	306	4565	4918
152528641	1	416	2.126E-114	3	4613	5509	112	100	0.796	3.137E-22	107	166	219	5118	5297	180	5118	5324
152528641	1	416	2.126E-114	3	4613	5509	115	98	0.854	5.787E-21	163	216	219	5348	5509	162	5246	5515
152683791	-1	282	4.631E-74	5	23323	26440	1292	124	0.484	6.043E-28	102	238	866	-26440	-26033	408	26656	26015
152683791	-1	282	4.631E-74	5	23323	26440	1302	173	0.546	3.001E-45	231	394	866	-25996	-25508	489	26011	25487
152683791	-1	282	4.631E-74	5	23323	26440	1304	72	0.552	2.468E-12	395	460	866	-25444	-25247	198	25456	25235
152683791	-1	282	4.631E-74	5	23323	26440	1323	46	0.458	1.885E-03	473	524	866	-24622	-24467	156	24643	24458
152683791	-1	282	4.631E-74	5	23323	26440	1341	134	0.740	1.413E-33	778	865	866	-23586	-23323	264	23598	23323
153249831	1	269	3.793E-70	1	615	2051	34	269	0.346	4.888E-73	125	601	625	615	2051	1437	483	2057
154081017	-1	482	2.882E-134	4	23323	25444	1304	61	0.481	3.430E-08	14	78	482	-25444	-25250	195	25456	25235
154081017	-1	482	2.882E-134	4	23323	25444	1323	46	0.451	1.885E-03	91	143	482	-24622	-24464	159	24643	24458
154081017	-1	482	2.882E-134	4	23323	25444	1337	261	0.549	1.073E-73	147	394	482	-24386	-23652	735	24476	23595
154081017	-1	482	2.882E-134	4	23323	25444	1341	126	0.700	1.089E-30	394	481	482	-23586	-23323	264	23598	23323
154316283	1	326	2.632E-87	2	4613	5291	103	219	1.000	1.478E-62	8	109	220	4613	4918	306	4565	4918
154316283	1	326	2.632E-87	2	4613	5291	112	109	0.886	2.131E-25	107	164	220	5118	5291	174	5118	5324
154531835	1	273	2.371E-71	1	702	1880	34	273	0.399	4.149E-74	47	441	455	702	1880	1179	483	2057
155630327	1	404	8.709E-111	3	4613	5506	103	214	0.986	6.551E-61	8	109	219	4613	4918	306	4565	4918
155630327	1	404	8.709E-111	3	4613	5506	112	105	0.829	6.974E-24	107	166	219	5118	5297	180	5118	5324
155630327	1	404	8.709E-111	3	4613	5506	115	90	0.801	4.498E-18	163	215	219	5348	5506	159	5246	5515
156059460	-1	1531	0.000E+00	9	23323	27418	1268	69	0.863	2.534E-11	0	35	948	-27418	-27308	111	27457	27269
156059460	-1	1531	0.000E+00	9	23323	27418	1270	33	0.920	1.075E+01	34	49	948	-27243	-27196	48	27270	27193
156059460	-1	1531	0.000E+00	9	23323	27418	1283	98	0.706	2.787E-20	79	145	948	-26887	-26687	201	27013	26660
156059460	-1	1531	0.000E+00	9	23323	27418	1292	306	0.866	1.261E-90	162	330	948	-26539	-26033	507	26656	26015
156059460	-1	1531	0.000E+00	9	23323	27418	1302	227	0.712	3.828E-64	329	485	948	-25978	-25508	471	26011	25487
156059460	-1	1531	0.000E+00	9	23323	27418	1304	108	0.761	9.705E-25	487	554	948	-25441	-25238	204	25456	25235
156059460	-1	1531	0.000E+00	9	23323	27418	1323	95	0.782	1.367E-20	556	613	948	-24634	-24461	174	24643	24458
156059460	-1	1531	0.000E+00	9	23323	27418	1337	445	0.869	1.711E-137	615	860	948	-24389	-23652	738	24476	23595
156059460	-1	1531	0.000E+00	9	23323	27418	1341	184	0.982	5.009E-51	860	947	948	-23586	-23323	264	23598	23323
156586095	1	327	1.316E-87	2	4613	5291	103	220	1.000	5.727E-63	8	109	219	4613	4918	306	4565	4918
156586095	1	327	1.316E-87	2	4613	5291	112	109	0.886	2.131E-25	107	164	219	5118	5291	174	5118	5324
157902066	1	326	2.632E-87	1	597	2051	34	326	0.390	2.164E-92	205	694	714	597	2051	1455	483	2057
159601998	1	404	8.709E-111	3	4613	5497	103	219	1.000	1.478E-62	8	109	219	4613	4918	306	4565	4918
159601998	1	404	8.709E-111	3	4613	5497	112	107	0.843	1.428E-24	107	166	219	5118	5297	180	5118	5324
159601998	1	404	8.709E-111	3	4613	5497	115	83	0.783	1.353E-15	163	212	219	5348	5497	150	5246	5515
159731803	1	424	8.306E-117	3	4613	5509	103	220	1.000	5.727E-63	8	109	218	4613	4918	306	4565	4918
159731803	1	424	8.306E-117	3	4613	5509	112	106	0.835	3.698E-24	107	166	218	5118	5297	180	5118	5324
159731803	1	424	8.306E-117	3	4613	5509	115	103	0.895	9.409E-23	163	216	218	5348	5509	162	5246	5515
160213135	1	173	3.006E-41	2	20439	21028	475	139	0.708	1.132E-32	73	167	225	20439	20726	288	20433	21131
160213135	1	173	3.006E-41	2	20439	21028	473	55	0.776	4.334E-07	190	222	225	20930	21028	99	20924	21031
160576702	1	173	3.006E-41	2	20436	21031	475	139	0.702	1.132E-32	85	180	240	20436	20726	291	20433	21131
160576702	1	173	3.006E-41	2	20436	21031	473	55	0.756	4.334E-07	203	236	240	20930	21031	102	20924	21031
160592285	1	138	1.033E-30	1	20439	20726	475	138	0.705	2.113E-32	75	169	176	20439	20726	288	20433	21131
160604432	1	181	1.174E-43	3	20009	21028	456	41	0.590	5.729E-02	49	81	274	20009	20104	96	20000	20122
160604432	1	181	1.174E-43	3	20009	21028	475	144	0.729	2.667E-34	121	215	274	20439	20726	288	20433	21131
160604432	1	181	1.174E-43	3	20009	21028	473	55	0.776	4.334E-07	238	270	274	20930	21028	99	20924	21031
160693978	1	179	4.696E-43	3	20045	21028	456	36	0.666	2.708E+00	14	38	225	20045	20119	75	20000	20122
160693978	1	179	4.696E-43	3	20045	21028	475	141	0.710	2.375E-33	72	167	225	20436	20726	291	20433	21131
160693978	1	179	4.696E-43	3	20045	21028	473	55	0.771	5.963E-07	190	222	225	20930	21028	99	20924	21031
160734522	1	382	3.653E-104	3	4613	5491	103	215	0.989	3.482E-61	8	109	215	4613	4918	306	4565	4918
160734522	1	382	3.653E-104	3	4613	5491	112	95	0.759	1.940E-20	107	166	215	5118	5297	180	5118	5324
160734522	1	382	3.653E-104	3	4613	5491	115	77	0.758	1.574E-13	163	210	215	5348	5491	144	5246	5515
160753163	1	405	4.355E-111	3	4613	5506	103	219	1.000	2.027E-62	8	109	219	4613	4918	306	4565	4918
160753163	1	405	4.355E-111	3	4613	5506	112	105	0.829	6.974E-24	107	166	219	5118	5297	180	5118	5324
160753163	1	405	4.355E-111	3	4613	5506	115	86	0.770	1.071E-16	163	215	219	5348	5506	159	5246	5515
160765034	1	414	8.505E-114	3	4613	5506	103	220	1.000	5.727E-63	8	109	220	4613	4918	306	4565	4918
160765034	1	414	8.505E-114	3	4613	5506	112	104	0.818	2.480E-23	107	166	220	5118	5297	180	5118	5324
160765034	1	414	8.505E-114	3	4613	5506	115	95	0.843	7.304E-20	163	215	220	5348	5506	159	5246	5515
160792135	1	231	1.043E-58	1	1119	2051	34	231	0.418	5.705E-60	0	312	332	1119	2051	933	483	2057
160809959	1	220	2.136E-55	1	4607	4915	103	220	1.000	5.727E-63	0	102	103	4607	4915	309	4565	4918
160820688	1	217	1.708E-54	1	1314	2051	34	217	0.478	1.824E-55	26	271	292	1314	2051	738	483	2057
160834969	1	423	1.661E-116	3	4613	5509	103	222	1.000	2.220E-63	8	109	218	4613	4918	306	4565	4918
160834969	1	423	1.661E-116	3	4613	5509	112	106	0.832	5.078E-24	107	166	218	5118	5297	180	5118	5324
160834969	1	423	1.661E-116	3	4613	5509	115	100	0.873	8.645E-22	163	216	218	5348	5509	162	5246	5515
160857451	1	192	5.733E-47	2	20439	21028	475	161	0.804	3.837E-40	82	176	235	20439	20726	288	20433	21131
160857451	1	192	5.733E-47	2	20439	21028	473	52	0.735	5.574E-06	199	231	235	20930	21028	99	20924	21031
160917907	1	389	2.854E-106	3	4613	5509	103	220	1.000	7.855E-63	8	109	221	4613	4918	306	4565	4918
160917907	1	389	2.854E-106	3	4613	5509	112	105	0.865	9.576E-24	107	163	221	5118	5288	171	5118	5324
160917907	1	389	2.854E-106	3	4613	5509	115	74	0.765	1.056E-12	173	218	221	5372	5509	138	5246	5515
160960419	-1	536	1.600E-150	4	23323	25978	1302	172	0.562	4.112E-45	226	383	852	-25978	-25508	471	26011	25487
160960419	-1	536	1.600E-150	4	23323	25978	1323	50	0.483	7.724E-05	461	513	852	-24622	-24464	159	24643	24458
160960419	-1	536	1.600E-150	4	23323	25978	1337	265	0.555	6.365E-75	517	764	852	-24386	-23652	735	24476	23595
160960419	-1	536	1.600E-150	4	23323	25978	1341	126	0.702	7.937E-31	764	851	852	-23586	-23323	264	23598	23323
161000956	1	390	1.427E-106	3	4613	5506	103	214	0.986	6.551E-61	21	122	233	4613	4918	306	4565	4918
161000956	1	390	1.427E-106	3	4613	5506	112	100	0.733	3.137E-22	120	183	233	5118	5315	198	5118	5324
161000956	1	390	1.427E-106	3	4613	5506	115	85	0.763	2.019E-16	176	228	233	5348	5506	159	5246	5515
161020827	1	409	2.722E-112	3	4613	5506	103	216	0.992	1.851E-61	8	109	219	4613	4918	306	4565	4918
161020827	1	409	2.722E-112	3	4613	5506	112	110	0.866	1.130E-25	107	166	219	5118	5297	180	5118	5324
161020827	1	409	2.722E-112	3	4613	5506	115	88	0.789	1.598E-17	163	215	219	5348	5506	159	5246	5515
161071517	1	57	2.497E-06	1	13665	13805	319	57	0.589	6.871E-07	15	61	72	13665	13805	141	13611	13820
161072855	1	116	4.331E-24	1	1722	2051	34	116	0.544	1.909E-22	0	109	132	1722	2051	330	483	2057
161073143	1	109	5.544E-22	1	1722	2051	34	109	0.518	2.465E-20	0	109	130	1722	2051	330	483	2057
161094729	1	417	1.063E-114	3	4613	5509	103	220	1.000	7.855E-63	8	109	219	4613	4918	306	4565	4918
161094729	1	417	1.063E-114	3	4613	5509	112	108	0.852	5.516E-25	107	166	219	5118	5297	180	5118	5324
161094729	1	417	1.063E-114	3	4613	5509	115	94	0.820	1.890E-19	163	216	219	5348	5509	162	5246	5515
161103065	1	303	2.208E-80	1	600	1994	34	303	0.384	1.404E-84	172	636	639	600	1994	1395	483	2057
161103845	1	126	4.230E-27	1	597	1199	34	126	0.369	1.429E-25	112	312	331	597	1199	603	483	2057
161106470	-1	292	4.522E-77	2	23652	25978	1302	170	0.562	1.987E-44	140	295	746	-25978	-25514	465	26011	25487
161106470	-1	292	4.522E-77	2	23652	25978	1337	255	0.539	1.187E-71	430	677	746	-24386	-23652	735	24476	23595
161106575	-1	282	4.631E-74	2	23652	25978	1302	160	0.536	5.226E-41	140	295	746	-25978	-25514	465	26011	25487
161106575	-1	282	4.631E-74	2	23652	25978	1337	255	0.539	1.187E-71	430	677	746	-24386	-23652	735	24476	23595
161129066	1	400	1.394E-109	3	4613	5506	103	216	0.992	1.851E-61	8	109	219	4613	4918	306	4565	4918
161129066	1	400	1.394E-109	3	4613	5506	112	102	0.804	1.211E-22	107	166	219	5118	5297	180	5118	5324
161129066	1	400	1.394E-109	3	4613	5506	115	87	0.776	5.681E-17	163	215	219	5348	5506	159	5246	5515
161132261	-1	280	1.852E-73	5	23323	26527	1292	124	0.419	6.043E-28	82	247	875	-26527	-26033	495	26656	26015
161132261	-1	280	1.852E-73	5	23323	26527	1302	169	0.538	3.731E-44	240	403	875	-25996	-25508	489	26011	25487
161132261	-1	280	1.852E-73	5	23323	26527	1304	73	0.557	1.307E-12	404	469	875	-25444	-25247	198	25456	25235
161132261	-1	280	1.852E-73	5	23323	26527	1323	45	0.455	4.918E-03	482	532	875	-24622	-24470	153	24643	24458
161132261	-1	280	1.852E-73	5	23323	26527	1341	137	0.751	2.114E-34	787	874	875	-23586	-23323	264	23598	23323
161151937	1	407	1.089E-111	3	4565	5506	103	217	0.875	9.839E-62	15	129	239	4565	4918	354	4565	4918
161151937	1	407	1.089E-111	3	4565	5506	112	105	0.829	6.974E-24	127	186	239	5118	5297	180	5118	5324
161151937	1	407	1.089E-111	3	4565	5506	115	90	0.805	3.276E-18	183	235	239	5348	5506	159	5246	5515
161155685	1	406	2.177E-111	3	4613	5509	103	217	0.996	9.839E-62	8	109	218	4613	4918	306	4565	4918
161155685	1	406	2.177E-111	3	4613	5509	112	107	0.841	1.961E-24	107	166	218	5118	5297	180	5118	5324
161155685	1	406	2.177E-111	3	4613	5509	115	87	0.767	4.137E-17	163	216	218	5348	5509	162	5246	5515
161170233	1	236	3.259E-60	3	20439	21028	475	146	0.738	5.590E-35	49	143	203	20439	20726	288	20433	21131
161170233	1	236	3.259E-60	3	20439	21028	471	34	0.726	7.328E+00	145	165	203	20794	20856	63	20782	20856
161170233	1	236	3.259E-60	3	20439	21028	473	54	0.766	8.205E-07	166	198	203	20930	21028	99	20924	21031
161170339	1	238	8.146E-61	3	20439	21028	475	148	0.746	1.171E-35	49	143	203	20439	20726	288	20433	21131
161170339	1	238	8.146E-61	3	20439	21028	471	34	0.726	7.328E+00	145	165	203	20794	20856	63	20782	20856
161170339	1	238	8.146E-61	3	20439	21028	473	54	0.766	8.205E-07	166	198	203	20930	21028	99	20924	21031
161185561	-1	644	4.929E-183	5	23323	26506	1292	133	0.442	8.522E-31	82	246	869	-26506	-26027	480	26656	26015
161185561	-1	644	4.929E-183	5	23323	26506	1302	157	0.527	6.491E-40	243	398	869	-25978	-25514	465	26011	25487
161185561	-1	644	4.929E-183	5	23323	26506	1323	46	0.445	3.572E-03	478	530	869	-24622	-24464	159	24643	24458
161185561	-1	644	4.929E-183	5	23323	26506	1337	261	0.549	1.073E-73	534	781	869	-24386	-23652	735	24476	23595
161185561	-1	644	4.929E-183	5	23323	26506	1341	128	0.709	2.237E-31	781	868	869	-23586	-23323	264	23598	23323
161224479	1	421	6.645E-116	3	4613	5509	103	220	1.000	5.727E-63	8	109	218	4613	4918	306	4565	4918
161224479	1	421	6.645E-116	3	4613	5509	112	106	0.835	3.698E-24	107	166	218	5118	5297	180	5118	5324
161224479	1	421	6.645E-116	3	4613	5509	115	100	0.867	1.629E-21	163	216	218	5348	5509	162	5246	5515
161225331	1	413	1.701E-113	3	4613	5509	103	219	1.000	1.478E-62	8	109	218	4613	4918	306	4565	4918
161225331	1	413	1.701E-113	3	4613	5509	112	106	0.835	3.698E-24	107	166	218	5118	5297	180	5118	5324
161225331	1	413	1.701E-113	3	4613	5509	115	93	0.813	3.563E-19	163	216	218	5348	5509	162	5246	5515
161236886	-1	412	3.402E-113	3	23652	26506	1292	124	0.420	8.259E-28	75	239	861	-26506	-26027	480	26656	26015
161236886	-1	412	3.402E-113	3	23652	26506	1302	170	0.561	2.723E-44	236	391	861	-25978	-25514	465	26011	25487
161236886	-1	412	3.402E-113	3	23652	26506	1337	254	0.537	4.163E-71	526	773	861	-24386	-23652	735	24476	23595
167359591	-1	550	9.764E-155	4	23323	26479	1292	125	0.443	3.236E-28	156	310	916	-26479	-26033	447	26656	26015
167359591	-1	550	9.764E-155	4	23323	26479	1302	151	0.501	1.000E-37	309	467	916	-25978	-25505	474	26011	25487
167359591	-1	550	9.764E-155	4	23323	26479	1337	256	0.537	6.338E-72	579	828	916	-24389	-23652	738	24476	23595
167359591	-1	550	9.764E-155	4	23323	26479	1341	128	0.711	1.630E-31	828	915	916	-23586	-23323	264	23598	23323
167703790	1	405	4.355E-111	3	4613	5506	103	214	0.986	6.551E-61	8	109	219	4613	4918	306	4565	4918
167703790	1	405	4.355E-111	3	4613	5506	112	105	0.827	9.576E-24	107	166	219	5118	5297	180	5118	5324
167703790	1	405	4.355E-111	3	4613	5506	115	91	0.814	1.266E-18	163	215	219	5348	5506	159	5246	5515
168475814	1	305	5.520E-81	2	4613	5282	103	213	0.979	2.318E-60	6	107	160	4613	4918	306	4565	4918
168475814	1	305	5.520E-81	2	4613	5282	112	94	0.807	6.904E-20	105	159	160	5118	5282	165	5118	5324
168475921	1	249	3.978E-64	1	1038	2051	34	249	0.414	3.184E-66	11	353	373	1038	2051	1014	483	2057
168762260	-1	692	1.751E-197	5	23323	26506	1292	134	0.449	3.334E-31	67	229	854	-26506	-26033	474	26656	26015
168762260	-1	692	1.751E-197	5	23323	26506	1302	164	0.559	4.207E-42	235	385	854	-25957	-25508	450	26011	25487
168762260	-1	692	1.751E-197	5	23323	26506	1304	65	0.497	1.037E-09	386	452	854	-25444	-25244	201	25456	25235
168762260	-1	692	1.751E-197	5	23323	26506	1337	267	0.559	9.681E-76	519	766	854	-24386	-23652	735	24476	23595
168762260	-1	692	1.751E-197	5	23323	26506	1341	128	0.711	1.630E-31	766	853	854	-23586	-23323	264	23598	23323
170501173	-1	688	2.802E-196	5	23323	26467	1292	118	0.438	8.917E-26	62	209	829	-26467	-26027	441	26656	26015
170501173	-1	688	2.802E-196	5	23323	26467	1302	192	0.595	8.082E-52	200	363	829	-25996	-25508	489	26011	25487
170501173	-1	688	2.802E-196	5	23323	26467	1304	68	0.521	1.119E-10	364	429	829	-25444	-25247	198	25456	25235
170501173	-1	688	2.802E-196	5	23323	26467	1337	235	0.472	1.045E-64	476	741	829	-24464	-23652	813	24476	23595
170501173	-1	688	2.802E-196	5	23323	26467	1341	126	0.700	1.089E-30	741	828	829	-23586	-23323	264	23598	23323
171135411	1	382	3.653E-104	1	570	2057	34	382	0.433	1.887E-111	85	577	590	570	2057	1488	483	2057
171270290	1	381	7.306E-104	3	4613	5497	103	212	0.976	4.361E-60	8	109	215	4613	4918	306	4565	4918
171270290	1	381	7.306E-104	3	4613	5497	112	98	0.782	1.532E-21	107	166	215	5118	5297	180	5118	5324
171270290	1	381	7.306E-104	3	4613	5497	115	76	0.725	2.968E-13	163	212	215	5348	5497	150	5246	5515
171449091	1	181	1.174E-43	3	20048	21028	456	41	0.969	4.157E-02	16	34	228	20048	20104	57	20000	20122
171449091	1	181	1.174E-43	3	20048	21028	475	147	0.743	2.188E-35	75	169	228	20439	20726	288	20433	21131
171449091	1	181	1.174E-43	3	20048	21028	473	53	0.750	2.138E-06	192	224	228	20930	21028	99	20924	21031
171738704	1	266	3.035E-69	1	597	1718	34	266	0.408	7.824E-72	119	490	491	597	1718	1122	483	2057
171944686	1	331	8.226E-89	1	711	2051	34	331	0.421	5.206E-94	1	447	464	711	2051	1341	483	2057
172016241	1	188	9.172E-46	3	20027	21031	456	37	0.557	1.032E+00	9	40	298	20027	20119	93	20000	20122
172016241	1	188	9.172E-46	3	20027	21031	475	138	0.661	3.945E-32	74	176	298	20439	20744	306	20433	21131
172016241	1	188	9.172E-46	3	20027	21031	473	56	0.766	2.289E-07	189	222	298	20930	21031	102	20924	21031
172063952	1	271	9.484E-71	1	879	2051	34	271	0.399	1.046E-73	12	404	425	879	2051	1173	483	2057
172369426	-1	291	9.044E-77	5	23323	26521	1292	128	0.433	2.656E-29	82	245	873	-26521	-26033	489	26656	26015
172369426	-1	291	9.044E-77	5	23323	26521	1302	178	0.561	3.642E-47	238	401	873	-25996	-25508	489	26011	25487
172369426	-1	291	9.044E-77	5	23323	26521	1304	68	0.524	8.144E-11	402	467	873	-25444	-25247	198	25456	25235
172369426	-1	291	9.044E-77	5	23323	26521	1323	47	0.471	9.947E-04	480	530	873	-24622	-24470	153	24643	24458
172369426	-1	291	9.044E-77	5	23323	26521	1341	138	0.759	5.962E-35	785	872	873	-23586	-23323	264	23598	23323
172939966	1	306	2.760E-81	1	903	2051	34	306	0.444	2.189E-85	3	385	404	903	2051	1149	483	2057
173272752	1	214	1.367E-53	1	1374	2051	34	214	0.503	2.081E-54	6	232	253	1374	2051	678	483	2057
174034546	-1	136	4.131E-30	1	25502	25972	1302	136	0.463	1.560E-32	118	276	288	-25972	-25502	471	26011	25487
174724159	1	185	7.338E-45	2	20439	21028	475	143	0.673	4.981E-34	72	176	224	20439	20744	306	20433	21131
174724159	1	185	7.338E-45	2	20439	21028	473	53	0.755	1.554E-06	189	221	224	20930	21028	99	20924	21031
174870254	1	225	6.674E-57	4	20009	21031	456	40	0.523	1.501E-01	4	40	293	20009	20119	111	20000	20122
174870254	1	225	6.674E-57	4	20009	21031	475	133	0.657	1.667E-30	74	173	293	20439	20738	300	20433	21131
174870254	1	225	6.674E-57	4	20009	21031	471	32	0.666	2.651E+01	166	187	293	20791	20856	66	20782	20856
174870254	1	225	6.674E-57	4	20009	21031	473	57	0.786	6.389E-08	188	221	293	20930	21031	102	20924	21031
174931654	1	186	3.669E-45	3	20027	20856	456	38	0.655	5.424E-01	6	32	204	20027	20104	78	20000	20122
174931654	1	186	3.669E-45	3	20027	20856	475	147	0.736	2.188E-35	70	166	204	20436	20726	291	20433	21131
174931654	1	186	3.669E-45	3	20027	20856	471	36	0.752	7.747E-01	167	188	204	20791	20856	66	20782	20856
175106305	1	150	2.521E-34	2	20024	20726	456	38	0.562	7.480E-01	7	38	225	20024	20119	96	20000	20122
175106305	1	150	2.521E-34	2	20024	20726	475	144	0.723	2.667E-34	72	167	225	20436	20726	291	20433	21131
175180420	1	181	1.174E-43	3	20042	21028	456	38	0.670	7.480E-01	12	37	247	20042	20119	78	20000	20122
175180420	1	181	1.174E-43	3	20042	21028	475	143	0.724	6.808E-34	73	167	247	20439	20726	288	20433	21131
175180420	1	181	1.174E-43	3	20042	21028	473	55	0.771	5.963E-07	190	222	247	20930	21028	99	20924	21031
175267373	1	415	4.253E-114	3	4613	5497	103	222	1.000	1.180E-63	8	109	219	4613	4918	306	4565	4918
175267373	1	415	4.253E-114	3	4613	5497	112	106	0.835	3.698E-24	107	166	219	5118	5297	180	5118	5324
175267373	1	415	4.253E-114	3	4613	5497	115	92	0.864	6.715E-19	163	212	219	5348	5497	150	5246	5515
175271119	1	400	1.394E-109	3	4613	5497	103	218	1.000	2.780E-62	8	109	219	4613	4918	306	4565	4918
175271119	1	400	1.394E-109	3	4613	5497	112	110	0.863	1.552E-25	107	166	219	5118	5297	180	5118	5324
175271119	1	400	1.394E-109	3	4613	5497	115	77	0.735	1.146E-13	163	212	219	5348	5497	150	5246	5515
175316019	-1	295	5.653E-78	5	23323	26506	1292	131	0.449	4.071E-30	79	237	865	-26506	-26033	474	26656	26015
175316019	-1	295	5.653E-78	5	23323	26506	1302	172	0.545	4.112E-45	230	393	865	-25996	-25508	489	26011	25487
175316019	-1	295	5.653E-78	5	23323	26506	1304	69	0.531	3.138E-11	394	459	865	-25444	-25247	198	25456	25235
175316019	-1	295	5.653E-78	5	23323	26506	1323	52	0.499	1.565E-05	472	524	865	-24622	-24464	159	24643	24458
175316019	-1	295	5.653E-78	5	23323	26506	1341	137	0.751	2.114E-34	777	864	865	-23586	-23323	264	23598	23323
175316523	-1	558	3.814E-157	4	23652	26494	1292	138	0.471	1.067E-32	113	270	891	-26494	-26027	468	26656	26015
175316523	-1	558	3.814E-157	4	23652	26494	1302	184	0.595	2.352E-49	267	424	891	-25978	-25508	471	26011	25487
175316523	-1	558	3.814E-157	4	23652	26494	1304	70	0.543	1.662E-11	425	489	891	-25444	-25250	195	25456	25235
175316523	-1	558	3.814E-157	4	23652	26494	1337	235	0.508	1.045E-64	559	803	891	-24389	-23652	738	24476	23595
175360736	1	201	1.120E-49	1	1314	2051	34	201	0.450	6.294E-50	26	250	271	1314	2051	738	483	2057
175394678	1	220	2.136E-55	1	4607	4915	103	220	0.998	1.077E-62	0	102	103	4607	4915	309	4565	4918
175408000	1	302	4.416E-80	2	4613	5297	103	208	0.958	1.410E-58	8	109	194	4613	4918	306	4565	4918
175408000	1	302	4.416E-80	2	4613	5297	112	96	0.768	7.488E-21	107	166	194	5118	5297	180	5118	5324
175426667	1	308	6.900E-82	1	597	2051	34	308	0.377	2.501E-86	64	546	558	597	2051	1455	483	2057
175472613	1	49	6.392E-04	1	13659	13805	319	49	0.500	4.034E-04	25	73	78	13659	13805	147	13611	13820
175485869	1	191	1.147E-46	2	5118	5500	112	105	0.829	6.974E-24	19	78	131	5118	5297	180	5118	5324
175485869	1	191	1.147E-46	2	5118	5500	115	89	0.826	6.176E-18	75	125	131	5348	5500	153	5246	5515
175544155	1	221	1.068E-55	1	4610	4915	103	221	1.000	4.176E-63	0	101	102	4610	4915	306	4565	4918
175549699	1	50	3.196E-04	1	13659	13811	319	50	0.498	1.126E-04	3	53	57	13659	13811	153	13611	13820
175576102	1	219	4.271E-55	1	4610	4915	103	219	1.000	1.478E-62	0	101	102	4610	4915	306	4565	4918
175585441	1	93	3.633E-17	1	5139	5288	112	93	0.867	1.789E-19	0	49	81	5139	5288	150	5118	5324
175591063	1	200	2.239E-49	2	5118	5506	112	106	0.838	2.693E-24	89	148	201	5118	5297	180	5118	5324
175591063	1	200	2.239E-49	2	5118	5506	115	97	0.859	1.498E-20	145	197	201	5348	5506	159	5246	5515
175593242	1	181	1.174E-43	1	1467	2048	34	181	0.494	2.986E-43	0	194	212	1467	2048	582	483	2057
175593869	1	195	7.166E-48	1	1419	2048	34	195	0.494	4.339E-48	31	241	274	1419	2048	630	483	2057
175612798	1	57	2.497E-06	1	13665	13820	319	57	0.542	6.871E-07	49	100	101	13665	13820	156	13611	13820
175613198	1	56	4.994E-06	1	13665	13820	319	56	0.539	9.448E-07	24	75	76	13665	13820	156	13611	13820
175613761	1	170	2.404E-40	1	1455	1961	34	170	0.528	7.143E-40	9	177	187	1455	1961	507	483	2057
175614737	1	136	4.131E-30	1	1383	2051	34	136	0.361	1.349E-28	5	163	184	1383	2051	669	483	2057
175643938	1	406	2.177E-111	3	4613	5497	103	222	1.000	2.220E-63	8	109	219	4613	4918	306	4565	4918
175643938	1	406	2.177E-111	3	4613	5497	112	110	0.863	1.552E-25	107	166	219	5118	5297	180	5118	5324
175643938	1	406	2.177E-111	3	4613	5497	115	79	0.749	3.224E-14	163	212	219	5348	5497	150	5246	5515
175662532	1	351	7.845E-95	1	597	2051	34	351	0.414	4.947E-101	384	867	886	597	2051	1455	483	2057
175701082	-1	451	6.188E-125	3	23323	25981	1302	177	0.575	9.374E-47	187	339	767	-25981	-25508	474	26011	25487
175701082	-1	451	6.188E-125	3	23323	25981	1337	240	0.515	1.777E-66	432	678	767	-24386	-23655	732	24476	23595
175701082	-1	451	6.188E-125	3	23323	25981	1341	124	0.695	7.280E-30	680	766	767	-23583	-23323	261	23598	23323
175706590	1	134	1.652E-29	1	1383	1913	34	134	0.420	5.784E-28	40	217	218	1383	1913	531	483	2057
175727329	-1	648	3.081E-184	5	23323	26506	1292	130	0.434	1.040E-29	58	222	844	-26506	-26027	480	26656	26015
175727329	-1	648	3.081E-184	5	23323	26506	1302	158	0.529	3.458E-40	219	374	844	-25978	-25514	465	26011	25487
175727329	-1	648	3.081E-184	5	23323	26506	1323	51	0.486	5.613E-05	453	505	844	-24622	-24464	159	24643	24458
175727329	-1	648	3.081E-184	5	23323	26506	1337	261	0.549	1.073E-73	509	756	844	-24386	-23652	735	24476	23595
175727329	-1	648	3.081E-184	5	23323	26506	1341	128	0.709	2.237E-31	756	843	844	-23586	-23323	264	23598	23323
175742224	1	308	6.900E-82	2	4613	5318	103	212	0.974	5.982E-60	8	109	220	4613	4918	306	4565	4918
175742224	1	308	6.900E-82	2	4613	5318	112	98	0.685	1.532E-21	107	176	220	5118	5318	201	5118	5324
175757617	1	208	8.747E-52	1	1437	2051	34	208	0.532	1.984E-52	1	205	236	1437	2051	615	483	2057
175774130	-1	410	1.361E-112	3	23652	26506	1292	123	0.418	1.542E-27	75	239	861	-26506	-26027	480	26656	26015
175774130	-1	410	1.361E-112	3	23652	26506	1302	169	0.559	5.113E-44	236	391	861	-25978	-25514	465	26011	25487
175774130	-1	410	1.361E-112	3	23652	26506	1337	254	0.537	4.163E-71	526	773	861	-24386	-23652	735	24476	23595
176564836	1	389	2.854E-106	3	4613	5506	103	218	1.000	3.813E-62	16	117	228	4613	4918	306	4565	4918
176564836	1	389	2.854E-106	3	4613	5506	112	101	0.738	1.663E-22	115	178	228	5118	5315	198	5118	5324
176564836	1	389	2.854E-106	3	4613	5506	115	79	0.719	1.710E-14	171	223	228	5348	5506	159	5246	5515
181193082	1	204	1.400E-50	1	4607	4918	103	204	0.926	3.322E-57	1	104	105	4607	4918	312	4565	4918
181576145	1	235	6.517E-60	1	1092	2051	34	235	0.414	1.453E-61	40	363	383	1092	2051	960	483	2057
181650760	1	426	2.076E-117	3	4613	5509	103	219	1.000	2.027E-62	8	109	218	4613	4918	306	4565	4918
181650760	1	426	2.076E-117	3	4613	5509	112	107	0.843	1.428E-24	107	166	218	5118	5297	180	5118	5324
181650760	1	426	2.076E-117	3	4613	5509	115	105	0.907	2.649E-23	163	216	218	5348	5509	162	5246	5515
181919581	1	395	4.459E-108	3	4613	5497	103	218	1.000	3.813E-62	8	109	219	4613	4918	306	4565	4918
181919581	1	395	4.459E-108	3	4613	5497	112	106	0.832	5.078E-24	107	166	219	5118	5297	180	5118	5324
181919581	1	395	4.459E-108	3	4613	5497	115	76	0.722	4.076E-13	163	212	219	5348	5497	150	5246	5515
181948588	1	405	4.355E-111	3	4613	5497	103	220	1.000	7.855E-63	8	109	219	4613	4918	306	4565	4918
181948588	1	405	4.355E-111	3	4613	5497	112	109	0.883	2.926E-25	107	164	219	5118	5291	174	5118	5324
181948588	1	405	4.355E-111	3	4613	5497	115	79	0.756	1.710E-14	163	212	219	5348	5497	150	5246	5515
182379672	1	417	1.063E-114	3	4613	5515	103	216	0.991	2.539E-61	8	109	219	4613	4918	306	4565	4918
182379672	1	417	1.063E-114	3	4613	5515	112	98	0.776	2.891E-21	107	166	219	5118	5297	180	5118	5324
182379672	1	417	1.063E-114	3	4613	5515	115	108	0.905	1.531E-24	163	218	219	5348	5515	168	5246	5515
183172354	1	291	9.044E-77	1	789	2051	34	291	0.400	2.062E-80	6	413	440	789	2051	1263	483	2057
183526771	1	410	1.361E-112	3	4613	5506	103	216	0.992	1.851E-61	8	109	221	4613	4918	306	4565	4918
183526771	1	410	1.361E-112	3	4613	5506	112	105	0.827	9.576E-24	107	166	221	5118	5297	180	5118	5324
183526771	1	410	1.361E-112	3	4613	5506	115	94	0.833	1.890E-19	163	215	221	5348	5506	159	5246	5515
184240125	-1	290	1.809E-76	5	23323	26506	1292	129	0.445	1.422E-29	93	251	879	-26506	-26033	474	26656	26015
184240125	-1	290	1.809E-76	5	23323	26506	1302	173	0.548	1.598E-45	244	407	879	-25996	-25508	489	26011	25487
184240125	-1	290	1.809E-76	5	23323	26506	1304	75	0.570	2.669E-13	408	473	879	-25444	-25247	198	25456	25235
184240125	-1	290	1.809E-76	5	23323	26506	1323	46	0.455	2.595E-03	486	537	879	-24622	-24467	156	24643	24458
184240125	-1	290	1.809E-76	5	23323	26506	1341	134	0.740	1.413E-33	791	878	879	-23586	-23323	264	23598	23323
185553400	1	288	7.235E-76	1	1020	2051	34	288	0.458	2.446E-79	251	596	617	1020	2051	1032	483	2057
186145441	-1	327	1.316E-87	2	23323	24389	1337	209	0.456	7.194E-56	149	400	479	-24389	-23637	753	24476	23595
186145441	-1	327	1.316E-87	2	23323	24389	1341	127	0.704	5.783E-31	391	478	479	-23586	-23323	264	23598	23323
186322077	1	256	3.108E-66	1	1050	2048	34	256	0.429	2.334E-68	1	335	356	1050	2048	999	483	2057
186436060	1	170	2.404E-40	2	20436	21031	475	136	0.690	1.006E-31	80	175	234	20436	20726	291	20433	21131
186436060	1	170	2.404E-40	2	20436	21031	473	55	0.756	4.334E-07	198	231	234	20930	21031	102	20924	21031
188108781	-1	434	8.111E-120	3	23652	25996	1302	168	0.534	1.316E-43	239	402	871	-25996	-25508	489	26011	25487
188108781	-1	434	8.111E-120	3	23652	25996	1304	62	0.480	9.608E-09	403	469	871	-25444	-25244	201	25456	25235
188108781	-1	434	8.111E-120	3	23652	25996	1337	268	0.561	5.167E-76	536	783	871	-24386	-23652	735	24476	23595
189255517	1	176	3.757E-42	3	20048	21028	456	36	0.682	3.736E+00	14	37	245	20048	20119	72	20000	20122
189255517	1	176	3.757E-42	3	20048	21028	475	141	0.715	3.246E-33	73	167	245	20439	20726	288	20433	21131
189255517	1	176	3.757E-42	3	20048	21028	473	54	0.760	1.129E-06	190	222	245	20930	21028	99	20924	21031
189270224	1	174	1.503E-41	3	20045	21028	456	40	0.889	1.501E-01	15	34	227	20045	20104	60	20000	20122
189270224	1	174	1.503E-41	3	20045	21028	475	139	0.710	8.282E-33	74	168	227	20439	20726	288	20433	21131
189270224	1	174	1.503E-41	3	20045	21028	473	54	0.766	8.205E-07	191	223	227	20930	21028	99	20924	21031
189307308	1	192	5.733E-47	2	20439	21028	475	157	0.779	8.785E-39	87	182	239	20439	20729	291	20433	21131
189307308	1	192	5.733E-47	2	20439	21028	473	55	0.781	3.150E-07	204	236	239	20930	21028	99	20924	21031
189378954	1	141	1.291E-31	2	20027	20705	456	37	0.566	1.423E+00	7	37	227	20027	20119	93	20000	20122
189378954	1	141	1.291E-31	2	20027	20705	475	138	0.750	2.887E-32	73	161	227	20439	20705	267	20433	21131
189471204	1	186	3.669E-45	2	20436	20856	475	151	0.754	9.596E-37	72	168	227	20436	20726	291	20433	21131
189471204	1	186	3.669E-45	2	20436	20856	471	34	0.697	7.328E+00	169	190	227	20791	20856	66	20782	20856
189471315	1	189	4.586E-46	2	20436	20856	475	150	0.748	2.452E-36	72	168	227	20436	20726	291	20433	21131
189471315	1	189	4.586E-46	2	20436	20856	471	38	0.776	2.961E-01	169	190	227	20791	20856	66	20782	20856
189477065	1	174	1.503E-41	3	20045	21031	456	37	0.679	1.423E+00	15	39	229	20045	20119	75	20000	20122
189477065	1	174	1.503E-41	3	20045	21031	475	139	0.710	8.282E-33	76	170	229	20439	20726	288	20433	21131
189477065	1	174	1.503E-41	3	20045	21031	473	54	0.741	1.129E-06	193	226	229	20930	21031	102	20924	21031
189810153	1	377	1.169E-102	3	4613	5491	103	215	0.989	3.482E-61	8	109	216	4613	4918	306	4565	4918
189810153	1	377	1.169E-102	3	4613	5491	112	94	0.770	6.904E-20	107	164	216	5118	5291	174	5118	5324
189810153	1	377	1.169E-102	3	4613	5491	115	71	0.706	1.833E-11	163	210	216	5348	5491	144	5246	5515
189812531	1	402	3.484E-110	3	4613	5506	103	213	0.979	2.318E-60	8	109	220	4613	4918	306	4565	4918
189812531	1	402	3.484E-110	3	4613	5506	112	104	0.818	2.480E-23	107	166	220	5118	5297	180	5118	5324
189812531	1	402	3.484E-110	3	4613	5506	115	90	0.801	4.498E-18	163	215	220	5348	5506	159	5246	5515
189817365	1	234	1.303E-59	2	4613	5497	103	209	0.961	7.493E-59	8	109	215	4613	4918	306	4565	4918
189817365	1	234	1.303E-59	2	4613	5497	115	77	0.732	1.574E-13	163	212	215	5348	5497	150	5246	5515
189838918	-1	601	4.336E-170	4	23323	26470	1292	144	0.515	9.725E-35	126	272	896	-26470	-26033	438	26656	26015
189838918	-1	601	4.336E-170	4	23323	26470	1302	182	0.571	1.559E-48	266	429	896	-25993	-25505	489	26011	25487
189838918	-1	601	4.336E-170	4	23323	26470	1337	272	0.567	2.238E-77	561	808	896	-24386	-23652	735	24476	23595
189838918	-1	601	4.336E-170	4	23323	26470	1341	138	0.755	1.123E-34	808	895	896	-23586	-23323	264	23598	23323
189843036	-1	840	4.908E-242	6	23323	26518	1292	140	0.462	3.049E-33	114	277	902	-26518	-26033	486	26656	26015
189843036	-1	840	4.908E-242	6	23323	26518	1302	180	0.583	7.535E-48	276	433	902	-25978	-25508	471	26011	25487
189843036	-1	840	4.908E-242	6	23323	26518	1304	67	0.513	1.538E-10	434	500	902	-25444	-25244	201	25456	25235
189843036	-1	840	4.908E-242	6	23323	26518	1323	46	0.451	1.885E-03	511	563	902	-24622	-24464	159	24643	24458
189843036	-1	840	4.908E-242	6	23323	26518	1337	276	0.574	9.690E-79	567	814	902	-24386	-23652	735	24476	23595
189843036	-1	840	4.908E-242	6	23323	26518	1341	139	0.761	4.344E-35	814	901	902	-23586	-23323	264	23598	23323
189858068	-1	706	1.069E-201	5	23323	25978	1302	180	0.582	1.033E-47	274	431	900	-25978	-25508	471	26011	25487
189858068	-1	706	1.069E-201	5	23323	25978	1304	70	0.528	2.283E-11	432	498	900	-25444	-25244	201	25456	25235
189858068	-1	706	1.069E-201	5	23323	25978	1323	47	0.458	9.947E-04	509	561	900	-24622	-24464	159	24643	24458
189858068	-1	706	1.069E-201	5	23323	25978	1337	281	0.583	1.634E-80	565	812	900	-24386	-23652	735	24476	23595
189858068	-1	706	1.069E-201	5	23323	25978	1341	136	0.746	5.465E-34	812	899	900	-23586	-23323	264	23598	23323
189921565	1	404	8.709E-111	3	4613	5497	103	216	0.992	1.851E-61	8	109	220	4613	4918	306	4565	4918
189921565	1	404	8.709E-111	3	4613	5497	112	104	0.821	1.806E-23	107	166	220	5118	5297	180	5118	5324
189921565	1	404	8.709E-111	3	4613	5497	115	89	0.840	6.176E-18	163	212	220	5348	5497	150	5246	5515
189941056	1	218	8.542E-55	1	4607	4915	103	218	0.994	2.780E-62	0	102	103	4607	4915	309	4565	4918
189965612	1	96	4.542E-18	1	5118	5297	112	96	0.762	1.413E-20	21	80	83	5118	5297	180	5118	5324
189965854	1	191	1.147E-46	2	5127	5506	112	102	0.847	6.422E-23	0	56	109	5127	5297	171	5118	5324
189965854	1	191	1.147E-46	2	5127	5506	115	92	0.817	9.220E-19	53	105	109	5348	5506	159	5246	5515
189969579	1	263	2.428E-68	1	897	2051	34	263	0.397	4.965E-71	0	384	403	897	2051	1155	483	2057
189984369	1	404	8.709E-111	3	4613	5506	103	214	0.986	6.551E-61	8	109	219	4613	4918	306	4565	4918
189984369	1	404	8.709E-111	3	4613	5506	112	105	0.829	6.974E-24	107	166	219	5118	5297	180	5118	5324
189984369	1	404	8.709E-111	3	4613	5506	115	90	0.805	3.276E-18	163	215	219	5348	5506	159	5246	5515
190023048	-1	570	9.311E-161	4	23323	26506	1292	138	0.473	1.067E-32	107	263	888	-26506	-26036	471	26656	26015
190023048	-1	570	9.311E-161	4	23323	26506	1302	166	0.566	4.638E-43	271	421	888	-25954	-25502	453	26011	25487
190023048	-1	570	9.311E-161	4	23323	26506	1337	267	0.559	9.681E-76	553	800	888	-24386	-23652	735	24476	23595
190023048	-1	570	9.311E-161	4	23323	26506	1341	134	0.740	1.413E-33	800	887	888	-23586	-23323	264	23598	23323
190023421	-1	570	9.311E-161	4	23323	26506	1292	138	0.471	1.995E-32	107	263	888	-26506	-26036	471	26656	26015
190023421	-1	570	9.311E-161	4	23323	26506	1302	166	0.566	4.638E-43	271	421	888	-25954	-25502	453	26011	25487
190023421	-1	570	9.311E-161	4	23323	26506	1337	267	0.559	9.681E-76	553	800	888	-24386	-23652	735	24476	23595
190023421	-1	570	9.311E-161	4	23323	26506	1341	134	0.740	1.413E-33	800	887	888	-23586	-23323	264	23598	23323
190080043	1	383	1.826E-104	3	4613	5506	103	215	0.988	4.776E-61	8	109	216	4613	4918	306	4565	4918
190080043	1	383	1.826E-104	3	4613	5506	112	96	0.765	1.028E-20	107	166	216	5118	5297	180	5118	5324
190080043	1	383	1.826E-104	3	4613	5506	115	77	0.696	1.574E-13	163	215	216	5348	5506	159	5246	5515
190088559	1	51	1.598E-04	1	13659	13820	319	51	0.482	5.953E-05	25	78	79	13659	13820	162	13611	13820
190111969	1	402	3.484E-110	3	4613	5506	103	214	0.986	6.551E-61	8	109	219	4613	4918	306	4565	4918
190111969	1	402	3.484E-110	3	4613	5506	112	105	0.829	6.974E-24	107	166	219	5118	5297	180	5118	5324
190111969	1	402	3.484E-110	3	4613	5506	115	88	0.789	1.598E-17	163	215	219	5348	5506	159	5246	5515
190132628	1	414	8.505E-114	3	4613	5509	103	221	1.000	3.044E-63	8	109	218	4613	4918	306	4565	4918
190132628	1	414	8.505E-114	3	4613	5509	112	105	0.827	9.576E-24	107	166	218	5118	5297	180	5118	5324
190132628	1	414	8.505E-114	3	4613	5509	115	93	0.813	3.563E-19	163	216	218	5348	5509	162	5246	5515
190154799	-1	112	6.930E-23	1	26030	26503	1292	112	0.400	9.568E-24	70	228	229	-26503	-26030	474	26656	26015
190186698	1	404	8.709E-111	3	4613	5497	103	222	1.000	2.220E-63	8	109	219	4613	4918	306	4565	4918
190186698	1	404	8.709E-111	3	4613	5497	112	110	0.863	1.552E-25	107	166	219	5118	5297	180	5118	5324
190186698	1	404	8.709E-111	3	4613	5497	115	77	0.735	1.146E-13	163	212	219	5348	5497	150	5246	5515
190187086	1	267	1.517E-69	1	564	1847	34	267	0.372	2.282E-72	274	697	709	564	1847	1284	483	2057
190187858	1	219	4.271E-55	1	4607	4915	103	219	0.997	1.478E-62	0	102	103	4607	4915	309	4565	4918
190190000	-1	289	3.618E-76	2	23652	25978	1302	166	0.550	8.708E-43	140	295	746	-25978	-25514	465	26011	25487
190190000	-1	289	3.618E-76	2	23652	25978	1337	256	0.541	4.631E-72	430	677	746	-24386	-23652	735	24476	23595
190217911	1	399	2.787E-109	3	4607	5506	103	217	0.979	9.839E-62	8	111	220	4607	4918	312	4565	4918
190217911	1	399	2.787E-109	3	4607	5506	112	102	0.807	8.819E-23	109	168	220	5118	5297	180	5118	5324
190217911	1	399	2.787E-109	3	4607	5506	115	85	0.766	1.470E-16	165	217	220	5348	5506	159	5246	5515
190242763	-1	403	1.742E-110	2	23323	24386	1337	267	0.560	7.073E-76	46	293	381	-24386	-23652	735	24476	23595
190242763	-1	403	1.742E-110	2	23323	24386	1341	136	0.749	2.902E-34	293	380	381	-23586	-23323	264	23598	23323
190245651	-1	800	5.396E-230	6	23323	26506	1292	137	0.452	3.730E-32	78	242	865	-26506	-26027	480	26656	26015
190245651	-1	800	5.396E-230	6	23323	26506	1302	172	0.547	5.635E-45	234	396	865	-25993	-25508	486	26011	25487
190245651	-1	800	5.396E-230	6	23323	26506	1304	66	0.499	3.993E-10	397	464	865	-25444	-25241	204	25456	25235
190245651	-1	800	5.396E-230	6	23323	26506	1323	52	0.496	2.154E-05	474	526	865	-24622	-24464	159	24643	24458
190245651	-1	800	5.396E-230	6	23323	26506	1337	264	0.555	8.712E-75	530	777	865	-24386	-23652	735	24476	23595
190245651	-1	800	5.396E-230	6	23323	26506	1341	123	0.685	1.371E-29	777	864	865	-23586	-23323	264	23598	23323
190290082	1	403	1.742E-110	3	4613	5491	103	219	1.000	1.478E-62	8	109	219	4613	4918	306	4565	4918
190290082	1	403	1.742E-110	3	4613	5491	112	110	0.863	1.552E-25	107	166	219	5118	5297	180	5118	5324
190290082	1	403	1.742E-110	3	4613	5491	115	79	0.776	3.224E-14	163	210	219	5348	5491	144	5246	5515
190293220	1	51	1.598E-04	1	13659	13820	319	51	0.485	4.328E-05	44	97	99	13659	13820	162	13611	13820
196048959	1	229	4.171E-58	3	20439	21028	475	140	0.713	4.435E-33	84	178	237	20439	20726	288	20433	21131
196048959	1	229	4.171E-58	3	20439	21028	471	32	0.658	3.656E+01	179	200	237	20791	20856	66	20782	20856
196048959	1	229	4.171E-58	3	20439	21028	473	55	0.771	5.963E-07	201	233	237	20930	21028	99	20924	21031
196149525	1	423	1.661E-116	3	4613	5509	103	220	1.000	1.077E-62	8	109	218	4613	4918	306	4565	4918
196149525	1	423	1.661E-116	3	4613	5509	112	109	0.791	2.131E-25	107	170	218	5118	5315	198	5118	5324
196149525	1	423	1.661E-116	3	4613	5509	115	103	0.895	9.409E-23	163	216	218	5348	5509	162	5246	5515
196935657	1	416	2.126E-114	3	4613	5506	103	218	0.999	5.230E-62	8	109	219	4613	4918	306	4565	4918
196935657	1	416	2.126E-114	3	4613	5506	112	106	0.838	2.693E-24	107	166	219	5118	5297	180	5118	5324
196935657	1	416	2.126E-114	3	4613	5506	115	97	0.859	1.498E-20	163	215	219	5348	5506	159	5246	5515
197303266	1	297	1.413E-78	2	4613	5291	103	205	0.947	1.288E-57	28	129	214	4613	4918	306	4565	4918
197303266	1	297	1.413E-78	2	4613	5291	112	94	0.776	3.660E-20	127	184	214	5118	5291	174	5118	5324
197825913	1	226	3.337E-57	1	1374	2051	34	226	0.524	3.025E-58	41	267	287	1374	2051	678	483	2057
198519872	1	266	3.035E-69	1	966	2051	34	266	0.416	7.824E-72	7	370	390	966	2051	1086	483	2057
198552259	1	291	9.044E-77	1	558	2051	34	291	0.355	2.809E-80	437	935	955	558	2051	1494	483	2057
199972020	1	367	1.197E-99	3	4613	5497	103	207	0.956	1.934E-58	8	109	213	4613	4918	306	4565	4918
199972020	1	367	1.197E-99	3	4613	5497	112	94	0.751	5.027E-20	107	166	213	5118	5297	180	5118	5324
199972020	1	367	1.197E-99	3	4613	5497	115	71	0.685	1.335E-11	163	212	213	5348	5497	150	5246	5515
200258560	1	276	2.964E-72	1	990	2051	34	276	0.434	2.584E-75	2	358	378	990	2051	1062	483	2057
201511111	-1	530	1.024E-148	4	23323	26479	1292	125	0.443	3.236E-28	156	310	936	-26479	-26033	447	26656	26015
201511111	-1	530	1.024E-148	4	23323	26479	1302	151	0.501	1.000E-37	309	467	936	-25978	-25505	474	26011	25487
201511111	-1	530	1.024E-148	4	23323	26479	1337	256	0.537	6.338E-72	599	848	936	-24389	-23652	738	24476	23595
201511111	-1	530	1.024E-148	4	23323	26479	1341	128	0.711	1.630E-31	848	935	936	-23586	-23323	264	23598	23323
201758006	1	404	8.709E-111	1	597	2057	34	404	0.458	4.853E-119	119	603	619	597	2057	1461	483	2057
202022516	1	134	1.652E-29	1	1647	1934	34	134	0.684	5.784E-28	0	95	96	1647	1934	288	483	2057
202155538	-1	354	9.806E-96	3	23631	26524	1292	137	0.451	2.728E-32	23	188	808	-26524	-26027	498	26656	26015
202155538	-1	354	9.806E-96	3	23631	26524	1302	151	0.495	1.000E-37	183	344	808	-25984	-25505	480	26011	25487
202155538	-1	354	9.806E-96	3	23631	26524	1337	205	0.449	1.640E-54	480	731	808	-24374	-23631	744	24476	23595
202239585	1	184	1.468E-44	1	1431	2051	34	184	0.480	1.482E-44	13	219	239	1431	2051	621	483	2057
202539409	1	218	8.542E-55	1	1347	2051	34	218	0.496	9.919E-56	1	235	252	1347	2051	705	483	2057
202802534	1	151	1.261E-34	2	20009	20726	456	42	0.600	3.016E-02	2	34	228	20009	20104	96	20000	20122
202802534	1	151	1.261E-34	2	20009	20726	475	148	0.746	1.171E-35	75	169	228	20439	20726	288	20433	21131
203062149	-1	407	1.089E-111	3	23323	25978	1302	153	0.507	2.839E-38	2	160	629	-25978	-25505	474	26011	25487
203062149	-1	407	1.089E-111	3	23323	25978	1337	256	0.537	6.338E-72	292	541	629	-24389	-23652	738	24476	23595
203062149	-1	407	1.089E-111	3	23323	25978	1341	128	0.711	1.630E-31	541	628	629	-23586	-23323	264	23598	23323
203262426	-1	145	8.068E-33	4	23323	26506	1292	121	0.424	7.347E-27	126	284	914	-26506	-26033	474	26656	26015
203262426	-1	145	8.068E-33	4	23323	26506	1302	172	0.545	4.112E-45	278	441	914	-25993	-25508	486	26011	25487
203262426	-1	145	8.068E-33	4	23323	26506	1323	52	0.468	2.154E-05	520	576	914	-24628	-24458	171	24643	24458
203262426	-1	145	8.068E-33	4	23323	26506	1341	130	0.721	3.348E-32	826	913	914	-23586	-23323	264	23598	23323
203490288	1	325	5.265E-87	1	597	2051	34	325	0.391	5.492E-92	453	936	963	597	2051	1455	483	2057
203847269	1	219	4.271E-55	4	20015	21031	456	35	0.489	7.113E+00	5	39	293	20015	20119	105	20000	20122
203847269	1	219	4.271E-55	4	20015	21031	475	132	0.650	2.277E-30	74	174	293	20439	20738	300	20433	21131
203847269	1	219	4.271E-55	4	20015	21031	471	34	0.735	5.315E+00	168	188	293	20794	20856	63	20782	20856
203847269	1	219	4.271E-55	4	20015	21031	473	55	0.751	5.963E-07	189	222	293	20930	21031	102	20924	21031
203866226	1	155	7.879E-36	2	20009	20726	456	45	0.641	2.322E-03	2	34	227	20009	20104	96	20000	20122
203866226	1	155	7.879E-36	2	20009	20726	475	148	0.748	8.566E-36	74	168	227	20439	20726	288	20433	21131
204131413	1	169	4.809E-40	3	20051	21028	456	34	0.678	1.355E+01	17	39	234	20051	20119	69	20000	20122
204131413	1	169	4.809E-40	3	20051	21028	475	130	0.642	1.082E-29	73	173	234	20439	20738	300	20433	21131
204131413	1	169	4.809E-40	3	20051	21028	473	52	0.740	4.050E-06	190	222	234	20930	21028	99	20924	21031
204154750	1	173	3.006E-41	3	20009	21028	456	39	0.569	2.069E-01	2	34	227	20009	20104	96	20000	20122
204154750	1	173	3.006E-41	3	20009	21028	475	140	0.713	4.435E-33	74	168	227	20439	20726	288	20433	21131
204154750	1	173	3.006E-41	3	20009	21028	473	53	0.745	2.943E-06	191	223	227	20930	21028	99	20924	21031
204303779	1	226	3.337E-57	4	20009	21031	456	40	0.532	7.897E-02	4	40	297	20009	20119	111	20000	20122
204303779	1	226	3.337E-57	4	20009	21031	475	134	0.662	6.541E-31	74	173	297	20439	20738	300	20433	21131
204303779	1	226	3.337E-57	4	20009	21031	471	32	0.658	3.656E+01	166	187	297	20791	20856	66	20782	20856
204303779	1	226	3.337E-57	4	20009	21031	473	57	0.786	6.389E-08	188	221	297	20930	21031	102	20924	21031
204336144	1	176	3.757E-42	3	20036	21031	456	36	0.598	3.736E+00	12	39	229	20036	20119	84	20000	20122
204336144	1	176	3.757E-42	3	20036	21031	475	141	0.717	2.375E-33	76	170	229	20439	20726	288	20433	21131
204336144	1	176	3.757E-42	3	20036	21031	473	55	0.756	4.334E-07	193	226	229	20930	21031	102	20924	21031
204360408	1	179	4.696E-43	1	1020	2051	34	179	0.327	1.337E-42	1	344	361	1020	2051	1032	483	2057
204378124	1	416	2.126E-114	3	4613	5506	103	221	1.000	3.044E-63	8	109	219	4613	4918	306	4565	4918
204378124	1	416	2.126E-114	3	4613	5506	112	109	0.860	2.131E-25	107	166	219	5118	5297	180	5118	5324
204378124	1	416	2.126E-114	3	4613	5506	115	91	0.808	2.386E-18	163	215	219	5348	5506	159	5246	5515
204381863	1	51	1.598E-04	1	13659	13802	319	51	0.529	5.953E-05	41	88	95	13659	13802	144	13611	13820
204381934	1	405	4.355E-111	3	4613	5506	103	214	0.986	6.551E-61	8	109	219	4613	4918	306	4565	4918
204381934	1	405	4.355E-111	3	4613	5506	112	105	0.827	9.576E-24	107	166	219	5118	5297	180	5118	5324
204381934	1	405	4.355E-111	3	4613	5506	115	91	0.814	1.266E-18	163	215	219	5348	5506	159	5246	5515
204404824	1	140	2.582E-31	1	1674	2051	34	140	0.569	4.065E-30	4	129	150	1674	2051	378	483	2057
204458160	1	399	2.787E-109	3	4613	5506	103	214	0.986	6.551E-61	8	109	226	4613	4918	306	4565	4918
204458160	1	399	2.787E-109	3	4613	5506	112	104	0.849	1.315E-23	116	173	226	5124	5297	174	5118	5324
204458160	1	399	2.787E-109	3	4613	5506	115	89	0.792	1.164E-17	170	222	226	5348	5506	159	5246	5515
204510112	1	162	6.155E-38	1	1044	1820	34	162	0.370	2.752E-37	8	255	280	1044	1820	777	483	2057
204560855	1	218	8.542E-55	1	4607	4915	103	218	0.994	2.780E-62	0	102	103	4607	4915	309	4565	4918
204632947	1	54	1.998E-05	1	13638	13811	319	54	0.477	6.392E-06	45	99	102	13638	13811	174	13611	13820
204634596	1	413	1.701E-113	3	4613	5506	103	220	1.000	7.855E-63	8	109	218	4613	4918	306	4565	4918
204634596	1	413	1.701E-113	3	4613	5506	112	107	0.843	1.428E-24	107	166	218	5118	5297	180	5118	5324
204634596	1	413	1.701E-113	3	4613	5506	115	91	0.814	1.266E-18	163	215	218	5348	5506	159	5246	5515
204698037	1	52	7.990E-05	1	13665	13820	319	52	0.505	2.287E-05	24	75	88	13665	13820	156	13611	13820
204698186	1	59	6.242E-07	1	13665	13820	319	59	0.565	7.392E-08	24	75	76	13665	13820	156	13611	13820
204708020	1	420	1.329E-115	3	4613	5509	103	225	1.000	1.292E-64	8	109	219	4613	4918	306	4565	4918
204708020	1	420	1.329E-115	3	4613	5509	112	102	0.740	1.211E-22	107	170	219	5118	5315	198	5118	5324
204708020	1	420	1.329E-115	3	4613	5509	115	102	0.882	3.342E-22	163	216	219	5348	5509	162	5246	5515
204711896	-1	564	5.959E-159	4	23652	26521	1292	119	0.411	3.498E-26	174	336	956	-26521	-26033	489	26656	26015
204711896	-1	564	5.959E-159	4	23652	26521	1302	167	0.551	2.470E-43	336	492	956	-25975	-25508	468	26011	25487
204711896	-1	564	5.959E-159	4	23652	26521	1304	70	0.528	2.283E-11	494	560	956	-25441	-25241	201	25456	25235
204711896	-1	564	5.959E-159	4	23652	26521	1337	269	0.560	2.758E-76	625	873	956	-24389	-23652	738	24476	23595
204745720	1	233	2.607E-59	1	1077	2051	34	233	0.410	9.111E-61	0	304	502	1077	2051	975	483	2057
204787125	1	422	3.322E-116	3	4613	5509	103	220	1.000	5.727E-63	8	109	218	4613	4918	306	4565	4918
204787125	1	422	3.322E-116	3	4613	5509	112	106	0.832	5.078E-24	107	166	218	5118	5297	180	5118	5324
204787125	1	422	3.322E-116	3	4613	5509	115	101	0.876	6.297E-22	163	216	218	5348	5509	162	5246	5515
204794755	1	176	3.757E-42	2	5139	5509	112	98	0.868	2.105E-21	0	52	105	5139	5297	159	5118	5324
204794755	1	176	3.757E-42	2	5139	5509	115	81	0.717	6.604E-15	49	102	105	5348	5509	162	5246	5515
204826046	1	188	9.172E-46	1	600	1562	34	188	0.351	1.335E-45	278	601	625	600	1562	963	483	2057
204885215	1	422	3.322E-116	3	4613	5509	103	220	1.000	5.727E-63	8	109	218	4613	4918	306	4565	4918
204885215	1	422	3.322E-116	3	4613	5509	112	106	0.832	5.078E-24	107	166	218	5118	5297	180	5118	5324
204885215	1	422	3.322E-116	3	4613	5509	115	101	0.879	4.587E-22	163	216	218	5348	5509	162	5246	5515
210864789	1	415	4.253E-114	3	4613	5509	103	218	1.000	2.780E-62	8	109	219	4613	4918	306	4565	4918
210864789	1	415	4.253E-114	3	4613	5509	112	108	0.852	5.516E-25	107	166	219	5118	5297	180	5118	5324
210864789	1	415	4.253E-114	3	4613	5509	115	94	0.820	1.890E-19	163	216	219	5348	5509	162	5246	5515
211107167	1	405	4.355E-111	3	4613	5506	103	214	0.986	6.551E-61	8	109	219	4613	4918	306	4565	4918
211107167	1	405	4.355E-111	3	4613	5506	112	105	0.827	9.576E-24	107	166	219	5118	5297	180	5118	5324
211107167	1	405	4.355E-111	3	4613	5506	115	91	0.808	2.386E-18	163	215	219	5348	5506	159	5246	5515
211213347	1	288	7.235E-76	1	17184	17672	402	288	0.826	2.532E-85	3	170	171	17184	17672	489	17160	17672
211914603	-1	557	7.628E-157	4	23652	26506	1292	139	0.463	7.798E-33	15	176	797	-26506	-26027	480	26656	26015
211914603	-1	557	7.628E-157	4	23652	26506	1302	184	0.595	2.352E-49	173	330	797	-25978	-25508	471	26011	25487
211914603	-1	557	7.628E-157	4	23652	26506	1304	70	0.543	1.662E-11	331	395	797	-25444	-25250	195	25456	25235
211914603	-1	557	7.628E-157	4	23652	26506	1337	233	0.505	3.661E-64	465	709	797	-24389	-23652	738	24476	23595
212030897	1	333	2.056E-89	1	555	2051	34	333	0.391	8.071E-95	429	923	940	555	2051	1497	483	2057
212329333	1	254	1.243E-65	1	1044	2051	34	254	0.426	7.982E-68	2	337	366	1044	2051	1008	483	2057
212759598	1	177	1.878E-42	3	20027	21028	456	38	0.583	5.424E-01	7	37	223	20027	20119	93	20000	20122
212759598	1	177	1.878E-42	3	20027	21028	475	139	0.710	8.282E-33	71	165	223	20439	20726	288	20433	21131
212759598	1	177	1.878E-42	3	20027	21028	473	53	0.745	2.943E-06	188	220	223	20930	21028	99	20924	21031
212776285	-1	130	2.644E-28	1	23323	23586	1341	130	0.717	6.305E-32	63	150	154	-23586	-23323	264	23598	23323
213408957	1	288	7.235E-76	1	933	2051	34	288	0.433	1.796E-79	1	374	395	933	2051	1119	483	2057
213600139	1	233	2.607E-59	1	933	1835	34	233	0.433	6.710E-61	1	302	322	933	1835	903	483	2057
214045875	1	189	4.586E-46	2	5118	5506	112	105	0.829	6.974E-24	107	166	218	5118	5297	180	5118	5324
214045875	1	189	4.586E-46	2	5118	5506	115	87	0.776	5.681E-17	163	215	218	5348	5506	159	5246	5515
214080932	1	323	2.106E-86	2	4613	5297	103	220	1.000	5.727E-63	8	109	219	4613	4918	306	4565	4918
214080932	1	323	2.106E-86	2	4613	5297	112	105	0.829	6.974E-24	107	166	219	5118	5297	180	5118	5324
214396872	1	177	1.878E-42	3	20042	21028	456	37	0.657	1.423E+00	12	37	245	20042	20119	78	20000	20122
214396872	1	177	1.878E-42	3	20042	21028	475	141	0.715	3.246E-33	73	167	245	20439	20726	288	20433	21131
214396872	1	177	1.878E-42	3	20042	21028	473	54	0.760	1.129E-06	190	222	245	20930	21028	99	20924	21031
214534035	1	176	3.757E-42	3	20027	21031	456	37	0.572	1.032E+00	9	39	229	20027	20119	93	20000	20122
214534035	1	176	3.757E-42	3	20027	21031	475	141	0.718	1.738E-33	76	170	229	20439	20726	288	20433	21131
214534035	1	176	3.757E-42	3	20027	21031	473	54	0.741	1.129E-06	193	226	229	20930	21031	102	20924	21031
214957097	-1	558	3.814E-157	4	23652	25978	1302	170	0.556	2.723E-44	243	400	869	-25978	-25508	471	26011	25487
214957097	-1	558	3.814E-157	4	23652	25978	1304	69	0.519	3.138E-11	401	468	869	-25444	-25241	204	25456	25235
214957097	-1	558	3.814E-157	4	23652	25978	1323	55	0.473	1.678E-06	471	530	869	-24643	-24464	180	24643	24458
214957097	-1	558	3.814E-157	4	23652	25978	1337	265	0.557	3.398E-75	534	781	869	-24386	-23652	735	24476	23595
215550810	1	403	1.742E-110	3	4613	5506	103	214	0.986	6.551E-61	0	101	211	4613	4918	306	4565	4918
215550810	1	403	1.742E-110	3	4613	5506	112	105	0.829	6.974E-24	99	158	211	5118	5297	180	5118	5324
215550810	1	403	1.742E-110	3	4613	5506	115	89	0.798	6.176E-18	155	207	211	5348	5506	159	5246	5515
215705747	1	413	1.701E-113	3	4613	5509	103	220	1.000	7.855E-63	8	109	219	4613	4918	306	4565	4918
215705747	1	413	1.701E-113	3	4613	5509	112	105	0.829	6.974E-24	107	166	219	5118	5297	180	5118	5324
215705747	1	413	1.701E-113	3	4613	5509	115	93	0.813	3.563E-19	163	216	219	5348	5509	162	5246	5515
215714275	1	411	6.804E-113	3	4613	5506	103	214	0.986	6.551E-61	8	109	218	4613	4918	306	4565	4918
215714275	1	411	6.804E-113	3	4613	5506	112	109	0.857	2.926E-25	107	166	218	5118	5297	180	5118	5324
215714275	1	411	6.804E-113	3	4613	5506	115	93	0.830	2.595E-19	163	215	218	5348	5506	159	5246	5515
216456782	-1	287	1.447E-75	5	23323	26506	1292	127	0.439	9.273E-29	89	247	875	-26506	-26033	474	26656	26015
216456782	-1	287	1.447E-75	5	23323	26506	1302	177	0.558	9.374E-47	240	403	875	-25996	-25508	489	26011	25487
216456782	-1	287	1.447E-75	5	23323	26506	1304	67	0.516	2.114E-10	404	469	875	-25444	-25247	198	25456	25235
216456782	-1	287	1.447E-75	5	23323	26506	1323	48	0.478	5.250E-04	482	532	875	-24622	-24470	153	24643	24458
216456782	-1	287	1.447E-75	5	23323	26506	1341	136	0.746	5.465E-34	787	874	875	-23586	-23323	264	23598	23323
216669588	1	410	1.361E-112	3	4613	5509	103	220	1.000	7.855E-63	8	109	218	4613	4918	306	4565	4918
216669588	1	410	1.361E-112	3	4613	5509	112	106	0.787	5.078E-24	107	170	218	5118	5309	192	5118	5324
216669588	1	410	1.361E-112	3	4613	5509	115	93	0.817	2.595E-19	163	216	218	5348	5509	162	5246	5515
217270708	1	326	2.632E-87	2	4613	5297	103	222	1.000	2.220E-63	8	109	219	4613	4918	306	4565	4918
217270708	1	326	2.632E-87	2	4613	5297	112	106	0.832	5.078E-24	107	166	219	5118	5297	180	5118	5324
217613783	1	341	8.033E-92	1	555	2051	34	341	0.397	2.198E-97	5	497	514	555	2051	1497	483	2057
217849189	1	287	1.447E-75	1	597	1778	34	287	0.416	3.332E-79	322	713	717	597	1778	1182	483	2057
218133496	1	424	8.306E-117	3	4613	5509	103	220	1.000	5.727E-63	8	109	218	4613	4918	306	4565	4918
218133496	1	424	8.306E-117	3	4613	5509	112	106	0.835	3.698E-24	107	166	218	5118	5297	180	5118	5324
218133496	1	424	8.306E-117	3	4613	5509	115	103	0.895	9.409E-23	163	216	218	5348	5509	162	5246	5515
218331057	1	146	4.034E-33	2	20009	20726	456	40	0.585	7.897E-02	2	34	226	20009	20104	96	20000	20122
218331057	1	146	4.034E-33	2	20009	20726	475	143	0.725	4.981E-34	73	167	226	20439	20726	288	20433	21131
218383584	1	173	3.006E-41	2	20436	21028	475	141	0.712	1.738E-33	74	169	228	20436	20726	291	20433	21131
218383584	1	173	3.006E-41	2	20436	21028	473	53	0.755	1.554E-06	192	224	228	20930	21028	99	20924	21031
218463739	1	178	9.392E-43	2	20439	21028	475	138	0.681	2.113E-32	70	168	231	20439	20738	300	20433	21131
218463739	1	178	9.392E-43	2	20439	21028	473	53	0.755	1.554E-06	183	215	231	20930	21028	99	20924	21031
218635673	1	152	6.303E-35	2	20027	20705	456	39	0.594	2.853E-01	11	41	231	20027	20119	93	20000	20122
218635673	1	152	6.303E-35	2	20027	20705	475	147	0.791	2.991E-35	77	165	231	20439	20705	267	20433	21131
218760896	1	140	2.582E-31	2	20045	20726	456	36	0.659	3.736E+00	17	41	231	20045	20119	75	20000	20122
218760896	1	140	2.582E-31	2	20045	20726	475	138	0.703	2.887E-32	77	171	231	20439	20726	288	20433	21131
218821399	1	171	1.202E-40	2	20439	21028	475	140	0.712	6.061E-33	75	169	239	20439	20726	288	20433	21131
218821399	1	171	1.202E-40	2	20439	21028	473	52	0.740	4.050E-06	192	224	239	20930	21028	99	20924	21031
218849513	1	224	1.335E-56	4	20015	21031	456	39	0.537	2.853E-01	6	40	293	20015	20119	105	20000	20122
218849513	1	224	1.335E-56	4	20015	21031	475	133	0.657	1.667E-30	74	173	293	20439	20738	300	20433	21131
218849513	1	224	1.335E-56	4	20015	21031	471	32	0.666	2.651E+01	166	187	293	20791	20856	66	20782	20856
218849513	1	224	1.335E-56	4	20015	21031	473	57	0.786	6.389E-08	188	221	293	20930	21031	102	20924	21031
218902607	1	139	5.163E-31	1	1458	2051	34	139	0.401	7.294E-30	20	217	234	1458	2051	594	483	2057
218908593	1	316	2.695E-84	2	4613	5291	103	215	0.988	4.776E-61	8	109	218	4613	4918	306	4565	4918
218908593	1	316	2.695E-84	2	4613	5291	112	103	0.837	4.676E-23	107	164	218	5118	5291	174	5118	5324
218931622	1	412	3.402E-113	3	4613	5509	103	220	1.000	7.855E-63	23	124	234	4613	4918	306	4565	4918
218931622	1	412	3.402E-113	3	4613	5509	112	105	0.827	9.576E-24	122	181	234	5118	5297	180	5118	5324
218931622	1	412	3.402E-113	3	4613	5509	115	92	0.804	9.220E-19	178	231	234	5348	5509	162	5246	5515
218961632	1	220	2.136E-55	1	4607	4915	103	220	0.998	1.077E-62	0	102	103	4607	4915	309	4565	4918
218972044	1	393	1.784E-107	3	4613	5506	103	221	1.000	3.044E-63	8	109	219	4613	4918	306	4565	4918
218972044	1	393	1.784E-107	3	4613	5506	112	101	0.738	1.663E-22	107	170	219	5118	5315	198	5118	5324
218972044	1	393	1.784E-107	3	4613	5506	115	80	0.725	9.069E-15	163	215	219	5348	5506	159	5246	5515
219001402	1	410	1.361E-112	3	4613	5509	103	216	0.994	1.349E-61	8	109	218	4613	4918	306	4565	4918
219001402	1	410	1.361E-112	3	4613	5509	112	107	0.843	1.428E-24	107	166	218	5118	5297	180	5118	5324
219001402	1	410	1.361E-112	3	4613	5509	115	92	0.804	9.220E-19	163	216	218	5348	5509	162	5246	5515
219032567	-1	185	7.338E-45	2	25250	25792	1302	115	0.607	2.665E-25	0	94	160	-25792	-25508	285	26011	25487
219032567	-1	185	7.338E-45	2	25250	25792	1304	69	0.535	4.312E-11	95	159	160	-25444	-25250	195	25456	25235
219051552	1	217	1.708E-54	1	888	1850	34	217	0.392	2.473E-55	0	319	339	888	1850	963	483	2057
219076129	1	329	3.290E-88	2	4610	5297	103	222	1.000	1.618E-63	15	117	227	4610	4918	309	4565	4918
219076129	1	329	3.290E-88	2	4610	5297	112	109	0.855	4.017E-25	115	174	227	5118	5297	180	5118	5324
219106780	1	408	5.443E-112	3	4613	5506	103	220	1.000	1.077E-62	8	109	218	4613	4918	306	4565	4918
219106780	1	408	5.443E-112	3	4613	5506	112	105	0.829	6.974E-24	107	166	218	5118	5297	180	5118	5324
219106780	1	408	5.443E-112	3	4613	5506	115	88	0.789	1.598E-17	163	215	218	5348	5506	159	5246	5515
219129272	-1	291	9.044E-77	5	23323	26509	1292	134	0.452	4.559E-31	80	240	868	-26509	-26033	477	26656	26015
219129272	-1	291	9.044E-77	5	23323	26509	1302	172	0.544	5.635E-45	233	396	868	-25996	-25508	489	26011	25487
219129272	-1	291	9.044E-77	5	23323	26509	1304	72	0.552	2.468E-12	397	462	868	-25444	-25247	198	25456	25235
219129272	-1	291	9.044E-77	5	23323	26509	1323	48	0.468	7.226E-04	475	526	868	-24622	-24467	156	24643	24458
219129272	-1	291	9.044E-77	5	23323	26509	1341	132	0.730	6.876E-33	780	867	868	-23586	-23323	264	23598	23323
219138730	1	219	4.271E-55	1	4607	4915	103	219	0.997	1.478E-62	0	102	103	4607	4915	309	4565	4918
219143703	1	404	8.709E-111	3	4613	5497	103	222	1.000	2.220E-63	8	109	219	4613	4918	306	4565	4918
219143703	1	404	8.709E-111	3	4613	5497	112	109	0.855	4.017E-25	107	166	219	5118	5297	180	5118	5324
219143703	1	404	8.709E-111	3	4613	5497	115	78	0.746	4.427E-14	163	212	219	5348	5497	150	5246	5515
219172263	1	53	3.995E-05	1	13659	13820	319	53	0.495	1.663E-05	7	60	61	13659	13820	162	13611	13820
219199793	1	220	2.136E-55	1	1383	2048	34	220	0.523	1.595E-56	101	322	343	1383	2048	666	483	2057
219213844	1	220	2.136E-55	1	4607	4915	103	220	1.000	7.855E-63	0	102	103	4607	4915	309	4565	4918
219237359	1	53	3.995E-05	1	13665	13820	319	53	0.510	1.663E-05	18	69	70	13665	13820	156	13611	13820
219237952	1	112	6.930E-23	1	1722	2051	34	112	0.528	3.342E-21	0	109	130	1722	2051	330	483	2057
219294950	1	403	1.742E-110	3	4613	5506	103	214	0.986	6.551E-61	8	109	219	4613	4918	306	4565	4918
219294950	1	403	1.742E-110	3	4613	5506	112	105	0.829	6.974E-24	107	166	219	5118	5297	180	5118	5324
219294950	1	403	1.742E-110	3	4613	5506	115	89	0.792	1.164E-17	163	215	219	5348	5506	159	5246	5515
219367101	1	411	6.804E-113	3	4613	5509	103	218	1.000	2.780E-62	8	109	219	4613	4918	306	4565	4918
219367101	1	411	6.804E-113	3	4613	5509	112	106	0.766	5.078E-24	107	170	219	5118	5315	198	5118	5324
219367101	1	411	6.804E-113	3	4613	5509	115	96	0.835	3.875E-20	163	216	219	5348	5509	162	5246	5515
219382523	1	141	1.291E-31	1	1437	1856	34	141	0.525	3.034E-30	3	142	198	1437	1856	420	483	2057
219426559	1	407	1.089E-111	3	4613	5506	103	220	1.000	1.077E-62	58	159	268	4613	4918	306	4565	4918
219426559	1	407	1.089E-111	3	4613	5506	112	105	0.829	6.974E-24	157	216	268	5118	5297	180	5118	5324
219426559	1	407	1.089E-111	3	4613	5506	115	87	0.782	3.013E-17	213	265	268	5348	5506	159	5246	5515
225132423	1	268	7.587E-70	1	933	2054	34	268	0.408	1.677E-72	1	376	384	933	2054	1122	483	2057
225581563	1	235	6.517E-60	1	1092	2051	34	235	0.414	1.453E-61	40	363	383	1092	2051	960	483	2057
226215953	1	179	4.696E-43	1	1488	2051	34	179	0.505	9.910E-43	26	213	233	1488	2051	564	483	2057
226389375	1	294	1.131E-77	1	975	2051	34	294	0.451	2.366E-81	2	362	383	975	2051	1077	483	2057
227440231	1	328	6.581E-88	2	4613	5291	103	222	1.000	2.220E-63	8	109	176	4613	4918	306	4565	4918
227440231	1	328	6.581E-88	2	4613	5291	112	108	0.878	5.516E-25	107	164	176	5118	5291	174	5118	5324
227824282	1	283	2.315E-74	1	597	1967	34	283	0.367	1.358E-77	268	729	744	597	1967	1371	483	2057
228706511	-1	569	1.862E-160	4	23323	26536	1292	139	0.439	7.798E-33	53	226	852	-26536	-26033	504	26656	26015
228706511	-1	569	1.862E-160	4	23323	26536	1302	169	0.535	5.113E-44	219	383	852	-25990	-25508	483	26011	25487
228706511	-1	569	1.862E-160	4	23323	26536	1337	268	0.561	3.775E-76	517	764	852	-24386	-23652	735	24476	23595
228706511	-1	569	1.862E-160	4	23323	26536	1341	131	0.723	2.439E-32	764	851	852	-23586	-23323	264	23598	23323
229037466	1	463	1.511E-128	3	4613	5515	103	226	1.000	5.008E-65	8	109	219	4613	4918	306	4565	4918
229037466	1	463	1.511E-128	3	4613	5515	112	113	0.885	1.228E-26	107	166	219	5118	5297	180	5118	5324
229037466	1	463	1.511E-128	3	4613	5515	115	129	1.000	1.079E-31	163	218	219	5348	5515	168	5246	5515
229114950	-1	441	6.337E-122	3	23652	25978	1302	168	0.555	1.803E-43	232	387	858	-25978	-25514	465	26011	25487
229114950	-1	441	6.337E-122	3	23652	25978	1304	69	0.519	3.138E-11	390	457	858	-25444	-25241	204	25456	25235
229114950	-1	441	6.337E-122	3	23652	25978	1337	269	0.562	2.758E-76	523	770	858	-24386	-23652	735	24476	23595
229218477	1	326	2.632E-87	1	600	2051	34	326	0.391	2.951E-92	454	940	959	600	2051	1452	483	2057
229808472	1	317	1.348E-84	1	597	2051	34	317	0.384	1.999E-89	416	902	922	597	2051	1455	483	2057
230139896	1	205	6.998E-51	1	1362	2051	34	205	0.480	3.043E-51	32	260	289	1362	2051	690	483	2057
230270966	1	423	1.661E-116	3	4613	5509	103	220	1.000	5.727E-63	8	109	218	4613	4918	306	4565	4918
230270966	1	423	1.661E-116	3	4613	5509	112	106	0.832	5.078E-24	107	166	218	5118	5297	180	5118	5324
230270966	1	423	1.661E-116	3	4613	5509	115	102	0.882	3.342E-22	163	216	218	5348	5509	162	5246	5515
230905758	1	404	8.709E-111	3	4613	5497	103	216	0.992	1.851E-61	8	109	220	4613	4918	306	4565	4918
230905758	1	404	8.709E-111	3	4613	5497	112	104	0.821	1.806E-23	107	166	220	5118	5297	180	5118	5324
230905758	1	404	8.709E-111	3	4613	5497	115	89	0.840	6.176E-18	163	212	220	5348	5497	150	5246	5515
231034957	1	353	1.961E-95	1	597	2051	34	353	0.414	1.945E-101	340	826	849	597	2051	1455	483	2057
231061757	1	419	2.658E-115	3	4613	5509	103	221	1.000	3.044E-63	8	109	218	4613	4918	306	4565	4918
231061757	1	419	2.658E-115	3	4613	5509	112	105	0.827	9.576E-24	107	166	218	5118	5297	180	5118	5324
231061757	1	419	2.658E-115	3	4613	5509	115	98	0.857	4.216E-21	163	216	218	5348	5509	162	5246	5515
231849994	-1	287	1.447E-75	5	23323	26440	1292	126	0.487	2.367E-28	100	236	864	-26440	-26033	408	26656	26015
231849994	-1	287	1.447E-75	5	23323	26440	1302	174	0.549	1.166E-45	229	392	864	-25996	-25508	489	26011	25487
231849994	-1	287	1.447E-75	5	23323	26440	1304	74	0.559	9.512E-13	393	458	864	-25444	-25247	198	25456	25235
231849994	-1	287	1.447E-75	5	23323	26440	1323	46	0.458	1.885E-03	471	522	864	-24622	-24467	156	24643	24458
231849994	-1	287	1.447E-75	5	23323	26440	1341	134	0.740	1.413E-33	776	863	864	-23586	-23323	264	23598	23323
232390569	1	235	6.517E-60	1	1092	2051	34	235	0.413	1.974E-61	90	413	433	1092	2051	960	483	2057
232564084	-1	296	2.826E-78	5	23323	26506	1292	131	0.449	4.071E-30	95	253	881	-26506	-26033	474	26656	26015
232564084	-1	296	2.826E-78	5	23323	26506	1302	172	0.545	4.112E-45	246	409	881	-25996	-25508	489	26011	25487
232564084	-1	296	2.826E-78	5	23323	26506	1304	70	0.534	2.283E-11	410	475	881	-25444	-25247	198	25456	25235
232564084	-1	296	2.826E-78	5	23323	26506	1323	52	0.499	1.565E-05	488	540	881	-24622	-24464	159	24643	24458
232564084	-1	296	2.826E-78	5	23323	26506	1341	137	0.751	2.114E-34	793	880	881	-23586	-23323	264	23598	23323
233012194	1	166	3.847E-39	2	20439	21031	475	126	0.624	3.332E-28	73	173	236	20439	20738	300	20433	21131
233012194	1	166	3.847E-39	2	20439	21031	473	55	0.761	3.150E-07	190	223	236	20930	21031	102	20924	21031
233033128	1	159	4.924E-37	3	20057	20856	456	34	0.743	9.817E+00	19	39	231	20057	20119	63	20000	20122
233033128	1	159	4.924E-37	3	20057	20856	475	131	0.649	7.925E-30	73	172	231	20439	20738	300	20433	21131
233033128	1	159	4.924E-37	3	20057	20856	471	32	0.693	2.651E+01	166	186	231	20794	20856	63	20782	20856
233056801	1	170	2.404E-40	2	20436	21031	475	136	0.690	1.006E-31	81	176	235	20436	20726	291	20433	21131
233056801	1	170	2.404E-40	2	20436	21031	473	55	0.756	4.334E-07	199	232	235	20930	21031	102	20924	21031
233120043	1	171	1.202E-40	2	20436	21031	475	137	0.691	7.364E-32	81	176	235	20436	20726	291	20433	21131
233120043	1	171	1.202E-40	2	20436	21031	473	55	0.756	4.334E-07	199	232	235	20930	21031	102	20924	21031
233365360	-1	59	6.242E-07	1	4751	4930	1783	59	0.498	1.212E-07	40	99	102	-4930	-4751	180	4933	4733
233408329	1	186	3.669E-45	3	20027	21031	456	38	0.577	7.480E-01	10	40	232	20027	20119	93	20000	20122
233408329	1	186	3.669E-45	3	20027	21031	475	147	0.741	2.991E-35	77	171	232	20439	20726	288	20433	21131
233408329	1	186	3.669E-45	3	20027	21031	473	57	0.786	6.389E-08	194	227	232	20930	21031	102	20924	21031
233468891	1	125	8.460E-27	1	1503	2027	34	125	0.404	3.400E-25	11	169	172	1503	2027	525	483	2057
233478643	1	326	2.632E-87	2	4604	5297	103	222	0.989	2.220E-63	3	107	217	4604	4918	315	4565	4918
233478643	1	326	2.632E-87	2	4604	5297	112	106	0.832	5.078E-24	105	164	217	5118	5297	180	5118	5324
233479150	-1	388	5.708E-106	3	23323	25993	1302	156	0.500	1.219E-39	222	387	845	-25993	-25502	492	26011	25487
233479150	-1	388	5.708E-106	3	23323	25993	1337	238	0.516	1.165E-65	519	757	845	-24383	-23652	732	24476	23595
233479150	-1	388	5.708E-106	3	23323	25993	1341	127	0.684	5.783E-31	754	844	845	-23595	-23323	273	23598	23323
233483315	1	423	1.661E-116	3	4613	5515	103	220	1.000	5.727E-63	8	109	219	4613	4918	306	4565	4918
233483315	1	423	1.661E-116	3	4613	5515	112	106	0.838	2.693E-24	107	166	219	5118	5297	180	5118	5324
233483315	1	423	1.661E-116	3	4613	5515	115	102	0.860	1.773E-22	163	218	219	5348	5515	168	5246	5515
233636520	1	418	5.316E-115	3	4613	5509	103	221	1.000	3.044E-63	8	109	218	4613	4918	306	4565	4918
233636520	1	418	5.316E-115	3	4613	5509	112	105	0.827	9.576E-24	107	166	218	5118	5297	180	5118	5324
233636520	1	418	5.316E-115	3	4613	5509	115	97	0.845	1.498E-20	163	216	218	5348	5509	162	5246	5515
233651810	1	404	8.709E-111	3	4613	5506	103	216	0.994	1.349E-61	8	109	219	4613	4918	306	4565	4918
233651810	1	404	8.709E-111	3	4613	5506	112	108	0.805	5.516E-25	107	170	219	5118	5309	192	5118	5324
233651810	1	404	8.709E-111	3	4613	5506	115	89	0.795	8.479E-18	163	215	219	5348	5506	159	5246	5515
233669305	-1	183	2.935E-44	1	23769	24278	1337	183	0.556	1.202E-46	0	168	189	-24278	-23769	510	24476	23595
233691260	1	216	3.417E-54	1	4610	4915	103	216	0.994	1.349E-61	0	101	102	4610	4915	306	4565	4918
233728498	1	413	1.701E-113	3	4613	5509	103	217	0.997	7.173E-62	8	109	219	4613	4918	306	4565	4918
233728498	1	413	1.701E-113	3	4613	5509	112	103	0.812	4.676E-23	107	166	219	5118	5297	180	5118	5324
233728498	1	413	1.701E-113	3	4613	5509	115	98	0.851	7.945E-21	163	216	219	5348	5509	162	5246	5515
233765379	1	258	7.769E-67	2	4613	5506	103	215	0.988	4.776E-61	8	109	220	4613	4918	306	4565	4918
233765379	1	258	7.769E-67	2	4613	5506	115	95	0.843	7.304E-20	163	215	220	5348	5506	159	5246	5515
233778775	1	136	4.131E-30	1	1674	2051	34	136	0.556	7.534E-29	8	133	154	1674	2051	378	483	2057
233780574	1	139	5.163E-31	1	1554	1937	34	139	0.560	7.294E-30	67	194	195	1554	1937	384	483	2057
233780867	1	180	2.348E-43	1	1383	2051	34	180	0.445	5.441E-43	36	235	256	1383	2051	669	483	2057
233781675	1	54	1.998E-05	1	13665	13820	319	54	0.519	6.392E-06	24	75	76	13665	13820	156	13611	13820
233781839	1	59	6.242E-07	1	13665	13820	319	59	0.562	1.016E-07	15	66	88	13665	13820	156	13611	13820
233792652	1	193	2.866E-47	1	1296	2051	34	193	0.428	1.963E-47	13	265	285	1296	2051	756	483	2057
233802277	1	326	2.632E-87	2	4613	5291	103	220	1.000	7.855E-63	8	109	175	4613	4918	306	4565	4918
233802277	1	326	2.632E-87	2	4613	5291	112	108	0.875	7.575E-25	107	164	175	5118	5291	174	5118	5324
233811407	1	230	2.085E-58	1	600	1796	34	230	0.352	7.745E-60	37	434	454	600	1796	1197	483	2057
233811670	1	229	4.171E-58	1	597	1736	34	229	0.362	1.937E-59	159	535	536	597	1736	1140	483	2057
233814598	1	417	1.063E-114	3	4613	5512	103	220	1.000	5.727E-63	8	109	218	4613	4918	306	4565	4918
233814598	1	417	1.063E-114	3	4613	5512	112	105	0.829	6.974E-24	107	166	218	5118	5297	180	5118	5324
233814598	1	417	1.063E-114	3	4613	5512	115	97	0.834	1.091E-20	163	217	218	5348	5512	165	5246	5515
233826553	1	409	2.722E-112	3	4613	5509	103	220	1.000	7.855E-63	8	109	219	4613	4918	306	4565	4918
233826553	1	409	2.722E-112	3	4613	5509	112	104	0.756	1.806E-23	107	170	219	5118	5315	198	5118	5324
233826553	1	409	2.722E-112	3	4613	5509	115	94	0.820	1.890E-19	163	216	219	5348	5509	162	5246	5515
233860021	1	191	1.147E-46	2	5118	5506	112	107	0.841	1.961E-24	90	149	202	5118	5297	180	5118	5324
233860021	1	191	1.147E-46	2	5118	5506	115	87	0.779	4.137E-17	146	198	202	5348	5506	159	5246	5515
233864914	1	238	8.146E-61	1	1020	1973	34	238	0.423	1.705E-62	205	518	519	1020	1973	954	483	2057
233867499	1	416	2.126E-114	3	4613	5506	103	222	1.000	1.180E-63	8	109	219	4613	4918	306	4565	4918
233867499	1	416	2.126E-114	3	4613	5506	112	106	0.838	2.693E-24	107	166	219	5118	5297	180	5118	5324
233867499	1	416	2.126E-114	3	4613	5506	115	93	0.824	4.891E-19	163	215	219	5348	5506	159	5246	5515
233878324	1	234	1.303E-59	3	20439	21028	475	145	0.732	1.427E-34	49	143	203	20439	20726	288	20433	21131
233878324	1	234	1.303E-59	3	20439	21028	471	33	0.718	1.010E+01	145	165	203	20794	20856	63	20782	20856
233878324	1	234	1.303E-59	3	20439	21028	473	54	0.766	8.205E-07	166	198	203	20930	21028	99	20924	21031
233922431	1	101	1.419E-19	1	1722	2042	34	101	0.495	1.282E-17	0	106	138	1722	2042	321	483	2057
233945352	-1	555	3.051E-156	4	23652	26494	1292	138	0.474	1.995E-32	137	292	915	-26494	-26033	462	26656	26015
233945352	-1	555	3.051E-156	4	23652	26494	1302	184	0.592	2.352E-49	291	449	915	-25978	-25508	471	26011	25487
233945352	-1	555	3.051E-156	4	23652	26494	1304	69	0.538	3.138E-11	450	514	915	-25444	-25250	195	25456	25235
233945352	-1	555	3.051E-156	4	23652	26494	1337	230	0.500	6.139E-63	583	827	915	-24389	-23652	738	24476	23595
239914965	-1	131	1.322E-28	1	26033	26506	1292	131	0.449	4.071E-30	11	169	181	-26506	-26033	474	26656	26015
240949873	1	401	6.968E-110	3	4613	5506	103	216	0.992	1.851E-61	39	140	250	4613	4918	306	4565	4918
240949873	1	401	6.968E-110	3	4613	5506	112	102	0.807	8.819E-23	138	197	250	5118	5297	180	5118	5324
240949873	1	401	6.968E-110	3	4613	5506	115	88	0.789	1.598E-17	194	246	250	5348	5506	159	5246	5515
241037496	-1	148	1.008E-33	4	23323	26506	1292	120	0.421	1.874E-26	112	270	900	-26506	-26033	474	26656	26015
241037496	-1	148	1.008E-33	4	23323	26506	1302	179	0.549	1.939E-47	262	430	900	-25999	-25499	501	26011	25487
241037496	-1	148	1.008E-33	4	23323	26506	1323	46	0.427	1.885E-03	506	562	900	-24628	-24458	171	24643	24458
241037496	-1	148	1.008E-33	4	23323	26506	1341	132	0.728	9.437E-33	812	899	900	-23586	-23323	264	23598	23323
241839462	1	410	1.361E-112	3	4613	5512	103	218	1.000	2.780E-62	8	109	222	4613	4918	306	4565	4918
241839462	1	410	1.361E-112	3	4613	5512	112	104	0.824	1.315E-23	107	166	222	5118	5297	180	5118	5324
241839462	1	410	1.361E-112	3	4613	5512	115	93	0.801	3.563E-19	163	217	222	5348	5512	165	5246	5515
241850489	-1	564	5.959E-159	4	23652	26506	1292	134	0.445	3.334E-31	83	247	870	-26506	-26027	480	26656	26015
241850489	-1	564	5.959E-159	4	23652	26506	1302	171	0.558	1.450E-44	244	401	870	-25978	-25508	471	26011	25487
241850489	-1	564	5.959E-159	4	23652	26506	1304	64	0.484	2.692E-09	402	469	870	-25444	-25241	204	25456	25235
241850489	-1	564	5.959E-159	4	23652	26506	1337	260	0.548	2.009E-73	535	782	870	-24386	-23652	735	24476	23595
241932064	-1	460	1.209E-127	4	23658	26440	1292	104	0.421	8.975E-21	93	228	843	-26440	-26033	408	26656	26015
241932064	-1	460	1.209E-127	4	23658	26440	1302	156	0.515	2.287E-39	227	385	843	-25978	-25505	474	26011	25487
241932064	-1	460	1.209E-127	4	23658	26440	1323	38	0.384	1.565E+00	461	513	843	-24622	-24464	159	24643	24458
241932064	-1	460	1.209E-127	4	23658	26440	1337	238	0.519	8.519E-66	517	753	843	-24386	-23658	729	24476	23595
242120814	-1	564	5.959E-159	4	23323	25978	1302	168	0.551	9.600E-44	266	423	892	-25978	-25508	471	26011	25487
242120814	-1	564	5.959E-159	4	23323	25978	1304	62	0.491	9.608E-09	424	488	892	-25444	-25250	195	25456	25235
242120814	-1	564	5.959E-159	4	23323	25978	1337	274	0.571	4.657E-78	557	804	892	-24386	-23652	735	24476	23595
242120814	-1	564	5.959E-159	4	23323	25978	1341	125	0.694	2.816E-30	804	891	892	-23586	-23323	264	23598	23323
242188231	-1	666	1.175E-189	5	23323	25978	1302	160	0.530	5.226E-41	252	409	878	-25978	-25508	471	26011	25487
242188231	-1	666	1.175E-189	5	23323	25978	1304	63	0.487	3.700E-09	410	476	878	-25444	-25244	201	25456	25235
242188231	-1	666	1.175E-189	5	23323	25978	1323	52	0.496	2.154E-05	487	539	878	-24622	-24464	159	24643	24458
242188231	-1	666	1.175E-189	5	23323	25978	1337	271	0.567	3.064E-77	543	790	878	-24386	-23652	735	24476	23595
242188231	-1	666	1.175E-189	5	23323	25978	1341	128	0.707	3.070E-31	790	877	878	-23586	-23323	264	23598	23323
242323269	1	406	2.177E-111	3	4613	5509	103	220	1.000	7.855E-63	8	109	219	4613	4918	306	4565	4918
242323269	1	406	2.177E-111	3	4613	5509	112	106	0.766	5.078E-24	107	170	219	5118	5315	198	5118	5324
242323269	1	406	2.177E-111	3	4613	5509	115	89	0.779	1.164E-17	163	216	219	5348	5509	162	5246	5515
242441483	1	344	1.004E-92	1	555	2051	34	344	0.400	1.338E-98	142	634	651	555	2051	1497	483	2057
242822856	1	334	1.028E-89	1	558	1991	34	334	0.404	3.177E-95	50	526	590	558	1991	1434	483	2057
242835918	1	355	4.903E-96	1	600	2051	34	355	0.416	2.201E-102	65	552	572	600	2051	1452	483	2057
243262700	-1	171	1.202E-40	1	23652	24113	1337	171	0.566	1.375E-42	0	154	200	-24113	-23652	462	24476	23595
243748342	1	215	6.834E-54	1	933	1880	34	215	0.390	8.354E-55	1	321	339	933	1880	948	483	2057
244149895	1	54	1.998E-05	1	17211	17573	402	54	0.287	1.545E-04	13	121	172	17211	17573	363	17160	17672
244157564	1	405	4.355E-111	3	4613	5509	103	220	1.000	7.855E-63	8	109	219	4613	4918	306	4565	4918
244157564	1	405	4.355E-111	3	4613	5509	112	106	0.766	5.078E-24	107	170	219	5118	5315	198	5118	5324
244157564	1	405	4.355E-111	3	4613	5509	115	88	0.773	2.195E-17	163	216	219	5348	5509	162	5246	5515
244576079	1	212	5.467E-53	1	1377	2051	34	212	0.501	9.516E-54	0	224	253	1377	2051	675	483	2057
244978028	1	164	1.539E-38	1	1551	2051	34	164	0.518	6.228E-38	0	166	170	1551	2051	501	483	2057
245013284	1	355	4.903E-96	1	597	2048	34	355	0.417	2.201E-102	342	827	848	597	2048	1452	483	2057
245174505	-1	552	2.441E-155	4	23323	26479	1292	125	0.443	3.236E-28	156	310	916	-26479	-26033	447	26656	26015
245174505	-1	552	2.441E-155	4	23323	26479	1302	151	0.501	1.370E-37	309	467	916	-25978	-25505	474	26011	25487
245174505	-1	552	2.441E-155	4	23323	26479	1337	258	0.540	1.807E-72	579	828	916	-24389	-23652	738	24476	23595
245174505	-1	552	2.441E-155	4	23323	26479	1341	128	0.711	1.630E-31	828	915	916	-23586	-23323	264	23598	23323
245259992	1	400	1.394E-109	3	4613	5497	103	215	0.988	4.776E-61	8	109	219	4613	4918	306	4565	4918
245259992	1	400	1.394E-109	3	4613	5497	112	110	0.863	1.552E-25	107	166	219	5118	5297	180	5118	5324
245259992	1	400	1.394E-109	3	4613	5497	115	80	0.759	1.245E-14	163	212	219	5348	5497	150	5246	5515
245465900	1	261	9.711E-68	1	1029	2051	34	261	0.430	3.148E-70	0	339	356	1029	2051	1023	483	2057
245905662	-1	683	8.966E-195	5	23323	26554	1292	141	0.447	1.192E-33	98	270	896	-26554	-26036	519	26656	26015
245905662	-1	683	8.966E-195	5	23323	26554	1302	179	0.602	1.939E-47	278	428	896	-25954	-25502	453	26011	25487
245905662	-1	683	8.966E-195	5	23323	26554	1323	49	0.470	1.463E-04	504	557	896	-24622	-24461	162	24643	24458
245905662	-1	683	8.966E-195	5	23323	26554	1337	255	0.537	1.624E-71	560	808	896	-24386	-23652	735	24476	23595
245905662	-1	683	8.966E-195	5	23323	26554	1341	138	0.757	8.181E-35	808	895	896	-23586	-23323	264	23598	23323
246015561	-1	145	8.068E-33	4	23323	26506	1292	123	0.427	2.880E-27	116	274	904	-26506	-26033	474	26656	26015
246015561	-1	145	8.068E-33	4	23323	26506	1302	171	0.543	7.722E-45	268	431	904	-25993	-25508	486	26011	25487
246015561	-1	145	8.068E-33	4	23323	26506	1323	51	0.466	2.964E-05	510	566	904	-24628	-24458	171	24643	24458
246015561	-1	145	8.068E-33	4	23323	26506	1341	130	0.721	3.348E-32	816	903	904	-23586	-23323	264	23598	23323
246055584	1	248	7.956E-64	1	555	2051	34	248	0.319	7.997E-66	238	663	692	555	2051	1497	483	2057
246524433	1	426	2.076E-117	3	4613	5509	103	222	1.000	2.220E-63	8	109	218	4613	4918	306	4565	4918
246524433	1	426	2.076E-117	3	4613	5509	112	109	0.791	2.131E-25	107	170	218	5118	5315	198	5118	5324
246524433	1	426	2.076E-117	3	4613	5509	115	104	0.904	3.637E-23	163	216	218	5348	5509	162	5246	5515
246619977	1	188	9.172E-46	1	1296	2051	34	188	0.417	9.883E-46	53	307	327	1296	2051	756	483	2057
247554478	1	182	5.870E-44	2	20442	20856	475	147	0.748	2.991E-35	70	163	219	20442	20726	285	20433	21131
247554478	1	182	5.870E-44	2	20442	20856	471	34	0.735	5.315E+00	165	185	219	20794	20856	63	20782	20856
247634880	1	166	3.847E-39	2	20436	21028	475	140	0.761	4.435E-33	72	160	223	20436	20702	267	20433	21131
247634880	1	166	3.847E-39	2	20436	21028	473	51	0.729	7.671E-06	187	219	223	20930	21028	99	20924	21031
247660140	1	174	1.503E-41	3	20051	21028	456	38	0.753	5.424E-01	9	31	221	20051	20119	69	20000	20122
247660140	1	174	1.503E-41	3	20051	21028	475	138	0.705	2.113E-32	67	161	221	20439	20726	288	20433	21131
247660140	1	174	1.503E-41	3	20051	21028	473	53	0.750	2.138E-06	184	216	221	20930	21028	99	20924	21031
247683266	1	180	2.348E-43	3	20042	21028	456	39	0.690	2.853E-01	12	37	245	20042	20119	78	20000	20122
247683266	1	180	2.348E-43	3	20042	21028	475	141	0.715	3.246E-33	73	167	245	20439	20726	288	20433	21131
247683266	1	180	2.348E-43	3	20042	21028	473	55	0.771	5.963E-07	190	222	245	20930	21028	99	20924	21031
247684532	1	177	1.878E-42	3	20045	21028	456	40	0.907	7.897E-02	15	34	227	20045	20104	60	20000	20122
247684532	1	177	1.878E-42	3	20045	21028	475	139	0.706	1.546E-32	74	168	227	20439	20726	288	20433	21131
247684532	1	177	1.878E-42	3	20045	21028	473	57	0.797	1.209E-07	191	223	227	20930	21028	99	20924	21031
247991333	-1	522	2.621E-146	4	23652	26503	1292	112	0.402	9.568E-24	70	227	850	-26503	-26033	471	26656	26015
247991333	-1	522	2.621E-146	4	23652	26503	1302	179	0.577	1.939E-47	226	384	850	-25978	-25505	474	26011	25487
247991333	-1	522	2.621E-146	4	23652	26503	1304	68	0.509	1.119E-10	385	452	850	-25441	-25241	201	25456	25235
247991333	-1	522	2.621E-146	4	23652	26503	1337	228	0.499	2.940E-62	520	762	850	-24383	-23652	732	24476	23595
248080997	1	259	3.885E-67	2	4613	5506	103	215	0.988	4.776E-61	8	109	220	4613	4918	306	4565	4918
248080997	1	259	3.885E-67	2	4613	5506	115	96	0.849	3.875E-20	163	215	220	5348	5506	159	5246	5515
248086174	-1	416	2.126E-114	4	24467	26527	1292	136	0.447	5.101E-32	76	242	870	-26527	-26033	495	26656	26015
248086174	-1	416	2.126E-114	4	24467	26527	1302	173	0.548	1.598E-45	235	398	870	-25996	-25508	489	26011	25487
248086174	-1	416	2.126E-114	4	24467	26527	1304	75	0.570	2.669E-13	399	464	870	-25444	-25247	198	25456	25235
248086174	-1	416	2.126E-114	4	24467	26527	1323	48	0.468	7.226E-04	477	528	870	-24622	-24467	156	24643	24458
248100706	1	220	2.136E-55	1	4610	4915	103	220	1.000	7.855E-63	0	101	102	4610	4915	306	4565	4918
248119540	1	218	8.542E-55	1	4607	4915	103	218	0.994	2.780E-62	0	102	103	4607	4915	309	4565	4918
248162293	1	220	2.136E-55	1	4607	4915	103	220	0.998	1.077E-62	0	102	103	4607	4915	309	4565	4918
248189565	1	403	1.742E-110	3	4613	5506	103	220	1.000	1.077E-62	38	139	247	4613	4918	306	4565	4918
248189565	1	403	1.742E-110	3	4613	5506	112	102	0.810	6.422E-23	137	196	247	5118	5297	180	5118	5324
248189565	1	403	1.742E-110	3	4613	5506	115	86	0.770	1.071E-16	193	245	247	5348	5506	159	5246	5515
248190385	-1	248	7.956E-64	1	23652	24386	1337	248	0.532	3.361E-69	46	285	373	-24386	-23652	735	24476	23595
248210056	1	428	5.191E-118	3	4613	5512	103	219	1.000	1.478E-62	8	109	218	4613	4918	306	4565	4918
248210056	1	428	5.191E-118	3	4613	5512	112	106	0.835	3.698E-24	107	166	218	5118	5297	180	5118	5324
248210056	1	428	5.191E-118	3	4613	5512	115	108	0.917	2.101E-24	163	217	218	5348	5512	165	5246	5515
248219422	1	320	1.685E-85	2	4613	5291	103	214	0.986	6.551E-61	8	109	220	4613	4918	306	4565	4918
248219422	1	320	1.685E-85	2	4613	5291	112	108	0.875	7.575E-25	107	164	220	5118	5291	174	5118	5324
248254641	1	415	4.253E-114	3	4613	5509	103	221	1.000	3.044E-63	23	124	233	4613	4918	306	4565	4918
248254641	1	415	4.253E-114	3	4613	5509	112	105	0.827	9.576E-24	122	181	233	5118	5297	180	5118	5324
248254641	1	415	4.253E-114	3	4613	5509	115	94	0.826	1.003E-19	178	231	233	5348	5509	162	5246	5515
248292808	1	413	1.701E-113	3	4613	5509	103	219	1.000	2.027E-62	8	109	219	4613	4918	306	4565	4918
248292808	1	413	1.701E-113	3	4613	5509	112	105	0.829	6.974E-24	107	166	219	5118	5297	180	5118	5324
248292808	1	413	1.701E-113	3	4613	5509	115	94	0.823	1.377E-19	163	216	219	5348	5509	162	5246	5515
248303658	1	216	3.417E-54	1	4607	4915	103	216	0.985	1.349E-61	0	102	103	4607	4915	309	4565	4918
248307249	-1	126	4.230E-27	1	23323	23583	1341	126	0.705	1.495E-30	27	113	114	-23583	-23323	261	23598	23323
248320114	1	113	3.465E-23	1	1722	2051	34	113	0.530	2.511E-21	0	109	136	1722	2051	330	483	2057
248350468	1	222	5.339E-56	1	4607	4918	103	222	0.998	2.220E-63	0	103	104	4607	4918	312	4565	4918
248351695	1	195	7.166E-48	1	567	1730	34	195	0.320	4.339E-48	73	460	529	567	1730	1164	483	2057
248371900	1	265	6.070E-69	1	1053	2051	34	265	0.441	1.971E-71	26	359	473	1053	2051	999	483	2057
248384673	1	198	8.957E-49	2	5118	5509	112	105	0.827	9.576E-24	103	162	214	5118	5297	180	5118	5324
248384673	1	198	8.957E-49	2	5118	5509	115	96	0.835	3.875E-20	159	212	214	5348	5509	162	5246	5515
248406044	1	138	1.033E-30	1	1380	1868	34	138	0.460	1.752E-29	7	169	170	1380	1868	489	483	2057
248420797	1	428	5.191E-118	3	4613	5509	103	223	1.000	8.603E-64	8	109	219	4613	4918	306	4565	4918
248420797	1	428	5.191E-118	3	4613	5509	112	104	0.849	1.315E-23	107	164	219	5118	5291	174	5118	5324
248420797	1	428	5.191E-118	3	4613	5509	115	104	0.901	4.993E-23	163	216	219	5348	5509	162	5246	5515
248442203	1	315	5.391E-84	1	597	2036	34	315	0.386	1.285E-88	407	864	874	597	2036	1440	483	2057
248444022	-1	547	7.811E-154	4	23652	25981	1302	184	0.590	3.224E-49	270	428	835	-25981	-25508	474	26011	25487
248444022	-1	547	7.811E-154	4	23652	25981	1304	63	0.500	6.990E-09	429	492	835	-25444	-25253	192	25456	25235
248444022	-1	547	7.811E-154	4	23652	25981	1323	44	0.423	1.768E-02	505	558	835	-24622	-24461	162	24643	24458
248444022	-1	547	7.811E-154	4	23652	25981	1337	266	0.557	2.482E-75	561	808	835	-24386	-23652	735	24476	23595
248489515	1	322	4.212E-86	2	4613	5297	103	219	1.000	1.478E-62	8	109	219	4613	4918	306	4565	4918
248489515	1	322	4.212E-86	2	4613	5297	112	105	0.829	6.974E-24	107	166	219	5118	5297	180	5118	5324
248507303	1	243	2.546E-62	2	4613	5506	103	216	0.991	2.539E-61	8	109	220	4613	4918	306	4565	4918
248507303	1	243	2.546E-62	2	4613	5506	115	79	0.719	1.710E-14	163	215	220	5348	5506	159	5246	5515
249184493	1	369	2.993E-100	1	597	2051	34	369	0.429	5.540E-107	439	921	943	597	2051	1455	483	2057
254425127	1	159	4.924E-37	3	20051	20856	456	35	0.701	5.155E+00	17	39	234	20051	20119	69	20000	20122
254425127	1	159	4.924E-37	3	20051	20856	475	131	0.649	7.925E-30	73	172	234	20439	20738	300	20433	21131
254425127	1	159	4.924E-37	3	20051	20856	471	32	0.666	2.651E+01	165	186	234	20791	20856	66	20782	20856
254436857	-1	676	1.148E-192	5	23323	25957	1302	166	0.564	8.708E-43	243	393	862	-25957	-25508	450	26011	25487
254436857	-1	676	1.148E-192	5	23323	25957	1304	65	0.497	1.037E-09	394	460	862	-25444	-25244	201	25456	25235
254436857	-1	676	1.148E-192	5	23323	25957	1323	50	0.460	1.063E-04	468	523	862	-24631	-24464	168	24643	24458
254436857	-1	676	1.148E-192	5	23323	25957	1337	271	0.566	4.194E-77	527	774	862	-24386	-23652	735	24476	23595
254436857	-1	676	1.148E-192	5	23323	25957	1341	129	0.715	8.654E-32	774	861	862	-23586	-23323	264	23598	23323
254900121	1	175	7.514E-42	3	20036	21028	456	35	0.559	5.155E+00	9	38	225	20036	20119	84	20000	20122
254900121	1	175	7.514E-42	3	20036	21028	475	139	0.708	1.132E-32	73	167	225	20439	20726	288	20433	21131
254900121	1	175	7.514E-42	3	20036	21028	473	55	0.776	4.334E-07	190	222	225	20930	21028	99	20924	21031
254964527	1	178	9.392E-43	1	615	1628	34	178	0.329	2.435E-42	1	338	344	615	1628	1014	483	2057
256196127	-1	403	1.742E-110	3	23652	25993	1302	162	0.525	1.082E-41	266	427	887	-25993	-25508	486	26011	25487
256196127	-1	403	1.742E-110	3	23652	25993	1323	42	0.416	6.358E-02	504	556	887	-24622	-24464	159	24643	24458
256196127	-1	403	1.742E-110	3	23652	25993	1337	275	0.577	1.816E-78	559	799	887	-24389	-23652	738	24476	23595
256576477	1	287	1.447E-75	1	933	2051	34	287	0.431	4.539E-79	1	374	395	933	2051	1119	483	2057
256598776	1	181	1.174E-43	3	20045	21028	456	42	0.933	3.016E-02	15	34	228	20045	20104	60	20000	20122
256598776	1	181	1.174E-43	3	20045	21028	475	146	0.738	5.590E-35	75	169	228	20439	20726	288	20433	21131
256598776	1	181	1.174E-43	3	20045	21028	473	53	0.750	2.138E-06	192	224	228	20930	21028	99	20924	21031
257637658	1	418	5.316E-115	3	4613	5509	103	220	1.000	7.855E-63	8	109	219	4613	4918	306	4565	4918
257637658	1	418	5.316E-115	3	4613	5509	112	108	0.849	7.575E-25	107	166	219	5118	5297	180	5118	5324
257637658	1	418	5.316E-115	3	4613	5509	115	95	0.829	7.304E-20	163	216	219	5348	5509	162	5246	5515
257781383	1	167	1.924E-39	3	20060	21028	456	35	0.785	7.113E+00	21	40	230	20060	20119	60	20000	20122
257781383	1	167	1.924E-39	3	20060	21028	475	136	0.696	1.006E-31	76	170	230	20439	20726	288	20433	21131
257781383	1	167	1.924E-39	3	20060	21028	473	51	0.724	1.056E-05	193	225	230	20930	21028	99	20924	21031
257889084	1	192	5.733E-47	1	1374	2051	34	192	0.464	3.590E-47	14	202	231	1374	2051	678	483	2057
258341095	1	50	3.196E-04	1	13668	13805	319	50	0.537	1.549E-04	17	62	65	13668	13805	138	13611	13820
258935045	1	419	2.658E-115	3	4613	5506	103	221	1.000	3.044E-63	8	109	219	4613	4918	306	4565	4918
258935045	1	419	2.658E-115	3	4613	5506	112	110	0.866	1.130E-25	107	166	219	5118	5297	180	5118	5324
258935045	1	419	2.658E-115	3	4613	5506	115	93	0.824	4.891E-19	163	215	219	5348	5506	159	5246	5515
259578041	-1	162	6.155E-38	1	23652	24197	1337	162	0.472	9.431E-40	3	188	261	-24197	-23652	546	24476	23595
261325544	1	424	8.306E-117	3	4613	5509	103	222	1.000	2.220E-63	8	109	218	4613	4918	306	4565	4918
261325544	1	424	8.306E-117	3	4613	5509	112	109	0.789	2.926E-25	107	170	218	5118	5315	198	5118	5324
261325544	1	424	8.306E-117	3	4613	5509	115	102	0.888	1.773E-22	163	216	218	5348	5509	162	5246	5515
261605985	1	398	5.574E-109	3	4613	5509	103	217	0.996	9.839E-62	8	109	219	4613	4918	306	4565	4918
261605985	1	398	5.574E-109	3	4613	5509	112	104	0.756	1.806E-23	107	170	219	5118	5315	198	5118	5324
261605985	1	398	5.574E-109	3	4613	5509	115	86	0.760	7.800E-17	163	216	219	5348	5509	162	5246	5515
262085520	1	226	3.337E-57	4	20060	21028	456	35	0.793	5.155E+00	22	41	249	20060	20119	60	20000	20122
262085520	1	226	3.337E-57	4	20060	21028	475	137	0.699	5.390E-32	77	171	249	20439	20726	288	20433	21131
262085520	1	226	3.337E-57	4	20060	21028	471	31	0.677	5.044E+01	173	193	249	20794	20856	63	20782	20856
262085520	1	226	3.337E-57	4	20060	21028	473	54	0.760	1.129E-06	194	226	249	20930	21028	99	20924	21031
262162537	1	171	1.202E-40	2	20436	21031	475	137	0.691	7.364E-32	81	176	235	20436	20726	291	20433	21131
262162537	1	171	1.202E-40	2	20436	21031	473	55	0.756	4.334E-07	199	232	235	20930	21031	102	20924	21031
262321367	1	179	4.696E-43	2	20436	20856	475	143	0.717	6.808E-34	70	166	225	20436	20726	291	20433	21131
262321367	1	179	4.696E-43	2	20436	20856	471	35	0.721	2.796E+00	167	188	225	20791	20856	66	20782	20856
262549574	1	193	2.866E-47	1	1248	2051	34	193	0.409	2.655E-47	19	286	306	1248	2051	804	483	2057
262550242	1	213	2.733E-53	1	1161	2051	34	213	0.409	5.181E-54	2	298	317	1161	2051	891	483	2057
262559986	1	411	6.804E-113	3	4613	5509	103	220	1.000	7.855E-63	8	109	219	4613	4918	306	4565	4918
262559986	1	411	6.804E-113	3	4613	5509	112	105	0.829	6.974E-24	107	166	219	5118	5297	180	5118	5324
262559986	1	411	6.804E-113	3	4613	5509	115	91	0.801	1.266E-18	163	216	219	5348	5509	162	5246	5515
262562213	1	401	6.968E-110	3	4613	5497	103	219	1.000	1.478E-62	8	109	219	4613	4918	306	4565	4918
262562213	1	401	6.968E-110	3	4613	5497	112	106	0.835	3.698E-24	107	166	219	5118	5297	180	5118	5324
262562213	1	401	6.968E-110	3	4613	5497	115	81	0.769	4.810E-15	163	212	219	5348	5497	150	5246	5515
262574424	1	170	2.404E-40	2	5118	5512	112	97	0.770	5.452E-21	107	166	220	5118	5297	180	5118	5324
262574424	1	170	2.404E-40	2	5118	5512	115	76	0.672	2.162E-13	163	217	220	5348	5512	165	5246	5515
262576975	1	220	2.136E-55	1	4607	4915	103	220	1.000	5.727E-63	0	102	103	4607	4915	309	4565	4918
262593421	1	411	6.804E-113	3	4613	5509	103	219	1.000	2.027E-62	8	109	219	4613	4918	306	4565	4918
262593421	1	411	6.804E-113	3	4613	5509	112	105	0.827	9.576E-24	107	166	219	5118	5297	180	5118	5324
262593421	1	411	6.804E-113	3	4613	5509	115	92	0.807	6.715E-19	163	216	219	5348	5509	162	5246	5515
262598962	1	296	2.826E-78	2	4613	5506	103	214	0.986	6.551E-61	8	109	177	4613	4918	306	4565	4918
262598962	1	296	2.826E-78	2	4613	5506	115	92	0.817	9.220E-19	121	173	177	5348	5506	159	5246	5515
262599353	1	421	6.645E-116	3	4613	5509	103	219	1.000	1.478E-62	8	109	218	4613	4918	306	4565	4918
262599353	1	421	6.645E-116	3	4613	5509	112	106	0.832	5.078E-24	107	166	218	5118	5297	180	5118	5324
262599353	1	421	6.645E-116	3	4613	5509	115	101	0.879	4.587E-22	163	216	218	5348	5509	162	5246	5515
262645945	1	388	5.708E-106	3	4613	5512	103	215	0.988	4.776E-61	8	109	220	4613	4918	306	4565	4918
262645945	1	388	5.708E-106	3	4613	5512	112	103	0.751	3.405E-23	107	170	220	5118	5315	198	5118	5324
262645945	1	388	5.708E-106	3	4613	5512	115	79	0.690	3.224E-14	163	217	220	5348	5512	165	5246	5515
262670819	1	243	2.546E-62	1	1074	2051	34	243	0.421	5.861E-64	36	359	379	1074	2051	978	483	2057
262674621	1	406	2.177E-111	3	4613	5506	103	217	0.997	7.173E-62	8	109	219	4613	4918	306	4565	4918
262674621	1	406	2.177E-111	3	4613	5506	112	107	0.841	1.961E-24	107	166	219	5118	5297	180	5118	5324
262674621	1	406	2.177E-111	3	4613	5506	115	87	0.779	4.137E-17	163	215	219	5348	5506	159	5246	5515
262675386	1	220	2.136E-55	1	4607	4915	103	220	0.998	1.077E-62	0	102	103	4607	4915	309	4565	4918
262697472	1	189	4.586E-46	2	5127	5491	112	105	0.868	6.974E-24	12	68	128	5127	5297	171	5118	5324
262697472	1	189	4.586E-46	2	5127	5491	115	87	0.846	5.681E-17	65	112	128	5348	5491	144	5246	5515
262699022	1	320	1.685E-85	2	4613	5291	103	217	0.997	7.173E-62	8	109	219	4613	4918	306	4565	4918
262699022	1	320	1.685E-85	2	4613	5291	112	105	0.854	6.974E-24	107	164	219	5118	5291	174	5118	5324
262740721	1	420	1.329E-115	3	4613	5509	103	221	1.000	3.044E-63	8	109	219	4613	4918	306	4565	4918
262740721	1	420	1.329E-115	3	4613	5509	112	108	0.852	5.516E-25	107	166	219	5118	5297	180	5118	5324
262740721	1	420	1.329E-115	3	4613	5509	115	96	0.842	2.056E-20	163	216	219	5348	5509	162	5246	5515
262751541	-1	653	9.628E-186	5	23323	26506	1292	128	0.439	4.963E-29	73	230	853	-26506	-26027	480	26656	26015
262751541	-1	653	9.628E-186	5	23323	26506	1302	168	0.550	1.316E-43	227	384	853	-25978	-25508	471	26011	25487
262751541	-1	653	9.628E-186	5	23323	26506	1323	46	0.451	1.885E-03	462	514	853	-24622	-24464	159	24643	24458
262751541	-1	653	9.628E-186	5	23323	26506	1337	264	0.555	8.712E-75	518	765	853	-24386	-23652	735	24476	23595
262751541	-1	653	9.628E-186	5	23323	26506	1341	126	0.700	1.089E-30	765	852	853	-23586	-23323	264	23598	23323
262753726	1	320	1.685E-85	2	4613	5291	103	219	1.000	1.478E-62	8	109	218	4613	4918	306	4565	4918
262753726	1	320	1.685E-85	2	4613	5291	112	103	0.837	4.676E-23	107	164	218	5118	5291	174	5118	5324
262754220	1	218	8.542E-55	1	4613	4918	103	218	1.000	3.813E-62	8	109	111	4613	4918	306	4565	4918
262797611	1	51	1.598E-04	1	13617	13820	319	51	0.403	8.188E-05	59	123	124	13617	13820	204	13611	13820
262828606	1	408	5.443E-112	3	4613	5506	103	218	1.000	3.813E-62	8	109	219	4613	4918	306	4565	4918
262828606	1	408	5.443E-112	3	4613	5506	112	102	0.807	8.819E-23	107	166	219	5118	5297	180	5118	5324
262828606	1	408	5.443E-112	3	4613	5506	115	93	0.827	3.563E-19	163	215	219	5348	5506	159	5246	5515
262834044	1	304	1.104E-80	2	4613	5318	103	209	0.961	7.493E-59	8	109	216	4613	4918	306	4565	4918
262834044	1	304	1.104E-80	2	4613	5318	112	97	0.678	3.970E-21	107	176	216	5118	5318	201	5118	5324
262862470	1	155	7.879E-36	1	1587	2051	34	155	0.524	5.703E-35	21	175	196	1587	2051	465	483	2057
262878963	1	192	5.733E-47	2	5118	5506	112	100	0.790	5.916E-22	36	95	149	5118	5297	180	5118	5324
262878963	1	192	5.733E-47	2	5118	5506	115	95	0.843	7.304E-20	92	144	149	5348	5506	159	5246	5515
262883221	1	303	2.208E-80	2	4613	5297	103	209	0.961	7.493E-59	8	109	187	4613	4918	306	4565	4918
262883221	1	303	2.208E-80	2	4613	5297	112	96	0.765	1.028E-20	107	166	187	5118	5297	180	5118	5324
262893731	1	281	9.261E-74	1	597	2051	34	281	0.353	4.672E-77	159	634	645	597	2051	1455	483	2057
262894941	1	256	3.108E-66	1	597	1916	34	256	0.354	1.717E-68	154	592	642	597	1916	1320	483	2057
262897142	-1	284	1.158E-74	2	23652	25978	1302	164	0.544	4.207E-42	140	295	746	-25978	-25514	465	26011	25487
262897142	-1	284	1.158E-74	2	23652	25978	1337	253	0.535	7.796E-71	430	677	746	-24386	-23652	735	24476	23595
262897485	-1	289	3.618E-76	2	23652	25978	1302	166	0.551	6.355E-43	140	295	746	-25978	-25514	465	26011	25487
262897485	-1	289	3.618E-76	2	23652	25978	1337	256	0.541	4.631E-72	430	677	746	-24386	-23652	735	24476	23595
262897648	-1	346	2.510E-93	3	23323	25996	1302	154	0.500	5.882E-39	206	369	833	-25996	-25508	489	26011	25487
262897648	-1	346	2.510E-93	3	23323	25996	1337	206	0.453	1.200E-54	505	754	833	-24383	-23637	747	24476	23595
262897648	-1	346	2.510E-93	3	23323	25996	1341	129	0.713	1.188E-31	745	832	833	-23586	-23323	264	23598	23323
262903012	-1	267	1.517E-69	5	23323	26506	1292	124	0.430	1.129E-27	89	247	889	-26506	-26033	474	26656	26015
262903012	-1	267	1.517E-69	5	23323	26506	1302	169	0.537	5.113E-44	240	403	889	-25996	-25508	489	26011	25487
262903012	-1	267	1.517E-69	5	23323	26506	1304	73	0.557	1.307E-12	404	469	889	-25444	-25247	198	25456	25235
262903012	-1	267	1.517E-69	5	23323	26506	1323	48	0.478	5.250E-04	482	532	889	-24622	-24470	153	24643	24458
262903012	-1	267	1.517E-69	5	23323	26506	1341	135	0.742	1.029E-33	801	888	889	-23586	-23323	264	23598	23323
262903207	1	391	7.135E-107	3	4607	5491	103	214	0.969	6.551E-61	6	109	220	4607	4918	312	4565	4918
262903207	1	391	7.135E-107	3	4607	5491	112	104	0.843	2.480E-23	107	164	220	5118	5291	174	5118	5324
262903207	1	391	7.135E-107	3	4607	5491	115	76	0.748	4.076E-13	163	210	220	5348	5491	144	5246	5515
262912750	1	330	1.645E-88	1	600	2051	34	330	0.396	1.322E-93	278	762	781	600	2051	1452	483	2057
262932780	1	404	8.709E-111	3	4613	5506	103	214	0.986	6.551E-61	8	109	219	4613	4918	306	4565	4918
262932780	1	404	8.709E-111	3	4613	5506	112	105	0.827	9.576E-24	107	166	219	5118	5297	180	5118	5324
262932780	1	404	8.709E-111	3	4613	5506	115	90	0.801	4.498E-18	163	215	219	5348	5506	159	5246	5515
262998573	1	394	8.918E-108	3	4613	5509	103	205	0.945	1.766E-57	8	109	218	4613	4918	306	4565	4918
262998573	1	394	8.918E-108	3	4613	5509	112	96	0.762	1.413E-20	107	166	218	5118	5297	180	5118	5324
262998573	1	394	8.918E-108	3	4613	5509	115	103	0.812	1.292E-22	158	216	218	5330	5509	180	5246	5515
262999052	1	403	1.742E-110	3	4613	5497	103	220	1.000	1.077E-62	8	109	220	4613	4918	306	4565	4918
262999052	1	403	1.742E-110	3	4613	5497	112	110	0.863	1.552E-25	107	166	220	5118	5297	180	5118	5324
262999052	1	403	1.742E-110	3	4613	5497	115	78	0.746	4.427E-14	163	212	220	5348	5497	150	5246	5515
263006264	1	185	7.338E-45	1	1029	1856	34	185	0.389	1.097E-44	0	226	238	1029	1856	828	483	2057
263008734	-1	680	7.173E-194	5	23323	26506	1292	142	0.484	4.657E-34	111	267	892	-26506	-26036	471	26656	26015
263008734	-1	680	7.173E-194	5	23323	26506	1302	163	0.557	5.764E-42	275	425	892	-25954	-25502	453	26011	25487
263008734	-1	680	7.173E-194	5	23323	26506	1323	44	0.423	1.768E-02	501	554	892	-24622	-24461	162	24643	24458
263008734	-1	680	7.173E-194	5	23323	26506	1337	274	0.572	2.486E-78	557	804	892	-24386	-23652	735	24476	23595
263008734	-1	680	7.173E-194	5	23323	26506	1341	136	0.747	3.982E-34	804	891	892	-23586	-23323	264	23598	23323
263046699	1	162	6.155E-38	1	1500	2051	34	162	0.476	2.752E-37	0	183	197	1500	2051	552	483	2057
269769406	1	226	3.337E-57	1	1296	2018	34	226	0.501	2.229E-58	1	240	243	1296	2018	723	483	2057
269911554	1	295	5.653E-78	1	597	2045	34	295	0.365	9.351E-82	460	944	945	597	2045	1449	483	2057
269998255	-1	558	3.814E-157	4	23323	25993	1302	164	0.508	2.240E-42	294	464	932	-25993	-25502	492	26011	25487
269998255	-1	558	3.814E-157	4	23323	25993	1304	76	0.561	1.414E-13	463	530	932	-25444	-25241	204	25456	25235
269998255	-1	558	3.814E-157	4	23323	25993	1337	254	0.539	3.042E-71	598	844	932	-24389	-23652	738	24476	23595
269998255	-1	558	3.814E-157	4	23323	25993	1341	130	0.719	4.594E-32	844	931	932	-23586	-23323	264	23598	23323
270323623	-1	806	8.432E-232	6	23323	26506	1292	130	0.438	1.040E-29	71	233	858	-26506	-26033	474	26656	26015
270323623	-1	806	8.432E-232	6	23323	26506	1302	164	0.558	2.240E-42	238	389	858	-25960	-25508	453	26011	25487
270323623	-1	806	8.432E-232	6	23323	26506	1304	66	0.497	5.488E-10	390	457	858	-25444	-25241	204	25456	25235
270323623	-1	806	8.432E-232	6	23323	26506	1323	49	0.434	1.463E-04	460	519	858	-24643	-24464	180	24643	24458
270323623	-1	806	8.432E-232	6	23323	26506	1337	271	0.565	5.740E-77	523	770	858	-24386	-23652	735	24476	23595
270323623	-1	806	8.432E-232	6	23323	26506	1341	128	0.707	3.070E-31	770	857	858	-23586	-23323	264	23598	23323
270561981	-1	127	2.115E-27	1	25508	25951	1302	127	0.462	1.574E-29	7	155	158	-25951	-25508	444	26011	25487
271269003	-1	703	8.551E-201	5	23323	25978	1302	183	0.591	6.055E-49	274	431	900	-25978	-25508	471	26011	25487
271269003	-1	703	8.551E-201	5	23323	25978	1304	66	0.505	3.993E-10	432	498	900	-25444	-25244	201	25456	25235
271269003	-1	703	8.551E-201	5	23323	25978	1323	51	0.493	2.964E-05	509	561	900	-24622	-24464	159	24643	24458
271269003	-1	703	8.551E-201	5	23323	25978	1337	274	0.572	2.486E-78	565	812	900	-24386	-23652	735	24476	23595
271269003	-1	703	8.551E-201	5	23323	25978	1341	137	0.753	1.541E-34	812	899	900	-23586	-23323	264	23598	23323
271611046	1	287	1.447E-75	1	771	1988	34	287	0.407	3.332E-79	3	335	344	771	1988	1218	483	2057
271645586	-1	721	3.262E-206	5	23323	26503	1292	144	0.487	9.725E-35	46	203	825	-26503	-26033	471	26656	26015
271645586	-1	721	3.262E-206	5	23323	26503	1302	160	0.529	7.161E-41	202	359	825	-25978	-25508	471	26011	25487
271645586	-1	721	3.262E-206	5	23323	26503	1304	74	0.574	9.512E-13	360	423	825	-25444	-25253	192	25456	25235
271645586	-1	721	3.262E-206	5	23323	26503	1337	278	0.577	1.076E-79	489	737	825	-24392	-23652	741	24476	23595
271645586	-1	721	3.262E-206	5	23323	26503	1341	127	0.704	5.783E-31	737	824	825	-23586	-23323	264	23598	23323
271734450	1	427	1.038E-117	3	4613	5509	103	220	1.000	5.727E-63	8	109	218	4613	4918	306	4565	4918
271734450	1	427	1.038E-117	3	4613	5509	112	106	0.832	5.078E-24	107	166	218	5118	5297	180	5118	5324
271734450	1	427	1.038E-117	3	4613	5509	115	106	0.913	1.406E-23	163	216	218	5348	5509	162	5246	5515
271752081	1	258	7.769E-67	1	1029	2051	34	258	0.426	5.017E-69	0	340	357	1029	2051	1023	483	2057
272315848	1	486	1.801E-135	5	20015	21031	456	61	0.805	6.548E-09	1	35	223	20015	20119	105	20000	20122
272315848	1	486	1.801E-135	5	20015	21031	464	81	0.942	3.260E-16	31	70	223	20256	20375	120	20256	20381
272315848	1	486	1.801E-135	5	20015	21031	475	216	1.000	3.174E-59	71	166	223	20439	20726	288	20433	21131
272315848	1	486	1.801E-135	5	20015	21031	471	48	0.989	5.255E-05	167	188	223	20791	20856	66	20782	20856
272315848	1	486	1.801E-135	5	20015	21031	473	79	1.000	1.155E-15	189	222	223	20930	21031	102	20924	21031
272471374	-1	131	1.322E-28	1	23323	23586	1341	131	0.725	1.777E-32	77	164	165	-23586	-23323	264	23598	23323
272668566	1	158	9.848E-37	1	1551	2051	34	158	0.501	9.664E-36	0	166	186	1551	2051	501	483	2057
272786581	1	371	7.481E-101	1	579	2051	34	371	0.425	1.166E-107	452	945	965	579	2051	1473	483	2057
273090613	1	255	6.215E-66	1	597	1886	34	255	0.357	4.317E-68	214	646	668	597	1886	1290	483	2057
273532160	1	401	6.968E-110	3	4613	5491	103	214	0.986	6.551E-61	8	109	219	4613	4918	306	4565	4918
273532160	1	401	6.968E-110	3	4613	5491	112	105	0.827	9.576E-24	107	166	219	5118	5297	180	5118	5324
273532160	1	401	6.968E-110	3	4613	5491	115	87	0.850	4.137E-17	163	210	219	5348	5491	144	5246	5515
274257259	1	345	5.021E-93	1	600	2051	34	345	0.408	9.804E-99	257	742	762	600	2051	1452	483	2057
275251358	1	325	5.265E-87	1	627	1985	34	325	0.411	4.026E-92	0	450	454	627	1985	1359	483	2057
275277594	-1	530	1.024E-148	4	23323	25993	1302	167	0.535	2.470E-43	178	340	809	-25993	-25508	486	26011	25487
275277594	-1	530	1.024E-148	4	23323	25993	1323	50	0.480	1.063E-04	418	470	809	-24622	-24464	159	24643	24458
275277594	-1	530	1.024E-148	4	23323	25993	1337	265	0.555	6.365E-75	474	721	809	-24386	-23652	735	24476	23595
275277594	-1	530	1.024E-148	4	23323	25993	1341	125	0.696	2.052E-30	721	808	809	-23586	-23323	264	23598	23323
275833431	1	284	1.158E-74	1	915	2051	34	284	0.424	5.377E-78	49	426	443	915	2051	1137	483	2057
275892364	1	177	1.878E-42	3	20027	21031	456	38	0.588	3.933E-01	9	39	229	20027	20119	93	20000	20122
275892364	1	177	1.878E-42	3	20027	21031	475	141	0.718	1.738E-33	76	170	229	20439	20726	288	20433	21131
275892364	1	177	1.878E-42	3	20027	21031	473	54	0.741	1.129E-06	193	226	229	20930	21031	102	20924	21031
276286599	1	289	3.618E-76	1	933	2051	34	289	0.433	1.318E-79	1	374	389	933	2051	1119	483	2057
276551495	1	157	1.970E-36	2	20006	20744	456	37	0.481	1.423E+00	7	44	229	20006	20119	114	20000	20122
276551495	1	157	1.970E-36	2	20006	20744	475	152	0.709	3.755E-37	78	182	229	20439	20744	306	20433	21131
276587044	1	180	2.348E-43	2	20436	20856	475	143	0.717	6.808E-34	70	166	225	20436	20726	291	20433	21131
276587044	1	180	2.348E-43	2	20436	20856	471	36	0.752	7.747E-01	167	188	225	20791	20856	66	20782	20856
276628456	1	178	9.392E-43	3	20012	21028	456	38	0.583	5.424E-01	1	31	291	20012	20104	93	20000	20122
276628456	1	178	9.392E-43	3	20012	21028	475	137	0.668	7.364E-32	70	170	291	20439	20738	300	20433	21131
276628456	1	178	9.392E-43	3	20012	21028	473	53	0.755	1.554E-06	185	217	291	20930	21028	99	20924	21031
276706215	1	176	3.757E-42	3	20045	21031	456	35	0.652	5.155E+00	42	66	299	20045	20119	75	20000	20122
276706215	1	176	3.757E-42	3	20045	21031	475	133	0.652	1.667E-30	101	201	299	20439	20738	300	20433	21131
276706215	1	176	3.757E-42	3	20045	21031	473	54	0.741	1.129E-06	216	249	299	20930	21031	102	20924	21031
276733588	1	170	2.404E-40	3	20051	21028	456	35	0.701	5.155E+00	17	39	238	20051	20119	69	20000	20122
276733588	1	170	2.404E-40	3	20051	21028	475	135	0.685	2.566E-31	74	169	238	20436	20726	291	20433	21131
276733588	1	170	2.404E-40	3	20051	21028	473	54	0.766	8.205E-07	192	224	238	20930	21028	99	20924	21031
276762274	1	138	1.033E-30	2	20024	20738	456	38	0.562	7.480E-01	3	34	220	20024	20119	96	20000	20122
276762274	1	138	1.033E-30	2	20024	20738	475	132	0.645	2.277E-30	68	169	220	20439	20738	300	20433	21131
276824222	1	172	6.011E-41	2	20436	21028	475	138	0.698	2.113E-32	59	154	216	20436	20726	291	20433	21131
276824222	1	172	6.011E-41	2	20436	21028	473	55	0.771	5.963E-07	177	209	216	20930	21028	99	20924	21031
276844479	1	177	1.878E-42	3	20045	21028	456	40	0.907	7.897E-02	15	34	227	20045	20104	60	20000	20122
276844479	1	177	1.878E-42	3	20045	21028	475	139	0.706	1.546E-32	74	168	227	20439	20726	288	20433	21131
276844479	1	177	1.878E-42	3	20045	21028	473	57	0.797	1.209E-07	191	223	227	20930	21028	99	20924	21031
277032810	1	159	4.924E-37	3	20051	20856	456	35	0.701	5.155E+00	17	39	234	20051	20119	69	20000	20122
277032810	1	159	4.924E-37	3	20051	20856	475	131	0.651	5.803E-30	73	172	234	20439	20738	300	20433	21131
277032810	1	159	4.924E-37	3	20051	20856	471	32	0.666	2.651E+01	165	186	234	20791	20856	66	20782	20856
277100247	1	186	3.669E-45	2	5124	5497	112	109	0.883	2.926E-25	87	144	197	5124	5297	174	5118	5324
277100247	1	186	3.669E-45	2	5124	5497	115	80	0.762	9.069E-15	141	190	197	5348	5497	150	5246	5515
277106969	1	408	5.443E-112	3	4613	5506	103	218	1.000	3.813E-62	8	109	219	4613	4918	306	4565	4918
277106969	1	408	5.443E-112	3	4613	5506	112	102	0.807	8.819E-23	107	166	219	5118	5297	180	5118	5324
277106969	1	408	5.443E-112	3	4613	5506	115	93	0.827	3.563E-19	163	215	219	5348	5506	159	5246	5515
277124983	-1	407	1.089E-111	3	23652	25993	1302	163	0.525	5.764E-42	214	376	837	-25993	-25508	486	26011	25487
277124983	-1	407	1.089E-111	3	23652	25993	1304	63	0.482	3.700E-09	377	444	837	-25444	-25241	204	25456	25235
277124983	-1	407	1.089E-111	3	23652	25993	1337	244	0.526	5.650E-68	510	749	837	-24386	-23652	735	24476	23595
277165757	1	324	1.053E-86	1	597	2051	34	324	0.389	1.394E-91	437	923	940	597	2051	1455	483	2057
277173451	-1	124	1.692E-26	1	23323	23583	1341	124	0.697	5.304E-30	14	100	101	-23583	-23323	261	23598	23323
277215893	1	96	4.542E-18	1	5118	5297	112	96	0.765	1.028E-20	21	80	83	5118	5297	180	5118	5324
277233723	1	391	7.135E-107	3	4613	5506	103	208	0.960	1.028E-58	8	109	220	4613	4918	306	4565	4918
277233723	1	391	7.135E-107	3	4613	5506	112	98	0.782	1.532E-21	107	166	220	5118	5297	180	5118	5324
277233723	1	391	7.135E-107	3	4613	5506	115	90	0.805	3.276E-18	163	215	220	5348	5506	159	5246	5515
277275813	1	171	1.202E-40	2	5118	5512	112	97	0.770	5.452E-21	107	166	220	5118	5297	180	5118	5324
277275813	1	171	1.202E-40	2	5118	5512	115	77	0.678	1.146E-13	163	217	220	5348	5512	165	5246	5515
277310124	1	409	2.722E-112	3	4613	5509	103	218	1.000	2.780E-62	37	138	248	4613	4918	306	4565	4918
277310124	1	409	2.722E-112	3	4613	5509	112	105	0.827	9.576E-24	136	195	248	5118	5297	180	5118	5324
277310124	1	409	2.722E-112	3	4613	5509	115	91	0.798	1.738E-18	192	245	248	5348	5509	162	5246	5515
277313649	-1	552	2.441E-155	4	23652	26509	1292	141	0.472	1.192E-33	99	256	879	-26509	-26027	483	26656	26015
277313649	-1	552	2.441E-155	4	23652	26509	1302	181	0.585	4.012E-48	253	410	879	-25978	-25508	471	26011	25487
277313649	-1	552	2.441E-155	4	23652	26509	1304	64	0.489	1.425E-09	411	478	879	-25444	-25241	204	25456	25235
277313649	-1	552	2.441E-155	4	23652	26509	1337	232	0.501	9.370E-64	545	791	879	-24389	-23652	738	24476	23595
277334017	1	194	1.433E-47	2	5118	5509	112	107	0.841	1.961E-24	37	96	148	5118	5297	180	5118	5324
277334017	1	194	1.433E-47	2	5118	5509	115	90	0.788	4.498E-18	93	146	148	5348	5509	162	5246	5515
277349598	-1	677	5.739E-193	5	23323	26506	1292	135	0.452	1.304E-31	68	230	855	-26506	-26033	474	26656	26015
277349598	-1	677	5.739E-193	5	23323	26506	1302	166	0.564	8.708E-43	236	386	855	-25957	-25508	450	26011	25487
277349598	-1	677	5.739E-193	5	23323	26506	1323	51	0.448	2.964E-05	457	516	855	-24643	-24464	180	24643	24458
277349598	-1	677	5.739E-193	5	23323	26506	1337	268	0.561	5.167E-76	520	767	855	-24386	-23652	735	24476	23595
277349598	-1	677	5.739E-193	5	23323	26506	1341	130	0.717	6.305E-32	767	854	855	-23586	-23323	264	23598	23323
277370300	1	400	1.394E-109	3	4613	5509	103	218	1.000	2.780E-62	8	109	219	4613	4918	306	4565	4918
277370300	1	400	1.394E-109	3	4613	5509	112	106	0.792	2.693E-24	107	170	219	5118	5309	192	5118	5324
277370300	1	400	1.394E-109	3	4613	5509	115	85	0.751	2.019E-16	163	216	219	5348	5509	162	5246	5515
277384703	1	217	1.708E-54	1	4607	4915	103	217	0.987	9.839E-62	0	102	103	4607	4915	309	4565	4918
277403286	1	115	8.663E-24	1	1722	2051	34	115	0.539	4.509E-22	0	109	130	1722	2051	330	483	2057
277403785	1	231	1.043E-58	1	1383	2051	34	231	0.541	5.705E-60	5	227	248	1383	2051	669	483	2057
277403911	1	55	9.988E-06	1	13665	13820	319	55	0.529	2.457E-06	24	75	76	13665	13820	156	13611	13820
277405353	1	61	1.561E-07	1	13665	13820	319	61	0.581	1.505E-08	46	97	98	13665	13820	156	13611	13820
277430611	1	75	9.525E-12	1	5348	5512	115	75	0.659	7.686E-13	49	103	106	5348	5512	165	5246	5515
277436954	1	218	8.542E-55	1	4607	4915	103	218	0.992	3.813E-62	0	102	103	4607	4915	309	4565	4918
277438817	-1	289	3.618E-76	2	23652	25978	1302	168	0.556	1.316E-43	140	295	746	-25978	-25514	465	26011	25487
277438817	-1	289	3.618E-76	2	23652	25978	1337	254	0.537	4.163E-71	430	677	746	-24386	-23652	735	24476	23595
277488337	1	290	1.809E-76	2	4613	5509	103	220	1.000	5.727E-63	8	109	201	4613	4918	306	4565	4918
277488337	1	290	1.809E-76	2	4613	5509	115	105	0.907	2.649E-23	146	199	201	5348	5509	162	5246	5515
277548938	1	212	5.467E-53	1	1350	2051	34	212	0.486	9.516E-54	36	270	298	1350	2051	702	483	2057
277549950	1	231	1.043E-58	1	561	2051	34	231	0.305	5.705E-60	43	447	475	561	2051	1491	483	2057
277572527	1	402	3.484E-110	3	4610	5512	103	220	0.998	1.077E-62	4	106	216	4610	4918	309	4565	4918
277572527	1	402	3.484E-110	3	4610	5512	112	108	0.849	7.575E-25	104	163	216	5118	5297	180	5118	5324
277572527	1	402	3.484E-110	3	4610	5512	115	79	0.696	1.710E-14	160	214	216	5348	5512	165	5246	5515
277585096	1	419	2.658E-115	3	4613	5509	103	222	1.000	1.180E-63	8	109	218	4613	4918	306	4565	4918
277585096	1	419	2.658E-115	3	4613	5509	112	105	0.827	9.576E-24	107	166	218	5118	5297	180	5118	5324
277585096	1	419	2.658E-115	3	4613	5509	115	97	0.845	1.498E-20	163	216	218	5348	5509	162	5246	5515
281067100	1	143	3.227E-32	1	1566	2048	34	143	0.477	5.237E-31	1	161	177	1566	2048	483	483	2057
283356773	1	137	2.065E-30	2	20045	20726	456	35	0.652	5.155E+00	16	40	230	20045	20119	75	20000	20122
283356773	1	137	2.065E-30	2	20045	20726	475	136	0.696	1.006E-31	76	170	230	20439	20726	288	20433	21131
284578448	1	223	2.669E-56	1	897	2051	34	223	0.312	2.560E-57	0	461	506	897	2051	1155	483	2057
285801203	-1	681	3.587E-194	5	23323	26506	1292	144	0.488	1.330E-34	115	271	896	-26506	-26036	471	26656	26015
285801203	-1	681	3.587E-194	5	23323	26506	1302	163	0.557	5.764E-42	279	429	896	-25954	-25502	453	26011	25487
285801203	-1	681	3.587E-194	5	23323	26506	1323	44	0.423	1.768E-02	505	558	896	-24622	-24461	162	24643	24458
285801203	-1	681	3.587E-194	5	23323	26506	1337	274	0.572	2.486E-78	561	808	896	-24386	-23652	735	24476	23595
285801203	-1	681	3.587E-194	5	23323	26506	1341	135	0.742	1.029E-33	808	895	896	-23586	-23323	264	23598	23323
287501589	1	269	3.793E-70	1	933	2048	34	269	0.411	9.053E-73	1	374	395	933	2048	1116	483	2057
287597883	-1	822	1.287E-236	6	23323	26521	1292	145	0.478	5.197E-35	190	352	976	-26521	-26033	489	26656	26015
287597883	-1	822	1.287E-236	6	23323	26521	1302	171	0.558	1.450E-44	351	508	976	-25978	-25508	471	26011	25487
287597883	-1	822	1.287E-236	6	23323	26521	1304	64	0.501	1.425E-09	511	576	976	-25438	-25241	198	25456	25235
287597883	-1	822	1.287E-236	6	23323	26521	1323	54	0.515	3.175E-06	586	638	976	-24622	-24464	159	24643	24458
287597883	-1	822	1.287E-236	6	23323	26521	1337	266	0.558	1.814E-75	641	888	976	-24389	-23652	738	24476	23595
287597883	-1	822	1.287E-236	6	23323	26521	1341	130	0.717	6.305E-32	888	975	976	-23586	-23323	264	23598	23323
288802095	1	76	4.762E-12	1	5348	5467	115	76	0.878	4.076E-13	34	73	74	5348	5467	120	5246	5515
289831563	1	228	8.342E-58	1	1125	2051	34	228	0.418	3.568E-59	34	342	372	1125	2051	927	483	2057
290345821	1	443	1.584E-122	3	4613	5509	103	226	1.000	5.008E-65	8	109	219	4613	4918	306	4565	4918
290345821	1	443	1.584E-122	3	4613	5509	112	110	0.863	1.552E-25	107	166	219	5118	5297	180	5118	5324
290345821	1	443	1.584E-122	3	4613	5509	115	112	0.967	6.444E-26	163	216	219	5348	5509	162	5246	5515
291298428	1	177	1.878E-42	3	20024	21028	456	38	0.562	7.480E-01	7	38	225	20024	20119	96	20000	20122
291298428	1	177	1.878E-42	3	20024	21028	475	138	0.697	2.887E-32	72	167	225	20436	20726	291	20433	21131
291298428	1	177	1.878E-42	3	20024	21028	473	54	0.766	8.205E-07	190	222	225	20930	21028	99	20924	21031
291601097	-1	689	1.401E-196	5	23323	25975	1302	171	0.564	1.058E-44	229	384	850	-25975	-25508	468	26011	25487
291601097	-1	689	1.401E-196	5	23323	25975	1304	72	0.543	3.391E-12	385	451	850	-25444	-25244	201	25456	25235
291601097	-1	689	1.401E-196	5	23323	25975	1323	46	0.427	1.885E-03	458	514	850	-24631	-24461	171	24643	24458
291601097	-1	689	1.401E-196	5	23323	25975	1337	265	0.560	3.398E-75	517	762	850	-24386	-23652	735	24476	23595
291601097	-1	689	1.401E-196	5	23323	25975	1341	138	0.755	1.123E-34	762	849	850	-23586	-23323	264	23598	23323
291601699	1	242	5.092E-62	4	20027	21028	456	36	0.561	1.963E+00	3	33	225	20027	20119	93	20000	20122
291601699	1	242	5.092E-62	4	20027	21028	475	150	0.750	1.794E-36	68	163	225	20436	20726	291	20433	21131
291601699	1	242	5.092E-62	4	20027	21028	471	34	0.743	3.855E+00	165	185	225	20794	20856	63	20782	20856
291601699	1	242	5.092E-62	4	20027	21028	473	52	0.735	5.574E-06	186	218	225	20930	21028	99	20924	21031
291612250	1	174	1.503E-41	1	1104	2051	34	174	0.339	3.602E-41	116	432	452	1104	2051	948	483	2057
291620169	1	306	2.760E-81	2	4613	5297	103	214	0.986	6.551E-61	8	109	215	4613	4918	306	4565	4918
291620169	1	306	2.760E-81	2	4613	5297	112	94	0.754	3.660E-20	107	166	215	5118	5297	180	5118	5324
291645081	1	409	2.722E-112	3	4613	5506	103	220	1.000	5.727E-63	8	109	220	4613	4918	306	4565	4918
291645081	1	409	2.722E-112	3	4613	5506	112	103	0.837	4.676E-23	107	164	220	5118	5291	174	5118	5324
291645081	1	409	2.722E-112	3	4613	5506	115	89	0.798	6.176E-18	163	215	220	5348	5506	159	5246	5515
291722202	-1	673	9.182E-192	5	23323	26506	1292	135	0.451	1.783E-31	3	165	790	-26506	-26033	474	26656	26015
291722202	-1	673	9.182E-192	5	23323	26506	1302	169	0.538	3.731E-44	158	321	790	-25990	-25508	483	26011	25487
291722202	-1	673	9.182E-192	5	23323	26506	1304	62	0.491	9.608E-09	322	386	790	-25444	-25250	195	25456	25235
291722202	-1	673	9.182E-192	5	23323	26506	1337	261	0.528	1.073E-73	455	714	790	-24386	-23604	783	24476	23595
291722202	-1	673	9.182E-192	5	23323	26506	1341	129	0.713	1.188E-31	702	789	790	-23586	-23323	264	23598	23323
291757331	-1	92	7.267E-17	1	26228	26527	1292	92	0.476	9.805E-17	38	139	145	-26527	-26228	300	26656	26015
291759706	1	272	4.742E-71	1	597	1841	34	272	0.385	5.648E-74	30	441	448	597	1841	1245	483	2057
291798437	1	414	8.505E-114	3	4613	5509	103	220	1.000	7.855E-63	8	109	219	4613	4918	306	4565	4918
291798437	1	414	8.505E-114	3	4613	5509	112	105	0.829	6.974E-24	107	166	219	5118	5297	180	5118	5324
291798437	1	414	8.505E-114	3	4613	5509	115	94	0.823	1.377E-19	163	216	219	5348	5509	162	5246	5515
291838068	1	49	6.392E-04	1	13659	13784	319	49	0.566	4.034E-04	4	45	47	13659	13784	126	13611	13820
291840921	-1	533	1.280E-149	4	23323	25978	1302	171	0.560	7.722E-45	226	383	852	-25978	-25508	471	26011	25487
291840921	-1	533	1.280E-149	4	23323	25978	1323	50	0.483	7.724E-05	461	513	852	-24622	-24464	159	24643	24458
291840921	-1	533	1.280E-149	4	23323	25978	1337	264	0.554	1.192E-74	517	764	852	-24386	-23652	735	24476	23595
291840921	-1	533	1.280E-149	4	23323	25978	1341	125	0.696	2.052E-30	764	851	852	-23586	-23323	264	23598	23323
291844672	-1	199	4.479E-49	1	23604	24359	1337	199	0.439	2.435E-52	162	407	484	-24359	-23604	756	24476	23595
291854810	-1	570	9.311E-161	4	23323	26506	1292	138	0.472	1.459E-32	107	263	888	-26506	-26036	471	26656	26015
291854810	-1	570	9.311E-161	4	23323	26506	1302	167	0.568	2.470E-43	271	421	888	-25954	-25502	453	26011	25487
291854810	-1	570	9.311E-161	4	23323	26506	1337	266	0.557	2.482E-75	553	800	888	-24386	-23652	735	24476	23595
291854810	-1	570	9.311E-161	4	23323	26506	1341	134	0.738	1.938E-33	800	887	888	-23586	-23323	264	23598	23323
291895969	1	325	5.265E-87	1	600	2051	34	325	0.390	4.026E-92	325	812	943	600	2051	1452	483	2057
291902477	1	295	5.653E-78	1	906	2051	34	295	0.430	1.274E-81	3	388	674	906	2051	1146	483	2057
291906368	1	395	4.459E-108	3	4613	5512	103	212	0.976	4.361E-60	8	109	220	4613	4918	306	4565	4918
291906368	1	395	4.459E-108	3	4613	5512	112	94	0.751	5.027E-20	107	166	220	5118	5297	180	5118	5324
291906368	1	395	4.459E-108	3	4613	5512	115	94	0.810	1.377E-19	163	217	220	5348	5512	165	5246	5515
291961537	1	412	3.402E-113	3	4613	5509	103	220	1.000	7.855E-63	8	109	219	4613	4918	306	4565	4918
291961537	1	412	3.402E-113	3	4613	5509	112	105	0.829	6.974E-24	107	166	219	5118	5297	180	5118	5324
291961537	1	412	3.402E-113	3	4613	5509	115	92	0.807	6.715E-19	163	216	219	5348	5509	162	5246	5515
291980762	-1	287	1.447E-75	2	23652	25978	1302	169	0.558	7.006E-44	140	295	746	-25978	-25514	465	26011	25487
291980762	-1	287	1.447E-75	2	23652	25978	1337	251	0.533	2.734E-70	430	677	746	-24386	-23652	735	24476	23595
291985943	1	388	5.708E-106	3	4625	5512	103	208	0.995	1.028E-58	1	98	208	4625	4918	294	4565	4918
291985943	1	388	5.708E-106	3	4625	5512	112	107	0.843	1.428E-24	96	155	208	5118	5297	180	5118	5324
291985943	1	388	5.708E-106	3	4625	5512	115	78	0.687	4.427E-14	152	206	208	5348	5512	165	5246	5515
291997548	1	136	4.131E-30	1	1545	2051	34	136	0.441	1.349E-28	32	200	221	1545	2051	507	483	2057
292044394	1	210	2.187E-52	1	4607	4915	103	210	0.958	2.904E-59	0	102	103	4607	4915	309	4565	4918
292046075	1	404	8.709E-111	3	4613	5506	103	214	0.986	6.551E-61	8	109	219	4613	4918	306	4565	4918
292046075	1	404	8.709E-111	3	4613	5506	112	105	0.829	6.974E-24	107	166	219	5118	5297	180	5118	5324
292046075	1	404	8.709E-111	3	4613	5506	115	90	0.801	4.498E-18	163	215	219	5348	5506	159	5246	5515
292051914	-1	787	4.421E-226	6	23323	26506	1292	130	0.445	7.608E-30	71	228	851	-26506	-26027	480	26656	26015
292051914	-1	787	4.421E-226	6	23323	26506	1302	164	0.540	3.070E-42	225	382	851	-25978	-25508	471	26011	25487
292051914	-1	787	4.421E-226	6	23323	26506	1304	61	0.475	1.815E-08	383	449	851	-25444	-25244	201	25456	25235
292051914	-1	787	4.421E-226	6	23323	26506	1323	48	0.461	7.226E-04	460	512	851	-24622	-24464	159	24643	24458
292051914	-1	787	4.421E-226	6	23323	26506	1337	269	0.565	2.015E-76	517	763	851	-24383	-23652	732	24476	23595
292051914	-1	787	4.421E-226	6	23323	26506	1341	126	0.700	1.089E-30	763	850	851	-23586	-23323	264	23598	23323
292075549	-1	94	1.817E-17	1	26033	26398	1292	94	0.424	1.532E-17	2	123	157	-26398	-26033	366	26656	26015
292082016	1	423	1.661E-116	3	4613	5509	103	219	1.000	2.027E-62	8	109	218	4613	4918	306	4565	4918
292082016	1	423	1.661E-116	3	4613	5509	112	106	0.835	3.698E-24	107	166	218	5118	5297	180	5118	5324
292082016	1	423	1.661E-116	3	4613	5509	115	103	0.892	1.292E-22	163	216	218	5348	5509	162	5246	5515
292090111	1	131	1.322E-28	1	1698	2051	34	131	0.563	4.421E-27	1	119	150	1698	2051	354	483	2057
292090814	1	173	3.006E-41	1	1338	1991	34	173	0.439	1.191E-40	6	210	244	1338	1991	654	483	2057
292099094	-1	662	1.880E-188	5	23323	25996	1302	164	0.525	2.240E-42	221	384	853	-25996	-25508	489	26011	25487
292099094	-1	662	1.880E-188	5	23323	25996	1304	67	0.510	2.114E-10	385	451	853	-25444	-25244	201	25456	25235
292099094	-1	662	1.880E-188	5	23323	25996	1323	51	0.486	5.613E-05	462	514	853	-24622	-24464	159	24643	24458
292099094	-1	662	1.880E-188	5	23323	25996	1337	262	0.551	4.184E-74	518	765	853	-24386	-23652	735	24476	23595
292099094	-1	662	1.880E-188	5	23323	25996	1341	126	0.702	7.937E-31	765	852	853	-23586	-23323	264	23598	23323
292103440	1	394	8.918E-108	3	4613	5491	103	212	0.974	5.982E-60	8	109	212	4613	4918	306	4565	4918
292103440	1	394	8.918E-108	3	4613	5491	112	104	0.821	1.806E-23	107	166	212	5118	5297	180	5118	5324
292103440	1	394	8.918E-108	3	4613	5491	115	83	0.818	7.176E-16	163	210	212	5348	5491	144	5246	5515
297784725	1	181	1.174E-43	3	20045	21028	456	42	0.933	3.016E-02	15	34	228	20045	20104	60	20000	20122
297784725	1	181	1.174E-43	3	20045	21028	475	146	0.738	5.590E-35	75	169	228	20439	20726	288	20433	21131
297784725	1	181	1.174E-43	3	20045	21028	473	53	0.750	2.138E-06	192	224	228	20930	21028	99	20924	21031
297917608	1	311	8.625E-83	1	693	2051	34	311	0.396	3.894E-87	7	462	481	693	2051	1359	483	2057
298289863	1	235	6.517E-60	1	591	2051	34	235	0.312	2.680E-61	276	762	771	591	2051	1461	483	2057
298749765	1	312	4.313E-83	1	597	2051	34	312	0.380	1.127E-87	262	743	764	597	2051	1455	483	2057
298894237	-1	765	1.854E-219	6	23323	26344	1292	90	0.462	3.375E-16	0	103	727	-26344	-26033	312	26656	26015
298894237	-1	765	1.854E-219	6	23323	26344	1302	167	0.548	2.470E-43	102	259	727	-25978	-25508	471	26011	25487
298894237	-1	765	1.854E-219	6	23323	26344	1304	67	0.519	1.538E-10	262	327	727	-25438	-25241	198	25456	25235
298894237	-1	765	1.854E-219	6	23323	26344	1323	56	0.528	8.864E-07	337	389	727	-24622	-24464	159	24643	24458
298894237	-1	765	1.854E-219	6	23323	26344	1337	263	0.553	1.632E-74	392	639	727	-24389	-23652	738	24476	23595
298894237	-1	765	1.854E-219	6	23323	26344	1341	130	0.721	3.348E-32	639	726	727	-23586	-23323	264	23598	23323
299263110	-1	706	1.069E-201	5	23323	25978	1302	184	0.594	3.224E-49	272	429	898	-25978	-25508	471	26011	25487
299263110	-1	706	1.069E-201	5	23323	25978	1304	66	0.508	2.905E-10	430	496	898	-25444	-25244	201	25456	25235
299263110	-1	706	1.069E-201	5	23323	25978	1323	54	0.515	3.175E-06	507	559	898	-24622	-24464	159	24643	24458
299263110	-1	706	1.069E-201	5	23323	25978	1337	276	0.575	7.079E-79	563	810	898	-24386	-23652	735	24476	23595
299263110	-1	706	1.069E-201	5	23323	25978	1341	134	0.740	1.413E-33	810	897	898	-23586	-23323	264	23598	23323
299267062	1	304	1.104E-80	2	4613	5318	103	211	0.971	1.125E-59	8	109	218	4613	4918	306	4565	4918
299267062	1	304	1.104E-80	2	4613	5318	112	95	0.666	1.940E-20	107	176	218	5118	5318	201	5118	5324
299532250	-1	437	1.014E-120	3	23652	25978	1302	170	0.557	1.987E-44	243	400	869	-25978	-25508	471	26011	25487
299532250	-1	437	1.014E-120	3	23652	25978	1304	68	0.509	1.119E-10	401	468	869	-25444	-25241	204	25456	25235
299532250	-1	437	1.014E-120	3	23652	25978	1337	262	0.551	4.184E-74	534	781	869	-24386	-23652	735	24476	23595
300112792	1	424	8.306E-117	3	4613	5509	103	220	1.000	5.727E-63	8	109	219	4613	4918	306	4565	4918
300112792	1	424	8.306E-117	3	4613	5509	112	109	0.786	4.017E-25	107	170	219	5118	5315	198	5118	5324
300112792	1	424	8.306E-117	3	4613	5509	115	104	0.904	3.637E-23	163	216	219	5348	5509	162	5246	5515
300594460	-1	222	5.339E-56	2	23631	25984	1302	151	0.495	1.000E-37	183	344	808	-25984	-25505	480	26011	25487
300594460	-1	222	5.339E-56	2	23631	25984	1337	205	0.449	1.640E-54	480	731	808	-24374	-23631	744	24476	23595
301576561	1	268	7.587E-70	4	20027	21028	456	40	0.703	1.501E-01	18	43	241	20027	20104	78	20000	20122
301576561	1	268	7.587E-70	4	20027	21028	464	42	0.523	3.185E-02	44	80	241	20256	20372	117	20256	20381
301576561	1	268	7.587E-70	4	20027	21028	475	146	0.738	5.590E-35	82	176	241	20439	20726	288	20433	21131
301576561	1	268	7.587E-70	4	20027	21028	473	58	0.817	3.376E-08	199	231	241	20930	21028	99	20924	21031
301770125	1	390	1.427E-106	3	4613	5491	103	214	0.983	1.232E-60	8	109	220	4613	4918	306	4565	4918
301770125	1	390	1.427E-106	3	4613	5491	112	105	0.852	9.576E-24	107	164	220	5118	5291	174	5118	5324
301770125	1	390	1.427E-106	3	4613	5491	115	74	0.737	1.056E-12	163	210	220	5348	5491	144	5246	5515
301854541	1	291	9.044E-77	1	942	2051	34	291	0.437	2.062E-80	4	376	396	942	2051	1110	483	2057
301859460	1	268	7.587E-70	1	933	2048	34	268	0.410	1.232E-72	1	374	395	933	2048	1116	483	2057
301933467	1	207	1.749E-51	1	933	1802	34	207	0.406	4.932E-52	1	292	330	933	1802	870	483	2057
302693724	-1	385	4.566E-105	2	23323	24389	1337	259	0.545	7.049E-73	191	438	526	-24389	-23652	738	24476	23595
302693724	-1	385	4.566E-105	2	23323	24389	1341	126	0.700	1.089E-30	438	525	526	-23586	-23323	264	23598	23323
302703215	-1	812	1.317E-233	6	23323	26554	1292	143	0.453	1.820E-34	104	276	902	-26554	-26036	519	26656	26015
302703215	-1	812	1.317E-233	6	23323	26554	1302	176	0.594	1.761E-46	284	434	902	-25954	-25502	453	26011	25487
302703215	-1	812	1.317E-233	6	23323	26554	1304	63	0.477	6.990E-09	433	500	902	-25444	-25241	204	25456	25235
302703215	-1	812	1.317E-233	6	23323	26554	1323	48	0.457	5.250E-04	510	563	902	-24622	-24461	162	24643	24458
302703215	-1	812	1.317E-233	6	23323	26554	1337	257	0.540	3.384E-72	566	814	902	-24386	-23652	735	24476	23595
302703215	-1	812	1.317E-233	6	23323	26554	1341	138	0.757	8.181E-35	814	901	902	-23586	-23323	264	23598	23323
303419888	1	332	4.113E-89	1	615	2051	34	332	0.399	1.502E-94	4	486	639	615	2051	1437	483	2057
303474510	1	419	2.658E-115	3	4613	5509	103	221	1.000	4.176E-63	8	109	218	4613	4918	306	4565	4918
303474510	1	419	2.658E-115	3	4613	5509	112	106	0.832	5.078E-24	107	166	218	5118	5297	180	5118	5324
303474510	1	419	2.658E-115	3	4613	5509	115	97	0.848	1.091E-20	163	216	218	5348	5509	162	5246	5515
303749202	1	400	1.394E-109	3	4613	5506	103	214	0.986	6.551E-61	8	109	218	4613	4918	306	4565	4918
303749202	1	400	1.394E-109	3	4613	5506	112	102	0.804	1.211E-22	107	166	218	5118	5297	180	5118	5324
303749202	1	400	1.394E-109	3	4613	5506	115	89	0.798	6.176E-18	163	215	218	5348	5506	159	5246	5515
304755841	-1	292	4.522E-77	5	23323	26506	1292	130	0.444	1.040E-29	111	270	898	-26506	-26033	474	26656	26015
304755841	-1	292	4.522E-77	5	23323	26506	1302	175	0.552	4.531E-46	263	426	898	-25996	-25508	489	26011	25487
304755841	-1	292	4.522E-77	5	23323	26506	1304	70	0.537	1.662E-11	427	492	898	-25444	-25247	198	25456	25235
304755841	-1	292	4.522E-77	5	23323	26506	1323	48	0.454	7.226E-04	503	556	898	-24628	-24467	162	24643	24458
304755841	-1	292	4.522E-77	5	23323	26506	1341	134	0.736	2.660E-33	810	897	898	-23586	-23323	264	23598	23323
304756522	1	237	1.629E-60	1	1092	2051	34	237	0.416	4.272E-62	40	363	383	1092	2051	960	483	2057
305377762	1	174	1.503E-41	2	20439	21031	475	128	0.639	5.141E-29	52	151	213	20439	20738	300	20433	21131
305377762	1	174	1.503E-41	2	20439	21031	473	59	0.811	1.297E-08	166	199	213	20930	21031	102	20924	21031
305626437	1	183	2.935E-44	3	20027	21031	456	35	0.539	7.113E+00	7	37	226	20027	20119	93	20000	20122
305626437	1	183	2.935E-44	3	20027	21031	475	140	0.656	4.435E-33	72	177	226	20436	20744	309	20433	21131
305626437	1	183	2.935E-44	3	20027	21031	473	52	0.721	4.050E-06	190	223	226	20930	21031	102	20924	21031
305658652	1	184	1.468E-44	3	20009	21031	456	43	0.616	1.153E-02	2	34	227	20009	20104	96	20000	20122
305658652	1	184	1.468E-44	3	20009	21031	475	147	0.743	2.188E-35	74	168	227	20439	20726	288	20433	21131
305658652	1	184	1.468E-44	3	20009	21031	473	53	0.731	2.138E-06	191	224	227	20930	21031	102	20924	21031
305824669	1	221	1.068E-55	4	20009	21031	456	38	0.509	3.933E-01	4	40	304	20009	20119	111	20000	20122
305824669	1	221	1.068E-55	4	20009	21031	475	128	0.627	7.021E-29	74	175	304	20439	20744	306	20433	21131
305824669	1	221	1.068E-55	4	20009	21031	471	33	0.673	1.922E+01	166	187	304	20791	20856	66	20782	20856
305824669	1	221	1.068E-55	4	20009	21031	473	61	0.831	3.624E-09	188	221	304	20930	21031	102	20924	21031
305871205	1	178	9.392E-43	3	20048	21028	456	40	0.932	1.501E-01	16	34	227	20048	20104	57	20000	20122
305871205	1	178	9.392E-43	3	20048	21028	475	145	0.732	1.427E-34	74	168	227	20439	20726	288	20433	21131
305871205	1	178	9.392E-43	3	20048	21028	473	52	0.740	4.050E-06	191	223	227	20930	21028	99	20924	21031
305930434	1	134	1.652E-29	2	20009	20726	456	39	0.584	2.069E-01	2	33	225	20009	20104	96	20000	20122
305930434	1	134	1.652E-29	2	20009	20726	475	132	0.675	4.248E-30	72	166	225	20439	20726	288	20433	21131
306048265	1	180	2.348E-43	3	20009	21028	456	43	0.616	1.153E-02	2	34	227	20009	20104	96	20000	20122
306048265	1	180	2.348E-43	3	20009	21028	475	143	0.727	3.645E-34	74	168	227	20439	20726	288	20433	21131
306048265	1	180	2.348E-43	3	20009	21028	473	53	0.745	2.943E-06	191	223	227	20930	21028	99	20924	21031
306191638	1	407	1.089E-111	3	4613	5506	103	214	0.986	6.551E-61	8	109	219	4613	4918	306	4565	4918
306191638	1	407	1.089E-111	3	4613	5506	112	105	0.827	9.576E-24	107	166	219	5118	5297	180	5118	5324
306191638	1	407	1.089E-111	3	4613	5506	115	93	0.824	4.891E-19	163	215	219	5348	5506	159	5246	5515
306219151	1	222	5.339E-56	1	4607	4915	103	222	1.000	2.220E-63	0	102	103	4607	4915	309	4565	4918
306254455	1	404	8.709E-111	3	4613	5506	103	214	0.986	6.551E-61	8	109	219	4613	4918	306	4565	4918
306254455	1	404	8.709E-111	3	4613	5506	112	105	0.829	6.974E-24	107	166	219	5118	5297	180	5118	5324
306254455	1	404	8.709E-111	3	4613	5506	115	90	0.805	3.276E-18	163	215	219	5348	5506	159	5246	5515
306263595	1	409	2.722E-112	3	4610	5509	103	208	0.977	1.028E-58	1	100	205	4610	4909	300	4565	4918
306263595	1	409	2.722E-112	3	4610	5509	112	103	0.850	4.676E-23	97	153	205	5127	5297	171	5118	5324
306263595	1	409	2.722E-112	3	4610	5509	115	104	0.898	6.854E-23	150	203	205	5348	5509	162	5246	5515
306278891	1	405	4.355E-111	3	4613	5509	103	217	0.997	7.173E-62	8	109	219	4613	4918	306	4565	4918
306278891	1	405	4.355E-111	3	4613	5509	112	106	0.766	5.078E-24	107	170	219	5118	5315	198	5118	5324
306278891	1	405	4.355E-111	3	4613	5509	115	91	0.798	1.738E-18	163	216	219	5348	5509	162	5246	5515
306279919	1	410	1.361E-112	3	4613	5506	103	216	0.991	2.539E-61	8	109	220	4613	4918	306	4565	4918
306279919	1	410	1.361E-112	3	4613	5506	112	107	0.841	1.961E-24	107	166	220	5118	5297	180	5118	5324
306279919	1	410	1.361E-112	3	4613	5506	115	92	0.821	6.715E-19	163	215	220	5348	5506	159	5246	5515
306282164	-1	125	8.460E-27	1	25508	25819	1302	125	0.604	1.037E-28	5	108	147	-25819	-25508	312	26011	25487
306297257	1	192	5.733E-47	2	5118	5506	112	100	0.790	5.916E-22	34	93	147	5118	5297	180	5118	5324
306297257	1	192	5.733E-47	2	5118	5506	115	95	0.843	7.304E-20	90	142	147	5348	5506	159	5246	5515
306303663	1	381	7.306E-104	3	4613	5500	103	214	0.983	1.232E-60	8	109	215	4613	4918	306	4565	4918
306303663	1	381	7.306E-104	3	4613	5500	112	96	0.762	1.413E-20	107	166	215	5118	5297	180	5118	5324
306303663	1	381	7.306E-104	3	4613	5500	115	76	0.713	2.968E-13	163	213	215	5348	5500	153	5246	5515
306304075	1	391	7.135E-107	3	4613	5512	103	208	0.960	1.028E-58	8	109	219	4613	4918	306	4565	4918
306304075	1	391	7.135E-107	3	4613	5512	112	99	0.784	1.116E-21	107	166	219	5118	5297	180	5118	5324
306304075	1	391	7.135E-107	3	4613	5512	115	89	0.770	8.479E-18	163	217	219	5348	5512	165	5246	5515
306333690	1	424	8.306E-117	3	4610	5509	103	221	1.000	4.176E-63	1	103	212	4610	4918	309	4565	4918
306333690	1	424	8.306E-117	3	4610	5509	112	106	0.832	5.078E-24	101	160	212	5118	5297	180	5118	5324
306333690	1	424	8.306E-117	3	4610	5509	115	102	0.882	3.342E-22	157	210	212	5348	5509	162	5246	5515
306343366	1	217	1.708E-54	1	4607	4915	103	217	0.989	7.173E-62	0	102	103	4607	4915	309	4565	4918
306343784	1	218	8.542E-55	1	4607	4915	103	218	0.994	2.780E-62	0	102	103	4607	4915	309	4565	4918
306412305	1	162	6.155E-38	2	5118	5500	112	96	0.673	7.488E-21	60	129	171	5118	5318	201	5118	5324
306412305	1	162	6.155E-38	2	5118	5500	115	79	0.736	3.224E-14	116	166	171	5348	5500	153	5246	5515
306435362	1	404	8.709E-111	3	4613	5497	103	218	1.000	2.780E-62	8	109	219	4613	4918	306	4565	4918
306435362	1	404	8.709E-111	3	4613	5497	112	109	0.855	4.017E-25	107	166	219	5118	5297	180	5118	5324
306435362	1	404	8.709E-111	3	4613	5497	115	82	0.776	2.551E-15	163	212	219	5348	5497	150	5246	5515
306487853	1	141	1.291E-31	1	1593	2051	34	141	0.491	2.264E-30	0	148	169	1593	2051	459	483	2057
306581786	1	395	4.459E-108	3	4613	5506	103	207	0.953	3.638E-58	8	109	220	4613	4918	306	4565	4918
306581786	1	395	4.459E-108	3	4613	5506	112	106	0.838	2.693E-24	107	166	220	5118	5297	180	5118	5324
306581786	1	395	4.459E-108	3	4613	5506	115	87	0.779	4.137E-17	163	215	220	5348	5506	159	5246	5515
306600350	-1	120	2.707E-25	1	4621	4812	1784	120	0.884	4.749E-29	1	64	78	-4812	-4621	192	4836	4621
306602194	1	426	2.076E-117	3	4613	5512	103	220	1.000	5.727E-63	8	109	218	4613	4918	306	4565	4918
306602194	1	426	2.076E-117	3	4613	5512	112	106	0.832	5.078E-24	107	166	218	5118	5297	180	5118	5324
306602194	1	426	2.076E-117	3	4613	5512	115	105	0.893	2.649E-23	163	217	218	5348	5512	165	5246	5515
306629210	1	233	2.607E-59	2	4613	5497	103	210	0.968	2.117E-59	8	109	220	4613	4918	306	4565	4918
306629210	1	233	2.607E-59	2	4613	5497	115	75	0.715	7.686E-13	163	212	220	5348	5497	150	5246	5515
306632047	1	206	3.499E-51	1	1077	1943	34	206	0.407	9.048E-52	0	287	292	1077	1943	867	483	2057
306632904	1	127	2.115E-27	1	1710	2051	34	127	0.568	8.014E-26	1	114	116	1710	2051	342	483	2057
306633463	1	394	8.918E-108	3	4613	5500	103	216	0.992	1.851E-61	8	109	219	4613	4918	306	4565	4918
306633463	1	394	8.918E-108	3	4613	5500	112	101	0.801	1.663E-22	107	166	219	5118	5297	180	5118	5324
306633463	1	394	8.918E-108	3	4613	5500	115	82	0.763	2.551E-15	163	213	219	5348	5500	153	5246	5515
306634415	-1	681	3.587E-194	5	23323	26506	1292	144	0.488	1.330E-34	115	271	896	-26506	-26036	471	26656	26015
306634415	-1	681	3.587E-194	5	23323	26506	1302	163	0.557	5.764E-42	279	429	896	-25954	-25502	453	26011	25487
306634415	-1	681	3.587E-194	5	23323	26506	1323	44	0.423	1.768E-02	505	558	896	-24622	-24461	162	24643	24458
306634415	-1	681	3.587E-194	5	23323	26506	1337	274	0.572	2.486E-78	561	808	896	-24386	-23652	735	24476	23595
306634415	-1	681	3.587E-194	5	23323	26506	1341	135	0.742	1.029E-33	808	895	896	-23586	-23323	264	23598	23323
306675735	-1	837	3.926E-241	6	23323	26527	1292	138	0.435	1.459E-32	108	282	905	-26527	-26033	495	26656	26015
306675735	-1	837	3.926E-241	6	23323	26527	1302	172	0.561	5.635E-45	281	438	905	-25978	-25508	471	26011	25487
306675735	-1	837	3.926E-241	6	23323	26527	1304	72	0.556	3.391E-12	439	503	905	-25444	-25250	195	25456	25235
306675735	-1	837	3.926E-241	6	23323	26527	1323	52	0.496	2.154E-05	515	567	905	-24622	-24464	159	24643	24458
306675735	-1	837	3.926E-241	6	23323	26527	1337	285	0.594	5.163E-82	572	817	905	-24383	-23652	732	24476	23595
306675735	-1	837	3.926E-241	6	23323	26527	1341	128	0.707	3.070E-31	817	904	905	-23586	-23323	264	23598	23323
313533341	1	414	8.505E-114	3	4613	5509	103	221	1.000	4.176E-63	8	109	219	4613	4918	306	4565	4918
313533341	1	414	8.505E-114	3	4613	5509	112	105	0.829	6.974E-24	107	166	219	5118	5297	180	5118	5324
313533341	1	414	8.505E-114	3	4613	5509	115	93	0.817	2.595E-19	163	216	219	5348	5509	162	5246	5515
314577372	1	242	5.092E-62	1	1092	2051	34	242	0.426	1.082E-63	5	311	331	1092	2051	960	483	2057
314888522	1	225	6.674E-57	3	20436	21031	475	137	0.691	7.364E-32	81	176	235	20436	20726	291	20433	21131
314888522	1	225	6.674E-57	3	20436	21031	471	31	0.660	9.602E+01	178	198	235	20794	20856	63	20782	20856
314888522	1	225	6.674E-57	3	20436	21031	473	55	0.756	4.334E-07	199	232	235	20930	21031	102	20924	21031
315225023	1	355	4.903E-96	1	558	2051	34	355	0.409	4.101E-102	67	563	584	558	2051	1494	483	2057
315911244	1	90	2.907E-16	2	20794	21028	471	35	0.759	2.028E+00	48	68	105	20794	20856	63	20782	20856
315911244	1	90	2.907E-16	2	20794	21028	473	54	0.766	8.205E-07	69	101	105	20930	21028	99	20924	21031
316038466	-1	504	6.871E-141	4	23323	25444	1304	63	0.487	3.700E-09	406	472	874	-25444	-25244	201	25456	25235
316038466	-1	504	6.871E-141	4	23323	25444	1323	52	0.496	2.154E-05	483	535	874	-24622	-24464	159	24643	24458
316038466	-1	504	6.871E-141	4	23323	25444	1337	271	0.567	3.064E-77	539	786	874	-24386	-23652	735	24476	23595
316038466	-1	504	6.871E-141	4	23323	25444	1341	128	0.707	3.070E-31	786	873	874	-23586	-23323	264	23598	23323
316215880	-1	389	2.854E-106	3	23323	25993	1302	157	0.501	6.491E-40	181	346	804	-25993	-25502	492	26011	25487
316215880	-1	389	2.854E-106	3	23323	25993	1337	239	0.518	6.226E-66	478	716	804	-24383	-23652	732	24476	23595
316215880	-1	389	2.854E-106	3	23323	25993	1341	126	0.680	1.089E-30	713	803	804	-23595	-23323	273	23598	23323
316256226	-1	388	5.708E-106	3	23323	25993	1302	156	0.500	1.219E-39	192	357	815	-25993	-25502	492	26011	25487
316256226	-1	388	5.708E-106	3	23323	25993	1337	239	0.518	6.226E-66	489	727	815	-24383	-23652	732	24476	23595
316256226	-1	388	5.708E-106	3	23323	25993	1341	126	0.680	1.089E-30	724	814	815	-23595	-23323	273	23598	23323
316452253	1	296	2.826E-78	1	942	2051	34	296	0.442	5.036E-82	4	376	396	942	2051	1110	483	2057
317170083	1	212	5.467E-53	1	957	1790	34	212	0.428	9.516E-54	0	275	277	957	1790	834	483	2057
317897492	1	313	2.156E-83	1	597	2051	34	313	0.381	8.263E-88	170	623	652	597	2051	1455	483	2057
318812698	-1	808	2.108E-232	6	23323	26506	1292	139	0.476	5.702E-33	113	269	896	-26506	-26036	471	26656	26015
318812698	-1	808	2.108E-232	6	23323	26506	1302	166	0.558	8.708E-43	275	427	896	-25960	-25508	453	26011	25487
318812698	-1	808	2.108E-232	6	23323	26506	1304	66	0.508	2.905E-10	428	494	896	-25444	-25244	201	25456	25235
318812698	-1	808	2.108E-232	6	23323	26506	1323	46	0.439	3.572E-03	505	558	896	-24622	-24461	162	24643	24458
318812698	-1	808	2.108E-232	6	23323	26506	1337	266	0.557	2.482E-75	561	808	896	-24386	-23652	735	24476	23595
318812698	-1	808	2.108E-232	6	23323	26506	1341	135	0.742	1.029E-33	808	895	896	-23586	-23323	264	23598	23323
319344466	1	295	5.653E-78	1	942	2051	34	295	0.442	6.862E-82	4	376	396	942	2051	1110	483	2057
319442513	-1	363	1.915E-98	2	23323	24389	1337	236	0.509	4.082E-65	63	309	397	-24389	-23652	738	24476	23595
319442513	-1	363	1.915E-98	2	23323	24389	1341	127	0.706	4.213E-31	309	396	397	-23586	-23323	264	23598	23323
319866431	1	326	2.632E-87	1	597	2051	34	326	0.390	2.164E-92	222	711	731	597	2051	1455	483	2057
320118937	1	146	4.034E-33	2	20045	20726	456	40	0.898	1.089E-01	15	34	226	20045	20104	60	20000	20122
320118937	1	146	4.034E-33	2	20045	20726	475	143	0.725	4.981E-34	73	167	226	20439	20726	288	20433	21131
320189614	1	173	3.006E-41	3	20060	21028	456	35	0.793	5.155E+00	22	41	249	20060	20119	60	20000	20122
320189614	1	173	3.006E-41	3	20060	21028	475	139	0.708	1.132E-32	77	171	249	20439	20726	288	20433	21131
320189614	1	173	3.006E-41	3	20060	21028	473	54	0.760	1.129E-06	194	226	249	20930	21028	99	20924	21031
320347647	1	184	1.468E-44	2	20436	20856	475	147	0.735	2.991E-35	70	166	214	20436	20726	291	20433	21131
320347647	1	184	1.468E-44	2	20436	20856	471	36	0.752	7.747E-01	167	188	214	20791	20856	66	20782	20856
320467839	1	189	4.586E-46	2	20436	20856	475	153	0.762	2.008E-37	72	168	207	20436	20726	291	20433	21131
320467839	1	189	4.586E-46	2	20436	20856	471	35	0.729	2.028E+00	169	190	207	20791	20856	66	20782	20856
320489279	1	149	5.042E-34	2	20009	20726	456	39	0.564	2.853E-01	2	34	226	20009	20104	96	20000	20122
320489279	1	149	5.042E-34	2	20009	20726	475	147	0.743	2.188E-35	73	167	226	20439	20726	288	20433	21131
320495325	1	178	9.392E-43	3	20036	20856	456	42	0.696	2.189E-02	7	34	219	20036	20119	84	20000	20122
320495325	1	178	9.392E-43	3	20036	20856	475	140	0.670	6.061E-33	68	170	219	20439	20741	303	20433	21131
320495325	1	178	9.392E-43	3	20036	20856	471	36	0.752	7.747E-01	162	183	219	20791	20856	66	20782	20856
320497047	1	182	5.870E-44	3	20009	21031	456	38	0.505	5.424E-01	4	40	234	20009	20119	111	20000	20122
320497047	1	182	5.870E-44	3	20009	21031	475	132	0.652	4.248E-30	74	173	234	20439	20738	300	20433	21131
320497047	1	182	5.870E-44	3	20009	21031	473	57	0.786	6.389E-08	188	221	234	20930	21031	102	20924	21031
320614262	-1	54	1.998E-05	1	4751	4930	1783	54	0.467	4.036E-06	2	61	62	-4930	-4751	180	4933	4733
320686741	-1	682	1.793E-194	5	23323	26506	1292	144	0.488	1.330E-34	115	271	896	-26506	-26036	471	26656	26015
320686741	-1	682	1.793E-194	5	23323	26506	1302	163	0.557	5.764E-42	279	429	896	-25954	-25502	453	26011	25487
320686741	-1	682	1.793E-194	5	23323	26506	1323	44	0.423	1.768E-02	505	558	896	-24622	-24461	162	24643	24458
320686741	-1	682	1.793E-194	5	23323	26506	1337	274	0.572	2.486E-78	561	808	896	-24386	-23652	735	24476	23595
320686741	-1	682	1.793E-194	5	23323	26506	1341	136	0.747	3.982E-34	808	895	896	-23586	-23323	264	23598	23323
320689605	1	406	2.177E-111	3	4613	5512	103	221	1.000	4.176E-63	14	115	225	4613	4918	306	4565	4918
320689605	1	406	2.177E-111	3	4613	5512	112	101	0.798	2.284E-22	113	172	225	5118	5297	180	5118	5324
320689605	1	406	2.177E-111	3	4613	5512	115	89	0.773	6.176E-18	169	223	225	5348	5512	165	5246	5515
320699094	1	381	7.306E-104	3	4613	5497	103	212	0.976	4.361E-60	8	109	215	4613	4918	306	4565	4918
320699094	1	381	7.306E-104	3	4613	5497	112	98	0.779	2.105E-21	107	166	215	5118	5297	180	5118	5324
320699094	1	381	7.306E-104	3	4613	5497	115	76	0.725	2.968E-13	163	212	215	5348	5497	150	5246	5515
320715970	1	149	5.042E-34	1	1566	2030	34	149	0.505	8.584E-33	9	163	171	1566	2030	465	483	2057
320722461	1	402	3.484E-110	3	4613	5497	103	218	1.000	2.780E-62	8	109	219	4613	4918	306	4565	4918
320722461	1	402	3.484E-110	3	4613	5497	112	110	0.863	1.552E-25	107	166	219	5118	5297	180	5118	5324
320722461	1	402	3.484E-110	3	4613	5497	115	79	0.749	3.224E-14	163	212	219	5348	5497	150	5246	5515
320790666	1	175	7.514E-42	1	1314	1877	34	175	0.494	1.980E-41	5	193	235	1314	1877	564	483	2057
320794148	-1	295	5.653E-78	5	23323	26506	1292	131	0.449	4.071E-30	95	253	881	-26506	-26033	474	26656	26015
320794148	-1	295	5.653E-78	5	23323	26506	1302	172	0.545	4.112E-45	246	409	881	-25996	-25508	489	26011	25487
320794148	-1	295	5.653E-78	5	23323	26506	1304	69	0.531	3.138E-11	410	475	881	-25444	-25247	198	25456	25235
320794148	-1	295	5.653E-78	5	23323	26506	1323	52	0.499	1.565E-05	488	540	881	-24622	-24464	159	24643	24458
320794148	-1	295	5.653E-78	5	23323	26506	1341	137	0.751	2.114E-34	793	880	881	-23586	-23323	264	23598	23323
320826178	1	164	1.539E-38	1	1521	2051	34	164	0.495	6.228E-38	6	180	220	1521	2051	531	483	2057
320839949	-1	66	4.877E-09	1	25241	25444	1304	66	0.501	2.905E-10	8	75	127	-25444	-25241	204	25456	25235
320901049	1	171	1.202E-40	2	5118	5512	112	97	0.770	5.452E-21	107	166	220	5118	5297	180	5118	5324
320901049	1	171	1.202E-40	2	5118	5512	115	77	0.678	1.146E-13	163	217	220	5348	5512	165	5246	5515
320907121	1	192	5.733E-47	2	5118	5506	112	100	0.793	4.308E-22	34	93	147	5118	5297	180	5118	5324
320907121	1	192	5.733E-47	2	5118	5506	115	95	0.843	7.304E-20	90	142	147	5348	5506	159	5246	5515
320923889	-1	531	5.119E-149	4	23323	25978	1302	171	0.560	7.722E-45	226	383	852	-25978	-25508	471	26011	25487
320923889	-1	531	5.119E-149	4	23323	25978	1323	50	0.483	7.724E-05	461	513	852	-24622	-24464	159	24643	24458
320923889	-1	531	5.119E-149	4	23323	25978	1337	262	0.551	4.184E-74	517	764	852	-24386	-23652	735	24476	23595
320923889	-1	531	5.119E-149	4	23323	25978	1341	125	0.696	2.052E-30	764	851	852	-23586	-23323	264	23598	23323
320931757	-1	443	1.584E-122	3	23652	26506	1292	122	0.423	5.377E-27	128	287	883	-26506	-26033	474	26656	26015
320931757	-1	443	1.584E-122	3	23652	26506	1302	166	0.534	6.355E-43	281	442	883	-25993	-25508	486	26011	25487
320931757	-1	443	1.584E-122	3	23652	26506	1337	272	0.571	2.238E-77	555	795	883	-24389	-23652	738	24476	23595
320981665	1	329	3.290E-88	1	600	2051	34	329	0.393	3.357E-93	325	812	943	600	2051	1452	483	2057
320989858	1	382	3.653E-104	3	4613	5506	103	218	1.000	2.780E-62	8	109	221	4613	4918	306	4565	4918
320989858	1	382	3.653E-104	3	4613	5506	112	98	0.737	2.105E-21	107	170	221	5118	5309	192	5118	5324
320989858	1	382	3.653E-104	3	4613	5506	115	75	0.684	5.597E-13	163	215	221	5348	5506	159	5246	5515
320999286	1	219	4.271E-55	1	4607	4915	103	219	0.995	2.027E-62	0	102	103	4607	4915	309	4565	4918
321030669	1	112	6.930E-23	1	1722	2051	34	112	0.528	3.342E-21	0	109	130	1722	2051	330	483	2057
321030898	1	141	1.291E-31	1	1566	2051	34	141	0.469	2.264E-30	14	169	190	1566	2051	486	483	2057
321059093	1	196	3.583E-48	1	597	1670	34	196	0.339	2.371E-48	89	445	472	597	1670	1074	483	2057
321059505	1	295	5.653E-78	1	591	1970	34	295	0.379	6.862E-82	171	625	661	591	1970	1380	483	2057
321061062	1	139	5.163E-31	1	591	1496	34	139	0.301	9.769E-30	297	597	601	591	1496	906	483	2057
321063721	1	216	3.417E-54	1	4613	4918	103	216	0.994	1.349E-61	8	109	178	4613	4918	306	4565	4918
321081235	-1	810	5.270E-233	6	23323	26506	1292	145	0.488	7.109E-35	75	232	857	-26506	-26033	474	26656	26015
321081235	-1	810	5.270E-233	6	23323	26506	1302	164	0.560	3.070E-42	238	388	857	-25957	-25508	450	26011	25487
321081235	-1	810	5.270E-233	6	23323	26506	1304	65	0.497	1.037E-09	389	455	857	-25444	-25244	201	25456	25235
321081235	-1	810	5.270E-233	6	23323	26506	1323	53	0.481	1.138E-05	463	518	857	-24631	-24464	168	24643	24458
321081235	-1	810	5.270E-233	6	23323	26506	1337	264	0.555	8.712E-75	522	769	857	-24386	-23652	735	24476	23595
321081235	-1	810	5.270E-233	6	23323	26506	1341	127	0.706	4.213E-31	769	856	857	-23586	-23323	264	23598	23323
321128187	1	218	8.542E-55	1	4607	4915	103	218	0.990	5.230E-62	0	102	103	4607	4915	309	4565	4918
321137204	1	437	1.014E-120	3	4613	5509	103	224	1.000	3.334E-64	8	109	219	4613	4918	306	4565	4918
321137204	1	437	1.014E-120	3	4613	5509	112	109	0.855	4.017E-25	107	166	219	5118	5297	180	5118	5324
321137204	1	437	1.014E-120	3	4613	5509	115	109	0.942	8.123E-25	163	216	219	5348	5509	162	5246	5515
321140155	1	413	1.701E-113	3	4613	5509	103	220	1.000	7.855E-63	8	109	219	4613	4918	306	4565	4918
321140155	1	413	1.701E-113	3	4613	5509	112	105	0.829	6.974E-24	107	166	219	5118	5297	180	5118	5324
321140155	1	413	1.701E-113	3	4613	5509	115	93	0.810	4.891E-19	163	216	219	5348	5509	162	5246	5515
321172420	1	185	7.338E-45	1	1395	2051	34	185	0.459	1.097E-44	0	219	242	1395	2051	657	483	2057
321172976	1	121	1.354E-25	1	1314	1727	34	121	0.470	6.076E-24	47	184	186	1314	1727	414	483	2057
321173849	1	137	2.065E-30	1	534	1226	34	137	0.355	5.629E-29	32	256	353	534	1226	693	483	2057
321185314	1	218	8.542E-55	1	4607	4915	103	218	0.992	3.813E-62	0	102	103	4607	4915	309	4565	4918
326953876	1	98	1.135E-18	1	5118	5297	112	98	0.776	2.891E-21	21	80	83	5118	5297	180	5118	5324
326972184	1	407	1.089E-111	3	4613	5506	103	214	0.986	6.551E-61	8	109	219	4613	4918	306	4565	4918
326972184	1	407	1.089E-111	3	4613	5506	112	105	0.829	6.974E-24	107	166	219	5118	5297	180	5118	5324
326972184	1	407	1.089E-111	3	4613	5506	115	93	0.824	4.891E-19	163	215	219	5348	5506	159	5246	5515
329304311	1	410	1.361E-112	3	4613	5506	103	216	0.992	1.851E-61	8	109	221	4613	4918	306	4565	4918
329304311	1	410	1.361E-112	3	4613	5506	112	105	0.827	9.576E-24	107	166	221	5118	5297	180	5118	5324
329304311	1	410	1.361E-112	3	4613	5506	115	94	0.833	1.890E-19	163	215	221	5348	5506	159	5246	5515
330033732	1	280	1.852E-73	1	1044	2051	34	280	0.459	8.664E-77	2	337	368	1044	2051	1008	483	2057
330205205	1	329	3.290E-88	2	4613	5297	103	222	1.000	2.220E-63	8	109	167	4613	4918	306	4565	4918
330205205	1	329	3.290E-88	2	4613	5297	112	109	0.857	2.926E-25	107	166	167	5118	5297	180	5118	5324
330893593	1	406	2.177E-111	3	4613	5506	103	214	0.986	6.551E-61	8	109	219	4613	4918	306	4565	4918
330893593	1	406	2.177E-111	3	4613	5506	112	105	0.827	9.576E-24	107	166	219	5118	5297	180	5118	5324
330893593	1	406	2.177E-111	3	4613	5506	115	92	0.817	9.220E-19	163	215	219	5348	5506	159	5246	5515
330936163	1	235	6.517E-60	3	20439	21028	475	143	0.724	6.808E-34	84	178	237	20439	20726	288	20433	21131
330936163	1	235	6.517E-60	3	20439	21028	471	36	0.752	7.747E-01	179	200	237	20791	20856	66	20782	20856
330936163	1	235	6.517E-60	3	20439	21028	473	54	0.766	8.205E-07	201	233	237	20930	21028	99	20924	21031
330976343	1	404	8.709E-111	3	4613	5506	103	214	0.986	6.551E-61	8	109	219	4613	4918	306	4565	4918
330976343	1	404	8.709E-111	3	4613	5506	112	105	0.829	6.974E-24	107	166	219	5118	5297	180	5118	5324
330976343	1	404	8.709E-111	3	4613	5506	115	90	0.801	4.498E-18	163	215	219	5348	5506	159	5246	5515
331258298	1	201	1.120E-49	1	1419	2051	34	201	0.504	4.650E-50	38	249	270	1419	2051	633	483	2057
331692301	1	218	8.542E-55	1	4613	4918	103	218	1.000	3.813E-62	8	109	112	4613	4918	306	4565	4918
331823398	1	415	4.253E-114	3	4613	5506	103	218	1.000	3.813E-62	8	109	218	4613	4918	306	4565	4918
331823398	1	415	4.253E-114	3	4613	5506	112	109	0.857	2.926E-25	107	166	218	5118	5297	180	5118	5324
331823398	1	415	4.253E-114	3	4613	5506	115	93	0.824	4.891E-19	163	215	218	5348	5506	159	5246	5515
331866720	-1	286	2.894E-75	5	23323	26506	1292	126	0.433	2.367E-28	154	313	941	-26506	-26033	474	26656	26015
331866720	-1	286	2.894E-75	5	23323	26506	1302	160	0.518	9.812E-41	312	473	941	-25978	-25502	477	26011	25487
331866720	-1	286	2.894E-75	5	23323	26506	1304	61	0.480	1.815E-08	472	537	941	-25444	-25247	198	25456	25235
331866720	-1	286	2.894E-75	5	23323	26506	1323	53	0.494	6.010E-06	550	604	941	-24622	-24458	165	24643	24458
331866720	-1	286	2.894E-75	5	23323	26506	1341	144	0.787	5.172E-37	853	940	941	-23586	-23323	264	23598	23323
332072767	1	405	4.355E-111	3	4613	5506	103	214	0.986	6.551E-61	8	109	219	4613	4918	306	4565	4918
332072767	1	405	4.355E-111	3	4613	5506	112	105	0.829	6.974E-24	107	166	219	5118	5297	180	5118	5324
332072767	1	405	4.355E-111	3	4613	5506	115	91	0.814	1.266E-18	163	215	219	5348	5506	159	5246	5515
332394860	-1	683	8.966E-195	5	23323	26506	1292	142	0.484	4.657E-34	111	267	892	-26506	-26036	471	26656	26015
332394860	-1	683	8.966E-195	5	23323	26506	1302	166	0.566	4.638E-43	275	425	892	-25954	-25502	453	26011	25487
332394860	-1	683	8.966E-195	5	23323	26506	1323	44	0.423	1.768E-02	501	554	892	-24622	-24461	162	24643	24458
332394860	-1	683	8.966E-195	5	23323	26506	1337	274	0.572	2.486E-78	557	804	892	-24386	-23652	735	24476	23595
332394860	-1	683	8.966E-195	5	23323	26506	1341	136	0.747	3.982E-34	804	891	892	-23586	-23323	264	23598	23323
332663731	1	244	1.273E-62	1	888	2051	34	244	0.372	1.265E-64	11	400	508	888	2051	1164	483	2057
332683617	1	264	1.214E-68	2	4613	5506	103	214	0.986	6.551E-61	8	109	209	4613	4918	306	4565	4918
332683617	1	264	1.214E-68	2	4613	5506	115	92	0.817	9.220E-19	153	205	209	5348	5506	159	5246	5515
332985415	1	401	6.968E-110	3	4613	5506	103	214	0.986	6.551E-61	8	109	219	4613	4918	306	4565	4918
332985415	1	401	6.968E-110	3	4613	5506	112	105	0.829	6.974E-24	107	166	219	5118	5297	180	5118	5324
332985415	1	401	6.968E-110	3	4613	5506	115	87	0.779	4.137E-17	163	215	219	5348	5506	159	5246	5515
333023319	1	403	1.742E-110	3	4613	5506	103	220	1.000	1.077E-62	38	139	247	4613	4918	306	4565	4918
333023319	1	403	1.742E-110	3	4613	5506	112	102	0.810	6.422E-23	137	196	247	5118	5297	180	5118	5324
333023319	1	403	1.742E-110	3	4613	5506	115	86	0.770	1.071E-16	193	245	247	5348	5506	159	5246	5515
333060159	1	407	1.089E-111	3	4613	5506	103	220	1.000	1.077E-62	8	109	218	4613	4918	306	4565	4918
333060159	1	407	1.089E-111	3	4613	5506	112	105	0.829	6.974E-24	107	166	218	5118	5297	180	5118	5324
333060159	1	407	1.089E-111	3	4613	5506	115	87	0.776	5.681E-17	163	215	218	5348	5506	159	5246	5515
334694323	1	145	8.068E-33	2	20018	20726	456	39	0.628	2.853E-01	5	33	226	20018	20104	87	20000	20122
334694323	1	145	8.068E-33	2	20018	20726	475	144	0.731	1.951E-34	73	167	226	20439	20726	288	20433	21131
334839321	1	158	9.848E-37	2	20009	20726	456	45	0.641	2.322E-03	2	34	227	20009	20104	96	20000	20122
334839321	1	158	9.848E-37	2	20009	20726	475	151	0.759	1.312E-36	74	168	227	20439	20726	288	20433	21131
334889214	1	184	1.468E-44	2	20436	20856	475	147	0.735	2.991E-35	70	166	225	20436	20726	291	20433	21131
334889214	1	184	1.468E-44	2	20436	20856	471	36	0.752	7.747E-01	167	188	225	20791	20856	66	20782	20856
335111034	1	134	1.652E-29	2	20036	20669	456	39	0.653	2.069E-01	8	35	203	20036	20119	84	20000	20122
335111034	1	134	1.652E-29	2	20036	20669	475	126	0.783	4.549E-28	68	144	203	20439	20669	231	20433	21131
335236784	1	192	5.733E-47	1	873	2051	34	192	0.315	3.590E-47	304	696	715	873	2051	1179	483	2057
335237715	1	408	5.443E-112	3	4613	5509	103	218	0.999	5.230E-62	8	109	220	4613	4918	306	4565	4918
335237715	1	408	5.443E-112	3	4613	5509	112	106	0.832	5.078E-24	107	166	220	5118	5297	180	5118	5324
335237715	1	408	5.443E-112	3	4613	5509	115	89	0.782	8.479E-18	163	216	220	5348	5509	162	5246	5515
335240869	-1	408	5.443E-112	4	24464	26506	1292	131	0.449	4.071E-30	95	253	596	-26506	-26033	474	26656	26015
335240869	-1	408	5.443E-112	4	24464	26506	1302	172	0.545	4.112E-45	246	409	596	-25996	-25508	489	26011	25487
335240869	-1	408	5.443E-112	4	24464	26506	1304	69	0.531	3.138E-11	410	475	596	-25444	-25247	198	25456	25235
335240869	-1	408	5.443E-112	4	24464	26506	1323	52	0.499	1.565E-05	488	540	596	-24622	-24464	159	24643	24458
335261034	1	154	1.576E-35	2	20045	20726	456	35	0.652	5.155E+00	18	42	232	20045	20119	75	20000	20122
335261034	1	154	1.576E-35	2	20045	20726	475	153	0.767	2.746E-37	78	172	232	20439	20726	288	20433	21131
335270347	1	399	2.787E-109	3	4613	5512	103	219	1.000	1.478E-62	8	109	219	4613	4918	306	4565	4918
335270347	1	399	2.787E-109	3	4613	5512	112	107	0.843	1.428E-24	107	166	219	5118	5297	180	5118	5324
335270347	1	399	2.787E-109	3	4613	5512	115	78	0.684	6.079E-14	163	217	219	5348	5512	165	5246	5515
335302142	1	219	4.271E-55	1	4607	4915	103	219	0.997	1.478E-62	0	102	103	4607	4915	309	4565	4918
335326200	-1	687	5.604E-196	5	23323	26467	1292	117	0.434	3.105E-25	62	209	829	-26467	-26027	441	26656	26015
335326200	-1	687	5.604E-196	5	23323	26467	1302	192	0.595	8.082E-52	200	363	829	-25996	-25508	489	26011	25487
335326200	-1	687	5.604E-196	5	23323	26467	1304	68	0.521	1.119E-10	364	429	829	-25444	-25247	198	25456	25235
335326200	-1	687	5.604E-196	5	23323	26467	1337	235	0.472	1.045E-64	476	741	829	-24464	-23652	813	24476	23595
335326200	-1	687	5.604E-196	5	23323	26467	1341	126	0.700	1.089E-30	741	828	829	-23586	-23323	264	23598	23323
335382158	-1	74	1.905E-11	1	25241	25444	1304	74	0.549	6.922E-13	8	75	118	-25444	-25241	204	25456	25235
335402870	1	257	1.554E-66	3	20439	21031	475	160	0.799	9.818E-40	70	164	224	20439	20726	288	20433	21131
335402870	1	257	1.554E-66	3	20439	21031	471	36	0.752	7.747E-01	165	186	224	20791	20856	66	20782	20856
335402870	1	257	1.554E-66	3	20439	21031	473	59	0.811	1.297E-08	187	220	224	20930	21031	102	20924	21031
335461551	1	404	8.709E-111	3	4613	5506	103	214	0.986	6.551E-61	8	109	219	4613	4918	306	4565	4918
335461551	1	404	8.709E-111	3	4613	5506	112	105	0.829	6.974E-24	107	166	219	5118	5297	180	5118	5324
335461551	1	404	8.709E-111	3	4613	5506	115	90	0.805	3.276E-18	163	215	219	5348	5506	159	5246	5515
335480266	-1	500	1.099E-139	4	23652	26503	1292	86	0.378	1.006E-14	70	199	822	-26503	-26117	387	26656	26015
335480266	-1	500	1.099E-139	4	23652	26503	1302	188	0.594	1.890E-50	196	356	822	-25984	-25505	480	26011	25487
335480266	-1	500	1.099E-139	4	23652	26503	1304	66	0.497	5.488E-10	357	424	822	-25441	-25241	201	25456	25235
335480266	-1	500	1.099E-139	4	23652	26503	1337	227	0.498	5.499E-62	492	734	822	-24383	-23652	732	24476	23595
335518399	1	345	5.021E-93	1	600	2051	34	345	0.409	9.804E-99	294	778	834	600	2051	1452	483	2057
335533483	1	323	2.106E-86	1	597	2048	34	323	0.390	3.537E-91	363	837	964	597	2048	1452	483	2057
335544107	1	185	7.338E-45	1	1128	1916	34	185	0.402	1.097E-44	0	261	262	1128	1916	789	483	2057
335553818	1	410	1.361E-112	3	4613	5506	103	218	1.000	3.813E-62	8	109	219	4613	4918	306	4565	4918
335553818	1	410	1.361E-112	3	4613	5506	112	107	0.841	1.961E-24	107	166	219	5118	5297	180	5118	5324
335553818	1	410	1.361E-112	3	4613	5506	115	90	0.805	3.276E-18	163	215	219	5348	5506	159	5246	5515
335556061	-1	795	1.727E-228	6	23323	26506	1292	138	0.459	1.459E-32	34	196	821	-26506	-26033	474	26656	26015
335556061	-1	795	1.727E-228	6	23323	26506	1302	160	0.528	9.812E-41	195	352	821	-25978	-25508	471	26011	25487
335556061	-1	795	1.727E-228	6	23323	26506	1304	66	0.505	3.993E-10	353	419	821	-25444	-25244	201	25456	25235
335556061	-1	795	1.727E-228	6	23323	26506	1323	45	0.403	4.918E-03	423	482	821	-24643	-24464	180	24643	24458
335556061	-1	795	1.727E-228	6	23323	26506	1337	263	0.552	3.057E-74	486	733	821	-24386	-23652	735	24476	23595
335556061	-1	795	1.727E-228	6	23323	26506	1341	124	0.690	5.304E-30	733	820	821	-23586	-23323	264	23598	23323
335572798	1	159	4.924E-37	1	1566	2048	34	159	0.518	3.974E-36	83	243	269	1566	2048	483	483	2057
335655432	1	214	1.367E-53	1	4607	4915	103	214	0.976	8.985E-61	0	102	103	4607	4915	309	4565	4918
335669239	1	190	2.293E-46	3	20000	20856	456	39	0.483	2.853E-01	1	33	225	20000	20119	120	20000	20122
335669239	1	190	2.293E-46	3	20000	20856	475	150	0.750	1.794E-36	68	163	225	20436	20726	291	20433	21131
335669239	1	190	2.293E-46	3	20000	20856	471	33	0.718	1.010E+01	165	185	225	20794	20856	63	20782	20856
335714160	1	183	2.935E-44	1	1371	2003	34	183	0.469	6.657E-44	3	213	286	1371	2003	633	483	2057
335714471	1	111	1.386E-22	1	1662	1967	34	111	0.558	5.917E-21	9	110	136	1662	1967	306	483	2057
335715269	1	202	5.598E-50	1	1428	2057	34	202	0.510	1.875E-50	179	388	392	1428	2057	630	483	2057
335715351	1	113	3.465E-23	1	1653	1964	34	113	0.557	1.417E-21	19	122	204	1653	1964	312	483	2057
335758749	-1	563	1.192E-158	4	23323	25957	1302	163	0.557	5.764E-42	235	385	854	-25957	-25508	450	26011	25487
335758749	-1	563	1.192E-158	4	23323	25957	1304	66	0.503	5.488E-10	386	452	854	-25444	-25244	201	25456	25235
335758749	-1	563	1.192E-158	4	23323	25957	1337	267	0.559	1.325E-75	519	766	854	-24386	-23652	735	24476	23595
335758749	-1	563	1.192E-158	4	23323	25957	1341	130	0.717	6.305E-32	766	853	854	-23586	-23323	264	23598	23323
341324432	-1	530	1.024E-148	4	23323	26479	1292	125	0.443	3.236E-28	156	310	936	-26479	-26033	447	26656	26015
341324432	-1	530	1.024E-148	4	23323	26479	1302	151	0.501	1.000E-37	309	467	936	-25978	-25505	474	26011	25487
341324432	-1	530	1.024E-148	4	23323	26479	1337	256	0.537	6.338E-72	599	848	936	-24389	-23652	738	24476	23595
341324432	-1	530	1.024E-148	4	23323	26479	1341	128	0.711	1.630E-31	848	935	936	-23586	-23323	264	23598	23323
341585411	1	313	2.156E-83	1	597	1991	34	313	0.391	6.060E-88	370	837	862	597	1991	1395	483	2057
341678221	-1	219	4.271E-55	2	23631	25984	1302	152	0.498	3.890E-38	183	344	808	-25984	-25505	480	26011	25487
341678221	-1	219	4.271E-55	2	23631	25984	1337	201	0.443	3.736E-53	480	731	808	-24374	-23631	744	24476	23595
342371948	1	421	6.645E-116	3	4613	5509	103	222	1.000	2.220E-63	8	109	218	4613	4918	306	4565	4918
342371948	1	421	6.645E-116	3	4613	5509	112	106	0.832	5.078E-24	107	166	218	5118	5297	180	5118	5324
342371948	1	421	6.645E-116	3	4613	5509	115	98	0.857	4.216E-21	163	216	218	5348	5509	162	5246	5515
343314533	1	344	1.004E-92	1	579	2051	34	344	0.402	2.492E-98	442	936	957	579	2051	1473	483	2057
344062109	-1	407	1.089E-111	3	23652	25993	1302	162	0.522	1.082E-41	214	376	837	-25993	-25508	486	26011	25487
344062109	-1	407	1.089E-111	3	23652	25993	1304	64	0.487	1.958E-09	377	444	837	-25444	-25241	204	25456	25235
344062109	-1	407	1.089E-111	3	23652	25993	1337	244	0.526	5.650E-68	510	749	837	-24386	-23652	735	24476	23595
344549390	1	346	2.510E-93	1	597	2051	34	346	0.410	2.825E-99	17	500	520	597	2051	1455	483	2057
344943040	1	400	1.394E-109	3	4613	5491	103	220	1.000	5.727E-63	8	109	219	4613	4918	306	4565	4918
344943040	1	400	1.394E-109	3	4613	5491	112	109	0.855	4.017E-25	107	166	219	5118	5297	180	5118	5324
344943040	1	400	1.394E-109	3	4613	5491	115	76	0.751	2.968E-13	163	210	219	5348	5491	144	5246	5515
345005152	1	386	2.283E-105	3	4613	5506	103	215	0.989	3.482E-61	8	109	221	4613	4918	306	4565	4918
345005152	1	386	2.283E-105	3	4613	5506	112	100	0.750	4.308E-22	107	170	221	5118	5309	192	5118	5324
345005152	1	386	2.283E-105	3	4613	5506	115	80	0.725	9.069E-15	163	215	221	5348	5506	159	5246	5515
345514284	1	278	7.409E-73	1	990	2051	34	278	0.436	4.056E-76	84	440	460	990	2051	1062	483	2057
345571077	1	403	1.742E-110	3	4613	5506	103	214	0.986	6.551E-61	8	109	219	4613	4918	306	4565	4918
345571077	1	403	1.742E-110	3	4613	5506	112	105	0.829	6.974E-24	107	166	219	5118	5297	180	5118	5324
345571077	1	403	1.742E-110	3	4613	5506	115	89	0.798	6.176E-18	163	215	219	5348	5506	159	5246	5515
346433239	-1	658	3.009E-187	5	23323	26527	1292	207	0.632	1.992E-56	93	257	883	-26527	-26033	495	26656	26015
346433239	-1	658	3.009E-187	5	23323	26527	1304	73	0.544	1.307E-12	416	483	883	-25444	-25241	204	25456	25235
346433239	-1	658	3.009E-187	5	23323	26527	1323	69	0.633	2.412E-11	493	545	883	-24622	-24464	159	24643	24458
346433239	-1	658	3.009E-187	5	23323	26527	1337	333	0.650	1.567E-98	548	805	883	-24389	-23625	765	24476	23595
346433239	-1	658	3.009E-187	5	23323	26527	1341	150	0.816	4.489E-39	795	882	883	-23586	-23323	264	23598	23323
347201996	1	179	4.696E-43	2	20436	21031	475	143	0.721	3.645E-34	76	171	232	20436	20726	291	20433	21131
347201996	1	179	4.696E-43	2	20436	21031	473	57	0.776	1.209E-07	194	227	232	20930	21031	102	20924	21031
347236189	-1	395	4.459E-108	3	23652	26512	1292	122	0.415	5.377E-27	112	275	897	-26512	-26033	480	26656	26015
347236189	-1	395	4.459E-108	3	23652	26512	1302	148	0.494	1.241E-36	274	432	897	-25978	-25508	471	26011	25487
347236189	-1	395	4.459E-108	3	23652	26512	1337	258	0.547	1.807E-72	566	809	897	-24389	-23652	738	24476	23595
347684635	1	398	5.574E-109	3	4613	5506	103	216	0.992	1.851E-61	8	109	218	4613	4918	306	4565	4918
347684635	1	398	5.574E-109	3	4613	5506	112	104	0.818	2.480E-23	107	166	218	5118	5297	180	5118	5324
347684635	1	398	5.574E-109	3	4613	5506	115	83	0.747	9.854E-16	163	215	218	5348	5506	159	5246	5515
348411039	1	403	1.742E-110	3	4613	5497	103	218	1.000	2.780E-62	8	109	219	4613	4918	306	4565	4918
348411039	1	403	1.742E-110	3	4613	5497	112	110	0.863	1.552E-25	107	166	219	5118	5297	180	5118	5324
348411039	1	403	1.742E-110	3	4613	5497	115	80	0.759	1.245E-14	163	212	219	5348	5497	150	5246	5515
349274811	1	186	3.669E-45	3	20033	21031	456	36	0.565	3.736E+00	13	42	232	20033	20119	87	20000	20122
349274811	1	186	3.669E-45	3	20033	21031	475	144	0.670	2.667E-34	78	183	232	20436	20744	309	20433	21131
349274811	1	186	3.669E-45	3	20033	21031	473	51	0.711	7.671E-06	196	229	232	20930	21031	102	20924	21031
349708029	1	151	1.261E-34	2	20006	20744	456	42	0.590	2.189E-02	1	34	232	20006	20104	99	20000	20122
349708029	1	151	1.261E-34	2	20006	20744	475	147	0.688	2.188E-35	74	178	232	20439	20744	306	20433	21131
349722817	1	176	3.757E-42	3	20024	21031	456	35	0.517	5.155E+00	8	40	238	20024	20119	96	20000	20122
349722817	1	176	3.757E-42	3	20024	21031	475	134	0.653	4.788E-31	73	174	238	20436	20738	303	20433	21131
349722817	1	176	3.757E-42	3	20024	21031	473	53	0.736	1.554E-06	191	224	238	20930	21031	102	20924	21031
349772775	1	412	3.402E-113	3	4613	5509	103	218	1.000	2.780E-62	8	109	219	4613	4918	306	4565	4918
349772775	1	412	3.402E-113	3	4613	5509	112	105	0.829	6.974E-24	107	166	219	5118	5297	180	5118	5324
349772775	1	412	3.402E-113	3	4613	5509	115	94	0.823	1.377E-19	163	216	219	5348	5509	162	5246	5515
349775101	1	380	1.461E-103	3	4613	5509	103	207	0.955	2.652E-58	8	109	219	4613	4918	306	4565	4918
349775101	1	380	1.461E-103	3	4613	5509	112	99	0.784	1.116E-21	107	166	219	5118	5297	180	5118	5324
349775101	1	380	1.461E-103	3	4613	5509	115	79	0.707	1.710E-14	163	216	219	5348	5509	162	5246	5515
349783853	1	243	2.546E-62	4	20027	21028	456	38	0.588	3.933E-01	3	33	224	20027	20119	93	20000	20122
349783853	1	243	2.546E-62	4	20027	21028	475	148	0.746	1.171E-35	68	162	224	20439	20726	288	20433	21131
349783853	1	243	2.546E-62	4	20027	21028	471	33	0.718	1.010E+01	164	184	224	20794	20856	63	20782	20856
349783853	1	243	2.546E-62	4	20027	21028	473	54	0.766	8.205E-07	185	217	224	20930	21028	99	20924	21031
349802150	1	154	1.576E-35	2	20045	20726	456	35	0.652	5.155E+00	18	42	232	20045	20119	75	20000	20122
349802150	1	154	1.576E-35	2	20045	20726	475	153	0.767	2.746E-37	78	172	232	20439	20726	288	20433	21131
349804506	1	154	1.576E-35	2	20045	20726	456	35	0.652	5.155E+00	18	42	230	20045	20119	75	20000	20122
349804506	1	154	1.576E-35	2	20045	20726	475	153	0.767	2.746E-37	78	172	230	20439	20726	288	20433	21131
349831924	1	79	5.953E-13	1	5348	5473	115	79	0.873	3.224E-14	10	51	52	5348	5473	126	5246	5515
349877281	1	405	4.355E-111	3	4613	5506	103	214	0.986	6.551E-61	8	109	219	4613	4918	306	4565	4918
349877281	1	405	4.355E-111	3	4613	5506	112	105	0.829	6.974E-24	107	166	219	5118	5297	180	5118	5324
349877281	1	405	4.355E-111	3	4613	5506	115	91	0.808	2.386E-18	163	215	219	5348	5506	159	5246	5515
349897795	1	177	1.878E-42	2	5136	5506	112	99	0.811	8.125E-22	0	57	106	5136	5309	174	5118	5324
349897795	1	177	1.878E-42	2	5136	5506	115	85	0.763	2.019E-16	50	102	106	5348	5506	159	5246	5515
349924432	1	395	4.459E-108	3	4613	5497	103	217	0.997	7.173E-62	8	109	219	4613	4918	306	4565	4918
349924432	1	395	4.459E-108	3	4613	5497	112	101	0.798	2.284E-22	107	166	219	5118	5297	180	5118	5324
349924432	1	395	4.459E-108	3	4613	5497	115	82	0.776	2.551E-15	163	212	219	5348	5497	150	5246	5515
349957598	1	406	2.177E-111	3	4610	5506	103	216	0.984	1.851E-61	17	119	229	4610	4918	309	4565	4918
349957598	1	406	2.177E-111	3	4610	5506	112	103	0.815	3.405E-23	117	176	229	5118	5297	180	5118	5324
349957598	1	406	2.177E-111	3	4610	5506	115	92	0.817	9.220E-19	173	225	229	5348	5506	159	5246	5515
349987885	-1	271	9.484E-71	5	23323	26506	1292	139	0.472	4.169E-33	91	249	876	-26506	-26033	474	26656	26015
349987885	-1	271	9.484E-71	5	23323	26506	1302	166	0.528	8.708E-43	242	405	876	-25996	-25508	489	26011	25487
349987885	-1	271	9.484E-71	5	23323	26506	1304	63	0.482	3.700E-09	406	473	876	-25444	-25241	204	25456	25235
349987885	-1	271	9.484E-71	5	23323	26506	1323	46	0.465	3.572E-03	484	533	876	-24622	-24473	150	24643	24458
349987885	-1	271	9.484E-71	5	23323	26506	1341	123	0.685	1.371E-29	788	875	876	-23586	-23323	264	23598	23323
350075117	1	408	5.443E-112	3	4613	5506	103	218	0.999	5.230E-62	8	109	219	4613	4918	306	4565	4918
350075117	1	408	5.443E-112	3	4613	5506	112	107	0.841	1.961E-24	107	166	219	5118	5297	180	5118	5324
350075117	1	408	5.443E-112	3	4613	5506	115	88	0.786	2.195E-17	163	215	219	5348	5506	159	5246	5515
350089584	1	209	4.374E-52	1	4613	4918	103	209	0.961	7.493E-59	8	109	125	4613	4918	306	4565	4918
350090051	1	394	8.918E-108	3	4613	5491	103	220	1.000	5.727E-63	8	109	219	4613	4918	306	4565	4918
350090051	1	394	8.918E-108	3	4613	5491	112	105	0.829	6.974E-24	107	166	219	5118	5297	180	5118	5324
350090051	1	394	8.918E-108	3	4613	5491	115	74	0.730	1.990E-12	163	210	219	5348	5491	144	5246	5515
350111406	1	55	9.988E-06	1	13665	13820	319	55	0.526	3.379E-06	24	74	75	13665	13820	156	13611	13820
350113590	1	118	1.083E-24	1	1644	2000	34	118	0.516	6.058E-23	2	120	137	1644	2000	357	483	2057
350206675	-1	470	1.180E-130	4	23658	26527	1292	122	0.412	5.377E-27	13	178	795	-26527	-26033	495	26656	26015
350206675	-1	470	1.180E-130	4	23658	26527	1302	142	0.469	1.393E-34	172	334	795	-25993	-25508	486	26011	25487
350206675	-1	470	1.180E-130	4	23658	26527	1323	35	0.359	2.036E+01	412	464	795	-24622	-24464	159	24643	24458
350206675	-1	470	1.180E-130	4	23658	26527	1337	254	0.546	3.042E-71	468	705	795	-24386	-23658	729	24476	23595
350229606	1	132	6.609E-29	1	1359	1862	34	132	0.431	2.474E-27	36	204	218	1359	1862	504	483	2057
350231353	1	150	2.521E-34	1	1314	1922	34	150	0.416	2.644E-33	73	274	280	1314	1922	609	483	2057
350257330	1	196	3.583E-48	1	1314	2003	34	196	0.464	3.208E-48	20	249	259	1314	2003	690	483	2057
350296206	1	250	1.989E-64	1	597	1856	34	250	0.359	2.342E-66	220	638	642	597	1856	1260	483	2057
350301009	-1	838	1.963E-241	6	23323	26527	1292	139	0.438	5.702E-33	108	282	905	-26527	-26033	495	26656	26015
350301009	-1	838	1.963E-241	6	23323	26527	1302	172	0.561	5.635E-45	281	438	905	-25978	-25508	471	26011	25487
350301009	-1	838	1.963E-241	6	23323	26527	1304	72	0.556	3.391E-12	439	503	905	-25444	-25250	195	25456	25235
350301009	-1	838	1.963E-241	6	23323	26527	1323	52	0.496	2.154E-05	515	567	905	-24622	-24464	159	24643	24458
350301009	-1	838	1.963E-241	6	23323	26527	1337	285	0.594	5.163E-82	572	817	905	-24383	-23652	732	24476	23595
350301009	-1	838	1.963E-241	6	23323	26527	1341	128	0.707	3.070E-31	817	904	905	-23586	-23323	264	23598	23323
353764758	1	263	2.428E-68	1	615	1928	34	263	0.361	9.190E-71	151	580	582	615	1928	1314	483	2057
356264613	1	348	6.276E-94	1	600	2051	34	348	0.410	5.963E-100	269	755	776	600	2051	1452	483	2057
356447499	-1	366	2.394E-99	3	25241	26506	1292	133	0.443	6.233E-31	83	247	533	-26506	-26027	480	26656	26015
356447499	-1	366	2.394E-99	3	25241	26506	1302	172	0.561	5.635E-45	244	401	533	-25978	-25508	471	26011	25487
356447499	-1	366	2.394E-99	3	25241	26506	1304	63	0.479	5.085E-09	402	469	533	-25444	-25241	204	25456	25235
356875581	1	410	1.361E-112	3	4613	5506	103	218	0.999	5.230E-62	8	109	219	4613	4918	306	4565	4918
356875581	1	410	1.361E-112	3	4613	5506	112	107	0.841	1.961E-24	107	166	219	5118	5297	180	5118	5324
356875581	1	410	1.361E-112	3	4613	5506	115	90	0.801	4.498E-18	163	215	219	5348	5506	159	5246	5515
356941440	1	391	7.135E-107	3	4613	5500	103	216	0.992	1.851E-61	8	109	219	4613	4918	306	4565	4918
356941440	1	391	7.135E-107	3	4613	5500	112	101	0.801	1.663E-22	107	166	219	5118	5297	180	5118	5324
356941440	1	391	7.135E-107	3	4613	5500	115	79	0.743	1.710E-14	163	213	219	5348	5500	153	5246	5515
357128231	1	405	4.355E-111	3	4613	5506	103	214	0.986	6.551E-61	8	109	219	4613	4918	306	4565	4918
357128231	1	405	4.355E-111	3	4613	5506	112	105	0.829	6.974E-24	107	166	219	5118	5297	180	5118	5324
357128231	1	405	4.355E-111	3	4613	5506	115	91	0.808	2.386E-18	163	215	219	5348	5506	159	5246	5515
357154579	1	406	2.177E-111	3	4613	5506	103	220	1.000	7.855E-63	8	109	219	4613	4918	306	4565	4918
357154579	1	406	2.177E-111	3	4613	5506	112	102	0.810	6.422E-23	107	166	219	5118	5297	180	5118	5324
357154579	1	406	2.177E-111	3	4613	5506	115	89	0.792	1.164E-17	163	215	219	5348	5506	159	5246	5515
357205487	1	361	7.661E-98	1	597	2051	34	361	0.423	2.061E-104	119	601	619	597	2051	1455	483	2057
358009340	1	303	2.208E-80	2	4613	5297	103	206	0.950	6.844E-58	8	109	215	4613	4918	306	4565	4918
358009340	1	303	2.208E-80	2	4613	5297	112	99	0.784	1.116E-21	107	166	215	5118	5297	180	5118	5324
358163838	1	424	8.306E-117	3	4613	5509	103	220	1.000	1.077E-62	8	109	218	4613	4918	306	4565	4918
358163838	1	424	8.306E-117	3	4613	5509	112	109	0.791	2.131E-25	107	170	218	5118	5315	198	5118	5324
358163838	1	424	8.306E-117	3	4613	5509	115	104	0.904	3.637E-23	163	216	218	5348	5509	162	5246	5515
358675112	-1	797	4.317E-229	6	23323	26506	1292	136	0.467	6.975E-32	107	263	888	-26506	-26036	471	26656	26015
358675112	-1	797	4.317E-229	6	23323	26506	1302	168	0.570	1.803E-43	271	421	888	-25954	-25502	453	26011	25487
358675112	-1	797	4.317E-229	6	23323	26506	1304	64	0.484	1.425E-09	420	488	888	-25444	-25238	207	25456	25235
358675112	-1	797	4.317E-229	6	23323	26506	1323	42	0.410	6.358E-02	497	550	888	-24622	-24461	162	24643	24458
358675112	-1	797	4.317E-229	6	23323	26506	1337	265	0.555	6.365E-75	553	800	888	-24386	-23652	735	24476	23595
358675112	-1	797	4.317E-229	6	23323	26506	1341	134	0.738	1.938E-33	800	887	888	-23586	-23323	264	23598	23323
358735814	1	242	5.092E-62	1	975	2051	34	242	0.389	1.082E-63	0	361	381	975	2051	1077	483	2057
359727056	1	348	6.276E-94	1	597	2051	34	348	0.410	8.139E-100	133	619	637	597	2051	1455	483	2057
360639903	1	216	3.417E-54	1	600	1691	34	216	0.358	3.353E-55	90	454	503	600	1691	1092	483	2057
360790739	1	283	2.315E-74	1	966	2051	34	283	0.436	1.358E-77	5	367	382	966	2051	1086	483	2057
360946966	-1	596	1.387E-168	4	23652	26491	1292	132	0.461	1.593E-30	130	284	904	-26491	-26027	465	26656	26015
360946966	-1	596	1.387E-168	4	23652	26491	1302	186	0.599	6.668E-50	281	438	904	-25978	-25508	471	26011	25487
360946966	-1	596	1.387E-168	4	23652	26491	1304	63	0.494	6.990E-09	439	503	904	-25444	-25250	195	25456	25235
360946966	-1	596	1.387E-168	4	23652	26491	1337	253	0.494	5.697E-71	542	816	904	-24467	-23652	816	24476	23595
361593518	-1	282	4.631E-74	5	23323	26506	1292	127	0.439	9.273E-29	91	249	877	-26506	-26033	474	26656	26015
361593518	-1	282	4.631E-74	5	23323	26506	1302	169	0.538	3.731E-44	242	405	877	-25996	-25508	489	26011	25487
361593518	-1	282	4.631E-74	5	23323	26506	1304	74	0.562	6.922E-13	406	471	877	-25444	-25247	198	25456	25235
361593518	-1	282	4.631E-74	5	23323	26506	1323	47	0.479	9.947E-04	484	533	877	-24622	-24473	150	24643	24458
361593518	-1	282	4.631E-74	5	23323	26506	1341	134	0.740	1.413E-33	789	876	877	-23586	-23323	264	23598	23323
361857303	1	421	6.645E-116	3	4613	5509	103	220	1.000	5.727E-63	23	124	233	4613	4918	306	4565	4918
361857303	1	421	6.645E-116	3	4613	5509	112	106	0.835	3.698E-24	122	181	233	5118	5297	180	5118	5324
361857303	1	421	6.645E-116	3	4613	5509	115	100	0.870	1.187E-21	178	231	233	5348	5509	162	5246	5515
362382482	1	159	4.924E-37	2	20048	20726	456	38	0.707	3.933E-01	16	40	227	20048	20119	72	20000	20122
362382482	1	159	4.924E-37	2	20048	20726	475	152	0.759	3.755E-37	73	168	227	20436	20726	291	20433	21131
362426476	1	246	3.182E-63	1	558	1850	34	246	0.349	3.709E-65	176	607	610	558	1850	1293	483	2057
362859062	1	404	8.709E-111	3	4613	5506	103	214	0.986	6.551E-61	8	109	219	4613	4918	306	4565	4918
362859062	1	404	8.709E-111	3	4613	5506	112	105	0.829	6.974E-24	107	166	219	5118	5297	180	5118	5324
362859062	1	404	8.709E-111	3	4613	5506	115	90	0.801	4.498E-18	163	215	219	5348	5506	159	5246	5515
363128576	1	403	1.742E-110	3	4613	5506	103	214	0.986	6.551E-61	8	109	219	4613	4918	306	4565	4918
363128576	1	403	1.742E-110	3	4613	5506	112	105	0.829	6.974E-24	107	166	219	5118	5297	180	5118	5324
363128576	1	403	1.742E-110	3	4613	5506	115	89	0.795	8.479E-18	163	215	219	5348	5506	159	5246	5515
363810379	1	166	3.847E-39	2	20439	21028	475	133	0.682	1.221E-30	76	170	248	20439	20726	288	20433	21131
363810379	1	166	3.847E-39	2	20439	21028	473	54	0.766	8.205E-07	193	225	248	20930	21028	99	20924	21031
363851692	1	178	9.392E-43	3	20021	21031	456	39	0.564	2.853E-01	7	39	229	20021	20119	99	20000	20122
363851692	1	178	9.392E-43	3	20021	21031	475	141	0.718	1.738E-33	76	170	229	20439	20726	288	20433	21131
363851692	1	178	9.392E-43	3	20021	21031	473	54	0.741	1.129E-06	193	226	229	20930	21031	102	20924	21031
363906908	1	167	1.924E-39	2	20439	21028	475	136	0.692	1.878E-31	77	171	231	20439	20726	288	20433	21131
363906908	1	167	1.924E-39	2	20439	21028	473	52	0.735	5.574E-06	194	226	231	20930	21028	99	20924	21031
363969132	1	245	6.364E-63	3	20436	21028	475	152	0.759	3.755E-37	72	168	227	20436	20726	291	20433	21131
363969132	1	245	6.364E-63	3	20436	21028	471	38	0.776	2.961E-01	169	190	227	20791	20856	66	20782	20856
363969132	1	245	6.364E-63	3	20436	21028	473	53	0.745	2.943E-06	191	223	227	20930	21028	99	20924	21031
364049670	1	169	4.809E-40	2	20436	21028	475	137	0.693	5.390E-32	74	169	228	20436	20726	291	20433	21131
364049670	1	169	4.809E-40	2	20436	21028	473	53	0.745	2.943E-06	192	224	228	20930	21028	99	20924	21031
364152826	1	175	7.514E-42	2	20463	20856	475	136	0.746	1.878E-31	19	106	175	20463	20726	264	20433	21131
364152826	1	175	7.514E-42	2	20463	20856	471	38	0.776	2.961E-01	107	128	175	20791	20856	66	20782	20856
364302743	1	380	1.461E-103	3	4613	5512	103	210	0.968	2.117E-59	8	109	219	4613	4918	306	4565	4918
364302743	1	380	1.461E-103	3	4613	5512	112	94	0.751	5.027E-20	107	166	219	5118	5297	180	5118	5324
364302743	1	380	1.461E-103	3	4613	5512	115	81	0.712	3.503E-15	163	217	219	5348	5512	165	5246	5515
364321038	-1	417	1.063E-114	3	23323	24622	1323	39	0.385	8.242E-01	370	423	753	-24622	-24461	162	24643	24458
364321038	-1	417	1.063E-114	3	23323	24622	1337	255	0.545	1.187E-71	426	665	753	-24386	-23652	735	24476	23595
364321038	-1	417	1.063E-114	3	23323	24622	1341	124	0.690	5.304E-30	665	752	753	-23586	-23323	264	23598	23323
364371809	-1	245	6.364E-63	1	23673	24386	1337	245	0.539	4.129E-68	37	271	273	-24386	-23673	714	24476	23595
364418214	1	220	2.136E-55	1	4607	4915	103	220	1.000	7.855E-63	0	102	103	4607	4915	309	4565	4918
364428234	1	185	7.338E-45	2	20436	20856	475	150	0.750	1.794E-36	49	144	204	20436	20726	291	20433	21131
364428234	1	185	7.338E-45	2	20436	20856	471	34	0.743	3.855E+00	146	166	204	20794	20856	63	20782	20856
364495680	-1	564	5.959E-159	4	23323	25978	1302	170	0.557	1.987E-44	243	400	869	-25978	-25508	471	26011	25487
364495680	-1	564	5.959E-159	4	23323	25978	1304	70	0.526	1.209E-11	401	468	869	-25444	-25241	204	25456	25235
364495680	-1	564	5.959E-159	4	23323	25978	1337	263	0.553	1.632E-74	534	781	869	-24386	-23652	735	24476	23595
364495680	-1	564	5.959E-159	4	23323	25978	1341	123	0.685	1.371E-29	781	868	869	-23586	-23323	264	23598	23323
364510580	1	405	4.355E-111	3	4601	5506	103	218	0.968	2.780E-62	2	107	218	4601	4918	318	4565	4918
364510580	1	405	4.355E-111	3	4601	5506	112	99	0.787	8.125E-22	105	164	218	5118	5297	180	5118	5324
364510580	1	405	4.355E-111	3	4601	5506	115	93	0.824	4.891E-19	161	213	218	5348	5506	159	5246	5515
364547791	1	182	5.870E-44	2	5139	5506	112	96	0.852	1.028E-20	0	52	105	5139	5297	159	5118	5324
364547791	1	182	5.870E-44	2	5139	5506	115	89	0.795	8.479E-18	49	101	105	5348	5506	159	5246	5515
364559933	1	402	3.484E-110	3	4613	5497	103	217	0.997	7.173E-62	8	109	219	4613	4918	306	4565	4918
364559933	1	402	3.484E-110	3	4613	5497	112	109	0.855	4.017E-25	107	166	219	5118	5297	180	5118	5324
364559933	1	402	3.484E-110	3	4613	5497	115	81	0.773	3.503E-15	163	212	219	5348	5497	150	5246	5515
364616071	1	308	6.900E-82	1	702	2048	34	308	0.397	4.649E-86	238	681	702	702	2048	1347	483	2057
364632225	1	149	5.042E-34	1	1467	2051	34	149	0.427	4.765E-33	0	194	214	1467	2051	585	483	2057
364643874	-1	239	4.073E-61	2	23718	25993	1302	156	0.500	1.219E-39	175	340	701	-25993	-25502	492	26011	25487
364643874	-1	239	4.073E-61	2	23718	25993	1337	213	0.508	5.891E-57	472	688	701	-24383	-23718	666	24476	23595
364650788	-1	156	3.939E-36	3	4601	5297	1775	51	0.451	1.155E-04	36	94	217	-5297	-5121	177	5375	5121
364650788	-1	156	3.939E-36	3	4601	5297	1783	61	0.501	1.793E-08	93	154	217	-4918	-4733	186	4933	4733
364650788	-1	156	3.939E-36	3	4601	5297	1785	46	0.534	5.667E-03	157	198	217	-4726	-4601	126	4729	4514
364655790	1	113	3.465E-23	1	1722	2051	34	113	0.533	1.417E-21	0	109	130	1722	2051	330	483	2057
364659500	1	389	2.854E-106	3	4613	5506	103	216	0.992	1.851E-61	8	109	220	4613	4918	306	4565	4918
364659500	1	389	2.854E-106	3	4613	5506	112	102	0.745	6.422E-23	107	170	220	5118	5315	198	5118	5324
364659500	1	389	2.854E-106	3	4613	5506	115	80	0.722	1.245E-14	163	215	220	5348	5506	159	5246	5515
364683871	1	313	2.156E-83	1	564	2054	34	313	0.375	6.060E-88	38	530	537	564	2054	1491	483	2057
364684864	1	289	3.618E-76	1	597	2048	34	289	0.361	9.676E-80	284	762	775	597	2048	1452	483	2057
364711049	-1	127	2.115E-27	1	23652	23987	1337	127	0.576	1.162E-27	4	115	203	-23987	-23652	336	24476	23595
364764896	1	207	1.749E-51	1	4613	4918	103	207	0.956	1.934E-58	8	109	166	4613	4918	306	4565	4918
364770708	1	414	8.505E-114	3	4613	5506	103	216	0.992	1.851E-61	35	136	246	4613	4918	306	4565	4918
364770708	1	414	8.505E-114	3	4613	5506	112	110	0.866	1.130E-25	134	193	246	5118	5297	180	5118	5324
364770708	1	414	8.505E-114	3	4613	5506	115	93	0.827	3.563E-19	190	242	246	5348	5506	159	5246	5515
364796637	1	319	3.369E-85	1	600	2003	34	319	0.396	7.879E-90	122	588	591	600	2003	1404	483	2057
364822048	-1	668	2.938E-190	5	23323	25978	1302	162	0.536	1.082E-41	248	405	874	-25978	-25508	471	26011	25487
364822048	-1	668	2.938E-190	5	23323	25978	1304	61	0.470	3.430E-08	406	472	874	-25444	-25244	201	25456	25235
364822048	-1	668	2.938E-190	5	23323	25978	1323	51	0.489	4.079E-05	483	535	874	-24622	-24464	159	24643	24458
364822048	-1	668	2.938E-190	5	23323	25978	1337	274	0.571	4.657E-78	539	786	874	-24386	-23652	735	24476	23595
364822048	-1	668	2.938E-190	5	23323	25978	1341	128	0.707	3.070E-31	786	873	874	-23586	-23323	264	23598	23323
370484274	1	294	1.131E-77	1	600	1931	34	294	0.387	1.736E-81	70	515	546	600	1931	1332	483	2057
370869257	1	417	1.063E-114	3	4613	5506	103	224	1.000	4.573E-64	33	134	245	4613	4918	306	4565	4918
370869257	1	417	1.063E-114	3	4613	5506	112	110	0.866	1.130E-25	132	191	245	5118	5297	180	5118	5324
370869257	1	417	1.063E-114	3	4613	5506	115	88	0.786	2.195E-17	188	240	245	5348	5506	159	5246	5515
371162389	1	422	3.322E-116	3	4613	5509	103	219	1.000	1.478E-62	8	109	218	4613	4918	306	4565	4918
371162389	1	422	3.322E-116	3	4613	5509	112	106	0.832	5.078E-24	107	166	218	5118	5297	180	5118	5324
371162389	1	422	3.322E-116	3	4613	5509	115	102	0.882	3.342E-22	163	216	218	5348	5509	162	5246	5515
371789319	1	139	5.163E-31	1	597	1211	34	139	0.391	7.294E-30	66	270	311	597	1211	615	483	2057
372208806	1	356	2.451E-96	1	600	2051	34	356	0.417	1.181E-102	217	703	723	600	2051	1452	483	2057
373122262	1	168	9.618E-40	2	20439	21031	475	135	0.691	2.566E-31	77	171	243	20439	20726	288	20433	21131
373122262	1	168	9.618E-40	2	20439	21031	473	54	0.741	1.129E-06	194	227	243	20930	21031	102	20924	21031
373461523	1	389	2.854E-106	3	4613	5512	103	208	0.960	1.028E-58	8	109	220	4613	4918	306	4565	4918
373461523	1	389	2.854E-106	3	4613	5512	112	99	0.784	1.116E-21	107	166	220	5118	5297	180	5118	5324
373461523	1	389	2.854E-106	3	4613	5512	115	87	0.751	5.681E-17	163	217	220	5348	5512	165	5246	5515
373626331	1	239	4.073E-61	1	1089	2051	34	239	0.417	1.255E-62	39	363	383	1089	2051	963	483	2057
373764241	-1	521	5.242E-146	4	23323	26479	1292	118	0.423	8.917E-26	136	290	914	-26479	-26027	453	26656	26015
373764241	-1	521	5.242E-146	4	23323	26479	1302	147	0.493	1.700E-36	287	445	914	-25978	-25505	474	26011	25487
373764241	-1	521	5.242E-146	4	23323	26479	1337	250	0.514	7.005E-70	569	826	914	-24419	-23652	768	24476	23595
373764241	-1	521	5.242E-146	4	23323	26479	1341	130	0.717	6.305E-32	826	913	914	-23586	-23323	264	23598	23323
374415352	-1	706	1.069E-201	5	23323	25978	1302	184	0.594	3.224E-49	318	475	944	-25978	-25508	471	26011	25487
374415352	-1	706	1.069E-201	5	23323	25978	1304	66	0.508	2.905E-10	476	542	944	-25444	-25244	201	25456	25235
374415352	-1	706	1.069E-201	5	23323	25978	1323	54	0.515	3.175E-06	553	605	944	-24622	-24464	159	24643	24458
374415352	-1	706	1.069E-201	5	23323	25978	1337	276	0.575	7.079E-79	609	856	944	-24386	-23652	735	24476	23595
374415352	-1	706	1.069E-201	5	23323	25978	1341	134	0.740	1.413E-33	856	943	944	-23586	-23323	264	23598	23323
374540932	1	409	2.722E-112	3	4613	5515	103	218	1.000	3.813E-62	8	109	219	4613	4918	306	4565	4918
374540932	1	409	2.722E-112	3	4613	5515	112	103	0.812	4.676E-23	107	166	219	5118	5297	180	5118	5324
374540932	1	409	2.722E-112	3	4613	5515	115	93	0.785	4.891E-19	163	218	219	5348	5515	168	5246	5515
374743230	1	325	5.265E-87	1	615	2048	34	325	0.394	5.492E-92	4	484	505	615	2048	1434	483	2057
374869337	-1	809	1.054E-232	6	23323	26506	1292	144	0.486	1.330E-34	75	232	857	-26506	-26033	474	26656	26015
374869337	-1	809	1.054E-232	6	23323	26506	1302	164	0.561	2.240E-42	238	388	857	-25957	-25508	450	26011	25487
374869337	-1	809	1.054E-232	6	23323	26506	1304	65	0.497	1.037E-09	389	455	857	-25444	-25244	201	25456	25235
374869337	-1	809	1.054E-232	6	23323	26506	1323	51	0.466	5.613E-05	463	518	857	-24631	-24464	168	24643	24458
374869337	-1	809	1.054E-232	6	23323	26506	1337	264	0.554	1.192E-74	522	769	857	-24386	-23652	735	24476	23595
374869337	-1	809	1.054E-232	6	23323	26506	1341	129	0.715	8.654E-32	769	856	857	-23586	-23323	264	23598	23323
375021222	-1	222	5.339E-56	2	23631	25984	1302	151	0.495	1.000E-37	182	343	807	-25984	-25505	480	26011	25487
375021222	-1	222	5.339E-56	2	23631	25984	1337	205	0.449	1.640E-54	479	730	807	-24374	-23631	744	24476	23595
375075577	1	225	6.674E-57	3	20436	21031	475	137	0.691	7.364E-32	80	175	234	20436	20726	291	20433	21131
375075577	1	225	6.674E-57	3	20436	21031	471	31	0.660	9.602E+01	177	197	234	20794	20856	63	20782	20856
375075577	1	225	6.674E-57	3	20436	21031	473	55	0.756	4.334E-07	198	231	234	20930	21031	102	20924	21031
375506611	1	405	4.355E-111	3	4613	5509	103	214	0.986	6.551E-61	8	109	220	4613	4918	306	4565	4918
375506611	1	405	4.355E-111	3	4613	5509	112	105	0.829	6.974E-24	107	166	220	5118	5297	180	5118	5324
375506611	1	405	4.355E-111	3	4613	5509	115	91	0.801	1.266E-18	163	216	220	5348	5509	162	5246	5515
375836989	1	409	2.722E-112	3	4613	5506	103	218	1.000	3.813E-62	8	109	219	4613	4918	306	4565	4918
375836989	1	409	2.722E-112	3	4613	5506	112	104	0.821	1.806E-23	107	166	219	5118	5297	180	5118	5324
375836989	1	409	2.722E-112	3	4613	5506	115	92	0.817	9.220E-19	163	215	219	5348	5506	159	5246	5515
376027204	1	234	1.303E-59	1	1092	2051	34	234	0.412	3.639E-61	40	363	383	1092	2051	960	483	2057
376090577	1	397	1.115E-108	3	4613	5509	103	218	1.000	2.780E-62	8	109	219	4613	4918	306	4565	4918
376090577	1	397	1.115E-108	3	4613	5509	112	102	0.745	6.422E-23	107	170	219	5118	5315	198	5118	5324
376090577	1	397	1.115E-108	3	4613	5509	115	86	0.757	1.071E-16	163	216	219	5348	5509	162	5246	5515
376249817	1	256	3.108E-66	1	978	2051	34	256	0.409	1.717E-68	2	358	379	978	2051	1074	483	2057
376507439	1	379	2.922E-103	3	4613	5512	103	207	0.955	2.652E-58	8	109	220	4613	4918	306	4565	4918
376507439	1	379	2.922E-103	3	4613	5512	112	98	0.782	1.532E-21	107	166	220	5118	5297	180	5118	5324
376507439	1	379	2.922E-103	3	4613	5512	115	79	0.693	2.348E-14	163	217	220	5348	5512	165	5246	5515
376619304	-1	862	1.170E-248	6	23323	26470	1292	169	0.588	1.858E-43	139	285	910	-26470	-26033	438	26656	26015
376619304	-1	862	1.170E-248	6	23323	26470	1302	165	0.527	1.193E-42	279	442	910	-25993	-25508	486	26011	25487
376619304	-1	862	1.170E-248	6	23323	26470	1304	66	0.514	2.905E-10	443	508	910	-25444	-25247	198	25456	25235
376619304	-1	862	1.170E-248	6	23323	26470	1323	64	0.594	1.100E-09	520	572	910	-24622	-24464	159	24643	24458
376619304	-1	862	1.170E-248	6	23323	26470	1337	273	0.569	1.195E-77	575	822	910	-24389	-23652	738	24476	23595
376619304	-1	862	1.170E-248	6	23323	26470	1341	138	0.755	1.123E-34	822	909	910	-23586	-23323	264	23598	23323
377946712	1	351	7.845E-95	1	597	2048	34	351	0.413	4.947E-101	324	810	831	597	2048	1452	483	2057
378463992	1	218	8.542E-55	4	20027	21028	456	36	0.555	2.708E+00	10	40	337	20027	20119	93	20000	20122
378463992	1	218	8.542E-55	4	20027	21028	475	139	0.650	1.546E-32	76	181	337	20436	20744	309	20433	21131
378463992	1	218	8.542E-55	4	20027	21028	471	31	0.650	5.044E+01	172	193	337	20791	20856	66	20782	20856
378463992	1	218	8.542E-55	4	20027	21028	473	53	0.755	1.554E-06	194	226	337	20930	21028	99	20924	21031
378578772	1	172	6.011E-41	3	20027	20856	456	40	0.589	1.501E-01	3	34	220	20027	20119	93	20000	20122
378578772	1	172	6.011E-41	3	20027	20856	475	139	0.673	1.132E-32	68	169	220	20439	20738	300	20433	21131
378578772	1	172	6.011E-41	3	20027	20856	471	31	0.677	5.044E+01	163	183	220	20794	20856	63	20782	20856
378711609	1	172	6.011E-41	2	20436	21028	475	139	0.702	1.132E-32	68	163	219	20436	20726	291	20433	21131
378711609	1	172	6.011E-41	2	20436	21028	473	54	0.760	1.129E-06	186	218	219	20930	21028	99	20924	21031
378867279	-1	131	1.322E-28	1	26033	26506	1292	131	0.449	4.071E-30	103	261	266	-26506	-26033	474	26656	26015
378867349	1	244	1.273E-62	4	20027	21028	456	38	0.588	3.933E-01	3	33	224	20027	20119	93	20000	20122
378867349	1	244	1.273E-62	4	20027	21028	475	148	0.746	1.171E-35	68	162	224	20439	20726	288	20433	21131
378867349	1	244	1.273E-62	4	20027	21028	471	34	0.726	7.328E+00	164	184	224	20794	20856	63	20782	20856
378867349	1	244	1.273E-62	4	20027	21028	473	54	0.766	8.205E-07	185	217	224	20930	21028	99	20924	21031
378883507	1	307	1.380E-81	2	4613	5297	103	214	0.983	1.232E-60	8	109	215	4613	4918	306	4565	4918
378883507	1	307	1.380E-81	2	4613	5297	112	95	0.759	1.940E-20	107	166	215	5118	5297	180	5118	5324
378931515	1	411	6.804E-113	3	4613	5509	103	220	1.000	1.077E-62	8	109	219	4613	4918	306	4565	4918
378931515	1	411	6.804E-113	3	4613	5509	112	105	0.829	6.974E-24	107	166	219	5118	5297	180	5118	5324
378931515	1	411	6.804E-113	3	4613	5509	115	91	0.801	1.266E-18	163	216	219	5348	5509	162	5246	5515
378935420	1	413	1.701E-113	3	4613	5509	103	220	1.000	7.855E-63	8	109	219	4613	4918	306	4565	4918
378935420	1	413	1.701E-113	3	4613	5509	112	104	0.824	1.315E-23	107	166	219	5118	5297	180	5118	5324
378935420	1	413	1.701E-113	3	4613	5509	115	94	0.826	1.003E-19	163	216	219	5348	5509	162	5246	5515
378950760	1	414	8.505E-114	3	4613	5497	103	219	1.000	2.027E-62	8	109	218	4613	4918	306	4565	4918
378950760	1	414	8.505E-114	3	4613	5497	112	106	0.835	3.698E-24	107	166	218	5118	5297	180	5118	5324
378950760	1	414	8.505E-114	3	4613	5497	115	94	0.884	1.003E-19	163	212	218	5348	5497	150	5246	5515
378982612	1	404	8.709E-111	3	4613	5497	103	216	0.992	1.851E-61	49	150	261	4613	4918	306	4565	4918
378982612	1	404	8.709E-111	3	4613	5497	112	104	0.821	1.806E-23	148	207	261	5118	5297	180	5118	5324
378982612	1	404	8.709E-111	3	4613	5497	115	89	0.840	6.176E-18	204	253	261	5348	5497	150	5246	5515
378990303	-1	242	5.092E-62	2	25277	25978	1302	174	0.567	8.509E-46	2	159	217	-25978	-25508	471	26011	25487
378990303	-1	242	5.092E-62	2	25277	25978	1304	67	0.589	2.114E-10	160	215	217	-25444	-25277	168	25456	25235
379005495	1	211	1.093E-52	1	4613	4915	103	211	0.978	1.544E-59	0	100	101	4613	4915	303	4565	4918
379067477	1	401	6.968E-110	3	4613	5497	103	218	1.000	3.813E-62	8	109	218	4613	4918	306	4565	4918
379067477	1	401	6.968E-110	3	4613	5497	112	107	0.843	1.428E-24	107	166	218	5118	5297	180	5118	5324
379067477	1	401	6.968E-110	3	4613	5497	115	81	0.766	6.604E-15	163	212	218	5348	5497	150	5246	5515
379090002	-1	536	1.600E-150	4	23323	25978	1302	173	0.564	2.190E-45	225	382	851	-25978	-25508	471	26011	25487
379090002	-1	536	1.600E-150	4	23323	25978	1323	50	0.483	7.724E-05	460	512	851	-24622	-24464	159	24643	24458
379090002	-1	536	1.600E-150	4	23323	25978	1337	264	0.555	8.712E-75	516	763	851	-24386	-23652	735	24476	23595
379090002	-1	536	1.600E-150	4	23323	25978	1341	126	0.698	1.495E-30	763	850	851	-23586	-23323	264	23598	23323
379147355	1	337	1.285E-90	1	597	2042	34	337	0.398	4.922E-96	178	668	753	597	2042	1446	483	2057
379155851	1	87	2.325E-15	1	5348	5506	115	87	0.782	3.013E-17	49	101	106	5348	5506	159	5246	5515
379157160	1	217	1.708E-54	1	4607	4915	103	217	0.987	9.839E-62	0	102	103	4607	4915	309	4565	4918
379158099	1	184	1.468E-44	1	1428	1976	34	184	0.529	1.482E-44	5	187	270	1428	1976	549	483	2057
379206685	1	208	8.747E-52	1	4613	4918	103	208	0.960	1.028E-58	8	109	116	4613	4918	306	4565	4918
379225565	1	264	1.214E-68	1	597	1838	34	264	0.377	3.649E-71	172	583	625	597	1838	1242	483	2057
379248156	1	415	4.253E-114	3	4613	5515	103	216	0.991	2.539E-61	8	109	219	4613	4918	306	4565	4918
379248156	1	415	4.253E-114	3	4613	5515	112	96	0.768	7.488E-21	107	166	219	5118	5297	180	5118	5324
379248156	1	415	4.253E-114	3	4613	5515	115	108	0.905	1.531E-24	163	218	219	5348	5515	168	5246	5515
379276812	1	188	9.172E-46	2	5118	5506	112	104	0.821	1.806E-23	10	69	122	5118	5297	180	5118	5324
379276812	1	188	9.172E-46	2	5118	5506	115	87	0.779	4.137E-17	66	118	122	5348	5506	159	5246	5515
379306010	1	192	5.733E-47	2	5118	5506	112	103	0.812	4.676E-23	32	91	144	5118	5297	180	5118	5324
379306010	1	192	5.733E-47	2	5118	5506	115	92	0.821	6.715E-19	88	140	144	5348	5506	159	5246	5515
379340729	1	183	2.935E-44	1	1077	2027	34	183	0.351	3.651E-44	0	241	242	1077	2027	951	483	2057
379376633	1	243	2.546E-62	3	20436	21028	475	152	0.757	5.133E-37	73	168	229	20436	20726	291	20433	21131
379376633	1	243	2.546E-62	3	20436	21028	471	33	0.681	1.393E+01	169	190	229	20791	20856	66	20782	20856
379376633	1	243	2.546E-62	3	20436	21028	473	56	0.786	2.289E-07	191	223	229	20930	21028	99	20924	21031
385733054	1	403	1.742E-110	3	4613	5506	103	221	1.000	3.044E-63	8	109	220	4613	4918	306	4565	4918
385733054	1	403	1.742E-110	3	4613	5506	112	108	0.800	1.040E-24	107	170	220	5118	5309	192	5118	5324
385733054	1	403	1.742E-110	3	4613	5506	115	83	0.744	1.353E-15	163	215	220	5348	5506	159	5246	5515
386124729	1	404	8.709E-111	3	4613	5506	103	216	0.991	2.539E-61	8	109	219	4613	4918	306	4565	4918
386124729	1	404	8.709E-111	3	4613	5506	112	106	0.832	5.078E-24	107	166	219	5118	5297	180	5118	5324
386124729	1	404	8.709E-111	3	4613	5506	115	87	0.782	3.013E-17	163	215	219	5348	5506	159	5246	5515
386187052	-1	147	2.017E-33	1	23652	24074	1337	147	0.522	2.307E-34	21	167	210	-24074	-23652	423	24476	23595
386980683	-1	390	1.427E-106	3	23604	25978	1302	148	0.499	1.241E-36	298	454	921	-25978	-25514	465	26011	25487
386980683	-1	390	1.427E-106	3	23604	25978	1304	63	0.512	3.700E-09	457	519	921	-25444	-25256	189	25456	25235
386980683	-1	390	1.427E-106	3	23604	25978	1337	249	0.505	1.795E-69	590	845	921	-24389	-23604	786	24476	23595
387420468	1	293	2.261E-77	1	597	2048	34	293	0.364	5.984E-81	179	618	639	597	2048	1452	483	2057
388008614	-1	290	1.809E-76	5	23323	26506	1292	131	0.449	4.071E-30	94	252	880	-26506	-26033	474	26656	26015
388008614	-1	290	1.809E-76	5	23323	26506	1302	172	0.544	5.635E-45	245	408	880	-25996	-25508	489	26011	25487
388008614	-1	290	1.809E-76	5	23323	26506	1304	74	0.559	9.512E-13	409	474	880	-25444	-25247	198	25456	25235
388008614	-1	290	1.809E-76	5	23323	26506	1323	47	0.461	1.369E-03	487	538	880	-24622	-24467	156	24643	24458
388008614	-1	290	1.809E-76	5	23323	26506	1341	133	0.732	5.011E-33	792	879	880	-23586	-23323	264	23598	23323
388254524	1	306	2.760E-81	1	933	2051	34	306	0.451	2.189E-85	1	375	395	933	2051	1119	483	2057
389161981	1	296	2.826E-78	1	942	2051	34	296	0.442	5.036E-82	4	376	396	942	2051	1110	483	2057
389260112	1	305	5.520E-81	1	597	2048	34	305	0.374	2.984E-85	170	655	678	597	2048	1452	483	2057
389291508	1	323	2.106E-86	1	600	2051	34	323	0.388	3.537E-91	454	940	959	600	2051	1452	483	2057
389449261	-1	222	5.339E-56	2	23631	25984	1302	151	0.495	1.000E-37	182	343	807	-25984	-25505	480	26011	25487
389449261	-1	222	5.339E-56	2	23631	25984	1337	205	0.449	1.640E-54	479	730	807	-24374	-23631	744	24476	23595
389935491	-1	793	6.907E-228	6	23323	26506	1292	133	0.442	8.522E-31	83	247	870	-26506	-26027	480	26656	26015
389935491	-1	793	6.907E-228	6	23323	26506	1302	169	0.540	5.113E-44	239	401	870	-25993	-25508	486	26011	25487
389935491	-1	793	6.907E-228	6	23323	26506	1304	64	0.489	1.425E-09	402	469	870	-25444	-25241	204	25456	25235
389935491	-1	793	6.907E-228	6	23323	26506	1323	56	0.531	6.444E-07	479	531	870	-24622	-24464	159	24643	24458
389935491	-1	793	6.907E-228	6	23323	26506	1337	263	0.554	3.057E-74	536	782	870	-24383	-23652	732	24476	23595
389935491	-1	793	6.907E-228	6	23323	26506	1341	123	0.685	1.371E-29	782	869	870	-23586	-23323	264	23598	23323
390143739	-1	539	2.000E-151	4	23652	26509	1292	132	0.448	1.593E-30	104	261	883	-26509	-26027	483	26656	26015
390143739	-1	539	2.000E-151	4	23652	26509	1302	179	0.579	2.658E-47	258	415	883	-25978	-25508	471	26011	25487
390143739	-1	539	2.000E-151	4	23652	26509	1304	64	0.487	1.958E-09	416	483	883	-25444	-25241	204	25456	25235
390143739	-1	539	2.000E-151	4	23652	26509	1337	230	0.500	6.139E-63	550	795	883	-24389	-23652	738	24476	23595
390264495	1	237	1.629E-60	1	1092	2051	34	237	0.415	5.802E-62	40	363	383	1092	2051	960	483	2057
391025933	1	401	6.968E-110	3	4613	5512	103	215	0.988	4.776E-61	8	109	219	4613	4918	306	4565	4918
391025933	1	401	6.968E-110	3	4613	5512	112	108	0.875	7.575E-25	107	164	219	5118	5291	174	5118	5324
391025933	1	401	6.968E-110	3	4613	5512	115	81	0.705	6.604E-15	163	217	219	5348	5512	165	5246	5515
391067788	1	147	2.017E-33	2	20009	20726	456	40	0.585	7.897E-02	2	34	226	20009	20104	96	20000	20122
391067788	1	147	2.017E-33	2	20009	20726	475	144	0.729	2.667E-34	73	167	226	20439	20726	288	20433	21131
391236325	1	416	2.126E-114	3	4613	5509	103	221	1.000	3.044E-63	8	109	219	4613	4918	306	4565	4918
391236325	1	416	2.126E-114	3	4613	5509	112	105	0.827	9.576E-24	107	166	219	5118	5297	180	5118	5324
391236325	1	416	2.126E-114	3	4613	5509	115	95	0.829	7.304E-20	163	216	219	5348	5509	162	5246	5515
391650812	1	301	8.832E-80	4	20256	21028	464	44	0.542	3.377E-03	29	68	223	20256	20375	120	20256	20381
391650812	1	301	8.832E-80	4	20256	21028	475	158	0.792	3.435E-39	69	163	223	20439	20726	288	20433	21131
391650812	1	301	8.832E-80	4	20256	21028	471	37	0.768	4.079E-01	164	185	223	20791	20856	66	20782	20856
391650812	1	301	8.832E-80	4	20256	21028	473	58	0.817	3.376E-08	186	218	223	20930	21028	99	20924	21031
391730947	1	274	1.185E-71	1	975	2057	34	274	0.426	1.645E-74	0	361	377	975	2057	1083	483	2057
392195823	1	396	2.230E-108	3	4613	5506	103	215	0.988	4.776E-61	8	109	220	4613	4918	306	4565	4918
392195823	1	396	2.230E-108	3	4613	5506	112	97	0.710	5.452E-21	107	170	220	5118	5315	198	5118	5324
392195823	1	396	2.230E-108	3	4613	5506	115	93	0.830	2.595E-19	163	215	220	5348	5506	159	5246	5515
392264577	1	321	8.423E-86	1	597	2051	34	321	0.385	1.224E-90	444	933	953	597	2051	1455	483	2057
392457640	1	322	4.212E-86	2	4613	5291	103	218	1.000	2.780E-62	8	109	218	4613	4918	306	4565	4918
392457640	1	322	4.212E-86	2	4613	5291	112	106	0.860	3.698E-24	107	164	218	5118	5291	174	5118	5324
392906310	1	180	2.348E-43	3	20009	21028	456	42	0.600	3.016E-02	2	34	227	20009	20104	96	20000	20122
392906310	1	180	2.348E-43	3	20009	21028	475	141	0.715	3.246E-33	74	168	227	20439	20726	288	20433	21131
392906310	1	180	2.348E-43	3	20009	21028	473	56	0.786	2.289E-07	191	223	227	20930	21028	99	20924	21031
393002773	1	185	7.338E-45	3	20027	21031	456	37	0.557	1.032E+00	9	40	298	20027	20119	93	20000	20122
393002773	1	185	7.338E-45	3	20027	21031	475	137	0.670	5.390E-32	74	174	298	20439	20738	300	20433	21131
393002773	1	185	7.338E-45	3	20027	21031	473	56	0.766	2.289E-07	189	222	298	20930	21031	102	20924	21031
393055783	1	182	5.870E-44	3	20027	20856	456	38	0.649	7.480E-01	6	32	225	20027	20104	78	20000	20122
393055783	1	182	5.870E-44	3	20027	20856	475	142	0.714	1.272E-33	70	166	225	20436	20726	291	20433	21131
393055783	1	182	5.870E-44	3	20027	20856	471	37	0.768	4.079E-01	167	188	225	20791	20856	66	20782	20856
393380609	1	167	1.924E-39	3	20027	20856	456	39	0.594	2.853E-01	9	39	234	20027	20119	93	20000	20122
393380609	1	167	1.924E-39	3	20027	20856	475	133	0.652	1.667E-30	73	173	234	20439	20738	300	20433	21131
393380609	1	167	1.924E-39	3	20027	20856	471	34	0.713	3.855E+00	166	187	234	20791	20856	66	20782	20856
393421219	-1	287	1.447E-75	5	23323	26440	1292	126	0.489	1.732E-28	100	236	864	-26440	-26033	408	26656	26015
393421219	-1	287	1.447E-75	5	23323	26440	1302	174	0.549	1.166E-45	229	392	864	-25996	-25508	489	26011	25487
393421219	-1	287	1.447E-75	5	23323	26440	1304	74	0.559	9.512E-13	393	458	864	-25444	-25247	198	25456	25235
393421219	-1	287	1.447E-75	5	23323	26440	1323	46	0.458	1.885E-03	471	522	864	-24622	-24467	156	24643	24458
393421219	-1	287	1.447E-75	5	23323	26440	1341	134	0.740	1.413E-33	776	863	864	-23586	-23323	264	23598	23323
393422514	1	396	2.230E-108	3	4613	5506	103	217	0.997	7.173E-62	8	109	219	4613	4918	306	4565	4918
393422514	1	396	2.230E-108	3	4613	5506	112	101	0.798	2.284E-22	107	166	219	5118	5297	180	5118	5324
393422514	1	396	2.230E-108	3	4613	5506	115	83	0.747	9.854E-16	163	215	219	5348	5506	159	5246	5515
393439517	1	146	4.034E-33	1	20439	20726	475	146	0.738	5.590E-35	46	140	159	20439	20726	288	20433	21131
393500591	-1	699	1.368E-199	5	23323	26536	1292	140	0.445	2.229E-33	53	225	851	-26536	-26033	504	26656	26015
393500591	-1	699	1.368E-199	5	23323	26536	1302	169	0.534	7.006E-44	218	382	851	-25990	-25508	483	26011	25487
393500591	-1	699	1.368E-199	5	23323	26536	1304	63	0.494	6.990E-09	383	447	851	-25444	-25250	195	25456	25235
393500591	-1	699	1.368E-199	5	23323	26536	1337	268	0.561	3.775E-76	516	763	851	-24386	-23652	735	24476	23595
393500591	-1	699	1.368E-199	5	23323	26536	1341	130	0.717	6.305E-32	763	850	851	-23586	-23323	264	23598	23323
393501921	1	305	5.520E-81	2	4613	5291	103	211	0.969	1.544E-59	8	109	214	4613	4918	306	4565	4918
393501921	1	305	5.520E-81	2	4613	5291	112	96	0.791	7.488E-21	107	164	214	5118	5291	174	5118	5324
393508419	-1	126	4.230E-27	1	23323	23586	1341	126	0.700	1.089E-30	65	152	153	-23586	-23323	264	23598	23323
393570561	1	417	1.063E-114	3	4613	5506	103	219	1.000	2.027E-62	8	109	219	4613	4918	306	4565	4918
393570561	1	417	1.063E-114	3	4613	5506	112	108	0.849	7.575E-25	107	166	219	5118	5297	180	5118	5324
393570561	1	417	1.063E-114	3	4613	5506	115	95	0.843	7.304E-20	163	215	219	5348	5506	159	5246	5515
393582845	1	174	1.503E-41	2	5118	5512	112	98	0.782	1.532E-21	107	166	220	5118	5297	180	5118	5324
393582845	1	174	1.503E-41	2	5118	5512	115	79	0.693	2.348E-14	163	217	220	5348	5512	165	5246	5515
393605127	-1	548	3.905E-154	4	23652	26509	1292	141	0.471	1.630E-33	96	253	876	-26509	-26027	483	26656	26015
393605127	-1	548	3.905E-154	4	23652	26509	1302	179	0.580	1.939E-47	250	407	876	-25978	-25508	471	26011	25487
393605127	-1	548	3.905E-154	4	23652	26509	1304	64	0.489	1.425E-09	408	475	876	-25444	-25241	204	25456	25235
393605127	-1	548	3.905E-154	4	23652	26509	1337	230	0.499	4.488E-63	542	788	876	-24389	-23652	738	24476	23595
393665855	-1	792	1.381E-227	6	23323	26506	1292	130	0.446	5.565E-30	72	229	852	-26506	-26027	480	26656	26015
393665855	-1	792	1.381E-227	6	23323	26506	1302	164	0.539	4.207E-42	226	383	852	-25978	-25508	471	26011	25487
393665855	-1	792	1.381E-227	6	23323	26506	1304	61	0.475	1.815E-08	384	450	852	-25444	-25244	201	25456	25235
393665855	-1	792	1.381E-227	6	23323	26506	1323	51	0.489	4.079E-05	461	513	852	-24622	-24464	159	24643	24458
393665855	-1	792	1.381E-227	6	23323	26506	1337	270	0.566	1.076E-76	518	764	852	-24383	-23652	732	24476	23595
393665855	-1	792	1.381E-227	6	23323	26506	1341	127	0.706	4.213E-31	764	851	852	-23586	-23323	264	23598	23323
393666647	1	423	1.661E-116	3	4613	5512	103	219	1.000	1.478E-62	8	109	218	4613	4918	306	4565	4918
393666647	1	423	1.661E-116	3	4613	5512	112	106	0.771	2.693E-24	107	170	218	5118	5315	198	5118	5324
393666647	1	423	1.661E-116	3	4613	5512	115	107	0.908	5.435E-24	163	217	218	5348	5512	165	5246	5515
393717266	1	56	4.994E-06	1	13668	13811	319	56	0.575	9.448E-07	39	86	87	13668	13811	144	13611	13820
393735148	1	408	5.443E-112	3	4613	5509	103	219	1.000	2.027E-62	24	125	235	4613	4918	306	4565	4918
393735148	1	408	5.443E-112	3	4613	5509	112	105	0.763	6.974E-24	123	186	235	5118	5315	198	5118	5324
393735148	1	408	5.443E-112	3	4613	5509	115	93	0.817	2.595E-19	179	232	235	5348	5509	162	5246	5515
393736195	1	135	8.261E-30	1	1524	1895	34	135	0.558	2.416E-28	3	126	131	1524	1895	372	483	2057
393737372	1	134	1.652E-29	1	1515	2000	34	134	0.450	5.784E-28	5	161	165	1515	2000	486	483	2057
393739194	1	231	1.043E-58	1	1383	2051	34	231	0.541	5.705E-60	5	227	248	1383	2051	669	483	2057
393739952	1	216	3.417E-54	1	4610	4915	103	216	0.992	1.851E-61	0	101	102	4610	4915	306	4565	4918
393768951	1	306	2.760E-81	1	597	2051	34	306	0.375	1.606E-85	52	523	531	597	2051	1455	483	2057
393772152	-1	289	3.618E-76	2	23652	25978	1302	169	0.558	7.006E-44	140	295	745	-25978	-25514	465	26011	25487
393772152	-1	289	3.618E-76	2	23652	25978	1337	253	0.536	5.697E-71	430	677	745	-24386	-23652	735	24476	23595
393784174	1	408	5.443E-112	3	4613	5509	103	219	1.000	2.027E-62	8	109	219	4613	4918	306	4565	4918
393784174	1	408	5.443E-112	3	4613	5509	112	106	0.766	5.078E-24	107	170	219	5118	5315	198	5118	5324
393784174	1	408	5.443E-112	3	4613	5509	115	92	0.807	6.715E-19	163	216	219	5348	5509	162	5246	5515
393797348	-1	295	5.653E-78	5	23323	26506	1292	131	0.449	4.071E-30	95	253	881	-26506	-26033	474	26656	26015
393797348	-1	295	5.653E-78	5	23323	26506	1302	172	0.545	4.112E-45	246	409	881	-25996	-25508	489	26011	25487
393797348	-1	295	5.653E-78	5	23323	26506	1304	69	0.531	3.138E-11	410	475	881	-25444	-25247	198	25456	25235
393797348	-1	295	5.653E-78	5	23323	26506	1323	52	0.499	1.565E-05	488	540	881	-24622	-24464	159	24643	24458
393797348	-1	295	5.653E-78	5	23323	26506	1341	137	0.751	2.114E-34	793	880	881	-23586	-23323	264	23598	23323
393835447	1	237	1.629E-60	3	20439	21028	475	148	0.746	1.171E-35	49	143	203	20439	20726	288	20433	21131
393835447	1	237	1.629E-60	3	20439	21028	471	33	0.718	1.010E+01	145	165	203	20794	20856	63	20782	20856
393835447	1	237	1.629E-60	3	20439	21028	473	54	0.766	8.205E-07	166	198	203	20930	21028	99	20924	21031
393835740	1	181	1.174E-43	2	20439	21028	475	148	0.746	1.171E-35	49	143	203	20439	20726	288	20433	21131
393835740	1	181	1.174E-43	2	20439	21028	473	54	0.766	8.205E-07	166	198	203	20930	21028	99	20924	21031
393835834	1	236	3.259E-60	3	20439	21028	475	148	0.746	1.171E-35	49	143	203	20439	20726	288	20433	21131
393835834	1	236	3.259E-60	3	20439	21028	471	33	0.718	1.010E+01	145	165	203	20794	20856	63	20782	20856
393835834	1	236	3.259E-60	3	20439	21028	473	53	0.755	1.554E-06	166	198	203	20930	21028	99	20924	21031
393842699	1	199	4.479E-49	2	5118	5509	112	105	0.827	9.576E-24	107	166	218	5118	5297	180	5118	5324
393842699	1	199	4.479E-49	2	5118	5509	115	97	0.848	1.091E-20	163	216	218	5348	5509	162	5246	5515
393879070	1	413	1.701E-113	3	4613	5509	103	220	1.000	7.855E-63	151	252	362	4613	4918	306	4565	4918
393879070	1	413	1.701E-113	3	4613	5509	112	105	0.829	6.974E-24	250	309	362	5118	5297	180	5118	5324
393879070	1	413	1.701E-113	3	4613	5509	115	93	0.817	2.595E-19	306	359	362	5348	5509	162	5246	5515
393880188	1	198	8.957E-49	1	1359	2030	34	198	0.477	7.079E-49	14	236	239	1359	2030	672	483	2057
393883605	1	395	4.459E-108	3	4613	5500	103	216	0.992	1.851E-61	8	109	219	4613	4918	306	4565	4918
393883605	1	395	4.459E-108	3	4613	5500	112	101	0.798	2.284E-22	107	166	219	5118	5297	180	5118	5324
393883605	1	395	4.459E-108	3	4613	5500	115	83	0.769	1.353E-15	163	213	219	5348	5500	153	5246	5515
393924938	-1	867	3.657E-250	6	23323	26506	1292	145	0.487	5.197E-35	81	239	862	-26506	-26033	474	26656	26015
393924938	-1	867	3.657E-250	6	23323	26506	1302	175	0.570	3.306E-46	238	395	862	-25978	-25508	471	26011	25487
393924938	-1	867	3.657E-250	6	23323	26506	1304	78	0.560	2.887E-14	396	465	862	-25444	-25235	210	25456	25235
393924938	-1	867	3.657E-250	6	23323	26506	1323	51	0.486	5.613E-05	473	525	862	-24622	-24464	159	24643	24458
393924938	-1	867	3.657E-250	6	23323	26506	1337	294	0.610	3.757E-85	529	774	862	-24386	-23652	735	24476	23595
393924938	-1	867	3.657E-250	6	23323	26506	1341	129	0.713	1.188E-31	774	861	862	-23586	-23323	264	23598	23323
393925430	-1	560	9.535E-158	4	23323	25978	1302	169	0.552	7.006E-44	247	404	873	-25978	-25508	471	26011	25487
393925430	-1	560	9.535E-158	4	23323	25978	1304	61	0.486	1.815E-08	405	469	873	-25444	-25250	195	25456	25235
393925430	-1	560	9.535E-158	4	23323	25978	1337	269	0.563	2.015E-76	538	785	873	-24386	-23652	735	24476	23595
393925430	-1	560	9.535E-158	4	23323	25978	1341	126	0.700	1.089E-30	785	872	873	-23586	-23323	264	23598	23323
397390658	1	308	6.900E-82	1	828	2051	34	308	0.425	2.501E-86	0	409	425	828	2051	1224	483	2057
399574034	1	332	4.113E-89	1	597	1961	34	332	0.414	2.050E-94	266	723	827	597	1961	1365	483	2057
399961476	1	405	4.355E-111	3	4613	5497	103	220	1.000	7.855E-63	8	109	219	4613	4918	306	4565	4918
399961476	1	405	4.355E-111	3	4613	5497	112	109	0.883	2.926E-25	107	164	219	5118	5291	174	5118	5324
399961476	1	405	4.355E-111	3	4613	5497	115	79	0.749	3.224E-14	163	212	219	5348	5497	150	5246	5515
400271771	-1	844	3.068E-243	6	23323	26536	1292	134	0.421	2.438E-31	94	271	894	-26536	-26033	504	26656	26015
400271771	-1	844	3.068E-243	6	23323	26536	1302	173	0.564	2.190E-45	270	427	894	-25978	-25508	471	26011	25487
400271771	-1	844	3.068E-243	6	23323	26536	1304	80	0.595	4.294E-15	428	494	894	-25444	-25244	201	25456	25235
400271771	-1	844	3.068E-243	6	23323	26536	1323	50	0.480	1.063E-04	504	556	894	-24622	-24464	159	24643	24458
400271771	-1	844	3.068E-243	6	23323	26536	1337	283	0.591	2.483E-81	561	806	894	-24383	-23652	732	24476	23595
400271771	-1	844	3.068E-243	6	23323	26536	1341	132	0.730	6.876E-33	806	893	894	-23586	-23323	264	23598	23323
400437147	1	409	2.722E-112	3	4613	5506	103	218	1.000	3.813E-62	8	109	219	4613	4918	306	4565	4918
400437147	1	409	2.722E-112	3	4613	5506	112	104	0.821	1.806E-23	107	166	219	5118	5297	180	5118	5324
400437147	1	409	2.722E-112	3	4613	5506	115	92	0.817	9.220E-19	163	215	219	5348	5506	159	5246	5515
400502380	1	351	7.845E-95	1	693	2051	34	351	0.435	6.753E-101	7	457	476	693	2051	1359	483	2057
400782749	-1	390	1.427E-106	3	23323	25993	1302	158	0.503	4.738E-40	219	384	842	-25993	-25502	492	26011	25487
400782749	-1	390	1.427E-106	3	23323	25993	1337	239	0.518	4.551E-66	516	754	842	-24383	-23652	732	24476	23595
400782749	-1	390	1.427E-106	3	23323	25993	1341	126	0.680	1.089E-30	751	841	842	-23595	-23323	273	23598	23323
400960745	1	236	3.259E-60	3	20439	21028	475	143	0.724	6.808E-34	84	178	237	20439	20726	288	20433	21131
400960745	1	236	3.259E-60	3	20439	21028	471	37	0.760	5.621E-01	179	200	237	20791	20856	66	20782	20856
400960745	1	236	3.259E-60	3	20439	21028	473	54	0.766	8.205E-07	201	233	237	20930	21028	99	20924	21031
401339465	1	407	1.089E-111	3	4613	5509	103	218	0.999	5.230E-62	8	109	219	4613	4918	306	4565	4918
401339465	1	407	1.089E-111	3	4613	5509	112	105	0.829	6.974E-24	107	166	219	5118	5297	180	5118	5324
401339465	1	407	1.089E-111	3	4613	5509	115	89	0.782	8.479E-18	163	216	219	5348	5509	162	5246	5515
401359426	1	345	5.021E-93	1	600	2051	34	345	0.408	7.183E-99	70	555	575	600	2051	1452	483	2057
401411631	-1	700	6.841E-200	5	23323	25978	1302	180	0.583	7.535E-48	282	439	908	-25978	-25508	471	26011	25487
401411631	-1	700	6.841E-200	5	23323	25978	1304	67	0.513	1.538E-10	440	506	908	-25444	-25244	201	25456	25235
401411631	-1	700	6.841E-200	5	23323	25978	1323	46	0.451	1.885E-03	517	569	908	-24622	-24464	159	24643	24458
401411631	-1	700	6.841E-200	5	23323	25978	1337	276	0.574	9.690E-79	573	820	908	-24386	-23652	735	24476	23595
401411631	-1	700	6.841E-200	5	23323	25978	1341	139	0.761	4.344E-35	820	907	908	-23586	-23323	264	23598	23323
401679736	1	355	4.903E-96	1	546	2051	34	355	0.407	3.004E-102	27	522	539	546	2051	1506	483	2057
401953423	1	414	8.505E-114	3	4613	5509	103	218	1.000	2.780E-62	8	109	219	4613	4918	306	4565	4918
401953423	1	414	8.505E-114	3	4613	5509	112	105	0.829	6.974E-24	107	166	219	5118	5297	180	5118	5324
401953423	1	414	8.505E-114	3	4613	5509	115	96	0.835	3.875E-20	163	216	219	5348	5509	162	5246	5515
402398141	1	399	2.787E-109	3	4613	5497	103	216	0.992	1.851E-61	8	109	219	4613	4918	306	4565	4918
402398141	1	399	2.787E-109	3	4613	5497	112	110	0.863	1.552E-25	107	166	219	5118	5297	180	5118	5324
402398141	1	399	2.787E-109	3	4613	5497	115	78	0.746	4.427E-14	163	212	219	5348	5497	150	5246	5515
403331156	1	304	1.104E-80	1	693	2051	34	304	0.389	1.030E-84	7	462	481	693	2051	1359	483	2057
403345463	1	403	1.742E-110	3	4613	5497	103	218	1.000	3.813E-62	8	109	219	4613	4918	306	4565	4918
403345463	1	403	1.742E-110	3	4613	5497	112	110	0.863	1.552E-25	107	166	219	5118	5297	180	5118	5324
403345463	1	403	1.742E-110	3	4613	5497	115	80	0.762	9.069E-15	163	212	219	5348	5497	150	5246	5515
403616787	1	182	5.870E-44	3	20048	20856	456	34	0.661	9.817E+00	21	42	230	20048	20119	72	20000	20122
403616787	1	182	5.870E-44	3	20048	20856	475	145	0.732	1.427E-34	76	170	230	20439	20726	288	20433	21131
403616787	1	182	5.870E-44	3	20048	20856	471	34	0.743	3.855E+00	172	192	230	20794	20856	63	20782	20856
403833085	1	331	8.226E-89	1	597	2048	34	331	0.395	7.103E-94	214	700	721	597	2048	1452	483	2057
405064617	1	216	3.417E-54	1	1167	2051	34	216	0.414	3.353E-55	16	312	332	1167	2051	885	483	2057
405595535	-1	562	2.384E-158	4	23323	25978	1302	170	0.557	1.987E-44	243	400	869	-25978	-25508	471	26011	25487
405595535	-1	562	2.384E-158	4	23323	25978	1304	67	0.507	1.538E-10	401	468	869	-25444	-25241	204	25456	25235
405595535	-1	562	2.384E-158	4	23323	25978	1337	264	0.555	8.712E-75	534	781	869	-24386	-23652	735	24476	23595
405595535	-1	562	2.384E-158	4	23323	25978	1341	123	0.683	1.882E-29	781	868	869	-23586	-23323	264	23598	23323
406247793	1	395	4.459E-108	1	597	2057	34	395	0.451	6.373E-116	119	603	619	597	2057	1461	483	2057
406573978	1	190	2.293E-46	1	1470	2048	34	190	0.520	1.621E-46	13	205	225	1470	2048	579	483	2057
406851460	1	171	1.202E-40	1	1497	2051	34	171	0.493	3.932E-40	15	199	219	1497	2051	555	483	2057
407033703	1	199	4.479E-49	1	1431	2051	34	199	0.510	1.560E-49	1	207	236	1431	2051	621	483	2057
407412540	1	141	1.291E-31	2	20036	20726	456	35	0.592	5.155E+00	8	35	222	20036	20119	84	20000	20122
407412540	1	141	1.291E-31	2	20036	20726	475	138	0.695	3.945E-32	69	164	222	20436	20726	291	20433	21131
407480346	1	178	9.392E-43	3	20036	21028	456	38	0.588	3.933E-01	9	39	234	20036	20119	84	20000	20122
407480346	1	178	9.392E-43	3	20036	21028	475	132	0.648	3.110E-30	73	173	234	20439	20738	300	20433	21131
407480346	1	178	9.392E-43	3	20036	21028	473	53	0.750	2.138E-06	188	220	234	20930	21028	99	20924	21031
407510295	1	136	4.131E-30	2	20039	20726	456	40	0.815	1.501E-01	14	35	233	20039	20104	66	20000	20122
407510295	1	136	4.131E-30	2	20039	20726	475	134	0.684	8.935E-31	75	169	233	20439	20726	288	20433	21131
407551167	1	147	2.017E-33	2	20006	20726	456	42	0.585	3.016E-02	1	34	232	20006	20104	99	20000	20122
407551167	1	147	2.017E-33	2	20006	20726	475	143	0.727	3.645E-34	74	168	232	20439	20726	288	20433	21131
407585147	1	226	3.337E-57	4	20009	21031	456	39	0.497	2.069E-01	4	42	239	20009	20119	111	20000	20122
407585147	1	226	3.337E-57	4	20009	21031	475	141	0.641	1.738E-33	78	187	239	20436	20744	309	20433	21131
407585147	1	226	3.337E-57	4	20009	21031	471	31	0.677	5.044E+01	179	199	239	20794	20856	63	20782	20856
407585147	1	226	3.337E-57	4	20009	21031	473	55	0.756	4.334E-07	200	233	239	20930	21031	102	20924	21031
407597886	1	186	3.669E-45	2	20436	20856	475	151	0.754	9.596E-37	72	168	227	20436	20726	291	20433	21131
407597886	1	186	3.669E-45	2	20436	20856	471	34	0.697	7.328E+00	169	190	227	20791	20856	66	20782	20856
407664876	1	178	9.392E-43	3	20054	21031	456	34	0.705	1.355E+01	17	38	307	20054	20119	66	20000	20122
407664876	1	178	9.392E-43	3	20054	21031	475	130	0.644	2.019E-29	72	171	307	20439	20738	300	20433	21131
407664876	1	178	9.392E-43	3	20054	21031	473	59	0.811	1.297E-08	186	219	307	20930	21031	102	20924	21031
407670644	1	171	1.202E-40	3	20024	21028	456	38	0.562	7.480E-01	10	41	249	20024	20119	96	20000	20122
407670644	1	171	1.202E-40	3	20024	21028	475	136	0.694	1.375E-31	77	171	249	20439	20726	288	20433	21131
407670644	1	171	1.202E-40	3	20024	21028	473	52	0.735	5.574E-06	194	226	249	20930	21028	99	20924	21031
407765860	1	168	9.618E-40	2	20439	21031	475	137	0.699	5.390E-32	78	172	231	20439	20726	288	20433	21131
407765860	1	168	9.618E-40	2	20439	21031	473	52	0.716	5.574E-06	195	228	231	20930	21031	102	20924	21031
407816908	1	171	1.202E-40	2	20436	21028	475	139	0.700	1.546E-32	72	167	225	20436	20726	291	20433	21131
407816908	1	171	1.202E-40	2	20436	21028	473	53	0.745	2.943E-06	190	222	225	20930	21028	99	20924	21031
407948931	1	407	1.089E-111	3	4613	5506	103	216	0.991	2.539E-61	8	109	220	4613	4918	306	4565	4918
407948931	1	407	1.089E-111	3	4613	5506	112	106	0.838	2.693E-24	107	166	220	5118	5297	180	5118	5324
407948931	1	407	1.089E-111	3	4613	5506	115	90	0.805	3.276E-18	163	215	220	5348	5506	159	5246	5515
408000804	1	175	7.514E-42	1	1470	2051	34	175	0.485	1.468E-41	4	197	217	1470	2051	582	483	2057
408062879	1	219	4.271E-55	1	4607	4915	103	219	0.995	2.027E-62	0	102	103	4607	4915	309	4565	4918
408072756	-1	380	1.461E-103	3	23652	26512	1292	107	0.375	7.467E-22	131	295	918	-26512	-26033	480	26656	26015
408072756	-1	380	1.461E-103	3	23652	26512	1302	152	0.505	3.890E-38	294	452	918	-25978	-25508	471	26011	25487
408072756	-1	380	1.461E-103	3	23652	26512	1337	254	0.540	4.163E-71	586	830	918	-24389	-23652	738	24476	23595
408076899	1	269	3.793E-70	1	1029	2051	34	269	0.439	4.888E-73	0	342	364	1029	2051	1023	483	2057
408121269	-1	560	9.535E-158	4	23323	25978	1302	170	0.557	1.987E-44	243	400	869	-25978	-25508	471	26011	25487
408121269	-1	560	9.535E-158	4	23323	25978	1304	68	0.509	1.119E-10	401	468	869	-25444	-25241	204	25456	25235
408121269	-1	560	9.535E-158	4	23323	25978	1337	262	0.551	4.184E-74	534	781	869	-24386	-23652	735	24476	23595
408121269	-1	560	9.535E-158	4	23323	25978	1341	122	0.681	2.583E-29	781	868	869	-23586	-23323	264	23598	23323
408144031	-1	691	3.503E-197	5	23323	26506	1292	132	0.439	2.178E-30	71	235	858	-26506	-26027	480	26656	26015
408144031	-1	691	3.503E-197	5	23323	26506	1302	167	0.554	2.470E-43	232	387	858	-25978	-25514	465	26011	25487
408144031	-1	691	3.503E-197	5	23323	26506	1304	69	0.519	3.138E-11	390	457	858	-25444	-25241	204	25456	25235
408144031	-1	691	3.503E-197	5	23323	26506	1337	267	0.559	1.325E-75	523	770	858	-24386	-23652	735	24476	23595
408144031	-1	691	3.503E-197	5	23323	26506	1341	122	0.679	3.545E-29	770	857	858	-23586	-23323	264	23598	23323
408149728	-1	276	2.964E-72	2	23323	24101	1337	152	0.528	4.112E-36	9	157	245	-24101	-23652	450	24476	23595
408149728	-1	276	2.964E-72	2	23323	24101	1341	124	0.692	3.865E-30	157	244	245	-23586	-23323	264	23598	23323
408150553	-1	167	1.924E-39	4	23323	26527	1292	119	0.405	6.528E-26	103	264	892	-26527	-26033	495	26656	26015
408150553	-1	167	1.924E-39	4	23323	26527	1302	166	0.529	6.355E-43	257	420	892	-25996	-25508	489	26011	25487
408150553	-1	167	1.924E-39	4	23323	26527	1304	70	0.539	1.209E-11	421	486	892	-25444	-25247	198	25456	25235
408150553	-1	167	1.924E-39	4	23323	26527	1341	130	0.701	3.348E-32	801	891	892	-23595	-23323	273	23598	23323
408181349	1	181	1.174E-43	2	5118	5497	112	109	0.883	2.926E-25	90	147	202	5118	5291	174	5118	5324
408181349	1	181	1.174E-43	2	5118	5497	115	73	0.698	3.754E-12	146	195	202	5348	5497	150	5246	5515
408228957	1	231	1.043E-58	1	1053	2051	34	231	0.396	5.705E-60	0	336	420	1053	2051	999	483	2057
408268734	1	405	4.355E-111	3	4613	5509	103	220	1.000	7.855E-63	37	138	248	4613	4918	306	4565	4918
408268734	1	405	4.355E-111	3	4613	5509	112	106	0.766	5.078E-24	136	199	248	5118	5315	198	5118	5324
408268734	1	405	4.355E-111	3	4613	5509	115	88	0.773	2.195E-17	192	245	248	5348	5509	162	5246	5515
408279541	-1	127	2.115E-27	1	23323	23586	1341	127	0.706	4.213E-31	54	141	142	-23586	-23323	264	23598	23323
408280646	1	183	2.935E-44	1	1497	2057	34	183	0.516	4.930E-44	28	214	233	1497	2057	561	483	2057
408280904	-1	658	3.009E-187	5	23323	25978	1302	165	0.542	1.635E-42	37	194	663	-25978	-25508	471	26011	25487
408280904	-1	658	3.009E-187	5	23323	25978	1304	61	0.475	1.815E-08	195	261	663	-25444	-25244	201	25456	25235
408280904	-1	658	3.009E-187	5	23323	25978	1323	49	0.470	2.771E-04	272	324	663	-24622	-24464	159	24643	24458
408280904	-1	658	3.009E-187	5	23323	25978	1337	267	0.561	9.681E-76	329	575	663	-24383	-23652	732	24476	23595
408280904	-1	658	3.009E-187	5	23323	25978	1341	125	0.696	2.052E-30	575	662	663	-23586	-23323	264	23598	23323
408305593	1	388	5.708E-106	3	4613	5512	103	205	0.947	1.288E-57	8	109	220	4613	4918	306	4565	4918
408305593	1	388	5.708E-106	3	4613	5512	112	99	0.784	1.116E-21	107	166	220	5118	5297	180	5118	5324
408305593	1	388	5.708E-106	3	4613	5512	115	89	0.770	8.479E-18	163	217	220	5348	5512	165	5246	5515
408394238	1	154	1.576E-35	1	1398	1892	34	154	0.497	1.030E-34	0	163	189	1398	1892	495	483	2057
408394366	1	256	3.108E-66	1	849	1868	34	256	0.423	2.334E-68	29	369	397	849	1868	1020	483	2057
408422422	1	339	3.213E-91	1	687	2048	34	339	0.424	7.623E-97	5	457	488	687	2048	1362	483	2057
408446268	1	420	1.329E-115	3	4613	5509	103	220	1.000	5.727E-63	8	109	218	4613	4918	306	4565	4918
408446268	1	420	1.329E-115	3	4613	5509	112	106	0.832	5.078E-24	107	166	218	5118	5297	180	5118	5324
408446268	1	420	1.329E-115	3	4613	5509	115	99	0.860	3.071E-21	163	216	218	5348	5509	162	5246	5515
408449650	1	220	2.136E-55	1	4610	4915	103	220	1.000	1.077E-62	0	101	102	4610	4915	306	4565	4918
408450030	1	404	8.709E-111	3	4613	5506	103	219	1.000	2.027E-62	8	109	219	4613	4918	306	4565	4918
408450030	1	404	8.709E-111	3	4613	5506	112	104	0.821	1.806E-23	107	166	219	5118	5297	180	5118	5324
408450030	1	404	8.709E-111	3	4613	5506	115	86	0.770	1.071E-16	163	215	219	5348	5506	159	5246	5515
409177524	-1	85	9.302E-15	2	4781	5288	1775	44	0.412	4.832E-02	23	78	126	-5288	-5121	168	5375	5121
409177524	-1	85	9.302E-15	2	4781	5288	1783	46	0.472	2.385E-03	73	122	126	-4930	-4781	150	4933	4733
413453925	1	174	1.503E-41	3	20024	21031	456	36	0.546	1.963E+00	9	40	232	20024	20119	96	20000	20122
413453925	1	174	1.503E-41	3	20024	21031	475	128	0.635	9.587E-29	74	173	232	20439	20738	300	20433	21131
413453925	1	174	1.503E-41	3	20024	21031	473	55	0.751	5.963E-07	188	221	232	20930	21031	102	20924	21031
413980737	1	174	1.503E-41	2	20439	21031	475	128	0.639	5.141E-29	52	151	210	20439	20738	300	20433	21131
413980737	1	174	1.503E-41	2	20439	21031	473	59	0.811	1.297E-08	166	199	210	20930	21031	102	20924	21031
414380379	1	196	3.583E-48	1	1293	1961	34	196	0.475	1.753E-48	22	245	249	1293	1961	669	483	2057
415212261	1	403	1.742E-110	3	4613	5506	103	214	0.986	6.551E-61	8	109	219	4613	4918	306	4565	4918
415212261	1	403	1.742E-110	3	4613	5506	112	105	0.827	9.576E-24	107	166	219	5118	5297	180	5118	5324
415212261	1	403	1.742E-110	3	4613	5506	115	89	0.792	1.164E-17	163	215	219	5348	5506	159	5246	5515
415264205	1	167	1.924E-39	1	693	1682	34	167	0.320	1.045E-38	2	331	332	693	1682	990	483	2057
415448817	1	281	9.261E-74	1	933	2048	34	281	0.424	6.362E-77	1	374	395	933	2048	1116	483	2057
415522037	1	267	1.517E-69	1	1062	2051	34	267	0.449	2.282E-72	2	331	351	1062	2051	990	483	2057
416060452	1	139	5.163E-31	2	20045	20726	456	37	0.679	1.423E+00	16	40	230	20045	20119	75	20000	20122
416060452	1	139	5.163E-31	2	20045	20726	475	136	0.696	1.006E-31	76	170	230	20439	20726	288	20433	21131
416490837	1	312	4.313E-83	1	693	2048	34	312	0.399	1.536E-87	4	456	477	693	2048	1356	483	2057
416704676	-1	570	9.311E-161	4	23323	26506	1292	138	0.472	1.459E-32	107	263	888	-26506	-26036	471	26656	26015
416704676	-1	570	9.311E-161	4	23323	26506	1302	167	0.568	2.470E-43	271	421	888	-25954	-25502	453	26011	25487
416704676	-1	570	9.311E-161	4	23323	26506	1337	266	0.558	1.814E-75	553	800	888	-24386	-23652	735	24476	23595
416704676	-1	570	9.311E-161	4	23323	26506	1341	134	0.738	1.938E-33	800	887	888	-23586	-23323	264	23598	23323
416997722	1	399	2.787E-109	3	4613	5512	103	219	1.000	1.478E-62	8	109	219	4613	4918	306	4565	4918
416997722	1	399	2.787E-109	3	4613	5512	112	107	0.843	1.428E-24	107	166	219	5118	5297	180	5118	5324
416997722	1	399	2.787E-109	3	4613	5512	115	78	0.687	4.427E-14	163	217	219	5348	5512	165	5246	5515
417197911	-1	185	7.338E-45	2	25250	25792	1302	115	0.607	2.665E-25	0	94	160	-25792	-25508	285	26011	25487
417197911	-1	185	7.338E-45	2	25250	25792	1304	69	0.535	4.312E-11	95	159	160	-25444	-25250	195	25456	25235
417867520	1	406	2.177E-111	3	4613	5506	103	214	0.983	1.232E-60	8	109	220	4613	4918	306	4565	4918
417867520	1	406	2.177E-111	3	4613	5506	112	103	0.812	4.676E-23	107	166	220	5118	5297	180	5118	5324
417867520	1	406	2.177E-111	3	4613	5506	115	94	0.840	1.003E-19	163	215	220	5348	5506	159	5246	5515
418299942	1	410	1.361E-112	3	4613	5509	103	218	1.000	2.780E-62	8	109	219	4613	4918	306	4565	4918
418299942	1	410	1.361E-112	3	4613	5509	112	109	0.786	4.017E-25	107	170	219	5118	5315	198	5118	5324
418299942	1	410	1.361E-112	3	4613	5509	115	92	0.807	6.715E-19	163	216	219	5348	5509	162	5246	5515
418378297	1	218	8.542E-55	1	933	1862	34	218	0.402	7.315E-56	1	312	316	933	1862	930	483	2057
418773446	-1	288	7.235E-76	5	23323	26521	1292	131	0.439	4.071E-30	90	253	881	-26521	-26033	489	26656	26015
418773446	-1	288	7.235E-76	5	23323	26521	1302	171	0.543	7.722E-45	246	409	881	-25996	-25508	489	26011	25487
418773446	-1	288	7.235E-76	5	23323	26521	1304	73	0.554	1.796E-12	410	475	881	-25444	-25247	198	25456	25235
418773446	-1	288	7.235E-76	5	23323	26521	1323	47	0.461	1.369E-03	488	539	881	-24622	-24467	156	24643	24458
418773446	-1	288	7.235E-76	5	23323	26521	1341	133	0.732	5.011E-33	793	880	881	-23586	-23323	264	23598	23323
418778957	1	308	6.900E-82	1	645	2051	34	308	0.382	4.649E-86	3	476	490	645	2051	1407	483	2057
419454121	1	263	2.428E-68	1	975	2015	34	263	0.427	6.755E-71	0	344	350	975	2015	1041	483	2057
419680541	1	246	3.182E-63	1	597	1685	34	246	0.393	5.041E-65	202	562	579	597	1685	1089	483	2057
419977346	1	405	4.355E-111	3	4613	5506	103	214	0.986	6.551E-61	8	109	219	4613	4918	306	4565	4918
419977346	1	405	4.355E-111	3	4613	5506	112	105	0.829	6.974E-24	107	166	219	5118	5297	180	5118	5324
419977346	1	405	4.355E-111	3	4613	5506	115	91	0.808	2.386E-18	163	215	219	5348	5506	159	5246	5515
420329409	1	251	9.944E-65	1	615	1934	34	251	0.348	9.322E-67	287	727	740	615	1934	1320	483	2057
420445863	1	301	8.832E-80	2	4613	5318	103	208	0.958	1.410E-58	8	109	220	4613	4918	306	4565	4918
420445863	1	301	8.832E-80	2	4613	5318	112	95	0.663	2.665E-20	107	176	220	5118	5318	201	5118	5324
420667143	1	297	1.413E-78	1	597	2051	34	297	0.366	1.990E-82	196	682	701	597	2051	1455	483	2057
421259972	-1	787	4.421E-226	6	23323	26506	1292	130	0.444	1.040E-29	71	228	851	-26506	-26027	480	26656	26015
421259972	-1	787	4.421E-226	6	23323	26506	1302	165	0.542	1.635E-42	225	382	851	-25978	-25508	471	26011	25487
421259972	-1	787	4.421E-226	6	23323	26506	1304	61	0.475	1.815E-08	383	449	851	-25444	-25244	201	25456	25235
421259972	-1	787	4.421E-226	6	23323	26506	1323	49	0.470	2.771E-04	460	512	851	-24622	-24464	159	24643	24458
421259972	-1	787	4.421E-226	6	23323	26506	1337	267	0.561	9.681E-76	517	763	851	-24383	-23652	732	24476	23595
421259972	-1	787	4.421E-226	6	23323	26506	1341	126	0.700	1.089E-30	763	850	851	-23586	-23323	264	23598	23323
421271948	1	284	1.158E-74	1	843	2051	34	284	0.405	7.323E-78	3	404	425	843	2051	1209	483	2057
422146169	1	182	5.870E-44	3	20033	21031	456	39	0.628	2.853E-01	13	40	299	20033	20119	87	20000	20122
422146169	1	182	5.870E-44	3	20033	21031	475	127	0.634	1.309E-28	74	173	299	20439	20738	300	20433	21131
422146169	1	182	5.870E-44	3	20033	21031	473	61	0.836	2.635E-09	188	221	299	20930	21031	102	20924	21031
422478195	1	225	6.674E-57	2	4613	5491	103	206	0.950	6.844E-58	19	120	226	4613	4918	306	4565	4918
422478195	1	225	6.674E-57	2	4613	5491	115	72	0.726	9.721E-12	175	221	226	5351	5491	141	5246	5515
422490767	-1	227	1.668E-57	2	25238	26005	1302	167	0.505	2.470E-43	217	391	461	-26005	-25502	504	26011	25487
422490767	-1	227	1.668E-57	2	25238	26005	1304	61	0.464	1.815E-08	390	458	461	-25444	-25238	207	25456	25235
422508290	1	380	1.461E-103	3	4613	5500	103	214	0.983	1.232E-60	8	109	215	4613	4918	306	4565	4918
422508290	1	380	1.461E-103	3	4613	5500	112	95	0.759	1.940E-20	107	166	215	5118	5297	180	5118	5324
422508290	1	380	1.461E-103	3	4613	5500	115	76	0.710	4.076E-13	163	213	215	5348	5500	153	5246	5515
422509027	-1	557	7.628E-157	4	23652	26500	1292	141	0.475	8.712E-34	111	270	891	-26500	-26027	474	26656	26015
422509027	-1	557	7.628E-157	4	23652	26500	1302	186	0.599	6.668E-50	267	424	891	-25978	-25508	471	26011	25487
422509027	-1	557	7.628E-157	4	23652	26500	1304	68	0.528	1.119E-10	425	489	891	-25444	-25250	195	25456	25235
422509027	-1	557	7.628E-157	4	23652	26500	1337	231	0.501	1.753E-63	559	803	891	-24389	-23652	738	24476	23595
422513268	1	226	3.337E-57	2	4610	5512	103	210	0.958	2.904E-59	8	110	222	4610	4918	309	4565	4918
422513268	1	226	3.337E-57	2	4610	5512	115	68	0.610	1.230E-10	164	218	222	5348	5512	165	5246	5515
422560451	1	302	4.416E-80	2	4613	5291	103	207	0.955	2.652E-58	8	109	166	4613	4918	306	4565	4918
422560451	1	302	4.416E-80	2	4613	5291	112	97	0.793	5.452E-21	107	164	166	5118	5291	174	5118	5324
422569250	1	96	4.542E-18	1	5124	5294	112	96	0.803	7.488E-21	29	85	87	5124	5294	171	5118	5324
422569597	1	320	1.685E-85	1	615	2054	34	320	0.390	2.277E-90	446	925	952	615	2054	1440	483	2057
422587704	1	191	1.147E-46	2	5118	5506	112	100	0.793	4.308E-22	91	150	204	5118	5297	180	5118	5324
422587704	1	191	1.147E-46	2	5118	5506	115	94	0.840	1.003E-19	147	199	204	5348	5506	159	5246	5515
422603316	1	451	6.188E-125	3	4613	5515	103	226	1.000	5.008E-65	8	109	219	4613	4918	306	4565	4918
422603316	1	451	6.188E-125	3	4613	5515	112	113	0.885	1.228E-26	107	166	219	5118	5297	180	5118	5324
422603316	1	451	6.188E-125	3	4613	5515	115	117	0.975	1.050E-27	163	218	219	5348	5515	168	5246	5515
422617513	1	218	8.542E-55	1	4610	4915	103	218	0.999	5.230E-62	0	101	102	4610	4915	306	4565	4918
422628886	1	217	1.708E-54	1	4607	4915	103	217	0.987	9.839E-62	0	102	103	4607	4915	309	4565	4918
422634337	1	263	2.428E-68	1	897	2051	34	263	0.397	4.965E-71	0	384	403	897	2051	1155	483	2057
422635829	1	192	5.733E-47	2	5118	5506	112	105	0.829	6.974E-24	32	91	144	5118	5297	180	5118	5324
422635829	1	192	5.733E-47	2	5118	5506	115	90	0.801	4.498E-18	88	140	144	5348	5506	159	5246	5515
422654401	1	219	4.271E-55	1	4607	4915	103	219	0.995	2.027E-62	0	102	103	4607	4915	309	4565	4918
422668623	1	166	3.847E-39	2	5118	5500	112	95	0.759	1.940E-20	26	85	134	5118	5297	180	5118	5324
422668623	1	166	3.847E-39	2	5118	5500	115	74	0.697	1.449E-12	82	132	134	5348	5500	153	5246	5515
422683182	1	406	2.177E-111	3	4613	5506	103	216	0.991	2.539E-61	8	109	220	4613	4918	306	4565	4918
422683182	1	406	2.177E-111	3	4613	5506	112	106	0.838	2.693E-24	107	166	220	5118	5297	180	5118	5324
422683182	1	406	2.177E-111	3	4613	5506	115	89	0.792	1.164E-17	163	215	220	5348	5506	159	5246	5515
422687651	1	218	8.542E-55	1	4607	4915	103	218	0.990	5.230E-62	0	102	103	4607	4915	309	4565	4918
422687781	1	408	5.443E-112	3	4613	5506	103	220	1.000	1.077E-62	8	109	218	4613	4918	306	4565	4918
422687781	1	408	5.443E-112	3	4613	5506	112	105	0.829	6.974E-24	107	166	218	5118	5297	180	5118	5324
422687781	1	408	5.443E-112	3	4613	5506	115	88	0.789	1.598E-17	163	215	218	5348	5506	159	5246	5515
422687961	-1	371	7.481E-101	3	23323	25978	1302	147	0.491	3.190E-36	246	404	866	-25978	-25508	471	26011	25487
422687961	-1	371	7.481E-101	3	23323	25978	1337	233	0.507	5.007E-64	539	778	866	-24386	-23652	735	24476	23595
422687961	-1	371	7.481E-101	3	23323	25978	1341	124	0.692	3.865E-30	778	865	866	-23586	-23323	264	23598	23323
422694827	1	221	1.068E-55	1	4607	4915	103	221	1.000	3.044E-63	0	102	103	4607	4915	309	4565	4918
422729100	1	424	8.306E-117	3	4613	5509	103	223	1.000	8.603E-64	8	109	220	4613	4918	306	4565	4918
422729100	1	424	8.306E-117	3	4613	5509	112	109	0.789	2.926E-25	107	170	220	5118	5315	198	5118	5324
422729100	1	424	8.306E-117	3	4613	5509	115	101	0.876	6.297E-22	163	216	220	5348	5509	162	5246	5515
422729445	-1	811	2.635E-233	6	23323	26521	1292	134	0.442	2.438E-31	106	272	895	-26521	-26033	489	26656	26015
422729445	-1	811	2.635E-233	6	23323	26521	1302	188	0.605	1.006E-50	270	427	895	-25981	-25508	474	26011	25487
422729445	-1	811	2.635E-233	6	23323	26521	1304	62	0.497	9.608E-09	428	491	895	-25444	-25253	192	25456	25235
422729445	-1	811	2.635E-233	6	23323	26521	1323	38	0.382	1.135E+00	504	557	895	-24622	-24461	162	24643	24458
422729445	-1	811	2.635E-233	6	23323	26521	1337	265	0.556	4.650E-75	560	807	895	-24386	-23652	735	24476	23595
422729445	-1	811	2.635E-233	6	23323	26521	1341	134	0.738	1.938E-33	807	894	895	-23586	-23323	264	23598	23323
422783503	1	205	6.998E-51	1	4622	4918	103	205	0.974	9.387E-58	0	98	193	4622	4918	297	4565	4918
422785177	1	55	9.988E-06	1	13659	13820	319	55	0.514	2.457E-06	40	93	94	13659	13820	162	13611	13820
422791446	-1	411	6.804E-113	3	23652	25993	1302	158	0.510	2.524E-40	273	436	930	-25993	-25508	486	26011	25487
422791446	-1	411	6.804E-113	3	23652	25993	1304	65	0.492	1.037E-09	437	504	930	-25444	-25241	204	25456	25235
422791446	-1	411	6.804E-113	3	23652	25993	1337	251	0.494	3.741E-70	570	842	930	-24389	-23652	738	24476	23595
422800696	1	51	1.598E-04	1	13662	13820	319	51	0.486	8.188E-05	45	97	98	13662	13820	159	13611	13820
422809437	1	413	1.701E-113	3	4613	5509	103	220	1.000	7.855E-63	8	109	219	4613	4918	306	4565	4918
422809437	1	413	1.701E-113	3	4613	5509	112	105	0.829	6.974E-24	107	166	219	5118	5297	180	5118	5324
422809437	1	413	1.701E-113	3	4613	5509	115	93	0.813	3.563E-19	163	216	219	5348	5509	162	5246	5515
422850428	1	299	3.533E-79	1	597	2051	34	299	0.369	5.770E-83	197	680	692	597	2051	1455	483	2057
422854632	-1	289	3.618E-76	2	23652	25978	1302	169	0.558	7.006E-44	140	295	746	-25978	-25514	465	26011	25487
422854632	-1	289	3.618E-76	2	23652	25978	1337	253	0.535	7.796E-71	430	677	746	-24386	-23652	735	24476	23595
422868813	1	315	5.391E-84	1	600	2051	34	315	0.381	1.753E-88	223	710	733	600	2051	1452	483	2057
422880224	-1	295	5.653E-78	5	23323	26506	1292	131	0.449	4.071E-30	97	255	883	-26506	-26033	474	26656	26015
422880224	-1	295	5.653E-78	5	23323	26506	1302	172	0.545	4.112E-45	248	411	883	-25996	-25508	489	26011	25487
422880224	-1	295	5.653E-78	5	23323	26506	1304	69	0.531	3.138E-11	412	477	883	-25444	-25247	198	25456	25235
422880224	-1	295	5.653E-78	5	23323	26506	1323	52	0.496	2.154E-05	490	542	883	-24622	-24464	159	24643	24458
422880224	-1	295	5.653E-78	5	23323	26506	1341	137	0.751	2.114E-34	795	882	883	-23586	-23323	264	23598	23323
422890526	-1	374	9.352E-102	3	23652	26512	1292	104	0.368	6.579E-21	116	280	902	-26512	-26033	480	26656	26015
422890526	-1	374	9.352E-102	3	23652	26512	1302	149	0.484	6.612E-37	274	437	902	-25993	-25508	486	26011	25487
422890526	-1	374	9.352E-102	3	23652	26512	1337	261	0.556	1.468E-73	573	814	902	-24383	-23652	732	24476	23595
422904554	1	208	8.747E-52	1	1089	1973	34	208	0.404	2.688E-52	178	468	471	1089	1973	885	483	2057
422918503	1	173	3.006E-41	2	5139	5491	112	98	0.868	2.105E-21	0	52	105	5139	5297	159	5118	5324
422918503	1	173	3.006E-41	2	5139	5491	115	78	0.765	8.348E-14	49	96	105	5348	5491	144	5246	5515
429316051	1	377	1.169E-102	3	4613	5497	103	211	0.969	1.544E-59	8	109	215	4613	4918	306	4565	4918
429316051	1	377	1.169E-102	3	4613	5497	112	98	0.782	1.532E-21	107	166	215	5118	5297	180	5118	5324
429316051	1	377	1.169E-102	3	4613	5497	115	73	0.702	2.733E-12	163	212	215	5348	5497	150	5246	5515
430443642	1	227	1.668E-57	4	20060	21028	456	34	0.776	9.817E+00	15	34	221	20060	20119	60	20000	20122
430443642	1	227	1.668E-57	4	20060	21028	475	137	0.699	5.390E-32	68	162	221	20439	20726	288	20433	21131
430443642	1	227	1.668E-57	4	20060	21028	471	33	0.681	1.393E+01	163	184	221	20791	20856	66	20782	20856
430443642	1	227	1.668E-57	4	20060	21028	473	52	0.740	4.050E-06	185	217	221	20930	21028	99	20924	21031
430921338	1	220	2.136E-55	3	20439	21028	475	134	0.687	4.788E-31	77	171	249	20439	20726	288	20433	21131
430921338	1	220	2.136E-55	3	20439	21028	471	32	0.685	3.656E+01	173	193	249	20794	20856	63	20782	20856
430921338	1	220	2.136E-55	3	20439	21028	473	52	0.740	4.050E-06	194	226	249	20930	21028	99	20924	21031
432178416	1	399	2.787E-109	3	4613	5509	103	219	1.000	1.478E-62	8	109	219	4613	4918	306	4565	4918
432178416	1	399	2.787E-109	3	4613	5509	112	107	0.843	1.428E-24	107	166	219	5118	5297	180	5118	5324
432178416	1	399	2.787E-109	3	4613	5509	115	78	0.695	6.079E-14	163	216	219	5348	5509	162	5246	5515
432591812	1	163	3.078E-38	1	1383	2051	34	163	0.413	1.519E-37	7	205	231	1383	2051	669	483	2057
433343361	-1	438	5.070E-121	3	23652	25978	1302	173	0.563	3.001E-45	243	400	869	-25978	-25508	471	26011	25487
433343361	-1	438	5.070E-121	3	23652	25978	1304	68	0.509	1.119E-10	401	468	869	-25444	-25241	204	25456	25235
433343361	-1	438	5.070E-121	3	23652	25978	1337	260	0.547	2.750E-73	534	781	869	-24386	-23652	735	24476	23595
433380188	-1	1370	0.000E+00	6	23323	26539	1292	306	0.866	1.261E-90	39	207	825	-26539	-26033	507	26656	26015
433380188	-1	1370	0.000E+00	6	23323	26539	1302	227	0.712	3.828E-64	206	362	825	-25978	-25508	471	26011	25487
433380188	-1	1370	0.000E+00	6	23323	26539	1304	108	0.761	9.705E-25	364	431	825	-25441	-25238	204	25456	25235
433380188	-1	1370	0.000E+00	6	23323	26539	1323	95	0.782	1.367E-20	433	490	825	-24634	-24461	174	24643	24458
433380188	-1	1370	0.000E+00	6	23323	26539	1337	445	0.869	1.711E-137	492	737	825	-24389	-23652	738	24476	23595
433380188	-1	1370	0.000E+00	6	23323	26539	1341	184	0.982	5.009E-51	737	824	825	-23586	-23323	264	23598	23323
433646344	1	429	2.596E-118	3	4613	5512	103	220	1.000	5.727E-63	8	109	218	4613	4918	306	4565	4918
433646344	1	429	2.596E-118	3	4613	5512	112	106	0.835	3.698E-24	107	166	218	5118	5297	180	5118	5324
433646344	1	429	2.596E-118	3	4613	5512	115	108	0.917	2.101E-24	163	217	218	5348	5512	165	5246	5515
433661622	1	344	1.004E-92	1	597	2051	34	344	0.408	1.826E-98	31	508	555	597	2051	1455	483	2057
435157640	1	402	3.484E-110	3	4613	5506	103	214	0.986	6.551E-61	8	109	219	4613	4918	306	4565	4918
435157640	1	402	3.484E-110	3	4613	5506	112	105	0.829	6.974E-24	107	166	219	5118	5297	180	5118	5324
435157640	1	402	3.484E-110	3	4613	5506	115	88	0.786	2.195E-17	163	215	219	5348	5506	159	5246	5515
436051336	1	174	1.503E-41	3	20015	21031	456	36	0.467	3.736E+00	3	40	230	20015	20119	105	20000	20122
436051336	1	174	1.503E-41	3	20015	21031	475	141	0.717	2.375E-33	77	171	230	20439	20726	288	20433	21131
436051336	1	174	1.503E-41	3	20015	21031	473	53	0.731	2.138E-06	194	227	230	20930	21031	102	20924	21031
436470505	1	171	1.202E-40	3	20027	21028	456	36	0.510	3.736E+00	7	40	256	20027	20119	93	20000	20122
436470505	1	171	1.202E-40	3	20027	21028	475	137	0.698	7.364E-32	76	170	256	20439	20726	288	20433	21131
436470505	1	171	1.202E-40	3	20027	21028	473	53	0.745	2.943E-06	193	225	256	20930	21028	99	20924	21031
436499283	1	148	1.008E-33	2	20045	20744	456	40	0.889	1.501E-01	15	34	227	20045	20104	60	20000	20122
436499283	1	148	1.008E-33	2	20045	20744	475	146	0.685	4.089E-35	74	178	227	20439	20744	306	20433	21131
436558224	1	180	2.348E-43	3	20051	21028	456	37	0.738	1.032E+00	17	39	247	20051	20119	69	20000	20122
436558224	1	180	2.348E-43	3	20051	21028	475	145	0.734	1.044E-34	75	169	247	20439	20726	288	20433	21131
436558224	1	180	2.348E-43	3	20051	21028	473	53	0.750	2.138E-06	192	224	247	20930	21028	99	20924	21031
436769733	1	144	1.614E-32	2	20018	20726	456	40	0.646	1.089E-01	5	33	226	20018	20104	87	20000	20122
436769733	1	144	1.614E-32	2	20018	20726	475	142	0.722	9.305E-34	73	167	226	20439	20726	288	20433	21131
436854187	1	173	3.006E-41	3	20039	21028	456	36	0.623	2.708E+00	13	39	247	20039	20119	81	20000	20122
436854187	1	173	3.006E-41	3	20039	21028	475	138	0.701	3.945E-32	75	169	247	20439	20726	288	20433	21131
436854187	1	173	3.006E-41	3	20039	21028	473	54	0.766	8.205E-07	192	224	247	20930	21028	99	20924	21031
436894357	1	170	2.404E-40	2	20439	21028	475	138	0.701	3.945E-32	78	172	230	20439	20726	288	20433	21131
436894357	1	170	2.404E-40	2	20439	21028	473	53	0.755	1.554E-06	195	227	230	20930	21028	99	20924	21031
436912441	1	171	1.202E-40	3	20045	20856	456	36	0.666	2.708E+00	17	41	243	20045	20119	75	20000	20122
436912441	1	171	1.202E-40	3	20045	20856	475	136	0.692	1.878E-31	77	171	243	20439	20726	288	20433	21131
436912441	1	171	1.202E-40	3	20045	20856	471	32	0.685	3.656E+01	173	193	243	20794	20856	63	20782	20856
436965698	1	225	6.674E-57	4	20045	21031	456	38	0.693	7.480E-01	16	40	311	20045	20119	75	20000	20122
436965698	1	225	6.674E-57	4	20045	21031	475	132	0.643	3.110E-30	74	175	311	20439	20744	306	20433	21131
436965698	1	225	6.674E-57	4	20045	21031	471	33	0.673	1.922E+01	166	187	311	20791	20856	66	20782	20856
436965698	1	225	6.674E-57	4	20045	21031	473	61	0.831	3.624E-09	188	221	311	20930	21031	102	20924	21031
437019490	-1	503	1.374E-140	4	23652	26512	1292	105	0.371	2.590E-21	106	270	891	-26512	-26033	480	26656	26015
437019490	-1	503	1.374E-140	4	23652	26512	1302	150	0.488	1.877E-37	264	427	891	-25993	-25508	486	26011	25487
437019490	-1	503	1.374E-140	4	23652	26512	1304	64	0.487	1.958E-09	428	495	891	-25444	-25241	204	25456	25235
437019490	-1	503	1.374E-140	4	23652	26512	1337	252	0.537	1.460E-70	561	803	891	-24389	-23652	738	24476	23595
437066186	1	407	1.089E-111	3	4613	5506	103	218	0.999	5.230E-62	8	109	219	4613	4918	306	4565	4918
437066186	1	407	1.089E-111	3	4613	5506	112	107	0.841	1.961E-24	107	166	219	5118	5297	180	5118	5324
437066186	1	407	1.089E-111	3	4613	5506	115	87	0.782	3.013E-17	163	215	219	5348	5506	159	5246	5515
437079126	1	408	5.443E-112	3	4613	5509	103	213	0.979	2.318E-60	8	109	218	4613	4918	306	4565	4918
437079126	1	408	5.443E-112	3	4613	5509	112	105	0.829	6.974E-24	107	166	218	5118	5297	180	5118	5324
437079126	1	408	5.443E-112	3	4613	5509	115	95	0.832	5.320E-20	163	216	218	5348	5509	162	5246	5515
437166259	1	219	4.271E-55	1	4607	4915	103	219	0.997	1.478E-62	0	102	103	4607	4915	309	4565	4918
437187112	1	402	3.484E-110	3	4613	5506	103	215	0.988	4.776E-61	8	109	220	4613	4918	306	4565	4918
437187112	1	402	3.484E-110	3	4613	5506	112	99	0.787	8.125E-22	107	166	220	5118	5297	180	5118	5324
437187112	1	402	3.484E-110	3	4613	5506	115	93	0.830	2.595E-19	163	215	220	5348	5506	159	5246	5515
437187163	-1	392	3.567E-107	3	23652	26506	1292	107	0.378	7.467E-22	23	185	807	-26506	-26033	474	26656	26015
437187163	-1	392	3.567E-107	3	23652	26506	1302	153	0.509	1.513E-38	184	342	807	-25978	-25508	471	26011	25487
437187163	-1	392	3.567E-107	3	23652	26506	1337	265	0.559	6.365E-75	476	719	807	-24389	-23652	738	24476	23595
437193506	1	218	8.542E-55	1	4607	4915	103	218	0.992	3.813E-62	0	102	103	4607	4915	309	4565	4918
437197282	1	176	3.757E-42	2	5118	5512	112	98	0.779	2.105E-21	21	80	134	5118	5297	180	5118	5324
437197282	1	176	3.757E-42	2	5118	5512	115	81	0.705	6.604E-15	77	131	134	5348	5512	165	5246	5515
437204317	-1	339	3.213E-91	3	23652	25993	1302	142	0.468	1.017E-34	232	395	856	-25993	-25508	486	26011	25487
437204317	-1	339	3.213E-91	3	23652	25993	1323	36	0.372	5.642E+00	473	525	856	-24622	-24464	159	24643	24458
437204317	-1	339	3.213E-91	3	23652	25993	1337	238	0.514	8.519E-66	528	768	856	-24389	-23652	738	24476	23595
437274119	1	59	6.242E-07	1	13659	13820	319	59	0.545	1.016E-07	16	68	79	13659	13820	162	13611	13820
437291107	1	394	8.918E-108	3	4613	5506	103	218	1.000	3.813E-62	19	120	231	4613	4918	306	4565	4918
437291107	1	394	8.918E-108	3	4613	5506	112	102	0.745	6.422E-23	118	181	231	5118	5315	198	5118	5324
437291107	1	394	8.918E-108	3	4613	5506	115	83	0.747	9.854E-16	174	226	231	5348	5506	159	5246	5515
437341941	1	193	2.866E-47	1	1287	2048	34	193	0.426	1.963E-47	101	354	372	1287	2048	762	483	2057
437360269	-1	408	5.443E-112	3	23652	25978	1302	187	0.598	3.550E-50	72	230	696	-25978	-25505	474	26011	25487
437360269	-1	408	5.443E-112	3	23652	25978	1304	63	0.503	5.085E-09	231	294	696	-25441	-25250	192	25456	25235
437360269	-1	408	5.443E-112	3	23652	25978	1337	227	0.497	7.522E-62	366	608	696	-24383	-23652	732	24476	23595
437361416	1	181	1.174E-43	1	1464	2051	34	181	0.425	1.638E-43	0	238	259	1464	2051	588	483	2057
437361526	1	163	3.078E-38	1	1569	2051	34	163	0.530	1.519E-37	14	174	188	1569	2051	483	483	2057
437366746	-1	824	3.217E-237	6	23323	26506	1292	133	0.452	8.522E-31	127	286	907	-26506	-26033	474	26656	26015
437366746	-1	824	3.217E-237	6	23323	26506	1302	171	0.564	1.058E-44	286	441	907	-25975	-25508	468	26011	25487
437366746	-1	824	3.217E-237	6	23323	26506	1304	72	0.543	3.391E-12	442	508	907	-25444	-25244	201	25456	25235
437366746	-1	824	3.217E-237	6	23323	26506	1323	47	0.430	1.369E-03	515	571	907	-24631	-24461	171	24643	24458
437366746	-1	824	3.217E-237	6	23323	26506	1337	265	0.560	3.398E-75	574	819	907	-24386	-23652	735	24476	23595
437366746	-1	824	3.217E-237	6	23323	26506	1341	138	0.755	1.123E-34	819	906	907	-23586	-23323	264	23598	23323
437422104	-1	284	1.158E-74	5	23323	26440	1292	124	0.484	6.043E-28	96	232	860	-26440	-26033	408	26656	26015
437422104	-1	284	1.158E-74	5	23323	26440	1302	173	0.546	3.001E-45	225	388	860	-25996	-25508	489	26011	25487
437422104	-1	284	1.158E-74	5	23323	26440	1304	74	0.559	9.512E-13	389	454	860	-25444	-25247	198	25456	25235
437422104	-1	284	1.158E-74	5	23323	26440	1323	46	0.458	1.885E-03	467	518	860	-24622	-24467	156	24643	24458
437422104	-1	284	1.158E-74	5	23323	26440	1341	134	0.740	1.413E-33	772	859	860	-23586	-23323	264	23598	23323
437425303	1	407	1.089E-111	3	4637	5509	103	203	1.000	8.573E-57	58	151	261	4637	4918	282	4565	4918
437425303	1	407	1.089E-111	3	4637	5509	112	104	0.849	1.315E-23	149	206	261	5118	5291	174	5118	5324
437425303	1	407	1.089E-111	3	4637	5509	115	103	0.895	9.409E-23	205	258	261	5348	5509	162	5246	5515
437477086	1	228	8.342E-58	1	1077	1994	34	228	0.420	6.573E-59	0	303	307	1077	1994	918	483	2057
437543565	1	238	8.146E-61	3	20436	21031	475	146	0.733	4.089E-35	72	167	228	20436	20726	291	20433	21131
437543565	1	238	8.146E-61	3	20436	21031	471	33	0.718	1.010E+01	169	189	228	20794	20856	63	20782	20856
437543565	1	238	8.146E-61	3	20436	21031	473	57	0.786	6.389E-08	190	223	228	20930	21031	102	20924	21031
437546645	1	280	1.852E-73	1	597	2051	34	280	0.353	8.664E-77	123	606	621	597	2051	1455	483	2057
440521747	1	225	6.674E-57	3	20439	21028	475	144	0.676	2.667E-34	84	188	237	20439	20744	306	20433	21131
440521747	1	225	6.674E-57	3	20439	21028	471	34	0.697	7.328E+00	179	200	237	20791	20856	66	20782	20856
440521747	1	225	6.674E-57	3	20439	21028	473	55	0.771	5.963E-07	201	233	237	20930	21028	99	20924	21031
443221827	-1	281	9.261E-74	5	23323	26506	1292	124	0.430	1.129E-27	89	247	875	-26506	-26033	474	26656	26015
443221827	-1	281	9.261E-74	5	23323	26506	1302	169	0.537	5.113E-44	240	403	875	-25996	-25508	489	26011	25487
443221827	-1	281	9.261E-74	5	23323	26506	1304	73	0.557	1.307E-12	404	469	875	-25444	-25247	198	25456	25235
443221827	-1	281	9.261E-74	5	23323	26506	1323	48	0.478	5.250E-04	482	532	875	-24622	-24470	153	24643	24458
443221827	-1	281	9.261E-74	5	23323	26506	1341	135	0.742	1.029E-33	787	874	875	-23586	-23323	264	23598	23323
443565913	1	261	9.711E-68	1	933	2051	34	261	0.401	4.282E-70	1	375	394	933	2051	1119	483	2057
443733805	1	401	6.968E-110	3	4613	5509	103	218	0.999	5.230E-62	8	109	219	4613	4918	306	4565	4918
443733805	1	401	6.968E-110	3	4613	5509	112	105	0.763	6.974E-24	107	170	219	5118	5315	198	5118	5324
443733805	1	401	6.968E-110	3	4613	5509	115	87	0.770	3.013E-17	163	216	219	5348	5509	162	5246	5515
444973587	1	410	1.361E-112	3	4613	5515	103	218	1.000	3.813E-62	8	109	219	4613	4918	306	4565	4918
444973587	1	410	1.361E-112	3	4613	5515	112	103	0.812	4.676E-23	107	166	219	5118	5297	180	5118	5324
444973587	1	410	1.361E-112	3	4613	5515	115	94	0.797	1.377E-19	163	218	219	5348	5515	168	5246	5515
445343464	1	346	2.510E-93	1	600	2057	34	346	0.407	3.856E-99	269	757	768	600	2057	1458	483	2057
446061157	1	254	1.243E-65	1	597	1811	34	254	0.373	5.870E-68	281	685	686	597	1811	1215	483	2057
446093774	1	400	1.394E-109	3	4613	5506	103	216	0.992	1.851E-61	8	109	219	4613	4918	306	4565	4918
446093774	1	400	1.394E-109	3	4613	5506	112	102	0.804	1.211E-22	107	166	219	5118	5297	180	5118	5324
446093774	1	400	1.394E-109	3	4613	5506	115	87	0.776	5.681E-17	163	215	219	5348	5506	159	5246	5515
446206635	1	402	3.484E-110	3	4613	5506	103	216	0.991	2.539E-61	8	109	219	4613	4918	306	4565	4918
446206635	1	402	3.484E-110	3	4613	5506	112	102	0.807	8.819E-23	107	166	219	5118	5297	180	5118	5324
446206635	1	402	3.484E-110	3	4613	5506	115	89	0.795	8.479E-18	163	215	219	5348	5506	159	5246	5515
446749754	-1	560	9.535E-158	4	23652	26344	1292	93	0.467	3.877E-17	0	105	725	-26344	-26027	318	26656	26015
446749754	-1	560	9.535E-158	4	23652	26344	1302	188	0.605	1.006E-50	102	259	725	-25978	-25508	471	26011	25487
446749754	-1	560	9.535E-158	4	23652	26344	1304	63	0.497	5.085E-09	260	324	725	-25444	-25250	195	25456	25235
446749754	-1	560	9.535E-158	4	23652	26344	1337	254	0.495	4.163E-71	363	637	725	-24467	-23652	816	24476	23595
447357846	1	301	8.832E-80	1	933	2051	34	301	0.447	6.606E-84	1	375	395	933	2051	1119	483	2057
447454725	1	270	1.897E-70	1	933	2048	34	270	0.412	3.591E-73	1	374	395	933	2048	1116	483	2057
448580518	1	208	8.747E-52	1	1386	2051	34	208	0.500	1.984E-52	12	233	250	1386	2051	666	483	2057
448582231	1	331	8.226E-89	1	600	2051	34	331	0.397	7.103E-94	175	658	676	600	2051	1452	483	2057
448658249	1	403	1.742E-110	3	4613	5509	103	218	0.999	5.230E-62	8	109	219	4613	4918	306	4565	4918
448658249	1	403	1.742E-110	3	4613	5509	112	106	0.766	5.078E-24	107	170	219	5118	5315	198	5118	5324
448658249	1	403	1.742E-110	3	4613	5509	115	88	0.773	2.195E-17	163	216	219	5348	5509	162	5246	5515
448970789	1	172	6.011E-41	2	20436	21028	475	140	0.705	6.061E-33	70	165	223	20436	20726	291	20433	21131
448970789	1	172	6.011E-41	2	20436	21028	473	53	0.755	1.554E-06	188	220	223	20930	21028	99	20924	21031
449450474	1	440	1.267E-121	3	4613	5509	103	222	1.000	2.220E-63	8	109	219	4613	4918	306	4565	4918
449450474	1	440	1.267E-121	3	4613	5509	112	108	0.875	7.575E-25	107	164	219	5118	5291	174	5118	5324
449450474	1	440	1.267E-121	3	4613	5509	115	113	0.970	4.695E-26	163	216	219	5348	5509	162	5246	5515
449530342	1	395	4.459E-108	3	4613	5506	103	211	0.969	1.544E-59	8	109	218	4613	4918	306	4565	4918
449530342	1	395	4.459E-108	3	4613	5506	112	105	0.829	6.974E-24	107	166	218	5118	5297	180	5118	5324
449530342	1	395	4.459E-108	3	4613	5506	115	84	0.757	3.806E-16	163	215	218	5348	5506	159	5246	5515
450080619	1	418	5.316E-115	3	4613	5509	103	220	1.000	5.727E-63	8	109	218	4613	4918	306	4565	4918
450080619	1	418	5.316E-115	3	4613	5509	112	109	0.791	2.131E-25	107	170	218	5118	5315	198	5118	5324
450080619	1	418	5.316E-115	3	4613	5509	115	98	0.857	4.216E-21	163	216	218	5348	5509	162	5246	5515
450316485	1	263	2.428E-68	1	897	2051	34	263	0.396	6.755E-71	0	384	413	897	2051	1155	483	2057
450382260	-1	556	1.526E-156	4	23652	26494	1292	137	0.473	2.728E-32	131	286	909	-26494	-26033	462	26656	26015
450382260	-1	556	1.526E-156	4	23652	26494	1302	186	0.596	6.668E-50	285	443	909	-25978	-25508	471	26011	25487
450382260	-1	556	1.526E-156	4	23652	26494	1304	69	0.538	3.138E-11	444	508	909	-25444	-25250	195	25456	25235
450382260	-1	556	1.526E-156	4	23652	26494	1337	230	0.500	6.139E-63	577	821	909	-24389	-23652	738	24476	23595
450600955	1	403	1.742E-110	3	4613	5506	103	216	0.991	2.539E-61	8	109	220	4613	4918	306	4565	4918
450600955	1	403	1.742E-110	3	4613	5506	112	107	0.841	1.961E-24	107	166	220	5118	5297	180	5118	5324
450600955	1	403	1.742E-110	3	4613	5506	115	85	0.760	2.772E-16	163	215	220	5348	5506	159	5246	5515
450635373	-1	567	7.449E-160	4	23323	25978	1302	170	0.557	1.987E-44	243	400	869	-25978	-25508	471	26011	25487
450635373	-1	567	7.449E-160	4	23323	25978	1304	70	0.526	1.209E-11	401	468	869	-25444	-25241	204	25456	25235
450635373	-1	567	7.449E-160	4	23323	25978	1337	266	0.558	1.814E-75	534	781	869	-24386	-23652	735	24476	23595
450635373	-1	567	7.449E-160	4	23323	25978	1341	123	0.685	1.371E-29	781	868	869	-23586	-23323	264	23598	23323
450641230	1	349	3.138E-94	1	597	2048	34	349	0.411	4.368E-100	360	845	866	597	2048	1452	483	2057
451055598	1	184	1.468E-44	2	20439	21031	475	148	0.746	1.171E-35	77	171	232	20439	20726	288	20433	21131
451055598	1	184	1.468E-44	2	20439	21031	473	57	0.786	6.389E-08	194	227	232	20930	21031	102	20924	21031
451164267	1	176	3.757E-42	3	20042	21028	456	37	0.657	1.423E+00	12	37	245	20042	20119	78	20000	20122
451164267	1	176	3.757E-42	3	20042	21028	475	140	0.712	6.061E-33	73	167	245	20439	20726	288	20433	21131
451164267	1	176	3.757E-42	3	20042	21028	473	54	0.760	1.129E-06	190	222	245	20930	21028	99	20924	21031
451194386	1	140	2.582E-31	2	20009	20726	456	39	0.564	2.853E-01	2	34	232	20009	20104	96	20000	20122
451194386	1	140	2.582E-31	2	20009	20726	475	139	0.710	8.282E-33	74	168	232	20439	20726	288	20433	21131
451219933	1	179	4.696E-43	3	20015	20856	456	37	0.572	1.032E+00	2	32	234	20015	20104	90	20000	20122
451219933	1	179	4.696E-43	3	20015	20856	475	141	0.710	2.375E-33	70	166	234	20436	20726	291	20433	21131
451219933	1	179	4.696E-43	3	20015	20856	471	36	0.752	7.747E-01	167	188	234	20791	20856	66	20782	20856
451445978	1	170	2.404E-40	3	20042	21028	456	38	0.670	7.480E-01	15	40	256	20042	20119	78	20000	20122
451445978	1	170	2.404E-40	3	20042	21028	475	134	0.687	4.788E-31	76	170	256	20439	20726	288	20433	21131
451445978	1	170	2.404E-40	3	20042	21028	473	53	0.745	2.943E-06	193	225	256	20930	21028	99	20924	21031
451492189	1	145	8.068E-33	2	20021	20726	456	39	0.634	2.069E-01	7	35	233	20021	20104	84	20000	20122
451492189	1	145	8.068E-33	2	20021	20726	475	144	0.731	1.951E-34	75	169	233	20439	20726	288	20433	21131
451574037	1	404	8.709E-111	3	4613	5506	103	214	0.986	6.551E-61	8	109	219	4613	4918	306	4565	4918
451574037	1	404	8.709E-111	3	4613	5506	112	105	0.829	6.974E-24	107	166	219	5118	5297	180	5118	5324
451574037	1	404	8.709E-111	3	4613	5506	115	90	0.801	4.498E-18	163	215	219	5348	5506	159	5246	5515
451575052	1	190	2.293E-46	3	20000	20856	456	39	0.483	2.853E-01	1	33	225	20000	20119	120	20000	20122
451575052	1	190	2.293E-46	3	20000	20856	475	150	0.750	1.794E-36	68	163	225	20436	20726	291	20433	21131
451575052	1	190	2.293E-46	3	20000	20856	471	33	0.718	1.010E+01	165	185	225	20794	20856	63	20782	20856
451589322	1	415	4.253E-114	3	4613	5509	103	220	1.000	7.855E-63	8	109	219	4613	4918	306	4565	4918
451589322	1	415	4.253E-114	3	4613	5509	112	105	0.829	6.974E-24	107	166	219	5118	5297	180	5118	5324
451589322	1	415	4.253E-114	3	4613	5509	115	95	0.829	7.304E-20	163	216	219	5348	5509	162	5246	5515
451590469	1	154	1.576E-35	1	1566	2042	34	154	0.512	1.030E-34	9	167	174	1566	2042	477	483	2057
451621453	1	219	4.271E-55	1	4607	4915	103	219	0.995	2.027E-62	0	102	103	4607	4915	309	4565	4918
451664240	1	345	5.021E-93	1	546	2051	34	345	0.399	7.183E-99	347	842	859	546	2051	1506	483	2057
451677941	1	221	1.068E-55	1	4607	4918	103	221	0.996	3.044E-63	0	103	104	4607	4918	312	4565	4918
451686449	-1	971	1.803E-281	6	23323	26527	1292	203	0.614	6.343E-55	172	338	961	-26527	-26027	501	26656	26015
451686449	-1	971	1.803E-281	6	23323	26527	1302	183	0.575	1.137E-48	330	492	961	-25993	-25508	486	26011	25487
451686449	-1	971	1.803E-281	6	23323	26527	1304	78	0.605	2.102E-14	494	557	961	-25441	-25250	192	25456	25235
451686449	-1	971	1.803E-281	6	23323	26527	1323	51	0.469	4.079E-05	570	625	961	-24622	-24464	159	24643	24458
451686449	-1	971	1.803E-281	6	23323	26527	1337	333	0.677	1.144E-98	628	873	961	-24389	-23652	738	24476	23595
451686449	-1	971	1.803E-281	6	23323	26527	1341	139	0.765	2.307E-35	873	960	961	-23586	-23323	264	23598	23323
451689558	1	111	1.386E-22	1	17214	17666	402	111	0.392	7.231E-24	11	171	174	17214	17666	453	17160	17672
451719226	1	379	2.922E-103	3	4613	5500	103	214	0.983	1.232E-60	8	109	215	4613	4918	306	4565	4918
451719226	1	379	2.922E-103	3	4613	5500	112	94	0.748	6.904E-20	107	166	215	5118	5297	180	5118	5324
451719226	1	379	2.922E-103	3	4613	5500	115	76	0.710	4.076E-13	163	213	215	5348	5500	153	5246	5515
451733460	1	396	2.230E-108	3	4613	5506	103	213	0.979	2.318E-60	8	109	220	4613	4918	306	4565	4918
451733460	1	396	2.230E-108	3	4613	5506	112	96	0.765	1.028E-20	107	166	220	5118	5297	180	5118	5324
451733460	1	396	2.230E-108	3	4613	5506	115	92	0.817	9.220E-19	163	215	220	5348	5506	159	5246	5515
451733501	1	401	6.968E-110	3	4613	5506	103	215	0.988	4.776E-61	8	109	220	4613	4918	306	4565	4918
451733501	1	401	6.968E-110	3	4613	5506	112	99	0.787	8.125E-22	107	166	220	5118	5297	180	5118	5324
451733501	1	401	6.968E-110	3	4613	5506	115	92	0.817	9.220E-19	163	215	220	5348	5506	159	5246	5515
451741670	1	195	7.166E-48	2	5118	5506	112	104	0.821	1.806E-23	19	78	132	5118	5297	180	5118	5324
451741670	1	195	7.166E-48	2	5118	5506	115	94	0.837	1.377E-19	75	127	132	5348	5506	159	5246	5515
451744163	1	383	1.826E-104	3	4613	5512	103	205	0.947	1.288E-57	8	109	220	4613	4918	306	4565	4918
451744163	1	383	1.826E-104	3	4613	5512	112	97	0.770	5.452E-21	107	166	220	5118	5297	180	5118	5324
451744163	1	383	1.826E-104	3	4613	5512	115	86	0.745	1.071E-16	163	217	220	5348	5512	165	5246	5515
451767975	1	53	3.995E-05	1	13668	13820	319	53	0.524	8.791E-06	22	72	73	13668	13820	153	13611	13820
451770899	-1	570	9.311E-161	4	23323	26506	1292	138	0.473	1.067E-32	107	263	888	-26506	-26036	471	26656	26015
451770899	-1	570	9.311E-161	4	23323	26506	1302	166	0.566	4.638E-43	271	421	888	-25954	-25502	453	26011	25487
451770899	-1	570	9.311E-161	4	23323	26506	1337	267	0.559	9.681E-76	553	800	888	-24386	-23652	735	24476	23595
451770899	-1	570	9.311E-161	4	23323	26506	1341	134	0.740	1.413E-33	800	887	888	-23586	-23323	264	23598	23323
451773154	1	154	1.576E-35	1	1551	2021	34	154	0.516	1.384E-34	0	156	158	1551	2021	471	483	2057
451796370	-1	137	2.065E-30	3	5124	5490	1767	44	0.690	2.713E-03	12	41	116	-5490	-5401	90	5514	5401
451796370	-1	137	2.065E-30	3	5124	5490	1770	31	0.894	5.291E+01	44	58	116	-5394	-5350	45	5397	5350
451796370	-1	137	2.065E-30	3	5124	5490	1775	64	0.621	4.445E-09	57	106	116	-5273	-5124	150	5375	5121
451796479	1	53	3.995E-05	1	13653	13820	319	53	0.481	1.663E-05	44	99	100	13653	13820	168	13611	13820
451803887	1	217	1.708E-54	1	4607	4915	103	217	0.989	7.173E-62	0	102	103	4607	4915	309	4565	4918
451838263	1	49	6.392E-04	1	13659	13811	319	49	0.485	4.034E-04	3	53	56	13659	13811	153	13611	13820
451929597	1	127	2.115E-27	1	1428	1802	34	127	0.528	8.014E-26	26	150	156	1428	1802	375	483	2057
451933505	1	284	1.158E-74	1	597	2048	34	284	0.357	3.948E-78	279	761	771	597	2048	1452	483	2057
451937925	-1	288	7.235E-76	2	23652	25978	1302	167	0.553	3.385E-43	140	295	746	-25978	-25514	465	26011	25487
451937925	-1	288	7.235E-76	2	23652	25978	1337	254	0.538	2.223E-71	430	677	746	-24386	-23652	735	24476	23595
451938012	-1	290	1.809E-76	2	23652	25978	1302	167	0.553	3.385E-43	140	295	746	-25978	-25514	465	26011	25487
451938012	-1	290	1.809E-76	2	23652	25978	1337	256	0.541	4.631E-72	430	677	746	-24386	-23652	735	24476	23595
451951583	1	253	2.486E-65	1	1077	2051	34	253	0.435	1.476E-67	0	325	342	1077	2051	975	483	2057
451952970	1	336	2.571E-90	1	597	2051	34	336	0.401	1.251E-95	171	654	673	597	2051	1455	483	2057
451955700	-1	336	2.571E-90	3	23652	25987	1302	150	0.496	1.877E-37	239	399	863	-25987	-25505	483	26011	25487
451955700	-1	336	2.571E-90	3	23652	25987	1304	68	0.551	8.144E-11	402	463	863	-25435	-25250	186	25456	25235
451955700	-1	336	2.571E-90	3	23652	25987	1337	189	0.432	8.172E-49	535	775	863	-24383	-23652	732	24476	23595
452013209	1	220	2.136E-55	1	4607	4915	103	220	0.998	1.077E-62	0	102	103	4607	4915	309	4565	4918
452071270	-1	787	4.421E-226	6	23323	26506	1292	121	0.412	7.347E-27	87	251	874	-26506	-26027	480	26656	26015
452071270	-1	787	4.421E-226	6	23323	26506	1302	162	0.536	1.082E-41	248	405	874	-25978	-25508	471	26011	25487
452071270	-1	787	4.421E-226	6	23323	26506	1304	61	0.470	3.430E-08	406	472	874	-25444	-25244	201	25456	25235
452071270	-1	787	4.421E-226	6	23323	26506	1323	51	0.489	4.079E-05	483	535	874	-24622	-24464	159	24643	24458
452071270	-1	787	4.421E-226	6	23323	26506	1337	274	0.571	4.657E-78	539	786	874	-24386	-23652	735	24476	23595
452071270	-1	787	4.421E-226	6	23323	26506	1341	128	0.707	3.070E-31	786	873	874	-23586	-23323	264	23598	23323
452091901	1	406	2.177E-111	3	4613	5506	103	220	1.000	1.077E-62	8	109	218	4613	4918	306	4565	4918
452091901	1	406	2.177E-111	3	4613	5506	112	104	0.818	2.480E-23	107	166	218	5118	5297	180	5118	5324
452091901	1	406	2.177E-111	3	4613	5506	115	87	0.782	3.013E-17	163	215	218	5348	5506	159	5246	5515
458006090	1	411	6.804E-113	3	4613	5509	103	218	1.000	2.780E-62	8	109	219	4613	4918	306	4565	4918
458006090	1	411	6.804E-113	3	4613	5509	112	105	0.829	6.974E-24	107	166	219	5118	5297	180	5118	5324
458006090	1	411	6.804E-113	3	4613	5509	115	93	0.810	4.891E-19	163	216	219	5348	5509	162	5246	5515
458695547	1	223	2.669E-56	1	1263	2051	34	223	0.463	2.560E-57	17	277	297	1263	2051	789	483	2057
459005661	1	312	4.313E-83	1	597	2051	34	312	0.380	1.536E-87	433	886	909	597	2051	1455	483	2057
459065026	1	394	8.918E-108	3	4613	5506	103	216	0.992	1.851E-61	8	109	218	4613	4918	306	4565	4918
459065026	1	394	8.918E-108	3	4613	5506	112	100	0.796	3.137E-22	107	166	218	5118	5297	180	5118	5324
459065026	1	394	8.918E-108	3	4613	5506	115	83	0.747	9.854E-16	163	215	218	5348	5506	159	5246	5515
459292157	-1	349	3.138E-94	3	23838	25978	1302	172	0.562	4.112E-45	226	383	734	-25978	-25508	471	26011	25487
459292157	-1	349	3.138E-94	3	23838	25978	1323	50	0.483	7.724E-05	461	513	734	-24622	-24464	159	24643	24458
459292157	-1	349	3.138E-94	3	23838	25978	1337	205	0.577	1.640E-54	517	698	734	-24386	-23838	549	24476	23595
460027404	1	213	2.733E-53	1	1368	2051	34	213	0.500	3.823E-54	204	431	451	1368	2051	684	483	2057
460108487	1	397	1.115E-108	3	4613	5491	103	220	1.000	5.727E-63	8	109	219	4613	4918	306	4565	4918
460108487	1	397	1.115E-108	3	4613	5491	112	107	0.841	1.961E-24	107	166	219	5118	5297	180	5118	5324
460108487	1	397	1.115E-108	3	4613	5491	115	75	0.741	7.686E-13	163	210	219	5348	5491	144	5246	5515
460145561	1	248	7.956E-64	1	1053	2051	34	248	0.422	5.883E-66	5	337	366	1053	2051	999	483	2057
460541870	1	387	1.142E-105	3	4613	5512	103	208	0.960	1.028E-58	8	109	220	4613	4918	306	4565	4918
460541870	1	387	1.142E-105	3	4613	5512	112	103	0.812	4.676E-23	107	166	220	5118	5297	180	5118	5324
460541870	1	387	1.142E-105	3	4613	5512	115	81	0.709	4.810E-15	163	217	220	5348	5512	165	5246	5515
461066960	1	239	4.073E-61	1	1089	2051	34	239	0.417	1.255E-62	39	363	383	1089	2051	963	483	2057
461864476	1	221	1.068E-55	2	4613	5488	103	204	0.943	2.422E-57	8	109	216	4613	4918	306	4565	4918
461864476	1	221	1.068E-55	2	4613	5488	115	69	0.704	6.520E-11	163	209	216	5348	5488	141	5246	5515
462590814	-1	700	6.841E-200	5	23323	26536	1292	140	0.445	2.229E-33	53	225	851	-26536	-26033	504	26656	26015
462590814	-1	700	6.841E-200	5	23323	26536	1302	169	0.535	5.113E-44	218	382	851	-25990	-25508	483	26011	25487
462590814	-1	700	6.841E-200	5	23323	26536	1304	63	0.494	6.990E-09	383	447	851	-25444	-25250	195	25456	25235
462590814	-1	700	6.841E-200	5	23323	26536	1337	268	0.561	3.775E-76	516	763	851	-24386	-23652	735	24476	23595
462590814	-1	700	6.841E-200	5	23323	26536	1341	131	0.723	2.439E-32	763	850	851	-23586	-23323	264	23598	23323
463010737	1	367	1.197E-99	1	597	2051	34	367	0.428	2.631E-106	119	601	614	597	2051	1455	483	2057
463301777	1	92	7.267E-17	1	5348	5506	115	92	0.821	6.715E-19	28	80	84	5348	5506	159	5246	5515
463760387	1	318	6.739E-85	1	597	2051	34	318	0.386	1.075E-89	448	932	951	597	2051	1455	483	2057
465161114	1	400	1.394E-109	3	4613	5497	103	215	0.989	3.482E-61	8	109	219	4613	4918	306	4565	4918
465161114	1	400	1.394E-109	3	4613	5497	112	110	0.863	1.552E-25	107	166	219	5118	5297	180	5118	5324
465161114	1	400	1.394E-109	3	4613	5497	115	80	0.759	1.245E-14	163	212	219	5348	5497	150	5246	5515
 