222085	-1	175	7.514E-42	2	23813	24401	1325	149	0.743	9.033E-38	72	167	226	-24401	-24111	291	24446	24060
222085	-1	175	7.514E-42	2	23813	24401	1331	47	0.673	2.582E-04	190	222	226	-23911	-23813	99	23917	23810
234171	-1	179	4.696E-43	2	20000	24398	1325	150	0.755	3.502E-38	73	167	231	-24398	-24111	288	24446	24060
234171	-1	179	4.696E-43	2	20000	24398	1426	50	0.714	2.001E-05	190	222	231	-20098	-20000	99	20104	19997
358934	-1	309	3.450E-82	5	20000	21093	1407	41	0.723	1.128E-01	6	31	309	-21093	-21016	78	21132	20971
358934	-1	309	3.450E-82	5	20000	21093	1415	43	0.463	1.217E-02	32	78	309	-20777	-20658	120	20777	20652
358934	-1	309	3.450E-82	5	20000	21093	1422	146	0.695	8.625E-37	79	181	309	-20588	-20283	306	20636	20247
358934	-1	309	3.450E-82	5	20000	21093	1423	35	0.729	7.100E+00	172	193	309	-20235	-20170	66	20310	20170
358934	-1	309	3.450E-82	5	20000	21093	1426	48	0.683	1.362E-04	194	226	309	-20098	-20000	99	20104	19997
457876	-1	179	4.696E-43	2	23813	24398	1325	149	0.750	9.033E-38	76	170	234	-24398	-24111	288	24446	24060
457876	-1	179	4.696E-43	2	23813	24398	1331	51	0.719	1.453E-05	193	225	234	-23911	-23813	99	23917	23810
501168	-1	181	1.174E-43	2	23813	24401	1325	147	0.735	4.383E-37	74	169	238	-24401	-24111	291	24446	24060
501168	-1	181	1.174E-43	2	23813	24401	1331	55	0.771	5.963E-07	192	224	238	-23911	-23813	99	23917	23810
536778	-1	251	9.944E-65	4	20000	21093	1407	41	0.723	1.128E-01	6	31	328	-21093	-21016	78	21132	20971
536778	-1	251	9.944E-65	4	20000	21093	1415	43	0.463	1.217E-02	32	78	328	-20777	-20658	120	20777	20652
536778	-1	251	9.944E-65	4	20000	21093	1422	146	0.695	8.625E-37	79	181	328	-20588	-20283	306	20636	20247
536778	-1	251	9.944E-65	4	20000	21093	1426	48	0.683	1.362E-04	213	245	328	-20098	-20000	99	20104	19997
599354	-1	168	9.618E-40	2	19997	20591	1422	138	0.695	6.552E-34	80	175	234	-20591	-20301	291	20636	20247
599354	-1	168	9.618E-40	2	19997	20591	1426	51	0.701	1.453E-05	198	231	234	-20098	-19997	102	20104	19997
613230	-1	172	6.011E-41	2	19997	20588	1422	144	0.729	4.184E-36	76	170	229	-20588	-20301	288	20636	20247
613230	-1	172	6.011E-41	2	19997	20588	1426	49	0.686	3.791E-05	193	226	229	-20098	-19997	102	20104	19997
704314	-1	183	2.935E-44	2	23983	24398	1325	149	0.752	6.586E-38	72	166	225	-24398	-24111	288	24446	24060
704314	-1	183	2.935E-44	2	23983	24398	1326	33	0.681	4.659E+01	167	188	225	-24048	-23983	66	24120	23983
763239	-1	378	5.845E-103	3	33537	34439	1092	213	0.978	3.030E-60	8	109	215	-34439	-34134	306	34484	34134
763239	-1	378	5.845E-103	3	33537	34439	1101	93	0.761	2.177E-19	107	164	215	-33920	-33747	174	33953	33735
763239	-1	378	5.845E-103	3	33537	34439	1105	75	0.703	3.025E-13	163	213	215	-33689	-33537	153	33731	33522
795716	-1	96	4.542E-18	1	33747	33920	1101	96	0.785	1.720E-20	21	78	83	-33920	-33747	174	33953	33735
796124	1	318	6.739E-85	3	36621	37931	839	42	0.497	8.385E-02	12	53	302	36621	36737	117	36534	36737
796124	1	318	6.739E-85	3	36621	37931	853	168	0.493	7.772E-42	53	213	302	37064	37609	546	36752	37621
796124	1	318	6.739E-85	3	36621	37931	858	109	0.644	7.488E-25	216	299	302	37680	37931	252	37662	37946
802226	1	344	1.004E-92	3	36624	37931	839	45	0.570	8.958E-03	14	51	300	36624	36737	114	36534	36737
802226	1	344	1.004E-92	3	36624	37931	853	184	0.530	2.997E-47	51	211	300	37064	37609	546	36752	37621
802226	1	344	1.004E-92	3	36624	37931	858	116	0.676	4.721E-27	214	297	300	37680	37931	252	37662	37946
818036	1	342	4.017E-92	3	36618	37931	839	48	0.551	5.062E-04	7	49	298	36618	36737	120	36534	36737
818036	1	342	4.017E-92	3	36618	37931	853	183	0.528	5.594E-47	49	209	298	37064	37609	546	36752	37621
818036	1	342	4.017E-92	3	36618	37931	858	112	0.656	1.120E-25	212	295	298	37680	37931	252	37662	37946
850266	1	430	1.298E-118	4	14841	17090	361	154	0.500	1.089E-38	254	417	881	14841	15329	489	14775	15344
850266	1	430	1.298E-118	4	14841	17090	375	40	0.378	2.752E-01	492	549	881	15792	15959	168	15768	15965
850266	1	430	1.298E-118	4	14841	17090	390	188	0.427	4.911E-49	552	794	881	16033	16773	741	16003	16791
850266	1	430	1.298E-118	4	14841	17090	398	122	0.681	2.348E-29	793	880	881	16827	17090	264	16821	17090
889525	-1	377	1.169E-102	3	33531	34439	1092	207	0.955	2.528E-58	8	109	220	-34439	-34134	306	34484	34134
889525	-1	377	1.169E-102	3	33531	34439	1101	95	0.782	2.362E-20	107	164	220	-33920	-33747	174	33953	33735
889525	-1	377	1.169E-102	3	33531	34439	1105	78	0.706	2.381E-14	163	215	220	-33689	-33531	159	33731	33522
898178	-1	445	3.961E-123	5	19997	21096	1407	51	0.872	1.995E-05	3	29	222	-21096	-21016	81	21132	20971
898178	-1	445	3.961E-123	5	19997	21096	1415	79	0.912	3.017E-15	30	69	222	-20777	-20658	120	20777	20652
898178	-1	445	3.961E-123	5	19997	21096	1422	208	0.920	1.821E-58	59	165	222	-20615	-20301	315	20636	20247
898178	-1	445	3.961E-123	5	19997	21096	1423	47	0.965	4.686E-04	166	187	222	-20235	-20170	66	20310	20170
898178	-1	445	3.961E-123	5	19997	21096	1426	65	0.881	1.498E-10	188	221	222	-20098	-19997	102	20104	19997
960085	1	771	2.897E-221	6	14329	17090	352	137	0.452	3.340E-32	3	167	809	14329	14805	477	14203	14835
960085	1	771	2.897E-221	6	14329	17090	361	144	0.458	3.856E-35	170	340	809	14877	15329	453	14775	15344
960085	1	771	2.897E-221	6	14329	17090	367	63	0.464	8.767E-09	340	410	809	15389	15601	213	15344	15601
960085	1	771	2.897E-221	6	14329	17090	375	46	0.433	4.313E-03	418	472	809	15801	15965	165	15768	15965
960085	1	771	2.897E-221	6	14329	17090	390	264	0.553	2.438E-75	474	722	809	16036	16773	738	16003	16791
960085	1	771	2.897E-221	6	14329	17090	398	121	0.677	4.423E-29	721	808	809	16827	17090	264	16821	17090
985437	-1	216	3.417E-54	1	34137	34442	1092	216	0.994	1.286E-61	0	101	102	-34442	-34137	306	34484	34134
1013810	-1	70	3.048E-10	1	33546	33689	1105	70	0.698	1.373E-11	2	49	55	-33689	-33546	144	33731	33522
1019360	-1	277	1.482E-72	2	33531	34442	1092	215	0.989	3.318E-61	13	114	200	-34442	-34137	306	34484	34134
1019360	-1	277	1.482E-72	2	33531	34442	1105	88	0.789	6.172E-18	142	194	200	-33689	-33531	159	33731	33522
1097578	1	301	8.832E-80	3	36672	37937	839	34	0.713	3.659E+01	19	40	293	36672	36737	66	36534	36737
1097578	1	301	8.832E-80	3	36672	37937	853	166	0.487	6.863E-41	40	200	293	37064	37609	546	36752	37621
1097578	1	301	8.832E-80	3	36672	37937	858	102	0.587	4.219E-22	203	289	293	37680	37937	258	37662	37946
1098289	-1	218	8.542E-55	1	34137	34445	1092	218	0.992	3.633E-62	0	102	103	-34445	-34137	309	34484	34134
1134876	-1	408	5.443E-112	3	33525	34445	1092	216	0.974	2.419E-61	9	112	222	-34445	-34134	312	34484	34134
1134876	-1	408	5.443E-112	3	33525	34445	1101	104	0.846	2.201E-23	110	167	222	-33920	-33747	174	33953	33735
1134876	-1	408	5.443E-112	3	33525	34445	1105	91	0.788	4.870E-19	166	220	222	-33689	-33525	165	33731	33522
1148837	1	404	8.709E-111	3	14859	16773	361	155	0.522	5.808E-39	140	295	746	14859	15323	465	14775	15344
1148837	1	404	8.709E-111	3	14859	16773	367	63	0.487	6.382E-09	298	364	746	15392	15592	201	15344	15601
1148837	1	404	8.709E-111	3	14859	16773	390	251	0.531	7.790E-71	430	678	746	16036	16773	738	16003	16791
1148903	1	400	1.394E-109	3	14859	16773	361	154	0.519	1.492E-38	140	295	746	14859	15323	465	14775	15344
1148903	1	400	1.394E-109	3	14859	16773	367	63	0.487	6.382E-09	298	364	746	15392	15592	201	15344	15601
1148903	1	400	1.394E-109	3	14859	16773	390	248	0.525	1.317E-69	430	678	746	16036	16773	738	16003	16791
1160611	1	210	2.187E-52	2	36609	37609	839	36	0.429	1.017E+01	54	96	362	36609	36737	129	36534	36737
1160611	1	210	2.187E-52	2	36609	37609	853	174	0.505	9.936E-44	96	256	362	37064	37609	546	36752	37621
1198089	-1	403	1.742E-110	3	33531	34439	1092	213	0.981	1.611E-60	8	109	219	-34439	-34134	306	34484	34134
1198089	-1	403	1.742E-110	3	33531	34439	1101	104	0.843	3.023E-23	107	164	219	-33920	-33747	174	33953	33735
1198089	-1	403	1.742E-110	3	33531	34439	1105	89	0.798	2.381E-18	163	215	219	-33689	-33531	159	33731	33522
1209094	1	284	1.158E-74	2	37064	37940	853	170	0.495	2.237E-42	30	191	288	37064	37612	549	36752	37621
1209094	1	284	1.158E-74	2	37064	37940	858	114	0.635	2.299E-26	191	279	288	37674	37940	267	37662	37946
1280268	-1	427	1.038E-117	3	33525	34439	1092	220	1.000	5.457E-63	8	109	218	-34439	-34134	306	34484	34134
1280268	-1	427	1.038E-117	3	33525	34439	1101	106	0.857	6.192E-24	107	164	218	-33920	-33747	174	33953	33735
1280268	-1	427	1.038E-117	3	33525	34439	1105	104	0.889	1.382E-23	163	217	218	-33689	-33525	165	33731	33522
1571119	-1	76	4.762E-12	1	31214	31510	1152	76	0.335	2.365E-12	16	152	183	-31510	-31214	297	31642	31193
7969167	1	345	5.021E-93	3	36624	37931	839	45	0.570	8.958E-03	14	51	300	36624	36737	114	36534	36737
7969167	1	345	5.021E-93	3	36624	37931	853	185	0.533	1.176E-47	51	211	300	37064	37609	546	36752	37621
7969167	1	345	5.021E-93	3	36624	37931	858	116	0.676	4.721E-27	214	297	300	37680	37931	252	37662	37946
8371349	-1	178	9.392E-43	3	19997	21114	1407	41	0.595	8.188E-02	3	35	293	-21114	-21016	99	21132	20971
8371349	-1	178	9.392E-43	3	19997	21114	1422	134	0.650	1.542E-32	74	175	293	-20588	-20283	306	20636	20247
8371349	-1	178	9.392E-43	3	19997	21114	1426	51	0.706	1.056E-05	188	221	293	-20098	-19997	102	20104	19997
8511443	1	221	1.068E-55	2	36594	37609	839	40	0.431	4.147E-01	45	89	347	36594	36737	144	36534	36737
8511443	1	221	1.068E-55	2	36594	37609	853	181	0.523	3.635E-46	89	254	347	37064	37609	546	36752	37621
9460168	1	330	1.645E-88	3	36639	37931	839	43	0.616	4.425E-02	21	53	303	36639	36737	99	36534	36737
9460168	1	330	1.645E-88	3	36639	37931	853	179	0.518	1.728E-45	53	213	303	37064	37609	546	36752	37621
9460168	1	330	1.645E-88	3	36639	37931	858	109	0.642	1.028E-24	216	299	303	37680	37931	252	37662	37946
10049088	1	535	3.199E-150	4	14329	16773	352	135	0.454	1.168E-31	76	237	858	14329	14805	477	14203	14835
10049088	1	535	3.199E-150	4	14329	16773	361	175	0.569	8.559E-46	234	391	858	14859	15329	471	14775	15344
10049088	1	535	3.199E-150	4	14329	16773	367	62	0.459	1.654E-08	391	461	858	15389	15601	213	15344	15601
10049088	1	535	3.199E-150	4	14329	16773	390	228	0.495	6.352E-63	526	771	858	16033	16773	741	16003	16791
11502400	-1	379	2.922E-103	3	33531	34439	1092	206	0.951	4.756E-58	8	109	220	-34439	-34134	306	34484	34134
11502400	-1	379	2.922E-103	3	33531	34439	1101	98	0.799	3.521E-21	107	164	220	-33920	-33747	174	33953	33735
11502400	-1	379	2.922E-103	3	33531	34439	1105	78	0.709	1.733E-14	163	215	220	-33689	-33531	159	33731	33522
11767033	1	146	4.034E-33	1	36893	37573	853	146	0.377	2.778E-34	19	211	321	36893	37573	681	36752	37621
12349663	1	302	4.416E-80	3	36663	37928	839	36	0.659	1.400E+01	8	32	283	36663	36737	75	36534	36737
12349663	1	302	4.416E-80	3	36663	37928	853	169	0.494	3.055E-42	32	188	283	37064	37612	549	36752	37621
12349663	1	302	4.416E-80	3	36663	37928	858	96	0.580	4.883E-20	190	272	283	37680	37928	249	37662	37946
12398443	1	666	1.175E-189	5	14308	17090	352	140	0.456	2.727E-33	126	292	915	14308	14799	492	14203	14835
12398443	1	666	1.175E-189	5	14308	17090	361	183	0.587	1.578E-48	291	449	915	14859	15329	471	14775	15344
12398443	1	666	1.175E-189	5	14308	17090	367	63	0.464	8.767E-09	449	519	915	15389	15601	213	15344	15601
12398443	1	666	1.175E-189	5	14308	17090	390	222	0.488	7.040E-61	585	828	915	16039	16773	735	16003	16791
12398443	1	666	1.175E-189	5	14308	17090	398	122	0.679	3.222E-29	827	914	915	16827	17090	264	16821	17090
12935278	-1	221	1.068E-55	3	20301	21102	1407	40	0.622	2.954E-01	5	34	228	-21102	-21016	87	21132	20971
12935278	-1	221	1.068E-55	3	20301	21102	1415	34	0.445	1.975E+01	36	71	228	-20774	-20661	114	20777	20652
12935278	-1	221	1.068E-55	3	20301	21102	1422	148	0.748	1.296E-37	75	169	228	-20588	-20301	288	20636	20247
13357678	1	147	2.017E-33	1	37064	37573	853	147	0.468	1.096E-34	1	156	265	37064	37573	510	36752	37621
13577432	1	256	3.108E-66	2	37064	37925	853	170	0.497	2.237E-42	38	198	287	37064	37609	546	36752	37621
13577432	1	256	3.108E-66	2	37064	37925	858	87	0.543	3.785E-17	201	282	287	37680	37925	246	37662	37946
13948317	1	181	1.174E-43	1	37064	37609	853	181	0.523	3.635E-46	9	174	267	37064	37609	546	36752	37621
14134338	-1	220	2.136E-55	1	34134	34439	1092	220	1.000	5.457E-63	8	109	113	-34439	-34134	306	34484	34134
14236783	1	302	4.416E-80	3	36672	37937	839	34	0.697	6.943E+01	19	40	293	36672	36737	66	36534	36737
14236783	1	302	4.416E-80	3	36672	37937	853	167	0.491	1.977E-41	40	200	293	37064	37609	546	36752	37621
14236783	1	302	4.416E-80	3	36672	37937	858	102	0.587	4.219E-22	203	289	293	37680	37937	258	37662	37946
14974140	-1	185	7.338E-45	2	20170	20591	1422	148	0.740	1.778E-37	70	166	204	-20591	-20301	291	20636	20247
14974140	-1	185	7.338E-45	2	20170	20591	1423	36	0.752	2.704E+00	167	188	204	-20235	-20170	66	20310	20170
15199217	-1	172	6.011E-41	2	20000	20588	1422	141	0.715	5.236E-35	61	155	213	-20588	-20301	288	20636	20247
15199217	-1	172	6.011E-41	2	20000	20588	1426	52	0.740	4.050E-06	178	210	213	-20098	-20000	99	20104	19997
15276591	-1	169	4.809E-40	2	23810	24401	1325	139	0.702	1.771E-34	81	176	235	-24401	-24111	291	24446	24060
15276591	-1	169	4.809E-40	2	23810	24401	1331	51	0.706	1.056E-05	199	232	235	-23911	-23810	102	23917	23810
15330452	-1	225	6.674E-57	2	33531	34439	1092	206	0.951	4.756E-58	8	109	220	-34439	-34134	306	34484	34134
15330452	-1	225	6.674E-57	2	33531	34439	1105	71	0.652	5.288E-12	163	215	220	-33689	-33531	159	33731	33522
15341653	-1	298	7.066E-79	2	33744	34439	1092	207	0.956	1.843E-58	8	109	175	-34439	-34134	306	34484	34134
15341653	-1	298	7.066E-79	2	33744	34439	1101	93	0.753	1.585E-19	107	165	175	-33920	-33744	177	33953	33735
15343678	-1	403	1.742E-110	3	33540	34439	1092	217	0.997	6.835E-62	8	109	219	-34439	-34134	306	34484	34134
15343678	-1	403	1.742E-110	3	33540	34439	1101	109	0.883	3.569E-25	107	164	219	-33920	-33747	174	33953	33735
15343678	-1	403	1.742E-110	3	33540	34439	1105	80	0.762	3.538E-15	163	212	219	-33689	-33540	150	33731	33522
15344252	-1	421	6.645E-116	3	33528	34439	1092	223	1.000	8.197E-64	8	109	219	-34439	-34134	306	34484	34134
15344252	-1	421	6.645E-116	3	33528	34439	1101	102	0.831	1.075E-22	107	164	219	-33920	-33747	174	33953	33735
15344252	-1	421	6.645E-116	3	33528	34439	1105	99	0.863	8.538E-22	163	216	219	-33689	-33528	162	33731	33522
15376052	-1	217	1.708E-54	1	34137	34445	1092	217	0.989	6.835E-62	0	102	103	-34445	-34137	309	34484	34134
15406955	-1	398	5.574E-109	3	33540	34439	1092	219	1.000	1.931E-62	8	109	219	-34439	-34134	306	34484	34134
15406955	-1	398	5.574E-109	3	33540	34439	1101	109	0.881	4.900E-25	107	164	219	-33920	-33747	174	33953	33735
15406955	-1	398	5.574E-109	3	33540	34439	1105	73	0.698	1.483E-12	163	212	219	-33689	-33540	150	33731	33522
15417913	1	329	3.290E-88	3	36648	37928	839	40	0.622	5.709E-01	9	38	290	36648	36737	90	36534	36737
15417913	1	329	3.290E-88	3	36648	37928	853	184	0.526	2.194E-47	38	200	290	37064	37615	552	36752	37621
15417913	1	329	3.290E-88	3	36648	37928	858	104	0.595	4.595E-23	202	289	290	37668	37928	261	37662	37946
15432059	1	328	6.581E-88	3	36639	37931	839	36	0.533	7.382E+00	19	51	300	36639	36737	99	36534	36737
15432059	1	328	6.581E-88	3	36639	37931	853	181	0.523	3.635E-46	51	211	300	37064	37609	546	36752	37621
15432059	1	328	6.581E-88	3	36639	37931	858	112	0.658	8.160E-26	214	297	300	37680	37931	252	37662	37946
15451783	1	133	3.305E-29	1	14308	14805	352	133	0.434	7.642E-31	76	244	266	14308	14805	498	14203	14835
15465555	1	107	2.218E-21	1	37376	37609	853	107	0.673	4.688E-21	0	77	78	37376	37609	234	36752	37621
15492286	-1	406	2.177E-111	3	33525	34439	1092	216	0.991	2.419E-61	8	109	220	-34439	-34134	306	34484	34134
15492286	-1	406	2.177E-111	3	33525	34439	1101	106	0.857	6.192E-24	107	164	220	-33920	-33747	174	33953	33735
15492286	-1	406	2.177E-111	3	33525	34439	1105	87	0.751	2.198E-17	163	217	220	-33689	-33525	165	33731	33522
15498180	1	275	5.927E-72	2	37064	37931	853	172	0.499	4.716E-43	35	196	284	37064	37612	549	36752	37621
15498180	1	275	5.927E-72	2	37064	37931	858	105	0.597	3.348E-23	194	281	284	37668	37931	264	37662	37946
15498254	1	383	1.826E-104	3	14844	17090	361	145	0.476	1.503E-35	256	419	880	14844	15329	486	14775	15344
15498254	1	383	1.826E-104	3	14844	17090	390	243	0.520	7.822E-68	552	793	880	16033	16773	741	16003	16791
15498254	1	383	1.826E-104	3	14844	17090	398	127	0.704	5.254E-31	792	879	880	16827	17090	264	16821	17090
15524098	-1	404	8.709E-111	3	33525	34439	1092	219	1.000	1.408E-62	8	109	220	-34439	-34134	306	34484	34134
15524098	-1	404	8.709E-111	3	33525	34439	1101	102	0.834	7.827E-23	107	164	220	-33920	-33747	174	33953	33735
15524098	-1	404	8.709E-111	3	33525	34439	1105	86	0.745	4.147E-17	163	217	220	-33689	-33525	165	33731	33522
15564838	1	586	1.421E-165	4	14299	16773	352	152	0.483	2.248E-37	133	300	925	14299	14799	501	14203	14835
15564838	1	586	1.421E-165	4	14299	16773	361	167	0.534	6.346E-43	294	456	925	14844	15329	486	14775	15344
15564838	1	586	1.421E-165	4	14299	16773	367	65	0.478	1.305E-09	456	526	925	15389	15601	213	15344	15601
15564838	1	586	1.421E-165	4	14299	16773	390	269	0.560	7.675E-77	590	838	925	16036	16773	738	16003	16791
15565150	1	385	4.566E-105	4	14323	16773	352	171	0.547	6.426E-44	120	281	906	14323	14805	483	14203	14835
15565150	1	385	4.566E-105	4	14323	16773	367	62	0.464	1.654E-08	437	506	906	15392	15601	210	15344	15601
15565150	1	385	4.566E-105	4	14323	16773	375	51	0.469	4.938E-05	511	566	906	15792	15959	168	15768	15965
15565150	1	385	4.566E-105	4	14323	16773	390	258	0.539	3.726E-73	569	819	906	16033	16773	741	16003	16791
15589097	-1	408	5.443E-112	3	33525	34439	1092	216	0.994	1.286E-61	8	109	219	-34439	-34134	306	34484	34134
15589097	-1	408	5.443E-112	3	33525	34439	1101	106	0.857	6.192E-24	107	164	219	-33920	-33747	174	33953	33735
15589097	-1	408	5.443E-112	3	33525	34439	1105	89	0.770	3.271E-18	163	217	219	-33689	-33525	165	33731	33522
15604767	1	311	8.625E-83	3	36666	37937	839	34	0.661	3.659E+01	15	38	293	36666	36737	72	36534	36737
15604767	1	311	8.625E-83	3	36666	37937	853	179	0.517	2.361E-45	38	198	293	37064	37609	546	36752	37621
15604767	1	311	8.625E-83	3	36666	37937	858	99	0.565	2.822E-21	201	289	293	37680	37937	258	37662	37946
15617444	-1	386	2.283E-105	3	33531	34439	1092	217	0.997	6.835E-62	8	109	221	-34439	-34134	306	34484	34134
15617444	-1	386	2.283E-105	3	33531	34439	1101	96	0.788	1.252E-20	107	164	221	-33920	-33747	174	33953	33735
15617444	-1	386	2.283E-105	3	33531	34439	1105	76	0.693	8.486E-14	163	215	221	-33689	-33531	159	33731	33522
15619357	-1	230	2.085E-58	2	33546	34439	1092	212	0.974	5.701E-60	8	109	216	-34439	-34134	306	34484	34134
15619357	-1	230	2.085E-58	2	33546	34439	1105	70	0.695	1.887E-11	163	210	216	-33689	-33546	144	33731	33522
15676502	-1	297	1.413E-78	2	33738	34439	1092	207	0.956	1.843E-58	8	109	221	-34439	-34134	306	34484	34134
15676502	-1	297	1.413E-78	2	33738	34439	1101	92	0.726	2.991E-19	107	167	221	-33920	-33738	183	33953	33735
15718685	1	277	1.482E-72	2	37067	37943	853	172	0.505	3.454E-43	102	261	355	37067	37609	543	36752	37621
15718685	1	277	1.482E-72	2	37067	37943	858	106	0.597	1.295E-23	264	352	355	37680	37943	264	37662	37946
15735860	1	223	2.669E-56	3	36672	37937	839	34	0.697	6.943E+01	19	40	376	36672	36737	66	36534	36737
15735860	1	223	2.669E-56	3	36672	37937	853	167	0.491	1.977E-41	40	200	376	37064	37609	546	36752	37621
15735860	1	223	2.669E-56	3	36672	37937	858	93	0.577	4.485E-19	273	353	376	37698	37937	240	37662	37946
15755786	1	305	5.520E-81	3	36663	37928	839	37	0.686	3.892E+00	8	32	283	36663	36737	75	36534	36737
15755786	1	305	5.520E-81	3	36663	37928	853	175	0.509	3.902E-44	32	187	283	37064	37609	546	36752	37621
15755786	1	305	5.520E-81	3	36663	37928	858	94	0.570	2.380E-19	190	272	283	37680	37928	249	37662	37946
15761451	-1	425	4.153E-117	3	33528	34439	1092	219	1.000	1.408E-62	8	109	218	-34439	-34134	306	34484	34134
15761451	-1	425	4.153E-117	3	33528	34439	1101	105	0.852	1.167E-23	107	164	218	-33920	-33747	174	33953	33735
15761451	-1	425	4.153E-117	3	33528	34439	1105	104	0.904	1.382E-23	163	216	218	-33689	-33528	162	33731	33522
15778031	-1	405	4.355E-111	3	33531	34439	1092	213	0.981	1.611E-60	27	128	238	-34439	-34134	306	34484	34134
15778031	-1	405	4.355E-111	3	33531	34439	1101	104	0.846	2.201E-23	126	183	238	-33920	-33747	174	33953	33735
15778031	-1	405	4.355E-111	3	33531	34439	1105	91	0.811	6.690E-19	182	234	238	-33689	-33531	159	33731	33522
15778778	1	206	3.499E-51	2	36648	37609	839	36	0.565	1.400E+01	22	51	303	36648	36737	90	36534	36737
15778778	1	206	3.499E-51	2	36648	37609	853	170	0.498	1.639E-42	51	210	303	37064	37609	546	36752	37621
15779094	-1	191	1.147E-46	2	33540	33920	1101	104	0.846	2.201E-23	72	129	180	-33920	-33747	174	33953	33735
15779094	-1	191	1.147E-46	2	33540	33920	1105	88	0.827	8.478E-18	128	177	180	-33689	-33540	150	33731	33522
15801915	1	172	6.011E-41	4	14362	17090	352	136	0.485	8.544E-32	110	258	880	14362	14805	444	14203	14835
15801915	1	172	6.011E-41	4	14362	17090	361	166	0.545	1.191E-42	255	412	880	14859	15329	471	14775	15344
15801915	1	172	6.011E-41	4	14362	17090	367	62	0.459	1.654E-08	412	482	880	15389	15601	213	15344	15601
15801915	1	172	6.011E-41	4	14362	17090	398	118	0.662	5.571E-28	792	879	880	16827	17090	264	16821	17090
15809304	1	498	4.397E-139	4	14841	17090	361	154	0.500	1.089E-38	217	380	844	14841	15329	489	14775	15344
15809304	1	498	4.397E-139	4	14841	17090	367	61	0.454	5.892E-08	380	449	844	15389	15598	210	15344	15601
15809304	1	498	4.397E-139	4	14841	17090	390	223	0.484	3.758E-61	512	757	844	16027	16773	747	16003	16791
15809304	1	498	4.397E-139	4	14841	17090	398	121	0.677	4.423E-29	756	843	844	16827	17090	264	16821	17090
15823819	1	226	3.337E-57	2	37064	37913	853	145	0.444	5.161E-34	30	195	288	37064	37603	540	36752	37621
15823819	1	226	3.337E-57	2	37064	37913	858	87	0.581	5.197E-17	203	277	288	37689	37913	225	37662	37946
16571437	1	128	1.057E-27	2	33750	34439	787	46	0.430	1.482E-02	81	136	247	33750	33917	168	33738	34049
16571437	1	128	1.057E-27	2	33750	34439	793	83	0.438	1.127E-14	135	236	247	34134	34439	306	34053	34475
19181737	-1	174	1.503E-41	2	33567	33920	1101	104	0.846	2.201E-23	88	145	185	-33920	-33747	174	33953	33735
19181737	-1	174	1.503E-41	2	33567	33920	1105	71	0.813	5.288E-12	144	184	185	-33689	-33567	123	33731	33522
20452487	-1	320	1.685E-85	2	33747	34439	1092	218	0.999	4.983E-62	15	116	195	-34439	-34134	306	34484	34134
20452487	-1	320	1.685E-85	2	33747	34439	1101	104	0.846	2.201E-23	114	171	195	-33920	-33747	174	33953	33735
21053903	1	150	2.521E-34	1	37064	37573	853	150	0.474	1.707E-35	56	211	322	37064	37573	510	36752	37621
22296480	1	253	2.486E-65	2	37064	37931	853	154	0.459	7.675E-37	58	211	302	37064	37609	546	36752	37621
22296480	1	253	2.486E-65	2	37064	37931	858	100	0.598	1.091E-21	214	297	302	37680	37931	252	37662	37946
22543603	-1	371	7.481E-101	3	33540	34439	1092	207	0.956	1.843E-58	8	109	213	-34439	-34134	306	34484	34134
22543603	-1	371	7.481E-101	3	33540	34439	1101	95	0.779	3.244E-20	107	164	213	-33920	-33747	174	33953	33735
22543603	-1	371	7.481E-101	3	33540	34439	1105	72	0.688	3.848E-12	163	212	213	-33689	-33540	150	33731	33522
23404648	1	226	3.337E-57	2	37064	37922	853	138	0.423	1.843E-31	32	193	278	37064	37609	546	36752	37621
23404648	1	226	3.337E-57	2	37064	37922	858	89	0.559	7.764E-18	196	276	278	37680	37922	243	37662	37946
23531486	1	317	1.348E-84	3	36663	37937	839	38	0.707	1.490E+00	16	40	293	36663	36737	75	36534	36737
23531486	1	317	1.348E-84	3	36663	37937	853	176	0.512	1.532E-44	40	200	293	37064	37609	546	36752	37621
23531486	1	317	1.348E-84	3	36663	37937	858	104	0.599	6.308E-23	203	289	293	37680	37937	258	37662	37946
23676522	-1	98	1.135E-18	1	33747	33920	1101	98	0.799	3.521E-21	21	78	113	-33920	-33747	174	33953	33735
23706581	-1	423	1.661E-116	3	33525	34439	1092	220	1.000	5.457E-63	8	109	218	-34439	-34134	306	34484	34134
23706581	-1	423	1.661E-116	3	33525	34439	1101	105	0.852	1.167E-23	107	164	218	-33920	-33747	174	33953	33735
23706581	-1	423	1.661E-116	3	33525	34439	1105	101	0.865	1.748E-22	163	217	218	-33689	-33525	165	33731	33522
24227769	1	221	1.068E-55	2	36648	37609	839	38	0.593	2.826E+00	55	84	337	36648	36737	90	36534	36737
24227769	1	221	1.068E-55	2	36648	37609	853	183	0.528	5.594E-47	84	244	337	37064	37609	546	36752	37621
24510959	1	283	2.315E-74	5	14305	17090	352	132	0.432	1.429E-30	121	289	915	14305	14805	501	14203	14835
24510959	1	283	2.315E-74	5	14305	17090	361	173	0.546	5.657E-45	280	443	915	14841	15329	489	14775	15344
24510959	1	283	2.315E-74	5	14305	17090	367	64	0.484	4.646E-09	444	511	915	15392	15595	204	15344	15601
24510959	1	283	2.315E-74	5	14305	17090	375	53	0.491	1.002E-05	519	573	915	15792	15956	165	15768	15965
24510959	1	283	2.315E-74	5	14305	17090	398	125	0.694	2.559E-30	827	914	915	16827	17090	264	16821	17090
25249534	-1	406	2.177E-111	3	33525	34439	1092	213	0.981	1.611E-60	8	109	219	-34439	-34134	306	34484	34134
25249534	-1	406	2.177E-111	3	33525	34439	1101	104	0.843	3.023E-23	107	164	219	-33920	-33747	174	33953	33735
25249534	-1	406	2.177E-111	3	33525	34439	1105	92	0.794	2.581E-19	163	217	219	-33689	-33525	165	33731	33522
26666432	1	318	6.739E-85	3	36663	37937	839	38	0.700	2.052E+00	47	71	324	36663	36737	75	36534	36737
26666432	1	318	6.739E-85	3	36663	37937	853	175	0.510	2.857E-44	71	231	324	37064	37609	546	36752	37621
26666432	1	318	6.739E-85	3	36663	37937	858	106	0.607	1.777E-23	234	320	324	37680	37937	258	37662	37946
27384408	1	272	4.742E-71	3	14332	16773	352	103	0.379	1.113E-20	90	246	932	14332	14799	468	14203	14835
27384408	1	272	4.742E-71	3	14332	16773	361	157	0.507	1.206E-39	240	403	932	14844	15329	486	14775	15344
27384408	1	272	4.742E-71	3	14332	16773	390	218	0.477	3.040E-59	605	845	932	16033	16773	741	16003	16791
27864021	1	270	1.897E-70	2	37064	37928	853	169	0.496	3.055E-42	38	198	287	37064	37609	546	36752	37621
27864021	1	270	1.897E-70	2	37064	37928	858	102	0.614	2.239E-22	201	283	287	37680	37928	249	37662	37946
27993427	1	318	6.739E-85	3	36663	37937	839	39	0.721	7.861E-01	16	40	293	36663	36737	75	36534	36737
27993427	1	318	6.739E-85	3	36663	37937	853	175	0.510	2.857E-44	40	200	293	37064	37609	546	36752	37621
27993427	1	318	6.739E-85	3	36663	37937	858	105	0.605	2.439E-23	203	289	293	37680	37937	258	37662	37946
28042120	1	257	1.554E-66	2	37064	37925	853	157	0.466	4.694E-38	31	195	282	37064	37612	549	36752	37621
28042120	1	257	1.554E-66	2	37064	37925	858	99	0.604	2.822E-21	197	278	282	37680	37925	246	37662	37946
28129876	1	476	1.844E-132	4	14880	17090	361	160	0.557	1.334E-40	251	398	865	14880	15323	444	14775	15344
28129876	1	476	1.844E-132	4	14880	17090	367	64	0.495	2.462E-09	404	470	865	15401	15601	201	15344	15601
28129876	1	476	1.844E-132	4	14880	17090	390	199	0.449	5.581E-53	537	778	865	16039	16773	735	16003	16791
28129876	1	476	1.844E-132	4	14880	17090	398	122	0.681	2.348E-29	777	864	865	16827	17090	264	16821	17090
28428954	1	422	3.322E-116	3	14877	17090	361	158	0.540	6.427E-40	231	382	851	14877	15329	453	14775	15344
28428954	1	422	3.322E-116	3	14877	17090	390	264	0.538	2.438E-75	507	764	851	16009	16773	765	16003	16791
28428954	1	422	3.322E-116	3	14877	17090	398	124	0.690	4.820E-30	763	850	851	16827	17090	264	16821	17090
28901769	-1	232	5.214E-59	3	23813	24398	1325	146	0.738	8.244E-37	68	162	221	-24398	-24111	288	24446	24060
28901769	-1	232	5.214E-59	3	23813	24398	1326	34	0.713	1.283E+01	163	184	221	-24048	-23983	66	24120	23983
28901769	-1	232	5.214E-59	3	23813	24398	1331	50	0.714	2.001E-05	185	217	221	-23911	-23813	99	23917	23810
28952377	1	174	1.503E-41	4	14323	17090	352	132	0.448	1.429E-30	103	261	883	14323	14805	483	14203	14835
28952377	1	174	1.503E-41	4	14323	17090	361	169	0.553	9.607E-44	258	415	883	14859	15329	471	14775	15344
28952377	1	174	1.503E-41	4	14323	17090	367	64	0.471	3.382E-09	415	485	883	15389	15601	213	15344	15601
28952377	1	174	1.503E-41	4	14323	17090	398	119	0.668	2.154E-28	795	882	883	16827	17090	264	16821	17090
29066275	-1	400	1.394E-109	3	33531	34439	1092	215	0.988	4.551E-61	8	109	219	-34439	-34134	306	34484	34134
29066275	-1	400	1.394E-109	3	33531	34439	1101	103	0.837	5.700E-23	107	164	219	-33920	-33747	174	33953	33735
29066275	-1	400	1.394E-109	3	33531	34439	1105	85	0.760	1.075E-16	163	215	219	-33689	-33531	159	33731	33522
29513841	-1	190	2.293E-46	2	20170	20591	1422	153	0.764	2.135E-39	72	168	227	-20591	-20301	291	20636	20247
29513841	-1	190	2.293E-46	2	20170	20591	1423	36	0.737	5.146E+00	169	190	227	-20235	-20170	66	20310	20170
29514432	-1	243	2.546E-62	4	20000	21096	1407	42	0.690	5.942E-02	5	32	225	-21096	-21016	81	21132	20971
29514432	-1	243	2.546E-62	4	20000	21096	1422	142	0.716	1.480E-35	70	166	225	-20591	-20301	291	20636	20247
29514432	-1	243	2.546E-62	4	20000	21096	1423	38	0.784	7.473E-01	167	188	225	-20235	-20170	66	20310	20170
29514432	-1	243	2.546E-62	4	20000	21096	1426	54	0.766	8.205E-07	189	221	225	-20098	-20000	99	20104	19997
29551615	-1	191	1.147E-46	2	23813	24398	1325	147	0.687	4.383E-37	79	183	251	-24398	-24093	306	24446	24060
29551615	-1	191	1.147E-46	2	23813	24398	1331	55	0.776	4.334E-07	196	228	251	-23911	-23813	99	23917	23810
29702306	-1	146	4.034E-33	2	24111	24783	1317	39	0.550	7.651E+00	1	34	227	-24783	-24685	99	24840	24469
29702306	-1	146	4.034E-33	2	24111	24783	1325	145	0.736	1.131E-36	74	168	227	-24398	-24111	288	24446	24060
29730481	-1	176	3.757E-42	3	19997	21096	1407	38	0.641	7.736E-01	10	37	305	-21096	-21016	81	21132	20971
29730481	-1	176	3.757E-42	3	19997	21096	1422	133	0.646	2.900E-32	76	177	305	-20588	-20283	306	20636	20247
29730481	-1	176	3.757E-42	3	19997	21096	1426	53	0.731	2.138E-06	190	223	305	-20098	-19997	102	20104	19997
29776453	-1	238	8.146E-61	3	23810	24398	1325	147	0.741	4.383E-37	81	175	243	-24398	-24111	288	24446	24060
29776453	-1	238	8.146E-61	3	23810	24398	1326	36	0.768	4.884E+00	177	197	243	-24045	-23983	63	24120	23983
29776453	-1	238	8.146E-61	3	23810	24398	1331	53	0.726	2.943E-06	198	231	243	-23911	-23810	102	23917	23810
29831312	-1	170	2.404E-40	2	23810	24398	1325	132	0.656	3.804E-32	29	128	260	-24398	-24099	300	24446	24060
29831312	-1	170	2.404E-40	2	23810	24398	1331	51	0.701	1.453E-05	143	176	260	-23911	-23810	102	23917	23810
29847023	-1	394	8.918E-108	3	33540	34439	1092	217	0.996	9.375E-62	8	109	219	-34439	-34134	306	34484	34134
29847023	-1	394	8.918E-108	3	33540	34439	1101	103	0.840	4.151E-23	107	164	219	-33920	-33747	174	33953	33735
29847023	-1	394	8.918E-108	3	33540	34439	1105	77	0.735	4.494E-14	163	212	219	-33689	-33540	150	33731	33522
29868010	-1	413	1.701E-113	3	33525	34439	1092	218	1.000	2.649E-62	8	109	219	-34439	-34134	306	34484	34134
29868010	-1	413	1.701E-113	3	33525	34439	1101	104	0.846	2.201E-23	107	164	219	-33920	-33747	174	33953	33735
29868010	-1	413	1.701E-113	3	33525	34439	1105	94	0.810	5.281E-20	163	217	219	-33689	-33525	165	33731	33522
29868534	-1	237	1.629E-60	3	23813	24398	1325	153	0.769	2.797E-39	49	143	203	-24398	-24111	288	24446	24060
29868534	-1	237	1.629E-60	3	23813	24398	1326	34	0.726	2.445E+01	145	165	203	-24045	-23983	63	24120	23983
29868534	-1	237	1.629E-60	3	23813	24398	1331	48	0.688	9.893E-05	166	198	203	-23911	-23813	99	23917	23810
29869147	-1	227	1.668E-57	3	23813	24398	1325	141	0.717	3.651E-35	69	163	224	-24398	-24111	288	24446	24060
29869147	-1	227	1.668E-57	3	23813	24398	1326	35	0.721	9.299E+00	164	185	224	-24048	-23983	66	24120	23983
29869147	-1	227	1.668E-57	3	23813	24398	1331	49	0.698	5.219E-05	186	218	224	-23911	-23813	99	23917	23810
29891430	-1	85	9.302E-15	1	33531	33689	1105	85	0.766	5.697E-17	49	101	106	-33689	-33531	159	33731	33522
29894716	-1	403	1.742E-110	3	33531	34439	1092	213	0.981	1.611E-60	8	109	219	-34439	-34134	306	34484	34134
29894716	-1	403	1.742E-110	3	33531	34439	1101	104	0.843	3.023E-23	107	164	219	-33920	-33747	174	33953	33735
29894716	-1	403	1.742E-110	3	33531	34439	1105	89	0.798	2.381E-18	163	215	219	-33689	-33531	159	33731	33522
29947586	-1	326	2.632E-87	2	33747	34439	1092	219	1.000	1.931E-62	8	109	219	-34439	-34134	306	34484	34134
29947586	-1	326	2.632E-87	2	33747	34439	1101	109	0.881	4.900E-25	107	164	219	-33920	-33747	174	33953	33735
29961300	1	700	6.841E-200	5	14299	17090	352	143	0.448	2.224E-34	53	227	851	14299	14805	507	14203	14835
29961300	1	700	6.841E-200	5	14299	17090	361	163	0.553	1.475E-41	231	382	851	14877	15329	453	14775	15344
29961300	1	700	6.841E-200	5	14299	17090	367	61	0.454	5.892E-08	383	452	851	15392	15601	210	15344	15601
29961300	1	700	6.841E-200	5	14299	17090	390	265	0.538	1.780E-75	507	764	851	16009	16773	765	16003	16791
29961300	1	700	6.841E-200	5	14299	17090	398	121	0.677	4.423E-29	763	850	851	16827	17090	264	16821	17090
29992557	-1	410	1.361E-112	3	33525	34439	1092	215	0.988	4.551E-61	8	109	219	-34439	-34134	306	34484	34134
29992557	-1	410	1.361E-112	3	33525	34439	1101	104	0.846	2.201E-23	107	164	219	-33920	-33747	174	33953	33735
29992557	-1	410	1.361E-112	3	33525	34439	1105	94	0.810	5.281E-20	163	217	219	-33689	-33525	165	33731	33522
30031844	1	63	3.901E-08	1	33738	33935	787	63	0.493	1.366E-08	53	116	125	33738	33935	198	33738	34049
30075495	1	243	2.546E-62	2	37148	37928	853	132	0.522	1.892E-29	132	243	337	37148	37543	396	36752	37621
30075495	1	243	2.546E-62	2	37148	37928	858	112	0.644	1.120E-25	242	327	337	37671	37928	258	37662	37946
30128930	-1	216	3.417E-54	1	34137	34445	1092	216	0.984	1.764E-61	0	102	103	-34445	-34137	309	34484	34134
30148140	-1	217	1.708E-54	1	34137	34445	1092	217	0.989	6.835E-62	0	102	103	-34445	-34137	309	34484	34134
30161134	-1	411	6.804E-113	3	33525	34439	1092	217	0.997	6.835E-62	8	109	219	-34439	-34134	306	34484	34134
30161134	-1	411	6.804E-113	3	33525	34439	1101	104	0.846	2.201E-23	107	164	219	-33920	-33747	174	33953	33735
30161134	-1	411	6.804E-113	3	33525	34439	1105	93	0.797	1.879E-19	163	217	219	-33689	-33525	165	33731	33522
30231883	1	404	8.709E-111	3	14859	16773	361	155	0.522	5.808E-39	140	295	746	14859	15323	465	14775	15344
30231883	1	404	8.709E-111	3	14859	16773	367	63	0.482	1.204E-08	298	364	746	15392	15592	201	15344	15601
30231883	1	404	8.709E-111	3	14859	16773	390	251	0.531	7.790E-71	430	678	746	16036	16773	738	16003	16791
30232343	1	402	3.484E-110	3	14859	16773	361	154	0.519	1.492E-38	140	295	746	14859	15323	465	14775	15344
30232343	1	402	3.484E-110	3	14859	16773	367	62	0.477	2.273E-08	298	364	746	15392	15592	201	15344	15601
30232343	1	402	3.484E-110	3	14859	16773	390	251	0.531	7.790E-71	430	678	746	16036	16773	738	16003	16791
30232581	1	241	1.018E-61	2	37067	37931	853	151	0.482	4.938E-36	31	178	281	37067	37570	504	36752	37621
30232581	1	241	1.018E-61	2	37067	37931	858	104	0.616	6.308E-23	194	277	281	37680	37931	252	37662	37946
30282463	-1	217	1.708E-54	1	34137	34445	1092	217	0.987	9.375E-62	0	102	103	-34445	-34137	309	34484	34134
30305715	-1	391	7.135E-107	3	33537	34439	1092	215	0.988	4.551E-61	8	109	219	-34439	-34134	306	34484	34134
30305715	-1	391	7.135E-107	3	33537	34439	1101	100	0.817	5.249E-22	107	164	219	-33920	-33747	174	33953	33735
30305715	-1	391	7.135E-107	3	33537	34439	1105	79	0.740	9.177E-15	163	213	219	-33689	-33537	153	33731	33522
30344071	-1	430	1.298E-118	3	33525	34439	1092	220	1.000	5.457E-63	36	137	246	-34439	-34134	306	34484	34134
30344071	-1	430	1.298E-118	3	33525	34439	1101	108	0.872	1.269E-24	135	192	246	-33920	-33747	174	33953	33735
30344071	-1	430	1.298E-118	3	33525	34439	1105	105	0.893	1.006E-23	191	245	246	-33689	-33525	165	33731	33522
30362584	1	678	2.869E-193	5	14844	17090	361	170	0.543	3.738E-44	267	429	898	14844	15329	486	14775	15344
30362584	1	678	2.869E-193	5	14844	17090	367	68	0.494	1.414E-10	429	499	898	15389	15601	213	15344	15601
30362584	1	678	2.869E-193	5	14844	17090	375	51	0.479	3.589E-05	507	561	898	15801	15965	165	15768	15965
30362584	1	678	2.869E-193	5	14844	17090	390	270	0.562	2.988E-77	563	811	898	16036	16773	738	16003	16791
30362584	1	678	2.869E-193	5	14844	17090	398	123	0.683	1.710E-29	810	897	898	16827	17090	264	16821	17090
35627155	1	148	1.008E-33	1	37064	37573	853	148	0.470	5.899E-35	35	190	301	37064	37573	510	36752	37621
35685542	1	146	4.034E-33	1	37064	37573	853	146	0.465	2.778E-34	56	211	322	37064	37573	510	36752	37621
36284774	1	212	5.467E-53	2	36663	37609	839	39	0.721	7.861E-01	16	40	293	36663	36737	75	36534	36737
36284774	1	212	5.467E-53	2	36663	37609	853	173	0.505	1.357E-43	40	200	293	37064	37609	546	36752	37621
36572670	1	339	3.213E-91	3	36621	37928	839	40	0.505	4.147E-01	1	39	290	36621	36737	117	36534	36737
36572670	1	339	3.213E-91	3	36621	37928	853	183	0.528	5.594E-47	39	200	290	37064	37609	546	36752	37621
36572670	1	339	3.213E-91	3	36621	37928	858	117	0.687	2.506E-27	203	285	290	37680	37928	249	37662	37946
37101944	-1	172	6.011E-41	2	23813	24401	1325	142	0.714	1.941E-35	72	167	225	-24401	-24111	291	24446	24060
37101944	-1	172	6.011E-41	2	23813	24401	1331	51	0.724	1.056E-05	190	222	225	-23911	-23813	99	23917	23810
37196641	-1	402	3.484E-110	3	33531	34439	1092	214	0.983	1.174E-60	8	109	220	-34439	-34134	306	34484	34134
37196641	-1	402	3.484E-110	3	33531	34439	1101	98	0.802	2.564E-21	107	164	220	-33920	-33747	174	33953	33735
37196641	-1	402	3.484E-110	3	33531	34439	1105	93	0.830	9.963E-20	163	215	220	-33689	-33531	159	33731	33522
37385966	1	419	2.658E-115	3	14841	16773	361	157	0.504	1.206E-39	222	386	855	14841	15329	489	14775	15344
37385966	1	419	2.658E-115	3	14841	16773	367	60	0.457	8.094E-08	387	455	855	15392	15598	207	15344	15601
37385966	1	419	2.658E-115	3	14841	16773	390	264	0.553	2.438E-75	520	768	855	16039	16773	735	16003	16791
37521911	1	265	6.070E-69	2	37064	37931	853	164	0.480	3.251E-40	32	193	281	37064	37612	549	36752	37621
37521911	1	265	6.070E-69	2	37064	37931	858	100	0.594	2.056E-21	195	278	281	37680	37931	252	37662	37946
37851167	-1	413	1.701E-113	3	33525	34439	1092	219	1.000	1.931E-62	8	109	219	-34439	-34134	306	34484	34134
37851167	-1	413	1.701E-113	3	33525	34439	1101	104	0.846	2.201E-23	107	164	219	-33920	-33747	174	33953	33735
37851167	-1	413	1.701E-113	3	33525	34439	1105	93	0.801	1.368E-19	163	217	219	-33689	-33525	165	33731	33522
38016616	1	367	1.197E-99	3	36660	37940	839	38	0.683	1.490E+00	31	56	307	36660	36737	78	36534	36737
38016616	1	367	1.197E-99	3	36660	37940	853	201	0.569	4.409E-53	56	216	307	37064	37609	546	36752	37621
38016616	1	367	1.197E-99	3	36660	37940	858	129	0.720	1.371E-31	219	305	307	37680	37940	261	37662	37946
38017401	-1	226	3.337E-57	3	20000	20588	1422	139	0.706	2.540E-34	80	174	252	-20588	-20301	288	20636	20247
38017401	-1	226	3.337E-57	3	20000	20588	1423	33	0.701	6.777E+01	176	196	252	-20232	-20170	63	20310	20170
38017401	-1	226	3.337E-57	3	20000	20588	1426	52	0.735	5.574E-06	197	229	252	-20098	-20000	99	20104	19997
38179210	-1	407	1.089E-111	3	33528	34439	1092	217	0.997	6.835E-62	8	109	219	-34439	-34134	306	34484	34134
38179210	-1	407	1.089E-111	3	33528	34439	1101	104	0.846	2.201E-23	107	164	219	-33920	-33747	174	33953	33735
38179210	-1	407	1.089E-111	3	33528	34439	1105	89	0.782	3.271E-18	163	216	219	-33689	-33528	162	33731	33522
39124608	1	226	3.337E-57	2	36663	37609	839	44	0.797	2.336E-02	15	39	289	36663	36737	75	36534	36737
39124608	1	226	3.337E-57	2	36663	37609	853	182	0.524	1.948E-46	39	199	289	37064	37609	546	36752	37621
39325057	-1	400	1.394E-109	3	33528	34439	1092	216	0.994	1.286E-61	8	109	219	-34439	-34134	306	34484	34134
39325057	-1	400	1.394E-109	3	33528	34439	1101	102	0.834	7.827E-23	107	164	219	-33920	-33747	174	33953	33735
39325057	-1	400	1.394E-109	3	33528	34439	1105	85	0.748	1.075E-16	163	216	219	-33689	-33528	162	33731	33522
39616391	1	659	1.504E-187	5	14329	16773	352	136	0.451	4.568E-32	69	233	856	14329	14805	477	14203	14835
39616391	1	659	1.504E-187	5	14329	16773	361	158	0.530	4.693E-40	230	385	856	14859	15323	465	14775	15344
39616391	1	659	1.504E-187	5	14329	16773	367	66	0.496	5.034E-10	388	456	856	15392	15598	207	15344	15601
39616391	1	659	1.504E-187	5	14329	16773	375	41	0.399	1.452E-01	465	519	856	15801	15965	165	15768	15965
39616391	1	659	1.504E-187	5	14329	16773	390	266	0.556	5.062E-76	521	769	856	16036	16773	738	16003	16791
39987789	1	320	1.685E-85	3	36648	37928	839	40	0.622	5.709E-01	9	38	285	36648	36737	90	36534	36737
39987789	1	320	1.685E-85	3	36648	37928	853	179	0.518	1.728E-45	38	198	285	37064	37609	546	36752	37621
39987789	1	320	1.685E-85	3	36648	37928	858	102	0.604	4.219E-22	201	284	285	37680	37928	249	37662	37946
40688919	-1	149	5.042E-34	2	20301	21102	1407	40	0.622	2.954E-01	5	34	228	-21102	-21016	87	21132	20971
40688919	-1	149	5.042E-34	2	20301	21102	1422	148	0.748	1.296E-37	75	169	228	-20588	-20301	288	20636	20247
41181056	1	239	4.073E-61	2	36663	37609	839	39	0.721	7.861E-01	13	37	319	36663	36737	75	36534	36737
41181056	1	239	4.073E-61	2	36663	37609	853	200	0.567	8.238E-53	37	197	319	37064	37609	546	36752	37621
41525203	1	680	7.173E-194	5	14344	17090	352	149	0.507	2.019E-36	85	239	861	14344	14805	462	14203	14835
41525203	1	680	7.173E-194	5	14344	17090	361	147	0.467	4.275E-36	229	398	861	14847	15332	486	14775	15344
41525203	1	680	7.173E-194	5	14344	17090	367	63	0.479	8.767E-09	400	467	861	15398	15601	204	15344	15601
41525203	1	680	7.173E-194	5	14344	17090	390	257	0.529	9.567E-73	520	774	861	16006	16773	768	16003	16791
41525203	1	680	7.173E-194	5	14344	17090	398	123	0.683	1.710E-29	773	860	861	16827	17090	264	16821	17090
41655950	1	310	1.725E-82	3	36663	37937	839	35	0.645	2.656E+01	13	37	288	36663	36737	75	36534	36737
41655950	1	310	1.725E-82	3	36663	37937	853	177	0.525	8.214E-45	37	192	288	37064	37594	531	36752	37621
41655950	1	310	1.725E-82	3	36663	37937	858	104	0.607	4.595E-23	200	285	288	37680	37937	258	37662	37946
41690052	1	398	5.574E-109	3	14844	16773	361	146	0.477	1.097E-35	273	436	901	14844	15329	486	14775	15344
41690052	1	398	5.574E-109	3	14844	16773	367	63	0.466	6.382E-09	436	506	901	15389	15601	213	15344	15601
41690052	1	398	5.574E-109	3	14844	16773	390	251	0.534	1.067E-70	570	814	901	16033	16773	741	16003	16791
41826479	1	329	3.290E-88	3	36663	37928	839	40	0.742	3.012E-01	13	37	290	36663	36737	75	36534	36737
41826479	1	329	3.290E-88	3	36663	37928	853	183	0.527	7.642E-47	37	197	290	37064	37609	546	36752	37621
41826479	1	329	3.290E-88	3	36663	37928	858	107	0.639	5.007E-24	200	282	290	37680	37928	249	37662	37946
42090989	1	541	4.999E-152	4	14296	17090	352	130	0.417	9.336E-30	94	267	881	14296	14805	510	14203	14835
42090989	1	541	4.999E-152	4	14296	17090	361	164	0.526	7.863E-42	259	421	881	14844	15329	486	14775	15344
42090989	1	541	4.999E-152	4	14296	17090	390	267	0.561	2.699E-76	553	794	881	16033	16773	741	16003	16791
42090989	1	541	4.999E-152	4	14296	17090	398	118	0.662	5.571E-28	793	880	881	16827	17090	264	16821	17090
42205299	-1	412	3.402E-113	3	33525	34439	1092	217	0.997	6.835E-62	8	109	219	-34439	-34134	306	34484	34134
42205299	-1	412	3.402E-113	3	33525	34439	1101	104	0.846	2.201E-23	107	164	219	-33920	-33747	174	33953	33735
42205299	-1	412	3.402E-113	3	33525	34439	1105	94	0.810	5.281E-20	163	217	219	-33689	-33525	165	33731	33522
42432510	1	377	1.169E-102	3	14844	17090	361	156	0.504	3.097E-39	119	282	742	14844	15329	486	14775	15344
42432510	1	377	1.169E-102	3	14844	17090	390	222	0.474	9.635E-61	402	655	742	16015	16773	759	16003	16791
42432510	1	377	1.169E-102	3	14844	17090	398	118	0.660	7.647E-28	654	741	742	16827	17090	264	16821	17090
42548361	-1	410	1.361E-112	3	33528	34439	1092	217	0.997	6.835E-62	8	109	219	-34439	-34134	306	34484	34134
42548361	-1	410	1.361E-112	3	33528	34439	1101	107	0.869	1.742E-24	107	164	219	-33920	-33747	174	33953	33735
42548361	-1	410	1.361E-112	3	33528	34439	1105	89	0.785	2.381E-18	163	216	219	-33689	-33528	162	33731	33522
42653199	-1	324	1.053E-86	2	33747	34439	1092	220	1.000	5.457E-63	8	109	169	-34439	-34134	306	34484	34134
42653199	-1	324	1.053E-86	2	33747	34439	1101	106	0.860	4.509E-24	107	164	169	-33920	-33747	174	33953	33735
43634545	-1	405	4.355E-111	3	33531	34439	1092	218	0.999	4.983E-62	8	109	219	-34439	-34134	306	34484	34134
43634545	-1	405	4.355E-111	3	33531	34439	1101	104	0.846	2.201E-23	107	164	219	-33920	-33747	174	33953	33735
43634545	-1	405	4.355E-111	3	33531	34439	1105	86	0.770	4.147E-17	163	215	219	-33689	-33531	159	33731	33522
43839540	-1	173	3.006E-41	2	23810	24398	1325	136	0.671	2.217E-33	72	171	235	-24398	-24099	300	24446	24060
43839540	-1	173	3.006E-41	2	23810	24398	1331	50	0.691	2.754E-05	186	219	235	-23911	-23810	102	23917	23810
44131326	-1	167	1.924E-39	2	23813	24398	1325	139	0.710	1.292E-34	77	171	248	-24398	-24111	288	24446	24060
44131326	-1	167	1.924E-39	2	23813	24398	1331	49	0.693	7.185E-05	194	226	248	-23911	-23813	99	23917	23810
44268543	-1	169	4.809E-40	2	23813	24398	1325	136	0.694	2.217E-33	78	172	254	-24398	-24111	288	24446	24060
44268543	-1	169	4.809E-40	2	23813	24398	1331	54	0.766	8.205E-07	195	227	254	-23911	-23813	99	23917	23810
44364242	-1	173	3.006E-41	2	19997	20588	1422	143	0.727	5.739E-36	79	173	233	-20588	-20301	288	20636	20247
44364242	-1	173	3.006E-41	2	19997	20588	1426	51	0.701	1.453E-05	196	229	233	-20098	-19997	102	20104	19997
44451333	-1	410	1.361E-112	3	33525	34439	1092	217	0.997	6.835E-62	18	119	229	-34439	-34134	306	34484	34134
44451333	-1	410	1.361E-112	3	33525	34439	1101	102	0.834	7.827E-23	117	174	229	-33920	-33747	174	33953	33735
44451333	-1	410	1.361E-112	3	33525	34439	1105	94	0.810	5.281E-20	173	227	229	-33689	-33525	165	33731	33522
44490602	1	171	1.202E-40	2	33750	34439	787	68	0.598	3.068E-10	80	135	297	33750	33917	168	33738	34049
44490602	1	171	1.202E-40	2	33750	34439	793	104	0.528	3.411E-22	134	235	297	34134	34439	306	34053	34475
44494359	-1	199	4.479E-49	2	33525	33920	1101	105	0.852	1.167E-23	109	166	220	-33920	-33747	174	33953	33735
44494359	-1	199	4.479E-49	2	33525	33920	1105	95	0.816	2.800E-20	165	219	220	-33689	-33525	165	33731	33522
44573463	-1	218	8.542E-55	1	34137	34445	1092	218	0.992	3.633E-62	0	102	103	-34445	-34137	309	34484	34134
44584376	1	333	2.056E-89	3	36639	37931	839	39	0.569	7.861E-01	13	45	294	36639	36737	99	36534	36737
44584376	1	333	2.056E-89	3	36639	37931	853	184	0.529	4.095E-47	45	205	294	37064	37609	546	36752	37621
44584376	1	333	2.056E-89	3	36639	37931	858	111	0.650	2.896E-25	208	291	294	37680	37931	252	37662	37946
44584676	1	269	3.793E-70	2	37064	37931	853	173	0.504	1.853E-43	38	198	288	37064	37609	546	36752	37621
44584676	1	269	3.793E-70	2	37064	37931	858	97	0.580	1.888E-20	201	284	288	37680	37931	252	37662	37946
44584933	1	164	1.539E-38	1	37067	37609	853	164	0.486	1.745E-40	90	249	332	37067	37609	543	36752	37621
44586872	1	185	7.338E-45	1	37058	37609	853	185	0.527	1.606E-47	50	212	309	37058	37609	552	36752	37621
44601617	-1	219	4.271E-55	1	34137	34445	1092	219	0.997	1.408E-62	0	102	103	-34445	-34137	309	34484	34134
44668790	-1	412	3.402E-113	3	33522	34439	1092	216	0.994	1.286E-61	8	109	219	-34439	-34134	306	34484	34134
44668790	-1	412	3.402E-113	3	33522	34439	1101	104	0.843	3.023E-23	107	164	219	-33920	-33747	174	33953	33735
44668790	-1	412	3.402E-113	3	33522	34439	1105	95	0.806	2.038E-20	163	218	219	-33689	-33522	168	33731	33522
44705393	-1	218	8.542E-55	1	34137	34442	1092	218	0.999	4.983E-62	0	101	102	-34442	-34137	306	34484	34134
44714934	-1	216	3.417E-54	1	34137	34442	1092	216	0.994	1.286E-61	0	101	102	-34442	-34137	306	34484	34134
44754644	1	509	2.147E-142	4	14392	16773	352	117	0.461	2.051E-25	165	301	923	14392	14799	408	14203	14835
44754644	1	509	2.147E-142	4	14392	16773	361	154	0.510	1.492E-38	300	458	923	14859	15329	471	14775	15344
44754644	1	509	2.147E-142	4	14392	16773	367	56	0.430	2.663E-06	458	526	923	15389	15595	207	15344	15601
44754644	1	509	2.147E-142	4	14392	16773	390	251	0.543	7.790E-71	597	836	923	16048	16773	726	16003	16791
44791221	-1	423	1.661E-116	3	33525	34439	1092	219	1.000	1.408E-62	8	109	218	-34439	-34134	306	34484	34134
44791221	-1	423	1.661E-116	3	33525	34439	1101	104	0.849	1.603E-23	107	164	218	-33920	-33747	174	33953	33735
44791221	-1	423	1.661E-116	3	33525	34439	1105	103	0.880	3.579E-23	163	217	218	-33689	-33525	165	33731	33522
44826992	1	103	3.548E-20	1	37677	37946	858	103	0.579	1.188E-22	7	96	97	37677	37946	270	37662	37946
44839125	1	377	1.169E-102	3	14308	16773	352	111	0.382	1.614E-23	97	264	882	14308	14805	498	14203	14835
44839125	1	377	1.169E-102	3	14308	16773	361	152	0.494	7.184E-38	256	419	882	14844	15329	486	14775	15344
44839125	1	377	1.169E-102	3	14308	16773	390	257	0.548	6.987E-73	556	795	882	16039	16773	735	16003	16791
44844764	1	273	2.371E-71	2	37064	37937	853	171	0.500	8.792E-43	37	198	288	37064	37609	546	36752	37621
44844764	1	273	2.371E-71	2	37064	37937	858	103	0.599	1.631E-22	201	286	288	37680	37937	258	37662	37946
44853548	1	417	1.063E-114	3	14823	16773	361	163	0.501	1.475E-41	208	379	844	14823	15329	507	14775	15344
44853548	1	417	1.063E-114	3	14823	16773	367	58	0.440	3.961E-07	380	449	844	15392	15601	210	15344	15601
44853548	1	417	1.063E-114	3	14823	16773	390	257	0.541	6.987E-73	513	761	844	16036	16773	738	16003	16791
44856226	-1	405	4.355E-111	3	33531	34439	1092	216	0.991	2.419E-61	8	109	220	-34439	-34134	306	34484	34134
44856226	-1	405	4.355E-111	3	33531	34439	1101	103	0.837	5.700E-23	107	164	220	-33920	-33747	174	33953	33735
44856226	-1	405	4.355E-111	3	33531	34439	1105	89	0.792	4.493E-18	163	215	220	-33689	-33531	159	33731	33522
44861549	1	206	3.499E-51	2	36648	37609	839	40	0.633	3.012E-01	9	38	285	36648	36737	90	36534	36737
44861549	1	206	3.499E-51	2	36648	37609	853	166	0.487	6.863E-41	38	198	285	37064	37609	546	36752	37621
44881089	1	407	1.089E-111	3	14844	16773	361	147	0.479	5.853E-36	277	440	905	14844	15329	486	14775	15344
44881089	1	407	1.089E-111	3	14844	16773	367	65	0.476	1.792E-09	440	510	905	15389	15601	213	15344	15601
44881089	1	407	1.089E-111	3	14844	16773	390	257	0.544	6.987E-73	574	818	905	16033	16773	741	16003	16791
45640689	1	50	3.196E-04	1	33750	33917	787	50	0.463	4.616E-04	6	61	109	33750	33917	168	33738	34049
50011368	1	142	6.454E-32	1	37064	37573	853	142	0.455	8.369E-33	54	209	319	37064	37573	510	36752	37621
50103511	1	149	5.042E-34	1	37064	37573	853	149	0.473	2.328E-35	56	211	322	37064	37573	510	36752	37621
50690013	-1	402	3.484E-110	3	33531	34439	1092	214	0.983	1.174E-60	8	109	220	-34439	-34134	306	34484	34134
50690013	-1	402	3.484E-110	3	33531	34439	1101	98	0.805	1.867E-21	107	164	220	-33920	-33747	174	33953	33735
50690013	-1	402	3.484E-110	3	33531	34439	1105	93	0.824	1.879E-19	163	215	220	-33689	-33531	159	33731	33522
50950623	1	246	3.182E-63	2	36959	37931	853	154	0.422	7.675E-37	6	183	286	36959	37570	612	36752	37621
50950623	1	246	3.182E-63	2	36959	37931	858	106	0.624	1.777E-23	199	282	286	37680	37931	252	37662	37946
51097639	1	143	3.227E-32	1	37064	37579	853	143	0.454	2.427E-33	51	209	310	37064	37579	516	36752	37621
51105386	1	376	2.338E-102	3	36648	37940	839	44	0.679	2.336E-02	104	133	384	36648	36737	90	36534	36737
51105386	1	376	2.338E-102	3	36648	37940	853	205	0.577	2.644E-54	133	293	384	37064	37609	546	36752	37621
51105386	1	376	2.338E-102	3	36648	37940	858	128	0.716	2.582E-31	296	382	384	37680	37940	261	37662	37946
51169141	1	211	1.093E-52	2	36651	37609	839	35	0.575	1.929E+01	23	51	304	36651	36737	87	36534	36737
51169141	1	211	1.093E-52	2	36651	37609	853	176	0.510	2.092E-44	51	211	304	37064	37609	546	36752	37621
51409928	1	244	1.273E-62	2	36959	37931	853	154	0.423	5.627E-37	8	185	288	36959	37570	612	36752	37621
51409928	1	244	1.273E-62	2	36959	37931	858	104	0.616	6.308E-23	201	284	288	37680	37931	252	37662	37946
51807974	-1	407	1.089E-111	3	33531	34439	1092	220	1.000	7.485E-63	8	109	219	-34439	-34134	306	34484	34134
51807974	-1	407	1.089E-111	3	33531	34439	1101	106	0.857	6.192E-24	107	164	219	-33920	-33747	174	33953	33735
51807974	-1	407	1.089E-111	3	33531	34439	1105	84	0.754	2.029E-16	163	215	219	-33689	-33531	159	33731	33522
51958402	1	398	5.574E-109	4	14305	15953	352	132	0.431	1.045E-30	82	251	877	14305	14805	501	14203	14835
51958402	1	398	5.574E-109	4	14305	15953	361	169	0.536	1.316E-43	242	405	877	14841	15329	489	14775	15344
51958402	1	398	5.574E-109	4	14305	15953	367	63	0.479	8.767E-09	406	473	877	15392	15595	204	15344	15601
51958402	1	398	5.574E-109	4	14305	15953	375	47	0.448	1.654E-03	481	534	877	15792	15953	162	15768	15965
52032322	-1	398	5.574E-109	3	33531	34439	1092	215	0.988	4.551E-61	8	109	219	-34439	-34134	306	34484	34134
52032322	-1	398	5.574E-109	3	33531	34439	1101	102	0.828	1.476E-22	107	164	219	-33920	-33747	174	33953	33735
52032322	-1	398	5.574E-109	3	33531	34439	1105	84	0.754	2.029E-16	163	215	219	-33689	-33531	159	33731	33522
54199722	1	376	2.338E-102	3	36648	37940	839	44	0.685	1.697E-02	22	51	302	36648	36737	90	36534	36737
54199722	1	376	2.338E-102	3	36648	37940	853	204	0.577	3.614E-54	51	211	302	37064	37609	546	36752	37621
54199722	1	376	2.338E-102	3	36648	37940	858	129	0.722	9.988E-32	214	300	302	37680	37940	261	37662	37946
55316542	-1	402	3.484E-110	3	33531	34439	1092	214	0.983	1.174E-60	8	109	220	-34439	-34134	306	34484	34134
55316542	-1	402	3.484E-110	3	33531	34439	1101	97	0.796	4.835E-21	107	164	220	-33920	-33747	174	33953	33735
55316542	-1	402	3.484E-110	3	33531	34439	1105	94	0.840	3.845E-20	163	215	220	-33689	-33531	159	33731	33522
55473291	-1	192	5.733E-47	2	33525	33920	1101	104	0.846	2.201E-23	107	164	219	-33920	-33747	174	33953	33735
55473291	-1	192	5.733E-47	2	33525	33920	1105	89	0.770	3.271E-18	163	217	219	-33689	-33525	165	33731	33522
55734324	-1	389	2.854E-106	3	33525	34439	1092	214	0.984	8.562E-61	8	109	221	-34439	-34134	306	34484	34134
55734324	-1	389	2.854E-106	3	33525	34439	1101	98	0.802	2.564E-21	107	164	221	-33920	-33747	174	33953	33735
55734324	-1	389	2.854E-106	3	33525	34439	1105	80	0.699	4.862E-15	163	217	221	-33689	-33525	165	33731	33522
55815730	1	234	1.303E-59	2	37064	37928	853	149	0.468	3.174E-35	38	189	288	37064	37579	516	36752	37621
55815730	1	234	1.303E-59	2	37064	37928	858	97	0.588	1.375E-20	203	285	288	37680	37928	249	37662	37946
55969692	1	195	7.166E-48	2	36663	37609	839	38	0.693	2.826E+00	16	40	313	36663	36737	75	36534	36737
55969692	1	195	7.166E-48	2	36663	37609	853	157	0.468	4.694E-38	40	220	313	37064	37609	546	36752	37621
56189103	-1	416	2.126E-114	3	33528	34460	1092	219	0.889	1.931E-62	17	133	243	-34460	-34134	327	34484	34134
56189103	-1	416	2.126E-114	3	33528	34460	1101	104	0.846	2.201E-23	131	188	243	-33920	-33747	174	33953	33735
56189103	-1	416	2.126E-114	3	33528	34460	1105	96	0.838	1.081E-20	187	240	243	-33689	-33528	162	33731	33522
56328123	1	324	1.053E-86	3	36621	37931	839	44	0.518	1.697E-02	12	53	302	36621	36737	117	36534	36737
56328123	1	324	1.053E-86	3	36621	37931	853	175	0.509	3.902E-44	53	213	302	37064	37609	546	36752	37621
56328123	1	324	1.053E-86	3	36621	37931	858	106	0.626	1.295E-23	216	299	302	37680	37931	252	37662	37946
56922180	1	710	6.681E-203	5	14323	17090	352	139	0.467	5.102E-33	29	189	811	14323	14799	477	14203	14835
56922180	1	710	6.681E-203	5	14323	17090	361	177	0.559	2.430E-46	183	345	811	14844	15329	486	14775	15344
56922180	1	710	6.681E-203	5	14323	17090	367	70	0.512	2.892E-11	345	414	811	15389	15598	210	15344	15601
56922180	1	710	6.681E-203	5	14323	17090	390	272	0.568	4.530E-78	477	724	811	16033	16773	741	16003	16791
56922180	1	710	6.681E-203	5	14323	17090	398	118	0.660	7.647E-28	723	810	811	16827	17090	264	16821	17090
57104991	1	308	6.900E-82	3	36639	37931	839	40	0.579	4.147E-01	11	43	294	36639	36737	99	36534	36737
57104991	1	308	6.900E-82	3	36639	37931	853	160	0.474	5.334E-39	45	205	294	37064	37609	546	36752	37621
57104991	1	308	6.900E-82	3	36639	37931	858	108	0.634	3.648E-24	208	291	294	37680	37931	252	37662	37946
57232566	1	126	4.230E-27	1	14886	15329	361	126	0.458	7.203E-29	7	155	158	14886	15329	444	14775	15344
57250633	1	242	5.092E-62	2	36938	37928	853	152	0.409	2.655E-36	2	186	287	36938	37570	633	36752	37621
57250633	1	242	5.092E-62	2	36938	37928	858	104	0.620	8.658E-23	202	284	287	37680	37928	249	37662	37946
57638184	-1	420	1.329E-115	3	33525	34439	1092	217	0.996	9.375E-62	8	109	218	-34439	-34134	306	34484	34134
57638184	-1	420	1.329E-115	3	33525	34439	1101	108	0.875	9.238E-25	107	164	218	-33920	-33747	174	33953	33735
57638184	-1	420	1.329E-115	3	33525	34439	1105	98	0.843	1.610E-21	163	217	218	-33689	-33525	165	33731	33522
57778581	1	258	7.769E-67	2	37064	37946	853	160	0.475	3.909E-39	35	196	288	37064	37609	546	36752	37621
57778581	1	258	7.769E-67	2	37064	37946	858	99	0.563	3.874E-21	199	287	288	37680	37946	267	37662	37946
57917325	1	543	1.250E-152	5	14392	21812	352	108	0.434	1.950E-22	144	280	902	14392	14799	408	14203	14835
57917325	1	543	1.250E-152	5	14392	21812	361	146	0.477	1.097E-35	274	437	902	14844	15329	486	14775	15344
57917325	1	543	1.250E-152	5	14392	21812	367	64	0.468	4.646E-09	437	507	902	15389	15601	213	15344	15601
57917325	1	543	1.250E-152	5	14392	21812	390	257	0.544	6.987E-73	571	815	902	16033	16773	741	16003	16791
57917325	1	543	1.250E-152	5	14392	21812	512	35	0.372	1.477E+01	818	868	902	21660	21812	153	21657	21842
58058895	1	642	1.972E-182	5	14332	17090	352	121	0.426	6.617E-27	247	404	1023	14332	14799	468	14203	14835
58058895	1	642	1.972E-182	5	14332	17090	361	160	0.516	1.334E-40	398	560	1023	14844	15329	486	14775	15344
58058895	1	642	1.972E-182	5	14332	17090	367	66	0.480	9.499E-10	560	630	1023	15389	15601	213	15344	15601
58058895	1	642	1.972E-182	5	14332	17090	390	228	0.483	6.352E-63	683	936	1023	16009	16773	765	16003	16791
58058895	1	642	1.972E-182	5	14332	17090	398	123	0.687	9.080E-30	935	1022	1023	16827	17090	264	16821	17090
58377414	-1	214	1.367E-53	3	23813	24398	1325	137	0.676	8.594E-34	74	173	232	-24398	-24099	300	24446	24060
58377414	-1	214	1.367E-53	3	23813	24398	1326	36	0.768	4.884E+00	167	187	232	-24045	-23983	63	24120	23983
58377414	-1	214	1.367E-53	3	23813	24398	1331	46	0.657	6.744E-04	188	220	232	-23911	-23813	99	23917	23810
58383190	-1	193	2.866E-47	2	20170	20591	1422	154	0.766	1.556E-39	72	168	227	-20591	-20301	291	20636	20247
58383190	-1	193	2.866E-47	2	20170	20591	1423	38	0.792	5.419E-01	169	190	227	-20235	-20170	66	20310	20170
58559946	-1	170	2.404E-40	2	23813	24398	1325	141	0.717	3.651E-35	73	167	231	-24398	-24111	288	24446	24060
58559946	-1	170	2.404E-40	2	23813	24398	1331	50	0.714	2.001E-05	190	222	231	-23911	-23813	99	23917	23810
58576389	-1	147	2.017E-33	2	20301	21102	1407	39	0.616	4.071E-01	5	34	226	-21102	-21016	87	21132	20971
58576389	-1	147	2.017E-33	2	20301	21102	1422	145	0.736	1.183E-36	73	167	226	-20588	-20301	288	20636	20247
58621586	-1	172	6.011E-41	2	20000	20579	1422	142	0.742	1.480E-35	1	92	229	-20579	-20301	279	20636	20247
58621586	-1	172	6.011E-41	2	20000	20579	1426	51	0.724	1.056E-05	115	147	229	-20098	-20000	99	20104	19997
58983804	1	332	4.113E-89	3	36663	37931	839	43	0.783	4.425E-02	32	56	305	36663	36737	75	36534	36737
58983804	1	332	4.113E-89	3	36663	37931	853	179	0.518	1.728E-45	56	216	305	37064	37609	546	36752	37621
58983804	1	332	4.113E-89	3	36663	37931	858	111	0.650	2.896E-25	219	302	305	37680	37931	252	37662	37946
58985348	-1	376	2.338E-102	3	33537	34439	1092	213	0.978	3.030E-60	8	109	215	-34439	-34134	306	34484	34134
58985348	-1	376	2.338E-102	3	33537	34439	1101	94	0.776	4.456E-20	107	164	215	-33920	-33747	174	33953	33735
58985348	-1	376	2.338E-102	3	33537	34439	1105	72	0.677	3.848E-12	163	213	215	-33689	-33537	153	33731	33522
59000532	-1	404	8.709E-111	3	33525	34439	1092	214	0.986	6.242E-61	8	109	220	-34439	-34134	306	34484	34134
59000532	-1	404	8.709E-111	3	33525	34439	1101	106	0.857	6.192E-24	107	164	220	-33920	-33747	174	33953	33735
59000532	-1	404	8.709E-111	3	33525	34439	1105	87	0.758	1.165E-17	163	217	220	-33689	-33525	165	33731	33522
59001256	-1	206	3.499E-51	1	34134	34439	1092	206	0.951	4.756E-58	8	109	191	-34439	-34134	306	34484	34134
59005590	-1	302	4.416E-80	2	33738	34439	1092	206	0.950	6.523E-58	8	109	216	-34439	-34134	306	34484	34134
59005590	-1	302	4.416E-80	2	33738	34439	1101	98	0.770	1.867E-21	107	167	216	-33920	-33738	183	33953	33735
59017327	1	345	5.021E-93	3	36639	37931	839	54	0.760	5.821E-06	13	45	294	36639	36737	99	36534	36737
59017327	1	345	5.021E-93	3	36639	37931	853	178	0.516	3.224E-45	45	205	294	37064	37609	546	36752	37621
59017327	1	345	5.021E-93	3	36639	37931	858	114	0.668	1.675E-26	208	291	294	37680	37931	252	37662	37946
59063863	1	534	6.399E-150	3	36639	37943	839	63	0.885	2.784E-09	0	32	283	36639	36737	99	36534	36737
59063863	1	534	6.399E-150	3	36639	37943	853	297	0.789	2.574E-86	32	193	283	37064	37612	549	36752	37621
59063863	1	534	6.399E-150	3	36639	37943	858	173	0.928	4.071E-47	195	282	283	37680	37943	264	37662	37946
59076004	-1	218	8.542E-55	1	34137	34445	1092	218	0.990	4.983E-62	0	102	103	-34445	-34137	309	34484	34134
59138041	1	339	3.213E-91	2	16033	17090	390	220	0.480	6.332E-60	184	424	511	16033	16773	741	16003	16791
59138041	1	339	3.213E-91	2	16033	17090	398	120	0.671	1.144E-28	423	510	511	16827	17090	264	16821	17090
59148255	1	263	2.428E-68	2	37064	37931	853	154	0.459	4.126E-37	32	193	291	37064	37612	549	36752	37621
59148255	1	263	2.428E-68	2	37064	37931	858	109	0.628	1.411E-24	193	278	291	37674	37931	258	37662	37946
59183255	1	328	6.581E-88	3	36651	37925	839	41	0.664	1.589E-01	22	50	296	36651	36737	87	36534	36737
59183255	1	328	6.581E-88	3	36651	37925	853	188	0.541	1.323E-48	50	209	296	37064	37606	543	36752	37621
59183255	1	328	6.581E-88	3	36651	37925	858	101	0.614	5.791E-22	213	294	296	37680	37925	246	37662	37946
59186406	1	314	1.078E-83	3	36663	37925	839	36	0.659	1.400E+01	14	38	286	36663	36737	75	36534	36737
59186406	1	314	1.078E-83	3	36663	37925	853	181	0.521	2.661E-46	38	198	286	37064	37612	549	36752	37621
59186406	1	314	1.078E-83	3	36663	37925	858	96	0.590	2.591E-20	200	281	286	37680	37925	246	37662	37946
59192568	1	364	9.576E-99	3	14844	17090	361	136	0.454	2.822E-32	258	420	881	14844	15329	486	14775	15344
59192568	1	364	9.576E-99	3	14844	17090	390	237	0.512	6.353E-66	554	794	881	16036	16773	738	16003	16791
59192568	1	364	9.576E-99	3	14844	17090	398	124	0.692	3.512E-30	793	880	881	16827	17090	264	16821	17090
59199745	1	94	1.817E-17	1	34216	34413	792	94	0.694	4.243E-20	16	81	82	34216	34413	198	34216	34431
59225852	1	343	2.008E-92	3	36645	37931	839	52	0.782	2.084E-05	15	45	294	36645	36737	93	36534	36737
59225852	1	343	2.008E-92	3	36645	37931	853	180	0.521	6.782E-46	45	205	294	37064	37609	546	36752	37621
59225852	1	343	2.008E-92	3	36645	37931	858	112	0.656	1.120E-25	208	291	294	37680	37931	252	37662	37946
59284870	1	339	3.213E-91	3	36639	37931	839	46	0.652	4.730E-03	19	51	300	36639	36737	99	36534	36737
59284870	1	339	3.213E-91	3	36639	37931	853	181	0.522	4.965E-46	51	211	300	37064	37609	546	36752	37621
59284870	1	339	3.213E-91	3	36639	37931	858	113	0.660	5.945E-26	214	297	300	37680	37931	252	37662	37946
59287340	-1	196	3.583E-48	2	33525	33920	1101	106	0.860	4.509E-24	6	63	118	-33920	-33747	174	33953	33735
59287340	-1	196	3.583E-48	2	33525	33920	1105	91	0.785	6.690E-19	62	116	118	-33689	-33525	165	33731	33522
59296201	1	282	4.631E-74	2	37064	37931	853	181	0.522	4.965E-46	38	198	287	37064	37609	546	36752	37621
59296201	1	282	4.631E-74	2	37064	37931	858	102	0.608	2.239E-22	201	284	287	37680	37931	252	37662	37946
59314990	1	434	8.111E-120	4	15389	17090	367	63	0.469	8.767E-09	351	420	815	15389	15598	210	15344	15601
59314990	1	434	8.111E-120	4	15389	17090	375	38	0.358	2.586E+00	425	482	815	15792	15959	168	15768	15965
59314990	1	434	8.111E-120	4	15389	17090	390	220	0.484	4.627E-60	487	728	815	16039	16773	735	16003	16791
59314990	1	434	8.111E-120	4	15389	17090	398	119	0.668	2.154E-28	727	814	815	16827	17090	264	16821	17090
59315355	1	401	6.968E-110	3	14859	16773	361	153	0.514	5.246E-38	140	295	746	14859	15323	465	14775	15344
59315355	1	401	6.968E-110	3	14859	16773	367	63	0.487	6.382E-09	298	364	746	15392	15592	201	15344	15601
59315355	1	401	6.968E-110	3	14859	16773	390	250	0.529	1.999E-70	430	678	746	16036	16773	738	16003	16791
59320800	-1	385	4.566E-105	3	33546	34439	1092	209	0.965	3.796E-59	8	109	220	-34439	-34134	306	34484	34134
59320800	-1	385	4.566E-105	3	33546	34439	1101	103	0.840	4.151E-23	107	164	220	-33920	-33747	174	33953	33735
59320800	-1	385	4.566E-105	3	33546	34439	1105	76	0.748	1.602E-13	163	210	220	-33689	-33546	144	33731	33522
59341618	-1	379	2.922E-103	3	33531	34439	1092	206	0.951	4.756E-58	8	109	220	-34439	-34134	306	34484	34134
59341618	-1	379	2.922E-103	3	33531	34439	1101	98	0.799	3.521E-21	107	164	220	-33920	-33747	174	33953	33735
59341618	-1	379	2.922E-103	3	33531	34439	1105	78	0.703	3.271E-14	163	215	220	-33689	-33531	159	33731	33522
59368909	1	597	6.937E-169	5	14341	17090	352	117	0.423	2.802E-25	70	222	845	14341	14799	459	14203	14835
59368909	1	597	6.937E-169	5	14341	17090	361	171	0.560	1.454E-44	221	378	845	14859	15329	471	14775	15344
59368909	1	597	6.937E-169	5	14341	17090	375	42	0.385	7.657E-02	453	511	845	15792	15962	171	15768	15965
59368909	1	597	6.937E-169	5	14341	17090	390	222	0.484	1.319E-60	513	758	845	16033	16773	741	16003	16791
59368909	1	597	6.937E-169	5	14341	17090	398	117	0.658	1.050E-27	757	844	845	16827	17090	264	16821	17090
59371107	1	236	3.259E-60	2	37055	37928	853	144	0.451	1.307E-33	33	194	293	37055	37579	525	36752	37621
59371107	1	236	3.259E-60	2	37055	37928	858	104	0.620	8.658E-23	208	290	293	37680	37928	249	37662	37946
59380012	1	278	7.409E-73	2	37064	37937	853	177	0.513	1.122E-44	40	201	294	37064	37609	546	36752	37621
59380012	1	278	7.409E-73	2	37064	37937	858	102	0.587	4.219E-22	204	290	294	37680	37937	258	37662	37946
59389132	1	723	8.155E-207	5	14329	17090	352	160	0.529	3.091E-40	96	253	877	14329	14799	471	14203	14835
59389132	1	723	8.155E-207	5	14329	17090	361	175	0.554	6.248E-46	246	409	877	14841	15329	489	14775	15344
59389132	1	723	8.155E-207	5	14329	17090	375	44	0.401	2.131E-02	484	541	877	15792	15965	174	15768	15965
59389132	1	723	8.155E-207	5	14329	17090	390	302	0.600	1.370E-88	533	790	877	16006	16773	768	16003	16791
59389132	1	723	8.155E-207	5	14329	17090	398	129	0.715	7.861E-32	789	876	877	16827	17090	264	16821	17090
59390364	-1	216	3.417E-54	1	34137	34445	1092	216	0.984	1.764E-61	0	102	103	-34445	-34137	309	34484	34134
59451959	1	669	1.469E-190	5	14329	16773	352	139	0.458	5.102E-33	82	246	869	14329	14805	477	14203	14835
59451959	1	669	1.469E-190	5	14329	16773	361	164	0.540	5.741E-42	243	400	869	14859	15329	471	14775	15344
59451959	1	669	1.469E-190	5	14329	16773	367	64	0.471	3.382E-09	400	470	869	15389	15601	213	15344	15601
59451959	1	669	1.469E-190	5	14329	16773	375	45	0.429	5.936E-03	478	532	869	15801	15965	165	15768	15965
59451959	1	669	1.469E-190	5	14329	16773	390	263	0.552	4.572E-75	534	782	869	16036	16773	738	16003	16791
59463630	-1	230	2.085E-58	3	23813	24401	1325	147	0.738	2.330E-37	73	168	229	-24401	-24111	291	24446	24060
59463630	-1	230	2.085E-58	3	23813	24401	1326	33	0.718	3.375E+01	170	190	229	-24045	-23983	63	24120	23983
59463630	-1	230	2.085E-58	3	23813	24401	1331	48	0.683	1.362E-04	191	223	229	-23911	-23813	99	23917	23810
59466894	-1	406	2.177E-111	3	33531	34439	1092	213	0.981	1.611E-60	8	109	219	-34439	-34134	306	34484	34134
59466894	-1	406	2.177E-111	3	33531	34439	1101	104	0.846	2.201E-23	107	164	219	-33920	-33747	174	33953	33735
59466894	-1	406	2.177E-111	3	33531	34439	1105	92	0.817	3.546E-19	163	215	219	-33689	-33531	159	33731	33522
64656833	-1	291	9.044E-77	2	33747	34463	1092	202	0.873	1.537E-56	31	140	246	-34463	-34134	330	34484	34134
64656833	-1	291	9.044E-77	2	33747	34463	1101	91	0.750	7.749E-19	138	195	246	-33920	-33747	174	33953	33735
64659842	1	148	1.008E-33	1	37064	37573	853	148	0.470	5.899E-35	56	211	322	37064	37573	510	36752	37621
64682847	1	141	1.291E-31	1	37064	37573	853	141	0.452	2.117E-32	46	201	312	37064	37573	510	36752	37621
65271731	-1	221	1.068E-55	3	20301	24783	1317	40	0.560	4.121E+00	1	34	228	-24783	-24685	99	24840	24469
65271731	-1	221	1.068E-55	3	20301	24783	1415	34	0.445	1.975E+01	36	71	228	-20774	-20661	114	20777	20652
65271731	-1	221	1.068E-55	3	20301	24783	1422	148	0.748	1.296E-37	75	169	228	-20588	-20301	288	20636	20247
67056233	1	830	5.026E-239	5	14299	16773	352	196	0.597	1.176E-52	85	251	878	14299	14799	501	14203	14835
67056233	1	830	5.026E-239	5	14299	16773	361	187	0.584	4.941E-50	245	408	878	14844	15329	486	14775	15344
67056233	1	830	5.026E-239	5	14299	16773	367	72	0.543	5.915E-12	411	477	878	15398	15598	201	15344	15601
67056233	1	830	5.026E-239	5	14299	16773	375	61	0.564	1.243E-08	486	539	878	15801	15962	162	15768	15965
67056233	1	830	5.026E-239	5	14299	16773	390	325	0.655	3.034E-96	541	789	878	16033	16773	741	16003	16791
67792890	-1	394	8.918E-108	3	33537	34439	1092	212	0.976	4.156E-60	8	109	219	-34439	-34134	306	34484	34134
67792890	-1	394	8.918E-108	3	33537	34439	1101	103	0.837	5.700E-23	107	164	219	-33920	-33747	174	33953	33735
67792890	-1	394	8.918E-108	3	33537	34439	1105	82	0.763	9.931E-16	163	213	219	-33689	-33537	153	33731	33522
68122459	1	328	6.581E-88	3	36639	37931	839	42	0.610	6.091E-02	21	53	302	36639	36737	99	36534	36737
68122459	1	328	6.581E-88	3	36639	37931	853	180	0.521	6.782E-46	53	213	302	37064	37609	546	36752	37621
68122459	1	328	6.581E-88	3	36639	37931	858	107	0.630	6.872E-24	216	299	302	37680	37931	252	37662	37946
68197956	1	331	8.226E-89	3	36639	37931	839	43	0.621	3.215E-02	25	57	306	36639	36737	99	36534	36737
68197956	1	331	8.226E-89	3	36639	37931	853	184	0.529	4.095E-47	57	217	306	37064	37609	546	36752	37621
68197956	1	331	8.226E-89	3	36639	37931	858	105	0.620	3.348E-23	220	303	306	37680	37931	252	37662	37946
68313418	-1	172	6.011E-41	2	19997	20588	1422	144	0.729	4.184E-36	76	170	229	-20588	-20301	288	20636	20247
68313418	-1	172	6.011E-41	2	19997	20588	1426	49	0.686	3.791E-05	193	226	229	-20098	-19997	102	20104	19997
68322751	-1	214	1.367E-53	1	34134	34439	1092	214	0.983	1.174E-60	8	109	110	-34439	-34134	306	34484	34134
68834457	1	670	7.345E-191	5	14329	16773	352	138	0.456	9.545E-33	82	246	869	14329	14805	477	14203	14835
68834457	1	670	7.345E-191	5	14329	16773	361	160	0.528	1.827E-40	243	400	869	14859	15329	471	14775	15344
68834457	1	670	7.345E-191	5	14329	16773	367	69	0.501	5.456E-11	400	470	869	15389	15601	213	15344	15601
68834457	1	670	7.345E-191	5	14329	16773	375	49	0.460	2.435E-04	478	532	869	15801	15965	165	15768	15965
68834457	1	670	7.345E-191	5	14329	16773	390	260	0.546	5.652E-74	534	782	869	16036	16773	738	16003	16791
68854399	1	279	3.705E-73	2	37067	37928	853	179	0.520	1.728E-45	15	174	261	37067	37609	543	36752	37621
68854399	1	279	3.705E-73	2	37067	37928	858	101	0.602	5.791E-22	177	260	261	37680	37928	249	37662	37946
69411778	1	350	1.569E-94	3	36663	37931	839	40	0.728	5.709E-01	13	37	306	36663	36737	75	36534	36737
69411778	1	350	1.569E-94	3	36663	37931	853	207	0.584	2.961E-55	37	216	306	37064	37609	546	36752	37621
69411778	1	350	1.569E-94	3	36663	37931	858	104	0.616	6.308E-23	219	302	306	37680	37931	252	37662	37946
69492692	-1	411	6.804E-113	3	33525	34439	1092	217	0.997	6.835E-62	8	109	219	-34439	-34134	306	34484	34134
69492692	-1	411	6.804E-113	3	33525	34439	1101	104	0.846	2.201E-23	107	164	219	-33920	-33747	174	33953	33735
69492692	-1	411	6.804E-113	3	33525	34439	1105	93	0.797	1.879E-19	163	217	219	-33689	-33525	165	33731	33522
70121046	1	138	1.033E-30	1	16249	16650	390	138	0.534	7.941E-32	0	133	179	16249	16650	402	16003	16791
70413756	1	375	4.676E-102	3	14844	17090	361	154	0.499	1.492E-38	155	318	778	14844	15329	486	14775	15344
70413756	1	375	4.676E-102	3	14844	17090	390	222	0.474	9.635E-61	438	691	778	16015	16773	759	16003	16791
70413756	1	375	4.676E-102	3	14844	17090	398	118	0.660	7.647E-28	690	777	778	16827	17090	264	16821	17090
70998123	1	329	3.290E-88	3	36639	37931	839	36	0.528	1.017E+01	13	45	294	36639	36737	99	36534	36737
70998123	1	329	3.290E-88	3	36639	37931	853	183	0.526	1.044E-46	45	205	294	37064	37609	546	36752	37621
70998123	1	329	3.290E-88	3	36639	37931	858	111	0.654	1.537E-25	208	291	294	37680	37931	252	37662	37946
71518777	1	715	2.088E-204	5	14308	17090	352	143	0.467	3.043E-34	102	266	891	14308	14799	492	14203	14835
71518777	1	715	2.088E-204	5	14308	17090	361	175	0.556	6.248E-46	260	422	891	14844	15329	486	14775	15344
71518777	1	715	2.088E-204	5	14308	17090	367	62	0.459	1.654E-08	422	492	891	15389	15601	213	15344	15601
71518777	1	715	2.088E-204	5	14308	17090	390	272	0.565	4.530E-78	555	804	891	16033	16773	741	16003	16791
71518777	1	715	2.088E-204	5	14308	17090	398	129	0.713	1.079E-31	803	890	891	16827	17090	264	16821	17090
71855131	1	318	6.739E-85	3	36663	37937	839	39	0.714	1.082E+00	16	40	293	36663	36737	75	36534	36737
71855131	1	318	6.739E-85	3	36663	37937	853	175	0.508	5.328E-44	40	200	293	37064	37609	546	36752	37621
71855131	1	318	6.739E-85	3	36663	37937	858	105	0.605	2.439E-23	203	289	293	37680	37937	258	37662	37946
72094912	-1	216	3.417E-54	2	33552	34439	1092	201	0.930	2.893E-56	8	109	215	-34439	-34134	306	34484	34134
72094912	-1	216	3.417E-54	2	33552	34439	1105	67	0.695	1.748E-10	163	208	215	-33689	-33552	138	33731	33522
72255056	-1	423	1.661E-116	3	33525	34439	1092	219	1.000	1.408E-62	8	109	218	-34439	-34134	306	34484	34134
72255056	-1	423	1.661E-116	3	33525	34439	1101	105	0.852	1.167E-23	107	164	218	-33920	-33747	174	33953	33735
72255056	-1	423	1.661E-116	3	33525	34439	1105	102	0.874	6.749E-23	163	217	218	-33689	-33525	165	33731	33522
72478311	-1	235	6.517E-60	3	23810	24398	1325	144	0.731	2.917E-36	81	175	236	-24398	-24111	288	24446	24060
72478311	-1	235	6.517E-60	3	23810	24398	1326	37	0.801	1.349E+00	177	197	236	-24045	-23983	63	24120	23983
72478311	-1	235	6.517E-60	3	23810	24398	1331	52	0.721	4.050E-06	198	231	236	-23911	-23810	102	23917	23810
72921382	-1	182	5.870E-44	3	20170	21096	1407	38	0.655	1.066E+00	8	34	226	-21096	-21016	81	21132	20971
72921382	-1	182	5.870E-44	3	20170	21096	1422	146	0.733	6.289E-37	72	167	226	-20591	-20301	291	20636	20247
72921382	-1	182	5.870E-44	3	20170	21096	1423	33	0.673	6.777E+01	168	189	226	-20235	-20170	66	20310	20170
72924744	-1	189	4.586E-46	2	20170	20591	1422	150	0.748	3.664E-38	72	168	227	-20591	-20301	291	20636	20247
72924744	-1	189	4.586E-46	2	20170	20591	1423	38	0.792	5.419E-01	169	190	227	-20235	-20170	66	20310	20170
72932305	-1	173	3.006E-41	2	23813	24398	1325	138	0.705	3.332E-34	77	171	251	-24398	-24111	288	24446	24060
72932305	-1	173	3.006E-41	2	23813	24398	1331	56	0.786	2.289E-07	194	226	251	-23911	-23813	99	23917	23810
72952662	-1	172	6.011E-41	2	19997	20588	1422	144	0.729	4.184E-36	76	170	229	-20588	-20301	288	20636	20247
72952662	-1	172	6.011E-41	2	19997	20588	1426	49	0.686	3.791E-05	193	226	229	-20098	-19997	102	20104	19997
73145220	-1	170	2.404E-40	2	19997	20591	1422	137	0.654	8.986E-34	73	176	232	-20591	-20283	309	20636	20247
73145220	-1	170	2.404E-40	2	19997	20591	1426	46	0.641	6.744E-04	191	224	232	-20098	-19997	102	20104	19997
73167987	-1	173	3.006E-41	2	20000	24398	1325	146	0.739	6.011E-37	75	169	234	-24398	-24111	288	24446	24060
73167987	-1	173	3.006E-41	2	20000	24398	1426	48	0.678	1.875E-04	192	224	234	-20098	-20000	99	20104	19997
73495888	-1	372	3.741E-101	3	33531	34439	1092	205	0.945	1.683E-57	8	109	220	-34439	-34134	306	34484	34134
73495888	-1	372	3.741E-101	3	33531	34439	1101	97	0.796	4.835E-21	107	164	220	-33920	-33747	174	33953	33735
73495888	-1	372	3.741E-101	3	33531	34439	1105	73	0.668	1.079E-12	163	215	220	-33689	-33531	159	33731	33522
73547237	1	166	3.847E-39	1	37064	37615	853	166	0.485	3.684E-41	35	193	231	37064	37615	552	36752	37621
73595612	1	175	7.514E-42	2	33750	34439	787	67	0.592	5.777E-10	99	154	311	33750	33917	168	33738	34049
73595612	1	175	7.514E-42	2	33750	34439	793	109	0.546	1.065E-23	153	254	311	34134	34439	306	34053	34475
73609383	-1	98	1.135E-18	1	33747	33920	1101	98	0.799	3.521E-21	21	78	83	-33920	-33747	174	33953	33735
73609661	1	93	3.633E-17	1	37680	37937	858	93	0.548	6.157E-19	16	101	120	37680	37937	258	37662	37946
73621979	1	125	8.460E-27	1	14362	14805	352	125	0.454	2.909E-28	1	150	172	14362	14805	444	14203	14835
73647449	1	270	1.897E-70	2	37064	37931	853	175	0.508	5.328E-44	38	198	287	37064	37609	546	36752	37621
73647449	1	270	1.897E-70	2	37064	37931	858	96	0.576	3.557E-20	201	284	287	37680	37931	252	37662	37946
73663876	-1	406	2.177E-111	3	33531	34439	1092	214	0.986	6.242E-61	8	109	219	-34439	-34134	306	34484	34134
73663876	-1	406	2.177E-111	3	33531	34439	1101	106	0.857	6.192E-24	107	164	219	-33920	-33747	174	33953	33735
73663876	-1	406	2.177E-111	3	33531	34439	1105	89	0.795	3.271E-18	163	215	219	-33689	-33531	159	33731	33522
73689949	-1	402	3.484E-110	3	33531	34439	1092	218	1.000	2.649E-62	8	109	217	-34439	-34134	306	34484	34134
73689949	-1	402	3.484E-110	3	33531	34439	1101	101	0.825	2.027E-22	107	164	217	-33920	-33747	174	33953	33735
73689949	-1	402	3.484E-110	3	33531	34439	1105	86	0.770	4.147E-17	163	215	217	-33689	-33531	159	33731	33522
73693811	-1	401	6.968E-110	3	33540	34439	1092	217	0.996	9.375E-62	8	109	219	-34439	-34134	306	34484	34134
73693811	-1	401	6.968E-110	3	33540	34439	1101	106	0.863	3.284E-24	107	164	219	-33920	-33747	174	33953	33735
73693811	-1	401	6.968E-110	3	33540	34439	1105	81	0.766	2.575E-15	163	212	219	-33689	-33540	150	33731	33522
73700206	-1	398	5.574E-109	3	33525	34439	1092	213	0.981	1.611E-60	8	109	218	-34439	-34134	306	34484	34134
73700206	-1	398	5.574E-109	3	33525	34439	1101	101	0.822	2.783E-22	107	164	218	-33920	-33747	174	33953	33735
73700206	-1	398	5.574E-109	3	33525	34439	1105	87	0.751	2.198E-17	163	217	218	-33689	-33525	165	33731	33522
73769521	-1	172	6.011E-41	2	24111	24587	1318	44	0.542	3.377E-03	43	81	236	-24587	-24468	120	24587	24462
73769521	-1	172	6.011E-41	2	24111	24587	1325	127	0.656	2.309E-30	82	176	236	-24398	-24111	288	24446	24060
73783112	1	267	1.517E-69	2	37061	37931	853	164	0.401	1.745E-40	48	281	369	37061	37609	549	36752	37621
73783112	1	267	1.517E-69	2	37061	37931	858	104	0.614	8.658E-23	284	367	369	37680	37931	252	37662	37946
73786758	-1	216	3.417E-54	1	34137	34445	1092	216	0.985	1.286E-61	0	102	103	-34445	-34137	309	34484	34134
73788105	1	282	4.631E-74	2	37064	37931	853	177	0.514	6.014E-45	38	198	288	37064	37609	546	36752	37621
73788105	1	282	4.631E-74	2	37064	37931	858	106	0.624	1.777E-23	201	284	288	37680	37931	252	37662	37946
73805311	-1	370	1.496E-100	3	33531	34439	1092	209	0.963	5.207E-59	8	109	220	-34439	-34134	306	34484	34134
73805311	-1	370	1.496E-100	3	33531	34439	1101	97	0.793	6.640E-21	107	164	220	-33920	-33747	174	33953	33735
73805311	-1	370	1.496E-100	3	33531	34439	1105	67	0.617	1.748E-10	163	215	220	-33689	-33531	159	33731	33522
73820601	1	322	4.212E-86	3	36645	37940	839	44	0.666	1.697E-02	20	50	313	36645	36737	93	36534	36737
73820601	1	322	4.212E-86	3	36645	37940	853	175	0.508	5.328E-44	50	210	313	37064	37609	546	36752	37621
73820601	1	322	4.212E-86	3	36645	37940	858	104	0.601	4.595E-23	213	299	313	37680	37940	261	37662	37946
73838954	1	402	3.484E-110	3	14844	16773	361	153	0.495	5.246E-38	273	436	900	14844	15329	486	14775	15344
73838954	1	402	3.484E-110	3	14844	16773	367	62	0.457	2.273E-08	436	506	900	15389	15601	213	15344	15601
73838954	1	402	3.484E-110	3	14844	16773	390	249	0.530	5.132E-70	570	813	900	16033	16773	741	16003	16791
73856792	1	400	1.394E-109	3	14859	16773	361	154	0.519	1.492E-38	140	295	746	14859	15323	465	14775	15344
73856792	1	400	1.394E-109	3	14859	16773	367	63	0.487	6.382E-09	298	364	746	15392	15592	201	15344	15601
73856792	1	400	1.394E-109	3	14859	16773	390	248	0.525	1.317E-69	430	678	746	16036	16773	738	16003	16791
73883121	1	399	2.787E-109	4	14305	15953	352	134	0.438	2.185E-31	88	256	882	14305	14805	501	14203	14835
73883121	1	399	2.787E-109	4	14305	15953	361	171	0.543	1.454E-44	247	410	882	14841	15329	489	14775	15344
73883121	1	399	2.787E-109	4	14305	15953	367	64	0.484	4.646E-09	411	478	882	15392	15595	204	15344	15601
73883121	1	399	2.787E-109	4	14305	15953	375	43	0.420	2.934E-02	486	539	882	15792	15953	162	15768	15965
73888654	-1	205	6.998E-51	3	23813	24398	1325	124	0.699	2.107E-29	124	209	276	-24398	-24138	261	24446	24060
73888654	-1	205	6.998E-51	3	23813	24398	1326	36	0.752	2.566E+00	218	239	276	-24048	-23983	66	24120	23983
73888654	-1	205	6.998E-51	3	23813	24398	1331	51	0.724	1.056E-05	240	272	276	-23911	-23813	99	23917	23810
73920739	-1	237	1.629E-60	3	23813	24398	1325	153	0.769	2.797E-39	49	143	203	-24398	-24111	288	24446	24060
73920739	-1	237	1.629E-60	3	23813	24398	1326	34	0.726	2.445E+01	145	165	203	-24045	-23983	63	24120	23983
73920739	-1	237	1.629E-60	3	23813	24398	1331	48	0.688	9.893E-05	166	198	203	-23911	-23813	99	23917	23810
73999805	1	76	4.762E-12	1	34137	34439	793	76	0.415	1.717E-12	50	150	163	34137	34439	303	34053	34475
74011082	-1	395	4.459E-108	3	33525	34439	1092	213	0.981	1.611E-60	8	109	219	-34439	-34134	306	34484	34134
74011082	-1	395	4.459E-108	3	33525	34439	1101	105	0.852	1.167E-23	107	164	219	-33920	-33747	174	33953	33735
74011082	-1	395	4.459E-108	3	33525	34439	1105	80	0.702	3.538E-15	163	217	219	-33689	-33525	165	33731	33522
74280120	-1	76	4.762E-12	1	31214	31510	1152	76	0.333	4.424E-12	16	152	188	-31510	-31214	297	31642	31193
79099408	1	107	2.218E-21	1	37235	37573	853	107	0.497	6.358E-21	15	112	223	37235	37573	339	36752	37621
79120054	-1	204	1.400E-50	1	34134	34448	1092	204	0.919	2.309E-57	6	110	111	-34448	-34134	315	34484	34134
79204441	1	141	1.291E-31	1	37064	37573	853	141	0.453	1.554E-32	46	199	289	37064	37573	510	36752	37621
80135198	1	252	4.972E-65	2	37064	37919	853	152	0.453	3.621E-36	31	195	282	37064	37612	549	36752	37621
80135198	1	252	4.972E-65	2	37064	37919	858	99	0.615	3.874E-21	197	276	282	37680	37919	240	37662	37946
80392853	-1	370	1.496E-100	3	33537	34439	1092	204	0.942	3.167E-57	8	109	218	-34439	-34134	306	34484	34134
80392853	-1	370	1.496E-100	3	33537	34439	1101	94	0.770	8.405E-20	107	164	218	-33920	-33747	174	33953	33735
80392853	-1	370	1.496E-100	3	33537	34439	1105	75	0.703	3.025E-13	163	213	218	-33689	-33537	153	33731	33522
80442158	-1	404	8.709E-111	3	33531	34439	1092	213	0.981	1.611E-60	8	109	219	-34439	-34134	306	34484	34134
80442158	-1	404	8.709E-111	3	33531	34439	1101	104	0.843	3.023E-23	107	164	219	-33920	-33747	174	33953	33735
80442158	-1	404	8.709E-111	3	33531	34439	1105	90	0.801	1.734E-18	163	215	219	-33689	-33531	159	33731	33522
80776226	-1	181	1.174E-43	2	20000	24398	1325	147	0.743	3.196E-37	73	167	245	-24398	-24111	288	24446	24060
80776226	-1	181	1.174E-43	2	20000	24398	1426	55	0.776	4.334E-07	190	222	245	-20098	-20000	99	20104	19997
81258523	1	331	8.226E-89	3	36657	37937	839	38	0.655	2.052E+00	14	40	297	36657	36737	81	36534	36737
81258523	1	331	8.226E-89	3	36657	37937	853	184	0.531	2.194E-47	40	200	297	37064	37609	546	36752	37621
81258523	1	331	8.226E-89	3	36657	37937	858	110	0.630	3.975E-25	203	289	297	37680	37937	258	37662	37946
82145238	-1	175	7.514E-42	2	19997	20588	1422	141	0.717	3.818E-35	77	171	241	-20588	-20301	288	20636	20247
82145238	-1	175	7.514E-42	2	19997	20588	1426	55	0.751	5.963E-07	194	227	241	-20098	-19997	102	20104	19997
82319949	1	225	6.674E-57	2	36660	37609	839	38	0.683	1.490E+00	12	37	312	36660	36737	78	36534	36737
82319949	1	225	6.674E-57	2	36660	37609	853	187	0.537	2.469E-48	37	197	312	37064	37609	546	36752	37621
82680890	1	405	4.355E-111	4	14305	15956	352	126	0.394	1.557E-28	57	239	865	14305	14805	501	14203	14835
82680890	1	405	4.355E-111	4	14305	15956	361	177	0.557	2.430E-46	230	393	865	14841	15329	489	14775	15344
82680890	1	405	4.355E-111	4	14305	15956	367	63	0.482	6.382E-09	394	461	865	15392	15595	204	15344	15601
82680890	1	405	4.355E-111	4	14305	15956	375	52	0.485	1.896E-05	469	523	865	15792	15956	165	15768	15965
82930625	-1	419	2.658E-115	3	33525	34439	1092	218	1.000	2.649E-62	8	109	218	-34439	-34134	306	34484	34134
82930625	-1	419	2.658E-115	3	33525	34439	1101	102	0.834	7.827E-23	107	164	218	-33920	-33747	174	33953	33735
82930625	-1	419	2.658E-115	3	33525	34439	1105	102	0.868	1.273E-22	163	217	218	-33689	-33525	165	33731	33522
82986287	1	554	6.102E-156	4	14877	17090	361	158	0.540	6.427E-40	232	383	852	14877	15329	453	14775	15344
82986287	1	554	6.102E-156	4	14877	17090	367	60	0.450	1.112E-07	384	453	852	15392	15601	210	15344	15601
82986287	1	554	6.102E-156	4	14877	17090	390	264	0.538	2.438E-75	508	765	852	16009	16773	765	16003	16791
82986287	1	554	6.102E-156	4	14877	17090	398	124	0.690	4.820E-30	764	851	852	16827	17090	264	16821	17090
83047381	1	379	2.922E-103	3	36648	37940	839	45	0.696	8.958E-03	22	51	302	36648	36737	90	36534	36737
83047381	1	379	2.922E-103	3	36648	37940	853	206	0.580	1.035E-54	51	211	302	37064	37609	546	36752	37621
83047381	1	379	2.922E-103	3	36648	37940	858	129	0.720	1.371E-31	214	300	302	37680	37940	261	37662	37946
83471801	-1	423	1.661E-116	3	33525	34439	1092	219	1.000	1.408E-62	8	109	218	-34439	-34134	306	34484	34134
83471801	-1	423	1.661E-116	3	33525	34439	1101	105	0.852	1.167E-23	107	164	218	-33920	-33747	174	33953	33735
83471801	-1	423	1.661E-116	3	33525	34439	1105	102	0.868	1.273E-22	163	217	218	-33689	-33525	165	33731	33522
84416322	1	141	1.291E-31	1	37064	37573	853	141	0.452	2.117E-32	46	201	312	37064	37573	510	36752	37621
84530030	-1	169	4.809E-40	2	20000	20588	1422	139	0.706	2.540E-34	76	170	230	-20588	-20301	288	20636	20247
84530030	-1	169	4.809E-40	2	20000	20588	1426	51	0.724	1.056E-05	193	225	230	-20098	-20000	99	20104	19997
85058384	1	274	1.185E-71	2	37064	37931	853	171	0.501	6.439E-43	32	192	281	37064	37609	546	36752	37621
85058384	1	274	1.185E-71	2	37064	37931	858	104	0.614	8.658E-23	195	278	281	37680	37931	252	37662	37946
85366453	1	563	1.192E-158	5	14883	17090	361	152	0.538	7.184E-38	249	395	862	14883	15323	441	14775	15344
85366453	1	563	1.192E-158	5	14883	17090	367	65	0.497	1.792E-09	401	467	862	15401	15601	201	15344	15601
85366453	1	563	1.192E-158	5	14883	17090	375	38	0.363	1.363E+00	472	529	862	15792	15959	168	15768	15965
85366453	1	563	1.192E-158	5	14883	17090	390	196	0.443	9.359E-52	534	775	862	16039	16773	735	16003	16791
85366453	1	563	1.192E-158	5	14883	17090	398	121	0.677	4.423E-29	774	861	862	16827	17090	264	16821	17090
86986206	1	318	6.739E-85	3	36663	37931	839	42	0.769	8.385E-02	33	57	305	36663	36737	75	36534	36737
86986206	1	318	6.739E-85	3	36663	37931	853	172	0.501	3.454E-43	57	216	305	37064	37609	546	36752	37621
86986206	1	318	6.739E-85	3	36663	37931	858	105	0.622	2.439E-23	219	302	305	37680	37931	252	37662	37946
87102153	-1	416	2.126E-114	3	33528	34439	1092	215	0.989	3.318E-61	8	109	218	-34439	-34134	306	34484	34134
87102153	-1	416	2.126E-114	3	33528	34439	1101	108	0.875	9.238E-25	107	164	218	-33920	-33747	174	33953	33735
87102153	-1	416	2.126E-114	3	33528	34439	1105	96	0.838	1.081E-20	163	216	218	-33689	-33528	162	33731	33522
87492585	-1	178	9.392E-43	2	20000	24398	1325	146	0.738	8.244E-37	59	153	214	-24398	-24111	288	24446	24060
87492585	-1	178	9.392E-43	2	20000	24398	1426	53	0.745	2.943E-06	176	208	214	-20098	-20000	99	20104	19997
87681747	-1	193	2.866E-47	2	20170	20591	1422	154	0.766	1.556E-39	72	168	227	-20591	-20301	291	20636	20247
87681747	-1	193	2.866E-47	2	20170	20591	1423	38	0.792	5.419E-01	169	190	227	-20235	-20170	66	20310	20170
87681829	-1	148	1.008E-33	2	20301	21102	1407	39	0.634	4.071E-01	5	33	226	-21102	-21016	87	21132	20971
87681829	-1	148	1.008E-33	2	20301	21102	1422	147	0.741	4.585E-37	73	167	226	-20588	-20301	288	20636	20247
87855266	-1	172	6.011E-41	2	23813	24398	1325	138	0.703	4.569E-34	78	172	250	-24398	-24111	288	24446	24060
87855266	-1	172	6.011E-41	2	23813	24398	1331	55	0.771	5.963E-07	195	227	250	-23911	-23813	99	23917	23810
87944513	-1	173	3.006E-41	2	23813	24398	1325	145	0.732	2.127E-36	76	170	235	-24398	-24111	288	24446	24060
87944513	-1	173	3.006E-41	2	23813	24398	1331	49	0.704	3.791E-05	193	225	235	-23911	-23813	99	23917	23810
88021663	-1	413	1.701E-113	3	33525	34439	1092	219	1.000	1.931E-62	8	109	219	-34439	-34134	306	34484	34134
88021663	-1	413	1.701E-113	3	33525	34439	1101	104	0.846	2.201E-23	107	164	219	-33920	-33747	174	33953	33735
88021663	-1	413	1.701E-113	3	33525	34439	1105	93	0.801	1.368E-19	163	217	219	-33689	-33525	165	33731	33522
88030994	1	268	7.587E-70	2	37064	37943	853	161	0.474	2.865E-39	37	198	293	37064	37612	549	36752	37621
88030994	1	268	7.587E-70	2	37064	37943	858	107	0.597	5.007E-24	198	287	293	37674	37943	270	37662	37946
88067539	-1	426	2.076E-117	3	33525	34439	1092	218	0.999	4.983E-62	8	109	218	-34439	-34134	306	34484	34134
88067539	-1	426	2.076E-117	3	33525	34439	1101	106	0.860	4.509E-24	107	164	218	-33920	-33747	174	33953	33735
88067539	-1	426	2.076E-117	3	33525	34439	1105	105	0.896	7.329E-24	163	217	218	-33689	-33525	165	33731	33522
88084506	-1	413	1.701E-113	3	33531	34439	1092	219	1.000	1.931E-62	63	164	274	-34439	-34134	306	34484	34134
88084506	-1	413	1.701E-113	3	33531	34439	1101	109	0.883	3.569E-25	162	219	274	-33920	-33747	174	33953	33735
88084506	-1	413	1.701E-113	3	33531	34439	1105	88	0.789	6.172E-18	218	270	274	-33689	-33531	159	33731	33522
88088680	-1	406	2.177E-111	3	33528	34439	1092	218	0.999	4.983E-62	8	109	219	-34439	-34134	306	34484	34134
88088680	-1	406	2.177E-111	3	33528	34439	1101	102	0.831	1.075E-22	107	164	219	-33920	-33747	174	33953	33735
88088680	-1	406	2.177E-111	3	33528	34439	1105	89	0.779	4.493E-18	163	216	219	-33689	-33528	162	33731	33522
88099726	1	786	8.842E-226	6	14329	17090	352	134	0.445	2.988E-31	63	227	850	14329	14805	477	14203	14835
88099726	1	786	8.842E-226	6	14329	17090	361	155	0.534	7.954E-39	231	381	850	14880	15329	450	14775	15344
88099726	1	786	8.842E-226	6	14329	17090	367	68	0.497	1.029E-10	381	451	850	15389	15601	213	15344	15601
88099726	1	786	8.842E-226	6	14329	17090	375	48	0.451	6.346E-04	459	513	850	15801	15965	165	15768	15965
88099726	1	786	8.842E-226	6	14329	17090	390	265	0.554	1.300E-75	515	763	850	16036	16773	738	16003	16791
88099726	1	786	8.842E-226	6	14329	17090	398	121	0.673	8.332E-29	762	849	850	16827	17090	264	16821	17090
88111067	1	318	6.739E-85	3	36660	37928	839	38	0.683	1.490E+00	12	37	287	36660	36737	78	36534	36737
88111067	1	318	6.739E-85	3	36660	37928	853	187	0.537	2.469E-48	37	197	287	37064	37609	546	36752	37621
88111067	1	318	6.739E-85	3	36660	37928	858	94	0.563	1.263E-19	200	284	287	37680	37928	249	37662	37946
88158534	-1	414	8.505E-114	3	33525	34439	1092	219	1.000	1.931E-62	39	140	250	-34439	-34134	306	34484	34134
88158534	-1	414	8.505E-114	3	33525	34439	1101	104	0.846	2.201E-23	138	195	250	-33920	-33747	174	33953	33735
88158534	-1	414	8.505E-114	3	33525	34439	1105	94	0.810	5.281E-20	194	248	250	-33689	-33525	165	33731	33522
88202415	-1	401	6.968E-110	3	33525	34439	1092	220	1.000	5.457E-63	8	109	219	-34439	-34134	306	34484	34134
88202415	-1	401	6.968E-110	3	33525	34439	1101	108	0.875	9.238E-25	107	164	219	-33920	-33747	174	33953	33735
88202415	-1	401	6.968E-110	3	33525	34439	1105	76	0.672	8.486E-14	163	217	219	-33689	-33525	165	33731	33522
88221670	-1	216	3.417E-54	1	34137	34445	1092	216	0.985	1.286E-61	0	102	103	-34445	-34137	309	34484	34134
88292734	-1	410	1.361E-112	3	33525	34439	1092	218	0.999	4.983E-62	8	109	219	-34439	-34134	306	34484	34134
88292734	-1	410	1.361E-112	3	33525	34439	1101	104	0.846	2.201E-23	107	164	219	-33920	-33747	174	33953	33735
88292734	-1	410	1.361E-112	3	33525	34439	1105	91	0.785	6.690E-19	163	217	219	-33689	-33525	165	33731	33522
88293180	1	331	8.226E-89	3	36639	37931	839	43	0.621	3.215E-02	25	57	306	36639	36737	99	36534	36737
88293180	1	331	8.226E-89	3	36639	37931	853	184	0.529	4.095E-47	57	217	306	37064	37609	546	36752	37621
88293180	1	331	8.226E-89	3	36639	37931	858	105	0.622	2.439E-23	220	303	306	37680	37931	252	37662	37946
88320874	-1	419	2.658E-115	3	33522	34439	1092	218	0.999	4.983E-62	8	109	219	-34439	-34134	306	34484	34134
88320874	-1	419	2.658E-115	3	33522	34439	1101	107	0.866	2.392E-24	107	164	219	-33920	-33747	174	33953	33735
88320874	-1	419	2.658E-115	3	33522	34439	1105	97	0.818	5.729E-21	163	218	219	-33689	-33522	168	33731	33522
88324999	1	256	3.108E-66	2	37070	37934	853	155	0.467	2.217E-37	54	212	303	37070	37609	540	36752	37621
88324999	1	256	3.108E-66	2	37070	37934	858	102	0.599	4.219E-22	215	299	303	37680	37934	255	37662	37946
88327217	1	257	1.554E-66	2	37064	37928	853	160	0.475	3.909E-39	44	205	293	37064	37609	546	36752	37621
88327217	1	257	1.554E-66	2	37064	37928	858	98	0.592	7.299E-21	208	290	293	37680	37928	249	37662	37946
88332871	1	542	2.499E-152	4	14844	17090	361	176	0.561	3.329E-46	266	427	895	14844	15329	486	14775	15344
88332871	1	542	2.499E-152	4	14844	17090	375	47	0.439	1.202E-03	501	556	895	15792	15959	168	15768	15965
88332871	1	542	2.499E-152	4	14844	17090	390	268	0.559	1.439E-76	560	808	895	16036	16773	738	16003	16791
88332871	1	542	2.499E-152	4	14844	17090	398	125	0.696	1.864E-30	807	894	895	16827	17090	264	16821	17090
88349171	1	229	4.171E-58	2	37175	37928	853	118	0.503	1.218E-24	14	105	199	37175	37543	369	36752	37621
88349171	1	229	4.171E-58	2	37175	37928	858	112	0.644	1.120E-25	104	189	199	37671	37928	258	37662	37946
88403804	-1	236	3.259E-60	2	33531	34439	1092	211	0.971	1.073E-59	8	109	220	-34439	-34134	306	34484	34134
88403804	-1	236	3.259E-60	2	33531	34439	1105	77	0.700	4.494E-14	163	215	220	-33689	-33531	159	33731	33522
88404078	-1	410	1.361E-112	3	33528	34439	1092	218	0.999	4.983E-62	20	121	231	-34439	-34134	306	34484	34134
88404078	-1	410	1.361E-112	3	33528	34439	1101	104	0.846	2.201E-23	119	176	231	-33920	-33747	174	33953	33735
88404078	-1	410	1.361E-112	3	33528	34439	1105	91	0.798	6.690E-19	175	228	231	-33689	-33528	162	33731	33522
88415882	-1	201	1.120E-49	2	33531	33920	1101	108	0.872	1.269E-24	98	155	210	-33920	-33747	174	33953	33735
88415882	-1	201	1.120E-49	2	33531	33920	1105	94	0.840	3.845E-20	154	206	210	-33689	-33531	159	33731	33522
88434848	1	303	2.208E-80	3	15389	16773	367	62	0.469	1.654E-08	232	300	697	15389	15595	207	15344	15601
88434848	1	303	2.208E-80	3	15389	16773	375	43	0.423	4.039E-02	313	365	697	15801	15959	159	15768	15965
88434848	1	303	2.208E-80	3	15389	16773	390	212	0.471	2.455E-57	370	610	697	16039	16773	735	16003	16791
88474444	1	298	7.066E-79	2	37064	37931	853	192	0.548	5.827E-50	37	197	286	37064	37609	546	36752	37621
88474444	1	298	7.066E-79	2	37064	37931	858	107	0.630	6.872E-24	200	283	286	37680	37931	252	37662	37946
88552260	1	336	2.571E-90	3	36660	37928	839	40	0.716	3.012E-01	1	26	277	36660	36737	78	36534	36737
88552260	1	336	2.571E-90	3	36660	37928	853	185	0.533	1.176E-47	26	187	277	37064	37609	546	36752	37621
88552260	1	336	2.571E-90	3	36660	37928	858	112	0.665	8.160E-26	190	272	277	37680	37928	249	37662	37946
93898148	1	143	3.227E-32	1	37064	37573	853	143	0.457	4.507E-33	54	209	319	37064	37573	510	36752	37621
94163895	1	364	9.576E-99	3	36660	37940	839	38	0.683	1.490E+00	28	53	304	36660	36737	78	36534	36737
94163895	1	364	9.576E-99	3	36660	37940	853	198	0.562	5.373E-52	53	213	304	37064	37609	546	36752	37621
94163895	1	364	9.576E-99	3	36660	37940	858	129	0.722	9.988E-32	216	302	304	37680	37940	261	37662	37946
94274731	1	229	4.171E-58	2	37064	37922	853	139	0.427	5.354E-32	32	193	278	37064	37609	546	36752	37621
94274731	1	229	4.171E-58	2	37064	37922	858	91	0.567	2.186E-18	196	276	278	37680	37922	243	37662	37946
95068767	1	301	8.832E-80	3	14859	21812	361	147	0.491	5.853E-36	281	439	904	14859	15329	471	14775	15344
95068767	1	301	8.832E-80	3	14859	21812	390	253	0.538	1.619E-71	573	817	904	16033	16773	741	16003	16791
95068767	1	301	8.832E-80	3	14859	21812	512	34	0.362	3.869E+01	820	870	904	21660	21812	153	21657	21842
95397026	1	645	2.465E-183	5	14332	17090	352	121	0.426	6.617E-27	247	404	1023	14332	14799	468	14203	14835
95397026	1	645	2.465E-183	5	14332	17090	361	160	0.516	1.334E-40	398	560	1023	14844	15329	486	14775	15344
95397026	1	645	2.465E-183	5	14332	17090	367	66	0.480	9.499E-10	560	630	1023	15389	15601	213	15344	15601
95397026	1	645	2.465E-183	5	14332	17090	390	231	0.487	9.658E-64	683	936	1023	16009	16773	765	16003	16791
95397026	1	645	2.465E-183	5	14332	17090	398	123	0.687	9.080E-30	935	1022	1023	16827	17090	264	16821	17090
95688172	1	264	1.214E-68	2	37064	37928	853	165	0.486	9.368E-41	38	198	287	37064	37609	546	36752	37621
95688172	1	264	1.214E-68	2	37064	37928	858	100	0.602	1.498E-21	201	283	287	37680	37928	249	37662	37946
95764991	1	351	7.845E-95	3	36663	37931	839	39	0.721	7.861E-01	13	37	286	36663	36737	75	36534	36737
95764991	1	351	7.845E-95	3	36663	37931	853	200	0.567	8.238E-53	37	197	286	37064	37609	546	36752	37621
95764991	1	351	7.845E-95	3	36663	37931	858	113	0.664	3.156E-26	200	283	286	37680	37931	252	37662	37946
96411637	-1	233	2.607E-59	3	23813	24398	1325	145	0.736	1.131E-36	68	162	221	-24398	-24111	288	24446	24060
96411637	-1	233	2.607E-59	3	23813	24398	1326	36	0.744	3.540E+00	163	184	221	-24048	-23983	66	24120	23983
96411637	-1	233	2.607E-59	3	23813	24398	1331	50	0.709	2.754E-05	185	217	221	-23911	-23813	99	23917	23810
96561711	1	370	1.496E-100	4	14299	15959	352	114	0.387	2.487E-24	91	259	877	14299	14799	501	14203	14835
96561711	1	370	1.496E-100	4	14299	15959	361	160	0.510	1.827E-40	253	417	877	14844	15332	489	14775	15344
96561711	1	370	1.496E-100	4	14299	15959	367	61	0.470	3.122E-08	418	485	877	15395	15598	204	15344	15601
96561711	1	370	1.496E-100	4	14299	15959	375	46	0.448	3.133E-03	494	546	877	15801	15959	159	15768	15965
96639290	1	279	3.705E-73	2	37064	37931	853	173	0.510	2.530E-43	38	195	291	37064	37600	537	36752	37621
96639290	1	279	3.705E-73	2	37064	37931	858	110	0.642	3.975E-25	201	285	291	37680	37931	252	37662	37946
96946246	1	286	2.894E-75	3	36657	37931	839	35	0.604	2.656E+01	48	74	346	36657	36737	81	36534	36737
96946246	1	286	2.894E-75	3	36657	37931	853	160	0.485	7.278E-39	74	247	346	37064	37591	528	36752	37621
96946246	1	286	2.894E-75	3	36657	37931	858	98	0.583	5.317E-21	256	340	346	37680	37931	252	37662	37946
97146637	1	325	5.265E-87	3	36660	37928	839	39	0.697	7.861E-01	1	26	277	36660	36737	78	36534	36737
97146637	1	325	5.265E-87	3	36660	37928	853	178	0.515	4.404E-45	26	187	277	37064	37609	546	36752	37621
97146637	1	325	5.265E-87	3	36660	37928	858	109	0.651	7.488E-25	190	272	277	37680	37928	249	37662	37946
97435286	1	626	1.292E-177	4	14299	16773	352	196	0.597	1.176E-52	85	251	793	14299	14799	501	14203	14835
97435286	1	626	1.292E-177	4	14299	16773	361	187	0.584	4.941E-50	245	408	793	14844	15329	486	14775	15344
97435286	1	626	1.292E-177	4	14299	16773	367	72	0.543	5.915E-12	411	477	793	15398	15598	201	15344	15601
97435286	1	626	1.292E-177	4	14299	16773	390	220	0.611	3.381E-60	522	704	793	16234	16773	540	16003	16791
97802600	1	229	4.171E-58	2	37064	37928	853	137	0.438	4.658E-31	39	190	289	37064	37579	516	36752	37621
97802600	1	229	4.171E-58	2	37064	37928	858	104	0.623	6.308E-23	204	286	289	37680	37928	249	37662	37946
97822807	1	310	1.725E-82	3	36663	37925	839	36	0.659	1.400E+01	14	38	286	36663	36737	75	36534	36737
97822807	1	310	1.725E-82	3	36663	37925	853	182	0.524	1.948E-46	38	197	286	37064	37609	546	36752	37621
97822807	1	310	1.725E-82	3	36663	37925	858	93	0.574	3.267E-19	200	281	286	37680	37925	246	37662	37946
98455136	-1	416	2.126E-114	3	33525	34439	1092	219	1.000	1.931E-62	8	109	219	-34439	-34134	306	34484	34134
98455136	-1	416	2.126E-114	3	33525	34439	1101	104	0.846	2.201E-23	107	164	219	-33920	-33747	174	33953	33735
98455136	-1	416	2.126E-114	3	33525	34439	1105	96	0.822	1.484E-20	163	217	219	-33689	-33525	165	33731	33522
98546851	1	659	1.504E-187	5	14329	16773	352	138	0.456	9.545E-33	82	246	869	14329	14805	477	14203	14835
98546851	1	659	1.504E-187	5	14329	16773	361	157	0.522	1.206E-39	243	400	869	14859	15329	471	14775	15344
98546851	1	659	1.504E-187	5	14329	16773	367	69	0.499	7.494E-11	400	470	869	15389	15601	213	15344	15601
98546851	1	659	1.504E-187	5	14329	16773	375	44	0.423	1.125E-02	478	532	869	15801	15965	165	15768	15965
98546851	1	659	1.504E-187	5	14329	16773	390	257	0.540	9.567E-73	534	782	869	16036	16773	738	16003	16791
98639876	1	530	1.024E-148	4	14341	17090	352	128	0.447	4.459E-29	108	263	887	14341	14799	459	14203	14835
98639876	1	530	1.024E-148	4	14341	17090	361	180	0.580	1.430E-47	262	420	887	14859	15329	471	14775	15344
98639876	1	530	1.024E-148	4	14341	17090	390	225	0.476	1.071E-61	546	800	887	16006	16773	768	16003	16791
98639876	1	530	1.024E-148	4	14341	17090	398	122	0.681	2.348E-29	799	886	887	16827	17090	264	16821	17090
98812902	-1	403	1.742E-110	3	33531	34439	1092	213	0.981	1.611E-60	8	109	220	-34439	-34134	306	34484	34134
98812902	-1	403	1.742E-110	3	33531	34439	1101	104	0.846	2.201E-23	107	164	220	-33920	-33747	174	33953	33735
98812902	-1	403	1.742E-110	3	33531	34439	1105	89	0.795	3.271E-18	163	215	220	-33689	-33531	159	33731	33522
98981602	1	328	6.581E-88	3	36645	37931	839	43	0.649	4.425E-02	19	49	297	36645	36737	93	36534	36737
98981602	1	328	6.581E-88	3	36645	37931	853	178	0.516	3.224E-45	49	209	297	37064	37609	546	36752	37621
98981602	1	328	6.581E-88	3	36645	37931	858	108	0.636	2.657E-24	212	295	297	37680	37931	252	37662	37946
99515832	1	662	1.880E-188	5	14311	16773	352	135	0.436	1.168E-31	32	202	825	14311	14805	495	14203	14835
99515832	1	662	1.880E-188	5	14311	16773	361	164	0.540	5.741E-42	199	356	825	14859	15329	471	14775	15344
99515832	1	662	1.880E-188	5	14311	16773	367	63	0.464	8.767E-09	356	426	825	15389	15601	213	15344	15601
99515832	1	662	1.880E-188	5	14311	16773	375	47	0.445	1.202E-03	434	488	825	15801	15965	165	15768	15965
99515832	1	662	1.880E-188	5	14311	16773	390	267	0.543	1.971E-76	481	738	825	16009	16773	765	16003	16791
100327091	1	216	3.417E-54	2	36651	37609	839	42	0.650	1.154E-01	9	38	291	36651	36737	87	36534	36737
100327091	1	216	3.417E-54	2	36651	37609	853	174	0.507	7.276E-44	38	198	291	37064	37609	546	36752	37621
100451991	1	346	2.510E-93	3	36657	37931	839	46	0.776	4.730E-03	25	51	300	36657	36737	81	36534	36737
100451991	1	346	2.510E-93	3	36657	37931	853	187	0.536	3.374E-48	51	211	300	37064	37609	546	36752	37621
100451991	1	346	2.510E-93	3	36657	37931	858	114	0.666	2.299E-26	214	297	300	37680	37931	252	37662	37946
100622971	-1	299	3.533E-79	2	33525	34439	1092	213	0.988	2.209E-60	8	108	171	-34439	-34137	303	34484	34134
100622971	-1	299	3.533E-79	2	33525	34439	1105	92	0.794	2.581E-19	116	170	171	-33689	-33525	165	33731	33522
101161748	1	678	2.869E-193	5	14844	17090	361	171	0.545	1.992E-44	267	429	898	14844	15329	486	14775	15344
101161748	1	678	2.869E-193	5	14844	17090	367	68	0.494	1.414E-10	429	499	898	15389	15601	213	15344	15601
101161748	1	678	2.869E-193	5	14844	17090	375	51	0.479	3.589E-05	507	561	898	15801	15965	165	15768	15965
101161748	1	678	2.869E-193	5	14844	17090	390	269	0.560	7.675E-77	563	811	898	16036	16773	738	16003	16791
101161748	1	678	2.869E-193	5	14844	17090	398	123	0.683	1.710E-29	810	897	898	16827	17090	264	16821	17090
101173779	1	376	2.338E-102	3	36648	37931	839	44	0.685	1.697E-02	32	61	312	36648	36737	90	36534	36737
101173779	1	376	2.338E-102	3	36648	37931	853	200	0.566	1.126E-52	61	221	312	37064	37609	546	36752	37621
101173779	1	376	2.338E-102	3	36648	37931	858	133	0.764	4.216E-33	224	307	312	37680	37931	252	37662	37946
101388346	1	310	1.725E-82	3	36663	37925	839	36	0.659	1.400E+01	14	38	286	36663	36737	75	36534	36737
101388346	1	310	1.725E-82	3	36663	37925	853	179	0.516	1.728E-45	38	198	286	37064	37612	549	36752	37621
101388346	1	310	1.725E-82	3	36663	37925	858	94	0.578	1.734E-19	200	281	286	37680	37925	246	37662	37946
102210094	-1	173	3.006E-41	2	19997	20591	1422	143	0.717	1.079E-35	76	171	231	-20591	-20301	291	20636	20247
102210094	-1	173	3.006E-41	2	19997	20591	1426	51	0.701	1.453E-05	194	227	231	-20098	-19997	102	20104	19997
102211118	-1	172	6.011E-41	2	19997	20588	1422	144	0.729	4.184E-36	76	170	229	-20588	-20301	288	20636	20247
102211118	-1	172	6.011E-41	2	19997	20588	1426	49	0.686	3.791E-05	193	226	229	-20098	-19997	102	20104	19997
102261815	-1	151	1.261E-34	2	20289	21096	1407	42	0.712	5.942E-02	6	32	223	-21096	-21016	81	21132	20971
102261815	-1	151	1.261E-34	2	20289	21096	1422	146	0.702	6.289E-37	71	172	223	-20588	-20289	300	20636	20247
102344825	-1	176	3.757E-42	3	23983	24747	1317	41	0.875	1.627E+00	20	40	231	-24747	-24685	63	24840	24469
102344825	-1	176	3.757E-42	3	23983	24747	1325	141	0.681	3.651E-35	79	180	231	-24398	-24099	300	24446	24060
102344825	-1	176	3.757E-42	3	23983	24747	1326	38	0.776	9.779E-01	173	194	231	-24048	-23983	66	24120	23983
102357855	-1	175	7.514E-42	3	23813	24750	1317	38	0.792	1.042E+01	10	31	223	-24750	-24685	66	24840	24469
102357855	-1	175	7.514E-42	3	23813	24750	1325	143	0.721	5.486E-36	70	165	223	-24401	-24111	291	24446	24060
102357855	-1	175	7.514E-42	3	23813	24750	1331	52	0.735	5.574E-06	188	220	223	-23911	-23813	99	23917	23810
102446638	-1	167	1.924E-39	2	20000	20588	1422	139	0.706	2.540E-34	78	172	240	-20588	-20301	288	20636	20247
102446638	-1	167	1.924E-39	2	20000	20588	1426	49	0.704	3.791E-05	195	227	240	-20098	-20000	99	20104	19997
102493970	-1	198	8.957E-49	2	23983	24395	1325	163	0.820	1.040E-42	58	151	210	-24395	-24111	285	24446	24060
102493970	-1	198	8.957E-49	2	23983	24395	1326	34	0.743	1.283E+01	153	173	210	-24045	-23983	63	24120	23983
102560577	-1	326	2.632E-87	2	33747	34439	1092	219	1.000	1.931E-62	8	109	219	-34439	-34134	306	34484	34134
102560577	-1	326	2.632E-87	2	33747	34439	1101	109	0.881	4.900E-25	107	164	219	-33920	-33747	174	33953	33735
102641204	-1	219	4.271E-55	1	34137	34445	1092	219	0.995	1.931E-62	0	102	103	-34445	-34137	309	34484	34134
102656428	1	265	6.070E-69	2	37064	37931	853	166	0.486	5.028E-41	38	199	287	37064	37612	549	36752	37621
102656428	1	265	6.070E-69	2	37064	37931	858	98	0.584	1.002E-20	201	284	287	37680	37931	252	37662	37946
102715077	1	517	8.387E-145	4	14859	16773	361	159	0.527	2.502E-40	227	384	854	14859	15329	471	14775	15344
102715077	1	517	8.387E-145	4	14859	16773	367	68	0.492	1.942E-10	384	454	854	15389	15601	213	15344	15601
102715077	1	517	8.387E-145	4	14859	16773	375	43	0.411	4.039E-02	462	516	854	15801	15965	165	15768	15965
102715077	1	517	8.387E-145	4	14859	16773	390	251	0.529	1.067E-70	518	767	854	16036	16773	738	16003	16791
102734205	-1	218	8.542E-55	1	34137	34445	1092	218	0.990	4.983E-62	0	102	103	-34445	-34137	309	34484	34134
102771047	-1	408	5.443E-112	3	33525	34439	1092	216	0.994	1.286E-61	8	109	219	-34439	-34134	306	34484	34134
102771047	-1	408	5.443E-112	3	33525	34439	1101	106	0.857	6.192E-24	107	164	219	-33920	-33747	174	33953	33735
102771047	-1	408	5.443E-112	3	33525	34439	1105	89	0.770	3.271E-18	163	217	219	-33689	-33525	165	33731	33522
102811203	-1	305	5.520E-81	2	33747	34439	1092	211	0.969	1.471E-59	8	109	220	-34439	-34134	306	34484	34134
102811203	-1	305	5.520E-81	2	33747	34439	1101	96	0.791	9.119E-21	107	164	220	-33920	-33747	174	33953	33735
102854884	-1	404	8.709E-111	3	33525	34439	1092	217	0.997	6.835E-62	8	109	219	-34439	-34134	306	34484	34134
102854884	-1	404	8.709E-111	3	33525	34439	1101	108	0.875	9.238E-25	107	164	219	-33920	-33747	174	33953	33735
102854884	-1	404	8.709E-111	3	33525	34439	1105	82	0.715	9.931E-16	163	217	219	-33689	-33525	165	33731	33522
102917478	-1	186	3.669E-45	2	33531	33920	1101	98	0.802	2.564E-21	80	137	193	-33920	-33747	174	33953	33735
102917478	-1	186	3.669E-45	2	33531	33920	1105	89	0.795	3.271E-18	136	188	193	-33689	-33531	159	33731	33522
102925775	1	214	1.367E-53	2	36663	37609	839	39	0.721	7.861E-01	16	40	293	36663	36737	75	36534	36737
102925775	1	214	1.367E-53	2	36663	37609	853	175	0.509	3.902E-44	40	200	293	37064	37609	546	36752	37621
102928671	1	262	4.856E-68	2	37064	37928	853	158	0.470	1.849E-38	42	206	294	37064	37609	546	36752	37621
102928671	1	262	4.856E-68	2	37064	37928	858	105	0.627	3.348E-23	209	291	294	37680	37928	249	37662	37946
102958144	-1	420	1.329E-115	3	33522	34439	1092	216	0.994	1.286E-61	19	120	231	-34439	-34134	306	34484	34134
102958144	-1	420	1.329E-115	3	33522	34439	1101	109	0.883	3.569E-25	118	175	231	-33920	-33747	174	33953	33735
102958144	-1	420	1.329E-115	3	33522	34439	1105	98	0.830	1.610E-21	174	229	231	-33689	-33522	168	33731	33522
102962723	1	215	6.834E-54	2	36663	37609	839	40	0.742	3.012E-01	17	41	294	36663	36737	75	36534	36737
102962723	1	215	6.834E-54	2	36663	37609	853	175	0.510	2.857E-44	41	201	294	37064	37609	546	36752	37621
103003324	-1	399	2.787E-109	3	33528	34439	1092	219	1.000	1.931E-62	8	109	219	-34439	-34134	306	34484	34134
103003324	-1	399	2.787E-109	3	33528	34439	1101	104	0.843	3.023E-23	107	164	219	-33920	-33747	174	33953	33735
103003324	-1	399	2.787E-109	3	33528	34439	1105	79	0.701	1.261E-14	163	216	219	-33689	-33528	162	33731	33522
103004081	-1	188	9.172E-46	2	23983	24398	1325	153	0.769	2.797E-39	49	143	203	-24398	-24111	288	24446	24060
103004081	-1	188	9.172E-46	2	23983	24398	1326	34	0.726	2.445E+01	145	165	203	-24045	-23983	63	24120	23983
103004395	-1	188	9.172E-46	2	23983	24398	1325	153	0.769	2.797E-39	49	143	203	-24398	-24111	288	24446	24060
103004395	-1	188	9.172E-46	2	23983	24398	1326	34	0.726	2.445E+01	145	165	203	-24045	-23983	63	24120	23983
103004822	1	177	1.878E-42	1	37064	37609	853	177	0.513	1.122E-44	40	200	293	37064	37609	546	36752	37621
103049004	-1	212	5.467E-53	1	34137	34445	1092	212	0.968	4.156E-60	0	102	103	-34445	-34137	309	34484	34134
103066280	-1	407	1.089E-111	3	33525	34439	1092	213	0.981	1.611E-60	8	109	219	-34439	-34134	306	34484	34134
103066280	-1	407	1.089E-111	3	33525	34439	1101	104	0.843	3.023E-23	107	164	219	-33920	-33747	174	33953	33735
103066280	-1	407	1.089E-111	3	33525	34439	1105	93	0.801	1.368E-19	163	217	219	-33689	-33525	165	33731	33522
103093670	1	710	6.681E-203	5	14347	17090	352	143	0.497	1.626E-34	62	214	836	14347	14799	453	14203	14835
103093670	1	710	6.681E-203	5	14347	17090	361	162	0.521	2.767E-41	208	370	836	14844	15329	486	14775	15344
103093670	1	710	6.681E-203	5	14347	17090	367	63	0.499	6.382E-09	370	434	836	15389	15583	195	15344	15601
103093670	1	710	6.681E-203	5	14347	17090	390	280	0.575	6.137E-81	498	749	836	16024	16773	750	16003	16791
103093670	1	710	6.681E-203	5	14347	17090	398	129	0.713	1.079E-31	748	835	836	16827	17090	264	16821	17090
103094142	-1	405	4.355E-111	3	33531	34439	1092	218	1.000	2.649E-62	8	109	217	-34439	-34134	306	34484	34134
103094142	-1	405	4.355E-111	3	33531	34439	1101	101	0.825	2.027E-22	107	164	217	-33920	-33747	174	33953	33735
103094142	-1	405	4.355E-111	3	33531	34439	1105	89	0.795	3.271E-18	163	215	217	-33689	-33531	159	33731	33522
108262063	1	149	5.042E-34	1	37064	37573	853	149	0.473	2.328E-35	43	198	308	37064	37573	510	36752	37621
108608385	-1	403	1.742E-110	3	33531	34439	1092	213	0.981	1.611E-60	8	109	219	-34439	-34134	306	34484	34134
108608385	-1	403	1.742E-110	3	33531	34439	1101	104	0.846	2.201E-23	107	164	219	-33920	-33747	174	33953	33735
108608385	-1	403	1.742E-110	3	33531	34439	1105	89	0.798	2.381E-18	163	215	219	-33689	-33531	159	33731	33522
108805994	-1	402	3.484E-110	3	33531	34439	1092	214	0.983	1.174E-60	8	109	220	-34439	-34134	306	34484	34134
108805994	-1	402	3.484E-110	3	33531	34439	1101	98	0.802	2.564E-21	107	164	220	-33920	-33747	174	33953	33735
108805994	-1	402	3.484E-110	3	33531	34439	1105	93	0.824	1.879E-19	163	215	220	-33689	-33531	159	33731	33522
109146403	1	807	4.216E-232	6	14296	17090	352	135	0.441	1.598E-31	116	283	908	14296	14796	501	14203	14835
109146403	1	807	4.216E-232	6	14296	17090	361	167	0.547	6.346E-43	284	439	908	14856	15329	474	14775	15344
109146403	1	807	4.216E-232	6	14296	17090	367	66	0.480	9.499E-10	439	509	908	15389	15601	213	15344	15601
109146403	1	807	4.216E-232	6	14296	17090	375	44	0.423	1.125E-02	517	571	908	15801	15965	165	15768	15965
109146403	1	807	4.216E-232	6	14296	17090	390	271	0.565	8.496E-78	573	821	908	16036	16773	738	16003	16791
109146403	1	807	4.216E-232	6	14296	17090	398	126	0.700	9.896E-31	820	907	908	16827	17090	264	16821	17090
109198681	1	139	5.163E-31	1	37064	37573	853	139	0.449	5.354E-32	46	201	312	37064	37573	510	36752	37621
109312568	-1	411	6.804E-113	3	33525	34439	1092	215	0.989	3.318E-61	8	109	219	-34439	-34134	306	34484	34134
109312568	-1	411	6.804E-113	3	33525	34439	1101	106	0.863	3.284E-24	107	164	219	-33920	-33747	174	33953	33735
109312568	-1	411	6.804E-113	3	33525	34439	1105	93	0.797	1.879E-19	163	217	219	-33689	-33525	165	33731	33522
109776761	1	181	1.174E-43	1	37067	37609	853	181	0.524	4.965E-46	15	174	261	37067	37609	543	36752	37621
110045821	1	262	4.856E-68	2	37064	37931	853	169	0.496	3.055E-42	37	199	289	37064	37609	546	36752	37621
110045821	1	262	4.856E-68	2	37064	37931	858	94	0.569	1.263E-19	202	285	289	37680	37931	252	37662	37946
110991163	-1	172	6.011E-41	2	19997	20588	1422	134	0.644	1.542E-32	75	177	238	-20588	-20283	306	20636	20247
110991163	-1	172	6.011E-41	2	19997	20588	1426	51	0.701	1.453E-05	192	225	238	-20098	-19997	102	20104	19997
112441035	-1	173	3.006E-41	2	20000	20588	1422	139	0.710	1.351E-34	76	170	256	-20588	-20301	288	20636	20247
112441035	-1	173	3.006E-41	2	20000	20588	1426	55	0.771	5.963E-07	193	225	256	-20098	-20000	99	20104	19997
112580579	-1	191	1.147E-46	2	33525	33914	1101	105	0.878	1.167E-23	13	68	123	-33914	-33747	168	33953	33735
112580579	-1	191	1.147E-46	2	33525	33914	1105	87	0.758	1.165E-17	67	121	123	-33689	-33525	165	33731	33522
113532100	-1	428	5.191E-118	3	33525	34439	1092	219	1.000	1.408E-62	8	109	218	-34439	-34134	306	34484	34134
113532100	-1	428	5.191E-118	3	33525	34439	1101	105	0.852	1.167E-23	107	164	218	-33920	-33747	174	33953	33735
113532100	-1	428	5.191E-118	3	33525	34439	1105	107	0.908	2.061E-24	163	217	218	-33689	-33525	165	33731	33522
113948168	1	571	4.656E-161	4	14329	16773	352	134	0.444	4.087E-31	77	241	864	14329	14805	477	14203	14835
113948168	1	571	4.656E-161	4	14329	16773	361	164	0.540	5.741E-42	238	395	864	14859	15329	471	14775	15344
113948168	1	571	4.656E-161	4	14329	16773	367	62	0.464	1.654E-08	395	464	864	15389	15598	210	15344	15601
113948168	1	571	4.656E-161	4	14329	16773	390	263	0.530	4.572E-75	516	777	864	16003	16773	771	16003	16791
113959413	-1	413	1.701E-113	3	33531	34439	1092	219	1.000	1.931E-62	8	109	219	-34439	-34134	306	34484	34134
113959413	-1	413	1.701E-113	3	33531	34439	1101	104	0.846	2.201E-23	107	164	219	-33920	-33747	174	33953	33735
113959413	-1	413	1.701E-113	3	33531	34439	1105	93	0.827	1.368E-19	163	215	219	-33689	-33531	159	33731	33522
113977863	1	145	8.068E-33	1	37064	37573	853	145	0.462	7.034E-34	55	210	320	37064	37573	510	36752	37621
114224176	1	345	5.021E-93	3	36624	37931	839	45	0.570	8.958E-03	14	51	300	36624	36737	114	36534	36737
114224176	1	345	5.021E-93	3	36624	37931	853	185	0.533	1.176E-47	51	211	300	37064	37609	546	36752	37621
114224176	1	345	5.021E-93	3	36624	37931	858	116	0.676	4.721E-27	214	297	300	37680	37931	252	37662	37946
114678786	-1	408	5.443E-112	3	33531	34439	1092	217	0.996	9.375E-62	8	109	219	-34439	-34134	306	34484	34134
114678786	-1	408	5.443E-112	3	33531	34439	1101	101	0.822	2.783E-22	107	164	219	-33920	-33747	174	33953	33735
114678786	-1	408	5.443E-112	3	33531	34439	1105	93	0.824	1.879E-19	163	215	219	-33689	-33531	159	33731	33522
114801969	-1	412	3.402E-113	3	33525	34439	1092	217	0.997	6.835E-62	8	109	219	-34439	-34134	306	34484	34134
114801969	-1	412	3.402E-113	3	33525	34439	1101	106	0.857	6.192E-24	107	164	219	-33920	-33747	174	33953	33735
114801969	-1	412	3.402E-113	3	33525	34439	1105	92	0.791	3.546E-19	163	217	219	-33689	-33525	165	33731	33522
114996865	-1	396	2.230E-108	3	33525	34439	1092	217	0.996	9.375E-62	8	109	219	-34439	-34134	306	34484	34134
114996865	-1	396	2.230E-108	3	33525	34439	1101	105	0.852	1.167E-23	107	164	219	-33920	-33747	174	33953	33735
114996865	-1	396	2.230E-108	3	33525	34439	1105	77	0.675	6.176E-14	163	217	219	-33689	-33525	165	33731	33522
116153656	1	808	2.108E-232	6	14296	17090	352	137	0.446	3.340E-32	116	283	908	14296	14796	501	14203	14835
116153656	1	808	2.108E-232	6	14296	17090	361	167	0.547	6.346E-43	284	439	908	14856	15329	474	14775	15344
116153656	1	808	2.108E-232	6	14296	17090	367	66	0.480	9.499E-10	439	509	908	15389	15601	213	15344	15601
116153656	1	808	2.108E-232	6	14296	17090	375	44	0.423	1.125E-02	517	571	908	15801	15965	165	15768	15965
116153656	1	808	2.108E-232	6	14296	17090	390	270	0.563	2.182E-77	573	821	908	16036	16773	738	16003	16791
116153656	1	808	2.108E-232	6	14296	17090	398	126	0.700	9.896E-31	820	907	908	16827	17090	264	16821	17090
116677672	-1	176	3.757E-42	2	20000	20588	1422	142	0.720	2.030E-35	76	170	258	-20588	-20301	288	20636	20247
116677672	-1	176	3.757E-42	2	20000	20588	1426	55	0.771	5.963E-07	193	225	258	-20098	-20000	99	20104	19997
116770244	-1	171	1.202E-40	2	20000	20588	1422	137	0.698	1.232E-33	76	170	257	-20588	-20301	288	20636	20247
116770244	-1	171	1.202E-40	2	20000	20588	1426	55	0.771	5.963E-07	193	225	257	-20098	-20000	99	20104	19997
116775267	-1	166	3.847E-39	3	23983	24765	1317	38	0.629	1.933E+01	9	36	234	-24765	-24685	81	24840	24469
116775267	-1	166	3.847E-39	3	23983	24765	1325	134	0.661	1.475E-32	75	174	234	-24398	-24099	300	24446	24060
116775267	-1	166	3.847E-39	3	23983	24765	1326	38	0.784	7.091E-01	167	188	234	-24048	-23983	66	24120	23983
116787540	-1	179	4.696E-43	2	23813	24401	1325	145	0.728	1.551E-36	79	174	254	-24401	-24111	291	24446	24060
116787540	-1	179	4.696E-43	2	23813	24401	1331	55	0.776	4.334E-07	197	229	254	-23911	-23813	99	23917	23810
116850763	-1	169	4.809E-40	2	20000	20591	1422	137	0.691	1.232E-33	85	180	260	-20591	-20301	291	20636	20247
116850763	-1	169	4.809E-40	2	20000	20591	1426	53	0.745	2.943E-06	203	235	260	-20098	-20000	99	20104	19997
116932930	-1	181	1.174E-43	2	23983	24395	1325	143	0.730	1.032E-35	59	152	221	-24395	-24111	285	24446	24060
116932930	-1	181	1.174E-43	2	23983	24395	1326	37	0.793	1.860E+00	154	174	221	-24045	-23983	63	24120	23983
116954581	-1	171	1.202E-40	2	23813	24398	1325	142	0.722	1.415E-35	77	171	237	-24398	-24111	288	24446	24060
116954581	-1	171	1.202E-40	2	23813	24398	1331	50	0.714	2.001E-05	194	226	237	-23911	-23813	99	23917	23810
117085459	-1	137	2.065E-30	2	24099	24756	1317	39	0.740	7.651E+00	11	34	233	-24756	-24685	72	24840	24469
117085459	-1	137	2.065E-30	2	24099	24756	1325	135	0.666	5.718E-33	73	172	233	-24398	-24099	300	24446	24060
117116827	-1	315	5.391E-84	2	33744	34439	1092	214	0.983	1.174E-60	8	109	179	-34439	-34134	306	34484	34134
117116827	-1	315	5.391E-84	2	33744	34439	1101	103	0.827	4.151E-23	107	165	179	-33920	-33744	177	33953	33735
117131104	-1	415	4.253E-114	3	33531	34439	1092	219	1.000	1.931E-62	8	109	219	-34439	-34134	306	34484	34134
117131104	-1	415	4.253E-114	3	33531	34439	1101	107	0.869	1.742E-24	107	164	219	-33920	-33747	174	33953	33735
117131104	-1	415	4.253E-114	3	33531	34439	1105	92	0.817	3.546E-19	163	215	219	-33689	-33531	159	33731	33522
117183858	-1	406	2.177E-111	3	33522	34439	1092	213	0.981	1.611E-60	8	109	219	-34439	-34134	306	34484	34134
117183858	-1	406	2.177E-111	3	33522	34439	1101	104	0.846	2.201E-23	107	164	219	-33920	-33747	174	33953	33735
117183858	-1	406	2.177E-111	3	33522	34439	1105	92	0.779	3.546E-19	163	218	219	-33689	-33522	168	33731	33522
117202335	1	337	1.285E-90	3	36645	37931	839	45	0.682	6.509E-03	19	49	298	36645	36737	93	36534	36737
117202335	1	337	1.285E-90	3	36645	37931	853	183	0.528	5.594E-47	49	209	298	37064	37609	546	36752	37621
117202335	1	337	1.285E-90	3	36645	37931	858	110	0.648	3.975E-25	212	295	298	37680	37931	252	37662	37946
117235466	-1	217	1.708E-54	1	34137	34445	1092	217	0.987	9.375E-62	0	102	103	-34445	-34137	309	34484	34134
117259245	-1	392	3.567E-107	3	33540	34439	1092	213	0.979	2.209E-60	8	109	219	-34439	-34134	306	34484	34134
117259245	-1	392	3.567E-107	3	33540	34439	1101	100	0.814	7.208E-22	107	164	219	-33920	-33747	174	33953	33735
117259245	-1	392	3.567E-107	3	33540	34439	1105	82	0.776	9.931E-16	163	212	219	-33689	-33540	150	33731	33522
117288008	-1	94	1.817E-17	1	33747	33920	1101	94	0.770	8.405E-20	21	78	83	-33920	-33747	174	33953	33735
117315465	-1	326	2.632E-87	2	33747	34439	1092	220	1.000	5.457E-63	8	109	167	-34439	-34134	306	34484	34134
117315465	-1	326	2.632E-87	2	33747	34439	1101	108	0.875	9.238E-25	107	164	167	-33920	-33747	174	33953	33735
117316807	1	277	1.482E-72	2	16315	17090	390	158	0.536	1.383E-38	12	163	250	16315	16773	459	16003	16791
117316807	1	277	1.482E-72	2	16315	17090	398	120	0.671	1.144E-28	162	249	250	16827	17090	264	16821	17090
117334533	1	140	2.582E-31	1	37067	37573	853	140	0.453	2.884E-32	2	149	172	37067	37573	507	36752	37621
117338435	1	367	1.197E-99	3	36648	37931	839	39	0.610	1.082E+00	25	54	307	36648	36737	90	36534	36737
117338435	1	367	1.197E-99	3	36648	37931	853	202	0.571	2.359E-53	54	215	307	37064	37609	546	36752	37621
117338435	1	367	1.197E-99	3	36648	37931	858	127	0.727	4.862E-31	218	302	307	37680	37931	252	37662	37946
117341636	-1	413	1.701E-113	3	33528	34439	1092	222	1.000	1.124E-63	8	109	220	-34439	-34134	306	34484	34134
117341636	-1	413	1.701E-113	3	33528	34439	1101	104	0.849	1.603E-23	107	164	220	-33920	-33747	174	33953	33735
117341636	-1	413	1.701E-113	3	33528	34439	1105	90	0.788	1.734E-18	163	216	220	-33689	-33528	162	33731	33522
117349403	1	281	9.261E-74	3	15389	16530	367	62	0.462	2.273E-08	37	106	370	15389	15598	210	15344	15601
117349403	1	281	9.261E-74	3	15389	16530	375	47	0.439	1.202E-03	111	166	370	15792	15959	168	15768	15965
117349403	1	281	9.261E-74	3	15389	16530	390	177	0.555	3.130E-45	170	333	370	16036	16530	495	16003	16791
117356110	1	320	1.685E-85	3	36645	37940	839	44	0.666	1.697E-02	20	50	313	36645	36737	93	36534	36737
117356110	1	320	1.685E-85	3	36645	37940	853	173	0.503	2.530E-43	50	210	313	37064	37609	546	36752	37621
117356110	1	320	1.685E-85	3	36645	37940	858	104	0.599	6.308E-23	213	299	313	37680	37940	261	37662	37946
117425049	-1	382	3.653E-104	3	33531	34439	1092	207	0.955	2.528E-58	8	109	220	-34439	-34134	306	34484	34134
117425049	-1	382	3.653E-104	3	33531	34439	1101	98	0.799	3.521E-21	107	164	220	-33920	-33747	174	33953	33735
117425049	-1	382	3.653E-104	3	33531	34439	1105	80	0.722	4.862E-15	163	215	220	-33689	-33531	159	33731	33522
117437264	1	265	6.070E-69	2	37064	37925	853	171	0.499	1.200E-42	38	198	287	37064	37609	546	36752	37621
117437264	1	265	6.070E-69	2	37064	37925	858	95	0.582	9.201E-20	201	282	287	37680	37925	246	37662	37946
117531003	1	210	2.187E-52	2	36648	37609	839	36	0.565	1.400E+01	22	51	304	36648	36737	90	36534	36737
117531003	1	210	2.187E-52	2	36648	37609	853	174	0.505	9.936E-44	51	211	304	37064	37609	546	36752	37621
117558343	1	447	9.901E-124	4	14844	21812	361	146	0.477	1.097E-35	275	438	903	14844	15329	486	14775	15344
117558343	1	447	9.901E-124	4	14844	21812	367	64	0.484	2.462E-09	438	506	903	15389	15595	207	15344	15601
117558343	1	447	9.901E-124	4	14844	21812	390	256	0.527	1.794E-72	561	816	903	16018	16773	756	16003	16791
117558343	1	447	9.901E-124	4	14844	21812	512	34	0.359	5.335E+01	819	869	903	21660	21812	153	21657	21842
117561073	1	768	2.318E-220	6	14329	17090	352	139	0.459	3.730E-33	82	246	869	14329	14805	477	14203	14835
117561073	1	768	2.318E-220	6	14329	17090	361	145	0.495	1.503E-35	243	398	869	14859	15323	465	14775	15344
117561073	1	768	2.318E-220	6	14329	17090	367	59	0.447	1.528E-07	401	470	869	15392	15601	210	15344	15601
117561073	1	768	2.318E-220	6	14329	17090	375	44	0.420	1.548E-02	478	532	869	15801	15965	165	15768	15965
117561073	1	768	2.318E-220	6	14329	17090	390	268	0.559	1.439E-76	534	782	869	16036	16773	738	16003	16791
117561073	1	768	2.318E-220	6	14329	17090	398	120	0.671	1.144E-28	781	868	869	16827	17090	264	16821	17090
117564131	-1	404	8.709E-111	3	33525	34439	1092	216	0.991	2.419E-61	8	109	219	-34439	-34134	306	34484	34134
117564131	-1	404	8.709E-111	3	33525	34439	1101	106	0.860	4.509E-24	107	164	219	-33920	-33747	174	33953	33735
117564131	-1	404	8.709E-111	3	33525	34439	1105	85	0.739	7.827E-17	163	217	219	-33689	-33525	165	33731	33522
117588123	-1	397	1.115E-108	3	33540	34439	1092	219	1.000	1.931E-62	8	109	219	-34439	-34134	306	34484	34134
117588123	-1	397	1.115E-108	3	33540	34439	1101	109	0.881	4.900E-25	107	164	219	-33920	-33747	174	33953	33735
117588123	-1	397	1.115E-108	3	33540	34439	1105	72	0.692	2.800E-12	163	212	219	-33689	-33540	150	33731	33522
117594043	1	229	4.171E-58	2	37064	37922	853	139	0.427	5.354E-32	40	201	286	37064	37609	546	36752	37621
117594043	1	229	4.171E-58	2	37064	37922	858	91	0.567	2.186E-18	204	284	286	37680	37922	243	37662	37946
117618539	1	237	1.629E-60	1	16027	16773	390	237	0.508	4.641E-66	128	373	460	16027	16773	747	16003	16791
117634980	-1	428	5.191E-118	3	33525	34439	1092	219	1.000	1.408E-62	8	109	218	-34439	-34134	306	34484	34134
117634980	-1	428	5.191E-118	3	33525	34439	1101	105	0.852	1.167E-23	107	164	218	-33920	-33747	174	33953	33735
117634980	-1	428	5.191E-118	3	33525	34439	1105	107	0.911	1.501E-24	163	217	218	-33689	-33525	165	33731	33522
118234046	1	65	9.753E-09	1	34134	34403	793	65	0.398	1.520E-08	39	128	129	34134	34403	270	34053	34475
122870851	1	149	5.042E-34	1	37064	37573	853	149	0.471	4.327E-35	56	211	322	37064	37573	510	36752	37621
123504740	1	541	4.999E-152	4	14823	17090	361	160	0.499	1.827E-40	225	394	865	14823	15323	501	14775	15344
123504740	1	541	4.999E-152	4	14823	17090	367	59	0.452	1.528E-07	397	465	865	15392	15598	207	15344	15601
123504740	1	541	4.999E-152	4	14823	17090	390	265	0.555	9.493E-76	530	778	865	16036	16773	738	16003	16791
123504740	1	541	4.999E-152	4	14823	17090	398	120	0.678	1.144E-28	778	864	865	16830	17090	261	16821	17090
123759859	1	149	5.042E-34	1	37064	37573	853	149	0.471	4.327E-35	56	211	322	37064	37573	510	36752	37621
123992903	1	145	8.068E-33	1	14844	15329	361	145	0.474	2.817E-35	42	205	261	14844	15329	486	14775	15344
124733213	1	375	4.676E-102	3	14844	17090	361	154	0.500	1.089E-38	168	331	791	14844	15329	486	14775	15344
124733213	1	375	4.676E-102	3	14844	17090	390	222	0.474	9.635E-61	451	704	791	16015	16773	759	16003	16791
124733213	1	375	4.676E-102	3	14844	17090	398	118	0.660	7.647E-28	703	790	791	16827	17090	264	16821	17090
125652170	-1	401	6.968E-110	3	33540	34439	1092	220	1.000	5.457E-63	8	109	219	-34439	-34134	306	34484	34134
125652170	-1	401	6.968E-110	3	33540	34439	1101	106	0.860	4.509E-24	107	164	219	-33920	-33747	174	33953	33735
125652170	-1	401	6.968E-110	3	33540	34439	1105	78	0.739	3.271E-14	163	212	219	-33689	-33540	150	33731	33522
125793182	1	172	6.011E-41	1	37064	37615	853	172	0.497	4.716E-43	37	200	215	37064	37615	552	36752	37621
126030332	-1	402	3.484E-110	3	33525	34439	1092	220	1.000	5.457E-63	8	109	219	-34439	-34134	306	34484	34134
126030332	-1	402	3.484E-110	3	33525	34439	1101	108	0.875	9.238E-25	107	164	219	-33920	-33747	174	33953	33735
126030332	-1	402	3.484E-110	3	33525	34439	1105	77	0.678	4.494E-14	163	217	219	-33689	-33525	165	33731	33522
126049543	1	326	2.632E-87	3	36657	37937	839	38	0.655	2.052E+00	13	39	296	36657	36737	81	36534	36737
126049543	1	326	2.632E-87	3	36657	37937	853	183	0.528	5.594E-47	39	199	296	37064	37609	546	36752	37621
126049543	1	326	2.632E-87	3	36657	37937	858	106	0.608	1.295E-23	202	288	296	37680	37937	258	37662	37946
126077180	1	371	7.481E-101	3	36648	37940	839	40	0.622	5.709E-01	22	51	302	36648	36737	90	36534	36737
126077180	1	371	7.481E-101	3	36648	37940	853	199	0.564	2.876E-52	51	211	302	37064	37609	546	36752	37621
126077180	1	371	7.481E-101	3	36648	37940	858	133	0.739	5.785E-33	214	300	302	37680	37940	261	37662	37946
126553112	-1	228	8.342E-58	2	33546	34439	1092	209	0.965	3.796E-59	8	109	214	-34439	-34134	306	34484	34134
126553112	-1	228	8.342E-58	2	33546	34439	1105	71	0.709	5.288E-12	163	210	214	-33689	-33546	144	33731	33522
126689208	1	695	2.189E-198	5	14296	17090	352	143	0.445	3.043E-34	52	227	851	14296	14805	510	14203	14835
126689208	1	695	2.189E-198	5	14296	17090	361	160	0.547	9.738E-41	231	382	851	14877	15329	453	14775	15344
126689208	1	695	2.189E-198	5	14296	17090	367	60	0.450	1.112E-07	383	452	851	15392	15601	210	15344	15601
126689208	1	695	2.189E-198	5	14296	17090	390	262	0.534	1.608E-74	507	764	851	16009	16773	765	16003	16791
126689208	1	695	2.189E-198	5	14296	17090	398	123	0.685	1.246E-29	763	850	851	16827	17090	264	16821	17090
126716592	1	332	4.113E-89	3	36663	37931	839	39	0.721	7.861E-01	13	37	263	36663	36737	75	36534	36737
126716592	1	332	4.113E-89	3	36663	37931	853	178	0.572	3.224E-45	37	175	263	37064	37543	480	36752	37621
126716592	1	332	4.113E-89	3	36663	37931	858	116	0.659	3.440E-27	174	260	263	37671	37931	261	37662	37946
128576008	1	659	1.504E-187	5	14299	17090	352	138	0.446	1.786E-32	91	256	879	14299	14805	507	14203	14835
128576008	1	659	1.504E-187	5	14299	17090	361	163	0.538	1.077E-41	253	410	879	14859	15329	471	14775	15344
128576008	1	659	1.504E-187	5	14299	17090	367	64	0.473	2.462E-09	410	480	879	15389	15601	213	15344	15601
128576008	1	659	1.504E-187	5	14299	17090	390	232	0.488	2.751E-64	537	792	879	16009	16773	765	16003	16791
128576008	1	659	1.504E-187	5	14299	17090	398	119	0.668	2.154E-28	791	878	879	16827	17090	264	16821	17090
128633182	-1	216	3.417E-54	1	34134	34439	1092	216	0.992	1.764E-61	5	106	170	-34439	-34134	306	34484	34134
129035452	1	255	6.215E-66	2	37064	37919	853	159	0.470	9.931E-39	41	205	292	37064	37612	549	36752	37621
129035452	1	255	6.215E-66	2	37064	37919	858	95	0.594	9.201E-20	207	286	292	37680	37919	240	37662	37946
129766718	1	677	5.739E-193	5	14859	17090	361	160	0.529	1.334E-40	204	361	830	14859	15329	471	14775	15344
129766718	1	677	5.739E-193	5	14859	17090	367	70	0.512	2.892E-11	362	431	830	15392	15601	210	15344	15601
129766718	1	677	5.739E-193	5	14859	17090	375	45	0.410	8.171E-03	436	493	830	15792	15965	174	15768	15965
129766718	1	677	5.739E-193	5	14859	17090	390	276	0.574	1.425E-79	495	743	830	16036	16773	738	16003	16791
129766718	1	677	5.739E-193	5	14859	17090	398	126	0.702	7.211E-31	742	829	830	16827	17090	264	16821	17090
129930992	1	207	1.749E-51	2	36663	37609	839	35	0.645	2.656E+01	16	40	293	36663	36737	75	36534	36737
129930992	1	207	1.749E-51	2	36663	37609	853	172	0.501	3.454E-43	40	200	293	37064	37609	546	36752	37621
130143216	-1	74	1.905E-11	1	31214	31489	1152	74	0.338	1.547E-11	23	153	170	-31489	-31214	276	31642	31193
130315445	1	364	9.576E-99	3	36657	37940	839	39	0.668	1.082E+00	33	59	310	36657	36737	81	36534	36737
130315445	1	364	9.576E-99	3	36657	37940	853	199	0.566	1.539E-52	59	219	310	37064	37609	546	36752	37621
130315445	1	364	9.576E-99	3	36657	37940	858	127	0.712	4.862E-31	222	308	310	37680	37940	261	37662	37946
130345306	1	325	5.265E-87	3	36639	37931	839	42	0.610	6.091E-02	21	53	302	36639	36737	99	36534	36737
130345306	1	325	5.265E-87	3	36639	37931	853	176	0.512	1.532E-44	53	213	302	37064	37609	546	36752	37621
130345306	1	325	5.265E-87	3	36639	37931	858	108	0.638	1.936E-24	216	299	302	37680	37931	252	37662	37946
130357751	1	206	3.499E-51	2	36663	37594	839	35	0.645	2.656E+01	13	37	211	36663	36737	75	36534	36737
130357751	1	206	3.499E-51	2	36663	37594	853	171	0.512	6.439E-43	37	192	211	37064	37594	531	36752	37621
130417720	-1	207	1.749E-51	1	34134	34439	1092	207	0.956	1.843E-58	8	109	188	-34439	-34134	306	34484	34134
130632975	-1	402	3.484E-110	3	33540	34439	1092	219	1.000	1.408E-62	8	109	218	-34439	-34134	306	34484	34134
130632975	-1	402	3.484E-110	3	33540	34439	1101	109	0.881	4.900E-25	107	164	218	-33920	-33747	174	33953	33735
130632975	-1	402	3.484E-110	3	33540	34439	1105	77	0.735	4.494E-14	163	212	218	-33689	-33540	150	33731	33522
131166715	-1	164	1.539E-38	3	20170	21093	1407	41	0.723	1.128E-01	10	35	238	-21093	-21016	78	21132	20971
131166715	-1	164	1.539E-38	3	20170	21093	1422	137	0.665	8.986E-34	74	175	238	-20588	-20283	306	20636	20247
131166715	-1	164	1.539E-38	3	20170	21093	1423	32	0.666	9.358E+01	166	187	238	-20235	-20170	66	20310	20170
131170453	-1	212	5.467E-53	4	19997	21114	1407	39	0.569	4.071E-01	3	35	293	-21114	-21016	99	21132	20971
131170453	-1	212	5.467E-53	4	19997	21114	1422	133	0.648	2.115E-32	74	175	293	-20588	-20283	306	20636	20247
131170453	-1	212	5.467E-53	4	19997	21114	1423	33	0.673	6.777E+01	166	187	293	-20235	-20170	66	20310	20170
131170453	-1	212	5.467E-53	4	19997	21114	1426	51	0.706	1.056E-05	188	221	293	-20098	-19997	102	20104	19997
131245773	-1	171	1.202E-40	2	23813	24398	1325	139	0.710	1.292E-34	78	172	250	-24398	-24111	288	24446	24060
131245773	-1	171	1.202E-40	2	23813	24398	1331	53	0.750	2.138E-06	195	227	250	-23911	-23813	99	23917	23810
131301948	-1	239	4.073E-61	4	20000	24783	1317	37	0.525	3.581E+01	142	175	368	-24783	-24685	99	24840	24469
131301948	-1	239	4.073E-61	4	20000	24783	1325	146	0.731	8.244E-37	213	309	368	-24401	-24111	291	24446	24060
131301948	-1	239	4.073E-61	4	20000	24783	1326	37	0.768	1.349E+00	310	331	368	-24048	-23983	66	24120	23983
131301948	-1	239	4.073E-61	4	20000	24783	1426	52	0.740	4.050E-06	332	364	368	-20098	-20000	99	20104	19997
131409241	-1	170	2.404E-40	2	23810	24398	1325	138	0.705	3.332E-34	81	175	235	-24398	-24111	288	24446	24060
131409241	-1	170	2.404E-40	2	23810	24398	1331	53	0.726	2.943E-06	198	231	235	-23911	-23810	102	23917	23810
131419263	-1	143	3.227E-32	2	20301	21111	1407	41	0.590	1.128E-01	3	35	233	-21111	-21016	96	21132	20971
131419263	-1	143	3.227E-32	2	20301	21111	1422	140	0.713	7.181E-35	75	169	233	-20588	-20301	288	20636	20247
131455620	-1	177	1.878E-42	3	23983	24741	1317	37	0.877	2.631E+01	11	29	219	-24741	-24685	57	24840	24469
131455620	-1	177	1.878E-42	3	23983	24741	1325	148	0.709	1.699E-37	67	168	219	-24398	-24099	300	24446	24060
131455620	-1	177	1.878E-42	3	23983	24741	1326	35	0.729	6.739E+00	161	182	219	-24048	-23983	66	24120	23983
131685889	-1	303	2.208E-80	2	33747	34439	1092	212	0.976	4.156E-60	8	109	215	-34439	-34134	306	34484	34134
131685889	-1	303	2.208E-80	2	33747	34439	1101	93	0.764	1.585E-19	107	164	215	-33920	-33747	174	33953	33735
131688063	-1	404	8.709E-111	3	33531	34439	1092	211	0.971	1.073E-59	8	109	219	-34439	-34134	306	34484	34134
131688063	-1	404	8.709E-111	3	33531	34439	1101	104	0.846	2.201E-23	107	164	219	-33920	-33747	174	33953	33735
131688063	-1	404	8.709E-111	3	33531	34439	1105	92	0.821	2.581E-19	163	215	219	-33689	-33531	159	33731	33522
131692180	1	710	6.681E-203	5	14347	17090	352	143	0.497	1.626E-34	62	214	836	14347	14799	453	14203	14835
131692180	1	710	6.681E-203	5	14347	17090	361	162	0.521	2.767E-41	208	370	836	14844	15329	486	14775	15344
131692180	1	710	6.681E-203	5	14347	17090	367	63	0.499	6.382E-09	370	434	836	15389	15583	195	15344	15601
131692180	1	710	6.681E-203	5	14347	17090	390	280	0.575	6.137E-81	498	749	836	16024	16773	750	16003	16791
131692180	1	710	6.681E-203	5	14347	17090	398	129	0.713	1.079E-31	748	835	836	16827	17090	264	16821	17090
131729127	-1	403	1.742E-110	3	33531	34439	1092	213	0.981	1.611E-60	8	109	219	-34439	-34134	306	34484	34134
131729127	-1	403	1.742E-110	3	33531	34439	1101	104	0.846	2.201E-23	107	164	219	-33920	-33747	174	33953	33735
131729127	-1	403	1.742E-110	3	33531	34439	1105	89	0.792	4.493E-18	163	215	219	-33689	-33531	159	33731	33522
131759772	1	125	8.460E-27	1	14305	14799	352	125	0.418	3.977E-28	44	210	325	14305	14799	495	14203	14835
131789577	-1	225	6.674E-57	2	33546	34439	1092	205	0.945	1.683E-57	8	109	215	-34439	-34134	306	34484	34134
131789577	-1	225	6.674E-57	2	33546	34439	1105	73	0.740	1.079E-12	164	210	215	-33686	-33546	141	33731	33522
131836413	-1	193	2.866E-47	2	33531	33920	1101	99	0.808	1.359E-21	36	93	149	-33920	-33747	174	33953	33735
131836413	-1	193	2.866E-47	2	33531	33920	1105	95	0.843	2.800E-20	92	144	149	-33689	-33531	159	33731	33522
131876731	-1	299	3.533E-79	2	33747	34439	1092	205	0.947	1.227E-57	8	109	214	-34439	-34134	306	34484	34134
131876731	-1	299	3.533E-79	2	33747	34439	1101	96	0.788	1.252E-20	107	164	214	-33920	-33747	174	33953	33735
131879660	1	398	5.574E-109	4	14311	15959	352	136	0.445	8.544E-32	89	255	881	14311	14805	495	14203	14835
131879660	1	398	5.574E-109	4	14311	15959	361	162	0.520	2.020E-41	246	409	881	14841	15329	489	14775	15344
131879660	1	398	5.574E-109	4	14311	15959	367	64	0.484	4.646E-09	410	477	881	15392	15595	204	15344	15601
131879660	1	398	5.574E-109	4	14311	15959	375	49	0.457	1.770E-04	485	540	881	15792	15959	168	15768	15965
131886750	-1	209	4.374E-52	1	34134	34439	1092	209	0.963	5.207E-59	5	106	135	-34439	-34134	306	34484	34134
131897651	1	669	1.469E-190	5	14329	16773	352	134	0.445	2.988E-31	66	230	853	14329	14805	477	14203	14835
131897651	1	669	1.469E-190	5	14329	16773	361	156	0.536	2.261E-39	233	384	853	14877	15329	453	14775	15344
131897651	1	669	1.469E-190	5	14329	16773	367	68	0.497	1.029E-10	384	454	853	15389	15601	213	15344	15601
131897651	1	669	1.469E-190	5	14329	16773	375	51	0.472	6.794E-05	462	516	853	15801	15965	165	15768	15965
131897651	1	669	1.469E-190	5	14329	16773	390	264	0.553	2.438E-75	518	766	853	16036	16773	738	16003	16791
131958856	-1	401	6.968E-110	3	33531	34439	1092	217	0.997	6.835E-62	8	109	221	-34439	-34134	306	34484	34134
131958856	-1	401	6.968E-110	3	33531	34439	1101	98	0.799	3.521E-21	107	164	221	-33920	-33747	174	33953	33735
131958856	-1	401	6.968E-110	3	33531	34439	1105	89	0.795	3.271E-18	163	215	221	-33689	-33531	159	33731	33522
131966520	-1	409	2.722E-112	3	33525	34439	1092	215	0.989	3.318E-61	8	109	219	-34439	-34134	306	34484	34134
131966520	-1	409	2.722E-112	3	33525	34439	1101	106	0.863	3.284E-24	107	164	219	-33920	-33747	174	33953	33735
131966520	-1	409	2.722E-112	3	33525	34439	1105	91	0.782	9.189E-19	163	217	219	-33689	-33525	165	33731	33522
131986752	1	174	1.503E-41	1	14847	15329	361	174	0.547	2.200E-45	102	266	285	14847	15329	483	14775	15344
132049609	1	400	1.394E-109	4	14305	15953	352	134	0.438	2.185E-31	88	256	882	14305	14805	501	14203	14835
132049609	1	400	1.394E-109	4	14305	15953	361	172	0.544	1.061E-44	247	410	882	14841	15329	489	14775	15344
132049609	1	400	1.394E-109	4	14305	15953	367	64	0.484	4.646E-09	411	478	882	15392	15595	204	15344	15601
132049609	1	400	1.394E-109	4	14305	15953	375	43	0.420	2.934E-02	486	539	882	15792	15953	162	15768	15965
132051443	1	81	1.488E-13	1	37680	37865	858	81	0.638	8.272E-15	21	78	90	37680	37865	186	37662	37946
132069112	-1	217	1.708E-54	1	34137	34445	1092	217	0.989	6.835E-62	0	102	103	-34445	-34137	309	34484	34134
132088430	-1	418	5.316E-115	3	33525	34439	1092	220	1.000	1.027E-62	8	109	219	-34439	-34134	306	34484	34134
132088430	-1	418	5.316E-115	3	33525	34439	1101	105	0.854	8.502E-24	107	164	219	-33920	-33747	174	33953	33735
132088430	-1	418	5.316E-115	3	33525	34439	1105	96	0.828	7.868E-21	163	217	219	-33689	-33525	165	33731	33522
132102816	-1	409	2.722E-112	3	33525	34439	1092	217	0.997	6.835E-62	8	109	219	-34439	-34134	306	34484	34134
132102816	-1	409	2.722E-112	3	33525	34439	1101	104	0.846	2.201E-23	107	164	219	-33920	-33747	174	33953	33735
132102816	-1	409	2.722E-112	3	33525	34439	1105	91	0.788	4.870E-19	163	217	219	-33689	-33525	165	33731	33522
132111892	1	510	1.074E-142	4	14853	17090	361	177	0.568	2.430E-46	92	251	718	14853	15329	477	14775	15344
132111892	1	510	1.074E-142	4	14853	17090	367	59	0.440	2.099E-07	251	321	718	15389	15601	213	15344	15601
132111892	1	510	1.074E-142	4	14853	17090	390	220	0.483	6.332E-60	388	631	718	16039	16773	735	16003	16791
132111892	1	510	1.074E-142	4	14853	17090	398	119	0.666	2.957E-28	630	717	718	16827	17090	264	16821	17090
132123948	1	377	1.169E-102	3	36612	37940	839	45	0.530	6.509E-03	9	49	300	36612	36737	126	36534	36737
132123948	1	377	1.169E-102	3	36612	37940	853	205	0.577	2.644E-54	49	209	300	37064	37609	546	36752	37621
132123948	1	377	1.169E-102	3	36612	37940	858	128	0.716	2.582E-31	212	298	300	37680	37940	261	37662	37946
132141703	1	776	9.054E-223	6	14329	17090	352	138	0.455	1.306E-32	71	235	858	14329	14805	477	14203	14835
132141703	1	776	9.054E-223	6	14329	17090	361	161	0.538	5.191E-41	232	387	858	14859	15323	465	14775	15344
132141703	1	776	9.054E-223	6	14329	17090	367	72	0.526	4.307E-12	390	459	858	15392	15601	210	15344	15601
132141703	1	776	9.054E-223	6	14329	17090	375	43	0.411	4.039E-02	467	521	858	15801	15965	165	15768	15965
132141703	1	776	9.054E-223	6	14329	17090	390	263	0.529	8.573E-75	510	771	858	16003	16773	771	16003	16791
132141703	1	776	9.054E-223	6	14329	17090	398	118	0.662	5.571E-28	770	857	858	16827	17090	264	16821	17090
132160435	-1	323	2.106E-86	2	33744	34439	1092	219	1.000	1.408E-62	8	109	167	-34439	-34134	306	34484	34134
132160435	-1	323	2.106E-86	2	33744	34439	1101	106	0.845	6.192E-24	107	165	167	-33920	-33744	177	33953	33735
132445040	-1	78	1.191E-12	1	31214	31510	1152	78	0.339	9.244E-13	16	152	188	-31510	-31214	297	31642	31193
137285465	1	149	5.042E-34	1	37064	37573	853	149	0.471	4.327E-35	43	198	309	37064	37573	510	36752	37621
138286196	1	346	2.510E-93	3	36657	37931	839	46	0.776	4.730E-03	25	51	300	36657	36737	81	36534	36737
138286196	1	346	2.510E-93	3	36657	37931	853	187	0.536	3.374E-48	51	211	300	37064	37609	546	36752	37621
138286196	1	346	2.510E-93	3	36657	37931	858	114	0.666	2.299E-26	214	297	300	37680	37931	252	37662	37946
138495834	1	261	9.711E-68	2	14844	16773	361	145	0.476	1.503E-35	170	333	797	14844	15329	486	14775	15344
138495834	1	261	9.711E-68	2	14844	16773	390	248	0.529	9.621E-70	467	710	797	16033	16773	741	16003	16791
138728006	-1	200	2.239E-49	2	33525	33899	1101	97	0.889	6.640E-21	0	50	104	-33899	-33747	153	33953	33735
138728006	-1	200	2.239E-49	2	33525	33899	1105	104	0.883	2.606E-23	49	103	104	-33689	-33525	165	33731	33522
138916606	1	269	3.793E-70	2	37064	37931	853	161	0.474	2.865E-39	34	193	292	37064	37612	549	36752	37621
138916606	1	269	3.793E-70	2	37064	37931	858	107	0.630	6.872E-24	195	278	292	37680	37931	252	37662	37946
139251122	-1	386	2.283E-105	3	33531	34439	1092	210	0.966	2.768E-59	8	109	220	-34439	-34134	306	34484	34134
139251122	-1	386	2.283E-105	3	33531	34439	1101	97	0.793	6.640E-21	107	164	220	-33920	-33747	174	33953	33735
139251122	-1	386	2.283E-105	3	33531	34439	1105	82	0.741	7.229E-16	163	215	220	-33689	-33531	159	33731	33522
139312861	1	350	1.569E-94	3	36663	37931	839	39	0.721	7.861E-01	13	37	286	36663	36737	75	36534	36737
139312861	1	350	1.569E-94	3	36663	37931	853	200	0.567	8.238E-53	37	197	286	37064	37609	546	36752	37621
139312861	1	350	1.569E-94	3	36663	37931	858	112	0.656	1.120E-25	200	283	286	37680	37931	252	37662	37946
139448151	1	500	1.099E-139	4	14844	17090	361	139	0.465	1.672E-33	274	435	902	14844	15323	480	14775	15344
139448151	1	500	1.099E-139	4	14844	17090	367	59	0.460	2.099E-07	438	504	902	15392	15592	201	15344	15601
139448151	1	500	1.099E-139	4	14844	17090	390	250	0.532	1.999E-70	571	815	902	16033	16773	741	16003	16791
139448151	1	500	1.099E-139	4	14844	17090	398	118	0.662	5.571E-28	814	901	902	16827	17090	264	16821	17090
139541417	1	490	1.126E-136	4	14392	16773	352	105	0.424	2.351E-21	164	300	921	14392	14799	408	14203	14835
139541417	1	490	1.126E-136	4	14392	16773	361	156	0.504	3.097E-39	294	457	921	14844	15329	486	14775	15344
139541417	1	490	1.126E-136	4	14392	16773	367	59	0.468	2.883E-07	457	521	921	15389	15583	195	15344	15601
139541417	1	490	1.126E-136	4	14392	16773	390	242	0.519	1.071E-67	590	834	921	16033	16773	741	16003	16791
140152991	1	657	6.017E-187	5	14329	16773	352	138	0.456	9.545E-33	26	190	813	14329	14805	477	14203	14835
140152991	1	657	6.017E-187	5	14329	16773	361	156	0.520	2.261E-39	187	344	813	14859	15329	471	14775	15344
140152991	1	657	6.017E-187	5	14329	16773	367	68	0.492	1.942E-10	344	414	813	15389	15601	213	15344	15601
140152991	1	657	6.017E-187	5	14329	16773	375	45	0.426	8.171E-03	422	476	813	15801	15965	165	15768	15965
140152991	1	657	6.017E-187	5	14329	16773	390	256	0.539	1.794E-72	478	726	813	16036	16773	738	16003	16791
140794310	1	332	4.113E-89	3	36657	37931	839	43	0.731	4.425E-02	31	57	307	36657	36737	81	36534	36737
140794310	1	332	4.113E-89	3	36657	37931	853	185	0.533	1.176E-47	57	217	307	37064	37609	546	36752	37621
140794310	1	332	4.113E-89	3	36657	37931	858	105	0.622	2.439E-23	220	303	307	37680	37931	252	37662	37946
140872022	1	332	4.113E-89	3	36663	37931	839	43	0.783	4.425E-02	32	56	305	36663	36737	75	36534	36737
140872022	1	332	4.113E-89	3	36663	37931	853	178	0.515	4.404E-45	56	216	305	37064	37609	546	36752	37621
140872022	1	332	4.113E-89	3	36663	37931	858	112	0.656	1.120E-25	219	302	305	37680	37931	252	37662	37946
140952395	-1	193	2.866E-47	2	33552	33920	1101	104	0.846	2.201E-23	6	63	108	-33920	-33747	174	33953	33735
140952395	-1	193	2.866E-47	2	33552	33920	1105	90	0.908	1.734E-18	62	107	108	-33689	-33552	138	33731	33522
140989108	1	272	4.742E-71	2	37064	37931	853	169	0.496	3.055E-42	38	198	287	37064	37609	546	36752	37621
140989108	1	272	4.742E-71	2	37064	37931	858	104	0.614	8.658E-23	201	284	287	37680	37931	252	37662	37946
141324799	1	328	6.581E-88	3	36639	37931	839	43	0.616	4.425E-02	25	57	306	36639	36737	99	36534	36737
141324799	1	328	6.581E-88	3	36639	37931	853	181	0.523	2.661E-46	57	217	306	37064	37609	546	36752	37621
141324799	1	328	6.581E-88	3	36639	37931	858	105	0.622	2.439E-23	220	303	306	37680	37931	252	37662	37946
141682463	-1	402	3.484E-110	3	33531	34439	1092	213	0.981	1.611E-60	8	109	219	-34439	-34134	306	34484	34134
141682463	-1	402	3.484E-110	3	33531	34439	1101	104	0.846	2.201E-23	107	164	219	-33920	-33747	174	33953	33735
141682463	-1	402	3.484E-110	3	33531	34439	1105	88	0.786	8.478E-18	163	215	219	-33689	-33531	159	33731	33522
141729143	1	413	1.701E-113	4	14392	21812	352	113	0.447	6.336E-24	146	282	904	14392	14799	408	14203	14835
141729143	1	413	1.701E-113	4	14392	21812	361	147	0.491	5.853E-36	281	439	904	14859	15329	471	14775	15344
141729143	1	413	1.701E-113	4	14392	21812	390	252	0.536	3.035E-71	573	817	904	16033	16773	741	16003	16791
141729143	1	413	1.701E-113	4	14392	21812	512	34	0.362	3.869E+01	820	870	904	21660	21812	153	21657	21842
142004810	1	221	1.068E-55	2	36648	37609	839	40	0.622	5.709E-01	9	38	285	36648	36737	90	36534	36737
142004810	1	221	1.068E-55	2	36648	37609	853	181	0.523	3.635E-46	38	198	285	37064	37609	546	36752	37621
142297402	1	370	1.496E-100	3	36645	37931	839	39	0.599	7.861E-01	12	42	294	36645	36737	93	36534	36737
142297402	1	370	1.496E-100	3	36645	37931	853	203	0.573	1.262E-53	42	202	294	37064	37609	546	36752	37621
142297402	1	370	1.496E-100	3	36645	37931	858	129	0.744	9.988E-32	205	288	294	37680	37931	252	37662	37946
142996904	1	148	1.008E-33	1	37064	37573	853	148	0.469	8.043E-35	56	211	322	37064	37573	510	36752	37621
143352870	1	138	1.033E-30	1	37064	37579	853	138	0.441	1.843E-31	41	198	305	37064	37579	516	36752	37621
143473593	1	296	2.826E-78	3	36654	37934	839	33	0.561	9.565E+01	8	35	288	36654	36737	84	36534	36737
143473593	1	296	2.826E-78	3	36654	37934	853	169	0.495	4.170E-42	35	195	288	37064	37609	546	36752	37621
143473593	1	296	2.826E-78	3	36654	37934	858	95	0.567	6.703E-20	198	282	288	37680	37934	255	37662	37946
144170180	-1	418	5.316E-115	3	33525	34439	1092	220	1.000	5.457E-63	8	109	218	-34439	-34134	306	34484	34134
144170180	-1	418	5.316E-115	3	33525	34439	1101	104	0.849	1.603E-23	107	164	218	-33920	-33747	174	33953	33735
144170180	-1	418	5.316E-115	3	33525	34439	1105	97	0.831	5.729E-21	163	217	218	-33689	-33525	165	33731	33522
144340338	1	378	5.845E-103	3	36648	37937	839	42	0.656	8.385E-02	31	60	311	36648	36737	90	36534	36737
144340338	1	378	5.845E-103	3	36648	37937	853	208	0.586	1.584E-55	60	220	311	37064	37609	546	36752	37621
144340338	1	378	5.845E-103	3	36648	37937	858	129	0.729	9.988E-32	223	308	311	37680	37937	258	37662	37946
144632019	1	204	1.400E-50	2	37373	37928	853	116	0.712	5.638E-24	13	91	180	37373	37609	237	36752	37621
144632019	1	204	1.400E-50	2	37373	37928	858	89	0.548	7.764E-18	94	176	180	37680	37928	249	37662	37946
144886885	1	327	1.316E-87	3	36639	37931	839	41	0.595	1.589E-01	21	53	302	36639	36737	99	36534	36737
144886885	1	327	1.316E-87	3	36639	37931	853	178	0.516	3.224E-45	53	213	302	37064	37609	546	36752	37621
144886885	1	327	1.316E-87	3	36639	37931	858	109	0.642	1.028E-24	216	299	302	37680	37931	252	37662	37946
145416887	1	545	3.124E-153	4	14329	16773	352	131	0.438	2.671E-30	79	243	866	14329	14805	477	14203	14835
145416887	1	545	3.124E-153	4	14329	16773	361	154	0.517	2.043E-38	240	395	866	14859	15323	465	14775	15344
145416887	1	545	3.124E-153	4	14329	16773	367	73	0.535	3.136E-12	398	466	866	15392	15598	207	15344	15601
145416887	1	545	3.124E-153	4	14329	16773	390	253	0.534	1.619E-71	531	779	866	16036	16773	738	16003	16791
145632651	-1	251	9.944E-65	4	20000	21096	1407	44	0.727	8.691E-03	5	32	225	-21096	-21016	81	21132	20971
145632651	-1	251	9.944E-65	4	20000	21096	1422	149	0.747	5.025E-38	70	166	225	-20591	-20301	291	20636	20247
145632651	-1	251	9.944E-65	4	20000	21096	1423	37	0.768	1.421E+00	167	188	225	-20235	-20170	66	20310	20170
145632651	-1	251	9.944E-65	4	20000	21096	1426	54	0.760	1.129E-06	189	221	225	-20098	-20000	99	20104	19997
145656192	-1	176	3.757E-42	2	19997	20588	1422	138	0.669	3.484E-34	70	171	258	-20588	-20283	306	20636	20247
145656192	-1	176	3.757E-42	2	19997	20588	1426	49	0.681	5.219E-05	184	217	258	-20098	-19997	102	20104	19997
145660679	-1	153	3.152E-35	2	20301	21102	1407	39	0.610	5.612E-01	5	34	227	-21102	-21016	87	21132	20971
145660679	-1	153	3.152E-35	2	20301	21102	1422	152	0.766	5.506E-39	74	168	227	-20588	-20301	288	20636	20247
145712688	-1	192	5.733E-47	2	20170	20588	1422	155	0.778	6.033E-40	73	168	227	-20588	-20301	288	20636	20247
145712688	-1	192	5.733E-47	2	20170	20588	1423	36	0.768	5.146E+00	170	190	227	-20232	-20170	63	20310	20170
145874576	-1	149	5.042E-34	2	20301	21102	1407	39	0.634	4.071E-01	5	33	226	-21102	-21016	87	21132	20971
145874576	-1	149	5.042E-34	2	20301	21102	1422	148	0.746	1.778E-37	73	167	226	-20588	-20301	288	20636	20247
145972856	-1	181	1.174E-43	2	23983	24398	1325	148	0.748	1.239E-37	76	170	230	-24398	-24111	288	24446	24060
145972856	-1	181	1.174E-43	2	23983	24398	1326	32	0.693	8.883E+01	172	192	230	-24045	-23983	63	24120	23983
146115889	-1	176	3.757E-42	3	20000	21102	1407	39	0.616	4.071E-01	5	34	232	-21102	-21016	87	21132	20971
146115889	-1	176	3.757E-42	3	20000	21102	1422	145	0.732	2.225E-36	74	168	232	-20588	-20301	288	20636	20247
146115889	-1	176	3.757E-42	3	20000	21102	1426	51	0.724	1.056E-05	191	223	232	-20098	-20000	99	20104	19997
146178852	-1	412	3.402E-113	3	33525	34439	1092	218	1.000	2.649E-62	8	109	219	-34439	-34134	306	34484	34134
146178852	-1	412	3.402E-113	3	33525	34439	1101	104	0.846	2.201E-23	107	164	219	-33920	-33747	174	33953	33735
146178852	-1	412	3.402E-113	3	33525	34439	1105	93	0.801	1.368E-19	163	217	219	-33689	-33525	165	33731	33522
146185613	-1	407	1.089E-111	3	33525	34439	1092	213	0.981	1.611E-60	8	109	219	-34439	-34134	306	34484	34134
146185613	-1	407	1.089E-111	3	33525	34439	1101	104	0.843	3.023E-23	107	164	219	-33920	-33747	174	33953	33735
146185613	-1	407	1.089E-111	3	33525	34439	1105	93	0.797	1.879E-19	163	217	219	-33689	-33525	165	33731	33522
146204453	1	230	2.085E-58	2	36648	37609	839	40	0.633	3.012E-01	3	32	280	36648	36737	90	36534	36737
146204453	1	230	2.085E-58	2	36648	37609	853	190	0.544	2.776E-49	32	192	280	37064	37609	546	36752	37621
146243295	-1	219	4.271E-55	1	34137	34445	1092	219	0.997	1.408E-62	0	102	103	-34445	-34137	309	34484	34134
146284702	1	154	1.576E-35	3	33757	34406	782	35	0.586	3.571E+00	5	32	168	33757	33840	84	33757	33843
146284702	1	154	1.576E-35	3	33757	34406	783	37	0.828	4.111E-01	35	54	168	33847	33906	60	33847	33906
146284702	1	154	1.576E-35	3	33757	34406	793	84	0.485	3.205E-15	57	147	168	34137	34406	270	34053	34475
146289964	1	267	1.517E-69	2	37064	37931	853	169	0.496	3.055E-42	54	214	303	37064	37609	546	36752	37621
146289964	1	267	1.517E-69	2	37064	37931	858	99	0.592	2.822E-21	217	300	303	37680	37931	252	37662	37946
146293253	-1	430	1.298E-118	3	33525	34439	1092	220	1.000	5.457E-63	8	109	218	-34439	-34134	306	34484	34134
146293253	-1	430	1.298E-118	3	33525	34439	1101	108	0.872	1.269E-24	107	164	218	-33920	-33747	174	33953	33735
146293253	-1	430	1.298E-118	3	33525	34439	1105	105	0.893	1.006E-23	163	217	218	-33689	-33525	165	33731	33522
146293883	-1	409	2.722E-112	3	33531	34439	1092	217	0.996	9.375E-62	8	109	219	-34439	-34134	306	34484	34134
146293883	-1	409	2.722E-112	3	33531	34439	1101	103	0.837	5.700E-23	107	164	219	-33920	-33747	174	33953	33735
146293883	-1	409	2.722E-112	3	33531	34439	1105	92	0.817	3.546E-19	163	215	219	-33689	-33531	159	33731	33522
146306434	-1	398	5.574E-109	3	33531	34439	1092	209	0.965	3.796E-59	5	106	217	-34439	-34134	306	34484	34134
146306434	-1	398	5.574E-109	3	33531	34439	1101	102	0.834	7.827E-23	104	161	217	-33920	-33747	174	33953	33735
146306434	-1	398	5.574E-109	3	33531	34439	1105	90	0.801	1.734E-18	160	212	217	-33689	-33531	159	33731	33522
146354972	-1	406	2.177E-111	3	33525	34439	1092	213	0.979	2.209E-60	8	109	219	-34439	-34134	306	34484	34134
146354972	-1	406	2.177E-111	3	33525	34439	1101	104	0.846	2.201E-23	107	164	219	-33920	-33747	174	33953	33735
146354972	-1	406	2.177E-111	3	33525	34439	1105	92	0.794	2.581E-19	163	217	219	-33689	-33525	165	33731	33522
146355914	1	273	2.371E-71	2	37064	37931	853	178	0.515	4.404E-45	38	202	291	37064	37609	546	36752	37621
146355914	1	273	2.371E-71	2	37064	37931	858	96	0.576	3.557E-20	205	288	291	37680	37931	252	37662	37946
146375630	-1	407	1.089E-111	3	33525	34439	1092	219	1.000	1.931E-62	8	109	219	-34439	-34134	306	34484	34134
146375630	-1	407	1.089E-111	3	33525	34439	1101	106	0.857	6.192E-24	107	164	219	-33920	-33747	174	33953	33735
146375630	-1	407	1.089E-111	3	33525	34439	1105	85	0.742	5.697E-17	163	217	219	-33689	-33525	165	33731	33522
146385376	1	285	5.788E-75	2	37064	37940	853	170	0.495	2.237E-42	42	202	294	37064	37612	549	36752	37621
146385376	1	285	5.788E-75	2	37064	37940	858	115	0.639	1.221E-26	202	290	294	37674	37940	267	37662	37946
146400973	1	364	9.576E-99	2	16036	17090	390	241	0.518	2.748E-67	134	374	461	16036	16773	738	16003	16791
146400973	1	364	9.576E-99	2	16036	17090	398	124	0.692	3.512E-30	373	460	461	16827	17090	264	16821	17090
146401633	1	247	1.591E-63	2	36959	37928	853	158	0.429	3.441E-38	8	186	288	36959	37573	615	36752	37621
146401633	1	247	1.591E-63	2	36959	37928	858	102	0.612	3.074E-22	201	283	288	37680	37928	249	37662	37946
146532416	1	268	7.587E-70	2	37064	37928	853	163	0.481	4.436E-40	31	195	283	37064	37609	546	36752	37621
146532416	1	268	7.587E-70	2	37064	37928	858	106	0.631	1.777E-23	198	280	283	37680	37928	249	37662	37946
146534350	1	227	1.668E-57	2	37064	37922	853	134	0.413	5.508E-30	32	193	278	37064	37609	546	36752	37621
146534350	1	227	1.668E-57	2	37064	37922	858	94	0.586	1.263E-19	196	276	278	37680	37922	243	37662	37946
146551644	1	94	1.817E-17	2	33547	33929	776	46	0.707	1.038E-03	12	41	118	33547	33636	90	33523	33636
146551644	1	94	1.817E-17	2	33547	33929	787	62	0.558	4.840E-08	57	111	118	33765	33929	165	33738	34049
146564495	1	401	6.968E-110	3	14859	16773	361	157	0.526	1.651E-39	140	295	746	14859	15323	465	14775	15344
146564495	1	401	6.968E-110	3	14859	16773	367	61	0.475	3.122E-08	298	364	746	15392	15592	201	15344	15601
146564495	1	401	6.968E-110	3	14859	16773	390	248	0.526	9.621E-70	430	678	746	16036	16773	738	16003	16791
146564628	1	303	2.208E-80	3	36660	37931	839	36	0.650	7.382E+00	12	37	287	36660	36737	78	36534	36737
146564628	1	303	2.208E-80	3	36660	37931	853	162	0.480	8.262E-40	37	197	287	37064	37609	546	36752	37621
146564628	1	303	2.208E-80	3	36660	37931	858	106	0.628	9.432E-24	200	283	287	37680	37931	252	37662	37946
146570283	1	266	3.035E-69	2	37064	37925	853	168	0.489	1.448E-41	38	199	287	37064	37612	549	36752	37621
146570283	1	266	3.035E-69	2	37064	37925	858	98	0.586	7.299E-21	199	282	287	37674	37925	252	37662	37946
146570734	1	379	2.922E-103	3	14874	16773	361	144	0.498	5.280E-35	178	330	801	14874	15329	456	14775	15344
146570734	1	379	2.922E-103	3	14874	16773	367	67	0.495	2.668E-10	330	399	801	15389	15598	210	15344	15601
146570734	1	379	2.922E-103	3	14874	16773	390	230	0.491	1.322E-63	463	714	801	16033	16773	741	16003	16791
146577279	1	263	2.428E-68	2	37064	37925	853	169	0.496	3.055E-42	38	198	287	37064	37609	546	36752	37621
146577279	1	263	2.428E-68	2	37064	37925	858	95	0.582	9.201E-20	201	282	287	37680	37925	246	37662	37946
146619946	1	93	3.633E-17	2	33547	33935	776	46	0.707	1.038E-03	12	41	118	33547	33636	90	33523	33636
146619946	1	93	3.633E-17	2	33547	33935	787	61	0.519	1.250E-07	57	115	118	33765	33935	171	33738	34049
146638371	1	225	6.674E-57	2	37064	37922	853	138	0.423	1.843E-31	33	194	279	37064	37609	546	36752	37621
146638371	1	225	6.674E-57	2	37064	37922	858	88	0.552	2.009E-17	197	277	279	37680	37922	243	37662	37946
146644644	-1	234	1.303E-59	2	33525	34439	1092	208	0.958	1.344E-58	8	109	221	-34439	-34134	306	34484	34134
146644644	-1	234	1.303E-59	2	33525	34439	1105	78	0.681	3.271E-14	163	217	221	-33689	-33525	165	33731	33522
146683824	1	641	3.943E-182	5	14859	17090	361	159	0.527	2.502E-40	225	382	851	14859	15329	471	14775	15344
146683824	1	641	3.943E-182	5	14859	17090	367	67	0.490	2.668E-10	382	452	851	15389	15601	213	15344	15601
146683824	1	641	3.943E-182	5	14859	17090	375	43	0.414	2.934E-02	460	514	851	15801	15965	165	15768	15965
146683824	1	641	3.943E-182	5	14859	17090	390	258	0.542	5.102E-73	516	764	851	16036	16773	738	16003	16791
146683824	1	641	3.943E-182	5	14859	17090	398	118	0.662	5.571E-28	763	850	851	16827	17090	264	16821	17090
151932003	1	146	4.034E-33	1	37064	37573	853	146	0.465	2.778E-34	57	212	321	37064	37573	510	36752	37621
152528641	-1	417	1.063E-114	3	33528	34439	1092	222	1.000	2.115E-63	8	109	219	-34439	-34134	306	34484	34134
152528641	-1	417	1.063E-114	3	33528	34439	1101	100	0.814	7.208E-22	107	164	219	-33920	-33747	174	33953	33735
152528641	-1	417	1.063E-114	3	33528	34439	1105	98	0.854	2.212E-21	163	216	219	-33689	-33528	162	33731	33522
152683791	1	409	2.722E-112	4	14305	15956	352	130	0.423	6.828E-30	70	240	866	14305	14805	501	14203	14835
152683791	1	409	2.722E-112	4	14305	15956	361	176	0.555	4.561E-46	231	394	866	14841	15329	489	14775	15344
152683791	1	409	2.722E-112	4	14305	15956	367	64	0.484	4.646E-09	395	462	866	15392	15595	204	15344	15601
152683791	1	409	2.722E-112	4	14305	15956	375	52	0.485	1.896E-05	470	524	866	15792	15956	165	15768	15965
153457948	1	217	1.708E-54	2	36651	37609	839	37	0.599	5.360E+00	10	38	291	36651	36737	87	36534	36737
153457948	1	217	1.708E-54	2	36651	37609	853	180	0.521	6.782E-46	38	198	291	37064	37609	546	36752	37621
153548352	1	351	7.845E-95	3	36663	37931	839	39	0.721	7.861E-01	13	37	286	36663	36737	75	36534	36737
153548352	1	351	7.845E-95	3	36663	37931	853	199	0.564	2.876E-52	37	197	286	37064	37609	546	36752	37621
153548352	1	351	7.845E-95	3	36663	37931	858	114	0.666	2.299E-26	200	283	286	37680	37931	252	37662	37946
153645401	1	172	6.011E-41	1	37067	37609	853	172	0.505	3.454E-43	39	198	291	37067	37609	543	36752	37621
154081017	1	356	2.451E-96	3	15392	16773	367	64	0.476	3.382E-09	14	83	482	15392	15601	210	15344	15601
154081017	1	356	2.451E-96	3	15392	16773	375	43	0.414	2.934E-02	91	145	482	15801	15965	165	15768	15965
154081017	1	356	2.451E-96	3	15392	16773	390	254	0.536	6.305E-72	147	395	482	16036	16773	738	16003	16791
154316283	-1	325	5.265E-87	2	33747	34439	1092	218	1.000	3.633E-62	8	109	220	-34439	-34134	306	34484	34134
154316283	-1	325	5.265E-87	2	33747	34439	1101	109	0.883	3.569E-25	107	164	220	-33920	-33747	174	33953	33735
155630327	-1	405	4.355E-111	3	33525	34439	1092	213	0.981	1.611E-60	8	109	219	-34439	-34134	306	34484	34134
155630327	-1	405	4.355E-111	3	33525	34439	1101	104	0.846	2.201E-23	107	164	219	-33920	-33747	174	33953	33735
155630327	-1	405	4.355E-111	3	33525	34439	1105	91	0.782	9.189E-19	163	217	219	-33689	-33525	165	33731	33522
156059460	1	1183	0.000E+00	6	14296	17090	352	277	0.795	7.894E-81	162	330	948	14296	14799	504	14203	14835
156059460	1	1183	0.000E+00	6	14296	17090	361	209	0.631	1.079E-57	324	490	948	14844	15344	501	14775	15344
156059460	1	1183	0.000E+00	6	14296	17090	367	97	0.694	9.040E-21	488	555	948	15398	15601	204	15344	15601
156059460	1	1183	0.000E+00	6	14296	17090	375	81	0.605	2.116E-15	549	614	948	15768	15965	198	15768	15965
156059460	1	1183	0.000E+00	6	14296	17090	390	374	0.729	1.778E-113	615	867	948	16033	16791	759	16003	16791
156059460	1	1183	0.000E+00	6	14296	17090	398	162	0.875	2.238E-43	860	947	948	16827	17090	264	16821	17090
156586095	-1	326	2.632E-87	2	33747	34439	1092	219	1.000	1.408E-62	8	109	219	-34439	-34134	306	34484	34134
156586095	-1	326	2.632E-87	2	33747	34439	1101	109	0.883	3.569E-25	107	164	219	-33920	-33747	174	33953	33735
158157708	1	215	6.834E-54	2	36663	37609	839	36	0.673	7.382E+00	14	38	290	36663	36737	75	36534	36737
158157708	1	215	6.834E-54	2	36663	37609	853	179	0.517	2.361E-45	38	198	290	37064	37609	546	36752	37621
158390998	1	154	1.576E-35	1	37058	37573	853	154	0.481	5.627E-37	1	158	268	37058	37573	516	36752	37621
158893035	1	261	9.711E-68	2	37064	37928	853	158	0.470	2.522E-38	31	195	283	37064	37609	546	36752	37621
158893035	1	261	9.711E-68	2	37064	37928	858	104	0.625	4.595E-23	198	280	283	37680	37928	249	37662	37946
159601998	-1	404	8.709E-111	3	33540	34439	1092	218	1.000	3.633E-62	8	109	219	-34439	-34134	306	34484	34134
159601998	-1	404	8.709E-111	3	33540	34439	1101	106	0.863	3.284E-24	107	164	219	-33920	-33747	174	33953	33735
159601998	-1	404	8.709E-111	3	33540	34439	1105	83	0.783	5.262E-16	163	212	219	-33689	-33540	150	33731	33522
159731803	-1	426	2.076E-117	3	33525	34439	1092	219	1.000	1.408E-62	8	109	218	-34439	-34134	306	34484	34134
159731803	-1	426	2.076E-117	3	33525	34439	1101	105	0.852	1.167E-23	107	164	218	-33920	-33747	174	33953	33735
159731803	-1	426	2.076E-117	3	33525	34439	1105	105	0.893	1.006E-23	163	217	218	-33689	-33525	165	33731	33522
160576702	-1	172	6.011E-41	2	19997	20591	1422	142	0.714	2.030E-35	85	180	240	-20591	-20301	291	20636	20247
160576702	-1	172	6.011E-41	2	19997	20591	1426	51	0.701	1.453E-05	203	236	240	-20098	-19997	102	20104	19997
160592285	-1	141	1.291E-31	1	24111	24398	1325	141	0.717	3.651E-35	75	169	176	-24398	-24111	288	24446	24060
160693978	-1	144	1.614E-32	1	20253	20591	1422	144	0.594	3.051E-36	72	194	225	-20591	-20253	339	20636	20247
160703485	-1	176	3.757E-42	2	23813	24398	1325	143	0.725	7.524E-36	72	166	236	-24398	-24111	288	24446	24060
160703485	-1	176	3.757E-42	2	23813	24398	1331	54	0.760	1.129E-06	189	221	236	-23911	-23813	99	23917	23810
160734522	-1	382	3.653E-104	3	33546	34439	1092	214	0.984	8.562E-61	8	109	215	-34439	-34134	306	34484	34134
160734522	-1	382	3.653E-104	3	33546	34439	1101	94	0.773	6.119E-20	107	164	215	-33920	-33747	174	33953	33735
160734522	-1	382	3.653E-104	3	33546	34439	1105	77	0.758	6.176E-14	163	210	215	-33689	-33546	144	33731	33522
160753163	-1	405	4.355E-111	3	33531	34439	1092	218	0.999	4.983E-62	8	109	219	-34439	-34134	306	34484	34134
160753163	-1	405	4.355E-111	3	33531	34439	1101	104	0.846	2.201E-23	107	164	219	-33920	-33747	174	33953	33735
160753163	-1	405	4.355E-111	3	33531	34439	1105	86	0.770	4.147E-17	163	215	219	-33689	-33531	159	33731	33522
160757539	1	170	2.404E-40	2	36642	37609	839	39	0.584	7.861E-01	7	38	307	36642	36737	96	36534	36737
160757539	1	170	2.404E-40	2	36642	37609	853	131	0.407	3.506E-29	38	197	307	37064	37609	546	36752	37621
160765034	-1	413	1.701E-113	3	33531	34439	1092	219	1.000	1.408E-62	8	109	220	-34439	-34134	306	34484	34134
160765034	-1	413	1.701E-113	3	33531	34439	1101	102	0.834	7.827E-23	107	164	220	-33920	-33747	174	33953	33735
160765034	-1	413	1.701E-113	3	33531	34439	1105	95	0.843	2.800E-20	163	215	220	-33689	-33531	159	33731	33522
160809959	-1	219	4.271E-55	1	34137	34445	1092	219	0.997	1.408E-62	0	102	103	-34445	-34137	309	34484	34134
160834812	1	327	1.316E-87	3	36639	37931	839	36	0.528	1.017E+01	13	45	294	36639	36737	99	36534	36737
160834812	1	327	1.316E-87	3	36639	37931	853	181	0.523	3.635E-46	45	205	294	37064	37609	546	36752	37621
160834812	1	327	1.316E-87	3	36639	37931	858	111	0.650	2.896E-25	208	291	294	37680	37931	252	37662	37946
160834969	-1	423	1.661E-116	3	33525	34439	1092	220	1.000	5.457E-63	8	109	218	-34439	-34134	306	34484	34134
160834969	-1	423	1.661E-116	3	33525	34439	1101	104	0.849	1.603E-23	107	164	218	-33920	-33747	174	33953	33735
160834969	-1	423	1.661E-116	3	33525	34439	1105	102	0.871	9.268E-23	163	217	218	-33689	-33525	165	33731	33522
160883909	1	325	5.265E-87	3	36660	37928	839	38	0.683	1.490E+00	12	37	286	36660	36737	78	36534	36737
160883909	1	325	5.265E-87	3	36660	37928	853	193	0.550	3.120E-50	37	197	286	37064	37609	546	36752	37621
160883909	1	325	5.265E-87	3	36660	37928	858	95	0.565	9.201E-20	200	284	286	37680	37928	249	37662	37946
160917907	-1	387	1.142E-105	3	33525	34439	1092	219	1.000	1.931E-62	8	109	221	-34439	-34134	306	34484	34134
160917907	-1	387	1.142E-105	3	33525	34439	1101	104	0.862	1.603E-23	107	163	221	-33920	-33750	171	33953	33735
160917907	-1	387	1.142E-105	3	33525	34439	1105	74	0.747	5.713E-13	173	219	221	-33665	-33525	141	33731	33522
160960419	1	663	9.402E-189	5	14329	16773	352	133	0.455	5.588E-31	72	229	852	14329	14805	477	14203	14835
160960419	1	663	9.402E-189	5	14329	16773	361	157	0.522	1.206E-39	226	383	852	14859	15329	471	14775	15344
160960419	1	663	9.402E-189	5	14329	16773	367	68	0.494	1.414E-10	383	453	852	15389	15601	213	15344	15601
160960419	1	663	9.402E-189	5	14329	16773	375	49	0.460	2.435E-04	461	515	852	15801	15965	165	15768	15965
160960419	1	663	9.402E-189	5	14329	16773	390	262	0.549	1.608E-74	517	765	852	16036	16773	738	16003	16791
161000956	-1	394	8.918E-108	3	33531	34439	1092	213	0.981	1.611E-60	21	122	233	-34439	-34134	306	34484	34134
161000956	-1	394	8.918E-108	3	33531	34439	1101	99	0.808	1.359E-21	120	177	233	-33920	-33747	174	33953	33735
161000956	-1	394	8.918E-108	3	33531	34439	1105	85	0.763	7.827E-17	176	228	233	-33689	-33531	159	33731	33522
161020827	-1	410	1.361E-112	3	33525	34439	1092	215	0.988	4.551E-61	8	109	219	-34439	-34134	306	34484	34134
161020827	-1	410	1.361E-112	3	33525	34439	1101	109	0.883	3.569E-25	107	164	219	-33920	-33747	174	33953	33735
161020827	-1	410	1.361E-112	3	33525	34439	1105	89	0.770	3.271E-18	163	217	219	-33689	-33525	165	33731	33522
161094729	-1	417	1.063E-114	3	33528	34439	1092	219	1.000	1.931E-62	8	109	219	-34439	-34134	306	34484	34134
161094729	-1	417	1.063E-114	3	33528	34439	1101	107	0.869	1.742E-24	107	164	219	-33920	-33747	174	33953	33735
161094729	-1	417	1.063E-114	3	33528	34439	1105	94	0.820	7.253E-20	163	216	219	-33689	-33528	162	33731	33522
161106470	1	410	1.361E-112	3	14859	16773	361	160	0.536	9.738E-41	140	295	746	14859	15323	465	14775	15344
161106470	1	410	1.361E-112	3	14859	16773	367	63	0.487	6.382E-09	298	364	746	15392	15592	201	15344	15601
161106470	1	410	1.361E-112	3	14859	16773	390	252	0.533	3.035E-71	430	678	746	16036	16773	738	16003	16791
161106575	1	404	8.709E-111	3	14859	16773	361	156	0.524	3.097E-39	140	295	746	14859	15323	465	14775	15344
161106575	1	404	8.709E-111	3	14859	16773	367	62	0.480	1.654E-08	298	364	746	15392	15592	201	15344	15601
161106575	1	404	8.709E-111	3	14859	16773	390	251	0.530	1.067E-70	430	678	746	16036	16773	738	16003	16791
161112558	1	368	5.985E-100	3	36645	37931	839	36	0.555	1.017E+01	4	34	293	36645	36737	93	36534	36737
161112558	1	368	5.985E-100	3	36645	37931	853	218	0.608	8.666E-59	34	194	293	37064	37609	546	36752	37621
161112558	1	368	5.985E-100	3	36645	37931	858	115	0.670	1.221E-26	197	280	293	37680	37931	252	37662	37946
161129066	-1	399	2.787E-109	3	33531	34439	1092	215	0.988	4.551E-61	8	109	219	-34439	-34134	306	34484	34134
161129066	-1	399	2.787E-109	3	33531	34439	1101	100	0.820	3.822E-22	107	164	219	-33920	-33747	174	33953	33735
161129066	-1	399	2.787E-109	3	33531	34439	1105	87	0.776	2.198E-17	163	215	219	-33689	-33531	159	33731	33522
161132261	1	403	1.742E-110	4	14299	15950	352	133	0.430	7.642E-31	79	249	875	14299	14805	507	14203	14835
161132261	1	403	1.742E-110	4	14299	15950	361	167	0.532	4.633E-43	240	403	875	14841	15329	489	14775	15344
161132261	1	403	1.742E-110	4	14299	15950	367	67	0.504	3.665E-10	404	471	875	15392	15595	204	15344	15601
161132261	1	403	1.742E-110	4	14299	15950	375	49	0.473	2.435E-04	479	531	875	15792	15950	159	15768	15965
161143948	1	421	6.645E-116	4	15389	17090	367	62	0.469	1.654E-08	373	441	838	15389	15595	207	15344	15601
161143948	1	421	6.645E-116	4	15389	17090	375	43	0.423	4.039E-02	454	506	838	15801	15959	159	15768	15965
161143948	1	421	6.645E-116	4	15389	17090	390	212	0.471	2.455E-57	511	751	838	16039	16773	735	16003	16791
161143948	1	421	6.645E-116	4	15389	17090	398	118	0.660	7.647E-28	750	837	838	16827	17090	264	16821	17090
161151937	-1	405	4.355E-111	3	33531	34469	1092	214	0.907	6.242E-61	21	129	239	-34469	-34134	336	34484	34134
161151937	-1	405	4.355E-111	3	33531	34469	1101	104	0.846	2.201E-23	127	184	239	-33920	-33747	174	33953	33735
161151937	-1	405	4.355E-111	3	33531	34469	1105	90	0.805	1.262E-18	183	235	239	-33689	-33531	159	33731	33522
161155685	-1	406	2.177E-111	3	33525	34439	1092	216	0.991	2.419E-61	8	109	218	-34439	-34134	306	34484	34134
161155685	-1	406	2.177E-111	3	33525	34439	1101	106	0.857	6.192E-24	107	164	218	-33920	-33747	174	33953	33735
161155685	-1	406	2.177E-111	3	33525	34439	1105	87	0.758	1.165E-17	163	217	218	-33689	-33525	165	33731	33522
161170233	-1	235	6.517E-60	3	23813	24398	1325	151	0.760	1.357E-38	49	143	203	-24398	-24111	288	24446	24060
161170233	-1	235	6.517E-60	3	23813	24398	1326	34	0.735	1.771E+01	145	165	203	-24045	-23983	63	24120	23983
161170233	-1	235	6.517E-60	3	23813	24398	1331	48	0.688	9.893E-05	166	198	203	-23911	-23813	99	23917	23810
161170339	-1	188	9.172E-46	2	23983	24398	1325	153	0.769	2.797E-39	49	143	203	-24398	-24111	288	24446	24060
161170339	-1	188	9.172E-46	2	23983	24398	1326	34	0.735	1.771E+01	145	165	203	-24045	-23983	63	24120	23983
161185561	1	637	6.310E-181	5	14329	17090	352	139	0.459	3.730E-33	82	246	869	14329	14805	477	14203	14835
161185561	1	637	6.310E-181	5	14329	17090	361	145	0.495	1.503E-35	243	398	869	14859	15323	465	14775	15344
161185561	1	637	6.310E-181	5	14329	17090	375	44	0.420	1.548E-02	478	532	869	15801	15965	165	15768	15965
161185561	1	637	6.310E-181	5	14329	17090	390	268	0.559	1.439E-76	534	782	869	16036	16773	738	16003	16791
161185561	1	637	6.310E-181	5	14329	17090	398	120	0.671	1.144E-28	781	868	869	16827	17090	264	16821	17090
161207924	1	373	1.870E-101	3	36654	37940	839	42	0.690	1.154E-01	29	56	307	36654	36737	84	36534	36737
161207924	1	373	1.870E-101	3	36654	37940	853	204	0.576	4.941E-54	56	216	307	37064	37609	546	36752	37621
161207924	1	373	1.870E-101	3	36654	37940	858	128	0.716	2.582E-31	219	305	307	37680	37940	261	37662	37946
161224479	-1	422	3.322E-116	3	33525	34439	1092	219	1.000	1.408E-62	8	109	218	-34439	-34134	306	34484	34134
161224479	-1	422	3.322E-116	3	33525	34439	1101	105	0.852	1.167E-23	107	164	218	-33920	-33747	174	33953	33735
161224479	-1	422	3.322E-116	3	33525	34439	1105	101	0.865	1.748E-22	163	217	218	-33689	-33525	165	33731	33522
161225331	-1	414	8.505E-114	3	33525	34439	1092	218	1.000	3.633E-62	8	109	218	-34439	-34134	306	34484	34134
161225331	-1	414	8.505E-114	3	33525	34439	1101	105	0.852	1.167E-23	107	164	218	-33920	-33747	174	33953	33735
161225331	-1	414	8.505E-114	3	33525	34439	1105	94	0.813	3.845E-20	163	217	218	-33689	-33525	165	33731	33522
161236886	1	539	2.000E-151	4	14329	16773	352	131	0.437	3.653E-30	75	239	861	14329	14805	477	14203	14835
161236886	1	539	2.000E-151	4	14329	16773	361	160	0.533	1.827E-40	236	391	861	14859	15323	465	14775	15344
161236886	1	539	2.000E-151	4	14329	16773	367	63	0.482	1.204E-08	394	460	861	15392	15592	201	15344	15601
161236886	1	539	2.000E-151	4	14329	16773	390	252	0.533	3.035E-71	526	774	861	16036	16773	738	16003	16791
161237339	1	318	6.739E-85	3	36621	37931	839	42	0.497	8.385E-02	12	53	302	36621	36737	117	36534	36737
161237339	1	318	6.739E-85	3	36621	37931	853	168	0.493	7.772E-42	53	213	302	37064	37609	546	36752	37621
161237339	1	318	6.739E-85	3	36621	37931	858	109	0.644	7.488E-25	216	299	302	37680	37931	252	37662	37946
161254919	1	150	2.521E-34	1	37064	37603	853	150	0.455	1.252E-35	35	193	288	37064	37603	540	36752	37621
161259731	1	342	4.017E-92	3	36639	37931	839	53	0.745	1.515E-05	13	45	294	36639	36737	99	36534	36737
161259731	1	342	4.017E-92	3	36639	37931	853	175	0.509	3.902E-44	45	205	294	37064	37609	546	36752	37621
161259731	1	342	4.017E-92	3	36639	37931	858	115	0.672	8.893E-27	208	291	294	37680	37931	252	37662	37946
167702371	1	171	1.202E-40	4	14326	17090	352	130	0.445	6.828E-30	100	257	880	14326	14805	480	14203	14835
167702371	1	171	1.202E-40	4	14326	17090	361	168	0.549	3.382E-43	254	411	880	14859	15329	471	14775	15344
167702371	1	171	1.202E-40	4	14326	17090	367	65	0.476	1.792E-09	411	481	880	15389	15601	213	15344	15601
167702371	1	171	1.202E-40	4	14326	17090	398	119	0.668	2.154E-28	792	879	880	16827	17090	264	16821	17090
167703790	-1	406	2.177E-111	3	33525	34439	1092	213	0.981	1.611E-60	8	109	219	-34439	-34134	306	34484	34134
167703790	-1	406	2.177E-111	3	33525	34439	1101	104	0.843	3.023E-23	107	164	219	-33920	-33747	174	33953	33735
167703790	-1	406	2.177E-111	3	33525	34439	1105	92	0.794	2.581E-19	163	217	219	-33689	-33525	165	33731	33522
168287974	1	336	2.571E-90	3	36645	37931	839	45	0.682	6.509E-03	19	49	298	36645	36737	93	36534	36737
168287974	1	336	2.571E-90	3	36645	37931	853	182	0.524	1.948E-46	49	209	298	37064	37609	546	36752	37621
168287974	1	336	2.571E-90	3	36645	37931	858	110	0.648	3.975E-25	212	295	298	37680	37931	252	37662	37946
168405834	1	123	3.384E-26	1	37190	37573	853	123	0.505	2.252E-26	0	112	222	37190	37573	384	36752	37621
168475814	-1	304	1.104E-80	2	33756	34439	1092	212	0.974	5.701E-60	6	107	160	-34439	-34134	306	34484	34134
168475814	-1	304	1.104E-80	2	33756	34439	1101	94	0.810	6.119E-20	105	159	160	-33920	-33756	165	33953	33735
168762260	1	787	4.421E-226	6	14329	17090	352	134	0.445	2.988E-31	67	231	854	14329	14805	477	14203	14835
168762260	1	787	4.421E-226	6	14329	17090	361	156	0.539	2.261E-39	235	385	854	14880	15329	450	14775	15344
168762260	1	787	4.421E-226	6	14329	17090	367	69	0.499	7.494E-11	385	455	854	15389	15601	213	15344	15601
168762260	1	787	4.421E-226	6	14329	17090	375	47	0.445	1.202E-03	463	517	854	15801	15965	165	15768	15965
168762260	1	787	4.421E-226	6	14329	17090	390	265	0.554	1.300E-75	519	767	854	16036	16773	738	16003	16791
168762260	1	787	4.421E-226	6	14329	17090	398	121	0.673	8.332E-29	766	853	854	16827	17090	264	16821	17090
169077735	1	222	5.339E-56	2	36663	37609	839	44	0.804	1.697E-02	15	39	292	36663	36737	75	36534	36737
169077735	1	222	5.339E-56	2	36663	37609	853	178	0.516	3.224E-45	39	199	292	37064	37609	546	36752	37621
169406167	1	229	4.171E-58	2	37067	37928	853	123	0.390	2.252E-26	95	247	335	37067	37609	543	36752	37621
169406167	1	229	4.171E-58	2	37067	37928	858	107	0.639	5.007E-24	250	332	335	37680	37928	249	37662	37946
170404718	1	273	2.371E-71	2	37064	37919	853	171	0.499	1.200E-42	37	198	284	37064	37609	546	36752	37621
170404718	1	273	2.371E-71	2	37064	37919	858	103	0.636	1.631E-22	201	280	284	37680	37919	240	37662	37946
170412853	1	591	4.440E-167	3	36621	37946	839	77	0.911	5.602E-14	0	38	290	36621	36737	117	36534	36737
170412853	1	591	4.440E-167	3	36621	37946	853	317	0.833	5.257E-93	38	199	290	37064	37612	549	36752	37621
170412853	1	591	4.440E-167	3	36621	37946	858	197	1.000	3.212E-55	199	289	290	37674	37946	273	37662	37946
170501173	1	644	4.929E-183	5	14326	17090	352	120	0.417	1.689E-26	49	209	829	14326	14805	480	14203	14835
170501173	1	644	4.929E-183	5	14326	17090	361	182	0.571	2.962E-48	200	363	829	14841	15329	489	14775	15344
170501173	1	644	4.929E-183	5	14326	17090	367	63	0.461	1.204E-08	363	433	829	15389	15601	213	15344	15601
170501173	1	644	4.929E-183	5	14326	17090	390	230	0.501	1.810E-63	500	742	829	16039	16773	735	16003	16791
170501173	1	644	4.929E-183	5	14326	17090	398	122	0.679	3.222E-29	741	828	829	16827	17090	264	16821	17090
171270290	-1	380	1.461E-103	3	33540	34439	1092	211	0.971	1.073E-59	8	109	215	-34439	-34134	306	34484	34134
171270290	-1	380	1.461E-103	3	33540	34439	1101	96	0.788	1.252E-20	107	164	215	-33920	-33747	174	33953	33735
171270290	-1	380	1.461E-103	3	33540	34439	1105	76	0.725	1.166E-13	163	212	215	-33689	-33540	150	33731	33522
171449091	-1	222	5.339E-56	3	20301	21102	1407	40	0.622	2.954E-01	5	34	228	-21102	-21016	87	21132	20971
171449091	-1	222	5.339E-56	3	20301	21102	1415	34	0.445	1.975E+01	36	71	228	-20774	-20661	114	20777	20652
171449091	-1	222	5.339E-56	3	20301	21102	1422	149	0.753	5.025E-38	75	169	228	-20588	-20301	288	20636	20247
172369426	1	403	1.742E-110	4	14314	15950	352	138	0.452	1.786E-32	82	247	873	14314	14805	492	14203	14835
172369426	1	403	1.742E-110	4	14314	15950	361	169	0.537	9.607E-44	238	401	873	14841	15329	489	14775	15344
172369426	1	403	1.742E-110	4	14314	15950	367	61	0.465	5.892E-08	402	469	873	15392	15595	204	15344	15601
172369426	1	403	1.742E-110	4	14314	15950	375	46	0.385	3.133E-03	465	529	873	15768	15950	183	15768	15965
172431814	1	267	1.517E-69	2	37064	37925	853	172	0.501	4.716E-43	38	198	287	37064	37609	546	36752	37621
172431814	1	267	1.517E-69	2	37064	37925	858	96	0.588	3.557E-20	201	282	287	37680	37925	246	37662	37946
172824088	1	359	3.064E-97	3	36621	37931	839	44	0.499	1.697E-02	0	43	293	36621	36737	117	36534	36737
172824088	1	359	3.064E-97	3	36621	37931	853	192	0.549	4.264E-50	43	203	293	37064	37609	546	36752	37621
172824088	1	359	3.064E-97	3	36621	37931	858	124	0.716	8.397E-30	206	289	293	37680	37931	252	37662	37946
173212384	1	371	7.481E-101	3	36645	37931	839	37	0.566	5.360E+00	4	34	293	36645	36737	93	36534	36737
173212384	1	371	7.481E-101	3	36645	37931	853	218	0.609	6.336E-59	34	194	293	37064	37609	546	36752	37621
173212384	1	371	7.481E-101	3	36645	37931	858	117	0.684	1.331E-27	197	280	293	37680	37931	252	37662	37946
174034546	1	133	3.305E-29	1	14877	15329	361	133	0.469	2.540E-31	122	274	288	14877	15329	453	14775	15344
174724159	-1	191	1.147E-46	2	23813	24398	1325	145	0.656	1.131E-36	72	181	224	-24398	-24078	321	24446	24060
174724159	-1	191	1.147E-46	2	23813	24398	1331	52	0.740	4.050E-06	189	221	224	-23911	-23813	99	23917	23810
174926611	-1	243	2.546E-62	3	20000	20591	1422	153	0.762	2.927E-39	90	186	245	-20591	-20301	291	20636	20247
174926611	-1	243	2.546E-62	3	20000	20591	1423	35	0.721	9.797E+00	187	208	245	-20235	-20170	66	20310	20170
174926611	-1	243	2.546E-62	3	20000	20591	1426	53	0.745	2.943E-06	209	241	245	-20098	-20000	99	20104	19997
174931654	-1	194	1.433E-47	3	20170	21096	1407	42	0.696	4.313E-02	5	32	204	-21096	-21016	81	21132	20971
174931654	-1	194	1.433E-47	3	20170	21096	1422	150	0.748	3.664E-38	70	166	204	-20591	-20301	291	20636	20247
174931654	-1	194	1.433E-47	3	20170	21096	1423	37	0.768	1.421E+00	167	188	204	-20235	-20170	66	20310	20170
175106305	-1	179	4.696E-43	2	23813	24401	1325	149	0.743	9.033E-38	72	167	225	-24401	-24111	291	24446	24060
175106305	-1	179	4.696E-43	2	23813	24401	1331	51	0.724	1.056E-05	190	222	225	-23911	-23813	99	23917	23810
175180420	-1	183	2.935E-44	2	20000	24398	1325	149	0.752	6.586E-38	73	167	247	-24398	-24111	288	24446	24060
175180420	-1	183	2.935E-44	2	20000	24398	1426	55	0.771	5.963E-07	190	222	247	-20098	-20000	99	20104	19997
175267373	-1	416	2.126E-114	3	33525	34439	1092	221	1.000	2.901E-63	8	109	219	-34439	-34134	306	34484	34134
175267373	-1	416	2.126E-114	3	33525	34439	1101	105	0.854	8.502E-24	107	164	219	-33920	-33747	174	33953	33735
175267373	-1	416	2.126E-114	3	33525	34439	1105	93	0.797	1.879E-19	163	217	219	-33689	-33525	165	33731	33522
175271119	-1	400	1.394E-109	3	33540	34439	1092	217	0.997	6.835E-62	8	109	219	-34439	-34134	306	34484	34134
175271119	-1	400	1.394E-109	3	33540	34439	1101	109	0.883	3.569E-25	107	164	219	-33920	-33747	174	33953	33735
175271119	-1	400	1.394E-109	3	33540	34439	1105	77	0.735	4.494E-14	163	212	219	-33689	-33540	150	33731	33522
175299076	1	276	2.964E-72	2	37064	37931	853	169	0.493	4.170E-42	33	215	303	37064	37609	546	36752	37621
175299076	1	276	2.964E-72	2	37064	37931	858	108	0.634	3.648E-24	218	301	303	37680	37931	252	37662	37946
175316019	1	398	5.574E-109	4	14305	15959	352	134	0.436	4.087E-31	71	239	865	14305	14805	501	14203	14835
175316019	1	398	5.574E-109	4	14305	15959	361	162	0.520	2.020E-41	230	393	865	14841	15329	489	14775	15344
175316019	1	398	5.574E-109	4	14305	15959	367	64	0.487	3.382E-09	394	461	865	15392	15595	204	15344	15601
175316019	1	398	5.574E-109	4	14305	15959	375	51	0.472	3.589E-05	469	524	865	15792	15959	168	15768	15965
175316523	1	657	6.017E-187	5	14323	17090	352	138	0.461	1.306E-32	109	270	891	14323	14805	483	14203	14835
175316523	1	657	6.017E-187	5	14323	17090	361	175	0.569	8.559E-46	267	424	891	14859	15329	471	14775	15344
175316523	1	657	6.017E-187	5	14323	17090	367	62	0.459	1.654E-08	424	494	891	15389	15601	213	15344	15601
175316523	1	657	6.017E-187	5	14323	17090	390	229	0.497	2.477E-63	559	804	891	16033	16773	741	16003	16791
175316523	1	657	6.017E-187	5	14323	17090	398	118	0.660	7.647E-28	803	890	891	16827	17090	264	16821	17090
175352506	1	234	1.303E-59	2	36663	37609	839	42	0.769	8.385E-02	12	36	197	36663	36737	75	36534	36737
175352506	1	234	1.303E-59	2	36663	37609	853	192	0.549	4.264E-50	36	196	197	37064	37609	546	36752	37621
175386499	1	304	1.104E-80	2	37109	37940	853	177	0.550	8.214E-45	0	145	236	37109	37609	501	36752	37621
175386499	1	304	1.104E-80	2	37109	37940	858	128	0.716	2.582E-31	148	234	236	37680	37940	261	37662	37946
175394678	-1	218	8.542E-55	1	34137	34445	1092	218	0.994	2.649E-62	0	102	103	-34445	-34137	309	34484	34134
175408000	-1	301	8.832E-80	2	33747	34439	1092	207	0.953	3.467E-58	8	109	194	-34439	-34134	306	34484	34134
175408000	-1	301	8.832E-80	2	33747	34439	1101	96	0.785	1.720E-20	107	164	194	-33920	-33747	174	33953	33735
175425413	1	240	2.037E-61	2	37064	37928	853	139	0.427	5.354E-32	44	205	293	37064	37609	546	36752	37621
175425413	1	240	2.037E-61	2	37064	37928	858	102	0.614	2.239E-22	208	290	293	37680	37928	249	37662	37946
175437830	1	216	3.417E-54	2	37064	37931	853	121	0.384	7.695E-26	38	161	250	37064	37609	546	36752	37621
175437830	1	216	3.417E-54	2	37064	37931	858	96	0.576	3.557E-20	164	247	250	37680	37931	252	37662	37946
175437935	1	344	1.004E-92	3	36672	37931	839	35	0.721	2.656E+01	16	37	287	36672	36737	66	36534	36737
175437935	1	344	1.004E-92	3	36672	37931	853	201	0.568	6.027E-53	37	197	287	37064	37609	546	36752	37621
175437935	1	344	1.004E-92	3	36672	37931	858	109	0.644	7.488E-25	200	283	287	37680	37931	252	37662	37946
175485869	-1	192	5.733E-47	2	33537	33920	1101	104	0.846	2.201E-23	19	76	131	-33920	-33747	174	33953	33735
175485869	-1	192	5.733E-47	2	33537	33920	1105	89	0.826	2.381E-18	75	125	131	-33689	-33537	153	33731	33522
175502133	1	227	1.668E-57	2	37373	37931	853	123	0.748	3.062E-26	21	99	188	37373	37609	237	36752	37621
175502133	1	227	1.668E-57	2	37373	37931	858	105	0.622	2.439E-23	102	185	188	37680	37931	252	37662	37946
175522662	1	345	5.021E-93	3	36624	37931	839	45	0.570	8.958E-03	14	51	300	36624	36737	114	36534	36737
175522662	1	345	5.021E-93	3	36624	37931	853	185	0.533	1.176E-47	51	211	300	37064	37609	546	36752	37621
175522662	1	345	5.021E-93	3	36624	37931	858	116	0.676	4.721E-27	214	297	300	37680	37931	252	37662	37946
175544155	-1	220	2.136E-55	1	34137	34442	1092	220	1.000	1.027E-62	0	101	102	-34442	-34137	306	34484	34134
175576102	-1	218	8.542E-55	1	34137	34442	1092	218	1.000	3.633E-62	0	101	102	-34442	-34137	306	34484	34134
175585441	-1	94	1.817E-17	1	33735	33899	1101	94	0.810	6.119E-20	0	54	81	-33899	-33735	165	33953	33735
175591063	-1	202	5.598E-50	2	33525	33920	1101	105	0.854	8.502E-24	89	146	201	-33920	-33747	174	33953	33735
175591063	-1	202	5.598E-50	2	33525	33920	1105	98	0.837	3.037E-21	145	199	201	-33689	-33525	165	33731	33522
175629001	1	282	4.631E-74	2	37064	37931	853	181	0.522	4.965E-46	36	196	285	37064	37609	546	36752	37621
175629001	1	282	4.631E-74	2	37064	37931	858	102	0.608	2.239E-22	199	282	285	37680	37931	252	37662	37946
175643938	-1	405	4.355E-111	3	33540	34439	1092	220	1.000	5.457E-63	8	109	219	-34439	-34134	306	34484	34134
175643938	-1	405	4.355E-111	3	33540	34439	1101	109	0.883	3.569E-25	107	164	219	-33920	-33747	174	33953	33735
175643938	-1	405	4.355E-111	3	33540	34439	1105	79	0.749	1.261E-14	163	212	219	-33689	-33540	150	33731	33522
175665861	1	327	1.316E-87	3	36639	37931	839	41	0.595	1.589E-01	13	45	294	36639	36737	99	36534	36737
175665861	1	327	1.316E-87	3	36639	37931	853	174	0.505	9.936E-44	45	205	294	37064	37609	546	36752	37621
175665861	1	327	1.316E-87	3	36639	37931	858	114	0.637	1.675E-26	203	291	294	37668	37931	264	37662	37946
175666047	1	321	8.423E-86	3	36657	37928	839	38	0.661	1.490E+00	11	37	284	36657	36737	81	36534	36737
175666047	1	321	8.423E-86	3	36657	37928	853	197	0.560	1.004E-51	37	197	284	37064	37609	546	36752	37621
175666047	1	321	8.423E-86	3	36657	37928	858	90	0.568	4.120E-18	203	282	284	37689	37928	240	37662	37946
175701082	1	410	1.361E-112	3	14844	16791	361	165	0.531	3.060E-42	183	339	767	14844	15329	486	14775	15344
175701082	1	410	1.361E-112	3	14844	16791	375	46	0.416	4.313E-03	373	430	767	15792	15965	174	15768	15965
175701082	1	410	1.361E-112	3	14844	16791	390	230	0.487	1.322E-63	432	686	767	16036	16791	756	16003	16791
175727329	1	640	7.887E-182	5	14329	17090	352	134	0.444	4.087E-31	58	222	844	14329	14805	477	14203	14835
175727329	1	640	7.887E-182	5	14329	17090	361	149	0.505	6.486E-37	219	374	844	14859	15323	465	14775	15344
175727329	1	640	7.887E-182	5	14329	17090	375	48	0.448	8.733E-04	453	507	844	15801	15965	165	15768	15965
175727329	1	640	7.887E-182	5	14329	17090	390	267	0.557	3.697E-76	509	757	844	16036	16773	738	16003	16791
175727329	1	640	7.887E-182	5	14329	17090	398	120	0.671	1.144E-28	756	843	844	16827	17090	264	16821	17090
175742224	-1	305	5.520E-81	2	33747	34439	1092	211	0.969	1.471E-59	8	109	220	-34439	-34134	306	34484	34134
175742224	-1	305	5.520E-81	2	33747	34439	1101	96	0.788	1.252E-20	107	164	220	-33920	-33747	174	33953	33735
175774130	1	405	4.355E-111	3	14859	16773	361	157	0.527	1.206E-39	236	391	861	14859	15323	465	14775	15344
175774130	1	405	4.355E-111	3	14859	16773	367	61	0.472	4.289E-08	394	460	861	15392	15592	201	15344	15601
175774130	1	405	4.355E-111	3	14859	16773	390	252	0.533	3.035E-71	526	774	861	16036	16773	738	16003	16791
176564836	-1	393	1.784E-107	3	33531	34439	1092	217	0.996	9.375E-62	16	117	228	-34439	-34134	306	34484	34134
176564836	-1	393	1.784E-107	3	33531	34439	1101	100	0.814	7.208E-22	115	172	228	-33920	-33747	174	33953	33735
176564836	-1	393	1.784E-107	3	33531	34439	1105	79	0.719	6.680E-15	171	223	228	-33689	-33531	159	33731	33522
181193082	-1	203	2.799E-50	1	34134	34445	1092	203	0.921	8.172E-57	1	104	105	-34445	-34134	312	34484	34134
181242109	-1	78	1.191E-12	1	31196	31513	1152	78	0.328	9.244E-13	11	154	177	-31513	-31196	318	31642	31193
181650760	-1	427	1.038E-117	3	33525	34439	1092	218	0.999	4.983E-62	8	109	218	-34439	-34134	306	34484	34134
181650760	-1	427	1.038E-117	3	33525	34439	1101	106	0.860	4.509E-24	107	164	218	-33920	-33747	174	33953	33735
181650760	-1	427	1.038E-117	3	33525	34439	1105	106	0.905	2.831E-24	163	217	218	-33689	-33525	165	33731	33522
181919581	-1	395	4.459E-108	3	33540	34439	1092	217	0.996	9.375E-62	8	109	219	-34439	-34134	306	34484	34134
181919581	-1	395	4.459E-108	3	33540	34439	1101	105	0.852	1.167E-23	107	164	219	-33920	-33747	174	33953	33735
181919581	-1	395	4.459E-108	3	33540	34439	1105	76	0.722	1.602E-13	163	212	219	-33689	-33540	150	33731	33522
181948588	-1	405	4.355E-111	3	33525	34439	1092	219	1.000	1.931E-62	8	109	219	-34439	-34134	306	34484	34134
181948588	-1	405	4.355E-111	3	33525	34439	1101	109	0.881	4.900E-25	107	164	219	-33920	-33747	174	33953	33735
181948588	-1	405	4.355E-111	3	33525	34439	1105	80	0.699	4.862E-15	163	217	219	-33689	-33525	165	33731	33522
182379672	-1	417	1.063E-114	3	33522	34439	1092	214	0.986	6.242E-61	8	109	219	-34439	-34134	306	34484	34134
182379672	-1	417	1.063E-114	3	33522	34439	1101	96	0.791	9.119E-21	107	164	219	-33920	-33747	174	33953	33735
182379672	-1	417	1.063E-114	3	33522	34439	1105	110	0.918	1.631E-25	163	218	219	-33689	-33522	168	33731	33522
182385710	1	211	1.093E-52	2	36663	37609	839	39	0.721	7.861E-01	99	123	376	36663	36737	75	36534	36737
182385710	1	211	1.093E-52	2	36663	37609	853	172	0.501	3.454E-43	123	283	376	37064	37609	546	36752	37621
182429291	1	345	5.021E-93	3	36639	37931	839	54	0.760	5.821E-06	13	45	294	36639	36737	99	36534	36737
182429291	1	345	5.021E-93	3	36639	37931	853	177	0.513	8.214E-45	45	205	294	37064	37609	546	36752	37621
182429291	1	345	5.021E-93	3	36639	37931	858	115	0.672	8.893E-27	208	291	294	37680	37931	252	37662	37946
183526771	-1	410	1.361E-112	3	33531	34439	1092	215	0.988	4.551E-61	8	109	221	-34439	-34134	306	34484	34134
183526771	-1	410	1.361E-112	3	33531	34439	1101	104	0.843	3.023E-23	107	164	221	-33920	-33747	174	33953	33735
183526771	-1	410	1.361E-112	3	33531	34439	1105	94	0.833	7.253E-20	163	215	221	-33689	-33531	159	33731	33522
183933975	1	336	2.571E-90	3	36657	37928	839	40	0.693	3.012E-01	15	41	293	36657	36737	81	36534	36737
183933975	1	336	2.571E-90	3	36657	37928	853	188	0.538	1.807E-48	41	201	293	37064	37609	546	36752	37621
183933975	1	336	2.571E-90	3	36657	37928	858	109	0.651	7.488E-25	204	286	293	37680	37928	249	37662	37946
184240125	1	409	2.722E-112	4	14305	15956	352	132	0.431	1.954E-30	85	253	879	14305	14805	501	14203	14835
184240125	1	409	2.722E-112	4	14305	15956	361	173	0.546	5.657E-45	244	407	879	14841	15329	489	14775	15344
184240125	1	409	2.722E-112	4	14305	15956	367	64	0.489	2.462E-09	408	475	879	15392	15595	204	15344	15601
184240125	1	409	2.722E-112	4	14305	15956	375	53	0.491	1.002E-05	483	537	879	15792	15956	165	15768	15965
184500913	1	351	7.845E-95	3	36663	37931	839	39	0.721	7.861E-01	13	37	286	36663	36737	75	36534	36737
184500913	1	351	7.845E-95	3	36663	37931	853	200	0.567	8.238E-53	37	197	286	37064	37609	546	36752	37621
184500913	1	351	7.845E-95	3	36663	37931	858	113	0.664	3.156E-26	200	283	286	37680	37931	252	37662	37946
184751121	1	302	4.416E-80	3	36663	37937	839	38	0.707	1.490E+00	16	40	291	36663	36737	75	36534	36737
184751121	1	302	4.416E-80	3	36663	37937	853	161	0.477	2.100E-39	40	198	291	37064	37609	546	36752	37621
184751121	1	302	4.416E-80	3	36663	37937	858	104	0.599	6.308E-23	201	287	291	37680	37937	258	37662	37946
185033618	1	228	8.342E-58	2	37064	37922	853	141	0.429	2.117E-32	32	193	278	37064	37609	546	36752	37621
185033618	1	228	8.342E-58	2	37064	37922	858	88	0.552	2.009E-17	196	276	278	37680	37922	243	37662	37946
186145441	1	351	7.845E-95	2	16027	17090	390	235	0.503	4.181E-65	147	392	479	16027	16773	747	16003	16791
186145441	1	351	7.845E-95	2	16027	17090	398	117	0.658	1.050E-27	391	478	479	16827	17090	264	16821	17090
186179941	1	297	1.413E-78	3	36657	37931	839	35	0.604	2.656E+01	48	74	327	36657	36737	81	36534	36737
186179941	1	297	1.413E-78	3	36657	37931	853	171	0.513	8.792E-43	74	228	327	37064	37591	528	36752	37621
186179941	1	297	1.413E-78	3	36657	37931	858	98	0.583	5.317E-21	237	321	327	37680	37931	252	37662	37946
186436060	-1	169	4.809E-40	2	23810	24401	1325	139	0.700	2.429E-34	80	175	234	-24401	-24111	291	24446	24060
186436060	-1	169	4.809E-40	2	23810	24401	1331	51	0.706	1.056E-05	198	231	234	-23911	-23810	102	23917	23810
187827776	1	608	3.387E-172	5	14844	17090	361	156	0.504	3.097E-39	241	404	866	14844	15329	486	14775	15344
187827776	1	608	3.387E-172	5	14844	17090	367	63	0.466	6.382E-09	404	474	866	15389	15601	213	15344	15601
187827776	1	608	3.387E-172	5	14844	17090	375	38	0.368	1.363E+00	480	536	866	15795	15965	171	15768	15965
187827776	1	608	3.387E-172	5	14844	17090	390	234	0.507	5.723E-65	538	778	866	16036	16773	738	16003	16791
187827776	1	608	3.387E-172	5	14844	17090	398	119	0.661	2.154E-28	777	865	866	16827	17090	264	16821	17090
188108781	1	639	1.577E-181	5	14317	16773	352	128	0.420	3.262E-29	79	248	871	14317	14805	489	14203	14835
188108781	1	639	1.577E-181	5	14317	16773	361	156	0.505	2.261E-39	239	402	871	14841	15329	489	14775	15344
188108781	1	639	1.577E-181	5	14317	16773	367	63	0.469	8.767E-09	403	472	871	15392	15601	210	15344	15601
188108781	1	639	1.577E-181	5	14317	16773	375	41	0.396	1.999E-01	480	534	871	15801	15965	165	15768	15965
188108781	1	639	1.577E-181	5	14317	16773	390	262	0.549	1.608E-74	536	784	871	16036	16773	738	16003	16791
188256755	1	296	2.826E-78	3	36657	37928	839	36	0.630	7.382E+00	12	38	286	36657	36737	81	36534	36737
188256755	1	296	2.826E-78	3	36657	37928	853	172	0.501	4.716E-43	38	197	286	37064	37609	546	36752	37621
188256755	1	296	2.826E-78	3	36657	37928	858	89	0.548	7.764E-18	200	282	286	37680	37928	249	37662	37946
188318681	1	264	1.214E-68	2	37064	37919	853	163	0.478	6.054E-40	31	195	282	37064	37612	549	36752	37621
188318681	1	264	1.214E-68	2	37064	37919	858	100	0.619	2.056E-21	197	276	282	37680	37919	240	37662	37946
189255517	-1	181	1.174E-43	2	20000	24398	1325	147	0.743	3.196E-37	73	167	245	-24398	-24111	288	24446	24060
189255517	-1	181	1.174E-43	2	20000	24398	1426	55	0.776	4.334E-07	190	222	245	-20098	-20000	99	20104	19997
189307308	-1	190	2.293E-46	2	20000	20588	1422	161	0.798	3.851E-42	87	182	239	-20588	-20298	291	20636	20247
189307308	-1	190	2.293E-46	2	20000	20588	1426	49	0.704	3.791E-05	204	236	239	-20098	-20000	99	20104	19997
189471204	-1	191	1.147E-46	2	23983	24401	1325	156	0.774	3.065E-40	72	168	227	-24401	-24111	291	24446	24060
189471204	-1	191	1.147E-46	2	23983	24401	1326	34	0.713	1.283E+01	169	190	227	-24048	-23983	66	24120	23983
189471315	-1	192	5.733E-47	2	20170	20591	1422	153	0.760	4.015E-39	72	168	227	-20591	-20301	291	20636	20247
189471315	-1	192	5.733E-47	2	20170	20591	1423	38	0.792	5.419E-01	169	190	227	-20235	-20170	66	20310	20170
189477065	-1	170	2.404E-40	2	23810	24398	1325	141	0.718	2.662E-35	76	170	229	-24398	-24111	288	24446	24060
189477065	-1	170	2.404E-40	2	23810	24398	1331	50	0.691	2.754E-05	193	226	229	-23911	-23810	102	23917	23810
189545052	-1	172	6.011E-41	2	23813	24398	1325	137	0.698	1.179E-33	78	172	250	-24398	-24111	288	24446	24060
189545052	-1	172	6.011E-41	2	23813	24398	1331	56	0.792	1.664E-07	195	227	250	-23911	-23813	99	23917	23810
189667272	-1	176	3.757E-42	2	23813	24398	1325	142	0.720	1.941E-35	77	171	249	-24398	-24111	288	24446	24060
189667272	-1	176	3.757E-42	2	23813	24398	1331	55	0.776	4.334E-07	194	226	249	-23911	-23813	99	23917	23810
189810153	-1	373	1.870E-101	3	33546	34439	1092	214	0.984	8.562E-61	8	109	216	-34439	-34134	306	34484	34134
189810153	-1	373	1.870E-101	3	33546	34439	1101	94	0.737	8.405E-20	107	167	216	-33920	-33738	183	33953	33735
189810153	-1	373	1.870E-101	3	33546	34439	1105	71	0.706	7.268E-12	163	210	216	-33689	-33546	144	33731	33522
189812531	-1	401	6.968E-110	3	33531	34439	1092	212	0.974	5.701E-60	8	109	220	-34439	-34134	306	34484	34134
189812531	-1	401	6.968E-110	3	33531	34439	1101	102	0.834	7.827E-23	107	164	220	-33920	-33747	174	33953	33735
189812531	-1	401	6.968E-110	3	33531	34439	1105	90	0.801	1.734E-18	163	215	220	-33689	-33531	159	33731	33522
189817365	-1	232	5.214E-59	2	33540	34439	1092	207	0.956	1.843E-58	8	109	215	-34439	-34134	306	34484	34134
189817365	-1	232	5.214E-59	2	33540	34439	1105	77	0.732	6.176E-14	163	212	215	-33689	-33540	150	33731	33522
189838918	1	587	7.104E-166	4	14296	17090	352	154	0.478	3.422E-38	100	272	896	14296	14799	504	14203	14835
189838918	1	587	7.104E-166	4	14296	17090	361	179	0.565	3.676E-47	266	428	896	14844	15329	486	14775	15344
189838918	1	587	7.104E-166	4	14296	17090	390	268	0.559	1.439E-76	561	809	896	16036	16773	738	16003	16791
189838918	1	587	7.104E-166	4	14296	17090	398	123	0.685	1.246E-29	808	895	896	16827	17090	264	16821	17090
189843036	1	575	2.910E-162	4	14859	17090	361	161	0.531	7.110E-41	276	433	902	14859	15329	471	14775	15344
189843036	1	575	2.910E-162	4	14859	17090	367	65	0.492	1.792E-09	433	500	902	15389	15592	204	15344	15601
189843036	1	575	2.910E-162	4	14859	17090	390	270	0.534	2.988E-77	550	815	902	16009	16773	765	16003	16791
189843036	1	575	2.910E-162	4	14859	17090	398	127	0.704	5.254E-31	814	901	902	16827	17090	264	16821	17090
189858068	1	681	3.587E-194	5	14859	17090	361	162	0.534	2.767E-41	274	431	900	14859	15329	471	14775	15344
189858068	1	681	3.587E-194	5	14859	17090	367	72	0.524	5.915E-12	432	501	900	15392	15601	210	15344	15601
189858068	1	681	3.587E-194	5	14859	17090	375	44	0.404	1.548E-02	506	563	900	15792	15965	174	15768	15965
189858068	1	681	3.587E-194	5	14859	17090	390	276	0.572	2.673E-79	565	813	900	16036	16773	738	16003	16791
189858068	1	681	3.587E-194	5	14859	17090	398	127	0.704	5.254E-31	812	899	900	16827	17090	264	16821	17090
189880361	1	166	3.847E-39	1	37064	37612	853	166	0.486	5.028E-41	35	192	216	37064	37612	549	36752	37621
189921565	-1	404	8.709E-111	3	33540	34439	1092	215	0.988	4.551E-61	8	109	220	-34439	-34134	306	34484	34134
189921565	-1	404	8.709E-111	3	33540	34439	1101	103	0.837	5.700E-23	107	164	220	-33920	-33747	174	33953	33735
189921565	-1	404	8.709E-111	3	33540	34439	1105	89	0.840	2.381E-18	163	212	220	-33689	-33540	150	33731	33522
189941056	-1	217	1.708E-54	1	34137	34445	1092	217	0.989	6.835E-62	0	102	103	-34445	-34137	309	34484	34134
189965612	-1	95	9.084E-18	1	33747	33920	1101	95	0.779	3.244E-20	21	78	83	-33920	-33747	174	33953	33735
189965854	-1	192	5.733E-47	2	33531	33911	1101	101	0.865	2.027E-22	0	54	109	-33911	-33747	165	33953	33735
189965854	-1	192	5.733E-47	2	33531	33911	1105	92	0.817	3.546E-19	53	105	109	-33689	-33531	159	33731	33522
189984369	-1	404	8.709E-111	3	33531	34439	1092	213	0.981	1.611E-60	8	109	219	-34439	-34134	306	34484	34134
189984369	-1	404	8.709E-111	3	33531	34439	1101	104	0.846	2.201E-23	107	164	219	-33920	-33747	174	33953	33735
189984369	-1	404	8.709E-111	3	33531	34439	1105	90	0.805	1.262E-18	163	215	219	-33689	-33531	159	33731	33522
189991227	1	379	2.922E-103	3	36645	37943	839	42	0.644	6.091E-02	3	33	481	36645	36737	93	36534	36737
189991227	1	379	2.922E-103	3	36645	37943	853	219	0.610	3.388E-59	33	193	481	37064	37609	546	36752	37621
189991227	1	379	2.922E-103	3	36645	37943	858	119	0.664	5.147E-28	196	283	481	37680	37943	264	37662	37946
190020432	1	285	5.788E-75	2	37064	37940	853	173	0.501	1.853E-43	30	191	288	37064	37612	549	36752	37621
190020432	1	285	5.788E-75	2	37064	37940	858	112	0.627	8.160E-26	191	279	288	37674	37940	267	37662	37946
190023048	1	536	1.600E-150	4	14329	17090	352	133	0.460	5.588E-31	107	263	888	14329	14796	468	14203	14835
190023048	1	536	1.600E-150	4	14329	17090	361	157	0.546	1.651E-39	271	419	888	14883	15329	447	14775	15344
190023048	1	536	1.600E-150	4	14329	17090	390	259	0.545	1.060E-73	553	801	888	16036	16773	738	16003	16791
190023048	1	536	1.600E-150	4	14329	17090	398	125	0.694	2.559E-30	800	887	888	16827	17090	264	16821	17090
190023421	1	535	3.199E-150	4	14329	17090	352	132	0.458	1.045E-30	107	263	888	14329	14796	468	14203	14835
190023421	1	535	3.199E-150	4	14329	17090	361	157	0.546	1.651E-39	271	419	888	14883	15329	447	14775	15344
190023421	1	535	3.199E-150	4	14329	17090	390	259	0.545	1.060E-73	553	801	888	16036	16773	738	16003	16791
190023421	1	535	3.199E-150	4	14329	17090	398	125	0.694	2.559E-30	800	887	888	16827	17090	264	16821	17090
190080043	-1	383	1.826E-104	3	33531	34439	1092	214	0.983	1.174E-60	8	109	216	-34439	-34134	306	34484	34134
190080043	-1	383	1.826E-104	3	33531	34439	1101	95	0.779	3.244E-20	107	164	216	-33920	-33747	174	33953	33735
190080043	-1	383	1.826E-104	3	33531	34439	1105	77	0.696	6.176E-14	163	215	216	-33689	-33531	159	33731	33522
190111969	-1	403	1.742E-110	3	33525	34439	1092	213	0.981	1.611E-60	8	109	219	-34439	-34134	306	34484	34134
190111969	-1	403	1.742E-110	3	33525	34439	1101	104	0.846	2.201E-23	107	164	219	-33920	-33747	174	33953	33735
190111969	-1	403	1.742E-110	3	33525	34439	1105	89	0.770	3.271E-18	163	217	219	-33689	-33525	165	33731	33522
190132628	-1	415	4.253E-114	3	33525	34439	1092	220	1.000	7.485E-63	8	109	218	-34439	-34134	306	34484	34134
190132628	-1	415	4.253E-114	3	33525	34439	1101	104	0.843	3.023E-23	107	164	218	-33920	-33747	174	33953	33735
190132628	-1	415	4.253E-114	3	33525	34439	1105	94	0.813	3.845E-20	163	217	218	-33689	-33525	165	33731	33522
190154799	1	109	5.544E-22	1	14341	14796	352	109	0.403	1.428E-22	75	226	229	14341	14796	456	14203	14835
190186698	-1	403	1.742E-110	3	33540	34439	1092	220	1.000	5.457E-63	8	109	219	-34439	-34134	306	34484	34134
190186698	-1	403	1.742E-110	3	33540	34439	1101	109	0.883	3.569E-25	107	164	219	-33920	-33747	174	33953	33735
190186698	-1	403	1.742E-110	3	33540	34439	1105	77	0.735	4.494E-14	163	212	219	-33689	-33540	150	33731	33522
190187858	-1	218	8.542E-55	1	34137	34445	1092	218	0.992	3.633E-62	0	102	103	-34445	-34137	309	34484	34134
190189915	1	405	4.355E-111	3	14874	16773	361	155	0.535	5.808E-39	237	387	857	14874	15323	450	14775	15344
190189915	1	405	4.355E-111	3	14874	16773	367	63	0.487	6.382E-09	390	456	857	15392	15592	201	15344	15601
190189915	1	405	4.355E-111	3	14874	16773	390	252	0.532	5.689E-71	522	770	857	16036	16773	738	16003	16791
190190000	1	402	3.484E-110	3	14859	16773	361	152	0.513	7.184E-38	140	295	746	14859	15323	465	14775	15344
190190000	1	402	3.484E-110	3	14859	16773	367	63	0.487	6.382E-09	298	364	746	15392	15592	201	15344	15601
190190000	1	402	3.484E-110	3	14859	16773	390	252	0.532	4.155E-71	430	678	746	16036	16773	738	16003	16791
190217911	-1	402	3.484E-110	3	33525	34451	1092	217	0.964	6.835E-62	6	111	220	-34451	-34134	318	34484	34134
190217911	-1	402	3.484E-110	3	33525	34451	1101	101	0.822	2.783E-22	109	166	220	-33920	-33747	174	33953	33735
190217911	-1	402	3.484E-110	3	33525	34451	1105	87	0.751	2.198E-17	165	219	220	-33689	-33525	165	33731	33522
190242763	1	389	2.854E-106	2	16036	17090	390	263	0.550	8.573E-75	46	294	381	16036	16773	738	16003	16791
190242763	1	389	2.854E-106	2	16036	17090	398	127	0.704	5.254E-31	293	380	381	16827	17090	264	16821	17090
190245651	1	781	2.829E-224	6	14329	17090	352	139	0.459	3.730E-33	78	242	865	14329	14805	477	14203	14835
190245651	1	781	2.829E-224	6	14329	17090	361	162	0.522	2.020E-41	234	396	865	14844	15329	486	14775	15344
190245651	1	781	2.829E-224	6	14329	17090	367	68	0.492	1.942E-10	396	466	865	15389	15601	213	15344	15601
190245651	1	781	2.829E-224	6	14329	17090	375	51	0.489	4.938E-05	474	526	865	15801	15959	159	15768	15965
190245651	1	781	2.829E-224	6	14329	17090	390	256	0.539	1.794E-72	530	778	865	16036	16773	738	16003	16791
190245651	1	781	2.829E-224	6	14329	17090	398	119	0.668	2.154E-28	777	864	865	16827	17090	264	16821	17090
190271779	1	108	1.109E-21	1	37250	37573	853	108	0.519	2.548E-21	1	87	140	37250	37573	324	36752	37621
190290082	-1	403	1.742E-110	3	33546	34439	1092	218	1.000	3.633E-62	8	109	219	-34439	-34134	306	34484	34134
190290082	-1	403	1.742E-110	3	33546	34439	1101	109	0.883	3.569E-25	107	164	219	-33920	-33747	174	33953	33735
190290082	-1	403	1.742E-110	3	33546	34439	1105	79	0.776	1.261E-14	163	210	219	-33689	-33546	144	33731	33522
190338317	1	125	8.460E-27	1	37175	37609	853	125	0.464	4.840E-27	36	163	214	37175	37609	435	36752	37621
190998073	-1	77	2.381E-12	1	31214	31513	1152	77	0.333	1.729E-12	25	163	195	-31513	-31214	300	31642	31193
195450656	1	148	1.008E-33	1	37064	37573	853	148	0.470	5.899E-35	56	211	322	37064	37573	510	36752	37621
195499242	1	151	1.261E-34	1	37064	37573	853	151	0.478	4.938E-36	50	205	315	37064	37573	510	36752	37621
195982084	1	325	5.265E-87	3	36639	37931	839	40	0.574	5.709E-01	13	45	294	36639	36737	99	36534	36737
195982084	1	325	5.265E-87	3	36639	37931	853	172	0.501	4.716E-43	45	205	294	37064	37609	546	36752	37621
195982084	1	325	5.265E-87	3	36639	37931	858	115	0.641	8.893E-27	203	291	294	37668	37931	264	37662	37946
196038873	1	343	2.008E-92	3	36618	37931	839	48	0.551	5.062E-04	7	49	298	36618	36737	120	36534	36737
196038873	1	343	2.008E-92	3	36618	37931	853	183	0.528	5.594E-47	49	209	298	37064	37609	546	36752	37621
196038873	1	343	2.008E-92	3	36618	37931	858	113	0.662	4.331E-26	212	295	298	37680	37931	252	37662	37946
196048959	-1	230	2.085E-58	3	20000	20588	1422	145	0.732	2.225E-36	84	178	237	-20588	-20301	288	20636	20247
196048959	-1	230	2.085E-58	3	20000	20588	1423	33	0.673	6.777E+01	179	200	237	-20235	-20170	66	20310	20170
196048959	-1	230	2.085E-58	3	20000	20588	1426	50	0.709	2.754E-05	201	233	237	-20098	-20000	99	20104	19997
196092872	1	335	5.141E-90	3	36636	37931	839	44	0.610	2.336E-02	21	54	303	36636	36737	102	36534	36737
196092872	1	335	5.141E-90	3	36636	37931	853	181	0.523	2.661E-46	54	214	303	37064	37609	546	36752	37621
196092872	1	335	5.141E-90	3	36636	37931	858	111	0.652	2.110E-25	217	300	303	37680	37931	252	37662	37946
196149525	-1	427	1.038E-117	3	33525	34439	1092	218	1.000	2.649E-62	8	109	218	-34439	-34134	306	34484	34134
196149525	-1	427	1.038E-117	3	33525	34439	1101	108	0.875	9.238E-25	107	164	218	-33920	-33747	174	33953	33735
196149525	-1	427	1.038E-117	3	33525	34439	1105	104	0.883	2.606E-23	163	217	218	-33689	-33525	165	33731	33522
196935657	-1	416	2.126E-114	3	33525	34439	1092	216	0.994	1.286E-61	8	109	219	-34439	-34134	306	34484	34134
196935657	-1	416	2.126E-114	3	33525	34439	1101	105	0.854	8.502E-24	107	164	219	-33920	-33747	174	33953	33735
196935657	-1	416	2.126E-114	3	33525	34439	1105	98	0.837	3.037E-21	163	217	219	-33689	-33525	165	33731	33522
197303266	-1	297	1.413E-78	2	33738	34439	1092	204	0.942	3.167E-57	28	129	214	-34439	-34134	306	34484	34134
197303266	-1	297	1.413E-78	2	33738	34439	1101	95	0.746	3.244E-20	127	187	214	-33920	-33738	183	33953	33735
197689707	1	247	1.591E-63	2	36663	37609	839	40	0.728	5.709E-01	13	37	242	36663	36737	75	36534	36737
197689707	1	247	1.591E-63	2	36663	37609	853	207	0.584	2.961E-55	37	216	242	37064	37609	546	36752	37621
197823108	1	173	3.006E-41	4	14299	17090	352	138	0.446	1.786E-32	91	256	879	14299	14805	507	14203	14835
197823108	1	173	3.006E-41	4	14299	17090	361	163	0.538	1.077E-41	253	410	879	14859	15329	471	14775	15344
197823108	1	173	3.006E-41	4	14299	17090	367	64	0.473	2.462E-09	410	480	879	15389	15601	213	15344	15601
197823108	1	173	3.006E-41	4	14299	17090	398	119	0.668	2.154E-28	791	878	879	16827	17090	264	16821	17090
199598181	1	216	3.417E-54	2	36663	37609	839	40	0.742	3.012E-01	16	40	293	36663	36737	75	36534	36737
199598181	1	216	3.417E-54	2	36663	37609	853	176	0.512	1.532E-44	40	200	293	37064	37609	546	36752	37621
199972020	-1	367	1.197E-99	3	33540	34439	1092	206	0.951	4.756E-58	8	109	213	-34439	-34134	306	34484	34134
199972020	-1	367	1.197E-99	3	33540	34439	1101	93	0.767	1.154E-19	107	164	213	-33920	-33747	174	33953	33735
199972020	-1	367	1.197E-99	3	33540	34439	1105	71	0.685	5.288E-12	163	212	213	-33689	-33540	150	33731	33522
200325450	1	306	2.760E-81	3	36663	37937	839	39	0.721	7.861E-01	16	40	291	36663	36737	75	36534	36737
200325450	1	306	2.760E-81	3	36663	37937	853	164	0.483	2.382E-40	40	198	291	37064	37609	546	36752	37621
200325450	1	306	2.760E-81	3	36663	37937	858	104	0.601	4.595E-23	201	287	291	37680	37937	258	37662	37946
200950664	1	362	3.830E-98	3	36657	37931	839	36	0.630	7.382E+00	26	52	303	36657	36737	81	36534	36737
200950664	1	362	3.830E-98	3	36657	37931	853	201	0.569	4.409E-53	52	212	303	37064	37609	546	36752	37621
200950664	1	362	3.830E-98	3	36657	37931	858	126	0.730	9.158E-31	215	298	303	37680	37931	252	37662	37946
201008090	1	346	2.510E-93	3	36624	37931	839	46	0.584	3.437E-03	14	51	300	36624	36737	114	36534	36737
201008090	1	346	2.510E-93	3	36624	37931	853	186	0.534	8.604E-48	51	211	300	37064	37609	546	36752	37621
201008090	1	346	2.510E-93	3	36624	37931	858	115	0.670	1.221E-26	214	297	300	37680	37931	252	37662	37946
202155538	1	254	1.243E-65	2	14844	16773	361	154	0.499	1.492E-38	180	343	808	14844	15329	486	14775	15344
202155538	1	254	1.243E-65	2	14844	16773	390	212	0.444	2.455E-57	457	721	808	16021	16773	753	16003	16791
202802534	-1	223	2.669E-56	3	20301	24783	1317	40	0.560	4.121E+00	1	34	228	-24783	-24685	99	24840	24469
202802534	-1	223	2.669E-56	3	20301	24783	1415	34	0.445	1.975E+01	36	71	228	-20774	-20661	114	20777	20652
202802534	-1	223	2.669E-56	3	20301	24783	1422	150	0.757	2.672E-38	75	169	228	-20588	-20301	288	20636	20247
203841262	-1	166	3.847E-39	2	23810	24398	1325	136	0.694	2.217E-33	81	175	235	-24398	-24111	288	24446	24060
203841262	-1	166	3.847E-39	2	23810	24398	1331	51	0.701	1.453E-05	198	231	235	-23911	-23810	102	23917	23810
203847269	-1	211	1.093E-52	3	23810	24398	1325	134	0.657	1.075E-32	74	174	293	-24398	-24099	300	24446	24060
203847269	-1	211	1.093E-52	3	23810	24398	1326	33	0.710	4.659E+01	168	188	293	-24045	-23983	63	24120	23983
203847269	-1	211	1.093E-52	3	23810	24398	1331	49	0.676	7.185E-05	189	222	293	-23911	-23810	102	23917	23810
203866226	-1	181	1.174E-43	3	20000	21111	1407	43	0.616	2.272E-02	2	34	227	-21111	-21016	96	21132	20971
203866226	-1	181	1.174E-43	3	20000	21111	1422	148	0.748	1.296E-37	74	168	227	-20588	-20301	288	20636	20247
203866226	-1	181	1.174E-43	3	20000	21111	1426	49	0.704	3.791E-05	191	223	227	-20098	-20000	99	20104	19997
203966184	-1	184	1.468E-44	3	23813	24783	1317	40	0.579	3.024E+00	1	33	232	-24783	-24685	99	24840	24469
203966184	-1	184	1.468E-44	3	23813	24783	1325	154	0.774	1.084E-39	74	168	232	-24398	-24111	288	24446	24060
203966184	-1	184	1.468E-44	3	23813	24783	1331	50	0.709	2.754E-05	191	223	232	-23911	-23813	99	23917	23810
204068373	-1	239	4.073E-61	3	23810	24437	1325	150	0.679	2.553E-38	109	216	275	-24437	-24111	327	24446	24060
204068373	-1	239	4.073E-61	3	23810	24437	1326	33	0.681	4.659E+01	217	238	275	-24048	-23983	66	24120	23983
204068373	-1	239	4.073E-61	3	23810	24437	1331	54	0.741	1.129E-06	239	272	275	-23911	-23810	102	23917	23810
204154750	-1	182	5.870E-44	2	20000	20588	1422	145	0.680	1.622E-36	74	178	227	-20588	-20283	306	20636	20247
204154750	-1	182	5.870E-44	2	20000	20588	1426	48	0.683	1.362E-04	191	223	227	-20098	-20000	99	20104	19997
204303779	-1	216	3.417E-54	4	23810	24780	1317	41	0.605	1.627E+00	4	35	297	-24780	-24685	96	24840	24469
204303779	-1	216	3.417E-54	4	23810	24780	1325	133	0.659	2.023E-32	74	173	297	-24398	-24099	300	24446	24060
204303779	-1	216	3.417E-54	4	23810	24780	1326	33	0.673	6.433E+01	166	187	297	-24048	-23983	66	24120	23983
204303779	-1	216	3.417E-54	4	23810	24780	1331	51	0.711	7.671E-06	188	221	297	-23911	-23810	102	23917	23810
204351316	1	271	9.484E-71	2	37052	37937	853	175	0.500	3.902E-44	30	194	287	37052	37609	558	36752	37621
204351316	1	271	9.484E-71	2	37052	37937	858	97	0.564	1.888E-20	197	283	287	37680	37937	258	37662	37946
204354356	1	276	2.964E-72	2	37064	37931	853	175	0.510	2.857E-44	38	198	287	37064	37609	546	36752	37621
204354356	1	276	2.964E-72	2	37064	37931	858	102	0.604	4.219E-22	201	284	287	37680	37931	252	37662	37946
204378124	-1	417	1.063E-114	3	33525	34439	1092	220	1.000	7.485E-63	8	109	219	-34439	-34134	306	34484	34134
204378124	-1	417	1.063E-114	3	33525	34439	1101	109	0.881	4.900E-25	107	164	219	-33920	-33747	174	33953	33735
204378124	-1	417	1.063E-114	3	33525	34439	1105	91	0.788	4.870E-19	163	217	219	-33689	-33525	165	33731	33522
204381934	-1	406	2.177E-111	3	33525	34439	1092	213	0.981	1.611E-60	8	109	219	-34439	-34134	306	34484	34134
204381934	-1	406	2.177E-111	3	33525	34439	1101	104	0.843	3.023E-23	107	164	219	-33920	-33747	174	33953	33735
204381934	-1	406	2.177E-111	3	33525	34439	1105	92	0.794	2.581E-19	163	217	219	-33689	-33525	165	33731	33522
204382177	-1	194	1.433E-47	2	33525	33920	1101	104	0.843	3.023E-23	107	164	219	-33920	-33747	174	33953	33735
204382177	-1	194	1.433E-47	2	33525	33920	1105	91	0.788	4.870E-19	163	217	219	-33689	-33525	165	33731	33522
204456117	1	334	1.028E-89	3	36663	37931	839	36	0.666	1.017E+01	13	37	287	36663	36737	75	36534	36737
204456117	1	334	1.028E-89	3	36663	37931	853	195	0.556	4.788E-51	37	197	287	37064	37609	546	36752	37621
204456117	1	334	1.028E-89	3	36663	37931	858	104	0.618	4.595E-23	200	283	287	37680	37931	252	37662	37946
204458160	-1	399	2.787E-109	3	33531	34439	1092	213	0.981	1.611E-60	8	109	226	-34439	-34134	306	34484	34134
204458160	-1	399	2.787E-109	3	33531	34439	1101	103	0.866	4.151E-23	116	171	226	-33914	-33747	168	33953	33735
204458160	-1	399	2.787E-109	3	33531	34439	1105	89	0.792	4.493E-18	170	222	226	-33689	-33531	159	33731	33522
204490641	1	346	2.510E-93	3	36648	37877	839	40	0.628	4.147E-01	18	47	278	36648	36737	90	36534	36737
204490641	1	346	2.510E-93	3	36648	37877	853	207	0.584	2.961E-55	47	207	278	37064	37609	546	36752	37621
204490641	1	346	2.510E-93	3	36648	37877	858	100	0.718	2.056E-21	210	276	278	37680	37877	198	37662	37946
204497176	1	244	1.273E-62	2	37064	37931	853	152	0.482	2.655E-36	37	185	288	37064	37570	507	36752	37621
204497176	1	244	1.273E-62	2	37064	37931	858	106	0.626	1.295E-23	201	284	288	37680	37931	252	37662	37946
204560855	-1	217	1.708E-54	1	34137	34445	1092	217	0.989	6.835E-62	0	102	103	-34445	-34137	309	34484	34134
204591059	1	328	6.581E-88	3	36639	37931	839	43	0.616	4.425E-02	25	57	306	36639	36737	99	36534	36737
204591059	1	328	6.581E-88	3	36639	37931	853	181	0.522	4.965E-46	57	217	306	37064	37609	546	36752	37621
204591059	1	328	6.581E-88	3	36639	37931	858	105	0.622	2.439E-23	220	303	306	37680	37931	252	37662	37946
204634596	-1	415	4.253E-114	3	33525	34439	1092	219	1.000	1.931E-62	8	109	218	-34439	-34134	306	34484	34134
204634596	-1	415	4.253E-114	3	33525	34439	1101	106	0.860	4.509E-24	107	164	218	-33920	-33747	174	33953	33735
204634596	-1	415	4.253E-114	3	33525	34439	1105	93	0.797	1.879E-19	163	217	218	-33689	-33525	165	33731	33522
204708020	-1	423	1.661E-116	3	33528	34439	1092	224	1.000	3.177E-64	8	109	219	-34439	-34134	306	34484	34134
204708020	-1	423	1.661E-116	3	33528	34439	1101	100	0.820	3.822E-22	107	164	219	-33920	-33747	174	33953	33735
204708020	-1	423	1.661E-116	3	33528	34439	1105	102	0.882	1.273E-22	163	216	219	-33689	-33528	162	33731	33522
204711896	1	505	3.435E-141	4	14314	16773	352	116	0.403	3.828E-25	174	336	956	14314	14799	486	14203	14835
204711896	1	505	3.435E-141	4	14314	16773	361	154	0.517	1.089E-38	336	492	956	14862	15329	468	14775	15344
204711896	1	505	3.435E-141	4	14314	16773	375	46	0.433	4.313E-03	568	622	956	15795	15959	165	15768	15965
204711896	1	505	3.435E-141	4	14314	16773	390	263	0.550	4.572E-75	625	874	956	16033	16773	741	16003	16791
204731300	1	408	5.443E-112	3	14859	16773	361	158	0.530	4.693E-40	236	391	861	14859	15323	465	14775	15344
204731300	1	408	5.443E-112	3	14859	16773	367	63	0.487	6.382E-09	394	460	861	15392	15592	201	15344	15601
204731300	1	408	5.443E-112	3	14859	16773	390	252	0.532	5.689E-71	526	774	861	16036	16773	738	16003	16791
204759773	1	273	2.371E-71	2	37064	37931	853	168	0.493	7.772E-42	37	198	288	37064	37609	546	36752	37621
204759773	1	273	2.371E-71	2	37064	37931	858	106	0.624	1.777E-23	201	284	288	37680	37931	252	37662	37946
204787125	-1	422	3.322E-116	3	33525	34439	1092	219	1.000	1.408E-62	8	109	218	-34439	-34134	306	34484	34134
204787125	-1	422	3.322E-116	3	33525	34439	1101	104	0.849	1.603E-23	107	164	218	-33920	-33747	174	33953	33735
204787125	-1	422	3.322E-116	3	33525	34439	1105	102	0.874	6.749E-23	163	217	218	-33689	-33525	165	33731	33522
204787385	1	212	5.467E-53	2	36663	37609	839	39	0.721	7.861E-01	16	40	318	36663	36737	75	36534	36737
204787385	1	212	5.467E-53	2	36663	37609	853	173	0.504	1.853E-43	40	200	318	37064	37609	546	36752	37621
204794755	-1	82	7.441E-14	1	33525	33689	1105	82	0.718	7.229E-16	49	103	105	-33689	-33525	165	33731	33522
204795130	1	105	8.871E-21	1	14329	14691	352	105	0.458	3.208E-21	98	220	221	14329	14691	363	14203	14835
204807580	1	212	5.467E-53	2	36663	37612	839	42	0.762	1.154E-01	17	41	280	36663	36737	75	36534	36737
204807580	1	212	5.467E-53	2	36663	37612	853	170	0.495	2.237E-42	41	202	280	37064	37612	549	36752	37621
204885215	-1	423	1.661E-116	3	33525	34439	1092	219	1.000	1.408E-62	8	109	218	-34439	-34134	306	34484	34134
204885215	-1	423	1.661E-116	3	33525	34439	1101	104	0.849	1.603E-23	107	164	218	-33920	-33747	174	33953	33735
204885215	-1	423	1.661E-116	3	33525	34439	1105	103	0.877	4.915E-23	163	217	218	-33689	-33525	165	33731	33522
210163738	1	147	2.017E-33	1	37064	37573	853	147	0.468	1.096E-34	55	210	320	37064	37573	510	36752	37621
210218129	1	150	2.521E-34	1	37064	37573	853	150	0.475	1.252E-35	56	211	322	37064	37573	510	36752	37621
210309627	1	149	5.042E-34	1	37064	37573	853	149	0.471	4.327E-35	57	212	321	37064	37573	510	36752	37621
210864789	-1	415	4.253E-114	3	33528	34439	1092	217	0.997	6.835E-62	8	109	219	-34439	-34134	306	34484	34134
210864789	-1	415	4.253E-114	3	33528	34439	1101	107	0.869	1.742E-24	107	164	219	-33920	-33747	174	33953	33735
210864789	-1	415	4.253E-114	3	33528	34439	1105	94	0.820	7.253E-20	163	216	219	-33689	-33528	162	33731	33522
211107167	-1	405	4.355E-111	3	33525	34439	1092	213	0.981	1.611E-60	8	109	219	-34439	-34134	306	34484	34134
211107167	-1	405	4.355E-111	3	33525	34439	1101	104	0.843	3.023E-23	107	164	219	-33920	-33747	174	33953	33735
211107167	-1	405	4.355E-111	3	33525	34439	1105	91	0.788	4.870E-19	163	217	219	-33689	-33525	165	33731	33522
211213347	-1	201	1.120E-49	1	26965	27441	1260	201	0.612	2.935E-55	3	168	171	-27441	-26965	477	27444	26965
211333260	1	304	1.104E-80	3	36663	37937	839	35	0.645	2.656E+01	13	37	288	36663	36737	75	36534	36737
211333260	1	304	1.104E-80	3	36663	37937	853	171	0.512	6.439E-43	37	192	288	37064	37594	531	36752	37621
211333260	1	304	1.104E-80	3	36663	37937	858	104	0.603	8.658E-23	200	285	288	37680	37937	258	37662	37946
211912608	1	270	1.897E-70	2	37064	37931	853	170	0.495	2.237E-42	38	199	287	37064	37612	549	36752	37621
211912608	1	270	1.897E-70	2	37064	37931	858	99	0.592	2.822E-21	201	284	287	37680	37931	252	37662	37946
211914603	1	535	3.199E-150	4	14329	16773	352	135	0.454	1.168E-31	15	176	797	14329	14805	477	14203	14835
211914603	1	535	3.199E-150	4	14329	16773	361	175	0.569	8.559E-46	173	330	797	14859	15329	471	14775	15344
211914603	1	535	3.199E-150	4	14329	16773	367	62	0.459	1.654E-08	330	400	797	15389	15601	213	15344	15601
211914603	1	535	3.199E-150	4	14329	16773	390	228	0.495	6.352E-63	465	710	797	16033	16773	741	16003	16791
212450427	1	148	1.008E-33	1	37064	37573	853	148	0.469	8.043E-35	55	210	320	37064	37573	510	36752	37621
212759598	-1	144	1.614E-32	2	20301	21093	1407	39	0.690	5.612E-01	7	32	223	-21093	-21016	78	21132	20971
212759598	-1	144	1.614E-32	2	20301	21093	1422	142	0.720	2.030E-35	71	165	223	-20588	-20301	288	20636	20247
214045875	-1	190	2.293E-46	2	33525	33920	1101	104	0.846	2.201E-23	107	164	218	-33920	-33747	174	33953	33735
214045875	-1	190	2.293E-46	2	33525	33920	1105	87	0.758	1.165E-17	163	217	218	-33689	-33525	165	33731	33522
214080932	-1	321	8.423E-86	2	33747	34439	1092	219	1.000	1.408E-62	8	109	219	-34439	-34134	306	34484	34134
214080932	-1	321	8.423E-86	2	33747	34439	1101	104	0.849	1.603E-23	107	164	219	-33920	-33747	174	33953	33735
214396872	-1	181	1.174E-43	2	20000	24398	1325	147	0.743	3.196E-37	73	167	245	-24398	-24111	288	24446	24060
214396872	-1	181	1.174E-43	2	20000	24398	1426	55	0.776	4.334E-07	190	222	245	-20098	-20000	99	20104	19997
214534035	-1	172	6.011E-41	2	19997	20588	1422	144	0.729	4.184E-36	76	170	229	-20588	-20301	288	20636	20247
214534035	-1	172	6.011E-41	2	19997	20588	1426	49	0.686	3.791E-05	193	226	229	-20098	-19997	102	20104	19997
214844911	1	508	4.294E-142	4	14841	17090	361	153	0.495	5.246E-38	216	379	843	14841	15329	489	14775	15344
214844911	1	508	4.294E-142	4	14841	17090	367	63	0.472	1.204E-08	380	448	843	15392	15598	207	15344	15601
214844911	1	508	4.294E-142	4	14841	17090	390	225	0.478	7.825E-62	505	756	843	16009	16773	765	16003	16791
214844911	1	508	4.294E-142	4	14841	17090	398	121	0.677	4.423E-29	755	842	843	16827	17090	264	16821	17090
214957097	1	533	1.280E-149	4	14859	16773	361	160	0.528	1.827E-40	243	400	869	14859	15329	471	14775	15344
214957097	1	533	1.280E-149	4	14859	16773	367	69	0.501	5.456E-11	400	470	869	15389	15601	213	15344	15601
214957097	1	533	1.280E-149	4	14859	16773	375	49	0.460	2.435E-04	478	532	869	15801	15965	165	15768	15965
214957097	1	533	1.280E-149	4	14859	16773	390	259	0.545	1.060E-73	534	782	869	16036	16773	738	16003	16791
215550810	-1	404	8.709E-111	3	33525	34439	1092	213	0.981	1.611E-60	0	101	211	-34439	-34134	306	34484	34134
215550810	-1	404	8.709E-111	3	33525	34439	1101	104	0.846	2.201E-23	99	156	211	-33920	-33747	174	33953	33735
215550810	-1	404	8.709E-111	3	33525	34439	1105	90	0.779	1.262E-18	155	209	211	-33689	-33525	165	33731	33522
215705747	-1	413	1.701E-113	3	33525	34439	1092	219	1.000	1.931E-62	8	109	219	-34439	-34134	306	34484	34134
215705747	-1	413	1.701E-113	3	33525	34439	1101	104	0.846	2.201E-23	107	164	219	-33920	-33747	174	33953	33735
215705747	-1	413	1.701E-113	3	33525	34439	1105	93	0.804	9.963E-20	163	217	219	-33689	-33525	165	33731	33522
215714275	-1	411	6.804E-113	3	33531	34439	1092	213	0.981	1.611E-60	8	109	218	-34439	-34134	306	34484	34134
215714275	-1	411	6.804E-113	3	33531	34439	1101	108	0.875	9.238E-25	107	164	218	-33920	-33747	174	33953	33735
215714275	-1	411	6.804E-113	3	33531	34439	1105	93	0.830	9.963E-20	163	215	218	-33689	-33531	159	33731	33522
215797402	1	208	8.747E-52	2	37064	37913	853	137	0.438	4.658E-31	41	199	306	37064	37579	516	36752	37621
215797402	1	208	8.747E-52	2	37064	37913	858	83	0.539	1.696E-15	213	288	306	37680	37913	234	37662	37946
216363510	1	295	5.653E-78	3	36645	37946	839	35	0.544	1.929E+01	7	37	289	36645	36737	93	36534	36737
216363510	1	295	5.653E-78	3	36645	37946	853	159	0.471	1.355E-38	37	197	289	37064	37609	546	36752	37621
216363510	1	295	5.653E-78	3	36645	37946	858	102	0.578	3.074E-22	200	288	289	37680	37946	267	37662	37946
216456782	1	808	2.108E-232	6	14329	17090	352	137	0.461	2.442E-32	89	249	875	14329	14805	477	14203	14835
216456782	1	808	2.108E-232	6	14329	17090	361	169	0.538	7.014E-44	240	403	875	14841	15329	489	14775	15344
216456782	1	808	2.108E-232	6	14329	17090	367	60	0.462	8.094E-08	404	471	875	15392	15595	204	15344	15601
216456782	1	808	2.108E-232	6	14329	17090	375	48	0.454	8.733E-04	479	532	875	15792	15953	162	15768	15965
216456782	1	808	2.108E-232	6	14329	17090	390	280	0.576	8.405E-81	537	787	875	16033	16770	738	16003	16791
216456782	1	808	2.108E-232	6	14329	17090	398	128	0.709	2.032E-31	787	874	875	16827	17090	264	16821	17090
216669588	-1	415	4.253E-114	3	33525	34439	1092	219	1.000	1.931E-62	8	109	218	-34439	-34134	306	34484	34134
216669588	-1	415	4.253E-114	3	33525	34439	1101	104	0.843	3.023E-23	107	164	218	-33920	-33747	174	33953	33735
216669588	-1	415	4.253E-114	3	33525	34439	1105	95	0.816	2.800E-20	163	217	218	-33689	-33525	165	33731	33522
216998340	-1	195	7.166E-48	2	33525	33920	1101	104	0.843	3.023E-23	107	164	219	-33920	-33747	174	33953	33735
216998340	-1	195	7.166E-48	2	33525	33920	1105	92	0.791	3.546E-19	163	217	219	-33689	-33525	165	33731	33522
217270708	-1	323	2.106E-86	2	33747	34439	1092	220	1.000	5.457E-63	8	109	219	-34439	-34134	306	34484	34134
217270708	-1	323	2.106E-86	2	33747	34439	1101	105	0.852	1.167E-23	107	164	219	-33920	-33747	174	33953	33735
217746632	1	273	2.371E-71	2	37052	37937	853	177	0.504	1.122E-44	30	194	287	37052	37609	558	36752	37621
217746632	1	273	2.371E-71	2	37052	37937	858	97	0.564	1.888E-20	197	283	287	37680	37937	258	37662	37946
218133496	-1	426	2.076E-117	3	33525	34439	1092	219	1.000	1.408E-62	8	109	218	-34439	-34134	306	34484	34134
218133496	-1	426	2.076E-117	3	33525	34439	1101	105	0.852	1.167E-23	107	164	218	-33920	-33747	174	33953	33735
218133496	-1	426	2.076E-117	3	33525	34439	1105	105	0.893	1.006E-23	163	217	218	-33689	-33525	165	33731	33522
218331057	-1	147	2.017E-33	2	20301	21102	1407	39	0.616	4.071E-01	5	34	226	-21102	-21016	87	21132	20971
218331057	-1	147	2.017E-33	2	20301	21102	1422	145	0.736	1.183E-36	73	167	226	-20588	-20301	288	20636	20247
218383584	-1	175	7.514E-42	2	23813	24401	1325	147	0.735	4.383E-37	74	169	228	-24401	-24111	291	24446	24060
218383584	-1	175	7.514E-42	2	23813	24401	1331	49	0.704	3.791E-05	192	224	228	-23911	-23813	99	23917	23810
218463739	-1	141	1.291E-31	2	20283	21096	1407	38	0.629	1.470E+00	4	31	231	-21096	-21016	81	21132	20971
218463739	-1	141	1.291E-31	2	20283	21096	1422	140	0.678	7.181E-35	70	170	231	-20588	-20283	306	20636	20247
218760896	-1	169	4.809E-40	2	20000	20588	1422	140	0.713	7.181E-35	77	171	231	-20588	-20301	288	20636	20247
218760896	-1	169	4.809E-40	2	20000	20588	1426	50	0.709	2.754E-05	194	226	231	-20098	-20000	99	20104	19997
218821399	-1	169	4.809E-40	2	20000	20588	1422	142	0.722	1.480E-35	75	169	239	-20588	-20301	288	20636	20247
218821399	-1	169	4.809E-40	2	20000	20588	1426	48	0.683	1.362E-04	192	224	239	-20098	-20000	99	20104	19997
218902264	-1	170	2.404E-40	2	23983	24398	1325	135	0.691	4.169E-33	58	151	210	-24398	-24111	288	24446	24060
218902264	-1	170	2.404E-40	2	23983	24398	1326	34	0.697	2.445E+01	152	173	210	-24048	-23983	66	24120	23983
218908593	-1	314	1.078E-83	2	33747	34439	1092	214	0.983	1.174E-60	8	109	218	-34439	-34134	306	34484	34134
218908593	-1	314	1.078E-83	2	33747	34439	1101	102	0.834	7.827E-23	107	164	218	-33920	-33747	174	33953	33735
218931622	-1	412	3.402E-113	3	33525	34439	1092	219	1.000	1.931E-62	23	124	234	-34439	-34134	306	34484	34134
218931622	-1	412	3.402E-113	3	33525	34439	1101	104	0.846	2.201E-23	122	179	234	-33920	-33747	174	33953	33735
218931622	-1	412	3.402E-113	3	33525	34439	1105	92	0.794	2.581E-19	178	232	234	-33689	-33525	165	33731	33522
218961632	-1	218	8.542E-55	1	34137	34445	1092	218	0.994	2.649E-62	0	102	103	-34445	-34137	309	34484	34134
218972044	-1	397	1.115E-108	3	33531	34439	1092	220	1.000	7.485E-63	8	109	219	-34439	-34134	306	34484	34134
218972044	-1	397	1.115E-108	3	33531	34439	1101	100	0.814	7.208E-22	107	164	219	-33920	-33747	174	33953	33735
218972044	-1	397	1.115E-108	3	33531	34439	1105	80	0.725	3.538E-15	163	215	219	-33689	-33531	159	33731	33522
219001402	-1	411	6.804E-113	3	33525	34439	1092	215	0.989	3.318E-61	8	109	218	-34439	-34134	306	34484	34134
219001402	-1	411	6.804E-113	3	33525	34439	1101	106	0.860	4.509E-24	107	164	218	-33920	-33747	174	33953	33735
219001402	-1	411	6.804E-113	3	33525	34439	1105	93	0.804	9.963E-20	163	217	218	-33689	-33525	165	33731	33522
219021725	1	311	8.625E-83	3	36663	37931	839	37	0.679	5.360E+00	13	37	291	36663	36737	75	36534	36737
219021725	1	311	8.625E-83	3	36663	37931	853	171	0.499	1.200E-42	37	198	291	37064	37609	546	36752	37621
219021725	1	311	8.625E-83	3	36663	37931	858	104	0.614	8.658E-23	201	284	291	37680	37931	252	37662	37946
219032567	1	169	4.809E-40	2	15045	15586	361	105	0.563	1.159E-21	0	94	160	15045	15329	285	14775	15344
219032567	1	169	4.809E-40	2	15045	15586	367	63	0.499	6.382E-09	95	159	160	15392	15586	195	15344	15601
219076129	-1	327	1.316E-87	2	33747	34442	1092	221	1.000	3.979E-63	15	117	227	-34442	-34134	309	34484	34134
219076129	-1	327	1.316E-87	2	33747	34442	1101	108	0.875	9.238E-25	115	172	227	-33920	-33747	174	33953	33735
219106780	-1	407	1.089E-111	3	33531	34439	1092	218	1.000	2.649E-62	8	109	218	-34439	-34134	306	34484	34134
219106780	-1	407	1.089E-111	3	33531	34439	1101	104	0.846	2.201E-23	107	164	218	-33920	-33747	174	33953	33735
219106780	-1	407	1.089E-111	3	33531	34439	1105	88	0.789	6.172E-18	163	215	218	-33689	-33531	159	33731	33522
219125917	1	227	1.668E-57	2	37064	37928	853	142	0.456	6.142E-33	36	184	287	37064	37573	510	36752	37621
219125917	1	227	1.668E-57	2	37064	37928	858	99	0.598	2.822E-21	200	282	287	37680	37928	249	37662	37946
219129272	1	282	4.631E-74	5	14347	17090	352	130	0.454	9.336E-30	88	242	868	14347	14805	459	14203	14835
219129272	1	282	4.631E-74	5	14347	17090	361	177	0.558	1.774E-46	233	396	868	14841	15329	489	14775	15344
219129272	1	282	4.631E-74	5	14347	17090	367	64	0.489	2.462E-09	397	464	868	15392	15595	204	15344	15601
219129272	1	282	4.631E-74	5	14347	17090	375	52	0.485	1.896E-05	472	526	868	15792	15956	165	15768	15965
219129272	1	282	4.631E-74	5	14347	17090	398	123	0.685	1.246E-29	780	867	868	16827	17090	264	16821	17090
219134461	1	375	4.676E-102	3	36648	37940	839	43	0.668	4.425E-02	20	49	300	36648	36737	90	36534	36737
219134461	1	375	4.676E-102	3	36648	37940	853	205	0.577	2.644E-54	49	209	300	37064	37609	546	36752	37621
219134461	1	375	4.676E-102	3	36648	37940	858	128	0.716	2.582E-31	212	298	300	37680	37940	261	37662	37946
219138730	-1	218	8.542E-55	1	34137	34445	1092	218	0.992	3.633E-62	0	102	103	-34445	-34137	309	34484	34134
219143703	-1	404	8.709E-111	3	33525	34439	1092	220	1.000	5.457E-63	8	109	219	-34439	-34134	306	34484	34134
219143703	-1	404	8.709E-111	3	33525	34439	1101	108	0.875	9.238E-25	107	164	219	-33920	-33747	174	33953	33735
219143703	-1	404	8.709E-111	3	33525	34439	1105	79	0.690	1.261E-14	163	217	219	-33689	-33525	165	33731	33522
219213844	-1	219	4.271E-55	1	34137	34445	1092	219	0.995	1.931E-62	0	102	103	-34445	-34137	309	34484	34134
219215681	1	371	7.481E-101	3	36663	37940	839	40	0.728	5.709E-01	32	56	307	36663	36737	75	36534	36737
219215681	1	371	7.481E-101	3	36663	37940	853	204	0.577	3.614E-54	56	216	307	37064	37609	546	36752	37621
219215681	1	371	7.481E-101	3	36663	37940	858	128	0.718	1.881E-31	219	305	307	37680	37940	261	37662	37946
219294950	-1	403	1.742E-110	3	33525	34439	1092	213	0.981	1.611E-60	8	109	219	-34439	-34134	306	34484	34134
219294950	-1	403	1.742E-110	3	33525	34439	1101	104	0.846	2.201E-23	107	164	219	-33920	-33747	174	33953	33735
219294950	-1	403	1.742E-110	3	33525	34439	1105	89	0.773	2.381E-18	163	217	219	-33689	-33525	165	33731	33522
219308378	1	280	1.852E-73	2	37064	37937	853	172	0.501	4.716E-43	41	201	295	37064	37609	546	36752	37621
219308378	1	280	1.852E-73	2	37064	37937	858	109	0.622	1.411E-24	204	290	295	37680	37937	258	37662	37946
219326106	1	320	1.685E-85	3	36663	37937	839	39	0.721	7.861E-01	16	40	293	36663	36737	75	36534	36737
219326106	1	320	1.685E-85	3	36663	37937	853	176	0.512	1.532E-44	40	200	293	37064	37609	546	36752	37621
219326106	1	320	1.685E-85	3	36663	37937	858	106	0.607	1.777E-23	203	289	293	37680	37937	258	37662	37946
219367101	-1	414	8.505E-114	3	33528	34439	1092	217	0.997	6.835E-62	8	109	219	-34439	-34134	306	34484	34134
219367101	-1	414	8.505E-114	3	33528	34439	1101	104	0.846	2.201E-23	107	164	219	-33920	-33747	174	33953	33735
219367101	-1	414	8.505E-114	3	33528	34439	1105	96	0.835	1.484E-20	163	216	219	-33689	-33528	162	33731	33522
219367540	1	253	2.486E-65	2	37064	37919	853	156	0.463	1.192E-37	31	195	282	37064	37612	549	36752	37621
219367540	1	253	2.486E-65	2	37064	37919	858	96	0.600	3.557E-20	197	276	282	37680	37919	240	37662	37946
219385219	1	233	2.607E-59	2	37064	37922	853	141	0.430	1.554E-32	32	193	278	37064	37609	546	36752	37621
219385219	1	233	2.607E-59	2	37064	37922	858	93	0.575	6.157E-19	196	276	278	37680	37922	243	37662	37946
219403325	1	295	5.653E-78	3	36657	37931	839	33	0.579	9.565E+01	12	38	287	36657	36737	81	36534	36737
219403325	1	295	5.653E-78	3	36657	37931	853	158	0.467	3.441E-38	38	199	287	37064	37612	549	36752	37621
219403325	1	295	5.653E-78	3	36657	37931	858	103	0.612	1.188E-22	201	284	287	37680	37931	252	37662	37946
219403916	1	329	3.290E-88	3	36645	37931	839	44	0.660	2.336E-02	19	49	297	36645	36737	93	36534	36737
219403916	1	329	3.290E-88	3	36645	37931	853	179	0.519	1.265E-45	49	209	297	37064	37609	546	36752	37621
219403916	1	329	3.290E-88	3	36645	37931	858	107	0.632	5.007E-24	212	295	297	37680	37931	252	37662	37946
219426559	-1	407	1.089E-111	3	33525	34439	1092	218	1.000	2.649E-62	58	159	268	-34439	-34134	306	34484	34134
219426559	-1	407	1.089E-111	3	33525	34439	1101	104	0.846	2.201E-23	157	214	268	-33920	-33747	174	33953	33735
219426559	-1	407	1.089E-111	3	33525	34439	1105	88	0.764	6.172E-18	213	267	268	-33689	-33525	165	33731	33522
224554505	1	148	1.008E-33	1	37064	37573	853	148	0.469	8.043E-35	56	211	322	37064	37573	510	36752	37621
224754028	1	147	2.017E-33	1	36932	37573	853	147	0.394	1.495E-34	64	240	351	36932	37573	642	36752	37621
224856075	1	216	3.417E-54	2	36941	37916	853	145	0.394	9.587E-34	1	181	295	36941	37573	633	36752	37621
224856075	1	216	3.417E-54	2	36941	37916	858	85	0.545	3.478E-16	197	273	295	37680	37916	237	37662	37946
226483467	1	312	4.313E-83	3	36663	37925	839	36	0.659	1.400E+01	14	38	286	36663	36737	75	36534	36737
226483467	1	312	4.313E-83	3	36663	37925	853	181	0.521	2.661E-46	38	198	286	37064	37612	549	36752	37621
226483467	1	312	4.313E-83	3	36663	37925	858	94	0.576	2.380E-19	200	281	286	37680	37925	246	37662	37946
227049844	1	267	1.517E-69	2	37064	37928	853	162	0.478	1.539E-39	31	195	283	37064	37609	546	36752	37621
227049844	1	267	1.517E-69	2	37064	37928	858	106	0.631	1.777E-23	198	280	283	37680	37928	249	37662	37946
227440231	-1	326	2.632E-87	2	33747	34439	1092	220	1.000	5.457E-63	8	109	176	-34439	-34134	306	34484	34134
227440231	-1	326	2.632E-87	2	33747	34439	1101	108	0.875	9.238E-25	107	164	176	-33920	-33747	174	33953	33735
228706511	1	422	3.322E-116	3	14877	17090	361	160	0.545	1.827E-40	232	383	852	14877	15329	453	14775	15344
228706511	1	422	3.322E-116	3	14877	17090	390	263	0.536	4.572E-75	508	765	852	16009	16773	765	16003	16791
228706511	1	422	3.322E-116	3	14877	17090	398	123	0.685	1.246E-29	764	851	852	16827	17090	264	16821	17090
229037466	-1	460	1.209E-127	3	33522	34439	1092	225	1.000	1.231E-64	8	109	219	-34439	-34134	306	34484	34134
229037466	-1	460	1.209E-127	3	33522	34439	1101	112	0.907	2.825E-26	107	164	219	-33920	-33747	174	33953	33735
229037466	-1	460	1.209E-127	3	33522	34439	1105	126	1.000	2.700E-31	163	218	219	-33689	-33522	168	33731	33522
229114950	1	532	2.559E-149	4	14859	16773	361	161	0.538	5.191E-41	232	387	858	14859	15323	465	14775	15344
229114950	1	532	2.559E-149	4	14859	16773	367	70	0.514	2.105E-11	390	459	858	15392	15601	210	15344	15601
229114950	1	532	2.559E-149	4	14859	16773	375	41	0.396	1.999E-01	467	521	858	15801	15965	165	15768	15965
229114950	1	532	2.559E-149	4	14859	16773	390	265	0.555	9.493E-76	523	771	858	16036	16773	738	16003	16791
229697090	1	150	2.521E-34	1	37064	37573	853	150	0.474	1.707E-35	56	211	322	37064	37573	510	36752	37621
230270966	-1	423	1.661E-116	3	33525	34439	1092	219	1.000	1.408E-62	8	109	218	-34439	-34134	306	34484	34134
230270966	-1	423	1.661E-116	3	33525	34439	1101	104	0.849	1.603E-23	107	164	218	-33920	-33747	174	33953	33735
230270966	-1	423	1.661E-116	3	33525	34439	1105	103	0.880	3.579E-23	163	217	218	-33689	-33525	165	33731	33522
230335060	1	371	7.481E-101	3	36663	37940	839	40	0.728	5.709E-01	32	56	307	36663	36737	75	36534	36737
230335060	1	371	7.481E-101	3	36663	37940	853	204	0.577	3.614E-54	56	216	307	37064	37609	546	36752	37621
230335060	1	371	7.481E-101	3	36663	37940	858	128	0.718	1.881E-31	219	305	307	37680	37940	261	37662	37946
230905758	-1	404	8.709E-111	3	33540	34439	1092	215	0.988	4.551E-61	8	109	220	-34439	-34134	306	34484	34134
230905758	-1	404	8.709E-111	3	33540	34439	1101	103	0.837	5.700E-23	107	164	220	-33920	-33747	174	33953	33735
230905758	-1	404	8.709E-111	3	33540	34439	1105	89	0.840	2.381E-18	163	212	220	-33689	-33540	150	33731	33522
231061757	-1	421	6.645E-116	3	33525	34439	1092	220	1.000	7.485E-63	8	109	218	-34439	-34134	306	34484	34134
231061757	-1	421	6.645E-116	3	33525	34439	1101	104	0.843	3.023E-23	107	164	218	-33920	-33747	174	33953	33735
231061757	-1	421	6.645E-116	3	33525	34439	1105	100	0.856	4.527E-22	163	217	218	-33689	-33525	165	33731	33522
232048828	1	440	1.267E-121	4	14844	21812	361	146	0.477	1.097E-35	274	437	902	14844	15329	486	14775	15344
232048828	1	440	1.267E-121	4	14844	21812	367	64	0.468	4.646E-09	437	507	902	15389	15601	213	15344	15601
232048828	1	440	1.267E-121	4	14844	21812	390	257	0.544	9.567E-73	571	815	902	16033	16773	741	16003	16791
232048828	1	440	1.267E-121	4	14844	21812	512	35	0.372	1.477E+01	818	868	902	21660	21812	153	21657	21842
232564084	1	683	8.966E-195	5	14841	17090	361	162	0.520	2.020E-41	246	409	881	14841	15329	489	14775	15344
232564084	1	683	8.966E-195	5	14841	17090	367	64	0.501	4.646E-09	410	474	881	15392	15586	195	15344	15601
232564084	1	683	8.966E-195	5	14841	17090	375	51	0.466	6.794E-05	485	540	881	15792	15959	168	15768	15965
232564084	1	683	8.966E-195	5	14841	17090	390	283	0.581	9.297E-82	543	793	881	16033	16770	738	16003	16791
232564084	1	683	8.966E-195	5	14841	17090	398	130	0.721	3.041E-32	793	880	881	16827	17090	264	16821	17090
232940968	-1	141	1.291E-31	1	24093	24443	1325	141	0.606	5.007E-35	39	153	224	-24443	-24093	351	24446	24060
233056801	-1	169	4.809E-40	2	23810	24401	1325	139	0.700	2.429E-34	81	176	235	-24401	-24111	291	24446	24060
233056801	-1	169	4.809E-40	2	23810	24401	1331	51	0.706	1.056E-05	199	232	235	-23911	-23810	102	23917	23810
233120043	-1	169	4.809E-40	2	23810	24401	1325	139	0.702	1.771E-34	81	176	235	-24401	-24111	291	24446	24060
233120043	-1	169	4.809E-40	2	23810	24401	1331	51	0.706	1.056E-05	199	232	235	-23911	-23810	102	23917	23810
233334472	-1	179	4.696E-43	2	23810	24398	1325	147	0.745	2.330E-37	73	167	228	-24398	-24111	288	24446	24060
233334472	-1	179	4.696E-43	2	23810	24398	1331	53	0.726	2.943E-06	190	223	228	-23911	-23810	102	23917	23810
233365360	1	52	7.990E-05	1	34134	34301	793	52	0.478	3.264E-04	44	99	102	34134	34301	168	34053	34475
233408329	-1	187	1.834E-45	2	23810	24398	1325	152	0.764	7.216E-39	77	171	232	-24398	-24111	288	24446	24060
233408329	-1	187	1.834E-45	2	23810	24398	1331	56	0.771	1.664E-07	194	227	232	-23911	-23810	102	23917	23810
233447034	-1	196	3.583E-48	2	33525	33920	1101	104	0.843	3.023E-23	107	164	219	-33920	-33747	174	33953	33735
233447034	-1	196	3.583E-48	2	33525	33920	1105	93	0.801	1.368E-19	163	217	219	-33689	-33525	165	33731	33522
233478643	-1	323	2.106E-86	2	33747	34448	1092	220	0.985	5.457E-63	3	107	217	-34448	-34134	315	34484	34134
233478643	-1	323	2.106E-86	2	33747	34448	1101	105	0.852	1.167E-23	105	162	217	-33920	-33747	174	33953	33735
233479150	1	373	1.870E-101	3	14844	17090	361	149	0.486	6.486E-37	222	385	845	14844	15329	486	14775	15344
233479150	1	373	1.870E-101	3	14844	17090	390	224	0.478	2.006E-61	505	758	845	16015	16773	759	16003	16791
233479150	1	373	1.870E-101	3	14844	17090	398	119	0.664	4.059E-28	757	844	845	16827	17090	264	16821	17090
233483315	-1	425	4.153E-117	3	33522	34439	1092	219	1.000	1.408E-62	8	109	219	-34439	-34134	306	34484	34134
233483315	-1	425	4.153E-117	3	33522	34439	1101	106	0.857	6.192E-24	107	164	219	-33920	-33747	174	33953	33735
233483315	-1	425	4.153E-117	3	33522	34439	1105	103	0.863	4.915E-23	163	218	219	-33689	-33522	168	33731	33522
233532645	1	267	1.517E-69	2	37064	37931	853	162	0.477	1.127E-39	38	199	287	37064	37612	549	36752	37621
233532645	1	267	1.517E-69	2	37064	37931	858	104	0.616	6.308E-23	201	284	287	37680	37931	252	37662	37946
233547128	1	375	4.676E-102	3	36648	37940	839	44	0.679	2.336E-02	20	49	300	36648	36737	90	36534	36737
233547128	1	375	4.676E-102	3	36648	37940	853	207	0.583	4.048E-55	49	209	300	37064	37609	546	36752	37621
233547128	1	375	4.676E-102	3	36648	37940	858	125	0.703	2.367E-30	212	298	300	37680	37940	261	37662	37946
233636520	-1	419	2.658E-115	3	33525	34439	1092	220	1.000	7.485E-63	8	109	218	-34439	-34134	306	34484	34134
233636520	-1	419	2.658E-115	3	33525	34439	1101	104	0.843	3.023E-23	107	164	218	-33920	-33747	174	33953	33735
233636520	-1	419	2.658E-115	3	33525	34439	1105	98	0.843	1.610E-21	163	217	218	-33689	-33525	165	33731	33522
233642750	1	215	6.834E-54	2	36663	37609	839	39	0.714	1.082E+00	16	40	318	36663	36737	75	36534	36737
233642750	1	215	6.834E-54	2	36663	37609	853	176	0.510	2.092E-44	40	200	318	37064	37609	546	36752	37621
233651810	-1	407	1.089E-111	3	33531	34439	1092	215	0.989	3.318E-61	8	109	219	-34439	-34134	306	34484	34134
233651810	-1	407	1.089E-111	3	33531	34439	1101	106	0.863	3.284E-24	107	164	219	-33920	-33747	174	33953	33735
233651810	-1	407	1.089E-111	3	33531	34439	1105	89	0.795	3.271E-18	163	215	219	-33689	-33531	159	33731	33522
233669305	1	176	3.757E-42	1	16144	16665	390	176	0.528	5.850E-45	0	174	189	16144	16665	522	16003	16791
233670974	1	221	1.068E-55	2	36663	37609	839	39	0.721	7.861E-01	16	40	300	36663	36737	75	36534	36737
233670974	1	221	1.068E-55	2	36663	37609	853	182	0.525	1.426E-46	40	207	300	37064	37609	546	36752	37621
233691260	-1	215	6.834E-54	1	34137	34442	1092	215	0.989	3.318E-61	0	101	102	-34442	-34137	306	34484	34134
233708495	1	101	1.419E-19	1	37680	37931	858	101	0.600	7.949E-22	64	147	151	37680	37931	252	37662	37946
233728498	-1	413	1.701E-113	3	33525	34439	1092	216	0.992	1.764E-61	8	109	219	-34439	-34134	306	34484	34134
233728498	-1	413	1.701E-113	3	33525	34439	1101	102	0.828	1.476E-22	107	164	219	-33920	-33747	174	33953	33735
233728498	-1	413	1.701E-113	3	33525	34439	1105	98	0.840	2.212E-21	163	217	219	-33689	-33525	165	33731	33522
233728597	1	370	1.496E-100	3	36648	37940	839	44	0.690	1.233E-02	60	89	340	36648	36737	90	36534	36737
233728597	1	370	1.496E-100	3	36648	37940	853	202	0.571	2.359E-53	89	249	340	37064	37609	546	36752	37621
233728597	1	370	1.496E-100	3	36648	37940	858	125	0.703	2.367E-30	252	338	340	37680	37940	261	37662	37946
233765379	-1	257	1.554E-66	2	33531	34439	1092	214	0.983	1.174E-60	8	109	220	-34439	-34134	306	34484	34134
233765379	-1	257	1.554E-66	2	33531	34439	1105	95	0.843	2.800E-20	163	215	220	-33689	-33531	159	33731	33522
233800206	1	250	1.989E-64	2	37064	37928	853	159	0.472	9.931E-39	28	192	280	37064	37609	546	36752	37621
233800206	1	250	1.989E-64	2	37064	37928	858	92	0.560	1.160E-18	195	277	280	37680	37928	249	37662	37946
233802277	-1	325	5.265E-87	2	33747	34439	1092	219	1.000	1.931E-62	8	109	175	-34439	-34134	306	34484	34134
233802277	-1	325	5.265E-87	2	33747	34439	1101	108	0.872	1.269E-24	107	164	175	-33920	-33747	174	33953	33735
233814598	-1	415	4.253E-114	3	33528	34439	1092	219	1.000	1.408E-62	8	109	218	-34439	-34134	306	34484	34134
233814598	-1	415	4.253E-114	3	33528	34439	1101	104	0.846	2.201E-23	107	164	218	-33920	-33747	174	33953	33735
233814598	-1	415	4.253E-114	3	33528	34439	1105	95	0.829	2.800E-20	163	216	218	-33689	-33528	162	33731	33522
233826553	-1	413	1.701E-113	3	33525	34439	1092	219	1.000	1.931E-62	8	109	219	-34439	-34134	306	34484	34134
233826553	-1	413	1.701E-113	3	33525	34439	1101	102	0.834	7.827E-23	107	164	219	-33920	-33747	174	33953	33735
233826553	-1	413	1.701E-113	3	33525	34439	1105	95	0.819	2.038E-20	163	217	219	-33689	-33525	165	33731	33522
233840808	1	373	1.870E-101	3	36648	37940	839	42	0.662	6.091E-02	29	58	309	36648	36737	90	36534	36737
233840808	1	373	1.870E-101	3	36648	37940	853	202	0.571	2.359E-53	58	218	309	37064	37609	546	36752	37621
233840808	1	373	1.870E-101	3	36648	37940	858	130	0.728	3.865E-32	221	307	309	37680	37940	261	37662	37946
233860021	-1	192	5.733E-47	2	33522	33920	1101	106	0.860	4.509E-24	90	147	202	-33920	-33747	174	33953	33735
233860021	-1	192	5.733E-47	2	33522	33920	1105	87	0.746	1.165E-17	146	201	202	-33689	-33522	168	33731	33522
233867499	-1	417	1.063E-114	3	33531	34439	1092	221	1.000	2.901E-63	8	109	219	-34439	-34134	306	34484	34134
233867499	-1	417	1.063E-114	3	33531	34439	1101	106	0.857	6.192E-24	107	164	219	-33920	-33747	174	33953	33735
233867499	-1	417	1.063E-114	3	33531	34439	1105	93	0.824	1.879E-19	163	215	219	-33689	-33531	159	33731	33522
233870197	1	333	2.056E-89	3	36639	37931	839	42	0.610	6.091E-02	18	50	298	36639	36737	99	36534	36737
233870197	1	333	2.056E-89	3	36639	37931	853	180	0.520	9.264E-46	50	210	298	37064	37609	546	36752	37621
233870197	1	333	2.056E-89	3	36639	37931	858	112	0.656	1.120E-25	213	296	298	37680	37931	252	37662	37946
233870738	1	369	2.993E-100	3	36660	37940	839	38	0.683	1.490E+00	34	59	310	36660	36737	78	36534	36737
233870738	1	369	2.993E-100	3	36660	37940	853	201	0.568	6.027E-53	59	219	310	37064	37609	546	36752	37621
233870738	1	369	2.993E-100	3	36660	37940	858	131	0.732	2.052E-32	222	308	310	37680	37940	261	37662	37946
233878324	-1	234	1.303E-59	3	23813	24398	1325	150	0.755	3.502E-38	49	143	203	-24398	-24111	288	24446	24060
233878324	-1	234	1.303E-59	3	23813	24398	1326	34	0.726	2.445E+01	145	165	203	-24045	-23983	63	24120	23983
233878324	-1	234	1.303E-59	3	23813	24398	1331	48	0.688	9.893E-05	166	198	203	-23911	-23813	99	23917	23810
233920826	1	270	1.897E-70	2	37064	37931	853	169	0.495	4.170E-42	50	210	299	37064	37609	546	36752	37621
233920826	1	270	1.897E-70	2	37064	37931	858	102	0.606	3.074E-22	213	296	299	37680	37931	252	37662	37946
233945352	1	664	4.701E-189	5	14341	17090	352	138	0.476	9.545E-33	137	292	915	14341	14799	459	14203	14835
233945352	1	664	4.701E-189	5	14341	17090	361	183	0.587	1.578E-48	291	449	915	14859	15329	471	14775	15344
233945352	1	664	4.701E-189	5	14341	17090	367	63	0.464	8.767E-09	449	519	915	15389	15601	213	15344	15601
233945352	1	664	4.701E-189	5	14341	17090	390	222	0.488	7.040E-61	585	828	915	16039	16773	735	16003	16791
233945352	1	664	4.701E-189	5	14341	17090	398	122	0.681	2.348E-29	827	914	915	16827	17090	264	16821	17090
239165194	1	150	2.521E-34	1	37064	37573	853	150	0.474	1.707E-35	56	211	321	37064	37573	510	36752	37621
239337677	1	143	3.227E-32	1	37064	37573	853	143	0.459	2.427E-33	51	205	302	37064	37573	510	36752	37621
239914965	1	133	3.305E-29	1	14329	14805	352	133	0.450	7.642E-31	11	171	181	14329	14805	477	14203	14835
239995909	1	229	4.171E-58	2	37064	37928	853	145	0.459	5.161E-34	38	189	288	37064	37579	516	36752	37621
239995909	1	229	4.171E-58	2	37064	37928	858	96	0.580	4.883E-20	203	285	288	37680	37928	249	37662	37946
240180915	1	213	2.733E-53	2	36594	37609	839	36	0.395	1.017E+01	7	51	304	36594	36737	144	36534	36737
240180915	1	213	2.733E-53	2	36594	37609	853	177	0.513	1.122E-44	51	211	304	37064	37609	546	36752	37621
240949873	-1	401	6.968E-110	3	33531	34439	1092	215	0.988	4.551E-61	39	140	250	-34439	-34134	306	34484	34134
240949873	-1	401	6.968E-110	3	33531	34439	1101	101	0.822	2.783E-22	138	195	250	-33920	-33747	174	33953	33735
240949873	-1	401	6.968E-110	3	33531	34439	1105	88	0.789	6.172E-18	194	246	250	-33689	-33531	159	33731	33522
241051725	1	325	5.265E-87	3	36651	37934	839	43	0.693	3.215E-02	11	39	293	36651	36737	87	36534	36737
241051725	1	325	5.265E-87	3	36651	37934	853	177	0.514	6.014E-45	39	199	293	37064	37609	546	36752	37621
241051725	1	325	5.265E-87	3	36651	37934	858	106	0.622	9.432E-24	202	286	293	37680	37934	255	37662	37946
241227022	1	228	8.342E-58	2	37064	37928	853	136	0.436	8.640E-31	39	190	289	37064	37579	516	36752	37621
241227022	1	228	8.342E-58	2	37064	37928	858	104	0.620	8.658E-23	204	286	289	37680	37928	249	37662	37946
241839462	-1	409	2.722E-112	3	33540	34439	1092	217	0.997	6.835E-62	8	109	222	-34439	-34134	306	34484	34134
241839462	-1	409	2.722E-112	3	33540	34439	1101	104	0.843	3.023E-23	107	164	222	-33920	-33747	174	33953	33735
241839462	-1	409	2.722E-112	3	33540	34439	1105	91	0.850	9.189E-19	163	212	222	-33689	-33540	150	33731	33522
241850489	1	657	6.017E-187	5	14329	16773	352	142	0.465	5.694E-34	83	247	870	14329	14805	477	14203	14835
241850489	1	657	6.017E-187	5	14329	16773	361	162	0.534	2.767E-41	244	401	870	14859	15329	471	14775	15344
241850489	1	657	6.017E-187	5	14329	16773	367	65	0.476	1.792E-09	401	471	870	15389	15601	213	15344	15601
241850489	1	657	6.017E-187	5	14329	16773	375	44	0.420	1.548E-02	479	533	870	15801	15965	165	15768	15965
241850489	1	657	6.017E-187	5	14329	16773	390	250	0.528	2.738E-70	535	783	870	16036	16773	738	16003	16791
241932064	1	354	9.806E-96	3	14341	16773	352	109	0.402	7.661E-23	75	228	843	14341	14799	459	14203	14835
241932064	1	354	9.806E-96	3	14341	16773	361	156	0.507	2.261E-39	222	384	843	14844	15329	486	14775	15344
241932064	1	354	9.806E-96	3	14341	16773	390	226	0.493	3.052E-62	517	756	843	16036	16773	738	16003	16791
242120814	1	529	2.048E-148	4	14859	16773	361	164	0.540	5.741E-42	266	423	892	14859	15329	471	14775	15344
242120814	1	529	2.048E-148	4	14859	16773	367	63	0.464	8.767E-09	423	493	892	15389	15601	213	15344	15601
242120814	1	529	2.048E-148	4	14859	16773	375	47	0.445	1.202E-03	501	555	892	15801	15965	165	15768	15965
242120814	1	529	2.048E-148	4	14859	16773	390	267	0.543	1.971E-76	548	805	892	16009	16773	765	16003	16791
242188231	1	506	1.718E-141	4	14859	17090	361	154	0.512	2.043E-38	252	409	878	14859	15329	471	14775	15344
242188231	1	506	1.718E-141	4	14859	17090	375	48	0.448	8.733E-04	487	541	878	15801	15965	165	15768	15965
242188231	1	506	1.718E-141	4	14859	17090	390	260	0.546	7.740E-74	543	791	878	16036	16773	738	16003	16791
242188231	1	506	1.718E-141	4	14859	17090	398	119	0.666	2.957E-28	790	877	878	16827	17090	264	16821	17090
242323269	-1	409	2.722E-112	3	33525	34439	1092	219	1.000	1.931E-62	8	109	219	-34439	-34134	306	34484	34134
242323269	-1	409	2.722E-112	3	33525	34439	1101	104	0.846	2.201E-23	107	164	219	-33920	-33747	174	33953	33735
242323269	-1	409	2.722E-112	3	33525	34439	1105	89	0.770	3.271E-18	163	217	219	-33689	-33525	165	33731	33522
242499047	1	215	6.834E-54	2	36663	37609	839	38	0.693	2.826E+00	16	40	293	36663	36737	75	36534	36737
242499047	1	215	6.834E-54	2	36663	37609	853	177	0.514	6.014E-45	40	200	293	37064	37609	546	36752	37621
242881435	-1	194	1.433E-47	2	33525	33920	1101	104	0.846	2.201E-23	107	164	219	-33920	-33747	174	33953	33735
242881435	-1	194	1.433E-47	2	33525	33920	1105	91	0.788	4.870E-19	163	217	219	-33689	-33525	165	33731	33522
243262700	1	164	1.539E-38	1	16309	16773	390	164	0.546	6.878E-41	0	155	200	16309	16773	465	16003	16791
243458812	1	145	8.068E-33	1	37064	37573	853	145	0.461	9.587E-34	54	209	319	37064	37573	510	36752	37621
243801456	1	264	1.214E-68	2	37064	37925	853	172	0.501	4.716E-43	38	198	287	37064	37609	546	36752	37621
243801456	1	264	1.214E-68	2	37064	37925	858	93	0.574	3.267E-19	201	282	287	37680	37925	246	37662	37946
244149895	-1	55	9.988E-06	1	27052	27345	1260	55	0.332	6.344E-05	36	121	172	-27345	-27052	294	27444	26965
244157564	-1	408	5.443E-112	3	33528	34439	1092	219	1.000	1.931E-62	8	109	219	-34439	-34134	306	34484	34134
244157564	-1	408	5.443E-112	3	33528	34439	1101	104	0.846	2.201E-23	107	164	219	-33920	-33747	174	33953	33735
244157564	-1	408	5.443E-112	3	33528	34439	1105	88	0.773	8.478E-18	163	216	219	-33689	-33528	162	33731	33522
244361294	1	305	5.520E-81	3	36639	37931	839	40	0.579	4.147E-01	18	50	301	36639	36737	99	36534	36737
244361294	1	305	5.520E-81	3	36639	37931	853	158	0.470	2.522E-38	52	212	301	37064	37609	546	36752	37621
244361294	1	305	5.520E-81	3	36639	37931	858	107	0.632	5.007E-24	215	298	301	37680	37931	252	37662	37946
245259992	-1	400	1.394E-109	3	33540	34439	1092	214	0.983	1.174E-60	8	109	219	-34439	-34134	306	34484	34134
245259992	-1	400	1.394E-109	3	33540	34439	1101	109	0.883	3.569E-25	107	164	219	-33920	-33747	174	33953	33735
245259992	-1	400	1.394E-109	3	33540	34439	1105	80	0.759	4.862E-15	163	212	219	-33689	-33540	150	33731	33522
245905662	1	802	1.349E-230	6	14281	17090	352	139	0.443	3.730E-33	98	270	896	14281	14796	516	14203	14835
245905662	1	802	1.349E-230	6	14281	17090	361	167	0.573	6.346E-43	278	426	896	14883	15329	447	14775	15344
245905662	1	802	1.349E-230	6	14281	17090	367	69	0.499	7.494E-11	426	496	896	15389	15601	213	15344	15601
245905662	1	802	1.349E-230	6	14281	17090	375	48	0.433	6.346E-04	501	558	896	15792	15965	174	15768	15965
245905662	1	802	1.349E-230	6	14281	17090	390	271	0.540	1.164E-77	547	809	896	16003	16773	771	16003	16791
245905662	1	802	1.349E-230	6	14281	17090	398	126	0.700	9.896E-31	808	895	896	16827	17090	264	16821	17090
246524433	-1	431	6.489E-119	3	33525	34439	1092	220	1.000	5.457E-63	8	109	218	-34439	-34134	306	34484	34134
246524433	-1	431	6.489E-119	3	33525	34439	1101	108	0.875	9.238E-25	107	164	218	-33920	-33747	174	33953	33735
246524433	-1	431	6.489E-119	3	33525	34439	1105	106	0.902	3.887E-24	163	217	218	-33689	-33525	165	33731	33522
247435957	-1	169	4.809E-40	2	23813	24398	1325	136	0.694	2.217E-33	79	173	251	-24398	-24111	288	24446	24060
247435957	-1	169	4.809E-40	2	23813	24398	1331	54	0.760	1.129E-06	196	228	251	-23911	-23813	99	23917	23810
247554478	-1	185	7.338E-45	2	23983	24395	1325	151	0.767	1.357E-38	70	163	219	-24395	-24111	285	24446	24060
247554478	-1	185	7.338E-45	2	23983	24395	1326	33	0.710	4.659E+01	165	185	219	-24045	-23983	63	24120	23983
247660140	-1	172	6.011E-41	2	20000	20588	1422	141	0.715	5.236E-35	67	161	221	-20588	-20301	288	20636	20247
247660140	-1	172	6.011E-41	2	20000	20588	1426	52	0.740	4.050E-06	184	216	221	-20098	-20000	99	20104	19997
247683266	-1	182	5.870E-44	2	20000	24398	1325	147	0.743	3.196E-37	73	167	245	-24398	-24111	288	24446	24060
247683266	-1	182	5.870E-44	2	20000	24398	1426	56	0.786	2.289E-07	190	222	245	-20098	-20000	99	20104	19997
247684532	-1	170	2.404E-40	2	23813	24398	1325	143	0.727	5.486E-36	74	168	227	-24398	-24111	288	24446	24060
247684532	-1	170	2.404E-40	2	23813	24398	1331	48	0.683	1.362E-04	191	223	227	-23911	-23813	99	23917	23810
247991333	1	612	2.117E-173	5	14341	17090	352	109	0.402	1.046E-22	75	227	850	14341	14799	459	14203	14835
247991333	1	612	2.117E-173	5	14341	17090	361	168	0.551	1.803E-43	226	383	850	14859	15329	471	14775	15344
247991333	1	612	2.117E-173	5	14341	17090	367	61	0.452	4.289E-08	383	453	850	15389	15601	213	15344	15601
247991333	1	612	2.117E-173	5	14341	17090	390	220	0.484	4.627E-60	520	763	850	16039	16773	735	16003	16791
247991333	1	612	2.117E-173	5	14341	17090	398	119	0.666	2.957E-28	762	849	850	16827	17090	264	16821	17090
248080997	-1	258	7.769E-67	2	33531	34439	1092	214	0.983	1.174E-60	8	109	220	-34439	-34134	306	34484	34134
248080997	-1	258	7.769E-67	2	33531	34439	1105	96	0.849	1.484E-20	163	215	220	-33689	-33531	159	33731	33522
248086174	1	410	1.361E-112	4	14308	15956	352	133	0.434	7.642E-31	76	244	870	14308	14805	498	14203	14835
248086174	1	410	1.361E-112	4	14308	15956	361	176	0.555	4.561E-46	235	398	870	14841	15329	489	14775	15344
248086174	1	410	1.361E-112	4	14308	15956	367	62	0.474	1.654E-08	399	466	870	15392	15595	204	15344	15601
248086174	1	410	1.361E-112	4	14308	15956	375	52	0.485	1.896E-05	474	528	870	15792	15956	165	15768	15965
248100706	-1	219	4.271E-55	1	34137	34442	1092	219	1.000	1.931E-62	0	101	102	-34442	-34137	306	34484	34134
248119540	-1	217	1.708E-54	1	34137	34445	1092	217	0.989	6.835E-62	0	102	103	-34445	-34137	309	34484	34134
248137444	1	363	1.915E-98	3	36648	37928	839	44	0.679	2.336E-02	3	32	282	36648	36737	90	36534	36737
248137444	1	363	1.915E-98	3	36648	37928	853	201	0.570	3.225E-53	32	192	282	37064	37609	546	36752	37621
248137444	1	363	1.915E-98	3	36648	37928	858	119	0.697	5.147E-28	195	277	282	37680	37928	249	37662	37946
248162293	-1	218	8.542E-55	1	34137	34445	1092	218	0.994	2.649E-62	0	102	103	-34445	-34137	309	34484	34134
248166695	1	267	1.517E-69	2	37064	37931	853	171	0.501	6.439E-43	38	197	287	37064	37609	546	36752	37621
248166695	1	267	1.517E-69	2	37064	37931	858	97	0.580	1.888E-20	200	283	287	37680	37931	252	37662	37946
248189565	-1	402	3.484E-110	3	33531	34439	1092	218	1.000	2.649E-62	38	139	247	-34439	-34134	306	34484	34134
248189565	-1	402	3.484E-110	3	33531	34439	1101	101	0.825	2.027E-22	137	194	247	-33920	-33747	174	33953	33735
248189565	-1	402	3.484E-110	3	33531	34439	1105	86	0.770	4.147E-17	193	245	247	-33689	-33531	159	33731	33522
248190385	1	364	9.576E-99	2	16036	17090	390	241	0.518	2.748E-67	46	286	373	16036	16773	738	16003	16791
248190385	1	364	9.576E-99	2	16036	17090	398	124	0.692	3.512E-30	285	372	373	16827	17090	264	16821	17090
248210056	-1	426	2.076E-117	3	33528	34439	1092	218	1.000	3.633E-62	8	109	218	-34439	-34134	306	34484	34134
248210056	-1	426	2.076E-117	3	33528	34439	1101	105	0.852	1.167E-23	107	164	218	-33920	-33747	174	33953	33735
248210056	-1	426	2.076E-117	3	33528	34439	1105	106	0.913	5.337E-24	163	216	218	-33689	-33528	162	33731	33522
248219422	-1	319	3.369E-85	2	33747	34439	1092	213	0.981	1.611E-60	8	109	220	-34439	-34134	306	34484	34134
248219422	-1	319	3.369E-85	2	33747	34439	1101	108	0.872	1.269E-24	107	164	220	-33920	-33747	174	33953	33735
248254301	1	261	9.711E-68	2	37064	37931	853	174	0.537	7.276E-44	39	186	290	37064	37570	507	36752	37621
248254301	1	261	9.711E-68	2	37064	37931	858	102	0.604	4.219E-22	203	286	290	37680	37931	252	37662	37946
248254641	-1	417	1.063E-114	3	33525	34439	1092	220	1.000	7.485E-63	23	124	233	-34439	-34134	306	34484	34134
248254641	-1	417	1.063E-114	3	33525	34439	1101	104	0.843	3.023E-23	122	179	233	-33920	-33747	174	33953	33735
248254641	-1	417	1.063E-114	3	33525	34439	1105	96	0.825	1.081E-20	178	232	233	-33689	-33525	165	33731	33522
248292808	-1	415	4.253E-114	3	33525	34439	1092	218	0.999	4.983E-62	8	109	219	-34439	-34134	306	34484	34134
248292808	-1	415	4.253E-114	3	33525	34439	1101	104	0.846	2.201E-23	107	164	219	-33920	-33747	174	33953	33735
248292808	-1	415	4.253E-114	3	33525	34439	1105	96	0.822	1.484E-20	163	217	219	-33689	-33525	165	33731	33522
248303658	-1	215	6.834E-54	1	34137	34445	1092	215	0.981	3.318E-61	0	102	103	-34445	-34137	309	34484	34134
248307249	1	119	5.414E-25	1	16830	17090	398	119	0.674	2.154E-28	27	113	114	16830	17090	261	16821	17090
248350468	-1	220	2.136E-55	1	34134	34445	1092	220	0.993	5.457E-63	0	103	104	-34445	-34134	312	34484	34134
248361376	1	360	1.532E-97	3	36648	37931	839	44	0.685	1.697E-02	32	61	354	36648	36737	90	36534	36737
248361376	1	360	1.532E-97	3	36648	37931	853	182	0.482	1.948E-46	61	263	354	37064	37609	546	36752	37621
248361376	1	360	1.532E-97	3	36648	37931	858	135	0.772	1.189E-33	266	349	354	37680	37931	252	37662	37946
248368661	1	264	1.214E-68	2	37064	37928	853	162	0.478	8.262E-40	38	199	287	37064	37612	549	36752	37621
248368661	1	264	1.214E-68	2	37064	37928	858	101	0.608	5.791E-22	201	283	287	37680	37928	249	37662	37946
248384673	-1	200	2.239E-49	2	33525	33920	1101	104	0.843	3.023E-23	103	160	214	-33920	-33747	174	33953	33735
248384673	-1	200	2.239E-49	2	33525	33920	1105	97	0.834	4.171E-21	159	213	214	-33689	-33525	165	33731	33522
248420797	-1	427	1.038E-117	3	33528	34439	1092	222	1.000	2.115E-63	8	109	219	-34439	-34134	306	34484	34134
248420797	-1	427	1.038E-117	3	33528	34439	1101	104	0.846	2.201E-23	107	164	219	-33920	-33747	174	33953	33735
248420797	-1	427	1.038E-117	3	33528	34439	1105	104	0.901	1.898E-23	163	216	219	-33689	-33528	162	33731	33522
248432675	1	211	1.093E-52	2	36663	37609	839	42	0.762	1.154E-01	17	41	270	36663	36737	75	36534	36737
248432675	1	211	1.093E-52	2	36663	37609	853	169	0.496	3.055E-42	41	201	270	37064	37609	546	36752	37621
248444022	1	408	5.443E-112	3	14844	16773	361	174	0.553	1.606E-45	266	428	835	14844	15329	486	14775	15344
248444022	1	408	5.443E-112	3	14844	16773	375	44	0.401	2.131E-02	502	559	835	15792	15965	174	15768	15965
248444022	1	408	5.443E-112	3	14844	16773	390	261	0.548	2.201E-74	561	809	835	16036	16773	738	16003	16791
248486441	1	300	1.766E-79	3	36657	37931	839	33	0.579	9.565E+01	12	38	292	36657	36737	81	36534	36737
248486441	1	300	1.766E-79	3	36657	37931	853	163	0.479	4.436E-40	38	204	292	37064	37612	549	36752	37621
248486441	1	300	1.766E-79	3	36657	37931	858	103	0.612	1.188E-22	206	289	292	37680	37931	252	37662	37946
248489515	-1	320	1.685E-85	2	33747	34439	1092	218	1.000	3.633E-62	8	109	219	-34439	-34134	306	34484	34134
248489515	-1	320	1.685E-85	2	33747	34439	1101	104	0.849	1.603E-23	107	164	219	-33920	-33747	174	33953	33735
248507303	-1	243	2.546E-62	2	33522	34439	1092	214	0.986	6.242E-61	8	109	220	-34439	-34134	306	34484	34134
248507303	-1	243	2.546E-62	2	33522	34439	1105	81	0.695	2.575E-15	163	218	220	-33689	-33522	168	33731	33522
249106468	-1	67	2.438E-09	1	31220	31369	1152	67	0.648	4.288E-09	6	55	93	-31369	-31220	150	31642	31193
253667055	1	141	1.291E-31	1	37064	37573	853	141	0.453	1.554E-32	46	201	312	37064	37573	510	36752	37621
253699921	1	149	5.042E-34	1	37064	37573	853	149	0.471	4.327E-35	56	211	322	37064	37573	510	36752	37621
253940167	1	145	8.068E-33	1	37064	37573	853	145	0.461	9.587E-34	56	211	322	37064	37573	510	36752	37621
254234502	1	266	3.035E-69	2	37064	37928	853	162	0.478	8.262E-40	38	199	287	37064	37612	549	36752	37621
254234502	1	266	3.035E-69	2	37064	37928	858	103	0.616	1.631E-22	201	283	287	37680	37928	249	37662	37946
254436857	1	663	9.402E-189	5	14823	17090	361	162	0.499	3.790E-41	222	393	862	14823	15329	507	14775	15344
254436857	1	663	9.402E-189	5	14823	17090	367	68	0.492	1.942E-10	393	463	862	15389	15601	213	15344	15601
254436857	1	663	9.402E-189	5	14823	17090	375	51	0.472	6.794E-05	471	525	862	15801	15965	165	15768	15965
254436857	1	663	9.402E-189	5	14823	17090	390	265	0.554	1.780E-75	527	775	862	16036	16773	738	16003	16791
254436857	1	663	9.402E-189	5	14823	17090	398	121	0.677	4.423E-29	774	861	862	16827	17090	264	16821	17090
254900121	-1	169	4.809E-40	2	23813	24398	1325	141	0.715	5.007E-35	73	167	225	-24398	-24111	288	24446	24060
254900121	-1	169	4.809E-40	2	23813	24398	1331	49	0.698	5.219E-05	190	222	225	-23911	-23813	99	23917	23810
254927241	1	340	1.607E-91	3	36663	37931	839	46	0.845	2.497E-03	27	51	300	36663	36737	75	36534	36737
254927241	1	340	1.607E-91	3	36663	37931	853	180	0.520	9.264E-46	51	211	300	37064	37609	546	36752	37621
254927241	1	340	1.607E-91	3	36663	37931	858	115	0.672	8.893E-27	214	297	300	37680	37931	252	37662	37946
255115517	1	140	2.582E-31	1	37061	37579	853	140	0.445	2.884E-32	10	168	275	37061	37579	519	36752	37621
256196127	1	536	1.600E-150	4	14296	17090	352	133	0.425	7.642E-31	101	274	887	14296	14805	510	14203	14835
256196127	1	536	1.600E-150	4	14296	17090	361	154	0.501	2.043E-38	266	427	887	14844	15329	486	14775	15344
256196127	1	536	1.600E-150	4	14296	17090	390	265	0.558	1.300E-75	559	800	887	16033	16773	741	16003	16791
256196127	1	536	1.600E-150	4	14296	17090	398	122	0.681	2.348E-29	799	886	887	16827	17090	264	16821	17090
256598776	-1	221	1.068E-55	3	20301	21102	1407	40	0.633	1.555E-01	5	34	228	-21102	-21016	87	21132	20971
256598776	-1	221	1.068E-55	3	20301	21102	1415	34	0.445	1.975E+01	36	71	228	-20774	-20661	114	20777	20652
256598776	-1	221	1.068E-55	3	20301	21102	1422	148	0.748	1.296E-37	75	169	228	-20588	-20301	288	20636	20247
256653243	1	325	5.265E-87	3	36639	37931	839	36	0.522	1.400E+01	13	45	294	36639	36737	99	36534	36737
256653243	1	325	5.265E-87	3	36639	37931	853	179	0.519	1.265E-45	45	205	294	37064	37609	546	36752	37621
256653243	1	325	5.265E-87	3	36639	37931	858	111	0.650	2.896E-25	208	291	294	37680	37931	252	37662	37946
257156642	1	143	3.227E-32	1	37064	37579	853	143	0.454	2.427E-33	51	209	317	37064	37579	516	36752	37621
257637658	-1	418	5.316E-115	3	33525	34439	1092	219	1.000	1.931E-62	8	109	219	-34439	-34134	306	34484	34134
257637658	-1	418	5.316E-115	3	33525	34439	1101	107	0.869	1.742E-24	107	164	219	-33920	-33747	174	33953	33735
257637658	-1	418	5.316E-115	3	33525	34439	1105	95	0.819	2.038E-20	163	217	219	-33689	-33525	165	33731	33522
257781383	-1	169	4.809E-40	2	20000	20588	1422	139	0.706	2.540E-34	76	170	230	-20588	-20301	288	20636	20247
257781383	-1	169	4.809E-40	2	20000	20588	1426	51	0.724	1.056E-05	193	225	230	-20098	-20000	99	20104	19997
258269622	1	130	2.644E-28	4	14392	17090	352	105	0.426	2.351E-21	139	274	896	14392	14799	408	14203	14835
258269622	1	130	2.644E-28	4	14392	17090	361	145	0.476	1.503E-35	268	431	896	14844	15329	486	14775	15344
258269622	1	130	2.644E-28	4	14392	17090	367	66	0.483	6.915E-10	431	501	896	15389	15601	213	15344	15601
258269622	1	130	2.644E-28	4	14392	17090	398	124	0.690	4.820E-30	808	895	896	16827	17090	264	16821	17090
258757139	-1	196	3.583E-48	2	33525	33920	1101	104	0.846	2.201E-23	107	164	219	-33920	-33747	174	33953	33735
258757139	-1	196	3.583E-48	2	33525	33920	1105	93	0.804	9.963E-20	163	217	219	-33689	-33525	165	33731	33522
258935045	-1	420	1.329E-115	3	33525	34439	1092	220	1.000	7.485E-63	8	109	219	-34439	-34134	306	34484	34134
258935045	-1	420	1.329E-115	3	33525	34439	1101	109	0.883	3.569E-25	107	164	219	-33920	-33747	174	33953	33735
258935045	-1	420	1.329E-115	3	33525	34439	1105	94	0.807	7.253E-20	163	217	219	-33689	-33525	165	33731	33522
259578041	1	156	3.939E-36	1	16231	16773	390	156	0.458	6.577E-38	5	189	261	16231	16773	543	16003	16791
261325544	-1	429	2.596E-118	3	33525	34439	1092	220	1.000	5.457E-63	8	109	218	-34439	-34134	306	34484	34134
261325544	-1	429	2.596E-118	3	33525	34439	1101	108	0.872	1.269E-24	107	164	218	-33920	-33747	174	33953	33735
261325544	-1	429	2.596E-118	3	33525	34439	1105	104	0.886	1.898E-23	163	217	218	-33689	-33525	165	33731	33522
261605985	-1	401	6.968E-110	3	33528	34439	1092	216	0.991	2.419E-61	8	109	219	-34439	-34134	306	34484	34134
261605985	-1	401	6.968E-110	3	33528	34439	1101	102	0.834	7.827E-23	107	164	219	-33920	-33747	174	33953	33735
261605985	-1	401	6.968E-110	3	33528	34439	1105	86	0.760	3.019E-17	163	216	219	-33689	-33528	162	33731	33522
262040512	-1	176	3.757E-42	2	23813	24398	1325	142	0.722	1.415E-35	77	171	249	-24398	-24111	288	24446	24060
262040512	-1	176	3.757E-42	2	23813	24398	1331	55	0.776	4.334E-07	194	226	249	-23911	-23813	99	23917	23810
262085520	-1	179	4.696E-43	2	20000	24398	1325	144	0.729	4.000E-36	77	171	249	-24398	-24111	288	24446	24060
262085520	-1	179	4.696E-43	2	20000	24398	1426	56	0.792	1.664E-07	194	226	249	-20098	-20000	99	20104	19997
262098310	-1	174	1.503E-41	2	23813	24398	1325	144	0.731	2.917E-36	76	170	234	-24398	-24111	288	24446	24060
262098310	-1	174	1.503E-41	2	23813	24398	1331	51	0.719	1.453E-05	193	225	234	-23911	-23813	99	23917	23810
262162537	-1	169	4.809E-40	2	23810	24401	1325	139	0.702	1.771E-34	81	176	235	-24401	-24111	291	24446	24060
262162537	-1	169	4.809E-40	2	23810	24401	1331	51	0.706	1.056E-05	199	232	235	-23911	-23810	102	23917	23810
262281244	-1	183	2.935E-44	2	23813	24398	1325	150	0.757	2.553E-38	75	169	233	-24398	-24111	288	24446	24060
262281244	-1	183	2.935E-44	2	23813	24398	1331	54	0.760	1.129E-06	192	224	233	-23911	-23813	99	23917	23810
262321367	-1	236	3.259E-60	3	20000	24401	1325	146	0.731	8.244E-37	70	166	225	-24401	-24111	291	24446	24060
262321367	-1	236	3.259E-60	3	20000	24401	1326	36	0.737	4.884E+00	167	188	225	-24048	-23983	66	24120	23983
262321367	-1	236	3.259E-60	3	20000	24401	1426	52	0.740	4.050E-06	189	221	225	-20098	-20000	99	20104	19997
262480946	-1	172	6.011E-41	2	23810	24398	1325	137	0.668	1.179E-33	58	158	222	-24398	-24099	300	24446	24060
262480946	-1	172	6.011E-41	2	23810	24398	1331	50	0.696	2.001E-05	175	208	222	-23911	-23810	102	23917	23810
262559986	-1	412	3.402E-113	3	33525	34439	1092	219	1.000	1.931E-62	8	109	219	-34439	-34134	306	34484	34134
262559986	-1	412	3.402E-113	3	33525	34439	1101	104	0.846	2.201E-23	107	164	219	-33920	-33747	174	33953	33735
262559986	-1	412	3.402E-113	3	33525	34439	1105	92	0.791	3.546E-19	163	217	219	-33689	-33525	165	33731	33522
262562213	-1	401	6.968E-110	3	33540	34439	1092	218	1.000	3.633E-62	8	109	219	-34439	-34134	306	34484	34134
262562213	-1	401	6.968E-110	3	33540	34439	1101	105	0.854	8.502E-24	107	164	219	-33920	-33747	174	33953	33735
262562213	-1	401	6.968E-110	3	33540	34439	1105	81	0.769	1.875E-15	163	212	219	-33689	-33540	150	33731	33522
262576975	-1	219	4.271E-55	1	34137	34445	1092	219	0.997	1.408E-62	0	102	103	-34445	-34137	309	34484	34134
262593421	-1	412	3.402E-113	3	33525	34439	1092	218	0.999	4.983E-62	8	109	219	-34439	-34134	306	34484	34134
262593421	-1	412	3.402E-113	3	33525	34439	1101	104	0.846	2.201E-23	107	164	219	-33920	-33747	174	33953	33735
262593421	-1	412	3.402E-113	3	33525	34439	1105	93	0.797	1.879E-19	163	217	219	-33689	-33525	165	33731	33522
262598962	-1	296	2.826E-78	2	33525	34439	1092	213	0.981	1.611E-60	8	109	177	-34439	-34134	306	34484	34134
262598962	-1	296	2.826E-78	2	33525	34439	1105	93	0.797	1.879E-19	121	175	177	-33689	-33525	165	33731	33522
262599353	-1	422	3.322E-116	3	33525	34439	1092	218	1.000	3.633E-62	8	109	218	-34439	-34134	306	34484	34134
262599353	-1	422	3.322E-116	3	33525	34439	1101	104	0.849	1.603E-23	107	164	218	-33920	-33747	174	33953	33735
262599353	-1	422	3.322E-116	3	33525	34439	1105	103	0.877	4.915E-23	163	217	218	-33689	-33525	165	33731	33522
262629488	1	238	8.146E-61	2	37067	37928	853	127	0.440	7.637E-28	14	118	212	37067	37543	477	36752	37621
262629488	1	238	8.146E-61	2	37067	37928	858	112	0.644	1.120E-25	117	202	212	37671	37928	258	37662	37946
262635784	1	330	1.645E-88	3	36657	37937	839	38	0.655	2.052E+00	14	40	297	36657	36737	81	36534	36737
262635784	1	330	1.645E-88	3	36657	37937	853	182	0.525	1.426E-46	40	200	297	37064	37609	546	36752	37621
262635784	1	330	1.645E-88	3	36657	37937	858	111	0.635	1.537E-25	203	289	297	37680	37937	258	37662	37946
262638350	1	272	4.742E-71	2	37064	37928	853	165	0.486	9.368E-41	30	194	282	37064	37609	546	36752	37621
262638350	1	272	4.742E-71	2	37064	37928	858	108	0.645	1.936E-24	197	279	282	37680	37928	249	37662	37946
262645945	-1	390	1.427E-106	3	33531	34439	1092	214	0.983	1.174E-60	8	109	220	-34439	-34134	306	34484	34134
262645945	-1	390	1.427E-106	3	33531	34439	1101	102	0.828	1.476E-22	107	164	220	-33920	-33747	174	33953	33735
262645945	-1	390	1.427E-106	3	33531	34439	1105	77	0.700	4.494E-14	163	215	220	-33689	-33531	159	33731	33522
262674621	-1	407	1.089E-111	3	33525	34439	1092	216	0.992	1.764E-61	8	109	219	-34439	-34134	306	34484	34134
262674621	-1	407	1.089E-111	3	33525	34439	1101	106	0.857	6.192E-24	107	164	219	-33920	-33747	174	33953	33735
262674621	-1	407	1.089E-111	3	33525	34439	1105	88	0.761	8.478E-18	163	217	219	-33689	-33525	165	33731	33522
262675386	-1	218	8.542E-55	1	34137	34445	1092	218	0.994	2.649E-62	0	102	103	-34445	-34137	309	34484	34134
262692841	1	229	4.171E-58	2	37382	37931	853	117	0.741	3.055E-24	1	76	166	37382	37609	228	36752	37621
262692841	1	229	4.171E-58	2	37382	37931	858	113	0.660	5.945E-26	79	162	166	37680	37931	252	37662	37946
262697472	-1	190	2.293E-46	2	33546	33911	1101	104	0.886	2.201E-23	12	66	128	-33911	-33747	165	33953	33735
262697472	-1	190	2.293E-46	2	33546	33911	1105	87	0.846	2.198E-17	65	112	128	-33689	-33546	144	33731	33522
262699022	-1	319	3.369E-85	2	33747	34439	1092	216	0.992	1.764E-61	8	109	219	-34439	-34134	306	34484	34134
262699022	-1	319	3.369E-85	2	33747	34439	1101	105	0.852	1.167E-23	107	164	219	-33920	-33747	174	33953	33735
262731477	1	662	1.880E-188	5	14299	17090	352	142	0.457	5.694E-34	87	253	876	14299	14805	507	14203	14835
262731477	1	662	1.880E-188	5	14299	17090	361	162	0.533	3.790E-41	250	407	876	14859	15329	471	14775	15344
262731477	1	662	1.880E-188	5	14299	17090	367	64	0.473	2.462E-09	407	477	876	15389	15601	213	15344	15601
262731477	1	662	1.880E-188	5	14299	17090	390	232	0.488	3.766E-64	534	789	876	16009	16773	765	16003	16791
262731477	1	662	1.880E-188	5	14299	17090	398	119	0.668	2.154E-28	788	875	876	16827	17090	264	16821	17090
262740721	-1	421	6.645E-116	3	33525	34439	1092	220	1.000	7.485E-63	8	109	219	-34439	-34134	306	34484	34134
262740721	-1	421	6.645E-116	3	33525	34439	1101	107	0.869	1.742E-24	107	164	219	-33920	-33747	174	33953	33735
262740721	-1	421	6.645E-116	3	33525	34439	1105	97	0.831	5.729E-21	163	217	219	-33689	-33525	165	33731	33522
262751541	1	639	1.577E-181	5	14859	17090	361	158	0.525	4.693E-40	227	384	853	14859	15329	471	14775	15344
262751541	1	639	1.577E-181	5	14859	17090	367	66	0.480	9.499E-10	384	454	853	15389	15601	213	15344	15601
262751541	1	639	1.577E-181	5	14859	17090	375	43	0.414	2.934E-02	462	516	853	15801	15965	165	15768	15965
262751541	1	639	1.577E-181	5	14859	17090	390	258	0.542	5.102E-73	518	766	853	16036	16773	738	16003	16791
262751541	1	639	1.577E-181	5	14859	17090	398	118	0.662	5.571E-28	765	852	853	16827	17090	264	16821	17090
262753726	-1	318	6.739E-85	2	33747	34439	1092	218	1.000	3.633E-62	8	109	218	-34439	-34134	306	34484	34134
262753726	-1	318	6.739E-85	2	33747	34439	1101	102	0.834	7.827E-23	107	164	218	-33920	-33747	174	33953	33735
262754220	-1	217	1.708E-54	1	34134	34439	1092	217	0.996	9.375E-62	8	109	111	-34439	-34134	306	34484	34134
262828606	-1	408	5.443E-112	3	33531	34439	1092	217	0.996	9.375E-62	8	109	219	-34439	-34134	306	34484	34134
262828606	-1	408	5.443E-112	3	33531	34439	1101	101	0.822	2.783E-22	107	164	219	-33920	-33747	174	33953	33735
262828606	-1	408	5.443E-112	3	33531	34439	1105	93	0.827	1.368E-19	163	215	219	-33689	-33531	159	33731	33522
262834044	-1	302	4.416E-80	2	33738	34439	1092	207	0.956	1.843E-58	8	109	216	-34439	-34134	306	34484	34134
262834044	-1	302	4.416E-80	2	33738	34439	1101	97	0.759	6.640E-21	107	167	216	-33920	-33738	183	33953	33735
262878963	-1	192	5.733E-47	2	33531	33920	1101	98	0.805	1.867E-21	36	93	149	-33920	-33747	174	33953	33735
262878963	-1	192	5.733E-47	2	33531	33920	1105	95	0.843	2.800E-20	92	144	149	-33689	-33531	159	33731	33522
262883221	-1	207	1.749E-51	1	34134	34439	1092	207	0.956	1.843E-58	8	109	187	-34439	-34134	306	34484	34134
262897142	1	397	1.115E-108	3	14859	16773	361	152	0.513	7.184E-38	140	295	746	14859	15323	465	14775	15344
262897142	1	397	1.115E-108	3	14859	16773	367	62	0.480	1.654E-08	298	364	746	15392	15592	201	15344	15601
262897142	1	397	1.115E-108	3	14859	16773	390	248	0.525	1.317E-69	430	678	746	16036	16773	738	16003	16791
262897485	1	402	3.484E-110	3	14859	16773	361	153	0.516	2.797E-38	140	295	746	14859	15323	465	14775	15344
262897485	1	402	3.484E-110	3	14859	16773	367	63	0.487	6.382E-09	298	364	746	15392	15592	201	15344	15601
262897485	1	402	3.484E-110	3	14859	16773	390	251	0.531	7.790E-71	430	678	746	16036	16773	738	16003	16791
262903012	1	257	1.554E-66	5	14305	17090	352	131	0.428	2.671E-30	80	249	889	14305	14805	501	14203	14835
262903012	1	257	1.554E-66	5	14305	17090	361	167	0.531	6.346E-43	240	403	889	14841	15329	489	14775	15344
262903012	1	257	1.554E-66	5	14305	17090	367	68	0.509	1.942E-10	404	471	889	15392	15595	204	15344	15601
262903012	1	257	1.554E-66	5	14305	17090	375	47	0.458	1.202E-03	479	531	889	15792	15950	159	15768	15965
262903012	1	257	1.554E-66	5	14305	17090	398	124	0.688	6.615E-30	801	888	889	16827	17090	264	16821	17090
262903207	-1	390	1.427E-106	3	33546	34451	1092	214	0.949	1.174E-60	4	109	220	-34451	-34134	318	34484	34134
262903207	-1	390	1.427E-106	3	33546	34451	1101	103	0.840	4.151E-23	107	164	220	-33920	-33747	174	33953	33735
262903207	-1	390	1.427E-106	3	33546	34451	1105	76	0.748	1.602E-13	163	210	220	-33689	-33546	144	33731	33522
262932780	-1	404	8.709E-111	3	33531	34439	1092	213	0.981	1.611E-60	8	109	219	-34439	-34134	306	34484	34134
262932780	-1	404	8.709E-111	3	33531	34439	1101	104	0.843	3.023E-23	107	164	219	-33920	-33747	174	33953	33735
262932780	-1	404	8.709E-111	3	33531	34439	1105	90	0.801	1.734E-18	163	215	219	-33689	-33531	159	33731	33522
262979296	1	319	3.369E-85	3	36657	37928	839	35	0.652	1.929E+01	21	45	294	36657	36731	75	36534	36737
262979296	1	319	3.369E-85	3	36657	37928	853	178	0.517	4.404E-45	48	207	294	37067	37609	543	36752	37621
262979296	1	319	3.369E-85	3	36657	37928	858	108	0.643	2.657E-24	210	292	294	37680	37928	249	37662	37946
262998573	-1	387	1.142E-105	3	33525	34439	1092	203	0.940	4.344E-57	8	109	218	-34439	-34134	306	34484	34134
262998573	-1	387	1.142E-105	3	33525	34439	1101	95	0.663	3.244E-20	95	164	218	-33950	-33747	204	33953	33735
262998573	-1	387	1.142E-105	3	33525	34439	1105	104	0.886	1.898E-23	163	217	218	-33689	-33525	165	33731	33522
262999052	-1	404	8.709E-111	3	33525	34439	1092	218	1.000	2.649E-62	8	109	220	-34439	-34134	306	34484	34134
262999052	-1	404	8.709E-111	3	33525	34439	1101	109	0.883	3.569E-25	107	164	220	-33920	-33747	174	33953	33735
262999052	-1	404	8.709E-111	3	33525	34439	1105	80	0.699	4.862E-15	163	217	220	-33689	-33525	165	33731	33522
263008734	1	649	1.540E-184	5	14296	17090	352	138	0.449	1.306E-32	100	267	892	14296	14796	501	14203	14835
263008734	1	649	1.540E-184	5	14296	17090	361	147	0.518	4.275E-36	275	423	892	14883	15329	447	14775	15344
263008734	1	649	1.540E-184	5	14296	17090	375	45	0.410	8.171E-03	498	555	892	15792	15965	174	15768	15965
263008734	1	649	1.540E-184	5	14296	17090	390	278	0.560	4.050E-80	548	805	892	16009	16773	765	16003	16791
263008734	1	649	1.540E-184	5	14296	17090	398	126	0.702	7.211E-31	804	891	892	16827	17090	264	16821	17090
263016121	1	332	4.113E-89	3	36654	37931	839	38	0.610	2.826E+00	24	52	302	36654	36737	84	36534	36737
263016121	1	332	4.113E-89	3	36654	37931	853	184	0.529	4.095E-47	52	212	302	37064	37609	546	36752	37621
263016121	1	332	4.113E-89	3	36654	37931	858	111	0.652	2.110E-25	215	298	302	37680	37931	252	37662	37946
263030288	1	470	1.180E-130	4	14841	17090	361	161	0.516	7.110E-41	268	431	896	14841	15329	489	14775	15344
263030288	1	470	1.180E-130	4	14841	17090	375	44	0.399	1.548E-02	506	564	896	15792	15962	171	15768	15965
263030288	1	470	1.180E-130	4	14841	17090	390	219	0.480	8.666E-60	566	809	896	16033	16773	741	16003	16791
263030288	1	470	1.180E-130	4	14841	17090	398	118	0.662	5.571E-28	808	895	896	16827	17090	264	16821	17090
268251257	1	147	2.017E-33	1	37064	37573	853	147	0.468	1.096E-34	56	211	322	37064	37573	510	36752	37621
269159306	1	266	3.035E-69	2	37064	37931	853	167	0.488	1.977E-41	38	199	287	37064	37612	549	36752	37621
269159306	1	266	3.035E-69	2	37064	37931	858	98	0.584	1.002E-20	201	284	287	37680	37931	252	37662	37946
269511580	1	403	1.742E-110	3	14859	16773	361	145	0.484	2.057E-35	272	431	896	14859	15329	471	14775	15344
269511580	1	403	1.742E-110	3	14859	16773	367	62	0.459	1.654E-08	431	501	896	15389	15601	213	15344	15601
269511580	1	403	1.742E-110	3	14859	16773	390	258	0.545	5.102E-73	565	809	896	16033	16773	741	16003	16791
270323623	1	782	1.415E-224	6	14329	17090	352	137	0.452	3.340E-32	71	235	858	14329	14805	477	14203	14835
270323623	1	782	1.415E-224	6	14329	17090	361	155	0.531	7.954E-39	238	389	858	14877	15329	453	14775	15344
270323623	1	782	1.415E-224	6	14329	17090	367	63	0.464	8.767E-09	389	459	858	15389	15601	213	15344	15601
270323623	1	782	1.415E-224	6	14329	17090	375	46	0.433	4.313E-03	467	521	858	15801	15965	165	15768	15965
270323623	1	782	1.415E-224	6	14329	17090	390	264	0.553	2.438E-75	523	771	858	16036	16773	738	16003	16791
270323623	1	782	1.415E-224	6	14329	17090	398	121	0.677	4.423E-29	770	857	858	16827	17090	264	16821	17090
270561981	1	126	4.230E-27	1	14886	15329	361	126	0.458	7.203E-29	7	155	158	14886	15329	444	14775	15344
271269003	1	677	5.739E-193	5	14844	17090	361	172	0.547	1.061E-44	269	431	900	14844	15329	486	14775	15344
271269003	1	677	5.739E-193	5	14844	17090	367	68	0.492	1.942E-10	431	501	900	15389	15601	213	15344	15601
271269003	1	677	5.739E-193	5	14844	17090	375	48	0.451	6.346E-04	509	563	900	15801	15965	165	15768	15965
271269003	1	677	5.739E-193	5	14844	17090	390	267	0.558	1.971E-76	565	813	900	16036	16773	738	16003	16791
271269003	1	677	5.739E-193	5	14844	17090	398	126	0.698	1.358E-30	812	899	900	16827	17090	264	16821	17090
271384575	1	258	7.769E-67	2	37064	37928	853	155	0.462	3.025E-37	31	195	283	37064	37609	546	36752	37621
271384575	1	258	7.769E-67	2	37064	37928	858	104	0.623	6.308E-23	198	280	283	37680	37928	249	37662	37946
271456323	1	265	6.070E-69	2	37064	37928	853	168	0.493	7.772E-42	38	198	287	37064	37609	546	36752	37621
271456323	1	265	6.070E-69	2	37064	37928	858	98	0.592	7.299E-21	201	283	287	37680	37928	249	37662	37946
271645586	1	569	1.862E-160	4	14332	17090	352	144	0.481	1.188E-34	46	205	825	14332	14805	474	14203	14835
271645586	1	569	1.862E-160	4	14332	17090	361	166	0.533	8.693E-43	197	359	825	14844	15329	486	14775	15344
271645586	1	569	1.862E-160	4	14332	17090	390	274	0.575	9.403E-79	493	738	825	16039	16773	735	16003	16791
271645586	1	569	1.862E-160	4	14332	17090	398	125	0.696	1.864E-30	737	824	825	16827	17090	264	16821	17090
271671983	1	350	1.569E-94	3	36663	37931	839	39	0.721	7.861E-01	13	37	286	36663	36737	75	36534	36737
271671983	1	350	1.569E-94	3	36663	37931	853	199	0.564	2.876E-52	37	197	286	37064	37609	546	36752	37621
271671983	1	350	1.569E-94	3	36663	37931	858	113	0.664	3.156E-26	200	283	286	37680	37931	252	37662	37946
271734450	-1	427	1.038E-117	3	33525	34439	1092	219	1.000	1.408E-62	8	109	218	-34439	-34134	306	34484	34134
271734450	-1	427	1.038E-117	3	33525	34439	1101	104	0.849	1.603E-23	107	164	218	-33920	-33747	174	33953	33735
271734450	-1	427	1.038E-117	3	33525	34439	1105	107	0.911	1.501E-24	163	217	218	-33689	-33525	165	33731	33522
271942568	1	115	8.663E-24	1	37064	37573	853	115	0.389	7.659E-24	53	180	290	37064	37573	510	36752	37621
272315848	-1	483	1.441E-134	5	19997	24777	1317	57	0.853	3.275E-06	0	30	223	-24777	-24685	93	24840	24469
272315848	-1	483	1.441E-134	5	19997	24777	1318	82	0.950	1.726E-16	31	70	223	-24587	-24468	120	24587	24462
272315848	-1	483	1.441E-134	5	19997	24777	1422	223	0.979	1.116E-63	60	166	223	-20615	-20301	315	20636	20247
272315848	-1	483	1.441E-134	5	19997	24777	1423	47	0.965	4.686E-04	167	188	223	-20235	-20170	66	20310	20170
272315848	-1	483	1.441E-134	5	19997	24777	1426	79	1.000	1.588E-15	189	222	223	-20098	-19997	102	20104	19997
272471374	1	126	4.230E-27	1	16827	17090	398	126	0.698	1.358E-30	77	164	165	16827	17090	264	16821	17090
272591282	1	215	6.834E-54	2	36648	37609	839	37	0.604	3.892E+00	9	37	289	36648	36734	87	36534	36737
272591282	1	215	6.834E-54	2	36648	37609	853	181	0.523	3.635E-46	42	202	289	37064	37609	546	36752	37621
273532160	-1	401	6.968E-110	3	33546	34439	1092	213	0.981	1.611E-60	8	109	219	-34439	-34134	306	34484	34134
273532160	-1	401	6.968E-110	3	33546	34439	1101	104	0.843	3.023E-23	107	164	219	-33920	-33747	174	33953	33735
273532160	-1	401	6.968E-110	3	33546	34439	1105	87	0.850	1.600E-17	163	210	219	-33689	-33546	144	33731	33522
273805105	1	148	1.008E-33	1	37064	37573	853	148	0.469	8.043E-35	40	195	262	37064	37573	510	36752	37621
273977797	1	326	2.632E-87	3	36639	37931	839	43	0.616	4.425E-02	21	53	302	36639	36737	99	36534	36737
273977797	1	326	2.632E-87	3	36639	37931	853	177	0.514	6.014E-45	53	213	302	37064	37609	546	36752	37621
273977797	1	326	2.632E-87	3	36639	37931	858	107	0.632	5.007E-24	216	299	302	37680	37931	252	37662	37946
274138899	1	396	2.230E-108	3	36618	37934	839	48	0.585	5.062E-04	10	49	299	36618	36737	120	36534	36737
274138899	1	396	2.230E-108	3	36618	37934	853	206	0.580	1.035E-54	49	209	299	37064	37609	546	36752	37621
274138899	1	396	2.230E-108	3	36618	37934	858	143	0.804	2.120E-36	212	296	299	37680	37934	255	37662	37946
274446537	1	145	8.068E-33	1	37064	37573	853	145	0.462	7.034E-34	56	211	322	37064	37573	510	36752	37621
274474705	1	263	2.428E-68	2	37064	37928	853	156	0.466	8.736E-38	38	198	288	37064	37609	546	36752	37621
274474705	1	263	2.428E-68	2	37064	37928	858	108	0.643	2.657E-24	201	283	288	37680	37928	249	37662	37946
274699299	1	247	1.591E-63	2	36663	37609	839	40	0.728	5.709E-01	13	37	250	36663	36737	75	36534	36737
274699299	1	247	1.591E-63	2	36663	37609	853	207	0.584	2.961E-55	37	216	250	37064	37609	546	36752	37621
274770571	1	264	1.214E-68	2	37064	37931	853	166	0.485	6.863E-41	30	191	287	37064	37612	549	36752	37621
274770571	1	264	1.214E-68	2	37064	37931	858	97	0.580	1.888E-20	193	276	287	37680	37931	252	37662	37946
275262285	1	661	3.761E-188	5	14362	17090	352	135	0.488	1.598E-31	125	271	895	14362	14799	438	14203	14835
275262285	1	661	3.761E-188	5	14362	17090	361	170	0.556	5.120E-44	270	427	895	14859	15329	471	14775	15344
275262285	1	661	3.761E-188	5	14362	17090	367	66	0.483	6.915E-10	427	497	895	15389	15601	213	15344	15601
275262285	1	661	3.761E-188	5	14362	17090	390	226	0.479	4.177E-62	554	808	895	16009	16773	765	16003	16791
275262285	1	661	3.761E-188	5	14362	17090	398	119	0.668	2.154E-28	807	894	895	16827	17090	264	16821	17090
275277594	1	650	7.702E-185	5	14329	16773	352	136	0.462	8.544E-32	29	186	809	14329	14805	477	14203	14835
275277594	1	650	7.702E-185	5	14329	16773	361	150	0.490	4.737E-37	178	340	809	14844	15329	486	14775	15344
275277594	1	650	7.702E-185	5	14329	16773	367	66	0.483	6.915E-10	340	410	809	15389	15601	213	15344	15601
275277594	1	650	7.702E-185	5	14329	16773	375	47	0.442	1.654E-03	418	472	809	15801	15965	165	15768	15965
275277594	1	650	7.702E-185	5	14329	16773	390	262	0.549	1.608E-74	474	722	809	16036	16773	738	16003	16791
275509958	1	302	4.416E-80	3	36657	37928	839	36	0.630	7.382E+00	12	38	286	36657	36737	81	36534	36737
275509958	1	302	4.416E-80	3	36657	37928	853	178	0.516	3.224E-45	38	197	286	37064	37609	546	36752	37621
275509958	1	302	4.416E-80	3	36657	37928	858	89	0.548	7.764E-18	200	282	286	37680	37928	249	37662	37946
275892364	-1	172	6.011E-41	2	19997	20588	1422	144	0.729	4.184E-36	76	170	229	-20588	-20301	288	20636	20247
275892364	-1	172	6.011E-41	2	19997	20588	1426	49	0.686	3.791E-05	193	226	229	-20098	-19997	102	20104	19997
276551495	-1	155	7.879E-36	2	20286	21120	1407	39	0.537	5.612E-01	5	39	229	-21120	-21016	105	21132	20971
276551495	-1	155	7.879E-36	2	20286	21120	1422	153	0.717	4.015E-39	78	181	229	-20588	-20286	303	20636	20247
276587044	-1	237	1.629E-60	3	20000	24401	1325	146	0.731	8.244E-37	70	166	225	-24401	-24111	291	24446	24060
276587044	-1	237	1.629E-60	3	20000	24401	1326	37	0.768	1.349E+00	167	188	225	-24048	-23983	66	24120	23983
276587044	-1	237	1.629E-60	3	20000	24401	1426	52	0.740	4.050E-06	189	221	225	-20098	-20000	99	20104	19997
276733588	-1	174	1.503E-41	2	23813	24401	1325	140	0.707	6.867E-35	74	169	238	-24401	-24111	291	24446	24060
276733588	-1	174	1.503E-41	2	23813	24401	1331	55	0.771	5.963E-07	192	224	238	-23911	-23813	99	23917	23810
276762274	-1	163	3.078E-38	2	23983	24398	1325	136	0.658	3.040E-33	68	169	220	-24398	-24099	300	24446	24060
276762274	-1	163	3.078E-38	2	23983	24398	1326	33	0.710	4.659E+01	163	183	220	-24045	-23983	63	24120	23983
276801771	-1	172	6.011E-41	2	23813	24398	1325	138	0.703	4.569E-34	78	172	250	-24398	-24111	288	24446	24060
276801771	-1	172	6.011E-41	2	23813	24398	1331	55	0.771	5.963E-07	195	227	250	-23911	-23813	99	23917	23810
276824222	-1	177	1.878E-42	2	23813	24401	1325	143	0.719	7.524E-36	59	154	216	-24401	-24111	291	24446	24060
276824222	-1	177	1.878E-42	2	23813	24401	1331	55	0.776	4.334E-07	177	209	216	-23911	-23813	99	23917	23810
277100247	-1	187	1.834E-45	2	33540	33914	1101	108	0.905	6.728E-25	87	142	197	-33914	-33747	168	33953	33735
277100247	-1	187	1.834E-45	2	33540	33914	1105	80	0.762	3.538E-15	141	190	197	-33689	-33540	150	33731	33522
277106969	-1	408	5.443E-112	3	33531	34439	1092	217	0.996	9.375E-62	8	109	219	-34439	-34134	306	34484	34134
277106969	-1	408	5.443E-112	3	33531	34439	1101	101	0.822	2.783E-22	107	164	219	-33920	-33747	174	33953	33735
277106969	-1	408	5.443E-112	3	33531	34439	1105	93	0.827	1.368E-19	163	215	219	-33689	-33531	159	33731	33522
277116510	1	278	7.409E-73	2	37064	37925	853	184	0.530	2.997E-47	38	197	286	37064	37609	546	36752	37621
277116510	1	278	7.409E-73	2	37064	37925	858	95	0.584	6.703E-20	200	281	286	37680	37925	246	37662	37946
277124983	1	516	1.677E-144	4	14844	17090	361	159	0.513	3.427E-40	214	376	837	14844	15329	486	14775	15344
277124983	1	516	1.677E-144	4	14844	17090	367	63	0.469	8.767E-09	376	445	837	15389	15598	210	15344	15601
277124983	1	516	1.677E-144	4	14844	17090	390	238	0.513	3.390E-66	510	750	837	16036	16773	738	16003	16791
277124983	1	516	1.677E-144	4	14844	17090	398	119	0.666	2.957E-28	749	836	837	16827	17090	264	16821	17090
277155962	1	176	3.757E-42	2	33750	34439	787	63	0.562	1.366E-08	65	120	246	33750	33917	168	33738	34049
277155962	1	176	3.757E-42	2	33750	34439	793	114	0.569	1.289E-25	119	220	246	34134	34439	306	34053	34475
277171494	1	220	2.136E-55	2	36663	37609	839	39	0.721	7.861E-01	16	40	300	36663	36737	75	36534	36737
277171494	1	220	2.136E-55	2	36663	37609	853	181	0.523	2.661E-46	40	207	300	37064	37609	546	36752	37621
277173451	1	119	5.414E-25	1	16830	17090	398	119	0.672	2.957E-28	14	100	101	16830	17090	261	16821	17090
277215893	-1	95	9.084E-18	1	33747	33920	1101	95	0.782	2.362E-20	21	78	83	-33920	-33747	174	33953	33735
277233723	-1	393	1.784E-107	3	33525	34439	1092	207	0.955	2.528E-58	8	109	220	-34439	-34134	306	34484	34134
277233723	-1	393	1.784E-107	3	33525	34439	1101	98	0.799	3.521E-21	107	164	220	-33920	-33747	174	33953	33735
277233723	-1	393	1.784E-107	3	33525	34439	1105	91	0.785	6.690E-19	163	217	220	-33689	-33525	165	33731	33522
277310124	-1	409	2.722E-112	3	33525	34439	1092	217	0.997	6.835E-62	37	138	248	-34439	-34134	306	34484	34134
277310124	-1	409	2.722E-112	3	33525	34439	1101	104	0.846	2.201E-23	136	193	248	-33920	-33747	174	33953	33735
277310124	-1	409	2.722E-112	3	33525	34439	1105	91	0.788	4.870E-19	192	246	248	-33689	-33525	165	33731	33522
277310237	1	310	1.725E-82	3	36663	37943	839	38	0.693	2.826E+00	10	34	287	36663	36737	75	36534	36737
277310237	1	310	1.725E-82	3	36663	37943	853	162	0.476	1.539E-39	34	195	287	37064	37612	549	36752	37621
277310237	1	310	1.725E-82	3	36663	37943	858	109	0.610	1.411E-24	197	285	287	37680	37943	264	37662	37946
277313649	1	660	7.522E-188	5	14296	17090	352	138	0.443	1.306E-32	86	256	879	14296	14805	510	14203	14835
277313649	1	660	7.522E-188	5	14296	17090	361	165	0.542	3.060E-42	253	410	879	14859	15329	471	14775	15344
277313649	1	660	7.522E-188	5	14296	17090	367	64	0.473	2.462E-09	410	480	879	15389	15601	213	15344	15601
277313649	1	660	7.522E-188	5	14296	17090	390	231	0.486	9.658E-64	537	792	879	16009	16773	765	16003	16791
277313649	1	660	7.522E-188	5	14296	17090	398	119	0.668	2.154E-28	791	878	879	16827	17090	264	16821	17090
277329020	-1	302	4.416E-80	2	33747	34439	1092	210	0.966	2.768E-59	8	109	213	-34439	-34134	306	34484	34134
277329020	-1	302	4.416E-80	2	33747	34439	1101	94	0.776	4.456E-20	107	164	213	-33920	-33747	174	33953	33735
277334017	-1	195	7.166E-48	2	33525	33920	1101	106	0.857	6.192E-24	37	94	148	-33920	-33747	174	33953	33735
277334017	-1	195	7.166E-48	2	33525	33920	1105	90	0.779	1.262E-18	93	147	148	-33689	-33525	165	33731	33522
277349598	1	654	4.814E-186	5	14880	17090	361	157	0.540	1.651E-39	236	386	855	14880	15329	450	14775	15344
277349598	1	654	4.814E-186	5	14880	17090	367	67	0.490	2.668E-10	386	456	855	15389	15601	213	15344	15601
277349598	1	654	4.814E-186	5	14880	17090	375	51	0.472	6.794E-05	464	518	855	15801	15965	165	15768	15965
277349598	1	654	4.814E-186	5	14880	17090	390	261	0.548	3.014E-74	520	768	855	16036	16773	738	16003	16791
277349598	1	654	4.814E-186	5	14880	17090	398	122	0.679	3.222E-29	767	854	855	16827	17090	264	16821	17090
277370300	-1	405	4.355E-111	3	33525	34439	1092	217	0.997	6.835E-62	8	109	219	-34439	-34134	306	34484	34134
277370300	-1	405	4.355E-111	3	33525	34439	1101	104	0.849	1.603E-23	107	164	219	-33920	-33747	174	33953	33735
277370300	-1	405	4.355E-111	3	33525	34439	1105	87	0.751	2.198E-17	163	217	219	-33689	-33525	165	33731	33522
277376085	1	270	1.897E-70	2	37064	37931	853	163	0.478	6.054E-40	34	195	294	37064	37612	549	36752	37621
277376085	1	270	1.897E-70	2	37064	37931	858	106	0.626	1.295E-23	197	280	294	37680	37931	252	37662	37946
277384703	-1	216	3.417E-54	1	34137	34445	1092	216	0.982	2.419E-61	0	102	103	-34445	-34137	309	34484	34134
277430611	-1	73	3.810E-11	1	33531	33689	1105	73	0.668	1.079E-12	49	101	106	-33689	-33531	159	33731	33522
277436954	-1	217	1.708E-54	1	34137	34445	1092	217	0.987	9.375E-62	0	102	103	-34445	-34137	309	34484	34134
277438817	1	400	1.394E-109	3	14859	16773	361	154	0.517	2.043E-38	140	295	746	14859	15323	465	14775	15344
277438817	1	400	1.394E-109	3	14859	16773	367	63	0.487	6.382E-09	298	364	746	15392	15592	201	15344	15601
277438817	1	400	1.394E-109	3	14859	16773	390	248	0.526	7.027E-70	430	678	746	16036	16773	738	16003	16791
277488337	-1	290	1.809E-76	2	33525	34439	1092	219	1.000	1.408E-62	8	109	201	-34439	-34134	306	34484	34134
277488337	-1	290	1.809E-76	2	33525	34439	1105	106	0.905	2.831E-24	146	200	201	-33689	-33525	165	33731	33522
277488350	1	170	2.404E-40	1	37064	37612	853	170	0.495	2.237E-42	21	182	183	37064	37612	549	36752	37621
277521219	1	249	3.978E-64	2	37172	37928	853	142	0.512	6.142E-33	1	125	212	37172	37609	438	36752	37621
277521219	1	249	3.978E-64	2	37172	37928	858	108	0.643	2.657E-24	128	210	212	37680	37928	249	37662	37946
277572527	-1	401	6.968E-110	3	33540	34442	1092	218	0.994	2.649E-62	4	106	216	-34442	-34134	309	34484	34134
277572527	-1	401	6.968E-110	3	33540	34442	1101	107	0.869	1.742E-24	104	161	216	-33920	-33747	174	33953	33735
277572527	-1	401	6.968E-110	3	33540	34442	1105	79	0.749	1.261E-14	160	209	216	-33689	-33540	150	33731	33522
277585096	-1	420	1.329E-115	3	33525	34439	1092	221	1.000	2.901E-63	8	109	218	-34439	-34134	306	34484	34134
277585096	-1	420	1.329E-115	3	33525	34439	1101	104	0.843	3.023E-23	107	164	218	-33920	-33747	174	33953	33735
277585096	-1	420	1.329E-115	3	33525	34439	1105	98	0.843	1.610E-21	163	217	218	-33689	-33525	165	33731	33522
282828995	1	149	5.042E-34	1	37064	37573	853	149	0.471	4.327E-35	56	211	322	37064	37573	510	36752	37621
283022594	1	145	8.068E-33	1	37064	37573	853	145	0.461	9.587E-34	56	211	301	37064	37573	510	36752	37621
283356773	-1	169	4.809E-40	2	20000	20588	1422	139	0.706	2.540E-34	76	170	230	-20588	-20301	288	20636	20247
283356773	-1	169	4.809E-40	2	20000	20588	1426	51	0.724	1.056E-05	193	225	230	-20098	-20000	99	20104	19997
284043565	-1	173	3.006E-41	2	20000	20588	1422	141	0.717	3.818E-35	77	171	231	-20588	-20301	288	20636	20247
284043565	-1	173	3.006E-41	2	20000	20588	1426	53	0.755	1.554E-06	194	226	231	-20098	-20000	99	20104	19997
284189602	1	114	1.733E-23	1	37064	37573	853	114	0.386	1.919E-23	46	173	284	37064	37573	510	36752	37621
285673481	1	318	6.739E-85	3	36657	37937	839	36	0.630	7.382E+00	12	38	291	36657	36737	81	36534	36737
285673481	1	318	6.739E-85	3	36657	37937	853	169	0.494	5.693E-42	38	198	291	37064	37609	546	36752	37621
285673481	1	318	6.739E-85	3	36657	37937	858	114	0.647	2.299E-26	201	287	291	37680	37937	258	37662	37946
285801203	1	651	3.851E-185	5	14296	17090	352	142	0.458	4.162E-34	103	271	896	14296	14796	501	14203	14835
285801203	1	651	3.851E-185	5	14296	17090	361	147	0.518	4.275E-36	279	427	896	14883	15329	447	14775	15344
285801203	1	651	3.851E-185	5	14296	17090	375	45	0.410	8.171E-03	502	559	896	15792	15965	174	15768	15965
285801203	1	651	3.851E-185	5	14296	17090	390	276	0.557	1.952E-79	552	809	896	16009	16773	765	16003	16791
285801203	1	651	3.851E-185	5	14296	17090	398	126	0.700	9.896E-31	808	895	896	16827	17090	264	16821	17090
286199617	1	214	1.367E-53	2	36663	37609	839	39	0.721	7.861E-01	16	40	275	36663	36737	75	36534	36737
286199617	1	214	1.367E-53	2	36663	37609	853	175	0.509	3.902E-44	40	200	275	37064	37609	546	36752	37621
286463168	1	463	1.511E-128	4	14859	16773	361	140	0.479	8.922E-34	276	432	893	14859	15329	471	14775	15344
286463168	1	463	1.511E-128	4	14859	16773	367	65	0.476	1.792E-09	432	502	893	15389	15601	213	15344	15601
286463168	1	463	1.511E-128	4	14859	16773	375	37	0.375	4.907E+00	510	562	893	15801	15959	159	15768	15965
286463168	1	463	1.511E-128	4	14859	16773	390	228	0.495	1.190E-62	566	806	893	16036	16773	738	16003	16791
286573335	1	335	5.141E-90	3	36663	37931	839	46	0.831	4.730E-03	28	52	301	36663	36737	75	36534	36737
286573335	1	335	5.141E-90	3	36663	37931	853	184	0.530	2.997E-47	52	212	301	37064	37609	546	36752	37621
286573335	1	335	5.141E-90	3	36663	37931	858	106	0.628	9.432E-24	215	298	301	37680	37931	252	37662	37946
287597883	1	671	3.673E-191	5	14314	17090	352	145	0.479	3.392E-35	190	352	976	14314	14799	486	14203	14835
287597883	1	671	3.673E-191	5	14314	17090	361	167	0.531	6.346E-43	346	509	976	14844	15332	489	14775	15344
287597883	1	671	3.673E-191	5	14314	17090	375	48	0.461	8.733E-04	586	638	976	15801	15959	159	15768	15965
287597883	1	671	3.673E-191	5	14314	17090	390	270	0.563	2.182E-77	641	889	976	16033	16773	741	16003	16791
287597883	1	671	3.673E-191	5	14314	17090	398	122	0.679	3.222E-29	888	975	976	16827	17090	264	16821	17090
288802095	-1	76	4.762E-12	1	33570	33689	1105	76	0.882	1.166E-13	34	73	74	-33689	-33570	120	33731	33522
289480706	1	316	2.695E-84	3	36663	37937	839	41	0.748	2.188E-01	15	39	293	36663	36737	75	36534	36737
289480706	1	316	2.695E-84	3	36663	37937	853	168	0.491	1.448E-41	39	200	293	37064	37609	546	36752	37621
289480706	1	316	2.695E-84	3	36663	37937	858	108	0.620	1.936E-24	203	289	293	37680	37937	258	37662	37946
289709523	-1	70	3.048E-10	1	31196	31477	1152	70	0.320	2.581E-10	21	155	178	-31477	-31196	282	31642	31193
290195335	1	228	8.342E-58	2	37064	37928	853	137	0.439	3.420E-31	39	190	289	37064	37579	516	36752	37621
290195335	1	228	8.342E-58	2	37064	37928	858	103	0.616	1.631E-22	204	286	289	37680	37928	249	37662	37946
290345821	-1	445	3.961E-123	3	33525	34439	1092	225	1.000	1.231E-64	8	109	219	-34439	-34134	306	34484	34134
290345821	-1	445	3.961E-123	3	33525	34439	1101	109	0.883	3.569E-25	107	164	219	-33920	-33747	174	33953	33735
290345821	-1	445	3.961E-123	3	33525	34439	1105	114	0.963	6.849E-27	163	217	219	-33689	-33525	165	33731	33522
291298428	-1	177	1.878E-42	2	23813	24401	1325	145	0.726	2.127E-36	72	167	225	-24401	-24111	291	24446	24060
291298428	-1	177	1.878E-42	2	23813	24401	1331	53	0.750	2.138E-06	190	222	225	-23911	-23813	99	23917	23810
291371403	-1	170	2.404E-40	3	19997	21096	1407	38	0.629	1.470E+00	8	35	323	-21096	-21016	81	21132	20971
291371403	-1	170	2.404E-40	3	19997	21096	1422	130	0.632	1.929E-31	73	175	323	-20591	-20283	309	20636	20247
291371403	-1	170	2.404E-40	3	19997	21096	1426	49	0.686	3.791E-05	188	221	323	-20098	-19997	102	20104	19997
291601097	1	659	1.504E-187	5	14862	17090	361	158	0.528	8.803E-40	229	384	850	14862	15329	468	14775	15344
291601097	1	659	1.504E-187	5	14862	17090	367	62	0.467	2.273E-08	384	452	850	15389	15595	207	15344	15601
291601097	1	659	1.504E-187	5	14862	17090	375	51	0.479	3.589E-05	461	515	850	15801	15965	165	15768	15965
291601097	1	659	1.504E-187	5	14862	17090	390	275	0.558	5.013E-79	508	763	850	16009	16773	765	16003	16791
291601097	1	659	1.504E-187	5	14862	17090	398	126	0.698	1.358E-30	762	849	850	16827	17090	264	16821	17090
291601699	-1	243	2.546E-62	3	23813	24401	1325	156	0.774	3.065E-40	68	163	225	-24401	-24111	291	24446	24060
291601699	-1	243	2.546E-62	3	23813	24401	1326	35	0.751	9.299E+00	165	185	225	-24045	-23983	63	24120	23983
291601699	-1	243	2.546E-62	3	23813	24401	1331	50	0.714	2.001E-05	186	218	225	-23911	-23813	99	23917	23810
291620169	-1	305	5.520E-81	2	33747	34439	1092	213	0.981	1.611E-60	8	109	215	-34439	-34134	306	34484	34134
291620169	-1	305	5.520E-81	2	33747	34439	1101	94	0.770	8.405E-20	107	164	215	-33920	-33747	174	33953	33735
291631797	1	276	2.964E-72	2	37064	37931	853	169	0.494	5.693E-42	33	193	281	37064	37609	546	36752	37621
291631797	1	276	2.964E-72	2	37064	37931	858	108	0.634	3.648E-24	196	279	281	37680	37931	252	37662	37946
291645081	-1	407	1.089E-111	3	33531	34439	1092	219	1.000	1.408E-62	8	109	220	-34439	-34134	306	34484	34134
291645081	-1	407	1.089E-111	3	33531	34439	1101	102	0.834	7.827E-23	107	164	220	-33920	-33747	174	33953	33735
291645081	-1	407	1.089E-111	3	33531	34439	1105	89	0.798	2.381E-18	163	215	220	-33689	-33531	159	33731	33522
291650477	1	374	9.352E-102	3	36636	37931	839	40	0.565	4.147E-01	15	47	299	36636	36737	102	36534	36737
291650477	1	374	9.352E-102	3	36636	37931	853	206	0.581	7.567E-55	47	207	299	37064	37609	546	36752	37621
291650477	1	374	9.352E-102	3	36636	37931	858	129	0.735	1.371E-31	210	294	299	37680	37931	252	37662	37946
291718812	1	317	1.348E-84	3	36660	37946	839	38	0.670	2.826E+00	12	37	289	36660	36737	78	36534	36737
291718812	1	317	1.348E-84	3	36660	37946	853	174	0.507	7.276E-44	37	197	289	37064	37609	546	36752	37621
291718812	1	317	1.348E-84	3	36660	37946	858	106	0.595	1.777E-23	200	288	289	37680	37946	267	37662	37946
291722202	1	543	1.250E-152	4	14329	17090	352	140	0.460	2.727E-33	3	167	790	14329	14805	477	14203	14835
291722202	1	543	1.250E-152	4	14329	17090	361	162	0.548	2.767E-41	169	321	790	14874	15329	456	14775	15344
291722202	1	543	1.250E-152	4	14329	17090	390	250	0.530	1.460E-70	455	703	790	16036	16773	738	16003	16791
291722202	1	543	1.250E-152	4	14329	17090	398	122	0.679	3.222E-29	702	789	790	16827	17090	264	16821	17090
291757331	1	88	1.163E-15	1	14305	14604	352	88	0.456	1.975E-15	37	139	145	14305	14604	300	14203	14835
291798437	-1	414	8.505E-114	3	33528	34439	1092	219	1.000	1.931E-62	8	109	219	-34439	-34134	306	34484	34134
291798437	-1	414	8.505E-114	3	33528	34439	1101	104	0.846	2.201E-23	107	164	219	-33920	-33747	174	33953	33735
291798437	-1	414	8.505E-114	3	33528	34439	1105	94	0.823	5.281E-20	163	216	219	-33689	-33528	162	33731	33522
291840921	1	526	1.638E-147	4	14859	16773	361	156	0.520	2.261E-39	226	383	852	14859	15329	471	14775	15344
291840921	1	526	1.638E-147	4	14859	16773	367	66	0.485	5.034E-10	383	453	852	15389	15601	213	15344	15601
291840921	1	526	1.638E-147	4	14859	16773	375	49	0.460	2.435E-04	461	515	852	15801	15965	165	15768	15965
291840921	1	526	1.638E-147	4	14859	16773	390	259	0.545	1.060E-73	517	765	852	16036	16773	738	16003	16791
291854810	1	543	1.250E-152	4	14329	17090	352	135	0.465	1.168E-31	107	263	888	14329	14796	468	14203	14835
291854810	1	543	1.250E-152	4	14329	17090	361	158	0.548	8.803E-40	271	419	888	14883	15329	447	14775	15344
291854810	1	543	1.250E-152	4	14329	17090	390	264	0.552	3.338E-75	553	801	888	16036	16773	738	16003	16791
291854810	1	543	1.250E-152	4	14329	17090	398	124	0.692	3.512E-30	800	887	888	16827	17090	264	16821	17090
291906368	-1	394	8.918E-108	3	33531	34439	1092	211	0.971	1.073E-59	8	109	220	-34439	-34134	306	34484	34134
291906368	-1	394	8.918E-108	3	33531	34439	1101	93	0.767	1.154E-19	107	164	220	-33920	-33747	174	33953	33735
291906368	-1	394	8.918E-108	3	33531	34439	1105	93	0.824	1.879E-19	163	215	220	-33689	-33531	159	33731	33522
291944110	1	219	4.271E-55	2	36645	37609	839	44	0.666	1.697E-02	20	50	386	36645	36737	93	36534	36737
291944110	1	219	4.271E-55	2	36645	37609	853	175	0.508	5.328E-44	50	210	386	37064	37609	546	36752	37621
291961537	-1	413	1.701E-113	3	33525	34439	1092	219	1.000	1.931E-62	8	109	219	-34439	-34134	306	34484	34134
291961537	-1	413	1.701E-113	3	33525	34439	1101	104	0.846	2.201E-23	107	164	219	-33920	-33747	174	33953	33735
291961537	-1	413	1.701E-113	3	33525	34439	1105	93	0.797	1.879E-19	163	217	219	-33689	-33525	165	33731	33522
291980762	1	397	1.115E-108	3	14859	16773	361	154	0.520	1.089E-38	140	295	746	14859	15323	465	14775	15344
291980762	1	397	1.115E-108	3	14859	16773	367	62	0.480	1.654E-08	298	364	746	15392	15592	201	15344	15601
291980762	1	397	1.115E-108	3	14859	16773	390	246	0.522	4.628E-69	430	678	746	16036	16773	738	16003	16791
291985943	-1	387	1.142E-105	3	33528	34427	1092	208	0.993	1.344E-58	1	98	208	-34427	-34134	294	34484	34134
291985943	-1	387	1.142E-105	3	33528	34427	1101	106	0.863	3.284E-24	96	153	208	-33920	-33747	174	33953	33735
291985943	-1	387	1.142E-105	3	33528	34427	1105	76	0.679	1.166E-13	152	205	208	-33689	-33528	162	33731	33522
292006326	1	247	1.591E-63	2	36648	37609	839	40	0.628	4.147E-01	45	74	420	36648	36737	90	36534	36737
292006326	1	247	1.591E-63	2	36648	37609	853	207	0.584	2.961E-55	74	234	420	37064	37609	546	36752	37621
292044394	-1	209	4.374E-52	1	34137	34445	1092	209	0.953	7.142E-59	0	102	103	-34445	-34137	309	34484	34134
292046075	-1	405	4.355E-111	3	33525	34439	1092	213	0.981	1.611E-60	8	109	219	-34439	-34134	306	34484	34134
292046075	-1	405	4.355E-111	3	33525	34439	1101	104	0.846	2.201E-23	107	164	219	-33920	-33747	174	33953	33735
292046075	-1	405	4.355E-111	3	33525	34439	1105	91	0.782	9.189E-19	163	217	219	-33689	-33525	165	33731	33522
292051760	1	334	1.028E-89	3	36660	37928	839	40	0.716	3.012E-01	12	37	287	36660	36737	78	36534	36737
292051760	1	334	1.028E-89	3	36660	37928	853	197	0.560	1.004E-51	37	197	287	37064	37609	546	36752	37621
292051760	1	334	1.028E-89	3	36660	37928	858	98	0.592	7.299E-21	200	282	287	37680	37928	249	37662	37946
292051900	1	330	1.645E-88	3	36639	37931	839	43	0.621	3.215E-02	25	57	306	36639	36737	99	36534	36737
292051900	1	330	1.645E-88	3	36639	37931	853	183	0.526	1.044E-46	57	217	306	37064	37609	546	36752	37621
292051900	1	330	1.645E-88	3	36639	37931	858	105	0.620	3.348E-23	220	303	306	37680	37931	252	37662	37946
292051914	1	643	9.859E-183	5	14859	17090	361	156	0.518	4.241E-39	225	382	851	14859	15329	471	14775	15344
292051914	1	643	9.859E-183	5	14859	17090	367	68	0.492	1.942E-10	382	452	851	15389	15601	213	15344	15601
292051914	1	643	9.859E-183	5	14859	17090	375	47	0.442	1.654E-03	460	514	851	15801	15965	165	15768	15965
292051914	1	643	9.859E-183	5	14859	17090	390	260	0.547	7.740E-74	517	764	851	16039	16773	735	16003	16791
292051914	1	643	9.859E-183	5	14859	17090	398	118	0.662	5.571E-28	763	850	851	16827	17090	264	16821	17090
292062491	1	258	7.769E-67	2	37064	37928	853	162	0.478	8.262E-40	31	200	287	37064	37612	549	36752	37621
292062491	1	258	7.769E-67	2	37064	37928	858	95	0.576	9.201E-20	202	284	287	37680	37928	249	37662	37946
292075549	1	98	1.135E-18	1	14434	14805	352	98	0.434	4.624E-19	2	125	157	14434	14805	372	14203	14835
292082016	-1	424	8.306E-117	3	33525	34439	1092	218	0.999	4.983E-62	8	109	218	-34439	-34134	306	34484	34134
292082016	-1	424	8.306E-117	3	33525	34439	1101	105	0.852	1.167E-23	107	164	218	-33920	-33747	174	33953	33735
292082016	-1	424	8.306E-117	3	33525	34439	1105	104	0.889	1.382E-23	163	217	218	-33689	-33525	165	33731	33522
292099094	1	645	2.465E-183	5	14299	16773	352	137	0.434	3.340E-32	57	230	853	14299	14805	507	14203	14835
292099094	1	645	2.465E-183	5	14299	16773	361	155	0.501	7.954E-39	221	384	853	14841	15329	489	14775	15344
292099094	1	645	2.465E-183	5	14299	16773	367	63	0.482	6.382E-09	384	451	853	15389	15592	204	15344	15601
292099094	1	645	2.465E-183	5	14299	16773	375	47	0.442	1.654E-03	462	516	853	15801	15965	165	15768	15965
292099094	1	645	2.465E-183	5	14299	16773	390	258	0.542	5.102E-73	518	766	853	16036	16773	738	16003	16791
292103440	-1	394	8.918E-108	3	33546	34439	1092	211	0.969	1.471E-59	8	109	212	-34439	-34134	306	34484	34134
292103440	-1	394	8.918E-108	3	33546	34439	1101	103	0.837	5.700E-23	107	164	212	-33920	-33747	174	33953	33735
292103440	-1	394	8.918E-108	3	33546	34439	1105	83	0.818	2.788E-16	163	210	212	-33689	-33546	144	33731	33522
297754774	1	376	2.338E-102	3	36648	37940	839	44	0.679	2.336E-02	20	49	300	36648	36737	90	36534	36737
297754774	1	376	2.338E-102	3	36648	37940	853	205	0.577	2.644E-54	49	209	300	37064	37609	546	36752	37621
297754774	1	376	2.338E-102	3	36648	37940	858	128	0.716	2.582E-31	212	298	300	37680	37940	261	37662	37946
297784725	-1	149	5.042E-34	2	24111	24783	1317	40	0.560	4.121E+00	1	34	228	-24783	-24685	99	24840	24469
297784725	-1	149	5.042E-34	2	24111	24783	1325	148	0.748	1.239E-37	75	169	228	-24398	-24111	288	24446	24060
298221341	1	212	5.467E-53	2	36651	37609	839	35	0.575	1.929E+01	23	51	304	36651	36737	87	36534	36737
298221341	1	212	5.467E-53	2	36651	37609	853	177	0.513	1.122E-44	51	211	304	37064	37609	546	36752	37621
298818058	1	371	7.481E-101	3	36648	37931	839	45	0.696	8.958E-03	26	55	306	36648	36737	90	36534	36737
298818058	1	371	7.481E-101	3	36648	37931	853	199	0.565	2.104E-52	55	215	306	37064	37609	546	36752	37621
298818058	1	371	7.481E-101	3	36648	37931	858	128	0.740	1.881E-31	218	301	306	37680	37931	252	37662	37946
298894237	1	752	1.519E-215	6	14488	17090	352	92	0.469	8.975E-17	0	103	727	14488	14799	312	14203	14835
298894237	1	752	1.519E-215	6	14488	17090	361	164	0.524	5.741E-42	97	260	727	14844	15332	489	14775	15344
298894237	1	752	1.519E-215	6	14488	17090	367	64	0.479	4.646E-09	261	329	727	15395	15601	207	15344	15601
298894237	1	752	1.519E-215	6	14488	17090	375	49	0.477	1.770E-04	337	389	727	15801	15959	159	15768	15965
298894237	1	752	1.519E-215	6	14488	17090	390	271	0.564	1.164E-77	392	640	727	16033	16773	741	16003	16791
298894237	1	752	1.519E-215	6	14488	17090	398	122	0.679	3.222E-29	639	726	727	16827	17090	264	16821	17090
299263110	1	677	5.739E-193	5	14844	17090	361	170	0.543	3.738E-44	267	429	898	14844	15329	486	14775	15344
299263110	1	677	5.739E-193	5	14844	17090	367	68	0.494	1.414E-10	429	499	898	15389	15601	213	15344	15601
299263110	1	677	5.739E-193	5	14844	17090	375	51	0.479	3.589E-05	507	561	898	15801	15965	165	15768	15965
299263110	1	677	5.739E-193	5	14844	17090	390	269	0.560	7.675E-77	563	811	898	16036	16773	738	16003	16791
299263110	1	677	5.739E-193	5	14844	17090	398	123	0.683	1.710E-29	810	897	898	16827	17090	264	16821	17090
299267062	-1	301	8.832E-80	2	33747	34439	1092	210	0.966	2.768E-59	8	109	218	-34439	-34134	306	34484	34134
299267062	-1	301	8.832E-80	2	33747	34439	1101	93	0.767	1.154E-19	107	164	218	-33920	-33747	174	33953	33735
299532250	1	659	1.504E-187	5	14329	16773	352	137	0.452	3.340E-32	82	246	869	14329	14805	477	14203	14835
299532250	1	659	1.504E-187	5	14329	16773	361	157	0.521	1.651E-39	243	400	869	14859	15329	471	14775	15344
299532250	1	659	1.504E-187	5	14329	16773	367	69	0.499	7.494E-11	400	470	869	15389	15601	213	15344	15601
299532250	1	659	1.504E-187	5	14329	16773	375	44	0.423	1.125E-02	478	532	869	15801	15965	165	15768	15965
299532250	1	659	1.504E-187	5	14329	16773	390	258	0.542	5.102E-73	534	782	869	16036	16773	738	16003	16791
300112792	-1	430	1.298E-118	3	33525	34439	1092	219	1.000	1.408E-62	8	109	219	-34439	-34134	306	34484	34134
300112792	-1	430	1.298E-118	3	33525	34439	1101	108	0.872	1.269E-24	107	164	219	-33920	-33747	174	33953	33735
300112792	-1	430	1.298E-118	3	33525	34439	1105	106	0.902	3.887E-24	163	217	219	-33689	-33525	165	33731	33522
300594460	1	254	1.243E-65	2	14844	16773	361	154	0.499	1.492E-38	180	343	808	14844	15329	486	14775	15344
300594460	1	254	1.243E-65	2	14844	16773	390	212	0.444	2.455E-57	457	721	808	16021	16773	753	16003	16791
301500013	1	179	4.696E-43	1	37064	37609	853	179	0.517	2.361E-45	40	207	300	37064	37609	546	36752	37621
301576561	-1	268	7.587E-70	4	20000	21117	1407	43	0.586	2.272E-02	9	43	241	-21117	-21016	102	21132	20971
301576561	-1	268	7.587E-70	4	20000	21117	1415	44	0.545	6.410E-03	44	80	241	-20777	-20661	117	20777	20652
301576561	-1	268	7.587E-70	4	20000	21117	1422	150	0.757	2.672E-38	82	176	241	-20588	-20301	288	20636	20247
301576561	-1	268	7.587E-70	4	20000	21117	1426	49	0.704	3.791E-05	199	231	241	-20098	-20000	99	20104	19997
301770125	-1	388	5.708E-106	3	33546	34439	1092	213	0.978	3.030E-60	8	109	220	-34439	-34134	306	34484	34134
301770125	-1	388	5.708E-106	3	33546	34439	1101	104	0.849	1.603E-23	107	164	220	-33920	-33747	174	33953	33735
301770125	-1	388	5.708E-106	3	33546	34439	1105	74	0.737	4.157E-13	163	210	220	-33689	-33546	144	33731	33522
302472793	1	329	3.290E-88	3	36630	37931	839	43	0.541	3.215E-02	16	54	303	36630	36737	108	36534	36737
302472793	1	329	3.290E-88	3	36630	37931	853	178	0.515	4.404E-45	54	214	303	37064	37609	546	36752	37621
302472793	1	329	3.290E-88	3	36630	37931	858	109	0.640	1.411E-24	217	300	303	37680	37931	252	37662	37946
302703215	1	800	5.396E-230	6	14281	17090	352	141	0.448	7.789E-34	104	276	902	14281	14796	516	14203	14835
302703215	1	800	5.396E-230	6	14281	17090	361	162	0.559	3.790E-41	284	432	902	14883	15329	447	14775	15344
302703215	1	800	5.396E-230	6	14281	17090	367	70	0.505	2.892E-11	432	502	902	15389	15601	213	15344	15601
302703215	1	800	5.396E-230	6	14281	17090	375	46	0.422	2.277E-03	507	564	902	15792	15965	174	15768	15965
302703215	1	800	5.396E-230	6	14281	17090	390	273	0.544	1.764E-78	553	815	902	16003	16773	771	16003	16791
302703215	1	800	5.396E-230	6	14281	17090	398	126	0.700	9.896E-31	814	901	902	16827	17090	264	16821	17090
303474510	-1	420	1.329E-115	3	33525	34439	1092	220	1.000	1.027E-62	8	109	218	-34439	-34134	306	34484	34134
303474510	-1	420	1.329E-115	3	33525	34439	1101	104	0.849	1.603E-23	107	164	218	-33920	-33747	174	33953	33735
303474510	-1	420	1.329E-115	3	33525	34439	1105	99	0.847	1.173E-21	163	217	218	-33689	-33525	165	33731	33522
303522424	1	219	4.271E-55	2	36648	37609	839	40	0.622	5.709E-01	9	38	285	36648	36737	90	36534	36737
303522424	1	219	4.271E-55	2	36648	37609	853	179	0.518	1.728E-45	38	198	285	37064	37609	546	36752	37621
303749202	-1	400	1.394E-109	3	33525	34439	1092	213	0.981	1.611E-60	8	109	218	-34439	-34134	306	34484	34134
303749202	-1	400	1.394E-109	3	33525	34439	1101	100	0.820	3.822E-22	107	164	218	-33920	-33747	174	33953	33735
303749202	-1	400	1.394E-109	3	33525	34439	1105	90	0.779	1.262E-18	163	217	218	-33689	-33525	165	33731	33522
304755841	1	285	5.788E-75	5	14332	17090	352	132	0.454	1.429E-30	113	270	898	14332	14799	468	14203	14835
304755841	1	285	5.788E-75	5	14332	17090	361	177	0.558	1.774E-46	263	426	898	14841	15329	489	14775	15344
304755841	1	285	5.788E-75	5	14332	17090	367	62	0.472	2.273E-08	427	494	898	15392	15595	204	15344	15601
304755841	1	285	5.788E-75	5	14332	17090	375	52	0.482	2.609E-05	502	556	898	15792	15956	165	15768	15965
304755841	1	285	5.788E-75	5	14332	17090	398	124	0.690	4.820E-30	810	897	898	16827	17090	264	16821	17090
304938587	1	164	1.539E-38	1	37064	37609	853	164	0.484	1.745E-40	38	198	287	37064	37609	546	36752	37621
305377762	-1	174	1.503E-41	2	23810	24398	1325	134	0.653	7.842E-33	52	153	213	-24398	-24093	306	24446	24060
305377762	-1	174	1.503E-41	2	23810	24398	1331	51	0.701	1.453E-05	166	199	213	-23911	-23810	102	23917	23810
305626437	-1	175	7.514E-42	2	23810	24401	1325	147	0.735	4.383E-37	72	167	226	-24401	-24111	291	24446	24060
305626437	-1	175	7.514E-42	2	23810	24401	1331	49	0.681	5.219E-05	190	223	226	-23911	-23810	102	23917	23810
305658652	-1	152	6.303E-35	2	20301	21111	1407	41	0.590	1.128E-01	2	34	227	-21111	-21016	96	21132	20971
305658652	-1	152	6.303E-35	2	20301	21111	1422	149	0.750	9.451E-38	74	168	227	-20588	-20301	288	20636	20247
305930434	-1	140	2.582E-31	2	24111	24783	1317	41	0.590	1.627E+00	1	33	225	-24783	-24685	99	24840	24469
305930434	-1	140	2.582E-31	2	24111	24783	1325	136	0.696	1.616E-33	72	166	225	-24398	-24111	288	24446	24060
305951121	-1	177	1.878E-42	2	20000	24398	1325	149	0.753	4.802E-38	75	169	233	-24398	-24111	288	24446	24060
305951121	-1	177	1.878E-42	2	20000	24398	1426	49	0.693	7.185E-05	192	224	233	-20098	-20000	99	20104	19997
306048265	-1	152	6.303E-35	2	20301	24783	1317	42	0.585	8.751E-01	1	34	227	-24783	-24685	99	24840	24469
306048265	-1	152	6.303E-35	2	20301	24783	1422	148	0.746	1.778E-37	74	168	227	-20588	-20301	288	20636	20247
306136627	1	243	2.546E-62	2	37064	37934	853	142	0.432	8.369E-33	44	205	294	37064	37609	546	36752	37621
306136627	1	243	2.546E-62	2	37064	37934	858	100	0.587	1.091E-21	207	292	294	37677	37934	258	37662	37946
306147375	1	266	3.035E-69	2	37064	37931	853	158	0.468	2.522E-38	34	195	294	37064	37612	549	36752	37621
306147375	1	266	3.035E-69	2	37064	37931	858	107	0.632	5.007E-24	197	280	294	37680	37931	252	37662	37946
306191638	-1	407	1.089E-111	3	33525	34439	1092	213	0.981	1.611E-60	8	109	219	-34439	-34134	306	34484	34134
306191638	-1	407	1.089E-111	3	33525	34439	1101	104	0.843	3.023E-23	107	164	219	-33920	-33747	174	33953	33735
306191638	-1	407	1.089E-111	3	33525	34439	1105	93	0.804	9.963E-20	163	217	219	-33689	-33525	165	33731	33522
306219151	-1	220	2.136E-55	1	34137	34445	1092	220	1.000	5.457E-63	0	102	103	-34445	-34137	309	34484	34134
306227533	1	223	2.669E-56	2	36648	37609	839	40	0.622	5.709E-01	9	38	295	36648	36737	90	36534	36737
306227533	1	223	2.669E-56	2	36648	37609	853	183	0.526	1.044E-46	38	198	295	37064	37609	546	36752	37621
306254455	-1	405	4.355E-111	3	33525	34439	1092	213	0.981	1.611E-60	8	109	219	-34439	-34134	306	34484	34134
306254455	-1	405	4.355E-111	3	33525	34439	1101	104	0.846	2.201E-23	107	164	219	-33920	-33747	174	33953	33735
306254455	-1	405	4.355E-111	3	33525	34439	1105	91	0.785	6.690E-19	163	217	219	-33689	-33525	165	33731	33522
306263595	-1	410	1.361E-112	3	33525	34442	1092	207	0.972	2.528E-58	1	100	205	-34442	-34143	300	34484	34134
306263595	-1	410	1.361E-112	3	33525	34442	1101	102	0.868	1.476E-22	97	151	205	-33911	-33747	165	33953	33735
306263595	-1	410	1.361E-112	3	33525	34442	1105	105	0.896	7.329E-24	150	204	205	-33689	-33525	165	33731	33522
306278891	-1	408	5.443E-112	3	33528	34439	1092	216	0.992	1.764E-61	8	109	219	-34439	-34134	306	34484	34134
306278891	-1	408	5.443E-112	3	33528	34439	1101	104	0.846	2.201E-23	107	164	219	-33920	-33747	174	33953	33735
306278891	-1	408	5.443E-112	3	33528	34439	1105	91	0.798	6.690E-19	163	216	219	-33689	-33528	162	33731	33522
306279919	-1	409	2.722E-112	3	33531	34439	1092	214	0.986	6.242E-61	8	109	220	-34439	-34134	306	34484	34134
306279919	-1	409	2.722E-112	3	33531	34439	1101	106	0.857	6.192E-24	107	164	220	-33920	-33747	174	33953	33735
306279919	-1	409	2.722E-112	3	33531	34439	1105	92	0.821	2.581E-19	163	215	220	-33689	-33531	159	33731	33522
306282164	1	120	2.707E-25	1	15018	15329	361	120	0.583	1.086E-26	5	108	147	15018	15329	312	14775	15344
306297257	-1	192	5.733E-47	2	33531	33920	1101	98	0.805	1.867E-21	34	91	147	-33920	-33747	174	33953	33735
306297257	-1	192	5.733E-47	2	33531	33920	1105	95	0.843	2.800E-20	90	142	147	-33689	-33531	159	33731	33522
306303663	-1	306	2.760E-81	2	33747	34439	1092	213	0.978	3.030E-60	8	109	215	-34439	-34134	306	34484	34134
306303663	-1	306	2.760E-81	2	33747	34439	1101	95	0.779	3.244E-20	107	164	215	-33920	-33747	174	33953	33735
306304075	-1	389	2.854E-106	3	33531	34439	1092	207	0.955	2.528E-58	8	109	219	-34439	-34134	306	34484	34134
306304075	-1	389	2.854E-106	3	33531	34439	1101	98	0.799	3.521E-21	107	164	219	-33920	-33747	174	33953	33735
306304075	-1	389	2.854E-106	3	33531	34439	1105	87	0.782	1.165E-17	163	215	219	-33689	-33531	159	33731	33522
306333690	-1	424	8.306E-117	3	33525	34442	1092	220	0.998	1.027E-62	1	103	212	-34442	-34134	309	34484	34134
306333690	-1	424	8.306E-117	3	33525	34442	1101	104	0.849	1.603E-23	101	158	212	-33920	-33747	174	33953	33735
306333690	-1	424	8.306E-117	3	33525	34442	1105	103	0.880	3.579E-23	157	211	212	-33689	-33525	165	33731	33522
306343366	-1	216	3.417E-54	1	34137	34445	1092	216	0.984	1.764E-61	0	102	103	-34445	-34137	309	34484	34134
306343784	-1	217	1.708E-54	1	34137	34445	1092	217	0.989	6.835E-62	0	102	103	-34445	-34137	309	34484	34134
306350684	1	360	1.532E-97	3	14844	17090	361	136	0.455	2.062E-32	253	415	876	14844	15329	486	14775	15344
306350684	1	360	1.532E-97	3	14844	17090	390	237	0.510	8.697E-66	549	789	876	16036	16773	738	16003	16791
306350684	1	360	1.532E-97	3	14844	17090	398	120	0.671	1.144E-28	788	875	876	16827	17090	264	16821	17090
306353035	1	162	6.155E-38	1	37118	37612	853	162	0.515	1.539E-39	2	145	220	37118	37612	495	36752	37621
306359675	1	279	3.705E-73	2	37034	37937	853	181	0.510	4.965E-46	3	165	261	37034	37594	561	36752	37621
306359675	1	279	3.705E-73	2	37034	37937	858	104	0.607	4.595E-23	173	258	261	37680	37937	258	37662	37946
306412305	-1	170	2.404E-40	2	33537	33920	1101	95	0.746	3.244E-20	60	120	171	-33920	-33738	183	33953	33735
306412305	-1	170	2.404E-40	2	33537	33920	1105	79	0.736	1.261E-14	116	166	171	-33689	-33537	153	33731	33522
306435362	-1	404	8.709E-111	3	33525	34439	1092	217	0.997	6.835E-62	8	109	219	-34439	-34134	306	34484	34134
306435362	-1	404	8.709E-111	3	33525	34439	1101	108	0.875	9.238E-25	107	164	219	-33920	-33747	174	33953	33735
306435362	-1	404	8.709E-111	3	33525	34439	1105	82	0.718	7.229E-16	163	217	219	-33689	-33525	165	33731	33522
306436898	1	272	4.742E-71	2	37064	37931	853	171	0.500	8.792E-43	38	198	287	37064	37609	546	36752	37621
306436898	1	272	4.742E-71	2	37064	37931	858	102	0.608	2.239E-22	201	284	287	37680	37931	252	37662	37946
306514496	1	258	7.769E-67	2	37064	37928	853	161	0.474	2.865E-39	31	200	287	37064	37612	549	36752	37621
306514496	1	258	7.769E-67	2	37064	37928	858	96	0.580	4.883E-20	202	284	287	37680	37928	249	37662	37946
306552061	-1	205	6.998E-51	3	23813	24398	1325	124	0.699	2.107E-29	112	197	264	-24398	-24138	261	24446	24060
306552061	-1	205	6.998E-51	3	23813	24398	1326	36	0.752	2.566E+00	206	227	264	-24048	-23983	66	24120	23983
306552061	-1	205	6.998E-51	3	23813	24398	1331	51	0.724	1.056E-05	228	260	264	-23911	-23813	99	23917	23810
306581786	-1	394	8.918E-108	3	33531	34439	1092	205	0.948	8.947E-58	8	109	220	-34439	-34134	306	34484	34134
306581786	-1	394	8.918E-108	3	33531	34439	1101	105	0.854	8.502E-24	107	164	220	-33920	-33747	174	33953	33735
306581786	-1	394	8.918E-108	3	33531	34439	1105	87	0.779	1.600E-17	163	215	220	-33689	-33531	159	33731	33522
306585643	1	299	3.533E-79	3	36651	37925	839	35	0.569	2.656E+01	10	38	287	36651	36737	87	36534	36737
306585643	1	299	3.533E-79	3	36651	37925	853	169	0.495	4.170E-42	38	198	287	37064	37609	546	36752	37621
306585643	1	299	3.533E-79	3	36651	37925	858	96	0.586	4.883E-20	201	282	287	37680	37925	246	37662	37946
306600350	1	120	2.707E-25	1	34240	34431	792	120	0.884	4.749E-29	1	64	78	34240	34431	192	34216	34431
306602194	-1	422	3.322E-116	3	33528	34439	1092	219	1.000	1.408E-62	8	109	218	-34439	-34134	306	34484	34134
306602194	-1	422	3.322E-116	3	33528	34439	1101	104	0.849	1.603E-23	107	164	218	-33920	-33747	174	33953	33735
306602194	-1	422	3.322E-116	3	33528	34439	1105	102	0.888	6.749E-23	163	216	218	-33689	-33528	162	33731	33522
306628735	1	365	4.788E-99	3	36660	37940	839	38	0.683	1.490E+00	32	57	308	36660	36737	78	36534	36737
306628735	1	365	4.788E-99	3	36660	37940	853	199	0.564	2.876E-52	57	217	308	37064	37609	546	36752	37621
306628735	1	365	4.788E-99	3	36660	37940	858	129	0.720	1.371E-31	220	306	308	37680	37940	261	37662	37946
306629210	-1	232	5.214E-59	2	33540	34439	1092	209	0.963	5.207E-59	8	109	220	-34439	-34134	306	34484	34134
306629210	-1	232	5.214E-59	2	33540	34439	1105	75	0.715	3.025E-13	163	212	220	-33689	-33540	150	33731	33522
306633463	-1	394	8.918E-108	3	33537	34439	1092	215	0.988	4.551E-61	8	109	219	-34439	-34134	306	34484	34134
306633463	-1	394	8.918E-108	3	33537	34439	1101	100	0.817	5.249E-22	107	164	219	-33920	-33747	174	33953	33735
306633463	-1	394	8.918E-108	3	33537	34439	1105	82	0.763	9.931E-16	163	213	219	-33689	-33537	153	33731	33522
306634415	1	653	9.628E-186	5	14296	17090	352	142	0.458	4.162E-34	103	271	896	14296	14796	501	14203	14835
306634415	1	653	9.628E-186	5	14296	17090	361	147	0.518	4.275E-36	279	427	896	14883	15329	447	14775	15344
306634415	1	653	9.628E-186	5	14296	17090	375	45	0.410	8.171E-03	502	559	896	15792	15965	174	15768	15965
306634415	1	653	9.628E-186	5	14296	17090	390	278	0.560	4.050E-80	552	809	896	16009	16773	765	16003	16791
306634415	1	653	9.628E-186	5	14296	17090	398	126	0.700	9.896E-31	808	895	896	16827	17090	264	16821	17090
306675735	1	799	1.079E-229	6	14311	17090	352	139	0.458	5.102E-33	118	282	905	14311	14799	489	14203	14835
306675735	1	799	1.079E-229	6	14311	17090	361	166	0.533	8.693E-43	276	438	905	14844	15329	486	14775	15344
306675735	1	799	1.079E-229	6	14311	17090	367	66	0.508	5.034E-10	438	504	905	15389	15589	201	15344	15601
306675735	1	799	1.079E-229	6	14311	17090	375	47	0.454	1.654E-03	515	567	905	15801	15959	159	15768	15965
306675735	1	799	1.079E-229	6	14311	17090	390	271	0.565	8.496E-78	570	818	905	16027	16773	747	16003	16791
306675735	1	799	1.079E-229	6	14311	17090	398	124	0.690	4.820E-30	817	904	905	16827	17090	264	16821	17090
306946190	-1	78	1.191E-12	1	31214	31510	1152	78	0.340	6.758E-13	16	152	183	-31510	-31214	297	31642	31193
311918702	1	139	5.163E-31	1	37064	37573	853	139	0.448	7.293E-32	46	201	312	37064	37573	510	36752	37621
312287877	1	244	1.273E-62	2	36959	37931	853	156	0.427	1.192E-37	8	185	288	36959	37570	612	36752	37621
312287877	1	244	1.273E-62	2	36959	37931	858	102	0.606	3.074E-22	201	284	288	37680	37931	252	37662	37946
312602181	1	265	6.070E-69	2	37064	37928	853	167	0.491	1.977E-41	38	198	287	37064	37609	546	36752	37621
312602181	1	265	6.070E-69	2	37064	37928	858	99	0.596	3.874E-21	201	283	287	37680	37928	249	37662	37946
313208072	1	221	1.068E-55	2	36657	37609	839	38	0.655	2.052E+00	13	39	296	36657	36737	81	36534	36737
313208072	1	221	1.068E-55	2	36657	37609	853	183	0.528	5.594E-47	39	199	296	37064	37609	546	36752	37621
313533341	-1	415	4.253E-114	3	33525	34439	1092	220	1.000	1.027E-62	8	109	219	-34439	-34134	306	34484	34134
313533341	-1	415	4.253E-114	3	33525	34439	1101	104	0.846	2.201E-23	107	164	219	-33920	-33747	174	33953	33735
313533341	-1	415	4.253E-114	3	33525	34439	1105	94	0.807	7.253E-20	163	217	219	-33689	-33525	165	33731	33522
313741384	1	378	5.845E-103	3	36624	37931	839	46	0.588	2.497E-03	12	46	297	36624	36737	114	36534	36737
313741384	1	378	5.845E-103	3	36624	37931	853	204	0.576	4.941E-54	46	206	297	37064	37609	546	36752	37621
313741384	1	378	5.845E-103	3	36624	37931	858	129	0.742	1.371E-31	209	292	297	37680	37931	252	37662	37946
314888522	-1	169	4.809E-40	2	23810	24401	1325	139	0.702	1.771E-34	81	176	235	-24401	-24111	291	24446	24060
314888522	-1	169	4.809E-40	2	23810	24401	1331	51	0.706	1.056E-05	199	232	235	-23911	-23810	102	23917	23810
314957285	1	345	5.021E-93	3	36624	37931	839	45	0.570	8.958E-03	14	51	300	36624	36737	114	36534	36737
314957285	1	345	5.021E-93	3	36624	37931	853	185	0.533	1.176E-47	51	211	300	37064	37609	546	36752	37621
314957285	1	345	5.021E-93	3	36624	37931	858	116	0.676	4.721E-27	214	297	300	37680	37931	252	37662	37946
315421808	1	247	1.591E-63	2	37064	37928	853	154	0.461	4.126E-37	41	201	303	37064	37609	546	36752	37621
315421808	1	247	1.591E-63	2	37064	37928	858	99	0.596	3.874E-21	209	291	303	37680	37928	249	37662	37946
315911244	-1	90	2.907E-16	2	23813	24045	1326	36	0.768	4.884E+00	48	68	105	-24045	-23983	63	24120	23983
315911244	-1	90	2.907E-16	2	23813	24045	1331	53	0.755	1.554E-06	69	101	105	-23911	-23813	99	23917	23810
316038431	1	356	2.451E-96	3	36645	37931	839	43	0.637	3.215E-02	6	37	287	36645	36737	93	36534	36737
316038431	1	356	2.451E-96	3	36645	37931	853	200	0.567	8.238E-53	37	197	287	37064	37609	546	36752	37621
316038431	1	356	2.451E-96	3	36645	37931	858	114	0.666	2.299E-26	200	283	287	37680	37931	252	37662	37946
317019225	-1	228	8.342E-58	2	33525	34439	1092	206	0.950	6.523E-58	8	109	218	-34439	-34134	306	34484	34134
317019225	-1	228	8.342E-58	2	33525	34439	1105	74	0.656	4.157E-13	163	217	218	-33689	-33525	165	33731	33522
317445186	1	420	1.329E-115	4	15389	17090	367	63	0.472	1.204E-08	373	441	838	15389	15595	207	15344	15601
317445186	1	420	1.329E-115	4	15389	17090	375	40	0.400	3.790E-01	454	506	838	15801	15959	159	15768	15965
317445186	1	420	1.329E-115	4	15389	17090	390	211	0.469	4.596E-57	511	751	838	16039	16773	735	16003	16791
317445186	1	420	1.329E-115	4	15389	17090	398	120	0.669	1.570E-28	750	837	838	16827	17090	264	16821	17090
317747836	1	276	2.964E-72	2	37064	37931	853	168	0.491	1.448E-41	37	197	291	37064	37609	546	36752	37621
317747836	1	276	2.964E-72	2	37064	37931	858	109	0.644	7.488E-25	200	283	291	37680	37931	252	37662	37946
317924656	1	329	3.290E-88	3	36645	37931	839	44	0.660	2.336E-02	19	49	297	36645	36737	93	36534	36737
317924656	1	329	3.290E-88	3	36645	37931	853	179	0.519	1.265E-45	49	209	297	37064	37609	546	36752	37621
317924656	1	329	3.290E-88	3	36645	37931	858	107	0.632	5.007E-24	212	295	297	37680	37931	252	37662	37946
318812698	1	788	2.210E-226	6	14296	17090	352	139	0.439	3.730E-33	102	276	896	14296	14814	519	14203	14835
318812698	1	788	2.210E-226	6	14296	17090	361	144	0.499	3.856E-35	275	427	896	14877	15329	453	14775	15344
318812698	1	788	2.210E-226	6	14296	17090	367	64	0.468	4.646E-09	427	497	896	15389	15601	213	15344	15601
318812698	1	788	2.210E-226	6	14296	17090	375	44	0.404	1.548E-02	502	559	896	15792	15965	174	15768	15965
318812698	1	788	2.210E-226	6	14296	17090	390	273	0.568	2.415E-78	561	809	896	16036	16773	738	16003	16791
318812698	1	788	2.210E-226	6	14296	17090	398	125	0.696	1.864E-30	808	895	896	16827	17090	264	16821	17090
319328779	1	366	2.394E-99	3	36657	37943	839	37	0.642	3.892E+00	21	47	298	36657	36737	81	36534	36737
319328779	1	366	2.394E-99	3	36657	37943	853	200	0.567	8.238E-53	47	207	298	37064	37609	546	36752	37621
319328779	1	366	2.394E-99	3	36657	37943	858	130	0.717	7.278E-32	210	297	298	37680	37943	264	37662	37946
319442513	1	236	3.259E-60	1	16033	16773	390	236	0.507	1.191E-65	63	310	397	16033	16773	741	16003	16791
320118937	-1	146	4.034E-33	2	20301	21102	1407	38	0.593	1.470E+00	5	34	226	-21102	-21016	87	21132	20971
320118937	-1	146	4.034E-33	2	20301	21102	1422	145	0.736	1.183E-36	73	167	226	-20588	-20301	288	20636	20247
320189614	-1	180	2.348E-43	2	20000	24398	1325	145	0.736	1.131E-36	77	171	249	-24398	-24111	288	24446	24060
320189614	-1	180	2.348E-43	2	20000	24398	1426	56	0.792	1.664E-07	194	226	249	-20098	-20000	99	20104	19997
320212041	-1	174	1.503E-41	2	23813	24398	1325	140	0.712	9.417E-35	77	171	251	-24398	-24111	288	24446	24060
320212041	-1	174	1.503E-41	2	23813	24398	1331	55	0.781	3.150E-07	194	226	251	-23911	-23813	99	23917	23810
320347647	-1	195	7.166E-48	3	20170	21096	1407	44	0.727	8.691E-03	5	32	214	-21096	-21016	81	21132	20971
320347647	-1	195	7.166E-48	3	20170	21096	1422	149	0.747	5.025E-38	70	166	214	-20591	-20301	291	20636	20247
320347647	-1	195	7.166E-48	3	20170	21096	1423	37	0.768	1.421E+00	167	188	214	-20235	-20170	66	20310	20170
320467839	-1	195	7.166E-48	2	23983	24401	1325	158	0.785	4.605E-41	72	168	207	-24401	-24111	291	24446	24060
320467839	-1	195	7.166E-48	2	23983	24401	1326	36	0.744	3.540E+00	169	190	207	-24048	-23983	66	24120	23983
320489279	-1	152	6.303E-35	2	20301	24783	1317	40	0.560	4.121E+00	1	34	226	-24783	-24685	99	24840	24469
320489279	-1	152	6.303E-35	2	20301	24783	1422	149	0.753	5.025E-38	73	167	226	-20588	-20301	288	20636	20247
320495325	-1	172	6.011E-41	3	23983	24747	1317	38	0.826	1.042E+01	9	29	219	-24747	-24685	63	24840	24469
320495325	-1	172	6.011E-41	3	23983	24747	1325	144	0.687	4.000E-36	68	170	219	-24398	-24096	303	24446	24060
320495325	-1	172	6.011E-41	3	23983	24747	1326	35	0.729	6.739E+00	162	183	219	-24048	-23983	66	24120	23983
320552792	-1	169	4.809E-40	2	23810	24401	1325	139	0.700	2.429E-34	80	175	234	-24401	-24111	291	24446	24060
320552792	-1	169	4.809E-40	2	23810	24401	1331	51	0.706	1.056E-05	198	231	234	-23911	-23810	102	23917	23810
320569319	-1	177	1.878E-42	3	19997	21114	1407	41	0.595	8.188E-02	3	35	293	-21114	-21016	99	21132	20971
320569319	-1	177	1.878E-42	3	19997	21114	1422	133	0.648	2.115E-32	74	175	293	-20588	-20283	306	20636	20247
320569319	-1	177	1.878E-42	3	19997	21114	1426	51	0.706	1.056E-05	188	221	293	-20098	-19997	102	20104	19997
320639067	-1	173	3.006E-41	2	20000	20588	1422	139	0.708	1.852E-34	76	170	257	-20588	-20301	288	20636	20247
320639067	-1	173	3.006E-41	2	20000	20588	1426	55	0.771	5.963E-07	193	225	257	-20098	-20000	99	20104	19997
320686741	1	653	9.628E-186	5	14296	17090	352	142	0.458	4.162E-34	103	271	896	14296	14796	501	14203	14835
320686741	1	653	9.628E-186	5	14296	17090	361	147	0.518	4.275E-36	279	427	896	14883	15329	447	14775	15344
320686741	1	653	9.628E-186	5	14296	17090	375	45	0.410	8.171E-03	502	559	896	15792	15965	174	15768	15965
320686741	1	653	9.628E-186	5	14296	17090	390	278	0.560	4.050E-80	552	809	896	16009	16773	765	16003	16791
320686741	1	653	9.628E-186	5	14296	17090	398	126	0.702	7.211E-31	808	895	896	16827	17090	264	16821	17090
320689605	-1	405	4.355E-111	3	33531	34439	1092	220	1.000	1.027E-62	14	115	225	-34439	-34134	306	34484	34134
320689605	-1	405	4.355E-111	3	33531	34439	1101	100	0.814	7.208E-22	113	170	225	-33920	-33747	174	33953	33735
320689605	-1	405	4.355E-111	3	33531	34439	1105	88	0.786	8.478E-18	169	221	225	-33689	-33531	159	33731	33522
320699094	-1	380	1.461E-103	3	33540	34439	1092	211	0.971	1.073E-59	8	109	215	-34439	-34134	306	34484	34134
320699094	-1	380	1.461E-103	3	33540	34439	1101	96	0.785	1.720E-20	107	164	215	-33920	-33747	174	33953	33735
320699094	-1	380	1.461E-103	3	33540	34439	1105	76	0.725	1.166E-13	163	212	215	-33689	-33540	150	33731	33522
320722461	-1	402	3.484E-110	3	33540	34439	1092	217	0.997	6.835E-62	8	109	219	-34439	-34134	306	34484	34134
320722461	-1	402	3.484E-110	3	33540	34439	1101	109	0.883	3.569E-25	107	164	219	-33920	-33747	174	33953	33735
320722461	-1	402	3.484E-110	3	33540	34439	1105	79	0.749	1.261E-14	163	212	219	-33689	-33540	150	33731	33522
320794148	1	273	2.371E-71	5	14329	17090	352	133	0.450	7.642E-31	95	255	881	14329	14805	477	14203	14835
320794148	1	273	2.371E-71	5	14329	17090	361	162	0.520	2.020E-41	246	409	881	14841	15329	489	14775	15344
320794148	1	273	2.371E-71	5	14329	17090	367	63	0.499	6.382E-09	410	474	881	15392	15586	195	15344	15601
320794148	1	273	2.371E-71	5	14329	17090	375	51	0.466	6.794E-05	485	540	881	15792	15959	168	15768	15965
320794148	1	273	2.371E-71	5	14329	17090	398	130	0.721	3.041E-32	793	880	881	16827	17090	264	16821	17090
320796788	1	336	2.571E-90	3	36663	37931	839	37	0.679	5.360E+00	10	34	283	36663	36737	75	36534	36737
320796788	1	336	2.571E-90	3	36663	37931	853	194	0.552	1.670E-50	34	194	283	37064	37609	546	36752	37621
320796788	1	336	2.571E-90	3	36663	37931	858	106	0.628	9.432E-24	197	280	283	37680	37931	252	37662	37946
320839949	1	67	2.438E-09	1	15392	15598	367	67	0.498	3.665E-10	8	76	127	15392	15598	207	15344	15601
320907121	-1	193	2.866E-47	2	33531	33920	1101	99	0.808	1.359E-21	34	91	147	-33920	-33747	174	33953	33735
320907121	-1	193	2.866E-47	2	33531	33920	1105	95	0.843	2.800E-20	90	142	147	-33689	-33531	159	33731	33522
320907503	1	283	2.315E-74	2	37064	37943	853	173	0.505	1.357E-43	37	197	291	37064	37609	546	36752	37621
320907503	1	283	2.315E-74	2	37064	37943	858	111	0.620	2.896E-25	200	288	291	37680	37943	264	37662	37946
320923889	1	528	4.095E-148	4	14859	16773	361	156	0.520	2.261E-39	226	383	852	14859	15329	471	14775	15344
320923889	1	528	4.095E-148	4	14859	16773	367	66	0.485	5.034E-10	383	453	852	15389	15601	213	15344	15601
320923889	1	528	4.095E-148	4	14859	16773	375	49	0.460	2.435E-04	461	515	852	15801	15965	165	15768	15965
320923889	1	528	4.095E-148	4	14859	16773	390	261	0.548	3.014E-74	517	765	852	16036	16773	738	16003	16791
320924042	1	248	7.956E-64	2	36959	37931	853	156	0.426	1.626E-37	8	185	288	36959	37570	612	36752	37621
320924042	1	248	7.956E-64	2	36959	37931	858	106	0.626	1.295E-23	201	284	288	37680	37931	252	37662	37946
320931757	1	556	1.526E-156	4	14329	17090	352	132	0.445	1.954E-30	128	289	883	14329	14805	477	14203	14835
320931757	1	556	1.526E-156	4	14329	17090	361	152	0.497	9.838E-38	281	442	883	14844	15329	486	14775	15344
320931757	1	556	1.526E-156	4	14329	17090	390	263	0.542	6.260E-75	548	796	883	16012	16773	762	16003	16791
320931757	1	556	1.526E-156	4	14329	17090	398	121	0.673	8.332E-29	795	882	883	16827	17090	264	16821	17090
320989858	-1	385	4.566E-105	3	33531	34439	1092	217	0.997	6.835E-62	8	109	221	-34439	-34134	306	34484	34134
320989858	-1	385	4.566E-105	3	33531	34439	1101	96	0.788	1.252E-20	107	164	221	-33920	-33747	174	33953	33735
320989858	-1	385	4.566E-105	3	33531	34439	1105	75	0.684	2.202E-13	163	215	221	-33689	-33531	159	33731	33522
320994934	1	279	3.705E-73	2	37118	37940	853	164	0.521	3.251E-40	2	145	237	37118	37612	495	36752	37621
320994934	1	279	3.705E-73	2	37118	37940	858	114	0.641	2.299E-26	147	234	237	37680	37940	261	37662	37946
320999286	-1	218	8.542E-55	1	34137	34445	1092	218	0.990	4.983E-62	0	102	103	-34445	-34137	309	34484	34134
321032648	1	230	2.085E-58	2	37151	37937	853	130	0.471	1.203E-28	1	127	222	37151	37594	444	36752	37621
321032648	1	230	2.085E-58	2	37151	37937	858	106	0.614	1.295E-23	135	220	222	37680	37937	258	37662	37946
321063721	-1	215	6.834E-54	1	34134	34439	1092	215	0.989	3.318E-61	8	109	178	-34439	-34134	306	34484	34134
321081235	1	808	2.108E-232	6	14329	17090	352	151	0.501	3.076E-37	75	234	857	14329	14805	477	14203	14835
321081235	1	808	2.108E-232	6	14329	17090	361	158	0.542	8.803E-40	238	388	857	14880	15329	450	14775	15344
321081235	1	808	2.108E-232	6	14329	17090	367	69	0.501	5.456E-11	388	458	857	15389	15601	213	15344	15601
321081235	1	808	2.108E-232	6	14329	17090	375	52	0.485	1.896E-05	466	520	857	15801	15965	165	15768	15965
321081235	1	808	2.108E-232	6	14329	17090	390	259	0.544	1.987E-73	522	770	857	16036	16773	738	16003	16791
321081235	1	808	2.108E-232	6	14329	17090	398	124	0.692	3.512E-30	769	856	857	16827	17090	264	16821	17090
321127012	1	375	4.676E-102	3	36648	37940	839	46	0.707	4.730E-03	39	68	319	36648	36737	90	36534	36737
321127012	1	375	4.676E-102	3	36648	37940	853	206	0.581	7.567E-55	68	228	319	37064	37609	546	36752	37621
321127012	1	375	4.676E-102	3	36648	37940	858	124	0.695	8.397E-30	231	317	319	37680	37940	261	37662	37946
321128187	-1	216	3.417E-54	1	34137	34445	1092	216	0.985	1.286E-61	0	102	103	-34445	-34137	309	34484	34134
321137204	-1	437	1.014E-120	3	33528	34439	1092	223	1.000	8.197E-64	8	109	219	-34439	-34134	306	34484	34134
321137204	-1	437	1.014E-120	3	33528	34439	1101	108	0.875	9.238E-25	107	164	219	-33920	-33747	174	33953	33735
321137204	-1	437	1.014E-120	3	33528	34439	1105	109	0.942	3.075E-25	163	216	219	-33689	-33528	162	33731	33522
321140155	-1	413	1.701E-113	3	33525	34439	1092	219	1.000	1.931E-62	8	109	219	-34439	-34134	306	34484	34134
321140155	-1	413	1.701E-113	3	33525	34439	1101	104	0.846	2.201E-23	107	164	219	-33920	-33747	174	33953	33735
321140155	-1	413	1.701E-113	3	33525	34439	1105	93	0.801	1.368E-19	163	217	219	-33689	-33525	165	33731	33522
321143763	1	331	8.226E-89	3	36663	37931	839	41	0.755	1.589E-01	27	51	300	36663	36737	75	36534	36737
321143763	1	331	8.226E-89	3	36663	37931	853	173	0.505	1.357E-43	51	211	300	37064	37609	546	36752	37621
321143763	1	331	8.226E-89	3	36663	37931	858	118	0.686	9.694E-28	214	297	300	37680	37931	252	37662	37946
321185314	-1	217	1.708E-54	1	34137	34445	1092	217	0.987	9.375E-62	0	102	103	-34445	-34137	309	34484	34134
321196632	1	226	3.337E-57	2	37064	37913	853	145	0.444	5.161E-34	30	195	288	37064	37603	540	36752	37621
321196632	1	226	3.337E-57	2	37064	37913	858	87	0.581	5.197E-17	203	277	288	37689	37913	225	37662	37946
326305677	1	145	8.068E-33	1	37064	37573	853	145	0.461	9.587E-34	43	193	303	37064	37573	510	36752	37621
326452742	1	149	5.042E-34	1	37064	37573	853	149	0.471	4.327E-35	55	210	321	37064	37573	510	36752	37621
326477568	1	145	8.068E-33	1	37064	37573	853	145	0.461	9.587E-34	58	213	323	37064	37573	510	36752	37621
326551396	1	150	2.521E-34	1	37064	37573	853	150	0.475	1.252E-35	36	191	302	37064	37573	510	36752	37621
326953876	-1	97	2.271E-18	1	33747	33920	1101	97	0.793	6.640E-21	21	78	83	-33920	-33747	174	33953	33735
326972184	-1	407	1.089E-111	3	33531	34439	1092	213	0.981	1.611E-60	8	109	219	-34439	-34134	306	34484	34134
326972184	-1	407	1.089E-111	3	33531	34439	1101	104	0.846	2.201E-23	107	164	219	-33920	-33747	174	33953	33735
326972184	-1	407	1.089E-111	3	33531	34439	1105	93	0.824	1.879E-19	163	215	219	-33689	-33531	159	33731	33522
327244529	1	296	2.826E-78	3	36645	37946	839	35	0.544	1.929E+01	7	37	289	36645	36737	93	36534	36737
327244529	1	296	2.826E-78	3	36645	37946	853	161	0.477	2.100E-39	37	197	289	37064	37609	546	36752	37621
327244529	1	296	2.826E-78	3	36645	37946	858	101	0.573	7.949E-22	200	288	289	37680	37946	267	37662	37946
328009214	1	298	7.066E-79	2	37064	37931	853	192	0.548	5.827E-50	37	197	286	37064	37609	546	36752	37621
328009214	1	298	7.066E-79	2	37064	37931	858	107	0.630	6.872E-24	200	283	286	37680	37931	252	37662	37946
329304311	-1	410	1.361E-112	3	33531	34439	1092	215	0.988	4.551E-61	8	109	221	-34439	-34134	306	34484	34134
329304311	-1	410	1.361E-112	3	33531	34439	1101	104	0.843	3.023E-23	107	164	221	-33920	-33747	174	33953	33735
329304311	-1	410	1.361E-112	3	33531	34439	1105	94	0.833	7.253E-20	163	215	221	-33689	-33531	159	33731	33522
330205205	-1	326	2.632E-87	2	33747	34439	1092	220	1.000	5.457E-63	8	109	167	-34439	-34134	306	34484	34134
330205205	-1	326	2.632E-87	2	33747	34439	1101	108	0.875	9.238E-25	107	164	167	-33920	-33747	174	33953	33735
330222196	1	324	1.053E-86	3	36639	37931	839	41	0.595	1.589E-01	13	45	294	36639	36737	99	36534	36737
330222196	1	324	1.053E-86	3	36639	37931	853	171	0.501	6.439E-43	45	205	294	37064	37609	546	36752	37621
330222196	1	324	1.053E-86	3	36639	37931	858	114	0.635	2.299E-26	203	291	294	37668	37931	264	37662	37946
330266607	1	247	1.591E-63	2	37064	37922	853	162	0.505	1.539E-39	37	184	282	37064	37570	507	36752	37621
330266607	1	247	1.591E-63	2	37064	37922	858	98	0.602	1.002E-20	199	279	282	37680	37922	243	37662	37946
330588761	1	316	2.695E-84	3	36663	37937	839	39	0.721	7.861E-01	16	40	293	36663	36737	75	36534	36737
330588761	1	316	2.695E-84	3	36663	37937	853	174	0.507	7.276E-44	40	200	293	37064	37609	546	36752	37621
330588761	1	316	2.695E-84	3	36663	37937	858	104	0.601	4.595E-23	203	289	293	37680	37937	258	37662	37946
330893593	-1	406	2.177E-111	3	33531	34439	1092	213	0.981	1.611E-60	8	109	219	-34439	-34134	306	34484	34134
330893593	-1	406	2.177E-111	3	33531	34439	1101	104	0.843	3.023E-23	107	164	219	-33920	-33747	174	33953	33735
330893593	-1	406	2.177E-111	3	33531	34439	1105	92	0.817	3.546E-19	163	215	219	-33689	-33531	159	33731	33522
330936163	-1	236	3.259E-60	3	23813	24398	1325	147	0.743	3.196E-37	84	178	237	-24398	-24111	288	24446	24060
330936163	-1	236	3.259E-60	3	23813	24398	1326	37	0.768	1.349E+00	179	200	237	-24048	-23983	66	24120	23983
330936163	-1	236	3.259E-60	3	23813	24398	1331	50	0.709	2.754E-05	201	233	237	-23911	-23813	99	23917	23810
330976343	-1	404	8.709E-111	3	33531	34439	1092	213	0.981	1.611E-60	8	109	219	-34439	-34134	306	34484	34134
330976343	-1	404	8.709E-111	3	33531	34439	1101	104	0.846	2.201E-23	107	164	219	-33920	-33747	174	33953	33735
330976343	-1	404	8.709E-111	3	33531	34439	1105	90	0.801	1.734E-18	163	215	219	-33689	-33531	159	33731	33522
331075225	1	266	3.035E-69	2	37064	37925	853	172	0.501	3.454E-43	38	198	287	37064	37609	546	36752	37621
331075225	1	266	3.035E-69	2	37064	37925	858	95	0.584	6.703E-20	201	282	287	37680	37925	246	37662	37946
331692301	-1	217	1.708E-54	1	34134	34439	1092	217	0.996	9.375E-62	8	109	112	-34439	-34134	306	34484	34134
331810259	1	211	1.093E-52	2	36663	37609	839	42	0.762	1.154E-01	17	41	317	36663	36737	75	36534	36737
331810259	1	211	1.093E-52	2	36663	37609	853	169	0.496	3.055E-42	41	201	317	37064	37609	546	36752	37621
331823398	-1	415	4.253E-114	3	33531	34439	1092	217	0.996	9.375E-62	8	109	218	-34439	-34134	306	34484	34134
331823398	-1	415	4.253E-114	3	33531	34439	1101	108	0.875	9.238E-25	107	164	218	-33920	-33747	174	33953	33735
331823398	-1	415	4.253E-114	3	33531	34439	1105	93	0.824	1.879E-19	163	215	218	-33689	-33531	159	33731	33522
332072767	-1	406	2.177E-111	3	33525	34439	1092	213	0.981	1.611E-60	8	109	219	-34439	-34134	306	34484	34134
332072767	-1	406	2.177E-111	3	33525	34439	1101	104	0.846	2.201E-23	107	164	219	-33920	-33747	174	33953	33735
332072767	-1	406	2.177E-111	3	33525	34439	1105	92	0.794	2.581E-19	163	217	219	-33689	-33525	165	33731	33522
332394860	1	649	1.540E-184	5	14296	17090	352	138	0.449	1.306E-32	100	267	892	14296	14796	501	14203	14835
332394860	1	649	1.540E-184	5	14296	17090	361	147	0.519	3.122E-36	275	423	892	14883	15329	447	14775	15344
332394860	1	649	1.540E-184	5	14296	17090	375	45	0.410	8.171E-03	498	555	892	15792	15965	174	15768	15965
332394860	1	649	1.540E-184	5	14296	17090	390	278	0.560	4.050E-80	548	805	892	16009	16773	765	16003	16791
332394860	1	649	1.540E-184	5	14296	17090	398	126	0.702	7.211E-31	804	891	892	16827	17090	264	16821	17090
332683617	-1	264	1.214E-68	2	33525	34439	1092	213	0.981	1.611E-60	8	109	209	-34439	-34134	306	34484	34134
332683617	-1	264	1.214E-68	2	33525	34439	1105	93	0.797	1.879E-19	153	207	209	-33689	-33525	165	33731	33522
332928379	1	633	1.010E-179	5	14323	17090	352	121	0.417	9.043E-27	146	307	933	14323	14799	477	14203	14835
332928379	1	633	1.010E-179	5	14323	17090	361	152	0.493	9.838E-38	301	464	933	14844	15329	486	14775	15344
332928379	1	633	1.010E-179	5	14323	17090	375	48	0.448	4.611E-04	540	595	933	15792	15959	168	15768	15965
332928379	1	633	1.010E-179	5	14323	17090	390	261	0.549	4.128E-74	598	845	933	16033	16770	738	16003	16791
332928379	1	633	1.010E-179	5	14323	17090	398	130	0.721	3.041E-32	845	932	933	16827	17090	264	16821	17090
332985415	-1	401	6.968E-110	3	33531	34439	1092	213	0.981	1.611E-60	8	109	219	-34439	-34134	306	34484	34134
332985415	-1	401	6.968E-110	3	33531	34439	1101	104	0.846	2.201E-23	107	164	219	-33920	-33747	174	33953	33735
332985415	-1	401	6.968E-110	3	33531	34439	1105	87	0.779	1.600E-17	163	215	219	-33689	-33531	159	33731	33522
333023319	-1	402	3.484E-110	3	33531	34439	1092	218	1.000	2.649E-62	38	139	247	-34439	-34134	306	34484	34134
333023319	-1	402	3.484E-110	3	33531	34439	1101	101	0.825	2.027E-22	137	194	247	-33920	-33747	174	33953	33735
333023319	-1	402	3.484E-110	3	33531	34439	1105	86	0.770	4.147E-17	193	245	247	-33689	-33531	159	33731	33522
333033722	1	328	6.581E-88	3	36621	37931	839	46	0.538	3.437E-03	12	53	302	36621	36737	117	36534	36737
333033722	1	328	6.581E-88	3	36621	37931	853	175	0.508	5.328E-44	53	213	302	37064	37609	546	36752	37621
333033722	1	328	6.581E-88	3	36621	37931	858	108	0.638	1.936E-24	216	299	302	37680	37931	252	37662	37946
333060159	-1	406	2.177E-111	3	33531	34439	1092	218	1.000	2.649E-62	8	109	218	-34439	-34134	306	34484	34134
333060159	-1	406	2.177E-111	3	33531	34439	1101	104	0.846	2.201E-23	107	164	218	-33920	-33747	174	33953	33735
333060159	-1	406	2.177E-111	3	33531	34439	1105	87	0.776	2.198E-17	163	215	218	-33689	-33531	159	33731	33522
333484594	1	267	1.517E-69	2	37064	37931	853	162	0.477	1.127E-39	38	199	287	37064	37612	549	36752	37621
333484594	1	267	1.517E-69	2	37064	37931	858	104	0.614	8.658E-23	201	284	287	37680	37931	252	37662	37946
333506279	-1	184	1.468E-44	3	19997	21093	1407	41	0.730	8.188E-02	10	35	235	-21093	-21016	78	21132	20971
333506279	-1	184	1.468E-44	3	19997	21093	1422	136	0.658	3.179E-33	74	175	235	-20588	-20283	306	20636	20247
333506279	-1	184	1.468E-44	3	19997	21093	1426	55	0.756	4.334E-07	188	221	235	-20098	-19997	102	20104	19997
334839321	-1	158	9.848E-37	2	20301	21111	1407	45	0.647	3.326E-03	2	34	227	-21111	-21016	96	21132	20971
334839321	-1	158	9.848E-37	2	20301	21111	1422	151	0.759	1.948E-38	74	168	227	-20588	-20301	288	20636	20247
334889214	-1	252	4.972E-65	4	20000	21093	1407	45	0.770	3.326E-03	6	32	225	-21093	-21016	78	21132	20971
334889214	-1	252	4.972E-65	4	20000	21093	1422	149	0.747	5.025E-38	70	166	225	-20591	-20301	291	20636	20247
334889214	-1	252	4.972E-65	4	20000	21093	1423	37	0.768	1.421E+00	167	188	225	-20235	-20170	66	20310	20170
334889214	-1	252	4.972E-65	4	20000	21093	1426	54	0.760	1.129E-06	189	221	225	-20098	-20000	99	20104	19997
335237715	-1	408	5.443E-112	3	33525	34439	1092	216	0.994	1.286E-61	8	109	220	-34439	-34134	306	34484	34134
335237715	-1	408	5.443E-112	3	33525	34439	1101	104	0.849	1.603E-23	107	164	220	-33920	-33747	174	33953	33735
335237715	-1	408	5.443E-112	3	33525	34439	1105	91	0.782	9.189E-19	163	217	220	-33689	-33525	165	33731	33522
335240869	1	397	1.115E-108	4	14329	15959	352	133	0.450	7.642E-31	95	255	596	14329	14805	477	14203	14835
335240869	1	397	1.115E-108	4	14329	15959	361	162	0.520	2.020E-41	246	409	596	14841	15329	489	14775	15344
335240869	1	397	1.115E-108	4	14329	15959	367	64	0.487	3.382E-09	410	477	596	15392	15595	204	15344	15601
335240869	1	397	1.115E-108	4	14329	15959	375	51	0.466	6.794E-05	485	540	596	15792	15959	168	15768	15965
335270347	-1	397	1.115E-108	3	33528	34439	1092	218	1.000	3.633E-62	8	109	219	-34439	-34134	306	34484	34134
335270347	-1	397	1.115E-108	3	33528	34439	1101	106	0.863	3.284E-24	107	164	219	-33920	-33747	174	33953	33735
335270347	-1	397	1.115E-108	3	33528	34439	1105	76	0.676	1.602E-13	163	216	219	-33689	-33528	162	33731	33522
335288105	1	267	1.517E-69	2	37064	37931	853	166	0.488	5.028E-41	37	197	306	37064	37609	546	36752	37621
335288105	1	267	1.517E-69	2	37064	37931	858	102	0.608	2.239E-22	200	283	306	37680	37931	252	37662	37946
335302142	-1	218	8.542E-55	1	34137	34445	1092	218	0.992	3.633E-62	0	102	103	-34445	-34137	309	34484	34134
335326200	1	645	2.465E-183	5	14326	17090	352	121	0.419	9.043E-27	49	209	829	14326	14805	480	14203	14835
335326200	1	645	2.465E-183	5	14326	17090	361	182	0.571	2.962E-48	200	363	829	14841	15329	489	14775	15344
335326200	1	645	2.465E-183	5	14326	17090	367	63	0.461	1.204E-08	363	433	829	15389	15601	213	15344	15601
335326200	1	645	2.465E-183	5	14326	17090	390	230	0.501	1.810E-63	500	742	829	16039	16773	735	16003	16791
335326200	1	645	2.465E-183	5	14326	17090	398	122	0.679	3.222E-29	741	828	829	16827	17090	264	16821	17090
335382158	1	63	3.901E-08	1	15389	15595	367	63	0.476	6.382E-09	7	75	118	15389	15595	207	15344	15601
335402870	-1	253	2.486E-65	3	19997	20588	1422	162	0.809	2.047E-42	70	164	224	-20588	-20301	288	20636	20247
335402870	-1	253	2.486E-65	3	19997	20588	1423	35	0.729	7.100E+00	165	186	224	-20235	-20170	66	20310	20170
335402870	-1	253	2.486E-65	3	19997	20588	1426	54	0.741	1.129E-06	187	220	224	-20098	-19997	102	20104	19997
335412969	1	328	6.581E-88	3	36639	37931	839	43	0.616	4.425E-02	21	53	302	36639	36737	99	36534	36737
335412969	1	328	6.581E-88	3	36639	37931	853	179	0.518	1.728E-45	53	213	302	37064	37609	546	36752	37621
335412969	1	328	6.581E-88	3	36639	37931	858	107	0.632	5.007E-24	216	299	302	37680	37931	252	37662	37946
335427439	1	349	3.138E-94	3	36663	37931	839	38	0.707	1.490E+00	13	37	287	36663	36737	75	36534	36737
335427439	1	349	3.138E-94	3	36663	37931	853	197	0.560	1.004E-51	37	197	287	37064	37609	546	36752	37621
335427439	1	349	3.138E-94	3	36663	37931	858	115	0.672	8.893E-27	200	283	287	37680	37931	252	37662	37946
335461551	-1	405	4.355E-111	3	33525	34439	1092	213	0.981	1.611E-60	8	109	219	-34439	-34134	306	34484	34134
335461551	-1	405	4.355E-111	3	33525	34439	1101	104	0.846	2.201E-23	107	164	219	-33920	-33747	174	33953	33735
335461551	-1	405	4.355E-111	3	33525	34439	1105	91	0.785	6.690E-19	163	217	219	-33689	-33525	165	33731	33522
335480173	1	319	3.369E-85	3	36663	37937	839	39	0.721	7.861E-01	16	40	293	36663	36737	75	36534	36737
335480173	1	319	3.369E-85	3	36663	37937	853	173	0.504	1.853E-43	40	200	293	37064	37609	546	36752	37621
335480173	1	319	3.369E-85	3	36663	37937	858	108	0.616	3.648E-24	203	289	293	37680	37937	258	37662	37946
335480266	1	464	7.554E-129	4	14341	17090	352	87	0.394	2.690E-15	75	199	822	14341	14715	375	14203	14835
335480266	1	464	7.554E-129	4	14341	17090	361	175	0.569	8.559E-46	198	355	822	14859	15329	471	14775	15344
335480266	1	464	7.554E-129	4	14341	17090	390	219	0.483	8.666E-60	492	735	822	16039	16773	735	16003	16791
335480266	1	464	7.554E-129	4	14341	17090	398	119	0.666	2.957E-28	734	821	822	16827	17090	264	16821	17090
335553818	-1	411	6.804E-113	3	33525	34439	1092	217	0.996	9.375E-62	8	109	219	-34439	-34134	306	34484	34134
335553818	-1	411	6.804E-113	3	33525	34439	1101	106	0.857	6.192E-24	107	164	219	-33920	-33747	174	33953	33735
335553818	-1	411	6.804E-113	3	33525	34439	1105	91	0.788	4.870E-19	163	217	219	-33689	-33525	165	33731	33522
335556061	1	660	7.522E-188	5	14329	16773	352	140	0.461	1.994E-33	34	198	821	14329	14805	477	14203	14835
335556061	1	660	7.522E-188	5	14329	16773	361	154	0.528	2.043E-38	201	352	821	14877	15329	453	14775	15344
335556061	1	660	7.522E-188	5	14329	16773	367	66	0.483	6.915E-10	352	422	821	15389	15601	213	15344	15601
335556061	1	660	7.522E-188	5	14329	16773	375	44	0.420	1.548E-02	430	484	821	15801	15965	165	15768	15965
335556061	1	660	7.522E-188	5	14329	16773	390	260	0.546	7.740E-74	486	734	821	16036	16773	738	16003	16791
335576360	1	324	1.053E-86	3	36648	37928	839	40	0.622	5.709E-01	9	38	285	36648	36737	90	36534	36737
335576360	1	324	1.053E-86	3	36648	37928	853	183	0.526	1.044E-46	38	198	285	37064	37609	546	36752	37621
335576360	1	324	1.053E-86	3	36648	37928	858	102	0.604	4.219E-22	201	284	285	37680	37928	249	37662	37946
335655432	-1	213	2.733E-53	1	34137	34445	1092	213	0.971	2.209E-60	0	102	103	-34445	-34137	309	34484	34134
335669239	-1	241	1.018E-61	3	23813	24401	1325	156	0.774	3.065E-40	68	163	225	-24401	-24111	291	24446	24060
335669239	-1	241	1.018E-61	3	23813	24401	1326	34	0.726	2.445E+01	165	185	225	-24045	-23983	63	24120	23983
335669239	-1	241	1.018E-61	3	23813	24401	1331	49	0.704	3.791E-05	186	218	225	-23911	-23813	99	23917	23810
335681434	1	271	9.484E-71	2	37064	37943	853	174	0.505	9.936E-44	38	198	362	37064	37609	546	36752	37621
335681434	1	271	9.484E-71	2	37064	37943	858	98	0.565	7.299E-21	201	288	362	37680	37943	264	37662	37946
335692708	1	320	1.685E-85	3	36645	37940	839	44	0.666	1.697E-02	20	50	313	36645	36737	93	36534	36737
335692708	1	320	1.685E-85	3	36645	37940	853	173	0.503	2.530E-43	50	210	313	37064	37609	546	36752	37621
335692708	1	320	1.685E-85	3	36645	37940	858	104	0.601	4.595E-23	213	299	313	37680	37940	261	37662	37946
335758749	1	646	1.232E-183	5	14880	17090	361	153	0.529	3.831E-38	235	385	854	14880	15329	450	14775	15344
335758749	1	646	1.232E-183	5	14880	17090	367	71	0.513	1.116E-11	385	455	854	15389	15601	213	15344	15601
335758749	1	646	1.232E-183	5	14880	17090	375	43	0.411	4.039E-02	463	517	854	15801	15965	165	15768	15965
335758749	1	646	1.232E-183	5	14880	17090	390	261	0.548	2.201E-74	519	767	854	16036	16773	738	16003	16791
335758749	1	646	1.232E-183	5	14880	17090	398	122	0.679	3.222E-29	766	853	854	16827	17090	264	16821	17090
341227959	1	150	2.521E-34	1	37064	37573	853	150	0.475	1.252E-35	56	211	322	37064	37573	510	36752	37621
341811898	1	288	7.235E-76	3	36663	37808	839	39	0.721	7.861E-01	16	40	266	36663	36737	75	36534	36737
341811898	1	288	7.235E-76	3	36663	37808	853	174	0.507	7.276E-44	40	200	266	37064	37609	546	36752	37621
341811898	1	288	7.235E-76	3	36663	37808	858	76	0.823	5.091E-13	203	245	266	37680	37808	129	37662	37946
342082411	1	305	5.520E-81	3	36663	37928	839	36	0.659	1.400E+01	8	32	286	36663	36737	75	36534	36737
342082411	1	305	5.520E-81	3	36663	37928	853	169	0.493	4.170E-42	32	188	286	37064	37612	549	36752	37621
342082411	1	305	5.520E-81	3	36663	37928	858	99	0.598	2.822E-21	190	272	286	37680	37928	249	37662	37946
342371948	-1	421	6.645E-116	3	33525	34439	1092	220	1.000	5.457E-63	8	109	218	-34439	-34134	306	34484	34134
342371948	-1	421	6.645E-116	3	33525	34439	1101	104	0.849	1.603E-23	107	164	218	-33920	-33747	174	33953	33735
342371948	-1	421	6.645E-116	3	33525	34439	1105	100	0.856	4.527E-22	163	217	218	-33689	-33525	165	33731	33522
343012146	1	324	1.053E-86	3	36639	37931	839	42	0.600	1.154E-01	21	53	302	36639	36737	99	36534	36737
343012146	1	324	1.053E-86	3	36639	37931	853	176	0.512	1.532E-44	53	213	302	37064	37609	546	36752	37621
343012146	1	324	1.053E-86	3	36639	37931	858	107	0.632	5.007E-24	216	299	302	37680	37931	252	37662	37946
344062109	1	513	1.342E-143	4	14844	17090	361	158	0.510	6.427E-40	214	376	837	14844	15329	486	14775	15344
344062109	1	513	1.342E-143	4	14844	17090	367	62	0.462	2.273E-08	376	445	837	15389	15598	210	15344	15601
344062109	1	513	1.342E-143	4	14844	17090	390	237	0.510	8.697E-66	510	750	837	16036	16773	738	16003	16791
344062109	1	513	1.342E-143	4	14844	17090	398	119	0.666	2.957E-28	749	836	837	16827	17090	264	16821	17090
344437689	1	261	9.711E-68	2	37118	37928	853	154	0.498	7.675E-37	2	144	237	37118	37609	492	36752	37621
344437689	1	261	9.711E-68	2	37118	37928	858	106	0.624	1.777E-23	146	229	237	37677	37928	252	37662	37946
344672254	1	182	5.870E-44	4	14308	17090	352	139	0.457	6.979E-33	91	255	879	14308	14799	492	14203	14835
344672254	1	182	5.870E-44	4	14308	17090	361	169	0.554	7.014E-44	254	411	879	14859	15329	471	14775	15344
344672254	1	182	5.870E-44	4	14308	17090	367	63	0.461	1.204E-08	411	481	879	15389	15601	213	15344	15601
344672254	1	182	5.870E-44	4	14308	17090	398	119	0.668	2.154E-28	791	878	879	16827	17090	264	16821	17090
344943040	-1	400	1.394E-109	3	33525	34439	1092	219	1.000	1.408E-62	8	109	219	-34439	-34134	306	34484	34134
344943040	-1	400	1.394E-109	3	33525	34439	1101	108	0.875	9.238E-25	107	164	219	-33920	-33747	174	33953	33735
344943040	-1	400	1.394E-109	3	33525	34439	1105	76	0.672	8.486E-14	163	217	219	-33689	-33525	165	33731	33522
345005152	-1	390	1.427E-106	3	33525	34439	1092	214	0.984	8.562E-61	8	109	221	-34439	-34134	306	34484	34134
345005152	-1	390	1.427E-106	3	33525	34439	1101	98	0.802	2.564E-21	107	164	221	-33920	-33747	174	33953	33735
345005152	-1	390	1.427E-106	3	33525	34439	1105	81	0.709	1.875E-15	163	217	221	-33689	-33525	165	33731	33522
345571077	-1	404	8.709E-111	3	33525	34439	1092	213	0.981	1.611E-60	8	109	219	-34439	-34134	306	34484	34134
345571077	-1	404	8.709E-111	3	33525	34439	1101	104	0.846	2.201E-23	107	164	219	-33920	-33747	174	33953	33735
345571077	-1	404	8.709E-111	3	33525	34439	1105	90	0.779	1.262E-18	163	217	219	-33689	-33525	165	33731	33522
346242984	1	244	1.273E-62	2	37064	37931	853	155	0.489	3.025E-37	37	185	288	37064	37570	507	36752	37621
346242984	1	244	1.273E-62	2	37064	37931	858	103	0.610	1.631E-22	201	284	288	37680	37931	252	37662	37946
346433239	1	636	1.262E-180	5	14299	17090	352	200	0.604	5.061E-54	90	257	883	14299	14799	501	14203	14835
346433239	1	636	1.262E-180	5	14299	17090	367	69	0.525	5.456E-11	418	484	883	15398	15598	201	15344	15601
346433239	1	636	1.262E-180	5	14299	17090	375	61	0.569	1.709E-08	493	545	883	15801	15959	159	15768	15965
346433239	1	636	1.262E-180	5	14299	17090	390	331	0.666	1.438E-98	548	796	883	16033	16773	741	16003	16791
346433239	1	636	1.262E-180	5	14299	17090	398	141	0.772	5.904E-36	795	882	883	16827	17090	264	16821	17090
347201996	-1	234	1.303E-59	3	19997	20591	1422	146	0.733	6.289E-37	76	171	232	-20591	-20301	291	20636	20247
347201996	-1	234	1.303E-59	3	19997	20591	1423	34	0.735	1.866E+01	173	193	232	-20232	-20170	63	20310	20170
347201996	-1	234	1.303E-59	3	19997	20591	1426	52	0.721	4.050E-06	194	227	232	-20098	-19997	102	20104	19997
347236189	1	503	1.374E-140	4	14392	16773	352	119	0.469	4.308E-26	140	275	897	14392	14799	408	14203	14835
347236189	1	503	1.374E-140	4	14392	16773	361	149	0.484	1.216E-36	269	432	897	14844	15329	486	14775	15344
347236189	1	503	1.374E-140	4	14392	16773	367	61	0.481	5.892E-08	432	496	897	15389	15583	195	15344	15601
347236189	1	503	1.374E-140	4	14392	16773	390	247	0.528	1.803E-69	566	810	897	16033	16773	741	16003	16791
347684635	-1	397	1.115E-108	3	33531	34439	1092	215	0.988	4.551E-61	8	109	218	-34439	-34134	306	34484	34134
347684635	-1	397	1.115E-108	3	33531	34439	1101	102	0.834	7.827E-23	107	164	218	-33920	-33747	174	33953	33735
347684635	-1	397	1.115E-108	3	33531	34439	1105	83	0.747	3.830E-16	163	215	218	-33689	-33531	159	33731	33522
348411039	-1	404	8.709E-111	3	33525	34439	1092	217	0.997	6.835E-62	8	109	219	-34439	-34134	306	34484	34134
348411039	-1	404	8.709E-111	3	33525	34439	1101	109	0.883	3.569E-25	107	164	219	-33920	-33747	174	33953	33735
348411039	-1	404	8.709E-111	3	33525	34439	1105	81	0.712	1.364E-15	163	217	219	-33689	-33525	165	33731	33522
348875441	-1	177	1.878E-42	2	23813	24401	1325	143	0.719	7.524E-36	59	154	243	-24401	-24111	291	24446	24060
348875441	-1	177	1.878E-42	2	23813	24401	1331	55	0.776	4.334E-07	177	209	243	-23911	-23813	99	23917	23810
349006402	1	436	2.028E-120	4	15389	17090	367	61	0.459	3.122E-08	379	448	843	15389	15598	210	15344	15601
349006402	1	436	2.028E-120	4	15389	17090	375	38	0.361	1.878E+00	453	510	843	15792	15959	168	15768	15965
349006402	1	436	2.028E-120	4	15389	17090	390	224	0.492	1.466E-61	515	756	843	16039	16773	735	16003	16791
349006402	1	436	2.028E-120	4	15389	17090	398	119	0.664	4.059E-28	755	842	843	16827	17090	264	16821	17090
349274811	-1	189	4.586E-46	2	23810	24401	1325	145	0.650	1.551E-36	78	188	232	-24401	-24078	324	24446	24060
349274811	-1	189	4.586E-46	2	23810	24401	1331	50	0.696	2.001E-05	196	229	232	-23911	-23810	102	23917	23810
349357505	-1	169	4.809E-40	2	23813	24398	1325	139	0.710	1.292E-34	78	172	250	-24398	-24111	288	24446	24060
349357505	-1	169	4.809E-40	2	23813	24398	1331	51	0.719	1.453E-05	195	227	250	-23911	-23813	99	23917	23810
349498031	-1	169	4.809E-40	2	23813	24398	1325	139	0.710	1.292E-34	78	172	250	-24398	-24111	288	24446	24060
349498031	-1	169	4.809E-40	2	23813	24398	1331	51	0.719	1.453E-05	195	227	250	-23911	-23813	99	23917	23810
349708029	-1	182	5.870E-44	3	20000	21102	1407	40	0.622	2.954E-01	5	34	232	-21102	-21016	87	21132	20971
349708029	-1	182	5.870E-44	3	20000	21102	1422	149	0.752	6.891E-38	74	168	232	-20588	-20301	288	20636	20247
349708029	-1	182	5.870E-44	3	20000	21102	1426	52	0.740	4.050E-06	191	223	232	-20098	-20000	99	20104	19997
349722817	-1	176	3.757E-42	3	19997	21105	1407	37	0.588	2.027E+00	6	35	238	-21105	-21016	90	21132	20971
349722817	-1	176	3.757E-42	3	19997	21105	1422	139	0.660	2.540E-34	73	176	238	-20591	-20283	309	20636	20247
349722817	-1	176	3.757E-42	3	19997	21105	1426	49	0.676	7.185E-05	191	224	238	-20098	-19997	102	20104	19997
349772775	-1	414	8.505E-114	3	33525	34439	1092	217	0.997	6.835E-62	8	109	219	-34439	-34134	306	34484	34134
349772775	-1	414	8.505E-114	3	33525	34439	1101	104	0.846	2.201E-23	107	164	219	-33920	-33747	174	33953	33735
349772775	-1	414	8.505E-114	3	33525	34439	1105	96	0.822	1.484E-20	163	217	219	-33689	-33525	165	33731	33522
349775101	-1	380	1.461E-103	3	33528	34439	1092	206	0.950	6.523E-58	8	109	219	-34439	-34134	306	34484	34134
349775101	-1	380	1.461E-103	3	33528	34439	1101	98	0.799	3.521E-21	107	164	219	-33920	-33747	174	33953	33735
349775101	-1	380	1.461E-103	3	33528	34439	1105	79	0.707	6.680E-15	163	216	219	-33689	-33528	162	33731	33522
349783853	-1	237	1.629E-60	3	23813	24398	1325	153	0.769	2.797E-39	68	162	224	-24398	-24111	288	24446	24060
349783853	-1	237	1.629E-60	3	23813	24398	1326	34	0.726	2.445E+01	164	184	224	-24045	-23983	63	24120	23983
349783853	-1	237	1.629E-60	3	23813	24398	1331	48	0.688	9.893E-05	185	217	224	-23911	-23813	99	23917	23810
349811512	1	543	1.250E-152	4	14841	17090	361	160	0.514	1.334E-40	253	416	888	14841	15329	489	14775	15344
349811512	1	543	1.250E-152	4	14841	17090	367	61	0.467	4.289E-08	417	484	888	15392	15595	204	15344	15601
349811512	1	543	1.250E-152	4	14841	17090	390	264	0.549	3.338E-75	550	800	888	16033	16770	738	16003	16791
349811512	1	543	1.250E-152	4	14841	17090	398	120	0.671	1.144E-28	800	887	888	16827	17090	264	16821	17090
349831924	-1	79	5.953E-13	1	33564	33689	1105	79	0.877	9.177E-15	10	51	52	-33689	-33564	126	33731	33522
349877281	-1	405	4.355E-111	3	33531	34439	1092	213	0.981	1.611E-60	8	109	219	-34439	-34134	306	34484	34134
349877281	-1	405	4.355E-111	3	33531	34439	1101	104	0.846	2.201E-23	107	164	219	-33920	-33747	174	33953	33735
349877281	-1	405	4.355E-111	3	33531	34439	1105	91	0.808	9.189E-19	163	215	219	-33689	-33531	159	33731	33522
349897795	-1	182	5.870E-44	2	33531	33902	1101	98	0.880	3.521E-21	0	51	106	-33902	-33747	156	33953	33735
349897795	-1	182	5.870E-44	2	33531	33902	1105	85	0.763	7.827E-17	50	102	106	-33689	-33531	159	33731	33522
349903312	1	212	5.467E-53	2	37250	37931	853	114	0.497	1.919E-23	1	100	190	37250	37612	363	36752	37621
349903312	1	212	5.467E-53	2	37250	37931	858	98	0.577	5.317E-21	100	185	190	37674	37931	258	37662	37946
349924432	-1	395	4.459E-108	3	33540	34439	1092	216	0.992	1.764E-61	8	109	219	-34439	-34134	306	34484	34134
349924432	-1	395	4.459E-108	3	33540	34439	1101	100	0.814	7.208E-22	107	164	219	-33920	-33747	174	33953	33735
349924432	-1	395	4.459E-108	3	33540	34439	1105	82	0.776	9.931E-16	163	212	219	-33689	-33540	150	33731	33522
349957598	-1	406	2.177E-111	3	33531	34442	1092	215	0.979	4.551E-61	17	119	229	-34442	-34134	309	34484	34134
349957598	-1	406	2.177E-111	3	33531	34442	1101	102	0.831	1.075E-22	117	174	229	-33920	-33747	174	33953	33735
349957598	-1	406	2.177E-111	3	33531	34442	1105	92	0.817	3.546E-19	173	225	229	-33689	-33531	159	33731	33522
349984092	1	378	5.845E-103	3	36648	37940	839	44	0.685	1.697E-02	99	128	379	36648	36737	90	36534	36737
349984092	1	378	5.845E-103	3	36648	37940	853	203	0.573	1.262E-53	128	288	379	37064	37609	546	36752	37621
349984092	1	378	5.845E-103	3	36648	37940	858	132	0.736	1.090E-32	291	377	379	37680	37940	261	37662	37946
349987885	1	681	3.587E-194	5	14299	17090	352	143	0.459	3.043E-34	81	249	876	14299	14799	501	14203	14835
349987885	1	681	3.587E-194	5	14299	17090	361	161	0.517	5.191E-41	242	405	876	14841	15329	489	14775	15344
349987885	1	681	3.587E-194	5	14299	17090	367	60	0.478	8.094E-08	406	470	876	15392	15586	195	15344	15601
349987885	1	681	3.587E-194	5	14299	17090	390	268	0.557	1.439E-76	539	788	876	16033	16770	738	16003	16791
349987885	1	681	3.587E-194	5	14299	17090	398	120	0.671	1.144E-28	788	875	876	16827	17090	264	16821	17090
350010368	1	373	1.870E-101	3	36639	37931	839	37	0.543	3.892E+00	2	34	294	36639	36737	99	36534	36737
350010368	1	373	1.870E-101	3	36639	37931	853	218	0.608	8.666E-59	34	194	294	37064	37609	546	36752	37621
350010368	1	373	1.870E-101	3	36639	37931	858	119	0.694	2.732E-28	197	280	294	37680	37931	252	37662	37946
350075117	-1	408	5.443E-112	3	33525	34439	1092	216	0.994	1.286E-61	8	109	219	-34439	-34134	306	34484	34134
350075117	-1	408	5.443E-112	3	33525	34439	1101	106	0.857	6.192E-24	107	164	219	-33920	-33747	174	33953	33735
350075117	-1	408	5.443E-112	3	33525	34439	1105	89	0.770	3.271E-18	163	217	219	-33689	-33525	165	33731	33522
350089584	-1	207	1.749E-51	1	34134	34439	1092	207	0.956	1.843E-58	8	109	125	-34439	-34134	306	34484	34134
350090051	-1	394	8.918E-108	3	33546	34439	1092	219	1.000	1.408E-62	8	109	219	-34439	-34134	306	34484	34134
350090051	-1	394	8.918E-108	3	33546	34439	1101	104	0.849	1.603E-23	107	164	219	-33920	-33747	174	33953	33735
350090051	-1	394	8.918E-108	3	33546	34439	1105	74	0.730	7.851E-13	163	210	219	-33689	-33546	144	33731	33522
350206675	1	355	4.903E-96	3	14844	17090	361	136	0.455	2.062E-32	172	334	795	14844	15329	486	14775	15344
350206675	1	355	4.903E-96	3	14844	17090	390	232	0.504	2.751E-64	468	708	795	16036	16773	738	16003	16791
350206675	1	355	4.903E-96	3	14844	17090	398	120	0.671	1.144E-28	707	794	795	16827	17090	264	16821	17090
350211969	1	177	1.878E-42	1	37064	37609	853	177	0.513	1.122E-44	40	200	334	37064	37609	546	36752	37621
350272962	1	319	3.369E-85	3	36621	37931	839	42	0.497	8.385E-02	12	53	302	36621	36737	117	36534	36737
350272962	1	319	3.369E-85	3	36621	37931	853	169	0.496	3.055E-42	53	213	302	37064	37609	546	36752	37621
350272962	1	319	3.369E-85	3	36621	37931	858	109	0.640	1.411E-24	216	299	302	37680	37931	252	37662	37946
350283850	1	325	5.265E-87	3	36639	37931	839	43	0.621	3.215E-02	21	53	302	36639	36737	99	36534	36737
350283850	1	325	5.265E-87	3	36639	37931	853	177	0.513	8.214E-45	53	213	302	37064	37609	546	36752	37621
350283850	1	325	5.265E-87	3	36639	37931	858	106	0.628	9.432E-24	216	299	302	37680	37931	252	37662	37946
350301009	1	800	5.396E-230	6	14311	17090	352	140	0.461	1.994E-33	118	282	905	14311	14799	489	14203	14835
350301009	1	800	5.396E-230	6	14311	17090	361	166	0.533	8.693E-43	276	438	905	14844	15329	486	14775	15344
350301009	1	800	5.396E-230	6	14311	17090	367	66	0.508	5.034E-10	438	504	905	15389	15589	201	15344	15601
350301009	1	800	5.396E-230	6	14311	17090	375	47	0.454	1.654E-03	515	567	905	15801	15959	159	15768	15965
350301009	1	800	5.396E-230	6	14311	17090	390	271	0.565	8.496E-78	570	818	905	16027	16773	747	16003	16791
350301009	1	800	5.396E-230	6	14311	17090	398	124	0.690	4.820E-30	817	904	905	16827	17090	264	16821	17090
355425877	1	143	3.227E-32	1	37064	37573	853	143	0.458	3.307E-33	54	209	319	37064	37573	510	36752	37621
355603179	1	137	2.065E-30	1	37064	37579	853	137	0.438	4.658E-31	42	199	306	37064	37579	516	36752	37621
355756385	1	149	5.042E-34	1	37064	37573	853	149	0.472	3.174E-35	54	209	319	37064	37573	510	36752	37621
355883056	1	321	8.423E-86	3	36621	37937	839	40	0.505	4.147E-01	0	37	285	36621	36737	117	36534	36737
355883056	1	321	8.423E-86	3	36621	37937	853	175	0.510	2.857E-44	37	196	285	37064	37609	546	36752	37621
355883056	1	321	8.423E-86	3	36621	37937	858	107	0.620	5.007E-24	199	284	285	37680	37937	258	37662	37946
355980373	1	267	1.517E-69	2	37064	37931	853	162	0.478	8.262E-40	38	199	287	37064	37612	549	36752	37621
355980373	1	267	1.517E-69	2	37064	37931	858	104	0.614	8.658E-23	201	284	287	37680	37931	252	37662	37946
356447499	1	405	4.355E-111	4	14329	15959	352	141	0.463	1.065E-33	83	247	533	14329	14805	477	14203	14835
356447499	1	405	4.355E-111	4	14329	15959	361	163	0.538	1.077E-41	244	401	533	14859	15329	471	14775	15344
356447499	1	405	4.355E-111	4	14329	15959	367	64	0.473	2.462E-09	401	471	533	15389	15601	213	15344	15601
356447499	1	405	4.355E-111	4	14329	15959	375	45	0.442	5.936E-03	479	531	533	15801	15959	159	15768	15965
356672017	1	194	1.433E-47	2	36645	37609	839	35	0.544	1.929E+01	7	37	205	36645	36737	93	36534	36737
356672017	1	194	1.433E-47	2	36645	37609	853	159	0.471	1.355E-38	37	197	205	37064	37609	546	36752	37621
356875581	-1	410	1.361E-112	3	33525	34439	1092	216	0.994	1.286E-61	8	109	219	-34439	-34134	306	34484	34134
356875581	-1	410	1.361E-112	3	33525	34439	1101	106	0.857	6.192E-24	107	164	219	-33920	-33747	174	33953	33735
356875581	-1	410	1.361E-112	3	33525	34439	1105	91	0.785	6.690E-19	163	217	219	-33689	-33525	165	33731	33522
356941440	-1	391	7.135E-107	3	33537	34439	1092	215	0.988	4.551E-61	8	109	219	-34439	-34134	306	34484	34134
356941440	-1	391	7.135E-107	3	33537	34439	1101	100	0.817	5.249E-22	107	164	219	-33920	-33747	174	33953	33735
356941440	-1	391	7.135E-107	3	33537	34439	1105	79	0.743	6.680E-15	163	213	219	-33689	-33537	153	33731	33522
357128231	-1	405	4.355E-111	3	33531	34439	1092	213	0.981	1.611E-60	8	109	219	-34439	-34134	306	34484	34134
357128231	-1	405	4.355E-111	3	33531	34439	1101	104	0.846	2.201E-23	107	164	219	-33920	-33747	174	33953	33735
357128231	-1	405	4.355E-111	3	33531	34439	1105	91	0.808	9.189E-19	163	215	219	-33689	-33531	159	33731	33522
357154579	-1	406	2.177E-111	3	33525	34439	1092	219	1.000	1.931E-62	8	109	219	-34439	-34134	306	34484	34134
357154579	-1	406	2.177E-111	3	33525	34439	1101	101	0.825	2.027E-22	107	164	219	-33920	-33747	174	33953	33735
357154579	-1	406	2.177E-111	3	33525	34439	1105	89	0.773	2.381E-18	163	217	219	-33689	-33525	165	33731	33522
358009340	-1	300	1.766E-79	2	33747	34439	1092	205	0.945	1.683E-57	8	109	215	-34439	-34134	306	34484	34134
358009340	-1	300	1.766E-79	2	33747	34439	1101	97	0.793	6.640E-21	107	164	215	-33920	-33747	174	33953	33735
358163838	-1	428	5.191E-118	3	33525	34439	1092	218	1.000	2.649E-62	8	109	218	-34439	-34134	306	34484	34134
358163838	-1	428	5.191E-118	3	33525	34439	1101	108	0.875	9.238E-25	107	164	218	-33920	-33747	174	33953	33735
358163838	-1	428	5.191E-118	3	33525	34439	1105	105	0.893	1.006E-23	163	217	218	-33689	-33525	165	33731	33522
358675112	1	773	7.243E-222	6	14329	17090	352	135	0.464	1.598E-31	107	263	888	14329	14796	468	14203	14835
358675112	1	773	7.243E-222	6	14329	17090	361	157	0.547	1.206E-39	271	419	888	14883	15329	447	14775	15344
358675112	1	773	7.243E-222	6	14329	17090	367	61	0.452	4.289E-08	419	489	888	15389	15601	213	15344	15601
358675112	1	773	7.243E-222	6	14329	17090	375	40	0.387	5.219E-01	497	551	888	15801	15965	165	15768	15965
358675112	1	773	7.243E-222	6	14329	17090	390	265	0.554	1.780E-75	553	801	888	16036	16773	738	16003	16791
358675112	1	773	7.243E-222	6	14329	17090	398	124	0.692	3.512E-30	800	887	888	16827	17090	264	16821	17090
360230151	1	362	3.830E-98	3	36648	37928	839	44	0.679	2.336E-02	3	32	282	36648	36737	90	36534	36737
360230151	1	362	3.830E-98	3	36648	37928	853	200	0.567	8.238E-53	32	192	282	37064	37609	546	36752	37621
360230151	1	362	3.830E-98	3	36648	37928	858	119	0.697	5.147E-28	195	277	282	37680	37928	249	37662	37946
360362905	1	149	5.042E-34	1	37064	37573	853	149	0.471	4.327E-35	56	211	322	37064	37573	510	36752	37621
360946966	1	544	6.249E-153	4	14320	16773	352	138	0.462	9.545E-33	123	284	904	14320	14805	486	14203	14835
360946966	1	544	6.249E-153	4	14320	16773	361	171	0.544	2.729E-44	276	438	904	14844	15329	486	14775	15344
360946966	1	544	6.249E-153	4	14320	16773	367	62	0.459	1.654E-08	438	508	904	15389	15601	213	15344	15601
360946966	1	544	6.249E-153	4	14320	16773	390	245	0.527	1.188E-68	575	817	904	16039	16773	735	16003	16791
361593518	1	682	1.793E-194	5	14841	17090	361	172	0.544	1.061E-44	242	405	877	14841	15329	489	14775	15344
361593518	1	682	1.793E-194	5	14841	17090	367	63	0.477	1.204E-08	406	473	877	15392	15595	204	15344	15601
361593518	1	682	1.793E-194	5	14841	17090	375	51	0.472	6.794E-05	481	535	877	15792	15956	165	15768	15965
361593518	1	682	1.793E-194	5	14841	17090	390	278	0.577	2.957E-80	541	789	877	16039	16770	732	16003	16791
361593518	1	682	1.793E-194	5	14841	17090	398	125	0.694	2.559E-30	789	876	877	16827	17090	264	16821	17090
361857303	-1	423	1.661E-116	3	33525	34439	1092	219	1.000	1.408E-62	23	124	233	-34439	-34134	306	34484	34134
361857303	-1	423	1.661E-116	3	33525	34439	1101	105	0.852	1.167E-23	122	179	233	-33920	-33747	174	33953	33735
361857303	-1	423	1.661E-116	3	33525	34439	1105	102	0.868	1.273E-22	178	232	233	-33689	-33525	165	33731	33522
362382482	-1	159	4.924E-37	2	20301	21111	1407	38	0.523	1.470E+00	1	35	227	-21111	-21016	96	21132	20971
362382482	-1	159	4.924E-37	2	20301	21111	1422	157	0.779	1.243E-40	73	168	227	-20591	-20301	291	20636	20247
362429517	1	261	9.711E-68	5	14299	17090	352	129	0.422	1.745E-29	138	307	934	14299	14799	501	14203	14835
362429517	1	261	9.711E-68	5	14299	17090	361	153	0.507	5.246E-38	306	464	934	14859	15329	471	14775	15344
362429517	1	261	9.711E-68	5	14299	17090	367	57	0.445	7.475E-07	464	531	934	15389	15592	204	15344	15601
362429517	1	261	9.711E-68	5	14299	17090	375	47	0.451	1.202E-03	543	596	934	15801	15962	162	15768	15965
362429517	1	261	9.711E-68	5	14299	17090	398	132	0.728	8.570E-33	846	933	934	16827	17090	264	16821	17090
362539588	1	361	7.661E-98	3	36663	37940	839	35	0.645	2.656E+01	17	41	292	36663	36737	75	36534	36737
362539588	1	361	7.661E-98	3	36663	37940	853	198	0.561	7.345E-52	41	201	292	37064	37609	546	36752	37621
362539588	1	361	7.661E-98	3	36663	37940	858	129	0.722	9.988E-32	204	290	292	37680	37940	261	37662	37946
362573339	1	273	2.371E-71	2	37064	37931	853	171	0.498	8.792E-43	38	199	287	37064	37612	549	36752	37621
362573339	1	273	2.371E-71	2	37064	37931	858	101	0.600	7.949E-22	201	284	287	37680	37931	252	37662	37946
362859062	-1	405	4.355E-111	3	33525	34439	1092	213	0.981	1.611E-60	8	109	219	-34439	-34134	306	34484	34134
362859062	-1	405	4.355E-111	3	33525	34439	1101	104	0.846	2.201E-23	107	164	219	-33920	-33747	174	33953	33735
362859062	-1	405	4.355E-111	3	33525	34439	1105	91	0.785	6.690E-19	163	217	219	-33689	-33525	165	33731	33522
363128576	-1	404	8.709E-111	3	33525	34439	1092	213	0.981	1.611E-60	8	109	219	-34439	-34134	306	34484	34134
363128576	-1	404	8.709E-111	3	33525	34439	1101	104	0.846	2.201E-23	107	164	219	-33920	-33747	174	33953	33735
363128576	-1	404	8.709E-111	3	33525	34439	1105	90	0.776	1.734E-18	163	217	219	-33689	-33525	165	33731	33522
363810379	-1	184	1.468E-44	2	23813	24398	1325	140	0.660	9.417E-35	76	180	248	-24398	-24093	306	24446	24060
363810379	-1	184	1.468E-44	2	23813	24398	1331	55	0.771	5.963E-07	193	225	248	-23911	-23813	99	23917	23810
363851692	-1	172	6.011E-41	2	19997	20588	1422	144	0.729	4.184E-36	76	170	229	-20588	-20301	288	20636	20247
363851692	-1	172	6.011E-41	2	19997	20588	1426	49	0.686	3.791E-05	193	226	229	-20098	-19997	102	20104	19997
363906908	-1	165	7.694E-39	2	20000	20588	1422	138	0.703	4.778E-34	77	171	231	-20588	-20301	288	20636	20247
363906908	-1	165	7.694E-39	2	20000	20588	1426	48	0.688	9.893E-05	194	226	231	-20098	-20000	99	20104	19997
363969132	-1	196	3.583E-48	2	20170	20591	1422	157	0.779	1.243E-40	72	168	227	-20591	-20301	291	20636	20247
363969132	-1	196	3.583E-48	2	20170	20591	1423	38	0.792	5.419E-01	169	190	227	-20235	-20170	66	20310	20170
364049670	-1	170	2.404E-40	2	23813	24401	1325	142	0.716	1.415E-35	74	169	228	-24401	-24111	291	24446	24060
364049670	-1	170	2.404E-40	2	23813	24401	1331	49	0.693	7.185E-05	192	224	228	-23911	-23813	99	23917	23810
364135644	-1	175	7.514E-42	2	23813	24398	1325	145	0.732	2.127E-36	73	167	232	-24398	-24111	288	24446	24060
364135644	-1	175	7.514E-42	2	23813	24398	1331	51	0.724	1.056E-05	190	222	232	-23911	-23813	99	23917	23810
364152826	-1	177	1.878E-42	2	20170	20564	1422	138	0.757	4.778E-34	19	106	175	-20564	-20301	264	20636	20247
364152826	-1	177	1.878E-42	2	20170	20564	1423	38	0.792	5.419E-01	107	128	175	-20235	-20170	66	20310	20170
364174112	-1	228	8.342E-58	4	23813	24762	1317	38	0.677	1.419E+01	6	31	294	-24762	-24685	78	24840	24469
364174112	-1	228	8.342E-58	4	23813	24762	1325	149	0.720	6.586E-38	70	170	294	-24398	-24099	300	24446	24060
364174112	-1	228	8.342E-58	4	23813	24762	1326	34	0.705	1.771E+01	163	184	294	-24048	-23983	66	24120	23983
364174112	-1	228	8.342E-58	4	23813	24762	1331	49	0.693	7.185E-05	185	217	294	-23911	-23813	99	23917	23810
364302743	-1	379	2.922E-103	3	33531	34439	1092	209	0.963	5.207E-59	8	109	219	-34439	-34134	306	34484	34134
364302743	-1	379	2.922E-103	3	33531	34439	1101	93	0.764	1.585E-19	107	164	219	-33920	-33747	174	33953	33735
364302743	-1	379	2.922E-103	3	33531	34439	1105	80	0.722	4.862E-15	163	215	219	-33689	-33531	159	33731	33522
364371809	1	276	2.964E-72	2	15858	16749	375	37	0.530	3.562E+00	0	33	273	15858	15959	102	15768	15965
364371809	1	276	2.964E-72	2	15858	16749	390	241	0.531	3.762E-67	37	271	273	16036	16749	714	16003	16791
364418214	-1	219	4.271E-55	1	34137	34445	1092	219	0.995	1.931E-62	0	102	103	-34445	-34137	309	34484	34134
364428234	-1	243	2.546E-62	3	23813	24401	1325	156	0.774	3.065E-40	49	144	204	-24401	-24111	291	24446	24060
364428234	-1	243	2.546E-62	3	23813	24401	1326	35	0.751	9.299E+00	146	166	204	-24045	-23983	63	24120	23983
364428234	-1	243	2.546E-62	3	23813	24401	1331	50	0.714	2.001E-05	167	199	204	-23911	-23813	99	23917	23810
364440336	1	225	6.674E-57	2	37286	37931	853	120	0.566	2.628E-25	6	92	181	37286	37609	324	36752	37621
364440336	1	225	6.674E-57	2	37286	37931	858	106	0.624	1.777E-23	95	178	181	37680	37931	252	37662	37946
364459439	1	212	5.467E-53	2	36594	37609	839	36	0.395	1.017E+01	7	51	304	36594	36737	144	36534	36737
364459439	1	212	5.467E-53	2	36594	37609	853	176	0.512	1.532E-44	51	211	304	37064	37609	546	36752	37621
364495680	1	648	3.081E-184	5	14329	16773	352	135	0.447	1.598E-31	82	246	869	14329	14805	477	14203	14835
364495680	1	648	3.081E-184	5	14329	16773	361	157	0.521	1.651E-39	243	400	869	14859	15329	471	14775	15344
364495680	1	648	3.081E-184	5	14329	16773	367	69	0.499	7.494E-11	400	470	869	15389	15601	213	15344	15601
364495680	1	648	3.081E-184	5	14329	16773	375	43	0.426	2.934E-02	478	530	869	15801	15959	159	15768	15965
364495680	1	648	3.081E-184	5	14329	16773	390	260	0.525	5.652E-74	521	782	869	16003	16773	771	16003	16791
364510580	-1	404	8.709E-111	3	33531	34445	1092	216	0.975	1.764E-61	4	107	218	-34445	-34134	312	34484	34134
364510580	-1	404	8.709E-111	3	33531	34445	1101	98	0.802	2.564E-21	105	162	218	-33920	-33747	174	33953	33735
364510580	-1	404	8.709E-111	3	33531	34445	1105	93	0.824	1.879E-19	161	213	218	-33689	-33531	159	33731	33522
364547791	-1	184	1.468E-44	2	33525	33899	1101	95	0.872	3.244E-20	0	50	105	-33899	-33747	153	33953	33735
364547791	-1	184	1.468E-44	2	33525	33899	1105	90	0.779	1.262E-18	49	103	105	-33689	-33525	165	33731	33522
364559933	-1	403	1.742E-110	3	33525	34439	1092	216	0.992	1.764E-61	8	109	219	-34439	-34134	306	34484	34134
364559933	-1	403	1.742E-110	3	33525	34439	1101	108	0.875	9.238E-25	107	164	219	-33920	-33747	174	33953	33735
364559933	-1	403	1.742E-110	3	33525	34439	1105	82	0.715	9.931E-16	163	217	219	-33689	-33525	165	33731	33522
364603082	1	382	3.653E-104	3	14859	17090	361	145	0.493	1.503E-35	280	436	903	14859	15323	465	14775	15344
364603082	1	382	3.653E-104	3	14859	17090	390	255	0.540	4.605E-72	572	816	903	16033	16773	741	16003	16791
364603082	1	382	3.653E-104	3	14859	17090	398	117	0.654	1.977E-27	815	902	903	16827	17090	264	16821	17090
364643874	1	227	1.668E-57	2	14844	16704	361	149	0.486	6.486E-37	175	338	701	14844	15329	486	14775	15344
364643874	1	227	1.668E-57	2	14844	16704	390	196	0.463	9.359E-52	458	688	701	16015	16704	690	16003	16791
364650788	1	148	1.008E-33	2	33738	34442	787	52	0.453	9.523E-05	35	94	217	33738	33917	180	33738	34049
364650788	1	148	1.008E-33	2	33738	34442	793	97	0.495	9.900E-20	93	195	217	34134	34442	309	34053	34475
364659500	-1	393	1.784E-107	3	33531	34439	1092	215	0.988	4.551E-61	8	109	220	-34439	-34134	306	34484	34134
364659500	-1	393	1.784E-107	3	33531	34439	1101	101	0.822	2.783E-22	107	164	220	-33920	-33747	174	33953	33735
364659500	-1	393	1.784E-107	3	33531	34439	1105	80	0.722	4.862E-15	163	215	220	-33689	-33531	159	33731	33522
364677011	1	265	6.070E-69	2	37064	37931	853	162	0.476	1.539E-39	38	199	287	37064	37612	549	36752	37621
364677011	1	265	6.070E-69	2	37064	37931	858	102	0.606	3.074E-22	201	284	287	37680	37931	252	37662	37946
364711049	1	124	1.692E-26	1	16435	16773	390	124	0.562	4.094E-27	4	116	203	16435	16773	339	16003	16791
364764896	-1	206	3.499E-51	1	34134	34439	1092	206	0.951	4.756E-58	8	109	166	-34439	-34134	306	34484	34134
364767681	1	311	8.625E-83	3	36663	37925	839	36	0.659	1.400E+01	14	38	286	36663	36737	75	36534	36737
364767681	1	311	8.625E-83	3	36663	37925	853	182	0.524	1.948E-46	38	197	286	37064	37609	546	36752	37621
364767681	1	311	8.625E-83	3	36663	37925	858	94	0.576	2.380E-19	200	281	286	37680	37925	246	37662	37946
364770708	-1	414	8.505E-114	3	33531	34439	1092	215	0.988	4.551E-61	35	136	246	-34439	-34134	306	34484	34134
364770708	-1	414	8.505E-114	3	33531	34439	1101	109	0.883	3.569E-25	134	191	246	-33920	-33747	174	33953	33735
364770708	-1	414	8.505E-114	3	33531	34439	1105	93	0.827	1.368E-19	190	242	246	-33689	-33531	159	33731	33522
364822048	1	532	2.559E-149	4	14859	17090	361	159	0.527	2.502E-40	248	405	874	14859	15329	471	14775	15344
364822048	1	532	2.559E-149	4	14859	17090	367	60	0.447	8.094E-08	405	475	874	15389	15601	213	15344	15601
364822048	1	532	2.559E-149	4	14859	17090	390	256	0.540	1.310E-72	539	787	874	16036	16773	738	16003	16791
364822048	1	532	2.559E-149	4	14859	17090	398	119	0.666	2.957E-28	786	873	874	16827	17090	264	16821	17090
365147591	-1	74	1.905E-11	1	31214	31516	1152	74	0.326	1.131E-11	14	152	188	-31516	-31214	303	31642	31193
365503279	1	58	1.248E-06	1	34137	34394	793	58	0.379	3.071E-06	34	119	121	34137	34394	258	34053	34475
369921595	1	146	4.034E-33	1	37064	37573	853	146	0.465	2.778E-34	52	207	317	37064	37573	510	36752	37621
370083991	1	149	5.042E-34	1	37064	37573	853	149	0.471	4.327E-35	56	211	322	37064	37573	510	36752	37621
370869257	-1	416	2.126E-114	3	33531	34439	1092	222	1.000	1.124E-63	33	134	245	-34439	-34134	306	34484	34134
370869257	-1	416	2.126E-114	3	33531	34439	1101	109	0.883	3.569E-25	132	189	245	-33920	-33747	174	33953	33735
370869257	-1	416	2.126E-114	3	33531	34439	1105	88	0.786	8.478E-18	188	240	245	-33689	-33531	159	33731	33522
370893425	1	276	2.964E-72	2	37067	37940	853	171	0.503	6.439E-43	23	182	275	37067	37609	543	36752	37621
370893425	1	276	2.964E-72	2	37067	37940	858	106	0.603	1.295E-23	185	272	275	37680	37940	261	37662	37946
370913634	1	152	6.303E-35	1	37064	37573	853	152	0.479	3.621E-36	53	208	318	37064	37573	510	36752	37621
371162389	-1	422	3.322E-116	3	33525	34439	1092	218	1.000	3.633E-62	8	109	218	-34439	-34134	306	34484	34134
371162389	-1	422	3.322E-116	3	33525	34439	1101	104	0.849	1.603E-23	107	164	218	-33920	-33747	174	33953	33735
371162389	-1	422	3.322E-116	3	33525	34439	1105	103	0.880	3.579E-23	163	217	218	-33689	-33525	165	33731	33522
371508402	1	298	7.066E-79	3	36594	37937	839	36	0.395	1.017E+01	7	51	304	36594	36737	144	36534	36737
371508402	1	298	7.066E-79	3	36594	37937	853	164	0.484	1.745E-40	51	211	304	37064	37609	546	36752	37621
371508402	1	298	7.066E-79	3	36594	37937	858	99	0.576	2.822E-21	214	300	304	37680	37937	258	37662	37946
372371435	1	371	7.481E-101	3	36648	37931	839	39	0.616	7.861E-01	37	66	317	36648	36737	90	36534	36737
372371435	1	371	7.481E-101	3	36648	37931	853	203	0.574	9.235E-54	66	226	317	37064	37609	546	36752	37621
372371435	1	371	7.481E-101	3	36648	37931	858	130	0.746	7.278E-32	229	312	317	37680	37931	252	37662	37946
372448498	1	244	1.273E-62	2	36959	37931	853	156	0.426	1.626E-37	8	185	288	36959	37570	612	36752	37621
372448498	1	244	1.273E-62	2	36959	37931	858	102	0.608	2.239E-22	201	284	288	37680	37931	252	37662	37946
373041272	1	82	7.441E-14	1	37674	37913	858	82	0.527	2.329E-15	41	118	135	37674	37913	240	37662	37946
373122262	-1	172	6.011E-41	2	19997	20588	1422	138	0.701	6.552E-34	77	171	243	-20588	-20301	288	20636	20247
373122262	-1	172	6.011E-41	2	19997	20588	1426	55	0.756	4.334E-07	194	227	243	-20098	-19997	102	20104	19997
373461523	-1	387	1.142E-105	3	33531	34439	1092	207	0.955	2.528E-58	8	109	220	-34439	-34134	306	34484	34134
373461523	-1	387	1.142E-105	3	33531	34439	1101	98	0.799	3.521E-21	107	164	220	-33920	-33747	174	33953	33735
373461523	-1	387	1.142E-105	3	33531	34439	1105	85	0.763	7.827E-17	163	215	220	-33689	-33531	159	33731	33522
373463147	-1	76	4.762E-12	1	31214	31510	1152	76	0.331	4.424E-12	10	147	164	-31510	-31214	297	31642	31193
374199186	1	268	7.587E-70	2	37064	37928	853	167	0.490	2.699E-41	38	198	287	37064	37609	546	36752	37621
374199186	1	268	7.587E-70	2	37064	37928	858	102	0.614	2.239E-22	201	283	287	37680	37928	249	37662	37946
374415352	1	677	5.739E-193	5	14844	17090	361	170	0.543	3.738E-44	313	475	944	14844	15329	486	14775	15344
374415352	1	677	5.739E-193	5	14844	17090	367	68	0.494	1.414E-10	475	545	944	15389	15601	213	15344	15601
374415352	1	677	5.739E-193	5	14844	17090	375	51	0.479	3.589E-05	553	607	944	15801	15965	165	15768	15965
374415352	1	677	5.739E-193	5	14844	17090	390	269	0.560	7.675E-77	609	857	944	16036	16773	738	16003	16791
374415352	1	677	5.739E-193	5	14844	17090	398	123	0.683	1.710E-29	856	943	944	16827	17090	264	16821	17090
374443951	1	311	8.625E-83	3	36675	37937	839	33	0.718	9.565E+01	29	49	303	36675	36737	63	36534	36737
374443951	1	311	8.625E-83	3	36675	37937	853	168	0.492	1.061E-41	49	209	303	37064	37609	546	36752	37621
374443951	1	311	8.625E-83	3	36675	37937	858	109	0.618	1.028E-24	211	298	303	37677	37937	261	37662	37946
374540932	-1	408	5.443E-112	3	33522	34439	1092	217	0.996	9.375E-62	8	109	219	-34439	-34134	306	34484	34134
374540932	-1	408	5.443E-112	3	33522	34439	1101	102	0.828	1.476E-22	107	164	219	-33920	-33747	174	33953	33735
374540932	-1	408	5.443E-112	3	33522	34439	1105	92	0.779	3.546E-19	163	218	219	-33689	-33522	168	33731	33522
374869337	1	804	3.373E-231	6	14308	17090	352	151	0.476	5.759E-37	65	234	857	14308	14805	498	14203	14835
374869337	1	804	3.373E-231	6	14308	17090	361	158	0.543	6.427E-40	238	388	857	14880	15329	450	14775	15344
374869337	1	804	3.373E-231	6	14308	17090	367	69	0.501	5.456E-11	388	458	857	15389	15601	213	15344	15601
374869337	1	804	3.373E-231	6	14308	17090	375	51	0.472	6.794E-05	466	520	857	15801	15965	165	15768	15965
374869337	1	804	3.373E-231	6	14308	17090	390	259	0.544	1.451E-73	522	770	857	16036	16773	738	16003	16791
374869337	1	804	3.373E-231	6	14308	17090	398	121	0.677	4.423E-29	769	856	857	16827	17090	264	16821	17090
375021222	1	254	1.243E-65	2	14844	16773	361	154	0.499	1.492E-38	179	342	807	14844	15329	486	14775	15344
375021222	1	254	1.243E-65	2	14844	16773	390	212	0.444	2.455E-57	456	720	807	16021	16773	753	16003	16791
375075577	-1	169	4.809E-40	2	23810	24401	1325	139	0.702	1.771E-34	80	175	234	-24401	-24111	291	24446	24060
375075577	-1	169	4.809E-40	2	23810	24401	1331	51	0.706	1.056E-05	198	231	234	-23911	-23810	102	23917	23810
375506611	-1	407	1.089E-111	3	33525	34439	1092	213	0.981	1.611E-60	8	109	220	-34439	-34134	306	34484	34134
375506611	-1	407	1.089E-111	3	33525	34439	1101	104	0.846	2.201E-23	107	164	220	-33920	-33747	174	33953	33735
375506611	-1	407	1.089E-111	3	33525	34439	1105	93	0.801	1.368E-19	163	217	220	-33689	-33525	165	33731	33522
375836989	-1	409	2.722E-112	3	33531	34439	1092	217	0.996	9.375E-62	8	109	219	-34439	-34134	306	34484	34134
375836989	-1	409	2.722E-112	3	33531	34439	1101	103	0.837	5.700E-23	107	164	219	-33920	-33747	174	33953	33735
375836989	-1	409	2.722E-112	3	33531	34439	1105	92	0.817	3.546E-19	163	215	219	-33689	-33531	159	33731	33522
376090577	-1	401	6.968E-110	3	33528	34439	1092	217	0.997	6.835E-62	8	109	219	-34439	-34134	306	34484	34134
376090577	-1	401	6.968E-110	3	33528	34439	1101	101	0.825	2.027E-22	107	164	219	-33920	-33747	174	33953	33735
376090577	-1	401	6.968E-110	3	33528	34439	1105	86	0.757	4.147E-17	163	216	219	-33689	-33528	162	33731	33522
376319775	1	265	6.070E-69	2	37064	37928	853	161	0.477	2.100E-39	31	195	283	37064	37609	546	36752	37621
376319775	1	265	6.070E-69	2	37064	37928	858	105	0.627	3.348E-23	198	280	283	37680	37928	249	37662	37946
376507439	-1	379	2.922E-103	3	33531	34439	1092	206	0.950	6.523E-58	8	109	220	-34439	-34134	306	34484	34134
376507439	-1	379	2.922E-103	3	33531	34439	1101	98	0.799	3.521E-21	107	164	220	-33920	-33747	174	33953	33735
376507439	-1	379	2.922E-103	3	33531	34439	1105	78	0.703	3.271E-14	163	215	220	-33689	-33531	159	33731	33522
376619304	1	828	2.010E-238	6	14293	17090	352	160	0.494	4.230E-40	114	285	910	14293	14799	507	14203	14835
376619304	1	828	2.010E-238	6	14293	17090	361	164	0.523	7.863E-42	279	442	910	14844	15329	486	14775	15344
376619304	1	828	2.010E-238	6	14293	17090	367	59	0.457	2.883E-07	445	511	910	15398	15598	201	15344	15601
376619304	1	828	2.010E-238	6	14293	17090	375	53	0.495	1.378E-05	520	573	910	15801	15962	162	15768	15965
376619304	1	828	2.010E-238	6	14293	17090	390	276	0.574	1.425E-79	575	823	910	16033	16773	741	16003	16791
376619304	1	828	2.010E-238	6	14293	17090	398	127	0.706	3.828E-31	822	909	910	16827	17090	264	16821	17090
376741429	1	372	3.741E-101	3	36663	37940	839	40	0.728	5.709E-01	32	56	307	36663	36737	75	36534	36737
376741429	1	372	3.741E-101	3	36663	37940	853	204	0.577	3.614E-54	56	216	307	37064	37609	546	36752	37621
376741429	1	372	3.741E-101	3	36663	37940	858	129	0.720	1.371E-31	219	305	307	37680	37940	261	37662	37946
377021280	1	141	1.291E-31	1	37064	37573	853	141	0.454	1.140E-32	46	201	312	37064	37573	510	36752	37621
377459689	1	372	3.741E-101	3	36648	37931	839	45	0.696	8.958E-03	19	48	299	36648	36737	90	36534	36737
377459689	1	372	3.741E-101	3	36648	37931	853	198	0.561	7.345E-52	48	208	299	37064	37609	546	36752	37621
377459689	1	372	3.741E-101	3	36648	37931	858	130	0.746	7.278E-32	211	294	299	37680	37931	252	37662	37946
377568145	1	213	2.733E-53	2	36594	37609	839	36	0.395	1.017E+01	7	51	304	36594	36737	144	36534	36737
377568145	1	213	2.733E-53	2	36594	37609	853	177	0.513	1.122E-44	51	211	304	37064	37609	546	36752	37621
377727903	1	265	6.070E-69	2	37064	37931	853	172	0.501	4.716E-43	37	215	305	37064	37609	546	36752	37621
377727903	1	265	6.070E-69	2	37064	37931	858	94	0.569	1.263E-19	218	301	305	37680	37931	252	37662	37946
378578772	-1	171	1.202E-40	2	23983	24398	1325	145	0.697	1.551E-36	68	169	220	-24398	-24099	300	24446	24060
378578772	-1	171	1.202E-40	2	23983	24398	1326	32	0.693	8.883E+01	163	183	220	-24045	-23983	63	24120	23983
378711609	-1	170	2.404E-40	2	23813	24401	1325	141	0.712	2.662E-35	68	163	219	-24401	-24111	291	24446	24060
378711609	-1	170	2.404E-40	2	23813	24401	1331	50	0.709	2.754E-05	186	218	219	-23911	-23813	99	23917	23810
378867279	1	133	3.305E-29	1	14329	14805	352	133	0.450	7.642E-31	103	263	266	14329	14805	477	14203	14835
378867349	-1	237	1.629E-60	3	23813	24398	1325	153	0.769	2.797E-39	68	162	224	-24398	-24111	288	24446	24060
378867349	-1	237	1.629E-60	3	23813	24398	1326	34	0.735	1.771E+01	164	184	224	-24045	-23983	63	24120	23983
378867349	-1	237	1.629E-60	3	23813	24398	1331	48	0.688	9.893E-05	185	217	224	-23911	-23813	99	23917	23810
378881329	1	395	4.459E-108	3	14844	16773	361	149	0.484	1.216E-36	274	437	902	14844	15329	486	14775	15344
378881329	1	395	4.459E-108	3	14844	16773	367	60	0.457	8.094E-08	437	505	902	15389	15595	207	15344	15601
378881329	1	395	4.459E-108	3	14844	16773	390	250	0.533	1.460E-70	571	815	902	16033	16773	741	16003	16791
378883507	-1	305	5.520E-81	2	33747	34439	1092	213	0.978	3.030E-60	8	109	215	-34439	-34134	306	34484	34134
378883507	-1	305	5.520E-81	2	33747	34439	1101	94	0.776	4.456E-20	107	164	215	-33920	-33747	174	33953	33735
378931515	-1	411	6.804E-113	3	33525	34439	1092	218	1.000	2.649E-62	8	109	219	-34439	-34134	306	34484	34134
378931515	-1	411	6.804E-113	3	33525	34439	1101	104	0.846	2.201E-23	107	164	219	-33920	-33747	174	33953	33735
378931515	-1	411	6.804E-113	3	33525	34439	1105	92	0.791	3.546E-19	163	217	219	-33689	-33525	165	33731	33522
378935420	-1	414	8.505E-114	3	33528	34439	1092	219	1.000	1.931E-62	8	109	219	-34439	-34134	306	34484	34134
378935420	-1	414	8.505E-114	3	33528	34439	1101	104	0.843	3.023E-23	107	164	219	-33920	-33747	174	33953	33735
378935420	-1	414	8.505E-114	3	33528	34439	1105	94	0.826	3.845E-20	163	216	219	-33689	-33528	162	33731	33522
378950760	-1	415	4.253E-114	3	33525	34439	1092	218	0.999	4.983E-62	8	109	218	-34439	-34134	306	34484	34134
378950760	-1	415	4.253E-114	3	33525	34439	1101	105	0.852	1.167E-23	107	164	218	-33920	-33747	174	33953	33735
378950760	-1	415	4.253E-114	3	33525	34439	1105	95	0.816	2.800E-20	163	217	218	-33689	-33525	165	33731	33522
378982612	-1	404	8.709E-111	3	33540	34439	1092	215	0.988	4.551E-61	49	150	261	-34439	-34134	306	34484	34134
378982612	-1	404	8.709E-111	3	33540	34439	1101	103	0.837	5.700E-23	148	205	261	-33920	-33747	174	33953	33735
378982612	-1	404	8.709E-111	3	33540	34439	1105	89	0.840	2.381E-18	204	253	261	-33689	-33540	150	33731	33522
378990303	1	173	3.006E-41	1	14859	15329	361	173	0.564	4.129E-45	2	159	217	14859	15329	471	14775	15344
378990642	1	268	7.587E-70	2	36941	37931	853	169	0.425	4.170E-42	8	198	287	36941	37609	669	36752	37621
378990642	1	268	7.587E-70	2	36941	37931	858	100	0.596	1.498E-21	201	284	287	37680	37931	252	37662	37946
379005495	-1	209	4.374E-52	1	34137	34439	1092	209	0.973	3.796E-59	0	100	101	-34439	-34137	303	34484	34134
379067477	-1	401	6.968E-110	3	33525	34439	1092	217	0.996	9.375E-62	8	109	218	-34439	-34134	306	34484	34134
379067477	-1	401	6.968E-110	3	33525	34439	1101	106	0.863	3.284E-24	107	164	218	-33920	-33747	174	33953	33735
379067477	-1	401	6.968E-110	3	33525	34439	1105	81	0.709	1.875E-15	163	215	218	-33689	-33525	165	33731	33522
379090002	1	653	9.628E-186	5	14859	17090	361	158	0.524	6.427E-40	225	382	851	14859	15329	471	14775	15344
379090002	1	653	9.628E-186	5	14859	17090	367	68	0.494	1.414E-10	382	452	851	15389	15601	213	15344	15601
379090002	1	653	9.628E-186	5	14859	17090	375	49	0.460	2.435E-04	460	514	851	15801	15965	165	15768	15965
379090002	1	653	9.628E-186	5	14859	17090	390	263	0.552	4.572E-75	516	764	851	16036	16773	738	16003	16791
379090002	1	653	9.628E-186	5	14859	17090	398	119	0.666	2.957E-28	763	850	851	16827	17090	264	16821	17090
379155851	-1	87	2.325E-15	1	33531	33689	1105	87	0.782	1.165E-17	49	101	106	-33689	-33531	159	33731	33522
379157160	-1	216	3.417E-54	1	34137	34445	1092	216	0.982	2.419E-61	0	102	103	-34445	-34137	309	34484	34134
379172745	1	305	5.520E-81	3	36657	37922	839	36	0.623	1.017E+01	11	37	286	36657	36737	81	36534	36737
379172745	1	305	5.520E-81	3	36657	37922	853	174	0.521	7.276E-44	37	191	286	37064	37591	528	36752	37621
379172745	1	305	5.520E-81	3	36657	37922	858	102	0.627	2.239E-22	200	280	286	37680	37922	243	37662	37946
379206685	-1	207	1.749E-51	1	34134	34439	1092	207	0.955	2.528E-58	8	109	116	-34439	-34134	306	34484	34134
379230220	1	401	6.968E-110	3	14859	16773	361	151	0.510	1.845E-37	140	295	746	14859	15323	465	14775	15344
379230220	1	401	6.968E-110	3	14859	16773	367	63	0.482	1.204E-08	298	364	746	15392	15592	201	15344	15601
379230220	1	401	6.968E-110	3	14859	16773	390	252	0.532	4.155E-71	430	678	746	16036	16773	738	16003	16791
379248156	-1	416	2.126E-114	3	33522	34439	1092	214	0.986	6.242E-61	8	109	219	-34439	-34134	306	34484	34134
379248156	-1	416	2.126E-114	3	33522	34439	1101	95	0.782	2.362E-20	107	164	219	-33920	-33747	174	33953	33735
379248156	-1	416	2.126E-114	3	33522	34439	1105	110	0.918	1.631E-25	163	218	219	-33689	-33522	168	33731	33522
379258841	1	226	3.337E-57	2	36648	37609	839	40	0.633	3.012E-01	9	38	286	36648	36737	90	36534	36737
379258841	1	226	3.337E-57	2	36648	37609	853	186	0.535	4.609E-48	38	198	286	37064	37609	546	36752	37621
379267375	1	256	3.108E-66	2	37064	37946	853	160	0.475	3.909E-39	35	196	288	37064	37609	546	36752	37621
379267375	1	256	3.108E-66	2	37064	37946	858	97	0.556	1.375E-20	199	287	288	37680	37946	267	37662	37946
379276812	-1	189	4.586E-46	2	33522	33920	1101	103	0.840	4.151E-23	10	67	122	-33920	-33747	174	33953	33735
379276812	-1	189	4.586E-46	2	33522	33920	1105	87	0.746	1.165E-17	66	121	122	-33689	-33522	168	33731	33522
379283578	1	317	1.348E-84	3	36645	37940	839	36	0.550	1.400E+01	19	49	313	36645	36734	90	36534	36737
379283578	1	317	1.348E-84	3	36645	37940	853	177	0.513	1.122E-44	52	212	313	37064	37609	546	36752	37621
379283578	1	317	1.348E-84	3	36645	37940	858	106	0.608	1.295E-23	215	301	313	37680	37940	261	37662	37946
379294920	1	156	3.939E-36	1	37064	37609	853	156	0.464	1.626E-37	86	249	316	37064	37609	546	36752	37621
379306010	-1	193	2.866E-47	2	33531	33920	1101	102	0.828	1.476E-22	32	89	144	-33920	-33747	174	33953	33735
379306010	-1	193	2.866E-47	2	33531	33920	1105	92	0.821	2.581E-19	88	140	144	-33689	-33531	159	33731	33522
379376633	-1	234	1.303E-59	3	23813	24401	1325	160	0.733	1.302E-41	73	178	229	-24401	-24093	309	24446	24060
379376633	-1	234	1.303E-59	3	23813	24401	1326	34	0.697	2.445E+01	169	190	229	-24048	-23983	66	24120	23983
379376633	-1	234	1.303E-59	3	23813	24401	1331	48	0.683	1.362E-04	191	223	229	-23911	-23813	99	23917	23810
379652717	-1	66	4.877E-09	1	31214	31378	1152	66	0.595	5.858E-09	23	77	110	-31378	-31214	165	31642	31193
379827968	1	60	3.121E-07	1	34206	34403	793	60	0.470	8.821E-07	0	65	68	34206	34403	198	34053	34475
385733054	-1	406	2.177E-111	3	33531	34439	1092	220	1.000	7.485E-63	8	109	220	-34439	-34134	306	34484	34134
385733054	-1	406	2.177E-111	3	33531	34439	1101	106	0.857	6.192E-24	107	164	220	-33920	-33747	174	33953	33735
385733054	-1	406	2.177E-111	3	33531	34439	1105	83	0.744	5.262E-16	163	215	220	-33689	-33531	159	33731	33522
386124729	-1	403	1.742E-110	3	33531	34439	1092	214	0.986	6.242E-61	8	109	219	-34439	-34134	306	34484	34134
386124729	-1	403	1.742E-110	3	33531	34439	1101	105	0.852	1.167E-23	107	164	219	-33920	-33747	174	33953	33735
386124729	-1	403	1.742E-110	3	33531	34439	1105	87	0.782	1.165E-17	163	215	219	-33689	-33531	159	33731	33522
386188658	1	297	1.413E-78	2	37067	37937	853	178	0.516	3.224E-45	30	190	282	37067	37612	546	36752	37621
386188658	1	297	1.413E-78	2	37067	37937	858	119	0.657	5.147E-28	190	278	282	37674	37937	264	37662	37946
386980683	1	390	1.427E-106	3	14844	16773	361	146	0.483	8.015E-36	293	454	921	14844	15323	480	14775	15344
386980683	1	390	1.427E-106	3	14844	16773	367	59	0.447	1.528E-07	457	526	921	15392	15601	210	15344	15601
386980683	1	390	1.427E-106	3	14844	16773	390	248	0.528	1.317E-69	590	834	921	16033	16773	741	16003	16791
388008614	1	285	5.788E-75	5	14329	17090	352	132	0.451	1.954E-30	94	252	880	14329	14799	471	14203	14835
388008614	1	285	5.788E-75	5	14329	17090	361	173	0.548	3.014E-45	245	408	880	14841	15329	489	14775	15344
388008614	1	285	5.788E-75	5	14329	17090	367	66	0.497	9.499E-10	409	476	880	15392	15595	204	15344	15601
388008614	1	285	5.788E-75	5	14329	17090	375	53	0.488	1.378E-05	484	538	880	15792	15956	165	15768	15965
388008614	1	285	5.788E-75	5	14329	17090	398	123	0.687	9.080E-30	792	879	880	16827	17090	264	16821	17090
388430909	1	368	5.985E-100	3	36663	37940	839	40	0.728	5.709E-01	32	56	307	36663	36737	75	36534	36737
388430909	1	368	5.985E-100	3	36663	37940	853	204	0.577	3.614E-54	56	216	307	37064	37609	546	36752	37621
388430909	1	368	5.985E-100	3	36663	37940	858	125	0.703	2.367E-30	219	305	307	37680	37940	261	37662	37946
389449261	1	254	1.243E-65	2	14844	16773	361	154	0.499	1.492E-38	179	342	807	14844	15329	486	14775	15344
389449261	1	254	1.243E-65	2	14844	16773	390	212	0.444	2.455E-57	456	720	807	16021	16773	753	16003	16791
389935491	1	659	1.504E-187	5	14311	16773	352	138	0.444	9.545E-33	77	247	870	14311	14805	495	14203	14835
389935491	1	659	1.504E-187	5	14311	16773	361	158	0.510	6.427E-40	239	401	870	14844	15329	486	14775	15344
389935491	1	659	1.504E-187	5	14311	16773	367	67	0.487	3.665E-10	401	471	870	15389	15601	213	15344	15601
389935491	1	659	1.504E-187	5	14311	16773	375	52	0.482	2.609E-05	479	533	870	15801	15965	165	15768	15965
389935491	1	659	1.504E-187	5	14311	16773	390	257	0.543	6.987E-73	536	783	870	16039	16773	735	16003	16791
390143739	1	641	3.943E-182	5	14323	17090	352	132	0.448	1.429E-30	103	261	883	14323	14805	483	14203	14835
390143739	1	641	3.943E-182	5	14323	17090	361	168	0.550	2.469E-43	258	415	883	14859	15329	471	14775	15344
390143739	1	641	3.943E-182	5	14323	17090	367	64	0.471	3.382E-09	415	485	883	15389	15601	213	15344	15601
390143739	1	641	3.943E-182	5	14323	17090	390	223	0.486	5.144E-61	550	796	883	16033	16773	741	16003	16791
390143739	1	641	3.943E-182	5	14323	17090	398	119	0.668	2.154E-28	795	882	883	16827	17090	264	16821	17090
390283667	1	330	1.645E-88	3	36639	37931	839	38	0.559	1.490E+00	19	51	300	36639	36737	99	36534	36737
390283667	1	330	1.645E-88	3	36639	37931	853	185	0.532	1.606E-47	51	211	300	37064	37609	546	36752	37621
390283667	1	330	1.645E-88	3	36639	37931	858	108	0.638	1.936E-24	214	297	300	37680	37931	252	37662	37946
390712108	1	261	9.711E-68	2	37064	37928	853	166	0.486	5.028E-41	35	192	280	37064	37612	549	36752	37621
390712108	1	261	9.711E-68	2	37064	37928	858	94	0.574	1.263E-19	194	271	280	37680	37928	249	37662	37946
390833545	1	341	8.033E-92	3	36618	37931	839	48	0.551	5.062E-04	7	49	298	36618	36737	120	36534	36737
390833545	1	341	8.033E-92	3	36618	37931	853	183	0.528	5.594E-47	49	209	298	37064	37609	546	36752	37621
390833545	1	341	8.033E-92	3	36618	37931	858	111	0.654	1.537E-25	212	295	298	37680	37931	252	37662	37946
391025933	-1	398	5.574E-109	3	33540	34439	1092	214	0.983	1.174E-60	8	109	219	-34439	-34134	306	34484	34134
391025933	-1	398	5.574E-109	3	33540	34439	1101	108	0.872	1.269E-24	107	164	219	-33920	-33747	174	33953	33735
391025933	-1	398	5.574E-109	3	33540	34439	1105	79	0.749	1.261E-14	163	212	219	-33689	-33540	150	33731	33522
391067788	-1	150	2.521E-34	2	24111	24783	1317	38	0.545	1.042E+01	1	34	226	-24783	-24685	99	24840	24469
391067788	-1	150	2.521E-34	2	24111	24783	1325	149	0.753	4.802E-38	73	167	226	-24398	-24111	288	24446	24060
391236325	-1	416	2.126E-114	3	33525	34439	1092	220	1.000	7.485E-63	8	109	219	-34439	-34134	306	34484	34134
391236325	-1	416	2.126E-114	3	33525	34439	1101	104	0.846	2.201E-23	107	164	219	-33920	-33747	174	33953	33735
391236325	-1	416	2.126E-114	3	33525	34439	1105	95	0.819	2.038E-20	163	217	219	-33689	-33525	165	33731	33522
391494076	1	267	1.517E-69	2	37064	37931	853	171	0.501	6.439E-43	38	198	287	37064	37609	546	36752	37621
391494076	1	267	1.517E-69	2	37064	37931	858	97	0.580	1.888E-20	201	284	287	37680	37931	252	37662	37946
391650812	-1	303	2.208E-80	4	20000	20777	1415	46	0.559	9.381E-04	29	68	223	-20777	-20658	120	20777	20652
391650812	-1	303	2.208E-80	4	20000	20777	1422	162	0.811	1.493E-42	69	163	223	-20588	-20301	288	20636	20247
391650812	-1	303	2.208E-80	4	20000	20777	1423	38	0.776	1.031E+00	164	185	223	-20235	-20170	66	20310	20170
391650812	-1	303	2.208E-80	4	20000	20777	1426	53	0.755	1.554E-06	186	218	223	-20098	-20000	99	20104	19997
392195823	-1	399	2.787E-109	3	33531	34439	1092	214	0.983	1.174E-60	8	109	220	-34439	-34134	306	34484	34134
392195823	-1	399	2.787E-109	3	33531	34439	1101	95	0.782	2.362E-20	107	164	220	-33920	-33747	174	33953	33735
392195823	-1	399	2.787E-109	3	33531	34439	1105	93	0.830	9.963E-20	163	215	220	-33689	-33531	159	33731	33522
392457640	-1	321	8.423E-86	2	33747	34439	1092	217	0.997	6.835E-62	8	109	218	-34439	-34134	306	34484	34134
392457640	-1	321	8.423E-86	2	33747	34439	1101	106	0.857	6.192E-24	107	164	218	-33920	-33747	174	33953	33735
392906310	-1	145	8.068E-33	2	20301	21111	1407	40	0.574	2.954E-01	2	34	227	-21111	-21016	96	21132	20971
392906310	-1	145	8.068E-33	2	20301	21111	1422	143	0.725	7.870E-36	74	168	227	-20588	-20301	288	20636	20247
393055783	-1	246	3.182E-63	4	20000	21096	1407	42	0.690	5.942E-02	5	32	225	-21096	-21016	81	21132	20971
393055783	-1	246	3.182E-63	4	20000	21096	1422	145	0.726	2.225E-36	70	166	225	-20591	-20301	291	20636	20247
393055783	-1	246	3.182E-63	4	20000	21096	1423	38	0.784	7.473E-01	167	188	225	-20235	-20170	66	20310	20170
393055783	-1	246	3.182E-63	4	20000	21096	1426	54	0.766	8.205E-07	189	221	225	-20098	-20000	99	20104	19997
393406794	1	375	4.676E-102	3	36648	37931	839	40	0.628	4.147E-01	18	47	299	36648	36737	90	36534	36737
393406794	1	375	4.676E-102	3	36648	37931	853	207	0.584	2.961E-55	47	207	299	37064	37609	546	36752	37621
393406794	1	375	4.676E-102	3	36648	37931	858	129	0.737	9.988E-32	210	294	299	37680	37931	252	37662	37946
393421219	1	410	1.361E-112	4	14305	15956	352	131	0.427	3.653E-30	69	238	864	14305	14805	501	14203	14835
393421219	1	410	1.361E-112	4	14305	15956	361	177	0.557	2.430E-46	229	392	864	14841	15329	489	14775	15344
393421219	1	410	1.361E-112	4	14305	15956	367	63	0.482	6.382E-09	393	460	864	15392	15595	204	15344	15601
393421219	1	410	1.361E-112	4	14305	15956	375	52	0.485	1.896E-05	468	522	864	15792	15956	165	15768	15965
393422514	-1	396	2.230E-108	3	33531	34439	1092	216	0.992	1.764E-61	8	109	219	-34439	-34134	306	34484	34134
393422514	-1	396	2.230E-108	3	33531	34439	1101	100	0.814	7.208E-22	107	164	219	-33920	-33747	174	33953	33735
393422514	-1	396	2.230E-108	3	33531	34439	1105	83	0.747	3.830E-16	163	215	219	-33689	-33531	159	33731	33522
393436340	1	357	1.226E-96	3	36621	37931	839	46	0.571	3.437E-03	11	46	285	36621	36737	117	36534	36737
393436340	1	357	1.226E-96	3	36621	37931	853	183	0.560	5.594E-47	47	194	285	37103	37609	507	36752	37621
393436340	1	357	1.226E-96	3	36621	37931	858	128	0.738	2.582E-31	197	280	285	37680	37931	252	37662	37946
393439517	-1	147	2.017E-33	1	24111	24398	1325	147	0.741	4.383E-37	46	140	159	-24398	-24111	288	24446	24060
393476216	1	297	1.413E-78	3	36639	37925	839	35	0.517	1.929E+01	6	38	287	36639	36737	99	36534	36737
393476216	1	297	1.413E-78	3	36639	37925	853	168	0.492	1.061E-41	38	198	287	37064	37609	546	36752	37621
393476216	1	297	1.413E-78	3	36639	37925	858	95	0.584	6.703E-20	201	282	287	37680	37925	246	37662	37946
393500591	1	568	3.725E-160	4	14299	17090	352	143	0.448	2.224E-34	53	227	851	14299	14805	507	14203	14835
393500591	1	568	3.725E-160	4	14299	17090	361	161	0.548	7.110E-41	231	382	851	14877	15329	453	14775	15344
393500591	1	568	3.725E-160	4	14299	17090	390	266	0.540	6.932E-76	507	764	851	16009	16773	765	16003	16791
393500591	1	568	3.725E-160	4	14299	17090	398	123	0.683	1.710E-29	763	850	851	16827	17090	264	16821	17090
393501921	-1	303	2.208E-80	2	33747	34439	1092	209	0.965	3.796E-59	8	109	214	-34439	-34134	306	34484	34134
393501921	-1	303	2.208E-80	2	33747	34439	1101	96	0.788	1.252E-20	107	164	214	-33920	-33747	174	33953	33735
393508419	1	121	1.354E-25	1	16827	17090	398	121	0.675	6.070E-29	65	152	153	16827	17090	264	16821	17090
393552356	1	214	1.367E-53	2	36663	37609	839	39	0.721	7.861E-01	16	40	318	36663	36737	75	36534	36737
393552356	1	214	1.367E-53	2	36663	37609	853	175	0.509	3.902E-44	40	200	318	37064	37609	546	36752	37621
393570561	-1	418	5.316E-115	3	33522	34439	1092	218	0.999	4.983E-62	8	109	219	-34439	-34134	306	34484	34134
393570561	-1	418	5.316E-115	3	33522	34439	1101	107	0.866	2.392E-24	107	164	219	-33920	-33747	174	33953	33735
393570561	-1	418	5.316E-115	3	33522	34439	1105	96	0.815	7.868E-21	163	218	219	-33689	-33522	168	33731	33522
393602304	1	326	2.632E-87	3	36621	37931	839	46	0.538	3.437E-03	12	53	302	36621	36737	117	36534	36737
393602304	1	326	2.632E-87	3	36621	37931	853	172	0.501	3.454E-43	53	213	302	37064	37609	546	36752	37621
393602304	1	326	2.632E-87	3	36621	37931	858	109	0.642	1.028E-24	216	299	302	37680	37931	252	37662	37946
393605127	1	662	1.880E-188	5	14299	17090	352	142	0.457	5.694E-34	87	253	876	14299	14805	507	14203	14835
393605127	1	662	1.880E-188	5	14299	17090	361	162	0.533	3.790E-41	250	407	876	14859	15329	471	14775	15344
393605127	1	662	1.880E-188	5	14299	17090	367	64	0.473	2.462E-09	407	477	876	15389	15601	213	15344	15601
393605127	1	662	1.880E-188	5	14299	17090	390	232	0.488	3.766E-64	534	789	876	16009	16773	765	16003	16791
393605127	1	662	1.880E-188	5	14299	17090	398	119	0.668	2.154E-28	788	875	876	16827	17090	264	16821	17090
393649170	1	239	4.073E-61	2	36639	37609	839	40	0.585	3.012E-01	5	37	219	36639	36737	99	36534	36737
393649170	1	239	4.073E-61	2	36639	37609	853	199	0.566	1.539E-52	37	197	219	37064	37609	546	36752	37621
393665855	1	648	3.081E-184	5	14859	17090	361	157	0.522	1.206E-39	226	383	852	14859	15329	471	14775	15344
393665855	1	648	3.081E-184	5	14859	17090	367	68	0.492	1.942E-10	383	453	852	15389	15601	213	15344	15601
393665855	1	648	3.081E-184	5	14859	17090	375	47	0.442	1.654E-03	461	515	852	15801	15965	165	15768	15965
393665855	1	648	3.081E-184	5	14859	17090	390	263	0.553	6.260E-75	518	765	852	16039	16773	735	16003	16791
393665855	1	648	3.081E-184	5	14859	17090	398	119	0.668	2.154E-28	764	851	852	16827	17090	264	16821	17090
393666647	-1	424	8.306E-117	3	33528	34439	1092	218	1.000	3.633E-62	8	109	218	-34439	-34134	306	34484	34134
393666647	-1	424	8.306E-117	3	33528	34439	1101	105	0.852	1.167E-23	107	164	218	-33920	-33747	174	33953	33735
393666647	-1	424	8.306E-117	3	33528	34439	1105	104	0.904	1.382E-23	163	216	218	-33689	-33528	162	33731	33522
393735148	-1	413	1.701E-113	3	33528	34460	1092	219	0.890	1.408E-62	9	125	235	-34460	-34134	327	34484	34134
393735148	-1	413	1.701E-113	3	33528	34460	1101	104	0.846	2.201E-23	123	180	235	-33920	-33747	174	33953	33735
393735148	-1	413	1.701E-113	3	33528	34460	1105	93	0.817	9.963E-20	179	232	235	-33689	-33528	162	33731	33522
393739952	-1	215	6.834E-54	1	34137	34442	1092	215	0.988	4.551E-61	0	101	102	-34442	-34137	306	34484	34134
393757168	1	217	1.708E-54	2	36663	37609	839	38	0.707	1.490E+00	16	40	293	36663	36737	75	36534	36737
393757168	1	217	1.708E-54	2	36663	37609	853	179	0.517	2.361E-45	40	200	293	37064	37609	546	36752	37621
393784174	-1	411	6.804E-113	3	33528	34439	1092	218	0.999	4.983E-62	8	109	219	-34439	-34134	306	34484	34134
393784174	-1	411	6.804E-113	3	33528	34439	1101	104	0.846	2.201E-23	107	164	219	-33920	-33747	174	33953	33735
393784174	-1	411	6.804E-113	3	33528	34439	1105	92	0.807	2.581E-19	163	216	219	-33689	-33528	162	33731	33522
393797348	1	809	1.054E-232	6	14329	17090	352	133	0.450	7.642E-31	95	255	881	14329	14805	477	14203	14835
393797348	1	809	1.054E-232	6	14329	17090	361	162	0.520	2.020E-41	246	409	881	14841	15329	489	14775	15344
393797348	1	809	1.054E-232	6	14329	17090	367	64	0.487	3.382E-09	410	477	881	15392	15595	204	15344	15601
393797348	1	809	1.054E-232	6	14329	17090	375	51	0.466	6.794E-05	485	540	881	15792	15959	168	15768	15965
393797348	1	809	1.054E-232	6	14329	17090	390	281	0.577	4.481E-81	543	793	881	16033	16770	738	16003	16791
393797348	1	809	1.054E-232	6	14329	17090	398	130	0.721	3.041E-32	793	880	881	16827	17090	264	16821	17090
393835447	-1	237	1.629E-60	3	23813	24398	1325	153	0.769	2.797E-39	49	143	203	-24398	-24111	288	24446	24060
393835447	-1	237	1.629E-60	3	23813	24398	1326	34	0.726	2.445E+01	145	165	203	-24045	-23983	63	24120	23983
393835447	-1	237	1.629E-60	3	23813	24398	1331	48	0.688	9.893E-05	166	198	203	-23911	-23813	99	23917	23810
393835740	-1	180	2.348E-43	2	23813	24398	1325	153	0.769	2.797E-39	49	143	203	-24398	-24111	288	24446	24060
393835740	-1	180	2.348E-43	2	23813	24398	1331	48	0.688	9.893E-05	166	198	203	-23911	-23813	99	23917	23810
393835834	-1	237	1.629E-60	3	23813	24398	1325	153	0.769	2.797E-39	49	143	203	-24398	-24111	288	24446	24060
393835834	-1	237	1.629E-60	3	23813	24398	1326	34	0.726	2.445E+01	145	165	203	-24045	-23983	63	24120	23983
393835834	-1	237	1.629E-60	3	23813	24398	1331	48	0.683	1.362E-04	166	198	203	-23911	-23813	99	23917	23810
393842699	-1	202	5.598E-50	2	33525	33920	1101	104	0.843	3.023E-23	107	164	218	-33920	-33747	174	33953	33735
393842699	-1	202	5.598E-50	2	33525	33920	1105	99	0.847	1.173E-21	163	217	218	-33689	-33525	165	33731	33522
393879070	-1	415	4.253E-114	3	33525	34439	1092	219	1.000	1.931E-62	151	252	362	-34439	-34134	306	34484	34134
393879070	-1	415	4.253E-114	3	33525	34439	1101	104	0.846	2.201E-23	250	307	362	-33920	-33747	174	33953	33735
393879070	-1	415	4.253E-114	3	33525	34439	1105	95	0.816	2.800E-20	306	360	362	-33689	-33525	165	33731	33522
393883605	-1	395	4.459E-108	3	33537	34439	1092	215	0.988	4.551E-61	8	109	219	-34439	-34134	306	34484	34134
393883605	-1	395	4.459E-108	3	33537	34439	1101	100	0.814	7.208E-22	107	164	219	-33920	-33747	174	33953	33735
393883605	-1	395	4.459E-108	3	33537	34439	1105	83	0.769	5.262E-16	163	213	219	-33689	-33537	153	33731	33522
393922906	1	222	5.339E-56	2	36615	37609	839	38	0.466	2.052E+00	29	66	319	36615	36737	123	36534	36737
393922906	1	222	5.339E-56	2	36615	37609	853	184	0.531	2.194E-47	66	226	319	37064	37609	546	36752	37621
393924938	1	842	1.227E-242	6	14305	17090	352	152	0.490	2.248E-37	77	239	862	14305	14799	495	14203	14835
393924938	1	842	1.227E-242	6	14305	17090	361	163	0.525	1.077E-41	233	395	862	14844	15329	486	14775	15344
393924938	1	842	1.227E-242	6	14305	17090	367	83	0.582	1.126E-15	395	465	862	15389	15601	213	15344	15601
393924938	1	842	1.227E-242	6	14305	17090	375	47	0.458	1.202E-03	473	525	862	15801	15959	159	15768	15965
393924938	1	842	1.227E-242	6	14305	17090	390	286	0.594	7.508E-83	529	775	862	16036	16773	738	16003	16791
393924938	1	842	1.227E-242	6	14305	17090	398	123	0.685	1.246E-29	774	861	862	16827	17090	264	16821	17090
393925430	1	649	1.540E-184	5	14859	17090	361	164	0.541	4.191E-42	247	404	873	14859	15329	471	14775	15344
393925430	1	649	1.540E-184	5	14859	17090	367	61	0.454	3.122E-08	404	474	873	15389	15601	213	15344	15601
393925430	1	649	1.540E-184	5	14859	17090	375	47	0.445	1.202E-03	482	536	873	15801	15965	165	15768	15965
393925430	1	649	1.540E-184	5	14859	17090	390	263	0.551	6.260E-75	538	786	873	16036	16773	738	16003	16791
393925430	1	649	1.540E-184	5	14859	17090	398	118	0.662	5.571E-28	785	872	873	16827	17090	264	16821	17090
394521938	-1	81	1.488E-13	1	31214	31489	1152	81	0.382	7.535E-14	23	142	143	-31489	-31214	276	31642	31193
399961476	-1	404	8.709E-111	3	33525	34439	1092	219	1.000	1.931E-62	8	109	219	-34439	-34134	306	34484	34134
399961476	-1	404	8.709E-111	3	33525	34439	1101	109	0.881	4.900E-25	107	164	219	-33920	-33747	174	33953	33735
399961476	-1	404	8.709E-111	3	33525	34439	1105	79	0.693	9.177E-15	163	217	219	-33689	-33525	165	33731	33522
400271771	1	693	8.756E-198	5	14311	17090	352	130	0.432	4.994E-30	107	273	894	14311	14805	495	14203	14835
400271771	1	693	8.756E-198	5	14311	17090	361	167	0.547	6.346E-43	270	427	894	14859	15329	471	14775	15344
400271771	1	693	8.756E-198	5	14311	17090	367	69	0.519	5.456E-11	427	494	894	15389	15592	204	15344	15601
400271771	1	693	8.756E-198	5	14311	17090	390	268	0.563	1.051E-76	561	807	894	16039	16773	735	16003	16791
400271771	1	693	8.756E-198	5	14311	17090	398	126	0.698	1.358E-30	806	893	894	16827	17090	264	16821	17090
400437147	-1	409	2.722E-112	3	33531	34439	1092	217	0.996	9.375E-62	8	109	219	-34439	-34134	306	34484	34134
400437147	-1	409	2.722E-112	3	33531	34439	1101	103	0.837	5.700E-23	107	164	219	-33920	-33747	174	33953	33735
400437147	-1	409	2.722E-112	3	33531	34439	1105	92	0.817	3.546E-19	163	215	219	-33689	-33531	159	33731	33522
400594938	1	211	1.093E-52	2	36663	37609	839	42	0.762	1.154E-01	17	41	294	36663	36737	75	36534	36737
400594938	1	211	1.093E-52	2	36663	37609	853	169	0.496	3.055E-42	41	201	294	37064	37609	546	36752	37621
400782749	1	377	1.169E-102	3	14844	17090	361	156	0.503	4.241E-39	219	382	842	14844	15329	486	14775	15344
400782749	1	377	1.169E-102	3	14844	17090	390	222	0.475	7.040E-61	502	755	842	16015	16773	759	16003	16791
400782749	1	377	1.169E-102	3	14844	17090	398	118	0.660	7.647E-28	754	841	842	16827	17090	264	16821	17090
400960745	-1	237	1.629E-60	3	23813	24398	1325	147	0.743	3.196E-37	84	178	237	-24398	-24111	288	24446	24060
400960745	-1	237	1.629E-60	3	23813	24398	1326	38	0.776	9.779E-01	179	200	237	-24048	-23983	66	24120	23983
400960745	-1	237	1.629E-60	3	23813	24398	1331	50	0.709	2.754E-05	201	233	237	-23911	-23813	99	23917	23810
400993249	1	255	6.215E-66	2	37064	37928	853	155	0.460	3.025E-37	41	202	298	37064	37612	549	36752	37621
400993249	1	255	6.215E-66	2	37064	37928	858	99	0.596	3.874E-21	204	286	298	37680	37928	249	37662	37946
401235538	1	214	1.367E-53	2	36663	37609	839	39	0.721	7.861E-01	16	40	293	36663	36737	75	36534	36737
401235538	1	214	1.367E-53	2	36663	37609	853	175	0.509	3.902E-44	40	200	293	37064	37609	546	36752	37621
401271826	1	247	1.591E-63	2	36663	37609	839	40	0.728	5.709E-01	13	37	239	36663	36737	75	36534	36737
401271826	1	247	1.591E-63	2	36663	37609	853	207	0.584	2.961E-55	37	216	239	37064	37609	546	36752	37621
401339465	-1	406	2.177E-111	3	33528	34439	1092	216	0.994	1.286E-61	8	109	219	-34439	-34134	306	34484	34134
401339465	-1	406	2.177E-111	3	33528	34439	1101	104	0.846	2.201E-23	107	164	219	-33920	-33747	174	33953	33735
401339465	-1	406	2.177E-111	3	33528	34439	1105	89	0.782	3.271E-18	163	216	219	-33689	-33528	162	33731	33522
401411631	1	574	5.820E-162	4	14859	17090	361	161	0.531	7.110E-41	282	439	908	14859	15329	471	14775	15344
401411631	1	574	5.820E-162	4	14859	17090	367	64	0.489	2.462E-09	439	506	908	15389	15592	204	15344	15601
401411631	1	574	5.820E-162	4	14859	17090	390	270	0.534	2.988E-77	556	821	908	16009	16773	765	16003	16791
401411631	1	574	5.820E-162	4	14859	17090	398	127	0.704	5.254E-31	820	907	908	16827	17090	264	16821	17090
401526044	1	313	2.156E-83	3	36660	37937	839	36	0.644	1.017E+01	12	37	287	36660	36737	78	36534	36737
401526044	1	313	2.156E-83	3	36660	37937	853	172	0.501	3.454E-43	37	197	287	37064	37609	546	36752	37621
401526044	1	313	2.156E-83	3	36660	37937	858	106	0.614	1.295E-23	200	285	287	37680	37937	258	37662	37946
401953423	-1	414	8.505E-114	3	33525	34439	1092	217	0.997	6.835E-62	8	109	219	-34439	-34134	306	34484	34134
401953423	-1	414	8.505E-114	3	33525	34439	1101	104	0.846	2.201E-23	107	164	219	-33920	-33747	174	33953	33735
401953423	-1	414	8.505E-114	3	33525	34439	1105	96	0.825	1.081E-20	163	217	219	-33689	-33525	165	33731	33522
402077585	1	219	4.271E-55	3	36663	37931	839	40	0.728	5.709E-01	13	37	231	36663	36737	75	36534	36737
402077585	1	219	4.271E-55	3	36663	37931	853	96	0.571	2.311E-17	37	121	231	37064	37318	255	36752	37621
402077585	1	219	4.271E-55	3	36663	37931	858	104	0.616	6.308E-23	144	227	231	37680	37931	252	37662	37946
402398141	-1	399	2.787E-109	3	33540	34439	1092	215	0.988	4.551E-61	8	109	219	-34439	-34134	306	34484	34134
402398141	-1	399	2.787E-109	3	33540	34439	1101	109	0.883	3.569E-25	107	164	219	-33920	-33747	174	33953	33735
402398141	-1	399	2.787E-109	3	33540	34439	1105	78	0.746	1.733E-14	163	212	219	-33689	-33540	150	33731	33522
402987937	1	328	6.581E-88	3	36657	37925	839	37	0.636	5.360E+00	9	35	280	36657	36737	81	36534	36737
402987937	1	328	6.581E-88	3	36657	37925	853	184	0.533	2.194E-47	35	194	280	37064	37606	543	36752	37621
402987937	1	328	6.581E-88	3	36657	37925	858	106	0.622	9.432E-24	195	279	280	37671	37925	255	37662	37946
403010838	1	341	8.033E-92	3	36663	37931	839	41	0.755	1.589E-01	13	37	286	36663	36737	75	36534	36737
403010838	1	341	8.033E-92	3	36663	37931	853	192	0.547	7.962E-50	37	197	286	37064	37609	546	36752	37621
403010838	1	341	8.033E-92	3	36663	37931	858	109	0.640	1.411E-24	200	283	286	37680	37931	252	37662	37946
403229524	1	500	1.099E-139	4	14859	16773	361	158	0.530	4.693E-40	214	369	839	14859	15323	465	14775	15344
403229524	1	500	1.099E-139	4	14859	16773	367	63	0.487	6.382E-09	372	438	839	15392	15592	201	15344	15601
403229524	1	500	1.099E-139	4	14859	16773	375	34	0.344	4.623E+01	448	502	839	15801	15965	165	15768	15965
403229524	1	500	1.099E-139	4	14859	16773	390	252	0.532	5.689E-71	504	752	839	16036	16773	738	16003	16791
403252510	1	341	8.033E-92	3	36663	37931	839	40	0.728	5.709E-01	13	37	287	36663	36737	75	36534	36737
403252510	1	341	8.033E-92	3	36663	37931	853	198	0.562	5.373E-52	37	197	287	37064	37609	546	36752	37621
403252510	1	341	8.033E-92	3	36663	37931	858	104	0.616	6.308E-23	200	283	287	37680	37931	252	37662	37946
403345463	-1	403	1.742E-110	3	33540	34439	1092	217	0.996	9.375E-62	8	109	219	-34439	-34134	306	34484	34134
403345463	-1	403	1.742E-110	3	33540	34439	1101	109	0.883	3.569E-25	107	164	219	-33920	-33747	174	33953	33735
403345463	-1	403	1.742E-110	3	33540	34439	1105	80	0.762	3.538E-15	163	212	219	-33689	-33540	150	33731	33522
403567869	1	348	6.276E-94	3	36672	37931	839	35	0.721	2.656E+01	16	37	296	36672	36737	66	36534	36737
403567869	1	348	6.276E-94	3	36672	37931	853	205	0.577	2.644E-54	37	206	296	37064	37609	546	36752	37621
403567869	1	348	6.276E-94	3	36672	37931	858	109	0.644	7.488E-25	209	292	296	37680	37931	252	37662	37946
403616787	-1	181	1.174E-43	2	23983	24398	1325	147	0.743	3.196E-37	76	170	230	-24398	-24111	288	24446	24060
403616787	-1	181	1.174E-43	2	23983	24398	1326	33	0.718	3.375E+01	172	192	230	-24045	-23983	63	24120	23983
403922608	1	255	6.215E-66	2	37064	37919	853	159	0.470	9.931E-39	54	218	305	37064	37612	549	36752	37621
403922608	1	255	6.215E-66	2	37064	37919	858	95	0.594	9.201E-20	220	299	305	37680	37919	240	37662	37946
404353456	1	274	1.185E-71	2	37064	37931	853	171	0.499	1.200E-42	32	192	281	37064	37609	546	36752	37621
404353456	1	274	1.185E-71	2	37064	37931	858	104	0.614	8.658E-23	195	278	281	37680	37931	252	37662	37946
404429911	1	278	7.409E-73	2	37064	37931	853	168	0.492	1.061E-41	37	197	287	37064	37609	546	36752	37621
404429911	1	278	7.409E-73	2	37064	37931	858	111	0.650	2.896E-25	200	283	287	37680	37931	252	37662	37946
404754951	1	212	5.467E-53	2	36651	37609	839	35	0.575	1.929E+01	23	51	310	36651	36737	87	36534	36737
404754951	1	212	5.467E-53	2	36651	37609	853	177	0.513	1.122E-44	51	211	310	37064	37609	546	36752	37621
404981649	1	405	4.355E-111	3	14859	16773	361	155	0.514	5.808E-39	271	429	894	14859	15329	471	14775	15344
404981649	1	405	4.355E-111	3	14859	16773	367	64	0.468	4.646E-09	429	499	894	15389	15601	213	15344	15601
404981649	1	405	4.355E-111	3	14859	16773	390	248	0.529	9.621E-70	563	807	894	16033	16773	741	16003	16791
405595535	1	520	1.048E-145	4	14859	16773	361	156	0.520	2.261E-39	243	400	869	14859	15329	471	14775	15344
405595535	1	520	1.048E-145	4	14859	16773	367	67	0.487	3.665E-10	400	470	869	15389	15601	213	15344	15601
405595535	1	520	1.048E-145	4	14859	16773	375	45	0.426	8.171E-03	478	532	869	15801	15965	165	15768	15965
405595535	1	520	1.048E-145	4	14859	16773	390	256	0.539	1.794E-72	534	782	869	16036	16773	738	16003	16791
406125775	1	365	4.788E-99	3	36657	37943	839	37	0.642	3.892E+00	21	47	298	36657	36737	81	36534	36737
406125775	1	365	4.788E-99	3	36657	37943	853	199	0.566	1.539E-52	47	207	298	37064	37609	546	36752	37621
406125775	1	365	4.788E-99	3	36657	37943	858	130	0.717	7.278E-32	210	297	298	37680	37943	264	37662	37946
407412540	-1	175	7.514E-42	2	23813	24401	1325	147	0.735	4.383E-37	69	164	222	-24401	-24111	291	24446	24060
407412540	-1	175	7.514E-42	2	23813	24401	1331	49	0.698	5.219E-05	187	219	222	-23911	-23813	99	23917	23810
407480346	-1	206	3.499E-51	3	23813	24398	1325	131	0.644	1.346E-31	73	173	234	-24398	-24099	300	24446	24060
407480346	-1	206	3.499E-51	3	23813	24398	1326	32	0.666	8.883E+01	166	187	234	-24048	-23983	66	24120	23983
407480346	-1	206	3.499E-51	3	23813	24398	1331	49	0.698	5.219E-05	188	220	234	-23911	-23813	99	23917	23810
407510295	-1	140	2.582E-31	2	20301	21096	1407	40	0.646	2.143E-01	7	35	233	-21096	-21016	81	21132	20971
407510295	-1	140	2.582E-31	2	20301	21096	1422	138	0.703	4.778E-34	75	169	233	-20588	-20301	288	20636	20247
407551167	-1	179	4.696E-43	2	23813	24398	1325	151	0.759	1.862E-38	74	168	232	-24398	-24111	288	24446	24060
407551167	-1	179	4.696E-43	2	23813	24398	1331	49	0.698	5.219E-05	191	223	232	-23911	-23813	99	23917	23810
407585147	-1	176	3.757E-42	2	19997	20591	1422	144	0.704	4.184E-36	78	177	239	-20591	-20301	291	20636	20247
407585147	-1	176	3.757E-42	2	19997	20591	1426	53	0.736	1.554E-06	200	233	239	-20098	-19997	102	20104	19997
407597886	-1	191	1.147E-46	2	23983	24401	1325	156	0.774	3.065E-40	72	168	227	-24401	-24111	291	24446	24060
407597886	-1	191	1.147E-46	2	23983	24401	1326	34	0.713	1.283E+01	169	190	227	-24048	-23983	66	24120	23983
407670644	-1	176	3.757E-42	2	23813	24398	1325	142	0.722	1.415E-35	77	171	249	-24398	-24111	288	24446	24060
407670644	-1	176	3.757E-42	2	23813	24398	1331	55	0.776	4.334E-07	194	226	249	-23911	-23813	99	23917	23810
407765860	-1	167	1.924E-39	2	23810	24398	1325	139	0.708	1.771E-34	78	172	231	-24398	-24111	288	24446	24060
407765860	-1	167	1.924E-39	2	23810	24398	1331	49	0.681	5.219E-05	195	228	231	-23911	-23810	102	23917	23810
407816908	-1	173	3.006E-41	2	23813	24401	1325	143	0.721	5.486E-36	72	167	225	-24401	-24111	291	24446	24060
407816908	-1	173	3.006E-41	2	23813	24401	1331	51	0.729	7.671E-06	190	222	225	-23911	-23813	99	23917	23810
407846219	-1	175	7.514E-42	3	19997	21096	1407	38	0.641	7.736E-01	10	37	300	-21096	-21016	81	21132	20971
407846219	-1	175	7.514E-42	3	19997	21096	1422	132	0.642	7.479E-32	76	177	300	-20588	-20283	306	20636	20247
407846219	-1	175	7.514E-42	3	19997	21096	1426	53	0.726	2.943E-06	190	223	300	-20098	-19997	102	20104	19997
407934008	1	365	4.788E-99	3	36660	37940	839	38	0.683	1.490E+00	28	53	304	36660	36737	78	36534	36737
407934008	1	365	4.788E-99	3	36660	37940	853	199	0.566	1.539E-52	53	213	304	37064	37609	546	36752	37621
407934008	1	365	4.788E-99	3	36660	37940	858	129	0.722	9.988E-32	216	302	304	37680	37940	261	37662	37946
407947392	-1	157	1.970E-36	2	23983	24398	1325	124	0.640	3.962E-29	74	169	231	-24398	-24111	288	24446	24060
407947392	-1	157	1.970E-36	2	23983	24398	1326	32	0.666	8.883E+01	170	191	231	-24048	-23983	66	24120	23983
407948931	-1	406	2.177E-111	3	33531	34439	1092	214	0.986	6.242E-61	8	109	220	-34439	-34134	306	34484	34134
407948931	-1	406	2.177E-111	3	33531	34439	1101	105	0.854	8.502E-24	107	164	220	-33920	-33747	174	33953	33735
407948931	-1	406	2.177E-111	3	33531	34439	1105	90	0.805	1.262E-18	163	215	220	-33689	-33531	159	33731	33522
408062879	-1	218	8.542E-55	1	34137	34445	1092	218	0.990	4.983E-62	0	102	103	-34445	-34137	309	34484	34134
408072756	1	407	1.089E-111	4	14392	21812	352	110	0.440	4.109E-23	159	295	918	14392	14799	408	14203	14835
408072756	1	407	1.089E-111	4	14392	21812	361	152	0.493	9.838E-38	289	452	918	14844	15329	486	14775	15344
408072756	1	407	1.089E-111	4	14392	21812	390	250	0.532	2.738E-70	586	831	918	16033	16773	741	16003	16791
408072756	1	407	1.089E-111	4	14392	21812	512	33	0.355	7.355E+01	834	884	918	21660	21812	153	21657	21842
408121269	1	656	1.203E-186	5	14329	16773	352	137	0.452	3.340E-32	82	246	869	14329	14805	477	14203	14835
408121269	1	656	1.203E-186	5	14329	16773	361	157	0.521	1.651E-39	243	400	869	14859	15329	471	14775	15344
408121269	1	656	1.203E-186	5	14329	16773	367	69	0.499	7.494E-11	400	470	869	15389	15601	213	15344	15601
408121269	1	656	1.203E-186	5	14329	16773	375	44	0.423	1.125E-02	478	532	869	15801	15965	165	15768	15965
408121269	1	656	1.203E-186	5	14329	16773	390	255	0.538	3.363E-72	534	782	869	16036	16773	738	16003	16791
408141988	1	130	2.644E-28	1	37199	37612	853	130	0.498	8.840E-29	0	116	163	37199	37612	414	36752	37621
408144031	1	667	5.876E-190	5	14329	16773	352	139	0.457	6.979E-33	71	235	858	14329	14805	477	14203	14835
408144031	1	667	5.876E-190	5	14329	16773	361	161	0.537	7.110E-41	232	387	858	14859	15323	465	14775	15344
408144031	1	667	5.876E-190	5	14329	16773	367	70	0.514	2.105E-11	390	459	858	15392	15601	210	15344	15601
408144031	1	667	5.876E-190	5	14329	16773	375	41	0.396	1.999E-01	467	521	858	15801	15965	165	15768	15965
408144031	1	667	5.876E-190	5	14329	16773	390	263	0.552	4.572E-75	523	771	858	16036	16773	738	16003	16791
408146973	1	207	1.749E-51	2	36663	37591	839	35	0.630	1.929E+01	11	36	292	36663	36737	75	36534	36737
408146973	1	207	1.749E-51	2	36663	37591	853	172	0.516	3.454E-43	36	190	292	37064	37591	528	36752	37621
408149728	1	277	1.482E-72	2	16321	17090	390	158	0.542	1.383E-38	9	158	245	16321	16773	453	16003	16791
408149728	1	277	1.482E-72	2	16321	17090	398	120	0.671	1.144E-28	157	244	245	16827	17090	264	16821	17090
408181349	-1	181	1.174E-43	2	33540	33920	1101	109	0.881	4.900E-25	90	147	202	-33920	-33747	174	33953	33735
408181349	-1	181	1.174E-43	2	33540	33920	1105	73	0.698	1.483E-12	146	195	202	-33689	-33540	150	33731	33522
408268734	-1	408	5.443E-112	3	33525	34439	1092	219	1.000	1.931E-62	37	138	248	-34439	-34134	306	34484	34134
408268734	-1	408	5.443E-112	3	33525	34439	1101	104	0.846	2.201E-23	136	193	248	-33920	-33747	174	33953	33735
408268734	-1	408	5.443E-112	3	33525	34439	1105	88	0.764	6.172E-18	192	246	248	-33689	-33525	165	33731	33522
408279541	1	119	5.414E-25	1	16827	17090	398	119	0.666	2.957E-28	54	141	142	16827	17090	264	16821	17090
408280904	1	642	1.972E-182	5	14859	17090	361	158	0.523	8.803E-40	37	194	663	14859	15329	471	14775	15344
408280904	1	642	1.972E-182	5	14859	17090	367	68	0.492	1.942E-10	194	264	663	15389	15601	213	15344	15601
408280904	1	642	1.972E-182	5	14859	17090	375	48	0.454	4.611E-04	272	326	663	15801	15965	165	15768	15965
408280904	1	642	1.972E-182	5	14859	17090	390	257	0.542	9.567E-73	329	576	663	16039	16773	735	16003	16791
408280904	1	642	1.972E-182	5	14859	17090	398	117	0.658	1.050E-27	575	662	663	16827	17090	264	16821	17090
408305593	-1	386	2.283E-105	3	33531	34439	1092	204	0.942	3.167E-57	8	109	220	-34439	-34134	306	34484	34134
408305593	-1	386	2.283E-105	3	33531	34439	1101	98	0.799	3.521E-21	107	164	220	-33920	-33747	174	33953	33735
408305593	-1	386	2.283E-105	3	33531	34439	1105	87	0.782	1.165E-17	163	215	220	-33689	-33531	159	33731	33522
408349956	1	269	3.793E-70	2	37064	37931	853	174	0.505	9.936E-44	38	198	287	37064	37609	546	36752	37621
408349956	1	269	3.793E-70	2	37064	37931	858	96	0.576	3.557E-20	201	284	287	37680	37931	252	37662	37946
408365847	1	276	2.964E-72	2	37064	37931	853	174	0.505	9.936E-44	38	198	287	37064	37609	546	36752	37621
408365847	1	276	2.964E-72	2	37064	37931	858	103	0.612	1.188E-22	201	284	287	37680	37931	252	37662	37946
408393259	1	345	5.021E-93	3	36657	37904	839	39	0.668	1.082E+00	28	54	430	36657	36737	81	36534	36737
408393259	1	345	5.021E-93	3	36657	37904	853	199	0.566	1.539E-52	54	214	430	37064	37609	546	36752	37621
408393259	1	345	5.021E-93	3	36657	37904	858	108	0.698	3.648E-24	217	291	430	37680	37904	225	37662	37946
408395207	1	324	1.053E-86	3	36660	37940	839	40	0.703	5.709E-01	31	56	307	36660	36737	78	36534	36737
408395207	1	324	1.053E-86	3	36660	37940	853	198	0.561	7.345E-52	56	216	307	37064	37609	546	36752	37621
408395207	1	324	1.053E-86	3	36660	37940	858	87	0.518	3.785E-17	219	305	307	37680	37940	261	37662	37946
408409058	-1	293	2.261E-77	2	33747	34439	1092	203	0.938	5.958E-57	8	109	214	-34439	-34134	306	34484	34134
408409058	-1	293	2.261E-77	2	33747	34439	1101	92	0.759	2.991E-19	107	164	214	-33920	-33747	174	33953	33735
408446268	-1	420	1.329E-115	3	33525	34439	1092	219	1.000	1.408E-62	8	109	218	-34439	-34134	306	34484	34134
408446268	-1	420	1.329E-115	3	33525	34439	1101	104	0.849	1.603E-23	107	164	218	-33920	-33747	174	33953	33735
408446268	-1	420	1.329E-115	3	33525	34439	1105	100	0.859	3.296E-22	163	217	218	-33689	-33525	165	33731	33522
408449650	-1	218	8.542E-55	1	34137	34442	1092	218	1.000	2.649E-62	0	101	102	-34442	-34137	306	34484	34134
408450030	-1	404	8.709E-111	3	33531	34439	1092	218	0.999	4.983E-62	8	109	219	-34439	-34134	306	34484	34134
408450030	-1	404	8.709E-111	3	33531	34439	1101	103	0.837	5.700E-23	107	164	219	-33920	-33747	174	33953	33735
408450030	-1	404	8.709E-111	3	33531	34439	1105	86	0.770	4.147E-17	163	215	219	-33689	-33531	159	33731	33522
408452933	1	214	1.367E-53	2	36663	37609	839	39	0.721	7.861E-01	16	40	293	36663	36737	75	36534	36737
408452933	1	214	1.367E-53	2	36663	37609	853	175	0.510	2.857E-44	40	200	293	37064	37609	546	36752	37621
408466743	1	305	5.520E-81	3	36663	37946	839	35	0.630	1.929E+01	11	36	291	36663	36737	75	36534	36737
408466743	1	305	5.520E-81	3	36663	37946	853	168	0.505	7.772E-42	36	189	291	37064	37591	528	36752	37621
408466743	1	305	5.520E-81	3	36663	37946	858	109	0.605	1.411E-24	198	287	291	37680	37946	267	37662	37946
409177524	1	86	4.651E-15	2	33750	34271	787	43	0.406	1.841E-01	23	78	126	33750	33917	168	33738	34049
409177524	1	86	4.651E-15	2	33750	34271	793	44	0.482	2.152E-01	77	122	126	34134	34271	138	34053	34475
413453925	-1	135	8.261E-30	2	20283	21096	1407	38	0.649	1.470E+00	9	35	232	-21096	-21016	81	21132	20971
413453925	-1	135	8.261E-30	2	20283	21096	1422	134	0.650	1.542E-32	74	175	232	-20588	-20283	306	20636	20247
413980737	-1	174	1.503E-41	2	23810	24398	1325	134	0.653	7.842E-33	52	153	210	-24398	-24093	306	24446	24060
413980737	-1	174	1.503E-41	2	23810	24398	1331	51	0.701	1.453E-05	166	199	210	-23911	-23810	102	23917	23810
414390262	1	349	3.138E-94	3	36648	37928	839	42	0.650	1.154E-01	3	32	280	36648	36737	90	36534	36737
414390262	1	349	3.138E-94	3	36648	37928	853	193	0.551	2.283E-50	32	192	280	37064	37609	546	36752	37621
414390262	1	349	3.138E-94	3	36648	37928	858	115	0.681	6.480E-27	195	275	280	37680	37928	249	37662	37946
414768076	1	307	1.380E-81	2	37064	37931	853	187	0.537	2.469E-48	43	203	294	37064	37609	546	36752	37621
414768076	1	307	1.380E-81	2	37064	37931	858	121	0.702	7.701E-29	206	289	294	37680	37931	252	37662	37946
414885108	1	330	1.645E-88	3	36645	37931	839	44	0.660	2.336E-02	19	49	297	36645	36737	93	36534	36737
414885108	1	330	1.645E-88	3	36645	37931	853	179	0.519	1.265E-45	49	209	297	37064	37609	546	36752	37621
414885108	1	330	1.645E-88	3	36645	37931	858	108	0.636	2.657E-24	212	295	297	37680	37931	252	37662	37946
414925150	1	363	1.915E-98	3	36657	37940	839	37	0.642	3.892E+00	24	50	301	36657	36737	81	36534	36737
414925150	1	363	1.915E-98	3	36657	37940	853	203	0.573	1.262E-53	50	210	301	37064	37609	546	36752	37621
414925150	1	363	1.915E-98	3	36657	37940	858	124	0.699	4.458E-30	213	299	301	37680	37940	261	37662	37946
415212261	-1	403	1.742E-110	3	33531	34439	1092	213	0.981	1.611E-60	8	109	219	-34439	-34134	306	34484	34134
415212261	-1	403	1.742E-110	3	33531	34439	1101	104	0.843	3.023E-23	107	164	219	-33920	-33747	174	33953	33735
415212261	-1	403	1.742E-110	3	33531	34439	1105	89	0.792	4.493E-18	163	215	219	-33689	-33531	159	33731	33522
415908440	1	280	1.852E-73	2	37064	37931	853	173	0.504	1.853E-43	58	218	323	37064	37609	546	36752	37621
415908440	1	280	1.852E-73	2	37064	37931	858	108	0.638	1.936E-24	221	304	323	37680	37931	252	37662	37946
416060452	-1	169	4.809E-40	2	20000	20588	1422	139	0.706	2.540E-34	76	170	230	-20588	-20301	288	20636	20247
416060452	-1	169	4.809E-40	2	20000	20588	1426	51	0.724	1.056E-05	193	225	230	-20098	-20000	99	20104	19997
416704676	1	544	6.249E-153	4	14329	17090	352	138	0.473	9.545E-33	107	263	888	14329	14796	468	14203	14835
416704676	1	544	6.249E-153	4	14329	17090	361	158	0.548	8.803E-40	271	419	888	14883	15329	447	14775	15344
416704676	1	544	6.249E-153	4	14329	17090	390	262	0.550	1.174E-74	553	801	888	16036	16773	738	16003	16791
416704676	1	544	6.249E-153	4	14329	17090	398	124	0.692	3.512E-30	800	887	888	16827	17090	264	16821	17090
416997722	-1	397	1.115E-108	3	33528	34439	1092	218	1.000	3.633E-62	8	109	219	-34439	-34134	306	34484	34134
416997722	-1	397	1.115E-108	3	33528	34439	1101	106	0.863	3.284E-24	107	164	219	-33920	-33747	174	33953	33735
416997722	-1	397	1.115E-108	3	33528	34439	1105	76	0.679	1.166E-13	163	216	219	-33689	-33528	162	33731	33522
417168302	1	142	6.454E-32	1	37064	37573	853	142	0.455	8.369E-33	50	205	315	37064	37573	510	36752	37621
417197911	1	169	4.809E-40	2	15045	15586	361	105	0.563	1.159E-21	0	94	160	15045	15329	285	14775	15344
417197911	1	169	4.809E-40	2	15045	15586	367	63	0.499	6.382E-09	95	159	160	15392	15586	195	15344	15601
417245432	1	390	1.427E-106	3	36618	37931	839	48	0.576	9.584E-04	9	48	298	36618	36737	120	36534	36737
417245432	1	390	1.427E-106	3	36618	37931	853	204	0.577	3.614E-54	48	208	298	37064	37609	546	36752	37621
417245432	1	390	1.427E-106	3	36618	37931	858	139	0.794	3.657E-35	211	294	298	37680	37931	252	37662	37946
417867520	-1	406	2.177E-111	3	33531	34439	1092	213	0.978	3.030E-60	8	109	220	-34439	-34134	306	34484	34134
417867520	-1	406	2.177E-111	3	33531	34439	1101	102	0.828	1.476E-22	107	164	220	-33920	-33747	174	33953	33735
417867520	-1	406	2.177E-111	3	33531	34439	1105	94	0.840	3.845E-20	163	215	220	-33689	-33531	159	33731	33522
418299942	-1	413	1.701E-113	3	33528	34439	1092	217	0.997	6.835E-62	8	109	219	-34439	-34134	306	34484	34134
418299942	-1	413	1.701E-113	3	33528	34439	1101	107	0.869	1.742E-24	107	164	219	-33920	-33747	174	33953	33735
418299942	-1	413	1.701E-113	3	33528	34439	1105	92	0.807	2.581E-19	163	216	219	-33689	-33528	162	33731	33522
418773446	1	282	4.631E-74	5	14314	17090	352	131	0.439	3.653E-30	90	253	881	14314	14799	486	14203	14835
418773446	1	282	4.631E-74	5	14314	17090	361	173	0.548	3.014E-45	246	409	881	14841	15329	489	14775	15344
418773446	1	282	4.631E-74	5	14314	17090	367	64	0.487	3.382E-09	410	477	881	15392	15595	204	15344	15601
418773446	1	282	4.631E-74	5	14314	17090	375	53	0.488	1.378E-05	485	539	881	15792	15956	165	15768	15965
418773446	1	282	4.631E-74	5	14314	17090	398	123	0.687	9.080E-30	793	880	881	16827	17090	264	16821	17090
419221245	1	253	2.486E-65	2	37064	37919	853	156	0.463	1.192E-37	31	195	282	37064	37612	549	36752	37621
419221245	1	253	2.486E-65	2	37064	37919	858	96	0.602	2.591E-20	197	276	282	37680	37919	240	37662	37946
419977346	-1	405	4.355E-111	3	33531	34439	1092	213	0.981	1.611E-60	8	109	219	-34439	-34134	306	34484	34134
419977346	-1	405	4.355E-111	3	33531	34439	1101	104	0.846	2.201E-23	107	164	219	-33920	-33747	174	33953	33735
419977346	-1	405	4.355E-111	3	33531	34439	1105	91	0.808	9.189E-19	163	215	219	-33689	-33531	159	33731	33522
420445863	-1	361	7.661E-98	3	33552	34439	1092	207	0.953	3.467E-58	8	109	220	-34439	-34134	306	34484	34134
420445863	-1	361	7.661E-98	3	33552	34439	1101	93	0.735	1.154E-19	107	167	220	-33920	-33738	183	33953	33735
420445863	-1	361	7.661E-98	3	33552	34439	1105	67	0.699	1.272E-10	163	208	220	-33689	-33552	138	33731	33522
420587112	1	233	2.607E-59	2	37064	37928	853	149	0.468	3.174E-35	38	189	288	37064	37579	516	36752	37621
420587112	1	233	2.607E-59	2	37064	37928	858	96	0.584	2.591E-20	203	285	288	37680	37928	249	37662	37946
421259972	1	773	7.243E-222	6	14329	17090	352	132	0.451	1.954E-30	71	228	851	14329	14805	477	14203	14835
421259972	1	773	7.243E-222	6	14329	17090	361	158	0.523	8.803E-40	225	382	851	14859	15329	471	14775	15344
421259972	1	773	7.243E-222	6	14329	17090	367	68	0.492	1.942E-10	382	452	851	15389	15601	213	15344	15601
421259972	1	773	7.243E-222	6	14329	17090	375	48	0.454	4.611E-04	460	514	851	15801	15965	165	15768	15965
421259972	1	773	7.243E-222	6	14329	17090	390	257	0.542	9.567E-73	517	764	851	16039	16773	735	16003	16791
421259972	1	773	7.243E-222	6	14329	17090	398	118	0.662	5.571E-28	763	850	851	16827	17090	264	16821	17090
421320223	1	234	1.303E-59	2	37064	37928	853	144	0.456	1.307E-33	38	189	288	37064	37579	516	36752	37621
421320223	1	234	1.303E-59	2	37064	37928	858	102	0.610	4.219E-22	203	285	288	37680	37928	249	37662	37946
422146169	-1	178	9.392E-43	3	19997	21096	1407	40	0.687	2.143E-01	10	35	299	-21096	-21016	81	21132	20971
422146169	-1	178	9.392E-43	3	19997	21096	1422	131	0.640	1.026E-31	74	175	299	-20588	-20283	306	20636	20247
422146169	-1	178	9.392E-43	3	19997	21096	1426	55	0.756	4.334E-07	188	221	299	-20098	-19997	102	20104	19997
422395823	-1	168	9.618E-40	2	23813	24398	1325	140	0.712	9.417E-35	77	171	236	-24398	-24111	288	24446	24060
422395823	-1	168	9.618E-40	2	23813	24398	1331	49	0.698	5.219E-05	194	226	236	-23911	-23813	99	23917	23810
422478195	-1	224	1.335E-56	2	33546	34439	1092	205	0.945	1.683E-57	19	120	226	-34439	-34134	306	34484	34134
422478195	-1	224	1.335E-56	2	33546	34439	1105	72	0.726	3.848E-12	175	221	226	-33686	-33546	141	33731	33522
422508290	-1	380	1.461E-103	3	33537	34439	1092	213	0.978	3.030E-60	8	109	215	-34439	-34134	306	34484	34134
422508290	-1	380	1.461E-103	3	33537	34439	1101	94	0.776	4.456E-20	107	164	215	-33920	-33747	174	33953	33735
422508290	-1	380	1.461E-103	3	33537	34439	1105	76	0.710	1.602E-13	163	213	215	-33689	-33537	153	33731	33522
422509027	1	549	1.953E-154	4	14335	16773	352	138	0.466	1.306E-32	111	270	891	14335	14805	471	14203	14835
422509027	1	549	1.953E-154	4	14335	16773	361	176	0.572	3.329E-46	267	424	891	14859	15329	471	14775	15344
422509027	1	549	1.953E-154	4	14335	16773	367	63	0.464	8.767E-09	424	494	891	15389	15601	213	15344	15601
422509027	1	549	1.953E-154	4	14335	16773	390	229	0.485	2.477E-63	551	804	891	16009	16773	765	16003	16791
422556701	1	152	6.303E-35	1	37067	37609	853	152	0.458	2.655E-36	40	203	296	37067	37609	543	36752	37621
422560451	-1	300	1.766E-79	2	33747	34439	1092	206	0.950	6.523E-58	8	109	166	-34439	-34134	306	34484	34134
422560451	-1	300	1.766E-79	2	33747	34439	1101	96	0.791	9.119E-21	107	164	166	-33920	-33747	174	33953	33735
422569250	-1	96	4.542E-18	1	33744	33914	1101	96	0.800	1.252E-20	29	85	87	-33914	-33744	171	33953	33735
422570607	1	364	9.576E-99	3	36663	37940	839	38	0.700	2.052E+00	31	55	306	36663	36737	75	36534	36737
422570607	1	364	9.576E-99	3	36663	37940	853	198	0.562	5.373E-52	55	215	306	37064	37609	546	36752	37621
422570607	1	364	9.576E-99	3	36663	37940	858	129	0.722	9.988E-32	218	304	306	37680	37940	261	37662	37946
422583334	1	216	3.417E-54	2	36663	37609	839	36	0.673	7.382E+00	14	38	291	36663	36737	75	36534	36737
422583334	1	216	3.417E-54	2	36663	37609	853	180	0.520	9.264E-46	38	198	291	37064	37609	546	36752	37621
422587704	-1	192	5.733E-47	2	33531	33920	1101	99	0.808	1.359E-21	91	148	204	-33920	-33747	174	33953	33735
422587704	-1	192	5.733E-47	2	33531	33920	1105	94	0.840	3.845E-20	147	199	204	-33689	-33531	159	33731	33522
422593602	1	176	3.757E-42	2	33750	34439	787	67	0.592	5.777E-10	99	154	266	33750	33917	168	33738	34049
422593602	1	176	3.757E-42	2	33750	34439	793	110	0.553	3.017E-24	153	254	266	34134	34439	306	34053	34475
422603316	-1	453	1.547E-125	3	33522	34439	1092	225	1.000	1.231E-64	8	109	219	-34439	-34134	306	34484	34134
422603316	-1	453	1.547E-125	3	33522	34439	1101	112	0.907	2.825E-26	107	164	219	-33920	-33747	174	33953	33735
422603316	-1	453	1.547E-125	3	33522	34439	1105	119	0.987	1.112E-28	163	218	219	-33689	-33522	168	33731	33522
422603632	1	218	8.542E-55	2	36663	37609	839	39	0.721	7.861E-01	16	40	326	36663	36737	75	36534	36737
422603632	1	218	8.542E-55	2	36663	37609	853	179	0.518	1.728E-45	40	208	326	37064	37609	546	36752	37621
422617513	-1	216	3.417E-54	1	34137	34442	1092	216	0.994	1.286E-61	0	101	102	-34442	-34137	306	34484	34134
422628886	-1	216	3.417E-54	1	34137	34445	1092	216	0.982	2.419E-61	0	102	103	-34445	-34137	309	34484	34134
422629891	1	143	3.227E-32	1	37175	37609	853	143	0.516	4.507E-33	11	144	186	37175	37609	435	36752	37621
422635829	-1	194	1.433E-47	2	33525	33920	1101	104	0.846	2.201E-23	32	89	144	-33920	-33747	174	33953	33735
422635829	-1	194	1.433E-47	2	33525	33920	1105	91	0.782	9.189E-19	88	142	144	-33689	-33525	165	33731	33522
422654401	-1	218	8.542E-55	1	34137	34445	1092	218	0.990	4.983E-62	0	102	103	-34445	-34137	309	34484	34134
422668623	-1	167	1.924E-39	2	33537	33920	1101	94	0.776	4.456E-20	26	83	134	-33920	-33747	174	33953	33735
422668623	-1	167	1.924E-39	2	33537	33920	1105	74	0.697	5.713E-13	82	132	134	-33689	-33537	153	33731	33522
422683182	-1	405	4.355E-111	3	33531	34439	1092	214	0.986	6.242E-61	8	109	220	-34439	-34134	306	34484	34134
422683182	-1	405	4.355E-111	3	33531	34439	1101	105	0.854	8.502E-24	107	164	220	-33920	-33747	174	33953	33735
422683182	-1	405	4.355E-111	3	33531	34439	1105	89	0.792	4.493E-18	163	215	220	-33689	-33531	159	33731	33522
422683556	1	215	6.834E-54	2	36651	37609	839	35	0.575	1.929E+01	23	51	313	36651	36737	87	36534	36737
422683556	1	215	6.834E-54	2	36651	37609	853	180	0.521	6.782E-46	51	220	313	37064	37609	546	36752	37621
422687651	-1	216	3.417E-54	1	34137	34445	1092	216	0.985	1.286E-61	0	102	103	-34445	-34137	309	34484	34134
422687781	-1	408	5.443E-112	3	33525	34439	1092	218	1.000	2.649E-62	8	109	218	-34439	-34134	306	34484	34134
422687781	-1	408	5.443E-112	3	33525	34439	1101	104	0.846	2.201E-23	107	164	218	-33920	-33747	174	33953	33735
422687781	-1	408	5.443E-112	3	33525	34439	1105	89	0.770	3.271E-18	163	217	218	-33689	-33525	165	33731	33522
422687961	1	368	5.985E-100	3	14877	17090	361	148	0.509	2.280E-36	252	404	866	14877	15329	453	14775	15344
422687961	1	368	5.985E-100	3	14877	17090	390	234	0.507	5.723E-65	539	779	866	16036	16773	738	16003	16791
422687961	1	368	5.985E-100	3	14877	17090	398	120	0.671	1.144E-28	778	865	866	16827	17090	264	16821	17090
422694827	-1	220	2.136E-55	1	34137	34445	1092	220	1.000	7.485E-63	0	102	103	-34445	-34137	309	34484	34134
422708102	1	98	1.135E-18	1	37680	37928	858	98	0.594	5.317E-21	74	156	161	37680	37928	249	37662	37946
422729100	-1	428	5.191E-118	3	33528	34439	1092	222	1.000	2.115E-63	8	109	220	-34439	-34134	306	34484	34134
422729100	-1	428	5.191E-118	3	33528	34439	1101	108	0.875	9.238E-25	107	164	220	-33920	-33747	174	33953	33735
422729100	-1	428	5.191E-118	3	33528	34439	1105	101	0.876	2.400E-22	163	216	220	-33689	-33528	162	33731	33522
422729408	1	361	7.661E-98	3	36621	37931	839	48	0.581	6.965E-04	0	39	289	36621	36737	117	36534	36737
422729408	1	361	7.661E-98	3	36621	37931	853	188	0.539	1.323E-48	39	200	289	37064	37609	546	36752	37621
422729408	1	361	7.661E-98	3	36621	37931	858	126	0.726	1.725E-30	203	286	289	37680	37931	252	37662	37946
422729445	1	539	2.000E-151	4	14844	17090	361	181	0.574	5.559E-48	266	427	895	14844	15329	486	14775	15344
422729445	1	539	2.000E-151	4	14844	17090	375	39	0.369	7.187E-01	501	558	895	15792	15965	174	15768	15965
422729445	1	539	2.000E-151	4	14844	17090	390	264	0.553	2.438E-75	560	808	895	16036	16773	738	16003	16791
422729445	1	539	2.000E-151	4	14844	17090	398	126	0.698	1.358E-30	807	894	895	16827	17090	264	16821	17090
422783503	-1	205	6.998E-51	1	34134	34430	1092	205	0.972	1.227E-57	0	98	193	-34430	-34134	297	34484	34134
422809437	-1	414	8.505E-114	3	33525	34439	1092	219	1.000	1.931E-62	8	109	219	-34439	-34134	306	34484	34134
422809437	-1	414	8.505E-114	3	33525	34439	1101	104	0.846	2.201E-23	107	164	219	-33920	-33747	174	33953	33735
422809437	-1	414	8.505E-114	3	33525	34439	1105	94	0.813	3.845E-20	163	217	219	-33689	-33525	165	33731	33522
422825201	1	248	7.956E-64	2	36959	37946	853	156	0.428	8.736E-38	8	185	296	36959	37570	612	36752	37621
422825201	1	248	7.956E-64	2	36959	37946	858	106	0.595	1.777E-23	201	289	296	37680	37946	267	37662	37946
422854632	1	400	1.394E-109	3	14859	16773	361	155	0.522	5.808E-39	140	295	746	14859	15323	465	14775	15344
422854632	1	400	1.394E-109	3	14859	16773	367	62	0.480	1.654E-08	298	364	746	15392	15592	201	15344	15601
422854632	1	400	1.394E-109	3	14859	16773	390	248	0.525	1.317E-69	430	678	746	16036	16773	738	16003	16791
422880224	1	398	5.574E-109	4	14305	15959	352	134	0.436	4.087E-31	89	257	883	14305	14805	501	14203	14835
422880224	1	398	5.574E-109	4	14305	15959	361	162	0.520	2.020E-41	248	411	883	14841	15329	489	14775	15344
422880224	1	398	5.574E-109	4	14305	15959	367	64	0.487	3.382E-09	412	479	883	15392	15595	204	15344	15601
422880224	1	398	5.574E-109	4	14305	15959	375	51	0.469	4.938E-05	487	542	883	15792	15959	168	15768	15965
422918503	-1	174	1.503E-41	2	33525	33899	1101	97	0.892	4.835E-21	0	50	105	-33899	-33747	153	33953	33735
422918503	-1	174	1.503E-41	2	33525	33899	1105	78	0.684	2.381E-14	49	103	105	-33689	-33525	165	33731	33522
422931460	1	219	4.271E-55	2	36657	37612	839	37	0.642	3.892E+00	14	40	322	36657	36737	81	36534	36737
422931460	1	219	4.271E-55	2	36657	37612	853	182	0.523	1.426E-46	40	201	322	37064	37612	549	36752	37621
422973875	1	330	1.645E-88	3	36621	37931	839	43	0.505	4.425E-02	12	53	302	36621	36737	117	36534	36737
422973875	1	330	1.645E-88	3	36621	37931	853	177	0.514	6.014E-45	53	213	302	37064	37609	546	36752	37621
422973875	1	330	1.645E-88	3	36621	37931	858	111	0.650	2.896E-25	216	299	302	37680	37931	252	37662	37946
422988354	1	303	2.208E-80	2	37115	37940	853	179	0.561	1.265E-45	0	143	234	37115	37609	495	36752	37621
422988354	1	303	2.208E-80	2	37115	37940	858	125	0.703	2.367E-30	146	232	234	37680	37940	261	37662	37946
428771346	1	268	7.587E-70	2	37064	37928	853	162	0.478	1.539E-39	31	195	283	37064	37609	546	36752	37621
428771346	1	268	7.587E-70	2	37064	37928	858	107	0.637	6.872E-24	198	280	283	37680	37928	249	37662	37946
429316051	-1	375	4.676E-102	3	33540	34439	1092	209	0.965	3.796E-59	8	109	215	-34439	-34134	306	34484	34134
429316051	-1	375	4.676E-102	3	33540	34439	1101	96	0.788	1.252E-20	107	164	215	-33920	-33747	174	33953	33735
429316051	-1	375	4.676E-102	3	33540	34439	1105	73	0.702	1.079E-12	163	212	215	-33689	-33540	150	33731	33522
429575162	1	342	4.017E-92	3	36624	37931	839	45	0.570	8.958E-03	14	51	300	36624	36737	114	36534	36737
429575162	1	342	4.017E-92	3	36624	37931	853	183	0.526	1.044E-46	51	211	300	37064	37609	546	36752	37621
429575162	1	342	4.017E-92	3	36624	37931	858	115	0.674	6.480E-27	214	297	300	37680	37931	252	37662	37946
430443642	-1	222	5.339E-56	3	23813	24398	1325	139	0.708	1.771E-34	68	162	221	-24398	-24111	288	24446	24060
430443642	-1	222	5.339E-56	3	23813	24398	1326	33	0.689	3.375E+01	163	184	221	-24048	-23983	66	24120	23983
430443642	-1	222	5.339E-56	3	23813	24398	1331	48	0.683	1.362E-04	185	217	221	-23911	-23813	99	23917	23810
430921338	-1	175	7.514E-42	2	23813	24398	1325	141	0.715	5.007E-35	77	171	249	-24398	-24111	288	24446	24060
430921338	-1	175	7.514E-42	2	23813	24398	1331	55	0.781	3.150E-07	194	226	249	-23911	-23813	99	23917	23810
431039126	-1	70	3.048E-10	1	31214	31489	1152	70	0.418	2.581E-10	55	137	156	-31489	-31214	276	31642	31193
431653225	1	336	2.571E-90	3	36663	37931	839	46	0.845	2.497E-03	27	51	300	36663	36737	75	36534	36737
431653225	1	336	2.571E-90	3	36663	37931	853	180	0.520	9.264E-46	51	211	300	37064	37609	546	36752	37621
431653225	1	336	2.571E-90	3	36663	37931	858	111	0.654	1.537E-25	214	297	300	37680	37931	252	37662	37946
432178416	-1	400	1.394E-109	3	33525	34439	1092	218	1.000	3.633E-62	8	109	219	-34439	-34134	306	34484	34134
432178416	-1	400	1.394E-109	3	33525	34439	1101	106	0.863	3.284E-24	107	164	219	-33920	-33747	174	33953	33735
432178416	-1	400	1.394E-109	3	33525	34439	1105	79	0.696	6.680E-15	163	217	219	-33689	-33525	165	33731	33522
432548391	1	238	8.146E-61	2	36663	37609	839	39	0.721	7.861E-01	13	37	280	36663	36737	75	36534	36737
432548391	1	238	8.146E-61	2	36663	37609	853	199	0.564	2.876E-52	37	197	280	37064	37609	546	36752	37621
433343361	1	656	1.203E-186	5	14329	16773	352	134	0.445	2.988E-31	82	246	869	14329	14805	477	14203	14835
433343361	1	656	1.203E-186	5	14329	16773	361	157	0.522	1.206E-39	243	400	869	14859	15329	471	14775	15344
433343361	1	656	1.203E-186	5	14329	16773	367	69	0.499	7.494E-11	400	470	869	15389	15601	213	15344	15601
433343361	1	656	1.203E-186	5	14329	16773	375	44	0.417	2.131E-02	478	532	869	15801	15965	165	15768	15965
433343361	1	656	1.203E-186	5	14329	16773	390	258	0.542	5.102E-73	534	782	869	16036	16773	738	16003	16791
433380188	1	1183	0.000E+00	6	14296	17090	352	277	0.795	7.894E-81	39	207	825	14296	14799	504	14203	14835
433380188	1	1183	0.000E+00	6	14296	17090	361	209	0.631	1.079E-57	201	367	825	14844	15344	501	14775	15344
433380188	1	1183	0.000E+00	6	14296	17090	367	97	0.694	9.040E-21	365	432	825	15398	15601	204	15344	15601
433380188	1	1183	0.000E+00	6	14296	17090	375	81	0.605	2.116E-15	426	491	825	15768	15965	198	15768	15965
433380188	1	1183	0.000E+00	6	14296	17090	390	374	0.729	1.778E-113	492	744	825	16033	16791	759	16003	16791
433380188	1	1183	0.000E+00	6	14296	17090	398	162	0.875	2.238E-43	737	824	825	16827	17090	264	16821	17090
433646344	-1	427	1.038E-117	3	33528	34439	1092	219	1.000	1.408E-62	8	109	218	-34439	-34134	306	34484	34134
433646344	-1	427	1.038E-117	3	33528	34439	1101	105	0.852	1.167E-23	107	164	218	-33920	-33747	174	33953	33735
433646344	-1	427	1.038E-117	3	33528	34439	1105	106	0.913	5.337E-24	163	216	218	-33689	-33528	162	33731	33522
434815505	1	271	9.484E-71	2	37064	37919	853	169	0.495	4.170E-42	37	197	283	37064	37609	546	36752	37621
434815505	1	271	9.484E-71	2	37064	37919	858	103	0.636	1.631E-22	200	279	283	37680	37919	240	37662	37946
435157640	-1	403	1.742E-110	3	33525	34439	1092	213	0.981	1.611E-60	8	109	219	-34439	-34134	306	34484	34134
435157640	-1	403	1.742E-110	3	33525	34439	1101	104	0.846	2.201E-23	107	164	219	-33920	-33747	174	33953	33735
435157640	-1	403	1.742E-110	3	33525	34439	1105	89	0.767	4.493E-18	163	217	219	-33689	-33525	165	33731	33522
436051336	-1	174	1.503E-41	2	23810	24398	1325	143	0.727	5.486E-36	77	171	230	-24398	-24111	288	24446	24060
436051336	-1	174	1.503E-41	2	23810	24398	1331	52	0.716	5.574E-06	194	227	230	-23911	-23810	102	23917	23810
436470505	-1	173	3.006E-41	2	20000	20588	1422	139	0.708	1.852E-34	76	170	256	-20588	-20301	288	20636	20247
436470505	-1	173	3.006E-41	2	20000	20588	1426	55	0.781	3.150E-07	193	225	256	-20098	-20000	99	20104	19997
436558224	-1	179	4.696E-43	2	20000	24398	1325	147	0.745	2.330E-37	75	169	247	-24398	-24111	288	24446	24060
436558224	-1	179	4.696E-43	2	20000	24398	1426	53	0.750	2.138E-06	192	224	247	-20098	-20000	99	20104	19997
436627955	-1	174	1.503E-41	2	23813	24401	1325	141	0.710	3.651E-35	71	166	249	-24401	-24111	291	24446	24060
436627955	-1	174	1.503E-41	2	23813	24401	1331	54	0.766	8.205E-07	189	221	249	-23911	-23813	99	23917	23810
436769733	-1	148	1.008E-33	2	20301	21102	1407	39	0.634	4.071E-01	5	33	226	-21102	-21016	87	21132	20971
436769733	-1	148	1.008E-33	2	20301	21102	1422	147	0.741	4.585E-37	73	167	226	-20588	-20301	288	20636	20247
436854187	-1	189	4.586E-46	2	20000	24398	1325	145	0.680	1.551E-36	75	179	247	-24398	-24093	306	24446	24060
436854187	-1	189	4.586E-46	2	20000	24398	1426	55	0.776	4.334E-07	192	224	247	-20098	-20000	99	20104	19997
436894357	-1	171	1.202E-40	2	20000	20588	1422	140	0.712	9.849E-35	78	172	230	-20588	-20301	288	20636	20247
436894357	-1	171	1.202E-40	2	20000	20588	1426	52	0.735	5.574E-06	195	227	230	-20098	-20000	99	20104	19997
436912441	-1	172	6.011E-41	2	23813	24398	1325	142	0.722	1.415E-35	77	171	243	-24398	-24111	288	24446	24060
436912441	-1	172	6.011E-41	2	23813	24398	1331	51	0.724	1.056E-05	194	226	243	-23911	-23813	99	23917	23810
437019490	1	372	3.741E-101	3	14392	16773	352	109	0.436	1.046E-22	134	270	891	14392	14799	408	14203	14835
437019490	1	372	3.741E-101	3	14392	16773	361	153	0.496	3.831E-38	264	427	891	14844	15329	486	14775	15344
437019490	1	372	3.741E-101	3	14392	16773	390	248	0.529	9.621E-70	561	804	891	16033	16773	741	16003	16791
437031742	1	320	1.685E-85	3	36645	37940	839	44	0.666	1.697E-02	20	50	313	36645	36737	93	36534	36737
437031742	1	320	1.685E-85	3	36645	37940	853	175	0.508	5.328E-44	50	210	313	37064	37609	546	36752	37621
437031742	1	320	1.685E-85	3	36645	37940	858	102	0.591	2.239E-22	213	299	313	37680	37940	261	37662	37946
437043115	1	434	8.111E-120	4	15389	17090	367	63	0.469	8.767E-09	379	448	843	15389	15598	210	15344	15601
437043115	1	434	8.111E-120	4	15389	17090	375	38	0.358	2.586E+00	453	510	843	15792	15959	168	15768	15965
437043115	1	434	8.111E-120	4	15389	17090	390	220	0.485	3.381E-60	515	756	843	16039	16773	735	16003	16791
437043115	1	434	8.111E-120	4	15389	17090	398	119	0.668	2.154E-28	755	842	843	16827	17090	264	16821	17090
437047651	1	268	7.587E-70	2	37064	37931	853	174	0.505	9.936E-44	38	198	287	37064	37609	546	36752	37621
437047651	1	268	7.587E-70	2	37064	37931	858	95	0.572	6.703E-20	201	284	287	37680	37931	252	37662	37946
437066186	-1	408	5.443E-112	3	33525	34439	1092	216	0.994	1.286E-61	8	109	219	-34439	-34134	306	34484	34134
437066186	-1	408	5.443E-112	3	33525	34439	1101	106	0.857	6.192E-24	107	164	219	-33920	-33747	174	33953	33735
437066186	-1	408	5.443E-112	3	33525	34439	1105	89	0.767	4.493E-18	163	217	219	-33689	-33525	165	33731	33522
437079126	-1	410	1.361E-112	3	33525	34439	1092	212	0.974	5.701E-60	8	109	218	-34439	-34134	306	34484	34134
437079126	-1	410	1.361E-112	3	33525	34439	1101	104	0.849	1.603E-23	107	164	218	-33920	-33747	174	33953	33735
437079126	-1	410	1.361E-112	3	33525	34439	1105	97	0.831	5.729E-21	163	217	218	-33689	-33525	165	33731	33522
437098131	1	273	2.371E-71	2	37064	37931	853	171	0.498	8.792E-43	38	199	287	37064	37612	549	36752	37621
437098131	1	273	2.371E-71	2	37064	37931	858	101	0.600	7.949E-22	201	284	287	37680	37931	252	37662	37946
437129128	1	182	5.870E-44	2	37367	37862	853	100	0.805	1.118E-18	8	66	192	37367	37543	177	36752	37621
437129128	1	182	5.870E-44	2	37367	37862	858	83	0.639	9.000E-16	65	128	192	37671	37862	192	37662	37946
437166259	-1	218	8.542E-55	1	34137	34445	1092	218	0.992	3.633E-62	0	102	103	-34445	-34137	309	34484	34134
437187112	-1	402	3.484E-110	3	33531	34439	1092	214	0.983	1.174E-60	8	109	220	-34439	-34134	306	34484	34134
437187112	-1	402	3.484E-110	3	33531	34439	1101	98	0.802	2.564E-21	107	164	220	-33920	-33747	174	33953	33735
437187112	-1	402	3.484E-110	3	33531	34439	1105	93	0.830	9.963E-20	163	215	220	-33689	-33531	159	33731	33522
437187163	1	414	8.505E-114	4	14392	21812	352	106	0.425	1.722E-21	49	185	807	14392	14799	408	14203	14835
437187163	1	414	8.505E-114	4	14392	21812	361	153	0.507	5.246E-38	184	342	807	14859	15329	471	14775	15344
437187163	1	414	8.505E-114	4	14392	21812	390	254	0.538	1.182E-71	476	720	807	16033	16773	741	16003	16791
437187163	1	414	8.505E-114	4	14392	21812	512	34	0.359	5.335E+01	723	773	807	21660	21812	153	21657	21842
437190652	1	215	6.834E-54	2	36651	37609	839	41	0.645	1.589E-01	10	39	292	36651	36737	87	36534	36737
437190652	1	215	6.834E-54	2	36651	37609	853	174	0.507	7.276E-44	39	199	292	37064	37609	546	36752	37621
437193506	-1	217	1.708E-54	1	34137	34445	1092	217	0.987	9.375E-62	0	102	103	-34445	-34137	309	34484	34134
437197282	-1	175	7.514E-42	2	33531	33920	1101	97	0.796	4.835E-21	21	78	134	-33920	-33747	174	33953	33735
437197282	-1	175	7.514E-42	2	33531	33920	1105	79	0.715	9.177E-15	77	129	134	-33689	-33531	159	33731	33522
437204317	1	572	2.328E-161	5	14296	17090	352	115	0.386	7.143E-25	67	238	856	14296	14799	504	14203	14835
437204317	1	572	2.328E-161	5	14296	17090	361	137	0.454	1.506E-32	232	395	856	14844	15329	486	14775	15344
437204317	1	572	2.328E-161	5	14296	17090	375	40	0.368	5.219E-01	469	527	856	15789	15965	177	15768	15965
437204317	1	572	2.328E-161	5	14296	17090	390	235	0.507	2.231E-65	528	769	856	16033	16773	741	16003	16791
437204317	1	572	2.328E-161	5	14296	17090	398	121	0.673	8.332E-29	768	855	856	16827	17090	264	16821	17090
437291107	-1	398	5.574E-109	3	33531	34439	1092	217	0.996	9.375E-62	19	120	231	-34439	-34134	306	34484	34134
437291107	-1	398	5.574E-109	3	33531	34439	1101	101	0.822	2.783E-22	118	175	231	-33920	-33747	174	33953	33735
437291107	-1	398	5.574E-109	3	33531	34439	1105	83	0.747	3.830E-16	174	226	231	-33689	-33531	159	33731	33522
437322377	1	295	5.653E-78	3	36660	37931	839	33	0.597	9.565E+01	7	32	284	36660	36737	78	36534	36737
437322377	1	295	5.653E-78	3	36660	37931	853	154	0.458	5.627E-37	32	193	284	37064	37612	549	36752	37621
437322377	1	295	5.653E-78	3	36660	37931	858	108	0.626	1.936E-24	193	278	284	37674	37931	258	37662	37946
437360269	1	355	4.903E-96	3	14859	16773	361	175	0.570	6.248E-46	72	229	696	14859	15329	471	14775	15344
437360269	1	355	4.903E-96	3	14859	16773	375	36	0.343	1.283E+01	304	361	696	15792	15959	168	15768	15965
437360269	1	355	4.903E-96	3	14859	16773	390	220	0.484	4.627E-60	366	609	696	16039	16773	735	16003	16791
437366746	1	660	7.522E-188	5	14862	17090	361	158	0.528	8.803E-40	286	441	907	14862	15329	468	14775	15344
437366746	1	660	7.522E-188	5	14862	17090	367	62	0.467	2.273E-08	441	509	907	15389	15595	207	15344	15601
437366746	1	660	7.522E-188	5	14862	17090	375	52	0.482	2.609E-05	518	572	907	15801	15965	165	15768	15965
437366746	1	660	7.522E-188	5	14862	17090	390	275	0.558	5.013E-79	565	820	907	16009	16773	765	16003	16791
437366746	1	660	7.522E-188	5	14862	17090	398	126	0.698	1.358E-30	819	906	907	16827	17090	264	16821	17090
437377480	1	336	2.571E-90	3	36663	37928	839	42	0.769	8.385E-02	17	41	306	36663	36737	75	36534	36737
437377480	1	336	2.571E-90	3	36663	37928	853	186	0.534	8.604E-48	41	211	306	37064	37609	546	36752	37621
437377480	1	336	2.571E-90	3	36663	37928	858	109	0.647	1.411E-24	214	296	306	37680	37928	249	37662	37946
437396290	1	424	8.306E-117	4	15389	17090	367	62	0.464	1.654E-08	370	439	834	15389	15598	210	15344	15601
437396290	1	424	8.306E-117	4	15389	17090	375	38	0.358	2.586E+00	444	501	834	15792	15959	168	15768	15965
437396290	1	424	8.306E-117	4	15389	17090	390	211	0.469	6.290E-57	506	747	834	16039	16773	735	16003	16791
437396290	1	424	8.306E-117	4	15389	17090	398	119	0.668	2.154E-28	746	833	834	16827	17090	264	16821	17090
437402012	1	375	4.676E-102	3	36648	37934	839	44	0.685	1.697E-02	27	56	304	36648	36737	90	36534	36737
437402012	1	375	4.676E-102	3	36648	37934	853	198	0.561	7.345E-52	56	216	304	37064	37609	546	36752	37621
437402012	1	375	4.676E-102	3	36648	37934	858	134	0.758	3.072E-33	219	303	304	37680	37934	255	37662	37946
437422104	1	403	1.742E-110	4	14299	15956	352	126	0.411	1.139E-28	62	234	860	14299	14805	507	14203	14835
437422104	1	403	1.742E-110	4	14299	15956	361	175	0.554	6.248E-46	225	388	860	14841	15329	489	14775	15344
437422104	1	403	1.742E-110	4	14299	15956	367	63	0.482	6.382E-09	389	456	860	15392	15595	204	15344	15601
437422104	1	403	1.742E-110	4	14299	15956	375	52	0.485	1.896E-05	464	518	860	15792	15956	165	15768	15965
437425303	-1	406	2.177E-111	3	33528	34415	1092	202	1.000	1.121E-56	58	151	261	-34415	-34134	282	34484	34134
437425303	-1	406	2.177E-111	3	33528	34415	1101	104	0.846	2.201E-23	149	206	261	-33920	-33747	174	33953	33735
437425303	-1	406	2.177E-111	3	33528	34415	1105	103	0.895	3.579E-23	205	258	261	-33689	-33528	162	33731	33522
437496931	1	339	3.213E-91	3	36663	37940	839	36	0.666	1.017E+01	14	38	291	36663	36737	75	36534	36737
437496931	1	339	3.213E-91	3	36663	37940	853	188	0.536	1.807E-48	38	199	291	37064	37612	549	36752	37621
437496931	1	339	3.213E-91	3	36663	37940	858	114	0.641	2.299E-26	201	288	291	37680	37940	261	37662	37946
437543565	-1	236	3.259E-60	3	23810	24401	1325	151	0.755	9.897E-39	72	167	228	-24401	-24111	291	24446	24060
437543565	-1	236	3.259E-60	3	23810	24401	1326	34	0.726	2.445E+01	169	189	228	-24045	-23983	63	24120	23983
437543565	-1	236	3.259E-60	3	23810	24401	1331	49	0.676	7.185E-05	190	223	228	-23911	-23810	102	23917	23810
438146740	-1	66	4.877E-09	1	31214	31369	1152	66	0.617	1.093E-08	6	57	96	-31369	-31214	156	31642	31193
440521747	-1	232	5.214E-59	3	23813	24398	1325	146	0.738	8.244E-37	84	178	237	-24398	-24111	288	24446	24060
440521747	-1	232	5.214E-59	3	23813	24398	1326	34	0.713	1.283E+01	179	200	237	-24048	-23983	66	24120	23983
440521747	-1	232	5.214E-59	3	23813	24398	1331	50	0.714	2.001E-05	201	233	237	-23911	-23813	99	23917	23810
442990350	-1	78	1.191E-12	1	31196	31513	1152	78	0.328	9.244E-13	22	165	188	-31513	-31196	318	31642	31193
443221827	1	400	1.394E-109	4	14305	15950	352	131	0.428	2.671E-30	80	249	875	14305	14805	501	14203	14835
443221827	1	400	1.394E-109	4	14305	15950	361	167	0.531	6.346E-43	240	403	875	14841	15329	489	14775	15344
443221827	1	400	1.394E-109	4	14305	15950	367	68	0.509	1.942E-10	404	471	875	15392	15595	204	15344	15601
443221827	1	400	1.394E-109	4	14305	15950	375	47	0.458	1.202E-03	479	531	875	15792	15950	159	15768	15965
443733805	-1	404	8.709E-111	3	33528	34439	1092	216	0.994	1.286E-61	8	109	219	-34439	-34134	306	34484	34134
443733805	-1	404	8.709E-111	3	33528	34439	1101	104	0.846	2.201E-23	107	164	219	-33920	-33747	174	33953	33735
443733805	-1	404	8.709E-111	3	33528	34439	1105	87	0.770	1.165E-17	163	216	219	-33689	-33528	162	33731	33522
444131250	1	602	2.168E-170	5	14841	17090	361	161	0.517	5.191E-41	265	428	893	14841	15329	489	14775	15344
444131250	1	602	2.168E-170	5	14841	17090	367	61	0.452	4.289E-08	428	498	893	15389	15601	213	15344	15601
444131250	1	602	2.168E-170	5	14841	17090	375	46	0.416	2.277E-03	503	561	893	15792	15962	171	15768	15965
444131250	1	602	2.168E-170	5	14841	17090	390	216	0.475	7.791E-59	563	806	893	16033	16773	741	16003	16791
444131250	1	602	2.168E-170	5	14841	17090	398	119	0.668	2.154E-28	805	892	893	16827	17090	264	16821	17090
444396683	1	463	1.511E-128	4	14841	17090	361	153	0.495	5.246E-38	247	410	873	14841	15329	489	14775	15344
444396683	1	463	1.511E-128	4	14841	17090	367	64	0.484	4.646E-09	412	479	873	15395	15598	204	15344	15601
444396683	1	463	1.511E-128	4	14841	17090	390	185	0.421	6.006E-48	544	786	873	16033	16773	741	16003	16791
444396683	1	463	1.511E-128	4	14841	17090	398	123	0.683	1.710E-29	785	872	873	16827	17090	264	16821	17090
444973587	-1	409	2.722E-112	3	33522	34439	1092	217	0.996	9.375E-62	8	109	219	-34439	-34134	306	34484	34134
444973587	-1	409	2.722E-112	3	33522	34439	1101	102	0.828	1.476E-22	107	164	219	-33920	-33747	174	33953	33735
444973587	-1	409	2.722E-112	3	33522	34439	1105	93	0.791	9.963E-20	163	218	219	-33689	-33522	168	33731	33522
445002207	1	337	1.285E-90	3	36663	37937	839	38	0.693	2.826E+00	16	40	293	36663	36737	75	36534	36737
445002207	1	337	1.285E-90	3	36663	37937	853	180	0.519	6.782E-46	40	201	293	37064	37612	549	36752	37621
445002207	1	337	1.285E-90	3	36663	37937	858	119	0.657	5.147E-28	201	289	293	37674	37937	264	37662	37946
445447122	1	120	2.707E-25	4	14392	17090	352	99	0.406	2.486E-19	123	259	881	14392	14799	408	14203	14835
445447122	1	120	2.707E-25	4	14392	17090	361	149	0.485	8.882E-37	253	416	881	14844	15329	486	14775	15344
445447122	1	120	2.707E-25	4	14392	17090	367	64	0.471	3.382E-09	416	486	881	15389	15601	213	15344	15601
445447122	1	120	2.707E-25	4	14392	17090	398	118	0.662	5.571E-28	793	880	881	16827	17090	264	16821	17090
445816083	1	215	6.834E-54	2	36663	37609	839	40	0.735	4.147E-01	16	40	293	36663	36737	75	36534	36737
445816083	1	215	6.834E-54	2	36663	37609	853	175	0.509	3.902E-44	40	200	293	37064	37609	546	36752	37621
446093774	-1	399	2.787E-109	3	33531	34439	1092	215	0.988	4.551E-61	8	109	219	-34439	-34134	306	34484	34134
446093774	-1	399	2.787E-109	3	33531	34439	1101	100	0.820	3.822E-22	107	164	219	-33920	-33747	174	33953	33735
446093774	-1	399	2.787E-109	3	33531	34439	1105	87	0.776	2.198E-17	163	215	219	-33689	-33531	159	33731	33522
446206635	-1	401	6.968E-110	3	33531	34439	1092	214	0.986	6.242E-61	8	109	219	-34439	-34134	306	34484	34134
446206635	-1	401	6.968E-110	3	33531	34439	1101	101	0.822	2.783E-22	107	164	219	-33920	-33747	174	33953	33735
446206635	-1	401	6.968E-110	3	33531	34439	1105	89	0.795	3.271E-18	163	215	219	-33689	-33531	159	33731	33522
446749754	1	499	2.199E-139	4	14488	16773	352	91	0.459	1.666E-16	0	105	725	14488	14805	318	14203	14835
446749754	1	499	2.199E-139	4	14488	16773	361	170	0.542	5.120E-44	97	259	725	14844	15329	486	14775	15344
446749754	1	499	2.199E-139	4	14488	16773	367	63	0.461	1.204E-08	259	329	725	15389	15601	213	15344	15601
446749754	1	499	2.199E-139	4	14488	16773	390	247	0.531	1.803E-69	396	638	725	16039	16773	735	16003	16791
447087715	1	218	8.542E-55	2	36594	37609	839	40	0.431	4.147E-01	45	89	342	36594	36737	144	36534	36737
447087715	1	218	8.542E-55	2	36594	37609	853	178	0.515	4.404E-45	89	249	342	37064	37609	546	36752	37621
447209071	1	376	2.338E-102	3	36654	37940	839	43	0.709	4.425E-02	29	56	307	36654	36737	84	36534	36737
447209071	1	376	2.338E-102	3	36654	37940	853	207	0.583	4.048E-55	56	216	307	37064	37609	546	36752	37621
447209071	1	376	2.338E-102	3	36654	37940	858	127	0.711	6.673E-31	219	305	307	37680	37940	261	37662	37946
448658249	-1	405	4.355E-111	3	33528	34439	1092	216	0.994	1.286E-61	8	109	219	-34439	-34134	306	34484	34134
448658249	-1	405	4.355E-111	3	33528	34439	1101	104	0.846	2.201E-23	107	164	219	-33920	-33747	174	33953	33735
448658249	-1	405	4.355E-111	3	33528	34439	1105	88	0.773	8.478E-18	163	216	219	-33689	-33528	162	33731	33522
449450474	-1	439	2.535E-121	3	33525	34439	1092	220	1.000	5.457E-63	8	109	219	-34439	-34134	306	34484	34134
449450474	-1	439	2.535E-121	3	33525	34439	1101	108	0.872	1.269E-24	107	164	219	-33920	-33747	174	33953	33735
449450474	-1	439	2.535E-121	3	33525	34439	1105	114	0.966	4.989E-27	163	217	219	-33689	-33525	165	33731	33522
449477998	1	335	5.141E-90	3	36648	37931	839	42	0.662	6.091E-02	20	49	301	36648	36737	90	36534	36737
449477998	1	335	5.141E-90	3	36648	37931	853	188	0.538	1.807E-48	49	209	301	37064	37609	546	36752	37621
449477998	1	335	5.141E-90	3	36648	37931	858	106	0.626	1.295E-23	212	295	301	37680	37931	252	37662	37946
449530342	-1	394	8.918E-108	3	33531	34439	1092	209	0.965	3.796E-59	8	109	218	-34439	-34134	306	34484	34134
449530342	-1	394	8.918E-108	3	33531	34439	1101	104	0.846	2.201E-23	107	164	218	-33920	-33747	174	33953	33735
449530342	-1	394	8.918E-108	3	33531	34439	1105	84	0.757	1.477E-16	163	215	218	-33689	-33531	159	33731	33522
449629940	1	295	5.653E-78	3	36621	37928	839	42	0.528	8.385E-02	0	38	287	36621	36737	117	36534	36737
449629940	1	295	5.653E-78	3	36621	37928	853	158	0.470	2.522E-38	38	198	287	37064	37609	546	36752	37621
449629940	1	295	5.653E-78	3	36621	37928	858	96	0.584	2.591E-20	201	283	287	37680	37928	249	37662	37946
450080619	-1	422	3.322E-116	3	33528	34439	1092	219	1.000	1.408E-62	8	109	218	-34439	-34134	306	34484	34134
450080619	-1	422	3.322E-116	3	33528	34439	1101	108	0.875	9.238E-25	107	164	218	-33920	-33747	174	33953	33735
450080619	-1	422	3.322E-116	3	33528	34439	1105	98	0.857	1.610E-21	163	216	218	-33689	-33528	162	33731	33522
450382260	1	666	1.175E-189	5	14308	17090	352	139	0.453	6.979E-33	120	286	909	14308	14799	492	14203	14835
450382260	1	666	1.175E-189	5	14308	17090	361	184	0.589	8.406E-49	285	443	909	14859	15329	471	14775	15344
450382260	1	666	1.175E-189	5	14308	17090	367	63	0.464	8.767E-09	443	513	909	15389	15601	213	15344	15601
450382260	1	666	1.175E-189	5	14308	17090	390	222	0.488	7.040E-61	579	822	909	16039	16773	735	16003	16791
450382260	1	666	1.175E-189	5	14308	17090	398	122	0.681	2.348E-29	821	908	909	16827	17090	264	16821	17090
450600955	-1	402	3.484E-110	3	33525	34439	1092	214	0.986	6.242E-61	8	109	220	-34439	-34134	306	34484	34134
450600955	-1	402	3.484E-110	3	33525	34439	1101	106	0.857	6.192E-24	107	164	220	-33920	-33747	174	33953	33735
450600955	-1	402	3.484E-110	3	33525	34439	1105	85	0.742	5.697E-17	163	217	220	-33689	-33525	165	33731	33522
450635373	1	650	7.702E-185	5	14329	16773	352	135	0.447	1.598E-31	82	246	869	14329	14805	477	14203	14835
450635373	1	650	7.702E-185	5	14329	16773	361	157	0.521	1.651E-39	243	400	869	14859	15329	471	14775	15344
450635373	1	650	7.702E-185	5	14329	16773	367	68	0.497	1.029E-10	400	470	869	15389	15601	213	15344	15601
450635373	1	650	7.702E-185	5	14329	16773	375	43	0.426	2.934E-02	478	530	869	15801	15959	159	15768	15965
450635373	1	650	7.702E-185	5	14329	16773	390	263	0.529	8.573E-75	521	782	869	16003	16773	771	16003	16791
450792520	1	324	1.053E-86	3	36621	37931	839	43	0.509	3.215E-02	12	53	302	36621	36737	117	36534	36737
450792520	1	324	1.053E-86	3	36621	37931	853	173	0.505	1.357E-43	53	213	302	37064	37609	546	36752	37621
450792520	1	324	1.053E-86	3	36621	37931	858	109	0.640	1.411E-24	216	299	302	37680	37931	252	37662	37946
451055598	-1	185	7.338E-45	2	23810	24398	1325	152	0.766	5.262E-39	77	171	232	-24398	-24111	288	24446	24060
451055598	-1	185	7.338E-45	2	23810	24398	1331	54	0.746	8.205E-07	194	227	232	-23911	-23810	102	23917	23810
451146901	-1	186	3.669E-45	2	23813	24398	1325	142	0.642	1.941E-35	73	182	225	-24398	-24078	321	24446	24060
451146901	-1	186	3.669E-45	2	23813	24398	1331	50	0.709	2.754E-05	190	222	225	-23911	-23813	99	23917	23810
451161919	-1	159	4.924E-37	2	23983	24398	1325	133	0.652	2.774E-32	71	171	222	-24398	-24099	300	24446	24060
451161919	-1	159	4.924E-37	2	23983	24398	1326	33	0.681	4.659E+01	164	185	222	-24048	-23983	66	24120	23983
451164267	-1	180	2.348E-43	2	20000	24398	1325	146	0.739	6.011E-37	73	167	245	-24398	-24111	288	24446	24060
451164267	-1	180	2.348E-43	2	20000	24398	1426	55	0.776	4.334E-07	190	222	245	-20098	-20000	99	20104	19997
451194386	-1	172	6.011E-41	3	20000	24783	1317	40	0.570	2.218E+00	1	34	232	-24783	-24685	99	24840	24469
451194386	-1	172	6.011E-41	3	20000	24783	1422	142	0.720	2.030E-35	74	168	232	-20588	-20301	288	20636	20247
451194386	-1	172	6.011E-41	3	20000	24783	1426	49	0.698	5.219E-05	191	223	232	-20098	-20000	99	20104	19997
451219933	-1	186	3.669E-45	3	20170	21096	1407	40	0.672	1.555E-01	5	32	234	-21096	-21016	81	21132	20971
451219933	-1	186	3.669E-45	3	20170	21096	1422	144	0.723	4.184E-36	70	166	234	-20591	-20301	291	20636	20247
451219933	-1	186	3.669E-45	3	20170	21096	1423	37	0.768	1.421E+00	167	188	234	-20235	-20170	66	20310	20170
451233946	-1	189	4.586E-46	2	23813	24398	1325	143	0.701	7.524E-36	70	169	242	-24398	-24105	294	24446	24060
451233946	-1	189	4.586E-46	2	23813	24398	1331	50	0.709	2.754E-05	175	207	242	-23911	-23813	99	23917	23810
451248408	-1	180	2.348E-43	2	23813	24401	1325	146	0.733	6.011E-37	74	169	238	-24401	-24111	291	24446	24060
451248408	-1	180	2.348E-43	2	23813	24401	1331	55	0.771	5.963E-07	192	224	238	-23911	-23813	99	23917	23810
451445978	-1	171	1.202E-40	2	20000	20588	1422	137	0.698	1.232E-33	76	170	256	-20588	-20301	288	20636	20247
451445978	-1	171	1.202E-40	2	20000	20588	1426	55	0.781	3.150E-07	193	225	256	-20098	-20000	99	20104	19997
451492189	-1	178	9.392E-43	2	20000	24398	1325	149	0.753	4.802E-38	75	169	233	-24398	-24111	288	24446	24060
451492189	-1	178	9.392E-43	2	20000	24398	1426	50	0.709	2.754E-05	192	224	233	-20098	-20000	99	20104	19997
451558012	1	210	2.187E-52	2	36651	37609	839	35	0.575	1.929E+01	23	51	304	36651	36737	87	36534	36737
451558012	1	210	2.187E-52	2	36651	37609	853	175	0.509	3.902E-44	51	211	304	37064	37609	546	36752	37621
451574037	-1	405	4.355E-111	3	33525	34439	1092	213	0.981	1.611E-60	8	109	219	-34439	-34134	306	34484	34134
451574037	-1	405	4.355E-111	3	33525	34439	1101	104	0.846	2.201E-23	107	164	219	-33920	-33747	174	33953	33735
451574037	-1	405	4.355E-111	3	33525	34439	1105	91	0.782	9.189E-19	163	217	219	-33689	-33525	165	33731	33522
451575052	-1	242	5.092E-62	3	23813	24401	1325	156	0.774	3.065E-40	68	163	225	-24401	-24111	291	24446	24060
451575052	-1	242	5.092E-62	3	23813	24401	1326	34	0.726	2.445E+01	165	185	225	-24045	-23983	63	24120	23983
451575052	-1	242	5.092E-62	3	23813	24401	1331	50	0.714	2.001E-05	186	218	225	-23911	-23813	99	23917	23810
451589322	-1	415	4.253E-114	3	33528	34439	1092	219	1.000	1.931E-62	8	109	219	-34439	-34134	306	34484	34134
451589322	-1	415	4.253E-114	3	33528	34439	1101	104	0.846	2.201E-23	107	164	219	-33920	-33747	174	33953	33735
451589322	-1	415	4.253E-114	3	33528	34439	1105	95	0.829	2.800E-20	163	216	219	-33689	-33528	162	33731	33522
451621453	-1	218	8.542E-55	1	34137	34445	1092	218	0.990	4.983E-62	0	102	103	-34445	-34137	309	34484	34134
451639817	1	250	1.989E-64	2	37118	37937	853	145	0.474	9.587E-34	2	144	237	37118	37609	492	36752	37621
451639817	1	250	1.989E-64	2	37118	37937	858	106	0.607	1.777E-23	147	233	237	37680	37937	258	37662	37946
451677941	-1	220	2.136E-55	1	34134	34445	1092	220	0.991	7.485E-63	0	103	104	-34445	-34134	312	34484	34134
451679088	1	256	3.108E-66	2	37064	37931	853	155	0.463	2.217E-37	31	192	283	37064	37609	546	36752	37621
451679088	1	256	3.108E-66	2	37064	37931	858	102	0.606	3.074E-22	195	278	283	37680	37931	252	37662	37946
451686449	1	950	3.781E-275	6	14308	17090	352	193	0.589	1.456E-51	172	338	961	14308	14805	498	14203	14835
451686449	1	950	3.781E-275	6	14308	17090	361	165	0.530	2.234E-42	330	492	961	14844	15329	486	14775	15344
451686449	1	950	3.781E-275	6	14308	17090	367	76	0.565	3.401E-13	495	561	961	15398	15598	201	15344	15601
451686449	1	950	3.781E-275	6	14308	17090	375	55	0.453	1.479E-06	562	625	961	15777	15959	183	15768	15965
451686449	1	950	3.781E-275	6	14308	17090	390	329	0.668	6.940E-98	628	874	961	16033	16773	741	16003	16791
451686449	1	950	3.781E-275	6	14308	17090	398	139	0.761	3.944E-35	873	960	961	16827	17090	264	16821	17090
451689558	-1	104	1.774E-20	1	26965	27354	1260	104	0.428	1.355E-21	39	171	174	-27354	-26965	390	27444	26965
451719226	-1	379	2.922E-103	3	33537	34439	1092	213	0.978	3.030E-60	8	109	215	-34439	-34134	306	34484	34134
451719226	-1	379	2.922E-103	3	33537	34439	1101	93	0.764	1.585E-19	107	164	215	-33920	-33747	174	33953	33735
451719226	-1	379	2.922E-103	3	33537	34439	1105	76	0.710	1.602E-13	163	213	215	-33689	-33537	153	33731	33522
451732382	1	172	6.011E-41	1	37067	37609	853	172	0.505	3.454E-43	1	160	253	37067	37609	543	36752	37621
451733460	-1	396	2.230E-108	3	33531	34439	1092	212	0.974	5.701E-60	8	109	220	-34439	-34134	306	34484	34134
451733460	-1	396	2.230E-108	3	33531	34439	1101	95	0.779	3.244E-20	107	164	220	-33920	-33747	174	33953	33735
451733460	-1	396	2.230E-108	3	33531	34439	1105	92	0.817	3.546E-19	163	215	220	-33689	-33531	159	33731	33522
451733501	-1	401	6.968E-110	3	33531	34439	1092	214	0.983	1.174E-60	8	109	220	-34439	-34134	306	34484	34134
451733501	-1	401	6.968E-110	3	33531	34439	1101	98	0.802	2.564E-21	107	164	220	-33920	-33747	174	33953	33735
451733501	-1	401	6.968E-110	3	33531	34439	1105	92	0.817	3.546E-19	163	215	220	-33689	-33531	159	33731	33522
451741670	-1	196	3.583E-48	2	33531	33920	1101	103	0.837	5.700E-23	19	76	132	-33920	-33747	174	33953	33735
451741670	-1	196	3.583E-48	2	33531	33920	1105	94	0.837	5.281E-20	75	127	132	-33689	-33531	159	33731	33522
451744163	-1	381	7.306E-104	3	33531	34439	1092	204	0.942	3.167E-57	8	109	220	-34439	-34134	306	34484	34134
451744163	-1	381	7.306E-104	3	33531	34439	1101	96	0.785	1.720E-20	107	164	220	-33920	-33747	174	33953	33735
451744163	-1	381	7.306E-104	3	33531	34439	1105	84	0.757	1.477E-16	163	215	220	-33689	-33531	159	33731	33522
451770899	1	536	1.600E-150	4	14329	17090	352	133	0.460	5.588E-31	107	263	888	14329	14796	468	14203	14835
451770899	1	536	1.600E-150	4	14329	17090	361	157	0.546	1.651E-39	271	419	888	14883	15329	447	14775	15344
451770899	1	536	1.600E-150	4	14329	17090	390	259	0.545	1.060E-73	553	801	888	16036	16773	738	16003	16791
451770899	1	536	1.600E-150	4	14329	17090	398	125	0.694	2.559E-30	800	887	888	16827	17090	264	16821	17090
451796370	1	95	9.084E-18	2	33547	33935	776	44	0.690	2.713E-03	12	41	116	33547	33636	90	33523	33636
451796370	1	95	9.084E-18	2	33547	33935	787	65	0.553	2.809E-09	57	115	116	33765	33935	171	33738	34049
451803887	-1	216	3.417E-54	1	34137	34445	1092	216	0.984	1.764E-61	0	102	103	-34445	-34137	309	34484	34134
451808588	1	379	2.922E-103	3	36612	37940	839	46	0.534	4.730E-03	15	56	307	36612	36737	126	36534	36737
451808588	1	379	2.922E-103	3	36612	37940	853	207	0.582	5.535E-55	56	216	307	37064	37609	546	36752	37621
451808588	1	379	2.922E-103	3	36612	37940	858	127	0.712	4.862E-31	219	305	307	37680	37940	261	37662	37946
451921861	-1	190	2.293E-46	2	33531	33920	1101	100	0.817	5.249E-22	6	63	172	-33920	-33747	174	33953	33735
451921861	-1	190	2.293E-46	2	33531	33920	1105	91	0.811	6.690E-19	62	114	172	-33689	-33531	159	33731	33522
451937925	1	398	5.574E-109	3	14859	16773	361	151	0.510	1.347E-37	140	295	746	14859	15323	465	14775	15344
451937925	1	398	5.574E-109	3	14859	16773	367	62	0.480	1.654E-08	298	364	746	15392	15592	201	15344	15601
451937925	1	398	5.574E-109	3	14859	16773	390	250	0.530	1.460E-70	430	678	746	16036	16773	738	16003	16791
451938012	1	404	8.709E-111	3	14859	16770	361	156	0.523	4.241E-39	140	295	746	14859	15323	465	14775	15344
451938012	1	404	8.709E-111	3	14859	16770	367	63	0.487	6.382E-09	298	364	746	15392	15592	201	15344	15601
451938012	1	404	8.709E-111	3	14859	16770	390	250	0.530	2.738E-70	430	677	746	16036	16770	735	16003	16791
451955632	1	376	2.338E-102	3	36648	37940	839	44	0.679	2.336E-02	20	49	300	36648	36737	90	36534	36737
451955632	1	376	2.338E-102	3	36648	37940	853	205	0.577	2.644E-54	49	209	300	37064	37609	546	36752	37621
451955632	1	376	2.338E-102	3	36648	37940	858	128	0.716	2.582E-31	212	298	300	37680	37940	261	37662	37946
451955700	1	564	5.959E-159	5	14880	17090	361	153	0.536	5.246E-38	249	396	863	14880	15323	444	14775	15344
451955700	1	564	5.959E-159	5	14880	17090	367	65	0.497	1.792E-09	402	468	863	15401	15601	201	15344	15601
451955700	1	564	5.959E-159	5	14880	17090	375	38	0.363	1.363E+00	473	530	863	15792	15959	168	15768	15965
451955700	1	564	5.959E-159	5	14880	17090	390	196	0.443	9.359E-52	535	776	863	16039	16773	735	16003	16791
451955700	1	564	5.959E-159	5	14880	17090	398	121	0.677	4.423E-29	775	862	863	16827	17090	264	16821	17090
451983273	1	334	1.028E-89	3	36663	37928	839	42	0.769	8.385E-02	17	41	310	36663	36737	75	36534	36737
451983273	1	334	1.028E-89	3	36663	37928	853	184	0.530	2.997E-47	41	215	310	37064	37609	546	36752	37621
451983273	1	334	1.028E-89	3	36663	37928	858	109	0.647	1.411E-24	218	300	310	37680	37928	249	37662	37946
451986813	1	297	1.413E-78	3	36639	37898	839	42	0.600	1.154E-01	21	53	287	36639	36737	99	36534	36737
451986813	1	297	1.413E-78	3	36639	37898	853	171	0.507	1.200E-42	53	209	287	37064	37597	534	36752	37621
451986813	1	297	1.413E-78	3	36639	37898	858	93	0.610	3.267E-19	200	275	287	37671	37898	228	37662	37946
452013209	-1	218	8.542E-55	1	34137	34445	1092	218	0.994	2.649E-62	0	102	103	-34445	-34137	309	34484	34134
452071270	1	656	1.203E-186	5	14329	17090	352	126	0.424	2.129E-28	87	251	874	14329	14805	477	14203	14835
452071270	1	656	1.203E-186	5	14329	17090	361	159	0.527	2.502E-40	248	405	874	14859	15329	471	14775	15344
452071270	1	656	1.203E-186	5	14329	17090	367	60	0.447	8.094E-08	405	475	874	15389	15601	213	15344	15601
452071270	1	656	1.203E-186	5	14329	17090	390	256	0.540	1.310E-72	539	787	874	16036	16773	738	16003	16791
452071270	1	656	1.203E-186	5	14329	17090	398	119	0.666	2.957E-28	786	873	874	16827	17090	264	16821	17090
452091901	-1	404	8.709E-111	3	33531	34439	1092	218	1.000	2.649E-62	8	109	218	-34439	-34134	306	34484	34134
452091901	-1	404	8.709E-111	3	33531	34439	1101	102	0.834	7.827E-23	107	164	218	-33920	-33747	174	33953	33735
452091901	-1	404	8.709E-111	3	33531	34439	1105	87	0.782	1.165E-17	163	215	218	-33689	-33531	159	33731	33522
457245023	1	151	1.261E-34	1	37064	37573	853	151	0.478	4.938E-36	54	209	319	37064	37573	510	36752	37621
458006090	-1	411	6.804E-113	3	33525	34439	1092	217	0.997	6.835E-62	8	109	219	-34439	-34134	306	34484	34134
458006090	-1	411	6.804E-113	3	33525	34439	1101	104	0.846	2.201E-23	107	164	219	-33920	-33747	174	33953	33735
458006090	-1	411	6.804E-113	3	33525	34439	1105	93	0.801	1.368E-19	163	217	219	-33689	-33525	165	33731	33522
459065026	-1	394	8.918E-108	3	33531	34439	1092	215	0.988	4.551E-61	8	109	218	-34439	-34134	306	34484	34134
459065026	-1	394	8.918E-108	3	33531	34439	1101	99	0.811	9.899E-22	107	164	218	-33920	-33747	174	33953	33735
459065026	-1	394	8.918E-108	3	33531	34439	1105	83	0.747	3.830E-16	163	215	218	-33689	-33531	159	33731	33522
459292157	1	601	4.336E-170	5	14329	16599	352	133	0.455	5.588E-31	72	229	734	14329	14805	477	14203	14835
459292157	1	601	4.336E-170	5	14329	16599	361	157	0.522	1.206E-39	226	383	734	14859	15329	471	14775	15344
459292157	1	601	4.336E-170	5	14329	16599	367	68	0.494	1.414E-10	383	453	734	15389	15601	213	15344	15601
459292157	1	601	4.336E-170	5	14329	16599	375	49	0.460	2.435E-04	461	515	734	15801	15965	165	15768	15965
459292157	1	601	4.336E-170	5	14329	16599	390	200	0.552	4.079E-53	517	703	734	16036	16599	564	16003	16791
460108487	-1	397	1.115E-108	3	33546	34439	1092	219	1.000	1.408E-62	8	109	219	-34439	-34134	306	34484	34134
460108487	-1	397	1.115E-108	3	33546	34439	1101	106	0.860	4.509E-24	107	164	219	-33920	-33747	174	33953	33735
460108487	-1	397	1.115E-108	3	33546	34439	1105	75	0.741	3.025E-13	163	210	219	-33689	-33546	144	33731	33522
460541870	-1	383	1.826E-104	3	33531	34439	1092	207	0.955	2.528E-58	8	109	220	-34439	-34134	306	34484	34134
460541870	-1	383	1.826E-104	3	33531	34439	1101	100	0.820	3.822E-22	107	164	220	-33920	-33747	174	33953	33735
460541870	-1	383	1.826E-104	3	33531	34439	1105	79	0.719	6.680E-15	163	215	220	-33689	-33531	159	33731	33522
461762769	1	282	4.631E-74	2	37064	37940	853	170	0.496	1.639E-42	34	195	296	37064	37612	549	36752	37621
461762769	1	282	4.631E-74	2	37064	37940	858	111	0.634	2.110E-25	197	283	296	37680	37940	261	37662	37946
461864476	-1	220	2.136E-55	2	33549	34439	1092	203	0.938	5.958E-57	8	109	216	-34439	-34134	306	34484	34134
461864476	-1	220	2.136E-55	2	33549	34439	1105	69	0.704	2.593E-11	163	209	216	-33689	-33549	141	33731	33522
462188626	1	339	3.213E-91	3	36624	37931	839	46	0.579	4.730E-03	14	51	300	36624	36737	114	36534	36737
462188626	1	339	3.213E-91	3	36624	37931	853	183	0.528	5.594E-47	51	211	300	37064	37609	546	36752	37621
462188626	1	339	3.213E-91	3	36624	37931	858	111	0.654	1.537E-25	214	297	300	37680	37931	252	37662	37946
462240391	1	225	6.674E-57	2	37064	37922	853	138	0.423	1.843E-31	32	193	278	37064	37609	546	36752	37621
462240391	1	225	6.674E-57	2	37064	37922	858	88	0.552	2.009E-17	196	276	278	37680	37922	243	37662	37946
462481388	1	258	7.769E-67	2	37064	37928	853	155	0.462	3.025E-37	31	195	283	37064	37609	546	36752	37621
462481388	1	258	7.769E-67	2	37064	37928	858	104	0.625	4.595E-23	198	280	283	37680	37928	249	37662	37946
462590814	1	696	1.095E-198	5	14299	17090	352	143	0.448	2.224E-34	53	227	851	14299	14805	507	14203	14835
462590814	1	696	1.095E-198	5	14299	17090	361	160	0.545	1.827E-40	231	382	851	14877	15329	453	14775	15344
462590814	1	696	1.095E-198	5	14299	17090	367	60	0.450	1.112E-07	383	452	851	15392	15601	210	15344	15601
462590814	1	696	1.095E-198	5	14299	17090	390	263	0.536	4.572E-75	507	764	851	16009	16773	765	16003	16791
462590814	1	696	1.095E-198	5	14299	17090	398	123	0.685	1.246E-29	763	850	851	16827	17090	264	16821	17090
462870910	1	327	1.316E-87	3	36639	37931	839	43	0.616	4.425E-02	21	53	309	36639	36737	99	36534	36737
462870910	1	327	1.316E-87	3	36639	37931	853	177	0.513	1.122E-44	53	213	309	37064	37609	546	36752	37621
462870910	1	327	1.316E-87	3	36639	37931	858	108	0.638	1.936E-24	216	299	309	37680	37931	252	37662	37946
463301777	-1	92	7.267E-17	1	33531	33689	1105	92	0.821	2.581E-19	28	80	84	-33689	-33531	159	33731	33522
463367011	1	273	2.371E-71	2	37064	37931	853	171	0.498	8.792E-43	38	199	287	37064	37612	549	36752	37621
463367011	1	273	2.371E-71	2	37064	37931	858	101	0.600	7.949E-22	201	284	287	37680	37931	252	37662	37946
463609506	1	265	6.070E-69	2	37064	37925	853	171	0.501	6.439E-43	38	198	287	37064	37609	546	36752	37621
463609506	1	265	6.070E-69	2	37064	37925	858	95	0.582	9.201E-20	201	282	287	37680	37925	246	37662	37946
464048390	1	303	2.208E-80	3	36660	37922	839	34	0.617	3.659E+01	14	39	283	36660	36737	78	36534	36737
464048390	1	303	2.208E-80	3	36660	37922	853	166	0.488	5.028E-41	39	199	283	37064	37609	546	36752	37621
464048390	1	303	2.208E-80	3	36660	37922	858	102	0.621	2.239E-22	201	282	283	37677	37922	246	37662	37946
464576037	1	289	3.618E-76	3	36663	37808	839	39	0.721	7.861E-01	16	40	275	36663	36737	75	36534	36737
464576037	1	289	3.618E-76	3	36663	37808	853	176	0.512	1.532E-44	40	200	275	37064	37609	546	36752	37621
464576037	1	289	3.618E-76	3	36663	37808	858	75	0.819	6.990E-13	203	245	275	37680	37808	129	37662	37946
464791550	1	306	2.760E-81	3	36657	37928	839	36	0.623	1.017E+01	22	48	296	36657	36737	81	36534	36737
464791550	1	306	2.760E-81	3	36657	37928	853	169	0.495	4.170E-42	48	208	296	37064	37609	546	36752	37621
464791550	1	306	2.760E-81	3	36657	37928	858	102	0.614	2.239E-22	211	293	296	37680	37928	249	37662	37946
465161114	-1	401	6.968E-110	3	33525	34439	1092	214	0.984	8.562E-61	8	109	219	-34439	-34134	306	34484	34134
465161114	-1	401	6.968E-110	3	33525	34439	1101	109	0.883	3.569E-25	107	164	219	-33920	-33747	174	33953	33735
465161114	-1	401	6.968E-110	3	33525	34439	1105	81	0.712	1.364E-15	163	217	219	-33689	-33525	165	33731	33522
 