234171	1	185	7.338E-45	2	27870	28459	660	148	0.705	4.696E-38	73	175	231	27870	28169	300	27864	28187
234171	1	185	7.338E-45	2	27870	28459	665	50	0.709	4.261E-05	190	222	231	28361	28459	99	28331	28462
358934	1	262	4.856E-68	4	20003	28291	465	38	0.670	4.001E-01	6	31	309	20003	20080	78	19997	20086
358934	1	262	4.856E-68	4	20003	28291	471	45	0.477	1.878E-03	31	78	309	20190	20312	123	20190	20318
358934	1	262	4.856E-68	4	20003	28291	660	150	0.723	1.325E-38	79	179	309	27870	28169	300	27864	28187
358934	1	262	4.856E-68	4	20003	28291	662	34	0.705	1.965E+01	172	193	309	28226	28291	66	28148	28291
457876	1	187	1.834E-45	2	27870	28459	660	149	0.706	3.423E-38	76	178	234	27870	28169	300	27864	28187
457876	1	187	1.834E-45	2	27870	28459	665	51	0.724	1.633E-05	193	225	234	28361	28459	99	28331	28462
501168	1	179	4.696E-43	2	27867	28459	660	146	0.733	2.283E-37	74	169	238	27867	28157	291	27864	28187
501168	1	179	4.696E-43	2	27867	28459	665	54	0.760	1.745E-06	192	224	238	28361	28459	99	28331	28462
536778	1	234	1.303E-59	3	20003	28169	465	38	0.670	4.001E-01	6	31	328	20003	20080	78	19997	20086
536778	1	234	1.303E-59	3	20003	28169	471	45	0.477	1.878E-03	31	78	328	20190	20312	123	20190	20318
536778	1	234	1.303E-59	3	20003	28169	660	150	0.723	1.325E-38	79	179	328	27870	28169	300	27864	28187
599354	1	175	7.514E-42	2	20380	20969	479	137	0.654	5.226E-34	80	183	234	20380	20682	303	20377	20730
599354	1	175	7.514E-42	2	20380	20969	483	51	0.701	2.248E-05	198	231	234	20868	20969	102	20838	20969
613230	1	180	2.348E-43	2	20383	20969	479	144	0.687	2.424E-36	76	178	229	20383	20682	300	20377	20730
613230	1	180	2.348E-43	2	20383	20969	483	49	0.686	5.866E-05	193	226	229	20868	20969	102	20838	20969
763239	1	366	2.394E-99	3	9057	9967	213	213	0.978	3.030E-60	8	109	215	9057	9362	306	9012	9362
763239	1	366	2.394E-99	3	9057	9967	224	99	0.623	1.021E-19	96	170	215	9552	9788	237	9450	10001
763239	1	366	2.394E-99	3	9057	9967	223	74	0.700	1.056E-12	163	213	215	9815	9967	153	9713	9982
795716	1	99	5.677E-19	1	9558	9758	224	99	0.716	1.021E-19	12	78	83	9558	9758	201	9450	10001
796124	-1	332	4.113E-89	4	5260	6575	1766	44	0.518	9.136E-03	12	53	302	-6575	-6459	117	6623	6459
796124	-1	332	4.113E-89	4	5260	6575	1780	74	0.507	1.516E-12	53	127	302	-6135	-5911	225	6159	5887
796124	-1	332	4.113E-89	4	5260	6575	1787	111	0.670	6.598E-25	132	212	302	-5838	-5596	243	5880	5542
796124	-1	332	4.113E-89	4	5260	6575	1790	110	0.596	4.571E-25	207	299	302	-5538	-5260	279	5538	5245
802226	-1	352	3.922E-95	4	5260	6572	1766	46	0.579	2.539E-03	14	51	300	-6572	-6459	114	6623	6459
802226	-1	352	3.922E-95	4	5260	6572	1780	82	0.554	1.944E-15	51	125	300	-6135	-5911	225	6159	5887
802226	-1	352	3.922E-95	4	5260	6572	1787	121	0.697	1.293E-28	133	217	300	-5829	-5575	255	5880	5542
802226	-1	352	3.922E-95	4	5260	6572	1790	119	0.640	5.927E-28	206	297	300	-5535	-5260	276	5538	5245
818036	-1	354	9.806E-96	4	5260	6584	1766	50	0.546	7.532E-05	5	49	298	-6584	-6459	126	6623	6459
818036	-1	354	9.806E-96	4	5260	6584	1780	81	0.513	6.911E-15	49	129	298	-6135	-5893	243	6159	5887
818036	-1	354	9.806E-96	4	5260	6584	1787	122	0.639	6.867E-29	125	215	298	-5859	-5575	285	5880	5542
818036	-1	354	9.806E-96	4	5260	6584	1790	116	0.621	5.435E-27	203	295	298	-5538	-5260	279	5538	5245
850266	-1	487	9.005E-136	4	32351	34591	1104	177	0.576	6.680E-47	261	417	881	-34591	-34124	468	34591	34112
850266	-1	487	9.005E-136	4	32351	34591	1109	63	0.503	5.540E-08	419	482	881	-34058	-33867	192	34250	33852
850266	-1	487	9.005E-136	4	32351	34591	1137	193	0.435	1.191E-50	552	794	881	-33412	-32672	741	33430	32639
850266	-1	487	9.005E-136	4	32351	34591	1141	121	0.677	5.611E-29	793	880	881	-32614	-32351	264	32635	32351
889525	1	373	1.870E-101	3	9057	9973	213	207	0.955	2.528E-58	8	109	220	9057	9362	306	9012	9362
889525	1	373	1.870E-101	3	9057	9973	224	99	0.713	1.395E-19	98	164	220	9558	9758	201	9450	10001
889525	1	373	1.870E-101	3	9057	9973	223	79	0.712	3.224E-14	163	215	220	9815	9973	159	9713	9982
898178	1	451	6.188E-125	5	20000	28462	465	48	0.814	9.689E-05	3	29	222	20000	20080	81	19997	20086
898178	1	451	6.188E-125	5	20000	28462	471	80	0.908	8.924E-16	29	69	222	20190	20312	123	20190	20318
898178	1	451	6.188E-125	5	20000	28462	660	204	0.994	2.050E-57	70	165	222	27870	28157	288	27864	28187
898178	1	451	6.188E-125	5	20000	28462	662	48	0.981	2.604E-04	166	187	222	28226	28291	66	28148	28291
898178	1	451	6.188E-125	5	20000	28462	665	66	0.901	6.458E-11	188	221	222	28361	28462	102	28331	28462
960085	-1	679	1.435E-193	5	32351	35128	1095	139	0.453	9.935E-32	3	169	809	-35128	-34643	486	35506	34637
960085	-1	679	1.435E-193	5	32351	35128	1104	175	0.522	2.359E-46	165	340	809	-34591	-34124	468	34591	34112
960085	-1	679	1.435E-193	5	32351	35128	1118	52	0.402	5.152E-05	403	472	809	-33690	-33481	210	33723	33481
960085	-1	679	1.435E-193	5	32351	35128	1137	254	0.536	6.572E-72	474	722	809	-33409	-32672	738	33430	32639
960085	-1	679	1.435E-193	5	32351	35128	1141	122	0.681	2.979E-29	721	808	809	-32614	-32351	264	32635	32351
985437	1	216	3.417E-54	1	9054	9359	213	216	0.994	1.286E-61	0	101	102	9054	9359	306	9012	9362
1013810	1	70	3.048E-10	1	9815	9958	223	70	0.695	4.748E-11	2	49	55	9815	9958	144	9713	9982
1019360	1	277	1.482E-72	2	9054	9973	213	215	0.989	3.318E-61	13	114	200	9054	9359	306	9012	9362
1019360	1	277	1.482E-72	2	9054	9973	223	88	0.786	2.195E-17	142	194	200	9815	9973	159	9713	9982
1097578	-1	324	1.053E-86	4	5254	6530	1766	36	0.682	7.700E+00	17	40	293	-6530	-6459	72	6623	6459
1097578	-1	324	1.053E-86	4	5254	6530	1780	76	0.488	3.105E-13	40	120	293	-6135	-5893	243	6159	5887
1097578	-1	324	1.053E-86	4	5254	6530	1787	109	0.671	1.704E-24	121	200	293	-5832	-5593	240	5880	5542
1097578	-1	324	1.053E-86	4	5254	6530	1790	104	0.565	9.946E-23	197	289	293	-5529	-5254	276	5538	5245
1098289	1	218	8.542E-55	1	9051	9359	213	218	0.992	3.633E-62	0	102	103	9051	9359	309	9012	9362
1115165	-1	50	3.196E-04	1	11238	11420	1662	50	0.431	1.549E-04	24	84	93	-11420	-11238	183	11435	11226
1115619	-1	52	7.990E-05	1	11238	11420	1662	52	0.445	3.146E-05	24	84	98	-11420	-11238	183	11435	11226
1118712	1	163	3.078E-38	2	9558	9967	224	97	0.626	4.867E-19	98	170	216	9558	9788	231	9450	10001
1118712	1	163	3.078E-38	2	9558	9967	223	73	0.687	3.754E-12	163	213	216	9815	9967	153	9713	9982
1134876	1	401	6.968E-110	3	9051	9958	213	216	0.974	2.419E-61	9	112	222	9051	9362	312	9012	9362
1134876	1	401	6.968E-110	3	9051	9958	224	108	0.768	1.435E-22	101	167	222	9558	9758	201	9450	10001
1134876	1	401	6.968E-110	3	9051	9958	223	89	0.868	8.479E-18	166	213	222	9815	9958	144	9713	9982
1148728	-1	347	1.255E-93	3	32351	34121	1109	65	0.415	1.155E-08	357	435	834	-34121	-33867	255	34250	33852
1148728	-1	347	1.255E-93	3	32351	34121	1137	223	0.478	5.353E-61	496	747	834	-33418	-32672	747	33430	32639
1148728	-1	347	1.255E-93	3	32351	34121	1141	119	0.664	5.147E-28	746	833	834	-32614	-32351	264	32635	32351
1148837	-1	291	9.044E-77	2	32672	34591	1104	175	0.573	1.721E-46	141	297	746	-34591	-34124	468	34591	34112
1148837	-1	291	9.044E-77	2	32672	34591	1137	247	0.524	2.573E-69	430	678	746	-33409	-32672	738	33430	32639
1148903	-1	283	2.315E-74	2	32672	34591	1104	171	0.563	4.031E-45	141	297	746	-34591	-34124	468	34591	34112
1148903	-1	283	2.315E-74	2	32672	34591	1137	243	0.517	5.952E-68	430	678	746	-33409	-32672	738	33430	32639
1160611	-1	232	5.214E-59	3	5593	6587	1766	37	0.441	2.129E+00	54	96	362	-6587	-6459	129	6623	6459
1160611	-1	232	5.214E-59	3	5593	6587	1780	89	0.555	1.219E-17	96	176	362	-6135	-5893	243	6159	5887
1160611	-1	232	5.214E-59	3	5593	6587	1787	105	0.648	5.521E-23	177	256	362	-5832	-5593	240	5880	5542
1198089	1	396	2.230E-108	3	9057	9958	213	213	0.981	1.611E-60	8	109	219	9057	9362	306	9012	9362
1198089	1	396	2.230E-108	3	9057	9958	224	107	0.766	1.963E-22	98	164	219	9558	9758	201	9450	10001
1198089	1	396	2.230E-108	3	9057	9958	223	88	0.857	2.195E-17	163	210	219	9815	9958	144	9713	9982
1209094	-1	295	5.653E-78	3	5251	6135	1780	79	0.501	1.789E-14	30	111	288	-6135	-5890	246	6159	5887
1209094	-1	295	5.653E-78	3	5251	6135	1787	109	0.612	2.337E-24	108	196	288	-5841	-5575	267	5880	5542
1209094	-1	295	5.653E-78	3	5251	6135	1790	117	0.638	2.102E-27	189	279	288	-5523	-5251	273	5538	5245
1261671	-1	101	1.419E-19	2	5245	6135	1780	74	0.505	2.081E-12	34	108	274	-6135	-5911	225	6159	5887
1261671	-1	101	1.419E-19	2	5245	6135	1790	96	0.538	2.973E-20	179	270	274	-5520	-5245	276	5538	5245
1280268	1	422	3.322E-116	3	9057	9979	213	220	1.000	5.457E-63	8	109	218	9057	9362	306	9012	9362
1280268	1	422	3.322E-116	3	9057	9979	224	109	0.779	4.103E-23	98	164	218	9558	9758	201	9450	10001
1280268	1	422	3.322E-116	3	9057	9979	223	105	0.893	2.649E-23	163	217	218	9815	9979	165	9713	9982
7969167	-1	353	1.961E-95	4	5260	6572	1766	46	0.579	2.539E-03	14	51	300	-6572	-6459	114	6623	6459
7969167	-1	353	1.961E-95	4	5260	6572	1780	83	0.557	1.416E-15	51	125	300	-6135	-5911	225	6159	5887
7969167	-1	353	1.961E-95	4	5260	6572	1787	121	0.697	1.293E-28	133	217	300	-5829	-5575	255	5880	5542
7969167	-1	353	1.961E-95	4	5260	6572	1790	119	0.640	5.927E-28	206	297	300	-5535	-5260	276	5538	5245
8511443	-1	241	1.018E-61	3	5593	6581	1766	39	0.474	5.896E-01	52	89	347	-6581	-6459	123	6623	6459
8511443	-1	241	1.018E-61	3	5593	6581	1780	91	0.556	1.820E-18	89	171	347	-6135	-5887	249	6159	5887
8511443	-1	241	1.018E-61	3	5593	6581	1787	111	0.652	4.809E-25	171	254	347	-5844	-5593	252	5880	5542
8893838	-1	383	1.826E-104	3	32351	34591	1104	175	0.573	1.721E-46	228	384	848	-34591	-34124	468	34591	34112
8893838	-1	383	1.826E-104	3	32351	34591	1137	226	0.492	3.176E-62	518	761	848	-33412	-32672	741	33430	32639
8893838	-1	383	1.826E-104	3	32351	34591	1141	115	0.648	6.480E-27	760	847	848	-32614	-32351	264	32635	32351
9460168	-1	342	4.017E-92	4	5260	6557	1766	43	0.621	1.734E-02	21	53	303	-6557	-6459	99	6623	6459
9460168	-1	342	4.017E-92	4	5260	6557	1780	79	0.539	1.789E-14	53	127	303	-6135	-5911	225	6159	5887
9460168	-1	342	4.017E-92	4	5260	6557	1787	116	0.699	7.884E-27	132	212	303	-5838	-5596	243	5880	5542
9460168	-1	342	4.017E-92	4	5260	6557	1790	111	0.601	1.768E-25	207	299	303	-5538	-5260	279	5538	5245
9834804	1	97	2.271E-18	1	9558	9773	224	97	0.662	4.867E-19	34	105	143	9558	9773	216	9450	10001
10049088	-1	444	7.921E-123	3	32672	35128	1095	146	0.488	2.778E-34	76	235	858	-35128	-34655	474	35506	34637
10049088	-1	444	7.921E-123	3	32672	35128	1104	203	0.646	6.061E-56	235	391	858	-34591	-34124	468	34591	34112
10049088	-1	444	7.921E-123	3	32672	35128	1137	228	0.494	1.239E-62	526	771	858	-33412	-32672	741	33430	32639
11502400	1	373	1.870E-101	3	9057	9973	213	206	0.951	4.756E-58	8	109	220	9057	9362	306	9012	9362
11502400	1	373	1.870E-101	3	9057	9973	224	101	0.728	2.140E-20	98	164	220	9558	9758	201	9450	10001
11502400	1	373	1.870E-101	3	9057	9973	223	78	0.706	6.079E-14	163	215	220	9815	9973	159	9713	9982
12349663	-1	309	3.450E-82	4	5263	6539	1766	39	0.668	5.896E-01	6	32	283	-6539	-6459	81	6623	6459
12349663	-1	309	3.450E-82	4	5263	6539	1780	82	0.549	1.944E-15	32	107	283	-6135	-5908	228	6159	5887
12349663	-1	309	3.450E-82	4	5263	6539	1787	102	0.718	5.050E-22	119	187	283	-5799	-5593	207	5880	5542
12349663	-1	309	3.450E-82	4	5263	6539	1790	100	0.561	1.253E-21	182	272	283	-5535	-5263	273	5538	5245
12398443	-1	562	2.384E-158	4	32672	35149	1095	152	0.487	2.655E-36	126	292	915	-35149	-34655	495	35506	34637
12398443	-1	562	2.384E-158	4	32672	35149	1104	201	0.639	2.141E-55	292	449	915	-34591	-34124	468	34591	34112
12398443	-1	562	2.384E-158	4	32672	35149	1109	58	0.458	3.245E-06	449	514	915	-34064	-33867	198	34250	33852
12398443	-1	562	2.384E-158	4	32672	35149	1137	226	0.505	5.951E-62	592	828	915	-33385	-32672	714	33430	32639
13577432	-1	273	2.371E-71	3	5266	6135	1780	88	0.547	1.674E-17	38	119	287	-6135	-5890	246	6159	5887
13577432	-1	273	2.371E-71	3	5266	6135	1787	100	0.591	3.367E-21	120	204	287	-5829	-5575	255	5880	5542
13577432	-1	273	2.371E-71	3	5266	6135	1790	87	0.543	4.333E-17	201	282	287	-5511	-5266	246	5538	5245
13643940	-1	490	1.126E-136	4	32351	34570	1104	171	0.583	5.526E-45	317	466	936	-34570	-34124	447	34591	34112
13643940	-1	490	1.126E-136	4	32351	34570	1118	36	0.362	1.260E+01	544	598	936	-33645	-33481	165	33723	33481
13643940	-1	490	1.126E-136	4	32351	34570	1137	237	0.503	9.057E-66	599	849	936	-33412	-32672	741	33430	32639
13643940	-1	490	1.126E-136	4	32351	34570	1141	121	0.673	1.057E-28	848	935	936	-32614	-32351	264	32635	32351
13948317	-1	202	5.598E-50	2	5593	6135	1780	91	0.556	1.820E-18	9	91	267	-6135	-5887	249	6159	5887
13948317	-1	202	5.598E-50	2	5593	6135	1787	111	0.652	4.809E-25	91	174	267	-5844	-5593	252	5880	5542
14134338	1	220	2.136E-55	1	9057	9362	213	220	1.000	5.457E-63	8	109	113	9057	9362	306	9012	9362
14236783	-1	325	5.265E-87	4	5254	6530	1766	35	0.668	1.465E+01	17	40	293	-6530	-6459	72	6623	6459
14236783	-1	325	5.265E-87	4	5254	6530	1780	78	0.497	8.733E-14	40	120	293	-6135	-5893	243	6159	5887
14236783	-1	325	5.265E-87	4	5254	6530	1787	109	0.671	1.704E-24	121	200	293	-5832	-5593	240	5880	5542
14236783	-1	325	5.265E-87	4	5254	6530	1790	104	0.565	9.946E-23	197	289	293	-5529	-5254	276	5538	5245
14755166	1	208	8.747E-52	3	20383	20966	479	132	0.656	2.320E-32	73	172	234	20383	20682	300	20377	20730
14755166	1	208	8.747E-52	3	20383	20966	480	32	0.666	6.086E+01	165	186	234	20733	20798	66	20682	20798
14755166	1	208	8.747E-52	3	20383	20966	483	50	0.714	3.095E-05	187	219	234	20868	20966	99	20838	20969
14974140	1	175	7.514E-42	2	20380	20798	479	147	0.683	1.933E-37	70	175	204	20380	20685	306	20377	20730
14974140	1	175	7.514E-42	2	20380	20798	480	36	0.737	3.346E+00	167	188	204	20733	20798	66	20682	20798
15199217	1	179	4.696E-43	2	20383	20966	479	141	0.674	3.039E-35	61	163	213	20383	20682	300	20377	20730
15199217	1	179	4.696E-43	2	20383	20966	483	51	0.729	1.186E-05	178	210	213	20868	20966	99	20838	20969
15276591	1	169	4.809E-40	2	20380	20969	479	139	0.700	1.476E-34	81	176	235	20380	20670	291	20377	20730
15276591	1	169	4.809E-40	2	20380	20969	483	51	0.701	2.248E-05	199	232	235	20868	20969	102	20838	20969
15327775	-1	50	3.196E-04	1	11241	11435	1662	50	0.414	1.126E-04	22	85	100	-11435	-11241	195	11435	11226
15330452	1	223	2.669E-56	2	9057	9973	213	206	0.951	4.756E-58	8	109	220	9057	9362	306	9012	9362
15330452	1	223	2.669E-56	2	9057	9973	223	69	0.636	6.520E-11	163	215	220	9815	9973	159	9713	9982
15341653	1	297	1.413E-78	2	9057	9779	213	207	0.956	1.843E-58	8	109	175	9057	9362	306	9012	9362
15341653	1	297	1.413E-78	2	9057	9779	224	101	0.667	2.925E-20	98	171	175	9558	9779	222	9450	10001
15343678	1	398	5.574E-109	3	9057	9964	213	217	0.997	6.835E-62	8	109	219	9057	9362	306	9012	9362
15343678	1	398	5.574E-109	3	9057	9964	224	113	0.801	2.449E-24	98	164	219	9558	9758	201	9450	10001
15343678	1	398	5.574E-109	3	9057	9964	223	80	0.759	1.245E-14	163	212	219	9815	9964	150	9713	9982
15344252	1	415	4.253E-114	3	9057	9976	213	223	1.000	8.197E-64	8	109	219	9057	9362	306	9012	9362
15344252	1	415	4.253E-114	3	9057	9976	224	106	0.756	6.862E-22	98	164	219	9558	9758	201	9450	10001
15344252	1	415	4.253E-114	3	9057	9976	223	98	0.854	5.787E-21	163	216	219	9815	9976	162	9713	9982
15349650	1	168	9.618E-40	2	9558	9973	224	97	0.703	4.867E-19	98	164	220	9558	9758	201	9450	10001
15349650	1	168	9.618E-40	2	9558	9973	223	72	0.655	9.721E-12	163	215	220	9815	9973	159	9713	9982
15376052	1	217	1.708E-54	1	9051	9359	213	217	0.989	6.835E-62	0	102	103	9051	9359	309	9012	9362
15406955	1	391	7.135E-107	3	9057	9964	213	219	1.000	1.931E-62	8	109	219	9057	9362	306	9012	9362
15406955	1	391	7.135E-107	3	9057	9964	224	112	0.799	3.349E-24	98	164	219	9558	9758	201	9450	10001
15406955	1	391	7.135E-107	3	9057	9964	223	72	0.695	5.155E-12	163	212	219	9815	9964	150	9713	9982
15417913	-1	341	8.033E-92	4	5263	6530	1766	40	0.762	2.252E-01	15	38	290	-6530	-6459	72	6623	6459
15417913	-1	341	8.033E-92	4	5263	6530	1780	93	0.572	3.732E-19	38	119	290	-6135	-5890	246	6159	5887
15417913	-1	341	8.033E-92	4	5263	6530	1787	111	0.607	3.505E-25	120	211	290	-5829	-5563	267	5880	5542
15417913	-1	341	8.033E-92	4	5263	6530	1790	100	0.596	1.719E-21	206	289	290	-5511	-5263	249	5538	5245
15419561	-1	364	9.576E-99	3	32672	34591	1104	179	0.583	1.007E-47	233	389	853	-34591	-34124	468	34591	34112
15419561	-1	364	9.576E-99	3	32672	34591	1109	62	0.486	1.037E-07	389	454	853	-34064	-33867	198	34250	33852
15419561	-1	364	9.576E-99	3	32672	34591	1137	194	0.442	4.655E-51	527	766	853	-33400	-32672	729	33430	32639
15432059	-1	345	5.021E-93	4	5260	6557	1766	37	0.538	2.936E+00	19	51	300	-6557	-6459	99	6623	6459
15432059	-1	345	5.021E-93	4	5260	6557	1780	81	0.548	5.033E-15	51	125	300	-6135	-5911	225	6159	5887
15432059	-1	345	5.021E-93	4	5260	6557	1787	119	0.712	1.182E-27	130	210	300	-5838	-5596	243	5880	5542
15432059	-1	345	5.021E-93	4	5260	6557	1790	115	0.616	1.405E-26	205	297	300	-5538	-5260	279	5538	5245
15451783	-1	144	1.614E-32	1	34655	35131	1095	144	0.480	1.307E-33	82	242	266	-35131	-34655	477	35506	34637
15465555	-1	108	1.109E-21	1	5593	5826	1787	108	0.679	4.399E-24	0	77	78	-5826	-5593	234	5880	5542
15492286	1	399	2.787E-109	3	9057	9979	213	216	0.991	2.419E-61	8	109	220	9057	9362	306	9012	9362
15492286	1	399	2.787E-109	3	9057	9979	224	109	0.779	4.103E-23	98	164	220	9558	9758	201	9450	10001
15492286	1	399	2.787E-109	3	9057	9979	223	86	0.748	7.800E-17	163	217	220	9815	9979	165	9713	9982
15498180	-1	283	2.315E-74	3	5260	6135	1780	79	0.501	1.789E-14	35	116	284	-6135	-5890	246	6159	5887
15498180	-1	283	2.315E-74	3	5260	6135	1787	111	0.622	4.809E-25	113	201	284	-5841	-5575	267	5880	5542
15498180	-1	283	2.315E-74	3	5260	6135	1790	105	0.588	2.803E-23	192	281	284	-5529	-5260	270	5538	5245
15498254	-1	421	6.645E-116	3	32351	34591	1104	173	0.565	8.329E-46	262	419	880	-34591	-34124	468	34591	34112
15498254	-1	421	6.645E-116	3	32351	34591	1137	256	0.532	2.560E-72	549	793	880	-33430	-32672	759	33430	32639
15498254	-1	421	6.645E-116	3	32351	34591	1141	121	0.673	1.057E-28	792	879	880	-32614	-32351	264	32635	32351
15524098	1	398	5.574E-109	3	9057	9979	213	219	1.000	1.408E-62	8	109	220	9057	9362	306	9012	9362
15524098	1	398	5.574E-109	3	9057	9979	224	106	0.758	5.018E-22	98	164	220	9558	9758	201	9450	10001
15524098	1	398	5.574E-109	3	9057	9979	223	85	0.739	2.019E-16	163	217	220	9815	9979	165	9713	9982
15564838	-1	738	2.489E-211	5	32351	35158	1095	163	0.512	4.436E-40	133	300	925	-35158	-34655	504	35506	34637
15564838	-1	738	2.489E-211	5	32351	35158	1104	189	0.609	3.785E-51	300	456	925	-34591	-34124	468	34591	34112
15564838	-1	738	2.489E-211	5	32351	35158	1109	57	0.433	6.065E-06	456	525	925	-34064	-33855	210	34250	33852
15564838	-1	738	2.489E-211	5	32351	35158	1137	271	0.565	8.861E-78	590	838	925	-33409	-32672	738	33430	32639
15564838	-1	738	2.489E-211	5	32351	35158	1141	120	0.671	1.451E-28	837	924	925	-32614	-32351	264	32635	32351
15567713	1	105	8.871E-21	1	9558	9983	224	105	0.412	1.283E-21	70	196	199	9558	9983	426	9450	10001
15589097	1	402	3.484E-110	3	9057	9979	213	216	0.994	1.286E-61	8	109	219	9057	9362	306	9012	9362
15589097	1	402	3.484E-110	3	9057	9979	224	109	0.779	4.103E-23	98	164	219	9558	9758	201	9450	10001
15589097	1	402	3.484E-110	3	9057	9979	223	89	0.767	1.164E-17	163	217	219	9815	9979	165	9713	9982
15604767	-1	315	5.391E-84	4	5254	6539	1766	38	0.661	8.127E-01	12	38	293	-6539	-6459	81	6623	6459
15604767	-1	315	5.391E-84	4	5254	6539	1780	81	0.517	3.666E-15	38	118	293	-6135	-5893	243	6159	5887
15604767	-1	315	5.391E-84	4	5254	6539	1787	117	0.594	5.747E-27	106	204	293	-5871	-5575	297	5880	5542
15604767	-1	315	5.391E-84	4	5254	6539	1790	101	0.536	6.649E-22	193	289	293	-5535	-5254	282	5538	5245
15617444	1	381	7.306E-104	3	9057	9973	213	217	0.997	6.835E-62	8	109	221	9057	9362	306	9012	9362
15617444	1	381	7.306E-104	3	9057	9973	224	100	0.718	7.470E-20	98	164	221	9558	9758	201	9450	10001
15617444	1	381	7.306E-104	3	9057	9973	223	76	0.690	2.968E-13	163	215	221	9815	9973	159	9713	9982
15619357	1	229	4.171E-58	2	9057	9958	213	212	0.974	5.701E-60	8	109	216	9057	9362	306	9012	9362
15619357	1	229	4.171E-58	2	9057	9958	223	69	0.691	6.520E-11	163	210	216	9815	9958	144	9713	9982
15654223	-1	272	4.742E-71	3	5266	6132	1780	78	0.501	8.733E-14	52	131	300	-6132	-5893	240	6159	5887
15654223	-1	272	4.742E-71	3	5266	6132	1787	99	0.579	8.695E-21	132	217	300	-5832	-5575	258	5880	5542
15654223	-1	272	4.742E-71	3	5266	6132	1790	101	0.589	9.126E-22	210	295	300	-5523	-5266	258	5538	5245
15656313	-1	55	9.988E-06	1	11238	11420	1662	55	0.464	3.379E-06	24	84	98	-11420	-11238	183	11435	11226
15676502	1	291	9.044E-77	2	9057	9758	213	207	0.956	1.843E-58	8	109	221	9057	9362	306	9012	9362
15676502	1	291	9.044E-77	2	9057	9758	224	95	0.691	2.318E-18	98	164	221	9558	9758	201	9450	10001
15695779	-1	437	1.014E-120	4	33496	35170	1095	132	0.426	1.390E-29	75	247	875	-35170	-34655	516	35506	34637
15695779	-1	437	1.014E-120	4	33496	35170	1104	195	0.649	3.334E-53	254	403	875	-34570	-34124	447	34591	34112
15695779	-1	437	1.014E-120	4	33496	35170	1109	66	0.515	6.169E-09	404	468	875	-34061	-33867	195	34250	33852
15695779	-1	437	1.014E-120	4	33496	35170	1118	48	0.401	9.021E-04	467	531	875	-33684	-33496	189	33723	33481
15718685	-1	290	1.809E-76	3	5248	6132	1780	78	0.503	6.360E-14	102	181	355	-6132	-5893	240	6159	5887
15718685	-1	290	1.809E-76	3	5248	6132	1787	113	0.656	9.895E-26	183	267	355	-5829	-5575	255	5880	5542
15718685	-1	290	1.809E-76	3	5248	6132	1790	109	0.571	1.182E-24	256	352	355	-5535	-5248	288	5538	5245
15735860	-1	262	4.856E-68	4	5254	6530	1766	35	0.668	1.465E+01	17	40	376	-6530	-6459	72	6623	6459
15735860	-1	262	4.856E-68	4	5254	6530	1780	78	0.497	8.733E-14	40	120	376	-6135	-5893	243	6159	5887
15735860	-1	262	4.856E-68	4	5254	6530	1787	109	0.671	1.704E-24	121	200	376	-5832	-5593	240	5880	5542
15735860	-1	262	4.856E-68	4	5254	6530	1790	96	0.525	5.600E-20	260	353	376	-5532	-5254	279	5538	5245
15755786	-1	312	4.313E-83	4	5263	6533	1766	38	0.707	8.127E-01	8	32	283	-6533	-6459	75	6623	6459
15755786	-1	312	4.313E-83	4	5263	6533	1780	85	0.562	2.902E-16	32	107	283	-6135	-5911	225	6159	5887
15755786	-1	312	4.313E-83	4	5263	6533	1787	106	0.737	4.024E-23	119	187	283	-5799	-5593	207	5880	5542
15755786	-1	312	4.313E-83	4	5263	6533	1790	97	0.546	1.578E-20	182	272	283	-5535	-5263	273	5538	5245
15761451	1	420	1.329E-115	3	9057	9976	213	219	1.000	1.408E-62	8	109	218	9057	9362	306	9012	9362
15761451	1	420	1.329E-115	3	9057	9976	224	108	0.773	7.674E-23	98	164	218	9558	9758	201	9450	10001
15761451	1	420	1.329E-115	3	9057	9976	223	105	0.907	2.649E-23	163	216	218	9815	9976	162	9713	9982
15777137	-1	134	1.652E-29	1	34658	35140	1095	134	0.446	5.508E-30	0	163	238	-35140	-34658	483	35506	34637
15778031	1	398	5.574E-109	3	9057	9958	213	213	0.981	1.611E-60	27	128	238	9057	9362	306	9012	9362
15778031	1	398	5.574E-109	3	9057	9958	224	108	0.768	1.435E-22	117	183	238	9558	9758	201	9450	10001
15778031	1	398	5.574E-109	3	9057	9958	223	89	0.871	6.176E-18	182	229	238	9815	9958	144	9713	9982
15778778	-1	226	3.337E-57	3	5593	6575	1766	36	0.467	4.049E+00	13	51	303	-6575	-6459	117	6623	6459
15778778	-1	226	3.337E-57	3	5593	6575	1780	87	0.544	5.947E-17	51	131	303	-6135	-5893	243	6159	5887
15778778	-1	226	3.337E-57	3	5593	6575	1787	102	0.645	6.929E-22	133	210	303	-5826	-5593	234	5880	5542
15779094	1	194	1.433E-47	2	9558	9964	224	108	0.768	1.435E-22	63	129	180	9558	9758	201	9450	10001
15779094	1	194	1.433E-47	2	9558	9964	223	87	0.823	3.013E-17	128	177	180	9815	9964	150	9713	9982
15801915	-1	428	5.191E-118	4	33487	35158	1095	146	0.469	3.786E-34	92	256	880	-35158	-34655	504	35506	34637
15801915	-1	428	5.191E-118	4	33487	35158	1104	196	0.627	1.774E-53	256	412	880	-34591	-34124	468	34591	34112
15801915	-1	428	5.191E-118	4	33487	35158	1109	58	0.447	3.245E-06	412	479	880	-34064	-33861	204	34250	33852
15801915	-1	428	5.191E-118	4	33487	35158	1118	34	0.335	8.494E+01	488	544	880	-33651	-33487	165	33723	33481
15823819	-1	185	7.338E-45	2	5278	5829	1787	104	0.665	1.039E-22	119	195	288	-5829	-5599	231	5880	5542
15823819	-1	185	7.338E-45	2	5278	5829	1790	87	0.579	8.164E-17	203	277	288	-5502	-5278	225	5538	5245
19181737	1	177	1.878E-42	2	9558	9937	224	108	0.768	1.435E-22	79	145	185	9558	9758	201	9450	10001
19181737	1	177	1.878E-42	2	9558	9937	223	70	0.805	2.518E-11	144	184	185	9815	9937	123	9713	9982
20452487	1	315	5.391E-84	2	9057	9758	213	218	0.999	4.983E-62	15	116	195	9057	9362	306	9012	9362
20452487	1	315	5.391E-84	2	9057	9758	224	108	0.768	1.435E-22	105	171	195	9558	9758	201	9450	10001
22296480	-1	267	1.517E-69	3	5260	6135	1780	77	0.520	1.199E-13	58	133	302	-6135	-5908	228	6159	5887
22296480	-1	267	1.517E-69	3	5260	6135	1787	98	0.702	1.193E-20	143	210	302	-5799	-5596	204	5880	5542
22296480	-1	267	1.517E-69	3	5260	6135	1790	104	0.574	5.280E-23	206	297	302	-5535	-5260	276	5538	5245
22543603	1	364	9.576E-99	3	9057	9964	213	207	0.956	1.843E-58	8	109	213	9057	9362	306	9012	9362
22543603	1	364	9.576E-99	3	9057	9964	224	98	0.711	1.907E-19	98	164	213	9558	9758	201	9450	10001
22543603	1	364	9.576E-99	3	9057	9964	223	71	0.685	1.335E-11	163	212	213	9815	9964	150	9713	9982
23404648	-1	194	1.433E-47	2	5269	5817	1787	103	0.671	3.681E-22	119	193	278	-5817	-5593	225	5880	5542
23404648	-1	194	1.433E-47	2	5269	5817	1790	92	0.551	9.685E-19	192	276	278	-5523	-5269	255	5538	5245
23531486	-1	342	4.017E-92	4	5254	6533	1766	40	0.728	3.103E-01	16	40	293	-6533	-6459	75	6623	6459
23531486	-1	342	4.017E-92	4	5254	6533	1780	87	0.544	5.947E-17	40	120	293	-6135	-5893	243	6159	5887
23531486	-1	342	4.017E-92	4	5254	6533	1787	109	0.671	1.704E-24	121	200	293	-5832	-5593	240	5880	5542
23531486	-1	342	4.017E-92	4	5254	6533	1790	105	0.581	3.847E-23	199	289	293	-5523	-5254	270	5538	5245
23676522	1	101	1.419E-19	1	9558	9758	224	101	0.728	2.140E-20	12	78	113	9558	9758	201	9450	10001
23706581	1	417	1.063E-114	3	9057	9979	213	220	1.000	5.457E-63	8	109	218	9057	9362	306	9012	9362
23706581	1	417	1.063E-114	3	9057	9979	224	108	0.773	7.674E-23	98	164	218	9558	9758	201	9450	10001
23706581	1	417	1.063E-114	3	9057	9979	223	101	0.862	6.297E-22	163	217	218	9815	9979	165	9713	9982
23777649	1	85	9.302E-15	1	25574	26104	607	85	0.301	8.405E-15	97	277	329	25574	26104	531	25553	26113
24227769	-1	240	2.037E-61	3	5593	6533	1766	38	0.700	1.120E+00	60	84	337	-6533	-6459	75	6623	6459
24227769	-1	240	2.037E-61	3	5593	6533	1780	95	0.584	5.573E-20	84	165	337	-6135	-5890	246	6159	5887
24227769	-1	240	2.037E-61	3	5593	6533	1787	106	0.659	2.933E-23	166	244	337	-5829	-5593	237	5880	5542
24495896	-1	388	5.708E-106	3	32672	34570	1104	171	0.583	5.526E-45	224	373	837	-34570	-34124	447	34591	34112
24495896	-1	388	5.708E-106	3	32672	34570	1109	66	0.499	4.508E-09	373	440	837	-34064	-33861	204	34250	33852
24495896	-1	388	5.708E-106	3	32672	34570	1137	216	0.474	1.518E-58	507	750	837	-33412	-32672	741	33430	32639
24510959	-1	313	2.156E-83	5	32351	35170	1095	135	0.434	1.602E-30	116	287	915	-35170	-34655	516	35506	34637
24510959	-1	313	2.156E-83	5	32351	35170	1104	199	0.637	1.037E-54	287	443	915	-34591	-34124	468	34591	34112
24510959	-1	313	2.156E-83	5	32351	35170	1109	61	0.484	2.654E-07	444	508	915	-34061	-33867	195	34250	33852
24510959	-1	313	2.156E-83	5	32351	35170	1118	50	0.473	2.527E-04	520	573	915	-33651	-33490	162	33723	33481
24510959	-1	313	2.156E-83	5	32351	35170	1141	127	0.706	4.862E-31	827	914	915	-32614	-32351	264	32635	32351
25249534	1	398	5.574E-109	3	9057	9958	213	213	0.981	1.611E-60	8	109	219	9057	9362	306	9012	9362
25249534	1	398	5.574E-109	3	9057	9958	224	107	0.766	1.963E-22	98	164	219	9558	9758	201	9450	10001
25249534	1	398	5.574E-109	3	9057	9958	223	90	0.875	4.498E-18	163	210	219	9815	9958	144	9713	9982
26666432	-1	341	8.033E-92	4	5254	6533	1766	39	0.721	4.277E-01	47	71	324	-6533	-6459	75	6623	6459
26666432	-1	341	8.033E-92	4	5254	6533	1780	86	0.540	1.121E-16	71	151	324	-6135	-5893	243	6159	5887
26666432	-1	341	8.033E-92	4	5254	6533	1787	109	0.671	1.704E-24	152	231	324	-5832	-5593	240	5880	5542
26666432	-1	341	8.033E-92	4	5254	6533	1790	106	0.588	1.084E-23	230	320	324	-5523	-5254	270	5538	5245
26737578	-1	488	4.503E-136	4	32351	34591	1104	177	0.576	6.680E-47	249	405	869	-34591	-34124	468	34591	34112
26737578	-1	488	4.503E-136	4	32351	34591	1109	63	0.503	5.540E-08	407	470	869	-34058	-33867	192	34250	33852
26737578	-1	488	4.503E-136	4	32351	34591	1137	194	0.437	4.655E-51	540	782	869	-33412	-32672	741	33430	32639
26737578	-1	488	4.503E-136	4	32351	34591	1141	121	0.677	5.611E-29	781	868	869	-32614	-32351	264	32635	32351
27384408	-1	287	1.447E-75	3	32672	35125	1095	108	0.392	2.548E-21	90	246	932	-35125	-34655	471	35506	34637
27384408	-1	287	1.447E-75	3	32672	35125	1104	163	0.538	3.030E-42	246	403	932	-34591	-34124	468	34591	34112
27384408	-1	287	1.447E-75	3	32672	35125	1137	218	0.481	1.689E-59	607	845	932	-33406	-32672	735	33430	32639
27750687	-1	364	9.576E-99	3	32672	34591	1104	179	0.584	7.344E-48	233	389	853	-34591	-34124	468	34591	34112
27750687	-1	364	9.576E-99	3	32672	34591	1109	62	0.483	1.418E-07	389	454	853	-34064	-33867	198	34250	33852
27750687	-1	364	9.576E-99	3	32672	34591	1137	194	0.442	4.655E-51	527	766	853	-33400	-32672	729	33430	32639
27864021	-1	290	1.809E-76	3	5263	6135	1780	83	0.518	1.416E-15	38	119	287	-6135	-5890	246	6159	5887
27864021	-1	290	1.809E-76	3	5263	6135	1787	105	0.655	5.521E-23	120	198	287	-5829	-5593	237	5880	5542
27864021	-1	290	1.809E-76	3	5263	6135	1790	106	0.588	1.084E-23	193	283	287	-5535	-5263	273	5538	5245
27993427	-1	342	4.017E-92	4	5254	6533	1766	40	0.742	1.634E-01	16	40	293	-6533	-6459	75	6623	6459
27993427	-1	342	4.017E-92	4	5254	6533	1780	86	0.540	1.121E-16	40	120	293	-6135	-5893	243	6159	5887
27993427	-1	342	4.017E-92	4	5254	6533	1787	109	0.671	1.704E-24	121	200	293	-5832	-5593	240	5880	5542
27993427	-1	342	4.017E-92	4	5254	6533	1790	106	0.586	1.488E-23	199	289	293	-5523	-5254	270	5538	5245
28042120	-1	206	3.499E-51	2	5266	5829	1787	107	0.663	1.559E-23	116	194	282	-5829	-5593	237	5880	5542
28042120	-1	206	3.499E-51	2	5266	5829	1790	102	0.586	2.572E-22	191	278	282	-5529	-5266	264	5538	5245
28109482	1	167	1.924E-39	2	9558	9955	224	98	0.706	3.562E-19	98	164	218	9558	9758	201	9450	10001
28109482	1	167	1.924E-39	2	9558	9955	223	70	0.711	3.457E-11	163	209	218	9815	9955	141	9713	9982
28129876	-1	356	2.451E-96	3	32672	34570	1104	177	0.603	4.873E-47	252	400	865	-34570	-34124	447	34591	34112
28129876	-1	356	2.451E-96	3	32672	34570	1109	61	0.501	2.654E-07	404	465	865	-34052	-33867	186	34250	33852
28129876	-1	356	2.451E-96	3	32672	34570	1137	190	0.433	1.066E-49	537	778	865	-33406	-32672	735	33430	32639
28428954	-1	579	1.819E-163	4	32351	35161	1095	144	0.451	1.307E-33	52	226	851	-35161	-34652	510	35506	34637
28428954	-1	579	1.819E-163	4	32351	35161	1104	192	0.632	2.213E-52	230	382	851	-34579	-34124	456	34591	34112
28428954	-1	579	1.819E-163	4	32351	35161	1137	254	0.535	1.232E-71	516	764	851	-33409	-32672	738	33430	32639
28428954	-1	579	1.819E-163	4	32351	35161	1141	123	0.687	1.152E-29	763	850	851	-32614	-32351	264	32635	32351
28901769	1	231	1.043E-58	3	20383	20966	479	143	0.725	4.561E-36	68	162	221	20383	20670	288	20377	20730
28901769	1	231	1.043E-58	3	20383	20966	480	34	0.697	1.675E+01	163	184	221	20733	20798	66	20682	20798
28901769	1	231	1.043E-58	3	20383	20966	483	52	0.740	6.262E-06	185	217	221	20868	20966	99	20838	20969
29066275	1	393	1.784E-107	3	9057	9973	213	215	0.988	4.551E-61	8	109	219	9057	9362	306	9012	9362
29066275	1	393	1.784E-107	3	9057	9973	224	106	0.761	3.670E-22	98	164	219	9558	9758	201	9450	10001
29066275	1	393	1.784E-107	3	9057	9973	223	84	0.757	3.806E-16	163	215	219	9815	9973	159	9713	9982
29365296	1	170	2.404E-40	2	20383	20966	479	133	0.657	1.692E-32	70	169	231	20383	20682	300	20377	20730
29365296	1	170	2.404E-40	2	20383	20966	483	50	0.714	3.095E-05	184	216	231	20868	20966	99	20838	20969
29513841	1	188	9.172E-46	2	27867	28291	660	153	0.762	1.056E-39	72	168	227	27867	28157	291	27864	28187
29513841	1	188	9.172E-46	2	27867	28291	662	34	0.713	1.424E+01	169	190	227	28226	28291	66	28148	28291
29514432	1	228	8.342E-58	4	20003	28459	465	38	0.655	2.902E-01	6	32	225	20003	20080	78	19997	20086
29514432	1	228	8.342E-58	4	20003	28459	660	144	0.672	1.110E-36	70	175	225	27867	28172	306	27864	28187
29514432	1	228	8.342E-58	4	20003	28459	662	37	0.760	2.065E+00	167	188	225	28226	28291	66	28148	28291
29514432	1	228	8.342E-58	4	20003	28459	665	51	0.724	1.633E-05	189	221	225	28361	28459	99	28331	28462
29551615	1	188	9.172E-46	2	27870	28459	660	145	0.680	5.895E-37	79	183	251	27870	28175	306	27864	28187
29551615	1	188	9.172E-46	2	27870	28459	665	54	0.766	1.268E-06	196	228	251	28361	28459	99	28331	28462
29831312	1	172	6.011E-41	2	27870	28462	660	135	0.666	2.196E-33	29	128	260	27870	28169	300	27864	28187
29831312	1	172	6.011E-41	2	27870	28462	665	50	0.691	4.261E-05	143	176	260	28361	28462	102	28331	28462
29847023	1	389	2.854E-106	3	9057	9964	213	217	0.996	9.375E-62	8	109	219	9057	9362	306	9012	9362
29847023	1	389	2.854E-106	3	9057	9964	224	107	0.763	2.684E-22	98	164	219	9558	9758	201	9450	10001
29847023	1	389	2.854E-106	3	9057	9964	223	77	0.732	1.574E-13	163	212	219	9815	9964	150	9713	9982
29857607	1	196	3.583E-48	2	9558	9958	224	106	0.756	6.862E-22	98	164	219	9558	9758	201	9450	10001
29857607	1	196	3.583E-48	2	9558	9958	223	91	0.882	2.386E-18	163	210	219	9815	9958	144	9713	9982
29868010	1	408	5.443E-112	3	9057	9979	213	218	1.000	2.649E-62	8	109	219	9057	9362	306	9012	9362
29868010	1	408	5.443E-112	3	9057	9979	224	108	0.768	1.435E-22	98	164	219	9558	9758	201	9450	10001
29868010	1	408	5.443E-112	3	9057	9979	223	94	0.810	1.377E-19	163	217	219	9815	9979	165	9713	9982
29868534	1	178	9.392E-43	2	27870	28291	660	151	0.718	3.741E-39	49	151	203	27870	28169	300	27864	28187
29868534	1	178	9.392E-43	2	27870	28291	662	33	0.710	5.168E+01	145	165	203	28229	28291	63	28148	28291
29891430	1	85	9.302E-15	1	9815	9973	223	85	0.763	2.019E-16	49	101	106	9815	9973	159	9713	9982
29894716	1	396	2.230E-108	3	9057	9958	213	213	0.981	1.611E-60	8	109	219	9057	9362	306	9012	9362
29894716	1	396	2.230E-108	3	9057	9958	224	107	0.766	1.963E-22	98	164	219	9558	9758	201	9450	10001
29894716	1	396	2.230E-108	3	9057	9958	223	88	0.857	2.195E-17	163	210	219	9815	9958	144	9713	9982
29931167	-1	316	2.695E-84	4	5260	6533	1766	36	0.666	5.583E+00	13	37	287	-6533	-6459	75	6623	6459
29931167	-1	316	2.695E-84	4	5260	6533	1780	72	0.470	5.389E-12	37	117	287	-6135	-5893	243	6159	5887
29931167	-1	316	2.695E-84	4	5260	6533	1787	104	0.635	1.426E-22	118	198	287	-5832	-5593	240	5880	5542
29931167	-1	316	2.695E-84	4	5260	6533	1790	105	0.586	3.847E-23	195	284	287	-5529	-5260	270	5538	5245
29946007	1	83	3.721E-14	1	25772	26080	607	83	0.435	5.418E-14	3	105	106	25772	26080	309	25553	26113
29947586	1	320	1.685E-85	2	9057	9758	213	219	1.000	1.931E-62	8	109	219	9057	9362	306	9012	9362
29947586	1	320	1.685E-85	2	9057	9758	224	112	0.799	3.349E-24	98	164	219	9558	9758	201	9450	10001
29961300	-1	582	2.273E-164	4	32351	35158	1095	146	0.457	2.778E-34	53	226	851	-35158	-34652	507	35506	34637
29961300	-1	582	2.273E-164	4	32351	35158	1104	193	0.633	1.614E-52	230	382	851	-34579	-34124	456	34591	34112
29961300	-1	582	2.273E-164	4	32351	35158	1137	256	0.539	1.870E-72	516	764	851	-33409	-32672	738	33430	32639
29961300	-1	582	2.273E-164	4	32351	35158	1141	121	0.677	5.611E-29	763	850	851	-32614	-32351	264	32635	32351
29992557	1	403	1.742E-110	3	9057	9979	213	215	0.988	4.551E-61	8	109	219	9057	9362	306	9012	9362
29992557	1	403	1.742E-110	3	9057	9979	224	106	0.761	3.670E-22	98	164	219	9558	9758	201	9450	10001
29992557	1	403	1.742E-110	3	9057	9979	223	94	0.810	1.377E-19	163	217	219	9815	9979	165	9713	9982
30075495	-1	258	7.769E-67	3	5263	6051	1780	49	0.463	5.262E-04	132	186	337	-6051	-5890	162	6159	5887
30075495	-1	258	7.769E-67	3	5263	6051	1787	99	0.820	8.695E-21	187	243	337	-5829	-5659	171	5880	5542
30075495	-1	258	7.769E-67	3	5263	6051	1790	109	0.638	8.610E-25	243	327	337	-5517	-5263	255	5538	5245
30128930	1	216	3.417E-54	1	9051	9359	213	216	0.984	1.764E-61	0	102	103	9051	9359	309	9012	9362
30148140	1	217	1.708E-54	1	9051	9359	213	217	0.989	6.835E-62	0	102	103	9051	9359	309	9012	9362
30157731	-1	49	6.392E-04	1	11238	11420	1662	49	0.425	2.932E-04	37	97	105	-11420	-11238	183	11435	11226
30161134	1	406	2.177E-111	3	9057	9979	213	217	0.997	6.835E-62	8	109	219	9057	9362	306	9012	9362
30161134	1	406	2.177E-111	3	9057	9979	224	108	0.768	1.435E-22	98	164	219	9558	9758	201	9450	10001
30161134	1	406	2.177E-111	3	9057	9979	223	93	0.797	4.891E-19	163	217	219	9815	9979	165	9713	9982
30196886	-1	52	7.990E-05	1	11238	11420	1662	52	0.445	3.146E-05	36	96	110	-11420	-11238	183	11435	11226
30197461	-1	53	3.995E-05	1	11238	11420	1662	53	0.450	1.663E-05	24	84	98	-11420	-11238	183	11435	11226
30231883	-1	291	9.044E-77	2	32672	34591	1104	175	0.573	1.721E-46	141	297	746	-34591	-34124	468	34591	34112
30231883	-1	291	9.044E-77	2	32672	34591	1137	247	0.524	2.573E-69	430	678	746	-33409	-32672	738	33430	32639
30232343	-1	287	1.447E-75	2	32672	34591	1104	171	0.563	4.031E-45	141	297	746	-34591	-34124	468	34591	34112
30232343	-1	287	1.447E-75	2	32672	34591	1137	247	0.524	2.573E-69	430	678	746	-33409	-32672	738	33430	32639
30232581	-1	200	2.239E-49	2	5260	5829	1787	98	0.617	1.636E-20	113	191	281	-5829	-5593	237	5880	5542
30232581	-1	200	2.239E-49	2	5260	5829	1790	105	0.586	3.847E-23	188	277	281	-5529	-5260	270	5538	5245
30282463	1	217	1.708E-54	1	9051	9359	213	217	0.987	9.375E-62	0	102	103	9051	9359	309	9012	9362
30305715	1	386	2.283E-105	3	9057	9967	213	215	0.988	4.551E-61	8	109	219	9057	9362	306	9012	9362
30305715	1	386	2.283E-105	3	9057	9967	224	104	0.743	3.279E-21	98	164	219	9558	9758	201	9450	10001
30305715	1	386	2.283E-105	3	9057	9967	223	79	0.736	3.224E-14	163	213	219	9815	9967	153	9713	9982
30344071	1	423	1.661E-116	3	9057	9979	213	220	1.000	5.457E-63	36	137	246	9057	9362	306	9012	9362
30344071	1	423	1.661E-116	3	9057	9979	224	111	0.791	8.572E-24	126	192	246	9558	9758	201	9450	10001
30344071	1	423	1.661E-116	3	9057	9979	223	104	0.889	3.637E-23	191	245	246	9815	9979	165	9713	9982
30351393	-1	383	1.826E-104	3	32351	34591	1104	171	0.562	5.526E-45	252	408	872	-34591	-34124	468	34591	34112
30351393	-1	383	1.826E-104	3	32351	34591	1137	218	0.470	3.162E-59	534	785	872	-33418	-32672	747	33430	32639
30351393	-1	383	1.826E-104	3	32351	34591	1141	119	0.664	5.147E-28	784	871	872	-32614	-32351	264	32635	32351
30362584	-1	835	1.571E-240	6	32351	35140	1095	146	0.473	3.786E-34	108	273	898	-35140	-34655	486	35506	34637
30362584	-1	835	1.571E-240	6	32351	35140	1104	199	0.638	7.563E-55	273	429	898	-34591	-34124	468	34591	34112
30362584	-1	835	1.571E-240	6	32351	35140	1109	55	0.423	2.116E-05	429	498	898	-34064	-33855	210	34250	33852
30362584	-1	835	1.571E-240	6	32351	35140	1118	55	0.505	4.046E-06	507	561	898	-33645	-33481	165	33723	33481
30362584	-1	835	1.571E-240	6	32351	35140	1137	260	0.546	8.069E-74	563	811	898	-33409	-32672	738	33430	32639
30362584	-1	835	1.571E-240	6	32351	35140	1141	124	0.692	4.458E-30	810	897	898	-32614	-32351	264	32635	32351
35614051	1	97	2.271E-18	1	9558	9773	224	97	0.662	4.867E-19	23	94	119	9558	9773	216	9450	10001
36284774	-1	234	1.303E-59	3	5593	6533	1766	40	0.742	1.634E-01	16	40	293	-6533	-6459	75	6623	6459
36284774	-1	234	1.303E-59	3	5593	6533	1780	84	0.530	5.471E-16	40	120	293	-6135	-5893	243	6159	5887
36284774	-1	234	1.303E-59	3	5593	6533	1787	109	0.671	1.704E-24	121	200	293	-5832	-5593	240	5880	5542
36572670	-1	351	7.845E-95	4	5263	6575	1766	42	0.523	6.245E-02	1	39	290	-6575	-6459	117	6623	6459
36572670	-1	351	7.845E-95	4	5263	6575	1780	79	0.539	1.789E-14	39	113	290	-6135	-5911	225	6159	5887
36572670	-1	351	7.845E-95	4	5263	6575	1787	122	0.769	9.421E-29	125	200	290	-5820	-5593	228	5880	5542
36572670	-1	351	7.845E-95	4	5263	6575	1790	118	0.668	8.134E-28	199	285	290	-5523	-5263	261	5538	5245
37101944	1	169	4.809E-40	2	27867	28459	660	140	0.705	3.598E-35	72	167	225	27867	28157	291	27864	28187
37101944	1	169	4.809E-40	2	27867	28459	665	50	0.714	3.095E-05	190	222	225	28361	28459	99	28331	28462
37196641	1	397	1.115E-108	3	9057	9973	213	214	0.983	1.174E-60	8	109	220	9057	9362	306	9012	9362
37196641	1	397	1.115E-108	3	9057	9973	224	102	0.731	1.566E-20	98	164	220	9558	9758	201	9450	10001
37196641	1	397	1.115E-108	3	9057	9973	223	93	0.827	3.563E-19	163	215	220	9815	9973	159	9713	9982
37521911	-1	274	1.185E-71	3	5260	6135	1780	74	0.480	1.104E-12	32	112	281	-6135	-5893	243	6159	5887
37521911	-1	274	1.185E-71	3	5260	6135	1787	108	0.636	6.036E-24	115	198	281	-5826	-5575	252	5880	5542
37521911	-1	274	1.185E-71	3	5260	6135	1790	104	0.574	5.280E-23	187	278	281	-5535	-5260	276	5538	5245
37851167	1	408	5.443E-112	3	9057	9979	213	219	1.000	1.931E-62	8	109	219	9057	9362	306	9012	9362
37851167	1	408	5.443E-112	3	9057	9979	224	108	0.768	1.435E-22	98	164	219	9558	9758	201	9450	10001
37851167	1	408	5.443E-112	3	9057	9979	223	93	0.801	3.563E-19	163	217	219	9815	9979	165	9713	9982
38016616	-1	391	7.135E-107	4	5251	6584	1766	42	0.501	3.290E-02	18	56	307	-6584	-6459	126	6623	6459
38016616	-1	391	7.135E-107	4	5251	6584	1780	96	0.588	2.957E-20	56	137	307	-6135	-5890	246	6159	5887
38016616	-1	391	7.135E-107	4	5251	6584	1787	123	0.740	5.006E-29	137	216	307	-5832	-5593	240	5880	5542
38016616	-1	391	7.135E-107	4	5251	6584	1790	130	0.697	8.393E-32	215	305	307	-5523	-5251	273	5538	5245
38017401	1	218	8.542E-55	3	20383	20966	479	136	0.656	9.835E-34	80	182	252	20383	20682	300	20377	20730
38017401	1	218	8.542E-55	3	20383	20966	480	34	0.726	1.675E+01	176	196	252	20736	20798	63	20682	20798
38017401	1	218	8.542E-55	3	20383	20966	483	53	0.750	3.305E-06	197	229	252	20868	20966	99	20838	20969
38179210	1	402	3.484E-110	3	9057	9976	213	217	0.997	6.835E-62	8	109	219	9057	9362	306	9012	9362
38179210	1	402	3.484E-110	3	9057	9976	224	108	0.768	1.435E-22	98	164	219	9558	9758	201	9450	10001
38179210	1	402	3.484E-110	3	9057	9976	223	89	0.779	1.164E-17	163	216	219	9815	9976	162	9713	9982
39124608	-1	352	3.922E-95	4	5254	6533	1766	45	0.817	4.816E-03	15	39	289	-6533	-6459	75	6623	6459
39124608	-1	352	3.922E-95	4	5254	6533	1780	92	0.565	9.656E-19	39	120	289	-6135	-5890	246	6159	5887
39124608	-1	352	3.922E-95	4	5254	6533	1787	108	0.670	6.036E-24	121	199	289	-5829	-5593	237	5880	5542
39124608	-1	352	3.922E-95	4	5254	6533	1790	108	0.585	3.055E-24	196	288	289	-5529	-5254	276	5538	5245
39325057	1	394	8.918E-108	3	9057	9976	213	216	0.994	1.286E-61	8	109	219	9057	9362	306	9012	9362
39325057	1	394	8.918E-108	3	9057	9976	224	106	0.758	5.018E-22	98	164	219	9558	9758	201	9450	10001
39325057	1	394	8.918E-108	3	9057	9976	223	84	0.745	3.806E-16	163	216	219	9815	9976	162	9713	9982
39616391	-1	666	1.175E-189	5	32351	35149	1095	138	0.444	1.353E-31	61	231	856	-35149	-34655	495	35506	34637
39616391	-1	666	1.175E-189	5	32351	35149	1104	184	0.596	2.286E-49	231	387	856	-34591	-34124	468	34591	34112
39616391	-1	666	1.175E-189	5	32351	35149	1118	45	0.429	1.150E-02	465	519	856	-33645	-33481	165	33723	33481
39616391	-1	666	1.175E-189	5	32351	35149	1137	257	0.541	7.283E-73	521	769	856	-33409	-32672	738	33430	32639
39616391	-1	666	1.175E-189	5	32351	35149	1141	116	0.652	3.440E-27	768	855	856	-32614	-32351	264	32635	32351
39987789	-1	238	8.146E-61	3	5593	6530	1766	40	0.762	2.252E-01	15	38	285	-6530	-6459	72	6623	6459
39987789	-1	238	8.146E-61	3	5593	6530	1780	89	0.549	1.219E-17	38	119	285	-6135	-5890	246	6159	5887
39987789	-1	238	8.146E-61	3	5593	6530	1787	108	0.672	4.399E-24	120	198	285	-5829	-5593	237	5880	5542
41181056	-1	261	9.711E-68	3	5593	6533	1766	40	0.742	1.634E-01	13	37	319	-6533	-6459	75	6623	6459
41181056	-1	261	9.711E-68	3	5593	6533	1780	98	0.596	8.325E-21	37	118	319	-6135	-5890	246	6159	5887
41181056	-1	261	9.711E-68	3	5593	6533	1787	122	0.744	9.421E-29	119	197	319	-5829	-5593	237	5880	5542
41525203	-1	374	9.352E-102	4	32351	35092	1095	154	0.532	5.627E-37	91	241	861	-35092	-34643	450	35506	34637
41525203	-1	374	9.352E-102	4	32351	35092	1109	61	0.397	1.940E-07	384	462	861	-34121	-33867	255	34250	33852
41525203	-1	374	9.352E-102	4	32351	35092	1137	246	0.526	3.522E-69	529	774	861	-33412	-32672	741	33430	32639
41525203	-1	374	9.352E-102	4	32351	35092	1141	119	0.664	5.147E-28	773	860	861	-32614	-32351	264	32635	32351
41655950	-1	334	1.028E-89	4	5254	6539	1766	38	0.649	1.545E+00	11	37	288	-6539	-6459	81	6623	6459
41655950	-1	334	1.028E-89	4	5254	6539	1780	83	0.526	1.031E-15	37	117	288	-6135	-5893	243	6159	5887
41655950	-1	334	1.028E-89	4	5254	6539	1787	114	0.635	5.257E-26	108	192	288	-5874	-5608	267	5880	5542
41655950	-1	334	1.028E-89	4	5254	6539	1790	108	0.577	2.226E-24	191	285	288	-5538	-5254	285	5538	5245
41826479	-1	352	3.922E-95	4	5263	6533	1766	42	0.762	6.245E-02	13	37	290	-6533	-6459	75	6623	6459
41826479	-1	352	3.922E-95	4	5263	6533	1780	89	0.559	6.467E-18	37	117	290	-6135	-5893	243	6159	5887
41826479	-1	352	3.922E-95	4	5263	6533	1787	112	0.693	1.862E-25	119	197	290	-5829	-5593	237	5880	5542
41826479	-1	352	3.922E-95	4	5263	6533	1790	108	0.620	2.226E-24	196	282	290	-5523	-5263	261	5538	5245
42090989	-1	440	1.267E-121	3	32672	35161	1095	134	0.431	4.045E-30	94	265	881	-35161	-34655	507	35506	34637
42090989	-1	440	1.267E-121	3	32672	35161	1104	179	0.604	1.380E-47	272	421	881	-34570	-34124	447	34591	34112
42090989	-1	440	1.267E-121	3	32672	35161	1137	262	0.553	1.676E-74	553	794	881	-33412	-32672	741	33430	32639
42205299	1	407	1.089E-111	3	9057	9979	213	217	0.997	6.835E-62	8	109	219	9057	9362	306	9012	9362
42205299	1	407	1.089E-111	3	9057	9979	224	108	0.768	1.435E-22	98	164	219	9558	9758	201	9450	10001
42205299	1	407	1.089E-111	3	9057	9979	223	94	0.810	1.377E-19	163	217	219	9815	9979	165	9713	9982
42383676	1	197	1.791E-48	2	9558	9958	224	108	0.768	1.435E-22	98	164	219	9558	9758	201	9450	10001
42383676	1	197	1.791E-48	2	9558	9958	223	90	0.875	4.498E-18	163	210	219	9815	9958	144	9713	9982
42432510	-1	380	1.461E-103	3	32351	34591	1104	182	0.588	8.073E-49	125	282	742	-34591	-34124	468	34591	34112
42432510	-1	380	1.461E-103	3	32351	34591	1137	221	0.496	1.878E-60	423	655	742	-33388	-32672	717	33430	32639
42432510	-1	380	1.461E-103	3	32351	34591	1141	117	0.654	2.506E-27	654	741	742	-32614	-32351	264	32635	32351
42548361	1	405	4.355E-111	3	9057	9976	213	217	0.997	6.835E-62	8	109	219	9057	9362	306	9012	9362
42548361	1	405	4.355E-111	3	9057	9976	224	111	0.789	1.172E-23	98	164	219	9558	9758	201	9450	10001
42548361	1	405	4.355E-111	3	9057	9976	223	89	0.785	6.176E-18	163	216	219	9815	9976	162	9713	9982
42653199	1	321	8.423E-86	2	9057	9767	213	220	1.000	5.457E-63	8	109	169	9057	9362	306	9012	9362
42653199	1	321	8.423E-86	2	9057	9767	224	112	0.769	3.349E-24	98	167	169	9558	9767	210	9450	10001
43018980	-1	113	3.465E-23	2	5263	6138	1780	77	0.466	1.647E-13	1	87	250	-6138	-5887	252	6159	5887
43018980	-1	113	3.465E-23	2	5263	6138	1790	109	0.630	1.182E-24	162	247	250	-5520	-5263	258	5538	5245
43170355	-1	129	5.287E-28	2	5887	6545	1766	43	0.668	2.388E-02	9	38	139	-6545	-6459	87	6623	6459
43170355	-1	129	5.287E-28	2	5887	6545	1780	86	0.532	8.166E-17	38	120	139	-6135	-5887	249	6159	5887
43634545	1	400	1.394E-109	3	9057	9973	213	218	0.999	4.983E-62	8	109	219	9057	9362	306	9012	9362
43634545	1	400	1.394E-109	3	9057	9973	224	108	0.768	1.435E-22	98	164	219	9558	9758	201	9450	10001
43634545	1	400	1.394E-109	3	9057	9973	223	86	0.770	1.071E-16	163	215	219	9815	9973	159	9713	9982
43839540	1	174	1.503E-41	2	27870	28462	660	138	0.677	2.400E-34	72	171	235	27870	28169	300	27864	28187
43839540	1	174	1.503E-41	2	27870	28462	665	49	0.681	8.076E-05	186	219	235	28361	28462	102	28331	28462
44268543	1	173	3.006E-41	2	27870	28459	660	138	0.701	2.400E-34	78	172	254	27870	28157	288	27864	28187
44268543	1	173	3.006E-41	2	27870	28459	665	56	0.786	3.536E-07	195	227	254	28361	28459	99	28331	28462
44364242	1	181	1.174E-43	2	20383	20969	479	143	0.685	3.325E-36	79	181	233	20383	20682	300	20377	20730
44364242	1	181	1.174E-43	2	20383	20969	483	51	0.701	2.248E-05	196	229	233	20868	20969	102	20838	20969
44409331	-1	295	5.653E-78	2	34124	35128	1095	115	0.406	7.659E-24	73	232	392	-35128	-34655	474	35506	34637
44409331	-1	295	5.653E-78	2	34124	35128	1104	180	0.583	3.908E-48	232	389	392	-34591	-34124	468	34591	34112
44451333	1	405	4.355E-111	3	9057	9979	213	217	0.997	6.835E-62	18	119	229	9057	9362	306	9012	9362
44451333	1	405	4.355E-111	3	9057	9979	224	106	0.758	5.018E-22	108	174	229	9558	9758	201	9450	10001
44451333	1	405	4.355E-111	3	9057	9979	223	94	0.810	1.377E-19	173	227	229	9815	9979	165	9713	9982
44459956	-1	119	5.414E-25	2	5260	6135	1780	85	0.529	2.902E-16	35	116	284	-6135	-5890	246	6159	5887
44459956	-1	119	5.414E-25	2	5260	6135	1790	108	0.603	2.226E-24	192	281	284	-5529	-5260	270	5538	5245
44487949	1	93	3.633E-17	1	25736	26104	607	93	0.418	1.665E-17	9	129	217	25736	26104	369	25553	26113
44494359	1	201	1.120E-49	2	9558	9979	224	108	0.773	7.674E-23	100	166	220	9558	9758	201	9450	10001
44494359	1	201	1.120E-49	2	9558	9979	223	94	0.813	1.003E-19	165	219	220	9815	9979	165	9713	9982
44573463	1	218	8.542E-55	1	9051	9359	213	218	0.992	3.633E-62	0	102	103	9051	9359	309	9012	9362
44584376	-1	346	2.510E-93	4	5260	6557	1766	40	0.585	1.634E-01	13	45	294	-6557	-6459	99	6623	6459
44584376	-1	346	2.510E-93	4	5260	6557	1780	87	0.546	4.332E-17	45	125	294	-6135	-5893	243	6159	5887
44584376	-1	346	2.510E-93	4	5260	6557	1787	115	0.742	1.484E-26	130	204	294	-5820	-5596	225	5880	5542
44584376	-1	346	2.510E-93	4	5260	6557	1790	111	0.601	1.768E-25	199	291	294	-5538	-5260	279	5538	5245
44584676	-1	321	8.423E-86	4	5260	6539	1766	37	0.642	2.129E+00	12	38	288	-6539	-6459	81	6623	6459
44584676	-1	321	8.423E-86	4	5260	6539	1780	84	0.532	3.984E-16	38	118	288	-6135	-5893	243	6159	5887
44584676	-1	321	8.423E-86	4	5260	6539	1787	111	0.614	6.598E-25	119	206	288	-5832	-5563	270	5880	5542
44584676	-1	321	8.423E-86	4	5260	6539	1790	100	0.552	2.360E-21	193	284	288	-5535	-5260	276	5538	5245
44584933	-1	219	4.271E-55	3	5593	6533	1766	34	0.654	2.787E+01	65	88	332	-6533	-6462	72	6623	6459
44584933	-1	219	4.271E-55	3	5593	6533	1780	83	0.523	1.416E-15	90	170	332	-6132	-5890	243	6159	5887
44584933	-1	219	4.271E-55	3	5593	6533	1787	100	0.636	2.454E-21	172	249	332	-5826	-5593	234	5880	5542
44586872	-1	203	2.799E-50	2	5593	6141	1780	94	0.567	1.442E-19	50	133	309	-6141	-5890	252	6159	5887
44586872	-1	203	2.799E-50	2	5593	6141	1787	108	0.672	4.399E-24	134	212	309	-5829	-5593	237	5880	5542
44601617	1	219	4.271E-55	1	9051	9359	213	219	0.997	1.408E-62	0	102	103	9051	9359	309	9012	9362
44668790	1	406	2.177E-111	3	9057	9982	213	216	0.994	1.286E-61	8	109	219	9057	9362	306	9012	9362
44668790	1	406	2.177E-111	3	9057	9982	224	107	0.766	1.963E-22	98	164	219	9558	9758	201	9450	10001
44668790	1	406	2.177E-111	3	9057	9982	223	95	0.806	5.320E-20	163	218	219	9815	9982	168	9713	9982
44695831	-1	118	1.083E-24	2	5254	6135	1780	81	0.517	3.666E-15	37	117	290	-6135	-5893	243	6159	5887
44695831	-1	118	1.083E-24	2	5254	6135	1790	110	0.584	6.274E-25	192	286	290	-5538	-5254	285	5538	5245
44705393	1	218	8.542E-55	1	9054	9359	213	218	0.999	4.983E-62	0	101	102	9054	9359	306	9012	9362
44714934	1	216	3.417E-54	1	9054	9359	213	216	0.994	1.286E-61	0	101	102	9054	9359	306	9012	9362
44738171	-1	57	2.497E-06	1	11238	11420	1662	57	0.478	6.871E-07	25	85	99	-11420	-11238	183	11435	11226
44740246	-1	52	7.990E-05	1	11238	11420	1662	52	0.448	2.287E-05	8	68	82	-11420	-11238	183	11435	11226
44741218	-1	55	9.988E-06	1	11238	11420	1662	55	0.464	3.379E-06	24	84	98	-11420	-11238	183	11435	11226
44791221	1	419	2.658E-115	3	9057	9979	213	219	1.000	1.408E-62	8	109	218	9057	9362	306	9012	9362
44791221	1	419	2.658E-115	3	9057	9979	224	108	0.771	1.049E-22	98	164	218	9558	9758	201	9450	10001
44791221	1	419	2.658E-115	3	9057	9979	223	104	0.883	6.854E-23	163	217	218	9815	9979	165	9713	9982
44826992	-1	105	8.871E-21	1	5245	5529	1790	105	0.563	2.803E-23	2	96	97	-5529	-5245	285	5538	5245
44844764	-1	292	4.522E-77	3	5254	6135	1780	86	0.540	1.121E-16	37	117	288	-6135	-5893	243	6159	5887
44844764	-1	292	4.522E-77	3	5254	6135	1787	107	0.614	1.136E-23	112	198	288	-5844	-5593	252	5880	5542
44844764	-1	292	4.522E-77	3	5254	6135	1790	110	0.584	6.274E-25	192	286	288	-5538	-5254	285	5538	5245
44853548	-1	566	1.490E-159	4	32381	35128	1095	144	0.473	1.307E-33	61	224	844	-35128	-34652	477	35506	34637
44853548	-1	566	1.490E-159	4	32381	35128	1104	186	0.624	4.721E-50	230	379	844	-34570	-34124	447	34591	34112
44853548	-1	566	1.490E-159	4	32381	35128	1137	256	0.538	2.560E-72	513	761	844	-33409	-32672	738	33430	32639
44853548	-1	566	1.490E-159	4	32381	35128	1141	116	0.722	3.440E-27	760	837	844	-32614	-32381	234	32635	32351
44856226	1	398	5.574E-109	3	9057	9973	213	216	0.991	2.419E-61	8	109	220	9057	9362	306	9012	9362
44856226	1	398	5.574E-109	3	9057	9973	224	106	0.761	3.670E-22	98	164	220	9558	9758	201	9450	10001
44856226	1	398	5.574E-109	3	9057	9973	223	88	0.789	1.598E-17	163	215	220	9815	9973	159	9713	9982
44861549	-1	226	3.337E-57	3	5593	6548	1766	41	0.639	1.186E-01	9	38	285	-6548	-6459	90	6623	6459
44861549	-1	226	3.337E-57	3	5593	6548	1780	85	0.529	2.902E-16	38	119	285	-6135	-5890	246	6159	5887
44861549	-1	226	3.337E-57	3	5593	6548	1787	99	0.621	8.695E-21	120	198	285	-5829	-5593	237	5880	5542
44886428	-1	101	1.419E-19	2	5245	6135	1780	74	0.505	2.081E-12	34	108	274	-6135	-5911	225	6159	5887
44886428	-1	101	1.419E-19	2	5245	6135	1790	96	0.538	2.973E-20	179	270	274	-5520	-5245	276	5538	5245
48523449	1	150	2.521E-34	2	25553	26372	607	84	0.287	2.134E-14	42	234	483	25553	26104	552	25553	26113
48523449	1	150	2.521E-34	2	25553	26372	612	69	0.419	1.581E-10	239	328	483	26112	26372	261	26070	26402
48534852	1	149	5.042E-34	2	25742	26372	607	83	0.390	2.912E-14	10	130	377	25742	26104	363	25553	26113
48534852	1	149	5.042E-34	2	25742	26372	612	69	0.419	1.581E-10	135	224	377	26112	26372	261	26070	26402
50690013	1	396	2.230E-108	3	9057	9973	213	214	0.983	1.174E-60	8	109	220	9057	9362	306	9012	9362
50690013	1	396	2.230E-108	3	9057	9973	224	102	0.733	1.145E-20	98	164	220	9558	9758	201	9450	10001
50690013	1	396	2.230E-108	3	9057	9973	223	92	0.821	6.715E-19	163	215	220	9815	9973	159	9713	9982
50950623	-1	201	1.120E-49	2	5260	5829	1787	98	0.617	1.636E-20	118	196	286	-5829	-5593	237	5880	5542
50950623	-1	201	1.120E-49	2	5260	5829	1790	106	0.594	1.084E-23	193	282	286	-5529	-5260	270	5538	5245
51105386	-1	399	2.787E-109	4	5251	6548	1766	48	0.742	3.724E-04	104	133	384	-6548	-6459	90	6623	6459
51105386	-1	399	2.787E-109	4	5251	6548	1780	101	0.614	4.807E-22	133	214	384	-6135	-5890	246	6159	5887
51105386	-1	399	2.787E-109	4	5251	6548	1787	121	0.730	2.433E-28	214	293	384	-5832	-5593	240	5880	5542
51105386	-1	399	2.787E-109	4	5251	6548	1790	129	0.695	1.152E-31	292	382	384	-5523	-5251	273	5538	5245
51169141	-1	233	2.607E-59	3	5575	6533	1766	36	0.659	7.700E+00	27	51	304	-6533	-6459	75	6623	6459
51169141	-1	233	2.607E-59	3	5575	6533	1780	88	0.550	2.298E-17	51	131	304	-6135	-5893	243	6159	5887
51169141	-1	233	2.607E-59	3	5575	6533	1787	108	0.626	4.399E-24	132	217	304	-5832	-5575	258	5880	5542
51409928	-1	200	2.239E-49	2	5260	5829	1787	98	0.617	1.636E-20	120	198	288	-5829	-5593	237	5880	5542
51409928	-1	200	2.239E-49	2	5260	5829	1790	105	0.586	3.847E-23	195	284	288	-5529	-5260	270	5538	5245
51712355	-1	387	1.142E-105	3	32672	34591	1104	175	0.573	1.721E-46	228	384	848	-34591	-34124	468	34591	34112
51712355	-1	387	1.142E-105	3	32672	34591	1109	63	0.488	7.580E-08	384	449	848	-34064	-33867	198	34250	33852
51712355	-1	387	1.142E-105	3	32672	34591	1137	216	0.474	1.109E-58	518	761	848	-33412	-32672	741	33430	32639
51807974	1	400	1.394E-109	3	9057	9973	213	220	1.000	7.485E-63	8	109	219	9057	9362	306	9012	9362
51807974	1	400	1.394E-109	3	9057	9973	224	109	0.779	4.103E-23	98	164	219	9558	9758	201	9450	10001
51807974	1	400	1.394E-109	3	9057	9973	223	83	0.751	7.176E-16	163	215	219	9815	9973	159	9713	9982
51958402	-1	865	1.463E-249	6	32351	35131	1095	135	0.457	2.182E-30	90	249	877	-35131	-34655	477	35506	34637
51958402	-1	865	1.463E-249	6	32351	35131	1104	197	0.632	5.021E-54	249	405	877	-34591	-34124	468	34591	34112
51958402	-1	865	1.463E-249	6	32351	35131	1109	61	0.481	3.630E-07	406	470	877	-34061	-33867	195	34250	33852
51958402	-1	865	1.463E-249	6	32351	35131	1118	50	0.411	2.527E-04	469	533	877	-33684	-33496	189	33723	33481
51958402	-1	865	1.463E-249	6	32351	35131	1137	297	0.604	1.171E-86	539	789	877	-33412	-32675	738	33430	32639
51958402	-1	865	1.463E-249	6	32351	35131	1141	126	0.702	9.158E-31	789	876	877	-32614	-32351	264	32635	32351
51993328	-1	279	3.705E-73	5	32351	35134	1095	125	0.429	4.840E-27	119	279	909	-35134	-34655	480	35506	34637
51993328	-1	279	3.705E-73	5	32351	35134	1104	176	0.572	9.158E-47	279	436	909	-34591	-34124	468	34591	34112
51993328	-1	279	3.705E-73	5	32351	35134	1109	58	0.463	3.245E-06	437	501	909	-34061	-33867	195	34250	33852
51993328	-1	279	3.705E-73	5	32351	35134	1118	53	0.501	2.727E-05	517	569	909	-33645	-33487	159	33723	33481
51993328	-1	279	3.705E-73	5	32351	35134	1141	128	0.707	3.543E-31	821	908	909	-32614	-32351	264	32635	32351
52014906	1	83	3.721E-14	1	25784	26104	607	83	0.426	2.912E-14	0	106	114	25784	26104	321	25553	26113
52032322	1	388	5.708E-106	3	9057	9964	213	215	0.988	4.551E-61	8	109	219	9057	9362	306	9012	9362
52032322	1	388	5.708E-106	3	9057	9964	224	105	0.753	9.382E-22	98	164	219	9558	9758	201	9450	10001
52032322	1	388	5.708E-106	3	9057	9964	223	80	0.759	1.245E-14	163	212	219	9815	9964	150	9713	9982
53278044	-1	164	1.539E-38	4	32351	35128	1095	119	0.415	6.596E-25	128	287	918	-35128	-34655	474	35506	34637
53278044	-1	164	1.539E-38	4	32351	35128	1104	176	0.572	9.158E-47	287	444	918	-34591	-34124	468	34591	34112
53278044	-1	164	1.539E-38	4	32351	35128	1109	61	0.486	1.940E-07	445	509	918	-34061	-33867	195	34250	33852
53278044	-1	164	1.539E-38	4	32351	35128	1141	125	0.694	3.249E-30	830	917	918	-32614	-32351	264	32635	32351
54199722	-1	399	2.787E-109	4	5251	6548	1766	48	0.747	2.705E-04	22	51	302	-6548	-6459	90	6623	6459
54199722	-1	399	2.787E-109	4	5251	6548	1780	100	0.610	9.060E-22	51	132	302	-6135	-5890	246	6159	5887
54199722	-1	399	2.787E-109	4	5251	6548	1787	121	0.732	1.773E-28	132	211	302	-5832	-5593	240	5880	5542
54199722	-1	399	2.787E-109	4	5251	6548	1790	130	0.699	6.116E-32	210	300	302	-5523	-5251	273	5538	5245
54615302	-1	516	1.677E-144	4	32351	34570	1104	167	0.572	1.294E-43	330	479	947	-34570	-34124	447	34591	34112
54615302	-1	516	1.677E-144	4	32351	34570	1118	48	0.415	9.021E-04	550	611	947	-33666	-33481	186	33723	33481
54615302	-1	516	1.677E-144	4	32351	34570	1137	252	0.532	4.330E-71	612	860	947	-33412	-32672	741	33430	32639
54615302	-1	516	1.677E-144	4	32351	34570	1141	117	0.658	1.331E-27	859	946	947	-32614	-32351	264	32635	32351
55316542	1	397	1.115E-108	3	9057	9973	213	214	0.983	1.174E-60	8	109	220	9057	9362	306	9012	9362
55316542	1	397	1.115E-108	3	9057	9973	224	101	0.726	2.925E-20	98	164	220	9558	9758	201	9450	10001
55316542	1	397	1.115E-108	3	9057	9973	223	94	0.837	1.377E-19	163	215	220	9815	9973	159	9713	9982
55473291	1	194	1.433E-47	2	9558	9958	224	108	0.768	1.435E-22	98	164	219	9558	9758	201	9450	10001
55473291	1	194	1.433E-47	2	9558	9958	223	87	0.850	4.137E-17	163	210	219	9815	9958	144	9713	9982
55632949	-1	189	4.586E-46	4	32351	35110	1095	126	0.446	2.616E-27	121	274	902	-35110	-34655	456	35506	34637
55632949	-1	189	4.586E-46	4	32351	35110	1104	191	0.616	5.702E-52	274	430	902	-34591	-34124	468	34591	34112
55632949	-1	189	4.586E-46	4	32351	35110	1109	60	0.478	4.964E-07	431	495	902	-34061	-33867	195	34250	33852
55632949	-1	189	4.586E-46	4	32351	35110	1141	127	0.704	6.673E-31	814	901	902	-32614	-32351	264	32635	32351
55734324	1	383	1.826E-104	3	9057	9979	213	214	0.984	8.562E-61	8	109	221	9057	9362	306	9012	9362
55734324	1	383	1.826E-104	3	9057	9979	224	102	0.731	1.566E-20	98	164	221	9558	9758	201	9450	10001
55734324	1	383	1.826E-104	3	9057	9979	223	79	0.696	1.710E-14	163	217	221	9815	9979	165	9713	9982
55815730	-1	188	9.172E-46	2	5263	5829	1787	99	0.696	8.695E-21	121	189	288	-5829	-5623	207	5880	5542
55815730	-1	188	9.172E-46	2	5263	5829	1790	98	0.575	8.375E-21	200	285	288	-5520	-5263	258	5538	5245
55969692	-1	200	2.239E-49	3	5593	6533	1766	39	0.714	5.896E-01	16	40	313	-6533	-6459	75	6623	6459
55969692	-1	200	2.239E-49	3	5593	6533	1780	74	0.469	1.516E-12	40	120	313	-6135	-5887	249	6159	5887
55969692	-1	200	2.239E-49	3	5593	6533	1787	104	0.629	1.426E-22	139	220	313	-5838	-5593	246	5880	5542
56189103	1	409	2.722E-112	3	9057	9976	213	217	0.997	6.835E-62	32	133	243	9057	9362	306	9012	9362
56189103	1	409	2.722E-112	3	9057	9976	224	108	0.768	1.435E-22	122	188	243	9558	9758	201	9450	10001
56189103	1	409	2.722E-112	3	9057	9976	223	96	0.835	3.875E-20	187	240	243	9815	9976	162	9713	9982
56328123	-1	339	3.213E-91	4	5260	6575	1766	45	0.526	4.816E-03	12	53	302	-6575	-6459	117	6623	6459
56328123	-1	339	3.213E-91	4	5260	6575	1780	78	0.528	8.733E-14	53	127	302	-6135	-5911	225	6159	5887
56328123	-1	339	3.213E-91	4	5260	6575	1787	115	0.695	1.484E-26	132	212	302	-5838	-5596	243	5880	5542
56328123	-1	339	3.213E-91	4	5260	6575	1790	108	0.587	2.226E-24	207	299	302	-5538	-5260	279	5538	5245
56922180	-1	554	6.102E-156	4	32642	35134	1095	142	0.475	6.142E-33	29	189	811	-35134	-34655	480	35506	34637
56922180	-1	554	6.102E-156	4	32642	35134	1104	188	0.630	7.113E-51	196	345	811	-34570	-34124	447	34591	34112
56922180	-1	554	6.102E-156	4	32642	35134	1118	37	0.365	9.170E+00	420	474	811	-33651	-33487	165	33723	33481
56922180	-1	554	6.102E-156	4	32642	35134	1137	265	0.521	1.856E-75	477	745	811	-33412	-32642	771	33430	32639
57104991	-1	329	3.290E-88	4	5260	6557	1766	44	0.626	1.258E-02	11	43	294	-6557	-6459	99	6623	6459
57104991	-1	329	3.290E-88	4	5260	6557	1780	72	0.494	1.016E-11	45	119	294	-6135	-5911	225	6159	5887
57104991	-1	329	3.290E-88	4	5260	6557	1787	109	0.660	3.207E-24	124	204	294	-5838	-5596	243	5880	5542
57104991	-1	329	3.290E-88	4	5260	6557	1790	110	0.594	6.274E-25	199	291	294	-5538	-5260	279	5538	5245
57250633	-1	197	1.791E-48	2	5263	5829	1787	96	0.608	5.796E-20	121	199	287	-5829	-5593	237	5880	5542
57250633	-1	197	1.791E-48	2	5263	5829	1790	104	0.590	5.280E-23	196	284	287	-5529	-5263	267	5538	5245
57638184	1	414	8.505E-114	3	9057	9979	213	217	0.996	9.375E-62	8	109	218	9057	9362	306	9012	9362
57638184	1	414	8.505E-114	3	9057	9979	224	111	0.794	6.267E-24	98	164	218	9558	9758	201	9450	10001
57638184	1	414	8.505E-114	3	9057	9979	223	98	0.843	4.216E-21	163	217	218	9815	9979	165	9713	9982
57778581	-1	254	1.243E-65	3	5245	6135	1780	70	0.518	3.614E-11	35	103	288	-6135	-5929	207	6159	5887
57778581	-1	254	1.243E-65	3	5245	6135	1787	109	0.579	3.207E-24	116	208	288	-5835	-5551	285	5880	5542
57778581	-1	254	1.243E-65	3	5245	6135	1790	99	0.546	3.239E-21	195	287	288	-5523	-5245	279	5538	5245
57917325	-1	406	2.177E-111	3	32672	34591	1104	164	0.541	1.177E-42	280	437	902	-34591	-34124	468	34591	34112
57917325	-1	406	2.177E-111	3	32672	34591	1109	54	0.427	7.378E-05	437	503	902	-34064	-33864	201	34250	33852
57917325	-1	406	2.177E-111	3	32672	34591	1137	254	0.538	1.232E-71	571	815	902	-33412	-32672	741	33430	32639
58377414	1	205	6.998E-51	3	27870	28459	660	136	0.672	6.198E-34	74	173	232	27870	28169	300	27864	28187
58377414	1	205	6.998E-51	3	27870	28459	662	34	0.735	1.965E+01	167	187	232	28229	28291	63	28148	28291
58377414	1	205	6.998E-51	3	27870	28459	665	46	0.571	1.044E-03	182	220	232	28343	28459	117	28331	28462
58383190	1	189	4.586E-46	2	27867	28291	660	151	0.755	3.741E-39	72	168	227	27867	28157	291	27864	28187
58383190	1	189	4.586E-46	2	27867	28291	662	37	0.768	1.497E+00	169	190	227	28226	28291	66	28148	28291
58559946	1	177	1.878E-42	2	27870	28459	660	141	0.677	1.015E-35	73	175	231	27870	28169	300	27864	28187
58559946	1	177	1.878E-42	2	27870	28459	665	49	0.704	5.866E-05	190	222	231	28361	28459	99	28331	28462
58955438	1	177	1.878E-42	2	9558	9973	224	105	0.751	1.283E-21	98	164	220	9558	9758	201	9450	10001
58955438	1	177	1.878E-42	2	9558	9973	223	73	0.668	2.733E-12	163	215	220	9815	9973	159	9713	9982
58983804	-1	343	2.008E-92	4	5260	6533	1766	44	0.804	9.136E-03	32	56	305	-6533	-6459	75	6623	6459
58983804	-1	343	2.008E-92	4	5260	6533	1780	82	0.552	2.670E-15	56	130	305	-6135	-5911	225	6159	5887
58983804	-1	343	2.008E-92	4	5260	6533	1787	113	0.685	7.212E-26	135	215	305	-5838	-5596	243	5880	5542
58983804	-1	343	2.008E-92	4	5260	6533	1790	111	0.601	1.768E-25	210	302	305	-5538	-5260	279	5538	5245
58985348	1	365	4.788E-99	3	9057	9967	213	213	0.978	3.030E-60	8	109	215	9057	9362	306	9012	9362
58985348	1	365	4.788E-99	3	9057	9967	224	101	0.634	2.140E-20	96	170	215	9552	9788	237	9450	10001
58985348	1	365	4.788E-99	3	9057	9967	223	71	0.673	1.335E-11	163	213	215	9815	9967	153	9713	9982
59000532	1	398	5.574E-109	3	9057	9979	213	214	0.986	6.242E-61	8	109	220	9057	9362	306	9012	9362
59000532	1	398	5.574E-109	3	9057	9979	224	109	0.779	4.103E-23	98	164	220	9558	9758	201	9450	10001
59000532	1	398	5.574E-109	3	9057	9979	223	87	0.755	4.137E-17	163	217	220	9815	9979	165	9713	9982
59001256	1	206	3.499E-51	1	9057	9362	213	206	0.951	4.756E-58	8	109	191	9057	9362	306	9012	9362
59005590	1	297	1.413E-78	2	9057	9758	213	206	0.950	6.523E-58	8	109	216	9057	9362	306	9012	9362
59005590	1	297	1.413E-78	2	9057	9758	224	102	0.731	1.566E-20	98	164	216	9558	9758	201	9450	10001
59017327	-1	360	1.532E-97	4	5260	6557	1766	55	0.776	1.185E-06	13	45	294	-6557	-6459	99	6623	6459
59017327	-1	360	1.532E-97	4	5260	6557	1780	83	0.526	1.031E-15	45	125	294	-6135	-5893	243	6159	5887
59017327	-1	360	1.532E-97	4	5260	6557	1787	112	0.722	2.555E-25	130	204	294	-5820	-5596	225	5880	5542
59017327	-1	360	1.532E-97	4	5260	6557	1790	117	0.627	2.102E-27	199	291	294	-5538	-5260	279	5538	5245
59063863	-1	332	4.113E-89	3	5248	6557	1766	64	0.890	1.065E-09	0	32	283	-6557	-6459	99	6623	6459
59063863	-1	332	4.113E-89	3	5248	6557	1787	159	0.781	1.165E-41	95	192	283	-5871	-5593	279	5880	5542
59063863	-1	332	4.113E-89	3	5248	6557	1790	175	0.865	1.825E-47	187	282	283	-5535	-5248	288	5538	5245
59076004	1	218	8.542E-55	1	9051	9359	213	218	0.990	4.983E-62	0	102	103	9051	9359	309	9012	9362
59100552	1	220	2.136E-55	4	20009	28459	465	31	0.603	6.876E+01	72	95	288	20009	20080	72	19997	20086
59100552	1	220	2.136E-55	4	20009	28459	471	43	0.525	1.284E-02	95	132	288	20190	20309	120	20190	20318
59100552	1	220	2.136E-55	4	20009	28459	660	129	0.722	1.840E-31	135	220	288	27873	28133	261	27864	28187
59100552	1	220	2.136E-55	4	20009	28459	665	47	0.673	3.998E-04	252	284	288	28361	28459	99	28331	28462
59148255	-1	307	1.380E-81	4	5260	6530	1766	34	0.654	2.787E+01	9	32	291	-6530	-6459	72	6623	6459
59148255	-1	307	1.380E-81	4	5260	6530	1780	68	0.489	1.765E-10	32	103	291	-6135	-5920	216	6159	5887
59148255	-1	307	1.380E-81	4	5260	6530	1787	108	0.622	8.281E-24	113	198	291	-5832	-5575	258	5880	5542
59148255	-1	307	1.380E-81	4	5260	6530	1790	111	0.628	2.427E-25	191	278	291	-5523	-5260	264	5538	5245
59183255	-1	348	6.276E-94	4	5266	6545	1766	42	0.681	3.290E-02	22	50	296	-6545	-6459	87	6623	6459
59183255	-1	348	6.276E-94	4	5266	6545	1780	93	0.579	2.718E-19	50	130	296	-6135	-5893	243	6159	5887
59183255	-1	348	6.276E-94	4	5266	6545	1787	112	0.701	1.862E-25	132	209	296	-5829	-5596	234	5880	5542
59183255	-1	348	6.276E-94	4	5266	6545	1790	101	0.614	6.649E-22	213	294	296	-5511	-5266	246	5538	5245
59186406	-1	327	1.316E-87	4	5266	6533	1766	37	0.679	2.936E+00	14	38	286	-6533	-6459	75	6623	6459
59186406	-1	327	1.316E-87	4	5266	6533	1780	83	0.523	1.416E-15	38	117	286	-6135	-5893	243	6159	5887
59186406	-1	327	1.316E-87	4	5266	6533	1787	116	0.670	1.082E-26	119	203	286	-5829	-5575	255	5880	5542
59186406	-1	327	1.316E-87	4	5266	6533	1790	100	0.566	1.253E-21	192	281	286	-5535	-5266	270	5538	5245
59192568	-1	530	1.024E-148	4	32351	35149	1095	126	0.415	1.923E-27	99	268	881	-35149	-34643	507	35506	34637
59192568	-1	530	1.024E-148	4	32351	35149	1104	167	0.551	1.294E-43	264	420	881	-34591	-34124	468	34591	34112
59192568	-1	530	1.024E-148	4	32351	35149	1137	252	0.537	4.330E-71	554	794	881	-33409	-32672	738	33430	32639
59192568	-1	530	1.024E-148	4	32351	35149	1141	121	0.677	5.611E-29	793	880	881	-32614	-32351	264	32635	32351
59199745	-1	94	1.817E-17	1	9083	9280	1712	94	0.694	4.243E-20	16	81	82	-9280	-9083	198	9280	9065
59225852	-1	359	3.064E-97	4	5260	6551	1766	53	0.798	4.250E-06	15	45	294	-6551	-6459	93	6623	6459
59225852	-1	359	3.064E-97	4	5260	6551	1780	83	0.523	1.416E-15	45	125	294	-6135	-5893	243	6159	5887
59225852	-1	359	3.064E-97	4	5260	6551	1787	114	0.689	3.832E-26	124	204	294	-5838	-5596	243	5880	5542
59225852	-1	359	3.064E-97	4	5260	6551	1790	114	0.614	1.928E-26	199	291	294	-5538	-5260	279	5538	5245
59279804	-1	55	9.988E-06	1	11238	11420	1662	55	0.464	3.379E-06	25	85	99	-11420	-11238	183	11435	11226
59281224	-1	52	7.990E-05	1	11238	11420	1662	52	0.448	2.287E-05	24	84	98	-11420	-11238	183	11435	11226
59281942	-1	53	3.995E-05	1	11238	11420	1662	53	0.453	1.209E-05	24	84	98	-11420	-11238	183	11435	11226
59284870	-1	347	1.255E-93	4	5260	6590	1766	47	0.516	9.722E-04	7	51	300	-6590	-6459	132	6623	6459
59284870	-1	347	1.255E-93	4	5260	6590	1780	78	0.530	6.360E-14	51	125	300	-6135	-5911	225	6159	5887
59284870	-1	347	1.255E-93	4	5260	6590	1787	122	0.701	6.867E-29	133	217	300	-5829	-5575	255	5880	5542
59284870	-1	347	1.255E-93	4	5260	6590	1790	116	0.629	3.960E-27	206	297	300	-5535	-5260	276	5538	5245
59287340	1	197	1.791E-48	2	9585	9979	224	107	0.869	1.963E-22	6	63	118	9585	9758	174	9450	10001
59287340	1	197	1.791E-48	2	9585	9979	223	91	0.782	2.386E-18	62	116	118	9815	9979	165	9713	9982
59296201	-1	301	8.832E-80	3	5260	6135	1780	87	0.539	5.947E-17	38	119	287	-6135	-5890	246	6159	5887
59296201	-1	301	8.832E-80	3	5260	6135	1787	112	0.691	2.555E-25	120	198	287	-5829	-5593	237	5880	5542
59296201	-1	301	8.832E-80	3	5260	6135	1790	106	0.583	1.084E-23	193	284	287	-5535	-5260	276	5538	5245
59314990	-1	349	3.138E-94	3	32351	34121	1109	67	0.425	2.406E-09	338	416	815	-34121	-33867	255	34250	33852
59314990	-1	349	3.138E-94	3	32351	34121	1137	223	0.478	5.353E-61	477	728	815	-33418	-32672	747	33430	32639
59314990	-1	349	3.138E-94	3	32351	34121	1141	119	0.664	5.147E-28	727	814	815	-32614	-32351	264	32635	32351
59315355	-1	288	7.235E-76	2	32672	34591	1104	173	0.566	1.565E-45	141	297	746	-34591	-34124	468	34591	34112
59315355	-1	288	7.235E-76	2	32672	34591	1137	246	0.522	6.602E-69	430	678	746	-33409	-32672	738	33430	32639
59320800	1	379	2.922E-103	3	9057	9958	213	209	0.965	3.796E-59	8	109	220	9057	9362	306	9012	9362
59320800	1	379	2.922E-103	3	9057	9958	224	107	0.763	2.684E-22	98	164	220	9558	9758	201	9450	10001
59320800	1	379	2.922E-103	3	9057	9958	223	75	0.744	5.597E-13	163	210	220	9815	9958	144	9713	9982
59341618	1	372	3.741E-101	3	9057	9973	213	206	0.951	4.756E-58	8	109	220	9057	9362	306	9012	9362
59341618	1	372	3.741E-101	3	9057	9973	224	101	0.728	2.140E-20	98	164	220	9558	9758	201	9450	10001
59341618	1	372	3.741E-101	3	9057	9973	223	77	0.700	1.146E-13	163	215	220	9815	9973	159	9713	9982
59368909	-1	515	3.355E-144	4	32672	35146	1095	118	0.401	8.964E-25	56	222	845	-35146	-34655	492	35506	34637
59368909	-1	515	3.355E-144	4	32672	35146	1104	189	0.610	2.761E-51	222	378	845	-34591	-34124	468	34591	34112
59368909	-1	515	3.355E-144	4	32672	35146	1109	53	0.427	1.377E-04	378	443	845	-34064	-33867	198	34250	33852
59368909	-1	515	3.355E-144	4	32672	35146	1137	222	0.485	1.003E-60	513	758	845	-33412	-32672	741	33430	32639
59371107	-1	195	7.166E-48	2	5263	5829	1787	99	0.696	8.695E-21	126	194	293	-5829	-5623	207	5880	5542
59371107	-1	195	7.166E-48	2	5263	5829	1790	105	0.610	2.803E-23	205	290	293	-5520	-5263	258	5538	5245
59380012	-1	229	4.171E-58	3	5593	6533	1766	34	0.624	3.846E+01	16	40	294	-6533	-6459	75	6623	6459
59380012	-1	229	4.171E-58	3	5593	6533	1780	83	0.523	1.416E-15	40	120	294	-6135	-5893	243	6159	5887
59380012	-1	229	4.171E-58	3	5593	6533	1787	113	0.667	1.358E-25	119	201	294	-5841	-5593	249	5880	5542
59389132	-1	768	2.318E-220	5	32351	35128	1095	173	0.563	2.530E-43	96	253	877	-35128	-34655	474	35506	34637
59389132	-1	768	2.318E-220	5	32351	35128	1104	201	0.643	1.562E-55	253	409	877	-34591	-34124	468	34591	34112
59389132	-1	768	2.318E-220	5	32351	35128	1118	41	0.396	3.808E-01	487	541	877	-33645	-33481	165	33723	33481
59389132	-1	768	2.318E-220	5	32351	35128	1137	298	0.610	4.556E-87	542	790	877	-33412	-32672	741	33430	32639
59389132	-1	768	2.318E-220	5	32351	35128	1141	129	0.715	9.988E-32	789	876	877	-32614	-32351	264	32635	32351
59390364	1	216	3.417E-54	1	9051	9359	213	216	0.984	1.764E-61	0	102	103	9051	9359	309	9012	9362
59451959	-1	678	2.869E-193	5	32672	35128	1095	139	0.461	9.935E-32	82	244	869	-35128	-34655	474	35506	34637
59451959	-1	678	2.869E-193	5	32672	35128	1104	187	0.605	1.337E-50	244	400	869	-34591	-34124	468	34591	34112
59451959	-1	678	2.869E-193	5	32672	35128	1109	54	0.425	5.400E-05	400	467	869	-34064	-33861	204	34250	33852
59451959	-1	678	2.869E-193	5	32672	35128	1118	54	0.500	7.643E-06	478	532	869	-33645	-33481	165	33723	33481
59451959	-1	678	2.869E-193	5	32672	35128	1137	250	0.528	2.853E-70	534	782	869	-33409	-32672	738	33430	32639
59463630	1	231	1.043E-58	3	27867	28459	660	148	0.742	4.696E-38	73	168	229	27867	28157	291	27864	28187
59463630	1	231	1.043E-58	3	27867	28459	662	33	0.701	7.136E+01	170	190	229	28229	28291	63	28148	28291
59463630	1	231	1.043E-58	3	27867	28459	665	48	0.683	2.108E-04	191	223	229	28361	28459	99	28331	28462
59466894	1	399	2.787E-109	3	9057	9958	213	213	0.981	1.611E-60	8	109	219	9057	9362	306	9012	9362
59466894	1	399	2.787E-109	3	9057	9958	224	108	0.768	1.435E-22	98	164	219	9558	9758	201	9450	10001
59466894	1	399	2.787E-109	3	9057	9958	223	90	0.878	3.276E-18	163	210	219	9815	9958	144	9713	9982
64656833	1	285	5.788E-75	2	9033	9758	213	202	0.875	1.121E-56	31	140	246	9033	9362	330	9012	9362
64656833	1	285	5.788E-75	2	9033	9758	224	94	0.686	4.327E-18	129	195	246	9558	9758	201	9450	10001
67056233	-1	862	1.170E-248	5	32672	35158	1095	214	0.639	1.983E-57	85	251	878	-35158	-34655	504	35506	34637
67056233	-1	862	1.170E-248	5	32672	35158	1104	205	0.648	1.251E-56	251	408	878	-34591	-34124	468	34591	34112
67056233	-1	862	1.170E-248	5	32672	35158	1109	71	0.558	7.606E-11	411	474	878	-34055	-33864	192	34250	33852
67056233	-1	862	1.170E-248	5	32672	35158	1118	61	0.564	2.500E-08	486	539	878	-33645	-33484	162	33723	33481
67056233	-1	862	1.170E-248	5	32672	35158	1137	319	0.646	2.600E-94	541	789	878	-33412	-32672	741	33430	32639
67792890	1	387	1.142E-105	3	9057	9967	213	212	0.976	4.156E-60	8	109	219	9057	9362	306	9012	9362
67792890	1	387	1.142E-105	3	9057	9967	224	106	0.761	3.670E-22	98	164	219	9558	9758	201	9450	10001
67792890	1	387	1.142E-105	3	9057	9967	223	81	0.759	3.503E-15	163	213	219	9815	9967	153	9713	9982
68122459	-1	343	2.008E-92	4	5260	6557	1766	44	0.626	1.258E-02	21	53	302	-6557	-6459	99	6623	6459
68122459	-1	343	2.008E-92	4	5260	6557	1780	81	0.548	5.033E-15	53	127	302	-6135	-5911	225	6159	5887
68122459	-1	343	2.008E-92	4	5260	6557	1787	116	0.697	1.082E-26	132	212	302	-5838	-5596	243	5880	5542
68122459	-1	343	2.008E-92	4	5260	6557	1790	109	0.591	1.182E-24	207	299	302	-5538	-5260	279	5538	5245
68197956	-1	345	5.021E-93	4	5260	6557	1766	44	0.626	1.258E-02	25	57	306	-6557	-6459	99	6623	6459
68197956	-1	345	5.021E-93	4	5260	6557	1780	77	0.525	1.199E-13	57	131	306	-6135	-5911	225	6159	5887
68197956	-1	345	5.021E-93	4	5260	6557	1787	124	0.741	1.413E-29	136	216	306	-5838	-5596	243	5880	5542
68197956	-1	345	5.021E-93	4	5260	6557	1790	107	0.582	5.755E-24	211	303	306	-5538	-5260	279	5538	5245
68313418	1	180	2.348E-43	2	20383	20969	479	144	0.687	2.424E-36	76	178	229	20383	20682	300	20377	20730
68313418	1	180	2.348E-43	2	20383	20969	483	49	0.686	5.866E-05	193	226	229	20868	20969	102	20838	20969
68322751	1	214	1.367E-53	1	9057	9362	213	214	0.983	1.174E-60	8	109	110	9057	9362	306	9012	9362
68834457	-1	676	1.148E-192	5	32672	35167	1095	138	0.416	1.843E-31	59	244	869	-35167	-34655	513	35506	34637
68834457	-1	676	1.148E-192	5	32672	35167	1104	186	0.603	2.512E-50	244	400	869	-34591	-34124	468	34591	34112
68834457	-1	676	1.148E-192	5	32672	35167	1109	54	0.430	5.400E-05	400	466	869	-34064	-33864	201	34250	33852
68834457	-1	676	1.148E-192	5	32672	35167	1118	56	0.515	1.559E-06	478	532	869	-33645	-33481	165	33723	33481
68834457	-1	676	1.148E-192	5	32672	35167	1137	249	0.528	3.906E-70	534	782	869	-33409	-32672	738	33430	32639
68854399	-1	298	7.066E-79	3	5263	6132	1780	89	0.555	1.219E-17	15	95	261	-6132	-5890	243	6159	5887
68854399	-1	298	7.066E-79	3	5263	6132	1787	108	0.672	4.399E-24	96	174	261	-5829	-5593	237	5880	5542
68854399	-1	298	7.066E-79	3	5263	6132	1790	101	0.578	9.126E-22	173	260	261	-5523	-5263	261	5538	5245
68981823	-1	301	8.832E-80	5	32351	35152	1095	138	0.450	2.511E-31	92	258	886	-35152	-34655	498	35506	34637
68981823	-1	301	8.832E-80	5	32351	35152	1104	196	0.654	9.437E-54	265	414	886	-34570	-34124	447	34591	34112
68981823	-1	301	8.832E-80	5	32351	35152	1109	60	0.478	4.964E-07	415	479	886	-34061	-33867	195	34250	33852
68981823	-1	301	8.832E-80	5	32351	35152	1118	46	0.472	4.427E-03	493	542	886	-33645	-33496	150	33723	33481
68981823	-1	301	8.832E-80	5	32351	35152	1141	129	0.715	9.988E-32	798	885	886	-32614	-32351	264	32635	32351
69411778	-1	347	1.255E-93	4	5260	6557	1766	44	0.631	9.136E-03	5	37	306	-6557	-6459	99	6623	6459
69411778	-1	347	1.255E-93	4	5260	6557	1780	96	0.584	2.154E-20	37	119	306	-6135	-5887	249	6159	5887
69411778	-1	347	1.255E-93	4	5260	6557	1787	122	0.744	9.421E-29	138	216	306	-5829	-5593	237	5880	5542
69411778	-1	347	1.255E-93	4	5260	6557	1790	104	0.582	7.247E-23	213	302	306	-5529	-5260	270	5538	5245
69492692	1	406	2.177E-111	3	9057	9979	213	217	0.997	6.835E-62	8	109	219	9057	9362	306	9012	9362
69492692	1	406	2.177E-111	3	9057	9979	224	108	0.768	1.435E-22	98	164	219	9558	9758	201	9450	10001
69492692	1	406	2.177E-111	3	9057	9979	223	93	0.797	4.891E-19	163	217	219	9815	9979	165	9713	9982
70121046	-1	137	2.065E-30	1	32792	33196	1137	137	0.529	1.526E-31	0	134	179	-33196	-32792	405	33430	32639
70308789	-1	278	7.409E-73	5	32351	35134	1095	127	0.434	1.039E-27	130	290	920	-35134	-34655	480	35506	34637
70308789	-1	278	7.409E-73	5	32351	35134	1104	175	0.570	1.721E-46	290	447	920	-34591	-34124	468	34591	34112
70308789	-1	278	7.409E-73	5	32351	35134	1109	57	0.460	4.436E-06	448	512	920	-34061	-33867	195	34250	33852
70308789	-1	278	7.409E-73	5	32351	35134	1118	52	0.496	5.152E-05	528	580	920	-33645	-33487	159	33723	33481
70308789	-1	278	7.409E-73	5	32351	35134	1141	128	0.709	2.582E-31	832	919	920	-32614	-32351	264	32635	32351
70323423	-1	382	3.653E-104	3	32351	34591	1104	176	0.575	9.158E-47	254	410	874	-34591	-34124	468	34591	34112
70323423	-1	382	3.653E-104	3	32351	34591	1137	222	0.484	1.372E-60	544	787	874	-33412	-32672	741	33430	32639
70323423	-1	382	3.653E-104	3	32351	34591	1141	117	0.656	1.826E-27	786	873	874	-32614	-32351	264	32635	32351
70413756	-1	382	3.653E-104	3	32351	34591	1104	184	0.592	2.286E-49	161	318	778	-34591	-34124	468	34591	34112
70413756	-1	382	3.653E-104	3	32351	34591	1137	221	0.496	1.878E-60	459	691	778	-33388	-32672	717	33430	32639
70413756	-1	382	3.653E-104	3	32351	34591	1141	117	0.654	2.506E-27	690	777	778	-32614	-32351	264	32635	32351
70998123	-1	343	2.008E-92	4	5260	6533	1766	36	0.673	4.049E+00	21	45	294	-6533	-6459	75	6623	6459
70998123	-1	343	2.008E-92	4	5260	6533	1780	78	0.532	4.632E-14	45	119	294	-6135	-5911	225	6159	5887
70998123	-1	343	2.008E-92	4	5260	6533	1787	122	0.728	9.421E-29	124	204	294	-5838	-5596	243	5880	5542
70998123	-1	343	2.008E-92	4	5260	6533	1790	114	0.612	2.646E-26	199	291	294	-5538	-5260	279	5538	5245
71518777	-1	626	1.292E-177	4	32351	35149	1095	166	0.526	6.863E-41	102	266	891	-35149	-34655	495	35506	34637
71518777	-1	626	1.292E-177	4	32351	35149	1104	195	0.626	2.432E-53	266	422	891	-34591	-34124	468	34591	34112
71518777	-1	626	1.292E-177	4	32351	35149	1137	268	0.557	1.501E-76	555	804	891	-33412	-32672	741	33430	32639
71518777	-1	626	1.292E-177	4	32351	35149	1141	128	0.711	1.881E-31	803	890	891	-32614	-32351	264	32635	32351
71855131	-1	341	8.033E-92	4	5254	6533	1766	40	0.735	2.252E-01	16	40	293	-6533	-6459	75	6623	6459
71855131	-1	341	8.033E-92	4	5254	6533	1780	85	0.536	2.113E-16	40	120	293	-6135	-5893	243	6159	5887
71855131	-1	341	8.033E-92	4	5254	6533	1787	109	0.671	1.704E-24	121	200	293	-5832	-5593	240	5880	5542
71855131	-1	341	8.033E-92	4	5254	6533	1790	106	0.586	1.488E-23	199	289	293	-5523	-5254	270	5538	5245
72094912	1	215	6.834E-54	2	9057	9952	213	201	0.930	2.893E-56	8	109	215	9057	9362	306	9012	9362
72094912	1	215	6.834E-54	2	9057	9952	223	66	0.691	6.007E-10	163	208	215	9815	9952	138	9713	9982
72255056	1	418	5.316E-115	3	9057	9979	213	219	1.000	1.408E-62	8	109	218	9057	9362	306	9012	9362
72255056	1	418	5.316E-115	3	9057	9979	224	108	0.773	7.674E-23	98	164	218	9558	9758	201	9450	10001
72255056	1	418	5.316E-115	3	9057	9979	223	103	0.877	1.292E-22	163	217	218	9815	9979	165	9713	9982
72478311	1	248	7.956E-64	4	20190	28462	471	32	0.618	7.577E+01	39	61	236	20190	20261	72	20190	20318
72478311	1	248	7.956E-64	4	20190	28462	660	144	0.729	1.522E-36	81	175	236	27870	28157	288	27864	28187
72478311	1	248	7.956E-64	4	20190	28462	662	38	0.817	7.871E-01	177	197	236	28229	28291	63	28148	28291
72478311	1	248	7.956E-64	4	20190	28462	665	49	0.676	1.112E-04	198	231	236	28361	28462	102	28331	28462
72924744	1	189	4.586E-46	2	27867	28291	660	151	0.752	7.041E-39	72	168	227	27867	28157	291	27864	28187
72924744	1	189	4.586E-46	2	27867	28291	662	37	0.768	1.497E+00	169	190	227	28226	28291	66	28148	28291
72932305	1	171	1.202E-40	2	27870	28459	660	138	0.705	1.275E-34	77	171	251	27870	28157	288	27864	28187
72932305	1	171	1.202E-40	2	27870	28459	665	54	0.766	1.268E-06	194	226	251	28361	28459	99	28331	28462
72952662	1	180	2.348E-43	2	20383	20969	479	144	0.687	2.424E-36	76	178	229	20383	20682	300	20377	20730
72952662	1	180	2.348E-43	2	20383	20969	483	49	0.686	5.866E-05	193	226	229	20868	20969	102	20838	20969
73145220	1	169	4.809E-40	2	27867	28462	660	138	0.669	1.275E-34	73	174	232	27867	28169	303	27864	28187
73145220	1	169	4.809E-40	2	27867	28462	665	46	0.635	1.439E-03	191	224	232	28361	28462	102	28331	28462
73167987	1	182	5.870E-44	2	27870	28459	660	147	0.701	8.838E-38	75	177	234	27870	28169	300	27864	28187
73167987	1	182	5.870E-44	2	27870	28459	665	48	0.688	1.531E-04	192	224	234	28361	28459	99	28331	28462
73494456	1	175	7.514E-42	2	20383	20966	479	138	0.669	2.025E-34	84	185	244	20383	20679	297	20377	20730
73494456	1	175	7.514E-42	2	20383	20966	483	51	0.724	1.633E-05	201	233	244	20868	20966	99	20838	20969
73495888	1	368	5.985E-100	3	9057	9973	213	205	0.945	1.683E-57	8	109	220	9057	9362	306	9012	9362
73495888	1	368	5.985E-100	3	9057	9973	224	101	0.726	2.925E-20	98	164	220	9558	9758	201	9450	10001
73495888	1	368	5.985E-100	3	9057	9973	223	74	0.674	1.449E-12	163	215	220	9815	9973	159	9713	9982
73609383	1	101	1.419E-19	1	9558	9758	224	101	0.728	2.140E-20	12	78	83	9558	9758	201	9450	10001
73609661	-1	94	1.817E-17	1	5254	5523	1790	94	0.534	2.729E-19	12	101	120	-5523	-5254	270	5538	5245
73621979	-1	132	6.609E-29	1	34655	35092	1095	132	0.477	1.892E-29	1	148	172	-35092	-34655	438	35506	34637
73647449	-1	324	1.053E-86	4	5260	6575	1766	33	0.427	7.322E+01	0	38	287	-6575	-6459	117	6623	6459
73647449	-1	324	1.053E-86	4	5260	6575	1780	84	0.530	5.471E-16	38	118	287	-6135	-5893	243	6159	5887
73647449	-1	324	1.053E-86	4	5260	6575	1787	111	0.677	6.598E-25	119	198	287	-5832	-5593	240	5880	5542
73647449	-1	324	1.053E-86	4	5260	6575	1790	99	0.549	4.446E-21	193	284	287	-5535	-5260	276	5538	5245
73663876	1	399	2.787E-109	3	9057	9973	213	214	0.986	6.242E-61	8	109	219	9057	9362	306	9012	9362
73663876	1	399	2.787E-109	3	9057	9973	224	109	0.779	4.103E-23	98	164	219	9558	9758	201	9450	10001
73663876	1	399	2.787E-109	3	9057	9973	223	88	0.786	2.195E-17	163	215	219	9815	9973	159	9713	9982
73689949	1	396	2.230E-108	3	9057	9958	213	218	1.000	2.649E-62	8	109	217	9057	9362	306	9012	9362
73689949	1	396	2.230E-108	3	9057	9958	224	105	0.751	1.283E-21	98	164	217	9558	9758	201	9450	10001
73689949	1	396	2.230E-108	3	9057	9958	223	85	0.829	2.772E-16	163	210	217	9815	9958	144	9713	9982
73693811	1	395	4.459E-108	3	9057	9964	213	217	0.996	9.375E-62	8	109	219	9057	9362	306	9012	9362
73693811	1	395	4.459E-108	3	9057	9964	224	110	0.784	2.193E-23	98	164	219	9558	9758	201	9450	10001
73693811	1	395	4.459E-108	3	9057	9964	223	80	0.762	9.069E-15	163	212	219	9815	9964	150	9713	9982
73700206	1	390	1.427E-106	3	9057	9979	213	213	0.981	1.611E-60	8	109	218	9057	9362	306	9012	9362
73700206	1	390	1.427E-106	3	9057	9979	224	104	0.748	1.754E-21	98	164	218	9558	9758	201	9450	10001
73700206	1	390	1.427E-106	3	9057	9979	223	85	0.736	2.772E-16	163	217	218	9815	9979	165	9713	9982
73743787	1	91	1.453E-16	1	25619	26104	607	91	0.338	1.079E-16	10	170	292	25619	26104	486	25553	26113
73769521	1	179	4.696E-43	2	20190	28172	471	49	0.577	1.054E-04	42	81	236	20190	20312	123	20190	20318
73769521	1	179	4.696E-43	2	20190	28172	660	129	0.622	1.840E-31	82	185	236	27870	28172	303	27864	28187
73783112	-1	242	5.092E-62	3	5260	6138	1780	89	0.546	8.879E-18	48	130	369	-6138	-5890	249	6159	5887
73783112	-1	242	5.092E-62	3	5260	6138	1787	108	0.583	8.281E-24	189	281	369	-5871	-5593	279	5880	5542
73783112	-1	242	5.092E-62	3	5260	6138	1790	103	0.589	1.365E-22	280	367	369	-5523	-5260	264	5538	5245
73786758	1	216	3.417E-54	1	9051	9359	213	216	0.985	1.286E-61	0	102	103	9051	9359	309	9012	9362
73788105	-1	301	8.832E-80	3	5260	6135	1780	84	0.532	3.984E-16	38	118	288	-6135	-5893	243	6159	5887
73788105	-1	301	8.832E-80	3	5260	6135	1787	113	0.690	9.895E-26	119	198	288	-5832	-5593	240	5880	5542
73788105	-1	301	8.832E-80	3	5260	6135	1790	108	0.589	4.193E-24	193	284	288	-5535	-5260	276	5538	5245
73805311	1	299	3.533E-79	2	9057	9788	213	209	0.963	5.207E-59	8	109	220	9057	9362	306	9012	9362
73805311	1	299	3.533E-79	2	9057	9788	224	101	0.647	2.140E-20	98	170	220	9558	9788	231	9450	10001
73820601	-1	330	1.645E-88	4	5251	6596	1766	48	0.501	3.724E-04	3	50	313	-6596	-6459	138	6623	6459
73820601	-1	330	1.645E-88	4	5251	6596	1780	76	0.533	4.263E-13	50	121	313	-6135	-5920	216	6159	5887
73820601	-1	330	1.645E-88	4	5251	6596	1787	120	0.691	3.338E-28	132	216	313	-5829	-5575	255	5880	5542
73820601	-1	330	1.645E-88	4	5251	6596	1790	106	0.563	1.084E-23	204	299	313	-5538	-5251	288	5538	5245
73823966	-1	52	7.990E-05	1	11238	11420	1662	52	0.445	3.146E-05	24	84	100	-11420	-11238	183	11435	11226
73845490	1	184	1.468E-44	2	9558	9973	224	104	0.743	3.279E-21	108	174	230	9558	9758	201	9450	10001
73845490	1	184	1.468E-44	2	9558	9973	223	81	0.735	3.503E-15	173	225	230	9815	9973	159	9713	9982
73856792	-1	287	1.447E-75	2	32672	34570	1104	175	0.593	3.234E-46	148	297	746	-34570	-34124	447	34591	34112
73856792	-1	287	1.447E-75	2	32672	34570	1137	243	0.518	4.347E-68	430	678	746	-33409	-32672	738	33430	32639
73881487	1	86	4.651E-15	1	25586	26104	607	86	0.303	4.515E-15	55	235	246	25586	26104	519	25553	26113
73883121	-1	435	4.056E-120	4	33496	35152	1095	138	0.450	2.511E-31	88	254	882	-35152	-34655	498	35506	34637
73883121	-1	435	4.056E-120	4	33496	35152	1104	196	0.653	1.294E-53	261	410	882	-34570	-34124	447	34591	34112
73883121	-1	435	4.056E-120	4	33496	35152	1109	61	0.481	3.630E-07	411	475	882	-34061	-33867	195	34250	33852
73883121	-1	435	4.056E-120	4	33496	35152	1118	43	0.371	5.644E-02	475	538	882	-33681	-33496	186	33723	33481
73910280	-1	113	3.465E-23	2	5908	6536	1766	33	0.591	7.322E+01	12	37	133	-6536	-6459	78	6623	6459
73910280	-1	113	3.465E-23	2	5908	6536	1780	80	0.535	1.303E-14	37	112	133	-6135	-5908	228	6159	5887
73920739	1	227	1.668E-57	3	27870	28459	660	151	0.718	3.741E-39	49	151	203	27870	28169	300	27864	28187
73920739	1	227	1.668E-57	3	27870	28459	662	33	0.710	5.168E+01	145	165	203	28229	28291	63	28148	28291
73920739	1	227	1.668E-57	3	27870	28459	665	48	0.678	2.903E-04	166	198	203	28361	28459	99	28331	28462
73976131	1	169	4.809E-40	2	9558	9973	224	98	0.708	2.606E-19	98	164	220	9558	9758	201	9450	10001
73976131	1	169	4.809E-40	2	9558	9973	223	72	0.661	5.155E-12	163	215	220	9815	9973	159	9713	9982
73999805	-1	88	1.163E-15	2	9057	9359	1711	55	0.467	5.708E-06	50	110	163	-9359	-9177	183	9443	9177
73999805	-1	88	1.163E-15	2	9057	9359	1713	34	0.445	3.488E+01	113	150	163	-9170	-9057	114	9173	9015
74010419	-1	383	1.826E-104	3	32672	34591	1104	176	0.575	9.158E-47	281	437	900	-34591	-34124	468	34591	34112
74010419	-1	383	1.826E-104	3	32672	34591	1109	53	0.420	1.881E-04	437	503	900	-34064	-33864	201	34250	33852
74010419	-1	383	1.826E-104	3	32672	34591	1137	219	0.479	1.234E-59	570	813	900	-33412	-32672	741	33430	32639
74011082	1	391	7.135E-107	3	9057	9979	213	213	0.981	1.611E-60	8	109	219	9057	9362	306	9012	9362
74011082	1	391	7.135E-107	3	9057	9979	224	108	0.773	7.674E-23	98	164	219	9558	9758	201	9450	10001
74011082	1	391	7.135E-107	3	9057	9979	223	82	0.718	1.858E-15	163	217	219	9815	9979	165	9713	9982
79120054	1	204	1.400E-50	1	9048	9362	213	204	0.919	2.309E-57	6	110	111	9048	9362	315	9012	9362
80135198	-1	203	2.799E-50	2	5272	5829	1787	104	0.651	1.039E-22	116	194	282	-5829	-5593	237	5880	5542
80135198	-1	203	2.799E-50	2	5272	5829	1790	102	0.595	3.530E-22	191	276	282	-5529	-5272	258	5538	5245
80244627	1	170	2.404E-40	2	9558	9973	224	98	0.708	2.606E-19	98	164	220	9558	9758	201	9450	10001
80244627	1	170	2.404E-40	2	9558	9973	223	73	0.665	3.754E-12	163	215	220	9815	9973	159	9713	9982
80392853	1	363	1.915E-98	3	9057	9967	213	204	0.942	3.167E-57	8	109	218	9057	9362	306	9012	9362
80392853	1	363	1.915E-98	3	9057	9967	224	97	0.703	4.867E-19	98	164	218	9558	9758	201	9450	10001
80392853	1	363	1.915E-98	3	9057	9967	223	74	0.700	1.056E-12	163	213	218	9815	9967	153	9713	9982
80442158	1	397	1.115E-108	3	9057	9958	213	213	0.981	1.611E-60	8	109	219	9057	9362	306	9012	9362
80442158	1	397	1.115E-108	3	9057	9958	224	107	0.766	1.963E-22	98	164	219	9558	9758	201	9450	10001
80442158	1	397	1.115E-108	3	9057	9958	223	89	0.864	1.164E-17	163	210	219	9815	9958	144	9713	9982
80776226	1	181	1.174E-43	2	27870	28459	660	145	0.736	4.296E-37	73	167	245	27870	28157	288	27864	28187
80776226	1	181	1.174E-43	2	27870	28459	665	57	0.802	1.357E-07	190	222	245	28361	28459	99	28331	28462
81258523	-1	355	4.903E-96	4	5254	6533	1766	39	0.714	5.896E-01	16	40	297	-6533	-6459	75	6623	6459
81258523	-1	355	4.903E-96	4	5254	6533	1780	95	0.590	5.573E-20	40	120	297	-6135	-5893	243	6159	5887
81258523	-1	355	4.903E-96	4	5254	6533	1787	107	0.666	1.136E-23	122	200	297	-5829	-5593	237	5880	5542
81258523	-1	355	4.903E-96	4	5254	6533	1790	115	0.618	1.024E-26	197	289	297	-5529	-5254	276	5538	5245
81934859	-1	304	1.104E-80	2	32351	33196	1137	181	0.536	1.946E-46	0	175	262	-33196	-32672	525	33430	32639
81934859	-1	304	1.104E-80	2	32351	33196	1141	124	0.688	8.397E-30	174	261	262	-32614	-32351	264	32635	32351
82145238	1	180	2.348E-43	2	20383	20969	479	139	0.666	1.476E-34	77	179	241	20383	20682	300	20377	20730
82145238	1	180	2.348E-43	2	20383	20969	483	54	0.741	1.745E-06	194	227	241	20868	20969	102	20838	20969
82319949	-1	246	3.182E-63	3	5593	6539	1766	42	0.725	3.290E-02	11	37	312	-6539	-6459	81	6623	6459
82319949	-1	246	3.182E-63	3	5593	6539	1780	83	0.555	7.511E-16	37	112	312	-6135	-5908	228	6159	5887
82319949	-1	246	3.182E-63	3	5593	6539	1787	123	0.725	5.006E-29	116	197	312	-5838	-5593	246	5880	5542
82680890	-1	431	6.489E-119	4	33490	35152	1095	130	0.412	1.203E-28	61	237	865	-35152	-34655	498	35506	34637
82680890	-1	431	6.489E-119	4	33490	35152	1104	201	0.643	1.562E-55	237	393	865	-34591	-34124	468	34591	34112
82680890	-1	431	6.489E-119	4	33490	35152	1109	61	0.486	1.940E-07	394	458	865	-34061	-33867	195	34250	33852
82680890	-1	431	6.489E-119	4	33490	35152	1118	47	0.448	3.221E-03	470	523	865	-33651	-33490	162	33723	33481
82930625	1	414	8.505E-114	3	9057	9979	213	218	1.000	2.649E-62	8	109	218	9057	9362	306	9012	9362
82930625	1	414	8.505E-114	3	9057	9979	224	106	0.758	5.018E-22	98	164	218	9558	9758	201	9450	10001
82930625	1	414	8.505E-114	3	9057	9979	223	102	0.871	2.434E-22	163	217	218	9815	9979	165	9713	9982
82986287	-1	578	3.637E-163	4	32351	35161	1095	143	0.447	2.427E-33	52	227	852	-35161	-34652	510	35506	34637
82986287	-1	578	3.637E-163	4	32351	35161	1104	192	0.632	2.213E-52	231	383	852	-34579	-34124	456	34591	34112
82986287	-1	578	3.637E-163	4	32351	35161	1137	254	0.535	1.232E-71	517	765	852	-33409	-32672	738	33430	32639
82986287	-1	578	3.637E-163	4	32351	35161	1141	123	0.687	1.152E-29	764	851	852	-32614	-32351	264	32635	32351
83047381	-1	399	2.787E-109	4	5251	6548	1766	46	0.713	1.844E-03	22	51	302	-6548	-6459	90	6623	6459
83047381	-1	399	2.787E-109	4	5251	6548	1780	102	0.619	2.551E-22	51	132	302	-6135	-5890	246	6159	5887
83047381	-1	399	2.787E-109	4	5251	6548	1787	121	0.732	1.773E-28	132	211	302	-5832	-5593	240	5880	5542
83047381	-1	399	2.787E-109	4	5251	6548	1790	130	0.697	8.393E-32	210	300	302	-5523	-5251	273	5538	5245
83471801	1	416	2.126E-114	3	9057	9979	213	219	1.000	1.408E-62	8	109	218	9057	9362	306	9012	9362
83471801	1	416	2.126E-114	3	9057	9979	224	108	0.773	7.674E-23	98	164	218	9558	9758	201	9450	10001
83471801	1	416	2.126E-114	3	9057	9979	223	101	0.865	4.587E-22	163	217	218	9815	9979	165	9713	9982
84530030	1	175	7.514E-42	2	20383	20966	479	138	0.662	2.777E-34	76	178	230	20383	20682	300	20377	20730
84530030	1	175	7.514E-42	2	20383	20966	483	50	0.714	3.095E-05	193	225	230	20868	20966	99	20838	20969
85058384	-1	292	4.522E-77	3	5260	6135	1780	81	0.510	5.033E-15	32	113	281	-6135	-5890	246	6159	5887
85058384	-1	292	4.522E-77	3	5260	6135	1787	108	0.672	4.399E-24	114	192	281	-5829	-5593	237	5880	5542
85058384	-1	292	4.522E-77	3	5260	6135	1790	107	0.587	5.755E-24	187	278	281	-5535	-5260	276	5538	5245
85366453	-1	347	1.255E-93	3	32672	34570	1104	173	0.592	8.329E-46	249	397	862	-34570	-34124	447	34591	34112
85366453	-1	347	1.255E-93	3	32672	34570	1109	62	0.507	1.418E-07	401	462	862	-34052	-33867	186	34250	33852
85366453	-1	347	1.255E-93	3	32672	34570	1137	186	0.428	2.438E-48	536	775	862	-33400	-32672	729	33430	32639
86986206	-1	332	4.113E-89	4	5260	6533	1766	43	0.790	1.734E-02	33	57	305	-6533	-6459	75	6623	6459
86986206	-1	332	4.113E-89	4	5260	6533	1780	70	0.483	4.962E-11	57	131	305	-6135	-5911	225	6159	5887
86986206	-1	332	4.113E-89	4	5260	6533	1787	118	0.708	2.225E-27	136	215	305	-5838	-5596	243	5880	5542
86986206	-1	332	4.113E-89	4	5260	6533	1790	108	0.583	4.193E-24	210	302	305	-5538	-5260	279	5538	5245
87102153	1	410	1.361E-112	3	9057	9976	213	215	0.989	3.318E-61	8	109	218	9057	9362	306	9012	9362
87102153	1	410	1.361E-112	3	9057	9976	224	111	0.794	6.267E-24	98	164	218	9558	9758	201	9450	10001
87102153	1	410	1.361E-112	3	9057	9976	223	96	0.838	2.822E-20	163	216	218	9815	9976	162	9713	9982
87492585	1	173	3.006E-41	2	20383	20966	479	141	0.717	2.215E-35	59	153	214	20383	20670	288	20377	20730
87492585	1	173	3.006E-41	2	20383	20966	483	53	0.745	4.549E-06	176	208	214	20868	20966	99	20838	20969
87681747	1	189	4.586E-46	2	27867	28291	660	151	0.755	3.741E-39	72	168	227	27867	28157	291	27864	28187
87681747	1	189	4.586E-46	2	27867	28291	662	37	0.768	1.497E+00	169	190	227	28226	28291	66	28148	28291
88021663	1	408	5.443E-112	3	9057	9979	213	219	1.000	1.931E-62	8	109	219	9057	9362	306	9012	9362
88021663	1	408	5.443E-112	3	9057	9979	224	108	0.768	1.435E-22	98	164	219	9558	9758	201	9450	10001
88021663	1	408	5.443E-112	3	9057	9979	223	93	0.801	3.563E-19	163	217	219	9815	9979	165	9713	9982
88030994	-1	270	1.897E-70	3	5248	6135	1780	70	0.455	2.631E-11	37	118	293	-6135	-5890	246	6159	5887
88030994	-1	270	1.897E-70	3	5248	6135	1787	110	0.551	1.242E-24	106	203	293	-5880	-5575	306	5880	5542
88030994	-1	270	1.897E-70	3	5248	6135	1790	109	0.598	8.610E-25	196	287	293	-5523	-5248	276	5538	5245
88067539	1	420	1.329E-115	3	9057	9979	213	218	0.999	4.983E-62	8	109	218	9057	9362	306	9012	9362
88067539	1	420	1.329E-115	3	9057	9979	224	109	0.781	3.000E-23	98	164	218	9558	9758	201	9450	10001
88067539	1	420	1.329E-115	3	9057	9979	223	105	0.893	2.649E-23	163	217	218	9815	9979	165	9713	9982
88084506	1	407	1.089E-111	3	9057	9973	213	219	1.000	1.931E-62	63	164	274	9057	9362	306	9012	9362
88084506	1	407	1.089E-111	3	9057	9973	224	113	0.801	2.449E-24	153	219	274	9558	9758	201	9450	10001
88084506	1	407	1.089E-111	3	9057	9973	223	87	0.779	4.137E-17	218	270	274	9815	9973	159	9713	9982
88088680	1	401	6.968E-110	3	9057	9976	213	218	0.999	4.983E-62	8	109	219	9057	9362	306	9012	9362
88088680	1	401	6.968E-110	3	9057	9976	224	106	0.756	6.862E-22	98	164	219	9558	9758	201	9450	10001
88088680	1	401	6.968E-110	3	9057	9976	223	89	0.779	1.164E-17	163	216	219	9815	9976	162	9713	9982
88099726	-1	681	3.587E-194	5	32672	35128	1095	142	0.461	8.369E-33	63	229	850	-35128	-34643	486	35506	34637
88099726	-1	681	3.587E-194	5	32672	35128	1104	183	0.594	3.134E-49	225	381	850	-34591	-34124	468	34591	34112
88099726	-1	681	3.587E-194	5	32672	35128	1109	58	0.440	2.374E-06	381	450	850	-34064	-33855	210	34250	33852
88099726	-1	681	3.587E-194	5	32672	35128	1118	48	0.454	9.021E-04	459	513	850	-33645	-33481	165	33723	33481
88099726	-1	681	3.587E-194	5	32672	35128	1137	258	0.542	3.884E-73	515	763	850	-33409	-32672	738	33430	32639
88111067	-1	337	1.285E-90	4	5263	6539	1766	42	0.725	3.290E-02	11	37	287	-6539	-6459	81	6623	6459
88111067	-1	337	1.285E-90	4	5263	6539	1780	83	0.555	7.511E-16	37	112	287	-6135	-5908	228	6159	5887
88111067	-1	337	1.285E-90	4	5263	6539	1787	123	0.725	5.006E-29	116	197	287	-5838	-5593	246	5880	5542
88111067	-1	337	1.285E-90	4	5263	6539	1790	95	0.528	7.687E-20	192	284	287	-5535	-5263	273	5538	5245
88113503	1	94	1.817E-17	1	25793	26107	607	94	0.473	8.928E-18	0	104	127	25793	26107	315	25553	26113
88138813	-1	360	1.532E-97	3	32672	34591	1104	179	0.582	1.380E-47	150	306	770	-34591	-34124	468	34591	34112
88138813	-1	360	1.532E-97	3	32672	34591	1109	60	0.470	6.789E-07	306	371	770	-34064	-33867	198	34250	33852
88138813	-1	360	1.532E-97	3	32672	34591	1137	192	0.439	1.629E-50	444	683	770	-33400	-32672	729	33430	32639
88158534	1	409	2.722E-112	3	9057	9979	213	219	1.000	1.931E-62	39	140	250	9057	9362	306	9012	9362
88158534	1	409	2.722E-112	3	9057	9979	224	108	0.768	1.435E-22	129	195	250	9558	9758	201	9450	10001
88158534	1	409	2.722E-112	3	9057	9979	223	94	0.810	1.377E-19	194	248	250	9815	9979	165	9713	9982
88174783	1	79	5.953E-13	1	25583	26038	607	79	0.314	8.831E-13	11	167	184	25583	26038	456	25553	26113
88178980	-1	189	4.586E-46	4	32351	35110	1095	126	0.446	2.616E-27	108	261	889	-35110	-34655	456	35506	34637
88178980	-1	189	4.586E-46	4	32351	35110	1104	191	0.616	5.702E-52	261	417	889	-34591	-34124	468	34591	34112
88178980	-1	189	4.586E-46	4	32351	35110	1109	60	0.478	4.964E-07	418	482	889	-34061	-33867	195	34250	33852
88178980	-1	189	4.586E-46	4	32351	35110	1141	127	0.704	6.673E-31	801	888	889	-32614	-32351	264	32635	32351
88196343	-1	53	3.995E-05	1	11238	11408	1662	53	0.477	1.209E-05	42	98	111	-11408	-11238	171	11435	11226
88202415	1	395	4.459E-108	3	9057	9979	213	220	1.000	5.457E-63	8	109	219	9057	9362	306	9012	9362
88202415	1	395	4.459E-108	3	9057	9979	224	111	0.794	6.267E-24	98	164	219	9558	9758	201	9450	10001
88202415	1	395	4.459E-108	3	9057	9979	223	76	0.669	2.968E-13	163	217	219	9815	9979	165	9713	9982
88221670	1	216	3.417E-54	1	9051	9359	213	216	0.985	1.286E-61	0	102	103	9051	9359	309	9012	9362
88292734	1	405	4.355E-111	3	9057	9979	213	218	0.999	4.983E-62	8	109	219	9057	9362	306	9012	9362
88292734	1	405	4.355E-111	3	9057	9979	224	108	0.768	1.435E-22	98	164	219	9558	9758	201	9450	10001
88292734	1	405	4.355E-111	3	9057	9979	223	91	0.785	1.738E-18	163	217	219	9815	9979	165	9713	9982
88293180	-1	345	5.021E-93	4	5260	6557	1766	44	0.626	1.258E-02	25	57	306	-6557	-6459	99	6623	6459
88293180	-1	345	5.021E-93	4	5260	6557	1780	76	0.516	4.263E-13	57	131	306	-6135	-5911	225	6159	5887
88293180	-1	345	5.021E-93	4	5260	6557	1787	124	0.743	1.030E-29	136	216	306	-5838	-5596	243	5880	5542
88293180	-1	345	5.021E-93	4	5260	6557	1790	108	0.583	4.193E-24	211	303	306	-5538	-5260	279	5538	5245
88320874	1	412	3.402E-113	3	9057	9982	213	218	0.999	4.983E-62	8	109	219	9057	9362	306	9012	9362
88320874	1	412	3.402E-113	3	9057	9982	224	110	0.786	1.604E-23	98	164	219	9558	9758	201	9450	10001
88320874	1	412	3.402E-113	3	9057	9982	223	96	0.809	3.875E-20	163	218	219	9815	9982	168	9713	9982
88324999	-1	277	1.482E-72	3	5257	6129	1780	72	0.475	1.016E-11	54	132	303	-6129	-5893	237	6159	5887
88324999	-1	277	1.482E-72	3	5257	6129	1787	102	0.633	5.050E-22	133	212	303	-5832	-5593	240	5880	5542
88324999	-1	277	1.482E-72	3	5257	6129	1790	102	0.584	3.530E-22	212	299	303	-5520	-5257	264	5538	5245
88327217	-1	257	1.554E-66	3	5263	6135	1780	69	0.510	9.358E-11	44	112	293	-6135	-5929	207	6159	5887
88327217	-1	257	1.554E-66	3	5263	6135	1787	112	0.656	2.555E-25	128	211	293	-5826	-5575	252	5880	5542
88327217	-1	257	1.554E-66	3	5263	6135	1790	101	0.563	9.126E-22	200	290	293	-5535	-5263	273	5538	5245
88332871	-1	706	1.069E-201	5	32351	35143	1095	141	0.460	1.140E-32	106	272	895	-35143	-34655	489	35506	34637
88332871	-1	706	1.069E-201	5	32351	35143	1104	205	0.655	1.251E-56	272	427	895	-34591	-34124	468	34591	34112
88332871	-1	706	1.069E-201	5	32351	35143	1118	51	0.486	1.338E-04	504	556	895	-33645	-33487	159	33723	33481
88332871	-1	706	1.069E-201	5	32351	35143	1137	258	0.542	5.319E-73	560	808	895	-33409	-32672	738	33430	32639
88332871	-1	706	1.069E-201	5	32351	35143	1141	127	0.706	4.862E-31	807	894	895	-32614	-32351	264	32635	32351
88345543	1	64	1.951E-08	1	26103	26372	612	64	0.385	9.592E-09	49	141	177	26103	26372	270	26070	26402
88349171	-1	209	4.374E-52	2	5263	5841	1787	100	0.782	3.367E-21	45	105	199	-5841	-5659	183	5880	5542
88349171	-1	209	4.374E-52	2	5263	5841	1790	109	0.638	8.610E-25	105	189	199	-5517	-5263	255	5538	5245
88362996	-1	49	6.392E-04	1	11238	11420	1662	49	0.428	2.132E-04	24	84	99	-11420	-11238	183	11435	11226
88404078	1	405	4.355E-111	3	9057	9976	213	218	0.999	4.983E-62	20	121	231	9057	9362	306	9012	9362
88404078	1	405	4.355E-111	3	9057	9976	224	108	0.768	1.435E-22	110	176	231	9558	9758	201	9450	10001
88404078	1	405	4.355E-111	3	9057	9976	223	91	0.798	1.738E-18	175	228	231	9815	9976	162	9713	9982
88415882	1	204	1.400E-50	2	9558	9973	224	111	0.791	8.572E-24	89	155	210	9558	9758	201	9450	10001
88415882	1	204	1.400E-50	2	9558	9973	223	94	0.837	1.377E-19	154	206	210	9815	9973	159	9713	9982
88423960	-1	274	1.185E-71	5	32351	35137	1095	122	0.420	4.163E-26	107	268	898	-35137	-34655	483	35506	34637
88423960	-1	274	1.185E-71	5	32351	35137	1104	183	0.591	3.134E-49	268	425	898	-34591	-34124	468	34591	34112
88423960	-1	274	1.185E-71	5	32351	35137	1109	58	0.466	2.374E-06	426	490	898	-34061	-33867	195	34250	33852
88423960	-1	274	1.185E-71	5	32351	35137	1118	44	0.435	2.173E-02	506	558	898	-33645	-33487	159	33723	33481
88423960	-1	274	1.185E-71	5	32351	35137	1141	128	0.711	1.881E-31	810	897	898	-32614	-32351	264	32635	32351
88474444	-1	358	6.129E-97	4	5260	6542	1766	38	0.616	1.120E+00	9	37	286	-6542	-6459	84	6623	6459
88474444	-1	358	6.129E-97	4	5260	6542	1780	90	0.557	3.431E-18	37	118	286	-6135	-5890	246	6159	5887
88474444	-1	358	6.129E-97	4	5260	6542	1787	120	0.734	4.579E-28	119	197	286	-5829	-5593	237	5880	5542
88474444	-1	358	6.129E-97	4	5260	6542	1790	109	0.616	1.622E-24	196	283	286	-5523	-5260	264	5538	5245
88477825	-1	370	1.496E-100	3	32672	34591	1104	177	0.576	6.680E-47	227	383	849	-34591	-34124	468	34591	34112
88477825	-1	370	1.496E-100	3	32672	34591	1109	61	0.484	2.654E-07	384	448	849	-34061	-33867	195	34250	33852
88477825	-1	370	1.496E-100	3	32672	34591	1137	198	0.444	1.484E-52	517	762	849	-33412	-32672	741	33430	32639
88552260	-1	243	2.546E-62	3	5551	6536	1766	42	0.743	4.533E-02	1	26	277	-6536	-6459	78	6623	6459
88552260	-1	243	2.546E-62	3	5551	6536	1780	89	0.553	6.467E-18	26	107	277	-6135	-5893	243	6159	5887
88552260	-1	243	2.546E-62	3	5551	6536	1787	113	0.616	7.212E-26	110	199	277	-5826	-5551	276	5880	5542
94163895	-1	387	1.142E-105	4	5251	6539	1766	42	0.725	3.290E-02	27	53	304	-6539	-6459	81	6623	6459
94163895	-1	387	1.142E-105	4	5251	6539	1780	93	0.574	2.718E-19	53	134	304	-6135	-5890	246	6159	5887
94163895	-1	387	1.142E-105	4	5251	6539	1787	122	0.738	6.867E-29	134	213	304	-5832	-5593	240	5880	5542
94163895	-1	387	1.142E-105	4	5251	6539	1790	130	0.699	6.116E-32	212	302	304	-5523	-5251	273	5538	5245
94274731	-1	196	3.583E-48	2	5269	5817	1787	103	0.671	3.681E-22	119	193	278	-5817	-5593	225	5880	5542
94274731	-1	196	3.583E-48	2	5269	5817	1790	94	0.559	2.729E-19	192	276	278	-5523	-5269	255	5538	5245
95130274	1	297	1.413E-78	2	9057	9758	213	210	0.966	2.768E-59	8	109	214	9057	9362	306	9012	9362
95130274	1	297	1.413E-78	2	9057	9758	224	100	0.705	3.999E-20	96	164	214	9552	9758	207	9450	10001
95688172	-1	283	2.315E-74	3	5263	6135	1780	78	0.494	6.360E-14	38	119	287	-6135	-5890	246	6159	5887
95688172	-1	283	2.315E-74	3	5263	6135	1787	105	0.655	5.521E-23	120	198	287	-5829	-5593	237	5880	5542
95688172	-1	283	2.315E-74	3	5263	6135	1790	104	0.577	7.247E-23	193	283	287	-5535	-5263	273	5538	5245
95764991	-1	374	9.352E-102	4	5260	6533	1766	40	0.742	1.634E-01	13	37	286	-6533	-6459	75	6623	6459
95764991	-1	374	9.352E-102	4	5260	6533	1780	98	0.596	8.325E-21	37	118	286	-6135	-5890	246	6159	5887
95764991	-1	374	9.352E-102	4	5260	6533	1787	122	0.744	9.421E-29	119	197	286	-5829	-5593	237	5880	5542
95764991	-1	374	9.352E-102	4	5260	6533	1790	115	0.635	1.024E-26	194	283	286	-5529	-5260	270	5538	5245
96411637	1	236	3.259E-60	3	20383	20966	479	146	0.738	4.990E-37	68	162	221	20383	20670	288	20377	20730
96411637	1	236	3.259E-60	3	20383	20966	480	35	0.729	4.617E+00	163	184	221	20733	20798	66	20682	20798
96411637	1	236	3.259E-60	3	20383	20966	483	53	0.745	4.549E-06	185	217	221	20868	20966	99	20838	20969
96639290	-1	302	4.416E-80	3	5260	6135	1780	92	0.567	7.033E-19	38	119	291	-6135	-5890	246	6159	5887
96639290	-1	302	4.416E-80	3	5260	6135	1787	98	0.646	1.193E-20	121	195	291	-5826	-5602	225	5880	5542
96639290	-1	302	4.416E-80	3	5260	6135	1790	111	0.609	3.331E-25	195	285	291	-5529	-5260	270	5538	5245
96946246	-1	313	2.156E-83	4	5260	6536	1766	35	0.630	1.062E+01	49	74	346	-6536	-6459	78	6623	6459
96946246	-1	313	2.156E-83	4	5260	6536	1780	76	0.415	2.261E-13	74	174	346	-6135	-5890	246	6159	5887
96946246	-1	313	2.156E-83	4	5260	6536	1787	101	0.675	1.789E-21	175	247	346	-5829	-5611	219	5880	5542
96946246	-1	313	2.156E-83	4	5260	6536	1790	102	0.577	4.845E-22	252	340	346	-5523	-5260	264	5538	5245
97146637	-1	348	6.276E-94	4	5263	6536	1766	41	0.723	1.186E-01	1	26	277	-6536	-6459	78	6623	6459
97146637	-1	348	6.276E-94	4	5263	6536	1780	81	0.510	5.033E-15	26	107	277	-6135	-5893	243	6159	5887
97146637	-1	348	6.276E-94	4	5263	6536	1787	114	0.702	5.257E-26	109	187	277	-5829	-5593	237	5880	5542
97146637	-1	348	6.276E-94	4	5263	6536	1790	115	0.629	1.024E-26	182	272	277	-5535	-5263	273	5538	5245
97435286	-1	671	3.673E-191	4	32672	35158	1095	214	0.639	1.983E-57	85	251	793	-35158	-34655	504	35506	34637
97435286	-1	671	3.673E-191	4	32672	35158	1104	205	0.648	1.251E-56	251	408	793	-34591	-34124	468	34591	34112
97435286	-1	671	3.673E-191	4	32672	35158	1109	71	0.558	7.606E-11	411	474	793	-34055	-33864	192	34250	33852
97435286	-1	671	3.673E-191	4	32672	35158	1137	226	0.621	4.348E-62	521	704	793	-33208	-32672	537	33430	32639
97802600	-1	188	9.172E-46	2	5263	5829	1787	96	0.679	7.952E-20	122	190	289	-5829	-5623	207	5880	5542
97802600	-1	188	9.172E-46	2	5263	5829	1790	104	0.623	7.247E-23	204	286	289	-5511	-5263	249	5538	5245
97822807	-1	328	6.581E-88	4	5266	6533	1766	37	0.679	2.936E+00	14	38	286	-6533	-6459	75	6623	6459
97822807	-1	328	6.581E-88	4	5266	6533	1780	83	0.528	7.511E-16	38	117	286	-6135	-5893	243	6159	5887
97822807	-1	328	6.581E-88	4	5266	6533	1787	115	0.710	1.484E-26	119	197	286	-5829	-5593	237	5880	5542
97822807	-1	328	6.581E-88	4	5266	6533	1790	96	0.547	2.973E-20	192	281	286	-5535	-5266	270	5538	5245
98455136	1	411	6.804E-113	3	9057	9979	213	219	1.000	1.931E-62	8	109	219	9057	9362	306	9012	9362
98455136	1	411	6.804E-113	3	9057	9979	224	108	0.768	1.435E-22	98	164	219	9558	9758	201	9450	10001
98455136	1	411	6.804E-113	3	9057	9979	223	96	0.822	3.875E-20	163	217	219	9815	9979	165	9713	9982
98546851	-1	679	1.435E-193	5	32672	35128	1095	135	0.452	1.602E-30	82	244	869	-35128	-34655	474	35506	34637
98546851	-1	679	1.435E-193	5	32672	35128	1104	185	0.599	8.873E-50	244	400	869	-34591	-34124	468	34591	34112
98546851	-1	679	1.435E-193	5	32672	35128	1109	55	0.432	3.952E-05	400	466	869	-34064	-33864	201	34250	33852
98546851	-1	679	1.435E-193	5	32672	35128	1118	52	0.404	3.748E-05	463	532	869	-33690	-33481	210	33723	33481
98546851	-1	679	1.435E-193	5	32672	35128	1137	252	0.533	3.163E-71	534	782	869	-33409	-32672	738	33430	32639
98639876	-1	575	2.910E-162	4	32672	35116	1095	146	0.496	3.786E-34	108	263	887	-35116	-34655	462	35506	34637
98639876	-1	575	2.910E-162	4	32672	35116	1104	200	0.636	5.517E-55	263	420	887	-34591	-34124	468	34591	34112
98639876	-1	575	2.910E-162	4	32672	35116	1109	59	0.468	1.736E-06	421	485	887	-34061	-33867	195	34250	33852
98639876	-1	575	2.910E-162	4	32672	35116	1137	228	0.484	9.051E-63	547	800	887	-33418	-32672	747	33430	32639
98812902	1	397	1.115E-108	3	9057	9958	213	213	0.981	1.611E-60	8	109	220	9057	9362	306	9012	9362
98812902	1	397	1.115E-108	3	9057	9958	224	108	0.768	1.435E-22	98	164	220	9558	9758	201	9450	10001
98812902	1	397	1.115E-108	3	9057	9958	223	88	0.857	2.195E-17	163	210	220	9815	9958	144	9713	9982
98981602	-1	338	6.426E-91	4	5260	6551	1766	44	0.666	9.136E-03	19	49	297	-6551	-6459	93	6623	6459
98981602	-1	338	6.426E-91	4	5260	6551	1780	75	0.482	8.038E-13	49	129	297	-6135	-5893	243	6159	5887
98981602	-1	338	6.426E-91	4	5260	6551	1787	123	0.644	2.659E-29	125	215	297	-5859	-5575	285	5880	5542
98981602	-1	338	6.426E-91	4	5260	6551	1790	111	0.600	2.427E-25	203	295	297	-5538	-5260	279	5538	5245
99515832	-1	571	4.656E-161	4	32672	35146	1095	147	0.470	1.096E-34	32	200	825	-35146	-34655	492	35506	34637
99515832	-1	571	4.656E-161	4	32672	35146	1104	191	0.615	7.817E-52	200	356	825	-34591	-34124	468	34591	34112
99515832	-1	571	4.656E-161	4	32672	35146	1118	49	0.460	4.775E-04	434	488	825	-33645	-33481	165	33723	33481
99515832	-1	571	4.656E-161	4	32672	35146	1137	258	0.543	2.837E-73	490	738	825	-33409	-32672	738	33430	32639
100327091	-1	238	8.146E-61	3	5593	6545	1766	43	0.673	1.734E-02	9	38	291	-6545	-6459	87	6623	6459
100327091	-1	238	8.146E-61	3	5593	6545	1780	85	0.534	2.902E-16	38	118	291	-6135	-5893	243	6159	5887
100327091	-1	238	8.146E-61	3	5593	6545	1787	109	0.671	1.704E-24	119	198	291	-5832	-5593	240	5880	5542
100451991	-1	353	1.961E-95	4	5260	6533	1766	46	0.845	1.339E-03	27	51	300	-6533	-6459	75	6623	6459
100451991	-1	353	1.961E-95	4	5260	6533	1780	81	0.510	5.033E-15	51	132	300	-6135	-5890	246	6159	5887
100451991	-1	353	1.961E-95	4	5260	6533	1787	126	0.643	3.988E-30	125	217	300	-5865	-5575	291	5880	5542
100451991	-1	353	1.961E-95	4	5260	6533	1790	117	0.634	1.532E-27	206	297	300	-5535	-5260	276	5538	5245
100622971	1	298	7.066E-79	2	9057	9979	213	213	0.988	2.209E-60	8	108	171	9057	9359	303	9012	9362
100622971	1	298	7.066E-79	2	9057	9979	223	91	0.785	1.738E-18	116	170	171	9815	9979	165	9713	9982
101161748	-1	687	5.604E-196	5	32351	34591	1104	199	0.638	7.563E-55	273	429	898	-34591	-34124	468	34591	34112
101161748	-1	687	5.604E-196	5	32351	34591	1109	55	0.423	2.116E-05	429	498	898	-34064	-33855	210	34250	33852
101161748	-1	687	5.604E-196	5	32351	34591	1118	55	0.505	4.046E-06	507	561	898	-33645	-33481	165	33723	33481
101161748	-1	687	5.604E-196	5	32351	34591	1137	259	0.544	2.072E-73	563	811	898	-33409	-32672	738	33430	32639
101161748	-1	687	5.604E-196	5	32351	34591	1141	124	0.692	4.458E-30	810	897	898	-32614	-32351	264	32635	32351
101173779	-1	395	4.459E-108	4	5260	6572	1766	46	0.542	1.339E-03	20	61	312	-6572	-6459	114	6623	6459
101173779	-1	395	4.459E-108	4	5260	6572	1780	94	0.580	1.050E-19	61	142	312	-6135	-5890	246	6159	5887
101173779	-1	395	4.459E-108	4	5260	6572	1787	122	0.736	9.421E-29	142	221	312	-5832	-5593	240	5880	5542
101173779	-1	395	4.459E-108	4	5260	6572	1790	135	0.729	9.995E-34	218	307	312	-5529	-5260	270	5538	5245
101388346	-1	323	2.106E-86	4	5266	6533	1766	37	0.679	2.936E+00	14	38	286	-6533	-6459	75	6623	6459
101388346	-1	323	2.106E-86	4	5266	6533	1780	81	0.517	3.666E-15	38	117	286	-6135	-5893	243	6159	5887
101388346	-1	323	2.106E-86	4	5266	6533	1787	116	0.670	1.082E-26	119	203	286	-5829	-5575	255	5880	5542
101388346	-1	323	2.106E-86	4	5266	6533	1790	98	0.555	8.375E-21	192	281	286	-5535	-5266	270	5538	5245
102210094	1	181	1.174E-43	2	20380	20969	479	143	0.676	6.256E-36	76	179	231	20380	20682	303	20377	20730
102210094	1	181	1.174E-43	2	20380	20969	483	51	0.701	2.248E-05	194	227	231	20868	20969	102	20838	20969
102211118	1	180	2.348E-43	2	20383	20969	479	144	0.687	2.424E-36	76	178	229	20383	20682	300	20377	20730
102211118	1	180	2.348E-43	2	20383	20969	483	49	0.686	5.866E-05	193	226	229	20868	20969	102	20838	20969
102261815	1	147	2.017E-33	2	20012	28169	465	39	0.768	1.528E-01	10	32	223	20012	20080	69	19997	20086
102261815	1	147	2.017E-33	2	20012	28169	660	145	0.697	5.895E-37	71	172	223	27870	28169	300	27864	28187
102344825	1	170	2.404E-40	3	20015	20798	465	39	0.808	1.109E-01	19	40	231	20015	20080	66	19997	20086
102344825	1	170	2.404E-40	3	20015	20798	479	138	0.669	2.025E-34	79	180	231	20383	20682	300	20377	20730
102344825	1	170	2.404E-40	3	20015	20798	480	37	0.760	1.275E+00	173	194	231	20733	20798	66	20682	20798
102357855	1	173	3.006E-41	2	27867	28459	660	141	0.712	1.015E-35	70	165	223	27867	28157	291	27864	28187
102357855	1	173	3.006E-41	2	27867	28459	665	53	0.755	2.402E-06	188	220	223	28361	28459	99	28331	28462
102493970	1	197	1.791E-48	2	27873	28291	660	163	0.820	3.894E-43	58	151	210	27873	28157	285	27864	28187
102493970	1	197	1.791E-48	2	27873	28291	662	33	0.718	3.744E+01	153	173	210	28229	28291	63	28148	28291
102560577	1	320	1.685E-85	2	9057	9758	213	219	1.000	1.931E-62	8	109	219	9057	9362	306	9012	9362
102560577	1	320	1.685E-85	2	9057	9758	224	112	0.799	3.349E-24	98	164	219	9558	9758	201	9450	10001
102565476	-1	49	6.392E-04	1	11238	11420	1662	49	0.425	2.932E-04	15	75	83	-11420	-11238	183	11435	11226
102641204	1	219	4.271E-55	1	9051	9359	213	219	0.995	1.931E-62	0	102	103	9051	9359	309	9012	9362
102656428	-1	279	3.705E-73	3	5260	6135	1780	78	0.497	8.733E-14	38	118	287	-6135	-5893	243	6159	5887
102656428	-1	279	3.705E-73	3	5260	6135	1787	108	0.626	4.399E-24	119	204	287	-5832	-5575	258	5880	5542
102656428	-1	279	3.705E-73	3	5260	6135	1790	101	0.568	9.126E-22	195	284	287	-5529	-5260	270	5538	5245
102704544	1	58	1.248E-06	1	26103	26369	612	58	0.361	1.091E-06	42	133	134	26103	26369	267	26070	26402
102715077	-1	543	1.250E-152	4	32672	35143	1095	137	0.456	4.658E-31	68	228	854	-35143	-34655	489	35506	34637
102715077	-1	543	1.250E-152	4	32672	35143	1104	182	0.591	8.073E-49	228	384	854	-34591	-34124	468	34591	34112
102715077	-1	543	1.250E-152	4	32672	35143	1118	48	0.451	1.240E-03	462	516	854	-33645	-33481	165	33723	33481
102715077	-1	543	1.250E-152	4	32672	35143	1137	250	0.527	2.084E-70	518	767	854	-33409	-32672	738	33430	32639
102734205	1	218	8.542E-55	1	9051	9359	213	218	0.990	4.983E-62	0	102	103	9051	9359	309	9012	9362
102771047	1	402	3.484E-110	3	9057	9979	213	216	0.994	1.286E-61	8	109	219	9057	9362	306	9012	9362
102771047	1	402	3.484E-110	3	9057	9979	224	109	0.779	4.103E-23	98	164	219	9558	9758	201	9450	10001
102771047	1	402	3.484E-110	3	9057	9979	223	89	0.767	1.164E-17	163	217	219	9815	9979	165	9713	9982
102811203	1	300	1.766E-79	2	9057	9758	213	211	0.969	1.471E-59	8	109	220	9057	9362	306	9012	9362
102811203	1	300	1.766E-79	2	9057	9758	224	100	0.721	5.465E-20	98	164	220	9558	9758	201	9450	10001
102854884	1	398	5.574E-109	3	9057	9979	213	217	0.997	6.835E-62	8	109	219	9057	9362	306	9012	9362
102854884	1	398	5.574E-109	3	9057	9979	224	111	0.794	6.267E-24	98	164	219	9558	9758	201	9450	10001
102854884	1	398	5.574E-109	3	9057	9979	223	82	0.715	2.551E-15	163	217	219	9815	9979	165	9713	9982
102884106	1	88	1.163E-15	1	25751	26104	607	88	0.414	6.987E-16	4	121	210	25751	26104	354	25553	26113
102906130	-1	55	9.988E-06	1	11238	11420	1662	55	0.464	3.379E-06	30	90	104	-11420	-11238	183	11435	11226
102917478	1	190	2.293E-46	2	9558	9973	224	102	0.731	1.566E-20	71	137	193	9558	9758	201	9450	10001
102917478	1	190	2.293E-46	2	9558	9973	223	89	0.795	8.479E-18	136	188	193	9815	9973	159	9713	9982
102925775	-1	236	3.259E-60	3	5593	6533	1766	40	0.742	1.634E-01	16	40	293	-6533	-6459	75	6623	6459
102925775	-1	236	3.259E-60	3	5593	6533	1780	84	0.530	5.471E-16	40	120	293	-6135	-5893	243	6159	5887
102925775	-1	236	3.259E-60	3	5593	6533	1787	111	0.680	4.809E-25	121	200	293	-5832	-5593	240	5880	5542
102928671	-1	266	3.035E-69	3	5263	6135	1780	63	0.447	7.938E-09	42	116	294	-6135	-5911	225	6159	5887
102928671	-1	266	3.035E-69	3	5263	6135	1787	111	0.687	4.809E-25	128	206	294	-5829	-5593	237	5880	5542
102928671	-1	266	3.035E-69	3	5263	6135	1790	108	0.589	4.193E-24	200	291	294	-5538	-5263	276	5538	5245
102958144	1	415	4.253E-114	3	9057	9982	213	216	0.994	1.286E-61	19	120	231	9057	9362	306	9012	9362
102958144	1	415	4.253E-114	3	9057	9982	224	113	0.801	2.449E-24	109	175	231	9558	9758	201	9450	10001
102958144	1	415	4.253E-114	3	9057	9982	223	98	0.830	4.216E-21	174	229	231	9815	9982	168	9713	9982
102962723	-1	238	8.146E-61	3	5593	6533	1766	42	0.762	6.245E-02	17	41	294	-6533	-6459	75	6623	6459
102962723	-1	238	8.146E-61	3	5593	6533	1780	87	0.548	3.155E-17	41	121	294	-6135	-5893	243	6159	5887
102962723	-1	238	8.146E-61	3	5593	6533	1787	108	0.663	6.036E-24	122	201	294	-5832	-5593	240	5880	5542
103003324	1	393	1.784E-107	3	9057	9976	213	219	1.000	1.931E-62	8	109	219	9057	9362	306	9012	9362
103003324	1	393	1.784E-107	3	9057	9976	224	107	0.766	1.963E-22	98	164	219	9558	9758	201	9450	10001
103003324	1	393	1.784E-107	3	9057	9976	223	79	0.701	3.224E-14	163	216	219	9815	9976	162	9713	9982
103004081	1	178	9.392E-43	2	27870	28291	660	151	0.718	3.741E-39	49	151	203	27870	28169	300	27864	28187
103004081	1	178	9.392E-43	2	27870	28291	662	33	0.710	5.168E+01	145	165	203	28229	28291	63	28148	28291
103004395	1	178	9.392E-43	2	27870	28291	660	151	0.718	3.741E-39	49	151	203	27870	28169	300	27864	28187
103004395	1	178	9.392E-43	2	27870	28291	662	33	0.710	5.168E+01	145	165	203	28229	28291	63	28148	28291
103004822	-1	232	5.214E-59	3	5593	6533	1766	34	0.624	3.846E+01	16	40	293	-6533	-6459	75	6623	6459
103004822	-1	232	5.214E-59	3	5593	6533	1780	83	0.523	1.416E-15	40	120	293	-6135	-5893	243	6159	5887
103004822	-1	232	5.214E-59	3	5593	6533	1787	114	0.694	5.257E-26	121	200	293	-5832	-5593	240	5880	5542
103022153	1	171	1.202E-40	2	9558	9973	224	98	0.708	2.606E-19	98	164	220	9558	9758	201	9450	10001
103022153	1	171	1.202E-40	2	9558	9973	223	74	0.674	1.449E-12	163	215	220	9815	9973	159	9713	9982
103049004	1	212	5.467E-53	1	9051	9359	213	212	0.968	4.156E-60	0	102	103	9051	9359	309	9012	9362
103066280	1	399	2.787E-109	3	9057	9979	213	213	0.981	1.611E-60	8	109	219	9057	9362	306	9012	9362
103066280	1	399	2.787E-109	3	9057	9979	224	107	0.766	1.963E-22	98	164	219	9558	9758	201	9450	10001
103066280	1	399	2.787E-109	3	9057	9979	223	91	0.782	2.386E-18	163	217	219	9815	9979	165	9713	9982
103093670	-1	602	2.168E-170	4	32351	35128	1095	151	0.499	9.182E-36	55	214	836	-35128	-34655	474	35506	34637
103093670	-1	602	2.168E-170	4	32351	35128	1104	182	0.590	1.107E-48	214	370	836	-34591	-34124	468	34591	34112
103093670	-1	602	2.168E-170	4	32351	35128	1137	280	0.586	6.403E-81	504	749	836	-33406	-32672	735	33430	32639
103093670	-1	602	2.168E-170	4	32351	35128	1141	121	0.675	7.701E-29	748	835	836	-32614	-32351	264	32635	32351
103094142	1	399	2.787E-109	3	9057	9958	213	218	1.000	2.649E-62	8	109	217	9057	9362	306	9012	9362
103094142	1	399	2.787E-109	3	9057	9958	224	105	0.751	1.283E-21	98	164	217	9558	9758	201	9450	10001
103094142	1	399	2.787E-109	3	9057	9958	223	88	0.857	2.195E-17	163	210	217	9815	9958	144	9713	9982
108608385	1	397	1.115E-108	3	9057	9958	213	213	0.981	1.611E-60	8	109	219	9057	9362	306	9012	9362
108608385	1	397	1.115E-108	3	9057	9958	224	108	0.768	1.435E-22	98	164	219	9558	9758	201	9450	10001
108608385	1	397	1.115E-108	3	9057	9958	223	88	0.857	2.195E-17	163	210	219	9815	9958	144	9713	9982
108805994	1	396	2.230E-108	3	9057	9973	213	214	0.983	1.174E-60	8	109	220	9057	9362	306	9012	9362
108805994	1	396	2.230E-108	3	9057	9973	224	102	0.731	1.566E-20	98	164	220	9558	9758	201	9450	10001
108805994	1	396	2.230E-108	3	9057	9973	223	92	0.821	6.715E-19	163	215	220	9815	9973	159	9713	9982
109146403	-1	694	4.378E-198	5	32351	35161	1095	146	0.470	2.778E-34	116	283	908	-35161	-34658	504	35506	34637
109146403	-1	694	4.378E-198	5	32351	35161	1104	188	0.634	7.113E-51	291	439	908	-34570	-34124	447	34591	34112
109146403	-1	694	4.378E-198	5	32351	35161	1118	52	0.482	5.152E-05	517	571	908	-33645	-33481	165	33723	33481
109146403	-1	694	4.378E-198	5	32351	35161	1137	263	0.551	6.527E-75	573	821	908	-33409	-32672	738	33430	32639
109146403	-1	694	4.378E-198	5	32351	35161	1141	125	0.696	2.367E-30	820	907	908	-32614	-32351	264	32635	32351
109312568	1	405	4.355E-111	3	9057	9979	213	215	0.989	3.318E-61	8	109	219	9057	9362	306	9012	9362
109312568	1	405	4.355E-111	3	9057	9979	224	110	0.784	2.193E-23	98	164	219	9558	9758	201	9450	10001
109312568	1	405	4.355E-111	3	9057	9979	223	92	0.794	6.715E-19	163	217	219	9815	9979	165	9713	9982
109384591	-1	522	2.621E-146	4	32351	35092	1095	123	0.446	1.656E-26	150	300	923	-35092	-34655	438	35506	34637
109384591	-1	522	2.621E-146	4	32351	35092	1104	171	0.561	7.575E-45	300	456	923	-34591	-34124	468	34591	34112
109384591	-1	522	2.621E-146	4	32351	35092	1137	238	0.510	2.579E-66	589	836	923	-33412	-32672	741	33430	32639
109384591	-1	522	2.621E-146	4	32351	35092	1141	121	0.675	7.701E-29	835	922	923	-32614	-32351	264	32635	32351
109776761	-1	199	4.479E-49	2	5593	6132	1780	90	0.563	3.431E-18	15	95	261	-6132	-5890	243	6159	5887
109776761	-1	199	4.479E-49	2	5593	6132	1787	108	0.672	4.399E-24	96	174	261	-5829	-5593	237	5880	5542
110045821	-1	275	5.927E-72	3	5260	6135	1780	86	0.532	8.166E-17	37	119	289	-6135	-5887	249	6159	5887
110045821	-1	275	5.927E-72	3	5260	6135	1787	100	0.655	3.367E-21	125	199	289	-5817	-5593	225	5880	5542
110045821	-1	275	5.927E-72	3	5260	6135	1790	99	0.544	4.446E-21	193	285	289	-5538	-5260	279	5538	5245
110991163	1	169	4.809E-40	2	20383	20969	479	133	0.653	1.233E-32	75	175	238	20383	20682	300	20377	20730
110991163	1	169	4.809E-40	2	20383	20969	483	51	0.701	2.248E-05	192	225	238	20868	20969	102	20838	20969
111232713	-1	288	7.235E-76	5	32351	35137	1095	128	0.437	5.613E-28	133	293	922	-35137	-34655	483	35506	34637
111232713	-1	288	7.235E-76	5	32351	35137	1104	192	0.614	4.159E-52	293	450	922	-34591	-34124	468	34591	34112
111232713	-1	288	7.235E-76	5	32351	35137	1109	56	0.450	1.549E-05	451	515	922	-34061	-33867	195	34250	33852
111232713	-1	288	7.235E-76	5	32351	35137	1118	51	0.489	9.733E-05	531	583	922	-33645	-33487	159	33723	33481
111232713	-1	288	7.235E-76	5	32351	35137	1141	121	0.677	5.611E-29	834	921	922	-32614	-32351	264	32635	32351
112441035	1	180	2.348E-43	2	20383	20966	479	139	0.669	7.844E-35	76	178	256	20383	20682	300	20377	20730
112441035	1	180	2.348E-43	2	20383	20966	483	54	0.760	1.745E-06	193	225	256	20868	20966	99	20838	20969
112580579	1	194	1.433E-47	2	9567	9979	224	108	0.800	1.435E-22	8	68	123	9567	9758	192	9450	10001
112580579	1	194	1.433E-47	2	9567	9979	223	87	0.755	4.137E-17	67	121	123	9815	9979	165	9713	9982
112746298	-1	106	4.435E-21	2	5257	6135	1780	78	0.474	8.733E-14	70	155	326	-6135	-5893	243	6159	5887
112746298	-1	106	4.435E-21	2	5257	6135	1790	103	0.574	1.365E-22	232	322	326	-5529	-5257	273	5538	5245
113532100	1	421	6.645E-116	3	9057	9979	213	219	1.000	1.408E-62	8	109	218	9057	9362	306	9012	9362
113532100	1	421	6.645E-116	3	9057	9979	224	108	0.773	7.674E-23	98	164	218	9558	9758	201	9450	10001
113532100	1	421	6.645E-116	3	9057	9979	223	106	0.905	7.461E-24	163	217	218	9815	9979	165	9713	9982
113948168	-1	576	1.455E-162	4	32672	35128	1095	136	0.455	6.344E-31	77	239	864	-35128	-34655	474	35506	34637
113948168	-1	576	1.455E-162	4	32672	35128	1104	189	0.610	2.761E-51	239	395	864	-34591	-34124	468	34591	34112
113948168	-1	576	1.455E-162	4	32672	35128	1109	57	0.435	4.436E-06	395	464	864	-34064	-33855	210	34250	33852
113948168	-1	576	1.455E-162	4	32672	35128	1137	256	0.540	1.365E-72	529	777	864	-33409	-32672	738	33430	32639
113959413	1	408	5.443E-112	3	9057	9973	213	219	1.000	1.931E-62	8	109	219	9057	9362	306	9012	9362
113959413	1	408	5.443E-112	3	9057	9973	224	108	0.768	1.435E-22	98	164	219	9558	9758	201	9450	10001
113959413	1	408	5.443E-112	3	9057	9973	223	93	0.824	4.891E-19	163	215	219	9815	9973	159	9713	9982
114224176	-1	353	1.961E-95	4	5260	6572	1766	46	0.579	2.539E-03	14	51	300	-6572	-6459	114	6623	6459
114224176	-1	353	1.961E-95	4	5260	6572	1780	83	0.557	1.416E-15	51	125	300	-6135	-5911	225	6159	5887
114224176	-1	353	1.961E-95	4	5260	6572	1787	121	0.697	1.293E-28	133	217	300	-5829	-5575	255	5880	5542
114224176	-1	353	1.961E-95	4	5260	6572	1790	119	0.640	5.927E-28	206	297	300	-5535	-5260	276	5538	5245
114678786	1	398	5.574E-109	3	9057	9958	213	217	0.996	9.375E-62	8	109	219	9057	9362	306	9012	9362
114678786	1	398	5.574E-109	3	9057	9958	224	104	0.748	1.754E-21	98	164	219	9558	9758	201	9450	10001
114678786	1	398	5.574E-109	3	9057	9958	223	89	0.868	8.479E-18	163	210	219	9815	9958	144	9713	9982
114801969	1	405	4.355E-111	3	9057	9979	213	217	0.997	6.835E-62	8	109	219	9057	9362	306	9012	9362
114801969	1	405	4.355E-111	3	9057	9979	224	109	0.779	4.103E-23	98	164	219	9558	9758	201	9450	10001
114801969	1	405	4.355E-111	3	9057	9979	223	91	0.788	1.266E-18	163	217	219	9815	9979	165	9713	9982
114996865	1	389	2.854E-106	3	9057	9964	213	217	0.996	9.375E-62	8	109	219	9057	9362	306	9012	9362
114996865	1	389	2.854E-106	3	9057	9964	224	108	0.773	7.674E-23	98	164	219	9558	9758	201	9450	10001
114996865	1	389	2.854E-106	3	9057	9964	223	76	0.725	2.968E-13	163	212	219	9815	9964	150	9713	9982
116153656	-1	695	2.189E-198	5	32351	35161	1095	148	0.475	5.899E-35	116	283	908	-35161	-34658	504	35506	34637
116153656	-1	695	2.189E-198	5	32351	35161	1104	188	0.634	7.113E-51	291	439	908	-34570	-34124	447	34591	34112
116153656	-1	695	2.189E-198	5	32351	35161	1118	52	0.482	5.152E-05	517	571	908	-33645	-33481	165	33723	33481
116153656	-1	695	2.189E-198	5	32351	35161	1137	262	0.549	1.676E-74	573	821	908	-33409	-32672	738	33430	32639
116153656	-1	695	2.189E-198	5	32351	35161	1141	125	0.696	2.367E-30	820	907	908	-32614	-32351	264	32635	32351
116677672	1	223	2.669E-56	3	20383	20966	479	142	0.679	1.177E-35	76	178	258	20383	20682	300	20377	20730
116677672	1	223	2.669E-56	3	20383	20966	480	32	0.693	6.086E+01	172	192	258	20736	20798	63	20682	20798
116677672	1	223	2.669E-56	3	20383	20966	483	54	0.760	1.745E-06	193	225	258	20868	20966	99	20838	20969
116770244	1	223	2.669E-56	3	20383	20966	479	134	0.684	8.989E-33	76	170	257	20383	20670	288	20377	20730
116770244	1	223	2.669E-56	3	20383	20966	480	33	0.710	3.192E+01	172	192	257	20736	20798	63	20682	20798
116770244	1	223	2.669E-56	3	20383	20966	483	54	0.760	1.745E-06	193	225	257	20868	20966	99	20838	20969
116787540	1	177	1.878E-42	2	27867	28459	660	145	0.726	8.087E-37	79	174	254	27867	28157	291	27864	28187
116787540	1	177	1.878E-42	2	27867	28459	665	53	0.755	2.402E-06	197	229	254	28361	28459	99	28331	28462
116850763	1	167	1.924E-39	2	20380	20966	479	135	0.685	2.539E-33	85	180	260	20380	20670	291	20377	20730
116850763	1	167	1.924E-39	2	20380	20966	483	53	0.745	4.549E-06	203	235	260	20868	20966	99	20838	20969
116932930	1	174	1.503E-41	2	20386	20798	479	138	0.711	2.025E-34	59	152	221	20386	20670	285	20377	20730
116932930	1	174	1.503E-41	2	20386	20798	480	35	0.759	4.617E+00	154	174	221	20736	20798	63	20682	20798
117085459	1	140	2.582E-31	2	20009	28169	465	38	0.718	4.001E-01	11	34	233	20009	20080	72	19997	20086
117085459	1	140	2.582E-31	2	20009	28169	660	139	0.684	6.772E-35	73	172	233	27870	28169	300	27864	28187
117116827	1	310	1.725E-82	2	9057	9761	213	214	0.983	1.174E-60	8	109	179	9057	9362	306	9012	9362
117116827	1	310	1.725E-82	2	9057	9761	224	107	0.754	2.684E-22	98	165	179	9558	9761	204	9450	10001
117131104	1	410	1.361E-112	3	9057	9973	213	219	1.000	1.931E-62	8	109	219	9057	9362	306	9012	9362
117131104	1	410	1.361E-112	3	9057	9973	224	111	0.789	1.172E-23	98	164	219	9558	9758	201	9450	10001
117131104	1	410	1.361E-112	3	9057	9973	223	92	0.817	9.220E-19	163	215	219	9815	9973	159	9713	9982
117183858	1	399	2.787E-109	3	9057	9958	213	213	0.981	1.611E-60	8	109	219	9057	9362	306	9012	9362
117183858	1	399	2.787E-109	3	9057	9958	224	108	0.768	1.435E-22	98	164	219	9558	9758	201	9450	10001
117183858	1	399	2.787E-109	3	9057	9958	223	90	0.875	4.498E-18	163	210	219	9815	9958	144	9713	9982
117202335	-1	347	1.255E-93	4	5260	6551	1766	46	0.699	1.339E-03	19	49	298	-6551	-6459	93	6623	6459
117202335	-1	347	1.255E-93	4	5260	6551	1780	80	0.541	1.303E-14	49	123	298	-6135	-5911	225	6159	5887
117202335	-1	347	1.255E-93	4	5260	6551	1787	125	0.715	7.507E-30	131	215	298	-5829	-5575	255	5880	5542
117202335	-1	347	1.255E-93	4	5260	6551	1790	112	0.609	1.288E-25	204	295	298	-5535	-5260	276	5538	5245
117235466	1	217	1.708E-54	1	9051	9359	213	217	0.987	9.375E-62	0	102	103	9051	9359	309	9012	9362
117259245	1	385	4.566E-105	3	9057	9964	213	213	0.979	2.209E-60	8	109	219	9057	9362	306	9012	9362
117259245	1	385	4.566E-105	3	9057	9964	224	103	0.741	4.482E-21	98	164	219	9558	9758	201	9450	10001
117259245	1	385	4.566E-105	3	9057	9964	223	81	0.773	3.503E-15	163	212	219	9815	9964	150	9713	9982
117288008	1	97	2.271E-18	1	9558	9758	224	97	0.703	4.867E-19	12	78	83	9558	9758	201	9450	10001
117299449	1	171	1.202E-40	2	9558	9973	224	98	0.708	2.606E-19	98	164	220	9558	9758	201	9450	10001
117299449	1	171	1.202E-40	2	9558	9973	223	74	0.677	1.056E-12	163	215	220	9815	9973	159	9713	9982
117315465	1	320	1.685E-85	2	9057	9758	213	220	1.000	5.457E-63	8	109	167	9057	9362	306	9012	9362
117315465	1	320	1.685E-85	2	9057	9758	224	111	0.794	6.267E-24	98	164	167	9558	9758	201	9450	10001
117316807	-1	276	2.964E-72	2	32351	33130	1137	158	0.536	1.432E-38	12	163	250	-33130	-32672	459	33430	32639
117316807	-1	276	2.964E-72	2	32351	33130	1141	119	0.666	3.750E-28	162	249	250	-32614	-32351	264	32635	32351
117334533	-1	159	4.924E-37	2	5593	6132	1780	60	0.409	1.004E-07	2	81	172	-6132	-5893	240	6159	5887
117334533	-1	159	4.924E-37	2	5593	6132	1787	98	0.610	1.636E-20	83	162	172	-5829	-5593	237	5880	5542
117338435	-1	385	4.566E-105	4	5260	6548	1766	40	0.633	1.634E-01	25	54	307	-6548	-6459	90	6623	6459
117338435	-1	385	4.566E-105	4	5260	6548	1780	100	0.608	1.244E-21	54	135	307	-6135	-5890	246	6159	5887
117338435	-1	385	4.566E-105	4	5260	6548	1787	119	0.714	8.618E-28	135	215	307	-5832	-5593	240	5880	5542
117338435	-1	385	4.566E-105	4	5260	6548	1790	128	0.688	4.085E-31	212	302	307	-5529	-5260	270	5538	5245
117341636	1	409	2.722E-112	3	9057	9976	213	222	1.000	1.124E-63	8	109	220	9057	9362	306	9012	9362
117341636	1	409	2.722E-112	3	9057	9976	224	108	0.771	1.049E-22	98	164	220	9558	9758	201	9450	10001
117341636	1	409	2.722E-112	3	9057	9976	223	91	0.795	2.386E-18	163	216	220	9815	9976	162	9713	9982
117349403	-1	255	6.215E-66	3	32915	34064	1109	54	0.445	5.400E-05	37	100	370	-34064	-33873	192	34250	33852
117349403	-1	255	6.215E-66	3	32915	34064	1118	51	0.486	1.338E-04	114	166	370	-33645	-33487	159	33723	33481
117349403	-1	255	6.215E-66	3	32915	34064	1137	164	0.523	7.126E-41	170	333	370	-33409	-32915	495	33430	32639
117356110	-1	332	4.113E-89	4	5251	6596	1766	48	0.501	3.724E-04	3	50	313	-6596	-6459	138	6623	6459
117356110	-1	332	4.113E-89	4	5251	6596	1780	76	0.533	4.263E-13	50	121	313	-6135	-5920	216	6159	5887
117356110	-1	332	4.113E-89	4	5251	6596	1787	118	0.681	1.622E-27	132	216	313	-5829	-5575	255	5880	5542
117356110	-1	332	4.113E-89	4	5251	6596	1790	105	0.571	3.847E-23	209	299	313	-5529	-5251	279	5538	5245
117425049	1	375	4.676E-102	3	9057	9973	213	207	0.955	2.528E-58	8	109	220	9057	9362	306	9012	9362
117425049	1	375	4.676E-102	3	9057	9973	224	101	0.728	2.140E-20	98	164	220	9558	9758	201	9450	10001
117425049	1	375	4.676E-102	3	9057	9973	223	79	0.719	1.710E-14	163	215	220	9815	9973	159	9713	9982
117437264	-1	282	4.631E-74	3	5266	6135	1780	89	0.549	1.219E-17	38	119	287	-6135	-5890	246	6159	5887
117437264	-1	282	4.631E-74	3	5266	6135	1787	100	0.593	2.454E-21	120	204	287	-5829	-5575	255	5880	5542
117437264	-1	282	4.631E-74	3	5266	6135	1790	95	0.582	1.055E-19	201	282	287	-5511	-5266	246	5538	5245
117446454	-1	56	4.994E-06	1	11226	11417	1662	56	0.458	9.448E-07	25	88	91	-11417	-11226	192	11435	11226
117446988	-1	55	9.988E-06	1	11238	11420	1662	55	0.464	3.379E-06	22	82	92	-11420	-11238	183	11435	11226
117482085	-1	344	1.004E-92	3	32351	34121	1109	67	0.425	2.406E-09	357	435	834	-34121	-33867	255	34250	33852
117482085	-1	344	1.004E-92	3	32351	34121	1137	221	0.475	2.570E-60	496	747	834	-33418	-32672	747	33430	32639
117482085	-1	344	1.004E-92	3	32351	34121	1141	116	0.650	4.721E-27	746	833	834	-32614	-32351	264	32635	32351
117486785	-1	266	3.035E-69	5	32351	35137	1095	111	0.392	1.632E-22	96	257	887	-35137	-34655	483	35506	34637
117486785	-1	266	3.035E-69	5	32351	35137	1104	187	0.601	1.833E-50	257	414	887	-34591	-34124	468	34591	34112
117486785	-1	266	3.035E-69	5	32351	35137	1109	56	0.450	1.549E-05	415	479	887	-34061	-33867	195	34250	33852
117486785	-1	266	3.035E-69	5	32351	35137	1118	45	0.438	1.581E-02	495	547	887	-33645	-33487	159	33723	33481
117486785	-1	266	3.035E-69	5	32351	35137	1141	128	0.711	1.881E-31	799	886	887	-32614	-32351	264	32635	32351
117531003	-1	231	1.043E-58	3	5593	6575	1766	36	0.467	4.049E+00	13	51	304	-6575	-6459	117	6623	6459
117531003	-1	231	1.043E-58	3	5593	6575	1780	89	0.555	1.219E-17	51	131	304	-6135	-5893	243	6159	5887
117531003	-1	231	1.043E-58	3	5593	6575	1787	105	0.648	5.521E-23	132	211	304	-5832	-5593	240	5880	5542
117561073	-1	786	8.842E-226	6	32351	35128	1095	141	0.466	2.117E-32	82	244	869	-35128	-34655	474	35506	34637
117561073	-1	786	8.842E-226	6	32351	35128	1104	173	0.568	8.329E-46	244	400	869	-34591	-34124	468	34591	34112
117561073	-1	786	8.842E-226	6	32351	35128	1109	56	0.428	1.133E-05	401	470	869	-34061	-33852	210	34250	33852
117561073	-1	786	8.842E-226	6	32351	35128	1118	49	0.387	3.474E-04	463	532	869	-33690	-33481	210	33723	33481
117561073	-1	786	8.842E-226	6	32351	35128	1137	250	0.529	2.084E-70	534	782	869	-33409	-32672	738	33430	32639
117561073	-1	786	8.842E-226	6	32351	35128	1141	120	0.669	1.991E-28	781	868	869	-32614	-32351	264	32635	32351
117564131	1	398	5.574E-109	3	9057	9979	213	216	0.991	2.419E-61	8	109	219	9057	9362	306	9012	9362
117564131	1	398	5.574E-109	3	9057	9979	224	109	0.781	3.000E-23	98	164	219	9558	9758	201	9450	10001
117564131	1	398	5.574E-109	3	9057	9979	223	85	0.739	2.019E-16	163	217	219	9815	9979	165	9713	9982
117588123	1	391	7.135E-107	3	9057	9970	213	219	1.000	1.931E-62	8	109	219	9057	9362	306	9012	9362
117588123	1	391	7.135E-107	3	9057	9970	224	112	0.799	3.349E-24	98	164	219	9558	9758	201	9450	10001
117588123	1	391	7.135E-107	3	9057	9970	223	72	0.669	7.079E-12	163	214	219	9815	9970	156	9713	9982
117594043	-1	196	3.583E-48	2	5269	5817	1787	103	0.671	3.681E-22	127	201	286	-5817	-5593	225	5880	5542
117594043	-1	196	3.583E-48	2	5269	5817	1790	94	0.559	2.729E-19	200	284	286	-5523	-5269	255	5538	5245
117618539	-1	226	3.337E-57	1	32672	33412	1137	226	0.492	3.176E-62	130	373	460	-33412	-32672	741	33430	32639
117634980	1	422	3.322E-116	3	9057	9979	213	219	1.000	1.408E-62	8	109	218	9057	9362	306	9012	9362
117634980	1	422	3.322E-116	3	9057	9979	224	108	0.773	7.674E-23	98	164	218	9558	9758	201	9450	10001
117634980	1	422	3.322E-116	3	9057	9979	223	107	0.908	5.435E-24	163	217	218	9815	9979	165	9713	9982
123504740	-1	568	3.725E-160	4	32351	35128	1095	151	0.488	6.734E-36	77	241	865	-35128	-34652	477	35506	34637
123504740	-1	568	3.725E-160	4	32351	35128	1104	178	0.603	1.892E-47	247	396	865	-34570	-34124	447	34591	34112
123504740	-1	568	3.725E-160	4	32351	35128	1137	254	0.536	8.998E-72	530	778	865	-33409	-32672	738	33430	32639
123504740	-1	568	3.725E-160	4	32351	35128	1141	120	0.678	1.451E-28	778	864	865	-32611	-32351	261	32635	32351
123992903	-1	166	3.847E-39	1	34124	34591	1104	166	0.546	2.432E-43	48	205	261	-34591	-34124	468	34591	34112
124733213	-1	381	7.306E-104	3	32351	34591	1104	183	0.591	3.134E-49	174	331	791	-34591	-34124	468	34591	34112
124733213	-1	381	7.306E-104	3	32351	34591	1137	221	0.496	1.878E-60	472	704	791	-33388	-32672	717	33430	32639
124733213	-1	381	7.306E-104	3	32351	34591	1141	117	0.654	2.506E-27	703	790	791	-32614	-32351	264	32635	32351
125652170	1	394	8.918E-108	3	9057	9964	213	220	1.000	5.457E-63	8	109	219	9057	9362	306	9012	9362
125652170	1	394	8.918E-108	3	9057	9964	224	109	0.781	3.000E-23	98	164	219	9558	9758	201	9450	10001
125652170	1	394	8.918E-108	3	9057	9964	223	77	0.735	1.146E-13	163	212	219	9815	9964	150	9713	9982
125793182	-1	190	2.293E-46	2	5575	6135	1780	87	0.544	5.947E-17	37	117	215	-6135	-5893	243	6159	5887
125793182	-1	190	2.293E-46	2	5575	6135	1787	108	0.585	6.036E-24	112	204	215	-5844	-5575	270	5880	5542
126030332	1	396	2.230E-108	3	9057	9979	213	220	1.000	5.457E-63	8	109	219	9057	9362	306	9012	9362
126030332	1	396	2.230E-108	3	9057	9979	224	111	0.794	6.267E-24	98	164	219	9558	9758	201	9450	10001
126030332	1	396	2.230E-108	3	9057	9979	223	77	0.678	1.146E-13	163	217	219	9815	9979	165	9713	9982
126049543	-1	348	6.276E-94	4	5254	6533	1766	39	0.714	5.896E-01	15	39	296	-6533	-6459	75	6623	6459
126049543	-1	348	6.276E-94	4	5254	6533	1780	97	0.598	1.569E-20	39	119	296	-6135	-5893	243	6159	5887
126049543	-1	348	6.276E-94	4	5254	6533	1787	104	0.651	1.039E-22	121	199	296	-5829	-5593	237	5880	5542
126049543	-1	348	6.276E-94	4	5254	6533	1790	109	0.589	1.622E-24	196	288	296	-5529	-5254	276	5538	5245
126077180	-1	394	8.918E-108	4	5251	6548	1766	44	0.685	9.136E-03	22	51	302	-6548	-6459	90	6623	6459
126077180	-1	394	8.918E-108	4	5251	6548	1780	95	0.584	5.573E-20	51	132	302	-6135	-5890	246	6159	5887
126077180	-1	394	8.918E-108	4	5251	6548	1787	122	0.738	6.867E-29	132	211	302	-5832	-5593	240	5880	5542
126077180	-1	394	8.918E-108	4	5251	6548	1790	135	0.708	1.372E-33	208	300	302	-5529	-5251	279	5538	5245
126553112	1	228	8.342E-58	2	9057	9958	213	209	0.965	3.796E-59	8	109	214	9057	9362	306	9012	9362
126553112	1	228	8.342E-58	2	9057	9958	223	71	0.706	1.833E-11	163	210	214	9815	9958	144	9713	9982
126689208	-1	578	3.637E-163	4	32351	35161	1095	146	0.455	2.778E-34	52	226	851	-35161	-34652	510	35506	34637
126689208	-1	578	3.637E-163	4	32351	35161	1104	192	0.631	3.034E-52	230	382	851	-34579	-34124	456	34591	34112
126689208	-1	578	3.637E-163	4	32351	35161	1137	252	0.533	3.163E-71	516	764	851	-33409	-32672	738	33430	32639
126689208	-1	578	3.637E-163	4	32351	35161	1141	122	0.681	2.979E-29	763	850	851	-32614	-32351	264	32635	32351
126716592	-1	354	9.806E-96	4	5260	6533	1766	40	0.742	1.634E-01	13	37	263	-6533	-6459	75	6623	6459
126716592	-1	354	9.806E-96	4	5260	6533	1780	98	0.596	8.325E-21	37	118	263	-6135	-5890	246	6159	5887
126716592	-1	354	9.806E-96	4	5260	6533	1787	98	0.817	1.193E-20	119	175	263	-5829	-5659	171	5880	5542
126716592	-1	354	9.806E-96	4	5260	6533	1790	116	0.663	5.435E-27	175	260	263	-5517	-5260	258	5538	5245
128576008	-1	563	1.192E-158	4	32672	35170	1095	147	0.464	1.096E-34	86	254	879	-35170	-34655	516	35506	34637
128576008	-1	563	1.192E-158	4	32672	35170	1104	192	0.617	4.159E-52	254	410	879	-34591	-34124	468	34591	34112
128576008	-1	563	1.192E-158	4	32672	35170	1109	61	0.457	2.654E-07	410	479	879	-34064	-33855	210	34250	33852
128576008	-1	563	1.192E-158	4	32672	35170	1137	226	0.489	5.951E-62	545	792	879	-33412	-32672	741	33430	32639
128633182	1	216	3.417E-54	1	9057	9362	213	216	0.992	1.764E-61	5	106	170	9057	9362	306	9012	9362
129035452	-1	202	5.598E-50	2	5272	5829	1787	107	0.666	1.136E-23	126	204	292	-5829	-5593	237	5880	5542
129035452	-1	202	5.598E-50	2	5272	5829	1790	98	0.575	8.375E-21	201	286	292	-5529	-5272	258	5538	5245
129766718	-1	691	3.503E-197	5	32351	34591	1104	192	0.618	3.034E-52	205	361	830	-34591	-34124	468	34591	34112
129766718	-1	691	3.503E-197	5	32351	34591	1109	59	0.450	1.270E-06	362	430	830	-34061	-33855	207	34250	33852
129766718	-1	691	3.503E-197	5	32351	34591	1118	49	0.463	3.474E-04	439	493	830	-33645	-33481	165	33723	33481
129766718	-1	691	3.503E-197	5	32351	34591	1137	269	0.560	8.004E-77	495	743	830	-33409	-32672	738	33430	32639
129766718	-1	691	3.503E-197	5	32351	34591	1141	126	0.702	9.158E-31	742	829	830	-32614	-32351	264	32635	32351
129930992	-1	227	1.668E-57	3	5593	6533	1766	36	0.666	5.583E+00	16	40	293	-6533	-6459	75	6623	6459
129930992	-1	227	1.668E-57	3	5593	6533	1780	88	0.545	2.298E-17	40	121	293	-6135	-5890	246	6159	5887
129930992	-1	227	1.668E-57	3	5593	6533	1787	102	0.640	5.050E-22	122	200	293	-5829	-5593	237	5880	5542
130315445	-1	385	4.566E-105	4	5251	6536	1766	40	0.710	2.252E-01	34	59	310	-6536	-6459	78	6623	6459
130315445	-1	385	4.566E-105	4	5251	6536	1780	95	0.584	5.573E-20	59	140	310	-6135	-5890	246	6159	5887
130315445	-1	385	4.566E-105	4	5251	6536	1787	122	0.736	9.421E-29	140	219	310	-5832	-5593	240	5880	5542
130315445	-1	385	4.566E-105	4	5251	6536	1790	128	0.690	2.977E-31	218	308	310	-5523	-5251	273	5538	5245
130345306	-1	343	2.008E-92	4	5260	6533	1766	43	0.783	2.388E-02	29	53	302	-6533	-6459	75	6623	6459
130345306	-1	343	2.008E-92	4	5260	6533	1780	79	0.534	3.373E-14	53	127	302	-6135	-5911	225	6159	5887
130345306	-1	343	2.008E-92	4	5260	6533	1787	117	0.701	5.747E-27	132	212	302	-5838	-5596	243	5880	5542
130345306	-1	343	2.008E-92	4	5260	6533	1790	111	0.598	3.331E-25	207	299	302	-5538	-5260	279	5538	5245
130357751	-1	221	1.068E-55	3	5608	6539	1766	38	0.649	1.545E+00	11	37	211	-6539	-6459	81	6623	6459
130357751	-1	221	1.068E-55	3	5608	6539	1780	79	0.505	2.457E-14	37	117	211	-6135	-5893	243	6159	5887
130357751	-1	221	1.068E-55	3	5608	6539	1787	113	0.631	9.895E-26	108	192	211	-5874	-5608	267	5880	5542
130417720	1	207	1.749E-51	1	9057	9362	213	207	0.956	1.843E-58	8	109	188	9057	9362	306	9012	9362
130426328	-1	274	1.185E-71	5	32351	35134	1095	124	0.419	6.583E-27	140	305	931	-35134	-34643	492	35506	34637
130426328	-1	274	1.185E-71	5	32351	35134	1104	178	0.589	2.593E-47	305	458	931	-34579	-34124	456	34591	34112
130426328	-1	274	1.185E-71	5	32351	35134	1109	59	0.463	1.736E-06	458	523	931	-34064	-33867	198	34250	33852
130426328	-1	274	1.185E-71	5	32351	35134	1118	47	0.454	3.221E-03	539	591	931	-33645	-33487	159	33723	33481
130426328	-1	274	1.185E-71	5	32351	35134	1141	128	0.709	2.582E-31	843	930	931	-32614	-32351	264	32635	32351
130632975	1	396	2.230E-108	3	9057	9964	213	219	1.000	1.408E-62	8	109	218	9057	9362	306	9012	9362
130632975	1	396	2.230E-108	3	9057	9964	224	112	0.799	3.349E-24	98	164	218	9558	9758	201	9450	10001
130632975	1	396	2.230E-108	3	9057	9964	223	77	0.732	1.574E-13	163	212	218	9815	9964	150	9713	9982
131166715	1	176	3.757E-42	3	20003	20969	465	38	0.670	4.001E-01	10	35	238	20003	20080	78	19997	20086
131166715	1	176	3.757E-42	3	20003	20969	479	136	0.671	1.349E-33	74	173	238	20383	20682	300	20377	20730
131166715	1	176	3.757E-42	3	20003	20969	483	52	0.716	8.619E-06	188	221	238	20868	20969	102	20838	20969
131245773	1	225	6.674E-57	3	27870	28459	660	139	0.710	4.936E-35	78	172	250	27870	28157	288	27864	28187
131245773	1	225	6.674E-57	3	27870	28459	662	32	0.693	9.853E+01	174	194	250	28229	28291	63	28148	28291
131245773	1	225	6.674E-57	3	27870	28459	665	52	0.740	6.262E-06	195	227	250	28361	28459	99	28331	28462
131409241	1	173	3.006E-41	2	20383	20969	479	137	0.659	5.226E-34	81	183	235	20383	20682	300	20377	20730
131409241	1	173	3.006E-41	2	20383	20969	483	49	0.686	5.866E-05	198	231	235	20868	20969	102	20838	20969
131428678	1	145	8.068E-33	1	20383	20682	479	145	0.690	1.288E-36	46	148	199	20383	20682	300	20377	20730
131455620	1	176	3.757E-42	3	20012	28291	465	37	0.731	7.604E-01	7	29	219	20012	20080	69	19997	20086
131455620	1	176	3.757E-42	3	20012	28291	660	148	0.710	4.696E-38	67	168	219	27870	28169	300	27864	28187
131455620	1	176	3.757E-42	3	20012	28291	662	34	0.705	1.965E+01	161	182	219	28226	28291	66	28148	28291
131685889	1	300	1.766E-79	2	9057	9788	213	212	0.976	4.156E-60	8	109	215	9057	9362	306	9012	9362
131685889	1	300	1.766E-79	2	9057	9788	224	99	0.634	1.395E-19	98	170	215	9558	9788	231	9450	10001
131688063	1	397	1.115E-108	3	9057	9958	213	211	0.971	1.073E-59	8	109	219	9057	9362	306	9012	9362
131688063	1	397	1.115E-108	3	9057	9958	224	108	0.768	1.435E-22	98	164	219	9558	9758	201	9450	10001
131688063	1	397	1.115E-108	3	9057	9958	223	90	0.878	3.276E-18	163	210	219	9815	9958	144	9713	9982
131692180	-1	602	2.168E-170	4	32351	35128	1095	151	0.499	9.182E-36	55	214	836	-35128	-34655	474	35506	34637
131692180	-1	602	2.168E-170	4	32351	35128	1104	182	0.590	1.107E-48	214	370	836	-34591	-34124	468	34591	34112
131692180	-1	602	2.168E-170	4	32351	35128	1137	280	0.586	6.403E-81	504	749	836	-33406	-32672	735	33430	32639
131692180	-1	602	2.168E-170	4	32351	35128	1141	121	0.675	7.701E-29	748	835	836	-32614	-32351	264	32635	32351
131729127	1	396	2.230E-108	3	9057	9958	213	213	0.981	1.611E-60	8	109	219	9057	9362	306	9012	9362
131729127	1	396	2.230E-108	3	9057	9958	224	108	0.768	1.435E-22	98	164	219	9558	9758	201	9450	10001
131729127	1	396	2.230E-108	3	9057	9958	223	87	0.850	4.137E-17	163	210	219	9815	9958	144	9713	9982
131783361	-1	167	1.924E-39	4	32351	35128	1095	117	0.409	3.055E-24	115	274	905	-35128	-34655	474	35506	34637
131783361	-1	167	1.924E-39	4	32351	35128	1104	178	0.577	2.593E-47	274	431	905	-34591	-34124	468	34591	34112
131783361	-1	167	1.924E-39	4	32351	35128	1109	63	0.499	4.050E-08	432	496	905	-34061	-33867	195	34250	33852
131783361	-1	167	1.924E-39	4	32351	35128	1141	126	0.700	1.257E-30	817	904	905	-32614	-32351	264	32635	32351
131789577	1	225	6.674E-57	2	9057	9958	213	205	0.945	1.683E-57	8	109	215	9057	9362	306	9012	9362
131789577	1	225	6.674E-57	2	9057	9958	223	73	0.736	3.754E-12	164	210	215	9818	9958	141	9713	9982
131803218	-1	56	4.994E-06	2	11232	11559	1659	34	0.654	3.531E+01	7	30	130	-11559	-11488	72	11562	11383
131803218	-1	56	4.994E-06	2	11232	11559	1662	48	0.412	7.635E-04	58	119	130	-11417	-11232	186	11435	11226
131818464	-1	105	8.871E-21	2	5251	6132	1780	82	0.524	2.670E-15	37	116	287	-6132	-5893	240	6159	5887
131818464	-1	105	8.871E-21	2	5251	6132	1790	98	0.540	8.375E-21	193	285	287	-5529	-5251	279	5538	5245
131836413	1	195	7.166E-48	2	9558	9973	224	102	0.736	8.377E-21	27	93	149	9558	9758	201	9450	10001
131836413	1	195	7.166E-48	2	9558	9973	223	94	0.840	1.003E-19	92	144	149	9815	9973	159	9713	9982
131876731	1	292	4.522E-77	2	9057	9758	213	205	0.947	1.227E-57	8	109	214	9057	9362	306	9012	9362
131876731	1	292	4.522E-77	2	9057	9758	224	100	0.705	3.999E-20	96	164	214	9552	9758	207	9450	10001
131879660	-1	302	4.416E-80	5	32351	35128	1095	137	0.465	4.658E-31	95	253	881	-35128	-34655	474	35506	34637
131879660	-1	302	4.416E-80	5	32351	35128	1104	190	0.611	2.014E-51	253	409	881	-34591	-34124	468	34591	34112
131879660	-1	302	4.416E-80	5	32351	35128	1109	57	0.458	6.065E-06	410	474	881	-34061	-33867	195	34250	33852
131879660	-1	302	4.416E-80	5	32351	35128	1118	49	0.460	4.775E-04	486	540	881	-33651	-33487	165	33723	33481
131879660	-1	302	4.416E-80	5	32351	35128	1141	127	0.706	4.862E-31	793	880	881	-32614	-32351	264	32635	32351
131886750	1	209	4.374E-52	1	9057	9362	213	209	0.963	5.207E-59	5	106	135	9057	9362	306	9012	9362
131897651	-1	673	9.182E-192	5	32672	35128	1095	143	0.463	4.507E-33	66	232	853	-35128	-34643	486	35506	34637
131897651	-1	673	9.182E-192	5	32672	35128	1104	182	0.590	1.107E-48	228	384	853	-34591	-34124	468	34591	34112
131897651	-1	673	9.182E-192	5	32672	35128	1109	57	0.433	6.065E-06	384	453	853	-34064	-33855	210	34250	33852
131897651	-1	673	9.182E-192	5	32672	35128	1118	51	0.479	7.081E-05	462	516	853	-33645	-33481	165	33723	33481
131897651	-1	673	9.182E-192	5	32672	35128	1137	248	0.526	7.322E-70	518	766	853	-33409	-32672	738	33430	32639
131958856	1	395	4.459E-108	3	9057	9973	213	217	0.997	6.835E-62	8	109	221	9057	9362	306	9012	9362
131958856	1	395	4.459E-108	3	9057	9973	224	101	0.728	2.140E-20	98	164	221	9558	9758	201	9450	10001
131958856	1	395	4.459E-108	3	9057	9973	223	89	0.792	1.164E-17	163	215	221	9815	9973	159	9713	9982
131966520	1	403	1.742E-110	3	9057	9979	213	215	0.989	3.318E-61	8	109	219	9057	9362	306	9012	9362
131966520	1	403	1.742E-110	3	9057	9979	224	110	0.784	2.193E-23	98	164	219	9558	9758	201	9450	10001
131966520	1	403	1.742E-110	3	9057	9979	223	90	0.779	3.276E-18	163	217	219	9815	9979	165	9713	9982
131986752	-1	195	7.166E-48	1	34124	34591	1104	195	0.626	2.432E-53	110	266	285	-34591	-34124	468	34591	34112
131987548	-1	49	6.392E-04	1	11238	11384	1662	49	0.500	4.034E-04	21	69	83	-11384	-11238	147	11435	11226
131990762	-1	55	9.988E-06	1	11238	11420	1662	55	0.464	3.379E-06	24	84	98	-11420	-11238	183	11435	11226
132049609	-1	850	4.793E-245	6	32351	35152	1095	138	0.450	2.511E-31	88	254	882	-35152	-34655	498	35506	34637
132049609	-1	850	4.793E-245	6	32351	35152	1104	194	0.648	4.570E-53	261	410	882	-34570	-34124	447	34591	34112
132049609	-1	850	4.793E-245	6	32351	35152	1109	61	0.481	3.630E-07	411	475	882	-34061	-33867	195	34250	33852
132049609	-1	850	4.793E-245	6	32351	35152	1118	43	0.371	5.644E-02	475	538	882	-33681	-33496	186	33723	33481
132049609	-1	850	4.793E-245	6	32351	35152	1137	291	0.595	1.312E-84	544	794	882	-33412	-32675	738	33430	32639
132049609	-1	850	4.793E-245	6	32351	35152	1141	128	0.711	1.881E-31	794	881	882	-32614	-32351	264	32635	32351
132069112	1	217	1.708E-54	1	9051	9359	213	217	0.989	6.835E-62	0	102	103	9051	9359	309	9012	9362
132088430	1	413	1.701E-113	3	9057	9979	213	220	1.000	1.027E-62	8	109	219	9057	9362	306	9012	9362
132088430	1	413	1.701E-113	3	9057	9979	224	109	0.776	5.611E-23	98	164	219	9558	9758	201	9450	10001
132088430	1	413	1.701E-113	3	9057	9979	223	96	0.825	2.822E-20	163	217	219	9815	9979	165	9713	9982
132102816	1	404	8.709E-111	3	9057	9979	213	217	0.997	6.835E-62	8	109	219	9057	9362	306	9012	9362
132102816	1	404	8.709E-111	3	9057	9979	224	108	0.768	1.435E-22	98	164	219	9558	9758	201	9450	10001
132102816	1	404	8.709E-111	3	9057	9979	223	91	0.788	1.266E-18	163	217	219	9815	9979	165	9713	9982
132111892	-1	400	1.394E-109	3	32672	34591	1104	193	0.620	1.614E-52	95	251	718	-34591	-34124	468	34591	34112
132111892	-1	400	1.394E-109	3	32672	34591	1109	57	0.450	8.290E-06	251	316	718	-34064	-33867	198	34250	33852
132111892	-1	400	1.394E-109	3	32672	34591	1137	220	0.485	3.518E-60	388	631	718	-33406	-32672	735	33430	32639
132123948	-1	399	2.787E-109	4	5251	6548	1766	48	0.742	3.724E-04	20	49	300	-6548	-6459	90	6623	6459
132123948	-1	399	2.787E-109	4	5251	6548	1780	101	0.614	4.807E-22	49	130	300	-6135	-5890	246	6159	5887
132123948	-1	399	2.787E-109	4	5251	6548	1787	121	0.730	2.433E-28	130	209	300	-5832	-5593	240	5880	5542
132123948	-1	399	2.787E-109	4	5251	6548	1790	129	0.695	1.152E-31	208	298	300	-5523	-5251	273	5538	5245
132141703	-1	661	3.761E-188	5	32351	35128	1095	136	0.453	1.177E-30	71	233	858	-35128	-34655	474	35506	34637
132141703	-1	661	3.761E-188	5	32351	35128	1104	183	0.594	3.134E-49	233	389	858	-34591	-34124	468	34591	34112
132141703	-1	661	3.761E-188	5	32351	35128	1118	47	0.445	2.343E-03	467	521	858	-33645	-33481	165	33723	33481
132141703	-1	661	3.761E-188	5	32351	35128	1137	253	0.534	1.687E-71	523	771	858	-33409	-32672	738	33430	32639
132141703	-1	661	3.761E-188	5	32351	35128	1141	116	0.652	3.440E-27	770	857	858	-32614	-32351	264	32635	32351
132160435	1	319	3.369E-85	2	9057	9764	213	219	1.000	1.408E-62	8	109	167	9057	9362	306	9012	9362
132160435	1	319	3.369E-85	2	9057	9764	224	111	0.771	8.572E-24	98	166	167	9558	9764	207	9450	10001
138286196	-1	353	1.961E-95	4	5260	6533	1766	46	0.845	1.339E-03	27	51	300	-6533	-6459	75	6623	6459
138286196	-1	353	1.961E-95	4	5260	6533	1780	81	0.510	5.033E-15	51	132	300	-6135	-5890	246	6159	5887
138286196	-1	353	1.961E-95	4	5260	6533	1787	126	0.643	3.988E-30	125	217	300	-5865	-5575	291	5880	5542
138286196	-1	353	1.961E-95	4	5260	6533	1790	117	0.634	1.532E-27	206	297	300	-5535	-5260	276	5538	5245
138495834	-1	293	2.261E-77	2	32672	34591	1104	173	0.564	1.142E-45	176	333	797	-34591	-34124	468	34591	34112
138495834	-1	293	2.261E-77	2	32672	34591	1137	252	0.536	3.163E-71	467	710	797	-33412	-32672	741	33430	32639
138728006	1	200	2.239E-49	2	9606	9979	224	98	0.899	2.606E-19	0	50	104	9606	9758	153	9450	10001
138728006	1	200	2.239E-49	2	9606	9979	223	103	0.880	9.409E-23	49	103	104	9815	9979	165	9713	9982
138916606	-1	281	9.261E-74	3	5260	6135	1780	77	0.494	1.199E-13	34	114	292	-6135	-5893	243	6159	5887
138916606	-1	281	9.261E-74	3	5260	6135	1787	103	0.610	3.681E-22	115	198	292	-5826	-5575	252	5880	5542
138916606	-1	281	9.261E-74	3	5260	6135	1790	109	0.605	1.622E-24	189	278	292	-5529	-5260	270	5538	5245
139251122	1	380	1.461E-103	3	9057	9973	213	210	0.966	2.768E-59	8	109	220	9057	9362	306	9012	9362
139251122	1	380	1.461E-103	3	9057	9973	224	100	0.723	3.999E-20	98	164	220	9558	9758	201	9450	10001
139251122	1	380	1.461E-103	3	9057	9973	223	82	0.738	2.551E-15	163	215	220	9815	9973	159	9713	9982
139312861	-1	372	3.741E-101	4	5260	6533	1766	40	0.742	1.634E-01	13	37	286	-6533	-6459	75	6623	6459
139312861	-1	372	3.741E-101	4	5260	6533	1780	98	0.596	8.325E-21	37	118	286	-6135	-5890	246	6159	5887
139312861	-1	372	3.741E-101	4	5260	6533	1787	122	0.744	9.421E-29	119	197	286	-5829	-5593	237	5880	5542
139312861	-1	372	3.741E-101	4	5260	6533	1790	113	0.627	3.631E-26	194	283	286	-5529	-5260	270	5538	5245
140152991	-1	672	1.836E-191	5	32672	35128	1095	135	0.452	1.602E-30	26	188	813	-35128	-34655	474	35506	34637
140152991	-1	672	1.836E-191	5	32672	35128	1104	184	0.597	1.667E-49	188	344	813	-34591	-34124	468	34591	34112
140152991	-1	672	1.836E-191	5	32672	35128	1109	59	0.457	1.736E-06	344	410	813	-34064	-33864	201	34250	33852
140152991	-1	672	1.836E-191	5	32672	35128	1118	52	0.482	5.152E-05	422	476	813	-33645	-33481	165	33723	33481
140152991	-1	672	1.836E-191	5	32672	35128	1137	249	0.528	3.906E-70	478	726	813	-33409	-32672	738	33430	32639
140794310	-1	345	5.021E-93	4	5260	6533	1766	44	0.797	1.258E-02	33	57	307	-6533	-6459	75	6623	6459
140794310	-1	345	5.021E-93	4	5260	6533	1780	76	0.521	2.261E-13	57	131	307	-6135	-5911	225	6159	5887
140794310	-1	345	5.021E-93	4	5260	6533	1787	124	0.741	1.413E-29	136	216	307	-5838	-5596	243	5880	5542
140794310	-1	345	5.021E-93	4	5260	6533	1790	108	0.583	4.193E-24	211	303	307	-5538	-5260	279	5538	5245
140872022	-1	347	1.255E-93	4	5260	6533	1766	44	0.804	9.136E-03	32	56	305	-6533	-6459	75	6623	6459
140872022	-1	347	1.255E-93	4	5260	6533	1780	79	0.539	1.789E-14	56	130	305	-6135	-5911	225	6159	5887
140872022	-1	347	1.255E-93	4	5260	6533	1787	115	0.693	2.036E-26	135	215	305	-5838	-5596	243	5880	5542
140872022	-1	347	1.255E-93	4	5260	6533	1790	116	0.623	3.960E-27	210	302	305	-5538	-5260	279	5538	5245
140952395	1	193	2.866E-47	2	9585	9952	224	105	0.854	9.382E-22	6	63	108	9585	9758	174	9450	10001
140952395	1	193	2.866E-47	2	9585	9952	223	89	0.905	6.176E-18	62	107	108	9815	9952	138	9713	9982
140989108	-1	291	9.044E-77	3	5260	6135	1780	80	0.505	9.489E-15	38	119	287	-6135	-5890	246	6159	5887
140989108	-1	291	9.044E-77	3	5260	6135	1787	107	0.666	1.136E-23	120	198	287	-5829	-5593	237	5880	5542
140989108	-1	291	9.044E-77	3	5260	6135	1790	108	0.589	4.193E-24	193	284	287	-5535	-5260	276	5538	5245
141324799	-1	341	8.033E-92	4	5260	6581	1766	44	0.528	9.136E-03	17	57	306	-6581	-6459	123	6623	6459
141324799	-1	341	8.033E-92	4	5260	6581	1780	72	0.499	5.389E-12	57	131	306	-6135	-5911	225	6159	5887
141324799	-1	341	8.033E-92	4	5260	6581	1787	124	0.741	1.413E-29	136	216	306	-5838	-5596	243	5880	5542
141324799	-1	341	8.033E-92	4	5260	6581	1790	108	0.583	4.193E-24	211	303	306	-5538	-5260	279	5538	5245
141682463	1	396	2.230E-108	3	9057	9958	213	213	0.981	1.611E-60	8	109	219	9057	9362	306	9012	9362
141682463	1	396	2.230E-108	3	9057	9958	224	108	0.768	1.435E-22	98	164	219	9558	9758	201	9450	10001
141682463	1	396	2.230E-108	3	9057	9958	223	87	0.846	5.681E-17	163	210	219	9815	9958	144	9713	9982
142004810	-1	240	2.037E-61	3	5593	6530	1766	40	0.762	2.252E-01	15	38	285	-6530	-6459	72	6623	6459
142004810	-1	240	2.037E-61	3	5593	6530	1780	91	0.559	2.499E-18	38	119	285	-6135	-5890	246	6159	5887
142004810	-1	240	2.037E-61	3	5593	6530	1787	108	0.672	4.399E-24	120	198	285	-5829	-5593	237	5880	5542
142297402	-1	260	1.942E-67	3	5551	6551	1766	40	0.616	1.634E-01	12	42	294	-6551	-6459	93	6623	6459
142297402	-1	260	1.942E-67	3	5551	6551	1780	96	0.588	2.957E-20	42	123	294	-6135	-5890	246	6159	5887
142297402	-1	260	1.942E-67	3	5551	6551	1787	124	0.653	1.413E-29	123	214	294	-5832	-5551	282	5880	5542
143473593	-1	212	5.467E-53	3	5551	6542	1766	35	0.592	1.062E+01	8	35	288	-6542	-6459	84	6623	6459
143473593	-1	212	5.467E-53	3	5551	6542	1780	83	0.601	7.511E-16	35	103	288	-6135	-5929	207	6159	5887
143473593	-1	212	5.467E-53	3	5551	6542	1787	106	0.576	2.933E-23	117	207	288	-5829	-5551	279	5880	5542
144170180	1	412	3.402E-113	3	9057	9979	213	220	1.000	5.457E-63	8	109	218	9057	9362	306	9012	9362
144170180	1	412	3.402E-113	3	9057	9979	224	108	0.771	1.049E-22	98	164	218	9558	9758	201	9450	10001
144170180	1	412	3.402E-113	3	9057	9979	223	96	0.828	2.056E-20	163	217	218	9815	9979	165	9713	9982
144340338	-1	397	1.115E-108	4	5254	6548	1766	43	0.673	1.734E-02	31	60	311	-6548	-6459	90	6623	6459
144340338	-1	397	1.115E-108	4	5254	6548	1780	101	0.612	6.599E-22	60	141	311	-6135	-5890	246	6159	5887
144340338	-1	397	1.115E-108	4	5254	6548	1787	124	0.751	1.030E-29	141	220	311	-5832	-5593	240	5880	5542
144340338	-1	397	1.115E-108	4	5254	6548	1790	131	0.698	2.367E-32	217	308	311	-5529	-5254	276	5538	5245
144632019	-1	211	1.093E-52	2	5263	5862	1787	123	0.670	5.006E-29	2	91	180	-5862	-5593	270	5880	5542
144632019	-1	211	1.093E-52	2	5263	5862	1790	93	0.524	7.056E-19	86	176	180	-5535	-5263	273	5538	5245
144886885	-1	341	8.033E-92	4	5260	6557	1766	42	0.600	6.245E-02	21	53	302	-6557	-6459	99	6623	6459
144886885	-1	341	8.033E-92	4	5260	6557	1780	80	0.541	1.303E-14	53	127	302	-6135	-5911	225	6159	5887
144886885	-1	341	8.033E-92	4	5260	6557	1787	115	0.693	2.036E-26	132	212	302	-5838	-5596	243	5880	5542
144886885	-1	341	8.033E-92	4	5260	6557	1790	111	0.601	1.768E-25	207	299	302	-5538	-5260	279	5538	5245
145416887	-1	542	2.499E-152	4	32672	35128	1095	130	0.438	1.203E-28	79	241	866	-35128	-34655	474	35506	34637
145416887	-1	542	2.499E-152	4	32672	35128	1104	178	0.580	2.593E-47	241	397	866	-34591	-34124	468	34591	34112
145416887	-1	542	2.499E-152	4	32672	35128	1109	52	0.408	2.568E-04	398	466	866	-34061	-33855	207	34250	33852
145416887	-1	542	2.499E-152	4	32672	35128	1137	243	0.518	4.347E-68	531	779	866	-33409	-32672	738	33430	32639
145632651	1	245	6.364E-63	4	20003	28459	465	40	0.693	4.237E-02	6	32	225	20003	20080	78	19997	20086
145632651	1	245	6.364E-63	4	20003	28459	660	149	0.745	2.495E-38	70	166	225	27867	28157	291	27864	28187
145632651	1	245	6.364E-63	4	20003	28459	662	36	0.744	3.929E+00	167	188	225	28226	28291	66	28148	28291
145632651	1	245	6.364E-63	4	20003	28459	665	53	0.750	3.305E-06	189	221	225	28361	28459	99	28331	28462
145656192	1	178	9.392E-43	2	27870	28462	660	141	0.691	1.911E-35	70	169	258	27870	28169	300	27864	28187
145656192	1	178	9.392E-43	2	27870	28462	665	50	0.691	4.261E-05	184	217	258	28361	28462	102	28331	28462
145712688	1	188	9.172E-46	2	27870	28291	660	153	0.767	1.449E-39	73	168	227	27870	28157	288	27864	28187
145712688	1	188	9.172E-46	2	27870	28291	662	34	0.743	1.424E+01	170	190	227	28229	28291	63	28148	28291
145968738	1	139	5.163E-31	1	27867	28169	660	139	0.568	9.291E-35	73	197	198	27867	28169	303	27864	28187
146025315	1	177	1.878E-42	2	20383	20969	479	141	0.674	3.039E-35	73	175	226	20383	20682	300	20377	20730
146025315	1	177	1.878E-42	2	20383	20969	483	49	0.686	5.866E-05	190	223	226	20868	20969	102	20838	20969
146069873	1	221	1.068E-55	3	27870	28459	660	142	0.679	7.400E-36	77	179	280	27870	28169	300	27864	28187
146069873	1	221	1.068E-55	3	27870	28459	662	33	0.673	7.136E+01	172	193	280	28226	28291	66	28148	28291
146069873	1	221	1.068E-55	3	27870	28459	665	52	0.735	8.619E-06	194	226	280	28361	28459	99	28331	28462
146115889	1	181	1.174E-43	2	20383	20966	479	143	0.682	6.256E-36	74	176	232	20383	20682	300	20377	20730
146115889	1	181	1.174E-43	2	20383	20966	483	51	0.724	1.633E-05	191	223	232	20868	20966	99	20838	20969
146178852	1	407	1.089E-111	3	9057	9979	213	218	1.000	2.649E-62	8	109	219	9057	9362	306	9012	9362
146178852	1	407	1.089E-111	3	9057	9979	224	108	0.768	1.435E-22	98	164	219	9558	9758	201	9450	10001
146178852	1	407	1.089E-111	3	9057	9979	223	93	0.801	3.563E-19	163	217	219	9815	9979	165	9713	9982
146185613	1	398	5.574E-109	3	9057	9958	213	213	0.981	1.611E-60	8	109	219	9057	9362	306	9012	9362
146185613	1	398	5.574E-109	3	9057	9958	224	107	0.766	1.963E-22	98	164	219	9558	9758	201	9450	10001
146185613	1	398	5.574E-109	3	9057	9958	223	90	0.878	3.276E-18	163	210	219	9815	9958	144	9713	9982
146204453	-1	248	7.956E-64	3	5593	6548	1766	42	0.662	3.290E-02	3	32	280	-6548	-6459	90	6623	6459
146204453	-1	248	7.956E-64	3	5593	6548	1780	93	0.577	3.732E-19	32	112	280	-6135	-5893	243	6159	5887
146204453	-1	248	7.956E-64	3	5593	6548	1787	114	0.709	5.257E-26	115	192	280	-5826	-5593	234	5880	5542
146243295	1	219	4.271E-55	1	9051	9359	213	219	0.997	1.408E-62	0	102	103	9051	9359	309	9012	9362
146279499	1	54	1.998E-05	1	26100	26318	612	54	0.401	3.496E-05	44	116	124	26100	26318	219	26070	26402
146284702	-1	140	2.582E-31	4	9090	9748	1700	33	0.561	1.293E+01	5	32	168	-9748	-9665	84	9748	9662
146284702	-1	140	2.582E-31	4	9090	9748	1701	37	0.828	4.111E-01	35	54	168	-9658	-9599	60	9658	9599
146284702	-1	140	2.582E-31	4	9090	9748	1711	40	0.320	7.151E-01	45	118	168	-9380	-9177	204	9443	9177
146284702	-1	140	2.582E-31	4	9090	9748	1713	40	0.693	1.479E-01	121	147	168	-9170	-9090	81	9173	9015
146289964	-1	285	5.788E-75	3	5260	6135	1780	76	0.490	2.261E-13	54	134	303	-6135	-5893	243	6159	5887
146289964	-1	285	5.788E-75	3	5260	6135	1787	111	0.689	3.505E-25	136	214	303	-5829	-5593	237	5880	5542
146289964	-1	285	5.788E-75	3	5260	6135	1790	102	0.565	2.572E-22	209	300	303	-5535	-5260	276	5538	5245
146293253	1	424	8.306E-117	3	9057	9979	213	220	1.000	5.457E-63	8	109	218	9057	9362	306	9012	9362
146293253	1	424	8.306E-117	3	9057	9979	224	111	0.791	8.572E-24	98	164	218	9558	9758	201	9450	10001
146293253	1	424	8.306E-117	3	9057	9979	223	105	0.896	1.930E-23	163	217	218	9815	9979	165	9713	9982
146293883	1	402	3.484E-110	3	9057	9958	213	217	0.996	9.375E-62	8	109	219	9057	9362	306	9012	9362
146293883	1	402	3.484E-110	3	9057	9958	224	106	0.761	3.670E-22	98	164	219	9558	9758	201	9450	10001
146293883	1	402	3.484E-110	3	9057	9958	223	91	0.885	1.738E-18	163	210	219	9815	9958	144	9713	9982
146306434	1	392	3.567E-107	3	9057	9973	213	209	0.965	3.796E-59	5	106	217	9057	9362	306	9012	9362
146306434	1	392	3.567E-107	3	9057	9973	224	106	0.758	5.018E-22	95	161	217	9558	9758	201	9450	10001
146306434	1	392	3.567E-107	3	9057	9973	223	89	0.798	6.176E-18	160	212	217	9815	9973	159	9713	9982
146354972	1	401	6.968E-110	3	9057	9979	213	213	0.979	2.209E-60	8	109	219	9057	9362	306	9012	9362
146354972	1	401	6.968E-110	3	9057	9979	224	108	0.768	1.435E-22	98	164	219	9558	9758	201	9450	10001
146354972	1	401	6.968E-110	3	9057	9979	223	92	0.794	6.715E-19	163	217	219	9815	9979	165	9713	9982
146355914	-1	321	8.423E-86	4	5260	6575	1766	33	0.427	7.322E+01	0	38	291	-6575	-6459	117	6623	6459
146355914	-1	321	8.423E-86	4	5260	6575	1780	86	0.532	8.166E-17	38	120	291	-6135	-5887	249	6159	5887
146355914	-1	321	8.423E-86	4	5260	6575	1787	109	0.674	3.207E-24	124	202	291	-5829	-5593	237	5880	5542
146355914	-1	321	8.423E-86	4	5260	6575	1790	99	0.549	4.446E-21	197	288	291	-5535	-5260	276	5538	5245
146375630	1	401	6.968E-110	3	9057	9979	213	219	1.000	1.931E-62	8	109	219	9057	9362	306	9012	9362
146375630	1	401	6.968E-110	3	9057	9979	224	109	0.779	4.103E-23	98	164	219	9558	9758	201	9450	10001
146375630	1	401	6.968E-110	3	9057	9979	223	85	0.736	2.772E-16	163	217	219	9815	9979	165	9713	9982
146385376	-1	299	3.533E-79	3	5251	6135	1780	76	0.486	2.261E-13	42	122	294	-6135	-5890	246	6159	5887
146385376	-1	299	3.533E-79	3	5251	6135	1787	112	0.644	2.555E-25	122	207	294	-5832	-5575	258	5880	5542
146385376	-1	299	3.533E-79	3	5251	6135	1790	118	0.642	1.116E-27	200	290	294	-5523	-5251	273	5538	5245
146400973	-1	356	2.451E-96	2	32351	33409	1137	239	0.515	1.376E-66	134	374	461	-33409	-32672	738	33430	32639
146400973	-1	356	2.451E-96	2	32351	33409	1141	118	0.660	9.694E-28	373	460	461	-32614	-32351	264	32635	32351
146401633	-1	193	2.866E-47	2	5263	5829	1787	99	0.565	6.338E-21	120	206	288	-5829	-5563	267	5880	5542
146401633	-1	193	2.866E-47	2	5263	5829	1790	102	0.597	2.572E-22	198	283	288	-5520	-5263	258	5538	5245
146529411	-1	55	9.988E-06	1	11238	11420	1662	55	0.467	2.457E-06	8	68	82	-11420	-11238	183	11435	11226
146530276	-1	53	3.995E-05	1	11238	11420	1662	53	0.450	1.663E-05	24	84	98	-11420	-11238	183	11435	11226
146531316	-1	57	2.497E-06	2	11238	11556	1659	33	0.525	9.261E+01	1	30	122	-11556	-11467	90	11562	11383
146531316	-1	57	2.497E-06	2	11238	11556	1662	42	0.377	1.262E-01	50	109	122	-11417	-11238	180	11435	11226
146531622	-1	52	7.990E-05	1	11238	11420	1662	52	0.445	3.146E-05	11	71	85	-11420	-11238	183	11435	11226
146532416	-1	270	1.897E-70	3	5263	6135	1780	74	0.545	1.104E-12	31	99	283	-6135	-5929	207	6159	5887
146532416	-1	270	1.897E-70	3	5263	6135	1787	107	0.663	1.559E-23	117	195	283	-5829	-5593	237	5880	5542
146532416	-1	270	1.897E-70	3	5263	6135	1790	108	0.609	2.226E-24	192	280	283	-5529	-5263	267	5538	5245
146533721	-1	105	8.871E-21	2	5248	6135	1780	83	0.518	1.416E-15	37	118	294	-6135	-5890	246	6159	5887
146533721	-1	105	8.871E-21	2	5248	6135	1790	99	0.544	4.446E-21	197	289	294	-5523	-5248	276	5538	5245
146534350	-1	193	2.866E-47	2	5269	5817	1787	98	0.646	1.193E-20	119	193	278	-5817	-5593	225	5880	5542
146534350	-1	193	2.866E-47	2	5269	5817	1790	96	0.573	2.973E-20	192	276	278	-5523	-5269	255	5538	5245
146551644	-1	133	3.305E-29	3	9588	9957	1694	45	0.702	1.430E-03	12	41	118	-9957	-9868	90	9981	9868
146551644	-1	133	3.305E-29	3	9588	9957	1697	31	0.894	5.291E+01	44	58	118	-9861	-9817	45	9864	9817
146551644	-1	133	3.305E-29	3	9588	9957	1702	59	0.574	4.558E-08	57	107	118	-9740	-9588	153	9767	9588
146564495	-1	288	7.235E-76	2	32672	34591	1104	175	0.573	1.721E-46	141	297	746	-34591	-34124	468	34591	34112
146564495	-1	288	7.235E-76	2	32672	34591	1137	244	0.518	3.176E-68	430	678	746	-33409	-32672	738	33430	32639
146564628	-1	327	1.316E-87	4	5260	6539	1766	40	0.693	1.634E-01	11	37	287	-6539	-6459	81	6623	6459
146564628	-1	327	1.316E-87	4	5260	6539	1780	76	0.490	2.261E-13	37	117	287	-6135	-5893	243	6159	5887
146564628	-1	327	1.316E-87	4	5260	6539	1787	105	0.646	7.575E-23	118	197	287	-5832	-5593	240	5880	5542
146564628	-1	327	1.316E-87	4	5260	6539	1790	110	0.596	4.571E-25	191	283	287	-5538	-5260	279	5538	5245
146564822	-1	344	1.004E-92	3	32351	34121	1109	67	0.425	2.406E-09	357	435	834	-34121	-33867	255	34250	33852
146564822	-1	344	1.004E-92	3	32351	34121	1137	218	0.471	2.311E-59	496	747	834	-33418	-32672	747	33430	32639
146564822	-1	344	1.004E-92	3	32351	34121	1141	119	0.664	5.147E-28	746	833	834	-32614	-32351	264	32635	32351
146564841	1	172	6.011E-41	2	9558	9973	224	97	0.701	6.651E-19	98	164	220	9558	9758	201	9450	10001
146564841	1	172	6.011E-41	2	9558	9973	223	76	0.693	2.162E-13	163	215	220	9815	9973	159	9713	9982
146570283	-1	281	9.261E-74	3	5266	6135	1780	80	0.504	1.303E-14	38	119	287	-6135	-5890	246	6159	5887
146570283	-1	281	9.261E-74	3	5266	6135	1787	108	0.622	8.281E-24	119	204	287	-5832	-5575	258	5880	5542
146570283	-1	281	9.261E-74	3	5266	6135	1790	100	0.587	1.253E-21	197	282	287	-5523	-5266	258	5538	5245
146577279	-1	280	1.852E-73	3	5266	6135	1780	87	0.543	3.155E-17	38	119	287	-6135	-5890	246	6159	5887
146577279	-1	280	1.852E-73	3	5266	6135	1787	100	0.593	2.454E-21	120	204	287	-5829	-5575	255	5880	5542
146577279	-1	280	1.852E-73	3	5266	6135	1790	95	0.582	1.055E-19	201	282	287	-5511	-5266	246	5538	5245
146619946	-1	133	3.305E-29	3	9588	9957	1694	45	0.702	1.430E-03	12	41	118	-9957	-9868	90	9981	9868
146619946	-1	133	3.305E-29	3	9588	9957	1697	31	0.894	5.291E+01	44	58	118	-9861	-9817	45	9864	9817
146619946	-1	133	3.305E-29	3	9588	9957	1702	59	0.574	4.558E-08	57	107	118	-9740	-9588	153	9767	9588
146638371	-1	191	1.147E-46	2	5269	5817	1787	100	0.653	4.620E-21	120	194	279	-5817	-5593	225	5880	5542
146638371	-1	191	1.147E-46	2	5269	5817	1790	92	0.551	9.685E-19	193	277	279	-5523	-5269	255	5538	5245
146644644	1	233	2.607E-59	2	9057	9979	213	208	0.958	1.344E-58	8	109	221	9057	9362	306	9012	9362
146644644	1	233	2.607E-59	2	9057	9979	223	77	0.675	1.574E-13	163	217	221	9815	9979	165	9713	9982
146674072	-1	72	7.620E-11	2	11241	11562	1659	38	0.573	1.034E+00	41	72	172	-11562	-11467	96	11562	11383
146674072	-1	72	7.620E-11	2	11241	11562	1662	51	0.445	5.953E-05	91	150	172	-11420	-11241	180	11435	11226
146683824	-1	671	3.673E-191	5	32672	35143	1095	138	0.458	2.511E-31	66	226	851	-35143	-34655	489	35506	34637
146683824	-1	671	3.673E-191	5	32672	35143	1104	182	0.590	1.107E-48	226	382	851	-34591	-34124	468	34591	34112
146683824	-1	671	3.673E-191	5	32672	35143	1109	54	0.414	7.378E-05	382	451	851	-34064	-33855	210	34250	33852
146683824	-1	671	3.673E-191	5	32672	35143	1118	48	0.451	1.240E-03	460	514	851	-33645	-33481	165	33723	33481
146683824	-1	671	3.673E-191	5	32672	35143	1137	253	0.534	2.310E-71	516	764	851	-33409	-32672	738	33430	32639
152236727	-1	680	7.173E-194	5	32672	35128	1095	137	0.467	4.658E-31	72	227	852	-35128	-34655	474	35506	34637
152236727	-1	680	7.173E-194	5	32672	35128	1104	183	0.592	5.889E-49	227	383	852	-34591	-34124	468	34591	34112
152236727	-1	680	7.173E-194	5	32672	35128	1109	57	0.430	8.290E-06	383	452	852	-34064	-33855	210	34250	33852
152236727	-1	680	7.173E-194	5	32672	35128	1118	49	0.463	3.474E-04	461	515	852	-33645	-33481	165	33723	33481
152236727	-1	680	7.173E-194	5	32672	35128	1137	258	0.542	5.319E-73	517	765	852	-33409	-32672	738	33430	32639
152528641	1	412	3.402E-113	3	9057	9976	213	222	1.000	2.115E-63	8	109	219	9057	9362	306	9012	9362
152528641	1	412	3.402E-113	3	9057	9976	224	103	0.741	4.482E-21	98	164	219	9558	9758	201	9450	10001
152528641	1	412	3.402E-113	3	9057	9976	223	99	0.860	3.071E-21	163	216	219	9815	9976	162	9713	9982
152683791	-1	438	5.070E-121	4	33490	35152	1095	134	0.438	2.971E-30	70	238	866	-35152	-34655	498	35506	34637
152683791	-1	438	5.070E-121	4	33490	35152	1104	203	0.648	4.421E-56	238	394	866	-34591	-34124	468	34591	34112
152683791	-1	438	5.070E-121	4	33490	35152	1109	62	0.489	1.418E-07	395	459	866	-34061	-33867	195	34250	33852
152683791	-1	438	5.070E-121	4	33490	35152	1118	47	0.448	3.221E-03	471	524	866	-33651	-33490	162	33723	33481
153457948	-1	239	4.073E-61	3	5593	6533	1766	38	0.693	1.545E+00	14	38	291	-6533	-6459	75	6623	6459
153457948	-1	239	4.073E-61	3	5593	6533	1780	92	0.571	9.656E-19	38	118	291	-6135	-5893	243	6159	5887
153457948	-1	239	4.073E-61	3	5593	6533	1787	108	0.665	4.399E-24	119	198	291	-5832	-5593	240	5880	5542
153548352	-1	372	3.741E-101	4	5260	6533	1766	40	0.742	1.634E-01	13	37	286	-6533	-6459	75	6623	6459
153548352	-1	372	3.741E-101	4	5260	6533	1780	98	0.596	8.325E-21	37	118	286	-6135	-5890	246	6159	5887
153548352	-1	372	3.741E-101	4	5260	6533	1787	120	0.736	3.338E-28	119	197	286	-5829	-5593	237	5880	5542
153548352	-1	372	3.741E-101	4	5260	6533	1790	115	0.636	7.458E-27	194	283	286	-5529	-5260	270	5538	5245
153645401	-1	194	1.433E-47	2	5563	6132	1780	86	0.545	1.121E-16	39	118	291	-6132	-5893	240	6159	5887
153645401	-1	194	1.433E-47	2	5563	6132	1787	107	0.597	1.136E-23	119	206	291	-5832	-5563	270	5880	5542
154081017	-1	347	1.255E-93	3	32672	34061	1109	55	0.423	3.952E-05	14	82	482	-34061	-33855	207	34250	33852
154081017	-1	347	1.255E-93	3	32672	34061	1118	48	0.451	1.240E-03	91	145	482	-33645	-33481	165	33723	33481
154081017	-1	347	1.255E-93	3	32672	34061	1137	250	0.528	2.853E-70	147	395	482	-33409	-32672	738	33430	32639
154316283	1	320	1.685E-85	2	9057	9758	213	218	1.000	3.633E-62	8	109	220	9057	9362	306	9012	9362
154316283	1	320	1.685E-85	2	9057	9758	224	113	0.801	2.449E-24	98	164	220	9558	9758	201	9450	10001
155630327	1	397	1.115E-108	3	9057	9958	213	213	0.981	1.611E-60	8	109	219	9057	9362	306	9012	9362
155630327	1	397	1.115E-108	3	9057	9958	224	108	0.768	1.435E-22	98	164	219	9558	9758	201	9450	10001
155630327	1	397	1.115E-108	3	9057	9958	223	88	0.861	1.598E-17	163	210	219	9815	9958	144	9713	9982
156059460	-1	1184	0.000E+00	6	32351	35167	1095	273	0.775	1.015E-77	160	330	948	-35167	-34655	513	35506	34637
156059460	-1	1184	0.000E+00	6	32351	35167	1104	209	0.665	2.838E-58	330	486	948	-34591	-34121	471	34591	34112
156059460	-1	1184	0.000E+00	6	32351	35167	1109	81	0.634	2.135E-14	488	550	948	-34055	-33867	189	34250	33852
156059460	-1	1184	0.000E+00	6	32351	35167	1118	74	0.625	9.620E-13	557	614	948	-33654	-33481	174	33723	33481
156059460	-1	1184	0.000E+00	6	32351	35167	1137	385	0.766	2.746E-117	615	860	948	-33412	-32675	738	33430	32639
156059460	-1	1184	0.000E+00	6	32351	35167	1141	162	0.875	2.858E-43	860	947	948	-32614	-32351	264	32635	32351
156586095	1	321	8.423E-86	2	9057	9758	213	219	1.000	1.408E-62	8	109	219	9057	9362	306	9012	9362
156586095	1	321	8.423E-86	2	9057	9758	224	113	0.801	2.449E-24	98	164	219	9558	9758	201	9450	10001
158157708	-1	237	1.629E-60	3	5593	6533	1766	38	0.693	1.545E+00	14	38	290	-6533	-6459	75	6623	6459
158157708	-1	237	1.629E-60	3	5593	6533	1780	85	0.538	1.539E-16	38	118	290	-6135	-5893	243	6159	5887
158157708	-1	237	1.629E-60	3	5593	6533	1787	113	0.690	9.895E-26	119	198	290	-5832	-5593	240	5880	5542
158893035	-1	315	5.391E-84	4	5263	6539	1766	34	0.598	2.021E+01	5	31	283	-6539	-6459	81	6623	6459
158893035	-1	315	5.391E-84	4	5263	6539	1780	72	0.494	1.016E-11	31	105	283	-6135	-5911	225	6159	5887
158893035	-1	315	5.391E-84	4	5263	6539	1787	107	0.614	1.136E-23	109	195	283	-5850	-5593	258	5880	5542
158893035	-1	315	5.391E-84	4	5263	6539	1790	106	0.599	1.084E-23	192	280	283	-5529	-5263	267	5538	5245
159601998	1	398	5.574E-109	3	9057	9964	213	218	1.000	3.633E-62	8	109	219	9057	9362	306	9012	9362
159601998	1	398	5.574E-109	3	9057	9964	224	110	0.784	2.193E-23	98	164	219	9558	9758	201	9450	10001
159601998	1	398	5.574E-109	3	9057	9964	223	82	0.779	1.858E-15	163	212	219	9815	9964	150	9713	9982
159731803	1	420	1.329E-115	3	9057	9979	213	219	1.000	1.408E-62	8	109	218	9057	9362	306	9012	9362
159731803	1	420	1.329E-115	3	9057	9979	224	108	0.773	7.674E-23	98	164	218	9558	9758	201	9450	10001
159731803	1	420	1.329E-115	3	9057	9979	223	105	0.896	1.930E-23	163	217	218	9815	9979	165	9713	9982
160213135	1	169	4.809E-40	2	27870	28459	660	142	0.720	7.400E-36	73	167	225	27870	28157	288	27864	28187
160213135	1	169	4.809E-40	2	27870	28459	665	48	0.688	1.531E-04	190	222	225	28361	28459	99	28331	28462
160576702	1	180	2.348E-43	2	20380	20969	479	142	0.673	1.177E-35	85	188	240	20380	20682	303	20377	20730
160576702	1	180	2.348E-43	2	20380	20969	483	51	0.701	2.248E-05	203	236	240	20868	20969	102	20838	20969
160592285	1	141	1.291E-31	1	27870	28157	660	141	0.717	1.393E-35	75	169	176	27870	28157	288	27864	28187
160693978	1	168	9.618E-40	2	20380	20966	479	141	0.709	3.039E-35	72	167	225	20380	20670	291	20377	20730
160693978	1	168	9.618E-40	2	20380	20966	483	48	0.688	1.531E-04	190	222	225	20868	20966	99	20838	20969
160703485	1	173	3.006E-41	2	27870	28459	660	141	0.718	1.015E-35	72	166	236	27870	28157	288	27864	28187
160703485	1	173	3.006E-41	2	27870	28459	665	53	0.750	3.305E-06	189	221	236	28361	28459	99	28331	28462
160734522	1	376	2.338E-102	3	9057	9958	213	214	0.984	8.562E-61	8	109	215	9057	9362	306	9012	9362
160734522	1	376	2.338E-102	3	9057	9958	224	98	0.706	3.562E-19	98	164	215	9558	9758	201	9450	10001
160734522	1	376	2.338E-102	3	9057	9958	223	76	0.755	2.162E-13	163	210	215	9815	9958	144	9713	9982
160753163	1	400	1.394E-109	3	9057	9973	213	218	0.999	4.983E-62	8	109	219	9057	9362	306	9012	9362
160753163	1	400	1.394E-109	3	9057	9973	224	108	0.768	1.435E-22	98	164	219	9558	9758	201	9450	10001
160753163	1	400	1.394E-109	3	9057	9973	223	86	0.770	1.071E-16	163	215	219	9815	9973	159	9713	9982
160765034	1	407	1.089E-111	3	9057	9973	213	219	1.000	1.408E-62	8	109	220	9057	9362	306	9012	9362
160765034	1	407	1.089E-111	3	9057	9973	224	106	0.758	5.018E-22	98	164	220	9558	9758	201	9450	10001
160765034	1	407	1.089E-111	3	9057	9973	223	94	0.840	1.003E-19	163	215	220	9815	9973	159	9713	9982
160774342	-1	229	4.171E-58	4	32351	35128	1095	118	0.414	8.964E-25	69	228	802	-35128	-34655	474	35506	34637
160774342	-1	229	4.171E-58	4	32351	35128	1104	180	0.582	5.357E-48	228	385	802	-34591	-34124	468	34591	34112
160774342	-1	229	4.171E-58	4	32351	35128	1109	62	0.483	1.418E-07	385	450	802	-34064	-33867	198	34250	33852
160774342	-1	229	4.171E-58	4	32351	35128	1141	130	0.719	5.303E-32	714	801	802	-32614	-32351	264	32635	32351
160809959	1	219	4.271E-55	1	9051	9359	213	219	0.997	1.408E-62	0	102	103	9051	9359	309	9012	9362
160834812	-1	340	1.607E-91	4	5260	6533	1766	36	0.673	4.049E+00	21	45	294	-6533	-6459	75	6623	6459
160834812	-1	340	1.607E-91	4	5260	6533	1780	78	0.532	4.632E-14	45	119	294	-6135	-5911	225	6159	5887
160834812	-1	340	1.607E-91	4	5260	6533	1787	120	0.720	3.338E-28	124	204	294	-5838	-5596	243	5880	5542
160834812	-1	340	1.607E-91	4	5260	6533	1790	113	0.609	4.984E-26	199	291	294	-5538	-5260	279	5538	5245
160834969	1	418	5.316E-115	3	9057	9979	213	220	1.000	5.457E-63	8	109	218	9057	9362	306	9012	9362
160834969	1	418	5.316E-115	3	9057	9979	224	108	0.771	1.049E-22	98	164	218	9558	9758	201	9450	10001
160834969	1	418	5.316E-115	3	9057	9979	223	102	0.868	3.342E-22	163	217	218	9815	9979	165	9713	9982
160857451	1	193	2.866E-47	2	27870	28459	660	166	0.825	4.258E-44	82	176	235	27870	28157	288	27864	28187
160857451	1	193	2.866E-47	2	27870	28459	665	48	0.683	2.108E-04	199	231	235	28361	28459	99	28331	28462
160883909	-1	346	2.510E-93	4	5263	6539	1766	42	0.725	3.290E-02	11	37	286	-6539	-6459	81	6623	6459
160883909	-1	346	2.510E-93	4	5263	6539	1780	90	0.561	4.710E-18	37	117	286	-6135	-5893	243	6159	5887
160883909	-1	346	2.510E-93	4	5263	6539	1787	123	0.757	5.006E-29	120	197	286	-5826	-5593	234	5880	5542
160883909	-1	346	2.510E-93	4	5263	6539	1790	96	0.529	5.600E-20	192	284	286	-5535	-5263	273	5538	5245
160917907	1	382	3.653E-104	3	9057	9979	213	219	1.000	1.931E-62	8	109	221	9057	9362	306	9012	9362
160917907	1	382	3.653E-104	3	9057	9979	224	108	0.781	1.049E-22	98	163	221	9558	9755	198	9450	10001
160917907	1	382	3.653E-104	3	9057	9979	223	74	0.747	1.449E-12	173	219	221	9839	9979	141	9713	9982
160960419	-1	677	5.739E-193	5	32672	35128	1095	136	0.464	1.177E-30	72	227	852	-35128	-34655	474	35506	34637
160960419	-1	677	5.739E-193	5	32672	35128	1104	185	0.600	6.472E-50	227	383	852	-34591	-34124	468	34591	34112
160960419	-1	677	5.739E-193	5	32672	35128	1109	56	0.428	1.133E-05	383	452	852	-34064	-33855	210	34250	33852
160960419	-1	677	5.739E-193	5	32672	35128	1118	52	0.482	5.152E-05	461	515	852	-33645	-33481	165	33723	33481
160960419	-1	677	5.739E-193	5	32672	35128	1137	252	0.533	3.163E-71	517	765	852	-33409	-32672	738	33430	32639
161000956	1	388	5.708E-106	3	9057	9973	213	213	0.981	1.611E-60	21	122	233	9057	9362	306	9012	9362
161000956	1	388	5.708E-106	3	9057	9973	224	102	0.736	8.377E-21	111	177	233	9558	9758	201	9450	10001
161000956	1	388	5.708E-106	3	9057	9973	223	85	0.760	2.772E-16	176	228	233	9815	9973	159	9713	9982
161020827	1	405	4.355E-111	3	9057	9979	213	215	0.988	4.551E-61	8	109	219	9057	9362	306	9012	9362
161020827	1	405	4.355E-111	3	9057	9979	224	113	0.801	2.449E-24	98	164	219	9558	9758	201	9450	10001
161020827	1	405	4.355E-111	3	9057	9979	223	89	0.767	1.164E-17	163	217	219	9815	9979	165	9713	9982
161094729	1	412	3.402E-113	3	9057	9976	213	219	1.000	1.931E-62	8	109	219	9057	9362	306	9012	9362
161094729	1	412	3.402E-113	3	9057	9976	224	111	0.789	1.172E-23	98	164	219	9558	9758	201	9450	10001
161094729	1	412	3.402E-113	3	9057	9976	223	94	0.820	1.890E-19	163	216	219	9815	9976	162	9713	9982
161106470	-1	296	2.826E-78	2	32672	34591	1104	179	0.584	7.344E-48	141	297	746	-34591	-34124	468	34591	34112
161106470	-1	296	2.826E-78	2	32672	34591	1137	248	0.526	1.002E-69	430	678	746	-33409	-32672	738	33430	32639
161106575	-1	293	2.261E-77	2	32672	34591	1104	177	0.576	6.680E-47	141	297	746	-34591	-34124	468	34591	34112
161106575	-1	293	2.261E-77	2	32672	34591	1137	247	0.524	2.573E-69	430	678	746	-33409	-32672	738	33430	32639
161112558	-1	391	7.135E-107	4	5260	6551	1766	40	0.605	3.103E-01	4	34	293	-6551	-6459	93	6623	6459
161112558	-1	391	7.135E-107	4	5260	6551	1780	109	0.653	1.169E-24	34	115	293	-6135	-5890	246	6159	5887
161112558	-1	391	7.135E-107	4	5260	6551	1787	126	0.761	2.119E-30	115	194	293	-5832	-5593	240	5880	5542
161112558	-1	391	7.135E-107	4	5260	6551	1790	120	0.647	1.671E-28	189	280	293	-5535	-5260	276	5538	5245
161129066	1	392	3.567E-107	3	9057	9958	213	215	0.988	4.551E-61	8	109	219	9057	9362	306	9012	9362
161129066	1	392	3.567E-107	3	9057	9958	224	104	0.746	2.398E-21	98	164	219	9558	9758	201	9450	10001
161129066	1	392	3.567E-107	3	9057	9958	223	85	0.829	2.772E-16	163	210	219	9815	9958	144	9713	9982
161132261	-1	441	6.337E-122	4	33496	35170	1095	136	0.434	8.640E-31	75	247	875	-35170	-34655	516	35506	34637
161132261	-1	441	6.337E-122	4	33496	35170	1104	196	0.652	1.774E-53	254	403	875	-34570	-34124	447	34591	34112
161132261	-1	441	6.337E-122	4	33496	35170	1109	64	0.507	1.581E-08	404	468	875	-34061	-33867	195	34250	33852
161132261	-1	441	6.337E-122	4	33496	35170	1118	49	0.403	6.563E-04	467	531	875	-33684	-33496	189	33723	33481
161151937	1	399	2.787E-109	3	9027	9958	213	214	0.907	6.242E-61	21	129	239	9027	9362	336	9012	9362
161151937	1	399	2.787E-109	3	9027	9958	224	108	0.768	1.435E-22	118	184	239	9558	9758	201	9450	10001
161151937	1	399	2.787E-109	3	9027	9958	223	89	0.864	1.164E-17	183	230	239	9815	9958	144	9713	9982
161155685	1	400	1.394E-109	3	9057	9979	213	216	0.991	2.419E-61	8	109	218	9057	9362	306	9012	9362
161155685	1	400	1.394E-109	3	9057	9979	224	109	0.779	4.103E-23	98	164	218	9558	9758	201	9450	10001
161155685	1	400	1.394E-109	3	9057	9979	223	87	0.758	3.013E-17	163	217	218	9815	9979	165	9713	9982
161170233	1	232	5.214E-59	3	27870	28459	660	149	0.752	2.495E-38	49	143	203	27870	28157	288	27864	28187
161170233	1	232	5.214E-59	3	27870	28459	662	33	0.718	3.744E+01	145	165	203	28229	28291	63	28148	28291
161170233	1	232	5.214E-59	3	27870	28459	665	48	0.678	2.903E-04	166	198	203	28361	28459	99	28331	28462
161170339	1	185	7.338E-45	2	27870	28291	660	151	0.760	5.132E-39	49	143	203	27870	28157	288	27864	28187
161170339	1	185	7.338E-45	2	27870	28291	662	33	0.718	3.744E+01	145	165	203	28229	28291	63	28148	28291
161185561	-1	786	8.842E-226	6	32351	35128	1095	141	0.466	2.117E-32	82	244	869	-35128	-34655	474	35506	34637
161185561	-1	786	8.842E-226	6	32351	35128	1104	173	0.568	8.329E-46	244	400	869	-34591	-34124	468	34591	34112
161185561	-1	786	8.842E-226	6	32351	35128	1109	56	0.428	1.133E-05	401	470	869	-34061	-33852	210	34250	33852
161185561	-1	786	8.842E-226	6	32351	35128	1118	49	0.387	3.474E-04	463	532	869	-33690	-33481	210	33723	33481
161185561	-1	786	8.842E-226	6	32351	35128	1137	250	0.529	2.084E-70	534	782	869	-33409	-32672	738	33430	32639
161185561	-1	786	8.842E-226	6	32351	35128	1141	120	0.669	1.991E-28	781	868	869	-32614	-32351	264	32635	32351
161207924	-1	396	2.230E-108	4	5251	6542	1766	46	0.758	1.844E-03	29	56	307	-6542	-6459	84	6623	6459
161207924	-1	396	2.230E-108	4	5251	6542	1780	100	0.608	1.244E-21	56	137	307	-6135	-5890	246	6159	5887
161207924	-1	396	2.230E-108	4	5251	6542	1787	121	0.732	1.773E-28	137	216	307	-5832	-5593	240	5880	5542
161207924	-1	396	2.230E-108	4	5251	6542	1790	129	0.693	1.581E-31	215	305	307	-5523	-5251	273	5538	5245
161224479	1	416	2.126E-114	3	9057	9979	213	219	1.000	1.408E-62	8	109	218	9057	9362	306	9012	9362
161224479	1	416	2.126E-114	3	9057	9979	224	108	0.773	7.674E-23	98	164	218	9558	9758	201	9450	10001
161224479	1	416	2.126E-114	3	9057	9979	223	101	0.862	6.297E-22	163	217	218	9815	9979	165	9713	9982
161225331	1	408	5.443E-112	3	9057	9979	213	218	1.000	3.633E-62	8	109	218	9057	9362	306	9012	9362
161225331	1	408	5.443E-112	3	9057	9979	224	108	0.773	7.674E-23	98	164	218	9558	9758	201	9450	10001
161225331	1	408	5.443E-112	3	9057	9979	223	94	0.810	1.377E-19	163	217	218	9815	9979	165	9713	9982
161236886	-1	539	2.000E-151	4	32672	35128	1095	127	0.430	1.039E-27	75	237	861	-35128	-34655	474	35506	34637
161236886	-1	539	2.000E-151	4	32672	35128	1104	179	0.582	1.380E-47	237	393	861	-34591	-34124	468	34591	34112
161236886	-1	539	2.000E-151	4	32672	35128	1118	46	0.380	4.427E-03	458	524	861	-33681	-33481	201	33723	33481
161236886	-1	539	2.000E-151	4	32672	35128	1137	248	0.526	1.002E-69	526	774	861	-33409	-32672	738	33430	32639
161237339	-1	332	4.113E-89	4	5260	6575	1766	44	0.518	9.136E-03	12	53	302	-6575	-6459	117	6623	6459
161237339	-1	332	4.113E-89	4	5260	6575	1780	74	0.507	1.516E-12	53	127	302	-6135	-5911	225	6159	5887
161237339	-1	332	4.113E-89	4	5260	6575	1787	111	0.670	6.598E-25	132	212	302	-5838	-5596	243	5880	5542
161237339	-1	332	4.113E-89	4	5260	6575	1790	110	0.596	4.571E-25	207	299	302	-5538	-5260	279	5538	5245
161254919	-1	159	4.924E-37	2	5599	6135	1780	66	0.496	6.276E-10	35	103	288	-6135	-5929	207	6159	5887
161254919	-1	159	4.924E-37	2	5599	6135	1787	103	0.642	3.681E-22	115	193	288	-5835	-5599	237	5880	5542
161259731	-1	355	4.903E-96	4	5260	6557	1766	54	0.760	3.088E-06	13	45	294	-6557	-6459	99	6623	6459
161259731	-1	355	4.903E-96	4	5260	6557	1780	83	0.526	1.031E-15	45	125	294	-6135	-5893	243	6159	5887
161259731	-1	355	4.903E-96	4	5260	6557	1787	109	0.704	3.207E-24	130	204	294	-5820	-5596	225	5880	5542
161259731	-1	355	4.903E-96	4	5260	6557	1790	116	0.621	5.435E-27	199	291	294	-5538	-5260	279	5538	5245
166940127	-1	621	4.135E-176	5	32351	35065	1095	115	0.446	7.659E-24	148	288	894	-35065	-34655	411	35506	34637
166940127	-1	621	4.135E-176	5	32351	35065	1104	169	0.577	2.674E-44	295	444	894	-34570	-34124	447	34591	34112
166940127	-1	621	4.135E-176	5	32351	35065	1118	35	0.353	3.272E+01	502	556	894	-33645	-33481	165	33723	33481
166940127	-1	621	4.135E-176	5	32351	35065	1137	240	0.508	7.343E-67	557	807	894	-33412	-32672	741	33430	32639
166940127	-1	621	4.135E-176	5	32351	35065	1141	121	0.673	1.057E-28	806	893	894	-32614	-32351	264	32635	32351
167359591	-1	624	5.169E-177	5	32351	35065	1095	118	0.449	8.964E-25	168	310	916	-35065	-34655	411	35506	34637
167359591	-1	624	5.169E-177	5	32351	35065	1104	171	0.583	5.526E-45	317	466	916	-34570	-34124	447	34591	34112
167359591	-1	624	5.169E-177	5	32351	35065	1118	36	0.362	1.260E+01	524	578	916	-33645	-33481	165	33723	33481
167359591	-1	624	5.169E-177	5	32351	35065	1137	237	0.503	9.057E-66	579	829	916	-33412	-32672	741	33430	32639
167359591	-1	624	5.169E-177	5	32351	35065	1141	121	0.673	1.057E-28	828	915	916	-32614	-32351	264	32635	32351
167703790	1	398	5.574E-109	3	9057	9958	213	213	0.981	1.611E-60	8	109	219	9057	9362	306	9012	9362
167703790	1	398	5.574E-109	3	9057	9958	224	107	0.766	1.963E-22	98	164	219	9558	9758	201	9450	10001
167703790	1	398	5.574E-109	3	9057	9958	223	90	0.878	3.276E-18	163	210	219	9815	9958	144	9713	9982
168287974	-1	345	5.021E-93	4	5260	6551	1766	46	0.699	1.339E-03	19	49	298	-6551	-6459	93	6623	6459
168287974	-1	345	5.021E-93	4	5260	6551	1780	78	0.532	4.632E-14	49	123	298	-6135	-5911	225	6159	5887
168287974	-1	345	5.021E-93	4	5260	6551	1787	125	0.715	7.507E-30	131	215	298	-5829	-5575	255	5880	5542
168287974	-1	345	5.021E-93	4	5260	6551	1790	112	0.609	1.288E-25	204	295	298	-5535	-5260	276	5538	5245
168475814	1	298	7.066E-79	2	9057	9749	213	212	0.974	5.701E-60	6	107	160	9057	9362	306	9012	9362
168475814	1	298	7.066E-79	2	9057	9749	224	97	0.729	6.651E-19	96	159	160	9558	9749	192	9450	10001
168762260	-1	800	5.396E-230	6	32351	35128	1095	142	0.461	8.369E-33	67	233	854	-35128	-34643	486	35506	34637
168762260	-1	800	5.396E-230	6	32351	35128	1104	182	0.591	8.073E-49	229	385	854	-34591	-34124	468	34591	34112
168762260	-1	800	5.396E-230	6	32351	35128	1109	59	0.442	1.736E-06	385	454	854	-34064	-33855	210	34250	33852
168762260	-1	800	5.396E-230	6	32351	35128	1118	49	0.460	4.775E-04	463	517	854	-33645	-33481	165	33723	33481
168762260	-1	800	5.396E-230	6	32351	35128	1137	258	0.542	3.884E-73	519	767	854	-33409	-32672	738	33430	32639
168762260	-1	800	5.396E-230	6	32351	35128	1141	118	0.662	7.063E-28	766	853	854	-32614	-32351	264	32635	32351
169077735	-1	242	5.092E-62	3	5593	6533	1766	45	0.824	3.497E-03	15	39	292	-6533	-6459	75	6623	6459
169077735	-1	242	5.092E-62	3	5593	6533	1780	89	0.551	8.879E-18	39	120	292	-6135	-5890	246	6159	5887
169077735	-1	242	5.092E-62	3	5593	6533	1787	107	0.666	1.136E-23	121	199	292	-5829	-5593	237	5880	5542
169406167	-1	223	2.669E-56	2	5263	5862	1787	116	0.638	1.082E-26	158	247	335	-5862	-5593	270	5880	5542
169406167	-1	223	2.669E-56	2	5263	5862	1790	110	0.616	6.274E-25	244	332	335	-5529	-5263	267	5538	5245
170404718	-1	289	3.618E-76	3	5272	6135	1780	87	0.544	5.947E-17	37	117	284	-6135	-5893	243	6159	5887
170404718	-1	289	3.618E-76	3	5272	6135	1787	106	0.608	2.933E-23	112	198	284	-5844	-5593	252	5880	5542
170404718	-1	289	3.618E-76	3	5272	6135	1790	107	0.601	7.899E-24	192	280	284	-5538	-5272	267	5538	5245
170412853	-1	605	2.710E-171	4	5245	6575	1766	79	0.937	4.338E-15	0	38	290	-6575	-6459	117	6623	6459
170412853	-1	605	2.710E-171	4	5245	6575	1780	164	0.940	6.632E-44	38	119	290	-6135	-5890	246	6159	5887
170412853	-1	605	2.710E-171	4	5245	6575	1787	168	0.932	5.906E-45	120	202	290	-5829	-5575	255	5880	5542
170412853	-1	605	2.710E-171	4	5245	6575	1790	201	0.974	8.379E-57	193	289	290	-5535	-5245	291	5538	5245
170501173	-1	561	4.767E-158	4	32672	35089	1095	130	0.478	6.495E-29	62	207	829	-35089	-34655	435	35506	34637
170501173	-1	561	4.767E-158	4	32672	35089	1104	208	0.661	7.313E-58	207	363	829	-34591	-34124	468	34591	34112
170501173	-1	561	4.767E-158	4	32672	35089	1109	61	0.454	3.630E-07	363	432	829	-34064	-33855	210	34250	33852
170501173	-1	561	4.767E-158	4	32672	35089	1137	229	0.504	2.579E-63	502	742	829	-33400	-32672	729	33430	32639
171270290	1	375	4.676E-102	3	9057	9964	213	211	0.971	1.073E-59	8	109	215	9057	9362	306	9012	9362
171270290	1	375	4.676E-102	3	9057	9964	224	100	0.718	7.470E-20	98	164	215	9558	9758	201	9450	10001
171270290	1	375	4.676E-102	3	9057	9964	223	76	0.722	4.076E-13	163	212	215	9815	9964	150	9713	9982
172369426	-1	437	1.014E-120	4	33496	35170	1095	141	0.450	1.140E-32	77	245	873	-35170	-34655	516	35506	34637
172369426	-1	437	1.014E-120	4	33496	35170	1104	198	0.659	1.949E-54	252	401	873	-34570	-34124	447	34591	34112
172369426	-1	437	1.014E-120	4	33496	35170	1109	62	0.489	1.418E-07	402	466	873	-34061	-33867	195	34250	33852
172369426	-1	437	1.014E-120	4	33496	35170	1118	49	0.481	4.775E-04	478	529	873	-33651	-33496	156	33723	33481
172431814	-1	277	1.482E-72	3	5266	6135	1780	88	0.547	1.674E-17	38	119	287	-6135	-5890	246	6159	5887
172431814	-1	277	1.482E-72	3	5266	6135	1787	102	0.601	6.929E-22	120	204	287	-5829	-5575	255	5880	5542
172431814	-1	277	1.482E-72	3	5266	6135	1790	97	0.551	1.578E-20	193	282	287	-5535	-5266	270	5538	5245
172622486	-1	106	4.435E-21	2	5257	6135	1780	78	0.474	8.733E-14	79	164	335	-6135	-5893	243	6159	5887
172622486	-1	106	4.435E-21	2	5257	6135	1790	103	0.574	1.365E-22	241	331	335	-5529	-5257	273	5538	5245
172824088	-1	375	4.676E-102	4	5260	6575	1766	47	0.526	9.722E-04	0	43	293	-6575	-6459	117	6623	6459
172824088	-1	375	4.676E-102	4	5260	6575	1780	88	0.545	2.298E-17	43	124	293	-6135	-5890	246	6159	5887
172824088	-1	375	4.676E-102	4	5260	6575	1787	126	0.745	2.119E-30	128	209	293	-5820	-5575	246	5880	5542
172824088	-1	375	4.676E-102	4	5260	6575	1790	126	0.676	1.056E-30	198	289	293	-5535	-5260	276	5538	5245
173085900	-1	257	1.554E-66	5	32351	35170	1095	129	0.418	1.637E-28	118	290	924	-35170	-34655	516	35506	34637
173085900	-1	257	1.554E-66	5	32351	35170	1104	179	0.580	1.007E-47	290	447	924	-34591	-34124	468	34591	34112
173085900	-1	257	1.554E-66	5	32351	35170	1109	57	0.460	4.436E-06	448	512	924	-34061	-33867	195	34250	33852
173085900	-1	257	1.554E-66	5	32351	35170	1118	40	0.400	7.195E-01	528	580	924	-33645	-33487	159	33723	33481
173085900	-1	257	1.554E-66	5	32351	35170	1141	117	0.654	2.506E-27	836	923	924	-32614	-32351	264	32635	32351
173212384	-1	395	4.459E-108	4	5260	6551	1766	40	0.616	1.634E-01	4	34	293	-6551	-6459	93	6623	6459
173212384	-1	395	4.459E-108	4	5260	6551	1780	109	0.653	1.169E-24	34	115	293	-6135	-5890	246	6159	5887
173212384	-1	395	4.459E-108	4	5260	6551	1787	127	0.763	1.545E-30	115	194	293	-5832	-5593	240	5880	5542
173212384	-1	395	4.459E-108	4	5260	6551	1790	123	0.660	1.822E-29	189	280	293	-5535	-5260	276	5538	5245
173265782	-1	389	2.854E-106	3	32351	34591	1104	173	0.566	1.565E-45	223	379	843	-34591	-34124	468	34591	34112
173265782	-1	389	2.854E-106	3	32351	34591	1137	222	0.476	1.372E-60	505	756	843	-33418	-32672	747	33430	32639
173265782	-1	389	2.854E-106	3	32351	34591	1141	119	0.664	5.147E-28	755	842	843	-32614	-32351	264	32635	32351
174034546	-1	154	1.576E-35	1	34124	34579	1104	154	0.524	4.273E-39	121	274	288	-34579	-34124	456	34591	34112
174724159	1	173	3.006E-41	2	20383	20966	479	142	0.722	8.582E-36	72	166	224	20383	20670	288	20377	20730
174724159	1	173	3.006E-41	2	20383	20966	483	52	0.735	8.619E-06	189	221	224	20868	20966	99	20838	20969
174764366	1	215	6.834E-54	3	20190	28291	471	40	0.486	1.213E-01	113	151	304	20190	20312	123	20190	20318
174764366	1	215	6.834E-54	3	20190	28291	660	147	0.690	8.838E-38	152	256	304	27870	28175	306	27864	28187
174764366	1	215	6.834E-54	3	20190	28291	662	36	0.752	2.848E+00	247	268	304	28226	28291	66	28148	28291
174870254	1	213	2.733E-53	3	20383	20969	479	136	0.669	1.851E-33	74	173	293	20383	20682	300	20377	20730
174870254	1	213	2.733E-53	3	20383	20969	480	32	0.666	6.086E+01	166	187	293	20733	20798	66	20682	20798
174870254	1	213	2.733E-53	3	20383	20969	483	51	0.706	1.633E-05	188	221	293	20868	20969	102	20838	20969
174926611	1	229	4.171E-58	3	20380	20966	479	152	0.703	3.175E-39	90	195	245	20380	20685	306	20377	20730
174926611	1	229	4.171E-58	3	20380	20966	480	34	0.705	1.213E+01	187	208	245	20733	20798	66	20682	20798
174926611	1	229	4.171E-58	3	20380	20966	483	50	0.709	4.261E-05	209	241	245	20868	20966	99	20838	20969
174931654	1	188	9.172E-46	3	20003	28291	465	38	0.661	2.106E-01	6	32	204	20003	20080	78	19997	20086
174931654	1	188	9.172E-46	3	20003	28291	660	149	0.747	1.818E-38	70	166	204	27867	28157	291	27864	28187
174931654	1	188	9.172E-46	3	20003	28291	662	36	0.744	3.929E+00	167	188	204	28226	28291	66	28148	28291
175106305	1	176	3.757E-42	2	27867	28459	660	147	0.735	1.664E-37	72	167	225	27867	28157	291	27864	28187
175106305	1	176	3.757E-42	2	27867	28459	665	50	0.714	3.095E-05	190	222	225	28361	28459	99	28331	28462
175180420	1	183	2.935E-44	2	27870	28459	660	147	0.745	8.838E-38	73	167	247	27870	28157	288	27864	28187
175180420	1	183	2.935E-44	2	27870	28459	665	57	0.797	1.868E-07	190	222	247	28361	28459	99	28331	28462
175267373	1	410	1.361E-112	3	9057	9979	213	221	1.000	2.901E-63	8	109	219	9057	9362	306	9012	9362
175267373	1	410	1.361E-112	3	9057	9979	224	109	0.776	5.611E-23	98	164	219	9558	9758	201	9450	10001
175267373	1	410	1.361E-112	3	9057	9979	223	92	0.794	6.715E-19	163	217	219	9815	9979	165	9713	9982
175271119	1	395	4.459E-108	3	9057	9964	213	217	0.997	6.835E-62	8	109	219	9057	9362	306	9012	9362
175271119	1	395	4.459E-108	3	9057	9964	224	113	0.801	2.449E-24	98	164	219	9558	9758	201	9450	10001
175271119	1	395	4.459E-108	3	9057	9964	223	77	0.732	1.574E-13	163	212	219	9815	9964	150	9713	9982
175299076	-1	313	2.156E-83	4	5260	6551	1766	35	0.539	1.465E+01	3	33	303	-6551	-6459	93	6623	6459
175299076	-1	313	2.156E-83	4	5260	6551	1780	83	0.513	1.416E-15	33	115	303	-6135	-5887	249	6159	5887
175299076	-1	313	2.156E-83	4	5260	6551	1787	106	0.657	4.024E-23	137	215	303	-5829	-5593	237	5880	5542
175299076	-1	313	2.156E-83	4	5260	6551	1790	109	0.620	8.610E-25	214	301	303	-5523	-5260	264	5538	5245
175316019	-1	429	2.596E-118	4	33487	35128	1095	137	0.465	4.658E-31	79	237	865	-35128	-34655	474	35506	34637
175316019	-1	429	2.596E-118	4	33487	35128	1104	190	0.611	2.014E-51	237	393	865	-34591	-34124	468	34591	34112
175316019	-1	429	2.596E-118	4	33487	35128	1109	59	0.471	1.270E-06	394	458	865	-34061	-33867	195	34250	33852
175316019	-1	429	2.596E-118	4	33487	35128	1118	52	0.374	3.748E-05	447	524	865	-33717	-33487	231	33723	33481
175316523	-1	447	9.901E-124	3	32672	35134	1095	148	0.492	8.043E-35	109	268	891	-35134	-34655	480	35506	34637
175316523	-1	447	9.901E-124	3	32672	35134	1104	203	0.646	6.061E-56	268	424	891	-34591	-34124	468	34591	34112
175316523	-1	447	9.901E-124	3	32672	35134	1137	229	0.497	3.530E-63	559	804	891	-33412	-32672	741	33430	32639
175352506	-1	255	6.215E-66	3	5593	6533	1766	43	0.790	1.734E-02	12	36	197	-6533	-6459	75	6623	6459
175352506	-1	255	6.215E-66	3	5593	6533	1780	94	0.576	1.980E-19	36	117	197	-6135	-5890	246	6159	5887
175352506	-1	255	6.215E-66	3	5593	6533	1787	117	0.719	4.189E-27	118	196	197	-5829	-5593	237	5880	5542
175386499	-1	322	4.212E-86	3	5251	6090	1780	72	0.540	1.016E-11	0	66	236	-6090	-5890	201	6159	5887
175386499	-1	322	4.212E-86	3	5251	6090	1787	122	0.738	6.867E-29	66	145	236	-5832	-5593	240	5880	5542
175386499	-1	322	4.212E-86	3	5251	6090	1790	129	0.693	1.581E-31	144	234	236	-5523	-5251	273	5538	5245
175394678	1	218	8.542E-55	1	9051	9359	213	218	0.994	2.649E-62	0	102	103	9051	9359	309	9012	9362
175403443	1	90	2.907E-16	1	25577	26104	607	90	0.312	2.012E-16	20	200	332	25577	26104	528	25553	26113
175408000	1	295	5.653E-78	2	9057	9758	213	207	0.953	3.467E-58	8	109	194	9057	9362	306	9012	9362
175408000	1	295	5.653E-78	2	9057	9758	224	99	0.716	1.021E-19	98	164	194	9558	9758	201	9450	10001
175425413	-1	199	4.479E-49	2	5263	5829	1787	98	0.615	2.245E-20	127	205	293	-5829	-5593	237	5880	5542
175425413	-1	199	4.479E-49	2	5263	5829	1790	102	0.587	4.845E-22	204	290	293	-5523	-5263	261	5538	5245
175437830	-1	283	2.315E-74	4	5260	6575	1766	33	0.427	7.322E+01	0	38	250	-6575	-6459	117	6623	6459
175437830	-1	283	2.315E-74	4	5260	6575	1780	46	0.518	9.130E-03	38	81	250	-6135	-6004	132	6159	5887
175437830	-1	283	2.315E-74	4	5260	6575	1787	108	0.670	6.036E-24	83	161	250	-5829	-5593	237	5880	5542
175437830	-1	283	2.315E-74	4	5260	6575	1790	99	0.549	4.446E-21	156	247	250	-5535	-5260	276	5538	5245
175437935	-1	367	1.197E-99	4	5260	6575	1766	37	0.471	2.936E+00	0	37	287	-6575	-6459	117	6623	6459
175437935	-1	367	1.197E-99	4	5260	6575	1780	95	0.584	5.573E-20	37	118	287	-6135	-5890	246	6159	5887
175437935	-1	367	1.197E-99	4	5260	6575	1787	123	0.753	2.659E-29	119	197	287	-5829	-5593	237	5880	5542
175437935	-1	367	1.197E-99	4	5260	6575	1790	113	0.625	4.984E-26	194	283	287	-5529	-5260	270	5538	5245
175485869	1	196	3.583E-48	2	9558	9967	224	108	0.768	1.435E-22	10	76	131	9558	9758	201	9450	10001
175485869	1	196	3.583E-48	2	9558	9967	223	89	0.822	8.479E-18	75	125	131	9815	9967	153	9713	9982
175502133	-1	227	1.668E-57	2	5260	5838	1787	124	0.741	1.413E-29	18	98	188	-5838	-5596	243	5880	5542
175502133	-1	227	1.668E-57	2	5260	5838	1790	108	0.583	4.193E-24	93	185	188	-5538	-5260	279	5538	5245
175522662	-1	353	1.961E-95	4	5260	6572	1766	46	0.579	2.539E-03	14	51	300	-6572	-6459	114	6623	6459
175522662	-1	353	1.961E-95	4	5260	6572	1780	83	0.557	1.416E-15	51	125	300	-6135	-5911	225	6159	5887
175522662	-1	353	1.961E-95	4	5260	6572	1787	121	0.697	1.293E-28	133	217	300	-5829	-5575	255	5880	5542
175522662	-1	353	1.961E-95	4	5260	6572	1790	119	0.640	5.927E-28	206	297	300	-5535	-5260	276	5538	5245
175544155	1	220	2.136E-55	1	9054	9359	213	220	1.000	1.027E-62	0	101	102	9054	9359	306	9012	9362
175562623	-1	106	4.435E-21	2	5257	6135	1780	78	0.474	8.733E-14	56	141	312	-6135	-5893	243	6159	5887
175562623	-1	106	4.435E-21	2	5257	6135	1790	103	0.574	1.365E-22	218	308	312	-5529	-5257	273	5538	5245
175576102	1	218	8.542E-55	1	9054	9359	213	218	1.000	3.633E-62	0	101	102	9054	9359	306	9012	9362
175585441	1	95	9.084E-18	1	9606	9761	224	95	0.857	3.167E-18	0	51	81	9606	9761	156	9450	10001
175591063	1	204	1.400E-50	2	9558	9979	224	109	0.776	5.611E-23	80	146	201	9558	9758	201	9450	10001
175591063	1	204	1.400E-50	2	9558	9979	223	96	0.828	2.056E-20	145	199	201	9815	9979	165	9713	9982
175612771	-1	55	9.988E-06	1	11238	11423	1662	55	0.461	2.457E-06	23	84	98	-11423	-11238	186	11435	11226
175613258	-1	53	3.995E-05	1	11238	11420	1662	53	0.450	1.663E-05	26	86	100	-11420	-11238	183	11435	11226
175613638	-1	55	9.988E-06	1	11238	11420	1662	55	0.467	2.457E-06	32	92	106	-11420	-11238	183	11435	11226
175615188	-1	55	9.988E-06	1	11238	11420	1662	55	0.467	2.457E-06	24	84	98	-11420	-11238	183	11435	11226
175629001	-1	301	8.832E-80	3	5260	6135	1780	87	0.539	5.947E-17	36	117	285	-6135	-5890	246	6159	5887
175629001	-1	301	8.832E-80	3	5260	6135	1787	112	0.691	2.555E-25	118	196	285	-5829	-5593	237	5880	5542
175629001	-1	301	8.832E-80	3	5260	6135	1790	106	0.583	1.084E-23	191	282	285	-5535	-5260	276	5538	5245
175643938	1	400	1.394E-109	3	9057	9979	213	220	1.000	5.457E-63	8	109	219	9057	9362	306	9012	9362
175643938	1	400	1.394E-109	3	9057	9979	224	113	0.801	2.449E-24	98	164	219	9558	9758	201	9450	10001
175643938	1	400	1.394E-109	3	9057	9979	223	79	0.690	3.224E-14	163	217	219	9815	9979	165	9713	9982
175665861	-1	343	2.008E-92	4	5260	6557	1766	42	0.600	6.245E-02	13	45	294	-6557	-6459	99	6623	6459
175665861	-1	343	2.008E-92	4	5260	6557	1780	84	0.563	5.471E-16	45	119	294	-6135	-5911	225	6159	5887
175665861	-1	343	2.008E-92	4	5260	6557	1787	109	0.660	3.207E-24	124	204	294	-5838	-5596	243	5880	5542
175665861	-1	343	2.008E-92	4	5260	6557	1790	115	0.618	1.024E-26	199	291	294	-5538	-5260	279	5538	5245
175666047	-1	344	1.004E-92	4	5263	6536	1766	40	0.703	3.103E-01	12	37	284	-6536	-6459	78	6623	6459
175666047	-1	344	1.004E-92	4	5263	6536	1780	95	0.584	5.573E-20	37	118	284	-6135	-5890	246	6159	5887
175666047	-1	344	1.004E-92	4	5263	6536	1787	119	0.727	1.182E-27	119	197	284	-5829	-5593	237	5880	5542
175666047	-1	344	1.004E-92	4	5263	6536	1790	92	0.579	9.685E-19	203	282	284	-5502	-5263	240	5538	5245
175701082	-1	542	2.499E-152	4	32351	34570	1104	189	0.636	3.785E-51	196	339	767	-34570	-34124	447	34591	34112
175701082	-1	542	2.499E-152	4	32351	34570	1118	49	0.463	3.474E-04	376	430	767	-33645	-33481	165	33723	33481
175701082	-1	542	2.499E-152	4	32351	34570	1137	223	0.480	5.353E-61	432	682	767	-33409	-32666	744	33430	32639
175701082	-1	542	2.499E-152	4	32351	34570	1141	116	0.657	4.721E-27	680	766	767	-32611	-32351	261	32635	32351
175727329	-1	688	2.802E-196	5	32351	35128	1095	138	0.458	2.511E-31	58	220	844	-35128	-34655	474	35506	34637
175727329	-1	688	2.802E-196	5	32351	35128	1104	175	0.571	3.234E-46	220	376	844	-34591	-34124	468	34591	34112
175727329	-1	688	2.802E-196	5	32351	35128	1118	54	0.416	7.643E-06	438	507	844	-33690	-33481	210	33723	33481
175727329	-1	688	2.802E-196	5	32351	35128	1137	259	0.544	1.513E-73	509	757	844	-33409	-32672	738	33430	32639
175727329	-1	688	2.802E-196	5	32351	35128	1141	120	0.669	1.991E-28	756	843	844	-32614	-32351	264	32635	32351
175742224	1	300	1.766E-79	2	9057	9758	213	211	0.969	1.471E-59	8	109	220	9057	9362	306	9012	9362
175742224	1	300	1.766E-79	2	9057	9758	224	100	0.718	7.470E-20	98	164	220	9558	9758	201	9450	10001
175774130	-1	535	3.199E-150	4	32672	35128	1095	126	0.428	1.923E-27	75	237	861	-35128	-34655	474	35506	34637
175774130	-1	535	3.199E-150	4	32672	35128	1104	176	0.574	1.255E-46	237	393	861	-34591	-34124	468	34591	34112
175774130	-1	535	3.199E-150	4	32672	35128	1118	46	0.380	4.427E-03	458	524	861	-33681	-33481	201	33723	33481
175774130	-1	535	3.199E-150	4	32672	35128	1137	248	0.526	1.002E-69	526	774	861	-33409	-32672	738	33430	32639
176564836	1	387	1.142E-105	3	9057	9973	213	217	0.996	9.375E-62	16	117	228	9057	9362	306	9012	9362
176564836	1	387	1.142E-105	3	9057	9973	224	103	0.741	4.482E-21	106	172	228	9558	9758	201	9450	10001
176564836	1	387	1.142E-105	3	9057	9973	223	79	0.715	2.348E-14	171	223	228	9815	9973	159	9713	9982
181193082	1	203	2.799E-50	1	9051	9362	213	203	0.921	8.172E-57	1	104	105	9051	9362	312	9012	9362
181650760	1	421	6.645E-116	3	9057	9979	213	218	0.999	4.983E-62	8	109	218	9057	9362	306	9012	9362
181650760	1	421	6.645E-116	3	9057	9979	224	109	0.781	3.000E-23	98	164	218	9558	9758	201	9450	10001
181650760	1	421	6.645E-116	3	9057	9979	223	106	0.902	1.024E-23	163	217	218	9815	9979	165	9713	9982
181919581	1	388	5.708E-106	3	9057	9964	213	217	0.996	9.375E-62	8	109	219	9057	9362	306	9012	9362
181919581	1	388	5.708E-106	3	9057	9964	224	108	0.773	7.674E-23	98	164	219	9558	9758	201	9450	10001
181919581	1	388	5.708E-106	3	9057	9964	223	75	0.719	5.597E-13	163	212	219	9815	9964	150	9713	9982
181948588	1	399	2.787E-109	3	9057	9979	213	219	1.000	1.931E-62	8	109	219	9057	9362	306	9012	9362
181948588	1	399	2.787E-109	3	9057	9979	224	112	0.799	3.349E-24	98	164	219	9558	9758	201	9450	10001
181948588	1	399	2.787E-109	3	9057	9979	223	80	0.699	1.245E-14	163	217	219	9815	9979	165	9713	9982
182379672	1	410	1.361E-112	3	9057	9982	213	214	0.986	6.242E-61	8	109	219	9057	9362	306	9012	9362
182379672	1	410	1.361E-112	3	9057	9982	224	100	0.721	5.465E-20	98	164	219	9558	9758	201	9450	10001
182379672	1	410	1.361E-112	3	9057	9982	223	108	0.902	2.101E-24	163	218	219	9815	9982	168	9713	9982
182429291	-1	360	1.532E-97	4	5260	6557	1766	55	0.776	1.185E-06	13	45	294	-6557	-6459	99	6623	6459
182429291	-1	360	1.532E-97	4	5260	6557	1780	82	0.519	2.670E-15	45	125	294	-6135	-5893	243	6159	5887
182429291	-1	360	1.532E-97	4	5260	6557	1787	112	0.722	2.555E-25	130	204	294	-5820	-5596	225	5880	5542
182429291	-1	360	1.532E-97	4	5260	6557	1790	118	0.630	1.116E-27	199	291	294	-5538	-5260	279	5538	5245
183526771	1	403	1.742E-110	3	9057	9973	213	215	0.988	4.551E-61	8	109	221	9057	9362	306	9012	9362
183526771	1	403	1.742E-110	3	9057	9973	224	107	0.766	1.963E-22	98	164	221	9558	9758	201	9450	10001
183526771	1	403	1.742E-110	3	9057	9973	223	93	0.830	2.595E-19	163	215	221	9815	9973	159	9713	9982
183933975	-1	356	2.451E-96	4	5263	6533	1766	41	0.748	1.186E-01	17	41	293	-6533	-6459	75	6623	6459
183933975	-1	356	2.451E-96	4	5263	6533	1780	89	0.549	1.219E-17	41	122	293	-6135	-5890	246	6159	5887
183933975	-1	356	2.451E-96	4	5263	6533	1787	117	0.719	4.189E-27	123	201	293	-5829	-5593	237	5880	5542
183933975	-1	356	2.451E-96	4	5263	6533	1790	112	0.614	1.288E-25	196	286	293	-5535	-5263	273	5538	5245
184240125	-1	438	5.070E-121	4	33490	35170	1095	135	0.433	2.182E-30	80	251	879	-35170	-34655	516	35506	34637
184240125	-1	438	5.070E-121	4	33490	35170	1104	199	0.637	1.037E-54	251	407	879	-34591	-34124	468	34591	34112
184240125	-1	438	5.070E-121	4	33490	35170	1109	62	0.489	1.418E-07	408	472	879	-34061	-33867	195	34250	33852
184240125	-1	438	5.070E-121	4	33490	35170	1118	50	0.473	2.527E-04	484	537	879	-33651	-33490	162	33723	33481
184500913	-1	374	9.352E-102	4	5260	6533	1766	40	0.742	1.634E-01	13	37	286	-6533	-6459	75	6623	6459
184500913	-1	374	9.352E-102	4	5260	6533	1780	98	0.596	8.325E-21	37	118	286	-6135	-5890	246	6159	5887
184500913	-1	374	9.352E-102	4	5260	6533	1787	122	0.744	9.421E-29	119	197	286	-5829	-5593	237	5880	5542
184500913	-1	374	9.352E-102	4	5260	6533	1790	115	0.635	1.024E-26	194	283	286	-5529	-5260	270	5538	5245
184751121	-1	328	6.581E-88	4	5254	6533	1766	40	0.728	3.103E-01	16	40	291	-6533	-6459	75	6623	6459
184751121	-1	328	6.581E-88	4	5254	6533	1780	74	0.501	1.516E-12	40	115	291	-6135	-5908	228	6159	5887
184751121	-1	328	6.581E-88	4	5254	6533	1787	109	0.640	3.207E-24	115	198	291	-5844	-5593	252	5880	5542
184751121	-1	328	6.581E-88	4	5254	6533	1790	105	0.583	2.803E-23	197	287	291	-5523	-5254	270	5538	5245
185033618	-1	191	1.147E-46	2	5269	5817	1787	100	0.653	4.620E-21	119	193	278	-5817	-5593	225	5880	5542
185033618	-1	191	1.147E-46	2	5269	5817	1790	92	0.551	9.685E-19	192	276	278	-5523	-5269	255	5538	5245
186145441	-1	338	6.426E-91	2	32351	33412	1137	222	0.485	7.326E-61	149	392	479	-33412	-32672	741	33430	32639
186145441	-1	338	6.426E-91	2	32351	33412	1141	117	0.654	2.506E-27	391	478	479	-32614	-32351	264	32635	32351
186179941	-1	325	5.265E-87	4	5260	6536	1766	35	0.630	1.062E+01	49	74	327	-6536	-6459	78	6623	6459
186179941	-1	325	5.265E-87	4	5260	6536	1780	88	0.545	2.298E-17	74	155	327	-6135	-5890	246	6159	5887
186179941	-1	325	5.265E-87	4	5260	6536	1787	101	0.675	1.789E-21	156	228	327	-5829	-5611	219	5880	5542
186179941	-1	325	5.265E-87	4	5260	6536	1790	102	0.577	4.845E-22	233	321	327	-5523	-5260	264	5538	5245
186436060	1	174	1.503E-41	2	20380	20969	479	136	0.651	9.835E-34	80	183	234	20380	20682	303	20377	20730
186436060	1	174	1.503E-41	2	20380	20969	483	51	0.701	2.248E-05	198	231	234	20868	20969	102	20838	20969
187827776	-1	595	2.775E-168	5	32351	35119	1095	111	0.401	3.008E-22	92	247	866	-35119	-34655	465	35506	34637
187827776	-1	595	2.775E-168	5	32351	35119	1104	170	0.561	1.423E-44	249	404	866	-34591	-34124	468	34591	34112
187827776	-1	595	2.775E-168	5	32351	35119	1118	37	0.368	6.672E+00	482	536	866	-33645	-33481	165	33723	33481
187827776	-1	595	2.775E-168	5	32351	35119	1137	231	0.501	5.367E-64	538	778	866	-33409	-32672	738	33430	32639
187827776	-1	595	2.775E-168	5	32351	35119	1141	119	0.657	5.147E-28	777	865	866	-32614	-32351	264	32635	32351
188108781	-1	421	6.645E-116	3	32351	34591	1104	187	0.604	1.833E-50	246	402	871	-34591	-34124	468	34591	34112
188108781	-1	421	6.645E-116	3	32351	34591	1137	251	0.530	1.111E-70	536	784	871	-33409	-32672	738	33430	32639
188108781	-1	421	6.645E-116	3	32351	34591	1141	116	0.650	4.721E-27	783	870	871	-32614	-32351	264	32635	32351
188256755	-1	205	6.998E-51	2	5263	5829	1787	117	0.719	4.189E-27	119	197	286	-5829	-5593	237	5880	5542
188256755	-1	205	6.998E-51	2	5263	5829	1790	93	0.524	7.056E-19	192	282	286	-5535	-5263	273	5538	5245
188318681	-1	209	4.374E-52	2	5272	5829	1787	110	0.680	1.242E-24	116	194	282	-5829	-5593	237	5880	5542
188318681	-1	209	4.374E-52	2	5272	5829	1790	102	0.597	2.572E-22	191	276	282	-5529	-5272	258	5538	5245
189255517	1	181	1.174E-43	2	27870	28459	660	145	0.736	4.296E-37	73	167	245	27870	28157	288	27864	28187
189255517	1	181	1.174E-43	2	27870	28459	665	57	0.802	1.357E-07	190	222	245	28361	28459	99	28331	28462
189307308	1	196	3.583E-48	2	20383	20966	479	157	0.779	7.152E-41	87	182	239	20383	20673	291	20377	20730
189307308	1	196	3.583E-48	2	20383	20966	483	49	0.563	5.866E-05	194	236	239	20838	20966	129	20838	20969
189471204	1	187	1.834E-45	2	27867	28291	660	153	0.764	7.696E-40	72	168	227	27867	28157	291	27864	28187
189471204	1	187	1.834E-45	2	27867	28291	662	33	0.689	3.744E+01	169	190	227	28226	28291	66	28148	28291
189471315	1	190	2.293E-46	2	27867	28291	660	152	0.759	1.987E-39	72	168	227	27867	28157	291	27864	28187
189471315	1	190	2.293E-46	2	27867	28291	662	37	0.768	1.497E+00	169	190	227	28226	28291	66	28148	28291
189477065	1	178	9.392E-43	2	20383	20969	479	142	0.679	1.177E-35	76	178	229	20383	20682	300	20377	20730
189477065	1	178	9.392E-43	2	20383	20969	483	49	0.686	5.866E-05	193	226	229	20868	20969	102	20838	20969
189605326	1	183	2.935E-44	2	27870	28459	660	145	0.692	5.895E-37	75	177	233	27870	28169	300	27864	28187
189605326	1	183	2.935E-44	2	27870	28459	665	51	0.724	1.633E-05	192	224	233	28361	28459	99	28331	28462
189667272	1	176	3.757E-42	2	27870	28459	660	140	0.713	2.622E-35	77	171	249	27870	28157	288	27864	28187
189667272	1	176	3.757E-42	2	27870	28459	665	57	0.797	1.868E-07	194	226	249	28361	28459	99	28331	28462
189810153	1	369	2.993E-100	3	9057	9958	213	214	0.984	8.562E-61	8	109	216	9057	9362	306	9012	9362
189810153	1	369	2.993E-100	3	9057	9958	224	97	0.701	6.651E-19	98	164	216	9558	9758	201	9450	10001
189810153	1	369	2.993E-100	3	9057	9958	223	70	0.702	2.518E-11	163	210	216	9815	9958	144	9713	9982
189812531	1	395	4.459E-108	3	9057	9973	213	212	0.974	5.701E-60	8	109	220	9057	9362	306	9012	9362
189812531	1	395	4.459E-108	3	9057	9973	224	106	0.758	5.018E-22	98	164	220	9558	9758	201	9450	10001
189812531	1	395	4.459E-108	3	9057	9973	223	89	0.798	6.176E-18	163	215	220	9815	9973	159	9713	9982
189817365	1	231	1.043E-58	2	9057	9964	213	207	0.956	1.843E-58	8	109	215	9057	9362	306	9012	9362
189817365	1	231	1.043E-58	2	9057	9964	223	76	0.729	2.162E-13	163	212	215	9815	9964	150	9713	9982
189838918	-1	616	1.323E-174	4	32351	35092	1095	160	0.562	3.909E-39	126	272	896	-35092	-34655	438	35506	34637
189838918	-1	616	1.323E-174	4	32351	35092	1104	195	0.626	2.432E-53	272	428	896	-34591	-34124	468	34591	34112
189838918	-1	616	1.323E-174	4	32351	35092	1137	269	0.560	8.004E-77	561	809	896	-33409	-32672	738	33430	32639
189838918	-1	616	1.323E-174	4	32351	35092	1141	123	0.685	1.582E-29	808	895	896	-32614	-32351	264	32635	32351
189843036	-1	676	1.148E-192	5	32351	34570	1104	187	0.628	1.337E-50	284	433	902	-34570	-34124	447	34591	34112
189843036	-1	676	1.148E-192	5	32351	34570	1109	59	0.460	1.270E-06	433	499	902	-34064	-33864	201	34250	33852
189843036	-1	676	1.148E-192	5	32351	34570	1118	49	0.460	4.775E-04	511	565	902	-33645	-33481	165	33723	33481
189843036	-1	676	1.148E-192	5	32351	34570	1137	261	0.548	2.295E-74	567	815	902	-33409	-32672	738	33430	32639
189843036	-1	676	1.148E-192	5	32351	34570	1141	128	0.711	1.881E-31	814	901	902	-32614	-32351	264	32635	32351
189858068	-1	694	4.378E-198	5	32351	34591	1104	197	0.632	5.021E-54	275	431	900	-34591	-34124	468	34591	34112
189858068	-1	694	4.378E-198	5	32351	34591	1109	58	0.445	2.374E-06	432	500	900	-34061	-33855	207	34250	33852
189858068	-1	694	4.378E-198	5	32351	34591	1118	48	0.451	1.240E-03	509	563	900	-33645	-33481	165	33723	33481
189858068	-1	694	4.378E-198	5	32351	34591	1137	268	0.559	1.501E-76	565	813	900	-33409	-32672	738	33430	32639
189858068	-1	694	4.378E-198	5	32351	34591	1141	127	0.704	6.673E-31	812	899	900	-32614	-32351	264	32635	32351
189921565	1	398	5.574E-109	3	9057	9964	213	215	0.988	4.551E-61	8	109	220	9057	9362	306	9012	9362
189921565	1	398	5.574E-109	3	9057	9964	224	106	0.761	3.670E-22	98	164	220	9558	9758	201	9450	10001
189921565	1	398	5.574E-109	3	9057	9964	223	89	0.837	8.479E-18	163	212	220	9815	9964	150	9713	9982
189941056	1	217	1.708E-54	1	9051	9359	213	217	0.989	6.835E-62	0	102	103	9051	9359	309	9012	9362
189965612	1	98	1.135E-18	1	9558	9758	224	98	0.711	1.907E-19	12	78	83	9558	9758	201	9450	10001
189965854	1	192	5.733E-47	2	9594	9958	224	102	0.874	8.377E-21	0	54	109	9594	9758	165	9450	10001
189965854	1	192	5.733E-47	2	9594	9958	223	91	0.885	1.738E-18	53	100	109	9815	9958	144	9713	9982
189984369	1	398	5.574E-109	3	9057	9958	213	213	0.981	1.611E-60	8	109	219	9057	9362	306	9012	9362
189984369	1	398	5.574E-109	3	9057	9958	224	108	0.768	1.435E-22	98	164	219	9558	9758	201	9450	10001
189984369	1	398	5.574E-109	3	9057	9958	223	89	0.864	1.164E-17	163	210	219	9815	9958	144	9713	9982
189991227	-1	401	6.968E-110	4	5248	6551	1766	46	0.693	1.844E-03	3	33	481	-6551	-6459	93	6623	6459
189991227	-1	401	6.968E-110	4	5248	6551	1780	108	0.649	2.203E-24	33	114	481	-6135	-5890	246	6159	5887
189991227	-1	401	6.968E-110	4	5248	6551	1787	129	0.776	2.317E-31	114	193	481	-5832	-5593	240	5880	5542
189991227	-1	401	6.968E-110	4	5248	6551	1790	122	0.633	3.432E-29	188	283	481	-5535	-5248	288	5538	5245
190020432	-1	297	1.413E-78	3	5251	6135	1780	82	0.514	2.670E-15	30	111	288	-6135	-5890	246	6159	5887
190020432	-1	297	1.413E-78	3	5251	6135	1787	110	0.616	1.242E-24	108	196	288	-5841	-5575	267	5880	5542
190020432	-1	297	1.413E-78	3	5251	6135	1790	115	0.631	7.458E-27	189	279	288	-5523	-5251	273	5538	5245
190023048	-1	572	2.328E-161	4	32351	35140	1095	136	0.459	6.344E-31	103	263	888	-35140	-34658	483	35506	34637
190023048	-1	572	2.328E-161	4	32351	35140	1104	185	0.626	6.472E-50	271	419	888	-34570	-34124	447	34591	34112
190023048	-1	572	2.328E-161	4	32351	35140	1137	265	0.555	9.899E-76	553	801	888	-33409	-32672	738	33430	32639
190023048	-1	572	2.328E-161	4	32351	35140	1141	124	0.690	6.119E-30	800	887	888	-32614	-32351	264	32635	32351
190023421	-1	572	2.328E-161	4	32351	35140	1095	136	0.457	1.177E-30	103	263	888	-35140	-34658	483	35506	34637
190023421	-1	572	2.328E-161	4	32351	35140	1104	185	0.626	6.472E-50	271	419	888	-34570	-34124	447	34591	34112
190023421	-1	572	2.328E-161	4	32351	35140	1137	265	0.555	9.899E-76	553	801	888	-33409	-32672	738	33430	32639
190023421	-1	572	2.328E-161	4	32351	35140	1141	124	0.690	6.119E-30	800	887	888	-32614	-32351	264	32635	32351
190080043	1	377	1.169E-102	3	9057	9973	213	214	0.983	1.174E-60	8	109	216	9057	9362	306	9012	9362
190080043	1	377	1.169E-102	3	9057	9973	224	98	0.711	1.907E-19	98	164	216	9558	9758	201	9450	10001
190080043	1	377	1.169E-102	3	9057	9973	223	77	0.696	1.574E-13	163	215	216	9815	9973	159	9713	9982
190111969	1	396	2.230E-108	3	9057	9958	213	213	0.981	1.611E-60	8	109	219	9057	9362	306	9012	9362
190111969	1	396	2.230E-108	3	9057	9958	224	108	0.768	1.435E-22	98	164	219	9558	9758	201	9450	10001
190111969	1	396	2.230E-108	3	9057	9958	223	87	0.846	5.681E-17	163	210	219	9815	9958	144	9713	9982
190115857	-1	269	3.793E-70	2	34124	35107	1095	104	0.395	3.952E-20	2	150	608	-35107	-34658	450	35506	34637
190115857	-1	269	3.793E-70	2	34124	35107	1104	164	0.549	1.177E-42	152	303	608	-34588	-34124	465	34591	34112
190118327	-1	184	1.468E-44	2	5254	5805	1787	96	0.665	5.796E-20	127	197	304	-5805	-5593	213	5880	5542
190118327	-1	184	1.468E-44	2	5254	5805	1790	89	0.514	8.891E-18	196	285	304	-5523	-5254	270	5538	5245
190132628	1	408	5.443E-112	3	9057	9979	213	220	1.000	7.485E-63	8	109	218	9057	9362	306	9012	9362
190132628	1	408	5.443E-112	3	9057	9979	224	107	0.766	1.963E-22	98	164	218	9558	9758	201	9450	10001
190132628	1	408	5.443E-112	3	9057	9979	223	93	0.804	2.595E-19	163	217	218	9815	9979	165	9713	9982
190154141	-1	55	9.988E-06	1	11238	11420	1662	55	0.464	3.379E-06	24	84	98	-11420	-11238	183	11435	11226
190154799	-1	122	6.768E-26	1	34658	35125	1095	122	0.430	4.163E-26	70	226	229	-35125	-34658	468	35506	34637
190155406	-1	53	3.995E-05	1	11238	11420	1662	53	0.453	1.209E-05	24	84	98	-11420	-11238	183	11435	11226
190186698	1	398	5.574E-109	3	9057	9979	213	220	1.000	5.457E-63	8	109	219	9057	9362	306	9012	9362
190186698	1	398	5.574E-109	3	9057	9979	224	113	0.801	2.449E-24	98	164	219	9558	9758	201	9450	10001
190186698	1	398	5.574E-109	3	9057	9979	223	77	0.678	1.146E-13	163	217	219	9815	9979	165	9713	9982
190187858	1	218	8.542E-55	1	9051	9359	213	218	0.992	3.633E-62	0	102	103	9051	9359	309	9012	9362
190189915	-1	525	3.276E-147	4	32672	35128	1095	124	0.433	8.953E-27	75	232	857	-35128	-34670	459	35506	34637
190189915	-1	525	3.276E-147	4	32672	35128	1104	176	0.597	9.158E-47	240	389	857	-34570	-34124	447	34591	34112
190189915	-1	525	3.276E-147	4	32672	35128	1118	45	0.372	1.150E-02	454	520	857	-33681	-33481	201	33723	33481
190189915	-1	525	3.276E-147	4	32672	35128	1137	247	0.524	1.879E-69	522	770	857	-33409	-32672	738	33430	32639
190190000	-1	289	3.618E-76	2	32672	34591	1104	172	0.565	2.145E-45	141	297	746	-34591	-34124	468	34591	34112
190190000	-1	289	3.618E-76	2	32672	34591	1137	248	0.526	1.002E-69	430	678	746	-33409	-32672	738	33430	32639
190217911	1	394	8.918E-108	3	9045	9979	213	217	0.964	6.835E-62	6	111	220	9045	9362	318	9012	9362
190217911	1	394	8.918E-108	3	9045	9979	224	104	0.748	1.754E-21	100	166	220	9558	9758	201	9450	10001
190217911	1	394	8.918E-108	3	9045	9979	223	85	0.736	2.772E-16	165	219	220	9815	9979	165	9713	9982
190238272	-1	109	5.544E-22	2	5266	6135	1780	83	0.522	7.511E-16	37	118	287	-6135	-5890	246	6159	5887
190238272	-1	109	5.544E-22	2	5266	6135	1790	102	0.586	2.572E-22	196	283	287	-5529	-5266	264	5538	5245
190242763	-1	381	7.306E-104	2	32351	33409	1137	255	0.538	3.505E-72	46	294	381	-33409	-32672	738	33430	32639
190242763	-1	381	7.306E-104	2	32351	33409	1141	127	0.706	4.862E-31	293	380	381	-32614	-32351	264	32635	32351
190245651	-1	684	4.483E-195	5	32351	35128	1095	143	0.471	4.507E-33	78	240	865	-35128	-34655	474	35506	34637
190245651	-1	684	4.483E-195	5	32351	35128	1104	184	0.598	1.216E-49	240	396	865	-34591	-34124	468	34591	34112
190245651	-1	684	4.483E-195	5	32351	35128	1118	56	0.531	1.559E-06	474	526	865	-33645	-33487	159	33723	33481
190245651	-1	684	4.483E-195	5	32351	35128	1137	259	0.545	1.105E-73	530	778	865	-33409	-32672	738	33430	32639
190245651	-1	684	4.483E-195	5	32351	35128	1141	119	0.668	2.732E-28	777	864	865	-32614	-32351	264	32635	32351
190271779	-1	101	1.419E-19	1	5563	5829	1787	101	0.573	1.789E-21	21	107	140	-5829	-5563	267	5880	5542
190290082	1	398	5.574E-109	3	9057	9979	213	218	1.000	3.633E-62	8	109	219	9057	9362	306	9012	9362
190290082	1	398	5.574E-109	3	9057	9979	224	113	0.801	2.449E-24	98	164	219	9558	9758	201	9450	10001
190290082	1	398	5.574E-109	3	9057	9979	223	79	0.690	3.224E-14	163	217	219	9815	9979	165	9713	9982
190341204	1	169	4.809E-40	2	9558	9955	224	97	0.703	4.867E-19	98	164	218	9558	9758	201	9450	10001
190341204	1	169	4.809E-40	2	9558	9955	223	73	0.740	2.733E-12	163	209	218	9815	9955	141	9713	9982
195982084	-1	341	8.033E-92	4	5260	6557	1766	41	0.595	8.605E-02	13	45	294	-6557	-6459	99	6623	6459
195982084	-1	341	8.033E-92	4	5260	6557	1780	84	0.563	5.471E-16	45	119	294	-6135	-5911	225	6159	5887
195982084	-1	341	8.033E-92	4	5260	6557	1787	107	0.650	1.559E-23	124	204	294	-5838	-5596	243	5880	5542
195982084	-1	341	8.033E-92	4	5260	6557	1790	116	0.621	5.435E-27	199	291	294	-5538	-5260	279	5538	5245
196038873	-1	355	4.903E-96	4	5260	6584	1766	50	0.546	7.532E-05	5	49	298	-6584	-6459	126	6623	6459
196038873	-1	355	4.903E-96	4	5260	6584	1780	80	0.510	9.489E-15	49	129	298	-6135	-5893	243	6159	5887
196038873	-1	355	4.903E-96	4	5260	6584	1787	123	0.640	5.006E-29	125	215	298	-5859	-5575	285	5880	5542
196038873	-1	355	4.903E-96	4	5260	6584	1790	117	0.627	2.102E-27	203	295	298	-5538	-5260	279	5538	5245
196048959	1	217	1.708E-54	3	20383	20966	479	143	0.671	6.256E-36	84	188	237	20383	20688	306	20377	20730
196048959	1	217	1.708E-54	3	20383	20966	480	32	0.658	8.405E+01	179	200	237	20733	20798	66	20682	20798
196048959	1	217	1.708E-54	3	20383	20966	483	50	0.709	4.261E-05	201	233	237	20868	20966	99	20838	20969
196092872	-1	348	6.276E-94	4	5260	6560	1766	44	0.610	1.258E-02	21	54	303	-6560	-6459	102	6623	6459
196092872	-1	348	6.276E-94	4	5260	6560	1780	83	0.557	1.416E-15	54	128	303	-6135	-5911	225	6159	5887
196092872	-1	348	6.276E-94	4	5260	6560	1787	115	0.695	1.484E-26	133	213	303	-5838	-5596	243	5880	5542
196092872	-1	348	6.276E-94	4	5260	6560	1790	113	0.610	3.631E-26	208	300	303	-5538	-5260	279	5538	5245
196149525	1	420	1.329E-115	3	9057	9979	213	218	1.000	2.649E-62	8	109	218	9057	9362	306	9012	9362
196149525	1	420	1.329E-115	3	9057	9979	224	111	0.794	6.267E-24	98	164	218	9558	9758	201	9450	10001
196149525	1	420	1.329E-115	3	9057	9979	223	103	0.877	1.292E-22	163	217	218	9815	9979	165	9713	9982
196902792	1	164	1.539E-38	2	9558	9964	224	95	0.688	3.167E-18	98	164	220	9558	9758	201	9450	10001
196902792	1	164	1.539E-38	2	9558	9964	223	70	0.678	2.518E-11	163	212	220	9815	9964	150	9713	9982
196935657	1	409	2.722E-112	3	9057	9979	213	216	0.994	1.286E-61	8	109	219	9057	9362	306	9012	9362
196935657	1	409	2.722E-112	3	9057	9979	224	109	0.776	5.611E-23	98	164	219	9558	9758	201	9450	10001
196935657	1	409	2.722E-112	3	9057	9979	223	96	0.828	2.056E-20	163	217	219	9815	9979	165	9713	9982
197303266	1	291	9.044E-77	2	9057	9758	213	204	0.942	3.167E-57	28	129	214	9057	9362	306	9012	9362
197303266	1	291	9.044E-77	2	9057	9758	224	98	0.706	3.562E-19	118	184	214	9558	9758	201	9450	10001
197689707	-1	245	6.364E-63	3	5593	6557	1766	44	0.631	9.136E-03	5	37	242	-6557	-6459	99	6623	6459
197689707	-1	245	6.364E-63	3	5593	6557	1780	96	0.584	2.154E-20	37	119	242	-6135	-5887	249	6159	5887
197689707	-1	245	6.364E-63	3	5593	6557	1787	122	0.744	9.421E-29	138	216	242	-5829	-5593	237	5880	5542
198973702	1	135	8.261E-30	2	25586	26312	607	83	0.300	3.972E-14	92	269	376	25586	26101	516	25553	26113
198973702	1	135	8.261E-30	2	25586	26312	612	55	0.430	1.358E-05	274	341	376	26109	26312	204	26070	26402
199598181	-1	348	6.276E-94	4	5254	6533	1766	42	0.762	6.245E-02	16	40	293	-6533	-6459	75	6623	6459
199598181	-1	348	6.276E-94	4	5254	6533	1780	86	0.542	8.166E-17	40	120	293	-6135	-5893	243	6159	5887
199598181	-1	348	6.276E-94	4	5254	6533	1787	110	0.673	1.242E-24	121	200	293	-5832	-5593	240	5880	5542
199598181	-1	348	6.276E-94	4	5254	6533	1790	109	0.599	1.622E-24	199	289	293	-5523	-5254	270	5538	5245
199972020	1	361	7.661E-98	3	9057	9964	213	206	0.951	4.756E-58	8	109	213	9057	9362	306	9012	9362
199972020	1	361	7.661E-98	3	9057	9964	224	98	0.688	3.562E-19	96	164	213	9552	9758	207	9450	10001
199972020	1	361	7.661E-98	3	9057	9964	223	71	0.681	1.833E-11	163	212	213	9815	9964	150	9713	9982
200325450	-1	330	1.645E-88	4	5254	6533	1766	40	0.742	1.634E-01	16	40	291	-6533	-6459	75	6623	6459
200325450	-1	330	1.645E-88	4	5254	6533	1780	73	0.498	2.858E-12	40	115	291	-6135	-5908	228	6159	5887
200325450	-1	330	1.645E-88	4	5254	6533	1787	111	0.652	4.809E-25	115	198	291	-5844	-5593	252	5880	5542
200325450	-1	330	1.645E-88	4	5254	6533	1790	106	0.585	2.042E-23	197	287	291	-5523	-5254	270	5538	5245
200950664	-1	382	3.653E-104	4	5260	6536	1766	37	0.657	2.936E+00	27	52	303	-6536	-6459	78	6623	6459
200950664	-1	382	3.653E-104	4	5260	6536	1780	98	0.596	8.325E-21	52	133	303	-6135	-5890	246	6159	5887
200950664	-1	382	3.653E-104	4	5260	6536	1787	121	0.730	2.433E-28	133	212	303	-5832	-5593	240	5880	5542
200950664	-1	382	3.653E-104	4	5260	6536	1790	128	0.698	2.169E-31	209	298	303	-5529	-5260	270	5538	5245
201008090	-1	353	1.961E-95	4	5260	6572	1766	47	0.592	9.722E-04	14	51	300	-6572	-6459	114	6623	6459
201008090	-1	353	1.961E-95	4	5260	6572	1780	84	0.566	3.984E-16	51	125	300	-6135	-5911	225	6159	5887
201008090	-1	353	1.961E-95	4	5260	6572	1787	121	0.697	1.293E-28	133	217	300	-5829	-5575	255	5880	5542
201008090	-1	353	1.961E-95	4	5260	6572	1790	117	0.634	1.532E-27	206	297	300	-5535	-5260	276	5538	5245
201132130	-1	52	7.990E-05	1	33487	33717	1118	52	0.372	5.152E-05	20	97	130	-33717	-33487	231	33723	33481
201511111	-1	490	1.126E-136	4	32351	34570	1104	171	0.583	5.526E-45	317	466	936	-34570	-34124	447	34591	34112
201511111	-1	490	1.126E-136	4	32351	34570	1118	36	0.362	1.260E+01	544	598	936	-33645	-33481	165	33723	33481
201511111	-1	490	1.126E-136	4	32351	34570	1137	237	0.503	9.057E-66	599	849	936	-33412	-32672	741	33430	32639
201511111	-1	490	1.126E-136	4	32351	34570	1141	121	0.673	1.057E-28	848	935	936	-32614	-32351	264	32635	32351
203062149	-1	490	1.126E-136	4	32351	34570	1104	171	0.583	5.526E-45	10	159	629	-34570	-34124	447	34591	34112
203062149	-1	490	1.126E-136	4	32351	34570	1118	36	0.362	1.260E+01	237	291	629	-33645	-33481	165	33723	33481
203062149	-1	490	1.126E-136	4	32351	34570	1137	237	0.503	9.057E-66	292	542	629	-33412	-32672	741	33430	32639
203062149	-1	490	1.126E-136	4	32351	34570	1141	121	0.673	1.057E-28	541	628	629	-32614	-32351	264	32635	32351
203866226	1	184	1.468E-44	2	20383	20966	479	148	0.705	7.489E-38	74	176	227	20383	20682	300	20377	20730
203866226	1	184	1.468E-44	2	20383	20966	483	49	0.704	5.866E-05	191	223	227	20868	20966	99	20838	20969
203966184	1	189	4.586E-46	2	27870	28459	660	153	0.724	1.056E-39	74	176	232	27870	28169	300	27864	28187
203966184	1	189	4.586E-46	2	27870	28459	665	49	0.698	8.076E-05	191	223	232	28361	28459	99	28331	28462
204351316	-1	285	5.788E-75	3	5254	6132	1780	85	0.541	2.113E-16	35	114	287	-6132	-5893	240	6159	5887
204351316	-1	285	5.788E-75	3	5254	6132	1787	108	0.626	4.399E-24	115	200	287	-5832	-5575	258	5880	5542
204351316	-1	285	5.788E-75	3	5254	6132	1790	98	0.550	8.375E-21	193	283	287	-5523	-5254	270	5538	5245
204354356	-1	295	5.653E-78	3	5260	6135	1780	85	0.531	2.113E-16	38	119	287	-6135	-5890	246	6159	5887
204354356	-1	295	5.653E-78	3	5260	6135	1787	108	0.672	4.399E-24	120	198	287	-5829	-5593	237	5880	5542
204354356	-1	295	5.653E-78	3	5260	6135	1790	104	0.582	7.247E-23	195	284	287	-5529	-5260	270	5538	5245
204378124	1	411	6.804E-113	3	9057	9979	213	220	1.000	7.485E-63	8	109	219	9057	9362	306	9012	9362
204378124	1	411	6.804E-113	3	9057	9979	224	112	0.799	3.349E-24	98	164	219	9558	9758	201	9450	10001
204378124	1	411	6.804E-113	3	9057	9979	223	91	0.785	1.738E-18	163	217	219	9815	9979	165	9713	9982
204381934	1	399	2.787E-109	3	9057	9979	213	213	0.981	1.611E-60	8	109	219	9057	9362	306	9012	9362
204381934	1	399	2.787E-109	3	9057	9979	224	107	0.766	1.963E-22	98	164	219	9558	9758	201	9450	10001
204381934	1	399	2.787E-109	3	9057	9979	223	91	0.785	1.738E-18	163	217	219	9815	9979	165	9713	9982
204382177	1	195	7.166E-48	2	9558	9958	224	107	0.766	1.963E-22	98	164	219	9558	9758	201	9450	10001
204382177	1	195	7.166E-48	2	9558	9958	223	89	0.871	6.176E-18	163	210	219	9815	9958	144	9713	9982
204456117	-1	356	2.451E-96	4	5260	6533	1766	37	0.686	2.129E+00	13	37	287	-6533	-6459	75	6623	6459
204456117	-1	356	2.451E-96	4	5260	6533	1780	96	0.590	2.154E-20	37	118	287	-6135	-5890	246	6159	5887
204456117	-1	356	2.451E-96	4	5260	6533	1787	117	0.717	5.747E-27	119	197	287	-5829	-5593	237	5880	5542
204456117	-1	356	2.451E-96	4	5260	6533	1790	107	0.596	7.899E-24	194	283	287	-5529	-5260	270	5538	5245
204458160	1	398	5.574E-109	3	9057	9958	213	213	0.981	1.611E-60	8	109	226	9057	9362	306	9012	9362
204458160	1	398	5.574E-109	3	9057	9958	224	104	0.875	1.754E-21	116	171	226	9591	9758	168	9450	10001
204458160	1	398	5.574E-109	3	9057	9958	223	87	0.850	4.137E-17	170	217	226	9815	9958	144	9713	9982
204467061	1	66	4.877E-09	1	26112	26372	612	66	0.404	1.978E-09	34	123	134	26112	26372	261	26070	26402
204490641	-1	367	1.197E-99	4	5314	6548	1766	42	0.650	6.245E-02	18	47	278	-6548	-6459	90	6623	6459
204490641	-1	367	1.197E-99	4	5314	6548	1780	101	0.612	6.599E-22	47	128	278	-6135	-5890	246	6159	5887
204490641	-1	367	1.197E-99	4	5314	6548	1787	124	0.747	1.938E-29	128	207	278	-5832	-5593	240	5880	5542
204490641	-1	367	1.197E-99	4	5314	6548	1790	102	0.679	4.845E-22	204	276	278	-5529	-5314	216	5538	5245
204497176	-1	196	3.583E-48	2	5260	5829	1787	97	0.712	3.080E-20	120	185	288	-5829	-5632	198	5880	5542
204497176	-1	196	3.583E-48	2	5260	5829	1790	107	0.596	7.899E-24	195	284	288	-5529	-5260	270	5538	5245
204560855	1	217	1.708E-54	1	9051	9359	213	217	0.989	6.835E-62	0	102	103	9051	9359	309	9012	9362
204591059	-1	340	1.607E-91	4	5260	6557	1766	43	0.621	1.734E-02	25	57	306	-6557	-6459	99	6623	6459
204591059	-1	340	1.607E-91	4	5260	6557	1780	72	0.494	1.016E-11	57	131	306	-6135	-5911	225	6159	5887
204591059	-1	340	1.607E-91	4	5260	6557	1787	124	0.741	1.413E-29	136	216	306	-5838	-5596	243	5880	5542
204591059	-1	340	1.607E-91	4	5260	6557	1790	108	0.583	4.193E-24	211	303	306	-5538	-5260	279	5538	5245
204634596	1	408	5.443E-112	3	9057	9979	213	219	1.000	1.931E-62	8	109	218	9057	9362	306	9012	9362
204634596	1	408	5.443E-112	3	9057	9979	224	109	0.781	3.000E-23	98	164	218	9558	9758	201	9450	10001
204634596	1	408	5.443E-112	3	9057	9979	223	92	0.794	6.715E-19	163	217	218	9815	9979	165	9713	9982
204641094	1	50	3.196E-04	1	20868	20966	483	50	0.709	4.261E-05	28	60	64	20868	20966	99	20838	20969
204697247	-1	54	1.998E-05	1	11238	11420	1662	54	0.459	6.392E-06	33	93	107	-11420	-11238	183	11435	11226
204697358	-1	55	9.988E-06	1	11238	11420	1662	55	0.464	3.379E-06	24	84	98	-11420	-11238	183	11435	11226
204697382	-1	51	1.598E-04	1	11238	11420	1662	51	0.437	8.188E-05	40	100	114	-11420	-11238	183	11435	11226
204708020	1	416	2.126E-114	3	9057	9976	213	224	1.000	3.177E-64	8	109	219	9057	9362	306	9012	9362
204708020	1	416	2.126E-114	3	9057	9976	224	104	0.746	2.398E-21	98	164	219	9558	9758	201	9450	10001
204708020	1	416	2.126E-114	3	9057	9976	223	100	0.873	8.645E-22	163	216	219	9815	9976	162	9713	9982
204711896	-1	672	1.836E-191	5	32672	35140	1095	121	0.416	1.422E-25	175	336	956	-35140	-34655	486	35506	34637
204711896	-1	672	1.836E-191	5	32672	35140	1104	185	0.599	8.873E-50	336	492	956	-34591	-34124	468	34591	34112
204711896	-1	672	1.836E-191	5	32672	35140	1109	58	0.455	2.374E-06	495	561	956	-34055	-33855	201	34250	33852
204711896	-1	672	1.836E-191	5	32672	35140	1118	50	0.390	2.527E-04	553	622	956	-33696	-33487	210	33723	33481
204711896	-1	672	1.836E-191	5	32672	35140	1137	266	0.555	5.279E-76	625	874	956	-33412	-32672	741	33430	32639
204730883	-1	348	6.276E-94	3	32351	34121	1109	66	0.419	6.169E-09	357	435	834	-34121	-33867	255	34250	33852
204730883	-1	348	6.276E-94	3	32351	34121	1137	223	0.478	5.353E-61	496	747	834	-33418	-32672	747	33430	32639
204730883	-1	348	6.276E-94	3	32351	34121	1141	119	0.664	5.147E-28	746	833	834	-32614	-32351	264	32635	32351
204730949	-1	346	2.510E-93	3	32351	34121	1109	66	0.421	4.508E-09	357	435	834	-34121	-33867	255	34250	33852
204730949	-1	346	2.510E-93	3	32351	34121	1137	222	0.478	7.326E-61	496	747	834	-33418	-32672	747	33430	32639
204730949	-1	346	2.510E-93	3	32351	34121	1141	118	0.662	7.063E-28	746	833	834	-32614	-32351	264	32635	32351
204731300	-1	407	1.089E-111	3	32672	34591	1104	177	0.577	4.873E-47	237	393	861	-34591	-34124	468	34591	34112
204731300	-1	407	1.089E-111	3	32672	34591	1118	45	0.372	1.150E-02	458	524	861	-33681	-33481	201	33723	33481
204731300	-1	407	1.089E-111	3	32672	34591	1137	247	0.524	1.879E-69	526	774	861	-33409	-32672	738	33430	32639
204753184	-1	127	2.115E-27	2	5260	6135	1780	90	0.557	3.431E-18	38	119	291	-6135	-5890	246	6159	5887
204753184	-1	127	2.115E-27	2	5260	6135	1790	111	0.609	3.331E-25	195	285	291	-5529	-5260	270	5538	5245
204759773	-1	288	7.235E-76	3	5260	6135	1780	83	0.528	7.511E-16	37	117	288	-6135	-5893	243	6159	5887
204759773	-1	288	7.235E-76	3	5260	6135	1787	107	0.612	1.559E-23	112	198	288	-5844	-5593	252	5880	5542
204759773	-1	288	7.235E-76	3	5260	6135	1790	109	0.592	8.610E-25	192	284	288	-5538	-5260	279	5538	5245
204787125	1	417	1.063E-114	3	9057	9979	213	219	1.000	1.408E-62	8	109	218	9057	9362	306	9012	9362
204787125	1	417	1.063E-114	3	9057	9979	224	108	0.771	1.049E-22	98	164	218	9558	9758	201	9450	10001
204787125	1	417	1.063E-114	3	9057	9979	223	102	0.871	2.434E-22	163	217	218	9815	9979	165	9713	9982
204787385	-1	234	1.303E-59	3	5593	6533	1766	40	0.742	1.634E-01	16	40	318	-6533	-6459	75	6623	6459
204787385	-1	234	1.303E-59	3	5593	6533	1780	82	0.519	2.670E-15	40	120	318	-6135	-5893	243	6159	5887
204787385	-1	234	1.303E-59	3	5593	6533	1787	111	0.680	4.809E-25	121	200	318	-5832	-5593	240	5880	5542
204794755	1	82	7.441E-14	1	9815	9979	223	82	0.715	2.551E-15	49	103	105	9815	9979	165	9713	9982
204795130	-1	96	4.542E-18	1	34763	35149	1095	96	0.413	1.708E-17	91	220	221	-35149	-34763	387	35506	34637
204807580	-1	234	1.303E-59	3	5593	6533	1766	43	0.783	2.388E-02	17	41	280	-6533	-6459	75	6623	6459
204807580	-1	234	1.303E-59	3	5593	6533	1780	83	0.523	1.416E-15	41	121	280	-6135	-5893	243	6159	5887
204807580	-1	234	1.303E-59	3	5593	6533	1787	107	0.657	1.559E-23	122	201	280	-5832	-5593	240	5880	5542
204840957	-1	55	9.988E-06	1	11241	11420	1662	55	0.473	2.457E-06	20	79	100	-11420	-11241	180	11435	11226
204885215	1	417	1.063E-114	3	9057	9979	213	219	1.000	1.408E-62	8	109	218	9057	9362	306	9012	9362
204885215	1	417	1.063E-114	3	9057	9979	224	108	0.771	1.049E-22	98	164	218	9558	9758	201	9450	10001
204885215	1	417	1.063E-114	3	9057	9979	223	102	0.868	3.342E-22	163	217	218	9815	9979	165	9713	9982
210864789	1	410	1.361E-112	3	9057	9976	213	217	0.997	6.835E-62	8	109	219	9057	9362	306	9012	9362
210864789	1	410	1.361E-112	3	9057	9976	224	111	0.789	1.172E-23	98	164	219	9558	9758	201	9450	10001
210864789	1	410	1.361E-112	3	9057	9976	223	94	0.820	1.890E-19	163	216	219	9815	9976	162	9713	9982
211107167	1	397	1.115E-108	3	9057	9958	213	213	0.981	1.611E-60	8	109	219	9057	9362	306	9012	9362
211107167	1	397	1.115E-108	3	9057	9958	224	107	0.766	1.963E-22	98	164	219	9558	9758	201	9450	10001
211107167	1	397	1.115E-108	3	9057	9958	223	89	0.868	8.479E-18	163	210	219	9815	9958	144	9713	9982
211213347	1	256	3.108E-66	1	16968	17477	398	256	0.739	6.929E-74	1	170	171	16968	17477	510	16893	17477
211333260	-1	329	3.290E-88	4	5254	6539	1766	38	0.649	1.545E+00	11	37	288	-6539	-6459	81	6623	6459
211333260	-1	329	3.290E-88	4	5254	6539	1780	79	0.505	2.457E-14	37	117	288	-6135	-5893	243	6159	5887
211333260	-1	329	3.290E-88	4	5254	6539	1787	113	0.631	9.895E-26	108	192	288	-5874	-5608	267	5880	5542
211333260	-1	329	3.290E-88	4	5254	6539	1790	108	0.573	4.193E-24	191	285	288	-5538	-5254	285	5538	5245
211912608	-1	282	4.631E-74	3	5260	6135	1780	79	0.500	2.457E-14	38	119	287	-6135	-5890	246	6159	5887
211912608	-1	282	4.631E-74	3	5260	6135	1787	109	0.634	3.207E-24	120	204	287	-5829	-5575	255	5880	5542
211912608	-1	282	4.631E-74	3	5260	6135	1790	102	0.575	2.572E-22	195	284	287	-5529	-5260	270	5538	5245
211914603	-1	444	7.921E-123	3	32672	35128	1095	146	0.488	2.778E-34	15	174	797	-35128	-34655	474	35506	34637
211914603	-1	444	7.921E-123	3	32672	35128	1104	203	0.646	6.061E-56	174	330	797	-34591	-34124	468	34591	34112
211914603	-1	444	7.921E-123	3	32672	35128	1137	228	0.494	1.239E-62	465	710	797	-33412	-32672	741	33430	32639
212546371	-1	511	5.368E-143	4	32351	34570	1104	171	0.583	5.526E-45	317	466	916	-34570	-34124	447	34591	34112
212546371	-1	511	5.368E-143	4	32351	34570	1118	37	0.365	9.170E+00	524	578	916	-33645	-33481	165	33723	33481
212546371	-1	511	5.368E-143	4	32351	34570	1137	237	0.503	9.057E-66	579	829	916	-33412	-32672	741	33430	32639
212546371	-1	511	5.368E-143	4	32351	34570	1141	121	0.673	1.057E-28	828	915	916	-32614	-32351	264	32635	32351
212776285	-1	121	1.354E-25	1	32351	32614	1141	121	0.673	1.057E-28	63	150	154	-32614	-32351	264	32635	32351
214045875	1	195	7.166E-48	2	9558	9979	224	108	0.768	1.435E-22	98	164	218	9558	9758	201	9450	10001
214045875	1	195	7.166E-48	2	9558	9979	223	88	0.761	2.195E-17	163	217	218	9815	9979	165	9713	9982
214080932	1	316	2.695E-84	2	9057	9758	213	219	1.000	1.408E-62	8	109	219	9057	9362	306	9012	9362
214080932	1	316	2.695E-84	2	9057	9758	224	108	0.771	1.049E-22	98	164	219	9558	9758	201	9450	10001
214396872	1	181	1.174E-43	2	27870	28459	660	145	0.736	4.296E-37	73	167	245	27870	28157	288	27864	28187
214396872	1	181	1.174E-43	2	27870	28459	665	57	0.802	1.357E-07	190	222	245	28361	28459	99	28331	28462
214534035	1	180	2.348E-43	2	20383	20969	479	144	0.687	2.424E-36	76	178	229	20383	20682	300	20377	20730
214534035	1	180	2.348E-43	2	20383	20969	483	49	0.686	5.866E-05	193	226	229	20868	20969	102	20838	20969
214957097	-1	556	1.526E-156	4	32672	35167	1095	138	0.416	1.843E-31	59	244	869	-35167	-34655	513	35506	34637
214957097	-1	556	1.526E-156	4	32672	35167	1104	186	0.603	2.512E-50	244	400	869	-34591	-34124	468	34591	34112
214957097	-1	556	1.526E-156	4	32672	35167	1118	56	0.515	1.559E-06	478	532	869	-33645	-33481	165	33723	33481
214957097	-1	556	1.526E-156	4	32672	35167	1137	250	0.529	2.084E-70	534	782	869	-33409	-32672	738	33430	32639
215012866	-1	132	6.609E-29	3	5269	6539	1766	38	0.649	1.545E+00	12	38	284	-6539	-6459	81	6623	6459
215012866	-1	132	6.609E-29	3	5269	6539	1780	77	0.488	1.647E-13	38	119	284	-6135	-5890	246	6159	5887
215012866	-1	132	6.609E-29	3	5269	6539	1790	93	0.545	5.141E-19	197	283	284	-5523	-5269	255	5538	5245
215369085	-1	390	1.427E-106	4	33487	35128	1095	118	0.414	8.964E-25	69	228	856	-35128	-34655	474	35506	34637
215369085	-1	390	1.427E-106	4	33487	35128	1104	180	0.582	5.357E-48	228	385	856	-34591	-34124	468	34591	34112
215369085	-1	390	1.427E-106	4	33487	35128	1109	62	0.483	1.418E-07	385	450	856	-34064	-33867	198	34250	33852
215369085	-1	390	1.427E-106	4	33487	35128	1118	40	0.393	5.235E-01	463	517	856	-33651	-33487	165	33723	33481
215550810	1	397	1.115E-108	3	9057	9958	213	213	0.981	1.611E-60	0	101	211	9057	9362	306	9012	9362
215550810	1	397	1.115E-108	3	9057	9958	224	108	0.768	1.435E-22	90	156	211	9558	9758	201	9450	10001
215550810	1	397	1.115E-108	3	9057	9958	223	88	0.861	1.598E-17	155	202	211	9815	9958	144	9713	9982
215705747	1	408	5.443E-112	3	9057	9979	213	219	1.000	1.931E-62	8	109	219	9057	9362	306	9012	9362
215705747	1	408	5.443E-112	3	9057	9979	224	108	0.768	1.435E-22	98	164	219	9558	9758	201	9450	10001
215705747	1	408	5.443E-112	3	9057	9979	223	93	0.804	2.595E-19	163	217	219	9815	9979	165	9713	9982
215714275	1	404	8.709E-111	3	9057	9958	213	213	0.981	1.611E-60	8	109	218	9057	9362	306	9012	9362
215714275	1	404	8.709E-111	3	9057	9958	224	111	0.794	6.267E-24	98	164	218	9558	9758	201	9450	10001
215714275	1	404	8.709E-111	3	9057	9958	223	92	0.896	6.715E-19	163	210	218	9815	9958	144	9713	9982
216363510	-1	312	4.313E-83	4	5245	6551	1766	36	0.561	4.049E+00	7	37	289	-6551	-6459	93	6623	6459
216363510	-1	312	4.313E-83	4	5245	6551	1780	76	0.488	3.105E-13	37	117	289	-6135	-5893	243	6159	5887
216363510	-1	312	4.313E-83	4	5245	6551	1787	103	0.601	2.683E-22	118	203	289	-5832	-5575	258	5880	5542
216363510	-1	312	4.313E-83	4	5245	6551	1790	104	0.556	9.946E-23	194	288	289	-5529	-5245	285	5538	5245
216456782	-1	439	2.535E-121	4	33496	35170	1095	140	0.446	3.930E-32	79	247	875	-35170	-34655	516	35506	34637
216456782	-1	439	2.535E-121	4	33496	35170	1104	201	0.667	2.141E-55	254	403	875	-34570	-34124	447	34591	34112
216456782	-1	439	2.535E-121	4	33496	35170	1109	58	0.463	3.245E-06	404	468	875	-34061	-33867	195	34250	33852
216456782	-1	439	2.535E-121	4	33496	35170	1118	44	0.375	2.173E-02	467	531	875	-33684	-33496	189	33723	33481
216669588	1	409	2.722E-112	3	9057	9979	213	219	1.000	1.931E-62	8	109	218	9057	9362	306	9012	9362
216669588	1	409	2.722E-112	3	9057	9979	224	107	0.766	1.963E-22	98	164	218	9558	9758	201	9450	10001
216669588	1	409	2.722E-112	3	9057	9979	223	95	0.816	7.304E-20	163	217	218	9815	9979	165	9713	9982
216998340	1	196	3.583E-48	2	9558	9958	224	107	0.766	1.963E-22	98	164	219	9558	9758	201	9450	10001
216998340	1	196	3.583E-48	2	9558	9958	223	90	0.875	4.498E-18	163	210	219	9815	9958	144	9713	9982
217270708	1	317	1.348E-84	2	9057	9758	213	220	1.000	5.457E-63	8	109	219	9057	9362	306	9012	9362
217270708	1	317	1.348E-84	2	9057	9758	224	108	0.773	7.674E-23	98	164	219	9558	9758	201	9450	10001
217746632	-1	287	1.447E-75	3	5254	6132	1780	87	0.550	5.947E-17	35	114	287	-6132	-5893	240	6159	5887
217746632	-1	287	1.447E-75	3	5254	6132	1787	108	0.626	4.399E-24	115	200	287	-5832	-5575	258	5880	5542
217746632	-1	287	1.447E-75	3	5254	6132	1790	98	0.550	8.375E-21	193	283	287	-5523	-5254	270	5538	5245
218133496	1	419	2.658E-115	3	9057	9979	213	219	1.000	1.408E-62	8	109	218	9057	9362	306	9012	9362
218133496	1	419	2.658E-115	3	9057	9979	224	108	0.773	7.674E-23	98	164	218	9558	9758	201	9450	10001
218133496	1	419	2.658E-115	3	9057	9979	223	104	0.889	3.637E-23	163	217	218	9815	9979	165	9713	9982
218383584	1	175	7.514E-42	2	27867	28459	660	147	0.736	1.213E-37	74	169	228	27867	28157	291	27864	28187
218383584	1	175	7.514E-42	2	27867	28459	665	49	0.693	1.112E-04	192	224	228	28361	28459	99	28331	28462
218760896	1	177	1.878E-42	2	20383	20966	479	141	0.674	3.039E-35	77	179	231	20383	20682	300	20377	20730
218760896	1	177	1.878E-42	2	20383	20966	483	49	0.698	8.076E-05	194	226	231	20868	20966	99	20838	20969
218821399	1	178	9.392E-43	2	20383	20966	479	143	0.682	6.256E-36	75	177	239	20383	20682	300	20377	20730
218821399	1	178	9.392E-43	2	20383	20966	483	48	0.683	2.108E-04	192	224	239	20868	20966	99	20838	20969
218849513	1	213	2.733E-53	3	20383	20969	479	136	0.669	1.851E-33	74	173	293	20383	20682	300	20377	20730
218849513	1	213	2.733E-53	3	20383	20969	480	32	0.666	6.086E+01	166	187	293	20733	20798	66	20682	20798
218849513	1	213	2.733E-53	3	20383	20969	483	51	0.706	1.633E-05	188	221	293	20868	20969	102	20838	20969
218902264	1	170	2.404E-40	2	20383	20966	479	134	0.650	8.989E-33	58	159	210	20383	20682	300	20377	20730
218902264	1	170	2.404E-40	2	20383	20966	483	49	0.693	1.112E-04	174	206	210	20868	20966	99	20838	20969
218908593	1	309	3.450E-82	2	9057	9758	213	214	0.983	1.174E-60	8	109	218	9057	9362	306	9012	9362
218908593	1	309	3.450E-82	2	9057	9758	224	106	0.758	5.018E-22	98	164	218	9558	9758	201	9450	10001
218926791	-1	389	2.854E-106	3	32351	34591	1104	167	0.547	1.774E-43	256	413	875	-34591	-34124	468	34591	34112
218926791	-1	389	2.854E-106	3	32351	34591	1137	237	0.512	4.833E-66	548	788	875	-33409	-32672	738	33430	32639
218926791	-1	389	2.854E-106	3	32351	34591	1141	119	0.668	2.732E-28	787	874	875	-32614	-32351	264	32635	32351
218931622	1	407	1.089E-111	3	9057	9979	213	219	1.000	1.931E-62	23	124	234	9057	9362	306	9012	9362
218931622	1	407	1.089E-111	3	9057	9979	224	108	0.768	1.435E-22	113	179	234	9558	9758	201	9450	10001
218931622	1	407	1.089E-111	3	9057	9979	223	92	0.794	6.715E-19	178	232	234	9815	9979	165	9713	9982
218961632	1	218	8.542E-55	1	9051	9359	213	218	0.994	2.649E-62	0	102	103	9051	9359	309	9012	9362
218972044	1	391	7.135E-107	3	9057	9973	213	220	1.000	7.485E-63	8	109	219	9057	9362	306	9012	9362
218972044	1	391	7.135E-107	3	9057	9973	224	103	0.741	4.482E-21	98	164	219	9558	9758	201	9450	10001
218972044	1	391	7.135E-107	3	9057	9973	223	80	0.722	1.245E-14	163	215	219	9815	9973	159	9713	9982
218986406	1	89	5.813E-16	1	25751	26104	607	89	0.415	5.119E-16	2	119	150	25751	26104	354	25553	26113
219001402	1	405	4.355E-111	3	9057	9979	213	215	0.989	3.318E-61	8	109	218	9057	9362	306	9012	9362
219001402	1	405	4.355E-111	3	9057	9979	224	109	0.781	3.000E-23	98	164	218	9558	9758	201	9450	10001
219001402	1	405	4.355E-111	3	9057	9979	223	93	0.804	2.595E-19	163	217	218	9815	9979	165	9713	9982
219021725	-1	330	1.645E-88	4	5260	6533	1766	38	0.700	1.120E+00	13	37	291	-6533	-6459	75	6623	6459
219021725	-1	330	1.645E-88	4	5260	6533	1780	82	0.514	2.670E-15	37	118	291	-6135	-5890	246	6159	5887
219021725	-1	330	1.645E-88	4	5260	6533	1787	106	0.652	2.933E-23	119	198	291	-5829	-5593	237	5880	5542
219021725	-1	330	1.645E-88	4	5260	6533	1790	103	0.588	1.874E-22	197	284	291	-5523	-5260	264	5538	5245
219032567	-1	192	5.733E-47	2	33867	34408	1104	132	0.681	2.699E-31	0	94	160	-34408	-34124	285	34591	34112
219032567	-1	192	5.733E-47	2	33867	34408	1109	59	0.471	1.270E-06	95	159	160	-34061	-33867	195	34250	33852
219076129	1	321	8.423E-86	2	9054	9758	213	221	1.000	3.979E-63	15	117	227	9054	9362	309	9012	9362
219076129	1	321	8.423E-86	2	9054	9758	224	111	0.794	6.267E-24	106	172	227	9558	9758	201	9450	10001
219106780	1	399	2.787E-109	3	9057	9958	213	218	1.000	2.649E-62	8	109	218	9057	9362	306	9012	9362
219106780	1	399	2.787E-109	3	9057	9958	224	108	0.768	1.435E-22	98	164	218	9558	9758	201	9450	10001
219106780	1	399	2.787E-109	3	9057	9958	223	85	0.829	2.772E-16	163	210	218	9815	9958	144	9713	9982
219125917	-1	259	3.885E-67	3	5263	6135	1780	62	0.416	2.056E-08	36	116	287	-6135	-5893	243	6159	5887
219125917	-1	259	3.885E-67	3	5263	6135	1787	98	0.610	1.636E-20	118	197	287	-5829	-5593	237	5880	5542
219125917	-1	259	3.885E-67	3	5263	6135	1790	99	0.598	3.239E-21	200	282	287	-5511	-5263	249	5538	5245
219129272	-1	321	8.423E-86	5	32351	35131	1095	142	0.474	8.369E-33	80	240	868	-35131	-34655	477	35506	34637
219129272	-1	321	8.423E-86	5	32351	35131	1104	204	0.650	2.352E-56	240	396	868	-34591	-34124	468	34591	34112
219129272	-1	321	8.423E-86	5	32351	35131	1109	62	0.489	1.418E-07	397	461	868	-34061	-33867	195	34250	33852
219129272	-1	321	8.423E-86	5	32351	35131	1118	47	0.448	3.221E-03	473	526	868	-33651	-33490	162	33723	33481
219129272	-1	321	8.423E-86	5	32351	35131	1141	125	0.696	2.367E-30	780	867	868	-32614	-32351	264	32635	32351
219134461	-1	395	4.459E-108	4	5251	6548	1766	44	0.685	9.136E-03	20	49	300	-6548	-6459	90	6623	6459
219134461	-1	395	4.459E-108	4	5251	6548	1780	101	0.614	4.807E-22	49	130	300	-6135	-5890	246	6159	5887
219134461	-1	395	4.459E-108	4	5251	6548	1787	121	0.730	2.433E-28	130	209	300	-5832	-5593	240	5880	5542
219134461	-1	395	4.459E-108	4	5251	6548	1790	129	0.695	1.152E-31	208	298	300	-5523	-5251	273	5538	5245
219138730	1	218	8.542E-55	1	9051	9359	213	218	0.992	3.633E-62	0	102	103	9051	9359	309	9012	9362
219143703	1	398	5.574E-109	3	9057	9979	213	220	1.000	5.457E-63	8	109	219	9057	9362	306	9012	9362
219143703	1	398	5.574E-109	3	9057	9979	224	111	0.794	6.267E-24	98	164	219	9558	9758	201	9450	10001
219143703	1	398	5.574E-109	3	9057	9979	223	79	0.690	3.224E-14	163	217	219	9815	9979	165	9713	9982
219171536	1	178	9.392E-43	2	9558	9973	224	101	0.728	2.140E-20	98	164	220	9558	9758	201	9450	10001
219171536	1	178	9.392E-43	2	9558	9973	223	78	0.706	6.079E-14	163	215	220	9815	9973	159	9713	9982
219213844	1	219	4.271E-55	1	9051	9359	213	219	0.995	1.931E-62	0	102	103	9051	9359	309	9012	9362
219215681	-1	394	8.918E-108	4	5251	6539	1766	44	0.744	1.258E-02	30	56	307	-6539	-6459	81	6623	6459
219215681	-1	394	8.918E-108	4	5251	6539	1780	101	0.614	4.807E-22	56	137	307	-6135	-5890	246	6159	5887
219215681	-1	394	8.918E-108	4	5251	6539	1787	120	0.728	3.338E-28	137	216	307	-5832	-5593	240	5880	5542
219215681	-1	394	8.918E-108	4	5251	6539	1790	129	0.695	1.152E-31	215	305	307	-5523	-5251	273	5538	5245
219237909	-1	51	1.598E-04	1	11238	11420	1662	51	0.439	5.953E-05	51	108	122	-11420	-11238	183	11435	11226
219239918	-1	54	1.998E-05	1	11238	11420	1662	54	0.461	4.648E-06	24	84	98	-11420	-11238	183	11435	11226
219294950	1	396	2.230E-108	3	9057	9958	213	213	0.981	1.611E-60	8	109	219	9057	9362	306	9012	9362
219294950	1	396	2.230E-108	3	9057	9958	224	108	0.768	1.435E-22	98	164	219	9558	9758	201	9450	10001
219294950	1	396	2.230E-108	3	9057	9958	223	87	0.854	3.013E-17	163	210	219	9815	9958	144	9713	9982
219308378	-1	296	2.826E-78	3	5254	6135	1780	84	0.532	3.984E-16	41	121	295	-6135	-5893	243	6159	5887
219308378	-1	296	2.826E-78	3	5254	6135	1787	106	0.657	4.024E-23	123	201	295	-5829	-5593	237	5880	5542
219308378	-1	296	2.826E-78	3	5254	6135	1790	110	0.584	6.274E-25	196	290	295	-5535	-5254	282	5538	5245
219326106	-1	344	1.004E-92	4	5254	6533	1766	40	0.742	1.634E-01	16	40	293	-6533	-6459	75	6623	6459
219326106	-1	344	1.004E-92	4	5254	6533	1780	85	0.536	2.113E-16	40	120	293	-6135	-5893	243	6159	5887
219326106	-1	344	1.004E-92	4	5254	6533	1787	111	0.680	4.809E-25	121	200	293	-5832	-5593	240	5880	5542
219326106	-1	344	1.004E-92	4	5254	6533	1790	107	0.590	7.899E-24	199	289	293	-5523	-5254	270	5538	5245
219358130	-1	51	1.598E-04	1	11250	11417	1662	51	0.466	8.188E-05	47	102	105	-11417	-11250	168	11435	11226
219367101	1	408	5.443E-112	3	9057	9976	213	217	0.997	6.835E-62	8	109	219	9057	9362	306	9012	9362
219367101	1	408	5.443E-112	3	9057	9976	224	108	0.768	1.435E-22	98	164	219	9558	9758	201	9450	10001
219367101	1	408	5.443E-112	3	9057	9976	223	95	0.832	5.320E-20	163	216	219	9815	9976	162	9713	9982
219367540	-1	200	2.239E-49	2	5272	5829	1787	104	0.651	1.039E-22	116	194	282	-5829	-5593	237	5880	5542
219367540	-1	200	2.239E-49	2	5272	5829	1790	99	0.581	3.239E-21	191	276	282	-5529	-5272	258	5538	5245
219385219	-1	197	1.791E-48	2	5269	5817	1787	103	0.671	3.681E-22	119	193	278	-5817	-5593	225	5880	5542
219385219	-1	197	1.791E-48	2	5269	5817	1790	95	0.567	7.687E-20	192	276	278	-5523	-5269	255	5538	5245
219403325	-1	309	3.450E-82	4	5260	6533	1766	34	0.624	3.846E+01	14	38	287	-6533	-6459	75	6623	6459
219403325	-1	309	3.450E-82	4	5260	6533	1780	78	0.497	8.733E-14	38	118	287	-6135	-5893	243	6159	5887
219403325	-1	309	3.450E-82	4	5260	6533	1787	100	0.585	3.367E-21	119	204	287	-5832	-5575	258	5880	5542
219403325	-1	309	3.450E-82	4	5260	6533	1790	106	0.583	1.084E-23	193	284	287	-5535	-5260	276	5538	5245
219403916	-1	338	6.426E-91	4	5260	6551	1766	44	0.666	9.136E-03	19	49	297	-6551	-6459	93	6623	6459
219403916	-1	338	6.426E-91	4	5260	6551	1780	77	0.494	1.199E-13	49	129	297	-6135	-5893	243	6159	5887
219403916	-1	338	6.426E-91	4	5260	6551	1787	122	0.639	6.867E-29	125	215	297	-5859	-5575	285	5880	5542
219403916	-1	338	6.426E-91	4	5260	6551	1790	110	0.596	4.571E-25	203	295	297	-5538	-5260	279	5538	5245
219426559	1	398	5.574E-109	3	9057	9979	213	218	1.000	2.649E-62	58	159	268	9057	9362	306	9012	9362
219426559	1	398	5.574E-109	3	9057	9979	224	108	0.768	1.435E-22	148	214	268	9558	9758	201	9450	10001
219426559	1	398	5.574E-109	3	9057	9979	223	84	0.733	3.806E-16	213	267	268	9815	9979	165	9713	9982
226295287	-1	288	7.235E-76	5	32351	35128	1095	135	0.459	2.182E-30	131	289	919	-35128	-34655	474	35506	34637
226295287	-1	288	7.235E-76	5	32351	35128	1104	182	0.588	8.073E-49	289	446	919	-34591	-34124	468	34591	34112
226295287	-1	288	7.235E-76	5	32351	35128	1109	59	0.473	9.284E-07	447	511	919	-34061	-33867	195	34250	33852
226295287	-1	288	7.235E-76	5	32351	35128	1118	45	0.438	1.581E-02	527	579	919	-33645	-33487	159	33723	33481
226295287	-1	288	7.235E-76	5	32351	35128	1141	128	0.709	2.582E-31	831	918	919	-32614	-32351	264	32635	32351
226483467	-1	325	5.265E-87	4	5266	6533	1766	37	0.679	2.936E+00	14	38	286	-6533	-6459	75	6623	6459
226483467	-1	325	5.265E-87	4	5266	6533	1780	83	0.523	1.416E-15	38	117	286	-6135	-5893	243	6159	5887
226483467	-1	325	5.265E-87	4	5266	6533	1787	116	0.670	1.082E-26	119	203	286	-5829	-5575	255	5880	5542
226483467	-1	325	5.265E-87	4	5266	6533	1790	98	0.553	1.150E-20	192	281	286	-5535	-5266	270	5538	5245
227049844	-1	268	7.587E-70	3	5263	6135	1780	74	0.545	1.104E-12	31	99	283	-6135	-5929	207	6159	5887
227049844	-1	268	7.587E-70	3	5263	6135	1787	105	0.655	5.521E-23	117	195	283	-5829	-5593	237	5880	5542
227049844	-1	268	7.587E-70	3	5263	6135	1790	108	0.609	2.226E-24	192	280	283	-5529	-5263	267	5538	5245
227440231	1	320	1.685E-85	2	9057	9758	213	220	1.000	5.457E-63	8	109	176	9057	9362	306	9012	9362
227440231	1	320	1.685E-85	2	9057	9758	224	111	0.794	6.267E-24	98	164	176	9558	9758	201	9450	10001
228020019	-1	852	1.198E-245	6	32351	35152	1095	137	0.448	4.658E-31	85	251	879	-35152	-34655	498	35506	34637
228020019	-1	852	1.198E-245	6	32351	35152	1104	195	0.625	3.334E-53	251	407	879	-34591	-34124	468	34591	34112
228020019	-1	852	1.198E-245	6	32351	35152	1109	63	0.494	7.580E-08	408	472	879	-34061	-33867	195	34250	33852
228020019	-1	852	1.198E-245	6	32351	35152	1118	47	0.479	2.343E-03	486	535	879	-33645	-33496	150	33723	33481
228020019	-1	852	1.198E-245	6	32351	35152	1137	294	0.600	1.059E-85	541	791	879	-33412	-32675	738	33430	32639
228020019	-1	852	1.198E-245	6	32351	35152	1141	128	0.709	2.582E-31	791	878	879	-32614	-32351	264	32635	32351
228055447	1	88	1.163E-15	1	25574	26107	607	88	0.305	9.536E-16	115	298	310	25574	26107	534	25553	26113
228706511	-1	581	4.547E-164	4	32351	35158	1095	145	0.453	5.161E-34	53	227	852	-35158	-34652	507	35506	34637
228706511	-1	581	4.547E-164	4	32351	35158	1104	192	0.632	2.213E-52	231	383	852	-34579	-34124	456	34591	34112
228706511	-1	581	4.547E-164	4	32351	35158	1137	255	0.537	4.800E-72	517	765	852	-33409	-32672	738	33430	32639
228706511	-1	581	4.547E-164	4	32351	35158	1141	123	0.685	1.582E-29	764	851	852	-32614	-32351	264	32635	32351
229037466	1	452	3.094E-125	3	9057	9982	213	225	1.000	1.231E-64	8	109	219	9057	9362	306	9012	9362
229037466	1	452	3.094E-125	3	9057	9982	224	116	0.821	1.996E-25	98	164	219	9558	9758	201	9450	10001
229037466	1	452	3.094E-125	3	9057	9982	223	123	1.000	1.710E-29	163	218	219	9815	9982	168	9713	9982
229114950	-1	545	3.124E-153	4	32672	35128	1095	137	0.457	3.420E-31	71	233	858	-35128	-34655	474	35506	34637
229114950	-1	545	3.124E-153	4	32672	35128	1104	182	0.591	8.073E-49	233	389	858	-34591	-34124	468	34591	34112
229114950	-1	545	3.124E-153	4	32672	35128	1118	46	0.439	4.427E-03	467	521	858	-33645	-33481	165	33723	33481
229114950	-1	545	3.124E-153	4	32672	35128	1137	254	0.536	8.998E-72	523	771	858	-33409	-32672	738	33430	32639
230154940	1	165	7.694E-39	2	25583	26372	607	100	0.342	8.285E-20	208	383	502	25583	26104	522	25553	26113
230154940	1	165	7.694E-39	2	25583	26372	612	68	0.408	2.973E-10	388	479	502	26112	26372	261	26070	26402
230177864	-1	273	2.371E-71	3	5266	6135	1780	79	0.507	1.789E-14	38	118	287	-6135	-5893	243	6159	5887
230177864	-1	273	2.371E-71	3	5266	6135	1787	99	0.579	8.695E-21	119	204	287	-5832	-5575	258	5880	5542
230177864	-1	273	2.371E-71	3	5266	6135	1790	101	0.589	9.126E-22	197	282	287	-5523	-5266	258	5538	5245
230270966	1	418	5.316E-115	3	9057	9979	213	219	1.000	1.408E-62	8	109	218	9057	9362	306	9012	9362
230270966	1	418	5.316E-115	3	9057	9979	224	108	0.771	1.049E-22	98	164	218	9558	9758	201	9450	10001
230270966	1	418	5.316E-115	3	9057	9979	223	103	0.877	1.292E-22	163	217	218	9815	9979	165	9713	9982
230335060	-1	394	8.918E-108	4	5251	6539	1766	44	0.744	1.258E-02	30	56	307	-6539	-6459	81	6623	6459
230335060	-1	394	8.918E-108	4	5251	6539	1780	101	0.614	4.807E-22	56	137	307	-6135	-5890	246	6159	5887
230335060	-1	394	8.918E-108	4	5251	6539	1787	120	0.728	3.338E-28	137	216	307	-5832	-5593	240	5880	5542
230335060	-1	394	8.918E-108	4	5251	6539	1790	129	0.695	1.152E-31	215	305	307	-5523	-5251	273	5538	5245
230905758	1	398	5.574E-109	3	9057	9964	213	215	0.988	4.551E-61	8	109	220	9057	9362	306	9012	9362
230905758	1	398	5.574E-109	3	9057	9964	224	106	0.761	3.670E-22	98	164	220	9558	9758	201	9450	10001
230905758	1	398	5.574E-109	3	9057	9964	223	89	0.837	8.479E-18	163	212	220	9815	9964	150	9713	9982
231061757	1	414	8.505E-114	3	9057	9979	213	220	1.000	7.485E-63	8	109	218	9057	9362	306	9012	9362
231061757	1	414	8.505E-114	3	9057	9979	224	107	0.766	1.963E-22	98	164	218	9558	9758	201	9450	10001
231061757	1	414	8.505E-114	3	9057	9979	223	99	0.850	2.237E-21	163	217	218	9815	9979	165	9713	9982
232564084	-1	429	2.596E-118	4	33487	35152	1095	138	0.451	1.843E-31	87	253	881	-35152	-34655	498	35506	34637
232564084	-1	429	2.596E-118	4	33487	35152	1104	190	0.611	2.014E-51	253	409	881	-34591	-34124	468	34591	34112
232564084	-1	429	2.596E-118	4	33487	35152	1109	59	0.473	9.284E-07	410	474	881	-34061	-33867	195	34250	33852
232564084	-1	429	2.596E-118	4	33487	35152	1118	51	0.367	9.733E-05	463	540	881	-33717	-33487	231	33723	33481
233056801	1	174	1.503E-41	2	20380	20969	479	136	0.651	9.835E-34	81	184	235	20380	20682	303	20377	20730
233056801	1	174	1.503E-41	2	20380	20969	483	51	0.701	2.248E-05	199	232	235	20868	20969	102	20838	20969
233120043	1	177	1.878E-42	2	20380	20969	479	139	0.662	1.076E-34	81	184	235	20380	20682	303	20377	20730
233120043	1	177	1.878E-42	2	20380	20969	483	51	0.701	2.248E-05	199	232	235	20868	20969	102	20838	20969
233334472	1	188	9.172E-46	2	27870	28462	660	149	0.708	2.495E-38	73	175	228	27870	28169	300	27864	28187
233334472	1	188	9.172E-46	2	27870	28462	665	52	0.716	8.619E-06	190	223	228	28361	28462	102	28331	28462
233365360	-1	53	3.995E-05	1	9195	9362	1711	53	0.487	2.031E-05	44	99	102	-9362	-9195	168	9443	9177
233408329	1	193	2.866E-47	2	27870	28462	660	151	0.716	5.132E-39	77	179	232	27870	28169	300	27864	28187
233408329	1	193	2.866E-47	2	27870	28462	665	55	0.751	9.214E-07	194	227	232	28361	28462	102	28331	28462
233447034	1	197	1.791E-48	2	9558	9958	224	107	0.766	1.963E-22	98	164	219	9558	9758	201	9450	10001
233447034	1	197	1.791E-48	2	9558	9958	223	91	0.882	2.386E-18	163	210	219	9815	9958	144	9713	9982
233472539	-1	101	1.419E-19	1	5263	5520	1790	101	0.589	9.126E-22	82	167	170	-5520	-5263	258	5538	5245
233478643	1	317	1.348E-84	2	9048	9758	213	220	0.985	5.457E-63	3	107	217	9048	9362	315	9012	9362
233478643	1	317	1.348E-84	2	9048	9758	224	108	0.773	7.674E-23	96	162	217	9558	9758	201	9450	10001
233479150	-1	375	4.676E-102	3	32351	34591	1104	176	0.572	9.158E-47	228	385	845	-34591	-34124	468	34591	34112
233479150	-1	375	4.676E-102	3	32351	34591	1137	222	0.498	7.326E-61	526	758	845	-33388	-32672	717	33430	32639
233479150	-1	375	4.676E-102	3	32351	34591	1141	117	0.658	1.331E-27	757	844	845	-32614	-32351	264	32635	32351
233483315	1	418	5.316E-115	3	9057	9982	213	219	1.000	1.408E-62	8	109	219	9057	9362	306	9012	9362
233483315	1	418	5.316E-115	3	9057	9982	224	109	0.779	4.103E-23	98	164	219	9558	9758	201	9450	10001
233483315	1	418	5.316E-115	3	9057	9982	223	102	0.860	1.773E-22	163	218	219	9815	9982	168	9713	9982
233526943	1	68	1.219E-09	1	26100	26372	612	68	0.400	4.078E-10	6	99	160	26100	26372	273	26070	26402
233532645	-1	272	4.742E-71	3	5260	6135	1780	73	0.467	3.924E-12	38	119	287	-6135	-5890	246	6159	5887
233532645	-1	272	4.742E-71	3	5260	6135	1787	109	0.569	3.207E-24	112	204	287	-5865	-5575	291	5880	5542
233532645	-1	272	4.742E-71	3	5260	6135	1790	108	0.592	2.226E-24	193	284	287	-5535	-5260	276	5538	5245
233547128	-1	399	2.787E-109	4	5251	6548	1766	48	0.742	3.724E-04	20	49	300	-6548	-6459	90	6623	6459
233547128	-1	399	2.787E-109	4	5251	6548	1780	104	0.627	7.184E-23	49	130	300	-6135	-5890	246	6159	5887
233547128	-1	399	2.787E-109	4	5251	6548	1787	121	0.730	2.433E-28	130	209	300	-5832	-5593	240	5880	5542
233547128	-1	399	2.787E-109	4	5251	6548	1790	126	0.682	1.056E-30	208	298	300	-5523	-5251	273	5538	5245
233617762	-1	181	1.174E-43	3	5260	6533	1766	46	0.831	2.539E-03	15	39	270	-6533	-6459	75	6623	6459
233617762	-1	181	1.174E-43	3	5260	6533	1780	86	0.537	8.166E-17	39	120	270	-6135	-5890	246	6159	5887
233617762	-1	181	1.174E-43	3	5260	6533	1790	106	0.626	1.488E-23	179	262	270	-5511	-5260	252	5538	5245
233636520	1	413	1.701E-113	3	9057	9979	213	220	1.000	7.485E-63	8	109	218	9057	9362	306	9012	9362
233636520	1	413	1.701E-113	3	9057	9979	224	107	0.766	1.963E-22	98	164	218	9558	9758	201	9450	10001
233636520	1	413	1.701E-113	3	9057	9979	223	98	0.837	7.945E-21	163	217	218	9815	9979	165	9713	9982
233642750	-1	237	1.629E-60	3	5593	6533	1766	40	0.735	2.252E-01	16	40	318	-6533	-6459	75	6623	6459
233642750	-1	237	1.629E-60	3	5593	6533	1780	85	0.534	2.902E-16	40	120	318	-6135	-5893	243	6159	5887
233642750	-1	237	1.629E-60	3	5593	6533	1787	111	0.680	4.809E-25	121	200	318	-5832	-5593	240	5880	5542
233651810	1	402	3.484E-110	3	9057	9973	213	215	0.989	3.318E-61	8	109	219	9057	9362	306	9012	9362
233651810	1	402	3.484E-110	3	9057	9973	224	110	0.784	2.193E-23	98	164	219	9558	9758	201	9450	10001
233651810	1	402	3.484E-110	3	9057	9973	223	89	0.792	1.164E-17	163	215	219	9815	9973	159	9713	9982
233669305	-1	172	6.011E-41	1	32792	33301	1137	172	0.530	1.381E-43	0	168	189	-33301	-32792	510	33430	32639
233670974	-1	233	2.607E-59	3	5593	6533	1766	40	0.742	1.634E-01	16	40	300	-6533	-6459	75	6623	6459
233670974	-1	233	2.607E-59	3	5593	6533	1780	87	0.534	5.947E-17	40	122	300	-6135	-5887	249	6159	5887
233670974	-1	233	2.607E-59	3	5593	6533	1787	109	0.664	1.704E-24	127	207	300	-5835	-5593	243	5880	5542
233691260	1	215	6.834E-54	1	9054	9359	213	215	0.989	3.318E-61	0	101	102	9054	9359	306	9012	9362
233700828	1	61	1.561E-07	1	26079	26372	612	61	0.338	1.643E-07	7	112	122	26079	26372	294	26070	26402
233708495	-1	101	1.419E-19	1	5260	5529	1790	101	0.569	6.649E-22	58	147	151	-5529	-5260	270	5538	5245
233728498	1	407	1.089E-111	3	9057	9979	213	216	0.992	1.764E-61	8	109	219	9057	9362	306	9012	9362
233728498	1	407	1.089E-111	3	9057	9979	224	105	0.753	9.382E-22	98	164	219	9558	9758	201	9450	10001
233728498	1	407	1.089E-111	3	9057	9979	223	98	0.837	7.945E-21	163	217	219	9815	9979	165	9713	9982
233728597	-1	391	7.135E-107	4	5251	6548	1766	46	0.707	2.539E-03	60	89	340	-6548	-6459	90	6623	6459
233728597	-1	391	7.135E-107	4	5251	6548	1780	97	0.594	1.143E-20	89	170	340	-6135	-5890	246	6159	5887
233728597	-1	391	7.135E-107	4	5251	6548	1787	122	0.736	9.421E-29	170	249	340	-5832	-5593	240	5880	5542
233728597	-1	391	7.135E-107	4	5251	6548	1790	126	0.680	1.449E-30	248	338	340	-5523	-5251	273	5538	5245
233762974	1	196	3.583E-48	2	9558	9958	224	108	0.768	1.435E-22	98	164	219	9558	9758	201	9450	10001
233762974	1	196	3.583E-48	2	9558	9958	223	89	0.864	1.164E-17	163	210	219	9815	9958	144	9713	9982
233765379	1	256	3.108E-66	2	9057	9973	213	214	0.983	1.174E-60	8	109	220	9057	9362	306	9012	9362
233765379	1	256	3.108E-66	2	9057	9973	223	94	0.840	1.003E-19	163	215	220	9815	9973	159	9713	9982
233780803	-1	55	9.988E-06	1	11238	11420	1662	55	0.470	1.787E-06	11	71	85	-11420	-11238	183	11435	11226
233781425	-1	53	3.995E-05	1	11238	11420	1662	53	0.456	8.791E-06	24	84	98	-11420	-11238	183	11435	11226
233800206	-1	254	1.243E-65	3	5263	6135	1780	71	0.525	1.395E-11	28	96	280	-6135	-5929	207	6159	5887
233800206	-1	254	1.243E-65	3	5263	6135	1787	107	0.666	1.136E-23	114	192	280	-5829	-5593	237	5880	5542
233800206	-1	254	1.243E-65	3	5263	6135	1790	93	0.545	5.141E-19	191	277	280	-5523	-5263	261	5538	5245
233802277	1	319	3.369E-85	2	9057	9770	213	219	1.000	1.931E-62	8	109	175	9057	9362	306	9012	9362
233802277	1	319	3.369E-85	2	9057	9770	224	111	0.755	6.267E-24	98	166	175	9558	9770	213	9450	10001
233814598	1	410	1.361E-112	3	9057	9976	213	219	1.000	1.408E-62	8	109	218	9057	9362	306	9012	9362
233814598	1	410	1.361E-112	3	9057	9976	224	108	0.768	1.435E-22	98	164	218	9558	9758	201	9450	10001
233814598	1	410	1.361E-112	3	9057	9976	223	95	0.829	7.304E-20	163	216	218	9815	9976	162	9713	9982
233826553	1	408	5.443E-112	3	9057	9979	213	219	1.000	1.931E-62	8	109	219	9057	9362	306	9012	9362
233826553	1	408	5.443E-112	3	9057	9979	224	106	0.758	5.018E-22	98	164	219	9558	9758	201	9450	10001
233826553	1	408	5.443E-112	3	9057	9979	223	95	0.816	7.304E-20	163	217	219	9815	9979	165	9713	9982
233840808	-1	392	3.567E-107	4	5251	6548	1766	44	0.679	1.258E-02	29	58	309	-6548	-6459	90	6623	6459
233840808	-1	392	3.567E-107	4	5251	6548	1780	95	0.582	7.651E-20	58	139	309	-6135	-5890	246	6159	5887
233840808	-1	392	3.567E-107	4	5251	6548	1787	123	0.745	2.659E-29	139	218	309	-5832	-5593	240	5880	5542
233840808	-1	392	3.567E-107	4	5251	6548	1790	132	0.697	9.159E-33	215	307	309	-5529	-5251	279	5538	5245
233860021	1	195	7.166E-48	2	9558	9982	224	109	0.781	3.000E-23	81	147	202	9558	9758	201	9450	10001
233860021	1	195	7.166E-48	2	9558	9982	223	87	0.746	3.013E-17	146	201	202	9815	9982	168	9713	9982
233867499	1	411	6.804E-113	3	9057	9973	213	221	1.000	2.901E-63	8	109	219	9057	9362	306	9012	9362
233867499	1	411	6.804E-113	3	9057	9973	224	109	0.779	4.103E-23	98	164	219	9558	9758	201	9450	10001
233867499	1	411	6.804E-113	3	9057	9973	223	93	0.824	4.891E-19	163	215	219	9815	9973	159	9713	9982
233870197	-1	347	1.255E-93	4	5260	6557	1766	43	0.616	2.388E-02	18	50	298	-6557	-6459	99	6623	6459
233870197	-1	347	1.255E-93	4	5260	6557	1780	81	0.550	3.666E-15	50	124	298	-6135	-5911	225	6159	5887
233870197	-1	347	1.255E-93	4	5260	6557	1787	115	0.693	2.036E-26	129	209	298	-5838	-5596	243	5880	5542
233870197	-1	347	1.255E-93	4	5260	6557	1790	115	0.616	1.405E-26	204	296	298	-5538	-5260	279	5538	5245
233870738	-1	392	3.567E-107	4	5251	6539	1766	42	0.725	3.290E-02	33	59	310	-6539	-6459	81	6623	6459
233870738	-1	392	3.567E-107	4	5251	6539	1780	96	0.590	2.154E-20	59	140	310	-6135	-5890	246	6159	5887
233870738	-1	392	3.567E-107	4	5251	6539	1787	122	0.736	9.421E-29	140	219	310	-5832	-5593	240	5880	5542
233870738	-1	392	3.567E-107	4	5251	6539	1790	132	0.708	1.257E-32	218	308	310	-5523	-5251	273	5538	5245
233878324	1	175	7.514E-42	2	27870	28291	660	148	0.705	4.696E-38	49	151	203	27870	28169	300	27864	28187
233878324	1	175	7.514E-42	2	27870	28291	662	33	0.710	5.168E+01	145	165	203	28229	28291	63	28148	28291
233920826	-1	290	1.809E-76	3	5260	6135	1780	77	0.494	1.199E-13	50	130	299	-6135	-5893	243	6159	5887
233920826	-1	290	1.809E-76	3	5260	6135	1787	112	0.684	2.555E-25	131	210	299	-5832	-5593	240	5880	5542
233920826	-1	290	1.809E-76	3	5260	6135	1790	105	0.576	3.847E-23	205	296	299	-5535	-5260	276	5538	5245
233945352	-1	561	4.767E-158	4	32672	35116	1095	151	0.510	4.938E-36	137	292	915	-35116	-34655	462	35506	34637
233945352	-1	561	4.767E-158	4	32672	35116	1104	201	0.639	2.141E-55	292	449	915	-34591	-34124	468	34591	34112
233945352	-1	561	4.767E-158	4	32672	35116	1109	58	0.458	3.245E-06	449	514	915	-34064	-33867	198	34250	33852
233945352	-1	561	4.767E-158	4	32672	35116	1137	226	0.505	5.951E-62	592	828	915	-33385	-32672	714	33430	32639
233965612	-1	227	1.668E-57	3	5593	6545	1766	43	0.668	2.388E-02	9	38	291	-6545	-6459	87	6623	6459
233965612	-1	227	1.668E-57	3	5593	6545	1780	84	0.530	5.471E-16	38	118	291	-6135	-5893	243	6159	5887
233965612	-1	227	1.668E-57	3	5593	6545	1787	99	0.615	8.695E-21	119	198	291	-5832	-5593	240	5880	5542
239914965	-1	138	1.033E-30	1	34655	35152	1095	138	0.451	1.843E-31	3	169	181	-35152	-34655	498	35506	34637
239995909	-1	186	3.669E-45	2	5263	5829	1787	99	0.698	6.338E-21	121	189	288	-5829	-5623	207	5880	5542
239995909	-1	186	3.669E-45	2	5263	5829	1790	96	0.568	2.973E-20	200	285	288	-5520	-5263	258	5538	5245
240180915	-1	234	1.303E-59	3	5575	6548	1766	36	0.570	5.583E+00	22	51	304	-6548	-6459	90	6623	6459
240180915	-1	234	1.303E-59	3	5575	6548	1780	88	0.552	1.674E-17	51	131	304	-6135	-5893	243	6159	5887
240180915	-1	234	1.303E-59	3	5575	6548	1787	109	0.628	3.207E-24	132	217	304	-5832	-5575	258	5880	5542
240949873	1	393	1.784E-107	3	9057	9958	213	215	0.988	4.551E-61	39	140	250	9057	9362	306	9012	9362
240949873	1	393	1.784E-107	3	9057	9958	224	104	0.748	1.754E-21	129	195	250	9558	9758	201	9450	10001
240949873	1	393	1.784E-107	3	9057	9958	223	86	0.843	7.800E-17	194	241	250	9815	9958	144	9713	9982
241051725	-1	350	1.569E-94	4	5257	6533	1766	44	0.804	9.136E-03	15	39	293	-6533	-6459	75	6623	6459
241051725	-1	350	1.569E-94	4	5257	6533	1780	93	0.570	5.123E-19	39	120	293	-6135	-5890	246	6159	5887
241051725	-1	350	1.569E-94	4	5257	6533	1787	104	0.649	1.426E-22	121	199	293	-5829	-5593	237	5880	5542
241051725	-1	350	1.569E-94	4	5257	6533	1790	108	0.605	4.193E-24	198	286	293	-5523	-5257	267	5538	5245
241227022	-1	188	9.172E-46	2	5263	5829	1787	96	0.679	7.952E-20	122	190	289	-5829	-5623	207	5880	5542
241227022	-1	188	9.172E-46	2	5263	5829	1790	104	0.620	9.946E-23	204	286	289	-5511	-5263	249	5538	5245
241665926	1	196	3.583E-48	2	9558	9958	224	107	0.766	1.963E-22	98	164	219	9558	9758	201	9450	10001
241665926	1	196	3.583E-48	2	9558	9958	223	90	0.878	3.276E-18	163	210	219	9815	9958	144	9713	9982
241839462	1	401	6.968E-110	3	9057	9964	213	217	0.997	6.835E-62	8	109	222	9057	9362	306	9012	9362
241839462	1	401	6.968E-110	3	9057	9964	224	108	0.752	1.049E-22	96	164	222	9552	9758	207	9450	10001
241839462	1	401	6.968E-110	3	9057	9964	223	90	0.847	3.276E-18	163	212	222	9815	9964	150	9713	9982
241850489	-1	558	3.814E-157	4	32672	35128	1095	142	0.469	8.369E-33	83	245	870	-35128	-34655	474	35506	34637
241850489	-1	558	3.814E-157	4	32672	35128	1104	190	0.611	2.014E-51	245	401	870	-34591	-34124	468	34591	34112
241850489	-1	558	3.814E-157	4	32672	35128	1118	51	0.475	9.733E-05	479	533	870	-33645	-33481	165	33723	33481
241850489	-1	558	3.814E-157	4	32672	35128	1137	249	0.527	5.348E-70	535	783	870	-33409	-32672	738	33430	32639
242120814	-1	571	4.656E-161	4	32672	35146	1095	147	0.470	1.096E-34	99	267	892	-35146	-34655	492	35506	34637
242120814	-1	571	4.656E-161	4	32672	35146	1104	191	0.615	7.817E-52	267	423	892	-34591	-34124	468	34591	34112
242120814	-1	571	4.656E-161	4	32672	35146	1118	49	0.460	4.775E-04	501	555	892	-33645	-33481	165	33723	33481
242120814	-1	571	4.656E-161	4	32672	35146	1137	258	0.543	2.837E-73	557	805	892	-33409	-32672	738	33430	32639
242188231	-1	532	2.559E-149	4	32351	34591	1104	183	0.594	3.134E-49	253	409	878	-34591	-34124	468	34591	34112
242188231	-1	532	2.559E-149	4	32351	34591	1118	49	0.457	6.563E-04	487	541	878	-33645	-33481	165	33723	33481
242188231	-1	532	2.559E-149	4	32351	34591	1137	256	0.540	1.365E-72	543	791	878	-33409	-32672	738	33430	32639
242188231	-1	532	2.559E-149	4	32351	34591	1141	119	0.668	2.732E-28	790	877	878	-32614	-32351	264	32635	32351
242323269	1	404	8.709E-111	3	9057	9979	213	219	1.000	1.931E-62	8	109	219	9057	9362	306	9012	9362
242323269	1	404	8.709E-111	3	9057	9979	224	108	0.768	1.435E-22	98	164	219	9558	9758	201	9450	10001
242323269	1	404	8.709E-111	3	9057	9979	223	89	0.767	1.164E-17	163	217	219	9815	9979	165	9713	9982
242499047	-1	237	1.629E-60	3	5593	6533	1766	39	0.714	5.896E-01	16	40	293	-6533	-6459	75	6623	6459
242499047	-1	237	1.629E-60	3	5593	6533	1780	87	0.546	4.332E-17	40	120	293	-6135	-5893	243	6159	5887
242499047	-1	237	1.629E-60	3	5593	6533	1787	110	0.675	9.052E-25	121	200	293	-5832	-5593	240	5880	5542
242881435	1	196	3.583E-48	2	9558	9958	224	108	0.768	1.435E-22	98	164	219	9558	9758	201	9450	10001
242881435	1	196	3.583E-48	2	9558	9958	223	89	0.868	8.479E-18	163	210	219	9815	9958	144	9713	9982
243119881	1	196	3.583E-48	2	9558	9958	224	108	0.768	1.435E-22	98	164	219	9558	9758	201	9450	10001
243119881	1	196	3.583E-48	2	9558	9958	223	89	0.864	1.164E-17	163	210	219	9815	9958	144	9713	9982
243262700	-1	162	6.155E-38	1	32672	33136	1137	162	0.540	4.635E-40	0	155	200	-33136	-32672	465	33430	32639
243355430	1	197	1.791E-48	2	9558	9958	224	107	0.766	1.963E-22	98	164	219	9558	9758	201	9450	10001
243355430	1	197	1.791E-48	2	9558	9958	223	91	0.882	2.386E-18	163	210	219	9815	9958	144	9713	9982
243801456	-1	278	7.409E-73	3	5266	6135	1780	88	0.547	1.674E-17	38	119	287	-6135	-5890	246	6159	5887
243801456	-1	278	7.409E-73	3	5266	6135	1787	102	0.601	6.929E-22	120	204	287	-5829	-5575	255	5880	5542
243801456	-1	278	7.409E-73	3	5266	6135	1790	94	0.556	1.988E-19	197	282	287	-5523	-5266	258	5538	5245
244149895	1	58	1.248E-06	1	16965	17384	398	58	0.276	1.265E-05	2	121	172	16965	17384	420	16893	17477
244157564	1	403	1.742E-110	3	9057	9976	213	219	1.000	1.931E-62	8	109	219	9057	9362	306	9012	9362
244157564	1	403	1.742E-110	3	9057	9976	224	108	0.768	1.435E-22	98	164	219	9558	9758	201	9450	10001
244157564	1	403	1.742E-110	3	9057	9976	223	88	0.773	2.195E-17	163	216	219	9815	9976	162	9713	9982
244361294	-1	325	5.265E-87	4	5260	6557	1766	44	0.626	1.258E-02	18	50	301	-6557	-6459	99	6623	6459
244361294	-1	325	5.265E-87	4	5260	6557	1780	70	0.485	3.614E-11	52	126	301	-6135	-5911	225	6159	5887
244361294	-1	325	5.265E-87	4	5260	6557	1787	108	0.658	4.399E-24	131	211	301	-5838	-5596	243	5880	5542
244361294	-1	325	5.265E-87	4	5260	6557	1790	109	0.592	8.610E-25	206	298	301	-5538	-5260	279	5538	5245
245174505	-1	510	1.074E-142	4	32351	34570	1104	171	0.583	5.526E-45	317	466	916	-34570	-34124	447	34591	34112
245174505	-1	510	1.074E-142	4	32351	34570	1118	36	0.362	1.260E+01	524	578	916	-33645	-33481	165	33723	33481
245174505	-1	510	1.074E-142	4	32351	34570	1137	237	0.503	9.057E-66	579	829	916	-33412	-32672	741	33430	32639
245174505	-1	510	1.074E-142	4	32351	34570	1141	121	0.673	1.057E-28	828	915	916	-32614	-32351	264	32635	32351
245259992	1	394	8.918E-108	3	9057	9964	213	214	0.983	1.174E-60	8	109	219	9057	9362	306	9012	9362
245259992	1	394	8.918E-108	3	9057	9964	224	113	0.801	2.449E-24	98	164	219	9558	9758	201	9450	10001
245259992	1	394	8.918E-108	3	9057	9964	223	79	0.756	1.710E-14	163	212	219	9815	9964	150	9713	9982
245365577	1	103	3.548E-20	1	25574	26104	607	103	0.349	4.980E-21	107	283	329	25574	26104	531	25553	26113
245905662	-1	689	1.401E-196	5	32351	35170	1095	151	0.476	4.938E-36	100	270	896	-35170	-34658	513	35506	34637
245905662	-1	689	1.401E-196	5	32351	35170	1104	185	0.626	6.472E-50	278	426	896	-34570	-34124	447	34591	34112
245905662	-1	689	1.401E-196	5	32351	35170	1118	51	0.475	9.733E-05	504	558	896	-33645	-33481	165	33723	33481
245905662	-1	689	1.401E-196	5	32351	35170	1137	257	0.539	9.972E-73	560	809	896	-33409	-32672	738	33430	32639
245905662	-1	689	1.401E-196	5	32351	35170	1141	125	0.696	2.367E-30	808	895	896	-32614	-32351	264	32635	32351
246015561	-1	278	7.409E-73	5	32351	35134	1095	126	0.431	2.616E-27	114	274	904	-35134	-34655	480	35506	34637
246015561	-1	278	7.409E-73	5	32351	35134	1104	184	0.595	1.216E-49	274	431	904	-34591	-34124	468	34591	34112
246015561	-1	278	7.409E-73	5	32351	35134	1109	55	0.445	2.892E-05	432	496	904	-34061	-33867	195	34250	33852
246015561	-1	278	7.409E-73	5	32351	35134	1118	49	0.473	4.775E-04	512	564	904	-33645	-33487	159	33723	33481
246015561	-1	278	7.409E-73	5	32351	35134	1141	125	0.696	2.367E-30	816	903	904	-32614	-32351	264	32635	32351
246524433	1	424	8.306E-117	3	9057	9979	213	220	1.000	5.457E-63	8	109	218	9057	9362	306	9012	9362
246524433	1	424	8.306E-117	3	9057	9979	224	111	0.794	6.267E-24	98	164	218	9558	9758	201	9450	10001
246524433	1	424	8.306E-117	3	9057	9979	223	105	0.893	2.649E-23	163	217	218	9815	9979	165	9713	9982
247435957	1	168	9.618E-40	2	27870	28459	660	136	0.694	8.503E-34	79	173	251	27870	28157	288	27864	28187
247435957	1	168	9.618E-40	2	27870	28459	665	53	0.750	3.305E-06	196	228	251	28361	28459	99	28331	28462
247554478	1	175	7.514E-42	2	20386	20798	479	147	0.705	1.933E-37	70	171	219	20386	20682	297	20377	20730
247554478	1	175	7.514E-42	2	20386	20798	480	34	0.735	1.213E+01	165	185	219	20736	20798	63	20682	20798
247660140	1	179	4.696E-43	2	20383	20966	479	141	0.674	3.039E-35	67	169	221	20383	20682	300	20377	20730
247660140	1	179	4.696E-43	2	20383	20966	483	51	0.729	1.186E-05	184	216	221	20868	20966	99	20838	20969
247683266	1	179	4.696E-43	2	27870	28459	660	145	0.736	4.296E-37	73	167	245	27870	28157	288	27864	28187
247683266	1	179	4.696E-43	2	27870	28459	665	55	0.781	4.866E-07	190	222	245	28361	28459	99	28331	28462
247684532	1	176	3.757E-42	2	27870	28459	660	142	0.680	5.394E-36	74	176	227	27870	28169	300	27864	28187
247684532	1	176	3.757E-42	2	27870	28459	665	47	0.673	3.998E-04	191	223	227	28361	28459	99	28331	28462
247991333	-1	517	8.387E-145	4	32672	35125	1095	122	0.427	5.660E-26	70	227	850	-35125	-34655	471	35506	34637
247991333	-1	517	8.387E-145	4	32672	35125	1104	184	0.597	1.667E-49	227	383	850	-34591	-34124	468	34591	34112
247991333	-1	517	8.387E-145	4	32672	35125	1109	54	0.432	7.378E-05	383	448	850	-34064	-33867	198	34250	33852
247991333	-1	517	8.387E-145	4	32672	35125	1137	226	0.494	5.951E-62	520	763	850	-33406	-32672	735	33430	32639
248007895	-1	52	7.990E-05	1	11226	11420	1662	52	0.413	2.287E-05	46	113	117	-11420	-11226	195	11435	11226
248080997	1	257	1.554E-66	2	9057	9973	213	214	0.983	1.174E-60	8	109	220	9057	9362	306	9012	9362
248080997	1	257	1.554E-66	2	9057	9973	223	95	0.846	5.320E-20	163	215	220	9815	9973	159	9713	9982
248086174	-1	323	2.106E-86	5	32351	35131	1095	144	0.480	1.307E-33	82	242	870	-35131	-34655	477	35506	34637
248086174	-1	323	2.106E-86	5	32351	35131	1104	205	0.654	6.658E-57	242	398	870	-34591	-34124	468	34591	34112
248086174	-1	323	2.106E-86	5	32351	35131	1109	61	0.484	2.654E-07	399	463	870	-34061	-33867	195	34250	33852
248086174	-1	323	2.106E-86	5	32351	35131	1118	47	0.448	3.221E-03	475	528	870	-33651	-33490	162	33723	33481
248086174	-1	323	2.106E-86	5	32351	35131	1141	125	0.696	2.367E-30	782	869	870	-32614	-32351	264	32635	32351
248089715	1	91	1.453E-16	1	25742	26104	607	91	0.414	1.079E-16	43	163	242	25742	26104	363	25553	26113
248100706	1	219	4.271E-55	1	9054	9359	213	219	1.000	1.931E-62	0	101	102	9054	9359	306	9012	9362
248119540	1	217	1.708E-54	1	9051	9359	213	217	0.989	6.835E-62	0	102	103	9051	9359	309	9012	9362
248137444	-1	383	1.826E-104	4	5263	6548	1766	45	0.702	3.497E-03	3	32	282	-6548	-6459	90	6623	6459
248137444	-1	383	1.826E-104	4	5263	6548	1780	101	0.619	6.599E-22	32	112	282	-6135	-5893	243	6159	5887
248137444	-1	383	1.826E-104	4	5263	6548	1787	117	0.729	3.053E-27	115	192	282	-5826	-5593	234	5880	5542
248137444	-1	383	1.826E-104	4	5263	6548	1790	125	0.675	3.744E-30	187	277	282	-5535	-5263	273	5538	5245
248162293	1	218	8.542E-55	1	9051	9359	213	218	0.994	2.649E-62	0	102	103	9051	9359	309	9012	9362
248166695	-1	316	2.695E-84	4	5260	6539	1766	37	0.642	2.129E+00	12	38	287	-6539	-6459	81	6623	6459
248166695	-1	316	2.695E-84	4	5260	6539	1780	84	0.532	3.984E-16	38	118	287	-6135	-5893	243	6159	5887
248166695	-1	316	2.695E-84	4	5260	6539	1787	108	0.618	6.036E-24	121	205	287	-5823	-5563	261	5880	5542
248166695	-1	316	2.695E-84	4	5260	6539	1790	100	0.552	2.360E-21	192	283	287	-5535	-5260	276	5538	5245
248189565	1	396	2.230E-108	3	9057	9958	213	218	1.000	2.649E-62	38	139	247	9057	9362	306	9012	9362
248189565	1	396	2.230E-108	3	9057	9958	224	105	0.751	1.283E-21	128	194	247	9558	9758	201	9450	10001
248189565	1	396	2.230E-108	3	9057	9958	223	85	0.829	2.772E-16	193	240	247	9815	9958	144	9713	9982
248190385	-1	356	2.451E-96	2	32351	33409	1137	239	0.515	1.376E-66	46	286	373	-33409	-32672	738	33430	32639
248190385	-1	356	2.451E-96	2	32351	33409	1141	118	0.660	9.694E-28	285	372	373	-32614	-32351	264	32635	32351
248192456	1	103	3.548E-20	1	25742	26104	607	103	0.459	4.980E-21	22	142	199	25742	26104	363	25553	26113
248210056	1	420	1.329E-115	3	9057	9976	213	218	1.000	3.633E-62	8	109	218	9057	9362	306	9012	9362
248210056	1	420	1.329E-115	3	9057	9976	224	108	0.773	7.674E-23	98	164	218	9558	9758	201	9450	10001
248210056	1	420	1.329E-115	3	9057	9976	223	106	0.917	1.024E-23	163	216	218	9815	9976	162	9713	9982
248254301	-1	288	7.235E-76	3	5260	6135	1780	89	0.555	1.219E-17	39	119	290	-6135	-5893	243	6159	5887
248254301	-1	288	7.235E-76	3	5260	6135	1787	105	0.605	5.521E-23	114	200	290	-5844	-5593	252	5880	5542
248254301	-1	288	7.235E-76	3	5260	6135	1790	104	0.572	7.247E-23	195	286	290	-5535	-5260	276	5538	5245
248254641	1	410	1.361E-112	3	9057	9979	213	220	1.000	7.485E-63	23	124	233	9057	9362	306	9012	9362
248254641	1	410	1.361E-112	3	9057	9979	224	107	0.766	1.963E-22	113	179	233	9558	9758	201	9450	10001
248254641	1	410	1.361E-112	3	9057	9979	223	95	0.816	7.304E-20	178	232	233	9815	9979	165	9713	9982
248292808	1	410	1.361E-112	3	9057	9979	213	218	0.999	4.983E-62	8	109	219	9057	9362	306	9012	9362
248292808	1	410	1.361E-112	3	9057	9979	224	108	0.768	1.435E-22	98	164	219	9558	9758	201	9450	10001
248292808	1	410	1.361E-112	3	9057	9979	223	96	0.822	3.875E-20	163	217	219	9815	9979	165	9713	9982
248303658	1	215	6.834E-54	1	9051	9359	213	215	0.981	3.318E-61	0	102	103	9051	9359	309	9012	9362
248307249	-1	118	1.083E-24	1	32351	32611	1141	118	0.666	9.694E-28	27	113	114	-32611	-32351	261	32635	32351
248320355	-1	55	9.988E-06	1	11238	11420	1662	55	0.464	3.379E-06	32	92	106	-11420	-11238	183	11435	11226
248322679	-1	56	4.994E-06	1	11238	11423	1662	56	0.469	9.448E-07	23	84	97	-11423	-11238	186	11435	11226
248350468	1	220	2.136E-55	1	9051	9362	213	220	0.993	5.457E-63	0	103	104	9051	9362	312	9012	9362
248361376	-1	161	1.231E-37	3	5260	6572	1766	46	0.542	1.339E-03	20	61	354	-6572	-6459	114	6623	6459
248361376	-1	161	1.231E-37	3	5260	6572	1780	94	0.580	1.050E-19	61	142	354	-6135	-5890	246	6159	5887
248361376	-1	161	1.231E-37	3	5260	6572	1790	137	0.737	2.819E-34	260	349	354	-5529	-5260	270	5538	5245
248368661	-1	275	5.927E-72	3	5263	6135	1780	79	0.498	3.373E-14	38	119	287	-6135	-5890	246	6159	5887
248368661	-1	275	5.927E-72	3	5263	6135	1787	102	0.603	5.050E-22	120	204	287	-5829	-5575	255	5880	5542
248368661	-1	275	5.927E-72	3	5263	6135	1790	102	0.580	2.572E-22	195	283	287	-5529	-5263	267	5538	5245
248384673	1	202	5.598E-50	2	9558	9979	224	107	0.766	1.963E-22	94	160	214	9558	9758	201	9450	10001
248384673	1	202	5.598E-50	2	9558	9979	223	96	0.825	2.822E-20	159	213	214	9815	9979	165	9713	9982
248420797	1	421	6.645E-116	3	9057	9976	213	222	1.000	2.115E-63	8	109	219	9057	9362	306	9012	9362
248420797	1	421	6.645E-116	3	9057	9976	224	108	0.768	1.435E-22	98	164	219	9558	9758	201	9450	10001
248420797	1	421	6.645E-116	3	9057	9976	223	103	0.892	1.292E-22	163	216	219	9815	9976	162	9713	9982
248432675	-1	234	1.303E-59	3	5593	6533	1766	43	0.783	2.388E-02	17	41	270	-6533	-6459	75	6623	6459
248432675	-1	234	1.303E-59	3	5593	6533	1780	83	0.523	1.416E-15	41	121	270	-6135	-5893	243	6159	5887
248432675	-1	234	1.303E-59	3	5593	6533	1787	107	0.657	1.559E-23	122	201	270	-5832	-5593	240	5880	5542
248444022	-1	688	2.802E-196	5	32672	35143	1095	147	0.473	2.038E-34	106	272	835	-35143	-34655	489	35506	34637
248444022	-1	688	2.802E-196	5	32672	35143	1104	198	0.634	2.672E-54	272	428	835	-34591	-34124	468	34591	34112
248444022	-1	688	2.802E-196	5	32672	35143	1109	54	0.445	5.400E-05	428	491	835	-34064	-33873	192	34250	33852
248444022	-1	688	2.802E-196	5	32672	35143	1118	48	0.448	1.705E-03	505	559	835	-33645	-33481	165	33723	33481
248444022	-1	688	2.802E-196	5	32672	35143	1137	250	0.530	1.522E-70	561	809	835	-33409	-32672	738	33430	32639
248486441	-1	310	1.725E-82	4	5260	6533	1766	34	0.624	3.846E+01	14	38	292	-6533	-6459	75	6623	6459
248486441	-1	310	1.725E-82	4	5260	6533	1780	78	0.497	8.733E-14	38	118	292	-6135	-5893	243	6159	5887
248486441	-1	310	1.725E-82	4	5260	6533	1787	102	0.517	9.506E-22	118	209	292	-5880	-5575	306	5880	5542
248486441	-1	310	1.725E-82	4	5260	6533	1790	106	0.583	1.084E-23	198	289	292	-5535	-5260	276	5538	5245
248489515	1	393	1.784E-107	3	9057	9979	213	218	1.000	3.633E-62	8	109	219	9057	9362	306	9012	9362
248489515	1	393	1.784E-107	3	9057	9979	224	108	0.771	1.049E-22	98	164	219	9558	9758	201	9450	10001
248489515	1	393	1.784E-107	3	9057	9979	223	79	0.690	3.224E-14	163	217	219	9815	9979	165	9713	9982
254234502	-1	277	1.482E-72	3	5263	6135	1780	79	0.498	3.373E-14	38	119	287	-6135	-5890	246	6159	5887
254234502	-1	277	1.482E-72	3	5263	6135	1787	102	0.603	5.050E-22	120	204	287	-5829	-5575	255	5880	5542
254234502	-1	277	1.482E-72	3	5263	6135	1790	104	0.588	7.247E-23	195	283	287	-5529	-5263	267	5538	5245
254425127	1	208	8.747E-52	3	20383	20966	479	132	0.656	2.320E-32	73	172	234	20383	20682	300	20377	20730
254425127	1	208	8.747E-52	3	20383	20966	480	32	0.666	6.086E+01	165	186	234	20733	20798	66	20682	20798
254425127	1	208	8.747E-52	3	20383	20966	483	50	0.714	3.095E-05	187	219	234	20868	20966	99	20838	20969
254436857	-1	693	8.756E-198	5	32351	35128	1095	144	0.467	1.307E-33	75	241	862	-35128	-34643	486	35506	34637
254436857	-1	693	8.756E-198	5	32351	35128	1104	187	0.604	1.833E-50	237	393	862	-34591	-34124	468	34591	34112
254436857	-1	693	8.756E-198	5	32351	35128	1118	55	0.423	2.944E-06	456	525	862	-33690	-33481	210	33723	33481
254436857	-1	693	8.756E-198	5	32351	35128	1137	251	0.531	8.118E-71	527	775	862	-33409	-32672	738	33430	32639
254436857	-1	693	8.756E-198	5	32351	35128	1141	119	0.666	3.750E-28	774	861	862	-32614	-32351	264	32635	32351
254900121	1	169	4.809E-40	2	27870	28459	660	142	0.720	7.400E-36	73	167	225	27870	28157	288	27864	28187
254900121	1	169	4.809E-40	2	27870	28459	665	48	0.688	1.531E-04	190	222	225	28361	28459	99	28331	28462
254927241	-1	357	1.226E-96	4	5260	6533	1766	48	0.866	5.128E-04	27	51	300	-6533	-6459	75	6623	6459
254927241	-1	357	1.226E-96	4	5260	6533	1780	78	0.499	6.360E-14	51	131	300	-6135	-5893	243	6159	5887
254927241	-1	357	1.226E-96	4	5260	6533	1787	122	0.699	9.421E-29	133	217	300	-5829	-5575	255	5880	5542
254927241	-1	357	1.226E-96	4	5260	6533	1790	118	0.636	1.116E-27	206	297	300	-5535	-5260	276	5538	5245
255670075	-1	177	1.878E-42	3	5593	6545	1766	33	0.525	7.322E+01	7	36	286	-6545	-6459	87	6623	6459
255670075	-1	177	1.878E-42	3	5593	6545	1780	60	0.462	1.004E-07	36	103	286	-6135	-5932	204	6159	5887
255670075	-1	177	1.878E-42	3	5593	6545	1787	98	0.623	1.636E-20	119	196	286	-5826	-5593	234	5880	5542
256196127	-1	414	8.505E-114	3	32351	34576	1104	170	0.577	1.038E-44	277	427	887	-34576	-34124	453	34591	34112
256196127	-1	414	8.505E-114	3	32351	34576	1137	258	0.545	5.319E-73	559	800	887	-33412	-32672	741	33430	32639
256196127	-1	414	8.505E-114	3	32351	34576	1141	117	0.658	1.331E-27	799	886	887	-32614	-32351	264	32635	32351
256653243	-1	339	3.213E-91	4	5260	6533	1766	36	0.666	5.583E+00	21	45	294	-6533	-6459	75	6623	6459
256653243	-1	339	3.213E-91	4	5260	6533	1780	78	0.532	4.632E-14	45	119	294	-6135	-5911	225	6159	5887
256653243	-1	339	3.213E-91	4	5260	6533	1787	119	0.712	1.182E-27	124	204	294	-5838	-5596	243	5880	5542
256653243	-1	339	3.213E-91	4	5260	6533	1790	113	0.609	4.984E-26	199	291	294	-5538	-5260	279	5538	5245
257637658	1	413	1.701E-113	3	9057	9979	213	219	1.000	1.931E-62	8	109	219	9057	9362	306	9012	9362
257637658	1	413	1.701E-113	3	9057	9979	224	111	0.789	1.172E-23	98	164	219	9558	9758	201	9450	10001
257637658	1	413	1.701E-113	3	9057	9979	223	95	0.819	5.320E-20	163	217	219	9815	9979	165	9713	9982
257781383	1	179	4.696E-43	4	20036	28459	465	32	0.942	3.609E+01	21	35	230	20036	20080	45	19997	20086
257781383	1	179	4.696E-43	4	20036	28459	645	32	0.942	3.609E+01	21	35	230	27523	27567	45	27484	27573
257781383	1	179	4.696E-43	4	20036	28459	660	138	0.705	1.275E-34	76	170	230	27870	28157	288	27864	28187
257781383	1	179	4.696E-43	4	20036	28459	665	50	0.709	4.261E-05	193	225	230	28361	28459	99	28331	28462
258757139	1	400	1.394E-109	3	9057	9958	213	213	0.981	1.611E-60	8	109	219	9057	9362	306	9012	9362
258757139	1	400	1.394E-109	3	9057	9958	224	108	0.768	1.435E-22	98	164	219	9558	9758	201	9450	10001
258757139	1	400	1.394E-109	3	9057	9958	223	91	0.885	1.738E-18	163	210	219	9815	9958	144	9713	9982
258935045	1	414	8.505E-114	3	9057	9979	213	220	1.000	7.485E-63	8	109	219	9057	9362	306	9012	9362
258935045	1	414	8.505E-114	3	9057	9979	224	113	0.801	2.449E-24	98	164	219	9558	9758	201	9450	10001
258935045	1	414	8.505E-114	3	9057	9979	223	93	0.797	4.891E-19	163	217	219	9815	9979	165	9713	9982
261325544	1	422	3.322E-116	3	9057	9979	213	220	1.000	5.457E-63	8	109	218	9057	9362	306	9012	9362
261325544	1	422	3.322E-116	3	9057	9979	224	111	0.791	8.572E-24	98	164	218	9558	9758	201	9450	10001
261325544	1	422	3.322E-116	3	9057	9979	223	103	0.880	9.409E-23	163	217	218	9815	9979	165	9713	9982
261605985	1	396	2.230E-108	3	9057	9976	213	216	0.991	2.419E-61	8	109	219	9057	9362	306	9012	9362
261605985	1	396	2.230E-108	3	9057	9976	224	106	0.758	5.018E-22	98	164	219	9558	9758	201	9450	10001
261605985	1	396	2.230E-108	3	9057	9976	223	86	0.760	7.800E-17	163	216	219	9815	9976	162	9713	9982
262085520	1	191	1.147E-46	4	20036	28459	465	33	0.953	2.615E+01	22	36	249	20036	20080	45	19997	20086
262085520	1	191	1.147E-46	4	20036	28459	645	33	0.953	2.615E+01	22	36	249	27523	27567	45	27484	27573
262085520	1	191	1.147E-46	4	20036	28459	660	142	0.722	5.394E-36	77	171	249	27870	28157	288	27864	28187
262085520	1	191	1.147E-46	4	20036	28459	665	56	0.786	3.536E-07	194	226	249	28361	28459	99	28331	28462
262098310	1	184	1.468E-44	2	20383	20966	479	144	0.687	2.424E-36	76	178	234	20383	20682	300	20377	20730
262098310	1	184	1.468E-44	2	20383	20966	483	53	0.745	4.549E-06	193	225	234	20868	20966	99	20838	20969
262162537	1	177	1.878E-42	2	20380	20969	479	139	0.662	1.076E-34	81	184	235	20380	20682	303	20377	20730
262162537	1	177	1.878E-42	2	20380	20969	483	51	0.701	2.248E-05	199	232	235	20868	20969	102	20838	20969
262281244	1	191	1.147E-46	2	27870	28459	660	147	0.700	1.213E-37	75	177	233	27870	28169	300	27864	28187
262281244	1	191	1.147E-46	2	27870	28459	665	57	0.797	1.868E-07	192	224	233	28361	28459	99	28331	28462
262321367	1	234	1.303E-59	3	27867	28459	660	147	0.736	1.213E-37	70	166	225	27867	28157	291	27864	28187
262321367	1	234	1.303E-59	3	27867	28459	662	34	0.713	1.424E+01	167	188	225	28226	28291	66	28148	28291
262321367	1	234	1.303E-59	3	27867	28459	665	51	0.729	1.186E-05	189	221	225	28361	28459	99	28331	28462
262480946	1	170	2.404E-40	2	27870	28462	660	136	0.663	1.167E-33	58	158	222	27870	28169	300	27864	28187
262480946	1	170	2.404E-40	2	27870	28462	665	49	0.686	5.866E-05	175	208	222	28361	28462	102	28331	28462
262559986	1	407	1.089E-111	3	9057	9979	213	219	1.000	1.931E-62	8	109	219	9057	9362	306	9012	9362
262559986	1	407	1.089E-111	3	9057	9979	224	108	0.768	1.435E-22	98	164	219	9558	9758	201	9450	10001
262559986	1	407	1.089E-111	3	9057	9979	223	92	0.791	9.220E-19	163	217	219	9815	9979	165	9713	9982
262562213	1	396	2.230E-108	3	9057	9964	213	218	1.000	3.633E-62	8	109	219	9057	9362	306	9012	9362
262562213	1	396	2.230E-108	3	9057	9964	224	109	0.776	5.611E-23	98	164	219	9558	9758	201	9450	10001
262562213	1	396	2.230E-108	3	9057	9964	223	81	0.766	6.604E-15	163	212	219	9815	9964	150	9713	9982
262574424	1	171	1.202E-40	2	9558	9973	224	98	0.708	2.606E-19	98	164	220	9558	9758	201	9450	10001
262574424	1	171	1.202E-40	2	9558	9973	223	74	0.677	1.056E-12	163	215	220	9815	9973	159	9713	9982
262576975	1	219	4.271E-55	1	9051	9359	213	219	0.997	1.408E-62	0	102	103	9051	9359	309	9012	9362
262593421	1	407	1.089E-111	3	9057	9979	213	218	0.999	4.983E-62	8	109	219	9057	9362	306	9012	9362
262593421	1	407	1.089E-111	3	9057	9979	224	108	0.768	1.435E-22	98	164	219	9558	9758	201	9450	10001
262593421	1	407	1.089E-111	3	9057	9979	223	93	0.797	4.891E-19	163	217	219	9815	9979	165	9713	9982
262598962	1	294	1.131E-77	2	9057	9958	213	213	0.981	1.611E-60	8	109	177	9057	9362	306	9012	9362
262598962	1	294	1.131E-77	2	9057	9958	223	91	0.882	2.386E-18	121	168	177	9815	9958	144	9713	9982
262599353	1	416	2.126E-114	3	9057	9979	213	218	1.000	3.633E-62	8	109	218	9057	9362	306	9012	9362
262599353	1	416	2.126E-114	3	9057	9979	224	108	0.771	1.049E-22	98	164	218	9558	9758	201	9450	10001
262599353	1	416	2.126E-114	3	9057	9979	223	102	0.868	3.342E-22	163	217	218	9815	9979	165	9713	9982
262629488	-1	209	4.374E-52	2	5263	5841	1787	100	0.782	3.367E-21	58	118	212	-5841	-5659	183	5880	5542
262629488	-1	209	4.374E-52	2	5263	5841	1790	109	0.638	8.610E-25	118	202	212	-5517	-5263	255	5538	5245
262635784	-1	354	9.806E-96	4	5254	6533	1766	39	0.714	5.896E-01	16	40	297	-6533	-6459	75	6623	6459
262635784	-1	354	9.806E-96	4	5254	6533	1780	93	0.577	3.732E-19	40	120	297	-6135	-5893	243	6159	5887
262635784	-1	354	9.806E-96	4	5254	6533	1787	107	0.666	1.136E-23	122	200	297	-5829	-5593	237	5880	5542
262635784	-1	354	9.806E-96	4	5254	6533	1790	116	0.623	3.960E-27	197	289	297	-5529	-5254	276	5538	5245
262638350	-1	279	3.705E-73	3	5263	6135	1780	79	0.539	1.789E-14	30	104	282	-6135	-5911	225	6159	5887
262638350	-1	279	3.705E-73	3	5263	6135	1787	101	0.634	1.304E-21	116	194	282	-5829	-5593	237	5880	5542
262638350	-1	279	3.705E-73	3	5263	6135	1790	112	0.625	1.288E-25	191	279	282	-5529	-5263	267	5538	5245
262645945	1	383	1.826E-104	3	9057	9973	213	214	0.983	1.174E-60	8	109	220	9057	9362	306	9012	9362
262645945	1	383	1.826E-104	3	9057	9973	224	105	0.753	9.382E-22	98	164	220	9558	9758	201	9450	10001
262645945	1	383	1.826E-104	3	9057	9973	223	76	0.690	2.968E-13	163	215	220	9815	9973	159	9713	9982
262649309	-1	101	1.419E-19	2	5260	6135	1780	66	0.447	1.183E-09	40	117	263	-6135	-5902	234	6159	5887
262649309	-1	101	1.419E-19	2	5260	6135	1790	94	0.556	1.988E-19	178	261	263	-5517	-5260	258	5538	5245
262653318	1	58	1.248E-06	1	26103	26372	612	58	0.339	1.091E-06	53	153	166	26103	26372	270	26070	26402
262674621	1	400	1.394E-109	3	9057	9979	213	216	0.992	1.764E-61	8	109	219	9057	9362	306	9012	9362
262674621	1	400	1.394E-109	3	9057	9979	224	109	0.779	4.103E-23	98	164	219	9558	9758	201	9450	10001
262674621	1	400	1.394E-109	3	9057	9979	223	87	0.758	3.013E-17	163	217	219	9815	9979	165	9713	9982
262675386	1	218	8.542E-55	1	9051	9359	213	218	0.994	2.649E-62	0	102	103	9051	9359	309	9012	9362
262692841	-1	229	4.171E-58	2	5260	5820	1787	119	0.752	1.182E-27	1	76	166	-5820	-5593	228	5880	5542
262692841	-1	229	4.171E-58	2	5260	5820	1790	113	0.623	6.840E-26	73	162	166	-5529	-5260	270	5538	5245
262697472	1	193	2.866E-47	2	9552	9958	224	108	0.749	1.435E-22	2	66	128	9552	9758	207	9450	10001
262697472	1	193	2.866E-47	2	9552	9958	223	86	0.843	7.800E-17	65	112	128	9815	9958	144	9713	9982
262699022	1	313	2.156E-83	2	9057	9758	213	216	0.992	1.764E-61	8	109	219	9057	9362	306	9012	9362
262699022	1	313	2.156E-83	2	9057	9758	224	108	0.773	7.674E-23	98	164	219	9558	9758	201	9450	10001
262740721	1	416	2.126E-114	3	9057	9979	213	220	1.000	7.485E-63	8	109	219	9057	9362	306	9012	9362
262740721	1	416	2.126E-114	3	9057	9979	224	111	0.789	1.172E-23	98	164	219	9558	9758	201	9450	10001
262740721	1	416	2.126E-114	3	9057	9979	223	97	0.831	1.498E-20	163	217	219	9815	9979	165	9713	9982
262751541	-1	671	3.673E-191	5	32672	35143	1095	138	0.460	1.353E-31	68	228	853	-35143	-34655	489	35506	34637
262751541	-1	671	3.673E-191	5	32672	35143	1104	182	0.590	1.107E-48	228	384	853	-34591	-34124	468	34591	34112
262751541	-1	671	3.673E-191	5	32672	35143	1109	54	0.416	5.400E-05	384	453	853	-34064	-33855	210	34250	33852
262751541	-1	671	3.673E-191	5	32672	35143	1118	48	0.451	1.240E-03	462	516	853	-33645	-33481	165	33723	33481
262751541	-1	671	3.673E-191	5	32672	35143	1137	253	0.534	2.310E-71	518	766	853	-33409	-32672	738	33430	32639
262753726	1	313	2.156E-83	2	9057	9758	213	218	1.000	3.633E-62	8	109	218	9057	9362	306	9012	9362
262753726	1	313	2.156E-83	2	9057	9758	224	106	0.758	5.018E-22	98	164	218	9558	9758	201	9450	10001
262754220	1	217	1.708E-54	1	9057	9362	213	217	0.996	9.375E-62	8	109	111	9057	9362	306	9012	9362
262828606	1	401	6.968E-110	3	9057	9958	213	217	0.996	9.375E-62	8	109	219	9057	9362	306	9012	9362
262828606	1	401	6.968E-110	3	9057	9958	224	104	0.748	1.754E-21	98	164	219	9558	9758	201	9450	10001
262828606	1	401	6.968E-110	3	9057	9958	223	92	0.896	6.715E-19	163	210	219	9815	9958	144	9713	9982
262834044	1	296	2.826E-78	2	9057	9758	213	207	0.956	1.843E-58	8	109	216	9057	9362	306	9012	9362
262834044	1	296	2.826E-78	2	9057	9758	224	100	0.721	5.465E-20	98	164	216	9558	9758	201	9450	10001
262862189	-1	49	6.392E-04	1	11244	11420	1662	49	0.433	4.034E-04	24	82	88	-11420	-11244	177	11435	11226
262862856	-1	51	1.598E-04	1	11238	11420	1662	51	0.437	8.188E-05	23	83	97	-11420	-11238	183	11435	11226
262864470	-1	53	3.995E-05	1	11238	11420	1662	53	0.450	1.663E-05	13	73	87	-11420	-11238	183	11435	11226
262864932	-1	50	3.196E-04	1	11238	11420	1662	50	0.434	1.126E-04	24	84	98	-11420	-11238	183	11435	11226
262878963	1	195	7.166E-48	2	9558	9973	224	102	0.733	1.145E-20	27	93	149	9558	9758	201	9450	10001
262878963	1	195	7.166E-48	2	9558	9973	223	94	0.840	1.003E-19	92	144	149	9815	9973	159	9713	9982
262883221	1	207	1.749E-51	1	9057	9362	213	207	0.956	1.843E-58	8	109	187	9057	9362	306	9012	9362
262897142	-1	287	1.447E-75	2	32672	34591	1104	173	0.566	1.565E-45	141	297	746	-34591	-34124	468	34591	34112
262897142	-1	287	1.447E-75	2	32672	34591	1137	245	0.520	1.237E-68	430	678	746	-33409	-32672	738	33430	32639
262897485	-1	289	3.618E-76	2	32672	34591	1104	173	0.568	8.329E-46	141	297	746	-34591	-34124	468	34591	34112
262897485	-1	289	3.618E-76	2	32672	34591	1137	247	0.524	2.573E-69	430	678	746	-33409	-32672	738	33430	32639
262897648	-1	380	1.461E-103	3	32351	34591	1104	164	0.541	2.211E-42	213	369	833	-34591	-34124	468	34591	34112
262897648	-1	380	1.461E-103	3	32351	34591	1137	222	0.478	7.326E-61	495	746	833	-33418	-32672	747	33430	32639
262897648	-1	380	1.461E-103	3	32351	34591	1141	119	0.664	5.147E-28	745	832	833	-32614	-32351	264	32635	32351
262903012	-1	437	1.014E-120	4	33496	35170	1095	132	0.426	1.390E-29	75	247	889	-35170	-34655	516	35506	34637
262903012	-1	437	1.014E-120	4	33496	35170	1104	195	0.649	3.334E-53	254	403	889	-34570	-34124	447	34591	34112
262903012	-1	437	1.014E-120	4	33496	35170	1109	66	0.515	6.169E-09	404	468	889	-34061	-33867	195	34250	33852
262903012	-1	437	1.014E-120	4	33496	35170	1118	48	0.401	9.021E-04	467	531	889	-33684	-33496	189	33723	33481
262903207	1	384	9.132E-105	3	9045	9958	213	214	0.949	1.174E-60	4	109	220	9045	9362	318	9012	9362
262903207	1	384	9.132E-105	3	9045	9958	224	107	0.763	2.684E-22	98	164	220	9558	9758	201	9450	10001
262903207	1	384	9.132E-105	3	9045	9958	223	75	0.744	5.597E-13	163	210	220	9815	9958	144	9713	9982
262903326	-1	301	8.832E-80	5	32351	35152	1095	138	0.450	2.511E-31	92	258	886	-35152	-34655	498	35506	34637
262903326	-1	301	8.832E-80	5	32351	35152	1104	196	0.654	9.437E-54	265	414	886	-34570	-34124	447	34591	34112
262903326	-1	301	8.832E-80	5	32351	35152	1109	60	0.478	4.964E-07	415	479	886	-34061	-33867	195	34250	33852
262903326	-1	301	8.832E-80	5	32351	35152	1118	46	0.472	4.427E-03	493	542	886	-33645	-33496	150	33723	33481
262903326	-1	301	8.832E-80	5	32351	35152	1141	129	0.715	9.988E-32	798	885	886	-32614	-32351	264	32635	32351
262925068	1	59	6.242E-07	1	26103	26369	612	59	0.367	4.233E-07	42	133	134	26103	26369	267	26070	26402
262932780	1	394	8.918E-108	3	9057	9958	213	213	0.981	1.611E-60	8	109	219	9057	9362	306	9012	9362
262932780	1	394	8.918E-108	3	9057	9958	224	107	0.766	1.963E-22	98	164	219	9558	9758	201	9450	10001
262932780	1	394	8.918E-108	3	9057	9958	223	86	0.843	7.800E-17	163	210	219	9815	9958	144	9713	9982
262979296	-1	332	4.113E-89	4	5263	6533	1766	36	0.716	5.583E+00	23	45	294	-6533	-6465	69	6623	6459
262979296	-1	332	4.113E-89	4	5263	6533	1780	83	0.529	1.416E-15	48	127	294	-6132	-5893	240	6159	5887
262979296	-1	332	4.113E-89	4	5263	6533	1787	114	0.629	5.257E-26	118	207	294	-5862	-5593	270	5880	5542
262979296	-1	332	4.113E-89	4	5263	6533	1790	111	0.624	1.768E-25	204	292	294	-5529	-5263	267	5538	5245
262998573	1	392	3.567E-107	3	9057	9979	213	203	0.940	4.344E-57	8	109	218	9057	9362	306	9012	9362
262998573	1	392	3.567E-107	3	9057	9979	224	98	0.708	2.606E-19	98	164	218	9558	9758	201	9450	10001
262998573	1	392	3.567E-107	3	9057	9979	223	103	0.877	1.292E-22	163	217	218	9815	9979	165	9713	9982
262999052	1	399	2.787E-109	3	9057	9979	213	218	1.000	2.649E-62	8	109	220	9057	9362	306	9012	9362
262999052	1	399	2.787E-109	3	9057	9979	224	113	0.801	2.449E-24	98	164	220	9558	9758	201	9450	10001
262999052	1	399	2.787E-109	3	9057	9979	223	80	0.699	1.245E-14	163	217	220	9815	9979	165	9713	9982
263008734	-1	695	2.189E-198	5	32351	35161	1095	145	0.468	5.161E-34	100	267	892	-35161	-34658	504	35506	34637
263008734	-1	695	2.189E-198	5	32351	35161	1104	184	0.622	2.286E-49	275	423	892	-34570	-34124	447	34591	34112
263008734	-1	695	2.189E-198	5	32351	35161	1118	48	0.451	1.240E-03	501	555	892	-33645	-33481	165	33723	33481
263008734	-1	695	2.189E-198	5	32351	35161	1137	272	0.566	4.725E-78	557	805	892	-33409	-32672	738	33430	32639
263008734	-1	695	2.189E-198	5	32351	35161	1141	126	0.698	1.725E-30	804	891	892	-32614	-32351	264	32635	32351
263016121	-1	348	6.276E-94	4	5260	6557	1766	39	0.564	5.896E-01	20	52	302	-6557	-6459	99	6623	6459
263016121	-1	348	6.276E-94	4	5260	6557	1780	83	0.526	1.031E-15	52	132	302	-6135	-5893	243	6159	5887
263016121	-1	348	6.276E-94	4	5260	6557	1787	119	0.714	8.618E-28	131	211	302	-5838	-5596	243	5880	5542
263016121	-1	348	6.276E-94	4	5260	6557	1790	112	0.603	1.288E-25	206	298	302	-5538	-5260	279	5538	5245
263030288	-1	404	8.709E-111	3	32672	34591	1104	186	0.601	4.721E-50	275	431	896	-34591	-34124	468	34591	34112
263030288	-1	404	8.709E-111	3	32672	34591	1109	62	0.462	1.418E-07	431	500	896	-34064	-33855	210	34250	33852
263030288	-1	404	8.709E-111	3	32672	34591	1137	220	0.481	4.814E-60	566	809	896	-33412	-32672	741	33430	32639
269159306	-1	280	1.852E-73	3	5260	6135	1780	79	0.503	3.373E-14	38	118	287	-6135	-5893	243	6159	5887
269159306	-1	280	1.852E-73	3	5260	6135	1787	108	0.626	4.399E-24	119	204	287	-5832	-5575	258	5880	5542
269159306	-1	280	1.852E-73	3	5260	6135	1790	101	0.568	9.126E-22	195	284	287	-5529	-5260	270	5538	5245
270323623	-1	689	1.401E-196	5	32351	35128	1095	139	0.453	9.935E-32	71	237	858	-35128	-34643	486	35506	34637
270323623	-1	689	1.401E-196	5	32351	35128	1104	185	0.599	8.873E-50	233	389	858	-34591	-34124	468	34591	34112
270323623	-1	689	1.401E-196	5	32351	35128	1118	52	0.402	5.152E-05	452	521	858	-33690	-33481	210	33723	33481
270323623	-1	689	1.401E-196	5	32351	35128	1137	254	0.536	6.572E-72	523	771	858	-33409	-32672	738	33430	32639
270323623	-1	689	1.401E-196	5	32351	35128	1141	122	0.681	2.979E-29	770	857	858	-32614	-32351	264	32635	32351
270542269	-1	271	9.484E-71	5	32351	35149	1095	124	0.407	8.953E-27	133	304	930	-35149	-34643	507	35506	34637
270542269	-1	271	9.484E-71	5	32351	35149	1104	176	0.572	9.158E-47	300	457	930	-34591	-34124	468	34591	34112
270542269	-1	271	9.484E-71	5	32351	35149	1109	60	0.473	4.964E-07	457	522	930	-34064	-33867	198	34250	33852
270542269	-1	271	9.484E-71	5	32351	35149	1118	46	0.451	4.427E-03	538	590	930	-33645	-33487	159	33723	33481
270542269	-1	271	9.484E-71	5	32351	35149	1141	131	0.725	2.052E-32	842	929	930	-32614	-32351	264	32635	32351
270561981	-1	136	4.131E-30	1	34130	34567	1104	136	0.490	1.157E-32	7	153	158	-34567	-34130	438	34591	34112
271269003	-1	689	1.401E-196	5	32351	34591	1104	199	0.638	7.563E-55	275	431	900	-34591	-34124	468	34591	34112
271269003	-1	689	1.401E-196	5	32351	34591	1109	59	0.442	1.736E-06	431	500	900	-34064	-33855	210	34250	33852
271269003	-1	689	1.401E-196	5	32351	34591	1118	51	0.479	7.081E-05	509	563	900	-33645	-33481	165	33723	33481
271269003	-1	689	1.401E-196	5	32351	34591	1137	257	0.541	7.283E-73	565	813	900	-33409	-32672	738	33430	32639
271269003	-1	689	1.401E-196	5	32351	34591	1141	128	0.707	3.543E-31	812	899	900	-32614	-32351	264	32635	32351
271384575	-1	309	3.450E-82	4	5263	6530	1766	33	0.639	5.306E+01	8	31	283	-6530	-6459	72	6623	6459
271384575	-1	309	3.450E-82	4	5263	6530	1780	69	0.481	6.814E-11	31	105	283	-6135	-5911	225	6159	5887
271384575	-1	309	3.450E-82	4	5263	6530	1787	105	0.603	7.575E-23	109	195	283	-5850	-5593	258	5880	5542
271384575	-1	309	3.450E-82	4	5263	6530	1790	106	0.597	1.488E-23	192	280	283	-5529	-5263	267	5538	5245
271456323	-1	284	1.158E-74	3	5263	6135	1780	81	0.510	5.033E-15	38	119	287	-6135	-5890	246	6159	5887
271456323	-1	284	1.158E-74	3	5263	6135	1787	105	0.655	5.521E-23	120	198	287	-5829	-5593	237	5880	5542
271456323	-1	284	1.158E-74	3	5263	6135	1790	102	0.568	3.530E-22	193	283	287	-5535	-5263	273	5538	5245
271645586	-1	599	1.734E-169	4	32351	35146	1095	151	0.489	4.938E-36	39	203	825	-35146	-34655	492	35506	34637
271645586	-1	599	1.734E-169	4	32351	35146	1104	182	0.590	1.107E-48	203	359	825	-34591	-34124	468	34591	34112
271645586	-1	599	1.734E-169	4	32351	35146	1137	278	0.581	5.787E-80	493	738	825	-33406	-32672	735	33430	32639
271645586	-1	599	1.734E-169	4	32351	35146	1141	120	0.669	1.991E-28	737	824	825	-32614	-32351	264	32635	32351
271671983	-1	372	3.741E-101	4	5260	6533	1766	40	0.742	1.634E-01	13	37	286	-6533	-6459	75	6623	6459
271671983	-1	372	3.741E-101	4	5260	6533	1780	98	0.596	8.325E-21	37	118	286	-6135	-5890	246	6159	5887
271671983	-1	372	3.741E-101	4	5260	6533	1787	120	0.736	3.338E-28	119	197	286	-5829	-5593	237	5880	5542
271671983	-1	372	3.741E-101	4	5260	6533	1790	115	0.635	1.024E-26	194	283	286	-5529	-5260	270	5538	5245
271734450	1	422	3.322E-116	3	9057	9979	213	219	1.000	1.408E-62	8	109	218	9057	9362	306	9012	9362
271734450	1	422	3.322E-116	3	9057	9979	224	108	0.771	1.049E-22	98	164	218	9558	9758	201	9450	10001
271734450	1	422	3.322E-116	3	9057	9979	223	107	0.908	5.435E-24	163	217	218	9815	9979	165	9713	9982
272315848	1	481	5.763E-134	5	19997	28462	465	55	0.899	3.093E-07	3	30	223	19997	20080	84	19997	20086
272315848	1	481	5.763E-134	5	19997	28462	651	85	0.958	1.969E-17	30	70	223	27677	27799	123	27677	27805
272315848	1	481	5.763E-134	5	19997	28462	660	212	1.000	2.687E-60	71	166	223	27870	28157	288	27864	28187
272315848	1	481	5.763E-134	5	19997	28462	662	48	0.981	2.604E-04	167	188	223	28226	28291	66	28148	28291
272315848	1	481	5.763E-134	5	19997	28462	665	76	1.000	3.110E-14	189	222	223	28361	28462	102	28331	28462
272471374	-1	119	5.414E-25	1	32351	32614	1141	119	0.666	3.750E-28	77	164	165	-32614	-32351	264	32635	32351
272591282	-1	235	6.517E-60	3	5593	6530	1766	38	0.746	1.545E+00	15	37	289	-6530	-6462	69	6623	6459
272591282	-1	235	6.517E-60	3	5593	6530	1780	91	0.559	2.499E-18	42	123	289	-6135	-5890	246	6159	5887
272591282	-1	235	6.517E-60	3	5593	6530	1787	108	0.672	4.399E-24	124	202	289	-5829	-5593	237	5880	5542
273532160	1	395	4.459E-108	3	9057	9958	213	213	0.981	1.611E-60	8	109	219	9057	9362	306	9012	9362
273532160	1	395	4.459E-108	3	9057	9958	224	107	0.766	1.963E-22	98	164	219	9558	9758	201	9450	10001
273532160	1	395	4.459E-108	3	9057	9958	223	87	0.846	5.681E-17	163	210	219	9815	9958	144	9713	9982
273977797	-1	339	3.213E-91	4	5260	6557	1766	43	0.621	1.734E-02	21	53	302	-6557	-6459	99	6623	6459
273977797	-1	339	3.213E-91	4	5260	6557	1780	80	0.541	1.303E-14	53	127	302	-6135	-5911	225	6159	5887
273977797	-1	339	3.213E-91	4	5260	6557	1787	114	0.689	3.832E-26	132	212	302	-5838	-5596	243	5880	5542
273977797	-1	339	3.213E-91	4	5260	6557	1790	109	0.592	8.610E-25	207	299	302	-5538	-5260	279	5538	5245
274138899	-1	418	5.316E-115	4	5257	6578	1766	52	0.627	1.108E-05	10	49	299	-6578	-6459	120	6623	6459
274138899	-1	418	5.316E-115	4	5257	6578	1780	95	0.590	5.573E-20	49	129	299	-6135	-5893	243	6159	5887
274138899	-1	418	5.316E-115	4	5257	6578	1787	129	0.782	3.178E-31	131	209	299	-5829	-5593	237	5880	5542
274138899	-1	418	5.316E-115	4	5257	6578	1790	145	0.756	2.672E-37	204	296	299	-5535	-5257	279	5538	5245
274474705	-1	284	1.158E-74	3	5263	6135	1780	75	0.482	8.038E-13	38	118	288	-6135	-5893	243	6159	5887
274474705	-1	284	1.158E-74	3	5263	6135	1787	100	0.627	3.367E-21	120	198	288	-5829	-5593	237	5880	5542
274474705	-1	284	1.158E-74	3	5263	6135	1790	109	0.622	1.622E-24	197	283	288	-5523	-5263	261	5538	5245
274699299	-1	245	6.364E-63	3	5593	6557	1766	44	0.631	9.136E-03	5	37	250	-6557	-6459	99	6623	6459
274699299	-1	245	6.364E-63	3	5593	6557	1780	96	0.584	2.154E-20	37	119	250	-6135	-5887	249	6159	5887
274699299	-1	245	6.364E-63	3	5593	6557	1787	122	0.744	9.421E-29	138	216	250	-5829	-5593	237	5880	5542
274770571	-1	308	6.900E-82	4	5260	6530	1766	33	0.632	7.322E+01	7	30	287	-6530	-6459	72	6623	6459
274770571	-1	308	6.900E-82	4	5260	6530	1780	85	0.533	1.539E-16	30	111	287	-6135	-5890	246	6159	5887
274770571	-1	308	6.900E-82	4	5260	6530	1787	98	0.581	1.636E-20	112	196	287	-5829	-5575	255	5880	5542
274770571	-1	308	6.900E-82	4	5260	6530	1790	99	0.560	3.239E-21	187	276	287	-5529	-5260	270	5538	5245
275277594	-1	680	7.173E-194	5	32672	35128	1095	137	0.467	4.658E-31	29	184	809	-35128	-34655	474	35506	34637
275277594	-1	680	7.173E-194	5	32672	35128	1104	183	0.592	5.889E-49	184	340	809	-34591	-34124	468	34591	34112
275277594	-1	680	7.173E-194	5	32672	35128	1109	57	0.430	8.290E-06	340	409	809	-34064	-33855	210	34250	33852
275277594	-1	680	7.173E-194	5	32672	35128	1118	49	0.463	3.474E-04	418	472	809	-33645	-33481	165	33723	33481
275277594	-1	680	7.173E-194	5	32672	35128	1137	258	0.542	5.319E-73	474	722	809	-33409	-32672	738	33430	32639
275509958	-1	205	6.998E-51	2	5263	5829	1787	118	0.723	2.225E-27	119	197	286	-5829	-5593	237	5880	5542
275509958	-1	205	6.998E-51	2	5263	5829	1790	92	0.520	1.329E-18	192	282	286	-5535	-5263	273	5538	5245
275736871	-1	126	4.230E-27	2	5260	6135	1780	89	0.549	1.219E-17	38	119	291	-6135	-5890	246	6159	5887
275736871	-1	126	4.230E-27	2	5260	6135	1790	111	0.609	3.331E-25	195	285	291	-5529	-5260	270	5538	5245
275892364	1	180	2.348E-43	2	20383	20969	479	144	0.687	2.424E-36	76	178	229	20383	20682	300	20377	20730
275892364	1	180	2.348E-43	2	20383	20969	483	49	0.686	5.866E-05	193	226	229	20868	20969	102	20838	20969
276587044	1	236	3.259E-60	3	27867	28459	660	147	0.736	1.213E-37	70	166	225	27867	28157	291	27864	28187
276587044	1	236	3.259E-60	3	27867	28459	662	36	0.744	3.929E+00	167	188	225	28226	28291	66	28148	28291
276587044	1	236	3.259E-60	3	27867	28459	665	51	0.729	1.186E-05	189	221	225	28361	28459	99	28331	28462
276733588	1	173	3.006E-41	2	27867	28459	660	140	0.705	3.598E-35	74	169	238	27867	28157	291	27864	28187
276733588	1	173	3.006E-41	2	27867	28459	665	54	0.760	1.745E-06	192	224	238	28361	28459	99	28331	28462
277032810	1	210	2.187E-52	3	20383	20966	479	134	0.662	6.553E-33	73	172	234	20383	20682	300	20377	20730
277032810	1	210	2.187E-52	3	20383	20966	480	32	0.666	6.086E+01	165	186	234	20733	20798	66	20682	20798
277032810	1	210	2.187E-52	3	20383	20966	483	50	0.714	3.095E-05	187	219	234	20868	20966	99	20838	20969
277100247	1	188	9.172E-46	2	9591	9964	224	109	0.915	3.000E-23	87	142	197	9591	9758	168	9450	10001
277100247	1	188	9.172E-46	2	9591	9964	223	80	0.759	1.245E-14	141	190	197	9815	9964	150	9713	9982
277106969	1	401	6.968E-110	3	9057	9958	213	217	0.996	9.375E-62	8	109	219	9057	9362	306	9012	9362
277106969	1	401	6.968E-110	3	9057	9958	224	104	0.748	1.754E-21	98	164	219	9558	9758	201	9450	10001
277106969	1	401	6.968E-110	3	9057	9958	223	92	0.896	6.715E-19	163	210	219	9815	9958	144	9713	9982
277116510	-1	295	5.653E-78	3	5266	6135	1780	84	0.530	5.471E-16	38	117	286	-6135	-5893	243	6159	5887
277116510	-1	295	5.653E-78	3	5266	6135	1787	117	0.721	3.053E-27	119	197	286	-5829	-5593	237	5880	5542
277116510	-1	295	5.653E-78	3	5266	6135	1790	98	0.556	6.102E-21	192	281	286	-5535	-5266	270	5538	5245
277124983	-1	358	6.129E-97	3	32351	34121	1109	66	0.407	4.508E-09	363	445	837	-34121	-33855	267	34250	33852
277124983	-1	358	6.129E-97	3	32351	34121	1137	236	0.510	1.240E-65	510	750	837	-33409	-32672	738	33430	32639
277124983	-1	358	6.129E-97	3	32351	34121	1141	120	0.671	1.451E-28	749	836	837	-32614	-32351	264	32635	32351
277171494	-1	232	5.214E-59	3	5593	6533	1766	40	0.742	1.634E-01	16	40	300	-6533	-6459	75	6623	6459
277171494	-1	232	5.214E-59	3	5593	6533	1780	85	0.528	1.539E-16	40	122	300	-6135	-5887	249	6159	5887
277171494	-1	232	5.214E-59	3	5593	6533	1787	110	0.666	1.242E-24	127	207	300	-5835	-5593	243	5880	5542
277173451	-1	119	5.414E-25	1	32351	32611	1141	119	0.672	3.750E-28	14	100	101	-32611	-32351	261	32635	32351
277215893	1	99	5.677E-19	1	9558	9758	224	99	0.713	1.395E-19	12	78	83	9558	9758	201	9450	10001
277233723	1	387	1.142E-105	3	9057	9979	213	207	0.955	2.528E-58	8	109	220	9057	9362	306	9012	9362
277233723	1	387	1.142E-105	3	9057	9979	224	101	0.728	2.140E-20	98	164	220	9558	9758	201	9450	10001
277233723	1	387	1.142E-105	3	9057	9979	223	91	0.782	2.386E-18	163	217	220	9815	9979	165	9713	9982
277275813	1	172	6.011E-41	2	9558	9973	224	98	0.706	3.562E-19	98	164	220	9558	9758	201	9450	10001
277275813	1	172	6.011E-41	2	9558	9973	223	75	0.684	5.597E-13	163	215	220	9815	9973	159	9713	9982
277310124	1	404	8.709E-111	3	9057	9979	213	217	0.997	6.835E-62	37	138	248	9057	9362	306	9012	9362
277310124	1	404	8.709E-111	3	9057	9979	224	108	0.768	1.435E-22	127	193	248	9558	9758	201	9450	10001
277310124	1	404	8.709E-111	3	9057	9979	223	91	0.788	1.266E-18	192	246	248	9815	9979	165	9713	9982
277310237	-1	320	1.685E-85	4	5248	6533	1766	39	0.714	5.896E-01	10	34	287	-6533	-6459	75	6623	6459
277310237	-1	320	1.685E-85	4	5248	6533	1780	82	0.521	1.944E-15	34	114	287	-6135	-5893	243	6159	5887
277310237	-1	320	1.685E-85	4	5248	6533	1787	99	0.544	8.695E-21	116	206	287	-5829	-5551	279	5880	5542
277310237	-1	320	1.685E-85	4	5248	6533	1790	111	0.600	2.427E-25	193	285	287	-5523	-5248	276	5538	5245
277313649	-1	563	1.192E-158	4	32672	35158	1095	147	0.473	1.096E-34	90	254	879	-35158	-34655	504	35506	34637
277313649	-1	563	1.192E-158	4	32672	35158	1104	194	0.623	6.265E-53	254	410	879	-34591	-34124	468	34591	34112
277313649	-1	563	1.192E-158	4	32672	35158	1109	61	0.457	2.654E-07	410	479	879	-34064	-33855	210	34250	33852
277313649	-1	563	1.192E-158	4	32672	35158	1137	224	0.486	2.858E-61	545	792	879	-33412	-32672	741	33430	32639
277329020	1	296	2.826E-78	2	9057	9758	213	210	0.966	2.768E-59	8	109	213	9057	9362	306	9012	9362
277329020	1	296	2.826E-78	2	9057	9758	224	99	0.696	1.395E-19	96	164	213	9552	9758	207	9450	10001
277334017	1	198	8.957E-49	2	9558	9979	224	109	0.779	4.103E-23	28	94	148	9558	9758	201	9450	10001
277334017	1	198	8.957E-49	2	9558	9979	223	90	0.779	3.276E-18	93	147	148	9815	9979	165	9713	9982
277349598	-1	800	5.396E-230	6	32351	35128	1095	142	0.461	8.369E-33	68	234	855	-35128	-34643	486	35506	34637
277349598	-1	800	5.396E-230	6	32351	35128	1104	186	0.603	2.512E-50	230	386	855	-34591	-34124	468	34591	34112
277349598	-1	800	5.396E-230	6	32351	35128	1109	56	0.426	1.549E-05	386	455	855	-34064	-33855	210	34250	33852
277349598	-1	800	5.396E-230	6	32351	35128	1118	51	0.479	7.081E-05	464	518	855	-33645	-33481	165	33723	33481
277349598	-1	800	5.396E-230	6	32351	35128	1137	254	0.536	6.572E-72	520	768	855	-33409	-32672	738	33430	32639
277349598	-1	800	5.396E-230	6	32351	35128	1141	119	0.668	2.732E-28	767	854	855	-32614	-32351	264	32635	32351
277370300	1	401	6.968E-110	3	9057	9979	213	217	0.997	6.835E-62	8	109	219	9057	9362	306	9012	9362
277370300	1	401	6.968E-110	3	9057	9979	224	108	0.771	1.049E-22	98	164	219	9558	9758	201	9450	10001
277370300	1	401	6.968E-110	3	9057	9979	223	88	0.761	2.195E-17	163	217	219	9815	9979	165	9713	9982
277376085	-1	280	1.852E-73	3	5260	6135	1780	78	0.499	6.360E-14	34	114	294	-6135	-5893	243	6159	5887
277376085	-1	280	1.852E-73	3	5260	6135	1787	104	0.614	1.956E-22	117	200	294	-5826	-5575	252	5880	5542
277376085	-1	280	1.852E-73	3	5260	6135	1790	108	0.601	3.055E-24	191	280	294	-5529	-5260	270	5538	5245
277384703	1	216	3.417E-54	1	9051	9359	213	216	0.982	2.419E-61	0	102	103	9051	9359	309	9012	9362
277404485	-1	54	1.998E-05	1	11238	11420	1662	54	0.461	4.648E-06	24	84	98	-11420	-11238	183	11435	11226
277405282	-1	52	7.990E-05	1	11238	11420	1662	52	0.448	2.287E-05	24	84	100	-11420	-11238	183	11435	11226
277430611	1	73	3.810E-11	1	9815	9973	223	73	0.665	3.754E-12	49	101	106	9815	9973	159	9713	9982
277436954	1	217	1.708E-54	1	9051	9359	213	217	0.987	9.375E-62	0	102	103	9051	9359	309	9012	9362
277438817	-1	287	1.447E-75	2	32672	34591	1104	174	0.569	6.076E-46	141	297	746	-34591	-34124	468	34591	34112
277438817	-1	287	1.447E-75	2	32672	34591	1137	244	0.519	2.319E-68	430	678	746	-33409	-32672	738	33430	32639
277439261	-1	303	2.208E-80	4	5266	6533	1766	34	0.638	2.021E+01	10	34	280	-6533	-6459	75	6623	6459
277439261	-1	303	2.208E-80	4	5266	6533	1780	86	0.540	1.121E-16	34	114	280	-6135	-5893	243	6159	5887
277439261	-1	303	2.208E-80	4	5266	6533	1787	98	0.659	1.636E-20	109	181	280	-5844	-5632	213	5880	5542
277439261	-1	303	2.208E-80	4	5266	6533	1790	98	0.563	1.150E-20	192	279	280	-5529	-5266	264	5538	5245
277488337	1	290	1.809E-76	2	9057	9979	213	219	1.000	1.408E-62	8	109	201	9057	9362	306	9012	9362
277488337	1	290	1.809E-76	2	9057	9979	223	106	0.902	1.024E-23	146	200	201	9815	9979	165	9713	9982
277488350	-1	185	7.338E-45	2	5590	6135	1780	79	0.501	1.789E-14	21	102	183	-6135	-5890	246	6159	5887
277488350	-1	185	7.338E-45	2	5590	6135	1787	109	0.640	3.207E-24	99	182	183	-5841	-5590	252	5880	5542
277509234	-1	119	5.414E-25	2	5887	6533	1766	34	0.624	3.846E+01	16	40	123	-6533	-6459	75	6623	6459
277509234	-1	119	5.414E-25	2	5887	6533	1780	85	0.526	2.113E-16	40	122	123	-6135	-5887	249	6159	5887
277521219	-1	222	5.339E-56	2	5263	5862	1787	114	0.629	5.257E-26	36	125	212	-5862	-5593	270	5880	5542
277521219	-1	222	5.339E-56	2	5263	5862	1790	111	0.624	1.768E-25	122	210	212	-5529	-5263	267	5538	5245
277572527	1	395	4.459E-108	3	9054	9964	213	218	0.994	2.649E-62	4	106	216	9054	9362	309	9012	9362
277572527	1	395	4.459E-108	3	9054	9964	224	111	0.789	1.172E-23	95	161	216	9558	9758	201	9450	10001
277572527	1	395	4.459E-108	3	9054	9964	223	78	0.746	4.427E-14	160	209	216	9815	9964	150	9713	9982
277585096	1	414	8.505E-114	3	9057	9979	213	221	1.000	2.901E-63	8	109	218	9057	9362	306	9012	9362
277585096	1	414	8.505E-114	3	9057	9979	224	107	0.766	1.963E-22	98	164	218	9558	9758	201	9450	10001
277585096	1	414	8.505E-114	3	9057	9979	223	98	0.837	7.945E-21	163	217	218	9815	9979	165	9713	9982
283356773	1	175	7.514E-42	2	20383	20966	479	138	0.662	2.777E-34	76	178	230	20383	20682	300	20377	20730
283356773	1	175	7.514E-42	2	20383	20966	483	50	0.714	3.095E-05	193	225	230	20868	20966	99	20838	20969
284043565	1	180	2.348E-43	2	20383	20966	479	140	0.672	4.168E-35	77	179	231	20383	20682	300	20377	20730
284043565	1	180	2.348E-43	2	20383	20966	483	53	0.745	4.549E-06	194	226	231	20868	20966	99	20838	20969
285474460	-1	386	2.283E-105	3	32672	35137	1095	111	0.402	2.216E-22	164	319	942	-35137	-34670	468	35506	34637
285474460	-1	386	2.283E-105	3	32672	35137	1104	160	0.521	3.775E-41	324	484	942	-34591	-34118	474	34591	34112
285474460	-1	386	2.283E-105	3	32672	35137	1137	246	0.526	3.522E-69	614	855	942	-33412	-32672	741	33430	32639
285673481	-1	337	1.285E-90	4	5254	6533	1766	37	0.686	2.129E+00	14	38	291	-6533	-6459	75	6623	6459
285673481	-1	337	1.285E-90	4	5254	6533	1780	91	0.561	1.820E-18	38	119	291	-6135	-5890	246	6159	5887
285673481	-1	337	1.285E-90	4	5254	6533	1787	96	0.626	7.952E-20	123	198	291	-5820	-5593	228	5880	5542
285673481	-1	337	1.285E-90	4	5254	6533	1790	117	0.628	1.532E-27	195	287	291	-5529	-5254	276	5538	5245
285801203	-1	698	2.736E-199	5	32351	35161	1095	148	0.472	5.899E-35	103	271	896	-35161	-34658	504	35506	34637
285801203	-1	698	2.736E-199	5	32351	35161	1104	184	0.622	2.286E-49	279	427	896	-34570	-34124	447	34591	34112
285801203	-1	698	2.736E-199	5	32351	35161	1118	48	0.451	1.240E-03	505	559	896	-33645	-33481	165	33723	33481
285801203	-1	698	2.736E-199	5	32351	35161	1137	273	0.567	3.450E-78	561	809	896	-33409	-32672	738	33430	32639
285801203	-1	698	2.736E-199	5	32351	35161	1141	125	0.696	2.367E-30	808	895	896	-32614	-32351	264	32635	32351
286199617	-1	236	3.259E-60	3	5593	6533	1766	40	0.742	1.634E-01	16	40	275	-6533	-6459	75	6623	6459
286199617	-1	236	3.259E-60	3	5593	6533	1780	84	0.530	5.471E-16	40	120	275	-6135	-5893	243	6159	5887
286199617	-1	236	3.259E-60	3	5593	6533	1787	111	0.680	4.809E-25	121	200	275	-5832	-5593	240	5880	5542
286573335	-1	351	7.845E-95	4	5260	6533	1766	47	0.852	9.722E-04	28	52	301	-6533	-6459	75	6623	6459
286573335	-1	351	7.845E-95	4	5260	6533	1780	78	0.532	4.632E-14	52	126	301	-6135	-5911	225	6159	5887
286573335	-1	351	7.845E-95	4	5260	6533	1787	126	0.647	2.119E-30	126	218	301	-5865	-5575	291	5880	5542
286573335	-1	351	7.845E-95	4	5260	6533	1790	110	0.599	6.274E-25	207	298	301	-5535	-5260	276	5538	5245
287597883	-1	705	2.138E-201	5	32351	35140	1095	147	0.484	2.038E-34	191	352	976	-35140	-34655	486	35506	34637
287597883	-1	705	2.138E-201	5	32351	35140	1104	186	0.615	3.444E-50	357	509	976	-34576	-34121	456	34591	34112
287597883	-1	705	2.138E-201	5	32351	35140	1118	52	0.410	5.152E-05	571	638	976	-33690	-33487	204	33723	33481
287597883	-1	705	2.138E-201	5	32351	35140	1137	261	0.548	2.295E-74	641	889	976	-33412	-32672	741	33430	32639
287597883	-1	705	2.138E-201	5	32351	35140	1141	122	0.681	2.979E-29	888	975	976	-32614	-32351	264	32635	32351
288196358	1	89	5.813E-16	1	25562	26107	607	89	0.305	2.747E-16	14	200	252	25562	26107	546	25553	26113
288802095	1	75	9.525E-12	1	9815	9934	223	75	0.874	5.597E-13	34	73	74	9815	9934	120	9713	9982
289480706	-1	329	3.290E-88	4	5254	6533	1766	42	0.769	4.533E-02	15	39	293	-6533	-6459	75	6623	6459
289480706	-1	329	3.290E-88	4	5254	6533	1780	91	0.563	1.326E-18	39	120	293	-6135	-5890	246	6159	5887
289480706	-1	329	3.290E-88	4	5254	6533	1787	97	0.683	4.225E-20	132	200	293	-5799	-5593	207	5880	5542
289480706	-1	329	3.290E-88	4	5254	6533	1790	109	0.603	8.610E-25	199	289	293	-5523	-5254	270	5538	5245
289792373	-1	228	8.342E-58	3	5593	6533	1766	40	0.742	1.634E-01	13	37	290	-6533	-6459	75	6623	6459
289792373	-1	228	8.342E-58	3	5593	6533	1780	88	0.552	1.674E-17	37	117	290	-6135	-5893	243	6159	5887
289792373	-1	228	8.342E-58	3	5593	6533	1787	99	0.615	8.695E-21	118	197	290	-5832	-5593	240	5880	5542
290195335	-1	187	1.834E-45	2	5263	5829	1787	96	0.679	7.952E-20	122	190	289	-5829	-5623	207	5880	5542
290195335	-1	187	1.834E-45	2	5263	5829	1790	103	0.616	1.874E-22	204	286	289	-5511	-5263	249	5538	5245
290345821	1	441	6.337E-122	3	9057	9979	213	225	1.000	1.231E-64	8	109	219	9057	9362	306	9012	9362
290345821	1	441	6.337E-122	3	9057	9979	224	113	0.801	2.449E-24	98	164	219	9558	9758	201	9450	10001
290345821	1	441	6.337E-122	3	9057	9979	223	115	0.972	7.019E-27	163	217	219	9815	9979	165	9713	9982
291121672	1	178	9.392E-43	2	20383	20969	479	142	0.673	1.177E-35	76	179	230	20383	20682	300	20377	20730
291121672	1	178	9.392E-43	2	20383	20969	483	49	0.686	5.866E-05	194	227	230	20868	20969	102	20838	20969
291298428	1	170	2.404E-40	2	20380	20966	479	138	0.695	3.810E-34	72	167	225	20380	20670	291	20377	20730
291298428	1	170	2.404E-40	2	20380	20966	483	53	0.745	4.549E-06	190	222	225	20868	20966	99	20838	20969
291412016	1	175	7.514E-42	2	27870	28459	660	144	0.729	1.522E-36	79	173	260	27870	28157	288	27864	28187
291412016	1	175	7.514E-42	2	27870	28459	665	49	0.653	5.866E-05	193	228	260	28352	28459	108	28331	28462
291601097	-1	549	1.953E-154	4	32351	34591	1104	183	0.598	3.134E-49	229	384	850	-34591	-34124	468	34591	34112
291601097	-1	549	1.953E-154	4	32351	34591	1118	52	0.485	3.748E-05	461	515	850	-33645	-33481	165	33723	33481
291601097	-1	549	1.953E-154	4	32351	34591	1137	263	0.555	6.527E-75	517	763	850	-33409	-32672	738	33430	32639
291601097	-1	549	1.953E-154	4	32351	34591	1141	125	0.694	3.249E-30	762	849	850	-32614	-32351	264	32635	32351
291601699	1	230	2.085E-58	3	27867	28459	660	154	0.710	5.610E-40	68	173	225	27867	28175	309	27864	28187
291601699	1	230	2.085E-58	3	27867	28459	662	34	0.735	1.965E+01	165	185	225	28229	28291	63	28148	28291
291601699	1	230	2.085E-58	3	27867	28459	665	49	0.704	5.866E-05	186	218	225	28361	28459	99	28331	28462
291620169	1	302	4.416E-80	2	9057	9788	213	213	0.981	1.611E-60	8	109	215	9057	9362	306	9012	9362
291620169	1	302	4.416E-80	2	9057	9788	224	100	0.639	7.470E-20	98	170	215	9558	9788	231	9450	10001
291631797	-1	331	8.226E-89	4	5260	6551	1766	35	0.539	1.465E+01	3	33	281	-6551	-6459	93	6623	6459
291631797	-1	331	8.226E-89	4	5260	6551	1780	80	0.505	9.489E-15	33	114	281	-6135	-5890	246	6159	5887
291631797	-1	331	8.226E-89	4	5260	6551	1787	106	0.657	4.024E-23	115	193	281	-5829	-5593	237	5880	5542
291631797	-1	331	8.226E-89	4	5260	6551	1790	109	0.620	8.610E-25	192	279	281	-5523	-5260	264	5538	5245
291645081	1	402	3.484E-110	3	9057	9973	213	219	1.000	1.408E-62	8	109	220	9057	9362	306	9012	9362
291645081	1	402	3.484E-110	3	9057	9973	224	106	0.758	5.018E-22	98	164	220	9558	9758	201	9450	10001
291645081	1	402	3.484E-110	3	9057	9973	223	89	0.795	8.479E-18	163	215	220	9815	9973	159	9713	9982
291650477	-1	393	1.784E-107	4	5260	6572	1766	42	0.534	6.245E-02	10	47	299	-6572	-6459	114	6623	6459
291650477	-1	393	1.784E-107	4	5260	6572	1780	100	0.606	1.707E-21	47	128	299	-6135	-5890	246	6159	5887
291650477	-1	393	1.784E-107	4	5260	6572	1787	124	0.747	1.938E-29	128	207	299	-5832	-5593	240	5880	5542
291650477	-1	393	1.784E-107	4	5260	6572	1790	129	0.695	1.152E-31	204	294	299	-5529	-5260	270	5538	5245
291718812	-1	339	3.213E-91	4	5245	6539	1766	42	0.712	6.245E-02	11	37	289	-6539	-6459	81	6623	6459
291718812	-1	339	3.213E-91	4	5245	6539	1780	82	0.514	2.670E-15	37	118	289	-6135	-5890	246	6159	5887
291718812	-1	339	3.213E-91	4	5245	6539	1787	109	0.674	3.207E-24	119	197	289	-5829	-5593	237	5880	5542
291718812	-1	339	3.213E-91	4	5245	6539	1790	107	0.572	5.755E-24	194	288	289	-5529	-5245	285	5538	5245
291722202	-1	566	1.490E-159	4	32351	35128	1095	145	0.476	5.161E-34	3	166	790	-35128	-34652	477	35506	34637
291722202	-1	566	1.490E-159	4	32351	35128	1104	185	0.622	8.873E-50	172	321	790	-34570	-34124	447	34591	34112
291722202	-1	566	1.490E-159	4	32351	35128	1137	250	0.528	2.853E-70	455	703	790	-33409	-32672	738	33430	32639
291722202	-1	566	1.490E-159	4	32351	35128	1141	122	0.679	4.089E-29	702	789	790	-32614	-32351	264	32635	32351
291757002	1	72	7.620E-11	1	26103	26375	612	72	0.417	1.262E-11	21	115	169	26103	26375	273	26070	26402
291757331	-1	101	1.419E-19	1	34850	35152	1095	101	0.510	6.091E-19	37	139	145	-35152	-34850	303	35506	34637
291798437	1	409	2.722E-112	3	9057	9976	213	219	1.000	1.931E-62	8	109	219	9057	9362	306	9012	9362
291798437	1	409	2.722E-112	3	9057	9976	224	108	0.768	1.435E-22	98	164	219	9558	9758	201	9450	10001
291798437	1	409	2.722E-112	3	9057	9976	223	94	0.823	1.377E-19	163	216	219	9815	9976	162	9713	9982
291840921	-1	675	2.295E-192	5	32672	35128	1095	136	0.464	1.177E-30	72	227	852	-35128	-34655	474	35506	34637
291840921	-1	675	2.295E-192	5	32672	35128	1104	186	0.601	4.721E-50	227	383	852	-34591	-34124	468	34591	34112
291840921	-1	675	2.295E-192	5	32672	35128	1109	55	0.418	3.952E-05	383	452	852	-34064	-33855	210	34250	33852
291840921	-1	675	2.295E-192	5	32672	35128	1118	52	0.482	5.152E-05	461	515	852	-33645	-33481	165	33723	33481
291840921	-1	675	2.295E-192	5	32672	35128	1137	250	0.529	2.084E-70	517	765	852	-33409	-32672	738	33430	32639
291854810	-1	580	9.093E-164	4	32351	35140	1095	142	0.475	6.142E-33	103	263	888	-35140	-34658	483	35506	34637
291854810	-1	580	9.093E-164	4	32351	35140	1104	184	0.624	1.216E-49	271	419	888	-34570	-34124	447	34591	34112
291854810	-1	580	9.093E-164	4	32351	35140	1137	268	0.559	1.501E-76	553	801	888	-33409	-32672	738	33430	32639
291854810	-1	580	9.093E-164	4	32351	35140	1141	124	0.688	8.397E-30	800	887	888	-32614	-32351	264	32635	32351
291906368	1	387	1.142E-105	3	9057	9973	213	211	0.971	1.073E-59	8	109	220	9057	9362	306	9012	9362
291906368	1	387	1.142E-105	3	9057	9973	224	98	0.688	3.562E-19	96	164	220	9552	9758	207	9450	10001
291906368	1	387	1.142E-105	3	9057	9973	223	92	0.821	6.715E-19	163	215	220	9815	9973	159	9713	9982
291944110	-1	235	6.517E-60	3	5575	6596	1766	48	0.501	3.724E-04	3	50	386	-6596	-6459	138	6623	6459
291944110	-1	235	6.517E-60	3	5575	6596	1780	76	0.533	4.263E-13	50	121	386	-6135	-5920	216	6159	5887
291944110	-1	235	6.517E-60	3	5575	6596	1787	120	0.691	3.338E-28	132	216	386	-5829	-5575	255	5880	5542
291945120	-1	54	1.998E-05	1	11238	11420	1662	54	0.461	4.648E-06	24	84	103	-11420	-11238	183	11435	11226
291945230	-1	51	1.598E-04	1	11238	11420	1662	51	0.442	4.328E-05	24	84	98	-11420	-11238	183	11435	11226
291946863	-1	53	3.995E-05	1	11238	11420	1662	53	0.453	1.209E-05	42	102	116	-11420	-11238	183	11435	11226
291961537	1	408	5.443E-112	3	9057	9979	213	219	1.000	1.931E-62	8	109	219	9057	9362	306	9012	9362
291961537	1	408	5.443E-112	3	9057	9979	224	108	0.768	1.435E-22	98	164	219	9558	9758	201	9450	10001
291961537	1	408	5.443E-112	3	9057	9979	223	93	0.801	3.563E-19	163	217	219	9815	9979	165	9713	9982
291980762	-1	286	2.894E-75	2	32672	34591	1104	175	0.571	3.234E-46	141	297	746	-34591	-34124	468	34591	34112
291980762	-1	286	2.894E-75	2	32672	34591	1137	242	0.515	1.527E-67	430	678	746	-33409	-32672	738	33430	32639
291985943	1	382	3.653E-104	3	9069	9976	213	208	0.993	1.344E-58	1	98	208	9069	9362	294	9012	9362
291985943	1	382	3.653E-104	3	9069	9976	224	110	0.784	2.193E-23	87	153	208	9558	9758	201	9450	10001
291985943	1	382	3.653E-104	3	9069	9976	223	76	0.676	4.076E-13	152	205	208	9815	9976	162	9713	9982
292044394	1	209	4.374E-52	1	9051	9359	213	209	0.953	7.142E-59	0	102	103	9051	9359	309	9012	9362
292046075	1	397	1.115E-108	3	9057	9958	213	213	0.981	1.611E-60	8	109	219	9057	9362	306	9012	9362
292046075	1	397	1.115E-108	3	9057	9958	224	108	0.768	1.435E-22	98	164	219	9558	9758	201	9450	10001
292046075	1	397	1.115E-108	3	9057	9958	223	88	0.861	1.598E-17	163	210	219	9815	9958	144	9713	9982
292051760	-1	349	3.138E-94	4	5263	6539	1766	44	0.757	6.633E-03	11	37	287	-6539	-6459	81	6623	6459
292051760	-1	349	3.138E-94	4	5263	6539	1780	89	0.557	8.879E-18	37	117	287	-6135	-5893	243	6159	5887
292051760	-1	349	3.138E-94	4	5263	6539	1787	129	0.664	2.317E-31	106	197	287	-5880	-5593	288	5880	5542
292051760	-1	349	3.138E-94	4	5263	6539	1790	102	0.566	4.845E-22	192	282	287	-5535	-5263	273	5538	5245
292051900	-1	344	1.004E-92	4	5260	6557	1766	44	0.626	1.258E-02	25	57	306	-6557	-6459	99	6623	6459
292051900	-1	344	1.004E-92	4	5260	6557	1780	76	0.519	3.105E-13	57	131	306	-6135	-5911	225	6159	5887
292051900	-1	344	1.004E-92	4	5260	6557	1787	124	0.741	1.413E-29	136	216	306	-5838	-5596	243	5880	5542
292051900	-1	344	1.004E-92	4	5260	6557	1790	107	0.582	5.755E-24	211	303	306	-5538	-5260	279	5538	5245
292051914	-1	546	1.562E-153	4	32672	35128	1095	138	0.471	1.353E-31	71	226	851	-35128	-34655	474	35506	34637
292051914	-1	546	1.562E-153	4	32672	35128	1104	179	0.584	7.344E-48	226	382	851	-34591	-34124	468	34591	34112
292051914	-1	546	1.562E-153	4	32672	35128	1118	48	0.448	1.705E-03	460	514	851	-33645	-33481	165	33723	33481
292051914	-1	546	1.562E-153	4	32672	35128	1137	257	0.542	9.972E-73	517	764	851	-33406	-32672	735	33430	32639
292062491	-1	201	1.120E-49	2	5263	5829	1787	109	0.678	1.704E-24	121	199	287	-5829	-5593	237	5880	5542
292062491	-1	201	1.120E-49	2	5263	5829	1790	97	0.544	2.166E-20	194	284	287	-5535	-5263	273	5538	5245
292075549	-1	99	5.677E-19	1	34640	35020	1095	99	0.429	2.050E-18	2	128	157	-35020	-34640	381	35506	34637
292082016	1	417	1.063E-114	3	9057	9979	213	218	0.999	4.983E-62	8	109	218	9057	9362	306	9012	9362
292082016	1	417	1.063E-114	3	9057	9979	224	108	0.773	7.674E-23	98	164	218	9558	9758	201	9450	10001
292082016	1	417	1.063E-114	3	9057	9979	223	103	0.880	9.409E-23	163	217	218	9815	9979	165	9713	9982
292099094	-1	791	2.763E-227	6	32351	35170	1095	141	0.434	1.554E-32	53	232	853	-35170	-34643	528	35506	34637
292099094	-1	791	2.763E-227	6	32351	35170	1104	184	0.597	1.667E-49	228	384	853	-34591	-34124	468	34591	34112
292099094	-1	791	2.763E-227	6	32351	35170	1109	55	0.423	3.952E-05	384	452	853	-34064	-33858	207	34250	33852
292099094	-1	791	2.763E-227	6	32351	35170	1118	49	0.460	4.775E-04	462	516	853	-33645	-33481	165	33723	33481
292099094	-1	791	2.763E-227	6	32351	35170	1137	252	0.532	4.330E-71	518	766	853	-33409	-32672	738	33430	32639
292099094	-1	791	2.763E-227	6	32351	35170	1141	119	0.666	3.750E-28	765	852	853	-32614	-32351	264	32635	32351
292103440	1	388	5.708E-106	3	9057	9958	213	211	0.969	1.471E-59	8	109	212	9057	9362	306	9012	9362
292103440	1	388	5.708E-106	3	9057	9958	224	106	0.761	3.670E-22	98	164	212	9558	9758	201	9450	10001
292103440	1	388	5.708E-106	3	9057	9958	223	83	0.815	9.854E-16	163	210	212	9815	9958	144	9713	9982
297754774	-1	399	2.787E-109	4	5251	6548	1766	48	0.742	3.724E-04	20	49	300	-6548	-6459	90	6623	6459
297754774	-1	399	2.787E-109	4	5251	6548	1780	101	0.614	4.807E-22	49	130	300	-6135	-5890	246	6159	5887
297754774	-1	399	2.787E-109	4	5251	6548	1787	121	0.730	2.433E-28	130	209	300	-5832	-5593	240	5880	5542
297754774	-1	399	2.787E-109	4	5251	6548	1790	129	0.695	1.152E-31	208	298	300	-5523	-5251	273	5538	5245
298221341	-1	234	1.303E-59	3	5575	6533	1766	36	0.659	7.700E+00	27	51	304	-6533	-6459	75	6623	6459
298221341	-1	234	1.303E-59	3	5575	6533	1780	89	0.555	1.219E-17	51	131	304	-6135	-5893	243	6159	5887
298221341	-1	234	1.303E-59	3	5575	6533	1787	108	0.626	4.399E-24	132	217	304	-5832	-5575	258	5880	5542
298818058	-1	393	1.784E-107	4	5260	6548	1766	49	0.759	1.427E-04	26	55	306	-6548	-6459	90	6623	6459
298818058	-1	393	1.784E-107	4	5260	6548	1780	97	0.592	1.569E-20	55	136	306	-6135	-5890	246	6159	5887
298818058	-1	393	1.784E-107	4	5260	6548	1787	119	0.724	6.282E-28	136	215	306	-5832	-5593	240	5880	5542
298818058	-1	393	1.784E-107	4	5260	6548	1790	128	0.711	2.169E-31	214	301	306	-5523	-5260	264	5538	5245
298894237	-1	645	2.465E-183	5	32351	34966	1095	93	0.475	1.915E-16	0	103	727	-34966	-34655	312	35506	34637
298894237	-1	645	2.465E-183	5	32351	34966	1104	184	0.608	2.286E-49	108	260	727	-34576	-34121	456	34591	34112
298894237	-1	645	2.465E-183	5	32351	34966	1118	51	0.408	7.081E-05	322	389	727	-33690	-33487	204	33723	33481
298894237	-1	645	2.465E-183	5	32351	34966	1137	258	0.542	5.319E-73	392	640	727	-33412	-32672	741	33430	32639
298894237	-1	645	2.465E-183	5	32351	34966	1141	122	0.681	2.979E-29	639	726	727	-32614	-32351	264	32635	32351
299263110	-1	686	1.121E-195	5	32351	34591	1104	199	0.638	7.563E-55	273	429	898	-34591	-34124	468	34591	34112
299263110	-1	686	1.121E-195	5	32351	34591	1109	55	0.423	2.116E-05	429	498	898	-34064	-33855	210	34250	33852
299263110	-1	686	1.121E-195	5	32351	34591	1118	55	0.505	4.046E-06	507	561	898	-33645	-33481	165	33723	33481
299263110	-1	686	1.121E-195	5	32351	34591	1137	258	0.542	5.319E-73	563	811	898	-33409	-32672	738	33430	32639
299263110	-1	686	1.121E-195	5	32351	34591	1141	124	0.692	4.458E-30	810	897	898	-32614	-32351	264	32635	32351
299267062	1	296	2.826E-78	2	9057	9758	213	210	0.966	2.768E-59	8	109	218	9057	9362	306	9012	9362
299267062	1	296	2.826E-78	2	9057	9758	224	97	0.701	6.651E-19	98	164	218	9558	9758	201	9450	10001
299532250	-1	536	1.600E-150	4	32672	34591	1104	184	0.598	1.216E-49	244	400	869	-34591	-34124	468	34591	34112
299532250	-1	536	1.600E-150	4	32672	34591	1109	56	0.440	1.549E-05	400	466	869	-34064	-33864	201	34250	33852
299532250	-1	536	1.600E-150	4	32672	34591	1118	51	0.479	7.081E-05	478	532	869	-33645	-33481	165	33723	33481
299532250	-1	536	1.600E-150	4	32672	34591	1137	253	0.534	1.687E-71	534	782	869	-33409	-32672	738	33430	32639
300112792	1	423	1.661E-116	3	9057	9979	213	219	1.000	1.408E-62	8	109	219	9057	9362	306	9012	9362
300112792	1	423	1.661E-116	3	9057	9979	224	111	0.791	8.572E-24	98	164	219	9558	9758	201	9450	10001
300112792	1	423	1.661E-116	3	9057	9979	223	105	0.893	2.649E-23	163	217	219	9815	9979	165	9713	9982
301500013	-1	229	4.171E-58	3	5593	6533	1766	34	0.624	3.846E+01	16	40	300	-6533	-6459	75	6623	6459
301500013	-1	229	4.171E-58	3	5593	6533	1780	83	0.523	1.416E-15	40	120	300	-6135	-5893	243	6159	5887
301500013	-1	229	4.171E-58	3	5593	6533	1787	114	0.629	5.257E-26	118	207	300	-5862	-5593	270	5880	5542
301576561	1	270	1.897E-70	4	20003	28459	465	38	0.677	2.902E-01	18	43	241	20003	20080	78	19997	20086
301576561	1	270	1.897E-70	4	20003	28459	471	44	0.538	4.910E-03	43	80	241	20190	20309	120	20190	20318
301576561	1	270	1.897E-70	4	20003	28459	660	150	0.755	1.325E-38	82	176	241	27870	28157	288	27864	28187
301576561	1	270	1.897E-70	4	20003	28459	665	49	0.581	8.076E-05	191	231	241	28337	28459	123	28331	28462
301770125	1	383	1.826E-104	3	9057	9958	213	213	0.978	3.030E-60	8	109	220	9057	9362	306	9012	9362
301770125	1	383	1.826E-104	3	9057	9958	224	108	0.771	1.049E-22	98	164	220	9558	9758	201	9450	10001
301770125	1	383	1.826E-104	3	9057	9958	223	74	0.734	1.449E-12	163	210	220	9815	9958	144	9713	9982
302469990	-1	390	1.427E-106	4	33487	35128	1095	118	0.414	8.964E-25	69	228	856	-35128	-34655	474	35506	34637
302469990	-1	390	1.427E-106	4	33487	35128	1104	180	0.583	3.908E-48	228	385	856	-34591	-34124	468	34591	34112
302469990	-1	390	1.427E-106	4	33487	35128	1109	62	0.483	1.418E-07	385	450	856	-34064	-33867	198	34250	33852
302469990	-1	390	1.427E-106	4	33487	35128	1118	40	0.393	5.235E-01	463	517	856	-33651	-33487	165	33723	33481
302472793	-1	342	4.017E-92	4	5260	6566	1766	44	0.549	9.136E-03	16	54	303	-6566	-6459	108	6623	6459
302472793	-1	342	4.017E-92	4	5260	6566	1780	79	0.537	2.457E-14	54	128	303	-6135	-5911	225	6159	5887
302472793	-1	342	4.017E-92	4	5260	6566	1787	115	0.695	1.484E-26	133	213	303	-5838	-5596	243	5880	5542
302472793	-1	342	4.017E-92	4	5260	6566	1790	111	0.600	2.427E-25	208	300	303	-5538	-5260	279	5538	5245
302693724	-1	368	5.985E-100	2	32351	33412	1137	252	0.532	4.330E-71	191	439	526	-33412	-32672	741	33430	32639
302693724	-1	368	5.985E-100	2	32351	33412	1141	117	0.658	1.331E-27	438	525	526	-32614	-32351	264	32635	32351
302703215	-1	690	7.005E-197	5	32351	35170	1095	153	0.481	1.047E-36	106	276	902	-35170	-34658	513	35506	34637
302703215	-1	690	7.005E-197	5	32351	35170	1104	183	0.619	4.296E-49	284	432	902	-34570	-34124	447	34591	34112
302703215	-1	690	7.005E-197	5	32351	35170	1118	51	0.475	9.733E-05	510	564	902	-33645	-33481	165	33723	33481
302703215	-1	690	7.005E-197	5	32351	35170	1137	258	0.540	5.319E-73	566	815	902	-33409	-32672	738	33430	32639
302703215	-1	690	7.005E-197	5	32351	35170	1141	125	0.696	2.367E-30	814	901	902	-32614	-32351	264	32635	32351
303474510	1	415	4.253E-114	3	9057	9979	213	220	1.000	1.027E-62	8	109	218	9057	9362	306	9012	9362
303474510	1	415	4.253E-114	3	9057	9979	224	108	0.771	1.049E-22	98	164	218	9558	9758	201	9450	10001
303474510	1	415	4.253E-114	3	9057	9979	223	99	0.850	2.237E-21	163	217	218	9815	9979	165	9713	9982
303522424	-1	238	8.146E-61	3	5593	6530	1766	40	0.762	2.252E-01	15	38	285	-6530	-6459	72	6623	6459
303522424	-1	238	8.146E-61	3	5593	6530	1780	88	0.547	1.674E-17	38	119	285	-6135	-5890	246	6159	5887
303522424	-1	238	8.146E-61	3	5593	6530	1787	109	0.674	3.207E-24	120	198	285	-5829	-5593	237	5880	5542
303749202	1	393	1.784E-107	3	9057	9958	213	213	0.981	1.611E-60	8	109	218	9057	9362	306	9012	9362
303749202	1	393	1.784E-107	3	9057	9958	224	104	0.746	2.398E-21	98	164	218	9558	9758	201	9450	10001
303749202	1	393	1.784E-107	3	9057	9958	223	88	0.861	1.598E-17	163	210	218	9815	9958	144	9713	9982
304755841	-1	312	4.313E-83	5	32351	35128	1095	141	0.473	2.117E-32	111	270	898	-35128	-34655	474	35506	34637
304755841	-1	312	4.313E-83	5	32351	35128	1104	201	0.643	1.562E-55	270	426	898	-34591	-34124	468	34591	34112
304755841	-1	312	4.313E-83	5	32351	35128	1109	60	0.476	6.789E-07	427	491	898	-34061	-33867	195	34250	33852
304755841	-1	312	4.313E-83	5	32351	35128	1118	46	0.451	8.365E-03	505	556	898	-33645	-33490	156	33723	33481
304755841	-1	312	4.313E-83	5	32351	35128	1141	125	0.696	2.367E-30	810	897	898	-32614	-32351	264	32635	32351
304938587	-1	183	2.935E-44	2	5593	6135	1780	73	0.469	2.858E-12	38	119	287	-6135	-5890	246	6159	5887
304938587	-1	183	2.935E-44	2	5593	6135	1787	109	0.676	2.337E-24	120	198	287	-5829	-5593	237	5880	5542
305377762	1	175	7.514E-42	2	27870	28462	660	136	0.658	1.167E-33	52	153	213	27870	28175	306	27864	28187
305377762	1	175	7.514E-42	2	27870	28462	665	50	0.691	4.261E-05	166	199	213	28361	28462	102	28331	28462
305626437	1	172	6.011E-41	2	27867	28462	660	145	0.726	8.087E-37	72	167	226	27867	28157	291	27864	28187
305626437	1	172	6.011E-41	2	27867	28462	665	48	0.671	1.531E-04	190	223	226	28361	28462	102	28331	28462
305930434	1	169	4.809E-40	2	20383	20966	479	133	0.641	1.692E-32	72	174	225	20383	20682	300	20377	20730
305930434	1	169	4.809E-40	2	20383	20966	483	49	0.693	1.112E-04	189	221	225	20868	20966	99	20838	20969
305951121	1	177	1.878E-42	2	27870	28459	660	146	0.738	3.132E-37	75	169	233	27870	28157	288	27864	28187
305951121	1	177	1.878E-42	2	27870	28459	665	52	0.735	8.619E-06	192	224	233	28361	28459	99	28331	28462
306136627	-1	202	5.598E-50	2	5257	5829	1787	102	0.638	6.929E-22	127	205	294	-5829	-5593	237	5880	5542
306136627	-1	202	5.598E-50	2	5257	5829	1790	99	0.579	4.446E-21	207	292	294	-5514	-5257	258	5538	5245
306147375	-1	276	2.964E-72	3	5260	6135	1780	73	0.474	2.858E-12	34	114	294	-6135	-5893	243	6159	5887
306147375	-1	276	2.964E-72	3	5260	6135	1787	104	0.614	1.956E-22	117	200	294	-5826	-5575	252	5880	5542
306147375	-1	276	2.964E-72	3	5260	6135	1790	109	0.607	1.182E-24	191	280	294	-5529	-5260	270	5538	5245
306191638	1	399	2.787E-109	3	9057	9958	213	213	0.981	1.611E-60	8	109	219	9057	9362	306	9012	9362
306191638	1	399	2.787E-109	3	9057	9958	224	107	0.766	1.963E-22	98	164	219	9558	9758	201	9450	10001
306191638	1	399	2.787E-109	3	9057	9958	223	91	0.885	1.738E-18	163	210	219	9815	9958	144	9713	9982
306219151	1	220	2.136E-55	1	9051	9359	213	220	1.000	5.457E-63	0	102	103	9051	9359	309	9012	9362
306226557	1	101	1.419E-19	1	9552	9758	224	101	0.708	2.925E-20	41	109	133	9552	9758	207	9450	10001
306227533	-1	241	1.018E-61	3	5593	6530	1766	40	0.762	2.252E-01	15	38	295	-6530	-6459	72	6623	6459
306227533	-1	241	1.018E-61	3	5593	6530	1780	92	0.567	7.033E-19	38	119	295	-6135	-5890	246	6159	5887
306227533	-1	241	1.018E-61	3	5593	6530	1787	108	0.672	4.399E-24	120	198	295	-5829	-5593	237	5880	5542
306254455	1	398	5.574E-109	3	9057	9958	213	213	0.981	1.611E-60	8	109	219	9057	9362	306	9012	9362
306254455	1	398	5.574E-109	3	9057	9958	224	108	0.768	1.435E-22	98	164	219	9558	9758	201	9450	10001
306254455	1	398	5.574E-109	3	9057	9958	223	89	0.864	1.164E-17	163	210	219	9815	9958	144	9713	9982
306263595	1	411	6.804E-113	3	9054	9979	213	207	0.972	2.528E-58	1	100	205	9054	9353	300	9012	9362
306263595	1	411	6.804E-113	3	9054	9979	224	103	0.877	6.128E-21	97	151	205	9594	9758	165	9450	10001
306263595	1	411	6.804E-113	3	9054	9979	223	105	0.893	2.649E-23	150	204	205	9815	9979	165	9713	9982
306278891	1	403	1.742E-110	3	9057	9976	213	216	0.992	1.764E-61	8	109	219	9057	9362	306	9012	9362
306278891	1	403	1.742E-110	3	9057	9976	224	108	0.768	1.435E-22	98	164	219	9558	9758	201	9450	10001
306278891	1	403	1.742E-110	3	9057	9976	223	91	0.798	1.738E-18	163	216	219	9815	9976	162	9713	9982
306279919	1	402	3.484E-110	3	9057	9973	213	214	0.986	6.242E-61	8	109	220	9057	9362	306	9012	9362
306279919	1	402	3.484E-110	3	9057	9973	224	109	0.779	4.103E-23	98	164	220	9558	9758	201	9450	10001
306279919	1	402	3.484E-110	3	9057	9973	223	91	0.811	1.738E-18	163	215	220	9815	9973	159	9713	9982
306282164	-1	147	2.017E-33	1	34124	34447	1104	147	0.671	1.705E-36	1	108	147	-34447	-34124	324	34591	34112
306282223	-1	388	5.708E-106	4	33487	35128	1095	116	0.407	5.638E-24	73	232	860	-35128	-34655	474	35506	34637
306282223	-1	388	5.708E-106	4	33487	35128	1104	180	0.583	3.908E-48	232	389	860	-34591	-34124	468	34591	34112
306282223	-1	388	5.708E-106	4	33487	35128	1109	62	0.483	1.418E-07	389	454	860	-34064	-33867	198	34250	33852
306282223	-1	388	5.708E-106	4	33487	35128	1118	40	0.393	5.235E-01	467	521	860	-33651	-33487	165	33723	33481
306297257	1	195	7.166E-48	2	9558	9973	224	102	0.733	1.145E-20	25	91	147	9558	9758	201	9450	10001
306297257	1	195	7.166E-48	2	9558	9973	223	94	0.840	1.003E-19	90	142	147	9815	9973	159	9713	9982
306303663	1	371	7.481E-101	3	9057	9967	213	213	0.978	3.030E-60	8	109	215	9057	9362	306	9012	9362
306303663	1	371	7.481E-101	3	9057	9967	224	102	0.636	1.566E-20	96	170	215	9552	9788	237	9450	10001
306303663	1	371	7.481E-101	3	9057	9967	223	76	0.710	4.076E-13	163	213	215	9815	9967	153	9713	9982
306304075	1	383	1.826E-104	3	9057	9973	213	207	0.955	2.528E-58	8	109	219	9057	9362	306	9012	9362
306304075	1	383	1.826E-104	3	9057	9973	224	101	0.728	2.140E-20	98	164	219	9558	9758	201	9450	10001
306304075	1	383	1.826E-104	3	9057	9973	223	87	0.779	4.137E-17	163	215	219	9815	9973	159	9713	9982
306333690	1	419	2.658E-115	3	9054	9979	213	220	0.998	1.027E-62	1	103	212	9054	9362	309	9012	9362
306333690	1	419	2.658E-115	3	9054	9979	224	108	0.771	1.049E-22	92	158	212	9558	9758	201	9450	10001
306333690	1	419	2.658E-115	3	9054	9979	223	103	0.877	1.292E-22	157	211	212	9815	9979	165	9713	9982
306343366	1	216	3.417E-54	1	9051	9359	213	216	0.984	1.764E-61	0	102	103	9051	9359	309	9012	9362
306343784	1	217	1.708E-54	1	9051	9359	213	217	0.989	6.835E-62	0	102	103	9051	9359	309	9012	9362
306349804	1	92	7.267E-17	1	25583	26104	607	92	0.320	3.105E-17	42	220	265	25583	26104	522	25553	26113
306353035	-1	179	4.696E-43	2	5593	6081	1780	71	0.565	1.395E-11	2	64	220	-6081	-5893	189	6159	5887
306353035	-1	179	4.696E-43	2	5593	6081	1787	107	0.666	1.136E-23	66	144	220	-5829	-5593	237	5880	5542
306359675	-1	299	3.533E-79	3	5254	6153	1780	87	0.514	5.947E-17	4	90	261	-6153	-5893	261	6159	5887
306359675	-1	299	3.533E-79	3	5254	6153	1787	114	0.635	5.257E-26	81	165	261	-5874	-5608	267	5880	5542
306359675	-1	299	3.533E-79	3	5254	6153	1790	108	0.577	2.226E-24	164	258	261	-5538	-5254	285	5538	5245
306412305	1	169	4.809E-40	2	9558	9967	224	98	0.632	1.907E-19	51	123	171	9558	9788	231	9450	10001
306412305	1	169	4.809E-40	2	9558	9967	223	78	0.733	4.427E-14	116	166	171	9815	9967	153	9713	9982
306435362	1	398	5.574E-109	3	9057	9979	213	217	0.997	6.835E-62	8	109	219	9057	9362	306	9012	9362
306435362	1	398	5.574E-109	3	9057	9979	224	111	0.794	6.267E-24	98	164	219	9558	9758	201	9450	10001
306435362	1	398	5.574E-109	3	9057	9979	223	82	0.718	1.858E-15	163	217	219	9815	9979	165	9713	9982
306436898	-1	290	1.809E-76	3	5260	6135	1780	79	0.501	1.789E-14	38	119	287	-6135	-5890	246	6159	5887
306436898	-1	290	1.809E-76	3	5260	6135	1787	109	0.678	1.704E-24	120	198	287	-5829	-5593	237	5880	5542
306436898	-1	290	1.809E-76	3	5260	6135	1790	106	0.583	1.084E-23	193	284	287	-5535	-5260	276	5538	5245
306486787	-1	52	7.990E-05	1	11238	11420	1662	52	0.445	3.146E-05	12	72	86	-11420	-11238	183	11435	11226
306514496	-1	201	1.120E-49	2	5263	5829	1787	108	0.672	4.399E-24	121	199	287	-5829	-5593	237	5880	5542
306514496	-1	201	1.120E-49	2	5263	5829	1790	98	0.548	1.150E-20	194	284	287	-5535	-5263	273	5538	5245
306522481	-1	347	1.255E-93	3	32351	34121	1109	66	0.423	3.294E-09	357	435	834	-34121	-33867	255	34250	33852
306522481	-1	347	1.255E-93	3	32351	34121	1137	224	0.480	2.858E-61	496	747	834	-33418	-32672	747	33430	32639
306522481	-1	347	1.255E-93	3	32351	34121	1141	117	0.656	1.826E-27	746	833	834	-32614	-32351	264	32635	32351
306581786	1	389	2.854E-106	3	9057	9973	213	205	0.948	8.947E-58	8	109	220	9057	9362	306	9012	9362
306581786	1	389	2.854E-106	3	9057	9973	224	109	0.776	5.611E-23	98	164	220	9558	9758	201	9450	10001
306581786	1	389	2.854E-106	3	9057	9973	223	87	0.776	5.681E-17	163	215	220	9815	9973	159	9713	9982
306585643	-1	305	5.520E-81	4	5266	6545	1766	36	0.587	5.583E+00	10	38	287	-6545	-6459	87	6623	6459
306585643	-1	305	5.520E-81	4	5266	6545	1780	79	0.498	3.373E-14	38	119	287	-6135	-5890	246	6159	5887
306585643	-1	305	5.520E-81	4	5266	6545	1787	110	0.560	1.242E-24	109	204	287	-5874	-5575	300	5880	5542
306585643	-1	305	5.520E-81	4	5266	6545	1790	96	0.566	4.080E-20	197	282	287	-5523	-5266	258	5538	5245
306600350	-1	120	2.707E-25	1	9065	9256	1712	120	0.884	4.749E-29	1	64	78	-9256	-9065	192	9280	9065
306602194	1	418	5.316E-115	3	9057	9976	213	219	1.000	1.408E-62	8	109	218	9057	9362	306	9012	9362
306602194	1	418	5.316E-115	3	9057	9976	224	108	0.771	1.049E-22	98	164	218	9558	9758	201	9450	10001
306602194	1	418	5.316E-115	3	9057	9976	223	103	0.892	1.292E-22	163	216	218	9815	9976	162	9713	9982
306628735	-1	390	1.427E-106	4	5251	6584	1766	44	0.513	1.258E-02	19	57	308	-6584	-6459	126	6623	6459
306628735	-1	390	1.427E-106	4	5251	6584	1780	95	0.582	7.651E-20	57	138	308	-6135	-5890	246	6159	5887
306628735	-1	390	1.427E-106	4	5251	6584	1787	121	0.734	1.293E-28	138	217	308	-5832	-5593	240	5880	5542
306628735	-1	390	1.427E-106	4	5251	6584	1790	130	0.697	8.393E-32	216	306	308	-5523	-5251	273	5538	5245
306629210	1	231	1.043E-58	2	9057	9964	213	209	0.963	5.207E-59	8	109	220	9057	9362	306	9012	9362
306629210	1	231	1.043E-58	2	9057	9964	223	74	0.712	1.056E-12	163	212	220	9815	9964	150	9713	9982
306633463	1	388	5.708E-106	3	9057	9967	213	215	0.988	4.551E-61	8	109	219	9057	9362	306	9012	9362
306633463	1	388	5.708E-106	3	9057	9967	224	104	0.743	3.279E-21	98	164	219	9558	9758	201	9450	10001
306633463	1	388	5.708E-106	3	9057	9967	223	81	0.759	3.503E-15	163	213	219	9815	9967	153	9713	9982
306634415	-1	697	5.473E-199	5	32351	35161	1095	148	0.472	5.899E-35	103	271	896	-35161	-34658	504	35506	34637
306634415	-1	697	5.473E-199	5	32351	35161	1104	184	0.622	2.286E-49	279	427	896	-34570	-34124	447	34591	34112
306634415	-1	697	5.473E-199	5	32351	35161	1118	48	0.451	1.240E-03	505	559	896	-33645	-33481	165	33723	33481
306634415	-1	697	5.473E-199	5	32351	35161	1137	272	0.566	4.725E-78	561	809	896	-33409	-32672	738	33430	32639
306634415	-1	697	5.473E-199	5	32351	35161	1141	125	0.696	2.367E-30	808	895	896	-32614	-32351	264	32635	32351
306675649	-1	101	1.419E-19	2	5248	6135	1780	81	0.512	3.666E-15	37	118	294	-6135	-5890	246	6159	5887
306675649	-1	101	1.419E-19	2	5248	6135	1790	97	0.537	1.578E-20	197	289	294	-5523	-5248	276	5538	5245
306675735	-1	845	1.534E-243	6	32351	35128	1095	141	0.477	1.140E-32	124	282	905	-35128	-34655	474	35506	34637
306675735	-1	845	1.534E-243	6	32351	35128	1104	194	0.622	8.589E-53	282	438	905	-34591	-34124	468	34591	34112
306675735	-1	845	1.534E-243	6	32351	35128	1109	63	0.482	7.580E-08	438	504	905	-34064	-33864	201	34250	33852
306675735	-1	845	1.534E-243	6	32351	35128	1118	58	0.523	3.180E-07	512	567	905	-33654	-33487	168	33723	33481
306675735	-1	845	1.534E-243	6	32351	35128	1137	273	0.571	3.450E-78	572	818	905	-33406	-32672	735	33430	32639
306675735	-1	845	1.534E-243	6	32351	35128	1141	123	0.683	2.171E-29	817	904	905	-32614	-32351	264	32635	32351
312287877	-1	191	1.147E-46	2	5260	5829	1787	100	0.728	4.620E-21	120	185	288	-5829	-5632	198	5880	5542
312287877	-1	191	1.147E-46	2	5260	5829	1790	102	0.591	2.572E-22	198	284	288	-5520	-5260	261	5538	5245
312602181	-1	284	1.158E-74	3	5263	6135	1780	80	0.504	1.303E-14	38	119	287	-6135	-5890	246	6159	5887
312602181	-1	284	1.158E-74	3	5263	6135	1787	105	0.655	5.521E-23	120	198	287	-5829	-5593	237	5880	5542
312602181	-1	284	1.158E-74	3	5263	6135	1790	103	0.572	1.874E-22	193	283	287	-5535	-5263	273	5538	5245
313208072	-1	241	1.018E-61	3	5593	6533	1766	39	0.714	5.896E-01	15	39	296	-6533	-6459	75	6623	6459
313208072	-1	241	1.018E-61	3	5593	6533	1780	97	0.598	1.569E-20	39	119	296	-6135	-5893	243	6159	5887
313208072	-1	241	1.018E-61	3	5593	6533	1787	104	0.651	1.039E-22	121	199	296	-5829	-5593	237	5880	5542
313533341	1	410	1.361E-112	3	9057	9979	213	220	1.000	1.027E-62	8	109	219	9057	9362	306	9012	9362
313533341	1	410	1.361E-112	3	9057	9979	224	108	0.768	1.435E-22	98	164	219	9558	9758	201	9450	10001
313533341	1	410	1.361E-112	3	9057	9979	223	94	0.807	1.890E-19	163	217	219	9815	9979	165	9713	9982
313741384	-1	403	1.742E-110	4	5260	6572	1766	52	0.651	1.524E-05	12	46	297	-6572	-6459	114	6623	6459
313741384	-1	403	1.742E-110	4	5260	6572	1780	98	0.600	4.417E-21	46	127	297	-6135	-5890	246	6159	5887
313741384	-1	403	1.742E-110	4	5260	6572	1787	123	0.740	5.006E-29	127	206	297	-5832	-5593	240	5880	5542
313741384	-1	403	1.742E-110	4	5260	6572	1790	130	0.717	8.393E-32	205	292	297	-5523	-5260	264	5538	5245
314888522	1	177	1.878E-42	2	20380	20969	479	139	0.662	1.076E-34	81	184	235	20380	20682	303	20377	20730
314888522	1	177	1.878E-42	2	20380	20969	483	51	0.701	2.248E-05	199	232	235	20868	20969	102	20838	20969
314957285	-1	353	1.961E-95	4	5260	6572	1766	46	0.579	2.539E-03	14	51	300	-6572	-6459	114	6623	6459
314957285	-1	353	1.961E-95	4	5260	6572	1780	83	0.557	1.416E-15	51	125	300	-6135	-5911	225	6159	5887
314957285	-1	353	1.961E-95	4	5260	6572	1787	121	0.697	1.293E-28	133	217	300	-5829	-5575	255	5880	5542
314957285	-1	353	1.961E-95	4	5260	6572	1790	119	0.640	5.927E-28	206	297	300	-5535	-5260	276	5538	5245
315421808	-1	265	6.070E-69	3	5263	6135	1780	73	0.469	2.858E-12	41	122	303	-6135	-5890	246	6159	5887
315421808	-1	265	6.070E-69	3	5263	6135	1787	100	0.554	3.367E-21	114	201	303	-5868	-5593	276	5880	5542
315421808	-1	265	6.070E-69	3	5263	6135	1790	102	0.587	4.845E-22	205	291	303	-5523	-5263	261	5538	5245
315911244	1	89	5.813E-16	2	20736	20966	480	35	0.759	4.617E+00	48	68	105	20736	20798	63	20682	20798
315911244	1	89	5.813E-16	2	20736	20966	483	53	0.745	4.549E-06	69	101	105	20868	20966	99	20838	20969
316038431	-1	377	1.169E-102	4	5260	6551	1766	45	0.658	4.816E-03	6	37	287	-6551	-6459	93	6623	6459
316038431	-1	377	1.169E-102	4	5260	6551	1780	99	0.610	2.344E-21	37	117	287	-6135	-5893	243	6159	5887
316038431	-1	377	1.169E-102	4	5260	6551	1787	119	0.731	6.282E-28	119	197	287	-5829	-5593	237	5880	5542
316038431	-1	377	1.169E-102	4	5260	6551	1790	115	0.636	7.458E-27	194	283	287	-5529	-5260	270	5538	5245
316038466	-1	532	2.559E-149	4	32351	34591	1104	183	0.594	3.134E-49	249	405	874	-34591	-34124	468	34591	34112
316038466	-1	532	2.559E-149	4	32351	34591	1118	49	0.457	6.563E-04	483	537	874	-33645	-33481	165	33723	33481
316038466	-1	532	2.559E-149	4	32351	34591	1137	256	0.540	1.365E-72	539	787	874	-33409	-32672	738	33430	32639
316038466	-1	532	2.559E-149	4	32351	34591	1141	119	0.668	2.732E-28	786	873	874	-32614	-32351	264	32635	32351
316200853	-1	118	1.083E-24	2	5260	6135	1780	83	0.518	1.416E-15	35	116	284	-6135	-5890	246	6159	5887
316200853	-1	118	1.083E-24	2	5260	6135	1790	109	0.605	1.622E-24	192	281	284	-5529	-5260	270	5538	5245
317019225	1	228	8.342E-58	2	9057	9979	213	206	0.950	6.523E-58	8	109	218	9057	9362	306	9012	9362
317019225	1	228	8.342E-58	2	9057	9979	223	74	0.656	1.056E-12	163	217	218	9815	9979	165	9713	9982
317747836	-1	293	2.261E-77	3	5260	6135	1780	76	0.488	3.105E-13	37	117	291	-6135	-5893	243	6159	5887
317747836	-1	293	2.261E-77	3	5260	6135	1787	113	0.647	1.358E-25	112	197	291	-5844	-5593	252	5880	5542
317747836	-1	293	2.261E-77	3	5260	6135	1790	115	0.616	1.405E-26	191	283	291	-5538	-5260	279	5538	5245
317924656	-1	338	6.426E-91	4	5260	6551	1766	44	0.666	9.136E-03	19	49	297	-6551	-6459	93	6623	6459
317924656	-1	338	6.426E-91	4	5260	6551	1780	77	0.494	1.199E-13	49	129	297	-6135	-5893	243	6159	5887
317924656	-1	338	6.426E-91	4	5260	6551	1787	122	0.639	6.867E-29	125	215	297	-5859	-5575	285	5880	5542
317924656	-1	338	6.426E-91	4	5260	6551	1790	110	0.596	4.571E-25	203	295	297	-5538	-5260	279	5538	5245
318812698	-1	699	1.368E-199	5	32351	35161	1095	149	0.477	3.174E-35	102	269	896	-35161	-34658	504	35506	34637
318812698	-1	699	1.368E-199	5	32351	35161	1104	175	0.585	1.721E-46	275	427	896	-34576	-34124	453	34591	34112
318812698	-1	699	1.368E-199	5	32351	35161	1118	50	0.390	2.527E-04	490	559	896	-33690	-33481	210	33723	33481
318812698	-1	699	1.368E-199	5	32351	35161	1137	264	0.552	3.481E-75	561	809	896	-33409	-32672	738	33430	32639
318812698	-1	699	1.368E-199	5	32351	35161	1141	124	0.692	4.458E-30	808	895	896	-32614	-32351	264	32635	32351
319328779	-1	384	9.132E-105	4	5248	6536	1766	38	0.677	1.120E+00	22	47	298	-6536	-6459	78	6623	6459
319328779	-1	384	9.132E-105	4	5248	6536	1780	91	0.563	1.326E-18	47	128	298	-6135	-5890	246	6159	5887
319328779	-1	384	9.132E-105	4	5248	6536	1787	126	0.759	2.907E-30	128	207	298	-5832	-5593	240	5880	5542
319328779	-1	384	9.132E-105	4	5248	6536	1790	131	0.683	3.248E-32	204	297	298	-5529	-5248	282	5538	5245
319442513	-1	236	3.259E-60	1	32672	33421	1137	236	0.503	1.697E-65	62	310	397	-33421	-32672	750	33430	32639
320189614	1	193	2.866E-47	4	20036	28459	465	33	0.953	2.615E+01	22	36	249	20036	20080	45	19997	20086
320189614	1	193	2.866E-47	4	20036	28459	645	33	0.953	2.615E+01	22	36	249	27523	27567	45	27484	27573
320189614	1	193	2.866E-47	4	20036	28459	660	144	0.729	1.522E-36	77	171	249	27870	28157	288	27864	28187
320189614	1	193	2.866E-47	4	20036	28459	665	56	0.786	3.536E-07	194	226	249	28361	28459	99	28331	28462
320212041	1	174	1.503E-41	2	27870	28459	660	140	0.712	3.598E-35	77	171	251	27870	28157	288	27864	28187
320212041	1	174	1.503E-41	2	27870	28459	665	55	0.771	9.214E-07	194	226	251	28361	28459	99	28331	28462
320266945	1	173	3.006E-41	2	27870	28462	660	134	0.658	3.013E-33	99	199	258	27870	28169	300	27864	28187
320266945	1	173	3.006E-41	2	27870	28462	665	52	0.721	6.262E-06	214	247	258	28361	28462	102	28331	28462
320347647	1	186	3.669E-45	2	27867	28291	660	149	0.745	2.495E-38	70	166	214	27867	28157	291	27864	28187
320347647	1	186	3.669E-45	2	27867	28291	662	36	0.744	3.929E+00	167	188	214	28226	28291	66	28148	28291
320467839	1	193	2.866E-47	2	27867	28291	660	157	0.781	3.258E-41	72	168	207	27867	28157	291	27864	28187
320467839	1	193	2.866E-47	2	27867	28291	662	35	0.721	1.032E+01	169	190	207	28226	28291	66	28148	28291
320495325	1	174	1.503E-41	3	20012	28291	465	38	0.746	4.001E-01	7	29	219	20012	20080	69	19997	20086
320495325	1	174	1.503E-41	3	20012	28291	660	145	0.693	4.296E-37	68	170	219	27870	28172	303	27864	28187
320495325	1	174	1.503E-41	3	20012	28291	662	36	0.744	3.929E+00	162	183	219	28226	28291	66	28148	28291
320497047	1	172	6.011E-41	2	20383	20969	479	134	0.661	8.989E-33	74	173	234	20383	20682	300	20377	20730
320497047	1	172	6.011E-41	2	20383	20969	483	51	0.706	1.633E-05	188	221	234	20868	20969	102	20838	20969
320552792	1	177	1.878E-42	2	20380	20969	479	139	0.660	1.476E-34	80	183	234	20380	20682	303	20377	20730
320552792	1	177	1.878E-42	2	20380	20969	483	51	0.701	2.248E-05	198	231	234	20868	20969	102	20838	20969
320614262	-1	49	6.392E-04	1	9195	9362	1711	49	0.454	6.666E-04	6	61	62	-9362	-9195	168	9443	9177
320639067	1	177	1.878E-42	2	20383	28459	479	136	0.696	9.835E-34	76	170	257	20383	20670	288	20377	20730
320639067	1	177	1.878E-42	2	20383	28459	665	56	0.684	2.570E-07	187	225	257	28343	28459	117	28331	28462
320686741	-1	698	2.736E-199	5	32351	35161	1095	148	0.472	5.899E-35	103	271	896	-35161	-34658	504	35506	34637
320686741	-1	698	2.736E-199	5	32351	35161	1104	184	0.622	2.286E-49	279	427	896	-34570	-34124	447	34591	34112
320686741	-1	698	2.736E-199	5	32351	35161	1118	48	0.451	1.240E-03	505	559	896	-33645	-33481	165	33723	33481
320686741	-1	698	2.736E-199	5	32351	35161	1137	272	0.566	4.725E-78	561	809	896	-33409	-32672	738	33430	32639
320686741	-1	698	2.736E-199	5	32351	35161	1141	126	0.698	1.725E-30	808	895	896	-32614	-32351	264	32635	32351
320689605	1	398	5.574E-109	3	9057	9973	213	220	1.000	1.027E-62	14	115	225	9057	9362	306	9012	9362
320689605	1	398	5.574E-109	3	9057	9973	224	103	0.741	4.482E-21	104	170	225	9558	9758	201	9450	10001
320689605	1	398	5.574E-109	3	9057	9973	223	87	0.782	3.013E-17	169	221	225	9815	9973	159	9713	9982
320699094	1	374	9.352E-102	3	9057	9964	213	211	0.971	1.073E-59	8	109	215	9057	9362	306	9012	9362
320699094	1	374	9.352E-102	3	9057	9964	224	99	0.716	1.021E-19	98	164	215	9558	9758	201	9450	10001
320699094	1	374	9.352E-102	3	9057	9964	223	76	0.722	4.076E-13	163	212	215	9815	9964	150	9713	9982
320722461	1	396	2.230E-108	3	9057	9964	213	217	0.997	6.835E-62	8	109	219	9057	9362	306	9012	9362
320722461	1	396	2.230E-108	3	9057	9964	224	113	0.801	2.449E-24	98	164	219	9558	9758	201	9450	10001
320722461	1	396	2.230E-108	3	9057	9964	223	78	0.746	4.427E-14	163	212	219	9815	9964	150	9713	9982
320794148	-1	429	2.596E-118	4	33487	35152	1095	138	0.451	1.843E-31	87	253	881	-35152	-34655	498	35506	34637
320794148	-1	429	2.596E-118	4	33487	35152	1104	190	0.611	2.014E-51	253	409	881	-34591	-34124	468	34591	34112
320794148	-1	429	2.596E-118	4	33487	35152	1109	59	0.471	1.270E-06	410	474	881	-34061	-33867	195	34250	33852
320794148	-1	429	2.596E-118	4	33487	35152	1118	51	0.367	9.733E-05	463	540	881	-33717	-33487	231	33723	33481
320796788	-1	361	7.661E-98	4	5260	6542	1766	38	0.622	8.127E-01	6	34	283	-6542	-6459	84	6623	6459
320796788	-1	361	7.661E-98	4	5260	6542	1780	92	0.565	9.656E-19	34	115	283	-6135	-5890	246	6159	5887
320796788	-1	361	7.661E-98	4	5260	6542	1787	120	0.734	4.579E-28	116	194	283	-5829	-5593	237	5880	5542
320796788	-1	361	7.661E-98	4	5260	6542	1790	110	0.624	4.571E-25	193	280	283	-5523	-5260	264	5538	5245
320839949	-1	57	2.497E-06	1	33864	34061	1109	57	0.455	4.436E-06	8	73	127	-34061	-33864	198	34250	33852
320901049	1	172	6.011E-41	2	9558	9973	224	98	0.708	2.606E-19	98	164	220	9558	9758	201	9450	10001
320901049	1	172	6.011E-41	2	9558	9973	223	75	0.684	5.597E-13	163	215	220	9815	9973	159	9713	9982
320907121	1	195	7.166E-48	2	9558	9973	224	102	0.736	8.377E-21	25	91	147	9558	9758	201	9450	10001
320907121	1	195	7.166E-48	2	9558	9973	223	94	0.840	1.003E-19	90	142	147	9815	9973	159	9713	9982
320907503	-1	329	3.290E-88	4	5248	6530	1766	34	0.646	3.846E+01	14	37	291	-6530	-6459	72	6623	6459
320907503	-1	329	3.290E-88	4	5248	6530	1780	84	0.532	3.984E-16	37	117	291	-6135	-5893	243	6159	5887
320907503	-1	329	3.290E-88	4	5248	6530	1787	108	0.630	6.036E-24	119	203	291	-5829	-5575	255	5880	5542
320907503	-1	329	3.290E-88	4	5248	6530	1790	112	0.583	1.288E-25	192	288	291	-5535	-5248	288	5538	5245
320923889	-1	665	2.350E-189	5	32351	35128	1095	136	0.464	1.177E-30	72	227	852	-35128	-34655	474	35506	34637
320923889	-1	665	2.350E-189	5	32351	35128	1104	186	0.601	4.721E-50	227	383	852	-34591	-34124	468	34591	34112
320923889	-1	665	2.350E-189	5	32351	35128	1118	52	0.482	5.152E-05	461	515	852	-33645	-33481	165	33723	33481
320923889	-1	665	2.350E-189	5	32351	35128	1137	248	0.526	7.322E-70	517	765	852	-33409	-32672	738	33430	32639
320923889	-1	665	2.350E-189	5	32351	35128	1141	117	0.658	1.331E-27	764	851	852	-32614	-32351	264	32635	32351
320924042	-1	197	1.791E-48	2	5260	5829	1787	98	0.715	2.245E-20	120	185	288	-5829	-5632	198	5880	5542
320924042	-1	197	1.791E-48	2	5260	5829	1790	107	0.596	7.899E-24	195	284	288	-5529	-5260	270	5538	5245
320931757	-1	571	4.656E-161	4	32351	35128	1095	134	0.455	4.045E-30	128	287	883	-35128	-34655	474	35506	34637
320931757	-1	571	4.656E-161	4	32351	35128	1104	174	0.595	4.433E-46	294	442	883	-34570	-34124	447	34591	34112
320931757	-1	571	4.656E-161	4	32351	35128	1137	260	0.549	8.069E-74	555	796	883	-33412	-32672	741	33430	32639
320931757	-1	571	4.656E-161	4	32351	35128	1141	119	0.668	2.732E-28	795	882	883	-32614	-32351	264	32635	32351
320989858	1	380	1.461E-103	3	9057	9973	213	217	0.997	6.835E-62	8	109	221	9057	9362	306	9012	9362
320989858	1	380	1.461E-103	3	9057	9973	224	100	0.718	7.470E-20	98	164	221	9558	9758	201	9450	10001
320989858	1	380	1.461E-103	3	9057	9973	223	75	0.680	7.686E-13	163	215	221	9815	9973	159	9713	9982
320994934	-1	291	9.044E-77	3	5251	6081	1780	71	0.558	1.395E-11	2	65	237	-6081	-5890	192	6159	5887
320994934	-1	291	9.044E-77	3	5251	6081	1787	110	0.616	1.242E-24	66	152	237	-5829	-5563	267	5880	5542
320994934	-1	291	9.044E-77	3	5251	6081	1790	120	0.634	2.293E-28	141	234	237	-5529	-5251	279	5538	5245
320999286	1	218	8.542E-55	1	9051	9359	213	218	0.990	4.983E-62	0	102	103	9051	9359	309	9012	9362
321028885	-1	52	7.990E-05	1	11238	11420	1662	52	0.445	3.146E-05	24	84	94	-11420	-11238	183	11435	11226
321029148	-1	51	1.598E-04	1	11238	11420	1662	51	0.439	5.953E-05	24	84	98	-11420	-11238	183	11435	11226
321032648	-1	214	1.367E-53	2	5254	5874	1787	108	0.609	4.399E-24	43	127	222	-5874	-5608	267	5880	5542
321032648	-1	214	1.367E-53	2	5254	5874	1790	107	0.572	5.755E-24	126	220	222	-5538	-5254	285	5538	5245
321063721	1	215	6.834E-54	1	9057	9362	213	215	0.989	3.318E-61	8	109	178	9057	9362	306	9012	9362
321081235	-1	573	1.164E-161	4	32672	35128	1095	150	0.493	1.252E-35	75	236	857	-35128	-34643	486	35506	34637
321081235	-1	573	1.164E-161	4	32672	35128	1104	185	0.600	6.472E-50	232	388	857	-34591	-34124	468	34591	34112
321081235	-1	573	1.164E-161	4	32672	35128	1118	51	0.399	7.081E-05	451	520	857	-33690	-33481	210	33723	33481
321081235	-1	573	1.164E-161	4	32672	35128	1137	250	0.529	2.084E-70	522	770	857	-33409	-32672	738	33430	32639
321127012	-1	395	4.459E-108	4	5251	6548	1766	46	0.713	1.844E-03	39	68	319	-6548	-6459	90	6623	6459
321127012	-1	395	4.459E-108	4	5251	6548	1780	102	0.619	2.551E-22	68	149	319	-6135	-5890	246	6159	5887
321127012	-1	395	4.459E-108	4	5251	6548	1787	121	0.734	1.293E-28	149	228	319	-5832	-5593	240	5880	5542
321127012	-1	395	4.459E-108	4	5251	6548	1790	126	0.682	1.056E-30	227	317	319	-5523	-5251	273	5538	5245
321128187	1	216	3.417E-54	1	9051	9359	213	216	0.985	1.286E-61	0	102	103	9051	9359	309	9012	9362
321137204	1	430	1.298E-118	3	9057	9976	213	223	1.000	8.197E-64	8	109	219	9057	9362	306	9012	9362
321137204	1	430	1.298E-118	3	9057	9976	224	111	0.794	6.267E-24	98	164	219	9558	9758	201	9450	10001
321137204	1	430	1.298E-118	3	9057	9976	223	108	0.932	2.101E-24	163	216	219	9815	9976	162	9713	9982
321140155	1	408	5.443E-112	3	9057	9979	213	219	1.000	1.931E-62	8	109	219	9057	9362	306	9012	9362
321140155	1	408	5.443E-112	3	9057	9979	224	108	0.768	1.435E-22	98	164	219	9558	9758	201	9450	10001
321140155	1	408	5.443E-112	3	9057	9979	223	93	0.801	3.563E-19	163	217	219	9815	9979	165	9713	9982
321143763	-1	339	3.213E-91	4	5260	6533	1766	42	0.776	3.290E-02	27	51	300	-6533	-6459	75	6623	6459
321143763	-1	339	3.213E-91	4	5260	6533	1780	78	0.567	6.360E-14	51	119	300	-6135	-5929	207	6159	5887
321143763	-1	339	3.213E-91	4	5260	6533	1787	114	0.709	5.257E-26	133	210	300	-5829	-5596	234	5880	5542
321143763	-1	339	3.213E-91	4	5260	6533	1790	121	0.645	8.871E-29	205	297	300	-5538	-5260	279	5538	5245
321185314	1	217	1.708E-54	1	9051	9359	213	217	0.987	9.375E-62	0	102	103	9051	9359	309	9012	9362
321196632	-1	185	7.338E-45	2	5278	5829	1787	104	0.665	1.039E-22	119	195	288	-5829	-5599	231	5880	5542
321196632	-1	185	7.338E-45	2	5278	5829	1790	87	0.579	8.164E-17	203	277	288	-5502	-5278	225	5538	5245
326953876	1	100	2.839E-19	1	9558	9758	224	100	0.723	3.999E-20	12	78	83	9558	9758	201	9450	10001
326972184	1	398	5.574E-109	3	9057	9958	213	213	0.981	1.611E-60	8	109	219	9057	9362	306	9012	9362
326972184	1	398	5.574E-109	3	9057	9958	224	108	0.768	1.435E-22	98	164	219	9558	9758	201	9450	10001
326972184	1	398	5.574E-109	3	9057	9958	223	89	0.868	8.479E-18	163	210	219	9815	9958	144	9713	9982
327244529	-1	319	3.369E-85	4	5245	6551	1766	36	0.561	4.049E+00	7	37	289	-6551	-6459	93	6623	6459
327244529	-1	319	3.369E-85	4	5245	6551	1780	75	0.482	8.038E-13	37	117	289	-6135	-5893	243	6159	5887
327244529	-1	319	3.369E-85	4	5245	6551	1787	106	0.654	2.138E-23	118	197	289	-5832	-5593	240	5880	5542
327244529	-1	319	3.369E-85	4	5245	6551	1790	103	0.552	1.874E-22	194	288	289	-5529	-5245	285	5538	5245
328009214	-1	358	6.129E-97	4	5260	6542	1766	38	0.616	1.120E+00	9	37	286	-6542	-6459	84	6623	6459
328009214	-1	358	6.129E-97	4	5260	6542	1780	90	0.557	3.431E-18	37	118	286	-6135	-5890	246	6159	5887
328009214	-1	358	6.129E-97	4	5260	6542	1787	120	0.734	4.579E-28	119	197	286	-5829	-5593	237	5880	5542
328009214	-1	358	6.129E-97	4	5260	6542	1790	109	0.616	1.622E-24	196	283	286	-5523	-5260	264	5538	5245
329304311	1	403	1.742E-110	3	9057	9973	213	215	0.988	4.551E-61	8	109	221	9057	9362	306	9012	9362
329304311	1	403	1.742E-110	3	9057	9973	224	107	0.766	1.963E-22	98	164	221	9558	9758	201	9450	10001
329304311	1	403	1.742E-110	3	9057	9973	223	93	0.830	2.595E-19	163	215	221	9815	9973	159	9713	9982
330205205	1	320	1.685E-85	2	9057	9758	213	220	1.000	5.457E-63	8	109	167	9057	9362	306	9012	9362
330205205	1	320	1.685E-85	2	9057	9758	224	111	0.794	6.267E-24	98	164	167	9558	9758	201	9450	10001
330222196	-1	340	1.607E-91	4	5260	6557	1766	42	0.600	6.245E-02	13	45	294	-6557	-6459	99	6623	6459
330222196	-1	340	1.607E-91	4	5260	6557	1780	82	0.552	2.670E-15	45	119	294	-6135	-5911	225	6159	5887
330222196	-1	340	1.607E-91	4	5260	6557	1787	108	0.658	4.399E-24	124	204	294	-5838	-5596	243	5880	5542
330222196	-1	340	1.607E-91	4	5260	6557	1790	115	0.616	1.405E-26	199	291	294	-5538	-5260	279	5538	5245
330266607	-1	273	2.371E-71	3	5269	6135	1780	83	0.526	1.031E-15	37	117	282	-6135	-5893	243	6159	5887
330266607	-1	273	2.371E-71	3	5269	6135	1787	100	0.668	4.620E-21	112	184	282	-5844	-5632	213	5880	5542
330266607	-1	273	2.371E-71	3	5269	6135	1790	102	0.587	4.845E-22	193	279	282	-5529	-5269	261	5538	5245
330588761	-1	341	8.033E-92	4	5254	6533	1766	40	0.742	1.634E-01	16	40	293	-6533	-6459	75	6623	6459
330588761	-1	341	8.033E-92	4	5254	6533	1780	83	0.526	1.031E-15	40	120	293	-6135	-5893	243	6159	5887
330588761	-1	341	8.033E-92	4	5254	6533	1787	111	0.680	4.809E-25	121	200	293	-5832	-5593	240	5880	5542
330588761	-1	341	8.033E-92	4	5254	6533	1790	106	0.585	2.042E-23	199	289	293	-5523	-5254	270	5538	5245
330893593	1	398	5.574E-109	3	9057	9958	213	213	0.981	1.611E-60	8	109	219	9057	9362	306	9012	9362
330893593	1	398	5.574E-109	3	9057	9958	224	107	0.766	1.963E-22	98	164	219	9558	9758	201	9450	10001
330893593	1	398	5.574E-109	3	9057	9958	223	90	0.878	3.276E-18	163	210	219	9815	9958	144	9713	9982
330936163	1	236	3.259E-60	3	27870	28459	660	147	0.745	8.838E-38	84	178	237	27870	28157	288	27864	28187
330936163	1	236	3.259E-60	3	27870	28459	662	36	0.744	3.929E+00	179	200	237	28226	28291	66	28148	28291
330936163	1	236	3.259E-60	3	27870	28459	665	51	0.729	1.186E-05	201	233	237	28361	28459	99	28331	28462
330976343	1	398	5.574E-109	3	9057	9958	213	213	0.981	1.611E-60	8	109	219	9057	9362	306	9012	9362
330976343	1	398	5.574E-109	3	9057	9958	224	108	0.768	1.435E-22	98	164	219	9558	9758	201	9450	10001
330976343	1	398	5.574E-109	3	9057	9958	223	89	0.864	1.164E-17	163	210	219	9815	9958	144	9713	9982
331075225	-1	281	9.261E-74	3	5266	6135	1780	88	0.545	2.298E-17	38	119	287	-6135	-5890	246	6159	5887
331075225	-1	281	9.261E-74	3	5266	6135	1787	103	0.604	3.681E-22	120	204	287	-5829	-5575	255	5880	5542
331075225	-1	281	9.261E-74	3	5266	6135	1790	96	0.566	4.080E-20	197	282	287	-5523	-5266	258	5538	5245
331692301	1	217	1.708E-54	1	9057	9362	213	217	0.996	9.375E-62	8	109	112	9057	9362	306	9012	9362
331810259	-1	234	1.303E-59	3	5593	6533	1766	43	0.783	2.388E-02	17	41	317	-6533	-6459	75	6623	6459
331810259	-1	234	1.303E-59	3	5593	6533	1780	83	0.523	1.416E-15	41	121	317	-6135	-5893	243	6159	5887
331810259	-1	234	1.303E-59	3	5593	6533	1787	107	0.657	1.559E-23	122	201	317	-5832	-5593	240	5880	5542
331823398	1	407	1.089E-111	3	9057	9958	213	217	0.996	9.375E-62	8	109	218	9057	9362	306	9012	9362
331823398	1	407	1.089E-111	3	9057	9958	224	111	0.794	6.267E-24	98	164	218	9558	9758	201	9450	10001
331823398	1	407	1.089E-111	3	9057	9958	223	91	0.889	1.266E-18	163	210	218	9815	9958	144	9713	9982
331866720	-1	291	9.044E-77	5	32351	35158	1095	128	0.419	5.613E-28	144	313	941	-35158	-34655	504	35506	34637
331866720	-1	291	9.044E-77	5	32351	35158	1104	175	0.566	2.359E-46	313	471	941	-34591	-34124	468	34591	34112
331866720	-1	291	9.044E-77	5	32351	35158	1109	59	0.465	1.270E-06	471	536	941	-34064	-33867	198	34250	33852
331866720	-1	291	9.044E-77	5	32351	35158	1118	51	0.493	7.081E-05	550	602	941	-33645	-33487	159	33723	33481
331866720	-1	291	9.044E-77	5	32351	35158	1141	137	0.753	1.780E-34	853	940	941	-32614	-32351	264	32635	32351
332072767	1	399	2.787E-109	3	9057	9958	213	213	0.981	1.611E-60	8	109	219	9057	9362	306	9012	9362
332072767	1	399	2.787E-109	3	9057	9958	224	108	0.768	1.435E-22	98	164	219	9558	9758	201	9450	10001
332072767	1	399	2.787E-109	3	9057	9958	223	90	0.875	4.498E-18	163	210	219	9815	9958	144	9713	9982
332394860	-1	692	1.751E-197	5	32351	35161	1095	145	0.468	5.161E-34	100	267	892	-35161	-34658	504	35506	34637
332394860	-1	692	1.751E-197	5	32351	35161	1104	181	0.615	1.517E-48	275	423	892	-34570	-34124	447	34591	34112
332394860	-1	692	1.751E-197	5	32351	35161	1118	48	0.451	1.240E-03	501	555	892	-33645	-33481	165	33723	33481
332394860	-1	692	1.751E-197	5	32351	35161	1137	272	0.566	4.725E-78	557	805	892	-33409	-32672	738	33430	32639
332394860	-1	692	1.751E-197	5	32351	35161	1141	126	0.698	1.725E-30	804	891	892	-32614	-32351	264	32635	32351
332426803	-1	385	4.566E-105	3	32672	34570	1104	177	0.599	4.873E-47	249	398	862	-34570	-34124	447	34591	34112
332426803	-1	385	4.566E-105	3	32672	34570	1109	64	0.498	2.163E-08	398	463	862	-34064	-33867	198	34250	33852
332426803	-1	385	4.566E-105	3	32672	34570	1137	215	0.478	2.842E-58	536	775	862	-33400	-32672	729	33430	32639
332683617	1	262	4.856E-68	2	9057	9958	213	213	0.981	1.611E-60	8	109	209	9057	9362	306	9012	9362
332683617	1	262	4.856E-68	2	9057	9958	223	91	0.882	2.386E-18	153	200	209	9815	9958	144	9713	9982
332928379	-1	548	3.905E-154	4	32351	34591	1104	173	0.563	1.565E-45	307	464	933	-34591	-34124	468	34591	34112
332928379	-1	548	3.905E-154	4	32351	34591	1118	46	0.451	4.427E-03	543	595	933	-33645	-33487	159	33723	33481
332928379	-1	548	3.905E-154	4	32351	34591	1137	270	0.564	3.117E-77	598	845	933	-33412	-32675	738	33430	32639
332928379	-1	548	3.905E-154	4	32351	34591	1141	136	0.746	6.312E-34	845	932	933	-32614	-32351	264	32635	32351
332985415	1	394	8.918E-108	3	9057	9958	213	213	0.981	1.611E-60	8	109	219	9057	9362	306	9012	9362
332985415	1	394	8.918E-108	3	9057	9958	224	108	0.768	1.435E-22	98	164	219	9558	9758	201	9450	10001
332985415	1	394	8.918E-108	3	9057	9958	223	85	0.836	1.470E-16	163	210	219	9815	9958	144	9713	9982
333023319	1	396	2.230E-108	3	9057	9958	213	218	1.000	2.649E-62	38	139	247	9057	9362	306	9012	9362
333023319	1	396	2.230E-108	3	9057	9958	224	105	0.751	1.283E-21	128	194	247	9558	9758	201	9450	10001
333023319	1	396	2.230E-108	3	9057	9958	223	85	0.829	2.772E-16	193	240	247	9815	9958	144	9713	9982
333033722	-1	343	2.008E-92	4	5260	6575	1766	47	0.546	9.722E-04	12	53	302	-6575	-6459	117	6623	6459
333033722	-1	343	2.008E-92	4	5260	6575	1780	77	0.523	1.647E-13	53	127	302	-6135	-5911	225	6159	5887
333033722	-1	343	2.008E-92	4	5260	6575	1787	115	0.695	1.484E-26	132	212	302	-5838	-5596	243	5880	5542
333033722	-1	343	2.008E-92	4	5260	6575	1790	111	0.598	3.331E-25	207	299	302	-5538	-5260	279	5538	5245
333060159	1	397	1.115E-108	3	9057	9958	213	218	1.000	2.649E-62	8	109	218	9057	9362	306	9012	9362
333060159	1	397	1.115E-108	3	9057	9958	224	108	0.768	1.435E-22	98	164	218	9558	9758	201	9450	10001
333060159	1	397	1.115E-108	3	9057	9958	223	83	0.815	9.854E-16	163	210	218	9815	9958	144	9713	9982
333484594	-1	272	4.742E-71	3	5260	6135	1780	73	0.467	3.924E-12	38	119	287	-6135	-5890	246	6159	5887
333484594	-1	272	4.742E-71	3	5260	6135	1787	109	0.569	3.207E-24	112	204	287	-5865	-5575	291	5880	5542
333484594	-1	272	4.742E-71	3	5260	6135	1790	108	0.590	3.055E-24	193	284	287	-5535	-5260	276	5538	5245
334432714	-1	106	4.435E-21	2	5257	6135	1780	78	0.474	8.733E-14	54	139	310	-6135	-5893	243	6159	5887
334432714	-1	106	4.435E-21	2	5257	6135	1790	103	0.574	1.365E-22	216	306	310	-5529	-5257	273	5538	5245
334839321	1	189	4.586E-46	2	20383	20966	479	151	0.714	1.124E-38	74	176	227	20383	20682	300	20377	20730
334839321	1	189	4.586E-46	2	20383	20966	483	51	0.724	1.633E-05	191	223	227	20868	20966	99	20838	20969
334889214	1	240	2.037E-61	3	27867	28459	660	149	0.745	2.495E-38	70	166	225	27867	28157	291	27864	28187
334889214	1	240	2.037E-61	3	27867	28459	662	36	0.744	3.929E+00	167	188	225	28226	28291	66	28148	28291
334889214	1	240	2.037E-61	3	27867	28459	665	53	0.750	3.305E-06	189	221	225	28361	28459	99	28331	28462
335237715	1	401	6.968E-110	3	9057	9979	213	216	0.994	1.286E-61	8	109	220	9057	9362	306	9012	9362
335237715	1	401	6.968E-110	3	9057	9979	224	108	0.771	1.049E-22	98	164	220	9558	9758	201	9450	10001
335237715	1	401	6.968E-110	3	9057	9979	223	89	0.770	8.479E-18	163	217	220	9815	9979	165	9713	9982
335240869	-1	430	1.298E-118	4	33487	35152	1095	138	0.451	1.843E-31	87	253	596	-35152	-34655	498	35506	34637
335240869	-1	430	1.298E-118	4	33487	35152	1104	190	0.611	2.014E-51	253	409	596	-34591	-34124	468	34591	34112
335240869	-1	430	1.298E-118	4	33487	35152	1109	59	0.471	1.270E-06	410	474	596	-34061	-33867	195	34250	33852
335240869	-1	430	1.298E-118	4	33487	35152	1118	52	0.374	3.748E-05	463	540	596	-33717	-33487	231	33723	33481
335270347	1	391	7.135E-107	3	9057	9976	213	218	1.000	3.633E-62	8	109	219	9057	9362	306	9012	9362
335270347	1	391	7.135E-107	3	9057	9976	224	110	0.784	2.193E-23	98	164	219	9558	9758	201	9450	10001
335270347	1	391	7.135E-107	3	9057	9976	223	75	0.673	5.597E-13	163	216	219	9815	9976	162	9713	9982
335288105	-1	284	1.158E-74	3	5260	6135	1780	78	0.497	8.733E-14	37	117	306	-6135	-5893	243	6159	5887
335288105	-1	284	1.158E-74	3	5260	6135	1787	109	0.628	3.207E-24	112	197	306	-5844	-5593	252	5880	5542
335288105	-1	284	1.158E-74	3	5260	6135	1790	107	0.585	7.899E-24	192	283	306	-5535	-5260	276	5538	5245
335302142	1	218	8.542E-55	1	9051	9359	213	218	0.992	3.633E-62	0	102	103	9051	9359	309	9012	9362
335326200	-1	560	9.535E-158	4	32672	35089	1095	129	0.473	2.228E-28	62	207	829	-35089	-34655	435	35506	34637
335326200	-1	560	9.535E-158	4	32672	35089	1104	208	0.661	7.313E-58	207	363	829	-34591	-34124	468	34591	34112
335326200	-1	560	9.535E-158	4	32672	35089	1109	61	0.454	3.630E-07	363	432	829	-34064	-33855	210	34250	33852
335326200	-1	560	9.535E-158	4	32672	35089	1137	229	0.504	2.579E-63	502	742	829	-33400	-32672	729	33430	32639
335382158	-1	58	1.248E-06	1	33864	34064	1109	58	0.452	3.245E-06	7	73	118	-34064	-33864	201	34250	33852
335402870	1	255	6.215E-66	3	27870	28462	660	162	0.811	5.342E-43	70	164	224	27870	28157	288	27864	28187
335402870	1	255	6.215E-66	3	27870	28462	662	36	0.744	3.929E+00	165	186	224	28226	28291	66	28148	28291
335402870	1	255	6.215E-66	3	27870	28462	665	55	0.756	6.696E-07	187	220	224	28361	28462	102	28331	28462
335412969	-1	342	4.017E-92	4	5260	6602	1766	44	0.466	9.136E-03	11	53	302	-6602	-6459	144	6623	6459
335412969	-1	342	4.017E-92	4	5260	6602	1780	81	0.548	5.033E-15	53	127	302	-6135	-5911	225	6159	5887
335412969	-1	342	4.017E-92	4	5260	6602	1787	115	0.691	2.793E-26	132	212	302	-5838	-5596	243	5880	5542
335412969	-1	342	4.017E-92	4	5260	6602	1790	109	0.592	8.610E-25	207	299	302	-5538	-5260	279	5538	5245
335427439	-1	371	7.481E-101	4	5260	6533	1766	40	0.728	3.103E-01	13	37	287	-6533	-6459	75	6623	6459
335427439	-1	371	7.481E-101	4	5260	6533	1780	93	0.577	3.732E-19	37	117	287	-6135	-5893	243	6159	5887
335427439	-1	371	7.481E-101	4	5260	6533	1787	124	0.749	1.413E-29	118	197	287	-5832	-5593	240	5880	5542
335427439	-1	371	7.481E-101	4	5260	6533	1790	115	0.635	1.024E-26	194	283	287	-5529	-5260	270	5538	5245
335459406	-1	324	1.053E-86	2	34124	35128	1095	138	0.469	2.511E-31	72	227	484	-35128	-34655	474	35506	34637
335459406	-1	324	1.053E-86	2	34124	35128	1104	186	0.603	2.512E-50	227	383	484	-34591	-34124	468	34591	34112
335461551	1	398	5.574E-109	3	9057	9958	213	213	0.981	1.611E-60	8	109	219	9057	9362	306	9012	9362
335461551	1	398	5.574E-109	3	9057	9958	224	108	0.768	1.435E-22	98	164	219	9558	9758	201	9450	10001
335461551	1	398	5.574E-109	3	9057	9958	223	89	0.864	1.164E-17	163	210	219	9815	9958	144	9713	9982
335480173	-1	343	2.008E-92	4	5254	6533	1766	40	0.742	1.634E-01	16	40	293	-6533	-6459	75	6623	6459
335480173	-1	343	2.008E-92	4	5254	6533	1780	82	0.519	2.670E-15	40	120	293	-6135	-5893	243	6159	5887
335480173	-1	343	2.008E-92	4	5254	6533	1787	111	0.680	4.809E-25	121	200	293	-5832	-5593	240	5880	5542
335480173	-1	343	2.008E-92	4	5254	6533	1790	109	0.599	1.622E-24	199	289	293	-5523	-5254	270	5538	5245
335480266	-1	378	5.845E-103	3	32672	35125	1095	98	0.418	5.088E-18	70	199	822	-35125	-34739	387	35506	34637
335480266	-1	378	5.845E-103	3	32672	35125	1104	190	0.613	1.469E-51	199	355	822	-34591	-34124	468	34591	34112
335480266	-1	378	5.845E-103	3	32672	35125	1137	225	0.492	1.115E-61	492	735	822	-33406	-32672	735	33430	32639
335553818	1	405	4.355E-111	3	9057	9979	213	217	0.996	9.375E-62	8	109	219	9057	9362	306	9012	9362
335553818	1	405	4.355E-111	3	9057	9979	224	109	0.779	4.103E-23	98	164	219	9558	9758	201	9450	10001
335553818	1	405	4.355E-111	3	9057	9979	223	91	0.785	1.738E-18	163	217	219	9815	9979	165	9713	9982
335556061	-1	558	3.814E-157	4	32672	35128	1095	145	0.470	5.161E-34	34	200	821	-35128	-34643	486	35506	34637
335556061	-1	558	3.814E-157	4	32672	35128	1104	173	0.568	8.329E-46	196	352	821	-34591	-34124	468	34591	34112
335556061	-1	558	3.814E-157	4	32672	35128	1109	57	0.433	6.065E-06	352	421	821	-34064	-33855	210	34250	33852
335556061	-1	558	3.814E-157	4	32672	35128	1137	249	0.527	5.348E-70	486	734	821	-33409	-32672	738	33430	32639
335569052	1	84	1.860E-14	1	25745	26059	607	84	0.434	2.134E-14	32	136	161	25745	26059	315	25553	26113
335571191	-1	49	6.392E-04	1	11238	11420	1662	49	0.428	2.132E-04	24	84	98	-11420	-11238	183	11435	11226
335571767	-1	55	9.988E-06	1	11238	11420	1662	55	0.464	3.379E-06	24	84	98	-11420	-11238	183	11435	11226
335572416	-1	55	9.988E-06	1	11238	11420	1662	55	0.467	2.457E-06	23	83	97	-11420	-11238	183	11435	11226
335576360	-1	342	4.017E-92	4	5263	6530	1766	40	0.762	2.252E-01	15	38	285	-6530	-6459	72	6623	6459
335576360	-1	342	4.017E-92	4	5263	6530	1780	92	0.567	7.033E-19	38	119	285	-6135	-5890	246	6159	5887
335576360	-1	342	4.017E-92	4	5263	6530	1787	108	0.672	4.399E-24	120	198	285	-5829	-5593	237	5880	5542
335576360	-1	342	4.017E-92	4	5263	6530	1790	101	0.580	6.649E-22	197	284	285	-5523	-5263	261	5538	5245
335631387	-1	275	5.927E-72	5	32351	35128	1095	128	0.433	3.032E-28	153	316	942	-35128	-34643	486	35506	34637
335631387	-1	275	5.927E-72	5	32351	35128	1104	179	0.581	7.344E-48	312	469	942	-34591	-34124	468	34591	34112
335631387	-1	275	5.927E-72	5	32351	35128	1109	60	0.470	6.789E-07	469	534	942	-34064	-33867	198	34250	33852
335631387	-1	275	5.927E-72	5	32351	35128	1118	49	0.477	3.474E-04	550	602	942	-33645	-33487	159	33723	33481
335631387	-1	275	5.927E-72	5	32351	35128	1141	125	0.696	2.367E-30	854	941	942	-32614	-32351	264	32635	32351
335655432	1	213	2.733E-53	1	9051	9359	213	213	0.971	2.209E-60	0	102	103	9051	9359	309	9012	9362
335669239	1	187	1.834E-45	2	27867	28291	660	153	0.764	7.696E-40	68	163	225	27867	28157	291	27864	28187
335669239	1	187	1.834E-45	2	27867	28291	662	33	0.710	5.168E+01	165	185	225	28229	28291	63	28148	28291
335681434	-1	289	3.618E-76	3	5248	6135	1780	85	0.533	1.539E-16	38	119	362	-6135	-5890	246	6159	5887
335681434	-1	289	3.618E-76	3	5248	6135	1787	106	0.661	2.138E-23	120	198	362	-5829	-5593	237	5880	5542
335681434	-1	289	3.618E-76	3	5248	6135	1790	102	0.544	3.530E-22	193	288	362	-5535	-5248	288	5538	5245
335692708	-1	333	2.056E-89	4	5251	6596	1766	48	0.501	3.724E-04	3	50	313	-6596	-6459	138	6623	6459
335692708	-1	333	2.056E-89	4	5251	6596	1780	76	0.533	4.263E-13	50	121	313	-6135	-5920	216	6159	5887
335692708	-1	333	2.056E-89	4	5251	6596	1787	118	0.681	1.622E-27	132	216	313	-5829	-5575	255	5880	5542
335692708	-1	333	2.056E-89	4	5251	6596	1790	106	0.576	1.488E-23	209	299	313	-5529	-5251	279	5538	5245
335758749	-1	656	1.203E-186	5	32351	34591	1104	184	0.597	1.667E-49	229	385	854	-34591	-34124	468	34591	34112
335758749	-1	656	1.203E-186	5	32351	34591	1109	59	0.447	9.284E-07	385	454	854	-34064	-33855	210	34250	33852
335758749	-1	656	1.203E-186	5	32351	34591	1118	46	0.368	4.427E-03	448	517	854	-33690	-33481	210	33723	33481
335758749	-1	656	1.203E-186	5	32351	34591	1137	250	0.529	2.084E-70	519	767	854	-33409	-32672	738	33430	32639
335758749	-1	656	1.203E-186	5	32351	34591	1141	121	0.673	1.057E-28	766	853	854	-32614	-32351	264	32635	32351
341324432	-1	491	5.628E-137	4	32351	34570	1104	171	0.583	5.526E-45	317	466	936	-34570	-34124	447	34591	34112
341324432	-1	491	5.628E-137	4	32351	34570	1118	37	0.365	9.170E+00	544	598	936	-33645	-33481	165	33723	33481
341324432	-1	491	5.628E-137	4	32351	34570	1137	237	0.503	9.057E-66	599	849	936	-33412	-32672	741	33430	32639
341324432	-1	491	5.628E-137	4	32351	34570	1141	121	0.673	1.057E-28	848	935	936	-32614	-32351	264	32635	32351
341811898	-1	312	4.313E-83	4	5383	6533	1766	40	0.742	1.634E-01	16	40	266	-6533	-6459	75	6623	6459
341811898	-1	312	4.313E-83	4	5383	6533	1780	83	0.526	1.031E-15	40	120	266	-6135	-5893	243	6159	5887
341811898	-1	312	4.313E-83	4	5383	6533	1787	111	0.680	4.809E-25	121	200	266	-5832	-5593	240	5880	5542
341811898	-1	312	4.313E-83	4	5383	6533	1790	77	0.772	2.245E-13	199	245	266	-5523	-5383	141	5538	5245
342080778	1	198	8.957E-49	2	9558	9973	224	106	0.761	3.670E-22	98	164	220	9558	9758	201	9450	10001
342080778	1	198	8.957E-49	2	9558	9973	223	93	0.824	4.891E-19	163	215	220	9815	9973	159	9713	9982
342082411	-1	309	3.450E-82	4	5263	6539	1766	39	0.668	5.896E-01	6	32	286	-6539	-6459	81	6623	6459
342082411	-1	309	3.450E-82	4	5263	6539	1780	80	0.555	9.489E-15	32	104	286	-6135	-5920	216	6159	5887
342082411	-1	309	3.450E-82	4	5263	6539	1787	103	0.722	2.683E-22	119	187	286	-5799	-5593	207	5880	5542
342082411	-1	309	3.450E-82	4	5263	6539	1790	104	0.577	7.247E-23	182	272	286	-5535	-5263	273	5538	5245
342371948	1	416	2.126E-114	3	9057	9979	213	220	1.000	5.457E-63	8	109	218	9057	9362	306	9012	9362
342371948	1	416	2.126E-114	3	9057	9979	224	108	0.771	1.049E-22	98	164	218	9558	9758	201	9450	10001
342371948	1	416	2.126E-114	3	9057	9979	223	100	0.853	1.629E-21	163	217	218	9815	9979	165	9713	9982
343012146	-1	337	1.285E-90	4	5260	6557	1766	42	0.605	4.533E-02	21	53	302	-6557	-6459	99	6623	6459
343012146	-1	337	1.285E-90	4	5260	6557	1780	77	0.523	1.647E-13	53	127	302	-6135	-5911	225	6159	5887
343012146	-1	337	1.285E-90	4	5260	6557	1787	116	0.699	7.884E-27	132	212	302	-5838	-5596	243	5880	5542
343012146	-1	337	1.285E-90	4	5260	6557	1790	109	0.592	8.610E-25	207	299	302	-5538	-5260	279	5538	5245
344062109	-1	357	1.226E-96	3	32351	34121	1109	66	0.405	6.169E-09	363	445	837	-34121	-33855	267	34250	33852
344062109	-1	357	1.226E-96	3	32351	34121	1137	235	0.508	3.180E-65	510	750	837	-33409	-32672	738	33430	32639
344062109	-1	357	1.226E-96	3	32351	34121	1141	120	0.671	1.451E-28	749	836	837	-32614	-32351	264	32635	32351
344437689	-1	277	1.482E-72	3	5263	6081	1780	59	0.482	2.601E-07	2	64	237	-6081	-5893	189	6159	5887
344437689	-1	277	1.482E-72	3	5263	6081	1787	112	0.693	1.862E-25	66	144	237	-5829	-5593	237	5880	5542
344437689	-1	277	1.482E-72	3	5263	6081	1790	106	0.610	1.084E-23	143	229	237	-5523	-5263	261	5538	5245
344943040	1	394	8.918E-108	3	9057	9979	213	219	1.000	1.408E-62	8	109	219	9057	9362	306	9012	9362
344943040	1	394	8.918E-108	3	9057	9979	224	111	0.794	6.267E-24	98	164	219	9558	9758	201	9450	10001
344943040	1	394	8.918E-108	3	9057	9979	223	76	0.669	2.968E-13	163	217	219	9815	9979	165	9713	9982
345005152	1	385	4.566E-105	3	9057	9979	213	214	0.984	8.562E-61	8	109	221	9057	9362	306	9012	9362
345005152	1	385	4.566E-105	3	9057	9979	224	102	0.731	1.566E-20	98	164	221	9558	9758	201	9450	10001
345005152	1	385	4.566E-105	3	9057	9979	223	81	0.705	6.604E-15	163	217	221	9815	9979	165	9713	9982
345571077	1	397	1.115E-108	3	9057	9958	213	213	0.981	1.611E-60	8	109	219	9057	9362	306	9012	9362
345571077	1	397	1.115E-108	3	9057	9958	224	108	0.768	1.435E-22	98	164	219	9558	9758	201	9450	10001
345571077	1	397	1.115E-108	3	9057	9958	223	88	0.857	2.195E-17	163	210	219	9815	9958	144	9713	9982
346242984	-1	191	1.147E-46	2	5260	5829	1787	99	0.725	6.338E-21	120	185	288	-5829	-5632	198	5880	5542
346242984	-1	191	1.147E-46	2	5260	5829	1790	103	0.595	1.365E-22	198	284	288	-5520	-5260	261	5538	5245
346433239	-1	629	1.615E-178	5	32351	35158	1095	218	0.650	6.336E-59	90	257	883	-35158	-34655	504	35506	34637
346433239	-1	629	1.615E-178	5	32351	35158	1109	69	0.545	3.658E-10	418	481	883	-34055	-33864	192	34250	33852
346433239	-1	629	1.615E-178	5	32351	35158	1118	60	0.559	8.916E-08	493	545	883	-33645	-33487	159	33723	33481
346433239	-1	629	1.615E-178	5	32351	35158	1137	321	0.632	5.388E-95	548	804	883	-33412	-32648	765	33430	32639
346433239	-1	629	1.615E-178	5	32351	35158	1141	138	0.759	6.887E-35	795	882	883	-32614	-32351	264	32635	32351
347201996	1	184	1.468E-44	2	20380	20969	479	146	0.689	4.990E-37	76	179	232	20380	20682	303	20377	20730
347201996	1	184	1.468E-44	2	20380	20969	483	51	0.711	1.186E-05	194	227	232	20868	20969	102	20838	20969
347684635	1	391	7.135E-107	3	9057	9958	213	215	0.988	4.551E-61	8	109	218	9057	9362	306	9012	9362
347684635	1	391	7.135E-107	3	9057	9958	224	106	0.758	5.018E-22	98	164	218	9558	9758	201	9450	10001
347684635	1	391	7.135E-107	3	9057	9958	223	82	0.808	1.858E-15	163	210	218	9815	9958	144	9713	9982
347964176	-1	365	4.788E-99	3	32672	34591	1104	179	0.583	1.007E-47	233	389	853	-34591	-34124	468	34591	34112
347964176	-1	365	4.788E-99	3	32672	34591	1109	63	0.491	5.540E-08	389	454	853	-34064	-33867	198	34250	33852
347964176	-1	365	4.788E-99	3	32672	34591	1137	194	0.442	4.655E-51	527	766	853	-33400	-32672	729	33430	32639
348337126	-1	230	2.085E-58	3	5593	6533	1766	40	0.742	1.634E-01	13	37	295	-6533	-6459	75	6623	6459
348337126	-1	230	2.085E-58	3	5593	6533	1780	91	0.554	2.499E-18	37	119	295	-6135	-5887	249	6159	5887
348337126	-1	230	2.085E-58	3	5593	6533	1787	99	0.590	8.695E-21	119	202	295	-5844	-5593	252	5880	5542
348411039	1	399	2.787E-109	3	9057	9979	213	217	0.997	6.835E-62	8	109	219	9057	9362	306	9012	9362
348411039	1	399	2.787E-109	3	9057	9979	224	113	0.801	2.449E-24	98	164	219	9558	9758	201	9450	10001
348411039	1	399	2.787E-109	3	9057	9979	223	81	0.712	3.503E-15	163	217	219	9815	9979	165	9713	9982
348875441	1	175	7.514E-42	2	27864	28459	660	143	0.711	3.931E-36	58	154	243	27864	28157	294	27864	28187
348875441	1	175	7.514E-42	2	27864	28459	665	53	0.755	2.402E-06	177	209	243	28361	28459	99	28331	28462
349274811	1	174	1.503E-41	2	20380	20969	479	145	0.728	9.390E-37	78	173	232	20380	20670	291	20377	20730
349274811	1	174	1.503E-41	2	20380	20969	483	50	0.691	4.261E-05	196	229	232	20868	20969	102	20838	20969
349357505	1	168	9.618E-40	2	27870	28459	660	139	0.710	4.936E-35	78	172	250	27870	28157	288	27864	28187
349357505	1	168	9.618E-40	2	27870	28459	665	50	0.709	4.261E-05	195	227	250	28361	28459	99	28331	28462
349498031	1	168	9.618E-40	2	27870	28459	660	139	0.710	4.936E-35	78	172	250	27870	28157	288	27864	28187
349498031	1	168	9.618E-40	2	27870	28459	665	50	0.709	4.261E-05	195	227	250	28361	28459	99	28331	28462
349708029	1	188	9.172E-46	2	27870	28459	660	148	0.693	4.696E-38	74	178	232	27870	28175	306	27864	28187
349708029	1	188	9.172E-46	2	27870	28459	665	51	0.724	1.633E-05	191	223	232	28361	28459	99	28331	28462
349722817	1	172	6.011E-41	2	27867	28462	660	139	0.671	9.291E-35	73	174	238	27867	28169	303	27864	28187
349722817	1	172	6.011E-41	2	27867	28462	665	48	0.671	1.531E-04	191	224	238	28361	28462	102	28331	28462
349772775	1	409	2.722E-112	3	9057	9979	213	217	0.997	6.835E-62	8	109	219	9057	9362	306	9012	9362
349772775	1	409	2.722E-112	3	9057	9979	224	108	0.768	1.435E-22	98	164	219	9558	9758	201	9450	10001
349772775	1	409	2.722E-112	3	9057	9979	223	96	0.822	3.875E-20	163	217	219	9815	9979	165	9713	9982
349775101	1	376	2.338E-102	3	9057	9976	213	206	0.950	6.523E-58	8	109	219	9057	9362	306	9012	9362
349775101	1	376	2.338E-102	3	9057	9976	224	101	0.728	2.140E-20	98	164	219	9558	9758	201	9450	10001
349775101	1	376	2.338E-102	3	9057	9976	223	81	0.720	4.810E-15	163	216	219	9815	9976	162	9713	9982
349783853	1	178	9.392E-43	2	27870	28291	660	151	0.718	3.741E-39	68	170	224	27870	28169	300	27864	28187
349783853	1	178	9.392E-43	2	27870	28291	662	33	0.710	5.168E+01	164	184	224	28229	28291	63	28148	28291
349831924	1	78	1.191E-12	1	9815	9940	223	78	0.869	4.427E-14	10	51	52	9815	9940	126	9713	9982
349877281	1	398	5.574E-109	3	9057	9958	213	213	0.981	1.611E-60	8	109	219	9057	9362	306	9012	9362
349877281	1	398	5.574E-109	3	9057	9958	224	108	0.768	1.435E-22	98	164	219	9558	9758	201	9450	10001
349877281	1	398	5.574E-109	3	9057	9958	223	89	0.868	8.479E-18	163	210	219	9815	9958	144	9713	9982
349897795	1	182	5.870E-44	2	9603	9964	224	99	0.890	1.395E-19	0	51	106	9603	9758	156	9450	10001
349897795	1	182	5.870E-44	2	9603	9964	223	84	0.796	3.806E-16	50	99	106	9815	9964	150	9713	9982
349903312	-1	203	2.799E-50	2	5260	5832	1787	112	0.645	1.862E-25	20	105	190	-5832	-5575	258	5880	5542
349903312	-1	203	2.799E-50	2	5260	5832	1790	102	0.563	3.530E-22	94	185	190	-5535	-5260	276	5538	5245
349924432	1	388	5.708E-106	3	9057	9964	213	216	0.992	1.764E-61	8	109	219	9057	9362	306	9012	9362
349924432	1	388	5.708E-106	3	9057	9964	224	103	0.741	4.482E-21	98	164	219	9558	9758	201	9450	10001
349924432	1	388	5.708E-106	3	9057	9964	223	81	0.773	3.503E-15	163	212	219	9815	9964	150	9713	9982
349957598	1	400	1.394E-109	3	9054	9958	213	215	0.979	4.551E-61	17	119	229	9054	9362	309	9012	9362
349957598	1	400	1.394E-109	3	9054	9958	224	106	0.756	6.862E-22	108	174	229	9558	9758	201	9450	10001
349957598	1	400	1.394E-109	3	9054	9958	223	91	0.882	2.386E-18	173	220	229	9815	9958	144	9713	9982
349984092	-1	403	1.742E-110	4	5251	6548	1766	48	0.747	2.705E-04	99	128	379	-6548	-6459	90	6623	6459
349984092	-1	403	1.742E-110	4	5251	6548	1780	99	0.604	2.344E-21	128	209	379	-6135	-5890	246	6159	5887
349984092	-1	403	1.742E-110	4	5251	6548	1787	123	0.742	3.649E-29	209	288	379	-5832	-5593	240	5880	5542
349984092	-1	403	1.742E-110	4	5251	6548	1790	133	0.712	6.674E-33	287	377	379	-5523	-5251	273	5538	5245
349987885	-1	202	5.598E-50	4	32351	35158	1095	154	0.488	4.126E-37	81	249	876	-35158	-34655	504	35506	34637
349987885	-1	202	5.598E-50	4	32351	35158	1104	186	0.602	3.444E-50	249	405	876	-34591	-34124	468	34591	34112
349987885	-1	202	5.598E-50	4	32351	35158	1109	61	0.484	2.654E-07	406	470	876	-34061	-33867	195	34250	33852
349987885	-1	202	5.598E-50	4	32351	35158	1141	115	0.648	6.480E-27	788	875	876	-32614	-32351	264	32635	32351
350010368	-1	396	2.230E-108	4	5260	6557	1766	41	0.590	1.186E-01	2	34	294	-6557	-6459	99	6623	6459
350010368	-1	396	2.230E-108	4	5260	6557	1780	106	0.641	7.821E-24	34	115	294	-6135	-5890	246	6159	5887
350010368	-1	396	2.230E-108	4	5260	6557	1787	128	0.768	8.207E-31	115	194	294	-5832	-5593	240	5880	5542
350010368	-1	396	2.230E-108	4	5260	6557	1790	125	0.669	3.744E-30	189	280	294	-5535	-5260	276	5538	5245
350075117	1	402	3.484E-110	3	9057	9979	213	216	0.994	1.286E-61	8	109	219	9057	9362	306	9012	9362
350075117	1	402	3.484E-110	3	9057	9979	224	109	0.779	4.103E-23	98	164	219	9558	9758	201	9450	10001
350075117	1	402	3.484E-110	3	9057	9979	223	89	0.767	1.164E-17	163	217	219	9815	9979	165	9713	9982
350089584	1	207	1.749E-51	1	9057	9362	213	207	0.956	1.843E-58	8	109	125	9057	9362	306	9012	9362
350090051	1	388	5.708E-106	3	9057	9958	213	219	1.000	1.408E-62	8	109	219	9057	9362	306	9012	9362
350090051	1	388	5.708E-106	3	9057	9958	224	108	0.771	1.049E-22	98	164	219	9558	9758	201	9450	10001
350090051	1	388	5.708E-106	3	9057	9958	223	73	0.727	2.733E-12	163	210	219	9815	9958	144	9713	9982
350206675	-1	280	1.852E-73	2	32642	34591	1104	162	0.537	7.804E-42	178	334	795	-34591	-34124	468	34591	34112
350206675	-1	280	1.852E-73	2	32642	34591	1137	250	0.508	2.084E-70	468	729	795	-33409	-32642	768	33430	32639
350211969	-1	232	5.214E-59	3	5593	6533	1766	34	0.624	3.846E+01	16	40	334	-6533	-6459	75	6623	6459
350211969	-1	232	5.214E-59	3	5593	6533	1780	83	0.523	1.416E-15	40	120	334	-6135	-5893	243	6159	5887
350211969	-1	232	5.214E-59	3	5593	6533	1787	114	0.694	5.257E-26	121	200	334	-5832	-5593	240	5880	5542
350269782	1	177	1.878E-42	2	9558	9964	224	99	0.713	1.395E-19	98	164	215	9558	9758	201	9450	10001
350269782	1	177	1.878E-42	2	9558	9964	223	79	0.752	2.348E-14	163	212	215	9815	9964	150	9713	9982
350272962	-1	332	4.113E-89	4	5260	6575	1766	44	0.518	9.136E-03	12	53	302	-6575	-6459	117	6623	6459
350272962	-1	332	4.113E-89	4	5260	6575	1780	74	0.507	1.516E-12	53	127	302	-6135	-5911	225	6159	5887
350272962	-1	332	4.113E-89	4	5260	6575	1787	112	0.677	2.555E-25	132	212	302	-5838	-5596	243	5880	5542
350272962	-1	332	4.113E-89	4	5260	6575	1790	109	0.592	8.610E-25	207	299	302	-5538	-5260	279	5538	5245
350283850	-1	340	1.607E-91	4	5260	6557	1766	44	0.626	1.258E-02	21	53	302	-6557	-6459	99	6623	6459
350283850	-1	340	1.607E-91	4	5260	6557	1780	78	0.528	8.733E-14	53	127	302	-6135	-5911	225	6159	5887
350283850	-1	340	1.607E-91	4	5260	6557	1787	116	0.699	7.884E-27	132	212	302	-5838	-5596	243	5880	5542
350283850	-1	340	1.607E-91	4	5260	6557	1790	109	0.589	1.622E-24	207	299	302	-5538	-5260	279	5538	5245
350301009	-1	847	3.834E-244	6	32351	35128	1095	143	0.480	4.507E-33	124	282	905	-35128	-34655	474	35506	34637
350301009	-1	847	3.834E-244	6	32351	35128	1104	194	0.622	8.589E-53	282	438	905	-34591	-34124	468	34591	34112
350301009	-1	847	3.834E-244	6	32351	35128	1109	63	0.482	7.580E-08	438	504	905	-34064	-33864	201	34250	33852
350301009	-1	847	3.834E-244	6	32351	35128	1118	58	0.523	3.180E-07	512	567	905	-33654	-33487	168	33723	33481
350301009	-1	847	3.834E-244	6	32351	35128	1137	273	0.571	3.450E-78	572	818	905	-33406	-32672	735	33430	32639
350301009	-1	847	3.834E-244	6	32351	35128	1141	123	0.683	2.171E-29	817	904	905	-32614	-32351	264	32635	32351
355883056	-1	340	1.607E-91	4	5254	6575	1766	40	0.510	1.634E-01	0	37	285	-6575	-6459	117	6623	6459
355883056	-1	340	1.607E-91	4	5254	6575	1780	78	0.517	8.733E-14	37	112	285	-6135	-5905	231	6159	5887
355883056	-1	340	1.607E-91	4	5254	6575	1787	119	0.719	1.182E-27	117	196	285	-5832	-5593	240	5880	5542
355883056	-1	340	1.607E-91	4	5254	6575	1790	106	0.594	1.084E-23	195	284	285	-5523	-5254	270	5538	5245
355980373	-1	272	4.742E-71	3	5260	6135	1780	73	0.469	2.858E-12	38	119	287	-6135	-5890	246	6159	5887
355980373	-1	272	4.742E-71	3	5260	6135	1787	109	0.569	3.207E-24	112	204	287	-5865	-5575	291	5880	5542
355980373	-1	272	4.742E-71	3	5260	6135	1790	108	0.590	3.055E-24	193	284	287	-5535	-5260	276	5538	5245
356009768	-1	179	4.696E-43	3	5263	6530	1766	40	0.762	2.252E-01	15	38	260	-6530	-6459	72	6623	6459
356009768	-1	179	4.696E-43	3	5263	6530	1780	89	0.549	1.219E-17	38	119	260	-6135	-5890	246	6159	5887
356009768	-1	179	4.696E-43	3	5263	6530	1790	101	0.580	6.649E-22	172	259	260	-5523	-5263	261	5538	5245
356447499	-1	330	1.645E-88	2	34124	35128	1095	140	0.465	2.884E-32	83	245	533	-35128	-34655	474	35506	34637
356447499	-1	330	1.645E-88	2	34124	35128	1104	190	0.611	2.014E-51	245	401	533	-34591	-34124	468	34591	34112
356672017	-1	216	3.417E-54	3	5593	6551	1766	36	0.561	4.049E+00	7	37	205	-6551	-6459	93	6623	6459
356672017	-1	216	3.417E-54	3	5593	6551	1780	76	0.488	3.105E-13	37	117	205	-6135	-5893	243	6159	5887
356672017	-1	216	3.417E-54	3	5593	6551	1787	103	0.636	3.681E-22	118	197	205	-5832	-5593	240	5880	5542
356875581	1	404	8.709E-111	3	9057	9979	213	216	0.994	1.286E-61	8	109	219	9057	9362	306	9012	9362
356875581	1	404	8.709E-111	3	9057	9979	224	109	0.779	4.103E-23	98	164	219	9558	9758	201	9450	10001
356875581	1	404	8.709E-111	3	9057	9979	223	91	0.782	2.386E-18	163	217	219	9815	9979	165	9713	9982
356941440	1	386	2.283E-105	3	9057	9967	213	215	0.988	4.551E-61	8	109	219	9057	9362	306	9012	9362
356941440	1	386	2.283E-105	3	9057	9967	224	104	0.743	3.279E-21	98	164	219	9558	9758	201	9450	10001
356941440	1	386	2.283E-105	3	9057	9967	223	79	0.740	2.348E-14	163	213	219	9815	9967	153	9713	9982
357128231	1	398	5.574E-109	3	9057	9958	213	213	0.981	1.611E-60	8	109	219	9057	9362	306	9012	9362
357128231	1	398	5.574E-109	3	9057	9958	224	108	0.768	1.435E-22	98	164	219	9558	9758	201	9450	10001
357128231	1	398	5.574E-109	3	9057	9958	223	89	0.868	8.479E-18	163	210	219	9815	9958	144	9713	9982
357154579	1	401	6.968E-110	3	9057	9979	213	219	1.000	1.931E-62	8	109	219	9057	9362	306	9012	9362
357154579	1	401	6.968E-110	3	9057	9979	224	105	0.751	1.283E-21	98	164	219	9558	9758	201	9450	10001
357154579	1	401	6.968E-110	3	9057	9979	223	89	0.773	6.176E-18	163	217	219	9815	9979	165	9713	9982
358009340	1	294	1.131E-77	2	9057	9758	213	205	0.945	1.683E-57	8	109	215	9057	9362	306	9012	9362
358009340	1	294	1.131E-77	2	9057	9758	224	100	0.723	3.999E-20	98	164	215	9558	9758	201	9450	10001
358163838	1	421	6.645E-116	3	9057	9979	213	218	1.000	2.649E-62	8	109	218	9057	9362	306	9012	9362
358163838	1	421	6.645E-116	3	9057	9979	224	111	0.794	6.267E-24	98	164	218	9558	9758	201	9450	10001
358163838	1	421	6.645E-116	3	9057	9979	223	104	0.886	4.993E-23	163	217	218	9815	9979	165	9713	9982
358675112	-1	691	3.503E-197	5	32351	35161	1095	142	0.459	8.369E-33	96	263	888	-35161	-34658	504	35506	34637
358675112	-1	691	3.503E-197	5	32351	35161	1104	180	0.610	5.357E-48	271	419	888	-34570	-34124	447	34591	34112
358675112	-1	691	3.503E-197	5	32351	35161	1118	46	0.363	8.365E-03	482	551	888	-33690	-33481	210	33723	33481
358675112	-1	691	3.503E-197	5	32351	35161	1137	264	0.552	3.481E-75	553	801	888	-33409	-32672	738	33430	32639
358675112	-1	691	3.503E-197	5	32351	35161	1141	124	0.688	8.397E-30	800	887	888	-32614	-32351	264	32635	32351
360230151	-1	382	3.653E-104	4	5263	6548	1766	45	0.702	3.497E-03	3	32	282	-6548	-6459	90	6623	6459
360230151	-1	382	3.653E-104	4	5263	6548	1780	101	0.619	6.599E-22	32	112	282	-6135	-5893	243	6159	5887
360230151	-1	382	3.653E-104	4	5263	6548	1787	116	0.722	7.884E-27	115	192	282	-5826	-5593	234	5880	5542
360230151	-1	382	3.653E-104	4	5263	6548	1790	125	0.675	3.744E-30	187	277	282	-5535	-5263	273	5538	5245
360946966	-1	577	7.274E-163	4	32672	35137	1095	145	0.482	7.034E-34	123	282	904	-35137	-34655	483	35506	34637
360946966	-1	577	7.274E-163	4	32672	35137	1104	197	0.631	6.884E-54	282	438	904	-34591	-34124	468	34591	34112
360946966	-1	577	7.274E-163	4	32672	35137	1109	62	0.483	1.418E-07	438	503	904	-34064	-33867	198	34250	33852
360946966	-1	577	7.274E-163	4	32672	35137	1137	244	0.529	2.319E-68	577	817	904	-33400	-32672	729	33430	32639
361593518	-1	436	2.028E-120	4	33490	35170	1095	134	0.430	2.971E-30	77	249	877	-35170	-34655	516	35506	34637
361593518	-1	436	2.028E-120	4	33490	35170	1104	203	0.648	4.421E-56	249	405	877	-34591	-34124	468	34591	34112
361593518	-1	436	2.028E-120	4	33490	35170	1109	61	0.486	1.940E-07	406	470	877	-34061	-33867	195	34250	33852
361593518	-1	436	2.028E-120	4	33490	35170	1118	46	0.445	4.427E-03	482	535	877	-33651	-33490	162	33723	33481
361857303	1	416	2.126E-114	3	9057	9979	213	219	1.000	1.408E-62	23	124	233	9057	9362	306	9012	9362
361857303	1	416	2.126E-114	3	9057	9979	224	108	0.773	7.674E-23	113	179	233	9558	9758	201	9450	10001
361857303	1	416	2.126E-114	3	9057	9979	223	101	0.865	4.587E-22	178	232	233	9815	9979	165	9713	9982
362429517	-1	284	1.158E-74	5	32351	35158	1095	123	0.408	2.252E-26	138	307	934	-35158	-34655	504	35506	34637
362429517	-1	284	1.158E-74	5	32351	35158	1104	175	0.570	1.721E-46	307	464	934	-34591	-34124	468	34591	34112
362429517	-1	284	1.158E-74	5	32351	35158	1109	58	0.460	2.374E-06	464	529	934	-34064	-33867	198	34250	33852
362429517	-1	284	1.158E-74	5	32351	35158	1118	51	0.485	7.081E-05	543	596	934	-33645	-33484	162	33723	33481
362429517	-1	284	1.158E-74	5	32351	35158	1141	135	0.742	1.189E-33	846	933	934	-32614	-32351	264	32635	32351
362539588	-1	381	7.306E-104	4	5251	6533	1766	36	0.666	5.583E+00	17	41	292	-6533	-6459	75	6623	6459
362539588	-1	381	7.306E-104	4	5251	6533	1780	95	0.584	5.573E-20	41	122	292	-6135	-5890	246	6159	5887
362539588	-1	381	7.306E-104	4	5251	6533	1787	120	0.726	4.579E-28	122	201	292	-5832	-5593	240	5880	5542
362539588	-1	381	7.306E-104	4	5251	6533	1790	132	0.693	1.725E-32	198	290	292	-5529	-5251	279	5538	5245
362573339	-1	319	3.369E-85	4	5260	6536	1766	34	0.617	2.021E+01	13	38	287	-6536	-6459	78	6623	6459
362573339	-1	319	3.369E-85	4	5260	6536	1780	82	0.516	1.944E-15	38	119	287	-6135	-5890	246	6159	5887
362573339	-1	319	3.369E-85	4	5260	6536	1787	107	0.624	1.559E-23	120	204	287	-5829	-5575	255	5880	5542
362573339	-1	319	3.369E-85	4	5260	6536	1790	105	0.576	3.847E-23	193	284	287	-5535	-5260	276	5538	5245
362859062	1	398	5.574E-109	3	9057	9958	213	213	0.981	1.611E-60	8	109	219	9057	9362	306	9012	9362
362859062	1	398	5.574E-109	3	9057	9958	224	108	0.768	1.435E-22	98	164	219	9558	9758	201	9450	10001
362859062	1	398	5.574E-109	3	9057	9958	223	89	0.864	1.164E-17	163	210	219	9815	9958	144	9713	9982
363128576	1	397	1.115E-108	3	9057	9958	213	213	0.981	1.611E-60	8	109	219	9057	9362	306	9012	9362
363128576	1	397	1.115E-108	3	9057	9958	224	108	0.768	1.435E-22	98	164	219	9558	9758	201	9450	10001
363128576	1	397	1.115E-108	3	9057	9958	223	88	0.857	2.195E-17	163	210	219	9815	9958	144	9713	9982
363810379	1	178	9.392E-43	2	20383	20966	479	135	0.639	3.482E-33	76	180	248	20383	20688	306	20377	20730
363810379	1	178	9.392E-43	2	20383	20966	483	54	0.766	1.268E-06	193	225	248	20868	20966	99	20838	20969
363851692	1	180	2.348E-43	2	20383	20969	479	144	0.687	2.424E-36	76	178	229	20383	20682	300	20377	20730
363851692	1	180	2.348E-43	2	20383	20969	483	49	0.686	5.866E-05	193	226	229	20868	20969	102	20838	20969
363969132	1	192	5.733E-47	2	27867	28291	660	154	0.769	2.980E-40	72	168	227	27867	28157	291	27864	28187
363969132	1	192	5.733E-47	2	27867	28291	662	37	0.768	1.497E+00	169	190	227	28226	28291	66	28148	28291
364135644	1	186	3.669E-45	2	27870	28459	660	147	0.687	1.664E-37	73	177	232	27870	28175	306	27864	28187
364135644	1	186	3.669E-45	2	27870	28459	665	50	0.714	3.095E-05	190	222	232	28361	28459	99	28331	28462
364152826	1	177	1.878E-42	2	27894	28291	660	139	0.763	6.772E-35	19	106	175	27894	28157	264	27864	28187
364152826	1	177	1.878E-42	2	27894	28291	662	37	0.768	1.497E+00	107	128	175	28226	28291	66	28148	28291
364174112	1	224	1.335E-56	3	27870	28459	660	149	0.721	1.818E-38	70	170	294	27870	28169	300	27864	28187
364174112	1	224	1.335E-56	3	27870	28459	662	33	0.681	5.168E+01	163	184	294	28226	28291	66	28148	28291
364174112	1	224	1.335E-56	3	27870	28459	665	48	0.688	1.531E-04	185	217	294	28361	28459	99	28331	28462
364302743	1	371	7.481E-101	3	9057	9973	213	209	0.963	5.207E-59	8	109	219	9057	9362	306	9012	9362
364302743	1	371	7.481E-101	3	9057	9973	224	97	0.686	4.867E-19	96	164	219	9552	9758	207	9450	10001
364302743	1	371	7.481E-101	3	9057	9973	223	79	0.719	1.710E-14	163	215	219	9815	9973	159	9713	9982
364371809	-1	279	3.705E-73	2	32696	33588	1118	35	0.505	3.272E+01	0	33	273	-33588	-33487	102	33723	33481
364371809	-1	279	3.705E-73	2	32696	33588	1137	246	0.541	6.602E-69	37	271	273	-33409	-32696	714	33430	32639
364418214	1	219	4.271E-55	1	9051	9359	213	219	0.995	1.931E-62	0	102	103	9051	9359	309	9012	9362
364428234	1	230	2.085E-58	3	27867	28459	660	154	0.710	5.610E-40	49	154	204	27867	28175	309	27864	28187
364428234	1	230	2.085E-58	3	27867	28459	662	34	0.735	1.965E+01	146	166	204	28229	28291	63	28148	28291
364428234	1	230	2.085E-58	3	27867	28459	665	49	0.704	5.866E-05	167	199	204	28361	28459	99	28331	28462
364440336	-1	227	1.668E-57	2	5260	5829	1787	121	0.738	2.433E-28	14	92	181	-5829	-5593	237	5880	5542
364440336	-1	227	1.668E-57	2	5260	5829	1790	107	0.607	7.899E-24	91	178	181	-5523	-5260	264	5538	5245
364459439	-1	233	2.607E-59	3	5575	6548	1766	36	0.570	5.583E+00	22	51	304	-6548	-6459	90	6623	6459
364459439	-1	233	2.607E-59	3	5575	6548	1780	88	0.552	1.674E-17	51	131	304	-6135	-5893	243	6159	5887
364459439	-1	233	2.607E-59	3	5575	6548	1787	108	0.626	4.399E-24	132	217	304	-5832	-5575	258	5880	5542
364495680	-1	660	7.522E-188	5	32351	35128	1095	133	0.447	7.499E-30	82	244	869	-35128	-34655	474	35506	34637
364495680	-1	660	7.522E-188	5	32351	35128	1104	183	0.593	4.296E-49	244	400	869	-34591	-34124	468	34591	34112
364495680	-1	660	7.522E-188	5	32351	35128	1118	51	0.489	9.733E-05	478	530	869	-33645	-33487	159	33723	33481
364495680	-1	660	7.522E-188	5	32351	35128	1137	254	0.536	8.998E-72	534	782	869	-33409	-32672	738	33430	32639
364495680	-1	660	7.522E-188	5	32351	35128	1141	116	0.652	3.440E-27	781	868	869	-32614	-32351	264	32635	32351
364510580	1	398	5.574E-109	3	9051	9973	213	216	0.975	1.764E-61	4	107	218	9051	9362	312	9012	9362
364510580	1	398	5.574E-109	3	9051	9973	224	102	0.731	1.566E-20	96	162	218	9558	9758	201	9450	10001
364510580	1	398	5.574E-109	3	9051	9973	223	92	0.821	6.715E-19	161	213	218	9815	9973	159	9713	9982
364547791	1	185	7.338E-45	2	9606	9979	224	96	0.882	1.242E-18	0	50	105	9606	9758	153	9450	10001
364547791	1	185	7.338E-45	2	9606	9979	223	90	0.776	4.498E-18	49	103	105	9815	9979	165	9713	9982
364559933	1	397	1.115E-108	3	9057	9979	213	216	0.992	1.764E-61	8	109	219	9057	9362	306	9012	9362
364559933	1	397	1.115E-108	3	9057	9979	224	111	0.794	6.267E-24	98	164	219	9558	9758	201	9450	10001
364559933	1	397	1.115E-108	3	9057	9979	223	82	0.715	2.551E-15	163	217	219	9815	9979	165	9713	9982
364583105	-1	114	1.733E-23	2	5266	6135	1780	86	0.542	8.166E-17	34	114	281	-6135	-5893	243	6159	5887
364583105	-1	114	1.733E-23	2	5266	6135	1790	104	0.591	9.946E-23	192	279	281	-5529	-5266	264	5538	5245
364643874	-1	229	4.171E-58	2	32741	34591	1104	176	0.572	9.158E-47	181	338	701	-34591	-34124	468	34591	34112
364643874	-1	229	4.171E-58	2	32741	34591	1137	192	0.479	2.228E-50	479	688	701	-33388	-32741	648	33430	32639
364650788	-1	150	2.521E-34	3	9054	9758	1702	49	0.445	2.515E-04	38	94	217	-9758	-9588	171	9767	9588
364650788	-1	150	2.521E-34	3	9054	9758	1711	61	0.475	6.712E-08	89	154	217	-9374	-9177	198	9443	9177
364650788	-1	150	2.521E-34	3	9054	9758	1713	46	0.571	1.667E-03	157	195	217	-9170	-9054	117	9173	9015
364659500	1	386	2.283E-105	3	9057	9973	213	215	0.988	4.551E-61	8	109	220	9057	9362	306	9012	9362
364659500	1	386	2.283E-105	3	9057	9973	224	104	0.748	1.754E-21	98	164	220	9558	9758	201	9450	10001
364659500	1	386	2.283E-105	3	9057	9973	223	79	0.719	1.710E-14	163	215	220	9815	9973	159	9713	9982
364677011	-1	276	2.964E-72	3	5260	6135	1780	73	0.469	2.858E-12	38	119	287	-6135	-5890	246	6159	5887
364677011	-1	276	2.964E-72	3	5260	6135	1787	106	0.622	2.138E-23	120	204	287	-5829	-5575	255	5880	5542
364677011	-1	276	2.964E-72	3	5260	6135	1790	107	0.585	7.899E-24	193	284	287	-5535	-5260	276	5538	5245
364711049	-1	126	4.230E-27	1	32672	33010	1137	126	0.568	1.224E-27	4	116	203	-33010	-32672	339	33430	32639
364764896	1	206	3.499E-51	1	9057	9362	213	206	0.951	4.756E-58	8	109	166	9057	9362	306	9012	9362
364767681	-1	329	3.290E-88	4	5266	6533	1766	37	0.679	2.936E+00	14	38	286	-6533	-6459	75	6623	6459
364767681	-1	329	3.290E-88	4	5266	6533	1780	83	0.528	7.511E-16	38	117	286	-6135	-5893	243	6159	5887
364767681	-1	329	3.290E-88	4	5266	6533	1787	115	0.710	1.484E-26	119	197	286	-5829	-5593	237	5880	5542
364767681	-1	329	3.290E-88	4	5266	6533	1790	97	0.549	2.166E-20	192	281	286	-5535	-5266	270	5538	5245
364770708	1	409	2.722E-112	3	9057	9973	213	215	0.988	4.551E-61	35	136	246	9057	9362	306	9012	9362
364770708	1	409	2.722E-112	3	9057	9973	224	113	0.801	2.449E-24	125	191	246	9558	9758	201	9450	10001
364770708	1	409	2.722E-112	3	9057	9973	223	93	0.824	4.891E-19	190	242	246	9815	9973	159	9713	9982
364822048	-1	667	5.876E-190	5	32351	35128	1095	134	0.448	5.508E-30	87	249	874	-35128	-34655	474	35506	34637
364822048	-1	667	5.876E-190	5	32351	35128	1104	187	0.605	1.337E-50	249	405	874	-34591	-34124	468	34591	34112
364822048	-1	667	5.876E-190	5	32351	35128	1118	47	0.442	3.221E-03	483	537	874	-33645	-33481	165	33723	33481
364822048	-1	667	5.876E-190	5	32351	35128	1137	254	0.535	1.232E-71	539	787	874	-33409	-32672	738	33430	32639
364822048	-1	667	5.876E-190	5	32351	35128	1141	119	0.668	2.732E-28	786	873	874	-32614	-32351	264	32635	32351
370869257	1	412	3.402E-113	3	9057	9973	213	222	1.000	1.124E-63	33	134	245	9057	9362	306	9012	9362
370869257	1	412	3.402E-113	3	9057	9973	224	113	0.801	2.449E-24	123	189	245	9558	9758	201	9450	10001
370869257	1	412	3.402E-113	3	9057	9973	223	89	0.792	1.164E-17	188	240	245	9815	9973	159	9713	9982
370893425	-1	298	7.066E-79	3	5251	6132	1780	82	0.524	2.670E-15	23	102	275	-6132	-5893	240	6159	5887
370893425	-1	298	7.066E-79	3	5251	6132	1787	109	0.671	1.704E-24	103	182	275	-5832	-5593	240	5880	5542
370893425	-1	298	7.066E-79	3	5251	6132	1790	107	0.587	5.755E-24	181	272	275	-5523	-5251	273	5538	5245
371162389	1	417	1.063E-114	3	9057	9979	213	218	1.000	3.633E-62	8	109	218	9057	9362	306	9012	9362
371162389	1	417	1.063E-114	3	9057	9979	224	108	0.771	1.049E-22	98	164	218	9558	9758	201	9450	10001
371162389	1	417	1.063E-114	3	9057	9979	223	103	0.877	1.292E-22	163	217	218	9815	9979	165	9713	9982
371508402	-1	315	5.391E-84	4	5254	6548	1766	36	0.565	7.700E+00	22	51	304	-6548	-6459	90	6623	6459
371508402	-1	315	5.391E-84	4	5254	6548	1780	84	0.532	3.984E-16	51	131	304	-6135	-5893	243	6159	5887
371508402	-1	315	5.391E-84	4	5254	6548	1787	100	0.587	2.454E-21	132	217	304	-5832	-5575	258	5880	5542
371508402	-1	315	5.391E-84	4	5254	6548	1790	100	0.561	1.253E-21	210	300	304	-5523	-5254	270	5538	5245
372371435	-1	389	2.854E-106	4	5260	6548	1766	40	0.633	1.634E-01	37	66	317	-6548	-6459	90	6623	6459
372371435	-1	389	2.854E-106	4	5260	6548	1780	96	0.588	2.957E-20	66	147	317	-6135	-5890	246	6159	5887
372371435	-1	389	2.854E-106	4	5260	6548	1787	123	0.745	2.659E-29	147	226	317	-5832	-5593	240	5880	5542
372371435	-1	389	2.854E-106	4	5260	6548	1790	132	0.713	1.725E-32	223	312	317	-5529	-5260	270	5538	5245
372448498	-1	191	1.147E-46	2	5260	5829	1787	99	0.725	6.338E-21	120	185	288	-5829	-5632	198	5880	5542
372448498	-1	191	1.147E-46	2	5260	5829	1790	103	0.593	1.874E-22	198	284	288	-5520	-5260	261	5538	5245
373041272	-1	84	1.860E-14	1	5278	5520	1790	84	0.530	7.496E-16	40	118	135	-5520	-5278	243	5538	5245
373122262	1	171	1.202E-40	2	27870	28462	660	138	0.703	1.749E-34	77	171	243	27870	28157	288	27864	28187
373122262	1	171	1.202E-40	2	27870	28462	665	54	0.741	1.745E-06	194	227	243	28361	28462	102	28331	28462
373461523	1	381	7.306E-104	3	9057	9973	213	207	0.955	2.528E-58	8	109	220	9057	9362	306	9012	9362
373461523	1	381	7.306E-104	3	9057	9973	224	101	0.728	2.140E-20	98	164	220	9558	9758	201	9450	10001
373461523	1	381	7.306E-104	3	9057	9973	223	85	0.760	2.772E-16	163	215	220	9815	9973	159	9713	9982
373764241	-1	490	1.126E-136	4	32351	34570	1104	169	0.577	2.674E-44	295	444	914	-34570	-34124	447	34591	34112
373764241	-1	490	1.126E-136	4	32351	34570	1118	35	0.353	3.272E+01	522	576	914	-33645	-33481	165	33723	33481
373764241	-1	490	1.126E-136	4	32351	34570	1137	240	0.508	7.343E-67	577	827	914	-33412	-32672	741	33430	32639
373764241	-1	490	1.126E-136	4	32351	34570	1141	121	0.673	1.057E-28	826	913	914	-32614	-32351	264	32635	32351
374199186	-1	286	2.894E-75	3	5263	6135	1780	79	0.501	1.789E-14	38	119	287	-6135	-5890	246	6159	5887
374199186	-1	286	2.894E-75	3	5263	6135	1787	105	0.655	5.521E-23	120	198	287	-5829	-5593	237	5880	5542
374199186	-1	286	2.894E-75	3	5263	6135	1790	106	0.588	1.084E-23	193	283	287	-5535	-5263	273	5538	5245
374415352	-1	686	1.121E-195	5	32351	34591	1104	199	0.638	7.563E-55	319	475	944	-34591	-34124	468	34591	34112
374415352	-1	686	1.121E-195	5	32351	34591	1109	55	0.423	2.116E-05	475	544	944	-34064	-33855	210	34250	33852
374415352	-1	686	1.121E-195	5	32351	34591	1118	55	0.505	4.046E-06	553	607	944	-33645	-33481	165	33723	33481
374415352	-1	686	1.121E-195	5	32351	34591	1137	258	0.542	5.319E-73	609	857	944	-33409	-32672	738	33430	32639
374415352	-1	686	1.121E-195	5	32351	34591	1141	124	0.692	4.458E-30	856	943	944	-32614	-32351	264	32635	32351
374443951	-1	222	5.339E-56	3	5551	6530	1766	34	0.661	2.021E+01	26	49	303	-6530	-6459	72	6623	6459
374443951	-1	222	5.339E-56	3	5551	6530	1780	78	0.494	6.360E-14	49	130	303	-6135	-5890	246	6159	5887
374443951	-1	222	5.339E-56	3	5551	6530	1787	109	0.591	2.337E-24	131	221	303	-5829	-5551	279	5880	5542
374540932	1	400	1.394E-109	3	9057	9982	213	217	0.996	9.375E-62	8	109	219	9057	9362	306	9012	9362
374540932	1	400	1.394E-109	3	9057	9982	224	105	0.753	9.382E-22	98	164	219	9558	9758	201	9450	10001
374540932	1	400	1.394E-109	3	9057	9982	223	90	0.767	3.276E-18	163	217	219	9815	9982	168	9713	9982
374869337	-1	802	1.349E-230	6	32351	35128	1095	149	0.491	2.328E-35	75	236	857	-35128	-34643	486	35506	34637
374869337	-1	802	1.349E-230	6	32351	35128	1104	185	0.600	6.472E-50	232	388	857	-34591	-34124	468	34591	34112
374869337	-1	802	1.349E-230	6	32351	35128	1109	53	0.411	1.008E-04	388	457	857	-34064	-33855	210	34250	33852
374869337	-1	802	1.349E-230	6	32351	35128	1118	53	0.406	2.727E-05	451	520	857	-33690	-33481	210	33723	33481
374869337	-1	802	1.349E-230	6	32351	35128	1137	250	0.529	2.084E-70	522	770	857	-33409	-32672	738	33430	32639
374869337	-1	802	1.349E-230	6	32351	35128	1141	119	0.666	3.750E-28	769	856	857	-32614	-32351	264	32635	32351
375075577	1	177	1.878E-42	2	20380	20969	479	139	0.662	1.076E-34	80	183	234	20380	20682	303	20377	20730
375075577	1	177	1.878E-42	2	20380	20969	483	51	0.701	2.248E-05	198	231	234	20868	20969	102	20838	20969
375506611	1	400	1.394E-109	3	9057	9979	213	213	0.981	1.611E-60	8	109	220	9057	9362	306	9012	9362
375506611	1	400	1.394E-109	3	9057	9979	224	108	0.768	1.435E-22	98	164	220	9558	9758	201	9450	10001
375506611	1	400	1.394E-109	3	9057	9979	223	91	0.788	1.266E-18	163	217	220	9815	9979	165	9713	9982
375836989	1	402	3.484E-110	3	9057	9958	213	217	0.996	9.375E-62	8	109	219	9057	9362	306	9012	9362
375836989	1	402	3.484E-110	3	9057	9958	224	106	0.761	3.670E-22	98	164	219	9558	9758	201	9450	10001
375836989	1	402	3.484E-110	3	9057	9958	223	91	0.885	1.738E-18	163	210	219	9815	9958	144	9713	9982
376058204	-1	332	4.113E-89	4	5254	6533	1766	40	0.742	1.634E-01	13	37	290	-6533	-6459	75	6623	6459
376058204	-1	332	4.113E-89	4	5254	6533	1780	88	0.552	1.674E-17	37	117	290	-6135	-5893	243	6159	5887
376058204	-1	332	4.113E-89	4	5254	6533	1787	98	0.608	2.245E-20	118	197	290	-5832	-5593	240	5880	5542
376058204	-1	332	4.113E-89	4	5254	6533	1790	104	0.582	7.247E-23	197	286	290	-5520	-5254	267	5538	5245
376090577	1	396	2.230E-108	3	9057	9976	213	217	0.997	6.835E-62	8	109	219	9057	9362	306	9012	9362
376090577	1	396	2.230E-108	3	9057	9976	224	105	0.751	1.283E-21	98	164	219	9558	9758	201	9450	10001
376090577	1	396	2.230E-108	3	9057	9976	223	86	0.757	1.071E-16	163	216	219	9815	9976	162	9713	9982
376319775	-1	269	3.793E-70	3	5263	6135	1780	74	0.545	1.104E-12	31	99	283	-6135	-5929	207	6159	5887
376319775	-1	269	3.793E-70	3	5263	6135	1787	106	0.657	4.024E-23	117	195	283	-5829	-5593	237	5880	5542
376319775	-1	269	3.793E-70	3	5263	6135	1790	108	0.605	4.193E-24	192	280	283	-5529	-5263	267	5538	5245
376507439	1	372	3.741E-101	3	9057	9973	213	206	0.950	6.523E-58	8	109	220	9057	9362	306	9012	9362
376507439	1	372	3.741E-101	3	9057	9973	224	101	0.728	2.140E-20	98	164	220	9558	9758	201	9450	10001
376507439	1	372	3.741E-101	3	9057	9973	223	77	0.700	1.146E-13	163	215	220	9815	9973	159	9713	9982
376619304	-1	521	5.242E-146	5	32351	35173	1095	186	0.552	4.609E-48	111	285	910	-35173	-34655	519	35506	34637
376619304	-1	521	5.242E-146	5	32351	35173	1109	57	0.447	6.065E-06	445	511	910	-34055	-33855	201	34250	33852
376619304	-1	521	5.242E-146	5	32351	35173	1118	52	0.492	3.748E-05	520	573	910	-33645	-33484	162	33723	33481
376619304	-1	521	5.242E-146	5	32351	35173	1137	263	0.552	4.767E-75	575	823	910	-33412	-32672	741	33430	32639
376619304	-1	521	5.242E-146	5	32351	35173	1141	126	0.702	9.158E-31	822	909	910	-32614	-32351	264	32635	32351
376741429	-1	395	4.459E-108	4	5251	6539	1766	44	0.744	1.258E-02	30	56	307	-6539	-6459	81	6623	6459
376741429	-1	395	4.459E-108	4	5251	6539	1780	98	0.598	6.064E-21	56	137	307	-6135	-5890	246	6159	5887
376741429	-1	395	4.459E-108	4	5251	6539	1787	123	0.745	2.659E-29	137	216	307	-5832	-5593	240	5880	5542
376741429	-1	395	4.459E-108	4	5251	6539	1790	130	0.697	8.393E-32	215	305	307	-5523	-5251	273	5538	5245
377459689	-1	393	1.784E-107	4	5260	6548	1766	49	0.759	1.427E-04	19	48	299	-6548	-6459	90	6623	6459
377459689	-1	393	1.784E-107	4	5260	6548	1780	96	0.590	2.154E-20	48	129	299	-6135	-5890	246	6159	5887
377459689	-1	393	1.784E-107	4	5260	6548	1787	118	0.717	1.622E-27	129	208	299	-5832	-5593	240	5880	5542
377459689	-1	393	1.784E-107	4	5260	6548	1790	130	0.717	8.393E-32	207	294	299	-5523	-5260	264	5538	5245
377568145	-1	234	1.303E-59	3	5575	6548	1766	36	0.570	5.583E+00	22	51	304	-6548	-6459	90	6623	6459
377568145	-1	234	1.303E-59	3	5575	6548	1780	89	0.555	1.219E-17	51	131	304	-6135	-5893	243	6159	5887
377568145	-1	234	1.303E-59	3	5575	6548	1787	108	0.626	4.399E-24	132	217	304	-5832	-5575	258	5880	5542
377727903	-1	274	1.185E-71	3	5260	6135	1780	86	0.532	8.166E-17	37	119	305	-6135	-5887	249	6159	5887
377727903	-1	274	1.185E-71	3	5260	6135	1787	101	0.575	1.304E-21	127	215	305	-5859	-5593	267	5880	5542
377727903	-1	274	1.185E-71	3	5260	6135	1790	99	0.544	4.446E-21	209	301	305	-5538	-5260	279	5538	5245
378711609	1	176	3.757E-42	2	20380	20966	479	140	0.665	5.718E-35	68	171	219	20380	20682	303	20377	20730
378711609	1	176	3.757E-42	2	20380	20966	483	49	0.704	5.866E-05	186	218	219	20868	20966	99	20838	20969
378867279	-1	138	1.033E-30	1	34655	35152	1095	138	0.451	1.843E-31	95	261	266	-35152	-34655	498	35506	34637
378867349	1	234	1.303E-59	3	27870	28459	660	151	0.760	5.132E-39	68	162	224	27870	28157	288	27864	28187
378867349	1	234	1.303E-59	3	27870	28459	662	33	0.718	3.744E+01	164	184	224	28229	28291	63	28148	28291
378867349	1	234	1.303E-59	3	27870	28459	665	48	0.678	2.903E-04	185	217	224	28361	28459	99	28331	28462
378883507	1	301	8.832E-80	2	9057	9788	213	213	0.978	3.030E-60	8	109	215	9057	9362	306	9012	9362
378883507	1	301	8.832E-80	2	9057	9788	224	101	0.634	2.140E-20	96	170	215	9552	9788	237	9450	10001
378931515	1	406	2.177E-111	3	9057	9979	213	218	1.000	2.649E-62	8	109	219	9057	9362	306	9012	9362
378931515	1	406	2.177E-111	3	9057	9979	224	108	0.768	1.435E-22	98	164	219	9558	9758	201	9450	10001
378931515	1	406	2.177E-111	3	9057	9979	223	92	0.791	9.220E-19	163	217	219	9815	9979	165	9713	9982
378935420	1	408	5.443E-112	3	9057	9976	213	219	1.000	1.931E-62	8	109	219	9057	9362	306	9012	9362
378935420	1	408	5.443E-112	3	9057	9976	224	107	0.766	1.963E-22	98	164	219	9558	9758	201	9450	10001
378935420	1	408	5.443E-112	3	9057	9976	223	94	0.826	1.003E-19	163	216	219	9815	9976	162	9713	9982
378950760	1	408	5.443E-112	3	9057	9979	213	218	0.999	4.983E-62	8	109	218	9057	9362	306	9012	9362
378950760	1	408	5.443E-112	3	9057	9979	224	108	0.773	7.674E-23	98	164	218	9558	9758	201	9450	10001
378950760	1	408	5.443E-112	3	9057	9979	223	94	0.813	1.003E-19	163	217	218	9815	9979	165	9713	9982
378982612	1	398	5.574E-109	3	9057	9964	213	215	0.988	4.551E-61	49	150	261	9057	9362	306	9012	9362
378982612	1	398	5.574E-109	3	9057	9964	224	106	0.761	3.670E-22	139	205	261	9558	9758	201	9450	10001
378982612	1	398	5.574E-109	3	9057	9964	223	89	0.837	8.479E-18	204	253	261	9815	9964	150	9713	9982
378990303	-1	203	2.799E-50	1	34124	34591	1104	203	0.646	6.061E-56	3	159	217	-34591	-34124	468	34591	34112
378990642	-1	319	3.369E-85	4	5260	6536	1766	34	0.610	2.787E+01	13	38	287	-6536	-6459	78	6623	6459
378990642	-1	319	3.369E-85	4	5260	6536	1780	80	0.505	9.489E-15	38	119	287	-6135	-5890	246	6159	5887
378990642	-1	319	3.369E-85	4	5260	6536	1787	104	0.646	1.956E-22	120	198	287	-5829	-5593	237	5880	5542
378990642	-1	319	3.369E-85	4	5260	6536	1790	104	0.572	7.247E-23	193	284	287	-5535	-5260	276	5538	5245
379005495	1	209	4.374E-52	1	9057	9359	213	209	0.973	3.796E-59	0	100	101	9057	9359	303	9012	9362
379067477	1	396	2.230E-108	3	9057	9979	213	217	0.996	9.375E-62	8	109	218	9057	9362	306	9012	9362
379067477	1	396	2.230E-108	3	9057	9979	224	110	0.784	2.193E-23	98	164	218	9558	9758	201	9450	10001
379067477	1	396	2.230E-108	3	9057	9979	223	81	0.709	4.810E-15	163	215	218	9815	9979	165	9713	9982
379090002	-1	801	2.698E-230	6	32351	35128	1095	136	0.466	6.344E-31	71	226	851	-35128	-34655	474	35506	34637
379090002	-1	801	2.698E-230	6	32351	35128	1104	189	0.609	3.785E-51	226	382	851	-34591	-34124	468	34591	34112
379090002	-1	801	2.698E-230	6	32351	35128	1109	56	0.428	1.133E-05	382	451	851	-34064	-33855	210	34250	33852
379090002	-1	801	2.698E-230	6	32351	35128	1118	52	0.482	5.152E-05	460	514	851	-33645	-33481	165	33723	33481
379090002	-1	801	2.698E-230	6	32351	35128	1137	255	0.537	4.800E-72	516	764	851	-33409	-32672	738	33430	32639
379090002	-1	801	2.698E-230	6	32351	35128	1141	117	0.654	2.506E-27	763	850	851	-32614	-32351	264	32635	32351
379157160	1	216	3.417E-54	1	9051	9359	213	216	0.982	2.419E-61	0	102	103	9051	9359	309	9012	9362
379172745	-1	329	3.290E-88	4	5269	6536	1766	37	0.663	2.129E+00	12	37	286	-6536	-6459	78	6623	6459
379172745	-1	329	3.290E-88	4	5269	6536	1780	85	0.538	1.539E-16	37	117	286	-6135	-5893	243	6159	5887
379172745	-1	329	3.290E-88	4	5269	6536	1787	109	0.715	2.337E-24	118	191	286	-5832	-5611	222	5880	5542
379172745	-1	329	3.290E-88	4	5269	6536	1790	103	0.629	1.874E-22	200	280	286	-5511	-5269	243	5538	5245
379195194	-1	55	9.988E-06	1	11238	11420	1662	55	0.464	3.379E-06	24	84	98	-11420	-11238	183	11435	11226
379195292	-1	53	3.995E-05	1	11238	11426	1662	53	0.439	1.663E-05	3	65	79	-11426	-11238	189	11435	11226
379195607	-1	52	7.990E-05	1	11238	11423	1662	52	0.442	2.287E-05	23	84	98	-11423	-11238	186	11435	11226
379206685	1	207	1.749E-51	1	9057	9362	213	207	0.955	2.528E-58	8	109	116	9057	9362	306	9012	9362
379229855	-1	338	6.426E-91	3	32351	34121	1109	63	0.403	7.580E-08	357	435	834	-34121	-33867	255	34250	33852
379229855	-1	338	6.426E-91	3	32351	34121	1137	224	0.471	1.526E-61	496	754	834	-33418	-32654	765	33430	32639
379229855	-1	338	6.426E-91	3	32351	34121	1141	118	0.660	9.694E-28	746	833	834	-32614	-32351	264	32635	32351
379230220	-1	291	9.044E-77	2	32672	34591	1104	174	0.569	6.076E-46	141	297	746	-34591	-34124	468	34591	34112
379230220	-1	291	9.044E-77	2	32672	34591	1137	248	0.525	1.372E-69	430	678	746	-33409	-32672	738	33430	32639
379248156	1	409	2.722E-112	3	9057	9982	213	214	0.986	6.242E-61	8	109	219	9057	9362	306	9012	9362
379248156	1	409	2.722E-112	3	9057	9982	224	99	0.713	1.395E-19	98	164	219	9558	9758	201	9450	10001
379248156	1	409	2.722E-112	3	9057	9982	223	108	0.902	2.101E-24	163	218	219	9815	9982	168	9713	9982
379255391	-1	275	5.927E-72	5	32351	35146	1095	129	0.423	1.637E-28	150	319	945	-35146	-34643	504	35506	34637
379255391	-1	275	5.927E-72	5	32351	35146	1104	178	0.578	1.892E-47	315	472	945	-34591	-34124	468	34591	34112
379255391	-1	275	5.927E-72	5	32351	35146	1109	60	0.470	6.789E-07	472	537	945	-34064	-33867	198	34250	33852
379255391	-1	275	5.927E-72	5	32351	35146	1118	49	0.477	3.474E-04	553	605	945	-33645	-33487	159	33723	33481
379255391	-1	275	5.927E-72	5	32351	35146	1141	125	0.696	2.367E-30	857	944	945	-32614	-32351	264	32635	32351
379258841	-1	244	1.273E-62	3	5593	6548	1766	42	0.656	4.533E-02	9	38	286	-6548	-6459	90	6623	6459
379258841	-1	244	1.273E-62	3	5593	6548	1780	89	0.555	1.219E-17	38	118	286	-6135	-5893	243	6159	5887
379258841	-1	244	1.273E-62	3	5593	6548	1787	114	0.711	3.832E-26	121	198	286	-5826	-5593	234	5880	5542
379267375	-1	194	1.433E-47	2	5245	5835	1787	109	0.579	3.207E-24	116	208	288	-5835	-5551	285	5880	5542
379267375	-1	194	1.433E-47	2	5245	5835	1790	98	0.538	1.150E-20	195	287	288	-5523	-5245	279	5538	5245
379276812	1	191	1.147E-46	2	9558	9982	224	105	0.753	9.382E-22	1	67	122	9558	9758	201	9450	10001
379276812	1	191	1.147E-46	2	9558	9982	223	87	0.746	3.013E-17	66	121	122	9815	9982	168	9713	9982
379283578	-1	287	1.447E-75	3	5251	6135	1780	74	0.507	1.516E-12	52	126	313	-6135	-5911	225	6159	5887
379283578	-1	287	1.447E-75	3	5251	6135	1787	123	0.705	3.649E-29	134	218	313	-5829	-5575	255	5880	5542
379283578	-1	287	1.447E-75	3	5251	6135	1790	108	0.570	3.055E-24	206	301	313	-5538	-5251	288	5538	5245
379306010	1	195	7.166E-48	2	9558	9958	224	105	0.753	9.382E-22	23	89	144	9558	9758	201	9450	10001
379306010	1	195	7.166E-48	2	9558	9958	223	91	0.885	1.738E-18	88	135	144	9815	9958	144	9713	9982
379330279	1	101	1.419E-19	1	25577	26104	607	101	0.345	2.375E-20	35	206	254	25577	26104	528	25553	26113
379376633	1	230	2.085E-58	3	27867	28459	660	158	0.729	1.262E-41	73	178	229	27867	28175	309	27864	28187
379376633	1	230	2.085E-58	3	27867	28459	662	33	0.673	7.136E+01	169	190	229	28226	28291	66	28148	28291
379376633	1	230	2.085E-58	3	27867	28459	665	47	0.673	3.998E-04	191	223	229	28361	28459	99	28331	28462
385733054	1	399	2.787E-109	3	9057	9973	213	220	1.000	7.485E-63	8	109	220	9057	9362	306	9012	9362
385733054	1	399	2.787E-109	3	9057	9973	224	109	0.779	4.103E-23	98	164	220	9558	9758	201	9450	10001
385733054	1	399	2.787E-109	3	9057	9973	223	82	0.741	1.858E-15	163	215	220	9815	9973	159	9713	9982
386124729	1	397	1.115E-108	3	9057	9973	213	214	0.986	6.242E-61	8	109	219	9057	9362	306	9012	9362
386124729	1	397	1.115E-108	3	9057	9973	224	108	0.773	7.674E-23	98	164	219	9558	9758	201	9450	10001
386124729	1	397	1.115E-108	3	9057	9973	223	87	0.779	4.137E-17	163	215	219	9815	9973	159	9713	9982
386188658	-1	310	1.725E-82	3	5254	6132	1780	89	0.559	6.467E-18	30	110	282	-6132	-5890	243	6159	5887
386188658	-1	310	1.725E-82	3	5254	6132	1787	107	0.603	1.136E-23	111	197	282	-5829	-5563	267	5880	5542
386188658	-1	310	1.725E-82	3	5254	6132	1790	124	0.657	9.677E-30	186	278	282	-5529	-5254	276	5538	5245
388008614	-1	317	1.348E-84	5	32351	35128	1095	138	0.467	2.511E-31	94	252	880	-35128	-34655	474	35506	34637
388008614	-1	317	1.348E-84	5	32351	35128	1104	200	0.640	4.024E-55	252	408	880	-34591	-34124	468	34591	34112
388008614	-1	317	1.348E-84	5	32351	35128	1109	63	0.497	5.540E-08	409	473	880	-34061	-33867	195	34250	33852
388008614	-1	317	1.348E-84	5	32351	35128	1118	47	0.448	3.221E-03	485	538	880	-33651	-33490	162	33723	33481
388008614	-1	317	1.348E-84	5	32351	35128	1141	128	0.711	1.881E-31	792	879	880	-32614	-32351	264	32635	32351
388430909	-1	392	3.567E-107	4	5251	6539	1766	44	0.744	1.258E-02	30	56	307	-6539	-6459	81	6623	6459
388430909	-1	392	3.567E-107	4	5251	6539	1780	98	0.598	6.064E-21	56	137	307	-6135	-5890	246	6159	5887
388430909	-1	392	3.567E-107	4	5251	6539	1787	123	0.745	2.659E-29	137	216	307	-5832	-5593	240	5880	5542
388430909	-1	392	3.567E-107	4	5251	6539	1790	127	0.684	7.693E-31	215	305	307	-5523	-5251	273	5538	5245
389935491	-1	552	2.441E-155	4	32672	35146	1095	143	0.460	3.307E-33	77	245	870	-35146	-34655	492	35506	34637
389935491	-1	552	2.441E-155	4	32672	35146	1104	180	0.585	5.357E-48	245	401	870	-34591	-34124	468	34591	34112
389935491	-1	552	2.441E-155	4	32672	35146	1118	51	0.479	7.081E-05	479	533	870	-33645	-33481	165	33723	33481
389935491	-1	552	2.441E-155	4	32672	35146	1137	254	0.537	1.232E-71	536	783	870	-33406	-32672	735	33430	32639
390143739	-1	550	9.764E-155	4	32672	35134	1095	147	0.491	1.096E-34	103	259	883	-35134	-34655	480	35506	34637
390143739	-1	550	9.764E-155	4	32672	35134	1104	189	0.610	2.761E-51	259	415	883	-34591	-34124	468	34591	34112
390143739	-1	550	9.764E-155	4	32672	35134	1109	59	0.452	1.736E-06	415	482	883	-34064	-33861	204	34250	33852
390143739	-1	550	9.764E-155	4	32672	35134	1137	220	0.482	3.518E-60	550	796	883	-33412	-32672	741	33430	32639
390283667	-1	347	1.255E-93	4	5260	6557	1766	40	0.574	3.103E-01	19	51	300	-6557	-6459	99	6623	6459
390283667	-1	347	1.255E-93	4	5260	6557	1780	82	0.552	2.670E-15	51	125	300	-6135	-5911	225	6159	5887
390283667	-1	347	1.255E-93	4	5260	6557	1787	121	0.722	2.433E-28	130	210	300	-5838	-5596	243	5880	5542
390283667	-1	347	1.255E-93	4	5260	6557	1790	111	0.598	3.331E-25	205	297	300	-5538	-5260	279	5538	5245
390712108	-1	199	4.479E-49	2	5278	5829	1787	112	0.650	2.555E-25	113	197	280	-5829	-5575	255	5880	5542
390712108	-1	199	4.479E-49	2	5278	5829	1790	98	0.577	6.102E-21	186	271	280	-5535	-5278	258	5538	5245
390833545	-1	353	1.961E-95	4	5260	6584	1766	50	0.546	7.532E-05	5	49	298	-6584	-6459	126	6623	6459
390833545	-1	353	1.961E-95	4	5260	6584	1780	81	0.513	6.911E-15	49	129	298	-6135	-5893	243	6159	5887
390833545	-1	353	1.961E-95	4	5260	6584	1787	122	0.639	6.867E-29	125	215	298	-5859	-5575	285	5880	5542
390833545	-1	353	1.961E-95	4	5260	6584	1790	115	0.619	7.458E-27	203	295	298	-5538	-5260	279	5538	5245
391025933	1	393	1.784E-107	3	9057	9976	213	214	0.983	1.174E-60	8	109	219	9057	9362	306	9012	9362
391025933	1	393	1.784E-107	3	9057	9976	224	111	0.791	8.572E-24	98	164	219	9558	9758	201	9450	10001
391025933	1	393	1.784E-107	3	9057	9976	223	80	0.714	9.069E-15	163	216	219	9815	9976	162	9713	9982
391236325	1	411	6.804E-113	3	9057	9979	213	220	1.000	7.485E-63	8	109	219	9057	9362	306	9012	9362
391236325	1	411	6.804E-113	3	9057	9979	224	108	0.768	1.435E-22	98	164	219	9558	9758	201	9450	10001
391236325	1	411	6.804E-113	3	9057	9979	223	95	0.819	5.320E-20	163	217	219	9815	9979	165	9713	9982
391494076	-1	286	2.894E-75	3	5260	6135	1780	77	0.490	1.199E-13	38	119	287	-6135	-5890	246	6159	5887
391494076	-1	286	2.894E-75	3	5260	6135	1787	113	0.688	1.358E-25	119	198	287	-5832	-5593	240	5880	5542
391494076	-1	286	2.894E-75	3	5260	6135	1790	101	0.558	9.126E-22	193	284	287	-5535	-5260	276	5538	5245
391650812	1	296	2.826E-78	4	20190	20966	471	46	0.548	9.900E-04	28	68	223	20190	20312	123	20190	20318
391650812	1	296	2.826E-78	4	20190	20966	479	160	0.753	5.705E-42	69	171	223	20383	20682	300	20377	20730
391650812	1	296	2.826E-78	4	20190	20966	480	37	0.768	9.241E-01	164	185	223	20733	20798	66	20682	20798
391650812	1	296	2.826E-78	4	20190	20966	483	57	0.802	1.357E-07	186	218	223	20868	20966	99	20838	20969
392195823	1	394	8.918E-108	3	9057	9973	213	214	0.983	1.174E-60	8	109	220	9057	9362	306	9012	9362
392195823	1	394	8.918E-108	3	9057	9973	224	99	0.713	1.395E-19	98	164	220	9558	9758	201	9450	10001
392195823	1	394	8.918E-108	3	9057	9973	223	93	0.827	3.563E-19	163	215	220	9815	9973	159	9713	9982
392209294	-1	108	1.109E-21	2	5263	6135	1780	89	0.544	1.219E-17	37	119	288	-6135	-5887	249	6159	5887
392209294	-1	108	1.109E-21	2	5263	6135	1790	98	0.568	1.150E-20	200	286	288	-5523	-5263	261	5538	5245
392457640	1	315	5.391E-84	2	9057	9758	213	217	0.997	6.835E-62	8	109	218	9057	9362	306	9012	9362
392457640	1	315	5.391E-84	2	9057	9758	224	109	0.779	4.103E-23	98	164	218	9558	9758	201	9450	10001
393055783	1	231	1.043E-58	4	20003	28459	465	38	0.655	2.902E-01	6	32	225	20003	20080	78	19997	20086
393055783	1	231	1.043E-58	4	20003	28459	660	147	0.681	1.664E-37	70	175	225	27867	28172	306	27864	28187
393055783	1	231	1.043E-58	4	20003	28459	662	37	0.760	2.065E+00	167	188	225	28226	28291	66	28148	28291
393055783	1	231	1.043E-58	4	20003	28459	665	51	0.724	1.633E-05	189	221	225	28361	28459	99	28331	28462
393406794	-1	395	4.459E-108	4	5260	6548	1766	42	0.650	6.245E-02	18	47	299	-6548	-6459	90	6623	6459
393406794	-1	395	4.459E-108	4	5260	6548	1780	101	0.612	6.599E-22	47	128	299	-6135	-5890	246	6159	5887
393406794	-1	395	4.459E-108	4	5260	6548	1787	124	0.747	1.938E-29	128	207	299	-5832	-5593	240	5880	5542
393406794	-1	395	4.459E-108	4	5260	6548	1790	130	0.697	8.393E-32	204	294	299	-5529	-5260	270	5538	5245
393422514	1	390	1.427E-106	3	9057	9973	213	216	0.992	1.764E-61	8	109	219	9057	9362	306	9012	9362
393422514	1	390	1.427E-106	3	9057	9973	224	103	0.741	4.482E-21	98	164	219	9558	9758	201	9450	10001
393422514	1	390	1.427E-106	3	9057	9973	223	83	0.744	1.353E-15	163	215	219	9815	9973	159	9713	9982
393436340	-1	381	7.306E-104	4	5260	6575	1766	51	0.632	2.098E-05	11	46	285	-6575	-6459	117	6623	6459
393436340	-1	381	7.306E-104	4	5260	6575	1780	76	0.557	2.261E-13	47	115	285	-6096	-5890	207	6159	5887
393436340	-1	381	7.306E-104	4	5260	6575	1787	123	0.742	3.649E-29	115	194	285	-5832	-5593	240	5880	5542
393436340	-1	381	7.306E-104	4	5260	6575	1790	130	0.717	8.393E-32	193	280	285	-5523	-5260	264	5538	5245
393439517	1	150	2.521E-34	1	27870	28157	660	150	0.757	9.660E-39	46	140	159	27870	28157	288	27864	28187
393476216	-1	303	2.208E-80	4	5266	6557	1766	36	0.533	4.049E+00	6	38	287	-6557	-6459	99	6623	6459
393476216	-1	303	2.208E-80	4	5266	6557	1780	78	0.494	6.360E-14	38	119	287	-6135	-5890	246	6159	5887
393476216	-1	303	2.208E-80	4	5266	6557	1787	109	0.559	1.704E-24	109	204	287	-5874	-5575	300	5880	5542
393476216	-1	303	2.208E-80	4	5266	6557	1790	96	0.564	5.600E-20	197	282	287	-5523	-5266	258	5538	5245
393491968	1	183	2.935E-44	2	9558	9973	224	100	0.718	7.470E-20	101	167	223	9558	9758	201	9450	10001
393491968	1	183	2.935E-44	2	9558	9973	223	84	0.757	3.806E-16	166	218	223	9815	9973	159	9713	9982
393500591	-1	580	9.093E-164	4	32351	35158	1095	146	0.457	2.778E-34	53	226	851	-35158	-34652	507	35506	34637
393500591	-1	580	9.093E-164	4	32351	35158	1104	191	0.628	7.817E-52	230	382	851	-34579	-34124	456	34591	34112
393500591	-1	580	9.093E-164	4	32351	35158	1137	254	0.536	6.572E-72	516	764	851	-33409	-32672	738	33430	32639
393500591	-1	580	9.093E-164	4	32351	35158	1141	123	0.683	2.171E-29	763	850	851	-32614	-32351	264	32635	32351
393501921	1	296	2.826E-78	2	9057	9758	213	209	0.965	3.796E-59	8	109	214	9057	9362	306	9012	9362
393501921	1	296	2.826E-78	2	9057	9758	224	100	0.705	3.999E-20	96	164	214	9552	9758	207	9450	10001
393508419	-1	121	1.354E-25	1	32351	32614	1141	121	0.675	7.701E-29	65	152	153	-32614	-32351	264	32635	32351
393552356	-1	236	3.259E-60	3	5593	6533	1766	40	0.742	1.634E-01	16	40	318	-6533	-6459	75	6623	6459
393552356	-1	236	3.259E-60	3	5593	6533	1780	85	0.534	2.902E-16	40	120	318	-6135	-5893	243	6159	5887
393552356	-1	236	3.259E-60	3	5593	6533	1787	110	0.675	9.052E-25	121	200	318	-5832	-5593	240	5880	5542
393570561	1	411	6.804E-113	3	9057	9982	213	218	0.999	4.983E-62	8	109	219	9057	9362	306	9012	9362
393570561	1	411	6.804E-113	3	9057	9982	224	110	0.786	1.604E-23	98	164	219	9558	9758	201	9450	10001
393570561	1	411	6.804E-113	3	9057	9982	223	95	0.806	5.320E-20	163	218	219	9815	9982	168	9713	9982
393582845	1	177	1.878E-42	2	9558	9973	224	101	0.728	2.140E-20	98	164	220	9558	9758	201	9450	10001
393582845	1	177	1.878E-42	2	9558	9973	223	77	0.700	1.146E-13	163	215	220	9815	9973	159	9713	9982
393594077	-1	115	8.663E-24	2	5266	6135	1780	85	0.538	1.539E-16	37	117	285	-6135	-5893	243	6159	5887
393594077	-1	115	8.663E-24	2	5266	6135	1790	106	0.605	1.084E-23	195	282	285	-5529	-5266	264	5538	5245
393602304	-1	341	8.033E-92	4	5260	6575	1766	47	0.546	9.722E-04	12	53	302	-6575	-6459	117	6623	6459
393602304	-1	341	8.033E-92	4	5260	6575	1780	75	0.514	5.854E-13	53	127	302	-6135	-5911	225	6159	5887
393602304	-1	341	8.033E-92	4	5260	6575	1787	115	0.693	2.036E-26	132	212	302	-5838	-5596	243	5880	5542
393602304	-1	341	8.033E-92	4	5260	6575	1790	111	0.601	1.768E-25	207	299	302	-5538	-5260	279	5538	5245
393605127	-1	562	2.384E-158	4	32672	35149	1095	149	0.484	2.328E-35	87	251	876	-35149	-34655	495	35506	34637
393605127	-1	562	2.384E-158	4	32672	35149	1104	191	0.615	7.817E-52	251	407	876	-34591	-34124	468	34591	34112
393605127	-1	562	2.384E-158	4	32672	35149	1109	61	0.457	2.654E-07	407	476	876	-34064	-33855	210	34250	33852
393605127	-1	562	2.384E-158	4	32672	35149	1137	224	0.487	1.526E-61	542	789	876	-33412	-32672	741	33430	32639
393649170	-1	261	9.711E-68	3	5593	6557	1766	42	0.600	6.245E-02	5	37	219	-6557	-6459	99	6623	6459
393649170	-1	261	9.711E-68	3	5593	6557	1780	97	0.592	1.569E-20	37	118	219	-6135	-5890	246	6159	5887
393649170	-1	261	9.711E-68	3	5593	6557	1787	121	0.738	2.433E-28	119	197	219	-5829	-5593	237	5880	5542
393665855	-1	668	2.938E-190	5	32351	35146	1095	138	0.457	1.843E-31	66	227	852	-35146	-34655	492	35506	34637
393665855	-1	668	2.938E-190	5	32351	35146	1104	179	0.583	1.007E-47	227	383	852	-34591	-34124	468	34591	34112
393665855	-1	668	2.938E-190	5	32351	35146	1118	50	0.466	2.527E-04	461	515	852	-33645	-33481	165	33723	33481
393665855	-1	668	2.938E-190	5	32351	35146	1137	260	0.548	5.893E-74	518	765	852	-33406	-32672	735	33430	32639
393665855	-1	668	2.938E-190	5	32351	35146	1141	117	0.654	2.506E-27	764	851	852	-32614	-32351	264	32635	32351
393666647	1	419	2.658E-115	3	9057	9976	213	218	1.000	3.633E-62	8	109	218	9057	9362	306	9012	9362
393666647	1	419	2.658E-115	3	9057	9976	224	108	0.773	7.674E-23	98	164	218	9558	9758	201	9450	10001
393666647	1	419	2.658E-115	3	9057	9976	223	105	0.907	2.649E-23	163	216	218	9815	9976	162	9713	9982
393735148	1	407	1.089E-111	3	9057	9976	213	218	0.999	4.983E-62	24	125	235	9057	9362	306	9012	9362
393735148	1	407	1.089E-111	3	9057	9976	224	108	0.768	1.435E-22	114	180	235	9558	9758	201	9450	10001
393735148	1	407	1.089E-111	3	9057	9976	223	93	0.813	3.563E-19	179	232	235	9815	9976	162	9713	9982
393736399	-1	52	7.990E-05	1	11238	11420	1662	52	0.448	2.287E-05	24	84	98	-11420	-11238	183	11435	11226
393736544	-1	50	3.196E-04	1	11238	11420	1662	50	0.431	1.549E-04	24	84	98	-11420	-11238	183	11435	11226
393739952	1	215	6.834E-54	1	9054	9359	213	215	0.988	4.551E-61	0	101	102	9054	9359	306	9012	9362
393757168	-1	237	1.629E-60	3	5593	6533	1766	40	0.728	3.103E-01	16	40	293	-6533	-6459	75	6623	6459
393757168	-1	237	1.629E-60	3	5593	6533	1780	87	0.543	3.155E-17	40	121	293	-6135	-5890	246	6159	5887
393757168	-1	237	1.629E-60	3	5593	6533	1787	109	0.676	2.337E-24	122	200	293	-5829	-5593	237	5880	5542
393772152	-1	292	4.522E-77	2	32672	34591	1104	175	0.573	1.721E-46	141	297	745	-34591	-34124	468	34591	34112
393772152	-1	292	4.522E-77	2	32672	34591	1137	248	0.525	1.372E-69	430	678	745	-33409	-32672	738	33430	32639
393784174	1	406	2.177E-111	3	9057	9976	213	218	0.999	4.983E-62	8	109	219	9057	9362	306	9012	9362
393784174	1	406	2.177E-111	3	9057	9976	224	108	0.768	1.435E-22	98	164	219	9558	9758	201	9450	10001
393784174	1	406	2.177E-111	3	9057	9976	223	92	0.807	6.715E-19	163	216	219	9815	9976	162	9713	9982
393797348	-1	430	1.298E-118	4	33487	35152	1095	138	0.451	1.843E-31	87	253	881	-35152	-34655	498	35506	34637
393797348	-1	430	1.298E-118	4	33487	35152	1104	190	0.611	2.014E-51	253	409	881	-34591	-34124	468	34591	34112
393797348	-1	430	1.298E-118	4	33487	35152	1109	59	0.471	1.270E-06	410	474	881	-34061	-33867	195	34250	33852
393797348	-1	430	1.298E-118	4	33487	35152	1118	52	0.374	3.748E-05	463	540	881	-33717	-33487	231	33723	33481
393835447	1	227	1.668E-57	3	27870	28459	660	151	0.718	3.741E-39	49	151	203	27870	28169	300	27864	28187
393835447	1	227	1.668E-57	3	27870	28459	662	33	0.710	5.168E+01	145	165	203	28229	28291	63	28148	28291
393835447	1	227	1.668E-57	3	27870	28459	665	48	0.678	2.903E-04	166	198	203	28361	28459	99	28331	28462
393835740	1	186	3.669E-45	2	27870	28459	660	151	0.718	3.741E-39	49	151	203	27870	28169	300	27864	28187
393835740	1	186	3.669E-45	2	27870	28459	665	48	0.678	2.903E-04	166	198	203	28361	28459	99	28331	28462
393835834	1	178	9.392E-43	2	27870	28291	660	151	0.718	3.741E-39	49	151	203	27870	28169	300	27864	28187
393835834	1	178	9.392E-43	2	27870	28291	662	33	0.710	5.168E+01	145	165	203	28229	28291	63	28148	28291
393842699	1	204	1.400E-50	2	9558	9979	224	107	0.766	1.963E-22	98	164	218	9558	9758	201	9450	10001
393842699	1	204	1.400E-50	2	9558	9979	223	98	0.843	4.216E-21	163	217	218	9815	9979	165	9713	9982
393879070	1	410	1.361E-112	3	9057	9979	213	219	1.000	1.931E-62	151	252	362	9057	9362	306	9012	9362
393879070	1	410	1.361E-112	3	9057	9979	224	108	0.768	1.435E-22	241	307	362	9558	9758	201	9450	10001
393879070	1	410	1.361E-112	3	9057	9979	223	95	0.816	7.304E-20	306	360	362	9815	9979	165	9713	9982
393883605	1	388	5.708E-106	3	9057	9967	213	215	0.988	4.551E-61	8	109	219	9057	9362	306	9012	9362
393883605	1	388	5.708E-106	3	9057	9967	224	103	0.741	4.482E-21	98	164	219	9558	9758	201	9450	10001
393883605	1	388	5.708E-106	3	9057	9967	223	82	0.766	1.858E-15	163	213	219	9815	9967	153	9713	9982
393922906	-1	244	1.273E-62	3	5593	6581	1766	39	0.474	5.896E-01	29	66	319	-6581	-6459	123	6623	6459
393922906	-1	244	1.273E-62	3	5593	6581	1780	91	0.569	1.326E-18	66	146	319	-6135	-5893	243	6159	5887
393922906	-1	244	1.273E-62	3	5593	6581	1787	113	0.690	9.895E-26	147	226	319	-5832	-5593	240	5880	5542
393924938	-1	757	4.747E-217	5	32351	35152	1095	160	0.508	7.278E-39	77	239	862	-35152	-34655	498	35506	34637
393924938	-1	757	4.747E-217	5	32351	35152	1104	192	0.640	4.159E-52	246	395	862	-34570	-34124	447	34591	34112
393924938	-1	757	4.747E-217	5	32351	35152	1109	70	0.509	1.426E-10	395	465	862	-34064	-33852	213	34250	33852
393924938	-1	757	4.747E-217	5	32351	35152	1137	285	0.592	1.470E-82	529	775	862	-33409	-32672	738	33430	32639
393924938	-1	757	4.747E-217	5	32351	35152	1141	116	0.652	3.440E-27	774	861	862	-32614	-32351	264	32635	32351
393925430	-1	558	3.814E-157	4	32672	35128	1095	139	0.463	5.354E-32	86	248	873	-35128	-34655	474	35506	34637
393925430	-1	558	3.814E-157	4	32672	35128	1104	187	0.604	1.833E-50	248	404	873	-34591	-34124	468	34591	34112
393925430	-1	558	3.814E-157	4	32672	35128	1118	49	0.457	6.563E-04	482	536	873	-33645	-33481	165	33723	33481
393925430	-1	558	3.814E-157	4	32672	35128	1137	257	0.541	7.283E-73	538	786	873	-33409	-32672	738	33430	32639
399961476	1	398	5.574E-109	3	9057	9979	213	219	1.000	1.931E-62	8	109	219	9057	9362	306	9012	9362
399961476	1	398	5.574E-109	3	9057	9979	224	112	0.799	3.349E-24	98	164	219	9558	9758	201	9450	10001
399961476	1	398	5.574E-109	3	9057	9979	223	79	0.693	2.348E-14	163	217	219	9815	9979	165	9713	9982
400102037	1	107	2.218E-21	1	25574	26104	607	107	0.357	2.987E-22	145	312	330	25574	26104	531	25553	26113
400271771	-1	829	1.005E-238	6	32351	35146	1095	137	0.453	3.420E-31	107	271	894	-35146	-34655	492	35506	34637
400271771	-1	829	1.005E-238	6	32351	35146	1104	192	0.642	3.034E-52	278	427	894	-34570	-34124	447	34591	34112
400271771	-1	829	1.005E-238	6	32351	35146	1109	64	0.498	2.163E-08	427	492	894	-34064	-33867	198	34250	33852
400271771	-1	829	1.005E-238	6	32351	35146	1118	53	0.487	1.444E-05	501	556	894	-33654	-33487	168	33723	33481
400271771	-1	829	1.005E-238	6	32351	35146	1137	273	0.571	3.450E-78	561	807	894	-33406	-32672	735	33430	32639
400271771	-1	829	1.005E-238	6	32351	35146	1141	123	0.687	1.152E-29	806	893	894	-32614	-32351	264	32635	32351
400437147	1	402	3.484E-110	3	9057	9958	213	217	0.996	9.375E-62	8	109	219	9057	9362	306	9012	9362
400437147	1	402	3.484E-110	3	9057	9958	224	106	0.761	3.670E-22	98	164	219	9558	9758	201	9450	10001
400437147	1	402	3.484E-110	3	9057	9958	223	91	0.885	1.738E-18	163	210	219	9815	9958	144	9713	9982
400594938	-1	234	1.303E-59	3	5593	6533	1766	43	0.783	2.388E-02	17	41	294	-6533	-6459	75	6623	6459
400594938	-1	234	1.303E-59	3	5593	6533	1780	83	0.523	1.416E-15	41	121	294	-6135	-5893	243	6159	5887
400594938	-1	234	1.303E-59	3	5593	6533	1787	107	0.657	1.559E-23	122	201	294	-5832	-5593	240	5880	5542
400782749	-1	380	1.461E-103	3	32351	34591	1104	181	0.586	1.517E-48	225	382	842	-34591	-34124	468	34591	34112
400782749	-1	380	1.461E-103	3	32351	34591	1137	222	0.496	1.372E-60	523	755	842	-33388	-32672	717	33430	32639
400782749	-1	380	1.461E-103	3	32351	34591	1141	117	0.654	2.506E-27	754	841	842	-32614	-32351	264	32635	32351
400960745	1	236	3.259E-60	3	27870	28459	660	147	0.745	8.838E-38	84	178	237	27870	28157	288	27864	28187
400960745	1	236	3.259E-60	3	27870	28459	662	36	0.752	2.848E+00	179	200	237	28226	28291	66	28148	28291
400960745	1	236	3.259E-60	3	27870	28459	665	51	0.729	1.186E-05	201	233	237	28361	28459	99	28331	28462
400993249	-1	195	7.166E-48	2	5263	5868	1787	101	0.530	1.789E-21	114	207	298	-5868	-5575	294	5880	5542
400993249	-1	195	7.166E-48	2	5263	5868	1790	101	0.585	6.649E-22	200	286	298	-5523	-5263	261	5538	5245
401235538	-1	236	3.259E-60	3	5593	6533	1766	40	0.742	1.634E-01	16	40	293	-6533	-6459	75	6623	6459
401235538	-1	236	3.259E-60	3	5593	6533	1780	84	0.532	3.984E-16	40	120	293	-6135	-5893	243	6159	5887
401235538	-1	236	3.259E-60	3	5593	6533	1787	111	0.677	6.598E-25	121	200	293	-5832	-5593	240	5880	5542
401271826	-1	245	6.364E-63	3	5593	6557	1766	44	0.631	9.136E-03	5	37	239	-6557	-6459	99	6623	6459
401271826	-1	245	6.364E-63	3	5593	6557	1780	96	0.584	2.154E-20	37	119	239	-6135	-5887	249	6159	5887
401271826	-1	245	6.364E-63	3	5593	6557	1787	122	0.744	9.421E-29	138	216	239	-5829	-5593	237	5880	5542
401339465	1	401	6.968E-110	3	9057	9976	213	216	0.994	1.286E-61	8	109	219	9057	9362	306	9012	9362
401339465	1	401	6.968E-110	3	9057	9976	224	108	0.768	1.435E-22	98	164	219	9558	9758	201	9450	10001
401339465	1	401	6.968E-110	3	9057	9976	223	89	0.779	1.164E-17	163	216	219	9815	9976	162	9713	9982
401411631	-1	676	1.148E-192	5	32351	34570	1104	187	0.628	1.337E-50	290	439	908	-34570	-34124	447	34591	34112
401411631	-1	676	1.148E-192	5	32351	34570	1109	59	0.462	9.284E-07	439	505	908	-34064	-33864	201	34250	33852
401411631	-1	676	1.148E-192	5	32351	34570	1118	49	0.460	4.775E-04	517	571	908	-33645	-33481	165	33723	33481
401411631	-1	676	1.148E-192	5	32351	34570	1137	261	0.548	2.295E-74	573	821	908	-33409	-32672	738	33430	32639
401411631	-1	676	1.148E-192	5	32351	34570	1141	128	0.711	1.881E-31	820	907	908	-32614	-32351	264	32635	32351
401526044	-1	326	2.632E-87	4	5254	6539	1766	40	0.687	2.252E-01	11	37	287	-6539	-6459	81	6623	6459
401526044	-1	326	2.632E-87	4	5254	6539	1780	81	0.515	5.033E-15	37	117	287	-6135	-5893	243	6159	5887
401526044	-1	326	2.632E-87	4	5254	6539	1787	110	0.589	1.242E-24	108	197	287	-5874	-5593	282	5880	5542
401526044	-1	326	2.632E-87	4	5254	6539	1790	109	0.579	1.622E-24	191	285	287	-5538	-5254	285	5538	5245
401953423	1	409	2.722E-112	3	9057	9979	213	217	0.997	6.835E-62	8	109	219	9057	9362	306	9012	9362
401953423	1	409	2.722E-112	3	9057	9979	224	108	0.768	1.435E-22	98	164	219	9558	9758	201	9450	10001
401953423	1	409	2.722E-112	3	9057	9979	223	96	0.825	2.822E-20	163	217	219	9815	9979	165	9713	9982
402077585	-1	224	1.335E-56	3	5260	6557	1766	44	0.631	9.136E-03	5	37	231	-6557	-6459	99	6623	6459
402077585	-1	224	1.335E-56	3	5260	6557	1780	94	0.578	1.442E-19	37	118	231	-6135	-5890	246	6159	5887
402077585	-1	224	1.335E-56	3	5260	6557	1790	104	0.582	7.247E-23	138	227	231	-5529	-5260	270	5538	5245
402398141	1	394	8.918E-108	3	9057	9964	213	215	0.988	4.551E-61	8	109	219	9057	9362	306	9012	9362
402398141	1	394	8.918E-108	3	9057	9964	224	113	0.801	2.449E-24	98	164	219	9558	9758	201	9450	10001
402398141	1	394	8.918E-108	3	9057	9964	223	78	0.742	6.079E-14	163	212	219	9815	9964	150	9713	9982
402987937	-1	345	5.021E-93	4	5266	6536	1766	38	0.677	1.120E+00	10	35	280	-6536	-6459	78	6623	6459
402987937	-1	345	5.021E-93	4	5266	6536	1780	88	0.552	1.674E-17	35	115	280	-6135	-5893	243	6159	5887
402987937	-1	345	5.021E-93	4	5266	6536	1787	115	0.710	1.484E-26	116	194	280	-5832	-5596	237	5880	5542
402987937	-1	345	5.021E-93	4	5266	6536	1790	104	0.631	5.280E-23	198	279	280	-5511	-5266	246	5538	5245
403010838	-1	363	1.915E-98	4	5260	6533	1766	42	0.776	3.290E-02	13	37	286	-6533	-6459	75	6623	6459
403010838	-1	363	1.915E-98	4	5260	6533	1780	96	0.588	2.957E-20	37	118	286	-6135	-5890	246	6159	5887
403010838	-1	363	1.915E-98	4	5260	6533	1787	113	0.700	7.212E-26	119	197	286	-5829	-5593	237	5880	5542
403010838	-1	363	1.915E-98	4	5260	6533	1790	111	0.626	3.331E-25	196	283	286	-5523	-5260	264	5538	5245
403229524	-1	407	1.089E-111	3	32672	34591	1104	177	0.577	4.873E-47	215	371	839	-34591	-34124	468	34591	34112
403229524	-1	407	1.089E-111	3	32672	34591	1118	45	0.372	1.150E-02	436	502	839	-33681	-33481	201	33723	33481
403229524	-1	407	1.089E-111	3	32672	34591	1137	247	0.524	1.879E-69	504	752	839	-33409	-32672	738	33430	32639
403252510	-1	363	1.915E-98	4	5260	6557	1766	44	0.631	9.136E-03	5	37	287	-6557	-6459	99	6623	6459
403252510	-1	363	1.915E-98	4	5260	6557	1780	94	0.578	1.442E-19	37	118	287	-6135	-5890	246	6159	5887
403252510	-1	363	1.915E-98	4	5260	6557	1787	122	0.744	9.421E-29	119	197	287	-5829	-5593	237	5880	5542
403252510	-1	363	1.915E-98	4	5260	6557	1790	104	0.582	7.247E-23	194	283	287	-5529	-5260	270	5538	5245
403345463	1	398	5.574E-109	3	9057	9979	213	217	0.996	9.375E-62	8	109	219	9057	9362	306	9012	9362
403345463	1	398	5.574E-109	3	9057	9979	224	113	0.801	2.449E-24	98	164	219	9558	9758	201	9450	10001
403345463	1	398	5.574E-109	3	9057	9979	223	80	0.702	9.069E-15	163	217	219	9815	9979	165	9713	9982
403567869	-1	362	3.830E-98	4	5260	6575	1766	37	0.471	2.936E+00	0	37	296	-6575	-6459	117	6623	6459
403567869	-1	362	3.830E-98	4	5260	6575	1780	98	0.590	8.325E-21	37	119	296	-6135	-5887	249	6159	5887
403567869	-1	362	3.830E-98	4	5260	6575	1787	123	0.753	2.659E-29	128	206	296	-5829	-5593	237	5880	5542
403567869	-1	362	3.830E-98	4	5260	6575	1790	113	0.625	4.984E-26	203	292	296	-5529	-5260	270	5538	5245
403616787	1	182	5.870E-44	2	27870	28291	660	147	0.743	1.213E-37	76	170	230	27870	28157	288	27864	28187
403616787	1	182	5.870E-44	2	27870	28291	662	34	0.735	1.965E+01	172	192	230	28229	28291	63	28148	28291
403922608	-1	202	5.598E-50	2	5272	5829	1787	107	0.666	1.136E-23	139	217	305	-5829	-5593	237	5880	5542
403922608	-1	202	5.598E-50	2	5272	5829	1790	98	0.575	8.375E-21	214	299	305	-5529	-5272	258	5538	5245
404353456	-1	292	4.522E-77	3	5260	6135	1780	81	0.510	5.033E-15	32	113	281	-6135	-5890	246	6159	5887
404353456	-1	292	4.522E-77	3	5260	6135	1787	108	0.668	8.281E-24	114	192	281	-5829	-5593	237	5880	5542
404353456	-1	292	4.522E-77	3	5260	6135	1790	107	0.587	5.755E-24	187	278	281	-5535	-5260	276	5538	5245
404429911	-1	294	1.131E-77	3	5260	6135	1780	79	0.503	3.373E-14	37	117	287	-6135	-5893	243	6159	5887
404429911	-1	294	1.131E-77	3	5260	6135	1787	110	0.634	1.242E-24	112	197	287	-5844	-5593	252	5880	5542
404429911	-1	294	1.131E-77	3	5260	6135	1790	116	0.621	5.435E-27	191	283	287	-5538	-5260	279	5538	5245
404754951	-1	234	1.303E-59	3	5575	6533	1766	36	0.659	7.700E+00	27	51	310	-6533	-6459	75	6623	6459
404754951	-1	234	1.303E-59	3	5575	6533	1780	89	0.555	1.219E-17	51	131	310	-6135	-5893	243	6159	5887
404754951	-1	234	1.303E-59	3	5575	6533	1787	108	0.626	4.399E-24	132	217	310	-5832	-5575	258	5880	5542
405595535	-1	532	2.559E-149	4	32672	34591	1104	184	0.597	1.667E-49	244	400	869	-34591	-34124	468	34591	34112
405595535	-1	532	2.559E-149	4	32672	34591	1109	55	0.432	3.952E-05	400	466	869	-34064	-33864	201	34250	33852
405595535	-1	532	2.559E-149	4	32672	34591	1118	52	0.482	5.152E-05	478	532	869	-33645	-33481	165	33723	33481
405595535	-1	532	2.559E-149	4	32672	34591	1137	249	0.528	3.906E-70	534	782	869	-33409	-32672	738	33430	32639
406089248	-1	111	1.386E-22	2	5269	6135	1780	83	0.523	1.416E-15	37	117	282	-6135	-5893	243	6159	5887
406089248	-1	111	1.386E-22	2	5269	6135	1790	102	0.587	4.845E-22	193	279	282	-5529	-5269	261	5538	5245
406125775	-1	383	1.826E-104	4	5248	6536	1766	38	0.677	1.120E+00	22	47	298	-6536	-6459	78	6623	6459
406125775	-1	383	1.826E-104	4	5248	6536	1780	91	0.563	1.326E-18	47	128	298	-6135	-5890	246	6159	5887
406125775	-1	383	1.826E-104	4	5248	6536	1787	125	0.755	5.472E-30	128	207	298	-5832	-5593	240	5880	5542
406125775	-1	383	1.826E-104	4	5248	6536	1790	131	0.683	3.248E-32	204	297	298	-5529	-5248	282	5538	5245
406691954	-1	657	6.017E-187	5	32351	35137	1095	119	0.411	3.571E-25	20	182	810	-35137	-34655	483	35506	34637
406691954	-1	657	6.017E-187	5	32351	35137	1104	180	0.583	3.908E-48	182	339	810	-34591	-34124	468	34591	34112
406691954	-1	657	6.017E-187	5	32351	35137	1118	48	0.464	1.240E-03	420	472	810	-33645	-33487	159	33723	33481
406691954	-1	657	6.017E-187	5	32351	35137	1137	257	0.543	7.283E-73	475	722	810	-33412	-32675	738	33430	32639
406691954	-1	657	6.017E-187	5	32351	35137	1141	131	0.725	2.052E-32	722	809	810	-32614	-32351	264	32635	32351
407412540	1	183	2.935E-44	2	27867	28459	660	143	0.667	2.865E-36	69	174	222	27867	28175	309	27864	28187
407412540	1	183	2.935E-44	2	27867	28459	665	51	0.719	2.248E-05	187	219	222	28361	28459	99	28331	28462
407429303	1	219	4.271E-55	3	20190	28291	471	46	0.544	1.364E-03	107	144	298	20190	20312	123	20190	20318
407429303	1	219	4.271E-55	3	20190	28291	660	145	0.679	8.087E-37	145	249	298	27870	28175	306	27864	28187
407429303	1	219	4.271E-55	3	20190	28291	662	36	0.737	5.420E+00	240	261	298	28226	28291	66	28148	28291
407551167	1	182	5.870E-44	2	27870	28459	660	147	0.701	8.838E-38	74	176	232	27870	28169	300	27864	28187
407551167	1	182	5.870E-44	2	27870	28459	665	48	0.688	1.531E-04	191	223	232	28361	28459	99	28331	28462
407585147	1	186	3.669E-45	2	20380	20969	479	144	0.651	1.767E-36	78	187	239	20380	20688	309	20377	20730
407585147	1	186	3.669E-45	2	20380	20969	483	53	0.726	4.549E-06	200	233	239	20868	20969	102	20838	20969
407597886	1	187	1.834E-45	2	27867	28291	660	153	0.764	7.696E-40	72	168	227	27867	28157	291	27864	28187
407597886	1	187	1.834E-45	2	27867	28291	662	33	0.689	3.744E+01	169	190	227	28226	28291	66	28148	28291
407670644	1	177	1.878E-42	2	27870	28459	660	141	0.715	1.911E-35	77	171	249	27870	28157	288	27864	28187
407670644	1	177	1.878E-42	2	27870	28459	665	57	0.797	1.868E-07	194	226	249	28361	28459	99	28331	28462
407765860	1	175	7.514E-42	2	20383	20969	479	139	0.669	7.844E-35	78	180	231	20383	20682	300	20377	20730
407765860	1	175	7.514E-42	2	20383	20969	483	49	0.676	1.112E-04	195	228	231	20868	20969	102	20838	20969
407816908	1	171	1.202E-40	2	27867	28459	660	141	0.712	1.015E-35	72	167	225	27867	28157	291	27864	28187
407816908	1	171	1.202E-40	2	27867	28459	665	51	0.719	2.248E-05	190	222	225	28361	28459	99	28331	28462
407934008	-1	389	2.854E-106	4	5251	6539	1766	42	0.725	3.290E-02	27	53	304	-6539	-6459	81	6623	6459
407934008	-1	389	2.854E-106	4	5251	6539	1780	95	0.582	7.651E-20	53	134	304	-6135	-5890	246	6159	5887
407934008	-1	389	2.854E-106	4	5251	6539	1787	122	0.738	6.867E-29	134	213	304	-5832	-5593	240	5880	5542
407934008	-1	389	2.854E-106	4	5251	6539	1790	130	0.699	6.116E-32	212	302	304	-5523	-5251	273	5538	5245
407947392	1	156	3.939E-36	2	20190	20688	471	38	0.500	8.337E-01	34	68	231	20190	20300	111	20190	20318
407947392	1	156	3.939E-36	2	20190	20688	479	122	0.584	8.607E-29	74	179	231	20383	20688	306	20377	20730
407948931	1	401	6.968E-110	3	9057	9973	213	214	0.986	6.242E-61	8	109	220	9057	9362	306	9012	9362
407948931	1	401	6.968E-110	3	9057	9973	224	109	0.776	5.611E-23	98	164	220	9558	9758	201	9450	10001
407948931	1	401	6.968E-110	3	9057	9973	223	90	0.801	4.498E-18	163	215	220	9815	9973	159	9713	9982
408062879	1	218	8.542E-55	1	9051	9359	213	218	0.990	4.983E-62	0	102	103	9051	9359	309	9012	9362
408112183	-1	117	2.166E-24	2	5269	6135	1780	85	0.528	1.539E-16	37	119	294	-6135	-5887	249	6159	5887
408112183	-1	117	2.166E-24	2	5269	6135	1790	106	0.590	2.042E-23	195	284	294	-5538	-5269	270	5538	5245
408121269	-1	671	3.673E-191	5	32672	35128	1095	134	0.448	5.508E-30	82	244	869	-35128	-34655	474	35506	34637
408121269	-1	671	3.673E-191	5	32672	35128	1104	184	0.598	1.216E-49	244	400	869	-34591	-34124	468	34591	34112
408121269	-1	671	3.673E-191	5	32672	35128	1109	56	0.440	1.549E-05	400	466	869	-34064	-33864	201	34250	33852
408121269	-1	671	3.673E-191	5	32672	35128	1118	51	0.479	7.081E-05	478	532	869	-33645	-33481	165	33723	33481
408121269	-1	671	3.673E-191	5	32672	35128	1137	253	0.534	1.687E-71	534	782	869	-33409	-32672	738	33430	32639
408141988	-1	110	2.772E-22	1	5575	5841	1787	110	0.616	1.242E-24	33	121	163	-5841	-5575	267	5880	5542
408144031	-1	543	1.250E-152	4	32672	35128	1095	137	0.457	3.420E-31	71	233	858	-35128	-34655	474	35506	34637
408144031	-1	543	1.250E-152	4	32672	35128	1104	182	0.590	1.107E-48	233	389	858	-34591	-34124	468	34591	34112
408144031	-1	543	1.250E-152	4	32672	35128	1118	46	0.439	4.427E-03	467	521	858	-33645	-33481	165	33723	33481
408144031	-1	543	1.250E-152	4	32672	35128	1137	252	0.532	4.330E-71	523	771	858	-33409	-32672	738	33430	32639
408146973	-1	227	1.668E-57	3	5593	6533	1766	36	0.650	4.049E+00	11	36	292	-6533	-6459	75	6623	6459
408146973	-1	227	1.668E-57	3	5593	6533	1780	81	0.513	6.911E-15	36	116	292	-6135	-5893	243	6159	5887
408146973	-1	227	1.668E-57	3	5593	6533	1787	109	0.678	1.704E-24	118	196	292	-5829	-5593	237	5880	5542
408149728	-1	275	5.927E-72	2	32351	33124	1137	157	0.540	2.672E-38	9	158	245	-33124	-32672	453	33430	32639
408149728	-1	275	5.927E-72	2	32351	33124	1141	119	0.666	3.750E-28	157	244	245	-32614	-32351	264	32635	32351
408150553	-1	189	4.586E-46	4	32351	35149	1095	128	0.429	5.613E-28	103	264	892	-35149	-34655	495	35506	34637
408150553	-1	189	4.586E-46	4	32351	35149	1104	192	0.619	2.213E-52	264	420	892	-34591	-34124	468	34591	34112
408150553	-1	189	4.586E-46	4	32351	35149	1109	59	0.473	9.284E-07	421	485	892	-34061	-33867	195	34250	33852
408150553	-1	189	4.586E-46	4	32351	35149	1141	125	0.694	3.249E-30	804	891	892	-32614	-32351	264	32635	32351
408181349	1	183	2.935E-44	2	9558	9964	224	112	0.799	3.349E-24	81	147	202	9558	9758	201	9450	10001
408181349	1	183	2.935E-44	2	9558	9964	223	72	0.695	5.155E-12	146	195	202	9815	9964	150	9713	9982
408268734	1	403	1.742E-110	3	9057	9979	213	219	1.000	1.931E-62	37	138	248	9057	9362	306	9012	9362
408268734	1	403	1.742E-110	3	9057	9979	224	108	0.768	1.435E-22	127	193	248	9558	9758	201	9450	10001
408268734	1	403	1.742E-110	3	9057	9979	223	88	0.764	1.598E-17	192	246	248	9815	9979	165	9713	9982
408278263	-1	53	3.995E-05	1	11238	11420	1662	53	0.456	8.791E-06	24	84	94	-11420	-11238	183	11435	11226
408278266	-1	55	9.988E-06	1	11238	11420	1662	55	0.464	3.379E-06	24	84	98	-11420	-11238	183	11435	11226
408279541	-1	121	1.354E-25	1	32351	32614	1141	121	0.675	7.701E-29	54	141	142	-32614	-32351	264	32635	32351
408280904	-1	523	1.310E-146	4	32351	34591	1104	180	0.586	3.908E-48	38	194	663	-34591	-34124	468	34591	34112
408280904	-1	523	1.310E-146	4	32351	34591	1118	49	0.457	6.563E-04	272	326	663	-33645	-33481	165	33723	33481
408280904	-1	523	1.310E-146	4	32351	34591	1137	256	0.541	1.365E-72	329	576	663	-33406	-32672	735	33430	32639
408280904	-1	523	1.310E-146	4	32351	34591	1141	115	0.647	8.893E-27	575	662	663	-32614	-32351	264	32635	32351
408305593	1	380	1.461E-103	3	9057	9973	213	204	0.942	3.167E-57	8	109	220	9057	9362	306	9012	9362
408305593	1	380	1.461E-103	3	9057	9973	224	101	0.728	2.140E-20	98	164	220	9558	9758	201	9450	10001
408305593	1	380	1.461E-103	3	9057	9973	223	87	0.779	4.137E-17	163	215	220	9815	9973	159	9713	9982
408330458	-1	191	1.147E-46	4	32351	35110	1095	128	0.451	5.613E-28	139	292	920	-35110	-34655	456	35506	34637
408330458	-1	191	1.147E-46	4	32351	35110	1104	191	0.616	5.702E-52	292	448	920	-34591	-34124	468	34591	34112
408330458	-1	191	1.147E-46	4	32351	35110	1109	60	0.478	4.964E-07	449	513	920	-34061	-33867	195	34250	33852
408330458	-1	191	1.147E-46	4	32351	35110	1141	127	0.704	6.673E-31	832	919	920	-32614	-32351	264	32635	32351
408349956	-1	287	1.447E-75	3	5260	6135	1780	85	0.533	1.539E-16	38	119	287	-6135	-5890	246	6159	5887
408349956	-1	287	1.447E-75	3	5260	6135	1787	106	0.661	2.138E-23	120	198	287	-5829	-5593	237	5880	5542
408349956	-1	287	1.447E-75	3	5260	6135	1790	100	0.554	1.719E-21	193	284	287	-5535	-5260	276	5538	5245
408365847	-1	296	2.826E-78	3	5260	6135	1780	86	0.535	1.121E-16	38	119	287	-6135	-5890	246	6159	5887
408365847	-1	296	2.826E-78	3	5260	6135	1787	106	0.659	2.933E-23	120	198	287	-5829	-5593	237	5880	5542
408365847	-1	296	2.826E-78	3	5260	6135	1790	108	0.589	4.193E-24	193	284	287	-5535	-5260	276	5538	5245
408393259	-1	365	4.788E-99	4	5287	6536	1766	40	0.710	2.252E-01	29	54	430	-6536	-6459	78	6623	6459
408393259	-1	365	4.788E-99	4	5287	6536	1780	95	0.584	5.573E-20	54	135	430	-6135	-5890	246	6159	5887
408393259	-1	365	4.788E-99	4	5287	6536	1787	122	0.736	9.421E-29	135	214	430	-5832	-5593	240	5880	5542
408393259	-1	365	4.788E-99	4	5287	6536	1790	108	0.672	2.226E-24	213	291	430	-5523	-5287	237	5538	5245
408395207	-1	348	6.276E-94	4	5251	6539	1766	44	0.744	1.258E-02	30	56	307	-6539	-6459	81	6623	6459
408395207	-1	348	6.276E-94	4	5251	6539	1780	93	0.575	5.123E-19	56	136	307	-6135	-5893	243	6159	5887
408395207	-1	348	6.276E-94	4	5251	6539	1787	125	0.755	5.472E-30	137	216	307	-5832	-5593	240	5880	5542
408395207	-1	348	6.276E-94	4	5251	6539	1790	89	0.492	8.891E-18	211	305	307	-5535	-5251	285	5538	5245
408414832	-1	189	4.586E-46	4	32351	35110	1095	126	0.446	2.616E-27	126	279	907	-35110	-34655	456	35506	34637
408414832	-1	189	4.586E-46	4	32351	35110	1104	191	0.616	5.702E-52	279	435	907	-34591	-34124	468	34591	34112
408414832	-1	189	4.586E-46	4	32351	35110	1109	60	0.478	4.964E-07	436	500	907	-34061	-33867	195	34250	33852
408414832	-1	189	4.586E-46	4	32351	35110	1141	127	0.704	6.673E-31	819	906	907	-32614	-32351	264	32635	32351
408446268	1	416	2.126E-114	3	9057	9979	213	219	1.000	1.408E-62	8	109	218	9057	9362	306	9012	9362
408446268	1	416	2.126E-114	3	9057	9979	224	108	0.771	1.049E-22	98	164	218	9558	9758	201	9450	10001
408446268	1	416	2.126E-114	3	9057	9979	223	101	0.862	6.297E-22	163	217	218	9815	9979	165	9713	9982
408449650	1	218	8.542E-55	1	9054	9359	213	218	1.000	2.649E-62	0	101	102	9054	9359	306	9012	9362
408450030	1	398	5.574E-109	3	9057	9973	213	218	0.999	4.983E-62	8	109	219	9057	9362	306	9012	9362
408450030	1	398	5.574E-109	3	9057	9973	224	106	0.761	3.670E-22	98	164	219	9558	9758	201	9450	10001
408450030	1	398	5.574E-109	3	9057	9973	223	86	0.770	1.071E-16	163	215	219	9815	9973	159	9713	9982
408452933	-1	236	3.259E-60	3	5593	6533	1766	40	0.742	1.634E-01	16	40	293	-6533	-6459	75	6623	6459
408452933	-1	236	3.259E-60	3	5593	6533	1780	84	0.532	3.984E-16	40	120	293	-6135	-5893	243	6159	5887
408452933	-1	236	3.259E-60	3	5593	6533	1787	111	0.680	4.809E-25	121	200	293	-5832	-5593	240	5880	5542
408466743	-1	333	2.056E-89	4	5245	6533	1766	36	0.650	4.049E+00	11	36	291	-6533	-6459	75	6623	6459
408466743	-1	333	2.056E-89	4	5245	6533	1780	77	0.492	1.647E-13	36	115	291	-6135	-5893	243	6159	5887
408466743	-1	333	2.056E-89	4	5245	6533	1787	109	0.678	1.704E-24	117	195	291	-5829	-5593	237	5880	5542
408466743	-1	333	2.056E-89	4	5245	6533	1790	109	0.591	1.182E-24	195	287	291	-5520	-5245	276	5538	5245
409177524	-1	84	1.860E-14	2	9225	9755	1702	40	0.388	2.082E-01	23	78	126	-9755	-9588	168	9767	9588
409177524	-1	84	1.860E-14	2	9225	9755	1711	45	0.493	1.591E-02	77	122	126	-9362	-9225	138	9443	9177
413980737	1	175	7.514E-42	2	27870	28462	660	136	0.658	1.167E-33	52	153	210	27870	28175	306	27864	28187
413980737	1	175	7.514E-42	2	27870	28462	665	50	0.691	4.261E-05	166	199	210	28361	28462	102	28331	28462
414390262	-1	370	1.496E-100	4	5263	6548	1766	43	0.673	1.734E-02	3	32	280	-6548	-6459	90	6623	6459
414390262	-1	370	1.496E-100	4	5263	6548	1780	93	0.577	3.732E-19	32	112	280	-6135	-5893	243	6159	5887
414390262	-1	370	1.496E-100	4	5263	6548	1787	117	0.727	4.189E-27	115	192	280	-5826	-5593	234	5880	5542
414390262	-1	370	1.496E-100	4	5263	6548	1790	122	0.660	4.710E-29	187	275	280	-5535	-5263	273	5538	5245
414768076	-1	318	6.739E-85	3	5260	6135	1780	83	0.520	1.031E-15	43	124	294	-6135	-5890	246	6159	5887
414768076	-1	318	6.739E-85	3	5260	6135	1787	124	0.735	1.030E-29	128	209	294	-5820	-5575	246	5880	5542
414768076	-1	318	6.739E-85	3	5260	6135	1790	124	0.663	9.677E-30	198	289	294	-5535	-5260	276	5538	5245
414885108	-1	340	1.607E-91	4	5260	6551	1766	44	0.666	9.136E-03	19	49	297	-6551	-6459	93	6623	6459
414885108	-1	340	1.607E-91	4	5260	6551	1780	78	0.497	8.733E-14	49	129	297	-6135	-5893	243	6159	5887
414885108	-1	340	1.607E-91	4	5260	6551	1787	122	0.637	9.421E-29	125	215	297	-5859	-5575	285	5880	5542
414885108	-1	340	1.607E-91	4	5260	6551	1790	111	0.600	2.427E-25	203	295	297	-5538	-5260	279	5538	5245
414925150	-1	382	3.653E-104	4	5251	6536	1766	38	0.683	8.127E-01	25	50	301	-6536	-6459	78	6623	6459
414925150	-1	382	3.653E-104	4	5251	6536	1780	94	0.576	1.980E-19	50	131	301	-6135	-5890	246	6159	5887
414925150	-1	382	3.653E-104	4	5251	6536	1787	126	0.759	2.907E-30	131	210	301	-5832	-5593	240	5880	5542
414925150	-1	382	3.653E-104	4	5251	6536	1790	128	0.663	4.085E-31	205	299	301	-5535	-5251	285	5538	5245
415212261	1	395	4.459E-108	3	9057	9958	213	213	0.981	1.611E-60	8	109	219	9057	9362	306	9012	9362
415212261	1	395	4.459E-108	3	9057	9958	224	107	0.766	1.963E-22	98	164	219	9558	9758	201	9450	10001
415212261	1	395	4.459E-108	3	9057	9958	223	87	0.854	3.013E-17	163	210	219	9815	9958	144	9713	9982
415908440	-1	295	5.653E-78	3	5260	6135	1780	76	0.486	4.263E-13	58	138	323	-6135	-5893	243	6159	5887
415908440	-1	295	5.653E-78	3	5260	6135	1787	118	0.675	1.622E-27	133	218	323	-5844	-5593	252	5880	5542
415908440	-1	295	5.653E-78	3	5260	6135	1790	111	0.607	1.768E-25	213	304	323	-5535	-5260	276	5538	5245
416060452	1	175	7.514E-42	2	20383	20966	479	138	0.662	2.777E-34	76	178	230	20383	20682	300	20377	20730
416060452	1	175	7.514E-42	2	20383	20966	483	50	0.714	3.095E-05	193	225	230	20868	20966	99	20838	20969
416704676	-1	579	1.819E-163	4	32351	35140	1095	141	0.471	2.117E-32	103	263	888	-35140	-34658	483	35506	34637
416704676	-1	579	1.819E-163	4	32351	35140	1104	184	0.624	1.216E-49	271	419	888	-34570	-34124	447	34591	34112
416704676	-1	579	1.819E-163	4	32351	35140	1137	268	0.559	1.501E-76	553	801	888	-33409	-32672	738	33430	32639
416704676	-1	579	1.819E-163	4	32351	35140	1141	124	0.688	8.397E-30	800	887	888	-32614	-32351	264	32635	32351
416997722	1	392	3.567E-107	3	9057	9976	213	218	1.000	3.633E-62	8	109	219	9057	9362	306	9012	9362
416997722	1	392	3.567E-107	3	9057	9976	224	110	0.784	2.193E-23	98	164	219	9558	9758	201	9450	10001
416997722	1	392	3.567E-107	3	9057	9976	223	76	0.676	4.076E-13	163	216	219	9815	9976	162	9713	9982
417197911	-1	192	5.733E-47	2	33867	34408	1104	132	0.681	2.699E-31	0	94	160	-34408	-34124	285	34591	34112
417197911	-1	192	5.733E-47	2	33867	34408	1109	59	0.471	1.270E-06	95	159	160	-34061	-33867	195	34250	33852
417245432	-1	413	1.701E-113	4	5260	6578	1766	51	0.619	2.098E-05	9	48	298	-6578	-6459	120	6623	6459
417245432	-1	413	1.701E-113	4	5260	6578	1780	97	0.598	1.569E-20	48	128	298	-6135	-5893	243	6159	5887
417245432	-1	413	1.701E-113	4	5260	6578	1787	126	0.765	3.988E-30	130	208	298	-5829	-5593	237	5880	5542
417245432	-1	413	1.701E-113	4	5260	6578	1790	142	0.747	4.609E-36	203	294	298	-5535	-5260	276	5538	5245
417651001	-1	179	4.696E-43	2	32738	34064	1109	67	0.507	1.758E-09	175	242	531	-34064	-33861	204	34250	33852
417651001	-1	179	4.696E-43	2	32738	34064	1137	177	0.436	4.439E-45	309	530	531	-33412	-32738	675	33430	32639
417867520	1	400	1.394E-109	3	9057	9973	213	213	0.978	3.030E-60	8	109	220	9057	9362	306	9012	9362
417867520	1	400	1.394E-109	3	9057	9973	224	105	0.753	9.382E-22	98	164	220	9558	9758	201	9450	10001
417867520	1	400	1.394E-109	3	9057	9973	223	94	0.837	1.377E-19	163	215	220	9815	9973	159	9713	9982
418299942	1	408	5.443E-112	3	9057	9976	213	217	0.997	6.835E-62	8	109	219	9057	9362	306	9012	9362
418299942	1	408	5.443E-112	3	9057	9976	224	111	0.789	1.172E-23	98	164	219	9558	9758	201	9450	10001
418299942	1	408	5.443E-112	3	9057	9976	223	92	0.807	6.715E-19	163	216	219	9815	9976	162	9713	9982
418773446	-1	438	5.070E-121	4	33490	35170	1095	138	0.438	1.353E-31	80	253	881	-35170	-34655	516	35506	34637
418773446	-1	438	5.070E-121	4	33490	35170	1104	200	0.639	5.517E-55	253	409	881	-34591	-34124	468	34591	34112
418773446	-1	438	5.070E-121	4	33490	35170	1109	61	0.486	1.940E-07	410	474	881	-34061	-33867	195	34250	33852
418773446	-1	438	5.070E-121	4	33490	35170	1118	47	0.448	3.221E-03	486	539	881	-33651	-33490	162	33723	33481
419221245	-1	201	1.120E-49	2	5272	5829	1787	104	0.651	1.039E-22	116	194	282	-5829	-5593	237	5880	5542
419221245	-1	201	1.120E-49	2	5272	5829	1790	100	0.583	2.360E-21	191	276	282	-5529	-5272	258	5538	5245
419324233	1	169	4.809E-40	2	9558	9967	224	98	0.632	1.907E-19	98	170	218	9558	9788	231	9450	10001
419324233	1	169	4.809E-40	2	9558	9967	223	78	0.733	4.427E-14	163	213	218	9815	9967	153	9713	9982
419977346	1	398	5.574E-109	3	9057	9958	213	213	0.981	1.611E-60	8	109	219	9057	9362	306	9012	9362
419977346	1	398	5.574E-109	3	9057	9958	224	108	0.768	1.435E-22	98	164	219	9558	9758	201	9450	10001
419977346	1	398	5.574E-109	3	9057	9958	223	89	0.868	8.479E-18	163	210	219	9815	9958	144	9713	9982
420445863	1	353	1.961E-95	3	9057	9952	213	207	0.953	3.467E-58	8	109	220	9057	9362	306	9012	9362
420445863	1	353	1.961E-95	3	9057	9952	224	97	0.623	6.651E-19	98	170	220	9558	9788	231	9450	10001
420445863	1	353	1.961E-95	3	9057	9952	223	67	0.695	4.374E-10	163	208	220	9815	9952	138	9713	9982
420587112	-1	187	1.834E-45	2	5263	5829	1787	99	0.696	8.695E-21	121	189	288	-5829	-5623	207	5880	5542
420587112	-1	187	1.834E-45	2	5263	5829	1790	97	0.571	1.578E-20	200	285	288	-5520	-5263	258	5538	5245
421259972	-1	663	9.402E-189	5	32351	35128	1095	138	0.470	1.843E-31	71	226	851	-35128	-34655	474	35506	34637
421259972	-1	663	9.402E-189	5	32351	35128	1104	180	0.586	3.908E-48	226	382	851	-34591	-34124	468	34591	34112
421259972	-1	663	9.402E-189	5	32351	35128	1118	49	0.457	6.563E-04	460	514	851	-33645	-33481	165	33723	33481
421259972	-1	663	9.402E-189	5	32351	35128	1137	256	0.541	1.365E-72	517	764	851	-33406	-32672	735	33430	32639
421259972	-1	663	9.402E-189	5	32351	35128	1141	116	0.650	4.721E-27	763	850	851	-32614	-32351	264	32635	32351
421320223	-1	191	1.147E-46	2	5263	5829	1787	98	0.688	2.245E-20	121	189	288	-5829	-5623	207	5880	5542
421320223	-1	191	1.147E-46	2	5263	5829	1790	102	0.597	2.572E-22	200	285	288	-5520	-5263	258	5538	5245
422310890	1	180	2.348E-43	2	20377	20966	479	139	0.657	1.076E-34	78	182	266	20377	20682	306	20377	20730
422310890	1	180	2.348E-43	2	20377	20966	483	54	0.766	1.268E-06	197	229	266	20868	20966	99	20838	20969
422478195	1	223	2.669E-56	2	9057	9958	213	205	0.945	1.683E-57	19	120	226	9057	9362	306	9012	9362
422478195	1	223	2.669E-56	2	9057	9958	223	71	0.722	1.335E-11	175	221	226	9818	9958	141	9713	9982
422490767	-1	357	1.226E-96	3	33867	35128	1095	115	0.406	7.659E-24	73	232	461	-35128	-34655	474	35506	34637
422490767	-1	357	1.226E-96	3	33867	35128	1104	180	0.583	3.908E-48	232	389	461	-34591	-34124	468	34591	34112
422490767	-1	357	1.226E-96	3	33867	35128	1109	62	0.483	1.418E-07	389	454	461	-34064	-33867	198	34250	33852
422508290	1	369	2.993E-100	3	9057	9967	213	213	0.978	3.030E-60	8	109	215	9057	9362	306	9012	9362
422508290	1	369	2.993E-100	3	9057	9967	224	101	0.634	2.140E-20	96	170	215	9552	9788	237	9450	10001
422508290	1	369	2.993E-100	3	9057	9967	223	75	0.706	5.597E-13	163	213	215	9815	9967	153	9713	9982
422509027	-1	458	4.835E-127	3	32672	35122	1095	149	0.500	3.174E-35	111	268	891	-35122	-34655	468	35506	34637
422509027	-1	458	4.835E-127	3	32672	35122	1104	205	0.654	6.658E-57	268	424	891	-34591	-34124	468	34591	34112
422509027	-1	458	4.835E-127	3	32672	35122	1137	229	0.485	4.831E-63	551	804	891	-33418	-32672	747	33430	32639
422560451	1	294	1.131E-77	2	9057	9758	213	206	0.950	6.523E-58	8	109	166	9057	9362	306	9012	9362
422560451	1	294	1.131E-77	2	9057	9758	224	101	0.708	2.925E-20	96	164	166	9552	9758	207	9450	10001
422569250	1	98	1.135E-18	1	9558	9761	224	98	0.702	1.907E-19	18	85	87	9558	9761	204	9450	10001
422570607	-1	387	1.142E-105	4	5251	6602	1766	42	0.445	6.245E-02	11	55	306	-6602	-6459	144	6623	6459
422570607	-1	387	1.142E-105	4	5251	6602	1780	94	0.578	1.442E-19	55	136	306	-6135	-5890	246	6159	5887
422570607	-1	387	1.142E-105	4	5251	6602	1787	121	0.734	1.293E-28	136	215	306	-5832	-5593	240	5880	5542
422570607	-1	387	1.142E-105	4	5251	6602	1790	130	0.699	6.116E-32	214	304	306	-5523	-5251	273	5538	5245
422583334	-1	237	1.629E-60	3	5593	6533	1766	38	0.693	1.545E+00	14	38	291	-6533	-6459	75	6623	6459
422583334	-1	237	1.629E-60	3	5593	6533	1780	90	0.557	3.431E-18	38	119	291	-6135	-5890	246	6159	5887
422583334	-1	237	1.629E-60	3	5593	6533	1787	108	0.668	8.281E-24	120	198	291	-5829	-5593	237	5880	5542
422587704	1	195	7.166E-48	2	9558	9973	224	102	0.736	8.377E-21	82	148	204	9558	9758	201	9450	10001
422587704	1	195	7.166E-48	2	9558	9973	223	94	0.837	1.377E-19	147	199	204	9815	9973	159	9713	9982
422603316	1	446	1.980E-123	3	9057	9982	213	225	1.000	1.231E-64	8	109	219	9057	9362	306	9012	9362
422603316	1	446	1.980E-123	3	9057	9982	224	116	0.821	1.996E-25	98	164	219	9558	9758	201	9450	10001
422603316	1	446	1.980E-123	3	9057	9982	223	117	0.972	1.441E-27	163	218	219	9815	9982	168	9713	9982
422603632	-1	228	8.342E-58	3	5593	6533	1766	40	0.742	1.634E-01	16	40	326	-6533	-6459	75	6623	6459
422603632	-1	228	8.342E-58	3	5593	6533	1780	85	0.534	2.902E-16	40	120	326	-6135	-5893	243	6159	5887
422603632	-1	228	8.342E-58	3	5593	6533	1787	109	0.662	2.337E-24	128	208	326	-5835	-5593	243	5880	5542
422617513	1	216	3.417E-54	1	9054	9359	213	216	0.994	1.286E-61	0	101	102	9054	9359	306	9012	9362
422628886	1	216	3.417E-54	1	9051	9359	213	216	0.982	2.419E-61	0	102	103	9051	9359	309	9012	9362
422629891	-1	163	3.078E-38	2	5575	6024	1780	49	0.539	7.226E-04	11	55	186	-6024	-5890	135	6159	5887
422629891	-1	163	3.078E-38	2	5575	6024	1787	113	0.596	1.358E-25	56	150	186	-5829	-5575	255	5880	5542
422630895	-1	51	1.598E-04	1	5890	6024	1780	51	0.558	1.480E-04	1	45	46	-6024	-5890	135	6159	5887
422635829	1	195	7.166E-48	2	9558	9958	224	108	0.768	1.435E-22	23	89	144	9558	9758	201	9450	10001
422635829	1	195	7.166E-48	2	9558	9958	223	88	0.861	1.598E-17	88	135	144	9815	9958	144	9713	9982
422654401	1	218	8.542E-55	1	9051	9359	213	218	0.990	4.983E-62	0	102	103	9051	9359	309	9012	9362
422665573	-1	354	9.806E-96	3	32672	34591	1104	183	0.593	4.296E-49	294	450	914	-34591	-34124	468	34591	34112
422665573	-1	354	9.806E-96	3	32672	34591	1109	57	0.455	4.436E-06	450	515	914	-34064	-33867	198	34250	33852
422665573	-1	354	9.806E-96	3	32672	34591	1137	183	0.420	2.179E-47	586	827	914	-33409	-32672	738	33430	32639
422668589	1	94	1.817E-17	1	9558	9758	224	94	0.686	4.327E-18	19	85	130	9558	9758	201	9450	10001
422668623	1	168	9.618E-40	2	9552	9967	224	101	0.634	2.140E-20	15	89	134	9552	9788	237	9450	10001
422668623	1	168	9.618E-40	2	9552	9967	223	74	0.693	1.990E-12	82	132	134	9815	9967	153	9713	9982
422683182	1	399	2.787E-109	3	9057	9973	213	214	0.986	6.242E-61	8	109	220	9057	9362	306	9012	9362
422683182	1	399	2.787E-109	3	9057	9973	224	109	0.776	5.611E-23	98	164	220	9558	9758	201	9450	10001
422683182	1	399	2.787E-109	3	9057	9973	223	88	0.789	1.598E-17	163	215	220	9815	9973	159	9713	9982
422683556	-1	222	5.339E-56	3	5575	6533	1766	36	0.659	7.700E+00	27	51	313	-6533	-6459	75	6623	6459
422683556	-1	222	5.339E-56	3	5575	6533	1780	89	0.555	1.219E-17	51	131	313	-6135	-5893	243	6159	5887
422683556	-1	222	5.339E-56	3	5575	6533	1787	106	0.622	2.138E-23	142	226	313	-5829	-5575	255	5880	5542
422687651	1	216	3.417E-54	1	9051	9359	213	216	0.985	1.286E-61	0	102	103	9051	9359	309	9012	9362
422687781	1	399	2.787E-109	3	9057	9979	213	218	1.000	2.649E-62	8	109	218	9057	9362	306	9012	9362
422687781	1	399	2.787E-109	3	9057	9979	224	108	0.768	1.435E-22	98	164	218	9558	9758	201	9450	10001
422687781	1	399	2.787E-109	3	9057	9979	223	85	0.739	2.019E-16	163	217	218	9815	9979	165	9713	9982
422687961	-1	403	1.742E-110	3	32351	34591	1104	178	0.577	2.593E-47	247	404	866	-34591	-34124	468	34591	34112
422687961	-1	403	1.742E-110	3	32351	34591	1137	240	0.517	5.364E-67	539	779	866	-33409	-32672	738	33430	32639
422687961	-1	403	1.742E-110	3	32351	34591	1141	119	0.666	3.750E-28	778	865	866	-32614	-32351	264	32635	32351
422690182	1	103	3.548E-20	1	25574	26062	607	103	0.369	4.980E-21	121	278	279	25574	26062	489	25553	26113
422694827	1	220	2.136E-55	1	9051	9359	213	220	1.000	7.485E-63	0	102	103	9051	9359	309	9012	9362
422708102	-1	98	1.135E-18	1	5263	5511	1790	98	0.594	6.102E-21	74	156	161	-5511	-5263	249	5538	5245
422719502	1	161	1.231E-37	2	9558	9955	224	100	0.639	7.470E-20	98	170	216	9558	9788	231	9450	10001
422719502	1	161	1.231E-37	2	9558	9955	223	68	0.690	2.319E-10	163	209	216	9815	9955	141	9713	9982
422729100	1	421	6.645E-116	3	9057	9976	213	222	1.000	2.115E-63	8	109	220	9057	9362	306	9012	9362
422729100	1	421	6.645E-116	3	9057	9976	224	111	0.794	6.267E-24	98	164	220	9558	9758	201	9450	10001
422729100	1	421	6.645E-116	3	9057	9976	223	100	0.870	1.187E-21	163	216	220	9815	9976	162	9713	9982
422729408	-1	376	2.338E-102	4	5260	6569	1766	50	0.643	7.532E-05	3	39	289	-6569	-6459	111	6623	6459
422729408	-1	376	2.338E-102	4	5260	6569	1780	89	0.555	1.219E-17	39	119	289	-6135	-5896	240	6159	5887
422729408	-1	376	2.338E-102	4	5260	6569	1787	117	0.751	4.189E-27	126	200	289	-5817	-5593	225	5880	5542
422729408	-1	376	2.338E-102	4	5260	6569	1790	129	0.689	1.152E-31	195	286	289	-5535	-5260	276	5538	5245
422729445	-1	695	2.189E-198	5	32351	35143	1095	143	0.465	2.427E-33	106	272	895	-35143	-34655	489	35506	34637
422729445	-1	695	2.189E-198	5	32351	35143	1104	196	0.633	9.437E-54	272	427	895	-34591	-34124	468	34591	34112
422729445	-1	695	2.189E-198	5	32351	35143	1118	48	0.448	1.705E-03	504	558	895	-33645	-33481	165	33723	33481
422729445	-1	695	2.189E-198	5	32351	35143	1137	253	0.534	1.687E-71	560	808	895	-33409	-32672	738	33430	32639
422729445	-1	695	2.189E-198	5	32351	35143	1141	128	0.707	3.543E-31	807	894	895	-32614	-32351	264	32635	32351
422783503	1	205	6.998E-51	1	9066	9362	213	205	0.972	1.227E-57	0	98	193	9066	9362	297	9012	9362
422809437	1	409	2.722E-112	3	9057	9979	213	219	1.000	1.931E-62	8	109	219	9057	9362	306	9012	9362
422809437	1	409	2.722E-112	3	9057	9979	224	108	0.768	1.435E-22	98	164	219	9558	9758	201	9450	10001
422809437	1	409	2.722E-112	3	9057	9979	223	94	0.813	1.003E-19	163	217	219	9815	9979	165	9713	9982
422820906	-1	55	9.988E-06	1	11238	11420	1662	55	0.464	3.379E-06	38	98	112	-11420	-11238	183	11435	11226
422825201	-1	196	3.583E-48	2	5245	5829	1787	98	0.560	1.636E-20	120	206	296	-5829	-5563	267	5880	5542
422825201	-1	196	3.583E-48	2	5245	5829	1790	106	0.581	1.488E-23	198	289	296	-5520	-5245	276	5538	5245
422854632	-1	287	1.447E-75	2	32672	34591	1104	175	0.573	1.721E-46	141	297	746	-34591	-34124	468	34591	34112
422854632	-1	287	1.447E-75	2	32672	34591	1137	243	0.518	4.347E-68	430	678	746	-33409	-32672	738	33430	32639
422880224	-1	429	2.596E-118	4	33487	35128	1095	137	0.465	4.658E-31	97	255	883	-35128	-34655	474	35506	34637
422880224	-1	429	2.596E-118	4	33487	35128	1104	190	0.611	2.014E-51	255	411	883	-34591	-34124	468	34591	34112
422880224	-1	429	2.596E-118	4	33487	35128	1109	59	0.471	1.270E-06	412	476	883	-34061	-33867	195	34250	33852
422880224	-1	429	2.596E-118	4	33487	35128	1118	52	0.372	5.152E-05	465	542	883	-33717	-33487	231	33723	33481
422918503	1	175	7.514E-42	2	9606	9979	224	98	0.902	1.907E-19	0	50	105	9606	9758	153	9450	10001
422918503	1	175	7.514E-42	2	9606	9979	223	78	0.681	8.348E-14	49	103	105	9815	9979	165	9713	9982
422931460	-1	239	4.073E-61	3	5593	6533	1766	38	0.700	1.120E+00	16	40	322	-6533	-6459	75	6623	6459
422931460	-1	239	4.073E-61	3	5593	6533	1780	95	0.590	5.573E-20	40	120	322	-6135	-5893	243	6159	5887
422931460	-1	239	4.073E-61	3	5593	6533	1787	105	0.655	5.521E-23	122	200	322	-5829	-5593	237	5880	5542
422973875	-1	344	1.004E-92	4	5260	6575	1766	44	0.513	1.258E-02	12	53	302	-6575	-6459	117	6623	6459
422973875	-1	344	1.004E-92	4	5260	6575	1780	77	0.523	1.647E-13	53	127	302	-6135	-5911	225	6159	5887
422973875	-1	344	1.004E-92	4	5260	6575	1787	117	0.704	4.189E-27	132	212	302	-5838	-5596	243	5880	5542
422973875	-1	344	1.004E-92	4	5260	6575	1790	113	0.609	4.984E-26	207	299	302	-5538	-5260	279	5538	5245
422988354	-1	322	4.212E-86	3	5251	6084	1780	75	0.577	5.854E-13	0	64	234	-6084	-5890	195	6159	5887
422988354	-1	322	4.212E-86	3	5251	6084	1787	121	0.730	2.433E-28	64	143	234	-5832	-5593	240	5880	5542
422988354	-1	322	4.212E-86	3	5251	6084	1790	127	0.686	5.606E-31	142	232	234	-5523	-5251	273	5538	5245
428771346	-1	269	3.793E-70	3	5263	6135	1780	74	0.545	1.104E-12	31	99	283	-6135	-5929	207	6159	5887
428771346	-1	269	3.793E-70	3	5263	6135	1787	105	0.655	5.521E-23	117	195	283	-5829	-5593	237	5880	5542
428771346	-1	269	3.793E-70	3	5263	6135	1790	109	0.614	8.610E-25	192	280	283	-5529	-5263	267	5538	5245
429316051	1	370	1.496E-100	3	9057	9964	213	209	0.965	3.796E-59	8	109	215	9057	9362	306	9012	9362
429316051	1	370	1.496E-100	3	9057	9964	224	100	0.718	7.470E-20	98	164	215	9558	9758	201	9450	10001
429316051	1	370	1.496E-100	3	9057	9964	223	73	0.698	3.754E-12	163	212	215	9815	9964	150	9713	9982
429575162	-1	349	3.138E-94	4	5260	6572	1766	46	0.579	2.539E-03	14	51	300	-6572	-6459	114	6623	6459
429575162	-1	349	3.138E-94	4	5260	6572	1780	80	0.541	1.303E-14	51	125	300	-6135	-5911	225	6159	5887
429575162	-1	349	3.138E-94	4	5260	6572	1787	121	0.697	1.293E-28	133	217	300	-5829	-5575	255	5880	5542
429575162	-1	349	3.138E-94	4	5260	6572	1790	118	0.638	8.134E-28	206	297	300	-5535	-5260	276	5538	5245
430443642	1	226	3.337E-57	3	27870	28459	660	140	0.713	2.622E-35	68	162	221	27870	28157	288	27864	28187
430443642	1	226	3.337E-57	3	27870	28459	662	33	0.673	7.136E+01	163	184	221	28226	28291	66	28148	28291
430443642	1	226	3.337E-57	3	27870	28459	665	51	0.719	2.248E-05	185	217	221	28361	28459	99	28331	28462
430921338	1	225	6.674E-57	3	20383	20966	479	134	0.685	6.553E-33	77	171	249	20383	20670	288	20377	20730
430921338	1	225	6.674E-57	3	20383	20966	480	32	0.685	8.405E+01	173	193	249	20736	20798	63	20682	20798
430921338	1	225	6.674E-57	3	20383	20966	483	57	0.807	9.867E-08	194	226	249	20868	20966	99	20838	20969
431653225	-1	353	1.961E-95	4	5260	6533	1766	48	0.866	5.128E-04	27	51	300	-6533	-6459	75	6623	6459
431653225	-1	353	1.961E-95	4	5260	6533	1780	78	0.499	6.360E-14	51	131	300	-6135	-5893	243	6159	5887
431653225	-1	353	1.961E-95	4	5260	6533	1787	122	0.699	9.421E-29	133	217	300	-5829	-5575	255	5880	5542
431653225	-1	353	1.961E-95	4	5260	6533	1790	114	0.619	1.928E-26	206	297	300	-5535	-5260	276	5538	5245
431860994	-1	102	7.097E-20	1	5266	5529	1790	102	0.586	2.572E-22	81	168	172	-5529	-5266	264	5538	5245
432178416	1	395	4.459E-108	3	9057	9979	213	218	1.000	3.633E-62	8	109	219	9057	9362	306	9012	9362
432178416	1	395	4.459E-108	3	9057	9979	224	110	0.784	2.193E-23	98	164	219	9558	9758	201	9450	10001
432178416	1	395	4.459E-108	3	9057	9979	223	79	0.693	2.348E-14	163	217	219	9815	9979	165	9713	9982
432548391	-1	259	3.885E-67	3	5593	6533	1766	40	0.742	1.634E-01	13	37	280	-6533	-6459	75	6623	6459
432548391	-1	259	3.885E-67	3	5593	6533	1780	98	0.596	8.325E-21	37	118	280	-6135	-5890	246	6159	5887
432548391	-1	259	3.885E-67	3	5593	6533	1787	120	0.736	3.338E-28	119	197	280	-5829	-5593	237	5880	5542
433343361	-1	676	1.148E-192	5	32672	35128	1095	134	0.449	4.045E-30	82	244	869	-35128	-34655	474	35506	34637
433343361	-1	676	1.148E-192	5	32672	35128	1104	186	0.603	2.512E-50	244	400	869	-34591	-34124	468	34591	34112
433343361	-1	676	1.148E-192	5	32672	35128	1109	55	0.432	3.952E-05	400	466	869	-34064	-33864	201	34250	33852
433343361	-1	676	1.148E-192	5	32672	35128	1118	49	0.387	3.474E-04	463	532	869	-33690	-33481	210	33723	33481
433343361	-1	676	1.148E-192	5	32672	35128	1137	252	0.533	3.163E-71	534	782	869	-33409	-32672	738	33430	32639
433380188	-1	1197	0.000E+00	6	32351	35320	1095	286	0.649	1.706E-82	13	207	825	-35320	-34655	666	35506	34637
433380188	-1	1197	0.000E+00	6	32351	35320	1104	209	0.665	2.838E-58	207	363	825	-34591	-34121	471	34591	34112
433380188	-1	1197	0.000E+00	6	32351	35320	1109	81	0.634	2.135E-14	365	427	825	-34055	-33867	189	34250	33852
433380188	-1	1197	0.000E+00	6	32351	35320	1118	74	0.625	9.620E-13	434	491	825	-33654	-33481	174	33723	33481
433380188	-1	1197	0.000E+00	6	32351	35320	1137	385	0.766	2.746E-117	492	737	825	-33412	-32675	738	33430	32639
433380188	-1	1197	0.000E+00	6	32351	35320	1141	162	0.875	2.858E-43	737	824	825	-32614	-32351	264	32635	32351
433646344	1	421	6.645E-116	3	9057	9976	213	219	1.000	1.408E-62	8	109	218	9057	9362	306	9012	9362
433646344	1	421	6.645E-116	3	9057	9976	224	108	0.773	7.674E-23	98	164	218	9558	9758	201	9450	10001
433646344	1	421	6.645E-116	3	9057	9976	223	106	0.917	1.024E-23	163	216	218	9815	9976	162	9713	9982
434815505	-1	286	2.894E-75	3	5272	6135	1780	87	0.544	5.947E-17	37	117	283	-6135	-5893	243	6159	5887
434815505	-1	286	2.894E-75	3	5272	6135	1787	103	0.601	2.683E-22	112	197	283	-5844	-5593	252	5880	5542
434815505	-1	286	2.894E-75	3	5272	6135	1790	107	0.601	7.899E-24	191	279	283	-5538	-5272	267	5538	5245
435067014	1	92	7.267E-17	1	25559	26104	607	92	0.316	4.241E-17	91	269	299	25559	26104	546	25553	26113
435157640	1	395	4.459E-108	3	9057	9958	213	213	0.981	1.611E-60	8	109	219	9057	9362	306	9012	9362
435157640	1	395	4.459E-108	3	9057	9958	224	108	0.768	1.435E-22	98	164	219	9558	9758	201	9450	10001
435157640	1	395	4.459E-108	3	9057	9958	223	86	0.843	7.800E-17	163	210	219	9815	9958	144	9713	9982
435557097	1	176	3.757E-42	2	20377	20966	479	136	0.644	1.349E-33	78	182	264	20377	20682	306	20377	20730
435557097	1	176	3.757E-42	2	20377	20966	483	53	0.750	3.305E-06	197	229	264	20868	20966	99	20838	20969
436051336	1	181	1.174E-43	2	20383	20969	479	143	0.685	3.325E-36	77	179	230	20383	20682	300	20377	20730
436051336	1	181	1.174E-43	2	20383	20969	483	51	0.711	1.186E-05	194	227	230	20868	20969	102	20838	20969
436470505	1	181	1.174E-43	2	20383	20966	479	139	0.667	1.076E-34	76	178	256	20383	20682	300	20377	20730
436470505	1	181	1.174E-43	2	20383	20966	483	55	0.771	9.214E-07	193	225	256	20868	20966	99	20838	20969
436558224	1	181	1.174E-43	2	20383	20966	479	145	0.732	1.288E-36	75	169	247	20383	20670	288	20377	20730
436558224	1	181	1.174E-43	2	20383	20966	483	57	0.797	1.868E-07	192	224	247	20868	20966	99	20838	20969
436627955	1	181	1.174E-43	2	27867	28459	660	141	0.670	1.393E-35	71	174	249	27867	28169	303	27864	28187
436627955	1	181	1.174E-43	2	27867	28459	665	53	0.755	2.402E-06	189	221	249	28361	28459	99	28331	28462
436854187	1	189	4.586E-46	2	27870	28459	660	145	0.679	8.087E-37	75	179	247	27870	28175	306	27864	28187
436854187	1	189	4.586E-46	2	27870	28459	665	55	0.771	9.214E-07	192	224	247	28361	28459	99	28331	28462
436894357	1	168	9.618E-40	2	20383	20966	479	137	0.699	5.226E-34	78	172	230	20383	20670	288	20377	20730
436894357	1	168	9.618E-40	2	20383	20966	483	52	0.735	8.619E-06	195	227	230	20868	20966	99	20838	20969
436912441	1	223	2.669E-56	3	20383	20966	479	138	0.701	3.810E-34	77	171	243	20383	20670	288	20377	20730
436912441	1	223	2.669E-56	3	20383	20966	480	32	0.685	8.405E+01	173	193	243	20736	20798	63	20682	20798
436912441	1	223	2.669E-56	3	20383	20966	483	51	0.719	2.248E-05	194	226	243	20868	20966	99	20838	20969
437031742	-1	332	4.113E-89	4	5251	6596	1766	48	0.498	5.128E-04	3	50	313	-6596	-6459	138	6623	6459
437031742	-1	332	4.113E-89	4	5251	6596	1780	76	0.533	4.263E-13	50	121	313	-6135	-5920	216	6159	5887
437031742	-1	332	4.113E-89	4	5251	6596	1787	119	0.683	1.182E-27	132	216	313	-5829	-5575	255	5880	5542
437031742	-1	332	4.113E-89	4	5251	6596	1790	104	0.567	7.247E-23	209	299	313	-5529	-5251	279	5538	5245
437047651	-1	286	2.894E-75	3	5260	6135	1780	85	0.533	1.539E-16	38	119	287	-6135	-5890	246	6159	5887
437047651	-1	286	2.894E-75	3	5260	6135	1787	106	0.661	2.138E-23	120	198	287	-5829	-5593	237	5880	5542
437047651	-1	286	2.894E-75	3	5260	6135	1790	99	0.550	3.239E-21	193	284	287	-5535	-5260	276	5538	5245
437066186	1	401	6.968E-110	3	9057	9979	213	216	0.994	1.286E-61	8	109	219	9057	9362	306	9012	9362
437066186	1	401	6.968E-110	3	9057	9979	224	109	0.779	4.103E-23	98	164	219	9558	9758	201	9450	10001
437066186	1	401	6.968E-110	3	9057	9979	223	88	0.764	1.598E-17	163	217	219	9815	9979	165	9713	9982
437079126	1	404	8.709E-111	3	9057	9979	213	212	0.974	5.701E-60	8	109	218	9057	9362	306	9012	9362
437079126	1	404	8.709E-111	3	9057	9979	224	108	0.771	1.049E-22	98	164	218	9558	9758	201	9450	10001
437079126	1	404	8.709E-111	3	9057	9979	223	96	0.825	2.822E-20	163	217	218	9815	9979	165	9713	9982
437098131	-1	319	3.369E-85	4	5260	6536	1766	34	0.610	2.787E+01	13	38	287	-6536	-6459	78	6623	6459
437098131	-1	319	3.369E-85	4	5260	6536	1780	81	0.512	3.666E-15	38	119	287	-6135	-5890	246	6159	5887
437098131	-1	319	3.369E-85	4	5260	6536	1787	108	0.628	8.281E-24	120	204	287	-5829	-5575	255	5880	5542
437098131	-1	319	3.369E-85	4	5260	6536	1790	105	0.576	3.847E-23	193	284	287	-5535	-5260	276	5538	5245
437109349	1	149	5.042E-34	2	25793	26369	607	91	0.466	7.906E-17	11	114	334	25793	26104	312	25553	26113
437109349	1	149	5.042E-34	2	25793	26369	612	63	0.399	2.473E-08	121	207	334	26118	26369	252	26070	26402
437122566	1	88	1.163E-15	1	25733	26104	607	88	0.398	9.536E-16	56	179	191	25733	26104	372	25553	26113
437129128	-1	185	7.338E-45	2	5329	5835	1787	102	0.819	6.929E-22	8	66	192	-5835	-5659	177	5880	5542
437129128	-1	185	7.338E-45	2	5329	5835	1790	83	0.642	1.939E-15	66	128	192	-5517	-5329	189	5538	5245
437166259	1	218	8.542E-55	1	9051	9359	213	218	0.992	3.633E-62	0	102	103	9051	9359	309	9012	9362
437187112	1	397	1.115E-108	3	9057	9973	213	214	0.983	1.174E-60	8	109	220	9057	9362	306	9012	9362
437187112	1	397	1.115E-108	3	9057	9973	224	102	0.731	1.566E-20	98	164	220	9558	9758	201	9450	10001
437187112	1	397	1.115E-108	3	9057	9973	223	93	0.827	3.563E-19	163	215	220	9815	9973	159	9713	9982
437190652	-1	238	8.146E-61	3	5593	6545	1766	43	0.668	2.388E-02	10	39	292	-6545	-6459	87	6623	6459
437190652	-1	238	8.146E-61	3	5593	6545	1780	85	0.534	2.902E-16	39	119	292	-6135	-5893	243	6159	5887
437190652	-1	238	8.146E-61	3	5593	6545	1787	109	0.671	1.704E-24	120	199	292	-5832	-5593	240	5880	5542
437193506	1	217	1.708E-54	1	9051	9359	213	217	0.987	9.375E-62	0	102	103	9051	9359	309	9012	9362
437197282	1	179	4.696E-43	2	9558	9973	224	101	0.726	2.925E-20	12	78	134	9558	9758	201	9450	10001
437197282	1	179	4.696E-43	2	9558	9973	223	79	0.712	3.224E-14	77	129	134	9815	9973	159	9713	9982
437291107	1	392	3.567E-107	3	9057	9973	213	217	0.996	9.375E-62	19	120	231	9057	9362	306	9012	9362
437291107	1	392	3.567E-107	3	9057	9973	224	104	0.748	1.754E-21	109	175	231	9558	9758	201	9450	10001
437291107	1	392	3.567E-107	3	9057	9973	223	83	0.744	1.353E-15	174	226	231	9815	9973	159	9713	9982
437322377	-1	306	2.760E-81	4	5260	6539	1766	35	0.610	1.062E+01	6	32	284	-6539	-6459	81	6623	6459
437322377	-1	306	2.760E-81	4	5260	6539	1780	67	0.484	3.328E-10	32	103	284	-6135	-5920	216	6159	5887
437322377	-1	306	2.760E-81	4	5260	6539	1787	105	0.599	5.521E-23	111	198	284	-5838	-5575	264	5880	5542
437322377	-1	306	2.760E-81	4	5260	6539	1790	111	0.626	3.331E-25	191	278	284	-5523	-5260	264	5538	5245
437360269	-1	401	6.968E-110	3	32672	34591	1104	192	0.617	4.159E-52	73	229	696	-34591	-34124	468	34591	34112
437360269	-1	401	6.968E-110	3	32672	34591	1109	55	0.437	3.952E-05	229	294	696	-34064	-33867	198	34250	33852
437360269	-1	401	6.968E-110	3	32672	34591	1137	224	0.492	1.526E-61	366	609	696	-33406	-32672	735	33430	32639
437361319	-1	54	1.998E-05	1	11238	11420	1662	54	0.461	4.648E-06	24	84	98	-11420	-11238	183	11435	11226
437362600	-1	55	9.988E-06	1	11238	11420	1662	55	0.464	3.379E-06	44	104	118	-11420	-11238	183	11435	11226
437362992	-1	53	3.995E-05	1	11238	11420	1662	53	0.456	8.791E-06	24	84	98	-11420	-11238	183	11435	11226
437366746	-1	689	1.401E-196	5	32351	35128	1095	141	0.485	2.117E-32	127	281	907	-35128	-34670	459	35506	34637
437366746	-1	689	1.401E-196	5	32351	35128	1104	183	0.598	3.134E-49	286	441	907	-34591	-34124	468	34591	34112
437366746	-1	689	1.401E-196	5	32351	35128	1118	53	0.488	2.727E-05	518	572	907	-33645	-33481	165	33723	33481
437366746	-1	689	1.401E-196	5	32351	35128	1137	263	0.555	6.527E-75	574	820	907	-33409	-32672	738	33430	32639
437366746	-1	689	1.401E-196	5	32351	35128	1141	125	0.694	3.249E-30	819	906	907	-32614	-32351	264	32635	32351
437377480	-1	351	7.845E-95	4	5263	6533	1766	43	0.790	1.734E-02	17	41	306	-6533	-6459	75	6623	6459
437377480	-1	351	7.845E-95	4	5263	6533	1780	93	0.570	5.123E-19	41	122	306	-6135	-5890	246	6159	5887
437377480	-1	351	7.845E-95	4	5263	6533	1787	113	0.596	1.358E-25	123	217	306	-5829	-5575	255	5880	5542
437377480	-1	351	7.845E-95	4	5263	6533	1790	109	0.614	8.610E-25	208	296	306	-5529	-5263	267	5538	5245
437396290	-1	340	1.607E-91	3	32351	34121	1109	68	0.429	1.285E-09	357	435	834	-34121	-33867	255	34250	33852
437396290	-1	340	1.607E-91	3	32351	34121	1137	213	0.463	9.965E-58	496	747	834	-33418	-32672	747	33430	32639
437396290	-1	340	1.607E-91	3	32351	34121	1141	119	0.664	5.147E-28	746	833	834	-32614	-32351	264	32635	32351
437402012	-1	394	8.918E-108	4	5257	6572	1766	46	0.542	1.339E-03	15	56	304	-6572	-6459	114	6623	6459
437402012	-1	394	8.918E-108	4	5257	6572	1780	92	0.567	7.033E-19	56	137	304	-6135	-5890	246	6159	5887
437402012	-1	394	8.918E-108	4	5257	6572	1787	122	0.736	9.421E-29	137	216	304	-5832	-5593	240	5880	5542
437402012	-1	394	8.918E-108	4	5257	6572	1790	136	0.724	7.284E-34	213	303	304	-5529	-5257	273	5538	5245
437422104	-1	435	4.056E-120	4	33490	35158	1095	134	0.432	5.508E-30	62	232	860	-35158	-34655	504	35506	34637
437422104	-1	435	4.056E-120	4	33490	35158	1104	201	0.643	1.562E-55	232	388	860	-34591	-34124	468	34591	34112
437422104	-1	435	4.056E-120	4	33490	35158	1109	61	0.486	1.940E-07	389	453	860	-34061	-33867	195	34250	33852
437422104	-1	435	4.056E-120	4	33490	35158	1118	47	0.448	3.221E-03	465	518	860	-33651	-33490	162	33723	33481
437425303	1	400	1.394E-109	3	9081	9976	213	202	1.000	1.121E-56	58	151	261	9081	9362	282	9012	9362
437425303	1	400	1.394E-109	3	9081	9976	224	108	0.768	1.435E-22	140	206	261	9558	9758	201	9450	10001
437425303	1	400	1.394E-109	3	9081	9976	223	102	0.888	1.773E-22	205	258	261	9815	9976	162	9713	9982
437496931	-1	355	4.903E-96	4	5251	6539	1766	38	0.593	1.545E+00	9	38	291	-6539	-6459	81	6623	6459
437496931	-1	355	4.903E-96	4	5251	6539	1780	97	0.594	1.143E-20	38	119	291	-6135	-5890	246	6159	5887
437496931	-1	355	4.903E-96	4	5251	6539	1787	109	0.610	3.207E-24	120	206	291	-5829	-5563	267	5880	5542
437496931	-1	355	4.903E-96	4	5251	6539	1790	120	0.634	2.293E-28	195	288	291	-5529	-5251	279	5538	5245
437543565	1	235	6.517E-60	3	27867	28462	660	151	0.754	5.132E-39	72	167	228	27867	28157	291	27864	28187
437543565	1	235	6.517E-60	3	27867	28462	662	33	0.710	5.168E+01	169	189	228	28229	28291	63	28148	28291
437543565	1	235	6.517E-60	3	27867	28462	665	49	0.676	1.112E-04	190	223	228	28361	28462	102	28331	28462
440521747	1	231	1.043E-58	3	20383	20966	479	143	0.725	4.561E-36	84	178	237	20383	20670	288	20377	20730
440521747	1	231	1.043E-58	3	20383	20966	480	34	0.697	1.675E+01	179	200	237	20733	20798	66	20682	20798
440521747	1	231	1.043E-58	3	20383	20966	483	52	0.740	6.262E-06	201	233	237	20868	20966	99	20838	20969
443221827	-1	437	1.014E-120	4	33496	35170	1095	132	0.426	1.390E-29	75	247	875	-35170	-34655	516	35506	34637
443221827	-1	437	1.014E-120	4	33496	35170	1104	195	0.649	3.334E-53	254	403	875	-34570	-34124	447	34591	34112
443221827	-1	437	1.014E-120	4	33496	35170	1109	66	0.515	6.169E-09	404	468	875	-34061	-33867	195	34250	33852
443221827	-1	437	1.014E-120	4	33496	35170	1118	48	0.401	9.021E-04	467	531	875	-33684	-33496	189	33723	33481
443733805	1	399	2.787E-109	3	9057	9976	213	216	0.994	1.286E-61	8	109	219	9057	9362	306	9012	9362
443733805	1	399	2.787E-109	3	9057	9976	224	108	0.768	1.435E-22	98	164	219	9558	9758	201	9450	10001
443733805	1	399	2.787E-109	3	9057	9976	223	87	0.767	4.137E-17	163	216	219	9815	9976	162	9713	9982
444131250	-1	402	3.484E-110	3	32672	34591	1104	185	0.599	8.873E-50	272	428	893	-34591	-34124	468	34591	34112
444131250	-1	402	3.484E-110	3	32672	34591	1109	63	0.466	7.580E-08	428	497	893	-34064	-33855	210	34250	33852
444131250	-1	402	3.484E-110	3	32672	34591	1137	218	0.478	1.689E-59	563	806	893	-33412	-32672	741	33430	32639
444396683	-1	492	2.814E-137	4	32351	34570	1104	173	0.588	1.142E-45	261	410	873	-34570	-34124	447	34591	34112
444396683	-1	492	2.814E-137	4	32351	34570	1109	65	0.492	1.155E-08	412	479	873	-34058	-33855	204	34250	33852
444396683	-1	492	2.814E-137	4	32351	34570	1137	194	0.436	6.367E-51	544	786	873	-33412	-32672	741	33430	32639
444396683	-1	492	2.814E-137	4	32351	34570	1141	122	0.679	4.089E-29	785	872	873	-32614	-32351	264	32635	32351
444973587	1	401	6.968E-110	3	9057	9982	213	217	0.996	9.375E-62	8	109	219	9057	9362	306	9012	9362
444973587	1	401	6.968E-110	3	9057	9982	224	105	0.753	9.382E-22	98	164	219	9558	9758	201	9450	10001
444973587	1	401	6.968E-110	3	9057	9982	223	91	0.776	1.266E-18	163	218	219	9815	9982	168	9713	9982
445002207	-1	352	3.922E-95	4	5254	6533	1766	39	0.714	5.896E-01	16	40	293	-6533	-6459	75	6623	6459
445002207	-1	352	3.922E-95	4	5254	6533	1780	91	0.563	1.326E-18	40	121	293	-6135	-5890	246	6159	5887
445002207	-1	352	3.922E-95	4	5254	6533	1787	107	0.603	1.136E-23	122	208	293	-5829	-5563	267	5880	5542
445002207	-1	352	3.922E-95	4	5254	6533	1790	124	0.657	9.677E-30	197	289	293	-5529	-5254	276	5538	5245
445816083	-1	236	3.259E-60	3	5593	6533	1766	41	0.755	8.605E-02	16	40	293	-6533	-6459	75	6623	6459
445816083	-1	236	3.259E-60	3	5593	6533	1780	85	0.538	1.539E-16	40	120	293	-6135	-5893	243	6159	5887
445816083	-1	236	3.259E-60	3	5593	6533	1787	109	0.671	1.704E-24	121	200	293	-5832	-5593	240	5880	5542
446093774	1	392	3.567E-107	3	9057	9958	213	215	0.988	4.551E-61	8	109	219	9057	9362	306	9012	9362
446093774	1	392	3.567E-107	3	9057	9958	224	104	0.746	2.398E-21	98	164	219	9558	9758	201	9450	10001
446093774	1	392	3.567E-107	3	9057	9958	223	85	0.829	2.772E-16	163	210	219	9815	9958	144	9713	9982
446206635	1	394	8.918E-108	3	9057	9958	213	214	0.986	6.242E-61	8	109	219	9057	9362	306	9012	9362
446206635	1	394	8.918E-108	3	9057	9958	224	104	0.748	1.754E-21	98	164	219	9558	9758	201	9450	10001
446206635	1	394	8.918E-108	3	9057	9958	223	88	0.861	1.598E-17	163	210	219	9815	9958	144	9713	9982
446749754	-1	539	2.000E-151	4	32672	34966	1095	104	0.520	3.952E-20	0	103	725	-34966	-34655	312	35506	34637
446749754	-1	539	2.000E-151	4	32672	34966	1104	197	0.631	6.884E-54	103	259	725	-34591	-34124	468	34591	34112
446749754	-1	539	2.000E-151	4	32672	34966	1109	62	0.486	1.037E-07	259	324	725	-34064	-33867	198	34250	33852
446749754	-1	539	2.000E-151	4	32672	34966	1137	247	0.534	2.573E-69	398	638	725	-33400	-32672	729	33430	32639
447087715	-1	236	3.259E-60	3	5593	6581	1766	39	0.474	5.896E-01	52	89	342	-6581	-6459	123	6623	6459
447087715	-1	236	3.259E-60	3	5593	6581	1780	89	0.549	1.219E-17	89	170	342	-6135	-5890	246	6159	5887
447087715	-1	236	3.259E-60	3	5593	6581	1787	107	0.666	1.136E-23	171	249	342	-5829	-5593	237	5880	5542
447209071	-1	268	7.587E-70	3	5542	6542	1766	43	0.715	1.734E-02	29	56	307	-6542	-6459	84	6623	6459
447209071	-1	268	7.587E-70	3	5542	6542	1780	101	0.614	4.807E-22	56	137	307	-6135	-5890	246	6159	5887
447209071	-1	268	7.587E-70	3	5542	6542	1787	124	0.636	1.413E-29	137	232	307	-5832	-5542	291	5880	5542
448658249	1	399	2.787E-109	3	9057	9976	213	216	0.994	1.286E-61	8	109	219	9057	9362	306	9012	9362
448658249	1	399	2.787E-109	3	9057	9976	224	108	0.768	1.435E-22	98	164	219	9558	9758	201	9450	10001
448658249	1	399	2.787E-109	3	9057	9976	223	87	0.770	3.013E-17	163	216	219	9815	9976	162	9713	9982
449450474	1	434	8.111E-120	3	9057	9979	213	220	1.000	5.457E-63	8	109	219	9057	9362	306	9012	9362
449450474	1	434	8.111E-120	3	9057	9979	224	111	0.791	8.572E-24	98	164	219	9558	9758	201	9450	10001
449450474	1	434	8.111E-120	3	9057	9979	223	115	0.975	5.114E-27	163	217	219	9815	9979	165	9713	9982
449477998	-1	345	5.021E-93	4	5260	6590	1766	48	0.533	5.128E-04	6	49	301	-6590	-6459	132	6623	6459
449477998	-1	345	5.021E-93	4	5260	6590	1780	91	0.606	1.326E-18	49	123	301	-6135	-5911	225	6159	5887
449477998	-1	345	5.021E-93	4	5260	6590	1787	113	0.658	7.212E-26	131	215	301	-5829	-5575	255	5880	5542
449477998	-1	345	5.021E-93	4	5260	6590	1790	109	0.598	8.610E-25	204	295	301	-5535	-5260	276	5538	5245
449530342	1	390	1.427E-106	3	9057	9973	213	209	0.965	3.796E-59	8	109	218	9057	9362	306	9012	9362
449530342	1	390	1.427E-106	3	9057	9973	224	108	0.768	1.435E-22	98	164	218	9558	9758	201	9450	10001
449530342	1	390	1.427E-106	3	9057	9973	223	85	0.760	2.772E-16	163	215	218	9815	9973	159	9713	9982
449629940	-1	315	5.391E-84	4	5263	6575	1766	44	0.554	6.633E-03	0	38	287	-6575	-6459	117	6623	6459
449629940	-1	315	5.391E-84	4	5263	6575	1780	77	0.492	1.647E-13	38	118	287	-6135	-5893	243	6159	5887
449629940	-1	315	5.391E-84	4	5263	6575	1787	102	0.603	5.050E-22	120	204	287	-5829	-5575	255	5880	5542
449629940	-1	315	5.391E-84	4	5263	6575	1790	99	0.563	4.446E-21	195	283	287	-5529	-5263	267	5538	5245
450080619	1	414	8.505E-114	3	9057	9976	213	219	1.000	1.408E-62	8	109	218	9057	9362	306	9012	9362
450080619	1	414	8.505E-114	3	9057	9976	224	111	0.794	6.267E-24	98	164	218	9558	9758	201	9450	10001
450080619	1	414	8.505E-114	3	9057	9976	223	96	0.842	2.056E-20	163	216	218	9815	9976	162	9713	9982
450382260	-1	562	2.384E-158	4	32672	35116	1095	151	0.510	6.734E-36	131	286	909	-35116	-34655	462	35506	34637
450382260	-1	562	2.384E-158	4	32672	35116	1104	202	0.641	1.139E-55	286	443	909	-34591	-34124	468	34591	34112
450382260	-1	562	2.384E-158	4	32672	35116	1109	58	0.458	3.245E-06	443	508	909	-34064	-33867	198	34250	33852
450382260	-1	562	2.384E-158	4	32672	35116	1137	226	0.505	5.951E-62	586	822	909	-33385	-32672	714	33430	32639
450600955	1	396	2.230E-108	3	9057	9979	213	214	0.986	6.242E-61	8	109	220	9057	9362	306	9012	9362
450600955	1	396	2.230E-108	3	9057	9979	224	109	0.779	4.103E-23	98	164	220	9558	9758	201	9450	10001
450600955	1	396	2.230E-108	3	9057	9979	223	85	0.739	2.019E-16	163	217	220	9815	9979	165	9713	9982
450635373	-1	668	2.938E-190	5	32672	35128	1095	133	0.447	7.499E-30	82	244	869	-35128	-34655	474	35506	34637
450635373	-1	668	2.938E-190	5	32672	35128	1104	183	0.593	4.296E-49	244	400	869	-34591	-34124	468	34591	34112
450635373	-1	668	2.938E-190	5	32672	35128	1109	55	0.435	2.892E-05	400	466	869	-34064	-33864	201	34250	33852
450635373	-1	668	2.938E-190	5	32672	35128	1118	51	0.489	9.733E-05	478	530	869	-33645	-33487	159	33723	33481
450635373	-1	668	2.938E-190	5	32672	35128	1137	256	0.539	1.870E-72	534	782	869	-33409	-32672	738	33430	32639
450792520	-1	339	3.213E-91	4	5260	6575	1766	45	0.530	3.497E-03	12	53	302	-6575	-6459	117	6623	6459
450792520	-1	339	3.213E-91	4	5260	6575	1780	74	0.505	2.081E-12	53	127	302	-6135	-5911	225	6159	5887
450792520	-1	339	3.213E-91	4	5260	6575	1787	116	0.699	7.884E-27	132	212	302	-5838	-5596	243	5880	5542
450792520	-1	339	3.213E-91	4	5260	6575	1790	111	0.600	2.427E-25	207	299	302	-5538	-5260	279	5538	5245
451055598	1	191	1.147E-46	2	20383	20969	479	151	0.714	1.124E-38	77	179	232	20383	20682	300	20377	20730
451055598	1	191	1.147E-46	2	20383	20969	483	53	0.731	3.305E-06	194	227	232	20868	20969	102	20838	20969
451137033	1	175	7.514E-42	2	27870	28291	660	141	0.718	1.015E-35	68	162	221	27870	28157	288	27864	28187
451137033	1	175	7.514E-42	2	27870	28291	662	33	0.710	5.168E+01	164	184	221	28229	28291	63	28148	28291
451146901	1	170	2.404E-40	2	27870	28459	660	141	0.718	1.015E-35	73	167	225	27870	28157	288	27864	28187
451146901	1	170	2.404E-40	2	27870	28459	665	50	0.714	3.095E-05	190	222	225	28361	28459	99	28331	28462
451164267	1	181	1.174E-43	2	27870	28459	660	145	0.732	8.087E-37	73	167	245	27870	28157	288	27864	28187
451164267	1	181	1.174E-43	2	27870	28459	665	57	0.802	1.357E-07	190	222	245	28361	28459	99	28331	28462
451219933	1	183	2.935E-44	3	20006	28291	465	37	0.663	5.515E-01	7	32	234	20006	20080	75	19997	20086
451219933	1	183	2.935E-44	3	20006	28291	660	145	0.729	4.296E-37	70	166	234	27867	28157	291	27864	28187
451219933	1	183	2.935E-44	3	20006	28291	662	36	0.744	3.929E+00	167	188	234	28226	28291	66	28148	28291
451233946	1	189	4.586E-46	2	27870	28459	660	143	0.693	3.931E-36	70	170	242	27870	28166	297	27864	28187
451233946	1	189	4.586E-46	2	27870	28459	665	49	0.698	8.076E-05	175	207	242	28361	28459	99	28331	28462
451248408	1	179	4.696E-43	2	27867	28459	660	146	0.731	3.132E-37	74	169	238	27867	28157	291	27864	28187
451248408	1	179	4.696E-43	2	27867	28459	665	54	0.760	1.745E-06	192	224	238	28361	28459	99	28331	28462
451262557	1	210	2.187E-52	3	27870	28462	660	134	0.655	5.672E-33	73	173	232	27870	28169	300	27864	28187
451262557	1	210	2.187E-52	3	27870	28462	662	33	0.767	7.136E+01	166	184	232	28226	28282	57	28148	28291
451262557	1	210	2.187E-52	3	27870	28462	665	52	0.721	6.262E-06	188	221	232	28361	28462	102	28331	28462
451492189	1	182	5.870E-44	2	27870	28459	660	146	0.696	2.283E-37	75	177	233	27870	28169	300	27864	28187
451492189	1	182	5.870E-44	2	27870	28459	665	49	0.704	5.866E-05	192	224	233	28361	28459	99	28331	28462
451558012	-1	232	5.214E-59	3	5575	6533	1766	36	0.659	7.700E+00	27	51	304	-6533	-6459	75	6623	6459
451558012	-1	232	5.214E-59	3	5575	6533	1780	87	0.546	4.332E-17	51	131	304	-6135	-5893	243	6159	5887
451558012	-1	232	5.214E-59	3	5575	6533	1787	108	0.626	4.399E-24	132	217	304	-5832	-5575	258	5880	5542
451574037	1	397	1.115E-108	3	9057	9958	213	213	0.981	1.611E-60	8	109	219	9057	9362	306	9012	9362
451574037	1	397	1.115E-108	3	9057	9958	224	108	0.768	1.435E-22	98	164	219	9558	9758	201	9450	10001
451574037	1	397	1.115E-108	3	9057	9958	223	88	0.861	1.598E-17	163	210	219	9815	9958	144	9713	9982
451575052	1	187	1.834E-45	2	27867	28291	660	153	0.764	7.696E-40	68	163	225	27867	28157	291	27864	28187
451575052	1	187	1.834E-45	2	27867	28291	662	33	0.710	5.168E+01	165	185	225	28229	28291	63	28148	28291
451589322	1	410	1.361E-112	3	9057	9976	213	219	1.000	1.931E-62	8	109	219	9057	9362	306	9012	9362
451589322	1	410	1.361E-112	3	9057	9976	224	108	0.768	1.435E-22	98	164	219	9558	9758	201	9450	10001
451589322	1	410	1.361E-112	3	9057	9976	223	95	0.829	7.304E-20	163	216	219	9815	9976	162	9713	9982
451621453	1	218	8.542E-55	1	9051	9359	213	218	0.990	4.983E-62	0	102	103	9051	9359	309	9012	9362
451639817	-1	271	9.484E-71	3	5254	6081	1780	55	0.455	6.205E-06	2	64	237	-6081	-5893	189	6159	5887
451639817	-1	271	9.484E-71	3	5254	6081	1787	109	0.667	3.207E-24	65	144	237	-5832	-5593	240	5880	5542
451639817	-1	271	9.484E-71	3	5254	6081	1790	107	0.590	7.899E-24	143	233	237	-5523	-5254	270	5538	5245
451677941	1	220	2.136E-55	1	9051	9362	213	220	0.991	7.485E-63	0	103	104	9051	9362	312	9012	9362
451679088	-1	203	2.799E-50	2	5260	5829	1787	110	0.642	9.052E-25	114	198	283	-5829	-5575	255	5880	5542
451679088	-1	203	2.799E-50	2	5260	5829	1790	104	0.574	5.280E-23	187	278	283	-5535	-5260	276	5538	5245
451686449	-1	954	2.363E-276	6	32351	35149	1095	195	0.601	4.788E-51	172	336	961	-35149	-34655	495	35506	34637
451686449	-1	954	2.363E-276	6	32351	35149	1104	178	0.580	2.593E-47	336	492	961	-34591	-34124	468	34591	34112
451686449	-1	954	2.363E-276	6	32351	35149	1109	68	0.539	6.856E-10	495	558	961	-34055	-33864	192	34250	33852
451686449	-1	954	2.363E-276	6	32351	35149	1118	56	0.508	1.559E-06	570	625	961	-33645	-33487	159	33723	33481
451686449	-1	954	2.363E-276	6	32351	35149	1137	330	0.669	3.863E-98	628	874	961	-33412	-32672	741	33430	32639
451686449	-1	954	2.363E-276	6	32351	35149	1141	137	0.751	2.442E-34	873	960	961	-32614	-32351	264	32635	32351
451689558	1	122	6.768E-26	1	17004	17465	398	122	0.425	2.726E-27	11	169	174	17004	17465	462	16893	17477
451719226	1	368	5.985E-100	3	9057	9967	213	213	0.978	3.030E-60	8	109	215	9057	9362	306	9012	9362
451719226	1	368	5.985E-100	3	9057	9967	224	100	0.625	7.470E-20	96	170	215	9552	9788	237	9450	10001
451719226	1	368	5.985E-100	3	9057	9967	223	75	0.706	5.597E-13	163	213	215	9815	9967	153	9713	9982
451732382	-1	193	2.866E-47	2	5593	6132	1780	83	0.529	1.416E-15	1	80	253	-6132	-5893	240	6159	5887
451732382	-1	193	2.866E-47	2	5593	6132	1787	109	0.671	1.704E-24	81	160	253	-5832	-5593	240	5880	5542
451733460	1	389	2.854E-106	3	9057	9973	213	212	0.974	5.701E-60	8	109	220	9057	9362	306	9012	9362
451733460	1	389	2.854E-106	3	9057	9973	224	98	0.711	1.907E-19	98	164	220	9558	9758	201	9450	10001
451733460	1	389	2.854E-106	3	9057	9973	223	91	0.814	1.266E-18	163	215	220	9815	9973	159	9713	9982
451733501	1	395	4.459E-108	3	9057	9973	213	214	0.983	1.174E-60	8	109	220	9057	9362	306	9012	9362
451733501	1	395	4.459E-108	3	9057	9973	224	102	0.731	1.566E-20	98	164	220	9558	9758	201	9450	10001
451733501	1	395	4.459E-108	3	9057	9973	223	91	0.814	1.266E-18	163	215	220	9815	9973	159	9713	9982
451741670	1	199	4.479E-49	2	9558	9973	224	106	0.761	3.670E-22	10	76	132	9558	9758	201	9450	10001
451741670	1	199	4.479E-49	2	9558	9973	223	94	0.833	1.890E-19	75	127	132	9815	9973	159	9713	9982
451744163	1	375	4.676E-102	3	9057	9973	213	204	0.942	3.167E-57	8	109	220	9057	9362	306	9012	9362
451744163	1	375	4.676E-102	3	9057	9973	224	99	0.716	1.021E-19	98	164	220	9558	9758	201	9450	10001
451744163	1	375	4.676E-102	3	9057	9973	223	84	0.754	5.227E-16	163	215	220	9815	9973	159	9713	9982
451770899	-1	572	2.328E-161	4	32351	35140	1095	136	0.459	6.344E-31	103	263	888	-35140	-34658	483	35506	34637
451770899	-1	572	2.328E-161	4	32351	35140	1104	185	0.626	6.472E-50	271	419	888	-34570	-34124	447	34591	34112
451770899	-1	572	2.328E-161	4	32351	35140	1137	265	0.555	9.899E-76	553	801	888	-33409	-32672	738	33430	32639
451770899	-1	572	2.328E-161	4	32351	35140	1141	124	0.690	6.119E-30	800	887	888	-32614	-32351	264	32635	32351
451796370	-1	137	2.065E-30	3	9588	9957	1694	44	0.685	3.737E-03	12	41	116	-9957	-9868	90	9981	9868
451796370	-1	137	2.065E-30	3	9588	9957	1697	31	0.894	5.291E+01	44	58	116	-9861	-9817	45	9864	9817
451796370	-1	137	2.065E-30	3	9588	9957	1702	64	0.614	9.960E-10	57	107	116	-9740	-9588	153	9767	9588
451803887	1	216	3.417E-54	1	9051	9359	213	216	0.984	1.764E-61	0	102	103	9051	9359	309	9012	9362
451808588	-1	400	1.394E-109	4	5251	6575	1766	49	0.606	1.427E-04	18	56	307	-6575	-6459	117	6623	6459
451808588	-1	400	1.394E-109	4	5251	6575	1780	102	0.621	1.858E-22	56	137	307	-6135	-5890	246	6159	5887
451808588	-1	400	1.394E-109	4	5251	6575	1787	121	0.734	1.293E-28	137	216	307	-5832	-5593	240	5880	5542
451808588	-1	400	1.394E-109	4	5251	6575	1790	128	0.690	2.977E-31	215	305	307	-5523	-5251	273	5538	5245
451903035	-1	55	9.988E-06	1	11238	11420	1662	55	0.464	3.379E-06	28	88	102	-11420	-11238	183	11435	11226
451903650	-1	53	3.995E-05	1	11238	11420	1662	53	0.450	1.663E-05	24	84	98	-11420	-11238	183	11435	11226
451904175	-1	51	1.598E-04	1	11238	11420	1662	51	0.437	8.188E-05	24	84	91	-11420	-11238	183	11435	11226
451921861	1	191	1.147E-46	2	9585	9973	224	101	0.825	2.140E-20	6	63	172	9585	9758	174	9450	10001
451921861	1	191	1.147E-46	2	9585	9973	223	91	0.811	1.738E-18	62	114	172	9815	9973	159	9713	9982
451926679	1	165	7.694E-39	2	9558	9973	224	100	0.643	3.999E-20	98	170	216	9558	9788	231	9450	10001
451926679	1	165	7.694E-39	2	9558	9973	223	72	0.658	7.079E-12	163	215	216	9815	9973	159	9713	9982
451937921	-1	349	3.138E-94	3	32351	34121	1109	67	0.425	2.406E-09	357	435	834	-34121	-33867	255	34250	33852
451937921	-1	349	3.138E-94	3	32351	34121	1137	223	0.478	5.353E-61	496	747	834	-33418	-32672	747	33430	32639
451937921	-1	349	3.138E-94	3	32351	34121	1141	119	0.664	5.147E-28	746	833	834	-32614	-32351	264	32635	32351
451937925	-1	291	9.044E-77	2	32672	34591	1104	173	0.568	8.329E-46	141	297	746	-34591	-34124	468	34591	34112
451937925	-1	291	9.044E-77	2	32672	34591	1137	249	0.527	5.348E-70	430	678	746	-33409	-32672	738	33430	32639
451938012	-1	288	7.235E-76	2	32675	34591	1104	173	0.568	8.329E-46	141	297	746	-34591	-34124	468	34591	34112
451938012	-1	288	7.235E-76	2	32675	34591	1137	246	0.523	6.602E-69	430	677	746	-33409	-32675	735	33430	32639
451955632	-1	399	2.787E-109	4	5251	6548	1766	48	0.742	3.724E-04	20	49	300	-6548	-6459	90	6623	6459
451955632	-1	399	2.787E-109	4	5251	6548	1780	101	0.614	4.807E-22	49	130	300	-6135	-5890	246	6159	5887
451955632	-1	399	2.787E-109	4	5251	6548	1787	121	0.730	2.433E-28	130	209	300	-5832	-5593	240	5880	5542
451955632	-1	399	2.787E-109	4	5251	6548	1790	129	0.695	1.152E-31	208	298	300	-5523	-5251	273	5538	5245
451955700	-1	349	3.138E-94	3	32672	34570	1104	173	0.590	1.565E-45	250	398	863	-34570	-34124	447	34591	34112
451955700	-1	349	3.138E-94	3	32672	34570	1109	62	0.507	1.418E-07	402	463	863	-34052	-33867	186	34250	33852
451955700	-1	349	3.138E-94	3	32672	34570	1137	186	0.426	1.783E-48	535	776	863	-33406	-32672	735	33430	32639
451963020	-1	175	7.514E-42	4	32351	34591	1104	178	0.578	1.892E-47	29	186	617	-34591	-34124	468	34591	34112
451963020	-1	175	7.514E-42	4	32351	34591	1109	60	0.470	6.789E-07	186	251	617	-34064	-33867	198	34250	33852
451963020	-1	175	7.514E-42	4	32351	34591	1118	40	0.441	9.891E-01	267	312	617	-33645	-33508	138	33723	33481
451963020	-1	175	7.514E-42	4	32351	34591	1141	125	0.696	2.367E-30	529	616	617	-32614	-32351	264	32635	32351
451983273	-1	349	3.138E-94	4	5263	6533	1766	43	0.790	1.734E-02	17	41	310	-6533	-6459	75	6623	6459
451983273	-1	349	3.138E-94	4	5263	6533	1780	93	0.570	5.123E-19	41	122	310	-6135	-5890	246	6159	5887
451983273	-1	349	3.138E-94	4	5263	6533	1787	111	0.570	4.809E-25	123	221	310	-5829	-5575	255	5880	5542
451983273	-1	349	3.138E-94	4	5263	6533	1790	109	0.614	8.610E-25	212	300	310	-5529	-5263	267	5538	5245
451986813	-1	312	4.313E-83	4	5293	6557	1766	42	0.605	4.533E-02	21	53	287	-6557	-6459	99	6623	6459
451986813	-1	312	4.313E-83	4	5293	6557	1780	77	0.523	1.647E-13	53	127	287	-6135	-5911	225	6159	5887
451986813	-1	312	4.313E-83	4	5293	6557	1787	110	0.690	9.052E-25	132	209	287	-5838	-5605	234	5880	5542
451986813	-1	312	4.313E-83	4	5293	6557	1790	92	0.615	1.329E-18	202	275	287	-5514	-5293	222	5538	5245
452013209	1	218	8.542E-55	1	9051	9359	213	218	0.994	2.649E-62	0	102	103	9051	9359	309	9012	9362
452071270	-1	786	8.842E-226	6	32351	35128	1095	134	0.448	5.508E-30	87	249	874	-35128	-34655	474	35506	34637
452071270	-1	786	8.842E-226	6	32351	35128	1104	187	0.605	1.337E-50	249	405	874	-34591	-34124	468	34591	34112
452071270	-1	786	8.842E-226	6	32351	35128	1109	52	0.415	3.508E-04	405	471	874	-34064	-33864	201	34250	33852
452071270	-1	786	8.842E-226	6	32351	35128	1118	47	0.442	3.221E-03	483	537	874	-33645	-33481	165	33723	33481
452071270	-1	786	8.842E-226	6	32351	35128	1137	254	0.535	1.232E-71	539	787	874	-33409	-32672	738	33430	32639
452071270	-1	786	8.842E-226	6	32351	35128	1141	119	0.668	2.732E-28	786	873	874	-32614	-32351	264	32635	32351
452091901	1	396	2.230E-108	3	9057	9958	213	218	1.000	2.649E-62	8	109	218	9057	9362	306	9012	9362
452091901	1	396	2.230E-108	3	9057	9958	224	106	0.758	5.018E-22	98	164	218	9558	9758	201	9450	10001
452091901	1	396	2.230E-108	3	9057	9958	223	84	0.822	5.227E-16	163	210	218	9815	9958	144	9713	9982
458006090	1	406	2.177E-111	3	9057	9979	213	217	0.997	6.835E-62	8	109	219	9057	9362	306	9012	9362
458006090	1	406	2.177E-111	3	9057	9979	224	108	0.768	1.435E-22	98	164	219	9558	9758	201	9450	10001
458006090	1	406	2.177E-111	3	9057	9979	223	93	0.801	3.563E-19	163	217	219	9815	9979	165	9713	9982
459065026	1	388	5.708E-106	3	9057	9958	213	215	0.988	4.551E-61	8	109	218	9057	9362	306	9012	9362
459065026	1	388	5.708E-106	3	9057	9958	224	103	0.738	6.128E-21	98	164	218	9558	9758	201	9450	10001
459065026	1	388	5.708E-106	3	9057	9958	223	82	0.808	1.858E-15	163	210	218	9815	9958	144	9713	9982
459292157	-1	617	6.616E-175	5	32831	35128	1095	136	0.464	1.177E-30	72	227	734	-35128	-34655	474	35506	34637
459292157	-1	617	6.616E-175	5	32831	35128	1104	185	0.600	6.472E-50	227	383	734	-34591	-34124	468	34591	34112
459292157	-1	617	6.616E-175	5	32831	35128	1109	56	0.428	1.133E-05	383	452	734	-34064	-33855	210	34250	33852
459292157	-1	617	6.616E-175	5	32831	35128	1118	52	0.482	5.152E-05	461	515	734	-33645	-33481	165	33723	33481
459292157	-1	617	6.616E-175	5	32831	35128	1137	192	0.523	2.228E-50	517	708	734	-33409	-32831	579	33430	32639
460108487	1	390	1.427E-106	3	9057	9958	213	219	1.000	1.408E-62	8	109	219	9057	9362	306	9012	9362
460108487	1	390	1.427E-106	3	9057	9958	224	109	0.781	3.000E-23	98	164	219	9558	9758	201	9450	10001
460108487	1	390	1.427E-106	3	9057	9958	223	74	0.737	1.056E-12	163	210	219	9815	9958	144	9713	9982
460541870	1	378	5.845E-103	3	9057	9973	213	207	0.955	2.528E-58	8	109	220	9057	9362	306	9012	9362
460541870	1	378	5.845E-103	3	9057	9973	224	104	0.746	2.398E-21	98	164	220	9558	9758	201	9450	10001
460541870	1	378	5.845E-103	3	9057	9973	223	79	0.715	2.348E-14	163	215	220	9815	9973	159	9713	9982
460939399	-1	106	4.435E-21	2	5257	6135	1780	78	0.474	8.733E-14	68	153	324	-6135	-5893	243	6159	5887
460939399	-1	106	4.435E-21	2	5257	6135	1790	103	0.574	1.365E-22	230	320	324	-5529	-5257	273	5538	5245
461762769	-1	294	1.131E-77	3	5251	6135	1780	81	0.513	6.911E-15	34	114	296	-6135	-5893	243	6159	5887
461762769	-1	294	1.131E-77	3	5251	6135	1787	108	0.632	4.399E-24	116	200	296	-5829	-5575	255	5880	5542
461762769	-1	294	1.131E-77	3	5251	6135	1790	115	0.605	1.405E-26	189	283	296	-5535	-5251	285	5538	5245
461864476	1	220	2.136E-55	2	9057	9955	213	203	0.938	5.958E-57	8	109	216	9057	9362	306	9012	9362
461864476	1	220	2.136E-55	2	9057	9955	223	69	0.700	8.955E-11	163	209	216	9815	9955	141	9713	9982
462188626	-1	346	2.510E-93	4	5260	6572	1766	46	0.588	1.339E-03	14	51	300	-6572	-6459	114	6623	6459
462188626	-1	346	2.510E-93	4	5260	6572	1780	83	0.561	7.511E-16	51	125	300	-6135	-5911	225	6159	5887
462188626	-1	346	2.510E-93	4	5260	6572	1787	119	0.687	6.282E-28	133	217	300	-5829	-5575	255	5880	5542
462188626	-1	346	2.510E-93	4	5260	6572	1790	114	0.619	1.928E-26	206	297	300	-5535	-5260	276	5538	5245
462240391	-1	191	1.147E-46	2	5269	5817	1787	100	0.653	4.620E-21	119	193	278	-5817	-5593	225	5880	5542
462240391	-1	191	1.147E-46	2	5269	5817	1790	92	0.551	9.685E-19	192	276	278	-5523	-5269	255	5538	5245
462481388	-1	309	3.450E-82	4	5263	6530	1766	33	0.639	5.306E+01	8	31	283	-6530	-6459	72	6623	6459
462481388	-1	309	3.450E-82	4	5263	6530	1780	69	0.481	6.814E-11	31	105	283	-6135	-5911	225	6159	5887
462481388	-1	309	3.450E-82	4	5263	6530	1787	105	0.603	7.575E-23	109	195	283	-5850	-5593	258	5880	5542
462481388	-1	309	3.450E-82	4	5263	6530	1790	106	0.599	1.084E-23	192	280	283	-5529	-5263	267	5538	5245
462557357	-1	278	7.409E-73	5	32351	35143	1095	130	0.426	1.203E-28	142	310	936	-35143	-34643	501	35506	34637
462557357	-1	278	7.409E-73	5	32351	35143	1104	177	0.575	4.873E-47	306	463	936	-34591	-34124	468	34591	34112
462557357	-1	278	7.409E-73	5	32351	35143	1109	61	0.478	2.654E-07	463	528	936	-34064	-33867	198	34250	33852
462557357	-1	278	7.409E-73	5	32351	35143	1118	49	0.470	6.563E-04	544	596	936	-33645	-33487	159	33723	33481
462557357	-1	278	7.409E-73	5	32351	35143	1141	127	0.704	6.673E-31	848	935	936	-32614	-32351	264	32635	32351
462590814	-1	582	2.273E-164	4	32351	35158	1095	146	0.457	2.778E-34	53	226	851	-35158	-34652	507	35506	34637
462590814	-1	582	2.273E-164	4	32351	35158	1104	192	0.632	2.213E-52	230	382	851	-34579	-34124	456	34591	34112
462590814	-1	582	2.273E-164	4	32351	35158	1137	255	0.537	4.800E-72	516	764	851	-33409	-32672	738	33430	32639
462590814	-1	582	2.273E-164	4	32351	35158	1141	123	0.685	1.582E-29	763	850	851	-32614	-32351	264	32635	32351
462857126	-1	111	1.386E-22	2	5260	6135	1780	86	0.532	8.166E-17	37	119	282	-6135	-5887	249	6159	5887
462857126	-1	111	1.386E-22	2	5260	6135	1790	97	0.571	1.578E-20	193	278	282	-5517	-5260	258	5538	5245
462870910	-1	340	1.607E-91	4	5260	6557	1766	43	0.621	1.734E-02	21	53	309	-6557	-6459	99	6623	6459
462870910	-1	340	1.607E-91	4	5260	6557	1780	77	0.525	1.199E-13	53	127	309	-6135	-5911	225	6159	5887
462870910	-1	340	1.607E-91	4	5260	6557	1787	116	0.699	7.884E-27	132	212	309	-5838	-5596	243	5880	5542
462870910	-1	340	1.607E-91	4	5260	6557	1790	111	0.598	3.331E-25	207	299	309	-5538	-5260	279	5538	5245
463301777	1	91	1.453E-16	1	9815	9958	223	91	0.885	1.738E-18	28	75	84	9815	9958	144	9713	9982
463367011	-1	319	3.369E-85	4	5260	6536	1766	34	0.617	2.021E+01	13	38	287	-6536	-6459	78	6623	6459
463367011	-1	319	3.369E-85	4	5260	6536	1780	82	0.516	1.944E-15	38	119	287	-6135	-5890	246	6159	5887
463367011	-1	319	3.369E-85	4	5260	6536	1787	107	0.624	1.559E-23	120	204	287	-5829	-5575	255	5880	5542
463367011	-1	319	3.369E-85	4	5260	6536	1790	105	0.576	3.847E-23	193	284	287	-5535	-5260	276	5538	5245
463609506	-1	283	2.315E-74	3	5266	6135	1780	89	0.551	8.879E-18	38	119	287	-6135	-5890	246	6159	5887
463609506	-1	283	2.315E-74	3	5266	6135	1787	101	0.595	1.789E-21	120	204	287	-5829	-5575	255	5880	5542
463609506	-1	283	2.315E-74	3	5266	6135	1790	95	0.582	1.055E-19	201	282	287	-5511	-5266	246	5538	5245
464048390	-1	325	5.265E-87	4	5269	6536	1766	36	0.644	5.583E+00	14	39	283	-6536	-6459	78	6623	6459
464048390	-1	325	5.265E-87	4	5269	6536	1780	82	0.521	1.944E-15	39	119	283	-6135	-5893	243	6159	5887
464048390	-1	325	5.265E-87	4	5269	6536	1787	102	0.633	5.050E-22	120	199	283	-5832	-5593	240	5880	5542
464048390	-1	325	5.265E-87	4	5269	6536	1790	103	0.610	1.874E-22	199	282	283	-5520	-5269	252	5538	5245
464576037	-1	313	2.156E-83	4	5383	6533	1766	40	0.742	1.634E-01	16	40	275	-6533	-6459	75	6623	6459
464576037	-1	313	2.156E-83	4	5383	6533	1780	85	0.536	2.113E-16	40	120	275	-6135	-5893	243	6159	5887
464576037	-1	313	2.156E-83	4	5383	6533	1787	111	0.680	4.809E-25	121	200	275	-5832	-5593	240	5880	5542
464576037	-1	313	2.156E-83	4	5383	6533	1790	76	0.769	3.081E-13	199	245	275	-5523	-5383	141	5538	5245
464791550	-1	326	2.632E-87	4	5263	6536	1766	37	0.657	2.936E+00	23	48	296	-6536	-6459	78	6623	6459
464791550	-1	326	2.632E-87	4	5263	6536	1780	78	0.501	4.632E-14	48	128	296	-6135	-5893	243	6159	5887
464791550	-1	326	2.632E-87	4	5263	6536	1787	109	0.669	2.337E-24	129	208	296	-5832	-5593	240	5880	5542
464791550	-1	326	2.632E-87	4	5263	6536	1790	103	0.584	1.365E-22	205	293	296	-5529	-5263	267	5538	5245
465161114	1	396	2.230E-108	3	9057	9979	213	214	0.984	8.562E-61	8	109	219	9057	9362	306	9012	9362
465161114	1	396	2.230E-108	3	9057	9979	224	113	0.801	2.449E-24	98	164	219	9558	9758	201	9450	10001
465161114	1	396	2.230E-108	3	9057	9979	223	81	0.712	3.503E-15	163	217	219	9815	9979	165	9713	9982
 