g_name,c_name,c_num_of_genes,c_len,c_pct_assemby_len,c_genelenm,c_genelensd,c_pearson_r,c_pearson_p,c_gc_cont,c_gcdev,g_len,g_lendev_c,g_lendev_o,g_abspos,g_terminal,g_single,g_pearson_r_o,g_pearson_p_o,g_pearson_r_c,g_pearson_p_c,g_gc_cont,g_gcdev_c,g_gcdev_o,PC_1,PC_2,PC_3,diamond_header,fasta_header,best_hit,best_hitID,bh_pident,bh_evalue,bh_bitscore,lca,lcaID,refined_lca,refined_lcaID,taxon_assignment,taxon_assignmentID,is_target,plot_label,plot_labelID,start,end,upstream_gene,downstream_gene,gene_biotype
GBPCPCFC_00875,gnl|Prokka|GBPCPCFC_19,3,4017,0.0018,1220.0,561.7099,0.4271,0.0,0.6794,2.8302,2013,1.4118,1.5355,0.9397,1,0,0.2778,0.0,0.7271,0.0,0.6731,-0.3132,2.5766,3.140217360703428,4.542201279230674,6.021238406156004,GBPCPCFC_00875-0,GBPCPCFC_00875-0,Rhizopus arrhizus,64495,80.1,1.17e-116,359,Rhizopus,4842,,,Rhizopus,4842,0,Rhizopus,4842,122,2134,,GBPCPCFC_00876,mRNA
GBPCPCFC_00876,gnl|Prokka|GBPCPCFC_19,3,4017,0.0018,1220.0,561.7099,0.4271,0.0,0.6794,2.8302,864,-0.6338,-0.0328,0.507,0,0,0.0961,0.1429,0.3741,0.0,0.6968,1.7141,2.7876,2.254659761940115,0.48236932881857375,0.6651926475386406,GBPCPCFC_00876-0,GBPCPCFC_00876-0,Stenotrophomonas maltophilia,40324,100,6.20e-203,565,cellular organisms,131567,Opisthokonta,33154,Opisthokonta,33154,1,Opisthokonta,33154,2164,3027,GBPCPCFC_00875,GBPCPCFC_00877,mRNA
GBPCPCFC_00877,gnl|Prokka|GBPCPCFC_19,3,4017,0.0018,1220.0,561.7099,0.4271,0.0,0.6794,2.8302,783,-0.778,-0.1434,0.9133,1,0,0.2579,0.0,0.4745,0.0,0.6641,-1.0863,2.4962,3.284647921959089,1.6438701726779834,6.067046286467263,GBPCPCFC_00877-0,GBPCPCFC_00877-0,Tanacetum cinerariifolium,118510,41.0,3.46e-17,93.2,cellular organisms,131567,Eukaryota,2759,Eukaryota,2759,1,Eukaryota,2759,3061,3843,GBPCPCFC_00876,,mRNA
GBPCPCFC_00124,gnl|Prokka|GBPCPCFC_2,5,6699,0.0029,1121.4,349.7614,0.5439,0.0,0.6556,2.6071,843,-0.796,-0.0615,0.9776,1,0,0.1972,0.0024,0.4184,0.0,0.6619,-0.3673,2.4766,3.8745784327192903,1.1777821310044556,5.7405589560156365,GBPCPCFC_00124-0,GBPCPCFC_00124-0,Stenotrophomonas maltophilia,40324,100,9.82e-194,541,cellular organisms,131567,Opisthokonta,33154,Opisthokonta,33154,1,Opisthokonta,33154,76,918,,GBPCPCFC_00125,mRNA
GBPCPCFC_00125,gnl|Prokka|GBPCPCFC_2,5,6699,0.0029,1121.4,349.7614,0.5439,0.0,0.6556,2.6071,816,-0.8732,-0.0983,0.7817,0,0,0.2679,0.0,0.3866,0.0,0.6654,-0.1516,2.508,2.773914045308458,1.0172373609288865,0.8268055996834128,GBPCPCFC_00125-0,GBPCPCFC_00125-0,Rhizopus arrhizus,64495,90.2,3.23e-79,246,Rhizopus arrhizus,64495,,,Rhizopus arrhizus,64495,0,Rhizopus,4842,732,1547,GBPCPCFC_00124,GBPCPCFC_00126,mRNA
GBPCPCFC_00126,gnl|Prokka|GBPCPCFC_2,5,6699,0.0029,1121.4,349.7614,0.5439,0.0,0.6556,2.6071,1635,1.4684,1.0195,0.4975,0,0,0.2975,0.0,0.5988,0.0,0.663,-0.3014,2.4862,2.5901320771554794,3.628500381180982,0.04867637133166534,GBPCPCFC_00126-0,GBPCPCFC_00126-0,,,,,,,,,,,,0,Unassigned,,1684,3318,GBPCPCFC_00125,GBPCPCFC_00127,mRNA
GBPCPCFC_00127,gnl|Prokka|GBPCPCFC_2,5,6699,0.0029,1121.4,349.7614,0.5439,0.0,0.6556,2.6071,1452,0.9452,0.7698,0.4279,0,0,0.3535,0.0,0.5057,0.0,0.6928,1.5275,2.7526,2.5330427042767316,3.155131774022175,-0.11193480459480398,GBPCPCFC_00127-0,GBPCPCFC_00127-0,Stenotrophomonas maltophilia,40324,99.8,8.01e-215,613,Stenotrophomonas,40323,,,Stenotrophomonas,40323,0,Gammaproteobacteria,1236,3332,4783,GBPCPCFC_00126,GBPCPCFC_00128,mRNA
GBPCPCFC_00128,gnl|Prokka|GBPCPCFC_2,5,6699,0.0029,1121.4,349.7614,0.5439,0.0,0.6556,2.6071,861,-0.7445,-0.0369,0.7811,1,0,0.1402,0.0273,0.3813,0.0,0.6434,-1.5002,2.3117,3.8524996114585823,0.8644656479007357,5.279579272130849,GBPCPCFC_00128-0,GBPCPCFC_00128-0,Bordetella pertussis,520,42.7,7.10e-37,142,cellular organisms,131567,Opisthokonta,33154,Opisthokonta,33154,1,Opisthokonta,33154,5106,5966,GBPCPCFC_00127,,mRNA
GBPCPCFC_00692,gnl|Prokka|GBPCPCFC_13,4,4435,0.002,1059.0,579.4855,0.2325,0.0002,0.6762,2.8006,1653,1.025,1.0441,0.9644,1,0,0.1194,0.0605,0.7101,0.0,0.6661,-0.9935,2.5136,4.395675703077175,3.4535734698985228,5.938939729795727,GBPCPCFC_00692-0,GBPCPCFC_00692-0,Stenotrophomonas maltophilia,40324,99.5,0.0,1103,cellular organisms,131567,Ecdysozoa,1206794,Ecdysozoa,1206794,1,Eumetazoa,6072,80,1732,,GBPCPCFC_00693,mRNA
GBPCPCFC_00693,gnl|Prokka|GBPCPCFC_13,4,4435,0.002,1059.0,579.4855,0.2325,0.0002,0.6762,2.8006,450,-1.0509,-0.5979,0.1894,0,0,0.1494,0.0321,0.3265,0.0,0.6756,0.0993,2.5983,3.27329277248125,0.1327447830747231,-0.25151541385057735,GBPCPCFC_00693-0,GBPCPCFC_00693-0,Pseudomonas koreensis,198620,71.8,4.53e-68,216,Pseudomonas koreensis,198620,,,Pseudomonas koreensis,198620,0,Gammaproteobacteria,1236,1798,2247,GBPCPCFC_00692,GBPCPCFC_00694,mRNA
GBPCPCFC_00694,gnl|Prokka|GBPCPCFC_13,4,4435,0.002,1059.0,579.4855,0.2325,0.0002,0.6762,2.8006,510,-0.9474,-0.516,0.258,0,0,-0.0094,0.886,0.3493,0.0,0.6686,-0.6982,2.5365,3.405493631625831,-0.3569211245986586,-0.0663421325320536,GBPCPCFC_00694-0,GBPCPCFC_00694-0,Pseudomonas koreensis,198620,67.1,4.09e-25,107,Pseudomonas koreensis,198620,,,Pseudomonas koreensis,198620,0,Gammaproteobacteria,1236,2281,2790,GBPCPCFC_00693,GBPCPCFC_00695,mRNA
GBPCPCFC_00695,gnl|Prokka|GBPCPCFC_13,4,4435,0.002,1059.0,579.4855,0.2325,0.0002,0.6762,2.8006,1623,0.9733,1.0032,0.9968,1,0,0.1728,0.0072,0.6448,0.0,0.6852,1.2037,2.684,4.335364191315175,3.401796932850003,5.985639122640877,GBPCPCFC_00695-0,GBPCPCFC_00695-0,Rhizopus arrhizus,64495,56.0,7.58e-32,130,Rhizopus arrhizus,64495,,,Rhizopus arrhizus,64495,0,Rhizopus,4842,2806,4428,GBPCPCFC_00694,,mRNA
GBPCPCFC_02166,gnl|Prokka|GBPCPCFC_25,9,12682,0.0056,1300.6667,727.1535,0.4769,0.0,0.676,2.7986,504,-1.0956,-0.5242,0.9733,1,0,0.219,0.0005,0.2432,0.0001,0.6369,-2.89,2.2533,2.312647666460335,0.2727506358494659,6.448652824550023,GBPCPCFC_02166-0,GBPCPCFC_02166-0,,,,,,,,,,,,0,Unassigned,,170,673,,GBPCPCFC_02167,mRNA
GBPCPCFC_02167,gnl|Prokka|GBPCPCFC_25,9,12682,0.0056,1300.6667,727.1535,0.4769,0.0,0.676,2.7986,1593,0.402,0.9622,0.8678,0,0,0.2334,0.0002,0.355,0.0,0.6648,-0.8325,2.5022,1.1229245903268261,1.928275489699852,1.659150554002034,GBPCPCFC_02167-0,GBPCPCFC_02167-0,Xanthomonas oryzae pv. oryzae KACC 10331,291331,48.0,6.71e-98,317,Xanthomonas oryzae pv. oryzae KACC 10331,291331,,,Xanthomonas oryzae pv. oryzae KACC 10331,291331,0,Gammaproteobacteria,1236,839,2431,GBPCPCFC_02166,GBPCPCFC_02168,mRNA
GBPCPCFC_02168,gnl|Prokka|GBPCPCFC_25,9,12682,0.0056,1300.6667,727.1535,0.4769,0.0,0.676,2.7986,372,-1.2771,-0.7043,0.5874,0,0,0.1701,0.0081,0.1827,0.0044,0.6613,-1.0903,2.471,1.266520310596206,-0.5962426829982259,1.1178551887430965,GBPCPCFC_02168-0,GBPCPCFC_02168-0,,,,,,,,,,,,0,Unassigned,,2617,2988,GBPCPCFC_02167,GBPCPCFC_02169,mRNA
GBPCPCFC_02169,gnl|Prokka|GBPCPCFC_25,9,12682,0.0056,1300.6667,727.1535,0.4769,0.0,0.676,2.7986,1392,0.1256,0.6879,0.5293,0,0,0.1738,0.007,0.5626,0.0,0.6688,-0.5345,2.5382,1.2432958418286346,2.1356456386311526,0.9882488646756168,GBPCPCFC_02169-0,GBPCPCFC_02169-0,Rhizopus delemar,936053,77.1,1.04e-87,277,Rhizopus delemar,936053,,,Rhizopus delemar,936053,0,Rhizopus,4842,2985,4376,GBPCPCFC_02168,GBPCPCFC_02170,mRNA
GBPCPCFC_02170,gnl|Prokka|GBPCPCFC_25,9,12682,0.0056,1300.6667,727.1535,0.4769,0.0,0.676,2.7986,2823,2.0936,2.641,0.3096,0,0,0.3325,0.0,0.7573,0.0,0.6879,0.8751,2.7087,0.8933233941529173,5.451408319190441,0.33973711760152225,GBPCPCFC_02170-0,GBPCPCFC_02170-0,Rhizopus arrhizus,64495,68.9,1.23e-230,684,Rhizopus arrhizus,64495,,,Rhizopus arrhizus,64495,0,Rhizopus,4842,4378,7200,GBPCPCFC_02169,GBPCPCFC_02171,mRNA
GBPCPCFC_02171,gnl|Prokka|GBPCPCFC_25,9,12682,0.0056,1300.6667,727.1535,0.4769,0.0,0.676,2.7986,984,-0.4355,0.131,0.3189,0,0,0.2091,0.0017,0.5106,0.0,0.689,0.9565,2.7185,1.2274369960177585,1.5518774112920501,0.5300797228309133,GBPCPCFC_02171-0,GBPCPCFC_02171-0,Rhizopus arrhizus,64495,78.2,1.20e-135,436,Rhizopus arrhizus,64495,,,Rhizopus arrhizus,64495,0,Rhizopus,4842,7381,8364,GBPCPCFC_02170,GBPCPCFC_02172,mRNA
GBPCPCFC_02172,gnl|Prokka|GBPCPCFC_25,9,12682,0.0056,1300.6667,727.1535,0.4769,0.0,0.676,2.7986,1614,0.4309,0.9909,0.583,0,0,0.2515,0.0002,0.6429,0.0,0.6902,1.0441,2.7291,1.193283547758287,3.0367181406782935,1.098760626444627,GBPCPCFC_02172-0,GBPCPCFC_02172-0,Rhizopus arrhizus,64495,67.7,9.88e-192,568,Rhizopus arrhizus,64495,,,Rhizopus arrhizus,64495,0,Rhizopus,4842,8425,10038,GBPCPCFC_02171,GBPCPCFC_02173,mRNA
GBPCPCFC_02173,gnl|Prokka|GBPCPCFC_25,9,12682,0.0056,1300.6667,727.1535,0.4769,0.0,0.676,2.7986,648,-0.8976,-0.3276,0.7066,0,0,0.2437,0.0003,0.4831,0.0,0.6636,-0.9213,2.4914,1.335391993115671,1.1140726351209644,1.45188006107553,GBPCPCFC_02173-0,GBPCPCFC_02173-0,Rhizopus arrhizus,64495,66.7,2.16e-60,216,Rhizopus arrhizus,64495,,,Rhizopus arrhizus,64495,0,Rhizopus,4842,10175,10822,GBPCPCFC_02172,GBPCPCFC_02174,mRNA
GBPCPCFC_02174,gnl|Prokka|GBPCPCFC_25,9,12682,0.0056,1300.6667,727.1535,0.4769,0.0,0.676,2.7986,1776,0.6537,1.212,0.9812,1,0,0.1985,0.0023,0.5628,0.0,0.6717,-0.3195,2.5642,2.2402360220155093,3.041955459959742,6.4218645912173224,GBPCPCFC_02174-0,GBPCPCFC_02174-0,Stenotrophomonas maltophilia,40324,98.7,6.15e-151,493,Stenotrophomonas,40323,,,Stenotrophomonas,40323,0,Gammaproteobacteria,1236,10788,12563,GBPCPCFC_02173,,mRNA
GBPCPCFC_02154,gnl|Prokka|GBPCPCFC_24,12,12133,0.0053,898.0,474.9711,0.5047,0.0,0.6549,2.6004,1293,0.8316,0.5527,0.986,1,0,0.2842,0.0,0.4695,0.0,0.6512,-0.2924,2.3809,4.080938737181338,2.743575909823513,5.310133489970747,GBPCPCFC_02154-0,GBPCPCFC_02154-0,Xanthomonas citri pv. citri,611301,57.0,3.35e-128,392,cellular organisms,131567,Opisthokonta,33154,Opisthokonta,33154,1,Opisthokonta,33154,86,1378,,GBPCPCFC_02155,mRNA
GBPCPCFC_02155,gnl|Prokka|GBPCPCFC_24,12,12133,0.0053,898.0,474.9711,0.5047,0.0,0.6549,2.6004,2037,2.398,1.5682,0.7616,0,0,0.24,0.0002,0.5491,0.0,0.6549,-0.1466,2.4138,2.9410212116176866,3.849888237296566,0.24980712218015047,GBPCPCFC_02155-0,GBPCPCFC_02155-0,Rhizopus arrhizus,64495,32.9,1.76e-06,64.7,cellular organisms,131567,Ecdysozoa,1206794,Ecdysozoa,1206794,1,Eumetazoa,6072,1447,3483,GBPCPCFC_02154,GBPCPCFC_02156,mRNA
GBPCPCFC_02156,gnl|Prokka|GBPCPCFC_24,12,12133,0.0053,898.0,474.9711,0.5047,0.0,0.6549,2.6004,690,-0.4379,-0.2703,0.405,0,0,0.2118,0.001,0.3867,0.0,0.6464,-0.4831,2.3379,3.1113347647117355,0.8394364180204217,-0.38262449541075916,GBPCPCFC_02156-0,GBPCPCFC_02156-0,,,,,,,,,,,,0,Unassigned,,3610,4299,GBPCPCFC_02155,GBPCPCFC_02157,mRNA
GBPCPCFC_02157,gnl|Prokka|GBPCPCFC_24,12,12133,0.0053,898.0,474.9711,0.5047,0.0,0.6549,2.6004,690,-0.4379,-0.2703,0.2575,0,0,0.1401,0.0274,0.3527,0.0,0.5812,-3.062,1.7558,3.116775059174743,0.43427426507086575,-0.7225285009383495,GBPCPCFC_02157-0,GBPCPCFC_02157-0,Stenotrophomonas maltophilia,40324,98.2,1.11e-111,327,Stenotrophomonas,40323,,,Stenotrophomonas,40323,0,Gammaproteobacteria,1236,4505,5194,GBPCPCFC_02156,GBPCPCFC_02158,mRNA
GBPCPCFC_02158,gnl|Prokka|GBPCPCFC_24,12,12133,0.0053,898.0,474.9711,0.5047,0.0,0.6549,2.6004,693,-0.4316,-0.2662,0.1029,0,0,0.3105,0.0,0.4215,0.0,0.684,1.004,2.6735,2.991373089352614,1.3906264812087694,-1.0853458829043945,GBPCPCFC_02158-0,GBPCPCFC_02158-0,Rhizopus arrhizus,64495,76.1,1.00e-102,312,Rhizopus arrhizus,64495,,,Rhizopus arrhizus,64495,0,Rhizopus,4842,5443,6135,GBPCPCFC_02157,GBPCPCFC_02159,mRNA
GBPCPCFC_02159,gnl|Prokka|GBPCPCFC_24,12,12133,0.0053,898.0,474.9711,0.5047,0.0,0.6549,2.6004,1146,0.5221,0.3521,0.2222,0,0,0.2464,0.0001,0.4591,0.0,0.6667,0.3193,2.519,2.9803603394006446,2.039967535048907,-0.8672250181428556,GBPCPCFC_02159-0,GBPCPCFC_02159-0,Rhizopus arrhizus,64495,42.2,1.99e-47,175,Rhizopus arrhizus,64495,,,Rhizopus arrhizus,64495,0,Rhizopus,4842,6270,7415,GBPCPCFC_02158,GBPCPCFC_02160,mRNA
GBPCPCFC_02160,gnl|Prokka|GBPCPCFC_24,12,12133,0.0053,898.0,474.9711,0.5047,0.0,0.6549,2.6004,570,-0.6906,-0.4341,0.3114,0,0,-0.011,0.8656,0.1738,0.0068,0.6474,-0.4439,2.3467,3.1768795822800695,-1.0190192135424911,-0.613622553706856,GBPCPCFC_02160-0,GBPCPCFC_02160-0,Stenotrophomonas maltophilia,40324,100,3.76e-121,350,Stenotrophomonas,40323,,,Stenotrophomonas,40323,0,Gammaproteobacteria,1236,7387,7956,GBPCPCFC_02159,GBPCPCFC_02161,mRNA
GBPCPCFC_02161,gnl|Prokka|GBPCPCFC_24,12,12133,0.0053,898.0,474.9711,0.5047,0.0,0.6549,2.6004,432,-0.9811,-0.6224,0.4311,0,0,0.0471,0.4777,0.3311,0.0,0.6574,-0.0469,2.4363,3.2704965026989723,-0.4868177080536581,-0.2665449795958314,GBPCPCFC_02161-0,GBPCPCFC_02161-0,Stenotrophomonas maltophilia,40324,100,3.92e-95,281,Bacteria,2,,,Bacteria,2,0,Bacteria,2,8251,8682,GBPCPCFC_02160,GBPCPCFC_02162,mRNA
GBPCPCFC_02162,gnl|Prokka|GBPCPCFC_24,12,12133,0.0053,898.0,474.9711,0.5047,0.0,0.6549,2.6004,1446,1.1538,0.7616,0.67,0,0,0.2131,0.0006,0.4524,0.0,0.6708,0.4833,2.556,3.0271548628470786,2.3776184251615677,0.11551046938372965,GBPCPCFC_02162-0,GBPCPCFC_02162-0,Stenotrophomonas maltophilia,40324,99.5,9.47e-144,421,Bacteria,2,,,Bacteria,2,0,Bacteria,2,8686,10131,GBPCPCFC_02161,GBPCPCFC_02163,mRNA
GBPCPCFC_02163,gnl|Prokka|GBPCPCFC_24,12,12133,0.0053,898.0,474.9711,0.5047,0.0,0.6549,2.6004,885,-0.0274,-0.0041,0.8277,0,0,0.157,0.0149,0.4124,0.0,0.696,1.481,2.7812,3.2095141587164293,1.0172489694554152,0.5764725591712171,GBPCPCFC_02163-0,GBPCPCFC_02163-0,Stenotrophomonas maltophilia,40324,99.7,2.74e-207,577,Bacteria,2,,,Bacteria,2,0,Bacteria,2,10204,11088,GBPCPCFC_02162,GBPCPCFC_02164,mRNA
GBPCPCFC_02164,gnl|Prokka|GBPCPCFC_24,12,12133,0.0053,898.0,474.9711,0.5047,0.0,0.6549,2.6004,573,-0.6843,-0.43,0.9446,0,0,0.1527,0.0192,0.3582,0.0,0.6841,1.0094,2.6747,3.280520884292847,0.260458322733631,0.8841156655961562,GBPCPCFC_02164-0,GBPCPCFC_02164-0,Rhizopus arrhizus,64495,78.1,5.52e-61,198,Rhizopus arrhizus,64495,,,Rhizopus arrhizus,64495,0,Rhizopus,4842,11225,11797,GBPCPCFC_02163,GBPCPCFC_02165,mRNA
GBPCPCFC_02165,gnl|Prokka|GBPCPCFC_24,12,12133,0.0053,898.0,474.9711,0.5047,0.0,0.6549,2.6004,321,-1.2148,-0.7739,0.9992,1,0,0.1151,0.0908,0.2457,0.0003,0.6386,-0.7894,2.2687,4.317171767286075,-0.42651944609058684,5.466244746918404,GBPCPCFC_02165-0,GBPCPCFC_02165-0,Candidatus Accumulibacter adjunctus,1454001,41.4,3.91e-09,62.4,cellular organisms,131567,Eukaryota,2759,Eukaryota,2759,1,Eukaryota,2759,11808,12128,GBPCPCFC_02164,,mRNA
GBPCPCFC_00895,gnl|Prokka|GBPCPCFC_21,19,20498,0.009,735.9474,460.5346,0.671,0.0,0.6027,2.1098,207,-1.1486,-0.9295,0.9651,1,0,-0.0098,0.8838,0.0601,0.3697,0.4444,-4.8857,0.5356,4.264116144108996,-1.8000877321386823,4.8967464642424465,GBPCPCFC_00895-0,GBPCPCFC_00895-0,,,,,,,,,,,,0,Unassigned,,359,565,,GBPCPCFC_00896,mRNA
GBPCPCFC_00896,gnl|Prokka|GBPCPCFC_21,19,20498,0.009,735.9474,460.5346,0.671,0.0,0.6027,2.1098,321,-0.901,-0.7739,0.5393,0,0,0.2501,0.0001,0.1948,0.0017,0.5888,-1.5569,1.8239,3.0257923039069214,-0.3315226110141408,-0.548976038274936,GBPCPCFC_00896-0,GBPCPCFC_00896-0,,,,,,,,,,,,0,Unassigned,,4722,5042,GBPCPCFC_00895,GBPCPCFC_00897,mRNA
GBPCPCFC_00897,gnl|Prokka|GBPCPCFC_21,19,20498,0.009,735.9474,460.5346,0.671,0.0,0.6027,2.1098,477,-0.5623,-0.561,0.5096,0,0,0.1317,0.0415,0.2346,0.0002,0.631,-0.5828,2.2009,3.0927428832298784,-0.4056501275379977,-0.6113905240047666,GBPCPCFC_00897-0,GBPCPCFC_00897-0,,,,,,,,,,,,0,Unassigned,,5027,5503,GBPCPCFC_00896,GBPCPCFC_00898,mRNA
GBPCPCFC_00898,gnl|Prokka|GBPCPCFC_21,19,20498,0.009,735.9474,460.5346,0.671,0.0,0.6027,2.1098,471,-0.5753,-0.5692,0.3561,0,0,0.1204,0.0583,0.1904,0.0026,0.5308,-2.8945,1.3062,3.0478079127796973,-0.6056858313424606,-0.9783470255557755,GBPCPCFC_00898-0,GBPCPCFC_00898-0,Rhizopus arrhizus,64495,83.8,5.07e-08,60.5,Rhizopus arrhizus,64495,,,Rhizopus arrhizus,64495,0,Rhizopus,4842,6600,7070,GBPCPCFC_00897,GBPCPCFC_00899,mRNA
GBPCPCFC_00899,gnl|Prokka|GBPCPCFC_21,19,20498,0.009,735.9474,460.5346,0.671,0.0,0.6027,2.1098,489,-0.5362,-0.5446,0.2654,0,0,0.1388,0.0334,0.2014,0.0019,0.6421,-0.3268,2.3,3.016562390279402,-0.45453148030323487,-1.1902976431090326,GBPCPCFC_00899-0,GBPCPCFC_00899-0,Cichorium endivia,114280,47.7,3.94e-21,100,Cichorium endivia,114280,,,Cichorium endivia,114280,0,Pentapetalae,1437201,7529,8017,GBPCPCFC_00898,GBPCPCFC_00900,mRNA
GBPCPCFC_00900,gnl|Prokka|GBPCPCFC_21,19,20498,0.009,735.9474,460.5346,0.671,0.0,0.6027,2.1098,288,-0.9727,-0.819,0.2013,0,0,0.1372,0.0425,0.2092,0.0019,0.6458,-0.2413,2.333,3.054708587416565,-0.7892172876582568,-1.297842706700897,GBPCPCFC_00900-0,GBPCPCFC_00900-0,,,,,,,,,,,,0,Unassigned,,8186,8473,GBPCPCFC_00899,GBPCPCFC_00901,mRNA
GBPCPCFC_00901,gnl|Prokka|GBPCPCFC_21,19,20498,0.009,735.9474,460.5346,0.671,0.0,0.6027,2.1098,318,-0.9075,-0.778,0.186,0,0,0.2384,0.0005,0.3284,0.0,0.6887,0.7468,2.7154,3.0298676257654082,0.09392633172822645,-1.3140768630706372,GBPCPCFC_00901-0,GBPCPCFC_00901-0,,,,,,,,,,,,0,Unassigned,,8343,8660,GBPCPCFC_00900,GBPCPCFC_00902,mRNA
GBPCPCFC_00902,gnl|Prokka|GBPCPCFC_21,19,20498,0.009,735.9474,460.5346,0.671,0.0,0.6027,2.1098,1395,1.4311,0.692,0.148,0,0,0.2982,0.0,0.3525,0.0,0.6695,0.3053,2.5446,2.7412227308845423,2.346435837456,-1.6034983196214825,GBPCPCFC_00902-0,GBPCPCFC_00902-0,Stenotrophomonas maltophilia,40324,99.4,0.0,888,Bacteria,2,,,Bacteria,2,0,Bacteria,2,8732,10126,GBPCPCFC_00901,GBPCPCFC_00903,mRNA
GBPCPCFC_00903,gnl|Prokka|GBPCPCFC_21,19,20498,0.009,735.9474,460.5346,0.671,0.0,0.6027,2.1098,390,-0.7512,-0.6798,0.0383,0,0,0.1141,0.09,0.186,0.0054,0.6462,-0.2339,2.3359,3.0025156050117086,-0.7731606488601008,-1.6971615498997683,GBPCPCFC_00903-0,GBPCPCFC_00903-0,Stenotrophomonas,40323,100,8.90e-87,259,cellular organisms,131567,Opisthokonta,33154,Opisthokonta,33154,1,Opisthokonta,33154,10253,10642,GBPCPCFC_00902,GBPCPCFC_00904,mRNA
GBPCPCFC_00904,gnl|Prokka|GBPCPCFC_21,19,20498,0.009,735.9474,460.5346,0.671,0.0,0.6027,2.1098,1593,1.861,0.9622,0.1967,0,0,0.3132,0.0,0.4961,0.0,0.6503,-0.1373,2.3733,2.7681352101048478,3.2519702630533893,-1.4793011049982834,GBPCPCFC_00904-0,GBPCPCFC_00904-0,Periconia digitata,1303443,46.4,1.87e-17,90.5,Periconia digitata,1303443,,,Periconia digitata,1303443,0,leotiomyceta,716546,10674,12266,GBPCPCFC_00903,GBPCPCFC_00905,mRNA
GBPCPCFC_00905,gnl|Prokka|GBPCPCFC_21,19,20498,0.009,735.9474,460.5346,0.671,0.0,0.6027,2.1098,867,0.2846,-0.0287,0.2724,0,0,0.2094,0.0018,0.3433,0.0,0.6886,0.7445,2.7146,2.950770465887152,0.9983523083210325,-1.2060668409181914,GBPCPCFC_00905-0,GBPCPCFC_00905-0,Stenotrophomonas maltophilia,40324,98.6,4.79e-214,593,cellular organisms,131567,Opisthokonta,33154,Opisthokonta,33154,1,Opisthokonta,33154,12176,13042,GBPCPCFC_00904,GBPCPCFC_00906,mRNA
GBPCPCFC_00906,gnl|Prokka|GBPCPCFC_21,19,20498,0.009,735.9474,460.5346,0.671,0.0,0.6027,2.1098,282,-0.9857,-0.8272,0.3091,0,0,0.1854,0.0045,0.2255,0.0005,0.6348,-0.4969,2.2341,3.0508608767022274,-0.5503081371151777,-1.050656272141992,GBPCPCFC_00906-0,GBPCPCFC_00906-0,Pseudomonadales bacterium RIFCSPLOWO2_12_59_9,1802009,47.0,3.10e-10,62.4,Pseudomonadota,1224,,,Pseudomonadota,1224,0,Pseudomonadota,1224,13137,13418,GBPCPCFC_00905,GBPCPCFC_00907,mRNA
GBPCPCFC_00907,gnl|Prokka|GBPCPCFC_21,19,20498,0.009,735.9474,460.5346,0.671,0.0,0.6027,2.1098,768,0.0696,-0.1638,0.3891,0,0,0.2073,0.0017,0.265,0.0001,0.6992,0.9898,2.8095,2.959390297257838,0.5379559299621504,-0.9459882500588206,GBPCPCFC_00907-0,GBPCPCFC_00907-0,Klebsiella pneumoniae,573,40.0,8.73e-12,74.3,Klebsiella pneumoniae,573,,,Klebsiella pneumoniae,573,0,Gammaproteobacteria,1236,13470,14237,GBPCPCFC_00906,GBPCPCFC_00908,mRNA
GBPCPCFC_00908,gnl|Prokka|GBPCPCFC_21,19,20498,0.009,735.9474,460.5346,0.671,0.0,0.6027,2.1098,510,-0.4906,-0.516,0.4384,0,0,0.0798,0.2238,0.1731,0.008,0.6725,0.3748,2.5715,3.077576820120711,-0.7685505945151999,-0.7946615395879802,GBPCPCFC_00908-0,GBPCPCFC_00908-0,,,,,,,,,,,,0,Unassigned,,14234,14743,GBPCPCFC_00907,GBPCPCFC_00909,mRNA
GBPCPCFC_00909,gnl|Prokka|GBPCPCFC_21,19,20498,0.009,735.9474,460.5346,0.671,0.0,0.6027,2.1098,957,0.48,0.0941,0.5419,0,0,0.1971,0.0032,0.2408,0.0003,0.7168,1.3958,2.9666,2.9430345615184614,0.7403383219070703,-0.6352002464963965,GBPCPCFC_00909-0,GBPCPCFC_00909-0,Stenotrophomonas maltophilia,40324,98.7,1.23e-222,618,cellular organisms,131567,Opisthokonta,33154,Opisthokonta,33154,1,Opisthokonta,33154,14847,15803,GBPCPCFC_00908,GBPCPCFC_00910,mRNA
GBPCPCFC_00910,gnl|Prokka|GBPCPCFC_21,19,20498,0.009,735.9474,460.5346,0.671,0.0,0.6027,2.1098,1251,1.1184,0.4954,0.648,0,0,0.1977,0.002,0.4032,0.0,0.6659,0.2207,2.5118,2.980268147349211,1.818313930430368,-0.3870645959488853,GBPCPCFC_00910-0,GBPCPCFC_00910-0,Rhizopus arrhizus,64495,89.6,1.81e-55,190,Rhizopus arrhizus,64495,,,Rhizopus arrhizus,64495,0,Rhizopus,4842,15641,16891,GBPCPCFC_00909,GBPCPCFC_00911,mRNA
GBPCPCFC_00911,gnl|Prokka|GBPCPCFC_21,19,20498,0.009,735.9474,460.5346,0.671,0.0,0.6027,2.1098,1569,1.8089,0.9295,0.8061,0,0,0.2219,0.0003,0.3957,0.0,0.6533,-0.0695,2.3995,2.9180320250034524,2.4507366112412425,-0.08815861067764005,GBPCPCFC_00911-0,GBPCPCFC_00911-0,Stenotrophomonas maltophilia,40324,91.7,1.54e-239,673,Stenotrophomonas maltophilia,40324,,,Stenotrophomonas maltophilia,40324,0,Gammaproteobacteria,1236,16943,18511,GBPCPCFC_00910,GBPCPCFC_00912,mRNA
GBPCPCFC_00912,gnl|Prokka|GBPCPCFC_21,19,20498,0.009,735.9474,460.5346,0.671,0.0,0.6027,2.1098,486,-0.5427,-0.5487,0.8526,0,0,0.098,0.1532,0.1712,0.0121,0.6235,-0.7573,2.1333,3.1551219984913934,-0.766661611804698,0.16183200758531485,GBPCPCFC_00912-0,GBPCPCFC_00912-0,Rhizopus arrhizus,64495,84.6,3.60e-80,245,Rhizopus arrhizus,64495,,,Rhizopus arrhizus,64495,0,Rhizopus,4842,18502,18987,GBPCPCFC_00911,GBPCPCFC_00913,mRNA
GBPCPCFC_00913,gnl|Prokka|GBPCPCFC_21,19,20498,0.009,735.9474,460.5346,0.671,0.0,0.6027,2.1098,1344,1.3203,0.6224,0.9877,1,0,0.4015,0.0,0.5103,0.0,0.6704,0.3249,2.5522,3.929442082123024,3.474850231094152,4.826100058328473,GBPCPCFC_00913-0,GBPCPCFC_00913-0,Rhizopus arrhizus,64495,89.4,1.35e-240,679,Rhizopus arrhizus,64495,,,Rhizopus arrhizus,64495,0,Rhizopus,4842,19029,20372,GBPCPCFC_00912,,mRNA
GBPCPCFC_02136,gnl|Prokka|GBPCPCFC_23,18,16339,0.0072,855.0,471.4149,0.524,0.0,0.6587,2.6364,1764,1.9282,1.1956,0.9917,1,0,0.3551,0.0,0.5756,0.0,0.6451,-0.4808,2.3267,4.034612568507914,4.2484324063370185,5.153306057625364,GBPCPCFC_02136-0,GBPCPCFC_02136-0,Rhizopus arrhizus,64495,86.9,4.78e-310,862,Rhizopus arrhizus,64495,,,Rhizopus arrhizus,64495,0,Rhizopus,4842,69,1832,,GBPCPCFC_02137,mRNA
GBPCPCFC_02137,gnl|Prokka|GBPCPCFC_23,18,16339,0.0072,855.0,471.4149,0.524,0.0,0.6587,2.6364,666,-0.4009,-0.303,0.7623,0,0,0.1181,0.0671,0.1804,0.005,0.6201,-1.2764,2.1035,3.2151793023795476,-0.3053252866846775,0.28029323846026066,GBPCPCFC_02137-0,GBPCPCFC_02137-0,Stenotrophomonas maltophilia,40324,94.6,6.61e-149,423,Stenotrophomonas,40323,,,Stenotrophomonas,40323,0,Gammaproteobacteria,1236,1943,2608,GBPCPCFC_02136,GBPCPCFC_02138,mRNA
GBPCPCFC_02138,gnl|Prokka|GBPCPCFC_23,18,16339,0.0072,855.0,471.4149,0.524,0.0,0.6587,2.6364,618,-0.5027,-0.3686,0.6462,0,0,0.06,0.3537,0.1196,0.0637,0.589,-2.2667,1.8258,3.2142063837689667,-0.832100765119294,0.009597337095867903,GBPCPCFC_02138-0,GBPCPCFC_02138-0,Stenotrophomonas maltophilia,40324,97.6,3.46e-143,407,Gammaproteobacteria,1236,,,Gammaproteobacteria,1236,0,Gammaproteobacteria,1236,2891,3508,GBPCPCFC_02137,GBPCPCFC_02139,mRNA
GBPCPCFC_02139,gnl|Prokka|GBPCPCFC_23,18,16339,0.0072,855.0,471.4149,0.524,0.0,0.6587,2.6364,540,-0.6682,-0.475,0.564,0,0,0.084,0.1874,0.2304,0.0003,0.5815,-2.5058,1.7587,3.2536665235434703,-0.4845000509226494,-0.13064237212027294,GBPCPCFC_02139-0,GBPCPCFC_02139-0,Stenotrophomonas,40323,94.9,1.98e-125,360,Stenotrophomonas,40323,,,Stenotrophomonas,40323,0,Gammaproteobacteria,1236,3563,4102,GBPCPCFC_02138,GBPCPCFC_02140,mRNA
GBPCPCFC_02140,gnl|Prokka|GBPCPCFC_23,18,16339,0.0072,855.0,471.4149,0.524,0.0,0.6587,2.6364,615,-0.5091,-0.3727,0.5065,0,0,0.1739,0.0075,0.3519,0.0,0.6846,0.7738,2.6786,3.2194579887405146,0.4400427967355694,-0.24946539072341858,GBPCPCFC_02140-0,GBPCPCFC_02140-0,Rhizopus arrhizus,64495,74.1,2.63e-57,192,Rhizopus arrhizus,64495,,,Rhizopus arrhizus,64495,0,Rhizopus,4842,4032,4646,GBPCPCFC_02139,GBPCPCFC_02141,mRNA
GBPCPCFC_02141,gnl|Prokka|GBPCPCFC_23,18,16339,0.0072,855.0,471.4149,0.524,0.0,0.6587,2.6364,903,0.1018,0.0204,0.4158,0,0,0.2429,0.0002,0.4793,0.0,0.6877,0.8742,2.7068,3.14832318445021,1.6743828560492728,-0.477843908171913,GBPCPCFC_02141-0,GBPCPCFC_02141-0,Rhizopus arrhizus,64495,82.6,1.10e-89,275,Rhizopus arrhizus,64495,,,Rhizopus arrhizus,64495,0,Rhizopus,4842,4773,5675,GBPCPCFC_02140,GBPCPCFC_02142,mRNA
GBPCPCFC_02142,gnl|Prokka|GBPCPCFC_23,18,16339,0.0072,855.0,471.4149,0.524,0.0,0.6587,2.6364,777,-0.1655,-0.1515,0.2962,0,0,0.195,0.0027,0.4515,0.0,0.6512,-0.2867,2.3811,3.1737122817911656,1.1664107800897474,-0.7324760738996073,GBPCPCFC_02142-0,GBPCPCFC_02142-0,Stenotrophomonas sp. G4,2303750,98.8,4.93e-189,528,Bacteria,2,,,Bacteria,2,0,Bacteria,2,5750,6526,GBPCPCFC_02141,GBPCPCFC_02143,mRNA
GBPCPCFC_02143,gnl|Prokka|GBPCPCFC_23,18,16339,0.0072,855.0,471.4149,0.524,0.0,0.6587,2.6364,384,-0.9991,-0.6879,0.2047,0,0,0.1771,0.0096,0.1395,0.0419,0.6354,-0.7897,2.2401,3.0978319596947776,-0.6642350237418225,-0.9802878529839085,GBPCPCFC_02143-0,GBPCPCFC_02143-0,Rhizopus arrhizus,64495,84.6,1.05e-43,160,Rhizopus arrhizus,64495,,,Rhizopus arrhizus,64495,0,Rhizopus,4842,6498,6881,GBPCPCFC_02142,GBPCPCFC_02144,mRNA
GBPCPCFC_02144,gnl|Prokka|GBPCPCFC_23,18,16339,0.0072,855.0,471.4149,0.524,0.0,0.6587,2.6364,600,-0.5409,-0.3931,0.1507,0,0,0.0528,0.4421,0.2463,0.0003,0.725,2.0608,3.0396,3.1850861685217846,-0.43006309908752494,-1.0841652100431223,GBPCPCFC_02144-0,GBPCPCFC_02144-0,Stenotrophomonas maltophilia,40324,100,2.49e-151,428,cellular organisms,131567,Opisthokonta,33154,Opisthokonta,33154,1,Opisthokonta,33154,6939,7538,GBPCPCFC_02143,GBPCPCFC_02145,mRNA
GBPCPCFC_02145,gnl|Prokka|GBPCPCFC_23,18,16339,0.0072,855.0,471.4149,0.524,0.0,0.6587,2.6364,210,-1.3682,-0.9254,0.0761,0,0,0.1615,0.028,0.2154,0.0032,0.6857,0.8108,2.689,3.1613094025787696,-0.7665944590961518,-1.2156101260633525,GBPCPCFC_02145-0,GBPCPCFC_02145-0,Rhizopus microsporus,58291,91.3,7.41e-35,124,Rhizopus microsporus,58291,,,Rhizopus microsporus,58291,0,Rhizopus,4842,7548,7757,GBPCPCFC_02144,GBPCPCFC_02146,mRNA
GBPCPCFC_02146,gnl|Prokka|GBPCPCFC_23,18,16339,0.0072,855.0,471.4149,0.524,0.0,0.6587,2.6364,426,-0.91,-0.6306,0.0493,0,0,0.0355,0.6299,0.3376,0.0,0.7254,2.072,3.0428,3.2634223909754727,-0.4881919013573116,-1.2509197873964555,GBPCPCFC_02146-0,GBPCPCFC_02146-0,Xanthomonas vasicola pv. vasculorum NCPPB 895,1184266,64.1,2.91e-18,87.8,Xanthomonas vasicola pv. vasculorum NCPPB 895,1184266,,,Xanthomonas vasicola pv. vasculorum NCPPB 895,1184266,0,Gammaproteobacteria,1236,7767,8192,GBPCPCFC_02145,GBPCPCFC_02147,mRNA
GBPCPCFC_02147,gnl|Prokka|GBPCPCFC_23,18,16339,0.0072,855.0,471.4149,0.524,0.0,0.6587,2.6364,798,-0.1209,-0.1229,0.1016,0,0,0.2153,0.0008,0.4937,0.0,0.6654,0.1648,2.5078,3.13467405530669,1.4432794565365843,-1.1738800398522298,GBPCPCFC_02147-0,GBPCPCFC_02147-0,Rhizopus arrhizus,64495,89.9,1.70e-148,425,Rhizopus arrhizus,64495,,,Rhizopus arrhizus,64495,0,Rhizopus,4842,8203,9000,GBPCPCFC_02146,GBPCPCFC_02148,mRNA
GBPCPCFC_02148,gnl|Prokka|GBPCPCFC_23,18,16339,0.0072,855.0,471.4149,0.524,0.0,0.6587,2.6364,942,0.1846,0.0737,0.2227,0,0,0.3222,0.0,0.5691,0.0,0.6837,0.7451,2.6706,3.0856282078175292,2.391392514418575,-0.9125865046865332,GBPCPCFC_02148-0,GBPCPCFC_02148-0,Rhizopus arrhizus,64495,49.2,4.93e-18,89.7,Rhizopus arrhizus,64495,,,Rhizopus arrhizus,64495,0,Rhizopus,4842,9048,9989,GBPCPCFC_02147,GBPCPCFC_02149,mRNA
GBPCPCFC_02149,gnl|Prokka|GBPCPCFC_23,18,16339,0.0072,855.0,471.4149,0.524,0.0,0.6587,2.6364,1830,2.0682,1.2857,0.4466,0,0,0.3031,0.0,0.6626,0.0,0.6563,-0.1257,2.4263,2.9917682526425584,4.180712009325429,-0.5206425644545081,GBPCPCFC_02149-0,GBPCPCFC_02149-0,Rhizopus arrhizus,64495,85.1,3.51e-158,469,Rhizopus arrhizus,64495,,,Rhizopus arrhizus,64495,0,Rhizopus,4842,9989,11818,GBPCPCFC_02148,GBPCPCFC_02150,mRNA
GBPCPCFC_02150,gnl|Prokka|GBPCPCFC_23,18,16339,0.0072,855.0,471.4149,0.524,0.0,0.6587,2.6364,663,-0.4073,-0.3071,0.542,0,0,0.2359,0.0002,0.4326,0.0,0.6546,-0.1793,2.4113,3.2108584244624607,1.0559761060970725,-0.15837044654398,GBPCPCFC_02150-0,GBPCPCFC_02150-0,Rhizopus arrhizus,64495,71.9,2.92e-83,261,Rhizopus arrhizus,64495,,,Rhizopus arrhizus,64495,0,Rhizopus,4842,11936,12598,GBPCPCFC_02149,GBPCPCFC_02151,mRNA
GBPCPCFC_02151,gnl|Prokka|GBPCPCFC_23,18,16339,0.0072,855.0,471.4149,0.524,0.0,0.6587,2.6364,657,-0.42,-0.3153,0.615,0,0,0.1643,0.0143,0.4649,0.0,0.6865,0.8343,2.6956,3.2976968490639,0.8554958545669887,0.03532308431126514,GBPCPCFC_02151-0,GBPCPCFC_02151-0,Rhizopus,4842,90.7,1.24e-107,317,Rhizopus,4842,,,Rhizopus,4842,0,Rhizopus,4842,12538,13194,GBPCPCFC_02150,GBPCPCFC_02152,mRNA
GBPCPCFC_02152,gnl|Prokka|GBPCPCFC_23,18,16339,0.0072,855.0,471.4149,0.524,0.0,0.6587,2.6364,1785,1.9728,1.2243,0.833,0,0,0.3142,0.0,0.6503,0.0,0.6555,-0.1518,2.419,3.068219127238252,4.083053619452612,0.37293048187118255,GBPCPCFC_02152-0,GBPCPCFC_02152-0,Rhizopus arrhizus,64495,85.4,1.77e-62,213,Rhizopus arrhizus,64495,,,Rhizopus arrhizus,64495,0,Rhizopus,4842,13191,14975,GBPCPCFC_02151,GBPCPCFC_02153,mRNA
GBPCPCFC_02153,gnl|Prokka|GBPCPCFC_23,18,16339,0.0072,855.0,471.4149,0.524,0.0,0.6587,2.6364,1212,0.7573,0.4422,0.9974,1,0,0.2802,0.0,0.2439,0.0001,0.6774,0.546,2.6147,4.047973204759173,1.8292721665785947,5.161704239927913,GBPCPCFC_02153-0,GBPCPCFC_02153-0,Stigmatella aurantiaca DW4/3-1,378806,36.4,1.04e-28,131,Stigmatella aurantiaca DW4/3-1,378806,,,Stigmatella aurantiaca DW4/3-1,378806,0,Stigmatella aurantiaca DW4/3-1,378806,15107,16318,GBPCPCFC_02152,,mRNA
GBPCPCFC_00696,gnl|Prokka|GBPCPCFC_14,14,13410,0.0059,906.6429,437.1746,0.4427,0.0,0.679,2.8266,1788,2.016,1.2284,0.974,1,0,0.3015,0.0,0.4709,0.0,0.6756,-0.2445,2.5988,4.251649570801524,3.81786129330087,5.200736666454632,GBPCPCFC_00696-0,GBPCPCFC_00696-0,Stenotrophomonas maltophilia,40324,57.4,6.91e-115,372,Stenotrophomonas maltophilia,40324,,,Stenotrophomonas maltophilia,40324,0,Gammaproteobacteria,1236,175,1962,,GBPCPCFC_00697,mRNA
GBPCPCFC_00697,gnl|Prokka|GBPCPCFC_14,14,13410,0.0059,906.6429,437.1746,0.4427,0.0,0.679,2.8266,1338,0.9867,0.6142,0.7146,0,0,0.341,0.0,0.5338,0.0,0.6517,-1.7154,2.3856,3.308523154248695,3.0851834313411577,0.2607143069635626,GBPCPCFC_00697-0,GBPCPCFC_00697-0,Diploscapter pachys,2018661,40.0,4.35e-22,109,Diploscapter pachys,2018661,,,Diploscapter pachys,2018661,0,Eumetazoa,6072,1914,3251,GBPCPCFC_00696,GBPCPCFC_00698,mRNA
GBPCPCFC_00698,gnl|Prokka|GBPCPCFC_14,14,13410,0.0059,906.6429,437.1746,0.4427,0.0,0.679,2.8266,1017,0.2524,0.176,0.4866,0,0,0.1624,0.0104,0.4397,0.0,0.6863,0.4152,2.6945,3.421848650161785,1.4447622410080114,-0.20536050898364033,GBPCPCFC_00698-0,GBPCPCFC_00698-0,Corchorus olitorius,93759,37.2,1.64e-32,139,Corchorus olitorius,93759,,,Corchorus olitorius,93759,0,Pentapetalae,1437201,3443,4459,GBPCPCFC_00697,GBPCPCFC_00699,mRNA
GBPCPCFC_00699,gnl|Prokka|GBPCPCFC_14,14,13410,0.0059,906.6429,437.1746,0.4427,0.0,0.679,2.8266,1323,0.9524,0.5937,0.3168,0,0,0.2185,0.0006,0.5881,0.0,0.6833,0.2283,2.6674,3.3484953347004502,2.759506862995393,-0.6134692108265004,GBPCPCFC_00699-0,GBPCPCFC_00699-0,Rhizopus arrhizus,64495,73.3,3.47e-138,409,Rhizopus arrhizus,64495,,,Rhizopus arrhizus,64495,0,Rhizopus,4842,4581,5903,GBPCPCFC_00698,GBPCPCFC_00700,mRNA
GBPCPCFC_00700,gnl|Prokka|GBPCPCFC_14,14,13410,0.0059,906.6429,437.1746,0.4427,0.0,0.679,2.8266,1284,0.8632,0.5405,0.1089,0,0,0.2592,0.0001,0.5748,0.0,0.6776,-0.1242,2.6163,3.276859420813236,2.822966454500508,-1.097653905856601,GBPCPCFC_00700-0,GBPCPCFC_00700-0,Pseudomonas aeruginosa 39016,798130,52.5,1.27e-68,241,Pseudomonas aeruginosa,287,,,Pseudomonas aeruginosa,287,0,Gammaproteobacteria,1236,5975,7258,GBPCPCFC_00699,GBPCPCFC_00701,mRNA
GBPCPCFC_00701,gnl|Prokka|GBPCPCFC_14,14,13410,0.0059,906.6429,437.1746,0.4427,0.0,0.679,2.8266,1068,0.3691,0.2456,0.2703,0,0,0.2543,0.0001,0.4581,0.0,0.691,0.7032,2.7363,3.305231858885309,1.9948448171296855,-0.7240256207161405,GBPCPCFC_00701-0,GBPCPCFC_00701-0,Pseudomonas aeruginosa 39016,798130,45.5,1.62e-42,168,Pseudomonas,286,,,Pseudomonas,286,0,Gammaproteobacteria,1236,7451,8518,GBPCPCFC_00700,GBPCPCFC_00702,mRNA
GBPCPCFC_00702,gnl|Prokka|GBPCPCFC_14,14,13410,0.0059,906.6429,437.1746,0.4427,0.0,0.679,2.8266,288,-1.4151,-0.819,0.2958,0,0,0.0601,0.4348,0.1877,0.014,0.7083,1.7695,2.8909,3.500780215383218,-1.1754900552684493,-0.5761550657725157,GBPCPCFC_00702-0,GBPCPCFC_00702-0,Rhizopus delemar,936053,88.6,1.96e-07,55.5,Rhizopus delemar,936053,,,Rhizopus delemar,936053,0,Rhizopus,4842,8402,8689,GBPCPCFC_00701,GBPCPCFC_00703,mRNA
GBPCPCFC_00703,gnl|Prokka|GBPCPCFC_14,14,13410,0.0059,906.6429,437.1746,0.4427,0.0,0.679,2.8266,1164,0.5887,0.3767,0.4821,0,0,0.2022,0.0025,0.5288,0.0,0.7062,1.6373,2.8717,3.402248054390744,2.1860313860569076,-0.21942614289739393,GBPCPCFC_00703-0,GBPCPCFC_00703-0,Stenotrophomonas maltophilia,40324,97.7,3.89e-263,726,Bacteria,2,,,Bacteria,2,0,Bacteria,2,8775,9938,GBPCPCFC_00702,GBPCPCFC_00704,mRNA
GBPCPCFC_00704,gnl|Prokka|GBPCPCFC_14,14,13410,0.0059,906.6429,437.1746,0.4427,0.0,0.679,2.8266,906,-0.0015,0.0245,0.6166,0,0,0.0334,0.6154,0.3644,0.0,0.6876,0.4956,2.7061,3.5331713680453634,0.4398609621177446,0.11206239059163657,GBPCPCFC_00704-0,GBPCPCFC_00704-0,Stenotrophomonas maltophilia,40324,99.0,1.62e-198,555,Bacteria,2,,,Bacteria,2,0,Bacteria,2,9935,10840,GBPCPCFC_00703,GBPCPCFC_00705,mRNA
GBPCPCFC_00705,gnl|Prokka|GBPCPCFC_14,14,13410,0.0059,906.6429,437.1746,0.4427,0.0,0.679,2.8266,438,-1.072,-0.6142,0.6833,0,0,0.1804,0.0055,0.2942,0.0,0.6553,-1.498,2.4171,3.5110402123015723,-0.058069762280607534,0.30586697940206287,GBPCPCFC_00705-0,GBPCPCFC_00705-0,Stenotrophomonas maltophilia,40324,99.3,1.61e-96,285,cellular organisms,131567,Opisthokonta,33154,Opisthokonta,33154,1,Opisthokonta,33154,10850,11287,GBPCPCFC_00704,GBPCPCFC_00706,mRNA
GBPCPCFC_00706,gnl|Prokka|GBPCPCFC_14,14,13410,0.0059,906.6429,437.1746,0.4427,0.0,0.679,2.8266,339,-1.2984,-0.7494,0.7634,0,0,0.0544,0.4476,0.3781,0.0,0.6932,0.8389,2.7559,3.688465315914286,-0.47871780023738736,0.5620143864038497,GBPCPCFC_00706-0,GBPCPCFC_00706-0,,,,,,,,,,,,0,Unassigned,,11486,11824,GBPCPCFC_00705,GBPCPCFC_00707,mRNA
GBPCPCFC_00707,gnl|Prokka|GBPCPCFC_14,14,13410,0.0059,906.6429,437.1746,0.4427,0.0,0.679,2.8266,441,-1.0651,-0.6101,0.8061,0,0,0.1096,0.1032,0.2727,0.0,0.6531,-1.6328,2.3975,3.5780179570854234,-0.4265940352099841,0.593463769596134,GBPCPCFC_00707-0,GBPCPCFC_00707-0,Rhizopus arrhizus,64495,61.0,1.46e-16,82.8,Rhizopus arrhizus,64495,,,Rhizopus arrhizus,64495,0,Rhizopus,4842,11670,12110,GBPCPCFC_00706,GBPCPCFC_00708,mRNA
GBPCPCFC_00708,gnl|Prokka|GBPCPCFC_14,14,13410,0.0059,906.6429,437.1746,0.4427,0.0,0.679,2.8266,552,-0.8112,-0.4586,0.8793,0,0,0.132,0.0652,0.3019,0.0,0.6576,-1.3529,2.4381,3.5654174192624812,-0.03341053605094912,0.7473366146342393,GBPCPCFC_00708-0,GBPCPCFC_00708-0,Stenotrophomonas maltophilia,40324,99.5,3.98e-129,370,Stenotrophomonas,40323,,,Stenotrophomonas,40323,0,Gammaproteobacteria,1236,12050,12601,GBPCPCFC_00707,GBPCPCFC_00709,mRNA
GBPCPCFC_00709,gnl|Prokka|GBPCPCFC_14,14,13410,0.0059,906.6429,437.1746,0.4427,0.0,0.679,2.8266,747,-0.3652,-0.1925,0.9994,1,0,0.0471,0.4607,0.3519,0.0,0.6881,0.5231,2.7101,4.631269783764881,0.43732058170811344,5.463603513649834,GBPCPCFC_00709-0,GBPCPCFC_00709-0,Stenotrophomonas maltophilia,40324,100,2.90e-133,389,cellular organisms,131567,Opisthokonta,33154,Opisthokonta,33154,1,Opisthokonta,33154,12660,13406,GBPCPCFC_00708,,mRNA
GBPCPCFC_00878,gnl|Prokka|GBPCPCFC_20,17,17902,0.0079,938.1176,504.6065,0.5136,0.0,0.6734,2.7741,2364,2.8257,2.0146,0.9994,1,0,0.1562,0.0138,0.5407,0.0,0.6802,0.2522,2.6398,3.730685511815278,4.197791304914478,5.319329499020793,GBPCPCFC_00878-0,GBPCPCFC_00878-0,Acinetobacter baumannii,470,71.9,2.29e-271,776,Gammaproteobacteria,1236,,,Gammaproteobacteria,1236,0,Gammaproteobacteria,1236,6,2369,,GBPCPCFC_00879,mRNA
GBPCPCFC_00879,gnl|Prokka|GBPCPCFC_20,17,17902,0.0079,938.1176,504.6065,0.5136,0.0,0.6734,2.7741,1260,0.6379,0.5077,0.7358,0,0,0.2332,0.0003,0.3216,0.0,0.6746,0.0453,2.5898,2.7544490160965873,1.6183428570612826,0.36482751512704176,GBPCPCFC_00879-0,GBPCPCFC_00879-0,Ralstonia solanacearum,305,32.6,4.23e-17,94.0,Ralstonia solanacearum,305,,,Ralstonia solanacearum,305,0,Betaproteobacteria,28216,2366,3625,GBPCPCFC_00878,GBPCPCFC_00880,mRNA
GBPCPCFC_00880,gnl|Prokka|GBPCPCFC_20,17,17902,0.0079,938.1176,504.6065,0.5136,0.0,0.6734,2.7741,477,-0.9138,-0.561,0.6019,0,0,0.0585,0.3883,0.282,0.0,0.6583,-0.5577,2.4441,3.011652112783861,-0.5543485859429886,0.206932017712717,GBPCPCFC_00880-0,GBPCPCFC_00880-0,,,,,,,,,,,,0,Unassigned,,3564,4040,GBPCPCFC_00879,GBPCPCFC_00881,mRNA
GBPCPCFC_00881,gnl|Prokka|GBPCPCFC_20,17,17902,0.0079,938.1176,504.6065,0.5136,0.0,0.6734,2.7741,912,-0.0518,0.0327,0.5268,0,0,0.1322,0.0345,0.3198,0.0,0.6557,-0.653,2.4211,2.86307857461773,0.6191729326895291,-0.04063672288969252,GBPCPCFC_00881-0,GBPCPCFC_00881-0,Rhizopus,4842,62.5,2.05e-18,89.4,Rhizopus,4842,,,Rhizopus,4842,0,Rhizopus,4842,4236,5147,GBPCPCFC_00880,GBPCPCFC_00882,mRNA
GBPCPCFC_00882,gnl|Prokka|GBPCPCFC_20,17,17902,0.0079,938.1176,504.6065,0.5136,0.0,0.6734,2.7741,375,-1.116,-0.7002,0.4191,0,0,-0.0087,0.8996,0.1225,0.0736,0.6613,-0.4449,2.4714,2.9647587092176964,-1.5419881490920297,-0.24243912014505234,GBPCPCFC_00882-0,GBPCPCFC_00882-0,,,,,,,,,,,,0,Unassigned,,5200,5574,GBPCPCFC_00881,GBPCPCFC_00883,mRNA
GBPCPCFC_00883,gnl|Prokka|GBPCPCFC_20,17,17902,0.0079,938.1176,504.6065,0.5136,0.0,0.6734,2.7741,1242,0.6022,0.4831,0.3769,0,0,0.14,0.0322,0.2912,0.0,0.6852,0.4363,2.6843,2.7376456000684812,1.1184762656634872,-0.4548021705911127,GBPCPCFC_00883-0,GBPCPCFC_00883-0,Rhizopus microsporus,58291,67.1,2.92e-78,252,Rhizopus microsporus,58291,,,Rhizopus microsporus,58291,0,Rhizopus,4842,5578,6819,GBPCPCFC_00882,GBPCPCFC_00884,mRNA
GBPCPCFC_00884,gnl|Prokka|GBPCPCFC_20,17,17902,0.0079,938.1176,504.6065,0.5136,0.0,0.6734,2.7741,1407,0.9292,0.7083,0.2208,0,0,0.1801,0.0038,0.4293,0.0,0.607,-2.4536,1.9861,2.7089657368454074,2.046189912897806,-0.8012126007329361,GBPCPCFC_00884-0,GBPCPCFC_00884-0,Stenotrophomonas,40323,99.1,0.0,933,Stenotrophomonas,40323,,,Stenotrophomonas,40323,0,Gammaproteobacteria,1236,6975,8381,GBPCPCFC_00883,GBPCPCFC_00885,mRNA
GBPCPCFC_00885,gnl|Prokka|GBPCPCFC_20,17,17902,0.0079,938.1176,504.6065,0.5136,0.0,0.6734,2.7741,1344,0.8044,0.6224,0.0782,0,0,0.3573,0.0,0.4093,0.0,0.6674,-0.2204,2.5256,2.550157514333877,2.61393715216973,-1.157887808288983,GBPCPCFC_00885-0,GBPCPCFC_00885-0,Tanacetum cinerariifolium,118510,49.7,6.45e-59,221,cellular organisms,131567,Eukaryota,2759,Eukaryota,2759,1,Eukaryota,2759,8309,9652,GBPCPCFC_00884,GBPCPCFC_00886,mRNA
GBPCPCFC_00886,gnl|Prokka|GBPCPCFC_20,17,17902,0.0079,938.1176,504.6065,0.5136,0.0,0.6734,2.7741,1125,0.3704,0.3234,0.2027,0,0,0.1084,0.1034,0.3413,0.0,0.6951,0.803,2.7728,2.776686747238423,0.9721757453506894,-0.8132760005007875,GBPCPCFC_00886-0,GBPCPCFC_00886-0,Rhizopus arrhizus,64495,80.5,3.22e-133,392,Rhizopus arrhizus,64495,,,Rhizopus arrhizus,64495,0,Rhizopus,4842,9642,10766,GBPCPCFC_00885,GBPCPCFC_00887,mRNA
GBPCPCFC_00887,gnl|Prokka|GBPCPCFC_20,17,17902,0.0079,938.1176,504.6065,0.5136,0.0,0.6734,2.7741,780,-0.3133,-0.1474,0.3038,0,0,0.1858,0.0062,0.3498,0.0,0.7141,1.5047,2.9424,2.8211411048726407,0.7341079406722847,-0.5313007221025664,GBPCPCFC_00887-0,GBPCPCFC_00887-0,Stenotrophomonas maltophilia,40324,99.2,4.32e-182,510,cellular organisms,131567,Opisthokonta,33154,Opisthokonta,33154,1,Opisthokonta,33154,10892,11671,GBPCPCFC_00886,GBPCPCFC_00888,mRNA
GBPCPCFC_00888,gnl|Prokka|GBPCPCFC_20,17,17902,0.0079,938.1176,504.6065,0.5136,0.0,0.6734,2.7741,882,-0.1112,-0.0082,0.4525,0,0,0.1553,0.0158,0.366,0.0,0.6871,0.5061,2.7011,2.860620848103156,0.8271017822858004,-0.19453582495570274,GBPCPCFC_00888-0,GBPCPCFC_00888-0,Rhizopus arrhizus,64495,87.9,7.06e-101,305,Rhizopus arrhizus,64495,,,Rhizopus arrhizus,64495,0,Rhizopus,4842,12121,13002,GBPCPCFC_00887,GBPCPCFC_00889,mRNA
GBPCPCFC_00889,gnl|Prokka|GBPCPCFC_20,17,17902,0.0079,938.1176,504.6065,0.5136,0.0,0.6734,2.7741,285,-1.2943,-0.8231,0.4968,0,0,0.0076,0.9129,0.1292,0.0604,0.7123,1.4373,2.9261,2.9922778772036587,-1.607498368276113,-0.04818800157768261,GBPCPCFC_00889-0,GBPCPCFC_00889-0,,,,,,,,,,,,0,Unassigned,,13114,13398,GBPCPCFC_00888,GBPCPCFC_00890,mRNA
GBPCPCFC_00890,gnl|Prokka|GBPCPCFC_20,17,17902,0.0079,938.1176,504.6065,0.5136,0.0,0.6734,2.7741,420,-1.0268,-0.6388,0.5486,0,0,0.1009,0.1295,0.2379,0.0003,0.6405,-1.2155,2.2852,2.9588345728297174,-0.6230792091552796,0.07050378202584927,GBPCPCFC_00890-0,GBPCPCFC_00890-0,Rhizopus arrhizus,64495,80.5,2.81e-34,132,Rhizopus arrhizus,64495,,,Rhizopus arrhizus,64495,0,Rhizopus,4842,13443,13862,GBPCPCFC_00889,GBPCPCFC_00891,mRNA
GBPCPCFC_00891,gnl|Prokka|GBPCPCFC_20,17,17902,0.0079,938.1176,504.6065,0.5136,0.0,0.6734,2.7741,867,-0.1409,-0.0287,0.6879,0,0,0.1441,0.0256,0.3256,0.0,0.7151,1.5419,2.9513,2.90089093806335,0.6027143841008615,0.33891362028403027,GBPCPCFC_00891-0,GBPCPCFC_00891-0,Rhizopus arrhizus,64495,78.8,1.99e-32,125,Rhizopus,4842,,,Rhizopus,4842,0,Rhizopus,4842,14243,15109,GBPCPCFC_00890,GBPCPCFC_00892,mRNA
GBPCPCFC_00892,gnl|Prokka|GBPCPCFC_20,17,17902,0.0079,938.1176,504.6065,0.5136,0.0,0.6734,2.7741,651,-0.569,-0.3235,0.7691,0,0,0.0895,0.167,0.1485,0.0214,0.6682,-0.1911,2.5327,2.9161192420148487,-0.6002528066664901,0.5098150368781615,GBPCPCFC_00892-0,GBPCPCFC_00892-0,Rhizopus arrhizus,64495,90.0,2.85e-26,108,Rhizopus arrhizus,64495,,,Rhizopus arrhizus,64495,0,Rhizopus,4842,15185,15835,GBPCPCFC_00891,GBPCPCFC_00893,mRNA
GBPCPCFC_00893,gnl|Prokka|GBPCPCFC_20,17,17902,0.0079,938.1176,504.6065,0.5136,0.0,0.6734,2.7741,1158,0.4358,0.3685,0.9288,0,0,0.277,0.0,0.4467,0.0,0.6805,0.2626,2.6423,2.8488770893342394,2.0460638471236665,0.8646508961171561,GBPCPCFC_00893-0,GBPCPCFC_00893-0,Rhizopus arrhizus,64495,86.6,8.17e-128,386,Rhizopus arrhizus,64495,,,Rhizopus arrhizus,64495,0,Rhizopus,4842,16108,17265,GBPCPCFC_00892,GBPCPCFC_00894,mRNA
GBPCPCFC_00894,gnl|Prokka|GBPCPCFC_20,17,17902,0.0079,938.1176,504.6065,0.5136,0.0,0.6734,2.7741,399,-1.0684,-0.6675,0.9828,1,0,0.0962,0.1247,0.1374,0.0279,0.6491,-0.896,2.3624,4.003652069577517,-0.7496487150031493,5.485298756529435,GBPCPCFC_00894-0,GBPCPCFC_00894-0,,,,,,,,,,,,0,Unassigned,,17350,17748,GBPCPCFC_00893,,mRNA
GBPCPCFC_00571,gnl|Prokka|GBPCPCFC_9,9,10852,0.0048,1018.3333,937.2845,0.4658,0.0,0.6049,2.1302,297,-0.7696,-0.8067,0.9956,1,0,0.0387,0.5826,0.2982,0.0,0.6734,1.59,2.5791,2.6866935907753797,-0.43470304877240723,6.149889951890683,GBPCPCFC_00571-0,GBPCPCFC_00571-0,Stenotrophomonas maltophilia,40324,99.0,5.97e-60,190,Bacteria,2,,,Bacteria,2,0,Bacteria,2,25,321,,GBPCPCFC_00572,mRNA
GBPCPCFC_00572,gnl|Prokka|GBPCPCFC_9,9,10852,0.0048,1018.3333,937.2845,0.4658,0.0,0.6049,2.1302,948,-0.075,0.0819,0.9091,0,0,0.2701,0.0,0.3586,0.0,0.6508,1.0191,2.3778,1.4071619610006025,1.23569318540624,1.4182481442388095,GBPCPCFC_00572-0,GBPCPCFC_00572-0,Clonostachys rosea f. rosea IK726,1349383,40.1,1.29e-37,145,Clonostachys rosea f. rosea IK726,1349383,,,Clonostachys rosea f. rosea IK726,1349383,0,leotiomyceta,716546,494,1441,GBPCPCFC_00571,GBPCPCFC_00573,mRNA
GBPCPCFC_00573,gnl|Prokka|GBPCPCFC_9,9,10852,0.0048,1018.3333,937.2845,0.4658,0.0,0.6049,2.1302,474,-0.5808,-0.5651,0.7134,0,0,0.238,0.0003,0.1945,0.0032,0.6793,1.74,2.632,1.3947722585616258,-0.030480772015477057,0.963737996578193,GBPCPCFC_00573-0,GBPCPCFC_00573-0,Pseudomonadales bacterium,1891229,51.9,1.76e-09,65.5,Pseudomonadales bacterium,1891229,,,Pseudomonadales bacterium,1891229,0,Gammaproteobacteria,1236,1556,2029,GBPCPCFC_00572,GBPCPCFC_00574,mRNA
GBPCPCFC_00574,gnl|Prokka|GBPCPCFC_9,9,10852,0.0048,1018.3333,937.2845,0.4658,0.0,0.6049,2.1302,1509,0.5235,0.8476,0.6295,0,0,0.2936,0.0,0.5173,0.0,0.6481,0.9499,2.3534,1.307556451301672,2.582180892238808,0.7662268837043212,GBPCPCFC_00574-0,GBPCPCFC_00574-0,Rhizopus arrhizus,64495,93.3,2.49e-103,317,Rhizopus arrhizus,64495,,,Rhizopus arrhizus,64495,0,Rhizopus,4842,2011,3519,GBPCPCFC_00573,GBPCPCFC_00575,mRNA
GBPCPCFC_00575,gnl|Prokka|GBPCPCFC_9,9,10852,0.0048,1018.3333,937.2845,0.4658,0.0,0.6049,2.1302,3366,2.5048,3.3822,0.3574,0,0,0.1483,0.0176,0.626,0.0,0.6016,-0.2273,1.9383,1.0680245767319274,4.646556461414068,0.006664513717940961,GBPCPCFC_00575-0,GBPCPCFC_00575-0,Stenotrophomonas maltophilia,40324,99.6,0.0,2190,Xanthomonadaceae,32033,,,Xanthomonadaceae,32033,0,Gammaproteobacteria,1236,4001,7366,GBPCPCFC_00574,GBPCPCFC_00576,mRNA
GBPCPCFC_00576,gnl|Prokka|GBPCPCFC_9,9,10852,0.0048,1018.3333,937.2845,0.4658,0.0,0.6049,2.1302,426,-0.632,-0.6306,0.4807,0,0,0.1104,0.0828,0.1811,0.0042,0.5869,-0.6006,1.8066,1.4438166115655564,-0.6504299984006113,0.4494702462422189,GBPCPCFC_00576-0,GBPCPCFC_00576-0,Pseudomonas amygdali pv. ulmi,251720,39.8,1.29e-10,69.7,Pseudomonas amygdali pv. ulmi,251720,,,Pseudomonas amygdali pv. ulmi,251720,0,Gammaproteobacteria,1236,7610,8035,GBPCPCFC_00575,GBPCPCFC_00577,mRNA
GBPCPCFC_00577,gnl|Prokka|GBPCPCFC_9,9,10852,0.0048,1018.3333,937.2845,0.4658,0.0,0.6049,2.1302,453,-0.6032,-0.5938,0.593,0,0,0.1075,0.0861,0.2674,0.0,0.5806,-0.7596,1.7506,1.508661118418474,-0.3394334982140604,0.737061308412129,GBPCPCFC_00577-0,GBPCPCFC_00577-0,Escherichia coli,562,42.3,8.64e-22,99.4,Gammaproteobacteria,1236,,,Gammaproteobacteria,1236,0,Gammaproteobacteria,1236,8192,8644,GBPCPCFC_00576,GBPCPCFC_00578,mRNA
GBPCPCFC_00578,gnl|Prokka|GBPCPCFC_9,9,10852,0.0048,1018.3333,937.2845,0.4658,0.0,0.6049,2.1302,1395,0.4019,0.692,0.8826,0,0,0.1074,0.0864,0.3975,0.0,0.5434,-1.7014,1.4185,1.4598605380056884,1.2452043136536586,1.3524196637896695,GBPCPCFC_00578-0,GBPCPCFC_00578-0,Thermohalobaculum xanthum,2753746,59.0,5.37e-180,521,Pseudomonadota,1224,,,Pseudomonadota,1224,0,Pseudomonadota,1224,8821,10215,GBPCPCFC_00577,GBPCPCFC_00579,mRNA
GBPCPCFC_00579,gnl|Prokka|GBPCPCFC_9,9,10852,0.0048,1018.3333,937.2845,0.4658,0.0,0.6049,2.1302,297,-0.7696,-0.8067,0.9265,1,0,-0.0335,0.6144,0.0367,0.581,0.6162,0.1412,2.0682,2.592242964663841,-1.627368474575854,5.909844043908116,GBPCPCFC_00579-0,GBPCPCFC_00579-0,,,,,,,,,,,,0,Unassigned,,10157,10453,GBPCPCFC_00578,,mRNA
GBPCPCFC_00139,gnl|Prokka|GBPCPCFC_4,8,6861,0.003,669.75,609.3763,0.3531,0.0,0.6636,2.6822,354,-0.5182,-0.7289,0.9545,1,0,0.1256,0.0763,0.2867,0.0,0.6525,-0.724,2.3929,5.046546700727623,0.10979189229515351,5.066412607174158,GBPCPCFC_00139-0,GBPCPCFC_00139-0,Rhizopus delemar,936053,70.7,1.30e-32,122,Rhizopus delemar,936053,,,Rhizopus delemar,936053,0,Rhizopus,4842,157,510,,GBPCPCFC_00140,mRNA
GBPCPCFC_00140,gnl|Prokka|GBPCPCFC_4,8,6861,0.003,669.75,609.3763,0.3531,0.0,0.6636,2.6822,189,-0.7889,-0.9541,0.7577,0,0,-0.0198,0.7953,0.1902,0.0119,0.6825,0.7364,2.6606,4.102089572810908,-1.3610778077901604,0.18356095115274498,GBPCPCFC_00140-0,GBPCPCFC_00140-0,Rhizopus arrhizus,64495,63.0,6.76e-05,49.3,Rhizopus arrhizus,64495,,,Rhizopus arrhizus,64495,0,Rhizopus,4842,832,1020,GBPCPCFC_00139,GBPCPCFC_00141,mRNA
GBPCPCFC_00141,gnl|Prokka|GBPCPCFC_4,8,6861,0.003,669.75,609.3763,0.3531,0.0,0.6636,2.6822,795,0.2055,-0.127,0.6921,0,0,0.1838,0.0047,0.5492,0.0,0.6314,-1.751,2.2046,3.9928720355787295,1.6371955118418071,0.035177486002525314,GBPCPCFC_00141-0,GBPCPCFC_00141-0,Rhizopus arrhizus,64495,71.9,9.46e-106,323,Rhizopus arrhizus,64495,,,Rhizopus arrhizus,64495,0,Rhizopus,4842,1057,1851,GBPCPCFC_00140,GBPCPCFC_00142,mRNA
GBPCPCFC_00142,gnl|Prokka|GBPCPCFC_4,8,6861,0.003,669.75,609.3763,0.3531,0.0,0.6636,2.6822,2178,2.4751,1.7607,0.4627,0,0,0.2176,0.0005,0.7388,0.0,0.6699,0.1201,2.5477,3.7269244641176944,4.537172147881359,-0.6359807617085458,GBPCPCFC_00142-0,GBPCPCFC_00142-0,,,,,,,,,,,,0,Unassigned,,1844,4021,GBPCPCFC_00141,GBPCPCFC_00143,mRNA
GBPCPCFC_00143,gnl|Prokka|GBPCPCFC_4,8,6861,0.003,669.75,609.3763,0.3531,0.0,0.6636,2.6822,501,-0.2769,-0.5283,0.3723,0,0,0.0628,0.3626,0.3877,0.0,0.7066,1.9072,2.8753,3.995479762393725,0.1544095245081688,-0.6958906191749319,GBPCPCFC_00143-0,GBPCPCFC_00143-0,,,,,,,,,,,,0,Unassigned,,4208,4708,GBPCPCFC_00142,GBPCPCFC_00144,mRNA
GBPCPCFC_00144,gnl|Prokka|GBPCPCFC_4,8,6861,0.003,669.75,609.3763,0.3531,0.0,0.6636,2.6822,777,0.176,-0.1515,0.6268,0,0,0.2209,0.0007,0.4577,0.0,0.6808,0.6529,2.6453,3.908302621642949,1.4529754571496027,-0.15200477290302858,GBPCPCFC_00144-0,GBPCPCFC_00144-0,,,,,,,,,,,,0,Unassigned,,4805,5581,GBPCPCFC_00143,GBPCPCFC_00145,mRNA
GBPCPCFC_00145,gnl|Prokka|GBPCPCFC_4,8,6861,0.003,669.75,609.3763,0.3531,0.0,0.6636,2.6822,348,-0.528,-0.7371,0.8875,0,0,0.1765,0.0078,0.3709,0.0,0.6466,-1.0156,2.3394,4.041476390507416,0.3060279475715677,0.4895787898864756,GBPCPCFC_00145-0,GBPCPCFC_00145-0,,,,,,,,,,,,0,Unassigned,,6128,6475,GBPCPCFC_00144,GBPCPCFC_00146,mRNA
GBPCPCFC_00146,gnl|Prokka|GBPCPCFC_4,8,6861,0.003,669.75,609.3763,0.3531,0.0,0.6636,2.6822,216,-0.7446,-0.9173,0.9528,1,0,0.1387,0.0737,0.32,0.0,0.6806,0.6398,2.6429,5.082351082000613,0.06966844721444047,5.092311800436972,GBPCPCFC_00146-0,GBPCPCFC_00146-0,,,,,,,,,,,,0,Unassigned,,6484,6699,GBPCPCFC_00145,,mRNA
GBPCPCFC_00776,gnl|Prokka|GBPCPCFC_16,12,13445,0.0059,1028.5,606.0406,0.4432,0.0,0.6607,2.6548,633,-0.6526,-0.3481,0.9622,1,0,0.1607,0.0139,0.3914,0.0,0.6651,0.2726,2.5049,3.6885641738044104,0.8125736472736944,5.800042081904948,GBPCPCFC_00776-0,GBPCPCFC_00776-0,,,,,,,,,,,,0,Unassigned,,255,887,,GBPCPCFC_00777,mRNA
GBPCPCFC_00777,gnl|Prokka|GBPCPCFC_16,12,13445,0.0059,1028.5,606.0406,0.4432,0.0,0.6607,2.6548,747,-0.4645,-0.1925,0.8686,0,0,0.0891,0.1618,0.2804,0.0,0.7015,1.4787,2.8296,2.6444378984755468,0.015018234926038907,1.0960667788506597,GBPCPCFC_00777-0,GBPCPCFC_00777-0,Rhizopus arrhizus,64495,80.7,2.27e-95,291,Rhizopus arrhizus,64495,,,Rhizopus arrhizus,64495,0,Rhizopus,4842,884,1630,GBPCPCFC_00776,GBPCPCFC_00778,mRNA
GBPCPCFC_00778,gnl|Prokka|GBPCPCFC_16,12,13445,0.0059,1028.5,606.0406,0.4432,0.0,0.6607,2.6548,819,-0.3457,-0.0942,0.7605,0,0,0.2699,0.0,0.4562,0.0,0.6703,0.4464,2.5517,2.5614285732323516,1.4828827178294677,0.8668573958215458,GBPCPCFC_00778-0,GBPCPCFC_00778-0,Stenotrophomonas maltophilia,40324,100,9.40e-175,534,cellular organisms,131567,Opisthokonta,33154,Opisthokonta,33154,1,Opisthokonta,33154,1611,2429,GBPCPCFC_00777,GBPCPCFC_00779,mRNA
GBPCPCFC_00779,gnl|Prokka|GBPCPCFC_16,12,13445,0.0059,1028.5,606.0406,0.4432,0.0,0.6607,2.6548,1497,0.7731,0.8312,0.6184,0,0,0.1432,0.0241,0.659,0.0,0.678,0.7014,2.6203,2.58825114353966,2.693290822093929,0.5333600236025654,GBPCPCFC_00779-0,GBPCPCFC_00779-0,Achromobacter aegrifaciens,1287736,34.2,1.07e-26,127,Bacteria,2,,,Bacteria,2,0,Bacteria,2,2566,4062,GBPCPCFC_00778,GBPCPCFC_00780,mRNA
GBPCPCFC_00780,gnl|Prokka|GBPCPCFC_16,12,13445,0.0059,1028.5,606.0406,0.4432,0.0,0.6607,2.6548,2505,2.4363,2.207,0.4005,0,0,0.3198,0.0,0.7656,0.0,0.6623,0.1794,2.4798,2.253398234265776,5.335623706357437,-0.11153363718539543,GBPCPCFC_00780-0,GBPCPCFC_00780-0,Rhizopus arrhizus,64495,85.6,8.51e-93,300,Rhizopus,4842,,,Rhizopus,4842,0,Rhizopus,4842,4031,6535,GBPCPCFC_00779,GBPCPCFC_00781,mRNA
GBPCPCFC_00781,gnl|Prokka|GBPCPCFC_16,12,13445,0.0059,1028.5,606.0406,0.4432,0.0,0.6607,2.6548,1137,0.179,0.3398,0.1868,0,0,0.171,0.007,0.1996,0.0016,0.5919,-2.1531,1.8517,2.3172048791611197,0.7091938666221711,-0.5782678814144961,GBPCPCFC_00781-0,GBPCPCFC_00781-0,Stenotrophomonas maltophilia,40324,98.4,8.10e-281,770,Stenotrophomonas,40323,,,Stenotrophomonas,40323,0,Gammaproteobacteria,1236,6843,7979,GBPCPCFC_00780,GBPCPCFC_00782,mRNA
GBPCPCFC_00782,gnl|Prokka|GBPCPCFC_16,12,13445,0.0059,1028.5,606.0406,0.4432,0.0,0.6607,2.6548,1425,0.6542,0.7329,0.4018,0,0,0.2396,0.0001,0.56,0.0,0.6786,0.7204,2.6255,2.435094088440785,2.655870627146526,-0.008167215424693123,GBPCPCFC_00782-0,GBPCPCFC_00782-0,Paraburkholderia solisilvae,624376,46.7,1.53e-94,301,Paraburkholderia,1822464,,,Paraburkholderia,1822464,0,Betaproteobacteria,28216,8000,9424,GBPCPCFC_00781,GBPCPCFC_00783,mRNA
GBPCPCFC_00783,gnl|Prokka|GBPCPCFC_16,12,13445,0.0059,1028.5,606.0406,0.4432,0.0,0.6607,2.6548,1332,0.5008,0.606,0.6239,0,0,0.2615,0.0,0.4481,0.0,0.6449,-0.3967,2.3247,2.427284097954579,2.208116278518773,0.47438165969040635,GBPCPCFC_00783-0,GBPCPCFC_00783-0,Tanacetum cinerariifolium,118510,48.4,1.66e-90,312,cellular organisms,131567,Eukaryota,2759,Eukaryota,2759,1,Eukaryota,2759,9586,10917,GBPCPCFC_00782,GBPCPCFC_00784,mRNA
GBPCPCFC_00784,gnl|Prokka|GBPCPCFC_16,12,13445,0.0059,1028.5,606.0406,0.4432,0.0,0.6607,2.6548,363,-1.0981,-0.7166,0.661,0,0,-0.0103,0.8774,0.206,0.0018,0.573,-2.7798,1.683,2.7180069036764407,-1.2242012096764372,0.6647286642023298,GBPCPCFC_00784-0,GBPCPCFC_00784-0,Stenotrophomonas,40323,97.5,3.13e-82,246,Gammaproteobacteria,1236,,,Gammaproteobacteria,1236,0,Gammaproteobacteria,1236,10804,11166,GBPCPCFC_00783,GBPCPCFC_00785,mRNA
GBPCPCFC_00785,gnl|Prokka|GBPCPCFC_16,12,13445,0.0059,1028.5,606.0406,0.4432,0.0,0.6607,2.6548,243,-1.2961,-0.8804,0.6965,0,0,0.0825,0.2615,0.0989,0.1782,0.6091,-1.5848,2.0048,2.6261589524434488,-1.3915815215419738,0.7097911585917955,GBPCPCFC_00785-0,GBPCPCFC_00785-0,Stenotrophomonas maltophilia,40324,100,1.22e-47,156,cellular organisms,131567,Opisthokonta,33154,Opisthokonta,33154,1,Opisthokonta,33154,11163,11405,GBPCPCFC_00784,GBPCPCFC_00786,mRNA
GBPCPCFC_00786,gnl|Prokka|GBPCPCFC_16,12,13445,0.0059,1028.5,606.0406,0.4432,0.0,0.6607,2.6548,1221,0.3176,0.4545,0.8832,0,0,0.1666,0.0086,0.5878,0.0,0.6626,0.1892,2.4824,2.647545540211142,2.1107306373926256,1.1557591167559456,GBPCPCFC_00786-0,GBPCPCFC_00786-0,Corchorus olitorius,93759,59.3,4.69e-120,369,cellular organisms,131567,Eukaryota,2759,Eukaryota,2759,1,Eukaryota,2759,11440,12660,GBPCPCFC_00785,GBPCPCFC_00787,mRNA
GBPCPCFC_00787,gnl|Prokka|GBPCPCFC_16,12,13445,0.0059,1028.5,606.0406,0.4432,0.0,0.6607,2.6548,420,-1.0041,-0.6388,0.9988,1,0,0.2304,0.0005,0.4062,0.0,0.6548,-0.0696,2.4127,3.6963388615497297,0.8258398149546464,5.909036395135713,GBPCPCFC_00787-0,GBPCPCFC_00787-0,Pseudomonas aeruginosa,287,54.1,6.15e-32,130,cellular organisms,131567,Eukaryota,2759,Eukaryota,2759,1,Eukaryota,2759,13018,13437,GBPCPCFC_00786,,mRNA
GBPCPCFC_00559,gnl|Prokka|GBPCPCFC_8,12,9365,0.0041,614.25,390.5326,0.4202,0.0,0.6687,2.7297,699,0.217,-0.258,0.9872,1,0,0.2382,0.0004,0.5864,0.0,0.628,-1.4204,2.1742,5.67490306626044,2.2150755780245253,4.81293372356224,GBPCPCFC_00559-0,GBPCPCFC_00559-0,Stenotrophomonas maltophilia,40324,100,1.11e-153,451,cellular organisms,131567,Eukaryota,2759,Eukaryota,2759,1,Eukaryota,2759,61,759,,GBPCPCFC_00560,mRNA
GBPCPCFC_00560,gnl|Prokka|GBPCPCFC_8,12,9365,0.0041,614.25,390.5326,0.4202,0.0,0.6687,2.7297,468,-0.3745,-0.5733,0.8355,0,0,-0.0213,0.7606,0.1092,0.1172,0.6816,0.5093,2.6525,4.652359568721637,-1.2449784260017849,-0.056441418220452774,GBPCPCFC_00560-0,GBPCPCFC_00560-0,Stenotrophomonas maltophilia,40324,100,4.60e-111,322,Bacteria,2,,,Bacteria,2,0,Bacteria,2,771,1238,GBPCPCFC_00559,GBPCPCFC_00561,mRNA
GBPCPCFC_00561,gnl|Prokka|GBPCPCFC_8,12,9365,0.0041,614.25,390.5326,0.4202,0.0,0.6687,2.7297,429,-0.4744,-0.6265,0.7441,0,0,0.0237,0.7445,0.1096,0.1302,0.7226,1.9854,3.0183,4.609342901079744,-1.1292609351274874,-0.2667975580154282,GBPCPCFC_00561-0,GBPCPCFC_00561-0,Rhizopus arrhizus,64495,73.9,2.98e-54,177,Rhizopus arrhizus,64495,,,Rhizopus arrhizus,64495,0,Rhizopus,4842,1199,1627,GBPCPCFC_00560,GBPCPCFC_00562,mRNA
GBPCPCFC_00562,gnl|Prokka|GBPCPCFC_8,12,9365,0.0041,614.25,390.5326,0.4202,0.0,0.6687,2.7297,1152,1.377,0.3603,0.6202,0,0,0.1406,0.0312,0.3393,0.0,0.7075,1.4399,2.8831,4.435844461414197,1.581830681798755,-0.6459723340048176,GBPCPCFC_00562-0,GBPCPCFC_00562-0,Rhizopus arrhizus,64495,74.6,1.81e-16,86.3,Rhizopus arrhizus,64495,,,Rhizopus arrhizus,64495,0,Rhizopus,4842,1779,2930,GBPCPCFC_00561,GBPCPCFC_00563,mRNA
GBPCPCFC_00563,gnl|Prokka|GBPCPCFC_8,12,9365,0.0041,614.25,390.5326,0.4202,0.0,0.6687,2.7297,1080,1.1926,0.262,0.3387,0,0,0.1171,0.0697,0.3256,0.0,0.6667,-0.0293,2.519,4.405286526568378,1.311044787115298,-1.2809467417197378,GBPCPCFC_00563-0,GBPCPCFC_00563-0,Stenotrophomonas maltophilia,40324,78.7,1.10e-175,502,Stenotrophomonas maltophilia,40324,,,Stenotrophomonas maltophilia,40324,0,Gammaproteobacteria,1236,3097,4176,GBPCPCFC_00562,GBPCPCFC_00564,mRNA
GBPCPCFC_00564,gnl|Prokka|GBPCPCFC_8,12,9365,0.0041,614.25,390.5326,0.4202,0.0,0.6687,2.7297,1398,2.0069,0.6961,0.2484,0,0,0.1794,0.0046,0.4787,0.0,0.6466,-0.7506,2.3402,4.340051427270523,2.729172073014844,-1.5136640712217606,GBPCPCFC_00564-0,GBPCPCFC_00564-0,Rhizopus arrhizus,64495,80.7,6.65e-145,431,Rhizopus arrhizus,64495,,,Rhizopus arrhizus,64495,0,Rhizopus,4842,4449,5846,GBPCPCFC_00563,GBPCPCFC_00565,mRNA
GBPCPCFC_00565,gnl|Prokka|GBPCPCFC_8,12,9365,0.0041,614.25,390.5326,0.4202,0.0,0.6687,2.7297,534,-0.2055,-0.4832,0.4212,0,0,0.2327,0.0004,0.32,0.0,0.6816,0.5102,2.6527,4.467312919943204,0.6852753599596915,-0.9961953040009298,GBPCPCFC_00565-0,GBPCPCFC_00565-0,Stenotrophomonas maltophilia,40324,71.2,1.52e-66,215,Stenotrophomonas maltophilia,40324,,,Stenotrophomonas maltophilia,40324,0,Gammaproteobacteria,1236,6122,6655,GBPCPCFC_00564,GBPCPCFC_00566,mRNA
GBPCPCFC_00566,gnl|Prokka|GBPCPCFC_8,12,9365,0.0041,614.25,390.5326,0.4202,0.0,0.6687,2.7297,720,0.2708,-0.2293,0.6448,0,0,0.0643,0.3483,0.5009,0.0,0.6597,-0.2794,2.457,4.687263938588065,0.9637242104376712,-0.42571822989542124,GBPCPCFC_00566-0,GBPCPCFC_00566-0,Rhizopus arrhizus,64495,75.7,9.48e-100,303,Rhizopus arrhizus,64495,,,Rhizopus arrhizus,64495,0,Rhizopus,4842,6983,7702,GBPCPCFC_00565,GBPCPCFC_00567,mRNA
GBPCPCFC_00567,gnl|Prokka|GBPCPCFC_8,12,9365,0.0041,614.25,390.5326,0.4202,0.0,0.6687,2.7297,162,-1.158,-0.991,0.6813,0,0,0.1524,0.0653,0.2727,0.0008,0.642,-0.9185,2.2986,4.649061027716962,-0.5608809152254906,-0.31916549076870915,GBPCPCFC_00567-0,GBPCPCFC_00567-0,Rhizopus arrhizus,64495,84.3,1.82e-16,80.1,Rhizopus arrhizus,64495,,,Rhizopus arrhizus,64495,0,Rhizopus,4842,7712,7873,GBPCPCFC_00566,GBPCPCFC_00568,mRNA
GBPCPCFC_00568,gnl|Prokka|GBPCPCFC_8,12,9365,0.0041,614.25,390.5326,0.4202,0.0,0.6687,2.7297,237,-0.966,-0.8886,0.7396,0,0,0.2015,0.0077,0.4337,0.0,0.6414,-0.941,2.293,4.688574240578371,0.34031106030589137,-0.15187860960209737,GBPCPCFC_00568-0,GBPCPCFC_00568-0,Rhizopus arrhizus,64495,81.8,6.61e-30,115,Rhizopus arrhizus,64495,,,Rhizopus arrhizus,64495,0,Rhizopus,4842,7910,8146,GBPCPCFC_00567,GBPCPCFC_00569,mRNA
GBPCPCFC_00569,gnl|Prokka|GBPCPCFC_8,12,9365,0.0041,614.25,390.5326,0.4202,0.0,0.6687,2.7297,171,-1.135,-0.9787,0.78,0,0,0.0523,0.4738,0.0658,0.3669,0.6257,-1.5035,2.1536,4.6363921869209,-1.673721318027686,-0.1494757424552986,GBPCPCFC_00569-0,GBPCPCFC_00569-0,Rhizopus microsporus,58291,75.0,9.03e-20,85.9,Rhizopus,4842,,,Rhizopus,4842,0,Rhizopus,4842,8165,8335,GBPCPCFC_00568,GBPCPCFC_00570,mRNA
GBPCPCFC_00570,gnl|Prokka|GBPCPCFC_8,12,9365,0.0041,614.25,390.5326,0.4202,0.0,0.6687,2.7297,321,-0.7509,-0.7739,0.9378,1,0,-0.0236,0.7353,0.3413,0.0,0.6573,-0.3659,2.4356,5.827972514727269,-0.4559629776866102,4.7384016848927955,GBPCPCFC_00570-0,GBPCPCFC_00570-0,Rhizopus microsporus,58291,84.9,4.50e-45,152,Rhizopus,4842,,,Rhizopus,4842,0,Rhizopus,4842,8754,9074,GBPCPCFC_00569,,mRNA
GBPCPCFC_00129,gnl|Prokka|GBPCPCFC_3,10,12551,0.0055,1089.0,1057.6742,0.4835,0.0,0.6622,2.6688,1659,0.5389,1.0523,0.9794,1,0,0.3754,0.0,0.5017,0.0,0.6715,0.1632,2.562,1.63127068056931,3.231329996236145,6.237198773272149,GBPCPCFC_00129-0,GBPCPCFC_00129-0,Rhizopus arrhizus,64495,77.8,4.63e-86,280,Rhizopus arrhizus,64495,,,Rhizopus arrhizus,64495,0,Rhizopus,4842,130,1788,,GBPCPCFC_00130,mRNA
GBPCPCFC_00130,gnl|Prokka|GBPCPCFC_3,10,12551,0.0055,1089.0,1057.6742,0.4835,0.0,0.6622,2.6688,339,-0.7091,-0.7494,0.7162,0,0,0.0808,0.2273,0.2697,0.0,0.6667,-0.0251,2.519,0.9211364466660458,-0.6067398787896409,1.282455723280688,GBPCPCFC_00130-0,GBPCPCFC_00130-0,Stenotrophomonas maltophilia,40324,99.1,5.53e-52,169,Gammaproteobacteria,1236,,,Gammaproteobacteria,1236,0,Gammaproteobacteria,1236,1782,2120,GBPCPCFC_00129,GBPCPCFC_00131,mRNA
GBPCPCFC_00131,gnl|Prokka|GBPCPCFC_3,10,12551,0.0055,1089.0,1057.6742,0.4835,0.0,0.6622,2.6688,501,-0.5559,-0.5283,0.6375,0,0,-0.0262,0.6938,0.265,0.0001,0.6647,-0.1031,2.5012,0.9529446900291265,-0.8731338978417506,1.102379008566464,GBPCPCFC_00131-0,GBPCPCFC_00131-0,Stenotrophomonas indicatrix,2045451,42.6,1.18e-15,82.4,Stenotrophomonas indicatrix,2045451,,,Stenotrophomonas indicatrix,2045451,0,Gammaproteobacteria,1236,2276,2776,GBPCPCFC_00130,GBPCPCFC_00132,mRNA
GBPCPCFC_00132,gnl|Prokka|GBPCPCFC_3,10,12551,0.0055,1089.0,1057.6742,0.4835,0.0,0.6622,2.6688,180,-0.8594,-0.9664,0.5342,0,0,0.0194,0.7895,0.1364,0.0592,0.6611,-0.2421,2.4694,0.8896998601896778,-1.4933907694176443,0.8410793919775447,GBPCPCFC_00132-0,GBPCPCFC_00132-0,,,,,,,,,,,,0,Unassigned,,2924,3103,GBPCPCFC_00131,GBPCPCFC_00133,mRNA
GBPCPCFC_00133,gnl|Prokka|GBPCPCFC_3,10,12551,0.0055,1089.0,1057.6742,0.4835,0.0,0.6622,2.6688,417,-0.6354,-0.6429,0.4775,0,0,0.0463,0.486,0.3498,0.0,0.6451,-0.8681,2.3263,0.9239552227959462,-0.37025206451685744,0.7587251198356131,GBPCPCFC_00133-0,GBPCPCFC_00133-0,,,,,,,,,,,,0,Unassigned,,3280,3696,GBPCPCFC_00132,GBPCPCFC_00134,mRNA
GBPCPCFC_00134,gnl|Prokka|GBPCPCFC_3,10,12551,0.0055,1089.0,1057.6742,0.4835,0.0,0.6622,2.6688,957,-0.1248,0.0941,0.4351,0,0,0.1542,0.0135,0.4287,0.0,0.6082,-2.3107,1.9967,0.7763007518890472,0.9794837708563678,0.6177368987809433,GBPCPCFC_00134-0,GBPCPCFC_00134-0,Stenotrophomonas maltophilia,40324,91.5,6.69e-211,588,Stenotrophomonas maltophilia,40324,,,Stenotrophomonas maltophilia,40324,0,Gammaproteobacteria,1236,3546,4502,GBPCPCFC_00133,GBPCPCFC_00135,mRNA
GBPCPCFC_00135,gnl|Prokka|GBPCPCFC_3,10,12551,0.0055,1089.0,1057.6742,0.4835,0.0,0.6622,2.6688,1068,-0.0199,0.2456,0.2512,0,0,0.2427,0.0001,0.5245,0.0,0.6592,-0.3177,2.4521,0.7004553688049412,1.8147854910867784,0.2011991350422517,GBPCPCFC_00135-0,GBPCPCFC_00135-0,,,,,,,,,,,,0,Unassigned,,4700,5767,GBPCPCFC_00134,GBPCPCFC_00136,mRNA
GBPCPCFC_00136,gnl|Prokka|GBPCPCFC_3,10,12551,0.0055,1089.0,1057.6742,0.4835,0.0,0.6622,2.6688,1464,0.3546,0.7861,0.2465,0,0,0.259,0.0,0.5262,0.0,0.6516,-0.6121,2.3849,0.6159932021282951,2.349683528400723,0.149800722885864,GBPCPCFC_00136-0,GBPCPCFC_00136-0,,,,,,,,,,,,0,Unassigned,,6360,7823,GBPCPCFC_00135,GBPCPCFC_00137,mRNA
GBPCPCFC_00137,gnl|Prokka|GBPCPCFC_3,10,12551,0.0055,1089.0,1057.6742,0.4835,0.0,0.6622,2.6688,384,-0.6666,-0.6879,0.3646,0,0,0.169,0.0098,0.2562,0.0001,0.638,-1.144,2.2633,0.7664349570064769,-0.21512047715231922,0.4463534797944838,GBPCPCFC_00137-0,GBPCPCFC_00137-0,,,,,,,,,,,,0,Unassigned,,8181,8564,GBPCPCFC_00136,GBPCPCFC_00138,mRNA
GBPCPCFC_00138,gnl|Prokka|GBPCPCFC_3,10,12551,0.0055,1089.0,1057.6742,0.4835,0.0,0.6622,2.6688,3921,2.6776,4.1397,0.9909,1,0,0.3194,0.0,0.7063,0.0,0.694,1.0408,2.7625,1.368443134149684,6.336232327456273,6.127832551420019,GBPCPCFC_00138-0,GBPCPCFC_00138-0,Betaproteobacteria bacterium ADurb.Bin341,1852821,43.7,1.16e-09,70.5,Betaproteobacteria bacterium ADurb.Bin341,1852821,,,Betaproteobacteria bacterium ADurb.Bin341,1852821,0,Betaproteobacteria,28216,8574,12494,GBPCPCFC_00137,,mRNA
GBPCPCFC_00147,gnl|Prokka|GBPCPCFC_5,11,13208,0.0058,1051.6364,753.1205,0.5029,0.0,0.6379,2.4403,636,-0.5519,-0.344,0.9873,1,0,0.1999,0.0021,0.3175,0.0,0.6588,0.6844,2.4488,2.8806696234860363,0.6902861923441059,5.963125890427618,GBPCPCFC_00147-0,GBPCPCFC_00147-0,Stenotrophomonas maltophilia,40324,95.7,1.33e-98,302,cellular organisms,131567,Ecdysozoa,1206794,Ecdysozoa,1206794,1,Eumetazoa,6072,85,720,,GBPCPCFC_00148,mRNA
GBPCPCFC_00148,gnl|Prokka|GBPCPCFC_5,11,13208,0.0058,1051.6364,753.1205,0.5029,0.0,0.6379,2.4403,1023,-0.038,0.1842,0.8688,0,0,0.3259,0.0,0.4796,0.0,0.6637,0.8345,2.4928,1.770912274360511,2.002548275380151,1.2329668654312607,GBPCPCFC_00148-0,GBPCPCFC_00148-0,Ditylenchus destructor,166010,33.0,5.23e-15,87.8,Ditylenchus destructor,166010,,,Ditylenchus destructor,166010,0,Eumetazoa,6072,867,1889,GBPCPCFC_00147,GBPCPCFC_00149,mRNA
GBPCPCFC_00149,gnl|Prokka|GBPCPCFC_5,11,13208,0.0058,1051.6364,753.1205,0.5029,0.0,0.6379,2.4403,873,-0.2372,-0.0205,0.6812,0,0,0.1271,0.0488,0.4698,0.0,0.6472,0.3309,2.3452,1.9052124528298444,0.9523148099440876,0.850246686882245,GBPCPCFC_00149-0,GBPCPCFC_00149-0,Corchorus olitorius,93759,28.6,5.26e-08,65.9,rosids,71275,,,rosids,71275,0,Pentapetalae,1437201,2106,2978,GBPCPCFC_00148,GBPCPCFC_00150,mRNA
GBPCPCFC_00150,gnl|Prokka|GBPCPCFC_5,11,13208,0.0058,1051.6364,753.1205,0.5029,0.0,0.6379,2.4403,2127,1.4279,1.6911,0.5369,0,0,0.373,0.0,0.6458,0.0,0.654,0.5373,2.4057,1.5336846196222615,4.286146732920584,0.380663291453053,GBPCPCFC_00150-0,GBPCPCFC_00150-0,,,,,,,,,,,,0,Unassigned,,3059,5185,GBPCPCFC_00149,GBPCPCFC_00151,mRNA
GBPCPCFC_00151,gnl|Prokka|GBPCPCFC_5,11,13208,0.0058,1051.6364,753.1205,0.5029,0.0,0.6379,2.4403,333,-0.9542,-0.7576,0.1517,0,0,0.1549,0.0193,0.2819,0.0,0.6366,0.0095,2.251,1.7838227845926733,-0.2797704647279744,-0.37651626156221724,GBPCPCFC_00151-0,GBPCPCFC_00151-0,,,,,,,,,,,,0,Unassigned,,5602,5934,GBPCPCFC_00150,GBPCPCFC_00152,mRNA
GBPCPCFC_00152,gnl|Prokka|GBPCPCFC_5,11,13208,0.0058,1051.6364,753.1205,0.5029,0.0,0.6379,2.4403,2133,1.4358,1.6993,0.2461,0,0,0.0218,0.7279,0.4449,0.0,0.5696,-2.0308,1.6528,1.6317859255947593,2.166839778373913,-0.3010218027984248,GBPCPCFC_00152-0,GBPCPCFC_00152-0,Stenotrophomonas maltophilia,40324,74.9,0.0,966,Stenotrophomonas maltophilia,40324,,,Stenotrophomonas maltophilia,40324,0,Gammaproteobacteria,1236,6098,8230,GBPCPCFC_00151,GBPCPCFC_00153,mRNA
GBPCPCFC_00153,gnl|Prokka|GBPCPCFC_5,11,13208,0.0058,1051.6364,753.1205,0.5029,0.0,0.6379,2.4403,378,-0.8945,-0.6961,0.3147,0,0,0.1954,0.0036,0.2482,0.0002,0.672,1.0848,2.5662,1.7614140160344216,-0.17613565728521768,-0.025081922667847617,GBPCPCFC_00153-0,GBPCPCFC_00153-0,,,,,,,,,,,,0,Unassigned,,8306,8683,GBPCPCFC_00152,GBPCPCFC_00154,mRNA
GBPCPCFC_00154,gnl|Prokka|GBPCPCFC_5,11,13208,0.0058,1051.6364,753.1205,0.5029,0.0,0.6379,2.4403,813,-0.3169,-0.1024,0.4406,0,0,0.0998,0.1111,0.2735,0.0,0.6458,0.2872,2.3323,1.7865177365751,0.09810753242738338,0.23720015295730396,GBPCPCFC_00154-0,GBPCPCFC_00154-0,,,,,,,,,,,,0,Unassigned,,8702,9514,GBPCPCFC_00153,GBPCPCFC_00155,mRNA
GBPCPCFC_00155,gnl|Prokka|GBPCPCFC_5,11,13208,0.0058,1051.6364,753.1205,0.5029,0.0,0.6379,2.4403,2415,1.8103,2.0842,0.8081,0,0,0.3511,0.0,0.6994,0.0,0.6414,0.1548,2.2935,1.5774747436006458,4.754682420364804,0.9936948172662063,GBPCPCFC_00155-0,GBPCPCFC_00155-0,Tanacetum cinerariifolium,118510,26.6,7.36e-07,67.0,Tanacetum cinerariifolium,118510,,,Tanacetum cinerariifolium,118510,0,Pentapetalae,1437201,9527,11941,GBPCPCFC_00154,GBPCPCFC_00156,mRNA
GBPCPCFC_00156,gnl|Prokka|GBPCPCFC_5,11,13208,0.0058,1051.6364,753.1205,0.5029,0.0,0.6379,2.4403,318,-0.9741,-0.778,0.846,0,0,0.2727,0.0001,0.1903,0.0065,0.6478,0.3493,2.3506,1.7967389878537754,-0.16691416551018776,1.1742523670830465,GBPCPCFC_00156-0,GBPCPCFC_00156-0,,,,,,,,,,,,0,Unassigned,,11874,12191,GBPCPCFC_00155,GBPCPCFC_00157,mRNA
GBPCPCFC_00157,gnl|Prokka|GBPCPCFC_5,11,13208,0.0058,1051.6364,753.1205,0.5029,0.0,0.6379,2.4403,519,-0.7072,-0.5037,0.9627,1,0,0.1226,0.0736,0.2851,0.0,0.6667,0.9238,2.519,2.9399217831409463,0.10120824198695495,5.923000219897604,GBPCPCFC_00157-0,GBPCPCFC_00157-0,Ricinus communis,3988,34.9,2.09e-17,90.1,Ricinus communis,3988,,,Ricinus communis,3988,0,Pentapetalae,1437201,12444,12962,GBPCPCFC_00156,,mRNA
GBPCPCFC_00580,gnl|Prokka|GBPCPCFC_10,13,10469,0.0046,741.2308,455.1238,0.5478,0.0,0.6628,2.6747,747,0.0127,-0.1925,0.9937,1,0,0.3245,0.0,0.4978,0.0,0.6814,0.8805,2.6504,4.553813393174775,2.134572475009689,5.038991139011844,GBPCPCFC_00580-0,GBPCPCFC_00580-0,Bordetella pertussis STO1-CHOC-0018,1331278,44.3,5.22e-31,132,Bordetella pertussis,520,,,Bordetella pertussis,520,0,Betaproteobacteria,28216,34,780,,GBPCPCFC_00581,mRNA
GBPCPCFC_00581,gnl|Prokka|GBPCPCFC_10,13,10469,0.0046,741.2308,455.1238,0.5478,0.0,0.6628,2.6747,381,-0.7915,-0.692,0.8517,0,0,0.1151,0.0915,0.4135,0.0,0.7139,2.5336,2.9406,3.725166520796224,0.03021545700731084,0.3425314247708805,GBPCPCFC_00581-0,GBPCPCFC_00581-0,Tanacetum cinerariifolium,118510,50.0,1.29e-16,86.7,Tanacetum cinerariifolium,118510,,,Tanacetum cinerariifolium,118510,0,Pentapetalae,1437201,777,1157,GBPCPCFC_00580,GBPCPCFC_00582,mRNA
GBPCPCFC_00582,gnl|Prokka|GBPCPCFC_10,13,10469,0.0046,741.2308,455.1238,0.5478,0.0,0.6628,2.6747,672,-0.1521,-0.2949,0.7778,0,0,0.4085,0.0,0.4737,0.0,0.6577,-0.322,2.4393,3.4534087196597096,1.9789026387407271,0.08727488559172396,GBPCPCFC_00582-0,GBPCPCFC_00582-0,Pseudomonas koreensis,198620,81.4,3.40e-97,291,Pseudomonas koreensis,198620,,,Pseudomonas koreensis,198620,0,Gammaproteobacteria,1236,1164,1835,GBPCPCFC_00581,GBPCPCFC_00583,mRNA
GBPCPCFC_00583,gnl|Prokka|GBPCPCFC_10,13,10469,0.0046,741.2308,455.1238,0.5478,0.0,0.6628,2.6747,594,-0.3235,-0.4013,0.6515,0,0,0.1663,0.0097,0.4588,0.0,0.6481,-0.8095,2.3537,3.618841927710869,0.7921164086974195,-0.15229727988347674,GBPCPCFC_00583-0,GBPCPCFC_00583-0,Ketogulonicigenium vulgare WSH-001,759362,38.6,1.41e-25,108,Ketogulonicigenium vulgare WSH-001,759362,,,Ketogulonicigenium vulgare WSH-001,759362,0,Alphaproteobacteria,28211,1825,2418,GBPCPCFC_00582,GBPCPCFC_00584,mRNA
GBPCPCFC_00584,gnl|Prokka|GBPCPCFC_10,13,10469,0.0046,741.2308,455.1238,0.5478,0.0,0.6628,2.6747,582,-0.3499,-0.4177,0.5153,0,0,0.1151,0.0788,0.3617,0.0,0.6564,-0.3922,2.427,3.5817389564829334,0.23268843282612012,-0.4899402344098276,GBPCPCFC_00584-0,GBPCPCFC_00584-0,Rhizopus delemar,936053,77.6,1.04e-83,256,Rhizopus delemar,936053,,,Rhizopus delemar,936053,0,Rhizopus,4842,2538,3119,GBPCPCFC_00583,GBPCPCFC_00585,mRNA
GBPCPCFC_00585,gnl|Prokka|GBPCPCFC_10,13,10469,0.0046,741.2308,455.1238,0.5478,0.0,0.6628,2.6747,2175,3.1503,1.7566,0.3947,0,0,0.1658,0.0078,0.5728,0.0,0.6639,-0.0083,2.4944,3.2579335869234582,4.035154519761783,-1.0004343480130737,GBPCPCFC_00585-0,GBPCPCFC_00585-0,Pseudomonas amygdali pv. tabaci,322,35.5,1.10e-69,248,cellular organisms,131567,Opisthokonta,33154,Opisthokonta,33154,1,Opisthokonta,33154,3169,5343,GBPCPCFC_00584,GBPCPCFC_00586,mRNA
GBPCPCFC_00586,gnl|Prokka|GBPCPCFC_10,13,10469,0.0046,741.2308,455.1238,0.5478,0.0,0.6628,2.6747,702,-0.0862,-0.2539,0.1232,0,0,0.2004,0.0021,0.4255,0.0,0.6781,0.7112,2.6207,3.4407342885228496,1.0438020369462662,-1.409666056052722,GBPCPCFC_00586-0,GBPCPCFC_00586-0,Rhizopus arrhizus,64495,59.6,1.18e-15,82.4,Rhizopus arrhizus,64495,,,Rhizopus arrhizus,64495,0,Rhizopus,4842,5179,5880,GBPCPCFC_00585,GBPCPCFC_00587,mRNA
GBPCPCFC_00587,gnl|Prokka|GBPCPCFC_10,13,10469,0.0046,741.2308,455.1238,0.5478,0.0,0.6628,2.6747,423,-0.6992,-0.6347,0.2081,0,0,0.0392,0.5514,0.2327,0.0003,0.6241,-2.0314,2.1392,3.545018691379181,-0.7920461175700456,-1.20178478341916,GBPCPCFC_00587-0,GBPCPCFC_00587-0,Klebsiella pneumoniae,573,36.4,6.29e-08,61.6,Klebsiella pneumoniae,573,,,Klebsiella pneumoniae,573,0,Gammaproteobacteria,1236,5902,6324,GBPCPCFC_00586,GBPCPCFC_00588,mRNA
GBPCPCFC_00588,gnl|Prokka|GBPCPCFC_10,13,10469,0.0046,741.2308,455.1238,0.5478,0.0,0.6628,2.6747,762,0.0456,-0.172,0.4068,0,0,0.2937,0.0,0.53,0.0,0.6522,-0.602,2.3901,3.469836652708221,1.880184868442358,-0.7455504478265591,GBPCPCFC_00588-0,GBPCPCFC_00588-0,Tanacetum cinerariifolium,118510,57.7,1.08e-60,218,Tanacetum cinerariifolium,118510,,,Tanacetum cinerariifolium,118510,0,Pentapetalae,1437201,6603,7364,GBPCPCFC_00587,GBPCPCFC_00589,mRNA
GBPCPCFC_00589,gnl|Prokka|GBPCPCFC_10,13,10469,0.0046,741.2308,455.1238,0.5478,0.0,0.6628,2.6747,294,-0.9827,-0.8108,0.4853,0,0,0.0571,0.4005,0.2025,0.0026,0.6361,-1.4243,2.2458,3.603949886491987,-1.0692551404937367,-0.5518142387826742,GBPCPCFC_00589-0,GBPCPCFC_00589-0,,,,,,,,,,,,0,Unassigned,,7482,7775,GBPCPCFC_00588,GBPCPCFC_00590,mRNA
GBPCPCFC_00590,gnl|Prokka|GBPCPCFC_10,13,10469,0.0046,741.2308,455.1238,0.5478,0.0,0.6628,2.6747,1077,0.7378,0.2579,0.6934,0,0,0.2948,0.0,0.4206,0.0,0.6862,1.1231,2.693,3.3999197035441,2.058119157578734,-0.18235998270132553,GBPCPCFC_00590-0,GBPCPCFC_00590-0,Rhizopus arrhizus,64495,91.7,5.46e-118,350,Rhizopus arrhizus,64495,,,Rhizopus arrhizus,64495,0,Rhizopus,4842,7788,8864,GBPCPCFC_00589,GBPCPCFC_00591,mRNA
GBPCPCFC_00591,gnl|Prokka|GBPCPCFC_10,13,10469,0.0046,741.2308,455.1238,0.5478,0.0,0.6628,2.6747,555,-0.4092,-0.4546,0.8122,0,0,0.2488,0.0001,0.2859,0.0,0.6306,-1.7,2.1973,3.51100387091244,0.4610532192301937,0.14966031372420704,GBPCPCFC_00591-0,GBPCPCFC_00591-0,Rhizopus arrhizus,64495,88.4,1.13e-104,311,Rhizopus arrhizus,64495,,,Rhizopus arrhizus,64495,0,Rhizopus,4842,8932,9486,GBPCPCFC_00590,GBPCPCFC_00592,mRNA
GBPCPCFC_00592,gnl|Prokka|GBPCPCFC_10,13,10469,0.0046,741.2308,455.1238,0.5478,0.0,0.6628,2.6747,672,-0.1521,-0.2949,0.9996,1,0,0.2781,0.0,0.3682,0.0,0.6726,0.4345,2.5721,4.5407330775609545,1.3622955666581702,5.028627083521052,GBPCPCFC_00592-0,GBPCPCFC_00592-0,Rhizopus microsporus,58291,88.3,1.53e-116,351,Rhizopus microsporus,58291,,,Rhizopus microsporus,58291,0,Rhizopus,4842,9796,10467,GBPCPCFC_00591,,mRNA
GBPCPCFC_00788,gnl|Prokka|GBPCPCFC_17,20,18408,0.0081,830.25,428.7984,0.516,0.0,0.6737,2.7768,882,0.1207,-0.0082,0.9878,1,0,0.1474,0.0223,0.3807,0.0,0.6939,0.5264,2.7618,4.521496557053019,1.2113210912979289,5.182442071676472,GBPCPCFC_00788-0,GBPCPCFC_00788-0,Stenotrophomonas maltophilia,40324,99.0,9.33e-190,534,cellular organisms,131567,Opisthokonta,33154,Opisthokonta,33154,1,Opisthokonta,33154,113,994,,GBPCPCFC_00789,mRNA
GBPCPCFC_00789,gnl|Prokka|GBPCPCFC_17,20,18408,0.0081,830.25,428.7984,0.516,0.0,0.6737,2.7768,1488,1.5339,0.8189,0.9054,0,0,0.1623,0.0116,0.4621,0.0,0.6983,0.6813,2.8009,3.393972717453086,2.3879362469073695,0.45508487144915466,GBPCPCFC_00789-0,GBPCPCFC_00789-0,Rhizopus arrhizus,64495,70.4,2.96e-31,129,Rhizopus arrhizus,64495,,,Rhizopus arrhizus,64495,0,Rhizopus,4842,872,2359,GBPCPCFC_00788,GBPCPCFC_00790,mRNA
GBPCPCFC_00790,gnl|Prokka|GBPCPCFC_17,20,18408,0.0081,830.25,428.7984,0.516,0.0,0.6737,2.7768,1326,1.1561,0.5978,0.728,0,0,0.2588,0.0001,0.4126,0.0,0.6757,-0.1167,2.5997,3.2975830156508787,2.3259586488635238,0.0429869897249044,GBPCPCFC_00790-0,GBPCPCFC_00790-0,Rhizopus arrhizus,64495,89.2,1.49e-104,318,Rhizopus arrhizus,64495,,,Rhizopus arrhizus,64495,0,Rhizopus,4842,2504,3829,GBPCPCFC_00789,GBPCPCFC_00791,mRNA
GBPCPCFC_00791,gnl|Prokka|GBPCPCFC_17,20,18408,0.0081,830.25,428.7984,0.516,0.0,0.6737,2.7768,888,0.1347,-0.0,0.5745,0,0,0.2111,0.001,0.488,0.0,0.6881,0.3205,2.7099,3.4436178699871793,1.5799019999720743,-0.18962226818579137,GBPCPCFC_00791-0,GBPCPCFC_00791-0,Stenotrophomonas maltophilia,40324,99.7,1.87e-210,585,cellular organisms,131567,Opisthokonta,33154,Opisthokonta,33154,1,Opisthokonta,33154,3917,4804,GBPCPCFC_00790,GBPCPCFC_00792,mRNA
GBPCPCFC_00792,gnl|Prokka|GBPCPCFC_17,20,18408,0.0081,830.25,428.7984,0.516,0.0,0.6737,2.7768,609,-0.516,-0.3808,0.4692,0,0,0.0727,0.2746,0.229,0.0005,0.6814,0.0861,2.6509,3.4585815597446494,-0.3965860102398755,-0.4456065340390154,GBPCPCFC_00792-0,GBPCPCFC_00792-0,,,,,,,,,,,,0,Unassigned,,4886,5494,GBPCPCFC_00791,GBPCPCFC_00793,mRNA
GBPCPCFC_00793,gnl|Prokka|GBPCPCFC_17,20,18408,0.0081,830.25,428.7984,0.516,0.0,0.6737,2.7768,417,-0.9637,-0.6429,0.3958,0,0,0.0733,0.2632,0.1661,0.0107,0.6283,-1.7959,2.1765,3.455987934413971,-0.9633522105129777,-0.5997232352583649,GBPCPCFC_00793-0,GBPCPCFC_00793-0,,,,,,,,,,,,0,Unassigned,,5561,5977,GBPCPCFC_00792,GBPCPCFC_00794,mRNA
GBPCPCFC_00794,gnl|Prokka|GBPCPCFC_17,20,18408,0.0081,830.25,428.7984,0.516,0.0,0.6737,2.7768,840,0.0227,-0.0656,0.3467,0,0,0.2793,0.0,0.4463,0.0,0.6702,-0.3107,2.5509,3.334863849044031,1.6431905822263784,-0.7327922118511818,GBPCPCFC_00794-0,GBPCPCFC_00794-0,Xanthomonas citri pv. citri,611301,48.3,8.92e-26,115,Xanthomonas citri pv. citri,611301,,,Xanthomonas citri pv. citri,611301,0,Gammaproteobacteria,1236,6013,6852,GBPCPCFC_00793,GBPCPCFC_00795,mRNA
GBPCPCFC_00795,gnl|Prokka|GBPCPCFC_17,20,18408,0.0081,830.25,428.7984,0.516,0.0,0.6737,2.7768,2016,2.7653,1.5396,0.2615,0,0,0.3467,0.0,0.511,0.0,0.6999,0.7397,2.8156,3.0211803315997066,4.341283696085189,-1.1500962856019,GBPCPCFC_00795-0,GBPCPCFC_00795-0,Rhizopus arrhizus,64495,77.6,5.38e-71,240,Fungi,4751,,,Fungi,4751,0,Fungi,4751,6797,8812,GBPCPCFC_00794,GBPCPCFC_00796,mRNA
GBPCPCFC_00796,gnl|Prokka|GBPCPCFC_17,20,18408,0.0081,830.25,428.7984,0.516,0.0,0.6737,2.7768,543,-0.6699,-0.4709,0.0447,0,0,0.1354,0.0416,0.3502,0.0,0.7017,0.8019,2.8313,3.400605305310068,0.18104672007208805,-1.3801077974684095,GBPCPCFC_00796-0,GBPCPCFC_00796-0,Rhizopus arrhizus,64495,84.7,6.39e-62,206,Rhizopus arrhizus,64495,,,Rhizopus arrhizus,64495,0,Rhizopus,4842,8793,9335,GBPCPCFC_00795,GBPCPCFC_00797,mRNA
GBPCPCFC_00797,gnl|Prokka|GBPCPCFC_17,20,18408,0.0081,830.25,428.7984,0.516,0.0,0.6737,2.7768,594,-0.551,-0.4013,0.0745,0,0,0.092,0.1917,0.333,0.0,0.7273,1.7089,3.0599,3.4184457923244316,0.03562701301407254,-1.3198932435504849,GBPCPCFC_00797-0,GBPCPCFC_00797-0,Rhizopus arrhizus,64495,100,9.63e-17,87.4,Rhizopus arrhizus,64495,,,Rhizopus arrhizus,64495,0,Rhizopus,4842,9298,9891,GBPCPCFC_00796,GBPCPCFC_00798,mRNA
GBPCPCFC_00798,gnl|Prokka|GBPCPCFC_17,20,18408,0.0081,830.25,428.7984,0.516,0.0,0.6737,2.7768,696,-0.3131,-0.2621,0.1541,0,0,0.2138,0.0008,0.3479,0.0,0.6379,-1.4547,2.2625,3.3273398800579828,0.7765472782975271,-1.172403580391221,GBPCPCFC_00798-0,GBPCPCFC_00798-0,,,,,,,,,,,,0,Unassigned,,9928,10623,GBPCPCFC_00797,GBPCPCFC_00799,mRNA
GBPCPCFC_00799,gnl|Prokka|GBPCPCFC_17,20,18408,0.0081,830.25,428.7984,0.516,0.0,0.6737,2.7768,918,0.2046,0.0409,0.2765,0,0,0.2176,0.0007,0.4012,0.0,0.6743,-0.1672,2.587,3.3248114161405966,1.3822097851439246,-0.9153978625020249,GBPCPCFC_00799-0,GBPCPCFC_00799-0,Rhizopus arrhizus,64495,74.8,3.39e-62,204,Rhizopus arrhizus,64495,,,Rhizopus arrhizus,64495,0,Rhizopus,4842,10833,11750,GBPCPCFC_00798,GBPCPCFC_00800,mRNA
GBPCPCFC_00800,gnl|Prokka|GBPCPCFC_17,20,18408,0.0081,830.25,428.7984,0.516,0.0,0.6737,2.7768,1278,1.0442,0.5323,0.399,0,0,0.1849,0.004,0.4429,0.0,0.6839,0.1724,2.6726,3.3110540462016886,2.053549542653731,-0.6830084536735413,GBPCPCFC_00800-0,GBPCPCFC_00800-0,Stenotrophomonas maltophilia,40324,100,1.29e-304,837,Bacteria,2,,,Bacteria,2,0,Bacteria,2,11600,12877,GBPCPCFC_00799,GBPCPCFC_00801,mRNA
GBPCPCFC_00801,gnl|Prokka|GBPCPCFC_17,20,18408,0.0081,830.25,428.7984,0.516,0.0,0.6737,2.7768,1158,0.7643,0.3685,0.5204,0,0,0.146,0.0231,0.2307,0.0003,0.6926,0.4802,2.7502,3.2852048870179167,0.9331804431326034,-0.4480067984138349,GBPCPCFC_00801-0,GBPCPCFC_00801-0,,,,,,,,,,,,0,Unassigned,,12837,13994,GBPCPCFC_00800,GBPCPCFC_00802,mRNA
GBPCPCFC_00802,gnl|Prokka|GBPCPCFC_17,20,18408,0.0081,830.25,428.7984,0.516,0.0,0.6737,2.7768,300,-1.2366,-0.8026,0.5673,0,0,0.2376,0.0007,0.2624,0.0002,0.68,0.035,2.638,3.4458439562538046,-0.18013823819225555,-0.17545728822308118,GBPCPCFC_00802-0,GBPCPCFC_00802-0,,,,,,,,,,,,0,Unassigned,,14127,14426,GBPCPCFC_00801,GBPCPCFC_00803,mRNA
GBPCPCFC_00803,gnl|Prokka|GBPCPCFC_17,20,18408,0.0081,830.25,428.7984,0.516,0.0,0.6737,2.7768,411,-0.9777,-0.6511,0.6201,0,0,0.0383,0.5796,0.2122,0.0019,0.6715,-0.2649,2.5624,3.554202982724796,-0.97469916332964,-0.058225610396971716,GBPCPCFC_00803-0,GBPCPCFC_00803-0,,,,,,,,,,,,0,Unassigned,,14502,14912,GBPCPCFC_00802,GBPCPCFC_00804,mRNA
GBPCPCFC_00804,gnl|Prokka|GBPCPCFC_17,20,18408,0.0081,830.25,428.7984,0.516,0.0,0.6737,2.7768,621,-0.488,-0.3645,0.695,0,0,0.0543,0.407,0.3586,0.0,0.6667,-0.4372,2.519,3.5831932495589345,-0.018654375855189503,0.12260561569021142,GBPCPCFC_00804-0,GBPCPCFC_00804-0,Luteimonas sp. BDR2-5,2878685,54.9,3.46e-23,100,Luteimonas sp. BDR2-5,2878685,,,Luteimonas sp. BDR2-5,2878685,0,Gammaproteobacteria,1236,14981,15601,GBPCPCFC_00803,GBPCPCFC_00805,mRNA
GBPCPCFC_00805,gnl|Prokka|GBPCPCFC_17,20,18408,0.0081,830.25,428.7984,0.516,0.0,0.6737,2.7768,828,-0.0052,-0.0819,0.803,0,0,0.1956,0.0022,0.2851,0.0,0.6667,-0.4372,2.519,3.4131856614567697,0.6940527847739095,0.27990551005514014,GBPCPCFC_00805-0,GBPCPCFC_00805-0,Stenotrophomonas sp. CC22-02,1378087,93.3,1.38e-175,495,cellular organisms,131567,Opisthokonta,33154,Opisthokonta,33154,1,Opisthokonta,33154,15768,16595,GBPCPCFC_00804,GBPCPCFC_00806,mRNA
GBPCPCFC_00806,gnl|Prokka|GBPCPCFC_17,20,18408,0.0081,830.25,428.7984,0.516,0.0,0.6737,2.7768,303,-1.2296,-0.7985,0.9165,0,0,0.0913,0.1856,0.2347,0.0006,0.6337,-1.6058,2.2244,3.6135957974739945,-0.8964588739647473,0.6458078915407284,GBPCPCFC_00806-0,GBPCPCFC_00806-0,,,,,,,,,,,,0,Unassigned,,17338,17640,GBPCPCFC_00805,GBPCPCFC_00807,mRNA
GBPCPCFC_00807,gnl|Prokka|GBPCPCFC_17,20,18408,0.0081,830.25,428.7984,0.516,0.0,0.6737,2.7768,489,-0.7958,-0.5446,0.9849,1,0,0.1659,0.0089,0.1626,0.0103,0.5644,-4.0579,1.6064,4.4882785201290005,-0.19298618508590076,5.172174735385413,GBPCPCFC_00807-0,GBPCPCFC_00807-0,,,,,,,,,,,,0,Unassigned,,17781,18269,GBPCPCFC_00806,,mRNA
GBPCPCFC_00539,gnl|Prokka|GBPCPCFC_7,20,20489,0.009,810.3,346.3875,0.5447,0.0,0.6555,2.6058,531,-0.8063,-0.4873,0.9925,1,0,0.0489,0.4928,0.1235,0.0822,0.6855,1.0052,2.6871,4.775422491837574,-0.7893752953627846,5.062936485519189,GBPCPCFC_00539-0,GBPCPCFC_00539-0,Stenotrophomonas maltophilia,40324,97.8,2.34e-49,165,Bacteria,2,,,Bacteria,2,0,Bacteria,2,78,608,,GBPCPCFC_00540,mRNA
GBPCPCFC_00540,gnl|Prokka|GBPCPCFC_7,20,20489,0.009,810.3,346.3875,0.5447,0.0,0.6555,2.6058,708,-0.2953,-0.2457,0.9095,0,0,0.1846,0.0062,0.366,0.0,0.6864,1.0395,2.6955,3.7376470569515914,0.6902388463562531,0.447912616985179,GBPCPCFC_00540-0,GBPCPCFC_00540-0,Rhizopus arrhizus,64495,76.0,5.99e-36,137,Rhizopus arrhizus,64495,,,Rhizopus arrhizus,64495,0,Rhizopus,4842,928,1635,GBPCPCFC_00539,GBPCPCFC_00541,mRNA
GBPCPCFC_00541,gnl|Prokka|GBPCPCFC_7,20,20489,0.009,810.3,346.3875,0.5447,0.0,0.6555,2.6058,381,-1.2394,-0.692,0.8148,0,0,0.1056,0.1175,0.3193,0.0,0.6483,-0.3501,2.355,3.8376823175947474,-0.49259711358923464,0.3042228070223759,GBPCPCFC_00541-0,GBPCPCFC_00541-0,,,,,,,,,,,,0,Unassigned,,1898,2278,GBPCPCFC_00540,GBPCPCFC_00542,mRNA
GBPCPCFC_00542,gnl|Prokka|GBPCPCFC_7,20,20489,0.009,810.3,346.3875,0.5447,0.0,0.6555,2.6058,1548,2.1297,0.9008,0.7095,0,0,0.273,0.0,0.5329,0.0,0.6731,0.5545,2.5766,3.4978072619249474,3.441840836349396,-0.1691449098050686,GBPCPCFC_00542-0,GBPCPCFC_00542-0,Abscondita terminalis,2069292,48.5,1.35e-98,338,Abscondita terminalis,2069292,,,Abscondita terminalis,2069292,0,Eumetazoa,6072,2977,4524,GBPCPCFC_00541,GBPCPCFC_00543,mRNA
GBPCPCFC_00543,gnl|Prokka|GBPCPCFC_7,20,20489,0.009,810.3,346.3875,0.5447,0.0,0.6555,2.6058,561,-0.7197,-0.4464,0.5018,0,0,0.1131,0.0753,0.3082,0.0,0.6488,-0.3302,2.3599,3.71435234918077,-0.09568094094932071,-0.46613195130063334,GBPCPCFC_00543-0,GBPCPCFC_00543-0,Stenotrophomonas indicatrix,2045451,43.8,4.25e-25,108,Stenotrophomonas indicatrix,2045451,,,Stenotrophomonas indicatrix,2045451,0,Gammaproteobacteria,1236,5105,5665,GBPCPCFC_00542,GBPCPCFC_00544,mRNA
GBPCPCFC_00544,gnl|Prokka|GBPCPCFC_7,20,20489,0.009,810.3,346.3875,0.5447,0.0,0.6555,2.6058,714,-0.278,-0.2375,0.4132,0,0,0.1405,0.0292,0.3271,0.0,0.6625,0.1661,2.4815,3.6453847499245366,0.4160123467046679,-0.7050414733141651,GBPCPCFC_00544-0,GBPCPCFC_00544-0,,,,,,,,,,,,0,Unassigned,,6012,6725,GBPCPCFC_00543,GBPCPCFC_00545,mRNA
GBPCPCFC_00545,gnl|Prokka|GBPCPCFC_7,20,20489,0.009,810.3,346.3875,0.5447,0.0,0.6555,2.6058,984,0.5015,0.131,0.3445,0,0,0.1316,0.0383,0.4324,0.0,0.6687,0.3932,2.5371,3.6218166691408533,1.3233942135697547,-0.8885617081457824,GBPCPCFC_00545-0,GBPCPCFC_00545-0,Rhizopus microsporus,58291,75.6,6.18e-91,280,Rhizopus microsporus,58291,,,Rhizopus microsporus,58291,0,Rhizopus,4842,6716,7699,GBPCPCFC_00544,GBPCPCFC_00546,mRNA
GBPCPCFC_00546,gnl|Prokka|GBPCPCFC_7,20,20489,0.009,810.3,346.3875,0.5447,0.0,0.6555,2.6058,1203,1.1337,0.4299,0.2326,0,0,0.152,0.0149,0.2761,0.0,0.5777,-2.9209,1.7251,3.4463158996038663,1.3473956486568361,-1.2581613488734387,GBPCPCFC_00546-0,GBPCPCFC_00546-0,Stenotrophomonas maltophilia,40324,61.5,3.68e-177,509,Stenotrophomonas,40323,,,Stenotrophomonas,40323,0,Gammaproteobacteria,1236,7862,9064,GBPCPCFC_00545,GBPCPCFC_00547,mRNA
GBPCPCFC_00547,gnl|Prokka|GBPCPCFC_7,20,20489,0.009,810.3,346.3875,0.5447,0.0,0.6555,2.6058,348,-1.3346,-0.7371,0.0844,0,0,0.2388,0.0004,0.2771,0.0,0.6552,-0.0995,2.4164,3.5720348198085174,-0.11368911112363296,-1.4121455075529503,GBPCPCFC_00547-0,GBPCPCFC_00547-0,,,,,,,,,,,,0,Unassigned,,9380,9727,GBPCPCFC_00546,GBPCPCFC_00548,mRNA
GBPCPCFC_00548,gnl|Prokka|GBPCPCFC_7,20,20489,0.009,810.3,346.3875,0.5447,0.0,0.6555,2.6058,1026,0.6227,0.1883,0.0554,0,0,0.1563,0.0167,0.3188,0.0,0.6696,0.4257,2.5451,3.473734286824405,1.1426690440473954,-1.6106151818149665,GBPCPCFC_00548-0,GBPCPCFC_00548-0,,,,,,,,,,,,0,Unassigned,,9788,10813,GBPCPCFC_00547,GBPCPCFC_00549,mRNA
GBPCPCFC_00549,gnl|Prokka|GBPCPCFC_7,20,20489,0.009,810.3,346.3875,0.5447,0.0,0.6555,2.6058,669,-0.4079,-0.299,0.1407,0,0,0.0686,0.2947,0.1814,0.0053,0.6771,0.7004,2.6124,3.579186660477382,-0.4623864928700476,-1.3625851136443037,GBPCPCFC_00549-0,GBPCPCFC_00549-0,Stenotrophomonas maltophilia,40324,60.2,2.66e-24,103,Stenotrophomonas maltophilia,40324,,,Stenotrophomonas maltophilia,40324,0,Gammaproteobacteria,1236,11018,11686,GBPCPCFC_00548,GBPCPCFC_00550,mRNA
GBPCPCFC_00550,gnl|Prokka|GBPCPCFC_7,20,20489,0.009,810.3,346.3875,0.5447,0.0,0.6555,2.6058,1395,1.688,0.692,0.2772,0,0,0.2132,0.0006,0.4634,0.0,0.6401,-0.647,2.2822,3.4561724307635777,2.6525838754354316,-1.1447423903357772,GBPCPCFC_00550-0,GBPCPCFC_00550-0,,,,,,,,,,,,0,Unassigned,,11691,13085,GBPCPCFC_00549,GBPCPCFC_00551,mRNA
GBPCPCFC_00551,gnl|Prokka|GBPCPCFC_7,20,20489,0.009,810.3,346.3875,0.5447,0.0,0.6555,2.6058,615,-0.5638,-0.3727,0.3341,0,0,0.1172,0.0653,0.1723,0.0065,0.6146,-1.5763,2.0546,3.5925161199533147,-0.4191970417519592,-0.9152501791986121,GBPCPCFC_00551-0,GBPCPCFC_00551-0,,,,,,,,,,,,0,Unassigned,,13054,13668,GBPCPCFC_00550,GBPCPCFC_00552,mRNA
GBPCPCFC_00552,gnl|Prokka|GBPCPCFC_7,20,20489,0.009,810.3,346.3875,0.5447,0.0,0.6555,2.6058,1500,1.9911,0.8353,0.5287,0,0,0.2454,0.0002,0.3848,0.0,0.6713,0.4892,2.5606,3.4171690627817,2.726592022593619,-0.6229548838294404,GBPCPCFC_00552-0,GBPCPCFC_00552-0,Pseudomonas citronellolis,53408,47.8,5.77e-76,255,Pseudomonas citronellolis,53408,,,Pseudomonas citronellolis,53408,0,Gammaproteobacteria,1236,14162,15661,GBPCPCFC_00551,GBPCPCFC_00553,mRNA
GBPCPCFC_00553,gnl|Prokka|GBPCPCFC_7,20,20489,0.009,810.3,346.3875,0.5447,0.0,0.6555,2.6058,564,-0.7111,-0.4423,0.5864,0,0,0.1139,0.0862,0.2559,0.0001,0.6631,0.19,2.4873,3.703819778036891,-0.27000247542717737,-0.2904534705858999,GBPCPCFC_00553-0,GBPCPCFC_00553-0,Klebsiella pneumoniae,573,41.3,2.31e-24,110,cellular organisms,131567,Opisthokonta,33154,Opisthokonta,33154,1,Opisthokonta,33154,15689,16252,GBPCPCFC_00552,GBPCPCFC_00554,mRNA
GBPCPCFC_00554,gnl|Prokka|GBPCPCFC_7,20,20489,0.009,810.3,346.3875,0.5447,0.0,0.6555,2.6058,546,-0.763,-0.4668,0.6821,0,0,0.0675,0.3026,0.2044,0.0016,0.6575,-0.0144,2.4372,3.736857124414191,-0.6833103297007296,-0.07549418697223464,GBPCPCFC_00554-0,GBPCPCFC_00554-0,Stenotrophomonas maltophilia,40324,96.7,1.55e-116,338,Bacteria,2,,,Bacteria,2,0,Bacteria,2,16687,17232,GBPCPCFC_00553,GBPCPCFC_00555,mRNA
GBPCPCFC_00555,gnl|Prokka|GBPCPCFC_7,20,20489,0.009,810.3,346.3875,0.5447,0.0,0.6555,2.6058,642,-0.4859,-0.3358,0.7443,0,0,0.1723,0.0093,0.4444,0.0,0.662,0.149,2.4773,3.769583075025593,0.7766991474073335,0.11243665835267952,GBPCPCFC_00555-0,GBPCPCFC_00555-0,Stenotrophomonas maltophilia RA8,1118157,100,1.46e-144,412,cellular organisms,131567,Opisthokonta,33154,Opisthokonta,33154,1,Opisthokonta,33154,17229,17870,GBPCPCFC_00554,GBPCPCFC_00556,mRNA
GBPCPCFC_00556,gnl|Prokka|GBPCPCFC_7,20,20489,0.009,810.3,346.3875,0.5447,0.0,0.6555,2.6058,663,-0.4252,-0.3071,0.8258,0,0,0.1745,0.0104,0.3667,0.0,0.6833,0.9236,2.6671,3.739700765699439,0.5593783181785372,0.26743370228206914,GBPCPCFC_00556-0,GBPCPCFC_00556-0,Rhizopus,4842,71.3,1.38e-28,113,Rhizopus,4842,,,Rhizopus,4842,0,Rhizopus,4842,18043,18705,GBPCPCFC_00555,GBPCPCFC_00557,mRNA
GBPCPCFC_00557,gnl|Prokka|GBPCPCFC_7,20,20489,0.009,810.3,346.3875,0.5447,0.0,0.6555,2.6058,732,-0.226,-0.213,0.8787,0,0,0.3356,0.0,0.4025,0.0,0.6653,0.2694,2.5068,3.6305493019086517,1.494725885219527,0.3574916902776794,GBPCPCFC_00557-0,GBPCPCFC_00557-0,Rhizopus arrhizus,64495,65.2,1.53e-61,202,Rhizopus arrhizus,64495,,,Rhizopus arrhizus,64495,0,Rhizopus,4842,18515,19246,GBPCPCFC_00556,GBPCPCFC_00558,mRNA
GBPCPCFC_00558,gnl|Prokka|GBPCPCFC_7,20,20489,0.009,810.3,346.3875,0.5447,0.0,0.6555,2.6058,876,0.1897,-0.0164,0.9677,1,0,0.3163,0.0,0.3157,0.0,0.6724,0.5271,2.5699,4.579183522744838,1.719107917000407,4.945252264463764,GBPCPCFC_00558-0,GBPCPCFC_00558-0,Aeromonas veronii,654,44.7,6.55e-14,83.2,Aeromonas veronii,654,,,Aeromonas veronii,654,0,Gammaproteobacteria,1236,19283,20158,GBPCPCFC_00557,,mRNA
GBPCPCFC_00593,gnl|Prokka|GBPCPCFC_11,24,13776,0.0061,333.75,172.6548,0.5488,0.0,0.334,-0.4153,216,-0.682,-0.9173,0.956,1,0,0.0356,0.6332,0.1344,0.0705,0.3333,-0.2275,-0.4561,6.761489714643023,-1.0867543805994258,3.8426442232780804,GBPCPCFC_00593-0,GBPCPCFC_00593-0,Rickettsia hoogstraalii str. RCCE3,1359197,98.3,1.55e-31,122,Bacteria,2,,,Bacteria,2,0,Bacteria,2,304,519,,GBPCPCFC_00594,mRNA
GBPCPCFC_00594,gnl|Prokka|GBPCPCFC_11,24,13776,0.0061,333.75,172.6548,0.5488,0.0,0.334,-0.4153,465,0.7602,-0.5774,0.8676,0,0,0.112,0.0784,0.2885,0.0,0.3161,-0.8423,-0.6096,5.674494311937011,0.36342700143407886,-0.8755031573738002,GBPCPCFC_00594-0,GBPCPCFC_00594-0,Parachlamydia sp. AcF125,2795736,70.4,1.22e-66,209,Bacteria,2,,,Bacteria,2,0,Bacteria,2,913,1377,GBPCPCFC_00593,GBPCPCFC_00595,mRNA
GBPCPCFC_00595,gnl|Prokka|GBPCPCFC_11,24,13776,0.0061,333.75,172.6548,0.5488,0.0,0.334,-0.4153,159,-1.0121,-0.9951,0.7956,0,0,-0.0027,0.972,-0.007,0.9277,0.3711,1.1209,-0.1193,5.708033245212182,-2.225254647590596,-0.9899031415430833,GBPCPCFC_00595-0,GBPCPCFC_00595-0,Rickettsia endosymbiont of Oedothorax gibbosus,931099,86.3,1.29e-20,93.6,Pseudomonadota,1224,,,Pseudomonadota,1224,0,Pseudomonadota,1224,1409,1567,GBPCPCFC_00594,GBPCPCFC_00596,mRNA
GBPCPCFC_00596,gnl|Prokka|GBPCPCFC_11,24,13776,0.0061,333.75,172.6548,0.5488,0.0,0.334,-0.4153,336,0.013,-0.7535,0.7081,0,0,-0.0454,0.5015,0.0278,0.6806,0.2857,-1.9291,-0.8811,5.673499841865299,-1.639078736486425,-1.251175576352701,GBPCPCFC_00596-0,GBPCPCFC_00596-0,Rickettsiales bacterium,2026788,78.1,4.41e-50,171,cellular organisms,131567,Protostomia,33317,Protostomia,33317,1,Eumetazoa,6072,2011,2346,GBPCPCFC_00595,GBPCPCFC_00597,mRNA
GBPCPCFC_00597,gnl|Prokka|GBPCPCFC_11,24,13776,0.0061,333.75,172.6548,0.5488,0.0,0.334,-0.4153,171,-0.9426,-0.9787,0.6389,0,0,0.2558,0.0008,0.1946,0.0117,0.3275,-0.4365,-0.5083,5.580506566051243,-0.4101635510531326,-1.3305102478720094,GBPCPCFC_00597-0,GBPCPCFC_00597-0,Rotaria magnacalcarata,392030,75.5,3.68e-14,75.5,cellular organisms,131567,Protostomia,33317,Protostomia,33317,1,Eumetazoa,6072,2488,2658,GBPCPCFC_00596,GBPCPCFC_00598,mRNA
GBPCPCFC_00598,gnl|Prokka|GBPCPCFC_11,24,13776,0.0061,333.75,172.6548,0.5488,0.0,0.334,-0.4153,162,-0.9948,-0.991,0.5946,0,0,-0.0999,0.1668,0.0195,0.7875,0.3086,-1.1098,-0.6765,5.751321191005663,-2.51479626487468,-1.4284951053833843,GBPCPCFC_00598-0,GBPCPCFC_00598-0,Alphaproteobacteria,28211,80.8,4.34e-19,88.6,cellular organisms,131567,Protostomia,33317,Protostomia,33317,1,Eumetazoa,6072,2793,2954,GBPCPCFC_00597,GBPCPCFC_00599,mRNA
GBPCPCFC_00599,gnl|Prokka|GBPCPCFC_11,24,13776,0.0061,333.75,172.6548,0.5488,0.0,0.334,-0.4153,390,0.3258,-0.6798,0.4683,0,0,0.0391,0.5391,0.1318,0.0377,0.3128,-0.9605,-0.6392,5.593226767430387,-0.7233985932589806,-1.8065509913306403,GBPCPCFC_00599-0,GBPCPCFC_00599-0,Rickettsia endosymbiont of Culicoides newsteadi,1961830,58.9,8.76e-46,155,Bacteria,2,,,Bacteria,2,0,Bacteria,2,3663,4052,GBPCPCFC_00598,GBPCPCFC_00600,mRNA
GBPCPCFC_00600,gnl|Prokka|GBPCPCFC_11,24,13776,0.0061,333.75,172.6548,0.5488,0.0,0.334,-0.4153,168,-0.96,-0.9828,0.4053,0,0,0.1855,0.0132,0.1681,0.0249,0.3393,-0.0148,-0.403,5.5718739259809045,-0.7897854595075695,-1.8653199845217086,GBPCPCFC_00600-0,GBPCPCFC_00600-0,Rickettsiaceae bacterium,2023360,93.9,8.11e-23,97.4,Bacteria,2,,,Bacteria,2,0,Bacteria,2,4097,4264,GBPCPCFC_00599,GBPCPCFC_00601,mRNA
GBPCPCFC_00601,gnl|Prokka|GBPCPCFC_11,24,13776,0.0061,333.75,172.6548,0.5488,0.0,0.334,-0.4153,114,-1.2728,-1.0565,0.316,0,0,0.0122,0.8903,0.2198,0.012,0.3772,1.3398,-0.0646,5.7297000777388645,-1.5197727786537716,-1.9982622248049844,GBPCPCFC_00601-0,GBPCPCFC_00601-0,Protopolystoma xenopodis,117903,97.3,2.42e-13,72.8,cellular organisms,131567,Protostomia,33317,Protostomia,33317,1,Eumetazoa,6072,4712,4825,GBPCPCFC_00600,GBPCPCFC_00602,mRNA
GBPCPCFC_00602,gnl|Prokka|GBPCPCFC_11,24,13776,0.0061,333.75,172.6548,0.5488,0.0,0.334,-0.4153,198,-0.7863,-0.9418,0.3067,0,0,0.1213,0.1565,0.1761,0.0388,0.3889,1.7577,0.0397,5.592229336912663,-0.9139535993120887,-2.0921985469348843,GBPCPCFC_00602-0,GBPCPCFC_00602-0,,,,,,,,,,,,0,Unassigned,,4776,4973,GBPCPCFC_00601,GBPCPCFC_00603,mRNA
GBPCPCFC_00603,gnl|Prokka|GBPCPCFC_11,24,13776,0.0061,333.75,172.6548,0.5488,0.0,0.334,-0.4153,186,-0.8558,-0.9582,0.2617,0,0,-0.0063,0.9328,0.1043,0.1599,0.2957,-1.5723,-0.792,5.64610303479202,-1.7299760358240461,-2.1937700117777794,GBPCPCFC_00603-0,GBPCPCFC_00603-0,Rickettsia massiliae,35791,100,1.32e-07,57.8,cellular organisms,131567,Arthropoda,6656,Arthropoda,6656,1,Eumetazoa,6072,5086,5271,GBPCPCFC_00602,GBPCPCFC_00604,mRNA
GBPCPCFC_00604,gnl|Prokka|GBPCPCFC_11,24,13776,0.0061,333.75,172.6548,0.5488,0.0,0.334,-0.4153,222,-0.6472,-0.9091,0.2153,0,0,0.1252,0.0675,0.1472,0.0314,0.3649,0.8992,-0.1747,5.546415667752748,-0.9050935593564751,-2.324882914017524,GBPCPCFC_00604-0,GBPCPCFC_00604-0,bacterium,1869227,70.5,1.02e-20,95.1,Bacteria,2,,,Bacteria,2,0,Bacteria,2,5405,5626,GBPCPCFC_00603,GBPCPCFC_00605,mRNA
GBPCPCFC_00605,gnl|Prokka|GBPCPCFC_11,24,13776,0.0061,333.75,172.6548,0.5488,0.0,0.334,-0.4153,273,-0.3519,-0.8395,0.1856,0,0,0.2626,0.0001,0.2586,0.0002,0.3114,-1.0129,-0.6523,5.475373818150134,0.23189253990564876,-2.4006875318495524,GBPCPCFC_00605-0,GBPCPCFC_00605-0,Cysteiniphilum,2056696,45.3,1.14e-13,76.3,Bacteria,2,,,Bacteria,2,0,Bacteria,2,5610,5882,GBPCPCFC_00604,GBPCPCFC_00606,mRNA
GBPCPCFC_00606,gnl|Prokka|GBPCPCFC_11,24,13776,0.0061,333.75,172.6548,0.5488,0.0,0.334,-0.4153,573,1.3857,-0.43,0.1437,0,0,0.06,0.3393,0.2128,0.0006,0.363,0.8326,-0.1913,5.48292128277622,0.32017466353142326,-2.612410144121794,GBPCPCFC_00606-0,GBPCPCFC_00606-0,Legionella pneumophila,446,55.3,2.17e-65,217,cellular organisms,131567,cellular organisms,131567,cellular organisms,131567,1,cellular organisms,131567,5898,6470,GBPCPCFC_00605,GBPCPCFC_00607,mRNA
GBPCPCFC_00607,gnl|Prokka|GBPCPCFC_11,24,13776,0.0061,333.75,172.6548,0.5488,0.0,0.334,-0.4153,111,-1.2901,-1.0606,0.0491,0,0,0.0904,0.3283,0.164,0.0747,0.3423,0.0944,-0.3757,5.587775743979508,-1.3822566348306289,-2.646622877907684,GBPCPCFC_00607-0,GBPCPCFC_00607-0,Legionella taurinensis,70611,63.9,6.80e-06,51.6,Pseudomonadota,1224,,,Pseudomonadota,1224,0,Pseudomonadota,1224,6550,6660,GBPCPCFC_00606,GBPCPCFC_00608,mRNA
GBPCPCFC_00608,gnl|Prokka|GBPCPCFC_11,24,13776,0.0061,333.75,172.6548,0.5488,0.0,0.334,-0.4153,606,1.5768,-0.3849,0.0576,0,0,0.0414,0.5096,0.1466,0.019,0.3845,1.6005,0.0005,5.432582082201102,0.14001095769205166,-2.846245334998017,GBPCPCFC_00608-0,GBPCPCFC_00608-0,Rickettsia endosymbiont of Bembidion nr. Transversale,2878919,93.4,1.28e-118,351,cellular organisms,131567,Neoptera,33340,Neoptera,33340,1,Eumetazoa,6072,6681,7286,GBPCPCFC_00607,GBPCPCFC_00609,mRNA
GBPCPCFC_00609,gnl|Prokka|GBPCPCFC_11,24,13776,0.0061,333.75,172.6548,0.5488,0.0,0.334,-0.4153,609,1.5942,-0.3808,0.1713,0,0,0.0312,0.6298,0.1261,0.0506,0.3333,-0.2275,-0.4561,5.4523949101096045,0.03125659634193572,-2.5906542183474346,GBPCPCFC_00609-0,GBPCPCFC_00609-0,Alphaproteobacteria bacterium,1913988,81.8,4.50e-110,323,Bacteria,2,,,Bacteria,2,0,Bacteria,2,7461,8069,GBPCPCFC_00608,GBPCPCFC_00610,mRNA
GBPCPCFC_00610,gnl|Prokka|GBPCPCFC_11,24,13776,0.0061,333.75,172.6548,0.5488,0.0,0.334,-0.4153,414,0.4648,-0.647,0.2833,0,0,0.1555,0.0191,0.233,0.0004,0.314,-0.918,-0.6286,5.510264574204779,0.203556688575173,-2.2286603895334958,GBPCPCFC_00610-0,GBPCPCFC_00610-0,Alphaproteobacteria bacterium,1913988,77.1,1.22e-47,162,Bacteria,2,,,Bacteria,2,0,Bacteria,2,8427,8840,GBPCPCFC_00609,GBPCPCFC_00611,mRNA
GBPCPCFC_00611,gnl|Prokka|GBPCPCFC_11,24,13776,0.0061,333.75,172.6548,0.5488,0.0,0.334,-0.4153,402,0.3953,-0.6634,0.3616,0,0,0.2644,0.0,0.2079,0.001,0.3657,0.9281,-0.1675,5.436675213394083,0.5204685142001648,-2.0706895262671767,GBPCPCFC_00611-0,GBPCPCFC_00611-0,Rickettsia endosymbiont of Culicoides newsteadi,1961830,83.7,1.16e-50,167,Rickettsia endosymbiont of Culicoides newsteadi,1961830,,,Rickettsia endosymbiont of Culicoides newsteadi,1961830,0,Alphaproteobacteria,28211,8978,9379,GBPCPCFC_00610,GBPCPCFC_00612,mRNA
GBPCPCFC_00612,gnl|Prokka|GBPCPCFC_11,24,13776,0.0061,333.75,172.6548,0.5488,0.0,0.334,-0.4153,255,-0.4561,-0.864,0.3999,0,0,-0.0273,0.6897,0.1826,0.0071,0.3647,0.8935,-0.1761,5.705108038708217,-1.3070513853513628,-1.8741351981685446,GBPCPCFC_00612-0,GBPCPCFC_00612-0,Rickettsia endosymbiont of Oedothorax gibbosus,931099,79.5,1.79e-37,131,unclassified Rickettsia,114295,,,Rickettsia,780,0,Alphaproteobacteria,28211,9389,9643,GBPCPCFC_00611,GBPCPCFC_00613,mRNA
GBPCPCFC_00613,gnl|Prokka|GBPCPCFC_11,24,13776,0.0061,333.75,172.6548,0.5488,0.0,0.334,-0.4153,651,1.8375,-0.3235,0.4967,0,0,0.0429,0.5008,0.2702,0.0,0.3164,-0.8313,-0.6069,5.569882433902767,0.7070099744098031,-1.8091552056329463,GBPCPCFC_00613-0,GBPCPCFC_00613-0,Rickettsia endosymbiont of Culicoides newsteadi,1961830,34.4,1.92e-22,102,Rickettsia endosymbiont of Culicoides newsteadi,1961830,,,Rickettsia endosymbiont of Culicoides newsteadi,1961830,0,Alphaproteobacteria,28211,9660,10310,GBPCPCFC_00612,GBPCPCFC_00614,mRNA
GBPCPCFC_00614,gnl|Prokka|GBPCPCFC_11,24,13776,0.0061,333.75,172.6548,0.5488,0.0,0.334,-0.4153,315,-0.1086,-0.7821,0.547,0,0,0.2485,0.0002,0.3106,0.0,0.3206,-0.6813,-0.5694,5.572491728036208,0.4825371408907536,-1.5644178055130187,GBPCPCFC_00614-0,GBPCPCFC_00614-0,Rickettsia endosymbiont of Culicoides newsteadi,1961830,44.7,1.13e-16,85.5,Rickettsia endosymbiont of Culicoides newsteadi,1961830,,,Rickettsia endosymbiont of Culicoides newsteadi,1961830,0,Alphaproteobacteria,28211,10342,10656,GBPCPCFC_00613,GBPCPCFC_00615,mRNA
GBPCPCFC_00615,gnl|Prokka|GBPCPCFC_11,24,13776,0.0061,333.75,172.6548,0.5488,0.0,0.334,-0.4153,624,1.6811,-0.3604,0.6384,0,0,0.1109,0.0814,0.2394,0.0001,0.3606,0.746,-0.2129,5.5428248255674815,0.7776982515778207,-1.4930596294198306,GBPCPCFC_00615-0,GBPCPCFC_00615-0,Rickettsia endosymbiont of Culicoides newsteadi,1961830,81.0,2.85e-92,288,Rickettsia endosymbiont of Culicoides newsteadi,1961830,,,Rickettsia endosymbiont of Culicoides newsteadi,1961830,0,Alphaproteobacteria,28211,10663,11286,GBPCPCFC_00614,GBPCPCFC_00616,mRNA
GBPCPCFC_00616,gnl|Prokka|GBPCPCFC_11,24,13776,0.0061,333.75,172.6548,0.5488,0.0,0.334,-0.4153,390,0.3258,-0.6798,0.6906,1,0,0.143,0.0287,0.0512,0.4358,0.3513,0.4139,-0.2959,6.517877603216224,-0.2838572254070274,3.1035484039966272,GBPCPCFC_00616-0,GBPCPCFC_00616-0,Rickettsia endosymbiont of Culicoides newsteadi,1961830,66.9,1.44e-38,145,Rickettsia endosymbiont of Culicoides newsteadi,1961830,,,Rickettsia endosymbiont of Culicoides newsteadi,1961830,0,Alphaproteobacteria,28211,11256,11645,GBPCPCFC_00615,,mRNA
GBPCPCFC_00710,gnl|Prokka|GBPCPCFC_15,66,46534,0.0205,535.6818,613.0691,0.664,0.0,0.3203,-0.5439,204,-0.541,-0.9336,0.995,1,0,-0.0287,0.6986,0.1663,0.0237,0.3137,-0.3469,-0.6311,4.371913419526443,-1.3385870377027849,4.69831567318676,GBPCPCFC_00710-0,GBPCPCFC_00710-0,Rickettsia bellii str. RML Mogi,1359194,91.4,4.80e-31,119,cellular organisms,131567,Arthropoda,6656,Arthropoda,6656,1,Eumetazoa,6072,118,321,,GBPCPCFC_00711,mRNA
GBPCPCFC_00711,gnl|Prokka|GBPCPCFC_15,66,46534,0.0205,535.6818,613.0691,0.664,0.0,0.3203,-0.5439,111,-0.6927,-1.0606,0.9828,0,0,0.0497,0.5409,0.3782,0.0,0.4234,2.5324,0.348,3.441394226622898,-0.7248362855963001,0.30141986059927567,GBPCPCFC_00711-0,GBPCPCFC_00711-0,Rickettsia endosymbiont of Culicoides impunctatus,2867440,85.3,1.65e-11,67.4,cellular organisms,131567,Neoptera,33340,Neoptera,33340,1,Eumetazoa,6072,402,512,GBPCPCFC_00710,GBPCPCFC_00712,mRNA
GBPCPCFC_00712,gnl|Prokka|GBPCPCFC_15,66,46534,0.0205,535.6818,613.0691,0.664,0.0,0.3203,-0.5439,261,-0.448,-0.8558,0.9632,0,0,0.096,0.1557,0.1555,0.0211,0.364,0.9723,-0.1825,3.257027029531795,-1.0697229248645013,0.14662051078752417,GBPCPCFC_00712-0,GBPCPCFC_00712-0,Crenothrix polyspora,360316,65.8,7.20e-29,117,cellular organisms,131567,cellular organisms,131567,cellular organisms,131567,1,cellular organisms,131567,857,1117,GBPCPCFC_00711,GBPCPCFC_00713,mRNA
GBPCPCFC_00713,gnl|Prokka|GBPCPCFC_15,66,46534,0.0205,535.6818,613.0691,0.664,0.0,0.3203,-0.5439,159,-0.6144,-0.9951,0.9312,0,0,-0.1017,0.165,0.0086,0.9065,0.3648,0.9931,-0.1754,3.3444635141899335,-2.545132955448985,0.07011769582790398,GBPCPCFC_00713-0,GBPCPCFC_00713-0,Thioflavicoccus mobilis 8321,765912,65.0,1.89e-08,59.7,cellular organisms,131567,cellular organisms,131567,cellular organisms,131567,1,cellular organisms,131567,1601,1759,GBPCPCFC_00712,GBPCPCFC_00714,mRNA
GBPCPCFC_00714,gnl|Prokka|GBPCPCFC_15,66,46534,0.0205,535.6818,613.0691,0.664,0.0,0.3203,-0.5439,210,-0.5312,-0.9254,0.9234,0,0,0.0747,0.2621,0.111,0.0952,0.3619,0.9177,-0.2011,3.2524895279371546,-1.3851190399356252,0.0500662634272894,GBPCPCFC_00714-0,GBPCPCFC_00714-0,Cysteiniphilum,2056696,54.7,2.55e-10,65.9,Bacteria,2,,,Bacteria,2,0,Bacteria,2,1783,1992,GBPCPCFC_00713,GBPCPCFC_00715,mRNA
GBPCPCFC_00715,gnl|Prokka|GBPCPCFC_15,66,46534,0.0205,535.6818,613.0691,0.664,0.0,0.3203,-0.5439,174,-0.59,-0.9746,0.9154,0,0,-0.0259,0.7389,0.0082,0.9157,0.3678,1.0728,-0.1483,3.280999326817987,-2.2085740353720973,0.017912006477113284,GBPCPCFC_00715-0,GBPCPCFC_00715-0,Legionella pneumophila subsp. pneumophila,91891,62.3,4.06e-13,73.2,Gammaproteobacteria,1236,,,Gammaproteobacteria,1236,0,Gammaproteobacteria,1236,1970,2143,GBPCPCFC_00714,GBPCPCFC_00716,mRNA
GBPCPCFC_00716,gnl|Prokka|GBPCPCFC_15,66,46534,0.0205,535.6818,613.0691,0.664,0.0,0.3203,-0.5439,531,-0.0076,-0.4873,0.9012,0,0,0.0933,0.1368,0.1713,0.006,0.4859,4.1715,0.9054,3.1976704713457202,-0.6148758949834499,-0.029928497752969966,GBPCPCFC_00716-0,GBPCPCFC_00716-0,,,,,,,,,,,,0,Unassigned,,2300,2830,GBPCPCFC_00715,GBPCPCFC_00717,mRNA
GBPCPCFC_00717,gnl|Prokka|GBPCPCFC_15,66,46534,0.0205,535.6818,613.0691,0.664,0.0,0.3203,-0.5439,465,-0.1153,-0.5774,0.8582,0,0,0.112,0.0784,0.2226,0.0004,0.3161,-0.2838,-0.6096,3.214782535491039,-0.4585132150102092,-0.10449739742993339,GBPCPCFC_00717-0,GBPCPCFC_00717-0,Parachlamydia sp. AcF125,2795736,70.4,1.22e-66,209,Bacteria,2,,,Bacteria,2,0,Bacteria,2,3299,3763,GBPCPCFC_00716,GBPCPCFC_00718,mRNA
GBPCPCFC_00718,gnl|Prokka|GBPCPCFC_15,66,46534,0.0205,535.6818,613.0691,0.664,0.0,0.3203,-0.5439,3924,5.5268,4.1438,0.8375,0,0,0.2844,0.0,0.3714,0.0,0.3129,-0.3673,-0.6381,2.4338946098170897,5.992684005868137,-0.6359305347114665,GBPCPCFC_00718-0,GBPCPCFC_00718-0,Rickettsia endosymbiont of Platyusa sonomae,2878924,64.1,0.0,1587,Rickettsia endosymbiont of Platyusa sonomae,2878924,,,Rickettsia endosymbiont of Platyusa sonomae,2878924,0,Alphaproteobacteria,28211,3782,7705,GBPCPCFC_00717,GBPCPCFC_00719,mRNA
GBPCPCFC_00719,gnl|Prokka|GBPCPCFC_15,66,46534,0.0205,535.6818,613.0691,0.664,0.0,0.3203,-0.5439,1095,0.9123,0.2825,0.6681,0,0,0.0889,0.1561,0.4675,0.0,0.3699,1.1266,-0.1301,3.1861169244692764,1.2490101773158153,-0.5439910015902123,GBPCPCFC_00719-0,GBPCPCFC_00719-0,Rickettsia bellii,33990,92.9,1.18e-250,692,cellular organisms,131567,Arthropoda,6656,Arthropoda,6656,1,Eumetazoa,6072,7724,8818,GBPCPCFC_00718,GBPCPCFC_00720,mRNA
GBPCPCFC_00720,gnl|Prokka|GBPCPCFC_15,66,46534,0.0205,535.6818,613.0691,0.664,0.0,0.3203,-0.5439,975,0.7166,0.1187,0.618,0,0,0.2245,0.0004,0.4062,0.0,0.3323,0.1409,-0.4652,3.067704444250241,1.4221944787254794,-0.6878350391261283,GBPCPCFC_00720-0,GBPCPCFC_00720-0,Rickettsia endosymbiont of Platyusa sonomae,2878924,38.2,1.26e-53,201,unclassified Rickettsia,114295,,,Rickettsia,780,0,Alphaproteobacteria,28211,8888,9862,GBPCPCFC_00719,GBPCPCFC_00721,mRNA
GBPCPCFC_00721,gnl|Prokka|GBPCPCFC_15,66,46534,0.0205,535.6818,613.0691,0.664,0.0,0.3203,-0.5439,468,-0.1104,-0.5733,0.5747,0,0,0.032,0.6105,0.0235,0.7081,0.3397,0.336,-0.3989,3.1127394649601663,-1.4526505297594614,-0.8160986288097167,GBPCPCFC_00721-0,GBPCPCFC_00721-0,Rickettsia endosymbiont of Ixodes scapularis,444612,91.0,1.47e-91,279,spotted fever group,114277,,,spotted fever group,114277,0,Alphaproteobacteria,28211,9895,10362,GBPCPCFC_00720,GBPCPCFC_00722,mRNA
GBPCPCFC_00722,gnl|Prokka|GBPCPCFC_15,66,46534,0.0205,535.6818,613.0691,0.664,0.0,0.3203,-0.5439,429,-0.174,-0.6265,0.5556,0,0,0.0777,0.2448,0.0648,0.3323,0.3124,-0.3829,-0.6433,3.103807520012979,-1.1789019478858516,-0.8478536412522354,GBPCPCFC_00722-0,GBPCPCFC_00722-0,Rickettsia tamurae subsp. buchneri,1462938,87.3,4.75e-87,262,spotted fever group,114277,,,spotted fever group,114277,0,Alphaproteobacteria,28211,10341,10769,GBPCPCFC_00721,GBPCPCFC_00723,mRNA
GBPCPCFC_00723,gnl|Prokka|GBPCPCFC_15,66,46534,0.0205,535.6818,613.0691,0.664,0.0,0.3203,-0.5439,150,-0.6291,-1.0073,0.5373,0,0,-0.0644,0.393,-0.0057,0.9398,0.3333,0.1678,-0.4561,3.2286928664557264,-2.430302933578912,-0.8493092777508354,GBPCPCFC_00723-0,GBPCPCFC_00723-0,Rickettsia endosymbiont of Ixodes scapularis,444612,81.6,1.14e-09,58.2,Rickettsia endosymbiont of Ixodes scapularis,444612,,,Rickettsia endosymbiont of Ixodes scapularis,444612,0,Alphaproteobacteria,28211,10766,10915,GBPCPCFC_00722,GBPCPCFC_00724,mRNA
GBPCPCFC_00724,gnl|Prokka|GBPCPCFC_15,66,46534,0.0205,535.6818,613.0691,0.664,0.0,0.3203,-0.5439,549,0.0217,-0.4627,0.4945,0,0,0.1756,0.0062,0.2821,0.0,0.3297,0.0722,-0.4886,3.1040144329486767,0.15723920770897468,-0.9461361923836417,GBPCPCFC_00724-0,GBPCPCFC_00724-0,Rickettsia endosymbiont of Oxypoda opaca,2866308,70.2,7.23e-80,246,Rickettsia endosymbiont of Oxypoda opaca,2866308,,,Rickettsia endosymbiont of Oxypoda opaca,2866308,0,Alphaproteobacteria,28211,11762,12310,GBPCPCFC_00723,GBPCPCFC_00725,mRNA
GBPCPCFC_00725,gnl|Prokka|GBPCPCFC_15,66,46534,0.0205,535.6818,613.0691,0.664,0.0,0.3203,-0.5439,1266,1.1912,0.5159,0.4389,0,0,0.3582,0.0,0.3629,0.0,0.3515,0.6446,-0.2939,2.8469958903890014,2.277435013399476,-1.1827731520581868,GBPCPCFC_00725-0,GBPCPCFC_00725-0,Rickettsia australis str. Cutlack,1105110,67.7,1.83e-191,547,cellular organisms,131567,Arthropoda,6656,Arthropoda,6656,1,Eumetazoa,6072,13055,14320,GBPCPCFC_00724,GBPCPCFC_00726,mRNA
GBPCPCFC_00726,gnl|Prokka|GBPCPCFC_15,66,46534,0.0205,535.6818,613.0691,0.664,0.0,0.3203,-0.5439,243,-0.4774,-0.8804,0.3703,0,0,0.1699,0.0105,0.1071,0.1085,0.3457,0.4918,-0.3459,3.0566143060346165,-0.922279058474953,-1.2493723903866099,GBPCPCFC_00726-0,GBPCPCFC_00726-0,Nitrosomonas aestuarii,52441,63.8,1.70e-23,99.8,cellular organisms,131567,cellular organisms,131567,cellular organisms,131567,1,cellular organisms,131567,14652,14894,GBPCPCFC_00725,GBPCPCFC_00727,mRNA
GBPCPCFC_00727,gnl|Prokka|GBPCPCFC_15,66,46534,0.0205,535.6818,613.0691,0.664,0.0,0.3203,-0.5439,213,-0.5263,-0.9213,0.3588,0,0,0.0957,0.1489,0.0918,0.1664,0.3615,0.9071,-0.2047,3.1082413641191975,-1.3269499310638293,-1.2638896570503544,GBPCPCFC_00727-0,GBPCPCFC_00727-0,Rickettsia endosymbiont of Oedothorax gibbosus,931099,90.2,1.22e-22,100,cellular organisms,131567,Endopterygota,33392,Endopterygota,33392,1,Eumetazoa,6072,14919,15131,GBPCPCFC_00726,GBPCPCFC_00728,mRNA
GBPCPCFC_00728,gnl|Prokka|GBPCPCFC_15,66,46534,0.0205,535.6818,613.0691,0.664,0.0,0.3203,-0.5439,177,-0.5851,-0.9705,0.3454,0,0,-0.147,0.0364,-0.012,0.8646,0.3277,0.0195,-0.5065,3.2415759503094055,-2.7422470295461077,-1.283821011345657,GBPCPCFC_00728-0,GBPCPCFC_00728-0,Rickettsia endosymbiont of Oedothorax gibbosus,931099,87.0,3.85e-23,100,Rickettsia,780,,,Rickettsia,780,0,Alphaproteobacteria,28211,15230,15406,GBPCPCFC_00727,GBPCPCFC_00729,mRNA
GBPCPCFC_00729,gnl|Prokka|GBPCPCFC_15,66,46534,0.0205,535.6818,613.0691,0.664,0.0,0.3203,-0.5439,204,-0.541,-0.9336,0.3363,0,0,-0.0822,0.2358,-0.0277,0.6894,0.299,-0.7328,-0.7624,3.177428051582283,-2.486423181520934,-1.325785835848467,GBPCPCFC_00729-0,GBPCPCFC_00729-0,Rickettsia endosymbiont of Oedothorax gibbosus,931099,97.0,1.58e-35,134,Bacteria,2,,,Bacteria,2,0,Bacteria,2,15442,15645,GBPCPCFC_00728,GBPCPCFC_00730,mRNA
GBPCPCFC_00730,gnl|Prokka|GBPCPCFC_15,66,46534,0.0205,535.6818,613.0691,0.664,0.0,0.3203,-0.5439,2154,2.6397,1.7279,0.319,0,0,0.2583,0.0,0.3717,0.0,0.2981,-0.7583,-0.771,2.7154871524700788,3.2422204948870585,-1.5687523015886182,GBPCPCFC_00730-0,GBPCPCFC_00730-0,Pseudolycoriella hygida,35572,50.2,9.07e-216,631,Pseudolycoriella hygida,35572,,,Pseudolycoriella hygida,35572,0,Eumetazoa,6072,15846,17999,GBPCPCFC_00729,GBPCPCFC_00731,mRNA
GBPCPCFC_00731,gnl|Prokka|GBPCPCFC_15,66,46534,0.0205,535.6818,613.0691,0.664,0.0,0.3203,-0.5439,135,-0.6536,-1.0278,0.2189,0,0,-0.1299,0.1683,-0.0562,0.5528,0.2963,-0.8043,-0.7867,3.188409719664522,-2.878898671147707,-1.5884409392989232,GBPCPCFC_00731-0,GBPCPCFC_00731-0,Rickettsia hoogstraalii str. RCCE3,1359197,81.8,2.17e-20,85.1,Rickettsiales,766,,,Rickettsiales,766,0,Alphaproteobacteria,28211,18174,18308,GBPCPCFC_00730,GBPCPCFC_00732,mRNA
GBPCPCFC_00732,gnl|Prokka|GBPCPCFC_15,66,46534,0.0205,535.6818,613.0691,0.664,0.0,0.3203,-0.5439,279,-0.4187,-0.8313,0.2133,0,0,-0.0435,0.5224,-0.0755,0.2662,0.3333,0.1678,-0.4561,3.0825094745646218,-2.369720138146219,-1.6445025466044279,GBPCPCFC_00732-0,GBPCPCFC_00732-0,Rickettsia bellii,33990,81.1,1.60e-39,139,Rickettsiales,766,,,Rickettsiales,766,0,Alphaproteobacteria,28211,18305,18583,GBPCPCFC_00731,GBPCPCFC_00733,mRNA
GBPCPCFC_00733,gnl|Prokka|GBPCPCFC_15,66,46534,0.0205,535.6818,613.0691,0.664,0.0,0.3203,-0.5439,564,0.0462,-0.4423,0.2003,0,0,0.0049,0.938,0.0385,0.5402,0.2926,-0.9026,-0.8201,3.042348522281633,-1.3465173413960863,-1.6841014094763094,GBPCPCFC_00733-0,GBPCPCFC_00733-0,Rickettsia hoogstraalii str. RCCE3,1359197,84.4,5.14e-111,330,Rickettsia hoogstraalii str. RCCE3,1359197,,,Rickettsia hoogstraalii str. RCCE3,1359197,0,Alphaproteobacteria,28211,18606,19169,GBPCPCFC_00732,GBPCPCFC_00734,mRNA
GBPCPCFC_00734,gnl|Prokka|GBPCPCFC_15,66,46534,0.0205,535.6818,613.0691,0.664,0.0,0.3203,-0.5439,150,-0.6291,-1.0073,0.1731,0,0,0.0117,0.8865,-0.0259,0.7528,0.3133,-0.3572,-0.6346,3.0851559994991753,-2.1631335412579276,-1.7104495768462435,GBPCPCFC_00734-0,GBPCPCFC_00734-0,unclassified Rickettsia,114295,73.5,4.83e-17,79.0,Rickettsia,780,,,Rickettsia,780,0,Alphaproteobacteria,28211,19239,19388,GBPCPCFC_00733,GBPCPCFC_00735,mRNA
GBPCPCFC_00735,gnl|Prokka|GBPCPCFC_15,66,46534,0.0205,535.6818,613.0691,0.664,0.0,0.3203,-0.5439,408,-0.2083,-0.6552,0.1665,0,0,0.1458,0.0236,0.1641,0.0107,0.3873,1.583,0.0252,3.026739338058003,-0.5650996203641425,-1.719323773188048,GBPCPCFC_00735-0,GBPCPCFC_00735-0,Rickettsia endosymbiont of Pseudomimeciton antennatum,2878923,77.2,5.17e-56,195,Rickettsia,780,,,Rickettsia,780,0,Alphaproteobacteria,28211,19394,19801,GBPCPCFC_00734,GBPCPCFC_00736,mRNA
GBPCPCFC_00736,gnl|Prokka|GBPCPCFC_15,66,46534,0.0205,535.6818,613.0691,0.664,0.0,0.3203,-0.5439,258,-0.4529,-0.8599,0.1467,0,0,0.0524,0.4247,0.0158,0.8102,0.3062,-0.5443,-0.6983,3.047909982205944,-1.686463218239826,-1.7795170575263575,GBPCPCFC_00736-0,GBPCPCFC_00736-0,,,,,,,,,,,,0,Unassigned,,19854,20111,GBPCPCFC_00735,GBPCPCFC_00737,mRNA
GBPCPCFC_00737,gnl|Prokka|GBPCPCFC_15,66,46534,0.0205,535.6818,613.0691,0.664,0.0,0.3203,-0.5439,144,-0.6389,-1.0155,0.133,0,0,0.0958,0.2901,0.1093,0.227,0.2708,-1.4726,-1.0139,3.0843293524212934,-1.3571841294400417,-1.7687288436729733,GBPCPCFC_00737-0,GBPCPCFC_00737-0,,,,,,,,,,,,0,Unassigned,,20173,20316,GBPCPCFC_00736,GBPCPCFC_00738,mRNA
GBPCPCFC_00738,gnl|Prokka|GBPCPCFC_15,66,46534,0.0205,535.6818,613.0691,0.664,0.0,0.3203,-0.5439,327,-0.3404,-0.7657,0.1245,0,0,0.192,0.0135,0.1956,0.0118,0.2508,-1.9994,-1.193,3.016465827363482,-0.3857926161854593,-1.8012545893009566,GBPCPCFC_00738-0,GBPCPCFC_00738-0,Rickettsia endosymbiont of Cimex lectularius,2698648,62.6,1.07e-30,115,Rickettsia endosymbiont of Cimex lectularius,2698648,,,Rickettsia endosymbiont of Cimex lectularius,2698648,0,Alphaproteobacteria,28211,20370,20696,GBPCPCFC_00737,GBPCPCFC_00739,mRNA
GBPCPCFC_00739,gnl|Prokka|GBPCPCFC_15,66,46534,0.0205,535.6818,613.0691,0.664,0.0,0.3203,-0.5439,420,-0.1887,-0.6388,0.0829,0,0,0.0881,0.1909,0.0516,0.4442,0.2786,-1.2695,-0.9449,2.992318046628033,-1.1676794381159081,-1.9439312198928898,GBPCPCFC_00739-0,GBPCPCFC_00739-0,Alphaproteobacteria bacterium,1913988,51.9,3.64e-42,147,Alphaproteobacteria bacterium,1913988,,,Alphaproteobacteria bacterium,1913988,0,Alphaproteobacteria,28211,21338,21757,GBPCPCFC_00738,GBPCPCFC_00740,mRNA
GBPCPCFC_00740,gnl|Prokka|GBPCPCFC_15,66,46534,0.0205,535.6818,613.0691,0.664,0.0,0.3203,-0.5439,285,-0.4089,-0.8231,0.0611,0,0,-0.0265,0.6989,0.0277,0.6861,0.3158,-0.2927,-0.6127,3.0895831408916505,-1.9268021670156135,-1.9628620741046015,GBPCPCFC_00740-0,GBPCPCFC_00740-0,Rickettsia endosymbiont of Cimex lectularius,2698648,48.8,2.40e-16,81.6,Rickettsia endosymbiont of Cimex lectularius,2698648,,,Rickettsia endosymbiont of Cimex lectularius,2698648,0,Alphaproteobacteria,28211,21845,22129,GBPCPCFC_00739,GBPCPCFC_00741,mRNA
GBPCPCFC_00741,gnl|Prokka|GBPCPCFC_15,66,46534,0.0205,535.6818,613.0691,0.664,0.0,0.3203,-0.5439,438,-0.1593,-0.6142,0.033,0,0,0.1031,0.1053,0.2258,0.0003,0.3242,-0.0719,-0.5376,3.0561695617413167,-0.4770389308381659,-2.0022906480198848,GBPCPCFC_00741-0,GBPCPCFC_00741-0,Parachlamydia sp. AcF125,2795736,70.4,1.21e-66,209,Bacteria,2,,,Bacteria,2,0,Bacteria,2,22500,22937,GBPCPCFC_00740,GBPCPCFC_00742,mRNA
GBPCPCFC_00742,gnl|Prokka|GBPCPCFC_15,66,46534,0.0205,535.6818,613.0691,0.664,0.0,0.3203,-0.5439,450,-0.1398,-0.5979,0.0122,0,0,0.134,0.0462,0.1297,0.0536,0.2978,-0.7654,-0.7734,2.9769082428127183,-0.659914380300007,-2.091727289941282,GBPCPCFC_00742-0,GBPCPCFC_00742-0,Rickettsia endosymbiont of Cimex lectularius,2698648,55.2,1.71e-51,174,Rickettsia endosymbiont of Cimex lectularius,2698648,,,Rickettsia endosymbiont of Cimex lectularius,2698648,0,Alphaproteobacteria,28211,22983,23432,GBPCPCFC_00741,GBPCPCFC_00743,mRNA
GBPCPCFC_00743,gnl|Prokka|GBPCPCFC_15,66,46534,0.0205,535.6818,613.0691,0.664,0.0,0.3203,-0.5439,2262,2.8159,1.8753,0.113,0,0,0.2913,0.0,0.3076,0.0,0.279,-1.2594,-0.9414,2.5922400426570604,3.333781895930104,-2.08862541750865,GBPCPCFC_00743-0,GBPCPCFC_00743-0,Rickettsia endosymbiont of Cimex lectularius,2698648,52.3,2.43e-262,754,Rickettsia endosymbiont of Cimex lectularius,2698648,,,Rickettsia endosymbiont of Cimex lectularius,2698648,0,Alphaproteobacteria,28211,23636,25897,GBPCPCFC_00742,GBPCPCFC_00744,mRNA
GBPCPCFC_00744,gnl|Prokka|GBPCPCFC_15,66,46534,0.0205,535.6818,613.0691,0.664,0.0,0.3203,-0.5439,168,-0.5997,-0.9828,0.119,0,0,-0.1433,0.1039,-0.0047,0.9578,0.256,-1.8632,-1.1467,3.1970836021347684,-2.7022423616244584,-1.803053895790705,GBPCPCFC_00744-0,GBPCPCFC_00744-0,,,,,,,,,,,,0,Unassigned,,25869,26036,GBPCPCFC_00743,GBPCPCFC_00745,mRNA
GBPCPCFC_00745,gnl|Prokka|GBPCPCFC_15,66,46534,0.0205,535.6818,613.0691,0.664,0.0,0.3203,-0.5439,198,-0.5508,-0.9418,0.1318,0,0,0.0527,0.5165,0.1741,0.0308,0.2677,-1.5555,-1.0421,3.138312855061678,-1.2318339441506239,-1.7486684506072088,GBPCPCFC_00745-0,GBPCPCFC_00745-0,,,,,,,,,,,,0,Unassigned,,26138,26335,GBPCPCFC_00744,GBPCPCFC_00746,mRNA
GBPCPCFC_00746,gnl|Prokka|GBPCPCFC_15,66,46534,0.0205,535.6818,613.0691,0.664,0.0,0.3203,-0.5439,1323,1.2842,0.5937,0.2031,0,0,0.2921,0.0,0.3545,0.0,0.3129,-0.3679,-0.6382,2.830975157962921,2.074613497650847,-1.7266625090656775,GBPCPCFC_00746-0,GBPCPCFC_00746-0,Amoebophilaceae bacterium,2053498,64.6,2.11e-193,554,Bacteria,2,,,Bacteria,2,0,Bacteria,2,26671,27993,GBPCPCFC_00745,GBPCPCFC_00747,mRNA
GBPCPCFC_00747,gnl|Prokka|GBPCPCFC_15,66,46534,0.0205,535.6818,613.0691,0.664,0.0,0.3203,-0.5439,594,0.0951,-0.4013,0.2299,0,0,0.2373,0.0005,0.267,0.0001,0.2879,-1.0253,-0.8618,2.985304530839102,0.44430728668675445,-1.5796269604638413,GBPCPCFC_00747-0,GBPCPCFC_00747-0,Rickettsia endosymbiont of Cimex lectularius,2698648,67.6,7.42e-84,258,cellular organisms,131567,Sciaridae,7184,Sciaridae,7184,1,Eumetazoa,6072,28024,28617,GBPCPCFC_00746,GBPCPCFC_00748,mRNA
GBPCPCFC_00748,gnl|Prokka|GBPCPCFC_15,66,46534,0.0205,535.6818,613.0691,0.664,0.0,0.3203,-0.5439,309,-0.3697,-0.7903,0.243,0,0,0.1486,0.0318,0.2035,0.0031,0.3657,1.0172,-0.1673,3.0815767880746145,-0.5725307222567523,-1.5146781759364694,GBPCPCFC_00748-0,GBPCPCFC_00748-0,Rickettsia endosymbiont of Platyusa sonomae,2878924,69.9,1.54e-39,141,unclassified Rickettsia,114295,,,Rickettsia,780,0,Alphaproteobacteria,28211,28614,28922,GBPCPCFC_00747,GBPCPCFC_00749,mRNA
GBPCPCFC_00749,gnl|Prokka|GBPCPCFC_15,66,46534,0.0205,535.6818,613.0691,0.664,0.0,0.3203,-0.5439,534,-0.0027,-0.4832,0.2744,0,0,0.2407,0.0004,0.397,0.0,0.2978,-0.7661,-0.7737,3.0712944138343485,0.811183166103073,-1.4223345261587137,GBPCPCFC_00749-0,GBPCPCFC_00749-0,Rickettsia endosymbiont of Cimex lectularius,2698648,68.7,8.44e-74,243,unclassified Rickettsia,114295,,,Rickettsia,780,0,Alphaproteobacteria,28211,29119,29652,GBPCPCFC_00748,GBPCPCFC_00750,mRNA
GBPCPCFC_00750,gnl|Prokka|GBPCPCFC_15,66,46534,0.0205,535.6818,613.0691,0.664,0.0,0.3203,-0.5439,1293,1.2353,0.5527,0.3331,0,0,0.1721,0.0058,0.298,0.0,0.3527,0.6753,-0.2835,2.9253806868363625,1.3305343131589829,-1.421245482282138,GBPCPCFC_00750-0,GBPCPCFC_00750-0,Legionella,445,56.7,6.50e-173,501,cellular organisms,131567,cellular organisms,131567,cellular organisms,131567,1,cellular organisms,131567,29727,31019,GBPCPCFC_00749,GBPCPCFC_00751,mRNA
GBPCPCFC_00751,gnl|Prokka|GBPCPCFC_15,66,46534,0.0205,535.6818,613.0691,0.664,0.0,0.3203,-0.5439,168,-0.5997,-0.9828,0.3451,0,0,-0.1742,0.0355,-0.163,0.0493,0.3333,0.1678,-0.4561,3.1863418185524544,-3.3867789327680318,-1.3322787927806992,GBPCPCFC_00751-0,GBPCPCFC_00751-0,Rickettsia bellii str. RML Mogi,1359194,70.6,2.24e-13,68.2,Rickettsia bellii str. RML Mogi,1359194,,,Rickettsia bellii str. RML Mogi,1359194,0,Alphaproteobacteria,28211,31130,31297,GBPCPCFC_00750,GBPCPCFC_00752,mRNA
GBPCPCFC_00752,gnl|Prokka|GBPCPCFC_15,66,46534,0.0205,535.6818,613.0691,0.664,0.0,0.3203,-0.5439,870,0.5453,-0.0246,0.3849,0,0,0.1203,0.0545,0.1696,0.0065,0.3713,1.1633,-0.1176,2.997676349451044,0.03329113852631288,-1.2764652017722273,GBPCPCFC_00752-0,GBPCPCFC_00752-0,Rickettsia bellii,33990,94.1,7.43e-200,561,cellular organisms,131567,Arthropoda,6656,Arthropoda,6656,1,Eumetazoa,6072,31354,32223,GBPCPCFC_00751,GBPCPCFC_00753,mRNA
GBPCPCFC_00753,gnl|Prokka|GBPCPCFC_15,66,46534,0.0205,535.6818,613.0691,0.664,0.0,0.3203,-0.5439,549,0.0217,-0.4627,0.409,0,0,0.1404,0.0337,0.1909,0.0037,0.3188,-0.2147,-0.5862,3.0657411423794616,-0.2966461480519272,-1.1697927627873344,GBPCPCFC_00753-0,GBPCPCFC_00753-0,Rickettsia endosymbiont of Pyrocoelia pectoralis,2866165,46.3,8.86e-38,146,Rickettsia endosymbiont of Pyrocoelia pectoralis,2866165,,,Rickettsia endosymbiont of Pyrocoelia pectoralis,2866165,0,Alphaproteobacteria,28211,32235,32783,GBPCPCFC_00752,GBPCPCFC_00754,mRNA
GBPCPCFC_00754,gnl|Prokka|GBPCPCFC_15,66,46534,0.0205,535.6818,613.0691,0.664,0.0,0.3203,-0.5439,771,0.3838,-0.1597,0.4415,0,0,0.1236,0.0518,0.2433,0.0001,0.2866,-1.0578,-0.8728,3.065566516153911,0.14682122686950713,-1.105596757398502,GBPCPCFC_00754-0,GBPCPCFC_00754-0,Rickettsia endosymbiont of Pyrocoelia pectoralis,2866165,31.4,9.37e-27,117,Rickettsia endosymbiont of Pyrocoelia pectoralis,2866165,,,Rickettsia endosymbiont of Pyrocoelia pectoralis,2866165,0,Alphaproteobacteria,28211,32770,33540,GBPCPCFC_00753,GBPCPCFC_00755,mRNA
GBPCPCFC_00755,gnl|Prokka|GBPCPCFC_15,66,46534,0.0205,535.6818,613.0691,0.664,0.0,0.3203,-0.5439,645,0.1783,-0.3317,0.4743,0,0,0.2163,0.0006,0.2565,0.0,0.3736,1.2258,-0.0963,3.036075860175582,0.3842793463722961,-1.0231284906194427,GBPCPCFC_00755-0,GBPCPCFC_00755-0,Sphingobacteriaceae bacterium,2021370,59.2,7.05e-73,229,Bacteria,2,,,Bacteria,2,0,Bacteria,2,33659,34303,GBPCPCFC_00754,GBPCPCFC_00756,mRNA
GBPCPCFC_00756,gnl|Prokka|GBPCPCFC_15,66,46534,0.0205,535.6818,613.0691,0.664,0.0,0.3203,-0.5439,438,-0.1593,-0.6142,0.5009,0,0,0.11,0.0839,0.1316,0.0384,0.3242,-0.0719,-0.5376,3.1005417426082222,-0.7990417383407465,-0.9572673154542085,GBPCPCFC_00756-0,GBPCPCFC_00756-0,Parachlamydia sp. AcF125,2795736,70.4,1.21e-66,209,Bacteria,2,,,Bacteria,2,0,Bacteria,2,34484,34921,GBPCPCFC_00755,GBPCPCFC_00757,mRNA
GBPCPCFC_00757,gnl|Prokka|GBPCPCFC_15,66,46534,0.0205,535.6818,613.0691,0.664,0.0,0.3203,-0.5439,1095,0.9123,0.2825,0.5756,0,0,0.0889,0.1561,0.4675,0.0,0.3699,1.1266,-0.1301,3.166773358666563,1.2543993539389726,-0.7574680076015367,GBPCPCFC_00757-0,GBPCPCFC_00757-0,Rickettsia bellii,33990,92.9,1.18e-250,692,cellular organisms,131567,Arthropoda,6656,Arthropoda,6656,1,Eumetazoa,6072,35565,36659,GBPCPCFC_00756,GBPCPCFC_00758,mRNA
GBPCPCFC_00758,gnl|Prokka|GBPCPCFC_15,66,46534,0.0205,535.6818,613.0691,0.664,0.0,0.3203,-0.5439,789,0.4132,-0.1352,0.612,0,0,0.1869,0.0031,0.3224,0.0,0.3232,-0.0983,-0.5466,3.0905943110411984,0.6977842126008281,-0.6976693388239709,GBPCPCFC_00758-0,GBPCPCFC_00758-0,Rickettsiales bacterium,2026788,75.9,8.69e-135,393,cellular organisms,131567,Protostomia,33317,Protostomia,33317,1,Eumetazoa,6072,36718,37506,GBPCPCFC_00757,GBPCPCFC_00759,mRNA
GBPCPCFC_00759,gnl|Prokka|GBPCPCFC_15,66,46534,0.0205,535.6818,613.0691,0.664,0.0,0.3203,-0.5439,483,-0.0859,-0.5528,0.6436,0,0,0.0897,0.1592,0.1355,0.033,0.354,0.7112,-0.2713,3.1381869199759267,-0.8102168280603518,-0.6295374181864488,GBPCPCFC_00759-0,GBPCPCFC_00759-0,Vibrio cholerae,666,53.6,7.95e-42,153,root,1,cellular organisms,131567,cellular organisms,131567,1,cellular organisms,131567,37761,38243,GBPCPCFC_00758,GBPCPCFC_00760,mRNA
GBPCPCFC_00760,gnl|Prokka|GBPCPCFC_15,66,46534,0.0205,535.6818,613.0691,0.664,0.0,0.3203,-0.5439,1398,1.4066,0.6961,0.7328,0,0,0.1078,0.0852,0.1517,0.0151,0.3519,0.6559,-0.2901,2.9601462146191735,0.6973767211739272,-0.5550403269979343,GBPCPCFC_00760-0,GBPCPCFC_00760-0,Rickettsia endosymbiont of Cimex lectularius,2698648,82.4,1.11e-275,764,cellular organisms,131567,Sciaridae,7184,Sciaridae,7184,1,Eumetazoa,6072,38920,40317,GBPCPCFC_00759,GBPCPCFC_00761,mRNA
GBPCPCFC_00761,gnl|Prokka|GBPCPCFC_15,66,46534,0.0205,535.6818,613.0691,0.664,0.0,0.3203,-0.5439,159,-0.6144,-0.9951,0.7528,0,0,0.0131,0.8715,-0.0662,0.4128,0.327,0.0027,-0.5122,3.1827870102495286,-2.3158607000163656,-0.3885222487166258,GBPCPCFC_00761-0,GBPCPCFC_00761-0,Candidatus Jidaibacter acanthamoeba,86105,67.6,2.91e-06,53.5,Alphaproteobacteria,28211,,,Alphaproteobacteria,28211,0,Alphaproteobacteria,28211,40624,40782,GBPCPCFC_00760,GBPCPCFC_00762,mRNA
GBPCPCFC_00762,gnl|Prokka|GBPCPCFC_15,66,46534,0.0205,535.6818,613.0691,0.664,0.0,0.3203,-0.5439,168,-0.5997,-0.9828,0.7652,0,0,-0.0255,0.7284,0.1495,0.0406,0.3274,0.0115,-0.5092,3.323029138281865,-1.7225707240007435,-0.27746019763072627,GBPCPCFC_00762-0,GBPCPCFC_00762-0,Candidatus Jidaibacter acanthamoeba,86105,52.8,3.69e-07,56.2,Rickettsiales,766,,,Rickettsiales,766,0,Alphaproteobacteria,28211,40905,41072,GBPCPCFC_00761,GBPCPCFC_00763,mRNA
GBPCPCFC_00763,gnl|Prokka|GBPCPCFC_15,66,46534,0.0205,535.6818,613.0691,0.664,0.0,0.3203,-0.5439,267,-0.4383,-0.8476,0.7982,0,0,0.0576,0.3586,0.0789,0.2081,0.3558,0.7576,-0.2555,3.2107315220125203,-1.472723026067713,-0.25566459964409605,GBPCPCFC_00763-0,GBPCPCFC_00763-0,unclassified Microcoleus,2642155,35.2,6.38e-04,48.5,unclassified Microcoleus,2642155,,,Microcoleus,44471,0,Microcoleus,44471,41574,41840,GBPCPCFC_00762,GBPCPCFC_00764,mRNA
GBPCPCFC_00764,gnl|Prokka|GBPCPCFC_15,66,46534,0.0205,535.6818,613.0691,0.664,0.0,0.3203,-0.5439,144,-0.6389,-1.0155,0.8191,0,0,0.0656,0.4085,0.1621,0.0399,0.3056,-0.5613,-0.704,3.277508837380839,-1.3410476032879968,-0.16114661816362075,GBPCPCFC_00764-0,GBPCPCFC_00764-0,Rickettsia endosymbiont of Culicoides newsteadi,1961830,76.6,6.59e-15,72.8,cellular organisms,131567,Endopterygota,33392,Endopterygota,33392,1,Eumetazoa,6072,42182,42325,GBPCPCFC_00763,GBPCPCFC_00765,mRNA
GBPCPCFC_00765,gnl|Prokka|GBPCPCFC_15,66,46534,0.0205,535.6818,613.0691,0.664,0.0,0.3203,-0.5439,225,-0.5068,-0.905,0.8394,0,0,0.0002,0.9977,0.0129,0.8445,0.3378,0.2844,-0.4164,3.2373152483089567,-2.00315302430764,-0.16782940348787564,GBPCPCFC_00765-0,GBPCPCFC_00765-0,,,,,,,,,,,,0,Unassigned,,42573,42797,GBPCPCFC_00764,GBPCPCFC_00766,mRNA
GBPCPCFC_00766,gnl|Prokka|GBPCPCFC_15,66,46534,0.0205,535.6818,613.0691,0.664,0.0,0.3203,-0.5439,174,-0.59,-0.9746,0.8469,0,0,0.2695,0.0002,0.2498,0.0006,0.2989,-0.7373,-0.7639,3.169240411677838,-0.15147204534470718,-0.10603764686351176,GBPCPCFC_00766-0,GBPCPCFC_00766-0,,,,,,,,,,,,0,Unassigned,,42800,42973,GBPCPCFC_00765,GBPCPCFC_00767,mRNA
GBPCPCFC_00767,gnl|Prokka|GBPCPCFC_15,66,46534,0.0205,535.6818,613.0691,0.664,0.0,0.3203,-0.5439,141,-0.6438,-1.0196,0.8607,0,0,0.0837,0.3255,0.1906,0.0241,0.3475,0.5401,-0.3295,3.2879023846879005,-1.1753592153707888,-0.05769805607887282,GBPCPCFC_00767-0,GBPCPCFC_00767-0,,,,,,,,,,,,0,Unassigned,,43154,43294,GBPCPCFC_00766,GBPCPCFC_00768,mRNA
GBPCPCFC_00768,gnl|Prokka|GBPCPCFC_15,66,46534,0.0205,535.6818,613.0691,0.664,0.0,0.3203,-0.5439,219,-0.5166,-0.9132,0.8693,0,0,0.1523,0.035,0.1223,0.0911,0.3196,-0.1918,-0.5784,3.186948668106214,-1.0081111064621089,-0.0857468475851334,GBPCPCFC_00768-0,GBPCPCFC_00768-0,,,,,,,,,,,,0,Unassigned,,43275,43493,GBPCPCFC_00767,GBPCPCFC_00769,mRNA
GBPCPCFC_00769,gnl|Prokka|GBPCPCFC_15,66,46534,0.0205,535.6818,613.0691,0.664,0.0,0.3203,-0.5439,291,-0.3991,-0.8149,0.8827,0,0,0.0026,0.9715,-0.0885,0.2269,0.2818,-1.1852,-0.9162,3.178766028517045,-2.2440769953571262,-0.11416097806009302,GBPCPCFC_00769-0,GBPCPCFC_00769-0,,,,,,,,,,,,0,Unassigned,,43514,43804,GBPCPCFC_00768,GBPCPCFC_00770,mRNA
GBPCPCFC_00770,gnl|Prokka|GBPCPCFC_15,66,46534,0.0205,535.6818,613.0691,0.664,0.0,0.3203,-0.5439,447,-0.1447,-0.602,0.9125,0,0,0.2993,0.0,0.3834,0.0,0.2707,-1.4763,-1.0152,3.1720247602324614,0.8390950263496163,0.04780926466098591,GBPCPCFC_00770-0,GBPCPCFC_00770-0,,,,,,,,,,,,0,Unassigned,,44053,44499,GBPCPCFC_00769,GBPCPCFC_00771,mRNA
GBPCPCFC_00771,gnl|Prokka|GBPCPCFC_15,66,46534,0.0205,535.6818,613.0691,0.664,0.0,0.3203,-0.5439,96,-0.7172,-1.081,0.9292,0,0,0.0115,0.9019,0.0881,0.3429,0.3333,0.1678,-0.4561,3.3131664197827186,-1.898150695119715,0.08311517840659649,GBPCPCFC_00771-0,GBPCPCFC_00771-0,Holosporaceae bacterium 'Namur',2759495,90.3,8.70e-09,57.8,Alphaproteobacteria,28211,,,Alphaproteobacteria,28211,0,Alphaproteobacteria,28211,44791,44886,GBPCPCFC_00770,GBPCPCFC_00772,mRNA
GBPCPCFC_00772,gnl|Prokka|GBPCPCFC_15,66,46534,0.0205,535.6818,613.0691,0.664,0.0,0.3203,-0.5439,276,-0.4236,-0.8354,0.9441,0,0,0.0349,0.6324,-0.0289,0.6922,0.3297,0.0727,-0.4884,3.201089530513996,-1.931708332055096,0.045278101712871506,GBPCPCFC_00772-0,GBPCPCFC_00772-0,Pseudolycoriella hygida,35572,82.4,5.53e-39,138,cellular organisms,131567,Sciaridae,7184,Sciaridae,7184,1,Eumetazoa,6072,44959,45234,GBPCPCFC_00771,GBPCPCFC_00773,mRNA
GBPCPCFC_00773,gnl|Prokka|GBPCPCFC_15,66,46534,0.0205,535.6818,613.0691,0.664,0.0,0.3203,-0.5439,117,-0.6829,-1.0524,0.9496,0,0,0.0447,0.6123,0.0711,0.4196,0.265,-1.6269,-1.0664,3.2794372125900892,-1.7882992603605894,0.11518806497230547,GBPCPCFC_00773-0,GBPCPCFC_00773-0,Rickettsia massiliae,35791,97.4,1.52e-13,73.2,cellular organisms,131567,Arthropoda,6656,Arthropoda,6656,1,Eumetazoa,6072,45246,45362,GBPCPCFC_00772,GBPCPCFC_00774,mRNA
GBPCPCFC_00774,gnl|Prokka|GBPCPCFC_15,66,46534,0.0205,535.6818,613.0691,0.664,0.0,0.3203,-0.5439,198,-0.5508,-0.9418,0.9568,0,0,-0.0303,0.6819,0.1492,0.0427,0.3081,-0.495,-0.6815,3.3602548086587425,-1.7092369373197365,0.1610589654607112,GBPCPCFC_00774-0,GBPCPCFC_00774-0,Rickettsia parkeri,35792,84.4,3.79e-31,121,cellular organisms,131567,Arthropoda,6656,Arthropoda,6656,1,Eumetazoa,6072,45332,45529,GBPCPCFC_00773,GBPCPCFC_00775,mRNA
GBPCPCFC_00775,gnl|Prokka|GBPCPCFC_15,66,46534,0.0205,535.6818,613.0691,0.664,0.0,0.3203,-0.5439,726,0.3104,-0.2212,0.9916,1,0,0.1111,0.0759,0.4338,0.0,0.3912,1.6862,0.0602,4.294402107904477,0.9476753389878275,4.684824123122871,GBPCPCFC_00775-0,GBPCPCFC_00775-0,Rickettsia bellii,33990,89.3,3.89e-138,402,cellular organisms,131567,Neoptera,33340,Neoptera,33340,1,Eumetazoa,6072,45613,46338,GBPCPCFC_00774,,mRNA
GBPCPCFC_00808,gnl|Prokka|GBPCPCFC_18,67,59216,0.026,741.8955,400.072,0.5118,0.0,0.6742,2.7821,390,-0.8796,-0.6798,0.9992,1,0,0.0184,0.7906,0.2842,0.0,0.6872,0.4509,2.7021,4.971675182955193,-0.5251689983285736,5.083752979875777,GBPCPCFC_00808-0,GBPCPCFC_00808-0,,,,,,,,,,,,0,Unassigned,,26,415,,GBPCPCFC_00809,mRNA
GBPCPCFC_00809,gnl|Prokka|GBPCPCFC_18,67,59216,0.026,741.8955,400.072,0.5118,0.0,0.6742,2.7821,1173,1.0776,0.389,0.9873,0,0,0.1233,0.063,0.451,0.0,0.6616,-0.5167,2.4733,3.7881369337362583,1.7096161300540702,0.4892624740502232,GBPCPCFC_00809-0,GBPCPCFC_00809-0,,,,,,,,,,,,0,Unassigned,,376,1548,GBPCPCFC_00808,GBPCPCFC_00810,mRNA
GBPCPCFC_00810,gnl|Prokka|GBPCPCFC_18,67,59216,0.026,741.8955,400.072,0.5118,0.0,0.6742,2.7821,348,-0.9846,-0.7371,0.934,0,0,0.0884,0.1716,0.179,0.0053,0.6121,-2.3847,2.0317,3.864514456292906,-0.9727142992907869,0.4480407792963211,GBPCPCFC_00810-0,GBPCPCFC_00810-0,Sinobacteraceae bacterium,1969813,96.6,1.16e-10,63.9,Sinobacteraceae bacterium,1969813,,,Sinobacteraceae bacterium,1969813,0,Gammaproteobacteria,1236,1954,2301,GBPCPCFC_00809,GBPCPCFC_00811,mRNA
GBPCPCFC_00811,gnl|Prokka|GBPCPCFC_18,67,59216,0.026,741.8955,400.072,0.5118,0.0,0.6742,2.7821,453,-0.7221,-0.5938,0.9043,0,0,0.1094,0.1222,0.2923,0.0,0.6711,-0.1569,2.5584,3.8751102239823987,-0.29059256246407916,0.3942499680350534,GBPCPCFC_00811-0,GBPCPCFC_00811-0,Xanthomonas phage HXX_Dennis,2961685,100,2.98e-85,261,root,1,cellular organisms,131567,cellular organisms,131567,1,cellular organisms,131567,2833,3285,GBPCPCFC_00810,GBPCPCFC_00812,mRNA
GBPCPCFC_00812,gnl|Prokka|GBPCPCFC_18,67,59216,0.026,741.8955,400.072,0.5118,0.0,0.6742,2.7821,345,-0.9921,-0.7412,0.8879,0,0,0.2416,0.0004,0.4153,0.0,0.6667,-0.3235,2.519,3.861986955548888,0.4699998464920734,0.3995707251265489,GBPCPCFC_00812-0,GBPCPCFC_00812-0,,,,,,,,,,,,0,Unassigned,,3320,3664,GBPCPCFC_00811,GBPCPCFC_00813,mRNA
GBPCPCFC_00813,gnl|Prokka|GBPCPCFC_18,67,59216,0.026,741.8955,400.072,0.5118,0.0,0.6742,2.7821,1107,0.9126,0.2989,0.8686,0,0,0.2021,0.0016,0.5449,0.0,0.71,1.3134,2.906,3.768500721188701,2.236638467902268,0.24876031811200586,GBPCPCFC_00813-0,GBPCPCFC_00813-0,Pseudomonas aeruginosa,287,37.7,2.63e-04,54.3,Pseudomonas aeruginosa,287,,,Pseudomonas aeruginosa,287,0,Gammaproteobacteria,1236,3890,4996,GBPCPCFC_00812,GBPCPCFC_00814,mRNA
GBPCPCFC_00814,gnl|Prokka|GBPCPCFC_18,67,59216,0.026,741.8955,400.072,0.5118,0.0,0.6742,2.7821,921,0.4477,0.045,0.8324,0,0,0.228,0.0003,0.4077,0.0,0.6634,-0.4465,2.4899,3.7164610539366443,1.5126775649762423,0.1506468818926899,GBPCPCFC_00814-0,GBPCPCFC_00814-0,,,,,,,,,,,,0,Unassigned,,4963,5883,GBPCPCFC_00813,GBPCPCFC_00815,mRNA
GBPCPCFC_00815,gnl|Prokka|GBPCPCFC_18,67,59216,0.026,741.8955,400.072,0.5118,0.0,0.6742,2.7821,1425,1.7075,0.7329,0.8004,0,0,0.3049,0.0,0.598,0.0,0.6554,-0.7474,2.4188,3.627005353821375,3.468554200528676,0.025594880822577902,GBPCPCFC_00815-0,GBPCPCFC_00815-0,,,,,,,,,,,,0,Unassigned,,5911,7335,GBPCPCFC_00814,GBPCPCFC_00816,mRNA
GBPCPCFC_00816,gnl|Prokka|GBPCPCFC_18,67,59216,0.026,741.8955,400.072,0.5118,0.0,0.6742,2.7821,1029,0.7176,0.1924,0.7493,0,0,0.1942,0.0021,0.4661,0.0,0.654,-0.8005,2.4062,3.728031359016355,1.7887146440628727,-0.037003635494063866,GBPCPCFC_00816-0,GBPCPCFC_00816-0,,,,,,,,,,,,0,Unassigned,,7423,8451,GBPCPCFC_00815,GBPCPCFC_00817,mRNA
GBPCPCFC_00817,gnl|Prokka|GBPCPCFC_18,67,59216,0.026,741.8955,400.072,0.5118,0.0,0.6742,2.7821,303,-1.097,-0.7985,0.6866,0,0,0.0751,0.2903,0.275,0.0001,0.6964,0.7978,2.7841,3.882942770413435,-0.7717639368476998,-0.07688167715771724,GBPCPCFC_00817-0,GBPCPCFC_00817-0,,,,,,,,,,,,0,Unassigned,,9281,9583,GBPCPCFC_00816,GBPCPCFC_00818,mRNA
GBPCPCFC_00818,gnl|Prokka|GBPCPCFC_18,67,59216,0.026,741.8955,400.072,0.5118,0.0,0.6742,2.7821,816,0.1852,-0.0983,0.6733,0,0,0.2168,0.0007,0.5135,0.0,0.6887,0.5092,2.7159,3.7713940139179267,1.6341894168332807,-0.15484393010988234,GBPCPCFC_00818-0,GBPCPCFC_00818-0,Ralstonia solanacearum,305,36.8,3.33e-04,54.7,Ralstonia solanacearum,305,,,Ralstonia solanacearum,305,0,Betaproteobacteria,28216,9673,10488,GBPCPCFC_00817,GBPCPCFC_00819,mRNA
GBPCPCFC_00819,gnl|Prokka|GBPCPCFC_18,67,59216,0.026,741.8955,400.072,0.5118,0.0,0.6742,2.7821,1608,2.1649,0.9827,0.6372,0,0,0.3301,0.0,0.6579,0.0,0.6692,-0.2296,2.5412,3.5601447192346347,4.144766427249173,-0.3724481272185376,GBPCPCFC_00819-0,GBPCPCFC_00819-0,,,,,,,,,,,,0,Unassigned,,10742,12349,GBPCPCFC_00818,GBPCPCFC_00820,mRNA
GBPCPCFC_00820,gnl|Prokka|GBPCPCFC_18,67,59216,0.026,741.8955,400.072,0.5118,0.0,0.6742,2.7821,480,-0.6546,-0.5569,0.5879,0,0,0.2471,0.0001,0.4171,0.0,0.6625,-0.4808,2.4818,3.763180106905781,0.7795226186976337,-0.32138185580577794,GBPCPCFC_00820-0,GBPCPCFC_00820-0,Sinobacteraceae bacterium,1969813,100,7.70e-104,304,root,1,cellular organisms,131567,cellular organisms,131567,1,cellular organisms,131567,12203,12682,GBPCPCFC_00819,GBPCPCFC_00821,mRNA
GBPCPCFC_00821,gnl|Prokka|GBPCPCFC_18,67,59216,0.026,741.8955,400.072,0.5118,0.0,0.6742,2.7821,564,-0.4447,-0.4423,0.5703,0,0,0.1409,0.0311,0.3254,0.0,0.7092,1.2829,2.8988,3.7715902584562526,0.18951568716948297,-0.39359135217369495,GBPCPCFC_00821-0,GBPCPCFC_00821-0,,,,,,,,,,,,0,Unassigned,,12724,13287,GBPCPCFC_00820,GBPCPCFC_00822,mRNA
GBPCPCFC_00822,gnl|Prokka|GBPCPCFC_18,67,59216,0.026,741.8955,400.072,0.5118,0.0,0.6742,2.7821,582,-0.3997,-0.4177,0.5378,0,0,0.2808,0.0,0.4805,0.0,0.6856,0.39,2.6877,3.735129296320731,1.3384215262491053,-0.44167944699216927,GBPCPCFC_00822-0,GBPCPCFC_00822-0,,,,,,,,,,,,0,Unassigned,,13686,14267,GBPCPCFC_00821,GBPCPCFC_00823,mRNA
GBPCPCFC_00823,gnl|Prokka|GBPCPCFC_18,67,59216,0.026,741.8955,400.072,0.5118,0.0,0.6742,2.7821,1209,1.1676,0.4381,0.5201,0,0,0.2084,0.0008,0.527,0.0,0.6824,0.2697,2.6592,3.6568876440207934,2.4203519454735996,-0.5843796534484149,GBPCPCFC_00823-0,GBPCPCFC_00823-0,Diploscapter pachys,2018661,34.7,1.21e-12,80.9,Diploscapter pachys,2018661,,,Diploscapter pachys,2018661,0,Eumetazoa,6072,14210,15418,GBPCPCFC_00822,GBPCPCFC_00824,mRNA
GBPCPCFC_00824,gnl|Prokka|GBPCPCFC_18,67,59216,0.026,741.8955,400.072,0.5118,0.0,0.6742,2.7821,384,-0.8946,-0.6879,0.4857,0,0,0.0511,0.451,0.311,0.0,0.7135,1.4461,2.9373,3.85764078639665,-0.5779736144002683,-0.5404330195995147,GBPCPCFC_00824-0,GBPCPCFC_00824-0,Stenotrophomonas phage Suso,2859662,100,3.85e-75,229,root,1,cellular organisms,131567,cellular organisms,131567,1,cellular organisms,131567,15229,15612,GBPCPCFC_00823,GBPCPCFC_00825,mRNA
GBPCPCFC_00825,gnl|Prokka|GBPCPCFC_18,67,59216,0.026,741.8955,400.072,0.5118,0.0,0.6742,2.7821,1356,1.535,0.6387,0.4712,0,0,0.208,0.001,0.5355,0.0,0.6608,-0.5463,2.4663,3.615512995665678,2.7373352778952342,-0.7249331231104331,GBPCPCFC_00825-0,GBPCPCFC_00825-0,Diploscapter pachys,2018661,35.5,1.63e-07,64.7,root,1,Ecdysozoa,1206794,Ecdysozoa,1206794,1,Eumetazoa,6072,15656,17011,GBPCPCFC_00824,GBPCPCFC_00826,mRNA
GBPCPCFC_00826,gnl|Prokka|GBPCPCFC_18,67,59216,0.026,741.8955,400.072,0.5118,0.0,0.6742,2.7821,1227,1.2125,0.4627,0.4221,0,0,0.1672,0.0083,0.4108,0.0,0.6976,0.8456,2.7954,3.603295610444148,1.8915695965959956,-0.848510431253678,GBPCPCFC_00826-0,GBPCPCFC_00826-0,,,,,,,,,,,,0,Unassigned,,17111,18337,GBPCPCFC_00825,GBPCPCFC_00827,mRNA
GBPCPCFC_00827,gnl|Prokka|GBPCPCFC_18,67,59216,0.026,741.8955,400.072,0.5118,0.0,0.6742,2.7821,756,0.0353,-0.1802,0.367,0,0,0.0852,0.1876,0.2728,0.0,0.6892,0.5254,2.7197,3.6970985057044294,0.16400937020036857,-0.9119038752619889,GBPCPCFC_00827-0,GBPCPCFC_00827-0,,,,,,,,,,,,0,Unassigned,,18742,19497,GBPCPCFC_00826,GBPCPCFC_00828,mRNA
GBPCPCFC_00828,gnl|Prokka|GBPCPCFC_18,67,59216,0.026,741.8955,400.072,0.5118,0.0,0.6742,2.7821,723,-0.0472,-0.2252,0.3424,0,0,0.1577,0.021,0.2919,0.0,0.7165,1.5562,2.9634,3.6554662051634126,0.46703870743925086,-0.9677261798819253,GBPCPCFC_00828-0,GBPCPCFC_00828-0,,,,,,,,,,,,0,Unassigned,,19472,20194,GBPCPCFC_00827,GBPCPCFC_00829,mRNA
GBPCPCFC_00829,gnl|Prokka|GBPCPCFC_18,67,59216,0.026,741.8955,400.072,0.5118,0.0,0.6742,2.7821,600,-0.3547,-0.3931,0.3154,0,0,0.0702,0.3124,0.1399,0.0434,0.7017,0.9978,2.8314,3.6673729663473336,-0.6551658521170671,-1.0431149861902695,GBPCPCFC_00829-0,GBPCPCFC_00829-0,Sinobacteraceae bacterium,1969813,98.5,1.25e-86,261,root,1,cellular organisms,131567,cellular organisms,131567,1,cellular organisms,131567,20271,20870,GBPCPCFC_00828,GBPCPCFC_00830,mRNA
GBPCPCFC_00830,gnl|Prokka|GBPCPCFC_18,67,59216,0.026,741.8955,400.072,0.5118,0.0,0.6742,2.7821,567,-0.4372,-0.4382,0.2921,0,0,0.0797,0.2718,0.2219,0.002,0.7478,2.7393,3.2431,3.705469273284101,-0.3973270047455576,-1.0623935389224455,GBPCPCFC_00830-0,GBPCPCFC_00830-0,Sinobacteraceae bacterium,1969813,100,1.61e-69,230,root,1,cellular organisms,131567,cellular organisms,131567,1,cellular organisms,131567,20961,21527,GBPCPCFC_00829,GBPCPCFC_00831,mRNA
GBPCPCFC_00831,gnl|Prokka|GBPCPCFC_18,67,59216,0.026,741.8955,400.072,0.5118,0.0,0.6742,2.7821,846,0.2602,-0.0574,0.2651,0,0,0.2814,0.0,0.5217,0.0,0.6891,0.5243,2.7194,3.634521157199327,2.0123359073824183,-1.1116695483382746,GBPCPCFC_00831-0,GBPCPCFC_00831-0,,,,,,,,,,,,0,Unassigned,,21759,22604,GBPCPCFC_00830,GBPCPCFC_00832,mRNA
GBPCPCFC_00832,gnl|Prokka|GBPCPCFC_18,67,59216,0.026,741.8955,400.072,0.5118,0.0,0.6742,2.7821,936,0.4852,0.0655,0.2286,0,0,0.2537,0.0,0.3961,0.0,0.6432,-1.2109,2.3092,3.5613336273240543,1.6438056899616373,-1.2546556287624733,GBPCPCFC_00832-0,GBPCPCFC_00832-0,Gammaproteobacteria bacterium RBG_16_51_14,1798265,42.6,4.21e-06,60.5,Gammaproteobacteria bacterium RBG_16_51_14,1798265,,,Gammaproteobacteria bacterium RBG_16_51_14,1798265,0,Gammaproteobacteria,1236,22841,23776,GBPCPCFC_00831,GBPCPCFC_00833,mRNA
GBPCPCFC_00833,gnl|Prokka|GBPCPCFC_18,67,59216,0.026,741.8955,400.072,0.5118,0.0,0.6742,2.7821,450,-0.7296,-0.5979,0.1907,0,0,0.0721,0.2775,0.0736,0.2676,0.6778,0.0959,2.6181,3.642404314529033,-1.1599640101694255,-1.3234771312737887,GBPCPCFC_00833-0,GBPCPCFC_00833-0,,,,,,,,,,,,0,Unassigned,,23962,24411,GBPCPCFC_00832,GBPCPCFC_00834,mRNA
GBPCPCFC_00834,gnl|Prokka|GBPCPCFC_18,67,59216,0.026,741.8955,400.072,0.5118,0.0,0.6742,2.7821,924,0.4552,0.0491,0.1704,0,0,0.2133,0.0007,0.4213,0.0,0.6883,0.4936,2.7122,3.59524726439321,1.54330353037593,-1.3704038527121607,GBPCPCFC_00834-0,GBPCPCFC_00834-0,,,,,,,,,,,,0,Unassigned,,24562,25485,GBPCPCFC_00833,GBPCPCFC_00835,mRNA
GBPCPCFC_00835,gnl|Prokka|GBPCPCFC_18,67,59216,0.026,741.8955,400.072,0.5118,0.0,0.6742,2.7821,558,-0.4597,-0.4505,0.1394,0,0,-0.0172,0.809,0.1266,0.074,0.6756,0.0147,2.599,3.6994794957205164,-1.134779166611998,-1.429807879793626,GBPCPCFC_00835-0,GBPCPCFC_00835-0,Sinobacteraceae bacterium,1969813,100,1.49e-125,361,root,1,cellular organisms,131567,cellular organisms,131567,1,cellular organisms,131567,25482,26039,GBPCPCFC_00834,GBPCPCFC_00836,mRNA
GBPCPCFC_00836,gnl|Prokka|GBPCPCFC_18,67,59216,0.026,741.8955,400.072,0.5118,0.0,0.6742,2.7821,300,-1.1045,-0.8026,0.1205,0,0,0.0509,0.4466,0.1759,0.008,0.6633,-0.4494,2.4892,3.732597080164361,-1.1849438681905886,-1.4138378617094918,GBPCPCFC_00836-0,GBPCPCFC_00836-0,Sinobacteraceae bacterium,1969813,97.0,5.32e-62,194,root,1,cellular organisms,131567,cellular organisms,131567,1,cellular organisms,131567,26041,26340,GBPCPCFC_00835,GBPCPCFC_00837,mRNA
GBPCPCFC_00837,gnl|Prokka|GBPCPCFC_18,67,59216,0.026,741.8955,400.072,0.5118,0.0,0.6742,2.7821,819,0.1927,-0.0942,0.0978,0,0,0.2497,0.0001,0.4324,0.0,0.6764,0.0452,2.6062,3.584084970174473,1.5314118858670887,-1.5183641383379218,GBPCPCFC_00837-0,GBPCPCFC_00837-0,,,,,,,,,,,,0,Unassigned,,26712,27530,GBPCPCFC_00836,GBPCPCFC_00838,mRNA
GBPCPCFC_00838,gnl|Prokka|GBPCPCFC_18,67,59216,0.026,741.8955,400.072,0.5118,0.0,0.6742,2.7821,1164,1.0551,0.3767,0.0672,0,0,0.2437,0.0001,0.3157,0.0,0.6692,-0.2262,2.542,3.438306225330914,1.7803856958482658,-1.7018444919551574,GBPCPCFC_00838-0,GBPCPCFC_00838-0,,,,,,,,,,,,0,Unassigned,,27619,28782,GBPCPCFC_00837,GBPCPCFC_00839,mRNA
GBPCPCFC_00839,gnl|Prokka|GBPCPCFC_18,67,59216,0.026,741.8955,400.072,0.5118,0.0,0.6742,2.7821,447,-0.7371,-0.602,0.0171,0,0,0.2646,0.0002,0.4235,0.0,0.7047,1.1122,2.8584,3.642022318388232,0.8429166570529771,-1.6325954827269755,GBPCPCFC_00839-0,GBPCPCFC_00839-0,Sinobacteraceae bacterium,1969813,99.3,2.17e-91,272,root,1,cellular organisms,131567,cellular organisms,131567,1,cellular organisms,131567,29103,29549,GBPCPCFC_00838,GBPCPCFC_00840,mRNA
GBPCPCFC_00840,gnl|Prokka|GBPCPCFC_18,67,59216,0.026,741.8955,400.072,0.5118,0.0,0.6742,2.7821,429,-0.7821,-0.6265,0.0123,0,0,0.1507,0.0287,0.2546,0.0002,0.704,1.0845,2.8519,3.6441263605737886,-0.24346399233731447,-1.6800959864854181,GBPCPCFC_00840-0,GBPCPCFC_00840-0,Xanthomonas phage HXX_Dennis,2961685,100,1.06e-104,305,root,1,cellular organisms,131567,cellular organisms,131567,1,cellular organisms,131567,29546,29974,GBPCPCFC_00839,GBPCPCFC_00841,mRNA
GBPCPCFC_00841,gnl|Prokka|GBPCPCFC_18,67,59216,0.026,741.8955,400.072,0.5118,0.0,0.6742,2.7821,348,-0.9846,-0.7371,0.031,0,0,0.1883,0.0086,0.326,0.0,0.7126,1.4122,2.9293,3.6762111217310354,-0.001657419088084303,-1.6011157780779297,GBPCPCFC_00841-0,GBPCPCFC_00841-0,,,,,,,,,,,,0,Unassigned,,30181,30528,GBPCPCFC_00840,GBPCPCFC_00842,mRNA
GBPCPCFC_00842,gnl|Prokka|GBPCPCFC_18,67,59216,0.026,741.8955,400.072,0.5118,0.0,0.6742,2.7821,438,-0.7596,-0.6142,0.044,0,0,-0.0025,0.971,0.4735,0.0,0.6963,0.797,2.7839,3.8756197562806394,-0.11141939923860981,-1.5036847659642725,GBPCPCFC_00842-0,GBPCPCFC_00842-0,Caudoviricetes sp.,2832643,41.3,6.32e-12,72.4,Caudoviricetes sp.,2832643,,,Caudoviricetes sp.,2832643,0,Caudoviricetes sp.,2832643,30474,30911,GBPCPCFC_00841,GBPCPCFC_00843,mRNA
GBPCPCFC_00843,gnl|Prokka|GBPCPCFC_18,67,59216,0.026,741.8955,400.072,0.5118,0.0,0.6742,2.7821,909,0.4177,0.0286,0.0762,0,0,0.1581,0.0113,0.4398,0.0,0.6612,-0.5312,2.4699,3.6300500073512647,1.3543058508907986,-1.5683267950517255,GBPCPCFC_00843-0,GBPCPCFC_00843-0,,,,,,,,,,,,0,Unassigned,,30956,31864,GBPCPCFC_00842,GBPCPCFC_00844,mRNA
GBPCPCFC_00844,gnl|Prokka|GBPCPCFC_18,67,59216,0.026,741.8955,400.072,0.5118,0.0,0.6742,2.7821,309,-1.082,-0.7903,0.0843,0,0,-0.081,0.2602,0.1525,0.0333,0.6699,-0.2014,2.5479,3.809641398994831,-1.7918333093935332,-1.484406161376083,GBPCPCFC_00844-0,GBPCPCFC_00844-0,Viruses,10239,98.9,4.79e-57,181,Viruses,10239,,,Viruses,10239,0,Viruses,10239,31798,32106,GBPCPCFC_00843,GBPCPCFC_00845,mRNA
GBPCPCFC_00845,gnl|Prokka|GBPCPCFC_18,67,59216,0.026,741.8955,400.072,0.5118,0.0,0.6742,2.7821,1113,0.9276,0.3071,0.1224,0,0,0.2492,0.0001,0.4564,0.0,0.7134,1.4403,2.936,3.530296699016751,2.1835168543828347,-1.5145445188735935,GBPCPCFC_00845-0,GBPCPCFC_00845-0,,,,,,,,,,,,0,Unassigned,,32121,33233,GBPCPCFC_00844,GBPCPCFC_00846,mRNA
GBPCPCFC_00846,gnl|Prokka|GBPCPCFC_18,67,59216,0.026,741.8955,400.072,0.5118,0.0,0.6742,2.7821,642,-0.2497,-0.3358,0.148,0,0,0.3422,0.0,0.4229,0.0,0.7009,0.9701,2.8248,3.5634868922881844,1.5344408837301604,-1.385175091720414,GBPCPCFC_00846-0,GBPCPCFC_00846-0,,,,,,,,,,,,0,Unassigned,,33351,33992,GBPCPCFC_00845,GBPCPCFC_00847,mRNA
GBPCPCFC_00847,gnl|Prokka|GBPCPCFC_18,67,59216,0.026,741.8955,400.072,0.5118,0.0,0.6742,2.7821,825,0.2077,-0.086,0.1758,0,0,0.428,0.0,0.5639,0.0,0.6945,0.7289,2.7678,3.532751790692146,2.728957882591354,-1.3241619848091146,GBPCPCFC_00847-0,GBPCPCFC_00847-0,,,,,,,,,,,,0,Unassigned,,33989,34813,GBPCPCFC_00846,GBPCPCFC_00848,mRNA
GBPCPCFC_00848,gnl|Prokka|GBPCPCFC_18,67,59216,0.026,741.8955,400.072,0.5118,0.0,0.6742,2.7821,450,-0.7296,-0.5979,0.2,0,0,0.1397,0.0441,0.4036,0.0,0.6933,0.6832,2.757,3.7629224390749614,0.25224482712557983,-1.196191515466488,GBPCPCFC_00848-0,GBPCPCFC_00848-0,,,,,,,,,,,,0,Unassigned,,35082,35531,GBPCPCFC_00847,GBPCPCFC_00849,mRNA
GBPCPCFC_00849,gnl|Prokka|GBPCPCFC_18,67,59216,0.026,741.8955,400.072,0.5118,0.0,0.6742,2.7821,219,-1.307,-0.9132,0.2108,0,0,0.0054,0.9439,0.0688,0.3697,0.6758,0.0212,2.6005,3.750382909267965,-1.9042724349129594,-1.2186545465378844,GBPCPCFC_00849-0,GBPCPCFC_00849-0,,,,,,,,,,,,0,Unassigned,,35633,35851,GBPCPCFC_00848,GBPCPCFC_00850,mRNA
GBPCPCFC_00850,gnl|Prokka|GBPCPCFC_18,67,59216,0.026,741.8955,400.072,0.5118,0.0,0.6742,2.7821,324,-1.0446,-0.7698,0.2273,0,0,0.2795,0.0,0.4619,0.0,0.679,0.1425,2.6292,3.7244460880597456,0.7846617734979122,-1.1106759745192758,GBPCPCFC_00850-0,GBPCPCFC_00850-0,,,,,,,,,,,,0,Unassigned,,36016,36339,GBPCPCFC_00849,GBPCPCFC_00851,mRNA
GBPCPCFC_00851,gnl|Prokka|GBPCPCFC_18,67,59216,0.026,741.8955,400.072,0.5118,0.0,0.6742,2.7821,726,-0.0397,-0.2212,0.2517,0,0,0.2569,0.0,0.3151,0.0,0.6529,-0.8435,2.396,3.5733481898676547,0.9686949937000509,-1.1868684803870162,GBPCPCFC_00851-0,GBPCPCFC_00851-0,,,,,,,,,,,,0,Unassigned,,36336,37061,GBPCPCFC_00850,GBPCPCFC_00852,mRNA
GBPCPCFC_00852,gnl|Prokka|GBPCPCFC_18,67,59216,0.026,741.8955,400.072,0.5118,0.0,0.6742,2.7821,1023,0.7026,0.1842,0.2811,0,0,0.2412,0.0001,0.3071,0.0,0.6334,-1.5783,2.2223,3.514860746728271,1.452936384721354,-1.1812482331536696,GBPCPCFC_00852-0,GBPCPCFC_00852-0,Viruses,10239,99.7,5.07e-209,583,Viruses,10239,,,Viruses,10239,0,Viruses,10239,36911,37933,GBPCPCFC_00851,GBPCPCFC_00853,mRNA
GBPCPCFC_00853,gnl|Prokka|GBPCPCFC_18,67,59216,0.026,741.8955,400.072,0.5118,0.0,0.6742,2.7821,927,0.4627,0.0532,0.3221,0,0,0.2824,0.0,0.3222,0.0,0.6742,-0.0385,2.5864,3.5236572901252736,1.4863533109095959,-1.0684500402668735,GBPCPCFC_00853-0,GBPCPCFC_00853-0,,,,,,,,,,,,0,Unassigned,,38218,39144,GBPCPCFC_00852,GBPCPCFC_00854,mRNA
GBPCPCFC_00854,gnl|Prokka|GBPCPCFC_18,67,59216,0.026,741.8955,400.072,0.5118,0.0,0.6742,2.7821,630,-0.2797,-0.3522,0.3443,0,0,0.2116,0.0011,0.3639,0.0,0.6603,-0.5632,2.4623,3.6750668048572694,0.755877875322036,-0.9276419221299734,GBPCPCFC_00854-0,GBPCPCFC_00854-0,Viruses,10239,100,1.52e-148,421,root,1,cellular organisms,131567,cellular organisms,131567,1,cellular organisms,131567,39174,39803,GBPCPCFC_00853,GBPCPCFC_00855,mRNA
GBPCPCFC_00855,gnl|Prokka|GBPCPCFC_18,67,59216,0.026,741.8955,400.072,0.5118,0.0,0.6742,2.7821,933,0.4777,0.0614,0.3757,0,0,0.1856,0.0051,0.459,0.0,0.7095,1.295,2.9016,3.676096184035846,1.5632386640035798,-0.8801124818168459,GBPCPCFC_00855-0,GBPCPCFC_00855-0,Xanthomonas phage HXX_Dennis,2961685,99.7,4.04e-155,446,root,1,cellular organisms,131567,cellular organisms,131567,1,cellular organisms,131567,39800,40732,GBPCPCFC_00854,GBPCPCFC_00856,mRNA
GBPCPCFC_00856,gnl|Prokka|GBPCPCFC_18,67,59216,0.026,741.8955,400.072,0.5118,0.0,0.6742,2.7821,507,-0.5871,-0.5201,0.3946,0,0,0.259,0.0,0.275,0.0,0.6647,-0.398,2.5014,3.6344234748987314,0.40464676903926267,-0.8258939858429394,GBPCPCFC_00856-0,GBPCPCFC_00856-0,Sinobacteraceae bacterium,1969813,100,3.61e-111,323,Sinobacteraceae bacterium,1969813,,,Sinobacteraceae bacterium,1969813,0,Gammaproteobacteria,1236,40787,41293,GBPCPCFC_00855,GBPCPCFC_00857,mRNA
GBPCPCFC_00857,gnl|Prokka|GBPCPCFC_18,67,59216,0.026,741.8955,400.072,0.5118,0.0,0.6742,2.7821,555,-0.4672,-0.4546,0.4132,0,0,0.158,0.019,0.2479,0.0002,0.7045,1.1049,2.8567,3.6883948607973593,-0.014278702062577515,-0.7848997765898429,GBPCPCFC_00857-0,GBPCPCFC_00857-0,,,,,,,,,,,,0,Unassigned,,41290,41844,GBPCPCFC_00856,GBPCPCFC_00858,mRNA
GBPCPCFC_00858,gnl|Prokka|GBPCPCFC_18,67,59216,0.026,741.8955,400.072,0.5118,0.0,0.6742,2.7821,495,-0.6171,-0.5364,0.4348,0,0,0.1187,0.0664,0.199,0.002,0.6,-2.8404,1.924,3.7118687338309955,-0.46283264901511895,-0.7330491527132107,GBPCPCFC_00858-0,GBPCPCFC_00858-0,Viruses,10239,98.2,3.37e-114,331,Viruses,10239,,,Viruses,10239,0,Viruses,10239,41988,42482,GBPCPCFC_00857,GBPCPCFC_00859,mRNA
GBPCPCFC_00859,gnl|Prokka|GBPCPCFC_18,67,59216,0.026,741.8955,400.072,0.5118,0.0,0.6742,2.7821,963,0.5527,0.1023,0.4673,0,0,0.134,0.0321,0.3697,0.0,0.5898,-3.2246,1.8331,3.680805496369568,1.096190185872886,-0.6977776339811788,GBPCPCFC_00859-0,GBPCPCFC_00859-0,Xanthomonas phage HXX_Dennis,2961685,99.1,1.03e-240,664,Viruses,10239,,,Viruses,10239,0,Viruses,10239,42482,43444,GBPCPCFC_00858,GBPCPCFC_00860,mRNA
GBPCPCFC_00860,gnl|Prokka|GBPCPCFC_18,67,59216,0.026,741.8955,400.072,0.5118,0.0,0.6742,2.7821,501,-0.6021,-0.5283,0.4894,0,0,-0.0268,0.6788,0.2309,0.0003,0.6487,-1.0017,2.3586,3.847212637546435,-0.9478266068869078,-0.5712470373616879,GBPCPCFC_00860-0,GBPCPCFC_00860-0,,,,,,,,,,,,0,Unassigned,,43598,44098,GBPCPCFC_00859,GBPCPCFC_00861,mRNA
GBPCPCFC_00861,gnl|Prokka|GBPCPCFC_18,67,59216,0.026,741.8955,400.072,0.5118,0.0,0.6742,2.7821,2520,4.4445,2.2275,0.5856,0,0,0.2469,0.0001,0.6521,0.0,0.6647,-0.3985,2.5013,3.3866830876860967,5.559862718268116,-0.6698253897889604,GBPCPCFC_00861-0,GBPCPCFC_00861-0,,,,,,,,,,,,0,Unassigned,,44427,46946,GBPCPCFC_00860,GBPCPCFC_00862,mRNA
GBPCPCFC_00862,gnl|Prokka|GBPCPCFC_18,67,59216,0.026,741.8955,400.072,0.5118,0.0,0.6742,2.7821,348,-0.9846,-0.7371,0.6106,0,0,0.043,0.5449,0.3864,0.0,0.6753,0.0019,2.5959,3.937253977059033,-0.4300926250958635,-0.2163251657165842,GBPCPCFC_00862-0,GBPCPCFC_00862-0,,,,,,,,,,,,0,Unassigned,,47339,47686,GBPCPCFC_00861,GBPCPCFC_00863,mRNA
GBPCPCFC_00863,gnl|Prokka|GBPCPCFC_18,67,59216,0.026,741.8955,400.072,0.5118,0.0,0.6742,2.7821,345,-0.9921,-0.7412,0.636,0,0,0.2416,0.0004,0.4153,0.0,0.6667,-0.3235,2.519,3.8093097206764175,0.48467588531773076,-0.181779089081587,GBPCPCFC_00863-0,GBPCPCFC_00863-0,,,,,,,,,,,,0,Unassigned,,48096,48440,GBPCPCFC_00862,GBPCPCFC_00864,mRNA
GBPCPCFC_00864,gnl|Prokka|GBPCPCFC_18,67,59216,0.026,741.8955,400.072,0.5118,0.0,0.6742,2.7821,1107,0.9126,0.2989,0.681,0,0,0.2021,0.0016,0.5449,0.0,0.71,1.3134,2.906,3.7292698785444958,2.24756830070772,-0.18419412867420443,GBPCPCFC_00864-0,GBPCPCFC_00864-0,Pseudomonas aeruginosa,287,37.7,2.63e-04,54.3,Pseudomonas aeruginosa,287,,,Pseudomonas aeruginosa,287,0,Gammaproteobacteria,1236,48666,49772,GBPCPCFC_00863,GBPCPCFC_00865,mRNA
GBPCPCFC_00865,gnl|Prokka|GBPCPCFC_18,67,59216,0.026,741.8955,400.072,0.5118,0.0,0.6742,2.7821,921,0.4477,0.045,0.711,0,0,0.228,0.0003,0.4077,0.0,0.6634,-0.4465,2.4899,3.6910739308182725,1.5197504951605807,-0.12952726437514558,GBPCPCFC_00865-0,GBPCPCFC_00865-0,,,,,,,,,,,,0,Unassigned,,49739,50659,GBPCPCFC_00864,GBPCPCFC_00866,mRNA
GBPCPCFC_00866,gnl|Prokka|GBPCPCFC_18,67,59216,0.026,741.8955,400.072,0.5118,0.0,0.6742,2.7821,1425,1.7075,0.7329,0.76,0,0,0.3049,0.0,0.598,0.0,0.6554,-0.7474,2.4188,3.618556920757271,3.470907959832196,-0.06764264396507079,GBPCPCFC_00866-0,GBPCPCFC_00866-0,,,,,,,,,,,,0,Unassigned,,50687,52111,GBPCPCFC_00865,GBPCPCFC_00867,mRNA
GBPCPCFC_00867,gnl|Prokka|GBPCPCFC_18,67,59216,0.026,741.8955,400.072,0.5118,0.0,0.6742,2.7821,1029,0.7176,0.1924,0.7977,0,0,0.1942,0.0021,0.4661,0.0,0.654,-0.8005,2.4062,3.7381527491228552,1.7858947938081604,0.07469676548915886,GBPCPCFC_00867-0,GBPCPCFC_00867-0,,,,,,,,,,,,0,Unassigned,,52199,53227,GBPCPCFC_00866,GBPCPCFC_00868,mRNA
GBPCPCFC_00868,gnl|Prokka|GBPCPCFC_18,67,59216,0.026,741.8955,400.072,0.5118,0.0,0.6742,2.7821,303,-1.097,-0.7985,0.836,0,0,0.0751,0.2903,0.275,0.0001,0.6964,0.7978,2.7841,3.9141852431801962,-0.7804681853612099,0.2679125357946272,GBPCPCFC_00868-0,GBPCPCFC_00868-0,,,,,,,,,,,,0,Unassigned,,54057,54359,GBPCPCFC_00867,GBPCPCFC_00869,mRNA
GBPCPCFC_00869,gnl|Prokka|GBPCPCFC_18,67,59216,0.026,741.8955,400.072,0.5118,0.0,0.6742,2.7821,573,-0.4222,-0.43,0.8583,0,0,0.1601,0.0175,0.4376,0.0,0.6841,0.3353,2.6747,3.8727971890106487,0.6546521703402348,0.30587457048676936,GBPCPCFC_00869-0,GBPCPCFC_00869-0,Ralstonia solanacearum,305,36.8,9.04e-05,54.7,Ralstonia solanacearum,305,,,Ralstonia solanacearum,305,0,Betaproteobacteria,28216,54449,55021,GBPCPCFC_00868,GBPCPCFC_00870,mRNA
GBPCPCFC_00870,gnl|Prokka|GBPCPCFC_18,67,59216,0.026,741.8955,400.072,0.5118,0.0,0.6742,2.7821,321,-1.052,-0.7739,0.8679,0,0,0.1981,0.0026,0.4446,0.0,0.6916,0.6173,2.7414,3.9112892257663265,0.3444377986342593,0.3766020923580342,GBPCPCFC_00870-0,GBPCPCFC_00870-0,Stenotrophomonas phage StM171,2862739,100,1.31e-20,97.1,root,1,cellular organisms,131567,cellular organisms,131567,1,cellular organisms,131567,54985,55305,GBPCPCFC_00869,GBPCPCFC_00871,mRNA
GBPCPCFC_00871,gnl|Prokka|GBPCPCFC_18,67,59216,0.026,741.8955,400.072,0.5118,0.0,0.6742,2.7821,576,-0.4147,-0.4259,0.8945,0,0,0.2441,0.0002,0.4305,0.0,0.6684,-0.258,2.5345,3.8130672410998137,0.9819402595603074,0.37146805405443706,GBPCPCFC_00871-0,GBPCPCFC_00871-0,,,,,,,,,,,,0,Unassigned,,55517,56092,GBPCPCFC_00870,GBPCPCFC_00872,mRNA
GBPCPCFC_00872,gnl|Prokka|GBPCPCFC_18,67,59216,0.026,741.8955,400.072,0.5118,0.0,0.6742,2.7821,522,-0.5496,-0.4996,0.9121,0,0,0.2756,0.0,0.568,0.0,0.6648,-0.3959,2.5019,3.876796859436167,1.4782446198442845,0.4668835899209993,GBPCPCFC_00872-0,GBPCPCFC_00872-0,,,,,,,,,,,,0,Unassigned,,56092,56613,GBPCPCFC_00871,GBPCPCFC_00873,mRNA
GBPCPCFC_00873,gnl|Prokka|GBPCPCFC_18,67,59216,0.026,741.8955,400.072,0.5118,0.0,0.6742,2.7821,498,-0.6096,-0.5323,0.9402,0,0,0.1806,0.0049,0.3492,0.0,0.6526,-0.8542,2.3935,3.8474783088694435,0.28547000336849393,0.4754073093566534,GBPCPCFC_00873-0,GBPCPCFC_00873-0,Sinobacteraceae bacterium,1969813,65.0,2.40e-28,113,root,1,cellular organisms,131567,cellular organisms,131567,1,cellular organisms,131567,56948,57445,GBPCPCFC_00872,GBPCPCFC_00874,mRNA
GBPCPCFC_00874,gnl|Prokka|GBPCPCFC_18,67,59216,0.026,741.8955,400.072,0.5118,0.0,0.6742,2.7821,1143,1.0026,0.348,0.9802,1,0,0.2845,0.0,0.5934,0.0,0.6903,0.5682,2.7298,4.743551600848949,3.1067574606281894,4.945700228163537,GBPCPCFC_00874-0,GBPCPCFC_00874-0,,,,,,,,,,,,0,Unassigned,,57487,58629,GBPCPCFC_00873,,mRNA
GBPCPCFC_00617,gnl|Prokka|GBPCPCFC_12,75,73539,0.0323,785.76,849.0091,0.778,0.0,0.3302,-0.4512,243,-0.6393,-0.8804,0.9823,1,0,-0.0728,0.3471,-0.0038,0.961,0.3004,-1.163,-0.7499,2.408621973197861,-2.1927991764923953,5.286265274969338,GBPCPCFC_00617-0,GBPCPCFC_00617-0,Rickettsia endosymbiont of Platyusa sonomae,2878924,47.8,3.87e-09,63.2,Rickettsia endosymbiont of Platyusa sonomae,2878924,,,Rickettsia endosymbiont of Platyusa sonomae,2878924,0,Alphaproteobacteria,28211,650,892,,GBPCPCFC_00618,mRNA
GBPCPCFC_00618,gnl|Prokka|GBPCPCFC_12,75,73539,0.0323,785.76,849.0091,0.778,0.0,0.3302,-0.4512,174,-0.7206,-0.9746,0.9448,0,0,0.0609,0.4915,0.1604,0.0684,0.2989,-1.2088,-0.7639,1.4006389141044704,-1.45984851258097,0.7983907310424568,GBPCPCFC_00618-0,GBPCPCFC_00618-0,Parachlamydia sp. AcF125,2795736,69.8,2.08e-08,57.8,Parachlamydia sp. AcF125,2795736,,,Parachlamydia sp. AcF125,2795736,0,Parachlamydia sp. AcF125,2795736,2030,2203,GBPCPCFC_00617,GBPCPCFC_00619,mRNA
GBPCPCFC_00619,gnl|Prokka|GBPCPCFC_12,75,73539,0.0323,785.76,849.0091,0.778,0.0,0.3302,-0.4512,144,-0.7559,-1.0155,0.9395,0,0,0.0999,0.1976,0.0823,0.2888,0.3194,-0.6039,-0.5801,1.3360095789016513,-1.6045961561252522,0.7548433195086757,GBPCPCFC_00619-0,GBPCPCFC_00619-0,Parachlamydia sp. AcF125,2795736,79.1,1.85e-17,80.5,Bacteria,2,,,Bacteria,2,0,Bacteria,2,2224,2367,GBPCPCFC_00618,GBPCPCFC_00620,mRNA
GBPCPCFC_00620,gnl|Prokka|GBPCPCFC_12,75,73539,0.0323,785.76,849.0091,0.778,0.0,0.3302,-0.4512,633,-0.1799,-0.3481,0.9193,0,0,0.1456,0.0198,0.2312,0.0002,0.4787,4.0734,0.8411,1.2803317080899914,-0.27605472269950937,0.697770400831585,GBPCPCFC_00620-0,GBPCPCFC_00620-0,Rickettsia endosymbiont of Culicoides impunctatus,2867440,51.1,4.79e-15,85.5,Rickettsia endosymbiont of Culicoides impunctatus,2867440,,,Rickettsia endosymbiont of Culicoides impunctatus,2867440,0,Alphaproteobacteria,28211,2967,3599,GBPCPCFC_00619,GBPCPCFC_00621,mRNA
GBPCPCFC_00621,gnl|Prokka|GBPCPCFC_12,75,73539,0.0323,785.76,849.0091,0.778,0.0,0.3302,-0.4512,1293,0.5974,0.5527,0.9006,0,0,0.1647,0.0083,0.2327,0.0002,0.3534,0.3948,-0.2766,1.1365781257743675,0.6556711041189069,0.576817792359247,GBPCPCFC_00621-0,GBPCPCFC_00621-0,Legionella,445,56.7,6.50e-173,501,cellular organisms,131567,cellular organisms,131567,cellular organisms,131567,1,cellular organisms,131567,3655,4947,GBPCPCFC_00620,GBPCPCFC_00622,mRNA
GBPCPCFC_00622,gnl|Prokka|GBPCPCFC_12,75,73539,0.0323,785.76,849.0091,0.778,0.0,0.3302,-0.4512,750,-0.0421,-0.1884,0.8639,0,0,0.0931,0.1376,0.3134,0.0,0.3627,0.6658,-0.1943,1.327838784624441,-0.05810198366511838,0.5951963837905516,GBPCPCFC_00622-0,GBPCPCFC_00622-0,Rickettsia bellii,33990,94.4,1.21e-169,483,cellular organisms,131567,Arthropoda,6656,Arthropoda,6656,1,Eumetazoa,6072,5007,5756,GBPCPCFC_00621,GBPCPCFC_00623,mRNA
GBPCPCFC_00623,gnl|Prokka|GBPCPCFC_12,75,73539,0.0323,785.76,849.0091,0.778,0.0,0.3302,-0.4512,399,-0.4555,-0.6675,0.8405,0,0,0.0356,0.5761,0.1398,0.0274,0.3083,-0.9321,-0.6798,1.3441887297810804,-1.3411019898114627,0.5292820104046619,GBPCPCFC_00623-0,GBPCPCFC_00623-0,Rickettsia endosymbiont of Culicoides newsteadi,1961830,59.1,3.11e-49,164,Bacteria,2,,,Bacteria,2,0,Bacteria,2,5864,6262,GBPCPCFC_00622,GBPCPCFC_00624,mRNA
GBPCPCFC_00624,gnl|Prokka|GBPCPCFC_12,75,73539,0.0323,785.76,849.0091,0.778,0.0,0.3302,-0.4512,897,0.131,0.0122,0.8288,0,0,0.1229,0.0528,0.2325,0.0002,0.3333,-0.1959,-0.4561,1.2285847462187554,-0.022140347333181622,0.46343281555501153,GBPCPCFC_00624-0,GBPCPCFC_00624-0,Rickettsia endosymbiont of Culicoides impunctatus,2867440,92.5,1.00e-163,468,Bacteria,2,,,Bacteria,2,0,Bacteria,2,6296,7192,GBPCPCFC_00623,GBPCPCFC_00625,mRNA
GBPCPCFC_00625,gnl|Prokka|GBPCPCFC_12,75,73539,0.0323,785.76,849.0091,0.778,0.0,0.3302,-0.4512,279,-0.5969,-0.8313,0.8029,0,0,0.0116,0.8688,0.0128,0.8548,0.2975,-1.2488,-0.776,1.3121355096921978,-2.027994242319071,0.41503493846717787,GBPCPCFC_00625-0,GBPCPCFC_00625-0,Rickettsia massiliae,35791,94.5,1.54e-53,181,cellular organisms,131567,Arthropoda,6656,Arthropoda,6656,1,Eumetazoa,6072,7250,7528,GBPCPCFC_00624,GBPCPCFC_00626,mRNA
GBPCPCFC_00626,gnl|Prokka|GBPCPCFC_12,75,73539,0.0323,785.76,849.0091,0.778,0.0,0.3302,-0.4512,510,-0.3248,-0.516,0.7796,0,0,0.0954,0.1459,0.0631,0.3364,0.3333,-0.1959,-0.4561,1.2260811883692242,-1.2107888599066983,0.33823219077364647,GBPCPCFC_00626-0,GBPCPCFC_00626-0,,,,,,,,,,,,0,Unassigned,,8104,8613,GBPCPCFC_00625,GBPCPCFC_00627,mRNA
GBPCPCFC_00627,gnl|Prokka|GBPCPCFC_12,75,73539,0.0323,785.76,849.0091,0.778,0.0,0.3302,-0.4512,2499,2.0179,2.1988,0.7599,0,0,0.2696,0.0,0.3472,0.0,0.3253,-0.431,-0.5275,0.8565071421847822,3.037743067871188,0.13752222227748961,GBPCPCFC_00627-0,GBPCPCFC_00627-0,Halyomorpha halys,286706,21.1,4.16e-14,90.5,cellular organisms,131567,Neoptera,33340,Neoptera,33340,1,Eumetazoa,6072,8831,11329,GBPCPCFC_00626,GBPCPCFC_00628,mRNA
GBPCPCFC_00628,gnl|Prokka|GBPCPCFC_12,75,73539,0.0323,785.76,849.0091,0.778,0.0,0.3302,-0.4512,465,-0.3778,-0.5774,0.6914,0,0,0.1197,0.0599,0.2089,0.0009,0.3161,-0.7013,-0.6096,1.2727771428502768,-0.6618582081295462,0.18747051583288393,GBPCPCFC_00628-0,GBPCPCFC_00628-0,Parachlamydia sp. AcF125,2795736,70.4,1.22e-66,209,Bacteria,2,,,Bacteria,2,0,Bacteria,2,11348,11812,GBPCPCFC_00627,GBPCPCFC_00629,mRNA
GBPCPCFC_00629,gnl|Prokka|GBPCPCFC_12,75,73539,0.0323,785.76,849.0091,0.778,0.0,0.3302,-0.4512,4002,3.7882,4.2503,0.6687,0,0,0.3638,0.0,0.3851,0.0,0.3091,-0.9079,-0.6724,0.49868041356007137,5.490646686854418,-0.246726896385151,GBPCPCFC_00629-0,GBPCPCFC_00629-0,Wolbachia endosymbiont (group A) of Cheilosia soror,2953995,26.3,3.24e-49,206,unclassified Wolbachia,2640676,,,Wolbachia,953,0,Alphaproteobacteria,28211,12183,16184,GBPCPCFC_00628,GBPCPCFC_00630,mRNA
GBPCPCFC_00630,gnl|Prokka|GBPCPCFC_12,75,73539,0.0323,785.76,849.0091,0.778,0.0,0.3302,-0.4512,597,-0.2223,-0.3972,0.5458,0,0,0.1375,0.0304,0.2257,0.0003,0.3317,-0.2451,-0.471,1.212380415187652,-0.3531157688278016,-0.16062928353644526,GBPCPCFC_00630-0,GBPCPCFC_00630-0,Acinetobacter sp.,472,70.2,4.62e-64,209,Pseudomonadota,1224,,,Pseudomonadota,1224,0,Pseudomonadota,1224,16701,17297,GBPCPCFC_00629,GBPCPCFC_00631,mRNA
GBPCPCFC_00631,gnl|Prokka|GBPCPCFC_12,75,73539,0.0323,785.76,849.0091,0.778,0.0,0.3302,-0.4512,237,-0.6464,-0.8886,0.5286,0,0,0.2516,0.0006,0.2656,0.0003,0.346,0.1759,-0.3431,1.212614039567529,-0.2036603820929345,-0.16536892050711088,GBPCPCFC_00631-0,GBPCPCFC_00631-0,Rickettsia endosymbiont of Glossina mortisans submortisans,2878925,66.2,3.96e-25,107,Rickettsia endosymbiont of Glossina mortisans submortisans,2878925,,,Rickettsia endosymbiont of Glossina mortisans submortisans,2878925,0,Alphaproteobacteria,28211,17333,17569,GBPCPCFC_00630,GBPCPCFC_00632,mRNA
GBPCPCFC_00632,gnl|Prokka|GBPCPCFC_12,75,73539,0.0323,785.76,849.0091,0.778,0.0,0.3302,-0.4512,1077,0.343,0.2579,0.517,0,0,0.2341,0.0002,0.2104,0.0007,0.3556,0.4587,-0.2572,1.0342834753222436,0.61174717105664,-0.30409098447457156,GBPCPCFC_00632-0,GBPCPCFC_00632-0,Pseudolycoriella hygida,35572,36.2,5.06e-05,58.5,cellular organisms,131567,Sciaridae,7184,Sciaridae,7184,1,Eumetazoa,6072,17760,18836,GBPCPCFC_00631,GBPCPCFC_00633,mRNA
GBPCPCFC_00633,gnl|Prokka|GBPCPCFC_12,75,73539,0.0323,785.76,849.0091,0.778,0.0,0.3302,-0.4512,579,-0.2435,-0.4218,0.4688,0,0,0.1666,0.0105,0.1564,0.0164,0.3109,-0.8554,-0.6565,1.1423713737815528,-0.4888599511336519,-0.36616473225930174,GBPCPCFC_00633-0,GBPCPCFC_00633-0,,,,,,,,,,,,0,Unassigned,,19531,20109,GBPCPCFC_00632,GBPCPCFC_00634,mRNA
GBPCPCFC_00634,gnl|Prokka|GBPCPCFC_12,75,73539,0.0323,785.76,849.0091,0.778,0.0,0.3302,-0.4512,924,0.1628,0.0491,0.4475,0,0,0.2306,0.0002,0.2241,0.0003,0.3409,0.0266,-0.3885,1.0586568362075264,0.4523674648303732,-0.4416401935907016,GBPCPCFC_00634-0,GBPCPCFC_00634-0,Rickettsia endosymbiont of Culicoides impunctatus,2867440,85.9,4.49e-167,476,Bacteria,2,,,Bacteria,2,0,Bacteria,2,20315,21238,GBPCPCFC_00633,GBPCPCFC_00635,mRNA
GBPCPCFC_00635,gnl|Prokka|GBPCPCFC_12,75,73539,0.0323,785.76,849.0091,0.778,0.0,0.3302,-0.4512,1731,1.1133,1.1506,0.4146,0,0,0.3031,0.0,0.3305,0.0,0.2946,-1.3329,-0.8016,0.8976148116234952,2.1543469951912293,-0.5839924008799824,GBPCPCFC_00635-0,GBPCPCFC_00635-0,Pseudolycoriella hygida,35572,64.4,1.04e-238,684,Pseudolycoriella hygida,35572,,,Pseudolycoriella hygida,35572,0,Eumetazoa,6072,21525,23255,GBPCPCFC_00634,GBPCPCFC_00636,mRNA
GBPCPCFC_00636,gnl|Prokka|GBPCPCFC_12,75,73539,0.0323,785.76,849.0091,0.778,0.0,0.3302,-0.4512,126,-0.7771,-1.0401,0.3676,0,0,-0.0802,0.386,0.1062,0.2504,0.2778,-1.8278,-0.9519,1.36708153877675,-2.25885815074738,-0.5226576308858737,GBPCPCFC_00636-0,GBPCPCFC_00636-0,,,,,,,,,,,,0,Unassigned,,23252,23377,GBPCPCFC_00635,GBPCPCFC_00637,mRNA
GBPCPCFC_00637,gnl|Prokka|GBPCPCFC_12,75,73539,0.0323,785.76,849.0091,0.778,0.0,0.3302,-0.4512,183,-0.71,-0.9623,0.3638,0,0,0.2156,0.0037,0.2864,0.0001,0.3607,0.6067,-0.2122,1.2261288501977967,-0.34112897939831155,-0.5257958991701982,GBPCPCFC_00637-0,GBPCPCFC_00637-0,Pseudolycoriella hygida,35572,60.0,6.69e-13,72.8,Pseudolycoriella hygida,35572,,,Pseudolycoriella hygida,35572,0,Eumetazoa,6072,23395,23577,GBPCPCFC_00636,GBPCPCFC_00638,mRNA
GBPCPCFC_00638,gnl|Prokka|GBPCPCFC_12,75,73539,0.0323,785.76,849.0091,0.778,0.0,0.3302,-0.4512,948,0.1911,0.0819,0.3585,0,0,0.1273,0.0452,0.1596,0.0118,0.3281,-0.3508,-0.5032,1.079775827961688,-0.16106209487550868,-0.654569072024756,GBPCPCFC_00638-0,GBPCPCFC_00638-0,Rickettsia endosymbiont of Culicoides impunctatus,2867440,88.5,6.83e-157,451,Bacteria,2,,,Bacteria,2,0,Bacteria,2,23589,24536,GBPCPCFC_00637,GBPCPCFC_00639,mRNA
GBPCPCFC_00639,gnl|Prokka|GBPCPCFC_12,75,73539,0.0323,785.76,849.0091,0.778,0.0,0.3302,-0.4512,243,-0.6393,-0.8804,0.3281,0,0,0.1244,0.0713,0.2023,0.0032,0.3539,0.4085,-0.2724,1.2324121635441494,-0.9289492126444516,-0.6288859512099312,GBPCPCFC_00639-0,GBPCPCFC_00639-0,Candidatus Jidaibacter acanthamoeba,86105,71.3,1.29e-32,118,Alphaproteobacteria,28211,,,Alphaproteobacteria,28211,0,Alphaproteobacteria,28211,24706,24948,GBPCPCFC_00638,GBPCPCFC_00640,mRNA
GBPCPCFC_00640,gnl|Prokka|GBPCPCFC_12,75,73539,0.0323,785.76,849.0091,0.778,0.0,0.3302,-0.4512,420,-0.4308,-0.6388,0.3216,0,0,0.1345,0.0339,0.1706,0.007,0.3,-1.1751,-0.7536,1.1733387020123147,-0.7683058038693134,-0.677116698940638,GBPCPCFC_00640-0,GBPCPCFC_00640-0,Candidatus Jidaibacter acanthamoeba,86105,75.5,5.77e-69,214,Rickettsiales,766,,,Rickettsiales,766,0,Alphaproteobacteria,28211,24945,25364,GBPCPCFC_00639,GBPCPCFC_00641,mRNA
GBPCPCFC_00641,gnl|Prokka|GBPCPCFC_12,75,73539,0.0323,785.76,849.0091,0.778,0.0,0.3302,-0.4512,321,-0.5474,-0.7739,0.3021,0,0,-0.0375,0.5724,-0.0419,0.5281,0.3084,-0.928,-0.6785,1.2081230667833545,-2.33631317827859,-0.7563481734426419,GBPCPCFC_00641-0,GBPCPCFC_00641-0,Holospora obtusa,49893,58.3,1.37e-30,115,Holospora,44747,,,Holospora,44747,0,Alphaproteobacteria,28211,25661,25981,GBPCPCFC_00640,GBPCPCFC_00642,mRNA
GBPCPCFC_00642,gnl|Prokka|GBPCPCFC_12,75,73539,0.0323,785.76,849.0091,0.778,0.0,0.3302,-0.4512,1095,0.3642,0.2825,0.2936,0,0,0.0889,0.1561,0.2237,0.0003,0.3699,0.8772,-0.1301,1.0997019576511802,0.09230141900925187,-0.7914314590117657,GBPCPCFC_00642-0,GBPCPCFC_00642-0,Rickettsia bellii,33990,92.9,1.18e-250,692,cellular organisms,131567,Arthropoda,6656,Arthropoda,6656,1,Eumetazoa,6072,25976,27070,GBPCPCFC_00641,GBPCPCFC_00643,mRNA
GBPCPCFC_00643,gnl|Prokka|GBPCPCFC_12,75,73539,0.0323,785.76,849.0091,0.778,0.0,0.3302,-0.4512,2367,1.8625,2.0187,0.2516,0,0,0.136,0.0296,0.2646,0.0,0.3342,-0.1711,-0.4486,0.8332217854755913,2.0609584778338967,-1.0264800672447485,GBPCPCFC_00643-0,GBPCPCFC_00643-0,Rickettsia endosymbiont of Culicoides impunctatus,2867440,38.6,8.04e-162,504,cellular organisms,131567,Arthropoda,6656,Arthropoda,6656,1,Eumetazoa,6072,27518,29884,GBPCPCFC_00642,GBPCPCFC_00644,mRNA
GBPCPCFC_00644,gnl|Prokka|GBPCPCFC_12,75,73539,0.0323,785.76,849.0091,0.778,0.0,0.3302,-0.4512,186,-0.7064,-0.9582,0.1798,0,0,0.0791,0.2941,0.0067,0.9294,0.3333,-0.1959,-0.4561,1.1459352230577875,-1.8523200412161605,-1.026488487035799,GBPCPCFC_00644-0,GBPCPCFC_00644-0,Rickettsia endosymbiont of Ixodes scapularis,444612,74.1,6.43e-21,87.4,Rickettsia,780,,,Rickettsia,780,0,Alphaproteobacteria,28211,30159,30344,GBPCPCFC_00643,GBPCPCFC_00645,mRNA
GBPCPCFC_00645,gnl|Prokka|GBPCPCFC_12,75,73539,0.0323,785.76,849.0091,0.778,0.0,0.3302,-0.4512,465,-0.3778,-0.5774,0.1575,0,0,0.112,0.0784,0.1775,0.0051,0.3161,-0.7013,-0.6096,1.1507955950466762,-0.7704301855917318,-1.0545414421456296,GBPCPCFC_00645-0,GBPCPCFC_00645-0,Parachlamydia sp. AcF125,2795736,70.4,1.22e-66,209,Bacteria,2,,,Bacteria,2,0,Bacteria,2,30980,31444,GBPCPCFC_00644,GBPCPCFC_00646,mRNA
GBPCPCFC_00646,gnl|Prokka|GBPCPCFC_12,75,73539,0.0323,785.76,849.0091,0.778,0.0,0.3302,-0.4512,315,-0.5545,-0.7821,0.1443,0,0,0.2224,0.0012,0.2588,0.0002,0.3206,-0.5689,-0.5694,1.1357517771848107,-0.2260515450332887,-1.0583487888669736,GBPCPCFC_00646-0,GBPCPCFC_00646-0,Rickettsia endosymbiont of Cimex lectularius,2698648,40.0,2.02e-06,55.8,Rickettsia endosymbiont of Cimex lectularius,2698648,,,Rickettsia endosymbiont of Cimex lectularius,2698648,0,Alphaproteobacteria,28211,31463,31777,GBPCPCFC_00645,GBPCPCFC_00647,mRNA
GBPCPCFC_00647,gnl|Prokka|GBPCPCFC_12,75,73539,0.0323,785.76,849.0091,0.778,0.0,0.3302,-0.4512,213,-0.6746,-0.9213,0.1237,0,0,0.0934,0.1908,0.1274,0.0736,0.2864,-1.575,-0.8751,1.1801935559054784,-1.3405987789894382,-1.1185262141851193,GBPCPCFC_00647-0,GBPCPCFC_00647-0,Rickettsia endosymbiont of Ixodes pacificus,1133329,52.2,6.62e-18,81.3,Rickettsia,780,,,Rickettsia,780,0,Alphaproteobacteria,28211,32223,32435,GBPCPCFC_00646,GBPCPCFC_00648,mRNA
GBPCPCFC_00648,gnl|Prokka|GBPCPCFC_12,75,73539,0.0323,785.76,849.0091,0.778,0.0,0.3302,-0.4512,243,-0.6393,-0.8804,0.1096,0,0,0.1128,0.1074,0.1159,0.0979,0.3621,0.6503,-0.199,1.151105336325834,-1.260834960834373,-1.1619343213606246,GBPCPCFC_00648-0,GBPCPCFC_00648-0,Rickettsia fournieri,1436798,54.8,2.78e-18,82.0,Rickettsiales,766,,,Rickettsiales,766,0,Alphaproteobacteria,28211,32739,32981,GBPCPCFC_00647,GBPCPCFC_00649,mRNA
GBPCPCFC_00649,gnl|Prokka|GBPCPCFC_12,75,73539,0.0323,785.76,849.0091,0.778,0.0,0.3302,-0.4512,117,-0.7877,-1.0524,0.0977,0,0,0.3178,0.0005,0.4125,0.0,0.2735,-1.9534,-0.9901,1.1712280761828757,0.4456620939524002,-1.105396726067502,GBPCPCFC_00649-0,GBPCPCFC_00649-0,,,,,,,,,,,,0,Unassigned,,33177,33293,GBPCPCFC_00648,GBPCPCFC_00650,mRNA
GBPCPCFC_00650,gnl|Prokka|GBPCPCFC_12,75,73539,0.0323,785.76,849.0091,0.778,0.0,0.3302,-0.4512,5052,5.025,5.6834,0.0831,0,0,0.4627,0.0,0.5409,0.0,0.3818,1.2287,-0.0233,0.18110505057707205,7.815413452904089,-1.67926703570434,GBPCPCFC_00650-0,GBPCPCFC_00650-0,Rickettsia endosymbiont of Cimex lectularius,2698648,58.2,0.0,1835,unclassified Rickettsia,114295,,,Rickettsia,780,0,Alphaproteobacteria,28211,33716,38767,GBPCPCFC_00649,GBPCPCFC_00651,mRNA
GBPCPCFC_00651,gnl|Prokka|GBPCPCFC_12,75,73539,0.0323,785.76,849.0091,0.778,0.0,0.3302,-0.4512,342,-0.5227,-0.7453,0.065,0,0,0.0903,0.1851,0.1418,0.0369,0.3099,-0.883,-0.6649,1.152956075486295,-1.135392222830753,-1.2629342580601508,GBPCPCFC_00651-0,GBPCPCFC_00651-0,Rickettsia endosymbiont of Oxypoda opaca,2866308,44.3,8.29e-19,85.9,Rickettsiaceae,775,,,Rickettsiaceae,775,0,Alphaproteobacteria,28211,38819,39160,GBPCPCFC_00650,GBPCPCFC_00652,mRNA
GBPCPCFC_00652,gnl|Prokka|GBPCPCFC_12,75,73539,0.0323,785.76,849.0091,0.778,0.0,0.3302,-0.4512,351,-0.5121,-0.733,0.0744,0,0,0.0985,0.1463,0.1429,0.0346,0.3419,0.0552,-0.3798,1.1476258117283584,-1.0867268258756981,-1.2433042372304686,GBPCPCFC_00652-0,GBPCPCFC_00652-0,Rickettsia endosymbiont of Glossina mortisans submortisans,2878925,74.1,1.51e-60,191,Alphaproteobacteria,28211,,,Alphaproteobacteria,28211,0,Alphaproteobacteria,28211,39154,39504,GBPCPCFC_00651,GBPCPCFC_00653,mRNA
GBPCPCFC_00653,gnl|Prokka|GBPCPCFC_12,75,73539,0.0323,785.76,849.0091,0.778,0.0,0.3302,-0.4512,1533,0.8801,0.8803,0.1183,0,0,0.1498,0.0164,0.2435,0.0001,0.3744,1.0113,-0.0893,0.9437802237756984,0.984065973634048,-1.2493603753236555,GBPCPCFC_00653-0,GBPCPCFC_00653-0,Rickettsia endosymbiont of Oxypoda opaca,2866308,73.1,2.81e-225,641,cellular organisms,131567,Endopterygota,33392,Endopterygota,33392,1,Eumetazoa,6072,39588,41120,GBPCPCFC_00652,GBPCPCFC_00654,mRNA
GBPCPCFC_00654,gnl|Prokka|GBPCPCFC_12,75,73539,0.0323,785.76,849.0091,0.778,0.0,0.3302,-0.4512,2547,2.0745,2.2643,0.1877,0,0,0.3445,0.0,0.4484,0.0,0.3659,0.7614,-0.1652,0.7234445198456616,3.790244558067172,-1.1655726836667912,GBPCPCFC_00654-0,GBPCPCFC_00654-0,Rickettsia endosymbiont of Cimex lectularius,2698648,67.2,1.75e-194,625,unclassified Rickettsia,114295,,,Rickettsia,780,0,Alphaproteobacteria,28211,41127,43673,GBPCPCFC_00653,GBPCPCFC_00655,mRNA
GBPCPCFC_00655,gnl|Prokka|GBPCPCFC_12,75,73539,0.0323,785.76,849.0091,0.778,0.0,0.3302,-0.4512,1095,0.3642,0.2825,0.2206,0,0,0.0889,0.1561,0.2237,0.0003,0.3699,0.8772,-0.1301,1.0844362246393093,0.09655449893887869,-0.959905204296378,GBPCPCFC_00655-0,GBPCPCFC_00655-0,Rickettsia bellii,33990,92.9,1.18e-250,692,cellular organisms,131567,Arthropoda,6656,Arthropoda,6656,1,Eumetazoa,6072,43789,44883,GBPCPCFC_00654,GBPCPCFC_00656,mRNA
GBPCPCFC_00656,gnl|Prokka|GBPCPCFC_12,75,73539,0.0323,785.76,849.0091,0.778,0.0,0.3302,-0.4512,246,-0.6358,-0.8763,0.2289,0,0,0.1109,0.1309,0.094,0.2009,0.3577,0.5206,-0.2384,1.165647112690842,-1.3466535517285012,-0.8944727637690357,GBPCPCFC_00656-0,GBPCPCFC_00656-0,Rickettsia endosymbiont of Cimex lectularius,2698648,49.4,2.39e-13,73.9,unclassified Rickettsia,114295,,,Rickettsia,780,0,Alphaproteobacteria,28211,44942,45187,GBPCPCFC_00655,GBPCPCFC_00657,mRNA
GBPCPCFC_00657,gnl|Prokka|GBPCPCFC_12,75,73539,0.0323,785.76,849.0091,0.778,0.0,0.3302,-0.4512,1014,0.2688,0.1719,0.2568,0,0,0.0387,0.5443,0.0689,0.2798,0.3067,-0.9781,-0.6937,1.0657668503780389,-0.7491002171100385,-0.913490154820871,GBPCPCFC_00657-0,GBPCPCFC_00657-0,Rickettsia endosymbiont of Pyrocoelia pectoralis,2866165,66.3,5.58e-146,425,Rickettsiaceae,775,,,Rickettsiaceae,775,0,Alphaproteobacteria,28211,45201,46214,GBPCPCFC_00656,GBPCPCFC_00658,mRNA
GBPCPCFC_00658,gnl|Prokka|GBPCPCFC_12,75,73539,0.0323,785.76,849.0091,0.778,0.0,0.3302,-0.4512,1071,0.336,0.2497,0.2865,0,0,0.2509,0.0,0.2818,0.0,0.3529,0.3801,-0.2811,1.0112243762876802,0.9325585022060037,-0.8129158709047754,GBPCPCFC_00658-0,GBPCPCFC_00658-0,Pseudolycoriella hygida,35572,79.9,3.85e-184,575,Pseudolycoriella hygida,35572,,,Pseudolycoriella hygida,35572,0,Eumetazoa,6072,46236,47306,GBPCPCFC_00657,GBPCPCFC_00659,mRNA
GBPCPCFC_00659,gnl|Prokka|GBPCPCFC_12,75,73539,0.0323,785.76,849.0091,0.778,0.0,0.3302,-0.4512,1011,0.2653,0.1678,0.3136,0,0,0.2648,0.0,0.2714,0.0,0.3739,0.9954,-0.0941,1.0126410108489639,0.875738113864816,-0.749690395852449,GBPCPCFC_00659-0,GBPCPCFC_00659-0,Pseudolycoriella hygida,35572,67.9,5.28e-129,418,Pseudolycoriella hygida,35572,,,Pseudolycoriella hygida,35572,0,Eumetazoa,6072,47291,48301,GBPCPCFC_00658,GBPCPCFC_00660,mRNA
GBPCPCFC_00660,gnl|Prokka|GBPCPCFC_12,75,73539,0.0323,785.76,849.0091,0.778,0.0,0.3302,-0.4512,726,-0.0704,-0.2212,0.3329,0,0,0.3071,0.0,0.3415,0.0,0.3554,0.4515,-0.2594,1.075459209091489,0.9251446250927936,-0.6552427684413092,GBPCPCFC_00660-0,GBPCPCFC_00660-0,Rickettsia endosymbiont of Oedothorax gibbosus,931099,46.8,1.18e-45,162,cellular organisms,131567,Sciaridae,7184,Sciaridae,7184,1,Eumetazoa,6072,48285,49010,GBPCPCFC_00659,GBPCPCFC_00661,mRNA
GBPCPCFC_00661,gnl|Prokka|GBPCPCFC_12,75,73539,0.0323,785.76,849.0091,0.778,0.0,0.3302,-0.4512,1083,0.3501,0.2661,0.3615,0,0,0.2109,0.0007,0.2616,0.0,0.3841,1.2959,-0.0028,1.0442448010279788,0.708244498818392,-0.6413071711858093,GBPCPCFC_00661-0,GBPCPCFC_00661-0,Rickettsia endosymbiont of Cimex lectularius,2698648,79.3,4.28e-203,571,Bacteria,2,,,Bacteria,2,0,Bacteria,2,48980,50062,GBPCPCFC_00660,GBPCPCFC_00662,mRNA
GBPCPCFC_00662,gnl|Prokka|GBPCPCFC_12,75,73539,0.0323,785.76,849.0091,0.778,0.0,0.3302,-0.4512,717,-0.081,-0.2334,0.3821,0,0,0.4034,0.0,0.386,0.0,0.3264,-0.4007,-0.5183,1.0381318166375684,1.462527636950904,-0.5417792170742951,GBPCPCFC_00662-0,GBPCPCFC_00662-0,,,,,,,,,,,,0,Unassigned,,50105,50821,GBPCPCFC_00661,GBPCPCFC_00663,mRNA
GBPCPCFC_00663,gnl|Prokka|GBPCPCFC_12,75,73539,0.0323,785.76,849.0091,0.778,0.0,0.3302,-0.4512,1095,0.3642,0.2825,0.4156,0,0,0.1185,0.0583,0.3104,0.0,0.3699,0.8772,-0.1301,1.1474962810383633,0.5054136125303077,-0.4841566197900612,GBPCPCFC_00663-0,GBPCPCFC_00663-0,Rickettsia bellii,33990,92.9,1.18e-250,692,cellular organisms,131567,Arthropoda,6656,Arthropoda,6656,1,Eumetazoa,6072,50958,52052,GBPCPCFC_00662,GBPCPCFC_00664,mRNA
GBPCPCFC_00664,gnl|Prokka|GBPCPCFC_12,75,73539,0.0323,785.76,849.0091,0.778,0.0,0.3302,-0.4512,2076,1.5197,1.6215,0.4774,0,0,0.1736,0.0053,0.2793,0.0,0.3126,-0.8043,-0.641,0.9154937877088423,1.8808898852942608,-0.47369708564179,GBPCPCFC_00664-0,GBPCPCFC_00664-0,Rickettsia endosymbiont of Culicoides impunctatus,2867440,34.8,6.23e-117,384,Rickettsia endosymbiont of Culicoides impunctatus,2867440,,,Rickettsia endosymbiont of Culicoides impunctatus,2867440,0,Alphaproteobacteria,28211,52247,54322,GBPCPCFC_00663,GBPCPCFC_00665,mRNA
GBPCPCFC_00665,gnl|Prokka|GBPCPCFC_12,75,73539,0.0323,785.76,849.0091,0.778,0.0,0.3302,-0.4512,465,-0.3778,-0.5774,0.5001,0,0,0.1201,0.0632,0.1905,0.0031,0.314,-0.7644,-0.6288,1.2230374618574422,-0.7122111961623556,-0.2606581539227403,GBPCPCFC_00665-0,GBPCPCFC_00665-0,Parachlamydia sp. AcF125,2795736,69.7,4.95e-66,208,Bacteria,2,,,Bacteria,2,0,Bacteria,2,54693,55157,GBPCPCFC_00664,GBPCPCFC_00666,mRNA
GBPCPCFC_00666,gnl|Prokka|GBPCPCFC_12,75,73539,0.0323,785.76,849.0091,0.778,0.0,0.3302,-0.4512,426,-0.4237,-0.6306,0.5121,0,0,-0.1127,0.0808,-0.0245,0.7046,0.3005,-1.1613,-0.7494,1.2971838638984812,-2.465397900360933,-0.26421179392651517,GBPCPCFC_00666-0,GBPCPCFC_00666-0,Rickettsiaceae bacterium,2023360,43.8,2.06e-24,109,cellular organisms,131567,Arthropoda,6656,Arthropoda,6656,1,Eumetazoa,6072,55176,55601,GBPCPCFC_00665,GBPCPCFC_00667,mRNA
GBPCPCFC_00667,gnl|Prokka|GBPCPCFC_12,75,73539,0.0323,785.76,849.0091,0.778,0.0,0.3302,-0.4512,975,0.2229,0.1187,0.5531,0,0,0.0453,0.4844,0.0779,0.2285,0.281,-1.7324,-0.923,1.1348639475939353,-0.7581588399505068,-0.2231910243000942,GBPCPCFC_00667-0,GBPCPCFC_00667-0,Rickettsia sp. TH2014,1967503,75.7,1.25e-170,487,Rickettsieae,33988,,,Rickettsieae,33988,0,Alphaproteobacteria,28211,56133,57107,GBPCPCFC_00666,GBPCPCFC_00668,mRNA
GBPCPCFC_00668,gnl|Prokka|GBPCPCFC_12,75,73539,0.0323,785.76,849.0091,0.778,0.0,0.3302,-0.4512,819,0.0392,-0.0942,0.5753,0,0,0.2166,0.0005,0.1929,0.0019,0.2979,-1.236,-0.7721,1.0999509908928604,0.14537330666538492,-0.14346121894666752,GBPCPCFC_00668-0,GBPCPCFC_00668-0,Rickettsiaceae bacterium,2023360,52.9,2.85e-94,289,Rickettsiales,766,,,Rickettsiales,766,0,Alphaproteobacteria,28211,57104,57922,GBPCPCFC_00667,GBPCPCFC_00669,mRNA
GBPCPCFC_00669,gnl|Prokka|GBPCPCFC_12,75,73539,0.0323,785.76,849.0091,0.778,0.0,0.3302,-0.4512,1095,0.3642,0.2825,0.6111,0,0,0.1185,0.0583,0.3104,0.0,0.3699,0.8772,-0.1301,1.1883791687619354,0.49402351491055385,-0.03297008276072193,GBPCPCFC_00669-0,GBPCPCFC_00669-0,Rickettsia bellii,33990,92.9,1.18e-250,692,cellular organisms,131567,Arthropoda,6656,Arthropoda,6656,1,Eumetazoa,6072,58144,59238,GBPCPCFC_00668,GBPCPCFC_00670,mRNA
GBPCPCFC_00670,gnl|Prokka|GBPCPCFC_12,75,73539,0.0323,785.76,849.0091,0.778,0.0,0.3302,-0.4512,579,-0.2435,-0.4218,0.6271,0,0,0.1155,0.0695,0.1606,0.0113,0.3368,-0.0944,-0.4253,1.2159148441947196,-0.6953755283926818,0.00967317733375836,GBPCPCFC_00670-0,GBPCPCFC_00670-0,Candidatus Bandiella numerosa,2570586,78.6,3.43e-94,283,cellular organisms,131567,Sciaridae,7184,Sciaridae,7184,1,Eumetazoa,6072,59250,59828,GBPCPCFC_00669,GBPCPCFC_00671,mRNA
GBPCPCFC_00671,gnl|Prokka|GBPCPCFC_12,75,73539,0.0323,785.76,849.0091,0.778,0.0,0.3302,-0.4512,1914,1.3289,1.4004,0.6835,0,0,0.2836,0.0,0.3211,0.0,0.3004,-1.1628,-0.7499,0.9285877206528436,2.260672046373479,0.015834414692940908,GBPCPCFC_00671-0,GBPCPCFC_00671-0,Daphnia pulex,6669,38.4,9.32e-04,56.2,cellular organisms,131567,Pancrustacea,197562,Pancrustacea,197562,1,Eumetazoa,6072,59988,61901,GBPCPCFC_00670,GBPCPCFC_00672,mRNA
GBPCPCFC_00672,gnl|Prokka|GBPCPCFC_12,75,73539,0.0323,785.76,849.0091,0.778,0.0,0.3302,-0.4512,144,-0.7559,-1.0155,0.6942,0,0,0.0667,0.4004,0.181,0.0216,0.3056,-1.0119,-0.704,1.3601999776484763,-1.3890783151058614,0.22978982100485276,GBPCPCFC_00672-0,GBPCPCFC_00672-0,Rickettsia endosymbiont of Culicoides newsteadi,1961830,76.6,6.59e-15,72.8,cellular organisms,131567,Endopterygota,33392,Endopterygota,33392,1,Eumetazoa,6072,62151,62294,GBPCPCFC_00671,GBPCPCFC_00673,mRNA
GBPCPCFC_00673,gnl|Prokka|GBPCPCFC_12,75,73539,0.0323,785.76,849.0091,0.778,0.0,0.3302,-0.4512,636,-0.1764,-0.344,0.7132,0,0,0.2265,0.0003,0.3145,0.0,0.3255,-0.4268,-0.5263,1.2187760690721303,0.3606863182322515,0.23727111820793856,GBPCPCFC_00673-0,GBPCPCFC_00673-0,Alphaproteobacteria bacterium,1913988,41.0,1.20e-28,116,Bacteria,2,,,Bacteria,2,0,Bacteria,2,62357,62992,GBPCPCFC_00672,GBPCPCFC_00674,mRNA
GBPCPCFC_00674,gnl|Prokka|GBPCPCFC_12,75,73539,0.0323,785.76,849.0091,0.778,0.0,0.3302,-0.4512,447,-0.399,-0.602,0.7363,0,0,0.0539,0.3906,0.136,0.0296,0.3378,-0.0645,-0.4162,1.2975576913965368,-1.2107610316851747,0.2787785896870716,GBPCPCFC_00674-0,GBPCPCFC_00674-0,Candidatus Jidaibacter acanthamoeba,86105,46.6,3.45e-29,122,Candidatus Jidaibacter acanthamoeba,86105,,,Candidatus Jidaibacter acanthamoeba,86105,0,Alphaproteobacteria,28211,63398,63844,GBPCPCFC_00673,GBPCPCFC_00675,mRNA
GBPCPCFC_00675,gnl|Prokka|GBPCPCFC_12,75,73539,0.0323,785.76,849.0091,0.778,0.0,0.3302,-0.4512,1401,0.7247,0.7002,0.7826,0,0,0.0882,0.1593,0.1576,0.0116,0.3526,0.3702,-0.2841,1.1100711368221043,0.22593533248565736,0.2789675808950545,GBPCPCFC_00675-0,GBPCPCFC_00675-0,Rickettsia endosymbiont of Cimex lectularius,2698648,82.4,5.74e-276,765,cellular organisms,131567,Sciaridae,7184,Sciaridae,7184,1,Eumetazoa,6072,64147,65547,GBPCPCFC_00674,GBPCPCFC_00676,mRNA
GBPCPCFC_00676,gnl|Prokka|GBPCPCFC_12,75,73539,0.0323,785.76,849.0091,0.778,0.0,0.3302,-0.4512,483,-0.3566,-0.5528,0.8142,0,0,0.078,0.2207,0.1064,0.0946,0.354,0.4123,-0.2713,1.2737063500364323,-1.1706656398497888,0.43963255144139923,GBPCPCFC_00676-0,GBPCPCFC_00676-0,Vibrio cholerae,666,53.6,7.95e-42,153,root,1,cellular organisms,131567,cellular organisms,131567,1,cellular organisms,131567,66224,66706,GBPCPCFC_00675,GBPCPCFC_00677,mRNA
GBPCPCFC_00677,gnl|Prokka|GBPCPCFC_12,75,73539,0.0323,785.76,849.0091,0.778,0.0,0.3302,-0.4512,120,-0.7842,-1.0483,0.8243,0,0,-0.1282,0.1904,-0.1028,0.2942,0.2167,-3.623,-1.4974,1.3924928262936547,-3.208988692109546,0.4658586011489463,GBPCPCFC_00677-0,GBPCPCFC_00677-0,Orientia tsutsugamushi str. UT144,1441384,71.4,2.56e-07,51.6,Rickettsieae,33988,,,Rickettsieae,33988,0,Alphaproteobacteria,28211,66961,67080,GBPCPCFC_00676,GBPCPCFC_00678,mRNA
GBPCPCFC_00678,gnl|Prokka|GBPCPCFC_12,75,73539,0.0323,785.76,849.0091,0.778,0.0,0.3302,-0.4512,342,-0.5227,-0.7453,0.8348,0,0,0.0668,0.3173,0.1722,0.0095,0.3304,-0.2818,-0.4822,1.347132399681573,-1.1732589599340664,0.5286433271195867,GBPCPCFC_00678-0,GBPCPCFC_00678-0,Rickettsiales bacterium,2026788,78.6,3.31e-53,179,cellular organisms,131567,Protostomia,33317,Protostomia,33317,1,Eumetazoa,6072,67125,67466,GBPCPCFC_00677,GBPCPCFC_00679,mRNA
GBPCPCFC_00679,gnl|Prokka|GBPCPCFC_12,75,73539,0.0323,785.76,849.0091,0.778,0.0,0.3302,-0.4512,186,-0.7064,-0.9582,0.8492,0,0,-0.1659,0.0343,-0.0989,0.2089,0.3495,0.2779,-0.3121,1.4153324055281242,-3.26882039755017,0.5238933557465916,GBPCPCFC_00679-0,GBPCPCFC_00679-0,bacterium,1869227,91.8,1.38e-29,117,cellular organisms,131567,Sciaridae,7184,Sciaridae,7184,1,Eumetazoa,6072,67809,67994,GBPCPCFC_00678,GBPCPCFC_00680,mRNA
GBPCPCFC_00680,gnl|Prokka|GBPCPCFC_12,75,73539,0.0323,785.76,849.0091,0.778,0.0,0.3302,-0.4512,249,-0.6322,-0.8722,0.857,0,0,0.1424,0.0294,0.2377,0.0002,0.3976,1.6917,0.1174,1.3465241904614393,-0.7558646315092394,0.6004992548370428,GBPCPCFC_00680-0,GBPCPCFC_00680-0,Rickettsia peacockii,47589,87.3,1.30e-33,129,cellular organisms,131567,Endopterygota,33392,Endopterygota,33392,1,Eumetazoa,6072,68033,68281,GBPCPCFC_00679,GBPCPCFC_00681,mRNA
GBPCPCFC_00681,gnl|Prokka|GBPCPCFC_12,75,73539,0.0323,785.76,849.0091,0.778,0.0,0.3302,-0.4512,186,-0.7064,-0.9582,0.8666,0,0,0.0443,0.5087,0.199,0.0027,0.4247,2.4889,0.3596,1.4142422818722102,-1.3764666800029435,0.6332899385388092,GBPCPCFC_00681-0,GBPCPCFC_00681-0,Cardinium endosymbiont cEper1 of Encarsia pergandiella,1231626,78.8,1.38e-05,51.6,cellular organisms,131567,Neoptera,33340,Neoptera,33340,1,Eumetazoa,6072,68448,68633,GBPCPCFC_00680,GBPCPCFC_00682,mRNA
GBPCPCFC_00682,gnl|Prokka|GBPCPCFC_12,75,73539,0.0323,785.76,849.0091,0.778,0.0,0.3302,-0.4512,162,-0.7347,-0.991,0.8742,0,0,0.0451,0.5442,0.0334,0.6539,0.2901,-1.4652,-0.8418,1.3349041423549115,-1.972743290624989,0.5943286907547761,GBPCPCFC_00682-0,GBPCPCFC_00682-0,Rickettsia massiliae,35791,97.1,5.20e-12,69.7,cellular organisms,131567,Arthropoda,6656,Arthropoda,6656,1,Eumetazoa,6072,68752,68913,GBPCPCFC_00681,GBPCPCFC_00683,mRNA
GBPCPCFC_00683,gnl|Prokka|GBPCPCFC_12,75,73539,0.0323,785.76,849.0091,0.778,0.0,0.3302,-0.4512,315,-0.5545,-0.7821,0.8842,0,0,0.0877,0.1831,0.1437,0.0287,0.3238,-0.4757,-0.5411,1.3323793209794361,-1.2222907986608076,0.6319097510398969,GBPCPCFC_00683-0,GBPCPCFC_00683-0,Alphaproteobacteria bacterium,1913988,43.1,3.33e-08,61.6,Bacteria,2,,,Bacteria,2,0,Bacteria,2,68966,69280,GBPCPCFC_00682,GBPCPCFC_00684,mRNA
GBPCPCFC_00684,gnl|Prokka|GBPCPCFC_12,75,73539,0.0323,785.76,849.0091,0.778,0.0,0.3302,-0.4512,171,-0.7241,-0.9787,0.8947,0,0,0.1261,0.0917,0.111,0.138,0.3275,-0.3677,-0.5083,1.3165792272562074,-1.3605358538106436,0.6540397434048413,GBPCPCFC_00684-0,GBPCPCFC_00684-0,Orientia tsutsugamushi,784,76.9,1.08e-17,84.3,Bacteria,2,,,Bacteria,2,0,Bacteria,2,69498,69668,GBPCPCFC_00683,GBPCPCFC_00685,mRNA
GBPCPCFC_00685,gnl|Prokka|GBPCPCFC_12,75,73539,0.0323,785.76,849.0091,0.778,0.0,0.3302,-0.4512,117,-0.7877,-1.0524,0.9016,0,0,0.0236,0.7939,0.0247,0.7842,0.3248,-0.447,-0.5324,1.3609040727091744,-2.151126097392709,0.6633809119271125,GBPCPCFC_00685-0,GBPCPCFC_00685-0,,,,,,,,,,,,0,Unassigned,,69806,69922,GBPCPCFC_00684,GBPCPCFC_00686,mRNA
GBPCPCFC_00686,gnl|Prokka|GBPCPCFC_12,75,73539,0.0323,785.76,849.0091,0.778,0.0,0.3302,-0.4512,129,-0.7736,-1.036,0.9123,0,0,0.2108,0.0061,0.3005,0.0001,0.3798,1.1704,-0.041,1.3619967276440563,-0.4138897988518724,0.7520845917564222,GBPCPCFC_00686-0,GBPCPCFC_00686-0,,,,,,,,,,,,0,Unassigned,,70185,70313,GBPCPCFC_00685,GBPCPCFC_00687,mRNA
GBPCPCFC_00687,gnl|Prokka|GBPCPCFC_12,75,73539,0.0323,785.76,849.0091,0.778,0.0,0.3302,-0.4512,519,-0.3142,-0.5037,0.9263,0,0,0.1965,0.0022,0.2837,0.0,0.3699,0.8795,-0.1294,1.2924169407434787,-0.03183029339338994,0.7366716722063376,GBPCPCFC_00687-0,GBPCPCFC_00687-0,Sphingobacteriaceae bacterium,2021370,59.1,8.79e-63,202,Bacteria,2,,,Bacteria,2,0,Bacteria,2,70310,70828,GBPCPCFC_00686,GBPCPCFC_00688,mRNA
GBPCPCFC_00688,gnl|Prokka|GBPCPCFC_12,75,73539,0.0323,785.76,849.0091,0.778,0.0,0.3302,-0.4512,771,-0.0174,-0.1597,0.9504,0,0,0.1447,0.0227,0.194,0.0021,0.2866,-1.5675,-0.8728,1.2420483977859889,-0.23261102848809337,0.7407996393385977,GBPCPCFC_00688-0,GBPCPCFC_00688-0,Rickettsia endosymbiont of Pyrocoelia pectoralis,2866165,31.4,9.37e-27,117,Rickettsia endosymbiont of Pyrocoelia pectoralis,2866165,,,Rickettsia endosymbiont of Pyrocoelia pectoralis,2866165,0,Alphaproteobacteria,28211,70947,71717,GBPCPCFC_00687,GBPCPCFC_00689,mRNA
GBPCPCFC_00689,gnl|Prokka|GBPCPCFC_12,75,73539,0.0323,785.76,849.0091,0.778,0.0,0.3302,-0.4512,432,-0.4167,-0.6224,0.9618,0,0,0.0744,0.2694,0.1745,0.0092,0.3102,-0.8759,-0.6627,1.3519715638415868,-1.0261038995191998,0.8110346697055149,GBPCPCFC_00689-0,GBPCPCFC_00689-0,Rickettsia endosymbiont of Pyrocoelia pectoralis,2866165,44.0,1.28e-26,114,Rickettsia endosymbiont of Pyrocoelia pectoralis,2866165,,,Rickettsia endosymbiont of Pyrocoelia pectoralis,2866165,0,Alphaproteobacteria,28211,71704,72135,GBPCPCFC_00688,GBPCPCFC_00690,mRNA
GBPCPCFC_00690,gnl|Prokka|GBPCPCFC_12,75,73539,0.0323,785.76,849.0091,0.778,0.0,0.3302,-0.4512,120,-0.7842,-1.0483,0.965,0,0,0.0823,0.3338,0.0039,0.9636,0.3417,0.0489,-0.3817,1.3189162661468874,-1.9788447462923056,0.7915461061821232,GBPCPCFC_00690-0,GBPCPCFC_00690-0,,,,,,,,,,,,0,Unassigned,,72132,72251,GBPCPCFC_00689,GBPCPCFC_00691,mRNA
GBPCPCFC_00691,gnl|Prokka|GBPCPCFC_12,75,73539,0.0323,785.76,849.0091,0.778,0.0,0.3302,-0.4512,1095,0.3642,0.2825,0.9951,1,0,0.0889,0.1561,0.2237,0.0003,0.3699,0.8772,-0.1301,2.2437399820055006,0.350112265189165,5.271660423647018,GBPCPCFC_00691-0,GBPCPCFC_00691-0,Rickettsia bellii,33990,92.9,1.18e-250,692,cellular organisms,131567,Arthropoda,6656,Arthropoda,6656,1,Eumetazoa,6072,72263,73357,GBPCPCFC_00690,,mRNA
GBPCPCFC_00001,gnl|Prokka|GBPCPCFC_1,123,94577,0.0416,627.2683,546.937,0.738,0.0,0.3252,-0.4982,96,-0.9714,-1.081,0.995,1,0,0.029,0.7353,0.1379,0.1067,0.4167,2.8341,0.2877,3.950886083574157,-1.4899067674230277,4.803564700146268,GBPCPCFC_00001-0,GBPCPCFC_00001-0,Rickettsia peacockii,47589,71.0,6.05e-06,51.2,cellular organisms,131567,Neoptera,33340,Neoptera,33340,1,Eumetazoa,6072,237,332,,GBPCPCFC_00002,mRNA
GBPCPCFC_00002,gnl|Prokka|GBPCPCFC_1,123,94577,0.0416,627.2683,546.937,0.738,0.0,0.3252,-0.4982,369,-0.4722,-0.7084,0.9826,0,0,-0.0263,0.6979,0.0616,0.3621,0.3279,-0.0986,-0.5045,2.894041859587562,-1.8396435060304963,0.26951864687567184,GBPCPCFC_00002-0,GBPCPCFC_00002-0,Rickettsia endosymbiont of Platyusa sonomae,2878924,79.5,6.52e-54,178,Bacteria,2,,,Bacteria,2,0,Bacteria,2,823,1191,GBPCPCFC_00001,GBPCPCFC_00003,mRNA
GBPCPCFC_00003,gnl|Prokka|GBPCPCFC_1,123,94577,0.0416,627.2683,546.937,0.738,0.0,0.3252,-0.4982,246,-0.6971,-0.8763,0.975,0,0,-0.0162,0.8126,-0.016,0.815,0.3455,0.4835,-0.3473,2.871776407128651,-2.261645215207494,0.24226471336835737,GBPCPCFC_00003-0,GBPCPCFC_00003-0,Alphaproteobacteria bacterium,1913988,71.2,1.91e-25,103,Bacteria,2,,,Bacteria,2,0,Bacteria,2,1185,1430,GBPCPCFC_00002,GBPCPCFC_00004,mRNA
GBPCPCFC_00004,gnl|Prokka|GBPCPCFC_1,123,94577,0.0416,627.2683,546.937,0.738,0.0,0.3252,-0.4982,288,-0.6203,-0.819,0.9654,0,0,0.0505,0.4638,0.1687,0.0137,0.2882,-1.411,-0.859,2.9054130865519734,-1.2834173075567972,0.2675380623436312,GBPCPCFC_00004-0,GBPCPCFC_00004-0,,,,,,,,,,,,0,Unassigned,,1635,1922,GBPCPCFC_00003,GBPCPCFC_00005,mRNA
GBPCPCFC_00005,gnl|Prokka|GBPCPCFC_1,123,94577,0.0416,627.2683,546.937,0.738,0.0,0.3252,-0.4982,96,-0.9714,-1.081,0.9602,0,0,0.0953,0.268,0.034,0.6932,0.3958,2.1457,0.1017,2.8433143438087716,-1.8685008748150462,0.23036991737500262,GBPCPCFC_00005-0,GBPCPCFC_00005-0,bacterium,1869227,83.9,1.91e-07,55.5,cellular organisms,131567,cellular organisms,131567,cellular organisms,131567,1,cellular organisms,131567,1881,1976,GBPCPCFC_00004,GBPCPCFC_00006,mRNA
GBPCPCFC_00006,gnl|Prokka|GBPCPCFC_1,123,94577,0.0416,627.2683,546.937,0.738,0.0,0.3252,-0.4982,165,-0.8452,-0.9869,0.9587,0,0,0.086,0.2733,0.0757,0.335,0.3152,-0.5203,-0.6184,2.8564081576884086,-1.6530970196581007,0.23239066216507845,GBPCPCFC_00006-0,GBPCPCFC_00006-0,Gammaproteobacteria bacterium,1913989,78.6,2.42e-12,70.1,Bacteria,2,,,Bacteria,2,0,Bacteria,2,1954,2118,GBPCPCFC_00005,GBPCPCFC_00007,mRNA
GBPCPCFC_00007,gnl|Prokka|GBPCPCFC_1,123,94577,0.0416,627.2683,546.937,0.738,0.0,0.3252,-0.4982,135,-0.9,-1.0278,0.9505,0,0,0.0096,0.9136,-0.0895,0.313,0.237,-3.1014,-1.3156,2.833711921273669,-2.5842202530916607,0.17277512270065815,GBPCPCFC_00007-0,GBPCPCFC_00007-0,,,,,,,,,,,,0,Unassigned,,2341,2475,GBPCPCFC_00006,GBPCPCFC_00008,mRNA
GBPCPCFC_00008,gnl|Prokka|GBPCPCFC_1,123,94577,0.0416,627.2683,546.937,0.738,0.0,0.3252,-0.4982,162,-0.8507,-0.991,0.9454,0,0,0.1871,0.0092,0.1737,0.0157,0.4259,3.14,0.3703,2.8287733683444705,-0.9017890378749127,0.21930657160782024,GBPCPCFC_00008-0,GBPCPCFC_00008-0,Rickettsia endosymbiont of Oedothorax gibbosus,931099,96.2,3.13e-27,103,Rickettsiaceae,775,,,Rickettsiaceae,775,0,Alphaproteobacteria,28211,2583,2744,GBPCPCFC_00007,GBPCPCFC_00009,mRNA
GBPCPCFC_00009,gnl|Prokka|GBPCPCFC_1,123,94577,0.0416,627.2683,546.937,0.738,0.0,0.3252,-0.4982,255,-0.6806,-0.864,0.9418,0,0,-0.0273,0.6897,0.0189,0.7825,0.3647,1.1172,-0.1761,2.8890831394824317,-2.1712843509165287,0.1785858082825654,GBPCPCFC_00009-0,GBPCPCFC_00009-0,Rickettsia endosymbiont of Oedothorax gibbosus,931099,79.5,1.79e-37,131,unclassified Rickettsia,114295,,,Rickettsia,780,0,Alphaproteobacteria,28211,2754,3008,GBPCPCFC_00008,GBPCPCFC_00010,mRNA
GBPCPCFC_00010,gnl|Prokka|GBPCPCFC_1,123,94577,0.0416,627.2683,546.937,0.738,0.0,0.3252,-0.4982,288,-0.6203,-0.819,0.9345,0,0,0.0334,0.637,0.0844,0.2326,0.3333,0.0805,-0.4561,2.868534781448349,-1.6418115691051733,0.1691626241110455,GBPCPCFC_00010-0,GBPCPCFC_00010-0,,,,,,,,,,,,0,Unassigned,,3099,3386,GBPCPCFC_00009,GBPCPCFC_00011,mRNA
GBPCPCFC_00011,gnl|Prokka|GBPCPCFC_1,123,94577,0.0416,627.2683,546.937,0.738,0.0,0.3252,-0.4982,1395,1.4037,0.692,0.9216,0,0,0.3073,0.0,0.3196,0.0,0.3477,0.5542,-0.3281,2.540991774141965,2.0834969796504113,-0.0028786291158011948,GBPCPCFC_00011-0,GBPCPCFC_00011-0,Rickettsia endosymbiont of Culicoides newsteadi,1961830,74.6,3.75e-231,651,Rickettsia endosymbiont of Culicoides newsteadi,1961830,,,Rickettsia endosymbiont of Culicoides newsteadi,1961830,0,Alphaproteobacteria,28211,3708,5102,GBPCPCFC_00010,GBPCPCFC_00012,mRNA
GBPCPCFC_00012,gnl|Prokka|GBPCPCFC_1,123,94577,0.0416,627.2683,546.937,0.738,0.0,0.3252,-0.4982,573,-0.0992,-0.43,0.8921,0,0,0.1206,0.0579,0.2217,0.0004,0.3682,1.2338,-0.1446,2.8028782169513424,-0.34773314207716993,0.059099107459833884,GBPCPCFC_00012-0,GBPCPCFC_00012-0,Rickettsia endosymbiont of Culicoides newsteadi,1961830,90.5,1.88e-113,331,Rickettsiaceae,775,,,Rickettsiaceae,775,0,Alphaproteobacteria,28211,5102,5674,GBPCPCFC_00011,GBPCPCFC_00013,mRNA
GBPCPCFC_00013,gnl|Prokka|GBPCPCFC_1,123,94577,0.0416,627.2683,546.937,0.738,0.0,0.3252,-0.4982,345,-0.5161,-0.7412,0.8795,0,0,0.1002,0.1214,0.1333,0.0391,0.3623,1.0383,-0.1974,2.8196788497391783,-1.1020903473770827,0.03872374222108262,GBPCPCFC_00013-0,GBPCPCFC_00013-0,Rickettsia endosymbiont of Culicoides newsteadi,1961830,74.5,3.48e-41,147,unclassified Rickettsia,114295,,,Rickettsia,780,0,Alphaproteobacteria,28211,5698,6042,GBPCPCFC_00012,GBPCPCFC_00014,mRNA
GBPCPCFC_00014,gnl|Prokka|GBPCPCFC_1,123,94577,0.0416,627.2683,546.937,0.738,0.0,0.3252,-0.4982,276,-0.6422,-0.8354,0.872,0,0,0.1222,0.0744,0.1032,0.1324,0.3333,0.0805,-0.4561,2.801136031507166,-1.2245379021968679,0.017832739850236146,GBPCPCFC_00014-0,GBPCPCFC_00014-0,Bacteria,2,51.1,5.68e-23,95.1,Bacteria,2,,,Bacteria,2,0,Bacteria,2,6056,6331,GBPCPCFC_00013,GBPCPCFC_00015,mRNA
GBPCPCFC_00015,gnl|Prokka|GBPCPCFC_1,123,94577,0.0416,627.2683,546.937,0.738,0.0,0.3252,-0.4982,105,-0.9549,-1.0688,0.8657,0,0,-0.1204,0.1396,-0.0576,0.4807,0.3238,-0.2342,-0.5411,2.9362691211329732,-3.056953606447011,0.016219385412136134,GBPCPCFC_00015-0,GBPCPCFC_00015-0,Pseudomonadota bacterium,1977087,75.0,4.57e-04,45.8,Pseudomonadota bacterium,1977087,,,Pseudomonadota bacterium,1977087,0,Pseudomonadota bacterium,1977087,6352,6456,GBPCPCFC_00014,GBPCPCFC_00016,mRNA
GBPCPCFC_00016,gnl|Prokka|GBPCPCFC_1,123,94577,0.0416,627.2683,546.937,0.738,0.0,0.3252,-0.4982,171,-0.8342,-0.9787,0.8635,0,0,0.0828,0.2874,0.1195,0.1239,0.3275,-0.1127,-0.5083,2.86003512652766,-1.5005452226986808,0.027870826013977335,GBPCPCFC_00016-0,GBPCPCFC_00016-0,Alphaproteobacteria bacterium,1913988,69.6,2.41e-11,65.9,Bacteria,2,,,Bacteria,2,0,Bacteria,2,6458,6628,GBPCPCFC_00015,GBPCPCFC_00017,mRNA
GBPCPCFC_00017,gnl|Prokka|GBPCPCFC_1,123,94577,0.0416,627.2683,546.937,0.738,0.0,0.3252,-0.4982,255,-0.6806,-0.864,0.858,0,0,0.1819,0.0061,0.1947,0.0033,0.3804,1.6355,-0.0361,2.8049672628687508,-0.6962699304988038,0.011041066994555598,GBPCPCFC_00017-0,GBPCPCFC_00017-0,Alphaproteobacteria bacterium,1913988,69.3,1.31e-26,109,Alphaproteobacteria,28211,,,Alphaproteobacteria,28211,0,Alphaproteobacteria,28211,6714,6968,GBPCPCFC_00016,GBPCPCFC_00018,mRNA
GBPCPCFC_00018,gnl|Prokka|GBPCPCFC_1,123,94577,0.0416,627.2683,546.937,0.738,0.0,0.3252,-0.4982,207,-0.7684,-0.9295,0.8527,0,0,-0.0819,0.264,-0.1644,0.0242,0.2995,-1.0369,-0.7579,2.8277812357492804,-3.0987511201545117,-0.07510389467340463,GBPCPCFC_00018-0,GBPCPCFC_00018-0,Planctomycetota bacterium,2026780,60.0,3.37e-08,56.2,cellular organisms,131567,cellular organisms,131567,cellular organisms,131567,1,cellular organisms,131567,6965,7171,GBPCPCFC_00017,GBPCPCFC_00019,mRNA
GBPCPCFC_00019,gnl|Prokka|GBPCPCFC_1,123,94577,0.0416,627.2683,546.937,0.738,0.0,0.3252,-0.4982,1572,1.7273,0.9336,0.847,0,0,0.222,0.0003,0.2239,0.0003,0.3448,0.4589,-0.3539,2.501803208057642,1.6911227830507736,-0.2226248853982603,GBPCPCFC_00019-0,GBPCPCFC_00019-0,Rickettsiales bacterium,2026788,37.0,5.15e-41,171,Rickettsiales bacterium,2026788,,,Rickettsiales bacterium,2026788,0,Alphaproteobacteria,28211,7235,8806,GBPCPCFC_00018,GBPCPCFC_00020,mRNA
GBPCPCFC_00020,gnl|Prokka|GBPCPCFC_1,123,94577,0.0416,627.2683,546.937,0.738,0.0,0.3252,-0.4982,141,-0.8891,-1.0196,0.8101,0,0,0.296,0.0009,0.3903,0.0,0.2766,-1.7943,-0.9625,2.834526307496889,0.2667724661372477,-0.03146642803183152,GBPCPCFC_00020-0,GBPCPCFC_00020-0,Rickettsia endosymbiont of Labidopullus appendiculatus,2878921,68.3,2.36e-09,61.6,unclassified Rickettsia,114295,,,Rickettsia,780,0,Alphaproteobacteria,28211,8983,9123,GBPCPCFC_00019,GBPCPCFC_00021,mRNA
GBPCPCFC_00021,gnl|Prokka|GBPCPCFC_1,123,94577,0.0416,627.2683,546.937,0.738,0.0,0.3252,-0.4982,399,-0.4174,-0.6675,0.8069,0,0,0.0273,0.6682,0.0616,0.3333,0.3083,-0.7476,-0.6798,2.8106089490951156,-1.55876785292338,-0.15027803111026658,GBPCPCFC_00021-0,GBPCPCFC_00021-0,Rickettsia endosymbiont of Culicoides newsteadi,1961830,58.3,6.28e-49,163,Bacteria,2,,,Bacteria,2,0,Bacteria,2,9132,9530,GBPCPCFC_00020,GBPCPCFC_00022,mRNA
GBPCPCFC_00022,gnl|Prokka|GBPCPCFC_1,123,94577,0.0416,627.2683,546.937,0.738,0.0,0.3252,-0.4982,909,0.5151,0.0286,0.7978,0,0,0.1535,0.0154,0.2948,0.0,0.3333,0.0805,-0.4561,2.7230726221002457,0.5860389353723922,-0.19225654625655217,GBPCPCFC_00022-0,GBPCPCFC_00022-0,Rickettsia endosymbiont of Culicoides impunctatus,2867440,86.2,1.36e-162,465,Bacteria,2,,,Bacteria,2,0,Bacteria,2,9564,10472,GBPCPCFC_00021,GBPCPCFC_00023,mRNA
GBPCPCFC_00023,gnl|Prokka|GBPCPCFC_1,123,94577,0.0416,627.2683,546.937,0.738,0.0,0.3252,-0.4982,324,-0.5545,-0.7698,0.7741,0,0,0.0348,0.6146,0.0548,0.4274,0.3827,1.7123,-0.0153,2.8109514215994587,-1.67029296708433,-0.21761173151306312,GBPCPCFC_00023-0,GBPCPCFC_00023-0,bacterium,1869227,91.2,2.27e-55,186,cellular organisms,131567,Neoptera,33340,Neoptera,33340,1,Eumetazoa,6072,10681,11004,GBPCPCFC_00022,GBPCPCFC_00024,mRNA
GBPCPCFC_00024,gnl|Prokka|GBPCPCFC_1,123,94577,0.0416,627.2683,546.937,0.738,0.0,0.3252,-0.4982,558,-0.1266,-0.4505,0.7619,0,0,0.1528,0.0196,0.309,0.0,0.3065,-0.8077,-0.696,2.799537319095855,0.06888078634535016,-0.2135202676942279,GBPCPCFC_00024-0,GBPCPCFC_00024-0,Rickettsia endosymbiont of Culicoides newsteadi,1961830,68.4,2.23e-90,277,Rickettsieae,33988,,,Rickettsieae,33988,0,Alphaproteobacteria,28211,11262,11819,GBPCPCFC_00023,GBPCPCFC_00025,mRNA
GBPCPCFC_00025,gnl|Prokka|GBPCPCFC_1,123,94577,0.0416,627.2683,546.937,0.738,0.0,0.3252,-0.4982,240,-0.7081,-0.8845,0.7482,0,0,0.1679,0.0189,0.1759,0.0139,0.2833,-1.5716,-0.9024,2.7860998465754574,-0.8364268558674947,-0.24420997801710564,GBPCPCFC_00025-0,GBPCPCFC_00025-0,Legionella pneumophila,446,40.0,4.68e-04,45.8,Legionella pneumophila,446,,,Legionella pneumophila,446,0,Gammaproteobacteria,1236,11909,12148,GBPCPCFC_00024,GBPCPCFC_00026,mRNA
GBPCPCFC_00026,gnl|Prokka|GBPCPCFC_1,123,94577,0.0416,627.2683,546.937,0.738,0.0,0.3252,-0.4982,2118,2.7256,1.6788,0.7432,0,0,0.229,0.0002,0.2589,0.0,0.3536,0.7514,-0.2749,2.3743238921300396,2.7252736663388757,-0.5386503712207975,GBPCPCFC_00026-0,GBPCPCFC_00026-0,Legionella,445,66.8,0.0,919,Legionella,445,,,Legionella,445,0,Gammaproteobacteria,1236,12145,14262,GBPCPCFC_00025,GBPCPCFC_00027,mRNA
GBPCPCFC_00027,gnl|Prokka|GBPCPCFC_1,123,94577,0.0416,627.2683,546.937,0.738,0.0,0.3252,-0.4982,765,0.2518,-0.1679,0.6923,0,0,0.0547,0.3838,0.2107,0.0007,0.3634,1.074,-0.1878,2.7631611557621922,-0.3376934861021448,-0.42518328685590845,GBPCPCFC_00027-0,GBPCPCFC_00027-0,Rickettsia bellii,33990,94.9,5.69e-174,494,cellular organisms,131567,Arthropoda,6656,Arthropoda,6656,1,Eumetazoa,6072,14551,15315,GBPCPCFC_00026,GBPCPCFC_00028,mRNA
GBPCPCFC_00028,gnl|Prokka|GBPCPCFC_1,123,94577,0.0416,627.2683,546.937,0.738,0.0,0.3252,-0.4982,1293,1.2172,0.5527,0.6749,0,0,0.1883,0.0025,0.3504,0.0,0.3527,0.7194,-0.2835,2.6164714999952166,1.5465777441213626,-0.5239106268863795,GBPCPCFC_00028-0,GBPCPCFC_00028-0,Legionella,445,56.7,6.50e-173,501,cellular organisms,131567,cellular organisms,131567,cellular organisms,131567,1,cellular organisms,131567,15375,16667,GBPCPCFC_00027,GBPCPCFC_00029,mRNA
GBPCPCFC_00029,gnl|Prokka|GBPCPCFC_1,123,94577,0.0416,627.2683,546.937,0.738,0.0,0.3252,-0.4982,354,-0.4996,-0.7289,0.6471,0,0,0.0275,0.6854,0.0994,0.1417,0.3644,1.1073,-0.1788,2.8062018668133546,-1.4914813952900112,-0.4983711704626117,GBPCPCFC_00029-0,GBPCPCFC_00029-0,Rickettsia bellii str. RML Mogi,1359194,87.3,3.15e-58,185,cellular organisms,131567,Neoptera,33340,Neoptera,33340,1,Eumetazoa,6072,16688,17041,GBPCPCFC_00028,GBPCPCFC_00030,mRNA
GBPCPCFC_00030,gnl|Prokka|GBPCPCFC_1,123,94577,0.0416,627.2683,546.937,0.738,0.0,0.3252,-0.4982,1599,1.7767,0.9704,0.6382,0,0,0.1755,0.0049,0.2883,0.0,0.3821,1.6924,-0.0207,2.520153121306418,1.7750284010110293,-0.6776559355929055,GBPCPCFC_00030-0,GBPCPCFC_00030-0,Pseudomonadota bacterium,1977087,85.3,0.0,951,Pseudomonadota bacterium,1977087,,,Pseudomonadota bacterium,1977087,0,Pseudomonadota bacterium,1977087,17111,18709,GBPCPCFC_00029,GBPCPCFC_00031,mRNA
GBPCPCFC_00031,gnl|Prokka|GBPCPCFC_1,123,94577,0.0416,627.2683,546.937,0.738,0.0,0.3252,-0.4982,300,-0.5984,-0.8026,0.5936,0,0,0.0959,0.1713,0.0869,0.2152,0.34,0.3008,-0.3966,2.7490961446103204,-1.335106273358163,-0.6296378680624344,GBPCPCFC_00031-0,GBPCPCFC_00031-0,Rickettsia endosymbiont of Platyusa sonomae,2878924,87.5,6.17e-36,134,Rickettsieae,33988,,,Rickettsieae,33988,0,Alphaproteobacteria,28211,19219,19518,GBPCPCFC_00030,GBPCPCFC_00032,mRNA
GBPCPCFC_00032,gnl|Prokka|GBPCPCFC_1,123,94577,0.0416,627.2683,546.937,0.738,0.0,0.3252,-0.4982,1182,1.0143,0.4012,0.5851,0,0,0.2302,0.0002,0.1957,0.0017,0.3553,0.8073,-0.2598,2.5110499269732016,1.015801526357503,-0.7759108200034145,GBPCPCFC_00032-0,GBPCPCFC_00032-0,Rickettsia endosymbiont of Glossina mortisans submortisans,2878925,56.3,8.28e-141,416,Rickettsia,780,,,Rickettsia,780,0,Alphaproteobacteria,28211,19622,20803,GBPCPCFC_00031,GBPCPCFC_00033,mRNA
GBPCPCFC_00033,gnl|Prokka|GBPCPCFC_1,123,94577,0.0416,627.2683,546.937,0.738,0.0,0.3252,-0.4982,537,-0.165,-0.4791,0.5594,0,0,0.1721,0.0125,0.1982,0.0039,0.3184,-0.4117,-0.5891,2.690480622748157,-0.25361567914448835,-0.7203993013025295,GBPCPCFC_00033-0,GBPCPCFC_00033-0,Rickettsia asembonensis,1068590,49.7,1.12e-43,154,Rickettsia asembonensis,1068590,,,Rickettsia asembonensis,1068590,0,Alphaproteobacteria,28211,20836,21372,GBPCPCFC_00032,GBPCPCFC_00034,mRNA
GBPCPCFC_00034,gnl|Prokka|GBPCPCFC_1,123,94577,0.0416,627.2683,546.937,0.738,0.0,0.3252,-0.4982,297,-0.6039,-0.8067,0.5245,0,0,0.2079,0.0079,0.2942,0.0001,0.2525,-2.5896,-1.1773,2.757674105940774,-0.16023030766278276,-0.7344259592970449,GBPCPCFC_00034-0,GBPCPCFC_00034-0,Rickettsia asembonensis,1068590,55.1,1.18e-26,104,Rickettsia,780,,,Rickettsia,780,0,Alphaproteobacteria,28211,22485,22781,GBPCPCFC_00033,GBPCPCFC_00035,mRNA
GBPCPCFC_00035,gnl|Prokka|GBPCPCFC_1,123,94577,0.0416,627.2683,546.937,0.738,0.0,0.3252,-0.4982,282,-0.6313,-0.8272,0.5109,0,0,-0.0658,0.3013,0.0321,0.6143,0.3688,1.2522,-0.1396,2.8287386461314767,-2.217031974963337,-0.808697528526687,GBPCPCFC_00035-0,GBPCPCFC_00035-0,Rickettsia endosymbiont of Pseudomimeciton antennatum,2878923,82.8,2.25e-49,161,Rickettsia,780,,,Rickettsia,780,0,Alphaproteobacteria,28211,23131,23412,GBPCPCFC_00034,GBPCPCFC_00036,mRNA
GBPCPCFC_00036,gnl|Prokka|GBPCPCFC_1,123,94577,0.0416,627.2683,546.937,0.738,0.0,0.3252,-0.4982,264,-0.6642,-0.8517,0.5052,0,0,0.066,0.2929,0.057,0.3636,0.4015,2.3334,0.1524,2.745451426326817,-1.6139050961550694,-0.8333402417192535,GBPCPCFC_00036-0,GBPCPCFC_00036-0,unclassified Rickettsia,114295,81.6,5.12e-41,140,Bacteria,2,,,Bacteria,2,0,Bacteria,2,23399,23662,GBPCPCFC_00035,GBPCPCFC_00037,mRNA
GBPCPCFC_00037,gnl|Prokka|GBPCPCFC_1,123,94577,0.0416,627.2683,546.937,0.738,0.0,0.3252,-0.4982,144,-0.8836,-1.0155,0.4946,0,0,0.0819,0.3093,0.1027,0.2022,0.3056,-0.8373,-0.704,2.780799689869786,-1.583792007632825,-0.8250128566867632,GBPCPCFC_00037-0,GBPCPCFC_00037-0,Alphaproteobacteria bacterium,1913988,86.7,1.61e-18,86.3,Alphaproteobacteria bacterium,1913988,,,Alphaproteobacteria bacterium,1913988,0,Alphaproteobacteria,28211,23902,24045,GBPCPCFC_00036,GBPCPCFC_00038,mRNA
GBPCPCFC_00038,gnl|Prokka|GBPCPCFC_1,123,94577,0.0416,627.2683,546.937,0.738,0.0,0.3252,-0.4982,558,-0.1266,-0.4505,0.4906,0,0,0.0452,0.4852,0.0052,0.9363,0.328,-0.0971,-0.5041,2.6676345909689223,-1.4038566293112054,-0.9290684327237833,GBPCPCFC_00038-0,GBPCPCFC_00038-0,Rickettsia endosymbiont of Ceutorhynchus assimilis,2884482,91.4,8.55e-116,337,Rickettsia endosymbiont of Ceutorhynchus assimilis,2884482,,,Rickettsia endosymbiont of Ceutorhynchus assimilis,2884482,0,Alphaproteobacteria,28211,24088,24645,GBPCPCFC_00037,GBPCPCFC_00039,mRNA
GBPCPCFC_00039,gnl|Prokka|GBPCPCFC_1,123,94577,0.0416,627.2683,546.937,0.738,0.0,0.3252,-0.4982,327,-0.549,-0.7657,0.4739,0,0,0.2707,0.0001,0.2772,0.0001,0.2997,-1.031,-0.7563,2.684791575341732,0.09312242812326352,-0.8731958829933594,GBPCPCFC_00039-0,GBPCPCFC_00039-0,bacterium,1869227,68.7,4.54e-33,120,Bacteria,2,,,Bacteria,2,0,Bacteria,2,24879,25205,GBPCPCFC_00038,GBPCPCFC_00040,mRNA
GBPCPCFC_00040,gnl|Prokka|GBPCPCFC_1,123,94577,0.0416,627.2683,546.937,0.738,0.0,0.3252,-0.4982,390,-0.4338,-0.6798,0.4672,0,0,0.0432,0.518,0.153,0.0214,0.341,0.3347,-0.3874,2.776490978370462,-1.1740082449102167,-0.9029852190989159,GBPCPCFC_00040-0,GBPCPCFC_00040-0,unclassified Rickettsia,114295,72.1,2.38e-54,177,Bacteria,2,,,Bacteria,2,0,Bacteria,2,25195,25584,GBPCPCFC_00039,GBPCPCFC_00041,mRNA
GBPCPCFC_00041,gnl|Prokka|GBPCPCFC_1,123,94577,0.0416,627.2683,546.937,0.738,0.0,0.3252,-0.4982,774,0.2683,-0.1556,0.4478,0,0,0.1365,0.0313,0.1569,0.0132,0.2713,-1.9686,-1.0096,2.6211918475191816,-0.15458582715026414,-1.0245304690219859,GBPCPCFC_00041-0,GBPCPCFC_00041-0,spotted fever group,114277,89.1,1.28e-157,448,Rickettsia,780,,,Rickettsia,780,0,Alphaproteobacteria,28211,26113,26886,GBPCPCFC_00040,GBPCPCFC_00042,mRNA
GBPCPCFC_00042,gnl|Prokka|GBPCPCFC_1,123,94577,0.0416,627.2683,546.937,0.738,0.0,0.3252,-0.4982,321,-0.56,-0.7739,0.4316,0,0,-0.0057,0.9344,0.1032,0.1353,0.2399,-3.0076,-1.2902,2.7951321002851865,-1.656703701857183,-0.9831851895874965,GBPCPCFC_00042-0,GBPCPCFC_00042-0,Rickettsia endosymbiont of Glossina mortisans submortisans,2878925,75.5,2.04e-42,145,Rickettsia,780,,,Rickettsia,780,0,Alphaproteobacteria,28211,26879,27199,GBPCPCFC_00041,GBPCPCFC_00043,mRNA
GBPCPCFC_00043,gnl|Prokka|GBPCPCFC_1,123,94577,0.0416,627.2683,546.937,0.738,0.0,0.3252,-0.4982,1095,0.8552,0.2825,0.424,0,0,0.0889,0.1561,0.2192,0.0004,0.3699,1.2876,-0.1301,2.614191036634686,0.3799457146585388,-1.1003809636431228,GBPCPCFC_00043-0,GBPCPCFC_00043-0,Rickettsia bellii,33990,92.9,1.18e-250,692,cellular organisms,131567,Arthropoda,6656,Arthropoda,6656,1,Eumetazoa,6072,27240,28334,GBPCPCFC_00042,GBPCPCFC_00044,mRNA
GBPCPCFC_00044,gnl|Prokka|GBPCPCFC_1,123,94577,0.0416,627.2683,546.937,0.738,0.0,0.3252,-0.4982,177,-0.8233,-0.9705,0.3941,0,0,-0.0404,0.6084,-0.047,0.5515,0.3051,-0.8529,-0.7082,2.7675189150529156,-2.545709397502371,-1.0940565472260155,GBPCPCFC_00044-0,GBPCPCFC_00044-0,Rickettsia endosymbiont of Glossina mortisans submortisans,2878925,79.6,4.55e-20,85.1,Rickettsia,780,,,Rickettsia,780,0,Alphaproteobacteria,28211,28654,28830,GBPCPCFC_00043,GBPCPCFC_00045,mRNA
GBPCPCFC_00045,gnl|Prokka|GBPCPCFC_1,123,94577,0.0416,627.2683,546.937,0.738,0.0,0.3252,-0.4982,2409,3.2577,2.076,0.3873,0,0,0.0895,0.1533,0.2473,0.0001,0.3304,-0.0155,-0.482,2.335324242882048,2.5967112286670204,-1.386327044412555,GBPCPCFC_00045-0,GBPCPCFC_00045-0,Rickettsia endosymbiont of Culicoides impunctatus,2867440,36.5,2.04e-163,508,Rickettsia endosymbiont of Culicoides impunctatus,2867440,,,Rickettsia endosymbiont of Culicoides impunctatus,2867440,0,Alphaproteobacteria,28211,28975,31383,GBPCPCFC_00044,GBPCPCFC_00046,mRNA
GBPCPCFC_00046,gnl|Prokka|GBPCPCFC_1,123,94577,0.0416,627.2683,546.937,0.738,0.0,0.3252,-0.4982,729,0.186,-0.2171,0.3366,0,0,0.0846,0.1842,0.1036,0.1035,0.2538,-2.5484,-1.1662,2.619267831366276,-0.6186715189571286,-1.2837822716487601,GBPCPCFC_00046-0,GBPCPCFC_00046-0,Rickettsia endosymbiont of Cimex lectularius,2698648,41.8,1.90e-51,184,unclassified Rickettsia,114295,,,Rickettsia,780,0,Alphaproteobacteria,28211,31373,32101,GBPCPCFC_00045,GBPCPCFC_00047,mRNA
GBPCPCFC_00047,gnl|Prokka|GBPCPCFC_1,123,94577,0.0416,627.2683,546.937,0.738,0.0,0.3252,-0.4982,1095,0.8552,0.2825,0.3206,0,0,0.0889,0.1561,0.2192,0.0004,0.3699,1.2876,-0.1301,2.5925680668617073,0.38596994020269515,-1.3390136384709164,GBPCPCFC_00047-0,GBPCPCFC_00047-0,Rickettsia bellii,33990,92.9,1.18e-250,692,cellular organisms,131567,Arthropoda,6656,Arthropoda,6656,1,Eumetazoa,6072,32127,33221,GBPCPCFC_00046,GBPCPCFC_00048,mRNA
GBPCPCFC_00048,gnl|Prokka|GBPCPCFC_1,123,94577,0.0416,627.2683,546.937,0.738,0.0,0.3252,-0.4982,153,-0.8671,-1.0032,0.2962,0,0,-0.039,0.6224,-0.0877,0.2674,0.3007,-0.9993,-0.7478,2.7303351070120274,-2.7125503937582374,-1.330905810271288,GBPCPCFC_00048-0,GBPCPCFC_00048-0,Oppiella nova,334625,90.9,1.41e-17,85.1,cellular organisms,131567,Endopterygota,33392,Endopterygota,33392,1,Eumetazoa,6072,33284,33436,GBPCPCFC_00047,GBPCPCFC_00049,mRNA
GBPCPCFC_00049,gnl|Prokka|GBPCPCFC_1,123,94577,0.0416,627.2683,546.937,0.738,0.0,0.3252,-0.4982,378,-0.4558,-0.6961,0.2931,0,0,0.045,0.4955,0.1558,0.0176,0.3201,-0.3566,-0.5742,2.742774759282349,-1.1661206468680754,-1.30217299166567,GBPCPCFC_00049-0,GBPCPCFC_00049-0,Rickettsia endosymbiont of Oxypoda opaca,2866308,44.0,1.56e-19,88.2,Rickettsiaceae,775,,,Rickettsiaceae,775,0,Alphaproteobacteria,28211,33428,33805,GBPCPCFC_00048,GBPCPCFC_00050,mRNA
GBPCPCFC_00050,gnl|Prokka|GBPCPCFC_1,123,94577,0.0416,627.2683,546.937,0.738,0.0,0.3252,-0.4982,135,-0.9,-1.0278,0.2833,0,0,0.2313,0.0098,0.1689,0.0608,0.237,-3.1014,-1.3156,2.660586910201482,-0.7399145713462363,-1.3139081502302163,GBPCPCFC_00050-0,GBPCPCFC_00050-0,Rickettsia endosymbiont of Culicoides impunctatus,2867440,70.5,1.36e-14,72.4,Rickettsia endosymbiont of Culicoides impunctatus,2867440,,,Rickettsia endosymbiont of Culicoides impunctatus,2867440,0,Alphaproteobacteria,28211,33892,34026,GBPCPCFC_00049,GBPCPCFC_00051,mRNA
GBPCPCFC_00051,gnl|Prokka|GBPCPCFC_1,123,94577,0.0416,627.2683,546.937,0.738,0.0,0.3252,-0.4982,285,-0.6258,-0.8231,0.2803,0,0,0.0116,0.8762,0.0256,0.7313,0.2281,-3.3977,-1.3956,2.7185506445643592,-1.9005376161427523,-1.3573123557820326,GBPCPCFC_00051-0,GBPCPCFC_00051-0,Rickettsia endosymbiont of Culicoides impunctatus,2867440,65.5,1.41e-34,124,Rickettsia endosymbiont of Culicoides impunctatus,2867440,,,Rickettsia endosymbiont of Culicoides impunctatus,2867440,0,Alphaproteobacteria,28211,34036,34320,GBPCPCFC_00050,GBPCPCFC_00052,mRNA
GBPCPCFC_00052,gnl|Prokka|GBPCPCFC_1,123,94577,0.0416,627.2683,546.937,0.738,0.0,0.3252,-0.4982,288,-0.6203,-0.819,0.2641,0,0,0.0426,0.5288,0.0386,0.5685,0.309,-0.7226,-0.673,2.697962042927492,-1.7218398098329295,-1.3959879795098316,GBPCPCFC_00052-0,GBPCPCFC_00052-0,Rickettsia hoogstraalii str. RCCE3,1359197,87.4,2.00e-53,178,Alphaproteobacteria,28211,,,Alphaproteobacteria,28211,0,Alphaproteobacteria,28211,34799,35086,GBPCPCFC_00051,GBPCPCFC_00053,mRNA
GBPCPCFC_00053,gnl|Prokka|GBPCPCFC_1,123,94577,0.0416,627.2683,546.937,0.738,0.0,0.3252,-0.4982,396,-0.4228,-0.6716,0.2576,0,0,-0.0787,0.2234,-0.0787,0.2232,0.3434,0.4143,-0.3659,2.703895900923063,-2.45271327948282,-1.4488214841717257,GBPCPCFC_00053-0,GBPCPCFC_00053-0,Rickettsia bellii,33990,80.2,5.41e-65,205,Rickettsiales,766,,,Rickettsiales,766,0,Alphaproteobacteria,28211,35109,35504,GBPCPCFC_00052,GBPCPCFC_00054,mRNA
GBPCPCFC_00054,gnl|Prokka|GBPCPCFC_1,123,94577,0.0416,627.2683,546.937,0.738,0.0,0.3252,-0.4982,183,-0.8123,-0.9623,0.248,0,0,0.0678,0.3552,0.0447,0.5428,0.3661,1.1639,-0.1635,2.701599305793638,-1.7642482255139988,-1.418588826725943,GBPCPCFC_00054-0,GBPCPCFC_00054-0,Candidatus Jidaibacter acanthamoeba,86105,55.8,6.98e-08,58.5,Bacteria,2,,,Bacteria,2,0,Bacteria,2,35561,35743,GBPCPCFC_00053,GBPCPCFC_00055,mRNA
GBPCPCFC_00055,gnl|Prokka|GBPCPCFC_1,123,94577,0.0416,627.2683,546.937,0.738,0.0,0.3252,-0.4982,102,-0.9604,-1.0729,0.244,0,0,0.1686,0.0542,0.1949,0.0257,0.3235,-0.2434,-0.5436,2.7198505812231213,-0.9614232673477972,-1.3789581759027658,GBPCPCFC_00055-0,GBPCPCFC_00055-0,,,,,,,,,,,,0,Unassigned,,35753,35854,GBPCPCFC_00054,GBPCPCFC_00056,mRNA
GBPCPCFC_00056,gnl|Prokka|GBPCPCFC_1,123,94577,0.0416,627.2683,546.937,0.738,0.0,0.3252,-0.4982,1449,1.5024,0.7657,0.2374,0,0,0.1061,0.0902,0.2194,0.0004,0.3361,0.1717,-0.4315,2.485537025154122,1.0330790437239865,-1.5909252008824692,GBPCPCFC_00056-0,GBPCPCFC_00056-0,Wolbachia endosymbiont of Dactylopius coccus,1605993,69.3,1.04e-237,670,unclassified Wolbachia,2640676,,,Wolbachia,953,0,Alphaproteobacteria,28211,36062,37510,GBPCPCFC_00055,GBPCPCFC_00057,mRNA
GBPCPCFC_00057,gnl|Prokka|GBPCPCFC_1,123,94577,0.0416,627.2683,546.937,0.738,0.0,0.3252,-0.4982,396,-0.4228,-0.6716,0.2057,0,0,0.1642,0.0148,0.1698,0.0116,0.3182,-0.4201,-0.5913,2.6384816812597425,-0.5904040728710179,-1.5227469109455392,GBPCPCFC_00057-0,GBPCPCFC_00057-0,Rickettsia endosymbiont of Culicoides impunctatus,2867440,70.7,1.35e-56,184,Bacteria,2,,,Bacteria,2,0,Bacteria,2,37560,37955,GBPCPCFC_00056,GBPCPCFC_00058,mRNA
GBPCPCFC_00058,gnl|Prokka|GBPCPCFC_1,123,94577,0.0416,627.2683,546.937,0.738,0.0,0.3252,-0.4982,411,-0.3954,-0.6511,0.1982,0,0,0.0114,0.8627,0.0242,0.713,0.3114,-0.643,-0.6515,2.673447933249451,-1.698225138371405,-1.5675422660289406,GBPCPCFC_00058-0,GBPCPCFC_00058-0,Holospora obtusa,49893,64.4,4.66e-39,138,Holospora,44747,,,Holospora,44747,0,Alphaproteobacteria,28211,37918,38328,GBPCPCFC_00057,GBPCPCFC_00059,mRNA
GBPCPCFC_00059,gnl|Prokka|GBPCPCFC_1,123,94577,0.0416,627.2683,546.937,0.738,0.0,0.3252,-0.4982,1662,1.8919,1.0564,0.1863,0,0,0.2138,0.0006,0.2839,0.0,0.2948,-1.1919,-0.7998,2.381037464472812,2.046250524759093,-1.7390043708346097,GBPCPCFC_00059-0,GBPCPCFC_00059-0,Pseudolycoriella hygida,35572,58.0,3.29e-60,225,Pseudolycoriella hygida,35572,,,Pseudolycoriella hygida,35572,0,Eumetazoa,6072,38480,40141,GBPCPCFC_00058,GBPCPCFC_00060,mRNA
GBPCPCFC_00060,gnl|Prokka|GBPCPCFC_1,123,94577,0.0416,627.2683,546.937,0.738,0.0,0.3252,-0.4982,285,-0.6258,-0.8231,0.1494,0,0,0.0887,0.1931,0.0645,0.3447,0.3368,0.1965,-0.4248,2.6533582438604957,-1.4399645336990956,-1.6591198824589823,GBPCPCFC_00060-0,GBPCPCFC_00060-0,Pseudolycoriella hygida,35572,84.5,3.25e-36,140,Pseudolycoriella hygida,35572,,,Pseudolycoriella hygida,35572,0,Eumetazoa,6072,40224,40508,GBPCPCFC_00059,GBPCPCFC_00061,mRNA
GBPCPCFC_00061,gnl|Prokka|GBPCPCFC_1,123,94577,0.0416,627.2683,546.937,0.738,0.0,0.3252,-0.4982,438,-0.3461,-0.6142,0.1429,0,0,0.0844,0.1925,0.0639,0.3243,0.3219,-0.2967,-0.558,2.6216976795622413,-1.2129502662472174,-1.6981885566503705,GBPCPCFC_00061-0,GBPCPCFC_00061-0,Parachlamydia sp. AcF125,2795736,69.7,9.94e-66,207,Bacteria,2,,,Bacteria,2,0,Bacteria,2,40532,40969,GBPCPCFC_00060,GBPCPCFC_00062,mRNA
GBPCPCFC_00062,gnl|Prokka|GBPCPCFC_1,123,94577,0.0416,627.2683,546.937,0.738,0.0,0.3252,-0.4982,858,0.4219,-0.041,0.1243,0,0,0.2198,0.0005,0.2495,0.0001,0.3322,0.042,-0.4665,2.520384520447935,0.6624799603713231,-1.7662672644236637,GBPCPCFC_00062-0,GBPCPCFC_00062-0,Pseudolycoriella hygida,35572,77.2,3.12e-141,429,Pseudolycoriella hygida,35572,,,Pseudolycoriella hygida,35572,0,Eumetazoa,6072,41410,42267,GBPCPCFC_00061,GBPCPCFC_00063,mRNA
GBPCPCFC_00063,gnl|Prokka|GBPCPCFC_1,123,94577,0.0416,627.2683,546.937,0.738,0.0,0.3252,-0.4982,1122,0.9045,0.3193,0.1041,0,0,0.241,0.0001,0.2902,0.0,0.3182,-0.4201,-0.5913,2.463852173720918,1.3163099115101127,-1.844535261019065,GBPCPCFC_00063-0,GBPCPCFC_00063-0,Rickettsia endosymbiont of Labidopullus appendiculatus,2878921,28.7,1.07e-16,92.4,Rickettsia endosymbiont of Labidopullus appendiculatus,2878921,,,Rickettsia endosymbiont of Labidopullus appendiculatus,2878921,0,Alphaproteobacteria,28211,42368,43489,GBPCPCFC_00062,GBPCPCFC_00064,mRNA
GBPCPCFC_00064,gnl|Prokka|GBPCPCFC_1,123,94577,0.0416,627.2683,546.937,0.738,0.0,0.3252,-0.4982,642,0.0269,-0.3358,0.0806,0,0,0.0459,0.4906,0.1571,0.0176,0.3364,0.1835,-0.4283,2.641034190830319,-0.7204258716821849,-1.834721845435499,GBPCPCFC_00064-0,GBPCPCFC_00064-0,Rickettsia endosymbiont of Cimex lectularius,2698648,41.5,9.12e-44,156,unclassified Rickettsia,114295,,,Rickettsia,780,0,Alphaproteobacteria,28211,43479,44120,GBPCPCFC_00063,GBPCPCFC_00065,mRNA
GBPCPCFC_00065,gnl|Prokka|GBPCPCFC_1,123,94577,0.0416,627.2683,546.937,0.738,0.0,0.3252,-0.4982,1278,1.1898,0.5323,0.0666,0,0,0.1818,0.0035,0.2414,0.0001,0.3607,0.9854,-0.2117,2.441525890477237,1.1564104446060548,-1.9630567053674353,GBPCPCFC_00065-0,GBPCPCFC_00065-0,Rickettsia endosymbiont of Platyusa sonomae,2878924,56.1,1.98e-52,186,unclassified Rickettsia,114295,,,Rickettsia,780,0,Alphaproteobacteria,28211,44139,45416,GBPCPCFC_00064,GBPCPCFC_00066,mRNA
GBPCPCFC_00066,gnl|Prokka|GBPCPCFC_1,123,94577,0.0416,627.2683,546.937,0.738,0.0,0.3252,-0.4982,129,-0.911,-1.036,0.0346,0,0,-0.0405,0.5919,0.0241,0.7497,0.3333,0.0805,-0.4561,2.7392922150941583,-2.358432433669329,-1.8906324993269121,GBPCPCFC_00066-0,GBPCPCFC_00066-0,Rickettsia tamurae subsp. buchneri,1462938,90.5,1.18e-15,79.3,Rickettsia,780,,,Rickettsia,780,0,Alphaproteobacteria,28211,45651,45779,GBPCPCFC_00065,GBPCPCFC_00067,mRNA
GBPCPCFC_00067,gnl|Prokka|GBPCPCFC_1,123,94577,0.0416,627.2683,546.937,0.738,0.0,0.3252,-0.4982,1095,0.8552,0.2825,0.0305,0,0,0.1185,0.0583,0.1145,0.0673,0.3699,1.2876,-0.1301,2.45603551662354,0.16613611645739707,-2.0510943526483616,GBPCPCFC_00067-0,GBPCPCFC_00067-0,Rickettsia bellii,33990,92.9,1.18e-250,692,cellular organisms,131567,Arthropoda,6656,Arthropoda,6656,1,Eumetazoa,6072,45849,46943,GBPCPCFC_00066,GBPCPCFC_00068,mRNA
GBPCPCFC_00068,gnl|Prokka|GBPCPCFC_1,123,94577,0.0416,627.2683,546.937,0.738,0.0,0.3252,-0.4982,1194,1.0362,0.4176,0.0188,0,0,0.3298,0.0,0.3938,0.0,0.3467,0.5233,-0.3365,2.4169813743656365,2.160716770116241,-2.0316558427031013,GBPCPCFC_00068-0,GBPCPCFC_00068-0,Rickettsia endosymbiont of Pseudomimeciton antennatum,2878923,84.9,2.31e-235,658,Rickettsia,780,,,Rickettsia,780,0,Alphaproteobacteria,28211,46986,48179,GBPCPCFC_00067,GBPCPCFC_00069,mRNA
GBPCPCFC_00069,gnl|Prokka|GBPCPCFC_1,123,94577,0.0416,627.2683,546.937,0.738,0.0,0.3252,-0.4982,1107,0.8771,0.2989,0.0426,0,0,0.1352,0.0333,0.1895,0.0027,0.3135,-0.5762,-0.6335,2.48190877219151,0.5113712359527459,-2.0012829988835525,GBPCPCFC_00069-0,GBPCPCFC_00069-0,spotted fever group,114277,88.5,8.35e-241,668,spotted fever group,114277,,,spotted fever group,114277,0,Alphaproteobacteria,28211,48199,49305,GBPCPCFC_00068,GBPCPCFC_00070,mRNA
GBPCPCFC_00070,gnl|Prokka|GBPCPCFC_1,123,94577,0.0416,627.2683,546.937,0.738,0.0,0.3252,-0.4982,717,0.1641,-0.2334,0.0583,0,0,0.1852,0.0039,0.1816,0.0047,0.2999,-1.0255,-0.7548,2.528298628448596,0.06273231449015117,-1.9140309723627875,GBPCPCFC_00070-0,GBPCPCFC_00070-0,Rickettsia tamurae,334545,80.8,3.35e-128,372,spotted fever group,114277,,,spotted fever group,114277,0,Alphaproteobacteria,28211,49332,50048,GBPCPCFC_00069,GBPCPCFC_00071,mRNA
GBPCPCFC_00071,gnl|Prokka|GBPCPCFC_1,123,94577,0.0416,627.2683,546.937,0.738,0.0,0.3252,-0.4982,294,-0.6093,-0.8108,0.0678,0,0,0.2466,0.0003,0.2679,0.0001,0.2619,-2.2797,-1.0936,2.6203279399075408,-0.06825774329638301,-1.8041653561791196,GBPCPCFC_00071-0,GBPCPCFC_00071-0,Rickettsiales bacterium,2026788,62.0,1.67e-35,127,Rickettsiales,766,,,Rickettsiales,766,0,Alphaproteobacteria,28211,50201,50494,GBPCPCFC_00070,GBPCPCFC_00072,mRNA
GBPCPCFC_00072,gnl|Prokka|GBPCPCFC_1,123,94577,0.0416,627.2683,546.937,0.738,0.0,0.3252,-0.4982,648,0.0379,-0.3276,0.0812,0,0,0.1838,0.0037,0.1631,0.0101,0.3225,-0.2764,-0.5525,2.5396348442036305,-0.11914441425596708,-1.856424988203373,GBPCPCFC_00072-0,GBPCPCFC_00072-0,Rickettsiaceae bacterium,2023360,83.6,2.90e-122,355,Rickettsiales,766,,,Rickettsiales,766,0,Alphaproteobacteria,28211,50484,51131,GBPCPCFC_00071,GBPCPCFC_00073,mRNA
GBPCPCFC_00073,gnl|Prokka|GBPCPCFC_1,123,94577,0.0416,627.2683,546.937,0.738,0.0,0.3252,-0.4982,513,-0.2089,-0.5119,0.098,0,0,0.0222,0.7429,0.0463,0.4933,0.2943,-1.2077,-0.8041,2.6336190163401616,-1.4077983659540745,-1.8091654042865601,GBPCPCFC_00073-0,GBPCPCFC_00073-0,Rickettsiales bacterium,2026788,52.3,4.72e-46,159,Alphaproteobacteria,28211,,,Alphaproteobacteria,28211,0,Alphaproteobacteria,28211,51412,51924,GBPCPCFC_00072,GBPCPCFC_00074,mRNA
GBPCPCFC_00074,gnl|Prokka|GBPCPCFC_1,123,94577,0.0416,627.2683,546.937,0.738,0.0,0.3252,-0.4982,525,-0.187,-0.4955,0.1095,0,0,0.1032,0.1163,0.2086,0.0014,0.3162,-0.4859,-0.6091,2.655957619985056,-0.4964856996507069,-1.7409238651409094,GBPCPCFC_00074-0,GBPCPCFC_00074-0,Amoebophilaceae bacterium,2053498,72.0,4.65e-77,244,Bacteria,2,,,Bacteria,2,0,Bacteria,2,51942,52466,GBPCPCFC_00073,GBPCPCFC_00075,mRNA
GBPCPCFC_00075,gnl|Prokka|GBPCPCFC_1,123,94577,0.0416,627.2683,546.937,0.738,0.0,0.3252,-0.4982,438,-0.3461,-0.6142,0.1325,0,0,0.0743,0.2516,0.1582,0.0141,0.3219,-0.2967,-0.558,2.6754465729160373,-0.9305164891520521,-1.6867665470315276,GBPCPCFC_00075-0,GBPCPCFC_00075-0,Parachlamydia sp. AcF125,2795736,69.7,9.94e-66,207,Bacteria,2,,,Bacteria,2,0,Bacteria,2,53120,53557,GBPCPCFC_00074,GBPCPCFC_00076,mRNA
GBPCPCFC_00076,gnl|Prokka|GBPCPCFC_1,123,94577,0.0416,627.2683,546.937,0.738,0.0,0.3252,-0.4982,174,-0.8287,-0.9746,0.1367,0,0,-0.1041,0.1766,-0.0076,0.9216,0.3046,-0.869,-0.7126,2.782262871937345,-2.6640877609015297,-1.6623536213011094,GBPCPCFC_00076-0,GBPCPCFC_00076-0,Candidatus Phycorickettsia trachydisci,2115978,71.7,2.23e-10,65.5,Pseudomonadota,1224,,,Pseudomonadota,1224,0,Pseudomonadota,1224,53581,53754,GBPCPCFC_00075,GBPCPCFC_00077,mRNA
GBPCPCFC_00077,gnl|Prokka|GBPCPCFC_1,123,94577,0.0416,627.2683,546.937,0.738,0.0,0.3252,-0.4982,255,-0.6806,-0.864,0.1511,0,0,-0.0081,0.9055,0.0241,0.723,0.3216,-0.3082,-0.5611,2.712013389894519,-2.0278226184571184,-1.6477670839747929,GBPCPCFC_00077-0,GBPCPCFC_00077-0,Rickettsia endosymbiont of Bryobia graminum,2878922,96.4,1.23e-51,166,unclassified Rickettsia,114295,,,Rickettsia,780,0,Alphaproteobacteria,28211,54181,54435,GBPCPCFC_00076,GBPCPCFC_00078,mRNA
GBPCPCFC_00078,gnl|Prokka|GBPCPCFC_1,123,94577,0.0416,627.2683,546.937,0.738,0.0,0.3252,-0.4982,216,-0.7519,-0.9173,0.1557,0,0,-0.024,0.758,0.0773,0.321,0.3056,-0.8373,-0.704,2.760622577276692,-1.9740333769873668,-1.609118771260138,GBPCPCFC_00078-0,GBPCPCFC_00078-0,Rickettsia endosymbiont of Bryobia graminum,2878922,93.0,6.28e-37,128,Rickettsia endosymbiont of Bryobia graminum,2878922,,,Rickettsia endosymbiont of Bryobia graminum,2878922,0,Alphaproteobacteria,28211,54435,54650,GBPCPCFC_00077,GBPCPCFC_00079,mRNA
GBPCPCFC_00079,gnl|Prokka|GBPCPCFC_1,123,94577,0.0416,627.2683,546.937,0.738,0.0,0.3252,-0.4982,123,-0.922,-1.0442,0.1652,0,0,-0.0956,0.2176,0.0032,0.9676,0.3984,2.2296,0.1244,2.7984504654663436,-2.6754573317190498,-1.586045875529641,GBPCPCFC_00079-0,GBPCPCFC_00079-0,Holosporaceae bacterium 'Namur',2759495,70.3,9.96e-04,43.9,Holosporaceae bacterium 'Namur',2759495,,,Holosporaceae bacterium 'Namur',2759495,0,Alphaproteobacteria,28211,54979,55101,GBPCPCFC_00078,GBPCPCFC_00080,mRNA
GBPCPCFC_00080,gnl|Prokka|GBPCPCFC_1,123,94577,0.0416,627.2683,546.937,0.738,0.0,0.3252,-0.4982,375,-0.4612,-0.7002,0.1746,0,0,0.0219,0.7436,0.0987,0.1391,0.2987,-1.065,-0.7655,2.706661767661707,-1.4556082180344592,-1.591492010130371,GBPCPCFC_00080-0,GBPCPCFC_00080-0,Holospora obtusa,49893,60.0,2.68e-42,146,Holospora,44747,,,Holospora,44747,0,Alphaproteobacteria,28211,55173,55547,GBPCPCFC_00079,GBPCPCFC_00081,mRNA
GBPCPCFC_00081,gnl|Prokka|GBPCPCFC_1,123,94577,0.0416,627.2683,546.937,0.738,0.0,0.3252,-0.4982,759,0.2409,-0.1761,0.206,0,0,0.0908,0.1475,0.1478,0.018,0.3109,-0.6596,-0.656,2.603445605349451,-0.3850922697646059,-1.5753718040770304,GBPCPCFC_00081-0,GBPCPCFC_00081-0,Rickettsia endosymbiont of Cimex lectularius,2698648,47.6,6.58e-63,208,Bacteria,2,,,Bacteria,2,0,Bacteria,2,56273,57031,GBPCPCFC_00080,GBPCPCFC_00082,mRNA
GBPCPCFC_00082,gnl|Prokka|GBPCPCFC_1,123,94577,0.0416,627.2683,546.937,0.738,0.0,0.3252,-0.4982,1095,0.8552,0.2825,0.2348,0,0,0.1087,0.0825,0.1177,0.06,0.3699,1.2876,-0.1301,2.507742136041144,0.12461522231702724,-1.5767299306731344,GBPCPCFC_00082-0,GBPCPCFC_00082-0,Rickettsia bellii,33990,93.1,1.18e-250,692,cellular organisms,131567,Arthropoda,6656,Arthropoda,6656,1,Eumetazoa,6072,57299,58393,GBPCPCFC_00081,GBPCPCFC_00083,mRNA
GBPCPCFC_00083,gnl|Prokka|GBPCPCFC_1,123,94577,0.0416,627.2683,546.937,0.738,0.0,0.3252,-0.4982,1293,1.2172,0.5527,0.2664,0,0,0.181,0.0037,0.3456,0.0,0.355,0.7961,-0.2628,2.5340541651629924,1.5236580317926773,-1.4670972897702435,GBPCPCFC_00083-0,GBPCPCFC_00083-0,Legionella,445,56.7,1.31e-172,500,cellular organisms,131567,cellular organisms,131567,cellular organisms,131567,1,cellular organisms,131567,58594,59886,GBPCPCFC_00082,GBPCPCFC_00084,mRNA
GBPCPCFC_00084,gnl|Prokka|GBPCPCFC_1,123,94577,0.0416,627.2683,546.937,0.738,0.0,0.3252,-0.4982,147,-0.8781,-1.0114,0.273,0,0,0.0375,0.6337,-0.0293,0.7092,0.2857,-1.493,-0.8811,2.699395462101851,-2.2032052437863787,-1.3761674775510915,GBPCPCFC_00084-0,GBPCPCFC_00084-0,Rickettsia bellii,33990,66.7,2.46e-10,63.5,Bacteria,2,,,Bacteria,2,0,Bacteria,2,60051,60197,GBPCPCFC_00083,GBPCPCFC_00085,mRNA
GBPCPCFC_00085,gnl|Prokka|GBPCPCFC_1,123,94577,0.0416,627.2683,546.937,0.738,0.0,0.3252,-0.4982,363,-0.4832,-0.7166,0.2843,0,0,-0.0504,0.4874,0.0202,0.7806,0.2507,-2.6503,-1.1937,2.746122180516808,-2.050305248272381,-1.3516564609642825,GBPCPCFC_00085-0,GBPCPCFC_00085-0,Rickettsia endosymbiont of Oedothorax gibbosus,931099,67.3,1.55e-13,73.6,unclassified Rickettsia,114295,,,Rickettsia,780,0,Alphaproteobacteria,28211,60372,60734,GBPCPCFC_00084,GBPCPCFC_00086,mRNA
GBPCPCFC_00086,gnl|Prokka|GBPCPCFC_1,123,94577,0.0416,627.2683,546.937,0.738,0.0,0.3252,-0.4982,186,-0.8068,-0.9582,0.288,0,0,0.2192,0.007,0.1272,0.1209,0.2957,-1.163,-0.792,2.6381940290694206,-0.8514543988227236,-1.3239848686626188,GBPCPCFC_00086-0,GBPCPCFC_00086-0,Rickettsia endosymbiont of Culicoides newsteadi,1961830,53.8,1.23e-05,50.8,unclassified Rickettsia,114295,,,Rickettsia,780,0,Alphaproteobacteria,28211,60721,60906,GBPCPCFC_00085,GBPCPCFC_00087,mRNA
GBPCPCFC_00087,gnl|Prokka|GBPCPCFC_1,123,94577,0.0416,627.2683,546.937,0.738,0.0,0.3252,-0.4982,1743,2.04,1.167,0.3296,0,0,0.2522,0.0,0.2795,0.0,0.3167,-0.4693,-0.6046,2.362387809961419,2.3124587972443753,-1.429663519661582,GBPCPCFC_00087-0,GBPCPCFC_00087-0,Rickettsia endosymbiont of Bryobia graminum,2878922,74.6,0.0,912,Rickettsia endosymbiont of Bryobia graminum,2878922,,,Rickettsia endosymbiont of Bryobia graminum,2878922,0,Alphaproteobacteria,28211,61133,62875,GBPCPCFC_00086,GBPCPCFC_00088,mRNA
GBPCPCFC_00088,gnl|Prokka|GBPCPCFC_1,123,94577,0.0416,627.2683,546.937,0.738,0.0,0.3252,-0.4982,1233,1.1075,0.4709,0.3576,0,0,0.2802,0.0,0.2921,0.0,0.3228,-0.2679,-0.5502,2.4643885220874138,1.6490822880533558,-1.2835457697805026,GBPCPCFC_00088-0,GBPCPCFC_00088-0,Rickettsia endosymbiont of Bryobia graminum,2878922,71.9,1.17e-218,615,Rickettsia endosymbiont of Bryobia graminum,2878922,,,Rickettsia endosymbiont of Bryobia graminum,2878922,0,Alphaproteobacteria,28211,62966,64198,GBPCPCFC_00087,GBPCPCFC_00089,mRNA
GBPCPCFC_00089,gnl|Prokka|GBPCPCFC_1,123,94577,0.0416,627.2683,546.937,0.738,0.0,0.3252,-0.4982,780,0.2792,-0.1474,0.3867,0,0,-0.0496,0.4367,0.0902,0.1567,0.2821,-1.614,-0.9138,2.712363088958488,-1.1415841305854648,-1.1574679069731533,GBPCPCFC_00089-0,GBPCPCFC_00089-0,Desulfurobacterium thermolithotrophum,64160,25.2,1.38e-08,66.2,Bacteria,2,,,Bacteria,2,0,Bacteria,2,64797,65576,GBPCPCFC_00088,GBPCPCFC_00090,mRNA
GBPCPCFC_00090,gnl|Prokka|GBPCPCFC_1,123,94577,0.0416,627.2683,546.937,0.738,0.0,0.3252,-0.4982,1815,2.1716,1.2652,0.4249,0,0,-0.0097,0.8792,0.031,0.6264,0.3163,-0.4839,-0.6085,2.4354874587035242,0.4848462595531341,-1.2638015248920507,GBPCPCFC_00090-0,GBPCPCFC_00090-0,Candidatus Paracaedimonas acanthamoebae,244581,38.3,1.20e-133,414,Bacteria,2,,,Bacteria,2,0,Bacteria,2,65569,67383,GBPCPCFC_00089,GBPCPCFC_00091,mRNA
GBPCPCFC_00091,gnl|Prokka|GBPCPCFC_1,123,94577,0.0416,627.2683,546.937,0.738,0.0,0.3252,-0.4982,1707,1.9741,1.1178,0.4609,0,0,0.0207,0.742,0.1558,0.0126,0.3409,0.3322,-0.3881,2.5076743836252726,0.8631425027791984,-1.1241911535091782,GBPCPCFC_00091-0,GBPCPCFC_00091-0,unclassified Desulfotomaculum,2632609,46.7,1.88e-42,176,Bacteria,2,,,Bacteria,2,0,Bacteria,2,67376,69082,GBPCPCFC_00090,GBPCPCFC_00092,mRNA
GBPCPCFC_00092,gnl|Prokka|GBPCPCFC_1,123,94577,0.0416,627.2683,546.937,0.738,0.0,0.3252,-0.4982,1341,1.305,0.6183,0.4911,0,0,0.2586,0.0,0.3989,0.0,0.3139,-0.5601,-0.6291,2.5398170457503353,2.092306175651676,-0.95089578645871,GBPCPCFC_00092-0,GBPCPCFC_00092-0,Planctomycetota bacterium,2026780,38.8,1.10e-104,335,Bacteria,2,,,Bacteria,2,0,Bacteria,2,69170,70510,GBPCPCFC_00091,GBPCPCFC_00093,mRNA
GBPCPCFC_00093,gnl|Prokka|GBPCPCFC_1,123,94577,0.0416,627.2683,546.937,0.738,0.0,0.3252,-0.4982,177,-0.8233,-0.9705,0.499,0,0,0.0712,0.3752,0.1478,0.0647,0.3277,-0.1062,-0.5065,2.8057326912800007,-1.4208334545985275,-0.8021295452573632,GBPCPCFC_00093-0,GBPCPCFC_00093-0,Alphaproteobacteria bacterium,1913988,51.1,4.39e-08,58.9,Alphaproteobacteria bacterium,1913988,,,Alphaproteobacteria bacterium,1913988,0,Alphaproteobacteria,28211,70712,70888,GBPCPCFC_00092,GBPCPCFC_00094,mRNA
GBPCPCFC_00094,gnl|Prokka|GBPCPCFC_1,123,94577,0.0416,627.2683,546.937,0.738,0.0,0.3252,-0.4982,2838,4.042,2.6615,0.5617,0,0,0.1356,0.0301,0.2834,0.0,0.3397,0.2901,-0.3995,2.262652027431662,3.5924098312459507,-1.0480549590349741,GBPCPCFC_00094-0,GBPCPCFC_00094-0,Rickettsiaceae bacterium,2023360,57.8,0.0,1120,Rickettsiaceae bacterium,2023360,,,Rickettsiaceae bacterium,2023360,0,Alphaproteobacteria,28211,71016,73853,GBPCPCFC_00093,GBPCPCFC_00095,mRNA
GBPCPCFC_00095,gnl|Prokka|GBPCPCFC_1,123,94577,0.0416,627.2683,546.937,0.738,0.0,0.3252,-0.4982,1191,1.0307,0.4135,0.5872,0,0,0.2762,0.0,0.3074,0.0,0.3073,-0.7795,-0.6884,2.532380795430635,1.6037520206004994,-0.7407089499727634,GBPCPCFC_00095-0,GBPCPCFC_00095-0,Caedibacter sp. 37-49,1895735,40.5,5.22e-90,288,Caedibacter sp. 37-49,1895735,,,Caedibacter sp. 37-49,1895735,0,Gammaproteobacteria,1236,73866,75056,GBPCPCFC_00094,GBPCPCFC_00096,mRNA
GBPCPCFC_00096,gnl|Prokka|GBPCPCFC_1,123,94577,0.0416,627.2683,546.937,0.738,0.0,0.3252,-0.4982,1845,2.2265,1.3062,0.6263,0,0,0.1376,0.0277,0.2791,0.0,0.3431,0.4029,-0.369,2.48797516042154,1.9829975484556999,-0.7412255424673083,GBPCPCFC_00096-0,GBPCPCFC_00096-0,Caedibacter sp. 37-49,1895735,43.4,2.60e-168,504,cellular organisms,131567,cellular organisms,131567,cellular organisms,131567,1,cellular organisms,131567,75062,76906,GBPCPCFC_00095,GBPCPCFC_00097,mRNA
GBPCPCFC_00097,gnl|Prokka|GBPCPCFC_1,123,94577,0.0416,627.2683,546.937,0.738,0.0,0.3252,-0.4982,216,-0.7519,-0.9173,0.6336,0,0,-0.0521,0.422,0.0063,0.9232,0.4352,3.446,0.453,2.8452061197691396,-2.361993821445576,-0.5265716650466953,GBPCPCFC_00097-0,GBPCPCFC_00097-0,,,,,,,,,,,,0,Unassigned,,77035,77250,GBPCPCFC_00096,GBPCPCFC_00098,mRNA
GBPCPCFC_00098,gnl|Prokka|GBPCPCFC_1,123,94577,0.0416,627.2683,546.937,0.738,0.0,0.3252,-0.4982,1308,1.2446,0.5732,0.665,0,0,0.2297,0.0003,0.2553,0.0,0.3012,-0.9805,-0.7427,2.5313709762023624,1.416280646216186,-0.5903756552274168,GBPCPCFC_00098-0,GBPCPCFC_00098-0,Rickettsia endosymbiont of Bryobia graminum,2878922,75.6,7.34e-237,664,Rickettsia endosymbiont of Bryobia graminum,2878922,,,Rickettsia endosymbiont of Bryobia graminum,2878922,0,Alphaproteobacteria,28211,77428,78735,GBPCPCFC_00097,GBPCPCFC_00099,mRNA
GBPCPCFC_00099,gnl|Prokka|GBPCPCFC_1,123,94577,0.0416,627.2683,546.937,0.738,0.0,0.3252,-0.4982,933,0.559,0.0614,0.6848,0,0,0.2008,0.0012,0.2894,0.0,0.3333,0.0805,-0.4561,2.656025392951994,0.8087005054106003,-0.4671645070087305,GBPCPCFC_00099-0,GBPCPCFC_00099-0,Rickettsia endosymbiont of Bryobia graminum,2878922,72.7,8.86e-164,468,Rickettsia endosymbiont of Bryobia graminum,2878922,,,Rickettsia endosymbiont of Bryobia graminum,2878922,0,Alphaproteobacteria,28211,78739,79671,GBPCPCFC_00098,GBPCPCFC_00100,mRNA
GBPCPCFC_00100,gnl|Prokka|GBPCPCFC_1,123,94577,0.0416,627.2683,546.937,0.738,0.0,0.3252,-0.4982,591,-0.0663,-0.4054,0.697,0,0,0.1547,0.0174,0.2172,0.0008,0.3181,-0.4227,-0.592,2.730295287140552,-0.18128572855041744,-0.401710254307774,GBPCPCFC_00100-0,GBPCPCFC_00100-0,Rickettsia endosymbiont of Bryobia graminum,2878922,73.5,3.93e-78,242,Rickettsia endosymbiont of Bryobia graminum,2878922,,,Rickettsia endosymbiont of Bryobia graminum,2878922,0,Alphaproteobacteria,28211,79658,80248,GBPCPCFC_00099,GBPCPCFC_00101,mRNA
GBPCPCFC_00101,gnl|Prokka|GBPCPCFC_1,123,94577,0.0416,627.2683,546.937,0.738,0.0,0.3252,-0.4982,1131,0.921,0.3316,0.7209,0,0,0.0932,0.1368,0.1236,0.0482,0.3165,-0.4746,-0.606,2.616220921000524,0.11029978647603601,-0.45582934078784815,GBPCPCFC_00101-0,GBPCPCFC_00101-0,Rickettsia endosymbiont of Bryobia graminum,2878922,78.4,2.74e-212,597,Rickettsia endosymbiont of Bryobia graminum,2878922,,,Rickettsia endosymbiont of Bryobia graminum,2878922,0,Alphaproteobacteria,28211,80251,81381,GBPCPCFC_00100,GBPCPCFC_00102,mRNA
GBPCPCFC_00102,gnl|Prokka|GBPCPCFC_1,123,94577,0.0416,627.2683,546.937,0.738,0.0,0.3252,-0.4982,1101,0.8662,0.2907,0.7454,0,0,0.176,0.0047,0.2086,0.0008,0.3115,-0.6398,-0.6507,2.609385018205822,0.6956203934996478,-0.37876852040206915,GBPCPCFC_00102-0,GBPCPCFC_00102-0,Rickettsia endosymbiont of Bryobia graminum,2878922,65.7,1.26e-172,495,Rickettsia endosymbiont of Bryobia graminum,2878922,,,Rickettsia endosymbiont of Bryobia graminum,2878922,0,Alphaproteobacteria,28211,81439,82539,GBPCPCFC_00101,GBPCPCFC_00103,mRNA
GBPCPCFC_00103,gnl|Prokka|GBPCPCFC_1,123,94577,0.0416,627.2683,546.937,0.738,0.0,0.3252,-0.4982,375,-0.4612,-0.7002,0.7548,0,0,-0.0415,0.5224,-0.0356,0.5831,0.3387,0.2567,-0.4085,2.8066265484004687,-2.213046696387422,-0.28921382360125636,GBPCPCFC_00103-0,GBPCPCFC_00103-0,Rickettsia endosymbiont of Ixodes scapularis,444612,95.0,3.40e-71,226,spotted fever group,114277,,,spotted fever group,114277,0,Alphaproteobacteria,28211,82607,82981,GBPCPCFC_00102,GBPCPCFC_00104,mRNA
GBPCPCFC_00104,gnl|Prokka|GBPCPCFC_1,123,94577,0.0416,627.2683,546.937,0.738,0.0,0.3252,-0.4982,468,-0.2912,-0.5733,0.7645,0,0,0.0196,0.7645,0.0736,0.2612,0.3098,-0.6961,-0.6659,2.7987210214387854,-1.4362936371738435,-0.2535269103013361,GBPCPCFC_00104-0,GBPCPCFC_00104-0,Rickettsia tamurae subsp. buchneri,1462938,91.5,3.51e-97,288,Rickettsia,780,,,Rickettsia,780,0,Alphaproteobacteria,28211,82975,83442,GBPCPCFC_00103,GBPCPCFC_00105,mRNA
GBPCPCFC_00105,gnl|Prokka|GBPCPCFC_1,123,94577,0.0416,627.2683,546.937,0.738,0.0,0.3252,-0.4982,216,-0.7519,-0.9173,0.7722,0,0,0.0356,0.6332,0.1444,0.0519,0.3333,0.0805,-0.4561,2.8792986428534073,-1.5327150191507197,-0.17288704311054712,GBPCPCFC_00105-0,GBPCPCFC_00105-0,Rickettsia hoogstraalii str. RCCE3,1359197,98.3,1.55e-31,122,Bacteria,2,,,Bacteria,2,0,Bacteria,2,83588,83803,GBPCPCFC_00104,GBPCPCFC_00106,mRNA
GBPCPCFC_00106,gnl|Prokka|GBPCPCFC_1,123,94577,0.0416,627.2683,546.937,0.738,0.0,0.3252,-0.4982,465,-0.2967,-0.5774,0.7903,0,0,0.112,0.0784,0.2007,0.0015,0.3161,-0.488,-0.6096,2.800703477348681,-0.6234260693384203,-0.164458363948033,GBPCPCFC_00106-0,GBPCPCFC_00106-0,Parachlamydia sp. AcF125,2795736,70.4,1.22e-66,209,Bacteria,2,,,Bacteria,2,0,Bacteria,2,84197,84661,GBPCPCFC_00105,GBPCPCFC_00107,mRNA
GBPCPCFC_00107,gnl|Prokka|GBPCPCFC_1,123,94577,0.0416,627.2683,546.937,0.738,0.0,0.3252,-0.4982,159,-0.8562,-0.9951,0.7943,0,0,-0.0027,0.972,0.0248,0.7457,0.3711,1.3274,-0.1193,2.863666734524518,-2.1951116561125863,-0.14862322025907332,GBPCPCFC_00107-0,GBPCPCFC_00107-0,Rickettsia endosymbiont of Oedothorax gibbosus,931099,86.3,1.29e-20,93.6,Pseudomonadota,1224,,,Pseudomonadota,1224,0,Pseudomonadota,1224,84693,84851,GBPCPCFC_00106,GBPCPCFC_00108,mRNA
GBPCPCFC_00108,gnl|Prokka|GBPCPCFC_1,123,94577,0.0416,627.2683,546.937,0.738,0.0,0.3252,-0.4982,957,0.6029,0.0941,0.8239,0,0,0.1575,0.0116,0.2073,0.0008,0.3156,-0.5065,-0.6146,2.6702469929449806,0.3780532627086274,-0.17165935424352471,GBPCPCFC_00108-0,GBPCPCFC_00108-0,Rickettsiales bacterium,2026788,75.7,6.78e-170,484,cellular organisms,131567,Protostomia,33317,Protostomia,33317,1,Eumetazoa,6072,85295,86251,GBPCPCFC_00107,GBPCPCFC_00109,mRNA
GBPCPCFC_00109,gnl|Prokka|GBPCPCFC_1,123,94577,0.0416,627.2683,546.937,0.738,0.0,0.3252,-0.4982,201,-0.7794,-0.9377,0.829,0,0,0.0331,0.6753,0.0838,0.2873,0.2836,-1.5634,-0.9001,2.8652607493498476,-1.778933156172739,-0.060512780424203425,GBPCPCFC_00109-0,GBPCPCFC_00109-0,Rickettsia endosymbiont of Oedothorax gibbosus,931099,88.7,1.19e-19,91.7,Pseudomonadota,1224,,,Pseudomonadota,1224,0,Pseudomonadota,1224,86289,86489,GBPCPCFC_00108,GBPCPCFC_00110,mRNA
GBPCPCFC_00110,gnl|Prokka|GBPCPCFC_1,123,94577,0.0416,627.2683,546.937,0.738,0.0,0.3252,-0.4982,399,-0.4174,-0.6675,0.8472,0,0,0.0356,0.5761,0.0737,0.2469,0.3083,-0.7476,-0.6798,2.8190225897747436,-1.4851969785567205,-0.0544170199654141,GBPCPCFC_00110-0,GBPCPCFC_00110-0,Rickettsia endosymbiont of Culicoides newsteadi,1961830,59.1,3.11e-49,164,Bacteria,2,,,Bacteria,2,0,Bacteria,2,86955,87353,GBPCPCFC_00109,GBPCPCFC_00111,mRNA
GBPCPCFC_00111,gnl|Prokka|GBPCPCFC_1,123,94577,0.0416,627.2683,546.937,0.738,0.0,0.3252,-0.4982,945,0.5809,0.0778,0.8679,0,0,0.1164,0.0667,0.2397,0.0001,0.3407,0.3253,-0.39,2.72946079503231,0.2970962730220113,-0.049382221328202816,GBPCPCFC_00111-0,GBPCPCFC_00111-0,Rickettsia endosymbiont of Culicoides impunctatus,2867440,92.5,9.30e-164,468,Bacteria,2,,,Bacteria,2,0,Bacteria,2,87387,88331,GBPCPCFC_00110,GBPCPCFC_00112,mRNA
GBPCPCFC_00112,gnl|Prokka|GBPCPCFC_1,123,94577,0.0416,627.2683,546.937,0.738,0.0,0.3252,-0.4982,117,-0.933,-1.0524,0.8717,0,0,0.0447,0.6123,0.0429,0.6263,0.265,-2.1788,-1.0664,2.8627559500032365,-2.0090122454309816,0.03489818605081339,GBPCPCFC_00112-0,GBPCPCFC_00112-0,Rickettsia massiliae,35791,97.4,1.52e-13,73.2,cellular organisms,131567,Arthropoda,6656,Arthropoda,6656,1,Eumetazoa,6072,88395,88511,GBPCPCFC_00111,GBPCPCFC_00113,mRNA
GBPCPCFC_00113,gnl|Prokka|GBPCPCFC_1,123,94577,0.0416,627.2683,546.937,0.738,0.0,0.3252,-0.4982,1293,1.2172,0.5527,0.902,0,0,0.1883,0.0025,0.3504,0.0,0.3527,0.7194,-0.2835,2.6639625680362564,1.533346587244401,0.00020427111547697963,GBPCPCFC_00113-0,GBPCPCFC_00113-0,Legionella,445,56.7,6.50e-173,501,cellular organisms,131567,cellular organisms,131567,cellular organisms,131567,1,cellular organisms,131567,88649,89941,GBPCPCFC_00112,GBPCPCFC_00114,mRNA
GBPCPCFC_00114,gnl|Prokka|GBPCPCFC_1,123,94577,0.0416,627.2683,546.937,0.738,0.0,0.3252,-0.4982,606,-0.0389,-0.3849,0.9152,0,0,0.0414,0.5096,0.206,0.0009,0.3845,1.7708,0.0005,2.85182555991782,-0.6778229449937735,0.1154434592451675,GBPCPCFC_00114-0,GBPCPCFC_00114-0,Rickettsia endosymbiont of Bembidion nr. Transversale,2878919,93.4,1.28e-118,351,cellular organisms,131567,Neoptera,33340,Neoptera,33340,1,Eumetazoa,6072,89962,90567,GBPCPCFC_00113,GBPCPCFC_00115,mRNA
GBPCPCFC_00115,gnl|Prokka|GBPCPCFC_1,123,94577,0.0416,627.2683,546.937,0.738,0.0,0.3252,-0.4982,609,-0.0334,-0.3808,0.9318,0,0,0.0312,0.6298,0.0888,0.1696,0.3333,0.0805,-0.4561,2.8021990063857016,-1.1186233967141443,0.11327421358422494,GBPCPCFC_00115-0,GBPCPCFC_00115-0,Alphaproteobacteria bacterium,1913988,81.8,4.50e-110,323,Bacteria,2,,,Bacteria,2,0,Bacteria,2,90742,91350,GBPCPCFC_00114,GBPCPCFC_00116,mRNA
GBPCPCFC_00116,gnl|Prokka|GBPCPCFC_1,123,94577,0.0416,627.2683,546.937,0.738,0.0,0.3252,-0.4982,216,-0.7519,-0.9173,0.9393,0,0,0.0922,0.2093,0.1679,0.0216,0.2963,-1.1433,-0.7867,2.883886266670138,-1.2272943988859906,0.21116593215386795,GBPCPCFC_00116-0,GBPCPCFC_00116-0,,,,,,,,,,,,0,Unassigned,,91493,91708,GBPCPCFC_00115,GBPCPCFC_00117,mRNA
GBPCPCFC_00117,gnl|Prokka|GBPCPCFC_1,123,94577,0.0416,627.2683,546.937,0.738,0.0,0.3252,-0.4982,270,-0.6532,-0.8435,0.9481,0,0,0.0807,0.2444,0.0602,0.3853,0.3444,0.4477,-0.3569,2.827416084780783,-1.5584243837854799,0.18643530798915817,GBPCPCFC_00117-0,GBPCPCFC_00117-0,Alphaproteobacteria bacterium,1913988,78.2,1.89e-38,136,Bacteria,2,,,Bacteria,2,0,Bacteria,2,91852,92121,GBPCPCFC_00116,GBPCPCFC_00118,mRNA
GBPCPCFC_00118,gnl|Prokka|GBPCPCFC_1,123,94577,0.0416,627.2683,546.937,0.738,0.0,0.3252,-0.4982,291,-0.6148,-0.8149,0.9561,0,0,0.1219,0.0666,0.0767,0.2496,0.299,-1.055,-0.7628,2.8021136423745086,-1.2976153062550702,0.2001299817259392,GBPCPCFC_00118-0,GBPCPCFC_00118-0,Rickettsia endosymbiont of Culicoides newsteadi,1961830,73.2,3.77e-08,57.8,Rickettsia endosymbiont of Culicoides newsteadi,1961830,,,Rickettsia endosymbiont of Culicoides newsteadi,1961830,0,Alphaproteobacteria,28211,92210,92500,GBPCPCFC_00117,GBPCPCFC_00119,mRNA
GBPCPCFC_00119,gnl|Prokka|GBPCPCFC_1,123,94577,0.0416,627.2683,546.937,0.738,0.0,0.3252,-0.4982,189,-0.8013,-0.9541,0.96,0,0,0.1846,0.0087,0.2042,0.0036,0.4021,2.3533,0.1578,2.8434904025599255,-0.764963084207381,0.2600026138053597,GBPCPCFC_00119-0,GBPCPCFC_00119-0,Rickettsia endosymbiont of Oedothorax gibbosus,931099,94.2,1.54e-25,99.8,Rickettsiaceae,775,,,Rickettsiaceae,775,0,Alphaproteobacteria,28211,92497,92685,GBPCPCFC_00118,GBPCPCFC_00120,mRNA
GBPCPCFC_00120,gnl|Prokka|GBPCPCFC_1,123,94577,0.0416,627.2683,546.937,0.738,0.0,0.3252,-0.4982,165,-0.8452,-0.9869,0.9687,0,0,-0.0487,0.5311,0.0959,0.2163,0.3394,0.2808,-0.402,2.9697802425193243,-2.1424117031783996,0.28641412790861975,GBPCPCFC_00120-0,GBPCPCFC_00120-0,,,,,,,,,,,,0,Unassigned,,92935,93099,GBPCPCFC_00119,GBPCPCFC_00121,mRNA
GBPCPCFC_00121,gnl|Prokka|GBPCPCFC_1,123,94577,0.0416,627.2683,546.937,0.738,0.0,0.3252,-0.4982,204,-0.7739,-0.9336,0.976,0,0,0.0089,0.9028,0.0367,0.6128,0.3284,-0.0815,-0.4998,2.8892983558754555,-2.0441975363633538,0.26566423603781636,GBPCPCFC_00121-0,GBPCPCFC_00121-0,Rickettsia endosymbiont of Culicoides newsteadi,1961830,60.9,4.77e-10,64.3,Rickettsia endosymbiont of Culicoides newsteadi,1961830,,,Rickettsia endosymbiont of Culicoides newsteadi,1961830,0,Alphaproteobacteria,28211,93239,93442,GBPCPCFC_00120,GBPCPCFC_00122,mRNA
GBPCPCFC_00122,gnl|Prokka|GBPCPCFC_1,123,94577,0.0416,627.2683,546.937,0.738,0.0,0.3252,-0.4982,201,-0.7794,-0.9377,0.9838,0,0,0.1555,0.0335,0.1856,0.011,0.3134,-0.5771,-0.6337,2.8581280220298138,-0.9314301141253302,0.3114931098287404,GBPCPCFC_00122-0,GBPCPCFC_00122-0,Rickettsia endosymbiont of Culicoides newsteadi,1961830,50.0,7.11e-06,53.1,Rickettsia endosymbiont of Culicoides newsteadi,1961830,,,Rickettsia endosymbiont of Culicoides newsteadi,1961830,0,Alphaproteobacteria,28211,93612,93812,GBPCPCFC_00121,GBPCPCFC_00123,mRNA
GBPCPCFC_00123,gnl|Prokka|GBPCPCFC_1,123,94577,0.0416,627.2683,546.937,0.738,0.0,0.3252,-0.4982,171,-0.8342,-0.9787,0.9871,1,0,-0.015,0.8278,0.0937,0.174,0.3801,1.6264,-0.0385,3.9432683945353397,-1.7028084491190307,4.76528108770344,GBPCPCFC_00123-0,GBPCPCFC_00123-0,,,,,,,,,,,,0,Unassigned,,93796,93966,GBPCPCFC_00122,,mRNA
GBPCPCFC_00158,gnl|Prokka|GBPCPCFC_6,381,414170,0.1821,915.5354,761.5115,0.8674,0.0,0.3369,-0.3876,192,-0.9501,-0.95,0.9971,1,0,0.1172,0.1028,0.0444,0.5378,0.2917,-1.4192,-0.828,1.3666946284067647,-1.4577351592529524,5.505510568351315,GBPCPCFC_00158-0,GBPCPCFC_00158-0,,,,,,,,,,,,0,Unassigned,,600,791,,GBPCPCFC_00159,mRNA
GBPCPCFC_00159,gnl|Prokka|GBPCPCFC_6,381,414170,0.1821,915.5354,761.5115,0.8674,0.0,0.3369,-0.3876,144,-1.0132,-1.0155,0.9955,0,0,0.1504,0.0363,0.0529,0.4634,0.3194,-0.6582,-0.5801,0.3579317753605738,-1.6542550506784441,1.0607693856180571,GBPCPCFC_00159-0,GBPCPCFC_00159-0,,,,,,,,,,,,0,Unassigned,,933,1076,GBPCPCFC_00158,GBPCPCFC_00160,mRNA
GBPCPCFC_00160,gnl|Prokka|GBPCPCFC_6,381,414170,0.1821,915.5354,761.5115,0.8674,0.0,0.3369,-0.3876,177,-0.9698,-0.9705,0.9892,0,0,0.0237,0.7761,0.0922,0.267,0.2655,-2.1351,-1.0612,0.46522398458451786,-1.9995985259561835,1.0785433354907983,GBPCPCFC_00160-0,GBPCPCFC_00160-0,Rickettsia massiliae,35791,93.8,1.29e-08,60.5,cellular organisms,131567,Arthropoda,6656,Arthropoda,6656,1,Eumetazoa,6072,2243,2419,GBPCPCFC_00159,GBPCPCFC_00161,mRNA
GBPCPCFC_00161,gnl|Prokka|GBPCPCFC_6,381,414170,0.1821,915.5354,761.5115,0.8674,0.0,0.3369,-0.3876,171,-0.9777,-0.9787,0.9885,0,0,0.0009,0.9903,0.0261,0.7317,0.3099,-0.9186,-0.6649,0.44942253226407514,-2.3287170432433824,1.0580624509000394,GBPCPCFC_00161-0,GBPCPCFC_00161-0,Rickettsia bellii str. RML Mogi,1359194,91.3,6.98e-23,97.4,cellular organisms,131567,Arthropoda,6656,Arthropoda,6656,1,Eumetazoa,6072,2382,2552,GBPCPCFC_00160,GBPCPCFC_00162,mRNA
GBPCPCFC_00162,gnl|Prokka|GBPCPCFC_6,381,414170,0.1821,915.5354,761.5115,0.8674,0.0,0.3369,-0.3876,207,-0.9304,-0.9295,0.9877,0,0,-0.0068,0.9196,0.0649,0.3325,0.4106,1.8399,0.2338,0.46784951937102726,-2.178904116317401,1.0669924521039986,GBPCPCFC_00162-0,GBPCPCFC_00162-0,Rickettsia endosymbiont of Bembidion nr. Transversale,2878919,88.4,2.44e-17,85.1,cellular organisms,131567,Neoptera,33340,Neoptera,33340,1,Eumetazoa,6072,2549,2755,GBPCPCFC_00161,GBPCPCFC_00163,mRNA
GBPCPCFC_00163,gnl|Prokka|GBPCPCFC_6,381,414170,0.1821,915.5354,761.5115,0.8674,0.0,0.3369,-0.3876,108,-1.0604,-1.0647,0.9852,0,0,0.176,0.0198,0.131,0.084,0.4259,2.259,0.3703,0.38375895157693873,-1.3285437179567496,1.0648503065504158,GBPCPCFC_00163-0,GBPCPCFC_00163-0,Rickettsia bellii,33990,91.2,1.25e-12,70.5,cellular organisms,131567,Endopterygota,33392,Endopterygota,33392,1,Eumetazoa,6072,3060,3167,GBPCPCFC_00162,GBPCPCFC_00164,mRNA
GBPCPCFC_00164,gnl|Prokka|GBPCPCFC_6,381,414170,0.1821,915.5354,761.5115,0.8674,0.0,0.3369,-0.3876,198,-0.9423,-0.9418,0.9845,0,0,-0.213,0.0063,-0.2071,0.008,0.3485,0.1374,-0.3209,0.4839922533459977,-3.9791325720988198,1.0000656886696762,GBPCPCFC_00164-0,GBPCPCFC_00164-0,Gilliamella intestini,1798183,67.3,2.15e-10,61.2,cellular organisms,131567,Sciaridae,7184,Sciaridae,7184,1,Eumetazoa,6072,3206,3403,GBPCPCFC_00163,GBPCPCFC_00165,mRNA
GBPCPCFC_00165,gnl|Prokka|GBPCPCFC_6,381,414170,0.1821,915.5354,761.5115,0.8674,0.0,0.3369,-0.3876,441,-0.6231,-0.6101,0.978,0,0,0.1295,0.052,0.1601,0.016,0.356,0.3435,-0.2537,0.36649286879913645,-0.970896603214702,1.0256846708944392,GBPCPCFC_00165-0,GBPCPCFC_00165-0,Rickettsia tamurae,334545,82.6,6.27e-75,254,spotted fever group,114277,,,spotted fever group,114277,0,Alphaproteobacteria,28211,4559,4999,GBPCPCFC_00164,GBPCPCFC_00166,mRNA
GBPCPCFC_00166,gnl|Prokka|GBPCPCFC_6,381,414170,0.1821,915.5354,761.5115,0.8674,0.0,0.3369,-0.3876,402,-0.6744,-0.6634,0.9749,0,0,0.1264,0.0434,0.1149,0.0664,0.3856,1.1534,0.0101,0.3526597870610505,-1.1913668203286483,1.0077614885752746,GBPCPCFC_00166-0,GBPCPCFC_00166-0,Rickettsia tamurae,334545,45.9,1.52e-18,92.4,spotted fever group,114277,,,spotted fever group,114277,0,Alphaproteobacteria,28211,5202,5603,GBPCPCFC_00165,GBPCPCFC_00167,mRNA
GBPCPCFC_00167,gnl|Prokka|GBPCPCFC_6,381,414170,0.1821,915.5354,761.5115,0.8674,0.0,0.3369,-0.3876,1359,0.5823,0.6428,0.9728,0,0,0.1959,0.0016,0.2187,0.0004,0.379,0.9722,-0.0489,0.16516236302532775,0.7450752025166074,0.9096728665598088,GBPCPCFC_00167-0,GBPCPCFC_00167-0,Ixodes scapularis,6945,91.7,9.31e-294,810,cellular organisms,131567,Arthropoda,6656,Arthropoda,6656,1,Eumetazoa,6072,5636,6994,GBPCPCFC_00166,GBPCPCFC_00168,mRNA
GBPCPCFC_00168,gnl|Prokka|GBPCPCFC_6,381,414170,0.1821,915.5354,761.5115,0.8674,0.0,0.3369,-0.3876,465,-0.5916,-0.5774,0.9659,0,0,0.1197,0.0599,0.1662,0.0087,0.3161,-0.7491,-0.6096,0.36971893934242855,-0.9575280659105521,0.9987139214280932,GBPCPCFC_00168-0,GBPCPCFC_00168-0,Parachlamydia sp. AcF125,2795736,70.4,1.22e-66,209,Bacteria,2,,,Bacteria,2,0,Bacteria,2,7059,7523,GBPCPCFC_00167,GBPCPCFC_00169,mRNA
GBPCPCFC_00169,gnl|Prokka|GBPCPCFC_6,381,414170,0.1821,915.5354,761.5115,0.8674,0.0,0.3369,-0.3876,1095,0.2357,0.2825,0.9614,0,0,0.1185,0.0583,0.1538,0.0138,0.3699,0.7231,-0.1301,0.2393861691283977,-0.15382424756149274,0.9063636127117777,GBPCPCFC_00169-0,GBPCPCFC_00169-0,Rickettsia bellii,33990,92.9,1.18e-250,692,cellular organisms,131567,Arthropoda,6656,Arthropoda,6656,1,Eumetazoa,6072,7997,9091,GBPCPCFC_00168,GBPCPCFC_00170,mRNA
GBPCPCFC_00170,gnl|Prokka|GBPCPCFC_6,381,414170,0.1821,915.5354,761.5115,0.8674,0.0,0.3369,-0.3876,789,-0.1662,-0.1352,0.956,0,0,0.1667,0.0085,0.2254,0.0003,0.3219,-0.5902,-0.5579,0.29906820939492024,-0.12155407261721989,0.9487412506965167,GBPCPCFC_00170-0,GBPCPCFC_00170-0,Rickettsiales bacterium,2026788,76.3,1.67e-139,405,cellular organisms,131567,Protostomia,33317,Protostomia,33317,1,Eumetazoa,6072,9117,9905,GBPCPCFC_00169,GBPCPCFC_00171,mRNA
GBPCPCFC_00171,gnl|Prokka|GBPCPCFC_6,381,414170,0.1821,915.5354,761.5115,0.8674,0.0,0.3369,-0.3876,507,-0.5365,-0.5201,0.9512,0,0,0.0798,0.2385,0.1228,0.0692,0.3176,-0.71,-0.5969,0.36601388309970656,-1.2141063233598972,0.9511372654197158,GBPCPCFC_00171-0,GBPCPCFC_00171-0,,,,,,,,,,,,0,Unassigned,,10112,10618,GBPCPCFC_00170,GBPCPCFC_00172,mRNA
GBPCPCFC_00172,gnl|Prokka|GBPCPCFC_6,381,414170,0.1821,915.5354,761.5115,0.8674,0.0,0.3369,-0.3876,288,-0.8241,-0.819,0.9467,0,0,0.1768,0.0076,0.2094,0.0015,0.3646,0.5784,-0.1772,0.3798728375895077,-0.810376667222621,0.9815587955590164,GBPCPCFC_00172-0,GBPCPCFC_00172-0,Sphingobacteriaceae bacterium,2021370,48.6,1.26e-14,73.9,Bacteria,2,,,Bacteria,2,0,Bacteria,2,11048,11335,GBPCPCFC_00171,GBPCPCFC_00173,mRNA
GBPCPCFC_00173,gnl|Prokka|GBPCPCFC_6,381,414170,0.1821,915.5354,761.5115,0.8674,0.0,0.3369,-0.3876,1845,1.2206,1.3062,0.9453,0,0,0.1057,0.0914,0.1496,0.0166,0.3436,0.0044,-0.3642,0.0959528773636706,0.7922807005263155,0.7774668568515367,GBPCPCFC_00173-0,GBPCPCFC_00173-0,Rickettsia endosymbiont of Culicoides newsteadi,1961830,75.9,0.0,941,Rickettsia,780,,,Rickettsia,780,0,Alphaproteobacteria,28211,11323,13167,GBPCPCFC_00172,GBPCPCFC_00174,mRNA
GBPCPCFC_00174,gnl|Prokka|GBPCPCFC_6,381,414170,0.1821,915.5354,761.5115,0.8674,0.0,0.3369,-0.3876,954,0.0505,0.09,0.9357,0,0,0.1768,0.0046,0.2618,0.0,0.3732,0.8136,-0.1006,0.2734806843488488,0.2690600801536627,0.8927671072179862,GBPCPCFC_00174-0,GBPCPCFC_00174-0,spotted fever group,114277,64.7,2.09e-132,390,spotted fever group,114277,,,spotted fever group,114277,0,Alphaproteobacteria,28211,13310,14263,GBPCPCFC_00173,GBPCPCFC_00175,mRNA
GBPCPCFC_00175,gnl|Prokka|GBPCPCFC_6,381,414170,0.1821,915.5354,761.5115,0.8674,0.0,0.3369,-0.3876,147,-1.0092,-1.0114,0.9294,0,0,0.1414,0.071,0.1592,0.0417,0.3537,0.2814,-0.2739,0.4048036987495501,-1.319184361306434,0.9474192234036025,GBPCPCFC_00175-0,GBPCPCFC_00175-0,Rickettsia endosymbiont of Ixodes scapularis,444612,93.6,3.23e-24,100,Rickettsia,780,,,Rickettsia,780,0,Alphaproteobacteria,28211,14628,14774,GBPCPCFC_00174,GBPCPCFC_00176,mRNA
GBPCPCFC_00176,gnl|Prokka|GBPCPCFC_6,381,414170,0.1821,915.5354,761.5115,0.8674,0.0,0.3369,-0.3876,654,-0.3434,-0.3194,0.9286,0,0,0.1092,0.0811,0.1534,0.014,0.3287,-0.4034,-0.497,0.32606709718876314,-0.7878146373730721,0.8866341572919255,GBPCPCFC_00176-0,GBPCPCFC_00176-0,spotted fever group,114277,83.5,2.25e-124,363,Rickettsia,780,,,Rickettsia,780,0,Alphaproteobacteria,28211,14784,15437,GBPCPCFC_00175,GBPCPCFC_00177,mRNA
GBPCPCFC_00177,gnl|Prokka|GBPCPCFC_6,381,414170,0.1821,915.5354,761.5115,0.8674,0.0,0.3369,-0.3876,1722,1.059,1.1383,0.9248,0,0,0.2313,0.0002,0.3579,0.0,0.3566,0.3587,-0.2488,0.12858800916753962,1.8624637224088163,0.7975458830749848,GBPCPCFC_00177-0,GBPCPCFC_00177-0,spotted fever group,114277,63.8,4.45e-223,640,spotted fever group,114277,,,spotted fever group,114277,0,Alphaproteobacteria,28211,15566,17287,GBPCPCFC_00176,GBPCPCFC_00178,mRNA
GBPCPCFC_00178,gnl|Prokka|GBPCPCFC_6,381,414170,0.1821,915.5354,761.5115,0.8674,0.0,0.3369,-0.3876,438,-0.6271,-0.6142,0.913,0,0,0.1249,0.0495,0.1525,0.0162,0.3242,-0.5279,-0.5376,0.35304893230006934,-1.016426190710332,0.874160524582612,GBPCPCFC_00178-0,GBPCPCFC_00178-0,Parachlamydia sp. AcF125,2795736,69.7,4.93e-66,207,Bacteria,2,,,Bacteria,2,0,Bacteria,2,18026,18463,GBPCPCFC_00177,GBPCPCFC_00179,mRNA
GBPCPCFC_00179,gnl|Prokka|GBPCPCFC_6,381,414170,0.1821,915.5354,761.5115,0.8674,0.0,0.3369,-0.3876,168,-0.9816,-0.9828,0.9104,0,0,0.2223,0.0022,0.2728,0.0002,0.3631,0.5377,-0.1905,0.3943145549249934,-0.5643074030488945,0.9272053870352319,GBPCPCFC_00179-0,GBPCPCFC_00179-0,Rickettsia endosymbiont of Platyusa sonomae,2878924,63.6,3.70e-07,56.2,Rickettsia,780,,,Rickettsia,780,0,Alphaproteobacteria,28211,18553,18720,GBPCPCFC_00178,GBPCPCFC_00180,mRNA
GBPCPCFC_00180,gnl|Prokka|GBPCPCFC_6,381,414170,0.1821,915.5354,761.5115,0.8674,0.0,0.3369,-0.3876,585,-0.4341,-0.4136,0.9092,0,0,0.1395,0.0281,0.1481,0.0196,0.3573,0.3779,-0.2425,0.3101333509127346,-0.7721529244415946,0.843090536536592,GBPCPCFC_00180-0,GBPCPCFC_00180-0,spotted fever group,114277,63.4,6.81e-68,221,spotted fever group,114277,,,spotted fever group,114277,0,Alphaproteobacteria,28211,18811,19395,GBPCPCFC_00179,GBPCPCFC_00181,mRNA
GBPCPCFC_00181,gnl|Prokka|GBPCPCFC_6,381,414170,0.1821,915.5354,761.5115,0.8674,0.0,0.3369,-0.3876,351,-0.7413,-0.733,0.9065,0,0,0.2323,0.0002,0.2155,0.0005,0.4017,1.5956,0.1542,0.3206265412218938,-0.47216689015859636,0.8734183688444266,GBPCPCFC_00181-0,GBPCPCFC_00181-0,spotted fever group,114277,67.5,9.09e-43,150,spotted fever group,114277,,,spotted fever group,114277,0,Alphaproteobacteria,28211,19371,19721,GBPCPCFC_00180,GBPCPCFC_00182,mRNA
GBPCPCFC_00182,gnl|Prokka|GBPCPCFC_6,381,414170,0.1821,915.5354,761.5115,0.8674,0.0,0.3369,-0.3876,1854,1.2324,1.3185,0.9039,0,0,0.2266,0.0003,0.2794,0.0,0.3425,-0.0265,-0.3743,0.06151544515841731,1.7530976898603932,0.7058377864979081,GBPCPCFC_00182-0,GBPCPCFC_00182-0,Rickettsia endosymbiont of Culicoides newsteadi,1961830,76.0,0.0,927,Rickettsia,780,,,Rickettsia,780,0,Alphaproteobacteria,28211,19905,21758,GBPCPCFC_00181,GBPCPCFC_00183,mRNA
GBPCPCFC_00183,gnl|Prokka|GBPCPCFC_6,381,414170,0.1821,915.5354,761.5115,0.8674,0.0,0.3369,-0.3876,288,-0.8241,-0.819,0.8943,0,0,0.121,0.0824,0.1062,0.1277,0.3194,-0.6582,-0.5801,0.357802203215696,-1.3927252949972193,0.8336413953274386,GBPCPCFC_00183-0,GBPCPCFC_00183-0,,,,,,,,,,,,0,Unassigned,,21900,22187,GBPCPCFC_00182,GBPCPCFC_00184,mRNA
GBPCPCFC_00184,gnl|Prokka|GBPCPCFC_6,381,414170,0.1821,915.5354,761.5115,0.8674,0.0,0.3369,-0.3876,531,-0.505,-0.4873,0.8917,0,0,0.1706,0.0062,0.2228,0.0003,0.3691,0.7026,-0.1367,0.3321055733213332,-0.4588880350193689,0.8305464804251428,GBPCPCFC_00184-0,GBPCPCFC_00184-0,Rickettsia endosymbiont of Ixodes scapularis,444612,83.1,6.94e-90,297,spotted fever group,114277,,,spotted fever group,114277,0,Alphaproteobacteria,28211,22430,22960,GBPCPCFC_00183,GBPCPCFC_00185,mRNA
GBPCPCFC_00185,gnl|Prokka|GBPCPCFC_6,381,414170,0.1821,915.5354,761.5115,0.8674,0.0,0.3369,-0.3876,321,-0.7807,-0.7739,0.8871,0,0,0.0796,0.2462,0.0486,0.4797,0.3489,0.149,-0.3171,0.35130644996307864,-1.7172126140843023,0.7997345001966802,GBPCPCFC_00185-0,GBPCPCFC_00185-0,Rickettsia tamurae,334545,71.4,1.82e-37,145,Rickettsia,780,,,Rickettsia,780,0,Alphaproteobacteria,28211,23390,23710,GBPCPCFC_00184,GBPCPCFC_00186,mRNA
GBPCPCFC_00186,gnl|Prokka|GBPCPCFC_6,381,414170,0.1821,915.5354,761.5115,0.8674,0.0,0.3369,-0.3876,2355,1.8903,2.0023,0.8838,0,0,0.2534,0.0,0.3291,0.0,0.3626,0.525,-0.1946,-0.03584427546325958,2.7127084208586294,0.6106139110617712,GBPCPCFC_00186-0,GBPCPCFC_00186-0,Rickettsia endosymbiont of Platyusa sonomae,2878924,35.7,4.34e-65,241,Rickettsiales,766,,,Rickettsiales,766,0,Alphaproteobacteria,28211,24071,26425,GBPCPCFC_00185,GBPCPCFC_00187,mRNA
GBPCPCFC_00187,gnl|Prokka|GBPCPCFC_6,381,414170,0.1821,915.5354,761.5115,0.8674,0.0,0.3369,-0.3876,246,-0.8792,-0.8763,0.8712,0,0,0.1146,0.101,0.1604,0.0212,0.3252,-0.5005,-0.5287,0.3938304613891317,-1.2886973848571315,0.8059935215783709,GBPCPCFC_00187-0,GBPCPCFC_00187-0,Rickettsia endosymbiont of Cimex lectularius,2698648,76.1,5.62e-16,77.0,Rickettsia,780,,,Rickettsia,780,0,Alphaproteobacteria,28211,26679,26924,GBPCPCFC_00186,GBPCPCFC_00188,mRNA
GBPCPCFC_00188,gnl|Prokka|GBPCPCFC_6,381,414170,0.1821,915.5354,761.5115,0.8674,0.0,0.3369,-0.3876,282,-0.8319,-0.8272,0.8682,0,0,0.1026,0.1184,0.1438,0.0282,0.3759,0.8881,-0.0763,0.3866103526034344,-1.3467245770932992,0.7908387073745979,GBPCPCFC_00188-0,GBPCPCFC_00188-0,Sphingobacteriaceae bacterium,2021370,42.3,2.71e-13,70.5,Sphingobacteriaceae bacterium,2021370,,,Sphingobacteriaceae bacterium,2021370,0,Bacteroidota,976,27291,27572,GBPCPCFC_00187,GBPCPCFC_00189,mRNA
GBPCPCFC_00189,gnl|Prokka|GBPCPCFC_6,381,414170,0.1821,915.5354,761.5115,0.8674,0.0,0.3369,-0.3876,1869,1.2521,1.3389,0.8664,0,0,0.2309,0.0002,0.277,0.0,0.3531,0.2646,-0.2794,0.046264375278865524,1.7851963636565107,0.6158169467624783,GBPCPCFC_00189-0,GBPCPCFC_00189-0,Rickettsia endosymbiont of Platyusa sonomae,2878924,76.2,0.0,961,Rickettsia,780,,,Rickettsia,780,0,Alphaproteobacteria,28211,27670,29538,GBPCPCFC_00188,GBPCPCFC_00190,mRNA
GBPCPCFC_00190,gnl|Prokka|GBPCPCFC_6,381,414170,0.1821,915.5354,761.5115,0.8674,0.0,0.3369,-0.3876,234,-0.895,-0.8927,0.8557,0,0,-0.0231,0.7626,-0.0481,0.5295,0.2436,-2.7364,-1.2571,0.38919892175113024,-2.590102299391568,0.7215754311907031,GBPCPCFC_00190-0,GBPCPCFC_00190-0,Rickettsia tamurae subsp. buchneri,1462938,85.9,1.67e-36,130,Bacteria,2,,,Bacteria,2,0,Bacteria,2,29893,30126,GBPCPCFC_00189,GBPCPCFC_00191,mRNA
GBPCPCFC_00191,gnl|Prokka|GBPCPCFC_6,381,414170,0.1821,915.5354,761.5115,0.8674,0.0,0.3369,-0.3876,1875,1.2599,1.3471,0.8536,0,0,0.1457,0.0197,0.1741,0.0052,0.3093,-0.9352,-0.6703,0.053457192189908194,1.0881105339169814,0.5638038311220243,GBPCPCFC_00191-0,GBPCPCFC_00191-0,Rickettsia endosymbiont of Oxypoda opaca,2866308,37.5,1.49e-87,293,Rickettsia endosymbiont of Oxypoda opaca,2866308,,,Rickettsia endosymbiont of Oxypoda opaca,2866308,0,Alphaproteobacteria,28211,30326,32200,GBPCPCFC_00190,GBPCPCFC_00192,mRNA
GBPCPCFC_00192,gnl|Prokka|GBPCPCFC_6,381,414170,0.1821,915.5354,761.5115,0.8674,0.0,0.3369,-0.3876,465,-0.5916,-0.5774,0.8427,0,0,0.1197,0.0599,0.1662,0.0087,0.3161,-0.7491,-0.6096,0.3439554008895176,-0.9503502652621957,0.7143856280162542,GBPCPCFC_00192-0,GBPCPCFC_00192-0,Parachlamydia sp. AcF125,2795736,70.4,1.22e-66,209,Bacteria,2,,,Bacteria,2,0,Bacteria,2,32583,33047,GBPCPCFC_00191,GBPCPCFC_00193,mRNA
GBPCPCFC_00193,gnl|Prokka|GBPCPCFC_6,381,414170,0.1821,915.5354,761.5115,0.8674,0.0,0.3369,-0.3876,1977,1.3939,1.4863,0.8376,0,0,0.2343,0.0002,0.2876,0.0,0.3278,-0.4302,-0.5058,0.021874994245039553,1.9833454517225215,0.5391869326228048,GBPCPCFC_00193-0,GBPCPCFC_00193-0,Rickettsia endosymbiont of Oxypoda opaca,2866308,44.1,7.34e-101,326,Rickettsia endosymbiont of Oxypoda opaca,2866308,,,Rickettsia endosymbiont of Oxypoda opaca,2866308,0,Alphaproteobacteria,28211,33641,35617,GBPCPCFC_00192,GBPCPCFC_00194,mRNA
GBPCPCFC_00194,gnl|Prokka|GBPCPCFC_6,381,414170,0.1821,915.5354,761.5115,0.8674,0.0,0.3369,-0.3876,3825,3.8206,4.0087,0.8256,0,0,0.2478,0.0001,0.2682,0.0,0.3127,-0.8436,-0.6404,-0.3641823031267705,4.468947856666648,0.2742092242488037,GBPCPCFC_00194-0,GBPCPCFC_00194-0,Orientia tsutsugamushi,784,36.5,1.05e-101,365,Rickettsieae,33988,,,Rickettsieae,33988,0,Alphaproteobacteria,28211,36125,39949,GBPCPCFC_00193,GBPCPCFC_00195,mRNA
GBPCPCFC_00195,gnl|Prokka|GBPCPCFC_6,381,414170,0.1821,915.5354,761.5115,0.8674,0.0,0.3369,-0.3876,531,-0.505,-0.4873,0.8068,0,0,0.1331,0.0332,0.1355,0.0302,0.3823,1.0637,-0.0191,0.29768089827308003,-0.9089510719179658,0.6100713727083329,GBPCPCFC_00195-0,GBPCPCFC_00195-0,Rickettsia bellii,33990,86.1,2.71e-96,293,cellular organisms,131567,Neoptera,33340,Neoptera,33340,1,Eumetazoa,6072,40019,40549,GBPCPCFC_00194,GBPCPCFC_00196,mRNA
GBPCPCFC_00196,gnl|Prokka|GBPCPCFC_6,381,414170,0.1821,915.5354,761.5115,0.8674,0.0,0.3369,-0.3876,465,-0.5916,-0.5774,0.8037,0,0,0.0019,0.9759,0.0524,0.4038,0.3484,0.1347,-0.3217,0.36570416125483746,-1.8267304772070816,0.604537923760402,GBPCPCFC_00196-0,GBPCPCFC_00196-0,Rickettsia massiliae,35791,94.2,3.84e-102,307,cellular organisms,131567,Arthropoda,6656,Arthropoda,6656,1,Eumetazoa,6072,40650,41114,GBPCPCFC_00195,GBPCPCFC_00197,mRNA
GBPCPCFC_00197,gnl|Prokka|GBPCPCFC_6,381,414170,0.1821,915.5354,761.5115,0.8674,0.0,0.3369,-0.3876,1293,0.4957,0.5527,0.8015,0,0,0.1858,0.0028,0.2243,0.0003,0.3511,0.2096,-0.2973,0.15276367376068256,0.6432672836261085,0.5262620327357046,GBPCPCFC_00197-0,GBPCPCFC_00197-0,Legionella,445,56.7,6.11e-171,496,cellular organisms,131567,cellular organisms,131567,cellular organisms,131567,1,cellular organisms,131567,41109,42401,GBPCPCFC_00196,GBPCPCFC_00198,mRNA
GBPCPCFC_00198,gnl|Prokka|GBPCPCFC_6,381,414170,0.1821,915.5354,761.5115,0.8674,0.0,0.3369,-0.3876,285,-0.828,-0.8231,0.7947,0,0,0.0038,0.9564,0.0239,0.7321,0.3018,-1.1429,-0.7379,0.38318133739715293,-2.159142047951886,0.5954576204654561,GBPCPCFC_00198-0,GBPCPCFC_00198-0,Rickettsia massiliae,35791,94.7,1.66e-56,188,cellular organisms,131567,Arthropoda,6656,Arthropoda,6656,1,Eumetazoa,6072,42518,42802,GBPCPCFC_00197,GBPCPCFC_00199,mRNA
GBPCPCFC_00199,gnl|Prokka|GBPCPCFC_6,381,414170,0.1821,915.5354,761.5115,0.8674,0.0,0.3369,-0.3876,417,-0.6547,-0.6429,0.7901,0,0,0.0941,0.1505,0.154,0.0182,0.307,-1.0004,-0.6915,0.35530846383205095,-1.1598777533681128,0.5990490591807216,GBPCPCFC_00199-0,GBPCPCFC_00199-0,,,,,,,,,,,,0,Unassigned,,43466,43882,GBPCPCFC_00198,GBPCPCFC_00200,mRNA
GBPCPCFC_00200,gnl|Prokka|GBPCPCFC_6,381,414170,0.1821,915.5354,761.5115,0.8674,0.0,0.3369,-0.3876,192,-0.9501,-0.95,0.7881,0,0,-0.0018,0.9797,-0.0458,0.5186,0.2969,-1.2766,-0.7815,0.3685534607887399,-2.546859848278301,0.5678296719942901,GBPCPCFC_00200-0,GBPCPCFC_00200-0,,,,,,,,,,,,0,Unassigned,,43885,44076,GBPCPCFC_00199,GBPCPCFC_00201,mRNA
GBPCPCFC_00201,gnl|Prokka|GBPCPCFC_6,381,414170,0.1821,915.5354,761.5115,0.8674,0.0,0.3369,-0.3876,3282,3.1076,3.2675,0.7856,0,0,0.3449,0.0,0.333,0.0,0.3541,0.2899,-0.2712,-0.3052773186473023,4.362855846666157,0.2548695912947697,GBPCPCFC_00201-0,GBPCPCFC_00201-0,Rickettsia endosymbiont of Cimex lectularius,2698648,33.4,6.93e-135,453,unclassified Rickettsia,114295,,,Rickettsia,780,0,Alphaproteobacteria,28211,44405,47686,GBPCPCFC_00200,GBPCPCFC_00202,mRNA
GBPCPCFC_00202,gnl|Prokka|GBPCPCFC_6,381,414170,0.1821,915.5354,761.5115,0.8674,0.0,0.3369,-0.3876,1752,1.0984,1.1792,0.7688,0,0,0.2645,0.0,0.2739,0.0,0.2957,-1.3098,-0.7923,0.022102661625025857,1.7614550746208364,0.3979758104969847,GBPCPCFC_00202-0,GBPCPCFC_00202-0,Rickettsia tillamookensis,2761623,61.2,8.39e-237,695,Rickettsia,780,,,Rickettsia,780,0,Alphaproteobacteria,28211,47878,49629,GBPCPCFC_00201,GBPCPCFC_00203,mRNA
GBPCPCFC_00203,gnl|Prokka|GBPCPCFC_6,381,414170,0.1821,915.5354,761.5115,0.8674,0.0,0.3369,-0.3876,465,-0.5916,-0.5774,0.7602,0,0,0.1197,0.0599,0.1662,0.0087,0.3161,-0.7491,-0.6096,0.3267030313898004,-0.9455437023280283,0.5239872172493975,GBPCPCFC_00203-0,GBPCPCFC_00203-0,Parachlamydia sp. AcF125,2795736,70.4,1.22e-66,209,Bacteria,2,,,Bacteria,2,0,Bacteria,2,49650,50114,GBPCPCFC_00202,GBPCPCFC_00204,mRNA
GBPCPCFC_00204,gnl|Prokka|GBPCPCFC_6,381,414170,0.1821,915.5354,761.5115,0.8674,0.0,0.3369,-0.3876,117,-1.0486,-1.0524,0.7561,0,0,0.0447,0.6123,0.0236,0.7894,0.265,-2.151,-1.0664,0.3773519565329119,-2.215294251589025,0.5197782836338037,GBPCPCFC_00204-0,GBPCPCFC_00204-0,Rickettsia massiliae,35791,97.4,1.52e-13,73.2,cellular organisms,131567,Arthropoda,6656,Arthropoda,6656,1,Eumetazoa,6072,50517,50633,GBPCPCFC_00203,GBPCPCFC_00205,mRNA
GBPCPCFC_00205,gnl|Prokka|GBPCPCFC_6,381,414170,0.1821,915.5354,761.5115,0.8674,0.0,0.3369,-0.3876,1575,0.866,0.9377,0.7548,0,0,0.2542,0.0,0.2498,0.0001,0.313,-0.8344,-0.6374,0.04933167202815116,1.398064926493386,0.38068845289898345,GBPCPCFC_00205-0,GBPCPCFC_00205-0,Rickettsia tillamookensis,2761623,65.0,3.39e-229,673,Rickettsia,780,,,Rickettsia,780,0,Alphaproteobacteria,28211,50781,52355,GBPCPCFC_00204,GBPCPCFC_00206,mRNA
GBPCPCFC_00206,gnl|Prokka|GBPCPCFC_6,381,414170,0.1821,915.5354,761.5115,0.8674,0.0,0.3369,-0.3876,465,-0.5916,-0.5774,0.7454,0,0,0.112,0.0784,0.1362,0.0321,0.3161,-0.7491,-0.6096,0.3139933945606715,-1.0795538390484551,0.48048462274099496,GBPCPCFC_00206-0,GBPCPCFC_00206-0,Parachlamydia sp. AcF125,2795736,70.4,1.22e-66,209,Bacteria,2,,,Bacteria,2,0,Bacteria,2,52726,53190,GBPCPCFC_00205,GBPCPCFC_00207,mRNA
GBPCPCFC_00207,gnl|Prokka|GBPCPCFC_6,381,414170,0.1821,915.5354,761.5115,0.8674,0.0,0.3369,-0.3876,91,-1.0828,-1.0879,0.74,0,0,-0.1368,0.0974,-0.0977,0.2376,0.5714,6.2453,1.669,0.45289772561673053,-3.417947440820626,0.47456315752567646,GBPCPCFC_00207-0,GBPCPCFC_00207-0,,,,,,,,,,,,0,Unassigned,,53836,53926,GBPCPCFC_00206,GBPCPCFC_00208,mRNA
GBPCPCFC_00208,gnl|Prokka|GBPCPCFC_6,381,414170,0.1821,915.5354,761.5115,0.8674,0.0,0.3369,-0.3876,159,-0.9935,-0.9951,0.7384,0,0,0.1266,0.0949,0.166,0.0281,0.4151,1.9623,0.2736,0.3770804976394608,-1.3298692485576933,0.5101777996257808,GBPCPCFC_00208-0,GBPCPCFC_00208-0,,,,,,,,,,,,0,Unassigned,,54174,54332,GBPCPCFC_00207,GBPCPCFC_00209,mRNA
GBPCPCFC_00209,gnl|Prokka|GBPCPCFC_6,381,414170,0.1821,915.5354,761.5115,0.8674,0.0,0.3369,-0.3876,339,-0.7571,-0.7494,0.7373,0,0,0.1792,0.0096,0.169,0.0147,0.2743,-1.894,-0.9827,0.30354026127603406,-0.8580729608257182,0.4771707818696112,GBPCPCFC_00209-0,GBPCPCFC_00209-0,Rickettsia endosymbiont of Bryobia graminum,2878922,65.0,1.61e-38,135,unclassified Rickettsia,114295,,,Rickettsia,780,0,Alphaproteobacteria,28211,54406,54744,GBPCPCFC_00208,GBPCPCFC_00210,mRNA
GBPCPCFC_00210,gnl|Prokka|GBPCPCFC_6,381,414170,0.1821,915.5354,761.5115,0.8674,0.0,0.3369,-0.3876,1572,0.8621,0.9336,0.7355,0,0,0.3739,0.0,0.4097,0.0,0.3938,1.3779,0.0833,0.03820703520319892,2.439773128373078,0.3724879739696835,GBPCPCFC_00210-0,GBPCPCFC_00210-0,Rickettsia endosymbiont of Bryobia graminum,2878922,90.5,0.0,973,cellular organisms,131567,Sciaridae,7184,Sciaridae,7184,1,Eumetazoa,6072,54774,56345,GBPCPCFC_00209,GBPCPCFC_00211,mRNA
GBPCPCFC_00211,gnl|Prokka|GBPCPCFC_6,381,414170,0.1821,915.5354,761.5115,0.8674,0.0,0.3369,-0.3876,624,-0.3828,-0.3604,0.7278,0,0,0.3846,0.0,0.3777,0.0,0.3718,0.776,-0.1128,0.19862720218086655,1.0946083445269201,0.45835547828451606,GBPCPCFC_00211-0,GBPCPCFC_00211-0,Rickettsia endosymbiont of Sericostoma sp. HW-2014,2878927,72.9,3.27e-112,329,cellular organisms,131567,Sciaridae,7184,Sciaridae,7184,1,Eumetazoa,6072,56360,56983,GBPCPCFC_00210,GBPCPCFC_00212,mRNA
GBPCPCFC_00212,gnl|Prokka|GBPCPCFC_6,381,414170,0.1821,915.5354,761.5115,0.8674,0.0,0.3369,-0.3876,807,-0.1425,-0.1106,0.7246,0,0,0.2107,0.0007,0.2858,0.0,0.3594,0.4352,-0.2238,0.24512792414510703,0.3060451540804225,0.426248047575069,GBPCPCFC_00212-0,GBPCPCFC_00212-0,Rickettsia endosymbiont of Bryobia graminum,2878922,79.0,9.12e-157,447,cellular organisms,131567,Sciaridae,7184,Sciaridae,7184,1,Eumetazoa,6072,57028,57834,GBPCPCFC_00211,GBPCPCFC_00213,mRNA
GBPCPCFC_00213,gnl|Prokka|GBPCPCFC_6,381,414170,0.1821,915.5354,761.5115,0.8674,0.0,0.3369,-0.3876,852,-0.0834,-0.0492,0.7206,0,0,0.3011,0.0,0.361,0.0,0.3263,-0.4707,-0.5189,0.20629358053038932,0.9994051232573057,0.4224044895941751,GBPCPCFC_00213-0,GBPCPCFC_00213-0,Rickettsia endosymbiont of Culicoides newsteadi,1961830,83.6,2.23e-161,460,Rickettsia,780,,,Rickettsia,780,0,Alphaproteobacteria,28211,57860,58711,GBPCPCFC_00212,GBPCPCFC_00214,mRNA
GBPCPCFC_00214,gnl|Prokka|GBPCPCFC_6,381,414170,0.1821,915.5354,761.5115,0.8674,0.0,0.3369,-0.3876,825,-0.1189,-0.086,0.7157,0,0,0.2719,0.0,0.2327,0.0002,0.2885,-1.5064,-0.8564,0.16666899489627285,0.40184072579856095,0.37380426198598704,GBPCPCFC_00214-0,GBPCPCFC_00214-0,Rickettsia endosymbiont of Oedothorax gibbosus,931099,60.3,8.60e-113,336,unclassified Rickettsia,114295,,,Rickettsia,780,0,Alphaproteobacteria,28211,58877,59701,GBPCPCFC_00213,GBPCPCFC_00215,mRNA
GBPCPCFC_00215,gnl|Prokka|GBPCPCFC_6,381,414170,0.1821,915.5354,761.5115,0.8674,0.0,0.3369,-0.3876,2832,2.5167,2.6533,0.7115,0,0,0.3206,0.0,0.4171,0.0,0.3023,-1.129,-0.7334,-0.1709058908523628,3.947170186746436,0.17370336898193417,GBPCPCFC_00215-0,GBPCPCFC_00215-0,Rickettsia endosymbiont of Ceutorhynchus assimilis,2884482,51.5,2.57e-309,887,Rickettsia,780,,,Rickettsia,780,0,Alphaproteobacteria,28211,59753,62584,GBPCPCFC_00214,GBPCPCFC_00216,mRNA
GBPCPCFC_00216,gnl|Prokka|GBPCPCFC_6,381,414170,0.1821,915.5354,761.5115,0.8674,0.0,0.3369,-0.3876,900,-0.0204,0.0163,0.6976,0,0,0.2548,0.0,0.1832,0.0033,0.3444,0.0267,-0.3569,0.13552937086391045,0.26382986288203214,0.3080748555464497,GBPCPCFC_00216-0,GBPCPCFC_00216-0,Rickettsia endosymbiont of Bryobia graminum,2878922,75.8,3.63e-157,451,unclassified Rickettsia,114295,,,Rickettsia,780,0,Alphaproteobacteria,28211,62618,63517,GBPCPCFC_00215,GBPCPCFC_00217,mRNA
GBPCPCFC_00217,gnl|Prokka|GBPCPCFC_6,381,414170,0.1821,915.5354,761.5115,0.8674,0.0,0.3369,-0.3876,1368,0.5942,0.6551,0.6929,0,0,0.3832,0.0,0.4256,0.0,0.356,0.3431,-0.2538,0.07059561794788076,2.2600469576590947,0.3033493024224449,GBPCPCFC_00217-0,GBPCPCFC_00217-0,Rickettsia endosymbiont of Bryobia graminum,2878922,77.8,2.30e-230,649,Rickettsia,780,,,Rickettsia,780,0,Alphaproteobacteria,28211,63593,64960,GBPCPCFC_00216,GBPCPCFC_00218,mRNA
GBPCPCFC_00218,gnl|Prokka|GBPCPCFC_6,381,414170,0.1821,915.5354,761.5115,0.8674,0.0,0.3369,-0.3876,76,-1.1025,-1.1083,0.686,0,0,-0.0316,0.7093,-0.0434,0.6078,0.5395,5.3698,1.3838,0.39358668799816254,-2.8129136039880884,0.35263439010683534,GBPCPCFC_00218-0,GBPCPCFC_00218-0,,,,,,,,,,,,0,Unassigned,,65035,65110,GBPCPCFC_00217,GBPCPCFC_00219,mRNA
GBPCPCFC_00219,gnl|Prokka|GBPCPCFC_6,381,414170,0.1821,915.5354,761.5115,0.8674,0.0,0.3369,-0.3876,3090,2.8555,3.0055,0.6855,0,0,0.2381,0.0001,0.3652,0.0,0.3828,1.0788,-0.0142,-0.19188383661108727,3.777058974192693,0.07790579985522264,GBPCPCFC_00219-0,GBPCPCFC_00219-0,Rickettsia endosymbiont of Pyrocoelia pectoralis,2866165,40.7,2.61e-69,263,Rickettsia,780,,,Rickettsia,780,0,Alphaproteobacteria,28211,65137,68226,GBPCPCFC_00218,GBPCPCFC_00220,mRNA
GBPCPCFC_00220,gnl|Prokka|GBPCPCFC_6,381,414170,0.1821,915.5354,761.5115,0.8674,0.0,0.3369,-0.3876,2985,2.7176,2.8622,0.6678,0,0,0.5195,0.0,0.5499,0.0,0.3296,-0.3787,-0.489,-0.2910527183844449,5.436067952357349,0.0663208791329429,GBPCPCFC_00220-0,GBPCPCFC_00220-0,Rickettsia endosymbiont of Labidopullus appendiculatus,2878921,36.4,5.08e-04,57.8,Rickettsia endosymbiont of Labidopullus appendiculatus,2878921,,,Rickettsia endosymbiont of Labidopullus appendiculatus,2878921,0,Alphaproteobacteria,28211,68790,71774,GBPCPCFC_00219,GBPCPCFC_00221,mRNA
GBPCPCFC_00221,gnl|Prokka|GBPCPCFC_6,381,414170,0.1821,915.5354,761.5115,0.8674,0.0,0.3369,-0.3876,282,-0.8319,-0.8272,0.6534,0,0,0.1164,0.1353,0.1758,0.0235,0.2199,-3.3866,-1.4689,0.34776135290232923,-1.1672004173824866,0.3040953081695367,GBPCPCFC_00221-0,GBPCPCFC_00221-0,Rickettsia endosymbiont of Bryobia graminum,2878922,78.5,2.49e-26,103,unclassified Rickettsia,114295,,,Rickettsia,780,0,Alphaproteobacteria,28211,71771,72052,GBPCPCFC_00220,GBPCPCFC_00222,mRNA
GBPCPCFC_00222,gnl|Prokka|GBPCPCFC_6,381,414170,0.1821,915.5354,761.5115,0.8674,0.0,0.3369,-0.3876,1161,0.3223,0.3726,0.6521,0,0,0.2488,0.0001,0.3428,0.0,0.3152,-0.7733,-0.6175,0.16105428502771546,1.1413885678854592,0.22893849159681165,GBPCPCFC_00222-0,GBPCPCFC_00222-0,Rickettsia endosymbiont of Cimex lectularius,2698648,65.0,3.07e-175,503,unclassified Rickettsia,114295,,,Rickettsia,780,0,Alphaproteobacteria,28211,72049,73209,GBPCPCFC_00221,GBPCPCFC_00223,mRNA
GBPCPCFC_00223,gnl|Prokka|GBPCPCFC_6,381,414170,0.1821,915.5354,761.5115,0.8674,0.0,0.3369,-0.3876,1498,0.7649,0.8326,0.6454,0,0,0.0439,0.4843,0.1638,0.0086,0.51,4.5627,1.1208,0.15507416161445156,0.13386271116253332,0.14410515383017933,GBPCPCFC_00223-0,GBPCPCFC_00223-0,Rickettsia felis str. LSU,1359195,95.1,4.50e-106,323,cellular organisms,131567,Protostomia,33317,Protostomia,33317,1,Eumetazoa,6072,73442,74939,GBPCPCFC_00222,GBPCPCFC_00224,mRNA
GBPCPCFC_00224,gnl|Prokka|GBPCPCFC_6,381,414170,0.1821,915.5354,761.5115,0.8674,0.0,0.3369,-0.3876,1095,0.2357,0.2825,0.6352,0,0,0.1185,0.0583,0.1538,0.0138,0.3699,0.7231,-0.1301,0.17117134572466736,-0.1348193890266397,0.153539835837248,GBPCPCFC_00224-0,GBPCPCFC_00224-0,Rickettsia bellii,33990,92.9,1.18e-250,692,cellular organisms,131567,Arthropoda,6656,Arthropoda,6656,1,Eumetazoa,6072,75554,76648,GBPCPCFC_00223,GBPCPCFC_00225,mRNA
GBPCPCFC_00225,gnl|Prokka|GBPCPCFC_6,381,414170,0.1821,915.5354,761.5115,0.8674,0.0,0.3369,-0.3876,156,-0.9974,-0.9991,0.6297,0,0,0.1673,0.0119,0.1907,0.0041,0.3397,-0.1021,-0.3989,0.33707954158877357,-1.073781440314404,0.26126512492866755,GBPCPCFC_00225-0,GBPCPCFC_00225-0,,,,,,,,,,,,0,Unassigned,,76680,76835,GBPCPCFC_00224,GBPCPCFC_00226,mRNA
GBPCPCFC_00226,gnl|Prokka|GBPCPCFC_6,381,414170,0.1821,915.5354,761.5115,0.8674,0.0,0.3369,-0.3876,231,-0.8989,-0.8968,0.6259,0,0,0.0334,0.6702,0.0176,0.823,0.2554,-2.4125,-1.1516,0.33310134518395096,-2.1212986877670286,0.2051000253455228,GBPCPCFC_00226-0,GBPCPCFC_00226-0,Caedimonas varicaedens,1629334,57.1,1.26e-04,50.1,Caedimonas varicaedens,1629334,,,Caedimonas varicaedens,1629334,0,Alphaproteobacteria,28211,77473,77703,GBPCPCFC_00225,GBPCPCFC_00227,mRNA
GBPCPCFC_00227,gnl|Prokka|GBPCPCFC_6,381,414170,0.1821,915.5354,761.5115,0.8674,0.0,0.3369,-0.3876,1095,0.2357,0.2825,0.6248,0,0,0.0889,0.1561,0.1585,0.0111,0.3699,0.7231,-0.1301,0.19358409806152196,-0.24071497658635221,0.1364313107895818,GBPCPCFC_00227-0,GBPCPCFC_00227-0,Rickettsia bellii,33990,92.9,1.18e-250,692,cellular organisms,131567,Arthropoda,6656,Arthropoda,6656,1,Eumetazoa,6072,77698,78792,GBPCPCFC_00226,GBPCPCFC_00228,mRNA
GBPCPCFC_00228,gnl|Prokka|GBPCPCFC_6,381,414170,0.1821,915.5354,761.5115,0.8674,0.0,0.3369,-0.3876,1845,1.2206,1.3062,0.6176,0,0,0.1478,0.018,0.2145,0.0005,0.3561,0.3459,-0.2529,0.02916172051128715,1.2085552317771122,0.036916722826374156,GBPCPCFC_00228-0,GBPCPCFC_00228-0,Rickettsia endosymbiont of Culicoides impunctatus,2867440,75.1,0.0,929,Rickettsia,780,,,Rickettsia,780,0,Alphaproteobacteria,28211,79183,81027,GBPCPCFC_00227,GBPCPCFC_00229,mRNA
GBPCPCFC_00229,gnl|Prokka|GBPCPCFC_6,381,414170,0.1821,915.5354,761.5115,0.8674,0.0,0.3369,-0.3876,750,-0.2174,-0.1884,0.608,0,0,0.1519,0.015,0.2127,0.0006,0.376,0.8912,-0.0753,0.23854164900052946,-0.2588513670270382,0.14849436780212072,GBPCPCFC_00229-0,GBPCPCFC_00229-0,spotted fever group,114277,67.8,7.29e-103,312,spotted fever group,114277,,,spotted fever group,114277,0,Alphaproteobacteria,28211,81172,81921,GBPCPCFC_00228,GBPCPCFC_00230,mRNA
GBPCPCFC_00230,gnl|Prokka|GBPCPCFC_6,381,414170,0.1821,915.5354,761.5115,0.8674,0.0,0.3369,-0.3876,663,-0.3316,-0.3071,0.602,0,0,0.1662,0.0099,0.2136,0.0009,0.3288,-0.4017,-0.4965,0.24413346991619797,-0.3134872948753706,0.14315734934914498,GBPCPCFC_00230-0,GBPCPCFC_00230-0,spotted fever group,114277,90.4,1.26e-129,385,spotted fever group,114277,,,spotted fever group,114277,0,Alphaproteobacteria,28211,82429,83091,GBPCPCFC_00229,GBPCPCFC_00231,mRNA
GBPCPCFC_00231,gnl|Prokka|GBPCPCFC_6,381,414170,0.1821,915.5354,761.5115,0.8674,0.0,0.3369,-0.3876,1095,0.2357,0.2825,0.5987,0,0,0.0889,0.1561,0.1585,0.0111,0.3699,0.7231,-0.1301,0.18812607571070217,-0.23919435485808838,0.07619617720152161,GBPCPCFC_00231-0,GBPCPCFC_00231-0,Rickettsia bellii,33990,92.9,1.18e-250,692,cellular organisms,131567,Arthropoda,6656,Arthropoda,6656,1,Eumetazoa,6072,83103,84197,GBPCPCFC_00230,GBPCPCFC_00232,mRNA
GBPCPCFC_00232,gnl|Prokka|GBPCPCFC_6,381,414170,0.1821,915.5354,761.5115,0.8674,0.0,0.3369,-0.3876,837,-0.1031,-0.0696,0.593,0,0,0.0316,0.6143,0.0528,0.4003,0.3465,0.0823,-0.3388,0.2264434587637166,-1.1878997224758265,0.0673194447281549,GBPCPCFC_00232-0,GBPCPCFC_00232-0,spotted fever group,114277,92.4,3.36e-187,533,spotted fever group,114277,,,spotted fever group,114277,0,Alphaproteobacteria,28211,84279,85115,GBPCPCFC_00231,GBPCPCFC_00233,mRNA
GBPCPCFC_00233,gnl|Prokka|GBPCPCFC_6,381,414170,0.1821,915.5354,761.5115,0.8674,0.0,0.3369,-0.3876,2934,2.6506,2.7926,0.5878,0,0,0.369,0.0,0.3587,0.0,0.3398,-0.1003,-0.3983,-0.28304007603403863,4.0921057880584675,-0.15371514101605982,GBPCPCFC_00233-0,GBPCPCFC_00233-0,Brachionus calyciflorus,104777,38.3,1.38e-04,59.7,cellular organisms,131567,Endopterygota,33392,Endopterygota,33392,1,Eumetazoa,6072,85363,88296,GBPCPCFC_00232,GBPCPCFC_00234,mRNA
GBPCPCFC_00234,gnl|Prokka|GBPCPCFC_6,381,414170,0.1821,915.5354,761.5115,0.8674,0.0,0.3369,-0.3876,174,-0.9738,-0.9746,0.5717,0,0,0.0262,0.7135,0.0454,0.524,0.3793,0.9819,-0.0457,0.3526442784519153,-2.1297243642540695,0.09826192079078427,GBPCPCFC_00234-0,GBPCPCFC_00234-0,Sphingobacteriaceae bacterium,2021370,51.2,8.33e-05,47.4,Sphingobacteriaceae bacterium,2021370,,,Sphingobacteriaceae bacterium,2021370,0,Bacteroidota,976,88685,88858,GBPCPCFC_00233,GBPCPCFC_00235,mRNA
GBPCPCFC_00235,gnl|Prokka|GBPCPCFC_6,381,414170,0.1821,915.5354,761.5115,0.8674,0.0,0.3369,-0.3876,1845,1.2206,1.3062,0.571,0,0,0.1833,0.0032,0.2018,0.0012,0.3355,-0.2183,-0.4367,-0.013693707315115966,1.3147566290962787,-0.08141669136417558,GBPCPCFC_00235-0,GBPCPCFC_00235-0,Rickettsia endosymbiont of Pseudomimeciton antennatum,2878923,76.9,0.0,936,Rickettsia,780,,,Rickettsia,780,0,Alphaproteobacteria,28211,88846,90690,GBPCPCFC_00234,GBPCPCFC_00236,mRNA
GBPCPCFC_00236,gnl|Prokka|GBPCPCFC_6,381,414170,0.1821,915.5354,761.5115,0.8674,0.0,0.3369,-0.3876,231,-0.8989,-0.8968,0.5614,0,0,0.0342,0.6315,0.1022,0.151,0.4026,1.6199,0.1621,0.36239606727807183,-1.8238479447511988,0.08628522744522552,GBPCPCFC_00236-0,GBPCPCFC_00236-0,spotted fever group,114277,65.3,2.28e-25,103,spotted fever group,114277,,,spotted fever group,114277,0,Alphaproteobacteria,28211,90833,91063,GBPCPCFC_00235,GBPCPCFC_00237,mRNA
GBPCPCFC_00237,gnl|Prokka|GBPCPCFC_6,381,414170,0.1821,915.5354,761.5115,0.8674,0.0,0.3369,-0.3876,240,-0.8871,-0.8845,0.5601,0,0,0.2066,0.0025,0.1966,0.0041,0.3792,0.978,-0.047,0.27960564692304823,-0.7735071515912124,0.0854957205473157,GBPCPCFC_00237-0,GBPCPCFC_00237-0,spotted fever group,114277,77.0,3.19e-29,114,spotted fever group,114277,,,spotted fever group,114277,0,Alphaproteobacteria,28211,91096,91335,GBPCPCFC_00236,GBPCPCFC_00238,mRNA
GBPCPCFC_00238,gnl|Prokka|GBPCPCFC_6,381,414170,0.1821,915.5354,761.5115,0.8674,0.0,0.3369,-0.3876,285,-0.828,-0.8231,0.5581,0,0,0.1641,0.0117,0.1971,0.0024,0.3193,-0.6622,-0.5814,0.3024164932220585,-0.8867435430859973,0.0829619205154836,GBPCPCFC_00238-0,GBPCPCFC_00238-0,spotted fever group,114277,61.3,1.98e-24,104,spotted fever group,114277,,,spotted fever group,114277,0,Alphaproteobacteria,28211,91507,91791,GBPCPCFC_00237,GBPCPCFC_00239,mRNA
GBPCPCFC_00239,gnl|Prokka|GBPCPCFC_6,381,414170,0.1821,915.5354,761.5115,0.8674,0.0,0.3369,-0.3876,273,-0.8438,-0.8395,0.5563,0,0,0.0299,0.6692,0.0986,0.1587,0.381,1.0269,-0.0311,0.3544348407795311,-1.7968853908209184,0.06878990200354605,GBPCPCFC_00239-0,GBPCPCFC_00239-0,Rickettsia tamurae,334545,60.0,8.98e-22,94.4,spotted fever group,114277,,,spotted fever group,114277,0,Alphaproteobacteria,28211,91888,92160,GBPCPCFC_00238,GBPCPCFC_00240,mRNA
GBPCPCFC_00240,gnl|Prokka|GBPCPCFC_6,381,414170,0.1821,915.5354,761.5115,0.8674,0.0,0.3369,-0.3876,132,-1.0289,-1.0319,0.5548,0,0,-0.0009,0.9913,0.056,0.4949,0.3333,-0.2777,-0.4561,0.3830793184362726,-2.2609430264575736,0.07293962640681755,GBPCPCFC_00240-0,GBPCPCFC_00240-0,Rickettsia endosymbiont of Ixodes scapularis,444612,90.7,1.56e-17,83.2,spotted fever group,114277,,,spotted fever group,114277,0,Alphaproteobacteria,28211,92194,92325,GBPCPCFC_00239,GBPCPCFC_00241,mRNA
GBPCPCFC_00241,gnl|Prokka|GBPCPCFC_6,381,414170,0.1821,915.5354,761.5115,0.8674,0.0,0.3369,-0.3876,489,-0.5601,-0.5446,0.5533,0,0,0.1006,0.1141,0.1662,0.0087,0.3926,1.347,0.0732,0.29303247806496513,-0.9802934692013381,0.04690803608203405,GBPCPCFC_00241-0,GBPCPCFC_00241-0,spotted fever group,114277,68.7,1.73e-65,209,spotted fever group,114277,,,spotted fever group,114277,0,Alphaproteobacteria,28211,92508,92996,GBPCPCFC_00240,GBPCPCFC_00242,mRNA
GBPCPCFC_00242,gnl|Prokka|GBPCPCFC_6,381,414170,0.1821,915.5354,761.5115,0.8674,0.0,0.3369,-0.3876,1860,1.2402,1.3266,0.55,0,0,0.2379,0.0001,0.279,0.0,0.3473,0.1052,-0.3313,-0.022362650770170238,1.8275049364240619,-0.11382290786088517,GBPCPCFC_00242-0,GBPCPCFC_00242-0,Rickettsia endosymbiont of Cimex lectularius,2698648,69.6,4.24e-304,848,unclassified Rickettsia,114295,,,Rickettsia,780,0,Alphaproteobacteria,28211,93180,95039,GBPCPCFC_00241,GBPCPCFC_00243,mRNA
GBPCPCFC_00243,gnl|Prokka|GBPCPCFC_6,381,414170,0.1821,915.5354,761.5115,0.8674,0.0,0.3369,-0.3876,291,-0.8201,-0.8149,0.5408,0,0,-0.1405,0.0269,-0.1346,0.0341,0.3436,0.0047,-0.3641,0.35576530962591557,-3.2784004383578624,-0.02232624766303578,GBPCPCFC_00243-0,GBPCPCFC_00243-0,endosymbiont of Acanthamoeba sp. UWC8,86106,77.9,6.52e-39,135,Pseudomonadota,1224,,,Pseudomonadota,1224,0,Pseudomonadota,1224,95087,95377,GBPCPCFC_00242,GBPCPCFC_00244,mRNA
GBPCPCFC_00244,gnl|Prokka|GBPCPCFC_6,381,414170,0.1821,915.5354,761.5115,0.8674,0.0,0.3369,-0.3876,108,-1.0604,-1.0647,0.5392,0,0,-0.0543,0.5268,0.0774,0.3666,0.287,-1.5461,-0.8693,0.435555550219894,-2.4406736095989574,0.0570073468779635,GBPCPCFC_00244-0,GBPCPCFC_00244-0,Acinetobacter sp.,472,73.3,5.83e-06,51.6,Pseudomonadota,1224,,,Pseudomonadota,1224,0,Pseudomonadota,1224,95425,95532,GBPCPCFC_00243,GBPCPCFC_00245,mRNA
GBPCPCFC_00245,gnl|Prokka|GBPCPCFC_6,381,414170,0.1821,915.5354,761.5115,0.8674,0.0,0.3369,-0.3876,144,-1.0132,-1.0155,0.5385,0,0,0.0203,0.8036,0.0399,0.6239,0.3472,0.1028,-0.3321,0.3531737507109556,-2.211258412265627,0.02436688665980509,GBPCPCFC_00245-0,GBPCPCFC_00245-0,Acinetobacter sp.,472,73.9,2.02e-15,77.8,Bacteria,2,,,Bacteria,2,0,Bacteria,2,95577,95720,GBPCPCFC_00244,GBPCPCFC_00246,mRNA
GBPCPCFC_00246,gnl|Prokka|GBPCPCFC_6,381,414170,0.1821,915.5354,761.5115,0.8674,0.0,0.3369,-0.3876,1095,0.2357,0.2825,0.5377,0,0,0.0889,0.1561,0.1585,0.0111,0.3699,0.7231,-0.1301,0.17536977826242642,-0.23564041135524946,-0.06458325378973016,GBPCPCFC_00246-0,GBPCPCFC_00246-0,Rickettsia bellii,33990,92.9,1.18e-250,692,cellular organisms,131567,Arthropoda,6656,Arthropoda,6656,1,Eumetazoa,6072,95746,96840,GBPCPCFC_00245,GBPCPCFC_00247,mRNA
GBPCPCFC_00247,gnl|Prokka|GBPCPCFC_6,381,414170,0.1821,915.5354,761.5115,0.8674,0.0,0.3369,-0.3876,996,0.1057,0.1474,0.5319,0,0,0.2461,0.0001,0.2493,0.0001,0.3645,0.575,-0.1783,0.12243562696752955,0.593630248119317,-0.06101754671413811,GBPCPCFC_00247-0,GBPCPCFC_00247-0,Rickettsia endosymbiont of Oedothorax gibbosus,931099,79.9,3.78e-185,524,Rickettsia,780,,,Rickettsia,780,0,Alphaproteobacteria,28211,96935,97930,GBPCPCFC_00246,GBPCPCFC_00248,mRNA
GBPCPCFC_00248,gnl|Prokka|GBPCPCFC_6,381,414170,0.1821,915.5354,761.5115,0.8674,0.0,0.3369,-0.3876,960,0.0584,0.0982,0.527,0,0,0.202,0.0016,0.2151,0.0008,0.2875,-1.5334,-0.8652,0.1439860754277024,0.2453294363187069,-0.07233253033560096,GBPCPCFC_00248-0,GBPCPCFC_00248-0,Rickettsia endosymbiont of Cimex lectularius,2698648,69.1,6.55e-153,442,unclassified Rickettsia,114295,,,Rickettsia,780,0,Alphaproteobacteria,28211,97950,98909,GBPCPCFC_00247,GBPCPCFC_00249,mRNA
GBPCPCFC_00249,gnl|Prokka|GBPCPCFC_6,381,414170,0.1821,915.5354,761.5115,0.8674,0.0,0.3369,-0.3876,564,-0.4616,-0.4423,0.5223,0,0,0.1065,0.0937,0.1349,0.0334,0.3085,-0.9578,-0.6776,0.251336766921691,-0.9603206291080152,-0.046077007716318556,GBPCPCFC_00249-0,GBPCPCFC_00249-0,Rickettsia endosymbiont of Bryobia graminum,2878922,53.8,1.01e-48,167,unclassified Rickettsia,114295,,,Rickettsia,780,0,Alphaproteobacteria,28211,98921,99484,GBPCPCFC_00248,GBPCPCFC_00250,mRNA
GBPCPCFC_00250,gnl|Prokka|GBPCPCFC_6,381,414170,0.1821,915.5354,761.5115,0.8674,0.0,0.3369,-0.3876,2217,1.7091,1.8139,0.5196,0,0,0.2988,0.0,0.3407,0.0,0.3243,-0.5249,-0.5366,-0.11290443934805978,2.775161369512853,-0.2167003116937719,GBPCPCFC_00250-0,GBPCPCFC_00250-0,Rickettsia endosymbiont of Pseudomimeciton antennatum,2878923,77.7,0.0,951,unclassified Rickettsia,114295,,,Rickettsia,780,0,Alphaproteobacteria,28211,99493,101709,GBPCPCFC_00249,GBPCPCFC_00251,mRNA
GBPCPCFC_00251,gnl|Prokka|GBPCPCFC_6,381,414170,0.1821,915.5354,761.5115,0.8674,0.0,0.3369,-0.3876,1137,0.2908,0.3398,0.507,0,0,0.2703,0.0,0.2915,0.0,0.2814,-1.6994,-0.9192,0.0930102494447699,1.0305090482136545,-0.12507436200668925,GBPCPCFC_00251-0,GBPCPCFC_00251-0,Rickettsia endosymbiont of Cimex lectularius,2698648,59.0,1.43e-130,390,unclassified Rickettsia,114295,,,Rickettsia,780,0,Alphaproteobacteria,28211,102100,103236,GBPCPCFC_00250,GBPCPCFC_00252,mRNA
GBPCPCFC_00252,gnl|Prokka|GBPCPCFC_6,381,414170,0.1821,915.5354,761.5115,0.8674,0.0,0.3369,-0.3876,1047,0.1726,0.217,0.5013,0,0,0.1077,0.0853,0.1696,0.0065,0.4021,1.6063,0.1577,0.16883367282012743,-0.1827137085444222,-0.1419684950069976,GBPCPCFC_00252-0,GBPCPCFC_00252-0,Rickettsia endosymbiont of Bryobia graminum,2878922,77.3,1.54e-182,519,cellular organisms,131567,Sciaridae,7184,Sciaridae,7184,1,Eumetazoa,6072,103280,104326,GBPCPCFC_00251,GBPCPCFC_00253,mRNA
GBPCPCFC_00253,gnl|Prokka|GBPCPCFC_6,381,414170,0.1821,915.5354,761.5115,0.8674,0.0,0.3369,-0.3876,3405,3.2691,3.4354,0.4946,0,0,0.2873,0.0,0.3955,0.0,0.4379,2.5867,0.4771,-0.31509576749046037,4.5215061958997955,-0.39940098015044356,GBPCPCFC_00253-0,GBPCPCFC_00253-0,Pseudolycoriella hygida,35572,32.1,9.10e-24,122,Pseudolycoriella hygida,35572,,,Pseudolycoriella hygida,35572,0,Eumetazoa,6072,104658,108062,GBPCPCFC_00252,GBPCPCFC_00254,mRNA
GBPCPCFC_00254,gnl|Prokka|GBPCPCFC_6,381,414170,0.1821,915.5354,761.5115,0.8674,0.0,0.3369,-0.3876,576,-0.4459,-0.4259,0.4776,0,0,0.2185,0.0004,0.2688,0.0,0.3177,-0.7058,-0.5956,0.22438034641682988,-0.0179389784063803,-0.12267835872014482,GBPCPCFC_00254-0,GBPCPCFC_00254-0,Didymodactylos carnosus,1234261,53.8,1.14e-65,214,Didymodactylos carnosus,1234261,,,Didymodactylos carnosus,1234261,0,Eumetazoa,6072,108191,108766,GBPCPCFC_00253,GBPCPCFC_00255,mRNA
GBPCPCFC_00255,gnl|Prokka|GBPCPCFC_6,381,414170,0.1821,915.5354,761.5115,0.8674,0.0,0.3369,-0.3876,852,-0.0834,-0.0492,0.4741,0,0,0.2047,0.001,0.2372,0.0001,0.3016,-1.1459,-0.7389,0.16348837339446398,0.18945125924928213,-0.17366310844015564,GBPCPCFC_00255-0,GBPCPCFC_00255-0,Rickettsia endosymbiont of Pseudomimeciton antennatum,2878923,62.1,1.15e-114,342,unclassified Rickettsia,114295,,,Rickettsia,780,0,Alphaproteobacteria,28211,108897,109748,GBPCPCFC_00254,GBPCPCFC_00256,mRNA
GBPCPCFC_00256,gnl|Prokka|GBPCPCFC_6,381,414170,0.1821,915.5354,761.5115,0.8674,0.0,0.3369,-0.3876,840,-0.0992,-0.0656,0.47,0,0,0.1522,0.0148,0.1714,0.006,0.3452,0.0484,-0.3498,0.17058128680297915,-0.2698326782071354,-0.19587457349555898,GBPCPCFC_00256-0,GBPCPCFC_00256-0,Pseudolycoriella hygida,35572,76.2,2.32e-137,399,cellular organisms,131567,Sciaridae,7184,Sciaridae,7184,1,Eumetazoa,6072,109764,110603,GBPCPCFC_00255,GBPCPCFC_00257,mRNA
GBPCPCFC_00257,gnl|Prokka|GBPCPCFC_6,381,414170,0.1821,915.5354,761.5115,0.8674,0.0,0.3369,-0.3876,1962,1.3742,1.4659,0.4656,0,0,0.242,0.0001,0.2903,0.0,0.3384,-0.1381,-0.4106,-0.05734545147224693,2.0258508609314565,-0.3178684166638318,GBPCPCFC_00257-0,GBPCPCFC_00257-0,,,,,,,,,,,,0,Unassigned,,110662,112623,GBPCPCFC_00256,GBPCPCFC_00258,mRNA
GBPCPCFC_00258,gnl|Prokka|GBPCPCFC_6,381,414170,0.1821,915.5354,761.5115,0.8674,0.0,0.3369,-0.3876,2250,1.7524,1.859,0.454,0,0,0.3844,0.0,0.4008,0.0,0.3551,0.3189,-0.2617,-0.16645151279592874,3.3847576714689165,-0.3658506225845109,GBPCPCFC_00258-0,GBPCPCFC_00258-0,Rickettsia endosymbiont of Labidopullus appendiculatus,2878921,82.2,0.0,1225,cellular organisms,131567,Sciaridae,7184,Sciaridae,7184,1,Eumetazoa,6072,113066,115315,GBPCPCFC_00257,GBPCPCFC_00259,mRNA
GBPCPCFC_00259,gnl|Prokka|GBPCPCFC_6,381,414170,0.1821,915.5354,761.5115,0.8674,0.0,0.3369,-0.3876,906,-0.0125,0.0245,0.4431,0,0,0.231,0.0002,0.3332,0.0,0.3609,0.4783,-0.2098,0.17590139323011864,0.7027273583128875,-0.22226436407582367,GBPCPCFC_00259-0,GBPCPCFC_00259-0,Rickettsia endosymbiont of Bryobia graminum,2878922,78.1,2.99e-156,448,unclassified Rickettsia,114295,,,Rickettsia,780,0,Alphaproteobacteria,28211,115325,116230,GBPCPCFC_00258,GBPCPCFC_00260,mRNA
GBPCPCFC_00260,gnl|Prokka|GBPCPCFC_6,381,414170,0.1821,915.5354,761.5115,0.8674,0.0,0.3369,-0.3876,591,-0.4262,-0.4054,0.4386,0,0,0.1499,0.0164,0.1134,0.0701,0.3418,-0.0459,-0.3806,0.1849776982220669,-0.8129322252417648,-0.2579004068355359,GBPCPCFC_00260-0,GBPCPCFC_00260-0,,,,,,,,,,,,0,Unassigned,,116260,116850,GBPCPCFC_00259,GBPCPCFC_00261,mRNA
GBPCPCFC_00261,gnl|Prokka|GBPCPCFC_6,381,414170,0.1821,915.5354,761.5115,0.8674,0.0,0.3369,-0.3876,522,-0.5168,-0.4996,0.4339,0,0,0.1061,0.0956,0.167,0.0084,0.3659,0.6145,-0.1654,0.2578401386684163,-0.902958798591489,-0.2334459160019806,GBPCPCFC_00261-0,GBPCPCFC_00261-0,,,,,,,,,,,,0,Unassigned,,117233,117754,GBPCPCFC_00260,GBPCPCFC_00262,mRNA
GBPCPCFC_00262,gnl|Prokka|GBPCPCFC_6,381,414170,0.1821,915.5354,761.5115,0.8674,0.0,0.3369,-0.3876,438,-0.6271,-0.6142,0.4314,0,0,0.1216,0.0559,0.1695,0.0075,0.3219,-0.5905,-0.558,0.2635268955620873,-0.943689227431825,-0.23065790034672004,GBPCPCFC_00262-0,GBPCPCFC_00262-0,Parachlamydia sp. AcF125,2795736,70.4,1.21e-66,209,Bacteria,2,,,Bacteria,2,0,Bacteria,2,117755,118192,GBPCPCFC_00261,GBPCPCFC_00263,mRNA
GBPCPCFC_00263,gnl|Prokka|GBPCPCFC_6,381,414170,0.1821,915.5354,761.5115,0.8674,0.0,0.3369,-0.3876,174,-0.9738,-0.9746,0.4274,0,0,-0.057,0.4587,-0.0756,0.3255,0.2989,-1.2224,-0.7639,0.3227569677647515,-2.881333929747885,-0.26326968591474087,GBPCPCFC_00263-0,GBPCPCFC_00263-0,,,,,,,,,,,,0,Unassigned,,118584,118757,GBPCPCFC_00262,GBPCPCFC_00264,mRNA
GBPCPCFC_00264,gnl|Prokka|GBPCPCFC_6,381,414170,0.1821,915.5354,761.5115,0.8674,0.0,0.3369,-0.3876,1098,0.2396,0.2866,0.4256,0,0,0.1727,0.0056,0.1912,0.0021,0.3944,1.394,0.0885,0.10535124151687553,0.23396094540368012,-0.3267075955376513,GBPCPCFC_00264-0,GBPCPCFC_00264-0,Rickettsia endosymbiont of Bryobia graminum,2878922,79.2,6.58e-204,574,Rickettsia,780,,,Rickettsia,780,0,Alphaproteobacteria,28211,118950,120047,GBPCPCFC_00263,GBPCPCFC_00265,mRNA
GBPCPCFC_00265,gnl|Prokka|GBPCPCFC_6,381,414170,0.1821,915.5354,761.5115,0.8674,0.0,0.3369,-0.3876,795,-0.1583,-0.127,0.4201,0,0,0.1681,0.007,0.1812,0.0036,0.3384,-0.1399,-0.4112,0.16208744954624893,-0.22789702398456757,-0.30483193559708194,GBPCPCFC_00265-0,GBPCPCFC_00265-0,,,,,,,,,,,,0,Unassigned,,120085,120879,GBPCPCFC_00264,GBPCPCFC_00266,mRNA
GBPCPCFC_00266,gnl|Prokka|GBPCPCFC_6,381,414170,0.1821,915.5354,761.5115,0.8674,0.0,0.3369,-0.3876,1413,0.6533,0.7165,0.416,0,0,0.2828,0.0,0.3501,0.0,0.3645,0.5754,-0.1782,0.040369302361628966,1.6615585355824762,-0.35045057686976383,GBPCPCFC_00266-0,GBPCPCFC_00266-0,Pseudolycoriella hygida,35572,91.8,1.08e-266,757,cellular organisms,131567,Sciaridae,7184,Sciaridae,7184,1,Eumetazoa,6072,120934,122346,GBPCPCFC_00265,GBPCPCFC_00267,mRNA
GBPCPCFC_00267,gnl|Prokka|GBPCPCFC_6,381,414170,0.1821,915.5354,761.5115,0.8674,0.0,0.3369,-0.3876,1272,0.4681,0.5241,0.4093,0,0,0.1902,0.0022,0.2347,0.0002,0.3687,0.6915,-0.1403,0.07689794680763996,0.6918881983761057,-0.3733839646382544,GBPCPCFC_00267-0,GBPCPCFC_00267-0,Rickettsia endosymbiont of Cimex lectularius,2698648,72.0,3.34e-219,618,cellular organisms,131567,Sciaridae,7184,Sciaridae,7184,1,Eumetazoa,6072,122327,123598,GBPCPCFC_00266,GBPCPCFC_00268,mRNA
GBPCPCFC_00268,gnl|Prokka|GBPCPCFC_6,381,414170,0.1821,915.5354,761.5115,0.8674,0.0,0.3369,-0.3876,1092,0.2317,0.2784,0.4027,0,0,0.2177,0.0005,0.3207,0.0,0.3883,1.2276,0.0343,0.1344113525863187,0.858404639850944,-0.34058618077099956,GBPCPCFC_00268-0,GBPCPCFC_00268-0,Didymodactylos carnosus,1234261,52.8,6.74e-103,316,cellular organisms,131567,Protostomia,33317,Protostomia,33317,1,Eumetazoa,6072,123683,124774,GBPCPCFC_00267,GBPCPCFC_00269,mRNA
GBPCPCFC_00269,gnl|Prokka|GBPCPCFC_6,381,414170,0.1821,915.5354,761.5115,0.8674,0.0,0.3369,-0.3876,225,-0.9068,-0.905,0.3968,0,0,-0.0829,0.3037,-0.0091,0.9099,0.4711,3.4969,0.7736,0.3598360621361022,-2.6897747592839054,-0.31188594404685277,GBPCPCFC_00269-0,GBPCPCFC_00269-0,,,,,,,,,,,,0,Unassigned,,124911,125135,GBPCPCFC_00268,GBPCPCFC_00270,mRNA
GBPCPCFC_00270,gnl|Prokka|GBPCPCFC_6,381,414170,0.1821,915.5354,761.5115,0.8674,0.0,0.3369,-0.3876,1860,1.2402,1.3266,0.3926,0,0,0.2428,0.0001,0.2429,0.0001,0.3952,1.4162,0.0957,-0.07746119545674258,1.733067575458506,-0.4908230785586396,GBPCPCFC_00270-0,GBPCPCFC_00270-0,,,,,,,,,,,,0,Unassigned,,125788,127647,GBPCPCFC_00269,GBPCPCFC_00271,mRNA
GBPCPCFC_00271,gnl|Prokka|GBPCPCFC_6,381,414170,0.1821,915.5354,761.5115,0.8674,0.0,0.3369,-0.3876,1842,1.2166,1.3021,0.381,0,0,0.1622,0.0093,0.2955,0.0,0.3426,-0.0249,-0.3737,0.011030822356292614,1.555848776080215,-0.4823742433137321,GBPCPCFC_00271-0,GBPCPCFC_00271-0,Rickettsia endosymbiont of Pseudomimeciton antennatum,2878923,76.3,0.0,913,Rickettsia,780,,,Rickettsia,780,0,Alphaproteobacteria,28211,128185,130026,GBPCPCFC_00270,GBPCPCFC_00272,mRNA
GBPCPCFC_00272,gnl|Prokka|GBPCPCFC_6,381,414170,0.1821,915.5354,761.5115,0.8674,0.0,0.3369,-0.3876,360,-0.7295,-0.7207,0.3711,0,0,0.0541,0.4169,0.0995,0.135,0.2694,-2.0281,-1.0263,0.28093668284156276,-1.5654250281793125,-0.3732784369397198,GBPCPCFC_00272-0,GBPCPCFC_00272-0,Rickettsia endosymbiont of Bryobia graminum,2878922,73.7,1.06e-54,177,unclassified Rickettsia,114295,,,Rickettsia,780,0,Alphaproteobacteria,28211,130232,130591,GBPCPCFC_00271,GBPCPCFC_00273,mRNA
GBPCPCFC_00273,gnl|Prokka|GBPCPCFC_6,381,414170,0.1821,915.5354,761.5115,0.8674,0.0,0.3369,-0.3876,696,-0.2883,-0.2621,0.3686,0,0,0.1173,0.061,0.1812,0.0036,0.3017,-1.1437,-0.7382,0.20887654288446114,-0.5693728937367278,-0.4024749359515512,GBPCPCFC_00273-0,GBPCPCFC_00273-0,Rickettsia endosymbiont of Pseudomimeciton antennatum,2878923,63.8,8.64e-90,274,unclassified Rickettsia,114295,,,Rickettsia,780,0,Alphaproteobacteria,28211,130762,131457,GBPCPCFC_00272,GBPCPCFC_00274,mRNA
GBPCPCFC_00274,gnl|Prokka|GBPCPCFC_6,381,414170,0.1821,915.5354,761.5115,0.8674,0.0,0.3369,-0.3876,1083,0.2199,0.2661,0.3647,0,0,0.2393,0.0001,0.3103,0.0,0.3121,-0.8596,-0.6456,0.10674691246508092,0.9018934322463106,-0.43463917135101626,GBPCPCFC_00274-0,GBPCPCFC_00274-0,Rickettsia endosymbiont of Sericostoma sp. HW-2014,2878927,71.7,1.94e-183,522,cellular organisms,131567,Sciaridae,7184,Sciaridae,7184,1,Eumetazoa,6072,131553,132635,GBPCPCFC_00273,GBPCPCFC_00275,mRNA
GBPCPCFC_00275,gnl|Prokka|GBPCPCFC_6,381,414170,0.1821,915.5354,761.5115,0.8674,0.0,0.3369,-0.3876,3639,3.5764,3.7548,0.358,0,0,0.3014,0.0,0.3314,0.0,0.33,-0.3681,-0.4855,-0.43312072648042327,4.683852532676838,-0.768875151623604,GBPCPCFC_00275-0,GBPCPCFC_00275-0,Rickettsia endosymbiont of Pyrocoelia pectoralis,2866165,39.3,6.52e-153,496,unclassified Rickettsia,114295,,,Rickettsia,780,0,Alphaproteobacteria,28211,132942,136580,GBPCPCFC_00274,GBPCPCFC_00276,mRNA
GBPCPCFC_00276,gnl|Prokka|GBPCPCFC_6,381,414170,0.1821,915.5354,761.5115,0.8674,0.0,0.3369,-0.3876,438,-0.6271,-0.6142,0.3402,0,0,0.1216,0.0559,0.1695,0.0075,0.3219,-0.5905,-0.558,0.2444551852787635,-0.9383757905882365,-0.4411346889762634,GBPCPCFC_00276-0,GBPCPCFC_00276-0,Parachlamydia sp. AcF125,2795736,70.4,1.21e-66,209,Bacteria,2,,,Bacteria,2,0,Bacteria,2,136642,137079,GBPCPCFC_00275,GBPCPCFC_00277,mRNA
GBPCPCFC_00277,gnl|Prokka|GBPCPCFC_6,381,414170,0.1821,915.5354,761.5115,0.8674,0.0,0.3369,-0.3876,573,-0.4498,-0.43,0.3361,0,0,0.2579,0.0001,0.3231,0.0,0.3438,0.0092,-0.3626,0.19367296417413057,0.3362720037190894,-0.4364992024929043,GBPCPCFC_00277-0,GBPCPCFC_00277-0,,,,,,,,,,,,0,Unassigned,,137487,138059,GBPCPCFC_00276,GBPCPCFC_00278,mRNA
GBPCPCFC_00278,gnl|Prokka|GBPCPCFC_6,381,414170,0.1821,915.5354,761.5115,0.8674,0.0,0.3369,-0.3876,1155,0.3145,0.3644,0.3327,0,0,0.3217,0.0,0.3359,0.0,0.4087,1.7859,0.2162,0.03726163247337279,1.4305220489645092,-0.5228012720619765,GBPCPCFC_00278-0,GBPCPCFC_00278-0,,,,,,,,,,,,0,Unassigned,,138197,139351,GBPCPCFC_00277,GBPCPCFC_00279,mRNA
GBPCPCFC_00279,gnl|Prokka|GBPCPCFC_6,381,414170,0.1821,915.5354,761.5115,0.8674,0.0,0.3369,-0.3876,77,-1.1011,-1.107,0.322,0,0,-0.1826,0.0468,-0.1597,0.0828,0.6364,8.0243,2.2485,0.3707781894550675,-3.815273010437302,-0.5024127445888683,GBPCPCFC_00279-0,GBPCPCFC_00279-0,Candidatus Terasakiella magnetica,1867952,96.0,9.24e-07,50.1,Candidatus Terasakiella magnetica,1867952,,,Candidatus Terasakiella magnetica,1867952,0,Alphaproteobacteria,28211,140412,140488,GBPCPCFC_00278,GBPCPCFC_00280,mRNA
GBPCPCFC_00280,gnl|Prokka|GBPCPCFC_6,381,414170,0.1821,915.5354,761.5115,0.8674,0.0,0.3369,-0.3876,1578,0.8699,0.9417,0.3209,0,0,0.2191,0.0004,0.2861,0.0,0.3416,-0.052,-0.3826,0.002948982549140546,1.4061652375421494,-0.6018670860916066,GBPCPCFC_00280-0,GBPCPCFC_00280-0,spotted fever group,114277,62.7,3.26e-220,630,spotted fever group,114277,,,spotted fever group,114277,0,Alphaproteobacteria,28211,140627,142204,GBPCPCFC_00279,GBPCPCFC_00281,mRNA
GBPCPCFC_00281,gnl|Prokka|GBPCPCFC_6,381,414170,0.1821,915.5354,761.5115,0.8674,0.0,0.3369,-0.3876,468,-0.5877,-0.5733,0.3133,0,0,0.1452,0.0201,0.2349,0.0001,0.3056,-1.0387,-0.704,0.24877122143728575,-0.5738830470946419,-0.4877661865736589,GBPCPCFC_00281-0,GBPCPCFC_00281-0,spotted fever group,114277,81.3,1.98e-80,249,Rickettsia,780,,,Rickettsia,780,0,Alphaproteobacteria,28211,142213,142680,GBPCPCFC_00280,GBPCPCFC_00282,mRNA
GBPCPCFC_00282,gnl|Prokka|GBPCPCFC_6,381,414170,0.1821,915.5354,761.5115,0.8674,0.0,0.3369,-0.3876,531,-0.505,-0.4873,0.3107,0,0,0.107,0.0875,0.1167,0.0624,0.3842,1.1153,-0.0023,0.20385126352375066,-1.0527091968499815,-0.5369655255643422,GBPCPCFC_00282-0,GBPCPCFC_00282-0,Rickettsia bellii,33990,87.3,1.02e-98,300,cellular organisms,131567,Neoptera,33340,Neoptera,33340,1,Eumetazoa,6072,142743,143273,GBPCPCFC_00281,GBPCPCFC_00283,mRNA
GBPCPCFC_00283,gnl|Prokka|GBPCPCFC_6,381,414170,0.1821,915.5354,761.5115,0.8674,0.0,0.3369,-0.3876,480,-0.5719,-0.5569,0.3077,0,0,0.0524,0.411,0.1186,0.0622,0.35,0.1789,-0.3073,0.2551345439052288,-1.3410505011522857,-0.5273035483258727,GBPCPCFC_00283-0,GBPCPCFC_00283-0,Rickettsia massiliae,35791,93.1,8.75e-105,314,cellular organisms,131567,Arthropoda,6656,Arthropoda,6656,1,Eumetazoa,6072,143359,143838,GBPCPCFC_00282,GBPCPCFC_00284,mRNA
GBPCPCFC_00284,gnl|Prokka|GBPCPCFC_6,381,414170,0.1821,915.5354,761.5115,0.8674,0.0,0.3369,-0.3876,963,0.0623,0.1023,0.3043,0,0,0.2276,0.0002,0.3127,0.0,0.3489,0.149,-0.3171,0.12768369457298293,0.7035376748099595,-0.5563706679967675,GBPCPCFC_00284-0,GBPCPCFC_00284-0,spotted fever group,114277,69.2,8.09e-145,421,spotted fever group,114277,,,spotted fever group,114277,0,Alphaproteobacteria,28211,144064,145026,GBPCPCFC_00283,GBPCPCFC_00285,mRNA
GBPCPCFC_00285,gnl|Prokka|GBPCPCFC_6,381,414170,0.1821,915.5354,761.5115,0.8674,0.0,0.3369,-0.3876,1854,1.2324,1.3185,0.299,0,0,0.2499,0.0001,0.2283,0.0002,0.3452,0.0474,-0.3502,-0.10864202949208383,1.7094784723387677,-0.7125237499226101,GBPCPCFC_00285-0,GBPCPCFC_00285-0,Rickettsia endosymbiont of Culicoides newsteadi,1961830,78.0,0.0,968,Rickettsia,780,,,Rickettsia,780,0,Alphaproteobacteria,28211,145166,147019,GBPCPCFC_00284,GBPCPCFC_00286,mRNA
GBPCPCFC_00286,gnl|Prokka|GBPCPCFC_6,381,414170,0.1821,915.5354,761.5115,0.8674,0.0,0.3369,-0.3876,288,-0.8241,-0.819,0.2901,0,0,0.1349,0.0447,0.1776,0.008,0.3646,0.5784,-0.1772,0.2576511591051597,-1.0548644960429043,-0.5377432094427265,GBPCPCFC_00286-0,GBPCPCFC_00286-0,Sphingobacteriaceae bacterium,2021370,41.0,3.82e-11,65.1,Bacteria,2,,,Bacteria,2,0,Bacteria,2,147007,147294,GBPCPCFC_00285,GBPCPCFC_00287,mRNA
GBPCPCFC_00287,gnl|Prokka|GBPCPCFC_6,381,414170,0.1821,915.5354,761.5115,0.8674,0.0,0.3369,-0.3876,468,-0.5877,-0.5733,0.2864,0,0,0.0549,0.3959,0.1144,0.0763,0.3269,-0.4533,-0.5133,0.24901054723865942,-1.3600318146371404,-0.5769254730622986,GBPCPCFC_00287-0,GBPCPCFC_00287-0,,,,,,,,,,,,0,Unassigned,,147767,148234,GBPCPCFC_00286,GBPCPCFC_00288,mRNA
GBPCPCFC_00288,gnl|Prokka|GBPCPCFC_6,381,414170,0.1821,915.5354,761.5115,0.8674,0.0,0.3369,-0.3876,270,-0.8477,-0.8435,0.2832,0,0,-0.0274,0.7029,-0.0087,0.9033,0.2815,-1.6983,-0.9189,0.285832480549538,-2.390835629368243,-0.5892829710853976,GBPCPCFC_00288-0,GBPCPCFC_00288-0,Rickettsia massiliae,35791,82.8,2.32e-41,148,cellular organisms,131567,Protostomia,33317,Protostomia,33317,1,Eumetazoa,6072,148441,148710,GBPCPCFC_00287,GBPCPCFC_00289,mRNA
GBPCPCFC_00289,gnl|Prokka|GBPCPCFC_6,381,414170,0.1821,915.5354,761.5115,0.8674,0.0,0.3369,-0.3876,99,-1.0723,-1.0769,0.2819,0,0,-0.0132,0.8885,-0.0432,0.6448,0.3434,-0.001,-0.3659,0.2908699709744254,-2.681339517028623,-0.5859879697111733,GBPCPCFC_00289-0,GBPCPCFC_00289-0,Pseudolycoriella hygida,35572,100,4.20e-09,60.5,cellular organisms,131567,Sciaridae,7184,Sciaridae,7184,1,Eumetazoa,6072,148707,148805,GBPCPCFC_00288,GBPCPCFC_00290,mRNA
GBPCPCFC_00290,gnl|Prokka|GBPCPCFC_6,381,414170,0.1821,915.5354,761.5115,0.8674,0.0,0.3369,-0.3876,1107,0.2514,0.2989,0.2812,0,0,0.1053,0.0926,0.1447,0.0205,0.3704,0.737,-0.1255,0.10000944638051525,-0.18395350307577732,-0.6658373714628836,GBPCPCFC_00290-0,GBPCPCFC_00290-0,Rickettsia bellii,33990,91.3,5.54e-241,668,cellular organisms,131567,Arthropoda,6656,Arthropoda,6656,1,Eumetazoa,6072,148857,149963,GBPCPCFC_00289,GBPCPCFC_00291,mRNA
GBPCPCFC_00291,gnl|Prokka|GBPCPCFC_6,381,414170,0.1821,915.5354,761.5115,0.8674,0.0,0.3369,-0.3876,567,-0.4577,-0.4382,0.2755,0,0,0.1763,0.0054,0.1861,0.0033,0.3228,-0.5676,-0.5505,0.17308463215936123,-0.47684837949633146,-0.6100782125706037,GBPCPCFC_00291-0,GBPCPCFC_00291-0,Rickettsiales bacterium,2026788,75.4,5.41e-92,281,cellular organisms,131567,Protostomia,33317,Protostomia,33317,1,Eumetazoa,6072,150037,150603,GBPCPCFC_00290,GBPCPCFC_00292,mRNA
GBPCPCFC_00292,gnl|Prokka|GBPCPCFC_6,381,414170,0.1821,915.5354,761.5115,0.8674,0.0,0.3369,-0.3876,477,-0.5759,-0.561,0.2711,0,0,0.0469,0.4609,0.0943,0.138,0.3857,1.1582,0.0117,0.23974026850200184,-1.449284008237447,-0.6190840126901194,GBPCPCFC_00292-0,GBPCPCFC_00292-0,Rickettsia tamurae subsp. buchneri,1462938,70.4,2.24e-71,223,Rickettsia,780,,,Rickettsia,780,0,Alphaproteobacteria,28211,150942,151418,GBPCPCFC_00291,GBPCPCFC_00293,mRNA
GBPCPCFC_00293,gnl|Prokka|GBPCPCFC_6,381,414170,0.1821,915.5354,761.5115,0.8674,0.0,0.3369,-0.3876,2244,1.7445,1.8508,0.2669,0,0,0.2458,0.0001,0.3399,0.0,0.3841,1.1141,-0.0027,-0.13176328453576258,2.6040580498738914,-0.794178277376489,GBPCPCFC_00293-0,GBPCPCFC_00293-0,Rickettsia tamurae,334545,89.8,0.0,1311,spotted fever group,114277,,,spotted fever group,114277,0,Alphaproteobacteria,28211,151804,154047,GBPCPCFC_00292,GBPCPCFC_00294,mRNA
GBPCPCFC_00294,gnl|Prokka|GBPCPCFC_6,381,414170,0.1821,915.5354,761.5115,0.8674,0.0,0.3369,-0.3876,75,-1.1038,-1.1097,0.2548,0,0,0.1338,0.1247,0.0754,0.3881,0.5467,5.5669,1.4479,0.24059620220855304,-1.6959842232743896,-0.6291741280753047,GBPCPCFC_00294-0,GBPCPCFC_00294-0,,,,,,,,,,,,0,Unassigned,,154310,154384,GBPCPCFC_00293,GBPCPCFC_00295,mRNA
GBPCPCFC_00295,gnl|Prokka|GBPCPCFC_6,381,414170,0.1821,915.5354,761.5115,0.8674,0.0,0.3369,-0.3876,942,0.0348,0.0737,0.2517,0,0,0.3349,0.0,0.3545,0.0,0.3599,0.4494,-0.2192,0.06188124789151625,1.265940412156971,-0.679123081246803,GBPCPCFC_00295-0,GBPCPCFC_00295-0,Rickettsia endosymbiont of Bryobia graminum,2878922,85.9,1.97e-189,533,cellular organisms,131567,Sciaridae,7184,Sciaridae,7184,1,Eumetazoa,6072,154965,155906,GBPCPCFC_00294,GBPCPCFC_00296,mRNA
GBPCPCFC_00296,gnl|Prokka|GBPCPCFC_6,381,414170,0.1821,915.5354,761.5115,0.8674,0.0,0.3369,-0.3876,1392,0.6257,0.6879,0.2471,0,0,0.295,0.0,0.3384,0.0,0.3563,0.3521,-0.2509,-0.005976809547181851,1.653629942148561,-0.7440108443316237,GBPCPCFC_00296-0,GBPCPCFC_00296-0,Pseudolycoriella hygida,35572,92.2,6.58e-295,825,cellular organisms,131567,Sciaridae,7184,Sciaridae,7184,1,Eumetazoa,6072,155908,157299,GBPCPCFC_00295,GBPCPCFC_00297,mRNA
GBPCPCFC_00297,gnl|Prokka|GBPCPCFC_6,381,414170,0.1821,915.5354,761.5115,0.8674,0.0,0.3369,-0.3876,108,-1.0604,-1.0647,0.239,0,0,-0.0359,0.6996,0.0105,0.9103,0.3056,-1.0387,-0.704,0.3246859596700262,-2.576577344223954,-0.6629229085486744,GBPCPCFC_00297-0,GBPCPCFC_00297-0,,,,,,,,,,,,0,Unassigned,,157596,157703,GBPCPCFC_00296,GBPCPCFC_00298,mRNA
GBPCPCFC_00298,gnl|Prokka|GBPCPCFC_6,381,414170,0.1821,915.5354,761.5115,0.8674,0.0,0.3369,-0.3876,819,-0.1268,-0.0942,0.238,0,0,0.2443,0.0001,0.3039,0.0,0.337,-0.1774,-0.4234,0.12512037110927068,0.5518906808440347,-0.6976945755459376,GBPCPCFC_00298-0,GBPCPCFC_00298-0,Pseudolycoriella hygida,35572,62.5,8.97e-106,322,cellular organisms,131567,Sciaridae,7184,Sciaridae,7184,1,Eumetazoa,6072,157796,158614,GBPCPCFC_00297,GBPCPCFC_00299,mRNA
GBPCPCFC_00299,gnl|Prokka|GBPCPCFC_6,381,414170,0.1821,915.5354,761.5115,0.8674,0.0,0.3369,-0.3876,483,-0.568,-0.5528,0.2331,0,0,0.3122,0.0,0.355,0.0,0.3313,-0.3344,-0.4746,0.1655068007493896,0.5552393854562429,-0.6613001819216723,GBPCPCFC_00299-0,GBPCPCFC_00299-0,Rickettsia endosymbiont of Bryobia graminum,2878922,71.0,1.57e-74,230,unclassified Rickettsia,114295,,,Rickettsia,780,0,Alphaproteobacteria,28211,158824,159306,GBPCPCFC_00298,GBPCPCFC_00300,mRNA
GBPCPCFC_00300,gnl|Prokka|GBPCPCFC_6,381,414170,0.1821,915.5354,761.5115,0.8674,0.0,0.3369,-0.3876,315,-0.7886,-0.7821,0.229,0,0,0.0487,0.4858,-0.0262,0.7079,0.346,0.0702,-0.3428,0.1996784891422933,-2.0719769016406695,-0.7395340028602759,GBPCPCFC_00300-0,GBPCPCFC_00300-0,Rickettsia endosymbiont of Culicoides newsteadi,1961830,54.4,2.44e-26,103,Rickettsiaceae,775,,,Rickettsiaceae,775,0,Alphaproteobacteria,28211,159653,159967,GBPCPCFC_00299,GBPCPCFC_00301,mRNA
GBPCPCFC_00301,gnl|Prokka|GBPCPCFC_6,381,414170,0.1821,915.5354,761.5115,0.8674,0.0,0.3369,-0.3876,963,0.0623,0.1023,0.2273,0,0,0.1375,0.0278,0.1878,0.0026,0.3136,-0.8183,-0.6322,0.11503998778990772,-0.09396601837465368,-0.7627587703224841,GBPCPCFC_00301-0,GBPCPCFC_00301-0,Rickettsia endosymbiont of Oedothorax gibbosus,931099,57.5,3.34e-108,326,unclassified Rickettsia,114295,,,Rickettsia,780,0,Alphaproteobacteria,28211,160018,160980,GBPCPCFC_00300,GBPCPCFC_00302,mRNA
GBPCPCFC_00302,gnl|Prokka|GBPCPCFC_6,381,414170,0.1821,915.5354,761.5115,0.8674,0.0,0.3369,-0.3876,549,-0.4813,-0.4627,0.2219,0,0,0.0659,0.2933,0.0915,0.1441,0.3388,-0.128,-0.4073,0.19963773861703343,-1.2803272439594389,-0.7458250673609986,GBPCPCFC_00302-0,GBPCPCFC_00302-0,Rickettsia endosymbiont of Labidopullus appendiculatus,2878921,80.7,1.01e-97,290,cellular organisms,131567,Sciaridae,7184,Sciaridae,7184,1,Eumetazoa,6072,161137,161685,GBPCPCFC_00301,GBPCPCFC_00303,mRNA
GBPCPCFC_00303,gnl|Prokka|GBPCPCFC_6,381,414170,0.1821,915.5354,761.5115,0.8674,0.0,0.3369,-0.3876,2145,1.6145,1.7156,0.2187,0,0,0.4065,0.0,0.4357,0.0,0.3212,-0.6098,-0.5643,-0.1936636822629875,3.46798808738463,-0.8873744600929244,GBPCPCFC_00303-0,GBPCPCFC_00303-0,Didymodactylos carnosus,1234261,73.4,0.0,1014,cellular organisms,131567,Protostomia,33317,Protostomia,33317,1,Eumetazoa,6072,161805,163949,GBPCPCFC_00302,GBPCPCFC_00304,mRNA
GBPCPCFC_00304,gnl|Prokka|GBPCPCFC_6,381,414170,0.1821,915.5354,761.5115,0.8674,0.0,0.3369,-0.3876,345,-0.7492,-0.7412,0.2077,0,0,-0.0461,0.4767,0.0016,0.9808,0.3449,0.0399,-0.3526,0.2745944283644717,-2.3274020862977243,-0.7657907140951293,GBPCPCFC_00304-0,GBPCPCFC_00304-0,Rhodospirillaceae bacterium B3,2728875,61.7,5.70e-37,132,cellular organisms,131567,Arthropoda,6656,Arthropoda,6656,1,Eumetazoa,6072,164082,164426,GBPCPCFC_00303,GBPCPCFC_00305,mRNA
GBPCPCFC_00305,gnl|Prokka|GBPCPCFC_6,381,414170,0.1821,915.5354,761.5115,0.8674,0.0,0.3369,-0.3876,381,-0.7019,-0.692,0.2059,0,0,0.1101,0.0829,0.1605,0.0112,0.378,0.9447,-0.0579,0.23159856236704818,-1.0862609524055902,-0.7452038597971676,GBPCPCFC_00305-0,GBPCPCFC_00305-0,unclassified Rickettsia,114295,88.9,8.78e-76,231,root,1,Sciaridae,7184,Sciaridae,7184,1,Eumetazoa,6072,164441,164821,GBPCPCFC_00304,GBPCPCFC_00306,mRNA
GBPCPCFC_00306,gnl|Prokka|GBPCPCFC_6,381,414170,0.1821,915.5354,761.5115,0.8674,0.0,0.3369,-0.3876,2727,2.3788,2.51,0.2036,0,0,0.3817,0.0,0.3478,0.0,0.3333,-0.2777,-0.4561,-0.3377774645606736,3.8502078572977156,-1.0209918048908444,GBPCPCFC_00306-0,GBPCPCFC_00306-0,Rickettsia endosymbiont of Cimex lectularius,2698648,84.0,0.0,1519,cellular organisms,131567,Sciaridae,7184,Sciaridae,7184,1,Eumetazoa,6072,164916,167642,GBPCPCFC_00305,GBPCPCFC_00307,mRNA
GBPCPCFC_00307,gnl|Prokka|GBPCPCFC_6,381,414170,0.1821,915.5354,761.5115,0.8674,0.0,0.3369,-0.3876,879,-0.048,-0.0123,0.1897,0,0,0.2344,0.0002,0.2905,0.0,0.347,0.0963,-0.3342,0.1037805188591882,0.5485144704687599,-0.8195728447726226,GBPCPCFC_00307-0,GBPCPCFC_00307-0,Rickettsia endosymbiont of Cimex lectularius,2698648,73.4,2.49e-135,394,cellular organisms,131567,Sciaridae,7184,Sciaridae,7184,1,Eumetazoa,6072,167792,168670,GBPCPCFC_00306,GBPCPCFC_00308,mRNA
GBPCPCFC_00308,gnl|Prokka|GBPCPCFC_6,381,414170,0.1821,915.5354,761.5115,0.8674,0.0,0.3369,-0.3876,942,0.0348,0.0737,0.1839,0,0,0.2254,0.0003,0.2181,0.0004,0.3439,0.0131,-0.3613,0.059799548381051046,0.3480537125969371,-0.8649629433857886,GBPCPCFC_00308-0,GBPCPCFC_00308-0,Stenotrophomonas humi,405444,49.8,1.70e-97,303,Pseudomonadota,1224,,,Pseudomonadota,1224,0,Pseudomonadota,1224,169003,169944,GBPCPCFC_00307,GBPCPCFC_00309,mRNA
GBPCPCFC_00309,gnl|Prokka|GBPCPCFC_6,381,414170,0.1821,915.5354,761.5115,0.8674,0.0,0.3369,-0.3876,3657,3.6,3.7794,0.1775,0,0,0.3229,0.0,0.329,0.0,0.3533,0.2692,-0.2779,-0.4917623817748896,4.799715308959563,-1.1923385959173083,GBPCPCFC_00309-0,GBPCPCFC_00309-0,Pseudolycoriella hygida,35572,77.9,0.0,1791,cellular organisms,131567,Sciaridae,7184,Sciaridae,7184,1,Eumetazoa,6072,170321,173977,GBPCPCFC_00308,GBPCPCFC_00310,mRNA
GBPCPCFC_00310,gnl|Prokka|GBPCPCFC_6,381,414170,0.1821,915.5354,761.5115,0.8674,0.0,0.3369,-0.3876,264,-0.8556,-0.8517,0.159,0,0,0.0934,0.1829,0.0883,0.2078,0.3409,-0.0702,-0.3885,0.22029189308945402,-1.5585271589337308,-0.8618253267850287,GBPCPCFC_00310-0,GBPCPCFC_00310-0,Rotaria sp. Silwood2,2762512,69.0,9.34e-32,121,cellular organisms,131567,Sciaridae,7184,Sciaridae,7184,1,Eumetazoa,6072,174160,174423,GBPCPCFC_00309,GBPCPCFC_00311,mRNA
GBPCPCFC_00311,gnl|Prokka|GBPCPCFC_6,381,414170,0.1821,915.5354,761.5115,0.8674,0.0,0.3369,-0.3876,984,0.0899,0.131,0.1571,0,0,0.3033,0.0,0.3694,0.0,0.3222,-0.584,-0.5559,0.0651447120026915,1.248511517744477,-0.8917604580652922,GBPCPCFC_00311-0,GBPCPCFC_00311-0,Rickettsia endosymbiont of Cimex lectularius,2698648,73.9,4.68e-160,464,cellular organisms,131567,Sciaridae,7184,Sciaridae,7184,1,Eumetazoa,6072,174558,175541,GBPCPCFC_00310,GBPCPCFC_00312,mRNA
GBPCPCFC_00312,gnl|Prokka|GBPCPCFC_6,381,414170,0.1821,915.5354,761.5115,0.8674,0.0,0.3369,-0.3876,798,-0.1543,-0.1229,0.1511,0,0,0.1201,0.055,0.1682,0.007,0.3672,0.6492,-0.1541,0.134573047962326,-0.45206489752987045,-0.9221370708296102,GBPCPCFC_00312-0,GBPCPCFC_00312-0,Didymodactylos carnosus,1234261,84.2,1.22e-159,454,cellular organisms,131567,Protostomia,33317,Protostomia,33317,1,Eumetazoa,6072,175790,176587,GBPCPCFC_00311,GBPCPCFC_00313,mRNA
GBPCPCFC_00313,gnl|Prokka|GBPCPCFC_6,381,414170,0.1821,915.5354,761.5115,0.8674,0.0,0.3369,-0.3876,657,-0.3395,-0.3153,0.1472,0,0,0.2125,0.0011,0.2422,0.0002,0.309,-0.9449,-0.6735,0.1302011450649773,-0.005347312162443638,-0.9036376935758526,GBPCPCFC_00313-0,GBPCPCFC_00313-0,Rickettsia endosymbiont of Bryobia graminum,2878922,75.7,2.62e-117,343,unclassified Rickettsia,114295,,,Rickettsia,780,0,Alphaproteobacteria,28211,176610,177266,GBPCPCFC_00312,GBPCPCFC_00314,mRNA
GBPCPCFC_00314,gnl|Prokka|GBPCPCFC_6,381,414170,0.1821,915.5354,761.5115,0.8674,0.0,0.3369,-0.3876,876,-0.0519,-0.0164,0.144,0,0,0.1102,0.0785,0.1153,0.0655,0.3322,-0.309,-0.4663,0.09803735716732911,-0.5689108985466352,-0.9652737423927585,GBPCPCFC_00314-0,GBPCPCFC_00314-0,Pseudolycoriella hygida,35572,84.1,6.45e-165,471,cellular organisms,131567,Sciaridae,7184,Sciaridae,7184,1,Eumetazoa,6072,177268,178143,GBPCPCFC_00313,GBPCPCFC_00315,mRNA
GBPCPCFC_00315,gnl|Prokka|GBPCPCFC_6,381,414170,0.1821,915.5354,761.5115,0.8674,0.0,0.3369,-0.3876,765,-0.1977,-0.1679,0.1398,0,0,0.1675,0.0072,0.1239,0.0478,0.315,-0.7791,-0.6194,0.08045099890911953,-0.4514000270863704,-0.9683382736791827,GBPCPCFC_00315-0,GBPCPCFC_00315-0,unclassified Rickettsia,114295,87.0,1.14e-154,441,unclassified Rickettsia,114295,,,Rickettsia,780,0,Alphaproteobacteria,28211,178140,178904,GBPCPCFC_00314,GBPCPCFC_00316,mRNA
GBPCPCFC_00316,gnl|Prokka|GBPCPCFC_6,381,414170,0.1821,915.5354,761.5115,0.8674,0.0,0.3369,-0.3876,579,-0.4419,-0.4218,0.1361,0,0,0.0181,0.7891,0.0653,0.3325,0.2746,-1.8865,-0.9802,0.19816039183534723,-1.522620186891954,-0.9484872976991655,GBPCPCFC_00316-0,GBPCPCFC_00316-0,Rickettsia endosymbiont of Cimex lectularius,2698648,66.0,7.95e-87,264,unclassified Rickettsia,114295,,,Rickettsia,780,0,Alphaproteobacteria,28211,178901,179479,GBPCPCFC_00315,GBPCPCFC_00317,mRNA
GBPCPCFC_00317,gnl|Prokka|GBPCPCFC_6,381,414170,0.1821,915.5354,761.5115,0.8674,0.0,0.3369,-0.3876,1851,1.2284,1.3144,0.1333,0,0,0.4777,0.0,0.415,0.0,0.3447,0.0331,-0.3548,-0.21763162386245458,3.299565019030878,-1.0680836440022758,GBPCPCFC_00317-0,GBPCPCFC_00317-0,Pseudolycoriella hygida,35572,81.6,0.0,1008,cellular organisms,131567,Sciaridae,7184,Sciaridae,7184,1,Eumetazoa,6072,179479,181329,GBPCPCFC_00316,GBPCPCFC_00318,mRNA
GBPCPCFC_00318,gnl|Prokka|GBPCPCFC_6,381,414170,0.1821,915.5354,761.5115,0.8674,0.0,0.3369,-0.3876,420,-0.6507,-0.6388,0.1231,0,0,0.1086,0.0989,0.0863,0.1901,0.3,-1.1909,-0.7536,0.16968722342469145,-1.2896689361183815,-0.9673140357914627,GBPCPCFC_00318-0,GBPCPCFC_00318-0,Rickettsia endosymbiont of Bryobia graminum,2878922,74.3,8.47e-69,214,Pseudomonadota,1224,,,Pseudomonadota,1224,0,Pseudomonadota,1224,181598,182017,GBPCPCFC_00317,GBPCPCFC_00319,mRNA
GBPCPCFC_00319,gnl|Prokka|GBPCPCFC_6,381,414170,0.1821,915.5354,761.5115,0.8674,0.0,0.3369,-0.3876,2280,1.7918,1.8999,0.1206,0,0,0.3896,0.0,0.4465,0.0,0.3509,0.2029,-0.2995,-0.22254668202108754,3.623258121095697,-1.1236269117807063,GBPCPCFC_00319-0,GBPCPCFC_00319-0,Rickettsia endosymbiont of Bryobia graminum,2878922,83.5,0.0,1266,cellular organisms,131567,Sciaridae,7184,Sciaridae,7184,1,Eumetazoa,6072,182101,184380,GBPCPCFC_00318,GBPCPCFC_00320,mRNA
GBPCPCFC_00320,gnl|Prokka|GBPCPCFC_6,381,414170,0.1821,915.5354,761.5115,0.8674,0.0,0.3369,-0.3876,1041,0.1648,0.2088,0.1093,0,0,0.2656,0.0,0.2655,0.0,0.3218,-0.5935,-0.559,0.01888881186822029,0.8156545547961086,-1.0395618910178395,GBPCPCFC_00320-0,GBPCPCFC_00320-0,Rickettsia endosymbiont of Bryobia graminum,2878922,81.9,1.48e-171,489,Rickettsia,780,,,Rickettsia,780,0,Alphaproteobacteria,28211,184451,185491,GBPCPCFC_00319,GBPCPCFC_00321,mRNA
GBPCPCFC_00321,gnl|Prokka|GBPCPCFC_6,381,414170,0.1821,915.5354,761.5115,0.8674,0.0,0.3369,-0.3876,1047,0.1726,0.217,0.1038,0,0,0.2072,0.0009,0.1631,0.0089,0.3066,-1.0104,-0.6948,0.007826206166616998,0.2303661159619298,-1.079196460253972,GBPCPCFC_00321-0,GBPCPCFC_00321-0,Rickettsia akari,786,26.9,6.16e-13,81.6,Rickettsia,780,,,Rickettsia,780,0,Alphaproteobacteria,28211,185594,186640,GBPCPCFC_00320,GBPCPCFC_00322,mRNA
GBPCPCFC_00322,gnl|Prokka|GBPCPCFC_6,381,414170,0.1821,915.5354,761.5115,0.8674,0.0,0.3369,-0.3876,1257,0.4484,0.5036,0.0981,0,0,0.2241,0.0003,0.2721,0.0,0.3866,1.1826,0.0196,0.008555853385373782,0.95850188471812,-1.0823585746397089,GBPCPCFC_00322-0,GBPCPCFC_00322-0,Rickettsia endosymbiont of Cimex lectularius,2698648,87.3,3.17e-264,731,cellular organisms,131567,Sciaridae,7184,Sciaridae,7184,1,Eumetazoa,6072,186768,188024,GBPCPCFC_00321,GBPCPCFC_00323,mRNA
GBPCPCFC_00323,gnl|Prokka|GBPCPCFC_6,381,414170,0.1821,915.5354,761.5115,0.8674,0.0,0.3369,-0.3876,1116,0.2632,0.3112,0.092,0,0,0.2633,0.0,0.2894,0.0,0.3746,0.8515,-0.0882,0.014507998080694187,0.9903231785883646,-1.0797902292425081,GBPCPCFC_00323-0,GBPCPCFC_00323-0,Rickettsia endosymbiont of Labidopullus appendiculatus,2878921,73.1,8.29e-183,521,cellular organisms,131567,Sciaridae,7184,Sciaridae,7184,1,Eumetazoa,6072,188035,189150,GBPCPCFC_00322,GBPCPCFC_00324,mRNA
GBPCPCFC_00324,gnl|Prokka|GBPCPCFC_6,381,414170,0.1821,915.5354,761.5115,0.8674,0.0,0.3369,-0.3876,417,-0.6547,-0.6429,0.0865,0,0,0.0709,0.2732,0.079,0.2215,0.3261,-0.4748,-0.5203,0.1870947192759097,-1.472431029098824,-1.0474304821561404,GBPCPCFC_00324-0,GBPCPCFC_00324-0,Rickettsia endosymbiont of Cimex lectularius,2698648,67.7,2.02e-57,185,unclassified Rickettsia,114295,,,Rickettsia,780,0,Alphaproteobacteria,28211,189177,189593,GBPCPCFC_00323,GBPCPCFC_00325,mRNA
GBPCPCFC_00325,gnl|Prokka|GBPCPCFC_6,381,414170,0.1821,915.5354,761.5115,0.8674,0.0,0.3369,-0.3876,1476,0.736,0.8025,0.0816,0,0,0.0558,0.3738,0.086,0.1704,0.2961,-1.2986,-0.7887,-0.007296842502288506,-0.0809229801400865,-1.1841791031457418,GBPCPCFC_00325-0,GBPCPCFC_00325-0,Rickettsia felis,42862,29.7,6.73e-26,124,Rickettsieae,33988,,,Rickettsieae,33988,0,Alphaproteobacteria,28211,190194,191669,GBPCPCFC_00324,GBPCPCFC_00326,mRNA
GBPCPCFC_00326,gnl|Prokka|GBPCPCFC_6,381,414170,0.1821,915.5354,761.5115,0.8674,0.0,0.3369,-0.3876,2070,1.516,1.6133,0.0741,0,0,0.1505,0.0159,0.1952,0.0017,0.3203,-0.6351,-0.5725,-0.1406820366440023,1.4891564871846803,-1.2525460300079128,GBPCPCFC_00326-0,GBPCPCFC_00326-0,Rickettsia tillamookensis,2761623,46.2,1.41e-130,413,Rickettsia tillamookensis,2761623,,,Rickettsia tillamookensis,2761623,0,Alphaproteobacteria,28211,191739,193808,GBPCPCFC_00325,GBPCPCFC_00327,mRNA
GBPCPCFC_00327,gnl|Prokka|GBPCPCFC_6,381,414170,0.1821,915.5354,761.5115,0.8674,0.0,0.3369,-0.3876,1095,0.2357,0.2825,0.0641,0,0,0.0866,0.1671,0.1653,0.008,0.3689,0.698,-0.1382,0.08154096621620882,-0.19423667973392456,-1.1547541314837584,GBPCPCFC_00327-0,GBPCPCFC_00327-0,Rickettsia bellii,33990,92.6,4.81e-250,691,cellular organisms,131567,Arthropoda,6656,Arthropoda,6656,1,Eumetazoa,6072,193820,194914,GBPCPCFC_00326,GBPCPCFC_00328,mRNA
GBPCPCFC_00328,gnl|Prokka|GBPCPCFC_6,381,414170,0.1821,915.5354,761.5115,0.8674,0.0,0.3369,-0.3876,3153,2.9382,3.0915,0.0583,0,0,0.2793,0.0,0.3723,0.0,0.3095,-0.9294,-0.6684,-0.36265644830653837,4.093655237274021,-1.3820713207316213,GBPCPCFC_00328-0,GBPCPCFC_00328-0,unclassified Wolbachia,2640676,27.3,1.03e-52,212,Wolbachia,953,,,Wolbachia,953,0,Alphaproteobacteria,28211,195009,198161,GBPCPCFC_00327,GBPCPCFC_00329,mRNA
GBPCPCFC_00329,gnl|Prokka|GBPCPCFC_6,381,414170,0.1821,915.5354,761.5115,0.8674,0.0,0.3369,-0.3876,753,-0.2134,-0.1843,0.0429,0,0,-0.0224,0.7251,0.0503,0.4302,0.2922,-1.4056,-0.8235,0.16708322606792345,-1.5013019029409953,-1.1832881008238127,GBPCPCFC_00329-0,GBPCPCFC_00329-0,Rickettsia endosymbiont of Bryobia graminum,2878922,62.5,1.43e-106,318,unclassified Rickettsia,114295,,,Rickettsia,780,0,Alphaproteobacteria,28211,198207,198959,GBPCPCFC_00328,GBPCPCFC_00330,mRNA
GBPCPCFC_00330,gnl|Prokka|GBPCPCFC_6,381,414170,0.1821,915.5354,761.5115,0.8674,0.0,0.3369,-0.3876,438,-0.6271,-0.6142,0.0363,0,0,0.11,0.0839,0.1573,0.0131,0.3242,-0.5279,-0.5376,0.18333881858810308,-1.0106041990010872,-1.144801593035093,GBPCPCFC_00330-0,GBPCPCFC_00330-0,Parachlamydia sp. AcF125,2795736,70.4,1.21e-66,209,Bacteria,2,,,Bacteria,2,0,Bacteria,2,199559,199996,GBPCPCFC_00329,GBPCPCFC_00331,mRNA
GBPCPCFC_00331,gnl|Prokka|GBPCPCFC_6,381,414170,0.1821,915.5354,761.5115,0.8674,0.0,0.3369,-0.3876,1107,0.2514,0.2989,0.032,0,0,0.1077,0.0854,0.1444,0.0208,0.3713,0.7617,-0.1175,0.045944823455637454,-0.16052121248753728,-1.241485946534902,GBPCPCFC_00331-0,GBPCPCFC_00331-0,Rickettsia bellii,33990,92.5,5.41e-248,686,cellular organisms,131567,Arthropoda,6656,Arthropoda,6656,1,Eumetazoa,6072,200448,201554,GBPCPCFC_00330,GBPCPCFC_00332,mRNA
GBPCPCFC_00332,gnl|Prokka|GBPCPCFC_6,381,414170,0.1821,915.5354,761.5115,0.8674,0.0,0.3369,-0.3876,1245,0.4326,0.4872,0.0266,0,0,0.3453,0.0,0.3536,0.0,0.2964,-1.29,-0.7859,-0.05305418661490596,1.7283768392054384,-1.2381778347079562,GBPCPCFC_00332-0,GBPCPCFC_00332-0,Rickettsiaceae bacterium,2023360,39.2,2.73e-86,284,Pseudomonadota,1224,,,Pseudomonadota,1224,0,Pseudomonadota,1224,201573,202817,GBPCPCFC_00331,GBPCPCFC_00333,mRNA
GBPCPCFC_00333,gnl|Prokka|GBPCPCFC_6,381,414170,0.1821,915.5354,761.5115,0.8674,0.0,0.3369,-0.3876,438,-0.6271,-0.6142,0.0191,0,0,0.1776,0.008,0.1381,0.0398,0.2877,-1.5287,-0.8636,0.11924778623607572,-0.7954348741160423,-1.2032599174596217,GBPCPCFC_00333-0,GBPCPCFC_00333-0,,,,,,,,,,,,0,Unassigned,,203129,203566,GBPCPCFC_00332,GBPCPCFC_00334,mRNA
GBPCPCFC_00334,gnl|Prokka|GBPCPCFC_6,381,414170,0.1821,915.5354,761.5115,0.8674,0.0,0.3369,-0.3876,975,0.0781,0.1187,0.0153,0,0,0.1835,0.0037,0.1727,0.0064,0.2872,-1.5422,-0.868,0.026141380830232104,0.073299821175487,-1.2669933197919558,GBPCPCFC_00334-0,GBPCPCFC_00334-0,Rickettsia endosymbiont of Cimex lectularius,2698648,66.4,1.22e-151,439,Rickettsia endosymbiont of Cimex lectularius,2698648,,,Rickettsia endosymbiont of Cimex lectularius,2698648,0,Alphaproteobacteria,28211,203925,204899,GBPCPCFC_00333,GBPCPCFC_00335,mRNA
GBPCPCFC_00335,gnl|Prokka|GBPCPCFC_6,381,414170,0.1821,915.5354,761.5115,0.8674,0.0,0.3369,-0.3876,4671,4.9316,5.1634,0.0125,0,0,0.4351,0.0,0.4687,0.0,0.3261,-0.4771,-0.5211,-0.7381356412379027,7.122951000839902,-1.6681550030603036,GBPCPCFC_00335-0,GBPCPCFC_00335-0,Pseudolycoriella hygida,35572,29.5,2.04e-150,518,Pseudolycoriella hygida,35572,,,Pseudolycoriella hygida,35572,0,Eumetazoa,6072,205007,209677,GBPCPCFC_00334,GBPCPCFC_00336,mRNA
GBPCPCFC_00336,gnl|Prokka|GBPCPCFC_6,381,414170,0.1821,915.5354,761.5115,0.8674,0.0,0.3369,-0.3876,2097,1.5515,1.6501,0.0237,0,0,0.3441,0.0,0.31,0.0,0.3457,0.062,-0.3454,-0.24271932967506854,2.7247196294207807,-1.3653589119489058,GBPCPCFC_00336-0,GBPCPCFC_00336-0,Rickettsia endosymbiont of Oxypoda opaca,2866308,28.1,3.90e-43,176,unclassified Rickettsia,114295,,,Rickettsia,780,0,Alphaproteobacteria,28211,209896,211992,GBPCPCFC_00335,GBPCPCFC_00337,mRNA
GBPCPCFC_00337,gnl|Prokka|GBPCPCFC_6,381,414170,0.1821,915.5354,761.5115,0.8674,0.0,0.3369,-0.3876,627,-0.3789,-0.3563,0.0267,0,0,0.2316,0.0002,0.2763,0.0,0.3142,-0.8021,-0.6269,0.11409133289799632,0.1571757534814856,-1.1692105966151602,GBPCPCFC_00337-0,GBPCPCFC_00337-0,Rickettsia endosymbiont of Sericostoma sp. HW-2014,2878927,68.6,3.92e-103,306,unclassified Rickettsia,114295,,,Rickettsia,780,0,Alphaproteobacteria,28211,211994,212620,GBPCPCFC_00336,GBPCPCFC_00338,mRNA
GBPCPCFC_00338,gnl|Prokka|GBPCPCFC_6,381,414170,0.1821,915.5354,761.5115,0.8674,0.0,0.3369,-0.3876,207,-0.9304,-0.9295,0.0296,0,0,0.0678,0.428,0.0661,0.4392,0.2222,-3.3218,-1.4478,0.212214142794264,-1.8098951318361085,-1.1568863005400682,GBPCPCFC_00338-0,GBPCPCFC_00338-0,,,,,,,,,,,,0,Unassigned,,213017,213223,GBPCPCFC_00337,GBPCPCFC_00339,mRNA
GBPCPCFC_00339,gnl|Prokka|GBPCPCFC_6,381,414170,0.1821,915.5354,761.5115,0.8674,0.0,0.3369,-0.3876,162,-0.9895,-0.991,0.031,0,0,0.0811,0.2763,0.2157,0.0035,0.3457,0.0605,-0.3459,0.2881258991484336,-1.302401548763731,-1.097039478358207,GBPCPCFC_00339-0,GBPCPCFC_00339-0,Rickettsia endosymbiont of Cimex lectularius,2698648,84.3,5.19e-19,82.0,Rickettsia,780,,,Rickettsia,780,0,Alphaproteobacteria,28211,213336,213497,GBPCPCFC_00338,GBPCPCFC_00340,mRNA
GBPCPCFC_00340,gnl|Prokka|GBPCPCFC_6,381,414170,0.1821,915.5354,761.5115,0.8674,0.0,0.3369,-0.3876,1905,1.2993,1.3881,0.0403,0,0,0.2917,0.0,0.3161,0.0,0.3171,-0.7235,-0.6013,-0.15906408503475383,2.267919559062073,-1.291894160957193,GBPCPCFC_00340-0,GBPCPCFC_00340-0,Wolbachia endosymbiont (group B) of Episyrphus balteatus,2954009,62.2,5.74e-276,779,cellular organisms,131567,Endopterygota,33392,Endopterygota,33392,1,Eumetazoa,6072,213527,215431,GBPCPCFC_00339,GBPCPCFC_00341,mRNA
GBPCPCFC_00341,gnl|Prokka|GBPCPCFC_6,381,414170,0.1821,915.5354,761.5115,0.8674,0.0,0.3369,-0.3876,246,-0.8792,-0.8763,0.0421,0,0,0.1657,0.0196,0.2212,0.0017,0.3171,-0.7232,-0.6012,0.21334111981857504,-0.8199960621122009,-1.0947662131298073,GBPCPCFC_00341-0,GBPCPCFC_00341-0,unclassified Rickettsia,114295,45.7,1.37e-16,77.8,unclassified Rickettsia,114295,,,Rickettsia,780,0,Alphaproteobacteria,28211,215552,215797,GBPCPCFC_00340,GBPCPCFC_00342,mRNA
GBPCPCFC_00342,gnl|Prokka|GBPCPCFC_6,381,414170,0.1821,915.5354,761.5115,0.8674,0.0,0.3369,-0.3876,906,-0.0125,0.0245,0.0468,0,0,0.2414,0.0001,0.2536,0.0,0.3113,-0.8825,-0.6531,0.04441683891002445,0.495687220529414,-1.1671011254771537,GBPCPCFC_00342-0,GBPCPCFC_00342-0,unclassified Rickettsia,114295,69.1,6.12e-152,438,unclassified Rickettsia,114295,,,Rickettsia,780,0,Alphaproteobacteria,28211,215875,216780,GBPCPCFC_00341,GBPCPCFC_00343,mRNA
GBPCPCFC_00343,gnl|Prokka|GBPCPCFC_6,381,414170,0.1821,915.5354,761.5115,0.8674,0.0,0.3369,-0.3876,1008,0.1214,0.1638,0.0516,0,0,0.2118,0.0008,0.2529,0.0001,0.3135,-0.8213,-0.6332,0.04718333332761143,0.5080277373331731,-1.1636279469415745,GBPCPCFC_00343-0,GBPCPCFC_00343-0,Rickettsia endosymbiont of Sericostoma sp. HW-2014,2878927,65.2,2.24e-150,436,unclassified Rickettsia,114295,,,Rickettsia,780,0,Alphaproteobacteria,28211,216764,217771,GBPCPCFC_00342,GBPCPCFC_00344,mRNA
GBPCPCFC_00344,gnl|Prokka|GBPCPCFC_6,381,414170,0.1821,915.5354,761.5115,0.8674,0.0,0.3369,-0.3876,846,-0.0913,-0.0574,0.0579,0,0,0.2481,0.0001,0.2407,0.0001,0.3546,0.3052,-0.2662,0.04688853613657698,0.39770174418958926,-1.1398944681717773,GBPCPCFC_00344-0,GBPCPCFC_00344-0,Rickettsia endosymbiont of Pseudomimeciton antennatum,2878923,77.2,9.95e-159,453,Rickettsia,780,,,Rickettsia,780,0,Alphaproteobacteria,28211,218238,219083,GBPCPCFC_00343,GBPCPCFC_00345,mRNA
GBPCPCFC_00345,gnl|Prokka|GBPCPCFC_6,381,414170,0.1821,915.5354,761.5115,0.8674,0.0,0.3369,-0.3876,90,-1.0841,-1.0892,0.0591,0,0,-0.0706,0.4853,-0.0536,0.5964,0.3889,1.2443,0.0397,0.2837088787398442,-2.9538566236815123,-1.0926870394130002,GBPCPCFC_00345-0,GBPCPCFC_00345-0,,,,,,,,,,,,0,Unassigned,,219234,219323,GBPCPCFC_00344,GBPCPCFC_00346,mRNA
GBPCPCFC_00346,gnl|Prokka|GBPCPCFC_6,381,414170,0.1821,915.5354,761.5115,0.8674,0.0,0.3369,-0.3876,1023,0.1411,0.1842,0.064,0,0,0.1386,0.0265,0.1492,0.0169,0.348,0.124,-0.3252,0.04848735582517967,-0.13156457027896004,-1.1609701200714018,GBPCPCFC_00346-0,GBPCPCFC_00346-0,Rickettsiales bacterium,2026788,66.3,9.39e-159,460,Bacteria,2,,,Bacteria,2,0,Bacteria,2,219310,220332,GBPCPCFC_00345,GBPCPCFC_00347,mRNA
GBPCPCFC_00347,gnl|Prokka|GBPCPCFC_6,381,414170,0.1821,915.5354,761.5115,0.8674,0.0,0.3369,-0.3876,168,-0.9816,-0.9828,0.0647,0,0,0.1604,0.0283,0.1273,0.0826,0.3512,0.2115,-0.2967,0.18922850960245088,-1.2708989914887354,-1.065553540247394,GBPCPCFC_00347-0,GBPCPCFC_00347-0,,,,,,,,,,,,0,Unassigned,,220313,220480,GBPCPCFC_00346,GBPCPCFC_00348,mRNA
GBPCPCFC_00348,gnl|Prokka|GBPCPCFC_6,381,414170,0.1821,915.5354,761.5115,0.8674,0.0,0.3369,-0.3876,555,-0.4734,-0.4546,0.0684,0,0,0.0237,0.7105,0.0611,0.338,0.3441,0.0185,-0.3596,0.18236768518772523,-1.5422186844114678,-1.1042657055520935,GBPCPCFC_00348-0,GBPCPCFC_00348-0,Rickettsia endosymbiont of Labidopullus appendiculatus,2878921,57.5,2.09e-35,132,cellular organisms,131567,Sciaridae,7184,Sciaridae,7184,1,Eumetazoa,6072,220705,221259,GBPCPCFC_00347,GBPCPCFC_00349,mRNA
GBPCPCFC_00349,gnl|Prokka|GBPCPCFC_6,381,414170,0.1821,915.5354,761.5115,0.8674,0.0,0.3369,-0.3876,648,-0.3513,-0.3276,0.0721,0,0,0.0749,0.2478,0.1213,0.0605,0.2701,-2.0112,-1.0208,0.15735228957629063,-0.998017338602709,-1.0947559429006009,GBPCPCFC_00349-0,GBPCPCFC_00349-0,Rickettsia endosymbiont of Labidopullus appendiculatus,2878921,64.7,5.46e-85,261,unclassified Rickettsia,114295,,,Rickettsia,780,0,Alphaproteobacteria,28211,221374,222021,GBPCPCFC_00348,GBPCPCFC_00350,mRNA
GBPCPCFC_00350,gnl|Prokka|GBPCPCFC_6,381,414170,0.1821,915.5354,761.5115,0.8674,0.0,0.3369,-0.3876,651,-0.3474,-0.3235,0.0769,0,0,0.106,0.0906,0.05,0.4259,0.3441,0.0169,-0.3601,0.0978929910184465,-1.1100041180184523,-1.114984514032974,GBPCPCFC_00350-0,GBPCPCFC_00350-0,,,,,,,,,,,,0,Unassigned,,222359,223009,GBPCPCFC_00349,GBPCPCFC_00351,mRNA
GBPCPCFC_00351,gnl|Prokka|GBPCPCFC_6,381,414170,0.1821,915.5354,761.5115,0.8674,0.0,0.3369,-0.3876,615,-0.3947,-0.3727,0.0806,0,0,0.1053,0.0926,0.0844,0.1782,0.3366,-0.1886,-0.4271,0.12394374575183738,-1.0440646414093313,-1.089549787764465,GBPCPCFC_00351-0,GBPCPCFC_00351-0,,,,,,,,,,,,0,Unassigned,,223170,223784,GBPCPCFC_00350,GBPCPCFC_00352,mRNA
GBPCPCFC_00352,gnl|Prokka|GBPCPCFC_6,381,414170,0.1821,915.5354,761.5115,0.8674,0.0,0.3369,-0.3876,654,-0.3434,-0.3194,0.0839,0,0,0.0977,0.125,0.1523,0.0164,0.2844,-1.6182,-0.8928,0.15747591829536406,-0.7900216928936536,-1.061180603285714,GBPCPCFC_00352-0,GBPCPCFC_00352-0,Rickettsia endosymbiont of Labidopullus appendiculatus,2878921,51.6,5.84e-60,197,unclassified Rickettsia,114295,,,Rickettsia,780,0,Alphaproteobacteria,28211,223801,224454,GBPCPCFC_00351,GBPCPCFC_00353,mRNA
GBPCPCFC_00353,gnl|Prokka|GBPCPCFC_6,381,414170,0.1821,915.5354,761.5115,0.8674,0.0,0.3369,-0.3876,297,-0.8122,-0.8067,0.0853,0,0,0.0665,0.304,0.1015,0.1161,0.3906,1.2904,0.0548,0.22529029567071376,-1.5755277730267583,-1.0265762800205727,GBPCPCFC_00353-0,GBPCPCFC_00353-0,,,,,,,,,,,,0,Unassigned,,224457,224753,GBPCPCFC_00352,GBPCPCFC_00354,mRNA
GBPCPCFC_00354,gnl|Prokka|GBPCPCFC_6,381,414170,0.1821,915.5354,761.5115,0.8674,0.0,0.3369,-0.3876,1776,1.1299,1.212,0.0941,0,0,0.3629,0.0,0.3381,0.0,0.3986,1.5117,0.1269,-0.16450826617722003,2.4611239443919084,-1.156522021007117,GBPCPCFC_00354-0,GBPCPCFC_00354-0,Rickettsia endosymbiont of Sericostoma sp. HW-2014,2878927,88.0,0.0,1059,cellular organisms,131567,Arthropoda,6656,Arthropoda,6656,1,Eumetazoa,6072,224789,226564,GBPCPCFC_00353,GBPCPCFC_00355,mRNA
GBPCPCFC_00355,gnl|Prokka|GBPCPCFC_6,381,414170,0.1821,915.5354,761.5115,0.8674,0.0,0.3369,-0.3876,870,-0.0598,-0.0246,0.0984,0,0,0.3191,0.0,0.3025,0.0,0.3149,-0.7816,-0.6202,0.02913840538121521,0.933945416112574,-1.0398387563410103,GBPCPCFC_00355-0,GBPCPCFC_00355-0,Rickettsia endosymbiont of Culicoides impunctatus,2867440,70.5,4.10e-137,399,unclassified Rickettsia,114295,,,Rickettsia,780,0,Alphaproteobacteria,28211,226602,227471,GBPCPCFC_00354,GBPCPCFC_00356,mRNA
GBPCPCFC_00356,gnl|Prokka|GBPCPCFC_6,381,414170,0.1821,915.5354,761.5115,0.8674,0.0,0.3369,-0.3876,942,0.0348,0.0737,0.1032,0,0,0.2496,0.0001,0.2821,0.0,0.3493,0.1585,-0.314,0.0576107997506115,0.6726883436278697,-1.0326383756498128,GBPCPCFC_00356-0,GBPCPCFC_00356-0,Rickettsia endosymbiont of Cimex lectularius,2698648,75.2,3.54e-167,478,cellular organisms,131567,Sciaridae,7184,Sciaridae,7184,1,Eumetazoa,6072,227522,228463,GBPCPCFC_00355,GBPCPCFC_00357,mRNA
GBPCPCFC_00357,gnl|Prokka|GBPCPCFC_6,381,414170,0.1821,915.5354,761.5115,0.8674,0.0,0.3369,-0.3876,849,-0.0874,-0.0533,0.1074,0,0,0.09,0.1509,0.1521,0.0148,0.3145,-0.794,-0.6243,0.12970273566847196,-0.5606569455838081,-1.0297157030492876,GBPCPCFC_00357-0,GBPCPCFC_00357-0,Rickettsia endosymbiont of Bryobia graminum,2878922,65.3,5.60e-122,360,cellular organisms,131567,Sciaridae,7184,Sciaridae,7184,1,Eumetazoa,6072,228478,229326,GBPCPCFC_00356,GBPCPCFC_00358,mRNA
GBPCPCFC_00358,gnl|Prokka|GBPCPCFC_6,381,414170,0.1821,915.5354,761.5115,0.8674,0.0,0.3369,-0.3876,654,-0.3434,-0.3194,0.1106,0,0,0.2207,0.0005,0.1873,0.0031,0.3257,-0.4872,-0.5243,0.08885081795262803,-0.1618518367874549,-1.008749793442355,GBPCPCFC_00358-0,GBPCPCFC_00358-0,Rickettsia endosymbiont of Bryobia graminum,2878922,71.8,3.19e-109,323,unclassified Rickettsia,114295,,,Rickettsia,780,0,Alphaproteobacteria,28211,229344,229997,GBPCPCFC_00357,GBPCPCFC_00359,mRNA
GBPCPCFC_00359,gnl|Prokka|GBPCPCFC_6,381,414170,0.1821,915.5354,761.5115,0.8674,0.0,0.3369,-0.3876,222,-0.9107,-0.9091,0.1117,0,0,0.0794,0.2345,0.0115,0.8639,0.3649,0.5861,-0.1747,0.1897365176255003,-1.9336900992521053,-0.9907972417177512,GBPCPCFC_00359-0,GBPCPCFC_00359-0,,,,,,,,,,,,0,Unassigned,,230001,230222,GBPCPCFC_00358,GBPCPCFC_00360,mRNA
GBPCPCFC_00360,gnl|Prokka|GBPCPCFC_6,381,414170,0.1821,915.5354,761.5115,0.8674,0.0,0.3369,-0.3876,612,-0.3986,-0.3768,0.1148,0,0,0.1005,0.1139,0.1311,0.0387,0.3464,0.0804,-0.3394,0.15919780491217614,-0.9092980483653267,-0.9928018845875656,GBPCPCFC_00360-0,GBPCPCFC_00360-0,unclassified Rickettsia,114295,92.5,1.84e-96,288,cellular organisms,131567,Sciaridae,7184,Sciaridae,7184,1,Eumetazoa,6072,230244,230855,GBPCPCFC_00359,GBPCPCFC_00361,mRNA
GBPCPCFC_00361,gnl|Prokka|GBPCPCFC_6,381,414170,0.1821,915.5354,761.5115,0.8674,0.0,0.3369,-0.3876,336,-0.761,-0.7535,0.1169,0,0,0.0415,0.5158,0.0881,0.1668,0.3452,0.0484,-0.3498,0.2360871973201447,-1.674273959058076,-0.9588340577103551,GBPCPCFC_00361-0,GBPCPCFC_00361-0,,,,,,,,,,,,0,Unassigned,,230966,231301,GBPCPCFC_00360,GBPCPCFC_00362,mRNA
GBPCPCFC_00362,gnl|Prokka|GBPCPCFC_6,381,414170,0.1821,915.5354,761.5115,0.8674,0.0,0.3369,-0.3876,1782,1.1378,1.2202,0.1261,0,0,0.3162,0.0,0.4381,0.0,0.3064,-1.0157,-0.6965,-0.07274678270624794,2.617362378183058,-1.0395382900432357,GBPCPCFC_00362-0,GBPCPCFC_00362-0,Rickettsia endosymbiont of Bryobia graminum,2878922,73.5,0.0,900,unclassified Rickettsia,114295,,,Rickettsia,780,0,Alphaproteobacteria,28211,231425,233206,GBPCPCFC_00361,GBPCPCFC_00363,mRNA
GBPCPCFC_00363,gnl|Prokka|GBPCPCFC_6,381,414170,0.1821,915.5354,761.5115,0.8674,0.0,0.3369,-0.3876,1908,1.3033,1.3922,0.1354,0,0,0.2844,0.0,0.3411,0.0,0.3464,0.0812,-0.3392,-0.12148709977747674,2.3221166703801246,-1.0625984430558995,GBPCPCFC_00363-0,GBPCPCFC_00363-0,Pseudolycoriella hygida,35572,87.9,0.0,1033,cellular organisms,131567,Sciaridae,7184,Sciaridae,7184,1,Eumetazoa,6072,233224,235131,GBPCPCFC_00362,GBPCPCFC_00364,mRNA
GBPCPCFC_00364,gnl|Prokka|GBPCPCFC_6,381,414170,0.1821,915.5354,761.5115,0.8674,0.0,0.3369,-0.3876,750,-0.2174,-0.1884,0.1393,0,0,0.3077,0.0,0.3048,0.0,0.3973,1.4757,0.1151,0.07102416098546506,0.7300608048601293,-0.9277969116543844,GBPCPCFC_00364-0,GBPCPCFC_00364-0,Rickettsia endosymbiont of Bryobia graminum,2878922,73.1,1.32e-134,389,cellular organisms,131567,Sciaridae,7184,Sciaridae,7184,1,Eumetazoa,6072,235193,235942,GBPCPCFC_00363,GBPCPCFC_00365,mRNA
GBPCPCFC_00365,gnl|Prokka|GBPCPCFC_6,381,414170,0.1821,915.5354,761.5115,0.8674,0.0,0.3369,-0.3876,774,-0.1859,-0.1556,0.1432,0,0,0.1419,0.0231,0.1747,0.0051,0.345,0.0408,-0.3523,0.12463491775043357,-0.37130400983805045,-0.9389428990014717,GBPCPCFC_00365-0,GBPCPCFC_00365-0,Rickettsia endosymbiont of Labidopullus appendiculatus,2878921,38.4,7.20e-16,89.0,Rickettsia endosymbiont of Labidopullus appendiculatus,2878921,,,Rickettsia endosymbiont of Labidopullus appendiculatus,2878921,0,Alphaproteobacteria,28211,235966,236739,GBPCPCFC_00364,GBPCPCFC_00366,mRNA
GBPCPCFC_00366,gnl|Prokka|GBPCPCFC_6,381,414170,0.1821,915.5354,761.5115,0.8674,0.0,0.3369,-0.3876,507,-0.5365,-0.5201,0.1457,0,0,0.1697,0.0084,0.196,0.0023,0.3373,-0.1696,-0.4209,0.16774794046290703,-0.5434690823397532,-0.8975706595608199,GBPCPCFC_00366-0,GBPCPCFC_00366-0,Rotaria sp. Silwood2,2762512,46.7,3.10e-37,137,Rotaria sp. Silwood2,2762512,,,Rotaria sp. Silwood2,2762512,0,Eumetazoa,6072,236752,237258,GBPCPCFC_00365,GBPCPCFC_00367,mRNA
GBPCPCFC_00367,gnl|Prokka|GBPCPCFC_6,381,414170,0.1821,915.5354,761.5115,0.8674,0.0,0.3369,-0.3876,228,-0.9029,-0.9009,0.1479,0,0,0.2678,0.0001,0.2546,0.0001,0.3465,0.0828,-0.3387,0.17965222704626732,-0.31302494050958957,-0.8544217501626742,GBPCPCFC_00367-0,GBPCPCFC_00367-0,Rickettsia endosymbiont of Bryobia graminum,2878922,78.1,3.93e-32,122,cellular organisms,131567,Sciaridae,7184,Sciaridae,7184,1,Eumetazoa,6072,237490,237717,GBPCPCFC_00366,GBPCPCFC_00368,mRNA
GBPCPCFC_00368,gnl|Prokka|GBPCPCFC_6,381,414170,0.1821,915.5354,761.5115,0.8674,0.0,0.3369,-0.3876,1878,1.2639,1.3512,0.1571,0,0,0.2574,0.0,0.3024,0.0,0.3424,-0.0297,-0.3753,-0.11065156007130993,2.0354848555829688,-1.0178427572005926,GBPCPCFC_00368-0,GBPCPCFC_00368-0,Rickettsia endosymbiont of Labidopullus appendiculatus,2878921,34.5,6.23e-44,176,cellular organisms,131567,Protostomia,33317,Protostomia,33317,1,Eumetazoa,6072,237739,239616,GBPCPCFC_00367,GBPCPCFC_00369,mRNA
GBPCPCFC_00369,gnl|Prokka|GBPCPCFC_6,381,414170,0.1821,915.5354,761.5115,0.8674,0.0,0.3369,-0.3876,153,-1.0013,-1.0032,0.1589,0,0,0.202,0.0067,0.2214,0.0029,0.4052,1.692,0.1856,0.22896976678634584,-0.8013877927582458,-0.8200497457731387,GBPCPCFC_00369-0,GBPCPCFC_00369-0,Rickettsia endosymbiont of Cimex lectularius,2698648,80.0,3.91e-19,87.4,cellular organisms,131567,Sciaridae,7184,Sciaridae,7184,1,Eumetazoa,6072,239834,239986,GBPCPCFC_00368,GBPCPCFC_00370,mRNA
GBPCPCFC_00370,gnl|Prokka|GBPCPCFC_6,381,414170,0.1821,915.5354,761.5115,0.8674,0.0,0.3369,-0.3876,1893,1.2836,1.3717,0.1694,0,0,0.2921,0.0,0.3309,0.0,0.3407,-0.0751,-0.3901,-0.122420011613645,2.2966903969230357,-0.9872652167417796,GBPCPCFC_00370-0,GBPCPCFC_00370-0,Rotaria sordida,392033,38.2,1.30e-52,198,cellular organisms,131567,Protostomia,33317,Protostomia,33317,1,Eumetazoa,6072,240277,242169,GBPCPCFC_00369,GBPCPCFC_00371,mRNA
GBPCPCFC_00371,gnl|Prokka|GBPCPCFC_6,381,414170,0.1821,915.5354,761.5115,0.8674,0.0,0.3369,-0.3876,2028,1.4609,1.556,0.1825,0,0,0.2044,0.001,0.2573,0.0,0.3368,-0.1832,-0.4253,-0.11828257532206601,1.8624633630288785,-0.9845184568145383,GBPCPCFC_00371-0,GBPCPCFC_00371-0,Rickettsia endosymbiont of Labidopullus appendiculatus,2878921,34.2,1.83e-44,179,cellular organisms,131567,Protostomia,33317,Protostomia,33317,1,Eumetazoa,6072,242843,244870,GBPCPCFC_00370,GBPCPCFC_00372,mRNA
GBPCPCFC_00372,gnl|Prokka|GBPCPCFC_6,381,414170,0.1821,915.5354,761.5115,0.8674,0.0,0.3369,-0.3876,549,-0.4813,-0.4627,0.1862,0,0,0.252,0.0001,0.2798,0.0,0.275,-1.8746,-0.9763,0.14929785003986698,0.1390854661494879,-0.7938311977308062,GBPCPCFC_00372-0,GBPCPCFC_00372-0,Rickettsia endosymbiont of Cimex lectularius,2698648,63.5,4.30e-67,213,unclassified Rickettsia,114295,,,Rickettsia,780,0,Alphaproteobacteria,28211,245097,245645,GBPCPCFC_00371,GBPCPCFC_00373,mRNA
GBPCPCFC_00373,gnl|Prokka|GBPCPCFC_6,381,414170,0.1821,915.5354,761.5115,0.8674,0.0,0.3369,-0.3876,2562,2.1621,2.2848,0.1986,0,0,0.4254,0.0,0.4404,0.0,0.3587,0.4174,-0.2297,-0.2916393508680055,4.126738317520458,-0.9868637058947505,GBPCPCFC_00373-0,GBPCPCFC_00373-0,Mucor saturninus,64648,27.8,1.08e-07,68.2,cellular organisms,131567,Neoptera,33340,Neoptera,33340,1,Eumetazoa,6072,245642,248203,GBPCPCFC_00372,GBPCPCFC_00374,mRNA
GBPCPCFC_00374,gnl|Prokka|GBPCPCFC_6,381,414170,0.1821,915.5354,761.5115,0.8674,0.0,0.3369,-0.3876,1545,0.8266,0.8967,0.2062,0,0,0.3011,0.0,0.346,0.0,0.3761,0.8926,-0.0748,-0.045286615477122545,1.9138560230981159,-0.8556225766228497,GBPCPCFC_00374-0,GBPCPCFC_00374-0,Rotaria sp. Silwood2,2762512,88.1,0.0,877,cellular organisms,131567,Protostomia,33317,Protostomia,33317,1,Eumetazoa,6072,248242,249786,GBPCPCFC_00373,GBPCPCFC_00375,mRNA
GBPCPCFC_00375,gnl|Prokka|GBPCPCFC_6,381,414170,0.1821,915.5354,761.5115,0.8674,0.0,0.3369,-0.3876,837,-0.1031,-0.0696,0.2107,0,0,0.3533,0.0,0.3288,0.0,0.3632,0.5406,-0.1895,0.04699792048606635,1.1145198454627543,-0.7731983024257388,GBPCPCFC_00375-0,GBPCPCFC_00375-0,,,,,,,,,,,,0,Unassigned,,249875,250711,GBPCPCFC_00374,GBPCPCFC_00376,mRNA
GBPCPCFC_00376,gnl|Prokka|GBPCPCFC_6,381,414170,0.1821,915.5354,761.5115,0.8674,0.0,0.3369,-0.3876,993,0.1017,0.1433,0.2157,0,0,0.1669,0.0074,0.193,0.0019,0.3182,-0.6916,-0.5909,0.08738100735068255,0.08650959703885151,-0.7965042530565617,GBPCPCFC_00376-0,GBPCPCFC_00376-0,Rickettsia endosymbiont of Cimex lectularius,2698648,58.8,1.80e-122,364,unclassified Rickettsia,114295,,,Rickettsia,780,0,Alphaproteobacteria,28211,250761,251753,GBPCPCFC_00375,GBPCPCFC_00377,mRNA
GBPCPCFC_00377,gnl|Prokka|GBPCPCFC_6,381,414170,0.1821,915.5354,761.5115,0.8674,0.0,0.3369,-0.3876,1434,0.6808,0.7452,0.2227,0,0,0.349,0.0,0.4189,0.0,0.3856,1.1552,0.0107,-0.01852873170521126,2.21191777720871,-0.7863172629089843,GBPCPCFC_00377-0,GBPCPCFC_00377-0,Rotaria sp. Silwood2,2762512,91.5,1.18e-308,849,cellular organisms,131567,Sciaridae,7184,Sciaridae,7184,1,Eumetazoa,6072,251777,253210,GBPCPCFC_00376,GBPCPCFC_00378,mRNA
GBPCPCFC_00378,gnl|Prokka|GBPCPCFC_6,381,414170,0.1821,915.5354,761.5115,0.8674,0.0,0.3369,-0.3876,444,-0.6192,-0.6061,0.2249,0,0,0.0827,0.1942,0.0905,0.1555,0.3896,1.2649,0.0464,0.20777925022976862,-1.3556339803892508,-0.7293358902504349,GBPCPCFC_00378-0,GBPCPCFC_00378-0,Rickettsia endosymbiont of Bryobia graminum,2878922,36.1,3.40e-20,91.3,Rickettsia endosymbiont of Bryobia graminum,2878922,,,Rickettsia endosymbiont of Bryobia graminum,2878922,0,Alphaproteobacteria,28211,253207,253650,GBPCPCFC_00377,GBPCPCFC_00379,mRNA
GBPCPCFC_00379,gnl|Prokka|GBPCPCFC_6,381,414170,0.1821,915.5354,761.5115,0.8674,0.0,0.3369,-0.3876,1005,0.1175,0.1597,0.2298,0,0,0.262,0.0,0.3278,0.0,0.3234,-0.5503,-0.5449,0.08584447017430134,0.9585374307605226,-0.7341040995049335,GBPCPCFC_00379-0,GBPCPCFC_00379-0,Rickettsia endosymbiont of Cimex lectularius,2698648,69.3,8.40e-151,437,unclassified Rickettsia,114295,,,Rickettsia,780,0,Alphaproteobacteria,28211,253669,254673,GBPCPCFC_00378,GBPCPCFC_00380,mRNA
GBPCPCFC_00380,gnl|Prokka|GBPCPCFC_6,381,414170,0.1821,915.5354,761.5115,0.8674,0.0,0.3369,-0.3876,342,-0.7532,-0.7453,0.2314,0,0,0.1384,0.038,0.0951,0.1553,0.3158,-0.7584,-0.6127,0.18986177671371568,-1.2476402152985149,-0.709862690721335,GBPCPCFC_00380-0,GBPCPCFC_00380-0,Rickettsia endosymbiont of Cimex lectularius,2698648,73.6,1.03e-46,156,unclassified Rickettsia,114295,,,Rickettsia,780,0,Alphaproteobacteria,28211,254670,255011,GBPCPCFC_00379,GBPCPCFC_00381,mRNA
GBPCPCFC_00381,gnl|Prokka|GBPCPCFC_6,381,414170,0.1821,915.5354,761.5115,0.8674,0.0,0.3369,-0.3876,345,-0.7492,-0.7412,0.2335,0,0,0.2304,0.0004,0.2989,0.0,0.3739,0.834,-0.0939,0.2252787041844243,-0.16291439871948224,-0.6489061483095716,GBPCPCFC_00381-0,GBPCPCFC_00381-0,,,,,,,,,,,,0,Unassigned,,255097,255441,GBPCPCFC_00380,GBPCPCFC_00382,mRNA
GBPCPCFC_00382,gnl|Prokka|GBPCPCFC_6,381,414170,0.1821,915.5354,761.5115,0.8674,0.0,0.3369,-0.3876,417,-0.6547,-0.6429,0.2381,0,0,0.2173,0.0007,0.1874,0.0036,0.3645,0.5764,-0.1779,0.1646955161003922,-0.5026552286295617,-0.6846845227759402,GBPCPCFC_00382-0,GBPCPCFC_00382-0,,,,,,,,,,,,0,Unassigned,,255979,256395,GBPCPCFC_00381,GBPCPCFC_00383,mRNA
GBPCPCFC_00383,gnl|Prokka|GBPCPCFC_6,381,414170,0.1821,915.5354,761.5115,0.8674,0.0,0.3369,-0.3876,873,-0.0559,-0.0205,0.2433,0,0,0.1782,0.0049,0.1651,0.0092,0.3276,-0.4346,-0.5072,0.09395018285980808,-0.12568430281570855,-0.7300076429379376,GBPCPCFC_00383-0,GBPCPCFC_00383-0,Rickettsiaceae bacterium,2023360,64.7,1.56e-127,375,Bacteria,2,,,Bacteria,2,0,Bacteria,2,256595,257467,GBPCPCFC_00382,GBPCPCFC_00384,mRNA
GBPCPCFC_00384,gnl|Prokka|GBPCPCFC_6,381,414170,0.1821,915.5354,761.5115,0.8674,0.0,0.3369,-0.3876,387,-0.6941,-0.6839,0.2466,0,0,0.2251,0.0005,0.2643,0.0,0.3307,-0.3485,-0.4792,0.20597609552150048,-0.24755868549274782,-0.635282211723142,GBPCPCFC_00384-0,GBPCPCFC_00384-0,,,,,,,,,,,,0,Unassigned,,257761,258147,GBPCPCFC_00383,GBPCPCFC_00385,mRNA
GBPCPCFC_00385,gnl|Prokka|GBPCPCFC_6,381,414170,0.1821,915.5354,761.5115,0.8674,0.0,0.3369,-0.3876,1371,0.5981,0.6592,0.2545,0,0,0.2786,0.0,0.2896,0.0,0.3508,0.2019,-0.2999,-0.01301033485376183,1.3890716971016674,-0.7388159498489449,GBPCPCFC_00385-0,GBPCPCFC_00385-0,Pseudolycoriella hygida,35572,65.2,8.84e-201,577,cellular organisms,131567,Sciaridae,7184,Sciaridae,7184,1,Eumetazoa,6072,258419,259789,GBPCPCFC_00384,GBPCPCFC_00386,mRNA
GBPCPCFC_00386,gnl|Prokka|GBPCPCFC_6,381,414170,0.1821,915.5354,761.5115,0.8674,0.0,0.3369,-0.3876,1086,0.2239,0.2702,0.2597,0,0,0.1133,0.0703,0.1953,0.0017,0.3435,-0.0002,-0.3657,0.11962261108709661,-0.0045605690663156045,-0.6961762135928949,GBPCPCFC_00386-0,GBPCPCFC_00386-0,Rickettsia endosymbiont of Bryobia graminum,2878922,82.8,4.47e-210,590,unclassified Rickettsia,114295,,,Rickettsia,780,0,Alphaproteobacteria,28211,259786,260871,GBPCPCFC_00385,GBPCPCFC_00387,mRNA
GBPCPCFC_00387,gnl|Prokka|GBPCPCFC_6,381,414170,0.1821,915.5354,761.5115,0.8674,0.0,0.3369,-0.3876,1293,0.4957,0.5527,0.2668,0,0,0.4005,0.0,0.4328,0.0,0.3627,0.5274,-0.1938,-0.012996710174869988,2.279576895358783,-0.6711992999163976,GBPCPCFC_00387-0,GBPCPCFC_00387-0,,,,,,,,,,,,0,Unassigned,,261051,262343,GBPCPCFC_00386,GBPCPCFC_00388,mRNA
GBPCPCFC_00388,gnl|Prokka|GBPCPCFC_6,381,414170,0.1821,915.5354,761.5115,0.8674,0.0,0.3369,-0.3876,1086,0.2239,0.2702,0.2733,0,0,0.1137,0.0695,0.1858,0.0028,0.3729,0.807,-0.1027,0.11729540440331977,-0.03630322279986426,-0.6682491735499116,GBPCPCFC_00388-0,GBPCPCFC_00388-0,Pseudolycoriella hygida,35572,86.3,8.72e-225,628,cellular organisms,131567,Sciaridae,7184,Sciaridae,7184,1,Eumetazoa,6072,262593,263678,GBPCPCFC_00387,GBPCPCFC_00389,mRNA
GBPCPCFC_00389,gnl|Prokka|GBPCPCFC_6,381,414170,0.1821,915.5354,761.5115,0.8674,0.0,0.3369,-0.3876,1182,0.3499,0.4012,0.2792,0,0,0.2315,0.0002,0.2192,0.0004,0.3909,1.2984,0.0574,0.028498333766693584,0.6958807776018003,-0.6753480745279751,GBPCPCFC_00389-0,GBPCPCFC_00389-0,Rickettsia endosymbiont of Cimex lectularius,2698648,73.5,4.76e-205,580,Rickettsia,780,,,Rickettsia,780,0,Alphaproteobacteria,28211,263726,264907,GBPCPCFC_00388,GBPCPCFC_00390,mRNA
GBPCPCFC_00390,gnl|Prokka|GBPCPCFC_6,381,414170,0.1821,915.5354,761.5115,0.8674,0.0,0.3369,-0.3876,1122,0.2711,0.3193,0.2858,0,0,0.3563,0.0,0.3296,0.0,0.3405,-0.0824,-0.3925,0.004812539160534663,1.5101336530626217,-0.6352733953698877,GBPCPCFC_00390-0,GBPCPCFC_00390-0,Rickettsia endosymbiont of Oxypoda opaca,2866308,75.0,2.99e-185,528,Rickettsia,780,,,Rickettsia,780,0,Alphaproteobacteria,28211,265142,266263,GBPCPCFC_00389,GBPCPCFC_00391,mRNA
GBPCPCFC_00391,gnl|Prokka|GBPCPCFC_6,381,414170,0.1821,915.5354,761.5115,0.8674,0.0,0.3369,-0.3876,657,-0.3395,-0.3153,0.2894,0,0,0.173,0.0071,0.2256,0.0004,0.2557,-2.4044,-1.1489,0.18102051530415844,-0.23425903733846656,-0.5744214869494481,GBPCPCFC_00391-0,GBPCPCFC_00391-0,Rickettsia endosymbiont of Bryobia graminum,2878922,65.9,3.87e-101,302,unclassified Rickettsia,114295,,,Rickettsia,780,0,Alphaproteobacteria,28211,266353,267009,GBPCPCFC_00390,GBPCPCFC_00392,mRNA
GBPCPCFC_00392,gnl|Prokka|GBPCPCFC_6,381,414170,0.1821,915.5354,761.5115,0.8674,0.0,0.3369,-0.3876,1527,0.803,0.8721,0.298,0,0,0.3402,0.0,0.411,0.0,0.3091,-0.9416,-0.6724,-0.01849686735106517,2.269094887595193,-0.625211655008326,GBPCPCFC_00392-0,GBPCPCFC_00392-0,Rickettsia endosymbiont of Platyusa sonomae,2878924,72.6,4.49e-249,701,unclassified Rickettsia,114295,,,Rickettsia,780,0,Alphaproteobacteria,28211,267265,268791,GBPCPCFC_00391,GBPCPCFC_00393,mRNA
GBPCPCFC_00393,gnl|Prokka|GBPCPCFC_6,381,414170,0.1821,915.5354,761.5115,0.8674,0.0,0.3369,-0.3876,312,-0.7925,-0.7862,0.2999,0,0,0.165,0.0117,0.1299,0.0476,0.3494,0.1613,-0.3131,0.20797403354684807,-1.0621265274850065,-0.5403978354097361,GBPCPCFC_00393-0,GBPCPCFC_00393-0,Rickettsia endosymbiont of Bryobia graminum,2878922,76.6,1.67e-45,152,cellular organisms,131567,Sciaridae,7184,Sciaridae,7184,1,Eumetazoa,6072,268885,269196,GBPCPCFC_00392,GBPCPCFC_00394,mRNA
GBPCPCFC_00394,gnl|Prokka|GBPCPCFC_6,381,414170,0.1821,915.5354,761.5115,0.8674,0.0,0.3369,-0.3876,279,-0.8359,-0.8313,0.302,0,0,-0.1881,0.007,-0.1957,0.005,0.3118,-0.8669,-0.648,0.3125167053161823,-3.687577456279005,-0.5853790241873505,GBPCPCFC_00394-0,GBPCPCFC_00394-0,Rickettsia endosymbiont of Cimex lectularius,2698648,79.5,1.87e-40,139,unclassified Rickettsia,114295,,,Rickettsia,780,0,Alphaproteobacteria,28211,269342,269620,GBPCPCFC_00393,GBPCPCFC_00395,mRNA
GBPCPCFC_00395,gnl|Prokka|GBPCPCFC_6,381,414170,0.1821,915.5354,761.5115,0.8674,0.0,0.3369,-0.3876,576,-0.4459,-0.4259,0.3051,0,0,0.129,0.0423,0.2428,0.0001,0.3299,-0.3728,-0.4871,0.24203144784565844,-0.4679315476020839,-0.5142877827809557,GBPCPCFC_00395-0,GBPCPCFC_00395-0,Rickettsia endosymbiont of Gnoriste bilineata,2878920,72.3,9.14e-80,246,unclassified Rickettsia,114295,,,Rickettsia,780,0,Alphaproteobacteria,28211,269688,270263,GBPCPCFC_00394,GBPCPCFC_00396,mRNA
GBPCPCFC_00396,gnl|Prokka|GBPCPCFC_6,381,414170,0.1821,915.5354,761.5115,0.8674,0.0,0.3369,-0.3876,429,-0.6389,-0.6265,0.3071,0,0,0.1159,0.0774,0.1718,0.0086,0.2774,-1.8104,-0.9554,0.24474092070384207,-0.9641594142804016,-0.5146128016597794,GBPCPCFC_00396-0,GBPCPCFC_00396-0,Rickettsia endosymbiont of Gnoriste bilineata,2878920,76.7,3.22e-64,202,unclassified Rickettsia,114295,,,Rickettsia,780,0,Alphaproteobacteria,28211,270256,270684,GBPCPCFC_00395,GBPCPCFC_00397,mRNA
GBPCPCFC_00397,gnl|Prokka|GBPCPCFC_6,381,414170,0.1821,915.5354,761.5115,0.8674,0.0,0.3369,-0.3876,1029,0.149,0.1924,0.3121,0,0,0.1945,0.0018,0.2525,0.0,0.3003,-1.183,-0.751,0.11025991386177701,0.4484851216649734,-0.5621616692590313,GBPCPCFC_00397-0,GBPCPCFC_00397-0,Rickettsia endosymbiont of Cimex lectularius,2698648,67.9,1.12e-143,419,cellular organisms,131567,Sciaridae,7184,Sciaridae,7184,1,Eumetazoa,6072,270695,271723,GBPCPCFC_00396,GBPCPCFC_00398,mRNA
GBPCPCFC_00398,gnl|Prokka|GBPCPCFC_6,381,414170,0.1821,915.5354,761.5115,0.8674,0.0,0.3369,-0.3876,1155,0.3145,0.3644,0.318,0,0,0.1193,0.0567,0.1542,0.0135,0.3377,-0.1591,-0.4175,0.09265892039128377,-0.030832013259891915,-0.5858840197408295,GBPCPCFC_00398-0,GBPCPCFC_00398-0,Candidatus Riflebacteria bacterium,2053586,37.9,6.23e-04,54.7,Candidatus Riflebacteria bacterium,2053586,,,Candidatus Riflebacteria bacterium,2053586,0,Candidatus Riflebacteria bacterium,2053586,271790,272944,GBPCPCFC_00397,GBPCPCFC_00399,mRNA
GBPCPCFC_00399,gnl|Prokka|GBPCPCFC_6,381,414170,0.1821,915.5354,761.5115,0.8674,0.0,0.3369,-0.3876,129,-1.0329,-1.036,0.3199,0,0,-0.0735,0.3349,-0.0283,0.7112,0.3256,-0.4901,-0.5253,0.34572293127394765,-2.8415626857034777,-0.48607089755879707,GBPCPCFC_00399-0,GBPCPCFC_00399-0,,,,,,,,,,,,0,Unassigned,,273208,273336,GBPCPCFC_00398,GBPCPCFC_00400,mRNA
GBPCPCFC_00400,gnl|Prokka|GBPCPCFC_6,381,414170,0.1821,915.5354,761.5115,0.8674,0.0,0.3369,-0.3876,636,-0.3671,-0.344,0.3237,0,0,-0.0491,0.4631,-0.0154,0.8176,0.2956,-1.3116,-0.7929,0.23513060485438395,-2.0117802427869393,-0.5395426788308408,GBPCPCFC_00400-0,GBPCPCFC_00400-0,Rickettsia endosymbiont of Bryobia graminum,2878922,61.3,2.68e-77,241,cellular organisms,131567,Arthropoda,6656,Arthropoda,6656,1,Eumetazoa,6072,273483,274118,GBPCPCFC_00399,GBPCPCFC_00401,mRNA
GBPCPCFC_00401,gnl|Prokka|GBPCPCFC_6,381,414170,0.1821,915.5354,761.5115,0.8674,0.0,0.3369,-0.3876,2493,2.0715,2.1906,0.3367,0,0,0.2599,0.0,0.3079,0.0,0.3297,-0.3766,-0.4883,-0.1931219335335369,2.884894838839443,-0.6777198455626183,GBPCPCFC_00401-0,GBPCPCFC_00401-0,Rickettsia endosymbiont of Platyusa sonomae,2878924,75.5,0.0,1339,unclassified Rickettsia,114295,,,Rickettsia,780,0,Alphaproteobacteria,28211,274316,276808,GBPCPCFC_00400,GBPCPCFC_00402,mRNA
GBPCPCFC_00402,gnl|Prokka|GBPCPCFC_6,381,414170,0.1821,915.5354,761.5115,0.8674,0.0,0.3369,-0.3876,606,-0.4065,-0.3849,0.3407,0,0,0.1256,0.0481,0.1082,0.0891,0.3119,-0.8654,-0.6476,0.17708820923665672,-0.9054158135446017,-0.4832747855937597,GBPCPCFC_00402-0,GBPCPCFC_00402-0,Rickettsia endosymbiont of Ecitomorpha arachnoides,2866303,42.9,1.08e-37,140,Rickettsia,780,,,Rickettsia,780,0,Alphaproteobacteria,28211,277025,277630,GBPCPCFC_00401,GBPCPCFC_00403,mRNA
GBPCPCFC_00403,gnl|Prokka|GBPCPCFC_6,381,414170,0.1821,915.5354,761.5115,0.8674,0.0,0.3369,-0.3876,648,-0.3513,-0.3276,0.3453,0,0,0.1311,0.0361,0.099,0.1141,0.3781,0.9484,-0.0567,0.160941259828716,-0.8576379852821564,-0.4821088536301546,GBPCPCFC_00403-0,GBPCPCFC_00403-0,,,,,,,,,,,,0,Unassigned,,277950,278597,GBPCPCFC_00402,GBPCPCFC_00404,mRNA
GBPCPCFC_00404,gnl|Prokka|GBPCPCFC_6,381,414170,0.1821,915.5354,761.5115,0.8674,0.0,0.3369,-0.3876,2223,1.7169,1.8221,0.3563,0,0,0.2117,0.0006,0.2238,0.0003,0.3644,0.5726,-0.1791,-0.1429396820258646,2.0309189483363745,-0.6207062942595636,GBPCPCFC_00404-0,GBPCPCFC_00404-0,Asbolus verrucosus,1661398,28.5,1.85e-09,75.1,cellular organisms,131567,Endopterygota,33392,Endopterygota,33392,1,Eumetazoa,6072,278647,280869,GBPCPCFC_00403,GBPCPCFC_00405,mRNA
GBPCPCFC_00405,gnl|Prokka|GBPCPCFC_6,381,414170,0.1821,915.5354,761.5115,0.8674,0.0,0.3369,-0.3876,438,-0.6271,-0.6142,0.3612,0,0,-0.0882,0.1713,-0.033,0.6092,0.3539,0.2852,-0.2727,0.3021963061794301,-2.503861480478248,-0.42794366823604046,GBPCPCFC_00405-0,GBPCPCFC_00405-0,unclassified Rickettsia,114295,77.2,2.01e-81,246,Rickettsia,780,,,Rickettsia,780,0,Alphaproteobacteria,28211,281451,281888,GBPCPCFC_00404,GBPCPCFC_00406,mRNA
GBPCPCFC_00406,gnl|Prokka|GBPCPCFC_6,381,414170,0.1821,915.5354,761.5115,0.8674,0.0,0.3369,-0.3876,1089,0.2278,0.2743,0.3665,0,0,0.0398,0.5265,0.1282,0.0404,0.2782,-1.7872,-0.9478,0.16201762104267498,-0.5414348335626662,-0.46107112325133065,GBPCPCFC_00406-0,GBPCPCFC_00406-0,Pseudolycoriella hygida,35572,75.1,5.00e-163,484,cellular organisms,131567,Sciaridae,7184,Sciaridae,7184,1,Eumetazoa,6072,281892,282980,GBPCPCFC_00405,GBPCPCFC_00407,mRNA
GBPCPCFC_00407,gnl|Prokka|GBPCPCFC_6,381,414170,0.1821,915.5354,761.5115,0.8674,0.0,0.3369,-0.3876,1029,0.149,0.1924,0.3714,0,0,0.1934,0.003,0.1649,0.0115,0.3032,-1.1031,-0.725,0.07856416084611328,0.13979732064807032,-0.45636519579678503,GBPCPCFC_00407-0,GBPCPCFC_00407-0,Pseudolycoriella hygida,35572,72.6,2.53e-173,509,cellular organisms,131567,Sciaridae,7184,Sciaridae,7184,1,Eumetazoa,6072,282961,283989,GBPCPCFC_00406,GBPCPCFC_00408,mRNA
GBPCPCFC_00408,gnl|Prokka|GBPCPCFC_6,381,414170,0.1821,915.5354,761.5115,0.8674,0.0,0.3369,-0.3876,825,-0.1189,-0.086,0.3775,0,0,0.1657,0.0079,0.1718,0.0059,0.3006,-1.1743,-0.7482,0.1442847679600497,-0.22747620641821178,-0.4097258943884228,GBPCPCFC_00408-0,GBPCPCFC_00408-0,Rickettsia endosymbiont of Bryobia graminum,2878922,82.6,2.15e-157,449,unclassified Rickettsia,114295,,,Rickettsia,780,0,Alphaproteobacteria,28211,284439,285263,GBPCPCFC_00407,GBPCPCFC_00409,mRNA
GBPCPCFC_00409,gnl|Prokka|GBPCPCFC_6,381,414170,0.1821,915.5354,761.5115,0.8674,0.0,0.3369,-0.3876,549,-0.4813,-0.4627,0.3815,0,0,0.1511,0.0173,0.1907,0.0026,0.326,-0.4773,-0.5211,0.2200472040605684,-0.5961486761589857,-0.35711335218178186,GBPCPCFC_00409-0,GBPCPCFC_00409-0,Rickettsia endosymbiont of Labidopullus appendiculatus,2878921,73.5,3.80e-97,289,cellular organisms,131567,Sciaridae,7184,Sciaridae,7184,1,Eumetazoa,6072,285549,286097,GBPCPCFC_00408,GBPCPCFC_00410,mRNA
GBPCPCFC_00410,gnl|Prokka|GBPCPCFC_6,381,414170,0.1821,915.5354,761.5115,0.8674,0.0,0.3369,-0.3876,417,-0.6547,-0.6429,0.3836,0,0,0.1197,0.0558,0.1388,0.0263,0.3141,-0.8033,-0.6273,0.24332636099072927,-1.0823049950045986,-0.34903026861448927,GBPCPCFC_00410-0,GBPCPCFC_00410-0,Rickettsia endosymbiont of Bryobia graminum,2878922,64.0,7.30e-58,186,Rickettsia endosymbiont of Bryobia graminum,2878922,,,Rickettsia endosymbiont of Bryobia graminum,2878922,0,Alphaproteobacteria,28211,286112,286528,GBPCPCFC_00409,GBPCPCFC_00411,mRNA
GBPCPCFC_00411,gnl|Prokka|GBPCPCFC_6,381,414170,0.1821,915.5354,761.5115,0.8674,0.0,0.3369,-0.3876,1041,0.1648,0.2088,0.3887,0,0,0.3176,0.0,0.2898,0.0,0.3525,0.2486,-0.2846,0.05081730322341955,1.098220388014628,-0.39524021886264527,GBPCPCFC_00411-0,GBPCPCFC_00411-0,Rickettsia endosymbiont of Bryobia graminum,2878922,66.2,1.12e-111,339,unclassified Rickettsia,114295,,,Rickettsia,780,0,Alphaproteobacteria,28211,286536,287576,GBPCPCFC_00410,GBPCPCFC_00412,mRNA
GBPCPCFC_00412,gnl|Prokka|GBPCPCFC_6,381,414170,0.1821,915.5354,761.5115,0.8674,0.0,0.3369,-0.3876,261,-0.8595,-0.8558,0.39,0,0,0.0124,0.8577,-0.0029,0.9662,0.3103,-0.9075,-0.6613,0.28307846620637006,-2.2242489300576747,-0.3466612378365265,GBPCPCFC_00412-0,GBPCPCFC_00412-0,Rickettsiaceae bacterium,2023360,67.4,2.01e-33,120,Bacteria,2,,,Bacteria,2,0,Bacteria,2,287598,287858,GBPCPCFC_00411,GBPCPCFC_00413,mRNA
GBPCPCFC_00413,gnl|Prokka|GBPCPCFC_6,381,414170,0.1821,915.5354,761.5115,0.8674,0.0,0.3369,-0.3876,258,-0.8635,-0.8599,0.3913,0,0,0.1054,0.1435,0.0472,0.5136,0.2907,-1.4458,-0.8366,0.23996164327308334,-1.6712339464190913,-0.34178834288825705,GBPCPCFC_00413-0,GBPCPCFC_00413-0,Alphaproteobacteria,28211,58.2,2.13e-29,110,Pseudomonadota,1224,,,Pseudomonadota,1224,0,Pseudomonadota,1224,287868,288125,GBPCPCFC_00412,GBPCPCFC_00414,mRNA
GBPCPCFC_00414,gnl|Prokka|GBPCPCFC_6,381,414170,0.1821,915.5354,761.5115,0.8674,0.0,0.3369,-0.3876,438,-0.6271,-0.6142,0.3935,0,0,0.1586,0.0183,0.1697,0.0115,0.3219,-0.5905,-0.558,0.22798198641029352,-0.7875025944311816,-0.3245748886146481,GBPCPCFC_00414-0,GBPCPCFC_00414-0,Rickettsia endosymbiont of Bryobia graminum,2878922,84.7,4.93e-82,248,unclassified Rickettsia,114295,,,Rickettsia,780,0,Alphaproteobacteria,28211,288146,288583,GBPCPCFC_00413,GBPCPCFC_00415,mRNA
GBPCPCFC_00415,gnl|Prokka|GBPCPCFC_6,381,414170,0.1821,915.5354,761.5115,0.8674,0.0,0.3369,-0.3876,825,-0.1189,-0.086,0.3975,0,0,0.197,0.0015,0.2124,0.0006,0.3842,1.117,-0.0017,0.14583540328926717,0.04038955994558579,-0.3545996211250064,GBPCPCFC_00415-0,GBPCPCFC_00415-0,Rickettsia endosymbiont of Cimex lectularius,2698648,73.9,2.60e-92,284,unclassified Rickettsia,114295,,,Rickettsia,780,0,Alphaproteobacteria,28211,288586,289410,GBPCPCFC_00414,GBPCPCFC_00416,mRNA
GBPCPCFC_00416,gnl|Prokka|GBPCPCFC_6,381,414170,0.1821,915.5354,761.5115,0.8674,0.0,0.3369,-0.3876,864,-0.0677,-0.0328,0.4019,0,0,0.3056,0.0,0.2914,0.0,0.3449,0.0394,-0.3528,0.09822807206475608,0.8138876303620733,-0.3402093855542755,GBPCPCFC_00416-0,GBPCPCFC_00416-0,Rickettsia endosymbiont of Bryobia graminum,2878922,64.8,3.47e-118,350,unclassified Rickettsia,114295,,,Rickettsia,780,0,Alphaproteobacteria,28211,289447,290310,GBPCPCFC_00415,GBPCPCFC_00417,mRNA
GBPCPCFC_00417,gnl|Prokka|GBPCPCFC_6,381,414170,0.1821,915.5354,761.5115,0.8674,0.0,0.3369,-0.3876,459,-0.5995,-0.5856,0.4044,0,0,0.1838,0.0055,0.1928,0.0035,0.2963,-1.2924,-0.7867,0.21911151315470703,-0.5762904275079298,-0.29818015520558844,GBPCPCFC_00417-0,GBPCPCFC_00417-0,Rickettsia endosymbiont of Cimex lectularius,2698648,71.2,4.61e-70,218,unclassified Rickettsia,114295,,,Rickettsia,780,0,Alphaproteobacteria,28211,290369,290827,GBPCPCFC_00416,GBPCPCFC_00418,mRNA
GBPCPCFC_00418,gnl|Prokka|GBPCPCFC_6,381,414170,0.1821,915.5354,761.5115,0.8674,0.0,0.3369,-0.3876,201,-0.9383,-0.9377,0.406,0,0,0.1786,0.0122,0.1897,0.0077,0.3433,-0.0051,-0.3673,0.27249153662528863,-0.956881557917545,-0.2628616876041212,GBPCPCFC_00418-0,GBPCPCFC_00418-0,Rickettsia endosymbiont of Ceroptres masudai,2866299,80.3,5.66e-31,113,Rickettsia,780,,,Rickettsia,780,0,Alphaproteobacteria,28211,290965,291165,GBPCPCFC_00417,GBPCPCFC_00419,mRNA
GBPCPCFC_00419,gnl|Prokka|GBPCPCFC_6,381,414170,0.1821,915.5354,761.5115,0.8674,0.0,0.3369,-0.3876,954,0.0505,0.09,0.4106,0,0,0.3099,0.0,0.3517,0.0,0.37,0.7274,-0.1287,0.11004842320033352,1.1596602341271776,-0.31047195862519483,GBPCPCFC_00419-0,GBPCPCFC_00419-0,Rickettsia endosymbiont of Cimex lectularius,2698648,77.3,6.08e-179,507,cellular organisms,131567,Sciaridae,7184,Sciaridae,7184,1,Eumetazoa,6072,291172,292125,GBPCPCFC_00418,GBPCPCFC_00420,mRNA
GBPCPCFC_00420,gnl|Prokka|GBPCPCFC_6,381,414170,0.1821,915.5354,761.5115,0.8674,0.0,0.3369,-0.3876,264,-0.8556,-0.8517,0.4122,0,0,-0.0656,0.3308,-0.0668,0.3218,0.3182,-0.6928,-0.5913,0.3128356749169336,-2.764380977087218,-0.3047906373899796,GBPCPCFC_00420-0,GBPCPCFC_00420-0,Rickettsia endosymbiont of Labidopullus appendiculatus,2878921,51.7,9.14e-09,60.8,unclassified Rickettsia,114295,,,Rickettsia,780,0,Alphaproteobacteria,28211,292180,292443,GBPCPCFC_00419,GBPCPCFC_00421,mRNA
GBPCPCFC_00421,gnl|Prokka|GBPCPCFC_6,381,414170,0.1821,915.5354,761.5115,0.8674,0.0,0.3369,-0.3876,360,-0.7295,-0.7207,0.4146,0,0,0.005,0.9434,0.0653,0.3488,0.3083,-0.9626,-0.6792,0.3092834721757395,-1.8887691331793655,-0.2764354000568814,GBPCPCFC_00421-0,GBPCPCFC_00421-0,Rickettsia endosymbiont of Labidopullus appendiculatus,2878921,50.9,1.28e-33,123,unclassified Rickettsia,114295,,,Rickettsia,780,0,Alphaproteobacteria,28211,292574,292933,GBPCPCFC_00420,GBPCPCFC_00422,mRNA
GBPCPCFC_00422,gnl|Prokka|GBPCPCFC_6,381,414170,0.1821,915.5354,761.5115,0.8674,0.0,0.3369,-0.3876,2055,1.4963,1.5928,0.4246,0,0,0.2804,0.0,0.3494,0.0,0.3139,-0.811,-0.6298,-0.08268231135848346,2.5158501190956173,-0.4096566975365165,GBPCPCFC_00422-0,GBPCPCFC_00422-0,Rickettsia endosymbiont of Bryobia graminum,2878922,62.9,5.76e-260,741,unclassified Rickettsia,114295,,,Rickettsia,780,0,Alphaproteobacteria,28211,292959,295013,GBPCPCFC_00421,GBPCPCFC_00423,mRNA
GBPCPCFC_00423,gnl|Prokka|GBPCPCFC_6,381,414170,0.1821,915.5354,761.5115,0.8674,0.0,0.3369,-0.3876,3348,3.1943,3.3576,0.4414,0,0,0.4351,0.0,0.4589,0.0,0.3232,-0.5559,-0.5467,-0.393220273066327,5.2773840253034425,-0.5185455229073564,GBPCPCFC_00423-0,GBPCPCFC_00423-0,Rickettsia endosymbiont of Culicoides impunctatus,2867440,60.3,0.0,1291,unclassified Rickettsia,114295,,,Rickettsia,780,0,Alphaproteobacteria,28211,295145,298492,GBPCPCFC_00422,GBPCPCFC_00424,mRNA
GBPCPCFC_00424,gnl|Prokka|GBPCPCFC_6,381,414170,0.1821,915.5354,761.5115,0.8674,0.0,0.3369,-0.3876,504,-0.5404,-0.5242,0.4441,0,0,0.2158,0.0005,0.2932,0.0,0.3254,-0.4952,-0.5269,0.24605243058512793,-0.04040698171857387,-0.18196348720412775,GBPCPCFC_00424-0,GBPCPCFC_00424-0,Rickettsia endosymbiont of Bryobia graminum,2878922,82.4,3.53e-95,283,Rickettsia,780,,,Rickettsia,780,0,Alphaproteobacteria,28211,298553,299056,GBPCPCFC_00423,GBPCPCFC_00425,mRNA
GBPCPCFC_00425,gnl|Prokka|GBPCPCFC_6,381,414170,0.1821,915.5354,761.5115,0.8674,0.0,0.3369,-0.3876,1371,0.5981,0.6592,0.4516,0,0,0.2646,0.0,0.3458,0.0,0.3311,-0.3377,-0.4756,0.06751548095636364,1.5124851501726968,-0.2614189056803088,GBPCPCFC_00425-0,GBPCPCFC_00425-0,Pseudolycoriella hygida,35572,86.3,1.58e-273,758,cellular organisms,131567,Sciaridae,7184,Sciaridae,7184,1,Eumetazoa,6072,299233,300603,GBPCPCFC_00424,GBPCPCFC_00426,mRNA
GBPCPCFC_00426,gnl|Prokka|GBPCPCFC_6,381,414170,0.1821,915.5354,761.5115,0.8674,0.0,0.3369,-0.3876,567,-0.4577,-0.4382,0.4555,0,0,0.2429,0.0001,0.2102,0.0009,0.3333,-0.2777,-0.4561,0.17318518777081704,-0.1286896245219975,-0.19780207315931042,GBPCPCFC_00426-0,GBPCPCFC_00426-0,unclassified Rickettsia,114295,79.3,3.92e-102,302,Rickettsia,780,,,Rickettsia,780,0,Alphaproteobacteria,28211,300839,301405,GBPCPCFC_00425,GBPCPCFC_00427,mRNA
GBPCPCFC_00427,gnl|Prokka|GBPCPCFC_6,381,414170,0.1821,915.5354,761.5115,0.8674,0.0,0.3369,-0.3876,747,-0.2213,-0.1925,0.4591,0,0,0.2668,0.0,0.2507,0.0,0.3066,-1.0112,-0.6951,0.14140192767673704,0.3521151263372747,-0.20144962119355864,GBPCPCFC_00427-0,GBPCPCFC_00427-0,Rickettsia endosymbiont of Bryobia graminum,2878922,63.6,5.33e-98,296,unclassified Rickettsia,114295,,,Rickettsia,780,0,Alphaproteobacteria,28211,301412,302158,GBPCPCFC_00426,GBPCPCFC_00428,mRNA
GBPCPCFC_00428,gnl|Prokka|GBPCPCFC_6,381,414170,0.1821,915.5354,761.5115,0.8674,0.0,0.3369,-0.3876,306,-0.8004,-0.7944,0.4607,0,0,0.0965,0.1483,0.1031,0.1223,0.3987,1.5129,0.1273,0.2803796026098608,-1.4556251830495668,-0.16600879237386582,GBPCPCFC_00428-0,GBPCPCFC_00428-0,unclassified Rickettsia,114295,83.7,8.86e-50,163,cellular organisms,131567,Sciaridae,7184,Sciaridae,7184,1,Eumetazoa,6072,302184,302489,GBPCPCFC_00427,GBPCPCFC_00429,mRNA
GBPCPCFC_00429,gnl|Prokka|GBPCPCFC_6,381,414170,0.1821,915.5354,761.5115,0.8674,0.0,0.3369,-0.3876,696,-0.2883,-0.2621,0.4653,0,0,0.1714,0.006,0.1421,0.023,0.3534,0.2734,-0.2766,0.16851436913895565,-0.4850745766292546,-0.2027887841330412,GBPCPCFC_00429-0,GBPCPCFC_00429-0,Rickettsia endosymbiont of Bryobia graminum,2878922,84.4,1.39e-139,400,cellular organisms,131567,Sciaridae,7184,Sciaridae,7184,1,Eumetazoa,6072,302738,303433,GBPCPCFC_00428,GBPCPCFC_00430,mRNA
GBPCPCFC_00430,gnl|Prokka|GBPCPCFC_6,381,414170,0.1821,915.5354,761.5115,0.8674,0.0,0.3369,-0.3876,765,-0.1977,-0.1679,0.469,0,0,0.2031,0.0013,0.2246,0.0004,0.3229,-0.5642,-0.5494,0.17425858603578945,0.022551754962563723,-0.17893747075282584,GBPCPCFC_00430-0,GBPCPCFC_00430-0,Rickettsia endosymbiont of Cimex lectularius,2698648,80.7,3.18e-145,417,unclassified Rickettsia,114295,,,Rickettsia,780,0,Alphaproteobacteria,28211,303443,304207,GBPCPCFC_00429,GBPCPCFC_00431,mRNA
GBPCPCFC_00431,gnl|Prokka|GBPCPCFC_6,381,414170,0.1821,915.5354,761.5115,0.8674,0.0,0.3369,-0.3876,1041,0.1648,0.2088,0.4741,0,0,0.2318,0.0002,0.2308,0.0002,0.318,-0.6988,-0.5933,0.10270598875159949,0.5352632227237559,-0.20407827749072996,GBPCPCFC_00431-0,GBPCPCFC_00431-0,Rickettsia endosymbiont of Cimex lectularius,2698648,72.6,1.47e-168,483,unclassified Rickettsia,114295,,,Rickettsia,780,0,Alphaproteobacteria,28211,304226,305266,GBPCPCFC_00430,GBPCPCFC_00432,mRNA
GBPCPCFC_00432,gnl|Prokka|GBPCPCFC_6,381,414170,0.1821,915.5354,761.5115,0.8674,0.0,0.3369,-0.3876,1158,0.3184,0.3685,0.4798,0,0,0.2181,0.0004,0.1803,0.0038,0.3566,0.3611,-0.248,0.06525402613396651,0.46282999139430847,-0.22095949984116614,GBPCPCFC_00432-0,GBPCPCFC_00432-0,,,,,,,,,,,,0,Unassigned,,305297,306454,GBPCPCFC_00431,GBPCPCFC_00433,mRNA
GBPCPCFC_00433,gnl|Prokka|GBPCPCFC_6,381,414170,0.1821,915.5354,761.5115,0.8674,0.0,0.3369,-0.3876,1560,0.8463,0.9172,0.4876,0,0,0.2946,0.0,0.3694,0.0,0.3474,0.1086,-0.3302,0.027472415319435492,1.9711855727137644,-0.1985589598572061,GBPCPCFC_00433-0,GBPCPCFC_00433-0,Rickettsia endosymbiont of Cimex lectularius,2698648,83.6,1.96e-281,783,Rickettsia,780,,,Rickettsia,780,0,Alphaproteobacteria,28211,306507,308066,GBPCPCFC_00432,GBPCPCFC_00434,mRNA
GBPCPCFC_00434,gnl|Prokka|GBPCPCFC_6,381,414170,0.1821,915.5354,761.5115,0.8674,0.0,0.3369,-0.3876,471,-0.5838,-0.5692,0.4898,0,0,0.2153,0.0009,0.2609,0.0001,0.3142,-0.8012,-0.6266,0.24593346452970893,-0.20085228720197817,-0.08381832370805915,GBPCPCFC_00434-0,GBPCPCFC_00434-0,Rickettsia endosymbiont of Cimex lectularius,2698648,61.5,6.95e-53,175,unclassified Rickettsia,114295,,,Rickettsia,780,0,Alphaproteobacteria,28211,308056,308526,GBPCPCFC_00433,GBPCPCFC_00435,mRNA
GBPCPCFC_00435,gnl|Prokka|GBPCPCFC_6,381,414170,0.1821,915.5354,761.5115,0.8674,0.0,0.3369,-0.3876,2811,2.4891,2.6247,0.5034,0,0,0.3203,0.0,0.4235,0.0,0.355,0.3168,-0.2624,-0.20680244568794498,3.951863471589111,-0.3016645124638419,GBPCPCFC_00435-0,GBPCPCFC_00435-0,Rickettsia endosymbiont of Cimex lectularius,2698648,74.1,0.0,1390,cellular organisms,131567,Sciaridae,7184,Sciaridae,7184,1,Eumetazoa,6072,308532,311342,GBPCPCFC_00434,GBPCPCFC_00436,mRNA
GBPCPCFC_00436,gnl|Prokka|GBPCPCFC_6,381,414170,0.1821,915.5354,761.5115,0.8674,0.0,0.3369,-0.3876,1215,0.3933,0.4463,0.5096,0,0,0.3127,0.0,0.37,0.0,0.3811,1.0301,-0.03,0.08669889686228402,1.5807916564450013,-0.10816139258085614,GBPCPCFC_00436-0,GBPCPCFC_00436-0,Rickettsia endosymbiont of Culicoides newsteadi,1961830,75.9,3.73e-199,565,cellular organisms,131567,Endopterygota,33392,Endopterygota,33392,1,Eumetazoa,6072,311408,312622,GBPCPCFC_00435,GBPCPCFC_00437,mRNA
GBPCPCFC_00437,gnl|Prokka|GBPCPCFC_6,381,414170,0.1821,915.5354,761.5115,0.8674,0.0,0.3369,-0.3876,2454,2.0203,2.1374,0.5216,0,0,0.4316,0.0,0.426,0.0,0.3158,-0.7578,-0.6125,-0.21486828189080714,3.9381788037896635,-0.23430895973774787,GBPCPCFC_00437-0,GBPCPCFC_00437-0,Rickettsia endosymbiont of Cimex lectularius,2698648,32.0,6.78e-74,276,unclassified Rickettsia,114295,,,Rickettsia,780,0,Alphaproteobacteria,28211,312651,315104,GBPCPCFC_00436,GBPCPCFC_00438,mRNA
GBPCPCFC_00438,gnl|Prokka|GBPCPCFC_6,381,414170,0.1821,915.5354,761.5115,0.8674,0.0,0.3369,-0.3876,2763,2.426,2.5592,0.5364,0,0,-0.1018,0.1041,-0.1077,0.0854,0.4828,3.8174,0.878,-0.14657419219144896,0.31271159080134636,-0.3346638286451728,GBPCPCFC_00438-0,GBPCPCFC_00438-0,Lupinus albus,3870,61.1,1.62e-49,187,cellular organisms,131567,Eukaryota,2759,Eukaryota,2759,1,Eukaryota,2759,315395,318157,GBPCPCFC_00437,GBPCPCFC_00439,mRNA
GBPCPCFC_00439,gnl|Prokka|GBPCPCFC_6,381,414170,0.1821,915.5354,761.5115,0.8674,0.0,0.3369,-0.3876,110,-1.0578,-1.0619,0.5385,0,0,-0.0864,0.2516,-0.0986,0.1906,0.5182,4.7865,1.1937,0.3687946264227558,-3.174763769389461,-0.0020271348490246695,GBPCPCFC_00439-0,GBPCPCFC_00439-0,Pararhodospirillum photometricum DSM 122,1150469,60.0,1.55e-04,47.8,Pararhodospirillum photometricum DSM 122,1150469,,,Pararhodospirillum photometricum DSM 122,1150469,0,Alphaproteobacteria,28211,318492,318601,GBPCPCFC_00438,GBPCPCFC_00440,mRNA
GBPCPCFC_00440,gnl|Prokka|GBPCPCFC_6,381,414170,0.1821,915.5354,761.5115,0.8674,0.0,0.3369,-0.3876,558,-0.4695,-0.4505,0.5421,0,0,0.1446,0.0298,0.1068,0.1092,0.2491,-2.5853,-1.2079,0.21367977958256754,-0.9078930289137619,-0.01642167679331133,GBPCPCFC_00440-0,GBPCPCFC_00440-0,Rickettsia endosymbiont of Bryobia graminum,2878922,58.1,2.44e-59,194,Rickettsia,780,,,Rickettsia,780,0,Alphaproteobacteria,28211,318788,319345,GBPCPCFC_00439,GBPCPCFC_00441,mRNA
GBPCPCFC_00441,gnl|Prokka|GBPCPCFC_6,381,414170,0.1821,915.5354,761.5115,0.8674,0.0,0.3369,-0.3876,438,-0.6271,-0.6142,0.5516,0,0,0.11,0.0839,0.1573,0.0131,0.3242,-0.5279,-0.5376,0.2910981640814883,-1.0406262823947403,0.0444384199123167,GBPCPCFC_00441-0,GBPCPCFC_00441-0,Parachlamydia sp. AcF125,2795736,70.4,1.21e-66,209,Bacteria,2,,,Bacteria,2,0,Bacteria,2,320878,321315,GBPCPCFC_00440,GBPCPCFC_00442,mRNA
GBPCPCFC_00442,gnl|Prokka|GBPCPCFC_6,381,414170,0.1821,915.5354,761.5115,0.8674,0.0,0.3369,-0.3876,747,-0.2213,-0.1925,0.5579,0,0,0.0691,0.2782,0.1142,0.0725,0.3373,-0.1677,-0.4203,0.24019113724081767,-0.9412362648685727,0.012707619951849181,GBPCPCFC_00442-0,GBPCPCFC_00442-0,Rickettsia endosymbiont of Cimex lectularius,2698648,66.1,1.93e-107,320,Rickettsia,780,,,Rickettsia,780,0,Alphaproteobacteria,28211,321879,322625,GBPCPCFC_00441,GBPCPCFC_00443,mRNA
GBPCPCFC_00443,gnl|Prokka|GBPCPCFC_6,381,414170,0.1821,915.5354,761.5115,0.8674,0.0,0.3369,-0.3876,1500,0.7675,0.8353,0.5667,0,0,0.3037,0.0,0.3572,0.0,0.306,-1.0266,-0.7001,0.04276623576400487,1.8810576015404694,-0.014515344337062584,GBPCPCFC_00443-0,GBPCPCFC_00443-0,Rickettsia endosymbiont of Cimex lectularius,2698648,85.3,2.93e-294,814,Rickettsiaceae,775,,,Rickettsiaceae,775,0,Alphaproteobacteria,28211,322951,324450,GBPCPCFC_00442,GBPCPCFC_00444,mRNA
GBPCPCFC_00444,gnl|Prokka|GBPCPCFC_6,381,414170,0.1821,915.5354,761.5115,0.8674,0.0,0.3369,-0.3876,77,-1.1011,-1.107,0.5682,0,0,-0.0158,0.8567,-0.0773,0.3767,0.5584,5.8895,1.553,0.3395446020054214,-2.855732562466275,0.0657855198507235,GBPCPCFC_00444-0,GBPCPCFC_00444-0,,,,,,,,,,,,0,Unassigned,,324672,324748,GBPCPCFC_00443,GBPCPCFC_00445,mRNA
GBPCPCFC_00445,gnl|Prokka|GBPCPCFC_6,381,414170,0.1821,915.5354,761.5115,0.8674,0.0,0.3369,-0.3876,1185,0.3539,0.4053,0.5762,0,0,0.0923,0.1409,0.1515,0.0153,0.3705,0.7395,-0.1247,0.15958520738414478,-0.12633119114166994,0.010076067643951818,GBPCPCFC_00445-0,GBPCPCFC_00445-0,spotted fever group,114277,58.0,3.18e-123,378,spotted fever group,114277,,,spotted fever group,114277,0,Alphaproteobacteria,28211,325228,326412,GBPCPCFC_00444,GBPCPCFC_00446,mRNA
GBPCPCFC_00446,gnl|Prokka|GBPCPCFC_6,381,414170,0.1821,915.5354,761.5115,0.8674,0.0,0.3369,-0.3876,564,-0.4616,-0.4423,0.5795,0,0,0.0579,0.3561,0.0145,0.8176,0.289,-1.4921,-0.8517,0.23797107697967154,-1.5782616538215568,0.05154162649479707,GBPCPCFC_00446-0,GBPCPCFC_00446-0,Rickettsia hoogstraalii str. RCCE3,1359197,83.3,5.95e-110,327,Rickettsia hoogstraalii str. RCCE3,1359197,,,Rickettsia hoogstraalii str. RCCE3,1359197,0,Alphaproteobacteria,28211,326528,327091,GBPCPCFC_00445,GBPCPCFC_00447,mRNA
GBPCPCFC_00447,gnl|Prokka|GBPCPCFC_6,381,414170,0.1821,915.5354,761.5115,0.8674,0.0,0.3369,-0.3876,396,-0.6822,-0.6716,0.5815,0,0,-0.0843,0.1987,-0.0966,0.1408,0.3434,-0.001,-0.3659,0.3210000500941484,-2.7756743245686453,0.06229827057323306,GBPCPCFC_00447-0,GBPCPCFC_00447-0,Rickettsia bellii,33990,80.9,1.63e-66,209,Rickettsiales,766,,,Rickettsiales,766,0,Alphaproteobacteria,28211,327114,327509,GBPCPCFC_00446,GBPCPCFC_00448,mRNA
GBPCPCFC_00448,gnl|Prokka|GBPCPCFC_6,381,414170,0.1821,915.5354,761.5115,0.8674,0.0,0.3369,-0.3876,231,-0.8989,-0.8968,0.5835,0,0,0.0622,0.3577,0.039,0.564,0.3766,0.9083,-0.0697,0.3136303774577164,-1.926056478057604,0.10980636558253486,GBPCPCFC_00448-0,GBPCPCFC_00448-0,spotted fever group,114277,67.6,8.95e-22,94.7,spotted fever group,114277,,,spotted fever group,114277,0,Alphaproteobacteria,28211,327680,327910,GBPCPCFC_00447,GBPCPCFC_00449,mRNA
GBPCPCFC_00449,gnl|Prokka|GBPCPCFC_6,381,414170,0.1821,915.5354,761.5115,0.8674,0.0,0.3369,-0.3876,1845,1.2206,1.3062,0.593,0,0,0.1211,0.0529,0.1675,0.0072,0.3322,-0.3074,-0.4658,0.019920758283075823,0.9380482336801897,-0.031919713864123254,GBPCPCFC_00449-0,GBPCPCFC_00449-0,spotted fever group,114277,80.0,0.0,962,Rickettsia,780,,,Rickettsia,780,0,Alphaproteobacteria,28211,328053,329897,GBPCPCFC_00448,GBPCPCFC_00450,mRNA
GBPCPCFC_00450,gnl|Prokka|GBPCPCFC_6,381,414170,0.1821,915.5354,761.5115,0.8674,0.0,0.3369,-0.3876,282,-0.8319,-0.8272,0.5943,0,0,0.0045,0.9469,0.0548,0.4186,0.3617,0.4995,-0.2029,0.35719418692812627,-2.0426787684590186,0.1442511007445847,GBPCPCFC_00450-0,GBPCPCFC_00450-0,Sphingobacteriaceae bacterium,2021370,45.8,1.66e-14,73.6,Bacteria,2,,,Bacteria,2,0,Bacteria,2,329885,330166,GBPCPCFC_00449,GBPCPCFC_00451,mRNA
GBPCPCFC_00451,gnl|Prokka|GBPCPCFC_6,381,414170,0.1821,915.5354,761.5115,0.8674,0.0,0.3369,-0.3876,243,-0.8832,-0.8804,0.5977,0,0,0.1488,0.0336,0.1191,0.0897,0.3251,-0.5032,-0.5296,0.29043347774399786,-1.2770008255319631,0.1544196839386886,GBPCPCFC_00451-0,GBPCPCFC_00451-0,,,,,,,,,,,,0,Unassigned,,330619,330861,GBPCPCFC_00450,GBPCPCFC_00452,mRNA
GBPCPCFC_00452,gnl|Prokka|GBPCPCFC_6,381,414170,0.1821,915.5354,761.5115,0.8674,0.0,0.3369,-0.3876,246,-0.8792,-0.8763,0.5983,0,0,0.2074,0.0017,0.2107,0.0014,0.3415,-0.055,-0.3835,0.29302587054601803,-0.7156766285223313,0.17777037913559834,GBPCPCFC_00452-0,GBPCPCFC_00452-0,Rickettsia tamurae subsp. buchneri,1462938,72.1,1.70e-20,90.5,Rickettsia tamurae subsp. buchneri,1462938,,,Rickettsia tamurae subsp. buchneri,1462938,0,Alphaproteobacteria,28211,330743,330988,GBPCPCFC_00451,GBPCPCFC_00453,mRNA
GBPCPCFC_00453,gnl|Prokka|GBPCPCFC_6,381,414170,0.1821,915.5354,761.5115,0.8674,0.0,0.3369,-0.3876,873,-0.0559,-0.0205,0.6044,0,0,0.1001,0.1157,0.11,0.0839,0.3562,0.3499,-0.2516,0.19972390667425363,-0.659416567175943,0.09746562786490333,GBPCPCFC_00453-0,GBPCPCFC_00453-0,Rickettsia tamurae,334545,84.0,2.66e-159,489,Rickettsia,780,,,Rickettsia,780,0,Alphaproteobacteria,28211,331369,332241,GBPCPCFC_00452,GBPCPCFC_00454,mRNA
GBPCPCFC_00454,gnl|Prokka|GBPCPCFC_6,381,414170,0.1821,915.5354,761.5115,0.8674,0.0,0.3369,-0.3876,1293,0.4957,0.5527,0.6109,0,0,0.1721,0.0058,0.2133,0.0006,0.3527,0.252,-0.2835,0.1175293147522471,0.5598563457718977,0.08487382279280246,GBPCPCFC_00454-0,GBPCPCFC_00454-0,Legionella,445,56.7,6.50e-173,501,cellular organisms,131567,cellular organisms,131567,cellular organisms,131567,1,cellular organisms,131567,332297,333589,GBPCPCFC_00453,GBPCPCFC_00455,mRNA
GBPCPCFC_00455,gnl|Prokka|GBPCPCFC_6,381,414170,0.1821,915.5354,761.5115,0.8674,0.0,0.3369,-0.3876,1452,0.7045,0.7698,0.618,0,0,0.1656,0.0079,0.2667,0.0,0.3939,1.3827,0.0848,0.11998445774438984,0.9306315209337976,0.10182499125217256,GBPCPCFC_00455-0,GBPCPCFC_00455-0,Rickettsia tamurae,334545,88.5,2.99e-288,831,cellular organisms,131567,Arthropoda,6656,Arthropoda,6656,1,Eumetazoa,6072,333617,335068,GBPCPCFC_00454,GBPCPCFC_00456,mRNA
GBPCPCFC_00456,gnl|Prokka|GBPCPCFC_6,381,414170,0.1821,915.5354,761.5115,0.8674,0.0,0.3369,-0.3876,465,-0.5916,-0.5774,0.6204,0,0,0.0836,0.1966,0.1296,0.0448,0.3161,-0.7491,-0.6096,0.30574738432499754,-1.212586815224534,0.19465236948941872,GBPCPCFC_00456-0,GBPCPCFC_00456-0,Parachlamydia sp. AcF125,2795736,69.7,9.98e-66,207,Bacteria,2,,,Bacteria,2,0,Bacteria,2,335087,335551,GBPCPCFC_00455,GBPCPCFC_00457,mRNA
GBPCPCFC_00457,gnl|Prokka|GBPCPCFC_6,381,414170,0.1821,915.5354,761.5115,0.8674,0.0,0.3369,-0.3876,2031,1.4648,1.56,0.6319,0,0,0.3646,0.0,0.3975,0.0,0.3668,0.6395,-0.1573,-0.07303818613537569,2.9853847087378513,0.07403398422712025,GBPCPCFC_00457-0,GBPCPCFC_00457-0,Rickettsia endosymbiont of Ixodes scapularis,444612,69.3,6.95e-294,853,spotted fever group,114277,,,spotted fever group,114277,0,Alphaproteobacteria,28211,335922,337952,GBPCPCFC_00456,GBPCPCFC_00458,mRNA
GBPCPCFC_00458,gnl|Prokka|GBPCPCFC_6,381,414170,0.1821,915.5354,761.5115,0.8674,0.0,0.3369,-0.3876,2856,2.5482,2.6861,0.6474,0,0,0.1888,0.0024,0.2979,0.0,0.3768,0.9118,-0.0686,-0.151399937509569,3.0280429407915554,0.0035199955882369367,GBPCPCFC_00458-0,GBPCPCFC_00458-0,Rickettsia endosymbiont of Platyusa sonomae,2878924,34.9,2.24e-64,242,Rickettsiales,766,,,Rickettsiales,766,0,Alphaproteobacteria,28211,338296,341151,GBPCPCFC_00457,GBPCPCFC_00459,mRNA
GBPCPCFC_00459,gnl|Prokka|GBPCPCFC_6,381,414170,0.1821,915.5354,761.5115,0.8674,0.0,0.3369,-0.3876,780,-0.178,-0.1474,0.6528,0,0,0.2227,0.0006,0.2355,0.0003,0.3795,0.9867,-0.0442,0.20064249083696678,0.1507960380432457,0.2438198021051244,GBPCPCFC_00459-0,GBPCPCFC_00459-0,Bacillus sp. FJAT-27238,1679167,43.8,9.35e-04,50.4,Bacillus sp. FJAT-27238,1679167,,,Bacillus sp. FJAT-27238,1679167,0,Bacillota,1239,341489,342268,GBPCPCFC_00458,GBPCPCFC_00460,mRNA
GBPCPCFC_00460,gnl|Prokka|GBPCPCFC_6,381,414170,0.1821,915.5354,761.5115,0.8674,0.0,0.3369,-0.3876,1293,0.4957,0.5527,0.6591,0,0,0.1647,0.0083,0.2069,0.0009,0.3534,0.2732,-0.2766,0.12987136936921206,0.5044225721779692,0.1951333883740193,GBPCPCFC_00460-0,GBPCPCFC_00460-0,Legionella,445,56.7,6.50e-173,501,cellular organisms,131567,cellular organisms,131567,cellular organisms,131567,1,cellular organisms,131567,342289,343581,GBPCPCFC_00459,GBPCPCFC_00461,mRNA
GBPCPCFC_00461,gnl|Prokka|GBPCPCFC_6,381,414170,0.1821,915.5354,761.5115,0.8674,0.0,0.3369,-0.3876,483,-0.568,-0.5528,0.6617,0,0,0.1332,0.0392,0.1636,0.0111,0.3333,-0.2777,-0.4561,0.2911005371060023,-0.8682890599222961,0.291106729801075,GBPCPCFC_00461-0,GBPCPCFC_00461-0,,,,,,,,,,,,0,Unassigned,,343635,344117,GBPCPCFC_00460,GBPCPCFC_00462,mRNA
GBPCPCFC_00462,gnl|Prokka|GBPCPCFC_6,381,414170,0.1821,915.5354,761.5115,0.8674,0.0,0.3369,-0.3876,1845,1.2206,1.3062,0.672,0,0,0.1772,0.0045,0.2621,0.0,0.3252,-0.5005,-0.5287,0.04291917918327304,1.4905716396529605,0.1742656201817182,GBPCPCFC_00462-0,GBPCPCFC_00462-0,Rickettsia endosymbiont of Cimex lectularius,2698648,70.2,3.36e-309,861,unclassified Rickettsia,114295,,,Rickettsia,780,0,Alphaproteobacteria,28211,344409,346253,GBPCPCFC_00461,GBPCPCFC_00463,mRNA
GBPCPCFC_00463,gnl|Prokka|GBPCPCFC_6,381,414170,0.1821,915.5354,761.5115,0.8674,0.0,0.3369,-0.3876,180,-0.9659,-0.9664,0.6728,0,0,0.1292,0.0523,0.1359,0.0412,0.3833,1.0921,-0.0098,0.34182334889609806,-1.389907940309331,0.3449479291257639,GBPCPCFC_00463-0,GBPCPCFC_00463-0,Sphingobacteriaceae bacterium,2021370,52.5,3.18e-05,48.5,Bacteria,2,,,Bacteria,2,0,Bacteria,2,346231,346410,GBPCPCFC_00462,GBPCPCFC_00464,mRNA
GBPCPCFC_00464,gnl|Prokka|GBPCPCFC_6,381,414170,0.1821,915.5354,761.5115,0.8674,0.0,0.3369,-0.3876,1380,0.6099,0.6715,0.6818,0,0,0.2418,0.0001,0.2999,0.0,0.2486,-2.6005,-1.2128,0.1074015270398922,1.259584484169543,0.2563297545615738,GBPCPCFC_00464-0,GBPCPCFC_00464-0,Rickettsia endosymbiont of Culicoides newsteadi,1961830,61.7,2.34e-191,550,Rickettsia endosymbiont of Culicoides newsteadi,1961830,,,Rickettsia endosymbiont of Culicoides newsteadi,1961830,0,Alphaproteobacteria,28211,346897,348276,GBPCPCFC_00463,GBPCPCFC_00465,mRNA
GBPCPCFC_00465,gnl|Prokka|GBPCPCFC_6,381,414170,0.1821,915.5354,761.5115,0.8674,0.0,0.3369,-0.3876,1233,0.4169,0.4709,0.6878,0,0,0.0338,0.6012,0.1047,0.1051,0.2668,-2.0997,-1.0497,0.19332636584976184,-0.47117961979677575,0.25534749737269186,GBPCPCFC_00465-0,GBPCPCFC_00465-0,spotted fever group,114277,81.7,9.71e-220,631,Rickettsia,780,,,Rickettsia,780,0,Alphaproteobacteria,28211,348283,349515,GBPCPCFC_00464,GBPCPCFC_00466,mRNA
GBPCPCFC_00466,gnl|Prokka|GBPCPCFC_6,381,414170,0.1821,915.5354,761.5115,0.8674,0.0,0.3369,-0.3876,1056,0.1845,0.2293,0.6927,0,0,0.1735,0.0061,0.1936,0.0021,0.3191,-0.6669,-0.5829,0.1700675886795994,0.173641118495136,0.2955598792234822,GBPCPCFC_00466-0,GBPCPCFC_00466-0,Rickettsia tamurae subsp. buchneri,1462938,67.3,1.29e-153,460,spotted fever group,114277,,,spotted fever group,114277,0,Alphaproteobacteria,28211,349487,350542,GBPCPCFC_00465,GBPCPCFC_00467,mRNA
GBPCPCFC_00467,gnl|Prokka|GBPCPCFC_6,381,414170,0.1821,915.5354,761.5115,0.8674,0.0,0.3369,-0.3876,429,-0.6389,-0.6265,0.6948,0,0,0.2364,0.0005,0.1882,0.0058,0.2937,-1.3634,-0.8098,0.24394314486848312,-0.4312215567044563,0.3647598625207014,GBPCPCFC_00467-0,GBPCPCFC_00467-0,spotted fever group,114277,92.2,3.24e-81,246,spotted fever group,114277,,,spotted fever group,114277,0,Alphaproteobacteria,28211,350533,350961,GBPCPCFC_00466,GBPCPCFC_00468,mRNA
GBPCPCFC_00468,gnl|Prokka|GBPCPCFC_6,381,414170,0.1821,915.5354,761.5115,0.8674,0.0,0.3369,-0.3876,1095,0.2357,0.2825,0.7019,0,0,0.0889,0.1561,0.1585,0.0111,0.3699,0.7231,-0.1301,0.20970722155762114,-0.24520692812846503,0.31436728012442616,GBPCPCFC_00468-0,GBPCPCFC_00468-0,Rickettsia bellii,33990,92.9,1.18e-250,692,cellular organisms,131567,Arthropoda,6656,Arthropoda,6656,1,Eumetazoa,6072,351349,352443,GBPCPCFC_00467,GBPCPCFC_00469,mRNA
GBPCPCFC_00469,gnl|Prokka|GBPCPCFC_6,381,414170,0.1821,915.5354,761.5115,0.8674,0.0,0.3369,-0.3876,198,-0.9423,-0.9418,0.7039,0,0,0.0225,0.7714,0.0452,0.56,0.2879,-1.523,-0.8618,0.37824535626730327,-2.121114396861579,0.40099262527491875,GBPCPCFC_00469-0,GBPCPCFC_00469-0,spotted fever group,114277,60.0,9.88e-13,67.0,spotted fever group,114277,,,spotted fever group,114277,0,Alphaproteobacteria,28211,352662,352859,GBPCPCFC_00468,GBPCPCFC_00470,mRNA
GBPCPCFC_00470,gnl|Prokka|GBPCPCFC_6,381,414170,0.1821,915.5354,761.5115,0.8674,0.0,0.3369,-0.3876,186,-0.958,-0.9582,0.7048,0,0,0.0882,0.2154,0.0867,0.2233,0.3065,-1.0142,-0.696,0.35284658869434926,-1.722690426367292,0.40777211471855185,GBPCPCFC_00470-0,GBPCPCFC_00470-0,spotted fever group,114277,94.0,1.34e-25,108,cellular organisms,131567,Arthropoda,6656,Arthropoda,6656,1,Eumetazoa,6072,352849,353034,GBPCPCFC_00469,GBPCPCFC_00471,mRNA
GBPCPCFC_00471,gnl|Prokka|GBPCPCFC_6,381,414170,0.1821,915.5354,761.5115,0.8674,0.0,0.3369,-0.3876,438,-0.6271,-0.6142,0.7087,0,0,-0.0857,0.1788,-0.0331,0.6038,0.3402,-0.0901,-0.395,0.37294100147701653,-2.514092971960197,0.3735612669492613,GBPCPCFC_00471-0,GBPCPCFC_00471-0,Alphaproteobacteria bacterium,1913988,62.7,1.00e-47,162,Alphaproteobacteria bacterium,1913988,,,Alphaproteobacteria bacterium,1913988,0,Alphaproteobacteria,28211,353408,353845,GBPCPCFC_00470,GBPCPCFC_00472,mRNA
GBPCPCFC_00472,gnl|Prokka|GBPCPCFC_6,381,414170,0.1821,915.5354,761.5115,0.8674,0.0,0.3369,-0.3876,546,-0.4853,-0.4668,0.7119,0,0,0.1125,0.096,0.2062,0.0021,0.2875,-1.5321,-0.8648,0.3265676106806035,-0.7257633919377924,0.4180477119696912,GBPCPCFC_00472-0,GBPCPCFC_00472-0,Rickettsia endosymbiont of Labidopullus appendiculatus,2878921,57.1,5.41e-61,197,Rickettsia,780,,,Rickettsia,780,0,Alphaproteobacteria,28211,353963,354508,GBPCPCFC_00471,GBPCPCFC_00473,mRNA
GBPCPCFC_00473,gnl|Prokka|GBPCPCFC_6,381,414170,0.1821,915.5354,761.5115,0.8674,0.0,0.3369,-0.3876,174,-0.9738,-0.9746,0.7138,0,0,-0.0538,0.4899,-0.0004,0.9955,0.2414,-2.797,-1.2768,0.4188133363181244,-2.6266481063120866,0.42396679358971073,GBPCPCFC_00473-0,GBPCPCFC_00473-0,unclassified Chlamydiota,1704234,62.7,2.43e-11,68.2,unclassified Chlamydiota,1704234,,,Chlamydiota,204428,0,Chlamydiota,204428,354723,354896,GBPCPCFC_00472,GBPCPCFC_00474,mRNA
GBPCPCFC_00474,gnl|Prokka|GBPCPCFC_6,381,414170,0.1821,915.5354,761.5115,0.8674,0.0,0.3369,-0.3876,273,-0.8438,-0.8395,0.7155,0,0,0.2238,0.0007,0.1965,0.003,0.293,-1.3816,-0.8157,0.2926517743816272,-0.6667984046853773,0.43695859124753617,GBPCPCFC_00474-0,GBPCPCFC_00474-0,Rotaria sp. Silwood2,2762512,37.9,4.47e-06,54.3,cellular organisms,131567,Protostomia,33317,Protostomia,33317,1,Eumetazoa,6072,354992,355264,GBPCPCFC_00473,GBPCPCFC_00475,mRNA
GBPCPCFC_00475,gnl|Prokka|GBPCPCFC_6,381,414170,0.1821,915.5354,761.5115,0.8674,0.0,0.3369,-0.3876,321,-0.7807,-0.7739,0.7179,0,0,0.098,0.1412,0.1702,0.0102,0.3458,0.0637,-0.3449,0.36449310384045036,-1.2137469322725523,0.4493858397354738,GBPCPCFC_00475-0,GBPCPCFC_00475-0,Rickettsia tamurae,334545,93.0,1.17e-60,196,Rickettsia tamurae,334545,,,Rickettsia tamurae,334545,0,Alphaproteobacteria,28211,355423,355743,GBPCPCFC_00474,GBPCPCFC_00476,mRNA
GBPCPCFC_00476,gnl|Prokka|GBPCPCFC_6,381,414170,0.1821,915.5354,761.5115,0.8674,0.0,0.3369,-0.3876,1293,0.4957,0.5527,0.7241,0,0,0.1825,0.0034,0.2339,0.0002,0.3534,0.2732,-0.2766,0.14397311976407487,0.6670554670988627,0.35164029613021197,GBPCPCFC_00476-0,GBPCPCFC_00476-0,Legionella,445,56.7,6.50e-173,501,cellular organisms,131567,cellular organisms,131567,cellular organisms,131567,1,cellular organisms,131567,355750,357042,GBPCPCFC_00475,GBPCPCFC_00477,mRNA
GBPCPCFC_00477,gnl|Prokka|GBPCPCFC_6,381,414170,0.1821,915.5354,761.5115,0.8674,0.0,0.3369,-0.3876,195,-0.9462,-0.9459,0.7265,0,0,0.0659,0.332,0.0529,0.4362,0.3744,0.8462,-0.0899,0.3549613737124549,-1.9198404114506247,0.44856092139931725,GBPCPCFC_00477-0,GBPCPCFC_00477-0,Rickettsia tamurae,334545,96.9,5.30e-38,137,Rickettsia tamurae,334545,,,Rickettsia tamurae,334545,0,Alphaproteobacteria,28211,357329,357523,GBPCPCFC_00476,GBPCPCFC_00478,mRNA
GBPCPCFC_00478,gnl|Prokka|GBPCPCFC_6,381,414170,0.1821,915.5354,761.5115,0.8674,0.0,0.3369,-0.3876,279,-0.8359,-0.8313,0.7277,0,0,-0.0089,0.8993,-0.0096,0.8913,0.2616,-2.2416,-1.0959,0.36270621587711466,-2.331184651148765,0.43189230509330445,GBPCPCFC_00478-0,GBPCPCFC_00478-0,Rickettsia tamurae,334545,92.0,3.63e-48,167,Rickettsia tamurae,334545,,,Rickettsia tamurae,334545,0,Alphaproteobacteria,28211,357513,357791,GBPCPCFC_00477,GBPCPCFC_00479,mRNA
GBPCPCFC_00479,gnl|Prokka|GBPCPCFC_6,381,414170,0.1821,915.5354,761.5115,0.8674,0.0,0.3369,-0.3876,1023,0.1411,0.1842,0.7334,0,0,0.0448,0.4754,0.0717,0.2528,0.3245,-0.5187,-0.5346,0.21900913590810858,-0.8251894389707485,0.37279128567858133,GBPCPCFC_00479-0,GBPCPCFC_00479-0,Rickettsia endosymbiont of Ixodes scapularis,444612,92.4,1.70e-225,628,spotted fever group,114277,,,spotted fever group,114277,0,Alphaproteobacteria,28211,357937,358959,GBPCPCFC_00478,GBPCPCFC_00480,mRNA
GBPCPCFC_00480,gnl|Prokka|GBPCPCFC_6,381,414170,0.1821,915.5354,761.5115,0.8674,0.0,0.3369,-0.3876,90,-1.0841,-1.0892,0.7339,0,0,0.1048,0.2567,0.1045,0.2581,0.3111,-0.8865,-0.6544,0.374478978750893,-1.7238265804565065,0.49015208041513625,GBPCPCFC_00480-0,GBPCPCFC_00480-0,Rickettsia tamurae,334545,81.5,3.59e-06,52.0,Rickettsia tamurae,334545,,,Rickettsia tamurae,334545,0,Alphaproteobacteria,28211,358966,359055,GBPCPCFC_00479,GBPCPCFC_00481,mRNA
GBPCPCFC_00481,gnl|Prokka|GBPCPCFC_6,381,414170,0.1821,915.5354,761.5115,0.8674,0.0,0.3369,-0.3876,429,-0.6389,-0.6265,0.7379,0,0,0.1915,0.0047,0.1725,0.0111,0.3054,-1.0441,-0.7058,0.2785461631522031,-0.6736428013609774,0.4665399230964725,GBPCPCFC_00481-0,GBPCPCFC_00481-0,spotted fever group,114277,90.8,5.38e-80,243,Rickettsia,780,,,Rickettsia,780,0,Alphaproteobacteria,28211,359470,359898,GBPCPCFC_00480,GBPCPCFC_00482,mRNA
GBPCPCFC_00482,gnl|Prokka|GBPCPCFC_6,381,414170,0.1821,915.5354,761.5115,0.8674,0.0,0.3369,-0.3876,1095,0.2357,0.2825,0.7438,0,0,0.0889,0.1561,0.1585,0.0111,0.3699,0.7231,-0.1301,0.2184693340671745,-0.24764807948533302,0.4110665941987449,GBPCPCFC_00482-0,GBPCPCFC_00482-0,Rickettsia bellii,33990,92.9,1.18e-250,692,cellular organisms,131567,Arthropoda,6656,Arthropoda,6656,1,Eumetazoa,6072,360020,361114,GBPCPCFC_00481,GBPCPCFC_00483,mRNA
GBPCPCFC_00483,gnl|Prokka|GBPCPCFC_6,381,414170,0.1821,915.5354,761.5115,0.8674,0.0,0.3369,-0.3876,2169,1.646,1.7484,0.7546,0,0,0.1384,0.0268,0.2173,0.0005,0.3052,-1.0482,-0.7071,0.0025661770907450267,1.6087181832396154,0.31578583998764004,GBPCPCFC_00483-0,GBPCPCFC_00483-0,Rickettsia tamurae subsp. buchneri,1462938,75.7,0.0,1050,spotted fever group,114277,,,spotted fever group,114277,0,Alphaproteobacteria,28211,361180,363348,GBPCPCFC_00482,GBPCPCFC_00484,mRNA
GBPCPCFC_00484,gnl|Prokka|GBPCPCFC_6,381,414170,0.1821,915.5354,761.5115,0.8674,0.0,0.3369,-0.3876,150,-1.0053,-1.0073,0.7555,0,0,-0.0067,0.9337,0.0207,0.7976,0.2533,-2.4695,-1.1701,0.4077785842713544,-2.393845767258729,0.5223811161101394,GBPCPCFC_00484-0,GBPCPCFC_00484-0,spotted fever group,114277,91.7,1.56e-23,93.2,spotted fever group,114277,,,spotted fever group,114277,0,Alphaproteobacteria,28211,363390,363539,GBPCPCFC_00483,GBPCPCFC_00485,mRNA
GBPCPCFC_00485,gnl|Prokka|GBPCPCFC_6,381,414170,0.1821,915.5354,761.5115,0.8674,0.0,0.3369,-0.3876,417,-0.6547,-0.6429,0.7603,0,0,0.326,0.0,0.3539,0.0,0.3669,0.6421,-0.1564,0.27783565066928695,0.48875740488097896,0.5607266034369366,GBPCPCFC_00485-0,GBPCPCFC_00485-0,spotted fever group,114277,76.1,2.38e-65,206,Rickettsia,780,,,Rickettsia,780,0,Alphaproteobacteria,28211,364121,364537,GBPCPCFC_00484,GBPCPCFC_00486,mRNA
GBPCPCFC_00486,gnl|Prokka|GBPCPCFC_6,381,414170,0.1821,915.5354,761.5115,0.8674,0.0,0.3369,-0.3876,600,-0.4144,-0.3931,0.7628,0,0,0.2672,0.0,0.3198,0.0,0.3367,-0.1864,-0.4263,0.2689304377744443,0.37511565961841414,0.5421115995035413,GBPCPCFC_00486-0,GBPCPCFC_00486-0,spotted fever group,114277,83.2,6.47e-91,277,Rickettsia,780,,,Rickettsia,780,0,Alphaproteobacteria,28211,364450,365049,GBPCPCFC_00485,GBPCPCFC_00487,mRNA
GBPCPCFC_00487,gnl|Prokka|GBPCPCFC_6,381,414170,0.1821,915.5354,761.5115,0.8674,0.0,0.3369,-0.3876,342,-0.7532,-0.7453,0.766,0,0,0.2066,0.0012,0.1839,0.0041,0.3392,-0.1175,-0.4039,0.2960951100251864,-0.6914377878208978,0.5435817814371487,GBPCPCFC_00487-0,GBPCPCFC_00487-0,spotted fever group,114277,59.8,7.20e-26,109,spotted fever group,114277,,,spotted fever group,114277,0,Alphaproteobacteria,28211,365365,365706,GBPCPCFC_00486,GBPCPCFC_00488,mRNA
GBPCPCFC_00488,gnl|Prokka|GBPCPCFC_6,381,414170,0.1821,915.5354,761.5115,0.8674,0.0,0.3369,-0.3876,399,-0.6783,-0.6675,0.7698,0,0,0.0024,0.9696,0.0047,0.9408,0.3233,-0.5524,-0.5456,0.3467646853964157,-2.075572702220041,0.517342880873463,GBPCPCFC_00488-0,GBPCPCFC_00488-0,Rickettsia endosymbiont of Ixodes scapularis,444612,90.5,3.74e-73,227,spotted fever group,114277,,,spotted fever group,114277,0,Alphaproteobacteria,28211,366093,366491,GBPCPCFC_00487,GBPCPCFC_00489,mRNA
GBPCPCFC_00489,gnl|Prokka|GBPCPCFC_6,381,414170,0.1821,915.5354,761.5115,0.8674,0.0,0.3369,-0.3876,1845,1.2206,1.3062,0.7793,0,0,0.2089,0.0008,0.2654,0.0,0.335,-0.2332,-0.4416,0.043299065560828236,1.6269810165561072,0.4174898487480197,GBPCPCFC_00489-0,GBPCPCFC_00489-0,Rickettsia endosymbiont of Cimex lectularius,2698648,71.8,1.76e-315,877,Bacteria,2,,,Bacteria,2,0,Bacteria,2,366617,368461,GBPCPCFC_00488,GBPCPCFC_00490,mRNA
GBPCPCFC_00490,gnl|Prokka|GBPCPCFC_6,381,414170,0.1821,915.5354,761.5115,0.8674,0.0,0.3369,-0.3876,237,-0.891,-0.8886,0.7817,0,0,0.1536,0.0401,0.1657,0.0267,0.2996,-1.2025,-0.7574,0.3504104637974777,-1.1162312351007215,0.5956207436031893,GBPCPCFC_00490-0,GBPCPCFC_00490-0,Rickettsia endosymbiont of Oedothorax gibbosus,931099,88.5,2.83e-39,136,Rickettsia,780,,,Rickettsia,780,0,Alphaproteobacteria,28211,368722,368958,GBPCPCFC_00489,GBPCPCFC_00491,mRNA
GBPCPCFC_00491,gnl|Prokka|GBPCPCFC_6,381,414170,0.1821,915.5354,761.5115,0.8674,0.0,0.3369,-0.3876,330,-0.7689,-0.7617,0.784,0,0,0.0787,0.2244,0.1423,0.0275,0.3545,0.3034,-0.2668,0.37671177169750214,-1.381330305265916,0.5942956100588879,GBPCPCFC_00491-0,GBPCPCFC_00491-0,Rickettsia endosymbiont of Oedothorax gibbosus,931099,92.4,8.96e-62,204,Rickettsiaceae,775,,,Rickettsiaceae,775,0,Alphaproteobacteria,28211,369106,369435,GBPCPCFC_00490,GBPCPCFC_00492,mRNA
GBPCPCFC_00492,gnl|Prokka|GBPCPCFC_6,381,414170,0.1821,915.5354,761.5115,0.8674,0.0,0.3369,-0.3876,375,-0.7098,-0.7002,0.7867,0,0,-0.0597,0.356,-0.0111,0.8637,0.3067,-1.0083,-0.6941,0.3934385585674603,-2.4203986251539376,0.5646014970213971,GBPCPCFC_00492-0,GBPCPCFC_00492-0,Rickettsia endosymbiont of Oedothorax gibbosus,931099,95.8,8.01e-74,236,Pseudomonadota,1224,,,Pseudomonadota,1224,0,Pseudomonadota,1224,369626,370000,GBPCPCFC_00491,GBPCPCFC_00493,mRNA
GBPCPCFC_00493,gnl|Prokka|GBPCPCFC_6,381,414170,0.1821,915.5354,761.5115,0.8674,0.0,0.3369,-0.3876,561,-0.4656,-0.4464,0.7896,0,0,0.004,0.949,0.0479,0.445,0.3369,-0.1801,-0.4243,0.3399767484660774,-1.7028164479140684,0.5581497550862176,GBPCPCFC_00493-0,GBPCPCFC_00493-0,Rickettsia endosymbiont of Ixodes scapularis,444612,91.4,1.71e-113,336,spotted fever group,114277,,,spotted fever group,114277,0,Alphaproteobacteria,28211,370032,370592,GBPCPCFC_00492,GBPCPCFC_00494,mRNA
GBPCPCFC_00494,gnl|Prokka|GBPCPCFC_6,381,414170,0.1821,915.5354,761.5115,0.8674,0.0,0.3369,-0.3876,468,-0.5877,-0.5733,0.7918,0,0,0.0196,0.7645,0.0609,0.3524,0.3098,-0.9217,-0.6659,0.353713284660379,-1.7193577849744814,0.5766001718664862,GBPCPCFC_00494-0,GBPCPCFC_00494-0,Rickettsia tamurae subsp. buchneri,1462938,91.5,3.51e-97,288,Rickettsia,780,,,Rickettsia,780,0,Alphaproteobacteria,28211,370586,371053,GBPCPCFC_00493,GBPCPCFC_00495,mRNA
GBPCPCFC_00495,gnl|Prokka|GBPCPCFC_6,381,414170,0.1821,915.5354,761.5115,0.8674,0.0,0.3369,-0.3876,384,-0.698,-0.6879,0.794,0,0,0.1748,0.0094,0.2024,0.0026,0.3594,0.4357,-0.2237,0.3269925451255616,-0.7044816014577286,0.6152076163610949,GBPCPCFC_00495-0,GBPCPCFC_00495-0,spotted fever group,114277,66.3,3.10e-31,124,spotted fever group,114277,,,spotted fever group,114277,0,Alphaproteobacteria,28211,371129,371512,GBPCPCFC_00494,GBPCPCFC_00496,mRNA
GBPCPCFC_00496,gnl|Prokka|GBPCPCFC_6,381,414170,0.1821,915.5354,761.5115,0.8674,0.0,0.3369,-0.3876,1839,1.2127,1.298,0.8036,0,0,0.2465,0.0001,0.2249,0.0003,0.3551,0.3182,-0.262,0.000640302580917417,1.6339868954944157,0.4532703754996085,GBPCPCFC_00496-0,GBPCPCFC_00496-0,Rickettsia endosymbiont of Cimex lectularius,2698648,72.4,0.0,892,unclassified Rickettsia,114295,,,Rickettsia,780,0,Alphaproteobacteria,28211,371656,373494,GBPCPCFC_00495,GBPCPCFC_00497,mRNA
GBPCPCFC_00497,gnl|Prokka|GBPCPCFC_6,381,414170,0.1821,915.5354,761.5115,0.8674,0.0,0.3369,-0.3876,174,-0.9738,-0.9746,0.8048,0,0,0.1448,0.0722,0.1337,0.0973,0.2989,-1.2224,-0.7639,0.35781001333128687,-1.3488636841683685,0.6468264253743896,GBPCPCFC_00497-0,GBPCPCFC_00497-0,Candidatus Megaira endosymbiont of Mesostigma viride,2866314,87.7,5.20e-23,99.4,Pseudomonadota,1224,,,Pseudomonadota,1224,0,Pseudomonadota,1224,373581,373754,GBPCPCFC_00496,GBPCPCFC_00498,mRNA
GBPCPCFC_00498,gnl|Prokka|GBPCPCFC_6,381,414170,0.1821,915.5354,761.5115,0.8674,0.0,0.3369,-0.3876,1095,0.2357,0.2825,0.8106,0,0,0.0945,0.1315,0.1589,0.0109,0.3689,0.698,-0.1382,0.22844790575030777,-0.2269660317117792,0.5643874387187989,GBPCPCFC_00498-0,GBPCPCFC_00498-0,Rickettsia bellii,33990,92.6,1.38e-249,690,cellular organisms,131567,Arthropoda,6656,Arthropoda,6656,1,Eumetazoa,6072,373855,374949,GBPCPCFC_00497,GBPCPCFC_00499,mRNA
GBPCPCFC_00499,gnl|Prokka|GBPCPCFC_6,381,414170,0.1821,915.5354,761.5115,0.8674,0.0,0.3369,-0.3876,564,-0.4616,-0.4423,0.8136,0,0,0.0943,0.1326,0.2161,0.0005,0.3546,0.3052,-0.2662,0.36303285939968843,-0.7491287075850411,0.6573225547697911,GBPCPCFC_00499-0,GBPCPCFC_00499-0,Alphaproteobacteria bacterium,1913988,60.1,1.66e-45,168,cellular organisms,131567,Arthropoda,6656,Arthropoda,6656,1,Eumetazoa,6072,375008,375571,GBPCPCFC_00498,GBPCPCFC_00500,mRNA
GBPCPCFC_00500,gnl|Prokka|GBPCPCFC_6,381,414170,0.1821,915.5354,761.5115,0.8674,0.0,0.3369,-0.3876,351,-0.7413,-0.733,0.8157,0,0,0.0901,0.1842,0.1128,0.0958,0.3419,-0.0436,-0.3798,0.35551633804976607,-1.4085197560013174,0.6522837221808058,GBPCPCFC_00500-0,GBPCPCFC_00500-0,Rickettsia endosymbiont of Glossina mortisans submortisans,2878925,74.1,1.51e-60,191,Alphaproteobacteria,28211,,,Alphaproteobacteria,28211,0,Alphaproteobacteria,28211,375655,376005,GBPCPCFC_00499,GBPCPCFC_00501,mRNA
GBPCPCFC_00501,gnl|Prokka|GBPCPCFC_6,381,414170,0.1821,915.5354,761.5115,0.8674,0.0,0.3369,-0.3876,342,-0.7532,-0.7453,0.8173,0,0,0.0995,0.1439,0.1508,0.0263,0.3099,-0.9186,-0.6649,0.37009295298933537,-1.251756376003304,0.6690398474853849,GBPCPCFC_00501-0,GBPCPCFC_00501-0,Rickettsia endosymbiont of Oxypoda opaca,2866308,44.3,8.29e-19,85.9,Rickettsiaceae,775,,,Rickettsiaceae,775,0,Alphaproteobacteria,28211,375999,376340,GBPCPCFC_00500,GBPCPCFC_00502,mRNA
GBPCPCFC_00502,gnl|Prokka|GBPCPCFC_6,381,414170,0.1821,915.5354,761.5115,0.8674,0.0,0.3369,-0.3876,810,-0.1386,-0.1065,0.8217,0,0,0.219,0.0004,0.2388,0.0001,0.4074,1.7517,0.205,0.23455509876057637,0.1770997320703588,0.6317982666507,GBPCPCFC_00502-0,GBPCPCFC_00502-0,spotted fever group,114277,88.8,1.24e-157,461,Rickettsia,780,,,Rickettsia,780,0,Alphaproteobacteria,28211,376436,377245,GBPCPCFC_00501,GBPCPCFC_00503,mRNA
GBPCPCFC_00503,gnl|Prokka|GBPCPCFC_6,381,414170,0.1821,915.5354,761.5115,0.8674,0.0,0.3369,-0.3876,1614,0.9172,0.9909,0.8299,0,0,0.2624,0.0,0.2149,0.0005,0.3494,0.1636,-0.3123,0.03332549096142719,1.360536971139367,0.5353011147231526,GBPCPCFC_00503-0,GBPCPCFC_00503-0,Candidatus Babeliales bacterium,2803731,50.0,4.26e-04,54.3,Bacteria,2,,,Bacteria,2,0,Bacteria,2,377336,378949,GBPCPCFC_00502,GBPCPCFC_00504,mRNA
GBPCPCFC_00504,gnl|Prokka|GBPCPCFC_6,381,414170,0.1821,915.5354,761.5115,0.8674,0.0,0.3369,-0.3876,1293,0.4957,0.5527,0.8375,0,0,0.1812,0.0036,0.2142,0.0006,0.3519,0.2308,-0.2904,0.15855926446669738,0.5874450111870441,0.6065522056291511,GBPCPCFC_00504-0,GBPCPCFC_00504-0,Legionella,445,56.7,1.23e-170,495,cellular organisms,131567,cellular organisms,131567,cellular organisms,131567,1,cellular organisms,131567,379220,380512,GBPCPCFC_00503,GBPCPCFC_00505,mRNA
GBPCPCFC_00505,gnl|Prokka|GBPCPCFC_6,381,414170,0.1821,915.5354,761.5115,0.8674,0.0,0.3369,-0.3876,1095,0.2357,0.2825,0.8427,0,0,0.0889,0.1561,0.1585,0.0111,0.3699,0.7231,-0.1301,0.23915126550380522,-0.2534101288694439,0.6393139011665284,GBPCPCFC_00505-0,GBPCPCFC_00505-0,Rickettsia bellii,33990,92.9,1.18e-250,692,cellular organisms,131567,Arthropoda,6656,Arthropoda,6656,1,Eumetazoa,6072,380507,381601,GBPCPCFC_00504,GBPCPCFC_00506,mRNA
GBPCPCFC_00506,gnl|Prokka|GBPCPCFC_6,381,414170,0.1821,915.5354,761.5115,0.8674,0.0,0.3369,-0.3876,2031,1.4648,1.56,0.8534,0,0,0.3733,0.0,0.3994,0.0,0.3658,0.6126,-0.1661,-0.03226225754428586,3.0150456652748763,0.5843695495473293,GBPCPCFC_00506-0,GBPCPCFC_00506-0,Rickettsia endosymbiont of Ixodes scapularis,444612,69.3,6.95e-294,853,spotted fever group,114277,,,spotted fever group,114277,0,Alphaproteobacteria,28211,381773,383803,GBPCPCFC_00505,GBPCPCFC_00507,mRNA
GBPCPCFC_00507,gnl|Prokka|GBPCPCFC_6,381,414170,0.1821,915.5354,761.5115,0.8674,0.0,0.3369,-0.3876,342,-0.7532,-0.7453,0.8555,0,0,0.0903,0.1851,0.1418,0.0369,0.3099,-0.9186,-0.6649,0.38035917798482205,-1.3229891479148208,0.75561041598441,GBPCPCFC_00507-0,GBPCPCFC_00507-0,Rickettsia endosymbiont of Oxypoda opaca,2866308,44.3,8.29e-19,85.9,Rickettsiaceae,775,,,Rickettsiaceae,775,0,Alphaproteobacteria,28211,383906,384247,GBPCPCFC_00506,GBPCPCFC_00508,mRNA
GBPCPCFC_00508,gnl|Prokka|GBPCPCFC_6,381,414170,0.1821,915.5354,761.5115,0.8674,0.0,0.3369,-0.3876,351,-0.7413,-0.733,0.8572,0,0,0.0985,0.1463,0.1291,0.0564,0.3419,-0.0436,-0.3798,0.36625973106829557,-1.320188540419128,0.7523949948600939,GBPCPCFC_00508-0,GBPCPCFC_00508-0,Rickettsia endosymbiont of Glossina mortisans submortisans,2878925,74.1,1.51e-60,191,Alphaproteobacteria,28211,,,Alphaproteobacteria,28211,0,Alphaproteobacteria,28211,384241,384591,GBPCPCFC_00507,GBPCPCFC_00509,mRNA
GBPCPCFC_00509,gnl|Prokka|GBPCPCFC_6,381,414170,0.1821,915.5354,761.5115,0.8674,0.0,0.3369,-0.3876,1140,0.2948,0.3439,0.8631,0,0,0.0628,0.3168,0.1822,0.0034,0.3711,0.7557,-0.1194,0.26629689086117064,-0.22090158391416895,0.6939388879599248,GBPCPCFC_00509-0,GBPCPCFC_00509-0,Rickettsia endosymbiont of Oedothorax gibbosus,931099,70.6,3.60e-150,444,cellular organisms,131567,Endopterygota,33392,Endopterygota,33392,1,Eumetazoa,6072,384675,385814,GBPCPCFC_00508,GBPCPCFC_00510,mRNA
GBPCPCFC_00510,gnl|Prokka|GBPCPCFC_6,381,414170,0.1821,915.5354,761.5115,0.8674,0.0,0.3369,-0.3876,1095,0.2357,0.2825,0.8687,0,0,0.1262,0.0436,0.1677,0.0071,0.3699,0.7231,-0.1301,0.22135947051191798,-0.0688121630625484,0.6960272385494074,GBPCPCFC_00510-0,GBPCPCFC_00510-0,Rickettsia bellii,33990,92.9,1.18e-250,692,cellular organisms,131567,Arthropoda,6656,Arthropoda,6656,1,Eumetazoa,6072,385884,386978,GBPCPCFC_00509,GBPCPCFC_00511,mRNA
GBPCPCFC_00511,gnl|Prokka|GBPCPCFC_6,381,414170,0.1821,915.5354,761.5115,0.8674,0.0,0.3369,-0.3876,420,-0.6507,-0.6388,0.8708,0,0,0.1339,0.0323,0.0592,0.3454,0.381,1.0269,-0.0311,0.2931935269705166,-1.3214295556441036,0.7441453513793664,GBPCPCFC_00511-0,GBPCPCFC_00511-0,Oppiella nova,334625,85.8,2.59e-69,224,cellular organisms,131567,Endopterygota,33392,Endopterygota,33392,1,Eumetazoa,6072,386997,387416,GBPCPCFC_00510,GBPCPCFC_00512,mRNA
GBPCPCFC_00512,gnl|Prokka|GBPCPCFC_6,381,414170,0.1821,915.5354,761.5115,0.8674,0.0,0.3369,-0.3876,465,-0.5916,-0.5774,0.8749,0,0,0.0712,0.2718,0.0888,0.1705,0.3161,-0.7491,-0.6096,0.34733691638310793,-1.4188285632633,0.7696314556473,GBPCPCFC_00512-0,GBPCPCFC_00512-0,Parachlamydia sp. AcF125,2795736,69.7,9.98e-66,207,Bacteria,2,,,Bacteria,2,0,Bacteria,2,387808,388272,GBPCPCFC_00511,GBPCPCFC_00513,mRNA
GBPCPCFC_00513,gnl|Prokka|GBPCPCFC_6,381,414170,0.1821,915.5354,761.5115,0.8674,0.0,0.3369,-0.3876,2304,1.8233,1.9327,0.8862,0,0,0.2124,0.0006,0.2824,0.0,0.3798,0.9946,-0.0416,-0.018543159731314977,2.3135845332992475,0.6130023757311149,GBPCPCFC_00513-0,GBPCPCFC_00513-0,Rickettsia tamurae,334545,87.0,0.0,1314,spotted fever group,114277,,,spotted fever group,114277,0,Alphaproteobacteria,28211,388291,390594,GBPCPCFC_00512,GBPCPCFC_00514,mRNA
GBPCPCFC_00514,gnl|Prokka|GBPCPCFC_6,381,414170,0.1821,915.5354,761.5115,0.8674,0.0,0.3369,-0.3876,246,-0.8792,-0.8763,0.8892,0,0,0.2148,0.0011,0.2319,0.0004,0.3415,-0.055,-0.3835,0.35918562621509786,-0.6292002161284973,0.8553862412093456,GBPCPCFC_00514-0,GBPCPCFC_00514-0,Rickettsia tamurae subsp. buchneri,1462938,72.1,1.70e-20,90.5,Rickettsia tamurae subsp. buchneri,1462938,,,Rickettsia tamurae subsp. buchneri,1462938,0,Alphaproteobacteria,28211,390975,391220,GBPCPCFC_00513,GBPCPCFC_00515,mRNA
GBPCPCFC_00515,gnl|Prokka|GBPCPCFC_6,381,414170,0.1821,915.5354,761.5115,0.8674,0.0,0.3369,-0.3876,243,-0.8832,-0.8804,0.8898,0,0,0.14,0.0457,0.1312,0.0615,0.3251,-0.5032,-0.5296,0.36431542400956446,-1.2889459506097551,0.8344132365566834,GBPCPCFC_00515-0,GBPCPCFC_00515-0,,,,,,,,,,,,0,Unassigned,,391102,391344,GBPCPCFC_00514,GBPCPCFC_00516,mRNA
GBPCPCFC_00516,gnl|Prokka|GBPCPCFC_6,381,414170,0.1821,915.5354,761.5115,0.8674,0.0,0.3369,-0.3876,159,-0.9935,-0.9951,0.8927,0,0,0.0512,0.5228,0.0938,0.2411,0.3396,-0.1054,-0.4,0.42881656859645284,-1.8990604038781704,0.8538090585825592,GBPCPCFC_00516-0,GBPCPCFC_00516-0,,,,,,,,,,,,0,Unassigned,,391797,391955,GBPCPCFC_00515,GBPCPCFC_00517,mRNA
GBPCPCFC_00517,gnl|Prokka|GBPCPCFC_6,381,414170,0.1821,915.5354,761.5115,0.8674,0.0,0.3369,-0.3876,1095,0.2357,0.2825,0.898,0,0,0.0889,0.1561,0.1585,0.0111,0.3699,0.7231,-0.1301,0.2507155810593732,-0.2566319825695583,0.7669385328684337,GBPCPCFC_00517-0,GBPCPCFC_00517-0,Rickettsia bellii,33990,92.9,1.18e-250,692,cellular organisms,131567,Arthropoda,6656,Arthropoda,6656,1,Eumetazoa,6072,391950,393044,GBPCPCFC_00516,GBPCPCFC_00518,mRNA
GBPCPCFC_00518,gnl|Prokka|GBPCPCFC_6,381,414170,0.1821,915.5354,761.5115,0.8674,0.0,0.3369,-0.3876,483,-0.568,-0.5528,0.9006,0,0,0.0514,0.4273,0.1247,0.0531,0.352,0.2328,-0.2898,0.38239928002137735,-1.3546266039936943,0.8429913606809645,GBPCPCFC_00518-0,GBPCPCFC_00518-0,spotted fever group,114277,83.5,2.08e-80,259,spotted fever group,114277,,,spotted fever group,114277,0,Alphaproteobacteria,28211,393114,393596,GBPCPCFC_00517,GBPCPCFC_00519,mRNA
GBPCPCFC_00519,gnl|Prokka|GBPCPCFC_6,381,414170,0.1821,915.5354,761.5115,0.8674,0.0,0.3369,-0.3876,1248,0.4366,0.4913,0.9072,0,0,0.1226,0.0501,0.0723,0.2489,0.3301,-0.3655,-0.4847,0.15310364966580836,-0.20693347215538188,0.7326211965848438,GBPCPCFC_00519-0,GBPCPCFC_00519-0,Rickettsia endosymbiont of Labidopullus appendiculatus,2878921,76.6,7.06e-222,632,Rickettsia,780,,,Rickettsia,780,0,Alphaproteobacteria,28211,393707,394954,GBPCPCFC_00518,GBPCPCFC_00520,mRNA
GBPCPCFC_00520,gnl|Prokka|GBPCPCFC_6,381,414170,0.1821,915.5354,761.5115,0.8674,0.0,0.3369,-0.3876,366,-0.7216,-0.7125,0.9106,0,0,-0.0109,0.8696,-0.0172,0.7966,0.306,-1.0263,-0.7,0.3814150985947534,-2.258366136430779,0.8408559517468408,GBPCPCFC_00520-0,GBPCPCFC_00520-0,Holospora obtusa,49893,62.6,8.25e-36,129,Holospora,44747,,,Holospora,44747,0,Alphaproteobacteria,28211,395299,395664,GBPCPCFC_00519,GBPCPCFC_00521,mRNA
GBPCPCFC_00521,gnl|Prokka|GBPCPCFC_6,381,414170,0.1821,915.5354,761.5115,0.8674,0.0,0.3369,-0.3876,288,-0.8241,-0.819,0.912,0,0,0.1358,0.0597,0.1556,0.0307,0.3264,-0.468,-0.5181,0.3757468855315898,-1.1628806453274854,0.8895069833835432,GBPCPCFC_00521-0,GBPCPCFC_00521-0,Rickettsia endosymbiont of Oedothorax gibbosus,931099,65.2,7.33e-38,134,unclassified Rickettsia,114295,,,Rickettsia,780,0,Alphaproteobacteria,28211,395664,395951,GBPCPCFC_00520,GBPCPCFC_00522,mRNA
GBPCPCFC_00522,gnl|Prokka|GBPCPCFC_6,381,414170,0.1821,915.5354,761.5115,0.8674,0.0,0.3369,-0.3876,1095,0.2357,0.2825,0.9176,0,0,0.0795,0.2048,0.138,0.0273,0.3635,0.5479,-0.1871,0.2513449035473172,-0.3670819482684063,0.8065152529865552,GBPCPCFC_00522-0,GBPCPCFC_00522-0,Rickettsia bellii,33990,92.3,2.66e-247,684,cellular organisms,131567,Arthropoda,6656,Arthropoda,6656,1,Eumetazoa,6072,396021,397115,GBPCPCFC_00521,GBPCPCFC_00523,mRNA
GBPCPCFC_00523,gnl|Prokka|GBPCPCFC_6,381,414170,0.1821,915.5354,761.5115,0.8674,0.0,0.3369,-0.3876,1845,1.2206,1.3062,0.9267,0,0,0.1259,0.0442,0.1675,0.0072,0.3388,-0.1292,-0.4077,0.08610763289959705,0.9384929515117694,0.7373671109967529,GBPCPCFC_00523-0,GBPCPCFC_00523-0,Rickettsia endosymbiont of Culicoides impunctatus,2867440,75.4,0.0,931,Rickettsia,780,,,Rickettsia,780,0,Alphaproteobacteria,28211,397157,399001,GBPCPCFC_00522,GBPCPCFC_00524,mRNA
GBPCPCFC_00524,gnl|Prokka|GBPCPCFC_6,381,414170,0.1821,915.5354,761.5115,0.8674,0.0,0.3369,-0.3876,426,-0.6428,-0.6306,0.9298,0,0,0.1431,0.0242,0.1622,0.0105,0.3662,0.6226,-0.1628,0.3502571746361149,-0.9248717790262738,0.9146604207364443,GBPCPCFC_00524-0,GBPCPCFC_00524-0,spotted fever group,114277,70.9,5.97e-58,189,spotted fever group,114277,,,spotted fever group,114277,0,Alphaproteobacteria,28211,399198,399623,GBPCPCFC_00523,GBPCPCFC_00525,mRNA
GBPCPCFC_00525,gnl|Prokka|GBPCPCFC_6,381,414170,0.1821,915.5354,761.5115,0.8674,0.0,0.3369,-0.3876,465,-0.5916,-0.5774,0.9341,0,0,0.112,0.0784,0.1362,0.0321,0.3161,-0.7491,-0.6096,0.3534542687982064,-1.0905477593596957,0.9159777150040965,GBPCPCFC_00525-0,GBPCPCFC_00525-0,Parachlamydia sp. AcF125,2795736,70.4,1.22e-66,209,Bacteria,2,,,Bacteria,2,0,Bacteria,2,400055,400519,GBPCPCFC_00524,GBPCPCFC_00526,mRNA
GBPCPCFC_00526,gnl|Prokka|GBPCPCFC_6,381,414170,0.1821,915.5354,761.5115,0.8674,0.0,0.3369,-0.3876,456,-0.6035,-0.5897,0.94,0,0,0.0459,0.4719,0.0453,0.4777,0.3311,-0.3378,-0.4757,0.3593573372223387,-1.6887393356180371,0.9098989605147003,GBPCPCFC_00526-0,GBPCPCFC_00526-0,Alphaproteobacteria bacterium,1913988,35.7,1.01e-18,88.2,Bacteria,2,,,Bacteria,2,0,Bacteria,2,401296,401751,GBPCPCFC_00525,GBPCPCFC_00527,mRNA
GBPCPCFC_00527,gnl|Prokka|GBPCPCFC_6,381,414170,0.1821,915.5354,761.5115,0.8674,0.0,0.3369,-0.3876,858,-0.0756,-0.041,0.9452,0,0,0.1658,0.0079,0.2134,0.0006,0.3427,-0.0223,-0.3729,0.2777463901991035,-0.0725045994062482,0.911158468996379,GBPCPCFC_00527-0,GBPCPCFC_00527-0,Rickettsia endosymbiont of Pseudomimeciton antennatum,2878923,49.7,1.12e-89,280,unclassified Rickettsia,114295,,,Rickettsia,780,0,Alphaproteobacteria,28211,401957,402814,GBPCPCFC_00526,GBPCPCFC_00528,mRNA
GBPCPCFC_00528,gnl|Prokka|GBPCPCFC_6,381,414170,0.1821,915.5354,761.5115,0.8674,0.0,0.3369,-0.3876,1860,1.2402,1.3266,0.9548,0,0,0.193,0.0019,0.273,0.0,0.3441,0.0169,-0.3601,0.09285303464555536,1.597304539044712,0.8261706555637743,GBPCPCFC_00528-0,GBPCPCFC_00528-0,Rickettsia endosymbiont of Pseudomimeciton antennatum,2878923,76.1,0.0,934,Rickettsia,780,,,Rickettsia,780,0,Alphaproteobacteria,28211,402960,404819,GBPCPCFC_00527,GBPCPCFC_00529,mRNA
GBPCPCFC_00529,gnl|Prokka|GBPCPCFC_6,381,414170,0.1821,915.5354,761.5115,0.8674,0.0,0.3369,-0.3876,165,-0.9856,-0.9869,0.9561,0,0,0.0954,0.1869,0.1366,0.0581,0.3636,0.5525,-0.1856,0.42970681818419937,-1.564381626500747,1.0068328741562242,GBPCPCFC_00529-0,GBPCPCFC_00529-0,Sphingobacteriaceae bacterium,2021370,51.3,6.47e-06,50.1,Bacteria,2,,,Bacteria,2,0,Bacteria,2,404917,405081,GBPCPCFC_00528,GBPCPCFC_00530,mRNA
GBPCPCFC_00530,gnl|Prokka|GBPCPCFC_6,381,414170,0.1821,915.5354,761.5115,0.8674,0.0,0.3369,-0.3876,1095,0.2357,0.2825,0.9619,0,0,0.1185,0.0583,0.1538,0.0138,0.3699,0.7231,-0.1301,0.2394907289435476,-0.15385337824594217,0.9075175424740007,GBPCPCFC_00530-0,GBPCPCFC_00530-0,Rickettsia bellii,33990,92.9,1.18e-250,692,cellular organisms,131567,Arthropoda,6656,Arthropoda,6656,1,Eumetazoa,6072,405191,406285,GBPCPCFC_00529,GBPCPCFC_00531,mRNA
GBPCPCFC_00531,gnl|Prokka|GBPCPCFC_6,381,414170,0.1821,915.5354,761.5115,0.8674,0.0,0.3369,-0.3876,1398,0.6336,0.6961,0.9687,0,0,0.1164,0.063,0.1341,0.0319,0.3355,-0.2189,-0.4369,0.17281630942684584,0.1782291857058274,0.8792266298818826,GBPCPCFC_00531-0,GBPCPCFC_00531-0,Wolbachia endosymbiont of Melophagus ovinus,1986203,69.9,7.14e-228,644,unclassified Wolbachia,2640676,,,Wolbachia,953,0,Alphaproteobacteria,28211,406297,407694,GBPCPCFC_00530,GBPCPCFC_00532,mRNA
GBPCPCFC_00532,gnl|Prokka|GBPCPCFC_6,381,414170,0.1821,915.5354,761.5115,0.8674,0.0,0.3369,-0.3876,468,-0.5877,-0.5733,0.9714,0,0,0.217,0.0005,0.2391,0.0001,0.4145,1.9468,0.2686,0.33475124032906084,-0.3003394581508189,1.019881388517727,GBPCPCFC_00532-0,GBPCPCFC_00532-0,Rickettsia tamurae,334545,72.2,3.46e-60,212,Rickettsia,780,,,Rickettsia,780,0,Alphaproteobacteria,28211,407773,408240,GBPCPCFC_00531,GBPCPCFC_00533,mRNA
GBPCPCFC_00533,gnl|Prokka|GBPCPCFC_6,381,414170,0.1821,915.5354,761.5115,0.8674,0.0,0.3369,-0.3876,612,-0.3986,-0.3768,0.9746,0,0,-0.0468,0.4636,-0.0424,0.5063,0.3301,-0.3673,-0.4853,0.3603920608538424,-2.1651753791388675,0.9555538636805986,GBPCPCFC_00533-0,GBPCPCFC_00533-0,Rickettsia endosymbiont of Omalisus fontisbellaquei,2866307,49.6,5.10e-25,114,Rickettsia endosymbiont of Omalisus fontisbellaquei,2866307,,,Rickettsia endosymbiont of Omalisus fontisbellaquei,2866307,0,Alphaproteobacteria,28211,408293,408904,GBPCPCFC_00532,GBPCPCFC_00534,mRNA
GBPCPCFC_00534,gnl|Prokka|GBPCPCFC_6,381,414170,0.1821,915.5354,761.5115,0.8674,0.0,0.3369,-0.3876,801,-0.1504,-0.1188,0.9801,0,0,0.1108,0.0817,0.0497,0.4361,0.3134,-0.825,-0.6344,0.25353554159283975,-0.9414568888431756,0.9500520659444844,GBPCPCFC_00534-0,GBPCPCFC_00534-0,Rickettsia endosymbiont of Culicoides newsteadi,1961830,54.9,5.09e-86,268,unclassified Rickettsia,114295,,,Rickettsia,780,0,Alphaproteobacteria,28211,409255,410055,GBPCPCFC_00533,GBPCPCFC_00535,mRNA
GBPCPCFC_00535,gnl|Prokka|GBPCPCFC_6,381,414170,0.1821,915.5354,761.5115,0.8674,0.0,0.3369,-0.3876,1827,1.1969,1.2816,0.9891,0,0,0.1677,0.0089,0.1138,0.0774,0.3071,-0.9975,-0.6906,0.04385773200312811,0.8992086143042146,0.8571020090391416,GBPCPCFC_00535-0,GBPCPCFC_00535-0,Rickettsia endosymbiont of Culicoides newsteadi,1961830,56.5,1.72e-209,612,Rickettsia endosymbiont of Culicoides newsteadi,1961830,,,Rickettsia endosymbiont of Culicoides newsteadi,1961830,0,Alphaproteobacteria,28211,410079,411905,GBPCPCFC_00534,GBPCPCFC_00536,mRNA
GBPCPCFC_00536,gnl|Prokka|GBPCPCFC_6,381,414170,0.1821,915.5354,761.5115,0.8674,0.0,0.3369,-0.3876,510,-0.5325,-0.516,0.9921,0,0,0.0151,0.8105,0.1051,0.0934,0.351,0.2057,-0.2986,0.4134078127180996,-1.5416501072715656,1.0503039782433787,GBPCPCFC_00536-0,GBPCPCFC_00536-0,Rickettsia massiliae,35791,92.8,9.08e-110,327,cellular organisms,131567,Arthropoda,6656,Arthropoda,6656,1,Eumetazoa,6072,412024,412533,GBPCPCFC_00535,GBPCPCFC_00537,mRNA
GBPCPCFC_00537,gnl|Prokka|GBPCPCFC_6,381,414170,0.1821,915.5354,761.5115,0.8674,0.0,0.3369,-0.3876,162,-0.9895,-0.991,0.9928,0,0,0.0485,0.4898,0.0375,0.5932,0.3765,0.9061,-0.0704,0.42230254300739667,-2.105148310976385,1.0648276528469416,GBPCPCFC_00537-0,GBPCPCFC_00537-0,Rickettsia bellii,33990,77.6,6.18e-15,77.8,cellular organisms,131567,Neoptera,33340,Neoptera,33340,1,Eumetazoa,6072,412514,412675,GBPCPCFC_00536,GBPCPCFC_00538,mRNA
GBPCPCFC_00538,gnl|Prokka|GBPCPCFC_6,381,414170,0.1821,915.5354,761.5115,0.8674,0.0,0.3369,-0.3876,156,-0.9974,-0.9991,0.9935,1,0,0.1706,0.016,0.2142,0.0024,0.3718,0.776,-0.1128,1.4200760259201062,-0.7019630520470895,5.55279549224975,GBPCPCFC_00538-0,GBPCPCFC_00538-0,Rickettsia peacockii,47589,95.7,1.70e-19,90.1,cellular organisms,131567,Endopterygota,33392,Endopterygota,33392,1,Eumetazoa,6072,412675,412830,GBPCPCFC_00537,,mRNA
GBPCPCFC_00914,gnl|Prokka|GBPCPCFC_22,1222,1348403,0.593,948.8175,764.2049,0.8661,0.0,0.3406,-0.3531,885,-0.0835,-0.0041,1.0,1,0,0.0975,0.1198,0.1017,0.1044,0.3729,0.7721,-0.1031,-0.3208137549927203,-0.5274839239719636,5.6435248154880995,GBPCPCFC_00914-0,GBPCPCFC_00914-0,Rickettsia bellii,33990,91.5,3.37e-195,549,cellular organisms,131567,Arthropoda,6656,Arthropoda,6656,1,Eumetazoa,6072,28,912,,GBPCPCFC_00915,mRNA
GBPCPCFC_00915,gnl|Prokka|GBPCPCFC_22,1222,1348403,0.593,948.8175,764.2049,0.8661,0.0,0.3406,-0.3531,123,-1.0806,-1.0442,0.9985,0,0,-0.2043,0.0162,-0.2829,0.0008,0.3171,-0.8222,-0.6012,-1.1398317063870005,-4.423730649127708,1.2056498330275953,GBPCPCFC_00915-0,GBPCPCFC_00915-0,,,,,,,,,,,,0,Unassigned,,1036,1158,GBPCPCFC_00914,GBPCPCFC_00916,mRNA
GBPCPCFC_00916,gnl|Prokka|GBPCPCFC_22,1222,1348403,0.593,948.8175,764.2049,0.8661,0.0,0.3406,-0.3531,441,-0.6645,-0.6101,0.9976,0,0,0.1147,0.0754,0.1928,0.0027,0.3175,-0.8111,-0.5978,-1.1975744625290292,-1.04066728077974,1.2779610713347818,GBPCPCFC_00916-0,GBPCPCFC_00916-0,Parachlamydia sp. AcF125,2795736,65.4,1.90e-54,178,Bacteria,2,,,Bacteria,2,0,Bacteria,2,1609,2049,GBPCPCFC_00915,GBPCPCFC_00917,mRNA
GBPCPCFC_00917,gnl|Prokka|GBPCPCFC_22,1222,1348403,0.593,948.8175,764.2049,0.8661,0.0,0.3406,-0.3531,3012,2.6998,2.899,0.9967,0,0,0.316,0.0,0.3848,0.0,0.3775,0.9037,-0.062,-1.7553490162700534,3.918272170290928,0.9925989336688141,GBPCPCFC_00917-0,GBPCPCFC_00917-0,Rickettsia tamurae,334545,78.5,0.0,1495,spotted fever group,114277,,,spotted fever group,114277,0,Alphaproteobacteria,28211,2211,5222,GBPCPCFC_00916,GBPCPCFC_00918,mRNA
GBPCPCFC_00918,gnl|Prokka|GBPCPCFC_22,1222,1348403,0.593,948.8175,764.2049,0.8661,0.0,0.3406,-0.3531,240,-0.9275,-0.8845,0.9922,0,0,0.0123,0.849,0.0732,0.2577,0.3583,0.3565,-0.233,-1.143840956367931,-2.1457238389723745,1.265553314167888,GBPCPCFC_00918-0,GBPCPCFC_00918-0,Rickettsia endosymbiont of Pseudomimeciton antennatum,2878923,60.3,1.06e-23,104,Rickettsia,780,,,Rickettsia,780,0,Alphaproteobacteria,28211,5284,5523,GBPCPCFC_00917,GBPCPCFC_00919,mRNA
GBPCPCFC_00919,gnl|Prokka|GBPCPCFC_22,1222,1348403,0.593,948.8175,764.2049,0.8661,0.0,0.3406,-0.3531,1095,0.1913,0.2825,0.9916,0,0,0.1185,0.0583,0.1037,0.0978,0.3699,0.6858,-0.1301,-1.3758889108663928,-0.4486758173536426,1.1511813597032579,GBPCPCFC_00919-0,GBPCPCFC_00919-0,Rickettsia bellii,33990,92.9,1.18e-250,692,cellular organisms,131567,Arthropoda,6656,Arthropoda,6656,1,Eumetazoa,6072,5673,6767,GBPCPCFC_00918,GBPCPCFC_00920,mRNA
GBPCPCFC_00920,gnl|Prokka|GBPCPCFC_22,1222,1348403,0.593,948.8175,764.2049,0.8661,0.0,0.3406,-0.3531,894,-0.0717,0.0082,0.9898,0,0,0.1931,0.0022,0.2189,0.0005,0.2416,-2.9779,-1.2747,-1.3335727159541109,-0.01523236201583913,1.1997357668006685,GBPCPCFC_00920-0,GBPCPCFC_00920-0,Verrucomicrobiota bacterium,2026799,33.3,8.90e-32,130,Verrucomicrobiota bacterium,2026799,,,Verrucomicrobiota bacterium,2026799,0,Verrucomicrobiota bacterium,2026799,6882,7775,GBPCPCFC_00919,GBPCPCFC_00921,mRNA
GBPCPCFC_00921,gnl|Prokka|GBPCPCFC_22,1222,1348403,0.593,948.8175,764.2049,0.8661,0.0,0.3406,-0.3531,657,-0.3819,-0.3153,0.9885,0,0,0.1426,0.0325,0.0712,0.2879,0.2922,-1.5317,-0.8229,-1.3252055646604894,-1.0504458975534767,1.1820421173721183,GBPCPCFC_00921-0,GBPCPCFC_00921-0,Alphaproteobacteria bacterium,1913988,42.3,9.40e-46,161,Alphaproteobacteria,28211,,,Alphaproteobacteria,28211,0,Alphaproteobacteria,28211,7781,8437,GBPCPCFC_00920,GBPCPCFC_00922,mRNA
GBPCPCFC_00922,gnl|Prokka|GBPCPCFC_22,1222,1348403,0.593,948.8175,764.2049,0.8661,0.0,0.3406,-0.3531,1140,0.2502,0.3439,0.9875,0,0,0.1319,0.0379,0.1339,0.035,0.2939,-1.4853,-0.8084,-1.3801284895105694,-0.22877984256033182,1.1446217832326164,GBPCPCFC_00922-0,GBPCPCFC_00922-0,Alphaproteobacteria bacterium,1913988,51.5,1.48e-120,365,Bacteria,2,,,Bacteria,2,0,Bacteria,2,8439,9578,GBPCPCFC_00921,GBPCPCFC_00923,mRNA
GBPCPCFC_00923,gnl|Prokka|GBPCPCFC_22,1222,1348403,0.593,948.8175,764.2049,0.8661,0.0,0.3406,-0.3531,1095,0.1913,0.2825,0.9858,0,0,0.0889,0.1561,0.0713,0.2554,0.3699,0.6858,-0.1301,-1.3715388467077805,-0.6821803166468385,1.1314526537282381,GBPCPCFC_00923-0,GBPCPCFC_00923-0,Rickettsia bellii,33990,92.9,1.18e-250,692,cellular organisms,131567,Arthropoda,6656,Arthropoda,6656,1,Eumetazoa,6072,9573,10667,GBPCPCFC_00922,GBPCPCFC_00924,mRNA
GBPCPCFC_00924,gnl|Prokka|GBPCPCFC_22,1222,1348403,0.593,948.8175,764.2049,0.8661,0.0,0.3406,-0.3531,1293,0.4504,0.5527,0.9837,0,0,0.1883,0.0025,0.2072,0.0009,0.3527,0.1946,-0.2835,-1.415676134142324,0.4631857513019454,1.1332074145378008,GBPCPCFC_00924-0,GBPCPCFC_00924-0,Legionella,445,56.7,6.50e-173,501,cellular organisms,131567,cellular organisms,131567,cellular organisms,131567,1,cellular organisms,131567,11006,12298,GBPCPCFC_00923,GBPCPCFC_00925,mRNA
GBPCPCFC_00925,gnl|Prokka|GBPCPCFC_22,1222,1348403,0.593,948.8175,764.2049,0.8661,0.0,0.3406,-0.3531,1548,0.7841,0.9008,0.9817,0,0,0.2688,0.0,0.3253,0.0,0.374,0.8049,-0.0929,-1.4659454545689103,1.545793439384695,1.1251881152589904,GBPCPCFC_00925-0,GBPCPCFC_00925-0,spotted fever group,114277,88.6,0.0,880,Rickettsia,780,,,Rickettsia,780,0,Alphaproteobacteria,28211,12350,13897,GBPCPCFC_00924,GBPCPCFC_00926,mRNA
GBPCPCFC_00926,gnl|Prokka|GBPCPCFC_22,1222,1348403,0.593,948.8175,764.2049,0.8661,0.0,0.3406,-0.3531,201,-0.9786,-0.9377,0.9794,0,0,0.0269,0.7082,0.1403,0.0498,0.2935,-1.4947,-0.8113,-1.1153773155254048,-1.9068422191369347,1.2621904226789782,GBPCPCFC_00926-0,GBPCPCFC_00926-0,spotted fever group,114277,81.8,1.29e-27,104,spotted fever group,114277,,,spotted fever group,114277,0,Alphaproteobacteria,28211,13910,14110,GBPCPCFC_00925,GBPCPCFC_00927,mRNA
GBPCPCFC_00927,gnl|Prokka|GBPCPCFC_22,1222,1348403,0.593,948.8175,764.2049,0.8661,0.0,0.3406,-0.3531,1083,0.1756,0.2661,0.9789,0,0,0.1006,0.1193,0.1184,0.0666,0.2844,-1.7557,-0.8929,-1.3552382111906502,-0.4878041752494395,1.1317451337291955,GBPCPCFC_00927-0,GBPCPCFC_00927-0,Rickettsia endosymbiont of Pseudomimeciton antennatum,2878923,64.4,6.36e-25,117,Rickettsia endosymbiont of Pseudomimeciton antennatum,2878923,,,Rickettsia endosymbiont of Pseudomimeciton antennatum,2878923,0,Alphaproteobacteria,28211,14210,15292,GBPCPCFC_00926,GBPCPCFC_00928,mRNA
GBPCPCFC_00928,gnl|Prokka|GBPCPCFC_22,1222,1348403,0.593,948.8175,764.2049,0.8661,0.0,0.3406,-0.3531,1311,0.4739,0.5773,0.9773,0,0,0.2507,0.0,0.2903,0.0,0.3394,-0.1834,-0.4016,-1.4247100834079856,1.0318226820114444,1.134838775336609,GBPCPCFC_00928-0,GBPCPCFC_00928-0,Rickettsia tamurae,334545,73.6,1.86e-184,541,Rickettsia,780,,,Rickettsia,780,0,Alphaproteobacteria,28211,15333,16643,GBPCPCFC_00927,GBPCPCFC_00929,mRNA
GBPCPCFC_00929,gnl|Prokka|GBPCPCFC_22,1222,1348403,0.593,948.8175,764.2049,0.8661,0.0,0.3406,-0.3531,438,-0.6684,-0.6142,0.9753,0,0,0.0963,0.137,0.1597,0.0133,0.3196,-0.749,-0.5784,-1.2048257300167946,-1.2333838444758185,1.2183167344591062,GBPCPCFC_00929-0,GBPCPCFC_00929-0,Parachlamydia sp. AcF125,2795736,69.7,9.94e-66,207,Bacteria,2,,,Bacteria,2,0,Bacteria,2,16644,17081,GBPCPCFC_00928,GBPCPCFC_00930,mRNA
GBPCPCFC_00930,gnl|Prokka|GBPCPCFC_22,1222,1348403,0.593,948.8175,764.2049,0.8661,0.0,0.3406,-0.3531,1320,0.4857,0.5896,0.9741,0,0,0.3186,0.0,0.4136,0.0,0.4083,1.7848,0.2133,-1.4147826495109346,1.748523176472767,1.1583910331141365,GBPCPCFC_00930-0,GBPCPCFC_00930-0,Rickettsia endosymbiont of Platyusa sonomae,2878924,84.9,4.20e-256,732,Rickettsieae,33988,,,Rickettsieae,33988,0,Alphaproteobacteria,28211,17473,18792,GBPCPCFC_00929,GBPCPCFC_00931,mRNA
GBPCPCFC_00931,gnl|Prokka|GBPCPCFC_22,1222,1348403,0.593,948.8175,764.2049,0.8661,0.0,0.3406,-0.3531,1095,0.1913,0.2825,0.972,0,0,0.0889,0.1561,0.0713,0.2554,0.3699,0.6858,-0.1301,-1.3744246976059151,-0.6813763097560326,1.099604192290873,GBPCPCFC_00931-0,GBPCPCFC_00931-0,Rickettsia bellii,33990,92.9,1.18e-250,692,cellular organisms,131567,Arthropoda,6656,Arthropoda,6656,1,Eumetazoa,6072,18900,19994,GBPCPCFC_00930,GBPCPCFC_00932,mRNA
GBPCPCFC_00932,gnl|Prokka|GBPCPCFC_22,1222,1348403,0.593,948.8175,764.2049,0.8661,0.0,0.3406,-0.3531,216,-0.9589,-0.9173,0.9703,0,0,0.0508,0.4404,0.0886,0.1776,0.4167,2.0228,0.2877,-1.1646139805967457,-1.9649372766932574,1.2167454418240284,GBPCPCFC_00932-0,GBPCPCFC_00932-0,spotted fever group,114277,95.5,1.05e-37,136,Rickettsieae,33988,,,Rickettsieae,33988,0,Alphaproteobacteria,28211,20053,20268,GBPCPCFC_00931,GBPCPCFC_00933,mRNA
GBPCPCFC_00933,gnl|Prokka|GBPCPCFC_22,1222,1348403,0.593,948.8175,764.2049,0.8661,0.0,0.3406,-0.3531,1329,0.4975,0.6019,0.9699,0,0,0.0932,0.1371,0.1747,0.0051,0.3785,0.932,-0.0532,-1.3710464110503968,0.006927440915247483,1.1020996194452672,GBPCPCFC_00933-0,GBPCPCFC_00933-0,spotted fever group,114277,91.0,1.36e-272,754,Rickettsia,780,,,Rickettsia,780,0,Alphaproteobacteria,28211,20270,21598,GBPCPCFC_00932,GBPCPCFC_00934,mRNA
GBPCPCFC_00934,gnl|Prokka|GBPCPCFC_22,1222,1348403,0.593,948.8175,764.2049,0.8661,0.0,0.3406,-0.3531,840,-0.1424,-0.0656,0.968,0,0,0.2304,0.0002,0.2837,0.0,0.3238,-0.6298,-0.5411,-1.3222628496970026,0.2905160181974527,1.1725675105349722,GBPCPCFC_00934-0,GBPCPCFC_00934-0,Rickettsia endosymbiont of Pseudomimeciton antennatum,2878923,69.1,1.55e-111,333,Rickettsia,780,,,Rickettsia,780,0,Alphaproteobacteria,28211,21604,22443,GBPCPCFC_00933,GBPCPCFC_00935,mRNA
GBPCPCFC_00935,gnl|Prokka|GBPCPCFC_22,1222,1348403,0.593,948.8175,764.2049,0.8661,0.0,0.3406,-0.3531,1374,0.5564,0.6633,0.9665,0,0,0.2137,0.0006,0.2773,0.0,0.3748,0.8274,-0.0858,-1.4182568277276044,0.919004535103266,1.1041119108842639,GBPCPCFC_00935-0,GBPCPCFC_00935-0,Rickettsia tamurae,334545,69.6,4.21e-226,644,Rickettsia,780,,,Rickettsia,780,0,Alphaproteobacteria,28211,22602,23975,GBPCPCFC_00934,GBPCPCFC_00936,mRNA
GBPCPCFC_00936,gnl|Prokka|GBPCPCFC_22,1222,1348403,0.593,948.8175,764.2049,0.8661,0.0,0.3406,-0.3531,294,-0.8569,-0.8108,0.9645,0,0,0.0984,0.1735,0.1571,0.0291,0.3163,-0.8435,-0.6079,-1.181705914489037,-1.426945220209803,1.2097882560473685,GBPCPCFC_00936-0,GBPCPCFC_00936-0,Rickettsia rhipicephali,33992,70.8,4.00e-37,142,Rickettsia,780,,,Rickettsia,780,0,Alphaproteobacteria,28211,23947,24240,GBPCPCFC_00935,GBPCPCFC_00937,mRNA
GBPCPCFC_00937,gnl|Prokka|GBPCPCFC_22,1222,1348403,0.593,948.8175,764.2049,0.8661,0.0,0.3406,-0.3531,510,-0.5742,-0.516,0.9639,0,0,0.185,0.003,0.1949,0.0017,0.3843,1.0986,-0.0011,-1.2698005322646615,-0.6469035851706182,1.180011333644427,GBPCPCFC_00937-0,GBPCPCFC_00937-0,Rickettsia endosymbiont of Pseudomimeciton antennatum,2878923,71.1,3.81e-47,160,Rickettsia,780,,,Rickettsia,780,0,Alphaproteobacteria,28211,24327,24836,GBPCPCFC_00936,GBPCPCFC_00938,mRNA
GBPCPCFC_00938,gnl|Prokka|GBPCPCFC_22,1222,1348403,0.593,948.8175,764.2049,0.8661,0.0,0.3406,-0.3531,972,0.0303,0.1146,0.9628,0,0,0.1722,0.0058,0.221,0.0004,0.4218,2.1698,0.3336,-1.3378246191609866,0.012288049053332008,1.1322338066462878,GBPCPCFC_00938-0,GBPCPCFC_00938-0,Rickettsia endosymbiont of Ixodes scapularis,444612,88.8,3.32e-220,612,Rickettsia,780,,,Rickettsia,780,0,Alphaproteobacteria,28211,25057,26028,GBPCPCFC_00937,GBPCPCFC_00939,mRNA
GBPCPCFC_00939,gnl|Prokka|GBPCPCFC_22,1222,1348403,0.593,948.8175,764.2049,0.8661,0.0,0.3406,-0.3531,480,-0.6135,-0.5569,0.9614,0,0,0.2482,0.0001,0.1901,0.0035,0.3854,1.1301,0.0088,-1.314223323823657,-0.44206698032389335,1.1651156336298611,GBPCPCFC_00939-0,GBPCPCFC_00939-0,spotted fever group,114277,69.8,9.22e-77,238,Rickettsia,780,,,Rickettsia,780,0,Alphaproteobacteria,28211,26025,26504,GBPCPCFC_00938,GBPCPCFC_00940,mRNA
GBPCPCFC_00940,gnl|Prokka|GBPCPCFC_22,1222,1348403,0.593,948.8175,764.2049,0.8661,0.0,0.3406,-0.3531,465,-0.6331,-0.5774,0.9606,0,0,0.1197,0.0599,0.1808,0.0043,0.3161,-0.8492,-0.6096,-1.2199257664930974,-1.0266571025356908,1.1844588139961256,GBPCPCFC_00940-0,GBPCPCFC_00940-0,Parachlamydia sp. AcF125,2795736,70.4,1.22e-66,209,Bacteria,2,,,Bacteria,2,0,Bacteria,2,26558,27022,GBPCPCFC_00939,GBPCPCFC_00941,mRNA
GBPCPCFC_00941,gnl|Prokka|GBPCPCFC_22,1222,1348403,0.593,948.8175,764.2049,0.8661,0.0,0.3406,-0.3531,1095,0.1913,0.2825,0.9592,0,0,0.1185,0.0583,0.1037,0.0978,0.3699,0.6858,-0.1301,-1.3826643868880997,-0.4467881490013151,1.0764067111111835,GBPCPCFC_00941-0,GBPCPCFC_00941-0,Rickettsia bellii,33990,92.9,1.18e-250,692,cellular organisms,131567,Arthropoda,6656,Arthropoda,6656,1,Eumetazoa,6072,27496,28590,GBPCPCFC_00940,GBPCPCFC_00942,mRNA
GBPCPCFC_00942,gnl|Prokka|GBPCPCFC_22,1222,1348403,0.593,948.8175,764.2049,0.8661,0.0,0.3406,-0.3531,858,-0.1188,-0.041,0.9575,0,0,0.1414,0.0237,0.1743,0.0052,0.3135,-0.9237,-0.6329,-1.3173909831368722,-0.4291204717210289,1.122814316395719,GBPCPCFC_00942-0,GBPCPCFC_00942-0,Rickettsia tamurae,334545,93.7,5.12e-185,538,spotted fever group,114277,,,spotted fever group,114277,0,Alphaproteobacteria,28211,28625,29482,GBPCPCFC_00941,GBPCPCFC_00943,mRNA
GBPCPCFC_00943,gnl|Prokka|GBPCPCFC_22,1222,1348403,0.593,948.8175,764.2049,0.8661,0.0,0.3406,-0.3531,438,-0.6684,-0.6142,0.9557,0,0,0.1031,0.1053,0.174,0.006,0.3242,-0.6186,-0.5376,-1.2066863513846777,-1.154986443851475,1.176986207301122,GBPCPCFC_00943-0,GBPCPCFC_00943-0,Parachlamydia sp. AcF125,2795736,70.4,1.21e-66,209,Bacteria,2,,,Bacteria,2,0,Bacteria,2,29900,30337,GBPCPCFC_00942,GBPCPCFC_00944,mRNA
GBPCPCFC_00944,gnl|Prokka|GBPCPCFC_22,1222,1348403,0.593,948.8175,764.2049,0.8661,0.0,0.3406,-0.3531,1314,0.4779,0.5814,0.9549,0,0,0.1997,0.0016,0.2678,0.0,0.2626,-2.3795,-1.0878,-1.403279406055638,0.7482509589972952,1.083791127409784,GBPCPCFC_00944-0,GBPCPCFC_00944-0,Rickettsia tamurae,334545,93.4,2.57e-280,786,spotted fever group,114277,,,spotted fever group,114277,0,Alphaproteobacteria,28211,30396,31709,GBPCPCFC_00943,GBPCPCFC_00945,mRNA
GBPCPCFC_00945,gnl|Prokka|GBPCPCFC_22,1222,1348403,0.593,948.8175,764.2049,0.8661,0.0,0.3406,-0.3531,1290,0.4465,0.5487,0.953,0,0,0.1117,0.0744,0.1654,0.008,0.2496,-2.7493,-1.2033,-1.3855396144620045,-2.7288453969335045e-05,1.061329637991482,GBPCPCFC_00945-0,GBPCPCFC_00945-0,spotted fever group,114277,93.7,4.33e-279,770,spotted fever group,114277,,,spotted fever group,114277,0,Alphaproteobacteria,28211,31675,32964,GBPCPCFC_00944,GBPCPCFC_00946,mRNA
GBPCPCFC_00946,gnl|Prokka|GBPCPCFC_22,1222,1348403,0.593,948.8175,764.2049,0.8661,0.0,0.3406,-0.3531,1491,0.7095,0.823,0.9511,0,0,0.1649,0.0082,0.2206,0.0004,0.33,-0.4535,-0.486,-1.4370022539516194,0.6810996284626312,1.042508482929727,GBPCPCFC_00946-0,GBPCPCFC_00946-0,spotted fever group,114277,93.3,0.0,924,spotted fever group,114277,,,spotted fever group,114277,0,Alphaproteobacteria,28211,32986,34476,GBPCPCFC_00945,GBPCPCFC_00947,mRNA
GBPCPCFC_00947,gnl|Prokka|GBPCPCFC_22,1222,1348403,0.593,948.8175,764.2049,0.8661,0.0,0.3406,-0.3531,294,-0.8569,-0.8108,0.9483,0,0,0.0282,0.6582,0.085,0.1821,0.4218,2.1686,0.3332,-1.1694695026647914,-1.9643158271610697,1.1590487535538507,GBPCPCFC_00947-0,GBPCPCFC_00947-0,Rickettsia endosymbiont of Ixodes scapularis,444612,40.2,8.16e-12,67.0,Rickettsia endosymbiont of Ixodes scapularis,444612,,,Rickettsia endosymbiont of Ixodes scapularis,444612,0,Alphaproteobacteria,28211,34873,35166,GBPCPCFC_00946,GBPCPCFC_00948,mRNA
GBPCPCFC_00948,gnl|Prokka|GBPCPCFC_22,1222,1348403,0.593,948.8175,764.2049,0.8661,0.0,0.3406,-0.3531,462,-0.637,-0.5815,0.9479,0,0,0.2076,0.0012,0.2273,0.0004,0.3528,0.1988,-0.2822,-1.2640364090959826,-0.5057857864674594,1.156560336814455,GBPCPCFC_00948-0,GBPCPCFC_00948-0,spotted fever group,114277,75.5,8.21e-74,241,spotted fever group,114277,,,spotted fever group,114277,0,Alphaproteobacteria,28211,35154,35615,GBPCPCFC_00947,GBPCPCFC_00949,mRNA
GBPCPCFC_00949,gnl|Prokka|GBPCPCFC_22,1222,1348403,0.593,948.8175,764.2049,0.8661,0.0,0.3406,-0.3531,291,-0.8608,-0.8149,0.9467,0,0,0.0244,0.7141,0.0743,0.2639,0.3746,0.8203,-0.088,-1.1718443054241583,-2.0208651082051343,1.1525959170014513,GBPCPCFC_00949-0,GBPCPCFC_00949-0,spotted fever group,114277,74.7,1.01e-31,127,Rickettsia,780,,,Rickettsia,780,0,Alphaproteobacteria,28211,35912,36202,GBPCPCFC_00948,GBPCPCFC_00950,mRNA
GBPCPCFC_00950,gnl|Prokka|GBPCPCFC_22,1222,1348403,0.593,948.8175,764.2049,0.8661,0.0,0.3406,-0.3531,942,-0.0089,0.0737,0.9463,0,0,0.0521,0.4068,0.0359,0.5676,0.3662,0.5824,-0.1624,-1.340337494279334,-1.1598063815256316,1.0529286564350953,GBPCPCFC_00950-0,GBPCPCFC_00950-0,Rickettsia massiliae,35791,80.7,2.04e-98,305,cellular organisms,131567,Arthropoda,6656,Arthropoda,6656,1,Eumetazoa,6072,36214,37155,GBPCPCFC_00949,GBPCPCFC_00951,mRNA
GBPCPCFC_00951,gnl|Prokka|GBPCPCFC_22,1222,1348403,0.593,948.8175,764.2049,0.8661,0.0,0.3406,-0.3531,966,0.0225,0.1064,0.9436,0,0,0.244,0.0001,0.2688,0.0,0.3406,-0.1507,-0.3914,-1.3699655921701097,0.46712474898169387,1.0930228902683403,GBPCPCFC_00951-0,GBPCPCFC_00951-0,spotted fever group,114277,65.8,1.35e-136,400,spotted fever group,114277,,,spotted fever group,114277,0,Alphaproteobacteria,28211,38000,38965,GBPCPCFC_00950,GBPCPCFC_00952,mRNA
GBPCPCFC_00952,gnl|Prokka|GBPCPCFC_22,1222,1348403,0.593,948.8175,764.2049,0.8661,0.0,0.3406,-0.3531,1830,1.1531,1.2857,0.942,0,0,0.1543,0.0135,0.2193,0.0004,0.335,-0.3109,-0.4415,-1.4982277830498274,1.0900134561625519,0.981237393173623,GBPCPCFC_00952-0,GBPCPCFC_00952-0,spotted fever group,114277,74.9,0.0,904,Rickettsia,780,,,Rickettsia,780,0,Alphaproteobacteria,28211,39108,40937,GBPCPCFC_00951,GBPCPCFC_00953,mRNA
GBPCPCFC_00953,gnl|Prokka|GBPCPCFC_22,1222,1348403,0.593,948.8175,764.2049,0.8661,0.0,0.3406,-0.3531,357,-0.7744,-0.7248,0.9392,0,0,0.1198,0.0723,0.1669,0.012,0.3445,-0.0376,-0.3561,-1.2103899509746272,-1.2181810409588276,1.143364405526392,GBPCPCFC_00953-0,GBPCPCFC_00953-0,Sphingobacteriaceae bacterium,2021370,47.2,2.81e-14,73.9,Sphingobacteriaceae bacterium,2021370,,,Sphingobacteriaceae bacterium,2021370,0,Bacteroidota,976,40979,41335,GBPCPCFC_00952,GBPCPCFC_00954,mRNA
GBPCPCFC_00954,gnl|Prokka|GBPCPCFC_22,1222,1348403,0.593,948.8175,764.2049,0.8661,0.0,0.3406,-0.3531,438,-0.6684,-0.6142,0.9387,0,0,0.1216,0.0559,0.1824,0.0039,0.3219,-0.6838,-0.558,-1.2197948367147988,-1.0485180699497956,1.1374892677665245,GBPCPCFC_00954-0,GBPCPCFC_00954-0,Parachlamydia sp. AcF125,2795736,70.4,1.21e-66,209,Bacteria,2,,,Bacteria,2,0,Bacteria,2,41336,41773,GBPCPCFC_00953,GBPCPCFC_00955,mRNA
GBPCPCFC_00955,gnl|Prokka|GBPCPCFC_22,1222,1348403,0.593,948.8175,764.2049,0.8661,0.0,0.3406,-0.3531,558,-0.5114,-0.4505,0.9375,0,0,0.022,0.734,0.0621,0.3368,0.31,-1.0232,-0.664,-1.2307226732274734,-1.711842198822609,1.0945314542753377,GBPCPCFC_00955-0,GBPCPCFC_00955-0,Rickettsia tamurae subsp. buchneri,1462938,92.8,3.29e-119,345,spotted fever group,114277,,,spotted fever group,114277,0,Alphaproteobacteria,28211,42165,42722,GBPCPCFC_00954,GBPCPCFC_00956,mRNA
GBPCPCFC_00956,gnl|Prokka|GBPCPCFC_22,1222,1348403,0.593,948.8175,764.2049,0.8661,0.0,0.3406,-0.3531,852,-0.1267,-0.0492,0.9365,0,0,0.2092,0.0008,0.1908,0.0022,0.4014,1.587,0.1515,-1.3629618527043237,-0.09818418137194436,1.0689871257299357,GBPCPCFC_00956-0,GBPCPCFC_00956-0,spotted fever group,114277,90.3,6.95e-146,431,Rickettsia,780,,,Rickettsia,780,0,Alphaproteobacteria,28211,42831,43682,GBPCPCFC_00955,GBPCPCFC_00957,mRNA
GBPCPCFC_00957,gnl|Prokka|GBPCPCFC_22,1222,1348403,0.593,948.8175,764.2049,0.8661,0.0,0.3406,-0.3531,1095,0.1913,0.2825,0.9352,0,0,0.0884,0.1584,0.0686,0.2745,0.3671,0.6076,-0.1545,-1.3831302230473344,-0.6905712033349692,1.0137997850053164,GBPCPCFC_00957-0,GBPCPCFC_00957-0,Rickettsia bellii,33990,92.6,6.54e-248,686,cellular organisms,131567,Arthropoda,6656,Arthropoda,6656,1,Eumetazoa,6072,43701,44795,GBPCPCFC_00956,GBPCPCFC_00958,mRNA
GBPCPCFC_00958,gnl|Prokka|GBPCPCFC_22,1222,1348403,0.593,948.8175,764.2049,0.8661,0.0,0.3406,-0.3531,1197,0.3248,0.4217,0.9332,0,0,0.3055,0.0,0.4169,0.0,0.3601,0.406,-0.2175,-1.3876580144867363,1.5421475779336329,1.0826181711052592,GBPCPCFC_00958-0,GBPCPCFC_00958-0,Rickettsia endosymbiont of Platyusa sonomae,2878924,38.7,2.99e-42,169,Rickettsiales,766,,,Rickettsiales,766,0,Alphaproteobacteria,28211,45036,46232,GBPCPCFC_00957,GBPCPCFC_00959,mRNA
GBPCPCFC_00959,gnl|Prokka|GBPCPCFC_22,1222,1348403,0.593,948.8175,764.2049,0.8661,0.0,0.3406,-0.3531,1047,0.1285,0.217,0.9315,0,0,0.2125,0.0006,0.1712,0.006,0.3668,0.5973,-0.1577,-1.414843558861264,0.1112997105197971,1.0258938041432344,GBPCPCFC_00959-0,GBPCPCFC_00959-0,Rickettsia endosymbiont of Platyusa sonomae,2878924,34.1,1.71e-20,105,Rickettsia endosymbiont of Platyusa sonomae,2878924,,,Rickettsia endosymbiont of Platyusa sonomae,2878924,0,Alphaproteobacteria,28211,46195,47241,GBPCPCFC_00958,GBPCPCFC_00960,mRNA
GBPCPCFC_00960,gnl|Prokka|GBPCPCFC_22,1222,1348403,0.593,948.8175,764.2049,0.8661,0.0,0.3406,-0.3531,102,-1.1081,-1.0729,0.9294,0,0,-0.0999,0.2992,-0.0846,0.3796,0.3431,-0.0776,-0.3686,-1.1267008593273937,-3.3346889020979487,1.1010882962399366,GBPCPCFC_00960-0,GBPCPCFC_00960-0,,,,,,,,,,,,0,Unassigned,,47581,47682,GBPCPCFC_00959,GBPCPCFC_00961,mRNA
GBPCPCFC_00961,gnl|Prokka|GBPCPCFC_22,1222,1348403,0.593,948.8175,764.2049,0.8661,0.0,0.3406,-0.3531,150,-1.0453,-1.0073,0.9292,0,0,0.1094,0.2116,0.0626,0.4761,0.2733,-2.0717,-0.9916,-1.2175034765330066,-1.8976409985588507,1.1103612040764403,GBPCPCFC_00961-0,GBPCPCFC_00961-0,,,,,,,,,,,,0,Unassigned,,47755,47904,GBPCPCFC_00960,GBPCPCFC_00962,mRNA
GBPCPCFC_00962,gnl|Prokka|GBPCPCFC_22,1222,1348403,0.593,948.8175,764.2049,0.8661,0.0,0.3406,-0.3531,276,-0.8804,-0.8354,0.9282,0,0,0.0541,0.4319,0.0606,0.3786,0.3587,0.3668,-0.2297,-1.2020752335540794,-1.9635726781691736,1.1015650552978513,GBPCPCFC_00962-0,GBPCPCFC_00962-0,Sphingobacteriaceae bacterium,2021370,45.8,1.54e-14,73.6,Bacteria,2,,,Bacteria,2,0,Bacteria,2,48376,48651,GBPCPCFC_00961,GBPCPCFC_00963,mRNA
GBPCPCFC_00963,gnl|Prokka|GBPCPCFC_22,1222,1348403,0.593,948.8175,764.2049,0.8661,0.0,0.3406,-0.3531,450,-0.6527,-0.5979,0.9277,0,0,0.07,0.2724,0.0472,0.4593,0.3778,0.9119,-0.0594,-1.2551211938348517,-1.7095499238998848,1.0714857977931607,GBPCPCFC_00963-0,GBPCPCFC_00963-0,Rickettsia massiliae,35791,91.0,7.36e-86,266,cellular organisms,131567,Neoptera,33340,Neoptera,33340,1,Eumetazoa,6072,48717,49166,GBPCPCFC_00962,GBPCPCFC_00964,mRNA
GBPCPCFC_00964,gnl|Prokka|GBPCPCFC_22,1222,1348403,0.593,948.8175,764.2049,0.8661,0.0,0.3406,-0.3531,1293,0.4504,0.5527,0.927,0,0,0.1647,0.0083,0.1982,0.0014,0.3534,0.2167,-0.2766,-1.414466324018902,0.3378223733994198,1.0032998095078414,GBPCPCFC_00964-0,GBPCPCFC_00964-0,Legionella,445,56.7,6.50e-173,501,cellular organisms,131567,cellular organisms,131567,cellular organisms,131567,1,cellular organisms,131567,49222,50514,GBPCPCFC_00963,GBPCPCFC_00965,mRNA
GBPCPCFC_00965,gnl|Prokka|GBPCPCFC_22,1222,1348403,0.593,948.8175,764.2049,0.8661,0.0,0.3406,-0.3531,465,-0.6331,-0.5774,0.9247,0,0,0.0188,0.7641,0.0614,0.328,0.3484,0.0723,-0.3217,-1.213062513743537,-1.8524220130104418,1.0767892694980163,GBPCPCFC_00965-0,GBPCPCFC_00965-0,Rickettsia massiliae,35791,94.2,3.84e-102,307,cellular organisms,131567,Arthropoda,6656,Arthropoda,6656,1,Eumetazoa,6072,50743,51207,GBPCPCFC_00964,GBPCPCFC_00966,mRNA
GBPCPCFC_00966,gnl|Prokka|GBPCPCFC_22,1222,1348403,0.593,948.8175,764.2049,0.8661,0.0,0.3406,-0.3531,1863,1.1963,1.3307,0.9241,0,0,0.1159,0.0641,0.1371,0.0283,0.3226,-0.6644,-0.5519,-1.5218647583806684,0.6946689774978091,0.9132553437672188,GBPCPCFC_00966-0,GBPCPCFC_00966-0,spotted fever group,114277,77.6,0.0,928,Rickettsia,780,,,Rickettsia,780,0,Alphaproteobacteria,28211,51202,53064,GBPCPCFC_00965,GBPCPCFC_00967,mRNA
GBPCPCFC_00967,gnl|Prokka|GBPCPCFC_22,1222,1348403,0.593,948.8175,764.2049,0.8661,0.0,0.3406,-0.3531,420,-0.692,-0.6388,0.9211,0,0,0.1509,0.0174,0.1887,0.0029,0.3976,1.4787,0.1177,-1.238682420146719,-0.9284605331319533,1.0961290180585759,GBPCPCFC_00967-0,GBPCPCFC_00967-0,spotted fever group,114277,66.7,1.70e-54,181,spotted fever group,114277,,,spotted fever group,114277,0,Alphaproteobacteria,28211,53209,53628,GBPCPCFC_00966,GBPCPCFC_00968,mRNA
GBPCPCFC_00968,gnl|Prokka|GBPCPCFC_22,1222,1348403,0.593,948.8175,764.2049,0.8661,0.0,0.3406,-0.3531,438,-0.6684,-0.6142,0.9202,0,0,0.1172,0.0692,0.1769,0.0059,0.3219,-0.6838,-0.558,-1.223187263556886,-1.0845475922684946,1.093607013606926,GBPCPCFC_00968-0,GBPCPCFC_00968-0,Parachlamydia sp. AcF125,2795736,69.7,4.93e-66,207,Bacteria,2,,,Bacteria,2,0,Bacteria,2,53823,54260,GBPCPCFC_00967,GBPCPCFC_00969,mRNA
GBPCPCFC_00969,gnl|Prokka|GBPCPCFC_22,1222,1348403,0.593,948.8175,764.2049,0.8661,0.0,0.3406,-0.3531,399,-0.7195,-0.6675,0.9189,0,0,0.2141,0.0011,0.2249,0.0006,0.3283,-0.5009,-0.5008,-1.2638166579189614,-0.5703963447101148,1.0953907618922993,GBPCPCFC_00969-0,GBPCPCFC_00969-0,spotted fever group,114277,62.5,4.68e-43,154,spotted fever group,114277,,,spotted fever group,114277,0,Alphaproteobacteria,28211,54652,55050,GBPCPCFC_00968,GBPCPCFC_00970,mRNA
GBPCPCFC_00970,gnl|Prokka|GBPCPCFC_22,1222,1348403,0.593,948.8175,764.2049,0.8661,0.0,0.3406,-0.3531,171,-1.0178,-0.9787,0.9178,0,0,0.1882,0.0089,0.2112,0.0033,0.3392,-0.1906,-0.4039,-1.2068409317153652,-1.032300901784792,1.120620006520519,GBPCPCFC_00970-0,GBPCPCFC_00970-0,Rickettsia endosymbiont of Pseudomimeciton antennatum,2878923,83.6,7.64e-25,102,Rickettsia,780,,,Rickettsia,780,0,Alphaproteobacteria,28211,55398,55568,GBPCPCFC_00969,GBPCPCFC_00971,mRNA
GBPCPCFC_00971,gnl|Prokka|GBPCPCFC_22,1222,1348403,0.593,948.8175,764.2049,0.8661,0.0,0.3406,-0.3531,372,-0.7548,-0.7043,0.9175,0,0,0.0546,0.3985,0.0228,0.7246,0.3683,0.6406,-0.1442,-1.2429276748888665,-1.9613101370438484,1.0515007012078632,GBPCPCFC_00971-0,GBPCPCFC_00971-0,Rickettsia parkeri,35792,87.0,2.83e-69,222,cellular organisms,131567,Neoptera,33340,Neoptera,33340,1,Eumetazoa,6072,55627,55998,GBPCPCFC_00970,GBPCPCFC_00972,mRNA
GBPCPCFC_00972,gnl|Prokka|GBPCPCFC_22,1222,1348403,0.593,948.8175,764.2049,0.8661,0.0,0.3406,-0.3531,438,-0.6684,-0.6142,0.9164,0,0,0.0953,0.1412,0.1632,0.0113,0.3174,-0.8142,-0.5987,-1.2145988602735596,-1.2220819849698417,1.0838087481368286,GBPCPCFC_00972-0,GBPCPCFC_00972-0,Parachlamydia sp. AcF125,2795736,69.0,1.64e-64,204,Bacteria,2,,,Bacteria,2,0,Bacteria,2,56390,56827,GBPCPCFC_00971,GBPCPCFC_00973,mRNA
GBPCPCFC_00973,gnl|Prokka|GBPCPCFC_22,1222,1348403,0.593,948.8175,764.2049,0.8661,0.0,0.3406,-0.3531,801,-0.1934,-0.1188,0.9157,0,0,0.0802,0.201,0.1151,0.0661,0.3596,0.3912,-0.2221,-1.2994503133392261,-0.9600816263855587,1.0229949265098135,GBPCPCFC_00973-0,GBPCPCFC_00973-0,Rickettsia bellii,33990,94.7,1.61e-167,478,cellular organisms,131567,Arthropoda,6656,Arthropoda,6656,1,Eumetazoa,6072,56828,57628,GBPCPCFC_00972,GBPCPCFC_00974,mRNA
GBPCPCFC_00974,gnl|Prokka|GBPCPCFC_22,1222,1348403,0.593,948.8175,764.2049,0.8661,0.0,0.3406,-0.3531,315,-0.8294,-0.7821,0.9145,0,0,0.0297,0.6601,0.0927,0.1697,0.346,0.0051,-0.3428,-1.1778276846938214,-1.9015476423838429,1.0809644621743768,GBPCPCFC_00974-0,GBPCPCFC_00974-0,Rickettsia endosymbiont of Ixodes scapularis,444612,71.2,8.31e-38,139,spotted fever group,114277,,,spotted fever group,114277,0,Alphaproteobacteria,28211,57640,57954,GBPCPCFC_00973,GBPCPCFC_00975,mRNA
GBPCPCFC_00975,gnl|Prokka|GBPCPCFC_22,1222,1348403,0.593,948.8175,764.2049,0.8661,0.0,0.3406,-0.3531,294,-0.8569,-0.8108,0.9138,0,0,0.2729,0.0001,0.2981,0.0,0.3265,-0.552,-0.5168,-1.2507465600610037,-0.21706879837201176,1.1123330525341661,GBPCPCFC_00975-0,GBPCPCFC_00975-0,spotted fever group,114277,90.7,4.57e-59,188,spotted fever group,114277,,,spotted fever group,114277,0,Alphaproteobacteria,28211,58090,58383,GBPCPCFC_00974,GBPCPCFC_00976,mRNA
GBPCPCFC_00976,gnl|Prokka|GBPCPCFC_22,1222,1348403,0.593,948.8175,764.2049,0.8661,0.0,0.3406,-0.3531,1926,1.2787,1.4167,0.9127,0,0,0.2726,0.0,0.3102,0.0,0.3131,-0.9361,-0.6368,-1.5652748583766432,2.0236810187610996,0.9133282574875671,GBPCPCFC_00976-0,GBPCPCFC_00976-0,Rickettsia endosymbiont of Oedothorax gibbosus,931099,30.2,1.61e-32,145,Rickettsia endosymbiont of Oedothorax gibbosus,931099,,,Rickettsia endosymbiont of Oedothorax gibbosus,931099,0,Alphaproteobacteria,28211,58867,60792,GBPCPCFC_00975,GBPCPCFC_00977,mRNA
GBPCPCFC_00977,gnl|Prokka|GBPCPCFC_22,1222,1348403,0.593,948.8175,764.2049,0.8661,0.0,0.3406,-0.3531,822,-0.1659,-0.0901,0.9097,0,0,0.0309,0.6225,0.076,0.2258,0.3613,0.4416,-0.2064,-1.287932376323195,-1.2700338475426405,1.001324507544441,GBPCPCFC_00977-0,GBPCPCFC_00977-0,Legionella pneumophila subsp. pneumophila,91891,59.9,1.03e-112,342,cellular organisms,131567,cellular organisms,131567,cellular organisms,131567,1,cellular organisms,131567,60902,61723,GBPCPCFC_00976,GBPCPCFC_00978,mRNA
GBPCPCFC_00978,gnl|Prokka|GBPCPCFC_22,1222,1348403,0.593,948.8175,764.2049,0.8661,0.0,0.3406,-0.3531,462,-0.637,-0.5815,0.9086,0,0,0.1434,0.024,0.1861,0.0033,0.3268,-0.5432,-0.5141,-1.2452807744098768,-0.9108921666340114,1.0624762389552813,GBPCPCFC_00978-0,GBPCPCFC_00978-0,Parachlamydia sp. AcF125,2795736,73.1,1.85e-63,201,Bacteria,2,,,Bacteria,2,0,Bacteria,2,61635,62096,GBPCPCFC_00977,GBPCPCFC_00979,mRNA
GBPCPCFC_00979,gnl|Prokka|GBPCPCFC_22,1222,1348403,0.593,948.8175,764.2049,0.8661,0.0,0.3406,-0.3531,420,-0.692,-0.6388,0.9076,0,0,0.1965,0.0019,0.2151,0.0006,0.3952,1.4107,0.0964,-1.262133074158077,-0.6481373511346411,1.0663557265940289,GBPCPCFC_00979-0,GBPCPCFC_00979-0,spotted fever group,114277,67.4,7.35e-56,184,spotted fever group,114277,,,spotted fever group,114277,0,Alphaproteobacteria,28211,62291,62710,GBPCPCFC_00978,GBPCPCFC_00980,mRNA
GBPCPCFC_00980,gnl|Prokka|GBPCPCFC_22,1222,1348403,0.593,948.8175,764.2049,0.8661,0.0,0.3406,-0.3531,1845,1.1727,1.3062,0.9068,0,0,0.133,0.0334,0.1643,0.0085,0.3415,-0.1254,-0.3835,-1.5207903032746357,0.8353739630012208,0.8822697489086583,GBPCPCFC_00980-0,GBPCPCFC_00980-0,Rickettsia endosymbiont of Oedothorax gibbosus,931099,77.4,0.0,932,Rickettsia,780,,,Rickettsia,780,0,Alphaproteobacteria,28211,62856,64700,GBPCPCFC_00979,GBPCPCFC_00981,mRNA
GBPCPCFC_00981,gnl|Prokka|GBPCPCFC_22,1222,1348403,0.593,948.8175,764.2049,0.8661,0.0,0.3406,-0.3531,1095,0.1913,0.2825,0.9039,0,0,0.1185,0.0583,0.1037,0.0978,0.3699,0.6858,-0.1301,-1.3942287024436681,-0.44356629530120056,0.948782079409278,GBPCPCFC_00981-0,GBPCPCFC_00981-0,Rickettsia bellii,33990,92.9,1.18e-250,692,cellular organisms,131567,Arthropoda,6656,Arthropoda,6656,1,Eumetazoa,6072,64790,65884,GBPCPCFC_00980,GBPCPCFC_00982,mRNA
GBPCPCFC_00982,gnl|Prokka|GBPCPCFC_22,1222,1348403,0.593,948.8175,764.2049,0.8661,0.0,0.3406,-0.3531,330,-0.8098,-0.7617,0.9023,0,0,0.0462,0.4841,0.0608,0.3569,0.3576,0.3348,-0.2397,-1.2120561486674386,-1.9216329349793357,1.0366576281433004,GBPCPCFC_00982-0,GBPCPCFC_00982-0,Sphingobacteriaceae bacterium,2021370,45.1,3.36e-13,70.9,Bacteria,2,,,Bacteria,2,0,Bacteria,2,65879,66208,GBPCPCFC_00981,GBPCPCFC_00983,mRNA
GBPCPCFC_00983,gnl|Prokka|GBPCPCFC_22,1222,1348403,0.593,948.8175,764.2049,0.8661,0.0,0.3406,-0.3531,189,-0.9943,-0.9541,0.9012,0,0,0.1416,0.0358,0.1681,0.0125,0.3651,0.5492,-0.1728,-1.2010554155651194,-1.347824842080052,1.0728951994840552,GBPCPCFC_00983-0,GBPCPCFC_00983-0,spotted fever group,114277,69.0,1.36e-17,85.1,spotted fever group,114277,,,spotted fever group,114277,0,Alphaproteobacteria,28211,66625,66813,GBPCPCFC_00982,GBPCPCFC_00984,mRNA
GBPCPCFC_00984,gnl|Prokka|GBPCPCFC_22,1222,1348403,0.593,948.8175,764.2049,0.8661,0.0,0.3406,-0.3531,1293,0.4504,0.5527,0.9009,0,0,0.1946,0.0018,0.2111,0.0007,0.3542,0.2388,-0.2697,-1.4357115490642496,0.5074971131315312,0.9423978248349439,GBPCPCFC_00984-0,GBPCPCFC_00984-0,Legionella,445,56.7,1.31e-172,500,cellular organisms,131567,cellular organisms,131567,cellular organisms,131567,1,cellular organisms,131567,66824,68116,GBPCPCFC_00983,GBPCPCFC_00985,mRNA
GBPCPCFC_00985,gnl|Prokka|GBPCPCFC_22,1222,1348403,0.593,948.8175,764.2049,0.8661,0.0,0.3406,-0.3531,732,-0.2837,-0.213,0.8988,0,0,0.1831,0.0033,0.2164,0.0005,0.3566,0.3057,-0.2488,-1.3145922079781154,-0.27789110876490064,1.0104589045240338,GBPCPCFC_00985-0,GBPCPCFC_00985-0,spotted fever group,114277,65.6,7.22e-99,301,spotted fever group,114277,,,spotted fever group,114277,0,Alphaproteobacteria,28211,68252,68983,GBPCPCFC_00984,GBPCPCFC_00986,mRNA
GBPCPCFC_00986,gnl|Prokka|GBPCPCFC_22,1222,1348403,0.593,948.8175,764.2049,0.8661,0.0,0.3406,-0.3531,1830,1.1531,1.2857,0.8975,0,0,0.1134,0.0701,0.1856,0.0029,0.323,-0.6543,-0.5488,-1.49417088221173,0.8074853698039127,0.8737221026521602,GBPCPCFC_00986-0,GBPCPCFC_00986-0,spotted fever group,114277,76.5,0.0,915,Rickettsia,780,,,Rickettsia,780,0,Alphaproteobacteria,28211,69128,70957,GBPCPCFC_00985,GBPCPCFC_00987,mRNA
GBPCPCFC_00987,gnl|Prokka|GBPCPCFC_22,1222,1348403,0.593,948.8175,764.2049,0.8661,0.0,0.3406,-0.3531,282,-0.8726,-0.8272,0.8948,0,0,0.0068,0.9206,0.0314,0.6433,0.3652,0.554,-0.1712,-1.1897523436341926,-2.24999855950035,1.021700960129287,GBPCPCFC_00987-0,GBPCPCFC_00987-0,Sphingobacteriaceae bacterium,2021370,45.8,1.66e-14,73.6,Bacteria,2,,,Bacteria,2,0,Bacteria,2,70945,71226,GBPCPCFC_00986,GBPCPCFC_00988,mRNA
GBPCPCFC_00988,gnl|Prokka|GBPCPCFC_22,1222,1348403,0.593,948.8175,764.2049,0.8661,0.0,0.3406,-0.3531,957,0.0107,0.0941,0.8937,0,0,0.3292,0.0,0.3476,0.0,0.349,0.0901,-0.3162,-1.402028961278771,1.08097082382849,0.9921225042235533,GBPCPCFC_00988-0,GBPCPCFC_00988-0,spotted fever group,114277,65.6,2.43e-136,400,spotted fever group,114277,,,spotted fever group,114277,0,Alphaproteobacteria,28211,71669,72625,GBPCPCFC_00987,GBPCPCFC_00989,mRNA
GBPCPCFC_00989,gnl|Prokka|GBPCPCFC_22,1222,1348403,0.593,948.8175,764.2049,0.8661,0.0,0.3406,-0.3531,1842,1.1688,1.3021,0.8921,0,0,0.1485,0.0174,0.1775,0.0044,0.336,-0.2802,-0.4319,-1.5281091167139407,0.9415819869544954,0.8507096469724781,GBPCPCFC_00989-0,GBPCPCFC_00989-0,spotted fever group,114277,78.4,0.0,932,Rickettsia,780,,,Rickettsia,780,0,Alphaproteobacteria,28211,72771,74612,GBPCPCFC_00988,GBPCPCFC_00990,mRNA
GBPCPCFC_00990,gnl|Prokka|GBPCPCFC_22,1222,1348403,0.593,948.8175,764.2049,0.8661,0.0,0.3406,-0.3531,243,-0.9236,-0.8804,0.8892,0,0,-0.0343,0.6359,-0.1062,0.1415,0.3745,0.8179,-0.0888,-1.2230192703061498,-2.9449091491284105,0.9717388592707153,GBPCPCFC_00990-0,GBPCPCFC_00990-0,bacterium,1869227,91.5,1.02e-35,134,cellular organisms,131567,Neoptera,33340,Neoptera,33340,1,Eumetazoa,6072,74682,74924,GBPCPCFC_00989,GBPCPCFC_00991,mRNA
GBPCPCFC_00991,gnl|Prokka|GBPCPCFC_22,1222,1348403,0.593,948.8175,764.2049,0.8661,0.0,0.3406,-0.3531,870,-0.1031,-0.0246,0.8889,0,0,0.1203,0.0545,0.1237,0.0481,0.3713,0.7259,-0.1176,-1.3442320836781825,-0.6700556406829242,0.9486862825999043,GBPCPCFC_00991-0,GBPCPCFC_00991-0,Rickettsia bellii,33990,94.1,7.43e-200,561,cellular organisms,131567,Arthropoda,6656,Arthropoda,6656,1,Eumetazoa,6072,74909,75778,GBPCPCFC_00990,GBPCPCFC_00992,mRNA
GBPCPCFC_00992,gnl|Prokka|GBPCPCFC_22,1222,1348403,0.593,948.8175,764.2049,0.8661,0.0,0.3406,-0.3531,159,-1.0335,-0.9951,0.8876,0,0,0.0478,0.5509,0.0303,0.7058,0.3396,-0.178,-0.4,-1.1983704849626655,-2.249302152118646,1.01259917578749,GBPCPCFC_00992-0,GBPCPCFC_00992-0,,,,,,,,,,,,0,Unassigned,,75773,75931,GBPCPCFC_00991,GBPCPCFC_00993,mRNA
GBPCPCFC_00993,gnl|Prokka|GBPCPCFC_22,1222,1348403,0.593,948.8175,764.2049,0.8661,0.0,0.3406,-0.3531,234,-0.9354,-0.8927,0.8867,0,0,0.1357,0.0641,0.1141,0.1201,0.3162,-0.846,-0.6087,-1.2361867422861568,-1.4962889125684258,1.0156946859389926,GBPCPCFC_00993-0,GBPCPCFC_00993-0,,,,,,,,,,,,0,Unassigned,,76384,76617,GBPCPCFC_00992,GBPCPCFC_00994,mRNA
GBPCPCFC_00994,gnl|Prokka|GBPCPCFC_22,1222,1348403,0.593,948.8175,764.2049,0.8661,0.0,0.3406,-0.3531,1095,0.1913,0.2825,0.8863,0,0,0.0889,0.1561,0.0713,0.2554,0.3699,0.6858,-0.1301,-1.3923462499225912,-0.6763833104413884,0.9018206310457865,GBPCPCFC_00994-0,GBPCPCFC_00994-0,Rickettsia bellii,33990,92.9,1.18e-250,692,cellular organisms,131567,Arthropoda,6656,Arthropoda,6656,1,Eumetazoa,6072,76629,77723,GBPCPCFC_00993,GBPCPCFC_00995,mRNA
GBPCPCFC_00995,gnl|Prokka|GBPCPCFC_22,1222,1348403,0.593,948.8175,764.2049,0.8661,0.0,0.3406,-0.3531,174,-1.0139,-0.9746,0.8846,0,0,0.1792,0.017,0.1518,0.0437,0.3276,-0.5219,-0.5074,-1.2381000596982694,-1.2673639932722456,1.0240051668718482,GBPCPCFC_00995-0,GBPCPCFC_00995-0,Rickettsia tamurae subsp. buchneri,1462938,68.4,2.05e-13,71.2,Rickettsia tamurae subsp. buchneri,1462938,,,Rickettsia tamurae subsp. buchneri,1462938,0,Alphaproteobacteria,28211,77789,77962,GBPCPCFC_00994,GBPCPCFC_00996,mRNA
GBPCPCFC_00996,gnl|Prokka|GBPCPCFC_22,1222,1348403,0.593,948.8175,764.2049,0.8661,0.0,0.3406,-0.3531,4281,4.3603,4.6311,0.8838,0,0,0.3874,0.0,0.4879,0.0,0.3761,0.8634,-0.0746,-2.0289598926297856,6.285320096664522,0.600104838191334,GBPCPCFC_00996-0,GBPCPCFC_00996-0,Rickettsia endosymbiont of Ixodes scapularis,444612,78.8,0.0,2149,spotted fever group,114277,,,spotted fever group,114277,0,Alphaproteobacteria,28211,78343,82623,GBPCPCFC_00995,GBPCPCFC_00997,mRNA
GBPCPCFC_00997,gnl|Prokka|GBPCPCFC_22,1222,1348403,0.593,948.8175,764.2049,0.8661,0.0,0.3406,-0.3531,3000,2.6841,2.8826,0.8772,0,0,0.1197,0.0558,0.2177,0.0005,0.368,0.6326,-0.1467,-1.7165939560482693,2.5222450684595406,0.6932609281272049,GBPCPCFC_00997-0,GBPCPCFC_00997-0,Rickettsia endosymbiont of Platyusa sonomae,2878924,35.3,4.74e-61,233,Rickettsiales,766,,,Rickettsiales,766,0,Alphaproteobacteria,28211,82811,85810,GBPCPCFC_00996,GBPCPCFC_00998,mRNA
GBPCPCFC_00998,gnl|Prokka|GBPCPCFC_22,1222,1348403,0.593,948.8175,764.2049,0.8661,0.0,0.3406,-0.3531,729,-0.2876,-0.2171,0.8723,0,0,0.12,0.0552,0.1216,0.052,0.3937,1.3665,0.0826,-1.3208701639842242,-0.8673335468987428,0.9269859989698954,GBPCPCFC_00998-0,GBPCPCFC_00998-0,Rickettsia bellii,33990,92.2,3.68e-141,410,cellular organisms,131567,Neoptera,33340,Neoptera,33340,1,Eumetazoa,6072,86076,86804,GBPCPCFC_00997,GBPCPCFC_00999,mRNA
GBPCPCFC_00999,gnl|Prokka|GBPCPCFC_22,1222,1348403,0.593,948.8175,764.2049,0.8661,0.0,0.3406,-0.3531,285,-0.8686,-0.8231,0.8711,0,0,0.0038,0.9564,-0.0195,0.7799,0.3018,-1.2598,-0.7379,-1.2191615229826367,-2.4315818222248473,0.9489859963350589,GBPCPCFC_00999-0,GBPCPCFC_00999-0,Rickettsia massiliae,35791,94.7,1.66e-56,188,cellular organisms,131567,Arthropoda,6656,Arthropoda,6656,1,Eumetazoa,6072,86888,87172,GBPCPCFC_00998,GBPCPCFC_01000,mRNA
GBPCPCFC_01000,gnl|Prokka|GBPCPCFC_22,1222,1348403,0.593,948.8175,764.2049,0.8661,0.0,0.3406,-0.3531,1074,0.1638,0.2538,0.8702,0,0,0.1916,0.0021,0.2293,0.0002,0.3641,0.52,-0.1819,-1.387523934222487,0.26420294372416747,0.9054972248791878,GBPCPCFC_01000-0,GBPCPCFC_01000-0,Rickettsia endosymbiont of Omalisus fontisbellaquei,2866307,48.6,8.32e-82,283,unclassified Rickettsia,114295,,,Rickettsia,780,0,Alphaproteobacteria,28211,87545,88618,GBPCPCFC_00999,GBPCPCFC_01001,mRNA
GBPCPCFC_01001,gnl|Prokka|GBPCPCFC_22,1222,1348403,0.593,948.8175,764.2049,0.8661,0.0,0.3406,-0.3531,3246,3.006,3.2184,0.8683,0,0,0.2921,0.0,0.2433,0.0001,0.3207,-0.7185,-0.5688,-1.8828371318783403,3.6565136320719693,0.6212072759981443,GBPCPCFC_01001-0,GBPCPCFC_01001-0,Rickettsia endosymbiont of Sericostoma sp. HW-2014,2878927,35.0,1.59e-125,432,unclassified Rickettsia,114295,,,Rickettsia,780,0,Alphaproteobacteria,28211,88802,92047,GBPCPCFC_01000,GBPCPCFC_01002,mRNA
GBPCPCFC_01002,gnl|Prokka|GBPCPCFC_22,1222,1348403,0.593,948.8175,764.2049,0.8661,0.0,0.3406,-0.3531,1095,0.1913,0.2825,0.8632,0,0,0.1185,0.0583,0.1037,0.0978,0.3699,0.6858,-0.1301,-1.4027398713968617,-0.44119505758701133,0.8548521967642952,GBPCPCFC_01002-0,GBPCPCFC_01002-0,Rickettsia bellii,33990,92.9,1.18e-250,692,cellular organisms,131567,Arthropoda,6656,Arthropoda,6656,1,Eumetazoa,6072,92234,93328,GBPCPCFC_01001,GBPCPCFC_01003,mRNA
GBPCPCFC_01003,gnl|Prokka|GBPCPCFC_22,1222,1348403,0.593,948.8175,764.2049,0.8661,0.0,0.3406,-0.3531,339,-0.798,-0.7494,0.8616,0,0,0.1857,0.005,0.1431,0.0311,0.354,0.2322,-0.2718,-1.2846407287107329,-1.046833951663037,0.9464194132134349,GBPCPCFC_01003-0,GBPCPCFC_01003-0,Candidatus Dojkabacteria bacterium CG_4_10_14_0_2_um_filter_Dojkabacteria_WS6_41_15,2014249,52.8,2.73e-27,114,Bacteria,2,,,Bacteria,2,0,Bacteria,2,93323,93661,GBPCPCFC_01002,GBPCPCFC_01004,mRNA
GBPCPCFC_01004,gnl|Prokka|GBPCPCFC_22,1222,1348403,0.593,948.8175,764.2049,0.8661,0.0,0.3406,-0.3531,399,-0.7195,-0.6675,0.8603,0,0,0.2773,0.0,0.2787,0.0,0.3434,-0.0713,-0.3666,-1.2958346676848553,-0.12048134895854144,0.9682070001194993,GBPCPCFC_01004-0,GBPCPCFC_01004-0,spotted fever group,114277,60.2,6.61e-43,154,spotted fever group,114277,,,spotted fever group,114277,0,Alphaproteobacteria,28211,94190,94588,GBPCPCFC_01003,GBPCPCFC_01005,mRNA
GBPCPCFC_01005,gnl|Prokka|GBPCPCFC_22,1222,1348403,0.593,948.8175,764.2049,0.8661,0.0,0.3406,-0.3531,258,-0.904,-0.8599,0.8592,0,0,0.2252,0.0007,0.1858,0.0052,0.345,-0.0255,-0.3523,-1.2769412692819755,-0.8454569826400254,0.9590877842703103,GBPCPCFC_01005-0,GBPCPCFC_01005-0,Rickettsia endosymbiont of Ixodes scapularis,444612,89.3,6.29e-47,160,Rickettsia,780,,,Rickettsia,780,0,Alphaproteobacteria,28211,94937,95194,GBPCPCFC_01004,GBPCPCFC_01006,mRNA
GBPCPCFC_01006,gnl|Prokka|GBPCPCFC_22,1222,1348403,0.593,948.8175,764.2049,0.8661,0.0,0.3406,-0.3531,417,-0.6959,-0.6429,0.8583,0,0,0.0526,0.4484,0.0507,0.4651,0.3429,-0.0837,-0.3705,-1.2483308933930863,-1.809901049100131,0.9196714077253796,GBPCPCFC_01006-0,GBPCPCFC_01006-0,Rickettsia tamurae,334545,62.7,6.70e-48,162,spotted fever group,114277,,,spotted fever group,114277,0,Alphaproteobacteria,28211,95521,95937,GBPCPCFC_01005,GBPCPCFC_01007,mRNA
GBPCPCFC_01007,gnl|Prokka|GBPCPCFC_22,1222,1348403,0.593,948.8175,764.2049,0.8661,0.0,0.3406,-0.3531,198,-0.9825,-0.9418,0.8576,0,0,0.1938,0.0079,0.1568,0.0321,0.3586,0.3637,-0.2307,-1.2568353700588852,-1.1558130734987804,0.957954874745559,GBPCPCFC_01007-0,GBPCPCFC_01007-0,Rickettsia endosymbiont of Pseudomimeciton antennatum,2878923,81.3,2.90e-28,116,Rickettsia,780,,,Rickettsia,780,0,Alphaproteobacteria,28211,96038,96235,GBPCPCFC_01006,GBPCPCFC_01008,mRNA
GBPCPCFC_01008,gnl|Prokka|GBPCPCFC_22,1222,1348403,0.593,948.8175,764.2049,0.8661,0.0,0.3406,-0.3531,840,-0.1424,-0.0656,0.8571,0,0,0.1393,0.0283,0.2305,0.0003,0.3726,0.7646,-0.1055,-1.3044791799638884,-0.26305474799011186,0.9136999323500318,GBPCPCFC_01008-0,GBPCPCFC_01008-0,spotted fever group,114277,57.5,3.73e-82,268,spotted fever group,114277,,,spotted fever group,114277,0,Alphaproteobacteria,28211,96337,97176,GBPCPCFC_01007,GBPCPCFC_01009,mRNA
GBPCPCFC_01009,gnl|Prokka|GBPCPCFC_22,1222,1348403,0.593,948.8175,764.2049,0.8661,0.0,0.3406,-0.3531,76,-1.1421,-1.1083,0.8557,0,0,-0.1264,0.1727,-0.0959,0.3015,0.5263,5.1551,1.2663,-1.1229251037697285,-3.5142561764429647,0.93487018818093,GBPCPCFC_01009-0,GBPCPCFC_01009-0,,,,,,,,,,,,0,Unassigned,,97315,97390,GBPCPCFC_01008,GBPCPCFC_01010,mRNA
GBPCPCFC_01010,gnl|Prokka|GBPCPCFC_22,1222,1348403,0.593,948.8175,764.2049,0.8661,0.0,0.3406,-0.3531,546,-0.5271,-0.4668,0.8555,0,0,0.2383,0.0002,0.2494,0.0001,0.2802,-1.875,-0.9301,-1.3115275235192412,-0.18420879700369125,0.9354670505714754,GBPCPCFC_01010-0,GBPCPCFC_01010-0,Rickettsia endosymbiont of Sericostoma sp.,2878926,72.7,2.25e-95,287,cellular organisms,131567,Sciaridae,7184,Sciaridae,7184,1,Eumetazoa,6072,97444,97989,GBPCPCFC_01009,GBPCPCFC_01011,mRNA
GBPCPCFC_01011,gnl|Prokka|GBPCPCFC_22,1222,1348403,0.593,948.8175,764.2049,0.8661,0.0,0.3406,-0.3531,1290,0.4465,0.5487,0.8546,0,0,0.2616,0.0,0.4022,0.0,0.3271,-0.5348,-0.5114,-1.3969983767367369,1.4395307010827592,0.892303763842516,GBPCPCFC_01011-0,GBPCPCFC_01011-0,Rickettsia endosymbiont of Culicoides impunctatus,2867440,67.8,2.28e-213,603,cellular organisms,131567,Sciaridae,7184,Sciaridae,7184,1,Eumetazoa,6072,97997,99286,GBPCPCFC_01010,GBPCPCFC_01012,mRNA
GBPCPCFC_01012,gnl|Prokka|GBPCPCFC_22,1222,1348403,0.593,948.8175,764.2049,0.8661,0.0,0.3406,-0.3531,654,-0.3858,-0.3194,0.8527,0,0,0.3115,0.0,0.3607,0.0,0.2875,-1.6681,-0.8655,-1.3310971487643373,0.6467218449392579,0.9425435227219906,GBPCPCFC_01012-0,GBPCPCFC_01012-0,Rickettsia endosymbiont of Labidopullus appendiculatus,2878921,72.4,3.61e-107,318,cellular organisms,131567,Sciaridae,7184,Sciaridae,7184,1,Eumetazoa,6072,99283,99936,GBPCPCFC_01011,GBPCPCFC_01013,mRNA
GBPCPCFC_01013,gnl|Prokka|GBPCPCFC_22,1222,1348403,0.593,948.8175,764.2049,0.8661,0.0,0.3406,-0.3531,1206,0.3365,0.434,0.8517,0,0,0.286,0.0,0.3277,0.0,0.3499,0.116,-0.3081,-1.4375897972460245,1.1719307253166475,0.8650528432339651,GBPCPCFC_01013-0,GBPCPCFC_01013-0,Rickettsia endosymbiont of Bryobia graminum,2878922,80.5,2.28e-232,649,cellular organisms,131567,Sciaridae,7184,Sciaridae,7184,1,Eumetazoa,6072,99959,101164,GBPCPCFC_01012,GBPCPCFC_01014,mRNA
GBPCPCFC_01014,gnl|Prokka|GBPCPCFC_22,1222,1348403,0.593,948.8175,764.2049,0.8661,0.0,0.3406,-0.3531,1032,0.1088,0.1965,0.8497,0,0,0.2666,0.0,0.2637,0.0,0.2742,-2.0462,-0.9837,-1.4220933106066858,0.6373609747495215,0.8624406225417272,GBPCPCFC_01014-0,GBPCPCFC_01014-0,Rickettsia endosymbiont of Cimex lectularius,2698648,61.2,7.40e-143,418,unclassified Rickettsia,114295,,,Rickettsia,780,0,Alphaproteobacteria,28211,101356,102387,GBPCPCFC_01013,GBPCPCFC_01015,mRNA
GBPCPCFC_01015,gnl|Prokka|GBPCPCFC_22,1222,1348403,0.593,948.8175,764.2049,0.8661,0.0,0.3406,-0.3531,753,-0.2562,-0.1843,0.8476,0,0,0.0116,0.8532,0.0815,0.1938,0.3347,-0.3198,-0.4442,-1.2700951189720395,-1.4203089951481225,0.8718294005441881,GBPCPCFC_01015-0,GBPCPCFC_01015-0,Rickettsia endosymbiont of Cimex lectularius,2698648,68.4,4.36e-125,365,cellular organisms,131567,Sciaridae,7184,Sciaridae,7184,1,Eumetazoa,6072,102726,103478,GBPCPCFC_01014,GBPCPCFC_01016,mRNA
GBPCPCFC_01016,gnl|Prokka|GBPCPCFC_22,1222,1348403,0.593,948.8175,764.2049,0.8661,0.0,0.3406,-0.3531,609,-0.4447,-0.3808,0.8465,0,0,0.1933,0.0022,0.2269,0.0003,0.335,-0.3108,-0.4414,-1.3036166865567727,-0.36235690386692554,0.9068390884449106,GBPCPCFC_01016-0,GBPCPCFC_01016-0,Rickettsia endosymbiont of Cimex lectularius,2698648,64.4,1.72e-75,236,cellular organisms,131567,Protostomia,33317,Protostomia,33317,1,Eumetazoa,6072,103494,104102,GBPCPCFC_01015,GBPCPCFC_01017,mRNA
GBPCPCFC_01017,gnl|Prokka|GBPCPCFC_22,1222,1348403,0.593,948.8175,764.2049,0.8661,0.0,0.3406,-0.3531,1911,1.2591,1.3963,0.8451,0,0,0.1826,0.0034,0.2206,0.0004,0.3741,0.8083,-0.0918,-1.5549695015850598,1.3268700789183712,0.7430726171009686,GBPCPCFC_01017-0,GBPCPCFC_01017-0,Rickettsia endosymbiont of Platyusa sonomae,2878924,80.5,0.0,1065,cellular organisms,131567,Sciaridae,7184,Sciaridae,7184,1,Eumetazoa,6072,104415,106325,GBPCPCFC_01016,GBPCPCFC_01018,mRNA
GBPCPCFC_01018,gnl|Prokka|GBPCPCFC_22,1222,1348403,0.593,948.8175,764.2049,0.8661,0.0,0.3406,-0.3531,450,-0.6527,-0.5979,0.8419,0,0,-0.0367,0.5653,0.0126,0.8441,0.3489,0.0867,-0.3173,-1.210862537920927,-2.2653722213100282,0.8799306697205642,GBPCPCFC_01018-0,GBPCPCFC_01018-0,Rotaria sp. Silwood2,2762512,85.9,7.61e-86,259,cellular organisms,131567,Sciaridae,7184,Sciaridae,7184,1,Eumetazoa,6072,106564,107013,GBPCPCFC_01017,GBPCPCFC_01019,mRNA
GBPCPCFC_01019,gnl|Prokka|GBPCPCFC_22,1222,1348403,0.593,948.8175,764.2049,0.8661,0.0,0.3406,-0.3531,1236,0.3758,0.4749,0.8409,0,0,0.3436,0.0,0.4231,0.0,0.3722,0.7517,-0.1095,-1.4399972479431908,1.7793195143870357,0.8602893389525449,GBPCPCFC_01019-0,GBPCPCFC_01019-0,Rickettsia endosymbiont of Culicoides impunctatus,2867440,76.0,2.47e-214,605,cellular organisms,131567,Sciaridae,7184,Sciaridae,7184,1,Eumetazoa,6072,107257,108492,GBPCPCFC_01018,GBPCPCFC_01020,mRNA
GBPCPCFC_01020,gnl|Prokka|GBPCPCFC_22,1222,1348403,0.593,948.8175,764.2049,0.8661,0.0,0.3406,-0.3531,1068,0.156,0.2456,0.839,0,0,0.1575,0.0116,0.2141,0.0006,0.3839,1.0867,-0.0048,-1.3750947427970304,0.0642261367010948,0.8348535514647034,GBPCPCFC_01020-0,GBPCPCFC_01020-0,Pseudolycoriella hygida,35572,89.2,8.62e-216,603,cellular organisms,131567,Sciaridae,7184,Sciaridae,7184,1,Eumetazoa,6072,108538,109605,GBPCPCFC_01019,GBPCPCFC_01021,mRNA
GBPCPCFC_01021,gnl|Prokka|GBPCPCFC_22,1222,1348403,0.593,948.8175,764.2049,0.8661,0.0,0.3406,-0.3531,930,-0.0246,0.0573,0.8373,0,0,0.0694,0.2688,0.0371,0.5548,0.3473,0.0416,-0.3313,-1.373079725300054,-1.0943532049623688,0.8003015645523751,GBPCPCFC_01021-0,GBPCPCFC_01021-0,,,,,,,,,,,,0,Unassigned,,109702,110631,GBPCPCFC_01020,GBPCPCFC_01022,mRNA
GBPCPCFC_01022,gnl|Prokka|GBPCPCFC_22,1222,1348403,0.593,948.8175,764.2049,0.8661,0.0,0.3406,-0.3531,249,-0.9157,-0.8722,0.8353,0,0,0.0932,0.1742,0.1104,0.1071,0.3373,-0.243,-0.4203,-1.2199468329228793,-1.6617362183026327,0.9013783017943645,GBPCPCFC_01022-0,GBPCPCFC_01022-0,,,,,,,,,,,,0,Unassigned,,111041,111289,GBPCPCFC_01021,GBPCPCFC_01023,mRNA
GBPCPCFC_01023,gnl|Prokka|GBPCPCFC_22,1222,1348403,0.593,948.8175,764.2049,0.8661,0.0,0.3406,-0.3531,438,-0.6684,-0.6142,0.8349,0,0,0.11,0.0839,0.1692,0.0076,0.3242,-0.6186,-0.5376,-1.2395791588724716,-1.1358369478059274,0.8952682800282014,GBPCPCFC_01023-0,GBPCPCFC_01023-0,Parachlamydia sp. AcF125,2795736,70.4,1.21e-66,209,Bacteria,2,,,Bacteria,2,0,Bacteria,2,111290,111727,GBPCPCFC_01022,GBPCPCFC_01024,mRNA
GBPCPCFC_01024,gnl|Prokka|GBPCPCFC_22,1222,1348403,0.593,948.8175,764.2049,0.8661,0.0,0.3406,-0.3531,762,-0.2445,-0.172,0.8337,0,0,0.1156,0.0647,0.1729,0.0055,0.3399,-0.1702,-0.3975,-1.3058108964327293,-0.6629143643425198,0.8529445929441872,GBPCPCFC_01024-0,GBPCPCFC_01024-0,,,,,,,,,,,,0,Unassigned,,112119,112880,GBPCPCFC_01023,GBPCPCFC_01025,mRNA
GBPCPCFC_01025,gnl|Prokka|GBPCPCFC_22,1222,1348403,0.593,948.8175,764.2049,0.8661,0.0,0.3406,-0.3531,951,0.0029,0.086,0.832,0,0,0.2039,0.001,0.2516,0.0,0.3954,1.4146,0.0976,-1.3691222642136829,0.2281179835114612,0.8382580868754053,GBPCPCFC_01025-0,GBPCPCFC_01025-0,Adelges cooleyi,133065,64.9,1.37e-147,429,Ecdysozoa,1206794,Neoptera,33340,Neoptera,33340,1,Eumetazoa,6072,113249,114199,GBPCPCFC_01024,GBPCPCFC_01026,mRNA
GBPCPCFC_01026,gnl|Prokka|GBPCPCFC_22,1222,1348403,0.593,948.8175,764.2049,0.8661,0.0,0.3406,-0.3531,696,-0.3308,-0.2621,0.8302,0,0,0.1435,0.0238,0.213,0.0007,0.2931,-1.5069,-0.8152,-1.2938990089438271,-0.498646710587563,0.862404612267925,GBPCPCFC_01026-0,GBPCPCFC_01026-0,unclassified Rickettsia,114295,68.6,3.12e-106,316,unclassified Rickettsia,114295,,,Rickettsia,780,0,Alphaproteobacteria,28211,114502,115197,GBPCPCFC_01025,GBPCPCFC_01027,mRNA
GBPCPCFC_01027,gnl|Prokka|GBPCPCFC_22,1222,1348403,0.593,948.8175,764.2049,0.8661,0.0,0.3406,-0.3531,750,-0.2602,-0.1884,0.8291,0,0,0.2107,0.0008,0.1978,0.0018,0.348,0.0613,-0.3252,-1.3628998132442567,-0.19934225358251514,0.8359272699620734,GBPCPCFC_01027-0,GBPCPCFC_01027-0,Pseudolycoriella hygida,35572,91.1,2.22e-147,444,cellular organisms,131567,Sciaridae,7184,Sciaridae,7184,1,Eumetazoa,6072,115197,115946,GBPCPCFC_01026,GBPCPCFC_01028,mRNA
GBPCPCFC_01028,gnl|Prokka|GBPCPCFC_22,1222,1348403,0.593,948.8175,764.2049,0.8661,0.0,0.3406,-0.3531,501,-0.586,-0.5283,0.828,0,0,-0.0238,0.7093,0.0263,0.6798,0.3493,0.0985,-0.3136,-1.2264371056104622,-2.095265622259205,0.8441802918093926,GBPCPCFC_01028-0,GBPCPCFC_01028-0,Rickettsia endosymbiont of Bryobia graminum,2878922,65.0,1.73e-44,154,unclassified Rickettsia,114295,,,Rickettsia,780,0,Alphaproteobacteria,28211,115962,116462,GBPCPCFC_01027,GBPCPCFC_01029,mRNA
GBPCPCFC_01029,gnl|Prokka|GBPCPCFC_22,1222,1348403,0.593,948.8175,764.2049,0.8661,0.0,0.3406,-0.3531,1554,0.7919,0.909,0.8273,0,0,0.1821,0.0034,0.2225,0.0003,0.316,-0.854,-0.6112,-1.4871888398297777,0.8510861137360558,0.746682111673694,GBPCPCFC_01029-0,GBPCPCFC_01029-0,Rickettsia endosymbiont of Bryobia graminum,2878922,63.0,2.59e-202,581,unclassified Rickettsia,114295,,,Rickettsia,780,0,Alphaproteobacteria,28211,116459,118012,GBPCPCFC_01028,GBPCPCFC_01030,mRNA
GBPCPCFC_01030,gnl|Prokka|GBPCPCFC_22,1222,1348403,0.593,948.8175,764.2049,0.8661,0.0,0.3406,-0.3531,1470,0.682,0.7943,0.8249,0,0,0.2693,0.0,0.3068,0.0,0.3109,-0.999,-0.6565,-1.4932962880069522,1.388699475725606,0.7661737434597029,GBPCPCFC_01030-0,GBPCPCFC_01030-0,Rickettsia endosymbiont of Culicoides impunctatus,2867440,76.8,1.78e-248,697,unclassified Rickettsia,114295,,,Rickettsia,780,0,Alphaproteobacteria,28211,118024,119493,GBPCPCFC_01029,GBPCPCFC_01031,mRNA
GBPCPCFC_01031,gnl|Prokka|GBPCPCFC_22,1222,1348403,0.593,948.8175,764.2049,0.8661,0.0,0.3406,-0.3531,1749,1.0471,1.1751,0.8227,0,0,0.4307,0.0,0.4618,0.0,0.2927,-1.5173,-0.8184,-1.5900129296969836,2.9654720540393225,0.7536519222396441,GBPCPCFC_01031-0,GBPCPCFC_01031-0,Rickettsia endosymbiont of Pseudomimeciton antennatum,2878923,52.8,9.47e-176,519,unclassified Rickettsia,114295,,,Rickettsia,780,0,Alphaproteobacteria,28211,119567,121315,GBPCPCFC_01030,GBPCPCFC_01032,mRNA
GBPCPCFC_01032,gnl|Prokka|GBPCPCFC_22,1222,1348403,0.593,948.8175,764.2049,0.8661,0.0,0.3406,-0.3531,2250,1.7027,1.859,0.82,0,0,0.4667,0.0,0.4737,0.0,0.3338,-0.345,-0.4521,-1.7098869414340552,3.830861384793188,0.6837045731003766,GBPCPCFC_01032-0,GBPCPCFC_01032-0,Rickettsia endosymbiont of Culicoides impunctatus,2867440,72.6,0.0,1030,cellular organisms,131567,Eumetazoa,6072,Eumetazoa,6072,1,Eumetazoa,6072,121342,123591,GBPCPCFC_01031,GBPCPCFC_01033,mRNA
GBPCPCFC_01033,gnl|Prokka|GBPCPCFC_22,1222,1348403,0.593,948.8175,764.2049,0.8661,0.0,0.3406,-0.3531,798,-0.1974,-0.1229,0.8165,0,0,0.199,0.0014,0.2876,0.0,0.3195,-0.7515,-0.5791,-1.3201480957738747,0.12580078928549765,0.8350504365042682,GBPCPCFC_01033-0,GBPCPCFC_01033-0,Rickettsia endosymbiont of Cimex lectularius,2698648,68.7,7.60e-105,314,cellular organisms,131567,Sciaridae,7184,Sciaridae,7184,1,Eumetazoa,6072,123749,124546,GBPCPCFC_01032,GBPCPCFC_01034,mRNA
GBPCPCFC_01034,gnl|Prokka|GBPCPCFC_22,1222,1348403,0.593,948.8175,764.2049,0.8661,0.0,0.3406,-0.3531,1410,0.6035,0.7124,0.8152,0,0,0.3159,0.0,0.3656,0.0,0.3645,0.5337,-0.1776,-1.4882604061835643,1.7028069179452212,0.7640018426032517,GBPCPCFC_01034-0,GBPCPCFC_01034-0,Rickettsia endosymbiont of Culicoides impunctatus,2867440,81.4,4.11e-264,735,cellular organisms,131567,Sciaridae,7184,Sciaridae,7184,1,Eumetazoa,6072,124568,125977,GBPCPCFC_01033,GBPCPCFC_01035,mRNA
GBPCPCFC_01035,gnl|Prokka|GBPCPCFC_22,1222,1348403,0.593,948.8175,764.2049,0.8661,0.0,0.3406,-0.3531,1023,0.0971,0.1842,0.8128,0,0,0.042,0.5031,0.0715,0.2542,0.3236,-0.6369,-0.5433,-1.3583322005402618,-0.962706059704954,0.7493764930349087,GBPCPCFC_01035-0,GBPCPCFC_01035-0,Rickettsia endosymbiont of Ixodes scapularis,444612,92.1,9.83e-225,626,spotted fever group,114277,,,spotted fever group,114277,0,Alphaproteobacteria,28211,126202,127224,GBPCPCFC_01034,GBPCPCFC_01036,mRNA
GBPCPCFC_01036,gnl|Prokka|GBPCPCFC_22,1222,1348403,0.593,948.8175,764.2049,0.8661,0.0,0.3406,-0.3531,774,-0.2288,-0.1556,0.8112,0,0,0.0881,0.1601,0.0726,0.247,0.3695,0.6757,-0.1332,-1.3437022904491056,-1.1036395300598272,0.7686050541133277,GBPCPCFC_01036-0,GBPCPCFC_01036-0,Rickettsia endosymbiont of Labidopullus appendiculatus,2878921,55.3,7.61e-93,283,unclassified Rickettsia,114295,,,Rickettsia,780,0,Alphaproteobacteria,28211,127284,128057,GBPCPCFC_01035,GBPCPCFC_01037,mRNA
GBPCPCFC_01037,gnl|Prokka|GBPCPCFC_22,1222,1348403,0.593,948.8175,764.2049,0.8661,0.0,0.3406,-0.3531,765,-0.2405,-0.1679,0.81,0,0,0.1612,0.0098,0.2232,0.0003,0.3477,0.0531,-0.3278,-1.3197383779933027,-0.2957906475650562,0.8077704889284556,GBPCPCFC_01037-0,GBPCPCFC_01037-0,Rickettsia endosymbiont of Cimex lectularius,2698648,70.0,1.62e-117,346,cellular organisms,131567,Protostomia,33317,Protostomia,33317,1,Eumetazoa,6072,128115,128879,GBPCPCFC_01036,GBPCPCFC_01038,mRNA
GBPCPCFC_01038,gnl|Prokka|GBPCPCFC_22,1222,1348403,0.593,948.8175,764.2049,0.8661,0.0,0.3406,-0.3531,750,-0.2602,-0.1884,0.8088,0,0,0.1221,0.0511,0.1132,0.0706,0.372,0.7469,-0.111,-1.3441447174733605,-0.8556103317641931,0.7745084726157305,GBPCPCFC_01038-0,GBPCPCFC_01038-0,Rickettsia endosymbiont of Pseudomimeciton antennatum,2878923,75.9,5.19e-128,373,cellular organisms,131567,Sciaridae,7184,Sciaridae,7184,1,Eumetazoa,6072,128880,129629,GBPCPCFC_01037,GBPCPCFC_01039,mRNA
GBPCPCFC_01039,gnl|Prokka|GBPCPCFC_22,1222,1348403,0.593,948.8175,764.2049,0.8661,0.0,0.3406,-0.3531,693,-0.3347,-0.2662,0.8073,0,0,0.1336,0.0326,0.0875,0.1626,0.3218,-0.6875,-0.5591,-1.355067602004834,-0.9727368710312455,0.7668359311329542,GBPCPCFC_01039-0,GBPCPCFC_01039-0,Rickettsia endosymbiont of Labidopullus appendiculatus,2878921,71.6,1.39e-116,342,Rickettsia,780,,,Rickettsia,780,0,Alphaproteobacteria,28211,129904,130596,GBPCPCFC_01038,GBPCPCFC_01040,mRNA
GBPCPCFC_01040,gnl|Prokka|GBPCPCFC_22,1222,1348403,0.593,948.8175,764.2049,0.8661,0.0,0.3406,-0.3531,573,-0.4918,-0.43,0.8063,0,0,0.1603,0.0102,0.2659,0.0,0.3351,-0.3078,-0.4405,-1.2601870218174287,-0.4118906727682203,0.8382921360210972,GBPCPCFC_01040-0,GBPCPCFC_01040-0,Rickettsia endosymbiont of Cimex lectularius,2698648,70.1,4.66e-85,259,unclassified Rickettsia,114295,,,Rickettsia,780,0,Alphaproteobacteria,28211,130596,131168,GBPCPCFC_01039,GBPCPCFC_01041,mRNA
GBPCPCFC_01041,gnl|Prokka|GBPCPCFC_22,1222,1348403,0.593,948.8175,764.2049,0.8661,0.0,0.3406,-0.3531,1098,0.1952,0.2866,0.8054,0,0,0.124,0.0476,0.1046,0.0949,0.3488,0.0846,-0.3179,-1.419085856759047,-0.40777912420002854,0.7204221982226152,GBPCPCFC_01041-0,GBPCPCFC_01041-0,Noviherbaspirillum saxi,2320863,32.0,1.70e-09,69.7,cellular organisms,131567,Opisthokonta,33154,Opisthokonta,33154,1,Opisthokonta,33154,131195,132292,GBPCPCFC_01040,GBPCPCFC_01042,mRNA
GBPCPCFC_01042,gnl|Prokka|GBPCPCFC_22,1222,1348403,0.593,948.8175,764.2049,0.8661,0.0,0.3406,-0.3531,1341,0.5132,0.6183,0.8037,0,0,0.4015,0.0,0.3961,0.0,0.3721,0.75,-0.11,-1.5256170034811019,2.0699966692424066,0.7417173849283248,GBPCPCFC_01042-0,GBPCPCFC_01042-0,Pseudolycoriella hygida,35572,79.8,1.96e-249,696,cellular organisms,131567,Sciaridae,7184,Sciaridae,7184,1,Eumetazoa,6072,132324,133664,GBPCPCFC_01041,GBPCPCFC_01043,mRNA
GBPCPCFC_01043,gnl|Prokka|GBPCPCFC_22,1222,1348403,0.593,948.8175,764.2049,0.8661,0.0,0.3406,-0.3531,348,-0.7862,-0.7371,0.8016,0,0,0.2433,0.0001,0.223,0.0003,0.3678,0.6274,-0.1483,-1.3011705740449637,-0.5179355933608072,0.8251406752516681,GBPCPCFC_01043-0,GBPCPCFC_01043-0,Rickettsia endosymbiont of Cimex lectularius,2698648,68.1,6.23e-36,129,unclassified Rickettsia,114295,,,Rickettsia,780,0,Alphaproteobacteria,28211,133739,134086,GBPCPCFC_01042,GBPCPCFC_01044,mRNA
GBPCPCFC_01044,gnl|Prokka|GBPCPCFC_22,1222,1348403,0.593,948.8175,764.2049,0.8661,0.0,0.3406,-0.3531,669,-0.3662,-0.299,0.8012,0,0,0.207,0.001,0.2475,0.0001,0.3333,-0.3577,-0.4561,-1.3245762358282955,-0.15143186266500824,0.7998557308176114,GBPCPCFC_01044-0,GBPCPCFC_01044-0,Rickettsia endosymbiont of Oedothorax gibbosus,931099,63.1,3.40e-93,283,unclassified Rickettsia,114295,,,Rickettsia,780,0,Alphaproteobacteria,28211,134025,134693,GBPCPCFC_01043,GBPCPCFC_01045,mRNA
GBPCPCFC_01045,gnl|Prokka|GBPCPCFC_22,1222,1348403,0.593,948.8175,764.2049,0.8661,0.0,0.3406,-0.3531,1182,0.3051,0.4012,0.7998,0,0,0.2141,0.0006,0.2761,0.0,0.3832,1.0682,-0.0106,-1.4163188218007472,0.6676326765516254,0.7424852389004631,GBPCPCFC_01045-0,GBPCPCFC_01045-0,Rickettsia endosymbiont of Cimex lectularius,2698648,79.4,5.94e-223,625,cellular organisms,131567,Sciaridae,7184,Sciaridae,7184,1,Eumetazoa,6072,134950,136131,GBPCPCFC_01044,GBPCPCFC_01046,mRNA
GBPCPCFC_01046,gnl|Prokka|GBPCPCFC_22,1222,1348403,0.593,948.8175,764.2049,0.8661,0.0,0.3406,-0.3531,267,-0.8922,-0.8476,0.7981,0,0,0.1147,0.1376,0.1705,0.0266,0.2397,-3.0325,-1.2918,-1.2165308461508382,-1.3402258495046981,0.8310052525454066,GBPCPCFC_01046-0,GBPCPCFC_01046-0,unclassified Rickettsia,114295,70.5,3.41e-28,107,unclassified Rickettsia,114295,,,Rickettsia,780,0,Alphaproteobacteria,28211,136134,136400,GBPCPCFC_01045,GBPCPCFC_01047,mRNA
GBPCPCFC_01047,gnl|Prokka|GBPCPCFC_22,1222,1348403,0.593,948.8175,764.2049,0.8661,0.0,0.3406,-0.3531,1359,0.5367,0.6428,0.7977,0,0,0.1204,0.0543,0.1567,0.0121,0.3385,-0.2106,-0.4101,-1.4425796937481483,0.10854084526700797,0.6897467140350342,GBPCPCFC_01047-0,GBPCPCFC_01047-0,Rickettsia endosymbiont of Pseudomimeciton antennatum,2878923,74.9,1.14e-250,701,unclassified Rickettsia,114295,,,Rickettsia,780,0,Alphaproteobacteria,28211,136397,137755,GBPCPCFC_01046,GBPCPCFC_01048,mRNA
GBPCPCFC_01048,gnl|Prokka|GBPCPCFC_22,1222,1348403,0.593,948.8175,764.2049,0.8661,0.0,0.3406,-0.3531,102,-1.1081,-1.0729,0.7956,0,0,0.0083,0.9207,0.0645,0.4363,0.3235,-0.6378,-0.5436,-1.1592911895838853,-2.3668515545849815,0.8264238121668871,GBPCPCFC_01048-0,GBPCPCFC_01048-0,,,,,,,,,,,,0,Unassigned,,137811,137912,GBPCPCFC_01047,GBPCPCFC_01049,mRNA
GBPCPCFC_01049,gnl|Prokka|GBPCPCFC_22,1222,1348403,0.593,948.8175,764.2049,0.8661,0.0,0.3406,-0.3531,438,-0.6684,-0.6142,0.7949,0,0,0.1031,0.1053,0.174,0.006,0.3242,-0.6186,-0.5376,-1.2403127879368536,-1.1456180157325158,0.8058823957700847,GBPCPCFC_01049-0,GBPCPCFC_01049-0,Parachlamydia sp. AcF125,2795736,70.4,1.21e-66,209,Bacteria,2,,,Bacteria,2,0,Bacteria,2,138258,138695,GBPCPCFC_01048,GBPCPCFC_01050,mRNA
GBPCPCFC_01050,gnl|Prokka|GBPCPCFC_22,1222,1348403,0.593,948.8175,764.2049,0.8661,0.0,0.3406,-0.3531,1224,0.3601,0.4586,0.7941,0,0,0.1907,0.0022,0.199,0.0014,0.3554,0.2725,-0.2592,-1.4477853814072124,0.3632191834125899,0.7007482413331039,GBPCPCFC_01050-0,GBPCPCFC_01050-0,Candidatus Dojkabacteria bacterium CG_4_10_14_0_2_um_filter_Dojkabacteria_WS6_41_15,2014249,55.8,7.37e-162,472,cellular organisms,131567,cellular organisms,131567,cellular organisms,131567,1,cellular organisms,131567,138787,140010,GBPCPCFC_01049,GBPCPCFC_01051,mRNA
GBPCPCFC_01051,gnl|Prokka|GBPCPCFC_22,1222,1348403,0.593,948.8175,764.2049,0.8661,0.0,0.3406,-0.3531,282,-0.8726,-0.8272,0.792,0,0,-0.0815,0.2634,-0.0554,0.4478,0.3191,-0.7629,-0.5827,-1.1896025346668353,-2.907768379166788,0.7690459794163145,GBPCPCFC_01051-0,GBPCPCFC_01051-0,Rickettsia endosymbiont of Oxypoda opaca,2866308,91.7,5.19e-38,133,root,1,cellular organisms,131567,cellular organisms,131567,1,cellular organisms,131567,140218,140499,GBPCPCFC_01050,GBPCPCFC_01052,mRNA
GBPCPCFC_01052,gnl|Prokka|GBPCPCFC_22,1222,1348403,0.593,948.8175,764.2049,0.8661,0.0,0.3406,-0.3531,2070,1.4671,1.6133,0.7914,0,0,0.2375,0.0001,0.2624,0.0,0.3271,-0.5371,-0.5121,-1.6171392901117192,1.915227357833351,0.6048226086700933,GBPCPCFC_01052-0,GBPCPCFC_01052-0,Gammaproteobacteria bacterium,1913989,29.1,8.53e-33,146,Gammaproteobacteria,1236,,,Gammaproteobacteria,1236,0,Gammaproteobacteria,1236,140606,142675,GBPCPCFC_01051,GBPCPCFC_01053,mRNA
GBPCPCFC_01053,gnl|Prokka|GBPCPCFC_22,1222,1348403,0.593,948.8175,764.2049,0.8661,0.0,0.3406,-0.3531,1095,0.1913,0.2825,0.7883,0,0,0.1185,0.0583,0.1037,0.0978,0.3699,0.6858,-0.1301,-1.4184029317063016,-0.43683128105647656,0.6819935183832339,GBPCPCFC_01053-0,GBPCPCFC_01053-0,Rickettsia bellii,33990,92.9,1.18e-250,692,cellular organisms,131567,Arthropoda,6656,Arthropoda,6656,1,Eumetazoa,6072,142745,143839,GBPCPCFC_01052,GBPCPCFC_01054,mRNA
GBPCPCFC_01054,gnl|Prokka|GBPCPCFC_22,1222,1348403,0.593,948.8175,764.2049,0.8661,0.0,0.3406,-0.3531,216,-0.9589,-0.9173,0.7867,0,0,0.0359,0.6081,0.0519,0.4589,0.2824,-1.8125,-0.9106,-1.2106642083815145,-2.1419395751214587,0.7825546179668863,GBPCPCFC_01054-0,GBPCPCFC_01054-0,Rickettsia endosymbiont of Bryobia graminum,2878922,74.1,1.49e-19,91.7,Rickettsiales,766,,,Rickettsiales,766,0,Alphaproteobacteria,28211,143834,144049,GBPCPCFC_01053,GBPCPCFC_01055,mRNA
GBPCPCFC_01055,gnl|Prokka|GBPCPCFC_22,1222,1348403,0.593,948.8175,764.2049,0.8661,0.0,0.3406,-0.3531,1905,1.2512,1.3881,0.7863,0,0,0.3598,0.0,0.3728,0.0,0.3454,-0.0128,-0.3483,-1.62078453024746,2.578501859134545,0.6312189211229934,GBPCPCFC_01055-0,GBPCPCFC_01055-0,,,,,,,,,,,,0,Unassigned,,144076,145980,GBPCPCFC_01054,GBPCPCFC_01056,mRNA
GBPCPCFC_01056,gnl|Prokka|GBPCPCFC_22,1222,1348403,0.593,948.8175,764.2049,0.8661,0.0,0.3406,-0.3531,1524,0.7527,0.868,0.7829,0,0,0.1245,0.0466,0.1719,0.0058,0.3268,-0.5451,-0.5147,-1.4733516443748154,0.4006835070201963,0.6400352687593848,GBPCPCFC_01056-0,GBPCPCFC_01056-0,,,,,,,,,,,,0,Unassigned,,146360,147883,GBPCPCFC_01055,GBPCPCFC_01057,mRNA
GBPCPCFC_01057,gnl|Prokka|GBPCPCFC_22,1222,1348403,0.593,948.8175,764.2049,0.8661,0.0,0.3406,-0.3531,213,-0.9629,-0.9213,0.7801,0,0,-0.0137,0.8632,-0.0289,0.7158,0.2958,-1.4306,-0.7913,-1.2157575039727364,-2.6280307081097654,0.747548153254094,GBPCPCFC_01057-0,GBPCPCFC_01057-0,,,,,,,,,,,,0,Unassigned,,148253,148465,GBPCPCFC_01056,GBPCPCFC_01058,mRNA
GBPCPCFC_01058,gnl|Prokka|GBPCPCFC_22,1222,1348403,0.593,948.8175,764.2049,0.8661,0.0,0.3406,-0.3531,1095,0.1913,0.2825,0.7793,0,0,0.1185,0.0583,0.1037,0.0978,0.3699,0.6858,-0.1301,-1.4202850083789982,-0.4363069287363855,0.6612227826632132,GBPCPCFC_01058-0,GBPCPCFC_01058-0,Rickettsia bellii,33990,92.9,1.18e-250,692,cellular organisms,131567,Arthropoda,6656,Arthropoda,6656,1,Eumetazoa,6072,148819,149913,GBPCPCFC_01057,GBPCPCFC_01059,mRNA
GBPCPCFC_01059,gnl|Prokka|GBPCPCFC_22,1222,1348403,0.593,948.8175,764.2049,0.8661,0.0,0.3406,-0.3531,873,-0.0992,-0.0205,0.7773,0,0,0.2838,0.0,0.2512,0.0001,0.3173,-0.8158,-0.5992,-1.4252887722970353,0.45563123392598015,0.7074169388242556,GBPCPCFC_01059-0,GBPCPCFC_01059-0,Acidobacteriota bacterium,1978231,32.3,2.68e-05,57.8,cellular organisms,131567,Endopterygota,33392,Endopterygota,33392,1,Eumetazoa,6072,150125,150997,GBPCPCFC_01058,GBPCPCFC_01060,mRNA
GBPCPCFC_01060,gnl|Prokka|GBPCPCFC_22,1222,1348403,0.593,948.8175,764.2049,0.8661,0.0,0.3406,-0.3531,1851,1.1806,1.3144,0.7752,0,0,0.1441,0.0211,0.1777,0.0043,0.3371,-0.2497,-0.4223,-1.5509547074755325,0.9433678010325576,0.5806049609967855,GBPCPCFC_01060-0,GBPCPCFC_01060-0,Rickettsia endosymbiont of Cimex lectularius,2698648,72.7,0.0,904,unclassified Rickettsia,114295,,,Rickettsia,780,0,Alphaproteobacteria,28211,151546,153396,GBPCPCFC_01059,GBPCPCFC_01061,mRNA
GBPCPCFC_01061,gnl|Prokka|GBPCPCFC_22,1222,1348403,0.593,948.8175,764.2049,0.8661,0.0,0.3406,-0.3531,606,-0.4486,-0.3849,0.7723,0,0,0.031,0.6268,0.0695,0.2753,0.3317,-0.4048,-0.4708,-1.277646037101088,-1.5748750308211914,0.7084290997800715,GBPCPCFC_01061-0,GBPCPCFC_01061-0,Rickettsia massiliae,35791,79.7,1.92e-115,340,Bacteria,2,,,Bacteria,2,0,Bacteria,2,153529,154134,GBPCPCFC_01060,GBPCPCFC_01062,mRNA
GBPCPCFC_01062,gnl|Prokka|GBPCPCFC_22,1222,1348403,0.593,948.8175,764.2049,0.8661,0.0,0.3406,-0.3531,108,-1.1003,-1.0647,0.7713,0,0,-0.0456,0.5952,0.0197,0.8186,0.287,-1.6802,-0.8693,-1.1481199137018152,-2.7346965668585823,0.7631586665033154,GBPCPCFC_01062-0,GBPCPCFC_01062-0,Acinetobacter sp.,472,73.3,5.83e-06,51.6,Pseudomonadota,1224,,,Pseudomonadota,1224,0,Pseudomonadota,1224,154179,154286,GBPCPCFC_01061,GBPCPCFC_01063,mRNA
GBPCPCFC_01063,gnl|Prokka|GBPCPCFC_22,1222,1348403,0.593,948.8175,764.2049,0.8661,0.0,0.3406,-0.3531,291,-0.8608,-0.8149,0.7711,0,0,-0.1326,0.037,-0.1149,0.0709,0.3471,0.035,-0.3334,-1.1879557565829033,-3.310494195301014,0.7075019734515412,GBPCPCFC_01063-0,GBPCPCFC_01063-0,endosymbiont of Acanthamoeba sp. UWC8,86106,77.9,6.52e-39,135,Pseudomonadota,1224,,,Pseudomonadota,1224,0,Pseudomonadota,1224,154334,154624,GBPCPCFC_01062,GBPCPCFC_01064,mRNA
GBPCPCFC_01064,gnl|Prokka|GBPCPCFC_22,1222,1348403,0.593,948.8175,764.2049,0.8661,0.0,0.3406,-0.3531,1845,1.1727,1.3062,0.7703,0,0,0.2045,0.001,0.2335,0.0002,0.3366,-0.2648,-0.4271,-1.5674203941454383,1.3770731463610675,0.5793353584113573,GBPCPCFC_01064-0,GBPCPCFC_01064-0,Rickettsia endosymbiont of Cimex lectularius,2698648,72.5,0.0,892,unclassified Rickettsia,114295,,,Rickettsia,780,0,Alphaproteobacteria,28211,154832,156676,GBPCPCFC_01063,GBPCPCFC_01065,mRNA
GBPCPCFC_01065,gnl|Prokka|GBPCPCFC_22,1222,1348403,0.593,948.8175,764.2049,0.8661,0.0,0.3406,-0.3531,1095,0.1913,0.2825,0.7675,0,0,0.1185,0.0583,0.1037,0.0978,0.3699,0.6858,-0.1301,-1.4227526200165337,-0.43561944458337737,0.6339900402747415,GBPCPCFC_01065-0,GBPCPCFC_01065-0,Rickettsia bellii,33990,92.9,1.18e-250,692,cellular organisms,131567,Arthropoda,6656,Arthropoda,6656,1,Eumetazoa,6072,156766,157860,GBPCPCFC_01064,GBPCPCFC_01066,mRNA
GBPCPCFC_01066,gnl|Prokka|GBPCPCFC_22,1222,1348403,0.593,948.8175,764.2049,0.8661,0.0,0.3406,-0.3531,219,-0.955,-0.9132,0.7658,0,0,0.0005,0.9946,0.0288,0.6935,0.2831,-1.7925,-0.9044,-1.200956858146575,-2.362500219113555,0.7319298070502089,GBPCPCFC_01066-0,GBPCPCFC_01066-0,Rickettsia massiliae,35791,86.8,4.25e-35,130,Bacteria,2,,,Bacteria,2,0,Bacteria,2,157912,158130,GBPCPCFC_01065,GBPCPCFC_01067,mRNA
GBPCPCFC_01067,gnl|Prokka|GBPCPCFC_22,1222,1348403,0.593,948.8175,764.2049,0.8661,0.0,0.3406,-0.3531,1023,0.0971,0.1842,0.765,0,0,0.0448,0.4754,0.072,0.2509,0.3245,-0.609,-0.5346,-1.3701695906320341,-0.9466045018056012,0.6387457542662464,GBPCPCFC_01067-0,GBPCPCFC_01067-0,Rickettsia endosymbiont of Ixodes scapularis,444612,92.4,1.70e-225,628,spotted fever group,114277,,,spotted fever group,114277,0,Alphaproteobacteria,28211,158448,159470,GBPCPCFC_01066,GBPCPCFC_01068,mRNA
GBPCPCFC_01068,gnl|Prokka|GBPCPCFC_22,1222,1348403,0.593,948.8175,764.2049,0.8661,0.0,0.3406,-0.3531,444,-0.6606,-0.6061,0.7634,0,0,-0.0628,0.3316,-0.0411,0.525,0.2973,-1.3871,-0.7777,-1.2341023703182015,-2.561068615902457,0.6849038733741424,GBPCPCFC_01068-0,GBPCPCFC_01068-0,Rickettsia endosymbiont of Oedothorax gibbosus,931099,94.3,1.13e-75,241,Pseudomonadota,1224,,,Pseudomonadota,1224,0,Pseudomonadota,1224,159502,159945,GBPCPCFC_01067,GBPCPCFC_01069,mRNA
GBPCPCFC_01069,gnl|Prokka|GBPCPCFC_22,1222,1348403,0.593,948.8175,764.2049,0.8661,0.0,0.3406,-0.3531,438,-0.6684,-0.6142,0.7628,0,0,0.11,0.0839,0.1692,0.0076,0.3242,-0.6186,-0.5376,-1.2546566842170728,-1.1316363031083094,0.7288716083155908,GBPCPCFC_01069-0,GBPCPCFC_01069-0,Parachlamydia sp. AcF125,2795736,70.4,1.21e-66,209,Bacteria,2,,,Bacteria,2,0,Bacteria,2,159946,160383,GBPCPCFC_01068,GBPCPCFC_01070,mRNA
GBPCPCFC_01070,gnl|Prokka|GBPCPCFC_22,1222,1348403,0.593,948.8175,764.2049,0.8661,0.0,0.3406,-0.3531,330,-0.8098,-0.7617,0.7612,0,0,0.1004,0.1208,0.1421,0.0278,0.3545,0.2483,-0.2668,-1.240481558181967,-1.409808470499529,0.7304728145272127,GBPCPCFC_01070-0,GBPCPCFC_01070-0,Rickettsia endosymbiont of Oedothorax gibbosus,931099,92.4,8.96e-62,204,Rickettsiaceae,775,,,Rickettsiaceae,775,0,Alphaproteobacteria,28211,160974,161303,GBPCPCFC_01069,GBPCPCFC_01071,mRNA
GBPCPCFC_01071,gnl|Prokka|GBPCPCFC_22,1222,1348403,0.593,948.8175,764.2049,0.8661,0.0,0.3406,-0.3531,237,-0.9314,-0.8886,0.7605,0,0,0.1657,0.0266,0.1768,0.0179,0.2996,-1.322,-0.7574,-1.2535022221299184,-1.1452632674068965,0.74113815468421,GBPCPCFC_01071-0,GBPCPCFC_01071-0,Rickettsia endosymbiont of Oedothorax gibbosus,931099,88.5,2.83e-39,136,Rickettsia,780,,,Rickettsia,780,0,Alphaproteobacteria,28211,161451,161687,GBPCPCFC_01070,GBPCPCFC_01072,mRNA
GBPCPCFC_01072,gnl|Prokka|GBPCPCFC_22,1222,1348403,0.593,948.8175,764.2049,0.8661,0.0,0.3406,-0.3531,1845,1.1727,1.3062,0.7598,0,0,0.2132,0.0006,0.2554,0.0,0.3409,-0.1409,-0.3884,-1.5649043499845998,1.4888981310144913,0.5613830044856932,GBPCPCFC_01072-0,GBPCPCFC_01072-0,Rickettsia endosymbiont of Cimex lectularius,2698648,71.3,1.07e-312,870,Bacteria,2,,,Bacteria,2,0,Bacteria,2,161948,163792,GBPCPCFC_01071,GBPCPCFC_01073,mRNA
GBPCPCFC_01073,gnl|Prokka|GBPCPCFC_22,1222,1348403,0.593,948.8175,764.2049,0.8661,0.0,0.3406,-0.3531,77,-1.1408,-1.107,0.7565,0,0,-0.1691,0.0787,-0.1369,0.1559,0.6104,7.5568,2.0167,-1.132887931366451,-3.824895785238286,0.6987237933012368,GBPCPCFC_01073-0,GBPCPCFC_01073-0,,,,,,,,,,,,0,Unassigned,,164201,164277,GBPCPCFC_01072,GBPCPCFC_01074,mRNA
GBPCPCFC_01074,gnl|Prokka|GBPCPCFC_22,1222,1348403,0.593,948.8175,764.2049,0.8661,0.0,0.3406,-0.3531,660,-0.3779,-0.3112,0.7556,0,0,0.1685,0.0078,0.174,0.006,0.3515,0.1617,-0.2938,-1.3411580053004637,-0.5730788117551446,0.6763418890303463,GBPCPCFC_01074-0,GBPCPCFC_01074-0,Rickettsia endosymbiont of Bryobia graminum,2878922,81.3,2.59e-130,377,unclassified Rickettsia,114295,,,Rickettsia,780,0,Alphaproteobacteria,28211,164786,165445,GBPCPCFC_01073,GBPCPCFC_01075,mRNA
GBPCPCFC_01075,gnl|Prokka|GBPCPCFC_22,1222,1348403,0.593,948.8175,764.2049,0.8661,0.0,0.3406,-0.3531,429,-0.6802,-0.6265,0.7546,0,0,0.1433,0.0218,0.1905,0.0022,0.3427,-0.0913,-0.3729,-1.2686411050556956,-0.9320775037362766,0.7127649888133777,GBPCPCFC_01075-0,GBPCPCFC_01075-0,Rickettsia endosymbiont of Labidopullus appendiculatus,2878921,85.0,2.17e-72,223,cellular organisms,131567,Sciaridae,7184,Sciaridae,7184,1,Eumetazoa,6072,165456,165884,GBPCPCFC_01074,GBPCPCFC_01076,mRNA
GBPCPCFC_01076,gnl|Prokka|GBPCPCFC_22,1222,1348403,0.593,948.8175,764.2049,0.8661,0.0,0.3406,-0.3531,1362,0.5407,0.6469,0.7533,0,0,0.3829,0.0,0.4013,0.0,0.4097,1.8236,0.2254,-1.5236688561624778,2.04187619677546,0.6279728888866417,GBPCPCFC_01076-0,GBPCPCFC_01076-0,Rickettsia endosymbiont of Culicoides newsteadi,1961830,79.2,3.25e-238,669,cellular organisms,131567,Sciaridae,7184,Sciaridae,7184,1,Eumetazoa,6072,166304,167665,GBPCPCFC_01075,GBPCPCFC_01077,mRNA
GBPCPCFC_01077,gnl|Prokka|GBPCPCFC_22,1222,1348403,0.593,948.8175,764.2049,0.8661,0.0,0.3406,-0.3531,573,-0.4918,-0.43,0.7506,0,0,0.1424,0.0226,0.2359,0.0001,0.349,0.091,-0.3159,-1.2738074162450923,-0.585776809846174,0.702195621162706,GBPCPCFC_01077-0,GBPCPCFC_01077-0,,,,,,,,,,,,0,Unassigned,,168161,168733,GBPCPCFC_01076,GBPCPCFC_01078,mRNA
GBPCPCFC_01078,gnl|Prokka|GBPCPCFC_22,1222,1348403,0.593,948.8175,764.2049,0.8661,0.0,0.3406,-0.3531,4572,4.7411,5.0283,0.7492,0,0,0.4616,0.0,0.4512,0.0,0.442,2.7476,0.5141,-2.1887311530558238,6.867239708330892,0.227445669481558,GBPCPCFC_01078-0,GBPCPCFC_01078-0,Rickettsia endosymbiont of Culicoides newsteadi,1961830,46.5,1.48e-78,288,unclassified Rickettsia,114295,,,Rickettsia,780,0,Alphaproteobacteria,28211,169064,173635,GBPCPCFC_01077,GBPCPCFC_01079,mRNA
GBPCPCFC_01079,gnl|Prokka|GBPCPCFC_22,1222,1348403,0.593,948.8175,764.2049,0.8661,0.0,0.3406,-0.3531,2334,1.8126,1.9736,0.7422,0,0,0.3678,0.0,0.3977,0.0,0.3976,1.4782,0.1175,-1.707528608229981,3.277935818616683,0.4841457134450055,GBPCPCFC_01079-0,GBPCPCFC_01079-0,Rickettsia conorii,781,26.4,2.51e-30,138,Rickettsia,780,,,Rickettsia,780,0,Alphaproteobacteria,28211,173820,176153,GBPCPCFC_01078,GBPCPCFC_01080,mRNA
GBPCPCFC_01080,gnl|Prokka|GBPCPCFC_22,1222,1348403,0.593,948.8175,764.2049,0.8661,0.0,0.3406,-0.3531,1881,1.2198,1.3553,0.7383,0,0,0.3374,0.0,0.3865,0.0,0.378,0.918,-0.0575,-1.602299891623518,2.503190230146859,0.5322260174402551,GBPCPCFC_01080-0,GBPCPCFC_01080-0,Rickettsia endosymbiont of Cimex lectularius,2698648,85.0,0.0,1014,cellular organisms,131567,Sciaridae,7184,Sciaridae,7184,1,Eumetazoa,6072,176410,178290,GBPCPCFC_01079,GBPCPCFC_01081,mRNA
GBPCPCFC_01081,gnl|Prokka|GBPCPCFC_22,1222,1348403,0.593,948.8175,764.2049,0.8661,0.0,0.3406,-0.3531,1125,0.2305,0.3234,0.735,0,0,0.3569,0.0,0.3957,0.0,0.376,0.8611,-0.0753,-1.4643451331090187,1.5968970116362649,0.6174256803610302,GBPCPCFC_01081-0,GBPCPCFC_01081-0,Pseudolycoriella hygida,35572,81.0,2.18e-213,599,cellular organisms,131567,Sciaridae,7184,Sciaridae,7184,1,Eumetazoa,6072,178632,179756,GBPCPCFC_01080,GBPCPCFC_01082,mRNA
GBPCPCFC_01082,gnl|Prokka|GBPCPCFC_22,1222,1348403,0.593,948.8175,764.2049,0.8661,0.0,0.3406,-0.3531,627,-0.4211,-0.3563,0.7332,0,0,0.1439,0.0213,0.1589,0.0109,0.3238,-0.6311,-0.5415,-1.328682522126242,-0.7698400994380087,0.627629738186099,GBPCPCFC_01082-0,GBPCPCFC_01082-0,spotted fever group,114277,75.0,7.12e-92,291,Rickettsia,780,,,Rickettsia,780,0,Alphaproteobacteria,28211,179907,180533,GBPCPCFC_01081,GBPCPCFC_01083,mRNA
GBPCPCFC_01083,gnl|Prokka|GBPCPCFC_22,1222,1348403,0.593,948.8175,764.2049,0.8661,0.0,0.3406,-0.3531,438,-0.6684,-0.6142,0.7322,0,0,0.1216,0.0559,0.1824,0.0039,0.3219,-0.6838,-0.558,-1.2629780403716668,-1.036487097272153,0.6609162759682711,GBPCPCFC_01083-0,GBPCPCFC_01083-0,Parachlamydia sp. AcF125,2795736,70.4,1.21e-66,209,Bacteria,2,,,Bacteria,2,0,Bacteria,2,180534,180971,GBPCPCFC_01082,GBPCPCFC_01084,mRNA
GBPCPCFC_01084,gnl|Prokka|GBPCPCFC_22,1222,1348403,0.593,948.8175,764.2049,0.8661,0.0,0.3406,-0.3531,1095,0.1913,0.2825,0.7307,0,0,0.1185,0.0583,0.1037,0.0978,0.3699,0.6858,-0.1301,-1.430448222411559,-0.43347542620789425,0.5490608097751012,GBPCPCFC_01084-0,GBPCPCFC_01084-0,Rickettsia bellii,33990,92.9,1.18e-250,692,cellular organisms,131567,Arthropoda,6656,Arthropoda,6656,1,Eumetazoa,6072,181561,182655,GBPCPCFC_01083,GBPCPCFC_01085,mRNA
GBPCPCFC_01085,gnl|Prokka|GBPCPCFC_22,1222,1348403,0.593,948.8175,764.2049,0.8661,0.0,0.3406,-0.3531,1230,0.3679,0.4668,0.7291,0,0,0.1428,0.0223,0.1706,0.0062,0.3122,-0.9615,-0.6448,-1.4412108937610162,0.0788944398807486,0.5483469421149283,GBPCPCFC_01085-0,GBPCPCFC_01085-0,spotted fever group,114277,82.1,5.36e-230,652,Rickettsia,780,,,Rickettsia,780,0,Alphaproteobacteria,28211,182650,183879,GBPCPCFC_01084,GBPCPCFC_01086,mRNA
GBPCPCFC_01086,gnl|Prokka|GBPCPCFC_22,1222,1348403,0.593,948.8175,764.2049,0.8661,0.0,0.3406,-0.3531,1797,1.1099,1.2407,0.7269,0,0,0.2263,0.0003,0.3234,0.0,0.3333,-0.3577,-0.4561,-1.537301132171697,1.7138341315788794,0.5133045286601416,GBPCPCFC_01086-0,GBPCPCFC_01086-0,Rickettsia endosymbiont of Cimex lectularius,2698648,68.7,3.83e-266,751,unclassified Rickettsia,114295,,,Rickettsia,780,0,Alphaproteobacteria,28211,184112,185908,GBPCPCFC_01085,GBPCPCFC_01087,mRNA
GBPCPCFC_01087,gnl|Prokka|GBPCPCFC_22,1222,1348403,0.593,948.8175,764.2049,0.8661,0.0,0.3406,-0.3531,75,-1.1434,-1.1097,0.7241,0,0,-0.0286,0.7229,-0.0372,0.6447,0.5333,5.3556,1.3289,-1.1934336973647546,-2.901136034650101,0.6349673045888916,GBPCPCFC_01087-0,GBPCPCFC_01087-0,,,,,,,,,,,,0,Unassigned,,186044,186118,GBPCPCFC_01086,GBPCPCFC_01088,mRNA
GBPCPCFC_01088,gnl|Prokka|GBPCPCFC_22,1222,1348403,0.593,948.8175,764.2049,0.8661,0.0,0.3406,-0.3531,336,-0.8019,-0.7535,0.7236,0,0,0.0675,0.2975,0.0921,0.1551,0.4524,3.0431,0.6064,-1.2505333192658312,-1.707196681601371,0.6308813863611694,GBPCPCFC_01088-0,GBPCPCFC_01088-0,unclassified Rickettsia,114295,84.7,4.11e-58,185,cellular organisms,131567,Sciaridae,7184,Sciaridae,7184,1,Eumetazoa,6072,186341,186676,GBPCPCFC_01087,GBPCPCFC_01089,mRNA
GBPCPCFC_01089,gnl|Prokka|GBPCPCFC_22,1222,1348403,0.593,948.8175,764.2049,0.8661,0.0,0.3406,-0.3531,171,-1.0178,-0.9787,0.7231,0,0,0.0689,0.3262,0.0814,0.2457,0.345,-0.0236,-0.3517,-1.224732935497581,-1.9607422737154365,0.6459945252323783,GBPCPCFC_01089-0,GBPCPCFC_01089-0,unclassified Rickettsia,114295,96.4,1.94e-29,108,Alphaproteobacteria,28211,,,Alphaproteobacteria,28211,0,Alphaproteobacteria,28211,186706,186876,GBPCPCFC_01088,GBPCPCFC_01090,mRNA
GBPCPCFC_01090,gnl|Prokka|GBPCPCFC_22,1222,1348403,0.593,948.8175,764.2049,0.8661,0.0,0.3406,-0.3531,1026,0.101,0.1883,0.7219,0,0,0.258,0.0,0.3156,0.0,0.3957,1.4242,0.1006,-1.4146034264153602,0.779498085793667,0.5882277363334593,GBPCPCFC_01090-0,GBPCPCFC_01090-0,Rickettsia endosymbiont of Oedothorax gibbosus,931099,87.4,6.03e-213,595,cellular organisms,131567,Sciaridae,7184,Sciaridae,7184,1,Eumetazoa,6072,187473,188498,GBPCPCFC_01089,GBPCPCFC_01091,mRNA
GBPCPCFC_01091,gnl|Prokka|GBPCPCFC_22,1222,1348403,0.593,948.8175,764.2049,0.8661,0.0,0.3406,-0.3531,726,-0.2916,-0.2212,0.7204,0,0,0.2106,0.0008,0.3082,0.0,0.365,0.5473,-0.1733,-1.324229629892257,0.15318225051833181,0.6274174861523236,GBPCPCFC_01091-0,GBPCPCFC_01091-0,Rickettsia endosymbiont of Cimex lectularius,2698648,80.1,7.43e-133,384,cellular organisms,131567,Sciaridae,7184,Sciaridae,7184,1,Eumetazoa,6072,188503,189228,GBPCPCFC_01090,GBPCPCFC_01092,mRNA
GBPCPCFC_01092,gnl|Prokka|GBPCPCFC_22,1222,1348403,0.593,948.8175,764.2049,0.8661,0.0,0.3406,-0.3531,501,-0.586,-0.5283,0.7189,0,0,0.1981,0.002,0.21,0.0011,0.3772,0.8967,-0.0642,-1.3213079724632657,-0.5390450084396535,0.6188271169633627,GBPCPCFC_01092-0,GBPCPCFC_01092-0,Rickettsia endosymbiont of Culicoides newsteadi,1961830,76.8,2.64e-90,271,unclassified Rickettsia,114295,,,Rickettsia,780,0,Alphaproteobacteria,28211,189518,190018,GBPCPCFC_01091,GBPCPCFC_01093,mRNA
GBPCPCFC_01093,gnl|Prokka|GBPCPCFC_22,1222,1348403,0.593,948.8175,764.2049,0.8661,0.0,0.3406,-0.3531,534,-0.5428,-0.4832,0.7181,0,0,0.0529,0.431,0.1278,0.0561,0.2903,-1.5881,-0.8405,-1.261350303294339,-1.377861196600702,0.6091307058708312,GBPCPCFC_01093-0,GBPCPCFC_01093-0,Rickettsia endosymbiont of Bryobia graminum,2878922,59.5,3.84e-72,226,Rickettsia endosymbiont of Bryobia graminum,2878922,,,Rickettsia endosymbiont of Bryobia graminum,2878922,0,Alphaproteobacteria,28211,190066,190599,GBPCPCFC_01092,GBPCPCFC_01094,mRNA
GBPCPCFC_01094,gnl|Prokka|GBPCPCFC_22,1222,1348403,0.593,948.8175,764.2049,0.8661,0.0,0.3406,-0.3531,1095,0.1913,0.2825,0.7163,0,0,0.1185,0.0583,0.1037,0.0978,0.3699,0.6858,-0.1301,-1.433459545087873,-0.43263646249574866,0.5158276326230683,GBPCPCFC_01094-0,GBPCPCFC_01094-0,Rickettsia bellii,33990,92.9,1.18e-250,692,cellular organisms,131567,Arthropoda,6656,Arthropoda,6656,1,Eumetazoa,6072,191288,192382,GBPCPCFC_01093,GBPCPCFC_01095,mRNA
GBPCPCFC_01095,gnl|Prokka|GBPCPCFC_22,1222,1348403,0.593,948.8175,764.2049,0.8661,0.0,0.3406,-0.3531,4155,4.1954,4.4591,0.7146,0,0,0.3202,0.0,0.3632,0.0,0.3165,-0.839,-0.6065,-2.0531694846200663,5.4187656552498265,0.19248799734472458,GBPCPCFC_01095-0,GBPCPCFC_01095-0,Pseudolycoriella hygida,35572,46.5,1.23e-107,390,Pseudolycoriella hygida,35572,,,Pseudolycoriella hygida,35572,0,Eumetazoa,6072,192408,196562,GBPCPCFC_01094,GBPCPCFC_01096,mRNA
GBPCPCFC_01096,gnl|Prokka|GBPCPCFC_22,1222,1348403,0.593,948.8175,764.2049,0.8661,0.0,0.3406,-0.3531,438,-0.6684,-0.6142,0.7077,0,0,0.1031,0.1053,0.174,0.006,0.3242,-0.6186,-0.5376,-1.258548019698979,-1.1405376243645236,0.6046370452383282,GBPCPCFC_01096-0,GBPCPCFC_01096-0,Parachlamydia sp. AcF125,2795736,70.4,1.21e-66,209,Bacteria,2,,,Bacteria,2,0,Bacteria,2,197090,197527,GBPCPCFC_01095,GBPCPCFC_01097,mRNA
GBPCPCFC_01097,gnl|Prokka|GBPCPCFC_22,1222,1348403,0.593,948.8175,764.2049,0.8661,0.0,0.3406,-0.3531,4452,4.5841,4.8645,0.707,0,0,0.4232,0.0,0.424,0.0,0.327,-0.5374,-0.5122,-2.159121200352059,6.455079947237894,0.1419377180730404,GBPCPCFC_01097-0,GBPCPCFC_01097-0,Pseudolycoriella hygida,35572,39.4,1.04e-110,402,Pseudolycoriella hygida,35572,,,Pseudolycoriella hygida,35572,0,Eumetazoa,6072,197551,202002,GBPCPCFC_01096,GBPCPCFC_01098,mRNA
GBPCPCFC_01098,gnl|Prokka|GBPCPCFC_22,1222,1348403,0.593,948.8175,764.2049,0.8661,0.0,0.3406,-0.3531,213,-0.9629,-0.9213,0.6998,0,0,-0.079,0.3002,-0.0227,0.7661,0.3521,0.1788,-0.2885,-1.1804452000763637,-2.8726113879027855,0.5759467789291234,GBPCPCFC_01098-0,GBPCPCFC_01098-0,,,,,,,,,,,,0,Unassigned,,202378,202590,GBPCPCFC_01097,GBPCPCFC_01099,mRNA
GBPCPCFC_01099,gnl|Prokka|GBPCPCFC_22,1222,1348403,0.593,948.8175,764.2049,0.8661,0.0,0.3406,-0.3531,294,-0.8569,-0.8108,0.6993,0,0,0.2664,0.0,0.2924,0.0,0.3912,1.2941,0.06,-1.2936555917584807,-0.2510659260688391,0.6164090572493109,GBPCPCFC_01099-0,GBPCPCFC_01099-0,,,,,,,,,,,,0,Unassigned,,202748,203041,GBPCPCFC_01098,GBPCPCFC_01100,mRNA
GBPCPCFC_01100,gnl|Prokka|GBPCPCFC_22,1222,1348403,0.593,948.8175,764.2049,0.8661,0.0,0.3406,-0.3531,714,-0.3073,-0.2375,0.6984,0,0,0.2616,0.0,0.3302,0.0,0.3361,-0.2777,-0.4311,-1.3534029003840755,0.42510668215277286,0.5769804533149469,GBPCPCFC_01100-0,GBPCPCFC_01100-0,Rickettsia endosymbiont of Cimex lectularius,2698648,73.9,9.04e-114,335,unclassified Rickettsia,114295,,,Rickettsia,780,0,Alphaproteobacteria,28211,203321,204034,GBPCPCFC_01099,GBPCPCFC_01101,mRNA
GBPCPCFC_01101,gnl|Prokka|GBPCPCFC_22,1222,1348403,0.593,948.8175,764.2049,0.8661,0.0,0.3406,-0.3531,1095,0.1913,0.2825,0.6973,0,0,0.0889,0.1561,0.0713,0.2554,0.3699,0.6858,-0.1301,-1.431869860049216,-0.6653719117194782,0.4656351809253514,GBPCPCFC_01101-0,GBPCPCFC_01101-0,Rickettsia bellii,33990,92.9,1.18e-250,692,cellular organisms,131567,Arthropoda,6656,Arthropoda,6656,1,Eumetazoa,6072,204107,205201,GBPCPCFC_01100,GBPCPCFC_01102,mRNA
GBPCPCFC_01102,gnl|Prokka|GBPCPCFC_22,1222,1348403,0.593,948.8175,764.2049,0.8661,0.0,0.3406,-0.3531,1248,0.3915,0.4913,0.6955,0,0,0.3427,0.0,0.3201,0.0,0.371,0.7181,-0.12,-1.5249037377763979,1.4466918303611263,0.4866628861325551,GBPCPCFC_01102-0,GBPCPCFC_01102-0,Daphnia pulex,6669,31.7,1.48e-10,76.6,cellular organisms,131567,Endopterygota,33392,Endopterygota,33392,1,Eumetazoa,6072,205271,206518,GBPCPCFC_01101,GBPCPCFC_01103,mRNA
GBPCPCFC_01103,gnl|Prokka|GBPCPCFC_22,1222,1348403,0.593,948.8175,764.2049,0.8661,0.0,0.3406,-0.3531,3093,2.8058,3.0096,0.6929,0,0,0.2818,0.0,0.326,0.0,0.2958,-1.4291,-0.7908,-1.83934905299781,3.7019583826460014,0.26651017595404275,GBPCPCFC_01103-0,GBPCPCFC_01103-0,Rickettsia endosymbiont of Labidopullus appendiculatus,2878921,35.8,4.86e-108,365,Rickettsia endosymbiont of Labidopullus appendiculatus,2878921,,,Rickettsia endosymbiont of Labidopullus appendiculatus,2878921,0,Alphaproteobacteria,28211,207016,210108,GBPCPCFC_01102,GBPCPCFC_01104,mRNA
GBPCPCFC_01104,gnl|Prokka|GBPCPCFC_22,1222,1348403,0.593,948.8175,764.2049,0.8661,0.0,0.3406,-0.3531,672,-0.3622,-0.2949,0.6882,0,0,0.0558,0.3817,0.0974,0.126,0.3095,-1.0378,-0.6686,-1.3124505232485801,-1.2828269094675133,0.5118497111406851,GBPCPCFC_01104-0,GBPCPCFC_01104-0,Rickettsia endosymbiont of Cimex lectularius,2698648,59.0,4.40e-80,249,root,1,Sciaridae,7184,Sciaridae,7184,1,Eumetazoa,6072,210220,210891,GBPCPCFC_01103,GBPCPCFC_01105,mRNA
GBPCPCFC_01105,gnl|Prokka|GBPCPCFC_22,1222,1348403,0.593,948.8175,764.2049,0.8661,0.0,0.3406,-0.3531,1335,0.5053,0.6101,0.6872,0,0,0.2981,0.0,0.3306,0.0,0.3326,-0.3791,-0.4628,-1.5049381894035212,1.4157561458909442,0.4684044768753436,GBPCPCFC_01105-0,GBPCPCFC_01105-0,Rickettsia tillamookensis,2761623,74.6,4.47e-226,637,spotted fever group,114277,,,spotted fever group,114277,0,Alphaproteobacteria,28211,210898,212232,GBPCPCFC_01104,GBPCPCFC_01106,mRNA
GBPCPCFC_01106,gnl|Prokka|GBPCPCFC_22,1222,1348403,0.593,948.8175,764.2049,0.8661,0.0,0.3406,-0.3531,336,-0.8019,-0.7535,0.6847,0,0,-0.0583,0.3682,-0.0632,0.3297,0.2827,-1.803,-0.9077,-1.244050666746845,-2.7591702827586553,0.5078681561692894,GBPCPCFC_01106-0,GBPCPCFC_01106-0,Rickettsia endosymbiont of Cimex lectularius,2698648,76.6,1.32e-54,176,unclassified Rickettsia,114295,,,Rickettsia,780,0,Alphaproteobacteria,28211,212601,212936,GBPCPCFC_01105,GBPCPCFC_01107,mRNA
GBPCPCFC_01107,gnl|Prokka|GBPCPCFC_22,1222,1348403,0.593,948.8175,764.2049,0.8661,0.0,0.3406,-0.3531,77,-1.1408,-1.107,0.6839,0,0,0.0312,0.7232,-0.0022,0.9801,0.5844,6.8148,1.7849,-1.2290692556564455,-2.528477233035822,0.5439320825658869,GBPCPCFC_01107-0,GBPCPCFC_01107-0,,,,,,,,,,,,0,Unassigned,,213096,213172,GBPCPCFC_01106,GBPCPCFC_01108,mRNA
GBPCPCFC_01108,gnl|Prokka|GBPCPCFC_22,1222,1348403,0.593,948.8175,764.2049,0.8661,0.0,0.3406,-0.3531,495,-0.5938,-0.5364,0.6831,0,0,0.1768,0.0045,0.1313,0.0358,0.3838,1.0851,-0.0053,-1.3520345799102735,-0.9031518650156848,0.5125806608315974,GBPCPCFC_01108-0,GBPCPCFC_01108-0,Rickettsia endosymbiont of Oedothorax gibbosus,931099,67.7,7.14e-69,216,unclassified Rickettsia,114295,,,Rickettsia,780,0,Alphaproteobacteria,28211,213623,214117,GBPCPCFC_01107,GBPCPCFC_01109,mRNA
GBPCPCFC_01109,gnl|Prokka|GBPCPCFC_22,1222,1348403,0.593,948.8175,764.2049,0.8661,0.0,0.3406,-0.3531,468,-0.6292,-0.5733,0.6824,0,0,0.0883,0.1589,0.1172,0.0612,0.3739,0.8021,-0.0937,-1.2877899884897865,-1.3546659482760557,0.5248674639546065,GBPCPCFC_01109-0,GBPCPCFC_01109-0,unclassified Rickettsia,114295,89.0,4.15e-97,287,Rickettsia,780,,,Rickettsia,780,0,Alphaproteobacteria,28211,214124,214591,GBPCPCFC_01108,GBPCPCFC_01110,mRNA
GBPCPCFC_01110,gnl|Prokka|GBPCPCFC_22,1222,1348403,0.593,948.8175,764.2049,0.8661,0.0,0.3406,-0.3531,1239,0.3797,0.479,0.6812,0,0,0.2191,0.0004,0.2486,0.0001,0.3253,-0.5883,-0.5281,-1.47015425795897,0.6775143170853118,0.4510956710530545,GBPCPCFC_01110-0,GBPCPCFC_01110-0,Rickettsia endosymbiont of Bryobia graminum,2878922,61.5,6.74e-176,507,cellular organisms,131567,Sciaridae,7184,Sciaridae,7184,1,Eumetazoa,6072,214957,216195,GBPCPCFC_01109,GBPCPCFC_01111,mRNA
GBPCPCFC_01111,gnl|Prokka|GBPCPCFC_22,1222,1348403,0.593,948.8175,764.2049,0.8661,0.0,0.3406,-0.3531,669,-0.3662,-0.299,0.6793,0,0,0.2119,0.0014,0.332,0.0,0.2646,-2.3219,-1.0698,-1.310408138749716,0.16600626268046806,0.5478115805051259,GBPCPCFC_01111-0,GBPCPCFC_01111-0,Rickettsia endosymbiont of Bryobia graminum,2878922,50.9,5.59e-60,198,cellular organisms,131567,Sciaridae,7184,Sciaridae,7184,1,Eumetazoa,6072,216210,216878,GBPCPCFC_01110,GBPCPCFC_01112,mRNA
GBPCPCFC_01112,gnl|Prokka|GBPCPCFC_22,1222,1348403,0.593,948.8175,764.2049,0.8661,0.0,0.3406,-0.3531,2880,2.527,2.7188,0.6782,0,0,0.3184,0.0,0.3759,0.0,0.3451,-0.0204,-0.3507,-1.8023877625973372,3.738420698083042,0.27016702321623853,GBPCPCFC_01112-0,GBPCPCFC_01112-0,,,,,,,,,,,,0,Unassigned,,216946,219825,GBPCPCFC_01111,GBPCPCFC_01113,mRNA
GBPCPCFC_01113,gnl|Prokka|GBPCPCFC_22,1222,1348403,0.593,948.8175,764.2049,0.8661,0.0,0.3406,-0.3531,1476,0.6898,0.8025,0.6736,0,0,-0.0797,0.2036,-0.0926,0.1397,0.336,-0.2803,-0.4319,-1.4694194207000073,-1.4114722769209067,0.3353033245488638,GBPCPCFC_01113-0,GBPCPCFC_01113-0,,,,,,,,,,,,0,Unassigned,,220082,221557,GBPCPCFC_01112,GBPCPCFC_01114,mRNA
GBPCPCFC_01114,gnl|Prokka|GBPCPCFC_22,1222,1348403,0.593,948.8175,764.2049,0.8661,0.0,0.3406,-0.3531,747,-0.2641,-0.1925,0.6713,0,0,0.154,0.0136,0.1681,0.007,0.3588,0.3689,-0.2291,-1.3680474485313983,-0.5311723356212398,0.47153056558796225,GBPCPCFC_01114-0,GBPCPCFC_01114-0,Rickettsia endosymbiont of Gnoriste bilineata,2878920,60.7,1.09e-84,263,unclassified Rickettsia,114295,,,Rickettsia,780,0,Alphaproteobacteria,28211,221638,222384,GBPCPCFC_01113,GBPCPCFC_01115,mRNA
GBPCPCFC_01115,gnl|Prokka|GBPCPCFC_22,1222,1348403,0.593,948.8175,764.2049,0.8661,0.0,0.3406,-0.3531,465,-0.6331,-0.5774,0.6695,0,0,0.1185,0.0624,0.1924,0.0023,0.3183,-0.7877,-0.5905,-1.2739529998861288,-0.9748533656990244,0.5169909654883762,GBPCPCFC_01115-0,GBPCPCFC_01115-0,Parachlamydia sp. AcF125,2795736,69.7,4.95e-66,208,Bacteria,2,,,Bacteria,2,0,Bacteria,2,222837,223301,GBPCPCFC_01114,GBPCPCFC_01116,mRNA
GBPCPCFC_01116,gnl|Prokka|GBPCPCFC_22,1222,1348403,0.593,948.8175,764.2049,0.8661,0.0,0.3406,-0.3531,849,-0.1306,-0.0533,0.6684,0,0,0.1291,0.039,0.2647,0.0,0.3274,-0.5259,-0.5087,-1.3205177908328904,-0.16494141755294656,0.491119111143994,GBPCPCFC_01116-0,GBPCPCFC_01116-0,Rickettsia endosymbiont of Bryobia graminum,2878922,68.6,4.63e-124,365,unclassified Rickettsia,114295,,,Rickettsia,780,0,Alphaproteobacteria,28211,223555,224403,GBPCPCFC_01115,GBPCPCFC_01117,mRNA
GBPCPCFC_01117,gnl|Prokka|GBPCPCFC_22,1222,1348403,0.593,948.8175,764.2049,0.8661,0.0,0.3406,-0.3531,363,-0.7666,-0.7166,0.667,0,0,0.0547,0.4135,0.1092,0.1016,0.3003,-1.302,-0.7511,-1.2493241993525162,-1.6617358968525995,0.5052765378598691,GBPCPCFC_01117-0,GBPCPCFC_01117-0,Rickettsia endosymbiont of Cimex lectularius,2698648,63.5,2.40e-16,85.5,unclassified Rickettsia,114295,,,Rickettsia,780,0,Alphaproteobacteria,28211,224525,224887,GBPCPCFC_01116,GBPCPCFC_01118,mRNA
GBPCPCFC_01118,gnl|Prokka|GBPCPCFC_22,1222,1348403,0.593,948.8175,764.2049,0.8661,0.0,0.3406,-0.3531,465,-0.6331,-0.5774,0.6658,0,0,0.112,0.0784,0.1842,0.0036,0.3161,-0.8492,-0.6096,-1.2740615972413565,-1.029712913776239,0.5066718216536739,GBPCPCFC_01118-0,GBPCPCFC_01118-0,Parachlamydia sp. AcF125,2795736,70.4,1.22e-66,209,Bacteria,2,,,Bacteria,2,0,Bacteria,2,225292,225756,GBPCPCFC_01117,GBPCPCFC_01119,mRNA
GBPCPCFC_01119,gnl|Prokka|GBPCPCFC_22,1222,1348403,0.593,948.8175,764.2049,0.8661,0.0,0.3406,-0.3531,1686,0.9646,1.0892,0.665,0,0,0.4014,0.0,0.534,0.0,0.3381,-0.2221,-0.4137,-1.5516297332304771,3.0160940816019424,0.428385198393227,GBPCPCFC_01119-0,GBPCPCFC_01119-0,Rickettsia endosymbiont of Labidopullus appendiculatus,2878921,62.8,2.97e-232,667,unclassified Rickettsia,114295,,,Rickettsia,780,0,Alphaproteobacteria,28211,225861,227546,GBPCPCFC_01118,GBPCPCFC_01120,mRNA
GBPCPCFC_01120,gnl|Prokka|GBPCPCFC_22,1222,1348403,0.593,948.8175,764.2049,0.8661,0.0,0.3406,-0.3531,2064,1.4593,1.6051,0.6624,0,0,0.2929,0.0,0.352,0.0,0.3435,-0.067,-0.3653,-1.6384781091760041,2.4514618867147986,0.33008776213600793,GBPCPCFC_01120-0,GBPCPCFC_01120-0,Penicillium tannophilum,2972123,37.2,1.70e-07,64.7,Eukaryota,2759,Hexapoda,6960,Hexapoda,6960,1,Eumetazoa,6072,227610,229673,GBPCPCFC_01119,GBPCPCFC_01121,mRNA
GBPCPCFC_01121,gnl|Prokka|GBPCPCFC_22,1222,1348403,0.593,948.8175,764.2049,0.8661,0.0,0.3406,-0.3531,732,-0.2837,-0.213,0.659,0,0,0.2551,0.0,0.2821,0.0,0.3224,-0.6699,-0.5536,-1.3849937532502423,0.2598846948917636,0.4677857999053097,GBPCPCFC_01121-0,GBPCPCFC_01121-0,unclassified Rickettsia,114295,72.0,1.25e-111,331,unclassified Rickettsia,114295,,,Rickettsia,780,0,Alphaproteobacteria,28211,229921,230652,GBPCPCFC_01120,GBPCPCFC_01122,mRNA
GBPCPCFC_01122,gnl|Prokka|GBPCPCFC_22,1222,1348403,0.593,948.8175,764.2049,0.8661,0.0,0.3406,-0.3531,483,-0.6095,-0.5528,0.6579,0,0,0.1301,0.0407,0.1888,0.0028,0.3333,-0.3577,-0.4561,-1.290472238156132,-0.9139657598611712,0.4846415309951268,GBPCPCFC_01122-0,GBPCPCFC_01122-0,Rickettsia endosymbiont of Bryobia graminum,2878922,62.5,1.45e-65,207,unclassified Rickettsia,114295,,,Rickettsia,780,0,Alphaproteobacteria,28211,230637,231119,GBPCPCFC_01121,GBPCPCFC_01123,mRNA
GBPCPCFC_01123,gnl|Prokka|GBPCPCFC_22,1222,1348403,0.593,948.8175,764.2049,0.8661,0.0,0.3406,-0.3531,813,-0.1777,-0.1024,0.6572,0,0,0.1572,0.0118,0.2053,0.001,0.3579,0.3451,-0.2365,-1.36730222995811,-0.30024423960893465,0.44355017210836145,GBPCPCFC_01123-0,GBPCPCFC_01123-0,Rickettsia endosymbiont of Gnoriste bilineata,2878920,64.3,1.01e-104,315,cellular organisms,131567,Neoptera,33340,Neoptera,33340,1,Eumetazoa,6072,231116,231928,GBPCPCFC_01122,GBPCPCFC_01124,mRNA
GBPCPCFC_01124,gnl|Prokka|GBPCPCFC_22,1222,1348403,0.593,948.8175,764.2049,0.8661,0.0,0.3406,-0.3531,330,-0.8098,-0.7617,0.6558,0,0,0.2525,0.0003,0.2978,0.0,0.2788,-1.9159,-0.9429,-1.2966400351614074,-0.2390931573635468,0.5159698065757339,GBPCPCFC_01124-0,GBPCPCFC_01124-0,spotted fever group,114277,48.3,4.90e-12,67.8,Rickettsia,780,,,Rickettsia,780,0,Alphaproteobacteria,28211,232041,232370,GBPCPCFC_01123,GBPCPCFC_01125,mRNA
GBPCPCFC_01125,gnl|Prokka|GBPCPCFC_22,1222,1348403,0.593,948.8175,764.2049,0.8661,0.0,0.3406,-0.3531,285,-0.8686,-0.8231,0.6552,0,0,0.1609,0.0099,0.1467,0.0188,0.4211,2.1481,0.3268,-1.2967895812306316,-1.1976736054700912,0.4823294991901162,GBPCPCFC_01125-0,GBPCPCFC_01125-0,,,,,,,,,,,,0,Unassigned,,232454,232738,GBPCPCFC_01124,GBPCPCFC_01126,mRNA
GBPCPCFC_01126,gnl|Prokka|GBPCPCFC_22,1222,1348403,0.593,948.8175,764.2049,0.8661,0.0,0.3406,-0.3531,1251,0.3954,0.4954,0.6547,0,0,0.2516,0.0,0.3009,0.0,0.3429,-0.0837,-0.3705,-1.4755841691089184,1.0093834945161588,0.4013947554855061,GBPCPCFC_01126-0,GBPCPCFC_01126-0,Rickettsia endosymbiont of Cimex lectularius,2698648,31.8,2.48e-36,148,Rickettsia endosymbiont of Cimex lectularius,2698648,,,Rickettsia endosymbiont of Cimex lectularius,2698648,0,Alphaproteobacteria,28211,232783,234033,GBPCPCFC_01125,GBPCPCFC_01127,mRNA
GBPCPCFC_01127,gnl|Prokka|GBPCPCFC_22,1222,1348403,0.593,948.8175,764.2049,0.8661,0.0,0.3406,-0.3531,1332,0.5014,0.606,0.6525,0,0,0.1799,0.0039,0.2294,0.0002,0.3664,0.5859,-0.1613,-1.474929749422906,0.5765434175769062,0.37343397554072555,GBPCPCFC_01127-0,GBPCPCFC_01127-0,Rickettsia endosymbiont of Cimex lectularius,2698648,57.3,4.69e-157,462,unclassified Rickettsia,114295,,,Rickettsia,780,0,Alphaproteobacteria,28211,234312,235643,GBPCPCFC_01126,GBPCPCFC_01128,mRNA
GBPCPCFC_01128,gnl|Prokka|GBPCPCFC_22,1222,1348403,0.593,948.8175,764.2049,0.8661,0.0,0.3406,-0.3531,468,-0.6292,-0.5733,0.6505,0,0,0.1982,0.002,0.2598,0.0,0.3248,-0.6019,-0.5324,-1.303677891983627,-0.4080326877858261,0.4827552420009906,GBPCPCFC_01128-0,GBPCPCFC_01128-0,unclassified Rickettsia,114295,49.3,1.31e-27,110,unclassified Rickettsia,114295,,,Rickettsia,780,0,Alphaproteobacteria,28211,235647,236114,GBPCPCFC_01127,GBPCPCFC_01129,mRNA
GBPCPCFC_01129,gnl|Prokka|GBPCPCFC_22,1222,1348403,0.593,948.8175,764.2049,0.8661,0.0,0.3406,-0.3531,570,-0.4957,-0.4341,0.6495,0,0,0.2027,0.0013,0.2216,0.0004,0.3175,-0.8087,-0.597,-1.346903088773081,-0.38279084162479343,0.45345438719586534,GBPCPCFC_01129-0,GBPCPCFC_01129-0,unclassified Rickettsia,114295,76.4,4.33e-100,297,unclassified Rickettsia,114295,,,Rickettsia,780,0,Alphaproteobacteria,28211,236279,236848,GBPCPCFC_01128,GBPCPCFC_01130,mRNA
GBPCPCFC_01130,gnl|Prokka|GBPCPCFC_22,1222,1348403,0.593,948.8175,764.2049,0.8661,0.0,0.3406,-0.3531,402,-0.7155,-0.6634,0.6483,0,0,0.1601,0.0116,0.1627,0.0103,0.3358,-0.2866,-0.4339,-1.3123996580994646,-0.9882017515649534,0.4578971180320102,GBPCPCFC_01130-0,GBPCPCFC_01130-0,Rickettsia endosymbiont of Culicoides newsteadi,1961830,68.5,6.90e-44,150,unclassified Rickettsia,114295,,,Rickettsia,780,0,Alphaproteobacteria,28211,237102,237503,GBPCPCFC_01129,GBPCPCFC_01131,mRNA
GBPCPCFC_01131,gnl|Prokka|GBPCPCFC_22,1222,1348403,0.593,948.8175,764.2049,0.8661,0.0,0.3406,-0.3531,987,0.05,0.1351,0.6472,0,0,0.2009,0.0012,0.2657,0.0,0.3445,-0.0393,-0.3566,-1.4053607104230934,0.32334370879469543,0.41290132934264295,GBPCPCFC_01131-0,GBPCPCFC_01131-0,,,,,,,,,,,,0,Unassigned,,237855,238841,GBPCPCFC_01130,GBPCPCFC_01132,mRNA
GBPCPCFC_01132,gnl|Prokka|GBPCPCFC_22,1222,1348403,0.593,948.8175,764.2049,0.8661,0.0,0.3406,-0.3531,1020,0.0931,0.1801,0.6451,0,0,0.1516,0.0152,0.1904,0.0022,0.3833,1.0706,-0.0098,-1.413947412184733,-0.09492360876987684,0.3858418166204476,GBPCPCFC_01132-0,GBPCPCFC_01132-0,Pseudomonadota bacterium,1977087,86.3,1.94e-207,590,Pseudomonadota bacterium,1977087,,,Pseudomonadota bacterium,1977087,0,Pseudomonadota bacterium,1977087,239301,240320,GBPCPCFC_01131,GBPCPCFC_01133,mRNA
GBPCPCFC_01133,gnl|Prokka|GBPCPCFC_22,1222,1348403,0.593,948.8175,764.2049,0.8661,0.0,0.3406,-0.3531,1449,0.6545,0.7657,0.6435,0,0,0.1028,0.1006,0.1309,0.0363,0.3361,-0.2788,-0.4315,-1.492526915261321,0.07701823766382428,0.3167506674242304,GBPCPCFC_01133-0,GBPCPCFC_01133-0,Wolbachia endosymbiont of Dactylopius coccus,1605993,69.3,1.04e-237,670,unclassified Wolbachia,2640676,,,Wolbachia,953,0,Alphaproteobacteria,28211,240370,241818,GBPCPCFC_01132,GBPCPCFC_01134,mRNA
GBPCPCFC_01134,gnl|Prokka|GBPCPCFC_22,1222,1348403,0.593,948.8175,764.2049,0.8661,0.0,0.3406,-0.3531,618,-0.4329,-0.3686,0.6411,0,0,0.1296,0.0415,0.1495,0.0185,0.3851,1.1215,0.0061,-1.3402910754455049,-0.8679750706273593,0.4153292197120297,GBPCPCFC_01134-0,GBPCPCFC_01134-0,Pseudomonadota bacterium,1977087,83.9,1.95e-129,386,Pseudomonadota bacterium,1977087,,,Pseudomonadota bacterium,1977087,0,Pseudomonadota bacterium,1977087,241948,242565,GBPCPCFC_01133,GBPCPCFC_01135,mRNA
GBPCPCFC_01135,gnl|Prokka|GBPCPCFC_22,1222,1348403,0.593,948.8175,764.2049,0.8661,0.0,0.3406,-0.3531,465,-0.6331,-0.5774,0.64,0,0,0.1268,0.046,0.1914,0.0025,0.3183,-0.7877,-0.5905,-1.2868535041199265,-0.9421798885815645,0.4470896355979645,GBPCPCFC_01135-0,GBPCPCFC_01135-0,Parachlamydia sp. AcF125,2795736,69.7,4.95e-66,208,Bacteria,2,,,Bacteria,2,0,Bacteria,2,242722,243186,GBPCPCFC_01134,GBPCPCFC_01136,mRNA
GBPCPCFC_01136,gnl|Prokka|GBPCPCFC_22,1222,1348403,0.593,948.8175,764.2049,0.8661,0.0,0.3406,-0.3531,777,-0.2248,-0.1515,0.6385,0,0,0.1485,0.0174,0.168,0.0071,0.3501,0.1203,-0.3068,-1.376750344071569,-0.5117181823815108,0.39304222498688585,GBPCPCFC_01136-0,GBPCPCFC_01136-0,,,,,,,,,,,,0,Unassigned,,243702,244478,GBPCPCFC_01135,GBPCPCFC_01137,mRNA
GBPCPCFC_01137,gnl|Prokka|GBPCPCFC_22,1222,1348403,0.593,948.8175,764.2049,0.8661,0.0,0.3406,-0.3531,903,-0.06,0.0204,0.6371,0,0,0.3324,0.0,0.354,0.0,0.3743,0.8128,-0.0904,-1.4442184825521402,1.0586713224414737,0.4082426031250939,GBPCPCFC_01137-0,GBPCPCFC_01137-0,Rickettsia endosymbiont of Cimex lectularius,2698648,71.8,4.32e-158,453,cellular organisms,131567,Sciaridae,7184,Sciaridae,7184,1,Eumetazoa,6072,244684,245586,GBPCPCFC_01136,GBPCPCFC_01138,mRNA
GBPCPCFC_01138,gnl|Prokka|GBPCPCFC_22,1222,1348403,0.593,948.8175,764.2049,0.8661,0.0,0.3406,-0.3531,1773,1.0785,1.2079,0.6355,0,0,0.2518,0.0,0.2334,0.0002,0.2944,-1.4694,-0.8034,-1.6169575066811612,1.483565389579082,0.26871164217305754,GBPCPCFC_01138-0,GBPCPCFC_01138-0,Rotaria sordida,392033,31.1,3.72e-34,147,cellular organisms,131567,Protostomia,33317,Protostomia,33317,1,Eumetazoa,6072,245722,247494,GBPCPCFC_01137,GBPCPCFC_01139,mRNA
GBPCPCFC_01139,gnl|Prokka|GBPCPCFC_22,1222,1348403,0.593,948.8175,764.2049,0.8661,0.0,0.3406,-0.3531,1269,0.419,0.52,0.6326,0,0,0.068,0.2782,0.152,0.0149,0.398,1.4882,0.1206,-1.4225566530007896,-0.23655960390206993,0.32737332822048054,GBPCPCFC_01139-0,GBPCPCFC_01139-0,Rotaria sp. Silwood2,2762512,81.8,6.04e-242,676,cellular organisms,131567,Sciaridae,7184,Sciaridae,7184,1,Eumetazoa,6072,247690,248958,GBPCPCFC_01138,GBPCPCFC_01140,mRNA
GBPCPCFC_01140,gnl|Prokka|GBPCPCFC_22,1222,1348403,0.593,948.8175,764.2049,0.8661,0.0,0.3406,-0.3531,1764,1.0667,1.1956,0.63,0,0,0.3954,0.0,0.3837,0.0,0.3906,1.2779,0.0549,-1.6468679787699572,2.582718591901892,0.28542211523631045,GBPCPCFC_01140-0,GBPCPCFC_01140-0,Didymodactylos carnosus,1234261,79.1,9.44e-316,897,cellular organisms,131567,Protostomia,33317,Protostomia,33317,1,Eumetazoa,6072,249485,251248,GBPCPCFC_01139,GBPCPCFC_01141,mRNA
GBPCPCFC_01141,gnl|Prokka|GBPCPCFC_22,1222,1348403,0.593,948.8175,764.2049,0.8661,0.0,0.3406,-0.3531,639,-0.4054,-0.3399,0.6273,0,0,0.0723,0.2636,0.1259,0.0509,0.3427,-0.0895,-0.3723,-1.3164620624272936,-1.157415353166816,0.38259733228095283,GBPCPCFC_01141-0,GBPCPCFC_01141-0,Rickettsia endosymbiont of Labidopullus appendiculatus,2878921,63.3,3.01e-89,271,unclassified Rickettsia,114295,,,Rickettsia,780,0,Alphaproteobacteria,28211,251276,251914,GBPCPCFC_01140,GBPCPCFC_01142,mRNA
GBPCPCFC_01142,gnl|Prokka|GBPCPCFC_22,1222,1348403,0.593,948.8175,764.2049,0.8661,0.0,0.3406,-0.3531,750,-0.2602,-0.1884,0.6259,0,0,0.328,0.0,0.4306,0.0,0.3347,-0.3196,-0.4442,-1.3739003033860593,1.0975293213414856,0.4293556798518338,GBPCPCFC_01142-0,GBPCPCFC_01142-0,Rickettsia endosymbiont of Cimex lectularius,2698648,77.0,4.13e-105,314,unclassified Rickettsia,114295,,,Rickettsia,780,0,Alphaproteobacteria,28211,252214,252963,GBPCPCFC_01141,GBPCPCFC_01143,mRNA
GBPCPCFC_01143,gnl|Prokka|GBPCPCFC_22,1222,1348403,0.593,948.8175,764.2049,0.8661,0.0,0.3406,-0.3531,936,-0.0168,0.0655,0.6248,0,0,0.3033,0.0,0.2833,0.0,0.3376,-0.2356,-0.418,-1.467713977299842,0.740476345659935,0.3557242634203288,GBPCPCFC_01143-0,GBPCPCFC_01143-0,Rotaria sp. Silwood2,2762512,81.0,2.30e-175,498,cellular organisms,131567,Protostomia,33317,Protostomia,33317,1,Eumetazoa,6072,252960,253895,GBPCPCFC_01142,GBPCPCFC_01144,mRNA
GBPCPCFC_01144,gnl|Prokka|GBPCPCFC_22,1222,1348403,0.593,948.8175,764.2049,0.8661,0.0,0.3406,-0.3531,996,0.0617,0.1474,0.6234,0,0,0.2477,0.0001,0.2891,0.0,0.3695,0.6748,-0.1335,-1.4351602728689545,0.6109327711321741,0.3569883348297868,GBPCPCFC_01144-0,GBPCPCFC_01144-0,Didymodactylos carnosus,1234261,88.2,7.90e-189,561,cellular organisms,131567,Protostomia,33317,Protostomia,33317,1,Eumetazoa,6072,253892,254887,GBPCPCFC_01143,GBPCPCFC_01145,mRNA
GBPCPCFC_01145,gnl|Prokka|GBPCPCFC_22,1222,1348403,0.593,948.8175,764.2049,0.8661,0.0,0.3406,-0.3531,1194,0.3208,0.4176,0.6216,0,0,0.2906,0.0,0.3891,0.0,0.3585,0.3601,-0.2318,-1.4553121211589144,1.3989781863793258,0.35658417781902896,GBPCPCFC_01145-0,GBPCPCFC_01145-0,Wolbachia endosymbiont (group A) of Lasioglossum morio,2954025,37.2,9.83e-42,162,Rickettsiales,766,,,Rickettsiales,766,0,Alphaproteobacteria,28211,255095,256288,GBPCPCFC_01144,GBPCPCFC_01146,mRNA
GBPCPCFC_01146,gnl|Prokka|GBPCPCFC_22,1222,1348403,0.593,948.8175,764.2049,0.8661,0.0,0.3406,-0.3531,1380,0.5642,0.6715,0.6199,0,0,0.107,0.0874,0.1405,0.0245,0.3826,1.0499,-0.0163,-1.482143209530558,0.03593391134800645,0.27342954983900447,GBPCPCFC_01146-0,GBPCPCFC_01146-0,Rickettsia endosymbiont of Platyusa sonomae,2878924,32.9,6.57e-13,84.0,Rickettsiales,766,,,Rickettsiales,766,0,Alphaproteobacteria,28211,256285,257664,GBPCPCFC_01145,GBPCPCFC_01147,mRNA
GBPCPCFC_01147,gnl|Prokka|GBPCPCFC_22,1222,1348403,0.593,948.8175,764.2049,0.8661,0.0,0.3406,-0.3531,699,-0.3269,-0.258,0.6174,0,0,0.0715,0.2543,0.0677,0.2804,0.3262,-0.562,-0.5199,-1.3595629418766118,-1.2790973958653893,0.33175368776684805,GBPCPCFC_01147-0,GBPCPCFC_01147-0,Rickettsia endosymbiont of Omalisus fontisbellaquei,2866307,62.1,4.69e-99,300,Rickettsia,780,,,Rickettsia,780,0,Alphaproteobacteria,28211,257974,258672,GBPCPCFC_01146,GBPCPCFC_01148,mRNA
GBPCPCFC_01148,gnl|Prokka|GBPCPCFC_22,1222,1348403,0.593,948.8175,764.2049,0.8661,0.0,0.3406,-0.3531,1578,0.8233,0.9417,0.6158,0,0,0.2242,0.0003,0.279,0.0,0.3435,-0.068,-0.3656,-1.5387019229554053,1.2640865694850814,0.2683593319473854,GBPCPCFC_01148-0,GBPCPCFC_01148-0,Pseudolycoriella hygida,35572,82.8,0.0,915,cellular organisms,131567,Sciaridae,7184,Sciaridae,7184,1,Eumetazoa,6072,259000,260577,GBPCPCFC_01147,GBPCPCFC_01149,mRNA
GBPCPCFC_01149,gnl|Prokka|GBPCPCFC_22,1222,1348403,0.593,948.8175,764.2049,0.8661,0.0,0.3406,-0.3531,468,-0.6292,-0.5733,0.6133,0,0,0.194,0.0025,0.1483,0.0213,0.2842,-1.7616,-0.8947,-1.3654868135989775,-0.8059752866317735,0.3578626697090171,GBPCPCFC_01149-0,GBPCPCFC_01149-0,Rickettsia endosymbiont of Cimex lectularius,2698648,55.1,1.66e-47,163,unclassified Rickettsia,114295,,,Rickettsia,780,0,Alphaproteobacteria,28211,260722,261189,GBPCPCFC_01148,GBPCPCFC_01150,mRNA
GBPCPCFC_01150,gnl|Prokka|GBPCPCFC_22,1222,1348403,0.593,948.8175,764.2049,0.8661,0.0,0.3406,-0.3531,129,-1.0728,-1.036,0.6126,0,0,0.1469,0.0638,0.1723,0.0293,0.3721,0.7495,-0.1102,-1.2514391686067774,-1.3754561071074736,0.41478392200715325,GBPCPCFC_01150-0,GBPCPCFC_01150-0,,,,,,,,,,,,0,Unassigned,,261202,261330,GBPCPCFC_01149,GBPCPCFC_01151,mRNA
GBPCPCFC_01151,gnl|Prokka|GBPCPCFC_22,1222,1348403,0.593,948.8175,764.2049,0.8661,0.0,0.3406,-0.3531,741,-0.2719,-0.2007,0.6124,0,0,-0.0759,0.2264,-0.0066,0.9161,0.3536,0.2206,-0.2754,-1.2965416905965257,-2.0876765669785384,0.314483537073807,GBPCPCFC_01151-0,GBPCPCFC_01151-0,Rickettsia endosymbiont of Bryobia graminum,2878922,80.2,2.48e-136,394,unclassified Rickettsia,114295,,,Rickettsia,780,0,Alphaproteobacteria,28211,261350,262090,GBPCPCFC_01150,GBPCPCFC_01152,mRNA
GBPCPCFC_01152,gnl|Prokka|GBPCPCFC_22,1222,1348403,0.593,948.8175,764.2049,0.8661,0.0,0.3406,-0.3531,85,-1.1303,-1.0961,0.6108,0,0,-0.1184,0.1747,-0.1932,0.0259,0.5059,4.5714,1.0839,-1.231784727096491,-3.7888220317530164,0.33246444720664015,GBPCPCFC_01152-0,GBPCPCFC_01152-0,,,,,,,,,,,,0,Unassigned,,262408,262492,GBPCPCFC_01151,GBPCPCFC_01153,mRNA
GBPCPCFC_01153,gnl|Prokka|GBPCPCFC_22,1222,1348403,0.593,948.8175,764.2049,0.8661,0.0,0.3406,-0.3531,759,-0.2484,-0.1761,0.6104,0,0,0.2801,0.0,0.3022,0.0,0.3544,0.2445,-0.2679,-1.4088533147665847,0.47125632452182703,0.35512841850428295,GBPCPCFC_01153-0,GBPCPCFC_01153-0,Rickettsia endosymbiont of Sericostoma sp. HW-2014,2878927,77.7,5.59e-138,398,unclassified Rickettsia,114295,,,Rickettsia,780,0,Alphaproteobacteria,28211,262653,263411,GBPCPCFC_01152,GBPCPCFC_01154,mRNA
GBPCPCFC_01154,gnl|Prokka|GBPCPCFC_22,1222,1348403,0.593,948.8175,764.2049,0.8661,0.0,0.3406,-0.3531,1719,1.0078,1.1342,0.6093,0,0,0.3729,0.0,0.4483,0.0,0.3176,-0.8064,-0.5963,-1.592342465534431,2.6514279224108925,0.2702484002022674,GBPCPCFC_01154-0,GBPCPCFC_01154-0,Rickettsia endosymbiont of Culicoides impunctatus,2867440,67.6,1.21e-265,748,unclassified Rickettsia,114295,,,Rickettsia,780,0,Alphaproteobacteria,28211,263413,265131,GBPCPCFC_01153,GBPCPCFC_01155,mRNA
GBPCPCFC_01155,gnl|Prokka|GBPCPCFC_22,1222,1348403,0.593,948.8175,764.2049,0.8661,0.0,0.3406,-0.3531,729,-0.2876,-0.2171,0.6065,0,0,0.1557,0.0126,0.1408,0.0243,0.3333,-0.3577,-0.4561,-1.3933563501930886,-0.6380400639255953,0.31411563848110075,GBPCPCFC_01155-0,GBPCPCFC_01155-0,Rickettsia endosymbiont of Bryobia graminum,2878922,70.8,3.38e-116,342,unclassified Rickettsia,114295,,,Rickettsia,780,0,Alphaproteobacteria,28211,265300,266028,GBPCPCFC_01154,GBPCPCFC_01156,mRNA
GBPCPCFC_01156,gnl|Prokka|GBPCPCFC_22,1222,1348403,0.593,948.8175,764.2049,0.8661,0.0,0.3406,-0.3531,86,-1.129,-1.0947,0.6051,0,0,-0.0461,0.5789,-0.0114,0.891,0.5465,5.7321,1.4466,-1.1941481422147233,-2.863202225779109,0.3712502466353725,GBPCPCFC_01156-0,GBPCPCFC_01156-0,,,,,,,,,,,,0,Unassigned,,266245,266330,GBPCPCFC_01155,GBPCPCFC_01157,mRNA
GBPCPCFC_01157,gnl|Prokka|GBPCPCFC_22,1222,1348403,0.593,948.8175,764.2049,0.8661,0.0,0.3406,-0.3531,74,-1.1447,-1.1111,0.6049,0,0,-0.077,0.4156,-0.0716,0.4488,0.6081,7.4917,1.9963,-1.1995515757692996,-3.2140026983760337,0.3562308280330109,GBPCPCFC_01157-0,GBPCPCFC_01157-0,,,,,,,,,,,,0,Unassigned,,266353,266426,GBPCPCFC_01156,GBPCPCFC_01158,mRNA
GBPCPCFC_01158,gnl|Prokka|GBPCPCFC_22,1222,1348403,0.593,948.8175,764.2049,0.8661,0.0,0.3406,-0.3531,1185,0.3091,0.4053,0.6047,0,0,0.4311,0.0,0.4172,0.0,0.3992,1.5226,0.1314,-1.5479472813722464,2.066516623915833,0.3039335152158072,GBPCPCFC_01158-0,GBPCPCFC_01158-0,Rickettsia endosymbiont of Oedothorax gibbosus,931099,81.7,3.07e-236,659,root,1,Sciaridae,7184,Sciaridae,7184,1,Eumetazoa,6072,266521,267705,GBPCPCFC_01157,GBPCPCFC_01159,mRNA
GBPCPCFC_01159,gnl|Prokka|GBPCPCFC_22,1222,1348403,0.593,948.8175,764.2049,0.8661,0.0,0.3406,-0.3531,330,-0.8098,-0.7617,0.6026,0,0,0.0474,0.4569,0.0785,0.2181,0.3848,1.1139,0.0037,-1.2665519435995014,-1.8384474279413416,0.3510955630816678,GBPCPCFC_01159-0,GBPCPCFC_01159-0,Rickettsia endosymbiont of Cimex lectularius,2698648,88.1,1.93e-57,183,cellular organisms,131567,Sciaridae,7184,Sciaridae,7184,1,Eumetazoa,6072,267934,268263,GBPCPCFC_01158,GBPCPCFC_01160,mRNA
GBPCPCFC_01160,gnl|Prokka|GBPCPCFC_22,1222,1348403,0.593,948.8175,764.2049,0.8661,0.0,0.3406,-0.3531,648,-0.3936,-0.3276,0.6021,0,0,0.3424,0.0,0.3214,0.0,0.358,0.3477,-0.2357,-1.4256076462804754,0.6461043269026722,0.3455023288776575,GBPCPCFC_01160-0,GBPCPCFC_01160-0,Rickettsia endosymbiont of Cimex lectularius,2698648,79.2,1.53e-117,343,cellular organisms,131567,Sciaridae,7184,Sciaridae,7184,1,Eumetazoa,6072,268260,268907,GBPCPCFC_01159,GBPCPCFC_01161,mRNA
GBPCPCFC_01161,gnl|Prokka|GBPCPCFC_22,1222,1348403,0.593,948.8175,764.2049,0.8661,0.0,0.3406,-0.3531,624,-0.425,-0.3604,0.6011,0,0,0.1437,0.0215,0.1888,0.0024,0.3237,-0.6324,-0.5419,-1.340225280458058,-0.6645171665862546,0.333851855422465,GBPCPCFC_01161-0,GBPCPCFC_01161-0,Rickettsia endosymbiont of Bryobia graminum,2878922,82.1,3.15e-115,337,Rickettsia,780,,,Rickettsia,780,0,Alphaproteobacteria,28211,268913,269536,GBPCPCFC_01160,GBPCPCFC_01162,mRNA
GBPCPCFC_01162,gnl|Prokka|GBPCPCFC_22,1222,1348403,0.593,948.8175,764.2049,0.8661,0.0,0.3406,-0.3531,297,-0.8529,-0.8067,0.6002,0,0,0.1087,0.1266,0.0484,0.4976,0.2896,-1.6081,-0.8468,-1.3219455790524317,-1.7319733407365412,0.3280509272825212,GBPCPCFC_01162-0,GBPCPCFC_01162-0,unclassified Rickettsia,114295,85.7,5.80e-52,168,unclassified Rickettsia,114295,,,Rickettsia,780,0,Alphaproteobacteria,28211,269533,269829,GBPCPCFC_01161,GBPCPCFC_01163,mRNA
GBPCPCFC_01163,gnl|Prokka|GBPCPCFC_22,1222,1348403,0.593,948.8175,764.2049,0.8661,0.0,0.3406,-0.3531,822,-0.1659,-0.0901,0.5998,0,0,0.1839,0.0031,0.1966,0.0016,0.3832,1.0672,-0.0109,-1.4055291840743092,-0.20415152923145813,0.30218283518755784,GBPCPCFC_01163-0,GBPCPCFC_01163-0,Rickettsia endosymbiont of Bryobia graminum,2878922,90.5,6.58e-184,516,Rickettsia,780,,,Rickettsia,780,0,Alphaproteobacteria,28211,269829,270650,GBPCPCFC_01162,GBPCPCFC_01164,mRNA
GBPCPCFC_01164,gnl|Prokka|GBPCPCFC_22,1222,1348403,0.593,948.8175,764.2049,0.8661,0.0,0.3406,-0.3531,279,-0.8765,-0.8313,0.5985,0,0,0.0641,0.3344,0.057,0.3908,0.3548,0.2566,-0.2642,-1.2809187855662139,-1.9116441620881541,0.3373052545302233,GBPCPCFC_01164-0,GBPCPCFC_01164-0,Rickettsia endosymbiont of Bryobia graminum,2878922,91.3,1.36e-54,174,cellular organisms,131567,Sciaridae,7184,Sciaridae,7184,1,Eumetazoa,6072,270664,270942,GBPCPCFC_01163,GBPCPCFC_01165,mRNA
GBPCPCFC_01165,gnl|Prokka|GBPCPCFC_22,1222,1348403,0.593,948.8175,764.2049,0.8661,0.0,0.3406,-0.3531,360,-0.7705,-0.7207,0.5981,0,0,0.1545,0.0164,0.1913,0.0029,0.3583,0.3565,-0.233,-1.2958066521745037,-0.9666225467027123,0.3583561227399577,GBPCPCFC_01165-0,GBPCPCFC_01165-0,unclassified Rickettsia,114295,94.0,2.58e-67,209,unclassified Rickettsia,114295,,,Rickettsia,780,0,Alphaproteobacteria,28211,270945,271304,GBPCPCFC_01164,GBPCPCFC_01166,mRNA
GBPCPCFC_01166,gnl|Prokka|GBPCPCFC_22,1222,1348403,0.593,948.8175,764.2049,0.8661,0.0,0.3406,-0.3531,657,-0.3819,-0.3153,0.5976,0,0,0.1865,0.0037,0.118,0.0675,0.3288,-0.4881,-0.4969,-1.4158432740715559,-0.6851576849821306,0.2888604306489704,GBPCPCFC_01166-0,GBPCPCFC_01166-0,Rickettsia endosymbiont of Bryobia graminum,2878922,85.3,2.95e-130,376,unclassified Rickettsia,114295,,,Rickettsia,780,0,Alphaproteobacteria,28211,271308,271964,GBPCPCFC_01165,GBPCPCFC_01167,mRNA
GBPCPCFC_01167,gnl|Prokka|GBPCPCFC_22,1222,1348403,0.593,948.8175,764.2049,0.8661,0.0,0.3406,-0.3531,411,-0.7038,-0.6511,0.5966,0,0,-0.0425,0.5056,0.0378,0.5531,0.3917,1.3104,0.0651,-1.2372619937129603,-2.24075224832721,0.32856093714456863,GBPCPCFC_01167-0,GBPCPCFC_01167-0,Rickettsia endosymbiont of Cimex lectularius,2698648,93.4,6.21e-83,249,Alphaproteobacteria,28211,,,Alphaproteobacteria,28211,0,Alphaproteobacteria,28211,271980,272390,GBPCPCFC_01166,GBPCPCFC_01168,mRNA
GBPCPCFC_01168,gnl|Prokka|GBPCPCFC_22,1222,1348403,0.593,948.8175,764.2049,0.8661,0.0,0.3406,-0.3531,213,-0.9629,-0.9213,0.596,0,0,0.1037,0.208,0.1336,0.1043,0.2394,-3.04,-1.2941,-1.2588881153955038,-1.5731532002046007,0.3599578083298831,GBPCPCFC_01168-0,GBPCPCFC_01168-0,Rickettsia endosymbiont of Cimex lectularius,2698648,77.1,5.68e-26,100,unclassified Rickettsia,114295,,,Rickettsia,780,0,Alphaproteobacteria,28211,272383,272595,GBPCPCFC_01167,GBPCPCFC_01169,mRNA
GBPCPCFC_01169,gnl|Prokka|GBPCPCFC_22,1222,1348403,0.593,948.8175,764.2049,0.8661,0.0,0.3406,-0.3531,234,-0.9354,-0.8927,0.5957,0,0,0.0765,0.2561,-0.0334,0.621,0.3248,-0.6019,-0.5324,-1.328322660294567,-2.2308766445335624,0.3019160699479612,GBPCPCFC_01169-0,GBPCPCFC_01169-0,unclassified Rickettsia,114295,90.5,7.05e-41,139,Rickettsia,780,,,Rickettsia,780,0,Alphaproteobacteria,28211,272601,272834,GBPCPCFC_01168,GBPCPCFC_01170,mRNA
GBPCPCFC_01170,gnl|Prokka|GBPCPCFC_22,1222,1348403,0.593,948.8175,764.2049,0.8661,0.0,0.3406,-0.3531,369,-0.7587,-0.7084,0.5952,0,0,0.1355,0.0452,0.1712,0.0111,0.3767,0.881,-0.0691,-1.2942422212123184,-1.102170494395057,0.3467535584896598,GBPCPCFC_01170-0,GBPCPCFC_01170-0,Rickettsia endosymbiont of Bryobia graminum,2878922,83.6,2.84e-61,194,Alphaproteobacteria,28211,,,Alphaproteobacteria,28211,0,Alphaproteobacteria,28211,272902,273270,GBPCPCFC_01169,GBPCPCFC_01171,mRNA
GBPCPCFC_01171,gnl|Prokka|GBPCPCFC_22,1222,1348403,0.593,948.8175,764.2049,0.8661,0.0,0.3406,-0.3531,330,-0.8098,-0.7617,0.5947,0,0,0.119,0.0868,0.1378,0.0471,0.3121,-0.9636,-0.6454,-1.291440829439708,-1.3378068120886388,0.34140221678314825,GBPCPCFC_01171-0,GBPCPCFC_01171-0,Rickettsia endosymbiont of Bryobia graminum,2878922,85.3,1.83e-60,191,Rickettsia,780,,,Rickettsia,780,0,Alphaproteobacteria,28211,273271,273600,GBPCPCFC_01170,GBPCPCFC_01172,mRNA
GBPCPCFC_01172,gnl|Prokka|GBPCPCFC_22,1222,1348403,0.593,948.8175,764.2049,0.8661,0.0,0.3406,-0.3531,543,-0.531,-0.4709,0.5942,0,0,0.0628,0.348,0.1002,0.1342,0.3076,-1.0942,-0.6862,-1.3105882987351631,-1.4123687674601337,0.3105083166864769,GBPCPCFC_01172-0,GBPCPCFC_01172-0,Rickettsia endosymbiont of Bryobia graminum,2878922,83.9,3.06e-102,302,Rickettsia,780,,,Rickettsia,780,0,Alphaproteobacteria,28211,273600,274142,GBPCPCFC_01171,GBPCPCFC_01173,mRNA
GBPCPCFC_01173,gnl|Prokka|GBPCPCFC_22,1222,1348403,0.593,948.8175,764.2049,0.8661,0.0,0.3406,-0.3531,171,-1.0178,-0.9787,0.5932,0,0,0.0592,0.4689,0.044,0.5907,0.3567,0.3105,-0.2473,-1.263808436093896,-2.1217321183028557,0.3345696256888707,GBPCPCFC_01173-0,GBPCPCFC_01173-0,Rickettsia endosymbiont of Labidopullus appendiculatus,2878921,94.6,1.42e-30,112,cellular organisms,131567,Sciaridae,7184,Sciaridae,7184,1,Eumetazoa,6072,274294,274464,GBPCPCFC_01172,GBPCPCFC_01174,mRNA
GBPCPCFC_01174,gnl|Prokka|GBPCPCFC_22,1222,1348403,0.593,948.8175,764.2049,0.8661,0.0,0.3406,-0.3531,399,-0.7195,-0.6675,0.5929,0,0,0.1484,0.0312,0.1381,0.045,0.2982,-1.36,-0.7693,-1.3272751462525387,-1.1215297835237676,0.32363876346817,GBPCPCFC_01174-0,GBPCPCFC_01174-0,unclassified Rickettsia,114295,79.5,3.32e-67,209,unclassified Rickettsia,114295,,,Rickettsia,780,0,Alphaproteobacteria,28211,274483,274881,GBPCPCFC_01173,GBPCPCFC_01175,mRNA
GBPCPCFC_01175,gnl|Prokka|GBPCPCFC_22,1222,1348403,0.593,948.8175,764.2049,0.8661,0.0,0.3406,-0.3531,534,-0.5428,-0.4832,0.5923,0,0,-0.0449,0.4815,-0.0215,0.7357,0.324,-0.6252,-0.5397,-1.2909420707929375,-2.2881728706142628,0.2827707225247392,GBPCPCFC_01175-0,GBPCPCFC_01175-0,Rickettsia endosymbiont of Bryobia graminum,2878922,70.5,6.33e-82,250,cellular organisms,131567,Sciaridae,7184,Sciaridae,7184,1,Eumetazoa,6072,274891,275424,GBPCPCFC_01174,GBPCPCFC_01176,mRNA
GBPCPCFC_01176,gnl|Prokka|GBPCPCFC_22,1222,1348403,0.593,948.8175,764.2049,0.8661,0.0,0.3406,-0.3531,357,-0.7744,-0.7248,0.5915,0,0,0.0717,0.2819,0.0756,0.2567,0.3473,0.0424,-0.3311,-1.2938805080435436,-1.7105785699487281,0.3168247424369555,GBPCPCFC_01176-0,GBPCPCFC_01176-0,Rickettsia endosymbiont of Labidopullus appendiculatus,2878921,78.8,1.01e-59,189,unclassified Rickettsia,114295,,,Rickettsia,780,0,Alphaproteobacteria,28211,275441,275797,GBPCPCFC_01175,GBPCPCFC_01177,mRNA
GBPCPCFC_01177,gnl|Prokka|GBPCPCFC_22,1222,1348403,0.593,948.8175,764.2049,0.8661,0.0,0.3406,-0.3531,543,-0.531,-0.4709,0.5908,0,0,0.2123,0.0007,0.3704,0.0,0.3775,0.9049,-0.0616,-1.2847536980654708,0.13463832283325136,0.3727158579082422,GBPCPCFC_01177-0,GBPCPCFC_01177-0,Pseudolycoriella hygida,35572,81.1,2.61e-86,271,cellular organisms,131567,Sciaridae,7184,Sciaridae,7184,1,Eumetazoa,6072,275871,276413,GBPCPCFC_01176,GBPCPCFC_01178,mRNA
GBPCPCFC_01178,gnl|Prokka|GBPCPCFC_22,1222,1348403,0.593,948.8175,764.2049,0.8661,0.0,0.3406,-0.3531,345,-0.7901,-0.7412,0.5897,0,0,-0.0042,0.9501,-0.0657,0.3233,0.3275,-0.5233,-0.5078,-1.3074903411570595,-2.5260872738980047,0.2771086328596312,GBPCPCFC_01178-0,GBPCPCFC_01178-0,unclassified Rickettsia,114295,68.2,3.09e-25,100,unclassified Rickettsia,114295,,,Rickettsia,780,0,Alphaproteobacteria,28211,276594,276938,GBPCPCFC_01177,GBPCPCFC_01179,mRNA
GBPCPCFC_01179,gnl|Prokka|GBPCPCFC_22,1222,1348403,0.593,948.8175,764.2049,0.8661,0.0,0.3406,-0.3531,456,-0.6449,-0.5897,0.5892,0,0,0.1398,0.0352,0.2085,0.0016,0.318,-0.7962,-0.5931,-1.2966906071810194,-0.8386585847505863,0.33474719288036076,GBPCPCFC_01179-0,GBPCPCFC_01179-0,Rickettsia endosymbiont of Cimex lectularius,2698648,80.1,2.02e-77,237,cellular organisms,131567,Sciaridae,7184,Sciaridae,7184,1,Eumetazoa,6072,276948,277403,GBPCPCFC_01178,GBPCPCFC_01180,mRNA
GBPCPCFC_01180,gnl|Prokka|GBPCPCFC_22,1222,1348403,0.593,948.8175,764.2049,0.8661,0.0,0.3406,-0.3531,1302,0.4622,0.565,0.5885,0,0,0.1596,0.0105,0.2182,0.0004,0.3203,-0.7307,-0.5726,-1.472933840704616,0.4170530547928023,0.22903666623744046,GBPCPCFC_01180-0,GBPCPCFC_01180-0,Rickettsia endosymbiont of Bryobia graminum,2878922,86.6,9.62e-262,726,Rickettsiaceae,775,,,Rickettsiaceae,775,0,Alphaproteobacteria,28211,277407,278708,GBPCPCFC_01179,GBPCPCFC_01181,mRNA
GBPCPCFC_01181,gnl|Prokka|GBPCPCFC_22,1222,1348403,0.593,948.8175,764.2049,0.8661,0.0,0.3406,-0.3531,624,-0.425,-0.3604,0.5863,0,0,-0.0097,0.8767,0.1103,0.0782,0.3061,-1.1359,-0.6993,-1.2686413152365852,-1.5686364727325237,0.29872223907499096,GBPCPCFC_01181-0,GBPCPCFC_01181-0,Pseudolycoriella hygida,35572,71.5,5.05e-108,319,cellular organisms,131567,Sciaridae,7184,Sciaridae,7184,1,Eumetazoa,6072,278912,279535,GBPCPCFC_01180,GBPCPCFC_01182,mRNA
GBPCPCFC_01182,gnl|Prokka|GBPCPCFC_22,1222,1348403,0.593,948.8175,764.2049,0.8661,0.0,0.3406,-0.3531,378,-0.7469,-0.6961,0.5853,0,0,0.2564,0.0001,0.303,0.0,0.3439,-0.0554,-0.3616,-1.3210667980832085,-0.1363239991281148,0.3485356121986812,GBPCPCFC_01182-0,GBPCPCFC_01182-0,Rickettsia endosymbiont of Oedothorax gibbosus,931099,90.3,2.52e-70,217,Alphaproteobacteria,28211,,,Alphaproteobacteria,28211,0,Alphaproteobacteria,28211,279598,279975,GBPCPCFC_01181,GBPCPCFC_01183,mRNA
GBPCPCFC_01183,gnl|Prokka|GBPCPCFC_22,1222,1348403,0.593,948.8175,764.2049,0.8661,0.0,0.3406,-0.3531,387,-0.7352,-0.6839,0.5847,0,0,0.2919,0.0,0.2726,0.0,0.3566,0.3066,-0.2485,-1.3651778828789842,-0.08103765400344441,0.32888615772399477,GBPCPCFC_01183-0,GBPCPCFC_01183-0,unclassified Rickettsia,114295,90.6,2.69e-71,219,unclassified Rickettsia,114295,,,Rickettsia,780,0,Alphaproteobacteria,28211,279988,280374,GBPCPCFC_01182,GBPCPCFC_01184,mRNA
GBPCPCFC_01184,gnl|Prokka|GBPCPCFC_22,1222,1348403,0.593,948.8175,764.2049,0.8661,0.0,0.3406,-0.3531,1020,0.0931,0.1801,0.5841,0,0,0.2659,0.0,0.2684,0.0,0.3451,-0.0216,-0.3511,-1.4723438068851415,0.6499033113845737,0.252747841520432,GBPCPCFC_01184-0,GBPCPCFC_01184-0,Rickettsia endosymbiont of Oedothorax gibbosus,931099,83.2,1.33e-200,564,cellular organisms,131567,Sciaridae,7184,Sciaridae,7184,1,Eumetazoa,6072,280391,281410,GBPCPCFC_01183,GBPCPCFC_01185,mRNA
GBPCPCFC_01185,gnl|Prokka|GBPCPCFC_22,1222,1348403,0.593,948.8175,764.2049,0.8661,0.0,0.3406,-0.3531,402,-0.7155,-0.6634,0.5826,0,0,-0.0156,0.8101,0.0104,0.8725,0.3781,0.9214,-0.0565,-1.2725960174273376,-2.2350539598716797,0.28289739542080045,GBPCPCFC_01185-0,GBPCPCFC_01185-0,Rickettsia endosymbiont of Cimex lectularius,2698648,88.5,3.89e-70,217,cellular organisms,131567,Sciaridae,7184,Sciaridae,7184,1,Eumetazoa,6072,281427,281828,GBPCPCFC_01184,GBPCPCFC_01186,mRNA
GBPCPCFC_01186,gnl|Prokka|GBPCPCFC_22,1222,1348403,0.593,948.8175,764.2049,0.8661,0.0,0.3406,-0.3531,261,-0.9,-0.8558,0.5819,0,0,0.0875,0.1961,0.0827,0.2219,0.2644,-2.3278,-1.0716,-1.2852285470197873,-1.7495007857682778,0.30621404023416315,GBPCPCFC_01186-0,GBPCPCFC_01186-0,unclassified Rickettsia,114295,89.5,4.91e-41,140,unclassified Rickettsia,114295,,,Rickettsia,780,0,Alphaproteobacteria,28211,281879,282139,GBPCPCFC_01185,GBPCPCFC_01187,mRNA
GBPCPCFC_01187,gnl|Prokka|GBPCPCFC_22,1222,1348403,0.593,948.8175,764.2049,0.8661,0.0,0.3406,-0.3531,669,-0.3662,-0.299,0.5815,0,0,0.2125,0.0008,0.2008,0.0015,0.3274,-0.5285,-0.5095,-1.3985880877279462,-0.27613684025088026,0.2751883645152896,GBPCPCFC_01187-0,GBPCPCFC_01187-0,Rickettsia endosymbiont of Cimex lectularius,2698648,75.3,6.49e-101,301,cellular organisms,131567,Protostomia,33317,Protostomia,33317,1,Eumetazoa,6072,282155,282823,GBPCPCFC_01186,GBPCPCFC_01188,mRNA
GBPCPCFC_01188,gnl|Prokka|GBPCPCFC_22,1222,1348403,0.593,948.8175,764.2049,0.8661,0.0,0.3406,-0.3531,1812,1.1295,1.2611,0.5803,0,0,0.4585,0.0,0.4612,0.0,0.4117,1.881,0.2433,-1.674225018235505,3.1777035155792834,0.1813534493438719,GBPCPCFC_01188-0,GBPCPCFC_01188-0,,,,,,,,,,,,0,Unassigned,,282993,284804,GBPCPCFC_01187,GBPCPCFC_01189,mRNA
GBPCPCFC_01189,gnl|Prokka|GBPCPCFC_22,1222,1348403,0.593,948.8175,764.2049,0.8661,0.0,0.3406,-0.3531,264,-0.8961,-0.8517,0.5775,0,0,0.1838,0.0107,0.1687,0.0193,0.2841,-1.7644,-0.8956,-1.3147996969015965,-1.0509143781233392,0.3093836731037808,GBPCPCFC_01189-0,GBPCPCFC_01189-0,Rickettsia endosymbiont of Ceutorhynchus assimilis,2884482,54.4,7.50e-10,61.2,Rickettsia,780,,,Rickettsia,780,0,Alphaproteobacteria,28211,284855,285118,GBPCPCFC_01188,GBPCPCFC_01190,mRNA
GBPCPCFC_01190,gnl|Prokka|GBPCPCFC_22,1222,1348403,0.593,948.8175,764.2049,0.8661,0.0,0.3406,-0.3531,768,-0.2366,-0.1638,0.5771,0,0,0.2564,0.0,0.2322,0.0002,0.362,0.4606,-0.2004,-1.4357542994973949,0.14725869801398128,0.25631643405020427,GBPCPCFC_01190-0,GBPCPCFC_01190-0,Rickettsia endosymbiont of Sericostoma sp. HW-2014,2878927,82.9,4.33e-143,411,cellular organisms,131567,Sciaridae,7184,Sciaridae,7184,1,Eumetazoa,6072,285120,285887,GBPCPCFC_01189,GBPCPCFC_01191,mRNA
GBPCPCFC_01191,gnl|Prokka|GBPCPCFC_22,1222,1348403,0.593,948.8175,764.2049,0.8661,0.0,0.3406,-0.3531,774,-0.2288,-0.1556,0.5758,0,0,0.2583,0.0,0.276,0.0,0.4044,1.6722,0.1781,-1.4161472913257787,0.313362602672372,0.2679087105886622,GBPCPCFC_01191-0,GBPCPCFC_01191-0,Rickettsia endosymbiont of Bryobia graminum,2878922,89.1,1.03e-147,423,Rickettsia,780,,,Rickettsia,780,0,Alphaproteobacteria,28211,285969,286742,GBPCPCFC_01190,GBPCPCFC_01192,mRNA
GBPCPCFC_01192,gnl|Prokka|GBPCPCFC_22,1222,1348403,0.593,948.8175,764.2049,0.8661,0.0,0.3406,-0.3531,1134,0.2423,0.3357,0.5747,0,0,0.033,0.5994,0.1238,0.0478,0.3439,-0.0554,-0.3616,-1.3963746369353733,-0.6569606224402453,0.20646237677138796,GBPCPCFC_01192-0,GBPCPCFC_01192-0,Rickettsia endosymbiont of Bryobia graminum,2878922,72.9,6.09e-195,552,cellular organisms,131567,Sciaridae,7184,Sciaridae,7184,1,Eumetazoa,6072,286732,287865,GBPCPCFC_01191,GBPCPCFC_01193,mRNA
GBPCPCFC_01193,gnl|Prokka|GBPCPCFC_22,1222,1348403,0.593,948.8175,764.2049,0.8661,0.0,0.3406,-0.3531,1290,0.4465,0.5487,0.5729,0,0,0.2372,0.0001,0.3433,0.0,0.2946,-1.4649,-0.802,-1.4678294875774607,1.1526864690333918,0.22546570027423507,GBPCPCFC_01193-0,GBPCPCFC_01193-0,Rickettsia endosymbiont of Ceutorhynchus assimilis,2884482,87.6,2.00e-241,675,Rickettsia,780,,,Rickettsia,780,0,Alphaproteobacteria,28211,287930,289219,GBPCPCFC_01192,GBPCPCFC_01194,mRNA
GBPCPCFC_01194,gnl|Prokka|GBPCPCFC_22,1222,1348403,0.593,948.8175,764.2049,0.8661,0.0,0.3406,-0.3531,879,-0.0914,-0.0123,0.571,0,0,0.3461,0.0,0.3388,0.0,0.3447,-0.0327,-0.3546,-1.4713861600802685,1.0347820725076964,0.2508047971477871,GBPCPCFC_01194-0,GBPCPCFC_01194-0,Rickettsia endosymbiont of Cimex lectularius,2698648,70.2,4.63e-145,421,cellular organisms,131567,Sciaridae,7184,Sciaridae,7184,1,Eumetazoa,6072,289244,290122,GBPCPCFC_01193,GBPCPCFC_01195,mRNA
GBPCPCFC_01195,gnl|Prokka|GBPCPCFC_22,1222,1348403,0.593,948.8175,764.2049,0.8661,0.0,0.3406,-0.3531,2040,1.4279,1.5723,0.5693,0,0,0.2519,0.0,0.3106,0.0,0.3569,0.3145,-0.2461,-1.6437438463695095,2.1125939550957105,0.11062997425985713,GBPCPCFC_01195-0,GBPCPCFC_01195-0,,,,,,,,,,,,0,Unassigned,,290397,292436,GBPCPCFC_01194,GBPCPCFC_01196,mRNA
GBPCPCFC_01196,gnl|Prokka|GBPCPCFC_22,1222,1348403,0.593,948.8175,764.2049,0.8661,0.0,0.3406,-0.3531,105,-1.1042,-1.0688,0.5659,0,0,0.087,0.3119,0.1372,0.11,0.2762,-1.9901,-0.9661,-1.2296105435356954,-1.7737066762190734,0.3079892206845271,GBPCPCFC_01196-0,GBPCPCFC_01196-0,,,,,,,,,,,,0,Unassigned,,292638,292742,GBPCPCFC_01195,GBPCPCFC_01197,mRNA
GBPCPCFC_01197,gnl|Prokka|GBPCPCFC_22,1222,1348403,0.593,948.8175,764.2049,0.8661,0.0,0.3406,-0.3531,2526,2.0638,2.2357,0.5655,0,0,0.1753,0.0049,0.2595,0.0,0.3092,-1.0475,-0.6716,-1.7088741491708979,2.275493199801407,0.03729689961963281,GBPCPCFC_01197-0,GBPCPCFC_01197-0,Rickettsia endosymbiont of Pseudomimeciton antennatum,2878923,60.2,0.0,988,unclassified Rickettsia,114295,,,Rickettsia,780,0,Alphaproteobacteria,28211,292919,295444,GBPCPCFC_01196,GBPCPCFC_01198,mRNA
GBPCPCFC_01198,gnl|Prokka|GBPCPCFC_22,1222,1348403,0.593,948.8175,764.2049,0.8661,0.0,0.3406,-0.3531,969,0.0264,0.1105,0.5618,0,0,0.1572,0.0118,0.1668,0.0075,0.3426,-0.0924,-0.3732,-1.4376368450416668,-0.21670163446994734,0.19047594739681062,GBPCPCFC_01198-0,GBPCPCFC_01198-0,Rickettsia endosymbiont of Bryobia graminum,2878922,81.4,7.91e-189,533,cellular organisms,131567,Sciaridae,7184,Sciaridae,7184,1,Eumetazoa,6072,295453,296421,GBPCPCFC_01197,GBPCPCFC_01199,mRNA
GBPCPCFC_01199,gnl|Prokka|GBPCPCFC_22,1222,1348403,0.593,948.8175,764.2049,0.8661,0.0,0.3406,-0.3531,1329,0.4975,0.6019,0.5603,0,0,0.2044,0.001,0.2553,0.0,0.3363,-0.2717,-0.4292,-1.498686005665007,0.7681450467947681,0.16595973729215555,GBPCPCFC_01199-0,GBPCPCFC_01199-0,Rickettsia endosymbiont of Cimex lectularius,2698648,76.2,4.35e-244,682,unclassified Rickettsia,114295,,,Rickettsia,780,0,Alphaproteobacteria,28211,296472,297800,GBPCPCFC_01198,GBPCPCFC_01200,mRNA
GBPCPCFC_01200,gnl|Prokka|GBPCPCFC_22,1222,1348403,0.593,948.8175,764.2049,0.8661,0.0,0.3406,-0.3531,2655,2.2326,2.4117,0.5581,0,0,0.3586,0.0,0.4206,0.0,0.345,-0.0241,-0.3519,-1.7904743858899066,3.7619264429448105,0.029560333487310707,GBPCPCFC_01200-0,GBPCPCFC_01200-0,Pseudolycoriella hygida,35572,74.2,0.0,1303,cellular organisms,131567,Sciaridae,7184,Sciaridae,7184,1,Eumetazoa,6072,297903,300557,GBPCPCFC_01199,GBPCPCFC_01201,mRNA
GBPCPCFC_01201,gnl|Prokka|GBPCPCFC_22,1222,1348403,0.593,948.8175,764.2049,0.8661,0.0,0.3406,-0.3531,474,-0.6213,-0.5651,0.5542,0,0,0.1946,0.0021,0.2384,0.0002,0.346,0.0039,-0.3431,-1.3332917770163824,-0.48244445404110814,0.25273270595519276,GBPCPCFC_01201-0,GBPCPCFC_01201-0,Rickettsia endosymbiont of Labidopullus appendiculatus,2878921,76.2,1.80e-72,224,cellular organisms,131567,Sciaridae,7184,Sciaridae,7184,1,Eumetazoa,6072,300567,301040,GBPCPCFC_01200,GBPCPCFC_01202,mRNA
GBPCPCFC_01202,gnl|Prokka|GBPCPCFC_22,1222,1348403,0.593,948.8175,764.2049,0.8661,0.0,0.3406,-0.3531,132,-1.0688,-1.0319,0.5535,0,0,0.0863,0.2938,0.1716,0.0358,0.3258,-0.5741,-0.5237,-1.219311591576324,-1.6218370554696822,0.28850731099123267,GBPCPCFC_01202-0,GBPCPCFC_01202-0,unclassified Rickettsia,114295,88.6,6.15e-14,68.6,unclassified Rickettsia,114295,,,Rickettsia,780,0,Alphaproteobacteria,28211,301055,301186,GBPCPCFC_01201,GBPCPCFC_01203,mRNA
GBPCPCFC_01203,gnl|Prokka|GBPCPCFC_22,1222,1348403,0.593,948.8175,764.2049,0.8661,0.0,0.3406,-0.3531,729,-0.2876,-0.2171,0.5532,0,0,0.1615,0.0096,0.2695,0.0,0.3333,-0.3577,-0.4561,-1.3428514890973098,-0.16915920979252164,0.23600147942780683,GBPCPCFC_01203-0,GBPCPCFC_01203-0,Didymodactylos carnosus,1234261,63.0,2.60e-92,282,cellular organisms,131567,Protostomia,33317,Protostomia,33317,1,Eumetazoa,6072,301214,301942,GBPCPCFC_01202,GBPCPCFC_01204,mRNA
GBPCPCFC_01204,gnl|Prokka|GBPCPCFC_22,1222,1348403,0.593,948.8175,764.2049,0.8661,0.0,0.3406,-0.3531,579,-0.4839,-0.4218,0.5521,0,0,0.1533,0.0141,0.121,0.0531,0.3696,0.6784,-0.1324,-1.3836034807246602,-0.9150869021902448,0.20039610575263872,GBPCPCFC_01204-0,GBPCPCFC_01204-0,Rickettsia endosymbiont of Bryobia graminum,2878922,78.4,1.54e-108,319,unclassified Rickettsia,114295,,,Rickettsia,780,0,Alphaproteobacteria,28211,301958,302536,GBPCPCFC_01203,GBPCPCFC_01205,mRNA
GBPCPCFC_01205,gnl|Prokka|GBPCPCFC_22,1222,1348403,0.593,948.8175,764.2049,0.8661,0.0,0.3406,-0.3531,120,-1.0845,-1.0483,0.5511,0,0,-0.0087,0.913,-0.0337,0.6724,0.375,0.8326,-0.0842,-1.251555219643117,-2.7361142959856544,0.22793888724047026,GBPCPCFC_01205-0,GBPCPCFC_01205-0,Rickettsia endosymbiont of Culicoides newsteadi,1961830,62.5,2.73e-05,50.1,unclassified Rickettsia,114295,,,Rickettsia,780,0,Alphaproteobacteria,28211,302645,302764,GBPCPCFC_01204,GBPCPCFC_01206,mRNA
GBPCPCFC_01206,gnl|Prokka|GBPCPCFC_22,1222,1348403,0.593,948.8175,764.2049,0.8661,0.0,0.3406,-0.3531,195,-0.9864,-0.9459,0.5509,0,0,-0.0407,0.5362,0.0044,0.9465,0.3897,1.2538,0.0474,-1.2228260292306024,-2.6367502397417373,0.2374751417269757,GBPCPCFC_01206-0,GBPCPCFC_01206-0,spotted fever group,114277,71.4,3.93e-15,79.3,Rickettsia,780,,,Rickettsia,780,0,Alphaproteobacteria,28211,302766,302960,GBPCPCFC_01205,GBPCPCFC_01207,mRNA
GBPCPCFC_01207,gnl|Prokka|GBPCPCFC_22,1222,1348403,0.593,948.8175,764.2049,0.8661,0.0,0.3406,-0.3531,555,-0.5153,-0.4546,0.5506,0,0,0.1464,0.0208,0.1841,0.0036,0.3315,-0.4092,-0.4722,-1.3416759815593051,-0.7593316890068164,0.22361178423988287,GBPCPCFC_01207-0,GBPCPCFC_01207-0,Pseudolycoriella hygida,35572,53.0,1.21e-22,106,Pseudolycoriella hygida,35572,,,Pseudolycoriella hygida,35572,0,Eumetazoa,6072,303009,303563,GBPCPCFC_01206,GBPCPCFC_01208,mRNA
GBPCPCFC_01208,gnl|Prokka|GBPCPCFC_22,1222,1348403,0.593,948.8175,764.2049,0.8661,0.0,0.3406,-0.3531,465,-0.6331,-0.5774,0.5489,0,0,0.1185,0.0624,0.1924,0.0023,0.3183,-0.7877,-0.5905,-1.2991728273002607,-0.9678270446098051,0.23866310684009862,GBPCPCFC_01208-0,GBPCPCFC_01208-0,Parachlamydia sp. AcF125,2795736,69.7,4.95e-66,208,Bacteria,2,,,Bacteria,2,0,Bacteria,2,304118,304582,GBPCPCFC_01207,GBPCPCFC_01209,mRNA
GBPCPCFC_01209,gnl|Prokka|GBPCPCFC_22,1222,1348403,0.593,948.8175,764.2049,0.8661,0.0,0.3406,-0.3531,4710,4.9217,5.2166,0.5479,0,0,0.5069,0.0,0.5646,0.0,0.3331,-0.3638,-0.458,-2.2337024969144568,7.641499138943613,-0.2215703745259888,GBPCPCFC_01209-0,GBPCPCFC_01209-0,Pseudolycoriella hygida,35572,25.6,8.85e-21,114,Pseudolycoriella hygida,35572,,,Pseudolycoriella hygida,35572,0,Eumetazoa,6072,304807,309516,GBPCPCFC_01208,GBPCPCFC_01210,mRNA
GBPCPCFC_01210,gnl|Prokka|GBPCPCFC_22,1222,1348403,0.593,948.8175,764.2049,0.8661,0.0,0.3406,-0.3531,1572,0.8155,0.9336,0.5402,0,0,0.1655,0.008,0.2501,0.0001,0.3365,-0.2668,-0.4277,-1.5241516406036553,0.9177546044818002,0.09469411424670561,GBPCPCFC_01210-0,GBPCPCFC_01210-0,Rickettsia endosymbiont of Cimex lectularius,2698648,72.1,1.89e-265,743,unclassified Rickettsia,114295,,,Rickettsia,780,0,Alphaproteobacteria,28211,310017,311588,GBPCPCFC_01209,GBPCPCFC_01211,mRNA
GBPCPCFC_01211,gnl|Prokka|GBPCPCFC_22,1222,1348403,0.593,948.8175,764.2049,0.8661,0.0,0.3406,-0.3531,411,-0.7038,-0.6511,0.5378,0,0,0.0626,0.3262,0.1321,0.0377,0.3382,-0.2187,-0.4127,-1.2799467948126086,-1.478221741781145,0.2079809830520979,GBPCPCFC_01211-0,GBPCPCFC_01211-0,Rickettsia endosymbiont of Pseudomimeciton antennatum,2878923,59.8,2.71e-40,150,unclassified Rickettsia,114295,,,Rickettsia,780,0,Alphaproteobacteria,28211,311588,311998,GBPCPCFC_01210,GBPCPCFC_01212,mRNA
GBPCPCFC_01212,gnl|Prokka|GBPCPCFC_22,1222,1348403,0.593,948.8175,764.2049,0.8661,0.0,0.3406,-0.3531,987,0.05,0.1351,0.5373,0,0,0.3858,0.0,0.4742,0.0,0.2969,-1.3996,-0.7816,-1.4599597605676278,1.8114416427547841,0.201070342200668,GBPCPCFC_01212-0,GBPCPCFC_01212-0,Rickettsia endosymbiont of Labidopullus appendiculatus,2878921,57.8,1.28e-110,341,unclassified Rickettsia,114295,,,Rickettsia,780,0,Alphaproteobacteria,28211,311964,312950,GBPCPCFC_01211,GBPCPCFC_01213,mRNA
GBPCPCFC_01213,gnl|Prokka|GBPCPCFC_22,1222,1348403,0.593,948.8175,764.2049,0.8661,0.0,0.3406,-0.3531,1329,0.4975,0.6019,0.5356,0,0,0.3579,0.0,0.4278,0.0,0.3273,-0.5297,-0.5098,-1.5304025321021102,1.997622715358682,0.14344808454080216,GBPCPCFC_01213-0,GBPCPCFC_01213-0,Rickettsia endosymbiont of Labidopullus appendiculatus,2878921,59.2,1.95e-169,495,unclassified Rickettsia,114295,,,Rickettsia,780,0,Alphaproteobacteria,28211,313088,314416,GBPCPCFC_01212,GBPCPCFC_01214,mRNA
GBPCPCFC_01214,gnl|Prokka|GBPCPCFC_22,1222,1348403,0.593,948.8175,764.2049,0.8661,0.0,0.3406,-0.3531,2028,1.4122,1.556,0.5328,0,0,0.2971,0.0,0.3481,0.0,0.3624,0.4734,-0.1964,-1.6636554676387802,2.4145353391429367,0.03328111068810595,GBPCPCFC_01214-0,GBPCPCFC_01214-0,Pseudolycoriella hygida,35572,55.8,5.60e-168,518,Pseudolycoriella hygida,35572,,,Pseudolycoriella hygida,35572,0,Eumetazoa,6072,314992,317019,GBPCPCFC_01213,GBPCPCFC_01215,mRNA
GBPCPCFC_01215,gnl|Prokka|GBPCPCFC_22,1222,1348403,0.593,948.8175,764.2049,0.8661,0.0,0.3406,-0.3531,2679,2.264,2.4445,0.5297,0,0,0.385,0.0,0.478,0.0,0.3382,-0.2191,-0.4128,-1.7914731021444275,4.102302827718022,-0.023105477406563858,GBPCPCFC_01215-0,GBPCPCFC_01215-0,Pseudolycoriella hygida,35572,80.9,0.0,1412,cellular organisms,131567,Sciaridae,7184,Sciaridae,7184,1,Eumetazoa,6072,317104,319782,GBPCPCFC_01214,GBPCPCFC_01216,mRNA
GBPCPCFC_01216,gnl|Prokka|GBPCPCFC_22,1222,1348403,0.593,948.8175,764.2049,0.8661,0.0,0.3406,-0.3531,1308,0.47,0.5732,0.5254,0,0,0.3185,0.0,0.3734,0.0,0.3647,0.5377,-0.1763,-1.5267969210483843,1.6201055950884096,0.11000425985490699,GBPCPCFC_01216-0,GBPCPCFC_01216-0,Pseudolycoriella hygida,35572,81.8,1.28e-232,679,cellular organisms,131567,Sciaridae,7184,Sciaridae,7184,1,Eumetazoa,6072,320007,321314,GBPCPCFC_01215,GBPCPCFC_01217,mRNA
GBPCPCFC_01217,gnl|Prokka|GBPCPCFC_22,1222,1348403,0.593,948.8175,764.2049,0.8661,0.0,0.3406,-0.3531,831,-0.1542,-0.0778,0.5234,0,0,0.2127,0.0006,0.2862,0.0,0.3333,-0.3577,-0.4561,-1.3989364184060782,0.2396770801296069,0.15159130456338674,GBPCPCFC_01217-0,GBPCPCFC_01217-0,Rickettsia endosymbiont of Bryobia graminum,2878922,74.0,7.13e-142,410,Rickettsia,780,,,Rickettsia,780,0,Alphaproteobacteria,28211,321307,322137,GBPCPCFC_01216,GBPCPCFC_01218,mRNA
GBPCPCFC_01218,gnl|Prokka|GBPCPCFC_22,1222,1348403,0.593,948.8175,764.2049,0.8661,0.0,0.3406,-0.3531,588,-0.4721,-0.4095,0.522,0,0,0.1988,0.0014,0.1584,0.0111,0.3656,0.5654,-0.1677,-1.4065673776030136,-0.584463556861238,0.13516753702987255,GBPCPCFC_01218-0,GBPCPCFC_01218-0,Pararobbsia alpina,621374,32.2,1.71e-19,92.4,Pararobbsia alpina,621374,,,Pararobbsia alpina,621374,0,Betaproteobacteria,28216,322294,322881,GBPCPCFC_01217,GBPCPCFC_01219,mRNA
GBPCPCFC_01219,gnl|Prokka|GBPCPCFC_22,1222,1348403,0.593,948.8175,764.2049,0.8661,0.0,0.3406,-0.3531,1272,0.4229,0.5241,0.5204,0,0,0.1827,0.0033,0.2738,0.0,0.3404,-0.1556,-0.3929,-1.4700988851436412,0.6674179321226618,0.0912856215033573,GBPCPCFC_01219-0,GBPCPCFC_01219-0,Pseudolycoriella hygida,35572,82.9,2.00e-237,663,cellular organisms,131567,Sciaridae,7184,Sciaridae,7184,1,Eumetazoa,6072,323350,324621,GBPCPCFC_01218,GBPCPCFC_01220,mRNA
GBPCPCFC_01220,gnl|Prokka|GBPCPCFC_22,1222,1348403,0.593,948.8175,764.2049,0.8661,0.0,0.3406,-0.3531,573,-0.4918,-0.43,0.5183,0,0,0.11,0.0791,0.1143,0.0678,0.4049,1.6863,0.1825,-1.3604662591455914,-1.1238529505584023,0.12840588636230338,GBPCPCFC_01220-0,GBPCPCFC_01220-0,Paraburkholderia aromaticivorans,2026199,63.2,2.96e-77,239,Bacteria,2,,,Bacteria,2,0,Bacteria,2,324767,325339,GBPCPCFC_01219,GBPCPCFC_01221,mRNA
GBPCPCFC_01221,gnl|Prokka|GBPCPCFC_22,1222,1348403,0.593,948.8175,764.2049,0.8661,0.0,0.3406,-0.3531,468,-0.6292,-0.5733,0.5174,0,0,0.183,0.0057,0.2352,0.0004,0.3419,-0.1135,-0.3798,-1.3327380055838123,-0.547688422611242,0.16948116448894002,GBPCPCFC_01221-0,GBPCPCFC_01221-0,unclassified Rickettsia,114295,67.5,9.19e-62,197,cellular organisms,131567,Sciaridae,7184,Sciaridae,7184,1,Eumetazoa,6072,325393,325860,GBPCPCFC_01220,GBPCPCFC_01222,mRNA
GBPCPCFC_01222,gnl|Prokka|GBPCPCFC_22,1222,1348403,0.593,948.8175,764.2049,0.8661,0.0,0.3406,-0.3531,1266,0.415,0.5159,0.5164,0,0,0.2665,0.0,0.3463,0.0,0.3618,0.4546,-0.2023,-1.4953448996843715,1.2553382793999672,0.0939274720663078,GBPCPCFC_01222-0,GBPCPCFC_01222-0,Rickettsia endosymbiont of Bryobia graminum,2878922,77.3,1.38e-232,652,unclassified Rickettsia,114295,,,Rickettsia,780,0,Alphaproteobacteria,28211,326048,327313,GBPCPCFC_01221,GBPCPCFC_01223,mRNA
GBPCPCFC_01223,gnl|Prokka|GBPCPCFC_22,1222,1348403,0.593,948.8175,764.2049,0.8661,0.0,0.3406,-0.3531,77,-1.1408,-1.107,0.5142,0,0,-0.0105,0.9114,-0.1164,0.2175,0.5844,6.8148,1.7849,-1.2918746174714562,-3.0833311656711255,0.11889341369445693,GBPCPCFC_01223-0,GBPCPCFC_01223-0,,,,,,,,,,,,0,Unassigned,,327525,327601,GBPCPCFC_01222,GBPCPCFC_01224,mRNA
GBPCPCFC_01224,gnl|Prokka|GBPCPCFC_22,1222,1348403,0.593,948.8175,764.2049,0.8661,0.0,0.3406,-0.3531,1098,0.1952,0.2866,0.5141,0,0,0.1502,0.0179,0.1874,0.003,0.2668,-2.2569,-1.0495,-1.457173159425305,0.0019399551514440254,0.07306645342408061,GBPCPCFC_01224-0,GBPCPCFC_01224-0,Rickettsia endosymbiont of Cimex lectularius,2698648,66.8,2.28e-162,469,unclassified Rickettsia,114295,,,Rickettsia,780,0,Alphaproteobacteria,28211,327618,328715,GBPCPCFC_01223,GBPCPCFC_01225,mRNA
GBPCPCFC_01225,gnl|Prokka|GBPCPCFC_22,1222,1348403,0.593,948.8175,764.2049,0.8661,0.0,0.3406,-0.3531,1041,0.1206,0.2088,0.5123,0,0,0.233,0.0002,0.2352,0.0001,0.3948,1.3986,0.0926,-1.4838479755014342,0.4319813353379494,0.07843508249480376,GBPCPCFC_01225-0,GBPCPCFC_01225-0,Rickettsia endosymbiont of Culicoides newsteadi,1961830,91.6,8.80e-221,615,cellular organisms,131567,Sciaridae,7184,Sciaridae,7184,1,Eumetazoa,6072,328780,329820,GBPCPCFC_01224,GBPCPCFC_01226,mRNA
GBPCPCFC_01226,gnl|Prokka|GBPCPCFC_22,1222,1348403,0.593,948.8175,764.2049,0.8661,0.0,0.3406,-0.3531,837,-0.1463,-0.0696,0.5108,0,0,0.2593,0.0,0.348,0.0,0.2999,-1.3133,-0.7547,-1.405953151497138,0.653415362131642,0.1356492805710694,GBPCPCFC_01226-0,GBPCPCFC_01226-0,Rickettsia endosymbiont of Cimex lectularius,2698648,67.6,4.08e-125,368,unclassified Rickettsia,114295,,,Rickettsia,780,0,Alphaproteobacteria,28211,329823,330659,GBPCPCFC_01225,GBPCPCFC_01227,mRNA
GBPCPCFC_01227,gnl|Prokka|GBPCPCFC_22,1222,1348403,0.593,948.8175,764.2049,0.8661,0.0,0.3406,-0.3531,678,-0.3544,-0.2867,0.5095,0,0,0.1972,0.0015,0.2143,0.0006,0.3289,-0.4841,-0.4956,-1.3970161453428553,-0.27700210593742175,0.11544828432145401,GBPCPCFC_01227-0,GBPCPCFC_01227-0,Rickettsia endosymbiont of Culicoides newsteadi,1961830,75.6,4.12e-123,358,cellular organisms,131567,Sciaridae,7184,Sciaridae,7184,1,Eumetazoa,6072,330702,331379,GBPCPCFC_01226,GBPCPCFC_01228,mRNA
GBPCPCFC_01228,gnl|Prokka|GBPCPCFC_22,1222,1348403,0.593,948.8175,764.2049,0.8661,0.0,0.3406,-0.3531,1146,0.258,0.3521,0.5081,0,0,0.4276,0.0,0.4798,0.0,0.3429,-0.0835,-0.3704,-1.5257542148241483,2.219846068374418,0.1087562522930367,GBPCPCFC_01228-0,GBPCPCFC_01228-0,Rickettsia endosymbiont of Bryobia graminum,2878922,81.3,1.25e-212,598,cellular organisms,131567,Sciaridae,7184,Sciaridae,7184,1,Eumetazoa,6072,331651,332796,GBPCPCFC_01227,GBPCPCFC_01229,mRNA
GBPCPCFC_01229,gnl|Prokka|GBPCPCFC_22,1222,1348403,0.593,948.8175,764.2049,0.8661,0.0,0.3406,-0.3531,1071,0.1599,0.2497,0.5064,0,0,0.2958,0.0,0.3983,0.0,0.3427,-0.091,-0.3728,-1.45441066225531,1.2929998086702548,0.10821733499015897,GBPCPCFC_01229-0,GBPCPCFC_01229-0,Pseudolycoriella hygida,35572,70.1,4.13e-168,509,cellular organisms,131567,Sciaridae,7184,Sciaridae,7184,1,Eumetazoa,6072,332793,333863,GBPCPCFC_01228,GBPCPCFC_01230,mRNA
GBPCPCFC_01230,gnl|Prokka|GBPCPCFC_22,1222,1348403,0.593,948.8175,764.2049,0.8661,0.0,0.3406,-0.3531,762,-0.2445,-0.172,0.5047,0,0,0.2267,0.0003,0.2435,0.0001,0.3215,-0.6951,-0.5615,-1.4216484598695185,0.05886937709130128,0.09926806613290953,GBPCPCFC_01230-0,GBPCPCFC_01230-0,Rickettsia endosymbiont of Bryobia graminum,2878922,53.9,2.43e-73,234,unclassified Rickettsia,114295,,,Rickettsia,780,0,Alphaproteobacteria,28211,333911,334672,GBPCPCFC_01229,GBPCPCFC_01231,mRNA
GBPCPCFC_01231,gnl|Prokka|GBPCPCFC_22,1222,1348403,0.593,948.8175,764.2049,0.8661,0.0,0.3406,-0.3531,225,-0.9472,-0.905,0.5035,0,0,0.0664,0.3288,0.018,0.7911,0.4,1.5467,0.1389,-1.3119210841497693,-2.102917002815227,0.11033649527466777,GBPCPCFC_01231-0,GBPCPCFC_01231-0,,,,,,,,,,,,0,Unassigned,,334775,334999,GBPCPCFC_01230,GBPCPCFC_01232,mRNA
GBPCPCFC_01232,gnl|Prokka|GBPCPCFC_22,1222,1348403,0.593,948.8175,764.2049,0.8661,0.0,0.3406,-0.3531,531,-0.5467,-0.4873,0.5031,0,0,0.1462,0.0213,0.2124,0.0008,0.3785,0.9334,-0.0527,-1.332233098483616,-0.6925846216622823,0.12706943801278947,GBPCPCFC_01232-0,GBPCPCFC_01232-0,Rickettsia endosymbiont of Bryobia graminum,2878922,74.5,5.51e-78,239,unclassified Rickettsia,114295,,,Rickettsia,780,0,Alphaproteobacteria,28211,335024,335554,GBPCPCFC_01231,GBPCPCFC_01233,mRNA
GBPCPCFC_01233,gnl|Prokka|GBPCPCFC_22,1222,1348403,0.593,948.8175,764.2049,0.8661,0.0,0.3406,-0.3531,1740,1.0353,1.1629,0.5023,0,0,0.2572,0.0,0.3611,0.0,0.373,0.7751,-0.1022,-1.5769027307677947,1.9076926839248465,0.009949192366354595,GBPCPCFC_01233-0,GBPCPCFC_01233-0,Rickettsia endosymbiont of Bryobia graminum,2878922,86.9,0.0,919,unclassified Rickettsia,114295,,,Rickettsia,780,0,Alphaproteobacteria,28211,335535,337274,GBPCPCFC_01232,GBPCPCFC_01234,mRNA
GBPCPCFC_01234,gnl|Prokka|GBPCPCFC_22,1222,1348403,0.593,948.8175,764.2049,0.8661,0.0,0.3406,-0.3531,360,-0.7705,-0.7207,0.4997,0,0,0.162,0.018,0.15,0.0286,0.3028,-1.2306,-0.7288,-1.3431816855790366,-1.0715737759619481,0.11520624148173379,GBPCPCFC_01234-0,GBPCPCFC_01234-0,Didymodactylos carnosus,1234261,78.0,4.15e-53,172,cellular organisms,131567,Protostomia,33317,Protostomia,33317,1,Eumetazoa,6072,337275,337634,GBPCPCFC_01233,GBPCPCFC_01235,mRNA
GBPCPCFC_01235,gnl|Prokka|GBPCPCFC_22,1222,1348403,0.593,948.8175,764.2049,0.8661,0.0,0.3406,-0.3531,597,-0.4604,-0.3972,0.4992,0,0,0.0876,0.1625,0.1137,0.0693,0.2915,-1.5539,-0.8298,-1.3527405400310983,-1.184748969428666,0.0850344967445935,GBPCPCFC_01235-0,GBPCPCFC_01235-0,Rickettsia endosymbiont of Bryobia graminum,2878922,61.5,4.52e-84,258,Rickettsia endosymbiont of Bryobia graminum,2878922,,,Rickettsia endosymbiont of Bryobia graminum,2878922,0,Alphaproteobacteria,28211,337674,338270,GBPCPCFC_01234,GBPCPCFC_01236,mRNA
GBPCPCFC_01236,gnl|Prokka|GBPCPCFC_22,1222,1348403,0.593,948.8175,764.2049,0.8661,0.0,0.3406,-0.3531,249,-0.9157,-0.8722,0.4982,0,0,0.136,0.038,0.2189,0.0008,0.3574,0.3307,-0.241,-1.2668703852648084,-1.0923625988991201,0.15456629717739848,GBPCPCFC_01236-0,GBPCPCFC_01236-0,Rickettsia endosymbiont of Oedothorax gibbosus,931099,77.3,2.02e-31,115,unclassified Rickettsia,114295,,,Rickettsia,780,0,Alphaproteobacteria,28211,338293,338541,GBPCPCFC_01235,GBPCPCFC_01237,mRNA
GBPCPCFC_01237,gnl|Prokka|GBPCPCFC_22,1222,1348403,0.593,948.8175,764.2049,0.8661,0.0,0.3406,-0.3531,552,-0.5193,-0.4586,0.4977,0,0,0.2152,0.0005,0.1895,0.0023,0.3043,-1.1857,-0.7148,-1.4009173796332863,-0.4568471458714734,0.09171560986518057,GBPCPCFC_01237-0,GBPCPCFC_01237-0,Rickettsia endosymbiont of Oedothorax gibbosus,931099,68.1,8.43e-72,224,unclassified Rickettsia,114295,,,Rickettsia,780,0,Alphaproteobacteria,28211,338627,339178,GBPCPCFC_01236,GBPCPCFC_01238,mRNA
GBPCPCFC_01238,gnl|Prokka|GBPCPCFC_22,1222,1348403,0.593,948.8175,764.2049,0.8661,0.0,0.3406,-0.3531,600,-0.4564,-0.3931,0.4967,0,0,0.1683,0.0079,0.1215,0.0561,0.33,-0.4529,-0.4858,-1.410285483061551,-0.8198424481554552,0.06751418270963874,GBPCPCFC_01238-0,GBPCPCFC_01238-0,,,,,,,,,,,,0,Unassigned,,339309,339908,GBPCPCFC_01237,GBPCPCFC_01239,mRNA
GBPCPCFC_01239,gnl|Prokka|GBPCPCFC_22,1222,1348403,0.593,948.8175,764.2049,0.8661,0.0,0.3406,-0.3531,507,-0.5781,-0.5201,0.4957,0,0,0.1336,0.0355,0.2084,0.001,0.3235,-0.6394,-0.5441,-1.3216771874213673,-0.7904129238885408,0.11373367933314739,GBPCPCFC_01239-0,GBPCPCFC_01239-0,Rickettsia endosymbiont of Cimex lectularius,2698648,81.1,4.31e-91,273,Rickettsia,780,,,Rickettsia,780,0,Alphaproteobacteria,28211,339982,340488,GBPCPCFC_01238,GBPCPCFC_01240,mRNA
GBPCPCFC_01240,gnl|Prokka|GBPCPCFC_22,1222,1348403,0.593,948.8175,764.2049,0.8661,0.0,0.3406,-0.3531,1263,0.4111,0.5118,0.495,0,0,0.2143,0.0006,0.1982,0.0014,0.3816,1.022,-0.025,-1.5360549409987971,0.5278124227885759,0.0012876737120928812,GBPCPCFC_01240-0,GBPCPCFC_01240-0,Rickettsia endosymbiont of Bryobia graminum,2878922,84.7,4.46e-259,718,cellular organisms,131567,Sciaridae,7184,Sciaridae,7184,1,Eumetazoa,6072,340485,341747,GBPCPCFC_01239,GBPCPCFC_01241,mRNA
GBPCPCFC_01241,gnl|Prokka|GBPCPCFC_22,1222,1348403,0.593,948.8175,764.2049,0.8661,0.0,0.3406,-0.3531,603,-0.4525,-0.389,0.4931,0,0,0.1059,0.0962,0.1713,0.0068,0.3217,-0.6893,-0.5597,-1.3393482714728246,-0.9030530439025831,0.0875823829322273,GBPCPCFC_01241-0,GBPCPCFC_01241-0,Amoebophilaceae bacterium,2053498,71.1,1.11e-94,285,Bacteria,2,,,Bacteria,2,0,Bacteria,2,341762,342364,GBPCPCFC_01240,GBPCPCFC_01242,mRNA
GBPCPCFC_01242,gnl|Prokka|GBPCPCFC_22,1222,1348403,0.593,948.8175,764.2049,0.8661,0.0,0.3406,-0.3531,540,-0.535,-0.475,0.4922,0,0,0.2202,0.0004,0.2044,0.001,0.4407,2.7106,0.5025,-1.395816027365361,-0.40083315986392143,0.08493168686381208,GBPCPCFC_01242-0,GBPCPCFC_01242-0,unclassified Rickettsia,114295,92.1,1.15e-107,315,Bacteria,2,,,Bacteria,2,0,Bacteria,2,342385,342924,GBPCPCFC_01241,GBPCPCFC_01243,mRNA
GBPCPCFC_01243,gnl|Prokka|GBPCPCFC_22,1222,1348403,0.593,948.8175,764.2049,0.8661,0.0,0.3406,-0.3531,375,-0.7509,-0.7002,0.4914,0,0,0.0151,0.8232,0.1464,0.0292,0.312,-0.9671,-0.6465,-1.2396569149864327,-1.6717210815145873,0.11879257151522163,GBPCPCFC_01243-0,GBPCPCFC_01243-0,unclassified Rickettsia,114295,85.5,4.73e-70,216,Bacteria,2,,,Bacteria,2,0,Bacteria,2,342926,343300,GBPCPCFC_01242,GBPCPCFC_01244,mRNA
GBPCPCFC_01244,gnl|Prokka|GBPCPCFC_22,1222,1348403,0.593,948.8175,764.2049,0.8661,0.0,0.3406,-0.3531,1284,0.4386,0.5405,0.4908,0,0,0.2828,0.0,0.3091,0.0,0.3217,-0.6914,-0.5604,-1.5355430961804744,1.2211861620955786,0.016452104752814563,GBPCPCFC_01244-0,GBPCPCFC_01244-0,Rickettsia endosymbiont of Labidopullus appendiculatus,2878921,59.0,1.73e-159,467,unclassified Rickettsia,114295,,,Rickettsia,780,0,Alphaproteobacteria,28211,343284,344567,GBPCPCFC_01243,GBPCPCFC_01245,mRNA
GBPCPCFC_01245,gnl|Prokka|GBPCPCFC_22,1222,1348403,0.593,948.8175,764.2049,0.8661,0.0,0.3406,-0.3531,531,-0.5467,-0.4873,0.4889,0,0,0.3232,0.0,0.382,0.0,0.3427,-0.0887,-0.3721,-1.3808480806192394,0.6236885998343271,0.12361428634293407,GBPCPCFC_01245-0,GBPCPCFC_01245-0,Rickettsia endosymbiont of Sericostoma sp.,2878926,59.6,9.41e-62,199,unclassified Rickettsia,114295,,,Rickettsia,780,0,Alphaproteobacteria,28211,344580,345110,GBPCPCFC_01244,GBPCPCFC_01246,mRNA
GBPCPCFC_01246,gnl|Prokka|GBPCPCFC_22,1222,1348403,0.593,948.8175,764.2049,0.8661,0.0,0.3406,-0.3531,1380,0.5642,0.6715,0.4877,0,0,0.2123,0.0006,0.274,0.0,0.3507,0.1391,-0.3009,-1.5202257344382566,0.9381182935066966,-0.0025969778819680436,GBPCPCFC_01246-0,GBPCPCFC_01246-0,Rickettsia endosymbiont of Cimex lectularius,2698648,73.9,1.31e-236,665,unclassified Rickettsia,114295,,,Rickettsia,780,0,Alphaproteobacteria,28211,345385,346764,GBPCPCFC_01245,GBPCPCFC_01247,mRNA
GBPCPCFC_01247,gnl|Prokka|GBPCPCFC_22,1222,1348403,0.593,948.8175,764.2049,0.8661,0.0,0.3406,-0.3531,654,-0.3858,-0.3194,0.4856,0,0,0.034,0.5882,0.0368,0.5574,0.3272,-0.5324,-0.5107,-1.3660450224855436,-1.5933252953063373,0.02867252781960589,GBPCPCFC_01247-0,GBPCPCFC_01247-0,,,,,,,,,,,,0,Unassigned,,346810,347463,GBPCPCFC_01246,GBPCPCFC_01248,mRNA
GBPCPCFC_01248,gnl|Prokka|GBPCPCFC_22,1222,1348403,0.593,948.8175,764.2049,0.8661,0.0,0.3406,-0.3531,603,-0.4525,-0.389,0.4846,0,0,0.2345,0.0003,0.2705,0.0,0.2952,-1.4473,-0.7965,-1.3866087777633587,-0.02927330459858946,0.08069458026028647,GBPCPCFC_01248-0,GBPCPCFC_01248-0,Rickettsia endosymbiont of Platyusa sonomae,2878924,65.8,5.12e-85,260,unclassified Rickettsia,114295,,,Rickettsia,780,0,Alphaproteobacteria,28211,347466,348068,GBPCPCFC_01247,GBPCPCFC_01249,mRNA
GBPCPCFC_01249,gnl|Prokka|GBPCPCFC_22,1222,1348403,0.593,948.8175,764.2049,0.8661,0.0,0.3406,-0.3531,252,-0.9118,-0.8681,0.4837,0,0,0.2623,0.0001,0.2214,0.001,0.3611,0.4358,-0.2082,-1.3638490624148885,-0.5554997529413597,0.09934901102872944,GBPCPCFC_01249-0,GBPCPCFC_01249-0,Rickettsia endosymbiont of Culicoides impunctatus,2867440,58.8,6.23e-22,91.7,unclassified Rickettsia,114295,,,Rickettsia,780,0,Alphaproteobacteria,28211,348082,348333,GBPCPCFC_01248,GBPCPCFC_01250,mRNA
GBPCPCFC_01250,gnl|Prokka|GBPCPCFC_22,1222,1348403,0.593,948.8175,764.2049,0.8661,0.0,0.3406,-0.3531,1410,0.6035,0.7124,0.4828,0,0,0.2282,0.0002,0.2645,0.0,0.361,0.4324,-0.2092,-1.5439069544912707,1.0118168414268789,-0.023745297882997285,GBPCPCFC_01250-0,GBPCPCFC_01250-0,Rickettsia endosymbiont of Cimex lectularius,2698648,64.5,7.40e-209,595,cellular organisms,131567,Sciaridae,7184,Sciaridae,7184,1,Eumetazoa,6072,348668,350077,GBPCPCFC_01249,GBPCPCFC_01251,mRNA
GBPCPCFC_01251,gnl|Prokka|GBPCPCFC_22,1222,1348403,0.593,948.8175,764.2049,0.8661,0.0,0.3406,-0.3531,759,-0.2484,-0.1761,0.4806,0,0,0.0406,0.5179,0.1549,0.0131,0.3544,0.2445,-0.2679,-1.3320888425047046,-1.0190246984881268,0.04522217317390468,GBPCPCFC_01251-0,GBPCPCFC_01251-0,Rickettsia endosymbiont of Bryobia graminum,2878922,74.3,2.30e-123,361,unclassified Rickettsia,114295,,,Rickettsia,780,0,Alphaproteobacteria,28211,350209,350967,GBPCPCFC_01250,GBPCPCFC_01252,mRNA
GBPCPCFC_01252,gnl|Prokka|GBPCPCFC_22,1222,1348403,0.593,948.8175,764.2049,0.8661,0.0,0.3406,-0.3531,909,-0.0521,0.0286,0.4787,0,0,0.1037,0.0977,0.1177,0.0601,0.3773,0.8994,-0.0633,-1.4283231683946889,-0.6828609803298321,-0.0020240238151724597,GBPCPCFC_01252-0,GBPCPCFC_01252-0,Didymodactylos carnosus,1234261,31.5,3.05e-05,57.8,Didymodactylos carnosus,1234261,,,Didymodactylos carnosus,1234261,0,Eumetazoa,6072,351452,352360,GBPCPCFC_01251,GBPCPCFC_01253,mRNA
GBPCPCFC_01253,gnl|Prokka|GBPCPCFC_22,1222,1348403,0.593,948.8175,764.2049,0.8661,0.0,0.3406,-0.3531,1095,0.1913,0.2825,0.4772,0,0,0.1185,0.0583,0.1037,0.0978,0.3699,0.6858,-0.1301,-1.4834600486925078,-0.41870616919199843,-0.03598157967214958,GBPCPCFC_01253-0,GBPCPCFC_01253-0,Rickettsia bellii,33990,92.9,1.18e-250,692,cellular organisms,131567,Arthropoda,6656,Arthropoda,6656,1,Eumetazoa,6072,352453,353547,GBPCPCFC_01252,GBPCPCFC_01254,mRNA
GBPCPCFC_01254,gnl|Prokka|GBPCPCFC_22,1222,1348403,0.593,948.8175,764.2049,0.8661,0.0,0.3406,-0.3531,438,-0.6684,-0.6142,0.475,0,0,0.1031,0.1053,0.174,0.006,0.3242,-0.6186,-0.5376,-1.3072101576696966,-1.1269802038217267,0.06759813389956965,GBPCPCFC_01254-0,GBPCPCFC_01254-0,Parachlamydia sp. AcF125,2795736,70.4,1.21e-66,209,Bacteria,2,,,Bacteria,2,0,Bacteria,2,353961,354398,GBPCPCFC_01253,GBPCPCFC_01255,mRNA
GBPCPCFC_01255,gnl|Prokka|GBPCPCFC_22,1222,1348403,0.593,948.8175,764.2049,0.8661,0.0,0.3406,-0.3531,1668,0.9411,1.0646,0.4743,0,0,0.1922,0.002,0.1665,0.0076,0.3507,0.139,-0.3009,-1.61970468862208,0.8751046433754064,-0.10379727196864569,GBPCPCFC_01255-0,GBPCPCFC_01255-0,Rickettsia endosymbiont of Oedothorax gibbosus,931099,25.7,2.09e-20,108,cellular organisms,131567,Protostomia,33317,Protostomia,33317,1,Eumetazoa,6072,354399,356066,GBPCPCFC_01254,GBPCPCFC_01256,mRNA
GBPCPCFC_01256,gnl|Prokka|GBPCPCFC_22,1222,1348403,0.593,948.8175,764.2049,0.8661,0.0,0.3406,-0.3531,342,-0.7941,-0.7453,0.4718,0,0,0.0903,0.1851,0.151,0.0261,0.3099,-1.0259,-0.6649,-1.2912266867237703,-1.3880802292586345,0.0660589644758461,GBPCPCFC_01256-0,GBPCPCFC_01256-0,Rickettsia endosymbiont of Oxypoda opaca,2866308,44.3,8.29e-19,85.9,Rickettsiaceae,775,,,Rickettsiaceae,775,0,Alphaproteobacteria,28211,356143,356484,GBPCPCFC_01255,GBPCPCFC_01257,mRNA
GBPCPCFC_01257,gnl|Prokka|GBPCPCFC_22,1222,1348403,0.593,948.8175,764.2049,0.8661,0.0,0.3406,-0.3531,351,-0.7823,-0.733,0.4713,0,0,0.0985,0.1463,0.1131,0.0951,0.3419,-0.1135,-0.3798,-1.3187085927740188,-1.4716471588214721,0.04877553446127356,GBPCPCFC_01257-0,GBPCPCFC_01257-0,Rickettsia endosymbiont of Glossina mortisans submortisans,2878925,74.1,1.51e-60,191,Alphaproteobacteria,28211,,,Alphaproteobacteria,28211,0,Alphaproteobacteria,28211,356478,356828,GBPCPCFC_01256,GBPCPCFC_01258,mRNA
GBPCPCFC_01258,gnl|Prokka|GBPCPCFC_22,1222,1348403,0.593,948.8175,764.2049,0.8661,0.0,0.3406,-0.3531,1140,0.2502,0.3439,0.4706,0,0,0.0628,0.3168,0.1776,0.0044,0.3711,0.7198,-0.1194,-1.414040953067953,-0.3349532596127952,-0.020542345313602883,GBPCPCFC_01258-0,GBPCPCFC_01258-0,Rickettsia endosymbiont of Oedothorax gibbosus,931099,70.6,3.60e-150,444,cellular organisms,131567,Endopterygota,33392,Endopterygota,33392,1,Eumetazoa,6072,356912,358051,GBPCPCFC_01257,GBPCPCFC_01259,mRNA
GBPCPCFC_01259,gnl|Prokka|GBPCPCFC_22,1222,1348403,0.593,948.8175,764.2049,0.8661,0.0,0.3406,-0.3531,1095,0.1913,0.2825,0.4688,0,0,0.1262,0.0436,0.117,0.0615,0.3699,0.6858,-0.1301,-1.484165638568709,-0.3406649398071945,-0.051979460636431996,GBPCPCFC_01259-0,GBPCPCFC_01259-0,Rickettsia bellii,33990,92.9,1.18e-250,692,cellular organisms,131567,Arthropoda,6656,Arthropoda,6656,1,Eumetazoa,6072,358121,359215,GBPCPCFC_01258,GBPCPCFC_01260,mRNA
GBPCPCFC_01260,gnl|Prokka|GBPCPCFC_22,1222,1348403,0.593,948.8175,764.2049,0.8661,0.0,0.3406,-0.3531,420,-0.692,-0.6388,0.4672,0,0,0.1339,0.0323,0.0614,0.3281,0.381,1.0026,-0.0311,-1.3861433728107775,-1.4093878224329677,0.0061700736852920305,GBPCPCFC_01260-0,GBPCPCFC_01260-0,Oppiella nova,334625,85.8,2.59e-69,224,cellular organisms,131567,Endopterygota,33392,Endopterygota,33392,1,Eumetazoa,6072,359234,359653,GBPCPCFC_01259,GBPCPCFC_01261,mRNA
GBPCPCFC_01261,gnl|Prokka|GBPCPCFC_22,1222,1348403,0.593,948.8175,764.2049,0.8661,0.0,0.3406,-0.3531,567,-0.4996,-0.4382,0.4665,0,0,0.0959,0.1322,0.1389,0.0288,0.3686,0.6499,-0.1413,-1.3469617321859173,-1.1026340481853767,0.020819638218000428,GBPCPCFC_01261-0,GBPCPCFC_01261-0,Rickettsia endosymbiont of Bryobia graminum,2878922,41.1,7.83e-06,54.3,unclassified Rickettsia,114295,,,Rickettsia,780,0,Alphaproteobacteria,28211,359701,360267,GBPCPCFC_01260,GBPCPCFC_01262,mRNA
GBPCPCFC_01262,gnl|Prokka|GBPCPCFC_22,1222,1348403,0.593,948.8175,764.2049,0.8661,0.0,0.3406,-0.3531,1095,0.1913,0.2825,0.4656,0,0,0.0889,0.1561,0.0713,0.2554,0.3699,0.6858,-0.1301,-1.4803228783896338,-0.6518727525455804,-0.06909587088896038,GBPCPCFC_01262-0,GBPCPCFC_01262-0,Rickettsia bellii,33990,92.9,1.18e-250,692,cellular organisms,131567,Arthropoda,6656,Arthropoda,6656,1,Eumetazoa,6072,360293,361387,GBPCPCFC_01261,GBPCPCFC_01263,mRNA
GBPCPCFC_01263,gnl|Prokka|GBPCPCFC_22,1222,1348403,0.593,948.8175,764.2049,0.8661,0.0,0.3406,-0.3531,1221,0.3562,0.4545,0.4639,0,0,0.1523,0.0147,0.1825,0.0034,0.4226,2.1925,0.3407,-1.495927436070609,0.16255806003703901,-0.06003900920381903,GBPCPCFC_01263-0,GBPCPCFC_01263-0,Didymodactylos carnosus,1234261,44.9,1.80e-10,75.9,Didymodactylos carnosus,1234261,,,Didymodactylos carnosus,1234261,0,Eumetazoa,6072,361450,362670,GBPCPCFC_01262,GBPCPCFC_01264,mRNA
GBPCPCFC_01264,gnl|Prokka|GBPCPCFC_22,1222,1348403,0.593,948.8175,764.2049,0.8661,0.0,0.3406,-0.3531,438,-0.6684,-0.6142,0.4615,0,0,0.1031,0.1053,0.174,0.006,0.3242,-0.6186,-0.5376,-1.310033272678741,-1.1261936753415906,0.03644203031953864,GBPCPCFC_01264-0,GBPCPCFC_01264-0,Parachlamydia sp. AcF125,2795736,70.4,1.21e-66,209,Bacteria,2,,,Bacteria,2,0,Bacteria,2,363062,363499,GBPCPCFC_01263,GBPCPCFC_01265,mRNA
GBPCPCFC_01265,gnl|Prokka|GBPCPCFC_22,1222,1348403,0.593,948.8175,764.2049,0.8661,0.0,0.3406,-0.3531,828,-0.1581,-0.0819,0.4608,0,0,0.211,0.0007,0.218,0.0004,0.3841,1.0913,-0.0034,-1.4451265456679068,-0.001979145413621228,-0.016525578524924502,GBPCPCFC_01265-0,GBPCPCFC_01265-0,Didymodactylos carnosus,1234261,65.5,1.57e-108,340,Didymodactylos carnosus,1234261,,,Didymodactylos carnosus,1234261,0,Eumetazoa,6072,363500,364327,GBPCPCFC_01264,GBPCPCFC_01266,mRNA
GBPCPCFC_01266,gnl|Prokka|GBPCPCFC_22,1222,1348403,0.593,948.8175,764.2049,0.8661,0.0,0.3406,-0.3531,1680,0.9568,1.081,0.4595,0,0,0.3588,0.0,0.4279,0.0,0.3786,0.9346,-0.0523,-1.6159356981251605,2.4795807479897483,-0.07552696656188106,GBPCPCFC_01266-0,GBPCPCFC_01266-0,Didymodactylos carnosus,1234261,87.3,0.0,989,cellular organisms,131567,Protostomia,33317,Protostomia,33317,1,Eumetazoa,6072,364399,366078,GBPCPCFC_01265,GBPCPCFC_01267,mRNA
GBPCPCFC_01267,gnl|Prokka|GBPCPCFC_22,1222,1348403,0.593,948.8175,764.2049,0.8661,0.0,0.3406,-0.3531,672,-0.3622,-0.2949,0.4567,0,0,0.1883,0.0029,0.1613,0.0109,0.2991,-1.3354,-0.7616,-1.4273683484283586,-0.5010597181732722,-0.022972198572560075,GBPCPCFC_01267-0,GBPCPCFC_01267-0,unclassified Rickettsia,114295,73.5,5.03e-108,320,unclassified Rickettsia,114295,,,Rickettsia,780,0,Alphaproteobacteria,28211,366262,366933,GBPCPCFC_01266,GBPCPCFC_01268,mRNA
GBPCPCFC_01268,gnl|Prokka|GBPCPCFC_22,1222,1348403,0.593,948.8175,764.2049,0.8661,0.0,0.3406,-0.3531,783,-0.217,-0.1434,0.4558,0,0,0.1873,0.0026,0.1862,0.0028,0.3218,-0.686,-0.5587,-1.4358520601654792,-0.270036574918058,-0.02964748826562687,GBPCPCFC_01268-0,GBPCPCFC_01268-0,Rickettsia endosymbiont of Culicoides newsteadi,1961830,77.7,6.40e-139,401,unclassified Rickettsia,114295,,,Rickettsia,780,0,Alphaproteobacteria,28211,366906,367688,GBPCPCFC_01267,GBPCPCFC_01269,mRNA
GBPCPCFC_01269,gnl|Prokka|GBPCPCFC_22,1222,1348403,0.593,948.8175,764.2049,0.8661,0.0,0.3406,-0.3531,1083,0.1756,0.2661,0.4546,0,0,0.1816,0.0036,0.2288,0.0002,0.2659,-2.2832,-1.0577,-1.4689555710587807,0.2572611618848361,-0.05315224408115821,GBPCPCFC_01269-0,GBPCPCFC_01269-0,Rickettsia endosymbiont of Culicoides newsteadi,1961830,68.9,1.36e-159,462,unclassified Rickettsia,114295,,,Rickettsia,780,0,Alphaproteobacteria,28211,367697,368779,GBPCPCFC_01268,GBPCPCFC_01270,mRNA
GBPCPCFC_01270,gnl|Prokka|GBPCPCFC_22,1222,1348403,0.593,948.8175,764.2049,0.8661,0.0,0.3406,-0.3531,1479,0.6938,0.8066,0.453,0,0,0.2454,0.0001,0.3043,0.0,0.3678,0.6274,-0.1483,-1.5562005653122168,1.314758837345304,-0.08988623240544873,GBPCPCFC_01270-0,GBPCPCFC_01270-0,Didymodactylos carnosus,1234261,85.0,1.40e-311,868,cellular organisms,131567,Sciaridae,7184,Sciaridae,7184,1,Eumetazoa,6072,368776,370254,GBPCPCFC_01269,GBPCPCFC_01271,mRNA
GBPCPCFC_01271,gnl|Prokka|GBPCPCFC_22,1222,1348403,0.593,948.8175,764.2049,0.8661,0.0,0.3406,-0.3531,1767,1.0706,1.1997,0.4507,0,0,0.2934,0.0,0.3442,0.0,0.3147,-0.8912,-0.6228,-1.6287544843373907,2.0386433439884586,-0.12480618793870096,GBPCPCFC_01271-0,GBPCPCFC_01271-0,Didymodactylos carnosus,1234261,81.5,0.0,996,cellular organisms,131567,Protostomia,33317,Protostomia,33317,1,Eumetazoa,6072,370315,372081,GBPCPCFC_01270,GBPCPCFC_01272,mRNA
GBPCPCFC_01272,gnl|Prokka|GBPCPCFC_22,1222,1348403,0.593,948.8175,764.2049,0.8661,0.0,0.3406,-0.3531,1185,0.3091,0.4053,0.4479,0,0,0.2706,0.0,0.2421,0.0001,0.3688,0.6548,-0.1398,-1.5502745596373426,0.8096880337812355,-0.09212534757339422,GBPCPCFC_01272-0,GBPCPCFC_01272-0,,,,,,,,,,,,0,Unassigned,,372252,373436,GBPCPCFC_01271,GBPCPCFC_01273,mRNA
GBPCPCFC_01273,gnl|Prokka|GBPCPCFC_22,1222,1348403,0.593,948.8175,764.2049,0.8661,0.0,0.3406,-0.3531,1209,0.3405,0.4381,0.4461,0,0,0.2432,0.0001,0.2898,0.0,0.3118,-0.972,-0.648,-1.5103757456665066,0.89232575030363,-0.07738169621331771,GBPCPCFC_01273-0,GBPCPCFC_01273-0,Rickettsia endosymbiont of Bryobia graminum,2878922,66.4,2.43e-177,510,unclassified Rickettsia,114295,,,Rickettsia,780,0,Alphaproteobacteria,28211,373449,374657,GBPCPCFC_01272,GBPCPCFC_01274,mRNA
GBPCPCFC_01274,gnl|Prokka|GBPCPCFC_22,1222,1348403,0.593,948.8175,764.2049,0.8661,0.0,0.3406,-0.3531,2901,2.5545,2.7475,0.4441,0,0,0.3652,0.0,0.461,0.0,0.3195,-0.7516,-0.5792,-1.8468829059636835,4.266203225884513,-0.2505503495557767,GBPCPCFC_01274-0,GBPCPCFC_01274-0,Rickettsia endosymbiont of Platyusa sonomae,2878924,58.1,0.0,1046,unclassified Rickettsia,114295,,,Rickettsia,780,0,Alphaproteobacteria,28211,374801,377701,GBPCPCFC_01273,GBPCPCFC_01275,mRNA
GBPCPCFC_01275,gnl|Prokka|GBPCPCFC_22,1222,1348403,0.593,948.8175,764.2049,0.8661,0.0,0.3406,-0.3531,1872,1.208,1.343,0.4396,0,0,0.2244,0.0003,0.3203,0.0,0.3333,-0.3577,-0.4561,-1.6122893658703163,1.8132165591419886,-0.15974928477719208,GBPCPCFC_01275-0,GBPCPCFC_01275-0,,,,,,,,,,,,0,Unassigned,,377812,379683,GBPCPCFC_01274,GBPCPCFC_01276,mRNA
GBPCPCFC_01276,gnl|Prokka|GBPCPCFC_22,1222,1348403,0.593,948.8175,764.2049,0.8661,0.0,0.3406,-0.3531,1668,0.9411,1.0646,0.4367,0,0,0.2282,0.0002,0.298,0.0,0.3453,-0.0152,-0.3491,-1.5871078378996542,1.4778008883416112,-0.15000117889091635,GBPCPCFC_01276-0,GBPCPCFC_01276-0,Rickettsia endosymbiont of Bryobia graminum,2878922,69.3,3.68e-274,768,Rickettsia endosymbiont of Bryobia graminum,2878922,,,Rickettsia endosymbiont of Bryobia graminum,2878922,0,Alphaproteobacteria,28211,379802,381469,GBPCPCFC_01275,GBPCPCFC_01277,mRNA
GBPCPCFC_01277,gnl|Prokka|GBPCPCFC_22,1222,1348403,0.593,948.8175,764.2049,0.8661,0.0,0.3406,-0.3531,384,-0.7391,-0.6879,0.4341,0,0,0.0658,0.3338,0.1136,0.0943,0.3464,0.0143,-0.3399,-1.308203010319986,-1.558921619698985,-0.035171737651212315,GBPCPCFC_01277-0,GBPCPCFC_01277-0,,,,,,,,,,,,0,Unassigned,,381550,381933,GBPCPCFC_01276,GBPCPCFC_01278,mRNA
GBPCPCFC_01278,gnl|Prokka|GBPCPCFC_22,1222,1348403,0.593,948.8175,764.2049,0.8661,0.0,0.3406,-0.3531,684,-0.3465,-0.2785,0.4331,0,0,0.0981,0.1176,0.1486,0.0173,0.3626,0.4776,-0.1951,-1.3735917945034903,-0.9008131106262088,-0.06754738635144002,GBPCPCFC_01278-0,GBPCPCFC_01278-0,Rickettsia endosymbiont of Bryobia graminum,2878922,71.7,7.21e-118,345,cellular organisms,131567,Protostomia,33317,Protostomia,33317,1,Eumetazoa,6072,382192,382875,GBPCPCFC_01277,GBPCPCFC_01279,mRNA
GBPCPCFC_01279,gnl|Prokka|GBPCPCFC_22,1222,1348403,0.593,948.8175,764.2049,0.8661,0.0,0.3406,-0.3531,579,-0.4839,-0.4218,0.4312,0,0,0.155,0.013,0.2439,0.0001,0.3489,0.0863,-0.3174,-1.3471374299915715,-0.47916173948133334,-0.03507611111991387,GBPCPCFC_01279-0,GBPCPCFC_01279-0,Rickettsia endosymbiont of Cimex lectularius,2698648,81.1,1.97e-108,318,Rickettsia,780,,,Rickettsia,780,0,Alphaproteobacteria,28211,383513,384091,GBPCPCFC_01278,GBPCPCFC_01280,mRNA
GBPCPCFC_01280,gnl|Prokka|GBPCPCFC_22,1222,1348403,0.593,948.8175,764.2049,0.8661,0.0,0.3406,-0.3531,1314,0.4779,0.5814,0.4303,0,0,0.2749,0.0,0.3476,0.0,0.3539,0.2293,-0.2727,-1.528405397838253,1.364273701930118,-0.11169378131920576,GBPCPCFC_01280-0,GBPCPCFC_01280-0,Rickettsia endosymbiont of Cimex lectularius,2698648,79.0,4.24e-253,705,cellular organisms,131567,Sciaridae,7184,Sciaridae,7184,1,Eumetazoa,6072,384104,385417,GBPCPCFC_01279,GBPCPCFC_01281,mRNA
GBPCPCFC_01281,gnl|Prokka|GBPCPCFC_22,1222,1348403,0.593,948.8175,764.2049,0.8661,0.0,0.3406,-0.3531,1974,1.3415,1.4822,0.4282,0,0,0.2216,0.0004,0.239,0.0001,0.3683,0.6408,-0.1441,-1.674321363335299,1.6608850891471871,-0.22714238994928548,GBPCPCFC_01281-0,GBPCPCFC_01281-0,Rickettsia endosymbiont of Bryobia graminum,2878922,29.2,9.06e-10,74.3,Pseudomonadota,1224,,,Pseudomonadota,1224,0,Pseudomonadota,1224,385495,387468,GBPCPCFC_01280,GBPCPCFC_01282,mRNA
GBPCPCFC_01282,gnl|Prokka|GBPCPCFC_22,1222,1348403,0.593,948.8175,764.2049,0.8661,0.0,0.3406,-0.3531,1044,0.1246,0.2129,0.4252,0,0,0.2881,0.0,0.3402,0.0,0.3534,0.2169,-0.2766,-1.4901016058756467,1.0299082064279939,-0.09521592306605813,GBPCPCFC_01282-0,GBPCPCFC_01282-0,Rickettsia endosymbiont of Bryobia graminum,2878922,66.0,5.26e-149,434,cellular organisms,131567,Sciaridae,7184,Sciaridae,7184,1,Eumetazoa,6072,387550,388593,GBPCPCFC_01281,GBPCPCFC_01283,mRNA
GBPCPCFC_01283,gnl|Prokka|GBPCPCFC_22,1222,1348403,0.593,948.8175,764.2049,0.8661,0.0,0.3406,-0.3531,948,-0.0011,0.0819,0.4237,0,0,0.171,0.0061,0.2918,0.0,0.3681,0.6367,-0.1454,-1.4086419842641507,0.24940908176351118,-0.08351313580093427,GBPCPCFC_01283-0,GBPCPCFC_01283-0,Rickettsia endosymbiont of Labidopullus appendiculatus,2878921,64.7,3.08e-131,386,cellular organisms,131567,Sciaridae,7184,Sciaridae,7184,1,Eumetazoa,6072,388574,389521,GBPCPCFC_01282,GBPCPCFC_01284,mRNA
GBPCPCFC_01284,gnl|Prokka|GBPCPCFC_22,1222,1348403,0.593,948.8175,764.2049,0.8661,0.0,0.3406,-0.3531,822,-0.1659,-0.0901,0.422,0,0,0.1348,0.0311,0.2411,0.0001,0.3455,-0.0102,-0.3475,-1.383103721265361,-0.2444749115514046,-0.08362528586425376,GBPCPCFC_01284-0,GBPCPCFC_01284-0,Rickettsia endosymbiont of Culicoides newsteadi,1961830,63.7,2.16e-98,298,unclassified Rickettsia,114295,,,Rickettsia,780,0,Alphaproteobacteria,28211,389696,390517,GBPCPCFC_01283,GBPCPCFC_01285,mRNA
GBPCPCFC_01285,gnl|Prokka|GBPCPCFC_22,1222,1348403,0.593,948.8175,764.2049,0.8661,0.0,0.3406,-0.3531,1275,0.4268,0.5282,0.4204,0,0,0.2387,0.0001,0.3081,0.0,0.3937,1.3675,0.0829,-1.5159377674449026,1.0266299262266583,-0.13744361892579965,GBPCPCFC_01285-0,GBPCPCFC_01285-0,Rickettsia endosymbiont of Oedothorax gibbosus,931099,81.1,2.56e-250,697,cellular organisms,131567,Sciaridae,7184,Sciaridae,7184,1,Eumetazoa,6072,390775,392049,GBPCPCFC_01284,GBPCPCFC_01286,mRNA
GBPCPCFC_01286,gnl|Prokka|GBPCPCFC_22,1222,1348403,0.593,948.8175,764.2049,0.8661,0.0,0.3406,-0.3531,723,-0.2955,-0.2252,0.4182,0,0,0.1417,0.0278,0.1243,0.054,0.2642,-2.3332,-1.0733,-1.4295061831601854,-0.7500512181277865,-0.1230987728484711,GBPCPCFC_01286-0,GBPCPCFC_01286-0,Rickettsiaceae bacterium,2023360,57.3,2.31e-90,276,Rickettsiaceae,775,,,Rickettsiaceae,775,0,Alphaproteobacteria,28211,392226,392948,GBPCPCFC_01285,GBPCPCFC_01287,mRNA
GBPCPCFC_01287,gnl|Prokka|GBPCPCFC_22,1222,1348403,0.593,948.8175,764.2049,0.8661,0.0,0.3406,-0.3531,186,-0.9982,-0.9582,0.4171,0,0,0.1074,0.1807,0.1159,0.1482,0.2796,-1.8935,-0.9359,-1.3028345116859468,-1.6446544133273397,-0.05654864341635443,GBPCPCFC_01287-0,GBPCPCFC_01287-0,Rickettsia endosymbiont of Glossina mortisans submortisans,2878925,71.1,1.20e-06,55.1,Rickettsia,780,,,Rickettsia,780,0,Alphaproteobacteria,28211,393016,393201,GBPCPCFC_01286,GBPCPCFC_01288,mRNA
GBPCPCFC_01288,gnl|Prokka|GBPCPCFC_22,1222,1348403,0.593,948.8175,764.2049,0.8661,0.0,0.3406,-0.3531,138,-1.061,-1.0237,0.4167,0,0,0.0529,0.452,0.0323,0.6464,0.3913,1.2983,0.0613,-1.2955258592630825,-2.2220278517339955,-0.0717956323294404,GBPCPCFC_01288-0,GBPCPCFC_01288-0,Pseudomonadota bacterium,1977087,63.2,2.66e-08,54.7,Bacteria,2,,,Bacteria,2,0,Bacteria,2,393233,393370,GBPCPCFC_01287,GBPCPCFC_01289,mRNA
GBPCPCFC_01289,gnl|Prokka|GBPCPCFC_22,1222,1348403,0.593,948.8175,764.2049,0.8661,0.0,0.3406,-0.3531,153,-1.0414,-1.0032,0.4163,0,0,0.1149,0.1478,0.1656,0.0364,0.3529,0.2024,-0.2811,-1.2766635903193373,-1.487265387520933,-0.03794898541738587,GBPCPCFC_01289-0,GBPCPCFC_01289-0,,,,,,,,,,,,0,Unassigned,,393509,393661,GBPCPCFC_01288,GBPCPCFC_01290,mRNA
GBPCPCFC_01290,gnl|Prokka|GBPCPCFC_22,1222,1348403,0.593,948.8175,764.2049,0.8661,0.0,0.3406,-0.3531,603,-0.4525,-0.389,0.4157,0,0,-0.0053,0.9326,-0.0505,0.421,0.33,-0.4524,-0.4857,-1.3859563775968706,-2.120547940283025,-0.1505818857261827,GBPCPCFC_01290-0,GBPCPCFC_01290-0,,,,,,,,,,,,0,Unassigned,,393915,394517,GBPCPCFC_01289,GBPCPCFC_01291,mRNA
GBPCPCFC_01291,gnl|Prokka|GBPCPCFC_22,1222,1348403,0.593,948.8175,764.2049,0.8661,0.0,0.3406,-0.3531,1881,1.2198,1.3553,0.4141,0,0,0.1773,0.0044,0.2209,0.0004,0.2951,-1.4511,-0.7977,-1.6350619533473258,1.2903793150546725,-0.24684966332634037,GBPCPCFC_01291-0,GBPCPCFC_01291-0,,,,,,,,,,,,0,Unassigned,,395012,396892,GBPCPCFC_01290,GBPCPCFC_01292,mRNA
GBPCPCFC_01292,gnl|Prokka|GBPCPCFC_22,1222,1348403,0.593,948.8175,764.2049,0.8661,0.0,0.3406,-0.3531,234,-0.9354,-0.8927,0.4113,0,0,0.1229,0.1082,0.1105,0.1491,0.2393,-3.0434,-1.2952,-1.3278580150559045,-1.5339787524447044,-0.08049039106762113,GBPCPCFC_01292-0,GBPCPCFC_01292-0,,,,,,,,,,,,0,Unassigned,,396882,397115,GBPCPCFC_01291,GBPCPCFC_01293,mRNA
GBPCPCFC_01293,gnl|Prokka|GBPCPCFC_22,1222,1348403,0.593,948.8175,764.2049,0.8661,0.0,0.3406,-0.3531,1059,0.1442,0.2334,0.4097,0,0,0.0729,0.2451,0.1055,0.092,0.3333,-0.3577,-0.4561,-1.4554160653209114,-0.646009059040101,-0.17866034349289933,GBPCPCFC_01293-0,GBPCPCFC_01293-0,Rickettsia endosymbiont of Ceutorhynchus assimilis,2884482,75.6,6.50e-165,474,unclassified Rickettsia,114295,,,Rickettsia,780,0,Alphaproteobacteria,28211,397984,399042,GBPCPCFC_01292,GBPCPCFC_01294,mRNA
GBPCPCFC_01294,gnl|Prokka|GBPCPCFC_22,1222,1348403,0.593,948.8175,764.2049,0.8661,0.0,0.3406,-0.3531,657,-0.3819,-0.3153,0.4078,0,0,0.3075,0.0,0.3026,0.0,0.3394,-0.1838,-0.4018,-1.4515303907696944,0.4608221817383135,-0.10463442047936045,GBPCPCFC_01294-0,GBPCPCFC_01294-0,Pseudolycoriella hygida,35572,83.4,8.67e-117,349,Pseudolycoriella hygida,35572,,,Pseudolycoriella hygida,35572,0,Eumetazoa,6072,399260,399916,GBPCPCFC_01293,GBPCPCFC_01295,mRNA
GBPCPCFC_01295,gnl|Prokka|GBPCPCFC_22,1222,1348403,0.593,948.8175,764.2049,0.8661,0.0,0.3406,-0.3531,135,-1.0649,-1.0278,0.4066,0,0,-0.148,0.0585,-0.1702,0.0294,0.3407,-0.1461,-0.39,-1.2503570120362668,-3.7530012968424122,-0.13155992304270472,GBPCPCFC_01295-0,GBPCPCFC_01295-0,,,,,,,,,,,,0,Unassigned,,400082,400216,GBPCPCFC_01294,GBPCPCFC_01296,mRNA
GBPCPCFC_01296,gnl|Prokka|GBPCPCFC_22,1222,1348403,0.593,948.8175,764.2049,0.8661,0.0,0.3406,-0.3531,501,-0.586,-0.5283,0.4059,0,0,0.0007,0.9909,-0.0288,0.6573,0.3214,-0.6998,-0.563,-1.3613177723056613,-2.1582928619636403,-0.1539430962391655,GBPCPCFC_01296-0,GBPCPCFC_01296-0,Rickettsia hoogstraalii,467174,89.0,4.76e-99,292,Rickettsia hoogstraalii,467174,,,Rickettsia hoogstraalii,467174,0,Alphaproteobacteria,28211,400522,401022,GBPCPCFC_01295,GBPCPCFC_01297,mRNA
GBPCPCFC_01297,gnl|Prokka|GBPCPCFC_22,1222,1348403,0.593,948.8175,764.2049,0.8661,0.0,0.3406,-0.3531,144,-1.0531,-1.0155,0.4048,0,0,-0.1143,0.1476,-0.0627,0.4283,0.3194,-0.7544,-0.5801,-1.2226149824452102,-3.232305380329064,-0.10438667293241029,GBPCPCFC_01297-0,GBPCPCFC_01297-0,spotted fever group,114277,76.9,5.32e-09,57.8,Rickettsia,780,,,Rickettsia,780,0,Alphaproteobacteria,28211,401310,401453,GBPCPCFC_01296,GBPCPCFC_01298,mRNA
GBPCPCFC_01298,gnl|Prokka|GBPCPCFC_22,1222,1348403,0.593,948.8175,764.2049,0.8661,0.0,0.3406,-0.3531,144,-1.0531,-1.0155,0.4043,0,0,0.0667,0.4004,0.0751,0.3438,0.3056,-1.1512,-0.704,-1.2876688136385936,-2.009407576671005,-0.08827449426682694,GBPCPCFC_01298-0,GBPCPCFC_01298-0,Rickettsia endosymbiont of Culicoides newsteadi,1961830,76.6,6.59e-15,72.8,cellular organisms,131567,Endopterygota,33392,Endopterygota,33392,1,Eumetazoa,6072,401596,401739,GBPCPCFC_01297,GBPCPCFC_01299,mRNA
GBPCPCFC_01299,gnl|Prokka|GBPCPCFC_22,1222,1348403,0.593,948.8175,764.2049,0.8661,0.0,0.3406,-0.3531,660,-0.3779,-0.3112,0.404,0,0,0.2042,0.001,0.2676,0.0,0.3212,-0.704,-0.5643,-1.3934348201358002,-0.08341821055204915,-0.10799879427210494,GBPCPCFC_01299-0,GBPCPCFC_01299-0,Alphaproteobacteria bacterium,1913988,41.0,1.52e-28,116,Bacteria,2,,,Bacteria,2,0,Bacteria,2,401813,402472,GBPCPCFC_01298,GBPCPCFC_01300,mRNA
GBPCPCFC_01300,gnl|Prokka|GBPCPCFC_22,1222,1348403,0.593,948.8175,764.2049,0.8661,0.0,0.3406,-0.3531,1311,0.4739,0.5773,0.4025,0,0,0.187,0.0027,0.147,0.0186,0.2815,-1.8394,-0.919,-1.5706688454490265,0.3095418504579266,-0.23161889090893048,GBPCPCFC_01300-0,GBPCPCFC_01300-0,Rickettsia endosymbiont of Oedothorax gibbosus,931099,37.2,3.21e-63,228,Bacteria,2,,,Bacteria,2,0,Bacteria,2,402816,404126,GBPCPCFC_01299,GBPCPCFC_01301,mRNA
GBPCPCFC_01301,gnl|Prokka|GBPCPCFC_22,1222,1348403,0.593,948.8175,764.2049,0.8661,0.0,0.3406,-0.3531,360,-0.7705,-0.7207,0.4007,0,0,0.0897,0.1862,0.1418,0.036,0.3389,-0.199,-0.4065,-1.3139194737536493,-1.3934922885961891,-0.10345605715506682,GBPCPCFC_01301-0,GBPCPCFC_01301-0,,,,,,,,,,,,0,Unassigned,,404080,404439,GBPCPCFC_01300,GBPCPCFC_01302,mRNA
GBPCPCFC_01302,gnl|Prokka|GBPCPCFC_22,1222,1348403,0.593,948.8175,764.2049,0.8661,0.0,0.3406,-0.3531,336,-0.8019,-0.7535,0.3995,0,0,0.0907,0.1668,0.1127,0.0854,0.3185,-0.7828,-0.5889,-1.3251277846225689,-1.5214890992997425,-0.11383483953399426,GBPCPCFC_01302-0,GBPCPCFC_01302-0,Candidatus Jidaibacter sp.,2744556,44.8,1.10e-26,105,Pseudomonadota,1224,,,Pseudomonadota,1224,0,Pseudomonadota,1224,404836,405171,GBPCPCFC_01301,GBPCPCFC_01303,mRNA
GBPCPCFC_01303,gnl|Prokka|GBPCPCFC_22,1222,1348403,0.593,948.8175,764.2049,0.8661,0.0,0.3406,-0.3531,159,-1.0335,-0.9951,0.399,0,0,0.0531,0.4646,0.0342,0.6381,0.4025,1.6186,0.1614,-1.302517407107158,-2.1854913552550914,-0.1145635800927321,GBPCPCFC_01303-0,GBPCPCFC_01303-0,,,,,,,,,,,,0,Unassigned,,405174,405332,GBPCPCFC_01302,GBPCPCFC_01304,mRNA
GBPCPCFC_01304,gnl|Prokka|GBPCPCFC_22,1222,1348403,0.593,948.8175,764.2049,0.8661,0.0,0.3406,-0.3531,522,-0.5585,-0.4996,0.3987,0,0,0.2661,0.0,0.2806,0.0,0.3295,-0.4671,-0.4903,-1.4071688890886134,0.03234331728516916,-0.10958196050745724,GBPCPCFC_01304-0,GBPCPCFC_01304-0,,,,,,,,,,,,0,Unassigned,,405387,405908,GBPCPCFC_01303,GBPCPCFC_01305,mRNA
GBPCPCFC_01305,gnl|Prokka|GBPCPCFC_22,1222,1348403,0.593,948.8175,764.2049,0.8661,0.0,0.3406,-0.3531,624,-0.425,-0.3604,0.3977,0,0,0.2612,0.0001,0.3001,0.0,0.3381,-0.2204,-0.4132,-1.4137218513070051,0.2161617688236961,-0.11656465669785832,GBPCPCFC_01305-0,GBPCPCFC_01305-0,Rickettsia endosymbiont of Cimex lectularius,2698648,61.7,9.21e-84,259,unclassified Rickettsia,114295,,,Rickettsia,780,0,Alphaproteobacteria,28211,406095,406718,GBPCPCFC_01304,GBPCPCFC_01306,mRNA
GBPCPCFC_01306,gnl|Prokka|GBPCPCFC_22,1222,1348403,0.593,948.8175,764.2049,0.8661,0.0,0.3406,-0.3531,1440,0.6427,0.7534,0.3966,0,0,0.3923,0.0,0.4293,0.0,0.3181,-0.7941,-0.5925,-1.6062880843053486,2.3030375144062663,-0.1965296303231673,GBPCPCFC_01306-0,GBPCPCFC_01306-0,Rickettsia endosymbiont of Labidopullus appendiculatus,2878921,63.5,1.98e-194,559,unclassified Rickettsia,114295,,,Rickettsia,780,0,Alphaproteobacteria,28211,406839,408278,GBPCPCFC_01305,GBPCPCFC_01307,mRNA
GBPCPCFC_01307,gnl|Prokka|GBPCPCFC_22,1222,1348403,0.593,948.8175,764.2049,0.8661,0.0,0.3406,-0.3531,1728,1.0196,1.1465,0.3943,0,0,0.3628,0.0,0.3793,0.0,0.3507,0.1383,-0.3011,-1.6669173406416744,2.397793943285913,-0.2499415975890071,GBPCPCFC_01307-0,GBPCPCFC_01307-0,Rickettsia endosymbiont of Bryobia graminum,2878922,75.1,0.0,902,unclassified Rickettsia,114295,,,Rickettsia,780,0,Alphaproteobacteria,28211,408378,410105,GBPCPCFC_01306,GBPCPCFC_01308,mRNA
GBPCPCFC_01308,gnl|Prokka|GBPCPCFC_22,1222,1348403,0.593,948.8175,764.2049,0.8661,0.0,0.3406,-0.3531,486,-0.6056,-0.5487,0.3916,0,0,0.1882,0.0029,0.2016,0.0014,0.2716,-2.1211,-1.007,-1.38372738231364,-0.6096338364204368,-0.13600119873878214,GBPCPCFC_01308-0,GBPCPCFC_01308-0,Pseudolycoriella hygida,35572,70.1,1.86e-59,210,cellular organisms,131567,Sciaridae,7184,Sciaridae,7184,1,Eumetazoa,6072,410174,410659,GBPCPCFC_01307,GBPCPCFC_01309,mRNA
GBPCPCFC_01309,gnl|Prokka|GBPCPCFC_22,1222,1348403,0.593,948.8175,764.2049,0.8661,0.0,0.3406,-0.3531,936,-0.0168,0.0655,0.3908,0,0,0.1891,0.0024,0.1656,0.0079,0.3536,0.2222,-0.2749,-1.4914406989646412,-0.12301423802847279,-0.20618189257091793,GBPCPCFC_01309-0,GBPCPCFC_01309-0,,,,,,,,,,,,0,Unassigned,,410719,411654,GBPCPCFC_01308,GBPCPCFC_01310,mRNA
GBPCPCFC_01310,gnl|Prokka|GBPCPCFC_22,1222,1348403,0.593,948.8175,764.2049,0.8661,0.0,0.3406,-0.3531,957,0.0107,0.0941,0.3894,0,0,0.3189,0.0,0.3456,0.0,0.3553,0.2692,-0.2602,-1.500796418662766,1.0608140999190516,-0.17062944591332352,GBPCPCFC_01310-0,GBPCPCFC_01310-0,Rickettsia endosymbiont of Cimex lectularius,2698648,73.0,1.21e-160,461,cellular organisms,131567,Sciaridae,7184,Sciaridae,7184,1,Eumetazoa,6072,411699,412655,GBPCPCFC_01309,GBPCPCFC_01311,mRNA
GBPCPCFC_01311,gnl|Prokka|GBPCPCFC_22,1222,1348403,0.593,948.8175,764.2049,0.8661,0.0,0.3406,-0.3531,120,-1.0845,-1.0483,0.3873,0,0,0.1078,0.1831,0.144,0.0747,0.4583,3.2131,0.6596,-1.2819719266456573,-1.6339762026836675,-0.10722033065507093,GBPCPCFC_01311-0,GBPCPCFC_01311-0,,,,,,,,,,,,0,Unassigned,,413052,413171,GBPCPCFC_01310,GBPCPCFC_01312,mRNA
GBPCPCFC_01312,gnl|Prokka|GBPCPCFC_22,1222,1348403,0.593,948.8175,764.2049,0.8661,0.0,0.3406,-0.3531,618,-0.4329,-0.3686,0.387,0,0,0.2812,0.0,0.275,0.0,0.3139,-0.9124,-0.6294,-1.4426573854708677,0.20567463412821546,-0.1530389756460343,GBPCPCFC_01312-0,GBPCPCFC_01312-0,unclassified Rickettsia,114295,67.8,3.33e-94,284,unclassified Rickettsia,114295,,,Rickettsia,780,0,Alphaproteobacteria,28211,413303,413920,GBPCPCFC_01311,GBPCPCFC_01313,mRNA
GBPCPCFC_01313,gnl|Prokka|GBPCPCFC_22,1222,1348403,0.593,948.8175,764.2049,0.8661,0.0,0.3406,-0.3531,777,-0.2248,-0.1515,0.386,0,0,0.0027,0.9654,0.0636,0.311,0.3436,-0.0636,-0.3642,-1.373849680885237,-1.4594001155433514,-0.20124539963071197,GBPCPCFC_01313-0,GBPCPCFC_01313-0,Rickettsia asiatica,238800,72.6,1.42e-102,308,Pseudomonadota,1224,,,Pseudomonadota,1224,0,Pseudomonadota,1224,413948,414724,GBPCPCFC_01312,GBPCPCFC_01314,mRNA
GBPCPCFC_01314,gnl|Prokka|GBPCPCFC_22,1222,1348403,0.593,948.8175,764.2049,0.8661,0.0,0.3406,-0.3531,780,-0.2209,-0.1474,0.3847,0,0,0.2894,0.0,0.33,0.0,0.3628,0.4847,-0.1929,-1.4529196728972444,0.6470377642377109,-0.1601132503259893,GBPCPCFC_01314-0,GBPCPCFC_01314-0,Rickettsia endosymbiont of Oxypoda opaca,2866308,69.4,1.59e-117,347,unclassified Rickettsia,114295,,,Rickettsia,780,0,Alphaproteobacteria,28211,414838,415617,GBPCPCFC_01313,GBPCPCFC_01315,mRNA
GBPCPCFC_01315,gnl|Prokka|GBPCPCFC_22,1222,1348403,0.593,948.8175,764.2049,0.8661,0.0,0.3406,-0.3531,2649,2.2248,2.4036,0.3834,0,0,0.2461,0.0001,0.3589,0.0,0.3745,0.8178,-0.0888,-1.7731996463814983,3.086418176430593,-0.3751105732351298,GBPCPCFC_01315-0,GBPCPCFC_01315-0,Rickettsia endosymbiont of Cimex lectularius,2698648,69.5,0.0,1246,cellular organisms,131567,Sciaridae,7184,Sciaridae,7184,1,Eumetazoa,6072,415705,418353,GBPCPCFC_01314,GBPCPCFC_01316,mRNA
GBPCPCFC_01316,gnl|Prokka|GBPCPCFC_22,1222,1348403,0.593,948.8175,764.2049,0.8661,0.0,0.3406,-0.3531,732,-0.2837,-0.213,0.3792,0,0,0.2196,0.0004,0.2187,0.0004,0.321,-0.7089,-0.5658,-1.4494185573398002,-0.08850351259239023,-0.19431667575362435,GBPCPCFC_01316-0,GBPCPCFC_01316-0,Rotaria sp. Silwood2,2762512,63.3,2.66e-71,226,cellular organisms,131567,Protostomia,33317,Protostomia,33317,1,Eumetazoa,6072,418546,419277,GBPCPCFC_01315,GBPCPCFC_01317,mRNA
GBPCPCFC_01317,gnl|Prokka|GBPCPCFC_22,1222,1348403,0.593,948.8175,764.2049,0.8661,0.0,0.3406,-0.3531,618,-0.4329,-0.3686,0.3781,0,0,0.1203,0.0546,0.2081,0.0008,0.3754,0.8441,-0.0806,-1.3582719192994708,-0.6900456410754313,-0.16909192002888135,GBPCPCFC_01317-0,GBPCPCFC_01317-0,Rickettsia endosymbiont of Bryobia graminum,2878922,81.5,6.00e-116,339,Rickettsiaceae,775,,,Rickettsiaceae,775,0,Alphaproteobacteria,28211,419319,419936,GBPCPCFC_01316,GBPCPCFC_01318,mRNA
GBPCPCFC_01318,gnl|Prokka|GBPCPCFC_22,1222,1348403,0.593,948.8175,764.2049,0.8661,0.0,0.3406,-0.3531,699,-0.3269,-0.258,0.3771,0,0,0.1816,0.0036,0.2165,0.0005,0.372,0.7457,-0.1113,-1.4160019044377226,-0.29821316933869135,-0.1891397028181058,GBPCPCFC_01318-0,GBPCPCFC_01318-0,Pseudolycoriella hygida,35572,88.9,8.64e-131,407,cellular organisms,131567,Sciaridae,7184,Sciaridae,7184,1,Eumetazoa,6072,419969,420667,GBPCPCFC_01317,GBPCPCFC_01319,mRNA
GBPCPCFC_01319,gnl|Prokka|GBPCPCFC_22,1222,1348403,0.593,948.8175,764.2049,0.8661,0.0,0.3406,-0.3531,177,-1.01,-0.9705,0.376,0,0,-0.2688,0.0012,-0.2502,0.0027,0.2486,-2.7786,-1.2125,-1.2155418970147487,-4.469448926037811,-0.21463257956007395,GBPCPCFC_01319-0,GBPCPCFC_01319-0,unclassified Rickettsia,114295,75.0,1.08e-18,81.6,unclassified Rickettsia,114295,,,Rickettsia,780,0,Alphaproteobacteria,28211,420681,420857,GBPCPCFC_01318,GBPCPCFC_01320,mRNA
GBPCPCFC_01320,gnl|Prokka|GBPCPCFC_22,1222,1348403,0.593,948.8175,764.2049,0.8661,0.0,0.3406,-0.3531,681,-0.3505,-0.2826,0.3756,0,0,0.2922,0.0,0.2945,0.0,0.351,0.1457,-0.2988,-1.4556684792113324,0.40383546872088755,-0.18209008595219286,GBPCPCFC_01320-0,GBPCPCFC_01320-0,Rickettsia endosymbiont of Cimex lectularius,2698648,71.8,5.77e-97,291,Rickettsia,780,,,Rickettsia,780,0,Alphaproteobacteria,28211,420971,421651,GBPCPCFC_01319,GBPCPCFC_01321,mRNA
GBPCPCFC_01321,gnl|Prokka|GBPCPCFC_22,1222,1348403,0.593,948.8175,764.2049,0.8661,0.0,0.3406,-0.3531,738,-0.2759,-0.2048,0.3745,0,0,0.0963,0.1242,0.0686,0.2745,0.3618,0.4552,-0.2021,-1.4361485217379337,-1.1064451343344872,-0.23768585011680343,GBPCPCFC_01321-0,GBPCPCFC_01321-0,Rickettsia endosymbiont of Bryobia graminum,2878922,75.5,2.16e-110,326,Bacteria,2,,,Bacteria,2,0,Bacteria,2,421700,422437,GBPCPCFC_01320,GBPCPCFC_01322,mRNA
GBPCPCFC_01322,gnl|Prokka|GBPCPCFC_22,1222,1348403,0.593,948.8175,764.2049,0.8661,0.0,0.3406,-0.3531,972,0.0303,0.1146,0.3732,0,0,0.2648,0.0,0.32,0.0,0.3138,-0.9161,-0.6306,-1.4797345062081926,0.770087971170406,-0.20947828223338802,GBPCPCFC_01322-0,GBPCPCFC_01322-0,,,,,,,,,,,,0,Unassigned,,422575,423546,GBPCPCFC_01321,GBPCPCFC_01323,mRNA
GBPCPCFC_01323,gnl|Prokka|GBPCPCFC_22,1222,1348403,0.593,948.8175,764.2049,0.8661,0.0,0.3406,-0.3531,1869,1.2041,1.3389,0.3713,0,0,0.2882,0.0,0.3523,0.0,0.3173,-0.8162,-0.5994,-1.6573647056528424,2.1871842144394895,-0.31681514934646754,GBPCPCFC_01323-0,GBPCPCFC_01323-0,Pseudolycoriella hygida,35572,85.0,0.0,1050,cellular organisms,131567,Sciaridae,7184,Sciaridae,7184,1,Eumetazoa,6072,423862,425730,GBPCPCFC_01322,GBPCPCFC_01324,mRNA
GBPCPCFC_01324,gnl|Prokka|GBPCPCFC_22,1222,1348403,0.593,948.8175,764.2049,0.8661,0.0,0.3406,-0.3531,1302,0.4622,0.565,0.3684,0,0,0.2943,0.0,0.3087,0.0,0.3449,-0.0286,-0.3533,-1.5734757205225933,1.2985717585124696,-0.27037314608571084,GBPCPCFC_01324-0,GBPCPCFC_01324-0,Rickettsia endosymbiont of Cimex lectularius,2698648,59.2,3.04e-161,472,unclassified Rickettsia,114295,,,Rickettsia,780,0,Alphaproteobacteria,28211,425857,427158,GBPCPCFC_01323,GBPCPCFC_01325,mRNA
GBPCPCFC_01325,gnl|Prokka|GBPCPCFC_22,1222,1348403,0.593,948.8175,764.2049,0.8661,0.0,0.3406,-0.3531,1341,0.5132,0.6183,0.3663,0,0,0.1837,0.0032,0.2746,0.0,0.3102,-1.0181,-0.6624,-1.5162061383986916,0.776095694787657,-0.27270583336845616,GBPCPCFC_01325-0,GBPCPCFC_01325-0,Rickettsia endosymbiont of Culicoides newsteadi,1961830,55.0,7.89e-166,484,unclassified Rickettsia,114295,,,Rickettsia,780,0,Alphaproteobacteria,28211,427232,428572,GBPCPCFC_01324,GBPCPCFC_01326,mRNA
GBPCPCFC_01326,gnl|Prokka|GBPCPCFC_22,1222,1348403,0.593,948.8175,764.2049,0.8661,0.0,0.3406,-0.3531,810,-0.1816,-0.1065,0.364,0,0,0.1798,0.0051,0.2276,0.0004,0.3099,-1.0278,-0.6655,-1.433514034823575,-0.11716035962206914,-0.22875338402870535,GBPCPCFC_01326-0,GBPCPCFC_01326-0,Alphaproteobacteria bacterium,1913988,50.9,2.01e-84,264,Alphaproteobacteria bacterium,1913988,,,Alphaproteobacteria bacterium,1913988,0,Alphaproteobacteria,28211,428770,429579,GBPCPCFC_01325,GBPCPCFC_01327,mRNA
GBPCPCFC_01327,gnl|Prokka|GBPCPCFC_22,1222,1348403,0.593,948.8175,764.2049,0.8661,0.0,0.3406,-0.3531,279,-0.8765,-0.8313,0.3622,0,0,0.0591,0.4178,0.0921,0.2065,0.276,-1.9959,-0.9679,-1.308588508943257,-1.7981159725601799,-0.1946380211836834,GBPCPCFC_01327-0,GBPCPCFC_01327-0,Rickettsia endosymbiont of Culicoides newsteadi,1961830,37.3,2.27e-08,58.2,unclassified Rickettsia,114295,,,Rickettsia,780,0,Alphaproteobacteria,28211,429999,430277,GBPCPCFC_01326,GBPCPCFC_01328,mRNA
GBPCPCFC_01328,gnl|Prokka|GBPCPCFC_22,1222,1348403,0.593,948.8175,764.2049,0.8661,0.0,0.3406,-0.3531,1068,0.156,0.2456,0.3612,0,0,0.103,0.1162,0.091,0.1654,0.2875,-1.6683,-0.8656,-1.497303468729468,-0.5562563213182251,-0.30215620093622864,GBPCPCFC_01328-0,GBPCPCFC_01328-0,Sulfurihydrogenibium sp.,2053621,26.8,5.94e-05,57.8,Bacteria,2,,,Bacteria,2,0,Bacteria,2,430690,431757,GBPCPCFC_01327,GBPCPCFC_01329,mRNA
GBPCPCFC_01329,gnl|Prokka|GBPCPCFC_22,1222,1348403,0.593,948.8175,764.2049,0.8661,0.0,0.3406,-0.3531,447,-0.6567,-0.602,0.3595,0,0,0.1492,0.0187,0.175,0.0057,0.3043,-1.1885,-0.7157,-1.3671893031839877,-0.9133071225439929,-0.20788968570271837,GBPCPCFC_01329-0,GBPCPCFC_01329-0,Alphaproteobacteria bacterium,1913988,37.9,5.97e-22,96.3,Bacteria,2,,,Bacteria,2,0,Bacteria,2,431829,432275,GBPCPCFC_01328,GBPCPCFC_01330,mRNA
GBPCPCFC_01330,gnl|Prokka|GBPCPCFC_22,1222,1348403,0.593,948.8175,764.2049,0.8661,0.0,0.3406,-0.3531,273,-0.8843,-0.8395,0.3582,0,0,0.0683,0.3133,0.1161,0.0859,0.3114,-0.9855,-0.6523,-1.3028530026944112,-1.6852088220962798,-0.19622878081703593,GBPCPCFC_01330-0,GBPCPCFC_01330-0,,,,,,,,,,,,0,Unassigned,,432679,432951,GBPCPCFC_01329,GBPCPCFC_01331,mRNA
GBPCPCFC_01331,gnl|Prokka|GBPCPCFC_22,1222,1348403,0.593,948.8175,764.2049,0.8661,0.0,0.3406,-0.3531,885,-0.0835,-0.0041,0.3577,0,0,0.162,0.0094,0.1845,0.0031,0.339,-0.1963,-0.4057,-1.4583384958336338,-0.23731831038063134,-0.26476761334234794,GBPCPCFC_01331-0,GBPCPCFC_01331-0,,,,,,,,,,,,0,Unassigned,,433065,433949,GBPCPCFC_01330,GBPCPCFC_01332,mRNA
GBPCPCFC_01332,gnl|Prokka|GBPCPCFC_22,1222,1348403,0.593,948.8175,764.2049,0.8661,0.0,0.3406,-0.3531,1833,1.157,1.2898,0.3559,0,0,0.2271,0.0002,0.2719,0.0,0.3595,0.3904,-0.2224,-1.6489640137458992,1.6104881909746276,-0.36584975052501795,GBPCPCFC_01332-0,GBPCPCFC_01332-0,Rickettsia endosymbiont of Oedothorax gibbosus,931099,78.2,0.0,941,Rickettsia,780,,,Rickettsia,780,0,Alphaproteobacteria,28211,434244,436076,GBPCPCFC_01331,GBPCPCFC_01333,mRNA
GBPCPCFC_01333,gnl|Prokka|GBPCPCFC_22,1222,1348403,0.593,948.8175,764.2049,0.8661,0.0,0.3406,-0.3531,273,-0.8843,-0.8395,0.3527,0,0,0.0291,0.673,0.11,0.1094,0.293,-1.5087,-0.8157,-1.2777610418317753,-1.8682325545171359,-0.2041901621308229,GBPCPCFC_01333-0,GBPCPCFC_01333-0,Wolbachia endosymbiont of Melophagus ovinus,1986203,76.7,2.13e-42,144,Pseudomonadota,1224,,,Pseudomonadota,1224,0,Pseudomonadota,1224,436416,436688,GBPCPCFC_01332,GBPCPCFC_01334,mRNA
GBPCPCFC_01334,gnl|Prokka|GBPCPCFC_22,1222,1348403,0.593,948.8175,764.2049,0.8661,0.0,0.3406,-0.3531,810,-0.1816,-0.1065,0.3523,0,0,0.2441,0.0001,0.2386,0.0001,0.3457,-0.005,-0.3459,-1.478496057927139,0.18767409350178993,-0.2631623353435454,GBPCPCFC_01334-0,GBPCPCFC_01334-0,Wolbachia endosymbiont of Diaphorina citri,116598,57.1,1.21e-95,291,cellular organisms,131567,Endopterygota,33392,Endopterygota,33392,1,Eumetazoa,6072,436681,437490,GBPCPCFC_01333,GBPCPCFC_01335,mRNA
GBPCPCFC_01335,gnl|Prokka|GBPCPCFC_22,1222,1348403,0.593,948.8175,764.2049,0.8661,0.0,0.3406,-0.3531,1893,1.2355,1.3717,0.3509,0,0,0.2481,0.0001,0.3758,0.0,0.317,-0.8255,-0.6023,-1.6242497870994304,2.1352257883712813,-0.35139352224858794,GBPCPCFC_01335-0,GBPCPCFC_01335-0,Rickettsia endosymbiont of Pseudomimeciton antennatum,2878923,72.2,0.0,900,unclassified Rickettsia,114295,,,Rickettsia,780,0,Alphaproteobacteria,28211,437601,439493,GBPCPCFC_01334,GBPCPCFC_01336,mRNA
GBPCPCFC_01336,gnl|Prokka|GBPCPCFC_22,1222,1348403,0.593,948.8175,764.2049,0.8661,0.0,0.3406,-0.3531,813,-0.1777,-0.1024,0.348,0,0,0.1637,0.0087,0.2105,0.0007,0.3407,-0.1469,-0.3902,-1.4341655453935158,-0.237451817782998,-0.2693302528201899,GBPCPCFC_01336-0,GBPCPCFC_01336-0,Pseudomonadota bacterium,1977087,71.8,1.09e-138,401,Bacteria,2,,,Bacteria,2,0,Bacteria,2,439598,440410,GBPCPCFC_01335,GBPCPCFC_01337,mRNA
GBPCPCFC_01337,gnl|Prokka|GBPCPCFC_22,1222,1348403,0.593,948.8175,764.2049,0.8661,0.0,0.3406,-0.3531,453,-0.6488,-0.5938,0.3465,0,0,0.0691,0.2782,0.0849,0.1824,0.3157,-0.8622,-0.6137,-1.3572544652459424,-1.5458441736301618,-0.25662070886452115,GBPCPCFC_01337-0,GBPCPCFC_01337-0,Rickettsia endosymbiont of Bryobia graminum,2878922,55.7,3.78e-39,140,unclassified Rickettsia,114295,,,Rickettsia,780,0,Alphaproteobacteria,28211,440586,441038,GBPCPCFC_01336,GBPCPCFC_01338,mRNA
GBPCPCFC_01338,gnl|Prokka|GBPCPCFC_22,1222,1348403,0.593,948.8175,764.2049,0.8661,0.0,0.3406,-0.3531,591,-0.4682,-0.4054,0.3452,0,0,0.1246,0.0499,0.193,0.0023,0.3283,-0.5027,-0.5014,-1.370803129744075,-0.7586430362091392,-0.24782900475641886,GBPCPCFC_01338-0,GBPCPCFC_01338-0,,,,,,,,,,,,0,Unassigned,,441478,442068,GBPCPCFC_01337,GBPCPCFC_01339,mRNA
GBPCPCFC_01339,gnl|Prokka|GBPCPCFC_22,1222,1348403,0.593,948.8175,764.2049,0.8661,0.0,0.3406,-0.3531,159,-1.0335,-0.9951,0.3442,0,0,0.1012,0.192,0.0759,0.3281,0.327,-0.5374,-0.5122,-1.3286320583359874,-1.839889153802288,-0.23463339184902818,GBPCPCFC_01339-0,GBPCPCFC_01339-0,,,,,,,,,,,,0,Unassigned,,442138,442296,GBPCPCFC_01338,GBPCPCFC_01340,mRNA
GBPCPCFC_01340,gnl|Prokka|GBPCPCFC_22,1222,1348403,0.593,948.8175,764.2049,0.8661,0.0,0.3406,-0.3531,324,-0.8176,-0.7698,0.3438,0,0,0.1752,0.0082,0.1943,0.0033,0.3364,-0.2695,-0.4285,-1.3558853928795906,-0.9042405821628493,-0.22668664312113782,GBPCPCFC_01340-0,GBPCPCFC_01340-0,Rickettsia endosymbiont of Pyrocoelia pectoralis,2866165,66.7,1.16e-48,160,cellular organisms,131567,Arthropoda,6656,Arthropoda,6656,1,Eumetazoa,6072,442381,442704,GBPCPCFC_01339,GBPCPCFC_01341,mRNA
GBPCPCFC_01341,gnl|Prokka|GBPCPCFC_22,1222,1348403,0.593,948.8175,764.2049,0.8661,0.0,0.3406,-0.3531,738,-0.2759,-0.2048,0.3433,0,0,0.391,0.0,0.4875,0.0,0.3293,-0.4738,-0.4924,-1.4486645217703917,1.5541427037719884,-0.2121728603809019,GBPCPCFC_01341-0,GBPCPCFC_01341-0,Rickettsia endosymbiont of Labidopullus appendiculatus,2878921,82.4,1.47e-141,407,unclassified Rickettsia,114295,,,Rickettsia,780,0,Alphaproteobacteria,28211,442755,443492,GBPCPCFC_01340,GBPCPCFC_01342,mRNA
GBPCPCFC_01342,gnl|Prokka|GBPCPCFC_22,1222,1348403,0.593,948.8175,764.2049,0.8661,0.0,0.3406,-0.3531,777,-0.2248,-0.1515,0.3422,0,0,0.0928,0.1516,0.1686,0.0089,0.296,-1.4239,-0.7892,-1.396672215892614,-0.7231626025749118,-0.28074654083180633,GBPCPCFC_01342-0,GBPCPCFC_01342-0,Rickettsia endosymbiont of Cimex lectularius,2698648,70.9,5.11e-123,361,unclassified Rickettsia,114295,,,Rickettsia,780,0,Alphaproteobacteria,28211,443493,444269,GBPCPCFC_01341,GBPCPCFC_01343,mRNA
GBPCPCFC_01343,gnl|Prokka|GBPCPCFC_22,1222,1348403,0.593,948.8175,764.2049,0.8661,0.0,0.3406,-0.3531,3189,2.9314,3.1406,0.341,0,0,0.4196,0.0,0.5005,0.0,0.3242,-0.6175,-0.5373,-1.945557535060215,5.021629561613154,-0.5194488371687692,GBPCPCFC_01343-0,GBPCPCFC_01343-0,Rickettsia endosymbiont of Platyusa sonomae,2878924,66.4,0.0,1419,unclassified Rickettsia,114295,,,Rickettsia,780,0,Alphaproteobacteria,28211,444266,447454,GBPCPCFC_01342,GBPCPCFC_01344,mRNA
GBPCPCFC_01344,gnl|Prokka|GBPCPCFC_22,1222,1348403,0.593,948.8175,764.2049,0.8661,0.0,0.3406,-0.3531,507,-0.5781,-0.5201,0.336,0,0,0.1443,0.0209,0.1853,0.0029,0.3412,-0.1323,-0.3857,-1.3749359766555795,-0.8160659147615185,-0.26495862678421156,GBPCPCFC_01344-0,GBPCPCFC_01344-0,Rickettsia endosymbiont of Platyusa sonomae,2878924,65.9,1.42e-72,226,Bacteria,2,,,Bacteria,2,0,Bacteria,2,447697,448203,GBPCPCFC_01343,GBPCPCFC_01345,mRNA
GBPCPCFC_01345,gnl|Prokka|GBPCPCFC_22,1222,1348403,0.593,948.8175,764.2049,0.8661,0.0,0.3406,-0.3531,909,-0.0521,0.0286,0.3353,0,0,0.0458,0.4729,0.045,0.4805,0.3124,-0.9548,-0.6427,-1.4522100863005738,-1.1639209127505925,-0.34870493730153707,GBPCPCFC_01345-0,GBPCPCFC_01345-0,Rickettsia endosymbiont of Bryobia graminum,2878922,78.3,1.69e-161,462,unclassified Rickettsia,114295,,,Rickettsia,780,0,Alphaproteobacteria,28211,448154,449062,GBPCPCFC_01344,GBPCPCFC_01346,mRNA
GBPCPCFC_01346,gnl|Prokka|GBPCPCFC_22,1222,1348403,0.593,948.8175,764.2049,0.8661,0.0,0.3406,-0.3531,474,-0.6213,-0.5651,0.3337,0,0,0.1008,0.1133,0.0833,0.1911,0.4219,2.1735,0.3347,-1.3886583307581843,-1.3905744058131864,-0.29495578195198385,GBPCPCFC_01346-0,GBPCPCFC_01346-0,Rickettsia endosymbiont of Bryobia graminum,2878922,66.2,5.71e-52,173,cellular organisms,131567,Sciaridae,7184,Sciaridae,7184,1,Eumetazoa,6072,449242,449715,GBPCPCFC_01345,GBPCPCFC_01347,mRNA
GBPCPCFC_01347,gnl|Prokka|GBPCPCFC_22,1222,1348403,0.593,948.8175,764.2049,0.8661,0.0,0.3406,-0.3531,498,-0.5899,-0.5323,0.3326,0,0,0.0896,0.1666,0.0626,0.3343,0.2731,-2.0786,-0.9938,-1.3958258755583843,-1.4756344867309223,-0.3058549134395748,GBPCPCFC_01347-0,GBPCPCFC_01347-0,Rickettsia endosymbiont of Bryobia graminum,2878922,73.8,2.63e-82,250,unclassified Rickettsia,114295,,,Rickettsia,780,0,Alphaproteobacteria,28211,449963,450460,GBPCPCFC_01346,GBPCPCFC_01348,mRNA
GBPCPCFC_01348,gnl|Prokka|GBPCPCFC_22,1222,1348403,0.593,948.8175,764.2049,0.8661,0.0,0.3406,-0.3531,915,-0.0443,0.0368,0.3316,0,0,0.2108,0.0007,0.2052,0.001,0.3202,-0.7323,-0.5731,-1.4956578495481037,0.07810522350336574,-0.32994161126855764,GBPCPCFC_01348-0,GBPCPCFC_01348-0,Rickettsia endosymbiont of Bryobia graminum,2878922,70.8,4.52e-136,397,cellular organisms,131567,Sciaridae,7184,Sciaridae,7184,1,Eumetazoa,6072,450651,451565,GBPCPCFC_01347,GBPCPCFC_01349,mRNA
GBPCPCFC_01349,gnl|Prokka|GBPCPCFC_22,1222,1348403,0.593,948.8175,764.2049,0.8661,0.0,0.3406,-0.3531,1158,0.2737,0.3685,0.3301,0,0,0.1758,0.0048,0.1659,0.0078,0.3368,-0.259,-0.4253,-1.5376421485076563,0.1257451298865579,-0.371134350823431,GBPCPCFC_01349-0,GBPCPCFC_01349-0,Rickettsiaceae bacterium,2023360,63.4,6.74e-155,451,Rickettsiales,766,,,Rickettsiales,766,0,Alphaproteobacteria,28211,451626,452783,GBPCPCFC_01348,GBPCPCFC_01350,mRNA
GBPCPCFC_01350,gnl|Prokka|GBPCPCFC_22,1222,1348403,0.593,948.8175,764.2049,0.8661,0.0,0.3406,-0.3531,429,-0.6802,-0.6265,0.3281,0,0,0.2175,0.0007,0.1893,0.0032,0.3566,0.3082,-0.248,-1.4140394950398962,-0.6039351612116087,-0.2850414079486407,GBPCPCFC_01350-0,GBPCPCFC_01350-0,Rickettsia endosymbiont of Oedothorax gibbosus,931099,73.9,1.29e-77,236,cellular organisms,131567,Sciaridae,7184,Sciaridae,7184,1,Eumetazoa,6072,452980,453408,GBPCPCFC_01349,GBPCPCFC_01351,mRNA
GBPCPCFC_01351,gnl|Prokka|GBPCPCFC_22,1222,1348403,0.593,948.8175,764.2049,0.8661,0.0,0.3406,-0.3531,318,-0.8255,-0.778,0.3275,0,0,0.2787,0.0,0.2929,0.0,0.3333,-0.3577,-0.4561,-1.385079672219305,-0.14440111463872515,-0.24659135791282674,GBPCPCFC_01351-0,GBPCPCFC_01351-0,Rickettsia endosymbiont of Labidopullus appendiculatus,2878921,67.0,5.06e-40,139,unclassified Rickettsia,114295,,,Rickettsia,780,0,Alphaproteobacteria,28211,453409,453726,GBPCPCFC_01350,GBPCPCFC_01352,mRNA
GBPCPCFC_01352,gnl|Prokka|GBPCPCFC_22,1222,1348403,0.593,948.8175,764.2049,0.8661,0.0,0.3406,-0.3531,1203,0.3326,0.4299,0.3269,0,0,0.3732,0.0,0.3826,0.0,0.3599,0.4022,-0.2187,-1.583917464160643,1.7480428237622136,-0.34150451263688464,GBPCPCFC_01352-0,GBPCPCFC_01352-0,Rickettsia endosymbiont of Bryobia graminum,2878922,83.0,3.29e-227,636,Rickettsia,780,,,Rickettsia,780,0,Alphaproteobacteria,28211,453781,454983,GBPCPCFC_01351,GBPCPCFC_01353,mRNA
GBPCPCFC_01353,gnl|Prokka|GBPCPCFC_22,1222,1348403,0.593,948.8175,764.2049,0.8661,0.0,0.3406,-0.3531,438,-0.6684,-0.6142,0.325,0,0,0.1311,0.042,0.0589,0.3622,0.3174,-0.8142,-0.5987,-1.4185793179936839,-1.3973019339707182,-0.3245799497752862,GBPCPCFC_01353-0,GBPCPCFC_01353-0,Rickettsia endosymbiont of Cimex lectularius,2698648,74.5,6.64e-68,212,Rickettsia,780,,,Rickettsia,780,0,Alphaproteobacteria,28211,455070,455507,GBPCPCFC_01352,GBPCPCFC_01354,mRNA
GBPCPCFC_01354,gnl|Prokka|GBPCPCFC_22,1222,1348403,0.593,948.8175,764.2049,0.8661,0.0,0.3406,-0.3531,246,-0.9197,-0.8763,0.3242,0,0,0.0973,0.1693,0.0334,0.6382,0.3984,1.5003,0.1244,-1.3687852818532202,-1.8834375066302462,-0.3059753210857834,GBPCPCFC_01354-0,GBPCPCFC_01354-0,Rickettsiaceae bacterium,2023360,90.1,2.27e-45,150,cellular organisms,131567,Arthropoda,6656,Arthropoda,6656,1,Eumetazoa,6072,455616,455861,GBPCPCFC_01353,GBPCPCFC_01355,mRNA
GBPCPCFC_01355,gnl|Prokka|GBPCPCFC_22,1222,1348403,0.593,948.8175,764.2049,0.8661,0.0,0.3406,-0.3531,318,-0.8255,-0.778,0.3237,0,0,0.2455,0.0002,0.2704,0.0,0.3585,0.361,-0.2316,-1.37253745373862,-0.3589565808313435,-0.25753785324294265,GBPCPCFC_01355-0,GBPCPCFC_01355-0,Rickettsia endosymbiont of Bryobia graminum,2878922,89.5,1.54e-57,183,Rickettsia,780,,,Rickettsia,780,0,Alphaproteobacteria,28211,455942,456259,GBPCPCFC_01354,GBPCPCFC_01356,mRNA
GBPCPCFC_01356,gnl|Prokka|GBPCPCFC_22,1222,1348403,0.593,948.8175,764.2049,0.8661,0.0,0.3406,-0.3531,75,-1.1434,-1.1097,0.3226,0,0,-0.1138,0.2279,-0.1717,0.0677,0.5867,6.8792,1.805,-1.2825308115734508,-3.6923838216025695,-0.32460977015548237,GBPCPCFC_01356-0,GBPCPCFC_01356-0,,,,,,,,,,,,0,Unassigned,,456729,456803,GBPCPCFC_01355,GBPCPCFC_01357,mRNA
GBPCPCFC_01357,gnl|Prokka|GBPCPCFC_22,1222,1348403,0.593,948.8175,764.2049,0.8661,0.0,0.3406,-0.3531,564,-0.5036,-0.4423,0.3223,0,0,0.2012,0.0014,0.224,0.0004,0.3351,-0.307,-0.4403,-1.411773325841141,-0.3700498518187742,-0.29978153416607706,GBPCPCFC_01357-0,GBPCPCFC_01357-0,,,,,,,,,,,,0,Unassigned,,456939,457502,GBPCPCFC_01356,GBPCPCFC_01358,mRNA
GBPCPCFC_01358,gnl|Prokka|GBPCPCFC_22,1222,1348403,0.593,948.8175,764.2049,0.8661,0.0,0.3406,-0.3531,933,-0.0207,0.0614,0.3205,0,0,0.2775,0.0,0.2928,0.0,0.3516,0.1628,-0.2935,-1.5065476110873923,0.6797500191833648,-0.33823377130330345,GBPCPCFC_01358-0,GBPCPCFC_01358-0,Rickettsia endosymbiont of Labidopullus appendiculatus,2878921,76.5,6.51e-163,466,unclassified Rickettsia,114295,,,Rickettsia,780,0,Alphaproteobacteria,28211,458143,459075,GBPCPCFC_01357,GBPCPCFC_01359,mRNA
GBPCPCFC_01359,gnl|Prokka|GBPCPCFC_22,1222,1348403,0.593,948.8175,764.2049,0.8661,0.0,0.3406,-0.3531,729,-0.2876,-0.2171,0.3191,0,0,0.131,0.0362,0.1723,0.0057,0.3251,-0.5928,-0.5296,-1.4187981398079776,-0.6155089095079321,-0.333571938999096,GBPCPCFC_01359-0,GBPCPCFC_01359-0,Rickettsia gravesii,354585,71.5,5.74e-119,349,Rickettsiaceae,775,,,Rickettsiaceae,775,0,Alphaproteobacteria,28211,459067,459795,GBPCPCFC_01358,GBPCPCFC_01360,mRNA
GBPCPCFC_01360,gnl|Prokka|GBPCPCFC_22,1222,1348403,0.593,948.8175,764.2049,0.8661,0.0,0.3406,-0.3531,1008,0.0774,0.1638,0.3179,0,0,0.1977,0.0015,0.2915,0.0,0.3353,-0.301,-0.4384,-1.4627107588981743,0.44598178272623407,-0.3398695571128295,GBPCPCFC_01360-0,GBPCPCFC_01360-0,Rickettsia endosymbiont of Bryobia graminum,2878922,68.0,5.58e-83,263,unclassified Rickettsia,114295,,,Rickettsia,780,0,Alphaproteobacteria,28211,459860,460867,GBPCPCFC_01359,GBPCPCFC_01361,mRNA
GBPCPCFC_01361,gnl|Prokka|GBPCPCFC_22,1222,1348403,0.593,948.8175,764.2049,0.8661,0.0,0.3406,-0.3531,1437,0.6388,0.7493,0.3158,0,0,0.2767,0.0,0.3473,0.0,0.3528,0.1989,-0.2822,-1.5780224450320897,1.5431840041186669,-0.39150057991816584,GBPCPCFC_01361-0,GBPCPCFC_01361-0,Rickettsia endosymbiont of Bryobia graminum,2878922,73.7,1.68e-257,719,cellular organisms,131567,Arthropoda,6656,Arthropoda,6656,1,Eumetazoa,6072,461265,462701,GBPCPCFC_01360,GBPCPCFC_01362,mRNA
GBPCPCFC_01362,gnl|Prokka|GBPCPCFC_22,1222,1348403,0.593,948.8175,764.2049,0.8661,0.0,0.3406,-0.3531,792,-0.2052,-0.1311,0.3137,0,0,0.1615,0.0097,0.1894,0.0023,0.3497,0.1112,-0.3096,-1.4463953758262826,-0.345146274920202,-0.3530686134506194,GBPCPCFC_01362-0,GBPCPCFC_01362-0,Rickettsia endosymbiont of Bryobia graminum,2878922,63.2,1.68e-113,337,cellular organisms,131567,Sciaridae,7184,Sciaridae,7184,1,Eumetazoa,6072,462694,463485,GBPCPCFC_01361,GBPCPCFC_01363,mRNA
GBPCPCFC_01363,gnl|Prokka|GBPCPCFC_22,1222,1348403,0.593,948.8175,764.2049,0.8661,0.0,0.3406,-0.3531,780,-0.2209,-0.1474,0.3124,0,0,0.3743,0.0,0.4458,0.0,0.3346,-0.3211,-0.4447,-1.4722679061609014,1.4004615690876892,-0.30061883315964455,GBPCPCFC_01363-0,GBPCPCFC_01363-0,Rickettsia endosymbiont of Cimex lectularius,2698648,65.2,3.34e-96,293,unclassified Rickettsia,114295,,,Rickettsia,780,0,Alphaproteobacteria,28211,463611,464390,GBPCPCFC_01362,GBPCPCFC_01364,mRNA
GBPCPCFC_01364,gnl|Prokka|GBPCPCFC_22,1222,1348403,0.593,948.8175,764.2049,0.8661,0.0,0.3406,-0.3531,2133,1.5496,1.6993,0.3103,0,0,0.223,0.0003,0.188,0.0025,0.406,1.7182,0.1925,-1.7574195947096192,1.7128068329871933,-0.5372374123179983,GBPCPCFC_01364-0,GBPCPCFC_01364-0,Rotaria sp. Silwood2,2762512,49.4,1.78e-86,301,Rotaria sp. Silwood2,2762512,,,Rotaria sp. Silwood2,2762512,0,Eumetazoa,6072,464992,467124,GBPCPCFC_01363,GBPCPCFC_01365,mRNA
GBPCPCFC_01365,gnl|Prokka|GBPCPCFC_22,1222,1348403,0.593,948.8175,764.2049,0.8661,0.0,0.3406,-0.3531,528,-0.5507,-0.4914,0.3066,0,0,0.1323,0.0343,0.1796,0.0039,0.3674,0.6162,-0.1518,-1.3791307419111354,-0.8554787159445775,-0.3352900254591894,GBPCPCFC_01365-0,GBPCPCFC_01365-0,Rickettsiaceae bacterium,2023360,45.2,2.39e-32,124,Rickettsiales,766,,,Rickettsiales,766,0,Alphaproteobacteria,28211,467475,468002,GBPCPCFC_01364,GBPCPCFC_01366,mRNA
GBPCPCFC_01366,gnl|Prokka|GBPCPCFC_22,1222,1348403,0.593,948.8175,764.2049,0.8661,0.0,0.3406,-0.3531,1188,0.313,0.4094,0.3055,0,0,0.3182,0.0,0.2768,0.0,0.3519,0.1713,-0.2908,-1.5985225972639223,1.1384684673626704,-0.41716051735930915,GBPCPCFC_01366-0,GBPCPCFC_01366-0,Rickettsia endosymbiont of Oxypoda opaca,2866308,62.8,6.65e-169,488,Rickettsia,780,,,Rickettsia,780,0,Alphaproteobacteria,28211,468241,469428,GBPCPCFC_01365,GBPCPCFC_01367,mRNA
GBPCPCFC_01367,gnl|Prokka|GBPCPCFC_22,1222,1348403,0.593,948.8175,764.2049,0.8661,0.0,0.3406,-0.3531,1032,0.1088,0.1965,0.3037,0,0,0.1829,0.0033,0.1826,0.0034,0.3634,0.5004,-0.188,-1.5151488971591776,0.044035031020815754,-0.41183473731307757,GBPCPCFC_01367-0,GBPCPCFC_01367-0,Rickettsia endosymbiont of Ceutorhynchus assimilis,2884482,71.2,1.16e-158,458,Rickettsia,780,,,Rickettsia,780,0,Alphaproteobacteria,28211,469447,470478,GBPCPCFC_01366,GBPCPCFC_01368,mRNA
GBPCPCFC_01368,gnl|Prokka|GBPCPCFC_22,1222,1348403,0.593,948.8175,764.2049,0.8661,0.0,0.3406,-0.3531,324,-0.8176,-0.7698,0.3018,0,0,0.1077,0.0947,0.1469,0.0223,0.3704,0.7003,-0.1255,-1.3384012129481246,-1.344142341633549,-0.32863240854599196,GBPCPCFC_01368-0,GBPCPCFC_01368-0,Rickettsia endosymbiont of Cimex lectularius,2698648,76.0,1.21e-16,78.6,Rickettsia,780,,,Rickettsia,780,0,Alphaproteobacteria,28211,470712,471035,GBPCPCFC_01367,GBPCPCFC_01369,mRNA
GBPCPCFC_01369,gnl|Prokka|GBPCPCFC_22,1222,1348403,0.593,948.8175,764.2049,0.8661,0.0,0.3406,-0.3531,2184,1.6163,1.7689,0.3011,0,0,0.202,0.0012,0.2517,0.0,0.3301,-0.4493,-0.4847,-1.7209724319115098,1.9138094149619749,-0.5383279666178745,GBPCPCFC_01369-0,GBPCPCFC_01369-0,Rickettsia tamurae,334545,67.0,0.0,954,Alphaproteobacteria,28211,,,Alphaproteobacteria,28211,0,Alphaproteobacteria,28211,471216,473399,GBPCPCFC_01368,GBPCPCFC_01370,mRNA
GBPCPCFC_01370,gnl|Prokka|GBPCPCFC_22,1222,1348403,0.593,948.8175,764.2049,0.8661,0.0,0.3406,-0.3531,2106,1.5142,1.6624,0.2978,0,0,0.3822,0.0,0.4419,0.0,0.3443,-0.0457,-0.3586,-1.7438003987376194,3.208083417847485,-0.5002196643203635,GBPCPCFC_01370-0,GBPCPCFC_01370-0,Pseudolycoriella hygida,35572,72.2,0.0,995,cellular organisms,131567,Sciaridae,7184,Sciaridae,7184,1,Eumetazoa,6072,473421,475526,GBPCPCFC_01369,GBPCPCFC_01371,mRNA
GBPCPCFC_01371,gnl|Prokka|GBPCPCFC_22,1222,1348403,0.593,948.8175,764.2049,0.8661,0.0,0.3406,-0.3531,984,0.046,0.131,0.2946,0,0,0.3541,0.0,0.3079,0.0,0.3313,-0.4158,-0.4742,-1.5716402120214181,1.1192719852342905,-0.41240475648514435,GBPCPCFC_01371-0,GBPCPCFC_01371-0,Pseudolycoriella hygida,35572,77.7,4.73e-155,491,cellular organisms,131567,Sciaridae,7184,Sciaridae,7184,1,Eumetazoa,6072,475602,476585,GBPCPCFC_01370,GBPCPCFC_01372,mRNA
GBPCPCFC_01372,gnl|Prokka|GBPCPCFC_22,1222,1348403,0.593,948.8175,764.2049,0.8661,0.0,0.3406,-0.3531,834,-0.1502,-0.0737,0.2931,0,0,0.0458,0.4795,0.0901,0.1633,0.2746,-2.0361,-0.9805,-1.4231658905765123,-1.1078184532286006,-0.42077147247334534,GBPCPCFC_01372-0,GBPCPCFC_01372-0,Rickettsia endosymbiont of Cimex lectularius,2698648,58.3,1.55e-96,305,cellular organisms,131567,Sciaridae,7184,Sciaridae,7184,1,Eumetazoa,6072,476597,477430,GBPCPCFC_01371,GBPCPCFC_01373,mRNA
GBPCPCFC_01373,gnl|Prokka|GBPCPCFC_22,1222,1348403,0.593,948.8175,764.2049,0.8661,0.0,0.3406,-0.3531,663,-0.374,-0.3071,0.2916,0,0,0.163,0.0101,0.2159,0.0006,0.2851,-1.7365,-0.8869,-1.4131822251187438,-0.42084327284882533,-0.3789743756943858,GBPCPCFC_01373-0,GBPCPCFC_01373-0,Rickettsia endosymbiont of Bryobia graminum,2878922,56.5,1.64e-75,248,cellular organisms,131567,Sciaridae,7184,Sciaridae,7184,1,Eumetazoa,6072,477637,478299,GBPCPCFC_01372,GBPCPCFC_01374,mRNA
GBPCPCFC_01374,gnl|Prokka|GBPCPCFC_22,1222,1348403,0.593,948.8175,764.2049,0.8661,0.0,0.3406,-0.3531,1503,0.7252,0.8394,0.2906,0,0,0.2292,0.0002,0.3123,0.0,0.3207,-0.7188,-0.5689,-1.5786357395527508,1.3168901783179316,-0.46192253220968754,GBPCPCFC_01374-0,GBPCPCFC_01374-0,Rickettsia endosymbiont of Labidopullus appendiculatus,2878921,82.2,1.17e-289,803,unclassified Rickettsia,114295,,,Rickettsia,780,0,Alphaproteobacteria,28211,478305,479807,GBPCPCFC_01373,GBPCPCFC_01375,mRNA
GBPCPCFC_01375,gnl|Prokka|GBPCPCFC_22,1222,1348403,0.593,948.8175,764.2049,0.8661,0.0,0.3406,-0.3531,996,0.0617,0.1474,0.2881,0,0,-0.0011,0.9862,0.0046,0.9422,0.3635,0.5027,-0.1873,-1.4647572310535328,-1.3768268043441771,-0.47449357885412896,GBPCPCFC_01375-0,GBPCPCFC_01375-0,Pseudolycoriella hygida,35572,97.8,7.42e-210,640,cellular organisms,131567,Sciaridae,7184,Sciaridae,7184,1,Eumetazoa,6072,479981,480976,GBPCPCFC_01374,GBPCPCFC_01376,mRNA
GBPCPCFC_01376,gnl|Prokka|GBPCPCFC_22,1222,1348403,0.593,948.8175,764.2049,0.8661,0.0,0.3406,-0.3531,1845,1.1727,1.3062,0.2863,0,0,0.2888,0.0,0.3302,0.0,0.3686,0.6487,-0.1417,-1.6822079916099242,2.0864390817497154,-0.5180246466877617,GBPCPCFC_01376-0,GBPCPCFC_01376-0,Pseudolycoriella hygida,35572,89.6,0.0,1061,cellular organisms,131567,Sciaridae,7184,Sciaridae,7184,1,Eumetazoa,6072,481176,483020,GBPCPCFC_01375,GBPCPCFC_01377,mRNA
GBPCPCFC_01377,gnl|Prokka|GBPCPCFC_22,1222,1348403,0.593,948.8175,764.2049,0.8661,0.0,0.3406,-0.3531,939,-0.0128,0.0696,0.2832,0,0,0.2078,0.0008,0.2047,0.001,0.3568,0.3116,-0.247,-1.508502082138921,0.09910760318670903,-0.44424072944608073,GBPCPCFC_01377-0,GBPCPCFC_01377-0,Pseudolycoriella hygida,35572,76.0,6.39e-169,481,cellular organisms,131567,Sciaridae,7184,Sciaridae,7184,1,Eumetazoa,6072,483300,484238,GBPCPCFC_01376,GBPCPCFC_01378,mRNA
GBPCPCFC_01378,gnl|Prokka|GBPCPCFC_22,1222,1348403,0.593,948.8175,764.2049,0.8661,0.0,0.3406,-0.3531,165,-1.0257,-0.9869,0.2817,0,0,0.01,0.8936,0.0645,0.3895,0.3273,-0.5308,-0.5102,-1.2804164502011666,-2.244875752615874,-0.367644884097821,GBPCPCFC_01378-0,GBPCPCFC_01378-0,,,,,,,,,,,,0,Unassigned,,484279,484443,GBPCPCFC_01377,GBPCPCFC_01379,mRNA
GBPCPCFC_01379,gnl|Prokka|GBPCPCFC_22,1222,1348403,0.593,948.8175,764.2049,0.8661,0.0,0.3406,-0.3531,1779,1.0863,1.2161,0.2814,0,0,0.242,0.0001,0.3011,0.0,0.3333,-0.3577,-0.4561,-1.6501472521807954,1.7043107525607546,-0.523395850600915,GBPCPCFC_01379-0,GBPCPCFC_01379-0,Rickettsia endosymbiont of Bryobia graminum,2878922,64.8,3.17e-285,802,unclassified Rickettsia,114295,,,Rickettsia,780,0,Alphaproteobacteria,28211,484464,486242,GBPCPCFC_01378,GBPCPCFC_01380,mRNA
GBPCPCFC_01380,gnl|Prokka|GBPCPCFC_22,1222,1348403,0.593,948.8175,764.2049,0.8661,0.0,0.3406,-0.3531,120,-1.0845,-1.0483,0.2788,0,0,0.0182,0.8568,0.0351,0.7275,0.2,-4.1666,-1.6461,-1.2933728253202708,-2.372655236089874,-0.3806857300818052,GBPCPCFC_01380-0,GBPCPCFC_01380-0,,,,,,,,,,,,0,Unassigned,,486255,486374,GBPCPCFC_01379,GBPCPCFC_01381,mRNA
GBPCPCFC_01381,gnl|Prokka|GBPCPCFC_22,1222,1348403,0.593,948.8175,764.2049,0.8661,0.0,0.3406,-0.3531,372,-0.7548,-0.7043,0.2786,0,0,0.2375,0.0002,0.1965,0.0022,0.3199,-0.7417,-0.5761,-1.424497745406573,-0.5701244553920667,-0.3932512700210343,GBPCPCFC_01381-0,GBPCPCFC_01381-0,Rickettsia endosymbiont of Sericostoma sp. HW-2014,2878927,76.6,7.93e-55,177,unclassified Rickettsia,114295,,,Rickettsia,780,0,Alphaproteobacteria,28211,486400,486771,GBPCPCFC_01380,GBPCPCFC_01382,mRNA
GBPCPCFC_01382,gnl|Prokka|GBPCPCFC_22,1222,1348403,0.593,948.8175,764.2049,0.8661,0.0,0.3406,-0.3531,849,-0.1306,-0.0533,0.2777,0,0,0.384,0.0,0.4317,0.0,0.338,-0.2231,-0.414,-1.507565275709826,1.487084966007558,-0.3959009921149114,GBPCPCFC_01382-0,GBPCPCFC_01382-0,Rickettsia endosymbiont of Bryobia graminum,2878922,79.2,2.57e-142,412,unclassified Rickettsia,114295,,,Rickettsia,780,0,Alphaproteobacteria,28211,486971,487819,GBPCPCFC_01381,GBPCPCFC_01383,mRNA
GBPCPCFC_01383,gnl|Prokka|GBPCPCFC_22,1222,1348403,0.593,948.8175,764.2049,0.8661,0.0,0.3406,-0.3531,552,-0.5193,-0.4586,0.2764,0,0,0.089,0.1555,0.1058,0.0912,0.3007,-1.2892,-0.7471,-1.3955624382984053,-1.2540934266237205,-0.4266356503242696,GBPCPCFC_01383-0,GBPCPCFC_01383-0,Rickettsia endosymbiont of Bryobia graminum,2878922,74.6,5.97e-92,276,unclassified Rickettsia,114295,,,Rickettsia,780,0,Alphaproteobacteria,28211,487823,488374,GBPCPCFC_01382,GBPCPCFC_01384,mRNA
GBPCPCFC_01384,gnl|Prokka|GBPCPCFC_22,1222,1348403,0.593,948.8175,764.2049,0.8661,0.0,0.3406,-0.3531,513,-0.5703,-0.5119,0.2754,0,0,0.0549,0.3895,0.1258,0.0478,0.3431,-0.0793,-0.3691,-1.3522958319239249,-1.3793293819011687,-0.4109875347171778,GBPCPCFC_01384-0,GBPCPCFC_01384-0,Rickettsia endosymbiont of Bryobia graminum,2878922,59.6,1.30e-57,188,unclassified Rickettsia,114295,,,Rickettsia,780,0,Alphaproteobacteria,28211,488544,489056,GBPCPCFC_01383,GBPCPCFC_01385,mRNA
GBPCPCFC_01385,gnl|Prokka|GBPCPCFC_22,1222,1348403,0.593,948.8175,764.2049,0.8661,0.0,0.3406,-0.3531,1533,0.7644,0.8803,0.2746,0,0,0.1453,0.02,0.2248,0.0003,0.3686,0.6486,-0.1417,-1.569862052168627,0.7100363635273289,-0.5189288670486358,GBPCPCFC_01385-0,GBPCPCFC_01385-0,Rickettsia endosymbiont of Bryobia graminum,2878922,77.7,1.57e-297,823,Rickettsia,780,,,Rickettsia,780,0,Alphaproteobacteria,28211,489053,490585,GBPCPCFC_01384,GBPCPCFC_01386,mRNA
GBPCPCFC_01386,gnl|Prokka|GBPCPCFC_22,1222,1348403,0.593,948.8175,764.2049,0.8661,0.0,0.3406,-0.3531,3546,3.3985,3.6279,0.2721,0,0,0.3269,0.0,0.3227,0.0,0.381,1.0038,-0.0307,-2.0518401918662463,4.512580734790747,-0.7694818626263754,GBPCPCFC_01386-0,GBPCPCFC_01386-0,Rickettsia endosymbiont of Sericostoma sp. HW-2014,2878927,46.3,0.0,994,unclassified Rickettsia,114295,,,Rickettsia,780,0,Alphaproteobacteria,28211,490763,494308,GBPCPCFC_01385,GBPCPCFC_01387,mRNA
GBPCPCFC_01387,gnl|Prokka|GBPCPCFC_22,1222,1348403,0.593,948.8175,764.2049,0.8661,0.0,0.3406,-0.3531,2451,1.9657,2.1333,0.2667,0,0,0.2555,0.0,0.3123,0.0,0.3027,-1.2318,-0.7292,-1.7896304887005356,2.705245654850261,-0.6383527789299765,GBPCPCFC_01387-0,GBPCPCFC_01387-0,Rickettsia endosymbiont of Cimex lectularius,2698648,71.8,0.0,1173,unclassified Rickettsia,114295,,,Rickettsia,780,0,Alphaproteobacteria,28211,494375,496825,GBPCPCFC_01386,GBPCPCFC_01388,mRNA
GBPCPCFC_01388,gnl|Prokka|GBPCPCFC_22,1222,1348403,0.593,948.8175,764.2049,0.8661,0.0,0.3406,-0.3531,1281,0.4347,0.5364,0.2631,0,0,0.2357,0.0001,0.2879,0.0,0.37,0.6904,-0.1286,-1.5581421409897855,0.9623767639852716,-0.5079231938431783,GBPCPCFC_01388-0,GBPCPCFC_01388-0,Rickettsia endosymbiont of Pseudomimeciton antennatum,2878923,83.2,5.26e-256,711,cellular organisms,131567,Sciaridae,7184,Sciaridae,7184,1,Eumetazoa,6072,496851,498131,GBPCPCFC_01387,GBPCPCFC_01389,mRNA
GBPCPCFC_01389,gnl|Prokka|GBPCPCFC_22,1222,1348403,0.593,948.8175,764.2049,0.8661,0.0,0.3406,-0.3531,753,-0.2562,-0.1843,0.2612,0,0,0.142,0.0254,0.1772,0.0051,0.2696,-2.1787,-1.025,-1.4413492665830048,-0.5174158528630285,-0.47033634404766533,GBPCPCFC_01389-0,GBPCPCFC_01389-0,Rickettsia endosymbiont of Culicoides newsteadi,1961830,74.1,6.32e-123,360,Rickettsia,780,,,Rickettsia,780,0,Alphaproteobacteria,28211,498125,498877,GBPCPCFC_01388,GBPCPCFC_01390,mRNA
GBPCPCFC_01390,gnl|Prokka|GBPCPCFC_22,1222,1348403,0.593,948.8175,764.2049,0.8661,0.0,0.3406,-0.3531,702,-0.323,-0.2539,0.26,0,0,0.2852,0.0,0.4068,0.0,0.3148,-0.8867,-0.6214,-1.4211259185481593,0.7951795440009533,-0.4101407263380502,GBPCPCFC_01390-0,GBPCPCFC_01390-0,Rickettsia endosymbiont of Culicoides impunctatus,2867440,45.5,4.80e-46,163,unclassified Rickettsia,114295,,,Rickettsia,780,0,Alphaproteobacteria,28211,498897,499598,GBPCPCFC_01389,GBPCPCFC_01391,mRNA
GBPCPCFC_01391,gnl|Prokka|GBPCPCFC_22,1222,1348403,0.593,948.8175,764.2049,0.8661,0.0,0.3406,-0.3531,513,-0.5703,-0.5119,0.2586,0,0,0.2628,0.0,0.2012,0.0014,0.3372,-0.2463,-0.4213,-1.4729111493208853,-0.25821431067428974,-0.45949675230857046,GBPCPCFC_01391-0,GBPCPCFC_01391-0,unclassified Rickettsia,114295,73.5,4.89e-94,281,unclassified Rickettsia,114295,,,Rickettsia,780,0,Alphaproteobacteria,28211,499828,500340,GBPCPCFC_01390,GBPCPCFC_01392,mRNA
GBPCPCFC_01392,gnl|Prokka|GBPCPCFC_22,1222,1348403,0.593,948.8175,764.2049,0.8661,0.0,0.3406,-0.3531,258,-0.904,-0.8599,0.2578,0,0,0.2317,0.0013,0.2267,0.0016,0.2984,-1.3542,-0.7674,-1.3866026130992526,-0.6431049967224823,-0.4154123432915766,GBPCPCFC_01392-0,GBPCPCFC_01392-0,unclassified Rickettsia,114295,67.1,6.84e-32,123,unclassified Rickettsia,114295,,,Rickettsia,780,0,Alphaproteobacteria,28211,500404,500661,GBPCPCFC_01391,GBPCPCFC_01393,mRNA
GBPCPCFC_01393,gnl|Prokka|GBPCPCFC_22,1222,1348403,0.593,948.8175,764.2049,0.8661,0.0,0.3406,-0.3531,558,-0.5114,-0.4505,0.2573,0,0,0.2143,0.0008,0.2685,0.0,0.2778,-1.9447,-0.9519,-1.411203881633079,-0.16706737154245357,-0.4355251395924545,GBPCPCFC_01393-0,GBPCPCFC_01393-0,Rickettsia endosymbiont of Cimex lectularius,2698648,65.2,1.48e-71,229,Rickettsia,780,,,Rickettsia,780,0,Alphaproteobacteria,28211,500740,501297,GBPCPCFC_01392,GBPCPCFC_01394,mRNA
GBPCPCFC_01394,gnl|Prokka|GBPCPCFC_22,1222,1348403,0.593,948.8175,764.2049,0.8661,0.0,0.3406,-0.3531,501,-0.586,-0.5283,0.2564,0,0,0.06,0.3549,0.0343,0.5975,0.3513,0.1555,-0.2958,-1.4046537458723893,-1.6873186821963009,-0.4869059932480004,GBPCPCFC_01394-0,GBPCPCFC_01394-0,Rickettsia endosymbiont of Cimex lectularius,2698648,29.9,4.02e-13,74.3,Rickettsia endosymbiont of Cimex lectularius,2698648,,,Rickettsia endosymbiont of Cimex lectularius,2698648,0,Alphaproteobacteria,28211,501368,501868,GBPCPCFC_01393,GBPCPCFC_01395,mRNA
GBPCPCFC_01395,gnl|Prokka|GBPCPCFC_22,1222,1348403,0.593,948.8175,764.2049,0.8661,0.0,0.3406,-0.3531,600,-0.4564,-0.3931,0.2548,0,0,0.1764,0.0046,0.1694,0.0066,0.3417,-0.1196,-0.3817,-1.4423775473612002,-0.6077799921265686,-0.4750949903136227,GBPCPCFC_01395-0,GBPCPCFC_01395-0,Pseudolycoriella hygida,35572,68.0,8.70e-74,252,Pseudolycoriella hygida,35572,,,Pseudolycoriella hygida,35572,0,Eumetazoa,6072,502445,503044,GBPCPCFC_01394,GBPCPCFC_01396,mRNA
GBPCPCFC_01396,gnl|Prokka|GBPCPCFC_22,1222,1348403,0.593,948.8175,764.2049,0.8661,0.0,0.3406,-0.3531,438,-0.6684,-0.6142,0.2538,0,0,0.11,0.0839,0.1692,0.0076,0.3242,-0.6186,-0.5376,-1.3610985760395706,-1.10198126633872,-0.44582888962780415,GBPCPCFC_01396-0,GBPCPCFC_01396-0,Parachlamydia sp. AcF125,2795736,70.4,1.21e-66,209,Bacteria,2,,,Bacteria,2,0,Bacteria,2,503090,503527,GBPCPCFC_01395,GBPCPCFC_01397,mRNA
GBPCPCFC_01397,gnl|Prokka|GBPCPCFC_22,1222,1348403,0.593,948.8175,764.2049,0.8661,0.0,0.3406,-0.3531,1074,0.1638,0.2538,0.2526,0,0,0.1537,0.0138,0.2062,0.0009,0.3715,0.7328,-0.1154,-1.5001255987745203,0.06387665025914877,-0.5213992357064242,GBPCPCFC_01397-0,GBPCPCFC_01397-0,Pseudolycoriella hygida,35572,78.7,9.83e-176,529,cellular organisms,131567,Sciaridae,7184,Sciaridae,7184,1,Eumetazoa,6072,503898,504971,GBPCPCFC_01396,GBPCPCFC_01398,mRNA
GBPCPCFC_01398,gnl|Prokka|GBPCPCFC_22,1222,1348403,0.593,948.8175,764.2049,0.8661,0.0,0.3406,-0.3531,540,-0.535,-0.475,0.2508,0,0,0.2098,0.0007,0.2374,0.0001,0.313,-0.9396,-0.6379,-1.4215832379195907,-0.3165881670727259,-0.4585792631665997,GBPCPCFC_01398-0,GBPCPCFC_01398-0,Rickettsia endosymbiont of Culicoides impunctatus,2867440,59.8,4.70e-66,210,unclassified Rickettsia,114295,,,Rickettsia,780,0,Alphaproteobacteria,28211,505128,505667,GBPCPCFC_01397,GBPCPCFC_01399,mRNA
GBPCPCFC_01399,gnl|Prokka|GBPCPCFC_22,1222,1348403,0.593,948.8175,764.2049,0.8661,0.0,0.3406,-0.3531,339,-0.798,-0.7494,0.25,0,0,0.0696,0.2826,0.1966,0.0022,0.2773,-1.9588,-0.9563,-1.2981172236643053,-1.3085751335866682,-0.425519866362351,GBPCPCFC_01399-0,GBPCPCFC_01399-0,Rickettsia endosymbiont of Ceutorhynchus assimilis,2884482,66.1,3.06e-49,162,Rickettsia,780,,,Rickettsia,780,0,Alphaproteobacteria,28211,505684,506022,GBPCPCFC_01398,GBPCPCFC_01400,mRNA
GBPCPCFC_01400,gnl|Prokka|GBPCPCFC_22,1222,1348403,0.593,948.8175,764.2049,0.8661,0.0,0.3406,-0.3531,435,-0.6724,-0.6183,0.2495,0,0,0.0644,0.3127,0.1242,0.0507,0.3103,-1.0144,-0.6613,-1.3503498445524813,-1.448755457562536,-0.4634596649447396,GBPCPCFC_01400-0,GBPCPCFC_01400-0,Rickettsia endosymbiont of Labidopullus appendiculatus,2878921,62.5,1.74e-53,176,unclassified Rickettsia,114295,,,Rickettsia,780,0,Alphaproteobacteria,28211,506012,506446,GBPCPCFC_01399,GBPCPCFC_01401,mRNA
GBPCPCFC_01401,gnl|Prokka|GBPCPCFC_22,1222,1348403,0.593,948.8175,764.2049,0.8661,0.0,0.3406,-0.3531,594,-0.4643,-0.4013,0.2488,0,0,0.1871,0.0026,0.2306,0.0002,0.3367,-0.2615,-0.426,-1.419108220675854,-0.3608576298377966,-0.46829380006862015,GBPCPCFC_01401-0,GBPCPCFC_01401-0,Rickettsia endosymbiont of Cimex lectularius,2698648,68.0,1.37e-90,274,unclassified Rickettsia,114295,,,Rickettsia,780,0,Alphaproteobacteria,28211,506443,507036,GBPCPCFC_01400,GBPCPCFC_01402,mRNA
GBPCPCFC_01402,gnl|Prokka|GBPCPCFC_22,1222,1348403,0.593,948.8175,764.2049,0.8661,0.0,0.3406,-0.3531,816,-0.1738,-0.0983,0.248,0,0,0.2534,0.0,0.2677,0.0,0.3039,-1.1979,-0.7186,-1.4935520086730194,0.3405081464922313,-0.49590398633616367,GBPCPCFC_01402-0,GBPCPCFC_01402-0,Rickettsia endosymbiont of Labidopullus appendiculatus,2878921,56.3,1.97e-108,325,unclassified Rickettsia,114295,,,Rickettsia,780,0,Alphaproteobacteria,28211,507033,507848,GBPCPCFC_01401,GBPCPCFC_01403,mRNA
GBPCPCFC_01403,gnl|Prokka|GBPCPCFC_22,1222,1348403,0.593,948.8175,764.2049,0.8661,0.0,0.3406,-0.3531,174,-1.0139,-0.9746,0.2467,0,0,0.0053,0.9476,-0.0287,0.7234,0.2701,-2.1636,-1.0203,-1.3337640776559474,-2.5702144157074076,-0.4819300290457572,GBPCPCFC_01403-0,GBPCPCFC_01403-0,unclassified Rickettsia,114295,56.9,2.04e-09,58.2,unclassified Rickettsia,114295,,,Rickettsia,780,0,Alphaproteobacteria,28211,507845,508018,GBPCPCFC_01402,GBPCPCFC_01404,mRNA
GBPCPCFC_01404,gnl|Prokka|GBPCPCFC_22,1222,1348403,0.593,948.8175,764.2049,0.8661,0.0,0.3406,-0.3531,444,-0.6606,-0.6061,0.2465,0,0,0.1256,0.0562,0.1592,0.0152,0.3333,-0.3577,-0.4561,-1.3806403522479096,-1.0629031352901708,-0.46976829224316635,GBPCPCFC_01404-0,GBPCPCFC_01404-0,Rickettsia endosymbiont of Culicoides newsteadi,1961830,52.4,9.48e-44,151,cellular organisms,131567,Sciaridae,7184,Sciaridae,7184,1,Eumetazoa,6072,508005,508448,GBPCPCFC_01403,GBPCPCFC_01405,mRNA
GBPCPCFC_01405,gnl|Prokka|GBPCPCFC_22,1222,1348403,0.593,948.8175,764.2049,0.8661,0.0,0.3406,-0.3531,2643,2.2169,2.3954,0.2451,0,0,0.378,0.0,0.4299,0.0,0.3651,0.5502,-0.1724,-1.8633380015262686,3.876294140439415,-0.6914260259416606,GBPCPCFC_01405-0,GBPCPCFC_01405-0,Rickettsia endosymbiont of Bryobia graminum,2878922,79.5,0.0,1392,cellular organisms,131567,Sciaridae,7184,Sciaridae,7184,1,Eumetazoa,6072,508938,511580,GBPCPCFC_01404,GBPCPCFC_01406,mRNA
GBPCPCFC_01406,gnl|Prokka|GBPCPCFC_22,1222,1348403,0.593,948.8175,764.2049,0.8661,0.0,0.3406,-0.3531,1665,0.9372,1.0605,0.2405,0,0,0.4513,0.0,0.4455,0.0,0.3862,1.1521,0.0156,-1.7190556636615506,2.915643287556101,-0.5891080741380312,GBPCPCFC_01406-0,GBPCPCFC_01406-0,Rickettsia endosymbiont of Labidopullus appendiculatus,2878921,82.3,1.50e-307,852,cellular organisms,131567,Sciaridae,7184,Sciaridae,7184,1,Eumetazoa,6072,512029,513693,GBPCPCFC_01405,GBPCPCFC_01407,mRNA
GBPCPCFC_01407,gnl|Prokka|GBPCPCFC_22,1222,1348403,0.593,948.8175,764.2049,0.8661,0.0,0.3406,-0.3531,300,-0.849,-0.8026,0.238,0,0,0.2297,0.0003,0.1891,0.0032,0.4067,1.7372,0.1984,-1.41679612595386,-0.7224575991034375,-0.47936886380562627,GBPCPCFC_01407-0,GBPCPCFC_01407-0,Pseudolycoriella hygida,35572,77.1,1.57e-44,155,cellular organisms,131567,Sciaridae,7184,Sciaridae,7184,1,Eumetazoa,6072,513734,514033,GBPCPCFC_01406,GBPCPCFC_01408,mRNA
GBPCPCFC_01408,gnl|Prokka|GBPCPCFC_22,1222,1348403,0.593,948.8175,764.2049,0.8661,0.0,0.3406,-0.3531,318,-0.8255,-0.778,0.2374,0,0,0.092,0.2127,0.1913,0.0091,0.2925,-1.5255,-0.821,-1.3161382943022453,-1.2613839236638138,-0.4578758674168199,GBPCPCFC_01408-0,GBPCPCFC_01408-0,Rickettsia endosymbiont of Cimex lectularius,2698648,79.0,2.26e-50,165,cellular organisms,131567,Sciaridae,7184,Sciaridae,7184,1,Eumetazoa,6072,514131,514448,GBPCPCFC_01407,GBPCPCFC_01409,mRNA
GBPCPCFC_01409,gnl|Prokka|GBPCPCFC_22,1222,1348403,0.593,948.8175,764.2049,0.8661,0.0,0.3406,-0.3531,1083,0.1756,0.2661,0.2369,0,0,0.2757,0.0,0.3125,0.0,0.2807,-1.8612,-0.9258,-1.542063466123513,0.947092969849389,-0.542294369259493,GBPCPCFC_01409-0,GBPCPCFC_01409-0,Rickettsia endosymbiont of Bryobia graminum,2878922,56.2,7.19e-100,309,unclassified Rickettsia,114295,,,Rickettsia,780,0,Alphaproteobacteria,28211,514452,515534,GBPCPCFC_01408,GBPCPCFC_01410,mRNA
GBPCPCFC_01410,gnl|Prokka|GBPCPCFC_22,1222,1348403,0.593,948.8175,764.2049,0.8661,0.0,0.3406,-0.3531,588,-0.4721,-0.4095,0.2352,0,0,0.0579,0.385,0.1486,0.0252,0.2619,-2.3982,-1.0936,-1.3660005234752324,-1.1851441283745794,-0.5053923208936603,GBPCPCFC_01410-0,GBPCPCFC_01410-0,Rickettsia endosymbiont of Bryobia graminum,2878922,71.0,1.10e-85,262,unclassified Rickettsia,114295,,,Rickettsia,780,0,Alphaproteobacteria,28211,515605,516192,GBPCPCFC_01409,GBPCPCFC_01411,mRNA
GBPCPCFC_01411,gnl|Prokka|GBPCPCFC_22,1222,1348403,0.593,948.8175,764.2049,0.8661,0.0,0.3406,-0.3531,1557,0.7958,0.9131,0.2343,0,0,0.1606,0.0113,0.1901,0.0026,0.2685,-2.2108,-1.0351,-1.6123022282127573,0.6895238579606755,-0.6300367171464012,GBPCPCFC_01411-0,GBPCPCFC_01411-0,Rickettsia endosymbiont of Bryobia graminum,2878922,63.0,2.91e-221,631,unclassified Rickettsia,114295,,,Rickettsia,780,0,Alphaproteobacteria,28211,516250,517806,GBPCPCFC_01410,GBPCPCFC_01412,mRNA
GBPCPCFC_01412,gnl|Prokka|GBPCPCFC_22,1222,1348403,0.593,948.8175,764.2049,0.8661,0.0,0.3406,-0.3531,2667,2.2483,2.4281,0.2319,0,0,0.3962,0.0,0.4429,0.0,0.3495,0.1029,-0.3122,-1.8777823725798892,4.029414912009687,-0.7234080842955284,GBPCPCFC_01412-0,GBPCPCFC_01412-0,Rickettsia endosymbiont of Bryobia graminum,2878922,78.6,0.0,1400,cellular organisms,131567,Sciaridae,7184,Sciaridae,7184,1,Eumetazoa,6072,517840,520506,GBPCPCFC_01411,GBPCPCFC_01413,mRNA
GBPCPCFC_01413,gnl|Prokka|GBPCPCFC_22,1222,1348403,0.593,948.8175,764.2049,0.8661,0.0,0.3406,-0.3531,471,-0.6252,-0.5692,0.2276,0,0,0.1274,0.0417,0.1994,0.0013,0.397,1.4618,0.1124,-1.3706407784481283,-0.8798628524920529,-0.5026982863406928,GBPCPCFC_01413-0,GBPCPCFC_01413-0,Rickettsia endosymbiont of Bryobia graminum,2878922,68.6,5.05e-70,218,unclassified Rickettsia,114295,,,Rickettsia,780,0,Alphaproteobacteria,28211,520732,521202,GBPCPCFC_01412,GBPCPCFC_01414,mRNA
GBPCPCFC_01414,gnl|Prokka|GBPCPCFC_22,1222,1348403,0.593,948.8175,764.2049,0.8661,0.0,0.3406,-0.3531,660,-0.3779,-0.3112,0.2258,0,0,0.1125,0.077,0.1363,0.0319,0.347,0.0319,-0.3344,-1.4293245298361381,-0.9036218637186613,-0.5499436712590788,GBPCPCFC_01414-0,GBPCPCFC_01414-0,,,,,,,,,,,,0,Unassigned,,521969,522628,GBPCPCFC_01413,GBPCPCFC_01415,mRNA
GBPCPCFC_01415,gnl|Prokka|GBPCPCFC_22,1222,1348403,0.593,948.8175,764.2049,0.8661,0.0,0.3406,-0.3531,465,-0.6331,-0.5774,0.2243,0,0,0.112,0.0784,0.1842,0.0036,0.3161,-0.8492,-0.6096,-1.3663879140186308,-1.003990519407332,-0.5122481583895653,GBPCPCFC_01415-0,GBPCPCFC_01415-0,Parachlamydia sp. AcF125,2795736,70.4,1.22e-66,209,Bacteria,2,,,Bacteria,2,0,Bacteria,2,522974,523438,GBPCPCFC_01414,GBPCPCFC_01416,mRNA
GBPCPCFC_01416,gnl|Prokka|GBPCPCFC_22,1222,1348403,0.593,948.8175,764.2049,0.8661,0.0,0.3406,-0.3531,150,-1.0453,-1.0073,0.2236,0,0,0.1481,0.0686,0.169,0.0374,0.3267,-0.5481,-0.5156,-1.3394926000819132,-1.3309924574294034,-0.48692372353704255,GBPCPCFC_01416-0,GBPCPCFC_01416-0,,,,,,,,,,,,0,Unassigned,,523473,523622,GBPCPCFC_01415,GBPCPCFC_01417,mRNA
GBPCPCFC_01417,gnl|Prokka|GBPCPCFC_22,1222,1348403,0.593,948.8175,764.2049,0.8661,0.0,0.3406,-0.3531,714,-0.3073,-0.2375,0.2228,0,0,0.077,0.2194,0.1012,0.1064,0.3627,0.4825,-0.1936,-1.4319804319501,-1.0979998870725074,-0.5698070574460041,GBPCPCFC_01417-0,GBPCPCFC_01417-0,Rickettsia endosymbiont of Platyusa sonomae,2878924,61.0,4.94e-91,279,unclassified Rickettsia,114295,,,Rickettsia,780,0,Alphaproteobacteria,28211,523982,524695,GBPCPCFC_01416,GBPCPCFC_01418,mRNA
GBPCPCFC_01418,gnl|Prokka|GBPCPCFC_22,1222,1348403,0.593,948.8175,764.2049,0.8661,0.0,0.3406,-0.3531,93,-1.1199,-1.0851,0.2215,0,0,0.0505,0.5787,0.018,0.8435,0.2581,-2.5079,-1.1279,-1.3330108268084377,-2.330690995848779,-0.521382543855942,GBPCPCFC_01418-0,GBPCPCFC_01418-0,,,,,,,,,,,,0,Unassigned,,524837,524929,GBPCPCFC_01417,GBPCPCFC_01419,mRNA
GBPCPCFC_01419,gnl|Prokka|GBPCPCFC_22,1222,1348403,0.593,948.8175,764.2049,0.8661,0.0,0.3406,-0.3531,2250,1.7027,1.859,0.2211,0,0,0.2774,0.0,0.3929,0.0,0.3698,0.6834,-0.1308,-1.7347315060643755,2.8041433724073754,-0.6939397574071915,GBPCPCFC_01419-0,GBPCPCFC_01419-0,Pseudolycoriella hygida,35572,77.5,0.0,1132,cellular organisms,131567,Sciaridae,7184,Sciaridae,7184,1,Eumetazoa,6072,525162,527411,GBPCPCFC_01418,GBPCPCFC_01420,mRNA
GBPCPCFC_01420,gnl|Prokka|GBPCPCFC_22,1222,1348403,0.593,948.8175,764.2049,0.8661,0.0,0.3406,-0.3531,270,-0.8883,-0.8435,0.2172,0,0,0.1289,0.0535,0.1647,0.0134,0.3444,-0.0403,-0.3569,-1.352221403656698,-1.2632859222271844,-0.5145896434621959,GBPCPCFC_01420-0,GBPCPCFC_01420-0,unclassified Rickettsia,114295,83.1,2.60e-44,148,cellular organisms,131567,Sciaridae,7184,Sciaridae,7184,1,Eumetazoa,6072,527733,528002,GBPCPCFC_01419,GBPCPCFC_01421,mRNA
GBPCPCFC_01421,gnl|Prokka|GBPCPCFC_22,1222,1348403,0.593,948.8175,764.2049,0.8661,0.0,0.3406,-0.3531,933,-0.0207,0.0614,0.2169,0,0,0.115,0.0705,0.1485,0.0193,0.358,0.3465,-0.2361,-1.4804572080236713,-0.48274715128812734,-0.6001733944499961,GBPCPCFC_01421-0,GBPCPCFC_01421-0,Rickettsia endosymbiont of Cimex lectularius,2698648,74.7,2.12e-156,449,unclassified Rickettsia,114295,,,Rickettsia,780,0,Alphaproteobacteria,28211,527980,528912,GBPCPCFC_01420,GBPCPCFC_01422,mRNA
GBPCPCFC_01422,gnl|Prokka|GBPCPCFC_22,1222,1348403,0.593,948.8175,764.2049,0.8661,0.0,0.3406,-0.3531,1161,0.2777,0.3726,0.2153,0,0,0.1505,0.016,0.373,0.0,0.3178,-0.8006,-0.5945,-1.4370933815738258,0.7426312809544336,-0.558117587600585,GBPCPCFC_01422-0,GBPCPCFC_01422-0,Rickettsia endosymbiont of Bryobia graminum,2878922,42.9,1.78e-72,244,unclassified Rickettsia,114295,,,Rickettsia,780,0,Alphaproteobacteria,28211,529020,530180,GBPCPCFC_01421,GBPCPCFC_01423,mRNA
GBPCPCFC_01423,gnl|Prokka|GBPCPCFC_22,1222,1348403,0.593,948.8175,764.2049,0.8661,0.0,0.3406,-0.3531,77,-1.1408,-1.107,0.2133,0,0,0.0196,0.8089,-0.0733,0.3661,0.5195,4.9599,1.2053,-1.3552494012768597,-2.7931600363694544,-0.5654690235221155,GBPCPCFC_01423-0,GBPCPCFC_01423-0,,,,,,,,,,,,0,Unassigned,,530366,530442,GBPCPCFC_01422,GBPCPCFC_01424,mRNA
GBPCPCFC_01424,gnl|Prokka|GBPCPCFC_22,1222,1348403,0.593,948.8175,764.2049,0.8661,0.0,0.3406,-0.3531,76,-1.1421,-1.1083,0.213,0,0,-0.007,0.9421,-0.0637,0.5065,0.5921,7.0345,1.8535,-1.330273446896072,-2.8716116971451155,-0.5579447124647199,GBPCPCFC_01424-0,GBPCPCFC_01424-0,,,,,,,,,,,,0,Unassigned,,530604,530679,GBPCPCFC_01423,GBPCPCFC_01425,mRNA
GBPCPCFC_01425,gnl|Prokka|GBPCPCFC_22,1222,1348403,0.593,948.8175,764.2049,0.8661,0.0,0.3406,-0.3531,291,-0.8608,-0.8149,0.2124,0,0,0.1762,0.0102,0.2266,0.0009,0.3643,0.5258,-0.1801,-1.3610368441389882,-0.8264221850985579,-0.5144801105940309,GBPCPCFC_01425-0,GBPCPCFC_01425-0,Rickettsia endosymbiont of Bryobia graminum,2878922,78.1,1.59e-40,148,unclassified Rickettsia,114295,,,Rickettsia,780,0,Alphaproteobacteria,28211,530988,531278,GBPCPCFC_01424,GBPCPCFC_01426,mRNA
GBPCPCFC_01426,gnl|Prokka|GBPCPCFC_22,1222,1348403,0.593,948.8175,764.2049,0.8661,0.0,0.3406,-0.3531,465,-0.6331,-0.5774,0.2114,0,0,0.112,0.0784,0.1842,0.0036,0.3161,-0.8492,-0.6096,-1.3690855572494955,-1.003238947748535,-0.5420195462549282,GBPCPCFC_01426-0,GBPCPCFC_01426-0,Parachlamydia sp. AcF125,2795736,70.4,1.22e-66,209,Bacteria,2,,,Bacteria,2,0,Bacteria,2,531683,532147,GBPCPCFC_01425,GBPCPCFC_01427,mRNA
GBPCPCFC_01427,gnl|Prokka|GBPCPCFC_22,1222,1348403,0.593,948.8175,764.2049,0.8661,0.0,0.3406,-0.3531,864,-0.111,-0.0328,0.2107,0,0,0.2294,0.0003,0.2895,0.0,0.3426,-0.0932,-0.3735,-1.4816198667264653,0.3827298672413111,-0.5758780027249836,GBPCPCFC_01427-0,GBPCPCFC_01427-0,Rickettsia endosymbiont of Cimex lectularius,2698648,64.9,2.20e-120,362,unclassified Rickettsia,114295,,,Rickettsia,780,0,Alphaproteobacteria,28211,532168,533031,GBPCPCFC_01426,GBPCPCFC_01428,mRNA
GBPCPCFC_01428,gnl|Prokka|GBPCPCFC_22,1222,1348403,0.593,948.8175,764.2049,0.8661,0.0,0.3406,-0.3531,1248,0.3915,0.4913,0.2094,0,0,0.254,0.0,0.356,0.0,0.3686,0.6495,-0.1414,-1.5416900263832352,1.2307481229203636,-0.6067479250014901,GBPCPCFC_01428-0,GBPCPCFC_01428-0,Didymodactylos carnosus,1234261,75.7,7.76e-186,536,cellular organisms,131567,Protostomia,33317,Protostomia,33317,1,Eumetazoa,6072,533038,534285,GBPCPCFC_01427,GBPCPCFC_01429,mRNA
GBPCPCFC_01429,gnl|Prokka|GBPCPCFC_22,1222,1348403,0.593,948.8175,764.2049,0.8661,0.0,0.3406,-0.3531,1554,0.7919,0.909,0.207,0,0,0.1396,0.0255,0.0676,0.2813,0.4022,1.6092,0.1584,-1.6644948110968663,0.1794728914221669,-0.7326577988553877,GBPCPCFC_01429-0,GBPCPCFC_01429-0,,,,,,,,,,,,0,Unassigned,,534643,536196,GBPCPCFC_01428,GBPCPCFC_01430,mRNA
GBPCPCFC_01430,gnl|Prokka|GBPCPCFC_22,1222,1348403,0.593,948.8175,764.2049,0.8661,0.0,0.3406,-0.3531,675,-0.3583,-0.2908,0.2047,0,0,0.1737,0.0061,0.1407,0.0268,0.4252,2.2662,0.3637,-1.4802907270933932,-0.6134002439192414,-0.6097169692226762,GBPCPCFC_01430-0,GBPCPCFC_01430-0,,,,,,,,,,,,0,Unassigned,,536169,536843,GBPCPCFC_01429,GBPCPCFC_01431,mRNA
GBPCPCFC_01431,gnl|Prokka|GBPCPCFC_22,1222,1348403,0.593,948.8175,764.2049,0.8661,0.0,0.3406,-0.3531,1992,1.3651,1.5068,0.2035,0,0,0.2354,0.0001,0.2526,0.0,0.3685,0.6462,-0.1425,-1.7281910661295148,1.8018129624447903,-0.7454721531798614,GBPCPCFC_01431-0,GBPCPCFC_01431-0,Pseudolycoriella hygida,35572,86.4,0.0,1139,cellular organisms,131567,Sciaridae,7184,Sciaridae,7184,1,Eumetazoa,6072,537023,539014,GBPCPCFC_01430,GBPCPCFC_01432,mRNA
GBPCPCFC_01432,gnl|Prokka|GBPCPCFC_22,1222,1348403,0.593,948.8175,764.2049,0.8661,0.0,0.3406,-0.3531,291,-0.8608,-0.8149,0.2004,0,0,0.1559,0.014,0.1848,0.0035,0.3265,-0.554,-0.5174,-1.369771500896893,-1.0532995727277654,-0.5535101543618035,GBPCPCFC_01432-0,GBPCPCFC_01432-0,Rickettsia endosymbiont of Bryobia graminum,2878922,46.3,1.24e-17,81.6,cellular organisms,131567,Arthropoda,6656,Arthropoda,6656,1,Eumetazoa,6072,539092,539382,GBPCPCFC_01431,GBPCPCFC_01433,mRNA
GBPCPCFC_01433,gnl|Prokka|GBPCPCFC_22,1222,1348403,0.593,948.8175,764.2049,0.8661,0.0,0.3406,-0.3531,1770,1.0746,1.2038,0.1998,0,0,0.1134,0.07,0.2056,0.0009,0.3401,-0.164,-0.3956,-1.6180323734765805,0.8359622184474218,-0.7219634559709798,GBPCPCFC_01433-0,GBPCPCFC_01433-0,Rickettsia endosymbiont of Bryobia graminum,2878922,78.5,0.0,893,Rickettsiales,766,,,Rickettsiales,766,0,Alphaproteobacteria,28211,539483,541252,GBPCPCFC_01432,GBPCPCFC_01434,mRNA
GBPCPCFC_01434,gnl|Prokka|GBPCPCFC_22,1222,1348403,0.593,948.8175,764.2049,0.8661,0.0,0.3406,-0.3531,507,-0.5781,-0.5201,0.1969,0,0,0.1683,0.0109,0.1737,0.0086,0.3077,-1.0902,-0.6849,-1.4279546517861028,-0.7483445616902581,-0.5943499633167213,GBPCPCFC_01434-0,GBPCPCFC_01434-0,,,,,,,,,,,,0,Unassigned,,541420,541926,GBPCPCFC_01433,GBPCPCFC_01435,mRNA
GBPCPCFC_01435,gnl|Prokka|GBPCPCFC_22,1222,1348403,0.593,948.8175,764.2049,0.8661,0.0,0.3406,-0.3531,291,-0.8608,-0.8149,0.1957,0,0,0.0135,0.8459,0.0784,0.2568,0.2921,-1.5357,-0.8241,-1.3186239920624847,-2.008197115374129,-0.5772229159307023,GBPCPCFC_01435-0,GBPCPCFC_01435-0,Rickettsia rhipicephali,33992,75.6,6.04e-38,133,Rickettsia,780,,,Rickettsia,780,0,Alphaproteobacteria,28211,542290,542580,GBPCPCFC_01434,GBPCPCFC_01436,mRNA
GBPCPCFC_01436,gnl|Prokka|GBPCPCFC_22,1222,1348403,0.593,948.8175,764.2049,0.8661,0.0,0.3406,-0.3531,174,-1.0139,-0.9746,0.1951,0,0,0.2525,0.0002,0.2788,0.0,0.4195,2.1049,0.3133,-1.3720824721603218,-0.48759786303681946,-0.5348711852316487,GBPCPCFC_01436-0,GBPCPCFC_01436-0,,,,,,,,,,,,0,Unassigned,,542689,542862,GBPCPCFC_01435,GBPCPCFC_01437,mRNA
GBPCPCFC_01437,gnl|Prokka|GBPCPCFC_22,1222,1348403,0.593,948.8175,764.2049,0.8661,0.0,0.3406,-0.3531,612,-0.4407,-0.3768,0.1944,0,0,0.1775,0.0057,0.1462,0.0232,0.335,-0.311,-0.4415,-1.4700864256259312,-0.6631707473563945,-0.6244352344430579,GBPCPCFC_01437-0,GBPCPCFC_01437-0,Rickettsia endosymbiont of Ceutorhynchus assimilis,2884482,43.0,2.16e-49,170,Bacteria,2,,,Bacteria,2,0,Bacteria,2,543141,543752,GBPCPCFC_01436,GBPCPCFC_01438,mRNA
GBPCPCFC_01438,gnl|Prokka|GBPCPCFC_22,1222,1348403,0.593,948.8175,764.2049,0.8661,0.0,0.3406,-0.3531,168,-1.0217,-0.9828,0.1933,0,0,-0.0661,0.4342,-0.0072,0.9318,0.2798,-1.888,-0.9342,-1.2792112154541717,-2.797464820468637,-0.5841412231230744,GBPCPCFC_01438-0,GBPCPCFC_01438-0,Psychrobacillus psychrotolerans,126156,44.9,1.30e-04,48.9,Bacteria,2,,,Bacteria,2,0,Bacteria,2,543893,544060,GBPCPCFC_01437,GBPCPCFC_01439,mRNA
GBPCPCFC_01439,gnl|Prokka|GBPCPCFC_22,1222,1348403,0.593,948.8175,764.2049,0.8661,0.0,0.3406,-0.3531,1293,0.4504,0.5527,0.193,0,0,0.1881,0.0025,0.2063,0.0009,0.3519,0.1725,-0.2904,-1.5813386922105839,0.5053352774234012,-0.6919029627427774,GBPCPCFC_01439-0,GBPCPCFC_01439-0,Legionella,445,56.7,6.50e-173,501,cellular organisms,131567,cellular organisms,131567,cellular organisms,131567,1,cellular organisms,131567,544057,545349,GBPCPCFC_01438,GBPCPCFC_01440,mRNA
GBPCPCFC_01440,gnl|Prokka|GBPCPCFC_22,1222,1348403,0.593,948.8175,764.2049,0.8661,0.0,0.3406,-0.3531,465,-0.6331,-0.5774,0.1906,0,0,0.1183,0.0628,0.1713,0.0069,0.3204,-0.7263,-0.5713,-1.3847704857242213,-1.0202035988374256,-0.5957356573997363,GBPCPCFC_01440-0,GBPCPCFC_01440-0,Parachlamydia sp. AcF125,2795736,69.7,4.95e-66,208,Bacteria,2,,,Bacteria,2,0,Bacteria,2,545720,546184,GBPCPCFC_01439,GBPCPCFC_01441,mRNA
GBPCPCFC_01441,gnl|Prokka|GBPCPCFC_22,1222,1348403,0.593,948.8175,764.2049,0.8661,0.0,0.3406,-0.3531,111,-1.0963,-1.0606,0.1888,0,0,0.0103,0.9147,-0.0214,0.8246,0.2252,-3.446,-1.421,-1.333489928812428,-2.6060617786788103,-0.6060716881032356,GBPCPCFC_01441-0,GBPCPCFC_01441-0,,,,,,,,,,,,0,Unassigned,,546892,547002,GBPCPCFC_01440,GBPCPCFC_01442,mRNA
GBPCPCFC_01442,gnl|Prokka|GBPCPCFC_22,1222,1348403,0.593,948.8175,764.2049,0.8661,0.0,0.3406,-0.3531,891,-0.0757,0.0041,0.1884,0,0,0.2017,0.0014,0.2688,0.0,0.2806,-1.8646,-0.9269,-1.4814578799945952,0.2347175947995393,-0.6331835366798962,GBPCPCFC_01442-0,GBPCPCFC_01442-0,Rickettsia endosymbiont of Bryobia graminum,2878922,77.0,1.22e-156,449,cellular organisms,131567,Arthropoda,6656,Arthropoda,6656,1,Eumetazoa,6072,547192,548082,GBPCPCFC_01441,GBPCPCFC_01443,mRNA
GBPCPCFC_01443,gnl|Prokka|GBPCPCFC_22,1222,1348403,0.593,948.8175,764.2049,0.8661,0.0,0.3406,-0.3531,603,-0.4525,-0.389,0.1868,0,0,0.2091,0.0009,0.2471,0.0001,0.3632,0.495,-0.1897,-1.441853307005214,-0.1974734388799263,-0.6104582973027142,GBPCPCFC_01443-0,GBPCPCFC_01443-0,Pseudolycoriella hygida,35572,88.5,1.91e-117,377,cellular organisms,131567,Sciaridae,7184,Sciaridae,7184,1,Eumetazoa,6072,548282,548884,GBPCPCFC_01442,GBPCPCFC_01444,mRNA
GBPCPCFC_01444,gnl|Prokka|GBPCPCFC_22,1222,1348403,0.593,948.8175,764.2049,0.8661,0.0,0.3406,-0.3531,1770,1.0746,1.2038,0.1854,0,0,0.3281,0.0,0.4371,0.0,0.3362,-0.277,-0.4309,-1.663193563498105,2.520902939053554,-0.7104396640637999,GBPCPCFC_01444-0,GBPCPCFC_01444-0,Rickettsia endosymbiont of Bryobia graminum,2878922,78.1,0.0,893,unclassified Rickettsia,114295,,,Rickettsia,780,0,Alphaproteobacteria,28211,549196,550965,GBPCPCFC_01443,GBPCPCFC_01445,mRNA
GBPCPCFC_01445,gnl|Prokka|GBPCPCFC_22,1222,1348403,0.593,948.8175,764.2049,0.8661,0.0,0.3406,-0.3531,267,-0.8922,-0.8476,0.1824,0,0,0.0227,0.734,0.1132,0.0895,0.3296,-0.4647,-0.4895,-1.3057389042241003,-1.8821877173497947,-0.594173983158723,GBPCPCFC_01445-0,GBPCPCFC_01445-0,Rickettsia endosymbiont of Bryobia graminum,2878922,74.2,4.30e-25,99.8,Rickettsia,780,,,Rickettsia,780,0,Alphaproteobacteria,28211,551248,551514,GBPCPCFC_01444,GBPCPCFC_01446,mRNA
GBPCPCFC_01446,gnl|Prokka|GBPCPCFC_22,1222,1348403,0.593,948.8175,764.2049,0.8661,0.0,0.3406,-0.3531,750,-0.2602,-0.1884,0.1819,0,0,0.1214,0.0523,0.1913,0.0021,0.34,-0.1672,-0.3966,-1.4346681750149768,-0.55391833950028,-0.6443012129571055,GBPCPCFC_01446-0,GBPCPCFC_01446-0,Rickettsia endosymbiont of Culicoides newsteadi,1961830,81.5,1.65e-142,409,cellular organisms,131567,Arthropoda,6656,Arthropoda,6656,1,Eumetazoa,6072,551569,552318,GBPCPCFC_01445,GBPCPCFC_01447,mRNA
GBPCPCFC_01447,gnl|Prokka|GBPCPCFC_22,1222,1348403,0.593,948.8175,764.2049,0.8661,0.0,0.3406,-0.3531,1008,0.0774,0.1638,0.1806,0,0,0.088,0.1603,0.0335,0.5936,0.3581,0.3508,-0.2347,-1.541532113343338,-0.8860604918219063,-0.7294541922209369,GBPCPCFC_01447-0,GBPCPCFC_01447-0,Rickettsia endosymbiont of Bryobia graminum,2878922,75.1,1.54e-175,500,Rickettsia,780,,,Rickettsia,780,0,Alphaproteobacteria,28211,552431,553438,GBPCPCFC_01446,GBPCPCFC_01448,mRNA
GBPCPCFC_01448,gnl|Prokka|GBPCPCFC_22,1222,1348403,0.593,948.8175,764.2049,0.8661,0.0,0.3406,-0.3531,372,-0.7548,-0.7043,0.1789,0,0,0.0818,0.2055,0.0804,0.2136,0.3952,1.4085,0.0957,-1.3882258228882114,-1.6078834309887176,-0.6373275556553006,GBPCPCFC_01448-0,GBPCPCFC_01448-0,,,,,,,,,,,,0,Unassigned,,553568,553939,GBPCPCFC_01447,GBPCPCFC_01449,mRNA
GBPCPCFC_01449,gnl|Prokka|GBPCPCFC_22,1222,1348403,0.593,948.8175,764.2049,0.8661,0.0,0.3406,-0.3531,1095,0.1913,0.2825,0.1784,0,0,0.3019,0.0,0.3274,0.0,0.3571,0.3206,-0.2442,-1.5686434778236846,1.1263548114594362,-0.6780799149938393,GBPCPCFC_01449-0,GBPCPCFC_01449-0,Rickettsia endosymbiont of Cimex lectularius,2698648,75.4,2.23e-189,538,Rickettsia,780,,,Rickettsia,780,0,Alphaproteobacteria,28211,553953,555047,GBPCPCFC_01448,GBPCPCFC_01450,mRNA
GBPCPCFC_01450,gnl|Prokka|GBPCPCFC_22,1222,1348403,0.593,948.8175,764.2049,0.8661,0.0,0.3406,-0.3531,1404,0.5956,0.7043,0.1766,0,0,0.1913,0.0021,0.3227,0.0,0.3533,0.212,-0.2781,-1.549289956648399,1.0687240031337082,-0.702445367507987,GBPCPCFC_01450-0,GBPCPCFC_01450-0,Rickettsia endosymbiont of Cimex lectularius,2698648,73.0,1.58e-257,718,cellular organisms,131567,Sciaridae,7184,Sciaridae,7184,1,Eumetazoa,6072,555129,556532,GBPCPCFC_01449,GBPCPCFC_01451,mRNA
GBPCPCFC_01451,gnl|Prokka|GBPCPCFC_22,1222,1348403,0.593,948.8175,764.2049,0.8661,0.0,0.3406,-0.3531,891,-0.0757,0.0041,0.1741,0,0,0.1814,0.0042,0.2041,0.0012,0.3558,0.2835,-0.2558,-1.5024164828223374,-0.07062705384014802,-0.685691793891406,GBPCPCFC_01451-0,GBPCPCFC_01451-0,Rickettsia endosymbiont of Culicoides newsteadi,1961830,83.7,1.38e-170,484,cellular organisms,131567,Sciaridae,7184,Sciaridae,7184,1,Eumetazoa,6072,556844,557734,GBPCPCFC_01450,GBPCPCFC_01452,mRNA
GBPCPCFC_01452,gnl|Prokka|GBPCPCFC_22,1222,1348403,0.593,948.8175,764.2049,0.8661,0.0,0.3406,-0.3531,918,-0.0403,0.0409,0.1727,0,0,0.1908,0.0022,0.2443,0.0001,0.3824,1.0426,-0.0186,-1.4944103240933042,0.14235402260455662,-0.6794978679078829,GBPCPCFC_01452-0,GBPCPCFC_01452-0,Pseudolycoriella hygida,35572,70.5,1.67e-140,418,cellular organisms,131567,Sciaridae,7184,Sciaridae,7184,1,Eumetazoa,6072,557754,558671,GBPCPCFC_01451,GBPCPCFC_01453,mRNA
GBPCPCFC_01453,gnl|Prokka|GBPCPCFC_22,1222,1348403,0.593,948.8175,764.2049,0.8661,0.0,0.3406,-0.3531,1344,0.5171,0.6224,0.1708,0,0,0.2731,0.0,0.328,0.0,0.2976,-1.3779,-0.7749,-1.5972873700077619,1.3453337070521196,-0.7209830259970537,GBPCPCFC_01453-0,GBPCPCFC_01453-0,Candidatus Bandiella numerosa,2570586,43.5,4.19e-109,340,Alphaproteobacteria,28211,,,Alphaproteobacteria,28211,0,Alphaproteobacteria,28211,559054,560397,GBPCPCFC_01452,GBPCPCFC_01454,mRNA
GBPCPCFC_01454,gnl|Prokka|GBPCPCFC_22,1222,1348403,0.593,948.8175,764.2049,0.8661,0.0,0.3406,-0.3531,435,-0.6724,-0.6183,0.1687,0,0,0.0224,0.7215,0.0076,0.9034,0.3402,-0.1607,-0.3945,-1.3955704039838643,-2.018269421296354,-0.684133012291009,GBPCPCFC_01454-0,GBPCPCFC_01454-0,,,,,,,,,,,,0,Unassigned,,560457,560891,GBPCPCFC_01453,GBPCPCFC_01455,mRNA
GBPCPCFC_01455,gnl|Prokka|GBPCPCFC_22,1222,1348403,0.593,948.8175,764.2049,0.8661,0.0,0.3406,-0.3531,2010,1.3886,1.5314,0.1674,0,0,0.372,0.0,0.3616,0.0,0.3706,0.7082,-0.1231,-1.785748032498502,2.7684913386704673,-0.8162199403156792,GBPCPCFC_01455-0,GBPCPCFC_01455-0,Pseudolycoriella hygida,35572,73.9,0.0,962,cellular organisms,131567,Sciaridae,7184,Sciaridae,7184,1,Eumetazoa,6072,561368,563377,GBPCPCFC_01454,GBPCPCFC_01456,mRNA
GBPCPCFC_01456,gnl|Prokka|GBPCPCFC_22,1222,1348403,0.593,948.8175,764.2049,0.8661,0.0,0.3406,-0.3531,876,-0.0953,-0.0164,0.1642,0,0,0.2625,0.0,0.3812,0.0,0.2774,-1.9556,-0.9553,-1.4714776502296776,0.8534854484769936,-0.6577849299485701,GBPCPCFC_01456-0,GBPCPCFC_01456-0,Rickettsia endosymbiont of Sericostoma sp.,2878926,62.2,5.00e-117,348,unclassified Rickettsia,114295,,,Rickettsia,780,0,Alphaproteobacteria,28211,563501,564376,GBPCPCFC_01455,GBPCPCFC_01457,mRNA
GBPCPCFC_01457,gnl|Prokka|GBPCPCFC_22,1222,1348403,0.593,948.8175,764.2049,0.8661,0.0,0.3406,-0.3531,1392,0.5799,0.6879,0.1627,0,0,0.2649,0.0,0.3019,0.0,0.3527,0.1964,-0.283,-1.615649715323263,1.2869035452564774,-0.7534414595631411,GBPCPCFC_01457-0,GBPCPCFC_01457-0,Pseudolycoriella hygida,35572,89.3,2.17e-282,785,cellular organisms,131567,Sciaridae,7184,Sciaridae,7184,1,Eumetazoa,6072,564521,565912,GBPCPCFC_01456,GBPCPCFC_01458,mRNA
GBPCPCFC_01458,gnl|Prokka|GBPCPCFC_22,1222,1348403,0.593,948.8175,764.2049,0.8661,0.0,0.3406,-0.3531,372,-0.7548,-0.7043,0.1606,0,0,0.2433,0.0001,0.2355,0.0002,0.3387,-0.2041,-0.4081,-1.4335205004408436,-0.40535763722649365,-0.6526866148656235,GBPCPCFC_01458-0,GBPCPCFC_01458-0,Rickettsia endosymbiont of Culicoides newsteadi,1961830,69.7,4.73e-59,188,unclassified Rickettsia,114295,,,Rickettsia,780,0,Alphaproteobacteria,28211,565909,566280,GBPCPCFC_01457,GBPCPCFC_01459,mRNA
GBPCPCFC_01459,gnl|Prokka|GBPCPCFC_22,1222,1348403,0.593,948.8175,764.2049,0.8661,0.0,0.3406,-0.3531,267,-0.8922,-0.8476,0.1594,0,0,0.0997,0.1843,0.1211,0.1063,0.3071,-1.1066,-0.6901,-1.3641889711321828,-1.5347187947812029,-0.6580058544235035,GBPCPCFC_01459-0,GBPCPCFC_01459-0,Rickettsia endosymbiont of Labidopullus appendiculatus,2878921,69.0,3.58e-33,120,unclassified Rickettsia,114295,,,Rickettsia,780,0,Alphaproteobacteria,28211,566723,566989,GBPCPCFC_01458,GBPCPCFC_01460,mRNA
GBPCPCFC_01460,gnl|Prokka|GBPCPCFC_22,1222,1348403,0.593,948.8175,764.2049,0.8661,0.0,0.3406,-0.3531,3438,3.2572,3.4805,0.1588,0,0,0.3235,0.0,0.4363,0.0,0.3389,-0.1998,-0.4068,-1.9935189647665097,4.7495375311815,-0.9765630089775234,GBPCPCFC_01460-0,GBPCPCFC_01460-0,Rickettsia endosymbiont of Cimex lectularius,2698648,75.4,0.0,1652,cellular organisms,131567,Sciaridae,7184,Sciaridae,7184,1,Eumetazoa,6072,567160,570597,GBPCPCFC_01459,GBPCPCFC_01461,mRNA
GBPCPCFC_01461,gnl|Prokka|GBPCPCFC_22,1222,1348403,0.593,948.8175,764.2049,0.8661,0.0,0.3406,-0.3531,582,-0.48,-0.4177,0.1534,0,0,0.108,0.0898,0.1228,0.0535,0.3351,-0.3086,-0.4408,-1.4327155052620213,-1.0691863816060911,-0.7115096823729884,GBPCPCFC_01461-0,GBPCPCFC_01461-0,,,,,,,,,,,,0,Unassigned,,570761,571342,GBPCPCFC_01460,GBPCPCFC_01462,mRNA
GBPCPCFC_01462,gnl|Prokka|GBPCPCFC_22,1222,1348403,0.593,948.8175,764.2049,0.8661,0.0,0.3406,-0.3531,465,-0.6331,-0.5774,0.1518,0,0,0.112,0.0784,0.1842,0.0036,0.3161,-0.8492,-0.6096,-1.3815490872153517,-0.9997665701621549,-0.6795679739119543,GBPCPCFC_01462-0,GBPCPCFC_01462-0,Parachlamydia sp. AcF125,2795736,70.4,1.22e-66,209,Bacteria,2,,,Bacteria,2,0,Bacteria,2,571861,572325,GBPCPCFC_01461,GBPCPCFC_01463,mRNA
GBPCPCFC_01463,gnl|Prokka|GBPCPCFC_22,1222,1348403,0.593,948.8175,764.2049,0.8661,0.0,0.3406,-0.3531,303,-0.8451,-0.7985,0.1511,0,0,-0.1359,0.0471,-0.1515,0.0267,0.3531,0.208,-0.2794,-1.3362627622155425,-3.397504965398366,-0.7373218322338084,GBPCPCFC_01463-0,GBPCPCFC_01463-0,,,,,,,,,,,,0,Unassigned,,572322,572624,GBPCPCFC_01462,GBPCPCFC_01464,mRNA
GBPCPCFC_01464,gnl|Prokka|GBPCPCFC_22,1222,1348403,0.593,948.8175,764.2049,0.8661,0.0,0.3406,-0.3531,711,-0.3112,-0.2416,0.1497,0,0,0.1473,0.0203,0.1846,0.0035,0.3572,0.3253,-0.2427,-1.4565720124685508,-0.5203990985133933,-0.7207579248187057,GBPCPCFC_01464-0,GBPCPCFC_01464-0,,,,,,,,,,,,0,Unassigned,,573266,573976,GBPCPCFC_01463,GBPCPCFC_01465,mRNA
GBPCPCFC_01465,gnl|Prokka|GBPCPCFC_22,1222,1348403,0.593,948.8175,764.2049,0.8661,0.0,0.3406,-0.3531,975,0.0343,0.1187,0.1481,0,0,0.1752,0.0049,0.2713,0.0,0.3631,0.492,-0.1906,-1.4852481574102487,0.2490034960104787,-0.730949832489663,GBPCPCFC_01465-0,GBPCPCFC_01465-0,,,,,,,,,,,,0,Unassigned,,574354,575328,GBPCPCFC_01464,GBPCPCFC_01466,mRNA
GBPCPCFC_01466,gnl|Prokka|GBPCPCFC_22,1222,1348403,0.593,948.8175,764.2049,0.8661,0.0,0.3406,-0.3531,358,-0.7731,-0.7234,0.1464,0,0,0.1691,0.0076,0.1413,0.0261,0.3911,1.2914,0.0591,-1.4264310996787992,-1.0543934547737839,-0.7042320814492931,GBPCPCFC_01466-0,GBPCPCFC_01466-0,,,,,,,,,,,,0,Unassigned,,575469,575826,GBPCPCFC_01465,GBPCPCFC_01467,mRNA
GBPCPCFC_01467,gnl|Prokka|GBPCPCFC_22,1222,1348403,0.593,948.8175,764.2049,0.8661,0.0,0.3406,-0.3531,408,-0.7077,-0.6552,0.1459,0,0,-0.0288,0.6679,0.0461,0.4928,0.299,-1.3379,-0.7624,-1.336921024308289,-2.133418329451712,-0.7106569006870822,GBPCPCFC_01467-0,GBPCPCFC_01467-0,Rickettsia endosymbiont of Sericostoma sp. HW-2014,2878927,60.8,4.42e-51,170,unclassified Rickettsia,114295,,,Rickettsia,780,0,Alphaproteobacteria,28211,575869,576276,GBPCPCFC_01466,GBPCPCFC_01468,mRNA
GBPCPCFC_01468,gnl|Prokka|GBPCPCFC_22,1222,1348403,0.593,948.8175,764.2049,0.8661,0.0,0.3406,-0.3531,564,-0.5036,-0.4423,0.1452,0,0,0.1651,0.0114,0.1713,0.0087,0.3457,-0.0031,-0.3453,-1.4487851103045202,-0.6901809650334718,-0.7209436119806661,GBPCPCFC_01468-0,GBPCPCFC_01468-0,unclassified Rickettsia,114295,75.8,2.67e-85,259,cellular organisms,131567,Arthropoda,6656,Arthropoda,6656,1,Eumetazoa,6072,576303,576866,GBPCPCFC_01467,GBPCPCFC_01469,mRNA
GBPCPCFC_01469,gnl|Prokka|GBPCPCFC_22,1222,1348403,0.593,948.8175,764.2049,0.8661,0.0,0.3406,-0.3531,495,-0.5938,-0.5364,0.1444,0,0,0.1623,0.0093,0.1858,0.0028,0.3859,1.1428,0.0127,-1.4258761176310264,-0.7447762391366012,-0.7086637353523119,GBPCPCFC_01469-0,GBPCPCFC_01469-0,Rickettsia endosymbiont of Bryobia graminum,2878922,57.4,5.92e-36,131,cellular organisms,131567,Sciaridae,7184,Sciaridae,7184,1,Eumetazoa,6072,576854,577348,GBPCPCFC_01468,GBPCPCFC_01470,mRNA
GBPCPCFC_01470,gnl|Prokka|GBPCPCFC_22,1222,1348403,0.593,948.8175,764.2049,0.8661,0.0,0.3406,-0.3531,486,-0.6056,-0.5487,0.1437,0,0,0.131,0.0453,0.1676,0.0102,0.3025,-1.2394,-0.7316,-1.4101466606513806,-0.9488726351864853,-0.7101696187461495,GBPCPCFC_01470-0,GBPCPCFC_01470-0,unclassified Rickettsia,114295,70.2,2.38e-67,212,unclassified Rickettsia,114295,,,Rickettsia,780,0,Alphaproteobacteria,28211,577333,577818,GBPCPCFC_01469,GBPCPCFC_01471,mRNA
GBPCPCFC_01471,gnl|Prokka|GBPCPCFC_22,1222,1348403,0.593,948.8175,764.2049,0.8661,0.0,0.3406,-0.3531,723,-0.2955,-0.2252,0.1429,0,0,0.2233,0.0004,0.2847,0.0,0.3001,-1.306,-0.7524,-1.4659626238373806,0.15461133155936516,-0.715606140313028,GBPCPCFC_01471-0,GBPCPCFC_01471-0,Rickettsia endosymbiont of Cimex lectularius,2698648,65.4,1.11e-103,310,Rickettsia,780,,,Rickettsia,780,0,Alphaproteobacteria,28211,577884,578606,GBPCPCFC_01470,GBPCPCFC_01472,mRNA
GBPCPCFC_01472,gnl|Prokka|GBPCPCFC_22,1222,1348403,0.593,948.8175,764.2049,0.8661,0.0,0.3406,-0.3531,486,-0.6056,-0.5487,0.1418,0,0,0.1155,0.078,0.1305,0.0461,0.3004,-1.2982,-0.7499,-1.4179554257548896,-1.140319789233418,-0.725059339513957,GBPCPCFC_01472-0,GBPCPCFC_01472-0,Rickettsia endosymbiont of Cimex lectularius,2698648,88.1,1.20e-69,218,unclassified Rickettsia,114295,,,Rickettsia,780,0,Alphaproteobacteria,28211,578593,579078,GBPCPCFC_01471,GBPCPCFC_01473,mRNA
GBPCPCFC_01473,gnl|Prokka|GBPCPCFC_22,1222,1348403,0.593,948.8175,764.2049,0.8661,0.0,0.3406,-0.3531,1443,0.6467,0.7575,0.141,0,0,0.3754,0.0,0.399,0.0,0.3853,1.1271,0.0078,-1.6632141413601742,2.148083779710332,-0.7946380817786021,GBPCPCFC_01473-0,GBPCPCFC_01473-0,Rickettsia endosymbiont of Bryobia graminum,2878922,64.2,8.21e-170,497,unclassified Rickettsia,114295,,,Rickettsia,780,0,Alphaproteobacteria,28211,579128,580570,GBPCPCFC_01472,GBPCPCFC_01474,mRNA
GBPCPCFC_01474,gnl|Prokka|GBPCPCFC_22,1222,1348403,0.593,948.8175,764.2049,0.8661,0.0,0.3406,-0.3531,999,0.0657,0.1515,0.1389,0,0,0.2293,0.0002,0.2725,0.0,0.3714,0.7289,-0.1166,-1.5318046843573507,0.5101239835936585,-0.7642370075651654,GBPCPCFC_01474-0,GBPCPCFC_01474-0,Rickettsia endosymbiont of Cimex lectularius,2698648,85.0,1.03e-200,563,Alphaproteobacteria,28211,,,Alphaproteobacteria,28211,0,Alphaproteobacteria,28211,580567,581565,GBPCPCFC_01473,GBPCPCFC_01475,mRNA
GBPCPCFC_01475,gnl|Prokka|GBPCPCFC_22,1222,1348403,0.593,948.8175,764.2049,0.8661,0.0,0.3406,-0.3531,1764,1.0667,1.1956,0.1373,0,0,0.2366,0.0001,0.2484,0.0001,0.3594,0.3872,-0.2234,-1.7003030658322897,1.4891114511297294,-0.87194672490058,GBPCPCFC_01475-0,GBPCPCFC_01475-0,Rickettsia endosymbiont of Bryobia graminum,2878922,89.5,0.0,1049,Alphaproteobacteria,28211,,,Alphaproteobacteria,28211,0,Alphaproteobacteria,28211,581647,583410,GBPCPCFC_01474,GBPCPCFC_01476,mRNA
GBPCPCFC_01476,gnl|Prokka|GBPCPCFC_22,1222,1348403,0.593,948.8175,764.2049,0.8661,0.0,0.3406,-0.3531,1302,0.4622,0.565,0.1342,0,0,0.277,0.0,0.2765,0.0,0.3065,-1.1256,-0.696,-1.6260016578884617,1.1300198799036325,-0.8193132273105572,GBPCPCFC_01476-0,GBPCPCFC_01476-0,Rickettsia endosymbiont of Bryobia graminum,2878922,80.3,7.73e-223,628,unclassified Rickettsia,114295,,,Rickettsia,780,0,Alphaproteobacteria,28211,583706,585007,GBPCPCFC_01475,GBPCPCFC_01477,mRNA
GBPCPCFC_01477,gnl|Prokka|GBPCPCFC_22,1222,1348403,0.593,948.8175,764.2049,0.8661,0.0,0.3406,-0.3531,906,-0.056,0.0245,0.1319,0,0,0.2195,0.0004,0.1942,0.0018,0.3731,0.7774,-0.1015,-1.5477794300689143,0.07551039033208866,-0.7951161995880638,GBPCPCFC_01477-0,GBPCPCFC_01477-0,Rickettsia endosymbiont of Sericostoma sp.,2878926,85.1,1.44e-183,518,cellular organisms,131567,Sciaridae,7184,Sciaridae,7184,1,Eumetazoa,6072,585291,586196,GBPCPCFC_01476,GBPCPCFC_01478,mRNA
GBPCPCFC_01478,gnl|Prokka|GBPCPCFC_22,1222,1348403,0.593,948.8175,764.2049,0.8661,0.0,0.3406,-0.3531,576,-0.4879,-0.4259,0.1305,0,0,0.1763,0.0061,0.1599,0.0129,0.3542,0.2374,-0.2702,-1.4684535696884162,-0.6658877169092295,-0.7623846478072493,GBPCPCFC_01478-0,GBPCPCFC_01478-0,Rickettsia endosymbiont of Culicoides newsteadi,1961830,75.0,5.87e-93,279,cellular organisms,131567,Sciaridae,7184,Sciaridae,7184,1,Eumetazoa,6072,586199,586774,GBPCPCFC_01477,GBPCPCFC_01479,mRNA
GBPCPCFC_01479,gnl|Prokka|GBPCPCFC_22,1222,1348403,0.593,948.8175,764.2049,0.8661,0.0,0.3406,-0.3531,378,-0.7469,-0.6961,0.1297,0,0,0.3796,0.0,0.3805,0.0,0.2989,-1.3401,-0.763,-1.4689064205466251,0.6666496257712622,-0.6969865552124846,GBPCPCFC_01479-0,GBPCPCFC_01479-0,Rickettsia endosymbiont of Oedothorax gibbosus,931099,76.1,6.96e-57,183,Rickettsia,780,,,Rickettsia,780,0,Alphaproteobacteria,28211,586781,587158,GBPCPCFC_01478,GBPCPCFC_01480,mRNA
GBPCPCFC_01480,gnl|Prokka|GBPCPCFC_22,1222,1348403,0.593,948.8175,764.2049,0.8661,0.0,0.3406,-0.3531,582,-0.48,-0.4177,0.1289,0,0,0.2313,0.0002,0.2379,0.0001,0.3574,0.3295,-0.2414,-1.4711975437559786,-0.16185783579270382,-0.7487165096790213,GBPCPCFC_01480-0,GBPCPCFC_01480-0,Rickettsia endosymbiont of Labidopullus appendiculatus,2878921,83.1,1.00e-98,294,cellular organisms,131567,Sciaridae,7184,Sciaridae,7184,1,Eumetazoa,6072,587283,587864,GBPCPCFC_01479,GBPCPCFC_01481,mRNA
GBPCPCFC_01481,gnl|Prokka|GBPCPCFC_22,1222,1348403,0.593,948.8175,764.2049,0.8661,0.0,0.3406,-0.3531,717,-0.3033,-0.2334,0.128,0,0,0.1201,0.0549,0.1709,0.0061,0.371,0.718,-0.12,-1.4489550286371675,-0.6705033893135598,-0.7717079758290856,GBPCPCFC_01481-0,GBPCPCFC_01481-0,Rickettsia endosymbiont of Labidopullus appendiculatus,2878921,84.1,2.37e-139,400,cellular organisms,131567,Sciaridae,7184,Sciaridae,7184,1,Eumetazoa,6072,587906,588622,GBPCPCFC_01480,GBPCPCFC_01482,mRNA
GBPCPCFC_01482,gnl|Prokka|GBPCPCFC_22,1222,1348403,0.593,948.8175,764.2049,0.8661,0.0,0.3406,-0.3531,492,-0.5978,-0.5405,0.1265,0,0,0.2626,0.0,0.2417,0.0002,0.3293,-0.4738,-0.4924,-1.4755032781212667,-0.14049078616463986,-0.7473189216047635,GBPCPCFC_01482-0,GBPCPCFC_01482-0,Rickettsia endosymbiont of Platyusa sonomae,2878924,71.2,2.55e-72,225,unclassified Rickettsia,114295,,,Rickettsia,780,0,Alphaproteobacteria,28211,588949,589440,GBPCPCFC_01481,GBPCPCFC_01483,mRNA
GBPCPCFC_01483,gnl|Prokka|GBPCPCFC_22,1222,1348403,0.593,948.8175,764.2049,0.8661,0.0,0.3406,-0.3531,1491,0.7095,0.823,0.1257,0,0,0.3114,0.0,0.2735,0.0,0.3414,-0.1278,-0.3843,-1.6922462984980864,1.517714580466905,-0.8693429218903779,GBPCPCFC_01483-0,GBPCPCFC_01483-0,Pseudolycoriella hygida,35572,86.8,2.37e-293,825,cellular organisms,131567,Sciaridae,7184,Sciaridae,7184,1,Eumetazoa,6072,589467,590957,GBPCPCFC_01482,GBPCPCFC_01484,mRNA
GBPCPCFC_01484,gnl|Prokka|GBPCPCFC_22,1222,1348403,0.593,948.8175,764.2049,0.8661,0.0,0.3406,-0.3531,2499,2.0285,2.1988,0.123,0,0,0.3935,0.0,0.4396,0.0,0.3758,0.854,-0.0775,-1.8672256402146712,3.7869519816752453,-0.9547924093103568,GBPCPCFC_01484-0,GBPCPCFC_01484-0,Pseudolycoriella hygida,35572,76.9,0.0,1172,cellular organisms,131567,Sciaridae,7184,Sciaridae,7184,1,Eumetazoa,6072,591248,593746,GBPCPCFC_01483,GBPCPCFC_01485,mRNA
GBPCPCFC_01485,gnl|Prokka|GBPCPCFC_22,1222,1348403,0.593,948.8175,764.2049,0.8661,0.0,0.3406,-0.3531,306,-0.8412,-0.7944,0.1193,0,0,0.3123,0.0,0.3737,0.0,0.3529,0.2024,-0.2811,-1.4100020063606933,0.2681062167530376,-0.7027071104800275,GBPCPCFC_01485-0,GBPCPCFC_01485-0,Rickettsia endosymbiont of Bryobia graminum,2878922,56.4,1.29e-31,117,unclassified Rickettsia,114295,,,Rickettsia,780,0,Alphaproteobacteria,28211,593765,594070,GBPCPCFC_01484,GBPCPCFC_01486,mRNA
GBPCPCFC_01486,gnl|Prokka|GBPCPCFC_22,1222,1348403,0.593,948.8175,764.2049,0.8661,0.0,0.3406,-0.3531,1479,0.6938,0.8066,0.1188,0,0,0.1778,0.0043,0.2371,0.0001,0.4077,1.7669,0.2077,-1.609899528580257,0.8235058303938534,-0.8732350635108449,GBPCPCFC_01486-0,GBPCPCFC_01486-0,Rickettsia endosymbiont of Cimex lectularius,2698648,82.1,5.02e-283,785,cellular organisms,131567,Sciaridae,7184,Sciaridae,7184,1,Eumetazoa,6072,594087,595565,GBPCPCFC_01485,GBPCPCFC_01487,mRNA
GBPCPCFC_01487,gnl|Prokka|GBPCPCFC_22,1222,1348403,0.593,948.8175,764.2049,0.8661,0.0,0.3406,-0.3531,1467,0.6781,0.7902,0.1166,0,0,0.1901,0.0023,0.2722,0.0,0.3463,0.0123,-0.3405,-1.5992190959320798,0.978905526117475,-0.8664826753063274,GBPCPCFC_01487-0,GBPCPCFC_01487-0,Rickettsia endosymbiont of Bryobia graminum,2878922,78.9,1.08e-275,766,Rickettsia,780,,,Rickettsia,780,0,Alphaproteobacteria,28211,595599,597065,GBPCPCFC_01486,GBPCPCFC_01488,mRNA
GBPCPCFC_01488,gnl|Prokka|GBPCPCFC_22,1222,1348403,0.593,948.8175,764.2049,0.8661,0.0,0.3406,-0.3531,432,-0.6763,-0.6224,0.1144,0,0,0.1867,0.0027,0.2417,0.0001,0.3241,-0.6222,-0.5387,-1.4093809992983815,-0.5350611830821873,-0.7544957114997382,GBPCPCFC_01488-0,GBPCPCFC_01488-0,Rickettsia endosymbiont of Culicoides impunctatus,2867440,69.4,5.70e-62,197,unclassified Rickettsia,114295,,,Rickettsia,780,0,Alphaproteobacteria,28211,597105,597536,GBPCPCFC_01487,GBPCPCFC_01489,mRNA
GBPCPCFC_01489,gnl|Prokka|GBPCPCFC_22,1222,1348403,0.593,948.8175,764.2049,0.8661,0.0,0.3406,-0.3531,1650,0.9175,1.04,0.1136,0,0,0.1785,0.0042,0.215,0.0005,0.3194,-0.7559,-0.5805,-1.656442859631964,0.9813207771455981,-0.9142746818504965,GBPCPCFC_01489-0,GBPCPCFC_01489-0,Rickettsia bellii,33990,30.4,9.10e-38,159,Rickettsia bellii,33990,,,Rickettsia bellii,33990,0,Alphaproteobacteria,28211,597624,599273,GBPCPCFC_01488,GBPCPCFC_01490,mRNA
GBPCPCFC_01490,gnl|Prokka|GBPCPCFC_22,1222,1348403,0.593,948.8175,764.2049,0.8661,0.0,0.3406,-0.3531,2598,2.158,2.3339,0.1111,0,0,0.2969,0.0,0.3124,0.0,0.3811,1.0058,-0.0301,-1.8820212519213317,3.084315173922544,-1.0227975728259973,GBPCPCFC_01490-0,GBPCPCFC_01490-0,archaeon,1906665,35.2,1.80e-05,60.8,cellular organisms,131567,cellular organisms,131567,cellular organisms,131567,1,cellular organisms,131567,599320,601917,GBPCPCFC_01489,GBPCPCFC_01491,mRNA
GBPCPCFC_01491,gnl|Prokka|GBPCPCFC_22,1222,1348403,0.593,948.8175,764.2049,0.8661,0.0,0.3406,-0.3531,1293,0.4504,0.5527,0.107,0,0,0.2518,0.0,0.3093,0.0,0.3573,0.3272,-0.2421,-1.5942317595170217,1.1277907296237355,-0.8648568834595808,GBPCPCFC_01491-0,GBPCPCFC_01491-0,Rickettsia endosymbiont of Bryobia graminum,2878922,78.6,1.21e-258,718,unclassified Rickettsia,114295,,,Rickettsia,780,0,Alphaproteobacteria,28211,602082,603374,GBPCPCFC_01490,GBPCPCFC_01492,mRNA
GBPCPCFC_01492,gnl|Prokka|GBPCPCFC_22,1222,1348403,0.593,948.8175,764.2049,0.8661,0.0,0.3406,-0.3531,75,-1.1434,-1.1097,0.1047,0,0,-0.0121,0.8932,0.1456,0.1037,0.56,6.1174,1.567,-1.2415861858318173,-2.169251823616582,-0.7322102782734373,GBPCPCFC_01492-0,GBPCPCFC_01492-0,,,,,,,,,,,,0,Unassigned,,603606,603680,GBPCPCFC_01491,GBPCPCFC_01493,mRNA
GBPCPCFC_01493,gnl|Prokka|GBPCPCFC_22,1222,1348403,0.593,948.8175,764.2049,0.8661,0.0,0.3406,-0.3531,1485,0.7016,0.8148,0.1045,0,0,0.3003,0.0,0.4095,0.0,0.3347,-0.3192,-0.4441,-1.617424026406523,1.9314190868761187,-0.867016955833446,GBPCPCFC_01493-0,GBPCPCFC_01493-0,Rickettsia endosymbiont of Cimex lectularius,2698648,83.6,1.44e-293,812,Rickettsia,780,,,Rickettsia,780,0,Alphaproteobacteria,28211,603776,605260,GBPCPCFC_01492,GBPCPCFC_01494,mRNA
GBPCPCFC_01494,gnl|Prokka|GBPCPCFC_22,1222,1348403,0.593,948.8175,764.2049,0.8661,0.0,0.3406,-0.3531,534,-0.5428,-0.4832,0.102,0,0,0.262,0.0,0.2054,0.0013,0.3352,-0.3042,-0.4394,-1.507061955955547,-0.20930723987585861,-0.8219052953864137,GBPCPCFC_01494-0,GBPCPCFC_01494-0,Rickettsia endosymbiont of Bryobia graminum,2878922,66.7,2.12e-31,120,Rickettsia endosymbiont of Bryobia graminum,2878922,,,Rickettsia endosymbiont of Bryobia graminum,2878922,0,Alphaproteobacteria,28211,605455,605988,GBPCPCFC_01493,GBPCPCFC_01495,mRNA
GBPCPCFC_01495,gnl|Prokka|GBPCPCFC_22,1222,1348403,0.593,948.8175,764.2049,0.8661,0.0,0.3406,-0.3531,1338,0.5093,0.6142,0.1008,0,0,0.2313,0.0002,0.3103,0.0,0.2855,-1.7241,-0.883,-1.5884848655646473,1.107135198143465,-0.8807066231712245,GBPCPCFC_01495-0,GBPCPCFC_01495-0,Rickettsia endosymbiont of Labidopullus appendiculatus,2878921,65.3,3.94e-190,546,unclassified Rickettsia,114295,,,Rickettsia,780,0,Alphaproteobacteria,28211,606233,607570,GBPCPCFC_01494,GBPCPCFC_01496,mRNA
GBPCPCFC_01496,gnl|Prokka|GBPCPCFC_22,1222,1348403,0.593,948.8175,764.2049,0.8661,0.0,0.3406,-0.3531,1848,1.1766,1.3103,0.0988,0,0,0.3212,0.0,0.3597,0.0,0.395,1.4045,0.0945,-1.7311654216650443,2.3370247488585,-0.946320830121414,GBPCPCFC_01496-0,GBPCPCFC_01496-0,Rickettsia endosymbiont of Labidopullus appendiculatus,2878921,87.3,0.0,1072,Rickettsiales,766,,,Rickettsiales,766,0,Alphaproteobacteria,28211,607581,609428,GBPCPCFC_01495,GBPCPCFC_01497,mRNA
GBPCPCFC_01497,gnl|Prokka|GBPCPCFC_22,1222,1348403,0.593,948.8175,764.2049,0.8661,0.0,0.3406,-0.3531,786,-0.2131,-0.1393,0.096,0,0,-0.0185,0.7679,-0.0379,0.5463,0.3626,0.4782,-0.1949,-1.4724165606084152,-1.866730766312888,-0.9040881759276892,GBPCPCFC_01497-0,GBPCPCFC_01497-0,Rickettsia endosymbiont of Bryobia graminum,2878922,86.4,1.59e-169,479,cellular organisms,131567,Sciaridae,7184,Sciaridae,7184,1,Eumetazoa,6072,609476,610261,GBPCPCFC_01496,GBPCPCFC_01498,mRNA
GBPCPCFC_01498,gnl|Prokka|GBPCPCFC_22,1222,1348403,0.593,948.8175,764.2049,0.8661,0.0,0.3406,-0.3531,75,-1.1434,-1.1097,0.0945,0,0,-0.1092,0.2516,-0.1171,0.2188,0.6133,7.6409,2.043,-1.3056789729566738,-3.472629096264682,-0.8323632914978046,GBPCPCFC_01498-0,GBPCPCFC_01498-0,,,,,,,,,,,,0,Unassigned,,610488,610562,GBPCPCFC_01497,GBPCPCFC_01499,mRNA
GBPCPCFC_01499,gnl|Prokka|GBPCPCFC_22,1222,1348403,0.593,948.8175,764.2049,0.8661,0.0,0.3406,-0.3531,528,-0.5507,-0.4914,0.0941,0,0,0.1174,0.0649,0.1591,0.0121,0.3674,0.6162,-0.1518,-1.422917272474165,-0.975192874480814,-0.8303982423279662,GBPCPCFC_01499-0,GBPCPCFC_01499-0,Rickettsia endosymbiont of Cimex lectularius,2698648,73.7,5.16e-87,263,unclassified Rickettsia,114295,,,Rickettsia,780,0,Alphaproteobacteria,28211,610745,611272,GBPCPCFC_01498,GBPCPCFC_01500,mRNA
GBPCPCFC_01500,gnl|Prokka|GBPCPCFC_22,1222,1348403,0.593,948.8175,764.2049,0.8661,0.0,0.3406,-0.3531,1329,0.4975,0.6019,0.0933,0,0,0.2459,0.0001,0.2022,0.0011,0.3695,0.6741,-0.1337,-1.6546676155819307,0.7850299655162407,-0.9380688846946222,GBPCPCFC_01500-0,GBPCPCFC_01500-0,Trichogramma brassicae,86971,29.8,1.86e-12,82.8,cellular organisms,131567,Endopterygota,33392,Endopterygota,33392,1,Eumetazoa,6072,611314,612642,GBPCPCFC_01499,GBPCPCFC_01501,mRNA
GBPCPCFC_01501,gnl|Prokka|GBPCPCFC_22,1222,1348403,0.593,948.8175,764.2049,0.8661,0.0,0.3406,-0.3531,846,-0.1345,-0.0574,0.0912,0,0,0.2309,0.0002,0.2065,0.0011,0.3085,-1.0668,-0.6776,-1.5467391558839734,0.0865107987579902,-0.8792942232752463,GBPCPCFC_01501-0,GBPCPCFC_01501-0,,,,,,,,,,,,0,Unassigned,,612692,613537,GBPCPCFC_01500,GBPCPCFC_01502,mRNA
GBPCPCFC_01502,gnl|Prokka|GBPCPCFC_22,1222,1348403,0.593,948.8175,764.2049,0.8661,0.0,0.3406,-0.3531,1362,0.5407,0.6469,0.09,0,0,0.2007,0.0012,0.1706,0.0062,0.3862,1.1524,0.0157,-1.6441680642759022,0.5338135266139025,-0.9530293205226563,GBPCPCFC_01502-0,GBPCPCFC_01502-0,Vezdaea acicularis,2939408,24.4,1.28e-07,67.8,cellular organisms,131567,Protostomia,33317,Protostomia,33317,1,Eumetazoa,6072,613509,614870,GBPCPCFC_01501,GBPCPCFC_01503,mRNA
GBPCPCFC_01503,gnl|Prokka|GBPCPCFC_22,1222,1348403,0.593,948.8175,764.2049,0.8661,0.0,0.3406,-0.3531,627,-0.4211,-0.3563,0.0879,0,0,0.2992,0.0,0.31,0.0,0.3413,-0.1299,-0.3849,-1.502501101567904,0.4297993180330034,-0.8350917221101094,GBPCPCFC_01503-0,GBPCPCFC_01503-0,Rickettsia endosymbiont of Bryobia graminum,2878922,72.6,3.55e-117,342,Rickettsia,780,,,Rickettsia,780,0,Alphaproteobacteria,28211,614950,615576,GBPCPCFC_01502,GBPCPCFC_01504,mRNA
GBPCPCFC_01504,gnl|Prokka|GBPCPCFC_22,1222,1348403,0.593,948.8175,764.2049,0.8661,0.0,0.3406,-0.3531,1281,0.4347,0.5364,0.0869,0,0,0.2833,0.0,0.3564,0.0,0.3724,0.7573,-0.1077,-1.595526430429477,1.4049678847024456,-0.8985174802752113,GBPCPCFC_01504-0,GBPCPCFC_01504-0,Rickettsia endosymbiont of Bryobia graminum,2878922,70.7,2.88e-213,603,unclassified Rickettsia,114295,,,Rickettsia,780,0,Alphaproteobacteria,28211,615610,616890,GBPCPCFC_01503,GBPCPCFC_01505,mRNA
GBPCPCFC_01505,gnl|Prokka|GBPCPCFC_22,1222,1348403,0.593,948.8175,764.2049,0.8661,0.0,0.3406,-0.3531,708,-0.3151,-0.2457,0.0849,0,0,0.3028,0.0,0.3413,0.0,0.2669,-2.2541,-1.0486,-1.505716484919731,0.6618234809554103,-0.8414924007733475,GBPCPCFC_01505-0,GBPCPCFC_01505-0,Rickettsia endosymbiont of Labidopullus appendiculatus,2878921,57.6,3.03e-82,256,unclassified Rickettsia,114295,,,Rickettsia,780,0,Alphaproteobacteria,28211,616964,617671,GBPCPCFC_01504,GBPCPCFC_01506,mRNA
GBPCPCFC_01506,gnl|Prokka|GBPCPCFC_22,1222,1348403,0.593,948.8175,764.2049,0.8661,0.0,0.3406,-0.3531,714,-0.3073,-0.2375,0.0837,0,0,0.2569,0.0,0.2577,0.0,0.2969,-1.3979,-0.7811,-1.5156048430123907,0.19260092115044608,-0.8666986735932044,GBPCPCFC_01506-0,GBPCPCFC_01506-0,Rickettsia endosymbiont of Bryobia graminum,2878922,44.4,4.50e-45,161,unclassified Rickettsia,114295,,,Rickettsia,780,0,Alphaproteobacteria,28211,617742,618455,GBPCPCFC_01505,GBPCPCFC_01507,mRNA
GBPCPCFC_01507,gnl|Prokka|GBPCPCFC_22,1222,1348403,0.593,948.8175,764.2049,0.8661,0.0,0.3406,-0.3531,1074,0.1638,0.2538,0.0827,0,0,0.2115,0.0008,0.2656,0.0,0.2914,-1.5546,-0.8301,-1.5485010905827055,0.5171250520057717,-0.9024981894780524,GBPCPCFC_01507-0,GBPCPCFC_01507-0,Rickettsia endosymbiont of Bryobia graminum,2878922,59.0,1.07e-122,368,unclassified Rickettsia,114295,,,Rickettsia,780,0,Alphaproteobacteria,28211,618448,619521,GBPCPCFC_01506,GBPCPCFC_01508,mRNA
GBPCPCFC_01508,gnl|Prokka|GBPCPCFC_22,1222,1348403,0.593,948.8175,764.2049,0.8661,0.0,0.3406,-0.3531,1251,0.3954,0.4954,0.0811,0,0,0.1742,0.0052,0.2457,0.0001,0.3373,-0.2435,-0.4204,-1.5658503102116161,0.5326650146388291,-0.9284473088543452,GBPCPCFC_01508-0,GBPCPCFC_01508-0,Rickettsia endosymbiont of Labidopullus appendiculatus,2878921,71.8,3.08e-195,556,unclassified Rickettsia,114295,,,Rickettsia,780,0,Alphaproteobacteria,28211,619527,620777,GBPCPCFC_01507,GBPCPCFC_01509,mRNA
GBPCPCFC_01509,gnl|Prokka|GBPCPCFC_22,1222,1348403,0.593,948.8175,764.2049,0.8661,0.0,0.3406,-0.3531,396,-0.7234,-0.6716,0.0792,0,0,0.155,0.016,0.236,0.0002,0.399,1.5179,0.1299,-1.3888428217096909,-0.7324005909282637,-0.8277560025099714,GBPCPCFC_01509-0,GBPCPCFC_01509-0,,,,,,,,,,,,0,Unassigned,,620815,621210,GBPCPCFC_01508,GBPCPCFC_01510,mRNA
GBPCPCFC_01510,gnl|Prokka|GBPCPCFC_22,1222,1348403,0.593,948.8175,764.2049,0.8661,0.0,0.3406,-0.3531,1251,0.3954,0.4954,0.0778,0,0,0.1785,0.0047,0.247,0.0001,0.3549,0.2589,-0.2635,-1.569095500092603,0.5551343799413168,-0.936357222432785,GBPCPCFC_01510-0,GBPCPCFC_01510-0,Rickettsia endosymbiont of Ceutorhynchus assimilis,2884482,29.4,1.36e-23,113,Rickettsia,780,,,Rickettsia,780,0,Alphaproteobacteria,28211,621716,622966,GBPCPCFC_01509,GBPCPCFC_01511,mRNA
GBPCPCFC_01511,gnl|Prokka|GBPCPCFC_22,1222,1348403,0.593,948.8175,764.2049,0.8661,0.0,0.3406,-0.3531,651,-0.3897,-0.3235,0.0759,0,0,0.156,0.0184,0.1965,0.0029,0.2811,-1.8496,-0.9222,-1.46063577080938,-0.5200293634437319,-0.8809929906971518,GBPCPCFC_01511-0,GBPCPCFC_01511-0,Rickettsia endosymbiont of Pseudomimeciton antennatum,2878923,65.9,1.24e-91,278,unclassified Rickettsia,114295,,,Rickettsia,780,0,Alphaproteobacteria,28211,623015,623665,GBPCPCFC_01510,GBPCPCFC_01512,mRNA
GBPCPCFC_01512,gnl|Prokka|GBPCPCFC_22,1222,1348403,0.593,948.8175,764.2049,0.8661,0.0,0.3406,-0.3531,747,-0.2641,-0.1925,0.0749,0,0,0.1062,0.095,0.0997,0.1174,0.3373,-0.243,-0.4203,-1.4920278583615807,-0.9292360914674387,-0.9208564933468084,GBPCPCFC_01512-0,GBPCPCFC_01512-0,Rickettsia endosymbiont of Cimex lectularius,2698648,71.4,5.95e-131,380,unclassified Rickettsia,114295,,,Rickettsia,780,0,Alphaproteobacteria,28211,623698,624444,GBPCPCFC_01511,GBPCPCFC_01513,mRNA
GBPCPCFC_01513,gnl|Prokka|GBPCPCFC_22,1222,1348403,0.593,948.8175,764.2049,0.8661,0.0,0.3406,-0.3531,723,-0.2955,-0.2252,0.0738,0,0,0.2368,0.0002,0.2938,0.0,0.3527,0.1955,-0.2833,-1.485861092698079,0.24580263912307257,-0.8742116746907701,GBPCPCFC_01513-0,GBPCPCFC_01513-0,unclassified Rickettsia,114295,78.3,3.63e-128,372,unclassified Rickettsia,114295,,,Rickettsia,780,0,Alphaproteobacteria,28211,624446,625168,GBPCPCFC_01512,GBPCPCFC_01514,mRNA
GBPCPCFC_01514,gnl|Prokka|GBPCPCFC_22,1222,1348403,0.593,948.8175,764.2049,0.8661,0.0,0.3406,-0.3531,516,-0.5664,-0.5078,0.0727,0,0,-0.0166,0.7919,0.0603,0.3366,0.3605,0.4174,-0.2139,-1.3753013554681557,-1.8843939045502434,-0.8899465856440715,GBPCPCFC_01514-0,GBPCPCFC_01514-0,Pseudolycoriella hygida,35572,78.0,1.36e-75,253,cellular organisms,131567,Sciaridae,7184,Sciaridae,7184,1,Eumetazoa,6072,625165,625680,GBPCPCFC_01513,GBPCPCFC_01515,mRNA
GBPCPCFC_01515,gnl|Prokka|GBPCPCFC_22,1222,1348403,0.593,948.8175,764.2049,0.8661,0.0,0.3406,-0.3531,1263,0.4111,0.5118,0.0719,0,0,0.2449,0.0001,0.2561,0.0,0.3998,1.5422,0.1375,-1.6177694193518677,0.8779736745958823,-0.9599030488983631,GBPCPCFC_01515-0,GBPCPCFC_01515-0,Rotaria sp. Silwood2,2762512,91.7,3.19e-300,823,cellular organisms,131567,Protostomia,33317,Protostomia,33317,1,Eumetazoa,6072,625720,626982,GBPCPCFC_01514,GBPCPCFC_01516,mRNA
GBPCPCFC_01516,gnl|Prokka|GBPCPCFC_22,1222,1348403,0.593,948.8175,764.2049,0.8661,0.0,0.3406,-0.3531,729,-0.2876,-0.2171,0.07,0,0,0.1457,0.0197,0.1656,0.0079,0.406,1.7192,0.1928,-1.4853393657676306,-0.5630903599042588,-0.9134406998253635,GBPCPCFC_01516-0,GBPCPCFC_01516-0,Pseudolycoriella hygida,35572,73.4,5.92e-126,367,cellular organisms,131567,Sciaridae,7184,Sciaridae,7184,1,Eumetazoa,6072,627011,627739,GBPCPCFC_01515,GBPCPCFC_01517,mRNA
GBPCPCFC_01517,gnl|Prokka|GBPCPCFC_22,1222,1348403,0.593,948.8175,764.2049,0.8661,0.0,0.3406,-0.3531,720,-0.2994,-0.2293,0.0689,0,0,0.1605,0.0101,0.2041,0.001,0.3292,-0.4767,-0.4933,-1.4751580722730497,-0.38155448700106015,-0.9037647613400136,GBPCPCFC_01517-0,GBPCPCFC_01517-0,Rickettsia endosymbiont of Cimex lectularius,2698648,80.9,1.20e-135,391,Rickettsia,780,,,Rickettsia,780,0,Alphaproteobacteria,28211,627741,628460,GBPCPCFC_01516,GBPCPCFC_01518,mRNA
GBPCPCFC_01518,gnl|Prokka|GBPCPCFC_22,1222,1348403,0.593,948.8175,764.2049,0.8661,0.0,0.3406,-0.3531,633,-0.4133,-0.3481,0.0678,0,0,0.1832,0.0033,0.2686,0.0,0.3491,0.0936,-0.3151,-1.4422215047325757,-0.18337575455771693,-0.8765827308514997,GBPCPCFC_01518-0,GBPCPCFC_01518-0,Rickettsia endosymbiont of Platyusa sonomae,2878924,68.4,3.86e-95,286,unclassified Rickettsia,114295,,,Rickettsia,780,0,Alphaproteobacteria,28211,628485,629117,GBPCPCFC_01517,GBPCPCFC_01519,mRNA
GBPCPCFC_01519,gnl|Prokka|GBPCPCFC_22,1222,1348403,0.593,948.8175,764.2049,0.8661,0.0,0.3406,-0.3531,1173,0.2934,0.389,0.0663,0,0,0.1432,0.0219,0.1495,0.0167,0.3572,0.3242,-0.243,-1.5797491895973568,-0.02990257227529197,-0.981915799927859,GBPCPCFC_01519-0,GBPCPCFC_01519-0,Rickettsia endosymbiont of Cimex lectularius,2698648,74.0,6.14e-198,562,cellular organisms,131567,Sciaridae,7184,Sciaridae,7184,1,Eumetazoa,6072,629525,630697,GBPCPCFC_01518,GBPCPCFC_01520,mRNA
GBPCPCFC_01520,gnl|Prokka|GBPCPCFC_22,1222,1348403,0.593,948.8175,764.2049,0.8661,0.0,0.3406,-0.3531,2433,1.9421,2.1087,0.0645,0,0,0.3422,0.0,0.3556,0.0,0.3535,0.2176,-0.2763,-1.871113295258109,3.200339098022252,-1.1025830575475475,GBPCPCFC_01520-0,GBPCPCFC_01520-0,Rickettsia endosymbiont of Bryobia graminum,2878922,77.7,0.0,1223,cellular organisms,131567,Sciaridae,7184,Sciaridae,7184,1,Eumetazoa,6072,630699,633131,GBPCPCFC_01519,GBPCPCFC_01521,mRNA
GBPCPCFC_01521,gnl|Prokka|GBPCPCFC_22,1222,1348403,0.593,948.8175,764.2049,0.8661,0.0,0.3406,-0.3531,1344,0.5171,0.6224,0.0609,0,0,0.1171,0.0615,0.2411,0.0001,0.369,0.6625,-0.1373,-1.547950126185639,0.40715127905513876,-0.9781287941061111,GBPCPCFC_01521-0,GBPCPCFC_01521-0,Rickettsia endosymbiont of Labidopullus appendiculatus,2878921,75.7,1.62e-250,699,cellular organisms,131567,Sciaridae,7184,Sciaridae,7184,1,Eumetazoa,6072,633145,634488,GBPCPCFC_01520,GBPCPCFC_01522,mRNA
GBPCPCFC_01522,gnl|Prokka|GBPCPCFC_22,1222,1348403,0.593,948.8175,764.2049,0.8661,0.0,0.3406,-0.3531,612,-0.4407,-0.3768,0.0587,0,0,0.1265,0.0497,0.1492,0.0205,0.3693,0.6692,-0.1353,-1.4587144025841046,-0.8562620227445046,-0.9275537773472006,GBPCPCFC_01522-0,GBPCPCFC_01522-0,Rickettsia endosymbiont of Pseudomimeciton antennatum,2878923,75.4,4.12e-109,321,cellular organisms,131567,Sciaridae,7184,Sciaridae,7184,1,Eumetazoa,6072,634638,635249,GBPCPCFC_01521,GBPCPCFC_01523,mRNA
GBPCPCFC_01523,gnl|Prokka|GBPCPCFC_22,1222,1348403,0.593,948.8175,764.2049,0.8661,0.0,0.3406,-0.3531,573,-0.4918,-0.43,0.0577,0,0,0.2315,0.0002,0.2716,0.0,0.3455,-0.0087,-0.3471,-1.4671568533813533,-0.05372807898343773,-0.8998853828389497,GBPCPCFC_01523-0,GBPCPCFC_01523-0,unclassified Rickettsia,114295,67.6,1.91e-83,256,unclassified Rickettsia,114295,,,Rickettsia,780,0,Alphaproteobacteria,28211,635277,635849,GBPCPCFC_01522,GBPCPCFC_01524,mRNA
GBPCPCFC_01524,gnl|Prokka|GBPCPCFC_22,1222,1348403,0.593,948.8175,764.2049,0.8661,0.0,0.3406,-0.3531,1098,0.1952,0.2866,0.0563,0,0,0.2244,0.0003,0.2097,0.0007,0.3616,0.4488,-0.2041,-1.5970663468237574,0.41256656239755296,-0.988591745202838,GBPCPCFC_01524-0,GBPCPCFC_01524-0,Rickettsia endosymbiont of Bryobia graminum,2878922,75.3,1.85e-190,540,cellular organisms,131567,Arthropoda,6656,Arthropoda,6656,1,Eumetazoa,6072,636246,637343,GBPCPCFC_01523,GBPCPCFC_01525,mRNA
GBPCPCFC_01525,gnl|Prokka|GBPCPCFC_22,1222,1348403,0.593,948.8175,764.2049,0.8661,0.0,0.3406,-0.3531,669,-0.3662,-0.299,0.0546,0,0,0.1812,0.0036,0.1775,0.0044,0.3707,0.7098,-0.1226,-1.4972701362796759,-0.45508992590974134,-0.9436197024718905,GBPCPCFC_01525-0,GBPCPCFC_01525-0,Rickettsia endosymbiont of Culicoides newsteadi,1961830,81.5,2.07e-132,382,unclassified Rickettsia,114295,,,Rickettsia,780,0,Alphaproteobacteria,28211,637372,638040,GBPCPCFC_01524,GBPCPCFC_01526,mRNA
GBPCPCFC_01526,gnl|Prokka|GBPCPCFC_22,1222,1348403,0.593,948.8175,764.2049,0.8661,0.0,0.3406,-0.3531,768,-0.2366,-0.1638,0.0536,0,0,0.1335,0.0327,0.072,0.2508,0.4089,1.7997,0.2179,-1.535296500306148,-0.8812852719059385,-0.9873447804879484,GBPCPCFC_01526-0,GBPCPCFC_01526-0,,,,,,,,,,,,0,Unassigned,,638091,638858,GBPCPCFC_01525,GBPCPCFC_01527,mRNA
GBPCPCFC_01527,gnl|Prokka|GBPCPCFC_22,1222,1348403,0.593,948.8175,764.2049,0.8661,0.0,0.3406,-0.3531,456,-0.6449,-0.5897,0.0523,0,0,0.1776,0.0044,0.1669,0.0074,0.3553,0.2688,-0.2604,-1.4586203707351701,-0.7935581521086756,-0.9258458561508603,GBPCPCFC_01527-0,GBPCPCFC_01527-0,Paludibacterium purpuratum,1144873,49.7,5.16e-43,153,Paludibacterium,400060,,,Paludibacterium,400060,0,Betaproteobacteria,28216,638915,639370,GBPCPCFC_01526,GBPCPCFC_01528,mRNA
GBPCPCFC_01528,gnl|Prokka|GBPCPCFC_22,1222,1348403,0.593,948.8175,764.2049,0.8661,0.0,0.3406,-0.3531,222,-0.9511,-0.9091,0.0516,0,0,0.2514,0.0002,0.2617,0.0001,0.3559,0.2857,-0.2551,-1.4194640691551064,-0.47783260764097496,-0.8778540525024219,GBPCPCFC_01528-0,GBPCPCFC_01528-0,Paludibacterium yongneupense,400061,47.4,1.08e-08,60.8,Pseudomonadota,1224,,,Pseudomonadota,1224,0,Pseudomonadota,1224,639415,639636,GBPCPCFC_01527,GBPCPCFC_01529,mRNA
GBPCPCFC_01529,gnl|Prokka|GBPCPCFC_22,1222,1348403,0.593,948.8175,764.2049,0.8661,0.0,0.3406,-0.3531,1038,0.1167,0.2047,0.0506,0,0,0.2661,0.0,0.2619,0.0,0.3757,0.8532,-0.0778,-1.5909483595450666,0.6840131295199082,-0.9830991160816783,GBPCPCFC_01529-0,GBPCPCFC_01529-0,Rickettsia endosymbiont of Oedothorax gibbosus,931099,77.1,9.02e-196,552,unclassified Rickettsia,114295,,,Rickettsia,780,0,Alphaproteobacteria,28211,640063,641100,GBPCPCFC_01528,GBPCPCFC_01530,mRNA
GBPCPCFC_01530,gnl|Prokka|GBPCPCFC_22,1222,1348403,0.593,948.8175,764.2049,0.8661,0.0,0.3406,-0.3531,2418,1.9225,2.0883,0.0491,0,0,0.2918,0.0,0.3371,0.0,0.354,0.233,-0.2715,-1.8431433371696901,2.909118964020887,-1.1340561420931727,GBPCPCFC_01530-0,GBPCPCFC_01530-0,Rickettsia endosymbiont of Platyusa sonomae,2878924,65.8,0.0,1066,cellular organisms,131567,Sciaridae,7184,Sciaridae,7184,1,Eumetazoa,6072,641116,643533,GBPCPCFC_01529,GBPCPCFC_01531,mRNA
GBPCPCFC_01531,gnl|Prokka|GBPCPCFC_22,1222,1348403,0.593,948.8175,764.2049,0.8661,0.0,0.3406,-0.3531,1272,0.4229,0.5241,0.0449,0,0,0.1112,0.0757,0.1488,0.0172,0.3538,0.2262,-0.2737,-1.5800638847561215,-0.030151513054808954,-1.0380980352486573,GBPCPCFC_01531-0,GBPCPCFC_01531-0,Rickettsia endosymbiont of Cimex lectularius,2698648,67.5,2.46e-208,590,Rickettsia,780,,,Rickettsia,780,0,Alphaproteobacteria,28211,643950,645221,GBPCPCFC_01530,GBPCPCFC_01532,mRNA
GBPCPCFC_01532,gnl|Prokka|GBPCPCFC_22,1222,1348403,0.593,948.8175,764.2049,0.8661,0.0,0.3406,-0.3531,723,-0.2955,-0.2252,0.0427,0,0,0.1727,0.0063,0.2069,0.001,0.3665,0.5906,-0.1598,-1.488900263410119,-0.3162264687871624,-0.9656935429566834,GBPCPCFC_01532-0,GBPCPCFC_01532-0,Rickettsia endosymbiont of Bryobia graminum,2878922,84.4,4.43e-132,382,cellular organisms,131567,Sciaridae,7184,Sciaridae,7184,1,Eumetazoa,6072,645427,646149,GBPCPCFC_01531,GBPCPCFC_01533,mRNA
GBPCPCFC_01533,gnl|Prokka|GBPCPCFC_22,1222,1348403,0.593,948.8175,764.2049,0.8661,0.0,0.3406,-0.3531,435,-0.6724,-0.6183,0.0416,0,0,0.3269,0.0,0.3511,0.0,0.3494,0.102,-0.3125,-1.4741481454847651,0.429706698741928,-0.9085715925173468,GBPCPCFC_01533-0,GBPCPCFC_01533-0,unclassified Rickettsia,114295,89.8,6.26e-74,228,cellular organisms,131567,Sciaridae,7184,Sciaridae,7184,1,Eumetazoa,6072,646149,646583,GBPCPCFC_01532,GBPCPCFC_01534,mRNA
GBPCPCFC_01534,gnl|Prokka|GBPCPCFC_22,1222,1348403,0.593,948.8175,764.2049,0.8661,0.0,0.3406,-0.3531,1095,0.1913,0.2825,0.041,0,0,0.1833,0.0032,0.1972,0.0015,0.3507,0.138,-0.3012,-1.5752825113128264,0.19610223520591363,-1.0207311155298846,GBPCPCFC_01534-0,GBPCPCFC_01534-0,Rickettsia endosymbiont of Culicoides newsteadi,1961830,62.2,6.63e-78,253,unclassified Rickettsia,114295,,,Rickettsia,780,0,Alphaproteobacteria,28211,646573,647667,GBPCPCFC_01533,GBPCPCFC_01535,mRNA
GBPCPCFC_01535,gnl|Prokka|GBPCPCFC_22,1222,1348403,0.593,948.8175,764.2049,0.8661,0.0,0.3406,-0.3531,261,-0.9,-0.8558,0.0393,0,0,0.2273,0.0009,0.2988,0.0,0.3295,-0.4671,-0.4903,-1.392625762910416,-0.3969577328660319,-0.8935683559491533,GBPCPCFC_01535-0,GBPCPCFC_01535-0,Rickettsia endosymbiont of Culicoides newsteadi,1961830,67.1,7.81e-27,109,Alphaproteobacteria,28211,,,Alphaproteobacteria,28211,0,Alphaproteobacteria,28211,647717,647977,GBPCPCFC_01534,GBPCPCFC_01536,mRNA
GBPCPCFC_01536,gnl|Prokka|GBPCPCFC_22,1222,1348403,0.593,948.8175,764.2049,0.8661,0.0,0.3406,-0.3531,498,-0.5899,-0.5323,0.0389,0,0,0.1201,0.0667,0.1883,0.0038,0.3173,-0.8166,-0.5995,-1.4156379512559063,-0.9007119050027608,-0.94420167815894,GBPCPCFC_01536-0,GBPCPCFC_01536-0,Rickettsia endosymbiont of Bryobia graminum,2878922,66.1,2.83e-71,226,unclassified Rickettsia,114295,,,Rickettsia,780,0,Alphaproteobacteria,28211,648006,648503,GBPCPCFC_01535,GBPCPCFC_01537,mRNA
GBPCPCFC_01537,gnl|Prokka|GBPCPCFC_22,1222,1348403,0.593,948.8175,764.2049,0.8661,0.0,0.3406,-0.3531,738,-0.2759,-0.2048,0.0381,0,0,0.263,0.0,0.293,0.0,0.3374,-0.2416,-0.4198,-1.5163236063501062,0.3740205570865776,-0.9633669397125881,GBPCPCFC_01537-0,GBPCPCFC_01537-0,Rickettsia endosymbiont of Bryobia graminum,2878922,71.4,1.67e-111,330,cellular organisms,131567,Sciaridae,7184,Sciaridae,7184,1,Eumetazoa,6072,648493,649230,GBPCPCFC_01536,GBPCPCFC_01538,mRNA
GBPCPCFC_01538,gnl|Prokka|GBPCPCFC_22,1222,1348403,0.593,948.8175,764.2049,0.8661,0.0,0.3406,-0.3531,939,-0.0128,0.0696,0.037,0,0,0.1768,0.0046,0.237,0.0001,0.3206,-0.7228,-0.5702,-1.5201977040495227,0.09588320549596523,-0.9954488331903482,GBPCPCFC_01538-0,GBPCPCFC_01538-0,Rickettsia endosymbiont of Gnoriste bilineata,2878920,76.4,2.67e-151,436,unclassified Rickettsia,114295,,,Rickettsia,780,0,Alphaproteobacteria,28211,649245,650183,GBPCPCFC_01537,GBPCPCFC_01539,mRNA
GBPCPCFC_01539,gnl|Prokka|GBPCPCFC_22,1222,1348403,0.593,948.8175,764.2049,0.8661,0.0,0.3406,-0.3531,729,-0.2876,-0.2171,0.0355,0,0,0.091,0.1524,0.1789,0.0046,0.3045,-1.1806,-0.7132,-1.4447504798067234,-0.7420534850224595,-0.9786770345666573,GBPCPCFC_01539-0,GBPCPCFC_01539-0,Rickettsia endosymbiont of Bryobia graminum,2878922,69.7,3.45e-114,337,cellular organisms,131567,Sciaridae,7184,Sciaridae,7184,1,Eumetazoa,6072,650236,650964,GBPCPCFC_01538,GBPCPCFC_01540,mRNA
GBPCPCFC_01540,gnl|Prokka|GBPCPCFC_22,1222,1348403,0.593,948.8175,764.2049,0.8661,0.0,0.3406,-0.3531,2058,1.4514,1.5969,0.0345,0,0,0.2705,0.0,0.3224,0.0,0.3571,0.3225,-0.2436,-1.7670221267379191,2.285823599107742,-1.1249308376979668,GBPCPCFC_01540-0,GBPCPCFC_01540-0,Pseudolycoriella hygida,35572,72.8,0.0,967,Pseudolycoriella hygida,35572,,,Pseudolycoriella hygida,35572,0,Eumetazoa,6072,650951,653008,GBPCPCFC_01539,GBPCPCFC_01541,mRNA
GBPCPCFC_01541,gnl|Prokka|GBPCPCFC_22,1222,1348403,0.593,948.8175,764.2049,0.8661,0.0,0.3406,-0.3531,819,-0.1699,-0.0942,0.0311,0,0,0.2481,0.0001,0.2779,0.0,0.3333,-0.3577,-0.4561,-1.5302669633047934,0.36984314411016395,-0.9922174430525914,GBPCPCFC_01541-0,GBPCPCFC_01541-0,Rickettsia endosymbiont of Cimex lectularius,2698648,83.3,1.12e-126,371,Rickettsiales,766,,,Rickettsiales,766,0,Alphaproteobacteria,28211,653242,654060,GBPCPCFC_01540,GBPCPCFC_01542,mRNA
GBPCPCFC_01542,gnl|Prokka|GBPCPCFC_22,1222,1348403,0.593,948.8175,764.2049,0.8661,0.0,0.3406,-0.3531,1566,0.8076,0.9254,0.0298,0,0,0.1035,0.0984,0.0521,0.4062,0.3327,-0.3759,-0.4618,-1.684808670695844,0.0031956505273973076,-1.142253158662001,GBPCPCFC_01542-0,GBPCPCFC_01542-0,,,,,,,,,,,,0,Unassigned,,654118,655683,GBPCPCFC_01541,GBPCPCFC_01543,mRNA
GBPCPCFC_01543,gnl|Prokka|GBPCPCFC_22,1222,1348403,0.593,948.8175,764.2049,0.8661,0.0,0.3406,-0.3531,1026,0.101,0.1883,0.0275,0,0,0.2059,0.0009,0.2407,0.0001,0.3908,1.285,0.0571,-1.5591889910617123,0.3470185197761726,-1.0318908063600285,GBPCPCFC_01543-0,GBPCPCFC_01543-0,Rickettsia endosymbiont of Culicoides impunctatus,2867440,86.6,2.85e-192,543,cellular organisms,131567,Sciaridae,7184,Sciaridae,7184,1,Eumetazoa,6072,655680,656705,GBPCPCFC_01542,GBPCPCFC_01544,mRNA
GBPCPCFC_01544,gnl|Prokka|GBPCPCFC_22,1222,1348403,0.593,948.8175,764.2049,0.8661,0.0,0.3406,-0.3531,600,-0.4564,-0.3931,0.0259,0,0,0.1296,0.0383,0.2018,0.0012,0.34,-0.1672,-0.3966,-1.4385661480210379,-0.6771289242974718,-0.983557031111445,GBPCPCFC_01544-0,GBPCPCFC_01544-0,Rickettsia endosymbiont of Bryobia graminum,2878922,70.2,2.14e-88,268,unclassified Rickettsia,114295,,,Rickettsia,780,0,Alphaproteobacteria,28211,656711,657310,GBPCPCFC_01543,GBPCPCFC_01545,mRNA
GBPCPCFC_01545,gnl|Prokka|GBPCPCFC_22,1222,1348403,0.593,948.8175,764.2049,0.8661,0.0,0.3406,-0.3531,1260,0.4072,0.5077,0.0248,0,0,0.3001,0.0,0.3826,0.0,0.2984,-1.3553,-0.7678,-1.6035501908165533,1.5399617130680647,-1.0328872488476983,GBPCPCFC_01545-0,GBPCPCFC_01545-0,Rickettsia endosymbiont of Labidopullus appendiculatus,2878921,65.2,2.14e-173,502,unclassified Rickettsia,114295,,,Rickettsia,780,0,Alphaproteobacteria,28211,657496,658755,GBPCPCFC_01544,GBPCPCFC_01546,mRNA
GBPCPCFC_01546,gnl|Prokka|GBPCPCFC_22,1222,1348403,0.593,948.8175,764.2049,0.8661,0.0,0.3406,-0.3531,1788,1.0981,1.2284,0.0229,0,0,0.314,0.0,0.3606,0.0,0.3473,0.0417,-0.3313,-1.7293961634462085,2.2338866154129513,-1.112524882129673,GBPCPCFC_01546-0,GBPCPCFC_01546-0,Rickettsia endosymbiont of Bryobia graminum,2878922,77.5,5.31e-314,872,cellular organisms,131567,Sciaridae,7184,Sciaridae,7184,1,Eumetazoa,6072,658742,660529,GBPCPCFC_01545,GBPCPCFC_01547,mRNA
GBPCPCFC_01547,gnl|Prokka|GBPCPCFC_22,1222,1348403,0.593,948.8175,764.2049,0.8661,0.0,0.3406,-0.3531,1443,0.6467,0.7575,0.02,0,0,0.1203,0.0546,0.1152,0.0658,0.4096,1.8199,0.2243,-1.6429176031845998,0.12414037221649804,-1.1301857154969857,GBPCPCFC_01547-0,GBPCPCFC_01547-0,,,,,,,,,,,,0,Unassigned,,660692,662134,GBPCPCFC_01546,GBPCPCFC_01548,mRNA
GBPCPCFC_01548,gnl|Prokka|GBPCPCFC_22,1222,1348403,0.593,948.8175,764.2049,0.8661,0.0,0.3406,-0.3531,966,0.0225,0.1064,0.0178,0,0,0.0998,0.1111,0.1044,0.0957,0.3406,-0.1507,-0.3914,-1.5398315674670882,-0.6406431305515556,-1.0768349895855724,GBPCPCFC_01548-0,GBPCPCFC_01548-0,Rickettsia endosymbiont of Sericostoma sp.,2878926,65.9,3.10e-142,414,unclassified Rickettsia,114295,,,Rickettsia,780,0,Alphaproteobacteria,28211,662227,663192,GBPCPCFC_01547,GBPCPCFC_01549,mRNA
GBPCPCFC_01549,gnl|Prokka|GBPCPCFC_22,1222,1348403,0.593,948.8175,764.2049,0.8661,0.0,0.3406,-0.3531,633,-0.4133,-0.3481,0.0163,0,0,0.1576,0.0116,0.2105,0.0007,0.357,0.3192,-0.2446,-1.463603955382747,-0.48585749226465397,-1.0116546376633566,GBPCPCFC_01549-0,GBPCPCFC_01549-0,Pseudolycoriella hygida,35572,66.2,4.06e-85,270,cellular organisms,131567,Sciaridae,7184,Sciaridae,7184,1,Eumetazoa,6072,663193,663825,GBPCPCFC_01548,GBPCPCFC_01550,mRNA
GBPCPCFC_01550,gnl|Prokka|GBPCPCFC_22,1222,1348403,0.593,948.8175,764.2049,0.8661,0.0,0.3406,-0.3531,630,-0.4172,-0.3522,0.0152,0,0,0.2365,0.0001,0.238,0.0001,0.3492,0.0957,-0.3144,-1.508247531884448,-0.06869093400163362,-1.0178988830668094,GBPCPCFC_01550-0,GBPCPCFC_01550-0,Rickettsia endosymbiont of Sericostoma sp. HW-2014,2878927,61.4,3.56e-72,236,unclassified Rickettsia,114295,,,Rickettsia,780,0,Alphaproteobacteria,28211,663972,664601,GBPCPCFC_01549,GBPCPCFC_01551,mRNA
GBPCPCFC_01551,gnl|Prokka|GBPCPCFC_22,1222,1348403,0.593,948.8175,764.2049,0.8661,0.0,0.3406,-0.3531,129,-1.0728,-1.036,0.0139,0,0,-0.0145,0.8476,0.0512,0.4961,0.3876,1.1924,0.0282,-1.3178112481655648,-2.424919769508378,-0.9816936345266667,GBPCPCFC_01551-0,GBPCPCFC_01551-0,,,,,,,,,,,,0,Unassigned,,664827,664955,GBPCPCFC_01550,GBPCPCFC_01552,mRNA
GBPCPCFC_01552,gnl|Prokka|GBPCPCFC_22,1222,1348403,0.593,948.8175,764.2049,0.8661,0.0,0.3406,-0.3531,747,-0.2641,-0.1925,0.0138,0,0,0.1312,0.0359,0.1192,0.0569,0.3373,-0.243,-0.4203,-1.5135365635439029,-0.7551694044280568,-1.0593153282035215,GBPCPCFC_01552-0,GBPCPCFC_01552-0,,,,,,,,,,,,0,Unassigned,,664900,665646,GBPCPCFC_01551,GBPCPCFC_01553,mRNA
GBPCPCFC_01553,gnl|Prokka|GBPCPCFC_22,1222,1348403,0.593,948.8175,764.2049,0.8661,0.0,0.3406,-0.3531,663,-0.374,-0.3071,0.0124,0,0,0.2404,0.0001,0.2889,0.0,0.3695,0.6764,-0.133,-1.4921255806142093,0.16665667999889938,-1.0109243273237831,GBPCPCFC_01553-0,GBPCPCFC_01553-0,Rickettsia endosymbiont of Cimex lectularius,2698648,69.6,3.16e-97,293,Rickettsia,780,,,Rickettsia,780,0,Alphaproteobacteria,28211,665810,666472,GBPCPCFC_01552,GBPCPCFC_01554,mRNA
GBPCPCFC_01554,gnl|Prokka|GBPCPCFC_22,1222,1348403,0.593,948.8175,764.2049,0.8661,0.0,0.3406,-0.3531,432,-0.6763,-0.6224,0.0114,0,0,0.2249,0.0004,0.2566,0.0,0.3588,0.3697,-0.2288,-1.45190061858384,-0.3196542687670291,-0.9936212439579577,GBPCPCFC_01554-0,GBPCPCFC_01554-0,Rickettsia endosymbiont of Bembidion nr. Transversale,2878919,68.3,2.44e-46,167,Rickettsia,780,,,Rickettsia,780,0,Alphaproteobacteria,28211,666524,666955,GBPCPCFC_01553,GBPCPCFC_01555,mRNA
GBPCPCFC_01555,gnl|Prokka|GBPCPCFC_22,1222,1348403,0.593,948.8175,764.2049,0.8661,0.0,0.3406,-0.3531,669,-0.3662,-0.299,0.0107,0,0,0.2024,0.0014,0.2496,0.0001,0.3602,0.4109,-0.216,-1.4853619389873562,-0.11722620548463432,-1.0229473440844585,GBPCPCFC_01555-0,GBPCPCFC_01555-0,Pseudolycoriella hygida,35572,68.2,3.54e-101,312,cellular organisms,131567,Sciaridae,7184,Sciaridae,7184,1,Eumetazoa,6072,667003,667671,GBPCPCFC_01554,GBPCPCFC_01556,mRNA
GBPCPCFC_01556,gnl|Prokka|GBPCPCFC_22,1222,1348403,0.593,948.8175,764.2049,0.8661,0.0,0.3406,-0.3531,291,-0.8608,-0.8149,0.0097,0,0,0.0766,0.2296,0.0934,0.1423,0.3677,0.624,-0.1494,-1.3971053062638044,-1.6844498617031014,-1.012253209659705,GBPCPCFC_01556-0,GBPCPCFC_01556-0,Pseudolycoriella hygida,35572,58.5,1.04e-22,102,cellular organisms,131567,Sciaridae,7184,Sciaridae,7184,1,Eumetazoa,6072,667649,667939,GBPCPCFC_01555,GBPCPCFC_01557,mRNA
GBPCPCFC_01557,gnl|Prokka|GBPCPCFC_22,1222,1348403,0.593,948.8175,764.2049,0.8661,0.0,0.3406,-0.3531,222,-0.9511,-0.9091,0.0089,0,0,0.0006,0.9931,0.0344,0.6179,0.3423,-0.1003,-0.3757,-1.3570423583821243,-2.2945939796666237,-1.0132963090292573,GBPCPCFC_01557-0,GBPCPCFC_01557-0,Rickettsia endosymbiont of Oedothorax gibbosus,931099,69.6,1.73e-16,82.4,unclassified Rickettsia,114295,,,Rickettsia,780,0,Alphaproteobacteria,28211,668199,668420,GBPCPCFC_01556,GBPCPCFC_01558,mRNA
GBPCPCFC_01558,gnl|Prokka|GBPCPCFC_22,1222,1348403,0.593,948.8175,764.2049,0.8661,0.0,0.3406,-0.3531,300,-0.849,-0.8026,0.0084,0,0,0.0666,0.2964,0.0504,0.4292,0.3467,0.0232,-0.3371,-1.4137336095122905,-1.86087838482389,-1.0299951124075175,GBPCPCFC_01558-0,GBPCPCFC_01558-0,Rickettsia endosymbiont of Sericostoma sp.,2878926,59.8,6.17e-25,105,Rickettsia,780,,,Rickettsia,780,0,Alphaproteobacteria,28211,668554,668853,GBPCPCFC_01557,GBPCPCFC_01559,mRNA
GBPCPCFC_01559,gnl|Prokka|GBPCPCFC_22,1222,1348403,0.593,948.8175,764.2049,0.8661,0.0,0.3406,-0.3531,207,-0.9707,-0.9295,0.0077,0,0,-0.0608,0.3922,-0.098,0.1676,0.372,0.7463,-0.1112,-1.3762272478451896,-3.0236882760363692,-1.0506201714171421,GBPCPCFC_01559-0,GBPCPCFC_01559-0,,,,,,,,,,,,0,Unassigned,,669014,669220,GBPCPCFC_01558,GBPCPCFC_01560,mRNA
GBPCPCFC_01560,gnl|Prokka|GBPCPCFC_22,1222,1348403,0.593,948.8175,764.2049,0.8661,0.0,0.3406,-0.3531,747,-0.2641,-0.1925,0.0073,0,0,0.1944,0.0018,0.1955,0.0017,0.4378,2.6252,0.4759,-1.5231215870470238,-0.2310615116478107,-1.058232182023652,GBPCPCFC_01560-0,GBPCPCFC_01560-0,,,,,,,,,,,,0,Unassigned,,669258,670004,GBPCPCFC_01559,GBPCPCFC_01561,mRNA
GBPCPCFC_01561,gnl|Prokka|GBPCPCFC_22,1222,1348403,0.593,948.8175,764.2049,0.8661,0.0,0.3406,-0.3531,267,-0.8922,-0.8476,0.0061,0,0,0.058,0.3986,0.0215,0.755,0.3708,0.7122,-0.1218,-1.4160779860568224,-2.0404156187782125,-1.0399867190831926,GBPCPCFC_01561-0,GBPCPCFC_01561-0,,,,,,,,,,,,0,Unassigned,,670101,670367,GBPCPCFC_01560,GBPCPCFC_01562,mRNA
GBPCPCFC_01562,gnl|Prokka|GBPCPCFC_22,1222,1348403,0.593,948.8175,764.2049,0.8661,0.0,0.3406,-0.3531,180,-1.006,-0.9664,0.0051,0,0,0.1509,0.0284,0.1379,0.0455,0.4111,1.8641,0.2381,-1.4091030848856665,-1.37326213578148,-1.0064285697747843,GBPCPCFC_01562-0,GBPCPCFC_01562-0,Rickettsia endosymbiont of Bryobia graminum,2878922,79.3,2.72e-19,90.9,cellular organisms,131567,Sciaridae,7184,Sciaridae,7184,1,Eumetazoa,6072,670758,670937,GBPCPCFC_01561,GBPCPCFC_01563,mRNA
GBPCPCFC_01563,gnl|Prokka|GBPCPCFC_22,1222,1348403,0.593,948.8175,764.2049,0.8661,0.0,0.3406,-0.3531,117,-1.0885,-1.0524,0.003,0,0,0.1979,0.0283,0.2179,0.0155,0.5214,5.0138,1.2221,-1.3913892074995198,-0.9882933742804204,-0.9833314886927212,GBPCPCFC_01563-0,GBPCPCFC_01563-0,,,,,,,,,,,,0,Unassigned,,672206,672322,GBPCPCFC_01562,GBPCPCFC_01564,mRNA
GBPCPCFC_01564,gnl|Prokka|GBPCPCFC_22,1222,1348403,0.593,948.8175,764.2049,0.8661,0.0,0.3406,-0.3531,1080,0.1717,0.262,0.0042,0,0,0.1173,0.061,0.1909,0.0022,0.3472,0.0391,-0.3321,-1.533802302266392,-0.11715409006795313,-1.0944148571751988,GBPCPCFC_01564-0,GBPCPCFC_01564-0,Wolbachia endosymbiont of Melophagus ovinus,1986203,67.3,2.31e-155,455,unclassified Wolbachia,2640676,,,Wolbachia,953,0,Alphaproteobacteria,28211,675972,677051,GBPCPCFC_01563,GBPCPCFC_01565,mRNA
GBPCPCFC_01565,gnl|Prokka|GBPCPCFC_22,1222,1348403,0.593,948.8175,764.2049,0.8661,0.0,0.3406,-0.3531,1293,0.4504,0.5527,0.0067,0,0,0.1946,0.0018,0.2111,0.0007,0.3542,0.2388,-0.2697,-1.622706322478154,0.5595944292010144,-1.1212901619253388,GBPCPCFC_01565-0,GBPCPCFC_01565-0,Legionella,445,56.7,1.31e-172,500,cellular organisms,131567,cellular organisms,131567,cellular organisms,131567,1,cellular organisms,131567,677460,678752,GBPCPCFC_01564,GBPCPCFC_01566,mRNA
GBPCPCFC_01566,gnl|Prokka|GBPCPCFC_22,1222,1348403,0.593,948.8175,764.2049,0.8661,0.0,0.3406,-0.3531,297,-0.8529,-0.8067,0.0075,0,0,-0.0313,0.6399,-0.0092,0.8903,0.3502,0.1232,-0.3058,-1.3705342635312323,-2.4751702972560374,-1.035695587245682,GBPCPCFC_01566-0,GBPCPCFC_01566-0,Rickettsia endosymbiont of Cimex lectularius,2698648,72.2,3.87e-31,122,Rickettsia,780,,,Rickettsia,780,0,Alphaproteobacteria,28211,678972,679268,GBPCPCFC_01565,GBPCPCFC_01567,mRNA
GBPCPCFC_01567,gnl|Prokka|GBPCPCFC_22,1222,1348403,0.593,948.8175,764.2049,0.8661,0.0,0.3406,-0.3531,1305,0.4661,0.5691,0.0096,0,0,0.2794,0.0,0.3188,0.0,0.2897,-1.6054,-0.8459,-1.6327645439358636,1.2965843828917016,-1.0925914674902408,GBPCPCFC_01567-0,GBPCPCFC_01567-0,Rickettsia endosymbiont of Bryobia graminum,2878922,74.9,1.29e-217,615,unclassified Rickettsia,114295,,,Rickettsia,780,0,Alphaproteobacteria,28211,679342,680646,GBPCPCFC_01566,GBPCPCFC_01568,mRNA
GBPCPCFC_01568,gnl|Prokka|GBPCPCFC_22,1222,1348403,0.593,948.8175,764.2049,0.8661,0.0,0.3406,-0.3531,825,-0.162,-0.086,0.0107,0,0,0.1843,0.0031,0.1953,0.0017,0.343,-0.0807,-0.3695,-1.5302874570522325,-0.16846198867968742,-1.0582990655395734,GBPCPCFC_01568-0,GBPCPCFC_01568-0,Rickettsia endosymbiont of Cimex lectularius,2698648,75.1,1.07e-109,327,Rickettsia,780,,,Rickettsia,780,0,Alphaproteobacteria,28211,680621,681445,GBPCPCFC_01567,GBPCPCFC_01569,mRNA
GBPCPCFC_01569,gnl|Prokka|GBPCPCFC_22,1222,1348403,0.593,948.8175,764.2049,0.8661,0.0,0.3406,-0.3531,888,-0.0796,-0.0,0.0122,0,0,0.1842,0.0031,0.2338,0.0002,0.3446,-0.036,-0.3556,-1.5225412810941086,0.04817467929521227,-1.0488439319171883,GBPCPCFC_01569-0,GBPCPCFC_01569-0,Rickettsia endosymbiont of Labidopullus appendiculatus,2878921,72.1,1.66e-143,416,unclassified Rickettsia,114295,,,Rickettsia,780,0,Alphaproteobacteria,28211,681540,682427,GBPCPCFC_01568,GBPCPCFC_01570,mRNA
GBPCPCFC_01570,gnl|Prokka|GBPCPCFC_22,1222,1348403,0.593,948.8175,764.2049,0.8661,0.0,0.3406,-0.3531,909,-0.0521,0.0286,0.0135,0,0,0.2756,0.0,0.3209,0.0,0.3729,0.7737,-0.1026,-1.5502001248923223,0.7538862894609539,-1.0334374299952718,GBPCPCFC_01570-0,GBPCPCFC_01570-0,Rickettsia endosymbiont of Bryobia graminum,2878922,68.3,1.92e-137,400,unclassified Rickettsia,114295,,,Rickettsia,780,0,Alphaproteobacteria,28211,682424,683332,GBPCPCFC_01569,GBPCPCFC_01571,mRNA
GBPCPCFC_01571,gnl|Prokka|GBPCPCFC_22,1222,1348403,0.593,948.8175,764.2049,0.8661,0.0,0.3406,-0.3531,459,-0.641,-0.5856,0.0143,0,0,0.015,0.8169,0.0408,0.5297,0.3246,-0.6066,-0.5339,-1.4100035262614414,-1.8936498087106568,-1.0302665317827067,GBPCPCFC_01571-0,GBPCPCFC_01571-0,unclassified Rickettsia,114295,90.1,1.75e-90,270,Rickettsia,780,,,Rickettsia,780,0,Alphaproteobacteria,28211,683352,683810,GBPCPCFC_01570,GBPCPCFC_01572,mRNA
GBPCPCFC_01572,gnl|Prokka|GBPCPCFC_22,1222,1348403,0.593,948.8175,764.2049,0.8661,0.0,0.3406,-0.3531,741,-0.2719,-0.2007,0.0154,0,0,0.0667,0.2874,0.0931,0.1373,0.3536,0.2206,-0.2754,-1.4771020451155574,-1.1198914288007633,-1.0528684122781617,GBPCPCFC_01572-0,GBPCPCFC_01572-0,Rickettsia endosymbiont of Bryobia graminum,2878922,69.3,5.62e-109,323,cellular organisms,131567,Sciaridae,7184,Sciaridae,7184,1,Eumetazoa,6072,683840,684580,GBPCPCFC_01571,GBPCPCFC_01573,mRNA
GBPCPCFC_01573,gnl|Prokka|GBPCPCFC_22,1222,1348403,0.593,948.8175,764.2049,0.8661,0.0,0.3406,-0.3531,474,-0.6213,-0.5651,0.0161,0,0,0.1005,0.1198,0.1834,0.0043,0.3101,-1.0206,-0.6632,-1.4035193253701563,-1.0297333139786198,-0.9921659686823411,GBPCPCFC_01573-0,GBPCPCFC_01573-0,Rickettsia endosymbiont of Bryobia graminum,2878922,72.4,1.61e-62,199,unclassified Rickettsia,114295,,,Rickettsia,780,0,Alphaproteobacteria,28211,684574,685047,GBPCPCFC_01572,GBPCPCFC_01574,mRNA
GBPCPCFC_01574,gnl|Prokka|GBPCPCFC_22,1222,1348403,0.593,948.8175,764.2049,0.8661,0.0,0.3406,-0.3531,1092,0.1874,0.2784,0.0182,0,0,0.2514,0.0001,0.3011,0.0,0.3123,-0.9594,-0.6441,-1.5771947826263437,0.8320213895809976,-1.0478950676816212,GBPCPCFC_01574-0,GBPCPCFC_01574-0,Rickettsia endosymbiont of Oedothorax gibbosus,931099,58.8,2.31e-128,383,unclassified Rickettsia,114295,,,Rickettsia,780,0,Alphaproteobacteria,28211,685403,686494,GBPCPCFC_01573,GBPCPCFC_01575,mRNA
GBPCPCFC_01575,gnl|Prokka|GBPCPCFC_22,1222,1348403,0.593,948.8175,764.2049,0.8661,0.0,0.3406,-0.3531,2313,1.7851,1.9449,0.0217,0,0,0.3292,0.0,0.4184,0.0,0.3359,-0.2836,-0.4329,-1.8145492704842654,3.2028871228945923,-1.1619179479811392,GBPCPCFC_01575-0,GBPCPCFC_01575-0,Rickettsia endosymbiont of Labidopullus appendiculatus,2878921,76.3,0.0,1195,Rickettsia,780,,,Rickettsia,780,0,Alphaproteobacteria,28211,686518,688830,GBPCPCFC_01574,GBPCPCFC_01576,mRNA
GBPCPCFC_01576,gnl|Prokka|GBPCPCFC_22,1222,1348403,0.593,948.8175,764.2049,0.8661,0.0,0.3406,-0.3531,723,-0.2955,-0.2252,0.0232,0,0,0.0648,0.3018,0.0915,0.1443,0.3458,-0.0021,-0.345,-1.4713116034927125,-1.1582185868622032,-1.032853491266831,GBPCPCFC_01576-0,GBPCPCFC_01576-0,Rickettsia endosymbiont of Bryobia graminum,2878922,52.4,1.84e-49,170,unclassified Rickettsia,114295,,,Rickettsia,780,0,Alphaproteobacteria,28211,689105,689827,GBPCPCFC_01575,GBPCPCFC_01577,mRNA
GBPCPCFC_01577,gnl|Prokka|GBPCPCFC_22,1222,1348403,0.593,948.8175,764.2049,0.8661,0.0,0.3406,-0.3531,1452,0.6584,0.7698,0.0257,0,0,0.1479,0.0179,0.1758,0.0048,0.3822,1.0392,-0.0197,-1.6330868346521819,0.45814872402796564,-1.1013612480587098,GBPCPCFC_01577-0,GBPCPCFC_01577-0,Pseudolycoriella hygida,35572,80.6,3.09e-280,779,cellular organisms,131567,Sciaridae,7184,Sciaridae,7184,1,Eumetazoa,6072,690050,691501,GBPCPCFC_01576,GBPCPCFC_01578,mRNA
GBPCPCFC_01578,gnl|Prokka|GBPCPCFC_22,1222,1348403,0.593,948.8175,764.2049,0.8661,0.0,0.3406,-0.3531,1170,0.2894,0.3849,0.0282,0,0,0.0907,0.1477,0.1093,0.081,0.3598,0.3992,-0.2196,-1.5683963395448954,-0.3873457006464112,-1.0745480128403535,GBPCPCFC_01578-0,GBPCPCFC_01578-0,,,,,,,,,,,,0,Unassigned,,692055,693224,GBPCPCFC_01577,GBPCPCFC_01579,mRNA
GBPCPCFC_01579,gnl|Prokka|GBPCPCFC_22,1222,1348403,0.593,948.8175,764.2049,0.8661,0.0,0.3406,-0.3531,621,-0.429,-0.3645,0.0299,0,0,0.2207,0.0004,0.2315,0.0002,0.3172,-0.8177,-0.5998,-1.4949111494373033,-0.16930889046014796,-0.9824210149535403,GBPCPCFC_01579-0,GBPCPCFC_01579-0,Rickettsia endosymbiont of Bryobia graminum,2878922,69.9,1.54e-101,302,unclassified Rickettsia,114295,,,Rickettsia,780,0,Alphaproteobacteria,28211,693753,694373,GBPCPCFC_01578,GBPCPCFC_01580,mRNA
GBPCPCFC_01580,gnl|Prokka|GBPCPCFC_22,1222,1348403,0.593,948.8175,764.2049,0.8661,0.0,0.3406,-0.3531,393,-0.7273,-0.6757,0.0308,0,0,0.3044,0.0,0.395,0.0,0.3104,-1.0119,-0.6605,-1.428766744881774,0.43096182963022406,-0.9086702873106671,GBPCPCFC_01580-0,GBPCPCFC_01580-0,Rickettsia endosymbiont of Cimex lectularius,2698648,74.6,6.89e-59,188,unclassified Rickettsia,114295,,,Rickettsia,780,0,Alphaproteobacteria,28211,694574,694966,GBPCPCFC_01579,GBPCPCFC_01581,mRNA
GBPCPCFC_01581,gnl|Prokka|GBPCPCFC_22,1222,1348403,0.593,948.8175,764.2049,0.8661,0.0,0.3406,-0.3531,1794,1.106,1.2366,0.0341,0,0,0.249,0.0001,0.259,0.0,0.3378,-0.2303,-0.4163,-1.7316112607599607,1.6230271194688173,-1.1121696673258832,GBPCPCFC_01581-0,GBPCPCFC_01581-0,,,,,,,,,,,,0,Unassigned,,695420,697213,GBPCPCFC_01580,GBPCPCFC_01582,mRNA
GBPCPCFC_01582,gnl|Prokka|GBPCPCFC_22,1222,1348403,0.593,948.8175,764.2049,0.8661,0.0,0.3406,-0.3531,1512,0.737,0.8517,0.037,0,0,0.2687,0.0,0.3143,0.0,0.4101,1.8339,0.2286,-1.6619953308296793,1.514170887563054,-1.0545301496411645,GBPCPCFC_01582-0,GBPCPCFC_01582-0,Rickettsia endosymbiont of Culicoides newsteadi,1961830,85.9,1.03e-306,846,cellular organisms,131567,Sciaridae,7184,Sciaridae,7184,1,Eumetazoa,6072,697638,699149,GBPCPCFC_01581,GBPCPCFC_01583,mRNA
GBPCPCFC_01583,gnl|Prokka|GBPCPCFC_22,1222,1348403,0.593,948.8175,764.2049,0.8661,0.0,0.3406,-0.3531,1344,0.5171,0.6224,0.0393,0,0,0.3028,0.0,0.3817,0.0,0.3557,0.28,-0.2569,-1.619501981945603,1.660361266058073,-1.0105417583094374,GBPCPCFC_01583-0,GBPCPCFC_01583-0,Rickettsia endosymbiont of Cimex lectularius,2698648,82.5,1.12e-246,689,Rickettsia,780,,,Rickettsia,780,0,Alphaproteobacteria,28211,699374,700717,GBPCPCFC_01582,GBPCPCFC_01584,mRNA
GBPCPCFC_01584,gnl|Prokka|GBPCPCFC_22,1222,1348403,0.593,948.8175,764.2049,0.8661,0.0,0.3406,-0.3531,561,-0.5075,-0.4464,0.0402,0,0,0.3044,0.0,0.3168,0.0,0.3619,0.457,-0.2015,-1.4999006052606414,0.3882974728967418,-0.9355192905868742,GBPCPCFC_01584-0,GBPCPCFC_01584-0,Pseudolycoriella hygida,35572,93.5,9.22e-116,337,cellular organisms,131567,Sciaridae,7184,Sciaridae,7184,1,Eumetazoa,6072,700714,701274,GBPCPCFC_01583,GBPCPCFC_01585,mRNA
GBPCPCFC_01585,gnl|Prokka|GBPCPCFC_22,1222,1348403,0.593,948.8175,764.2049,0.8661,0.0,0.3406,-0.3531,138,-1.061,-1.0237,0.0406,0,0,0.2231,0.0161,0.3204,0.0005,0.1812,-4.7048,-1.8143,-1.3539603835230587,-0.5061066454953997,-0.8669890089906159,GBPCPCFC_01585-0,GBPCPCFC_01585-0,,,,,,,,,,,,0,Unassigned,,701460,701597,GBPCPCFC_01584,GBPCPCFC_01586,mRNA
GBPCPCFC_01586,gnl|Prokka|GBPCPCFC_22,1222,1348403,0.593,948.8175,764.2049,0.8661,0.0,0.3406,-0.3531,351,-0.7823,-0.733,0.0413,0,0,0.2344,0.0003,0.2687,0.0,0.3134,-0.9274,-0.6341,-1.4306609132989174,-0.34948050343049913,-0.9120394453191111,GBPCPCFC_01586-0,GBPCPCFC_01586-0,Rickettsia endosymbiont of Pseudomimeciton antennatum,2878923,72.2,1.69e-57,184,Rickettsia,780,,,Rickettsia,780,0,Alphaproteobacteria,28211,701705,702055,GBPCPCFC_01585,GBPCPCFC_01587,mRNA
GBPCPCFC_01587,gnl|Prokka|GBPCPCFC_22,1222,1348403,0.593,948.8175,764.2049,0.8661,0.0,0.3406,-0.3531,1014,0.0853,0.1719,0.0429,0,0,0.1712,0.006,0.1658,0.0079,0.356,0.2903,-0.2537,-1.566021115424624,-0.07089017038440351,-1.0154825322400853,GBPCPCFC_01587-0,GBPCPCFC_01587-0,Pseudolycoriella hygida,35572,78.0,1.32e-188,533,cellular organisms,131567,Sciaridae,7184,Sciaridae,7184,1,Eumetazoa,6072,702102,703115,GBPCPCFC_01586,GBPCPCFC_01588,mRNA
GBPCPCFC_01588,gnl|Prokka|GBPCPCFC_22,1222,1348403,0.593,948.8175,764.2049,0.8661,0.0,0.3406,-0.3531,963,0.0186,0.1023,0.0443,0,0,0.1865,0.0027,0.2373,0.0001,0.3063,-1.129,-0.6971,-1.53049907060393,0.1690027840615148,-0.9831528625468536,GBPCPCFC_01588-0,GBPCPCFC_01588-0,Rickettsia endosymbiont of Bryobia graminum,2878922,49.1,5.34e-89,279,Rickettsia endosymbiont of Bryobia graminum,2878922,,,Rickettsia endosymbiont of Bryobia graminum,2878922,0,Alphaproteobacteria,28211,703115,704077,GBPCPCFC_01587,GBPCPCFC_01589,mRNA
GBPCPCFC_01589,gnl|Prokka|GBPCPCFC_22,1222,1348403,0.593,948.8175,764.2049,0.8661,0.0,0.3406,-0.3531,1764,1.0667,1.1956,0.0471,0,0,0.3697,0.0,0.4122,0.0,0.3798,0.9702,-0.0412,-1.7348937608552555,2.6080258437841897,-1.0451320464386404,GBPCPCFC_01589-0,GBPCPCFC_01589-0,unclassified Rickettsia,114295,85.3,0.0,981,Rickettsia,780,,,Rickettsia,780,0,Alphaproteobacteria,28211,704227,705990,GBPCPCFC_01588,GBPCPCFC_01590,mRNA
GBPCPCFC_01590,gnl|Prokka|GBPCPCFC_22,1222,1348403,0.593,948.8175,764.2049,0.8661,0.0,0.3406,-0.3531,1524,0.7527,0.868,0.0494,0,0,0.268,0.0,0.3256,0.0,0.3524,0.1859,-0.2863,-1.6554402948494613,1.5654980021073506,-1.0232322874887925,GBPCPCFC_01590-0,GBPCPCFC_01590-0,Rickettsia endosymbiont of Sericostoma sp.,2878926,66.4,6.71e-227,644,cellular organisms,131567,Sciaridae,7184,Sciaridae,7184,1,Eumetazoa,6072,706002,707525,GBPCPCFC_01589,GBPCPCFC_01591,mRNA
GBPCPCFC_01591,gnl|Prokka|GBPCPCFC_22,1222,1348403,0.593,948.8175,764.2049,0.8661,0.0,0.3406,-0.3531,993,0.0578,0.1433,0.051,0,0,0.2518,0.0,0.2546,0.0,0.3515,0.1601,-0.2943,-1.5750240318132411,0.5386786095982109,-0.9766741597441793,GBPCPCFC_01591-0,GBPCPCFC_01591-0,Orenia marismortui,46469,41.7,3.03e-04,53.5,Orenia marismortui,46469,,,Orenia marismortui,46469,0,Bacillota,1239,707582,708574,GBPCPCFC_01590,GBPCPCFC_01592,mRNA
GBPCPCFC_01592,gnl|Prokka|GBPCPCFC_22,1222,1348403,0.593,948.8175,764.2049,0.8661,0.0,0.3406,-0.3531,1845,1.1727,1.3062,0.0537,0,0,0.3497,0.0,0.4012,0.0,0.355,0.2616,-0.2626,-1.7400695198886613,2.595999346077026,-1.0402341176089431,GBPCPCFC_01592-0,GBPCPCFC_01592-0,Rickettsia endosymbiont of Bryobia graminum,2878922,73.6,0.0,895,unclassified Rickettsia,114295,,,Rickettsia,780,0,Alphaproteobacteria,28211,708582,710426,GBPCPCFC_01591,GBPCPCFC_01593,mRNA
GBPCPCFC_01593,gnl|Prokka|GBPCPCFC_22,1222,1348403,0.593,948.8175,764.2049,0.8661,0.0,0.3406,-0.3531,90,-1.1238,-1.0892,0.0539,0,0,-0.1164,0.1135,-0.1058,0.1506,0.5556,5.9904,1.5273,-1.3059367972180298,-3.4409711770609865,-0.9226240531214185,GBPCPCFC_01593-0,GBPCPCFC_01593-0,Roseibium sp. TrichSKD4,744980,76.7,7.59e-08,52.8,Hyphomicrobiales,356,,,Hyphomicrobiales,356,0,Alphaproteobacteria,28211,710474,710563,GBPCPCFC_01592,GBPCPCFC_01594,mRNA
GBPCPCFC_01594,gnl|Prokka|GBPCPCFC_22,1222,1348403,0.593,948.8175,764.2049,0.8661,0.0,0.3406,-0.3531,1674,0.9489,1.0728,0.0567,0,0,0.2699,0.0,0.3137,0.0,0.4158,1.9973,0.2797,-1.6909236331603161,1.7344113226215667,-1.0294345762650587,GBPCPCFC_01594-0,GBPCPCFC_01594-0,Candidatus Fukatsuia symbiotica,1878942,59.2,2.13e-221,642,Candidatus Fukatsuia symbiotica,1878942,,,Candidatus Fukatsuia symbiotica,1878942,0,Gammaproteobacteria,1236,710743,712416,GBPCPCFC_01593,GBPCPCFC_01595,mRNA
GBPCPCFC_01595,gnl|Prokka|GBPCPCFC_22,1222,1348403,0.593,948.8175,764.2049,0.8661,0.0,0.3406,-0.3531,3471,3.3004,3.5255,0.0618,0,0,0.3536,0.0,0.3987,0.0,0.3267,-0.547,-0.5152,-2.0621083618611085,4.795156008818373,-1.2231805612613216,GBPCPCFC_01595-0,GBPCPCFC_01595-0,Rickettsia endosymbiont of Platyusa sonomae,2878924,67.4,0.0,1515,unclassified Rickettsia,114295,,,Rickettsia,780,0,Alphaproteobacteria,28211,712417,715887,GBPCPCFC_01594,GBPCPCFC_01596,mRNA
GBPCPCFC_01596,gnl|Prokka|GBPCPCFC_22,1222,1348403,0.593,948.8175,764.2049,0.8661,0.0,0.3406,-0.3531,516,-0.5664,-0.5078,0.063,0,0,0.0585,0.3511,0.1207,0.0538,0.3643,0.5281,-0.1793,-1.402624919439483,-1.3653722121259149,-0.9040184280641176,GBPCPCFC_01596-0,GBPCPCFC_01596-0,,,,,,,,,,,,0,Unassigned,,716154,716669,GBPCPCFC_01595,GBPCPCFC_01597,mRNA
GBPCPCFC_01597,gnl|Prokka|GBPCPCFC_22,1222,1348403,0.593,948.8175,764.2049,0.8661,0.0,0.3406,-0.3531,3276,3.0452,3.2593,0.0679,0,0,0.2113,0.0007,0.2821,0.0,0.3513,0.1568,-0.2954,-1.9756949107751542,3.5422383432300566,-1.2016454748027565,GBPCPCFC_01597-0,GBPCPCFC_01597-0,Rickettsia endosymbiont of Bryobia graminum,2878922,75.4,0.0,1762,cellular organisms,131567,Sciaridae,7184,Sciaridae,7184,1,Eumetazoa,6072,716714,719989,GBPCPCFC_01596,GBPCPCFC_01598,mRNA
GBPCPCFC_01598,gnl|Prokka|GBPCPCFC_22,1222,1348403,0.593,948.8175,764.2049,0.8661,0.0,0.3406,-0.3531,633,-0.4133,-0.3481,0.0689,0,0,0.1743,0.0059,0.2237,0.0004,0.3112,-0.9895,-0.6535,-1.4583476759367733,-0.37442618714814596,-0.8884948246766483,GBPCPCFC_01598-0,GBPCPCFC_01598-0,Rickettsia endosymbiont of Bryobia graminum,2878922,68.3,1.85e-91,277,unclassified Rickettsia,114295,,,Rickettsia,780,0,Alphaproteobacteria,28211,720017,720649,GBPCPCFC_01597,GBPCPCFC_01599,mRNA
GBPCPCFC_01599,gnl|Prokka|GBPCPCFC_22,1222,1348403,0.593,948.8175,764.2049,0.8661,0.0,0.3406,-0.3531,201,-0.9786,-0.9377,0.0696,0,0,0.1974,0.0028,0.1592,0.0161,0.3881,1.2056,0.0323,-1.4236877656001738,-1.0825778883358275,-0.860804151963265,GBPCPCFC_01599-0,GBPCPCFC_01599-0,Rickettsia endosymbiont of Cimex lectularius,2698648,97.0,2.48e-34,121,unclassified Rickettsia,114295,,,Rickettsia,780,0,Alphaproteobacteria,28211,720896,721096,GBPCPCFC_01598,GBPCPCFC_01600,mRNA
GBPCPCFC_01600,gnl|Prokka|GBPCPCFC_22,1222,1348403,0.593,948.8175,764.2049,0.8661,0.0,0.3406,-0.3531,1845,1.1727,1.3062,0.0732,0,0,0.3474,0.0,0.3496,0.0,0.3837,1.0822,-0.0062,-1.7607285820479737,2.408224016341307,-1.0132350958415355,GBPCPCFC_01600-0,GBPCPCFC_01600-0,,,,,,,,,,,,0,Unassigned,,721696,723540,GBPCPCFC_01599,GBPCPCFC_01601,mRNA
GBPCPCFC_01601,gnl|Prokka|GBPCPCFC_22,1222,1348403,0.593,948.8175,764.2049,0.8661,0.0,0.3406,-0.3531,315,-0.8294,-0.7821,0.0743,0,0,0.144,0.0327,0.1604,0.0173,0.3111,-0.9925,-0.6544,-1.404451868270297,-1.146676869707187,-0.8540884319438178,GBPCPCFC_01601-0,GBPCPCFC_01601-0,Rickettsia endosymbiont of Cimex lectularius,2698648,79.6,1.75e-51,167,unclassified Rickettsia,114295,,,Rickettsia,780,0,Alphaproteobacteria,28211,723983,724297,GBPCPCFC_01600,GBPCPCFC_01602,mRNA
GBPCPCFC_01602,gnl|Prokka|GBPCPCFC_22,1222,1348403,0.593,948.8175,764.2049,0.8661,0.0,0.3406,-0.3531,1164,0.2816,0.3767,0.0761,0,0,0.2582,0.0,0.3055,0.0,0.3454,-0.0141,-0.3487,-1.58206777419175,0.9689064745653967,-0.9227455988448405,GBPCPCFC_01602-0,GBPCPCFC_01602-0,Rickettsia endosymbiont of Sericostoma sp.,2878926,60.6,1.40e-155,452,unclassified Rickettsia,114295,,,Rickettsia,780,0,Alphaproteobacteria,28211,724339,725502,GBPCPCFC_01601,GBPCPCFC_01603,mRNA
GBPCPCFC_01603,gnl|Prokka|GBPCPCFC_22,1222,1348403,0.593,948.8175,764.2049,0.8661,0.0,0.3406,-0.3531,882,-0.0874,-0.0082,0.0774,0,0,0.202,0.0012,0.2411,0.0001,0.4025,1.618,0.1612,-1.5173005950649128,0.1348329680047863,-0.8981287974042399,GBPCPCFC_01603-0,GBPCPCFC_01603-0,Pseudolycoriella hygida,35572,90.1,1.42e-188,530,cellular organisms,131567,Sciaridae,7184,Sciaridae,7184,1,Eumetazoa,6072,725503,726384,GBPCPCFC_01602,GBPCPCFC_01604,mRNA
GBPCPCFC_01604,gnl|Prokka|GBPCPCFC_22,1222,1348403,0.593,948.8175,764.2049,0.8661,0.0,0.3406,-0.3531,1161,0.2777,0.3726,0.0793,0,0,0.257,0.0,0.2817,0.0,0.3902,1.2662,0.0513,-1.5921456241239198,0.878412020895444,-0.9233283685118913,GBPCPCFC_01604-0,GBPCPCFC_01604-0,Rotaria sp. Silwood2,2762512,87.6,4.54e-234,652,cellular organisms,131567,Sciaridae,7184,Sciaridae,7184,1,Eumetazoa,6072,726476,727636,GBPCPCFC_01603,GBPCPCFC_01605,mRNA
GBPCPCFC_01605,gnl|Prokka|GBPCPCFC_22,1222,1348403,0.593,948.8175,764.2049,0.8661,0.0,0.3406,-0.3531,1887,1.2277,1.3635,0.0824,0,0,0.241,0.0001,0.2406,0.0001,0.3487,0.0813,-0.3189,-1.7432505549928208,1.649578478292096,-1.017339099744305,GBPCPCFC_01605-0,GBPCPCFC_01605-0,Blastomyces percursus,1658174,44.0,1.68e-04,58.2,Blastomyces percursus,1658174,,,Blastomyces percursus,1658174,0,leotiomyceta,716546,727891,729777,GBPCPCFC_01604,GBPCPCFC_01606,mRNA
GBPCPCFC_01606,gnl|Prokka|GBPCPCFC_22,1222,1348403,0.593,948.8175,764.2049,0.8661,0.0,0.3406,-0.3531,1758,1.0589,1.1874,0.0852,0,0,0.2533,0.0,0.2347,0.0002,0.3606,0.4223,-0.2124,-1.7295366130981427,1.5059667070409628,-0.9992419258248584,GBPCPCFC_01606-0,GBPCPCFC_01606-0,Rickettsia asembonensis,1068590,42.0,3.81e-50,197,Rickettsiales,766,,,Rickettsiales,766,0,Alphaproteobacteria,28211,729901,731658,GBPCPCFC_01605,GBPCPCFC_01607,mRNA
GBPCPCFC_01607,gnl|Prokka|GBPCPCFC_22,1222,1348403,0.593,948.8175,764.2049,0.8661,0.0,0.3406,-0.3531,480,-0.6135,-0.5569,0.0862,0,0,0.1329,0.0489,0.2353,0.0004,0.2896,-1.6075,-0.8466,-1.3876793302933053,-0.7136247097042631,-0.818277628191284,GBPCPCFC_01607-0,GBPCPCFC_01607-0,Rickettsia endosymbiont of Bryobia graminum,2878922,71.7,1.94e-51,171,unclassified Rickettsia,114295,,,Rickettsia,780,0,Alphaproteobacteria,28211,731838,732317,GBPCPCFC_01606,GBPCPCFC_01608,mRNA
GBPCPCFC_01608,gnl|Prokka|GBPCPCFC_22,1222,1348403,0.593,948.8175,764.2049,0.8661,0.0,0.3406,-0.3531,726,-0.2916,-0.2212,0.0873,0,0,0.1539,0.0137,0.1739,0.0053,0.3691,0.6654,-0.1365,-1.483009596241181,-0.5058094182323374,-0.8716110215787447,GBPCPCFC_01608-0,GBPCPCFC_01608-0,Rickettsia endosymbiont of Cimex lectularius,2698648,82.1,1.00e-139,402,cellular organisms,131567,Sciaridae,7184,Sciaridae,7184,1,Eumetazoa,6072,732338,733063,GBPCPCFC_01607,GBPCPCFC_01609,mRNA
GBPCPCFC_01609,gnl|Prokka|GBPCPCFC_22,1222,1348403,0.593,948.8175,764.2049,0.8661,0.0,0.3406,-0.3531,1674,0.9489,1.0728,0.0899,0,0,0.2109,0.0007,0.2628,0.0,0.3519,0.1713,-0.2908,-1.6658769636457893,1.3133307568211714,-0.9605759614425969,GBPCPCFC_01609-0,GBPCPCFC_01609-0,,,,,,,,,,,,0,Unassigned,,733133,734806,GBPCPCFC_01608,GBPCPCFC_01610,mRNA
GBPCPCFC_01610,gnl|Prokka|GBPCPCFC_22,1222,1348403,0.593,948.8175,764.2049,0.8661,0.0,0.3406,-0.3531,312,-0.8333,-0.7862,0.0904,0,0,0.0669,0.308,0.1099,0.0934,0.3846,1.1073,0.0016,-1.3686564398000243,-1.6440230219080039,-0.8210499242706649,GBPCPCFC_01610-0,GBPCPCFC_01610-0,,,,,,,,,,,,0,Unassigned,,734810,735121,GBPCPCFC_01609,GBPCPCFC_01611,mRNA
GBPCPCFC_01611,gnl|Prokka|GBPCPCFC_22,1222,1348403,0.593,948.8175,764.2049,0.8661,0.0,0.3406,-0.3531,1026,0.101,0.1883,0.0924,0,0,0.0533,0.403,0.1267,0.0462,0.2924,-1.5271,-0.8215,-1.4897417512014506,-0.6802789128931528,-0.8958904971893437,GBPCPCFC_01611-0,GBPCPCFC_01611-0,Rickettsia endosymbiont of Cimex lectularius,2698648,68.3,5.09e-160,461,unclassified Rickettsia,114295,,,Rickettsia,780,0,Alphaproteobacteria,28211,735501,736526,GBPCPCFC_01610,GBPCPCFC_01612,mRNA
GBPCPCFC_01612,gnl|Prokka|GBPCPCFC_22,1222,1348403,0.593,948.8175,764.2049,0.8661,0.0,0.3406,-0.3531,681,-0.3505,-0.2826,0.0934,0,0,0.2752,0.0,0.234,0.0002,0.3304,-0.4416,-0.4823,-1.5329689862234324,0.14218698675623337,-0.851957011955889,GBPCPCFC_01612-0,GBPCPCFC_01612-0,Pseudolycoriella hygida,35572,69.5,2.63e-100,301,cellular organisms,131567,Sciaridae,7184,Sciaridae,7184,1,Eumetazoa,6072,736513,737193,GBPCPCFC_01611,GBPCPCFC_01613,mRNA
GBPCPCFC_01613,gnl|Prokka|GBPCPCFC_22,1222,1348403,0.593,948.8175,764.2049,0.8661,0.0,0.3406,-0.3531,1527,0.7566,0.8721,0.0958,0,0,0.2105,0.0007,0.3466,0.0,0.3346,-0.3203,-0.4444,-1.592486824146441,1.4008229350291337,-0.898909738588295,GBPCPCFC_01613-0,GBPCPCFC_01613-0,Rickettsia endosymbiont of Bryobia graminum,2878922,72.9,3.68e-239,676,cellular organisms,131567,Sciaridae,7184,Sciaridae,7184,1,Eumetazoa,6072,737240,738766,GBPCPCFC_01612,GBPCPCFC_01614,mRNA
GBPCPCFC_01614,gnl|Prokka|GBPCPCFC_22,1222,1348403,0.593,948.8175,764.2049,0.8661,0.0,0.3406,-0.3531,1617,0.8743,0.995,0.0981,0,0,0.28,0.0,0.374,0.0,0.3414,-0.128,-0.3843,-1.647726111160918,1.9041689100642816,-0.9071706149378711,GBPCPCFC_01614-0,GBPCPCFC_01614-0,Rickettsia endosymbiont of Bryobia graminum,2878922,64.7,1.68e-221,632,cellular organisms,131567,Sciaridae,7184,Sciaridae,7184,1,Eumetazoa,6072,738756,740372,GBPCPCFC_01613,GBPCPCFC_01615,mRNA
GBPCPCFC_01615,gnl|Prokka|GBPCPCFC_22,1222,1348403,0.593,948.8175,764.2049,0.8661,0.0,0.3406,-0.3531,912,-0.0482,0.0327,0.0996,0,0,0.2476,0.0001,0.2371,0.0001,0.3026,-1.2347,-0.7301,-1.5547879058283556,0.34940525937536654,-0.8600815786774981,GBPCPCFC_01615-0,GBPCPCFC_01615-0,Rickettsia endosymbiont of Oedothorax gibbosus,931099,61.3,2.29e-133,391,cellular organisms,131567,Sciaridae,7184,Sciaridae,7184,1,Eumetazoa,6072,740475,741386,GBPCPCFC_01614,GBPCPCFC_01616,mRNA
GBPCPCFC_01616,gnl|Prokka|GBPCPCFC_22,1222,1348403,0.593,948.8175,764.2049,0.8661,0.0,0.3406,-0.3531,129,-1.0728,-1.036,0.0999,0,0,-0.121,0.1827,-0.1034,0.2551,0.3488,0.0852,-0.3177,-1.2993109063123096,-3.40180710759331,-0.8196066846225731,GBPCPCFC_01616-0,GBPCPCFC_01616-0,,,,,,,,,,,,0,Unassigned,,741406,741534,GBPCPCFC_01615,GBPCPCFC_01617,mRNA
GBPCPCFC_01617,gnl|Prokka|GBPCPCFC_22,1222,1348403,0.593,948.8175,764.2049,0.8661,0.0,0.3406,-0.3531,1245,0.3876,0.4872,0.1017,0,0,0.2553,0.0,0.3283,0.0,0.3502,0.1242,-0.3056,-1.578791028887117,1.1431595363371738,-0.8650285910595374,GBPCPCFC_01617-0,GBPCPCFC_01617-0,unclassified Rickettsia,114295,81.9,2.96e-244,681,unclassified Rickettsia,114295,,,Rickettsia,780,0,Alphaproteobacteria,28211,741537,742781,GBPCPCFC_01616,GBPCPCFC_01618,mRNA
GBPCPCFC_01618,gnl|Prokka|GBPCPCFC_22,1222,1348403,0.593,948.8175,764.2049,0.8661,0.0,0.3406,-0.3531,1929,1.2826,1.4208,0.1047,0,0,0.3415,0.0,0.3551,0.0,0.3567,0.3087,-0.2479,-1.7634000078502665,2.513970246229114,-0.947857068400551,GBPCPCFC_01618-0,GBPCPCFC_01618-0,Rickettsia endosymbiont of Culicoides newsteadi,1961830,72.2,0.0,906,unclassified Rickettsia,114295,,,Rickettsia,780,0,Alphaproteobacteria,28211,742859,744787,GBPCPCFC_01617,GBPCPCFC_01619,mRNA
GBPCPCFC_01619,gnl|Prokka|GBPCPCFC_22,1222,1348403,0.593,948.8175,764.2049,0.8661,0.0,0.3406,-0.3531,465,-0.6331,-0.5774,0.1063,0,0,0.112,0.0784,0.1842,0.0036,0.3161,-0.8492,-0.6096,-1.3910640303939836,-0.9971156778772503,-0.7845755822742814,GBPCPCFC_01619-0,GBPCPCFC_01619-0,Parachlamydia sp. AcF125,2795736,70.4,1.22e-66,209,Bacteria,2,,,Bacteria,2,0,Bacteria,2,745407,745871,GBPCPCFC_01618,GBPCPCFC_01620,mRNA
GBPCPCFC_01620,gnl|Prokka|GBPCPCFC_22,1222,1348403,0.593,948.8175,764.2049,0.8661,0.0,0.3406,-0.3531,2271,1.7301,1.8876,0.1099,0,0,0.1699,0.0064,0.2465,0.0001,0.2871,-1.6785,-0.8688,-1.756671206125493,1.8914293891114902,-0.9864981034196993,GBPCPCFC_01620-0,GBPCPCFC_01620-0,Rickettsia endosymbiont of Platyusa sonomae,2878924,50.7,3.61e-263,756,cellular organisms,131567,Sciaridae,7184,Sciaridae,7184,1,Eumetazoa,6072,746046,748316,GBPCPCFC_01619,GBPCPCFC_01621,mRNA
GBPCPCFC_01621,gnl|Prokka|GBPCPCFC_22,1222,1348403,0.593,948.8175,764.2049,0.8661,0.0,0.3406,-0.3531,162,-1.0296,-0.991,0.1103,0,0,-0.0238,0.7422,-0.0645,0.3726,0.321,-0.7104,-0.5663,-1.3564860734576578,-2.821872422174015,-0.8028918284759495,GBPCPCFC_01621-0,GBPCPCFC_01621-0,Rickettsia endosymbiont of Bryobia graminum,2878922,70.6,3.39e-18,80.1,Rickettsiaceae,775,,,Rickettsiaceae,775,0,Alphaproteobacteria,28211,748411,748572,GBPCPCFC_01620,GBPCPCFC_01622,mRNA
GBPCPCFC_01622,gnl|Prokka|GBPCPCFC_22,1222,1348403,0.593,948.8175,764.2049,0.8661,0.0,0.3406,-0.3531,762,-0.2445,-0.172,0.1119,0,0,0.1584,0.0111,0.269,0.0,0.3714,0.7295,-0.1164,-1.4395414098264545,-0.11368897845329913,-0.7861249747914215,GBPCPCFC_01622-0,GBPCPCFC_01622-0,Rotaria sp. Silwood2,2762512,82.1,7.04e-143,411,Protostomia,33317,Sciaridae,7184,Sciaridae,7184,1,Eumetazoa,6072,748907,749668,GBPCPCFC_01621,GBPCPCFC_01623,mRNA
GBPCPCFC_01623,gnl|Prokka|GBPCPCFC_22,1222,1348403,0.593,948.8175,764.2049,0.8661,0.0,0.3406,-0.3531,1371,0.5524,0.6592,0.1141,0,0,0.2288,0.0002,0.2273,0.0002,0.3421,-0.1077,-0.378,-1.63290521445523,0.855961791050084,-0.8832954905001373,GBPCPCFC_01623-0,GBPCPCFC_01623-0,Rickettsia endosymbiont of Cimex lectularius,2698648,83.8,3.95e-261,727,unclassified Rickettsia,114295,,,Rickettsia,780,0,Alphaproteobacteria,28211,749729,751099,GBPCPCFC_01622,GBPCPCFC_01624,mRNA
GBPCPCFC_01624,gnl|Prokka|GBPCPCFC_22,1222,1348403,0.593,948.8175,764.2049,0.8661,0.0,0.3406,-0.3531,83,-1.133,-1.0988,0.1143,0,0,0.2123,0.0082,0.0557,0.4924,0.5783,6.6405,1.7304,-1.4553793356372047,-1.5379096324018022,-0.7826576141877009,GBPCPCFC_01624-0,GBPCPCFC_01624-0,,,,,,,,,,,,0,Unassigned,,751208,751290,GBPCPCFC_01623,GBPCPCFC_01625,mRNA
GBPCPCFC_01625,gnl|Prokka|GBPCPCFC_22,1222,1348403,0.593,948.8175,764.2049,0.8661,0.0,0.3406,-0.3531,462,-0.637,-0.5815,0.1158,0,0,0.1562,0.0138,0.1706,0.0071,0.355,0.2606,-0.2629,-1.4286093724443745,-0.8648735166779241,-0.7749805262980844,GBPCPCFC_01625-0,GBPCPCFC_01625-0,,,,,,,,,,,,0,Unassigned,,751785,752246,GBPCPCFC_01624,GBPCPCFC_01626,mRNA
GBPCPCFC_01626,gnl|Prokka|GBPCPCFC_22,1222,1348403,0.593,948.8175,764.2049,0.8661,0.0,0.3406,-0.3531,306,-0.8412,-0.7944,0.1167,0,0,0.0604,0.3668,0.0812,0.2249,0.3203,-0.7311,-0.5728,-1.3718045713299598,-1.7793392606110014,-0.7686720471371294,GBPCPCFC_01626-0,GBPCPCFC_01626-0,,,,,,,,,,,,0,Unassigned,,752589,752894,GBPCPCFC_01625,GBPCPCFC_01627,mRNA
GBPCPCFC_01627,gnl|Prokka|GBPCPCFC_22,1222,1348403,0.593,948.8175,764.2049,0.8661,0.0,0.3406,-0.3531,459,-0.641,-0.5856,0.1174,0,0,0.2262,0.0003,0.2146,0.0005,0.3355,-0.2955,-0.4367,-1.4575590084580765,-0.4281031202628471,-0.7675383346804481,GBPCPCFC_01627-0,GBPCPCFC_01627-0,,,,,,,,,,,,0,Unassigned,,752921,753379,GBPCPCFC_01626,GBPCPCFC_01628,mRNA
GBPCPCFC_01628,gnl|Prokka|GBPCPCFC_22,1222,1348403,0.593,948.8175,764.2049,0.8661,0.0,0.3406,-0.3531,876,-0.0953,-0.0164,0.1189,0,0,0.3296,0.0,0.4403,0.0,0.3025,-1.2382,-0.7312,-1.5009185945525294,1.3369749375275994,-0.7530705475715896,GBPCPCFC_01628-0,GBPCPCFC_01628-0,Didymodactylos carnosus,1234261,74.7,1.25e-155,446,cellular organisms,131567,Protostomia,33317,Protostomia,33317,1,Eumetazoa,6072,753500,754375,GBPCPCFC_01627,GBPCPCFC_01629,mRNA
GBPCPCFC_01629,gnl|Prokka|GBPCPCFC_22,1222,1348403,0.593,948.8175,764.2049,0.8661,0.0,0.3406,-0.3531,2427,1.9343,2.1005,0.1229,0,0,0.314,0.0,0.442,0.0,0.3618,0.4545,-0.2024,-1.7923088809422527,3.368841332926019,-0.9313096939941077,GBPCPCFC_01629-0,GBPCPCFC_01629-0,Didymodactylos carnosus,1234261,85.6,0.0,1384,cellular organisms,131567,Sciaridae,7184,Sciaridae,7184,1,Eumetazoa,6072,754614,757040,GBPCPCFC_01628,GBPCPCFC_01630,mRNA
GBPCPCFC_01630,gnl|Prokka|GBPCPCFC_22,1222,1348403,0.593,948.8175,764.2049,0.8661,0.0,0.3406,-0.3531,1293,0.4504,0.5527,0.1249,0,0,0.1825,0.0034,0.2033,0.0011,0.3534,0.2167,-0.2766,-1.5929223824870098,0.4758048086602779,-0.8491516383999624,GBPCPCFC_01630-0,GBPCPCFC_01630-0,Legionella,445,56.7,6.50e-173,501,cellular organisms,131567,cellular organisms,131567,cellular organisms,131567,1,cellular organisms,131567,757113,758405,GBPCPCFC_01629,GBPCPCFC_01631,mRNA
GBPCPCFC_01631,gnl|Prokka|GBPCPCFC_22,1222,1348403,0.593,948.8175,764.2049,0.8661,0.0,0.3406,-0.3531,525,-0.5546,-0.4955,0.1261,0,0,0.1213,0.0526,0.2083,0.0008,0.4705,3.56,0.7679,-1.3933184640048815,-0.796199483694664,-0.7392931671258332,GBPCPCFC_01631-0,GBPCPCFC_01631-0,,,,,,,,,,,,0,Unassigned,,758705,759229,GBPCPCFC_01630,GBPCPCFC_01632,mRNA
GBPCPCFC_01632,gnl|Prokka|GBPCPCFC_22,1222,1348403,0.593,948.8175,764.2049,0.8661,0.0,0.3406,-0.3531,228,-0.9432,-0.9009,0.1268,0,0,0.0404,0.5526,0.0324,0.6342,0.3596,0.3941,-0.2212,-1.3644315867801327,-2.1350899269325754,-0.7497022410172214,GBPCPCFC_01632-0,GBPCPCFC_01632-0,Rickettsia endosymbiont of Culicoides impunctatus,2867440,74.7,1.31e-26,112,unclassified Rickettsia,114295,,,Rickettsia,780,0,Alphaproteobacteria,28211,759495,759722,GBPCPCFC_01631,GBPCPCFC_01633,mRNA
GBPCPCFC_01633,gnl|Prokka|GBPCPCFC_22,1222,1348403,0.593,948.8175,764.2049,0.8661,0.0,0.3406,-0.3531,1017,0.0892,0.176,0.1284,0,0,0.1709,0.0061,0.2081,0.0008,0.3412,-0.133,-0.3859,-1.5267838165910501,0.0717207934082858,-0.80332795084608,GBPCPCFC_01633-0,GBPCPCFC_01633-0,Rickettsia endosymbiont of Culicoides newsteadi,1961830,72.4,1.10e-166,488,Rickettsia,780,,,Rickettsia,780,0,Alphaproteobacteria,28211,759741,760757,GBPCPCFC_01632,GBPCPCFC_01634,mRNA
GBPCPCFC_01634,gnl|Prokka|GBPCPCFC_22,1222,1348403,0.593,948.8175,764.2049,0.8661,0.0,0.3406,-0.3531,456,-0.6449,-0.5897,0.1292,0,0,0.1503,0.0195,0.149,0.0207,0.3487,0.0808,-0.3191,-1.4312638566782463,-0.972582543004178,-0.7499466752346379,GBPCPCFC_01634-0,GBPCPCFC_01634-0,Rickettsia endosymbiont of Oxypoda opaca,2866308,70.3,1.57e-65,215,unclassified Rickettsia,114295,,,Rickettsia,780,0,Alphaproteobacteria,28211,760877,761332,GBPCPCFC_01633,GBPCPCFC_01635,mRNA
GBPCPCFC_01635,gnl|Prokka|GBPCPCFC_22,1222,1348403,0.593,948.8175,764.2049,0.8661,0.0,0.3406,-0.3531,666,-0.3701,-0.303,0.1304,0,0,0.143,0.0243,0.2898,0.0,0.3273,-0.5293,-0.5097,-1.3946116672848248,-0.2364873643402393,-0.7214986735100818,GBPCPCFC_01635-0,GBPCPCFC_01635-0,Rickettsia endosymbiont of Labidopullus appendiculatus,2878921,51.5,2.27e-49,171,cellular organisms,131567,Sciaridae,7184,Sciaridae,7184,1,Eumetazoa,6072,761438,762103,GBPCPCFC_01634,GBPCPCFC_01636,mRNA
GBPCPCFC_01636,gnl|Prokka|GBPCPCFC_22,1222,1348403,0.593,948.8175,764.2049,0.8661,0.0,0.3406,-0.3531,450,-0.6527,-0.5979,0.1312,0,0,0.18,0.0058,0.0966,0.1407,0.3644,0.531,-0.1784,-1.4787692437956041,-1.0378525577812938,-0.7684848248208522,GBPCPCFC_01636-0,GBPCPCFC_01636-0,,,,,,,,,,,,0,Unassigned,,762222,762671,GBPCPCFC_01635,GBPCPCFC_01637,mRNA
GBPCPCFC_01637,gnl|Prokka|GBPCPCFC_22,1222,1348403,0.593,948.8175,764.2049,0.8661,0.0,0.3406,-0.3531,522,-0.5585,-0.4996,0.1327,0,0,0.0625,0.319,0.0835,0.1829,0.3946,1.3935,0.091,-1.411321297506806,-1.4721997878027184,-0.757912659695872,GBPCPCFC_01637-0,GBPCPCFC_01637-0,,,,,,,,,,,,0,Unassigned,,763171,763692,GBPCPCFC_01636,GBPCPCFC_01638,mRNA
GBPCPCFC_01638,gnl|Prokka|GBPCPCFC_22,1222,1348403,0.593,948.8175,764.2049,0.8661,0.0,0.3406,-0.3531,1053,0.1363,0.2252,0.1346,0,0,0.2298,0.0002,0.2802,0.0,0.3419,-0.1135,-0.3798,-1.5397162698068148,0.6113494917727699,-0.7780991823642588,GBPCPCFC_01638-0,GBPCPCFC_01638-0,Rickettsia endosymbiont of Cimex lectularius,2698648,72.8,3.95e-176,503,unclassified Rickettsia,114295,,,Rickettsia,780,0,Alphaproteobacteria,28211,763893,764945,GBPCPCFC_01637,GBPCPCFC_01639,mRNA
GBPCPCFC_01639,gnl|Prokka|GBPCPCFC_22,1222,1348403,0.593,948.8175,764.2049,0.8661,0.0,0.3406,-0.3531,1071,0.1599,0.2497,0.1364,0,0,0.0622,0.3218,0.1169,0.0618,0.3175,-0.8111,-0.5978,-1.5010628408381768,-0.6191237191011483,-0.8049199815915763,GBPCPCFC_01639-0,GBPCPCFC_01639-0,,,,,,,,,,,,0,Unassigned,,765107,766177,GBPCPCFC_01638,GBPCPCFC_01640,mRNA
GBPCPCFC_01640,gnl|Prokka|GBPCPCFC_22,1222,1348403,0.593,948.8175,764.2049,0.8661,0.0,0.3406,-0.3531,2730,2.3308,2.5141,0.1407,0,0,0.3028,0.0,0.4269,0.0,0.3806,0.9922,-0.0344,-1.8474648558975253,3.677843713874953,-0.9308935889359518,GBPCPCFC_01640-0,GBPCPCFC_01640-0,Pseudolycoriella hygida,35572,88.3,0.0,1488,cellular organisms,131567,Sciaridae,7184,Sciaridae,7184,1,Eumetazoa,6072,766342,769071,GBPCPCFC_01639,GBPCPCFC_01641,mRNA
GBPCPCFC_01641,gnl|Prokka|GBPCPCFC_22,1222,1348403,0.593,948.8175,764.2049,0.8661,0.0,0.3406,-0.3531,270,-0.8883,-0.8435,0.1416,0,0,-0.0296,0.6578,0.0343,0.6075,0.3185,-0.7809,-0.5883,-1.3161447764461518,-2.3631323607472465,-0.7076549494509712,GBPCPCFC_01641-0,GBPCPCFC_01641-0,Rickettsia endosymbiont of Cimex lectularius,2698648,79.5,2.43e-42,143,Rickettsia endosymbiont of Cimex lectularius,2698648,,,Rickettsia endosymbiont of Cimex lectularius,2698648,0,Alphaproteobacteria,28211,769371,769640,GBPCPCFC_01640,GBPCPCFC_01642,mRNA
GBPCPCFC_01642,gnl|Prokka|GBPCPCFC_22,1222,1348403,0.593,948.8175,764.2049,0.8661,0.0,0.3406,-0.3531,405,-0.7116,-0.6593,0.1424,0,0,0.248,0.0002,0.2358,0.0003,0.3605,0.4182,-0.2137,-1.447165733071747,-0.33947627341825487,-0.699446869650783,GBPCPCFC_01642-0,GBPCPCFC_01642-0,Rickettsia endosymbiont of Oxypoda opaca,2866308,59.4,8.73e-49,163,Pseudomonadota,1224,,,Pseudomonadota,1224,0,Pseudomonadota,1224,769782,770186,GBPCPCFC_01641,GBPCPCFC_01643,mRNA
GBPCPCFC_01643,gnl|Prokka|GBPCPCFC_22,1222,1348403,0.593,948.8175,764.2049,0.8661,0.0,0.3406,-0.3531,204,-0.9746,-0.9336,0.143,0,0,0.0067,0.9213,-0.0057,0.9331,0.3578,0.3425,-0.2373,-1.350576566840101,-2.4392815476718264,-0.7169443798949208,GBPCPCFC_01643-0,GBPCPCFC_01643-0,Rickettsia endosymbiont of Bryobia graminum,2878922,94.0,3.92e-36,126,Rickettsiaceae,775,,,Rickettsiaceae,775,0,Alphaproteobacteria,28211,770443,770646,GBPCPCFC_01642,GBPCPCFC_01644,mRNA
GBPCPCFC_01644,gnl|Prokka|GBPCPCFC_22,1222,1348403,0.593,948.8175,764.2049,0.8661,0.0,0.3406,-0.3531,372,-0.7548,-0.7043,0.1436,0,0,0.108,0.0897,0.0352,0.5807,0.371,0.7174,-0.1202,-1.4384160669130124,-1.6524225614791124,-0.739538400920413,GBPCPCFC_01644-0,GBPCPCFC_01644-0,Pseudolycoriella hygida,35572,85.1,2.84e-65,204,cellular organisms,131567,Sciaridae,7184,Sciaridae,7184,1,Eumetazoa,6072,770673,771044,GBPCPCFC_01643,GBPCPCFC_01645,mRNA
GBPCPCFC_01645,gnl|Prokka|GBPCPCFC_22,1222,1348403,0.593,948.8175,764.2049,0.8661,0.0,0.3406,-0.3531,765,-0.2405,-0.1679,0.145,0,0,0.0994,0.1125,0.1149,0.0664,0.3451,-0.0216,-0.3511,-1.4680355121693913,-0.884811616129214,-0.7547038329790178,GBPCPCFC_01645-0,GBPCPCFC_01645-0,Rickettsia endosymbiont of Cimex lectularius,2698648,74.7,6.10e-121,354,unclassified Rickettsia,114295,,,Rickettsia,780,0,Alphaproteobacteria,28211,771218,771982,GBPCPCFC_01644,GBPCPCFC_01646,mRNA
GBPCPCFC_01646,gnl|Prokka|GBPCPCFC_22,1222,1348403,0.593,948.8175,764.2049,0.8661,0.0,0.3406,-0.3531,738,-0.2759,-0.2048,0.1461,0,0,0.192,0.0024,0.2523,0.0001,0.3252,-0.5899,-0.5287,-1.4614134298554087,-0.06612413151916455,-0.7161265862268558,GBPCPCFC_01646-0,GBPCPCFC_01646-0,Rickettsia endosymbiont of Cimex lectularius,2698648,73.1,3.26e-95,288,unclassified Rickettsia,114295,,,Rickettsia,780,0,Alphaproteobacteria,28211,771957,772694,GBPCPCFC_01645,GBPCPCFC_01647,mRNA
GBPCPCFC_01647,gnl|Prokka|GBPCPCFC_22,1222,1348403,0.593,948.8175,764.2049,0.8661,0.0,0.3406,-0.3531,321,-0.8215,-0.7739,0.1466,0,0,0.0669,0.286,0.1014,0.1054,0.3364,-0.2687,-0.4283,-1.3630201705107847,-1.664481189154168,-0.6954677541986016,GBPCPCFC_01647-0,GBPCPCFC_01647-0,Rickettsia endosymbiont of Bryobia graminum,2878922,71.6,4.12e-43,147,cellular organisms,131567,Sciaridae,7184,Sciaridae,7184,1,Eumetazoa,6072,772691,773011,GBPCPCFC_01646,GBPCPCFC_01648,mRNA
GBPCPCFC_01648,gnl|Prokka|GBPCPCFC_22,1222,1348403,0.593,948.8175,764.2049,0.8661,0.0,0.3406,-0.3531,1842,1.1688,1.3021,0.1495,0,0,0.2944,0.0,0.3183,0.0,0.3654,0.5573,-0.1702,-1.720513964852061,2.0725923619221867,-0.8385847714962898,GBPCPCFC_01648-0,GBPCPCFC_01648-0,Rickettsia endosymbiont of Culicoides newsteadi,1961830,77.7,0.0,944,Rickettsia,780,,,Rickettsia,780,0,Alphaproteobacteria,28211,773132,774973,GBPCPCFC_01647,GBPCPCFC_01649,mRNA
GBPCPCFC_01649,gnl|Prokka|GBPCPCFC_22,1222,1348403,0.593,948.8175,764.2049,0.8661,0.0,0.3406,-0.3531,822,-0.1659,-0.0901,0.1508,0,0,0.1876,0.0026,0.2864,0.0,0.3577,0.3374,-0.2389,-1.4561472260663129,0.1455638142135217,-0.7026597859968778,GBPCPCFC_01649-0,GBPCPCFC_01649-0,Pseudolycoriella hygida,35572,72.2,1.07e-120,383,cellular organisms,131567,Sciaridae,7184,Sciaridae,7184,1,Eumetazoa,6072,775052,775873,GBPCPCFC_01648,GBPCPCFC_01650,mRNA
GBPCPCFC_01650,gnl|Prokka|GBPCPCFC_22,1222,1348403,0.593,948.8175,764.2049,0.8661,0.0,0.3406,-0.3531,915,-0.0443,0.0368,0.1522,0,0,0.0793,0.2058,0.064,0.3079,0.3169,-0.826,-0.6024,-1.5070554559855693,-0.940901507250563,-0.7711740794892185,GBPCPCFC_01650-0,GBPCPCFC_01650-0,Rickettsia endosymbiont of Bryobia graminum,2878922,61.7,1.07e-116,348,unclassified Rickettsia,114295,,,Rickettsia,780,0,Alphaproteobacteria,28211,775870,776784,GBPCPCFC_01649,GBPCPCFC_01651,mRNA
GBPCPCFC_01651,gnl|Prokka|GBPCPCFC_22,1222,1348403,0.593,948.8175,764.2049,0.8661,0.0,0.3406,-0.3531,2127,1.5417,1.6911,0.1553,0,0,0.1712,0.006,0.2725,0.0,0.3042,-1.1904,-0.7163,-1.7064923766376539,1.788918421400167,-0.8549044245631866,GBPCPCFC_01651-0,GBPCPCFC_01651-0,Rickettsia endosymbiont of Bryobia graminum,2878922,62.3,0.0,911,unclassified Rickettsia,114295,,,Rickettsia,780,0,Alphaproteobacteria,28211,776795,778921,GBPCPCFC_01650,GBPCPCFC_01652,mRNA
GBPCPCFC_01652,gnl|Prokka|GBPCPCFC_22,1222,1348403,0.593,948.8175,764.2049,0.8661,0.0,0.3406,-0.3531,525,-0.5546,-0.4955,0.1563,0,0,0.1958,0.0027,0.1438,0.0282,0.2857,-1.718,-0.8811,-1.4758965183718042,-0.7106911908398426,-0.7057368149235295,GBPCPCFC_01652-0,GBPCPCFC_01652-0,Rickettsia endosymbiont of Cimex lectularius,2698648,63.9,2.48e-64,205,unclassified Rickettsia,114295,,,Rickettsia,780,0,Alphaproteobacteria,28211,779052,779576,GBPCPCFC_01651,GBPCPCFC_01653,mRNA
GBPCPCFC_01653,gnl|Prokka|GBPCPCFC_22,1222,1348403,0.593,948.8175,764.2049,0.8661,0.0,0.3406,-0.3531,2340,1.8204,1.9818,0.16,0,0,0.3343,0.0,0.4011,0.0,0.3329,-0.3699,-0.4599,-1.8036342043591866,3.1930794646580787,-0.853148514992048,GBPCPCFC_01653-0,GBPCPCFC_01653-0,Pseudolycoriella hygida,35572,82.5,0.0,1239,cellular organisms,131567,Sciaridae,7184,Sciaridae,7184,1,Eumetazoa,6072,779731,782070,GBPCPCFC_01652,GBPCPCFC_01654,mRNA
GBPCPCFC_01654,gnl|Prokka|GBPCPCFC_22,1222,1348403,0.593,948.8175,764.2049,0.8661,0.0,0.3406,-0.3531,357,-0.7744,-0.7248,0.1607,0,0,-0.0092,0.8867,0.0264,0.6838,0.3109,-0.9978,-0.6561,-1.34858526936414,-2.1895231557736414,-0.680697533733228,GBPCPCFC_01654-0,GBPCPCFC_01654-0,Rickettsiales bacterium,2026788,40.9,3.31e-21,92.8,Rickettsiales bacterium,2026788,,,Rickettsiales bacterium,2026788,0,Alphaproteobacteria,28211,782189,782545,GBPCPCFC_01653,GBPCPCFC_01655,mRNA
GBPCPCFC_01655,gnl|Prokka|GBPCPCFC_22,1222,1348403,0.593,948.8175,764.2049,0.8661,0.0,0.3406,-0.3531,1191,0.3169,0.4135,0.1629,0,0,0.1953,0.0017,0.2726,0.0,0.3392,-0.1898,-0.4036,-1.538973712265729,0.626828376575714,-0.7264130525643069,GBPCPCFC_01655-0,GBPCPCFC_01655-0,Rickettsia endosymbiont of Bryobia graminum,2878922,73.8,4.60e-213,600,unclassified Rickettsia,114295,,,Rickettsia,780,0,Alphaproteobacteria,28211,782826,784016,GBPCPCFC_01654,GBPCPCFC_01656,mRNA
GBPCPCFC_01656,gnl|Prokka|GBPCPCFC_22,1222,1348403,0.593,948.8175,764.2049,0.8661,0.0,0.3406,-0.3531,246,-0.9197,-0.8763,0.1633,0,0,0.1302,0.0627,0.1584,0.0233,0.3089,-1.0544,-0.6738,-1.3629833990971574,-1.3087114250438987,-0.6385110323470242,GBPCPCFC_01656-0,GBPCPCFC_01656-0,Rickettsia endosymbiont of Bryobia graminum,2878922,79.5,6.39e-32,116,cellular organisms,131567,Sciaridae,7184,Sciaridae,7184,1,Eumetazoa,6072,784033,784278,GBPCPCFC_01655,GBPCPCFC_01657,mRNA
GBPCPCFC_01657,gnl|Prokka|GBPCPCFC_22,1222,1348403,0.593,948.8175,764.2049,0.8661,0.0,0.3406,-0.3531,258,-0.904,-0.8599,0.1645,0,0,-0.007,0.9155,-0.0311,0.6379,0.3721,0.7495,-0.1102,-1.3594683459747376,-2.5114749696134253,-0.6806462836565433,GBPCPCFC_01657-0,GBPCPCFC_01657-0,Rotaria sp. Silwood2,2762512,81.2,2.38e-36,128,Rotaria sp. Silwood2,2762512,,,Rotaria sp. Silwood2,2762512,0,Eumetazoa,6072,784852,785109,GBPCPCFC_01656,GBPCPCFC_01658,mRNA
GBPCPCFC_01658,gnl|Prokka|GBPCPCFC_22,1222,1348403,0.593,948.8175,764.2049,0.8661,0.0,0.3406,-0.3531,1260,0.4072,0.5077,0.1665,0,0,0.3392,0.0,0.3638,0.0,0.4183,2.0682,0.3018,-1.6128536920571566,1.6291699429862225,-0.7194614630000382,GBPCPCFC_01658-0,GBPCPCFC_01658-0,Rotaria sp. Silwood2,2762512,88.3,6.78e-271,748,cellular organisms,131567,Sciaridae,7184,Sciaridae,7184,1,Eumetazoa,6072,785223,786482,GBPCPCFC_01657,GBPCPCFC_01659,mRNA
GBPCPCFC_01659,gnl|Prokka|GBPCPCFC_22,1222,1348403,0.593,948.8175,764.2049,0.8661,0.0,0.3406,-0.3531,2292,1.7576,1.9163,0.171,0,0,-0.0441,0.4827,-0.0458,0.4656,0.3394,-0.1832,-0.4016,-1.7375610309539236,0.0261350777424949,-0.9146215666221601,GBPCPCFC_01659-0,GBPCPCFC_01659-0,,,,,,,,,,,,0,Unassigned,,787202,789493,GBPCPCFC_01658,GBPCPCFC_01660,mRNA
GBPCPCFC_01660,gnl|Prokka|GBPCPCFC_22,1222,1348403,0.593,948.8175,764.2049,0.8661,0.0,0.3406,-0.3531,1233,0.3719,0.4709,0.1732,0,0,0.1547,0.0132,0.2294,0.0002,0.339,-0.1955,-0.4054,-1.53682375192586,0.3665799388835412,-0.7160985053670704,GBPCPCFC_01660-0,GBPCPCFC_01660-0,,,,,,,,,,,,0,Unassigned,,789729,790961,GBPCPCFC_01659,GBPCPCFC_01661,mRNA
GBPCPCFC_01661,gnl|Prokka|GBPCPCFC_22,1222,1348403,0.593,948.8175,764.2049,0.8661,0.0,0.3406,-0.3531,1854,1.1845,1.3185,0.176,0,0,0.4638,0.0,0.5271,0.0,0.3236,-0.635,-0.5427,-1.7371791397042449,3.505720114604968,-0.734259648310409,GBPCPCFC_01661-0,GBPCPCFC_01661-0,Rickettsia endosymbiont of Bryobia graminum,2878922,77.4,0.0,912,cellular organisms,131567,Sciaridae,7184,Sciaridae,7184,1,Eumetazoa,6072,790994,792847,GBPCPCFC_01660,GBPCPCFC_01662,mRNA
GBPCPCFC_01662,gnl|Prokka|GBPCPCFC_22,1222,1348403,0.593,948.8175,764.2049,0.8661,0.0,0.3406,-0.3531,888,-0.0796,-0.0,0.1773,0,0,0.1503,0.0161,0.1933,0.0019,0.3604,0.4144,-0.2149,-1.4833845727480435,-0.24090390350876653,-0.6762915347612558,GBPCPCFC_01662-0,GBPCPCFC_01662-0,Rickettsia endosymbiont of Bryobia graminum,2878922,75.1,5.90e-144,431,unclassified Rickettsia,114295,,,Rickettsia,780,0,Alphaproteobacteria,28211,792874,793761,GBPCPCFC_01661,GBPCPCFC_01663,mRNA
GBPCPCFC_01663,gnl|Prokka|GBPCPCFC_22,1222,1348403,0.593,948.8175,764.2049,0.8661,0.0,0.3406,-0.3531,1116,0.2188,0.3112,0.1792,0,0,0.1348,0.031,0.2312,0.0002,0.3253,-0.5881,-0.5281,-1.4967237104937197,0.1319693598196378,-0.6836689566383372,GBPCPCFC_01663-0,GBPCPCFC_01663-0,Rickettsia endosymbiont of Platyusa sonomae,2878924,58.7,2.73e-126,389,unclassified Rickettsia,114295,,,Rickettsia,780,0,Alphaproteobacteria,28211,793875,794990,GBPCPCFC_01662,GBPCPCFC_01664,mRNA
GBPCPCFC_01664,gnl|Prokka|GBPCPCFC_22,1222,1348403,0.593,948.8175,764.2049,0.8661,0.0,0.3406,-0.3531,306,-0.8412,-0.7944,0.1799,0,0,0.094,0.1583,0.1129,0.0898,0.366,0.5759,-0.1644,-1.3675070791643953,-1.5350095087002433,-0.6174268619962711,GBPCPCFC_01664-0,GBPCPCFC_01664-0,,,,,,,,,,,,0,Unassigned,,795197,795502,GBPCPCFC_01663,GBPCPCFC_01665,mRNA
GBPCPCFC_01665,gnl|Prokka|GBPCPCFC_22,1222,1348403,0.593,948.8175,764.2049,0.8661,0.0,0.3406,-0.3531,567,-0.4996,-0.4382,0.181,0,0,0.1337,0.0325,0.1458,0.0196,0.3333,-0.3577,-0.4561,-1.431448336419551,-0.9057106016449818,-0.6422739620848092,GBPCPCFC_01665-0,GBPCPCFC_01665-0,Rickettsia endosymbiont of Bryobia graminum,2878922,82.4,1.31e-108,319,Alphaproteobacteria,28211,,,Alphaproteobacteria,28211,0,Alphaproteobacteria,28211,795686,796252,GBPCPCFC_01664,GBPCPCFC_01666,mRNA
GBPCPCFC_01666,gnl|Prokka|GBPCPCFC_22,1222,1348403,0.593,948.8175,764.2049,0.8661,0.0,0.3406,-0.3531,1230,0.3679,0.4668,0.1829,0,0,0.2311,0.0002,0.2613,0.0,0.335,-0.3112,-0.4416,-1.57507944818196,0.7878621291163439,-0.6954074879050133,GBPCPCFC_01666-0,GBPCPCFC_01666-0,,,,,,,,,,,,0,Unassigned,,796311,797540,GBPCPCFC_01665,GBPCPCFC_01667,mRNA
GBPCPCFC_01667,gnl|Prokka|GBPCPCFC_22,1222,1348403,0.593,948.8175,764.2049,0.8661,0.0,0.3406,-0.3531,1761,1.0628,1.1915,0.1864,0,0,0.2895,0.0,0.4188,0.0,0.3685,0.6481,-0.1419,-1.6416904395989604,2.286120153927596,-0.7067713931633891,GBPCPCFC_01667-0,GBPCPCFC_01667-0,Rickettsia endosymbiont of Pseudomimeciton antennatum,2878923,74.8,0.0,909,unclassified Rickettsia,114295,,,Rickettsia,780,0,Alphaproteobacteria,28211,798109,799869,GBPCPCFC_01666,GBPCPCFC_01668,mRNA
GBPCPCFC_01668,gnl|Prokka|GBPCPCFC_22,1222,1348403,0.593,948.8175,764.2049,0.8661,0.0,0.3406,-0.3531,429,-0.6802,-0.6265,0.1871,0,0,0.0054,0.9365,0.0597,0.3807,0.2844,-1.7561,-0.893,-1.351069859697549,-1.9192917363215183,-0.61930944122766,GBPCPCFC_01668-0,GBPCPCFC_01668-0,,,,,,,,,,,,0,Unassigned,,799902,800330,GBPCPCFC_01667,GBPCPCFC_01669,mRNA
GBPCPCFC_01669,gnl|Prokka|GBPCPCFC_22,1222,1348403,0.593,948.8175,764.2049,0.8661,0.0,0.3406,-0.3531,381,-0.743,-0.692,0.1878,0,0,-0.0085,0.8993,-0.0246,0.7132,0.4121,1.8916,0.2467,-1.3743092244966029,-2.3309249652136432,-0.6394224178596635,GBPCPCFC_01669-0,GBPCPCFC_01669-0,,,,,,,,,,,,0,Unassigned,,800450,800830,GBPCPCFC_01668,GBPCPCFC_01670,mRNA
GBPCPCFC_01670,gnl|Prokka|GBPCPCFC_22,1222,1348403,0.593,948.8175,764.2049,0.8661,0.0,0.3406,-0.3531,1614,0.8704,0.9909,0.1908,0,0,0.3556,0.0,0.324,0.0,0.3321,-0.3931,-0.4672,-1.7100232739276966,2.0361899196784212,-0.7240061071657726,GBPCPCFC_01670-0,GBPCPCFC_01670-0,Rickettsia endosymbiont of Oedothorax gibbosus,931099,27.6,5.50e-09,72.0,Rickettsia endosymbiont of Oedothorax gibbosus,931099,,,Rickettsia endosymbiont of Oedothorax gibbosus,931099,0,Alphaproteobacteria,28211,801200,802813,GBPCPCFC_01669,GBPCPCFC_01671,mRNA
GBPCPCFC_01671,gnl|Prokka|GBPCPCFC_22,1222,1348403,0.593,948.8175,764.2049,0.8661,0.0,0.3406,-0.3531,327,-0.8137,-0.7657,0.1914,0,0,0.1124,0.0912,0.0791,0.2351,0.3823,1.0401,-0.0194,-1.4003352067002075,-1.5473067182250573,-0.6087495270006117,GBPCPCFC_01671-0,GBPCPCFC_01671-0,,,,,,,,,,,,0,Unassigned,,802909,803235,GBPCPCFC_01670,GBPCPCFC_01672,mRNA
GBPCPCFC_01672,gnl|Prokka|GBPCPCFC_22,1222,1348403,0.593,948.8175,764.2049,0.8661,0.0,0.3406,-0.3531,348,-0.7862,-0.7371,0.1919,0,0,0.1714,0.0068,0.12,0.0592,0.342,-0.1114,-0.3792,-1.4276182757632634,-1.1338314446331155,-0.6060381986754999,GBPCPCFC_01672-0,GBPCPCFC_01672-0,spotted fever group,114277,69.1,2.37e-43,151,spotted fever group,114277,,,spotted fever group,114277,0,Alphaproteobacteria,28211,803251,803598,GBPCPCFC_01671,GBPCPCFC_01673,mRNA
GBPCPCFC_01673,gnl|Prokka|GBPCPCFC_22,1222,1348403,0.593,948.8175,764.2049,0.8661,0.0,0.3406,-0.3531,2511,2.0442,2.2152,0.1956,0,0,0.3395,0.0,0.4567,0.0,0.3998,1.5422,0.1375,-1.8051729747131107,3.633856087868513,-0.7730991142242117,GBPCPCFC_01673-0,GBPCPCFC_01673-0,spotted fever group,114277,92.5,0.0,1536,Rickettsia,780,,,Rickettsia,780,0,Alphaproteobacteria,28211,803595,806105,GBPCPCFC_01672,GBPCPCFC_01674,mRNA
GBPCPCFC_01674,gnl|Prokka|GBPCPCFC_22,1222,1348403,0.593,948.8175,764.2049,0.8661,0.0,0.3406,-0.3531,249,-0.9157,-0.8722,0.196,0,0,0.0281,0.6984,0.0628,0.3869,0.3173,-0.8166,-0.5995,-1.3292705398745863,-2.057581667718692,-0.5795462617102923,GBPCPCFC_01674-0,GBPCPCFC_01674-0,spotted fever group,114277,76.7,2.04e-33,120,Rickettsia,780,,,Rickettsia,780,0,Alphaproteobacteria,28211,806102,806350,GBPCPCFC_01673,GBPCPCFC_01675,mRNA
GBPCPCFC_01675,gnl|Prokka|GBPCPCFC_22,1222,1348403,0.593,948.8175,764.2049,0.8661,0.0,0.3406,-0.3531,1488,0.7055,0.8189,0.1982,0,0,0.2981,0.0,0.356,0.0,0.3797,0.967,-0.0422,-1.6242152152341063,1.737386201445937,-0.6698578082874774,GBPCPCFC_01675-0,GBPCPCFC_01675-0,Rickettsia endosymbiont of Pseudomimeciton antennatum,2878923,67.1,1.81e-203,584,Rickettsia,780,,,Rickettsia,780,0,Alphaproteobacteria,28211,806350,807837,GBPCPCFC_01674,GBPCPCFC_01676,mRNA
GBPCPCFC_01676,gnl|Prokka|GBPCPCFC_22,1222,1348403,0.593,948.8175,764.2049,0.8661,0.0,0.3406,-0.3531,375,-0.7509,-0.7002,0.1988,0,0,0.1382,0.0374,0.2249,0.0006,0.3573,0.3279,-0.2419,-1.3528223203457501,-0.8752259930656798,-0.5501740960055234,GBPCPCFC_01676-0,GBPCPCFC_01676-0,spotted fever group,114277,73.0,6.34e-40,139,Rickettsia,780,,,Rickettsia,780,0,Alphaproteobacteria,28211,807840,808214,GBPCPCFC_01675,GBPCPCFC_01677,mRNA
GBPCPCFC_01677,gnl|Prokka|GBPCPCFC_22,1222,1348403,0.593,948.8175,764.2049,0.8661,0.0,0.3406,-0.3531,435,-0.6724,-0.6183,0.1994,0,0,0.0307,0.6401,0.0879,0.1795,0.3425,-0.095,-0.374,-1.354191795739649,-1.710051636074717,-0.5860954302289603,GBPCPCFC_01677-0,GBPCPCFC_01677-0,Rickettsia rhipicephali,33992,73.8,3.39e-63,201,Rickettsia,780,,,Rickettsia,780,0,Alphaproteobacteria,28211,808216,808650,GBPCPCFC_01676,GBPCPCFC_01678,mRNA
GBPCPCFC_01678,gnl|Prokka|GBPCPCFC_22,1222,1348403,0.593,948.8175,764.2049,0.8661,0.0,0.3406,-0.3531,495,-0.5938,-0.5364,0.2001,0,0,0.3155,0.0,0.348,0.0,0.3657,0.5657,-0.1676,-1.4458364271127555,0.4434209007043665,-0.5492453912544812,GBPCPCFC_01678-0,GBPCPCFC_01678-0,Rickettsia endosymbiont of Platyusa sonomae,2878924,84.6,4.55e-92,276,Rickettsia,780,,,Rickettsia,780,0,Alphaproteobacteria,28211,808647,809141,GBPCPCFC_01677,GBPCPCFC_01679,mRNA
GBPCPCFC_01679,gnl|Prokka|GBPCPCFC_22,1222,1348403,0.593,948.8175,764.2049,0.8661,0.0,0.3406,-0.3531,1293,0.4504,0.5527,0.2022,0,0,0.1825,0.0034,0.2033,0.0011,0.3534,0.2167,-0.2766,-1.5767574350648508,0.4713012048443855,-0.6707540971602287,GBPCPCFC_01679-0,GBPCPCFC_01679-0,Legionella,445,56.7,6.50e-173,501,cellular organisms,131567,cellular organisms,131567,cellular organisms,131567,1,cellular organisms,131567,809223,810515,GBPCPCFC_01678,GBPCPCFC_01680,mRNA
GBPCPCFC_01680,gnl|Prokka|GBPCPCFC_22,1222,1348403,0.593,948.8175,764.2049,0.8661,0.0,0.3406,-0.3531,312,-0.8333,-0.7862,0.2028,0,0,-0.008,0.8998,0.0443,0.4876,0.3782,0.9241,-0.0556,-1.3226726636953365,-2.1860478727634867,-0.5718513819692636,GBPCPCFC_01680-0,GBPCPCFC_01680-0,spotted fever group,114277,84.0,1.02e-54,176,Rickettsia,780,,,Rickettsia,780,0,Alphaproteobacteria,28211,810625,810936,GBPCPCFC_01679,GBPCPCFC_01681,mRNA
GBPCPCFC_01681,gnl|Prokka|GBPCPCFC_22,1222,1348403,0.593,948.8175,764.2049,0.8661,0.0,0.3406,-0.3531,735,-0.2798,-0.2089,0.2041,0,0,0.1471,0.0244,0.209,0.0013,0.3565,0.303,-0.2497,-1.4372480576729274,-0.40831950663805117,-0.5894188390637684,GBPCPCFC_01681-0,GBPCPCFC_01681-0,Rickettsia endosymbiont of Culicoides impunctatus,2867440,58.2,5.64e-81,253,unclassified Rickettsia,114295,,,Rickettsia,780,0,Alphaproteobacteria,28211,811102,811836,GBPCPCFC_01680,GBPCPCFC_01682,mRNA
GBPCPCFC_01682,gnl|Prokka|GBPCPCFC_22,1222,1348403,0.593,948.8175,764.2049,0.8661,0.0,0.3406,-0.3531,267,-0.8922,-0.8476,0.2052,0,0,0.0703,0.2917,0.0854,0.1998,0.3596,0.3912,-0.2221,-1.350890400317591,-1.7817277944542906,-0.5598616106259486,GBPCPCFC_01682-0,GBPCPCFC_01682-0,Rickettsiaceae bacterium,2023360,60.2,9.06e-26,101,Rickettsiaceae,775,,,Rickettsiaceae,775,0,Alphaproteobacteria,28211,812271,812537,GBPCPCFC_01681,GBPCPCFC_01683,mRNA
GBPCPCFC_01683,gnl|Prokka|GBPCPCFC_22,1222,1348403,0.593,948.8175,764.2049,0.8661,0.0,0.3406,-0.3531,195,-0.9864,-0.9459,0.2059,0,0,0.0334,0.634,0.035,0.6182,0.359,0.3748,-0.2272,-1.3347994124892666,-2.20462115068325,-0.5608776511313405,GBPCPCFC_01683-0,GBPCPCFC_01683-0,Rickettsia endosymbiont of Cimex lectularius,2698648,67.2,7.07e-19,82.8,Rickettsia endosymbiont of Cimex lectularius,2698648,,,Rickettsia endosymbiont of Cimex lectularius,2698648,0,Alphaproteobacteria,28211,812824,813018,GBPCPCFC_01682,GBPCPCFC_01684,mRNA
GBPCPCFC_01684,gnl|Prokka|GBPCPCFC_22,1222,1348403,0.593,948.8175,764.2049,0.8661,0.0,0.3406,-0.3531,438,-0.6684,-0.6142,0.207,0,0,0.0803,0.2193,0.0948,0.1466,0.3082,-1.0751,-0.6802,-1.3867848194263792,-1.4776708724704286,-0.5751467431149506,GBPCPCFC_01684-0,GBPCPCFC_01684-0,Rickettsiaceae bacterium,2023360,48.3,7.73e-33,124,Rickettsiaceae bacterium,2023360,,,Rickettsiaceae bacterium,2023360,0,Alphaproteobacteria,28211,813326,813763,GBPCPCFC_01683,GBPCPCFC_01685,mRNA
GBPCPCFC_01685,gnl|Prokka|GBPCPCFC_22,1222,1348403,0.593,948.8175,764.2049,0.8661,0.0,0.3406,-0.3531,366,-0.7626,-0.7125,0.2076,0,0,0.102,0.1273,0.1381,0.0384,0.3388,-0.2016,-0.4073,-1.366571384478052,-1.3361639098575266,-0.5532908071352133,GBPCPCFC_01685-0,GBPCPCFC_01685-0,Rickettsia endosymbiont of Culicoides impunctatus,2867440,94.2,1.66e-71,223,unclassified Rickettsia,114295,,,Rickettsia,780,0,Alphaproteobacteria,28211,813779,814144,GBPCPCFC_01684,GBPCPCFC_01686,mRNA
GBPCPCFC_01686,gnl|Prokka|GBPCPCFC_22,1222,1348403,0.593,948.8175,764.2049,0.8661,0.0,0.3406,-0.3531,75,-1.1434,-1.1097,0.2094,0,0,-0.1768,0.0646,-0.1597,0.0956,0.56,6.1174,1.567,-1.2528475904040777,-3.9056109936345185,-0.570475756950466,GBPCPCFC_01686-0,GBPCPCFC_01686-0,,,,,,,,,,,,0,Unassigned,,815294,815368,GBPCPCFC_01685,GBPCPCFC_01687,mRNA
GBPCPCFC_01687,gnl|Prokka|GBPCPCFC_22,1222,1348403,0.593,948.8175,764.2049,0.8661,0.0,0.3406,-0.3531,204,-0.9746,-0.9336,0.2102,0,0,0.1859,0.0106,0.2397,0.0009,0.3137,-0.9178,-0.6311,-1.3449477897867814,-0.8584625288644148,-0.5058839610160092,GBPCPCFC_01687-0,GBPCPCFC_01687-0,Rickettsia endosymbiont of Cimex lectularius,2698648,77.6,1.01e-29,110,Rickettsiaceae,775,,,Rickettsiaceae,775,0,Alphaproteobacteria,28211,815685,815888,GBPCPCFC_01686,GBPCPCFC_01688,mRNA
GBPCPCFC_01688,gnl|Prokka|GBPCPCFC_22,1222,1348403,0.593,948.8175,764.2049,0.8661,0.0,0.3406,-0.3531,165,-1.0257,-0.9869,0.2111,0,0,0.0275,0.7601,0.0502,0.5769,0.297,-1.3965,-0.7806,-1.3156249211844913,-2.2173423860600825,-0.5387656469328899,GBPCPCFC_01688-0,GBPCPCFC_01688-0,Rickettsiales bacterium,2026788,83.8,1.75e-14,75.1,Pseudomonadota,1224,,,Pseudomonadota,1224,0,Pseudomonadota,1224,816374,816538,GBPCPCFC_01687,GBPCPCFC_01689,mRNA
GBPCPCFC_01689,gnl|Prokka|GBPCPCFC_22,1222,1348403,0.593,948.8175,764.2049,0.8661,0.0,0.3406,-0.3531,600,-0.4564,-0.3931,0.212,0,0,0.0193,0.7582,0.0479,0.4455,0.3083,-1.0719,-0.6792,-1.3959268684703743,-1.6731890749085097,-0.5895339310414519,GBPCPCFC_01689-0,GBPCPCFC_01689-0,Rickettsia endosymbiont of Ecitomorpha arachnoides,2866303,60.9,1.31e-82,253,Rickettsiaceae,775,,,Rickettsiaceae,775,0,Alphaproteobacteria,28211,816535,817134,GBPCPCFC_01688,GBPCPCFC_01690,mRNA
GBPCPCFC_01690,gnl|Prokka|GBPCPCFC_22,1222,1348403,0.593,948.8175,764.2049,0.8661,0.0,0.3406,-0.3531,88,-1.1264,-1.092,0.2123,0,0,-0.0368,0.6625,-0.0113,0.893,0.625,7.9742,2.1471,-1.2835792179226675,-2.7990130994639473,-0.5370881179226766,GBPCPCFC_01690-0,GBPCPCFC_01690-0,Aeromonas veronii,654,65.5,2.30e-05,47.0,Bacteria,2,,,Bacteria,2,0,Bacteria,2,817225,817312,GBPCPCFC_01689,GBPCPCFC_01691,mRNA
GBPCPCFC_01691,gnl|Prokka|GBPCPCFC_22,1222,1348403,0.593,948.8175,764.2049,0.8661,0.0,0.3406,-0.3531,657,-0.3819,-0.3153,0.2138,0,0,0.0934,0.136,0.1724,0.0057,0.3303,-0.4447,-0.4833,-1.3984532944211805,-0.8617920194663931,-0.5610806155805793,GBPCPCFC_01691-0,GBPCPCFC_01691-0,Rickettsia endosymbiont of Cimex lectularius,2698648,77.7,4.10e-115,337,cellular organisms,131567,Sciaridae,7184,Sciaridae,7184,1,Eumetazoa,6072,817707,818363,GBPCPCFC_01690,GBPCPCFC_01692,mRNA
GBPCPCFC_01692,gnl|Prokka|GBPCPCFC_22,1222,1348403,0.593,948.8175,764.2049,0.8661,0.0,0.3406,-0.3531,339,-0.798,-0.7494,0.2144,0,0,0.1398,0.0379,0.1127,0.0947,0.295,-1.4532,-0.7984,-1.4011818167722703,-1.3036362338747216,-0.5499843125562015,GBPCPCFC_01692-0,GBPCPCFC_01692-0,Rickettsia endosymbiont of Cimex lectularius,2698648,80.4,1.55e-53,173,unclassified Rickettsia,114295,,,Rickettsia,780,0,Alphaproteobacteria,28211,818415,818753,GBPCPCFC_01691,GBPCPCFC_01693,mRNA
GBPCPCFC_01693,gnl|Prokka|GBPCPCFC_22,1222,1348403,0.593,948.8175,764.2049,0.8661,0.0,0.3406,-0.3531,381,-0.743,-0.692,0.2167,0,0,0.2604,0.0001,0.2233,0.0006,0.3255,-0.5826,-0.5264,-1.442614461703996,-0.3676639588284731,-0.5316688096922235,GBPCPCFC_01693-0,GBPCPCFC_01693-0,Rickettsia endosymbiont of Cimex lectularius,2698648,91.9,1.94e-74,227,unclassified Rickettsia,114295,,,Rickettsia,780,0,Alphaproteobacteria,28211,819910,820290,GBPCPCFC_01692,GBPCPCFC_01694,mRNA
GBPCPCFC_01694,gnl|Prokka|GBPCPCFC_22,1222,1348403,0.593,948.8175,764.2049,0.8661,0.0,0.3406,-0.3531,285,-0.8686,-0.8231,0.2179,0,0,0.0621,0.3492,0.0865,0.192,0.3053,-1.1596,-0.7066,-1.345082974858858,-1.788155766717548,-0.5309638873311949,GBPCPCFC_01694-0,GBPCPCFC_01694-0,unclassified Rickettsia,114295,59.6,1.12e-29,112,cellular organisms,131567,Sciaridae,7184,Sciaridae,7184,1,Eumetazoa,6072,820831,821115,GBPCPCFC_01693,GBPCPCFC_01695,mRNA
GBPCPCFC_01695,gnl|Prokka|GBPCPCFC_22,1222,1348403,0.593,948.8175,764.2049,0.8661,0.0,0.3406,-0.3531,447,-0.6567,-0.602,0.2186,0,0,0.2018,0.0016,0.1521,0.0182,0.2931,-1.508,-0.8155,-1.4478071884217634,-0.7657760605532012,-0.5505068663831909,GBPCPCFC_01695-0,GBPCPCFC_01695-0,unclassified Rickettsia,114295,38.1,1.14e-16,82.8,Rickettsia,780,,,Rickettsia,780,0,Alphaproteobacteria,28211,821130,821576,GBPCPCFC_01694,GBPCPCFC_01696,mRNA
GBPCPCFC_01696,gnl|Prokka|GBPCPCFC_22,1222,1348403,0.593,948.8175,764.2049,0.8661,0.0,0.3406,-0.3531,717,-0.3033,-0.2334,0.2198,0,0,0.1482,0.0195,0.1717,0.0067,0.2762,-1.9912,-0.9665,-1.4504012207433208,-0.5566867874838389,-0.5645130823596778,GBPCPCFC_01696-0,GBPCPCFC_01696-0,Rickettsia endosymbiont of Labidopullus appendiculatus,2878921,70.2,3.67e-120,352,unclassified Rickettsia,114295,,,Rickettsia,780,0,Alphaproteobacteria,28211,821642,822358,GBPCPCFC_01695,GBPCPCFC_01697,mRNA
GBPCPCFC_01697,gnl|Prokka|GBPCPCFC_22,1222,1348403,0.593,948.8175,764.2049,0.8661,0.0,0.3406,-0.3531,831,-0.1542,-0.0778,0.2212,0,0,0.0818,0.1921,0.1202,0.0547,0.3682,0.6392,-0.1446,-1.4491807372472199,-0.8548121017038496,-0.5820000586931685,GBPCPCFC_01697-0,GBPCPCFC_01697-0,Wolbachia pipientis,955,52.9,1.08e-66,218,Wolbachia pipientis,955,,,Wolbachia pipientis,955,0,Alphaproteobacteria,28211,822518,823348,GBPCPCFC_01696,GBPCPCFC_01698,mRNA
GBPCPCFC_01698,gnl|Prokka|GBPCPCFC_22,1222,1348403,0.593,948.8175,764.2049,0.8661,0.0,0.3406,-0.3531,333,-0.8058,-0.7576,0.2219,0,0,-0.0462,0.5119,-0.0029,0.9672,0.3213,-0.7008,-0.5633,-1.3183760013859134,-2.4792770314811086,-0.5404405406521569,GBPCPCFC_01698-0,GBPCPCFC_01698-0,Rickettsia endosymbiont of Pseudomimeciton antennatum,2878923,90.3,7.95e-66,204,cellular organisms,131567,Sciaridae,7184,Sciaridae,7184,1,Eumetazoa,6072,823471,823803,GBPCPCFC_01697,GBPCPCFC_01699,mRNA
GBPCPCFC_01699,gnl|Prokka|GBPCPCFC_22,1222,1348403,0.593,948.8175,764.2049,0.8661,0.0,0.3406,-0.3531,702,-0.323,-0.2539,0.2229,0,0,0.1494,0.0186,0.1524,0.0163,0.3604,0.4155,-0.2145,-1.4575922980198328,-0.6384770323580232,-0.5625938760143716,GBPCPCFC_01699-0,GBPCPCFC_01699-0,Rickettsia endosymbiont of Cimex lectularius,2698648,78.9,1.00e-133,386,unclassified Rickettsia,114295,,,Rickettsia,780,0,Alphaproteobacteria,28211,823800,824501,GBPCPCFC_01698,GBPCPCFC_01700,mRNA
GBPCPCFC_01700,gnl|Prokka|GBPCPCFC_22,1222,1348403,0.593,948.8175,764.2049,0.8661,0.0,0.3406,-0.3531,831,-0.1542,-0.0778,0.2241,0,0,0.2896,0.0,0.3639,0.0,0.2792,-1.9046,-0.9394,-1.4792983296912348,0.8424087090345598,-0.5249816688357709,GBPCPCFC_01700-0,GBPCPCFC_01700-0,Rickettsia endosymbiont of Culicoides impunctatus,2867440,64.4,3.18e-120,355,unclassified Rickettsia,114295,,,Rickettsia,780,0,Alphaproteobacteria,28211,824486,825316,GBPCPCFC_01699,GBPCPCFC_01701,mRNA
GBPCPCFC_01701,gnl|Prokka|GBPCPCFC_22,1222,1348403,0.593,948.8175,764.2049,0.8661,0.0,0.3406,-0.3531,1242,0.3836,0.4831,0.226,0,0,0.1906,0.0026,0.2818,0.0,0.339,-0.1967,-0.4058,-1.5275670370740226,0.7040858863633456,-0.5829621047998639,GBPCPCFC_01701-0,GBPCPCFC_01701-0,Rickettsia endosymbiont of Cimex lectularius,2698648,65.8,3.12e-170,493,unclassified Rickettsia,114295,,,Rickettsia,780,0,Alphaproteobacteria,28211,825313,826554,GBPCPCFC_01700,GBPCPCFC_01702,mRNA
GBPCPCFC_01702,gnl|Prokka|GBPCPCFC_22,1222,1348403,0.593,948.8175,764.2049,0.8661,0.0,0.3406,-0.3531,825,-0.162,-0.086,0.2275,0,0,0.1924,0.002,0.2467,0.0001,0.3988,1.5121,0.1281,-1.4646615697185839,0.02888927077829982,-0.5410443638746012,GBPCPCFC_01702-0,GBPCPCFC_01702-0,Rickettsia endosymbiont of Bryobia graminum,2878922,81.3,1.40e-158,452,Rickettsia,780,,,Rickettsia,780,0,Alphaproteobacteria,28211,826786,827610,GBPCPCFC_01701,GBPCPCFC_01703,mRNA
GBPCPCFC_01703,gnl|Prokka|GBPCPCFC_22,1222,1348403,0.593,948.8175,764.2049,0.8661,0.0,0.3406,-0.3531,150,-1.0453,-1.0073,0.2282,0,0,0.0845,0.2412,0.0602,0.4044,0.34,-0.1672,-0.3966,-1.3466709967989485,-1.968198874609066,-0.5039164832179912,GBPCPCFC_01703-0,GBPCPCFC_01703-0,,,,,,,,,,,,0,Unassigned,,827931,828080,GBPCPCFC_01702,GBPCPCFC_01704,mRNA
GBPCPCFC_01704,gnl|Prokka|GBPCPCFC_22,1222,1348403,0.593,948.8175,764.2049,0.8661,0.0,0.3406,-0.3531,384,-0.7391,-0.6879,0.2288,0,0,-0.0362,0.5642,-0.0366,0.5595,0.3203,-0.7297,-0.5723,-1.3517344998057208,-2.485091367013036,-0.5445874891188521,GBPCPCFC_01704-0,GBPCPCFC_01704-0,N/A,,85.8,2.50e-73,225,Rickettsia amblyommatis,33989,,,Rickettsia amblyommatis,33989,0,Alphaproteobacteria,28211,828050,828433,GBPCPCFC_01703,GBPCPCFC_01705,mRNA
GBPCPCFC_01705,gnl|Prokka|GBPCPCFC_22,1222,1348403,0.593,948.8175,764.2049,0.8661,0.0,0.3406,-0.3531,978,0.0382,0.1228,0.2303,0,0,0.1473,0.0183,0.2075,0.0008,0.3446,-0.0364,-0.3557,-1.4804705589804952,-0.08618862135804635,-0.5594767657757719,GBPCPCFC_01705-0,GBPCPCFC_01705-0,Wolbachia endosymbiont of Melophagus ovinus,1986203,66.2,8.51e-139,412,unclassified Wolbachia,2640676,,,Wolbachia,953,0,Alphaproteobacteria,28211,828520,829497,GBPCPCFC_01704,GBPCPCFC_01706,mRNA
GBPCPCFC_01706,gnl|Prokka|GBPCPCFC_22,1222,1348403,0.593,948.8175,764.2049,0.8661,0.0,0.3406,-0.3531,381,-0.743,-0.692,0.2311,0,0,0.0216,0.7353,-0.0009,0.9891,0.4042,1.6667,0.1764,-1.375653225258162,-2.127395367902885,-0.5363410324746646,GBPCPCFC_01706-0,GBPCPCFC_01706-0,Rickettsia endosymbiont of Oedothorax gibbosus,931099,33.9,2.31e-12,70.1,unclassified Rickettsia,114295,,,Rickettsia,780,0,Alphaproteobacteria,28211,829606,829986,GBPCPCFC_01705,GBPCPCFC_01707,mRNA
GBPCPCFC_01707,gnl|Prokka|GBPCPCFC_22,1222,1348403,0.593,948.8175,764.2049,0.8661,0.0,0.3406,-0.3531,834,-0.1502,-0.0737,0.2326,0,0,0.2284,0.0002,0.2702,0.0,0.3717,0.7384,-0.1136,-1.4802745169672633,0.2703931090826141,-0.5283212691730588,GBPCPCFC_01707-0,GBPCPCFC_01707-0,Rickettsia endosymbiont of Cimex lectularius,2698648,79.1,1.55e-168,478,Rickettsia,780,,,Rickettsia,780,0,Alphaproteobacteria,28211,830181,831014,GBPCPCFC_01706,GBPCPCFC_01708,mRNA
GBPCPCFC_01708,gnl|Prokka|GBPCPCFC_22,1222,1348403,0.593,948.8175,764.2049,0.8661,0.0,0.3406,-0.3531,1266,0.415,0.5159,0.2345,0,0,0.2119,0.0006,0.3268,0.0,0.357,0.3192,-0.2446,-1.5233867606056675,0.9786215993216987,-0.553993136205691,GBPCPCFC_01708-0,GBPCPCFC_01708-0,Rickettsia endosymbiont of Bryobia graminum,2878922,84.0,3.92e-248,691,Rickettsiaceae,775,,,Rickettsiaceae,775,0,Alphaproteobacteria,28211,831045,832310,GBPCPCFC_01707,GBPCPCFC_01709,mRNA
GBPCPCFC_01709,gnl|Prokka|GBPCPCFC_22,1222,1348403,0.593,948.8175,764.2049,0.8661,0.0,0.3406,-0.3531,540,-0.535,-0.475,0.2356,0,0,0.0992,0.1132,0.0884,0.1582,0.3852,1.1235,0.0067,-1.4183022802215153,-1.28534460198367,-0.5273272215604848,GBPCPCFC_01709-0,GBPCPCFC_01709-0,Rickettsia endosymbiont of Cimex lectularius,2698648,79.3,4.00e-97,289,Pseudomonadota,1224,,,Pseudomonadota,1224,0,Pseudomonadota,1224,832502,833041,GBPCPCFC_01708,GBPCPCFC_01710,mRNA
GBPCPCFC_01710,gnl|Prokka|GBPCPCFC_22,1222,1348403,0.593,948.8175,764.2049,0.8661,0.0,0.3406,-0.3531,900,-0.0639,0.0163,0.237,0,0,0.0047,0.94,0.0582,0.3541,0.3044,-1.1829,-0.7139,-1.433446449873822,-1.2951562750203558,-0.5625281476502818,GBPCPCFC_01710-0,GBPCPCFC_01710-0,Rickettsia endosymbiont of Cimex lectularius,2698648,79.5,2.11e-152,439,Rickettsia,780,,,Rickettsia,780,0,Alphaproteobacteria,28211,833097,833996,GBPCPCFC_01709,GBPCPCFC_01711,mRNA
GBPCPCFC_01711,gnl|Prokka|GBPCPCFC_22,1222,1348403,0.593,948.8175,764.2049,0.8661,0.0,0.3406,-0.3531,237,-0.9314,-0.8886,0.2374,0,0,-0.0202,0.7741,-0.0249,0.7225,0.3333,-0.3577,-0.4561,-1.3270396634802737,-2.5772846705383428,-0.5053036415607178,GBPCPCFC_01711-0,GBPCPCFC_01711-0,Rickettsia endosymbiont of Bryobia graminum,2878922,83.3,8.11e-34,121,cellular organisms,131567,Protostomia,33317,Protostomia,33317,1,Eumetazoa,6072,834038,834274,GBPCPCFC_01710,GBPCPCFC_01712,mRNA
GBPCPCFC_01712,gnl|Prokka|GBPCPCFC_22,1222,1348403,0.593,948.8175,764.2049,0.8661,0.0,0.3406,-0.3531,921,-0.0364,0.045,0.2391,0,0,0.3136,0.0,0.4011,0.0,0.3789,0.945,-0.0491,-1.4927248520153427,1.1896175421431145,-0.4923422089430335,GBPCPCFC_01712-0,GBPCPCFC_01712-0,,,,,,,,,,,,0,Unassigned,,834506,835426,GBPCPCFC_01711,GBPCPCFC_01713,mRNA
GBPCPCFC_01713,gnl|Prokka|GBPCPCFC_22,1222,1348403,0.593,948.8175,764.2049,0.8661,0.0,0.3406,-0.3531,1854,1.1845,1.3185,0.242,0,0,0.1237,0.0481,0.2349,0.0001,0.2821,-1.8215,-0.9134,-1.618399401972342,1.0898925075578534,-0.6262550052703829,GBPCPCFC_01713-0,GBPCPCFC_01713-0,Rickettsia endosymbiont of Cimex lectularius,2698648,67.8,3.28e-290,813,unclassified Rickettsia,114295,,,Rickettsia,780,0,Alphaproteobacteria,28211,835503,837356,GBPCPCFC_01712,GBPCPCFC_01714,mRNA
GBPCPCFC_01714,gnl|Prokka|GBPCPCFC_22,1222,1348403,0.593,948.8175,764.2049,0.8661,0.0,0.3406,-0.3531,879,-0.0914,-0.0123,0.2433,0,0,0.224,0.0004,0.1872,0.003,0.2696,-2.1776,-1.0247,-1.5261721042650882,0.02766332725823641,-0.5380502446951108,GBPCPCFC_01714-0,GBPCPCFC_01714-0,Rickettsia endosymbiont of Cimex lectularius,2698648,57.2,1.57e-108,327,unclassified Rickettsia,114295,,,Rickettsia,780,0,Alphaproteobacteria,28211,837341,838219,GBPCPCFC_01713,GBPCPCFC_01715,mRNA
GBPCPCFC_01715,gnl|Prokka|GBPCPCFC_22,1222,1348403,0.593,948.8175,764.2049,0.8661,0.0,0.3406,-0.3531,1257,0.4033,0.5036,0.2456,0,0,0.2874,0.0,0.4406,0.0,0.3341,-0.335,-0.449,-1.5175196501350385,1.6693859367170287,-0.4999932808467914,GBPCPCFC_01715-0,GBPCPCFC_01715-0,Rickettsia endosymbiont of Platyusa sonomae,2878924,79.8,5.43e-227,637,unclassified Rickettsia,114295,,,Rickettsia,780,0,Alphaproteobacteria,28211,838511,839767,GBPCPCFC_01714,GBPCPCFC_01716,mRNA
GBPCPCFC_01716,gnl|Prokka|GBPCPCFC_22,1222,1348403,0.593,948.8175,764.2049,0.8661,0.0,0.3406,-0.3531,1158,0.2737,0.3685,0.2476,0,0,0.2147,0.0005,0.2729,0.0,0.3238,-0.629,-0.5409,-1.5291710020735052,0.6589790394640437,-0.5302131898099969,GBPCPCFC_01716-0,GBPCPCFC_01716-0,Rickettsia endosymbiont of Bryobia graminum,2878922,79.5,5.29e-214,602,cellular organisms,131567,Sciaridae,7184,Sciaridae,7184,1,Eumetazoa,6072,839944,841101,GBPCPCFC_01715,GBPCPCFC_01717,mRNA
GBPCPCFC_01717,gnl|Prokka|GBPCPCFC_22,1222,1348403,0.593,948.8175,764.2049,0.8661,0.0,0.3406,-0.3531,825,-0.162,-0.086,0.249,0,0,0.1736,0.0054,0.2776,0.0,0.3539,0.231,-0.2722,-1.4302344902706723,0.05580793457205156,-0.47708794914041247,GBPCPCFC_01717-0,GBPCPCFC_01717-0,Rickettsia endosymbiont of Bryobia graminum,2878922,76.8,2.34e-141,409,cellular organisms,131567,Sciaridae,7184,Sciaridae,7184,1,Eumetazoa,6072,841284,842108,GBPCPCFC_01716,GBPCPCFC_01718,mRNA
GBPCPCFC_01718,gnl|Prokka|GBPCPCFC_22,1222,1348403,0.593,948.8175,764.2049,0.8661,0.0,0.3406,-0.3531,699,-0.3269,-0.258,0.2502,0,0,0.2696,0.0,0.3699,0.0,0.2976,-1.3794,-0.7753,-1.4298096744274709,0.600292188695274,-0.4427860030997904,GBPCPCFC_01718-0,GBPCPCFC_01718-0,Rickettsia endosymbiont of Bryobia graminum,2878922,48.5,1.62e-61,202,unclassified Rickettsia,114295,,,Rickettsia,780,0,Alphaproteobacteria,28211,842200,842898,GBPCPCFC_01717,GBPCPCFC_01719,mRNA
GBPCPCFC_01719,gnl|Prokka|GBPCPCFC_22,1222,1348403,0.593,948.8175,764.2049,0.8661,0.0,0.3406,-0.3531,504,-0.5821,-0.5242,0.251,0,0,0.1525,0.0201,0.1776,0.0067,0.3333,-0.3577,-0.4561,-1.402203841148184,-0.8077427474766954,-0.46493137022911296,GBPCPCFC_01719-0,GBPCPCFC_01719-0,Rickettsia endosymbiont of Bryobia graminum,2878922,59.3,1.27e-54,180,unclassified Rickettsia,114295,,,Rickettsia,780,0,Alphaproteobacteria,28211,842957,843460,GBPCPCFC_01718,GBPCPCFC_01720,mRNA
GBPCPCFC_01720,gnl|Prokka|GBPCPCFC_22,1222,1348403,0.593,948.8175,764.2049,0.8661,0.0,0.3406,-0.3531,603,-0.4525,-0.389,0.252,0,0,0.1774,0.0051,0.1562,0.0138,0.3151,-0.8788,-0.6189,-1.451080766876831,-0.6446084724475731,-0.48683020596683557,GBPCPCFC_01720-0,GBPCPCFC_01720-0,Rickettsia endosymbiont of Gnoriste bilineata,2878920,81.4,3.87e-110,323,unclassified Rickettsia,114295,,,Rickettsia,780,0,Alphaproteobacteria,28211,843500,844102,GBPCPCFC_01719,GBPCPCFC_01721,mRNA
GBPCPCFC_01721,gnl|Prokka|GBPCPCFC_22,1222,1348403,0.593,948.8175,764.2049,0.8661,0.0,0.3406,-0.3531,465,-0.6331,-0.5774,0.2531,0,0,0.1197,0.0599,0.1808,0.0043,0.3161,-0.8492,-0.6096,-1.3678779049300658,-0.9854371840396505,-0.4483517995499489,GBPCPCFC_01721-0,GBPCPCFC_01721-0,Parachlamydia sp. AcF125,2795736,70.4,1.22e-66,209,Bacteria,2,,,Bacteria,2,0,Bacteria,2,844349,844813,GBPCPCFC_01720,GBPCPCFC_01722,mRNA
GBPCPCFC_01722,gnl|Prokka|GBPCPCFC_22,1222,1348403,0.593,948.8175,764.2049,0.8661,0.0,0.3406,-0.3531,1194,0.3208,0.4176,0.2558,0,0,0.201,0.0012,0.2445,0.0001,0.2873,-1.6736,-0.8672,-1.538826228301288,0.5527542110915108,-0.5234303276578577,GBPCPCFC_01722-0,GBPCPCFC_01722-0,Rickettsia endosymbiont of Cimex lectularius,2698648,63.6,5.15e-110,333,unclassified Rickettsia,114295,,,Rickettsia,780,0,Alphaproteobacteria,28211,845478,846671,GBPCPCFC_01721,GBPCPCFC_01723,mRNA
GBPCPCFC_01723,gnl|Prokka|GBPCPCFC_22,1222,1348403,0.593,948.8175,764.2049,0.8661,0.0,0.3406,-0.3531,210,-0.9668,-0.9254,0.2566,0,0,0.109,0.1199,0.0588,0.4023,0.3714,0.7306,-0.1161,-1.3715916646290989,-1.7923351184553775,-0.45056290486767336,GBPCPCFC_01723-0,GBPCPCFC_01723-0,unclassified Rickettsia,114295,72.5,1.92e-28,107,cellular organisms,131567,Sciaridae,7184,Sciaridae,7184,1,Eumetazoa,6072,846962,847171,GBPCPCFC_01722,GBPCPCFC_01724,mRNA
GBPCPCFC_01724,gnl|Prokka|GBPCPCFC_22,1222,1348403,0.593,948.8175,764.2049,0.8661,0.0,0.3406,-0.3531,1230,0.3679,0.4668,0.259,0,0,0.2192,0.0004,0.3122,0.0,0.374,0.8035,-0.0933,-1.524148314516214,0.9088340091102304,-0.49952243172782734,GBPCPCFC_01724-0,GBPCPCFC_01724-0,Pseudolycoriella hygida,35572,72.9,8.56e-194,565,cellular organisms,131567,Sciaridae,7184,Sciaridae,7184,1,Eumetazoa,6072,847618,848847,GBPCPCFC_01723,GBPCPCFC_01725,mRNA
GBPCPCFC_01725,gnl|Prokka|GBPCPCFC_22,1222,1348403,0.593,948.8175,764.2049,0.8661,0.0,0.3406,-0.3531,522,-0.5585,-0.4996,0.2601,0,0,0.1852,0.0034,0.1702,0.0072,0.3314,-0.4124,-0.4732,-1.4321518560213904,-0.6736862555594365,-0.45458228433716574,GBPCPCFC_01725-0,GBPCPCFC_01725-0,Rickettsia endosymbiont of Platyusa sonomae,2878924,67.6,8.69e-77,239,unclassified Rickettsia,114295,,,Rickettsia,780,0,Alphaproteobacteria,28211,849062,849583,GBPCPCFC_01724,GBPCPCFC_01726,mRNA
GBPCPCFC_01726,gnl|Prokka|GBPCPCFC_22,1222,1348403,0.593,948.8175,764.2049,0.8661,0.0,0.3406,-0.3531,180,-1.006,-0.9664,0.2604,0,0,0.177,0.0138,0.2327,0.0011,0.3333,-0.3577,-0.4561,-1.326657151875307,-0.954614589197625,-0.3880093813709496,GBPCPCFC_01726-0,GBPCPCFC_01726-0,Rickettsia endosymbiont of Cimex lectularius,2698648,67.2,2.24e-18,85.5,Bacteria,2,,,Bacteria,2,0,Bacteria,2,849589,849768,GBPCPCFC_01725,GBPCPCFC_01727,mRNA
GBPCPCFC_01727,gnl|Prokka|GBPCPCFC_22,1222,1348403,0.593,948.8175,764.2049,0.8661,0.0,0.3406,-0.3531,846,-0.1345,-0.0574,0.2617,0,0,0.1218,0.0516,0.1241,0.0473,0.3168,-0.8304,-0.6038,-1.4715964945372557,-0.6582544191886311,-0.4959758281262362,GBPCPCFC_01727-0,GBPCPCFC_01727-0,Rickettsia endosymbiont of Labidopullus appendiculatus,2878921,72.9,2.57e-142,412,unclassified Rickettsia,114295,,,Rickettsia,780,0,Alphaproteobacteria,28211,849797,850642,GBPCPCFC_01726,GBPCPCFC_01728,mRNA
GBPCPCFC_01728,gnl|Prokka|GBPCPCFC_22,1222,1348403,0.593,948.8175,764.2049,0.8661,0.0,0.3406,-0.3531,1125,0.2305,0.3234,0.2635,0,0,0.2255,0.0003,0.3527,0.0,0.2907,-1.5765,-0.8369,-1.48654518671795,0.9323814170955522,-0.4629149198442947,GBPCPCFC_01728-0,GBPCPCFC_01728-0,Rickettsia endosymbiont of Culicoides newsteadi,1961830,72.7,5.53e-191,543,unclassified Rickettsia,114295,,,Rickettsia,780,0,Alphaproteobacteria,28211,850753,851877,GBPCPCFC_01727,GBPCPCFC_01729,mRNA
GBPCPCFC_01729,gnl|Prokka|GBPCPCFC_22,1222,1348403,0.593,948.8175,764.2049,0.8661,0.0,0.3406,-0.3531,1011,0.0814,0.1678,0.265,0,0,0.1887,0.0024,0.2397,0.0001,0.3867,1.1681,0.0206,-1.4941923130742631,0.2381524486081871,-0.4792377430313073,GBPCPCFC_01729-0,GBPCPCFC_01729-0,unclassified Rickettsia,114295,84.4,3.11e-199,560,cellular organisms,131567,Sciaridae,7184,Sciaridae,7184,1,Eumetazoa,6072,851886,852896,GBPCPCFC_01728,GBPCPCFC_01730,mRNA
GBPCPCFC_01730,gnl|Prokka|GBPCPCFC_22,1222,1348403,0.593,948.8175,764.2049,0.8661,0.0,0.3406,-0.3531,996,0.0617,0.1474,0.267,0,0,0.2831,0.0,0.3126,0.0,0.3062,-1.1321,-0.698,-1.5241629139502189,0.8590210145523408,-0.4633870994794038,GBPCPCFC_01730-0,GBPCPCFC_01730-0,Rickettsia endosymbiont of Cimex lectularius,2698648,75.8,1.52e-172,492,cellular organisms,131567,Sciaridae,7184,Sciaridae,7184,1,Eumetazoa,6072,853199,854194,GBPCPCFC_01729,GBPCPCFC_01731,mRNA
GBPCPCFC_01731,gnl|Prokka|GBPCPCFC_22,1222,1348403,0.593,948.8175,764.2049,0.8661,0.0,0.3406,-0.3531,1077,0.1677,0.2579,0.2688,0,0,0.3485,0.0,0.3807,0.0,0.3389,-0.1985,-0.4064,-1.5538066775820967,1.4731158806347249,-0.4564716925470495,GBPCPCFC_01731-0,GBPCPCFC_01731-0,Rickettsia endosymbiont of Cimex lectularius,2698648,80.4,2.67e-188,534,unclassified Rickettsia,114295,,,Rickettsia,780,0,Alphaproteobacteria,28211,854370,855446,GBPCPCFC_01730,GBPCPCFC_01732,mRNA
GBPCPCFC_01732,gnl|Prokka|GBPCPCFC_22,1222,1348403,0.593,948.8175,764.2049,0.8661,0.0,0.3406,-0.3531,861,-0.1149,-0.0369,0.2701,0,0,0.1566,0.0121,0.1728,0.0056,0.3345,-0.3245,-0.4457,-1.4738970080158114,-0.3270734912261838,-0.46720971736704725,GBPCPCFC_01732-0,GBPCPCFC_01732-0,Rickettsia endosymbiont of Cimex lectularius,2698648,82.1,4.36e-147,424,unclassified Rickettsia,114295,,,Rickettsia,780,0,Alphaproteobacteria,28211,855452,856312,GBPCPCFC_01731,GBPCPCFC_01733,mRNA
GBPCPCFC_01733,gnl|Prokka|GBPCPCFC_22,1222,1348403,0.593,948.8175,764.2049,0.8661,0.0,0.3406,-0.3531,1563,0.8037,0.9213,0.2725,0,0,0.2472,0.0001,0.3792,0.0,0.3455,-0.0104,-0.3476,-1.5733866229327962,1.7029642417675392,-0.4903712344618124,GBPCPCFC_01733-0,GBPCPCFC_01733-0,Pseudolycoriella hygida,35572,78.3,2.84e-237,684,cellular organisms,131567,Sciaridae,7184,Sciaridae,7184,1,Eumetazoa,6072,856331,857893,GBPCPCFC_01732,GBPCPCFC_01734,mRNA
GBPCPCFC_01734,gnl|Prokka|GBPCPCFC_22,1222,1348403,0.593,948.8175,764.2049,0.8661,0.0,0.3406,-0.3531,768,-0.2366,-0.1638,0.2736,0,0,0.2182,0.0005,0.2174,0.0006,0.3477,0.0515,-0.3283,-1.4781905305797285,-0.04412173289107574,-0.4426672527270509,GBPCPCFC_01734-0,GBPCPCFC_01734-0,unclassified Rickettsia,114295,78.4,3.64e-135,393,unclassified Rickettsia,114295,,,Rickettsia,780,0,Alphaproteobacteria,28211,857930,858697,GBPCPCFC_01733,GBPCPCFC_01735,mRNA
GBPCPCFC_01735,gnl|Prokka|GBPCPCFC_22,1222,1348403,0.593,948.8175,764.2049,0.8661,0.0,0.3406,-0.3531,723,-0.2955,-0.2252,0.2753,0,0,0.1742,0.0052,0.1721,0.0058,0.3568,0.314,-0.2462,-1.4592281089826546,-0.44300998002058944,-0.4415655141759029,GBPCPCFC_01735-0,GBPCPCFC_01735-0,Pseudolycoriella hygida,35572,93.2,1.72e-149,427,cellular organisms,131567,Sciaridae,7184,Sciaridae,7184,1,Eumetazoa,6072,859099,859821,GBPCPCFC_01734,GBPCPCFC_01736,mRNA
GBPCPCFC_01736,gnl|Prokka|GBPCPCFC_22,1222,1348403,0.593,948.8175,764.2049,0.8661,0.0,0.3406,-0.3531,453,-0.6488,-0.5938,0.2766,0,0,0.1977,0.0024,0.1571,0.0164,0.3046,-1.1775,-0.7122,-1.4312003410658682,-0.761161163493743,-0.41484399841228536,GBPCPCFC_01736-0,GBPCPCFC_01736-0,Didymodactylos carnosus,1234261,87.3,1.07e-92,275,cellular organisms,131567,Sciaridae,7184,Sciaridae,7184,1,Eumetazoa,6072,860245,860697,GBPCPCFC_01735,GBPCPCFC_01737,mRNA
GBPCPCFC_01737,gnl|Prokka|GBPCPCFC_22,1222,1348403,0.593,948.8175,764.2049,0.8661,0.0,0.3406,-0.3531,567,-0.4996,-0.4382,0.2778,0,0,0.2235,0.0003,0.274,0.0,0.321,-0.7104,-0.5663,-1.4127470708137628,-0.09927657266639012,-0.38896001660185675,GBPCPCFC_01737-0,GBPCPCFC_01737-0,unclassified Rickettsia,114295,87.2,5.54e-118,342,cellular organisms,131567,Sciaridae,7184,Sciaridae,7184,1,Eumetazoa,6072,860939,861505,GBPCPCFC_01736,GBPCPCFC_01738,mRNA
GBPCPCFC_01738,gnl|Prokka|GBPCPCFC_22,1222,1348403,0.593,948.8175,764.2049,0.8661,0.0,0.3406,-0.3531,1311,0.4739,0.5773,0.2805,0,0,0.2328,0.0002,0.2455,0.0001,0.3509,0.1435,-0.2995,-1.579986416472174,0.8444888395410829,-0.4861067435596641,GBPCPCFC_01738-0,GBPCPCFC_01738-0,Didymodactylos carnosus,1234261,81.1,1.90e-238,673,Protostomia,33317,Sciaridae,7184,Sciaridae,7184,1,Eumetazoa,6072,861988,863298,GBPCPCFC_01737,GBPCPCFC_01739,mRNA
GBPCPCFC_01739,gnl|Prokka|GBPCPCFC_22,1222,1348403,0.593,948.8175,764.2049,0.8661,0.0,0.3406,-0.3531,1326,0.4936,0.5978,0.2828,0,0,0.2547,0.0,0.2988,0.0,0.3673,0.6118,-0.1532,-1.57149732380598,1.137842345740939,-0.46742834341436246,GBPCPCFC_01739-0,GBPCPCFC_01739-0,Rickettsia endosymbiont of Bryobia graminum,2878922,65.2,5.03e-174,505,Rickettsia endosymbiont of Bryobia graminum,2878922,,,Rickettsia endosymbiont of Bryobia graminum,2878922,0,Alphaproteobacteria,28211,863532,864857,GBPCPCFC_01738,GBPCPCFC_01740,mRNA
GBPCPCFC_01740,gnl|Prokka|GBPCPCFC_22,1222,1348403,0.593,948.8175,764.2049,0.8661,0.0,0.3406,-0.3531,76,-1.1421,-1.1083,0.2836,0,0,-0.0418,0.6365,-0.0789,0.3724,0.6053,7.4104,1.9709,-1.2972305534395492,-3.072074357184091,-0.39430003902158944,GBPCPCFC_01740-0,GBPCPCFC_01740-0,,,,,,,,,,,,0,Unassigned,,865305,865380,GBPCPCFC_01739,GBPCPCFC_01741,mRNA
GBPCPCFC_01741,gnl|Prokka|GBPCPCFC_22,1222,1348403,0.593,948.8175,764.2049,0.8661,0.0,0.3406,-0.3531,1233,0.3719,0.4709,0.2861,0,0,0.3181,0.0,0.4108,0.0,0.3496,0.1057,-0.3113,-1.542619018827884,1.6596049136795408,-0.41961805986202755,GBPCPCFC_01741-0,GBPCPCFC_01741-0,Didymodactylos carnosus,1234261,78.3,1.05e-228,649,cellular organisms,131567,Protostomia,33317,Protostomia,33317,1,Eumetazoa,6072,865834,867066,GBPCPCFC_01740,GBPCPCFC_01742,mRNA
GBPCPCFC_01742,gnl|Prokka|GBPCPCFC_22,1222,1348403,0.593,948.8175,764.2049,0.8661,0.0,0.3406,-0.3531,288,-0.8647,-0.819,0.2866,0,0,-0.0438,0.5177,0.0956,0.1574,0.2951,-1.4488,-0.797,-1.2473052232849497,-2.1954978374064953,-0.3508922118315826,GBPCPCFC_01742-0,GBPCPCFC_01742-0,Rickettsia conorii subsp. raoultii,369822,74.7,9.22e-38,132,Rickettsia,780,,,Rickettsia,780,0,Alphaproteobacteria,28211,867152,867439,GBPCPCFC_01741,GBPCPCFC_01743,mRNA
GBPCPCFC_01743,gnl|Prokka|GBPCPCFC_22,1222,1348403,0.593,948.8175,764.2049,0.8661,0.0,0.3406,-0.3531,978,0.0382,0.1228,0.2882,0,0,0.1997,0.0013,0.2594,0.0,0.3814,1.0151,-0.0272,-1.481008660914889,0.3056727153916269,-0.41656949303521645,GBPCPCFC_01743-0,GBPCPCFC_01743-0,Rickettsia endosymbiont of Sericostoma sp. HW-2014,2878927,87.0,1.27e-205,575,Rickettsia,780,,,Rickettsia,780,0,Alphaproteobacteria,28211,867537,868514,GBPCPCFC_01742,GBPCPCFC_01744,mRNA
GBPCPCFC_01744,gnl|Prokka|GBPCPCFC_22,1222,1348403,0.593,948.8175,764.2049,0.8661,0.0,0.3406,-0.3531,978,0.0382,0.1228,0.2897,0,0,0.257,0.0,0.2789,0.0,0.3507,0.1389,-0.301,-1.5136268889627327,0.6099120601653348,-0.4162485132945255,GBPCPCFC_01744-0,GBPCPCFC_01744-0,Rotaria sp. Silwood2,2762512,86.2,9.71e-208,581,cellular organisms,131567,Sciaridae,7184,Sciaridae,7184,1,Eumetazoa,6072,868531,869508,GBPCPCFC_01743,GBPCPCFC_01745,mRNA
GBPCPCFC_01745,gnl|Prokka|GBPCPCFC_22,1222,1348403,0.593,948.8175,764.2049,0.8661,0.0,0.3406,-0.3531,672,-0.3622,-0.2949,0.2907,0,0,0.0563,0.37,0.1064,0.0894,0.311,-0.9953,-0.6553,-1.3913350542595124,-1.2267051753582154,-0.4024015935568627,GBPCPCFC_01745-0,GBPCPCFC_01745-0,Rickettsia endosymbiont of Culicoides newsteadi,1961830,64.3,4.21e-86,264,Rickettsia,780,,,Rickettsia,780,0,Alphaproteobacteria,28211,869538,870209,GBPCPCFC_01744,GBPCPCFC_01746,mRNA
GBPCPCFC_01746,gnl|Prokka|GBPCPCFC_22,1222,1348403,0.593,948.8175,764.2049,0.8661,0.0,0.3406,-0.3531,585,-0.4761,-0.4136,0.2922,0,0,0.2787,0.0,0.2781,0.0,0.335,-0.3089,-0.4408,-1.4525474984545714,0.16716152401951279,-0.36624151720585263,GBPCPCFC_01746-0,GBPCPCFC_01746-0,Rickettsia endosymbiont of Labidopullus appendiculatus,2878921,70.3,1.11e-84,259,cellular organisms,131567,Sciaridae,7184,Sciaridae,7184,1,Eumetazoa,6072,870590,871174,GBPCPCFC_01745,GBPCPCFC_01747,mRNA
GBPCPCFC_01747,gnl|Prokka|GBPCPCFC_22,1222,1348403,0.593,948.8175,764.2049,0.8661,0.0,0.3406,-0.3531,1209,0.3405,0.4381,0.2943,0,0,0.1419,0.0255,0.1748,0.0058,0.3416,-0.1214,-0.3823,-1.5251934712116293,0.08675854701517817,-0.45089186016388505,GBPCPCFC_01747-0,GBPCPCFC_01747-0,Orientia chuto,911112,32.4,4.65e-39,155,Rickettsieae,33988,,,Rickettsieae,33988,0,Alphaproteobacteria,28211,871379,872587,GBPCPCFC_01746,GBPCPCFC_01748,mRNA
GBPCPCFC_01748,gnl|Prokka|GBPCPCFC_22,1222,1348403,0.593,948.8175,764.2049,0.8661,0.0,0.3406,-0.3531,252,-0.9118,-0.8681,0.295,0,0,0.115,0.1182,0.2218,0.0023,0.2738,-2.0581,-0.9874,-1.292741950937821,-1.1534009777500245,-0.3100428628334286,GBPCPCFC_01748-0,GBPCPCFC_01748-0,unclassified Rickettsia,114295,65.1,1.29e-30,113,unclassified Rickettsia,114295,,,Rickettsia,780,0,Alphaproteobacteria,28211,872856,873107,GBPCPCFC_01747,GBPCPCFC_01749,mRNA
GBPCPCFC_01749,gnl|Prokka|GBPCPCFC_22,1222,1348403,0.593,948.8175,764.2049,0.8661,0.0,0.3406,-0.3531,390,-0.7312,-0.6798,0.2961,0,0,0.0278,0.6723,0.061,0.3529,0.3641,0.5213,-0.1815,-1.3367213217975757,-1.8810406440387943,-0.3664253911161306,GBPCPCFC_01749-0,GBPCPCFC_01749-0,Rickettsia endosymbiont of Platyusa sonomae,2878924,53.2,3.05e-32,124,unclassified Rickettsia,114295,,,Rickettsia,780,0,Alphaproteobacteria,28211,873466,873855,GBPCPCFC_01748,GBPCPCFC_01750,mRNA
GBPCPCFC_01750,gnl|Prokka|GBPCPCFC_22,1222,1348403,0.593,948.8175,764.2049,0.8661,0.0,0.3406,-0.3531,348,-0.7862,-0.7371,0.2966,0,0,0.0291,0.6433,0.0073,0.9078,0.3448,-0.0293,-0.3535,-1.3568986022361458,-2.116312406208032,-0.3795364306383553,GBPCPCFC_01750-0,GBPCPCFC_01750-0,,,,,,,,,,,,0,Unassigned,,873856,874203,GBPCPCFC_01749,GBPCPCFC_01751,mRNA
GBPCPCFC_01751,gnl|Prokka|GBPCPCFC_22,1222,1348403,0.593,948.8175,764.2049,0.8661,0.0,0.3406,-0.3531,1797,1.1099,1.2407,0.2993,0,0,0.1972,0.0015,0.2734,0.0,0.3261,-0.5644,-0.5207,-1.6305575128733085,1.4465660882518905,-0.48624667072275946,GBPCPCFC_01751-0,GBPCPCFC_01751-0,Rickettsia endosymbiont of Platyusa sonomae,2878924,65.5,1.72e-275,774,unclassified Rickettsia,114295,,,Rickettsia,780,0,Alphaproteobacteria,28211,874208,876004,GBPCPCFC_01750,GBPCPCFC_01752,mRNA
GBPCPCFC_01752,gnl|Prokka|GBPCPCFC_22,1222,1348403,0.593,948.8175,764.2049,0.8661,0.0,0.3406,-0.3531,1365,0.5446,0.651,0.3014,0,0,0.1924,0.002,0.2283,0.0002,0.3465,0.019,-0.3384,-1.564752880139986,0.6893302957833015,-0.44348678423894194,GBPCPCFC_01752-0,GBPCPCFC_01752-0,Rickettsia endosymbiont of Cimex lectularius,2698648,69.1,1.18e-218,619,unclassified Rickettsia,114295,,,Rickettsia,780,0,Alphaproteobacteria,28211,876014,877378,GBPCPCFC_01751,GBPCPCFC_01753,mRNA
GBPCPCFC_01753,gnl|Prokka|GBPCPCFC_22,1222,1348403,0.593,948.8175,764.2049,0.8661,0.0,0.3406,-0.3531,1386,0.5721,0.6797,0.3036,0,0,0.1879,0.0025,0.2716,0.0,0.3535,0.2194,-0.2758,-1.5428318747174834,0.8473352556353574,-0.4247295867217027,GBPCPCFC_01753-0,GBPCPCFC_01753-0,Rickettsia endosymbiont of Bryobia graminum,2878922,82.0,3.79e-271,753,cellular organisms,131567,Sciaridae,7184,Sciaridae,7184,1,Eumetazoa,6072,877523,878908,GBPCPCFC_01752,GBPCPCFC_01754,mRNA
GBPCPCFC_01754,gnl|Prokka|GBPCPCFC_22,1222,1348403,0.593,948.8175,764.2049,0.8661,0.0,0.3406,-0.3531,804,-0.1895,-0.1147,0.3051,0,0,0.1825,0.0034,0.2867,0.0,0.301,-1.2815,-0.7447,-1.4163900928859072,0.09249182535366017,-0.3433773583766355,GBPCPCFC_01754-0,GBPCPCFC_01754-0,,,,,,,,,,,,0,Unassigned,,879098,879901,GBPCPCFC_01753,GBPCPCFC_01755,mRNA
GBPCPCFC_01755,gnl|Prokka|GBPCPCFC_22,1222,1348403,0.593,948.8175,764.2049,0.8661,0.0,0.3406,-0.3531,3228,2.9824,3.1938,0.3106,0,0,0.1187,0.0579,0.1916,0.0021,0.338,-0.2249,-0.4146,-1.8925415548174565,2.7691688317847514,-0.6515992385966375,GBPCPCFC_01755-0,GBPCPCFC_01755-0,Wolbachia endosymbiont of Dactylopius coccus,1605993,69.3,1.11e-228,669,unclassified Wolbachia,2640676,,,Wolbachia,953,0,Alphaproteobacteria,28211,880352,883579,GBPCPCFC_01754,GBPCPCFC_01756,mRNA
GBPCPCFC_01756,gnl|Prokka|GBPCPCFC_22,1222,1348403,0.593,948.8175,764.2049,0.8661,0.0,0.3406,-0.3531,3915,3.8814,4.1315,0.3164,0,0,0.3853,0.0,0.4947,0.0,0.3361,-0.2774,-0.431,-2.0706424003126145,5.839755082303016,-0.6615681487976677,GBPCPCFC_01756-0,GBPCPCFC_01756-0,Pseudolycoriella hygida,35572,41.3,2.50e-143,496,Pseudolycoriella hygida,35572,,,Pseudolycoriella hygida,35572,0,Eumetazoa,6072,883572,887486,GBPCPCFC_01755,GBPCPCFC_01757,mRNA
GBPCPCFC_01757,gnl|Prokka|GBPCPCFC_22,1222,1348403,0.593,948.8175,764.2049,0.8661,0.0,0.3406,-0.3531,1563,0.8037,0.9213,0.3186,0,0,0.2376,0.0001,0.3109,0.0,0.3257,-0.577,-0.5246,-1.5915773113115335,1.4260744807287409,-0.4066548132948234,GBPCPCFC_01757-0,GBPCPCFC_01757-0,Pseudolycoriella hygida,35572,48.2,5.85e-102,348,Pseudolycoriella hygida,35572,,,Pseudolycoriella hygida,35572,0,Eumetazoa,6072,887462,889024,GBPCPCFC_01756,GBPCPCFC_01758,mRNA
GBPCPCFC_01758,gnl|Prokka|GBPCPCFC_22,1222,1348403,0.593,948.8175,764.2049,0.8661,0.0,0.3406,-0.3531,1293,0.4504,0.5527,0.3206,0,0,0.1647,0.0083,0.1982,0.0014,0.3534,0.2167,-0.2766,-1.5412764678325805,0.3731520674997717,-0.39618620611666705,GBPCPCFC_01758-0,GBPCPCFC_01758-0,Legionella,445,56.7,6.50e-173,501,cellular organisms,131567,cellular organisms,131567,cellular organisms,131567,1,cellular organisms,131567,889080,890372,GBPCPCFC_01757,GBPCPCFC_01759,mRNA
GBPCPCFC_01759,gnl|Prokka|GBPCPCFC_22,1222,1348403,0.593,948.8175,764.2049,0.8661,0.0,0.3406,-0.3531,450,-0.6527,-0.5979,0.3217,0,0,0.138,0.0479,0.1918,0.0058,0.3644,0.531,-0.1784,-1.3586459863525793,-0.8961969651653098,-0.2874710395757859,GBPCPCFC_01759-0,GBPCPCFC_01759-0,,,,,,,,,,,,0,Unassigned,,890613,891062,GBPCPCFC_01758,GBPCPCFC_01760,mRNA
GBPCPCFC_01760,gnl|Prokka|GBPCPCFC_22,1222,1348403,0.593,948.8175,764.2049,0.8661,0.0,0.3406,-0.3531,912,-0.0482,0.0327,0.3231,0,0,0.2083,0.0008,0.2785,0.0,0.3564,0.3001,-0.2506,-1.4573749349785756,0.31566292314321664,-0.32257871624745754,GBPCPCFC_01760-0,GBPCPCFC_01760-0,,,,,,,,,,,,0,Unassigned,,891105,892016,GBPCPCFC_01759,GBPCPCFC_01761,mRNA
GBPCPCFC_01761,gnl|Prokka|GBPCPCFC_22,1222,1348403,0.593,948.8175,764.2049,0.8661,0.0,0.3406,-0.3531,957,0.0107,0.0941,0.3248,0,0,0.1575,0.0116,0.1894,0.0023,0.3156,-0.8651,-0.6146,-1.4734767551762311,-0.14024312999417232,-0.3470020161373665,GBPCPCFC_01761-0,GBPCPCFC_01761-0,Rickettsiales bacterium,2026788,75.7,6.78e-170,484,cellular organisms,131567,Protostomia,33317,Protostomia,33317,1,Eumetazoa,6072,892248,893204,GBPCPCFC_01760,GBPCPCFC_01762,mRNA
GBPCPCFC_01762,gnl|Prokka|GBPCPCFC_22,1222,1348403,0.593,948.8175,764.2049,0.8661,0.0,0.3406,-0.3531,873,-0.0992,-0.0205,0.3266,0,0,0.16,0.0103,0.1291,0.039,0.3895,1.2457,0.0449,-1.4893953171746832,-0.45010961030536684,-0.3544803871142637,GBPCPCFC_01762-0,GBPCPCFC_01762-0,Pseudolycoriella hygida,35572,89.6,2.40e-197,551,cellular organisms,131567,Sciaridae,7184,Sciaridae,7184,1,Eumetazoa,6072,893539,894411,GBPCPCFC_01761,GBPCPCFC_01763,mRNA
GBPCPCFC_01763,gnl|Prokka|GBPCPCFC_22,1222,1348403,0.593,948.8175,764.2049,0.8661,0.0,0.3406,-0.3531,627,-0.4211,-0.3563,0.3276,0,0,0.0824,0.1887,0.1171,0.0613,0.3413,-0.1299,-0.3849,-1.3888580287459897,-1.1444785850366523,-0.3125131860671314,GBPCPCFC_01763-0,GBPCPCFC_01763-0,unclassified Rickettsia,114295,54.2,2.49e-65,209,unclassified Rickettsia,114295,,,Rickettsia,780,0,Alphaproteobacteria,28211,894421,895047,GBPCPCFC_01762,GBPCPCFC_01764,mRNA
GBPCPCFC_01764,gnl|Prokka|GBPCPCFC_22,1222,1348403,0.593,948.8175,764.2049,0.8661,0.0,0.3406,-0.3531,1929,1.2826,1.4208,0.3305,0,0,0.2272,0.0002,0.2904,0.0,0.3432,-0.0763,-0.3682,-1.6637205446599783,1.8051923671837775,-0.42968274253857264,GBPCPCFC_01764-0,GBPCPCFC_01764-0,Penicillium herquei,69774,29.1,4.69e-08,70.1,cellular organisms,131567,Diptera,7147,Diptera,7147,1,Eumetazoa,6072,895073,897001,GBPCPCFC_01763,GBPCPCFC_01765,mRNA
GBPCPCFC_01765,gnl|Prokka|GBPCPCFC_22,1222,1348403,0.593,948.8175,764.2049,0.8661,0.0,0.3406,-0.3531,1131,0.2384,0.3316,0.3322,0,0,0.3415,0.0,0.4113,0.0,0.336,-0.2819,-0.4324,-1.5301986024925425,1.6179256428089865,-0.30459992468014485,GBPCPCFC_01765-0,GBPCPCFC_01765-0,Rickettsia endosymbiont of Cimex lectularius,2698648,45.4,1.07e-77,254,unclassified Rickettsia,114295,,,Rickettsia,780,0,Alphaproteobacteria,28211,897035,898165,GBPCPCFC_01764,GBPCPCFC_01766,mRNA
GBPCPCFC_01766,gnl|Prokka|GBPCPCFC_22,1222,1348403,0.593,948.8175,764.2049,0.8661,0.0,0.3406,-0.3531,333,-0.8058,-0.7576,0.3327,0,0,0.1379,0.0323,0.1986,0.002,0.3904,1.2722,0.0532,-1.3298125125506552,-1.0313783910953656,-0.24528336932325437,GBPCPCFC_01766-0,GBPCPCFC_01766-0,Rickettsia endosymbiont of Pseudomimeciton antennatum,2878923,84.5,4.84e-61,192,Rickettsia,780,,,Rickettsia,780,0,Alphaproteobacteria,28211,898178,898510,GBPCPCFC_01765,GBPCPCFC_01767,mRNA
GBPCPCFC_01767,gnl|Prokka|GBPCPCFC_22,1222,1348403,0.593,948.8175,764.2049,0.8661,0.0,0.3406,-0.3531,429,-0.6802,-0.6265,0.3339,0,0,0.0256,0.6877,-0.0051,0.936,0.3543,0.2416,-0.2689,-1.368734738929994,-2.0665728756010835,-0.30719447464952204,GBPCPCFC_01767-0,GBPCPCFC_01767-0,Rotaria sp. Silwood2,2762512,89.1,1.95e-76,247,cellular organisms,131567,Protostomia,33317,Protostomia,33317,1,Eumetazoa,6072,898907,899335,GBPCPCFC_01766,GBPCPCFC_01768,mRNA
GBPCPCFC_01768,gnl|Prokka|GBPCPCFC_22,1222,1348403,0.593,948.8175,764.2049,0.8661,0.0,0.3406,-0.3531,927,-0.0285,0.0532,0.3354,0,0,0.1726,0.0056,0.3035,0.0,0.3484,0.0737,-0.3213,-1.4181917555237598,0.273185967186987,-0.2808433760570991,GBPCPCFC_01768-0,GBPCPCFC_01768-0,Rickettsia endosymbiont of Cimex lectularius,2698648,74.8,4.53e-164,469,cellular organisms,131567,Sciaridae,7184,Sciaridae,7184,1,Eumetazoa,6072,899432,900358,GBPCPCFC_01767,GBPCPCFC_01769,mRNA
GBPCPCFC_01769,gnl|Prokka|GBPCPCFC_22,1222,1348403,0.593,948.8175,764.2049,0.8661,0.0,0.3406,-0.3531,1368,0.5485,0.6551,0.3375,0,0,0.4147,0.0,0.4079,0.0,0.3304,-0.4412,-0.4822,-1.63226129721361,2.2288484922976344,-0.33565957967046356,GBPCPCFC_01769-0,GBPCPCFC_01769-0,Pseudolycoriella hygida,35572,77.9,3.55e-241,676,cellular organisms,131567,Sciaridae,7184,Sciaridae,7184,1,Eumetazoa,6072,900367,901734,GBPCPCFC_01768,GBPCPCFC_01770,mRNA
GBPCPCFC_01770,gnl|Prokka|GBPCPCFC_22,1222,1348403,0.593,948.8175,764.2049,0.8661,0.0,0.3406,-0.3531,4806,5.0473,5.3477,0.3449,0,0,0.336,0.0,0.4717,0.0,0.3138,-0.9164,-0.6307,-2.214645248108509,6.756253350183621,-0.7049644851893186,GBPCPCFC_01770-0,GBPCPCFC_01770-0,Rickettsia endosymbiont of Bryobia graminum,2878922,72.8,0.0,2320,unclassified Rickettsia,114295,,,Rickettsia,780,0,Alphaproteobacteria,28211,901910,906715,GBPCPCFC_01769,GBPCPCFC_01771,mRNA
GBPCPCFC_01771,gnl|Prokka|GBPCPCFC_22,1222,1348403,0.593,948.8175,764.2049,0.8661,0.0,0.3406,-0.3531,354,-0.7783,-0.7289,0.3454,0,0,0.2642,0.0,0.2504,0.0001,0.3023,-1.2454,-0.7334,-1.3993374352392483,-0.30290191138671535,-0.2223117960492237,GBPCPCFC_01771-0,GBPCPCFC_01771-0,Rickettsia endosymbiont of Bryobia graminum,2878922,55.9,7.08e-33,122,unclassified Rickettsia,114295,,,Rickettsia,780,0,Alphaproteobacteria,28211,906724,907077,GBPCPCFC_01770,GBPCPCFC_01772,mRNA
GBPCPCFC_01772,gnl|Prokka|GBPCPCFC_22,1222,1348403,0.593,948.8175,764.2049,0.8661,0.0,0.3406,-0.3531,321,-0.8215,-0.7739,0.346,0,0,0.2347,0.0003,0.2399,0.0002,0.3178,-0.8027,-0.5951,-1.3760220806245496,-0.5055151502116343,-0.21543849370195134,GBPCPCFC_01772-0,GBPCPCFC_01772-0,unclassified Rickettsia,114295,70.8,1.55e-39,137,unclassified Rickettsia,114295,,,Rickettsia,780,0,Alphaproteobacteria,28211,907138,907458,GBPCPCFC_01771,GBPCPCFC_01773,mRNA
GBPCPCFC_01773,gnl|Prokka|GBPCPCFC_22,1222,1348403,0.593,948.8175,764.2049,0.8661,0.0,0.3406,-0.3531,2241,1.6909,1.8467,0.3498,0,0,0.5033,0.0,0.5566,0.0,0.3534,0.2159,-0.2769,-1.7913690403743225,4.282442893369904,-0.3772373913671701,GBPCPCFC_01773-0,GBPCPCFC_01773-0,Rickettsia endosymbiont of Bryobia graminum,2878922,72.5,0.0,1010,cellular organisms,131567,Sciaridae,7184,Sciaridae,7184,1,Eumetazoa,6072,907778,910018,GBPCPCFC_01772,GBPCPCFC_01774,mRNA
GBPCPCFC_01774,gnl|Prokka|GBPCPCFC_22,1222,1348403,0.593,948.8175,764.2049,0.8661,0.0,0.3406,-0.3531,1542,0.7762,0.8926,0.3524,0,0,0.1328,0.0337,0.2168,0.0005,0.3132,-0.932,-0.6355,-1.550128123629187,0.6387747283942238,-0.34119140105979406,GBPCPCFC_01774-0,GBPCPCFC_01774-0,Rickettsia endosymbiont of Bryobia graminum,2878922,77.7,3.31e-271,756,unclassified Rickettsia,114295,,,Rickettsia,780,0,Alphaproteobacteria,28211,910224,911765,GBPCPCFC_01773,GBPCPCFC_01775,mRNA
GBPCPCFC_01775,gnl|Prokka|GBPCPCFC_22,1222,1348403,0.593,948.8175,764.2049,0.8661,0.0,0.3406,-0.3531,3561,3.4182,3.6483,0.358,0,0,0.4076,0.0,0.451,0.0,0.3592,0.3803,-0.2255,-2.031505630958778,5.302628027534945,-0.5415462907274617,GBPCPCFC_01775-0,GBPCPCFC_01775-0,Rickettsia endosymbiont of Ceutorhynchus assimilis,2884482,64.8,0.0,1464,unclassified Rickettsia,114295,,,Rickettsia,780,0,Alphaproteobacteria,28211,911986,915546,GBPCPCFC_01774,GBPCPCFC_01776,mRNA
GBPCPCFC_01776,gnl|Prokka|GBPCPCFC_22,1222,1348403,0.593,948.8175,764.2049,0.8661,0.0,0.3406,-0.3531,1299,0.4582,0.5609,0.3601,0,0,0.1301,0.0376,0.1932,0.0019,0.3249,-0.5996,-0.5317,-1.5108556924918988,0.21868538516152256,-0.3014872224565639,GBPCPCFC_01776-0,GBPCPCFC_01776-0,Rickettsia endosymbiont of Bryobia graminum,2878922,75.3,2.67e-228,642,unclassified Rickettsia,114295,,,Rickettsia,780,0,Alphaproteobacteria,28211,915702,917000,GBPCPCFC_01775,GBPCPCFC_01777,mRNA
GBPCPCFC_01777,gnl|Prokka|GBPCPCFC_22,1222,1348403,0.593,948.8175,764.2049,0.8661,0.0,0.3406,-0.3531,75,-1.1434,-1.1097,0.3604,0,0,-0.0618,0.5215,-0.0135,0.8886,0.5733,6.4983,1.686,-1.232462574592614,-2.9361477620474377,-0.1900948507060742,GBPCPCFC_01777-0,GBPCPCFC_01777-0,,,,,,,,,,,,0,Unassigned,,917098,917172,GBPCPCFC_01776,GBPCPCFC_01778,mRNA
GBPCPCFC_01778,gnl|Prokka|GBPCPCFC_22,1222,1348403,0.593,948.8175,764.2049,0.8661,0.0,0.3406,-0.3531,183,-1.0021,-0.9623,0.3612,0,0,-0.0469,0.4968,-0.0263,0.703,0.3333,-0.3577,-0.4561,-1.271236421972438,-2.772922478806308,-0.20871166080523668,GBPCPCFC_01778-0,GBPCPCFC_01778-0,,,,,,,,,,,,0,Unassigned,,917529,917711,GBPCPCFC_01777,GBPCPCFC_01779,mRNA
GBPCPCFC_01779,gnl|Prokka|GBPCPCFC_22,1222,1348403,0.593,948.8175,764.2049,0.8661,0.0,0.3406,-0.3531,1104,0.2031,0.2948,0.363,0,0,0.2251,0.0003,0.2383,0.0001,0.3505,0.1339,-0.3025,-1.5199458670636843,0.5035823144725668,-0.2713902332466176,GBPCPCFC_01779-0,GBPCPCFC_01779-0,,,,,,,,,,,,0,Unassigned,,917858,918961,GBPCPCFC_01778,GBPCPCFC_01780,mRNA
GBPCPCFC_01780,gnl|Prokka|GBPCPCFC_22,1222,1348403,0.593,948.8175,764.2049,0.8661,0.0,0.3406,-0.3531,1257,0.4033,0.5036,0.3649,0,0,0.222,0.0003,0.199,0.0014,0.3636,0.5059,-0.1863,-1.5674623709683506,0.5622208161558476,-0.2993369975832022,GBPCPCFC_01780-0,GBPCPCFC_01780-0,Ctenocephalides felis,7515,30.6,8.38e-05,58.2,cellular organisms,131567,Endopterygota,33392,Endopterygota,33392,1,Eumetazoa,6072,918939,920195,GBPCPCFC_01779,GBPCPCFC_01781,mRNA
GBPCPCFC_01781,gnl|Prokka|GBPCPCFC_22,1222,1348403,0.593,948.8175,764.2049,0.8661,0.0,0.3406,-0.3531,504,-0.5821,-0.5242,0.3659,0,0,-0.001,0.9874,0.0772,0.2183,0.375,0.8326,-0.0842,-1.3146523134317376,-1.795001748648045,-0.2085273453877525,GBPCPCFC_01781-0,GBPCPCFC_01781-0,unclassified Rickettsia,114295,47.8,5.11e-36,132,unclassified Rickettsia,114295,,,Rickettsia,780,0,Alphaproteobacteria,28211,920367,920870,GBPCPCFC_01780,GBPCPCFC_01782,mRNA
GBPCPCFC_01782,gnl|Prokka|GBPCPCFC_22,1222,1348403,0.593,948.8175,764.2049,0.8661,0.0,0.3406,-0.3531,77,-1.1408,-1.107,0.3664,0,0,-0.1754,0.0694,-0.2987,0.0017,0.6104,7.5568,2.0167,-1.292715281678337,-4.383626493964349,-0.25818808301824864,GBPCPCFC_01782-0,GBPCPCFC_01782-0,Chryseobacterium sp. JV274,1932669,91.3,1.96e-05,47.0,Bacteroidota,976,,,Bacteroidota,976,0,Bacteroidota,976,921159,921235,GBPCPCFC_01781,GBPCPCFC_01783,mRNA
GBPCPCFC_01783,gnl|Prokka|GBPCPCFC_22,1222,1348403,0.593,948.8175,764.2049,0.8661,0.0,0.3406,-0.3531,77,-1.1408,-1.107,0.3667,0,0,-0.1957,0.0281,-0.2149,0.0157,0.5195,4.9599,1.2053,-1.234470904644226,-4.180114883891111,-0.2240205747614736,GBPCPCFC_01783-0,GBPCPCFC_01783-0,,,,,,,,,,,,0,Unassigned,,921383,921459,GBPCPCFC_01782,GBPCPCFC_01784,mRNA
GBPCPCFC_01784,gnl|Prokka|GBPCPCFC_22,1222,1348403,0.593,948.8175,764.2049,0.8661,0.0,0.3406,-0.3531,306,-0.8412,-0.7944,0.3673,0,0,0.2239,0.0008,0.3228,0.0,0.2876,-1.6647,-0.8644,-1.3180088209192684,-0.2872939279650561,-0.13293914181850627,GBPCPCFC_01784-0,GBPCPCFC_01784-0,Pseudolycoriella hygida,35572,78.1,2.09e-36,136,cellular organisms,131567,Sciaridae,7184,Sciaridae,7184,1,Eumetazoa,6072,921508,921813,GBPCPCFC_01783,GBPCPCFC_01785,mRNA
GBPCPCFC_01785,gnl|Prokka|GBPCPCFC_22,1222,1348403,0.593,948.8175,764.2049,0.8661,0.0,0.3406,-0.3531,738,-0.2759,-0.2048,0.3683,0,0,0.1957,0.0023,0.2785,0.0,0.3089,-1.0544,-0.6738,-1.404284041951954,0.026187479229583366,-0.1946247541565919,GBPCPCFC_01785-0,GBPCPCFC_01785-0,Rickettsia endosymbiont of Cimex lectularius,2698648,65.3,3.17e-113,335,cellular organisms,131567,Sciaridae,7184,Sciaridae,7184,1,Eumetazoa,6072,921803,922540,GBPCPCFC_01784,GBPCPCFC_01786,mRNA
GBPCPCFC_01786,gnl|Prokka|GBPCPCFC_22,1222,1348403,0.593,948.8175,764.2049,0.8661,0.0,0.3406,-0.3531,1239,0.3797,0.479,0.3706,0,0,0.183,0.0033,0.2268,0.0003,0.3462,0.0112,-0.3408,-1.5192381942274955,0.4712213149903106,-0.2671413205673572,GBPCPCFC_01786-0,GBPCPCFC_01786-0,,,,,,,,,,,,0,Unassigned,,922793,924031,GBPCPCFC_01785,GBPCPCFC_01787,mRNA
GBPCPCFC_01787,gnl|Prokka|GBPCPCFC_22,1222,1348403,0.593,948.8175,764.2049,0.8661,0.0,0.3406,-0.3531,519,-0.5624,-0.5037,0.3717,0,0,0.1497,0.0263,0.1926,0.0041,0.289,-1.6236,-0.8516,-1.3701299836426033,-0.7545532945809419,-0.18238973174045187,GBPCPCFC_01787-0,GBPCPCFC_01787-0,Rickettsia endosymbiont of Culicoides newsteadi,1961830,67.4,3.47e-38,138,unclassified Rickettsia,114295,,,Rickettsia,780,0,Alphaproteobacteria,28211,924273,924791,GBPCPCFC_01786,GBPCPCFC_01788,mRNA
GBPCPCFC_01788,gnl|Prokka|GBPCPCFC_22,1222,1348403,0.593,948.8175,764.2049,0.8661,0.0,0.3406,-0.3531,1080,0.1717,0.262,0.3737,0,0,0.1378,0.0275,0.2065,0.0009,0.3648,0.5416,-0.1751,-1.4638924148640078,-0.00020461772378758234,-0.2397077716441013,GBPCPCFC_01788-0,GBPCPCFC_01788-0,Rickettsia endosymbiont of Platyusa sonomae,2878924,62.9,4.08e-151,440,cellular organisms,131567,Protostomia,33317,Protostomia,33317,1,Eumetazoa,6072,925078,926157,GBPCPCFC_01787,GBPCPCFC_01789,mRNA
GBPCPCFC_01789,gnl|Prokka|GBPCPCFC_22,1222,1348403,0.593,948.8175,764.2049,0.8661,0.0,0.3406,-0.3531,792,-0.2052,-0.1311,0.3749,0,0,0.0425,0.4983,0.1123,0.0729,0.3232,-0.6462,-0.5462,-1.383974220919693,-1.10636794856115,-0.21836369381386356,GBPCPCFC_01789-0,GBPCPCFC_01789-0,Rickettsia endosymbiont of Cimex lectularius,2698648,72.6,6.04e-136,394,unclassified Rickettsia,114295,,,Rickettsia,780,0,Alphaproteobacteria,28211,926136,926927,GBPCPCFC_01788,GBPCPCFC_01790,mRNA
GBPCPCFC_01790,gnl|Prokka|GBPCPCFC_22,1222,1348403,0.593,948.8175,764.2049,0.8661,0.0,0.3406,-0.3531,1155,0.2698,0.3644,0.3767,0,0,0.1884,0.0025,0.2676,0.0,0.2814,-1.8417,-0.9197,-1.4845869123641524,0.52013165248047,-0.2291370551319171,GBPCPCFC_01790-0,GBPCPCFC_01790-0,Rickettsia endosymbiont of Cimex lectularius,2698648,60.2,1.42e-140,416,unclassified Rickettsia,114295,,,Rickettsia,780,0,Alphaproteobacteria,28211,927026,928180,GBPCPCFC_01789,GBPCPCFC_01791,mRNA
GBPCPCFC_01791,gnl|Prokka|GBPCPCFC_22,1222,1348403,0.593,948.8175,764.2049,0.8661,0.0,0.3406,-0.3531,702,-0.323,-0.2539,0.378,0,0,0.0242,0.6997,0.0339,0.5889,0.3433,-0.0728,-0.3671,-1.392119180043899,-1.5729563234239958,-0.22485879338603582,GBPCPCFC_01791-0,GBPCPCFC_01791-0,Rickettsia endosymbiont of Pseudomimeciton antennatum,2878923,80.4,8.20e-136,391,cellular organisms,131567,Sciaridae,7184,Sciaridae,7184,1,Eumetazoa,6072,928318,929019,GBPCPCFC_01790,GBPCPCFC_01792,mRNA
GBPCPCFC_01792,gnl|Prokka|GBPCPCFC_22,1222,1348403,0.593,948.8175,764.2049,0.8661,0.0,0.3406,-0.3531,2835,2.4682,2.6574,0.3824,0,0,0.3447,0.0,0.4654,0.0,0.3259,-0.5693,-0.5222,-1.8292265588260241,4.111330170225767,-0.3796908465685438,GBPCPCFC_01792-0,GBPCPCFC_01792-0,Rickettsia endosymbiont of Bryobia graminum,2878922,47.6,2.64e-276,802,Rickettsiales,766,,,Rickettsiales,766,0,Alphaproteobacteria,28211,929169,932003,GBPCPCFC_01791,GBPCPCFC_01793,mRNA
GBPCPCFC_01793,gnl|Prokka|GBPCPCFC_22,1222,1348403,0.593,948.8175,764.2049,0.8661,0.0,0.3406,-0.3531,534,-0.5428,-0.4832,0.3836,0,0,0.0316,0.6207,0.1051,0.0988,0.3371,-0.2507,-0.4227,-1.3269824464125637,-1.5245340632673285,-0.16719341233127868,GBPCPCFC_01793-0,GBPCPCFC_01793-0,Rickettsia endosymbiont of Bryobia graminum,2878922,72.0,5.56e-75,233,Rickettsia,780,,,Rickettsia,780,0,Alphaproteobacteria,28211,932295,932828,GBPCPCFC_01792,GBPCPCFC_01794,mRNA
GBPCPCFC_01794,gnl|Prokka|GBPCPCFC_22,1222,1348403,0.593,948.8175,764.2049,0.8661,0.0,0.3406,-0.3531,285,-0.8686,-0.8231,0.3841,0,0,0.0396,0.5522,0.1282,0.0532,0.3404,-0.1572,-0.3935,-1.272085931828852,-1.7479271374376977,-0.12855498786007935,GBPCPCFC_01794-0,GBPCPCFC_01794-0,unclassified Rickettsia,114295,89.4,4.35e-52,168,unclassified Rickettsia,114295,,,Rickettsia,780,0,Alphaproteobacteria,28211,932897,933181,GBPCPCFC_01793,GBPCPCFC_01795,mRNA
GBPCPCFC_01795,gnl|Prokka|GBPCPCFC_22,1222,1348403,0.593,948.8175,764.2049,0.8661,0.0,0.3406,-0.3531,390,-0.7312,-0.6798,0.3848,0,0,0.1118,0.1014,0.1751,0.0099,0.3154,-0.8704,-0.6163,-1.3225987286382228,-1.1465606733954812,-0.1358135012412367,GBPCPCFC_01795-0,GBPCPCFC_01795-0,Rickettsia endosymbiont of Labidopullus appendiculatus,2878921,66.4,1.76e-48,162,Rickettsia,780,,,Rickettsia,780,0,Alphaproteobacteria,28211,933274,933663,GBPCPCFC_01794,GBPCPCFC_01796,mRNA
GBPCPCFC_01796,gnl|Prokka|GBPCPCFC_22,1222,1348403,0.593,948.8175,764.2049,0.8661,0.0,0.3406,-0.3531,705,-0.319,-0.2498,0.3867,0,0,0.1895,0.0023,0.1379,0.0273,0.295,-1.4517,-0.7979,-1.4614180539072572,-0.5274815241311026,-0.19719404953864955,GBPCPCFC_01796-0,GBPCPCFC_01796-0,Rickettsia endosymbiont of Cimex lectularius,2698648,63.6,2.10e-96,291,unclassified Rickettsia,114295,,,Rickettsia,780,0,Alphaproteobacteria,28211,934234,934938,GBPCPCFC_01795,GBPCPCFC_01797,mRNA
GBPCPCFC_01797,gnl|Prokka|GBPCPCFC_22,1222,1348403,0.593,948.8175,764.2049,0.8661,0.0,0.3406,-0.3531,759,-0.2484,-0.1761,0.3881,0,0,0.2403,0.0001,0.2472,0.0001,0.332,-0.3953,-0.4679,-1.4537245481602772,0.13053496994879815,-0.17051744449469797,GBPCPCFC_01797-0,GBPCPCFC_01797-0,Rickettsia endosymbiont of Cimex lectularius,2698648,72.4,8.77e-126,367,unclassified Rickettsia,114295,,,Rickettsia,780,0,Alphaproteobacteria,28211,935074,935832,GBPCPCFC_01796,GBPCPCFC_01798,mRNA
GBPCPCFC_01798,gnl|Prokka|GBPCPCFC_22,1222,1348403,0.593,948.8175,764.2049,0.8661,0.0,0.3406,-0.3531,843,-0.1385,-0.0615,0.3893,0,0,0.337,0.0,0.3468,0.0,0.312,-0.9677,-0.6467,-1.4913915333360424,0.9866338610341584,-0.1596518751068828,GBPCPCFC_01798-0,GBPCPCFC_01798-0,Rickettsia endosymbiont of Bryobia graminum,2878922,53.5,6.06e-87,271,unclassified Rickettsia,114295,,,Rickettsia,780,0,Alphaproteobacteria,28211,935845,936687,GBPCPCFC_01797,GBPCPCFC_01799,mRNA
GBPCPCFC_01799,gnl|Prokka|GBPCPCFC_22,1222,1348403,0.593,948.8175,764.2049,0.8661,0.0,0.3406,-0.3531,879,-0.0914,-0.0123,0.3906,0,0,0.1306,0.0368,0.1869,0.0027,0.2617,-2.4051,-1.0958,-1.4255437212376565,-0.3689071418924171,-0.181749795152543,GBPCPCFC_01799-0,GBPCPCFC_01799-0,Rickettsia endosymbiont of Platyusa sonomae,2878924,54.5,4.53e-99,303,unclassified Rickettsia,114295,,,Rickettsia,780,0,Alphaproteobacteria,28211,936671,937549,GBPCPCFC_01798,GBPCPCFC_01800,mRNA
GBPCPCFC_01800,gnl|Prokka|GBPCPCFC_22,1222,1348403,0.593,948.8175,764.2049,0.8661,0.0,0.3406,-0.3531,1773,1.0785,1.2079,0.3933,0,0,0.1219,0.0514,0.26,0.0,0.2752,-2.0172,-0.9746,-1.5566398602904996,1.0507979248984707,-0.2578696056596275,GBPCPCFC_01800-0,GBPCPCFC_01800-0,Rickettsia endosymbiont of Labidopullus appendiculatus,2878921,54.8,1.12e-187,551,unclassified Rickettsia,114295,,,Rickettsia,780,0,Alphaproteobacteria,28211,937585,939357,GBPCPCFC_01799,GBPCPCFC_01801,mRNA
GBPCPCFC_01801,gnl|Prokka|GBPCPCFC_22,1222,1348403,0.593,948.8175,764.2049,0.8661,0.0,0.3406,-0.3531,999,0.0657,0.1515,0.3953,0,0,0.2612,0.0,0.2609,0.0,0.3694,0.6717,-0.1345,-1.5080355318531733,0.5875328901407983,-0.18226211003968001,GBPCPCFC_01801-0,GBPCPCFC_01801-0,Rickettsia endosymbiont of Sericostoma sp. HW-2014,2878927,83.3,6.64e-200,561,cellular organisms,131567,Sciaridae,7184,Sciaridae,7184,1,Eumetazoa,6072,939748,940746,GBPCPCFC_01800,GBPCPCFC_01802,mRNA
GBPCPCFC_01802,gnl|Prokka|GBPCPCFC_22,1222,1348403,0.593,948.8175,764.2049,0.8661,0.0,0.3406,-0.3531,888,-0.0796,-0.0,0.3967,0,0,0.2473,0.0001,0.2804,0.0,0.3637,0.5109,-0.1847,-1.4655155719266801,0.44714669904965554,-0.15596629207660026,GBPCPCFC_01802-0,GBPCPCFC_01802-0,unclassified Rickettsia,114295,73.9,2.30e-145,421,unclassified Rickettsia,114295,,,Rickettsia,780,0,Alphaproteobacteria,28211,940761,941648,GBPCPCFC_01801,GBPCPCFC_01803,mRNA
GBPCPCFC_01803,gnl|Prokka|GBPCPCFC_22,1222,1348403,0.593,948.8175,764.2049,0.8661,0.0,0.3406,-0.3531,210,-0.9668,-0.9254,0.397,0,0,0.0342,0.6412,0.0527,0.473,0.3095,-1.0378,-0.6686,-1.2893162500985356,-2.1313509979613086,-0.1155338347494019,GBPCPCFC_01803-0,GBPCPCFC_01803-0,Rotaria,231623,87.0,1.29e-35,125,cellular organisms,131567,Protostomia,33317,Protostomia,33317,1,Eumetazoa,6072,941660,941869,GBPCPCFC_01802,GBPCPCFC_01804,mRNA
GBPCPCFC_01804,gnl|Prokka|GBPCPCFC_22,1222,1348403,0.593,948.8175,764.2049,0.8661,0.0,0.3406,-0.3531,834,-0.1502,-0.0737,0.3984,0,0,0.1179,0.0596,0.1401,0.025,0.3357,-0.2892,-0.4347,-1.429526033099964,-0.6436225466999436,-0.17262123807404017,GBPCPCFC_01804-0,GBPCPCFC_01804-0,Rickettsia endosymbiont of Bryobia graminum,2878922,71.8,4.01e-141,408,Rickettsia endosymbiont of Bryobia graminum,2878922,,,Rickettsia endosymbiont of Bryobia graminum,2878922,0,Alphaproteobacteria,28211,941988,942821,GBPCPCFC_01803,GBPCPCFC_01805,mRNA
GBPCPCFC_01805,gnl|Prokka|GBPCPCFC_22,1222,1348403,0.593,948.8175,764.2049,0.8661,0.0,0.3406,-0.3531,1914,1.263,1.4004,0.4013,0,0,0.2818,0.0,0.2655,0.0,0.3527,0.1945,-0.2836,-1.6996764218417195,1.9220009270638236,-0.28300572154134246,GBPCPCFC_01805-0,GBPCPCFC_01805-0,Rickettsia endosymbiont of Pseudomimeciton antennatum,2878923,38.0,5.47e-101,331,unclassified Rickettsia,114295,,,Rickettsia,780,0,Alphaproteobacteria,28211,942853,944766,GBPCPCFC_01804,GBPCPCFC_01806,mRNA
GBPCPCFC_01806,gnl|Prokka|GBPCPCFC_22,1222,1348403,0.593,948.8175,764.2049,0.8661,0.0,0.3406,-0.3531,528,-0.5507,-0.4914,0.4024,0,0,0.1773,0.0044,0.1954,0.0017,0.3958,1.4277,0.1017,-1.3847106880725455,-0.6203924356289435,-0.11649034352149072,GBPCPCFC_01806-0,GBPCPCFC_01806-0,Rickettsia endosymbiont of Bryobia graminum,2878922,83.4,8.00e-107,313,cellular organisms,131567,Sciaridae,7184,Sciaridae,7184,1,Eumetazoa,6072,944962,945489,GBPCPCFC_01805,GBPCPCFC_01807,mRNA
GBPCPCFC_01807,gnl|Prokka|GBPCPCFC_22,1222,1348403,0.593,948.8175,764.2049,0.8661,0.0,0.3406,-0.3531,1347,0.521,0.6265,0.4044,0,0,0.1599,0.0104,0.219,0.0004,0.3823,1.042,-0.0188,-1.520117259665073,0.4927773877449743,-0.20119391532554173,GBPCPCFC_01807-0,GBPCPCFC_01807-0,Rickettsia endosymbiont of Cimex lectularius,2698648,88.5,7.30e-266,736,cellular organisms,131567,Arthropoda,6656,Arthropoda,6656,1,Eumetazoa,6072,945496,946842,GBPCPCFC_01806,GBPCPCFC_01808,mRNA
GBPCPCFC_01808,gnl|Prokka|GBPCPCFC_22,1222,1348403,0.593,948.8175,764.2049,0.8661,0.0,0.3406,-0.3531,468,-0.6292,-0.5733,0.4051,0,0,0.119,0.0614,0.1011,0.1122,0.3504,0.1306,-0.3035,-1.3770364668777255,-1.2665802461754767,-0.12625627745118534,GBPCPCFC_01808-0,GBPCPCFC_01808-0,Rickettsia endosymbiont of Bryobia graminum,2878922,78.6,1.17e-85,258,Rickettsia,780,,,Rickettsia,780,0,Alphaproteobacteria,28211,946886,947353,GBPCPCFC_01807,GBPCPCFC_01809,mRNA
GBPCPCFC_01809,gnl|Prokka|GBPCPCFC_22,1222,1348403,0.593,948.8175,764.2049,0.8661,0.0,0.3406,-0.3531,177,-1.01,-0.9705,0.4056,0,0,0.049,0.4645,0.0223,0.7393,0.4689,3.5157,0.7541,-1.307723805650117,-2.219198320306252,-0.10510440693067176,GBPCPCFC_01809-0,GBPCPCFC_01809-0,,,,,,,,,,,,0,Unassigned,,947466,947642,GBPCPCFC_01808,GBPCPCFC_01810,mRNA
GBPCPCFC_01810,gnl|Prokka|GBPCPCFC_22,1222,1348403,0.593,948.8175,764.2049,0.8661,0.0,0.3406,-0.3531,720,-0.2994,-0.2293,0.4068,0,0,0.1525,0.0146,0.1485,0.0174,0.3597,0.3961,-0.2206,-1.4270139572126537,-0.6252249769524815,-0.14236586066809925,GBPCPCFC_01810-0,GBPCPCFC_01810-0,Rickettsia endosymbiont of Bryobia graminum,2878922,80.3,2.63e-134,388,unclassified Rickettsia,114295,,,Rickettsia,780,0,Alphaproteobacteria,28211,947760,948479,GBPCPCFC_01809,GBPCPCFC_01811,mRNA
GBPCPCFC_01811,gnl|Prokka|GBPCPCFC_22,1222,1348403,0.593,948.8175,764.2049,0.8661,0.0,0.3406,-0.3531,630,-0.4172,-0.3522,0.4081,0,0,0.0994,0.1125,0.1425,0.0226,0.3413,-0.131,-0.3853,-1.3723355743932852,-0.9873823182165927,-0.12105186830220103,GBPCPCFC_01811-0,GBPCPCFC_01811-0,Rickettsia endosymbiont of Culicoides newsteadi,1961830,90.0,5.26e-145,412,cellular organisms,131567,Sciaridae,7184,Sciaridae,7184,1,Eumetazoa,6072,948694,949323,GBPCPCFC_01810,GBPCPCFC_01812,mRNA
GBPCPCFC_01812,gnl|Prokka|GBPCPCFC_22,1222,1348403,0.593,948.8175,764.2049,0.8661,0.0,0.3406,-0.3531,645,-0.3976,-0.3317,0.4099,0,0,0.163,0.009,0.2029,0.0011,0.3581,0.3509,-0.2347,-1.3915946696859887,-0.4963389219592434,-0.10841875918730634,GBPCPCFC_01812-0,GBPCPCFC_01812-0,Rickettsia endosymbiont of Bryobia graminum,2878922,52.3,4.47e-60,198,unclassified Rickettsia,114295,,,Rickettsia,780,0,Alphaproteobacteria,28211,949895,950539,GBPCPCFC_01811,GBPCPCFC_01813,mRNA
GBPCPCFC_01813,gnl|Prokka|GBPCPCFC_22,1222,1348403,0.593,948.8175,764.2049,0.8661,0.0,0.3406,-0.3531,768,-0.2366,-0.1638,0.4113,0,0,0.3501,0.0,0.3596,0.0,0.3607,0.4234,-0.212,-1.4753001147369982,0.9824040778586308,-0.09738624369178055,GBPCPCFC_01813-0,GBPCPCFC_01813-0,Rickettsia endosymbiont of Bryobia graminum,2878922,45.6,4.11e-59,198,Rickettsia endosymbiont of Bryobia graminum,2878922,,,Rickettsia endosymbiont of Bryobia graminum,2878922,0,Alphaproteobacteria,28211,950734,951501,GBPCPCFC_01812,GBPCPCFC_01814,mRNA
GBPCPCFC_01814,gnl|Prokka|GBPCPCFC_22,1222,1348403,0.593,948.8175,764.2049,0.8661,0.0,0.3406,-0.3531,1320,0.4857,0.5896,0.4134,0,0,0.0733,0.2428,0.1131,0.0707,0.3295,-0.4659,-0.4899,-1.5023422038399894,-0.26652159925085966,-0.1996076106716346,GBPCPCFC_01814-0,GBPCPCFC_01814-0,Rickettsia endosymbiont of Sericostoma sp. HW-2014,2878927,70.4,1.55e-221,625,unclassified Rickettsia,114295,,,Rickettsia,780,0,Alphaproteobacteria,28211,951619,952938,GBPCPCFC_01813,GBPCPCFC_01815,mRNA
GBPCPCFC_01815,gnl|Prokka|GBPCPCFC_22,1222,1348403,0.593,948.8175,764.2049,0.8661,0.0,0.3406,-0.3531,882,-0.0874,-0.0082,0.4148,0,0,0.1943,0.0018,0.2397,0.0001,0.3333,-0.3577,-0.4561,-1.441692404289585,0.07846894561865232,-0.1185995160936427,GBPCPCFC_01815-0,GBPCPCFC_01815-0,Rickettsia endosymbiont of Cimex lectularius,2698648,84.0,2.57e-166,473,unclassified Rickettsia,114295,,,Rickettsia,780,0,Alphaproteobacteria,28211,952974,953855,GBPCPCFC_01814,GBPCPCFC_01816,mRNA
GBPCPCFC_01816,gnl|Prokka|GBPCPCFC_22,1222,1348403,0.593,948.8175,764.2049,0.8661,0.0,0.3406,-0.3531,582,-0.48,-0.4177,0.4159,0,0,0.1235,0.0556,0.103,0.1106,0.3058,-1.143,-0.7015,-1.3995881140813204,-1.088223966357299,-0.11549223979568171,GBPCPCFC_01816-0,GBPCPCFC_01816-0,Rickettsia endosymbiont of Bryobia graminum,2878922,82.8,3.64e-107,315,unclassified Rickettsia,114295,,,Rickettsia,780,0,Alphaproteobacteria,28211,954010,954591,GBPCPCFC_01815,GBPCPCFC_01817,mRNA
GBPCPCFC_01817,gnl|Prokka|GBPCPCFC_22,1222,1348403,0.593,948.8175,764.2049,0.8661,0.0,0.3406,-0.3531,786,-0.2131,-0.1393,0.4171,0,0,0.1123,0.073,0.1563,0.0123,0.3702,0.6963,-0.1268,-1.4036841804623583,-0.6769642065482641,-0.1167996032744383,GBPCPCFC_01817-0,GBPCPCFC_01817-0,Rickettsia endosymbiont of Pseudomimeciton antennatum,2878923,82.3,2.60e-164,466,cellular organisms,131567,Sciaridae,7184,Sciaridae,7184,1,Eumetazoa,6072,954609,955394,GBPCPCFC_01816,GBPCPCFC_01818,mRNA
GBPCPCFC_01818,gnl|Prokka|GBPCPCFC_22,1222,1348403,0.593,948.8175,764.2049,0.8661,0.0,0.3406,-0.3531,681,-0.3505,-0.2826,0.4181,0,0,0.3165,0.0,0.327,0.0,0.3172,-0.8191,-0.6003,-1.4483216081979906,0.6135869618623528,-0.07669324510928188,GBPCPCFC_01818-0,GBPCPCFC_01818-0,Rickettsia endosymbiont of Pseudomimeciton antennatum,2878923,74.3,4.77e-117,343,unclassified Rickettsia,114295,,,Rickettsia,780,0,Alphaproteobacteria,28211,955397,956077,GBPCPCFC_01817,GBPCPCFC_01819,mRNA
GBPCPCFC_01819,gnl|Prokka|GBPCPCFC_22,1222,1348403,0.593,948.8175,764.2049,0.8661,0.0,0.3406,-0.3531,369,-0.7587,-0.7084,0.419,0,0,-0.0004,0.995,0.0227,0.7219,0.374,0.8035,-0.0933,-1.3054173867963026,-2.1646492843206575,-0.08892280634842512,GBPCPCFC_01819-0,GBPCPCFC_01819-0,,,,,,,,,,,,0,Unassigned,,956293,956661,GBPCPCFC_01818,GBPCPCFC_01820,mRNA
GBPCPCFC_01820,gnl|Prokka|GBPCPCFC_22,1222,1348403,0.593,948.8175,764.2049,0.8661,0.0,0.3406,-0.3531,213,-0.9629,-0.9213,0.4195,0,0,0.2035,0.0063,0.1409,0.0599,0.2911,-1.5647,-0.8332,-1.3668283652172184,-1.1243395302183896,-0.06236258227351415,GBPCPCFC_01820-0,GBPCPCFC_01820-0,Rickettsia endosymbiont of Omalisus fontisbellaquei,2866307,60.9,2.58e-17,79.0,Rickettsia,780,,,Rickettsia,780,0,Alphaproteobacteria,28211,956785,956997,GBPCPCFC_01819,GBPCPCFC_01821,mRNA
GBPCPCFC_01821,gnl|Prokka|GBPCPCFC_22,1222,1348403,0.593,948.8175,764.2049,0.8661,0.0,0.3406,-0.3531,264,-0.8961,-0.8517,0.4198,0,0,0.1657,0.017,0.1421,0.0411,0.2841,-1.7644,-0.8956,-1.3478569480033438,-1.2080164048762323,-0.06086623410717244,GBPCPCFC_01821-0,GBPCPCFC_01821-0,Rickettsia endosymbiont of Bryobia graminum,2878922,71.6,2.65e-33,120,unclassified Rickettsia,114295,,,Rickettsia,780,0,Alphaproteobacteria,28211,956998,957261,GBPCPCFC_01820,GBPCPCFC_01822,mRNA
GBPCPCFC_01822,gnl|Prokka|GBPCPCFC_22,1222,1348403,0.593,948.8175,764.2049,0.8661,0.0,0.3406,-0.3531,1335,0.5053,0.6101,0.4219,0,0,0.2018,0.0012,0.2253,0.0003,0.3169,-0.8285,-0.6032,-1.542263089900068,0.6708107347066907,-0.16446817445905876,GBPCPCFC_01822-0,GBPCPCFC_01822-0,Didymodactylos carnosus,1234261,66.7,2.22e-193,554,cellular organisms,131567,Protostomia,33317,Protostomia,33317,1,Eumetazoa,6072,957343,958677,GBPCPCFC_01821,GBPCPCFC_01823,mRNA
GBPCPCFC_01823,gnl|Prokka|GBPCPCFC_22,1222,1348403,0.593,948.8175,764.2049,0.8661,0.0,0.3406,-0.3531,1452,0.6584,0.7698,0.4242,0,0,0.3013,0.0,0.3662,0.0,0.3519,0.1735,-0.2901,-1.5670500062008572,1.723995292953289,-0.1407828632488202,GBPCPCFC_01823-0,GBPCPCFC_01823-0,Didymodactylos carnosus,1234261,83.5,2.83e-290,803,cellular organisms,131567,Sciaridae,7184,Sciaridae,7184,1,Eumetazoa,6072,958757,960208,GBPCPCFC_01822,GBPCPCFC_01824,mRNA
GBPCPCFC_01824,gnl|Prokka|GBPCPCFC_22,1222,1348403,0.593,948.8175,764.2049,0.8661,0.0,0.3406,-0.3531,888,-0.0796,-0.0,0.4255,0,0,0.2582,0.0,0.2803,0.0,0.3502,0.1248,-0.3053,-1.4677109083308748,0.4902845449438725,-0.09145650961473391,GBPCPCFC_01824-0,GBPCPCFC_01824-0,Rickettsia endosymbiont of Bryobia graminum,2878922,75.3,8.39e-162,462,cellular organisms,131567,Sciaridae,7184,Sciaridae,7184,1,Eumetazoa,6072,960218,961105,GBPCPCFC_01823,GBPCPCFC_01825,mRNA
GBPCPCFC_01825,gnl|Prokka|GBPCPCFC_22,1222,1348403,0.593,948.8175,764.2049,0.8661,0.0,0.3406,-0.3531,966,0.0225,0.1064,0.427,0,0,0.1546,0.0133,0.1733,0.0054,0.382,1.0322,-0.0218,-1.4599866269550914,-0.20095546242745604,-0.11753444826846948,GBPCPCFC_01825-0,GBPCPCFC_01825-0,Didymodactylos carnosus,1234261,83.0,1.83e-191,540,cellular organisms,131567,Protostomia,33317,Protostomia,33317,1,Eumetazoa,6072,961098,962063,GBPCPCFC_01824,GBPCPCFC_01826,mRNA
GBPCPCFC_01826,gnl|Prokka|GBPCPCFC_22,1222,1348403,0.593,948.8175,764.2049,0.8661,0.0,0.3406,-0.3531,795,-0.2013,-0.127,0.4281,0,0,0.1841,0.0031,0.275,0.0,0.2868,-1.6872,-0.8715,-1.396068129005627,0.039277887666825266,-0.06280419553588532,GBPCPCFC_01826-0,GBPCPCFC_01826-0,Pseudolycoriella hygida,35572,77.1,1.77e-128,395,cellular organisms,131567,Sciaridae,7184,Sciaridae,7184,1,Eumetazoa,6072,962060,962854,GBPCPCFC_01825,GBPCPCFC_01827,mRNA
GBPCPCFC_01827,gnl|Prokka|GBPCPCFC_22,1222,1348403,0.593,948.8175,764.2049,0.8661,0.0,0.3406,-0.3531,1239,0.3797,0.479,0.4302,0,0,0.3277,0.0,0.3915,0.0,0.3196,-0.7496,-0.5786,-1.5307324240255495,1.632556417354471,-0.09633244285439378,GBPCPCFC_01827-0,GBPCPCFC_01827-0,Didymodactylos carnosus,1234261,81.8,2.54e-244,681,cellular organisms,131567,Protostomia,33317,Protostomia,33317,1,Eumetazoa,6072,963036,964274,GBPCPCFC_01826,GBPCPCFC_01828,mRNA
GBPCPCFC_01828,gnl|Prokka|GBPCPCFC_22,1222,1348403,0.593,948.8175,764.2049,0.8661,0.0,0.3406,-0.3531,86,-1.129,-1.0947,0.4305,0,0,-0.2255,0.0038,-0.1701,0.0299,0.5698,6.3964,1.6541,-1.1776273242318418,-4.141006141304326,-0.056706688404770174,GBPCPCFC_01828-0,GBPCPCFC_01828-0,,,,,,,,,,,,0,Unassigned,,964374,964459,GBPCPCFC_01827,GBPCPCFC_01829,mRNA
GBPCPCFC_01829,gnl|Prokka|GBPCPCFC_22,1222,1348403,0.593,948.8175,764.2049,0.8661,0.0,0.3406,-0.3531,555,-0.5153,-0.4546,0.4314,0,0,0.2779,0.0,0.3229,0.0,0.3586,0.3629,-0.231,-1.3939522011052115,0.26883419963653293,-0.025138860390347805,GBPCPCFC_01829-0,GBPCPCFC_01829-0,Rickettsia endosymbiont of Cimex lectularius,2698648,78.9,1.31e-101,301,cellular organisms,131567,Sciaridae,7184,Sciaridae,7184,1,Eumetazoa,6072,964504,965058,GBPCPCFC_01828,GBPCPCFC_01830,mRNA
GBPCPCFC_01830,gnl|Prokka|GBPCPCFC_22,1222,1348403,0.593,948.8175,764.2049,0.8661,0.0,0.3406,-0.3531,297,-0.8529,-0.8067,0.4319,0,0,-0.023,0.731,-0.0027,0.9673,0.3502,0.1232,-0.3058,-1.2846694163973194,-2.4431988840323955,-0.05538367008004973,GBPCPCFC_01830-0,GBPCPCFC_01830-0,Rickettsia endosymbiont of Cimex lectularius,2698648,72.2,3.87e-31,122,Rickettsia,780,,,Rickettsia,780,0,Alphaproteobacteria,28211,965116,965412,GBPCPCFC_01829,GBPCPCFC_01831,mRNA
GBPCPCFC_01831,gnl|Prokka|GBPCPCFC_22,1222,1348403,0.593,948.8175,764.2049,0.8661,0.0,0.3406,-0.3531,1020,0.0931,0.1801,0.4342,0,0,0.1495,0.0167,0.188,0.0025,0.3843,1.0986,-0.0011,-1.4577080452095055,-0.09957433270991213,-0.10137193536590029,GBPCPCFC_01831-0,GBPCPCFC_01831-0,Pseudomonadota bacterium,1977087,87.0,2.75e-207,590,Pseudomonadota bacterium,1977087,,,Pseudomonadota bacterium,1977087,0,Pseudomonadota bacterium,1977087,965922,966941,GBPCPCFC_01830,GBPCPCFC_01832,mRNA
GBPCPCFC_01832,gnl|Prokka|GBPCPCFC_22,1222,1348403,0.593,948.8175,764.2049,0.8661,0.0,0.3406,-0.3531,1449,0.6545,0.7657,0.4363,0,0,0.1065,0.0889,0.1505,0.016,0.3354,-0.2985,-0.4376,-1.528577933642271,0.17169364134229725,-0.15509709214344392,GBPCPCFC_01832-0,GBPCPCFC_01832-0,Wolbachia endosymbiont of Dactylopius coccus,1605993,69.1,6.01e-237,668,unclassified Wolbachia,2640676,,,Wolbachia,953,0,Alphaproteobacteria,28211,966926,968374,GBPCPCFC_01831,GBPCPCFC_01833,mRNA
GBPCPCFC_01833,gnl|Prokka|GBPCPCFC_22,1222,1348403,0.593,948.8175,764.2049,0.8661,0.0,0.3406,-0.3531,618,-0.4329,-0.3686,0.4375,0,0,0.1337,0.0354,0.1437,0.0236,0.3835,1.0753,-0.0084,-1.3889139133036361,-0.8590343824662513,-0.05734280994561801,GBPCPCFC_01833-0,GBPCPCFC_01833-0,Pseudomonadota bacterium,1977087,84.4,4.24e-131,390,Pseudomonadota bacterium,1977087,,,Pseudomonadota bacterium,1977087,0,Pseudomonadota bacterium,1977087,968568,969185,GBPCPCFC_01832,GBPCPCFC_01834,mRNA
GBPCPCFC_01834,gnl|Prokka|GBPCPCFC_22,1222,1348403,0.593,948.8175,764.2049,0.8661,0.0,0.3406,-0.3531,657,-0.3819,-0.3153,0.4386,0,0,0.0998,0.123,0.1638,0.0111,0.3227,-0.6621,-0.5512,-1.3606483535627847,-0.8778921709460091,-0.04646991996403748,GBPCPCFC_01834-0,GBPCPCFC_01834-0,Rickettsia endosymbiont of Culicoides impunctatus,2867440,63.0,2.60e-87,270,cellular organisms,131567,Sciaridae,7184,Sciaridae,7184,1,Eumetazoa,6072,969260,969916,GBPCPCFC_01833,GBPCPCFC_01835,mRNA
GBPCPCFC_01835,gnl|Prokka|GBPCPCFC_22,1222,1348403,0.593,948.8175,764.2049,0.8661,0.0,0.3406,-0.3531,726,-0.2916,-0.2212,0.4398,0,0,0.2206,0.0005,0.2694,0.0,0.3678,0.626,-0.1488,-1.4102973730949995,0.07778473765208324,-0.035773036264691124,GBPCPCFC_01835-0,GBPCPCFC_01835-0,Rotaria sp. Silwood2,2762512,82.2,6.68e-136,392,cellular organisms,131567,Sciaridae,7184,Sciaridae,7184,1,Eumetazoa,6072,970020,970745,GBPCPCFC_01834,GBPCPCFC_01836,mRNA
GBPCPCFC_01836,gnl|Prokka|GBPCPCFC_22,1222,1348403,0.593,948.8175,764.2049,0.8661,0.0,0.3406,-0.3531,447,-0.6567,-0.602,0.4404,0,0,0.2098,0.0007,0.1849,0.003,0.3065,-1.1246,-0.6957,-1.3905987379746245,-0.6329724839808372,-0.02833125030764141,GBPCPCFC_01836-0,GBPCPCFC_01836-0,Cardinium endosymbiont of Oedothorax gibbosus,931101,47.8,1.86e-24,101,Cardinium endosymbiont of Oedothorax gibbosus,931101,,,Cardinium endosymbiont of Oedothorax gibbosus,931101,0,Bacteroidota,976,970687,971133,GBPCPCFC_01835,GBPCPCFC_01837,mRNA
GBPCPCFC_01837,gnl|Prokka|GBPCPCFC_22,1222,1348403,0.593,948.8175,764.2049,0.8661,0.0,0.3406,-0.3531,1587,0.8351,0.954,0.4428,0,0,0.3056,0.0,0.3451,0.0,0.2949,-1.4557,-0.7992,-1.6037295130747575,1.8502791917452173,-0.12274954952605283,GBPCPCFC_01837-0,GBPCPCFC_01837-0,Rickettsia endosymbiont of Pseudomimeciton antennatum,2878923,59.5,1.59e-202,584,unclassified Rickettsia,114295,,,Rickettsia,780,0,Alphaproteobacteria,28211,971173,972759,GBPCPCFC_01836,GBPCPCFC_01838,mRNA
GBPCPCFC_01838,gnl|Prokka|GBPCPCFC_22,1222,1348403,0.593,948.8175,764.2049,0.8661,0.0,0.3406,-0.3531,972,0.0303,0.1146,0.4445,0,0,0.1369,0.0285,0.1882,0.0025,0.3591,0.377,-0.2265,-1.4365828220347394,-0.2163457087416594,-0.06941111101038888,GBPCPCFC_01838-0,GBPCPCFC_01838-0,unclassified Rickettsia,114295,63.6,4.99e-123,366,unclassified Rickettsia,114295,,,Rickettsia,780,0,Alphaproteobacteria,28211,972895,973866,GBPCPCFC_01837,GBPCPCFC_01839,mRNA
GBPCPCFC_01839,gnl|Prokka|GBPCPCFC_22,1222,1348403,0.593,948.8175,764.2049,0.8661,0.0,0.3406,-0.3531,1242,0.3836,0.4831,0.4464,0,0,0.3149,0.0,0.4088,0.0,0.3317,-0.4037,-0.4705,-1.5094826743300611,1.6421344487650529,-0.05090474660867922,GBPCPCFC_01839-0,GBPCPCFC_01839-0,Rickettsia endosymbiont of Cimex lectularius,2698648,78.9,3.55e-224,630,Rickettsia,780,,,Rickettsia,780,0,Alphaproteobacteria,28211,973921,975162,GBPCPCFC_01838,GBPCPCFC_01840,mRNA
GBPCPCFC_01840,gnl|Prokka|GBPCPCFC_22,1222,1348403,0.593,948.8175,764.2049,0.8661,0.0,0.3406,-0.3531,2589,2.1463,2.3217,0.4503,0,0,0.2424,0.0001,0.3516,0.0,0.292,-1.5383,-0.825,-1.748395347209114,2.9613154890165725,-0.2152946371778999,GBPCPCFC_01840-0,GBPCPCFC_01840-0,Rickettsia endosymbiont of Labidopullus appendiculatus,2878921,55.1,0.0,939,unclassified Rickettsia,114295,,,Rickettsia,780,0,Alphaproteobacteria,28211,975179,977767,GBPCPCFC_01839,GBPCPCFC_01841,mRNA
GBPCPCFC_01841,gnl|Prokka|GBPCPCFC_22,1222,1348403,0.593,948.8175,764.2049,0.8661,0.0,0.3406,-0.3531,1860,1.1923,1.3266,0.4539,0,0,0.4173,0.0,0.4616,0.0,0.3645,0.5331,-0.1778,-1.6790123094820497,3.0804035268259944,-0.10885468932696656,GBPCPCFC_01841-0,GBPCPCFC_01841-0,Rickettsia endosymbiont of Pseudomimeciton antennatum,2878923,33.8,7.50e-61,223,unclassified Rickettsia,114295,,,Rickettsia,780,0,Alphaproteobacteria,28211,978333,980192,GBPCPCFC_01840,GBPCPCFC_01842,mRNA
GBPCPCFC_01842,gnl|Prokka|GBPCPCFC_22,1222,1348403,0.593,948.8175,764.2049,0.8661,0.0,0.3406,-0.3531,747,-0.2641,-0.1925,0.455,0,0,0.1108,0.0817,0.1674,0.0083,0.3548,0.2542,-0.2649,-1.3812718658780723,-0.6999518898955714,-0.02029610569173749,GBPCPCFC_01842-0,GBPCPCFC_01842-0,Rickettsia endosymbiont of Culicoides newsteadi,1961830,75.0,2.81e-126,369,cellular organisms,131567,Sciaridae,7184,Sciaridae,7184,1,Eumetazoa,6072,980189,980935,GBPCPCFC_01841,GBPCPCFC_01843,mRNA
GBPCPCFC_01843,gnl|Prokka|GBPCPCFC_22,1222,1348403,0.593,948.8175,764.2049,0.8661,0.0,0.3406,-0.3531,618,-0.4329,-0.3686,0.4559,0,0,0.211,0.001,0.2224,0.0005,0.3544,0.2432,-0.2683,-1.4026254200538508,-0.26972280954782085,-0.00042252944400544596,GBPCPCFC_01843-0,GBPCPCFC_01843-0,Rickettsia endosymbiont of Sericostoma sp.,2878926,83.4,1.67e-125,363,cellular organisms,131567,Arthropoda,6656,Arthropoda,6656,1,Eumetazoa,6072,980974,981591,GBPCPCFC_01842,GBPCPCFC_01844,mRNA
GBPCPCFC_01844,gnl|Prokka|GBPCPCFC_22,1222,1348403,0.593,948.8175,764.2049,0.8661,0.0,0.3406,-0.3531,930,-0.0246,0.0573,0.4575,0,0,0.1222,0.0509,0.1968,0.0016,0.3527,0.1952,-0.2833,-1.4101700466997962,-0.305324220692933,-0.028551474699747083,GBPCPCFC_01844-0,GBPCPCFC_01844-0,Legionella maceachernii,466,42.6,1.17e-60,204,Pseudomonadota,1224,,,Pseudomonadota,1224,0,Pseudomonadota,1224,981717,982646,GBPCPCFC_01843,GBPCPCFC_01845,mRNA
GBPCPCFC_01845,gnl|Prokka|GBPCPCFC_22,1222,1348403,0.593,948.8175,764.2049,0.8661,0.0,0.3406,-0.3531,1377,0.5603,0.6674,0.4596,0,0,0.2749,0.0,0.3087,0.0,0.3159,-0.8556,-0.6117,-1.554610836156225,1.314039605337961,-0.06571212374925409,GBPCPCFC_01845-0,GBPCPCFC_01845-0,Wolbachia endosymbiont of Ctenocephalides felis wCfeJ,2732594,71.8,9.35e-222,628,Wolbachia endosymbiont of Ctenocephalides felis wCfeJ,2732594,,,Wolbachia endosymbiont of Ctenocephalides felis wCfeJ,2732594,0,Alphaproteobacteria,28211,982658,984034,GBPCPCFC_01844,GBPCPCFC_01846,mRNA
GBPCPCFC_01846,gnl|Prokka|GBPCPCFC_22,1222,1348403,0.593,948.8175,764.2049,0.8661,0.0,0.3406,-0.3531,288,-0.8647,-0.819,0.4604,0,0,-0.2161,0.0012,-0.1732,0.0099,0.3611,0.4358,-0.2082,-1.219705284496976,-3.842088396630619,-0.015322988134549825,GBPCPCFC_01846-0,GBPCPCFC_01846-0,Rickettsia endosymbiont of Labidopullus appendiculatus,2878921,76.3,4.94e-43,145,unclassified Rickettsia,114295,,,Rickettsia,780,0,Alphaproteobacteria,28211,984333,984620,GBPCPCFC_01845,GBPCPCFC_01847,mRNA
GBPCPCFC_01847,gnl|Prokka|GBPCPCFC_22,1222,1348403,0.593,948.8175,764.2049,0.8661,0.0,0.3406,-0.3531,231,-0.9393,-0.8968,0.4608,0,0,0.3009,0.0001,0.2169,0.0047,0.2771,-1.9653,-0.9584,-1.3957102923298348,-0.43837214289414783,0.040728286841839954,GBPCPCFC_01847-0,GBPCPCFC_01847-0,unclassified Rickettsia,114295,84.9,1.09e-39,135,unclassified Rickettsia,114295,,,Rickettsia,780,0,Alphaproteobacteria,28211,984622,984852,GBPCPCFC_01846,GBPCPCFC_01848,mRNA
GBPCPCFC_01848,gnl|Prokka|GBPCPCFC_22,1222,1348403,0.593,948.8175,764.2049,0.8661,0.0,0.3406,-0.3531,77,-1.1408,-1.107,0.4612,0,0,-0.0566,0.534,-0.0325,0.721,0.5584,6.0729,1.553,-1.2253946775556168,-2.9832611220862235,0.03463439090299448,GBPCPCFC_01848-0,GBPCPCFC_01848-0,,,,,,,,,,,,0,Unassigned,,985043,985119,GBPCPCFC_01847,GBPCPCFC_01849,mRNA
GBPCPCFC_01849,gnl|Prokka|GBPCPCFC_22,1222,1348403,0.593,948.8175,764.2049,0.8661,0.0,0.3406,-0.3531,1767,1.0706,1.1997,0.4647,0,0,0.2753,0.0,0.3857,0.0,0.343,-0.0829,-0.3702,-1.5909846582502287,2.1052822049564948,-0.07450026990239145,GBPCPCFC_01849-0,GBPCPCFC_01849-0,Rickettsia endosymbiont of Bryobia graminum,2878922,69.7,6.97e-280,786,cellular organisms,131567,Sciaridae,7184,Sciaridae,7184,1,Eumetazoa,6072,985737,987503,GBPCPCFC_01848,GBPCPCFC_01850,mRNA
GBPCPCFC_01850,gnl|Prokka|GBPCPCFC_22,1222,1348403,0.593,948.8175,764.2049,0.8661,0.0,0.3406,-0.3531,1368,0.5485,0.6551,0.4668,0,0,0.2133,0.0006,0.1834,0.0032,0.2939,-1.4853,-0.8084,-1.5694475826559762,0.6163424056789013,-0.0818567341832644,GBPCPCFC_01850-0,GBPCPCFC_01850-0,Orientia tsutsugamushi,784,38.1,1.38e-73,254,cellular organisms,131567,Sciaridae,7184,Sciaridae,7184,1,Eumetazoa,6072,987537,988904,GBPCPCFC_01849,GBPCPCFC_01851,mRNA
GBPCPCFC_01851,gnl|Prokka|GBPCPCFC_22,1222,1348403,0.593,948.8175,764.2049,0.8661,0.0,0.3406,-0.3531,330,-0.8098,-0.7617,0.4673,0,0,0.0845,0.1975,0.1225,0.0613,0.297,-1.3965,-0.7806,-1.3000796737574063,-1.5258340494986995,0.048002158280755984,GBPCPCFC_01851-0,GBPCPCFC_01851-0,unclassified Rickettsia,114295,70.5,4.45e-38,134,unclassified Rickettsia,114295,,,Rickettsia,780,0,Alphaproteobacteria,28211,988913,989242,GBPCPCFC_01850,GBPCPCFC_01852,mRNA
GBPCPCFC_01852,gnl|Prokka|GBPCPCFC_22,1222,1348403,0.593,948.8175,764.2049,0.8661,0.0,0.3406,-0.3531,1248,0.3915,0.4913,0.4692,0,0,0.2069,0.0009,0.2636,0.0,0.351,0.1459,-0.2988,-1.499453719637114,0.7033242343103162,-0.031831607806070555,GBPCPCFC_01852-0,GBPCPCFC_01852-0,Rickettsia endosymbiont of Platyusa sonomae,2878924,78.1,3.11e-221,622,unclassified Rickettsia,114295,,,Rickettsia,780,0,Alphaproteobacteria,28211,989262,990509,GBPCPCFC_01851,GBPCPCFC_01853,mRNA
GBPCPCFC_01853,gnl|Prokka|GBPCPCFC_22,1222,1348403,0.593,948.8175,764.2049,0.8661,0.0,0.3406,-0.3531,714,-0.3073,-0.2375,0.4702,0,0,0.2912,0.0,0.3689,0.0,0.3557,0.2825,-0.2561,-1.403456359046029,0.6938682697858612,0.058917710053545506,GBPCPCFC_01853-0,GBPCPCFC_01853-0,Rickettsia endosymbiont of Cimex lectularius,2698648,71.9,3.95e-106,316,cellular organisms,131567,Sciaridae,7184,Sciaridae,7184,1,Eumetazoa,6072,990502,991215,GBPCPCFC_01852,GBPCPCFC_01854,mRNA
GBPCPCFC_01854,gnl|Prokka|GBPCPCFC_22,1222,1348403,0.593,948.8175,764.2049,0.8661,0.0,0.3406,-0.3531,2451,1.9657,2.1333,0.4742,0,0,0.2272,0.0002,0.2345,0.0002,0.406,1.7169,0.1921,-1.7649300422222456,2.3088703660684686,-0.18224170910307247,GBPCPCFC_01854-0,GBPCPCFC_01854-0,,,,,,,,,,,,0,Unassigned,,991483,993933,GBPCPCFC_01853,GBPCPCFC_01855,mRNA
GBPCPCFC_01855,gnl|Prokka|GBPCPCFC_22,1222,1348403,0.593,948.8175,764.2049,0.8661,0.0,0.3406,-0.3531,2004,1.3808,1.5232,0.4771,0,0,0.1592,0.0108,0.2371,0.0001,0.4741,3.6621,0.7998,-1.6241893223936639,1.4331360549940406,-0.10761766275653699,GBPCPCFC_01855-0,GBPCPCFC_01855-0,Rickettsia tillamookensis,2761623,24.0,9.74e-04,56.2,Rickettsia tillamookensis,2761623,,,Rickettsia tillamookensis,2761623,0,Alphaproteobacteria,28211,993893,995896,GBPCPCFC_01854,GBPCPCFC_01856,mRNA
GBPCPCFC_01856,gnl|Prokka|GBPCPCFC_22,1222,1348403,0.593,948.8175,764.2049,0.8661,0.0,0.3406,-0.3531,813,-0.1777,-0.1024,0.4783,0,0,0.1923,0.002,0.2571,0.0,0.4514,3.0155,0.5978,-1.4044493092693435,0.03339575989462864,0.042969390993874375,GBPCPCFC_01856-0,GBPCPCFC_01856-0,Pseudolycoriella hygida,35572,47.3,5.82e-68,240,cellular organisms,131567,Sciaridae,7184,Sciaridae,7184,1,Eumetazoa,6072,995878,996690,GBPCPCFC_01855,GBPCPCFC_01857,mRNA
GBPCPCFC_01857,gnl|Prokka|GBPCPCFC_22,1222,1348403,0.593,948.8175,764.2049,0.8661,0.0,0.3406,-0.3531,1740,1.0353,1.1629,0.4814,0,0,0.2736,0.0,0.3204,0.0,0.3448,-0.0293,-0.3535,-1.6144315416319346,1.8371585736325706,-0.055695947738292714,GBPCPCFC_01857-0,GBPCPCFC_01857-0,Pseudolycoriella hygida,35572,84.2,0.0,955,cellular organisms,131567,Sciaridae,7184,Sciaridae,7184,1,Eumetazoa,6072,997011,998750,GBPCPCFC_01856,GBPCPCFC_01858,mRNA
GBPCPCFC_01858,gnl|Prokka|GBPCPCFC_22,1222,1348403,0.593,948.8175,764.2049,0.8661,0.0,0.3406,-0.3531,663,-0.374,-0.3071,0.4827,0,0,0.1394,0.0282,0.1154,0.0697,0.3379,-0.2284,-0.4157,-1.407073174938678,-0.8747056296476533,0.03036074073564867,GBPCPCFC_01858-0,GBPCPCFC_01858-0,Pseudolycoriella hygida,35572,65.0,9.15e-88,268,cellular organisms,131567,Sciaridae,7184,Sciaridae,7184,1,Eumetazoa,6072,998991,999653,GBPCPCFC_01857,GBPCPCFC_01859,mRNA
GBPCPCFC_01859,gnl|Prokka|GBPCPCFC_22,1222,1348403,0.593,948.8175,764.2049,0.8661,0.0,0.3406,-0.3531,77,-1.1408,-1.107,0.4835,0,0,0.1302,0.1462,0.1215,0.1753,0.5844,6.8148,1.7849,-1.2817189114082395,-1.6820577262098586,0.1081233866807099,GBPCPCFC_01859-0,GBPCPCFC_01859-0,,,,,,,,,,,,0,Unassigned,,1000082,1000158,GBPCPCFC_01858,GBPCPCFC_01860,mRNA
GBPCPCFC_01860,gnl|Prokka|GBPCPCFC_22,1222,1348403,0.593,948.8175,764.2049,0.8661,0.0,0.3406,-0.3531,852,-0.1267,-0.0492,0.4849,0,0,0.2302,0.0003,0.3213,0.0,0.3721,0.7488,-0.1104,-1.4062147411207209,0.4630544738131836,0.06961603381230938,GBPCPCFC_01860-0,GBPCPCFC_01860-0,spotted fever group,114277,58.3,3.38e-81,266,spotted fever group,114277,,,spotted fever group,114277,0,Alphaproteobacteria,28211,1000298,1001149,GBPCPCFC_01859,GBPCPCFC_01861,mRNA
GBPCPCFC_01861,gnl|Prokka|GBPCPCFC_22,1222,1348403,0.593,948.8175,764.2049,0.8661,0.0,0.3406,-0.3531,198,-0.9825,-0.9418,0.4854,0,0,0.1771,0.0153,0.1655,0.0236,0.3586,0.3637,-0.2307,-1.317696105918426,-1.1734551524828132,0.10501651976189066,GBPCPCFC_01861-0,GBPCPCFC_01861-0,Rickettsia endosymbiont of Pseudomimeciton antennatum,2878923,81.3,2.90e-28,116,Rickettsia,780,,,Rickettsia,780,0,Alphaproteobacteria,28211,1001251,1001448,GBPCPCFC_01860,GBPCPCFC_01862,mRNA
GBPCPCFC_01862,gnl|Prokka|GBPCPCFC_22,1222,1348403,0.593,948.8175,764.2049,0.8661,0.0,0.3406,-0.3531,417,-0.6959,-0.6429,0.4862,0,0,0.076,0.2728,0.0789,0.2549,0.3429,-0.0837,-0.3705,-1.3292157182310897,-1.5944823069962057,0.06685416524994046,GBPCPCFC_01862-0,GBPCPCFC_01862-0,Rickettsia tamurae,334545,62.7,6.70e-48,162,spotted fever group,114277,,,spotted fever group,114277,0,Alphaproteobacteria,28211,1001549,1001965,GBPCPCFC_01861,GBPCPCFC_01863,mRNA
GBPCPCFC_01863,gnl|Prokka|GBPCPCFC_22,1222,1348403,0.593,948.8175,764.2049,0.8661,0.0,0.3406,-0.3531,258,-0.904,-0.8599,0.487,0,0,0.2205,0.0009,0.1757,0.0083,0.345,-0.0255,-0.3523,-1.356433387788957,-0.8779112671410441,0.09732732216890637,GBPCPCFC_01863-0,GBPCPCFC_01863-0,Rickettsia endosymbiont of Ixodes scapularis,444612,89.3,6.29e-47,160,Rickettsia,780,,,Rickettsia,780,0,Alphaproteobacteria,28211,1002292,1002549,GBPCPCFC_01862,GBPCPCFC_01864,mRNA
GBPCPCFC_01864,gnl|Prokka|GBPCPCFC_22,1222,1348403,0.593,948.8175,764.2049,0.8661,0.0,0.3406,-0.3531,957,0.0107,0.0941,0.489,0,0,0.2778,0.0,0.318,0.0,0.3584,0.3587,-0.2323,-1.4633274910591203,0.7899993987212266,0.056629391386476026,GBPCPCFC_01864-0,GBPCPCFC_01864-0,spotted fever group,114277,64.4,5.35e-133,391,spotted fever group,114277,,,spotted fever group,114277,0,Alphaproteobacteria,28211,1002898,1003854,GBPCPCFC_01863,GBPCPCFC_01865,mRNA
GBPCPCFC_01865,gnl|Prokka|GBPCPCFC_22,1222,1348403,0.593,948.8175,764.2049,0.8661,0.0,0.3406,-0.3531,1845,1.1727,1.3062,0.4919,0,0,0.2165,0.0005,0.2248,0.0003,0.3491,0.0913,-0.3158,-1.6390914676196642,1.4131478381641376,-0.06839141764733812,GBPCPCFC_01865-0,GBPCPCFC_01865-0,Rickettsia endosymbiont of Cimex lectularius,2698648,71.2,2.29e-314,874,unclassified Rickettsia,114295,,,Rickettsia,780,0,Alphaproteobacteria,28211,1003999,1005843,GBPCPCFC_01864,GBPCPCFC_01866,mRNA
GBPCPCFC_01866,gnl|Prokka|GBPCPCFC_22,1222,1348403,0.593,948.8175,764.2049,0.8661,0.0,0.3406,-0.3531,288,-0.8647,-0.819,0.4923,0,0,0.0074,0.9134,0.0341,0.6152,0.3646,0.535,-0.1772,-1.2741871391192316,-2.206449869453874,0.09286994251982252,GBPCPCFC_01866-0,GBPCPCFC_01866-0,Sphingobacteriaceae bacterium,2021370,44.3,8.89e-15,74.3,Sphingobacteriaceae bacterium,2021370,,,Sphingobacteriaceae bacterium,2021370,0,Bacteroidota,976,1005831,1006118,GBPCPCFC_01865,GBPCPCFC_01867,mRNA
GBPCPCFC_01867,gnl|Prokka|GBPCPCFC_22,1222,1348403,0.593,948.8175,764.2049,0.8661,0.0,0.3406,-0.3531,696,-0.3308,-0.2621,0.494,0,0,0.1778,0.005,0.1753,0.0056,0.319,-0.7681,-0.5843,-1.4092362324504517,-0.4663536931583302,0.06700719137713165,GBPCPCFC_01867-0,GBPCPCFC_01867-0,,,,,,,,,,,,0,Unassigned,,1006576,1007271,GBPCPCFC_01866,GBPCPCFC_01868,mRNA
GBPCPCFC_01868,gnl|Prokka|GBPCPCFC_22,1222,1348403,0.593,948.8175,764.2049,0.8661,0.0,0.3406,-0.3531,1095,0.1913,0.2825,0.4956,0,0,0.0889,0.1561,0.0713,0.2554,0.3699,0.6858,-0.1301,-1.4740492894806454,-0.6536205936125501,0.00013991484444201356,GBPCPCFC_01868-0,GBPCPCFC_01868-0,Rickettsia bellii,33990,92.9,1.18e-250,692,cellular organisms,131567,Arthropoda,6656,Arthropoda,6656,1,Eumetazoa,6072,1007266,1008360,GBPCPCFC_01867,GBPCPCFC_01869,mRNA
GBPCPCFC_01869,gnl|Prokka|GBPCPCFC_22,1222,1348403,0.593,948.8175,764.2049,0.8661,0.0,0.3406,-0.3531,210,-0.9668,-0.9254,0.496,0,0,0.1464,0.0362,0.1382,0.0481,0.3571,0.3225,-0.2436,-1.3088341513949622,-1.3788034851582747,0.12367560354229125,GBPCPCFC_01869-0,GBPCPCFC_01869-0,Rickettsia tamurae subsp. buchneri,1462938,72.1,5.24e-21,91.3,Rickettsia tamurae subsp. buchneri,1462938,,,Rickettsia tamurae subsp. buchneri,1462938,0,Alphaproteobacteria,28211,1008430,1008639,GBPCPCFC_01868,GBPCPCFC_01870,mRNA
GBPCPCFC_01870,gnl|Prokka|GBPCPCFC_22,1222,1348403,0.593,948.8175,764.2049,0.8661,0.0,0.3406,-0.3531,1398,0.5878,0.6961,0.4987,0,0,0.1737,0.0053,0.2565,0.0,0.3519,0.1736,-0.2901,-1.5014937072508894,0.741472578298986,0.021174452567269002,GBPCPCFC_01870-0,GBPCPCFC_01870-0,Rickettsia tamurae,334545,83.4,7.28e-158,493,spotted fever group,114277,,,spotted fever group,114277,0,Alphaproteobacteria,28211,1009020,1010417,GBPCPCFC_01869,GBPCPCFC_01871,mRNA
GBPCPCFC_01871,gnl|Prokka|GBPCPCFC_22,1222,1348403,0.593,948.8175,764.2049,0.8661,0.0,0.3406,-0.3531,261,-0.9,-0.8558,0.499,0,0,0.1227,0.0909,0.1731,0.0167,0.2835,-1.7805,-0.9006,-1.2825812369849958,-1.2885501111060578,0.1409416471039926,GBPCPCFC_01871-0,GBPCPCFC_01871-0,Alphaproteobacteria bacterium,1913988,51.6,2.02e-08,60.8,Pseudomonadota,1224,,,Pseudomonadota,1224,0,Pseudomonadota,1224,1010377,1010637,GBPCPCFC_01870,GBPCPCFC_01872,mRNA
GBPCPCFC_01872,gnl|Prokka|GBPCPCFC_22,1222,1348403,0.593,948.8175,764.2049,0.8661,0.0,0.3406,-0.3531,1845,1.1727,1.3062,0.5023,0,0,0.2152,0.0005,0.2802,0.0,0.3388,-0.2029,-0.4077,-1.6075338537416928,1.597309254695944,-0.024395272617638138,GBPCPCFC_01872-0,GBPCPCFC_01872-0,Rickettsia endosymbiont of Cimex lectularius,2698648,72.0,0.0,893,unclassified Rickettsia,114295,,,Rickettsia,780,0,Alphaproteobacteria,28211,1011020,1012864,GBPCPCFC_01871,GBPCPCFC_01873,mRNA
GBPCPCFC_01873,gnl|Prokka|GBPCPCFC_22,1222,1348403,0.593,948.8175,764.2049,0.8661,0.0,0.3406,-0.3531,2331,1.8087,1.9695,0.5062,0,0,0.1756,0.0048,0.2436,0.0001,0.3775,0.9046,-0.0617,-1.6913402636467445,1.9628212982107514,-0.08130506555659134,GBPCPCFC_01873-0,GBPCPCFC_01873-0,,,,,,,,,,,,0,Unassigned,,1013124,1015454,GBPCPCFC_01872,GBPCPCFC_01874,mRNA
GBPCPCFC_01874,gnl|Prokka|GBPCPCFC_22,1222,1348403,0.593,948.8175,764.2049,0.8661,0.0,0.3406,-0.3531,123,-1.0806,-1.0442,0.5064,0,0,-0.0418,0.5803,-0.0154,0.839,0.2683,-2.2157,-1.0366,-1.2273185152567747,-2.8036592555269997,0.13675215848411976,GBPCPCFC_01874-0,GBPCPCFC_01874-0,,,,,,,,,,,,0,Unassigned,,1015523,1015645,GBPCPCFC_01873,GBPCPCFC_01875,mRNA
GBPCPCFC_01875,gnl|Prokka|GBPCPCFC_22,1222,1348403,0.593,948.8175,764.2049,0.8661,0.0,0.3406,-0.3531,1287,0.4425,0.5446,0.5089,0,0,0.2504,0.0001,0.2616,0.0,0.3124,-0.957,-0.6433,-1.5323987518560802,0.9265059449297818,0.046675548051727654,GBPCPCFC_01875-0,GBPCPCFC_01875-0,Legionella pneumophila,446,31.9,1.13e-36,149,Pseudomonadota,1224,,,Pseudomonadota,1224,0,Pseudomonadota,1224,1016005,1017291,GBPCPCFC_01874,GBPCPCFC_01876,mRNA
GBPCPCFC_01876,gnl|Prokka|GBPCPCFC_22,1222,1348403,0.593,948.8175,764.2049,0.8661,0.0,0.3406,-0.3531,930,-0.0246,0.0573,0.5102,0,0,0.2536,0.0,0.2264,0.0003,0.3452,-0.0198,-0.3505,-1.4824207270258398,0.33759748348635255,0.08047677808201191,GBPCPCFC_01876-0,GBPCPCFC_01876-0,Rickettsia endosymbiont of Cimex lectularius,2698648,53.6,8.32e-96,293,unclassified Rickettsia,114295,,,Rickettsia,780,0,Alphaproteobacteria,28211,1017262,1018191,GBPCPCFC_01875,GBPCPCFC_01877,mRNA
GBPCPCFC_01877,gnl|Prokka|GBPCPCFC_22,1222,1348403,0.593,948.8175,764.2049,0.8661,0.0,0.3406,-0.3531,1062,0.1481,0.2375,0.5118,0,0,0.2925,0.0,0.3193,0.0,0.3126,-0.9495,-0.641,-1.4895621048049015,0.9958647480801691,0.09416309619357521,GBPCPCFC_01877-0,GBPCPCFC_01877-0,Rickettsia endosymbiont of Pseudomimeciton antennatum,2878923,66.2,1.41e-117,352,unclassified Rickettsia,114295,,,Rickettsia,780,0,Alphaproteobacteria,28211,1018192,1019253,GBPCPCFC_01876,GBPCPCFC_01878,mRNA
GBPCPCFC_01878,gnl|Prokka|GBPCPCFC_22,1222,1348403,0.593,948.8175,764.2049,0.8661,0.0,0.3406,-0.3531,699,-0.3269,-0.258,0.5129,0,0,0.2451,0.0001,0.3308,0.0,0.2775,-1.9515,-0.9541,-1.3765678235565262,0.34927708119728124,0.1538564168465664,GBPCPCFC_01878-0,GBPCPCFC_01878-0,Pseudolycoriella hygida,35572,66.8,7.79e-91,298,cellular organisms,131567,Sciaridae,7184,Sciaridae,7184,1,Eumetazoa,6072,1019301,1019999,GBPCPCFC_01877,GBPCPCFC_01879,mRNA
GBPCPCFC_01879,gnl|Prokka|GBPCPCFC_22,1222,1348403,0.593,948.8175,764.2049,0.8661,0.0,0.3406,-0.3531,768,-0.2366,-0.1638,0.5145,0,0,0.2098,0.0007,0.2225,0.0003,0.3958,1.4277,0.1017,-1.418904759316446,-0.07545325118128243,0.11659597905299965,GBPCPCFC_01879-0,GBPCPCFC_01879-0,Didymodactylos carnosus,1234261,79.8,7.75e-145,416,cellular organisms,131567,Sciaridae,7184,Sciaridae,7184,1,Eumetazoa,6072,1020299,1021066,GBPCPCFC_01878,GBPCPCFC_01880,mRNA
GBPCPCFC_01880,gnl|Prokka|GBPCPCFC_22,1222,1348403,0.593,948.8175,764.2049,0.8661,0.0,0.3406,-0.3531,219,-0.955,-0.9132,0.5151,0,0,0.018,0.8003,0.0374,0.5997,0.3196,-0.749,-0.5784,-1.2620848036267092,-2.2458727178601072,0.15333368039979,GBPCPCFC_01880-0,GBPCPCFC_01880-0,Salinisphaera sp. G21_0,2821094,58.2,1.85e-11,65.1,Bacteria,2,,,Bacteria,2,0,Bacteria,2,1021272,1021490,GBPCPCFC_01879,GBPCPCFC_01881,mRNA
GBPCPCFC_01881,gnl|Prokka|GBPCPCFC_22,1222,1348403,0.593,948.8175,764.2049,0.8661,0.0,0.3406,-0.3531,411,-0.7038,-0.6511,0.5159,0,0,0.0959,0.1375,0.1616,0.012,0.3479,0.0593,-0.3258,-1.2943487572375552,-1.237728068875157,0.16209528736864035,GBPCPCFC_01881-0,GBPCPCFC_01881-0,Rickettsia endosymbiont of Ceutorhynchus assimilis,2884482,68.9,4.23e-48,161,Rickettsia,780,,,Rickettsia,780,0,Alphaproteobacteria,28211,1021623,1022033,GBPCPCFC_01880,GBPCPCFC_01882,mRNA
GBPCPCFC_01882,gnl|Prokka|GBPCPCFC_22,1222,1348403,0.593,948.8175,764.2049,0.8661,0.0,0.3406,-0.3531,2799,2.4211,2.6083,0.5208,0,0,0.2253,0.0003,0.313,0.0,0.4691,3.5206,0.7556,-1.7819037797557458,3.0370043827858804,-0.0891902768657324,GBPCPCFC_01882-0,GBPCPCFC_01882-0,Pseudolycoriella hygida,35572,31.1,1.51e-68,263,cellular organisms,131567,Sciaridae,7184,Sciaridae,7184,1,Eumetazoa,6072,1022542,1025340,GBPCPCFC_01881,GBPCPCFC_01883,mRNA
GBPCPCFC_01883,gnl|Prokka|GBPCPCFC_22,1222,1348403,0.593,948.8175,764.2049,0.8661,0.0,0.3406,-0.3531,1806,1.1217,1.2529,0.5234,0,0,0.2185,0.0004,0.2162,0.0005,0.4302,2.4104,0.4088,-1.6307418860571041,1.3374159475322858,0.005696519958577123,GBPCPCFC_01883-0,GBPCPCFC_01883-0,,,,,,,,,,,,0,Unassigned,,1025300,1027105,GBPCPCFC_01882,GBPCPCFC_01884,mRNA
GBPCPCFC_01884,gnl|Prokka|GBPCPCFC_22,1222,1348403,0.593,948.8175,764.2049,0.8661,0.0,0.3406,-0.3531,561,-0.5075,-0.4464,0.5244,0,0,0.2769,0.0,0.3156,0.0,0.3743,0.8135,-0.0902,-1.3786561667497088,0.2420351918497082,0.18636445491065393,GBPCPCFC_01884-0,GBPCPCFC_01884-0,,,,,,,,,,,,0,Unassigned,,1027164,1027724,GBPCPCFC_01883,GBPCPCFC_01885,mRNA
GBPCPCFC_01885,gnl|Prokka|GBPCPCFC_22,1222,1348403,0.593,948.8175,764.2049,0.8661,0.0,0.3406,-0.3531,291,-0.8608,-0.8149,0.5252,0,0,0.1151,0.066,0.0875,0.1626,0.3677,0.624,-0.1494,-1.3211753104260886,-1.5752279816655048,0.16855859505664805,GBPCPCFC_01885-0,GBPCPCFC_01885-0,Rickettsia endosymbiont of Oedothorax gibbosus,931099,71.9,4.10e-23,96.3,Rickettsia endosymbiont of Oedothorax gibbosus,931099,,,Rickettsia endosymbiont of Oedothorax gibbosus,931099,0,Alphaproteobacteria,28211,1028005,1028295,GBPCPCFC_01884,GBPCPCFC_01886,mRNA
GBPCPCFC_01886,gnl|Prokka|GBPCPCFC_22,1222,1348403,0.593,948.8175,764.2049,0.8661,0.0,0.3406,-0.3531,261,-0.9,-0.8558,0.5257,0,0,0.0002,0.9976,-0.0195,0.7928,0.2682,-2.2183,-1.0374,-1.2839800217789075,-2.4587010474696758,0.15543475688943834,GBPCPCFC_01886-0,GBPCPCFC_01886-0,Rickettsia endosymbiont of Ceutorhynchus assimilis,2884482,90.2,5.36e-44,147,Rickettsia,780,,,Rickettsia,780,0,Alphaproteobacteria,28211,1028348,1028608,GBPCPCFC_01885,GBPCPCFC_01887,mRNA
GBPCPCFC_01887,gnl|Prokka|GBPCPCFC_22,1222,1348403,0.593,948.8175,764.2049,0.8661,0.0,0.3406,-0.3531,366,-0.7626,-0.7125,0.5262,0,0,0.0889,0.1818,0.0888,0.1824,0.3251,-0.5918,-0.5293,-1.3154115616553133,-1.5782154725444184,0.16671285129893856,GBPCPCFC_01887-0,GBPCPCFC_01887-0,Rickettsia endosymbiont of Ceutorhynchus assimilis,2884482,95.0,1.74e-75,229,Rickettsia,780,,,Rickettsia,780,0,Alphaproteobacteria,28211,1028605,1028970,GBPCPCFC_01886,GBPCPCFC_01888,mRNA
GBPCPCFC_01888,gnl|Prokka|GBPCPCFC_22,1222,1348403,0.593,948.8175,764.2049,0.8661,0.0,0.3406,-0.3531,405,-0.7116,-0.6593,0.5273,0,0,0.0712,0.27,0.056,0.3861,0.3457,-0.005,-0.3459,-1.326410445332284,-1.7115285478439075,0.15585746184571259,GBPCPCFC_01888-0,GBPCPCFC_01888-0,,,,,,,,,,,,0,Unassigned,,1029275,1029679,GBPCPCFC_01887,GBPCPCFC_01889,mRNA
GBPCPCFC_01889,gnl|Prokka|GBPCPCFC_22,1222,1348403,0.593,948.8175,764.2049,0.8661,0.0,0.3406,-0.3531,2289,1.7537,1.9122,0.5316,0,0,0.306,0.0,0.3451,0.0,0.3089,-1.0566,-0.6744,-1.7234104327405315,2.793140904612492,-0.004254423252647249,GBPCPCFC_01889-0,GBPCPCFC_01889-0,Rickettsia bellii,33990,29.8,2.49e-55,218,Rickettsia,780,,,Rickettsia,780,0,Alphaproteobacteria,28211,1030289,1032577,GBPCPCFC_01888,GBPCPCFC_01890,mRNA
GBPCPCFC_01890,gnl|Prokka|GBPCPCFC_22,1222,1348403,0.593,948.8175,764.2049,0.8661,0.0,0.3406,-0.3531,465,-0.6331,-0.5774,0.5322,0,0,0.1268,0.046,0.1914,0.0025,0.3183,-0.7877,-0.5905,-1.3093966002662234,-0.9358993130142527,0.19830237886260507,GBPCPCFC_01890-0,GBPCPCFC_01890-0,Parachlamydia sp. AcF125,2795736,69.7,4.95e-66,208,Bacteria,2,,,Bacteria,2,0,Bacteria,2,1032574,1033038,GBPCPCFC_01889,GBPCPCFC_01891,mRNA
GBPCPCFC_01891,gnl|Prokka|GBPCPCFC_22,1222,1348403,0.593,948.8175,764.2049,0.8661,0.0,0.3406,-0.3531,3846,3.7911,4.0373,0.5386,0,0,0.3768,0.0,0.5162,0.0,0.3333,-0.3577,-0.4561,-1.9932395147604036,5.7725788473696555,-0.13113367216285082,GBPCPCFC_01891-0,GBPCPCFC_01891-0,Rickettsia endosymbiont of Ceutorhynchus assimilis,2884482,28.5,1.17e-18,106,Rickettsiales,766,,,Rickettsiales,766,0,Alphaproteobacteria,28211,1033488,1037333,GBPCPCFC_01890,GBPCPCFC_01892,mRNA
GBPCPCFC_01892,gnl|Prokka|GBPCPCFC_22,1222,1348403,0.593,948.8175,764.2049,0.8661,0.0,0.3406,-0.3531,5229,5.6008,5.925,0.5467,0,0,0.3635,0.0,0.3855,0.0,0.3442,-0.0463,-0.3588,-2.320349177958413,7.132468365457754,-0.3268340346407187,GBPCPCFC_01892-0,GBPCPCFC_01892-0,Rickettsia endosymbiont of Omalisus fontisbellaquei,2866307,39.9,5.40e-247,777,unclassified Rickettsia,114295,,,Rickettsia,780,0,Alphaproteobacteria,28211,1037560,1042788,GBPCPCFC_01891,GBPCPCFC_01893,mRNA
GBPCPCFC_01893,gnl|Prokka|GBPCPCFC_22,1222,1348403,0.593,948.8175,764.2049,0.8661,0.0,0.3406,-0.3531,129,-1.0728,-1.036,0.548,0,0,-0.2064,0.0093,-0.1703,0.0324,0.3643,0.5281,-0.1793,-1.1759252949463748,-4.0113541792578244,0.20572689601074717,GBPCPCFC_01893-0,GBPCPCFC_01893-0,Rickettsia endosymbiont of Cimex lectularius,2698648,64.3,3.73e-08,54.7,Rickettsiaceae,775,,,Rickettsiaceae,775,0,Alphaproteobacteria,28211,1043516,1043644,GBPCPCFC_01892,GBPCPCFC_01894,mRNA
GBPCPCFC_01894,gnl|Prokka|GBPCPCFC_22,1222,1348403,0.593,948.8175,764.2049,0.8661,0.0,0.3406,-0.3531,450,-0.6527,-0.5979,0.5491,0,0,0.1654,0.01,0.1417,0.0275,0.3311,-0.4212,-0.4759,-1.3573122781021068,-0.9678883337874764,0.21463314246519774,GBPCPCFC_01894-0,GBPCPCFC_01894-0,Rickettsiaceae bacterium,2023360,47.9,2.05e-31,120,Rickettsiaceae bacterium,2023360,,,Rickettsiaceae bacterium,2023360,0,Alphaproteobacteria,28211,1043944,1044393,GBPCPCFC_01893,GBPCPCFC_01895,mRNA
GBPCPCFC_01895,gnl|Prokka|GBPCPCFC_22,1222,1348403,0.593,948.8175,764.2049,0.8661,0.0,0.3406,-0.3531,77,-1.1408,-1.107,0.5496,0,0,-0.0308,0.6885,-0.0748,0.3292,0.5325,5.3309,1.3212,-1.2479300266902602,-3.0267105236684064,0.2190109064609324,GBPCPCFC_01895-0,GBPCPCFC_01895-0,,,,,,,,,,,,0,Unassigned,,1044661,1044737,GBPCPCFC_01894,GBPCPCFC_01896,mRNA
GBPCPCFC_01896,gnl|Prokka|GBPCPCFC_22,1222,1348403,0.593,948.8175,764.2049,0.8661,0.0,0.3406,-0.3531,933,-0.0207,0.0614,0.5516,0,0,0.1642,0.0085,0.2529,0.0,0.3162,-0.8476,-0.6092,-1.3937917740584498,0.059929147607579135,0.20084398932307515,GBPCPCFC_01896-0,GBPCPCFC_01896-0,Rickettsia endosymbiont of Bryobia graminum,2878922,87.1,1.79e-181,513,Rickettsia,780,,,Rickettsia,780,0,Alphaproteobacteria,28211,1045126,1046058,GBPCPCFC_01895,GBPCPCFC_01897,mRNA
GBPCPCFC_01897,gnl|Prokka|GBPCPCFC_22,1222,1348403,0.593,948.8175,764.2049,0.8661,0.0,0.3406,-0.3531,933,-0.0207,0.0614,0.5531,0,0,0.2652,0.0,0.2861,0.0,0.3901,1.2651,0.0509,-1.4521264648004124,0.5922422988267846,0.19835157956082378,GBPCPCFC_01897-0,GBPCPCFC_01897-0,Rickettsia endosymbiont of Oedothorax gibbosus,931099,81.6,6.78e-184,519,Rickettsia,780,,,Rickettsia,780,0,Alphaproteobacteria,28211,1046155,1047087,GBPCPCFC_01896,GBPCPCFC_01898,mRNA
GBPCPCFC_01898,gnl|Prokka|GBPCPCFC_22,1222,1348403,0.593,948.8175,764.2049,0.8661,0.0,0.3406,-0.3531,144,-1.0531,-1.0155,0.5533,0,0,0.0063,0.9366,0.054,0.4966,0.2708,-2.1431,-1.0139,-1.2220759106802639,-2.340750436948818,0.25871285460134585,GBPCPCFC_01898-0,GBPCPCFC_01898-0,Rickettsia endosymbiont of Bryobia graminum,2878922,44.0,1.29e-06,50.4,Rickettsia endosymbiont of Bryobia graminum,2878922,,,Rickettsia endosymbiont of Bryobia graminum,2878922,0,Alphaproteobacteria,28211,1047101,1047244,GBPCPCFC_01897,GBPCPCFC_01899,mRNA
GBPCPCFC_01899,gnl|Prokka|GBPCPCFC_22,1222,1348403,0.593,948.8175,764.2049,0.8661,0.0,0.3406,-0.3531,1479,0.6938,0.8066,0.5557,0,0,0.236,0.0001,0.3451,0.0,0.3442,-0.0487,-0.3595,-1.5067591606116548,1.4098716038710142,0.16334389234919092,GBPCPCFC_01899-0,GBPCPCFC_01899-0,Rickettsia endosymbiont of Labidopullus appendiculatus,2878921,79.6,1.65e-279,776,cellular organisms,131567,Sciaridae,7184,Sciaridae,7184,1,Eumetazoa,6072,1047362,1048840,GBPCPCFC_01898,GBPCPCFC_01900,mRNA
GBPCPCFC_01900,gnl|Prokka|GBPCPCFC_22,1222,1348403,0.593,948.8175,764.2049,0.8661,0.0,0.3406,-0.3531,1134,0.2423,0.3357,0.5574,0,0,0.2665,0.0,0.2984,0.0,0.3483,0.0706,-0.3223,-1.4854059120202707,0.9107361652192336,0.1876798035455839,GBPCPCFC_01900-0,GBPCPCFC_01900-0,Rickettsia endosymbiont of Bryobia graminum,2878922,56.4,7.48e-132,392,unclassified Rickettsia,114295,,,Rickettsia,780,0,Alphaproteobacteria,28211,1048869,1050002,GBPCPCFC_01899,GBPCPCFC_01901,mRNA
GBPCPCFC_01901,gnl|Prokka|GBPCPCFC_22,1222,1348403,0.593,948.8175,764.2049,0.8661,0.0,0.3406,-0.3531,1122,0.2266,0.3193,0.5592,0,0,0.2456,0.0001,0.3045,0.0,0.3137,-0.9178,-0.6311,-1.4638852854598292,0.8288155541499791,0.19916796632229458,GBPCPCFC_01901-0,GBPCPCFC_01901-0,Rickettsia endosymbiont of Pseudomimeciton antennatum,2878923,68.6,4.93e-175,502,unclassified Rickettsia,114295,,,Rickettsia,780,0,Alphaproteobacteria,28211,1050075,1051196,GBPCPCFC_01900,GBPCPCFC_01902,mRNA
GBPCPCFC_01902,gnl|Prokka|GBPCPCFC_22,1222,1348403,0.593,948.8175,764.2049,0.8661,0.0,0.3406,-0.3531,918,-0.0403,0.0409,0.5608,0,0,0.0499,0.4269,0.1111,0.0761,0.3486,0.078,-0.32,-1.3759873481377336,-0.9212015463601202,0.19349069129067709,GBPCPCFC_01902-0,GBPCPCFC_01902-0,Rickettsia endosymbiont of Culicoides newsteadi,1961830,67.8,4.42e-147,426,unclassified Rickettsia,114295,,,Rickettsia,780,0,Alphaproteobacteria,28211,1051373,1052290,GBPCPCFC_01901,GBPCPCFC_01903,mRNA
GBPCPCFC_01903,gnl|Prokka|GBPCPCFC_22,1222,1348403,0.593,948.8175,764.2049,0.8661,0.0,0.3406,-0.3531,2442,1.9539,2.121,0.5644,0,0,0.3591,0.0,0.3975,0.0,0.3157,-0.8607,-0.6133,-1.7595491949586053,3.3975656153319944,0.06192383433467132,GBPCPCFC_01903-0,GBPCPCFC_01903-0,Rickettsia endosymbiont of Cimex lectularius,2698648,54.3,7.84e-303,861,unclassified Rickettsia,114295,,,Rickettsia,780,0,Alphaproteobacteria,28211,1052287,1054728,GBPCPCFC_01902,GBPCPCFC_01904,mRNA
GBPCPCFC_01904,gnl|Prokka|GBPCPCFC_22,1222,1348403,0.593,948.8175,764.2049,0.8661,0.0,0.3406,-0.3531,1974,1.3415,1.4822,0.5673,0,0,0.3798,0.0,0.4429,0.0,0.3278,-0.5169,-0.5058,-1.6592038008836494,3.008068182407072,0.13874779180951066,GBPCPCFC_01904-0,GBPCPCFC_01904-0,Rickettsia endosymbiont of Bryobia graminum,2878922,81.0,0.0,1070,cellular organisms,131567,Sciaridae,7184,Sciaridae,7184,1,Eumetazoa,6072,1054729,1056702,GBPCPCFC_01903,GBPCPCFC_01905,mRNA
GBPCPCFC_01905,gnl|Prokka|GBPCPCFC_22,1222,1348403,0.593,948.8175,764.2049,0.8661,0.0,0.3406,-0.3531,3375,3.1748,3.3945,0.5725,0,0,0.294,0.0,0.3898,0.0,0.3141,-0.9079,-0.628,-1.8963635510547947,4.358618144055762,-0.025432690463404618,GBPCPCFC_01905-0,GBPCPCFC_01905-0,Rickettsia endosymbiont of Bryobia graminum,2878922,29.9,4.90e-32,144,Rickettsia endosymbiont of Bryobia graminum,2878922,,,Rickettsia endosymbiont of Bryobia graminum,2878922,0,Alphaproteobacteria,28211,1056816,1060190,GBPCPCFC_01904,GBPCPCFC_01906,mRNA
GBPCPCFC_01906,gnl|Prokka|GBPCPCFC_22,1222,1348403,0.593,948.8175,764.2049,0.8661,0.0,0.3406,-0.3531,1797,1.1099,1.2407,0.5753,0,0,0.2624,0.0,0.3663,0.0,0.3628,0.4848,-0.1929,-1.5740523463894323,2.0194785353900797,0.17237679048045623,GBPCPCFC_01906-0,GBPCPCFC_01906-0,Rickettsia endosymbiont of Bryobia graminum,2878922,82.2,0.0,993,cellular organisms,131567,Sciaridae,7184,Sciaridae,7184,1,Eumetazoa,6072,1060290,1062086,GBPCPCFC_01905,GBPCPCFC_01907,mRNA
GBPCPCFC_01907,gnl|Prokka|GBPCPCFC_22,1222,1348403,0.593,948.8175,764.2049,0.8661,0.0,0.3406,-0.3531,1302,0.4622,0.565,0.5773,0,0,0.2735,0.0,0.3202,0.0,0.3226,-0.6649,-0.5521,-1.5083093385557917,1.239698216028183,0.21950717550305068,GBPCPCFC_01907-0,GBPCPCFC_01907-0,Rickettsia endosymbiont of Bryobia graminum,2878922,63.5,3.22e-175,507,Rickettsia endosymbiont of Bryobia graminum,2878922,,,Rickettsia endosymbiont of Bryobia graminum,2878922,0,Alphaproteobacteria,28211,1062094,1063395,GBPCPCFC_01906,GBPCPCFC_01908,mRNA
GBPCPCFC_01908,gnl|Prokka|GBPCPCFC_22,1222,1348403,0.593,948.8175,764.2049,0.8661,0.0,0.3406,-0.3531,1554,0.7919,0.909,0.5806,0,0,0.0194,0.7575,0.0699,0.2652,0.3282,-0.5048,-0.502,-1.4951297940780188,-0.3323911276097481,0.1515618078206009,GBPCPCFC_01908-0,GBPCPCFC_01908-0,Rickettsia endosymbiont of Bryobia graminum,2878922,75.9,5.64e-268,749,cellular organisms,131567,Sciaridae,7184,Sciaridae,7184,1,Eumetazoa,6072,1064091,1065644,GBPCPCFC_01907,GBPCPCFC_01909,mRNA
GBPCPCFC_01909,gnl|Prokka|GBPCPCFC_22,1222,1348403,0.593,948.8175,764.2049,0.8661,0.0,0.3406,-0.3531,1914,1.263,1.4004,0.5836,0,0,0.1797,0.0039,0.2832,0.0,0.4101,1.8363,0.2294,-1.5759801917832699,1.5491296138327248,0.16202494367525136,GBPCPCFC_01909-0,GBPCPCFC_01909-0,Rickettsia endosymbiont of Cimex lectularius,2698648,28.1,4.56e-22,113,Rickettsiales,766,,,Rickettsiales,766,0,Alphaproteobacteria,28211,1065727,1067640,GBPCPCFC_01908,GBPCPCFC_01910,mRNA
GBPCPCFC_01910,gnl|Prokka|GBPCPCFC_22,1222,1348403,0.593,948.8175,764.2049,0.8661,0.0,0.3406,-0.3531,1350,0.525,0.6305,0.5856,0,0,0.2059,0.0009,0.2232,0.0003,0.3607,0.4252,-0.2115,-1.5150943984438505,0.6908616775117191,0.21007031786019695,GBPCPCFC_01910-0,GBPCPCFC_01910-0,Rickettsia endosymbiont of Cimex lectularius,2698648,73.4,7.41e-237,665,unclassified Rickettsia,114295,,,Rickettsia,780,0,Alphaproteobacteria,28211,1067668,1069017,GBPCPCFC_01909,GBPCPCFC_01911,mRNA
GBPCPCFC_01911,gnl|Prokka|GBPCPCFC_22,1222,1348403,0.593,948.8175,764.2049,0.8661,0.0,0.3406,-0.3531,1614,0.8704,0.9909,0.5881,0,0,0.1797,0.0039,0.2263,0.0003,0.3055,-1.1542,-0.7049,-1.5452488721242812,0.9489414680303104,0.1890482646728463,GBPCPCFC_01911-0,GBPCPCFC_01911-0,Rickettsia endosymbiont of Bryobia graminum,2878922,64.0,1.98e-250,706,Rickettsia endosymbiont of Bryobia graminum,2878922,,,Rickettsia endosymbiont of Bryobia graminum,2878922,0,Alphaproteobacteria,28211,1069062,1070675,GBPCPCFC_01910,GBPCPCFC_01912,mRNA
GBPCPCFC_01912,gnl|Prokka|GBPCPCFC_22,1222,1348403,0.593,948.8175,764.2049,0.8661,0.0,0.3406,-0.3531,807,-0.1856,-0.1106,0.5893,0,0,0.1221,0.051,0.1067,0.0885,0.3234,-0.6409,-0.5446,-1.4045654672745362,-0.7884855013763978,0.2586292879143353,GBPCPCFC_01912-0,GBPCPCFC_01912-0,Rickettsia endosymbiont of Culicoides newsteadi,1961830,76.4,2.08e-143,414,Rickettsia,780,,,Rickettsia,780,0,Alphaproteobacteria,28211,1070675,1071481,GBPCPCFC_01911,GBPCPCFC_01913,mRNA
GBPCPCFC_01913,gnl|Prokka|GBPCPCFC_22,1222,1348403,0.593,948.8175,764.2049,0.8661,0.0,0.3406,-0.3531,90,-1.1238,-1.0892,0.5899,0,0,0.0047,0.9614,0.0965,0.3227,0.3111,-0.9925,-0.6544,-1.1808433653476762,-2.2761101684202383,0.3652228247361967,GBPCPCFC_01913-0,GBPCPCFC_01913-0,,,,,,,,,,,,0,Unassigned,,1071835,1071924,GBPCPCFC_01912,GBPCPCFC_01914,mRNA
GBPCPCFC_01914,gnl|Prokka|GBPCPCFC_22,1222,1348403,0.593,948.8175,764.2049,0.8661,0.0,0.3406,-0.3531,780,-0.2209,-0.1474,0.5911,0,0,0.1022,0.1028,0.103,0.1,0.3692,0.6678,-0.1357,-1.3859040088611843,-0.9197101935331382,0.2682311786204464,GBPCPCFC_01914-0,GBPCPCFC_01914-0,Neptunomonas japonica,417574,53.2,1.01e-89,276,cellular organisms,131567,Opisthokonta,33154,Opisthokonta,33154,1,Opisthokonta,33154,1071921,1072700,GBPCPCFC_01913,GBPCPCFC_01915,mRNA
GBPCPCFC_01915,gnl|Prokka|GBPCPCFC_22,1222,1348403,0.593,948.8175,764.2049,0.8661,0.0,0.3406,-0.3531,453,-0.6488,-0.5938,0.5921,0,0,0.0521,0.4269,0.0779,0.2344,0.3333,-0.3577,-0.4561,-1.2967471796729018,-1.6546112364270567,0.3106880590237181,GBPCPCFC_01915-0,GBPCPCFC_01915-0,Okeania sp. SIO2C2,2607787,50.4,1.20e-37,136,Bacteria,2,,,Bacteria,2,0,Bacteria,2,1072930,1073382,GBPCPCFC_01914,GBPCPCFC_01916,mRNA
GBPCPCFC_01916,gnl|Prokka|GBPCPCFC_22,1222,1348403,0.593,948.8175,764.2049,0.8661,0.0,0.3406,-0.3531,1449,0.6545,0.7657,0.5943,0,0,0.1028,0.1006,0.1309,0.0363,0.3361,-0.2788,-0.4315,-1.5028156010720617,0.07988469701365515,0.20320397882145053,GBPCPCFC_01916-0,GBPCPCFC_01916-0,Wolbachia endosymbiont of Dactylopius coccus,1605993,69.3,1.04e-237,670,unclassified Wolbachia,2640676,,,Wolbachia,953,0,Alphaproteobacteria,28211,1073427,1074875,GBPCPCFC_01915,GBPCPCFC_01917,mRNA
GBPCPCFC_01917,gnl|Prokka|GBPCPCFC_22,1222,1348403,0.593,948.8175,764.2049,0.8661,0.0,0.3406,-0.3531,591,-0.4682,-0.4054,0.5953,0,0,0.1459,0.0215,0.1728,0.0064,0.335,-0.3094,-0.441,-1.344819524142542,-0.7543015626982167,0.3184061426191034,GBPCPCFC_01917-0,GBPCPCFC_01917-0,Deltaproteobacteria bacterium,2026735,39.6,3.45e-40,150,Bacteria,2,,,Bacteria,2,0,Bacteria,2,1074988,1075578,GBPCPCFC_01916,GBPCPCFC_01918,mRNA
GBPCPCFC_01918,gnl|Prokka|GBPCPCFC_22,1222,1348403,0.593,948.8175,764.2049,0.8661,0.0,0.3406,-0.3531,426,-0.6841,-0.6306,0.596,0,0,0.1024,0.1078,0.1344,0.0344,0.3498,0.1117,-0.3094,-1.2993317564796791,-1.2890156824310344,0.33431873373630117,GBPCPCFC_01918-0,GBPCPCFC_01918-0,Candidatus Uabimicrobium amorphum,2596890,35.7,5.68e-24,105,cellular organisms,131567,cellular organisms,131567,cellular organisms,131567,1,cellular organisms,131567,1075621,1076046,GBPCPCFC_01917,GBPCPCFC_01919,mRNA
GBPCPCFC_01919,gnl|Prokka|GBPCPCFC_22,1222,1348403,0.593,948.8175,764.2049,0.8661,0.0,0.3406,-0.3531,543,-0.531,-0.4709,0.5983,0,0,0.1212,0.0603,0.1508,0.0191,0.2947,-1.4625,-0.8013,-1.327539100834697,-0.9969768786567954,0.3277315670753679,GBPCPCFC_01919-0,GBPCPCFC_01919-0,,,,,,,,,,,,0,Unassigned,,1077015,1077557,GBPCPCFC_01918,GBPCPCFC_01920,mRNA
GBPCPCFC_01920,gnl|Prokka|GBPCPCFC_22,1222,1348403,0.593,948.8175,764.2049,0.8661,0.0,0.3406,-0.3531,465,-0.6331,-0.5774,0.5995,0,0,0.112,0.0784,0.1842,0.0036,0.3161,-0.8492,-0.6096,-1.2879262287302202,-1.0258501850182358,0.35366073518285474,GBPCPCFC_01920-0,GBPCPCFC_01920-0,Parachlamydia sp. AcF125,2795736,70.4,1.22e-66,209,Bacteria,2,,,Bacteria,2,0,Bacteria,2,1077903,1078367,GBPCPCFC_01919,GBPCPCFC_01921,mRNA
GBPCPCFC_01921,gnl|Prokka|GBPCPCFC_22,1222,1348403,0.593,948.8175,764.2049,0.8661,0.0,0.3406,-0.3531,168,-1.0217,-0.9828,0.5997,0,0,0.0625,0.3981,0.04,0.5884,0.2917,-1.548,-0.828,-1.2663732486114674,-2.1263409385036005,0.34794961579093125,GBPCPCFC_01921-0,GBPCPCFC_01921-0,,,,,,,,,,,,0,Unassigned,,1078386,1078553,GBPCPCFC_01920,GBPCPCFC_01922,mRNA
GBPCPCFC_01922,gnl|Prokka|GBPCPCFC_22,1222,1348403,0.593,948.8175,764.2049,0.8661,0.0,0.3406,-0.3531,600,-0.4564,-0.3931,0.6009,0,0,-0.0194,0.779,0.0152,0.8258,0.3083,-1.0719,-0.6792,-1.302373051627092,-1.9684206063978447,0.30314616739871797,GBPCPCFC_01922-0,GBPCPCFC_01922-0,,,,,,,,,,,,0,Unassigned,,1078711,1079310,GBPCPCFC_01921,GBPCPCFC_01923,mRNA
GBPCPCFC_01923,gnl|Prokka|GBPCPCFC_22,1222,1348403,0.593,948.8175,764.2049,0.8661,0.0,0.3406,-0.3531,5499,5.9541,6.2935,0.6098,0,0,0.3869,0.0,0.5043,0.0,0.3359,-0.285,-0.4334,-2.3168209749420114,7.997455508653994,-0.17616133446280458,GBPCPCFC_01923-0,GBPCPCFC_01923-0,Pseudolycoriella hygida,35572,35.8,5.55e-226,746,Pseudolycoriella hygida,35572,,,Pseudolycoriella hygida,35572,0,Eumetazoa,6072,1079830,1085328,GBPCPCFC_01922,GBPCPCFC_01924,mRNA
GBPCPCFC_01924,gnl|Prokka|GBPCPCFC_22,1222,1348403,0.593,948.8175,764.2049,0.8661,0.0,0.3406,-0.3531,1293,0.4504,0.5527,0.6118,0,0,0.1839,0.0031,0.2063,0.0009,0.3534,0.2167,-0.2766,-1.4906125882784613,0.4635346965744735,0.275368767236649,GBPCPCFC_01924-0,GBPCPCFC_01924-0,Legionella,445,56.7,1.31e-172,500,cellular organisms,131567,cellular organisms,131567,cellular organisms,131567,1,cellular organisms,131567,1085384,1086676,GBPCPCFC_01923,GBPCPCFC_01925,mRNA
GBPCPCFC_01925,gnl|Prokka|GBPCPCFC_22,1222,1348403,0.593,948.8175,764.2049,0.8661,0.0,0.3406,-0.3531,450,-0.6527,-0.5979,0.6128,0,0,0.138,0.0479,0.1918,0.0058,0.3644,0.531,-0.1784,-1.2977712619723654,-0.9131568496518081,0.3843468679906627,GBPCPCFC_01925-0,GBPCPCFC_01925-0,,,,,,,,,,,,0,Unassigned,,1086917,1087366,GBPCPCFC_01924,GBPCPCFC_01926,mRNA
GBPCPCFC_01926,gnl|Prokka|GBPCPCFC_22,1222,1348403,0.593,948.8175,764.2049,0.8661,0.0,0.3406,-0.3531,1035,0.1128,0.2006,0.6144,0,0,0.2446,0.0001,0.3421,0.0,0.3623,0.4703,-0.1974,-1.4152124691671109,0.8331936566326962,0.35086187699657706,GBPCPCFC_01926-0,GBPCPCFC_01926-0,,,,,,,,,,,,0,Unassigned,,1087409,1088443,GBPCPCFC_01925,GBPCPCFC_01927,mRNA
GBPCPCFC_01927,gnl|Prokka|GBPCPCFC_22,1222,1348403,0.593,948.8175,764.2049,0.8661,0.0,0.3406,-0.3531,867,-0.1071,-0.0287,0.6159,0,0,0.1104,0.0778,0.1258,0.0443,0.2826,-1.8074,-0.909,-1.3922690469578638,-0.6916042811718808,0.3214463633172315,GBPCPCFC_01927-0,GBPCPCFC_01927-0,Rickettsia endosymbiont of Cimex lectularius,2698648,67.7,8.48e-141,408,unclassified Rickettsia,114295,,,Rickettsia,780,0,Alphaproteobacteria,28211,1088567,1089433,GBPCPCFC_01926,GBPCPCFC_01928,mRNA
GBPCPCFC_01928,gnl|Prokka|GBPCPCFC_22,1222,1348403,0.593,948.8175,764.2049,0.8661,0.0,0.3406,-0.3531,900,-0.0639,0.0163,0.6173,0,0,0.2471,0.0001,0.2242,0.0003,0.3233,-0.6434,-0.5453,-1.4504100088670813,0.256730367776871,0.3316575284570393,GBPCPCFC_01928-0,GBPCPCFC_01928-0,Rickettsiaceae bacterium,2023360,65.3,4.41e-126,373,Rickettsiaceae bacterium,2023360,,,Rickettsiaceae bacterium,2023360,0,Alphaproteobacteria,28211,1089501,1090400,GBPCPCFC_01927,GBPCPCFC_01929,mRNA
GBPCPCFC_01929,gnl|Prokka|GBPCPCFC_22,1222,1348403,0.593,948.8175,764.2049,0.8661,0.0,0.3406,-0.3531,786,-0.2131,-0.1393,0.6185,0,0,0.2981,0.0,0.2847,0.0,0.327,-0.5394,-0.5129,-1.434933363118358,0.5217928898123009,0.3610698344298266,GBPCPCFC_01929-0,GBPCPCFC_01929-0,Rickettsia endosymbiont of Bryobia graminum,2878922,79.6,1.66e-155,443,unclassified Rickettsia,114295,,,Rickettsia,780,0,Alphaproteobacteria,28211,1090407,1091192,GBPCPCFC_01928,GBPCPCFC_01930,mRNA
GBPCPCFC_01930,gnl|Prokka|GBPCPCFC_22,1222,1348403,0.593,948.8175,764.2049,0.8661,0.0,0.3406,-0.3531,198,-0.9825,-0.9418,0.6189,0,0,0.1017,0.1469,0.0739,0.2926,0.3485,0.0751,-0.3209,-1.2802579169769441,-1.8080224401460685,0.3937228748971768,GBPCPCFC_01930-0,GBPCPCFC_01930-0,,,,,,,,,,,,0,Unassigned,,1091240,1091437,GBPCPCFC_01929,GBPCPCFC_01931,mRNA
GBPCPCFC_01931,gnl|Prokka|GBPCPCFC_22,1222,1348403,0.593,948.8175,764.2049,0.8661,0.0,0.3406,-0.3531,2127,1.5417,1.6911,0.622,0,0,0.2689,0.0,0.2645,0.0,0.3484,0.0721,-0.3218,-1.6861992192657707,2.139042765376678,0.2021018613524124,GBPCPCFC_01931-0,GBPCPCFC_01931-0,Ciona intestinalis,7719,29.5,1.98e-06,65.1,Eukaryota,2759,Bilateria,33213,Bilateria,33213,1,Eumetazoa,6072,1091439,1093565,GBPCPCFC_01930,GBPCPCFC_01932,mRNA
GBPCPCFC_01932,gnl|Prokka|GBPCPCFC_22,1222,1348403,0.593,948.8175,764.2049,0.8661,0.0,0.3406,-0.3531,1386,0.5721,0.6797,0.6242,0,0,0.3152,0.0,0.2797,0.0,0.3449,-0.0279,-0.3531,-1.5670125872331164,1.3838663775573785,0.2956261187084504,GBPCPCFC_01932-0,GBPCPCFC_01932-0,Rickettsia endosymbiont of Platyusa sonomae,2878924,69.1,6.96e-232,653,unclassified Rickettsia,114295,,,Rickettsia,780,0,Alphaproteobacteria,28211,1093665,1095050,GBPCPCFC_01931,GBPCPCFC_01933,mRNA
GBPCPCFC_01933,gnl|Prokka|GBPCPCFC_22,1222,1348403,0.593,948.8175,764.2049,0.8661,0.0,0.3406,-0.3531,759,-0.2484,-0.1761,0.6254,0,0,0.0012,0.9846,0.0893,0.1611,0.3136,-0.9222,-0.6325,-1.3059275661102236,-1.4158597071797505,0.36293924013641515,GBPCPCFC_01933-0,GBPCPCFC_01933-0,Pseudolycoriella hygida,35572,77.6,4.21e-133,388,cellular organisms,131567,Sciaridae,7184,Sciaridae,7184,1,Eumetazoa,6072,1095067,1095825,GBPCPCFC_01932,GBPCPCFC_01934,mRNA
GBPCPCFC_01934,gnl|Prokka|GBPCPCFC_22,1222,1348403,0.593,948.8175,764.2049,0.8661,0.0,0.3406,-0.3531,1479,0.6938,0.8066,0.6281,0,0,0.2187,0.0004,0.2313,0.0002,0.3245,-0.6088,-0.5345,-1.537012968108631,0.9433754361878705,0.2928807403825651,GBPCPCFC_01934-0,GBPCPCFC_01934-0,Rickettsia endosymbiont of Sericostoma sp.,2878926,27.9,1.05e-23,117,Rickettsia endosymbiont of Sericostoma sp.,2878926,,,Rickettsia endosymbiont of Sericostoma sp.,2878926,0,Alphaproteobacteria,28211,1096162,1097640,GBPCPCFC_01933,GBPCPCFC_01935,mRNA
GBPCPCFC_01935,gnl|Prokka|GBPCPCFC_22,1222,1348403,0.593,948.8175,764.2049,0.8661,0.0,0.3406,-0.3531,819,-0.1699,-0.0942,0.6296,0,0,0.0735,0.2415,0.0885,0.1578,0.3236,-0.6367,-0.5433,-1.371414865293604,-1.0384898435440555,0.35223294400648236,GBPCPCFC_01935-0,GBPCPCFC_01935-0,Rickettsia endosymbiont of Pseudomimeciton antennatum,2878923,68.0,1.24e-123,363,unclassified Rickettsia,114295,,,Rickettsia,780,0,Alphaproteobacteria,28211,1097834,1098652,GBPCPCFC_01934,GBPCPCFC_01936,mRNA
GBPCPCFC_01936,gnl|Prokka|GBPCPCFC_22,1222,1348403,0.593,948.8175,764.2049,0.8661,0.0,0.3406,-0.3531,393,-0.7273,-0.6757,0.6303,0,0,0.1447,0.0226,0.193,0.0023,0.3944,1.3868,0.089,-1.2873303826336904,-0.9589461512958023,0.43096679054204223,GBPCPCFC_01936-0,GBPCPCFC_01936-0,Pseudolycoriella hygida,35572,68.5,8.39e-51,168,cellular organisms,131567,Sciaridae,7184,Sciaridae,7184,1,Eumetazoa,6072,1098764,1099156,GBPCPCFC_01935,GBPCPCFC_01937,mRNA
GBPCPCFC_01937,gnl|Prokka|GBPCPCFC_22,1222,1348403,0.593,948.8175,764.2049,0.8661,0.0,0.3406,-0.3531,381,-0.743,-0.692,0.6309,0,0,0.0675,0.3125,0.1096,0.1003,0.336,-0.2827,-0.4327,-1.2697735751867245,-1.5812464239456014,0.4176758861020658,GBPCPCFC_01937-0,GBPCPCFC_01937-0,Rickettsia endosymbiont of Bryobia graminum,2878922,64.8,5.09e-48,160,unclassified Rickettsia,114295,,,Rickettsia,780,0,Alphaproteobacteria,28211,1099162,1099542,GBPCPCFC_01936,GBPCPCFC_01938,mRNA
GBPCPCFC_01938,gnl|Prokka|GBPCPCFC_22,1222,1348403,0.593,948.8175,764.2049,0.8661,0.0,0.3406,-0.3531,1248,0.3915,0.4913,0.6329,0,0,0.2518,0.0,0.2721,0.0,0.3213,-0.701,-0.5634,-1.4945029115026087,0.9089839672870653,0.34108490472046776,GBPCPCFC_01938-0,GBPCPCFC_01938-0,,,,,,,,,,,,0,Unassigned,,1099649,1100896,GBPCPCFC_01937,GBPCPCFC_01939,mRNA
GBPCPCFC_01939,gnl|Prokka|GBPCPCFC_22,1222,1348403,0.593,948.8175,764.2049,0.8661,0.0,0.3406,-0.3531,1065,0.152,0.2416,0.6347,0,0,0.2516,0.0,0.3177,0.0,0.323,-0.6527,-0.5483,-1.4346374785571157,0.8179354075032711,0.38404839573723715,GBPCPCFC_01939-0,GBPCPCFC_01939-0,Rickettsia endosymbiont of Bryobia graminum,2878922,58.2,2.67e-129,384,cellular organisms,131567,Sciaridae,7184,Sciaridae,7184,1,Eumetazoa,6072,1101069,1102133,GBPCPCFC_01938,GBPCPCFC_01940,mRNA
GBPCPCFC_01940,gnl|Prokka|GBPCPCFC_22,1222,1348403,0.593,948.8175,764.2049,0.8661,0.0,0.3406,-0.3531,897,-0.0678,0.0122,0.6363,0,0,0.2124,0.0006,0.233,0.0002,0.3278,-0.5169,-0.5058,-1.4153259967199407,0.13789252872596305,0.3851491725259584,GBPCPCFC_01940-0,GBPCPCFC_01940-0,Pseudolycoriella hygida,35572,85.4,1.03e-183,518,cellular organisms,131567,Sciaridae,7184,Sciaridae,7184,1,Eumetazoa,6072,1102302,1103198,GBPCPCFC_01939,GBPCPCFC_01941,mRNA
GBPCPCFC_01941,gnl|Prokka|GBPCPCFC_22,1222,1348403,0.593,948.8175,764.2049,0.8661,0.0,0.3406,-0.3531,1566,0.8076,0.9254,0.6387,0,0,0.3741,0.0,0.4253,0.0,0.3755,0.8463,-0.0799,-1.5688452039172462,2.369784113023992,0.34846323216870484,GBPCPCFC_01941-0,GBPCPCFC_01941-0,Rickettsia endosymbiont of Bryobia graminum,2878922,75.3,2.00e-273,763,cellular organisms,131567,Sciaridae,7184,Sciaridae,7184,1,Eumetazoa,6072,1103279,1104844,GBPCPCFC_01940,GBPCPCFC_01942,mRNA
GBPCPCFC_01942,gnl|Prokka|GBPCPCFC_22,1222,1348403,0.593,948.8175,764.2049,0.8661,0.0,0.3406,-0.3531,822,-0.1659,-0.0901,0.6399,0,0,0.2758,0.0,0.315,0.0,0.3698,0.6849,-0.1304,-1.4052837790894686,0.5806490577801229,0.4207746747551872,GBPCPCFC_01942-0,GBPCPCFC_01942-0,Rickettsia endosymbiont of Bryobia graminum,2878922,81.1,1.51e-157,449,unclassified Rickettsia,114295,,,Rickettsia,780,0,Alphaproteobacteria,28211,1104831,1105652,GBPCPCFC_01941,GBPCPCFC_01943,mRNA
GBPCPCFC_01943,gnl|Prokka|GBPCPCFC_22,1222,1348403,0.593,948.8175,764.2049,0.8661,0.0,0.3406,-0.3531,1896,1.2394,1.3758,0.6431,0,0,0.2421,0.0001,0.2711,0.0,0.3713,0.7271,-0.1172,-1.6129386487371948,1.7381471932852293,0.28627855501396043,GBPCPCFC_01943-0,GBPCPCFC_01943-0,Rickettsia endosymbiont of Bryobia graminum,2878922,37.7,3.55e-105,341,unclassified Rickettsia,114295,,,Rickettsia,780,0,Alphaproteobacteria,28211,1105912,1107807,GBPCPCFC_01942,GBPCPCFC_01944,mRNA
GBPCPCFC_01944,gnl|Prokka|GBPCPCFC_22,1222,1348403,0.593,948.8175,764.2049,0.8661,0.0,0.3406,-0.3531,333,-0.8058,-0.7576,0.6437,0,0,0.0898,0.1519,0.0731,0.2438,0.4204,2.1301,0.3212,-1.2930935064979523,-1.6795397215884675,0.43616234771231116,GBPCPCFC_01944-0,GBPCPCFC_01944-0,,,,,,,,,,,,0,Unassigned,,1107873,1108205,GBPCPCFC_01943,GBPCPCFC_01945,mRNA
GBPCPCFC_01945,gnl|Prokka|GBPCPCFC_22,1222,1348403,0.593,948.8175,764.2049,0.8661,0.0,0.3406,-0.3531,735,-0.2798,-0.2089,0.6453,0,0,0.2967,0.0,0.3407,0.0,0.3769,0.886,-0.0675,-1.3895356916071837,0.6378157024564285,0.44943215264423225,GBPCPCFC_01945-0,GBPCPCFC_01945-0,Pseudolycoriella hygida,35572,78.9,2.48e-129,375,cellular organisms,131567,Sciaridae,7184,Sciaridae,7184,1,Eumetazoa,6072,1108542,1109276,GBPCPCFC_01944,GBPCPCFC_01946,mRNA
GBPCPCFC_01946,gnl|Prokka|GBPCPCFC_22,1222,1348403,0.593,948.8175,764.2049,0.8661,0.0,0.3406,-0.3531,582,-0.48,-0.4177,0.6463,0,0,0.1904,0.0026,0.2407,0.0001,0.3351,-0.3086,-0.4408,-1.3309193602688913,-0.35184149761509614,0.4535767366131791,GBPCPCFC_01946-0,GBPCPCFC_01946-0,Pseudolycoriella hygida,35572,66.7,1.40e-79,246,cellular organisms,131567,Sciaridae,7184,Sciaridae,7184,1,Eumetazoa,6072,1109373,1109954,GBPCPCFC_01945,GBPCPCFC_01947,mRNA
GBPCPCFC_01947,gnl|Prokka|GBPCPCFC_22,1222,1348403,0.593,948.8175,764.2049,0.8661,0.0,0.3406,-0.3531,1056,0.1403,0.2293,0.6482,0,0,0.1596,0.0105,0.2487,0.0001,0.3163,-0.8446,-0.6082,-1.3964684338876203,0.18663885149027545,0.4079627802978032,GBPCPCFC_01947-0,GBPCPCFC_01947-0,Rickettsia endosymbiont of Bryobia graminum,2878922,67.7,6.77e-155,449,unclassified Rickettsia,114295,,,Rickettsia,780,0,Alphaproteobacteria,28211,1110164,1111219,GBPCPCFC_01946,GBPCPCFC_01948,mRNA
GBPCPCFC_01948,gnl|Prokka|GBPCPCFC_22,1222,1348403,0.593,948.8175,764.2049,0.8661,0.0,0.3406,-0.3531,660,-0.3779,-0.3112,0.6492,0,0,0.2834,0.0,0.3581,0.0,0.3242,-0.6174,-0.5372,-1.3550905851832258,0.5410533983978348,0.47621913092329693,GBPCPCFC_01948-0,GBPCPCFC_01948-0,Rickettsia endosymbiont of Bryobia graminum,2878922,67.6,2.92e-94,285,unclassified Rickettsia,114295,,,Rickettsia,780,0,Alphaproteobacteria,28211,1111226,1111885,GBPCPCFC_01947,GBPCPCFC_01949,mRNA
GBPCPCFC_01949,gnl|Prokka|GBPCPCFC_22,1222,1348403,0.593,948.8175,764.2049,0.8661,0.0,0.3406,-0.3531,120,-1.0845,-1.0483,0.6493,0,0,-0.036,0.6705,-0.0543,0.5213,0.3417,-0.1196,-0.3817,-1.221128999883712,-2.9256470517605027,0.4520321848199288,GBPCPCFC_01949-0,GBPCPCFC_01949-0,,,,,,,,,,,,0,Unassigned,,1111840,1111959,GBPCPCFC_01948,GBPCPCFC_01950,mRNA
GBPCPCFC_01950,gnl|Prokka|GBPCPCFC_22,1222,1348403,0.593,948.8175,764.2049,0.8661,0.0,0.3406,-0.3531,930,-0.0246,0.0573,0.6508,0,0,0.2525,0.0001,0.2401,0.0001,0.3452,-0.0198,-0.3505,-1.4451690735649125,0.37187206622168945,0.41004348988831746,GBPCPCFC_01950-0,GBPCPCFC_01950-0,,,,,,,,,,,,0,Unassigned,,1112068,1112997,GBPCPCFC_01949,GBPCPCFC_01951,mRNA
GBPCPCFC_01951,gnl|Prokka|GBPCPCFC_22,1222,1348403,0.593,948.8175,764.2049,0.8661,0.0,0.3406,-0.3531,984,0.046,0.131,0.6529,0,0,0.1097,0.0798,0.1372,0.0282,0.3811,1.0068,-0.0298,-1.401132545985674,-0.5000646983372062,0.3966702296000976,GBPCPCFC_01951-0,GBPCPCFC_01951-0,,,,,,,,,,,,0,Unassigned,,1113380,1114363,GBPCPCFC_01950,GBPCPCFC_01952,mRNA
GBPCPCFC_01952,gnl|Prokka|GBPCPCFC_22,1222,1348403,0.593,948.8175,764.2049,0.8661,0.0,0.3406,-0.3531,1395,0.5839,0.692,0.6553,0,0,0.3208,0.0,0.3924,0.0,0.357,0.3181,-0.245,-1.5087115926196664,1.8046013654323907,0.40545948756459055,GBPCPCFC_01952-0,GBPCPCFC_01952-0,Pseudolycoriella hygida,35572,82.9,4.70e-270,750,cellular organisms,131567,Sciaridae,7184,Sciaridae,7184,1,Eumetazoa,6072,1114606,1116000,GBPCPCFC_01951,GBPCPCFC_01953,mRNA
GBPCPCFC_01953,gnl|Prokka|GBPCPCFC_22,1222,1348403,0.593,948.8175,764.2049,0.8661,0.0,0.3406,-0.3531,1752,1.051,1.1792,0.658,0,0,0.2056,0.0009,0.2569,0.0,0.2814,-1.8415,-0.9197,-1.5614722473280565,1.343352115103634,0.3397259152782114,GBPCPCFC_01953-0,GBPCPCFC_01953-0,Rickettsia endosymbiont of Oedothorax gibbosus,931099,71.9,8.29e-22,112,unclassified Rickettsia,114295,,,Rickettsia,780,0,Alphaproteobacteria,28211,1116062,1117813,GBPCPCFC_01952,GBPCPCFC_01954,mRNA
GBPCPCFC_01954,gnl|Prokka|GBPCPCFC_22,1222,1348403,0.593,948.8175,764.2049,0.8661,0.0,0.3406,-0.3531,702,-0.323,-0.2539,0.659,0,0,0.2432,0.0001,0.2865,0.0,0.3846,1.1073,0.0016,-1.3679082152746558,0.18501200822100794,0.47517686041646257,GBPCPCFC_01954-0,GBPCPCFC_01954-0,Rickettsia endosymbiont of Pyrocoelia pectoralis,2866165,29.2,2.67e-11,74.3,Rickettsia endosymbiont of Pyrocoelia pectoralis,2866165,,,Rickettsia endosymbiont of Pyrocoelia pectoralis,2866165,0,Alphaproteobacteria,28211,1117813,1118514,GBPCPCFC_01953,GBPCPCFC_01955,mRNA
GBPCPCFC_01955,gnl|Prokka|GBPCPCFC_22,1222,1348403,0.593,948.8175,764.2049,0.8661,0.0,0.3406,-0.3531,675,-0.3583,-0.2908,0.6601,0,0,0.2514,0.0001,0.286,0.0,0.2726,-2.0928,-0.9982,-1.3687646044723625,0.18070413264742555,0.4794286150427379,GBPCPCFC_01955-0,GBPCPCFC_01955-0,unclassified Rickettsia,114295,50.7,5.52e-62,203,unclassified Rickettsia,114295,,,Rickettsia,780,0,Alphaproteobacteria,28211,1118580,1119254,GBPCPCFC_01954,GBPCPCFC_01956,mRNA
GBPCPCFC_01956,gnl|Prokka|GBPCPCFC_22,1222,1348403,0.593,948.8175,764.2049,0.8661,0.0,0.3406,-0.3531,951,0.0029,0.086,0.6615,0,0,0.3249,0.0,0.3881,0.0,0.3596,0.3933,-0.2215,-1.4254387389142507,1.2078764315830997,0.4721440700949134,GBPCPCFC_01956-0,GBPCPCFC_01956-0,Rotaria sp. Silwood2,2762512,81.3,9.77e-180,509,cellular organisms,131567,Sciaridae,7184,Sciaridae,7184,1,Eumetazoa,6072,1119254,1120204,GBPCPCFC_01955,GBPCPCFC_01957,mRNA
GBPCPCFC_01957,gnl|Prokka|GBPCPCFC_22,1222,1348403,0.593,948.8175,764.2049,0.8661,0.0,0.3406,-0.3531,1149,0.2619,0.3562,0.6643,0,0,0.1393,0.0259,0.1571,0.0119,0.3281,-0.5069,-0.5027,-1.4431622270193623,-0.08714247307691184,0.4045319910043142,GBPCPCFC_01957-0,GBPCPCFC_01957-0,Rickettsia endosymbiont of Bryobia graminum,2878922,76.2,3.58e-213,599,unclassified Rickettsia,114295,,,Rickettsia,780,0,Alphaproteobacteria,28211,1120926,1122074,GBPCPCFC_01956,GBPCPCFC_01958,mRNA
GBPCPCFC_01958,gnl|Prokka|GBPCPCFC_22,1222,1348403,0.593,948.8175,764.2049,0.8661,0.0,0.3406,-0.3531,1734,1.0275,1.1547,0.6669,0,0,0.2853,0.0,0.3682,0.0,0.3183,-0.786,-0.5899,-1.5586952713408302,2.030546511852562,0.3881790516208565,GBPCPCFC_01958-0,GBPCPCFC_01958-0,Rickettsia endosymbiont of Culicoides newsteadi,1961830,76.9,0.0,923,cellular organisms,131567,Sciaridae,7184,Sciaridae,7184,1,Eumetazoa,6072,1122080,1123813,GBPCPCFC_01957,GBPCPCFC_01959,mRNA
GBPCPCFC_01959,gnl|Prokka|GBPCPCFC_22,1222,1348403,0.593,948.8175,764.2049,0.8661,0.0,0.3406,-0.3531,783,-0.217,-0.1434,0.6682,0,0,0.0709,0.2586,0.1848,0.003,0.3231,-0.6496,-0.5473,-1.3049415707252343,-0.7694651203639148,0.48055542773689974,GBPCPCFC_01959-0,GBPCPCFC_01959-0,Rickettsia endosymbiont of Bryobia graminum,2878922,52.1,1.65e-71,230,unclassified Rickettsia,114295,,,Rickettsia,780,0,Alphaproteobacteria,28211,1123938,1124720,GBPCPCFC_01958,GBPCPCFC_01960,mRNA
GBPCPCFC_01960,gnl|Prokka|GBPCPCFC_22,1222,1348403,0.593,948.8175,764.2049,0.8661,0.0,0.3406,-0.3531,435,-0.6724,-0.6183,0.6689,0,0,0.1433,0.0261,0.1968,0.0022,0.377,0.89,-0.0663,-1.284531201846147,-0.8971153021404202,0.5164539941311569,GBPCPCFC_01960-0,GBPCPCFC_01960-0,Rickettsia endosymbiont of Culicoides newsteadi,1961830,81.3,7.46e-77,235,cellular organisms,131567,Sciaridae,7184,Sciaridae,7184,1,Eumetazoa,6072,1124773,1125207,GBPCPCFC_01959,GBPCPCFC_01961,mRNA
GBPCPCFC_01961,gnl|Prokka|GBPCPCFC_22,1222,1348403,0.593,948.8175,764.2049,0.8661,0.0,0.3406,-0.3531,492,-0.5978,-0.5405,0.6701,0,0,0.0759,0.226,0.0293,0.6406,0.3984,1.5003,0.1244,-1.3308603091712292,-1.6747003682073718,0.46435653257436665,GBPCPCFC_01961-0,GBPCPCFC_01961-0,,,,,,,,,,,,0,Unassigned,,1125487,1125978,GBPCPCFC_01960,GBPCPCFC_01962,mRNA
GBPCPCFC_01962,gnl|Prokka|GBPCPCFC_22,1222,1348403,0.593,948.8175,764.2049,0.8661,0.0,0.3406,-0.3531,555,-0.5153,-0.4546,0.6714,0,0,0.1901,0.0023,0.2184,0.0004,0.3153,-0.8724,-0.6169,-1.3315672470199977,-0.46758904367653087,0.5069373804286533,GBPCPCFC_01962-0,GBPCPCFC_01962-0,Rickettsia endosymbiont of Culicoides newsteadi,1961830,64.1,3.43e-72,226,unclassified Rickettsia,114295,,,Rickettsia,780,0,Alphaproteobacteria,28211,1126320,1126874,GBPCPCFC_01961,GBPCPCFC_01963,mRNA
GBPCPCFC_01963,gnl|Prokka|GBPCPCFC_22,1222,1348403,0.593,948.8175,764.2049,0.8661,0.0,0.3406,-0.3531,696,-0.3308,-0.2621,0.6725,0,0,0.164,0.0097,0.1556,0.0142,0.342,-0.1114,-0.3792,-1.3716709154026796,-0.6015448200010323,0.4743636164566258,GBPCPCFC_01963-0,GBPCPCFC_01963-0,Pseudolycoriella hygida,35572,82.7,3.99e-117,370,cellular organisms,131567,Sciaridae,7184,Sciaridae,7184,1,Eumetazoa,6072,1126917,1127612,GBPCPCFC_01962,GBPCPCFC_01964,mRNA
GBPCPCFC_01964,gnl|Prokka|GBPCPCFC_22,1222,1348403,0.593,948.8175,764.2049,0.8661,0.0,0.3406,-0.3531,777,-0.2248,-0.1515,0.6736,0,0,0.0557,0.3748,0.0985,0.1161,0.3192,-0.7621,-0.5825,-1.335520036320987,-1.136785880102688,0.46560630170747946,GBPCPCFC_01964-0,GBPCPCFC_01964-0,Rickettsia endosymbiont of Oedothorax gibbosus,931099,71.1,3.56e-91,278,unclassified Rickettsia,114295,,,Rickettsia,780,0,Alphaproteobacteria,28211,1127600,1128376,GBPCPCFC_01963,GBPCPCFC_01965,mRNA
GBPCPCFC_01965,gnl|Prokka|GBPCPCFC_22,1222,1348403,0.593,948.8175,764.2049,0.8661,0.0,0.3406,-0.3531,549,-0.5232,-0.4627,0.6745,0,0,0.0423,0.5,0.0946,0.131,0.3333,-0.3577,-0.4561,-1.2824661790678016,-1.5133818827390069,0.4967447951541487,GBPCPCFC_01965-0,GBPCPCFC_01965-0,Rickettsia endosymbiont of Bryobia graminum,2878922,86.8,1.30e-104,308,unclassified Rickettsia,114295,,,Rickettsia,780,0,Alphaproteobacteria,28211,1128379,1128927,GBPCPCFC_01964,GBPCPCFC_01966,mRNA
GBPCPCFC_01966,gnl|Prokka|GBPCPCFC_22,1222,1348403,0.593,948.8175,764.2049,0.8661,0.0,0.3406,-0.3531,507,-0.5781,-0.5201,0.6753,0,0,0.0947,0.1417,0.0926,0.151,0.3156,-0.8648,-0.6145,-1.3143554004650997,-1.359508864220125,0.4937660623561527,GBPCPCFC_01966-0,GBPCPCFC_01966-0,Rickettsia endosymbiont of Oedothorax gibbosus,931099,50.3,3.00e-39,141,unclassified Rickettsia,114295,,,Rickettsia,780,0,Alphaproteobacteria,28211,1128964,1129470,GBPCPCFC_01965,GBPCPCFC_01967,mRNA
GBPCPCFC_01967,gnl|Prokka|GBPCPCFC_22,1222,1348403,0.593,948.8175,764.2049,0.8661,0.0,0.3406,-0.3531,480,-0.6135,-0.5569,0.676,0,0,0.0394,0.5705,-0.0474,0.4946,0.2729,-2.0836,-0.9953,-1.3392534685484991,-2.1056912917487125,0.45851515899137235,GBPCPCFC_01967-0,GBPCPCFC_01967-0,Rickettsia endosymbiont of Bryobia graminum,2878922,52.5,2.55e-44,154,unclassified Rickettsia,114295,,,Rickettsia,780,0,Alphaproteobacteria,28211,1129470,1129949,GBPCPCFC_01966,GBPCPCFC_01968,mRNA
GBPCPCFC_01968,gnl|Prokka|GBPCPCFC_22,1222,1348403,0.593,948.8175,764.2049,0.8661,0.0,0.3406,-0.3531,225,-0.9472,-0.905,0.6763,0,0,0.0883,0.1992,0.0945,0.1693,0.3733,0.785,-0.0991,-1.2529648387427978,-1.7596759751878586,0.5325684603131918,GBPCPCFC_01968-0,GBPCPCFC_01968-0,Rickettsia endosymbiont of Bryobia graminum,2878922,90.5,3.16e-36,127,Rickettsia,780,,,Rickettsia,780,0,Alphaproteobacteria,28211,1129956,1130180,GBPCPCFC_01967,GBPCPCFC_01969,mRNA
GBPCPCFC_01969,gnl|Prokka|GBPCPCFC_22,1222,1348403,0.593,948.8175,764.2049,0.8661,0.0,0.3406,-0.3531,1818,1.1374,1.2693,0.6792,0,0,0.2875,0.0,0.3954,0.0,0.3361,-0.2791,-0.4315,-1.5603230092120774,2.245452309318749,0.4155607296751079,GBPCPCFC_01969-0,GBPCPCFC_01969-0,Rickettsia endosymbiont of Bryobia graminum,2878922,76.9,0.0,904,unclassified Rickettsia,114295,,,Rickettsia,780,0,Alphaproteobacteria,28211,1130319,1132136,GBPCPCFC_01968,GBPCPCFC_01970,mRNA
GBPCPCFC_01970,gnl|Prokka|GBPCPCFC_22,1222,1348403,0.593,948.8175,764.2049,0.8661,0.0,0.3406,-0.3531,1998,1.3729,1.515,0.6822,0,0,0.3611,0.0,0.4097,0.0,0.3569,0.3143,-0.2461,-1.642904096546043,2.842272450125322,0.39242239996507783,GBPCPCFC_01970-0,GBPCPCFC_01970-0,Didymodactylos carnosus,1234261,89.8,0.0,1166,cellular organisms,131567,Sciaridae,7184,Sciaridae,7184,1,Eumetazoa,6072,1132141,1134138,GBPCPCFC_01969,GBPCPCFC_01971,mRNA
GBPCPCFC_01971,gnl|Prokka|GBPCPCFC_22,1222,1348403,0.593,948.8175,764.2049,0.8661,0.0,0.3406,-0.3531,1545,0.7801,0.8967,0.6845,0,0,0.2914,0.0,0.3276,0.0,0.3851,1.1215,0.0061,-1.543290813676729,1.6609896230488648,0.43644191298737617,GBPCPCFC_01971-0,GBPCPCFC_01971-0,Pseudolycoriella hygida,35572,93.2,0.0,979,cellular organisms,131567,Sciaridae,7184,Sciaridae,7184,1,Eumetazoa,6072,1134177,1135721,GBPCPCFC_01970,GBPCPCFC_01972,mRNA
GBPCPCFC_01972,gnl|Prokka|GBPCPCFC_22,1222,1348403,0.593,948.8175,764.2049,0.8661,0.0,0.3406,-0.3531,699,-0.3269,-0.258,0.6861,0,0,0.0767,0.2212,0.1108,0.0767,0.3677,0.6231,-0.1497,-1.326991065373292,-1.1136210772933803,0.5047642289796259,GBPCPCFC_01972-0,GBPCPCFC_01972-0,Alphaproteobacteria,28211,51.1,1.06e-78,259,Bacteria,2,,,Bacteria,2,0,Bacteria,2,1136078,1136776,GBPCPCFC_01971,GBPCPCFC_01973,mRNA
GBPCPCFC_01973,gnl|Prokka|GBPCPCFC_22,1222,1348403,0.593,948.8175,764.2049,0.8661,0.0,0.3406,-0.3531,1293,0.4504,0.5527,0.6882,0,0,0.2,0.0013,0.2148,0.0005,0.3534,0.2167,-0.2766,-1.482339847782375,0.5549614272570581,0.4518845339610089,GBPCPCFC_01973-0,GBPCPCFC_01973-0,Legionella,445,56.7,1.31e-172,500,cellular organisms,131567,cellular organisms,131567,cellular organisms,131567,1,cellular organisms,131567,1136907,1138199,GBPCPCFC_01972,GBPCPCFC_01974,mRNA
GBPCPCFC_01974,gnl|Prokka|GBPCPCFC_22,1222,1348403,0.593,948.8175,764.2049,0.8661,0.0,0.3406,-0.3531,861,-0.1149,-0.0369,0.6896,0,0,0.101,0.1071,0.0987,0.1154,0.3391,-0.1918,-0.4043,-1.3825116460439246,-0.8362051000673544,0.4842986847886695,GBPCPCFC_01974-0,GBPCPCFC_01974-0,Didymodactylos carnosus,1234261,73.2,1.70e-147,429,Didymodactylos carnosus,1234261,,,Didymodactylos carnosus,1234261,0,Eumetazoa,6072,1138251,1139111,GBPCPCFC_01973,GBPCPCFC_01975,mRNA
GBPCPCFC_01975,gnl|Prokka|GBPCPCFC_22,1222,1348403,0.593,948.8175,764.2049,0.8661,0.0,0.3406,-0.3531,363,-0.7666,-0.7166,0.6901,0,0,0.1967,0.0022,0.1822,0.0046,0.3306,-0.4364,-0.4807,-1.313451514052965,-0.824208716968235,0.5596081372047979,GBPCPCFC_01975-0,GBPCPCFC_01975-0,Didymodactylos carnosus,1234261,56.5,2.71e-08,62.4,Didymodactylos carnosus,1234261,,,Didymodactylos carnosus,1234261,0,Eumetazoa,6072,1139095,1139457,GBPCPCFC_01974,GBPCPCFC_01976,mRNA
GBPCPCFC_01976,gnl|Prokka|GBPCPCFC_22,1222,1348403,0.593,948.8175,764.2049,0.8661,0.0,0.3406,-0.3531,1038,0.1167,0.2047,0.6917,0,0,0.2245,0.0003,0.3244,0.0,0.3285,-0.4953,-0.4991,-1.3936638393120302,0.6888348771765568,0.5260991524957042,GBPCPCFC_01976-0,GBPCPCFC_01976-0,unclassified Rickettsia,114295,66.2,8.40e-151,438,unclassified Rickettsia,114295,,,Rickettsia,780,0,Alphaproteobacteria,28211,1139482,1140519,GBPCPCFC_01975,GBPCPCFC_01977,mRNA
GBPCPCFC_01977,gnl|Prokka|GBPCPCFC_22,1222,1348403,0.593,948.8175,764.2049,0.8661,0.0,0.3406,-0.3531,2574,2.1266,2.3012,0.6955,0,0,0.332,0.0,0.3292,0.0,0.3644,0.5302,-0.1787,-1.7727809275752076,3.2210235375271363,0.32867272928765034,GBPCPCFC_01977-0,GBPCPCFC_01977-0,Rotaria sp. Silwood2,2762512,87.5,0.0,1383,cellular organisms,131567,Sciaridae,7184,Sciaridae,7184,1,Eumetazoa,6072,1140549,1143122,GBPCPCFC_01976,GBPCPCFC_01978,mRNA
GBPCPCFC_01978,gnl|Prokka|GBPCPCFC_22,1222,1348403,0.593,948.8175,764.2049,0.8661,0.0,0.3406,-0.3531,198,-0.9825,-0.9418,0.6963,0,0,-0.0482,0.4775,-0.0049,0.9423,0.3535,0.2194,-0.2758,-1.1921692955243774,-2.7040425557344463,0.5706540733963661,GBPCPCFC_01978-0,GBPCPCFC_01978-0,Chromobacterium violaceum,536,47.5,6.11e-04,47.0,Chromobacterium violaceum,536,,,Chromobacterium violaceum,536,0,Betaproteobacteria,28216,1143461,1143658,GBPCPCFC_01977,GBPCPCFC_01979,mRNA
GBPCPCFC_01979,gnl|Prokka|GBPCPCFC_22,1222,1348403,0.593,948.8175,764.2049,0.8661,0.0,0.3406,-0.3531,1716,1.0039,1.1301,0.6995,0,0,0.3616,0.0,0.3624,0.0,0.3362,-0.2745,-0.4301,-1.6085040719518087,2.3008699945464164,0.4500736227056304,GBPCPCFC_01979-0,GBPCPCFC_01979-0,Rickettsia endosymbiont of Platyusa sonomae,2878924,74.7,3.25e-309,858,Rickettsia,780,,,Rickettsia,780,0,Alphaproteobacteria,28211,1144071,1145786,GBPCPCFC_01978,GBPCPCFC_01980,mRNA
GBPCPCFC_01980,gnl|Prokka|GBPCPCFC_22,1222,1348403,0.593,948.8175,764.2049,0.8661,0.0,0.3406,-0.3531,609,-0.4447,-0.3808,0.7004,0,0,0.2028,0.0013,0.2327,0.0002,0.3415,-0.1232,-0.3828,-1.338312630455371,-0.2945784041967262,0.5700559301370199,GBPCPCFC_01980-0,GBPCPCFC_01980-0,Rickettsia endosymbiont of Bryobia graminum,2878922,79.7,2.31e-110,324,unclassified Rickettsia,114295,,,Rickettsia,780,0,Alphaproteobacteria,28211,1145776,1146384,GBPCPCFC_01979,GBPCPCFC_01981,mRNA
GBPCPCFC_01981,gnl|Prokka|GBPCPCFC_22,1222,1348403,0.593,948.8175,764.2049,0.8661,0.0,0.3406,-0.3531,936,-0.0168,0.0655,0.7017,0,0,0.2124,0.0008,0.2922,0.0,0.2991,-1.3343,-0.7612,-1.3789630130203738,0.3899428476875258,0.5523931559298865,GBPCPCFC_01981-0,GBPCPCFC_01981-0,Rickettsia endosymbiont of Culicoides impunctatus,2867440,72.9,2.26e-154,444,unclassified Rickettsia,114295,,,Rickettsia,780,0,Alphaproteobacteria,28211,1146338,1147273,GBPCPCFC_01980,GBPCPCFC_01982,mRNA
GBPCPCFC_01982,gnl|Prokka|GBPCPCFC_22,1222,1348403,0.593,948.8175,764.2049,0.8661,0.0,0.3406,-0.3531,288,-0.8647,-0.819,0.7021,0,0,0.129,0.0621,0.093,0.1792,0.2951,-1.4488,-0.797,-1.2912177364897828,-1.512714278158885,0.5766434627285554,GBPCPCFC_01982-0,GBPCPCFC_01982-0,unclassified Rickettsia,114295,78.9,1.45e-46,154,unclassified Rickettsia,114295,,,Rickettsia,780,0,Alphaproteobacteria,28211,1147287,1147574,GBPCPCFC_01981,GBPCPCFC_01983,mRNA
GBPCPCFC_01983,gnl|Prokka|GBPCPCFC_22,1222,1348403,0.593,948.8175,764.2049,0.8661,0.0,0.3406,-0.3531,2418,1.9225,2.0883,0.706,0,0,0.3489,0.0,0.3715,0.0,0.3553,0.2685,-0.2605,-1.7309140887681256,3.2254875078713585,0.384187156105743,GBPCPCFC_01983-0,GBPCPCFC_01983-0,Rickettsia endosymbiont of Cimex lectularius,2698648,85.8,0.0,1414,Rickettsia,780,,,Rickettsia,780,0,Alphaproteobacteria,28211,1147791,1150208,GBPCPCFC_01982,GBPCPCFC_01984,mRNA
GBPCPCFC_01984,gnl|Prokka|GBPCPCFC_22,1222,1348403,0.593,948.8175,764.2049,0.8661,0.0,0.3406,-0.3531,3120,2.8411,3.0464,0.7109,0,0,0.3179,0.0,0.3933,0.0,0.3878,1.1988,0.0302,-1.8334351504902815,4.117971911460271,0.3223641385163086,GBPCPCFC_01984-0,GBPCPCFC_01984-0,Rickettsia endosymbiont of Bryobia graminum,2878922,67.2,0.0,984,cellular organisms,131567,Sciaridae,7184,Sciaridae,7184,1,Eumetazoa,6072,1150380,1153499,GBPCPCFC_01983,GBPCPCFC_01985,mRNA
GBPCPCFC_01985,gnl|Prokka|GBPCPCFC_22,1222,1348403,0.593,948.8175,764.2049,0.8661,0.0,0.3406,-0.3531,285,-0.8686,-0.8231,0.7113,0,0,0.0611,0.3461,0.1628,0.0115,0.4175,2.0479,0.2955,-1.202027967231859,-1.55915515971862,0.6351321268482791,GBPCPCFC_01985-0,GBPCPCFC_01985-0,,,,,,,,,,,,0,Unassigned,,1153477,1153761,GBPCPCFC_01984,GBPCPCFC_01986,mRNA
GBPCPCFC_01986,gnl|Prokka|GBPCPCFC_22,1222,1348403,0.593,948.8175,764.2049,0.8661,0.0,0.3406,-0.3531,2016,1.3965,1.5396,0.7143,0,0,0.2572,0.0,0.351,0.0,0.3661,0.5775,-0.1639,-1.5919614463741605,2.232444036757791,0.4616982995591638,GBPCPCFC_01986-0,GBPCPCFC_01986-0,Rickettsia endosymbiont of Cimex lectularius,2698648,60.6,1.11e-264,757,unclassified Rickettsia,114295,,,Rickettsia,780,0,Alphaproteobacteria,28211,1153758,1155773,GBPCPCFC_01985,GBPCPCFC_01987,mRNA
GBPCPCFC_01987,gnl|Prokka|GBPCPCFC_22,1222,1348403,0.593,948.8175,764.2049,0.8661,0.0,0.3406,-0.3531,246,-0.9197,-0.8763,0.7146,0,0,0.172,0.0106,0.2247,0.0008,0.4512,3.0099,0.5961,-1.2450157184043387,-0.9400862282576654,0.6500997085992468,GBPCPCFC_01987-0,GBPCPCFC_01987-0,,,,,,,,,,,,0,Unassigned,,1155727,1155972,GBPCPCFC_01986,GBPCPCFC_01988,mRNA
GBPCPCFC_01988,gnl|Prokka|GBPCPCFC_22,1222,1348403,0.593,948.8175,764.2049,0.8661,0.0,0.3406,-0.3531,2883,2.531,2.7229,0.7188,0,0,0.3071,0.0,0.4355,0.0,0.3524,0.1873,-0.2858,-1.7554681874266287,3.897980925765179,0.3867337108442746,GBPCPCFC_01988-0,GBPCPCFC_01988-0,Rickettsia endosymbiont of Cimex lectularius,2698648,61.1,0.0,1099,unclassified Rickettsia,114295,,,Rickettsia,780,0,Alphaproteobacteria,28211,1155969,1158851,GBPCPCFC_01987,GBPCPCFC_01989,mRNA
GBPCPCFC_01989,gnl|Prokka|GBPCPCFC_22,1222,1348403,0.593,948.8175,764.2049,0.8661,0.0,0.3406,-0.3531,2832,2.4642,2.6533,0.7231,0,0,0.3029,0.0,0.3622,0.0,0.3475,0.0458,-0.33,-1.7789820373409553,3.559908759718557,0.37753168491676053,GBPCPCFC_01989-0,GBPCPCFC_01989-0,Rickettsia endosymbiont of Cimex lectularius,2698648,58.4,0.0,1015,unclassified Rickettsia,114295,,,Rickettsia,780,0,Alphaproteobacteria,28211,1158886,1161717,GBPCPCFC_01988,GBPCPCFC_01990,mRNA
GBPCPCFC_01990,gnl|Prokka|GBPCPCFC_22,1222,1348403,0.593,948.8175,764.2049,0.8661,0.0,0.3406,-0.3531,3315,3.0963,3.3126,0.728,0,0,0.1938,0.0018,0.2755,0.0,0.356,0.2886,-0.2542,-1.8355986163982634,3.4612877131158775,0.31769080904356156,GBPCPCFC_01990-0,GBPCPCFC_01990-0,Rickettsia endosymbiont of Pseudomimeciton antennatum,2878923,60.9,0.0,1254,unclassified Rickettsia,114295,,,Rickettsia,780,0,Alphaproteobacteria,28211,1161720,1165034,GBPCPCFC_01989,GBPCPCFC_01991,mRNA
GBPCPCFC_01991,gnl|Prokka|GBPCPCFC_22,1222,1348403,0.593,948.8175,764.2049,0.8661,0.0,0.3406,-0.3531,504,-0.5821,-0.5242,0.7294,0,0,0.1929,0.0019,0.2135,0.0006,0.3552,0.2658,-0.2613,-1.3140209693448601,-0.5450145703574526,0.644837186318192,GBPCPCFC_01991-0,GBPCPCFC_01991-0,Rickettsia endosymbiont of Bryobia graminum,2878922,91.6,4.67e-100,295,unclassified Rickettsia,114295,,,Rickettsia,780,0,Alphaproteobacteria,28211,1165478,1165981,GBPCPCFC_01990,GBPCPCFC_01992,mRNA
GBPCPCFC_01992,gnl|Prokka|GBPCPCFC_22,1222,1348403,0.593,948.8175,764.2049,0.8661,0.0,0.3406,-0.3531,1251,0.3954,0.4954,0.7318,0,0,0.262,0.0,0.3735,0.0,0.3357,-0.2892,-0.4347,-1.4300243212728403,1.2971690666431406,0.6033997750973976,GBPCPCFC_01992-0,GBPCPCFC_01992-0,Rickettsia endosymbiont of Labidopullus appendiculatus,2878921,72.8,1.17e-205,583,unclassified Rickettsia,114295,,,Rickettsia,780,0,Alphaproteobacteria,28211,1166359,1167609,GBPCPCFC_01991,GBPCPCFC_01993,mRNA
GBPCPCFC_01993,gnl|Prokka|GBPCPCFC_22,1222,1348403,0.593,948.8175,764.2049,0.8661,0.0,0.3406,-0.3531,600,-0.4564,-0.3931,0.7328,0,0,0.239,0.0001,0.2823,0.0,0.3067,-1.1195,-0.6941,-1.3314263249997178,0.011239175016218671,0.6573097802457356,GBPCPCFC_01993-0,GBPCPCFC_01993-0,Rickettsia endosymbiont of Cimex lectularius,2698648,68.0,1.04e-86,264,unclassified Rickettsia,114295,,,Rickettsia,780,0,Alphaproteobacteria,28211,1167644,1168243,GBPCPCFC_01992,GBPCPCFC_01994,mRNA
GBPCPCFC_01994,gnl|Prokka|GBPCPCFC_22,1222,1348403,0.593,948.8175,764.2049,0.8661,0.0,0.3406,-0.3531,1305,0.4661,0.5691,0.7347,0,0,0.2115,0.0007,0.2388,0.0001,0.3755,0.8463,-0.0799,-1.471282067873156,0.6984378693855975,0.5642614504312468,GBPCPCFC_01994-0,GBPCPCFC_01994-0,Pseudolycoriella hygida,35572,89.6,1.17e-287,797,cellular organisms,131567,Sciaridae,7184,Sciaridae,7184,1,Eumetazoa,6072,1168240,1169544,GBPCPCFC_01993,GBPCPCFC_01995,mRNA
GBPCPCFC_01995,gnl|Prokka|GBPCPCFC_22,1222,1348403,0.593,948.8175,764.2049,0.8661,0.0,0.3406,-0.3531,4125,4.1562,4.4182,0.741,0,0,0.421,0.0,0.4829,0.0,0.3872,1.1797,0.0242,-2.0559185123981685,6.205553031622763,0.2820059433745871,GBPCPCFC_01995-0,GBPCPCFC_01995-0,Rickettsia endosymbiont of Oedothorax gibbosus,931099,92.2,0.0,2481,cellular organisms,131567,Sciaridae,7184,Sciaridae,7184,1,Eumetazoa,6072,1169633,1173757,GBPCPCFC_01994,GBPCPCFC_01996,mRNA
GBPCPCFC_01996,gnl|Prokka|GBPCPCFC_22,1222,1348403,0.593,948.8175,764.2049,0.8661,0.0,0.3406,-0.3531,4107,4.1326,4.3936,0.7472,0,0,0.3868,0.0,0.3991,0.0,0.3682,0.637,-0.1453,-2.06841387533647,5.751358497238329,0.27469361512984036,GBPCPCFC_01996-0,GBPCPCFC_01996-0,Rickettsia endosymbiont of Oedothorax gibbosus,931099,87.6,0.0,2398,cellular organisms,131567,Sciaridae,7184,Sciaridae,7184,1,Eumetazoa,6072,1173835,1177941,GBPCPCFC_01995,GBPCPCFC_01997,mRNA
GBPCPCFC_01997,gnl|Prokka|GBPCPCFC_22,1222,1348403,0.593,948.8175,764.2049,0.8661,0.0,0.3406,-0.3531,369,-0.7587,-0.7084,0.7494,0,0,0.3691,0.0,0.1985,0.002,0.4011,1.5777,0.1486,-1.423018884647658,-0.04963925992217261,0.6711983838363451,GBPCPCFC_01997-0,GBPCPCFC_01997-0,unclassified Rickettsia,114295,84.4,5.26e-57,183,cellular organisms,131567,Sciaridae,7184,Sciaridae,7184,1,Eumetazoa,6072,1179057,1179425,GBPCPCFC_01996,GBPCPCFC_01998,mRNA
GBPCPCFC_01998,gnl|Prokka|GBPCPCFC_22,1222,1348403,0.593,948.8175,764.2049,0.8661,0.0,0.3406,-0.3531,510,-0.5742,-0.516,0.7502,0,0,0.3006,0.0,0.3051,0.0,0.3647,0.5385,-0.1761,-1.3445915545139315,0.22272808177577635,0.705766251250824,GBPCPCFC_01998-0,GBPCPCFC_01998-0,Rickettsia endosymbiont of Bryobia graminum,2878922,74.6,6.83e-73,227,unclassified Rickettsia,114295,,,Rickettsia,780,0,Alphaproteobacteria,28211,1179459,1179968,GBPCPCFC_01997,GBPCPCFC_01999,mRNA
GBPCPCFC_01999,gnl|Prokka|GBPCPCFC_22,1222,1348403,0.593,948.8175,764.2049,0.8661,0.0,0.3406,-0.3531,726,-0.2916,-0.2212,0.7513,0,0,0.3042,0.0,0.2988,0.0,0.3788,0.9408,-0.0504,-1.3927168394035412,0.5069051650162948,0.6788816452410413,GBPCPCFC_01999-0,GBPCPCFC_01999-0,Rickettsia endosymbiont of Cimex lectularius,2698648,86.5,3.63e-134,387,cellular organisms,131567,Sciaridae,7184,Sciaridae,7184,1,Eumetazoa,6072,1180031,1180756,GBPCPCFC_01998,GBPCPCFC_02000,mRNA
GBPCPCFC_02000,gnl|Prokka|GBPCPCFC_22,1222,1348403,0.593,948.8175,764.2049,0.8661,0.0,0.3406,-0.3531,435,-0.6724,-0.6183,0.752,0,0,0.0782,0.2335,0.0075,0.9087,0.3494,0.102,-0.3125,-1.3154497253971533,-1.8214155263671443,0.6521722014202318,GBPCPCFC_02000-0,GBPCPCFC_02000-0,Rickettsia endosymbiont of Cimex lectularius,2698648,81.9,1.71e-77,236,cellular organisms,131567,Sciaridae,7184,Sciaridae,7184,1,Eumetazoa,6072,1180759,1181193,GBPCPCFC_01999,GBPCPCFC_02001,mRNA
GBPCPCFC_02001,gnl|Prokka|GBPCPCFC_22,1222,1348403,0.593,948.8175,764.2049,0.8661,0.0,0.3406,-0.3531,531,-0.5467,-0.4873,0.7529,0,0,0.109,0.0817,0.1769,0.0045,0.354,0.2341,-0.2712,-1.2703275021164218,-0.9831080887143556,0.6974629646781199,GBPCPCFC_02001-0,GBPCPCFC_02001-0,Pseudolycoriella hygida,35572,90.1,2.83e-95,311,cellular organisms,131567,Sciaridae,7184,Sciaridae,7184,1,Eumetazoa,6072,1181254,1181784,GBPCPCFC_02000,GBPCPCFC_02002,mRNA
GBPCPCFC_02002,gnl|Prokka|GBPCPCFC_22,1222,1348403,0.593,948.8175,764.2049,0.8661,0.0,0.3406,-0.3531,201,-0.9786,-0.9377,0.7532,0,0,0.1753,0.0369,0.1804,0.0317,0.2438,-2.9159,-1.2554,-1.2533041878985962,-1.1412000552333477,0.7283068962329308,GBPCPCFC_02002-0,GBPCPCFC_02002-0,Rickettsia endosymbiont of Bryobia graminum,2878922,83.3,7.75e-29,107,unclassified Rickettsia,114295,,,Rickettsia,780,0,Alphaproteobacteria,28211,1181808,1182008,GBPCPCFC_02001,GBPCPCFC_02003,mRNA
GBPCPCFC_02003,gnl|Prokka|GBPCPCFC_22,1222,1348403,0.593,948.8175,764.2049,0.8661,0.0,0.3406,-0.3531,76,-1.1421,-1.1083,0.7533,0,0,-0.0626,0.49,0.0357,0.6939,0.5526,5.9069,1.5012,-1.1246567630754445,-2.792265166485643,0.7342534996877421,GBPCPCFC_02003-0,GBPCPCFC_02003-0,Paraburkholderia tropica,92647,80.0,8.82e-04,42.4,Paraburkholderia tropica,92647,,,Paraburkholderia tropica,92647,0,Betaproteobacteria,28216,1182027,1182102,GBPCPCFC_02002,GBPCPCFC_02004,mRNA
GBPCPCFC_02004,gnl|Prokka|GBPCPCFC_22,1222,1348403,0.593,948.8175,764.2049,0.8661,0.0,0.3406,-0.3531,2079,1.4789,1.6256,0.7567,0,0,0.3476,0.0,0.3711,0.0,0.3959,1.4286,0.102,-1.652903784899655,2.7584862915600805,0.5430315262368263,GBPCPCFC_02004-0,GBPCPCFC_02004-0,Rickettsia endosymbiont of Cimex lectularius,2698648,89.2,0.0,1234,cellular organisms,131567,Sciaridae,7184,Sciaridae,7184,1,Eumetazoa,6072,1182286,1184364,GBPCPCFC_02003,GBPCPCFC_02005,mRNA
GBPCPCFC_02005,gnl|Prokka|GBPCPCFC_22,1222,1348403,0.593,948.8175,764.2049,0.8661,0.0,0.3406,-0.3531,489,-0.6017,-0.5446,0.7574,0,0,0.1899,0.0031,0.2423,0.0002,0.3497,0.1097,-0.3101,-1.2881927981970513,-0.4805592686421935,0.7221231104373336,GBPCPCFC_02005-0,GBPCPCFC_02005-0,Rickettsia endosymbiont of Cimex lectularius,2698648,90.1,1.16e-95,284,Rickettsia,780,,,Rickettsia,780,0,Alphaproteobacteria,28211,1184371,1184859,GBPCPCFC_02004,GBPCPCFC_02006,mRNA
GBPCPCFC_02006,gnl|Prokka|GBPCPCFC_22,1222,1348403,0.593,948.8175,764.2049,0.8661,0.0,0.3406,-0.3531,384,-0.7391,-0.6879,0.758,0,0,0.053,0.398,0.0906,0.1482,0.3984,1.5021,0.125,-1.2426731562965403,-1.709767740552109,0.7063938775194613,GBPCPCFC_02006-0,GBPCPCFC_02006-0,Rickettsia endosymbiont of Labidopullus appendiculatus,2878921,97.6,7.80e-84,251,Alphaproteobacteria,28211,,,Alphaproteobacteria,28211,0,Alphaproteobacteria,28211,1184878,1185261,GBPCPCFC_02005,GBPCPCFC_02007,mRNA
GBPCPCFC_02007,gnl|Prokka|GBPCPCFC_22,1222,1348403,0.593,948.8175,764.2049,0.8661,0.0,0.3406,-0.3531,651,-0.3897,-0.3235,0.76,0,0,0.098,0.1358,0.186,0.0044,0.3425,-0.0944,-0.3738,-1.2795055156913553,-0.8362214969209394,0.704288850404634,GBPCPCFC_02007-0,GBPCPCFC_02007-0,Rickettsia endosymbiont of Culicoides impunctatus,2867440,76.5,2.83e-100,300,unclassified Rickettsia,114295,,,Rickettsia,780,0,Alphaproteobacteria,28211,1185934,1186584,GBPCPCFC_02006,GBPCPCFC_02008,mRNA
GBPCPCFC_02008,gnl|Prokka|GBPCPCFC_22,1222,1348403,0.593,948.8175,764.2049,0.8661,0.0,0.3406,-0.3531,393,-0.7273,-0.6757,0.7606,0,0,-0.0496,0.4638,-0.0289,0.6696,0.2799,-1.8841,-0.933,-1.2282938805182366,-2.5331708364110583,0.686753884522846,GBPCPCFC_02008-0,GBPCPCFC_02008-0,Rickettsia endosymbiont of Cimex lectularius,2698648,57.7,7.17e-40,140,Rickettsia,780,,,Rickettsia,780,0,Alphaproteobacteria,28211,1186600,1186992,GBPCPCFC_02007,GBPCPCFC_02009,mRNA
GBPCPCFC_02009,gnl|Prokka|GBPCPCFC_22,1222,1348403,0.593,948.8175,764.2049,0.8661,0.0,0.3406,-0.3531,2811,2.4368,2.6247,0.7647,0,0,0.3256,0.0,0.3573,0.0,0.3618,0.4553,-0.2021,-1.7856884782465747,3.6065580597972957,0.4703515112428832,GBPCPCFC_02009-0,GBPCPCFC_02009-0,Pseudolycoriella hygida,35572,74.2,0.0,1397,cellular organisms,131567,Sciaridae,7184,Sciaridae,7184,1,Eumetazoa,6072,1186985,1189795,GBPCPCFC_02008,GBPCPCFC_02010,mRNA
GBPCPCFC_02010,gnl|Prokka|GBPCPCFC_22,1222,1348403,0.593,948.8175,764.2049,0.8661,0.0,0.3406,-0.3531,678,-0.3544,-0.2867,0.7658,0,0,0.2216,0.0004,0.2829,0.0,0.3658,0.5692,-0.1665,-1.3265225762591022,0.04461594928991821,0.7271274288252871,GBPCPCFC_02010-0,GBPCPCFC_02010-0,,,,,,,,,,,,0,Unassigned,,1189830,1190507,GBPCPCFC_02009,GBPCPCFC_02011,mRNA
GBPCPCFC_02011,gnl|Prokka|GBPCPCFC_22,1222,1348403,0.593,948.8175,764.2049,0.8661,0.0,0.3406,-0.3531,855,-0.1228,-0.0451,0.7674,0,0,0.2037,0.001,0.2312,0.0002,0.3485,0.0767,-0.3204,-1.3740858837821954,0.0317215255561732,0.693723472982617,GBPCPCFC_02011-0,GBPCPCFC_02011-0,Rickettsia endosymbiont of Bryobia graminum,2878922,78.5,1.03e-165,471,cellular organisms,131567,Arthropoda,6656,Arthropoda,6656,1,Eumetazoa,6072,1190737,1191591,GBPCPCFC_02010,GBPCPCFC_02012,mRNA
GBPCPCFC_02012,gnl|Prokka|GBPCPCFC_22,1222,1348403,0.593,948.8175,764.2049,0.8661,0.0,0.3406,-0.3531,1530,0.7605,0.8762,0.7696,0,0,0.1597,0.0105,0.2089,0.0008,0.3307,-0.4324,-0.4794,-1.4847319238957273,0.68263593195074,0.6155630261726425,GBPCPCFC_02012-0,GBPCPCFC_02012-0,Rickettsia endosymbiont of Cimex lectularius,2698648,70.6,1.88e-256,719,unclassified Rickettsia,114295,,,Rickettsia,780,0,Alphaproteobacteria,28211,1191559,1193088,GBPCPCFC_02011,GBPCPCFC_02013,mRNA
GBPCPCFC_02013,gnl|Prokka|GBPCPCFC_22,1222,1348403,0.593,948.8175,764.2049,0.8661,0.0,0.3406,-0.3531,1668,0.9411,1.0646,0.7728,0,0,0.2437,0.0001,0.3747,0.0,0.3777,0.9096,-0.0601,-1.4891046701474904,1.785698926155526,0.6503034659900246,GBPCPCFC_02013-0,GBPCPCFC_02013-0,Rickettsia endosymbiont of Bryobia graminum,2878922,91.4,0.0,1023,cellular organisms,131567,Sciaridae,7184,Sciaridae,7184,1,Eumetazoa,6072,1193566,1195233,GBPCPCFC_02012,GBPCPCFC_02014,mRNA
GBPCPCFC_02014,gnl|Prokka|GBPCPCFC_22,1222,1348403,0.593,948.8175,764.2049,0.8661,0.0,0.3406,-0.3531,750,-0.2602,-0.1884,0.7739,0,0,0.1436,0.0237,0.087,0.1721,0.328,-0.51,-0.5037,-1.380986815197593,-0.8544299795835572,0.6808277626275726,GBPCPCFC_02014-0,GBPCPCFC_02014-0,,,,,,,,,,,,0,Unassigned,,1195250,1195999,GBPCPCFC_02013,GBPCPCFC_02015,mRNA
GBPCPCFC_02015,gnl|Prokka|GBPCPCFC_22,1222,1348403,0.593,948.8175,764.2049,0.8661,0.0,0.3406,-0.3531,2031,1.4161,1.56,0.777,0,0,0.3577,0.0,0.413,0.0,0.3181,-0.7937,-0.5923,-1.6253115965838085,2.8783088572592668,0.6089480486355856,GBPCPCFC_02015-0,GBPCPCFC_02015-0,Rickettsia endosymbiont of Labidopullus appendiculatus,2878921,68.8,0.0,910,unclassified Rickettsia,114295,,,Rickettsia,780,0,Alphaproteobacteria,28211,1196023,1198053,GBPCPCFC_02014,GBPCPCFC_02016,mRNA
GBPCPCFC_02016,gnl|Prokka|GBPCPCFC_22,1222,1348403,0.593,948.8175,764.2049,0.8661,0.0,0.3406,-0.3531,1005,0.0735,0.1597,0.7785,0,0,0.209,0.0008,0.224,0.0003,0.3751,0.8361,-0.0831,-1.4088706439334286,0.23010523769184574,0.6974444301936649,GBPCPCFC_02016-0,GBPCPCFC_02016-0,Rickettsia endosymbiont of Bryobia graminum,2878922,66.7,1.63e-140,410,unclassified Rickettsia,114295,,,Rickettsia,780,0,Alphaproteobacteria,28211,1198050,1199054,GBPCPCFC_02015,GBPCPCFC_02017,mRNA
GBPCPCFC_02017,gnl|Prokka|GBPCPCFC_22,1222,1348403,0.593,948.8175,764.2049,0.8661,0.0,0.3406,-0.3531,930,-0.0246,0.0573,0.7799,0,0,0.223,0.0003,0.2805,0.0,0.3634,0.5024,-0.1874,-1.3753523290848915,0.3807989126464108,0.7276005960266645,GBPCPCFC_02017-0,GBPCPCFC_02017-0,Rickettsia endosymbiont of Cimex lectularius,2698648,76.2,3.52e-154,444,unclassified Rickettsia,114295,,,Rickettsia,780,0,Alphaproteobacteria,28211,1199051,1199980,GBPCPCFC_02016,GBPCPCFC_02018,mRNA
GBPCPCFC_02018,gnl|Prokka|GBPCPCFC_22,1222,1348403,0.593,948.8175,764.2049,0.8661,0.0,0.3406,-0.3531,1980,1.3494,1.4904,0.7828,0,0,0.3585,0.0,0.457,0.0,0.346,0.003,-0.3434,-1.5921072844451047,2.963481386954713,0.6441763191262697,GBPCPCFC_02018-0,GBPCPCFC_02018-0,Rickettsia endosymbiont of Cimex lectularius,2698648,76.6,0.0,1016,unclassified Rickettsia,114295,,,Rickettsia,780,0,Alphaproteobacteria,28211,1199999,1201978,GBPCPCFC_02017,GBPCPCFC_02019,mRNA
GBPCPCFC_02019,gnl|Prokka|GBPCPCFC_22,1222,1348403,0.593,948.8175,764.2049,0.8661,0.0,0.3406,-0.3531,147,-1.0492,-1.0114,0.7833,0,0,0.2072,0.0099,0.1166,0.15,0.3061,-1.135,-0.699,-1.292999160449996,-1.3027771636314538,0.7760626992121701,GBPCPCFC_02019-0,GBPCPCFC_02019-0,,,,,,,,,,,,0,Unassigned,,1202164,1202310,GBPCPCFC_02018,GBPCPCFC_02020,mRNA
GBPCPCFC_02020,gnl|Prokka|GBPCPCFC_22,1222,1348403,0.593,948.8175,764.2049,0.8661,0.0,0.3406,-0.3531,1521,0.7487,0.8639,0.7855,0,0,0.2575,0.0,0.3116,0.0,0.3695,0.6753,-0.1334,-1.5002198652085104,1.4268841990716044,0.6728262244718652,GBPCPCFC_02020-0,GBPCPCFC_02020-0,Rickettsia endosymbiont of Bryobia graminum,2878922,28.1,1.40e-14,88.6,unclassified Rickettsia,114295,,,Rickettsia,780,0,Alphaproteobacteria,28211,1202291,1203811,GBPCPCFC_02019,GBPCPCFC_02021,mRNA
GBPCPCFC_02021,gnl|Prokka|GBPCPCFC_22,1222,1348403,0.593,948.8175,764.2049,0.8661,0.0,0.3406,-0.3531,2352,1.8361,1.9982,0.7892,0,0,0.3841,0.0,0.3751,0.0,0.3333,-0.3577,-0.4561,-1.7250579346128763,3.2896665210184644,0.5794298556171603,GBPCPCFC_02021-0,GBPCPCFC_02021-0,,,,,,,,,,,,0,Unassigned,,1203955,1206306,GBPCPCFC_02020,GBPCPCFC_02022,mRNA
GBPCPCFC_02022,gnl|Prokka|GBPCPCFC_22,1222,1348403,0.593,948.8175,764.2049,0.8661,0.0,0.3406,-0.3531,1497,0.7173,0.8312,0.7918,0,0,0.2991,0.0,0.3778,0.0,0.3721,0.7491,-0.1103,-1.4914096526289988,1.793762199674421,0.7066021093741884,GBPCPCFC_02022-0,GBPCPCFC_02022-0,Rickettsia endosymbiont of Bryobia graminum,2878922,72.5,2.38e-257,719,cellular organisms,131567,Sciaridae,7184,Sciaridae,7184,1,Eumetazoa,6072,1206529,1208025,GBPCPCFC_02021,GBPCPCFC_02023,mRNA
GBPCPCFC_02023,gnl|Prokka|GBPCPCFC_22,1222,1348403,0.593,948.8175,764.2049,0.8661,0.0,0.3406,-0.3531,762,-0.2445,-0.172,0.7933,0,0,0.155,0.0145,0.1729,0.0064,0.353,0.2046,-0.2804,-1.3437793363654926,-0.4973252835083598,0.7527636517373826,GBPCPCFC_02023-0,GBPCPCFC_02023-0,Candidatus Paracaedibacteraceae bacterium,2746922,74.9,1.11e-121,362,Bacteria,2,,,Bacteria,2,0,Bacteria,2,1208262,1209023,GBPCPCFC_02022,GBPCPCFC_02024,mRNA
GBPCPCFC_02024,gnl|Prokka|GBPCPCFC_22,1222,1348403,0.593,948.8175,764.2049,0.8661,0.0,0.3406,-0.3531,1293,0.4504,0.5527,0.7952,0,0,0.1839,0.0031,0.2063,0.0009,0.3534,0.2167,-0.2766,-1.452260048081514,0.4528495615183974,0.6986302040201828,GBPCPCFC_02024-0,GBPCPCFC_02024-0,Legionella,445,56.7,1.31e-172,500,cellular organisms,131567,cellular organisms,131567,cellular organisms,131567,1,cellular organisms,131567,1209044,1210336,GBPCPCFC_02023,GBPCPCFC_02025,mRNA
GBPCPCFC_02025,gnl|Prokka|GBPCPCFC_22,1222,1348403,0.593,948.8175,764.2049,0.8661,0.0,0.3406,-0.3531,348,-0.7862,-0.7371,0.7959,0,0,-0.0084,0.9064,0.0554,0.4372,0.2787,-1.9174,-0.9434,-1.1997233507224054,-2.1356689009169214,0.7965472660091067,GBPCPCFC_02025-0,GBPCPCFC_02025-0,Candidatus Paracaedibacter symbiosus,244582,71.1,3.62e-43,155,Bacteria,2,,,Bacteria,2,0,Bacteria,2,1210435,1210782,GBPCPCFC_02024,GBPCPCFC_02026,mRNA
GBPCPCFC_02026,gnl|Prokka|GBPCPCFC_22,1222,1348403,0.593,948.8175,764.2049,0.8661,0.0,0.3406,-0.3531,912,-0.0482,0.0327,0.7975,0,0,0.2994,0.0,0.3874,0.0,0.3695,0.676,-0.1331,-1.3705810217068553,1.0392386643671476,0.7950681399096535,GBPCPCFC_02026-0,GBPCPCFC_02026-0,Rickettsia endosymbiont of Cimex lectularius,2698648,42.6,4.62e-64,214,unclassified Rickettsia,114295,,,Rickettsia,780,0,Alphaproteobacteria,28211,1210996,1211907,GBPCPCFC_02025,GBPCPCFC_02027,mRNA
GBPCPCFC_02027,gnl|Prokka|GBPCPCFC_22,1222,1348403,0.593,948.8175,764.2049,0.8661,0.0,0.3406,-0.3531,435,-0.6724,-0.6183,0.7983,0,0,0.2241,0.0007,0.2829,0.0,0.3494,0.102,-0.3125,-1.2738580934429218,-0.2743706070446442,0.831570012352954,GBPCPCFC_02027-0,GBPCPCFC_02027-0,Rickettsia endosymbiont of Bryobia graminum,2878922,84.7,9.24e-82,247,unclassified Rickettsia,114295,,,Rickettsia,780,0,Alphaproteobacteria,28211,1212008,1212442,GBPCPCFC_02026,GBPCPCFC_02028,mRNA
GBPCPCFC_02028,gnl|Prokka|GBPCPCFC_22,1222,1348403,0.593,948.8175,764.2049,0.8661,0.0,0.3406,-0.3531,510,-0.5742,-0.516,0.7993,0,0,0.2904,0.0,0.2721,0.0,0.2569,-2.5422,-1.1386,-1.3436037305542752,0.06434036383981738,0.8091061288985173,GBPCPCFC_02028-0,GBPCPCFC_02028-0,Rickettsia endosymbiont of Cimex lectularius,2698648,63.7,7.67e-68,214,unclassified Rickettsia,114295,,,Rickettsia,780,0,Alphaproteobacteria,28211,1212574,1213083,GBPCPCFC_02027,GBPCPCFC_02029,mRNA
GBPCPCFC_02029,gnl|Prokka|GBPCPCFC_22,1222,1348403,0.593,948.8175,764.2049,0.8661,0.0,0.3406,-0.3531,741,-0.2719,-0.2007,0.8007,0,0,0.0767,0.2214,0.1348,0.031,0.3185,-0.7818,-0.5886,-1.2989892984399467,-0.9810839878858296,0.7726088813763481,GBPCPCFC_02029-0,GBPCPCFC_02029-0,Rickettsia endosymbiont of Oedothorax gibbosus,931099,76.0,2.56e-127,370,cellular organisms,131567,Sciaridae,7184,Sciaridae,7184,1,Eumetazoa,6072,1213273,1214013,GBPCPCFC_02028,GBPCPCFC_02030,mRNA
GBPCPCFC_02030,gnl|Prokka|GBPCPCFC_22,1222,1348403,0.593,948.8175,764.2049,0.8661,0.0,0.3406,-0.3531,936,-0.0168,0.0655,0.8023,0,0,0.1397,0.0254,0.1637,0.0087,0.3761,0.8631,-0.0747,-1.3693498843285083,-0.3581758996140216,0.7515301349988844,GBPCPCFC_02030-0,GBPCPCFC_02030-0,Pseudolycoriella hygida,35572,88.3,3.16e-193,543,cellular organisms,131567,Sciaridae,7184,Sciaridae,7184,1,Eumetazoa,6072,1214157,1215092,GBPCPCFC_02029,GBPCPCFC_02031,mRNA
GBPCPCFC_02031,gnl|Prokka|GBPCPCFC_22,1222,1348403,0.593,948.8175,764.2049,0.8661,0.0,0.3406,-0.3531,1806,1.1217,1.2529,0.8054,0,0,0.1599,0.0104,0.2504,0.0001,0.3765,0.8761,-0.0706,-1.5103272220294042,1.1955918112488626,0.6790416046878025,GBPCPCFC_02031-0,GBPCPCFC_02031-0,Pseudolycoriella hygida,35572,91.0,0.0,1083,cellular organisms,131567,Sciaridae,7184,Sciaridae,7184,1,Eumetazoa,6072,1215376,1217181,GBPCPCFC_02030,GBPCPCFC_02032,mRNA
GBPCPCFC_02032,gnl|Prokka|GBPCPCFC_22,1222,1348403,0.593,948.8175,764.2049,0.8661,0.0,0.3406,-0.3531,1428,0.627,0.737,0.8074,0,0,0.2688,0.0,0.3129,0.0,0.3508,0.1424,-0.2998,-1.4851828354138192,1.3517480159157478,0.7332492783991115,GBPCPCFC_02032-0,GBPCPCFC_02032-0,Rickettsia endosymbiont of Pseudomimeciton antennatum,2878923,35.4,1.07e-64,228,cellular organisms,131567,Protostomia,33317,Protostomia,33317,1,Eumetazoa,6072,1217140,1218567,GBPCPCFC_02031,GBPCPCFC_02033,mRNA
GBPCPCFC_02033,gnl|Prokka|GBPCPCFC_22,1222,1348403,0.593,948.8175,764.2049,0.8661,0.0,0.3406,-0.3531,1548,0.7841,0.9008,0.8099,0,0,0.1414,0.0237,0.1671,0.0074,0.3463,0.0114,-0.3408,-1.4875431200328149,0.48498005698257984,0.6947076743054018,GBPCPCFC_02033-0,GBPCPCFC_02033-0,Rickettsia endosymbiont of Cimex lectularius,2698648,77.1,4.17e-270,754,Rickettsia,780,,,Rickettsia,780,0,Alphaproteobacteria,28211,1218714,1220261,GBPCPCFC_02032,GBPCPCFC_02034,mRNA
GBPCPCFC_02034,gnl|Prokka|GBPCPCFC_22,1222,1348403,0.593,948.8175,764.2049,0.8661,0.0,0.3406,-0.3531,399,-0.7195,-0.6675,0.8105,0,0,0.1826,0.0045,0.2683,0.0,0.3358,-0.2861,-0.4337,-1.2406289676591848,-0.5456213715225963,0.8662540122246609,GBPCPCFC_02034-0,GBPCPCFC_02034-0,Rickettsia endosymbiont of Bryobia graminum,2878922,71.3,6.10e-53,173,cellular organisms,131567,Sciaridae,7184,Sciaridae,7184,1,Eumetazoa,6072,1220268,1220666,GBPCPCFC_02033,GBPCPCFC_02035,mRNA
GBPCPCFC_02035,gnl|Prokka|GBPCPCFC_22,1222,1348403,0.593,948.8175,764.2049,0.8661,0.0,0.3406,-0.3531,849,-0.1306,-0.0533,0.8123,0,0,0.1704,0.0063,0.2346,0.0002,0.3687,0.6517,-0.1407,-1.33680412058004,-0.10553247567331371,0.8052029323999985,GBPCPCFC_02035-0,GBPCPCFC_02035-0,Rickettsia endosymbiont of Labidopullus appendiculatus,2878921,67.4,1.06e-128,377,unclassified Rickettsia,114295,,,Rickettsia,780,0,Alphaproteobacteria,28211,1220987,1221835,GBPCPCFC_02034,GBPCPCFC_02036,mRNA
GBPCPCFC_02036,gnl|Prokka|GBPCPCFC_22,1222,1348403,0.593,948.8175,764.2049,0.8661,0.0,0.3406,-0.3531,957,0.0107,0.0941,0.8141,0,0,0.1971,0.0018,0.1913,0.0025,0.3344,-0.3278,-0.4468,-1.399850067058968,0.0018350115277617903,0.775932858577095,GBPCPCFC_02036-0,GBPCPCFC_02036-0,,,,,,,,,,,,0,Unassigned,,1222103,1223059,GBPCPCFC_02035,GBPCPCFC_02037,mRNA
GBPCPCFC_02037,gnl|Prokka|GBPCPCFC_22,1222,1348403,0.593,948.8175,764.2049,0.8661,0.0,0.3406,-0.3531,444,-0.6606,-0.6061,0.8148,0,0,0.1568,0.0134,0.1987,0.0017,0.3626,0.4787,-0.1948,-1.2649185725890777,-0.8311719868194689,0.8503825291852972,GBPCPCFC_02037-0,GBPCPCFC_02037-0,Rickettsia endosymbiont of Bryobia graminum,2878922,81.1,1.98e-80,244,unclassified Rickettsia,114295,,,Rickettsia,780,0,Alphaproteobacteria,28211,1223106,1223549,GBPCPCFC_02036,GBPCPCFC_02038,mRNA
GBPCPCFC_02038,gnl|Prokka|GBPCPCFC_22,1222,1348403,0.593,948.8175,764.2049,0.8661,0.0,0.3406,-0.3531,2868,2.5113,2.7025,0.8192,0,0,0.275,0.0,0.2825,0.0,0.3567,0.3097,-0.2476,-1.7859227638077297,3.2136511960991796,0.5713753158980479,GBPCPCFC_02038-0,GBPCPCFC_02038-0,Rickettsia endosymbiont of Pseudomimeciton antennatum,2878923,86.5,0.0,1650,cellular organisms,131567,Sciaridae,7184,Sciaridae,7184,1,Eumetazoa,6072,1223657,1226524,GBPCPCFC_02037,GBPCPCFC_02039,mRNA
GBPCPCFC_02039,gnl|Prokka|GBPCPCFC_22,1222,1348403,0.593,948.8175,764.2049,0.8661,0.0,0.3406,-0.3531,990,0.0539,0.1392,0.8207,0,0,0.2375,0.0001,0.2838,0.0,0.3152,-0.8771,-0.6184,-1.387818602488283,0.5311687286818253,0.8129350435504482,GBPCPCFC_02039-0,GBPCPCFC_02039-0,Rickettsia endosymbiont of Bryobia graminum,2878922,79.2,1.14e-174,497,unclassified Rickettsia,114295,,,Rickettsia,780,0,Alphaproteobacteria,28211,1226561,1227550,GBPCPCFC_02038,GBPCPCFC_02040,mRNA
GBPCPCFC_02040,gnl|Prokka|GBPCPCFC_22,1222,1348403,0.593,948.8175,764.2049,0.8661,0.0,0.3406,-0.3531,3084,2.794,2.9973,0.8259,0,0,0.35,0.0,0.3801,0.0,0.3538,0.2259,-0.2738,-1.833093382125557,4.149937441905199,0.5819008565878753,GBPCPCFC_02040-0,GBPCPCFC_02040-0,Zophobas morio,2755281,25.1,1.67e-08,72.8,Eumetazoa,6072,Endopterygota,33392,Endopterygota,33392,1,Eumetazoa,6072,1227949,1231032,GBPCPCFC_02039,GBPCPCFC_02041,mRNA
GBPCPCFC_02041,gnl|Prokka|GBPCPCFC_22,1222,1348403,0.593,948.8175,764.2049,0.8661,0.0,0.3406,-0.3531,654,-0.3858,-0.3194,0.8275,0,0,0.1551,0.013,0.1428,0.0223,0.3654,0.5596,-0.1695,-1.3309237239397622,-0.7476929403730641,0.8342064855820122,GBPCPCFC_02041-0,GBPCPCFC_02041-0,,,,,,,,,,,,0,Unassigned,,1231443,1232096,GBPCPCFC_02040,GBPCPCFC_02042,mRNA
GBPCPCFC_02042,gnl|Prokka|GBPCPCFC_22,1222,1348403,0.593,948.8175,764.2049,0.8661,0.0,0.3406,-0.3531,180,-1.006,-0.9664,0.8277,0,0,-0.0806,0.285,-0.0349,0.6441,0.3556,0.2771,-0.2578,-1.15224322074459,-2.9734124817369665,0.8711630149400543,GBPCPCFC_02042-0,GBPCPCFC_02042-0,,,,,,,,,,,,0,Unassigned,,1232060,1232239,GBPCPCFC_02041,GBPCPCFC_02043,mRNA
GBPCPCFC_02043,gnl|Prokka|GBPCPCFC_22,1222,1348403,0.593,948.8175,764.2049,0.8661,0.0,0.3406,-0.3531,1608,0.8626,0.9827,0.8306,0,0,0.2538,0.0,0.3307,0.0,0.3607,0.424,-0.2119,-1.4953211695621316,1.5918055996594116,0.7736680150193481,GBPCPCFC_02043-0,GBPCPCFC_02043-0,Rickettsia endosymbiont of Cimex lectularius,2698648,70.6,1.73e-265,746,Rickettsia endosymbiont of Cimex lectularius,2698648,,,Rickettsia endosymbiont of Cimex lectularius,2698648,0,Alphaproteobacteria,28211,1232556,1234163,GBPCPCFC_02042,GBPCPCFC_02044,mRNA
GBPCPCFC_02044,gnl|Prokka|GBPCPCFC_22,1222,1348403,0.593,948.8175,764.2049,0.8661,0.0,0.3406,-0.3531,1311,0.4739,0.5773,0.8325,0,0,0.1092,0.0812,0.2316,0.0002,0.3501,0.1217,-0.3063,-1.3790743001850356,0.2525403091849701,0.8046544330993759,GBPCPCFC_02044-0,GBPCPCFC_02044-0,Rickettsia endosymbiont of Cimex lectularius,2698648,73.5,5.87e-213,603,Rickettsia endosymbiont of Cimex lectularius,2698648,,,Rickettsia endosymbiont of Cimex lectularius,2698648,0,Alphaproteobacteria,28211,1234187,1235497,GBPCPCFC_02043,GBPCPCFC_02045,mRNA
GBPCPCFC_02045,gnl|Prokka|GBPCPCFC_22,1222,1348403,0.593,948.8175,764.2049,0.8661,0.0,0.3406,-0.3531,1023,0.0971,0.1842,0.8343,0,0,0.2386,0.0001,0.3494,0.0,0.3803,0.9827,-0.0373,-1.3586311564702447,0.804416208570626,0.8634965217180959,GBPCPCFC_02045-0,GBPCPCFC_02045-0,Rickettsia endosymbiont of Bryobia graminum,2878922,79.8,4.03e-187,530,Rickettsiales,766,,,Rickettsiales,766,0,Alphaproteobacteria,28211,1235638,1236660,GBPCPCFC_02044,GBPCPCFC_02046,mRNA
GBPCPCFC_02046,gnl|Prokka|GBPCPCFC_22,1222,1348403,0.593,948.8175,764.2049,0.8661,0.0,0.3406,-0.3531,147,-1.0492,-1.0114,0.8346,0,0,-0.0173,0.8089,0.0413,0.5639,0.4694,3.5289,0.7582,-1.1526805731587093,-2.494333287655751,0.9071541466449932,GBPCPCFC_02046-0,GBPCPCFC_02046-0,,,,,,,,,,,,0,Unassigned,,1236725,1236871,GBPCPCFC_02045,GBPCPCFC_02047,mRNA
GBPCPCFC_02047,gnl|Prokka|GBPCPCFC_22,1222,1348403,0.593,948.8175,764.2049,0.8661,0.0,0.3406,-0.3531,174,-1.0139,-0.9746,0.8349,0,0,0.1407,0.0596,0.2402,0.0012,0.2989,-1.3427,-0.7639,-1.1743166688204976,-1.1205535329991887,0.9476282266491023,GBPCPCFC_02047-0,GBPCPCFC_02047-0,Rickettsia endosymbiont of Cimex lectularius,2698648,82.8,8.82e-20,84.3,unclassified Rickettsia,114295,,,Rickettsia,780,0,Alphaproteobacteria,28211,1236944,1237117,GBPCPCFC_02046,GBPCPCFC_02048,mRNA
GBPCPCFC_02048,gnl|Prokka|GBPCPCFC_22,1222,1348403,0.593,948.8175,764.2049,0.8661,0.0,0.3406,-0.3531,2001,1.3768,1.5191,0.838,0,0,0.3206,0.0,0.347,0.0,0.3393,-0.1864,-0.4026,-1.6126896062774343,2.453839095089458,0.73644258068604,GBPCPCFC_02048-0,GBPCPCFC_02048-0,Pseudolycoriella hygida,35572,86.5,0.0,1172,cellular organisms,131567,Sciaridae,7184,Sciaridae,7184,1,Eumetazoa,6072,1237183,1239183,GBPCPCFC_02047,GBPCPCFC_02049,mRNA
GBPCPCFC_02049,gnl|Prokka|GBPCPCFC_22,1222,1348403,0.593,948.8175,764.2049,0.8661,0.0,0.3406,-0.3531,1419,0.6153,0.7247,0.8401,0,0,0.2172,0.0005,0.2838,0.0,0.3587,0.367,-0.2297,-1.4528486851366247,1.0241893844603214,0.8085145063552021,GBPCPCFC_02049-0,GBPCPCFC_02049-0,Rickettsia endosymbiont of Bryobia graminum,2878922,68.2,1.36e-207,592,cellular organisms,131567,Sciaridae,7184,Sciaridae,7184,1,Eumetazoa,6072,1239191,1240609,GBPCPCFC_02048,GBPCPCFC_02050,mRNA
GBPCPCFC_02050,gnl|Prokka|GBPCPCFC_22,1222,1348403,0.593,948.8175,764.2049,0.8661,0.0,0.3406,-0.3531,1146,0.258,0.3521,0.8419,0,0,0.2039,0.001,0.2608,0.0,0.349,0.091,-0.3159,-1.4006471474832904,0.521914029437138,0.8404085335983886,GBPCPCFC_02050-0,GBPCPCFC_02050-0,Rickettsia endosymbiont of Sericostoma sp.,2878926,70.5,1.87e-194,552,cellular organisms,131567,Sciaridae,7184,Sciaridae,7184,1,Eumetazoa,6072,1240655,1241800,GBPCPCFC_02049,GBPCPCFC_02051,mRNA
GBPCPCFC_02051,gnl|Prokka|GBPCPCFC_22,1222,1348403,0.593,948.8175,764.2049,0.8661,0.0,0.3406,-0.3531,85,-1.1303,-1.0961,0.8422,0,0,-0.0818,0.3066,-0.1027,0.1992,0.5529,5.9157,1.504,-1.1644087721637546,-3.340039428531749,0.8923412596818353,GBPCPCFC_02051-0,GBPCPCFC_02051-0,Methylorubrum populi,223967,85.7,5.09e-04,45.8,Methylorubrum populi,223967,,,Methylorubrum populi,223967,0,Alphaproteobacteria,28211,1241913,1241997,GBPCPCFC_02050,GBPCPCFC_02052,mRNA
GBPCPCFC_02052,gnl|Prokka|GBPCPCFC_22,1222,1348403,0.593,948.8175,764.2049,0.8661,0.0,0.3406,-0.3531,1335,0.5053,0.6101,0.8442,0,0,0.1963,0.0016,0.1848,0.003,0.3333,-0.3577,-0.4561,-1.4705991932264757,0.4844093362348389,0.7966607932398052,GBPCPCFC_02052-0,GBPCPCFC_02052-0,Rickettsia endosymbiont of Bryobia graminum,2878922,52.8,3.42e-163,478,cellular organisms,131567,Sciaridae,7184,Sciaridae,7184,1,Eumetazoa,6072,1242062,1243396,GBPCPCFC_02051,GBPCPCFC_02053,mRNA
GBPCPCFC_02053,gnl|Prokka|GBPCPCFC_22,1222,1348403,0.593,948.8175,764.2049,0.8661,0.0,0.3406,-0.3531,405,-0.7116,-0.6593,0.8449,0,0,0.001,0.9882,0.068,0.3002,0.284,-1.7684,-0.8968,-1.201243968408158,-1.9796845225473068,0.9054862058528936,GBPCPCFC_02053-0,GBPCPCFC_02053-0,Rickettsia endosymbiont of Bryobia graminum,2878922,66.2,1.86e-23,99.4,unclassified Rickettsia,114295,,,Rickettsia,780,0,Alphaproteobacteria,28211,1243459,1243863,GBPCPCFC_02052,GBPCPCFC_02054,mRNA
GBPCPCFC_02054,gnl|Prokka|GBPCPCFC_22,1222,1348403,0.593,948.8175,764.2049,0.8661,0.0,0.3406,-0.3531,1332,0.5014,0.606,0.8478,0,0,0.105,0.0937,0.135,0.0308,0.3446,-0.036,-0.3556,-1.4263784084773108,-0.06916354312614116,0.8036789662056496,GBPCPCFC_02054-0,GBPCPCFC_02054-0,Rickettsia endosymbiont of Cimex lectularius,2698648,74.2,1.36e-231,651,unclassified Rickettsia,114295,,,Rickettsia,780,0,Alphaproteobacteria,28211,1244434,1245765,GBPCPCFC_02053,GBPCPCFC_02055,mRNA
GBPCPCFC_02055,gnl|Prokka|GBPCPCFC_22,1222,1348403,0.593,948.8175,764.2049,0.8661,0.0,0.3406,-0.3531,708,-0.3151,-0.2457,0.8487,0,0,0.083,0.1917,0.1914,0.0024,0.2994,-1.326,-0.7586,-1.2581759775303591,-0.8078264013065053,0.9065053029769605,GBPCPCFC_02055-0,GBPCPCFC_02055-0,Rickettsia endosymbiont of Cimex lectularius,2698648,67.0,3.77e-102,306,unclassified Rickettsia,114295,,,Rickettsia,780,0,Alphaproteobacteria,28211,1245710,1246417,GBPCPCFC_02054,GBPCPCFC_02056,mRNA
GBPCPCFC_02056,gnl|Prokka|GBPCPCFC_22,1222,1348403,0.593,948.8175,764.2049,0.8661,0.0,0.3406,-0.3531,1401,0.5917,0.7002,0.8515,0,0,0.3136,0.0,0.3867,0.0,0.3519,0.1724,-0.2905,-1.4663686625646317,1.7515947991332192,0.856797363849939,GBPCPCFC_02056-0,GBPCPCFC_02056-0,Rickettsia endosymbiont of Ceutorhynchus assimilis,2884482,73.4,7.70e-231,651,Rickettsiales,766,,,Rickettsiales,766,0,Alphaproteobacteria,28211,1246882,1248282,GBPCPCFC_02055,GBPCPCFC_02057,mRNA
GBPCPCFC_02057,gnl|Prokka|GBPCPCFC_22,1222,1348403,0.593,948.8175,764.2049,0.8661,0.0,0.3406,-0.3531,720,-0.2994,-0.2293,0.8528,0,0,0.1687,0.0078,0.1389,0.0288,0.3472,0.0391,-0.3321,-1.350807087401463,-0.6170432337997497,0.8806595445721421,GBPCPCFC_02057-0,GBPCPCFC_02057-0,Rickettsia endosymbiont of Pseudomimeciton antennatum,2878923,60.7,9.30e-100,300,cellular organisms,131567,Sciaridae,7184,Sciaridae,7184,1,Eumetazoa,6072,1248425,1249144,GBPCPCFC_02056,GBPCPCFC_02058,mRNA
GBPCPCFC_02058,gnl|Prokka|GBPCPCFC_22,1222,1348403,0.593,948.8175,764.2049,0.8661,0.0,0.3406,-0.3531,888,-0.0796,-0.0,0.8545,0,0,0.2562,0.0,0.3752,0.0,0.3131,-0.9367,-0.637,-1.3278360072288504,0.7827362288292553,0.9328255861294645,GBPCPCFC_02058-0,GBPCPCFC_02058-0,Rickettsia endosymbiont of Bryobia graminum,2878922,83.7,1.15e-170,484,unclassified Rickettsia,114295,,,Rickettsia,780,0,Alphaproteobacteria,28211,1249451,1250338,GBPCPCFC_02057,GBPCPCFC_02059,mRNA
GBPCPCFC_02059,gnl|Prokka|GBPCPCFC_22,1222,1348403,0.593,948.8175,764.2049,0.8661,0.0,0.3406,-0.3531,1278,0.4308,0.5323,0.8565,0,0,0.1721,0.0058,0.3102,0.0,0.3474,0.0447,-0.3304,-1.3743641011220185,0.7366770606021945,0.8811124306716845,GBPCPCFC_02059-0,GBPCPCFC_02059-0,Rickettsia endosymbiont of Bryobia graminum,2878922,78.8,6.15e-234,655,unclassified Rickettsia,114295,,,Rickettsia,780,0,Alphaproteobacteria,28211,1250403,1251680,GBPCPCFC_02058,GBPCPCFC_02060,mRNA
GBPCPCFC_02060,gnl|Prokka|GBPCPCFC_22,1222,1348403,0.593,948.8175,764.2049,0.8661,0.0,0.3406,-0.3531,522,-0.5585,-0.4996,0.8573,0,0,0.1013,0.106,0.1125,0.0723,0.3103,-1.0144,-0.6613,-1.2739926657996445,-1.2541277549842818,0.9178711337223314,GBPCPCFC_02060-0,GBPCPCFC_02060-0,Rickettsia endosymbiont of Cimex lectularius,2698648,71.1,1.32e-86,262,unclassified Rickettsia,114295,,,Rickettsia,780,0,Alphaproteobacteria,28211,1251705,1252226,GBPCPCFC_02059,GBPCPCFC_02061,mRNA
GBPCPCFC_02061,gnl|Prokka|GBPCPCFC_22,1222,1348403,0.593,948.8175,764.2049,0.8661,0.0,0.3406,-0.3531,300,-0.849,-0.8026,0.8585,0,0,0.0919,0.1891,0.0508,0.4682,0.31,-1.0242,-0.6644,-1.2547116348498082,-1.8042148065436003,0.9276003894020964,GBPCPCFC_02061-0,GBPCPCFC_02061-0,,,,,,,,,,,,0,Unassigned,,1252680,1252979,GBPCPCFC_02060,GBPCPCFC_02062,mRNA
GBPCPCFC_02062,gnl|Prokka|GBPCPCFC_22,1222,1348403,0.593,948.8175,764.2049,0.8661,0.0,0.3406,-0.3531,708,-0.3151,-0.2457,0.8595,0,0,-0.0101,0.874,0.0261,0.6826,0.3559,0.2879,-0.2544,-1.2709281215085921,-1.7615422569504848,0.8888622627669848,GBPCPCFC_02062-0,GBPCPCFC_02062-0,,,,,,,,,,,,0,Unassigned,,1252976,1253683,GBPCPCFC_02061,GBPCPCFC_02063,mRNA
GBPCPCFC_02063,gnl|Prokka|GBPCPCFC_22,1222,1348403,0.593,948.8175,764.2049,0.8661,0.0,0.3406,-0.3531,1293,0.4504,0.5527,0.8615,0,0,0.1769,0.0045,0.2033,0.0011,0.3542,0.2388,-0.2697,-1.4346891257914574,0.40968852492390634,0.8518045688290169,GBPCPCFC_02063-0,GBPCPCFC_02063-0,Legionella,445,56.7,1.31e-172,500,cellular organisms,131567,cellular organisms,131567,cellular organisms,131567,1,cellular organisms,131567,1253704,1254996,GBPCPCFC_02062,GBPCPCFC_02064,mRNA
GBPCPCFC_02064,gnl|Prokka|GBPCPCFC_22,1222,1348403,0.593,948.8175,764.2049,0.8661,0.0,0.3406,-0.3531,837,-0.1463,-0.0696,0.8628,0,0,0.1845,0.003,0.1992,0.0014,0.4851,3.9768,0.8981,-1.3526036542128734,-0.18772775447793605,0.9081097018743847,GBPCPCFC_02064-0,GBPCPCFC_02064-0,,,,,,,,,,,,0,Unassigned,,1255041,1255877,GBPCPCFC_02063,GBPCPCFC_02065,mRNA
GBPCPCFC_02065,gnl|Prokka|GBPCPCFC_22,1222,1348403,0.593,948.8175,764.2049,0.8661,0.0,0.3406,-0.3531,327,-0.8137,-0.7657,0.8632,0,0,0.1021,0.1146,0.0815,0.2084,0.4465,2.8746,0.5538,-1.2509007755330037,-1.6208822121796038,0.9443419174580023,GBPCPCFC_02065-0,GBPCPCFC_02065-0,,,,,,,,,,,,0,Unassigned,,1255858,1256184,GBPCPCFC_02064,GBPCPCFC_02066,mRNA
GBPCPCFC_02066,gnl|Prokka|GBPCPCFC_22,1222,1348403,0.593,948.8175,764.2049,0.8661,0.0,0.3406,-0.3531,3594,3.4614,3.6934,0.8693,0,0,0.4347,0.0,0.5608,0.0,0.3553,0.2702,-0.2599,-1.8950540802625737,5.806308297294423,0.66882435667702,GBPCPCFC_02066-0,GBPCPCFC_02066-0,Rickettsia endosymbiont of Labidopullus appendiculatus,2878921,70.5,0.0,1375,unclassified Rickettsia,114295,,,Rickettsia,780,0,Alphaproteobacteria,28211,1256725,1260318,GBPCPCFC_02065,GBPCPCFC_02067,mRNA
GBPCPCFC_02067,gnl|Prokka|GBPCPCFC_22,1222,1348403,0.593,948.8175,764.2049,0.8661,0.0,0.3406,-0.3531,453,-0.6488,-0.5938,0.8703,0,0,-0.0642,0.3353,-0.0656,0.3252,0.3179,-0.7991,-0.594,-1.2250194973579611,-2.645198786828608,0.9220328493754135,GBPCPCFC_02067-0,GBPCPCFC_02067-0,unclassified Rickettsia,114295,79.3,1.68e-80,244,unclassified Rickettsia,114295,,,Rickettsia,780,0,Alphaproteobacteria,28211,1260526,1260978,GBPCPCFC_02066,GBPCPCFC_02068,mRNA
GBPCPCFC_02068,gnl|Prokka|GBPCPCFC_22,1222,1348403,0.593,948.8175,764.2049,0.8661,0.0,0.3406,-0.3531,387,-0.7352,-0.6839,0.871,0,0,0.0529,0.3995,0.0417,0.5069,0.3385,-0.2101,-0.41,-1.2446428875868367,-1.880435810802706,0.9493657961146162,GBPCPCFC_02068-0,GBPCPCFC_02068-0,unclassified Rickettsia,114295,60.2,6.31e-42,145,unclassified Rickettsia,114295,,,Rickettsia,780,0,Alphaproteobacteria,28211,1261059,1261445,GBPCPCFC_02067,GBPCPCFC_02069,mRNA
GBPCPCFC_02069,gnl|Prokka|GBPCPCFC_22,1222,1348403,0.593,948.8175,764.2049,0.8661,0.0,0.3406,-0.3531,402,-0.7155,-0.6634,0.8717,0,0,0.1713,0.0068,0.2008,0.0015,0.3184,-0.7841,-0.5893,-1.2545363747566805,-0.8240421436031093,0.9850922820115022,GBPCPCFC_02069-0,GBPCPCFC_02069-0,unclassified Rickettsia,114295,77.3,2.90e-65,204,unclassified Rickettsia,114295,,,Rickettsia,780,0,Alphaproteobacteria,28211,1261497,1261898,GBPCPCFC_02068,GBPCPCFC_02070,mRNA
GBPCPCFC_02070,gnl|Prokka|GBPCPCFC_22,1222,1348403,0.593,948.8175,764.2049,0.8661,0.0,0.3406,-0.3531,402,-0.7155,-0.6634,0.8728,0,0,0.077,0.2336,0.1168,0.0703,0.2761,-1.9921,-0.9667,-1.2267277819112286,-1.5031128556151656,0.9742802476069098,GBPCPCFC_02070-0,GBPCPCFC_02070-0,Rickettsia endosymbiont of Bryobia graminum,2878922,51.4,8.52e-36,130,unclassified Rickettsia,114295,,,Rickettsia,780,0,Alphaproteobacteria,28211,1262260,1262661,GBPCPCFC_02069,GBPCPCFC_02071,mRNA
GBPCPCFC_02071,gnl|Prokka|GBPCPCFC_22,1222,1348403,0.593,948.8175,764.2049,0.8661,0.0,0.3406,-0.3531,77,-1.1408,-1.107,0.873,0,0,-0.0383,0.6541,-0.1549,0.0687,0.5195,4.9599,1.2053,-1.215756206149803,-3.351557762939663,0.9381167538352351,GBPCPCFC_02071-0,GBPCPCFC_02071-0,,,,,,,,,,,,0,Unassigned,,1262694,1262770,GBPCPCFC_02070,GBPCPCFC_02072,mRNA
GBPCPCFC_02072,gnl|Prokka|GBPCPCFC_22,1222,1348403,0.593,948.8175,764.2049,0.8661,0.0,0.3406,-0.3531,450,-0.6527,-0.5979,0.874,0,0,0.1232,0.0681,0.1216,0.0718,0.3333,-0.3577,-0.4561,-1.2680585839889265,-1.230643881260577,0.9647223912599531,GBPCPCFC_02072-0,GBPCPCFC_02072-0,Rickettsiaceae bacterium,2023360,47.1,7.21e-32,121,Rickettsiaceae bacterium,2023360,,,Rickettsiaceae bacterium,2023360,0,Alphaproteobacteria,28211,1263038,1263487,GBPCPCFC_02071,GBPCPCFC_02073,mRNA
GBPCPCFC_02073,gnl|Prokka|GBPCPCFC_22,1222,1348403,0.593,948.8175,764.2049,0.8661,0.0,0.3406,-0.3531,201,-0.9786,-0.9377,0.8748,0,0,-0.0195,0.7871,-0.0246,0.7324,0.3632,0.495,-0.1897,-1.1870461972098714,-2.6589823356724067,0.9701332161823887,GBPCPCFC_02073-0,GBPCPCFC_02073-0,Rickettsia endosymbiont of Cimex lectularius,2698648,66.7,1.38e-21,89.7,Rickettsia endosymbiont of Cimex lectularius,2698648,,,Rickettsia endosymbiont of Cimex lectularius,2698648,0,Alphaproteobacteria,28211,1263803,1264003,GBPCPCFC_02072,GBPCPCFC_02074,mRNA
GBPCPCFC_02074,gnl|Prokka|GBPCPCFC_22,1222,1348403,0.593,948.8175,764.2049,0.8661,0.0,0.3406,-0.3531,2622,2.1894,2.3667,0.8801,0,0,0.2499,0.0001,0.2776,0.0,0.315,-0.8806,-0.6195,-1.7085534102784656,2.7576711834349896,0.744864387296586,GBPCPCFC_02074-0,GBPCPCFC_02074-0,Rickettsia tillamookensis,2761623,46.6,1.63e-129,416,Rickettsia tillamookensis,2761623,,,Rickettsia tillamookensis,2761623,0,Alphaproteobacteria,28211,1264913,1267534,GBPCPCFC_02073,GBPCPCFC_02075,mRNA
GBPCPCFC_02075,gnl|Prokka|GBPCPCFC_22,1222,1348403,0.593,948.8175,764.2049,0.8661,0.0,0.3406,-0.3531,2799,2.4211,2.6083,0.8848,0,0,0.2253,0.0003,0.313,0.0,0.4691,3.5206,0.7556,-1.7057842343266907,3.0157972445066448,0.7508705900328844,GBPCPCFC_02075-0,GBPCPCFC_02075-0,Pseudolycoriella hygida,35572,31.1,1.51e-68,263,cellular organisms,131567,Sciaridae,7184,Sciaridae,7184,1,Eumetazoa,6072,1267959,1270757,GBPCPCFC_02074,GBPCPCFC_02076,mRNA
GBPCPCFC_02076,gnl|Prokka|GBPCPCFC_22,1222,1348403,0.593,948.8175,764.2049,0.8661,0.0,0.3406,-0.3531,2424,1.9303,2.0965,0.8884,0,0,0.3233,0.0,0.3355,0.0,0.413,1.9168,0.2545,-1.6932086593016848,2.993052428046764,0.7961089136721949,GBPCPCFC_02076-0,GBPCPCFC_02076-0,,,,,,,,,,,,0,Unassigned,,1270717,1273140,GBPCPCFC_02075,GBPCPCFC_02077,mRNA
GBPCPCFC_02077,gnl|Prokka|GBPCPCFC_22,1222,1348403,0.593,948.8175,764.2049,0.8661,0.0,0.3406,-0.3531,540,-0.535,-0.475,0.8905,0,0,0.0497,0.4359,0.153,0.0159,0.3019,-1.257,-0.7371,-1.2111360566126308,-1.3068488100874185,1.0158609428096628,GBPCPCFC_02077-0,GBPCPCFC_02077-0,Legionella fairfieldensis,45064,56.4,1.61e-57,188,Legionella,445,,,Legionella,445,0,Gammaproteobacteria,1236,1274015,1274554,GBPCPCFC_02076,GBPCPCFC_02078,mRNA
GBPCPCFC_02078,gnl|Prokka|GBPCPCFC_22,1222,1348403,0.593,948.8175,764.2049,0.8661,0.0,0.3406,-0.3531,2106,1.5142,1.6624,0.8944,0,0,0.351,0.0,0.391,0.0,0.3153,-0.8731,-0.6171,-1.6217645668460203,2.869354588143197,0.8639878447364994,GBPCPCFC_02078-0,GBPCPCFC_02078-0,,,,,,,,,,,,0,Unassigned,,1275086,1277191,GBPCPCFC_02077,GBPCPCFC_02079,mRNA
GBPCPCFC_02079,gnl|Prokka|GBPCPCFC_22,1222,1348403,0.593,948.8175,764.2049,0.8661,0.0,0.3406,-0.3531,7854,9.0358,9.5079,0.9068,0,0,0.3835,0.0,0.4303,0.0,0.3266,-0.5505,-0.5163,-2.7529052284200763,10.887000480731748,0.1937010498962884,GBPCPCFC_02079-0,GBPCPCFC_02079-0,Rickettsia endosymbiont of Bembidion nr. Transversale,2878919,35.0,3.26e-51,209,Rickettsia,780,,,Rickettsia,780,0,Alphaproteobacteria,28211,1277688,1285541,GBPCPCFC_02078,GBPCPCFC_02080,mRNA
GBPCPCFC_02080,gnl|Prokka|GBPCPCFC_22,1222,1348403,0.593,948.8175,764.2049,0.8661,0.0,0.3406,-0.3531,453,-0.6488,-0.5938,0.9077,0,0,0.1771,0.0058,0.1877,0.0034,0.351,0.1468,-0.2985,-1.2680991432788868,-0.7782457922762379,1.0561937619858808,GBPCPCFC_02080-0,GBPCPCFC_02080-0,,,,,,,,,,,,0,Unassigned,,1285734,1286186,GBPCPCFC_02079,GBPCPCFC_02081,mRNA
GBPCPCFC_02081,gnl|Prokka|GBPCPCFC_22,1222,1348403,0.593,948.8175,764.2049,0.8661,0.0,0.3406,-0.3531,264,-0.8961,-0.8517,0.9092,0,0,0.0325,0.6417,0.0615,0.3774,0.303,-1.2233,-0.7266,-1.1870463543245688,-2.065029894229276,1.0633178726455568,GBPCPCFC_02081-0,GBPCPCFC_02081-0,Rickettsia endosymbiont of Labidopullus appendiculatus,2878921,40.8,2.09e-10,63.2,unclassified Rickettsia,114295,,,Rickettsia,780,0,Alphaproteobacteria,28211,1286925,1287188,GBPCPCFC_02080,GBPCPCFC_02082,mRNA
GBPCPCFC_02082,gnl|Prokka|GBPCPCFC_22,1222,1348403,0.593,948.8175,764.2049,0.8661,0.0,0.3406,-0.3531,417,-0.6959,-0.6429,0.9108,0,0,0.0066,0.9253,0.078,0.2637,0.2974,-1.3853,-0.7771,-1.188887867887836,-1.9098353922926337,1.0586805039737996,GBPCPCFC_02082-0,GBPCPCFC_02082-0,Rickettsia endosymbiont of Cimex lectularius,2698648,67.9,1.61e-56,183,unclassified Rickettsia,114295,,,Rickettsia,780,0,Alphaproteobacteria,28211,1287869,1288285,GBPCPCFC_02081,GBPCPCFC_02083,mRNA
GBPCPCFC_02083,gnl|Prokka|GBPCPCFC_22,1222,1348403,0.593,948.8175,764.2049,0.8661,0.0,0.3406,-0.3531,2397,1.895,2.0596,0.9145,0,0,0.0792,0.2064,0.1475,0.0182,0.3008,-1.2873,-0.7465,-1.595952899725089,1.2984326502335495,0.8356244707886559,GBPCPCFC_02083-0,GBPCPCFC_02083-0,Rickettsia endosymbiont of Culicoides impunctatus,2867440,56.8,3.11e-305,865,unclassified Rickettsia,114295,,,Rickettsia,780,0,Alphaproteobacteria,28211,1288333,1290729,GBPCPCFC_02082,GBPCPCFC_02084,mRNA
GBPCPCFC_02084,gnl|Prokka|GBPCPCFC_22,1222,1348403,0.593,948.8175,764.2049,0.8661,0.0,0.3406,-0.3531,1212,0.3444,0.4422,0.9162,0,0,0.1664,0.0076,0.1677,0.0072,0.2847,-1.7483,-0.8906,-1.4177387280860987,0.13183281258842902,0.9771277158711905,GBPCPCFC_02084-0,GBPCPCFC_02084-0,Rickettsia endosymbiont of Cimex lectularius,2698648,51.9,8.49e-131,395,unclassified Rickettsia,114295,,,Rickettsia,780,0,Alphaproteobacteria,28211,1290722,1291933,GBPCPCFC_02083,GBPCPCFC_02085,mRNA
GBPCPCFC_02085,gnl|Prokka|GBPCPCFC_22,1222,1348403,0.593,948.8175,764.2049,0.8661,0.0,0.3406,-0.3531,438,-0.6684,-0.6142,0.9169,0,0,0.1216,0.0559,0.1824,0.0039,0.3219,-0.6838,-0.558,-1.2243536446553303,-1.0472479721077976,1.087177930133586,GBPCPCFC_02085-0,GBPCPCFC_02085-0,Parachlamydia sp. AcF125,2795736,70.4,1.21e-66,209,Bacteria,2,,,Bacteria,2,0,Bacteria,2,1291934,1292371,GBPCPCFC_02084,GBPCPCFC_02086,mRNA
GBPCPCFC_02086,gnl|Prokka|GBPCPCFC_22,1222,1348403,0.593,948.8175,764.2049,0.8661,0.0,0.3406,-0.3531,294,-0.8569,-0.8108,0.9179,0,0,0.1635,0.0316,0.1511,0.0472,0.2449,-2.884,-1.2454,-1.2433030930218345,-1.17511330449123,1.0886288573929293,GBPCPCFC_02086-0,GBPCPCFC_02086-0,Rickettsia endosymbiont of Cimex lectularius,2698648,52.1,6.27e-20,94.4,unclassified Rickettsia,114295,,,Rickettsia,780,0,Alphaproteobacteria,28211,1292763,1293056,GBPCPCFC_02085,GBPCPCFC_02087,mRNA
GBPCPCFC_02087,gnl|Prokka|GBPCPCFC_22,1222,1348403,0.593,948.8175,764.2049,0.8661,0.0,0.3406,-0.3531,1398,0.5878,0.6961,0.9206,0,0,0.2741,0.0,0.3765,0.0,0.3262,-0.562,-0.5199,-1.426954487234319,1.5447365078620563,1.0199799526361593,GBPCPCFC_02087-0,GBPCPCFC_02087-0,Rickettsia endosymbiont of Bryobia graminum,2878922,72.9,2.34e-222,629,unclassified Rickettsia,114295,,,Rickettsia,780,0,Alphaproteobacteria,28211,1293449,1294846,GBPCPCFC_02086,GBPCPCFC_02088,mRNA
GBPCPCFC_02088,gnl|Prokka|GBPCPCFC_22,1222,1348403,0.593,948.8175,764.2049,0.8661,0.0,0.3406,-0.3531,447,-0.6567,-0.602,0.9219,0,0,0.09,0.1754,0.1631,0.0137,0.3535,0.2175,-0.2764,-1.2113277314557584,-1.232185798921714,1.096237641555845,GBPCPCFC_02088-0,GBPCPCFC_02088-0,unclassified Rickettsia,114295,83.1,2.20e-85,257,unclassified Rickettsia,114295,,,Rickettsia,780,0,Alphaproteobacteria,28211,1295323,1295769,GBPCPCFC_02087,GBPCPCFC_02089,mRNA
GBPCPCFC_02089,gnl|Prokka|GBPCPCFC_22,1222,1348403,0.593,948.8175,764.2049,0.8661,0.0,0.3406,-0.3531,1077,0.1677,0.2579,0.9235,0,0,0.2105,0.0007,0.2445,0.0001,0.3603,0.4115,-0.2158,-1.3833435810422743,0.3957455046910102,1.0302108286600833,GBPCPCFC_02089-0,GBPCPCFC_02089-0,Rickettsia endosymbiont of Bryobia graminum,2878922,70.7,4.44e-151,438,cellular organisms,131567,Sciaridae,7184,Sciaridae,7184,1,Eumetazoa,6072,1295774,1296850,GBPCPCFC_02088,GBPCPCFC_02090,mRNA
GBPCPCFC_02090,gnl|Prokka|GBPCPCFC_22,1222,1348403,0.593,948.8175,764.2049,0.8661,0.0,0.3406,-0.3531,393,-0.7273,-0.6757,0.9241,0,0,0.0775,0.224,0.1106,0.0822,0.3079,-1.0846,-0.6832,-1.21779637462222,-1.5373021033339178,1.0914602765283665,GBPCPCFC_02090-0,GBPCPCFC_02090-0,Rickettsia endosymbiont of Bryobia graminum,2878922,64.6,7.22e-45,153,unclassified Rickettsia,114295,,,Rickettsia,780,0,Alphaproteobacteria,28211,1296847,1297239,GBPCPCFC_02089,GBPCPCFC_02091,mRNA
GBPCPCFC_02091,gnl|Prokka|GBPCPCFC_22,1222,1348403,0.593,948.8175,764.2049,0.8661,0.0,0.3406,-0.3531,1701,0.9843,1.1096,0.9268,0,0,0.306,0.0,0.4129,0.0,0.3439,-0.0554,-0.3616,-1.4904607813446822,2.210272926895272,1.0043275943073888,GBPCPCFC_02091-0,GBPCPCFC_02091-0,Rickettsia endosymbiont of Pseudomimeciton antennatum,2878923,77.4,4.67e-314,870,unclassified Rickettsia,114295,,,Rickettsia,780,0,Alphaproteobacteria,28211,1297368,1299068,GBPCPCFC_02090,GBPCPCFC_02092,mRNA
GBPCPCFC_02092,gnl|Prokka|GBPCPCFC_22,1222,1348403,0.593,948.8175,764.2049,0.8661,0.0,0.3406,-0.3531,1854,1.1845,1.3185,0.9299,0,0,0.2103,0.0007,0.2221,0.0003,0.3484,0.0737,-0.3213,-1.545993840971579,1.3646664470420504,0.9414934299093474,GBPCPCFC_02092-0,GBPCPCFC_02092-0,,,,,,,,,,,,0,Unassigned,,1299300,1301153,GBPCPCFC_02091,GBPCPCFC_02093,mRNA
GBPCPCFC_02093,gnl|Prokka|GBPCPCFC_22,1222,1348403,0.593,948.8175,764.2049,0.8661,0.0,0.3406,-0.3531,1269,0.419,0.52,0.9318,0,0,0.1853,0.0029,0.259,0.0,0.3712,0.7228,-0.1185,-1.3930048619173943,0.5992493728418523,1.035388128414177,GBPCPCFC_02093-0,GBPCPCFC_02093-0,Pseudolycoriella hygida,35572,87.1,9.41e-263,728,cellular organisms,131567,Sciaridae,7184,Sciaridae,7184,1,Eumetazoa,6072,1301170,1302438,GBPCPCFC_02092,GBPCPCFC_02094,mRNA
GBPCPCFC_02094,gnl|Prokka|GBPCPCFC_22,1222,1348403,0.593,948.8175,764.2049,0.8661,0.0,0.3406,-0.3531,618,-0.4329,-0.3686,0.9329,0,0,0.175,0.0057,0.1549,0.0146,0.335,-0.3115,-0.4417,-1.310516321865011,-0.6783474503063833,1.082688421882639,GBPCPCFC_02094-0,GBPCPCFC_02094-0,Pseudolycoriella hygida,35572,95.5,9.43e-130,384,cellular organisms,131567,Sciaridae,7184,Sciaridae,7184,1,Eumetazoa,6072,1302549,1303166,GBPCPCFC_02093,GBPCPCFC_02095,mRNA
GBPCPCFC_02095,gnl|Prokka|GBPCPCFC_22,1222,1348403,0.593,948.8175,764.2049,0.8661,0.0,0.3406,-0.3531,1527,0.7566,0.8721,0.9354,0,0,0.3177,0.0,0.3905,0.0,0.313,-0.9376,-0.6373,-1.4747167426603767,1.946720363393137,1.0355397876386818,GBPCPCFC_02095-0,GBPCPCFC_02095-0,Rickettsia endosymbiont of Cimex lectularius,2698648,81.8,6.87e-305,842,Rickettsia,780,,,Rickettsia,780,0,Alphaproteobacteria,28211,1303324,1304850,GBPCPCFC_02094,GBPCPCFC_02096,mRNA
GBPCPCFC_02096,gnl|Prokka|GBPCPCFC_22,1222,1348403,0.593,948.8175,764.2049,0.8661,0.0,0.3406,-0.3531,1272,0.4229,0.5241,0.9375,0,0,0.1556,0.0127,0.1478,0.018,0.3294,-0.47,-0.4912,-1.4271826968743768,0.09836248339621856,1.013716041116437,GBPCPCFC_02096-0,GBPCPCFC_02096-0,,,,,,,,,,,,0,Unassigned,,1304997,1306268,GBPCPCFC_02095,GBPCPCFC_02097,mRNA
GBPCPCFC_02097,gnl|Prokka|GBPCPCFC_22,1222,1348403,0.593,948.8175,764.2049,0.8661,0.0,0.3406,-0.3531,1161,0.2777,0.3726,0.9397,0,0,0.1839,0.0031,0.2074,0.0008,0.3437,-0.0624,-0.3638,-1.3955502976732268,0.27040350245960504,1.0487279478228397,GBPCPCFC_02097-0,GBPCPCFC_02097-0,Rickettsia endosymbiont of Bryobia graminum,2878922,76.1,7.05e-217,609,unclassified Rickettsia,114295,,,Rickettsia,780,0,Alphaproteobacteria,28211,1306573,1307733,GBPCPCFC_02096,GBPCPCFC_02098,mRNA
GBPCPCFC_02098,gnl|Prokka|GBPCPCFC_22,1222,1348403,0.593,948.8175,764.2049,0.8661,0.0,0.3406,-0.3531,753,-0.2562,-0.1843,0.9409,0,0,0.2628,0.0,0.3197,0.0,0.3333,-0.3577,-0.4561,-1.3166456229124717,0.43257439083718263,1.1278676997528243,GBPCPCFC_02098-0,GBPCPCFC_02098-0,Rickettsia endosymbiont of Culicoides impunctatus,2867440,64.8,1.82e-110,328,unclassified Rickettsia,114295,,,Rickettsia,780,0,Alphaproteobacteria,28211,1307793,1308545,GBPCPCFC_02097,GBPCPCFC_02099,mRNA
GBPCPCFC_02099,gnl|Prokka|GBPCPCFC_22,1222,1348403,0.593,948.8175,764.2049,0.8661,0.0,0.3406,-0.3531,759,-0.2484,-0.1761,0.9421,0,0,0.0664,0.2896,0.0915,0.1443,0.3123,-0.9599,-0.6442,-1.2874216002127814,-1.156634413817608,1.0831331349037345,GBPCPCFC_02099-0,GBPCPCFC_02099-0,Rickettsia endosymbiont of Platyusa sonomae,2878924,70.0,2.27e-121,356,unclassified Rickettsia,114295,,,Rickettsia,780,0,Alphaproteobacteria,28211,1308577,1309335,GBPCPCFC_02098,GBPCPCFC_02100,mRNA
GBPCPCFC_02100,gnl|Prokka|GBPCPCFC_22,1222,1348403,0.593,948.8175,764.2049,0.8661,0.0,0.3406,-0.3531,966,0.0225,0.1064,0.9435,0,0,0.0981,0.1173,0.159,0.0109,0.3778,0.9139,-0.0588,-1.3169772952666563,-0.5142114519803723,1.0793300500904552,GBPCPCFC_02100-0,GBPCPCFC_02100-0,Rickettsia endosymbiont of Culicoides impunctatus,2867440,84.7,1.27e-164,471,cellular organisms,131567,Sciaridae,7184,Sciaridae,7184,1,Eumetazoa,6072,1309371,1310336,GBPCPCFC_02099,GBPCPCFC_02101,mRNA
GBPCPCFC_02101,gnl|Prokka|GBPCPCFC_22,1222,1348403,0.593,948.8175,764.2049,0.8661,0.0,0.3406,-0.3531,102,-1.1081,-1.0729,0.9438,0,0,-0.0679,0.4076,-0.053,0.5182,0.3627,0.4825,-0.1936,-1.1314609024646272,-3.0944880778819694,1.1399562252846653,GBPCPCFC_02101-0,GBPCPCFC_02101-0,,,,,,,,,,,,0,Unassigned,,1310390,1310491,GBPCPCFC_02100,GBPCPCFC_02102,mRNA
GBPCPCFC_02102,gnl|Prokka|GBPCPCFC_22,1222,1348403,0.593,948.8175,764.2049,0.8661,0.0,0.3406,-0.3531,1200,0.3287,0.4258,0.9456,0,0,0.0992,0.119,0.1329,0.0364,0.2892,-1.6194,-0.8503,-1.376729899204428,-0.28390194384086265,1.0458801190386504,GBPCPCFC_02102-0,GBPCPCFC_02102-0,,,,,,,,,,,,0,Unassigned,,1310498,1311697,GBPCPCFC_02101,GBPCPCFC_02103,mRNA
GBPCPCFC_02103,gnl|Prokka|GBPCPCFC_22,1222,1348403,0.593,948.8175,764.2049,0.8661,0.0,0.3406,-0.3531,2253,1.7066,1.8631,0.9491,0,0,0.4337,0.0,0.5016,0.0,0.3058,-1.1438,-0.7017,-1.6444573516733003,3.786555649639,0.9970312422129289,GBPCPCFC_02103-0,GBPCPCFC_02103-0,Pseudolycoriella hygida,35572,30.5,1.06e-44,187,Pseudolycoriella hygida,35572,,,Pseudolycoriella hygida,35572,0,Eumetazoa,6072,1311845,1314097,GBPCPCFC_02102,GBPCPCFC_02104,mRNA
GBPCPCFC_02104,gnl|Prokka|GBPCPCFC_22,1222,1348403,0.593,948.8175,764.2049,0.8661,0.0,0.3406,-0.3531,465,-0.6331,-0.5774,0.9504,0,0,0.1069,0.0978,0.1807,0.0049,0.3161,-0.8492,-0.6096,-1.2125198100326002,-1.0794368378807124,1.16313869858665,GBPCPCFC_02104-0,GBPCPCFC_02104-0,Parachlamydia sp. AcF125,2795736,69.7,4.95e-66,208,Bacteria,2,,,Bacteria,2,0,Bacteria,2,1314468,1314932,GBPCPCFC_02103,GBPCPCFC_02105,mRNA
GBPCPCFC_02105,gnl|Prokka|GBPCPCFC_22,1222,1348403,0.593,948.8175,764.2049,0.8661,0.0,0.3406,-0.3531,2991,2.6723,2.8704,0.9548,0,0,0.2895,0.0,0.3289,0.0,0.3417,-0.1189,-0.3815,-1.7688068676456192,3.5908984483265223,0.883187448199701,GBPCPCFC_02105-0,GBPCPCFC_02105-0,Pseudolycoriella hygida,35572,31.5,7.46e-71,271,Pseudolycoriella hygida,35572,,,Pseudolycoriella hygida,35572,0,Eumetazoa,6072,1314951,1317941,GBPCPCFC_02104,GBPCPCFC_02106,mRNA
GBPCPCFC_02106,gnl|Prokka|GBPCPCFC_22,1222,1348403,0.593,948.8175,764.2049,0.8661,0.0,0.3406,-0.3531,951,0.0029,0.086,0.9574,0,0,0.1208,0.0535,0.1779,0.0043,0.2713,-2.13,-1.0098,-1.318429802409104,-0.37643929172010665,1.1160140058858081,GBPCPCFC_02106-0,GBPCPCFC_02106-0,Thelohania contejeani,164912,41.1,7.03e-59,201,cellular organisms,131567,Protostomia,33317,Protostomia,33317,1,Eumetazoa,6072,1318717,1319667,GBPCPCFC_02105,GBPCPCFC_02107,mRNA
GBPCPCFC_02107,gnl|Prokka|GBPCPCFC_22,1222,1348403,0.593,948.8175,764.2049,0.8661,0.0,0.3406,-0.3531,810,-0.1816,-0.1065,0.9587,0,0,0.2017,0.0012,0.1762,0.0047,0.3247,-0.6046,-0.5332,-1.3519165047594457,-0.2374998659842521,1.1215330531010854,GBPCPCFC_02107-0,GBPCPCFC_02107-0,Rickettsia endosymbiont of Stiretrus anchorago,2866310,64.8,1.48e-129,379,Rickettsia,780,,,Rickettsia,780,0,Alphaproteobacteria,28211,1319728,1320537,GBPCPCFC_02106,GBPCPCFC_02108,mRNA
GBPCPCFC_02108,gnl|Prokka|GBPCPCFC_22,1222,1348403,0.593,948.8175,764.2049,0.8661,0.0,0.3406,-0.3531,228,-0.9432,-0.9009,0.9594,0,0,0.149,0.0376,0.2002,0.005,0.3596,0.3941,-0.2212,-1.1856391635539885,-1.1577138447902384,1.212549911345914,GBPCPCFC_02108-0,GBPCPCFC_02108-0,Rickettsia endosymbiont of Culicoides impunctatus,2867440,81.9,2.88e-34,129,cellular organisms,131567,Arthropoda,6656,Arthropoda,6656,1,Eumetazoa,6072,1320824,1321051,GBPCPCFC_02107,GBPCPCFC_02109,mRNA
GBPCPCFC_02109,gnl|Prokka|GBPCPCFC_22,1222,1348403,0.593,948.8175,764.2049,0.8661,0.0,0.3406,-0.3531,237,-0.9314,-0.8886,0.9602,0,0,0.1275,0.0756,0.1648,0.0213,0.2869,-1.6836,-0.8703,-1.1892736334735963,-1.3563501844674721,1.2044683492681671,GBPCPCFC_02109-0,GBPCPCFC_02109-0,Rickettsia endosymbiont of Culicoides impunctatus,2867440,60.9,2.47e-13,74.3,cellular organisms,131567,Sciaridae,7184,Sciaridae,7184,1,Eumetazoa,6072,1321310,1321546,GBPCPCFC_02108,GBPCPCFC_02110,mRNA
GBPCPCFC_02110,gnl|Prokka|GBPCPCFC_22,1222,1348403,0.593,948.8175,764.2049,0.8661,0.0,0.3406,-0.3531,945,-0.005,0.0778,0.9616,0,0,0.2755,0.0,0.272,0.0,0.3725,0.7608,-0.1066,-1.3840057241867059,0.578883212292454,1.1327920092314383,GBPCPCFC_02110-0,GBPCPCFC_02110-0,unclassified Gammaproteobacteria,33811,37.4,3.22e-06,61.6,cellular organisms,131567,Opisthokonta,33154,Opisthokonta,33154,1,Opisthokonta,33154,1321602,1322546,GBPCPCFC_02109,GBPCPCFC_02111,mRNA
GBPCPCFC_02111,gnl|Prokka|GBPCPCFC_22,1222,1348403,0.593,948.8175,764.2049,0.8661,0.0,0.3406,-0.3531,393,-0.7273,-0.6757,0.9623,0,0,-0.0476,0.4623,-0.0212,0.7433,0.3995,1.5322,0.1344,-1.1836644187201162,-2.5102068522327414,1.1546438567314254,GBPCPCFC_02111-0,GBPCPCFC_02111-0,,,,,,,,,,,,0,Unassigned,,1322580,1322972,GBPCPCFC_02110,GBPCPCFC_02112,mRNA
GBPCPCFC_02112,gnl|Prokka|GBPCPCFC_22,1222,1348403,0.593,948.8175,764.2049,0.8661,0.0,0.3406,-0.3531,159,-1.0335,-0.9951,0.9628,0,0,0.3645,0.0,0.4626,0.0,0.3648,0.5406,-0.1754,-1.1982479761320004,0.5422270542286863,1.284572162961026,GBPCPCFC_02112-0,GBPCPCFC_02112-0,,,,,,,,,,,,0,Unassigned,,1323169,1323327,GBPCPCFC_02111,GBPCPCFC_02113,mRNA
GBPCPCFC_02113,gnl|Prokka|GBPCPCFC_22,1222,1348403,0.593,948.8175,764.2049,0.8661,0.0,0.3406,-0.3531,792,-0.2052,-0.1311,0.9641,0,0,0.3679,0.0,0.3522,0.0,0.3043,-1.1873,-0.7153,-1.3815440667350805,1.0308713649035042,1.169672480094173,GBPCPCFC_02113-0,GBPCPCFC_02113-0,,,,,,,,,,,,0,Unassigned,,1323401,1324192,GBPCPCFC_02112,GBPCPCFC_02114,mRNA
GBPCPCFC_02114,gnl|Prokka|GBPCPCFC_22,1222,1348403,0.593,948.8175,764.2049,0.8661,0.0,0.3406,-0.3531,546,-0.5271,-0.4668,0.965,0,0,0.0902,0.1637,0.0718,0.2681,0.3315,-0.41,-0.4724,-1.2687387884978052,-1.4137597605235355,1.1509140051844615,GBPCPCFC_02114-0,GBPCPCFC_02114-0,,,,,,,,,,,,0,Unassigned,,1324284,1324829,GBPCPCFC_02113,GBPCPCFC_02115,mRNA
GBPCPCFC_02115,gnl|Prokka|GBPCPCFC_22,1222,1348403,0.593,948.8175,764.2049,0.8661,0.0,0.3406,-0.3531,75,-1.1434,-1.1097,0.9655,0,0,-0.1004,0.3035,0.0223,0.8196,0.6267,8.0218,2.162,-1.0586456634914057,-3.0084437860746873,1.2259659087434418,GBPCPCFC_02115-0,GBPCPCFC_02115-0,,,,,,,,,,,,0,Unassigned,,1325039,1325113,GBPCPCFC_02114,GBPCPCFC_02116,mRNA
GBPCPCFC_02116,gnl|Prokka|GBPCPCFC_22,1222,1348403,0.593,948.8175,764.2049,0.8661,0.0,0.3406,-0.3531,216,-0.9589,-0.9173,0.9658,0,0,0.0916,0.1561,0.1265,0.0499,0.3935,1.3616,0.0811,-1.1766890867863786,-1.6655527340934078,1.212691691521325,GBPCPCFC_02116-0,GBPCPCFC_02116-0,unclassified Rickettsia,114295,95.7,1.12e-39,135,Bacteria,2,,,Bacteria,2,0,Bacteria,2,1325140,1325355,GBPCPCFC_02115,GBPCPCFC_02117,mRNA
GBPCPCFC_02117,gnl|Prokka|GBPCPCFC_22,1222,1348403,0.593,948.8175,764.2049,0.8661,0.0,0.3406,-0.3531,1053,0.1363,0.2252,0.9682,0,0,0.1466,0.019,0.183,0.0033,0.3143,-0.9003,-0.6256,-1.3529010089628823,-0.1155434716344946,1.1257162734933601,GBPCPCFC_02117-0,GBPCPCFC_02117-0,Rickettsia endosymbiont of Cimex lectularius,2698648,61.7,6.38e-158,457,unclassified Rickettsia,114295,,,Rickettsia,780,0,Alphaproteobacteria,28211,1325944,1326996,GBPCPCFC_02116,GBPCPCFC_02118,mRNA
GBPCPCFC_02118,gnl|Prokka|GBPCPCFC_22,1222,1348403,0.593,948.8175,764.2049,0.8661,0.0,0.3406,-0.3531,558,-0.5114,-0.4505,0.9691,0,0,0.1317,0.0416,0.1797,0.0052,0.3011,-1.2792,-0.744,-1.2460014696957573,-0.8555463791153038,1.1900841948604999,GBPCPCFC_02118-0,GBPCPCFC_02118-0,Rickettsia endosymbiont of Labidopullus appendiculatus,2878921,68.3,1.34e-79,245,unclassified Rickettsia,114295,,,Rickettsia,780,0,Alphaproteobacteria,28211,1327012,1327569,GBPCPCFC_02117,GBPCPCFC_02119,mRNA
GBPCPCFC_02119,gnl|Prokka|GBPCPCFC_22,1222,1348403,0.593,948.8175,764.2049,0.8661,0.0,0.3406,-0.3531,2085,1.4868,1.6338,0.9723,0,0,0.3485,0.0,0.4431,0.0,0.3746,0.8206,-0.088,-1.5727699196679896,3.005129746222457,1.065360086360261,GBPCPCFC_02119-0,GBPCPCFC_02119-0,Rickettsia endosymbiont of Cimex lectularius,2698648,79.2,0.0,1110,cellular organisms,131567,Sciaridae,7184,Sciaridae,7184,1,Eumetazoa,6072,1327617,1329701,GBPCPCFC_02118,GBPCPCFC_02120,mRNA
GBPCPCFC_02120,gnl|Prokka|GBPCPCFC_22,1222,1348403,0.593,948.8175,764.2049,0.8661,0.0,0.3406,-0.3531,1026,0.101,0.1883,0.9738,0,0,0.2526,0.0,0.3399,0.0,0.3587,0.3662,-0.2299,-1.3454194204705308,0.825856272751864,1.179198807161788,GBPCPCFC_02120-0,GBPCPCFC_02120-0,Rickettsia endosymbiont of Bryobia graminum,2878922,87.4,2.00e-205,576,cellular organisms,131567,Arthropoda,6656,Arthropoda,6656,1,Eumetazoa,6072,1329698,1330723,GBPCPCFC_02119,GBPCPCFC_02121,mRNA
GBPCPCFC_02121,gnl|Prokka|GBPCPCFC_22,1222,1348403,0.593,948.8175,764.2049,0.8661,0.0,0.3406,-0.3531,486,-0.6056,-0.5487,0.9745,0,0,0.2299,0.0003,0.2303,0.0003,0.323,-0.6516,-0.5479,-1.2783576326506552,-0.37232109593778023,1.2121408040638666,GBPCPCFC_02121-0,GBPCPCFC_02121-0,Rickettsia endosymbiont of Bryobia graminum,2878922,89.2,1.29e-82,251,Rickettsiales,766,,,Rickettsiales,766,0,Alphaproteobacteria,28211,1330741,1331226,GBPCPCFC_02120,GBPCPCFC_02122,mRNA
GBPCPCFC_02122,gnl|Prokka|GBPCPCFC_22,1222,1348403,0.593,948.8175,764.2049,0.8661,0.0,0.3406,-0.3531,615,-0.4368,-0.3727,0.9755,0,0,0.3463,0.0,0.4045,0.0,0.3057,-1.1473,-0.7028,-1.3013595971801544,0.8814181881803524,1.2402537137708929,GBPCPCFC_02122-0,GBPCPCFC_02122-0,Rickettsia endosymbiont of Bryobia graminum,2878922,71.6,1.75e-92,279,Rickettsia endosymbiont of Bryobia graminum,2878922,,,Rickettsia endosymbiont of Bryobia graminum,2878922,0,Alphaproteobacteria,28211,1331241,1331855,GBPCPCFC_02121,GBPCPCFC_02123,mRNA
GBPCPCFC_02123,gnl|Prokka|GBPCPCFC_22,1222,1348403,0.593,948.8175,764.2049,0.8661,0.0,0.3406,-0.3531,315,-0.8294,-0.7821,0.9759,0,0,0.2131,0.001,0.3027,0.0,0.327,-0.5391,-0.5128,-1.1947114938035717,-0.42449586932413136,1.2652693166167512,GBPCPCFC_02123-0,GBPCPCFC_02123-0,Rickettsia endosymbiont of Bryobia graminum,2878922,81.7,5.78e-48,159,Rickettsia,780,,,Rickettsia,780,0,Alphaproteobacteria,28211,1331848,1332162,GBPCPCFC_02122,GBPCPCFC_02124,mRNA
GBPCPCFC_02124,gnl|Prokka|GBPCPCFC_22,1222,1348403,0.593,948.8175,764.2049,0.8661,0.0,0.3406,-0.3531,1827,1.1491,1.2816,0.9795,0,0,0.3482,0.0,0.3907,0.0,0.4116,1.8782,0.2425,-1.5472120211345526,2.4758240226992805,1.0950743444567965,GBPCPCFC_02124-0,GBPCPCFC_02124-0,Pseudolycoriella hygida,35572,89.5,0.0,1054,cellular organisms,131567,Sciaridae,7184,Sciaridae,7184,1,Eumetazoa,6072,1332744,1334570,GBPCPCFC_02123,GBPCPCFC_02125,mRNA
GBPCPCFC_02125,gnl|Prokka|GBPCPCFC_22,1222,1348403,0.593,948.8175,764.2049,0.8661,0.0,0.3406,-0.3531,1488,0.7055,0.8189,0.982,0,0,0.0994,0.1125,0.1846,0.003,0.3347,-0.3193,-0.4441,-1.3993263129614888,0.280193047600985,1.1129080051541054,GBPCPCFC_02125-0,GBPCPCFC_02125-0,Rickettsia endosymbiont of Labidopullus appendiculatus,2878921,77.5,9.94e-259,724,Rickettsia,780,,,Rickettsia,780,0,Alphaproteobacteria,28211,1334764,1336251,GBPCPCFC_02124,GBPCPCFC_02126,mRNA
GBPCPCFC_02126,gnl|Prokka|GBPCPCFC_22,1222,1348403,0.593,948.8175,764.2049,0.8661,0.0,0.3406,-0.3531,1953,1.314,1.4536,0.9849,0,0,0.3404,0.0,0.3608,0.0,0.319,-0.7672,-0.5841,-1.5802999857378266,2.5100235639016812,1.0827993350532272,GBPCPCFC_02126-0,GBPCPCFC_02126-0,Rickettsia endosymbiont of Bryobia graminum,2878922,74.2,0.0,928,cellular organisms,131567,Sciaridae,7184,Sciaridae,7184,1,Eumetazoa,6072,1336294,1338246,GBPCPCFC_02125,GBPCPCFC_02127,mRNA
GBPCPCFC_02127,gnl|Prokka|GBPCPCFC_22,1222,1348403,0.593,948.8175,764.2049,0.8661,0.0,0.3406,-0.3531,2412,1.9146,2.0801,0.9887,0,0,0.4104,0.0,0.4526,0.0,0.3607,0.424,-0.2119,-1.675087457096119,3.733833163839051,1.0554904964123635,GBPCPCFC_02127-0,GBPCPCFC_02127-0,Rickettsia endosymbiont of Cimex lectularius,2698648,75.5,0.0,1191,cellular organisms,131567,Sciaridae,7184,Sciaridae,7184,1,Eumetazoa,6072,1338391,1340802,GBPCPCFC_02126,GBPCPCFC_02128,mRNA
GBPCPCFC_02128,gnl|Prokka|GBPCPCFC_22,1222,1348403,0.593,948.8175,764.2049,0.8661,0.0,0.3406,-0.3531,1332,0.5014,0.606,0.9908,0,0,0.2012,0.0012,0.2508,0.0,0.3649,0.5431,-0.1747,-1.4091695832464946,0.7185328106571474,1.158064153058058,GBPCPCFC_02128-0,GBPCPCFC_02128-0,Rickettsia endosymbiont of Bryobia graminum,2878922,80.8,6.30e-264,733,cellular organisms,131567,Arthropoda,6656,Arthropoda,6656,1,Eumetazoa,6072,1340882,1342213,GBPCPCFC_02127,GBPCPCFC_02129,mRNA
GBPCPCFC_02129,gnl|Prokka|GBPCPCFC_22,1222,1348403,0.593,948.8175,764.2049,0.8661,0.0,0.3406,-0.3531,618,-0.4329,-0.3686,0.9921,0,0,0.1209,0.0609,0.166,0.0098,0.3123,-0.9586,-0.6438,-1.2519106154747568,-0.8678350615697747,1.2328078833292953,GBPCPCFC_02129-0,GBPCPCFC_02129-0,Rickettsia endosymbiont of Culicoides impunctatus,2867440,63.6,5.20e-81,254,cellular organisms,131567,Sciaridae,7184,Sciaridae,7184,1,Eumetazoa,6072,1342446,1343063,GBPCPCFC_02128,GBPCPCFC_02130,mRNA
GBPCPCFC_02130,gnl|Prokka|GBPCPCFC_22,1222,1348403,0.593,948.8175,764.2049,0.8661,0.0,0.3406,-0.3531,618,-0.4329,-0.3686,0.9931,0,0,0.1227,0.0537,0.1356,0.0328,0.3851,1.1215,0.0061,-1.2686390476947476,-0.9647799053096177,1.223952585488941,GBPCPCFC_02130-0,GBPCPCFC_02130-0,Pseudomonadota bacterium,1977087,83.9,1.95e-129,386,Pseudomonadota bacterium,1977087,,,Pseudomonadota bacterium,1977087,0,Pseudomonadota bacterium,1977087,1343165,1343782,GBPCPCFC_02129,GBPCPCFC_02131,mRNA
GBPCPCFC_02131,gnl|Prokka|GBPCPCFC_22,1222,1348403,0.593,948.8175,764.2049,0.8661,0.0,0.3406,-0.3531,1125,0.2305,0.3234,0.9951,0,0,0.1329,0.0335,0.1692,0.0066,0.3387,-0.2053,-0.4085,-1.358271362070059,-0.1237268444021694,1.1763657744579297,GBPCPCFC_02131-0,GBPCPCFC_02131-0,Wolbachia endosymbiont of Melophagus ovinus,1986203,68.6,1.55e-174,504,unclassified Wolbachia,2640676,,,Wolbachia,953,0,Alphaproteobacteria,28211,1343977,1345101,GBPCPCFC_02130,GBPCPCFC_02132,mRNA
GBPCPCFC_02132,gnl|Prokka|GBPCPCFC_22,1222,1348403,0.593,948.8175,764.2049,0.8661,0.0,0.3406,-0.3531,1095,0.1913,0.2825,0.9968,0,0,0.1185,0.0583,0.1037,0.0978,0.3699,0.6858,-0.1301,-1.374801488788835,-0.4489787764719173,1.1631822292303808,GBPCPCFC_02132-0,GBPCPCFC_02132-0,Rickettsia bellii,33990,92.9,1.18e-250,692,cellular organisms,131567,Arthropoda,6656,Arthropoda,6656,1,Eumetazoa,6072,1345160,1346254,GBPCPCFC_02131,GBPCPCFC_02133,mRNA
GBPCPCFC_02133,gnl|Prokka|GBPCPCFC_22,1222,1348403,0.593,948.8175,764.2049,0.8661,0.0,0.3406,-0.3531,363,-0.7666,-0.7166,0.9974,0,0,-0.0252,0.6962,-0.015,0.8165,0.3251,-0.5938,-0.5299,-1.1840558485892783,-2.438313722712554,1.2375626137587765,GBPCPCFC_02133-0,GBPCPCFC_02133-0,N/A,,83.9,3.19e-65,204,Rickettsiales,766,,,Rickettsiales,766,0,Alphaproteobacteria,28211,1346273,1346635,GBPCPCFC_02132,GBPCPCFC_02134,mRNA
GBPCPCFC_02134,gnl|Prokka|GBPCPCFC_22,1222,1348403,0.593,948.8175,764.2049,0.8661,0.0,0.3406,-0.3531,1020,0.0931,0.1801,0.9989,0,0,0.1473,0.0184,0.1657,0.0079,0.3833,1.0706,-0.0098,-1.3494051595488652,-0.2181310307937067,1.1943079697193184,GBPCPCFC_02134-0,GBPCPCFC_02134-0,Pseudomonadota bacterium,1977087,87.0,2.75e-207,590,Pseudomonadota bacterium,1977087,,,Pseudomonadota bacterium,1977087,0,Pseudomonadota bacterium,1977087,1346620,1347639,GBPCPCFC_02133,GBPCPCFC_02135,mRNA
GBPCPCFC_02135,gnl|Prokka|GBPCPCFC_22,1222,1348403,0.593,948.8175,764.2049,0.8661,0.0,0.3406,-0.3531,384,-0.7391,-0.6879,0.9995,1,0,-0.0362,0.5642,-0.0366,0.5595,0.3203,-0.7297,-0.5723,-0.19322539703466787,-2.2313122075609333,5.678208272631644,GBPCPCFC_02135-0,GBPCPCFC_02135-0,N/A,,85.8,2.50e-73,225,Rickettsia amblyommatis,33989,,,Rickettsia amblyommatis,33989,0,Alphaproteobacteria,28211,1347713,1348096,GBPCPCFC_02134,,mRNA
