1341	1	256	3.108E-66	1	22203	23510	522	256	0.350	1.676E-69	323	769	774	22203	23510	1308	22197	23513
744932	1	207	1.749E-51	1	22203	23483	522	207	0.312	3.927E-53	317	745	771	22203	23483	1281	22197	23513
768160	1	237	1.629E-60	1	22203	23366	522	237	0.363	3.527E-63	309	700	757	22203	23366	1164	22197	23513
791978	1	244	1.273E-62	1	22203	23489	522	244	0.348	1.342E-65	309	738	757	22203	23489	1287	22197	23513
806582	1	235	6.517E-60	1	22203	23396	522	235	0.356	2.255E-62	308	707	755	22203	23396	1194	22197	23513
815504	-1	211	1.093E-52	1	34767	35507	1166	211	0.465	9.659E-51	0	245	246	-35507	-34767	741	36986	34203
874590	1	195	7.166E-48	2	4479	4976	106	155	0.612	1.808E-39	108	235	275	4479	4859	381	4374	4859
874590	1	195	7.166E-48	2	4479	4976	110	40	0.557	8.338E-02	235	269	275	4878	4976	99	4863	4988
875794	1	193	2.866E-47	2	4479	4976	106	153	0.604	1.198E-38	148	275	315	4479	4859	381	4374	4859
875794	1	193	2.866E-47	2	4479	4976	110	40	0.557	8.338E-02	275	309	315	4878	4976	99	4863	4988
894155	-1	67	2.438E-09	1	37301	37597	1124	67	0.382	2.071E-07	35	132	185	-37597	-37301	297	38242	36938
902798	-1	99	5.677E-19	1	37304	37921	1124	99	0.296	2.633E-17	85	302	406	-37921	-37304	618	38242	36938
903343	-1	78	1.191E-12	1	37262	37930	1124	78	0.252	7.611E-11	85	307	377	-37930	-37262	669	38242	36938
909845	1	129	5.287E-28	1	30375	30680	704	129	0.632	9.190E-30	17	118	136	30375	30680	306	30369	30974
928511	1	128	1.057E-27	1	4452	4859	106	128	0.498	4.983E-30	32	165	200	4452	4859	408	4374	4859
973032	-1	382	3.653E-104	1	34281	36920	1166	382	0.294	2.116E-106	8	874	895	-36920	-34281	2640	36986	34203
988560	-1	102	7.097E-20	1	37274	37930	1124	102	0.301	2.602E-18	33	248	400	-37930	-37274	657	38242	36938
995082	-1	104	1.774E-20	1	37256	37945	1124	104	0.295	6.101E-19	102	332	399	-37945	-37256	690	38242	36938
996014	-1	261	9.711E-68	1	34686	36728	1166	261	0.272	1.378E-66	3	637	666	-36728	-34686	2043	36986	34203
1006215	-1	96	4.542E-18	1	37304	37849	1124	96	0.326	1.984E-16	132	313	332	-37849	-37304	546	38242	36938
1018054	-1	113	3.465E-23	1	37112	37951	1124	113	0.273	9.996E-22	186	470	514	-37951	-37112	840	38242	36938
1048368	-1	89	5.813E-16	1	37295	37843	1124	89	0.309	2.616E-14	17	197	247	-37843	-37295	549	38242	36938
1060718	-1	90	2.907E-16	1	37304	37963	1124	90	0.275	1.475E-14	106	329	439	-37963	-37304	660	38242	36938
1087240	1	118	1.083E-24	1	4530	4847	106	118	0.562	1.782E-26	3	109	155	4530	4847	318	4374	4859
1104876	-1	280	1.852E-73	1	34668	35837	1166	280	0.410	1.118E-72	12	398	408	-35837	-34668	1170	36986	34203
1105000	-1	338	6.426E-91	1	34989	36866	1166	338	0.337	9.521E-92	263	855	857	-36866	-34989	1878	36986	34203
1106483	-1	325	5.265E-87	1	34338	36158	1166	325	0.335	1.835E-87	15	616	656	-36158	-34338	1821	36986	34203
1107277	-1	291	9.044E-77	1	34299	35834	1166	291	0.349	2.965E-76	61	562	580	-35834	-34299	1536	36986	34203
1109644	-1	286	2.894E-75	1	34791	36509	1166	286	0.320	7.567E-75	3	571	582	-36509	-34791	1719	36986	34203
1109731	-1	214	1.367E-53	1	34833	36005	1166	214	0.339	9.968E-52	46	425	426	-36005	-34833	1173	36986	34203
1110355	-1	300	1.766E-79	1	34305	35864	1166	300	0.353	2.477E-79	20	530	552	-35864	-34305	1560	36986	34203
1114513	1	149	5.042E-34	1	30384	30836	704	149	0.519	1.042E-36	30	179	186	30384	30836	453	30369	30974
1115321	1	115	8.663E-24	1	4479	4754	106	115	0.621	2.206E-25	14	105	107	4479	4754	276	4374	4859
1115802	1	136	4.131E-30	1	30528	30965	704	136	0.495	3.265E-32	2	147	152	30528	30965	438	30369	30974
1159642	1	121	1.354E-25	1	4479	4859	106	121	0.494	1.970E-27	73	201	241	4479	4859	381	4374	4859
1163379	1	184	1.468E-44	2	4431	4988	106	154	0.554	6.380E-39	135	275	314	4431	4859	429	4374	4859
1163379	1	184	1.468E-44	2	4431	4988	110	39	0.653	2.185E-01	286	313	314	4905	4988	84	4863	4988
1163526	1	70	3.048E-10	2	4572	4976	106	119	0.616	5.063E-27	0	96	227	4572	4859	288	4374	4859
1163526	1	70	3.048E-10	2	4572	4976	110	38	0.523	7.899E-01	185	219	227	4878	4976	99	4863	4988
1163713	-1	128	1.057E-27	1	37295	38017	1124	128	0.321	7.566E-27	101	352	455	-38017	-37295	723	38242	36938
1172645	1	121	1.354E-25	1	4479	4859	106	121	0.497	1.050E-27	15	143	179	4479	4859	381	4374	4859
1257638	1	114	1.733E-23	1	30498	30857	704	114	0.499	1.825E-24	0	119	182	30498	30857	360	30369	30974
1535667	1	272	4.742E-71	1	22203	23504	522	272	0.368	3.634E-75	312	753	765	22203	23504	1302	22197	23513
1570439	1	243	2.546E-62	1	22203	23489	522	243	0.339	3.399E-65	321	764	789	22203	23489	1287	22197	23513
1587654	1	242	5.092E-62	1	22203	23489	522	242	0.340	8.604E-65	328	768	781	22203	23489	1287	22197	23513
1731639	1	261	9.711E-68	1	22203	23486	522	261	0.360	2.176E-71	313	749	768	22203	23486	1284	22197	23513
1839973	1	261	9.711E-68	1	22203	23510	522	261	0.355	2.968E-71	338	783	788	22203	23510	1308	22197	23513
1880239	1	248	7.956E-64	1	22203	23504	522	248	0.343	6.061E-67	38	484	491	22203	23504	1302	22197	23513
1889786	1	250	1.989E-64	1	22203	23489	522	250	0.354	1.287E-67	299	687	702	22203	23489	1287	22197	23513
1892998	1	357	1.226E-96	1	22203	23504	522	357	0.454	1.978E-104	258	693	722	22203	23504	1302	22197	23513
1919823	1	334	1.028E-89	1	22203	23504	522	334	0.430	2.770E-96	311	747	776	22203	23504	1302	22197	23513
4395763	1	185	7.338E-45	1	20349	20843	462	185	0.576	3.250E-48	29	193	232	20349	20843	495	20091	20855
6413649	-1	399	2.787E-109	1	34287	36824	1166	399	0.310	4.586E-112	6	846	863	-36824	-34287	2538	36986	34203
6644851	1	118	1.083E-24	1	4449	4859	106	118	0.464	1.301E-26	113	247	251	4449	4859	411	4374	4859
6943913	1	741	3.111E-212	2	20247	23504	462	274	0.686	4.890E-79	113	310	758	20247	20843	597	20091	20855
6943913	1	741	3.111E-212	2	20247	23504	522	467	0.552	2.062E-142	310	753	758	22203	23504	1302	22197	23513
8729992	1	250	1.989E-64	1	22203	23489	522	250	0.345	1.287E-67	319	764	777	22203	23489	1287	22197	23513
8813819	1	280	1.852E-73	1	22203	23492	522	280	0.381	5.300E-78	339	772	781	22203	23492	1290	22197	23513
9852110	-1	93	3.633E-17	1	37220	38011	1124	93	0.255	1.981E-15	116	366	480	-38011	-37220	792	38242	36938
12742584	-1	58	1.248E-06	1	27779	28207	1310	58	0.272	2.640E-05	57	193	209	-28207	-27779	429	28420	27716
12944468	1	199	4.479E-49	1	30393	30974	704	199	0.537	6.503E-54	25	218	219	30393	30974	582	30369	30974
13240794	-1	49	6.392E-04	1	28028	28330	1310	49	0.290	3.088E-02	43	148	149	-28330	-28028	303	28420	27716
14764045	1	209	4.374E-52	1	22203	23411	522	209	0.326	1.561E-53	349	752	800	22203	23411	1209	22197	23513
15410644	1	155	7.879E-36	2	4401	4970	106	122	0.438	5.596E-28	88	236	273	4401	4859	459	4374	4859
15410644	1	155	7.879E-36	2	4401	4970	110	33	0.486	3.764E+01	236	268	273	4878	4970	93	4863	4988
15416790	1	109	5.544E-22	1	4479	4754	106	109	0.596	1.799E-23	72	163	165	4479	4754	276	4374	4859
15417527	1	195	7.166E-48	2	4479	4976	106	155	0.612	1.808E-39	148	275	315	4479	4859	381	4374	4859
15417527	1	195	7.166E-48	2	4479	4976	110	40	0.557	8.338E-02	275	309	315	4878	4976	99	4863	4988
15425794	-1	49	6.392E-04	1	27797	28174	1310	49	0.263	2.306E-02	3	125	127	-28174	-27797	378	28420	27716
15430024	-1	402	3.484E-110	1	34230	36923	1166	402	0.299	7.407E-113	9	892	895	-36923	-34230	2694	36986	34203
15477124	1	236	3.259E-60	1	22203	23396	522	236	0.357	6.547E-63	308	707	755	22203	23396	1194	22197	23513
15513422	1	245	6.364E-63	1	22203	23366	522	245	0.372	7.226E-66	309	700	757	22203	23366	1164	22197	23513
15535269	-1	273	2.371E-71	1	34239	35447	1166	273	0.394	1.215E-70	27	416	423	-35447	-34239	1209	36986	34203
15537791	1	119	5.414E-25	1	4533	4859	106	119	0.553	9.498E-27	9	118	160	4533	4859	327	4374	4859
15537817	-1	332	4.113E-89	1	34392	36674	1166	332	0.295	6.289E-90	0	740	764	-36674	-34392	2283	36986	34203
15538210	-1	51	1.598E-04	1	27953	28207	1310	51	0.344	7.154E-03	7	89	145	-28207	-27953	255	28420	27716
15538766	-1	113	3.465E-23	1	37115	37795	1124	113	0.315	7.459E-22	19	237	298	-37795	-37115	681	38242	36938
15541638	-1	323	2.106E-86	1	34305	36560	1166	323	0.292	8.153E-87	137	876	901	-36560	-34305	2256	36986	34203
15549852	-1	412	3.402E-113	1	34299	36926	1166	412	0.307	2.721E-116	27	909	912	-36926	-34299	2628	36986	34203
15554863	-1	403	1.742E-110	1	34344	36821	1166	403	0.303	2.976E-113	320	1201	1209	-36821	-34344	2478	36986	34203
15590851	-1	102	7.097E-20	1	37250	37942	1124	102	0.291	3.476E-18	204	430	451	-37942	-37250	693	38242	36938
15629915	1	112	6.930E-23	1	4530	4847	106	112	0.540	1.455E-24	3	109	153	4530	4847	318	4374	4859
15646648	-1	374	9.352E-102	1	34344	36635	1166	374	0.317	1.215E-103	25	758	800	-36635	-34344	2292	36986	34203
15648441	-1	364	9.576E-99	1	34302	36467	1166	364	0.323	2.305E-100	7	705	740	-36467	-34302	2166	36986	34203
15648588	-1	293	2.261E-77	1	34284	35705	1166	293	0.369	6.787E-77	51	517	522	-35705	-34284	1422	36986	34203
15649898	-1	301	8.832E-80	1	34284	35705	1166	301	0.376	1.842E-79	51	517	530	-35705	-34284	1422	36986	34203
15650095	-1	280	1.852E-73	1	34305	35507	1166	280	0.402	1.118E-72	1	392	414	-35507	-34305	1203	36986	34203
15650748	-1	270	1.897E-70	1	34284	36320	1166	270	0.278	1.687E-69	41	655	668	-36320	-34284	2037	36986	34203
15651603	-1	301	8.832E-80	1	34788	36920	1166	301	0.288	1.019E-79	1	714	750	-36920	-34788	2133	36986	34203
15652340	-1	285	5.788E-75	1	34236	35798	1166	285	0.340	1.829E-74	12	518	520	-35798	-34236	1563	36986	34203
15652571	-1	393	1.784E-107	1	34284	36920	1166	393	0.299	4.359E-110	372	1247	1255	-36920	-34284	2637	36986	34203
15652872	-1	272	4.742E-71	1	34524	36392	1166	272	0.294	3.913E-70	33	525	545	-36392	-34524	1869	36986	34203
15653290	-1	293	2.261E-77	1	34305	35882	1166	293	0.344	6.787E-77	10	527	549	-35882	-34305	1578	36986	34203
15653384	-1	208	8.747E-52	1	34794	35507	1166	208	0.473	7.027E-50	0	237	254	-35507	-34794	714	36986	34203
15653400	-1	296	2.826E-78	1	34239	35990	1166	296	0.323	6.399E-78	27	601	602	-35990	-34239	1752	36986	34203
15653528	-1	291	9.044E-77	1	34284	35996	1166	291	0.325	1.644E-76	48	600	613	-35996	-34284	1713	36986	34203
15653647	-1	266	3.035E-69	1	34299	35477	1166	266	0.393	3.125E-68	209	590	611	-35477	-34299	1179	36986	34203
15655609	1	192	5.733E-47	1	30399	30944	704	192	0.548	1.877E-51	14	195	207	30399	30944	546	30369	30974
15657779	1	112	6.930E-23	1	30588	30944	704	112	0.495	8.695E-24	0	118	130	30588	30944	357	30369	30974
15704372	1	116	4.331E-24	1	4374	4754	106	116	0.486	6.270E-26	56	173	175	4374	4754	381	4374	4859
15717459	-1	452	3.094E-125	1	34455	36824	1166	452	0.349	5.927E-130	30	830	882	-36824	-34455	2370	36986	34203
15740222	-1	370	1.496E-100	1	34239	36662	1166	370	0.304	2.492E-102	2	794	800	-36662	-34239	2424	36986	34203
15747775	-1	446	1.980E-123	1	34413	36920	1166	446	0.329	1.079E-127	0	858	890	-36920	-34413	2508	36986	34203
15843599	1	117	2.166E-24	1	4416	4850	106	117	0.440	4.578E-26	48	190	226	4416	4850	435	4374	4859
16082561	1	249	3.978E-64	1	22203	23504	522	249	0.348	3.261E-67	322	760	772	22203	23504	1302	22197	23513
16110384	1	243	2.546E-62	1	22203	23489	522	243	0.339	3.399E-65	321	764	782	22203	23489	1287	22197	23513
16139630	1	259	3.885E-67	1	22203	23489	522	259	0.357	1.027E-70	295	733	747	22203	23489	1287	22197	23513
16213214	1	279	3.705E-73	1	22203	23507	522	279	0.374	1.348E-77	322	764	776	22203	23507	1305	22197	23513
16322578	1	252	4.972E-65	1	22203	23510	522	252	0.345	2.732E-68	319	767	776	22203	23510	1308	22197	23513
16341159	1	252	4.972E-65	1	22203	23504	522	252	0.349	2.004E-68	344	786	797	22203	23504	1302	22197	23513
16360323	1	252	4.972E-65	1	22203	23504	522	252	0.351	2.004E-68	326	764	777	22203	23504	1302	22197	23513
16477948	1	265	6.070E-69	1	22203	23504	522	265	0.361	1.331E-72	319	761	773	22203	23504	1302	22197	23513
16487713	1	248	7.956E-64	1	22203	23510	522	248	0.348	8.263E-67	322	755	760	22203	23510	1308	22197	23513
16550578	1	622	2.068E-176	3	19934	23504	450	93	0.449	4.252E-18	3	114	739	19934	20269	336	19799	20269
16550578	1	622	2.068E-176	3	19934	23504	462	229	0.686	1.792E-63	119	284	739	20349	20843	495	20091	20855
16550578	1	622	2.068E-176	3	19934	23504	522	303	0.403	1.035E-85	284	704	739	22203	23504	1302	22197	23513
16551497	1	541	4.999E-152	2	20307	23504	462	241	0.667	2.709E-67	65	244	930	20307	20843	537	20091	20855
16551497	1	541	4.999E-152	2	20307	23504	522	300	0.400	1.252E-84	244	664	930	22203	23504	1302	22197	23513
23419092	-1	53	3.995E-05	1	27749	28150	1310	53	0.258	1.649E-03	14	154	164	-28150	-27749	402	28420	27716
24696615	-1	72	7.620E-11	1	27800	28276	1310	72	0.294	5.449E-10	72	225	230	-28276	-27800	477	28420	27716
24776656	-1	120	2.707E-25	1	37070	37951	1124	120	0.279	5.058E-24	185	463	508	-37951	-37070	882	38242	36938
25543218	1	259	3.885E-67	1	22203	23489	522	259	0.360	1.027E-70	314	748	766	22203	23489	1287	22197	23513
25614598	1	209	4.374E-52	1	30393	30974	704	209	0.558	2.483E-57	194	387	388	30393	30974	582	30369	30974
26055583	1	250	1.989E-64	1	22203	23504	522	250	0.346	9.440E-68	183	626	639	22203	23504	1302	22197	23513
26419613	1	261	9.711E-68	1	22203	23492	522	261	0.357	1.595E-71	325	768	777	22203	23492	1290	22197	23513
28025792	-1	81	1.488E-13	1	37283	37711	1124	81	0.340	1.043E-11	1	141	268	-37711	-37283	429	38242	36938
28309432	-1	56	4.994E-06	1	27800	28372	1310	56	0.224	1.560E-04	97	292	307	-28372	-27800	573	28420	27716
29921381	1	115	8.663E-24	1	30525	30917	704	115	0.470	7.148E-25	11	141	144	30525	30917	393	30369	30974
29923224	-1	98	1.135E-18	1	37274	37765	1124	98	0.355	3.515E-17	22	182	325	-37765	-37274	492	38242	36938
29946371	-1	393	1.784E-107	1	34242	36923	1166	393	0.296	4.359E-110	9	892	895	-36923	-34242	2682	36986	34203
29958890	1	138	1.033E-30	1	4428	4823	106	138	0.542	1.386E-33	35	164	173	4428	4823	396	4374	4859
29967078	-1	72	7.620E-11	1	37304	37711	1124	72	0.325	5.304E-09	6	140	145	-37711	-37304	408	38242	36938
29979680	-1	325	5.265E-87	1	34794	36662	1166	325	0.329	1.835E-87	18	642	653	-36662	-34794	1869	36986	34203
29981592	-1	273	2.371E-71	1	35634	36374	1166	273	0.569	2.180E-70	74	321	325	-36374	-35634	741	36986	34203
29988956	-1	434	8.111E-120	1	34302	36821	1166	434	0.325	1.411E-123	172	1023	1048	-36821	-34302	2520	36986	34203
29989228	-1	368	5.985E-100	1	34647	36881	1166	368	0.318	1.525E-101	323	1063	1067	-36881	-34647	2235	36986	34203
29989308	-1	85	9.302E-15	1	37289	37930	1124	85	0.271	8.056E-13	122	336	345	-37930	-37289	642	38242	36938
30005073	-1	106	4.435E-21	1	37262	37945	1124	106	0.299	1.908E-19	57	286	356	-37945	-37262	684	38242	36938
30018881	-1	127	2.115E-27	1	37247	37786	1124	127	0.382	2.477E-26	2	193	245	-37786	-37247	540	38242	36938
30049247	1	244	1.273E-62	1	22197	23363	522	244	0.370	1.342E-65	129	521	579	22197	23363	1167	22197	23513
30056209	1	179	4.696E-43	1	22200	23147	522	179	0.345	2.002E-43	285	567	568	22200	23147	948	22197	23513
30068709	-1	78	1.191E-12	1	37088	37711	1124	78	0.262	1.342E-10	0	207	208	-37711	-37088	624	38242	36938
30079173	-1	400	1.394E-109	1	34326	36767	1166	400	0.318	2.498E-112	1	754	859	-36767	-34326	2442	36986	34203
30079518	-1	296	2.826E-78	1	34398	35648	1166	296	0.408	4.762E-78	69	481	571	-35648	-34398	1251	36986	34203
30079530	-1	58	1.248E-06	1	27926	28288	1310	58	0.300	3.551E-05	13	129	176	-28288	-27926	363	28420	27716
30082570	-1	343	2.008E-92	1	34305	36578	1166	343	0.301	1.933E-93	15	757	786	-36578	-34305	2274	36986	34203
30090671	-1	92	7.267E-17	1	37304	37846	1124	92	0.318	3.518E-15	51	231	347	-37846	-37304	543	38242	36938
30096483	-1	399	2.787E-109	1	34344	36926	1166	399	0.304	6.214E-112	5	875	886	-36926	-34344	2583	36986	34203
30101028	-1	79	5.953E-13	1	37184	37534	1124	79	0.382	5.731E-11	42	158	181	-37534	-37184	351	38242	36938
30188535	-1	211	1.093E-52	1	34788	35507	1166	211	0.476	7.273E-51	0	239	240	-35507	-34788	720	36986	34203
30188922	-1	216	3.417E-54	1	34830	35834	1166	216	0.379	2.406E-52	61	391	401	-35834	-34830	1005	36986	34203
30189086	-1	300	1.766E-79	1	34299	35837	1166	300	0.356	3.329E-79	12	516	542	-35837	-34299	1539	36986	34203
30189835	-1	213	2.733E-53	1	34908	35705	1166	213	0.440	2.337E-51	6	273	281	-35705	-34908	798	36986	34203
30190714	-1	252	4.972E-65	1	34728	35864	1166	252	0.388	8.183E-64	124	498	501	-35864	-34728	1137	36986	34203
30191627	-1	338	6.426E-91	1	34302	36593	1166	338	0.297	7.057E-92	59	809	837	-36593	-34302	2292	36986	34203
30192348	-1	308	6.900E-82	1	34299	35834	1166	308	0.363	4.915E-82	114	614	635	-35834	-34299	1536	36986	34203
30193902	-1	349	3.138E-94	1	34617	36617	1166	349	0.330	2.891E-95	38	706	715	-36617	-34617	2001	36986	34203
30194723	-1	414	8.505E-114	1	34302	36755	1166	414	0.324	5.937E-117	72	874	909	-36755	-34302	2454	36986	34203
30196534	1	135	8.261E-30	1	30558	30944	704	135	0.542	8.361E-32	29	157	169	30558	30944	387	30369	30974
30197644	1	115	8.663E-24	1	4479	4787	106	115	0.567	2.206E-25	15	117	120	4479	4787	309	4374	4859
30197877	1	136	4.131E-30	1	30507	30926	704	136	0.507	4.467E-32	25	165	236	30507	30926	420	30369	30974
30198264	1	114	1.733E-23	1	4515	4859	106	114	0.517	3.021E-25	6	119	144	4515	4859	345	4374	4859
30199013	-1	55	9.988E-06	1	30527	30691	1254	55	0.509	1.787E-06	22	76	77	-30691	-30527	165	30691	30482
30199157	1	123	3.384E-26	1	30573	30944	704	123	0.518	1.376E-27	12	135	147	30573	30944	372	30369	30974
30199411	1	196	3.583E-48	1	30393	30944	704	196	0.552	1.105E-52	1	184	196	30393	30944	552	30369	30974
30241979	1	117	2.166E-24	1	4479	4847	106	117	0.496	2.440E-26	55	179	222	4479	4847	369	4374	4859
30242986	-1	383	1.826E-104	1	34299	36929	1166	383	0.293	1.563E-106	6	890	893	-36929	-34299	2631	36986	34203
30285837	1	196	3.583E-48	2	4452	4982	106	162	0.602	1.166E-41	42	176	215	4452	4859	408	4374	4859
30285837	1	196	3.583E-48	2	4452	4982	110	37	0.538	1.503E+00	181	211	215	4884	4982	99	4863	4988
30341247	1	119	5.414E-25	1	30399	30734	704	119	0.548	2.296E-26	0	111	112	30399	30734	336	30369	30974
30343383	1	130	2.644E-28	1	30384	30827	704	130	0.472	4.912E-30	23	170	211	30384	30827	444	30369	30974
30619769	1	252	4.972E-65	1	22203	23504	522	252	0.348	3.725E-68	315	757	769	22203	23504	1302	22197	23513
30729166	1	248	7.956E-64	1	22203	23489	522	248	0.346	4.446E-67	329	770	785	22203	23489	1287	22197	23513
30856349	1	259	3.885E-67	1	22203	23510	522	259	0.353	1.401E-70	322	768	773	22203	23510	1308	22197	23513
30895913	1	264	1.214E-68	1	22203	23504	522	264	0.360	2.476E-72	318	760	772	22203	23504	1302	22197	23513
30927425	1	246	3.182E-63	1	22203	23504	522	246	0.343	2.093E-66	174	616	628	22203	23504	1302	22197	23513
30941633	1	254	1.243E-65	1	22203	23504	522	254	0.351	7.903E-69	315	756	768	22203	23504	1302	22197	23513
30949751	1	242	5.092E-62	1	22203	23504	522	242	0.339	8.604E-65	325	766	778	22203	23504	1302	22197	23513
30970471	1	248	7.956E-64	1	22260	23504	522	248	0.353	4.446E-67	36	464	476	22260	23504	1245	22197	23513
31049851	1	175	7.514E-42	1	30378	30953	704	175	0.487	1.927E-45	124	315	323	30378	30953	576	30369	30974
33485235	1	187	1.834E-45	1	20349	20798	462	187	0.627	9.283E-49	120	269	276	20349	20798	450	20091	20855
37029667	-1	82	7.441E-14	1	27800	28408	1310	82	0.274	3.719E-13	16	215	226	-28408	-27800	609	28420	27716
37560561	-1	67	2.438E-09	1	27770	28396	1310	67	0.240	2.743E-08	154	343	354	-28396	-27770	627	28420	27716
39400430	1	255	6.215E-66	1	22203	23510	522	255	0.349	2.286E-69	324	770	775	22203	23510	1308	22197	23513
39839686	1	254	1.243E-65	1	22203	23492	522	254	0.351	7.903E-69	332	773	785	22203	23492	1290	22197	23513
40667868	1	251	9.944E-65	1	22203	23489	522	251	0.350	6.924E-68	328	765	781	22203	23489	1287	22197	23513
41213649	1	248	7.956E-64	1	22203	23489	522	248	0.344	6.061E-67	325	769	779	22203	23489	1287	22197	23513
41692598	1	241	1.018E-61	1	22203	23489	522	241	0.345	1.598E-64	194	618	636	22203	23489	1287	22197	23513
42998479	1	247	1.591E-63	1	22203	23492	522	247	0.346	1.535E-66	314	751	768	22203	23492	1290	22197	23513
44440109	-1	237	1.629E-60	1	34746	35834	1166	237	0.384	3.555E-59	163	522	554	-35834	-34746	1089	36986	34203
44448768	1	258	7.769E-67	1	22203	23486	522	258	0.360	3.554E-70	308	738	756	22203	23486	1284	22197	23513
44499874	1	150	2.521E-34	1	4479	4850	106	150	0.606	1.088E-37	55	179	226	4479	4850	372	4374	4859
44513257	-1	409	2.722E-112	1	34230	36923	1166	409	0.303	1.690E-115	9	892	895	-36923	-34230	2694	36986	34203
44521147	-1	76	4.762E-12	1	37298	37948	1124	76	0.252	4.165E-10	9	224	243	-37948	-37298	651	38242	36938
44537185	1	178	9.392E-43	2	4479	4988	106	151	0.596	7.941E-38	82	209	248	4479	4859	381	4374	4859
44537185	1	178	9.392E-43	2	4479	4988	110	38	0.683	4.153E-01	222	247	248	4911	4988	78	4863	4988
44553287	1	129	5.287E-28	1	4452	4820	106	129	0.543	1.938E-30	96	215	219	4452	4820	369	4374	4859
44588554	1	243	2.546E-62	1	22254	23486	522	243	0.352	4.632E-65	1	420	589	22254	23486	1233	22197	23513
44597183	-1	283	2.315E-74	1	34296	35837	1166	283	0.342	7.954E-74	39	540	566	-35837	-34296	1542	36986	34203
44597214	1	124	1.692E-26	1	4569	4859	106	124	0.633	8.469E-29	5	102	121	4569	4859	291	4374	4859
44621001	-1	57	2.497E-06	1	27953	28288	1310	57	0.312	6.422E-05	32	139	195	-28288	-27953	336	28420	27716
44623813	-1	234	1.303E-59	1	34686	35816	1166	234	0.369	4.718E-58	52	425	441	-35816	-34686	1131	36986	34203
44623940	-1	383	1.826E-104	1	34227	36920	1166	383	0.291	1.155E-106	10	897	912	-36920	-34227	2694	36986	34203
44642460	-1	102	7.097E-20	1	37220	37819	1124	102	0.306	1.947E-18	19	233	343	-37819	-37220	600	38242	36938
44712965	1	122	6.768E-26	1	4479	4847	106	122	0.512	5.596E-28	65	189	194	4479	4847	369	4374	4859
44729520	-1	316	2.695E-84	1	34302	35651	1166	316	0.404	2.339E-84	8	442	477	-35651	-34302	1350	36986	34203
44729776	-1	311	8.625E-83	1	34311	35891	1166	311	0.358	6.152E-83	6	523	554	-35891	-34311	1581	36986	34203
44729962	-1	327	1.316E-87	1	34284	36662	1166	327	0.284	4.125E-88	3	787	801	-36662	-34284	2379	36986	34203
44732402	-1	78	1.191E-12	1	37301	37993	1124	78	0.247	1.342E-10	105	334	438	-37993	-37301	693	38242	36938
44733065	-1	327	1.316E-87	1	34302	35945	1166	327	0.361	4.125E-88	62	594	629	-35945	-34302	1644	36986	34203
44733397	-1	248	7.956E-64	1	34602	35705	1166	248	0.392	1.478E-62	51	417	418	-35705	-34602	1104	36986	34203
44733910	-1	302	4.416E-80	1	34284	36578	1166	302	0.277	7.582E-80	8	759	772	-36578	-34284	2295	36986	34203
44736316	-1	285	5.788E-75	1	34800	36578	1166	285	0.312	2.454E-74	14	601	611	-36578	-34800	1779	36986	34203
44736353	-1	288	7.235E-76	1	34284	35708	1166	288	0.364	2.331E-75	5	466	479	-35708	-34284	1425	36986	34203
44736550	-1	219	4.271E-55	1	34800	35636	1166	219	0.438	1.857E-53	20	298	302	-35636	-34800	837	36986	34203
44738547	1	119	5.414E-25	1	30588	30968	704	119	0.496	2.296E-26	0	126	132	30588	30968	381	30369	30974
44741092	1	159	4.924E-37	1	30492	30944	704	159	0.546	4.059E-40	17	167	179	30492	30944	453	30369	30974
44783672	-1	392	3.567E-107	1	34299	36920	1166	392	0.298	1.467E-109	6	887	890	-36920	-34299	2622	36986	34203
44789549	1	128	1.057E-27	1	4452	4859	106	128	0.496	6.827E-30	64	197	236	4452	4859	408	4374	4859
44919779	-1	60	3.121E-07	1	27824	28276	1310	60	0.268	8.045E-06	54	200	214	-28276	-27824	453	28420	27716
44919834	-1	59	6.242E-07	1	27800	28174	1310	59	0.299	1.083E-05	0	120	143	-28174	-27800	375	28420	27716
44922627	1	164	1.539E-38	1	30378	30911	704	164	0.491	1.281E-41	4	181	191	30378	30911	534	30369	30974
45152266	1	255	6.215E-66	1	22203	23510	522	255	0.349	2.286E-69	323	769	774	22203	23510	1308	22197	23513
45350334	1	256	3.108E-66	1	22203	23510	522	256	0.351	1.229E-69	323	767	772	22203	23510	1308	22197	23513
45415127	1	356	2.451E-96	1	22203	23504	522	356	0.452	5.055E-104	324	760	790	22203	23504	1302	22197	23513
45422842	1	276	2.964E-72	1	22203	23492	522	276	0.374	1.189E-76	331	769	778	22203	23492	1290	22197	23513
45487179	1	243	2.546E-62	1	22203	23504	522	243	0.341	2.494E-65	291	732	745	22203	23504	1302	22197	23513
45527803	1	243	2.546E-62	1	22203	23489	522	243	0.338	3.399E-65	314	759	771	22203	23489	1287	22197	23513
45529224	1	260	1.942E-67	1	22203	23504	522	260	0.356	5.521E-71	318	760	772	22203	23504	1302	22197	23513
45533230	1	260	1.942E-67	1	22203	23489	522	260	0.358	5.521E-71	327	766	776	22203	23489	1287	22197	23513
45602137	1	264	1.214E-68	1	22203	23507	522	264	0.363	2.476E-72	323	759	772	22203	23507	1305	22197	23513
45619228	1	243	2.546E-62	1	22203	23489	522	243	0.341	2.494E-65	321	762	774	22203	23489	1287	22197	23513
45667893	1	241	1.018E-61	1	22203	23489	522	241	0.340	2.178E-64	104	541	559	22203	23489	1287	22197	23513
45678655	1	269	3.793E-70	1	22203	23507	522	269	0.364	3.200E-74	319	762	773	22203	23507	1305	22197	23513
48390385	1	149	5.042E-34	1	30477	30935	704	149	0.510	1.953E-36	2	154	166	30477	30935	459	30369	30974
50269465	1	112	6.930E-23	1	4437	4838	106	112	0.452	1.993E-24	46	178	180	4437	4838	402	4374	4859
50661860	1	183	2.935E-44	1	30384	30944	704	183	0.515	3.572E-48	56	242	250	30384	30944	561	30369	30974
50701548	-1	64	1.951E-08	1	27779	28276	1310	64	0.260	2.240E-07	141	313	326	-28276	-27779	498	28420	27716
53866646	1	176	3.757E-42	1	30384	30974	704	176	0.478	7.500E-46	185	382	383	30384	30974	591	30369	30974
54415149	1	243	2.546E-62	1	22203	23486	522	243	0.346	2.494E-65	175	607	623	22203	23486	1284	22197	23513
54618902	-1	60	3.121E-07	1	27800	28177	1310	60	0.300	5.975E-06	55	176	206	-28177	-27800	378	28420	27716
54930951	1	186	3.669E-45	1	30378	30956	704	186	0.509	2.884E-49	161	353	357	30378	30956	579	30369	30974
55882780	1	261	9.711E-68	1	22203	23504	522	261	0.358	2.176E-71	315	756	768	22203	23504	1302	22197	23513
57064697	1	252	4.972E-65	1	22203	23504	522	252	0.348	3.725E-68	321	764	776	22203	23504	1302	22197	23513
58952738	1	115	8.663E-24	1	30588	30968	704	115	0.483	5.230E-25	0	126	151	30588	30968	381	30369	30974
58956192	1	240	2.037E-61	1	22203	23486	522	240	0.344	4.044E-64	308	737	756	22203	23486	1284	22197	23513
58969814	1	114	1.733E-23	1	4413	4859	106	114	0.425	3.021E-25	96	242	286	4413	4859	447	4374	4859
58978531	1	243	2.546E-62	1	22203	23486	522	243	0.346	4.632E-65	308	737	755	22203	23486	1284	22197	23513
58980888	-1	375	4.676E-102	1	34344	36698	1166	375	0.312	6.637E-104	5	780	822	-36698	-34344	2355	36986	34203
59029165	-1	96	4.542E-18	1	37295	37804	1124	96	0.340	2.646E-16	26	194	292	-37804	-37295	510	38242	36938
59029549	1	123	3.384E-26	1	30396	30863	704	123	0.433	1.006E-27	27	183	184	30396	30863	468	30369	30974
59076965	1	115	8.663E-24	1	30588	30968	704	115	0.480	9.769E-25	0	126	131	30588	30968	381	30369	30974
59138386	-1	312	4.313E-83	1	34281	36458	1166	312	0.292	2.523E-83	2	715	736	-36458	-34281	2178	36986	34203
59139909	-1	284	1.158E-74	1	34281	35636	1166	284	0.373	5.929E-74	104	545	566	-35636	-34281	1356	36986	34203
59139949	-1	281	9.261E-74	1	34281	35792	1166	281	0.344	3.455E-73	54	545	566	-35792	-34281	1512	36986	34203
59139968	-1	284	1.158E-74	1	34281	35837	1166	284	0.340	3.293E-74	39	545	566	-35837	-34281	1557	36986	34203
59155175	-1	373	1.870E-101	1	34209	36542	1166	373	0.313	2.223E-103	13	775	779	-36542	-34209	2334	36986	34203
59158683	-1	316	2.695E-84	1	34386	36773	1166	316	0.278	1.737E-84	273	1037	1052	-36773	-34386	2388	36986	34203
59160046	-1	57	2.497E-06	1	27944	28288	1310	57	0.305	8.635E-05	40	150	203	-28288	-27944	345	28420	27716
59163755	1	122	6.768E-26	1	4467	4859	106	122	0.489	7.665E-28	7	138	176	4467	4859	393	4374	4859
59167009	-1	57	2.497E-06	1	27953	28294	1310	57	0.310	4.776E-05	9	118	151	-28294	-27953	342	28420	27716
59179284	-1	397	1.115E-108	1	34464	36578	1166	397	0.347	2.837E-111	375	1081	1085	-36578	-34464	2115	36986	34203
59209722	-1	111	1.386E-22	1	37244	37972	1124	111	0.298	3.221E-21	170	405	423	-37972	-37244	729	38242	36938
59242229	1	189	4.586E-46	1	30465	30974	704	189	0.571	2.327E-50	16	184	229	30465	30974	510	30369	30974
59245448	-1	96	4.542E-18	1	37304	37951	1124	96	0.281	2.646E-16	97	325	428	-37951	-37304	648	38242	36938
59271092	-1	437	1.014E-120	1	34302	36839	1166	437	0.328	1.225E-124	276	1106	1141	-36839	-34302	2538	36986	34203
59271431	-1	433	1.622E-119	1	34338	36866	1166	433	0.327	2.600E-123	117	916	956	-36866	-34338	2529	36986	34203
59272565	-1	308	6.900E-82	1	34671	36920	1166	308	0.283	6.614E-82	1	752	761	-36920	-34671	2250	36986	34203
59274844	-1	334	1.028E-89	1	34311	36173	1166	334	0.336	2.563E-90	0	614	645	-36173	-34311	1863	36986	34203
59275038	-1	389	2.854E-106	1	34479	36974	1166	389	0.307	1.660E-108	4	837	838	-36974	-34479	2496	36986	34203
59276018	-1	274	1.185E-71	1	34284	35834	1166	274	0.332	9.064E-71	61	569	582	-35834	-34284	1551	36986	34203
59276411	-1	302	4.416E-80	1	34305	35798	1166	302	0.364	7.582E-80	77	563	653	-35798	-34305	1494	36986	34203
59277097	-1	219	4.271E-55	1	34716	35531	1166	219	0.445	2.469E-53	9	278	279	-35531	-34716	816	36986	34203
59278221	-1	351	7.845E-95	1	34545	36611	1166	351	0.325	6.434E-96	50	735	762	-36611	-34545	2067	36986	34203
59280282	1	141	1.291E-31	2	4572	4988	106	111	0.596	2.729E-24	0	93	135	4572	4850	279	4374	4859
59280282	1	141	1.291E-31	2	4572	4988	110	36	0.508	2.073E+00	101	134	135	4884	4988	105	4863	4988
59281344	1	106	4.435E-21	1	4572	4850	106	106	0.571	2.222E-22	0	93	114	4572	4850	279	4374	4859
59281758	1	116	4.331E-24	1	30588	30971	704	116	0.481	3.826E-25	0	127	130	30588	30971	384	30369	30974
59288943	-1	104	1.774E-20	1	37280	37753	1124	104	0.379	6.101E-19	2	159	188	-37753	-37280	474	38242	36938
59424147	1	128	1.057E-27	1	30528	30974	704	128	0.460	3.216E-29	37	186	190	30528	30974	447	30369	30974
59461132	-1	457	9.669E-127	2	34716	37984	1124	129	0.311	4.179E-27	30	285	1041	-37984	-37187	798	38242	36938
59461132	-1	457	9.669E-127	2	34716	37984	1166	364	0.328	1.705E-100	323	1027	1041	-36833	-34716	2118	36986	34203
59700673	1	250	1.989E-64	1	22203	23489	522	250	0.355	9.440E-68	341	763	780	22203	23489	1287	22197	23513
59739704	1	254	1.243E-65	1	22203	23483	522	254	0.359	7.903E-69	323	749	760	22203	23483	1281	22197	23513
59765730	1	327	1.316E-87	1	22203	23495	522	327	0.428	5.605E-94	279	695	713	22203	23495	1293	22197	23513
59833913	1	231	1.043E-58	1	22278	23489	522	231	0.339	4.961E-61	2	423	437	22278	23489	1212	22197	23513
59836760	1	250	1.989E-64	1	22266	23489	522	250	0.359	9.440E-68	279	699	710	22266	23489	1224	22197	23513
59993005	1	262	4.856E-68	1	22203	23507	522	262	0.360	1.169E-71	277	716	726	22203	23507	1305	22197	23513
59997600	1	260	1.942E-67	1	22203	23504	522	260	0.356	4.048E-71	345	787	799	22203	23504	1302	22197	23513
60048989	1	249	3.978E-64	1	22200	23504	522	249	0.343	2.392E-67	364	811	818	22200	23504	1305	22197	23513
60108745	1	250	1.989E-64	1	22203	23492	522	250	0.348	1.755E-67	322	761	776	22203	23492	1290	22197	23513
60111644	1	258	7.769E-67	1	22203	23489	522	258	0.357	1.910E-70	321	759	769	22203	23489	1287	22197	23513
61330324	-1	59	6.242E-07	1	27794	28177	1310	59	0.294	1.458E-05	109	232	237	-28177	-27794	384	28420	27716
68164904	-1	74	1.905E-11	1	27779	28276	1310	74	0.291	1.200E-10	146	309	315	-28276	-27779	498	28420	27716
68715573	1	253	2.486E-65	1	22203	23489	522	253	0.352	1.469E-68	63	500	514	22203	23489	1287	22197	23513
69169912	-1	67	2.438E-09	1	27800	28276	1310	67	0.267	2.743E-08	116	288	300	-28276	-27800	477	28420	27716
69623403	1	205	6.998E-51	1	30378	30974	704	205	0.538	5.785E-56	60	258	260	30378	30974	597	30369	30974
70865341	1	677	5.739E-193	2	20400	23504	462	210	0.697	8.593E-57	1	149	597	20400	20843	444	20091	20855
70865341	1	677	5.739E-193	2	20400	23504	522	467	0.552	2.822E-142	149	592	597	22203	23504	1302	22197	23513
72374603	1	162	6.155E-38	1	30384	30941	704	162	0.471	4.501E-41	52	217	291	30384	30941	558	30369	30974
72461087	-1	70	3.048E-10	1	27800	28276	1310	70	0.288	3.335E-09	72	225	230	-28276	-27800	477	28420	27716
72577382	1	163	3.078E-38	1	30378	30974	704	163	0.449	2.401E-41	169	367	368	30378	30974	597	30369	30974
73512947	1	250	1.989E-64	1	22203	23486	522	250	0.353	1.287E-67	308	738	756	22203	23486	1284	22197	23513
73571312	1	133	3.305E-29	1	4440	4823	106	133	0.539	8.316E-32	65	189	242	4440	4823	384	4374	4859
73582639	1	140	2.582E-31	1	4479	4850	106	140	0.572	3.931E-34	82	206	207	4479	4850	372	4374	4859
73613442	-1	343	2.008E-92	1	34296	36323	1166	343	0.324	1.933E-93	9	672	691	-36323	-34296	2028	36986	34203
73631496	-1	94	1.817E-17	1	36956	37972	1124	94	0.225	6.274E-16	266	585	590	-37972	-36956	1017	38242	36938
73689194	1	108	1.109E-21	1	4536	4850	106	108	0.527	4.618E-23	3	108	134	4536	4850	315	4374	4859
73704873	-1	274	1.185E-71	1	34239	35567	1166	274	0.369	9.064E-71	0	430	432	-35567	-34239	1329	36986	34203
73707293	-1	290	1.809E-76	1	34704	36773	1166	290	0.287	5.345E-76	375	1046	1049	-36773	-34704	2070	36986	34203
73756309	-1	103	3.548E-20	1	37295	37942	1124	103	0.305	1.457E-18	173	386	420	-37942	-37295	648	38242	36938
73757603	-1	100	2.839E-19	1	37166	37831	1124	100	0.293	8.284E-18	43	267	294	-37831	-37166	666	38242	36938
73812659	-1	384	9.132E-105	1	34344	36698	1166	384	0.317	4.654E-107	5	780	800	-36698	-34344	2355	36986	34203
73812683	-1	265	6.070E-69	1	34461	35555	1166	265	0.414	4.183E-68	1	363	364	-35555	-34461	1095	36986	34203
73813415	-1	432	3.245E-119	1	34311	36956	1166	432	0.317	4.790E-123	5	869	900	-36956	-34311	2646	36986	34203
73813533	-1	343	2.008E-92	1	34299	36578	1166	343	0.301	1.933E-93	4	748	766	-36578	-34299	2280	36986	34203
73813984	-1	340	1.607E-91	1	34464	36920	1166	340	0.286	2.128E-92	1	819	842	-36920	-34464	2457	36986	34203
73815618	-1	319	3.369E-85	1	34299	35792	1166	319	0.379	1.192E-85	100	584	605	-35792	-34299	1494	36986	34203
73816145	-1	413	1.701E-113	1	34338	36866	1166	413	0.317	1.480E-116	11	773	813	-36866	-34338	2529	36986	34203
73817850	-1	269	3.793E-70	1	34464	35900	1166	269	0.346	3.026E-69	20	493	517	-35900	-34464	1437	36986	34203
73818005	-1	313	2.156E-83	1	34284	36098	1166	313	0.328	1.392E-83	23	619	632	-36098	-34284	1815	36986	34203
73818038	-1	294	1.131E-77	1	34299	35900	1166	294	0.341	2.800E-77	107	629	647	-35900	-34299	1602	36986	34203
73818469	-1	339	3.213E-91	1	34311	36320	1166	339	0.324	3.876E-92	16	674	705	-36320	-34311	2010	36986	34203
73818734	-1	308	6.900E-82	1	34284	36320	1166	308	0.302	4.915E-82	41	708	721	-36320	-34284	2037	36986	34203
73821167	1	150	2.521E-34	2	4560	4988	106	115	0.577	1.611E-25	10	110	149	4560	4859	300	4374	4859
73821167	1	150	2.521E-34	2	4560	4988	110	38	0.528	5.727E-01	115	148	149	4884	4988	105	4863	4988
73821624	1	147	2.017E-33	1	4431	4850	106	147	0.542	1.855E-36	135	272	273	4431	4850	420	4374	4859
73823317	1	188	9.172E-46	2	4431	4988	106	153	0.553	8.744E-39	135	275	314	4431	4859	429	4374	4859
73823317	1	188	9.172E-46	2	4431	4988	110	38	0.528	5.727E-01	280	313	314	4884	4988	105	4863	4988
73824000	1	164	1.539E-38	2	4431	4988	106	137	0.505	3.566E-33	37	177	216	4431	4859	429	4374	4859
73824000	1	164	1.539E-38	2	4431	4988	110	36	0.598	3.945E+00	188	215	216	4905	4988	84	4863	4988
73824419	1	198	8.957E-49	1	30378	30944	704	198	0.545	1.672E-53	46	234	246	30378	30944	567	30369	30974
73910638	1	201	1.120E-49	1	30378	30968	704	201	0.534	1.348E-54	16	212	215	30378	30968	591	30369	30974
73912175	1	134	1.652E-29	1	30420	30806	704	134	0.538	2.141E-31	1	124	208	30420	30806	387	30369	30974
73919060	-1	468	4.721E-130	1	34293	36902	1166	468	0.338	2.798E-135	3	864	882	-36902	-34293	2610	36986	34203
73923850	1	117	2.166E-24	1	30384	30842	704	117	0.424	1.498E-25	143	295	296	30384	30842	459	30369	30974
73959475	-1	145	8.068E-33	1	37268	38050	1124	145	0.340	2.718E-32	11	263	396	-38050	-37268	783	38242	36938
74180310	1	352	3.922E-95	1	22203	23504	522	352	0.449	1.577E-102	307	742	768	22203	23504	1302	22197	23513
74181524	1	247	1.591E-63	1	22203	23492	522	247	0.346	1.535E-66	314	751	768	22203	23492	1290	22197	23513
74344132	1	356	2.451E-96	1	22203	23504	522	356	0.454	5.055E-104	311	722	751	22203	23504	1302	22197	23513
74377969	1	276	2.964E-72	1	22206	23489	522	276	0.372	2.214E-76	332	772	786	22206	23489	1284	22197	23513
74398713	1	161	1.231E-37	1	22617	23363	522	161	0.351	1.721E-37	2	278	337	22617	23363	747	22197	23513
74433824	1	259	3.885E-67	1	22203	23510	522	259	0.354	1.401E-70	345	789	794	22203	23510	1308	22197	23513
74481758	1	256	3.108E-66	1	22203	23504	522	256	0.352	1.229E-69	313	755	767	22203	23504	1302	22197	23513
74579619	1	228	8.342E-58	1	22203	23489	522	228	0.321	4.312E-60	356	807	821	22203	23489	1287	22197	23513
74583507	1	263	2.428E-68	1	22203	23504	522	263	0.359	3.378E-72	40	482	494	22203	23504	1302	22197	23513
74631625	1	352	3.922E-95	1	22203	23504	522	352	0.448	1.577E-102	311	747	776	22203	23504	1302	22197	23513
74717554	1	354	9.806E-96	1	22203	23504	522	354	0.452	2.415E-103	311	744	773	22203	23504	1302	22197	23513
74720597	1	259	3.885E-67	1	22203	23510	522	259	0.354	1.401E-70	323	767	772	22203	23510	1308	22197	23513
74749988	1	242	5.092E-62	1	22203	23504	522	242	0.339	8.604E-65	314	755	768	22203	23504	1302	22197	23513
79352239	1	117	2.166E-24	1	4449	4859	106	117	0.459	4.578E-26	47	181	186	4449	4859	411	4374	4859
80432493	-1	74	1.905E-11	1	27779	28276	1310	74	0.291	1.200E-10	134	297	303	-28276	-27779	498	28420	27716
80487826	-1	112	6.930E-23	1	37247	37927	1124	112	0.311	1.795E-21	1	229	303	-37927	-37247	681	38242	36938
81301110	-1	68	1.219E-09	1	27779	28303	1310	68	0.257	1.113E-08	84	271	293	-28303	-27779	525	28420	27716
81835544	-1	301	8.832E-80	1	34686	36836	1166	301	0.288	1.019E-79	87	709	716	-36836	-34686	2151	36986	34203
82770542	-1	96	4.542E-18	1	37211	37945	1124	96	0.270	2.646E-16	235	470	479	-37945	-37211	735	38242	36938
82887549	1	243	2.546E-62	1	22203	23489	522	243	0.339	4.632E-65	174	618	630	22203	23489	1287	22197	23513
83275953	1	254	1.243E-65	1	22203	23507	522	254	0.350	4.250E-69	175	618	629	22203	23507	1305	22197	23513
83359609	1	132	6.609E-29	1	30423	30863	704	132	0.480	1.026E-30	2	148	161	30423	30863	441	30369	30974
84236354	1	258	7.769E-67	1	22203	23504	522	258	0.353	1.910E-70	334	778	790	22203	23504	1302	22197	23513
85369733	1	121	1.354E-25	1	30384	30974	704	121	0.363	6.573E-27	158	329	331	30384	30974	591	30369	30974
86404207	1	245	6.364E-63	1	22203	23489	522	245	0.343	5.301E-66	320	761	779	22203	23489	1287	22197	23513
86811971	1	258	7.769E-67	1	22203	23510	522	258	0.353	1.910E-70	338	782	787	22203	23510	1308	22197	23513
88014249	1	252	4.972E-65	1	22203	23486	522	252	0.355	3.725E-68	309	739	757	22203	23486	1284	22197	23513
88017615	1	237	1.629E-60	1	22203	23366	522	237	0.363	3.527E-63	309	700	757	22203	23366	1164	22197	23513
88051297	1	164	1.539E-38	1	30432	30941	704	164	0.508	1.281E-41	9	170	178	30432	30941	510	30369	30974
88064167	-1	231	1.043E-58	1	34788	35864	1166	231	0.377	4.679E-57	77	437	453	-35864	-34788	1077	36986	34203
88071099	1	243	2.546E-62	1	22203	23489	522	243	0.346	2.494E-65	307	738	758	22203	23489	1287	22197	23513
88089605	-1	103	3.548E-20	1	37274	37765	1124	103	0.367	1.457E-18	22	182	291	-37765	-37274	492	38242	36938
88162018	1	180	2.348E-43	2	4479	4988	106	152	0.601	2.251E-38	82	209	248	4479	4859	381	4374	4859
88162018	1	180	2.348E-43	2	4479	4988	110	39	0.697	2.185E-01	222	247	248	4911	4988	78	4863	4988
88176716	1	173	3.006E-41	1	30432	30974	704	173	0.507	4.948E-45	9	189	190	30432	30974	543	30369	30974
88214171	1	244	1.273E-62	1	22203	23486	522	244	0.347	9.849E-66	308	739	769	22203	23486	1284	22197	23513
88238119	-1	360	1.532E-97	2	34368	37855	1124	99	0.311	2.633E-17	163	360	1418	-37855	-37250	606	38242	36938
88238119	-1	360	1.532E-97	2	34368	37855	1166	349	0.284	2.891E-95	450	1265	1418	-36917	-34368	2550	36986	34203
88245626	-1	278	7.409E-73	1	34305	35837	1166	278	0.339	3.613E-72	15	514	543	-35837	-34305	1533	36986	34203
88249858	-1	283	2.315E-74	1	34239	35534	1166	283	0.384	1.067E-73	10	429	436	-35534	-34239	1296	36986	34203
88262465	-1	269	3.793E-70	1	34794	36923	1166	269	0.270	2.260E-69	251	928	937	-36923	-34794	2130	36986	34203
88267470	-1	77	2.381E-12	1	37295	37534	1124	77	0.497	2.364E-10	70	149	159	-37534	-37295	240	38242	36938
88337565	1	111	1.386E-22	1	4530	4847	106	111	0.534	5.117E-24	3	109	153	4530	4847	318	4374	4859
88357345	-1	353	1.961E-95	1	34284	36920	1166	353	0.280	1.059E-96	1	873	886	-36920	-34284	2637	36986	34203
88357406	-1	352	3.922E-95	1	34284	36920	1166	352	0.280	2.611E-96	1	873	886	-36920	-34284	2637	36986	34203
88357665	-1	291	9.044E-77	1	34302	35555	1166	291	0.402	1.644E-76	1	403	438	-35555	-34302	1254	36986	34203
88357891	-1	289	3.618E-76	1	34239	35834	1166	289	0.338	9.636E-76	61	579	580	-35834	-34239	1596	36986	34203
88358026	-1	326	2.632E-87	1	34377	36173	1166	326	0.339	7.494E-88	0	592	599	-36173	-34377	1797	36986	34203
88358872	-1	231	1.043E-58	1	34932	36386	1166	231	0.310	3.513E-57	20	503	509	-36386	-34932	1455	36986	34203
88360921	-1	323	2.106E-86	1	34827	36923	1166	323	0.303	1.099E-86	15	719	721	-36923	-34827	2097	36986	34203
88363966	1	186	3.669E-45	2	4431	4988	106	151	0.547	4.228E-38	135	275	319	4431	4859	429	4374	4859
88363966	1	186	3.669E-45	2	4431	4988	110	38	0.528	5.727E-01	280	313	319	4884	4988	105	4863	4988
88364207	1	187	1.834E-45	2	4431	4988	106	152	0.549	3.085E-38	45	185	224	4431	4859	429	4374	4859
88364207	1	187	1.834E-45	2	4431	4988	110	38	0.528	5.727E-01	190	223	224	4884	4988	105	4863	4988
88364265	1	126	4.230E-27	1	4464	4859	106	126	0.501	3.294E-29	97	228	262	4464	4859	396	4374	4859
88364906	1	187	1.834E-45	2	4431	4988	106	152	0.549	3.085E-38	77	217	256	4431	4859	429	4374	4859
88364906	1	187	1.834E-45	2	4431	4988	110	38	0.528	5.727E-01	222	255	256	4884	4988	105	4863	4988
88364984	1	135	8.261E-30	1	30558	30944	704	135	0.542	8.361E-32	17	145	157	30558	30944	387	30369	30974
88365743	1	153	3.152E-35	1	4431	4859	106	153	0.552	1.198E-38	103	243	280	4431	4859	429	4374	4859
88366086	1	150	2.521E-34	1	30519	30944	704	150	0.546	7.614E-37	21	162	174	30519	30944	426	30369	30974
88371564	-1	247	1.591E-63	1	34794	35636	1166	247	0.477	2.635E-62	51	331	340	-35636	-34794	843	36986	34203
88373086	-1	319	3.369E-85	1	34239	35798	1166	319	0.368	1.605E-85	2	516	524	-35798	-34239	1560	36986	34203
88477097	-1	85	9.302E-15	1	37304	37612	1124	85	0.446	4.555E-13	0	101	124	-37612	-37304	309	38242	36938
88507316	1	129	5.287E-28	1	30384	30917	704	129	0.409	9.190E-30	21	198	199	30384	30917	534	30369	30974
88509389	1	188	9.172E-46	2	4479	4976	106	154	0.609	3.397E-39	72	199	239	4479	4859	381	4374	4859
88509389	1	188	9.172E-46	2	4479	4976	110	40	0.693	8.338E-02	207	233	239	4896	4976	81	4863	4988
88509432	1	171	1.202E-40	1	30378	30962	704	171	0.473	4.470E-44	59	253	269	30378	30962	585	30369	30974
88791206	1	265	6.070E-69	1	22203	23489	522	265	0.364	7.150E-73	125	562	576	22203	23489	1287	22197	23513
88868176	1	261	9.711E-68	1	22203	23510	522	261	0.355	2.968E-71	323	768	773	22203	23510	1308	22197	23513
88886019	1	260	1.942E-67	1	22203	23510	522	260	0.355	5.521E-71	323	767	772	22203	23510	1308	22197	23513
88997098	1	89	5.813E-16	1	19961	20233	450	89	0.505	1.834E-16	44	132	138	19961	20233	273	19799	20269
89169913	1	254	1.243E-65	1	22203	23510	522	254	0.349	4.250E-69	323	769	774	22203	23510	1308	22197	23513
89178308	1	108	1.109E-21	1	19934	20269	450	108	0.504	3.802E-23	41	149	156	19934	20269	336	19799	20269
89196961	1	264	1.214E-68	1	22203	23510	522	264	0.359	1.815E-72	322	766	771	22203	23510	1308	22197	23513
89253995	1	541	4.999E-152	2	20247	23504	462	241	0.615	1.979E-67	114	311	765	20247	20843	597	20091	20855
89253995	1	541	4.999E-152	2	20247	23504	522	300	0.400	1.252E-84	311	731	765	22203	23504	1302	22197	23513
93666398	-1	330	1.645E-88	1	34737	36824	1166	330	0.310	3.781E-89	6	667	669	-36824	-34737	2088	36986	34203
93894226	1	120	2.707E-25	1	4449	4859	106	120	0.469	3.696E-27	4	138	174	4449	4859	411	4374	4859
94121210	-1	76	4.762E-12	1	27800	28267	1310	76	0.306	4.833E-11	70	219	223	-28267	-27800	468	28420	27716
94139091	1	252	4.972E-65	1	22203	23489	522	252	0.348	2.004E-68	290	734	749	22203	23489	1287	22197	23513
94328743	1	246	3.182E-63	1	22203	23504	522	246	0.340	3.889E-66	320	767	779	22203	23504	1302	22197	23513
94441235	1	129	5.287E-28	1	4479	4811	106	129	0.584	2.655E-30	14	125	127	4479	4811	333	4374	4859
95083750	-1	81	1.488E-13	1	27800	28276	1310	81	0.317	6.844E-13	52	209	213	-28276	-27800	477	28420	27716
95688623	-1	69	6.096E-10	1	27800	28396	1310	69	0.250	6.093E-09	154	331	354	-28396	-27800	597	28420	27716
97304660	-1	69	6.096E-10	1	27875	28276	1310	69	0.317	8.235E-09	26	155	178	-28276	-27875	402	28420	27716
97473850	1	119	5.414E-25	1	30384	30974	704	119	0.359	2.296E-26	158	329	331	30384	30974	591	30369	30974
98000880	1	259	3.885E-67	1	22203	23504	522	259	0.356	7.530E-71	319	761	773	22203	23504	1302	22197	23513
99456428	1	198	8.957E-49	1	30384	30974	704	198	0.527	2.290E-53	174	370	371	30384	30974	591	30369	30974
99681025	1	160	2.462E-37	1	30396	30974	704	160	0.454	1.582E-40	67	234	235	30396	30974	579	30369	30974
100536904	-1	83	3.721E-14	1	27788	28408	1310	83	0.274	1.489E-13	162	365	372	-28408	-27788	621	28420	27716
100637227	-1	72	7.620E-11	1	27800	28276	1310	72	0.294	5.449E-10	72	225	230	-28276	-27800	477	28420	27716
102605755	-1	239	4.073E-61	1	34650	35636	1166	239	0.413	1.500E-59	50	374	376	-35636	-34650	987	36986	34203
102610715	1	246	3.182E-63	1	22203	23363	522	246	0.374	2.093E-66	308	698	756	22203	23363	1161	22197	23513
102628023	-1	72	7.620E-11	1	37295	37945	1124	72	0.243	9.328E-09	169	386	401	-37945	-37295	651	38242	36938
102661299	-1	278	7.409E-73	1	34524	35612	1166	278	0.431	3.613E-72	2	362	365	-35612	-34524	1089	36986	34203
102697146	-1	318	6.739E-85	1	34263	35846	1166	318	0.363	3.922E-85	438	961	983	-35846	-34263	1584	36986	34203
102725570	1	237	1.629E-60	1	22203	23486	522	237	0.331	3.527E-63	306	754	772	22203	23486	1284	22197	23513
102746291	-1	87	2.325E-15	1	37154	37906	1124	87	0.252	1.454E-13	120	361	424	-37906	-37154	753	38242	36938
102756509	1	242	5.092E-62	1	22203	23396	522	242	0.363	8.604E-65	308	707	755	22203	23396	1194	22197	23513
102762880	-1	284	1.158E-74	1	34281	35636	1166	284	0.373	5.929E-74	104	545	566	-35636	-34281	1356	36986	34203
102784605	-1	215	6.834E-54	1	34860	35735	1166	215	0.417	3.198E-52	35	325	327	-35735	-34860	876	36986	34203
102790461	-1	265	6.070E-69	1	34401	35567	1166	265	0.396	4.183E-68	0	378	579	-35567	-34401	1167	36986	34203
102809236	-1	97	2.271E-18	1	37226	37819	1124	97	0.299	8.354E-17	19	229	249	-37819	-37226	594	38242	36938
102840917	-1	87	2.325E-15	1	37205	37843	1124	87	0.278	1.093E-13	118	310	358	-37843	-37205	639	38242	36938
102896306	-1	388	5.708E-106	1	34302	36755	1166	388	0.311	2.248E-108	332	1091	1126	-36755	-34302	2454	36986	34203
102896786	-1	310	1.725E-82	1	34305	36320	1166	310	0.305	1.499E-82	181	840	865	-36320	-34305	2016	36986	34203
102898789	-1	375	4.676E-102	1	34389	36833	1166	375	0.303	4.905E-104	585	1406	1445	-36833	-34389	2445	36986	34203
102900080	-1	388	5.708E-106	1	34344	36635	1166	388	0.324	3.044E-108	25	780	822	-36635	-34344	2292	36986	34203
102900214	-1	415	4.253E-114	1	34338	36866	1166	415	0.318	3.228E-117	340	1131	1144	-36866	-34338	2529	36986	34203
102900927	-1	430	1.298E-118	1	34311	36863	1166	430	0.324	1.625E-122	156	997	1028	-36863	-34311	2553	36986	34203
102901020	-1	275	5.927E-72	1	34791	36158	1166	275	0.362	3.766E-71	15	472	490	-36158	-34791	1368	36986	34203
102902473	-1	292	4.522E-77	1	34326	35750	1166	292	0.368	9.115E-77	44	510	517	-35750	-34326	1425	36986	34203
102904095	1	98	1.135E-18	1	30525	30827	704	98	0.504	3.477E-19	7	108	109	30525	30827	303	30369	30974
102904889	1	134	1.652E-29	1	30525	30968	704	134	0.482	2.929E-31	42	189	192	30525	30968	444	30369	30974
102905002	1	117	2.166E-24	1	30588	30944	704	117	0.514	1.498E-25	0	118	130	30588	30944	357	30369	30974
102905545	1	107	2.218E-21	1	30381	30713	704	107	0.504	5.021E-22	51	154	155	30381	30713	333	30369	30974
102905856	-1	49	6.392E-04	1	30527	30691	1254	49	0.457	2.132E-04	22	77	78	-30691	-30527	165	30691	30482
102906378	1	122	6.768E-26	1	4482	4811	106	122	0.566	5.596E-28	9	118	160	4482	4811	330	4374	4859
102948067	-1	324	1.053E-86	1	34299	35891	1166	324	0.366	4.490E-87	4	526	531	-35891	-34299	1593	36986	34203
102950525	1	120	2.707E-25	1	4482	4859	106	120	0.496	2.698E-27	17	144	184	4482	4859	378	4374	4859
102963130	1	123	3.384E-26	1	4479	4859	106	123	0.503	2.177E-28	72	200	236	4479	4859	381	4374	4859
102992943	-1	293	2.261E-77	1	34254	35870	1166	293	0.339	3.762E-77	139	664	667	-35870	-34254	1617	36986	34203
102999183	-1	420	1.329E-115	1	34377	36920	1166	420	0.317	6.145E-119	0	855	886	-36920	-34377	2544	36986	34203
103006594	-1	310	1.725E-82	1	34377	35591	1166	310	0.430	2.018E-82	12	413	425	-35591	-34377	1215	36986	34203
103030450	1	266	3.035E-69	1	22203	23486	522	266	0.369	5.241E-73	308	738	756	22203	23486	1284	22197	23513
103030613	-1	441	6.337E-122	1	34239	36860	1166	441	0.323	5.758E-126	366	1231	1240	-36860	-34239	2622	36986	34203
103055674	-1	74	1.905E-11	1	27779	28276	1310	74	0.291	1.200E-10	122	286	306	-28276	-27779	498	28420	27716
103328080	1	254	1.243E-65	1	22203	23504	522	254	0.350	4.250E-69	315	758	770	22203	23504	1302	22197	23513
103393220	1	258	7.769E-67	1	22203	23504	522	258	0.354	2.606E-70	320	762	774	22203	23504	1302	22197	23513
103466454	1	258	7.769E-67	1	22203	23510	522	258	0.353	1.910E-70	324	768	773	22203	23510	1308	22197	23513
103547714	1	266	3.035E-69	1	22203	23504	522	266	0.363	3.842E-73	316	757	769	22203	23504	1302	22197	23513
103589193	1	285	5.788E-75	1	22203	23492	522	285	0.384	1.729E-79	331	766	775	22203	23492	1290	22197	23513
103589584	1	255	6.215E-66	1	22203	23510	522	255	0.350	3.117E-69	323	767	772	22203	23510	1308	22197	23513
103648340	1	340	1.607E-91	1	22203	23504	522	340	0.438	1.867E-98	312	746	777	22203	23504	1302	22197	23513
103735881	1	258	7.769E-67	1	22203	23489	522	258	0.357	1.910E-70	321	759	769	22203	23489	1287	22197	23513
103796625	1	538	3.999E-151	2	20325	23504	462	237	0.678	3.347E-66	55	228	683	20325	20843	519	20091	20855
103796625	1	538	3.999E-151	2	20325	23504	522	301	0.401	3.600E-85	228	648	683	22203	23504	1302	22197	23513
103823497	1	260	1.942E-67	1	22203	23504	522	260	0.356	4.048E-71	318	760	772	22203	23504	1302	22197	23513
103824754	1	265	6.070E-69	1	22203	23504	522	265	0.361	1.331E-72	319	761	773	22203	23504	1302	22197	23513
103825144	1	214	1.367E-53	1	22203	23363	522	214	0.341	2.101E-55	266	643	702	22203	23363	1161	22197	23513
109010415	-1	82	7.441E-14	1	27800	28408	1310	82	0.275	2.741E-13	162	361	372	-28408	-27800	609	28420	27716
112014539	1	314	1.078E-83	2	19916	23510	450	145	0.605	5.294E-36	21	141	563	19916	20269	354	19799	20269
112014539	1	314	1.078E-83	2	19916	23510	522	308	0.572	1.796E-87	282	560	563	22701	23510	810	22197	23513
114028527	1	254	1.243E-65	1	22203	23504	522	254	0.350	5.796E-69	315	757	769	22203	23504	1302	22197	23513
117112930	1	247	1.591E-63	1	22203	23486	522	247	0.350	1.535E-66	308	738	756	22203	23486	1284	22197	23513
117124572	1	223	2.669E-56	1	22203	23486	522	223	0.326	2.384E-58	323	754	773	22203	23486	1284	22197	23513
117124791	-1	280	1.852E-73	1	34281	35636	1166	280	0.370	6.215E-73	104	545	566	-35636	-34281	1356	36986	34203
117130250	-1	331	8.226E-89	1	34932	36914	1166	331	0.319	2.080E-89	11	678	695	-36914	-34932	1983	36986	34203
117156035	1	240	2.037E-61	1	22203	23489	522	240	0.342	4.044E-64	308	740	769	22203	23489	1287	22197	23513
117156745	1	258	7.769E-67	1	22203	23486	522	258	0.361	2.606E-70	308	738	756	22203	23486	1284	22197	23513
117174472	-1	99	5.677E-19	1	37283	37792	1124	99	0.348	2.633E-17	24	190	339	-37792	-37283	510	38242	36938
117207881	1	184	1.468E-44	2	4431	4976	106	143	0.522	4.333E-35	69	209	249	4431	4859	429	4374	4859
117207881	1	184	1.468E-44	2	4431	4976	110	41	0.562	6.049E-02	209	243	249	4878	4976	99	4863	4988
117243021	1	113	3.465E-23	1	4572	4859	106	113	0.590	5.666E-25	0	96	137	4572	4859	288	4374	4859
117243859	1	156	3.939E-36	2	4467	4988	106	129	0.512	2.655E-30	65	196	234	4467	4859	393	4374	4859
117243859	1	156	3.939E-36	2	4467	4988	110	36	0.630	2.073E+00	207	233	234	4908	4988	81	4863	4988
117298689	1	185	7.338E-45	1	22650	23396	522	185	0.406	1.518E-45	8	267	315	22650	23396	747	22197	23513
117306483	-1	68	1.219E-09	1	27800	28276	1310	68	0.283	1.113E-08	0	153	172	-28276	-27800	477	28420	27716
117320637	-1	95	9.084E-18	1	37250	37831	1124	95	0.311	3.529E-16	108	294	353	-37831	-37250	582	38242	36938
117327253	-1	292	4.522E-77	1	34776	36578	1166	292	0.315	9.115E-77	15	608	610	-36578	-34776	1803	36986	34203
117329328	-1	212	5.467E-53	1	34974	35810	1166	212	0.426	4.123E-51	20	298	302	-35810	-34974	837	36986	34203
117332346	-1	101	1.419E-19	1	37256	37945	1124	101	0.290	6.203E-18	110	339	456	-37945	-37256	690	38242	36938
117340649	-1	57	2.497E-06	1	27920	28420	1310	57	0.243	4.776E-05	49	220	285	-28420	-27920	501	28420	27716
117345646	-1	394	8.918E-108	1	34281	36914	1166	394	0.300	3.218E-110	407	1282	1296	-36914	-34281	2634	36986	34203
117438855	-1	316	2.695E-84	1	34284	36074	1166	316	0.333	1.737E-84	1	591	604	-36074	-34284	1791	36986	34203
117438949	-1	436	2.028E-120	1	34338	36866	1166	436	0.329	2.257E-124	516	1317	1357	-36866	-34338	2529	36986	34203
117439067	-1	202	5.598E-50	1	35013	35837	1166	202	0.416	3.690E-48	29	302	349	-35837	-35013	825	36986	34203
117439448	-1	209	4.374E-52	1	34800	35507	1166	209	0.478	3.987E-50	0	235	245	-35507	-34800	708	36986	34203
117440527	-1	332	4.113E-89	1	34464	36557	1166	332	0.311	6.289E-90	17	705	730	-36557	-34464	2094	36986	34203
117440780	-1	398	5.574E-109	1	34284	36830	1166	398	0.308	1.141E-111	606	1453	1466	-36830	-34284	2547	36986	34203
117440921	-1	225	6.674E-57	1	34707	35636	1166	225	0.413	2.571E-55	20	327	331	-35636	-34707	930	36986	34203
117440969	-1	245	6.364E-63	1	34782	35708	1166	245	0.441	1.491E-61	5	308	339	-35708	-34782	927	36986	34203
117443007	-1	252	4.972E-65	1	34641	36479	1166	252	0.283	1.093E-63	1	610	614	-36479	-34641	1839	36986	34203
117443866	-1	346	2.510E-93	1	34338	36866	1166	346	0.284	3.194E-94	516	1169	1209	-36866	-34338	2529	36986	34203
117446021	1	115	8.663E-24	1	30588	30959	704	115	0.489	9.769E-25	0	123	126	30588	30959	372	30369	30974
117446762	1	187	1.834E-45	2	4431	4988	106	152	0.549	3.085E-38	126	266	305	4431	4859	429	4374	4859
117446762	1	187	1.834E-45	2	4431	4988	110	38	0.528	5.727E-01	271	304	305	4884	4988	105	4863	4988
117447661	1	94	1.817E-17	1	30588	30917	704	94	0.460	7.781E-18	0	109	123	30588	30917	330	30369	30974
117448695	1	151	1.261E-34	1	4479	4859	106	151	0.599	4.228E-38	56	183	222	4479	4859	381	4374	4859
117449067	1	173	3.006E-41	2	4431	4988	106	139	0.512	5.387E-34	69	207	246	4431	4859	429	4374	4859
117449067	1	173	3.006E-41	2	4431	4988	110	37	0.513	1.503E+00	212	245	246	4884	4988	105	4863	4988
117489449	-1	267	1.517E-69	1	34560	35810	1166	267	0.378	1.303E-68	0	413	434	-35810	-34560	1251	36986	34203
117539563	-1	421	6.645E-116	1	34377	36920	1166	421	0.318	2.462E-119	0	855	886	-36920	-34377	2544	36986	34203
117547548	-1	81	1.488E-13	1	37268	37675	1124	81	0.346	1.043E-11	7	145	251	-37675	-37268	408	38242	36938
117568832	1	110	2.772E-22	1	4467	4793	106	110	0.523	9.594E-24	48	156	165	4467	4793	327	4374	4859
117590062	1	119	5.414E-25	1	30384	30974	704	119	0.359	2.296E-26	65	258	270	30384	30974	591	30369	30974
117622299	-1	427	1.038E-117	1	34377	36923	1166	427	0.321	2.535E-121	6	860	883	-36923	-34377	2547	36986	34203
117806900	1	237	1.629E-60	1	22335	23504	522	237	0.356	3.527E-63	0	403	415	22335	23504	1170	22197	23513
117816975	1	253	2.486E-65	1	22203	23489	522	253	0.350	1.469E-68	316	756	774	22203	23489	1287	22197	23513
117884213	1	252	4.972E-65	1	22203	23489	522	252	0.351	2.004E-68	321	759	769	22203	23489	1287	22197	23513
118057697	1	258	7.769E-67	1	22203	23510	522	258	0.353	1.910E-70	338	782	787	22203	23510	1308	22197	23513
118073912	1	258	7.769E-67	1	22203	23504	522	258	0.345	1.910E-70	63	523	535	22203	23504	1302	22197	23513
118191937	1	251	9.944E-65	1	22203	23510	522	251	0.347	5.079E-68	323	767	772	22203	23510	1308	22197	23513
118239237	1	262	4.856E-68	1	22203	23504	522	262	0.358	1.169E-71	21	463	475	22203	23504	1302	22197	23513
118246785	1	334	1.028E-89	1	22203	23504	522	334	0.430	2.770E-96	311	747	776	22203	23504	1302	22197	23513
118259868	1	300	1.766E-79	1	22203	23477	522	300	0.383	9.170E-85	189	650	734	22203	23477	1275	22197	23513
118372845	1	262	4.856E-68	1	22203	23504	522	262	0.358	1.169E-71	318	760	772	22203	23504	1302	22197	23513
118381505	1	227	1.668E-57	1	22203	23213	522	227	0.392	7.996E-60	174	496	532	22203	23213	1011	22197	23513
122607814	1	189	4.586E-46	1	20349	20843	462	189	0.585	1.938E-49	50	214	287	20349	20843	495	20091	20855
123603878	-1	72	7.620E-11	1	27923	28282	1310	72	0.353	5.449E-10	33	148	193	-28282	-27923	360	28420	27716
125381873	1	259	3.885E-67	1	22203	23492	522	259	0.358	1.027E-70	177	614	623	22203	23492	1290	22197	23513
127795347	1	172	6.011E-41	1	30384	30974	704	172	0.470	1.740E-44	185	382	383	30384	30974	591	30369	30974
129228274	1	209	4.374E-52	1	30393	30974	704	209	0.555	3.402E-57	166	360	361	30393	30974	582	30369	30974
129477979	1	252	4.972E-65	1	22203	23489	522	252	0.350	3.725E-68	321	759	769	22203	23489	1287	22197	23513
129788143	1	379	2.922E-103	1	30381	30974	704	379	0.912	1.781E-116	144	341	342	30381	30974	594	30369	30974
129940574	-1	72	7.620E-11	1	27785	28267	1310	72	0.275	5.449E-10	105	282	301	-28267	-27785	483	28420	27716
130808930	1	216	3.417E-54	1	30384	30971	704	216	0.570	6.259E-60	174	369	371	30384	30971	588	30369	30974
131679397	1	246	3.182E-63	1	22203	23486	522	246	0.349	3.889E-66	304	734	752	22203	23486	1284	22197	23513
131689301	-1	381	7.306E-104	1	34272	36788	1166	381	0.301	5.247E-106	11	855	857	-36788	-34272	2517	36986	34203
131696429	1	248	7.956E-64	1	22203	23363	522	248	0.375	8.263E-67	308	698	756	22203	23363	1161	22197	23513
131729628	-1	69	6.096E-10	1	37067	37516	1124	69	0.296	5.066E-08	17	157	187	-37516	-37067	450	38242	36938
131796104	-1	98	1.135E-18	1	37109	38008	1124	98	0.245	3.515E-17	55	347	458	-38008	-37109	900	38242	36938
131810588	1	250	1.989E-64	1	22203	23486	522	250	0.354	9.440E-68	308	738	756	22203	23486	1284	22197	23513
131812022	1	237	1.629E-60	1	22203	23396	522	237	0.358	3.527E-63	308	707	755	22203	23396	1194	22197	23513
131846074	1	242	5.092E-62	1	22203	23366	522	242	0.369	6.313E-65	309	700	757	22203	23366	1164	22197	23513
131846787	1	148	1.008E-33	1	4452	4823	106	148	0.602	7.209E-37	95	215	221	4452	4823	372	4374	4859
131853799	-1	415	4.253E-114	1	34377	36833	1166	415	0.324	3.228E-117	33	849	895	-36833	-34377	2457	36986	34203
131863333	-1	102	7.097E-20	1	37274	37930	1124	102	0.301	2.602E-18	72	287	433	-37930	-37274	657	38242	36938
131868584	-1	381	7.306E-104	1	34239	36920	1166	381	0.290	7.102E-106	8	895	902	-36920	-34239	2682	36986	34203
131892920	-1	92	7.267E-17	1	37115	37945	1124	92	0.243	3.518E-15	182	466	513	-37945	-37115	831	38242	36938
131953126	-1	94	1.817E-17	1	37277	38056	1124	94	0.258	1.115E-15	59	316	414	-38056	-37277	780	38242	36938
131962935	1	115	8.663E-24	1	4530	4847	106	115	0.549	2.206E-25	3	109	153	4530	4847	318	4374	4859
131966749	-1	105	8.871E-21	1	37280	37969	1124	105	0.297	3.413E-19	3	229	358	-37969	-37280	690	38242	36938
131967575	1	177	1.878E-42	1	30381	30944	704	177	0.501	2.132E-46	16	202	213	30381	30944	564	30369	30974
131979380	-1	290	1.809E-76	1	34287	35705	1166	290	0.368	3.981E-76	51	516	530	-35705	-34287	1419	36986	34203
131979523	-1	332	4.113E-89	1	34311	36578	1166	332	0.296	8.481E-90	34	780	826	-36578	-34311	2268	36986	34203
131981663	-1	397	1.115E-108	1	34284	36830	1166	397	0.308	2.094E-111	379	1226	1239	-36830	-34284	2547	36986	34203
131981715	-1	323	2.106E-86	1	34338	36158	1166	323	0.334	1.099E-86	15	615	655	-36158	-34338	1821	36986	34203
131983013	-1	322	4.212E-86	1	34527	36770	1166	322	0.290	1.994E-86	49	803	828	-36770	-34527	2244	36986	34203
131984341	-1	332	4.113E-89	1	34344	36173	1166	332	0.339	1.144E-89	0	603	645	-36173	-34344	1830	36986	34203
131984404	-1	392	3.567E-107	1	34284	36920	1166	392	0.299	7.997E-110	326	1201	1214	-36920	-34284	2637	36986	34203
131985044	-1	258	7.769E-67	1	34284	35636	1166	258	0.350	7.886E-66	20	462	475	-35636	-34284	1353	36986	34203
131985326	-1	250	1.989E-64	1	34524	35531	1166	250	0.421	4.649E-63	4	336	342	-35531	-34524	1008	36986	34203
131985485	-1	229	4.171E-58	1	34707	35507	1166	229	0.467	1.960E-56	1	263	268	-35507	-34707	801	36986	34203
131987384	1	201	1.120E-49	1	30384	30944	704	201	0.558	9.836E-55	35	221	233	30384	30944	561	30369	30974
131988435	1	111	1.386E-22	1	4533	4823	106	111	0.581	2.729E-24	79	175	178	4533	4823	291	4374	4859
131990809	1	182	5.870E-44	2	4479	4988	106	158	0.622	1.452E-40	67	194	233	4479	4859	381	4374	4859
131990809	1	182	5.870E-44	2	4479	4988	110	34	0.591	1.431E+01	206	232	233	4908	4988	81	4863	4988
132029740	1	126	4.230E-27	1	4479	4823	106	126	0.559	1.755E-29	68	183	194	4479	4823	345	4374	4859
132090055	-1	92	7.267E-17	1	37109	37795	1124	92	0.274	4.687E-15	153	378	432	-37795	-37109	687	38242	36938
132093072	-1	284	1.158E-74	1	34296	35507	1166	284	0.405	4.419E-74	0	401	429	-35507	-34296	1212	36986	34203
132132011	1	145	8.068E-33	1	30420	30914	704	145	0.474	2.404E-35	1	165	166	30420	30914	495	30369	30974
132132178	1	143	3.227E-32	1	30384	30908	704	143	0.448	1.580E-34	154	328	337	30384	30908	525	30369	30974
132435977	1	242	5.092E-62	1	22203	23492	522	242	0.342	8.604E-65	322	757	773	22203	23492	1290	22197	23513
132629082	1	250	1.989E-64	1	22203	23489	522	250	0.347	1.755E-67	319	759	776	22203	23489	1287	22197	23513
132674538	1	253	2.486E-65	1	22203	23510	522	253	0.349	1.078E-68	323	767	772	22203	23510	1308	22197	23513
132680671	1	265	6.070E-69	1	22203	23504	522	265	0.361	1.331E-72	319	761	773	22203	23504	1302	22197	23513
132853366	1	242	5.092E-62	1	22203	23489	522	242	0.338	6.313E-65	321	765	777	22203	23489	1287	22197	23513
132885174	1	544	6.249E-153	2	20307	23504	462	240	0.665	5.080E-67	65	244	927	20307	20843	537	20091	20855
132885174	1	544	6.249E-153	2	20307	23504	522	304	0.403	5.546E-86	244	664	927	22203	23504	1302	22197	23513
138173051	1	251	9.944E-65	1	22203	23489	522	251	0.352	5.079E-68	313	747	765	22203	23489	1287	22197	23513
138302736	1	250	1.989E-64	1	22203	23492	522	250	0.350	1.287E-67	320	756	772	22203	23492	1290	22197	23513
139169410	1	293	2.261E-77	1	30411	30974	704	293	0.762	1.282E-86	78	265	266	30411	30974	564	30369	30974
140130830	-1	103	3.548E-20	1	37121	37930	1124	103	0.267	1.457E-18	191	459	509	-37930	-37121	810	38242	36938
140484988	1	126	4.230E-27	1	4479	4796	106	126	0.593	3.294E-29	19	125	126	4479	4796	318	4374	4859
143958044	-1	76	4.762E-12	1	27800	28261	1310	76	0.311	2.634E-11	137	285	291	-28261	-27800	462	28420	27716
144190515	1	263	2.428E-68	1	22203	23504	522	263	0.359	4.608E-72	321	763	775	22203	23504	1302	22197	23513
144832656	-1	66	4.877E-09	1	27800	28276	1310	66	0.263	9.115E-08	98	270	282	-28276	-27800	477	28420	27716
146194683	1	91	1.453E-16	1	30498	30956	704	91	0.352	1.271E-16	109	259	262	30498	30956	459	30369	30974
146195592	1	246	3.182E-63	1	22203	23396	522	246	0.368	2.853E-66	308	707	755	22203	23396	1194	22197	23513
146206656	1	177	1.878E-42	2	4479	4988	106	132	0.542	2.139E-31	71	196	238	4479	4850	372	4374	4859
146206656	1	177	1.878E-42	2	4479	4988	110	46	0.567	1.292E-03	199	237	238	4878	4988	111	4863	4988
146237126	1	258	7.769E-67	1	22203	23486	522	258	0.360	3.554E-70	308	738	756	22203	23486	1284	22197	23513
146265567	-1	64	1.951E-08	1	37292	37492	1124	64	0.481	1.965E-06	61	129	134	-37492	-37292	201	38242	36938
146284032	-1	286	2.894E-75	1	34311	35639	1166	286	0.381	7.567E-75	90	519	605	-35639	-34311	1329	36986	34203
146288320	-1	265	6.070E-69	1	34464	35636	1166	265	0.393	7.493E-68	3	389	396	-35636	-34464	1173	36986	34203
146291214	-1	285	5.788E-75	1	34287	35567	1166	285	0.390	1.829E-74	0	418	437	-35567	-34287	1281	36986	34203
146303783	-1	317	1.348E-84	1	34800	36827	1166	317	0.307	9.579E-85	0	676	704	-36827	-34800	2028	36986	34203
146303999	-1	353	1.961E-95	1	34659	36923	1166	353	0.308	7.840E-97	5	754	782	-36923	-34659	2265	36986	34203
146315750	1	925	1.269E-267	2	20253	23510	462	330	0.811	2.598E-98	129	323	757	20253	20843	591	20091	20855
146315750	1	925	1.269E-267	2	20253	23510	522	595	0.683	2.313E-186	323	755	757	22203	23510	1308	22197	23513
146318009	-1	66	4.877E-09	1	37304	37492	1124	66	0.533	3.637E-07	2	64	126	-37492	-37304	189	38242	36938
146318389	-1	343	2.008E-92	1	34248	35990	1166	343	0.358	2.609E-93	67	625	639	-35990	-34248	1743	36986	34203
146322572	-1	429	2.596E-118	1	34290	36833	1166	429	0.324	5.511E-122	31	871	898	-36833	-34290	2544	36986	34203
146327329	1	107	2.218E-21	1	4479	4754	106	107	0.585	1.185E-22	82	173	175	4479	4754	276	4374	4859
146343143	1	192	5.733E-47	1	30432	30974	704	192	0.551	1.877E-51	9	189	190	30432	30974	543	30369	30974
146350058	-1	89	5.813E-16	1	37298	37930	1124	89	0.282	3.482E-14	27	236	332	-37930	-37298	633	38242	36938
146410668	-1	286	2.894E-75	1	34446	36134	1166	286	0.324	7.567E-75	129	689	768	-36134	-34446	1689	36986	34203
146413403	-1	274	1.185E-71	1	34647	36602	1166	274	0.287	9.064E-71	45	650	684	-36602	-34647	1956	36986	34203
146422688	-1	93	3.633E-17	1	37304	37987	1124	93	0.270	1.981E-15	52	289	369	-37987	-37304	684	38242	36938
146458782	-1	66	4.877E-09	1	37298	37486	1124	66	0.533	3.637E-07	20	82	120	-37486	-37298	189	38242	36938
146492341	1	729	1.274E-208	2	20247	23477	462	250	0.635	1.048E-70	114	310	769	20247	20843	597	20091	20855
146492341	1	729	1.274E-208	2	20247	23477	522	479	0.577	3.134E-146	310	739	769	22203	23477	1275	22197	23513
146495583	-1	100	2.839E-19	1	37304	37930	1124	100	0.306	1.106E-17	87	295	406	-37930	-37304	627	38242	36938
146502899	1	115	8.663E-24	1	4530	4847	106	115	0.553	1.176E-25	3	109	153	4530	4847	318	4374	4859
146521048	-1	308	6.900E-82	1	34272	35843	1166	308	0.357	6.614E-82	5	528	530	-35843	-34272	1572	36986	34203
146522524	-1	335	5.141E-90	1	34332	36578	1166	335	0.299	7.744E-91	4	737	738	-36578	-34332	2247	36986	34203
146522867	-1	361	7.661E-98	1	34284	36836	1166	361	0.290	2.570E-99	92	938	951	-36836	-34284	2553	36986	34203
146523804	-1	278	7.409E-73	1	34284	35531	1166	278	0.391	2.695E-72	4	410	423	-35531	-34284	1248	36986	34203
146525589	-1	213	2.733E-53	1	34788	35567	1166	213	0.451	1.759E-51	0	259	275	-35567	-34788	780	36986	34203
146525723	-1	322	4.212E-86	1	34797	36536	1166	322	0.344	1.480E-86	10	587	588	-36536	-34797	1740	36986	34203
146527181	-1	217	1.708E-54	1	34788	35531	1166	217	0.474	1.025E-52	4	251	274	-35531	-34788	744	36986	34203
146527366	-1	259	3.885E-67	1	34344	35450	1166	259	0.404	3.297E-66	3	363	405	-35450	-34344	1107	36986	34203
146527801	-1	416	2.126E-114	1	34524	36860	1166	416	0.335	1.294E-117	122	898	899	-36860	-34524	2337	36986	34203
146528842	1	136	4.131E-30	1	30543	30944	704	136	0.529	3.265E-32	4	137	149	30543	30944	402	30369	30974
146529938	1	125	8.460E-27	1	4476	4787	106	125	0.606	4.513E-29	59	162	165	4476	4787	312	4374	4859
146530015	1	98	1.135E-18	1	4572	4820	106	98	0.592	1.185E-19	0	82	83	4572	4820	249	4374	4859
146530362	1	153	3.152E-35	2	4545	4988	106	118	0.566	1.782E-26	2	107	146	4545	4859	315	4374	4859
146530362	1	153	3.152E-35	2	4545	4988	110	38	0.528	5.727E-01	112	145	146	4884	4988	105	4863	4988
146530431	1	135	8.261E-30	2	4620	4988	106	102	0.623	7.031E-21	5	85	124	4620	4859	240	4374	4859
146530431	1	135	8.261E-30	2	4620	4988	110	36	0.508	2.073E+00	90	123	124	4884	4988	105	4863	4988
146530514	1	139	5.163E-31	1	30516	30944	704	139	0.501	2.658E-33	11	157	171	30516	30944	429	30369	30974
146531316	1	94	1.817E-17	1	30612	30974	704	94	0.427	1.061E-17	1	121	122	30612	30974	363	30369	30974
146531721	1	144	1.614E-32	2	4572	4988	106	107	0.562	8.657E-23	102	198	237	4572	4859	288	4374	4859
146531721	1	144	1.614E-32	2	4572	4988	110	39	0.530	2.185E-01	202	236	237	4881	4988	108	4863	4988
146571225	-1	393	1.784E-107	1	34299	36920	1166	393	0.299	4.359E-110	6	887	890	-36920	-34299	2622	36986	34203
146571865	-1	298	7.066E-79	1	34299	35687	1166	298	0.380	1.087E-78	21	473	476	-35687	-34299	1389	36986	34203
146574373	-1	389	2.854E-106	1	34311	36923	1166	389	0.297	1.660E-108	453	1331	1338	-36923	-34311	2613	36986	34203
146581711	1	194	1.433E-47	1	30396	30956	704	194	0.541	3.891E-52	30	216	222	30396	30956	561	30369	30974
146669064	-1	83	3.721E-14	1	37256	37819	1124	83	0.291	1.894E-12	30	217	288	-37819	-37256	564	38242	36938
146674072	1	137	2.065E-30	1	30543	30968	704	137	0.507	2.386E-32	20	161	172	30543	30968	426	30369	30974
146957349	1	257	1.554E-66	1	22203	23504	522	257	0.354	4.846E-70	322	763	775	22203	23504	1302	22197	23513
147180179	1	231	1.043E-58	1	22203	23504	522	231	0.334	2.674E-61	318	728	740	22203	23504	1302	22197	23513
147201788	1	254	1.243E-65	1	22203	23489	522	254	0.352	7.903E-69	321	759	769	22203	23489	1287	22197	23513
147264972	1	362	3.830E-98	1	22203	23510	522	362	0.457	6.332E-106	273	710	737	22203	23510	1308	22197	23513
147283803	1	259	3.885E-67	1	22203	23504	522	259	0.355	1.027E-70	318	760	772	22203	23504	1302	22197	23513
147325865	1	259	3.885E-67	1	22203	23510	522	259	0.354	1.401E-70	323	767	772	22203	23510	1308	22197	23513
147326301	1	259	3.885E-67	1	22203	23510	522	259	0.355	7.530E-71	323	767	772	22203	23510	1308	22197	23513
147377138	1	269	3.793E-70	1	22203	23513	522	269	0.361	3.200E-74	320	770	774	22203	23513	1311	22197	23513
147407841	1	247	1.591E-63	1	22203	23492	522	247	0.351	1.126E-66	342	770	782	22203	23492	1290	22197	23513
147432643	1	267	1.517E-69	1	22203	23498	522	267	0.364	2.816E-73	317	757	773	22203	23498	1296	22197	23513
147455169	1	253	2.486E-65	1	22206	23480	522	253	0.359	1.469E-68	260	661	805	22206	23480	1275	22197	23513
150181215	1	148	1.008E-33	1	30426	30953	704	148	0.458	2.673E-36	1	176	180	30426	30953	528	30369	30974
150185716	1	168	9.618E-40	1	30384	30938	704	168	0.485	5.527E-43	74	258	311	30384	30938	555	30369	30974
153893203	-1	70	3.048E-10	1	27800	28276	1310	70	0.289	2.467E-09	72	225	230	-28276	-27800	477	28420	27716
156081464	-1	53	3.995E-05	1	27794	28276	1310	53	0.241	1.229E-03	54	204	206	-28276	-27794	483	28420	27716
156136604	1	251	9.944E-65	1	22203	23492	522	251	0.351	5.079E-68	323	759	770	22203	23492	1290	22197	23513
156906734	1	279	3.705E-73	1	22203	23489	522	279	0.379	1.839E-77	360	794	804	22203	23489	1287	22197	23513
160737154	1	91	1.453E-16	1	30528	30956	704	91	0.368	1.733E-16	84	226	229	30528	30956	429	30369	30974
160747876	-1	284	1.158E-74	1	34281	35636	1166	284	0.373	5.929E-74	104	545	566	-35636	-34281	1356	36986	34203
160769377	1	262	4.856E-68	1	22203	23486	522	262	0.365	8.573E-72	308	738	756	22203	23486	1284	22197	23513
160776804	1	240	2.037E-61	1	22203	23480	522	240	0.341	4.044E-64	309	743	756	22203	23480	1278	22197	23513
160792135	1	199	4.479E-49	1	30378	30968	704	199	0.531	4.747E-54	133	329	332	30378	30968	591	30369	30974
160820688	1	196	3.583E-48	1	30384	30974	704	196	0.520	1.105E-52	93	290	292	30384	30974	591	30369	30974
160823195	-1	469	2.361E-130	1	34299	36902	1166	469	0.336	1.114E-135	0	876	885	-36902	-34299	2604	36986	34203
160833246	1	104	1.774E-20	1	4440	4799	106	104	0.463	1.463E-21	57	176	226	4440	4799	360	4374	4859
160869840	-1	303	2.208E-80	1	34311	35837	1166	303	0.360	2.320E-80	1	505	584	-35837	-34311	1527	36986	34203
160870060	1	109	5.544E-22	1	4452	4850	106	109	0.445	2.463E-23	49	179	220	4452	4850	399	4374	4859
160923779	1	243	2.546E-62	1	22203	23486	522	243	0.346	2.494E-65	308	739	769	22203	23486	1284	22197	23513
160945525	-1	295	5.653E-78	1	34638	36926	1166	295	0.273	1.552E-77	119	790	829	-36926	-34638	2289	36986	34203
160953567	-1	66	4.877E-09	1	37292	37768	1124	66	0.275	4.818E-07	86	246	278	-37768	-37292	477	38242	36938
160955271	-1	269	3.793E-70	1	34284	35636	1166	269	0.361	2.260E-69	3	445	458	-35636	-34284	1353	36986	34203
161006261	-1	109	5.544E-22	1	37205	37963	1124	109	0.287	1.857E-20	147	398	449	-37963	-37205	759	38242	36938
161012942	1	256	3.108E-66	1	22203	23492	522	256	0.358	1.229E-69	308	740	742	22203	23492	1290	22197	23513
161017785	-1	95	9.084E-18	1	37115	37942	1124	95	0.250	4.705E-16	109	377	415	-37942	-37115	828	38242	36938
161045608	1	115	8.663E-24	1	4530	4847	106	115	0.549	2.206E-25	3	109	153	4530	4847	318	4374	4859
161065275	-1	286	2.894E-75	1	34932	36920	1166	286	0.292	7.567E-75	1	665	666	-36920	-34932	1989	36986	34203
161066117	-1	224	1.335E-56	1	34728	35507	1166	224	0.469	6.057E-55	1	256	259	-35507	-34728	780	36986	34203
161066388	-1	393	1.784E-107	1	34284	36920	1166	393	0.299	5.904E-110	136	1011	1024	-36920	-34284	2637	36986	34203
161066401	-1	313	2.156E-83	1	34338	35789	1166	313	0.381	1.874E-83	1	476	516	-35789	-34338	1452	36986	34203
161066771	-1	269	3.793E-70	1	34284	35507	1166	269	0.386	4.053E-69	0	399	412	-35507	-34284	1224	36986	34203
161067234	-1	344	1.004E-92	1	34377	36386	1166	344	0.327	7.859E-94	47	706	712	-36386	-34377	2010	36986	34203
161068283	-1	433	1.622E-119	1	34338	36797	1166	433	0.333	1.916E-123	31	842	882	-36797	-34338	2460	36986	34203
161068338	-1	267	1.517E-69	1	34338	35729	1166	267	0.352	9.729E-69	30	443	483	-35729	-34338	1392	36986	34203
161068832	-1	295	5.653E-78	1	34530	35891	1166	295	0.383	8.597E-78	6	456	458	-35891	-34530	1362	36986	34203
161072855	1	114	1.733E-23	1	30588	30944	704	114	0.501	1.825E-24	0	118	132	30588	30944	357	30369	30974
161073143	1	113	3.465E-23	1	30588	30944	704	113	0.498	4.656E-24	0	118	130	30588	30944	357	30369	30974
161094211	-1	57	2.497E-06	1	27800	28276	1310	57	0.254	4.776E-05	109	261	265	-28276	-27800	477	28420	27716
161120998	1	144	1.614E-32	2	4428	4988	106	117	0.562	4.578E-26	58	160	210	4428	4745	318	4374	4859
161120998	1	144	1.614E-32	2	4428	4988	110	42	0.600	3.185E-02	177	209	210	4890	4988	99	4863	4988
161121193	1	122	6.768E-26	1	4572	4859	106	122	0.626	7.665E-28	0	96	185	4572	4859	288	4374	4859
161160470	1	115	8.663E-24	1	30588	30968	704	115	0.482	7.148E-25	0	126	129	30588	30968	381	30369	30974
161189078	1	109	5.544E-22	1	4536	4859	106	109	0.525	1.314E-23	3	110	146	4536	4859	324	4374	4859
161210383	-1	86	4.651E-15	1	37298	37843	1124	86	0.302	3.424E-13	44	225	230	-37843	-37298	546	38242	36938
161214909	1	190	2.293E-46	2	4479	4976	106	150	0.593	1.491E-37	148	275	315	4479	4859	381	4374	4859
161214909	1	190	2.293E-46	2	4479	4976	110	40	0.552	1.149E-01	275	309	315	4878	4976	99	4863	4988
161217022	-1	103	3.548E-20	1	37295	37795	1124	103	0.363	1.090E-18	19	185	188	-37795	-37295	501	38242	36938
161461986	1	249	3.978E-64	1	22203	23504	522	249	0.345	3.261E-67	317	760	773	22203	23504	1302	22197	23513
161554701	1	257	1.554E-66	1	22203	23504	522	257	0.348	6.609E-70	295	746	755	22203	23504	1302	22197	23513
161575061	1	258	7.769E-67	1	22203	23504	522	258	0.354	2.606E-70	319	761	773	22203	23504	1302	22197	23513
161595171	1	255	6.215E-66	1	22203	23510	522	255	0.350	3.117E-69	323	767	772	22203	23510	1308	22197	23513
161703007	1	262	4.856E-68	1	22203	23504	522	262	0.360	8.573E-72	313	752	765	22203	23504	1302	22197	23513
161725667	1	263	2.428E-68	1	22203	23504	522	263	0.359	3.378E-72	174	616	628	22203	23504	1302	22197	23513
161804960	1	354	9.806E-96	1	22203	23504	522	354	0.451	2.415E-103	308	743	772	22203	23504	1302	22197	23513
161836043	1	268	7.587E-70	1	22203	23498	522	268	0.365	8.127E-74	317	757	773	22203	23498	1296	22197	23513
161940716	1	264	1.214E-68	1	22203	23504	522	264	0.360	1.815E-72	63	505	517	22203	23504	1302	22197	23513
162016104	1	275	5.927E-72	1	22203	23495	522	275	0.371	4.123E-76	299	740	750	22203	23495	1293	22197	23513
168475921	1	168	9.618E-40	1	30384	30974	704	168	0.462	2.947E-43	175	372	373	30384	30974	591	30369	30974
170689345	-1	73	3.810E-11	1	27800	28276	1310	73	0.288	4.027E-10	36	200	230	-28276	-27800	477	28420	27716
171322427	1	254	1.243E-65	1	22203	23489	522	254	0.352	4.250E-69	316	755	769	22203	23489	1287	22197	23513
172765966	1	737	4.977E-211	2	20247	23510	462	250	0.635	1.048E-70	114	310	753	20247	20843	597	20091	20855
172765966	1	737	4.977E-211	2	20247	23510	522	487	0.574	4.285E-149	310	750	753	22203	23510	1308	22197	23513
173272752	1	187	1.834E-45	1	30378	30974	704	187	0.499	8.192E-50	52	251	253	30378	30974	597	30369	30974
173945657	1	263	2.428E-68	1	22203	23510	522	263	0.358	4.608E-72	338	782	787	22203	23510	1308	22197	23513
175266736	1	252	4.972E-65	1	22203	23486	522	252	0.355	3.725E-68	309	739	757	22203	23486	1284	22197	23513
175277102	1	250	1.989E-64	1	22203	23486	522	250	0.353	1.755E-67	289	719	737	22203	23486	1284	22197	23513
175291733	-1	336	2.571E-90	1	34608	36920	1166	336	0.294	3.155E-91	8	772	773	-36920	-34608	2313	36986	34203
175360736	1	170	2.404E-40	1	30384	30974	704	170	0.468	6.121E-44	93	269	271	30384	30974	591	30369	30974
175367563	1	115	8.663E-24	1	4479	4859	106	115	0.480	1.176E-25	19	146	183	4479	4859	381	4374	4859
175390380	-1	80	2.977E-13	1	37298	37930	1124	80	0.265	1.842E-11	26	235	281	-37930	-37298	633	38242	36938
175405165	-1	345	5.021E-93	1	34296	36323	1166	345	0.325	5.822E-94	8	671	690	-36323	-34296	2028	36986	34203
175409975	1	178	9.392E-43	2	4479	4988	106	151	0.597	5.794E-38	82	209	248	4479	4859	381	4374	4859
175409975	1	178	9.392E-43	2	4479	4988	110	38	0.670	7.899E-01	222	247	248	4911	4988	78	4863	4988
175420196	-1	97	2.271E-18	1	36956	38011	1124	97	0.224	8.354E-17	257	585	590	-38011	-36956	1056	38242	36938
175425960	-1	72	7.620E-11	1	27788	28339	1310	72	0.268	7.372E-10	163	338	339	-28339	-27788	552	28420	27716
175433049	1	250	1.989E-64	1	22203	23486	522	250	0.353	1.287E-67	308	738	756	22203	23486	1284	22197	23513
175472747	-1	376	2.338E-102	1	34281	36920	1166	376	0.291	3.625E-104	8	851	872	-36920	-34281	2640	36986	34203
175493821	-1	284	1.158E-74	1	34377	36233	1166	284	0.303	4.419E-74	34	644	658	-36233	-34377	1857	36986	34203
175494575	-1	246	3.182E-63	1	34668	36947	1166	246	0.247	4.697E-62	2	658	668	-36947	-34668	2280	36986	34203
175575441	1	741	3.111E-212	2	20247	23504	462	274	0.686	4.890E-79	135	332	780	20247	20843	597	20091	20855
175575441	1	741	3.111E-212	2	20247	23504	522	467	0.552	2.062E-142	332	775	780	22203	23504	1302	22197	23513
175588168	1	121	1.354E-25	1	4479	4847	106	121	0.505	1.970E-27	55	179	196	4479	4847	369	4374	4859
175593175	-1	385	4.566E-105	1	34290	36851	1166	385	0.301	1.875E-107	0	852	872	-36851	-34290	2562	36986	34203
175593242	1	156	3.939E-36	1	30381	30938	704	156	0.456	3.659E-39	16	202	212	30381	30938	558	30369	30974
175593869	1	153	3.152E-35	1	30393	30956	704	153	0.445	6.178E-38	67	255	274	30393	30956	564	30369	30974
175604226	-1	367	1.197E-99	1	34239	36764	1166	367	0.294	2.789E-101	504	1337	1338	-36764	-34239	2526	36986	34203
175604648	-1	211	1.093E-52	1	34788	35507	1166	211	0.477	5.476E-51	0	239	331	-35507	-34788	720	36986	34203
175604831	-1	258	7.769E-67	1	34284	35507	1166	258	0.375	1.055E-65	0	399	412	-35507	-34284	1224	36986	34203
175605351	-1	291	9.044E-77	1	34239	35921	1166	291	0.328	2.965E-76	19	567	569	-35921	-34239	1683	36986	34203
175606131	-1	278	7.409E-73	1	34461	35567	1166	278	0.425	4.844E-72	0	364	365	-35567	-34461	1107	36986	34203
175606450	-1	332	4.113E-89	1	34383	36734	1166	332	0.289	1.144E-89	9	785	820	-36734	-34383	2352	36986	34203
175606683	-1	331	8.226E-89	1	34443	36539	1166	331	0.310	2.080E-89	0	694	714	-36539	-34443	2097	36986	34203
175607070	-1	317	1.348E-84	1	34311	35891	1166	317	0.363	9.579E-85	6	523	554	-35891	-34311	1581	36986	34203
175607371	-1	258	7.769E-67	1	34305	35507	1166	258	0.380	7.886E-66	0	389	420	-35507	-34305	1203	36986	34203
175609067	-1	300	1.766E-79	1	34239	36557	1166	300	0.274	2.477E-79	2	755	756	-36557	-34239	2319	36986	34203
175609317	-1	81	1.488E-13	1	37301	37804	1124	81	0.306	7.853E-12	16	184	333	-37804	-37301	504	38242	36938
175609955	-1	233	2.607E-59	1	34476	35450	1166	233	0.409	8.376E-58	3	328	329	-35450	-34476	975	36986	34203
175610888	-1	318	6.739E-85	1	34338	35891	1166	318	0.368	2.912E-85	6	514	554	-35891	-34338	1554	36986	34203
175612594	1	144	1.614E-32	2	4572	4988	106	109	0.572	1.314E-23	0	96	135	4572	4859	288	4374	4859
175612594	1	144	1.614E-32	2	4572	4988	110	38	0.528	5.727E-01	101	134	135	4884	4988	105	4863	4988
175613695	1	111	1.386E-22	1	4533	4823	106	111	0.578	5.117E-24	68	164	186	4533	4823	291	4374	4859
175613761	1	152	6.303E-35	1	30384	30836	704	152	0.526	1.158E-37	30	180	187	30384	30836	453	30369	30974
175614056	1	141	1.291E-31	1	4449	4823	106	141	0.574	2.094E-34	12	133	182	4449	4823	375	4374	4859
175635575	-1	53	3.995E-05	1	27800	28285	1310	53	0.240	1.229E-03	160	315	323	-28285	-27800	486	28420	27716
175728998	-1	103	3.548E-20	1	37052	37783	1124	103	0.284	1.090E-18	2	243	322	-37783	-37052	732	38242	36938
175729219	1	98	1.135E-18	1	30405	30656	704	98	0.584	6.476E-19	0	83	102	30405	30656	252	30369	30974
175729272	1	92	7.267E-17	1	30561	30875	704	92	0.467	5.012E-17	37	141	148	30561	30875	315	30369	30974
175757617	1	171	1.202E-40	1	30384	30968	704	171	0.473	4.470E-44	28	222	236	30384	30968	585	30369	30974
175780086	-1	359	3.064E-97	1	34323	36491	1166	359	0.320	8.578E-99	383	1105	1118	-36491	-34323	2169	36986	34203
175800234	-1	97	2.271E-18	1	37295	37753	1124	97	0.370	8.354E-17	1	149	152	-37753	-37295	459	38242	36938
176040433	1	254	1.243E-65	1	22203	23489	522	254	0.353	4.250E-69	75	513	527	22203	23489	1287	22197	23513
176067880	1	243	2.546E-62	1	22203	23489	522	243	0.339	3.399E-65	321	764	783	22203	23489	1287	22197	23513
176169158	1	252	4.972E-65	1	22203	23489	522	252	0.346	2.732E-68	322	768	783	22203	23489	1287	22197	23513
176230403	1	250	1.989E-64	1	22203	23504	522	250	0.346	1.287E-67	316	759	772	22203	23504	1302	22197	23513
176239237	1	259	3.885E-67	1	22203	23504	522	259	0.356	7.530E-71	320	762	774	22203	23504	1302	22197	23513
176283921	1	256	3.108E-66	1	22203	23510	522	256	0.352	9.013E-70	322	766	771	22203	23510	1308	22197	23513
176306348	1	260	1.942E-67	1	22203	23504	522	260	0.356	5.521E-71	318	760	772	22203	23504	1302	22197	23513
176369063	1	224	1.335E-56	1	22206	23489	522	224	0.319	6.939E-59	371	821	835	22206	23489	1284	22197	23513
176393184	1	354	9.806E-96	1	22203	23504	522	354	0.451	2.415E-103	308	743	772	22203	23504	1302	22197	23513
176429885	1	245	6.364E-63	1	22203	23504	522	245	0.343	5.301E-66	322	762	775	22203	23504	1302	22197	23513
176446118	1	259	3.885E-67	1	22203	23510	522	259	0.354	1.401E-70	323	767	772	22203	23510	1308	22197	23513
176461120	1	256	3.108E-66	1	22203	23510	522	256	0.351	9.013E-70	323	768	773	22203	23510	1308	22197	23513
176477275	1	469	2.361E-130	2	20304	23477	462	196	0.550	6.881E-52	133	317	770	20304	20843	540	20091	20855
176477275	1	469	2.361E-130	2	20304	23477	522	273	0.374	2.663E-75	317	748	770	22203	23477	1275	22197	23513
176503521	1	539	2.000E-151	2	20325	23507	462	237	0.678	3.347E-66	55	228	1138	20325	20843	519	20091	20855
176503521	1	539	2.000E-151	2	20325	23507	522	302	0.402	1.413E-85	228	649	1138	22203	23507	1305	22197	23513
181576145	1	172	6.011E-41	1	30384	30974	704	172	0.471	1.271E-44	185	382	383	30384	30974	591	30369	30974
184248460	-1	57	2.497E-06	1	27947	28276	1310	57	0.316	6.422E-05	0	104	152	-28276	-27947	330	28420	27716
185123653	-1	62	7.803E-08	1	27800	28258	1310	62	0.269	1.346E-06	39	195	223	-28258	-27800	459	28420	27716
186322077	1	236	3.259E-60	1	30384	30974	704	236	0.609	1.239E-66	159	355	356	30384	30974	591	30369	30974
187322213	-1	70	3.048E-10	1	27800	28276	1310	70	0.288	3.335E-09	18	171	176	-28276	-27800	477	28420	27716
189832932	-1	321	8.423E-86	1	34899	36815	1166	321	0.316	4.876E-86	94	749	751	-36815	-34899	1917	36986	34203
189886858	-1	329	3.290E-88	1	34242	36920	1166	329	0.263	6.873E-89	13	924	998	-36920	-34242	2679	36986	34203
189892491	-1	100	2.839E-19	1	37250	37975	1124	100	0.279	1.477E-17	112	354	442	-37975	-37250	726	38242	36938
189908531	1	191	1.147E-46	2	4431	4988	106	157	0.564	5.125E-40	135	275	314	4431	4859	429	4374	4859
189908531	1	191	1.147E-46	2	4431	4988	110	43	0.715	8.832E-03	286	313	314	4905	4988	84	4863	4988
189916133	1	156	3.939E-36	1	4452	4859	106	156	0.583	1.319E-39	49	182	194	4452	4859	408	4374	4859
189928832	-1	385	4.566E-105	1	34302	36923	1166	385	0.294	2.539E-107	5	889	890	-36923	-34302	2622	36986	34203
189929009	-1	385	4.566E-105	1	34302	36923	1166	385	0.294	3.438E-107	5	889	890	-36923	-34302	2622	36986	34203
189936306	-1	71	1.524E-10	1	37262	37750	1124	71	0.275	1.237E-08	3	176	291	-37750	-37262	489	38242	36938
189940535	-1	346	2.510E-93	1	34254	36773	1166	346	0.285	1.752E-94	8	839	1015	-36773	-34254	2520	36986	34203
189947485	-1	434	8.111E-120	1	34302	36824	1166	434	0.325	1.040E-123	439	1291	1316	-36824	-34302	2523	36986	34203
189953590	1	112	6.930E-23	1	30588	30968	704	112	0.471	8.695E-24	0	126	151	30588	30968	381	30369	30974
189954398	-1	432	3.245E-119	1	34299	36929	1166	432	0.318	3.529E-123	3	883	887	-36929	-34299	2631	36986	34203
189962445	-1	87	2.325E-15	1	36956	37717	1124	87	0.250	1.935E-13	18	250	255	-37717	-36956	762	38242	36938
189978403	1	236	3.259E-60	1	22203	23486	522	236	0.331	6.547E-63	292	740	758	22203	23486	1284	22197	23513
190013487	-1	285	5.788E-75	1	34281	35636	1166	285	0.375	1.829E-74	104	545	566	-35636	-34281	1356	36986	34203
190040758	-1	370	1.496E-100	1	34431	36914	1166	370	0.297	3.371E-102	0	835	873	-36914	-34431	2484	36986	34203
190042065	-1	231	1.043E-58	1	34827	36056	1166	231	0.345	3.513E-57	7	417	520	-36056	-34827	1230	36986	34203
190045266	-1	76	4.762E-12	1	37274	37867	1124	76	0.265	3.138E-10	47	246	371	-37867	-37274	594	38242	36938
190083582	-1	109	5.544E-22	1	37247	37909	1124	109	0.313	1.387E-20	9	220	342	-37909	-37247	663	38242	36938
190089800	-1	91	1.453E-16	1	37277	37963	1124	91	0.273	6.243E-15	140	351	370	-37963	-37277	687	38242	36938
190091372	-1	101	1.419E-19	1	37295	37942	1124	101	0.302	4.643E-18	69	282	346	-37942	-37295	648	38242	36938
190101393	-1	95	9.084E-18	1	37274	37930	1124	95	0.288	4.705E-16	106	304	401	-37930	-37274	657	38242	36938
190101619	-1	96	4.542E-18	1	37115	37942	1124	96	0.252	1.984E-16	109	377	386	-37942	-37115	828	38242	36938
190101763	-1	95	9.084E-18	1	37304	37942	1124	95	0.292	4.705E-16	96	309	317	-37942	-37304	639	38242	36938
190119998	-1	95	9.084E-18	1	37304	37966	1124	95	0.286	4.705E-16	108	325	428	-37966	-37304	663	38242	36938
190146619	-1	211	1.093E-52	1	34932	35834	1166	211	0.403	5.476E-51	111	411	445	-35834	-34932	903	36986	34203
190149736	-1	447	9.901E-124	1	34338	36866	1166	447	0.334	5.853E-128	340	1174	1214	-36866	-34338	2529	36986	34203
190150688	-1	397	1.115E-108	1	34284	36830	1166	397	0.308	2.094E-111	592	1439	1442	-36830	-34284	2547	36986	34203
190151376	-1	225	6.674E-57	1	34791	35567	1166	225	0.472	3.421E-55	0	258	259	-35567	-34791	777	36986	34203
190152651	-1	275	5.927E-72	1	34284	35522	1166	275	0.389	2.810E-71	7	410	423	-35522	-34284	1239	36986	34203
190153829	-1	51	1.598E-04	1	30527	30691	1254	51	0.475	5.953E-05	22	76	77	-30691	-30527	165	30691	30482
190155843	1	109	5.544E-22	1	4572	4859	106	109	0.572	1.314E-23	0	96	138	4572	4859	288	4374	4859
190156346	1	145	8.068E-33	2	4572	4988	106	112	0.583	1.993E-24	0	96	154	4572	4859	288	4374	4859
190156346	1	145	8.068E-33	2	4572	4988	110	36	0.508	2.073E+00	101	134	154	4884	4988	105	4863	4988
190157100	1	109	5.544E-22	1	4572	4853	106	109	0.582	1.314E-23	0	94	101	4572	4853	282	4374	4859
190169117	1	104	1.774E-20	1	30588	30968	704	104	0.445	4.450E-21	0	126	130	30588	30968	381	30369	30974
190198406	1	108	1.109E-21	1	4530	4817	106	108	0.572	3.373E-23	3	98	153	4530	4817	288	4374	4859
190200147	1	124	1.692E-26	1	4479	4859	106	124	0.504	1.589E-28	73	201	241	4479	4859	381	4374	4859
190220264	1	234	1.303E-59	1	22203	23396	522	234	0.355	3.073E-62	309	708	756	22203	23396	1194	22197	23513
190285728	1	128	1.057E-27	1	4482	4829	106	128	0.564	4.983E-30	6	121	143	4482	4829	348	4374	4859
190574791	1	187	1.834E-45	1	22374	23129	522	187	0.418	3.295E-46	93	334	361	22374	23129	756	22197	23513
190576529	1	267	1.517E-69	1	22203	23504	522	267	0.364	1.513E-73	318	759	771	22203	23504	1302	22197	23513
190755397	1	258	7.769E-67	1	22203	23507	522	258	0.356	2.606E-70	320	758	770	22203	23507	1305	22197	23513
190795434	1	265	6.070E-69	1	22203	23492	522	265	0.363	1.331E-72	318	756	772	22203	23492	1290	22197	23513
190880523	1	254	1.243E-65	1	22203	23510	522	254	0.349	5.796E-69	323	767	772	22203	23510	1308	22197	23513
190923694	1	224	1.335E-56	1	22203	23489	522	224	0.318	9.448E-59	356	807	821	22203	23489	1287	22197	23513
190994579	1	261	9.711E-68	1	22203	23492	522	261	0.358	2.176E-71	76	517	526	22203	23492	1290	22197	23513
191051739	1	528	4.095E-148	2	20325	23378	462	238	0.679	2.444E-66	55	228	632	20325	20843	519	20091	20855
191051739	1	528	4.095E-148	2	20325	23378	522	290	0.420	3.021E-81	228	605	632	22203	23378	1176	22197	23513
195685080	1	121	1.354E-25	1	4428	4859	106	121	0.454	1.970E-27	95	237	283	4428	4859	432	4374	4859
196829558	-1	60	3.121E-07	1	27800	28177	1310	60	0.300	5.975E-06	85	206	236	-28177	-27800	378	28420	27716
196989726	-1	62	7.803E-08	1	27722	28279	1310	62	0.235	1.346E-06	18	217	225	-28279	-27722	558	28420	27716
197344437	-1	72	7.620E-11	1	27848	28288	1310	72	0.295	5.449E-10	16	173	179	-28288	-27848	441	28420	27716
197783838	1	254	1.243E-65	1	22203	23489	522	254	0.352	5.796E-69	323	762	781	22203	23489	1287	22197	23513
197825913	1	166	3.847E-39	1	30384	30974	704	166	0.457	2.661E-42	89	286	287	30384	30974	591	30369	30974
200258560	1	208	8.747E-52	1	30393	30974	704	208	0.555	6.385E-57	184	377	378	30393	30974	582	30369	30974
200791255	-1	63	3.901E-08	1	27779	28276	1310	63	0.248	7.410E-07	118	300	321	-28276	-27779	498	28420	27716
202004466	1	741	3.111E-212	2	20247	23504	462	274	0.686	4.890E-79	113	310	758	20247	20843	597	20091	20855
202004466	1	741	3.111E-212	2	20247	23504	522	467	0.552	2.822E-142	310	753	758	22203	23504	1302	22197	23513
202022516	1	111	1.386E-22	1	30528	30797	704	111	0.614	2.218E-23	5	94	96	30528	30797	270	30369	30974
202239585	1	190	2.293E-46	1	30387	30974	704	190	0.513	9.053E-51	43	238	239	30387	30974	588	30369	30974
202539409	1	188	9.172E-46	1	30384	30944	704	188	0.528	4.366E-50	58	244	252	30384	30944	561	30369	30974
202935780	1	269	3.793E-70	1	22203	23492	522	269	0.364	4.366E-74	324	767	776	22203	23492	1290	22197	23513
203287891	1	264	1.214E-68	1	22203	23510	522	264	0.359	1.815E-72	338	782	787	22203	23510	1308	22197	23513
204360408	1	113	3.465E-23	1	30381	30929	704	113	0.364	3.408E-24	166	348	361	30381	30929	549	30369	30974
204401818	1	257	1.554E-66	1	22203	23486	522	257	0.360	4.846E-70	308	738	756	22203	23486	1284	22197	23513
204402725	1	234	1.303E-59	1	22203	23396	522	234	0.355	3.073E-62	309	708	756	22203	23396	1194	22197	23513
204404824	1	145	8.068E-33	1	30534	30944	704	145	0.547	3.290E-35	2	138	150	30534	30944	411	30369	30974
204413707	1	238	8.146E-61	1	22203	23444	522	238	0.349	1.394E-63	166	582	618	22203	23444	1242	22197	23513
204457180	1	188	9.172E-46	2	4479	4976	106	150	0.593	1.491E-37	82	209	249	4479	4859	381	4374	4859
204457180	1	188	9.172E-46	2	4479	4976	110	38	0.532	4.153E-01	209	243	249	4878	4976	99	4863	4988
204509820	1	132	6.609E-29	1	4446	4835	106	132	0.525	2.139E-31	26	156	157	4446	4835	390	4374	4859
204554761	-1	273	2.371E-71	1	34281	35837	1166	273	0.331	1.627E-70	39	545	566	-35837	-34281	1557	36986	34203
204556040	-1	306	2.760E-81	1	34281	36458	1166	306	0.288	2.914E-81	2	715	736	-36458	-34281	2178	36986	34203
204556461	-1	385	4.566E-105	1	34281	36920	1166	385	0.295	2.539E-107	8	874	895	-36920	-34281	2640	36986	34203
204560027	-1	457	9.669E-127	1	34386	36902	1166	457	0.340	2.038E-131	0	839	856	-36902	-34386	2517	36986	34203
204566466	-1	66	4.877E-09	1	37304	37474	1124	66	0.578	3.637E-07	20	76	101	-37474	-37304	171	38242	36938
204578537	-1	317	1.348E-84	1	34227	35891	1166	317	0.351	5.282E-85	46	586	590	-35891	-34227	1665	36986	34203
204642817	-1	95	9.084E-18	1	37115	37942	1124	95	0.252	3.529E-16	109	377	386	-37942	-37115	828	38242	36938
204660908	-1	94	1.817E-17	1	37277	38056	1124	94	0.258	1.115E-15	59	316	414	-38056	-37277	780	38242	36938
204687334	-1	381	7.306E-104	1	34461	36920	1166	381	0.306	3.876E-106	596	1418	1431	-36920	-34461	2460	36986	34203
204687992	-1	309	3.450E-82	1	34842	36782	1166	309	0.311	2.715E-82	1	628	632	-36782	-34842	1941	36986	34203
204688848	-1	351	7.845E-95	1	34284	36920	1166	351	0.279	6.434E-96	1	873	886	-36920	-34284	2637	36986	34203
204688939	-1	312	4.313E-83	1	34284	36320	1166	312	0.304	2.523E-83	46	713	726	-36320	-34284	2037	36986	34203
204688953	-1	292	4.522E-77	1	34776	36578	1166	292	0.315	1.224E-76	4	599	601	-36578	-34776	1803	36986	34203
204690009	-1	362	3.830E-98	1	34539	36920	1166	362	0.302	1.041E-99	266	1062	1064	-36920	-34539	2382	36986	34203
204690439	-1	236	3.259E-60	1	34614	35963	1166	236	0.330	8.421E-59	83	524	527	-35963	-34614	1350	36986	34203
204691799	-1	452	3.094E-125	2	34302	37993	1124	94	0.273	8.365E-16	202	438	1395	-37993	-37298	696	38242	36938
204691799	-1	452	3.094E-125	2	34302	37993	1166	441	0.328	5.758E-126	523	1360	1395	-36860	-34302	2559	36986	34203
204693399	-1	416	2.126E-114	1	34503	36860	1166	416	0.333	1.294E-117	60	843	846	-36860	-34503	2358	36986	34203
204693996	-1	372	3.741E-101	1	34524	36920	1166	372	0.306	7.446E-103	576	1377	1390	-36920	-34524	2397	36986	34203
204694040	-1	344	1.004E-92	1	34794	36761	1166	344	0.331	1.432E-93	1	656	657	-36761	-34794	1968	36986	34203
204694232	-1	240	2.037E-61	1	34707	36179	1166	240	0.315	4.743E-60	247	737	742	-36179	-34707	1473	36986	34203
204703163	-1	452	3.094E-125	1	34299	36920	1166	452	0.329	1.094E-129	4	867	901	-36920	-34299	2622	36986	34203
204706594	-1	100	2.839E-19	1	37283	37930	1124	100	0.299	1.106E-17	81	297	389	-37930	-37283	648	38242	36938
204707352	-1	99	5.677E-19	1	37187	38086	1124	99	0.247	1.972E-17	35	316	379	-38086	-37187	900	38242	36938
204730537	1	279	3.705E-73	1	22203	23510	522	279	0.379	1.348E-77	126	558	561	22203	23510	1308	22197	23513
204737377	1	117	2.166E-24	1	4479	4859	106	117	0.482	3.342E-26	73	201	241	4479	4859	381	4374	4859
204745022	1	181	1.174E-43	2	4479	4988	106	151	0.597	5.794E-38	13	140	179	4479	4859	381	4374	4859
204745022	1	181	1.174E-43	2	4479	4988	110	39	0.647	3.012E-01	151	178	179	4905	4988	84	4863	4988
204819928	1	253	2.486E-65	1	22203	23486	522	253	0.356	1.469E-68	308	738	764	22203	23486	1284	22197	23513
205052967	1	259	3.885E-67	1	22203	23510	522	259	0.354	1.401E-70	323	767	772	22203	23510	1308	22197	23513
205085763	1	333	2.056E-89	1	22203	23504	522	333	0.430	5.174E-96	311	747	776	22203	23504	1302	22197	23513
205105306	1	249	3.978E-64	1	22203	23363	522	249	0.371	3.261E-67	311	709	752	22203	23363	1161	22197	23513
205159056	1	272	4.742E-71	1	22203	23489	522	272	0.371	3.634E-75	326	762	780	22203	23489	1287	22197	23513
205302276	1	269	3.793E-70	1	22203	23504	522	269	0.363	3.200E-74	321	767	772	22203	23504	1302	22197	23513
205312830	1	262	4.856E-68	1	22203	23504	522	262	0.358	8.573E-72	319	761	773	22203	23504	1302	22197	23513
205380444	1	254	1.243E-65	1	22203	23510	522	254	0.350	4.250E-69	323	767	772	22203	23510	1308	22197	23513
205427007	1	363	1.915E-98	1	22203	23504	522	363	0.458	2.477E-106	311	747	776	22203	23504	1302	22197	23513
205471612	1	253	2.486E-65	1	22203	23510	522	253	0.347	1.469E-68	323	769	774	22203	23510	1308	22197	23513
205557320	1	535	3.199E-150	2	20301	23504	462	237	0.655	6.274E-66	126	306	739	20301	20843	543	20091	20855
205557320	1	535	3.199E-150	2	20301	23504	522	298	0.398	4.356E-84	306	725	739	22203	23504	1302	22197	23513
205614082	1	259	3.885E-67	1	22203	23504	522	259	0.356	7.530E-71	320	762	774	22203	23504	1302	22197	23513
211413580	-1	64	1.951E-08	1	27800	28279	1310	64	0.271	3.021E-07	72	226	230	-28279	-27800	480	28420	27716
212329333	1	186	3.669E-45	1	30378	30968	704	186	0.503	1.537E-49	158	354	366	30378	30968	591	30369	30974
214867233	1	254	1.243E-65	1	22203	23489	522	254	0.351	4.250E-69	358	799	812	22203	23489	1287	22197	23513
216014312	1	245	6.364E-63	1	22203	23504	522	245	0.342	7.226E-66	314	755	768	22203	23504	1302	22197	23513
216031634	1	106	4.435E-21	1	4425	4748	106	106	0.510	2.222E-22	30	135	163	4425	4748	324	4374	4859
216923193	1	832	1.256E-239	3	19937	23504	450	143	0.644	1.868E-35	28	136	734	19937	20269	333	19799	20269
216923193	1	832	1.256E-239	3	19937	23504	462	225	0.722	7.763E-62	134	286	734	20388	20843	456	20091	20855
216923193	1	832	1.256E-239	3	19937	23504	522	466	0.551	5.288E-142	286	729	734	22203	23504	1302	22197	23513
218890710	1	238	8.146E-61	1	22203	23444	522	238	0.349	1.394E-63	170	586	622	22203	23444	1242	22197	23513
218902607	1	126	4.230E-27	1	30381	30929	704	126	0.394	1.125E-28	39	221	234	30381	30929	549	30369	30974
218986622	1	130	2.644E-28	1	4440	4823	106	130	0.530	7.536E-31	65	189	213	4440	4823	384	4374	4859
219011839	-1	376	2.338E-102	1	34476	36923	1166	376	0.305	1.980E-104	9	818	819	-36923	-34476	2448	36986	34203
219034874	1	180	2.348E-43	2	4479	4988	106	152	0.601	2.251E-38	82	209	248	4479	4859	381	4374	4859
219034874	1	180	2.348E-43	2	4479	4988	110	39	0.697	2.185E-01	222	247	248	4911	4988	78	4863	4988
219086893	1	247	1.591E-63	1	22203	23486	522	247	0.350	1.535E-66	58	488	506	22203	23486	1284	22197	23513
219087020	1	244	1.273E-62	1	22203	23486	522	244	0.347	1.342E-65	308	739	769	22203	23486	1284	22197	23513
219096946	-1	280	1.852E-73	1	34281	35636	1166	280	0.370	8.335E-73	104	545	566	-35636	-34281	1356	36986	34203
219121012	-1	336	2.571E-90	1	34854	36956	1166	336	0.313	3.155E-91	431	1120	1135	-36956	-34854	2103	36986	34203
219122473	-1	80	2.977E-13	1	37115	37474	1124	80	0.381	1.842E-11	4	115	152	-37474	-37115	360	38242	36938
219123290	-1	302	4.416E-80	1	34464	35834	1166	302	0.387	7.582E-80	12	465	516	-35834	-34464	1371	36986	34203
219124439	-1	284	1.158E-74	1	34305	35837	1166	284	0.344	3.293E-74	69	569	598	-35837	-34305	1533	36986	34203
219124818	-1	370	1.496E-100	1	34227	36758	1166	370	0.296	1.843E-102	357	1189	1193	-36758	-34227	2532	36986	34203
219199793	1	216	3.417E-54	1	30384	30971	704	216	0.570	6.259E-60	146	341	343	30384	30971	588	30369	30974
219229395	-1	217	1.708E-54	1	34788	35567	1166	217	0.458	7.711E-53	0	259	284	-35567	-34788	780	36986	34203
219230199	-1	293	2.261E-77	1	34788	36920	1166	293	0.283	6.787E-77	1	713	734	-36920	-34788	2133	36986	34203
219232014	-1	348	6.276E-94	1	34614	36842	1166	348	0.308	5.271E-95	30	770	772	-36842	-34614	2229	36986	34203
219233948	-1	252	4.972E-65	1	34788	36098	1166	252	0.351	8.183E-64	23	460	470	-36098	-34788	1311	36986	34203
219235251	-1	387	1.142E-105	1	34344	36698	1166	387	0.318	5.581E-108	5	780	822	-36698	-34344	2355	36986	34203
219235754	-1	305	5.520E-81	1	34281	35837	1166	305	0.357	5.272E-81	195	706	718	-35837	-34281	1557	36986	34203
219237952	1	113	3.465E-23	1	30588	30938	704	113	0.505	3.408E-24	0	116	130	30588	30938	351	30369	30974
219239790	1	165	7.694E-39	2	4533	4988	106	130	0.597	1.032E-30	0	109	148	4533	4859	327	4374	4859
219239790	1	165	7.694E-39	2	4533	4988	110	38	0.528	5.727E-01	114	147	148	4884	4988	105	4863	4988
219239953	1	175	7.514E-42	2	4431	4988	106	143	0.523	3.162E-35	137	277	316	4431	4859	429	4374	4859
219239953	1	175	7.514E-42	2	4431	4988	110	35	0.489	7.512E+00	282	315	316	4884	4988	105	4863	4988
219263102	1	177	1.878E-42	2	4479	4988	106	139	0.563	5.387E-34	82	202	241	4479	4859	381	4374	4859
219263102	1	177	1.878E-42	2	4479	4988	110	41	0.562	6.049E-02	207	240	241	4884	4988	105	4863	4988
219279410	1	127	2.115E-27	1	4479	4859	106	127	0.516	9.353E-30	73	201	202	4479	4859	381	4374	4859
219279759	-1	315	5.391E-84	1	34299	35729	1166	315	0.387	4.239E-84	3	473	479	-35729	-34299	1431	36986	34203
219279811	-1	412	3.402E-113	1	34299	36923	1166	412	0.308	2.007E-116	8	889	895	-36923	-34299	2625	36986	34203
219340725	-1	289	3.618E-76	1	34485	35849	1166	289	0.377	7.177E-76	4	449	451	-35849	-34485	1365	36986	34203
219376767	-1	292	4.522E-77	1	34239	35561	1166	292	0.388	9.115E-77	2	432	438	-35561	-34239	1323	36986	34203
219382523	1	115	8.663E-24	1	30384	30722	704	115	0.526	9.769E-25	30	142	198	30384	30722	339	30369	30974
219408378	1	109	5.544E-22	1	4452	4850	106	109	0.446	1.799E-23	30	160	198	4452	4850	399	4374	4859
219658826	1	246	3.182E-63	1	22203	23504	522	246	0.343	2.093E-66	319	762	774	22203	23504	1302	22197	23513
219759177	1	249	3.978E-64	1	22203	23492	522	249	0.349	2.392E-67	324	760	776	22203	23492	1290	22197	23513
219796482	1	259	3.885E-67	1	22203	23489	522	259	0.360	7.530E-71	56	490	508	22203	23489	1287	22197	23513
219919732	1	261	9.711E-68	1	22203	23507	522	261	0.357	1.595E-71	282	725	736	22203	23507	1305	22197	23513
219940014	1	355	4.903E-96	1	22203	23504	522	355	0.453	1.766E-103	273	683	709	22203	23504	1302	22197	23513
219955378	1	259	3.885E-67	1	22203	23504	522	259	0.356	7.530E-71	315	756	768	22203	23504	1302	22197	23513
220028151	1	254	1.243E-65	1	22203	23510	522	254	0.352	4.250E-69	316	756	759	22203	23510	1308	22197	23513
220033885	1	259	3.885E-67	1	22203	23510	522	259	0.354	1.401E-70	323	767	772	22203	23510	1308	22197	23513
220162159	1	354	9.806E-96	1	22203	23504	522	354	0.450	2.415E-103	316	752	784	22203	23504	1302	22197	23513
220202752	1	253	2.486E-65	1	22203	23486	522	253	0.353	1.078E-68	323	758	778	22203	23486	1284	22197	23513
224541355	-1	402	3.484E-110	1	34287	36824	1166	402	0.311	4.033E-113	6	846	863	-36824	-34287	2538	36986	34203
225572231	1	247	1.591E-63	1	22203	23492	522	247	0.346	1.535E-66	287	724	741	22203	23492	1290	22197	23513
225581563	1	172	6.011E-41	1	30384	30974	704	172	0.471	1.271E-44	185	382	383	30384	30974	591	30369	30974
226215953	1	192	5.733E-47	1	30384	30974	704	192	0.516	1.370E-51	36	232	233	30384	30974	591	30369	30974
226389375	1	207	1.749E-51	1	30384	30974	704	207	0.548	8.748E-57	185	381	383	30384	30974	591	30369	30974
226882532	-1	61	1.561E-07	1	27923	28261	1310	61	0.325	3.294E-06	56	164	210	-28261	-27923	339	28420	27716
226917373	-1	72	7.620E-11	1	37280	37954	1124	72	0.241	5.304E-09	38	238	312	-37954	-37280	675	38242	36938
230042090	1	358	6.129E-97	1	22203	23504	522	358	0.454	1.446E-104	315	751	781	22203	23504	1302	22197	23513
230114897	1	245	6.364E-63	1	22203	23504	522	245	0.344	5.301E-66	351	789	801	22203	23504	1302	22197	23513
230139896	1	177	1.878E-42	1	30378	30968	704	177	0.482	3.999E-46	82	277	289	30378	30968	591	30369	30974
233444595	1	244	1.273E-62	1	22203	23486	522	244	0.346	1.830E-65	308	739	769	22203	23486	1284	22197	23513
233452466	1	180	2.348E-43	2	4479	4988	106	152	0.601	2.251E-38	82	209	248	4479	4859	381	4374	4859
233452466	1	180	2.348E-43	2	4479	4988	110	39	0.697	2.185E-01	222	247	248	4911	4988	78	4863	4988
233468891	1	111	1.386E-22	1	30393	30824	704	111	0.427	1.188E-23	19	161	172	30393	30824	432	30369	30974
233480601	-1	428	5.191E-118	1	34452	36866	1166	428	0.334	1.377E-121	409	1207	1210	-36866	-34452	2415	36986	34203
233481035	-1	197	1.791E-48	1	35049	35789	1166	197	0.441	1.919E-46	9	255	288	-35789	-35049	741	36986	34203
233522833	1	183	2.935E-44	2	4431	4988	106	156	0.560	1.319E-39	69	209	248	4431	4859	429	4374	4859
233522833	1	183	2.935E-44	2	4431	4988	110	38	0.677	5.727E-01	222	247	248	4911	4988	78	4863	4988
233537553	-1	263	2.428E-68	1	34932	36524	1166	263	0.318	3.216E-67	1	523	596	-36524	-34932	1593	36986	34203
233540311	1	159	4.924E-37	2	4572	4976	106	120	0.619	2.698E-27	0	96	136	4572	4859	288	4374	4859
233540311	1	159	4.924E-37	2	4572	4976	110	39	0.542	2.185E-01	96	130	136	4878	4976	99	4863	4988
233540651	1	101	1.419E-19	1	4620	4853	106	101	0.638	1.317E-20	2	75	102	4620	4853	234	4374	4859
233559465	-1	78	1.191E-12	1	37241	37816	1124	78	0.276	7.611E-11	5	193	312	-37816	-37241	576	38242	36938
233567118	-1	410	1.361E-112	1	34455	36935	1166	410	0.320	9.197E-116	0	823	841	-36935	-34455	2481	36986	34203
233599520	1	236	3.259E-60	1	22203	23486	522	236	0.331	6.547E-63	20	468	486	22203	23486	1284	22197	23513
233638193	-1	340	1.607E-91	1	34281	36920	1166	340	0.274	2.872E-92	214	965	986	-36920	-34281	2640	36986	34203
233638685	-1	373	1.870E-101	1	34281	36920	1166	373	0.289	3.008E-103	8	874	895	-36920	-34281	2640	36986	34203
233650562	-1	61	1.561E-07	1	27785	28153	1310	61	0.306	4.436E-06	2	123	129	-28153	-27785	369	28420	27716
233665184	-1	232	5.214E-59	1	34248	35636	1166	232	0.320	1.980E-57	181	634	669	-35636	-34248	1389	36986	34203
233715466	-1	71	1.524E-10	1	37304	37867	1124	71	0.262	1.640E-08	33	219	251	-37867	-37304	564	38242	36938
233771665	-1	272	4.742E-71	1	34671	35834	1166	272	0.403	3.913E-70	100	483	493	-35834	-34671	1164	36986	34203
233771879	-1	230	2.085E-58	1	34788	35834	1166	230	0.385	8.300E-57	49	397	437	-35834	-34788	1047	36986	34203
233772018	-1	185	7.338E-45	1	34947	35507	1166	185	0.520	8.848E-43	1	187	191	-35507	-34947	561	36986	34203
233773884	-1	262	4.856E-68	1	34344	35450	1166	262	0.407	4.302E-67	3	363	525	-35450	-34344	1107	36986	34203
233774125	-1	174	1.503E-41	1	35001	35522	1166	174	0.524	2.250E-39	7	180	181	-35522	-35001	522	36986	34203
233774291	-1	313	2.156E-83	1	34284	36320	1166	313	0.305	1.392E-83	41	708	721	-36320	-34284	2037	36986	34203
233775526	-1	226	3.337E-57	1	34839	35864	1166	226	0.386	1.452E-55	20	356	463	-35864	-34839	1026	36986	34203
233775563	-1	308	6.900E-82	1	34788	36920	1166	308	0.292	8.898E-82	1	713	714	-36920	-34788	2133	36986	34203
233775856	-1	335	5.141E-90	1	34284	36551	1166	335	0.297	1.045E-90	15	756	769	-36551	-34284	2268	36986	34203
233775863	-1	327	1.316E-87	1	34284	36317	1166	327	0.314	3.060E-88	0	666	679	-36317	-34284	2034	36986	34203
233776237	-1	269	3.793E-70	1	34272	36557	1166	269	0.259	3.026E-69	2	708	710	-36557	-34272	2286	36986	34203
233776314	-1	386	2.283E-105	1	34284	36830	1166	386	0.302	1.023E-107	606	1454	1467	-36830	-34284	2547	36986	34203
233778306	1	113	3.465E-23	1	4479	4751	106	113	0.618	1.063E-24	40	130	131	4479	4751	273	4374	4859
233778775	1	141	1.291E-31	1	30528	30944	704	141	0.528	1.037E-33	4	142	154	30528	30944	417	30369	30974
233780574	1	138	1.033E-30	1	30414	30797	704	138	0.554	9.316E-33	65	192	195	30414	30797	384	30369	30974
233780867	1	174	1.503E-41	1	30399	30944	704	174	0.505	3.613E-45	63	244	256	30399	30944	546	30369	30974
233792652	1	203	2.799E-50	1	30378	30968	704	203	0.538	3.825E-55	86	282	285	30378	30968	591	30369	30974
233824864	1	123	3.384E-26	1	4401	4853	106	123	0.446	2.177E-28	49	199	201	4401	4853	453	4374	4859
233833887	-1	278	7.409E-73	1	34776	36902	1166	278	0.276	2.695E-72	19	690	829	-36902	-34776	2127	36986	34203
233895289	-1	70	3.048E-10	1	37301	37885	1124	70	0.254	3.822E-08	8	197	232	-37885	-37301	585	38242	36938
233917089	-1	83	3.721E-14	1	37319	37843	1124	83	0.304	1.894E-12	43	217	218	-37843	-37319	525	38242	36938
233922431	1	91	1.453E-16	1	30588	30974	704	91	0.396	1.733E-16	0	128	138	30588	30974	387	30369	30974
233923192	1	105	8.871E-21	1	30594	30974	704	105	0.449	1.747E-21	0	126	138	30594	30974	381	30369	30974
234134033	1	259	3.885E-67	1	22203	23504	522	259	0.355	1.027E-70	320	762	774	22203	23504	1302	22197	23513
234136394	1	260	1.942E-67	1	22203	23489	522	260	0.359	4.048E-71	321	759	769	22203	23489	1287	22197	23513
234198637	1	232	5.214E-59	1	22203	23504	522	232	0.329	1.963E-61	324	767	775	22203	23504	1302	22197	23513
234263964	1	251	9.944E-65	1	22203	23489	522	251	0.350	5.079E-68	345	783	797	22203	23489	1287	22197	23513
234283179	1	250	1.989E-64	1	22266	23513	522	250	0.354	1.755E-67	331	758	760	22266	23513	1248	22197	23513
234336813	1	256	3.108E-66	1	22203	23510	522	256	0.350	9.013E-70	325	771	776	22203	23510	1308	22197	23513
234352350	1	251	9.944E-65	1	22203	23489	522	251	0.348	6.924E-68	318	758	776	22203	23489	1287	22197	23513
234379540	1	263	2.428E-68	1	22203	23504	522	263	0.359	3.378E-72	318	760	772	22203	23504	1302	22197	23513
234380603	1	258	7.769E-67	1	22203	23504	522	258	0.354	2.606E-70	320	762	774	22203	23504	1302	22197	23513
234411413	1	259	3.885E-67	1	22203	23504	522	259	0.357	1.027E-70	313	752	765	22203	23504	1302	22197	23513
234544027	1	248	7.956E-64	1	22203	23504	522	248	0.343	6.061E-67	388	834	841	22203	23504	1302	22197	23513
234660397	1	308	6.900E-82	1	22203	23504	522	308	0.407	2.453E-87	306	720	739	22203	23504	1302	22197	23513
239082832	-1	243	2.546E-62	1	34440	35834	1166	243	0.329	8.418E-61	12	465	484	-35834	-34440	1395	36986	34203
239771823	1	250	1.989E-64	1	22203	23405	522	250	0.368	1.755E-67	316	720	767	22203	23405	1203	22197	23513
239854669	1	264	1.214E-68	1	22203	23489	522	264	0.364	1.815E-72	176	611	626	22203	23489	1287	22197	23513
240385876	1	133	3.305E-29	1	30531	30974	704	133	0.474	4.007E-31	84	234	236	30531	30974	444	30369	30974
240474680	1	159	4.924E-37	1	30378	30968	704	159	0.441	4.059E-40	58	256	263	30378	30968	591	30369	30974
243075389	1	246	3.182E-63	1	22203	23504	522	246	0.340	3.889E-66	319	765	777	22203	23504	1302	22197	23513
244576079	1	183	2.935E-44	1	30381	30968	704	183	0.498	1.904E-48	46	241	253	30381	30968	588	30369	30974
244978028	1	164	1.539E-38	1	30420	30926	704	164	0.510	1.281E-41	1	169	170	30420	30926	507	30369	30974
245465900	1	191	1.147E-46	1	30378	30956	704	191	0.521	4.825E-51	160	352	356	30378	30956	579	30369	30974
246619977	1	174	1.503E-41	1	30384	30974	704	174	0.471	2.638E-45	127	326	327	30384	30974	591	30369	30974
248008354	1	109	5.544E-22	1	30588	30971	704	109	0.460	5.657E-23	0	127	155	30588	30971	384	30369	30974
248026446	1	244	1.273E-62	1	22203	23489	522	244	0.347	9.849E-66	307	738	758	22203	23489	1287	22197	23513
248043656	1	109	5.544E-22	1	4572	4850	106	109	0.585	1.799E-23	5	98	137	4572	4850	279	4374	4859
248044101	1	153	3.152E-35	1	4428	4859	106	153	0.550	8.744E-39	34	175	198	4428	4859	432	4374	4859
248070609	1	126	4.230E-27	1	4440	4799	106	126	0.544	1.755E-29	62	178	194	4440	4799	360	4374	4859
248085620	-1	64	1.951E-08	1	37295	37831	1124	64	0.252	1.484E-06	15	195	215	-37831	-37295	537	38242	36938
248100188	-1	81	1.488E-13	1	37298	37930	1124	81	0.267	7.853E-12	26	235	375	-37930	-37298	633	38242	36938
248102364	-1	72	7.620E-11	1	37298	37597	1124	72	0.400	7.034E-09	35	133	171	-37597	-37298	300	38242	36938
248133746	1	104	1.774E-20	1	4452	4766	106	104	0.513	1.463E-21	40	141	150	4452	4766	315	4374	4859
248142468	1	237	1.629E-60	1	22203	23486	522	237	0.332	2.588E-63	306	754	772	22203	23486	1284	22197	23513
248171396	1	243	2.546E-62	1	22203	23396	522	243	0.364	4.632E-65	308	707	755	22203	23396	1194	22197	23513
248171769	1	247	1.591E-63	1	22203	23486	522	247	0.350	1.535E-66	126	556	574	22203	23486	1284	22197	23513
248192606	1	147	2.017E-33	1	30447	30968	704	147	0.460	5.007E-36	6	178	179	30447	30968	522	30369	30974
248201581	-1	255	6.215E-66	1	34794	36107	1166	255	0.354	8.048E-65	46	484	533	-36107	-34794	1314	36986	34203
248202220	-1	278	7.409E-73	1	34773	36833	1166	278	0.281	4.844E-72	47	714	725	-36833	-34773	2061	36986	34203
248302284	-1	358	6.129E-97	1	34311	36920	1166	358	0.282	2.861E-98	9	888	950	-36920	-34311	2610	36986	34203
248313419	-1	387	1.142E-105	1	34284	36920	1166	387	0.297	4.122E-108	7	869	884	-36920	-34284	2637	36986	34203
248313640	-1	185	7.338E-45	1	34863	35555	1166	185	0.443	8.848E-43	1	228	229	-35555	-34863	693	36986	34203
248314603	-1	263	2.428E-68	1	34344	35450	1166	263	0.409	1.796E-67	3	363	405	-35450	-34344	1107	36986	34203
248315429	-1	241	1.018E-61	1	34476	35450	1166	241	0.417	1.999E-60	3	330	331	-35450	-34476	975	36986	34203
248316335	-1	208	8.747E-52	1	34932	35567	1166	208	0.518	7.027E-50	0	211	221	-35567	-34932	636	36986	34203
248316602	-1	191	1.147E-46	1	34788	35474	1166	191	0.457	9.884E-45	135	363	387	-35474	-34788	687	36986	34203
248318903	-1	442	3.168E-122	1	34338	36866	1166	442	0.332	2.301E-126	29	863	903	-36866	-34338	2529	36986	34203
248320046	1	123	3.384E-26	1	4533	4859	106	123	0.569	2.982E-28	6	115	128	4533	4859	327	4374	4859
248320114	1	114	1.733E-23	1	30588	30944	704	114	0.504	1.335E-24	0	118	136	30588	30944	357	30369	30974
248320144	1	105	8.871E-21	1	4572	4859	106	105	0.553	4.164E-22	0	96	147	4572	4859	288	4374	4859
248321250	1	149	5.042E-34	1	4431	4859	106	149	0.540	2.801E-37	36	176	215	4431	4859	429	4374	4859
248321327	1	140	2.582E-31	1	4431	4853	106	140	0.521	2.869E-34	14	152	158	4431	4853	423	4374	4859
248322265	1	183	2.935E-44	2	4479	4988	106	159	0.623	1.060E-40	49	176	215	4479	4859	381	4374	4859
248322265	1	183	2.935E-44	2	4479	4988	110	34	0.591	1.431E+01	188	214	215	4908	4988	81	4863	4988
248322381	1	132	6.609E-29	2	4572	4976	106	106	0.576	2.222E-22	0	92	132	4572	4847	276	4374	4859
248322381	1	132	6.609E-29	2	4572	4976	110	33	0.505	5.198E+01	101	130	132	4884	4976	93	4863	4988
248362680	-1	433	1.622E-119	1	34311	36926	1166	433	0.319	1.916E-123	450	1327	1332	-36926	-34311	2616	36986	34203
248406044	1	113	3.465E-23	1	30384	30734	704	113	0.505	3.408E-24	53	169	170	30384	30734	351	30369	30974
248415075	-1	407	1.089E-111	1	34299	36920	1166	407	0.306	1.049E-114	0	877	881	-36920	-34299	2622	36986	34203
248682499	1	255	6.215E-66	1	22203	23510	522	255	0.349	2.286E-69	323	769	774	22203	23510	1308	22197	23513
248805963	1	257	1.554E-66	1	22251	23489	522	257	0.361	6.609E-70	344	771	785	22251	23489	1239	22197	23513
248807982	1	260	1.942E-67	1	22203	23504	522	260	0.356	4.048E-71	318	760	772	22203	23504	1302	22197	23513
249013204	1	246	3.182E-63	1	22203	23489	522	246	0.347	2.853E-66	315	750	768	22203	23489	1287	22197	23513
249013521	1	264	1.214E-68	1	22203	23504	522	264	0.360	2.476E-72	318	760	772	22203	23504	1302	22197	23513
249038925	1	314	1.078E-83	1	22203	23492	522	314	0.417	1.221E-89	305	720	738	22203	23492	1290	22197	23513
249046549	1	259	3.885E-67	1	22203	23489	522	259	0.357	1.401E-70	321	759	769	22203	23489	1287	22197	23513
249177377	1	263	2.428E-68	1	22203	23504	522	263	0.359	4.608E-72	63	505	517	22203	23504	1302	22197	23513
254999765	-1	69	6.096E-10	1	27800	28276	1310	69	0.285	6.093E-09	72	225	230	-28276	-27800	477	28420	27716
255192724	1	246	3.182E-63	1	22203	23489	522	246	0.343	3.889E-66	340	782	792	22203	23489	1287	22197	23513
255248528	1	253	2.486E-65	1	22203	23510	522	253	0.347	1.469E-68	321	767	775	22203	23510	1308	22197	23513
255325471	-1	87	2.325E-15	1	37283	37711	1124	87	0.356	1.935E-13	1	141	268	-37711	-37283	429	38242	36938
255897284	1	258	7.769E-67	1	22203	23510	522	258	0.352	3.554E-70	324	770	775	22203	23510	1308	22197	23513
256417723	-1	80	2.977E-13	1	27740	28303	1310	80	0.277	1.259E-12	80	274	283	-28303	-27740	564	28420	27716
257889084	1	166	3.847E-39	1	30384	30974	704	166	0.459	1.943E-42	62	221	231	30384	30974	591	30369	30974
257991826	1	187	1.834E-45	1	20349	20816	462	187	0.608	6.787E-49	121	276	277	20349	20816	468	20091	20855
261581563	1	268	7.587E-70	1	22203	23498	522	268	0.365	1.109E-73	317	757	773	22203	23498	1296	22197	23513
262529385	1	247	1.591E-63	1	22203	23486	522	247	0.350	1.535E-66	289	719	737	22203	23486	1284	22197	23513
262549574	1	177	1.878E-42	1	30384	30974	704	177	0.482	2.132E-46	108	305	306	30384	30974	591	30369	30974
262550242	1	180	2.348E-43	1	30378	30968	704	180	0.487	3.230E-47	119	316	317	30378	30968	591	30369	30974
262552163	1	251	9.944E-65	1	22203	23486	522	251	0.354	6.924E-68	308	738	756	22203	23486	1284	22197	23513
262610785	1	135	8.261E-30	1	4479	4823	106	135	0.589	2.360E-32	30	145	162	4479	4823	345	4374	4859
262616198	1	150	2.521E-34	2	4572	4985	106	117	0.604	4.578E-26	0	96	134	4572	4859	288	4374	4859
262616198	1	150	2.521E-34	2	4572	4985	110	36	0.515	2.859E+00	101	133	134	4884	4985	102	4863	4988
262623425	1	156	3.939E-36	2	4572	4976	106	116	0.602	6.270E-26	0	96	136	4572	4859	288	4374	4859
262623425	1	156	3.939E-36	2	4572	4976	110	40	0.557	8.338E-02	96	130	136	4878	4976	99	4863	4988
262623539	1	113	3.465E-23	1	4452	4850	106	113	0.457	1.063E-24	93	223	259	4452	4850	399	4374	4859
262624423	1	191	1.147E-46	2	4479	4970	106	156	0.613	1.319E-39	55	182	221	4479	4859	381	4374	4859
262624423	1	191	1.147E-46	2	4479	4970	110	35	0.512	7.512E+00	182	214	221	4878	4970	93	4863	4988
262627010	-1	338	6.426E-91	1	34230	36062	1166	338	0.343	1.285E-91	1	611	612	-36062	-34230	1833	36986	34203
262670819	1	174	1.503E-41	1	30384	30974	704	174	0.474	3.613E-45	181	378	379	30384	30974	591	30369	30974
262672095	-1	344	1.004E-92	1	34251	36539	1166	344	0.300	1.061E-93	8	770	778	-36539	-34251	2289	36986	34203
262675657	1	136	4.131E-30	1	30528	30974	704	136	0.487	3.265E-32	4	152	158	30528	30974	447	30369	30974
262742894	-1	250	1.989E-64	1	34776	35801	1166	250	0.415	4.649E-63	3	343	359	-35801	-34776	1026	36986	34203
262746041	-1	320	1.685E-85	1	34620	36674	1166	320	0.306	8.848E-86	0	686	687	-36674	-34620	2055	36986	34203
262756574	-1	90	2.907E-16	1	37232	37795	1124	90	0.305	1.475E-14	94	282	309	-37795	-37232	564	38242	36938
262797103	-1	100	2.839E-19	1	37295	37942	1124	100	0.300	1.106E-17	93	306	340	-37942	-37295	648	38242	36938
262809537	-1	103	3.548E-20	1	37304	38056	1124	103	0.279	1.090E-18	69	316	427	-38056	-37304	753	38242	36938
262836867	1	129	5.287E-28	2	4530	4979	106	110	0.532	7.006E-24	3	109	153	4530	4847	318	4374	4859
262836867	1	129	5.287E-28	2	4530	4979	110	32	0.590	9.914E+01	124	148	153	4905	4979	75	4863	4988
262842583	-1	257	1.554E-66	1	34524	35648	1166	257	0.397	2.520E-65	82	455	465	-35648	-34524	1125	36986	34203
262853745	-1	453	1.547E-125	1	34338	36926	1166	453	0.332	4.363E-130	203	1055	1095	-36926	-34338	2589	36986	34203
262855153	-1	281	9.261E-74	1	34284	35834	1166	281	0.339	3.455E-73	61	569	582	-35834	-34284	1551	36986	34203
262855162	-1	309	3.450E-82	1	34284	36098	1166	309	0.325	3.653E-82	23	619	632	-36098	-34284	1815	36986	34203
262856125	-1	248	7.956E-64	1	34524	35507	1166	248	0.427	1.107E-62	1	324	332	-35507	-34524	984	36986	34203
262856846	-1	442	3.168E-122	1	34311	36956	1166	442	0.322	1.694E-126	5	872	903	-36956	-34311	2646	36986	34203
262857779	-1	314	1.078E-83	1	34974	36836	1166	314	0.323	7.684E-84	2	622	626	-36836	-34974	1863	36986	34203
262858358	-1	340	1.607E-91	1	34305	36539	1166	340	0.303	2.872E-92	0	732	787	-36539	-34305	2235	36986	34203
262858987	-1	437	1.014E-120	1	34353	36905	1166	437	0.327	6.646E-125	212	1054	1099	-36905	-34353	2553	36986	34203
262859373	-1	282	4.631E-74	1	34512	35705	1166	282	0.407	1.431E-73	51	447	457	-35705	-34512	1194	36986	34203
262862242	-1	79	5.953E-13	1	37295	37936	1124	79	0.259	3.250E-11	2	219	394	-37936	-37295	642	38242	36938
262862470	1	160	2.462E-37	1	30477	30944	704	160	0.533	2.965E-40	29	184	196	30477	30944	468	30369	30974
262863958	1	107	2.218E-21	1	4572	4853	106	107	0.570	1.185E-22	0	94	110	4572	4853	282	4374	4859
262914061	1	119	5.414E-25	1	4449	4850	106	119	0.473	9.498E-27	62	194	239	4449	4850	402	4374	4859
263043079	-1	442	3.168E-122	1	34299	36833	1166	442	0.331	2.301E-126	53	889	921	-36833	-34299	2535	36986	34203
263046699	1	172	6.011E-41	1	30378	30950	704	172	0.483	1.740E-44	4	192	197	30378	30950	573	30369	30974
263241263	1	335	5.141E-90	1	22203	23504	522	335	0.432	1.085E-96	311	747	776	22203	23504	1302	22197	23513
263285315	1	252	4.972E-65	1	22203	23504	522	252	0.349	2.732E-68	309	751	763	22203	23504	1302	22197	23513
263386803	1	255	6.215E-66	1	22203	23489	522	255	0.354	2.286E-69	319	757	767	22203	23489	1287	22197	23513
263398616	1	264	1.214E-68	1	22203	23495	522	264	0.359	2.476E-72	338	781	789	22203	23495	1293	22197	23513
263435506	1	241	1.018E-61	1	22203	23504	522	241	0.338	1.173E-64	320	763	775	22203	23504	1302	22197	23513
263517709	1	262	4.856E-68	1	22203	23504	522	262	0.358	1.169E-71	91	533	545	22203	23504	1302	22197	23513
263587811	1	267	1.517E-69	1	22203	23504	522	267	0.362	2.816E-73	324	766	777	22203	23504	1302	22197	23513
263682694	1	259	3.885E-67	1	22203	23489	522	259	0.355	1.401E-70	344	785	801	22203	23489	1287	22197	23513
263684954	1	259	3.885E-67	1	22203	23489	522	259	0.355	7.530E-71	352	795	809	22203	23489	1287	22197	23513
263806475	1	258	7.769E-67	1	22203	23489	522	258	0.355	3.554E-70	297	736	748	22203	23489	1287	22197	23513
268393041	1	119	5.414E-25	1	4440	4859	106	119	0.460	5.063E-27	0	138	174	4440	4859	420	4374	4859
269769406	1	146	4.034E-33	1	30384	30884	704	146	0.472	1.284E-35	75	240	243	30384	30884	501	30369	30974
270301415	1	257	1.554E-66	1	22203	23489	522	257	0.358	4.846E-70	314	748	766	22203	23489	1287	22197	23513
271752081	1	186	3.669E-45	1	30378	30956	704	186	0.509	2.884E-49	161	353	357	30378	30956	579	30369	30974
272518939	1	241	1.018E-61	1	22203	23489	522	241	0.341	1.173E-64	322	758	776	22203	23489	1287	22197	23513
272668566	1	184	1.468E-44	1	30420	30974	704	184	0.523	1.015E-48	1	185	186	30420	30974	555	30369	30974
275243670	1	280	1.852E-73	1	22203	23489	522	280	0.380	5.300E-78	332	766	776	22203	23489	1287	22197	23513
275249455	1	162	6.155E-38	2	4440	4976	106	142	0.537	8.137E-35	55	191	231	4440	4847	408	4374	4859
275249455	1	162	6.155E-38	2	4440	4976	110	34	0.686	1.037E+01	207	229	231	4908	4976	69	4863	4988
275783137	-1	63	3.901E-08	1	27800	28276	1310	63	0.257	5.495E-07	96	268	280	-28276	-27800	477	28420	27716
277080930	1	243	2.546E-62	1	22203	23366	522	243	0.370	2.494E-65	299	690	747	22203	23366	1164	22197	23513
277105497	-1	311	8.625E-83	1	34338	35891	1166	311	0.362	6.152E-83	21	529	569	-35891	-34338	1554	36986	34203
277109954	1	245	6.364E-63	1	22203	23489	522	245	0.348	5.301E-66	307	738	758	22203	23489	1287	22197	23513
277154123	1	113	3.465E-23	1	4545	4835	106	113	0.586	1.063E-24	0	96	145	4545	4835	291	4374	4859
277161212	-1	291	9.044E-77	1	34386	35636	1166	291	0.402	2.965E-76	3	409	463	-35636	-34386	1251	36986	34203
277165306	1	130	2.644E-28	1	4479	4844	106	130	0.550	7.536E-31	70	191	192	4479	4844	366	4374	4859
277192684	-1	72	7.620E-11	1	37277	37717	1124	72	0.306	9.328E-09	1	147	244	-37717	-37277	441	38242	36938
277227675	1	241	1.018E-61	1	22203	23366	522	241	0.368	1.173E-64	306	697	724	22203	23366	1164	22197	23513
277254464	1	248	7.956E-64	1	22203	23486	522	248	0.351	8.263E-67	308	738	756	22203	23486	1284	22197	23513
277254997	1	243	2.546E-62	1	22203	23486	522	243	0.345	4.632E-65	308	739	769	22203	23486	1284	22197	23513
277263750	-1	308	6.900E-82	1	34281	36458	1166	308	0.289	8.898E-82	2	715	736	-36458	-34281	2178	36986	34203
277286319	-1	78	1.191E-12	1	37304	37735	1124	78	0.328	1.342E-10	2	145	146	-37735	-37304	432	38242	36938
277290666	-1	216	3.417E-54	1	34932	35834	1166	216	0.409	1.362E-52	252	553	574	-35834	-34932	903	36986	34203
277296857	-1	100	2.839E-19	1	37298	38113	1124	100	0.261	1.106E-17	49	314	325	-38113	-37298	816	38242	36938
277303243	-1	405	4.355E-111	1	34320	36785	1166	405	0.315	6.508E-114	4	836	838	-36785	-34320	2466	36986	34203
277313048	-1	80	2.977E-13	1	37268	37930	1124	80	0.252	1.842E-11	86	316	360	-37930	-37268	663	38242	36938
277333654	-1	81	1.488E-13	1	37253	37744	1124	81	0.312	7.853E-12	1	156	280	-37744	-37253	492	38242	36938
277334196	-1	71	1.524E-10	1	37154	37516	1124	71	0.323	1.640E-08	26	159	171	-37516	-37154	363	38242	36938
277350661	-1	90	2.907E-16	1	37274	37984	1124	90	0.265	1.964E-14	3	236	334	-37984	-37274	711	38242	36938
277352504	1	127	2.115E-27	1	4446	4850	106	127	0.483	1.281E-29	60	199	242	4446	4850	405	4374	4859
277378120	1	119	5.414E-25	1	4521	4847	106	119	0.554	6.934E-27	0	109	154	4521	4847	327	4374	4859
277378294	1	111	1.386E-22	1	4530	4847	106	111	0.534	5.117E-24	3	109	153	4530	4847	318	4374	4859
277394794	-1	317	1.348E-84	1	34338	36155	1166	317	0.330	9.579E-85	16	615	655	-36155	-34338	1818	36986	34203
277397874	-1	253	2.486E-65	1	34932	36539	1166	253	0.309	3.431E-64	0	532	534	-36539	-34932	1608	36986	34203
277398394	-1	384	9.132E-105	1	34344	36635	1166	384	0.322	6.300E-107	25	780	822	-36635	-34344	2292	36986	34203
277398870	-1	316	2.695E-84	1	34800	36797	1166	316	0.310	1.737E-84	5	670	697	-36797	-34800	1998	36986	34203
277399022	-1	339	3.213E-91	1	34383	36734	1166	339	0.293	5.230E-92	9	785	820	-36734	-34383	2352	36986	34203
277399129	-1	448	4.951E-124	1	34338	36866	1166	448	0.334	2.336E-128	518	1352	1392	-36866	-34338	2529	36986	34203
277399141	-1	280	1.852E-73	1	34305	35507	1166	280	0.402	1.118E-72	1	389	411	-35507	-34305	1203	36986	34203
277399814	-1	364	9.576E-99	1	34284	36824	1166	364	0.291	3.116E-100	156	1006	1019	-36824	-34284	2541	36986	34203
277400035	-1	222	5.339E-56	1	34815	35555	1166	222	0.485	2.524E-54	105	351	352	-35555	-34815	741	36986	34203
277400188	-1	233	2.607E-59	1	34788	35864	1166	233	0.380	8.376E-58	77	437	449	-35864	-34788	1077	36986	34203
277400539	-1	366	2.394E-99	1	34338	36488	1166	366	0.325	5.100E-101	0	706	746	-36488	-34338	2151	36986	34203
277401072	-1	337	1.285E-90	1	34239	36728	1166	337	0.282	2.338E-91	5	823	824	-36728	-34239	2490	36986	34203
277403157	1	113	3.465E-23	1	4482	4796	106	113	0.553	5.666E-25	10	114	138	4482	4796	315	4374	4859
277403286	1	118	1.083E-24	1	30588	30941	704	118	0.520	8.020E-26	0	117	130	30588	30941	354	30369	30974
277403785	1	201	1.120E-49	1	30384	30944	704	201	0.558	9.836E-55	50	236	248	30384	30944	561	30369	30974
277405804	1	110	2.772E-22	1	4572	4859	106	110	0.574	9.594E-24	0	96	129	4572	4859	288	4374	4859
277406598	1	145	8.068E-33	2	4572	4988	106	110	0.574	9.594E-24	0	96	135	4572	4859	288	4374	4859
277406598	1	145	8.068E-33	2	4572	4988	110	38	0.528	5.727E-01	101	134	135	4884	4988	105	4863	4988
277449068	1	123	3.384E-26	1	4479	4823	106	123	0.546	2.982E-28	16	131	188	4479	4823	345	4374	4859
277489452	-1	91	1.453E-16	1	37304	37951	1124	91	0.282	8.317E-15	21	233	345	-37951	-37304	648	38242	36938
277489914	-1	404	8.709E-111	1	34275	36926	1166	404	0.303	1.620E-113	6	884	900	-36926	-34275	2652	36986	34203
277492231	1	157	1.970E-36	2	4530	4988	106	122	0.561	7.665E-28	28	138	177	4530	4859	330	4374	4859
277492231	1	157	1.970E-36	2	4530	4988	110	38	0.523	7.899E-01	143	176	177	4884	4988	105	4863	4988
277497760	-1	372	3.741E-101	1	34377	36617	1166	372	0.318	4.069E-103	2	758	789	-36617	-34377	2241	36986	34203
277507344	-1	54	1.998E-05	1	27974	28288	1310	54	0.310	5.080E-04	46	152	208	-28288	-27974	315	28420	27716
277531730	-1	284	1.158E-74	1	34707	35960	1166	284	0.394	4.419E-74	0	418	419	-35960	-34707	1254	36986	34203
277542392	-1	103	3.548E-20	1	37295	37930	1124	103	0.308	1.457E-18	96	308	312	-37930	-37295	636	38242	36938
277548938	1	180	2.348E-43	1	30378	30974	704	180	0.484	2.358E-47	90	289	298	30378	30974	597	30369	30974
277979721	1	266	3.035E-69	1	22203	23492	522	266	0.365	3.842E-73	317	753	769	22203	23492	1290	22197	23513
278014330	1	261	9.711E-68	1	22203	23504	522	261	0.357	2.968E-71	174	616	628	22203	23504	1302	22197	23513
278025668	1	260	1.942E-67	1	22203	23504	522	260	0.358	5.521E-71	314	753	766	22203	23504	1302	22197	23513
278103405	1	263	2.428E-68	1	22203	23504	522	263	0.359	6.285E-72	320	762	774	22203	23504	1302	22197	23513
278148125	1	245	6.364E-63	1	22206	23504	522	245	0.343	5.301E-66	310	750	763	22206	23504	1299	22197	23513
278178961	1	263	2.428E-68	1	22203	23489	522	263	0.363	4.608E-72	320	755	770	22203	23489	1287	22197	23513
278193997	1	253	2.486E-65	1	22203	23504	522	253	0.350	1.078E-68	315	757	769	22203	23504	1302	22197	23513
278314763	1	250	1.989E-64	1	22203	23492	522	250	0.348	1.755E-67	354	793	810	22203	23492	1290	22197	23513
281067100	1	147	2.017E-33	1	30432	30953	704	147	0.458	9.378E-36	1	174	177	30432	30953	522	30369	30974
282934141	1	121	1.354E-25	1	4449	4859	106	121	0.473	1.438E-27	39	173	194	4449	4859	411	4374	4859
286047221	1	254	1.243E-65	1	22203	23513	522	254	0.350	4.250E-69	330	773	775	22203	23513	1311	22197	23513
289831563	1	176	3.757E-42	1	30378	30968	704	176	0.480	7.500E-46	163	359	372	30378	30968	591	30369	30974
290561345	1	249	3.978E-64	1	22203	23489	522	249	0.346	2.392E-67	290	731	746	22203	23489	1287	22197	23513
291610340	-1	100	2.839E-19	1	37304	37930	1124	100	0.306	1.106E-17	87	295	406	-37930	-37304	627	38242	36938
291766242	1	244	1.273E-62	1	22203	23486	522	244	0.347	1.830E-65	365	795	813	22203	23486	1284	22197	23513
291803676	1	178	9.392E-43	2	4479	4988	106	133	0.544	1.139E-31	71	196	238	4479	4850	372	4374	4859
291803676	1	178	9.392E-43	2	4479	4988	110	46	0.567	1.292E-03	199	237	238	4878	4988	111	4863	4988
291805001	-1	97	2.271E-18	1	37283	37963	1124	97	0.286	8.354E-17	116	342	440	-37963	-37283	681	38242	36938
291805350	-1	285	5.788E-75	1	34281	35837	1166	285	0.341	2.454E-74	39	545	566	-35837	-34281	1557	36986	34203
291828273	-1	247	1.591E-63	1	34524	35501	1166	247	0.427	2.635E-62	82	404	410	-35501	-34524	978	36986	34203
291830128	-1	245	6.364E-63	1	34626	35786	1166	245	0.375	1.117E-61	196	580	628	-35786	-34626	1161	36986	34203
291842033	1	144	1.614E-32	2	4383	4976	106	126	0.464	1.755E-29	22	168	217	4383	4823	441	4374	4859
291842033	1	144	1.614E-32	2	4383	4976	110	34	0.528	1.431E+01	186	215	217	4884	4976	93	4863	4988
291844598	-1	430	1.298E-118	1	34344	36821	1166	430	0.328	2.993E-122	10	843	852	-36821	-34344	2478	36986	34203
291844866	-1	337	1.285E-90	1	34344	36155	1166	337	0.345	2.338E-91	111	710	718	-36155	-34344	1812	36986	34203
291844912	-1	389	2.854E-106	1	34521	36821	1166	389	0.308	1.660E-108	320	1147	1161	-36821	-34521	2301	36986	34203
291877650	-1	89	5.813E-16	1	37295	37774	1124	89	0.334	4.636E-14	11	171	210	-37774	-37295	480	38242	36938
291909813	-1	95	9.084E-18	1	37304	37966	1124	95	0.286	4.705E-16	108	325	428	-37966	-37304	663	38242	36938
291936361	-1	281	9.261E-74	1	34284	35567	1166	281	0.385	4.634E-73	0	418	431	-35567	-34284	1284	36986	34203
291936739	-1	433	1.622E-119	2	34302	37993	1124	94	0.272	1.115E-15	202	438	1372	-37993	-37298	696	38242	36938
291936739	-1	433	1.622E-119	2	34302	37993	1166	422	0.319	7.270E-120	523	1337	1372	-36860	-34302	2559	36986	34203
291937298	-1	392	3.567E-107	1	34284	36830	1166	392	0.305	1.467E-109	522	1369	1382	-36830	-34284	2547	36986	34203
291937496	-1	370	1.496E-100	1	34353	36767	1166	370	0.304	2.492E-102	55	850	889	-36767	-34353	2415	36986	34203
291937925	-1	384	9.132E-105	1	34332	36635	1166	384	0.321	6.300E-107	25	784	792	-36635	-34332	2304	36986	34203
291939272	-1	314	1.078E-83	1	34338	35891	1166	314	0.364	1.034E-83	6	514	589	-35891	-34338	1554	36986	34203
291942438	-1	383	1.826E-104	1	34239	36824	1166	383	0.298	8.529E-107	0	853	855	-36824	-34239	2586	36986	34203
291942670	-1	242	5.092E-62	1	34989	36320	1166	242	0.339	1.123E-60	16	456	495	-36320	-34989	1332	36986	34203
291942734	-1	440	1.267E-121	2	34311	37717	1124	71	0.315	1.640E-08	7	145	1088	-37717	-37301	417	38242	36938
291942734	-1	440	1.267E-121	2	34311	37717	1166	437	0.327	9.022E-125	215	1057	1088	-36863	-34311	2553	36986	34203
291943235	-1	288	7.235E-76	1	34299	35813	1166	288	0.350	1.737E-75	15	508	526	-35813	-34299	1515	36986	34203
291943690	-1	417	1.063E-114	1	34302	36839	1166	417	0.319	3.826E-118	1	788	823	-36839	-34302	2538	36986	34203
291946304	1	145	8.068E-33	2	4572	4988	106	110	0.574	9.594E-24	0	96	135	4572	4859	288	4374	4859
291946304	1	145	8.068E-33	2	4572	4988	110	38	0.528	5.727E-01	101	134	135	4884	4988	105	4863	4988
291946729	1	126	4.230E-27	1	4542	4859	106	126	0.595	2.405E-29	2	108	140	4542	4859	318	4374	4859
291946781	1	104	1.774E-20	1	4572	4820	106	104	0.620	1.463E-21	0	82	111	4572	4820	249	4374	4859
291947012	1	123	3.384E-26	1	4557	4859	106	123	0.607	2.177E-28	5	106	145	4557	4859	303	4374	4859
291963030	-1	67	2.438E-09	1	37295	37474	1124	67	0.560	2.071E-07	15	74	110	-37474	-37295	180	38242	36938
291997548	1	176	3.757E-42	1	30441	30974	704	176	0.517	7.500E-46	42	220	221	30441	30974	534	30369	30974
292004613	1	116	4.331E-24	1	4473	4859	106	116	0.474	6.270E-26	70	200	236	4473	4859	387	4374	4859
292053043	-1	78	1.191E-12	1	37343	37819	1124	78	0.309	1.011E-10	27	185	194	-37819	-37343	477	38242	36938
292090111	1	129	5.287E-28	1	30576	30968	704	129	0.515	1.257E-29	6	136	150	30576	30968	393	30369	30974
292090814	1	143	3.227E-32	1	30384	30863	704	143	0.480	1.154E-34	53	212	244	30384	30863	480	30369	30974
292126255	-1	65	9.753E-09	1	27797	28276	1310	65	0.274	1.230E-07	12	167	174	-28276	-27797	480	28420	27716
292318972	1	362	3.830E-98	1	22203	23510	522	362	0.457	4.631E-106	278	715	742	22203	23510	1308	22197	23513
292433068	1	264	1.214E-68	1	22203	23504	522	264	0.360	2.476E-72	319	761	773	22203	23504	1302	22197	23513
292438779	1	260	1.942E-67	1	22203	23486	522	260	0.353	5.521E-71	317	765	792	22203	23486	1284	22197	23513
292533874	1	188	9.172E-46	1	22596	23504	522	188	0.349	1.788E-46	5	331	343	22596	23504	909	22197	23513
292616759	1	247	1.591E-63	1	22203	23489	522	247	0.345	1.535E-66	319	759	776	22203	23489	1287	22197	23513
292638627	1	258	7.769E-67	1	22206	23504	522	258	0.355	2.606E-70	318	759	771	22206	23504	1299	22197	23513
292638820	1	262	4.856E-68	1	22203	23504	522	262	0.359	1.169E-71	315	755	767	22203	23504	1302	22197	23513
292665199	1	259	3.885E-67	1	22203	23489	522	259	0.355	7.530E-71	346	789	803	22203	23489	1287	22197	23513
292785066	1	251	9.944E-65	1	22203	23489	522	251	0.350	5.079E-68	313	750	764	22203	23489	1287	22197	23513
292801893	1	264	1.214E-68	1	22203	23504	522	264	0.360	2.476E-72	174	616	628	22203	23504	1302	22197	23513
292803378	1	244	1.273E-62	1	22203	23492	522	244	0.343	1.342E-65	319	758	774	22203	23492	1290	22197	23513
292826495	1	258	7.769E-67	1	22203	23492	522	258	0.358	2.606E-70	275	710	717	22203	23492	1290	22197	23513
292839693	1	531	5.119E-149	2	20325	23384	462	238	0.679	2.444E-66	55	228	849	20325	20843	519	20091	20855
292839693	1	531	5.119E-149	2	20325	23384	522	293	0.422	1.831E-82	228	607	849	22203	23384	1182	22197	23513
296450351	1	181	1.174E-43	1	20226	20843	462	181	0.474	1.392E-46	81	280	383	20226	20843	618	20091	20855
297244320	-1	306	2.760E-81	1	34287	35891	1166	306	0.351	2.914E-81	42	566	583	-35891	-34287	1605	36986	34203
297476475	1	126	4.230E-27	1	4437	4859	106	126	0.477	3.294E-29	4	143	179	4437	4859	423	4374	4859
298891420	-1	82	7.441E-14	1	27800	28354	1310	82	0.290	3.719E-13	104	283	294	-28354	-27800	555	28420	27716
300159346	-1	70	3.048E-10	1	27800	28276	1310	70	0.281	3.335E-09	61	225	255	-28276	-27800	477	28420	27716
301126313	1	266	3.035E-69	1	22203	23489	522	266	0.370	3.842E-73	323	749	759	22203	23489	1287	22197	23513
301288005	1	254	1.243E-65	1	22203	23492	522	254	0.352	4.250E-69	337	776	788	22203	23492	1290	22197	23513
303176083	1	256	3.108E-66	1	22203	23504	522	256	0.353	1.676E-69	314	754	767	22203	23504	1302	22197	23513
303994212	-1	71	1.524E-10	1	27800	28276	1310	71	0.290	1.824E-09	72	225	230	-28276	-27800	477	28420	27716
304756522	1	175	7.514E-42	1	30384	30974	704	175	0.478	1.027E-45	185	382	383	30384	30974	591	30369	30974
305370812	-1	103	3.548E-20	1	37121	37930	1124	103	0.267	1.457E-18	191	459	509	-37930	-37121	810	38242	36938
306151391	1	246	3.182E-63	1	22197	23363	522	246	0.372	3.889E-66	306	698	756	22197	23363	1167	22197	23513
306211610	1	127	2.115E-27	1	4467	4859	106	127	0.507	9.353E-30	50	181	219	4467	4859	393	4374	4859
306215744	1	115	8.663E-24	1	4533	4859	106	115	0.543	1.611E-25	13	121	129	4533	4859	327	4374	4859
306249148	1	105	8.871E-21	1	4479	4754	106	105	0.576	5.701E-22	82	173	175	4479	4754	276	4374	4859
306283293	-1	104	1.774E-20	1	37256	37795	1124	104	0.348	4.563E-19	19	198	299	-37795	-37256	540	38242	36938
306285884	1	183	2.935E-44	2	4479	4988	106	152	0.601	2.251E-38	82	209	248	4479	4859	381	4374	4859
306285884	1	183	2.935E-44	2	4479	4988	110	40	0.659	1.585E-01	220	247	248	4905	4988	84	4863	4988
306301461	1	118	1.083E-24	1	4440	4835	106	118	0.476	1.782E-26	27	148	151	4440	4835	396	4374	4859
306346952	-1	283	2.315E-74	1	34281	35636	1166	283	0.372	1.067E-73	104	545	566	-35636	-34281	1356	36986	34203
306366573	-1	274	1.185E-71	1	34227	35567	1166	274	0.367	9.064E-71	0	432	436	-35567	-34227	1341	36986	34203
306366997	-1	58	1.248E-06	1	28001	28276	1310	58	0.361	2.640E-05	29	118	175	-28276	-28001	276	28420	27716
306373199	-1	319	3.369E-85	1	34335	36587	1166	319	0.289	2.162E-85	455	1190	1225	-36587	-34335	2253	36986	34203
306377447	-1	387	1.142E-105	1	34419	36926	1166	387	0.300	4.122E-108	9	870	884	-36926	-34419	2508	36986	34203
306392055	-1	86	4.651E-15	1	37112	37534	1124	86	0.357	3.424E-13	33	173	247	-37534	-37112	423	38242	36938
306421209	-1	91	1.453E-16	1	37241	37843	1124	91	0.296	6.243E-15	17	208	273	-37843	-37241	603	38242	36938
306461339	1	124	1.692E-26	1	4479	4847	106	124	0.518	1.160E-28	69	193	237	4479	4847	369	4374	4859
306479527	-1	301	8.832E-80	1	34239	35813	1166	301	0.351	1.019E-79	65	576	577	-35813	-34239	1575	36986	34203
306480325	-1	448	4.951E-124	1	34338	36866	1166	448	0.334	2.336E-128	512	1346	1386	-36866	-34338	2529	36986	34203
306481671	-1	446	1.980E-123	1	34338	36866	1166	446	0.333	1.079E-127	336	1170	1210	-36866	-34338	2529	36986	34203
306482214	-1	441	6.337E-122	1	34302	36968	1166	441	0.320	5.758E-126	14	876	911	-36968	-34302	2667	36986	34203
306482244	-1	231	1.043E-58	1	34788	35834	1166	231	0.386	4.679E-57	61	409	434	-35834	-34788	1047	36986	34203
306482950	-1	276	2.964E-72	1	34305	35507	1166	276	0.399	1.167E-71	1	392	414	-35507	-34305	1203	36986	34203
306482963	-1	256	3.108E-66	1	34671	35798	1166	256	0.395	4.504E-65	77	446	458	-35798	-34671	1128	36986	34203
306483133	-1	278	7.409E-73	1	34461	35687	1166	278	0.394	4.844E-72	59	464	496	-35687	-34461	1227	36986	34203
306484580	-1	317	1.348E-84	1	34311	35882	1166	317	0.364	9.579E-85	0	514	545	-35882	-34311	1572	36986	34203
306485098	-1	298	7.066E-79	1	34338	35651	1166	298	0.395	1.460E-78	102	531	571	-35651	-34338	1314	36986	34203
306485104	-1	386	2.283E-105	1	34344	36635	1166	386	0.323	1.023E-107	25	780	822	-36635	-34344	2292	36986	34203
306486647	1	109	5.544E-22	1	4572	4859	106	109	0.569	2.463E-23	0	96	151	4572	4859	288	4374	4859
306487228	1	138	1.033E-30	2	4572	4988	106	104	0.556	1.463E-21	0	94	135	4572	4853	282	4374	4859
306487228	1	138	1.033E-30	2	4572	4988	110	36	0.441	2.073E+00	98	134	135	4863	4988	126	4863	4988
306487718	1	109	5.544E-22	1	4572	4850	106	109	0.587	1.314E-23	0	93	94	4572	4850	279	4374	4859
306487849	1	148	1.008E-33	1	4431	4859	106	148	0.538	5.261E-37	44	184	207	4431	4859	429	4374	4859
306487853	1	152	6.303E-35	1	30504	30944	704	152	0.538	1.158E-37	11	157	169	30504	30944	441	30369	30974
306487893	1	115	8.663E-24	1	30588	30938	704	115	0.513	7.148E-25	0	116	136	30588	30938	351	30369	30974
306488060	1	155	7.879E-36	2	4548	4988	106	123	0.590	4.085E-28	13	117	156	4548	4859	312	4374	4859
306488060	1	155	7.879E-36	2	4548	4988	110	35	0.489	7.512E+00	122	155	156	4884	4988	105	4863	4988
306528405	-1	271	9.484E-71	1	35013	36578	1166	271	0.325	9.407E-70	19	547	548	-36578	-35013	1566	36986	34203
306630328	1	125	8.460E-27	1	30420	30839	704	125	0.478	2.104E-28	1	140	142	30420	30839	420	30369	30974
306862128	1	256	3.108E-66	1	22203	23504	522	256	0.352	1.676E-69	174	616	628	22203	23504	1302	22197	23513
306873858	1	252	4.972E-65	1	22203	23504	522	252	0.348	2.004E-68	325	768	775	22203	23504	1302	22197	23513
307025877	1	265	6.070E-69	1	22203	23501	522	265	0.356	1.331E-72	316	767	792	22203	23501	1299	22197	23513
307044349	1	260	1.942E-67	1	22203	23486	522	260	0.353	5.521E-71	317	764	791	22203	23486	1284	22197	23513
307057146	1	242	5.092E-62	1	22203	23339	522	242	0.369	6.313E-65	317	708	744	22203	23339	1137	22197	23513
307060854	1	261	9.711E-68	1	22203	23504	522	261	0.359	1.595E-71	382	822	834	22203	23504	1302	22197	23513
307062881	1	254	1.243E-65	1	22203	23492	522	254	0.350	5.796E-69	329	772	781	22203	23492	1290	22197	23513
307093583	1	268	7.587E-70	1	22203	23504	522	268	0.362	8.127E-74	321	767	772	22203	23504	1302	22197	23513
307128189	1	269	3.793E-70	1	22203	23504	522	269	0.365	5.957E-74	314	755	767	22203	23504	1302	22197	23513
307172486	1	250	1.989E-64	1	22203	23492	522	250	0.349	9.440E-68	323	761	776	22203	23492	1290	22197	23513
307212631	1	259	3.885E-67	1	22203	23498	522	259	0.350	1.401E-70	324	776	802	22203	23498	1296	22197	23513
307251557	1	267	1.517E-69	1	22203	23498	522	267	0.364	2.816E-73	317	757	773	22203	23498	1296	22197	23513
307308671	1	258	7.769E-67	1	22203	23504	522	258	0.355	1.910E-70	320	762	774	22203	23504	1302	22197	23513
307412639	1	354	9.806E-96	1	22203	23504	522	354	0.450	3.302E-103	316	752	785	22203	23504	1302	22197	23513
310230590	1	187	1.834E-45	1	20274	20843	462	187	0.510	9.283E-49	150	343	369	20274	20843	570	20091	20855
312017452	1	103	3.548E-20	1	4488	4838	106	103	0.467	2.002E-21	0	117	128	4488	4838	351	4374	4859
314232992	1	280	1.852E-73	1	22203	23492	522	280	0.380	5.300E-78	322	756	765	22203	23492	1290	22197	23513
314577372	1	170	2.404E-40	1	30384	30974	704	170	0.466	8.382E-44	133	330	331	30384	30974	591	30369	30974
317010472	-1	259	3.885E-67	1	27722	28402	1310	259	0.586	4.437E-74	210	436	437	-28402	-27722	681	28420	27716
318013043	1	246	3.182E-63	1	22203	23486	522	246	0.346	2.853E-66	175	611	628	22203	23486	1284	22197	23513
320679206	1	237	1.629E-60	1	22203	23366	522	237	0.363	3.527E-63	309	700	757	22203	23366	1164	22197	23513
320706996	1	250	1.989E-64	1	22203	23363	522	250	0.378	1.287E-67	308	698	756	22203	23363	1161	22197	23513
320715746	-1	66	4.877E-09	1	27920	28276	1310	66	0.333	6.752E-08	4	120	124	-28276	-27920	357	28420	27716
320715970	1	158	9.848E-37	1	30432	30896	704	158	0.531	1.426E-39	9	163	171	30432	30896	465	30369	30974
320738276	1	240	2.037E-61	1	22203	23396	522	240	0.361	4.044E-64	309	708	756	22203	23396	1194	22197	23513
320818081	-1	100	2.839E-19	1	37208	37849	1124	100	0.303	8.284E-18	2	215	224	-37849	-37208	642	38242	36938
320821165	-1	86	4.651E-15	1	37301	37930	1124	86	0.278	2.574E-13	44	253	287	-37930	-37301	630	38242	36938
320825247	1	111	1.386E-22	1	30588	30968	704	111	0.470	1.188E-23	0	126	131	30588	30968	381	30369	30974
320826178	1	190	2.293E-46	1	30393	30968	704	190	0.520	1.240E-50	8	197	220	30393	30968	576	30369	30974
320886697	1	111	1.386E-22	1	4479	4793	106	111	0.541	2.729E-24	89	194	195	4479	4793	315	4374	4859
320888576	1	112	6.930E-23	1	4446	4769	106	112	0.536	1.455E-24	40	143	146	4446	4769	324	4374	4859
320888700	1	124	1.692E-26	1	4467	4847	106	124	0.509	1.160E-28	65	192	211	4467	4847	381	4374	4859
320901649	-1	297	1.413E-78	1	34299	35501	1166	297	0.420	3.544E-78	3	395	422	-35501	-34299	1203	36986	34203
320914777	-1	242	5.092E-62	1	34794	36134	1166	242	0.337	1.123E-60	20	463	547	-36134	-34794	1341	36986	34203
320953281	-1	50	3.196E-04	1	27956	28207	1310	50	0.343	1.285E-02	13	93	94	-28207	-27956	252	28420	27716
320992820	-1	424	8.306E-117	1	34368	36911	1166	424	0.321	2.146E-120	6	849	892	-36911	-34368	2544	36986	34203
320993470	-1	91	1.453E-16	1	37277	38056	1124	91	0.252	1.108E-14	59	313	411	-38056	-37277	780	38242	36938
321001052	1	114	1.733E-23	1	4530	4847	106	114	0.548	3.021E-25	3	109	153	4530	4847	318	4374	4859
321007538	-1	55	9.988E-06	1	27785	28171	1310	55	0.278	3.783E-04	8	133	150	-28171	-27785	387	28420	27716
321020713	-1	255	6.215E-66	1	34524	35567	1166	255	0.417	8.048E-65	0	344	356	-35567	-34524	1044	36986	34203
321020890	-1	254	1.243E-65	1	34800	36386	1166	254	0.312	2.567E-64	18	543	573	-36386	-34800	1587	36986	34203
321021061	-1	256	3.108E-66	1	34284	35501	1166	256	0.374	3.369E-65	1	398	411	-35501	-34284	1218	36986	34203
321021274	-1	226	3.337E-57	1	34653	35480	1166	226	0.451	1.932E-55	2	272	300	-35480	-34653	828	36986	34203
321021539	-1	240	2.037E-61	1	34932	35891	1166	240	0.423	6.325E-60	117	435	461	-35891	-34932	960	36986	34203
321022288	-1	292	4.522E-77	1	34284	36551	1166	292	0.273	9.115E-77	549	1291	1304	-36551	-34284	2268	36986	34203
321023229	-1	273	2.371E-71	1	34380	35813	1166	273	0.350	1.627E-70	15	480	587	-35813	-34380	1434	36986	34203
321023690	-1	312	4.313E-83	1	34311	35900	1166	312	0.357	3.396E-83	2	523	531	-35900	-34311	1590	36986	34203
321023935	-1	301	8.832E-80	1	34386	36920	1166	301	0.261	1.371E-79	1	794	1061	-36920	-34386	2535	36986	34203
321024052	-1	264	1.214E-68	1	34284	35507	1166	264	0.381	1.003E-67	0	399	412	-35507	-34284	1224	36986	34203
321024126	-1	303	2.208E-80	1	34305	35864	1166	303	0.355	3.119E-80	90	600	622	-35864	-34305	1560	36986	34203
321024273	-1	263	2.428E-68	1	34656	35837	1166	263	0.390	2.403E-67	159	550	553	-35837	-34656	1182	36986	34203
321025692	-1	301	8.832E-80	1	34338	35789	1166	301	0.371	1.019E-79	11	485	525	-35789	-34338	1452	36986	34203
321029356	1	139	5.163E-31	2	4572	4988	106	104	0.547	1.463E-21	0	96	135	4572	4859	288	4374	4859
321029356	1	139	5.163E-31	2	4572	4988	110	38	0.528	5.727E-01	101	134	135	4884	4988	105	4863	4988
321029944	1	101	1.419E-19	1	4620	4859	106	101	0.621	9.625E-21	5	85	124	4620	4859	240	4374	4859
321030669	1	116	4.331E-24	1	30588	30944	704	116	0.510	2.800E-25	0	118	130	30588	30944	357	30369	30974
321030898	1	145	8.068E-33	1	30450	30944	704	145	0.474	2.404E-35	20	178	190	30450	30944	495	30369	30974
321070502	1	123	3.384E-26	1	4479	4859	106	123	0.501	2.982E-28	16	144	162	4479	4859	381	4374	4859
321071547	1	96	4.542E-18	1	4572	4847	106	96	0.533	4.158E-19	0	92	135	4572	4847	276	4374	4859
321147500	1	108	1.109E-21	1	4536	4859	106	108	0.518	6.323E-23	3	110	146	4536	4859	324	4374	4859
321166192	-1	99	5.677E-19	1	37130	37843	1124	99	0.281	2.633E-17	134	369	451	-37843	-37130	714	38242	36938
321172420	1	162	6.155E-38	1	30378	30974	704	162	0.445	6.162E-41	39	238	242	30378	30974	597	30369	30974
321174634	-1	91	1.453E-16	1	37304	37945	1124	91	0.285	6.243E-15	156	368	373	-37945	-37304	642	38242	36938
321532854	1	261	9.711E-68	1	22203	23504	522	261	0.358	1.595E-71	318	760	772	22203	23504	1302	22197	23513
321621400	1	251	9.944E-65	1	22203	23492	522	251	0.347	6.924E-68	332	775	784	22203	23492	1290	22197	23513
321782544	1	266	3.035E-69	1	22203	23489	522	266	0.362	5.241E-73	320	761	771	22203	23489	1287	22197	23513
321799973	1	250	1.989E-64	1	22203	23489	522	250	0.348	1.287E-67	316	755	769	22203	23489	1287	22197	23513
321977176	1	253	2.486E-65	1	22203	23492	522	253	0.353	1.469E-68	330	766	775	22203	23492	1290	22197	23513
327294783	1	253	2.486E-65	1	22203	23489	522	253	0.352	1.469E-68	331	768	786	22203	23489	1287	22197	23513
327815597	1	263	2.428E-68	1	22266	23504	522	263	0.376	6.285E-72	307	716	724	22266	23504	1239	22197	23513
329116405	-1	66	4.877E-09	1	27770	28396	1310	66	0.238	6.752E-08	154	343	354	-28396	-27770	627	28420	27716
330033732	1	183	2.935E-44	1	30378	30968	704	183	0.496	1.904E-48	158	354	368	30378	30968	591	30369	30974
331084574	1	259	3.885E-67	1	22203	23489	522	259	0.355	1.401E-70	335	777	787	22203	23489	1287	22197	23513
331146745	1	125	8.460E-27	1	30378	30773	704	125	0.497	2.104E-28	15	147	159	30378	30773	396	30369	30974
331258298	1	186	3.669E-45	1	30378	30974	704	186	0.497	1.537E-49	69	268	270	30378	30974	597	30369	30974
331595437	1	204	1.400E-50	1	22203	23483	522	204	0.308	4.590E-52	315	745	772	22203	23483	1281	22197	23513
332283203	1	259	3.885E-67	1	22203	23504	522	259	0.358	1.401E-70	316	752	763	22203	23504	1302	22197	23513
332928249	1	108	1.109E-21	1	30408	30734	704	108	0.514	2.691E-22	21	129	130	30408	30734	327	30369	30974
334263855	-1	100	2.839E-19	1	37121	37963	1124	100	0.256	1.477E-17	180	459	509	-37963	-37121	843	38242	36938
334285512	-1	73	3.810E-11	1	27800	28276	1310	73	0.295	4.027E-10	72	225	230	-28276	-27800	477	28420	27716
334409077	-1	61	1.561E-07	1	27746	28330	1310	61	0.227	4.436E-06	158	366	380	-28330	-27746	585	28420	27716
335222298	1	244	1.273E-62	1	22203	23396	522	244	0.366	1.342E-65	308	707	755	22203	23396	1194	22197	23513
335246765	1	240	2.037E-61	1	22203	23486	522	240	0.344	4.044E-64	308	737	756	22203	23486	1284	22197	23513
335250066	1	233	2.607E-59	1	22203	23486	522	233	0.338	1.058E-61	309	720	742	22203	23486	1284	22197	23513
335327071	-1	282	4.631E-74	1	34317	35567	1166	282	0.393	1.920E-73	0	406	433	-35567	-34317	1251	36986	34203
335331274	1	102	7.097E-20	1	4572	4859	106	102	0.540	5.137E-21	0	96	129	4572	4859	288	4374	4859
335332239	1	188	9.172E-46	2	4479	4976	106	154	0.606	6.380E-39	49	176	216	4479	4859	381	4374	4859
335332239	1	188	9.172E-46	2	4479	4976	110	40	0.687	1.149E-01	184	210	216	4896	4976	81	4863	4988
335344960	-1	66	4.877E-09	1	27800	28267	1310	66	0.281	5.002E-08	0	147	148	-28267	-27800	468	28420	27716
335360936	-1	107	2.218E-21	1	37295	37942	1124	107	0.313	5.959E-20	104	320	425	-37942	-37295	648	38242	36938
335383599	1	107	2.218E-21	1	4485	4790	106	107	0.538	1.185E-22	47	148	149	4485	4790	306	4374	4859
335421156	1	247	1.591E-63	1	22197	23363	522	247	0.373	1.535E-66	306	698	756	22197	23363	1167	22197	23513
335429456	-1	310	1.725E-82	1	34281	36458	1166	310	0.290	2.018E-82	2	715	736	-36458	-34281	2178	36986	34203
335501986	-1	88	1.163E-15	1	36959	37972	1124	88	0.217	8.212E-14	96	383	389	-37972	-36959	1014	38242	36938
335514927	1	248	7.956E-64	1	22203	23363	522	248	0.375	8.263E-67	308	698	756	22203	23363	1161	22197	23513
335517868	-1	102	7.097E-20	1	37304	37849	1124	102	0.339	3.476E-18	89	270	352	-37849	-37304	546	38242	36938
335542822	1	119	5.414E-25	1	4530	4847	106	119	0.568	5.063E-27	3	109	153	4530	4847	318	4374	4859
335544107	1	134	1.652E-29	1	30381	30782	704	134	0.521	2.929E-31	128	261	262	30381	30782	402	30369	30974
335561393	-1	320	1.685E-85	1	34284	36323	1166	320	0.308	8.848E-86	40	708	721	-36323	-34284	2040	36986	34203
335561646	-1	325	5.265E-87	1	34338	36158	1166	325	0.335	2.473E-87	15	615	655	-36158	-34338	1821	36986	34203
335561910	-1	267	1.517E-69	1	34338	35600	1166	267	0.376	1.303E-68	0	412	452	-35600	-34338	1263	36986	34203
335561916	-1	312	4.313E-83	1	34344	35837	1166	312	0.373	4.571E-83	12	500	591	-35837	-34344	1494	36986	34203
335562138	-1	75	9.525E-12	1	37301	37930	1124	75	0.255	9.733E-10	82	291	398	-37930	-37301	630	38242	36938
335562749	-1	250	1.989E-64	1	34728	35828	1166	250	0.395	4.649E-63	36	398	401	-35828	-34728	1101	36986	34203
335563508	-1	281	9.261E-74	1	34269	35933	1166	281	0.321	4.634E-73	51	610	634	-35933	-34269	1665	36986	34203
335563809	-1	268	7.587E-70	1	34671	36236	1166	268	0.326	5.427E-69	107	624	629	-36236	-34671	1566	36986	34203
335563893	-1	297	1.413E-78	1	34305	35864	1166	297	0.350	2.637E-78	20	530	552	-35864	-34305	1560	36986	34203
335564613	-1	306	2.760E-81	1	34305	35864	1166	306	0.357	3.920E-81	20	530	552	-35864	-34305	1560	36986	34203
335564983	-1	246	3.182E-63	1	34707	35891	1166	246	0.371	4.697E-62	12	401	408	-35891	-34707	1185	36986	34203
335565727	-1	387	1.142E-105	1	34344	36635	1166	387	0.324	4.122E-108	25	780	822	-36635	-34344	2292	36986	34203
335565781	-1	77	2.381E-12	1	37298	37780	1124	77	0.297	2.364E-10	45	210	223	-37780	-37298	483	38242	36938
335566126	-1	327	1.316E-87	1	34305	36539	1166	327	0.295	4.125E-88	0	732	754	-36539	-34305	2235	36986	34203
335566470	-1	312	4.313E-83	1	34785	36764	1166	312	0.309	2.523E-83	6	666	667	-36764	-34785	1980	36986	34203
335567215	-1	257	1.554E-66	1	34671	35996	1166	257	0.354	2.520E-65	13	443	446	-35996	-34671	1326	36986	34203
335568117	-1	279	3.705E-73	1	34284	35531	1166	279	0.391	2.010E-72	4	410	423	-35531	-34284	1248	36986	34203
335568170	-1	411	6.804E-113	1	34299	36836	1166	411	0.316	3.690E-116	2	840	866	-36836	-34299	2538	36986	34203
335569689	1	170	2.404E-40	2	4449	4988	106	144	0.545	1.229E-35	48	182	221	4449	4859	411	4374	4859
335569689	1	170	2.404E-40	2	4449	4988	110	36	0.623	2.859E+00	194	220	221	4908	4988	81	4863	4988
335569874	1	145	8.068E-33	2	4569	4988	106	110	0.571	7.006E-24	10	107	146	4569	4859	291	4374	4859
335569874	1	145	8.068E-33	2	4569	4988	110	38	0.528	5.727E-01	112	145	146	4884	4988	105	4863	4988
335570300	1	160	2.462E-37	1	30384	30944	704	160	0.465	1.582E-40	18	175	187	30384	30944	561	30369	30974
335571050	-1	53	3.995E-05	1	30527	30691	1254	53	0.491	1.209E-05	22	76	77	-30691	-30527	165	30691	30482
335572316	1	111	1.386E-22	1	4572	4859	106	111	0.578	5.117E-24	0	96	137	4572	4859	288	4374	4859
335572716	1	96	4.542E-18	1	30567	30857	704	96	0.512	3.064E-18	20	116	118	30567	30857	291	30369	30974
335572798	1	165	7.694E-39	1	30423	30971	704	165	0.483	4.988E-42	80	262	269	30423	30971	549	30369	30974
335572934	1	183	2.935E-44	2	4479	4988	106	159	0.623	1.060E-40	32	159	198	4479	4859	381	4374	4859
335572934	1	183	2.935E-44	2	4479	4988	110	34	0.591	1.431E+01	171	197	198	4908	4988	81	4863	4988
335583511	-1	327	1.316E-87	1	34827	36677	1166	327	0.331	4.125E-88	5	627	637	-36677	-34827	1851	36986	34203
335596915	1	177	1.878E-42	2	4479	4988	106	139	0.563	5.387E-34	49	169	208	4479	4859	381	4374	4859
335596915	1	177	1.878E-42	2	4479	4988	110	41	0.562	6.049E-02	174	207	208	4884	4988	105	4863	4988
335611771	1	97	2.271E-18	1	4572	4823	106	97	0.582	2.220E-19	0	83	161	4572	4823	252	4374	4859
335620061	1	179	4.696E-43	2	4500	4988	106	143	0.599	2.308E-35	37	157	196	4500	4859	360	4374	4859
335620061	1	179	4.696E-43	2	4500	4988	110	39	0.537	3.012E-01	162	195	196	4884	4988	105	4863	4988
335714160	1	139	5.163E-31	1	30378	30866	704	139	0.463	2.658E-33	50	212	286	30378	30866	489	30369	30974
335714471	1	96	4.542E-18	1	30537	30842	704	96	0.494	2.246E-18	12	113	136	30537	30842	306	30369	30974
335715351	1	112	6.930E-23	1	30528	30869	704	112	0.512	8.695E-24	22	134	204	30528	30869	342	30369	30974
336000525	1	252	4.972E-65	1	22203	23489	522	252	0.351	3.725E-68	342	779	793	22203	23489	1287	22197	23513
336053568	1	253	2.486E-65	1	22203	23489	522	253	0.352	1.469E-68	292	729	743	22203	23489	1287	22197	23513
336176405	1	267	1.517E-69	1	22203	23504	522	267	0.361	2.064E-73	321	767	772	22203	23504	1302	22197	23513
336182757	1	259	3.885E-67	1	22203	23504	522	259	0.356	7.530E-71	306	747	759	22203	23504	1302	22197	23513
336219793	1	263	2.428E-68	1	22203	23504	522	263	0.359	4.608E-72	320	762	774	22203	23504	1302	22197	23513
336243269	1	259	3.885E-67	1	22203	23510	522	259	0.354	1.027E-70	323	767	772	22203	23510	1308	22197	23513
336346487	1	243	2.546E-62	1	22329	23489	522	243	0.365	3.399E-65	321	719	734	22329	23489	1161	22197	23513
336403456	1	259	3.885E-67	1	22203	23504	522	259	0.355	1.027E-70	319	761	773	22203	23504	1302	22197	23513
336406894	1	247	1.591E-63	1	22203	23504	522	247	0.345	1.126E-66	318	759	771	22203	23504	1302	22197	23513
336491003	1	252	4.972E-65	1	22203	23504	522	252	0.348	2.004E-68	89	532	639	22203	23504	1302	22197	23513
336514781	1	249	3.978E-64	1	22203	23504	522	249	0.347	3.261E-67	321	761	774	22203	23504	1302	22197	23513
336536186	1	256	3.108E-66	1	22203	23489	522	256	0.354	1.676E-69	341	780	794	22203	23489	1287	22197	23513
340729686	1	193	2.866E-47	1	20349	20843	462	193	0.596	6.173E-51	104	268	302	20349	20843	495	20091	20855
342783437	-1	73	3.810E-11	1	27815	28267	1310	73	0.286	4.027E-10	53	219	227	-28267	-27815	453	28420	27716
344022397	1	260	1.942E-67	1	22203	23489	522	260	0.355	5.521E-71	352	795	809	22203	23489	1287	22197	23513
346337166	-1	80	2.977E-13	1	37187	37558	1124	80	0.348	2.447E-11	20	155	242	-37558	-37187	372	38242	36938
347783283	-1	70	3.048E-10	1	27797	28309	1310	70	0.276	2.467E-09	28	194	200	-28309	-27797	513	28420	27716
349819473	1	246	3.182E-63	1	22203	23489	522	246	0.348	3.889E-66	307	738	758	22203	23489	1287	22197	23513
349904045	-1	387	1.142E-105	1	34302	36986	1166	387	0.293	5.581E-108	311	1187	1212	-36986	-34302	2685	36986	34203
349971099	-1	248	7.956E-64	1	34737	36680	1166	248	0.272	1.478E-62	8	651	654	-36680	-34737	1944	36986	34203
349972125	-1	328	6.581E-88	1	34284	36050	1166	328	0.343	2.270E-88	7	598	613	-36050	-34284	1767	36986	34203
349998706	-1	243	2.546E-62	1	34371	36833	1166	243	0.232	8.418E-61	60	903	1110	-36833	-34371	2463	36986	34203
350047475	-1	108	1.109E-21	1	37205	38008	1124	108	0.276	3.327E-20	145	412	483	-38008	-37205	804	38242	36938
350076650	-1	93	3.633E-17	1	37280	37936	1124	93	0.282	2.640E-15	72	291	404	-37936	-37280	657	38242	36938
350092430	-1	102	7.097E-20	1	37295	37876	1124	102	0.326	1.947E-18	0	190	227	-37876	-37295	582	38242	36938
350094095	-1	315	5.391E-84	1	34245	36731	1166	315	0.267	3.149E-84	5	857	896	-36731	-34245	2487	36986	34203
350103212	-1	331	8.226E-89	1	34791	36635	1166	331	0.337	2.080E-89	25	639	660	-36635	-34791	1845	36986	34203
350103716	-1	287	1.447E-75	1	34608	35891	1166	287	0.391	4.201E-75	6	430	439	-35891	-34608	1284	36986	34203
350106069	-1	231	1.043E-58	1	34806	35861	1166	231	0.382	4.679E-57	47	400	401	-35861	-34806	1056	36986	34203
350107572	-1	349	3.138E-94	1	34284	36566	1166	349	0.304	1.585E-95	1	750	763	-36566	-34284	2283	36986	34203
350108014	-1	263	2.428E-68	1	34236	35501	1166	263	0.371	3.216E-67	3	412	414	-35501	-34236	1266	36986	34203
350108167	-1	336	2.571E-90	1	34353	36539	1166	336	0.305	4.256E-91	0	715	754	-36539	-34353	2187	36986	34203
350108300	-1	315	5.391E-84	1	34299	35834	1166	315	0.369	3.149E-84	24	524	545	-35834	-34299	1536	36986	34203
350108455	-1	269	3.793E-70	1	34284	36461	1166	269	0.266	4.053E-69	9	721	734	-36461	-34284	2178	36986	34203
350109926	-1	202	5.598E-50	1	34824	35507	1166	202	0.479	3.690E-48	0	227	228	-35507	-34824	684	36986	34203
350112154	1	101	1.419E-19	1	4572	4817	106	101	0.614	9.625E-21	0	81	82	4572	4817	246	4374	4859
350112247	1	169	4.809E-40	2	4449	4988	106	143	0.542	2.308E-35	48	182	221	4449	4859	411	4374	4859
350112247	1	169	4.809E-40	2	4449	4988	110	36	0.623	2.859E+00	194	220	221	4908	4988	81	4863	4988
350112569	-1	49	6.392E-04	1	30527	30691	1254	49	0.463	2.132E-04	22	76	77	-30691	-30527	165	30691	30482
350113590	1	115	8.663E-24	1	30510	30866	704	115	0.507	7.148E-25	2	120	137	30510	30866	357	30369	30974
350118789	-1	121	1.354E-25	1	37193	37795	1124	121	0.357	2.805E-24	8	202	203	-37795	-37193	603	38242	36938
350121105	1	128	1.057E-27	1	4530	4829	106	128	0.637	4.983E-30	7	106	108	4530	4829	300	4374	4859
350154746	1	122	6.768E-26	1	4479	4859	106	122	0.498	7.665E-28	16	144	209	4479	4859	381	4374	4859
350171312	1	120	2.707E-25	1	4503	4859	106	120	0.517	3.696E-27	0	120	156	4503	4859	357	4374	4859
350216342	-1	287	1.447E-75	1	34239	35507	1166	287	0.394	5.638E-75	0	420	429	-35507	-34239	1269	36986	34203
350257330	1	144	1.614E-32	1	30384	30866	704	144	0.480	6.163E-35	88	248	259	30384	30866	483	30369	30974
350260754	-1	51	1.598E-04	1	28013	28306	1310	51	0.313	7.154E-03	14	111	116	-28306	-28013	294	28420	27716
350293289	-1	535	3.199E-150	2	34299	37984	1124	129	0.310	5.623E-27	30	284	1190	-37984	-37187	798	38242	36938
350293289	-1	535	3.199E-150	2	34299	37984	1166	442	0.331	2.301E-126	322	1158	1190	-36833	-34299	2535	36986	34203
350478932	1	260	1.942E-67	1	22203	23510	522	260	0.355	4.048E-71	323	768	773	22203	23510	1308	22197	23513
350532761	1	263	2.428E-68	1	22203	23504	522	263	0.359	6.285E-72	317	758	770	22203	23504	1302	22197	23513
350549041	1	259	3.885E-67	1	22203	23510	522	259	0.355	7.530E-71	342	786	791	22203	23510	1308	22197	23513
350595105	1	256	3.108E-66	1	22203	23504	522	256	0.353	9.013E-70	323	764	776	22203	23504	1302	22197	23513
350697414	1	244	1.273E-62	1	22203	23504	522	244	0.341	1.342E-65	320	763	775	22203	23504	1302	22197	23513
350729782	1	241	1.018E-61	1	22203	23507	522	241	0.338	2.178E-64	314	756	769	22203	23507	1305	22197	23513
350740091	1	253	2.486E-65	1	22203	23402	522	253	0.369	1.078E-68	91	500	519	22203	23402	1200	22197	23513
350850028	1	254	1.243E-65	1	22203	23504	522	254	0.351	7.903E-69	174	615	627	22203	23504	1302	22197	23513
350898867	1	259	3.885E-67	1	22203	23489	522	259	0.356	1.027E-70	317	757	775	22203	23489	1287	22197	23513
350989908	1	250	1.989E-64	1	22203	23489	522	250	0.349	1.755E-67	344	781	795	22203	23489	1287	22197	23513
351004204	1	541	4.999E-152	2	20325	23507	462	238	0.679	2.444E-66	55	228	889	20325	20843	519	20091	20855
351004204	1	541	4.999E-152	2	20325	23507	522	303	0.402	7.574E-86	228	649	889	22203	23507	1305	22197	23513
351061933	1	213	2.733E-53	1	20106	20843	462	213	0.471	6.981E-58	81	318	431	20106	20843	738	20091	20855
357727902	1	736	9.955E-211	2	20247	23510	462	250	0.635	1.048E-70	114	310	753	20247	20843	597	20091	20855
357727902	1	736	9.955E-211	2	20247	23510	522	486	0.572	1.099E-148	310	750	753	22203	23510	1308	22197	23513
359581592	1	251	9.944E-65	1	22203	23492	522	251	0.351	5.079E-68	324	760	776	22203	23492	1290	22197	23513
360445180	1	254	1.243E-65	1	22203	23504	522	254	0.350	4.250E-69	321	764	777	22203	23504	1302	22197	23513
360604144	1	232	5.214E-59	1	22203	23504	522	232	0.329	1.963E-61	314	756	762	22203	23504	1302	22197	23513
364305229	1	244	1.273E-62	1	22203	23396	522	244	0.366	1.342E-65	308	707	755	22203	23396	1194	22197	23513
364318506	1	241	1.018E-61	1	22203	23363	522	241	0.368	1.598E-64	289	679	737	22203	23363	1161	22197	23513
364318936	1	244	1.273E-62	1	22203	23486	522	244	0.347	9.849E-66	308	739	769	22203	23486	1284	22197	23513
364320183	-1	57	2.497E-06	1	27791	28201	1310	57	0.276	6.422E-05	29	161	174	-28201	-27791	411	28420	27716
364345722	-1	84	1.860E-14	1	37301	37951	1124	84	0.268	1.071E-12	39	254	360	-37951	-37301	651	38242	36938
364364726	1	254	1.243E-65	1	22203	23396	522	254	0.375	5.796E-69	308	708	756	22203	23396	1194	22197	23513
364415176	1	191	1.147E-46	2	4479	4976	106	151	0.597	5.794E-38	55	182	222	4479	4859	381	4374	4859
364415176	1	191	1.147E-46	2	4479	4976	110	40	0.557	8.338E-02	182	216	222	4878	4976	99	4863	4988
364422107	-1	49	6.392E-04	1	27926	28150	1310	49	0.364	3.088E-02	11	83	107	-28150	-27926	225	28420	27716
364431118	1	115	8.663E-24	1	4452	4850	106	115	0.466	1.176E-25	6	137	182	4452	4850	399	4374	4859
364462438	-1	358	6.129E-97	1	34209	36917	1166	358	0.278	2.117E-98	189	1076	1693	-36917	-34209	2709	36986	34203
364534378	-1	57	2.497E-06	1	27953	28276	1310	57	0.318	8.635E-05	21	124	170	-28276	-27953	324	28420	27716
364535504	-1	278	7.409E-73	1	34707	36446	1166	278	0.312	2.695E-72	24	595	604	-36446	-34707	1740	36986	34203
364547271	-1	425	4.153E-117	1	34359	36809	1166	425	0.330	8.593E-121	0	813	836	-36809	-34359	2451	36986	34203
364599908	-1	89	5.813E-16	1	37244	37984	1124	89	0.258	3.482E-14	105	343	359	-37984	-37244	741	38242	36938
364600696	-1	102	7.097E-20	1	37304	38041	1124	102	0.280	3.476E-18	78	318	403	-38041	-37304	738	38242	36938
364632041	-1	383	1.826E-104	1	34458	36923	1166	383	0.307	8.529E-107	9	828	898	-36923	-34458	2466	36986	34203
364632225	1	159	4.924E-37	1	30381	30974	704	159	0.442	5.557E-40	16	213	214	30381	30974	594	30369	30974
364633530	-1	397	1.115E-108	2	34305	37843	1124	102	0.337	3.476E-18	263	442	1440	-37843	-37295	549	38242	36938
364633530	-1	397	1.115E-108	2	34305	37843	1166	372	0.290	7.446E-103	521	1392	1440	-36926	-34305	2622	36986	34203
364633631	1	111	1.386E-22	1	30477	30926	704	111	0.413	2.218E-23	4	127	142	30477	30926	450	30369	30974
364634596	-1	357	1.226E-96	1	34311	36920	1166	357	0.282	3.867E-98	9	888	950	-36920	-34311	2610	36986	34203
364645342	-1	197	1.791E-48	1	34974	35813	1166	197	0.403	1.447E-46	15	292	305	-35813	-34974	840	36986	34203
364645445	-1	340	1.607E-91	1	34305	36539	1166	340	0.303	2.128E-92	0	732	754	-36539	-34305	2235	36986	34203
364647465	-1	358	6.129E-97	1	34269	36833	1166	358	0.285	2.861E-98	19	882	906	-36833	-34269	2565	36986	34203
364647648	-1	209	4.374E-52	1	34788	35507	1166	209	0.473	3.003E-50	0	239	306	-35507	-34788	720	36986	34203
364648238	-1	222	5.339E-56	1	34707	35843	1166	222	0.355	3.357E-54	5	382	483	-35843	-34707	1137	36986	34203
364648670	-1	266	3.035E-69	1	34284	35507	1166	266	0.383	2.334E-68	0	399	412	-35507	-34284	1224	36986	34203
364648995	-1	440	1.267E-121	1	34302	36860	1166	440	0.328	1.061E-125	122	959	994	-36860	-34302	2559	36986	34203
364649814	-1	207	1.749E-51	1	34974	35705	1166	207	0.460	1.643E-49	121	366	475	-35705	-34974	732	36986	34203
364651138	-1	274	1.185E-71	1	34461	35705	1166	274	0.387	5.048E-71	65	478	496	-35705	-34461	1245	36986	34203
364651299	-1	385	4.566E-105	2	34791	37993	1124	94	0.273	8.365E-16	202	438	1219	-37993	-37298	696	38242	36938
364651299	-1	385	4.566E-105	2	34791	37993	1166	374	0.339	1.215E-103	523	1212	1219	-36860	-34791	2070	36986	34203
364653087	1	96	4.542E-18	1	30528	30767	704	96	0.600	2.246E-18	6	85	87	30528	30767	240	30369	30974
364653989	1	130	2.644E-28	1	4431	4793	106	130	0.552	1.032E-30	69	186	187	4431	4793	363	4374	4859
364654221	1	172	6.011E-41	2	4479	4988	106	138	0.559	1.386E-33	49	168	207	4479	4859	381	4374	4859
364654221	1	172	6.011E-41	2	4479	4988	110	37	0.513	1.503E+00	173	206	207	4884	4988	105	4863	4988
364654552	1	186	3.669E-45	2	4431	4988	106	153	0.552	1.198E-38	135	275	314	4431	4859	429	4374	4859
364654552	1	186	3.669E-45	2	4431	4988	110	36	0.508	2.073E+00	280	313	314	4884	4988	105	4863	4988
364655301	1	144	1.614E-32	2	4572	4988	106	110	0.574	9.594E-24	0	96	135	4572	4859	288	4374	4859
364655301	1	144	1.614E-32	2	4572	4988	110	37	0.518	1.089E+00	101	134	135	4884	4988	105	4863	4988
364655790	1	117	2.166E-24	1	30588	30944	704	117	0.512	2.048E-25	0	118	130	30588	30944	357	30369	30974
364666236	-1	415	4.253E-114	1	34254	36923	1166	415	0.307	1.756E-117	0	890	900	-36923	-34254	2670	36986	34203
364833821	-1	78	1.191E-12	1	27923	28276	1310	78	0.378	5.767E-12	74	187	231	-28276	-27923	354	28420	27716
365092438	1	340	1.607E-91	1	22203	23504	522	340	0.436	2.552E-98	311	747	775	22203	23504	1302	22197	23513
365139791	1	256	3.108E-66	1	22206	23504	522	256	0.348	1.676E-69	353	803	812	22206	23504	1299	22197	23513
365220693	1	264	1.214E-68	1	22203	23489	522	264	0.364	1.815E-72	332	768	781	22203	23489	1287	22197	23513
365375061	1	241	1.018E-61	1	22203	23489	522	241	0.345	1.598E-64	323	747	765	22203	23489	1287	22197	23513
365450699	1	250	1.989E-64	1	22203	23507	522	250	0.346	9.440E-68	322	766	772	22203	23507	1305	22197	23513
365468863	1	248	7.956E-64	1	22203	23492	522	248	0.348	8.263E-67	320	756	772	22203	23492	1290	22197	23513
365502206	1	261	9.711E-68	1	22203	23504	522	261	0.358	2.176E-71	318	758	771	22203	23504	1302	22197	23513
365596739	1	257	1.554E-66	1	22203	23504	522	257	0.353	6.609E-70	321	763	775	22203	23504	1302	22197	23513
365609417	1	246	3.182E-63	1	22203	23504	522	246	0.343	2.093E-66	286	729	741	22203	23504	1302	22197	23513
369956008	-1	411	6.804E-113	1	34287	36851	1166	411	0.313	6.783E-116	0	849	866	-36851	-34287	2565	36986	34203
370184417	1	107	2.218E-21	1	4470	4817	106	107	0.488	8.657E-23	2	117	118	4470	4817	348	4374	4859
371833975	1	263	2.428E-68	1	22203	23492	522	263	0.362	6.285E-72	325	761	770	22203	23492	1290	22197	23513
372352640	1	1132	0.000E+00	2	20253	23513	462	366	0.888	6.757E-111	147	341	778	20253	20843	591	20091	20855
372352640	1	1132	0.000E+00	2	20253	23513	522	766	0.847	7.997E-246	341	777	778	22203	23513	1311	22197	23513
372984462	1	255	6.215E-66	1	22203	23486	522	255	0.345	3.117E-69	316	769	795	22203	23486	1284	22197	23513
373626331	1	172	6.011E-41	1	30384	30974	704	172	0.470	1.740E-44	185	382	383	30384	30974	591	30369	30974
373879599	1	1118	0.000E+00	3	19823	23510	450	194	0.646	7.505E-53	0	149	757	19823	20269	447	19799	20269
373879599	1	1118	0.000E+00	3	19823	23510	462	323	0.883	5.490E-96	148	322	757	20319	20843	525	20091	20855
373879599	1	1118	0.000E+00	3	19823	23510	522	602	0.690	4.285E-189	322	754	757	22203	23510	1308	22197	23513
374077107	-1	69	6.096E-10	1	27800	28276	1310	69	0.285	6.093E-09	72	225	230	-28276	-27800	477	28420	27716
374554022	1	174	1.503E-41	1	30384	30974	704	174	0.471	2.638E-45	174	373	374	30384	30974	591	30369	30974
376027204	1	171	1.202E-40	1	30384	30974	704	171	0.469	2.383E-44	185	382	383	30384	30974	591	30369	30974
376249817	1	177	1.878E-42	1	30378	30974	704	177	0.478	2.132E-46	178	377	379	30378	30974	597	30369	30974
378886347	1	236	3.259E-60	1	22203	23396	522	236	0.357	8.919E-63	308	707	755	22203	23396	1194	22197	23513
378905063	1	256	3.108E-66	1	22203	23468	522	256	0.358	1.676E-69	308	739	756	22203	23468	1266	22197	23513
378947421	-1	264	1.214E-68	1	34260	35972	1166	264	0.305	1.003E-67	34	603	634	-35972	-34260	1713	36986	34203
378956574	1	187	1.834E-45	2	4479	4976	106	153	0.605	8.744E-39	72	199	235	4479	4859	381	4374	4859
378956574	1	187	1.834E-45	2	4479	4976	110	40	0.680	1.585E-01	207	233	235	4896	4976	81	4863	4988
379017563	1	238	8.146E-61	1	22203	23363	522	238	0.365	1.394E-63	293	683	734	22203	23363	1161	22197	23513
379053124	-1	308	6.900E-82	1	34281	36458	1166	308	0.289	8.898E-82	2	715	735	-36458	-34281	2178	36986	34203
379075425	-1	269	3.793E-70	1	34668	36920	1166	269	0.261	4.053E-69	8	653	671	-36920	-34668	2253	36986	34203
379088717	-1	91	1.453E-16	1	37232	37795	1124	91	0.303	1.108E-14	115	306	344	-37795	-37232	564	38242	36938
379094051	-1	379	2.922E-103	1	34614	36911	1166	379	0.315	1.761E-105	372	1152	1171	-36911	-34614	2298	36986	34203
379098908	-1	79	5.953E-13	1	37301	37819	1124	79	0.284	3.250E-11	41	226	228	-37819	-37301	519	38242	36938
379121190	1	241	1.018E-61	1	22203	23366	522	241	0.369	2.178E-64	265	634	688	22203	23366	1164	22197	23513
379139016	1	239	4.073E-61	1	22203	23489	522	239	0.342	5.510E-64	308	740	769	22203	23489	1287	22197	23513
379142730	-1	87	2.325E-15	1	37304	38083	1124	87	0.247	1.454E-13	100	338	457	-38083	-37304	780	38242	36938
379157212	1	629	1.615E-178	2	20247	23462	462	241	0.615	1.445E-67	118	314	854	20247	20843	597	20091	20855
379157212	1	629	1.615E-178	2	20247	23462	522	388	0.497	6.729E-115	314	696	854	22203	23462	1260	22197	23513
379158099	1	185	7.338E-45	1	30384	30860	704	185	0.594	3.950E-49	35	193	270	30384	30860	477	30369	30974
379162286	-1	61	1.561E-07	1	27836	28174	1310	61	0.325	3.294E-06	11	116	126	-28174	-27836	339	28420	27716
379169029	1	109	5.544E-22	1	4530	4799	106	109	0.605	2.463E-23	3	92	98	4530	4799	270	4374	4859
379185968	-1	205	6.998E-51	1	34833	35636	1166	205	0.429	5.098E-49	20	283	284	-35636	-34833	804	36986	34203
379186637	-1	217	1.708E-54	1	34932	35864	1166	217	0.402	7.711E-53	20	330	355	-35864	-34932	933	36986	34203
379188144	-1	398	5.574E-109	1	34524	36938	1166	398	0.319	1.141E-111	515	1315	1325	-36938	-34524	2415	36986	34203
379188293	-1	240	2.037E-61	1	34650	35636	1166	240	0.415	6.325E-60	50	374	376	-35636	-34650	987	36986	34203
379188603	-1	336	2.571E-90	1	34383	36734	1166	336	0.291	5.741E-91	9	785	820	-36734	-34383	2352	36986	34203
379189339	-1	303	2.208E-80	1	34239	35921	1166	303	0.337	2.320E-80	22	573	574	-35921	-34239	1683	36986	34203
379190791	-1	325	5.265E-87	1	34344	35891	1166	325	0.375	1.361E-87	87	593	635	-35891	-34344	1548	36986	34203
379190977	-1	446	1.980E-123	2	34311	37930	1124	77	0.259	2.364E-10	28	237	1182	-37930	-37301	630	38242	36938
379190977	-1	446	1.980E-123	2	34311	37930	1166	437	0.327	9.022E-125	307	1151	1182	-36863	-34311	2553	36986	34203
379191436	-1	304	1.104E-80	1	34239	36269	1166	304	0.300	1.283E-80	4	678	680	-36269	-34239	2031	36986	34203
379192999	-1	388	5.708E-106	1	34257	36938	1166	388	0.294	2.248E-108	0	886	1375	-36938	-34257	2682	36986	34203
379194228	1	152	6.303E-35	1	4431	4859	106	152	0.549	3.085E-38	44	184	255	4431	4859	429	4374	4859
379196909	1	116	4.331E-24	2	4572	4988	106	103	0.610	2.741E-21	0	83	135	4572	4823	252	4374	4859
379196909	1	116	4.331E-24	2	4572	4988	110	35	0.586	7.512E+00	107	134	135	4905	4988	84	4863	4988
379197471	1	187	1.834E-45	2	4431	4988	106	154	0.556	4.655E-39	69	209	248	4431	4859	429	4374	4859
379197471	1	187	1.834E-45	2	4431	4988	110	36	0.508	2.073E+00	214	247	248	4884	4988	105	4863	4988
379208442	1	138	1.033E-30	1	4431	4823	106	138	0.545	1.386E-33	30	157	190	4431	4823	393	4374	4859
379246264	1	185	7.338E-45	2	4431	4988	106	155	0.559	1.808E-39	136	276	315	4431	4859	429	4374	4859
379246264	1	185	7.338E-45	2	4431	4988	110	39	0.647	3.012E-01	287	314	315	4905	4988	84	4863	4988
379308130	-1	49	6.392E-04	1	27926	28117	1310	49	0.408	3.088E-02	5	66	114	-28117	-27926	192	28420	27716
379340729	1	148	1.008E-33	1	30384	30893	704	148	0.470	2.673E-36	72	241	242	30384	30893	510	30369	30974
379350430	-1	52	7.990E-05	1	27926	28177	1310	52	0.355	2.213E-03	47	127	165	-28177	-27926	252	28420	27716
379630364	1	212	5.467E-53	1	22203	23366	522	212	0.339	9.792E-55	300	663	756	22203	23366	1164	22197	23513
379683157	1	264	1.214E-68	1	22203	23504	522	264	0.360	2.476E-72	318	760	772	22203	23504	1302	22197	23513
379748736	1	260	1.942E-67	2	19967	23408	450	70	0.428	3.248E-10	5	92	524	19967	20233	267	19799	20269
379748736	1	260	1.942E-67	2	19967	23408	522	199	0.384	1.827E-50	103	405	524	22596	23408	813	22197	23513
379750167	1	247	1.591E-63	1	22203	23489	522	247	0.345	1.535E-66	349	788	805	22203	23489	1287	22197	23513
379759500	1	82	7.441E-14	1	19955	20251	450	82	0.446	2.758E-14	46	143	149	19955	20251	297	19799	20269
379845969	1	228	8.342E-58	1	22296	23504	522	228	0.337	4.312E-60	123	542	555	22296	23504	1209	22197	23513
379970293	1	263	2.428E-68	1	22203	23489	522	263	0.363	4.608E-72	319	754	769	22203	23489	1287	22197	23513
379976939	1	309	3.450E-82	1	22203	23177	522	309	0.508	7.047E-88	212	524	602	22203	23177	975	22197	23513
380026705	1	254	1.243E-65	1	22203	23510	522	254	0.349	7.903E-69	323	767	772	22203	23510	1308	22197	23513
380055378	1	362	3.830E-98	1	22203	23510	522	362	0.457	4.631E-106	308	745	772	22203	23510	1308	22197	23513
380100095	1	243	2.546E-62	1	22203	23402	522	243	0.358	3.399E-65	315	724	769	22203	23402	1200	22197	23513
388871484	1	256	3.108E-66	1	22203	23489	522	256	0.356	1.676E-69	327	762	780	22203	23489	1287	22197	23513
389985447	-1	74	1.905E-11	1	27800	28261	1310	74	0.304	1.624E-10	19	167	170	-28261	-27800	462	28420	27716
390264495	1	176	3.757E-42	1	30384	30974	704	176	0.478	7.500E-46	185	382	383	30384	30974	591	30369	30974
392389971	-1	59	6.242E-07	1	27794	28276	1310	59	0.255	1.962E-05	0	150	152	-28276	-27794	483	28420	27716
393423757	-1	53	3.995E-05	1	30497	30667	1254	53	0.474	1.663E-05	40	96	104	-30667	-30497	171	30691	30482
393428252	1	244	1.273E-62	1	22203	23486	522	244	0.348	9.849E-66	306	736	754	22203	23486	1284	22197	23513
393485624	1	129	5.287E-28	1	4437	4823	106	129	0.512	2.655E-30	31	162	176	4437	4823	387	4374	4859
393497285	1	194	1.433E-47	2	4479	4976	106	154	0.606	6.380E-39	82	209	249	4479	4859	381	4374	4859
393497285	1	194	1.433E-47	2	4479	4976	110	40	0.557	8.338E-02	209	243	249	4878	4976	99	4863	4988
393527583	-1	99	5.677E-19	1	37262	37930	1124	99	0.292	1.972E-17	108	331	385	-37930	-37262	669	38242	36938
393532567	-1	364	9.576E-99	1	34242	36833	1166	364	0.284	3.116E-100	6	890	988	-36833	-34242	2592	36986	34203
393549992	1	126	4.230E-27	1	4473	4823	106	126	0.552	3.294E-29	33	146	190	4473	4823	351	4374	4859
393551863	1	130	2.644E-28	1	4452	4859	106	130	0.504	1.032E-30	40	171	214	4452	4859	408	4374	4859
393559005	1	246	3.182E-63	1	22203	23486	522	246	0.349	2.853E-66	365	795	813	22203	23486	1284	22197	23513
393596438	1	240	2.037E-61	1	22203	23486	522	240	0.344	4.044E-64	281	710	729	22203	23486	1284	22197	23513
393597024	1	177	1.878E-42	1	4377	4859	106	177	0.536	7.296E-47	60	231	270	4377	4859	483	4374	4859
393617695	-1	198	8.957E-49	1	34794	35507	1166	198	0.455	1.092E-46	1	238	244	-35507	-34794	714	36986	34203
393621822	-1	304	1.104E-80	1	34794	36734	1166	304	0.308	9.537E-81	231	839	842	-36734	-34794	1941	36986	34203
393621977	-1	267	1.517E-69	1	34647	36386	1166	267	0.304	1.303E-68	10	589	676	-36386	-34647	1740	36986	34203
393640133	-1	94	1.817E-17	1	37238	37819	1124	94	0.295	6.274E-16	110	318	347	-37819	-37238	582	38242	36938
393643769	-1	82	7.441E-14	1	37298	37810	1124	82	0.305	5.910E-12	10	180	327	-37810	-37298	513	38242	36938
393685024	1	124	1.692E-26	1	4557	4850	106	124	0.631	1.160E-28	46	143	186	4557	4850	294	4374	4859
393715525	-1	402	3.484E-110	2	34305	37843	1124	104	0.343	6.101E-19	261	440	1438	-37843	-37295	549	38242	36938
393715525	-1	402	3.484E-110	2	34305	37843	1166	375	0.292	6.637E-104	519	1390	1438	-36926	-34305	2622	36986	34203
393715835	-1	359	3.064E-97	1	34311	36920	1166	359	0.283	1.567E-98	13	892	954	-36920	-34311	2610	36986	34203
393728048	-1	284	1.158E-74	1	34572	36734	1166	284	0.276	4.419E-74	104	822	823	-36734	-34572	2163	36986	34203
393729405	-1	449	2.475E-124	1	34338	36866	1166	449	0.335	1.267E-128	518	1352	1392	-36866	-34338	2529	36986	34203
393729825	-1	209	4.374E-52	1	34974	35705	1166	209	0.464	2.262E-50	51	296	396	-35705	-34974	732	36986	34203
393731236	-1	388	5.708E-106	1	34338	36662	1166	388	0.321	3.044E-108	32	799	823	-36662	-34338	2325	36986	34203
393731587	-1	241	1.018E-61	1	34452	35426	1166	241	0.420	1.999E-60	29	351	354	-35426	-34452	975	36986	34203
393731940	-1	310	1.725E-82	1	34284	36320	1166	310	0.302	2.018E-82	339	1006	1019	-36320	-34284	2037	36986	34203
393732740	-1	459	2.417E-127	2	34302	37993	1124	96	0.276	1.984E-16	202	438	1405	-37993	-37298	696	38242	36938
393732740	-1	459	2.417E-127	2	34302	37993	1166	438	0.322	4.895E-125	515	1370	1405	-36920	-34302	2619	36986	34203
393733779	-1	299	3.533E-79	1	34788	36920	1166	299	0.287	4.475E-79	1	713	734	-36920	-34788	2133	36986	34203
393734604	-1	381	7.306E-104	2	34932	37993	1124	94	0.273	8.365E-16	202	438	1210	-37993	-37298	696	38242	36938
393734604	-1	381	7.306E-104	2	34932	37993	1166	355	0.330	3.180E-97	508	1175	1210	-36968	-34932	2037	36986	34203
393734639	-1	323	2.106E-86	1	34335	36734	1166	323	0.281	1.099E-86	3	791	809	-36734	-34335	2400	36986	34203
393735862	1	108	1.109E-21	1	4545	4859	106	108	0.527	4.618E-23	4	109	145	4545	4859	315	4374	4859
393736053	1	122	6.768E-26	1	30558	30944	704	122	0.498	3.516E-27	16	144	152	30558	30944	387	30369	30974
393736195	1	139	5.163E-31	1	30384	30761	704	139	0.567	2.658E-33	1	126	131	30384	30761	378	30369	30974
393737089	1	119	5.414E-25	1	4491	4778	106	119	0.617	9.498E-27	3	98	99	4491	4778	288	4374	4859
393737219	1	108	1.109E-21	1	4572	4823	106	108	0.634	6.323E-23	0	83	103	4572	4823	252	4374	4859
393738774	1	115	8.663E-24	1	30594	30965	704	115	0.491	7.148E-25	11	134	139	30594	30965	372	30369	30974
393739194	1	201	1.120E-49	1	30384	30944	704	201	0.558	9.836E-55	50	236	248	30384	30944	561	30369	30974
393778256	-1	428	5.191E-118	1	34293	36587	1166	428	0.346	7.479E-122	4	765	766	-36587	-34293	2295	36986	34203
393778838	-1	325	5.265E-87	1	34281	35909	1166	325	0.362	1.361E-87	1	533	536	-35909	-34281	1629	36986	34203
393782454	-1	65	9.753E-09	1	37301	37474	1124	65	0.558	1.120E-06	4	61	72	-37474	-37301	174	38242	36938
393891179	1	146	4.034E-33	1	4443	4859	106	146	0.535	2.543E-36	2	143	168	4443	4859	417	4374	4859
393896481	-1	384	9.132E-105	1	34806	36920	1166	384	0.336	6.300E-107	6	721	755	-36920	-34806	2115	36986	34203
394174097	1	258	7.769E-67	1	22203	23510	522	258	0.353	2.606E-70	323	767	772	22203	23510	1308	22197	23513
394217655	1	290	1.809E-76	1	22203	23504	522	290	0.390	2.212E-81	313	729	765	22203	23504	1302	22197	23513
394219831	1	256	3.108E-66	1	22203	23504	522	256	0.352	1.676E-69	323	764	776	22203	23504	1302	22197	23513
394461720	1	253	2.486E-65	1	22203	23489	522	253	0.352	1.078E-68	321	759	769	22203	23489	1287	22197	23513
394538938	1	262	4.856E-68	1	22203	23489	522	262	0.358	8.573E-72	352	795	809	22203	23489	1287	22197	23513
394614944	1	268	7.587E-70	1	22203	23489	522	268	0.365	1.109E-73	334	774	784	22203	23489	1287	22197	23513
394630485	1	541	4.999E-152	2	20307	23504	462	240	0.666	3.710E-67	65	244	1181	20307	20843	537	20091	20855
394630485	1	541	4.999E-152	2	20307	23504	522	301	0.401	3.600E-85	244	664	1181	22203	23504	1302	22197	23513
394679760	1	255	6.215E-66	1	22203	23507	522	255	0.352	3.117E-69	321	761	769	22203	23507	1305	22197	23513
394685351	1	256	3.108E-66	1	22203	23513	522	256	0.352	9.013E-70	330	773	775	22203	23513	1311	22197	23513
399266744	1	111	1.386E-22	1	4428	4823	106	111	0.454	5.117E-24	96	225	226	4428	4823	396	4374	4859
399727312	1	132	6.609E-29	1	4479	4829	106	132	0.576	1.561E-31	2	118	163	4479	4829	351	4374	4859
401876751	-1	58	1.248E-06	1	27794	28276	1310	58	0.252	3.551E-05	159	309	311	-28276	-27794	483	28420	27716
403431578	-1	65	9.753E-09	1	27779	28291	1310	65	0.257	1.660E-07	118	295	322	-28291	-27779	513	28420	27716
405064617	1	172	6.011E-41	1	30384	30974	704	172	0.470	1.740E-44	134	331	332	30384	30974	591	30369	30974
406482230	1	253	2.486E-65	1	22203	23489	522	253	0.351	1.078E-68	341	780	794	22203	23489	1287	22197	23513
406573978	1	188	9.172E-46	1	30384	30965	704	188	0.512	5.981E-50	29	222	225	30384	30965	582	30369	30974
406851460	1	196	3.583E-48	1	30393	30974	704	196	0.529	1.105E-52	25	218	219	30393	30974	582	30369	30974
407033703	1	175	7.514E-42	1	30378	30968	704	175	0.479	1.407E-45	28	224	236	30378	30968	591	30369	30974
407970148	1	247	1.591E-63	1	22203	23483	522	247	0.351	1.126E-66	308	737	756	22203	23483	1281	22197	23513
407976607	1	244	1.273E-62	1	22203	23486	522	244	0.348	1.830E-65	308	737	755	22203	23486	1284	22197	23513
407989090	1	260	1.942E-67	1	22203	23486	522	260	0.363	4.048E-71	308	738	756	22203	23486	1284	22197	23513
408000804	1	199	4.479E-49	1	30378	30968	704	199	0.529	8.908E-54	18	214	217	30378	30968	591	30369	30974
408053241	-1	432	3.245E-119	1	34377	36932	1166	432	0.322	6.501E-123	3	863	890	-36932	-34377	2556	36986	34203
408062471	1	1112	4.941E-324	3	19799	23510	450	193	0.614	1.411E-52	9	167	774	19799	20269	471	19799	20269
408062471	1	1112	4.941E-324	3	19799	23510	462	322	0.834	1.412E-95	156	340	774	20286	20843	558	20091	20855
408062471	1	1112	4.941E-324	3	19799	23510	522	608	0.695	7.177E-191	340	772	774	22203	23510	1308	22197	23513
408070263	-1	69	6.096E-10	1	37289	37591	1124	69	0.385	5.066E-08	4	103	179	-37591	-37289	303	38242	36938
408070353	-1	280	1.852E-73	1	34485	36380	1166	280	0.297	6.215E-73	42	613	665	-36380	-34485	1896	36986	34203
408076899	1	202	5.598E-50	1	30378	30968	704	202	0.536	7.180E-55	163	359	364	30378	30968	591	30369	30974
408096014	1	237	1.629E-60	1	22203	23396	522	237	0.358	3.527E-63	308	707	755	22203	23396	1194	22197	23513
408098471	1	246	3.182E-63	1	22203	23486	522	246	0.350	2.093E-66	304	734	752	22203	23486	1284	22197	23513
408106764	1	195	7.166E-48	2	4479	4988	106	158	0.620	2.728E-40	82	209	248	4479	4859	381	4374	4859
408106764	1	195	7.166E-48	2	4479	4988	110	46	0.751	1.292E-03	220	247	248	4905	4988	84	4863	4988
408141456	-1	79	5.953E-13	1	37271	37582	1124	79	0.417	4.316E-11	20	123	142	-37582	-37271	312	38242	36938
408152694	-1	387	1.142E-105	1	34368	36833	1166	387	0.309	5.581E-108	509	1323	1330	-36833	-34368	2466	36986	34203
408159202	-1	317	1.348E-84	1	34248	35792	1166	317	0.369	5.282E-85	8	512	522	-35792	-34248	1545	36986	34203
408214181	-1	96	4.542E-18	1	37304	37966	1124	96	0.288	1.984E-16	31	251	258	-37966	-37304	663	38242	36938
408219268	1	255	6.215E-66	1	22203	23468	522	255	0.358	2.286E-69	308	739	743	22203	23468	1266	22197	23513
408242802	-1	376	2.338E-102	1	34368	36590	1166	376	0.324	3.625E-104	0	732	775	-36590	-34368	2223	36986	34203
408251068	1	113	3.465E-23	1	4530	4847	106	113	0.543	7.759E-25	3	109	153	4530	4847	318	4374	4859
408252263	1	106	4.435E-21	1	4530	4847	106	106	0.514	3.042E-22	3	109	153	4530	4847	318	4374	4859
408269866	-1	314	1.078E-83	1	34344	35678	1166	314	0.406	5.708E-84	1	436	478	-35678	-34344	1335	36986	34203
408269887	-1	415	4.253E-114	1	34608	36866	1166	415	0.343	1.756E-117	516	1266	1272	-36866	-34608	2259	36986	34203
408270835	-1	210	2.187E-52	1	34686	35567	1166	210	0.407	1.703E-50	0	290	317	-35567	-34686	882	36986	34203
408271100	-1	308	6.900E-82	1	34305	35864	1166	308	0.359	8.898E-82	90	600	622	-35864	-34305	1560	36986	34203
408271980	-1	435	4.056E-120	1	34338	36821	1166	435	0.332	4.158E-124	367	1186	1226	-36821	-34338	2484	36986	34203
408272517	-1	280	1.852E-73	1	34239	35900	1166	280	0.323	6.215E-73	136	676	677	-35900	-34239	1662	36986	34203
408273371	-1	223	2.669E-56	1	34788	35567	1166	223	0.467	1.426E-54	0	259	275	-35567	-34788	780	36986	34203
408273479	-1	303	2.208E-80	1	34284	35864	1166	303	0.352	3.119E-80	77	596	609	-35864	-34284	1581	36986	34203
408273553	-1	397	1.115E-108	1	34284	36830	1166	397	0.308	2.837E-111	281	1128	1141	-36830	-34284	2547	36986	34203
408275701	-1	297	1.413E-78	1	34284	35864	1166	297	0.347	1.963E-78	77	596	609	-35864	-34284	1581	36986	34203
408279644	1	110	2.772E-22	1	4572	4850	106	110	0.589	9.594E-24	0	93	107	4572	4850	279	4374	4859
408280623	1	187	1.834E-45	2	4431	4988	106	154	0.556	4.655E-39	44	184	223	4431	4859	429	4374	4859
408280623	1	187	1.834E-45	2	4431	4988	110	36	0.508	2.073E+00	189	222	223	4884	4988	105	4863	4988
408280646	1	183	2.935E-44	1	30384	30944	704	183	0.516	2.608E-48	35	221	233	30384	30944	561	30369	30974
408322361	-1	310	1.725E-82	1	34299	35870	1166	310	0.359	1.114E-82	12	529	533	-35870	-34299	1572	36986	34203
408657102	1	343	2.008E-92	1	22203	23504	522	343	0.441	1.532E-99	293	727	761	22203	23504	1302	22197	23513
408802050	1	260	1.942E-67	1	22203	23510	522	260	0.355	4.048E-71	323	767	772	22203	23510	1308	22197	23513
408869380	1	252	4.972E-65	1	22203	23363	522	252	0.374	2.732E-68	257	655	713	22203	23363	1161	22197	23513
408897692	1	323	2.106E-86	1	22203	23492	522	323	0.425	1.739E-92	296	716	735	22203	23492	1290	22197	23513
409042770	1	348	6.276E-94	1	22203	23504	522	348	0.447	2.631E-101	314	747	776	22203	23504	1302	22197	23513
409094986	1	257	1.554E-66	1	22203	23504	522	257	0.353	4.846E-70	320	762	774	22203	23504	1302	22197	23513
409124918	1	260	1.942E-67	1	22203	23510	522	260	0.354	5.521E-71	323	768	773	22203	23510	1308	22197	23513
409143755	1	262	4.856E-68	1	22203	23504	522	262	0.358	1.169E-71	318	760	772	22203	23504	1302	22197	23513
409146636	1	355	4.903E-96	1	22203	23504	522	355	0.452	9.449E-104	308	743	772	22203	23504	1302	22197	23513
409169149	1	525	3.276E-147	2	20334	23384	462	233	0.678	1.060E-64	201	371	978	20334	20843	510	20091	20855
409169149	1	525	3.276E-147	2	20334	23384	522	292	0.421	4.662E-82	371	750	978	22203	23384	1182	22197	23513
409171872	1	543	1.250E-152	2	20247	23504	462	241	0.614	2.709E-67	114	311	765	20247	20843	597	20091	20855
409171872	1	543	1.250E-152	2	20247	23504	522	302	0.402	1.930E-85	311	731	765	22203	23504	1302	22197	23513
409211616	1	261	9.711E-68	1	22203	23504	522	261	0.358	1.595E-71	63	505	517	22203	23504	1302	22197	23513
414380379	1	155	7.879E-36	1	30384	30833	704	155	0.538	9.387E-39	98	247	249	30384	30833	450	30369	30974
414559704	1	135	8.261E-30	1	30588	30965	704	135	0.551	1.144E-31	0	125	226	30588	30965	378	30369	30974
415299014	-1	77	2.381E-12	1	27770	28375	1310	77	0.264	1.945E-11	165	361	366	-28375	-27770	606	28420	27716
415522037	1	195	7.166E-48	1	30384	30974	704	195	0.522	1.514E-52	154	350	351	30384	30974	591	30369	30974
418728286	-1	77	2.381E-12	1	27800	28282	1310	77	0.303	1.945E-11	47	201	206	-28282	-27800	483	28420	27716
419899696	1	254	1.243E-65	1	22203	23489	522	254	0.354	5.796E-69	327	762	781	22203	23489	1287	22197	23513
421412688	1	441	6.337E-122	1	22203	23504	522	441	0.537	2.798E-133	286	701	706	22203	23504	1302	22197	23513
422533722	1	252	4.972E-65	1	22203	23486	522	252	0.355	3.725E-68	309	739	757	22203	23486	1284	22197	23513
422580840	1	150	2.521E-34	1	4479	4850	106	150	0.606	1.088E-37	17	141	188	4479	4850	372	4374	4859
422608264	-1	99	5.677E-19	1	37262	37930	1124	99	0.292	1.972E-17	108	331	334	-37930	-37262	669	38242	36938
422616370	1	180	2.348E-43	2	4479	4988	106	152	0.601	2.251E-38	82	209	248	4479	4859	381	4374	4859
422616370	1	180	2.348E-43	2	4479	4988	110	39	0.697	2.185E-01	222	247	248	4911	4988	78	4863	4988
422619171	-1	106	4.435E-21	1	37256	37990	1124	106	0.287	1.067E-19	68	314	415	-37990	-37256	735	38242	36938
422647480	-1	248	7.956E-64	1	34794	36596	1166	248	0.281	1.974E-62	69	678	699	-36596	-34794	1803	36986	34203
422661371	-1	87	2.325E-15	1	37154	37906	1124	87	0.252	1.454E-13	120	361	424	-37906	-37154	753	38242	36938
422679316	-1	333	2.056E-89	1	34281	36920	1166	333	0.271	3.457E-90	211	962	983	-36920	-34281	2640	36986	34203
422679836	-1	288	7.235E-76	1	34281	35837	1166	288	0.343	2.331E-75	39	545	566	-35837	-34281	1557	36986	34203
422703401	-1	212	5.467E-53	1	34932	35801	1166	212	0.414	4.123E-51	3	291	302	-35801	-34932	870	36986	34203
422704463	-1	248	7.956E-64	1	34668	35714	1166	248	0.407	1.478E-62	74	417	435	-35714	-34668	1047	36986	34203
422718557	-1	396	2.230E-108	1	34281	36923	1166	396	0.300	3.844E-111	1	879	893	-36923	-34281	2643	36986	34203
422754679	-1	96	4.542E-18	1	37295	37804	1124	96	0.342	1.487E-16	13	180	254	-37804	-37295	510	38242	36938
422766867	-1	96	4.542E-18	1	37115	37942	1124	96	0.254	1.487E-16	109	377	452	-37942	-37115	828	38242	36938
422811968	-1	268	7.587E-70	1	34239	35507	1166	268	0.375	7.266E-69	0	411	412	-35507	-34239	1269	36986	34203
422812019	-1	226	3.337E-57	1	34650	35567	1166	226	0.418	1.452E-55	0	300	313	-35567	-34650	918	36986	34203
422812390	-1	331	8.226E-89	1	34311	36173	1166	331	0.334	2.804E-89	0	614	645	-36173	-34311	1863	36986	34203
422814508	-1	282	4.631E-74	1	34284	35567	1166	282	0.387	1.431E-73	0	418	431	-35567	-34284	1284	36986	34203
422814943	-1	272	4.742E-71	1	34353	35531	1166	272	0.400	3.913E-70	0	382	421	-35531	-34353	1179	36986	34203
422815339	-1	399	2.787E-109	1	34284	36974	1166	399	0.298	6.214E-112	4	896	917	-36974	-34284	2691	36986	34203
422815626	-1	446	1.980E-123	1	34338	36866	1166	446	0.334	7.948E-128	192	1026	1066	-36866	-34338	2529	36986	34203
422816140	-1	331	8.226E-89	1	34311	36320	1166	331	0.318	2.804E-89	16	674	705	-36320	-34311	2010	36986	34203
422816142	-1	295	5.653E-78	1	34284	35705	1166	295	0.372	8.597E-78	51	517	530	-35705	-34284	1422	36986	34203
422816718	-1	227	1.668E-57	1	34767	35636	1166	227	0.433	8.194E-56	20	312	330	-35636	-34767	870	36986	34203
422816858	-1	350	1.569E-94	1	34284	36920	1166	350	0.279	8.689E-96	1	873	886	-36920	-34284	2637	36986	34203
422817117	-1	451	6.188E-125	2	34302	37993	1124	94	0.273	8.365E-16	202	438	1378	-37993	-37298	696	38242	36938
422817117	-1	451	6.188E-125	2	34302	37993	1166	440	0.328	1.061E-125	523	1360	1378	-36860	-34302	2559	36986	34203
422819179	1	110	2.772E-22	1	4572	4853	106	110	0.586	7.006E-24	0	94	113	4572	4853	282	4374	4859
422820015	1	116	4.331E-24	1	4572	4859	106	116	0.600	8.587E-26	0	96	135	4572	4859	288	4374	4859
422820868	1	108	1.109E-21	1	4572	4859	106	108	0.567	3.373E-23	0	96	97	4572	4859	288	4374	4859
422870276	1	114	1.733E-23	1	4506	4859	106	114	0.504	3.021E-25	3	121	160	4506	4859	354	4374	4859
422870905	1	160	2.462E-37	1	30384	30974	704	160	0.446	2.965E-40	126	320	326	30384	30974	591	30369	30974
422912072	-1	420	1.329E-115	1	34377	36920	1166	420	0.318	4.530E-119	0	855	886	-36920	-34377	2544	36986	34203
422917669	1	120	2.707E-25	1	4479	4835	106	120	0.525	2.698E-27	46	164	209	4479	4835	357	4374	4859
422941315	1	109	5.544E-22	1	4452	4859	106	109	0.437	2.463E-23	62	195	231	4452	4859	408	4374	4859
422957362	1	113	3.465E-23	1	4449	4859	106	113	0.447	1.063E-24	44	178	216	4449	4859	411	4374	4859
422965671	-1	88	1.163E-15	1	37115	37672	1124	88	0.302	8.212E-14	1	176	235	-37672	-37115	558	38242	36938
422965807	1	190	2.293E-46	2	4479	4976	106	153	0.605	8.744E-39	148	275	315	4479	4859	381	4374	4859
422965807	1	190	2.293E-46	2	4479	4976	110	37	0.513	1.503E+00	275	309	315	4878	4976	99	4863	4988
423257597	1	256	3.108E-66	1	22203	23510	522	256	0.350	1.676E-69	338	783	788	22203	23510	1308	22197	23513
423410860	1	354	9.806E-96	1	22203	23504	522	354	0.451	2.415E-103	308	743	772	22203	23504	1302	22197	23513
423493470	1	259	3.885E-67	1	22203	23510	522	259	0.354	1.027E-70	323	767	772	22203	23510	1308	22197	23513
423564937	1	252	4.972E-65	1	22203	23504	522	252	0.349	2.004E-68	315	756	768	22203	23504	1302	22197	23513
423592421	1	196	3.583E-48	1	22596	23504	522	196	0.361	2.125E-49	32	357	369	22596	23504	909	22197	23513
423598513	1	353	1.961E-95	1	22203	23504	522	353	0.450	6.171E-103	308	743	772	22203	23504	1302	22197	23513
423642917	1	261	9.711E-68	1	22203	23504	522	261	0.357	2.176E-71	318	760	772	22203	23504	1302	22197	23513
423730644	1	247	1.591E-63	1	22203	23492	522	247	0.346	1.535E-66	287	724	741	22203	23492	1290	22197	23513
423748899	1	254	1.243E-65	1	22203	23504	522	254	0.351	7.903E-69	315	756	768	22203	23504	1302	22197	23513
431418020	-1	63	3.901E-08	1	27923	28261	1310	63	0.334	5.495E-07	56	164	210	-28261	-27923	339	28420	27716
432067983	-1	66	4.877E-09	1	27875	28276	1310	66	0.308	6.752E-08	36	165	195	-28276	-27875	402	28420	27716
432252675	-1	62	7.803E-08	1	27800	28276	1310	62	0.254	1.346E-06	104	276	296	-28276	-27800	477	28420	27716
432591812	1	158	9.848E-37	1	30414	30962	704	158	0.467	1.426E-39	38	220	231	30414	30962	549	30369	30974
433738407	-1	71	1.524E-10	1	27722	28276	1310	71	0.254	1.824E-09	91	289	291	-28276	-27722	555	28420	27716
434719491	-1	78	1.191E-12	1	27716	28282	1310	78	0.277	1.059E-11	180	366	367	-28282	-27716	567	28420	27716
437012585	1	237	1.629E-60	1	22203	23366	522	237	0.363	4.805E-63	309	700	757	22203	23366	1164	22197	23513
437038675	1	238	8.146E-61	1	22203	23486	522	238	0.342	1.394E-63	308	737	756	22203	23486	1284	22197	23513
437053387	1	237	1.629E-60	1	22203	23396	522	237	0.358	3.527E-63	308	707	755	22203	23396	1194	22197	23513
437062562	-1	442	3.168E-122	1	34338	36866	1166	442	0.332	2.301E-126	56	890	930	-36866	-34338	2529	36986	34203
437072722	1	253	2.486E-65	1	22203	23396	522	253	0.374	1.078E-68	308	708	756	22203	23396	1194	22197	23513
437122756	1	145	8.068E-33	1	4479	4859	106	145	0.573	8.967E-36	57	185	225	4479	4859	381	4374	4859
437135424	-1	425	4.153E-117	1	34377	36920	1166	425	0.320	1.166E-120	7	863	890	-36920	-34377	2544	36986	34203
437146630	1	1297	0.000E+00	3	19823	23513	450	235	0.749	4.187E-67	0	152	762	19823	20269	447	19799	20269
437146630	1	1297	0.000E+00	3	19823	23513	462	350	0.951	3.764E-105	152	325	762	20322	20843	522	20091	20855
437146630	1	1297	0.000E+00	3	19823	23513	522	712	0.795	4.332E-227	325	761	762	22203	23513	1311	22197	23513
437153720	-1	343	2.008E-92	1	34296	36323	1166	343	0.324	2.609E-93	9	672	691	-36323	-34296	2028	36986	34203
437213505	1	248	7.956E-64	1	22203	23486	522	248	0.351	8.263E-67	308	738	756	22203	23486	1284	22197	23513
437219293	1	152	6.303E-35	1	4479	4820	106	152	0.662	2.251E-38	18	131	143	4479	4820	342	4374	4859
437220608	-1	432	3.245E-119	1	34569	36791	1166	432	0.353	4.790E-123	1	749	750	-36791	-34569	2223	36986	34203
437242530	-1	273	2.371E-71	1	34227	36386	1166	273	0.270	1.215E-70	30	715	727	-36386	-34227	2160	36986	34203
437246775	-1	364	9.576E-99	1	34509	36920	1166	364	0.301	2.305E-100	8	809	1047	-36920	-34509	2412	36986	34203
437247956	-1	222	5.339E-56	1	34794	35639	1166	222	0.438	3.357E-54	31	312	339	-35639	-34794	846	36986	34203
437254736	-1	93	3.633E-17	1	37295	38044	1124	93	0.262	2.640E-15	43	285	314	-38044	-37295	750	38242	36938
437255241	-1	415	4.253E-114	1	34299	36926	1166	415	0.309	3.228E-117	27	909	912	-36926	-34299	2628	36986	34203
437265751	-1	82	7.441E-14	1	37124	37531	1124	82	0.354	5.910E-12	34	169	196	-37531	-37124	408	38242	36938
437291818	-1	66	4.877E-09	1	37130	37474	1124	66	0.315	4.818E-07	49	177	212	-37474	-37130	345	38242	36938
437294248	-1	73	3.810E-11	1	37295	37474	1124	73	0.602	3.015E-09	3	62	71	-37474	-37295	180	38242	36938
437301044	1	245	6.364E-63	1	22203	23363	522	245	0.373	5.301E-66	308	698	756	22203	23363	1161	22197	23513
437308318	-1	94	1.817E-17	1	37277	37930	1124	94	0.288	6.274E-16	102	319	429	-37930	-37277	654	38242	36938
437308731	-1	91	1.453E-16	1	37094	37843	1124	91	0.259	6.243E-15	140	391	406	-37843	-37094	750	38242	36938
437327232	-1	93	3.633E-17	1	37277	38056	1124	93	0.256	2.640E-15	59	316	414	-38056	-37277	780	38242	36938
437341941	1	142	6.454E-32	1	30381	30938	704	142	0.424	2.958E-34	176	362	372	30381	30938	558	30369	30974
437353396	-1	269	3.793E-70	1	34827	36320	1166	269	0.337	4.053E-69	16	510	512	-36320	-34827	1494	36986	34203
437353467	-1	314	1.078E-83	1	34488	36731	1166	314	0.287	7.684E-84	0	638	641	-36731	-34488	2244	36986	34203
437353485	-1	440	1.267E-121	1	34338	36866	1166	440	0.331	1.061E-125	443	1277	1317	-36866	-34338	2529	36986	34203
437353654	-1	389	2.854E-106	1	34452	36866	1166	389	0.314	9.052E-109	409	1088	1091	-36866	-34452	2415	36986	34203
437353747	-1	377	1.169E-102	1	34344	36635	1166	377	0.318	1.081E-104	25	780	822	-36635	-34344	2292	36986	34203
437354078	-1	453	1.547E-125	2	34302	37993	1124	94	0.273	8.365E-16	202	438	1395	-37993	-37298	696	38242	36938
437354078	-1	453	1.547E-125	2	34302	37993	1166	442	0.329	2.301E-126	523	1360	1395	-36860	-34302	2559	36986	34203
437355335	-1	412	3.402E-113	1	34299	36836	1166	412	0.316	2.721E-116	2	840	866	-36836	-34299	2538	36986	34203
437357098	-1	470	1.180E-130	2	34338	37993	1124	94	0.273	8.365E-16	202	438	1405	-37993	-37298	696	38242	36938
437357098	-1	470	1.180E-130	2	34338	37993	1166	444	0.324	3.670E-127	508	1365	1405	-36968	-34338	2631	36986	34203
437358719	-1	297	1.413E-78	1	34344	35837	1166	297	0.361	2.637E-78	12	500	542	-35837	-34344	1494	36986	34203
437359307	-1	371	7.481E-101	1	34479	36635	1166	371	0.328	1.362E-102	25	741	748	-36635	-34479	2157	36986	34203
437360389	1	109	5.544E-22	1	4452	4850	106	109	0.446	1.799E-23	41	171	210	4452	4850	399	4374	4859
437360393	1	123	3.384E-26	2	4572	4988	106	103	0.610	2.741E-21	0	83	135	4572	4823	252	4374	4859
437360393	1	123	3.384E-26	2	4572	4988	110	36	0.508	2.073E+00	101	134	135	4884	4988	105	4863	4988
437361318	1	105	8.871E-21	1	4479	4850	106	105	0.453	5.701E-22	70	194	240	4479	4850	372	4374	4859
437361416	1	179	4.696E-43	1	30384	30944	704	179	0.434	4.424E-47	18	247	259	30384	30944	561	30369	30974
437361526	1	166	3.847E-39	1	30438	30944	704	166	0.517	1.943E-42	15	183	188	30438	30944	507	30369	30974
437363281	1	114	1.733E-23	1	4479	4781	106	114	0.572	4.137E-25	32	132	133	4479	4781	303	4374	4859
437363537	1	98	1.135E-18	1	4431	4718	106	98	0.528	8.661E-20	69	161	164	4431	4718	288	4374	4859
437423756	-1	69	6.096E-10	1	27719	28276	1310	69	0.256	8.235E-09	131	321	325	-28276	-27719	558	28420	27716
437447216	-1	388	5.708E-106	1	34281	36926	1166	388	0.296	2.248E-108	0	877	895	-36926	-34281	2646	36986	34203
437448757	-1	369	2.993E-100	1	34572	36923	1166	369	0.309	6.166E-102	9	787	791	-36923	-34572	2352	36986	34203
437454832	-1	409	2.722E-112	1	34299	36920	1166	409	0.307	3.107E-115	0	877	881	-36920	-34299	2622	36986	34203
437477086	1	147	2.017E-33	1	30384	30851	704	147	0.496	9.378E-36	144	300	307	30384	30851	468	30369	30974
437488905	1	253	2.486E-65	1	22203	23486	522	253	0.356	1.469E-68	131	561	587	22203	23486	1284	22197	23513
437489743	1	262	4.856E-68	1	22203	23486	522	262	0.365	1.169E-71	308	738	764	22203	23486	1284	22197	23513
437498127	-1	68	1.219E-09	1	37010	37633	1124	68	0.242	1.179E-07	8	214	220	-37633	-37010	624	38242	36938
437499383	-1	97	2.271E-18	1	37241	37846	1124	97	0.306	1.115E-16	34	232	244	-37846	-37241	606	38242	36938
437553550	1	116	4.331E-24	1	4512	4850	106	116	0.528	6.270E-26	1	114	131	4512	4850	339	4374	4859
437776039	1	254	1.243E-65	1	22203	23510	522	254	0.349	4.250E-69	323	769	774	22203	23510	1308	22197	23513
437897817	1	250	1.989E-64	1	22203	23309	522	250	0.382	1.755E-67	297	680	686	22203	23309	1107	22197	23513
437900086	1	263	2.428E-68	1	22203	23504	522	263	0.359	4.608E-72	318	760	772	22203	23504	1302	22197	23513
438011194	1	248	7.956E-64	1	22203	23489	522	248	0.349	4.446E-67	314	748	766	22203	23489	1287	22197	23513
438055752	1	247	1.591E-63	1	22203	23489	522	247	0.345	1.535E-66	318	757	767	22203	23489	1287	22197	23513
438139184	1	355	4.903E-96	1	22203	23504	522	355	0.452	9.449E-104	308	743	772	22203	23504	1302	22197	23513
438192470	1	261	9.711E-68	1	22203	23510	522	261	0.355	2.176E-71	338	783	788	22203	23510	1308	22197	23513
438219788	1	364	9.576E-99	1	22203	23510	522	364	0.459	7.084E-107	238	675	702	22203	23510	1308	22197	23513
438265164	1	247	1.591E-63	1	22203	23504	522	247	0.342	1.126E-66	336	782	789	22203	23504	1302	22197	23513
442892102	1	108	1.109E-21	1	4449	4823	106	108	0.465	3.373E-23	9	130	131	4449	4823	375	4374	4859
446658266	1	251	9.944E-65	1	22203	23504	522	251	0.347	6.924E-68	315	757	777	22203	23504	1302	22197	23513
448580518	1	183	2.935E-44	1	30384	30944	704	183	0.515	3.572E-48	56	242	250	30384	30944	561	30369	30974
449469647	1	248	7.956E-64	1	22254	23510	522	248	0.349	8.263E-67	384	818	823	22254	23510	1257	22197	23513
451590469	1	162	6.155E-38	1	30432	30920	704	162	0.520	3.287E-41	9	172	174	30432	30920	489	30369	30974
451605214	-1	226	3.337E-57	1	34932	35717	1166	226	0.469	1.932E-55	11	271	313	-35717	-34932	786	36986	34203
451610590	1	240	2.037E-61	1	22203	23489	522	240	0.342	4.044E-64	308	740	769	22203	23489	1287	22197	23513
451640743	-1	124	1.692E-26	1	37100	37978	1124	124	0.284	1.464E-25	186	482	561	-37978	-37100	879	38242	36938
451659225	-1	411	6.804E-113	1	34284	36974	1166	411	0.304	3.690E-116	1	883	902	-36974	-34284	2691	36986	34203
451663961	1	196	3.583E-48	2	4479	4976	106	156	0.613	1.319E-39	148	275	315	4479	4859	381	4374	4859
451663961	1	196	3.583E-48	2	4479	4976	110	40	0.557	8.338E-02	275	309	315	4878	4976	99	4863	4988
451693069	-1	104	1.774E-20	1	37304	38089	1124	104	0.271	8.156E-19	88	352	454	-38089	-37304	786	38242	36938
451699999	1	177	1.878E-42	2	4479	4988	106	150	0.595	1.088E-37	82	209	248	4479	4859	381	4374	4859
451699999	1	177	1.878E-42	2	4479	4988	110	38	0.677	5.727E-01	222	247	248	4911	4988	78	4863	4988
451715788	1	131	1.322E-28	1	4479	4811	106	131	0.595	5.500E-31	46	156	158	4479	4811	333	4374	4859
451752648	1	244	1.273E-62	1	22203	23486	522	244	0.346	1.830E-65	308	739	769	22203	23486	1284	22197	23513
451763283	-1	97	2.271E-18	1	37283	37963	1124	97	0.286	8.354E-17	116	342	440	-37963	-37283	681	38242	36938
451773154	1	127	2.115E-27	1	30432	30887	704	127	0.454	6.015E-29	5	156	158	30432	30887	456	30369	30974
451785181	-1	253	2.486E-65	1	34668	36107	1166	253	0.331	4.584E-64	43	512	522	-36107	-34668	1440	36986	34203
451838503	-1	108	1.109E-21	1	37205	37963	1124	108	0.285	4.453E-20	95	346	397	-37963	-37205	759	38242	36938
451850594	-1	97	2.271E-18	1	37277	37930	1124	97	0.292	1.115E-16	102	319	402	-37930	-37277	654	38242	36938
451882013	-1	402	3.484E-110	2	34305	37843	1124	104	0.343	6.101E-19	263	442	1440	-37843	-37295	549	38242	36938
451882013	-1	402	3.484E-110	2	34305	37843	1166	375	0.292	6.637E-104	521	1392	1440	-36926	-34305	2622	36986	34203
451894003	-1	422	3.322E-116	1	34338	36863	1166	422	0.322	1.338E-119	108	937	977	-36863	-34338	2526	36986	34203
451894199	-1	438	5.070E-121	1	34260	36866	1166	438	0.323	4.895E-125	340	1192	1214	-36866	-34260	2607	36986	34203
451896681	-1	375	4.676E-102	1	34344	36635	1166	375	0.317	4.905E-104	25	780	822	-36635	-34344	2292	36986	34203
451898343	-1	323	2.106E-86	1	34284	36662	1166	323	0.283	6.050E-87	3	785	799	-36662	-34284	2379	36986	34203
451900064	-1	337	1.285E-90	1	34530	36920	1166	337	0.289	1.733E-91	1	795	796	-36920	-34530	2391	36986	34203
451900285	-1	432	3.245E-119	1	34524	36866	1166	432	0.343	6.501E-123	11	789	791	-36866	-34524	2343	36986	34203
451900435	-1	334	1.028E-89	1	34299	36593	1166	334	0.295	1.409E-90	7	756	774	-36593	-34299	2295	36986	34203
451902167	1	113	3.465E-23	1	4572	4859	106	113	0.590	5.666E-25	0	96	114	4572	4859	288	4374	4859
451902995	1	140	2.582E-31	2	4572	4988	106	107	0.572	8.657E-23	0	94	135	4572	4853	282	4374	4859
451902995	1	140	2.582E-31	2	4572	4988	110	38	0.528	5.727E-01	101	134	135	4884	4988	105	4863	4988
451904053	1	106	4.435E-21	1	4572	4859	106	106	0.559	1.623E-22	0	96	142	4572	4859	288	4374	4859
451904368	-1	102	7.097E-20	1	37232	37969	1124	102	0.281	1.947E-18	127	371	372	-37969	-37232	738	38242	36938
451949792	-1	102	7.097E-20	1	37064	37930	1124	102	0.256	2.602E-18	135	423	448	-37930	-37064	867	38242	36938
451951583	1	184	1.468E-44	1	30384	30932	704	184	0.528	1.015E-48	148	330	342	30384	30932	549	30369	30974
451952335	1	126	4.230E-27	1	4482	4811	106	126	0.580	3.294E-29	1	110	122	4482	4811	330	4374	4859
451954667	1	116	4.331E-24	1	4401	4859	106	116	0.421	8.587E-26	88	236	272	4401	4859	459	4374	4859
451960915	1	115	8.663E-24	1	4479	4859	106	115	0.475	2.206E-25	72	200	239	4479	4859	381	4374	4859
451988132	1	109	5.544E-22	1	4497	4835	106	109	0.507	1.314E-23	2	114	149	4497	4835	339	4374	4859
452083573	-1	535	3.199E-150	2	34248	37984	1124	130	0.313	1.714E-27	30	284	1422	-37984	-37187	798	38242	36938
452083573	-1	535	3.199E-150	2	34248	37984	1166	441	0.327	3.124E-126	322	1172	1422	-36833	-34248	2586	36986	34203
452294686	1	528	4.095E-148	2	20304	23513	462	239	0.664	6.955E-67	120	299	731	20304	20843	540	20091	20855
452294686	1	528	4.095E-148	2	20304	23513	522	289	0.387	7.687E-81	299	716	731	22203	23513	1311	22197	23513
452295636	1	252	4.972E-65	1	22203	23504	522	252	0.349	2.732E-68	316	757	769	22203	23504	1302	22197	23513
452355617	1	357	1.226E-96	1	22203	23504	522	357	0.454	1.978E-104	308	743	772	22203	23504	1302	22197	23513
452386152	1	251	9.944E-65	1	22203	23489	522	251	0.350	5.079E-68	290	728	742	22203	23489	1287	22197	23513
452427280	1	262	4.856E-68	1	22203	23510	522	262	0.357	1.169E-71	347	791	796	22203	23510	1308	22197	23513
452529829	1	261	9.711E-68	1	22203	23504	522	261	0.358	1.595E-71	318	760	772	22203	23504	1302	22197	23513
452587980	1	254	1.243E-65	1	22203	23489	522	254	0.351	5.796E-69	321	762	772	22203	23489	1287	22197	23513
452729470	1	253	2.486E-65	1	22203	23510	522	253	0.348	1.469E-68	323	767	772	22203	23510	1308	22197	23513
455553823	1	116	4.331E-24	1	30501	30935	704	116	0.439	2.800E-25	0	144	157	30501	30935	435	30369	30974
457433352	1	102	7.097E-20	1	4506	4823	106	102	0.505	3.752E-21	5	110	112	4506	4823	318	4374	4859
458695547	1	179	4.696E-43	1	30378	30974	704	179	0.482	8.299E-47	98	296	297	30378	30974	597	30369	30974
459001307	1	261	9.711E-68	1	22203	23486	522	261	0.360	2.176E-71	313	749	768	22203	23486	1284	22197	23513
460145561	1	182	5.870E-44	1	30381	30968	704	182	0.496	4.893E-48	159	354	366	30381	30968	588	30369	30974
460652522	-1	67	2.438E-09	1	27776	28267	1310	67	0.274	3.704E-08	78	230	244	-28267	-27776	492	28420	27716
461066960	1	172	6.011E-41	1	30384	30974	704	172	0.470	1.740E-44	185	382	383	30384	30974	591	30369	30974
461180649	-1	63	3.901E-08	1	27800	28276	1310	63	0.257	5.495E-07	96	268	280	-28276	-27800	477	28420	27716
461936688	1	255	6.215E-66	1	22203	23489	522	255	0.354	2.286E-69	328	765	783	22203	23489	1287	22197	23513
462676664	-1	63	3.901E-08	1	27791	28285	1310	63	0.254	7.410E-07	27	201	222	-28285	-27791	495	28420	27716
463959399	1	352	3.922E-95	1	22203	23504	522	352	0.448	1.577E-102	311	747	776	22203	23504	1302	22197	23513
 