g_name,c_name,c_num_of_genes,c_len,c_pct_assemby_len,c_genelenm,c_genelensd,c_pearson_r,c_pearson_p,c_gc_cont,c_gcdev,g_len,g_lendev_c,g_lendev_o,g_abspos,g_terminal,g_single,g_pearson_r_o,g_pearson_p_o,g_pearson_r_c,g_pearson_p_c,g_gc_cont,g_gcdev_c,g_gcdev_o
GBPCPCFC_00875,gnl|Prokka|GBPCPCFC_19,3,4017,0.0018,1220.0,561.7099,0.4271,0.0,0.6794,2.8302,2013,1.4118,1.5355,0.9397,1,0,0.2778,0.0,0.7271,0.0,0.6731,-0.3132,2.5766
GBPCPCFC_00876,gnl|Prokka|GBPCPCFC_19,3,4017,0.0018,1220.0,561.7099,0.4271,0.0,0.6794,2.8302,864,-0.6338,-0.0328,0.507,0,0,0.0961,0.1429,0.3741,0.0,0.6968,1.7141,2.7876
GBPCPCFC_00877,gnl|Prokka|GBPCPCFC_19,3,4017,0.0018,1220.0,561.7099,0.4271,0.0,0.6794,2.8302,783,-0.778,-0.1434,0.9133,1,0,0.2579,0.0,0.4745,0.0,0.6641,-1.0863,2.4962
GBPCPCFC_00124,gnl|Prokka|GBPCPCFC_2,5,6699,0.0029,1121.4,349.7614,0.5439,0.0,0.6556,2.6071,843,-0.796,-0.0615,0.9776,1,0,0.1972,0.0024,0.4184,0.0,0.6619,-0.3673,2.4766
GBPCPCFC_00125,gnl|Prokka|GBPCPCFC_2,5,6699,0.0029,1121.4,349.7614,0.5439,0.0,0.6556,2.6071,816,-0.8732,-0.0983,0.7817,0,0,0.2679,0.0,0.3866,0.0,0.6654,-0.1516,2.508
GBPCPCFC_00126,gnl|Prokka|GBPCPCFC_2,5,6699,0.0029,1121.4,349.7614,0.5439,0.0,0.6556,2.6071,1635,1.4684,1.0195,0.4975,0,0,0.2975,0.0,0.5988,0.0,0.663,-0.3014,2.4862
GBPCPCFC_00127,gnl|Prokka|GBPCPCFC_2,5,6699,0.0029,1121.4,349.7614,0.5439,0.0,0.6556,2.6071,1452,0.9452,0.7698,0.4279,0,0,0.3535,0.0,0.5057,0.0,0.6928,1.5275,2.7526
GBPCPCFC_00128,gnl|Prokka|GBPCPCFC_2,5,6699,0.0029,1121.4,349.7614,0.5439,0.0,0.6556,2.6071,861,-0.7445,-0.0369,0.7811,1,0,0.1402,0.0273,0.3813,0.0,0.6434,-1.5002,2.3117
GBPCPCFC_00692,gnl|Prokka|GBPCPCFC_13,4,4435,0.002,1059.0,579.4855,0.2325,0.0002,0.6762,2.8006,1653,1.025,1.0441,0.9644,1,0,0.1194,0.0605,0.7101,0.0,0.6661,-0.9935,2.5136
GBPCPCFC_00693,gnl|Prokka|GBPCPCFC_13,4,4435,0.002,1059.0,579.4855,0.2325,0.0002,0.6762,2.8006,450,-1.0509,-0.5979,0.1894,0,0,0.1494,0.0321,0.3265,0.0,0.6756,0.0993,2.5983
GBPCPCFC_00694,gnl|Prokka|GBPCPCFC_13,4,4435,0.002,1059.0,579.4855,0.2325,0.0002,0.6762,2.8006,510,-0.9474,-0.516,0.258,0,0,-0.0094,0.886,0.3493,0.0,0.6686,-0.6982,2.5365
GBPCPCFC_00695,gnl|Prokka|GBPCPCFC_13,4,4435,0.002,1059.0,579.4855,0.2325,0.0002,0.6762,2.8006,1623,0.9733,1.0032,0.9968,1,0,0.1728,0.0072,0.6448,0.0,0.6852,1.2037,2.684
GBPCPCFC_02166,gnl|Prokka|GBPCPCFC_25,9,12682,0.0056,1300.6667,727.1535,0.4769,0.0,0.676,2.7986,504,-1.0956,-0.5242,0.9733,1,0,0.219,0.0005,0.2432,0.0001,0.6369,-2.89,2.2533
GBPCPCFC_02167,gnl|Prokka|GBPCPCFC_25,9,12682,0.0056,1300.6667,727.1535,0.4769,0.0,0.676,2.7986,1593,0.402,0.9622,0.8678,0,0,0.2334,0.0002,0.355,0.0,0.6648,-0.8325,2.5022
GBPCPCFC_02168,gnl|Prokka|GBPCPCFC_25,9,12682,0.0056,1300.6667,727.1535,0.4769,0.0,0.676,2.7986,372,-1.2771,-0.7043,0.5874,0,0,0.1701,0.0081,0.1827,0.0044,0.6613,-1.0903,2.471
GBPCPCFC_02169,gnl|Prokka|GBPCPCFC_25,9,12682,0.0056,1300.6667,727.1535,0.4769,0.0,0.676,2.7986,1392,0.1256,0.6879,0.5293,0,0,0.1738,0.007,0.5626,0.0,0.6688,-0.5345,2.5382
GBPCPCFC_02170,gnl|Prokka|GBPCPCFC_25,9,12682,0.0056,1300.6667,727.1535,0.4769,0.0,0.676,2.7986,2823,2.0936,2.641,0.3096,0,0,0.3325,0.0,0.7573,0.0,0.6879,0.8751,2.7087
GBPCPCFC_02171,gnl|Prokka|GBPCPCFC_25,9,12682,0.0056,1300.6667,727.1535,0.4769,0.0,0.676,2.7986,984,-0.4355,0.131,0.3189,0,0,0.2091,0.0017,0.5106,0.0,0.689,0.9565,2.7185
GBPCPCFC_02172,gnl|Prokka|GBPCPCFC_25,9,12682,0.0056,1300.6667,727.1535,0.4769,0.0,0.676,2.7986,1614,0.4309,0.9909,0.583,0,0,0.2515,0.0002,0.6429,0.0,0.6902,1.0441,2.7291
GBPCPCFC_02173,gnl|Prokka|GBPCPCFC_25,9,12682,0.0056,1300.6667,727.1535,0.4769,0.0,0.676,2.7986,648,-0.8976,-0.3276,0.7066,0,0,0.2437,0.0003,0.4831,0.0,0.6636,-0.9213,2.4914
GBPCPCFC_02174,gnl|Prokka|GBPCPCFC_25,9,12682,0.0056,1300.6667,727.1535,0.4769,0.0,0.676,2.7986,1776,0.6537,1.212,0.9812,1,0,0.1985,0.0023,0.5628,0.0,0.6717,-0.3195,2.5642
GBPCPCFC_02154,gnl|Prokka|GBPCPCFC_24,12,12133,0.0053,898.0,474.9711,0.5047,0.0,0.6549,2.6004,1293,0.8316,0.5527,0.986,1,0,0.2842,0.0,0.4695,0.0,0.6512,-0.2924,2.3809
GBPCPCFC_02155,gnl|Prokka|GBPCPCFC_24,12,12133,0.0053,898.0,474.9711,0.5047,0.0,0.6549,2.6004,2037,2.398,1.5682,0.7616,0,0,0.24,0.0002,0.5491,0.0,0.6549,-0.1466,2.4138
GBPCPCFC_02156,gnl|Prokka|GBPCPCFC_24,12,12133,0.0053,898.0,474.9711,0.5047,0.0,0.6549,2.6004,690,-0.4379,-0.2703,0.405,0,0,0.2118,0.001,0.3867,0.0,0.6464,-0.4831,2.3379
GBPCPCFC_02157,gnl|Prokka|GBPCPCFC_24,12,12133,0.0053,898.0,474.9711,0.5047,0.0,0.6549,2.6004,690,-0.4379,-0.2703,0.2575,0,0,0.1401,0.0274,0.3527,0.0,0.5812,-3.062,1.7558
GBPCPCFC_02158,gnl|Prokka|GBPCPCFC_24,12,12133,0.0053,898.0,474.9711,0.5047,0.0,0.6549,2.6004,693,-0.4316,-0.2662,0.1029,0,0,0.3105,0.0,0.4215,0.0,0.684,1.004,2.6735
GBPCPCFC_02159,gnl|Prokka|GBPCPCFC_24,12,12133,0.0053,898.0,474.9711,0.5047,0.0,0.6549,2.6004,1146,0.5221,0.3521,0.2222,0,0,0.2464,0.0001,0.4591,0.0,0.6667,0.3193,2.519
GBPCPCFC_02160,gnl|Prokka|GBPCPCFC_24,12,12133,0.0053,898.0,474.9711,0.5047,0.0,0.6549,2.6004,570,-0.6906,-0.4341,0.3114,0,0,-0.011,0.8656,0.1738,0.0068,0.6474,-0.4439,2.3467
GBPCPCFC_02161,gnl|Prokka|GBPCPCFC_24,12,12133,0.0053,898.0,474.9711,0.5047,0.0,0.6549,2.6004,432,-0.9811,-0.6224,0.4311,0,0,0.0471,0.4777,0.3311,0.0,0.6574,-0.0469,2.4363
GBPCPCFC_02162,gnl|Prokka|GBPCPCFC_24,12,12133,0.0053,898.0,474.9711,0.5047,0.0,0.6549,2.6004,1446,1.1538,0.7616,0.67,0,0,0.2131,0.0006,0.4524,0.0,0.6708,0.4833,2.556
GBPCPCFC_02163,gnl|Prokka|GBPCPCFC_24,12,12133,0.0053,898.0,474.9711,0.5047,0.0,0.6549,2.6004,885,-0.0274,-0.0041,0.8277,0,0,0.157,0.0149,0.4124,0.0,0.696,1.481,2.7812
GBPCPCFC_02164,gnl|Prokka|GBPCPCFC_24,12,12133,0.0053,898.0,474.9711,0.5047,0.0,0.6549,2.6004,573,-0.6843,-0.43,0.9446,0,0,0.1527,0.0192,0.3582,0.0,0.6841,1.0094,2.6747
GBPCPCFC_02165,gnl|Prokka|GBPCPCFC_24,12,12133,0.0053,898.0,474.9711,0.5047,0.0,0.6549,2.6004,321,-1.2148,-0.7739,0.9992,1,0,0.1151,0.0908,0.2457,0.0003,0.6386,-0.7894,2.2687
GBPCPCFC_00895,gnl|Prokka|GBPCPCFC_21,19,20498,0.009,735.9474,460.5346,0.671,0.0,0.6027,2.1098,207,-1.1486,-0.9295,0.9651,1,0,-0.0098,0.8838,0.0601,0.3697,0.4444,-4.8857,0.5356
GBPCPCFC_00896,gnl|Prokka|GBPCPCFC_21,19,20498,0.009,735.9474,460.5346,0.671,0.0,0.6027,2.1098,321,-0.901,-0.7739,0.5393,0,0,0.2501,0.0001,0.1948,0.0017,0.5888,-1.5569,1.8239
GBPCPCFC_00897,gnl|Prokka|GBPCPCFC_21,19,20498,0.009,735.9474,460.5346,0.671,0.0,0.6027,2.1098,477,-0.5623,-0.561,0.5096,0,0,0.1317,0.0415,0.2346,0.0002,0.631,-0.5828,2.2009
GBPCPCFC_00898,gnl|Prokka|GBPCPCFC_21,19,20498,0.009,735.9474,460.5346,0.671,0.0,0.6027,2.1098,471,-0.5753,-0.5692,0.3561,0,0,0.1204,0.0583,0.1904,0.0026,0.5308,-2.8945,1.3062
GBPCPCFC_00899,gnl|Prokka|GBPCPCFC_21,19,20498,0.009,735.9474,460.5346,0.671,0.0,0.6027,2.1098,489,-0.5362,-0.5446,0.2654,0,0,0.1388,0.0334,0.2014,0.0019,0.6421,-0.3268,2.3
GBPCPCFC_00900,gnl|Prokka|GBPCPCFC_21,19,20498,0.009,735.9474,460.5346,0.671,0.0,0.6027,2.1098,288,-0.9727,-0.819,0.2013,0,0,0.1372,0.0425,0.2092,0.0019,0.6458,-0.2413,2.333
GBPCPCFC_00901,gnl|Prokka|GBPCPCFC_21,19,20498,0.009,735.9474,460.5346,0.671,0.0,0.6027,2.1098,318,-0.9075,-0.778,0.186,0,0,0.2384,0.0005,0.3284,0.0,0.6887,0.7468,2.7154
GBPCPCFC_00902,gnl|Prokka|GBPCPCFC_21,19,20498,0.009,735.9474,460.5346,0.671,0.0,0.6027,2.1098,1395,1.4311,0.692,0.148,0,0,0.2982,0.0,0.3525,0.0,0.6695,0.3053,2.5446
GBPCPCFC_00903,gnl|Prokka|GBPCPCFC_21,19,20498,0.009,735.9474,460.5346,0.671,0.0,0.6027,2.1098,390,-0.7512,-0.6798,0.0383,0,0,0.1141,0.09,0.186,0.0054,0.6462,-0.2339,2.3359
GBPCPCFC_00904,gnl|Prokka|GBPCPCFC_21,19,20498,0.009,735.9474,460.5346,0.671,0.0,0.6027,2.1098,1593,1.861,0.9622,0.1967,0,0,0.3132,0.0,0.4961,0.0,0.6503,-0.1373,2.3733
GBPCPCFC_00905,gnl|Prokka|GBPCPCFC_21,19,20498,0.009,735.9474,460.5346,0.671,0.0,0.6027,2.1098,867,0.2846,-0.0287,0.2724,0,0,0.2094,0.0018,0.3433,0.0,0.6886,0.7445,2.7146
GBPCPCFC_00906,gnl|Prokka|GBPCPCFC_21,19,20498,0.009,735.9474,460.5346,0.671,0.0,0.6027,2.1098,282,-0.9857,-0.8272,0.3091,0,0,0.1854,0.0045,0.2255,0.0005,0.6348,-0.4969,2.2341
GBPCPCFC_00907,gnl|Prokka|GBPCPCFC_21,19,20498,0.009,735.9474,460.5346,0.671,0.0,0.6027,2.1098,768,0.0696,-0.1638,0.3891,0,0,0.2073,0.0017,0.265,0.0001,0.6992,0.9898,2.8095
GBPCPCFC_00908,gnl|Prokka|GBPCPCFC_21,19,20498,0.009,735.9474,460.5346,0.671,0.0,0.6027,2.1098,510,-0.4906,-0.516,0.4384,0,0,0.0798,0.2238,0.1731,0.008,0.6725,0.3748,2.5715
GBPCPCFC_00909,gnl|Prokka|GBPCPCFC_21,19,20498,0.009,735.9474,460.5346,0.671,0.0,0.6027,2.1098,957,0.48,0.0941,0.5419,0,0,0.1971,0.0032,0.2408,0.0003,0.7168,1.3958,2.9666
GBPCPCFC_00910,gnl|Prokka|GBPCPCFC_21,19,20498,0.009,735.9474,460.5346,0.671,0.0,0.6027,2.1098,1251,1.1184,0.4954,0.648,0,0,0.1977,0.002,0.4032,0.0,0.6659,0.2207,2.5118
GBPCPCFC_00911,gnl|Prokka|GBPCPCFC_21,19,20498,0.009,735.9474,460.5346,0.671,0.0,0.6027,2.1098,1569,1.8089,0.9295,0.8061,0,0,0.2219,0.0003,0.3957,0.0,0.6533,-0.0695,2.3995
GBPCPCFC_00912,gnl|Prokka|GBPCPCFC_21,19,20498,0.009,735.9474,460.5346,0.671,0.0,0.6027,2.1098,486,-0.5427,-0.5487,0.8526,0,0,0.098,0.1532,0.1712,0.0121,0.6235,-0.7573,2.1333
GBPCPCFC_00913,gnl|Prokka|GBPCPCFC_21,19,20498,0.009,735.9474,460.5346,0.671,0.0,0.6027,2.1098,1344,1.3203,0.6224,0.9877,1,0,0.4015,0.0,0.5103,0.0,0.6704,0.3249,2.5522
GBPCPCFC_02136,gnl|Prokka|GBPCPCFC_23,18,16339,0.0072,855.0,471.4149,0.524,0.0,0.6587,2.6364,1764,1.9282,1.1956,0.9917,1,0,0.3551,0.0,0.5756,0.0,0.6451,-0.4808,2.3267
GBPCPCFC_02137,gnl|Prokka|GBPCPCFC_23,18,16339,0.0072,855.0,471.4149,0.524,0.0,0.6587,2.6364,666,-0.4009,-0.303,0.7623,0,0,0.1181,0.0671,0.1804,0.005,0.6201,-1.2764,2.1035
GBPCPCFC_02138,gnl|Prokka|GBPCPCFC_23,18,16339,0.0072,855.0,471.4149,0.524,0.0,0.6587,2.6364,618,-0.5027,-0.3686,0.6462,0,0,0.06,0.3537,0.1196,0.0637,0.589,-2.2667,1.8258
GBPCPCFC_02139,gnl|Prokka|GBPCPCFC_23,18,16339,0.0072,855.0,471.4149,0.524,0.0,0.6587,2.6364,540,-0.6682,-0.475,0.564,0,0,0.084,0.1874,0.2304,0.0003,0.5815,-2.5058,1.7587
GBPCPCFC_02140,gnl|Prokka|GBPCPCFC_23,18,16339,0.0072,855.0,471.4149,0.524,0.0,0.6587,2.6364,615,-0.5091,-0.3727,0.5065,0,0,0.1739,0.0075,0.3519,0.0,0.6846,0.7738,2.6786
GBPCPCFC_02141,gnl|Prokka|GBPCPCFC_23,18,16339,0.0072,855.0,471.4149,0.524,0.0,0.6587,2.6364,903,0.1018,0.0204,0.4158,0,0,0.2429,0.0002,0.4793,0.0,0.6877,0.8742,2.7068
GBPCPCFC_02142,gnl|Prokka|GBPCPCFC_23,18,16339,0.0072,855.0,471.4149,0.524,0.0,0.6587,2.6364,777,-0.1655,-0.1515,0.2962,0,0,0.195,0.0027,0.4515,0.0,0.6512,-0.2867,2.3811
GBPCPCFC_02143,gnl|Prokka|GBPCPCFC_23,18,16339,0.0072,855.0,471.4149,0.524,0.0,0.6587,2.6364,384,-0.9991,-0.6879,0.2047,0,0,0.1771,0.0096,0.1395,0.0419,0.6354,-0.7897,2.2401
GBPCPCFC_02144,gnl|Prokka|GBPCPCFC_23,18,16339,0.0072,855.0,471.4149,0.524,0.0,0.6587,2.6364,600,-0.5409,-0.3931,0.1507,0,0,0.0528,0.4421,0.2463,0.0003,0.725,2.0608,3.0396
GBPCPCFC_02145,gnl|Prokka|GBPCPCFC_23,18,16339,0.0072,855.0,471.4149,0.524,0.0,0.6587,2.6364,210,-1.3682,-0.9254,0.0761,0,0,0.1615,0.028,0.2154,0.0032,0.6857,0.8108,2.689
GBPCPCFC_02146,gnl|Prokka|GBPCPCFC_23,18,16339,0.0072,855.0,471.4149,0.524,0.0,0.6587,2.6364,426,-0.91,-0.6306,0.0493,0,0,0.0355,0.6299,0.3376,0.0,0.7254,2.072,3.0428
GBPCPCFC_02147,gnl|Prokka|GBPCPCFC_23,18,16339,0.0072,855.0,471.4149,0.524,0.0,0.6587,2.6364,798,-0.1209,-0.1229,0.1016,0,0,0.2153,0.0008,0.4937,0.0,0.6654,0.1648,2.5078
GBPCPCFC_02148,gnl|Prokka|GBPCPCFC_23,18,16339,0.0072,855.0,471.4149,0.524,0.0,0.6587,2.6364,942,0.1846,0.0737,0.2227,0,0,0.3222,0.0,0.5691,0.0,0.6837,0.7451,2.6706
GBPCPCFC_02149,gnl|Prokka|GBPCPCFC_23,18,16339,0.0072,855.0,471.4149,0.524,0.0,0.6587,2.6364,1830,2.0682,1.2857,0.4466,0,0,0.3031,0.0,0.6626,0.0,0.6563,-0.1257,2.4263
GBPCPCFC_02150,gnl|Prokka|GBPCPCFC_23,18,16339,0.0072,855.0,471.4149,0.524,0.0,0.6587,2.6364,663,-0.4073,-0.3071,0.542,0,0,0.2359,0.0002,0.4326,0.0,0.6546,-0.1793,2.4113
GBPCPCFC_02151,gnl|Prokka|GBPCPCFC_23,18,16339,0.0072,855.0,471.4149,0.524,0.0,0.6587,2.6364,657,-0.42,-0.3153,0.615,0,0,0.1643,0.0143,0.4649,0.0,0.6865,0.8343,2.6956
GBPCPCFC_02152,gnl|Prokka|GBPCPCFC_23,18,16339,0.0072,855.0,471.4149,0.524,0.0,0.6587,2.6364,1785,1.9728,1.2243,0.833,0,0,0.3142,0.0,0.6503,0.0,0.6555,-0.1518,2.419
GBPCPCFC_02153,gnl|Prokka|GBPCPCFC_23,18,16339,0.0072,855.0,471.4149,0.524,0.0,0.6587,2.6364,1212,0.7573,0.4422,0.9974,1,0,0.2802,0.0,0.2439,0.0001,0.6774,0.546,2.6147
GBPCPCFC_00696,gnl|Prokka|GBPCPCFC_14,14,13410,0.0059,906.6429,437.1746,0.4427,0.0,0.679,2.8266,1788,2.016,1.2284,0.974,1,0,0.3015,0.0,0.4709,0.0,0.6756,-0.2445,2.5988
GBPCPCFC_00697,gnl|Prokka|GBPCPCFC_14,14,13410,0.0059,906.6429,437.1746,0.4427,0.0,0.679,2.8266,1338,0.9867,0.6142,0.7146,0,0,0.341,0.0,0.5338,0.0,0.6517,-1.7154,2.3856
GBPCPCFC_00698,gnl|Prokka|GBPCPCFC_14,14,13410,0.0059,906.6429,437.1746,0.4427,0.0,0.679,2.8266,1017,0.2524,0.176,0.4866,0,0,0.1624,0.0104,0.4397,0.0,0.6863,0.4152,2.6945
GBPCPCFC_00699,gnl|Prokka|GBPCPCFC_14,14,13410,0.0059,906.6429,437.1746,0.4427,0.0,0.679,2.8266,1323,0.9524,0.5937,0.3168,0,0,0.2185,0.0006,0.5881,0.0,0.6833,0.2283,2.6674
GBPCPCFC_00700,gnl|Prokka|GBPCPCFC_14,14,13410,0.0059,906.6429,437.1746,0.4427,0.0,0.679,2.8266,1284,0.8632,0.5405,0.1089,0,0,0.2592,0.0001,0.5748,0.0,0.6776,-0.1242,2.6163
GBPCPCFC_00701,gnl|Prokka|GBPCPCFC_14,14,13410,0.0059,906.6429,437.1746,0.4427,0.0,0.679,2.8266,1068,0.3691,0.2456,0.2703,0,0,0.2543,0.0001,0.4581,0.0,0.691,0.7032,2.7363
GBPCPCFC_00702,gnl|Prokka|GBPCPCFC_14,14,13410,0.0059,906.6429,437.1746,0.4427,0.0,0.679,2.8266,288,-1.4151,-0.819,0.2958,0,0,0.0601,0.4348,0.1877,0.014,0.7083,1.7695,2.8909
GBPCPCFC_00703,gnl|Prokka|GBPCPCFC_14,14,13410,0.0059,906.6429,437.1746,0.4427,0.0,0.679,2.8266,1164,0.5887,0.3767,0.4821,0,0,0.2022,0.0025,0.5288,0.0,0.7062,1.6373,2.8717
GBPCPCFC_00704,gnl|Prokka|GBPCPCFC_14,14,13410,0.0059,906.6429,437.1746,0.4427,0.0,0.679,2.8266,906,-0.0015,0.0245,0.6166,0,0,0.0334,0.6154,0.3644,0.0,0.6876,0.4956,2.7061
GBPCPCFC_00705,gnl|Prokka|GBPCPCFC_14,14,13410,0.0059,906.6429,437.1746,0.4427,0.0,0.679,2.8266,438,-1.072,-0.6142,0.6833,0,0,0.1804,0.0055,0.2942,0.0,0.6553,-1.498,2.4171
GBPCPCFC_00706,gnl|Prokka|GBPCPCFC_14,14,13410,0.0059,906.6429,437.1746,0.4427,0.0,0.679,2.8266,339,-1.2984,-0.7494,0.7634,0,0,0.0544,0.4476,0.3781,0.0,0.6932,0.8389,2.7559
GBPCPCFC_00707,gnl|Prokka|GBPCPCFC_14,14,13410,0.0059,906.6429,437.1746,0.4427,0.0,0.679,2.8266,441,-1.0651,-0.6101,0.8061,0,0,0.1096,0.1032,0.2727,0.0,0.6531,-1.6328,2.3975
GBPCPCFC_00708,gnl|Prokka|GBPCPCFC_14,14,13410,0.0059,906.6429,437.1746,0.4427,0.0,0.679,2.8266,552,-0.8112,-0.4586,0.8793,0,0,0.132,0.0652,0.3019,0.0,0.6576,-1.3529,2.4381
GBPCPCFC_00709,gnl|Prokka|GBPCPCFC_14,14,13410,0.0059,906.6429,437.1746,0.4427,0.0,0.679,2.8266,747,-0.3652,-0.1925,0.9994,1,0,0.0471,0.4607,0.3519,0.0,0.6881,0.5231,2.7101
GBPCPCFC_00878,gnl|Prokka|GBPCPCFC_20,17,17902,0.0079,938.1176,504.6065,0.5136,0.0,0.6734,2.7741,2364,2.8257,2.0146,0.9994,1,0,0.1562,0.0138,0.5407,0.0,0.6802,0.2522,2.6398
GBPCPCFC_00879,gnl|Prokka|GBPCPCFC_20,17,17902,0.0079,938.1176,504.6065,0.5136,0.0,0.6734,2.7741,1260,0.6379,0.5077,0.7358,0,0,0.2332,0.0003,0.3216,0.0,0.6746,0.0453,2.5898
GBPCPCFC_00880,gnl|Prokka|GBPCPCFC_20,17,17902,0.0079,938.1176,504.6065,0.5136,0.0,0.6734,2.7741,477,-0.9138,-0.561,0.6019,0,0,0.0585,0.3883,0.282,0.0,0.6583,-0.5577,2.4441
GBPCPCFC_00881,gnl|Prokka|GBPCPCFC_20,17,17902,0.0079,938.1176,504.6065,0.5136,0.0,0.6734,2.7741,912,-0.0518,0.0327,0.5268,0,0,0.1322,0.0345,0.3198,0.0,0.6557,-0.653,2.4211
GBPCPCFC_00882,gnl|Prokka|GBPCPCFC_20,17,17902,0.0079,938.1176,504.6065,0.5136,0.0,0.6734,2.7741,375,-1.116,-0.7002,0.4191,0,0,-0.0087,0.8996,0.1225,0.0736,0.6613,-0.4449,2.4714
GBPCPCFC_00883,gnl|Prokka|GBPCPCFC_20,17,17902,0.0079,938.1176,504.6065,0.5136,0.0,0.6734,2.7741,1242,0.6022,0.4831,0.3769,0,0,0.14,0.0322,0.2912,0.0,0.6852,0.4363,2.6843
GBPCPCFC_00884,gnl|Prokka|GBPCPCFC_20,17,17902,0.0079,938.1176,504.6065,0.5136,0.0,0.6734,2.7741,1407,0.9292,0.7083,0.2208,0,0,0.1801,0.0038,0.4293,0.0,0.607,-2.4536,1.9861
GBPCPCFC_00885,gnl|Prokka|GBPCPCFC_20,17,17902,0.0079,938.1176,504.6065,0.5136,0.0,0.6734,2.7741,1344,0.8044,0.6224,0.0782,0,0,0.3573,0.0,0.4093,0.0,0.6674,-0.2204,2.5256
GBPCPCFC_00886,gnl|Prokka|GBPCPCFC_20,17,17902,0.0079,938.1176,504.6065,0.5136,0.0,0.6734,2.7741,1125,0.3704,0.3234,0.2027,0,0,0.1084,0.1034,0.3413,0.0,0.6951,0.803,2.7728
GBPCPCFC_00887,gnl|Prokka|GBPCPCFC_20,17,17902,0.0079,938.1176,504.6065,0.5136,0.0,0.6734,2.7741,780,-0.3133,-0.1474,0.3038,0,0,0.1858,0.0062,0.3498,0.0,0.7141,1.5047,2.9424
GBPCPCFC_00888,gnl|Prokka|GBPCPCFC_20,17,17902,0.0079,938.1176,504.6065,0.5136,0.0,0.6734,2.7741,882,-0.1112,-0.0082,0.4525,0,0,0.1553,0.0158,0.366,0.0,0.6871,0.5061,2.7011
GBPCPCFC_00889,gnl|Prokka|GBPCPCFC_20,17,17902,0.0079,938.1176,504.6065,0.5136,0.0,0.6734,2.7741,285,-1.2943,-0.8231,0.4968,0,0,0.0076,0.9129,0.1292,0.0604,0.7123,1.4373,2.9261
GBPCPCFC_00890,gnl|Prokka|GBPCPCFC_20,17,17902,0.0079,938.1176,504.6065,0.5136,0.0,0.6734,2.7741,420,-1.0268,-0.6388,0.5486,0,0,0.1009,0.1295,0.2379,0.0003,0.6405,-1.2155,2.2852
GBPCPCFC_00891,gnl|Prokka|GBPCPCFC_20,17,17902,0.0079,938.1176,504.6065,0.5136,0.0,0.6734,2.7741,867,-0.1409,-0.0287,0.6879,0,0,0.1441,0.0256,0.3256,0.0,0.7151,1.5419,2.9513
GBPCPCFC_00892,gnl|Prokka|GBPCPCFC_20,17,17902,0.0079,938.1176,504.6065,0.5136,0.0,0.6734,2.7741,651,-0.569,-0.3235,0.7691,0,0,0.0895,0.167,0.1485,0.0214,0.6682,-0.1911,2.5327
GBPCPCFC_00893,gnl|Prokka|GBPCPCFC_20,17,17902,0.0079,938.1176,504.6065,0.5136,0.0,0.6734,2.7741,1158,0.4358,0.3685,0.9288,0,0,0.277,0.0,0.4467,0.0,0.6805,0.2626,2.6423
GBPCPCFC_00894,gnl|Prokka|GBPCPCFC_20,17,17902,0.0079,938.1176,504.6065,0.5136,0.0,0.6734,2.7741,399,-1.0684,-0.6675,0.9828,1,0,0.0962,0.1247,0.1374,0.0279,0.6491,-0.896,2.3624
GBPCPCFC_00571,gnl|Prokka|GBPCPCFC_9,9,10852,0.0048,1018.3333,937.2845,0.4658,0.0,0.6049,2.1302,297,-0.7696,-0.8067,0.9956,1,0,0.0387,0.5826,0.2982,0.0,0.6734,1.59,2.5791
GBPCPCFC_00572,gnl|Prokka|GBPCPCFC_9,9,10852,0.0048,1018.3333,937.2845,0.4658,0.0,0.6049,2.1302,948,-0.075,0.0819,0.9091,0,0,0.2701,0.0,0.3586,0.0,0.6508,1.0191,2.3778
GBPCPCFC_00573,gnl|Prokka|GBPCPCFC_9,9,10852,0.0048,1018.3333,937.2845,0.4658,0.0,0.6049,2.1302,474,-0.5808,-0.5651,0.7134,0,0,0.238,0.0003,0.1945,0.0032,0.6793,1.74,2.632
GBPCPCFC_00574,gnl|Prokka|GBPCPCFC_9,9,10852,0.0048,1018.3333,937.2845,0.4658,0.0,0.6049,2.1302,1509,0.5235,0.8476,0.6295,0,0,0.2936,0.0,0.5173,0.0,0.6481,0.9499,2.3534
GBPCPCFC_00575,gnl|Prokka|GBPCPCFC_9,9,10852,0.0048,1018.3333,937.2845,0.4658,0.0,0.6049,2.1302,3366,2.5048,3.3822,0.3574,0,0,0.1483,0.0176,0.626,0.0,0.6016,-0.2273,1.9383
GBPCPCFC_00576,gnl|Prokka|GBPCPCFC_9,9,10852,0.0048,1018.3333,937.2845,0.4658,0.0,0.6049,2.1302,426,-0.632,-0.6306,0.4807,0,0,0.1104,0.0828,0.1811,0.0042,0.5869,-0.6006,1.8066
GBPCPCFC_00577,gnl|Prokka|GBPCPCFC_9,9,10852,0.0048,1018.3333,937.2845,0.4658,0.0,0.6049,2.1302,453,-0.6032,-0.5938,0.593,0,0,0.1075,0.0861,0.2674,0.0,0.5806,-0.7596,1.7506
GBPCPCFC_00578,gnl|Prokka|GBPCPCFC_9,9,10852,0.0048,1018.3333,937.2845,0.4658,0.0,0.6049,2.1302,1395,0.4019,0.692,0.8826,0,0,0.1074,0.0864,0.3975,0.0,0.5434,-1.7014,1.4185
GBPCPCFC_00579,gnl|Prokka|GBPCPCFC_9,9,10852,0.0048,1018.3333,937.2845,0.4658,0.0,0.6049,2.1302,297,-0.7696,-0.8067,0.9265,1,0,-0.0335,0.6144,0.0367,0.581,0.6162,0.1412,2.0682
GBPCPCFC_00139,gnl|Prokka|GBPCPCFC_4,8,6861,0.003,669.75,609.3763,0.3531,0.0,0.6636,2.6822,354,-0.5182,-0.7289,0.9545,1,0,0.1256,0.0763,0.2867,0.0,0.6525,-0.724,2.3929
GBPCPCFC_00140,gnl|Prokka|GBPCPCFC_4,8,6861,0.003,669.75,609.3763,0.3531,0.0,0.6636,2.6822,189,-0.7889,-0.9541,0.7577,0,0,-0.0198,0.7953,0.1902,0.0119,0.6825,0.7364,2.6606
GBPCPCFC_00141,gnl|Prokka|GBPCPCFC_4,8,6861,0.003,669.75,609.3763,0.3531,0.0,0.6636,2.6822,795,0.2055,-0.127,0.6921,0,0,0.1838,0.0047,0.5492,0.0,0.6314,-1.751,2.2046
GBPCPCFC_00142,gnl|Prokka|GBPCPCFC_4,8,6861,0.003,669.75,609.3763,0.3531,0.0,0.6636,2.6822,2178,2.4751,1.7607,0.4627,0,0,0.2176,0.0005,0.7388,0.0,0.6699,0.1201,2.5477
GBPCPCFC_00143,gnl|Prokka|GBPCPCFC_4,8,6861,0.003,669.75,609.3763,0.3531,0.0,0.6636,2.6822,501,-0.2769,-0.5283,0.3723,0,0,0.0628,0.3626,0.3877,0.0,0.7066,1.9072,2.8753
GBPCPCFC_00144,gnl|Prokka|GBPCPCFC_4,8,6861,0.003,669.75,609.3763,0.3531,0.0,0.6636,2.6822,777,0.176,-0.1515,0.6268,0,0,0.2209,0.0007,0.4577,0.0,0.6808,0.6529,2.6453
GBPCPCFC_00145,gnl|Prokka|GBPCPCFC_4,8,6861,0.003,669.75,609.3763,0.3531,0.0,0.6636,2.6822,348,-0.528,-0.7371,0.8875,0,0,0.1765,0.0078,0.3709,0.0,0.6466,-1.0156,2.3394
GBPCPCFC_00146,gnl|Prokka|GBPCPCFC_4,8,6861,0.003,669.75,609.3763,0.3531,0.0,0.6636,2.6822,216,-0.7446,-0.9173,0.9528,1,0,0.1387,0.0737,0.32,0.0,0.6806,0.6398,2.6429
GBPCPCFC_00776,gnl|Prokka|GBPCPCFC_16,12,13445,0.0059,1028.5,606.0406,0.4432,0.0,0.6607,2.6548,633,-0.6526,-0.3481,0.9622,1,0,0.1607,0.0139,0.3914,0.0,0.6651,0.2726,2.5049
GBPCPCFC_00777,gnl|Prokka|GBPCPCFC_16,12,13445,0.0059,1028.5,606.0406,0.4432,0.0,0.6607,2.6548,747,-0.4645,-0.1925,0.8686,0,0,0.0891,0.1618,0.2804,0.0,0.7015,1.4787,2.8296
GBPCPCFC_00778,gnl|Prokka|GBPCPCFC_16,12,13445,0.0059,1028.5,606.0406,0.4432,0.0,0.6607,2.6548,819,-0.3457,-0.0942,0.7605,0,0,0.2699,0.0,0.4562,0.0,0.6703,0.4464,2.5517
GBPCPCFC_00779,gnl|Prokka|GBPCPCFC_16,12,13445,0.0059,1028.5,606.0406,0.4432,0.0,0.6607,2.6548,1497,0.7731,0.8312,0.6184,0,0,0.1432,0.0241,0.659,0.0,0.678,0.7014,2.6203
GBPCPCFC_00780,gnl|Prokka|GBPCPCFC_16,12,13445,0.0059,1028.5,606.0406,0.4432,0.0,0.6607,2.6548,2505,2.4363,2.207,0.4005,0,0,0.3198,0.0,0.7656,0.0,0.6623,0.1794,2.4798
GBPCPCFC_00781,gnl|Prokka|GBPCPCFC_16,12,13445,0.0059,1028.5,606.0406,0.4432,0.0,0.6607,2.6548,1137,0.179,0.3398,0.1868,0,0,0.171,0.007,0.1996,0.0016,0.5919,-2.1531,1.8517
GBPCPCFC_00782,gnl|Prokka|GBPCPCFC_16,12,13445,0.0059,1028.5,606.0406,0.4432,0.0,0.6607,2.6548,1425,0.6542,0.7329,0.4018,0,0,0.2396,0.0001,0.56,0.0,0.6786,0.7204,2.6255
GBPCPCFC_00783,gnl|Prokka|GBPCPCFC_16,12,13445,0.0059,1028.5,606.0406,0.4432,0.0,0.6607,2.6548,1332,0.5008,0.606,0.6239,0,0,0.2615,0.0,0.4481,0.0,0.6449,-0.3967,2.3247
GBPCPCFC_00784,gnl|Prokka|GBPCPCFC_16,12,13445,0.0059,1028.5,606.0406,0.4432,0.0,0.6607,2.6548,363,-1.0981,-0.7166,0.661,0,0,-0.0103,0.8774,0.206,0.0018,0.573,-2.7798,1.683
GBPCPCFC_00785,gnl|Prokka|GBPCPCFC_16,12,13445,0.0059,1028.5,606.0406,0.4432,0.0,0.6607,2.6548,243,-1.2961,-0.8804,0.6965,0,0,0.0825,0.2615,0.0989,0.1782,0.6091,-1.5848,2.0048
GBPCPCFC_00786,gnl|Prokka|GBPCPCFC_16,12,13445,0.0059,1028.5,606.0406,0.4432,0.0,0.6607,2.6548,1221,0.3176,0.4545,0.8832,0,0,0.1666,0.0086,0.5878,0.0,0.6626,0.1892,2.4824
GBPCPCFC_00787,gnl|Prokka|GBPCPCFC_16,12,13445,0.0059,1028.5,606.0406,0.4432,0.0,0.6607,2.6548,420,-1.0041,-0.6388,0.9988,1,0,0.2304,0.0005,0.4062,0.0,0.6548,-0.0696,2.4127
GBPCPCFC_00559,gnl|Prokka|GBPCPCFC_8,12,9365,0.0041,614.25,390.5326,0.4202,0.0,0.6687,2.7297,699,0.217,-0.258,0.9872,1,0,0.2382,0.0004,0.5864,0.0,0.628,-1.4204,2.1742
GBPCPCFC_00560,gnl|Prokka|GBPCPCFC_8,12,9365,0.0041,614.25,390.5326,0.4202,0.0,0.6687,2.7297,468,-0.3745,-0.5733,0.8355,0,0,-0.0213,0.7606,0.1092,0.1172,0.6816,0.5093,2.6525
GBPCPCFC_00561,gnl|Prokka|GBPCPCFC_8,12,9365,0.0041,614.25,390.5326,0.4202,0.0,0.6687,2.7297,429,-0.4744,-0.6265,0.7441,0,0,0.0237,0.7445,0.1096,0.1302,0.7226,1.9854,3.0183
GBPCPCFC_00562,gnl|Prokka|GBPCPCFC_8,12,9365,0.0041,614.25,390.5326,0.4202,0.0,0.6687,2.7297,1152,1.377,0.3603,0.6202,0,0,0.1406,0.0312,0.3393,0.0,0.7075,1.4399,2.8831
GBPCPCFC_00563,gnl|Prokka|GBPCPCFC_8,12,9365,0.0041,614.25,390.5326,0.4202,0.0,0.6687,2.7297,1080,1.1926,0.262,0.3387,0,0,0.1171,0.0697,0.3256,0.0,0.6667,-0.0293,2.519
GBPCPCFC_00564,gnl|Prokka|GBPCPCFC_8,12,9365,0.0041,614.25,390.5326,0.4202,0.0,0.6687,2.7297,1398,2.0069,0.6961,0.2484,0,0,0.1794,0.0046,0.4787,0.0,0.6466,-0.7506,2.3402
GBPCPCFC_00565,gnl|Prokka|GBPCPCFC_8,12,9365,0.0041,614.25,390.5326,0.4202,0.0,0.6687,2.7297,534,-0.2055,-0.4832,0.4212,0,0,0.2327,0.0004,0.32,0.0,0.6816,0.5102,2.6527
GBPCPCFC_00566,gnl|Prokka|GBPCPCFC_8,12,9365,0.0041,614.25,390.5326,0.4202,0.0,0.6687,2.7297,720,0.2708,-0.2293,0.6448,0,0,0.0643,0.3483,0.5009,0.0,0.6597,-0.2794,2.457
GBPCPCFC_00567,gnl|Prokka|GBPCPCFC_8,12,9365,0.0041,614.25,390.5326,0.4202,0.0,0.6687,2.7297,162,-1.158,-0.991,0.6813,0,0,0.1524,0.0653,0.2727,0.0008,0.642,-0.9185,2.2986
GBPCPCFC_00568,gnl|Prokka|GBPCPCFC_8,12,9365,0.0041,614.25,390.5326,0.4202,0.0,0.6687,2.7297,237,-0.966,-0.8886,0.7396,0,0,0.2015,0.0077,0.4337,0.0,0.6414,-0.941,2.293
GBPCPCFC_00569,gnl|Prokka|GBPCPCFC_8,12,9365,0.0041,614.25,390.5326,0.4202,0.0,0.6687,2.7297,171,-1.135,-0.9787,0.78,0,0,0.0523,0.4738,0.0658,0.3669,0.6257,-1.5035,2.1536
GBPCPCFC_00570,gnl|Prokka|GBPCPCFC_8,12,9365,0.0041,614.25,390.5326,0.4202,0.0,0.6687,2.7297,321,-0.7509,-0.7739,0.9378,1,0,-0.0236,0.7353,0.3413,0.0,0.6573,-0.3659,2.4356
GBPCPCFC_00129,gnl|Prokka|GBPCPCFC_3,10,12551,0.0055,1089.0,1057.6742,0.4835,0.0,0.6622,2.6688,1659,0.5389,1.0523,0.9794,1,0,0.3754,0.0,0.5017,0.0,0.6715,0.1632,2.562
GBPCPCFC_00130,gnl|Prokka|GBPCPCFC_3,10,12551,0.0055,1089.0,1057.6742,0.4835,0.0,0.6622,2.6688,339,-0.7091,-0.7494,0.7162,0,0,0.0808,0.2273,0.2697,0.0,0.6667,-0.0251,2.519
GBPCPCFC_00131,gnl|Prokka|GBPCPCFC_3,10,12551,0.0055,1089.0,1057.6742,0.4835,0.0,0.6622,2.6688,501,-0.5559,-0.5283,0.6375,0,0,-0.0262,0.6938,0.265,0.0001,0.6647,-0.1031,2.5012
GBPCPCFC_00132,gnl|Prokka|GBPCPCFC_3,10,12551,0.0055,1089.0,1057.6742,0.4835,0.0,0.6622,2.6688,180,-0.8594,-0.9664,0.5342,0,0,0.0194,0.7895,0.1364,0.0592,0.6611,-0.2421,2.4694
GBPCPCFC_00133,gnl|Prokka|GBPCPCFC_3,10,12551,0.0055,1089.0,1057.6742,0.4835,0.0,0.6622,2.6688,417,-0.6354,-0.6429,0.4775,0,0,0.0463,0.486,0.3498,0.0,0.6451,-0.8681,2.3263
GBPCPCFC_00134,gnl|Prokka|GBPCPCFC_3,10,12551,0.0055,1089.0,1057.6742,0.4835,0.0,0.6622,2.6688,957,-0.1248,0.0941,0.4351,0,0,0.1542,0.0135,0.4287,0.0,0.6082,-2.3107,1.9967
GBPCPCFC_00135,gnl|Prokka|GBPCPCFC_3,10,12551,0.0055,1089.0,1057.6742,0.4835,0.0,0.6622,2.6688,1068,-0.0199,0.2456,0.2512,0,0,0.2427,0.0001,0.5245,0.0,0.6592,-0.3177,2.4521
GBPCPCFC_00136,gnl|Prokka|GBPCPCFC_3,10,12551,0.0055,1089.0,1057.6742,0.4835,0.0,0.6622,2.6688,1464,0.3546,0.7861,0.2465,0,0,0.259,0.0,0.5262,0.0,0.6516,-0.6121,2.3849
GBPCPCFC_00137,gnl|Prokka|GBPCPCFC_3,10,12551,0.0055,1089.0,1057.6742,0.4835,0.0,0.6622,2.6688,384,-0.6666,-0.6879,0.3646,0,0,0.169,0.0098,0.2562,0.0001,0.638,-1.144,2.2633
GBPCPCFC_00138,gnl|Prokka|GBPCPCFC_3,10,12551,0.0055,1089.0,1057.6742,0.4835,0.0,0.6622,2.6688,3921,2.6776,4.1397,0.9909,1,0,0.3194,0.0,0.7063,0.0,0.694,1.0408,2.7625
GBPCPCFC_00147,gnl|Prokka|GBPCPCFC_5,11,13208,0.0058,1051.6364,753.1205,0.5029,0.0,0.6379,2.4403,636,-0.5519,-0.344,0.9873,1,0,0.1999,0.0021,0.3175,0.0,0.6588,0.6844,2.4488
GBPCPCFC_00148,gnl|Prokka|GBPCPCFC_5,11,13208,0.0058,1051.6364,753.1205,0.5029,0.0,0.6379,2.4403,1023,-0.038,0.1842,0.8688,0,0,0.3259,0.0,0.4796,0.0,0.6637,0.8345,2.4928
GBPCPCFC_00149,gnl|Prokka|GBPCPCFC_5,11,13208,0.0058,1051.6364,753.1205,0.5029,0.0,0.6379,2.4403,873,-0.2372,-0.0205,0.6812,0,0,0.1271,0.0488,0.4698,0.0,0.6472,0.3309,2.3452
GBPCPCFC_00150,gnl|Prokka|GBPCPCFC_5,11,13208,0.0058,1051.6364,753.1205,0.5029,0.0,0.6379,2.4403,2127,1.4279,1.6911,0.5369,0,0,0.373,0.0,0.6458,0.0,0.654,0.5373,2.4057
GBPCPCFC_00151,gnl|Prokka|GBPCPCFC_5,11,13208,0.0058,1051.6364,753.1205,0.5029,0.0,0.6379,2.4403,333,-0.9542,-0.7576,0.1517,0,0,0.1549,0.0193,0.2819,0.0,0.6366,0.0095,2.251
GBPCPCFC_00152,gnl|Prokka|GBPCPCFC_5,11,13208,0.0058,1051.6364,753.1205,0.5029,0.0,0.6379,2.4403,2133,1.4358,1.6993,0.2461,0,0,0.0218,0.7279,0.4449,0.0,0.5696,-2.0308,1.6528
GBPCPCFC_00153,gnl|Prokka|GBPCPCFC_5,11,13208,0.0058,1051.6364,753.1205,0.5029,0.0,0.6379,2.4403,378,-0.8945,-0.6961,0.3147,0,0,0.1954,0.0036,0.2482,0.0002,0.672,1.0848,2.5662
GBPCPCFC_00154,gnl|Prokka|GBPCPCFC_5,11,13208,0.0058,1051.6364,753.1205,0.5029,0.0,0.6379,2.4403,813,-0.3169,-0.1024,0.4406,0,0,0.0998,0.1111,0.2735,0.0,0.6458,0.2872,2.3323
GBPCPCFC_00155,gnl|Prokka|GBPCPCFC_5,11,13208,0.0058,1051.6364,753.1205,0.5029,0.0,0.6379,2.4403,2415,1.8103,2.0842,0.8081,0,0,0.3511,0.0,0.6994,0.0,0.6414,0.1548,2.2935
GBPCPCFC_00156,gnl|Prokka|GBPCPCFC_5,11,13208,0.0058,1051.6364,753.1205,0.5029,0.0,0.6379,2.4403,318,-0.9741,-0.778,0.846,0,0,0.2727,0.0001,0.1903,0.0065,0.6478,0.3493,2.3506
GBPCPCFC_00157,gnl|Prokka|GBPCPCFC_5,11,13208,0.0058,1051.6364,753.1205,0.5029,0.0,0.6379,2.4403,519,-0.7072,-0.5037,0.9627,1,0,0.1226,0.0736,0.2851,0.0,0.6667,0.9238,2.519
GBPCPCFC_00580,gnl|Prokka|GBPCPCFC_10,13,10469,0.0046,741.2308,455.1238,0.5478,0.0,0.6628,2.6747,747,0.0127,-0.1925,0.9937,1,0,0.3245,0.0,0.4978,0.0,0.6814,0.8805,2.6504
GBPCPCFC_00581,gnl|Prokka|GBPCPCFC_10,13,10469,0.0046,741.2308,455.1238,0.5478,0.0,0.6628,2.6747,381,-0.7915,-0.692,0.8517,0,0,0.1151,0.0915,0.4135,0.0,0.7139,2.5336,2.9406
GBPCPCFC_00582,gnl|Prokka|GBPCPCFC_10,13,10469,0.0046,741.2308,455.1238,0.5478,0.0,0.6628,2.6747,672,-0.1521,-0.2949,0.7778,0,0,0.4085,0.0,0.4737,0.0,0.6577,-0.322,2.4393
GBPCPCFC_00583,gnl|Prokka|GBPCPCFC_10,13,10469,0.0046,741.2308,455.1238,0.5478,0.0,0.6628,2.6747,594,-0.3235,-0.4013,0.6515,0,0,0.1663,0.0097,0.4588,0.0,0.6481,-0.8095,2.3537
GBPCPCFC_00584,gnl|Prokka|GBPCPCFC_10,13,10469,0.0046,741.2308,455.1238,0.5478,0.0,0.6628,2.6747,582,-0.3499,-0.4177,0.5153,0,0,0.1151,0.0788,0.3617,0.0,0.6564,-0.3922,2.427
GBPCPCFC_00585,gnl|Prokka|GBPCPCFC_10,13,10469,0.0046,741.2308,455.1238,0.5478,0.0,0.6628,2.6747,2175,3.1503,1.7566,0.3947,0,0,0.1658,0.0078,0.5728,0.0,0.6639,-0.0083,2.4944
GBPCPCFC_00586,gnl|Prokka|GBPCPCFC_10,13,10469,0.0046,741.2308,455.1238,0.5478,0.0,0.6628,2.6747,702,-0.0862,-0.2539,0.1232,0,0,0.2004,0.0021,0.4255,0.0,0.6781,0.7112,2.6207
GBPCPCFC_00587,gnl|Prokka|GBPCPCFC_10,13,10469,0.0046,741.2308,455.1238,0.5478,0.0,0.6628,2.6747,423,-0.6992,-0.6347,0.2081,0,0,0.0392,0.5514,0.2327,0.0003,0.6241,-2.0314,2.1392
GBPCPCFC_00588,gnl|Prokka|GBPCPCFC_10,13,10469,0.0046,741.2308,455.1238,0.5478,0.0,0.6628,2.6747,762,0.0456,-0.172,0.4068,0,0,0.2937,0.0,0.53,0.0,0.6522,-0.602,2.3901
GBPCPCFC_00589,gnl|Prokka|GBPCPCFC_10,13,10469,0.0046,741.2308,455.1238,0.5478,0.0,0.6628,2.6747,294,-0.9827,-0.8108,0.4853,0,0,0.0571,0.4005,0.2025,0.0026,0.6361,-1.4243,2.2458
GBPCPCFC_00590,gnl|Prokka|GBPCPCFC_10,13,10469,0.0046,741.2308,455.1238,0.5478,0.0,0.6628,2.6747,1077,0.7378,0.2579,0.6934,0,0,0.2948,0.0,0.4206,0.0,0.6862,1.1231,2.693
GBPCPCFC_00591,gnl|Prokka|GBPCPCFC_10,13,10469,0.0046,741.2308,455.1238,0.5478,0.0,0.6628,2.6747,555,-0.4092,-0.4546,0.8122,0,0,0.2488,0.0001,0.2859,0.0,0.6306,-1.7,2.1973
GBPCPCFC_00592,gnl|Prokka|GBPCPCFC_10,13,10469,0.0046,741.2308,455.1238,0.5478,0.0,0.6628,2.6747,672,-0.1521,-0.2949,0.9996,1,0,0.2781,0.0,0.3682,0.0,0.6726,0.4345,2.5721
GBPCPCFC_00788,gnl|Prokka|GBPCPCFC_17,20,18408,0.0081,830.25,428.7984,0.516,0.0,0.6737,2.7768,882,0.1207,-0.0082,0.9878,1,0,0.1474,0.0223,0.3807,0.0,0.6939,0.5264,2.7618
GBPCPCFC_00789,gnl|Prokka|GBPCPCFC_17,20,18408,0.0081,830.25,428.7984,0.516,0.0,0.6737,2.7768,1488,1.5339,0.8189,0.9054,0,0,0.1623,0.0116,0.4621,0.0,0.6983,0.6813,2.8009
GBPCPCFC_00790,gnl|Prokka|GBPCPCFC_17,20,18408,0.0081,830.25,428.7984,0.516,0.0,0.6737,2.7768,1326,1.1561,0.5978,0.728,0,0,0.2588,0.0001,0.4126,0.0,0.6757,-0.1167,2.5997
GBPCPCFC_00791,gnl|Prokka|GBPCPCFC_17,20,18408,0.0081,830.25,428.7984,0.516,0.0,0.6737,2.7768,888,0.1347,-0.0,0.5745,0,0,0.2111,0.001,0.488,0.0,0.6881,0.3205,2.7099
GBPCPCFC_00792,gnl|Prokka|GBPCPCFC_17,20,18408,0.0081,830.25,428.7984,0.516,0.0,0.6737,2.7768,609,-0.516,-0.3808,0.4692,0,0,0.0727,0.2746,0.229,0.0005,0.6814,0.0861,2.6509
GBPCPCFC_00793,gnl|Prokka|GBPCPCFC_17,20,18408,0.0081,830.25,428.7984,0.516,0.0,0.6737,2.7768,417,-0.9637,-0.6429,0.3958,0,0,0.0733,0.2632,0.1661,0.0107,0.6283,-1.7959,2.1765
GBPCPCFC_00794,gnl|Prokka|GBPCPCFC_17,20,18408,0.0081,830.25,428.7984,0.516,0.0,0.6737,2.7768,840,0.0227,-0.0656,0.3467,0,0,0.2793,0.0,0.4463,0.0,0.6702,-0.3107,2.5509
GBPCPCFC_00795,gnl|Prokka|GBPCPCFC_17,20,18408,0.0081,830.25,428.7984,0.516,0.0,0.6737,2.7768,2016,2.7653,1.5396,0.2615,0,0,0.3467,0.0,0.511,0.0,0.6999,0.7397,2.8156
GBPCPCFC_00796,gnl|Prokka|GBPCPCFC_17,20,18408,0.0081,830.25,428.7984,0.516,0.0,0.6737,2.7768,543,-0.6699,-0.4709,0.0447,0,0,0.1354,0.0416,0.3502,0.0,0.7017,0.8019,2.8313
GBPCPCFC_00797,gnl|Prokka|GBPCPCFC_17,20,18408,0.0081,830.25,428.7984,0.516,0.0,0.6737,2.7768,594,-0.551,-0.4013,0.0745,0,0,0.092,0.1917,0.333,0.0,0.7273,1.7089,3.0599
GBPCPCFC_00798,gnl|Prokka|GBPCPCFC_17,20,18408,0.0081,830.25,428.7984,0.516,0.0,0.6737,2.7768,696,-0.3131,-0.2621,0.1541,0,0,0.2138,0.0008,0.3479,0.0,0.6379,-1.4547,2.2625
GBPCPCFC_00799,gnl|Prokka|GBPCPCFC_17,20,18408,0.0081,830.25,428.7984,0.516,0.0,0.6737,2.7768,918,0.2046,0.0409,0.2765,0,0,0.2176,0.0007,0.4012,0.0,0.6743,-0.1672,2.587
GBPCPCFC_00800,gnl|Prokka|GBPCPCFC_17,20,18408,0.0081,830.25,428.7984,0.516,0.0,0.6737,2.7768,1278,1.0442,0.5323,0.399,0,0,0.1849,0.004,0.4429,0.0,0.6839,0.1724,2.6726
GBPCPCFC_00801,gnl|Prokka|GBPCPCFC_17,20,18408,0.0081,830.25,428.7984,0.516,0.0,0.6737,2.7768,1158,0.7643,0.3685,0.5204,0,0,0.146,0.0231,0.2307,0.0003,0.6926,0.4802,2.7502
GBPCPCFC_00802,gnl|Prokka|GBPCPCFC_17,20,18408,0.0081,830.25,428.7984,0.516,0.0,0.6737,2.7768,300,-1.2366,-0.8026,0.5673,0,0,0.2376,0.0007,0.2624,0.0002,0.68,0.035,2.638
GBPCPCFC_00803,gnl|Prokka|GBPCPCFC_17,20,18408,0.0081,830.25,428.7984,0.516,0.0,0.6737,2.7768,411,-0.9777,-0.6511,0.6201,0,0,0.0383,0.5796,0.2122,0.0019,0.6715,-0.2649,2.5624
GBPCPCFC_00804,gnl|Prokka|GBPCPCFC_17,20,18408,0.0081,830.25,428.7984,0.516,0.0,0.6737,2.7768,621,-0.488,-0.3645,0.695,0,0,0.0543,0.407,0.3586,0.0,0.6667,-0.4372,2.519
GBPCPCFC_00805,gnl|Prokka|GBPCPCFC_17,20,18408,0.0081,830.25,428.7984,0.516,0.0,0.6737,2.7768,828,-0.0052,-0.0819,0.803,0,0,0.1956,0.0022,0.2851,0.0,0.6667,-0.4372,2.519
GBPCPCFC_00806,gnl|Prokka|GBPCPCFC_17,20,18408,0.0081,830.25,428.7984,0.516,0.0,0.6737,2.7768,303,-1.2296,-0.7985,0.9165,0,0,0.0913,0.1856,0.2347,0.0006,0.6337,-1.6058,2.2244
GBPCPCFC_00807,gnl|Prokka|GBPCPCFC_17,20,18408,0.0081,830.25,428.7984,0.516,0.0,0.6737,2.7768,489,-0.7958,-0.5446,0.9849,1,0,0.1659,0.0089,0.1626,0.0103,0.5644,-4.0579,1.6064
GBPCPCFC_00539,gnl|Prokka|GBPCPCFC_7,20,20489,0.009,810.3,346.3875,0.5447,0.0,0.6555,2.6058,531,-0.8063,-0.4873,0.9925,1,0,0.0489,0.4928,0.1235,0.0822,0.6855,1.0052,2.6871
GBPCPCFC_00540,gnl|Prokka|GBPCPCFC_7,20,20489,0.009,810.3,346.3875,0.5447,0.0,0.6555,2.6058,708,-0.2953,-0.2457,0.9095,0,0,0.1846,0.0062,0.366,0.0,0.6864,1.0395,2.6955
GBPCPCFC_00541,gnl|Prokka|GBPCPCFC_7,20,20489,0.009,810.3,346.3875,0.5447,0.0,0.6555,2.6058,381,-1.2394,-0.692,0.8148,0,0,0.1056,0.1175,0.3193,0.0,0.6483,-0.3501,2.355
GBPCPCFC_00542,gnl|Prokka|GBPCPCFC_7,20,20489,0.009,810.3,346.3875,0.5447,0.0,0.6555,2.6058,1548,2.1297,0.9008,0.7095,0,0,0.273,0.0,0.5329,0.0,0.6731,0.5545,2.5766
GBPCPCFC_00543,gnl|Prokka|GBPCPCFC_7,20,20489,0.009,810.3,346.3875,0.5447,0.0,0.6555,2.6058,561,-0.7197,-0.4464,0.5018,0,0,0.1131,0.0753,0.3082,0.0,0.6488,-0.3302,2.3599
GBPCPCFC_00544,gnl|Prokka|GBPCPCFC_7,20,20489,0.009,810.3,346.3875,0.5447,0.0,0.6555,2.6058,714,-0.278,-0.2375,0.4132,0,0,0.1405,0.0292,0.3271,0.0,0.6625,0.1661,2.4815
GBPCPCFC_00545,gnl|Prokka|GBPCPCFC_7,20,20489,0.009,810.3,346.3875,0.5447,0.0,0.6555,2.6058,984,0.5015,0.131,0.3445,0,0,0.1316,0.0383,0.4324,0.0,0.6687,0.3932,2.5371
GBPCPCFC_00546,gnl|Prokka|GBPCPCFC_7,20,20489,0.009,810.3,346.3875,0.5447,0.0,0.6555,2.6058,1203,1.1337,0.4299,0.2326,0,0,0.152,0.0149,0.2761,0.0,0.5777,-2.9209,1.7251
GBPCPCFC_00547,gnl|Prokka|GBPCPCFC_7,20,20489,0.009,810.3,346.3875,0.5447,0.0,0.6555,2.6058,348,-1.3346,-0.7371,0.0844,0,0,0.2388,0.0004,0.2771,0.0,0.6552,-0.0995,2.4164
GBPCPCFC_00548,gnl|Prokka|GBPCPCFC_7,20,20489,0.009,810.3,346.3875,0.5447,0.0,0.6555,2.6058,1026,0.6227,0.1883,0.0554,0,0,0.1563,0.0167,0.3188,0.0,0.6696,0.4257,2.5451
GBPCPCFC_00549,gnl|Prokka|GBPCPCFC_7,20,20489,0.009,810.3,346.3875,0.5447,0.0,0.6555,2.6058,669,-0.4079,-0.299,0.1407,0,0,0.0686,0.2947,0.1814,0.0053,0.6771,0.7004,2.6124
GBPCPCFC_00550,gnl|Prokka|GBPCPCFC_7,20,20489,0.009,810.3,346.3875,0.5447,0.0,0.6555,2.6058,1395,1.688,0.692,0.2772,0,0,0.2132,0.0006,0.4634,0.0,0.6401,-0.647,2.2822
GBPCPCFC_00551,gnl|Prokka|GBPCPCFC_7,20,20489,0.009,810.3,346.3875,0.5447,0.0,0.6555,2.6058,615,-0.5638,-0.3727,0.3341,0,0,0.1172,0.0653,0.1723,0.0065,0.6146,-1.5763,2.0546
GBPCPCFC_00552,gnl|Prokka|GBPCPCFC_7,20,20489,0.009,810.3,346.3875,0.5447,0.0,0.6555,2.6058,1500,1.9911,0.8353,0.5287,0,0,0.2454,0.0002,0.3848,0.0,0.6713,0.4892,2.5606
GBPCPCFC_00553,gnl|Prokka|GBPCPCFC_7,20,20489,0.009,810.3,346.3875,0.5447,0.0,0.6555,2.6058,564,-0.7111,-0.4423,0.5864,0,0,0.1139,0.0862,0.2559,0.0001,0.6631,0.19,2.4873
GBPCPCFC_00554,gnl|Prokka|GBPCPCFC_7,20,20489,0.009,810.3,346.3875,0.5447,0.0,0.6555,2.6058,546,-0.763,-0.4668,0.6821,0,0,0.0675,0.3026,0.2044,0.0016,0.6575,-0.0144,2.4372
GBPCPCFC_00555,gnl|Prokka|GBPCPCFC_7,20,20489,0.009,810.3,346.3875,0.5447,0.0,0.6555,2.6058,642,-0.4859,-0.3358,0.7443,0,0,0.1723,0.0093,0.4444,0.0,0.662,0.149,2.4773
GBPCPCFC_00556,gnl|Prokka|GBPCPCFC_7,20,20489,0.009,810.3,346.3875,0.5447,0.0,0.6555,2.6058,663,-0.4252,-0.3071,0.8258,0,0,0.1745,0.0104,0.3667,0.0,0.6833,0.9236,2.6671
GBPCPCFC_00557,gnl|Prokka|GBPCPCFC_7,20,20489,0.009,810.3,346.3875,0.5447,0.0,0.6555,2.6058,732,-0.226,-0.213,0.8787,0,0,0.3356,0.0,0.4025,0.0,0.6653,0.2694,2.5068
GBPCPCFC_00558,gnl|Prokka|GBPCPCFC_7,20,20489,0.009,810.3,346.3875,0.5447,0.0,0.6555,2.6058,876,0.1897,-0.0164,0.9677,1,0,0.3163,0.0,0.3157,0.0,0.6724,0.5271,2.5699
GBPCPCFC_00593,gnl|Prokka|GBPCPCFC_11,24,13776,0.0061,333.75,172.6548,0.5488,0.0,0.334,-0.4153,216,-0.682,-0.9173,0.956,1,0,0.0356,0.6332,0.1344,0.0705,0.3333,-0.2275,-0.4561
GBPCPCFC_00594,gnl|Prokka|GBPCPCFC_11,24,13776,0.0061,333.75,172.6548,0.5488,0.0,0.334,-0.4153,465,0.7602,-0.5774,0.8676,0,0,0.112,0.0784,0.2885,0.0,0.3161,-0.8423,-0.6096
GBPCPCFC_00595,gnl|Prokka|GBPCPCFC_11,24,13776,0.0061,333.75,172.6548,0.5488,0.0,0.334,-0.4153,159,-1.0121,-0.9951,0.7956,0,0,-0.0027,0.972,-0.007,0.9277,0.3711,1.1209,-0.1193
GBPCPCFC_00596,gnl|Prokka|GBPCPCFC_11,24,13776,0.0061,333.75,172.6548,0.5488,0.0,0.334,-0.4153,336,0.013,-0.7535,0.7081,0,0,-0.0454,0.5015,0.0278,0.6806,0.2857,-1.9291,-0.8811
GBPCPCFC_00597,gnl|Prokka|GBPCPCFC_11,24,13776,0.0061,333.75,172.6548,0.5488,0.0,0.334,-0.4153,171,-0.9426,-0.9787,0.6389,0,0,0.2558,0.0008,0.1946,0.0117,0.3275,-0.4365,-0.5083
GBPCPCFC_00598,gnl|Prokka|GBPCPCFC_11,24,13776,0.0061,333.75,172.6548,0.5488,0.0,0.334,-0.4153,162,-0.9948,-0.991,0.5946,0,0,-0.0999,0.1668,0.0195,0.7875,0.3086,-1.1098,-0.6765
GBPCPCFC_00599,gnl|Prokka|GBPCPCFC_11,24,13776,0.0061,333.75,172.6548,0.5488,0.0,0.334,-0.4153,390,0.3258,-0.6798,0.4683,0,0,0.0391,0.5391,0.1318,0.0377,0.3128,-0.9605,-0.6392
GBPCPCFC_00600,gnl|Prokka|GBPCPCFC_11,24,13776,0.0061,333.75,172.6548,0.5488,0.0,0.334,-0.4153,168,-0.96,-0.9828,0.4053,0,0,0.1855,0.0132,0.1681,0.0249,0.3393,-0.0148,-0.403
GBPCPCFC_00601,gnl|Prokka|GBPCPCFC_11,24,13776,0.0061,333.75,172.6548,0.5488,0.0,0.334,-0.4153,114,-1.2728,-1.0565,0.316,0,0,0.0122,0.8903,0.2198,0.012,0.3772,1.3398,-0.0646
GBPCPCFC_00602,gnl|Prokka|GBPCPCFC_11,24,13776,0.0061,333.75,172.6548,0.5488,0.0,0.334,-0.4153,198,-0.7863,-0.9418,0.3067,0,0,0.1213,0.1565,0.1761,0.0388,0.3889,1.7577,0.0397
GBPCPCFC_00603,gnl|Prokka|GBPCPCFC_11,24,13776,0.0061,333.75,172.6548,0.5488,0.0,0.334,-0.4153,186,-0.8558,-0.9582,0.2617,0,0,-0.0063,0.9328,0.1043,0.1599,0.2957,-1.5723,-0.792
GBPCPCFC_00604,gnl|Prokka|GBPCPCFC_11,24,13776,0.0061,333.75,172.6548,0.5488,0.0,0.334,-0.4153,222,-0.6472,-0.9091,0.2153,0,0,0.1252,0.0675,0.1472,0.0314,0.3649,0.8992,-0.1747
GBPCPCFC_00605,gnl|Prokka|GBPCPCFC_11,24,13776,0.0061,333.75,172.6548,0.5488,0.0,0.334,-0.4153,273,-0.3519,-0.8395,0.1856,0,0,0.2626,0.0001,0.2586,0.0002,0.3114,-1.0129,-0.6523
GBPCPCFC_00606,gnl|Prokka|GBPCPCFC_11,24,13776,0.0061,333.75,172.6548,0.5488,0.0,0.334,-0.4153,573,1.3857,-0.43,0.1437,0,0,0.06,0.3393,0.2128,0.0006,0.363,0.8326,-0.1913
GBPCPCFC_00607,gnl|Prokka|GBPCPCFC_11,24,13776,0.0061,333.75,172.6548,0.5488,0.0,0.334,-0.4153,111,-1.2901,-1.0606,0.0491,0,0,0.0904,0.3283,0.164,0.0747,0.3423,0.0944,-0.3757
GBPCPCFC_00608,gnl|Prokka|GBPCPCFC_11,24,13776,0.0061,333.75,172.6548,0.5488,0.0,0.334,-0.4153,606,1.5768,-0.3849,0.0576,0,0,0.0414,0.5096,0.1466,0.019,0.3845,1.6005,0.0005
GBPCPCFC_00609,gnl|Prokka|GBPCPCFC_11,24,13776,0.0061,333.75,172.6548,0.5488,0.0,0.334,-0.4153,609,1.5942,-0.3808,0.1713,0,0,0.0312,0.6298,0.1261,0.0506,0.3333,-0.2275,-0.4561
GBPCPCFC_00610,gnl|Prokka|GBPCPCFC_11,24,13776,0.0061,333.75,172.6548,0.5488,0.0,0.334,-0.4153,414,0.4648,-0.647,0.2833,0,0,0.1555,0.0191,0.233,0.0004,0.314,-0.918,-0.6286
GBPCPCFC_00611,gnl|Prokka|GBPCPCFC_11,24,13776,0.0061,333.75,172.6548,0.5488,0.0,0.334,-0.4153,402,0.3953,-0.6634,0.3616,0,0,0.2644,0.0,0.2079,0.001,0.3657,0.9281,-0.1675
GBPCPCFC_00612,gnl|Prokka|GBPCPCFC_11,24,13776,0.0061,333.75,172.6548,0.5488,0.0,0.334,-0.4153,255,-0.4561,-0.864,0.3999,0,0,-0.0273,0.6897,0.1826,0.0071,0.3647,0.8935,-0.1761
GBPCPCFC_00613,gnl|Prokka|GBPCPCFC_11,24,13776,0.0061,333.75,172.6548,0.5488,0.0,0.334,-0.4153,651,1.8375,-0.3235,0.4967,0,0,0.0429,0.5008,0.2702,0.0,0.3164,-0.8313,-0.6069
GBPCPCFC_00614,gnl|Prokka|GBPCPCFC_11,24,13776,0.0061,333.75,172.6548,0.5488,0.0,0.334,-0.4153,315,-0.1086,-0.7821,0.547,0,0,0.2485,0.0002,0.3106,0.0,0.3206,-0.6813,-0.5694
GBPCPCFC_00615,gnl|Prokka|GBPCPCFC_11,24,13776,0.0061,333.75,172.6548,0.5488,0.0,0.334,-0.4153,624,1.6811,-0.3604,0.6384,0,0,0.1109,0.0814,0.2394,0.0001,0.3606,0.746,-0.2129
GBPCPCFC_00616,gnl|Prokka|GBPCPCFC_11,24,13776,0.0061,333.75,172.6548,0.5488,0.0,0.334,-0.4153,390,0.3258,-0.6798,0.6906,1,0,0.143,0.0287,0.0512,0.4358,0.3513,0.4139,-0.2959
GBPCPCFC_00710,gnl|Prokka|GBPCPCFC_15,66,46534,0.0205,535.6818,613.0691,0.664,0.0,0.3203,-0.5439,204,-0.541,-0.9336,0.995,1,0,-0.0287,0.6986,0.1663,0.0237,0.3137,-0.3469,-0.6311
GBPCPCFC_00711,gnl|Prokka|GBPCPCFC_15,66,46534,0.0205,535.6818,613.0691,0.664,0.0,0.3203,-0.5439,111,-0.6927,-1.0606,0.9828,0,0,0.0497,0.5409,0.3782,0.0,0.4234,2.5324,0.348
GBPCPCFC_00712,gnl|Prokka|GBPCPCFC_15,66,46534,0.0205,535.6818,613.0691,0.664,0.0,0.3203,-0.5439,261,-0.448,-0.8558,0.9632,0,0,0.096,0.1557,0.1555,0.0211,0.364,0.9723,-0.1825
GBPCPCFC_00713,gnl|Prokka|GBPCPCFC_15,66,46534,0.0205,535.6818,613.0691,0.664,0.0,0.3203,-0.5439,159,-0.6144,-0.9951,0.9312,0,0,-0.1017,0.165,0.0086,0.9065,0.3648,0.9931,-0.1754
GBPCPCFC_00714,gnl|Prokka|GBPCPCFC_15,66,46534,0.0205,535.6818,613.0691,0.664,0.0,0.3203,-0.5439,210,-0.5312,-0.9254,0.9234,0,0,0.0747,0.2621,0.111,0.0952,0.3619,0.9177,-0.2011
GBPCPCFC_00715,gnl|Prokka|GBPCPCFC_15,66,46534,0.0205,535.6818,613.0691,0.664,0.0,0.3203,-0.5439,174,-0.59,-0.9746,0.9154,0,0,-0.0259,0.7389,0.0082,0.9157,0.3678,1.0728,-0.1483
GBPCPCFC_00716,gnl|Prokka|GBPCPCFC_15,66,46534,0.0205,535.6818,613.0691,0.664,0.0,0.3203,-0.5439,531,-0.0076,-0.4873,0.9012,0,0,0.0933,0.1368,0.1713,0.006,0.4859,4.1715,0.9054
GBPCPCFC_00717,gnl|Prokka|GBPCPCFC_15,66,46534,0.0205,535.6818,613.0691,0.664,0.0,0.3203,-0.5439,465,-0.1153,-0.5774,0.8582,0,0,0.112,0.0784,0.2226,0.0004,0.3161,-0.2838,-0.6096
GBPCPCFC_00718,gnl|Prokka|GBPCPCFC_15,66,46534,0.0205,535.6818,613.0691,0.664,0.0,0.3203,-0.5439,3924,5.5268,4.1438,0.8375,0,0,0.2844,0.0,0.3714,0.0,0.3129,-0.3673,-0.6381
GBPCPCFC_00719,gnl|Prokka|GBPCPCFC_15,66,46534,0.0205,535.6818,613.0691,0.664,0.0,0.3203,-0.5439,1095,0.9123,0.2825,0.6681,0,0,0.0889,0.1561,0.4675,0.0,0.3699,1.1266,-0.1301
GBPCPCFC_00720,gnl|Prokka|GBPCPCFC_15,66,46534,0.0205,535.6818,613.0691,0.664,0.0,0.3203,-0.5439,975,0.7166,0.1187,0.618,0,0,0.2245,0.0004,0.4062,0.0,0.3323,0.1409,-0.4652
GBPCPCFC_00721,gnl|Prokka|GBPCPCFC_15,66,46534,0.0205,535.6818,613.0691,0.664,0.0,0.3203,-0.5439,468,-0.1104,-0.5733,0.5747,0,0,0.032,0.6105,0.0235,0.7081,0.3397,0.336,-0.3989
GBPCPCFC_00722,gnl|Prokka|GBPCPCFC_15,66,46534,0.0205,535.6818,613.0691,0.664,0.0,0.3203,-0.5439,429,-0.174,-0.6265,0.5556,0,0,0.0777,0.2448,0.0648,0.3323,0.3124,-0.3829,-0.6433
GBPCPCFC_00723,gnl|Prokka|GBPCPCFC_15,66,46534,0.0205,535.6818,613.0691,0.664,0.0,0.3203,-0.5439,150,-0.6291,-1.0073,0.5373,0,0,-0.0644,0.393,-0.0057,0.9398,0.3333,0.1678,-0.4561
GBPCPCFC_00724,gnl|Prokka|GBPCPCFC_15,66,46534,0.0205,535.6818,613.0691,0.664,0.0,0.3203,-0.5439,549,0.0217,-0.4627,0.4945,0,0,0.1756,0.0062,0.2821,0.0,0.3297,0.0722,-0.4886
GBPCPCFC_00725,gnl|Prokka|GBPCPCFC_15,66,46534,0.0205,535.6818,613.0691,0.664,0.0,0.3203,-0.5439,1266,1.1912,0.5159,0.4389,0,0,0.3582,0.0,0.3629,0.0,0.3515,0.6446,-0.2939
GBPCPCFC_00726,gnl|Prokka|GBPCPCFC_15,66,46534,0.0205,535.6818,613.0691,0.664,0.0,0.3203,-0.5439,243,-0.4774,-0.8804,0.3703,0,0,0.1699,0.0105,0.1071,0.1085,0.3457,0.4918,-0.3459
GBPCPCFC_00727,gnl|Prokka|GBPCPCFC_15,66,46534,0.0205,535.6818,613.0691,0.664,0.0,0.3203,-0.5439,213,-0.5263,-0.9213,0.3588,0,0,0.0957,0.1489,0.0918,0.1664,0.3615,0.9071,-0.2047
GBPCPCFC_00728,gnl|Prokka|GBPCPCFC_15,66,46534,0.0205,535.6818,613.0691,0.664,0.0,0.3203,-0.5439,177,-0.5851,-0.9705,0.3454,0,0,-0.147,0.0364,-0.012,0.8646,0.3277,0.0195,-0.5065
GBPCPCFC_00729,gnl|Prokka|GBPCPCFC_15,66,46534,0.0205,535.6818,613.0691,0.664,0.0,0.3203,-0.5439,204,-0.541,-0.9336,0.3363,0,0,-0.0822,0.2358,-0.0277,0.6894,0.299,-0.7328,-0.7624
GBPCPCFC_00730,gnl|Prokka|GBPCPCFC_15,66,46534,0.0205,535.6818,613.0691,0.664,0.0,0.3203,-0.5439,2154,2.6397,1.7279,0.319,0,0,0.2583,0.0,0.3717,0.0,0.2981,-0.7583,-0.771
GBPCPCFC_00731,gnl|Prokka|GBPCPCFC_15,66,46534,0.0205,535.6818,613.0691,0.664,0.0,0.3203,-0.5439,135,-0.6536,-1.0278,0.2189,0,0,-0.1299,0.1683,-0.0562,0.5528,0.2963,-0.8043,-0.7867
GBPCPCFC_00732,gnl|Prokka|GBPCPCFC_15,66,46534,0.0205,535.6818,613.0691,0.664,0.0,0.3203,-0.5439,279,-0.4187,-0.8313,0.2133,0,0,-0.0435,0.5224,-0.0755,0.2662,0.3333,0.1678,-0.4561
GBPCPCFC_00733,gnl|Prokka|GBPCPCFC_15,66,46534,0.0205,535.6818,613.0691,0.664,0.0,0.3203,-0.5439,564,0.0462,-0.4423,0.2003,0,0,0.0049,0.938,0.0385,0.5402,0.2926,-0.9026,-0.8201
GBPCPCFC_00734,gnl|Prokka|GBPCPCFC_15,66,46534,0.0205,535.6818,613.0691,0.664,0.0,0.3203,-0.5439,150,-0.6291,-1.0073,0.1731,0,0,0.0117,0.8865,-0.0259,0.7528,0.3133,-0.3572,-0.6346
GBPCPCFC_00735,gnl|Prokka|GBPCPCFC_15,66,46534,0.0205,535.6818,613.0691,0.664,0.0,0.3203,-0.5439,408,-0.2083,-0.6552,0.1665,0,0,0.1458,0.0236,0.1641,0.0107,0.3873,1.583,0.0252
GBPCPCFC_00736,gnl|Prokka|GBPCPCFC_15,66,46534,0.0205,535.6818,613.0691,0.664,0.0,0.3203,-0.5439,258,-0.4529,-0.8599,0.1467,0,0,0.0524,0.4247,0.0158,0.8102,0.3062,-0.5443,-0.6983
GBPCPCFC_00737,gnl|Prokka|GBPCPCFC_15,66,46534,0.0205,535.6818,613.0691,0.664,0.0,0.3203,-0.5439,144,-0.6389,-1.0155,0.133,0,0,0.0958,0.2901,0.1093,0.227,0.2708,-1.4726,-1.0139
GBPCPCFC_00738,gnl|Prokka|GBPCPCFC_15,66,46534,0.0205,535.6818,613.0691,0.664,0.0,0.3203,-0.5439,327,-0.3404,-0.7657,0.1245,0,0,0.192,0.0135,0.1956,0.0118,0.2508,-1.9994,-1.193
GBPCPCFC_00739,gnl|Prokka|GBPCPCFC_15,66,46534,0.0205,535.6818,613.0691,0.664,0.0,0.3203,-0.5439,420,-0.1887,-0.6388,0.0829,0,0,0.0881,0.1909,0.0516,0.4442,0.2786,-1.2695,-0.9449
GBPCPCFC_00740,gnl|Prokka|GBPCPCFC_15,66,46534,0.0205,535.6818,613.0691,0.664,0.0,0.3203,-0.5439,285,-0.4089,-0.8231,0.0611,0,0,-0.0265,0.6989,0.0277,0.6861,0.3158,-0.2927,-0.6127
GBPCPCFC_00741,gnl|Prokka|GBPCPCFC_15,66,46534,0.0205,535.6818,613.0691,0.664,0.0,0.3203,-0.5439,438,-0.1593,-0.6142,0.033,0,0,0.1031,0.1053,0.2258,0.0003,0.3242,-0.0719,-0.5376
GBPCPCFC_00742,gnl|Prokka|GBPCPCFC_15,66,46534,0.0205,535.6818,613.0691,0.664,0.0,0.3203,-0.5439,450,-0.1398,-0.5979,0.0122,0,0,0.134,0.0462,0.1297,0.0536,0.2978,-0.7654,-0.7734
GBPCPCFC_00743,gnl|Prokka|GBPCPCFC_15,66,46534,0.0205,535.6818,613.0691,0.664,0.0,0.3203,-0.5439,2262,2.8159,1.8753,0.113,0,0,0.2913,0.0,0.3076,0.0,0.279,-1.2594,-0.9414
GBPCPCFC_00744,gnl|Prokka|GBPCPCFC_15,66,46534,0.0205,535.6818,613.0691,0.664,0.0,0.3203,-0.5439,168,-0.5997,-0.9828,0.119,0,0,-0.1433,0.1039,-0.0047,0.9578,0.256,-1.8632,-1.1467
GBPCPCFC_00745,gnl|Prokka|GBPCPCFC_15,66,46534,0.0205,535.6818,613.0691,0.664,0.0,0.3203,-0.5439,198,-0.5508,-0.9418,0.1318,0,0,0.0527,0.5165,0.1741,0.0308,0.2677,-1.5555,-1.0421
GBPCPCFC_00746,gnl|Prokka|GBPCPCFC_15,66,46534,0.0205,535.6818,613.0691,0.664,0.0,0.3203,-0.5439,1323,1.2842,0.5937,0.2031,0,0,0.2921,0.0,0.3545,0.0,0.3129,-0.3679,-0.6382
GBPCPCFC_00747,gnl|Prokka|GBPCPCFC_15,66,46534,0.0205,535.6818,613.0691,0.664,0.0,0.3203,-0.5439,594,0.0951,-0.4013,0.2299,0,0,0.2373,0.0005,0.267,0.0001,0.2879,-1.0253,-0.8618
GBPCPCFC_00748,gnl|Prokka|GBPCPCFC_15,66,46534,0.0205,535.6818,613.0691,0.664,0.0,0.3203,-0.5439,309,-0.3697,-0.7903,0.243,0,0,0.1486,0.0318,0.2035,0.0031,0.3657,1.0172,-0.1673
GBPCPCFC_00749,gnl|Prokka|GBPCPCFC_15,66,46534,0.0205,535.6818,613.0691,0.664,0.0,0.3203,-0.5439,534,-0.0027,-0.4832,0.2744,0,0,0.2407,0.0004,0.397,0.0,0.2978,-0.7661,-0.7737
GBPCPCFC_00750,gnl|Prokka|GBPCPCFC_15,66,46534,0.0205,535.6818,613.0691,0.664,0.0,0.3203,-0.5439,1293,1.2353,0.5527,0.3331,0,0,0.1721,0.0058,0.298,0.0,0.3527,0.6753,-0.2835
GBPCPCFC_00751,gnl|Prokka|GBPCPCFC_15,66,46534,0.0205,535.6818,613.0691,0.664,0.0,0.3203,-0.5439,168,-0.5997,-0.9828,0.3451,0,0,-0.1742,0.0355,-0.163,0.0493,0.3333,0.1678,-0.4561
GBPCPCFC_00752,gnl|Prokka|GBPCPCFC_15,66,46534,0.0205,535.6818,613.0691,0.664,0.0,0.3203,-0.5439,870,0.5453,-0.0246,0.3849,0,0,0.1203,0.0545,0.1696,0.0065,0.3713,1.1633,-0.1176
GBPCPCFC_00753,gnl|Prokka|GBPCPCFC_15,66,46534,0.0205,535.6818,613.0691,0.664,0.0,0.3203,-0.5439,549,0.0217,-0.4627,0.409,0,0,0.1404,0.0337,0.1909,0.0037,0.3188,-0.2147,-0.5862
GBPCPCFC_00754,gnl|Prokka|GBPCPCFC_15,66,46534,0.0205,535.6818,613.0691,0.664,0.0,0.3203,-0.5439,771,0.3838,-0.1597,0.4415,0,0,0.1236,0.0518,0.2433,0.0001,0.2866,-1.0578,-0.8728
GBPCPCFC_00755,gnl|Prokka|GBPCPCFC_15,66,46534,0.0205,535.6818,613.0691,0.664,0.0,0.3203,-0.5439,645,0.1783,-0.3317,0.4743,0,0,0.2163,0.0006,0.2565,0.0,0.3736,1.2258,-0.0963
GBPCPCFC_00756,gnl|Prokka|GBPCPCFC_15,66,46534,0.0205,535.6818,613.0691,0.664,0.0,0.3203,-0.5439,438,-0.1593,-0.6142,0.5009,0,0,0.11,0.0839,0.1316,0.0384,0.3242,-0.0719,-0.5376
GBPCPCFC_00757,gnl|Prokka|GBPCPCFC_15,66,46534,0.0205,535.6818,613.0691,0.664,0.0,0.3203,-0.5439,1095,0.9123,0.2825,0.5756,0,0,0.0889,0.1561,0.4675,0.0,0.3699,1.1266,-0.1301
GBPCPCFC_00758,gnl|Prokka|GBPCPCFC_15,66,46534,0.0205,535.6818,613.0691,0.664,0.0,0.3203,-0.5439,789,0.4132,-0.1352,0.612,0,0,0.1869,0.0031,0.3224,0.0,0.3232,-0.0983,-0.5466
GBPCPCFC_00759,gnl|Prokka|GBPCPCFC_15,66,46534,0.0205,535.6818,613.0691,0.664,0.0,0.3203,-0.5439,483,-0.0859,-0.5528,0.6436,0,0,0.0897,0.1592,0.1355,0.033,0.354,0.7112,-0.2713
GBPCPCFC_00760,gnl|Prokka|GBPCPCFC_15,66,46534,0.0205,535.6818,613.0691,0.664,0.0,0.3203,-0.5439,1398,1.4066,0.6961,0.7328,0,0,0.1078,0.0852,0.1517,0.0151,0.3519,0.6559,-0.2901
GBPCPCFC_00761,gnl|Prokka|GBPCPCFC_15,66,46534,0.0205,535.6818,613.0691,0.664,0.0,0.3203,-0.5439,159,-0.6144,-0.9951,0.7528,0,0,0.0131,0.8715,-0.0662,0.4128,0.327,0.0027,-0.5122
GBPCPCFC_00762,gnl|Prokka|GBPCPCFC_15,66,46534,0.0205,535.6818,613.0691,0.664,0.0,0.3203,-0.5439,168,-0.5997,-0.9828,0.7652,0,0,-0.0255,0.7284,0.1495,0.0406,0.3274,0.0115,-0.5092
GBPCPCFC_00763,gnl|Prokka|GBPCPCFC_15,66,46534,0.0205,535.6818,613.0691,0.664,0.0,0.3203,-0.5439,267,-0.4383,-0.8476,0.7982,0,0,0.0576,0.3586,0.0789,0.2081,0.3558,0.7576,-0.2555
GBPCPCFC_00764,gnl|Prokka|GBPCPCFC_15,66,46534,0.0205,535.6818,613.0691,0.664,0.0,0.3203,-0.5439,144,-0.6389,-1.0155,0.8191,0,0,0.0656,0.4085,0.1621,0.0399,0.3056,-0.5613,-0.704
GBPCPCFC_00765,gnl|Prokka|GBPCPCFC_15,66,46534,0.0205,535.6818,613.0691,0.664,0.0,0.3203,-0.5439,225,-0.5068,-0.905,0.8394,0,0,0.0002,0.9977,0.0129,0.8445,0.3378,0.2844,-0.4164
GBPCPCFC_00766,gnl|Prokka|GBPCPCFC_15,66,46534,0.0205,535.6818,613.0691,0.664,0.0,0.3203,-0.5439,174,-0.59,-0.9746,0.8469,0,0,0.2695,0.0002,0.2498,0.0006,0.2989,-0.7373,-0.7639
GBPCPCFC_00767,gnl|Prokka|GBPCPCFC_15,66,46534,0.0205,535.6818,613.0691,0.664,0.0,0.3203,-0.5439,141,-0.6438,-1.0196,0.8607,0,0,0.0837,0.3255,0.1906,0.0241,0.3475,0.5401,-0.3295
GBPCPCFC_00768,gnl|Prokka|GBPCPCFC_15,66,46534,0.0205,535.6818,613.0691,0.664,0.0,0.3203,-0.5439,219,-0.5166,-0.9132,0.8693,0,0,0.1523,0.035,0.1223,0.0911,0.3196,-0.1918,-0.5784
GBPCPCFC_00769,gnl|Prokka|GBPCPCFC_15,66,46534,0.0205,535.6818,613.0691,0.664,0.0,0.3203,-0.5439,291,-0.3991,-0.8149,0.8827,0,0,0.0026,0.9715,-0.0885,0.2269,0.2818,-1.1852,-0.9162
GBPCPCFC_00770,gnl|Prokka|GBPCPCFC_15,66,46534,0.0205,535.6818,613.0691,0.664,0.0,0.3203,-0.5439,447,-0.1447,-0.602,0.9125,0,0,0.2993,0.0,0.3834,0.0,0.2707,-1.4763,-1.0152
GBPCPCFC_00771,gnl|Prokka|GBPCPCFC_15,66,46534,0.0205,535.6818,613.0691,0.664,0.0,0.3203,-0.5439,96,-0.7172,-1.081,0.9292,0,0,0.0115,0.9019,0.0881,0.3429,0.3333,0.1678,-0.4561
GBPCPCFC_00772,gnl|Prokka|GBPCPCFC_15,66,46534,0.0205,535.6818,613.0691,0.664,0.0,0.3203,-0.5439,276,-0.4236,-0.8354,0.9441,0,0,0.0349,0.6324,-0.0289,0.6922,0.3297,0.0727,-0.4884
GBPCPCFC_00773,gnl|Prokka|GBPCPCFC_15,66,46534,0.0205,535.6818,613.0691,0.664,0.0,0.3203,-0.5439,117,-0.6829,-1.0524,0.9496,0,0,0.0447,0.6123,0.0711,0.4196,0.265,-1.6269,-1.0664
GBPCPCFC_00774,gnl|Prokka|GBPCPCFC_15,66,46534,0.0205,535.6818,613.0691,0.664,0.0,0.3203,-0.5439,198,-0.5508,-0.9418,0.9568,0,0,-0.0303,0.6819,0.1492,0.0427,0.3081,-0.495,-0.6815
GBPCPCFC_00775,gnl|Prokka|GBPCPCFC_15,66,46534,0.0205,535.6818,613.0691,0.664,0.0,0.3203,-0.5439,726,0.3104,-0.2212,0.9916,1,0,0.1111,0.0759,0.4338,0.0,0.3912,1.6862,0.0602
GBPCPCFC_00808,gnl|Prokka|GBPCPCFC_18,67,59216,0.026,741.8955,400.072,0.5118,0.0,0.6742,2.7821,390,-0.8796,-0.6798,0.9992,1,0,0.0184,0.7906,0.2842,0.0,0.6872,0.4509,2.7021
GBPCPCFC_00809,gnl|Prokka|GBPCPCFC_18,67,59216,0.026,741.8955,400.072,0.5118,0.0,0.6742,2.7821,1173,1.0776,0.389,0.9873,0,0,0.1233,0.063,0.451,0.0,0.6616,-0.5167,2.4733
GBPCPCFC_00810,gnl|Prokka|GBPCPCFC_18,67,59216,0.026,741.8955,400.072,0.5118,0.0,0.6742,2.7821,348,-0.9846,-0.7371,0.934,0,0,0.0884,0.1716,0.179,0.0053,0.6121,-2.3847,2.0317
GBPCPCFC_00811,gnl|Prokka|GBPCPCFC_18,67,59216,0.026,741.8955,400.072,0.5118,0.0,0.6742,2.7821,453,-0.7221,-0.5938,0.9043,0,0,0.1094,0.1222,0.2923,0.0,0.6711,-0.1569,2.5584
GBPCPCFC_00812,gnl|Prokka|GBPCPCFC_18,67,59216,0.026,741.8955,400.072,0.5118,0.0,0.6742,2.7821,345,-0.9921,-0.7412,0.8879,0,0,0.2416,0.0004,0.4153,0.0,0.6667,-0.3235,2.519
GBPCPCFC_00813,gnl|Prokka|GBPCPCFC_18,67,59216,0.026,741.8955,400.072,0.5118,0.0,0.6742,2.7821,1107,0.9126,0.2989,0.8686,0,0,0.2021,0.0016,0.5449,0.0,0.71,1.3134,2.906
GBPCPCFC_00814,gnl|Prokka|GBPCPCFC_18,67,59216,0.026,741.8955,400.072,0.5118,0.0,0.6742,2.7821,921,0.4477,0.045,0.8324,0,0,0.228,0.0003,0.4077,0.0,0.6634,-0.4465,2.4899
GBPCPCFC_00815,gnl|Prokka|GBPCPCFC_18,67,59216,0.026,741.8955,400.072,0.5118,0.0,0.6742,2.7821,1425,1.7075,0.7329,0.8004,0,0,0.3049,0.0,0.598,0.0,0.6554,-0.7474,2.4188
GBPCPCFC_00816,gnl|Prokka|GBPCPCFC_18,67,59216,0.026,741.8955,400.072,0.5118,0.0,0.6742,2.7821,1029,0.7176,0.1924,0.7493,0,0,0.1942,0.0021,0.4661,0.0,0.654,-0.8005,2.4062
GBPCPCFC_00817,gnl|Prokka|GBPCPCFC_18,67,59216,0.026,741.8955,400.072,0.5118,0.0,0.6742,2.7821,303,-1.097,-0.7985,0.6866,0,0,0.0751,0.2903,0.275,0.0001,0.6964,0.7978,2.7841
GBPCPCFC_00818,gnl|Prokka|GBPCPCFC_18,67,59216,0.026,741.8955,400.072,0.5118,0.0,0.6742,2.7821,816,0.1852,-0.0983,0.6733,0,0,0.2168,0.0007,0.5135,0.0,0.6887,0.5092,2.7159
GBPCPCFC_00819,gnl|Prokka|GBPCPCFC_18,67,59216,0.026,741.8955,400.072,0.5118,0.0,0.6742,2.7821,1608,2.1649,0.9827,0.6372,0,0,0.3301,0.0,0.6579,0.0,0.6692,-0.2296,2.5412
GBPCPCFC_00820,gnl|Prokka|GBPCPCFC_18,67,59216,0.026,741.8955,400.072,0.5118,0.0,0.6742,2.7821,480,-0.6546,-0.5569,0.5879,0,0,0.2471,0.0001,0.4171,0.0,0.6625,-0.4808,2.4818
GBPCPCFC_00821,gnl|Prokka|GBPCPCFC_18,67,59216,0.026,741.8955,400.072,0.5118,0.0,0.6742,2.7821,564,-0.4447,-0.4423,0.5703,0,0,0.1409,0.0311,0.3254,0.0,0.7092,1.2829,2.8988
GBPCPCFC_00822,gnl|Prokka|GBPCPCFC_18,67,59216,0.026,741.8955,400.072,0.5118,0.0,0.6742,2.7821,582,-0.3997,-0.4177,0.5378,0,0,0.2808,0.0,0.4805,0.0,0.6856,0.39,2.6877
GBPCPCFC_00823,gnl|Prokka|GBPCPCFC_18,67,59216,0.026,741.8955,400.072,0.5118,0.0,0.6742,2.7821,1209,1.1676,0.4381,0.5201,0,0,0.2084,0.0008,0.527,0.0,0.6824,0.2697,2.6592
GBPCPCFC_00824,gnl|Prokka|GBPCPCFC_18,67,59216,0.026,741.8955,400.072,0.5118,0.0,0.6742,2.7821,384,-0.8946,-0.6879,0.4857,0,0,0.0511,0.451,0.311,0.0,0.7135,1.4461,2.9373
GBPCPCFC_00825,gnl|Prokka|GBPCPCFC_18,67,59216,0.026,741.8955,400.072,0.5118,0.0,0.6742,2.7821,1356,1.535,0.6387,0.4712,0,0,0.208,0.001,0.5355,0.0,0.6608,-0.5463,2.4663
GBPCPCFC_00826,gnl|Prokka|GBPCPCFC_18,67,59216,0.026,741.8955,400.072,0.5118,0.0,0.6742,2.7821,1227,1.2125,0.4627,0.4221,0,0,0.1672,0.0083,0.4108,0.0,0.6976,0.8456,2.7954
GBPCPCFC_00827,gnl|Prokka|GBPCPCFC_18,67,59216,0.026,741.8955,400.072,0.5118,0.0,0.6742,2.7821,756,0.0353,-0.1802,0.367,0,0,0.0852,0.1876,0.2728,0.0,0.6892,0.5254,2.7197
GBPCPCFC_00828,gnl|Prokka|GBPCPCFC_18,67,59216,0.026,741.8955,400.072,0.5118,0.0,0.6742,2.7821,723,-0.0472,-0.2252,0.3424,0,0,0.1577,0.021,0.2919,0.0,0.7165,1.5562,2.9634
GBPCPCFC_00829,gnl|Prokka|GBPCPCFC_18,67,59216,0.026,741.8955,400.072,0.5118,0.0,0.6742,2.7821,600,-0.3547,-0.3931,0.3154,0,0,0.0702,0.3124,0.1399,0.0434,0.7017,0.9978,2.8314
GBPCPCFC_00830,gnl|Prokka|GBPCPCFC_18,67,59216,0.026,741.8955,400.072,0.5118,0.0,0.6742,2.7821,567,-0.4372,-0.4382,0.2921,0,0,0.0797,0.2718,0.2219,0.002,0.7478,2.7393,3.2431
GBPCPCFC_00831,gnl|Prokka|GBPCPCFC_18,67,59216,0.026,741.8955,400.072,0.5118,0.0,0.6742,2.7821,846,0.2602,-0.0574,0.2651,0,0,0.2814,0.0,0.5217,0.0,0.6891,0.5243,2.7194
GBPCPCFC_00832,gnl|Prokka|GBPCPCFC_18,67,59216,0.026,741.8955,400.072,0.5118,0.0,0.6742,2.7821,936,0.4852,0.0655,0.2286,0,0,0.2537,0.0,0.3961,0.0,0.6432,-1.2109,2.3092
GBPCPCFC_00833,gnl|Prokka|GBPCPCFC_18,67,59216,0.026,741.8955,400.072,0.5118,0.0,0.6742,2.7821,450,-0.7296,-0.5979,0.1907,0,0,0.0721,0.2775,0.0736,0.2676,0.6778,0.0959,2.6181
GBPCPCFC_00834,gnl|Prokka|GBPCPCFC_18,67,59216,0.026,741.8955,400.072,0.5118,0.0,0.6742,2.7821,924,0.4552,0.0491,0.1704,0,0,0.2133,0.0007,0.4213,0.0,0.6883,0.4936,2.7122
GBPCPCFC_00835,gnl|Prokka|GBPCPCFC_18,67,59216,0.026,741.8955,400.072,0.5118,0.0,0.6742,2.7821,558,-0.4597,-0.4505,0.1394,0,0,-0.0172,0.809,0.1266,0.074,0.6756,0.0147,2.599
GBPCPCFC_00836,gnl|Prokka|GBPCPCFC_18,67,59216,0.026,741.8955,400.072,0.5118,0.0,0.6742,2.7821,300,-1.1045,-0.8026,0.1205,0,0,0.0509,0.4466,0.1759,0.008,0.6633,-0.4494,2.4892
GBPCPCFC_00837,gnl|Prokka|GBPCPCFC_18,67,59216,0.026,741.8955,400.072,0.5118,0.0,0.6742,2.7821,819,0.1927,-0.0942,0.0978,0,0,0.2497,0.0001,0.4324,0.0,0.6764,0.0452,2.6062
GBPCPCFC_00838,gnl|Prokka|GBPCPCFC_18,67,59216,0.026,741.8955,400.072,0.5118,0.0,0.6742,2.7821,1164,1.0551,0.3767,0.0672,0,0,0.2437,0.0001,0.3157,0.0,0.6692,-0.2262,2.542
GBPCPCFC_00839,gnl|Prokka|GBPCPCFC_18,67,59216,0.026,741.8955,400.072,0.5118,0.0,0.6742,2.7821,447,-0.7371,-0.602,0.0171,0,0,0.2646,0.0002,0.4235,0.0,0.7047,1.1122,2.8584
GBPCPCFC_00840,gnl|Prokka|GBPCPCFC_18,67,59216,0.026,741.8955,400.072,0.5118,0.0,0.6742,2.7821,429,-0.7821,-0.6265,0.0123,0,0,0.1507,0.0287,0.2546,0.0002,0.704,1.0845,2.8519
GBPCPCFC_00841,gnl|Prokka|GBPCPCFC_18,67,59216,0.026,741.8955,400.072,0.5118,0.0,0.6742,2.7821,348,-0.9846,-0.7371,0.031,0,0,0.1883,0.0086,0.326,0.0,0.7126,1.4122,2.9293
GBPCPCFC_00842,gnl|Prokka|GBPCPCFC_18,67,59216,0.026,741.8955,400.072,0.5118,0.0,0.6742,2.7821,438,-0.7596,-0.6142,0.044,0,0,-0.0025,0.971,0.4735,0.0,0.6963,0.797,2.7839
GBPCPCFC_00843,gnl|Prokka|GBPCPCFC_18,67,59216,0.026,741.8955,400.072,0.5118,0.0,0.6742,2.7821,909,0.4177,0.0286,0.0762,0,0,0.1581,0.0113,0.4398,0.0,0.6612,-0.5312,2.4699
GBPCPCFC_00844,gnl|Prokka|GBPCPCFC_18,67,59216,0.026,741.8955,400.072,0.5118,0.0,0.6742,2.7821,309,-1.082,-0.7903,0.0843,0,0,-0.081,0.2602,0.1525,0.0333,0.6699,-0.2014,2.5479
GBPCPCFC_00845,gnl|Prokka|GBPCPCFC_18,67,59216,0.026,741.8955,400.072,0.5118,0.0,0.6742,2.7821,1113,0.9276,0.3071,0.1224,0,0,0.2492,0.0001,0.4564,0.0,0.7134,1.4403,2.936
GBPCPCFC_00846,gnl|Prokka|GBPCPCFC_18,67,59216,0.026,741.8955,400.072,0.5118,0.0,0.6742,2.7821,642,-0.2497,-0.3358,0.148,0,0,0.3422,0.0,0.4229,0.0,0.7009,0.9701,2.8248
GBPCPCFC_00847,gnl|Prokka|GBPCPCFC_18,67,59216,0.026,741.8955,400.072,0.5118,0.0,0.6742,2.7821,825,0.2077,-0.086,0.1758,0,0,0.428,0.0,0.5639,0.0,0.6945,0.7289,2.7678
GBPCPCFC_00848,gnl|Prokka|GBPCPCFC_18,67,59216,0.026,741.8955,400.072,0.5118,0.0,0.6742,2.7821,450,-0.7296,-0.5979,0.2,0,0,0.1397,0.0441,0.4036,0.0,0.6933,0.6832,2.757
GBPCPCFC_00849,gnl|Prokka|GBPCPCFC_18,67,59216,0.026,741.8955,400.072,0.5118,0.0,0.6742,2.7821,219,-1.307,-0.9132,0.2108,0,0,0.0054,0.9439,0.0688,0.3697,0.6758,0.0212,2.6005
GBPCPCFC_00850,gnl|Prokka|GBPCPCFC_18,67,59216,0.026,741.8955,400.072,0.5118,0.0,0.6742,2.7821,324,-1.0446,-0.7698,0.2273,0,0,0.2795,0.0,0.4619,0.0,0.679,0.1425,2.6292
GBPCPCFC_00851,gnl|Prokka|GBPCPCFC_18,67,59216,0.026,741.8955,400.072,0.5118,0.0,0.6742,2.7821,726,-0.0397,-0.2212,0.2517,0,0,0.2569,0.0,0.3151,0.0,0.6529,-0.8435,2.396
GBPCPCFC_00852,gnl|Prokka|GBPCPCFC_18,67,59216,0.026,741.8955,400.072,0.5118,0.0,0.6742,2.7821,1023,0.7026,0.1842,0.2811,0,0,0.2412,0.0001,0.3071,0.0,0.6334,-1.5783,2.2223
GBPCPCFC_00853,gnl|Prokka|GBPCPCFC_18,67,59216,0.026,741.8955,400.072,0.5118,0.0,0.6742,2.7821,927,0.4627,0.0532,0.3221,0,0,0.2824,0.0,0.3222,0.0,0.6742,-0.0385,2.5864
GBPCPCFC_00854,gnl|Prokka|GBPCPCFC_18,67,59216,0.026,741.8955,400.072,0.5118,0.0,0.6742,2.7821,630,-0.2797,-0.3522,0.3443,0,0,0.2116,0.0011,0.3639,0.0,0.6603,-0.5632,2.4623
GBPCPCFC_00855,gnl|Prokka|GBPCPCFC_18,67,59216,0.026,741.8955,400.072,0.5118,0.0,0.6742,2.7821,933,0.4777,0.0614,0.3757,0,0,0.1856,0.0051,0.459,0.0,0.7095,1.295,2.9016
GBPCPCFC_00856,gnl|Prokka|GBPCPCFC_18,67,59216,0.026,741.8955,400.072,0.5118,0.0,0.6742,2.7821,507,-0.5871,-0.5201,0.3946,0,0,0.259,0.0,0.275,0.0,0.6647,-0.398,2.5014
GBPCPCFC_00857,gnl|Prokka|GBPCPCFC_18,67,59216,0.026,741.8955,400.072,0.5118,0.0,0.6742,2.7821,555,-0.4672,-0.4546,0.4132,0,0,0.158,0.019,0.2479,0.0002,0.7045,1.1049,2.8567
GBPCPCFC_00858,gnl|Prokka|GBPCPCFC_18,67,59216,0.026,741.8955,400.072,0.5118,0.0,0.6742,2.7821,495,-0.6171,-0.5364,0.4348,0,0,0.1187,0.0664,0.199,0.002,0.6,-2.8404,1.924
GBPCPCFC_00859,gnl|Prokka|GBPCPCFC_18,67,59216,0.026,741.8955,400.072,0.5118,0.0,0.6742,2.7821,963,0.5527,0.1023,0.4673,0,0,0.134,0.0321,0.3697,0.0,0.5898,-3.2246,1.8331
GBPCPCFC_00860,gnl|Prokka|GBPCPCFC_18,67,59216,0.026,741.8955,400.072,0.5118,0.0,0.6742,2.7821,501,-0.6021,-0.5283,0.4894,0,0,-0.0268,0.6788,0.2309,0.0003,0.6487,-1.0017,2.3586
GBPCPCFC_00861,gnl|Prokka|GBPCPCFC_18,67,59216,0.026,741.8955,400.072,0.5118,0.0,0.6742,2.7821,2520,4.4445,2.2275,0.5856,0,0,0.2469,0.0001,0.6521,0.0,0.6647,-0.3985,2.5013
GBPCPCFC_00862,gnl|Prokka|GBPCPCFC_18,67,59216,0.026,741.8955,400.072,0.5118,0.0,0.6742,2.7821,348,-0.9846,-0.7371,0.6106,0,0,0.043,0.5449,0.3864,0.0,0.6753,0.0019,2.5959
GBPCPCFC_00863,gnl|Prokka|GBPCPCFC_18,67,59216,0.026,741.8955,400.072,0.5118,0.0,0.6742,2.7821,345,-0.9921,-0.7412,0.636,0,0,0.2416,0.0004,0.4153,0.0,0.6667,-0.3235,2.519
GBPCPCFC_00864,gnl|Prokka|GBPCPCFC_18,67,59216,0.026,741.8955,400.072,0.5118,0.0,0.6742,2.7821,1107,0.9126,0.2989,0.681,0,0,0.2021,0.0016,0.5449,0.0,0.71,1.3134,2.906
GBPCPCFC_00865,gnl|Prokka|GBPCPCFC_18,67,59216,0.026,741.8955,400.072,0.5118,0.0,0.6742,2.7821,921,0.4477,0.045,0.711,0,0,0.228,0.0003,0.4077,0.0,0.6634,-0.4465,2.4899
GBPCPCFC_00866,gnl|Prokka|GBPCPCFC_18,67,59216,0.026,741.8955,400.072,0.5118,0.0,0.6742,2.7821,1425,1.7075,0.7329,0.76,0,0,0.3049,0.0,0.598,0.0,0.6554,-0.7474,2.4188
GBPCPCFC_00867,gnl|Prokka|GBPCPCFC_18,67,59216,0.026,741.8955,400.072,0.5118,0.0,0.6742,2.7821,1029,0.7176,0.1924,0.7977,0,0,0.1942,0.0021,0.4661,0.0,0.654,-0.8005,2.4062
GBPCPCFC_00868,gnl|Prokka|GBPCPCFC_18,67,59216,0.026,741.8955,400.072,0.5118,0.0,0.6742,2.7821,303,-1.097,-0.7985,0.836,0,0,0.0751,0.2903,0.275,0.0001,0.6964,0.7978,2.7841
GBPCPCFC_00869,gnl|Prokka|GBPCPCFC_18,67,59216,0.026,741.8955,400.072,0.5118,0.0,0.6742,2.7821,573,-0.4222,-0.43,0.8583,0,0,0.1601,0.0175,0.4376,0.0,0.6841,0.3353,2.6747
GBPCPCFC_00870,gnl|Prokka|GBPCPCFC_18,67,59216,0.026,741.8955,400.072,0.5118,0.0,0.6742,2.7821,321,-1.052,-0.7739,0.8679,0,0,0.1981,0.0026,0.4446,0.0,0.6916,0.6173,2.7414
GBPCPCFC_00871,gnl|Prokka|GBPCPCFC_18,67,59216,0.026,741.8955,400.072,0.5118,0.0,0.6742,2.7821,576,-0.4147,-0.4259,0.8945,0,0,0.2441,0.0002,0.4305,0.0,0.6684,-0.258,2.5345
GBPCPCFC_00872,gnl|Prokka|GBPCPCFC_18,67,59216,0.026,741.8955,400.072,0.5118,0.0,0.6742,2.7821,522,-0.5496,-0.4996,0.9121,0,0,0.2756,0.0,0.568,0.0,0.6648,-0.3959,2.5019
GBPCPCFC_00873,gnl|Prokka|GBPCPCFC_18,67,59216,0.026,741.8955,400.072,0.5118,0.0,0.6742,2.7821,498,-0.6096,-0.5323,0.9402,0,0,0.1806,0.0049,0.3492,0.0,0.6526,-0.8542,2.3935
GBPCPCFC_00874,gnl|Prokka|GBPCPCFC_18,67,59216,0.026,741.8955,400.072,0.5118,0.0,0.6742,2.7821,1143,1.0026,0.348,0.9802,1,0,0.2845,0.0,0.5934,0.0,0.6903,0.5682,2.7298
GBPCPCFC_00617,gnl|Prokka|GBPCPCFC_12,75,73539,0.0323,785.76,849.0091,0.778,0.0,0.3302,-0.4512,243,-0.6393,-0.8804,0.9823,1,0,-0.0728,0.3471,-0.0038,0.961,0.3004,-1.163,-0.7499
GBPCPCFC_00618,gnl|Prokka|GBPCPCFC_12,75,73539,0.0323,785.76,849.0091,0.778,0.0,0.3302,-0.4512,174,-0.7206,-0.9746,0.9448,0,0,0.0609,0.4915,0.1604,0.0684,0.2989,-1.2088,-0.7639
GBPCPCFC_00619,gnl|Prokka|GBPCPCFC_12,75,73539,0.0323,785.76,849.0091,0.778,0.0,0.3302,-0.4512,144,-0.7559,-1.0155,0.9395,0,0,0.0999,0.1976,0.0823,0.2888,0.3194,-0.6039,-0.5801
GBPCPCFC_00620,gnl|Prokka|GBPCPCFC_12,75,73539,0.0323,785.76,849.0091,0.778,0.0,0.3302,-0.4512,633,-0.1799,-0.3481,0.9193,0,0,0.1456,0.0198,0.2312,0.0002,0.4787,4.0734,0.8411
GBPCPCFC_00621,gnl|Prokka|GBPCPCFC_12,75,73539,0.0323,785.76,849.0091,0.778,0.0,0.3302,-0.4512,1293,0.5974,0.5527,0.9006,0,0,0.1647,0.0083,0.2327,0.0002,0.3534,0.3948,-0.2766
GBPCPCFC_00622,gnl|Prokka|GBPCPCFC_12,75,73539,0.0323,785.76,849.0091,0.778,0.0,0.3302,-0.4512,750,-0.0421,-0.1884,0.8639,0,0,0.0931,0.1376,0.3134,0.0,0.3627,0.6658,-0.1943
GBPCPCFC_00623,gnl|Prokka|GBPCPCFC_12,75,73539,0.0323,785.76,849.0091,0.778,0.0,0.3302,-0.4512,399,-0.4555,-0.6675,0.8405,0,0,0.0356,0.5761,0.1398,0.0274,0.3083,-0.9321,-0.6798
GBPCPCFC_00624,gnl|Prokka|GBPCPCFC_12,75,73539,0.0323,785.76,849.0091,0.778,0.0,0.3302,-0.4512,897,0.131,0.0122,0.8288,0,0,0.1229,0.0528,0.2325,0.0002,0.3333,-0.1959,-0.4561
GBPCPCFC_00625,gnl|Prokka|GBPCPCFC_12,75,73539,0.0323,785.76,849.0091,0.778,0.0,0.3302,-0.4512,279,-0.5969,-0.8313,0.8029,0,0,0.0116,0.8688,0.0128,0.8548,0.2975,-1.2488,-0.776
GBPCPCFC_00626,gnl|Prokka|GBPCPCFC_12,75,73539,0.0323,785.76,849.0091,0.778,0.0,0.3302,-0.4512,510,-0.3248,-0.516,0.7796,0,0,0.0954,0.1459,0.0631,0.3364,0.3333,-0.1959,-0.4561
GBPCPCFC_00627,gnl|Prokka|GBPCPCFC_12,75,73539,0.0323,785.76,849.0091,0.778,0.0,0.3302,-0.4512,2499,2.0179,2.1988,0.7599,0,0,0.2696,0.0,0.3472,0.0,0.3253,-0.431,-0.5275
GBPCPCFC_00628,gnl|Prokka|GBPCPCFC_12,75,73539,0.0323,785.76,849.0091,0.778,0.0,0.3302,-0.4512,465,-0.3778,-0.5774,0.6914,0,0,0.1197,0.0599,0.2089,0.0009,0.3161,-0.7013,-0.6096
GBPCPCFC_00629,gnl|Prokka|GBPCPCFC_12,75,73539,0.0323,785.76,849.0091,0.778,0.0,0.3302,-0.4512,4002,3.7882,4.2503,0.6687,0,0,0.3638,0.0,0.3851,0.0,0.3091,-0.9079,-0.6724
GBPCPCFC_00630,gnl|Prokka|GBPCPCFC_12,75,73539,0.0323,785.76,849.0091,0.778,0.0,0.3302,-0.4512,597,-0.2223,-0.3972,0.5458,0,0,0.1375,0.0304,0.2257,0.0003,0.3317,-0.2451,-0.471
GBPCPCFC_00631,gnl|Prokka|GBPCPCFC_12,75,73539,0.0323,785.76,849.0091,0.778,0.0,0.3302,-0.4512,237,-0.6464,-0.8886,0.5286,0,0,0.2516,0.0006,0.2656,0.0003,0.346,0.1759,-0.3431
GBPCPCFC_00632,gnl|Prokka|GBPCPCFC_12,75,73539,0.0323,785.76,849.0091,0.778,0.0,0.3302,-0.4512,1077,0.343,0.2579,0.517,0,0,0.2341,0.0002,0.2104,0.0007,0.3556,0.4587,-0.2572
GBPCPCFC_00633,gnl|Prokka|GBPCPCFC_12,75,73539,0.0323,785.76,849.0091,0.778,0.0,0.3302,-0.4512,579,-0.2435,-0.4218,0.4688,0,0,0.1666,0.0105,0.1564,0.0164,0.3109,-0.8554,-0.6565
GBPCPCFC_00634,gnl|Prokka|GBPCPCFC_12,75,73539,0.0323,785.76,849.0091,0.778,0.0,0.3302,-0.4512,924,0.1628,0.0491,0.4475,0,0,0.2306,0.0002,0.2241,0.0003,0.3409,0.0266,-0.3885
GBPCPCFC_00635,gnl|Prokka|GBPCPCFC_12,75,73539,0.0323,785.76,849.0091,0.778,0.0,0.3302,-0.4512,1731,1.1133,1.1506,0.4146,0,0,0.3031,0.0,0.3305,0.0,0.2946,-1.3329,-0.8016
GBPCPCFC_00636,gnl|Prokka|GBPCPCFC_12,75,73539,0.0323,785.76,849.0091,0.778,0.0,0.3302,-0.4512,126,-0.7771,-1.0401,0.3676,0,0,-0.0802,0.386,0.1062,0.2504,0.2778,-1.8278,-0.9519
GBPCPCFC_00637,gnl|Prokka|GBPCPCFC_12,75,73539,0.0323,785.76,849.0091,0.778,0.0,0.3302,-0.4512,183,-0.71,-0.9623,0.3638,0,0,0.2156,0.0037,0.2864,0.0001,0.3607,0.6067,-0.2122
GBPCPCFC_00638,gnl|Prokka|GBPCPCFC_12,75,73539,0.0323,785.76,849.0091,0.778,0.0,0.3302,-0.4512,948,0.1911,0.0819,0.3585,0,0,0.1273,0.0452,0.1596,0.0118,0.3281,-0.3508,-0.5032
GBPCPCFC_00639,gnl|Prokka|GBPCPCFC_12,75,73539,0.0323,785.76,849.0091,0.778,0.0,0.3302,-0.4512,243,-0.6393,-0.8804,0.3281,0,0,0.1244,0.0713,0.2023,0.0032,0.3539,0.4085,-0.2724
GBPCPCFC_00640,gnl|Prokka|GBPCPCFC_12,75,73539,0.0323,785.76,849.0091,0.778,0.0,0.3302,-0.4512,420,-0.4308,-0.6388,0.3216,0,0,0.1345,0.0339,0.1706,0.007,0.3,-1.1751,-0.7536
GBPCPCFC_00641,gnl|Prokka|GBPCPCFC_12,75,73539,0.0323,785.76,849.0091,0.778,0.0,0.3302,-0.4512,321,-0.5474,-0.7739,0.3021,0,0,-0.0375,0.5724,-0.0419,0.5281,0.3084,-0.928,-0.6785
GBPCPCFC_00642,gnl|Prokka|GBPCPCFC_12,75,73539,0.0323,785.76,849.0091,0.778,0.0,0.3302,-0.4512,1095,0.3642,0.2825,0.2936,0,0,0.0889,0.1561,0.2237,0.0003,0.3699,0.8772,-0.1301
GBPCPCFC_00643,gnl|Prokka|GBPCPCFC_12,75,73539,0.0323,785.76,849.0091,0.778,0.0,0.3302,-0.4512,2367,1.8625,2.0187,0.2516,0,0,0.136,0.0296,0.2646,0.0,0.3342,-0.1711,-0.4486
GBPCPCFC_00644,gnl|Prokka|GBPCPCFC_12,75,73539,0.0323,785.76,849.0091,0.778,0.0,0.3302,-0.4512,186,-0.7064,-0.9582,0.1798,0,0,0.0791,0.2941,0.0067,0.9294,0.3333,-0.1959,-0.4561
GBPCPCFC_00645,gnl|Prokka|GBPCPCFC_12,75,73539,0.0323,785.76,849.0091,0.778,0.0,0.3302,-0.4512,465,-0.3778,-0.5774,0.1575,0,0,0.112,0.0784,0.1775,0.0051,0.3161,-0.7013,-0.6096
GBPCPCFC_00646,gnl|Prokka|GBPCPCFC_12,75,73539,0.0323,785.76,849.0091,0.778,0.0,0.3302,-0.4512,315,-0.5545,-0.7821,0.1443,0,0,0.2224,0.0012,0.2588,0.0002,0.3206,-0.5689,-0.5694
GBPCPCFC_00647,gnl|Prokka|GBPCPCFC_12,75,73539,0.0323,785.76,849.0091,0.778,0.0,0.3302,-0.4512,213,-0.6746,-0.9213,0.1237,0,0,0.0934,0.1908,0.1274,0.0736,0.2864,-1.575,-0.8751
GBPCPCFC_00648,gnl|Prokka|GBPCPCFC_12,75,73539,0.0323,785.76,849.0091,0.778,0.0,0.3302,-0.4512,243,-0.6393,-0.8804,0.1096,0,0,0.1128,0.1074,0.1159,0.0979,0.3621,0.6503,-0.199
GBPCPCFC_00649,gnl|Prokka|GBPCPCFC_12,75,73539,0.0323,785.76,849.0091,0.778,0.0,0.3302,-0.4512,117,-0.7877,-1.0524,0.0977,0,0,0.3178,0.0005,0.4125,0.0,0.2735,-1.9534,-0.9901
GBPCPCFC_00650,gnl|Prokka|GBPCPCFC_12,75,73539,0.0323,785.76,849.0091,0.778,0.0,0.3302,-0.4512,5052,5.025,5.6834,0.0831,0,0,0.4627,0.0,0.5409,0.0,0.3818,1.2287,-0.0233
GBPCPCFC_00651,gnl|Prokka|GBPCPCFC_12,75,73539,0.0323,785.76,849.0091,0.778,0.0,0.3302,-0.4512,342,-0.5227,-0.7453,0.065,0,0,0.0903,0.1851,0.1418,0.0369,0.3099,-0.883,-0.6649
GBPCPCFC_00652,gnl|Prokka|GBPCPCFC_12,75,73539,0.0323,785.76,849.0091,0.778,0.0,0.3302,-0.4512,351,-0.5121,-0.733,0.0744,0,0,0.0985,0.1463,0.1429,0.0346,0.3419,0.0552,-0.3798
GBPCPCFC_00653,gnl|Prokka|GBPCPCFC_12,75,73539,0.0323,785.76,849.0091,0.778,0.0,0.3302,-0.4512,1533,0.8801,0.8803,0.1183,0,0,0.1498,0.0164,0.2435,0.0001,0.3744,1.0113,-0.0893
GBPCPCFC_00654,gnl|Prokka|GBPCPCFC_12,75,73539,0.0323,785.76,849.0091,0.778,0.0,0.3302,-0.4512,2547,2.0745,2.2643,0.1877,0,0,0.3445,0.0,0.4484,0.0,0.3659,0.7614,-0.1652
GBPCPCFC_00655,gnl|Prokka|GBPCPCFC_12,75,73539,0.0323,785.76,849.0091,0.778,0.0,0.3302,-0.4512,1095,0.3642,0.2825,0.2206,0,0,0.0889,0.1561,0.2237,0.0003,0.3699,0.8772,-0.1301
GBPCPCFC_00656,gnl|Prokka|GBPCPCFC_12,75,73539,0.0323,785.76,849.0091,0.778,0.0,0.3302,-0.4512,246,-0.6358,-0.8763,0.2289,0,0,0.1109,0.1309,0.094,0.2009,0.3577,0.5206,-0.2384
GBPCPCFC_00657,gnl|Prokka|GBPCPCFC_12,75,73539,0.0323,785.76,849.0091,0.778,0.0,0.3302,-0.4512,1014,0.2688,0.1719,0.2568,0,0,0.0387,0.5443,0.0689,0.2798,0.3067,-0.9781,-0.6937
GBPCPCFC_00658,gnl|Prokka|GBPCPCFC_12,75,73539,0.0323,785.76,849.0091,0.778,0.0,0.3302,-0.4512,1071,0.336,0.2497,0.2865,0,0,0.2509,0.0,0.2818,0.0,0.3529,0.3801,-0.2811
GBPCPCFC_00659,gnl|Prokka|GBPCPCFC_12,75,73539,0.0323,785.76,849.0091,0.778,0.0,0.3302,-0.4512,1011,0.2653,0.1678,0.3136,0,0,0.2648,0.0,0.2714,0.0,0.3739,0.9954,-0.0941
GBPCPCFC_00660,gnl|Prokka|GBPCPCFC_12,75,73539,0.0323,785.76,849.0091,0.778,0.0,0.3302,-0.4512,726,-0.0704,-0.2212,0.3329,0,0,0.3071,0.0,0.3415,0.0,0.3554,0.4515,-0.2594
GBPCPCFC_00661,gnl|Prokka|GBPCPCFC_12,75,73539,0.0323,785.76,849.0091,0.778,0.0,0.3302,-0.4512,1083,0.3501,0.2661,0.3615,0,0,0.2109,0.0007,0.2616,0.0,0.3841,1.2959,-0.0028
GBPCPCFC_00662,gnl|Prokka|GBPCPCFC_12,75,73539,0.0323,785.76,849.0091,0.778,0.0,0.3302,-0.4512,717,-0.081,-0.2334,0.3821,0,0,0.4034,0.0,0.386,0.0,0.3264,-0.4007,-0.5183
GBPCPCFC_00663,gnl|Prokka|GBPCPCFC_12,75,73539,0.0323,785.76,849.0091,0.778,0.0,0.3302,-0.4512,1095,0.3642,0.2825,0.4156,0,0,0.1185,0.0583,0.3104,0.0,0.3699,0.8772,-0.1301
GBPCPCFC_00664,gnl|Prokka|GBPCPCFC_12,75,73539,0.0323,785.76,849.0091,0.778,0.0,0.3302,-0.4512,2076,1.5197,1.6215,0.4774,0,0,0.1736,0.0053,0.2793,0.0,0.3126,-0.8043,-0.641
GBPCPCFC_00665,gnl|Prokka|GBPCPCFC_12,75,73539,0.0323,785.76,849.0091,0.778,0.0,0.3302,-0.4512,465,-0.3778,-0.5774,0.5001,0,0,0.1201,0.0632,0.1905,0.0031,0.314,-0.7644,-0.6288
GBPCPCFC_00666,gnl|Prokka|GBPCPCFC_12,75,73539,0.0323,785.76,849.0091,0.778,0.0,0.3302,-0.4512,426,-0.4237,-0.6306,0.5121,0,0,-0.1127,0.0808,-0.0245,0.7046,0.3005,-1.1613,-0.7494
GBPCPCFC_00667,gnl|Prokka|GBPCPCFC_12,75,73539,0.0323,785.76,849.0091,0.778,0.0,0.3302,-0.4512,975,0.2229,0.1187,0.5531,0,0,0.0453,0.4844,0.0779,0.2285,0.281,-1.7324,-0.923
GBPCPCFC_00668,gnl|Prokka|GBPCPCFC_12,75,73539,0.0323,785.76,849.0091,0.778,0.0,0.3302,-0.4512,819,0.0392,-0.0942,0.5753,0,0,0.2166,0.0005,0.1929,0.0019,0.2979,-1.236,-0.7721
GBPCPCFC_00669,gnl|Prokka|GBPCPCFC_12,75,73539,0.0323,785.76,849.0091,0.778,0.0,0.3302,-0.4512,1095,0.3642,0.2825,0.6111,0,0,0.1185,0.0583,0.3104,0.0,0.3699,0.8772,-0.1301
GBPCPCFC_00670,gnl|Prokka|GBPCPCFC_12,75,73539,0.0323,785.76,849.0091,0.778,0.0,0.3302,-0.4512,579,-0.2435,-0.4218,0.6271,0,0,0.1155,0.0695,0.1606,0.0113,0.3368,-0.0944,-0.4253
GBPCPCFC_00671,gnl|Prokka|GBPCPCFC_12,75,73539,0.0323,785.76,849.0091,0.778,0.0,0.3302,-0.4512,1914,1.3289,1.4004,0.6835,0,0,0.2836,0.0,0.3211,0.0,0.3004,-1.1628,-0.7499
GBPCPCFC_00672,gnl|Prokka|GBPCPCFC_12,75,73539,0.0323,785.76,849.0091,0.778,0.0,0.3302,-0.4512,144,-0.7559,-1.0155,0.6942,0,0,0.0667,0.4004,0.181,0.0216,0.3056,-1.0119,-0.704
GBPCPCFC_00673,gnl|Prokka|GBPCPCFC_12,75,73539,0.0323,785.76,849.0091,0.778,0.0,0.3302,-0.4512,636,-0.1764,-0.344,0.7132,0,0,0.2265,0.0003,0.3145,0.0,0.3255,-0.4268,-0.5263
GBPCPCFC_00674,gnl|Prokka|GBPCPCFC_12,75,73539,0.0323,785.76,849.0091,0.778,0.0,0.3302,-0.4512,447,-0.399,-0.602,0.7363,0,0,0.0539,0.3906,0.136,0.0296,0.3378,-0.0645,-0.4162
GBPCPCFC_00675,gnl|Prokka|GBPCPCFC_12,75,73539,0.0323,785.76,849.0091,0.778,0.0,0.3302,-0.4512,1401,0.7247,0.7002,0.7826,0,0,0.0882,0.1593,0.1576,0.0116,0.3526,0.3702,-0.2841
GBPCPCFC_00676,gnl|Prokka|GBPCPCFC_12,75,73539,0.0323,785.76,849.0091,0.778,0.0,0.3302,-0.4512,483,-0.3566,-0.5528,0.8142,0,0,0.078,0.2207,0.1064,0.0946,0.354,0.4123,-0.2713
GBPCPCFC_00677,gnl|Prokka|GBPCPCFC_12,75,73539,0.0323,785.76,849.0091,0.778,0.0,0.3302,-0.4512,120,-0.7842,-1.0483,0.8243,0,0,-0.1282,0.1904,-0.1028,0.2942,0.2167,-3.623,-1.4974
GBPCPCFC_00678,gnl|Prokka|GBPCPCFC_12,75,73539,0.0323,785.76,849.0091,0.778,0.0,0.3302,-0.4512,342,-0.5227,-0.7453,0.8348,0,0,0.0668,0.3173,0.1722,0.0095,0.3304,-0.2818,-0.4822
GBPCPCFC_00679,gnl|Prokka|GBPCPCFC_12,75,73539,0.0323,785.76,849.0091,0.778,0.0,0.3302,-0.4512,186,-0.7064,-0.9582,0.8492,0,0,-0.1659,0.0343,-0.0989,0.2089,0.3495,0.2779,-0.3121
GBPCPCFC_00680,gnl|Prokka|GBPCPCFC_12,75,73539,0.0323,785.76,849.0091,0.778,0.0,0.3302,-0.4512,249,-0.6322,-0.8722,0.857,0,0,0.1424,0.0294,0.2377,0.0002,0.3976,1.6917,0.1174
GBPCPCFC_00681,gnl|Prokka|GBPCPCFC_12,75,73539,0.0323,785.76,849.0091,0.778,0.0,0.3302,-0.4512,186,-0.7064,-0.9582,0.8666,0,0,0.0443,0.5087,0.199,0.0027,0.4247,2.4889,0.3596
GBPCPCFC_00682,gnl|Prokka|GBPCPCFC_12,75,73539,0.0323,785.76,849.0091,0.778,0.0,0.3302,-0.4512,162,-0.7347,-0.991,0.8742,0,0,0.0451,0.5442,0.0334,0.6539,0.2901,-1.4652,-0.8418
GBPCPCFC_00683,gnl|Prokka|GBPCPCFC_12,75,73539,0.0323,785.76,849.0091,0.778,0.0,0.3302,-0.4512,315,-0.5545,-0.7821,0.8842,0,0,0.0877,0.1831,0.1437,0.0287,0.3238,-0.4757,-0.5411
GBPCPCFC_00684,gnl|Prokka|GBPCPCFC_12,75,73539,0.0323,785.76,849.0091,0.778,0.0,0.3302,-0.4512,171,-0.7241,-0.9787,0.8947,0,0,0.1261,0.0917,0.111,0.138,0.3275,-0.3677,-0.5083
GBPCPCFC_00685,gnl|Prokka|GBPCPCFC_12,75,73539,0.0323,785.76,849.0091,0.778,0.0,0.3302,-0.4512,117,-0.7877,-1.0524,0.9016,0,0,0.0236,0.7939,0.0247,0.7842,0.3248,-0.447,-0.5324
GBPCPCFC_00686,gnl|Prokka|GBPCPCFC_12,75,73539,0.0323,785.76,849.0091,0.778,0.0,0.3302,-0.4512,129,-0.7736,-1.036,0.9123,0,0,0.2108,0.0061,0.3005,0.0001,0.3798,1.1704,-0.041
GBPCPCFC_00687,gnl|Prokka|GBPCPCFC_12,75,73539,0.0323,785.76,849.0091,0.778,0.0,0.3302,-0.4512,519,-0.3142,-0.5037,0.9263,0,0,0.1965,0.0022,0.2837,0.0,0.3699,0.8795,-0.1294
GBPCPCFC_00688,gnl|Prokka|GBPCPCFC_12,75,73539,0.0323,785.76,849.0091,0.778,0.0,0.3302,-0.4512,771,-0.0174,-0.1597,0.9504,0,0,0.1447,0.0227,0.194,0.0021,0.2866,-1.5675,-0.8728
GBPCPCFC_00689,gnl|Prokka|GBPCPCFC_12,75,73539,0.0323,785.76,849.0091,0.778,0.0,0.3302,-0.4512,432,-0.4167,-0.6224,0.9618,0,0,0.0744,0.2694,0.1745,0.0092,0.3102,-0.8759,-0.6627
GBPCPCFC_00690,gnl|Prokka|GBPCPCFC_12,75,73539,0.0323,785.76,849.0091,0.778,0.0,0.3302,-0.4512,120,-0.7842,-1.0483,0.965,0,0,0.0823,0.3338,0.0039,0.9636,0.3417,0.0489,-0.3817
GBPCPCFC_00691,gnl|Prokka|GBPCPCFC_12,75,73539,0.0323,785.76,849.0091,0.778,0.0,0.3302,-0.4512,1095,0.3642,0.2825,0.9951,1,0,0.0889,0.1561,0.2237,0.0003,0.3699,0.8772,-0.1301
GBPCPCFC_00001,gnl|Prokka|GBPCPCFC_1,123,94577,0.0416,627.2683,546.937,0.738,0.0,0.3252,-0.4982,96,-0.9714,-1.081,0.995,1,0,0.029,0.7353,0.1379,0.1067,0.4167,2.8341,0.2877
GBPCPCFC_00002,gnl|Prokka|GBPCPCFC_1,123,94577,0.0416,627.2683,546.937,0.738,0.0,0.3252,-0.4982,369,-0.4722,-0.7084,0.9826,0,0,-0.0263,0.6979,0.0616,0.3621,0.3279,-0.0986,-0.5045
GBPCPCFC_00003,gnl|Prokka|GBPCPCFC_1,123,94577,0.0416,627.2683,546.937,0.738,0.0,0.3252,-0.4982,246,-0.6971,-0.8763,0.975,0,0,-0.0162,0.8126,-0.016,0.815,0.3455,0.4835,-0.3473
GBPCPCFC_00004,gnl|Prokka|GBPCPCFC_1,123,94577,0.0416,627.2683,546.937,0.738,0.0,0.3252,-0.4982,288,-0.6203,-0.819,0.9654,0,0,0.0505,0.4638,0.1687,0.0137,0.2882,-1.411,-0.859
GBPCPCFC_00005,gnl|Prokka|GBPCPCFC_1,123,94577,0.0416,627.2683,546.937,0.738,0.0,0.3252,-0.4982,96,-0.9714,-1.081,0.9602,0,0,0.0953,0.268,0.034,0.6932,0.3958,2.1457,0.1017
GBPCPCFC_00006,gnl|Prokka|GBPCPCFC_1,123,94577,0.0416,627.2683,546.937,0.738,0.0,0.3252,-0.4982,165,-0.8452,-0.9869,0.9587,0,0,0.086,0.2733,0.0757,0.335,0.3152,-0.5203,-0.6184
GBPCPCFC_00007,gnl|Prokka|GBPCPCFC_1,123,94577,0.0416,627.2683,546.937,0.738,0.0,0.3252,-0.4982,135,-0.9,-1.0278,0.9505,0,0,0.0096,0.9136,-0.0895,0.313,0.237,-3.1014,-1.3156
GBPCPCFC_00008,gnl|Prokka|GBPCPCFC_1,123,94577,0.0416,627.2683,546.937,0.738,0.0,0.3252,-0.4982,162,-0.8507,-0.991,0.9454,0,0,0.1871,0.0092,0.1737,0.0157,0.4259,3.14,0.3703
GBPCPCFC_00009,gnl|Prokka|GBPCPCFC_1,123,94577,0.0416,627.2683,546.937,0.738,0.0,0.3252,-0.4982,255,-0.6806,-0.864,0.9418,0,0,-0.0273,0.6897,0.0189,0.7825,0.3647,1.1172,-0.1761
GBPCPCFC_00010,gnl|Prokka|GBPCPCFC_1,123,94577,0.0416,627.2683,546.937,0.738,0.0,0.3252,-0.4982,288,-0.6203,-0.819,0.9345,0,0,0.0334,0.637,0.0844,0.2326,0.3333,0.0805,-0.4561
GBPCPCFC_00011,gnl|Prokka|GBPCPCFC_1,123,94577,0.0416,627.2683,546.937,0.738,0.0,0.3252,-0.4982,1395,1.4037,0.692,0.9216,0,0,0.3073,0.0,0.3196,0.0,0.3477,0.5542,-0.3281
GBPCPCFC_00012,gnl|Prokka|GBPCPCFC_1,123,94577,0.0416,627.2683,546.937,0.738,0.0,0.3252,-0.4982,573,-0.0992,-0.43,0.8921,0,0,0.1206,0.0579,0.2217,0.0004,0.3682,1.2338,-0.1446
GBPCPCFC_00013,gnl|Prokka|GBPCPCFC_1,123,94577,0.0416,627.2683,546.937,0.738,0.0,0.3252,-0.4982,345,-0.5161,-0.7412,0.8795,0,0,0.1002,0.1214,0.1333,0.0391,0.3623,1.0383,-0.1974
GBPCPCFC_00014,gnl|Prokka|GBPCPCFC_1,123,94577,0.0416,627.2683,546.937,0.738,0.0,0.3252,-0.4982,276,-0.6422,-0.8354,0.872,0,0,0.1222,0.0744,0.1032,0.1324,0.3333,0.0805,-0.4561
GBPCPCFC_00015,gnl|Prokka|GBPCPCFC_1,123,94577,0.0416,627.2683,546.937,0.738,0.0,0.3252,-0.4982,105,-0.9549,-1.0688,0.8657,0,0,-0.1204,0.1396,-0.0576,0.4807,0.3238,-0.2342,-0.5411
GBPCPCFC_00016,gnl|Prokka|GBPCPCFC_1,123,94577,0.0416,627.2683,546.937,0.738,0.0,0.3252,-0.4982,171,-0.8342,-0.9787,0.8635,0,0,0.0828,0.2874,0.1195,0.1239,0.3275,-0.1127,-0.5083
GBPCPCFC_00017,gnl|Prokka|GBPCPCFC_1,123,94577,0.0416,627.2683,546.937,0.738,0.0,0.3252,-0.4982,255,-0.6806,-0.864,0.858,0,0,0.1819,0.0061,0.1947,0.0033,0.3804,1.6355,-0.0361
GBPCPCFC_00018,gnl|Prokka|GBPCPCFC_1,123,94577,0.0416,627.2683,546.937,0.738,0.0,0.3252,-0.4982,207,-0.7684,-0.9295,0.8527,0,0,-0.0819,0.264,-0.1644,0.0242,0.2995,-1.0369,-0.7579
GBPCPCFC_00019,gnl|Prokka|GBPCPCFC_1,123,94577,0.0416,627.2683,546.937,0.738,0.0,0.3252,-0.4982,1572,1.7273,0.9336,0.847,0,0,0.222,0.0003,0.2239,0.0003,0.3448,0.4589,-0.3539
GBPCPCFC_00020,gnl|Prokka|GBPCPCFC_1,123,94577,0.0416,627.2683,546.937,0.738,0.0,0.3252,-0.4982,141,-0.8891,-1.0196,0.8101,0,0,0.296,0.0009,0.3903,0.0,0.2766,-1.7943,-0.9625
GBPCPCFC_00021,gnl|Prokka|GBPCPCFC_1,123,94577,0.0416,627.2683,546.937,0.738,0.0,0.3252,-0.4982,399,-0.4174,-0.6675,0.8069,0,0,0.0273,0.6682,0.0616,0.3333,0.3083,-0.7476,-0.6798
GBPCPCFC_00022,gnl|Prokka|GBPCPCFC_1,123,94577,0.0416,627.2683,546.937,0.738,0.0,0.3252,-0.4982,909,0.5151,0.0286,0.7978,0,0,0.1535,0.0154,0.2948,0.0,0.3333,0.0805,-0.4561
GBPCPCFC_00023,gnl|Prokka|GBPCPCFC_1,123,94577,0.0416,627.2683,546.937,0.738,0.0,0.3252,-0.4982,324,-0.5545,-0.7698,0.7741,0,0,0.0348,0.6146,0.0548,0.4274,0.3827,1.7123,-0.0153
GBPCPCFC_00024,gnl|Prokka|GBPCPCFC_1,123,94577,0.0416,627.2683,546.937,0.738,0.0,0.3252,-0.4982,558,-0.1266,-0.4505,0.7619,0,0,0.1528,0.0196,0.309,0.0,0.3065,-0.8077,-0.696
GBPCPCFC_00025,gnl|Prokka|GBPCPCFC_1,123,94577,0.0416,627.2683,546.937,0.738,0.0,0.3252,-0.4982,240,-0.7081,-0.8845,0.7482,0,0,0.1679,0.0189,0.1759,0.0139,0.2833,-1.5716,-0.9024
GBPCPCFC_00026,gnl|Prokka|GBPCPCFC_1,123,94577,0.0416,627.2683,546.937,0.738,0.0,0.3252,-0.4982,2118,2.7256,1.6788,0.7432,0,0,0.229,0.0002,0.2589,0.0,0.3536,0.7514,-0.2749
GBPCPCFC_00027,gnl|Prokka|GBPCPCFC_1,123,94577,0.0416,627.2683,546.937,0.738,0.0,0.3252,-0.4982,765,0.2518,-0.1679,0.6923,0,0,0.0547,0.3838,0.2107,0.0007,0.3634,1.074,-0.1878
GBPCPCFC_00028,gnl|Prokka|GBPCPCFC_1,123,94577,0.0416,627.2683,546.937,0.738,0.0,0.3252,-0.4982,1293,1.2172,0.5527,0.6749,0,0,0.1883,0.0025,0.3504,0.0,0.3527,0.7194,-0.2835
GBPCPCFC_00029,gnl|Prokka|GBPCPCFC_1,123,94577,0.0416,627.2683,546.937,0.738,0.0,0.3252,-0.4982,354,-0.4996,-0.7289,0.6471,0,0,0.0275,0.6854,0.0994,0.1417,0.3644,1.1073,-0.1788
GBPCPCFC_00030,gnl|Prokka|GBPCPCFC_1,123,94577,0.0416,627.2683,546.937,0.738,0.0,0.3252,-0.4982,1599,1.7767,0.9704,0.6382,0,0,0.1755,0.0049,0.2883,0.0,0.3821,1.6924,-0.0207
GBPCPCFC_00031,gnl|Prokka|GBPCPCFC_1,123,94577,0.0416,627.2683,546.937,0.738,0.0,0.3252,-0.4982,300,-0.5984,-0.8026,0.5936,0,0,0.0959,0.1713,0.0869,0.2152,0.34,0.3008,-0.3966
GBPCPCFC_00032,gnl|Prokka|GBPCPCFC_1,123,94577,0.0416,627.2683,546.937,0.738,0.0,0.3252,-0.4982,1182,1.0143,0.4012,0.5851,0,0,0.2302,0.0002,0.1957,0.0017,0.3553,0.8073,-0.2598
GBPCPCFC_00033,gnl|Prokka|GBPCPCFC_1,123,94577,0.0416,627.2683,546.937,0.738,0.0,0.3252,-0.4982,537,-0.165,-0.4791,0.5594,0,0,0.1721,0.0125,0.1982,0.0039,0.3184,-0.4117,-0.5891
GBPCPCFC_00034,gnl|Prokka|GBPCPCFC_1,123,94577,0.0416,627.2683,546.937,0.738,0.0,0.3252,-0.4982,297,-0.6039,-0.8067,0.5245,0,0,0.2079,0.0079,0.2942,0.0001,0.2525,-2.5896,-1.1773
GBPCPCFC_00035,gnl|Prokka|GBPCPCFC_1,123,94577,0.0416,627.2683,546.937,0.738,0.0,0.3252,-0.4982,282,-0.6313,-0.8272,0.5109,0,0,-0.0658,0.3013,0.0321,0.6143,0.3688,1.2522,-0.1396
GBPCPCFC_00036,gnl|Prokka|GBPCPCFC_1,123,94577,0.0416,627.2683,546.937,0.738,0.0,0.3252,-0.4982,264,-0.6642,-0.8517,0.5052,0,0,0.066,0.2929,0.057,0.3636,0.4015,2.3334,0.1524
GBPCPCFC_00037,gnl|Prokka|GBPCPCFC_1,123,94577,0.0416,627.2683,546.937,0.738,0.0,0.3252,-0.4982,144,-0.8836,-1.0155,0.4946,0,0,0.0819,0.3093,0.1027,0.2022,0.3056,-0.8373,-0.704
GBPCPCFC_00038,gnl|Prokka|GBPCPCFC_1,123,94577,0.0416,627.2683,546.937,0.738,0.0,0.3252,-0.4982,558,-0.1266,-0.4505,0.4906,0,0,0.0452,0.4852,0.0052,0.9363,0.328,-0.0971,-0.5041
GBPCPCFC_00039,gnl|Prokka|GBPCPCFC_1,123,94577,0.0416,627.2683,546.937,0.738,0.0,0.3252,-0.4982,327,-0.549,-0.7657,0.4739,0,0,0.2707,0.0001,0.2772,0.0001,0.2997,-1.031,-0.7563
GBPCPCFC_00040,gnl|Prokka|GBPCPCFC_1,123,94577,0.0416,627.2683,546.937,0.738,0.0,0.3252,-0.4982,390,-0.4338,-0.6798,0.4672,0,0,0.0432,0.518,0.153,0.0214,0.341,0.3347,-0.3874
GBPCPCFC_00041,gnl|Prokka|GBPCPCFC_1,123,94577,0.0416,627.2683,546.937,0.738,0.0,0.3252,-0.4982,774,0.2683,-0.1556,0.4478,0,0,0.1365,0.0313,0.1569,0.0132,0.2713,-1.9686,-1.0096
GBPCPCFC_00042,gnl|Prokka|GBPCPCFC_1,123,94577,0.0416,627.2683,546.937,0.738,0.0,0.3252,-0.4982,321,-0.56,-0.7739,0.4316,0,0,-0.0057,0.9344,0.1032,0.1353,0.2399,-3.0076,-1.2902
GBPCPCFC_00043,gnl|Prokka|GBPCPCFC_1,123,94577,0.0416,627.2683,546.937,0.738,0.0,0.3252,-0.4982,1095,0.8552,0.2825,0.424,0,0,0.0889,0.1561,0.2192,0.0004,0.3699,1.2876,-0.1301
GBPCPCFC_00044,gnl|Prokka|GBPCPCFC_1,123,94577,0.0416,627.2683,546.937,0.738,0.0,0.3252,-0.4982,177,-0.8233,-0.9705,0.3941,0,0,-0.0404,0.6084,-0.047,0.5515,0.3051,-0.8529,-0.7082
GBPCPCFC_00045,gnl|Prokka|GBPCPCFC_1,123,94577,0.0416,627.2683,546.937,0.738,0.0,0.3252,-0.4982,2409,3.2577,2.076,0.3873,0,0,0.0895,0.1533,0.2473,0.0001,0.3304,-0.0155,-0.482
GBPCPCFC_00046,gnl|Prokka|GBPCPCFC_1,123,94577,0.0416,627.2683,546.937,0.738,0.0,0.3252,-0.4982,729,0.186,-0.2171,0.3366,0,0,0.0846,0.1842,0.1036,0.1035,0.2538,-2.5484,-1.1662
GBPCPCFC_00047,gnl|Prokka|GBPCPCFC_1,123,94577,0.0416,627.2683,546.937,0.738,0.0,0.3252,-0.4982,1095,0.8552,0.2825,0.3206,0,0,0.0889,0.1561,0.2192,0.0004,0.3699,1.2876,-0.1301
GBPCPCFC_00048,gnl|Prokka|GBPCPCFC_1,123,94577,0.0416,627.2683,546.937,0.738,0.0,0.3252,-0.4982,153,-0.8671,-1.0032,0.2962,0,0,-0.039,0.6224,-0.0877,0.2674,0.3007,-0.9993,-0.7478
GBPCPCFC_00049,gnl|Prokka|GBPCPCFC_1,123,94577,0.0416,627.2683,546.937,0.738,0.0,0.3252,-0.4982,378,-0.4558,-0.6961,0.2931,0,0,0.045,0.4955,0.1558,0.0176,0.3201,-0.3566,-0.5742
GBPCPCFC_00050,gnl|Prokka|GBPCPCFC_1,123,94577,0.0416,627.2683,546.937,0.738,0.0,0.3252,-0.4982,135,-0.9,-1.0278,0.2833,0,0,0.2313,0.0098,0.1689,0.0608,0.237,-3.1014,-1.3156
GBPCPCFC_00051,gnl|Prokka|GBPCPCFC_1,123,94577,0.0416,627.2683,546.937,0.738,0.0,0.3252,-0.4982,285,-0.6258,-0.8231,0.2803,0,0,0.0116,0.8762,0.0256,0.7313,0.2281,-3.3977,-1.3956
GBPCPCFC_00052,gnl|Prokka|GBPCPCFC_1,123,94577,0.0416,627.2683,546.937,0.738,0.0,0.3252,-0.4982,288,-0.6203,-0.819,0.2641,0,0,0.0426,0.5288,0.0386,0.5685,0.309,-0.7226,-0.673
GBPCPCFC_00053,gnl|Prokka|GBPCPCFC_1,123,94577,0.0416,627.2683,546.937,0.738,0.0,0.3252,-0.4982,396,-0.4228,-0.6716,0.2576,0,0,-0.0787,0.2234,-0.0787,0.2232,0.3434,0.4143,-0.3659
GBPCPCFC_00054,gnl|Prokka|GBPCPCFC_1,123,94577,0.0416,627.2683,546.937,0.738,0.0,0.3252,-0.4982,183,-0.8123,-0.9623,0.248,0,0,0.0678,0.3552,0.0447,0.5428,0.3661,1.1639,-0.1635
GBPCPCFC_00055,gnl|Prokka|GBPCPCFC_1,123,94577,0.0416,627.2683,546.937,0.738,0.0,0.3252,-0.4982,102,-0.9604,-1.0729,0.244,0,0,0.1686,0.0542,0.1949,0.0257,0.3235,-0.2434,-0.5436
GBPCPCFC_00056,gnl|Prokka|GBPCPCFC_1,123,94577,0.0416,627.2683,546.937,0.738,0.0,0.3252,-0.4982,1449,1.5024,0.7657,0.2374,0,0,0.1061,0.0902,0.2194,0.0004,0.3361,0.1717,-0.4315
GBPCPCFC_00057,gnl|Prokka|GBPCPCFC_1,123,94577,0.0416,627.2683,546.937,0.738,0.0,0.3252,-0.4982,396,-0.4228,-0.6716,0.2057,0,0,0.1642,0.0148,0.1698,0.0116,0.3182,-0.4201,-0.5913
GBPCPCFC_00058,gnl|Prokka|GBPCPCFC_1,123,94577,0.0416,627.2683,546.937,0.738,0.0,0.3252,-0.4982,411,-0.3954,-0.6511,0.1982,0,0,0.0114,0.8627,0.0242,0.713,0.3114,-0.643,-0.6515
GBPCPCFC_00059,gnl|Prokka|GBPCPCFC_1,123,94577,0.0416,627.2683,546.937,0.738,0.0,0.3252,-0.4982,1662,1.8919,1.0564,0.1863,0,0,0.2138,0.0006,0.2839,0.0,0.2948,-1.1919,-0.7998
GBPCPCFC_00060,gnl|Prokka|GBPCPCFC_1,123,94577,0.0416,627.2683,546.937,0.738,0.0,0.3252,-0.4982,285,-0.6258,-0.8231,0.1494,0,0,0.0887,0.1931,0.0645,0.3447,0.3368,0.1965,-0.4248
GBPCPCFC_00061,gnl|Prokka|GBPCPCFC_1,123,94577,0.0416,627.2683,546.937,0.738,0.0,0.3252,-0.4982,438,-0.3461,-0.6142,0.1429,0,0,0.0844,0.1925,0.0639,0.3243,0.3219,-0.2967,-0.558
GBPCPCFC_00062,gnl|Prokka|GBPCPCFC_1,123,94577,0.0416,627.2683,546.937,0.738,0.0,0.3252,-0.4982,858,0.4219,-0.041,0.1243,0,0,0.2198,0.0005,0.2495,0.0001,0.3322,0.042,-0.4665
GBPCPCFC_00063,gnl|Prokka|GBPCPCFC_1,123,94577,0.0416,627.2683,546.937,0.738,0.0,0.3252,-0.4982,1122,0.9045,0.3193,0.1041,0,0,0.241,0.0001,0.2902,0.0,0.3182,-0.4201,-0.5913
GBPCPCFC_00064,gnl|Prokka|GBPCPCFC_1,123,94577,0.0416,627.2683,546.937,0.738,0.0,0.3252,-0.4982,642,0.0269,-0.3358,0.0806,0,0,0.0459,0.4906,0.1571,0.0176,0.3364,0.1835,-0.4283
GBPCPCFC_00065,gnl|Prokka|GBPCPCFC_1,123,94577,0.0416,627.2683,546.937,0.738,0.0,0.3252,-0.4982,1278,1.1898,0.5323,0.0666,0,0,0.1818,0.0035,0.2414,0.0001,0.3607,0.9854,-0.2117
GBPCPCFC_00066,gnl|Prokka|GBPCPCFC_1,123,94577,0.0416,627.2683,546.937,0.738,0.0,0.3252,-0.4982,129,-0.911,-1.036,0.0346,0,0,-0.0405,0.5919,0.0241,0.7497,0.3333,0.0805,-0.4561
GBPCPCFC_00067,gnl|Prokka|GBPCPCFC_1,123,94577,0.0416,627.2683,546.937,0.738,0.0,0.3252,-0.4982,1095,0.8552,0.2825,0.0305,0,0,0.1185,0.0583,0.1145,0.0673,0.3699,1.2876,-0.1301
GBPCPCFC_00068,gnl|Prokka|GBPCPCFC_1,123,94577,0.0416,627.2683,546.937,0.738,0.0,0.3252,-0.4982,1194,1.0362,0.4176,0.0188,0,0,0.3298,0.0,0.3938,0.0,0.3467,0.5233,-0.3365
GBPCPCFC_00069,gnl|Prokka|GBPCPCFC_1,123,94577,0.0416,627.2683,546.937,0.738,0.0,0.3252,-0.4982,1107,0.8771,0.2989,0.0426,0,0,0.1352,0.0333,0.1895,0.0027,0.3135,-0.5762,-0.6335
GBPCPCFC_00070,gnl|Prokka|GBPCPCFC_1,123,94577,0.0416,627.2683,546.937,0.738,0.0,0.3252,-0.4982,717,0.1641,-0.2334,0.0583,0,0,0.1852,0.0039,0.1816,0.0047,0.2999,-1.0255,-0.7548
GBPCPCFC_00071,gnl|Prokka|GBPCPCFC_1,123,94577,0.0416,627.2683,546.937,0.738,0.0,0.3252,-0.4982,294,-0.6093,-0.8108,0.0678,0,0,0.2466,0.0003,0.2679,0.0001,0.2619,-2.2797,-1.0936
GBPCPCFC_00072,gnl|Prokka|GBPCPCFC_1,123,94577,0.0416,627.2683,546.937,0.738,0.0,0.3252,-0.4982,648,0.0379,-0.3276,0.0812,0,0,0.1838,0.0037,0.1631,0.0101,0.3225,-0.2764,-0.5525
GBPCPCFC_00073,gnl|Prokka|GBPCPCFC_1,123,94577,0.0416,627.2683,546.937,0.738,0.0,0.3252,-0.4982,513,-0.2089,-0.5119,0.098,0,0,0.0222,0.7429,0.0463,0.4933,0.2943,-1.2077,-0.8041
GBPCPCFC_00074,gnl|Prokka|GBPCPCFC_1,123,94577,0.0416,627.2683,546.937,0.738,0.0,0.3252,-0.4982,525,-0.187,-0.4955,0.1095,0,0,0.1032,0.1163,0.2086,0.0014,0.3162,-0.4859,-0.6091
GBPCPCFC_00075,gnl|Prokka|GBPCPCFC_1,123,94577,0.0416,627.2683,546.937,0.738,0.0,0.3252,-0.4982,438,-0.3461,-0.6142,0.1325,0,0,0.0743,0.2516,0.1582,0.0141,0.3219,-0.2967,-0.558
GBPCPCFC_00076,gnl|Prokka|GBPCPCFC_1,123,94577,0.0416,627.2683,546.937,0.738,0.0,0.3252,-0.4982,174,-0.8287,-0.9746,0.1367,0,0,-0.1041,0.1766,-0.0076,0.9216,0.3046,-0.869,-0.7126
GBPCPCFC_00077,gnl|Prokka|GBPCPCFC_1,123,94577,0.0416,627.2683,546.937,0.738,0.0,0.3252,-0.4982,255,-0.6806,-0.864,0.1511,0,0,-0.0081,0.9055,0.0241,0.723,0.3216,-0.3082,-0.5611
GBPCPCFC_00078,gnl|Prokka|GBPCPCFC_1,123,94577,0.0416,627.2683,546.937,0.738,0.0,0.3252,-0.4982,216,-0.7519,-0.9173,0.1557,0,0,-0.024,0.758,0.0773,0.321,0.3056,-0.8373,-0.704
GBPCPCFC_00079,gnl|Prokka|GBPCPCFC_1,123,94577,0.0416,627.2683,546.937,0.738,0.0,0.3252,-0.4982,123,-0.922,-1.0442,0.1652,0,0,-0.0956,0.2176,0.0032,0.9676,0.3984,2.2296,0.1244
GBPCPCFC_00080,gnl|Prokka|GBPCPCFC_1,123,94577,0.0416,627.2683,546.937,0.738,0.0,0.3252,-0.4982,375,-0.4612,-0.7002,0.1746,0,0,0.0219,0.7436,0.0987,0.1391,0.2987,-1.065,-0.7655
GBPCPCFC_00081,gnl|Prokka|GBPCPCFC_1,123,94577,0.0416,627.2683,546.937,0.738,0.0,0.3252,-0.4982,759,0.2409,-0.1761,0.206,0,0,0.0908,0.1475,0.1478,0.018,0.3109,-0.6596,-0.656
GBPCPCFC_00082,gnl|Prokka|GBPCPCFC_1,123,94577,0.0416,627.2683,546.937,0.738,0.0,0.3252,-0.4982,1095,0.8552,0.2825,0.2348,0,0,0.1087,0.0825,0.1177,0.06,0.3699,1.2876,-0.1301
GBPCPCFC_00083,gnl|Prokka|GBPCPCFC_1,123,94577,0.0416,627.2683,546.937,0.738,0.0,0.3252,-0.4982,1293,1.2172,0.5527,0.2664,0,0,0.181,0.0037,0.3456,0.0,0.355,0.7961,-0.2628
GBPCPCFC_00084,gnl|Prokka|GBPCPCFC_1,123,94577,0.0416,627.2683,546.937,0.738,0.0,0.3252,-0.4982,147,-0.8781,-1.0114,0.273,0,0,0.0375,0.6337,-0.0293,0.7092,0.2857,-1.493,-0.8811
GBPCPCFC_00085,gnl|Prokka|GBPCPCFC_1,123,94577,0.0416,627.2683,546.937,0.738,0.0,0.3252,-0.4982,363,-0.4832,-0.7166,0.2843,0,0,-0.0504,0.4874,0.0202,0.7806,0.2507,-2.6503,-1.1937
GBPCPCFC_00086,gnl|Prokka|GBPCPCFC_1,123,94577,0.0416,627.2683,546.937,0.738,0.0,0.3252,-0.4982,186,-0.8068,-0.9582,0.288,0,0,0.2192,0.007,0.1272,0.1209,0.2957,-1.163,-0.792
GBPCPCFC_00087,gnl|Prokka|GBPCPCFC_1,123,94577,0.0416,627.2683,546.937,0.738,0.0,0.3252,-0.4982,1743,2.04,1.167,0.3296,0,0,0.2522,0.0,0.2795,0.0,0.3167,-0.4693,-0.6046
GBPCPCFC_00088,gnl|Prokka|GBPCPCFC_1,123,94577,0.0416,627.2683,546.937,0.738,0.0,0.3252,-0.4982,1233,1.1075,0.4709,0.3576,0,0,0.2802,0.0,0.2921,0.0,0.3228,-0.2679,-0.5502
GBPCPCFC_00089,gnl|Prokka|GBPCPCFC_1,123,94577,0.0416,627.2683,546.937,0.738,0.0,0.3252,-0.4982,780,0.2792,-0.1474,0.3867,0,0,-0.0496,0.4367,0.0902,0.1567,0.2821,-1.614,-0.9138
GBPCPCFC_00090,gnl|Prokka|GBPCPCFC_1,123,94577,0.0416,627.2683,546.937,0.738,0.0,0.3252,-0.4982,1815,2.1716,1.2652,0.4249,0,0,-0.0097,0.8792,0.031,0.6264,0.3163,-0.4839,-0.6085
GBPCPCFC_00091,gnl|Prokka|GBPCPCFC_1,123,94577,0.0416,627.2683,546.937,0.738,0.0,0.3252,-0.4982,1707,1.9741,1.1178,0.4609,0,0,0.0207,0.742,0.1558,0.0126,0.3409,0.3322,-0.3881
GBPCPCFC_00092,gnl|Prokka|GBPCPCFC_1,123,94577,0.0416,627.2683,546.937,0.738,0.0,0.3252,-0.4982,1341,1.305,0.6183,0.4911,0,0,0.2586,0.0,0.3989,0.0,0.3139,-0.5601,-0.6291
GBPCPCFC_00093,gnl|Prokka|GBPCPCFC_1,123,94577,0.0416,627.2683,546.937,0.738,0.0,0.3252,-0.4982,177,-0.8233,-0.9705,0.499,0,0,0.0712,0.3752,0.1478,0.0647,0.3277,-0.1062,-0.5065
GBPCPCFC_00094,gnl|Prokka|GBPCPCFC_1,123,94577,0.0416,627.2683,546.937,0.738,0.0,0.3252,-0.4982,2838,4.042,2.6615,0.5617,0,0,0.1356,0.0301,0.2834,0.0,0.3397,0.2901,-0.3995
GBPCPCFC_00095,gnl|Prokka|GBPCPCFC_1,123,94577,0.0416,627.2683,546.937,0.738,0.0,0.3252,-0.4982,1191,1.0307,0.4135,0.5872,0,0,0.2762,0.0,0.3074,0.0,0.3073,-0.7795,-0.6884
GBPCPCFC_00096,gnl|Prokka|GBPCPCFC_1,123,94577,0.0416,627.2683,546.937,0.738,0.0,0.3252,-0.4982,1845,2.2265,1.3062,0.6263,0,0,0.1376,0.0277,0.2791,0.0,0.3431,0.4029,-0.369
GBPCPCFC_00097,gnl|Prokka|GBPCPCFC_1,123,94577,0.0416,627.2683,546.937,0.738,0.0,0.3252,-0.4982,216,-0.7519,-0.9173,0.6336,0,0,-0.0521,0.422,0.0063,0.9232,0.4352,3.446,0.453
GBPCPCFC_00098,gnl|Prokka|GBPCPCFC_1,123,94577,0.0416,627.2683,546.937,0.738,0.0,0.3252,-0.4982,1308,1.2446,0.5732,0.665,0,0,0.2297,0.0003,0.2553,0.0,0.3012,-0.9805,-0.7427
GBPCPCFC_00099,gnl|Prokka|GBPCPCFC_1,123,94577,0.0416,627.2683,546.937,0.738,0.0,0.3252,-0.4982,933,0.559,0.0614,0.6848,0,0,0.2008,0.0012,0.2894,0.0,0.3333,0.0805,-0.4561
GBPCPCFC_00100,gnl|Prokka|GBPCPCFC_1,123,94577,0.0416,627.2683,546.937,0.738,0.0,0.3252,-0.4982,591,-0.0663,-0.4054,0.697,0,0,0.1547,0.0174,0.2172,0.0008,0.3181,-0.4227,-0.592
GBPCPCFC_00101,gnl|Prokka|GBPCPCFC_1,123,94577,0.0416,627.2683,546.937,0.738,0.0,0.3252,-0.4982,1131,0.921,0.3316,0.7209,0,0,0.0932,0.1368,0.1236,0.0482,0.3165,-0.4746,-0.606
GBPCPCFC_00102,gnl|Prokka|GBPCPCFC_1,123,94577,0.0416,627.2683,546.937,0.738,0.0,0.3252,-0.4982,1101,0.8662,0.2907,0.7454,0,0,0.176,0.0047,0.2086,0.0008,0.3115,-0.6398,-0.6507
GBPCPCFC_00103,gnl|Prokka|GBPCPCFC_1,123,94577,0.0416,627.2683,546.937,0.738,0.0,0.3252,-0.4982,375,-0.4612,-0.7002,0.7548,0,0,-0.0415,0.5224,-0.0356,0.5831,0.3387,0.2567,-0.4085
GBPCPCFC_00104,gnl|Prokka|GBPCPCFC_1,123,94577,0.0416,627.2683,546.937,0.738,0.0,0.3252,-0.4982,468,-0.2912,-0.5733,0.7645,0,0,0.0196,0.7645,0.0736,0.2612,0.3098,-0.6961,-0.6659
GBPCPCFC_00105,gnl|Prokka|GBPCPCFC_1,123,94577,0.0416,627.2683,546.937,0.738,0.0,0.3252,-0.4982,216,-0.7519,-0.9173,0.7722,0,0,0.0356,0.6332,0.1444,0.0519,0.3333,0.0805,-0.4561
GBPCPCFC_00106,gnl|Prokka|GBPCPCFC_1,123,94577,0.0416,627.2683,546.937,0.738,0.0,0.3252,-0.4982,465,-0.2967,-0.5774,0.7903,0,0,0.112,0.0784,0.2007,0.0015,0.3161,-0.488,-0.6096
GBPCPCFC_00107,gnl|Prokka|GBPCPCFC_1,123,94577,0.0416,627.2683,546.937,0.738,0.0,0.3252,-0.4982,159,-0.8562,-0.9951,0.7943,0,0,-0.0027,0.972,0.0248,0.7457,0.3711,1.3274,-0.1193
GBPCPCFC_00108,gnl|Prokka|GBPCPCFC_1,123,94577,0.0416,627.2683,546.937,0.738,0.0,0.3252,-0.4982,957,0.6029,0.0941,0.8239,0,0,0.1575,0.0116,0.2073,0.0008,0.3156,-0.5065,-0.6146
GBPCPCFC_00109,gnl|Prokka|GBPCPCFC_1,123,94577,0.0416,627.2683,546.937,0.738,0.0,0.3252,-0.4982,201,-0.7794,-0.9377,0.829,0,0,0.0331,0.6753,0.0838,0.2873,0.2836,-1.5634,-0.9001
GBPCPCFC_00110,gnl|Prokka|GBPCPCFC_1,123,94577,0.0416,627.2683,546.937,0.738,0.0,0.3252,-0.4982,399,-0.4174,-0.6675,0.8472,0,0,0.0356,0.5761,0.0737,0.2469,0.3083,-0.7476,-0.6798
GBPCPCFC_00111,gnl|Prokka|GBPCPCFC_1,123,94577,0.0416,627.2683,546.937,0.738,0.0,0.3252,-0.4982,945,0.5809,0.0778,0.8679,0,0,0.1164,0.0667,0.2397,0.0001,0.3407,0.3253,-0.39
GBPCPCFC_00112,gnl|Prokka|GBPCPCFC_1,123,94577,0.0416,627.2683,546.937,0.738,0.0,0.3252,-0.4982,117,-0.933,-1.0524,0.8717,0,0,0.0447,0.6123,0.0429,0.6263,0.265,-2.1788,-1.0664
GBPCPCFC_00113,gnl|Prokka|GBPCPCFC_1,123,94577,0.0416,627.2683,546.937,0.738,0.0,0.3252,-0.4982,1293,1.2172,0.5527,0.902,0,0,0.1883,0.0025,0.3504,0.0,0.3527,0.7194,-0.2835
GBPCPCFC_00114,gnl|Prokka|GBPCPCFC_1,123,94577,0.0416,627.2683,546.937,0.738,0.0,0.3252,-0.4982,606,-0.0389,-0.3849,0.9152,0,0,0.0414,0.5096,0.206,0.0009,0.3845,1.7708,0.0005
GBPCPCFC_00115,gnl|Prokka|GBPCPCFC_1,123,94577,0.0416,627.2683,546.937,0.738,0.0,0.3252,-0.4982,609,-0.0334,-0.3808,0.9318,0,0,0.0312,0.6298,0.0888,0.1696,0.3333,0.0805,-0.4561
GBPCPCFC_00116,gnl|Prokka|GBPCPCFC_1,123,94577,0.0416,627.2683,546.937,0.738,0.0,0.3252,-0.4982,216,-0.7519,-0.9173,0.9393,0,0,0.0922,0.2093,0.1679,0.0216,0.2963,-1.1433,-0.7867
GBPCPCFC_00117,gnl|Prokka|GBPCPCFC_1,123,94577,0.0416,627.2683,546.937,0.738,0.0,0.3252,-0.4982,270,-0.6532,-0.8435,0.9481,0,0,0.0807,0.2444,0.0602,0.3853,0.3444,0.4477,-0.3569
GBPCPCFC_00118,gnl|Prokka|GBPCPCFC_1,123,94577,0.0416,627.2683,546.937,0.738,0.0,0.3252,-0.4982,291,-0.6148,-0.8149,0.9561,0,0,0.1219,0.0666,0.0767,0.2496,0.299,-1.055,-0.7628
GBPCPCFC_00119,gnl|Prokka|GBPCPCFC_1,123,94577,0.0416,627.2683,546.937,0.738,0.0,0.3252,-0.4982,189,-0.8013,-0.9541,0.96,0,0,0.1846,0.0087,0.2042,0.0036,0.4021,2.3533,0.1578
GBPCPCFC_00120,gnl|Prokka|GBPCPCFC_1,123,94577,0.0416,627.2683,546.937,0.738,0.0,0.3252,-0.4982,165,-0.8452,-0.9869,0.9687,0,0,-0.0487,0.5311,0.0959,0.2163,0.3394,0.2808,-0.402
GBPCPCFC_00121,gnl|Prokka|GBPCPCFC_1,123,94577,0.0416,627.2683,546.937,0.738,0.0,0.3252,-0.4982,204,-0.7739,-0.9336,0.976,0,0,0.0089,0.9028,0.0367,0.6128,0.3284,-0.0815,-0.4998
GBPCPCFC_00122,gnl|Prokka|GBPCPCFC_1,123,94577,0.0416,627.2683,546.937,0.738,0.0,0.3252,-0.4982,201,-0.7794,-0.9377,0.9838,0,0,0.1555,0.0335,0.1856,0.011,0.3134,-0.5771,-0.6337
GBPCPCFC_00123,gnl|Prokka|GBPCPCFC_1,123,94577,0.0416,627.2683,546.937,0.738,0.0,0.3252,-0.4982,171,-0.8342,-0.9787,0.9871,1,0,-0.015,0.8278,0.0937,0.174,0.3801,1.6264,-0.0385
GBPCPCFC_00158,gnl|Prokka|GBPCPCFC_6,381,414170,0.1821,915.5354,761.5115,0.8674,0.0,0.3369,-0.3876,192,-0.9501,-0.95,0.9971,1,0,0.1172,0.1028,0.0444,0.5378,0.2917,-1.4192,-0.828
GBPCPCFC_00159,gnl|Prokka|GBPCPCFC_6,381,414170,0.1821,915.5354,761.5115,0.8674,0.0,0.3369,-0.3876,144,-1.0132,-1.0155,0.9955,0,0,0.1504,0.0363,0.0529,0.4634,0.3194,-0.6582,-0.5801
GBPCPCFC_00160,gnl|Prokka|GBPCPCFC_6,381,414170,0.1821,915.5354,761.5115,0.8674,0.0,0.3369,-0.3876,177,-0.9698,-0.9705,0.9892,0,0,0.0237,0.7761,0.0922,0.267,0.2655,-2.1351,-1.0612
GBPCPCFC_00161,gnl|Prokka|GBPCPCFC_6,381,414170,0.1821,915.5354,761.5115,0.8674,0.0,0.3369,-0.3876,171,-0.9777,-0.9787,0.9885,0,0,0.0009,0.9903,0.0261,0.7317,0.3099,-0.9186,-0.6649
GBPCPCFC_00162,gnl|Prokka|GBPCPCFC_6,381,414170,0.1821,915.5354,761.5115,0.8674,0.0,0.3369,-0.3876,207,-0.9304,-0.9295,0.9877,0,0,-0.0068,0.9196,0.0649,0.3325,0.4106,1.8399,0.2338
GBPCPCFC_00163,gnl|Prokka|GBPCPCFC_6,381,414170,0.1821,915.5354,761.5115,0.8674,0.0,0.3369,-0.3876,108,-1.0604,-1.0647,0.9852,0,0,0.176,0.0198,0.131,0.084,0.4259,2.259,0.3703
GBPCPCFC_00164,gnl|Prokka|GBPCPCFC_6,381,414170,0.1821,915.5354,761.5115,0.8674,0.0,0.3369,-0.3876,198,-0.9423,-0.9418,0.9845,0,0,-0.213,0.0063,-0.2071,0.008,0.3485,0.1374,-0.3209
GBPCPCFC_00165,gnl|Prokka|GBPCPCFC_6,381,414170,0.1821,915.5354,761.5115,0.8674,0.0,0.3369,-0.3876,441,-0.6231,-0.6101,0.978,0,0,0.1295,0.052,0.1601,0.016,0.356,0.3435,-0.2537
GBPCPCFC_00166,gnl|Prokka|GBPCPCFC_6,381,414170,0.1821,915.5354,761.5115,0.8674,0.0,0.3369,-0.3876,402,-0.6744,-0.6634,0.9749,0,0,0.1264,0.0434,0.1149,0.0664,0.3856,1.1534,0.0101
GBPCPCFC_00167,gnl|Prokka|GBPCPCFC_6,381,414170,0.1821,915.5354,761.5115,0.8674,0.0,0.3369,-0.3876,1359,0.5823,0.6428,0.9728,0,0,0.1959,0.0016,0.2187,0.0004,0.379,0.9722,-0.0489
GBPCPCFC_00168,gnl|Prokka|GBPCPCFC_6,381,414170,0.1821,915.5354,761.5115,0.8674,0.0,0.3369,-0.3876,465,-0.5916,-0.5774,0.9659,0,0,0.1197,0.0599,0.1662,0.0087,0.3161,-0.7491,-0.6096
GBPCPCFC_00169,gnl|Prokka|GBPCPCFC_6,381,414170,0.1821,915.5354,761.5115,0.8674,0.0,0.3369,-0.3876,1095,0.2357,0.2825,0.9614,0,0,0.1185,0.0583,0.1538,0.0138,0.3699,0.7231,-0.1301
GBPCPCFC_00170,gnl|Prokka|GBPCPCFC_6,381,414170,0.1821,915.5354,761.5115,0.8674,0.0,0.3369,-0.3876,789,-0.1662,-0.1352,0.956,0,0,0.1667,0.0085,0.2254,0.0003,0.3219,-0.5902,-0.5579
GBPCPCFC_00171,gnl|Prokka|GBPCPCFC_6,381,414170,0.1821,915.5354,761.5115,0.8674,0.0,0.3369,-0.3876,507,-0.5365,-0.5201,0.9512,0,0,0.0798,0.2385,0.1228,0.0692,0.3176,-0.71,-0.5969
GBPCPCFC_00172,gnl|Prokka|GBPCPCFC_6,381,414170,0.1821,915.5354,761.5115,0.8674,0.0,0.3369,-0.3876,288,-0.8241,-0.819,0.9467,0,0,0.1768,0.0076,0.2094,0.0015,0.3646,0.5784,-0.1772
GBPCPCFC_00173,gnl|Prokka|GBPCPCFC_6,381,414170,0.1821,915.5354,761.5115,0.8674,0.0,0.3369,-0.3876,1845,1.2206,1.3062,0.9453,0,0,0.1057,0.0914,0.1496,0.0166,0.3436,0.0044,-0.3642
GBPCPCFC_00174,gnl|Prokka|GBPCPCFC_6,381,414170,0.1821,915.5354,761.5115,0.8674,0.0,0.3369,-0.3876,954,0.0505,0.09,0.9357,0,0,0.1768,0.0046,0.2618,0.0,0.3732,0.8136,-0.1006
GBPCPCFC_00175,gnl|Prokka|GBPCPCFC_6,381,414170,0.1821,915.5354,761.5115,0.8674,0.0,0.3369,-0.3876,147,-1.0092,-1.0114,0.9294,0,0,0.1414,0.071,0.1592,0.0417,0.3537,0.2814,-0.2739
GBPCPCFC_00176,gnl|Prokka|GBPCPCFC_6,381,414170,0.1821,915.5354,761.5115,0.8674,0.0,0.3369,-0.3876,654,-0.3434,-0.3194,0.9286,0,0,0.1092,0.0811,0.1534,0.014,0.3287,-0.4034,-0.497
GBPCPCFC_00177,gnl|Prokka|GBPCPCFC_6,381,414170,0.1821,915.5354,761.5115,0.8674,0.0,0.3369,-0.3876,1722,1.059,1.1383,0.9248,0,0,0.2313,0.0002,0.3579,0.0,0.3566,0.3587,-0.2488
GBPCPCFC_00178,gnl|Prokka|GBPCPCFC_6,381,414170,0.1821,915.5354,761.5115,0.8674,0.0,0.3369,-0.3876,438,-0.6271,-0.6142,0.913,0,0,0.1249,0.0495,0.1525,0.0162,0.3242,-0.5279,-0.5376
GBPCPCFC_00179,gnl|Prokka|GBPCPCFC_6,381,414170,0.1821,915.5354,761.5115,0.8674,0.0,0.3369,-0.3876,168,-0.9816,-0.9828,0.9104,0,0,0.2223,0.0022,0.2728,0.0002,0.3631,0.5377,-0.1905
GBPCPCFC_00180,gnl|Prokka|GBPCPCFC_6,381,414170,0.1821,915.5354,761.5115,0.8674,0.0,0.3369,-0.3876,585,-0.4341,-0.4136,0.9092,0,0,0.1395,0.0281,0.1481,0.0196,0.3573,0.3779,-0.2425
GBPCPCFC_00181,gnl|Prokka|GBPCPCFC_6,381,414170,0.1821,915.5354,761.5115,0.8674,0.0,0.3369,-0.3876,351,-0.7413,-0.733,0.9065,0,0,0.2323,0.0002,0.2155,0.0005,0.4017,1.5956,0.1542
GBPCPCFC_00182,gnl|Prokka|GBPCPCFC_6,381,414170,0.1821,915.5354,761.5115,0.8674,0.0,0.3369,-0.3876,1854,1.2324,1.3185,0.9039,0,0,0.2266,0.0003,0.2794,0.0,0.3425,-0.0265,-0.3743
GBPCPCFC_00183,gnl|Prokka|GBPCPCFC_6,381,414170,0.1821,915.5354,761.5115,0.8674,0.0,0.3369,-0.3876,288,-0.8241,-0.819,0.8943,0,0,0.121,0.0824,0.1062,0.1277,0.3194,-0.6582,-0.5801
GBPCPCFC_00184,gnl|Prokka|GBPCPCFC_6,381,414170,0.1821,915.5354,761.5115,0.8674,0.0,0.3369,-0.3876,531,-0.505,-0.4873,0.8917,0,0,0.1706,0.0062,0.2228,0.0003,0.3691,0.7026,-0.1367
GBPCPCFC_00185,gnl|Prokka|GBPCPCFC_6,381,414170,0.1821,915.5354,761.5115,0.8674,0.0,0.3369,-0.3876,321,-0.7807,-0.7739,0.8871,0,0,0.0796,0.2462,0.0486,0.4797,0.3489,0.149,-0.3171
GBPCPCFC_00186,gnl|Prokka|GBPCPCFC_6,381,414170,0.1821,915.5354,761.5115,0.8674,0.0,0.3369,-0.3876,2355,1.8903,2.0023,0.8838,0,0,0.2534,0.0,0.3291,0.0,0.3626,0.525,-0.1946
GBPCPCFC_00187,gnl|Prokka|GBPCPCFC_6,381,414170,0.1821,915.5354,761.5115,0.8674,0.0,0.3369,-0.3876,246,-0.8792,-0.8763,0.8712,0,0,0.1146,0.101,0.1604,0.0212,0.3252,-0.5005,-0.5287
GBPCPCFC_00188,gnl|Prokka|GBPCPCFC_6,381,414170,0.1821,915.5354,761.5115,0.8674,0.0,0.3369,-0.3876,282,-0.8319,-0.8272,0.8682,0,0,0.1026,0.1184,0.1438,0.0282,0.3759,0.8881,-0.0763
GBPCPCFC_00189,gnl|Prokka|GBPCPCFC_6,381,414170,0.1821,915.5354,761.5115,0.8674,0.0,0.3369,-0.3876,1869,1.2521,1.3389,0.8664,0,0,0.2309,0.0002,0.277,0.0,0.3531,0.2646,-0.2794
GBPCPCFC_00190,gnl|Prokka|GBPCPCFC_6,381,414170,0.1821,915.5354,761.5115,0.8674,0.0,0.3369,-0.3876,234,-0.895,-0.8927,0.8557,0,0,-0.0231,0.7626,-0.0481,0.5295,0.2436,-2.7364,-1.2571
GBPCPCFC_00191,gnl|Prokka|GBPCPCFC_6,381,414170,0.1821,915.5354,761.5115,0.8674,0.0,0.3369,-0.3876,1875,1.2599,1.3471,0.8536,0,0,0.1457,0.0197,0.1741,0.0052,0.3093,-0.9352,-0.6703
GBPCPCFC_00192,gnl|Prokka|GBPCPCFC_6,381,414170,0.1821,915.5354,761.5115,0.8674,0.0,0.3369,-0.3876,465,-0.5916,-0.5774,0.8427,0,0,0.1197,0.0599,0.1662,0.0087,0.3161,-0.7491,-0.6096
GBPCPCFC_00193,gnl|Prokka|GBPCPCFC_6,381,414170,0.1821,915.5354,761.5115,0.8674,0.0,0.3369,-0.3876,1977,1.3939,1.4863,0.8376,0,0,0.2343,0.0002,0.2876,0.0,0.3278,-0.4302,-0.5058
GBPCPCFC_00194,gnl|Prokka|GBPCPCFC_6,381,414170,0.1821,915.5354,761.5115,0.8674,0.0,0.3369,-0.3876,3825,3.8206,4.0087,0.8256,0,0,0.2478,0.0001,0.2682,0.0,0.3127,-0.8436,-0.6404
GBPCPCFC_00195,gnl|Prokka|GBPCPCFC_6,381,414170,0.1821,915.5354,761.5115,0.8674,0.0,0.3369,-0.3876,531,-0.505,-0.4873,0.8068,0,0,0.1331,0.0332,0.1355,0.0302,0.3823,1.0637,-0.0191
GBPCPCFC_00196,gnl|Prokka|GBPCPCFC_6,381,414170,0.1821,915.5354,761.5115,0.8674,0.0,0.3369,-0.3876,465,-0.5916,-0.5774,0.8037,0,0,0.0019,0.9759,0.0524,0.4038,0.3484,0.1347,-0.3217
GBPCPCFC_00197,gnl|Prokka|GBPCPCFC_6,381,414170,0.1821,915.5354,761.5115,0.8674,0.0,0.3369,-0.3876,1293,0.4957,0.5527,0.8015,0,0,0.1858,0.0028,0.2243,0.0003,0.3511,0.2096,-0.2973
GBPCPCFC_00198,gnl|Prokka|GBPCPCFC_6,381,414170,0.1821,915.5354,761.5115,0.8674,0.0,0.3369,-0.3876,285,-0.828,-0.8231,0.7947,0,0,0.0038,0.9564,0.0239,0.7321,0.3018,-1.1429,-0.7379
GBPCPCFC_00199,gnl|Prokka|GBPCPCFC_6,381,414170,0.1821,915.5354,761.5115,0.8674,0.0,0.3369,-0.3876,417,-0.6547,-0.6429,0.7901,0,0,0.0941,0.1505,0.154,0.0182,0.307,-1.0004,-0.6915
GBPCPCFC_00200,gnl|Prokka|GBPCPCFC_6,381,414170,0.1821,915.5354,761.5115,0.8674,0.0,0.3369,-0.3876,192,-0.9501,-0.95,0.7881,0,0,-0.0018,0.9797,-0.0458,0.5186,0.2969,-1.2766,-0.7815
GBPCPCFC_00201,gnl|Prokka|GBPCPCFC_6,381,414170,0.1821,915.5354,761.5115,0.8674,0.0,0.3369,-0.3876,3282,3.1076,3.2675,0.7856,0,0,0.3449,0.0,0.333,0.0,0.3541,0.2899,-0.2712
GBPCPCFC_00202,gnl|Prokka|GBPCPCFC_6,381,414170,0.1821,915.5354,761.5115,0.8674,0.0,0.3369,-0.3876,1752,1.0984,1.1792,0.7688,0,0,0.2645,0.0,0.2739,0.0,0.2957,-1.3098,-0.7923
GBPCPCFC_00203,gnl|Prokka|GBPCPCFC_6,381,414170,0.1821,915.5354,761.5115,0.8674,0.0,0.3369,-0.3876,465,-0.5916,-0.5774,0.7602,0,0,0.1197,0.0599,0.1662,0.0087,0.3161,-0.7491,-0.6096
GBPCPCFC_00204,gnl|Prokka|GBPCPCFC_6,381,414170,0.1821,915.5354,761.5115,0.8674,0.0,0.3369,-0.3876,117,-1.0486,-1.0524,0.7561,0,0,0.0447,0.6123,0.0236,0.7894,0.265,-2.151,-1.0664
GBPCPCFC_00205,gnl|Prokka|GBPCPCFC_6,381,414170,0.1821,915.5354,761.5115,0.8674,0.0,0.3369,-0.3876,1575,0.866,0.9377,0.7548,0,0,0.2542,0.0,0.2498,0.0001,0.313,-0.8344,-0.6374
GBPCPCFC_00206,gnl|Prokka|GBPCPCFC_6,381,414170,0.1821,915.5354,761.5115,0.8674,0.0,0.3369,-0.3876,465,-0.5916,-0.5774,0.7454,0,0,0.112,0.0784,0.1362,0.0321,0.3161,-0.7491,-0.6096
GBPCPCFC_00207,gnl|Prokka|GBPCPCFC_6,381,414170,0.1821,915.5354,761.5115,0.8674,0.0,0.3369,-0.3876,91,-1.0828,-1.0879,0.74,0,0,-0.1368,0.0974,-0.0977,0.2376,0.5714,6.2453,1.669
GBPCPCFC_00208,gnl|Prokka|GBPCPCFC_6,381,414170,0.1821,915.5354,761.5115,0.8674,0.0,0.3369,-0.3876,159,-0.9935,-0.9951,0.7384,0,0,0.1266,0.0949,0.166,0.0281,0.4151,1.9623,0.2736
GBPCPCFC_00209,gnl|Prokka|GBPCPCFC_6,381,414170,0.1821,915.5354,761.5115,0.8674,0.0,0.3369,-0.3876,339,-0.7571,-0.7494,0.7373,0,0,0.1792,0.0096,0.169,0.0147,0.2743,-1.894,-0.9827
GBPCPCFC_00210,gnl|Prokka|GBPCPCFC_6,381,414170,0.1821,915.5354,761.5115,0.8674,0.0,0.3369,-0.3876,1572,0.8621,0.9336,0.7355,0,0,0.3739,0.0,0.4097,0.0,0.3938,1.3779,0.0833
GBPCPCFC_00211,gnl|Prokka|GBPCPCFC_6,381,414170,0.1821,915.5354,761.5115,0.8674,0.0,0.3369,-0.3876,624,-0.3828,-0.3604,0.7278,0,0,0.3846,0.0,0.3777,0.0,0.3718,0.776,-0.1128
GBPCPCFC_00212,gnl|Prokka|GBPCPCFC_6,381,414170,0.1821,915.5354,761.5115,0.8674,0.0,0.3369,-0.3876,807,-0.1425,-0.1106,0.7246,0,0,0.2107,0.0007,0.2858,0.0,0.3594,0.4352,-0.2238
GBPCPCFC_00213,gnl|Prokka|GBPCPCFC_6,381,414170,0.1821,915.5354,761.5115,0.8674,0.0,0.3369,-0.3876,852,-0.0834,-0.0492,0.7206,0,0,0.3011,0.0,0.361,0.0,0.3263,-0.4707,-0.5189
GBPCPCFC_00214,gnl|Prokka|GBPCPCFC_6,381,414170,0.1821,915.5354,761.5115,0.8674,0.0,0.3369,-0.3876,825,-0.1189,-0.086,0.7157,0,0,0.2719,0.0,0.2327,0.0002,0.2885,-1.5064,-0.8564
GBPCPCFC_00215,gnl|Prokka|GBPCPCFC_6,381,414170,0.1821,915.5354,761.5115,0.8674,0.0,0.3369,-0.3876,2832,2.5167,2.6533,0.7115,0,0,0.3206,0.0,0.4171,0.0,0.3023,-1.129,-0.7334
GBPCPCFC_00216,gnl|Prokka|GBPCPCFC_6,381,414170,0.1821,915.5354,761.5115,0.8674,0.0,0.3369,-0.3876,900,-0.0204,0.0163,0.6976,0,0,0.2548,0.0,0.1832,0.0033,0.3444,0.0267,-0.3569
GBPCPCFC_00217,gnl|Prokka|GBPCPCFC_6,381,414170,0.1821,915.5354,761.5115,0.8674,0.0,0.3369,-0.3876,1368,0.5942,0.6551,0.6929,0,0,0.3832,0.0,0.4256,0.0,0.356,0.3431,-0.2538
GBPCPCFC_00218,gnl|Prokka|GBPCPCFC_6,381,414170,0.1821,915.5354,761.5115,0.8674,0.0,0.3369,-0.3876,76,-1.1025,-1.1083,0.686,0,0,-0.0316,0.7093,-0.0434,0.6078,0.5395,5.3698,1.3838
GBPCPCFC_00219,gnl|Prokka|GBPCPCFC_6,381,414170,0.1821,915.5354,761.5115,0.8674,0.0,0.3369,-0.3876,3090,2.8555,3.0055,0.6855,0,0,0.2381,0.0001,0.3652,0.0,0.3828,1.0788,-0.0142
GBPCPCFC_00220,gnl|Prokka|GBPCPCFC_6,381,414170,0.1821,915.5354,761.5115,0.8674,0.0,0.3369,-0.3876,2985,2.7176,2.8622,0.6678,0,0,0.5195,0.0,0.5499,0.0,0.3296,-0.3787,-0.489
GBPCPCFC_00221,gnl|Prokka|GBPCPCFC_6,381,414170,0.1821,915.5354,761.5115,0.8674,0.0,0.3369,-0.3876,282,-0.8319,-0.8272,0.6534,0,0,0.1164,0.1353,0.1758,0.0235,0.2199,-3.3866,-1.4689
GBPCPCFC_00222,gnl|Prokka|GBPCPCFC_6,381,414170,0.1821,915.5354,761.5115,0.8674,0.0,0.3369,-0.3876,1161,0.3223,0.3726,0.6521,0,0,0.2488,0.0001,0.3428,0.0,0.3152,-0.7733,-0.6175
GBPCPCFC_00223,gnl|Prokka|GBPCPCFC_6,381,414170,0.1821,915.5354,761.5115,0.8674,0.0,0.3369,-0.3876,1498,0.7649,0.8326,0.6454,0,0,0.0439,0.4843,0.1638,0.0086,0.51,4.5627,1.1208
GBPCPCFC_00224,gnl|Prokka|GBPCPCFC_6,381,414170,0.1821,915.5354,761.5115,0.8674,0.0,0.3369,-0.3876,1095,0.2357,0.2825,0.6352,0,0,0.1185,0.0583,0.1538,0.0138,0.3699,0.7231,-0.1301
GBPCPCFC_00225,gnl|Prokka|GBPCPCFC_6,381,414170,0.1821,915.5354,761.5115,0.8674,0.0,0.3369,-0.3876,156,-0.9974,-0.9991,0.6297,0,0,0.1673,0.0119,0.1907,0.0041,0.3397,-0.1021,-0.3989
GBPCPCFC_00226,gnl|Prokka|GBPCPCFC_6,381,414170,0.1821,915.5354,761.5115,0.8674,0.0,0.3369,-0.3876,231,-0.8989,-0.8968,0.6259,0,0,0.0334,0.6702,0.0176,0.823,0.2554,-2.4125,-1.1516
GBPCPCFC_00227,gnl|Prokka|GBPCPCFC_6,381,414170,0.1821,915.5354,761.5115,0.8674,0.0,0.3369,-0.3876,1095,0.2357,0.2825,0.6248,0,0,0.0889,0.1561,0.1585,0.0111,0.3699,0.7231,-0.1301
GBPCPCFC_00228,gnl|Prokka|GBPCPCFC_6,381,414170,0.1821,915.5354,761.5115,0.8674,0.0,0.3369,-0.3876,1845,1.2206,1.3062,0.6176,0,0,0.1478,0.018,0.2145,0.0005,0.3561,0.3459,-0.2529
GBPCPCFC_00229,gnl|Prokka|GBPCPCFC_6,381,414170,0.1821,915.5354,761.5115,0.8674,0.0,0.3369,-0.3876,750,-0.2174,-0.1884,0.608,0,0,0.1519,0.015,0.2127,0.0006,0.376,0.8912,-0.0753
GBPCPCFC_00230,gnl|Prokka|GBPCPCFC_6,381,414170,0.1821,915.5354,761.5115,0.8674,0.0,0.3369,-0.3876,663,-0.3316,-0.3071,0.602,0,0,0.1662,0.0099,0.2136,0.0009,0.3288,-0.4017,-0.4965
GBPCPCFC_00231,gnl|Prokka|GBPCPCFC_6,381,414170,0.1821,915.5354,761.5115,0.8674,0.0,0.3369,-0.3876,1095,0.2357,0.2825,0.5987,0,0,0.0889,0.1561,0.1585,0.0111,0.3699,0.7231,-0.1301
GBPCPCFC_00232,gnl|Prokka|GBPCPCFC_6,381,414170,0.1821,915.5354,761.5115,0.8674,0.0,0.3369,-0.3876,837,-0.1031,-0.0696,0.593,0,0,0.0316,0.6143,0.0528,0.4003,0.3465,0.0823,-0.3388
GBPCPCFC_00233,gnl|Prokka|GBPCPCFC_6,381,414170,0.1821,915.5354,761.5115,0.8674,0.0,0.3369,-0.3876,2934,2.6506,2.7926,0.5878,0,0,0.369,0.0,0.3587,0.0,0.3398,-0.1003,-0.3983
GBPCPCFC_00234,gnl|Prokka|GBPCPCFC_6,381,414170,0.1821,915.5354,761.5115,0.8674,0.0,0.3369,-0.3876,174,-0.9738,-0.9746,0.5717,0,0,0.0262,0.7135,0.0454,0.524,0.3793,0.9819,-0.0457
GBPCPCFC_00235,gnl|Prokka|GBPCPCFC_6,381,414170,0.1821,915.5354,761.5115,0.8674,0.0,0.3369,-0.3876,1845,1.2206,1.3062,0.571,0,0,0.1833,0.0032,0.2018,0.0012,0.3355,-0.2183,-0.4367
GBPCPCFC_00236,gnl|Prokka|GBPCPCFC_6,381,414170,0.1821,915.5354,761.5115,0.8674,0.0,0.3369,-0.3876,231,-0.8989,-0.8968,0.5614,0,0,0.0342,0.6315,0.1022,0.151,0.4026,1.6199,0.1621
GBPCPCFC_00237,gnl|Prokka|GBPCPCFC_6,381,414170,0.1821,915.5354,761.5115,0.8674,0.0,0.3369,-0.3876,240,-0.8871,-0.8845,0.5601,0,0,0.2066,0.0025,0.1966,0.0041,0.3792,0.978,-0.047
GBPCPCFC_00238,gnl|Prokka|GBPCPCFC_6,381,414170,0.1821,915.5354,761.5115,0.8674,0.0,0.3369,-0.3876,285,-0.828,-0.8231,0.5581,0,0,0.1641,0.0117,0.1971,0.0024,0.3193,-0.6622,-0.5814
GBPCPCFC_00239,gnl|Prokka|GBPCPCFC_6,381,414170,0.1821,915.5354,761.5115,0.8674,0.0,0.3369,-0.3876,273,-0.8438,-0.8395,0.5563,0,0,0.0299,0.6692,0.0986,0.1587,0.381,1.0269,-0.0311
GBPCPCFC_00240,gnl|Prokka|GBPCPCFC_6,381,414170,0.1821,915.5354,761.5115,0.8674,0.0,0.3369,-0.3876,132,-1.0289,-1.0319,0.5548,0,0,-0.0009,0.9913,0.056,0.4949,0.3333,-0.2777,-0.4561
GBPCPCFC_00241,gnl|Prokka|GBPCPCFC_6,381,414170,0.1821,915.5354,761.5115,0.8674,0.0,0.3369,-0.3876,489,-0.5601,-0.5446,0.5533,0,0,0.1006,0.1141,0.1662,0.0087,0.3926,1.347,0.0732
GBPCPCFC_00242,gnl|Prokka|GBPCPCFC_6,381,414170,0.1821,915.5354,761.5115,0.8674,0.0,0.3369,-0.3876,1860,1.2402,1.3266,0.55,0,0,0.2379,0.0001,0.279,0.0,0.3473,0.1052,-0.3313
GBPCPCFC_00243,gnl|Prokka|GBPCPCFC_6,381,414170,0.1821,915.5354,761.5115,0.8674,0.0,0.3369,-0.3876,291,-0.8201,-0.8149,0.5408,0,0,-0.1405,0.0269,-0.1346,0.0341,0.3436,0.0047,-0.3641
GBPCPCFC_00244,gnl|Prokka|GBPCPCFC_6,381,414170,0.1821,915.5354,761.5115,0.8674,0.0,0.3369,-0.3876,108,-1.0604,-1.0647,0.5392,0,0,-0.0543,0.5268,0.0774,0.3666,0.287,-1.5461,-0.8693
GBPCPCFC_00245,gnl|Prokka|GBPCPCFC_6,381,414170,0.1821,915.5354,761.5115,0.8674,0.0,0.3369,-0.3876,144,-1.0132,-1.0155,0.5385,0,0,0.0203,0.8036,0.0399,0.6239,0.3472,0.1028,-0.3321
GBPCPCFC_00246,gnl|Prokka|GBPCPCFC_6,381,414170,0.1821,915.5354,761.5115,0.8674,0.0,0.3369,-0.3876,1095,0.2357,0.2825,0.5377,0,0,0.0889,0.1561,0.1585,0.0111,0.3699,0.7231,-0.1301
GBPCPCFC_00247,gnl|Prokka|GBPCPCFC_6,381,414170,0.1821,915.5354,761.5115,0.8674,0.0,0.3369,-0.3876,996,0.1057,0.1474,0.5319,0,0,0.2461,0.0001,0.2493,0.0001,0.3645,0.575,-0.1783
GBPCPCFC_00248,gnl|Prokka|GBPCPCFC_6,381,414170,0.1821,915.5354,761.5115,0.8674,0.0,0.3369,-0.3876,960,0.0584,0.0982,0.527,0,0,0.202,0.0016,0.2151,0.0008,0.2875,-1.5334,-0.8652
GBPCPCFC_00249,gnl|Prokka|GBPCPCFC_6,381,414170,0.1821,915.5354,761.5115,0.8674,0.0,0.3369,-0.3876,564,-0.4616,-0.4423,0.5223,0,0,0.1065,0.0937,0.1349,0.0334,0.3085,-0.9578,-0.6776
GBPCPCFC_00250,gnl|Prokka|GBPCPCFC_6,381,414170,0.1821,915.5354,761.5115,0.8674,0.0,0.3369,-0.3876,2217,1.7091,1.8139,0.5196,0,0,0.2988,0.0,0.3407,0.0,0.3243,-0.5249,-0.5366
GBPCPCFC_00251,gnl|Prokka|GBPCPCFC_6,381,414170,0.1821,915.5354,761.5115,0.8674,0.0,0.3369,-0.3876,1137,0.2908,0.3398,0.507,0,0,0.2703,0.0,0.2915,0.0,0.2814,-1.6994,-0.9192
GBPCPCFC_00252,gnl|Prokka|GBPCPCFC_6,381,414170,0.1821,915.5354,761.5115,0.8674,0.0,0.3369,-0.3876,1047,0.1726,0.217,0.5013,0,0,0.1077,0.0853,0.1696,0.0065,0.4021,1.6063,0.1577
GBPCPCFC_00253,gnl|Prokka|GBPCPCFC_6,381,414170,0.1821,915.5354,761.5115,0.8674,0.0,0.3369,-0.3876,3405,3.2691,3.4354,0.4946,0,0,0.2873,0.0,0.3955,0.0,0.4379,2.5867,0.4771
GBPCPCFC_00254,gnl|Prokka|GBPCPCFC_6,381,414170,0.1821,915.5354,761.5115,0.8674,0.0,0.3369,-0.3876,576,-0.4459,-0.4259,0.4776,0,0,0.2185,0.0004,0.2688,0.0,0.3177,-0.7058,-0.5956
GBPCPCFC_00255,gnl|Prokka|GBPCPCFC_6,381,414170,0.1821,915.5354,761.5115,0.8674,0.0,0.3369,-0.3876,852,-0.0834,-0.0492,0.4741,0,0,0.2047,0.001,0.2372,0.0001,0.3016,-1.1459,-0.7389
GBPCPCFC_00256,gnl|Prokka|GBPCPCFC_6,381,414170,0.1821,915.5354,761.5115,0.8674,0.0,0.3369,-0.3876,840,-0.0992,-0.0656,0.47,0,0,0.1522,0.0148,0.1714,0.006,0.3452,0.0484,-0.3498
GBPCPCFC_00257,gnl|Prokka|GBPCPCFC_6,381,414170,0.1821,915.5354,761.5115,0.8674,0.0,0.3369,-0.3876,1962,1.3742,1.4659,0.4656,0,0,0.242,0.0001,0.2903,0.0,0.3384,-0.1381,-0.4106
GBPCPCFC_00258,gnl|Prokka|GBPCPCFC_6,381,414170,0.1821,915.5354,761.5115,0.8674,0.0,0.3369,-0.3876,2250,1.7524,1.859,0.454,0,0,0.3844,0.0,0.4008,0.0,0.3551,0.3189,-0.2617
GBPCPCFC_00259,gnl|Prokka|GBPCPCFC_6,381,414170,0.1821,915.5354,761.5115,0.8674,0.0,0.3369,-0.3876,906,-0.0125,0.0245,0.4431,0,0,0.231,0.0002,0.3332,0.0,0.3609,0.4783,-0.2098
GBPCPCFC_00260,gnl|Prokka|GBPCPCFC_6,381,414170,0.1821,915.5354,761.5115,0.8674,0.0,0.3369,-0.3876,591,-0.4262,-0.4054,0.4386,0,0,0.1499,0.0164,0.1134,0.0701,0.3418,-0.0459,-0.3806
GBPCPCFC_00261,gnl|Prokka|GBPCPCFC_6,381,414170,0.1821,915.5354,761.5115,0.8674,0.0,0.3369,-0.3876,522,-0.5168,-0.4996,0.4339,0,0,0.1061,0.0956,0.167,0.0084,0.3659,0.6145,-0.1654
GBPCPCFC_00262,gnl|Prokka|GBPCPCFC_6,381,414170,0.1821,915.5354,761.5115,0.8674,0.0,0.3369,-0.3876,438,-0.6271,-0.6142,0.4314,0,0,0.1216,0.0559,0.1695,0.0075,0.3219,-0.5905,-0.558
GBPCPCFC_00263,gnl|Prokka|GBPCPCFC_6,381,414170,0.1821,915.5354,761.5115,0.8674,0.0,0.3369,-0.3876,174,-0.9738,-0.9746,0.4274,0,0,-0.057,0.4587,-0.0756,0.3255,0.2989,-1.2224,-0.7639
GBPCPCFC_00264,gnl|Prokka|GBPCPCFC_6,381,414170,0.1821,915.5354,761.5115,0.8674,0.0,0.3369,-0.3876,1098,0.2396,0.2866,0.4256,0,0,0.1727,0.0056,0.1912,0.0021,0.3944,1.394,0.0885
GBPCPCFC_00265,gnl|Prokka|GBPCPCFC_6,381,414170,0.1821,915.5354,761.5115,0.8674,0.0,0.3369,-0.3876,795,-0.1583,-0.127,0.4201,0,0,0.1681,0.007,0.1812,0.0036,0.3384,-0.1399,-0.4112
GBPCPCFC_00266,gnl|Prokka|GBPCPCFC_6,381,414170,0.1821,915.5354,761.5115,0.8674,0.0,0.3369,-0.3876,1413,0.6533,0.7165,0.416,0,0,0.2828,0.0,0.3501,0.0,0.3645,0.5754,-0.1782
GBPCPCFC_00267,gnl|Prokka|GBPCPCFC_6,381,414170,0.1821,915.5354,761.5115,0.8674,0.0,0.3369,-0.3876,1272,0.4681,0.5241,0.4093,0,0,0.1902,0.0022,0.2347,0.0002,0.3687,0.6915,-0.1403
GBPCPCFC_00268,gnl|Prokka|GBPCPCFC_6,381,414170,0.1821,915.5354,761.5115,0.8674,0.0,0.3369,-0.3876,1092,0.2317,0.2784,0.4027,0,0,0.2177,0.0005,0.3207,0.0,0.3883,1.2276,0.0343
GBPCPCFC_00269,gnl|Prokka|GBPCPCFC_6,381,414170,0.1821,915.5354,761.5115,0.8674,0.0,0.3369,-0.3876,225,-0.9068,-0.905,0.3968,0,0,-0.0829,0.3037,-0.0091,0.9099,0.4711,3.4969,0.7736
GBPCPCFC_00270,gnl|Prokka|GBPCPCFC_6,381,414170,0.1821,915.5354,761.5115,0.8674,0.0,0.3369,-0.3876,1860,1.2402,1.3266,0.3926,0,0,0.2428,0.0001,0.2429,0.0001,0.3952,1.4162,0.0957
GBPCPCFC_00271,gnl|Prokka|GBPCPCFC_6,381,414170,0.1821,915.5354,761.5115,0.8674,0.0,0.3369,-0.3876,1842,1.2166,1.3021,0.381,0,0,0.1622,0.0093,0.2955,0.0,0.3426,-0.0249,-0.3737
GBPCPCFC_00272,gnl|Prokka|GBPCPCFC_6,381,414170,0.1821,915.5354,761.5115,0.8674,0.0,0.3369,-0.3876,360,-0.7295,-0.7207,0.3711,0,0,0.0541,0.4169,0.0995,0.135,0.2694,-2.0281,-1.0263
GBPCPCFC_00273,gnl|Prokka|GBPCPCFC_6,381,414170,0.1821,915.5354,761.5115,0.8674,0.0,0.3369,-0.3876,696,-0.2883,-0.2621,0.3686,0,0,0.1173,0.061,0.1812,0.0036,0.3017,-1.1437,-0.7382
GBPCPCFC_00274,gnl|Prokka|GBPCPCFC_6,381,414170,0.1821,915.5354,761.5115,0.8674,0.0,0.3369,-0.3876,1083,0.2199,0.2661,0.3647,0,0,0.2393,0.0001,0.3103,0.0,0.3121,-0.8596,-0.6456
GBPCPCFC_00275,gnl|Prokka|GBPCPCFC_6,381,414170,0.1821,915.5354,761.5115,0.8674,0.0,0.3369,-0.3876,3639,3.5764,3.7548,0.358,0,0,0.3014,0.0,0.3314,0.0,0.33,-0.3681,-0.4855
GBPCPCFC_00276,gnl|Prokka|GBPCPCFC_6,381,414170,0.1821,915.5354,761.5115,0.8674,0.0,0.3369,-0.3876,438,-0.6271,-0.6142,0.3402,0,0,0.1216,0.0559,0.1695,0.0075,0.3219,-0.5905,-0.558
GBPCPCFC_00277,gnl|Prokka|GBPCPCFC_6,381,414170,0.1821,915.5354,761.5115,0.8674,0.0,0.3369,-0.3876,573,-0.4498,-0.43,0.3361,0,0,0.2579,0.0001,0.3231,0.0,0.3438,0.0092,-0.3626
GBPCPCFC_00278,gnl|Prokka|GBPCPCFC_6,381,414170,0.1821,915.5354,761.5115,0.8674,0.0,0.3369,-0.3876,1155,0.3145,0.3644,0.3327,0,0,0.3217,0.0,0.3359,0.0,0.4087,1.7859,0.2162
GBPCPCFC_00279,gnl|Prokka|GBPCPCFC_6,381,414170,0.1821,915.5354,761.5115,0.8674,0.0,0.3369,-0.3876,77,-1.1011,-1.107,0.322,0,0,-0.1826,0.0468,-0.1597,0.0828,0.6364,8.0243,2.2485
GBPCPCFC_00280,gnl|Prokka|GBPCPCFC_6,381,414170,0.1821,915.5354,761.5115,0.8674,0.0,0.3369,-0.3876,1578,0.8699,0.9417,0.3209,0,0,0.2191,0.0004,0.2861,0.0,0.3416,-0.052,-0.3826
GBPCPCFC_00281,gnl|Prokka|GBPCPCFC_6,381,414170,0.1821,915.5354,761.5115,0.8674,0.0,0.3369,-0.3876,468,-0.5877,-0.5733,0.3133,0,0,0.1452,0.0201,0.2349,0.0001,0.3056,-1.0387,-0.704
GBPCPCFC_00282,gnl|Prokka|GBPCPCFC_6,381,414170,0.1821,915.5354,761.5115,0.8674,0.0,0.3369,-0.3876,531,-0.505,-0.4873,0.3107,0,0,0.107,0.0875,0.1167,0.0624,0.3842,1.1153,-0.0023
GBPCPCFC_00283,gnl|Prokka|GBPCPCFC_6,381,414170,0.1821,915.5354,761.5115,0.8674,0.0,0.3369,-0.3876,480,-0.5719,-0.5569,0.3077,0,0,0.0524,0.411,0.1186,0.0622,0.35,0.1789,-0.3073
GBPCPCFC_00284,gnl|Prokka|GBPCPCFC_6,381,414170,0.1821,915.5354,761.5115,0.8674,0.0,0.3369,-0.3876,963,0.0623,0.1023,0.3043,0,0,0.2276,0.0002,0.3127,0.0,0.3489,0.149,-0.3171
GBPCPCFC_00285,gnl|Prokka|GBPCPCFC_6,381,414170,0.1821,915.5354,761.5115,0.8674,0.0,0.3369,-0.3876,1854,1.2324,1.3185,0.299,0,0,0.2499,0.0001,0.2283,0.0002,0.3452,0.0474,-0.3502
GBPCPCFC_00286,gnl|Prokka|GBPCPCFC_6,381,414170,0.1821,915.5354,761.5115,0.8674,0.0,0.3369,-0.3876,288,-0.8241,-0.819,0.2901,0,0,0.1349,0.0447,0.1776,0.008,0.3646,0.5784,-0.1772
GBPCPCFC_00287,gnl|Prokka|GBPCPCFC_6,381,414170,0.1821,915.5354,761.5115,0.8674,0.0,0.3369,-0.3876,468,-0.5877,-0.5733,0.2864,0,0,0.0549,0.3959,0.1144,0.0763,0.3269,-0.4533,-0.5133
GBPCPCFC_00288,gnl|Prokka|GBPCPCFC_6,381,414170,0.1821,915.5354,761.5115,0.8674,0.0,0.3369,-0.3876,270,-0.8477,-0.8435,0.2832,0,0,-0.0274,0.7029,-0.0087,0.9033,0.2815,-1.6983,-0.9189
GBPCPCFC_00289,gnl|Prokka|GBPCPCFC_6,381,414170,0.1821,915.5354,761.5115,0.8674,0.0,0.3369,-0.3876,99,-1.0723,-1.0769,0.2819,0,0,-0.0132,0.8885,-0.0432,0.6448,0.3434,-0.001,-0.3659
GBPCPCFC_00290,gnl|Prokka|GBPCPCFC_6,381,414170,0.1821,915.5354,761.5115,0.8674,0.0,0.3369,-0.3876,1107,0.2514,0.2989,0.2812,0,0,0.1053,0.0926,0.1447,0.0205,0.3704,0.737,-0.1255
GBPCPCFC_00291,gnl|Prokka|GBPCPCFC_6,381,414170,0.1821,915.5354,761.5115,0.8674,0.0,0.3369,-0.3876,567,-0.4577,-0.4382,0.2755,0,0,0.1763,0.0054,0.1861,0.0033,0.3228,-0.5676,-0.5505
GBPCPCFC_00292,gnl|Prokka|GBPCPCFC_6,381,414170,0.1821,915.5354,761.5115,0.8674,0.0,0.3369,-0.3876,477,-0.5759,-0.561,0.2711,0,0,0.0469,0.4609,0.0943,0.138,0.3857,1.1582,0.0117
GBPCPCFC_00293,gnl|Prokka|GBPCPCFC_6,381,414170,0.1821,915.5354,761.5115,0.8674,0.0,0.3369,-0.3876,2244,1.7445,1.8508,0.2669,0,0,0.2458,0.0001,0.3399,0.0,0.3841,1.1141,-0.0027
GBPCPCFC_00294,gnl|Prokka|GBPCPCFC_6,381,414170,0.1821,915.5354,761.5115,0.8674,0.0,0.3369,-0.3876,75,-1.1038,-1.1097,0.2548,0,0,0.1338,0.1247,0.0754,0.3881,0.5467,5.5669,1.4479
GBPCPCFC_00295,gnl|Prokka|GBPCPCFC_6,381,414170,0.1821,915.5354,761.5115,0.8674,0.0,0.3369,-0.3876,942,0.0348,0.0737,0.2517,0,0,0.3349,0.0,0.3545,0.0,0.3599,0.4494,-0.2192
GBPCPCFC_00296,gnl|Prokka|GBPCPCFC_6,381,414170,0.1821,915.5354,761.5115,0.8674,0.0,0.3369,-0.3876,1392,0.6257,0.6879,0.2471,0,0,0.295,0.0,0.3384,0.0,0.3563,0.3521,-0.2509
GBPCPCFC_00297,gnl|Prokka|GBPCPCFC_6,381,414170,0.1821,915.5354,761.5115,0.8674,0.0,0.3369,-0.3876,108,-1.0604,-1.0647,0.239,0,0,-0.0359,0.6996,0.0105,0.9103,0.3056,-1.0387,-0.704
GBPCPCFC_00298,gnl|Prokka|GBPCPCFC_6,381,414170,0.1821,915.5354,761.5115,0.8674,0.0,0.3369,-0.3876,819,-0.1268,-0.0942,0.238,0,0,0.2443,0.0001,0.3039,0.0,0.337,-0.1774,-0.4234
GBPCPCFC_00299,gnl|Prokka|GBPCPCFC_6,381,414170,0.1821,915.5354,761.5115,0.8674,0.0,0.3369,-0.3876,483,-0.568,-0.5528,0.2331,0,0,0.3122,0.0,0.355,0.0,0.3313,-0.3344,-0.4746
GBPCPCFC_00300,gnl|Prokka|GBPCPCFC_6,381,414170,0.1821,915.5354,761.5115,0.8674,0.0,0.3369,-0.3876,315,-0.7886,-0.7821,0.229,0,0,0.0487,0.4858,-0.0262,0.7079,0.346,0.0702,-0.3428
GBPCPCFC_00301,gnl|Prokka|GBPCPCFC_6,381,414170,0.1821,915.5354,761.5115,0.8674,0.0,0.3369,-0.3876,963,0.0623,0.1023,0.2273,0,0,0.1375,0.0278,0.1878,0.0026,0.3136,-0.8183,-0.6322
GBPCPCFC_00302,gnl|Prokka|GBPCPCFC_6,381,414170,0.1821,915.5354,761.5115,0.8674,0.0,0.3369,-0.3876,549,-0.4813,-0.4627,0.2219,0,0,0.0659,0.2933,0.0915,0.1441,0.3388,-0.128,-0.4073
GBPCPCFC_00303,gnl|Prokka|GBPCPCFC_6,381,414170,0.1821,915.5354,761.5115,0.8674,0.0,0.3369,-0.3876,2145,1.6145,1.7156,0.2187,0,0,0.4065,0.0,0.4357,0.0,0.3212,-0.6098,-0.5643
GBPCPCFC_00304,gnl|Prokka|GBPCPCFC_6,381,414170,0.1821,915.5354,761.5115,0.8674,0.0,0.3369,-0.3876,345,-0.7492,-0.7412,0.2077,0,0,-0.0461,0.4767,0.0016,0.9808,0.3449,0.0399,-0.3526
GBPCPCFC_00305,gnl|Prokka|GBPCPCFC_6,381,414170,0.1821,915.5354,761.5115,0.8674,0.0,0.3369,-0.3876,381,-0.7019,-0.692,0.2059,0,0,0.1101,0.0829,0.1605,0.0112,0.378,0.9447,-0.0579
GBPCPCFC_00306,gnl|Prokka|GBPCPCFC_6,381,414170,0.1821,915.5354,761.5115,0.8674,0.0,0.3369,-0.3876,2727,2.3788,2.51,0.2036,0,0,0.3817,0.0,0.3478,0.0,0.3333,-0.2777,-0.4561
GBPCPCFC_00307,gnl|Prokka|GBPCPCFC_6,381,414170,0.1821,915.5354,761.5115,0.8674,0.0,0.3369,-0.3876,879,-0.048,-0.0123,0.1897,0,0,0.2344,0.0002,0.2905,0.0,0.347,0.0963,-0.3342
GBPCPCFC_00308,gnl|Prokka|GBPCPCFC_6,381,414170,0.1821,915.5354,761.5115,0.8674,0.0,0.3369,-0.3876,942,0.0348,0.0737,0.1839,0,0,0.2254,0.0003,0.2181,0.0004,0.3439,0.0131,-0.3613
GBPCPCFC_00309,gnl|Prokka|GBPCPCFC_6,381,414170,0.1821,915.5354,761.5115,0.8674,0.0,0.3369,-0.3876,3657,3.6,3.7794,0.1775,0,0,0.3229,0.0,0.329,0.0,0.3533,0.2692,-0.2779
GBPCPCFC_00310,gnl|Prokka|GBPCPCFC_6,381,414170,0.1821,915.5354,761.5115,0.8674,0.0,0.3369,-0.3876,264,-0.8556,-0.8517,0.159,0,0,0.0934,0.1829,0.0883,0.2078,0.3409,-0.0702,-0.3885
GBPCPCFC_00311,gnl|Prokka|GBPCPCFC_6,381,414170,0.1821,915.5354,761.5115,0.8674,0.0,0.3369,-0.3876,984,0.0899,0.131,0.1571,0,0,0.3033,0.0,0.3694,0.0,0.3222,-0.584,-0.5559
GBPCPCFC_00312,gnl|Prokka|GBPCPCFC_6,381,414170,0.1821,915.5354,761.5115,0.8674,0.0,0.3369,-0.3876,798,-0.1543,-0.1229,0.1511,0,0,0.1201,0.055,0.1682,0.007,0.3672,0.6492,-0.1541
GBPCPCFC_00313,gnl|Prokka|GBPCPCFC_6,381,414170,0.1821,915.5354,761.5115,0.8674,0.0,0.3369,-0.3876,657,-0.3395,-0.3153,0.1472,0,0,0.2125,0.0011,0.2422,0.0002,0.309,-0.9449,-0.6735
GBPCPCFC_00314,gnl|Prokka|GBPCPCFC_6,381,414170,0.1821,915.5354,761.5115,0.8674,0.0,0.3369,-0.3876,876,-0.0519,-0.0164,0.144,0,0,0.1102,0.0785,0.1153,0.0655,0.3322,-0.309,-0.4663
GBPCPCFC_00315,gnl|Prokka|GBPCPCFC_6,381,414170,0.1821,915.5354,761.5115,0.8674,0.0,0.3369,-0.3876,765,-0.1977,-0.1679,0.1398,0,0,0.1675,0.0072,0.1239,0.0478,0.315,-0.7791,-0.6194
GBPCPCFC_00316,gnl|Prokka|GBPCPCFC_6,381,414170,0.1821,915.5354,761.5115,0.8674,0.0,0.3369,-0.3876,579,-0.4419,-0.4218,0.1361,0,0,0.0181,0.7891,0.0653,0.3325,0.2746,-1.8865,-0.9802
GBPCPCFC_00317,gnl|Prokka|GBPCPCFC_6,381,414170,0.1821,915.5354,761.5115,0.8674,0.0,0.3369,-0.3876,1851,1.2284,1.3144,0.1333,0,0,0.4777,0.0,0.415,0.0,0.3447,0.0331,-0.3548
GBPCPCFC_00318,gnl|Prokka|GBPCPCFC_6,381,414170,0.1821,915.5354,761.5115,0.8674,0.0,0.3369,-0.3876,420,-0.6507,-0.6388,0.1231,0,0,0.1086,0.0989,0.0863,0.1901,0.3,-1.1909,-0.7536
GBPCPCFC_00319,gnl|Prokka|GBPCPCFC_6,381,414170,0.1821,915.5354,761.5115,0.8674,0.0,0.3369,-0.3876,2280,1.7918,1.8999,0.1206,0,0,0.3896,0.0,0.4465,0.0,0.3509,0.2029,-0.2995
GBPCPCFC_00320,gnl|Prokka|GBPCPCFC_6,381,414170,0.1821,915.5354,761.5115,0.8674,0.0,0.3369,-0.3876,1041,0.1648,0.2088,0.1093,0,0,0.2656,0.0,0.2655,0.0,0.3218,-0.5935,-0.559
GBPCPCFC_00321,gnl|Prokka|GBPCPCFC_6,381,414170,0.1821,915.5354,761.5115,0.8674,0.0,0.3369,-0.3876,1047,0.1726,0.217,0.1038,0,0,0.2072,0.0009,0.1631,0.0089,0.3066,-1.0104,-0.6948
GBPCPCFC_00322,gnl|Prokka|GBPCPCFC_6,381,414170,0.1821,915.5354,761.5115,0.8674,0.0,0.3369,-0.3876,1257,0.4484,0.5036,0.0981,0,0,0.2241,0.0003,0.2721,0.0,0.3866,1.1826,0.0196
GBPCPCFC_00323,gnl|Prokka|GBPCPCFC_6,381,414170,0.1821,915.5354,761.5115,0.8674,0.0,0.3369,-0.3876,1116,0.2632,0.3112,0.092,0,0,0.2633,0.0,0.2894,0.0,0.3746,0.8515,-0.0882
GBPCPCFC_00324,gnl|Prokka|GBPCPCFC_6,381,414170,0.1821,915.5354,761.5115,0.8674,0.0,0.3369,-0.3876,417,-0.6547,-0.6429,0.0865,0,0,0.0709,0.2732,0.079,0.2215,0.3261,-0.4748,-0.5203
GBPCPCFC_00325,gnl|Prokka|GBPCPCFC_6,381,414170,0.1821,915.5354,761.5115,0.8674,0.0,0.3369,-0.3876,1476,0.736,0.8025,0.0816,0,0,0.0558,0.3738,0.086,0.1704,0.2961,-1.2986,-0.7887
GBPCPCFC_00326,gnl|Prokka|GBPCPCFC_6,381,414170,0.1821,915.5354,761.5115,0.8674,0.0,0.3369,-0.3876,2070,1.516,1.6133,0.0741,0,0,0.1505,0.0159,0.1952,0.0017,0.3203,-0.6351,-0.5725
GBPCPCFC_00327,gnl|Prokka|GBPCPCFC_6,381,414170,0.1821,915.5354,761.5115,0.8674,0.0,0.3369,-0.3876,1095,0.2357,0.2825,0.0641,0,0,0.0866,0.1671,0.1653,0.008,0.3689,0.698,-0.1382
GBPCPCFC_00328,gnl|Prokka|GBPCPCFC_6,381,414170,0.1821,915.5354,761.5115,0.8674,0.0,0.3369,-0.3876,3153,2.9382,3.0915,0.0583,0,0,0.2793,0.0,0.3723,0.0,0.3095,-0.9294,-0.6684
GBPCPCFC_00329,gnl|Prokka|GBPCPCFC_6,381,414170,0.1821,915.5354,761.5115,0.8674,0.0,0.3369,-0.3876,753,-0.2134,-0.1843,0.0429,0,0,-0.0224,0.7251,0.0503,0.4302,0.2922,-1.4056,-0.8235
GBPCPCFC_00330,gnl|Prokka|GBPCPCFC_6,381,414170,0.1821,915.5354,761.5115,0.8674,0.0,0.3369,-0.3876,438,-0.6271,-0.6142,0.0363,0,0,0.11,0.0839,0.1573,0.0131,0.3242,-0.5279,-0.5376
GBPCPCFC_00331,gnl|Prokka|GBPCPCFC_6,381,414170,0.1821,915.5354,761.5115,0.8674,0.0,0.3369,-0.3876,1107,0.2514,0.2989,0.032,0,0,0.1077,0.0854,0.1444,0.0208,0.3713,0.7617,-0.1175
GBPCPCFC_00332,gnl|Prokka|GBPCPCFC_6,381,414170,0.1821,915.5354,761.5115,0.8674,0.0,0.3369,-0.3876,1245,0.4326,0.4872,0.0266,0,0,0.3453,0.0,0.3536,0.0,0.2964,-1.29,-0.7859
GBPCPCFC_00333,gnl|Prokka|GBPCPCFC_6,381,414170,0.1821,915.5354,761.5115,0.8674,0.0,0.3369,-0.3876,438,-0.6271,-0.6142,0.0191,0,0,0.1776,0.008,0.1381,0.0398,0.2877,-1.5287,-0.8636
GBPCPCFC_00334,gnl|Prokka|GBPCPCFC_6,381,414170,0.1821,915.5354,761.5115,0.8674,0.0,0.3369,-0.3876,975,0.0781,0.1187,0.0153,0,0,0.1835,0.0037,0.1727,0.0064,0.2872,-1.5422,-0.868
GBPCPCFC_00335,gnl|Prokka|GBPCPCFC_6,381,414170,0.1821,915.5354,761.5115,0.8674,0.0,0.3369,-0.3876,4671,4.9316,5.1634,0.0125,0,0,0.4351,0.0,0.4687,0.0,0.3261,-0.4771,-0.5211
GBPCPCFC_00336,gnl|Prokka|GBPCPCFC_6,381,414170,0.1821,915.5354,761.5115,0.8674,0.0,0.3369,-0.3876,2097,1.5515,1.6501,0.0237,0,0,0.3441,0.0,0.31,0.0,0.3457,0.062,-0.3454
GBPCPCFC_00337,gnl|Prokka|GBPCPCFC_6,381,414170,0.1821,915.5354,761.5115,0.8674,0.0,0.3369,-0.3876,627,-0.3789,-0.3563,0.0267,0,0,0.2316,0.0002,0.2763,0.0,0.3142,-0.8021,-0.6269
GBPCPCFC_00338,gnl|Prokka|GBPCPCFC_6,381,414170,0.1821,915.5354,761.5115,0.8674,0.0,0.3369,-0.3876,207,-0.9304,-0.9295,0.0296,0,0,0.0678,0.428,0.0661,0.4392,0.2222,-3.3218,-1.4478
GBPCPCFC_00339,gnl|Prokka|GBPCPCFC_6,381,414170,0.1821,915.5354,761.5115,0.8674,0.0,0.3369,-0.3876,162,-0.9895,-0.991,0.031,0,0,0.0811,0.2763,0.2157,0.0035,0.3457,0.0605,-0.3459
GBPCPCFC_00340,gnl|Prokka|GBPCPCFC_6,381,414170,0.1821,915.5354,761.5115,0.8674,0.0,0.3369,-0.3876,1905,1.2993,1.3881,0.0403,0,0,0.2917,0.0,0.3161,0.0,0.3171,-0.7235,-0.6013
GBPCPCFC_00341,gnl|Prokka|GBPCPCFC_6,381,414170,0.1821,915.5354,761.5115,0.8674,0.0,0.3369,-0.3876,246,-0.8792,-0.8763,0.0421,0,0,0.1657,0.0196,0.2212,0.0017,0.3171,-0.7232,-0.6012
GBPCPCFC_00342,gnl|Prokka|GBPCPCFC_6,381,414170,0.1821,915.5354,761.5115,0.8674,0.0,0.3369,-0.3876,906,-0.0125,0.0245,0.0468,0,0,0.2414,0.0001,0.2536,0.0,0.3113,-0.8825,-0.6531
GBPCPCFC_00343,gnl|Prokka|GBPCPCFC_6,381,414170,0.1821,915.5354,761.5115,0.8674,0.0,0.3369,-0.3876,1008,0.1214,0.1638,0.0516,0,0,0.2118,0.0008,0.2529,0.0001,0.3135,-0.8213,-0.6332
GBPCPCFC_00344,gnl|Prokka|GBPCPCFC_6,381,414170,0.1821,915.5354,761.5115,0.8674,0.0,0.3369,-0.3876,846,-0.0913,-0.0574,0.0579,0,0,0.2481,0.0001,0.2407,0.0001,0.3546,0.3052,-0.2662
GBPCPCFC_00345,gnl|Prokka|GBPCPCFC_6,381,414170,0.1821,915.5354,761.5115,0.8674,0.0,0.3369,-0.3876,90,-1.0841,-1.0892,0.0591,0,0,-0.0706,0.4853,-0.0536,0.5964,0.3889,1.2443,0.0397
GBPCPCFC_00346,gnl|Prokka|GBPCPCFC_6,381,414170,0.1821,915.5354,761.5115,0.8674,0.0,0.3369,-0.3876,1023,0.1411,0.1842,0.064,0,0,0.1386,0.0265,0.1492,0.0169,0.348,0.124,-0.3252
GBPCPCFC_00347,gnl|Prokka|GBPCPCFC_6,381,414170,0.1821,915.5354,761.5115,0.8674,0.0,0.3369,-0.3876,168,-0.9816,-0.9828,0.0647,0,0,0.1604,0.0283,0.1273,0.0826,0.3512,0.2115,-0.2967
GBPCPCFC_00348,gnl|Prokka|GBPCPCFC_6,381,414170,0.1821,915.5354,761.5115,0.8674,0.0,0.3369,-0.3876,555,-0.4734,-0.4546,0.0684,0,0,0.0237,0.7105,0.0611,0.338,0.3441,0.0185,-0.3596
GBPCPCFC_00349,gnl|Prokka|GBPCPCFC_6,381,414170,0.1821,915.5354,761.5115,0.8674,0.0,0.3369,-0.3876,648,-0.3513,-0.3276,0.0721,0,0,0.0749,0.2478,0.1213,0.0605,0.2701,-2.0112,-1.0208
GBPCPCFC_00350,gnl|Prokka|GBPCPCFC_6,381,414170,0.1821,915.5354,761.5115,0.8674,0.0,0.3369,-0.3876,651,-0.3474,-0.3235,0.0769,0,0,0.106,0.0906,0.05,0.4259,0.3441,0.0169,-0.3601
GBPCPCFC_00351,gnl|Prokka|GBPCPCFC_6,381,414170,0.1821,915.5354,761.5115,0.8674,0.0,0.3369,-0.3876,615,-0.3947,-0.3727,0.0806,0,0,0.1053,0.0926,0.0844,0.1782,0.3366,-0.1886,-0.4271
GBPCPCFC_00352,gnl|Prokka|GBPCPCFC_6,381,414170,0.1821,915.5354,761.5115,0.8674,0.0,0.3369,-0.3876,654,-0.3434,-0.3194,0.0839,0,0,0.0977,0.125,0.1523,0.0164,0.2844,-1.6182,-0.8928
GBPCPCFC_00353,gnl|Prokka|GBPCPCFC_6,381,414170,0.1821,915.5354,761.5115,0.8674,0.0,0.3369,-0.3876,297,-0.8122,-0.8067,0.0853,0,0,0.0665,0.304,0.1015,0.1161,0.3906,1.2904,0.0548
GBPCPCFC_00354,gnl|Prokka|GBPCPCFC_6,381,414170,0.1821,915.5354,761.5115,0.8674,0.0,0.3369,-0.3876,1776,1.1299,1.212,0.0941,0,0,0.3629,0.0,0.3381,0.0,0.3986,1.5117,0.1269
GBPCPCFC_00355,gnl|Prokka|GBPCPCFC_6,381,414170,0.1821,915.5354,761.5115,0.8674,0.0,0.3369,-0.3876,870,-0.0598,-0.0246,0.0984,0,0,0.3191,0.0,0.3025,0.0,0.3149,-0.7816,-0.6202
GBPCPCFC_00356,gnl|Prokka|GBPCPCFC_6,381,414170,0.1821,915.5354,761.5115,0.8674,0.0,0.3369,-0.3876,942,0.0348,0.0737,0.1032,0,0,0.2496,0.0001,0.2821,0.0,0.3493,0.1585,-0.314
GBPCPCFC_00357,gnl|Prokka|GBPCPCFC_6,381,414170,0.1821,915.5354,761.5115,0.8674,0.0,0.3369,-0.3876,849,-0.0874,-0.0533,0.1074,0,0,0.09,0.1509,0.1521,0.0148,0.3145,-0.794,-0.6243
GBPCPCFC_00358,gnl|Prokka|GBPCPCFC_6,381,414170,0.1821,915.5354,761.5115,0.8674,0.0,0.3369,-0.3876,654,-0.3434,-0.3194,0.1106,0,0,0.2207,0.0005,0.1873,0.0031,0.3257,-0.4872,-0.5243
GBPCPCFC_00359,gnl|Prokka|GBPCPCFC_6,381,414170,0.1821,915.5354,761.5115,0.8674,0.0,0.3369,-0.3876,222,-0.9107,-0.9091,0.1117,0,0,0.0794,0.2345,0.0115,0.8639,0.3649,0.5861,-0.1747
GBPCPCFC_00360,gnl|Prokka|GBPCPCFC_6,381,414170,0.1821,915.5354,761.5115,0.8674,0.0,0.3369,-0.3876,612,-0.3986,-0.3768,0.1148,0,0,0.1005,0.1139,0.1311,0.0387,0.3464,0.0804,-0.3394
GBPCPCFC_00361,gnl|Prokka|GBPCPCFC_6,381,414170,0.1821,915.5354,761.5115,0.8674,0.0,0.3369,-0.3876,336,-0.761,-0.7535,0.1169,0,0,0.0415,0.5158,0.0881,0.1668,0.3452,0.0484,-0.3498
GBPCPCFC_00362,gnl|Prokka|GBPCPCFC_6,381,414170,0.1821,915.5354,761.5115,0.8674,0.0,0.3369,-0.3876,1782,1.1378,1.2202,0.1261,0,0,0.3162,0.0,0.4381,0.0,0.3064,-1.0157,-0.6965
GBPCPCFC_00363,gnl|Prokka|GBPCPCFC_6,381,414170,0.1821,915.5354,761.5115,0.8674,0.0,0.3369,-0.3876,1908,1.3033,1.3922,0.1354,0,0,0.2844,0.0,0.3411,0.0,0.3464,0.0812,-0.3392
GBPCPCFC_00364,gnl|Prokka|GBPCPCFC_6,381,414170,0.1821,915.5354,761.5115,0.8674,0.0,0.3369,-0.3876,750,-0.2174,-0.1884,0.1393,0,0,0.3077,0.0,0.3048,0.0,0.3973,1.4757,0.1151
GBPCPCFC_00365,gnl|Prokka|GBPCPCFC_6,381,414170,0.1821,915.5354,761.5115,0.8674,0.0,0.3369,-0.3876,774,-0.1859,-0.1556,0.1432,0,0,0.1419,0.0231,0.1747,0.0051,0.345,0.0408,-0.3523
GBPCPCFC_00366,gnl|Prokka|GBPCPCFC_6,381,414170,0.1821,915.5354,761.5115,0.8674,0.0,0.3369,-0.3876,507,-0.5365,-0.5201,0.1457,0,0,0.1697,0.0084,0.196,0.0023,0.3373,-0.1696,-0.4209
GBPCPCFC_00367,gnl|Prokka|GBPCPCFC_6,381,414170,0.1821,915.5354,761.5115,0.8674,0.0,0.3369,-0.3876,228,-0.9029,-0.9009,0.1479,0,0,0.2678,0.0001,0.2546,0.0001,0.3465,0.0828,-0.3387
GBPCPCFC_00368,gnl|Prokka|GBPCPCFC_6,381,414170,0.1821,915.5354,761.5115,0.8674,0.0,0.3369,-0.3876,1878,1.2639,1.3512,0.1571,0,0,0.2574,0.0,0.3024,0.0,0.3424,-0.0297,-0.3753
GBPCPCFC_00369,gnl|Prokka|GBPCPCFC_6,381,414170,0.1821,915.5354,761.5115,0.8674,0.0,0.3369,-0.3876,153,-1.0013,-1.0032,0.1589,0,0,0.202,0.0067,0.2214,0.0029,0.4052,1.692,0.1856
GBPCPCFC_00370,gnl|Prokka|GBPCPCFC_6,381,414170,0.1821,915.5354,761.5115,0.8674,0.0,0.3369,-0.3876,1893,1.2836,1.3717,0.1694,0,0,0.2921,0.0,0.3309,0.0,0.3407,-0.0751,-0.3901
GBPCPCFC_00371,gnl|Prokka|GBPCPCFC_6,381,414170,0.1821,915.5354,761.5115,0.8674,0.0,0.3369,-0.3876,2028,1.4609,1.556,0.1825,0,0,0.2044,0.001,0.2573,0.0,0.3368,-0.1832,-0.4253
GBPCPCFC_00372,gnl|Prokka|GBPCPCFC_6,381,414170,0.1821,915.5354,761.5115,0.8674,0.0,0.3369,-0.3876,549,-0.4813,-0.4627,0.1862,0,0,0.252,0.0001,0.2798,0.0,0.275,-1.8746,-0.9763
GBPCPCFC_00373,gnl|Prokka|GBPCPCFC_6,381,414170,0.1821,915.5354,761.5115,0.8674,0.0,0.3369,-0.3876,2562,2.1621,2.2848,0.1986,0,0,0.4254,0.0,0.4404,0.0,0.3587,0.4174,-0.2297
GBPCPCFC_00374,gnl|Prokka|GBPCPCFC_6,381,414170,0.1821,915.5354,761.5115,0.8674,0.0,0.3369,-0.3876,1545,0.8266,0.8967,0.2062,0,0,0.3011,0.0,0.346,0.0,0.3761,0.8926,-0.0748
GBPCPCFC_00375,gnl|Prokka|GBPCPCFC_6,381,414170,0.1821,915.5354,761.5115,0.8674,0.0,0.3369,-0.3876,837,-0.1031,-0.0696,0.2107,0,0,0.3533,0.0,0.3288,0.0,0.3632,0.5406,-0.1895
GBPCPCFC_00376,gnl|Prokka|GBPCPCFC_6,381,414170,0.1821,915.5354,761.5115,0.8674,0.0,0.3369,-0.3876,993,0.1017,0.1433,0.2157,0,0,0.1669,0.0074,0.193,0.0019,0.3182,-0.6916,-0.5909
GBPCPCFC_00377,gnl|Prokka|GBPCPCFC_6,381,414170,0.1821,915.5354,761.5115,0.8674,0.0,0.3369,-0.3876,1434,0.6808,0.7452,0.2227,0,0,0.349,0.0,0.4189,0.0,0.3856,1.1552,0.0107
GBPCPCFC_00378,gnl|Prokka|GBPCPCFC_6,381,414170,0.1821,915.5354,761.5115,0.8674,0.0,0.3369,-0.3876,444,-0.6192,-0.6061,0.2249,0,0,0.0827,0.1942,0.0905,0.1555,0.3896,1.2649,0.0464
GBPCPCFC_00379,gnl|Prokka|GBPCPCFC_6,381,414170,0.1821,915.5354,761.5115,0.8674,0.0,0.3369,-0.3876,1005,0.1175,0.1597,0.2298,0,0,0.262,0.0,0.3278,0.0,0.3234,-0.5503,-0.5449
GBPCPCFC_00380,gnl|Prokka|GBPCPCFC_6,381,414170,0.1821,915.5354,761.5115,0.8674,0.0,0.3369,-0.3876,342,-0.7532,-0.7453,0.2314,0,0,0.1384,0.038,0.0951,0.1553,0.3158,-0.7584,-0.6127
GBPCPCFC_00381,gnl|Prokka|GBPCPCFC_6,381,414170,0.1821,915.5354,761.5115,0.8674,0.0,0.3369,-0.3876,345,-0.7492,-0.7412,0.2335,0,0,0.2304,0.0004,0.2989,0.0,0.3739,0.834,-0.0939
GBPCPCFC_00382,gnl|Prokka|GBPCPCFC_6,381,414170,0.1821,915.5354,761.5115,0.8674,0.0,0.3369,-0.3876,417,-0.6547,-0.6429,0.2381,0,0,0.2173,0.0007,0.1874,0.0036,0.3645,0.5764,-0.1779
GBPCPCFC_00383,gnl|Prokka|GBPCPCFC_6,381,414170,0.1821,915.5354,761.5115,0.8674,0.0,0.3369,-0.3876,873,-0.0559,-0.0205,0.2433,0,0,0.1782,0.0049,0.1651,0.0092,0.3276,-0.4346,-0.5072
GBPCPCFC_00384,gnl|Prokka|GBPCPCFC_6,381,414170,0.1821,915.5354,761.5115,0.8674,0.0,0.3369,-0.3876,387,-0.6941,-0.6839,0.2466,0,0,0.2251,0.0005,0.2643,0.0,0.3307,-0.3485,-0.4792
GBPCPCFC_00385,gnl|Prokka|GBPCPCFC_6,381,414170,0.1821,915.5354,761.5115,0.8674,0.0,0.3369,-0.3876,1371,0.5981,0.6592,0.2545,0,0,0.2786,0.0,0.2896,0.0,0.3508,0.2019,-0.2999
GBPCPCFC_00386,gnl|Prokka|GBPCPCFC_6,381,414170,0.1821,915.5354,761.5115,0.8674,0.0,0.3369,-0.3876,1086,0.2239,0.2702,0.2597,0,0,0.1133,0.0703,0.1953,0.0017,0.3435,-0.0002,-0.3657
GBPCPCFC_00387,gnl|Prokka|GBPCPCFC_6,381,414170,0.1821,915.5354,761.5115,0.8674,0.0,0.3369,-0.3876,1293,0.4957,0.5527,0.2668,0,0,0.4005,0.0,0.4328,0.0,0.3627,0.5274,-0.1938
GBPCPCFC_00388,gnl|Prokka|GBPCPCFC_6,381,414170,0.1821,915.5354,761.5115,0.8674,0.0,0.3369,-0.3876,1086,0.2239,0.2702,0.2733,0,0,0.1137,0.0695,0.1858,0.0028,0.3729,0.807,-0.1027
GBPCPCFC_00389,gnl|Prokka|GBPCPCFC_6,381,414170,0.1821,915.5354,761.5115,0.8674,0.0,0.3369,-0.3876,1182,0.3499,0.4012,0.2792,0,0,0.2315,0.0002,0.2192,0.0004,0.3909,1.2984,0.0574
GBPCPCFC_00390,gnl|Prokka|GBPCPCFC_6,381,414170,0.1821,915.5354,761.5115,0.8674,0.0,0.3369,-0.3876,1122,0.2711,0.3193,0.2858,0,0,0.3563,0.0,0.3296,0.0,0.3405,-0.0824,-0.3925
GBPCPCFC_00391,gnl|Prokka|GBPCPCFC_6,381,414170,0.1821,915.5354,761.5115,0.8674,0.0,0.3369,-0.3876,657,-0.3395,-0.3153,0.2894,0,0,0.173,0.0071,0.2256,0.0004,0.2557,-2.4044,-1.1489
GBPCPCFC_00392,gnl|Prokka|GBPCPCFC_6,381,414170,0.1821,915.5354,761.5115,0.8674,0.0,0.3369,-0.3876,1527,0.803,0.8721,0.298,0,0,0.3402,0.0,0.411,0.0,0.3091,-0.9416,-0.6724
GBPCPCFC_00393,gnl|Prokka|GBPCPCFC_6,381,414170,0.1821,915.5354,761.5115,0.8674,0.0,0.3369,-0.3876,312,-0.7925,-0.7862,0.2999,0,0,0.165,0.0117,0.1299,0.0476,0.3494,0.1613,-0.3131
GBPCPCFC_00394,gnl|Prokka|GBPCPCFC_6,381,414170,0.1821,915.5354,761.5115,0.8674,0.0,0.3369,-0.3876,279,-0.8359,-0.8313,0.302,0,0,-0.1881,0.007,-0.1957,0.005,0.3118,-0.8669,-0.648
GBPCPCFC_00395,gnl|Prokka|GBPCPCFC_6,381,414170,0.1821,915.5354,761.5115,0.8674,0.0,0.3369,-0.3876,576,-0.4459,-0.4259,0.3051,0,0,0.129,0.0423,0.2428,0.0001,0.3299,-0.3728,-0.4871
GBPCPCFC_00396,gnl|Prokka|GBPCPCFC_6,381,414170,0.1821,915.5354,761.5115,0.8674,0.0,0.3369,-0.3876,429,-0.6389,-0.6265,0.3071,0,0,0.1159,0.0774,0.1718,0.0086,0.2774,-1.8104,-0.9554
GBPCPCFC_00397,gnl|Prokka|GBPCPCFC_6,381,414170,0.1821,915.5354,761.5115,0.8674,0.0,0.3369,-0.3876,1029,0.149,0.1924,0.3121,0,0,0.1945,0.0018,0.2525,0.0,0.3003,-1.183,-0.751
GBPCPCFC_00398,gnl|Prokka|GBPCPCFC_6,381,414170,0.1821,915.5354,761.5115,0.8674,0.0,0.3369,-0.3876,1155,0.3145,0.3644,0.318,0,0,0.1193,0.0567,0.1542,0.0135,0.3377,-0.1591,-0.4175
GBPCPCFC_00399,gnl|Prokka|GBPCPCFC_6,381,414170,0.1821,915.5354,761.5115,0.8674,0.0,0.3369,-0.3876,129,-1.0329,-1.036,0.3199,0,0,-0.0735,0.3349,-0.0283,0.7112,0.3256,-0.4901,-0.5253
GBPCPCFC_00400,gnl|Prokka|GBPCPCFC_6,381,414170,0.1821,915.5354,761.5115,0.8674,0.0,0.3369,-0.3876,636,-0.3671,-0.344,0.3237,0,0,-0.0491,0.4631,-0.0154,0.8176,0.2956,-1.3116,-0.7929
GBPCPCFC_00401,gnl|Prokka|GBPCPCFC_6,381,414170,0.1821,915.5354,761.5115,0.8674,0.0,0.3369,-0.3876,2493,2.0715,2.1906,0.3367,0,0,0.2599,0.0,0.3079,0.0,0.3297,-0.3766,-0.4883
GBPCPCFC_00402,gnl|Prokka|GBPCPCFC_6,381,414170,0.1821,915.5354,761.5115,0.8674,0.0,0.3369,-0.3876,606,-0.4065,-0.3849,0.3407,0,0,0.1256,0.0481,0.1082,0.0891,0.3119,-0.8654,-0.6476
GBPCPCFC_00403,gnl|Prokka|GBPCPCFC_6,381,414170,0.1821,915.5354,761.5115,0.8674,0.0,0.3369,-0.3876,648,-0.3513,-0.3276,0.3453,0,0,0.1311,0.0361,0.099,0.1141,0.3781,0.9484,-0.0567
GBPCPCFC_00404,gnl|Prokka|GBPCPCFC_6,381,414170,0.1821,915.5354,761.5115,0.8674,0.0,0.3369,-0.3876,2223,1.7169,1.8221,0.3563,0,0,0.2117,0.0006,0.2238,0.0003,0.3644,0.5726,-0.1791
GBPCPCFC_00405,gnl|Prokka|GBPCPCFC_6,381,414170,0.1821,915.5354,761.5115,0.8674,0.0,0.3369,-0.3876,438,-0.6271,-0.6142,0.3612,0,0,-0.0882,0.1713,-0.033,0.6092,0.3539,0.2852,-0.2727
GBPCPCFC_00406,gnl|Prokka|GBPCPCFC_6,381,414170,0.1821,915.5354,761.5115,0.8674,0.0,0.3369,-0.3876,1089,0.2278,0.2743,0.3665,0,0,0.0398,0.5265,0.1282,0.0404,0.2782,-1.7872,-0.9478
GBPCPCFC_00407,gnl|Prokka|GBPCPCFC_6,381,414170,0.1821,915.5354,761.5115,0.8674,0.0,0.3369,-0.3876,1029,0.149,0.1924,0.3714,0,0,0.1934,0.003,0.1649,0.0115,0.3032,-1.1031,-0.725
GBPCPCFC_00408,gnl|Prokka|GBPCPCFC_6,381,414170,0.1821,915.5354,761.5115,0.8674,0.0,0.3369,-0.3876,825,-0.1189,-0.086,0.3775,0,0,0.1657,0.0079,0.1718,0.0059,0.3006,-1.1743,-0.7482
GBPCPCFC_00409,gnl|Prokka|GBPCPCFC_6,381,414170,0.1821,915.5354,761.5115,0.8674,0.0,0.3369,-0.3876,549,-0.4813,-0.4627,0.3815,0,0,0.1511,0.0173,0.1907,0.0026,0.326,-0.4773,-0.5211
GBPCPCFC_00410,gnl|Prokka|GBPCPCFC_6,381,414170,0.1821,915.5354,761.5115,0.8674,0.0,0.3369,-0.3876,417,-0.6547,-0.6429,0.3836,0,0,0.1197,0.0558,0.1388,0.0263,0.3141,-0.8033,-0.6273
GBPCPCFC_00411,gnl|Prokka|GBPCPCFC_6,381,414170,0.1821,915.5354,761.5115,0.8674,0.0,0.3369,-0.3876,1041,0.1648,0.2088,0.3887,0,0,0.3176,0.0,0.2898,0.0,0.3525,0.2486,-0.2846
GBPCPCFC_00412,gnl|Prokka|GBPCPCFC_6,381,414170,0.1821,915.5354,761.5115,0.8674,0.0,0.3369,-0.3876,261,-0.8595,-0.8558,0.39,0,0,0.0124,0.8577,-0.0029,0.9662,0.3103,-0.9075,-0.6613
GBPCPCFC_00413,gnl|Prokka|GBPCPCFC_6,381,414170,0.1821,915.5354,761.5115,0.8674,0.0,0.3369,-0.3876,258,-0.8635,-0.8599,0.3913,0,0,0.1054,0.1435,0.0472,0.5136,0.2907,-1.4458,-0.8366
GBPCPCFC_00414,gnl|Prokka|GBPCPCFC_6,381,414170,0.1821,915.5354,761.5115,0.8674,0.0,0.3369,-0.3876,438,-0.6271,-0.6142,0.3935,0,0,0.1586,0.0183,0.1697,0.0115,0.3219,-0.5905,-0.558
GBPCPCFC_00415,gnl|Prokka|GBPCPCFC_6,381,414170,0.1821,915.5354,761.5115,0.8674,0.0,0.3369,-0.3876,825,-0.1189,-0.086,0.3975,0,0,0.197,0.0015,0.2124,0.0006,0.3842,1.117,-0.0017
GBPCPCFC_00416,gnl|Prokka|GBPCPCFC_6,381,414170,0.1821,915.5354,761.5115,0.8674,0.0,0.3369,-0.3876,864,-0.0677,-0.0328,0.4019,0,0,0.3056,0.0,0.2914,0.0,0.3449,0.0394,-0.3528
GBPCPCFC_00417,gnl|Prokka|GBPCPCFC_6,381,414170,0.1821,915.5354,761.5115,0.8674,0.0,0.3369,-0.3876,459,-0.5995,-0.5856,0.4044,0,0,0.1838,0.0055,0.1928,0.0035,0.2963,-1.2924,-0.7867
GBPCPCFC_00418,gnl|Prokka|GBPCPCFC_6,381,414170,0.1821,915.5354,761.5115,0.8674,0.0,0.3369,-0.3876,201,-0.9383,-0.9377,0.406,0,0,0.1786,0.0122,0.1897,0.0077,0.3433,-0.0051,-0.3673
GBPCPCFC_00419,gnl|Prokka|GBPCPCFC_6,381,414170,0.1821,915.5354,761.5115,0.8674,0.0,0.3369,-0.3876,954,0.0505,0.09,0.4106,0,0,0.3099,0.0,0.3517,0.0,0.37,0.7274,-0.1287
GBPCPCFC_00420,gnl|Prokka|GBPCPCFC_6,381,414170,0.1821,915.5354,761.5115,0.8674,0.0,0.3369,-0.3876,264,-0.8556,-0.8517,0.4122,0,0,-0.0656,0.3308,-0.0668,0.3218,0.3182,-0.6928,-0.5913
GBPCPCFC_00421,gnl|Prokka|GBPCPCFC_6,381,414170,0.1821,915.5354,761.5115,0.8674,0.0,0.3369,-0.3876,360,-0.7295,-0.7207,0.4146,0,0,0.005,0.9434,0.0653,0.3488,0.3083,-0.9626,-0.6792
GBPCPCFC_00422,gnl|Prokka|GBPCPCFC_6,381,414170,0.1821,915.5354,761.5115,0.8674,0.0,0.3369,-0.3876,2055,1.4963,1.5928,0.4246,0,0,0.2804,0.0,0.3494,0.0,0.3139,-0.811,-0.6298
GBPCPCFC_00423,gnl|Prokka|GBPCPCFC_6,381,414170,0.1821,915.5354,761.5115,0.8674,0.0,0.3369,-0.3876,3348,3.1943,3.3576,0.4414,0,0,0.4351,0.0,0.4589,0.0,0.3232,-0.5559,-0.5467
GBPCPCFC_00424,gnl|Prokka|GBPCPCFC_6,381,414170,0.1821,915.5354,761.5115,0.8674,0.0,0.3369,-0.3876,504,-0.5404,-0.5242,0.4441,0,0,0.2158,0.0005,0.2932,0.0,0.3254,-0.4952,-0.5269
GBPCPCFC_00425,gnl|Prokka|GBPCPCFC_6,381,414170,0.1821,915.5354,761.5115,0.8674,0.0,0.3369,-0.3876,1371,0.5981,0.6592,0.4516,0,0,0.2646,0.0,0.3458,0.0,0.3311,-0.3377,-0.4756
GBPCPCFC_00426,gnl|Prokka|GBPCPCFC_6,381,414170,0.1821,915.5354,761.5115,0.8674,0.0,0.3369,-0.3876,567,-0.4577,-0.4382,0.4555,0,0,0.2429,0.0001,0.2102,0.0009,0.3333,-0.2777,-0.4561
GBPCPCFC_00427,gnl|Prokka|GBPCPCFC_6,381,414170,0.1821,915.5354,761.5115,0.8674,0.0,0.3369,-0.3876,747,-0.2213,-0.1925,0.4591,0,0,0.2668,0.0,0.2507,0.0,0.3066,-1.0112,-0.6951
GBPCPCFC_00428,gnl|Prokka|GBPCPCFC_6,381,414170,0.1821,915.5354,761.5115,0.8674,0.0,0.3369,-0.3876,306,-0.8004,-0.7944,0.4607,0,0,0.0965,0.1483,0.1031,0.1223,0.3987,1.5129,0.1273
GBPCPCFC_00429,gnl|Prokka|GBPCPCFC_6,381,414170,0.1821,915.5354,761.5115,0.8674,0.0,0.3369,-0.3876,696,-0.2883,-0.2621,0.4653,0,0,0.1714,0.006,0.1421,0.023,0.3534,0.2734,-0.2766
GBPCPCFC_00430,gnl|Prokka|GBPCPCFC_6,381,414170,0.1821,915.5354,761.5115,0.8674,0.0,0.3369,-0.3876,765,-0.1977,-0.1679,0.469,0,0,0.2031,0.0013,0.2246,0.0004,0.3229,-0.5642,-0.5494
GBPCPCFC_00431,gnl|Prokka|GBPCPCFC_6,381,414170,0.1821,915.5354,761.5115,0.8674,0.0,0.3369,-0.3876,1041,0.1648,0.2088,0.4741,0,0,0.2318,0.0002,0.2308,0.0002,0.318,-0.6988,-0.5933
GBPCPCFC_00432,gnl|Prokka|GBPCPCFC_6,381,414170,0.1821,915.5354,761.5115,0.8674,0.0,0.3369,-0.3876,1158,0.3184,0.3685,0.4798,0,0,0.2181,0.0004,0.1803,0.0038,0.3566,0.3611,-0.248
GBPCPCFC_00433,gnl|Prokka|GBPCPCFC_6,381,414170,0.1821,915.5354,761.5115,0.8674,0.0,0.3369,-0.3876,1560,0.8463,0.9172,0.4876,0,0,0.2946,0.0,0.3694,0.0,0.3474,0.1086,-0.3302
GBPCPCFC_00434,gnl|Prokka|GBPCPCFC_6,381,414170,0.1821,915.5354,761.5115,0.8674,0.0,0.3369,-0.3876,471,-0.5838,-0.5692,0.4898,0,0,0.2153,0.0009,0.2609,0.0001,0.3142,-0.8012,-0.6266
GBPCPCFC_00435,gnl|Prokka|GBPCPCFC_6,381,414170,0.1821,915.5354,761.5115,0.8674,0.0,0.3369,-0.3876,2811,2.4891,2.6247,0.5034,0,0,0.3203,0.0,0.4235,0.0,0.355,0.3168,-0.2624
GBPCPCFC_00436,gnl|Prokka|GBPCPCFC_6,381,414170,0.1821,915.5354,761.5115,0.8674,0.0,0.3369,-0.3876,1215,0.3933,0.4463,0.5096,0,0,0.3127,0.0,0.37,0.0,0.3811,1.0301,-0.03
GBPCPCFC_00437,gnl|Prokka|GBPCPCFC_6,381,414170,0.1821,915.5354,761.5115,0.8674,0.0,0.3369,-0.3876,2454,2.0203,2.1374,0.5216,0,0,0.4316,0.0,0.426,0.0,0.3158,-0.7578,-0.6125
GBPCPCFC_00438,gnl|Prokka|GBPCPCFC_6,381,414170,0.1821,915.5354,761.5115,0.8674,0.0,0.3369,-0.3876,2763,2.426,2.5592,0.5364,0,0,-0.1018,0.1041,-0.1077,0.0854,0.4828,3.8174,0.878
GBPCPCFC_00439,gnl|Prokka|GBPCPCFC_6,381,414170,0.1821,915.5354,761.5115,0.8674,0.0,0.3369,-0.3876,110,-1.0578,-1.0619,0.5385,0,0,-0.0864,0.2516,-0.0986,0.1906,0.5182,4.7865,1.1937
GBPCPCFC_00440,gnl|Prokka|GBPCPCFC_6,381,414170,0.1821,915.5354,761.5115,0.8674,0.0,0.3369,-0.3876,558,-0.4695,-0.4505,0.5421,0,0,0.1446,0.0298,0.1068,0.1092,0.2491,-2.5853,-1.2079
GBPCPCFC_00441,gnl|Prokka|GBPCPCFC_6,381,414170,0.1821,915.5354,761.5115,0.8674,0.0,0.3369,-0.3876,438,-0.6271,-0.6142,0.5516,0,0,0.11,0.0839,0.1573,0.0131,0.3242,-0.5279,-0.5376
GBPCPCFC_00442,gnl|Prokka|GBPCPCFC_6,381,414170,0.1821,915.5354,761.5115,0.8674,0.0,0.3369,-0.3876,747,-0.2213,-0.1925,0.5579,0,0,0.0691,0.2782,0.1142,0.0725,0.3373,-0.1677,-0.4203
GBPCPCFC_00443,gnl|Prokka|GBPCPCFC_6,381,414170,0.1821,915.5354,761.5115,0.8674,0.0,0.3369,-0.3876,1500,0.7675,0.8353,0.5667,0,0,0.3037,0.0,0.3572,0.0,0.306,-1.0266,-0.7001
GBPCPCFC_00444,gnl|Prokka|GBPCPCFC_6,381,414170,0.1821,915.5354,761.5115,0.8674,0.0,0.3369,-0.3876,77,-1.1011,-1.107,0.5682,0,0,-0.0158,0.8567,-0.0773,0.3767,0.5584,5.8895,1.553
GBPCPCFC_00445,gnl|Prokka|GBPCPCFC_6,381,414170,0.1821,915.5354,761.5115,0.8674,0.0,0.3369,-0.3876,1185,0.3539,0.4053,0.5762,0,0,0.0923,0.1409,0.1515,0.0153,0.3705,0.7395,-0.1247
GBPCPCFC_00446,gnl|Prokka|GBPCPCFC_6,381,414170,0.1821,915.5354,761.5115,0.8674,0.0,0.3369,-0.3876,564,-0.4616,-0.4423,0.5795,0,0,0.0579,0.3561,0.0145,0.8176,0.289,-1.4921,-0.8517
GBPCPCFC_00447,gnl|Prokka|GBPCPCFC_6,381,414170,0.1821,915.5354,761.5115,0.8674,0.0,0.3369,-0.3876,396,-0.6822,-0.6716,0.5815,0,0,-0.0843,0.1987,-0.0966,0.1408,0.3434,-0.001,-0.3659
GBPCPCFC_00448,gnl|Prokka|GBPCPCFC_6,381,414170,0.1821,915.5354,761.5115,0.8674,0.0,0.3369,-0.3876,231,-0.8989,-0.8968,0.5835,0,0,0.0622,0.3577,0.039,0.564,0.3766,0.9083,-0.0697
GBPCPCFC_00449,gnl|Prokka|GBPCPCFC_6,381,414170,0.1821,915.5354,761.5115,0.8674,0.0,0.3369,-0.3876,1845,1.2206,1.3062,0.593,0,0,0.1211,0.0529,0.1675,0.0072,0.3322,-0.3074,-0.4658
GBPCPCFC_00450,gnl|Prokka|GBPCPCFC_6,381,414170,0.1821,915.5354,761.5115,0.8674,0.0,0.3369,-0.3876,282,-0.8319,-0.8272,0.5943,0,0,0.0045,0.9469,0.0548,0.4186,0.3617,0.4995,-0.2029
GBPCPCFC_00451,gnl|Prokka|GBPCPCFC_6,381,414170,0.1821,915.5354,761.5115,0.8674,0.0,0.3369,-0.3876,243,-0.8832,-0.8804,0.5977,0,0,0.1488,0.0336,0.1191,0.0897,0.3251,-0.5032,-0.5296
GBPCPCFC_00452,gnl|Prokka|GBPCPCFC_6,381,414170,0.1821,915.5354,761.5115,0.8674,0.0,0.3369,-0.3876,246,-0.8792,-0.8763,0.5983,0,0,0.2074,0.0017,0.2107,0.0014,0.3415,-0.055,-0.3835
GBPCPCFC_00453,gnl|Prokka|GBPCPCFC_6,381,414170,0.1821,915.5354,761.5115,0.8674,0.0,0.3369,-0.3876,873,-0.0559,-0.0205,0.6044,0,0,0.1001,0.1157,0.11,0.0839,0.3562,0.3499,-0.2516
GBPCPCFC_00454,gnl|Prokka|GBPCPCFC_6,381,414170,0.1821,915.5354,761.5115,0.8674,0.0,0.3369,-0.3876,1293,0.4957,0.5527,0.6109,0,0,0.1721,0.0058,0.2133,0.0006,0.3527,0.252,-0.2835
GBPCPCFC_00455,gnl|Prokka|GBPCPCFC_6,381,414170,0.1821,915.5354,761.5115,0.8674,0.0,0.3369,-0.3876,1452,0.7045,0.7698,0.618,0,0,0.1656,0.0079,0.2667,0.0,0.3939,1.3827,0.0848
GBPCPCFC_00456,gnl|Prokka|GBPCPCFC_6,381,414170,0.1821,915.5354,761.5115,0.8674,0.0,0.3369,-0.3876,465,-0.5916,-0.5774,0.6204,0,0,0.0836,0.1966,0.1296,0.0448,0.3161,-0.7491,-0.6096
GBPCPCFC_00457,gnl|Prokka|GBPCPCFC_6,381,414170,0.1821,915.5354,761.5115,0.8674,0.0,0.3369,-0.3876,2031,1.4648,1.56,0.6319,0,0,0.3646,0.0,0.3975,0.0,0.3668,0.6395,-0.1573
GBPCPCFC_00458,gnl|Prokka|GBPCPCFC_6,381,414170,0.1821,915.5354,761.5115,0.8674,0.0,0.3369,-0.3876,2856,2.5482,2.6861,0.6474,0,0,0.1888,0.0024,0.2979,0.0,0.3768,0.9118,-0.0686
GBPCPCFC_00459,gnl|Prokka|GBPCPCFC_6,381,414170,0.1821,915.5354,761.5115,0.8674,0.0,0.3369,-0.3876,780,-0.178,-0.1474,0.6528,0,0,0.2227,0.0006,0.2355,0.0003,0.3795,0.9867,-0.0442
GBPCPCFC_00460,gnl|Prokka|GBPCPCFC_6,381,414170,0.1821,915.5354,761.5115,0.8674,0.0,0.3369,-0.3876,1293,0.4957,0.5527,0.6591,0,0,0.1647,0.0083,0.2069,0.0009,0.3534,0.2732,-0.2766
GBPCPCFC_00461,gnl|Prokka|GBPCPCFC_6,381,414170,0.1821,915.5354,761.5115,0.8674,0.0,0.3369,-0.3876,483,-0.568,-0.5528,0.6617,0,0,0.1332,0.0392,0.1636,0.0111,0.3333,-0.2777,-0.4561
GBPCPCFC_00462,gnl|Prokka|GBPCPCFC_6,381,414170,0.1821,915.5354,761.5115,0.8674,0.0,0.3369,-0.3876,1845,1.2206,1.3062,0.672,0,0,0.1772,0.0045,0.2621,0.0,0.3252,-0.5005,-0.5287
GBPCPCFC_00463,gnl|Prokka|GBPCPCFC_6,381,414170,0.1821,915.5354,761.5115,0.8674,0.0,0.3369,-0.3876,180,-0.9659,-0.9664,0.6728,0,0,0.1292,0.0523,0.1359,0.0412,0.3833,1.0921,-0.0098
GBPCPCFC_00464,gnl|Prokka|GBPCPCFC_6,381,414170,0.1821,915.5354,761.5115,0.8674,0.0,0.3369,-0.3876,1380,0.6099,0.6715,0.6818,0,0,0.2418,0.0001,0.2999,0.0,0.2486,-2.6005,-1.2128
GBPCPCFC_00465,gnl|Prokka|GBPCPCFC_6,381,414170,0.1821,915.5354,761.5115,0.8674,0.0,0.3369,-0.3876,1233,0.4169,0.4709,0.6878,0,0,0.0338,0.6012,0.1047,0.1051,0.2668,-2.0997,-1.0497
GBPCPCFC_00466,gnl|Prokka|GBPCPCFC_6,381,414170,0.1821,915.5354,761.5115,0.8674,0.0,0.3369,-0.3876,1056,0.1845,0.2293,0.6927,0,0,0.1735,0.0061,0.1936,0.0021,0.3191,-0.6669,-0.5829
GBPCPCFC_00467,gnl|Prokka|GBPCPCFC_6,381,414170,0.1821,915.5354,761.5115,0.8674,0.0,0.3369,-0.3876,429,-0.6389,-0.6265,0.6948,0,0,0.2364,0.0005,0.1882,0.0058,0.2937,-1.3634,-0.8098
GBPCPCFC_00468,gnl|Prokka|GBPCPCFC_6,381,414170,0.1821,915.5354,761.5115,0.8674,0.0,0.3369,-0.3876,1095,0.2357,0.2825,0.7019,0,0,0.0889,0.1561,0.1585,0.0111,0.3699,0.7231,-0.1301
GBPCPCFC_00469,gnl|Prokka|GBPCPCFC_6,381,414170,0.1821,915.5354,761.5115,0.8674,0.0,0.3369,-0.3876,198,-0.9423,-0.9418,0.7039,0,0,0.0225,0.7714,0.0452,0.56,0.2879,-1.523,-0.8618
GBPCPCFC_00470,gnl|Prokka|GBPCPCFC_6,381,414170,0.1821,915.5354,761.5115,0.8674,0.0,0.3369,-0.3876,186,-0.958,-0.9582,0.7048,0,0,0.0882,0.2154,0.0867,0.2233,0.3065,-1.0142,-0.696
GBPCPCFC_00471,gnl|Prokka|GBPCPCFC_6,381,414170,0.1821,915.5354,761.5115,0.8674,0.0,0.3369,-0.3876,438,-0.6271,-0.6142,0.7087,0,0,-0.0857,0.1788,-0.0331,0.6038,0.3402,-0.0901,-0.395
GBPCPCFC_00472,gnl|Prokka|GBPCPCFC_6,381,414170,0.1821,915.5354,761.5115,0.8674,0.0,0.3369,-0.3876,546,-0.4853,-0.4668,0.7119,0,0,0.1125,0.096,0.2062,0.0021,0.2875,-1.5321,-0.8648
GBPCPCFC_00473,gnl|Prokka|GBPCPCFC_6,381,414170,0.1821,915.5354,761.5115,0.8674,0.0,0.3369,-0.3876,174,-0.9738,-0.9746,0.7138,0,0,-0.0538,0.4899,-0.0004,0.9955,0.2414,-2.797,-1.2768
GBPCPCFC_00474,gnl|Prokka|GBPCPCFC_6,381,414170,0.1821,915.5354,761.5115,0.8674,0.0,0.3369,-0.3876,273,-0.8438,-0.8395,0.7155,0,0,0.2238,0.0007,0.1965,0.003,0.293,-1.3816,-0.8157
GBPCPCFC_00475,gnl|Prokka|GBPCPCFC_6,381,414170,0.1821,915.5354,761.5115,0.8674,0.0,0.3369,-0.3876,321,-0.7807,-0.7739,0.7179,0,0,0.098,0.1412,0.1702,0.0102,0.3458,0.0637,-0.3449
GBPCPCFC_00476,gnl|Prokka|GBPCPCFC_6,381,414170,0.1821,915.5354,761.5115,0.8674,0.0,0.3369,-0.3876,1293,0.4957,0.5527,0.7241,0,0,0.1825,0.0034,0.2339,0.0002,0.3534,0.2732,-0.2766
GBPCPCFC_00477,gnl|Prokka|GBPCPCFC_6,381,414170,0.1821,915.5354,761.5115,0.8674,0.0,0.3369,-0.3876,195,-0.9462,-0.9459,0.7265,0,0,0.0659,0.332,0.0529,0.4362,0.3744,0.8462,-0.0899
GBPCPCFC_00478,gnl|Prokka|GBPCPCFC_6,381,414170,0.1821,915.5354,761.5115,0.8674,0.0,0.3369,-0.3876,279,-0.8359,-0.8313,0.7277,0,0,-0.0089,0.8993,-0.0096,0.8913,0.2616,-2.2416,-1.0959
GBPCPCFC_00479,gnl|Prokka|GBPCPCFC_6,381,414170,0.1821,915.5354,761.5115,0.8674,0.0,0.3369,-0.3876,1023,0.1411,0.1842,0.7334,0,0,0.0448,0.4754,0.0717,0.2528,0.3245,-0.5187,-0.5346
GBPCPCFC_00480,gnl|Prokka|GBPCPCFC_6,381,414170,0.1821,915.5354,761.5115,0.8674,0.0,0.3369,-0.3876,90,-1.0841,-1.0892,0.7339,0,0,0.1048,0.2567,0.1045,0.2581,0.3111,-0.8865,-0.6544
GBPCPCFC_00481,gnl|Prokka|GBPCPCFC_6,381,414170,0.1821,915.5354,761.5115,0.8674,0.0,0.3369,-0.3876,429,-0.6389,-0.6265,0.7379,0,0,0.1915,0.0047,0.1725,0.0111,0.3054,-1.0441,-0.7058
GBPCPCFC_00482,gnl|Prokka|GBPCPCFC_6,381,414170,0.1821,915.5354,761.5115,0.8674,0.0,0.3369,-0.3876,1095,0.2357,0.2825,0.7438,0,0,0.0889,0.1561,0.1585,0.0111,0.3699,0.7231,-0.1301
GBPCPCFC_00483,gnl|Prokka|GBPCPCFC_6,381,414170,0.1821,915.5354,761.5115,0.8674,0.0,0.3369,-0.3876,2169,1.646,1.7484,0.7546,0,0,0.1384,0.0268,0.2173,0.0005,0.3052,-1.0482,-0.7071
GBPCPCFC_00484,gnl|Prokka|GBPCPCFC_6,381,414170,0.1821,915.5354,761.5115,0.8674,0.0,0.3369,-0.3876,150,-1.0053,-1.0073,0.7555,0,0,-0.0067,0.9337,0.0207,0.7976,0.2533,-2.4695,-1.1701
GBPCPCFC_00485,gnl|Prokka|GBPCPCFC_6,381,414170,0.1821,915.5354,761.5115,0.8674,0.0,0.3369,-0.3876,417,-0.6547,-0.6429,0.7603,0,0,0.326,0.0,0.3539,0.0,0.3669,0.6421,-0.1564
GBPCPCFC_00486,gnl|Prokka|GBPCPCFC_6,381,414170,0.1821,915.5354,761.5115,0.8674,0.0,0.3369,-0.3876,600,-0.4144,-0.3931,0.7628,0,0,0.2672,0.0,0.3198,0.0,0.3367,-0.1864,-0.4263
GBPCPCFC_00487,gnl|Prokka|GBPCPCFC_6,381,414170,0.1821,915.5354,761.5115,0.8674,0.0,0.3369,-0.3876,342,-0.7532,-0.7453,0.766,0,0,0.2066,0.0012,0.1839,0.0041,0.3392,-0.1175,-0.4039
GBPCPCFC_00488,gnl|Prokka|GBPCPCFC_6,381,414170,0.1821,915.5354,761.5115,0.8674,0.0,0.3369,-0.3876,399,-0.6783,-0.6675,0.7698,0,0,0.0024,0.9696,0.0047,0.9408,0.3233,-0.5524,-0.5456
GBPCPCFC_00489,gnl|Prokka|GBPCPCFC_6,381,414170,0.1821,915.5354,761.5115,0.8674,0.0,0.3369,-0.3876,1845,1.2206,1.3062,0.7793,0,0,0.2089,0.0008,0.2654,0.0,0.335,-0.2332,-0.4416
GBPCPCFC_00490,gnl|Prokka|GBPCPCFC_6,381,414170,0.1821,915.5354,761.5115,0.8674,0.0,0.3369,-0.3876,237,-0.891,-0.8886,0.7817,0,0,0.1536,0.0401,0.1657,0.0267,0.2996,-1.2025,-0.7574
GBPCPCFC_00491,gnl|Prokka|GBPCPCFC_6,381,414170,0.1821,915.5354,761.5115,0.8674,0.0,0.3369,-0.3876,330,-0.7689,-0.7617,0.784,0,0,0.0787,0.2244,0.1423,0.0275,0.3545,0.3034,-0.2668
GBPCPCFC_00492,gnl|Prokka|GBPCPCFC_6,381,414170,0.1821,915.5354,761.5115,0.8674,0.0,0.3369,-0.3876,375,-0.7098,-0.7002,0.7867,0,0,-0.0597,0.356,-0.0111,0.8637,0.3067,-1.0083,-0.6941
GBPCPCFC_00493,gnl|Prokka|GBPCPCFC_6,381,414170,0.1821,915.5354,761.5115,0.8674,0.0,0.3369,-0.3876,561,-0.4656,-0.4464,0.7896,0,0,0.004,0.949,0.0479,0.445,0.3369,-0.1801,-0.4243
GBPCPCFC_00494,gnl|Prokka|GBPCPCFC_6,381,414170,0.1821,915.5354,761.5115,0.8674,0.0,0.3369,-0.3876,468,-0.5877,-0.5733,0.7918,0,0,0.0196,0.7645,0.0609,0.3524,0.3098,-0.9217,-0.6659
GBPCPCFC_00495,gnl|Prokka|GBPCPCFC_6,381,414170,0.1821,915.5354,761.5115,0.8674,0.0,0.3369,-0.3876,384,-0.698,-0.6879,0.794,0,0,0.1748,0.0094,0.2024,0.0026,0.3594,0.4357,-0.2237
GBPCPCFC_00496,gnl|Prokka|GBPCPCFC_6,381,414170,0.1821,915.5354,761.5115,0.8674,0.0,0.3369,-0.3876,1839,1.2127,1.298,0.8036,0,0,0.2465,0.0001,0.2249,0.0003,0.3551,0.3182,-0.262
GBPCPCFC_00497,gnl|Prokka|GBPCPCFC_6,381,414170,0.1821,915.5354,761.5115,0.8674,0.0,0.3369,-0.3876,174,-0.9738,-0.9746,0.8048,0,0,0.1448,0.0722,0.1337,0.0973,0.2989,-1.2224,-0.7639
GBPCPCFC_00498,gnl|Prokka|GBPCPCFC_6,381,414170,0.1821,915.5354,761.5115,0.8674,0.0,0.3369,-0.3876,1095,0.2357,0.2825,0.8106,0,0,0.0945,0.1315,0.1589,0.0109,0.3689,0.698,-0.1382
GBPCPCFC_00499,gnl|Prokka|GBPCPCFC_6,381,414170,0.1821,915.5354,761.5115,0.8674,0.0,0.3369,-0.3876,564,-0.4616,-0.4423,0.8136,0,0,0.0943,0.1326,0.2161,0.0005,0.3546,0.3052,-0.2662
GBPCPCFC_00500,gnl|Prokka|GBPCPCFC_6,381,414170,0.1821,915.5354,761.5115,0.8674,0.0,0.3369,-0.3876,351,-0.7413,-0.733,0.8157,0,0,0.0901,0.1842,0.1128,0.0958,0.3419,-0.0436,-0.3798
GBPCPCFC_00501,gnl|Prokka|GBPCPCFC_6,381,414170,0.1821,915.5354,761.5115,0.8674,0.0,0.3369,-0.3876,342,-0.7532,-0.7453,0.8173,0,0,0.0995,0.1439,0.1508,0.0263,0.3099,-0.9186,-0.6649
GBPCPCFC_00502,gnl|Prokka|GBPCPCFC_6,381,414170,0.1821,915.5354,761.5115,0.8674,0.0,0.3369,-0.3876,810,-0.1386,-0.1065,0.8217,0,0,0.219,0.0004,0.2388,0.0001,0.4074,1.7517,0.205
GBPCPCFC_00503,gnl|Prokka|GBPCPCFC_6,381,414170,0.1821,915.5354,761.5115,0.8674,0.0,0.3369,-0.3876,1614,0.9172,0.9909,0.8299,0,0,0.2624,0.0,0.2149,0.0005,0.3494,0.1636,-0.3123
GBPCPCFC_00504,gnl|Prokka|GBPCPCFC_6,381,414170,0.1821,915.5354,761.5115,0.8674,0.0,0.3369,-0.3876,1293,0.4957,0.5527,0.8375,0,0,0.1812,0.0036,0.2142,0.0006,0.3519,0.2308,-0.2904
GBPCPCFC_00505,gnl|Prokka|GBPCPCFC_6,381,414170,0.1821,915.5354,761.5115,0.8674,0.0,0.3369,-0.3876,1095,0.2357,0.2825,0.8427,0,0,0.0889,0.1561,0.1585,0.0111,0.3699,0.7231,-0.1301
GBPCPCFC_00506,gnl|Prokka|GBPCPCFC_6,381,414170,0.1821,915.5354,761.5115,0.8674,0.0,0.3369,-0.3876,2031,1.4648,1.56,0.8534,0,0,0.3733,0.0,0.3994,0.0,0.3658,0.6126,-0.1661
GBPCPCFC_00507,gnl|Prokka|GBPCPCFC_6,381,414170,0.1821,915.5354,761.5115,0.8674,0.0,0.3369,-0.3876,342,-0.7532,-0.7453,0.8555,0,0,0.0903,0.1851,0.1418,0.0369,0.3099,-0.9186,-0.6649
GBPCPCFC_00508,gnl|Prokka|GBPCPCFC_6,381,414170,0.1821,915.5354,761.5115,0.8674,0.0,0.3369,-0.3876,351,-0.7413,-0.733,0.8572,0,0,0.0985,0.1463,0.1291,0.0564,0.3419,-0.0436,-0.3798
GBPCPCFC_00509,gnl|Prokka|GBPCPCFC_6,381,414170,0.1821,915.5354,761.5115,0.8674,0.0,0.3369,-0.3876,1140,0.2948,0.3439,0.8631,0,0,0.0628,0.3168,0.1822,0.0034,0.3711,0.7557,-0.1194
GBPCPCFC_00510,gnl|Prokka|GBPCPCFC_6,381,414170,0.1821,915.5354,761.5115,0.8674,0.0,0.3369,-0.3876,1095,0.2357,0.2825,0.8687,0,0,0.1262,0.0436,0.1677,0.0071,0.3699,0.7231,-0.1301
GBPCPCFC_00511,gnl|Prokka|GBPCPCFC_6,381,414170,0.1821,915.5354,761.5115,0.8674,0.0,0.3369,-0.3876,420,-0.6507,-0.6388,0.8708,0,0,0.1339,0.0323,0.0592,0.3454,0.381,1.0269,-0.0311
GBPCPCFC_00512,gnl|Prokka|GBPCPCFC_6,381,414170,0.1821,915.5354,761.5115,0.8674,0.0,0.3369,-0.3876,465,-0.5916,-0.5774,0.8749,0,0,0.0712,0.2718,0.0888,0.1705,0.3161,-0.7491,-0.6096
GBPCPCFC_00513,gnl|Prokka|GBPCPCFC_6,381,414170,0.1821,915.5354,761.5115,0.8674,0.0,0.3369,-0.3876,2304,1.8233,1.9327,0.8862,0,0,0.2124,0.0006,0.2824,0.0,0.3798,0.9946,-0.0416
GBPCPCFC_00514,gnl|Prokka|GBPCPCFC_6,381,414170,0.1821,915.5354,761.5115,0.8674,0.0,0.3369,-0.3876,246,-0.8792,-0.8763,0.8892,0,0,0.2148,0.0011,0.2319,0.0004,0.3415,-0.055,-0.3835
GBPCPCFC_00515,gnl|Prokka|GBPCPCFC_6,381,414170,0.1821,915.5354,761.5115,0.8674,0.0,0.3369,-0.3876,243,-0.8832,-0.8804,0.8898,0,0,0.14,0.0457,0.1312,0.0615,0.3251,-0.5032,-0.5296
GBPCPCFC_00516,gnl|Prokka|GBPCPCFC_6,381,414170,0.1821,915.5354,761.5115,0.8674,0.0,0.3369,-0.3876,159,-0.9935,-0.9951,0.8927,0,0,0.0512,0.5228,0.0938,0.2411,0.3396,-0.1054,-0.4
GBPCPCFC_00517,gnl|Prokka|GBPCPCFC_6,381,414170,0.1821,915.5354,761.5115,0.8674,0.0,0.3369,-0.3876,1095,0.2357,0.2825,0.898,0,0,0.0889,0.1561,0.1585,0.0111,0.3699,0.7231,-0.1301
GBPCPCFC_00518,gnl|Prokka|GBPCPCFC_6,381,414170,0.1821,915.5354,761.5115,0.8674,0.0,0.3369,-0.3876,483,-0.568,-0.5528,0.9006,0,0,0.0514,0.4273,0.1247,0.0531,0.352,0.2328,-0.2898
GBPCPCFC_00519,gnl|Prokka|GBPCPCFC_6,381,414170,0.1821,915.5354,761.5115,0.8674,0.0,0.3369,-0.3876,1248,0.4366,0.4913,0.9072,0,0,0.1226,0.0501,0.0723,0.2489,0.3301,-0.3655,-0.4847
GBPCPCFC_00520,gnl|Prokka|GBPCPCFC_6,381,414170,0.1821,915.5354,761.5115,0.8674,0.0,0.3369,-0.3876,366,-0.7216,-0.7125,0.9106,0,0,-0.0109,0.8696,-0.0172,0.7966,0.306,-1.0263,-0.7
GBPCPCFC_00521,gnl|Prokka|GBPCPCFC_6,381,414170,0.1821,915.5354,761.5115,0.8674,0.0,0.3369,-0.3876,288,-0.8241,-0.819,0.912,0,0,0.1358,0.0597,0.1556,0.0307,0.3264,-0.468,-0.5181
GBPCPCFC_00522,gnl|Prokka|GBPCPCFC_6,381,414170,0.1821,915.5354,761.5115,0.8674,0.0,0.3369,-0.3876,1095,0.2357,0.2825,0.9176,0,0,0.0795,0.2048,0.138,0.0273,0.3635,0.5479,-0.1871
GBPCPCFC_00523,gnl|Prokka|GBPCPCFC_6,381,414170,0.1821,915.5354,761.5115,0.8674,0.0,0.3369,-0.3876,1845,1.2206,1.3062,0.9267,0,0,0.1259,0.0442,0.1675,0.0072,0.3388,-0.1292,-0.4077
GBPCPCFC_00524,gnl|Prokka|GBPCPCFC_6,381,414170,0.1821,915.5354,761.5115,0.8674,0.0,0.3369,-0.3876,426,-0.6428,-0.6306,0.9298,0,0,0.1431,0.0242,0.1622,0.0105,0.3662,0.6226,-0.1628
GBPCPCFC_00525,gnl|Prokka|GBPCPCFC_6,381,414170,0.1821,915.5354,761.5115,0.8674,0.0,0.3369,-0.3876,465,-0.5916,-0.5774,0.9341,0,0,0.112,0.0784,0.1362,0.0321,0.3161,-0.7491,-0.6096
GBPCPCFC_00526,gnl|Prokka|GBPCPCFC_6,381,414170,0.1821,915.5354,761.5115,0.8674,0.0,0.3369,-0.3876,456,-0.6035,-0.5897,0.94,0,0,0.0459,0.4719,0.0453,0.4777,0.3311,-0.3378,-0.4757
GBPCPCFC_00527,gnl|Prokka|GBPCPCFC_6,381,414170,0.1821,915.5354,761.5115,0.8674,0.0,0.3369,-0.3876,858,-0.0756,-0.041,0.9452,0,0,0.1658,0.0079,0.2134,0.0006,0.3427,-0.0223,-0.3729
GBPCPCFC_00528,gnl|Prokka|GBPCPCFC_6,381,414170,0.1821,915.5354,761.5115,0.8674,0.0,0.3369,-0.3876,1860,1.2402,1.3266,0.9548,0,0,0.193,0.0019,0.273,0.0,0.3441,0.0169,-0.3601
GBPCPCFC_00529,gnl|Prokka|GBPCPCFC_6,381,414170,0.1821,915.5354,761.5115,0.8674,0.0,0.3369,-0.3876,165,-0.9856,-0.9869,0.9561,0,0,0.0954,0.1869,0.1366,0.0581,0.3636,0.5525,-0.1856
GBPCPCFC_00530,gnl|Prokka|GBPCPCFC_6,381,414170,0.1821,915.5354,761.5115,0.8674,0.0,0.3369,-0.3876,1095,0.2357,0.2825,0.9619,0,0,0.1185,0.0583,0.1538,0.0138,0.3699,0.7231,-0.1301
GBPCPCFC_00531,gnl|Prokka|GBPCPCFC_6,381,414170,0.1821,915.5354,761.5115,0.8674,0.0,0.3369,-0.3876,1398,0.6336,0.6961,0.9687,0,0,0.1164,0.063,0.1341,0.0319,0.3355,-0.2189,-0.4369
GBPCPCFC_00532,gnl|Prokka|GBPCPCFC_6,381,414170,0.1821,915.5354,761.5115,0.8674,0.0,0.3369,-0.3876,468,-0.5877,-0.5733,0.9714,0,0,0.217,0.0005,0.2391,0.0001,0.4145,1.9468,0.2686
GBPCPCFC_00533,gnl|Prokka|GBPCPCFC_6,381,414170,0.1821,915.5354,761.5115,0.8674,0.0,0.3369,-0.3876,612,-0.3986,-0.3768,0.9746,0,0,-0.0468,0.4636,-0.0424,0.5063,0.3301,-0.3673,-0.4853
GBPCPCFC_00534,gnl|Prokka|GBPCPCFC_6,381,414170,0.1821,915.5354,761.5115,0.8674,0.0,0.3369,-0.3876,801,-0.1504,-0.1188,0.9801,0,0,0.1108,0.0817,0.0497,0.4361,0.3134,-0.825,-0.6344
GBPCPCFC_00535,gnl|Prokka|GBPCPCFC_6,381,414170,0.1821,915.5354,761.5115,0.8674,0.0,0.3369,-0.3876,1827,1.1969,1.2816,0.9891,0,0,0.1677,0.0089,0.1138,0.0774,0.3071,-0.9975,-0.6906
GBPCPCFC_00536,gnl|Prokka|GBPCPCFC_6,381,414170,0.1821,915.5354,761.5115,0.8674,0.0,0.3369,-0.3876,510,-0.5325,-0.516,0.9921,0,0,0.0151,0.8105,0.1051,0.0934,0.351,0.2057,-0.2986
GBPCPCFC_00537,gnl|Prokka|GBPCPCFC_6,381,414170,0.1821,915.5354,761.5115,0.8674,0.0,0.3369,-0.3876,162,-0.9895,-0.991,0.9928,0,0,0.0485,0.4898,0.0375,0.5932,0.3765,0.9061,-0.0704
GBPCPCFC_00538,gnl|Prokka|GBPCPCFC_6,381,414170,0.1821,915.5354,761.5115,0.8674,0.0,0.3369,-0.3876,156,-0.9974,-0.9991,0.9935,1,0,0.1706,0.016,0.2142,0.0024,0.3718,0.776,-0.1128
GBPCPCFC_00914,gnl|Prokka|GBPCPCFC_22,1222,1348403,0.593,948.8175,764.2049,0.8661,0.0,0.3406,-0.3531,885,-0.0835,-0.0041,1.0,1,0,0.0975,0.1198,0.1017,0.1044,0.3729,0.7721,-0.1031
GBPCPCFC_00915,gnl|Prokka|GBPCPCFC_22,1222,1348403,0.593,948.8175,764.2049,0.8661,0.0,0.3406,-0.3531,123,-1.0806,-1.0442,0.9985,0,0,-0.2043,0.0162,-0.2829,0.0008,0.3171,-0.8222,-0.6012
GBPCPCFC_00916,gnl|Prokka|GBPCPCFC_22,1222,1348403,0.593,948.8175,764.2049,0.8661,0.0,0.3406,-0.3531,441,-0.6645,-0.6101,0.9976,0,0,0.1147,0.0754,0.1928,0.0027,0.3175,-0.8111,-0.5978
GBPCPCFC_00917,gnl|Prokka|GBPCPCFC_22,1222,1348403,0.593,948.8175,764.2049,0.8661,0.0,0.3406,-0.3531,3012,2.6998,2.899,0.9967,0,0,0.316,0.0,0.3848,0.0,0.3775,0.9037,-0.062
GBPCPCFC_00918,gnl|Prokka|GBPCPCFC_22,1222,1348403,0.593,948.8175,764.2049,0.8661,0.0,0.3406,-0.3531,240,-0.9275,-0.8845,0.9922,0,0,0.0123,0.849,0.0732,0.2577,0.3583,0.3565,-0.233
GBPCPCFC_00919,gnl|Prokka|GBPCPCFC_22,1222,1348403,0.593,948.8175,764.2049,0.8661,0.0,0.3406,-0.3531,1095,0.1913,0.2825,0.9916,0,0,0.1185,0.0583,0.1037,0.0978,0.3699,0.6858,-0.1301
GBPCPCFC_00920,gnl|Prokka|GBPCPCFC_22,1222,1348403,0.593,948.8175,764.2049,0.8661,0.0,0.3406,-0.3531,894,-0.0717,0.0082,0.9898,0,0,0.1931,0.0022,0.2189,0.0005,0.2416,-2.9779,-1.2747
GBPCPCFC_00921,gnl|Prokka|GBPCPCFC_22,1222,1348403,0.593,948.8175,764.2049,0.8661,0.0,0.3406,-0.3531,657,-0.3819,-0.3153,0.9885,0,0,0.1426,0.0325,0.0712,0.2879,0.2922,-1.5317,-0.8229
GBPCPCFC_00922,gnl|Prokka|GBPCPCFC_22,1222,1348403,0.593,948.8175,764.2049,0.8661,0.0,0.3406,-0.3531,1140,0.2502,0.3439,0.9875,0,0,0.1319,0.0379,0.1339,0.035,0.2939,-1.4853,-0.8084
GBPCPCFC_00923,gnl|Prokka|GBPCPCFC_22,1222,1348403,0.593,948.8175,764.2049,0.8661,0.0,0.3406,-0.3531,1095,0.1913,0.2825,0.9858,0,0,0.0889,0.1561,0.0713,0.2554,0.3699,0.6858,-0.1301
GBPCPCFC_00924,gnl|Prokka|GBPCPCFC_22,1222,1348403,0.593,948.8175,764.2049,0.8661,0.0,0.3406,-0.3531,1293,0.4504,0.5527,0.9837,0,0,0.1883,0.0025,0.2072,0.0009,0.3527,0.1946,-0.2835
GBPCPCFC_00925,gnl|Prokka|GBPCPCFC_22,1222,1348403,0.593,948.8175,764.2049,0.8661,0.0,0.3406,-0.3531,1548,0.7841,0.9008,0.9817,0,0,0.2688,0.0,0.3253,0.0,0.374,0.8049,-0.0929
GBPCPCFC_00926,gnl|Prokka|GBPCPCFC_22,1222,1348403,0.593,948.8175,764.2049,0.8661,0.0,0.3406,-0.3531,201,-0.9786,-0.9377,0.9794,0,0,0.0269,0.7082,0.1403,0.0498,0.2935,-1.4947,-0.8113
GBPCPCFC_00927,gnl|Prokka|GBPCPCFC_22,1222,1348403,0.593,948.8175,764.2049,0.8661,0.0,0.3406,-0.3531,1083,0.1756,0.2661,0.9789,0,0,0.1006,0.1193,0.1184,0.0666,0.2844,-1.7557,-0.8929
GBPCPCFC_00928,gnl|Prokka|GBPCPCFC_22,1222,1348403,0.593,948.8175,764.2049,0.8661,0.0,0.3406,-0.3531,1311,0.4739,0.5773,0.9773,0,0,0.2507,0.0,0.2903,0.0,0.3394,-0.1834,-0.4016
GBPCPCFC_00929,gnl|Prokka|GBPCPCFC_22,1222,1348403,0.593,948.8175,764.2049,0.8661,0.0,0.3406,-0.3531,438,-0.6684,-0.6142,0.9753,0,0,0.0963,0.137,0.1597,0.0133,0.3196,-0.749,-0.5784
GBPCPCFC_00930,gnl|Prokka|GBPCPCFC_22,1222,1348403,0.593,948.8175,764.2049,0.8661,0.0,0.3406,-0.3531,1320,0.4857,0.5896,0.9741,0,0,0.3186,0.0,0.4136,0.0,0.4083,1.7848,0.2133
GBPCPCFC_00931,gnl|Prokka|GBPCPCFC_22,1222,1348403,0.593,948.8175,764.2049,0.8661,0.0,0.3406,-0.3531,1095,0.1913,0.2825,0.972,0,0,0.0889,0.1561,0.0713,0.2554,0.3699,0.6858,-0.1301
GBPCPCFC_00932,gnl|Prokka|GBPCPCFC_22,1222,1348403,0.593,948.8175,764.2049,0.8661,0.0,0.3406,-0.3531,216,-0.9589,-0.9173,0.9703,0,0,0.0508,0.4404,0.0886,0.1776,0.4167,2.0228,0.2877
GBPCPCFC_00933,gnl|Prokka|GBPCPCFC_22,1222,1348403,0.593,948.8175,764.2049,0.8661,0.0,0.3406,-0.3531,1329,0.4975,0.6019,0.9699,0,0,0.0932,0.1371,0.1747,0.0051,0.3785,0.932,-0.0532
GBPCPCFC_00934,gnl|Prokka|GBPCPCFC_22,1222,1348403,0.593,948.8175,764.2049,0.8661,0.0,0.3406,-0.3531,840,-0.1424,-0.0656,0.968,0,0,0.2304,0.0002,0.2837,0.0,0.3238,-0.6298,-0.5411
GBPCPCFC_00935,gnl|Prokka|GBPCPCFC_22,1222,1348403,0.593,948.8175,764.2049,0.8661,0.0,0.3406,-0.3531,1374,0.5564,0.6633,0.9665,0,0,0.2137,0.0006,0.2773,0.0,0.3748,0.8274,-0.0858
GBPCPCFC_00936,gnl|Prokka|GBPCPCFC_22,1222,1348403,0.593,948.8175,764.2049,0.8661,0.0,0.3406,-0.3531,294,-0.8569,-0.8108,0.9645,0,0,0.0984,0.1735,0.1571,0.0291,0.3163,-0.8435,-0.6079
GBPCPCFC_00937,gnl|Prokka|GBPCPCFC_22,1222,1348403,0.593,948.8175,764.2049,0.8661,0.0,0.3406,-0.3531,510,-0.5742,-0.516,0.9639,0,0,0.185,0.003,0.1949,0.0017,0.3843,1.0986,-0.0011
GBPCPCFC_00938,gnl|Prokka|GBPCPCFC_22,1222,1348403,0.593,948.8175,764.2049,0.8661,0.0,0.3406,-0.3531,972,0.0303,0.1146,0.9628,0,0,0.1722,0.0058,0.221,0.0004,0.4218,2.1698,0.3336
GBPCPCFC_00939,gnl|Prokka|GBPCPCFC_22,1222,1348403,0.593,948.8175,764.2049,0.8661,0.0,0.3406,-0.3531,480,-0.6135,-0.5569,0.9614,0,0,0.2482,0.0001,0.1901,0.0035,0.3854,1.1301,0.0088
GBPCPCFC_00940,gnl|Prokka|GBPCPCFC_22,1222,1348403,0.593,948.8175,764.2049,0.8661,0.0,0.3406,-0.3531,465,-0.6331,-0.5774,0.9606,0,0,0.1197,0.0599,0.1808,0.0043,0.3161,-0.8492,-0.6096
GBPCPCFC_00941,gnl|Prokka|GBPCPCFC_22,1222,1348403,0.593,948.8175,764.2049,0.8661,0.0,0.3406,-0.3531,1095,0.1913,0.2825,0.9592,0,0,0.1185,0.0583,0.1037,0.0978,0.3699,0.6858,-0.1301
GBPCPCFC_00942,gnl|Prokka|GBPCPCFC_22,1222,1348403,0.593,948.8175,764.2049,0.8661,0.0,0.3406,-0.3531,858,-0.1188,-0.041,0.9575,0,0,0.1414,0.0237,0.1743,0.0052,0.3135,-0.9237,-0.6329
GBPCPCFC_00943,gnl|Prokka|GBPCPCFC_22,1222,1348403,0.593,948.8175,764.2049,0.8661,0.0,0.3406,-0.3531,438,-0.6684,-0.6142,0.9557,0,0,0.1031,0.1053,0.174,0.006,0.3242,-0.6186,-0.5376
GBPCPCFC_00944,gnl|Prokka|GBPCPCFC_22,1222,1348403,0.593,948.8175,764.2049,0.8661,0.0,0.3406,-0.3531,1314,0.4779,0.5814,0.9549,0,0,0.1997,0.0016,0.2678,0.0,0.2626,-2.3795,-1.0878
GBPCPCFC_00945,gnl|Prokka|GBPCPCFC_22,1222,1348403,0.593,948.8175,764.2049,0.8661,0.0,0.3406,-0.3531,1290,0.4465,0.5487,0.953,0,0,0.1117,0.0744,0.1654,0.008,0.2496,-2.7493,-1.2033
GBPCPCFC_00946,gnl|Prokka|GBPCPCFC_22,1222,1348403,0.593,948.8175,764.2049,0.8661,0.0,0.3406,-0.3531,1491,0.7095,0.823,0.9511,0,0,0.1649,0.0082,0.2206,0.0004,0.33,-0.4535,-0.486
GBPCPCFC_00947,gnl|Prokka|GBPCPCFC_22,1222,1348403,0.593,948.8175,764.2049,0.8661,0.0,0.3406,-0.3531,294,-0.8569,-0.8108,0.9483,0,0,0.0282,0.6582,0.085,0.1821,0.4218,2.1686,0.3332
GBPCPCFC_00948,gnl|Prokka|GBPCPCFC_22,1222,1348403,0.593,948.8175,764.2049,0.8661,0.0,0.3406,-0.3531,462,-0.637,-0.5815,0.9479,0,0,0.2076,0.0012,0.2273,0.0004,0.3528,0.1988,-0.2822
GBPCPCFC_00949,gnl|Prokka|GBPCPCFC_22,1222,1348403,0.593,948.8175,764.2049,0.8661,0.0,0.3406,-0.3531,291,-0.8608,-0.8149,0.9467,0,0,0.0244,0.7141,0.0743,0.2639,0.3746,0.8203,-0.088
GBPCPCFC_00950,gnl|Prokka|GBPCPCFC_22,1222,1348403,0.593,948.8175,764.2049,0.8661,0.0,0.3406,-0.3531,942,-0.0089,0.0737,0.9463,0,0,0.0521,0.4068,0.0359,0.5676,0.3662,0.5824,-0.1624
GBPCPCFC_00951,gnl|Prokka|GBPCPCFC_22,1222,1348403,0.593,948.8175,764.2049,0.8661,0.0,0.3406,-0.3531,966,0.0225,0.1064,0.9436,0,0,0.244,0.0001,0.2688,0.0,0.3406,-0.1507,-0.3914
GBPCPCFC_00952,gnl|Prokka|GBPCPCFC_22,1222,1348403,0.593,948.8175,764.2049,0.8661,0.0,0.3406,-0.3531,1830,1.1531,1.2857,0.942,0,0,0.1543,0.0135,0.2193,0.0004,0.335,-0.3109,-0.4415
GBPCPCFC_00953,gnl|Prokka|GBPCPCFC_22,1222,1348403,0.593,948.8175,764.2049,0.8661,0.0,0.3406,-0.3531,357,-0.7744,-0.7248,0.9392,0,0,0.1198,0.0723,0.1669,0.012,0.3445,-0.0376,-0.3561
GBPCPCFC_00954,gnl|Prokka|GBPCPCFC_22,1222,1348403,0.593,948.8175,764.2049,0.8661,0.0,0.3406,-0.3531,438,-0.6684,-0.6142,0.9387,0,0,0.1216,0.0559,0.1824,0.0039,0.3219,-0.6838,-0.558
GBPCPCFC_00955,gnl|Prokka|GBPCPCFC_22,1222,1348403,0.593,948.8175,764.2049,0.8661,0.0,0.3406,-0.3531,558,-0.5114,-0.4505,0.9375,0,0,0.022,0.734,0.0621,0.3368,0.31,-1.0232,-0.664
GBPCPCFC_00956,gnl|Prokka|GBPCPCFC_22,1222,1348403,0.593,948.8175,764.2049,0.8661,0.0,0.3406,-0.3531,852,-0.1267,-0.0492,0.9365,0,0,0.2092,0.0008,0.1908,0.0022,0.4014,1.587,0.1515
GBPCPCFC_00957,gnl|Prokka|GBPCPCFC_22,1222,1348403,0.593,948.8175,764.2049,0.8661,0.0,0.3406,-0.3531,1095,0.1913,0.2825,0.9352,0,0,0.0884,0.1584,0.0686,0.2745,0.3671,0.6076,-0.1545
GBPCPCFC_00958,gnl|Prokka|GBPCPCFC_22,1222,1348403,0.593,948.8175,764.2049,0.8661,0.0,0.3406,-0.3531,1197,0.3248,0.4217,0.9332,0,0,0.3055,0.0,0.4169,0.0,0.3601,0.406,-0.2175
GBPCPCFC_00959,gnl|Prokka|GBPCPCFC_22,1222,1348403,0.593,948.8175,764.2049,0.8661,0.0,0.3406,-0.3531,1047,0.1285,0.217,0.9315,0,0,0.2125,0.0006,0.1712,0.006,0.3668,0.5973,-0.1577
GBPCPCFC_00960,gnl|Prokka|GBPCPCFC_22,1222,1348403,0.593,948.8175,764.2049,0.8661,0.0,0.3406,-0.3531,102,-1.1081,-1.0729,0.9294,0,0,-0.0999,0.2992,-0.0846,0.3796,0.3431,-0.0776,-0.3686
GBPCPCFC_00961,gnl|Prokka|GBPCPCFC_22,1222,1348403,0.593,948.8175,764.2049,0.8661,0.0,0.3406,-0.3531,150,-1.0453,-1.0073,0.9292,0,0,0.1094,0.2116,0.0626,0.4761,0.2733,-2.0717,-0.9916
GBPCPCFC_00962,gnl|Prokka|GBPCPCFC_22,1222,1348403,0.593,948.8175,764.2049,0.8661,0.0,0.3406,-0.3531,276,-0.8804,-0.8354,0.9282,0,0,0.0541,0.4319,0.0606,0.3786,0.3587,0.3668,-0.2297
GBPCPCFC_00963,gnl|Prokka|GBPCPCFC_22,1222,1348403,0.593,948.8175,764.2049,0.8661,0.0,0.3406,-0.3531,450,-0.6527,-0.5979,0.9277,0,0,0.07,0.2724,0.0472,0.4593,0.3778,0.9119,-0.0594
GBPCPCFC_00964,gnl|Prokka|GBPCPCFC_22,1222,1348403,0.593,948.8175,764.2049,0.8661,0.0,0.3406,-0.3531,1293,0.4504,0.5527,0.927,0,0,0.1647,0.0083,0.1982,0.0014,0.3534,0.2167,-0.2766
GBPCPCFC_00965,gnl|Prokka|GBPCPCFC_22,1222,1348403,0.593,948.8175,764.2049,0.8661,0.0,0.3406,-0.3531,465,-0.6331,-0.5774,0.9247,0,0,0.0188,0.7641,0.0614,0.328,0.3484,0.0723,-0.3217
GBPCPCFC_00966,gnl|Prokka|GBPCPCFC_22,1222,1348403,0.593,948.8175,764.2049,0.8661,0.0,0.3406,-0.3531,1863,1.1963,1.3307,0.9241,0,0,0.1159,0.0641,0.1371,0.0283,0.3226,-0.6644,-0.5519
GBPCPCFC_00967,gnl|Prokka|GBPCPCFC_22,1222,1348403,0.593,948.8175,764.2049,0.8661,0.0,0.3406,-0.3531,420,-0.692,-0.6388,0.9211,0,0,0.1509,0.0174,0.1887,0.0029,0.3976,1.4787,0.1177
GBPCPCFC_00968,gnl|Prokka|GBPCPCFC_22,1222,1348403,0.593,948.8175,764.2049,0.8661,0.0,0.3406,-0.3531,438,-0.6684,-0.6142,0.9202,0,0,0.1172,0.0692,0.1769,0.0059,0.3219,-0.6838,-0.558
GBPCPCFC_00969,gnl|Prokka|GBPCPCFC_22,1222,1348403,0.593,948.8175,764.2049,0.8661,0.0,0.3406,-0.3531,399,-0.7195,-0.6675,0.9189,0,0,0.2141,0.0011,0.2249,0.0006,0.3283,-0.5009,-0.5008
GBPCPCFC_00970,gnl|Prokka|GBPCPCFC_22,1222,1348403,0.593,948.8175,764.2049,0.8661,0.0,0.3406,-0.3531,171,-1.0178,-0.9787,0.9178,0,0,0.1882,0.0089,0.2112,0.0033,0.3392,-0.1906,-0.4039
GBPCPCFC_00971,gnl|Prokka|GBPCPCFC_22,1222,1348403,0.593,948.8175,764.2049,0.8661,0.0,0.3406,-0.3531,372,-0.7548,-0.7043,0.9175,0,0,0.0546,0.3985,0.0228,0.7246,0.3683,0.6406,-0.1442
GBPCPCFC_00972,gnl|Prokka|GBPCPCFC_22,1222,1348403,0.593,948.8175,764.2049,0.8661,0.0,0.3406,-0.3531,438,-0.6684,-0.6142,0.9164,0,0,0.0953,0.1412,0.1632,0.0113,0.3174,-0.8142,-0.5987
GBPCPCFC_00973,gnl|Prokka|GBPCPCFC_22,1222,1348403,0.593,948.8175,764.2049,0.8661,0.0,0.3406,-0.3531,801,-0.1934,-0.1188,0.9157,0,0,0.0802,0.201,0.1151,0.0661,0.3596,0.3912,-0.2221
GBPCPCFC_00974,gnl|Prokka|GBPCPCFC_22,1222,1348403,0.593,948.8175,764.2049,0.8661,0.0,0.3406,-0.3531,315,-0.8294,-0.7821,0.9145,0,0,0.0297,0.6601,0.0927,0.1697,0.346,0.0051,-0.3428
GBPCPCFC_00975,gnl|Prokka|GBPCPCFC_22,1222,1348403,0.593,948.8175,764.2049,0.8661,0.0,0.3406,-0.3531,294,-0.8569,-0.8108,0.9138,0,0,0.2729,0.0001,0.2981,0.0,0.3265,-0.552,-0.5168
GBPCPCFC_00976,gnl|Prokka|GBPCPCFC_22,1222,1348403,0.593,948.8175,764.2049,0.8661,0.0,0.3406,-0.3531,1926,1.2787,1.4167,0.9127,0,0,0.2726,0.0,0.3102,0.0,0.3131,-0.9361,-0.6368
GBPCPCFC_00977,gnl|Prokka|GBPCPCFC_22,1222,1348403,0.593,948.8175,764.2049,0.8661,0.0,0.3406,-0.3531,822,-0.1659,-0.0901,0.9097,0,0,0.0309,0.6225,0.076,0.2258,0.3613,0.4416,-0.2064
GBPCPCFC_00978,gnl|Prokka|GBPCPCFC_22,1222,1348403,0.593,948.8175,764.2049,0.8661,0.0,0.3406,-0.3531,462,-0.637,-0.5815,0.9086,0,0,0.1434,0.024,0.1861,0.0033,0.3268,-0.5432,-0.5141
GBPCPCFC_00979,gnl|Prokka|GBPCPCFC_22,1222,1348403,0.593,948.8175,764.2049,0.8661,0.0,0.3406,-0.3531,420,-0.692,-0.6388,0.9076,0,0,0.1965,0.0019,0.2151,0.0006,0.3952,1.4107,0.0964
GBPCPCFC_00980,gnl|Prokka|GBPCPCFC_22,1222,1348403,0.593,948.8175,764.2049,0.8661,0.0,0.3406,-0.3531,1845,1.1727,1.3062,0.9068,0,0,0.133,0.0334,0.1643,0.0085,0.3415,-0.1254,-0.3835
GBPCPCFC_00981,gnl|Prokka|GBPCPCFC_22,1222,1348403,0.593,948.8175,764.2049,0.8661,0.0,0.3406,-0.3531,1095,0.1913,0.2825,0.9039,0,0,0.1185,0.0583,0.1037,0.0978,0.3699,0.6858,-0.1301
GBPCPCFC_00982,gnl|Prokka|GBPCPCFC_22,1222,1348403,0.593,948.8175,764.2049,0.8661,0.0,0.3406,-0.3531,330,-0.8098,-0.7617,0.9023,0,0,0.0462,0.4841,0.0608,0.3569,0.3576,0.3348,-0.2397
GBPCPCFC_00983,gnl|Prokka|GBPCPCFC_22,1222,1348403,0.593,948.8175,764.2049,0.8661,0.0,0.3406,-0.3531,189,-0.9943,-0.9541,0.9012,0,0,0.1416,0.0358,0.1681,0.0125,0.3651,0.5492,-0.1728
GBPCPCFC_00984,gnl|Prokka|GBPCPCFC_22,1222,1348403,0.593,948.8175,764.2049,0.8661,0.0,0.3406,-0.3531,1293,0.4504,0.5527,0.9009,0,0,0.1946,0.0018,0.2111,0.0007,0.3542,0.2388,-0.2697
GBPCPCFC_00985,gnl|Prokka|GBPCPCFC_22,1222,1348403,0.593,948.8175,764.2049,0.8661,0.0,0.3406,-0.3531,732,-0.2837,-0.213,0.8988,0,0,0.1831,0.0033,0.2164,0.0005,0.3566,0.3057,-0.2488
GBPCPCFC_00986,gnl|Prokka|GBPCPCFC_22,1222,1348403,0.593,948.8175,764.2049,0.8661,0.0,0.3406,-0.3531,1830,1.1531,1.2857,0.8975,0,0,0.1134,0.0701,0.1856,0.0029,0.323,-0.6543,-0.5488
GBPCPCFC_00987,gnl|Prokka|GBPCPCFC_22,1222,1348403,0.593,948.8175,764.2049,0.8661,0.0,0.3406,-0.3531,282,-0.8726,-0.8272,0.8948,0,0,0.0068,0.9206,0.0314,0.6433,0.3652,0.554,-0.1712
GBPCPCFC_00988,gnl|Prokka|GBPCPCFC_22,1222,1348403,0.593,948.8175,764.2049,0.8661,0.0,0.3406,-0.3531,957,0.0107,0.0941,0.8937,0,0,0.3292,0.0,0.3476,0.0,0.349,0.0901,-0.3162
GBPCPCFC_00989,gnl|Prokka|GBPCPCFC_22,1222,1348403,0.593,948.8175,764.2049,0.8661,0.0,0.3406,-0.3531,1842,1.1688,1.3021,0.8921,0,0,0.1485,0.0174,0.1775,0.0044,0.336,-0.2802,-0.4319
GBPCPCFC_00990,gnl|Prokka|GBPCPCFC_22,1222,1348403,0.593,948.8175,764.2049,0.8661,0.0,0.3406,-0.3531,243,-0.9236,-0.8804,0.8892,0,0,-0.0343,0.6359,-0.1062,0.1415,0.3745,0.8179,-0.0888
GBPCPCFC_00991,gnl|Prokka|GBPCPCFC_22,1222,1348403,0.593,948.8175,764.2049,0.8661,0.0,0.3406,-0.3531,870,-0.1031,-0.0246,0.8889,0,0,0.1203,0.0545,0.1237,0.0481,0.3713,0.7259,-0.1176
GBPCPCFC_00992,gnl|Prokka|GBPCPCFC_22,1222,1348403,0.593,948.8175,764.2049,0.8661,0.0,0.3406,-0.3531,159,-1.0335,-0.9951,0.8876,0,0,0.0478,0.5509,0.0303,0.7058,0.3396,-0.178,-0.4
GBPCPCFC_00993,gnl|Prokka|GBPCPCFC_22,1222,1348403,0.593,948.8175,764.2049,0.8661,0.0,0.3406,-0.3531,234,-0.9354,-0.8927,0.8867,0,0,0.1357,0.0641,0.1141,0.1201,0.3162,-0.846,-0.6087
GBPCPCFC_00994,gnl|Prokka|GBPCPCFC_22,1222,1348403,0.593,948.8175,764.2049,0.8661,0.0,0.3406,-0.3531,1095,0.1913,0.2825,0.8863,0,0,0.0889,0.1561,0.0713,0.2554,0.3699,0.6858,-0.1301
GBPCPCFC_00995,gnl|Prokka|GBPCPCFC_22,1222,1348403,0.593,948.8175,764.2049,0.8661,0.0,0.3406,-0.3531,174,-1.0139,-0.9746,0.8846,0,0,0.1792,0.017,0.1518,0.0437,0.3276,-0.5219,-0.5074
GBPCPCFC_00996,gnl|Prokka|GBPCPCFC_22,1222,1348403,0.593,948.8175,764.2049,0.8661,0.0,0.3406,-0.3531,4281,4.3603,4.6311,0.8838,0,0,0.3874,0.0,0.4879,0.0,0.3761,0.8634,-0.0746
GBPCPCFC_00997,gnl|Prokka|GBPCPCFC_22,1222,1348403,0.593,948.8175,764.2049,0.8661,0.0,0.3406,-0.3531,3000,2.6841,2.8826,0.8772,0,0,0.1197,0.0558,0.2177,0.0005,0.368,0.6326,-0.1467
GBPCPCFC_00998,gnl|Prokka|GBPCPCFC_22,1222,1348403,0.593,948.8175,764.2049,0.8661,0.0,0.3406,-0.3531,729,-0.2876,-0.2171,0.8723,0,0,0.12,0.0552,0.1216,0.052,0.3937,1.3665,0.0826
GBPCPCFC_00999,gnl|Prokka|GBPCPCFC_22,1222,1348403,0.593,948.8175,764.2049,0.8661,0.0,0.3406,-0.3531,285,-0.8686,-0.8231,0.8711,0,0,0.0038,0.9564,-0.0195,0.7799,0.3018,-1.2598,-0.7379
GBPCPCFC_01000,gnl|Prokka|GBPCPCFC_22,1222,1348403,0.593,948.8175,764.2049,0.8661,0.0,0.3406,-0.3531,1074,0.1638,0.2538,0.8702,0,0,0.1916,0.0021,0.2293,0.0002,0.3641,0.52,-0.1819
GBPCPCFC_01001,gnl|Prokka|GBPCPCFC_22,1222,1348403,0.593,948.8175,764.2049,0.8661,0.0,0.3406,-0.3531,3246,3.006,3.2184,0.8683,0,0,0.2921,0.0,0.2433,0.0001,0.3207,-0.7185,-0.5688
GBPCPCFC_01002,gnl|Prokka|GBPCPCFC_22,1222,1348403,0.593,948.8175,764.2049,0.8661,0.0,0.3406,-0.3531,1095,0.1913,0.2825,0.8632,0,0,0.1185,0.0583,0.1037,0.0978,0.3699,0.6858,-0.1301
GBPCPCFC_01003,gnl|Prokka|GBPCPCFC_22,1222,1348403,0.593,948.8175,764.2049,0.8661,0.0,0.3406,-0.3531,339,-0.798,-0.7494,0.8616,0,0,0.1857,0.005,0.1431,0.0311,0.354,0.2322,-0.2718
GBPCPCFC_01004,gnl|Prokka|GBPCPCFC_22,1222,1348403,0.593,948.8175,764.2049,0.8661,0.0,0.3406,-0.3531,399,-0.7195,-0.6675,0.8603,0,0,0.2773,0.0,0.2787,0.0,0.3434,-0.0713,-0.3666
GBPCPCFC_01005,gnl|Prokka|GBPCPCFC_22,1222,1348403,0.593,948.8175,764.2049,0.8661,0.0,0.3406,-0.3531,258,-0.904,-0.8599,0.8592,0,0,0.2252,0.0007,0.1858,0.0052,0.345,-0.0255,-0.3523
GBPCPCFC_01006,gnl|Prokka|GBPCPCFC_22,1222,1348403,0.593,948.8175,764.2049,0.8661,0.0,0.3406,-0.3531,417,-0.6959,-0.6429,0.8583,0,0,0.0526,0.4484,0.0507,0.4651,0.3429,-0.0837,-0.3705
GBPCPCFC_01007,gnl|Prokka|GBPCPCFC_22,1222,1348403,0.593,948.8175,764.2049,0.8661,0.0,0.3406,-0.3531,198,-0.9825,-0.9418,0.8576,0,0,0.1938,0.0079,0.1568,0.0321,0.3586,0.3637,-0.2307
GBPCPCFC_01008,gnl|Prokka|GBPCPCFC_22,1222,1348403,0.593,948.8175,764.2049,0.8661,0.0,0.3406,-0.3531,840,-0.1424,-0.0656,0.8571,0,0,0.1393,0.0283,0.2305,0.0003,0.3726,0.7646,-0.1055
GBPCPCFC_01009,gnl|Prokka|GBPCPCFC_22,1222,1348403,0.593,948.8175,764.2049,0.8661,0.0,0.3406,-0.3531,76,-1.1421,-1.1083,0.8557,0,0,-0.1264,0.1727,-0.0959,0.3015,0.5263,5.1551,1.2663
GBPCPCFC_01010,gnl|Prokka|GBPCPCFC_22,1222,1348403,0.593,948.8175,764.2049,0.8661,0.0,0.3406,-0.3531,546,-0.5271,-0.4668,0.8555,0,0,0.2383,0.0002,0.2494,0.0001,0.2802,-1.875,-0.9301
GBPCPCFC_01011,gnl|Prokka|GBPCPCFC_22,1222,1348403,0.593,948.8175,764.2049,0.8661,0.0,0.3406,-0.3531,1290,0.4465,0.5487,0.8546,0,0,0.2616,0.0,0.4022,0.0,0.3271,-0.5348,-0.5114
GBPCPCFC_01012,gnl|Prokka|GBPCPCFC_22,1222,1348403,0.593,948.8175,764.2049,0.8661,0.0,0.3406,-0.3531,654,-0.3858,-0.3194,0.8527,0,0,0.3115,0.0,0.3607,0.0,0.2875,-1.6681,-0.8655
GBPCPCFC_01013,gnl|Prokka|GBPCPCFC_22,1222,1348403,0.593,948.8175,764.2049,0.8661,0.0,0.3406,-0.3531,1206,0.3365,0.434,0.8517,0,0,0.286,0.0,0.3277,0.0,0.3499,0.116,-0.3081
GBPCPCFC_01014,gnl|Prokka|GBPCPCFC_22,1222,1348403,0.593,948.8175,764.2049,0.8661,0.0,0.3406,-0.3531,1032,0.1088,0.1965,0.8497,0,0,0.2666,0.0,0.2637,0.0,0.2742,-2.0462,-0.9837
GBPCPCFC_01015,gnl|Prokka|GBPCPCFC_22,1222,1348403,0.593,948.8175,764.2049,0.8661,0.0,0.3406,-0.3531,753,-0.2562,-0.1843,0.8476,0,0,0.0116,0.8532,0.0815,0.1938,0.3347,-0.3198,-0.4442
GBPCPCFC_01016,gnl|Prokka|GBPCPCFC_22,1222,1348403,0.593,948.8175,764.2049,0.8661,0.0,0.3406,-0.3531,609,-0.4447,-0.3808,0.8465,0,0,0.1933,0.0022,0.2269,0.0003,0.335,-0.3108,-0.4414
GBPCPCFC_01017,gnl|Prokka|GBPCPCFC_22,1222,1348403,0.593,948.8175,764.2049,0.8661,0.0,0.3406,-0.3531,1911,1.2591,1.3963,0.8451,0,0,0.1826,0.0034,0.2206,0.0004,0.3741,0.8083,-0.0918
GBPCPCFC_01018,gnl|Prokka|GBPCPCFC_22,1222,1348403,0.593,948.8175,764.2049,0.8661,0.0,0.3406,-0.3531,450,-0.6527,-0.5979,0.8419,0,0,-0.0367,0.5653,0.0126,0.8441,0.3489,0.0867,-0.3173
GBPCPCFC_01019,gnl|Prokka|GBPCPCFC_22,1222,1348403,0.593,948.8175,764.2049,0.8661,0.0,0.3406,-0.3531,1236,0.3758,0.4749,0.8409,0,0,0.3436,0.0,0.4231,0.0,0.3722,0.7517,-0.1095
GBPCPCFC_01020,gnl|Prokka|GBPCPCFC_22,1222,1348403,0.593,948.8175,764.2049,0.8661,0.0,0.3406,-0.3531,1068,0.156,0.2456,0.839,0,0,0.1575,0.0116,0.2141,0.0006,0.3839,1.0867,-0.0048
GBPCPCFC_01021,gnl|Prokka|GBPCPCFC_22,1222,1348403,0.593,948.8175,764.2049,0.8661,0.0,0.3406,-0.3531,930,-0.0246,0.0573,0.8373,0,0,0.0694,0.2688,0.0371,0.5548,0.3473,0.0416,-0.3313
GBPCPCFC_01022,gnl|Prokka|GBPCPCFC_22,1222,1348403,0.593,948.8175,764.2049,0.8661,0.0,0.3406,-0.3531,249,-0.9157,-0.8722,0.8353,0,0,0.0932,0.1742,0.1104,0.1071,0.3373,-0.243,-0.4203
GBPCPCFC_01023,gnl|Prokka|GBPCPCFC_22,1222,1348403,0.593,948.8175,764.2049,0.8661,0.0,0.3406,-0.3531,438,-0.6684,-0.6142,0.8349,0,0,0.11,0.0839,0.1692,0.0076,0.3242,-0.6186,-0.5376
GBPCPCFC_01024,gnl|Prokka|GBPCPCFC_22,1222,1348403,0.593,948.8175,764.2049,0.8661,0.0,0.3406,-0.3531,762,-0.2445,-0.172,0.8337,0,0,0.1156,0.0647,0.1729,0.0055,0.3399,-0.1702,-0.3975
GBPCPCFC_01025,gnl|Prokka|GBPCPCFC_22,1222,1348403,0.593,948.8175,764.2049,0.8661,0.0,0.3406,-0.3531,951,0.0029,0.086,0.832,0,0,0.2039,0.001,0.2516,0.0,0.3954,1.4146,0.0976
GBPCPCFC_01026,gnl|Prokka|GBPCPCFC_22,1222,1348403,0.593,948.8175,764.2049,0.8661,0.0,0.3406,-0.3531,696,-0.3308,-0.2621,0.8302,0,0,0.1435,0.0238,0.213,0.0007,0.2931,-1.5069,-0.8152
GBPCPCFC_01027,gnl|Prokka|GBPCPCFC_22,1222,1348403,0.593,948.8175,764.2049,0.8661,0.0,0.3406,-0.3531,750,-0.2602,-0.1884,0.8291,0,0,0.2107,0.0008,0.1978,0.0018,0.348,0.0613,-0.3252
GBPCPCFC_01028,gnl|Prokka|GBPCPCFC_22,1222,1348403,0.593,948.8175,764.2049,0.8661,0.0,0.3406,-0.3531,501,-0.586,-0.5283,0.828,0,0,-0.0238,0.7093,0.0263,0.6798,0.3493,0.0985,-0.3136
GBPCPCFC_01029,gnl|Prokka|GBPCPCFC_22,1222,1348403,0.593,948.8175,764.2049,0.8661,0.0,0.3406,-0.3531,1554,0.7919,0.909,0.8273,0,0,0.1821,0.0034,0.2225,0.0003,0.316,-0.854,-0.6112
GBPCPCFC_01030,gnl|Prokka|GBPCPCFC_22,1222,1348403,0.593,948.8175,764.2049,0.8661,0.0,0.3406,-0.3531,1470,0.682,0.7943,0.8249,0,0,0.2693,0.0,0.3068,0.0,0.3109,-0.999,-0.6565
GBPCPCFC_01031,gnl|Prokka|GBPCPCFC_22,1222,1348403,0.593,948.8175,764.2049,0.8661,0.0,0.3406,-0.3531,1749,1.0471,1.1751,0.8227,0,0,0.4307,0.0,0.4618,0.0,0.2927,-1.5173,-0.8184
GBPCPCFC_01032,gnl|Prokka|GBPCPCFC_22,1222,1348403,0.593,948.8175,764.2049,0.8661,0.0,0.3406,-0.3531,2250,1.7027,1.859,0.82,0,0,0.4667,0.0,0.4737,0.0,0.3338,-0.345,-0.4521
GBPCPCFC_01033,gnl|Prokka|GBPCPCFC_22,1222,1348403,0.593,948.8175,764.2049,0.8661,0.0,0.3406,-0.3531,798,-0.1974,-0.1229,0.8165,0,0,0.199,0.0014,0.2876,0.0,0.3195,-0.7515,-0.5791
GBPCPCFC_01034,gnl|Prokka|GBPCPCFC_22,1222,1348403,0.593,948.8175,764.2049,0.8661,0.0,0.3406,-0.3531,1410,0.6035,0.7124,0.8152,0,0,0.3159,0.0,0.3656,0.0,0.3645,0.5337,-0.1776
GBPCPCFC_01035,gnl|Prokka|GBPCPCFC_22,1222,1348403,0.593,948.8175,764.2049,0.8661,0.0,0.3406,-0.3531,1023,0.0971,0.1842,0.8128,0,0,0.042,0.5031,0.0715,0.2542,0.3236,-0.6369,-0.5433
GBPCPCFC_01036,gnl|Prokka|GBPCPCFC_22,1222,1348403,0.593,948.8175,764.2049,0.8661,0.0,0.3406,-0.3531,774,-0.2288,-0.1556,0.8112,0,0,0.0881,0.1601,0.0726,0.247,0.3695,0.6757,-0.1332
GBPCPCFC_01037,gnl|Prokka|GBPCPCFC_22,1222,1348403,0.593,948.8175,764.2049,0.8661,0.0,0.3406,-0.3531,765,-0.2405,-0.1679,0.81,0,0,0.1612,0.0098,0.2232,0.0003,0.3477,0.0531,-0.3278
GBPCPCFC_01038,gnl|Prokka|GBPCPCFC_22,1222,1348403,0.593,948.8175,764.2049,0.8661,0.0,0.3406,-0.3531,750,-0.2602,-0.1884,0.8088,0,0,0.1221,0.0511,0.1132,0.0706,0.372,0.7469,-0.111
GBPCPCFC_01039,gnl|Prokka|GBPCPCFC_22,1222,1348403,0.593,948.8175,764.2049,0.8661,0.0,0.3406,-0.3531,693,-0.3347,-0.2662,0.8073,0,0,0.1336,0.0326,0.0875,0.1626,0.3218,-0.6875,-0.5591
GBPCPCFC_01040,gnl|Prokka|GBPCPCFC_22,1222,1348403,0.593,948.8175,764.2049,0.8661,0.0,0.3406,-0.3531,573,-0.4918,-0.43,0.8063,0,0,0.1603,0.0102,0.2659,0.0,0.3351,-0.3078,-0.4405
GBPCPCFC_01041,gnl|Prokka|GBPCPCFC_22,1222,1348403,0.593,948.8175,764.2049,0.8661,0.0,0.3406,-0.3531,1098,0.1952,0.2866,0.8054,0,0,0.124,0.0476,0.1046,0.0949,0.3488,0.0846,-0.3179
GBPCPCFC_01042,gnl|Prokka|GBPCPCFC_22,1222,1348403,0.593,948.8175,764.2049,0.8661,0.0,0.3406,-0.3531,1341,0.5132,0.6183,0.8037,0,0,0.4015,0.0,0.3961,0.0,0.3721,0.75,-0.11
GBPCPCFC_01043,gnl|Prokka|GBPCPCFC_22,1222,1348403,0.593,948.8175,764.2049,0.8661,0.0,0.3406,-0.3531,348,-0.7862,-0.7371,0.8016,0,0,0.2433,0.0001,0.223,0.0003,0.3678,0.6274,-0.1483
GBPCPCFC_01044,gnl|Prokka|GBPCPCFC_22,1222,1348403,0.593,948.8175,764.2049,0.8661,0.0,0.3406,-0.3531,669,-0.3662,-0.299,0.8012,0,0,0.207,0.001,0.2475,0.0001,0.3333,-0.3577,-0.4561
GBPCPCFC_01045,gnl|Prokka|GBPCPCFC_22,1222,1348403,0.593,948.8175,764.2049,0.8661,0.0,0.3406,-0.3531,1182,0.3051,0.4012,0.7998,0,0,0.2141,0.0006,0.2761,0.0,0.3832,1.0682,-0.0106
GBPCPCFC_01046,gnl|Prokka|GBPCPCFC_22,1222,1348403,0.593,948.8175,764.2049,0.8661,0.0,0.3406,-0.3531,267,-0.8922,-0.8476,0.7981,0,0,0.1147,0.1376,0.1705,0.0266,0.2397,-3.0325,-1.2918
GBPCPCFC_01047,gnl|Prokka|GBPCPCFC_22,1222,1348403,0.593,948.8175,764.2049,0.8661,0.0,0.3406,-0.3531,1359,0.5367,0.6428,0.7977,0,0,0.1204,0.0543,0.1567,0.0121,0.3385,-0.2106,-0.4101
GBPCPCFC_01048,gnl|Prokka|GBPCPCFC_22,1222,1348403,0.593,948.8175,764.2049,0.8661,0.0,0.3406,-0.3531,102,-1.1081,-1.0729,0.7956,0,0,0.0083,0.9207,0.0645,0.4363,0.3235,-0.6378,-0.5436
GBPCPCFC_01049,gnl|Prokka|GBPCPCFC_22,1222,1348403,0.593,948.8175,764.2049,0.8661,0.0,0.3406,-0.3531,438,-0.6684,-0.6142,0.7949,0,0,0.1031,0.1053,0.174,0.006,0.3242,-0.6186,-0.5376
GBPCPCFC_01050,gnl|Prokka|GBPCPCFC_22,1222,1348403,0.593,948.8175,764.2049,0.8661,0.0,0.3406,-0.3531,1224,0.3601,0.4586,0.7941,0,0,0.1907,0.0022,0.199,0.0014,0.3554,0.2725,-0.2592
GBPCPCFC_01051,gnl|Prokka|GBPCPCFC_22,1222,1348403,0.593,948.8175,764.2049,0.8661,0.0,0.3406,-0.3531,282,-0.8726,-0.8272,0.792,0,0,-0.0815,0.2634,-0.0554,0.4478,0.3191,-0.7629,-0.5827
GBPCPCFC_01052,gnl|Prokka|GBPCPCFC_22,1222,1348403,0.593,948.8175,764.2049,0.8661,0.0,0.3406,-0.3531,2070,1.4671,1.6133,0.7914,0,0,0.2375,0.0001,0.2624,0.0,0.3271,-0.5371,-0.5121
GBPCPCFC_01053,gnl|Prokka|GBPCPCFC_22,1222,1348403,0.593,948.8175,764.2049,0.8661,0.0,0.3406,-0.3531,1095,0.1913,0.2825,0.7883,0,0,0.1185,0.0583,0.1037,0.0978,0.3699,0.6858,-0.1301
GBPCPCFC_01054,gnl|Prokka|GBPCPCFC_22,1222,1348403,0.593,948.8175,764.2049,0.8661,0.0,0.3406,-0.3531,216,-0.9589,-0.9173,0.7867,0,0,0.0359,0.6081,0.0519,0.4589,0.2824,-1.8125,-0.9106
GBPCPCFC_01055,gnl|Prokka|GBPCPCFC_22,1222,1348403,0.593,948.8175,764.2049,0.8661,0.0,0.3406,-0.3531,1905,1.2512,1.3881,0.7863,0,0,0.3598,0.0,0.3728,0.0,0.3454,-0.0128,-0.3483
GBPCPCFC_01056,gnl|Prokka|GBPCPCFC_22,1222,1348403,0.593,948.8175,764.2049,0.8661,0.0,0.3406,-0.3531,1524,0.7527,0.868,0.7829,0,0,0.1245,0.0466,0.1719,0.0058,0.3268,-0.5451,-0.5147
GBPCPCFC_01057,gnl|Prokka|GBPCPCFC_22,1222,1348403,0.593,948.8175,764.2049,0.8661,0.0,0.3406,-0.3531,213,-0.9629,-0.9213,0.7801,0,0,-0.0137,0.8632,-0.0289,0.7158,0.2958,-1.4306,-0.7913
GBPCPCFC_01058,gnl|Prokka|GBPCPCFC_22,1222,1348403,0.593,948.8175,764.2049,0.8661,0.0,0.3406,-0.3531,1095,0.1913,0.2825,0.7793,0,0,0.1185,0.0583,0.1037,0.0978,0.3699,0.6858,-0.1301
GBPCPCFC_01059,gnl|Prokka|GBPCPCFC_22,1222,1348403,0.593,948.8175,764.2049,0.8661,0.0,0.3406,-0.3531,873,-0.0992,-0.0205,0.7773,0,0,0.2838,0.0,0.2512,0.0001,0.3173,-0.8158,-0.5992
GBPCPCFC_01060,gnl|Prokka|GBPCPCFC_22,1222,1348403,0.593,948.8175,764.2049,0.8661,0.0,0.3406,-0.3531,1851,1.1806,1.3144,0.7752,0,0,0.1441,0.0211,0.1777,0.0043,0.3371,-0.2497,-0.4223
GBPCPCFC_01061,gnl|Prokka|GBPCPCFC_22,1222,1348403,0.593,948.8175,764.2049,0.8661,0.0,0.3406,-0.3531,606,-0.4486,-0.3849,0.7723,0,0,0.031,0.6268,0.0695,0.2753,0.3317,-0.4048,-0.4708
GBPCPCFC_01062,gnl|Prokka|GBPCPCFC_22,1222,1348403,0.593,948.8175,764.2049,0.8661,0.0,0.3406,-0.3531,108,-1.1003,-1.0647,0.7713,0,0,-0.0456,0.5952,0.0197,0.8186,0.287,-1.6802,-0.8693
GBPCPCFC_01063,gnl|Prokka|GBPCPCFC_22,1222,1348403,0.593,948.8175,764.2049,0.8661,0.0,0.3406,-0.3531,291,-0.8608,-0.8149,0.7711,0,0,-0.1326,0.037,-0.1149,0.0709,0.3471,0.035,-0.3334
GBPCPCFC_01064,gnl|Prokka|GBPCPCFC_22,1222,1348403,0.593,948.8175,764.2049,0.8661,0.0,0.3406,-0.3531,1845,1.1727,1.3062,0.7703,0,0,0.2045,0.001,0.2335,0.0002,0.3366,-0.2648,-0.4271
GBPCPCFC_01065,gnl|Prokka|GBPCPCFC_22,1222,1348403,0.593,948.8175,764.2049,0.8661,0.0,0.3406,-0.3531,1095,0.1913,0.2825,0.7675,0,0,0.1185,0.0583,0.1037,0.0978,0.3699,0.6858,-0.1301
GBPCPCFC_01066,gnl|Prokka|GBPCPCFC_22,1222,1348403,0.593,948.8175,764.2049,0.8661,0.0,0.3406,-0.3531,219,-0.955,-0.9132,0.7658,0,0,0.0005,0.9946,0.0288,0.6935,0.2831,-1.7925,-0.9044
GBPCPCFC_01067,gnl|Prokka|GBPCPCFC_22,1222,1348403,0.593,948.8175,764.2049,0.8661,0.0,0.3406,-0.3531,1023,0.0971,0.1842,0.765,0,0,0.0448,0.4754,0.072,0.2509,0.3245,-0.609,-0.5346
GBPCPCFC_01068,gnl|Prokka|GBPCPCFC_22,1222,1348403,0.593,948.8175,764.2049,0.8661,0.0,0.3406,-0.3531,444,-0.6606,-0.6061,0.7634,0,0,-0.0628,0.3316,-0.0411,0.525,0.2973,-1.3871,-0.7777
GBPCPCFC_01069,gnl|Prokka|GBPCPCFC_22,1222,1348403,0.593,948.8175,764.2049,0.8661,0.0,0.3406,-0.3531,438,-0.6684,-0.6142,0.7628,0,0,0.11,0.0839,0.1692,0.0076,0.3242,-0.6186,-0.5376
GBPCPCFC_01070,gnl|Prokka|GBPCPCFC_22,1222,1348403,0.593,948.8175,764.2049,0.8661,0.0,0.3406,-0.3531,330,-0.8098,-0.7617,0.7612,0,0,0.1004,0.1208,0.1421,0.0278,0.3545,0.2483,-0.2668
GBPCPCFC_01071,gnl|Prokka|GBPCPCFC_22,1222,1348403,0.593,948.8175,764.2049,0.8661,0.0,0.3406,-0.3531,237,-0.9314,-0.8886,0.7605,0,0,0.1657,0.0266,0.1768,0.0179,0.2996,-1.322,-0.7574
GBPCPCFC_01072,gnl|Prokka|GBPCPCFC_22,1222,1348403,0.593,948.8175,764.2049,0.8661,0.0,0.3406,-0.3531,1845,1.1727,1.3062,0.7598,0,0,0.2132,0.0006,0.2554,0.0,0.3409,-0.1409,-0.3884
GBPCPCFC_01073,gnl|Prokka|GBPCPCFC_22,1222,1348403,0.593,948.8175,764.2049,0.8661,0.0,0.3406,-0.3531,77,-1.1408,-1.107,0.7565,0,0,-0.1691,0.0787,-0.1369,0.1559,0.6104,7.5568,2.0167
GBPCPCFC_01074,gnl|Prokka|GBPCPCFC_22,1222,1348403,0.593,948.8175,764.2049,0.8661,0.0,0.3406,-0.3531,660,-0.3779,-0.3112,0.7556,0,0,0.1685,0.0078,0.174,0.006,0.3515,0.1617,-0.2938
GBPCPCFC_01075,gnl|Prokka|GBPCPCFC_22,1222,1348403,0.593,948.8175,764.2049,0.8661,0.0,0.3406,-0.3531,429,-0.6802,-0.6265,0.7546,0,0,0.1433,0.0218,0.1905,0.0022,0.3427,-0.0913,-0.3729
GBPCPCFC_01076,gnl|Prokka|GBPCPCFC_22,1222,1348403,0.593,948.8175,764.2049,0.8661,0.0,0.3406,-0.3531,1362,0.5407,0.6469,0.7533,0,0,0.3829,0.0,0.4013,0.0,0.4097,1.8236,0.2254
GBPCPCFC_01077,gnl|Prokka|GBPCPCFC_22,1222,1348403,0.593,948.8175,764.2049,0.8661,0.0,0.3406,-0.3531,573,-0.4918,-0.43,0.7506,0,0,0.1424,0.0226,0.2359,0.0001,0.349,0.091,-0.3159
GBPCPCFC_01078,gnl|Prokka|GBPCPCFC_22,1222,1348403,0.593,948.8175,764.2049,0.8661,0.0,0.3406,-0.3531,4572,4.7411,5.0283,0.7492,0,0,0.4616,0.0,0.4512,0.0,0.442,2.7476,0.5141
GBPCPCFC_01079,gnl|Prokka|GBPCPCFC_22,1222,1348403,0.593,948.8175,764.2049,0.8661,0.0,0.3406,-0.3531,2334,1.8126,1.9736,0.7422,0,0,0.3678,0.0,0.3977,0.0,0.3976,1.4782,0.1175
GBPCPCFC_01080,gnl|Prokka|GBPCPCFC_22,1222,1348403,0.593,948.8175,764.2049,0.8661,0.0,0.3406,-0.3531,1881,1.2198,1.3553,0.7383,0,0,0.3374,0.0,0.3865,0.0,0.378,0.918,-0.0575
GBPCPCFC_01081,gnl|Prokka|GBPCPCFC_22,1222,1348403,0.593,948.8175,764.2049,0.8661,0.0,0.3406,-0.3531,1125,0.2305,0.3234,0.735,0,0,0.3569,0.0,0.3957,0.0,0.376,0.8611,-0.0753
GBPCPCFC_01082,gnl|Prokka|GBPCPCFC_22,1222,1348403,0.593,948.8175,764.2049,0.8661,0.0,0.3406,-0.3531,627,-0.4211,-0.3563,0.7332,0,0,0.1439,0.0213,0.1589,0.0109,0.3238,-0.6311,-0.5415
GBPCPCFC_01083,gnl|Prokka|GBPCPCFC_22,1222,1348403,0.593,948.8175,764.2049,0.8661,0.0,0.3406,-0.3531,438,-0.6684,-0.6142,0.7322,0,0,0.1216,0.0559,0.1824,0.0039,0.3219,-0.6838,-0.558
GBPCPCFC_01084,gnl|Prokka|GBPCPCFC_22,1222,1348403,0.593,948.8175,764.2049,0.8661,0.0,0.3406,-0.3531,1095,0.1913,0.2825,0.7307,0,0,0.1185,0.0583,0.1037,0.0978,0.3699,0.6858,-0.1301
GBPCPCFC_01085,gnl|Prokka|GBPCPCFC_22,1222,1348403,0.593,948.8175,764.2049,0.8661,0.0,0.3406,-0.3531,1230,0.3679,0.4668,0.7291,0,0,0.1428,0.0223,0.1706,0.0062,0.3122,-0.9615,-0.6448
GBPCPCFC_01086,gnl|Prokka|GBPCPCFC_22,1222,1348403,0.593,948.8175,764.2049,0.8661,0.0,0.3406,-0.3531,1797,1.1099,1.2407,0.7269,0,0,0.2263,0.0003,0.3234,0.0,0.3333,-0.3577,-0.4561
GBPCPCFC_01087,gnl|Prokka|GBPCPCFC_22,1222,1348403,0.593,948.8175,764.2049,0.8661,0.0,0.3406,-0.3531,75,-1.1434,-1.1097,0.7241,0,0,-0.0286,0.7229,-0.0372,0.6447,0.5333,5.3556,1.3289
GBPCPCFC_01088,gnl|Prokka|GBPCPCFC_22,1222,1348403,0.593,948.8175,764.2049,0.8661,0.0,0.3406,-0.3531,336,-0.8019,-0.7535,0.7236,0,0,0.0675,0.2975,0.0921,0.1551,0.4524,3.0431,0.6064
GBPCPCFC_01089,gnl|Prokka|GBPCPCFC_22,1222,1348403,0.593,948.8175,764.2049,0.8661,0.0,0.3406,-0.3531,171,-1.0178,-0.9787,0.7231,0,0,0.0689,0.3262,0.0814,0.2457,0.345,-0.0236,-0.3517
GBPCPCFC_01090,gnl|Prokka|GBPCPCFC_22,1222,1348403,0.593,948.8175,764.2049,0.8661,0.0,0.3406,-0.3531,1026,0.101,0.1883,0.7219,0,0,0.258,0.0,0.3156,0.0,0.3957,1.4242,0.1006
GBPCPCFC_01091,gnl|Prokka|GBPCPCFC_22,1222,1348403,0.593,948.8175,764.2049,0.8661,0.0,0.3406,-0.3531,726,-0.2916,-0.2212,0.7204,0,0,0.2106,0.0008,0.3082,0.0,0.365,0.5473,-0.1733
GBPCPCFC_01092,gnl|Prokka|GBPCPCFC_22,1222,1348403,0.593,948.8175,764.2049,0.8661,0.0,0.3406,-0.3531,501,-0.586,-0.5283,0.7189,0,0,0.1981,0.002,0.21,0.0011,0.3772,0.8967,-0.0642
GBPCPCFC_01093,gnl|Prokka|GBPCPCFC_22,1222,1348403,0.593,948.8175,764.2049,0.8661,0.0,0.3406,-0.3531,534,-0.5428,-0.4832,0.7181,0,0,0.0529,0.431,0.1278,0.0561,0.2903,-1.5881,-0.8405
GBPCPCFC_01094,gnl|Prokka|GBPCPCFC_22,1222,1348403,0.593,948.8175,764.2049,0.8661,0.0,0.3406,-0.3531,1095,0.1913,0.2825,0.7163,0,0,0.1185,0.0583,0.1037,0.0978,0.3699,0.6858,-0.1301
GBPCPCFC_01095,gnl|Prokka|GBPCPCFC_22,1222,1348403,0.593,948.8175,764.2049,0.8661,0.0,0.3406,-0.3531,4155,4.1954,4.4591,0.7146,0,0,0.3202,0.0,0.3632,0.0,0.3165,-0.839,-0.6065
GBPCPCFC_01096,gnl|Prokka|GBPCPCFC_22,1222,1348403,0.593,948.8175,764.2049,0.8661,0.0,0.3406,-0.3531,438,-0.6684,-0.6142,0.7077,0,0,0.1031,0.1053,0.174,0.006,0.3242,-0.6186,-0.5376
GBPCPCFC_01097,gnl|Prokka|GBPCPCFC_22,1222,1348403,0.593,948.8175,764.2049,0.8661,0.0,0.3406,-0.3531,4452,4.5841,4.8645,0.707,0,0,0.4232,0.0,0.424,0.0,0.327,-0.5374,-0.5122
GBPCPCFC_01098,gnl|Prokka|GBPCPCFC_22,1222,1348403,0.593,948.8175,764.2049,0.8661,0.0,0.3406,-0.3531,213,-0.9629,-0.9213,0.6998,0,0,-0.079,0.3002,-0.0227,0.7661,0.3521,0.1788,-0.2885
GBPCPCFC_01099,gnl|Prokka|GBPCPCFC_22,1222,1348403,0.593,948.8175,764.2049,0.8661,0.0,0.3406,-0.3531,294,-0.8569,-0.8108,0.6993,0,0,0.2664,0.0,0.2924,0.0,0.3912,1.2941,0.06
GBPCPCFC_01100,gnl|Prokka|GBPCPCFC_22,1222,1348403,0.593,948.8175,764.2049,0.8661,0.0,0.3406,-0.3531,714,-0.3073,-0.2375,0.6984,0,0,0.2616,0.0,0.3302,0.0,0.3361,-0.2777,-0.4311
GBPCPCFC_01101,gnl|Prokka|GBPCPCFC_22,1222,1348403,0.593,948.8175,764.2049,0.8661,0.0,0.3406,-0.3531,1095,0.1913,0.2825,0.6973,0,0,0.0889,0.1561,0.0713,0.2554,0.3699,0.6858,-0.1301
GBPCPCFC_01102,gnl|Prokka|GBPCPCFC_22,1222,1348403,0.593,948.8175,764.2049,0.8661,0.0,0.3406,-0.3531,1248,0.3915,0.4913,0.6955,0,0,0.3427,0.0,0.3201,0.0,0.371,0.7181,-0.12
GBPCPCFC_01103,gnl|Prokka|GBPCPCFC_22,1222,1348403,0.593,948.8175,764.2049,0.8661,0.0,0.3406,-0.3531,3093,2.8058,3.0096,0.6929,0,0,0.2818,0.0,0.326,0.0,0.2958,-1.4291,-0.7908
GBPCPCFC_01104,gnl|Prokka|GBPCPCFC_22,1222,1348403,0.593,948.8175,764.2049,0.8661,0.0,0.3406,-0.3531,672,-0.3622,-0.2949,0.6882,0,0,0.0558,0.3817,0.0974,0.126,0.3095,-1.0378,-0.6686
GBPCPCFC_01105,gnl|Prokka|GBPCPCFC_22,1222,1348403,0.593,948.8175,764.2049,0.8661,0.0,0.3406,-0.3531,1335,0.5053,0.6101,0.6872,0,0,0.2981,0.0,0.3306,0.0,0.3326,-0.3791,-0.4628
GBPCPCFC_01106,gnl|Prokka|GBPCPCFC_22,1222,1348403,0.593,948.8175,764.2049,0.8661,0.0,0.3406,-0.3531,336,-0.8019,-0.7535,0.6847,0,0,-0.0583,0.3682,-0.0632,0.3297,0.2827,-1.803,-0.9077
GBPCPCFC_01107,gnl|Prokka|GBPCPCFC_22,1222,1348403,0.593,948.8175,764.2049,0.8661,0.0,0.3406,-0.3531,77,-1.1408,-1.107,0.6839,0,0,0.0312,0.7232,-0.0022,0.9801,0.5844,6.8148,1.7849
GBPCPCFC_01108,gnl|Prokka|GBPCPCFC_22,1222,1348403,0.593,948.8175,764.2049,0.8661,0.0,0.3406,-0.3531,495,-0.5938,-0.5364,0.6831,0,0,0.1768,0.0045,0.1313,0.0358,0.3838,1.0851,-0.0053
GBPCPCFC_01109,gnl|Prokka|GBPCPCFC_22,1222,1348403,0.593,948.8175,764.2049,0.8661,0.0,0.3406,-0.3531,468,-0.6292,-0.5733,0.6824,0,0,0.0883,0.1589,0.1172,0.0612,0.3739,0.8021,-0.0937
GBPCPCFC_01110,gnl|Prokka|GBPCPCFC_22,1222,1348403,0.593,948.8175,764.2049,0.8661,0.0,0.3406,-0.3531,1239,0.3797,0.479,0.6812,0,0,0.2191,0.0004,0.2486,0.0001,0.3253,-0.5883,-0.5281
GBPCPCFC_01111,gnl|Prokka|GBPCPCFC_22,1222,1348403,0.593,948.8175,764.2049,0.8661,0.0,0.3406,-0.3531,669,-0.3662,-0.299,0.6793,0,0,0.2119,0.0014,0.332,0.0,0.2646,-2.3219,-1.0698
GBPCPCFC_01112,gnl|Prokka|GBPCPCFC_22,1222,1348403,0.593,948.8175,764.2049,0.8661,0.0,0.3406,-0.3531,2880,2.527,2.7188,0.6782,0,0,0.3184,0.0,0.3759,0.0,0.3451,-0.0204,-0.3507
GBPCPCFC_01113,gnl|Prokka|GBPCPCFC_22,1222,1348403,0.593,948.8175,764.2049,0.8661,0.0,0.3406,-0.3531,1476,0.6898,0.8025,0.6736,0,0,-0.0797,0.2036,-0.0926,0.1397,0.336,-0.2803,-0.4319
GBPCPCFC_01114,gnl|Prokka|GBPCPCFC_22,1222,1348403,0.593,948.8175,764.2049,0.8661,0.0,0.3406,-0.3531,747,-0.2641,-0.1925,0.6713,0,0,0.154,0.0136,0.1681,0.007,0.3588,0.3689,-0.2291
GBPCPCFC_01115,gnl|Prokka|GBPCPCFC_22,1222,1348403,0.593,948.8175,764.2049,0.8661,0.0,0.3406,-0.3531,465,-0.6331,-0.5774,0.6695,0,0,0.1185,0.0624,0.1924,0.0023,0.3183,-0.7877,-0.5905
GBPCPCFC_01116,gnl|Prokka|GBPCPCFC_22,1222,1348403,0.593,948.8175,764.2049,0.8661,0.0,0.3406,-0.3531,849,-0.1306,-0.0533,0.6684,0,0,0.1291,0.039,0.2647,0.0,0.3274,-0.5259,-0.5087
GBPCPCFC_01117,gnl|Prokka|GBPCPCFC_22,1222,1348403,0.593,948.8175,764.2049,0.8661,0.0,0.3406,-0.3531,363,-0.7666,-0.7166,0.667,0,0,0.0547,0.4135,0.1092,0.1016,0.3003,-1.302,-0.7511
GBPCPCFC_01118,gnl|Prokka|GBPCPCFC_22,1222,1348403,0.593,948.8175,764.2049,0.8661,0.0,0.3406,-0.3531,465,-0.6331,-0.5774,0.6658,0,0,0.112,0.0784,0.1842,0.0036,0.3161,-0.8492,-0.6096
GBPCPCFC_01119,gnl|Prokka|GBPCPCFC_22,1222,1348403,0.593,948.8175,764.2049,0.8661,0.0,0.3406,-0.3531,1686,0.9646,1.0892,0.665,0,0,0.4014,0.0,0.534,0.0,0.3381,-0.2221,-0.4137
GBPCPCFC_01120,gnl|Prokka|GBPCPCFC_22,1222,1348403,0.593,948.8175,764.2049,0.8661,0.0,0.3406,-0.3531,2064,1.4593,1.6051,0.6624,0,0,0.2929,0.0,0.352,0.0,0.3435,-0.067,-0.3653
GBPCPCFC_01121,gnl|Prokka|GBPCPCFC_22,1222,1348403,0.593,948.8175,764.2049,0.8661,0.0,0.3406,-0.3531,732,-0.2837,-0.213,0.659,0,0,0.2551,0.0,0.2821,0.0,0.3224,-0.6699,-0.5536
GBPCPCFC_01122,gnl|Prokka|GBPCPCFC_22,1222,1348403,0.593,948.8175,764.2049,0.8661,0.0,0.3406,-0.3531,483,-0.6095,-0.5528,0.6579,0,0,0.1301,0.0407,0.1888,0.0028,0.3333,-0.3577,-0.4561
GBPCPCFC_01123,gnl|Prokka|GBPCPCFC_22,1222,1348403,0.593,948.8175,764.2049,0.8661,0.0,0.3406,-0.3531,813,-0.1777,-0.1024,0.6572,0,0,0.1572,0.0118,0.2053,0.001,0.3579,0.3451,-0.2365
GBPCPCFC_01124,gnl|Prokka|GBPCPCFC_22,1222,1348403,0.593,948.8175,764.2049,0.8661,0.0,0.3406,-0.3531,330,-0.8098,-0.7617,0.6558,0,0,0.2525,0.0003,0.2978,0.0,0.2788,-1.9159,-0.9429
GBPCPCFC_01125,gnl|Prokka|GBPCPCFC_22,1222,1348403,0.593,948.8175,764.2049,0.8661,0.0,0.3406,-0.3531,285,-0.8686,-0.8231,0.6552,0,0,0.1609,0.0099,0.1467,0.0188,0.4211,2.1481,0.3268
GBPCPCFC_01126,gnl|Prokka|GBPCPCFC_22,1222,1348403,0.593,948.8175,764.2049,0.8661,0.0,0.3406,-0.3531,1251,0.3954,0.4954,0.6547,0,0,0.2516,0.0,0.3009,0.0,0.3429,-0.0837,-0.3705
GBPCPCFC_01127,gnl|Prokka|GBPCPCFC_22,1222,1348403,0.593,948.8175,764.2049,0.8661,0.0,0.3406,-0.3531,1332,0.5014,0.606,0.6525,0,0,0.1799,0.0039,0.2294,0.0002,0.3664,0.5859,-0.1613
GBPCPCFC_01128,gnl|Prokka|GBPCPCFC_22,1222,1348403,0.593,948.8175,764.2049,0.8661,0.0,0.3406,-0.3531,468,-0.6292,-0.5733,0.6505,0,0,0.1982,0.002,0.2598,0.0,0.3248,-0.6019,-0.5324
GBPCPCFC_01129,gnl|Prokka|GBPCPCFC_22,1222,1348403,0.593,948.8175,764.2049,0.8661,0.0,0.3406,-0.3531,570,-0.4957,-0.4341,0.6495,0,0,0.2027,0.0013,0.2216,0.0004,0.3175,-0.8087,-0.597
GBPCPCFC_01130,gnl|Prokka|GBPCPCFC_22,1222,1348403,0.593,948.8175,764.2049,0.8661,0.0,0.3406,-0.3531,402,-0.7155,-0.6634,0.6483,0,0,0.1601,0.0116,0.1627,0.0103,0.3358,-0.2866,-0.4339
GBPCPCFC_01131,gnl|Prokka|GBPCPCFC_22,1222,1348403,0.593,948.8175,764.2049,0.8661,0.0,0.3406,-0.3531,987,0.05,0.1351,0.6472,0,0,0.2009,0.0012,0.2657,0.0,0.3445,-0.0393,-0.3566
GBPCPCFC_01132,gnl|Prokka|GBPCPCFC_22,1222,1348403,0.593,948.8175,764.2049,0.8661,0.0,0.3406,-0.3531,1020,0.0931,0.1801,0.6451,0,0,0.1516,0.0152,0.1904,0.0022,0.3833,1.0706,-0.0098
GBPCPCFC_01133,gnl|Prokka|GBPCPCFC_22,1222,1348403,0.593,948.8175,764.2049,0.8661,0.0,0.3406,-0.3531,1449,0.6545,0.7657,0.6435,0,0,0.1028,0.1006,0.1309,0.0363,0.3361,-0.2788,-0.4315
GBPCPCFC_01134,gnl|Prokka|GBPCPCFC_22,1222,1348403,0.593,948.8175,764.2049,0.8661,0.0,0.3406,-0.3531,618,-0.4329,-0.3686,0.6411,0,0,0.1296,0.0415,0.1495,0.0185,0.3851,1.1215,0.0061
GBPCPCFC_01135,gnl|Prokka|GBPCPCFC_22,1222,1348403,0.593,948.8175,764.2049,0.8661,0.0,0.3406,-0.3531,465,-0.6331,-0.5774,0.64,0,0,0.1268,0.046,0.1914,0.0025,0.3183,-0.7877,-0.5905
GBPCPCFC_01136,gnl|Prokka|GBPCPCFC_22,1222,1348403,0.593,948.8175,764.2049,0.8661,0.0,0.3406,-0.3531,777,-0.2248,-0.1515,0.6385,0,0,0.1485,0.0174,0.168,0.0071,0.3501,0.1203,-0.3068
GBPCPCFC_01137,gnl|Prokka|GBPCPCFC_22,1222,1348403,0.593,948.8175,764.2049,0.8661,0.0,0.3406,-0.3531,903,-0.06,0.0204,0.6371,0,0,0.3324,0.0,0.354,0.0,0.3743,0.8128,-0.0904
GBPCPCFC_01138,gnl|Prokka|GBPCPCFC_22,1222,1348403,0.593,948.8175,764.2049,0.8661,0.0,0.3406,-0.3531,1773,1.0785,1.2079,0.6355,0,0,0.2518,0.0,0.2334,0.0002,0.2944,-1.4694,-0.8034
GBPCPCFC_01139,gnl|Prokka|GBPCPCFC_22,1222,1348403,0.593,948.8175,764.2049,0.8661,0.0,0.3406,-0.3531,1269,0.419,0.52,0.6326,0,0,0.068,0.2782,0.152,0.0149,0.398,1.4882,0.1206
GBPCPCFC_01140,gnl|Prokka|GBPCPCFC_22,1222,1348403,0.593,948.8175,764.2049,0.8661,0.0,0.3406,-0.3531,1764,1.0667,1.1956,0.63,0,0,0.3954,0.0,0.3837,0.0,0.3906,1.2779,0.0549
GBPCPCFC_01141,gnl|Prokka|GBPCPCFC_22,1222,1348403,0.593,948.8175,764.2049,0.8661,0.0,0.3406,-0.3531,639,-0.4054,-0.3399,0.6273,0,0,0.0723,0.2636,0.1259,0.0509,0.3427,-0.0895,-0.3723
GBPCPCFC_01142,gnl|Prokka|GBPCPCFC_22,1222,1348403,0.593,948.8175,764.2049,0.8661,0.0,0.3406,-0.3531,750,-0.2602,-0.1884,0.6259,0,0,0.328,0.0,0.4306,0.0,0.3347,-0.3196,-0.4442
GBPCPCFC_01143,gnl|Prokka|GBPCPCFC_22,1222,1348403,0.593,948.8175,764.2049,0.8661,0.0,0.3406,-0.3531,936,-0.0168,0.0655,0.6248,0,0,0.3033,0.0,0.2833,0.0,0.3376,-0.2356,-0.418
GBPCPCFC_01144,gnl|Prokka|GBPCPCFC_22,1222,1348403,0.593,948.8175,764.2049,0.8661,0.0,0.3406,-0.3531,996,0.0617,0.1474,0.6234,0,0,0.2477,0.0001,0.2891,0.0,0.3695,0.6748,-0.1335
GBPCPCFC_01145,gnl|Prokka|GBPCPCFC_22,1222,1348403,0.593,948.8175,764.2049,0.8661,0.0,0.3406,-0.3531,1194,0.3208,0.4176,0.6216,0,0,0.2906,0.0,0.3891,0.0,0.3585,0.3601,-0.2318
GBPCPCFC_01146,gnl|Prokka|GBPCPCFC_22,1222,1348403,0.593,948.8175,764.2049,0.8661,0.0,0.3406,-0.3531,1380,0.5642,0.6715,0.6199,0,0,0.107,0.0874,0.1405,0.0245,0.3826,1.0499,-0.0163
GBPCPCFC_01147,gnl|Prokka|GBPCPCFC_22,1222,1348403,0.593,948.8175,764.2049,0.8661,0.0,0.3406,-0.3531,699,-0.3269,-0.258,0.6174,0,0,0.0715,0.2543,0.0677,0.2804,0.3262,-0.562,-0.5199
GBPCPCFC_01148,gnl|Prokka|GBPCPCFC_22,1222,1348403,0.593,948.8175,764.2049,0.8661,0.0,0.3406,-0.3531,1578,0.8233,0.9417,0.6158,0,0,0.2242,0.0003,0.279,0.0,0.3435,-0.068,-0.3656
GBPCPCFC_01149,gnl|Prokka|GBPCPCFC_22,1222,1348403,0.593,948.8175,764.2049,0.8661,0.0,0.3406,-0.3531,468,-0.6292,-0.5733,0.6133,0,0,0.194,0.0025,0.1483,0.0213,0.2842,-1.7616,-0.8947
GBPCPCFC_01150,gnl|Prokka|GBPCPCFC_22,1222,1348403,0.593,948.8175,764.2049,0.8661,0.0,0.3406,-0.3531,129,-1.0728,-1.036,0.6126,0,0,0.1469,0.0638,0.1723,0.0293,0.3721,0.7495,-0.1102
GBPCPCFC_01151,gnl|Prokka|GBPCPCFC_22,1222,1348403,0.593,948.8175,764.2049,0.8661,0.0,0.3406,-0.3531,741,-0.2719,-0.2007,0.6124,0,0,-0.0759,0.2264,-0.0066,0.9161,0.3536,0.2206,-0.2754
GBPCPCFC_01152,gnl|Prokka|GBPCPCFC_22,1222,1348403,0.593,948.8175,764.2049,0.8661,0.0,0.3406,-0.3531,85,-1.1303,-1.0961,0.6108,0,0,-0.1184,0.1747,-0.1932,0.0259,0.5059,4.5714,1.0839
GBPCPCFC_01153,gnl|Prokka|GBPCPCFC_22,1222,1348403,0.593,948.8175,764.2049,0.8661,0.0,0.3406,-0.3531,759,-0.2484,-0.1761,0.6104,0,0,0.2801,0.0,0.3022,0.0,0.3544,0.2445,-0.2679
GBPCPCFC_01154,gnl|Prokka|GBPCPCFC_22,1222,1348403,0.593,948.8175,764.2049,0.8661,0.0,0.3406,-0.3531,1719,1.0078,1.1342,0.6093,0,0,0.3729,0.0,0.4483,0.0,0.3176,-0.8064,-0.5963
GBPCPCFC_01155,gnl|Prokka|GBPCPCFC_22,1222,1348403,0.593,948.8175,764.2049,0.8661,0.0,0.3406,-0.3531,729,-0.2876,-0.2171,0.6065,0,0,0.1557,0.0126,0.1408,0.0243,0.3333,-0.3577,-0.4561
GBPCPCFC_01156,gnl|Prokka|GBPCPCFC_22,1222,1348403,0.593,948.8175,764.2049,0.8661,0.0,0.3406,-0.3531,86,-1.129,-1.0947,0.6051,0,0,-0.0461,0.5789,-0.0114,0.891,0.5465,5.7321,1.4466
GBPCPCFC_01157,gnl|Prokka|GBPCPCFC_22,1222,1348403,0.593,948.8175,764.2049,0.8661,0.0,0.3406,-0.3531,74,-1.1447,-1.1111,0.6049,0,0,-0.077,0.4156,-0.0716,0.4488,0.6081,7.4917,1.9963
GBPCPCFC_01158,gnl|Prokka|GBPCPCFC_22,1222,1348403,0.593,948.8175,764.2049,0.8661,0.0,0.3406,-0.3531,1185,0.3091,0.4053,0.6047,0,0,0.4311,0.0,0.4172,0.0,0.3992,1.5226,0.1314
GBPCPCFC_01159,gnl|Prokka|GBPCPCFC_22,1222,1348403,0.593,948.8175,764.2049,0.8661,0.0,0.3406,-0.3531,330,-0.8098,-0.7617,0.6026,0,0,0.0474,0.4569,0.0785,0.2181,0.3848,1.1139,0.0037
GBPCPCFC_01160,gnl|Prokka|GBPCPCFC_22,1222,1348403,0.593,948.8175,764.2049,0.8661,0.0,0.3406,-0.3531,648,-0.3936,-0.3276,0.6021,0,0,0.3424,0.0,0.3214,0.0,0.358,0.3477,-0.2357
GBPCPCFC_01161,gnl|Prokka|GBPCPCFC_22,1222,1348403,0.593,948.8175,764.2049,0.8661,0.0,0.3406,-0.3531,624,-0.425,-0.3604,0.6011,0,0,0.1437,0.0215,0.1888,0.0024,0.3237,-0.6324,-0.5419
GBPCPCFC_01162,gnl|Prokka|GBPCPCFC_22,1222,1348403,0.593,948.8175,764.2049,0.8661,0.0,0.3406,-0.3531,297,-0.8529,-0.8067,0.6002,0,0,0.1087,0.1266,0.0484,0.4976,0.2896,-1.6081,-0.8468
GBPCPCFC_01163,gnl|Prokka|GBPCPCFC_22,1222,1348403,0.593,948.8175,764.2049,0.8661,0.0,0.3406,-0.3531,822,-0.1659,-0.0901,0.5998,0,0,0.1839,0.0031,0.1966,0.0016,0.3832,1.0672,-0.0109
GBPCPCFC_01164,gnl|Prokka|GBPCPCFC_22,1222,1348403,0.593,948.8175,764.2049,0.8661,0.0,0.3406,-0.3531,279,-0.8765,-0.8313,0.5985,0,0,0.0641,0.3344,0.057,0.3908,0.3548,0.2566,-0.2642
GBPCPCFC_01165,gnl|Prokka|GBPCPCFC_22,1222,1348403,0.593,948.8175,764.2049,0.8661,0.0,0.3406,-0.3531,360,-0.7705,-0.7207,0.5981,0,0,0.1545,0.0164,0.1913,0.0029,0.3583,0.3565,-0.233
GBPCPCFC_01166,gnl|Prokka|GBPCPCFC_22,1222,1348403,0.593,948.8175,764.2049,0.8661,0.0,0.3406,-0.3531,657,-0.3819,-0.3153,0.5976,0,0,0.1865,0.0037,0.118,0.0675,0.3288,-0.4881,-0.4969
GBPCPCFC_01167,gnl|Prokka|GBPCPCFC_22,1222,1348403,0.593,948.8175,764.2049,0.8661,0.0,0.3406,-0.3531,411,-0.7038,-0.6511,0.5966,0,0,-0.0425,0.5056,0.0378,0.5531,0.3917,1.3104,0.0651
GBPCPCFC_01168,gnl|Prokka|GBPCPCFC_22,1222,1348403,0.593,948.8175,764.2049,0.8661,0.0,0.3406,-0.3531,213,-0.9629,-0.9213,0.596,0,0,0.1037,0.208,0.1336,0.1043,0.2394,-3.04,-1.2941
GBPCPCFC_01169,gnl|Prokka|GBPCPCFC_22,1222,1348403,0.593,948.8175,764.2049,0.8661,0.0,0.3406,-0.3531,234,-0.9354,-0.8927,0.5957,0,0,0.0765,0.2561,-0.0334,0.621,0.3248,-0.6019,-0.5324
GBPCPCFC_01170,gnl|Prokka|GBPCPCFC_22,1222,1348403,0.593,948.8175,764.2049,0.8661,0.0,0.3406,-0.3531,369,-0.7587,-0.7084,0.5952,0,0,0.1355,0.0452,0.1712,0.0111,0.3767,0.881,-0.0691
GBPCPCFC_01171,gnl|Prokka|GBPCPCFC_22,1222,1348403,0.593,948.8175,764.2049,0.8661,0.0,0.3406,-0.3531,330,-0.8098,-0.7617,0.5947,0,0,0.119,0.0868,0.1378,0.0471,0.3121,-0.9636,-0.6454
GBPCPCFC_01172,gnl|Prokka|GBPCPCFC_22,1222,1348403,0.593,948.8175,764.2049,0.8661,0.0,0.3406,-0.3531,543,-0.531,-0.4709,0.5942,0,0,0.0628,0.348,0.1002,0.1342,0.3076,-1.0942,-0.6862
GBPCPCFC_01173,gnl|Prokka|GBPCPCFC_22,1222,1348403,0.593,948.8175,764.2049,0.8661,0.0,0.3406,-0.3531,171,-1.0178,-0.9787,0.5932,0,0,0.0592,0.4689,0.044,0.5907,0.3567,0.3105,-0.2473
GBPCPCFC_01174,gnl|Prokka|GBPCPCFC_22,1222,1348403,0.593,948.8175,764.2049,0.8661,0.0,0.3406,-0.3531,399,-0.7195,-0.6675,0.5929,0,0,0.1484,0.0312,0.1381,0.045,0.2982,-1.36,-0.7693
GBPCPCFC_01175,gnl|Prokka|GBPCPCFC_22,1222,1348403,0.593,948.8175,764.2049,0.8661,0.0,0.3406,-0.3531,534,-0.5428,-0.4832,0.5923,0,0,-0.0449,0.4815,-0.0215,0.7357,0.324,-0.6252,-0.5397
GBPCPCFC_01176,gnl|Prokka|GBPCPCFC_22,1222,1348403,0.593,948.8175,764.2049,0.8661,0.0,0.3406,-0.3531,357,-0.7744,-0.7248,0.5915,0,0,0.0717,0.2819,0.0756,0.2567,0.3473,0.0424,-0.3311
GBPCPCFC_01177,gnl|Prokka|GBPCPCFC_22,1222,1348403,0.593,948.8175,764.2049,0.8661,0.0,0.3406,-0.3531,543,-0.531,-0.4709,0.5908,0,0,0.2123,0.0007,0.3704,0.0,0.3775,0.9049,-0.0616
GBPCPCFC_01178,gnl|Prokka|GBPCPCFC_22,1222,1348403,0.593,948.8175,764.2049,0.8661,0.0,0.3406,-0.3531,345,-0.7901,-0.7412,0.5897,0,0,-0.0042,0.9501,-0.0657,0.3233,0.3275,-0.5233,-0.5078
GBPCPCFC_01179,gnl|Prokka|GBPCPCFC_22,1222,1348403,0.593,948.8175,764.2049,0.8661,0.0,0.3406,-0.3531,456,-0.6449,-0.5897,0.5892,0,0,0.1398,0.0352,0.2085,0.0016,0.318,-0.7962,-0.5931
GBPCPCFC_01180,gnl|Prokka|GBPCPCFC_22,1222,1348403,0.593,948.8175,764.2049,0.8661,0.0,0.3406,-0.3531,1302,0.4622,0.565,0.5885,0,0,0.1596,0.0105,0.2182,0.0004,0.3203,-0.7307,-0.5726
GBPCPCFC_01181,gnl|Prokka|GBPCPCFC_22,1222,1348403,0.593,948.8175,764.2049,0.8661,0.0,0.3406,-0.3531,624,-0.425,-0.3604,0.5863,0,0,-0.0097,0.8767,0.1103,0.0782,0.3061,-1.1359,-0.6993
GBPCPCFC_01182,gnl|Prokka|GBPCPCFC_22,1222,1348403,0.593,948.8175,764.2049,0.8661,0.0,0.3406,-0.3531,378,-0.7469,-0.6961,0.5853,0,0,0.2564,0.0001,0.303,0.0,0.3439,-0.0554,-0.3616
GBPCPCFC_01183,gnl|Prokka|GBPCPCFC_22,1222,1348403,0.593,948.8175,764.2049,0.8661,0.0,0.3406,-0.3531,387,-0.7352,-0.6839,0.5847,0,0,0.2919,0.0,0.2726,0.0,0.3566,0.3066,-0.2485
GBPCPCFC_01184,gnl|Prokka|GBPCPCFC_22,1222,1348403,0.593,948.8175,764.2049,0.8661,0.0,0.3406,-0.3531,1020,0.0931,0.1801,0.5841,0,0,0.2659,0.0,0.2684,0.0,0.3451,-0.0216,-0.3511
GBPCPCFC_01185,gnl|Prokka|GBPCPCFC_22,1222,1348403,0.593,948.8175,764.2049,0.8661,0.0,0.3406,-0.3531,402,-0.7155,-0.6634,0.5826,0,0,-0.0156,0.8101,0.0104,0.8725,0.3781,0.9214,-0.0565
GBPCPCFC_01186,gnl|Prokka|GBPCPCFC_22,1222,1348403,0.593,948.8175,764.2049,0.8661,0.0,0.3406,-0.3531,261,-0.9,-0.8558,0.5819,0,0,0.0875,0.1961,0.0827,0.2219,0.2644,-2.3278,-1.0716
GBPCPCFC_01187,gnl|Prokka|GBPCPCFC_22,1222,1348403,0.593,948.8175,764.2049,0.8661,0.0,0.3406,-0.3531,669,-0.3662,-0.299,0.5815,0,0,0.2125,0.0008,0.2008,0.0015,0.3274,-0.5285,-0.5095
GBPCPCFC_01188,gnl|Prokka|GBPCPCFC_22,1222,1348403,0.593,948.8175,764.2049,0.8661,0.0,0.3406,-0.3531,1812,1.1295,1.2611,0.5803,0,0,0.4585,0.0,0.4612,0.0,0.4117,1.881,0.2433
GBPCPCFC_01189,gnl|Prokka|GBPCPCFC_22,1222,1348403,0.593,948.8175,764.2049,0.8661,0.0,0.3406,-0.3531,264,-0.8961,-0.8517,0.5775,0,0,0.1838,0.0107,0.1687,0.0193,0.2841,-1.7644,-0.8956
GBPCPCFC_01190,gnl|Prokka|GBPCPCFC_22,1222,1348403,0.593,948.8175,764.2049,0.8661,0.0,0.3406,-0.3531,768,-0.2366,-0.1638,0.5771,0,0,0.2564,0.0,0.2322,0.0002,0.362,0.4606,-0.2004
GBPCPCFC_01191,gnl|Prokka|GBPCPCFC_22,1222,1348403,0.593,948.8175,764.2049,0.8661,0.0,0.3406,-0.3531,774,-0.2288,-0.1556,0.5758,0,0,0.2583,0.0,0.276,0.0,0.4044,1.6722,0.1781
GBPCPCFC_01192,gnl|Prokka|GBPCPCFC_22,1222,1348403,0.593,948.8175,764.2049,0.8661,0.0,0.3406,-0.3531,1134,0.2423,0.3357,0.5747,0,0,0.033,0.5994,0.1238,0.0478,0.3439,-0.0554,-0.3616
GBPCPCFC_01193,gnl|Prokka|GBPCPCFC_22,1222,1348403,0.593,948.8175,764.2049,0.8661,0.0,0.3406,-0.3531,1290,0.4465,0.5487,0.5729,0,0,0.2372,0.0001,0.3433,0.0,0.2946,-1.4649,-0.802
GBPCPCFC_01194,gnl|Prokka|GBPCPCFC_22,1222,1348403,0.593,948.8175,764.2049,0.8661,0.0,0.3406,-0.3531,879,-0.0914,-0.0123,0.571,0,0,0.3461,0.0,0.3388,0.0,0.3447,-0.0327,-0.3546
GBPCPCFC_01195,gnl|Prokka|GBPCPCFC_22,1222,1348403,0.593,948.8175,764.2049,0.8661,0.0,0.3406,-0.3531,2040,1.4279,1.5723,0.5693,0,0,0.2519,0.0,0.3106,0.0,0.3569,0.3145,-0.2461
GBPCPCFC_01196,gnl|Prokka|GBPCPCFC_22,1222,1348403,0.593,948.8175,764.2049,0.8661,0.0,0.3406,-0.3531,105,-1.1042,-1.0688,0.5659,0,0,0.087,0.3119,0.1372,0.11,0.2762,-1.9901,-0.9661
GBPCPCFC_01197,gnl|Prokka|GBPCPCFC_22,1222,1348403,0.593,948.8175,764.2049,0.8661,0.0,0.3406,-0.3531,2526,2.0638,2.2357,0.5655,0,0,0.1753,0.0049,0.2595,0.0,0.3092,-1.0475,-0.6716
GBPCPCFC_01198,gnl|Prokka|GBPCPCFC_22,1222,1348403,0.593,948.8175,764.2049,0.8661,0.0,0.3406,-0.3531,969,0.0264,0.1105,0.5618,0,0,0.1572,0.0118,0.1668,0.0075,0.3426,-0.0924,-0.3732
GBPCPCFC_01199,gnl|Prokka|GBPCPCFC_22,1222,1348403,0.593,948.8175,764.2049,0.8661,0.0,0.3406,-0.3531,1329,0.4975,0.6019,0.5603,0,0,0.2044,0.001,0.2553,0.0,0.3363,-0.2717,-0.4292
GBPCPCFC_01200,gnl|Prokka|GBPCPCFC_22,1222,1348403,0.593,948.8175,764.2049,0.8661,0.0,0.3406,-0.3531,2655,2.2326,2.4117,0.5581,0,0,0.3586,0.0,0.4206,0.0,0.345,-0.0241,-0.3519
GBPCPCFC_01201,gnl|Prokka|GBPCPCFC_22,1222,1348403,0.593,948.8175,764.2049,0.8661,0.0,0.3406,-0.3531,474,-0.6213,-0.5651,0.5542,0,0,0.1946,0.0021,0.2384,0.0002,0.346,0.0039,-0.3431
GBPCPCFC_01202,gnl|Prokka|GBPCPCFC_22,1222,1348403,0.593,948.8175,764.2049,0.8661,0.0,0.3406,-0.3531,132,-1.0688,-1.0319,0.5535,0,0,0.0863,0.2938,0.1716,0.0358,0.3258,-0.5741,-0.5237
GBPCPCFC_01203,gnl|Prokka|GBPCPCFC_22,1222,1348403,0.593,948.8175,764.2049,0.8661,0.0,0.3406,-0.3531,729,-0.2876,-0.2171,0.5532,0,0,0.1615,0.0096,0.2695,0.0,0.3333,-0.3577,-0.4561
GBPCPCFC_01204,gnl|Prokka|GBPCPCFC_22,1222,1348403,0.593,948.8175,764.2049,0.8661,0.0,0.3406,-0.3531,579,-0.4839,-0.4218,0.5521,0,0,0.1533,0.0141,0.121,0.0531,0.3696,0.6784,-0.1324
GBPCPCFC_01205,gnl|Prokka|GBPCPCFC_22,1222,1348403,0.593,948.8175,764.2049,0.8661,0.0,0.3406,-0.3531,120,-1.0845,-1.0483,0.5511,0,0,-0.0087,0.913,-0.0337,0.6724,0.375,0.8326,-0.0842
GBPCPCFC_01206,gnl|Prokka|GBPCPCFC_22,1222,1348403,0.593,948.8175,764.2049,0.8661,0.0,0.3406,-0.3531,195,-0.9864,-0.9459,0.5509,0,0,-0.0407,0.5362,0.0044,0.9465,0.3897,1.2538,0.0474
GBPCPCFC_01207,gnl|Prokka|GBPCPCFC_22,1222,1348403,0.593,948.8175,764.2049,0.8661,0.0,0.3406,-0.3531,555,-0.5153,-0.4546,0.5506,0,0,0.1464,0.0208,0.1841,0.0036,0.3315,-0.4092,-0.4722
GBPCPCFC_01208,gnl|Prokka|GBPCPCFC_22,1222,1348403,0.593,948.8175,764.2049,0.8661,0.0,0.3406,-0.3531,465,-0.6331,-0.5774,0.5489,0,0,0.1185,0.0624,0.1924,0.0023,0.3183,-0.7877,-0.5905
GBPCPCFC_01209,gnl|Prokka|GBPCPCFC_22,1222,1348403,0.593,948.8175,764.2049,0.8661,0.0,0.3406,-0.3531,4710,4.9217,5.2166,0.5479,0,0,0.5069,0.0,0.5646,0.0,0.3331,-0.3638,-0.458
GBPCPCFC_01210,gnl|Prokka|GBPCPCFC_22,1222,1348403,0.593,948.8175,764.2049,0.8661,0.0,0.3406,-0.3531,1572,0.8155,0.9336,0.5402,0,0,0.1655,0.008,0.2501,0.0001,0.3365,-0.2668,-0.4277
GBPCPCFC_01211,gnl|Prokka|GBPCPCFC_22,1222,1348403,0.593,948.8175,764.2049,0.8661,0.0,0.3406,-0.3531,411,-0.7038,-0.6511,0.5378,0,0,0.0626,0.3262,0.1321,0.0377,0.3382,-0.2187,-0.4127
GBPCPCFC_01212,gnl|Prokka|GBPCPCFC_22,1222,1348403,0.593,948.8175,764.2049,0.8661,0.0,0.3406,-0.3531,987,0.05,0.1351,0.5373,0,0,0.3858,0.0,0.4742,0.0,0.2969,-1.3996,-0.7816
GBPCPCFC_01213,gnl|Prokka|GBPCPCFC_22,1222,1348403,0.593,948.8175,764.2049,0.8661,0.0,0.3406,-0.3531,1329,0.4975,0.6019,0.5356,0,0,0.3579,0.0,0.4278,0.0,0.3273,-0.5297,-0.5098
GBPCPCFC_01214,gnl|Prokka|GBPCPCFC_22,1222,1348403,0.593,948.8175,764.2049,0.8661,0.0,0.3406,-0.3531,2028,1.4122,1.556,0.5328,0,0,0.2971,0.0,0.3481,0.0,0.3624,0.4734,-0.1964
GBPCPCFC_01215,gnl|Prokka|GBPCPCFC_22,1222,1348403,0.593,948.8175,764.2049,0.8661,0.0,0.3406,-0.3531,2679,2.264,2.4445,0.5297,0,0,0.385,0.0,0.478,0.0,0.3382,-0.2191,-0.4128
GBPCPCFC_01216,gnl|Prokka|GBPCPCFC_22,1222,1348403,0.593,948.8175,764.2049,0.8661,0.0,0.3406,-0.3531,1308,0.47,0.5732,0.5254,0,0,0.3185,0.0,0.3734,0.0,0.3647,0.5377,-0.1763
GBPCPCFC_01217,gnl|Prokka|GBPCPCFC_22,1222,1348403,0.593,948.8175,764.2049,0.8661,0.0,0.3406,-0.3531,831,-0.1542,-0.0778,0.5234,0,0,0.2127,0.0006,0.2862,0.0,0.3333,-0.3577,-0.4561
GBPCPCFC_01218,gnl|Prokka|GBPCPCFC_22,1222,1348403,0.593,948.8175,764.2049,0.8661,0.0,0.3406,-0.3531,588,-0.4721,-0.4095,0.522,0,0,0.1988,0.0014,0.1584,0.0111,0.3656,0.5654,-0.1677
GBPCPCFC_01219,gnl|Prokka|GBPCPCFC_22,1222,1348403,0.593,948.8175,764.2049,0.8661,0.0,0.3406,-0.3531,1272,0.4229,0.5241,0.5204,0,0,0.1827,0.0033,0.2738,0.0,0.3404,-0.1556,-0.3929
GBPCPCFC_01220,gnl|Prokka|GBPCPCFC_22,1222,1348403,0.593,948.8175,764.2049,0.8661,0.0,0.3406,-0.3531,573,-0.4918,-0.43,0.5183,0,0,0.11,0.0791,0.1143,0.0678,0.4049,1.6863,0.1825
GBPCPCFC_01221,gnl|Prokka|GBPCPCFC_22,1222,1348403,0.593,948.8175,764.2049,0.8661,0.0,0.3406,-0.3531,468,-0.6292,-0.5733,0.5174,0,0,0.183,0.0057,0.2352,0.0004,0.3419,-0.1135,-0.3798
GBPCPCFC_01222,gnl|Prokka|GBPCPCFC_22,1222,1348403,0.593,948.8175,764.2049,0.8661,0.0,0.3406,-0.3531,1266,0.415,0.5159,0.5164,0,0,0.2665,0.0,0.3463,0.0,0.3618,0.4546,-0.2023
GBPCPCFC_01223,gnl|Prokka|GBPCPCFC_22,1222,1348403,0.593,948.8175,764.2049,0.8661,0.0,0.3406,-0.3531,77,-1.1408,-1.107,0.5142,0,0,-0.0105,0.9114,-0.1164,0.2175,0.5844,6.8148,1.7849
GBPCPCFC_01224,gnl|Prokka|GBPCPCFC_22,1222,1348403,0.593,948.8175,764.2049,0.8661,0.0,0.3406,-0.3531,1098,0.1952,0.2866,0.5141,0,0,0.1502,0.0179,0.1874,0.003,0.2668,-2.2569,-1.0495
GBPCPCFC_01225,gnl|Prokka|GBPCPCFC_22,1222,1348403,0.593,948.8175,764.2049,0.8661,0.0,0.3406,-0.3531,1041,0.1206,0.2088,0.5123,0,0,0.233,0.0002,0.2352,0.0001,0.3948,1.3986,0.0926
GBPCPCFC_01226,gnl|Prokka|GBPCPCFC_22,1222,1348403,0.593,948.8175,764.2049,0.8661,0.0,0.3406,-0.3531,837,-0.1463,-0.0696,0.5108,0,0,0.2593,0.0,0.348,0.0,0.2999,-1.3133,-0.7547
GBPCPCFC_01227,gnl|Prokka|GBPCPCFC_22,1222,1348403,0.593,948.8175,764.2049,0.8661,0.0,0.3406,-0.3531,678,-0.3544,-0.2867,0.5095,0,0,0.1972,0.0015,0.2143,0.0006,0.3289,-0.4841,-0.4956
GBPCPCFC_01228,gnl|Prokka|GBPCPCFC_22,1222,1348403,0.593,948.8175,764.2049,0.8661,0.0,0.3406,-0.3531,1146,0.258,0.3521,0.5081,0,0,0.4276,0.0,0.4798,0.0,0.3429,-0.0835,-0.3704
GBPCPCFC_01229,gnl|Prokka|GBPCPCFC_22,1222,1348403,0.593,948.8175,764.2049,0.8661,0.0,0.3406,-0.3531,1071,0.1599,0.2497,0.5064,0,0,0.2958,0.0,0.3983,0.0,0.3427,-0.091,-0.3728
GBPCPCFC_01230,gnl|Prokka|GBPCPCFC_22,1222,1348403,0.593,948.8175,764.2049,0.8661,0.0,0.3406,-0.3531,762,-0.2445,-0.172,0.5047,0,0,0.2267,0.0003,0.2435,0.0001,0.3215,-0.6951,-0.5615
GBPCPCFC_01231,gnl|Prokka|GBPCPCFC_22,1222,1348403,0.593,948.8175,764.2049,0.8661,0.0,0.3406,-0.3531,225,-0.9472,-0.905,0.5035,0,0,0.0664,0.3288,0.018,0.7911,0.4,1.5467,0.1389
GBPCPCFC_01232,gnl|Prokka|GBPCPCFC_22,1222,1348403,0.593,948.8175,764.2049,0.8661,0.0,0.3406,-0.3531,531,-0.5467,-0.4873,0.5031,0,0,0.1462,0.0213,0.2124,0.0008,0.3785,0.9334,-0.0527
GBPCPCFC_01233,gnl|Prokka|GBPCPCFC_22,1222,1348403,0.593,948.8175,764.2049,0.8661,0.0,0.3406,-0.3531,1740,1.0353,1.1629,0.5023,0,0,0.2572,0.0,0.3611,0.0,0.373,0.7751,-0.1022
GBPCPCFC_01234,gnl|Prokka|GBPCPCFC_22,1222,1348403,0.593,948.8175,764.2049,0.8661,0.0,0.3406,-0.3531,360,-0.7705,-0.7207,0.4997,0,0,0.162,0.018,0.15,0.0286,0.3028,-1.2306,-0.7288
GBPCPCFC_01235,gnl|Prokka|GBPCPCFC_22,1222,1348403,0.593,948.8175,764.2049,0.8661,0.0,0.3406,-0.3531,597,-0.4604,-0.3972,0.4992,0,0,0.0876,0.1625,0.1137,0.0693,0.2915,-1.5539,-0.8298
GBPCPCFC_01236,gnl|Prokka|GBPCPCFC_22,1222,1348403,0.593,948.8175,764.2049,0.8661,0.0,0.3406,-0.3531,249,-0.9157,-0.8722,0.4982,0,0,0.136,0.038,0.2189,0.0008,0.3574,0.3307,-0.241
GBPCPCFC_01237,gnl|Prokka|GBPCPCFC_22,1222,1348403,0.593,948.8175,764.2049,0.8661,0.0,0.3406,-0.3531,552,-0.5193,-0.4586,0.4977,0,0,0.2152,0.0005,0.1895,0.0023,0.3043,-1.1857,-0.7148
GBPCPCFC_01238,gnl|Prokka|GBPCPCFC_22,1222,1348403,0.593,948.8175,764.2049,0.8661,0.0,0.3406,-0.3531,600,-0.4564,-0.3931,0.4967,0,0,0.1683,0.0079,0.1215,0.0561,0.33,-0.4529,-0.4858
GBPCPCFC_01239,gnl|Prokka|GBPCPCFC_22,1222,1348403,0.593,948.8175,764.2049,0.8661,0.0,0.3406,-0.3531,507,-0.5781,-0.5201,0.4957,0,0,0.1336,0.0355,0.2084,0.001,0.3235,-0.6394,-0.5441
GBPCPCFC_01240,gnl|Prokka|GBPCPCFC_22,1222,1348403,0.593,948.8175,764.2049,0.8661,0.0,0.3406,-0.3531,1263,0.4111,0.5118,0.495,0,0,0.2143,0.0006,0.1982,0.0014,0.3816,1.022,-0.025
GBPCPCFC_01241,gnl|Prokka|GBPCPCFC_22,1222,1348403,0.593,948.8175,764.2049,0.8661,0.0,0.3406,-0.3531,603,-0.4525,-0.389,0.4931,0,0,0.1059,0.0962,0.1713,0.0068,0.3217,-0.6893,-0.5597
GBPCPCFC_01242,gnl|Prokka|GBPCPCFC_22,1222,1348403,0.593,948.8175,764.2049,0.8661,0.0,0.3406,-0.3531,540,-0.535,-0.475,0.4922,0,0,0.2202,0.0004,0.2044,0.001,0.4407,2.7106,0.5025
GBPCPCFC_01243,gnl|Prokka|GBPCPCFC_22,1222,1348403,0.593,948.8175,764.2049,0.8661,0.0,0.3406,-0.3531,375,-0.7509,-0.7002,0.4914,0,0,0.0151,0.8232,0.1464,0.0292,0.312,-0.9671,-0.6465
GBPCPCFC_01244,gnl|Prokka|GBPCPCFC_22,1222,1348403,0.593,948.8175,764.2049,0.8661,0.0,0.3406,-0.3531,1284,0.4386,0.5405,0.4908,0,0,0.2828,0.0,0.3091,0.0,0.3217,-0.6914,-0.5604
GBPCPCFC_01245,gnl|Prokka|GBPCPCFC_22,1222,1348403,0.593,948.8175,764.2049,0.8661,0.0,0.3406,-0.3531,531,-0.5467,-0.4873,0.4889,0,0,0.3232,0.0,0.382,0.0,0.3427,-0.0887,-0.3721
GBPCPCFC_01246,gnl|Prokka|GBPCPCFC_22,1222,1348403,0.593,948.8175,764.2049,0.8661,0.0,0.3406,-0.3531,1380,0.5642,0.6715,0.4877,0,0,0.2123,0.0006,0.274,0.0,0.3507,0.1391,-0.3009
GBPCPCFC_01247,gnl|Prokka|GBPCPCFC_22,1222,1348403,0.593,948.8175,764.2049,0.8661,0.0,0.3406,-0.3531,654,-0.3858,-0.3194,0.4856,0,0,0.034,0.5882,0.0368,0.5574,0.3272,-0.5324,-0.5107
GBPCPCFC_01248,gnl|Prokka|GBPCPCFC_22,1222,1348403,0.593,948.8175,764.2049,0.8661,0.0,0.3406,-0.3531,603,-0.4525,-0.389,0.4846,0,0,0.2345,0.0003,0.2705,0.0,0.2952,-1.4473,-0.7965
GBPCPCFC_01249,gnl|Prokka|GBPCPCFC_22,1222,1348403,0.593,948.8175,764.2049,0.8661,0.0,0.3406,-0.3531,252,-0.9118,-0.8681,0.4837,0,0,0.2623,0.0001,0.2214,0.001,0.3611,0.4358,-0.2082
GBPCPCFC_01250,gnl|Prokka|GBPCPCFC_22,1222,1348403,0.593,948.8175,764.2049,0.8661,0.0,0.3406,-0.3531,1410,0.6035,0.7124,0.4828,0,0,0.2282,0.0002,0.2645,0.0,0.361,0.4324,-0.2092
GBPCPCFC_01251,gnl|Prokka|GBPCPCFC_22,1222,1348403,0.593,948.8175,764.2049,0.8661,0.0,0.3406,-0.3531,759,-0.2484,-0.1761,0.4806,0,0,0.0406,0.5179,0.1549,0.0131,0.3544,0.2445,-0.2679
GBPCPCFC_01252,gnl|Prokka|GBPCPCFC_22,1222,1348403,0.593,948.8175,764.2049,0.8661,0.0,0.3406,-0.3531,909,-0.0521,0.0286,0.4787,0,0,0.1037,0.0977,0.1177,0.0601,0.3773,0.8994,-0.0633
GBPCPCFC_01253,gnl|Prokka|GBPCPCFC_22,1222,1348403,0.593,948.8175,764.2049,0.8661,0.0,0.3406,-0.3531,1095,0.1913,0.2825,0.4772,0,0,0.1185,0.0583,0.1037,0.0978,0.3699,0.6858,-0.1301
GBPCPCFC_01254,gnl|Prokka|GBPCPCFC_22,1222,1348403,0.593,948.8175,764.2049,0.8661,0.0,0.3406,-0.3531,438,-0.6684,-0.6142,0.475,0,0,0.1031,0.1053,0.174,0.006,0.3242,-0.6186,-0.5376
GBPCPCFC_01255,gnl|Prokka|GBPCPCFC_22,1222,1348403,0.593,948.8175,764.2049,0.8661,0.0,0.3406,-0.3531,1668,0.9411,1.0646,0.4743,0,0,0.1922,0.002,0.1665,0.0076,0.3507,0.139,-0.3009
GBPCPCFC_01256,gnl|Prokka|GBPCPCFC_22,1222,1348403,0.593,948.8175,764.2049,0.8661,0.0,0.3406,-0.3531,342,-0.7941,-0.7453,0.4718,0,0,0.0903,0.1851,0.151,0.0261,0.3099,-1.0259,-0.6649
GBPCPCFC_01257,gnl|Prokka|GBPCPCFC_22,1222,1348403,0.593,948.8175,764.2049,0.8661,0.0,0.3406,-0.3531,351,-0.7823,-0.733,0.4713,0,0,0.0985,0.1463,0.1131,0.0951,0.3419,-0.1135,-0.3798
GBPCPCFC_01258,gnl|Prokka|GBPCPCFC_22,1222,1348403,0.593,948.8175,764.2049,0.8661,0.0,0.3406,-0.3531,1140,0.2502,0.3439,0.4706,0,0,0.0628,0.3168,0.1776,0.0044,0.3711,0.7198,-0.1194
GBPCPCFC_01259,gnl|Prokka|GBPCPCFC_22,1222,1348403,0.593,948.8175,764.2049,0.8661,0.0,0.3406,-0.3531,1095,0.1913,0.2825,0.4688,0,0,0.1262,0.0436,0.117,0.0615,0.3699,0.6858,-0.1301
GBPCPCFC_01260,gnl|Prokka|GBPCPCFC_22,1222,1348403,0.593,948.8175,764.2049,0.8661,0.0,0.3406,-0.3531,420,-0.692,-0.6388,0.4672,0,0,0.1339,0.0323,0.0614,0.3281,0.381,1.0026,-0.0311
GBPCPCFC_01261,gnl|Prokka|GBPCPCFC_22,1222,1348403,0.593,948.8175,764.2049,0.8661,0.0,0.3406,-0.3531,567,-0.4996,-0.4382,0.4665,0,0,0.0959,0.1322,0.1389,0.0288,0.3686,0.6499,-0.1413
GBPCPCFC_01262,gnl|Prokka|GBPCPCFC_22,1222,1348403,0.593,948.8175,764.2049,0.8661,0.0,0.3406,-0.3531,1095,0.1913,0.2825,0.4656,0,0,0.0889,0.1561,0.0713,0.2554,0.3699,0.6858,-0.1301
GBPCPCFC_01263,gnl|Prokka|GBPCPCFC_22,1222,1348403,0.593,948.8175,764.2049,0.8661,0.0,0.3406,-0.3531,1221,0.3562,0.4545,0.4639,0,0,0.1523,0.0147,0.1825,0.0034,0.4226,2.1925,0.3407
GBPCPCFC_01264,gnl|Prokka|GBPCPCFC_22,1222,1348403,0.593,948.8175,764.2049,0.8661,0.0,0.3406,-0.3531,438,-0.6684,-0.6142,0.4615,0,0,0.1031,0.1053,0.174,0.006,0.3242,-0.6186,-0.5376
GBPCPCFC_01265,gnl|Prokka|GBPCPCFC_22,1222,1348403,0.593,948.8175,764.2049,0.8661,0.0,0.3406,-0.3531,828,-0.1581,-0.0819,0.4608,0,0,0.211,0.0007,0.218,0.0004,0.3841,1.0913,-0.0034
GBPCPCFC_01266,gnl|Prokka|GBPCPCFC_22,1222,1348403,0.593,948.8175,764.2049,0.8661,0.0,0.3406,-0.3531,1680,0.9568,1.081,0.4595,0,0,0.3588,0.0,0.4279,0.0,0.3786,0.9346,-0.0523
GBPCPCFC_01267,gnl|Prokka|GBPCPCFC_22,1222,1348403,0.593,948.8175,764.2049,0.8661,0.0,0.3406,-0.3531,672,-0.3622,-0.2949,0.4567,0,0,0.1883,0.0029,0.1613,0.0109,0.2991,-1.3354,-0.7616
GBPCPCFC_01268,gnl|Prokka|GBPCPCFC_22,1222,1348403,0.593,948.8175,764.2049,0.8661,0.0,0.3406,-0.3531,783,-0.217,-0.1434,0.4558,0,0,0.1873,0.0026,0.1862,0.0028,0.3218,-0.686,-0.5587
GBPCPCFC_01269,gnl|Prokka|GBPCPCFC_22,1222,1348403,0.593,948.8175,764.2049,0.8661,0.0,0.3406,-0.3531,1083,0.1756,0.2661,0.4546,0,0,0.1816,0.0036,0.2288,0.0002,0.2659,-2.2832,-1.0577
GBPCPCFC_01270,gnl|Prokka|GBPCPCFC_22,1222,1348403,0.593,948.8175,764.2049,0.8661,0.0,0.3406,-0.3531,1479,0.6938,0.8066,0.453,0,0,0.2454,0.0001,0.3043,0.0,0.3678,0.6274,-0.1483
GBPCPCFC_01271,gnl|Prokka|GBPCPCFC_22,1222,1348403,0.593,948.8175,764.2049,0.8661,0.0,0.3406,-0.3531,1767,1.0706,1.1997,0.4507,0,0,0.2934,0.0,0.3442,0.0,0.3147,-0.8912,-0.6228
GBPCPCFC_01272,gnl|Prokka|GBPCPCFC_22,1222,1348403,0.593,948.8175,764.2049,0.8661,0.0,0.3406,-0.3531,1185,0.3091,0.4053,0.4479,0,0,0.2706,0.0,0.2421,0.0001,0.3688,0.6548,-0.1398
GBPCPCFC_01273,gnl|Prokka|GBPCPCFC_22,1222,1348403,0.593,948.8175,764.2049,0.8661,0.0,0.3406,-0.3531,1209,0.3405,0.4381,0.4461,0,0,0.2432,0.0001,0.2898,0.0,0.3118,-0.972,-0.648
GBPCPCFC_01274,gnl|Prokka|GBPCPCFC_22,1222,1348403,0.593,948.8175,764.2049,0.8661,0.0,0.3406,-0.3531,2901,2.5545,2.7475,0.4441,0,0,0.3652,0.0,0.461,0.0,0.3195,-0.7516,-0.5792
GBPCPCFC_01275,gnl|Prokka|GBPCPCFC_22,1222,1348403,0.593,948.8175,764.2049,0.8661,0.0,0.3406,-0.3531,1872,1.208,1.343,0.4396,0,0,0.2244,0.0003,0.3203,0.0,0.3333,-0.3577,-0.4561
GBPCPCFC_01276,gnl|Prokka|GBPCPCFC_22,1222,1348403,0.593,948.8175,764.2049,0.8661,0.0,0.3406,-0.3531,1668,0.9411,1.0646,0.4367,0,0,0.2282,0.0002,0.298,0.0,0.3453,-0.0152,-0.3491
GBPCPCFC_01277,gnl|Prokka|GBPCPCFC_22,1222,1348403,0.593,948.8175,764.2049,0.8661,0.0,0.3406,-0.3531,384,-0.7391,-0.6879,0.4341,0,0,0.0658,0.3338,0.1136,0.0943,0.3464,0.0143,-0.3399
GBPCPCFC_01278,gnl|Prokka|GBPCPCFC_22,1222,1348403,0.593,948.8175,764.2049,0.8661,0.0,0.3406,-0.3531,684,-0.3465,-0.2785,0.4331,0,0,0.0981,0.1176,0.1486,0.0173,0.3626,0.4776,-0.1951
GBPCPCFC_01279,gnl|Prokka|GBPCPCFC_22,1222,1348403,0.593,948.8175,764.2049,0.8661,0.0,0.3406,-0.3531,579,-0.4839,-0.4218,0.4312,0,0,0.155,0.013,0.2439,0.0001,0.3489,0.0863,-0.3174
GBPCPCFC_01280,gnl|Prokka|GBPCPCFC_22,1222,1348403,0.593,948.8175,764.2049,0.8661,0.0,0.3406,-0.3531,1314,0.4779,0.5814,0.4303,0,0,0.2749,0.0,0.3476,0.0,0.3539,0.2293,-0.2727
GBPCPCFC_01281,gnl|Prokka|GBPCPCFC_22,1222,1348403,0.593,948.8175,764.2049,0.8661,0.0,0.3406,-0.3531,1974,1.3415,1.4822,0.4282,0,0,0.2216,0.0004,0.239,0.0001,0.3683,0.6408,-0.1441
GBPCPCFC_01282,gnl|Prokka|GBPCPCFC_22,1222,1348403,0.593,948.8175,764.2049,0.8661,0.0,0.3406,-0.3531,1044,0.1246,0.2129,0.4252,0,0,0.2881,0.0,0.3402,0.0,0.3534,0.2169,-0.2766
GBPCPCFC_01283,gnl|Prokka|GBPCPCFC_22,1222,1348403,0.593,948.8175,764.2049,0.8661,0.0,0.3406,-0.3531,948,-0.0011,0.0819,0.4237,0,0,0.171,0.0061,0.2918,0.0,0.3681,0.6367,-0.1454
GBPCPCFC_01284,gnl|Prokka|GBPCPCFC_22,1222,1348403,0.593,948.8175,764.2049,0.8661,0.0,0.3406,-0.3531,822,-0.1659,-0.0901,0.422,0,0,0.1348,0.0311,0.2411,0.0001,0.3455,-0.0102,-0.3475
GBPCPCFC_01285,gnl|Prokka|GBPCPCFC_22,1222,1348403,0.593,948.8175,764.2049,0.8661,0.0,0.3406,-0.3531,1275,0.4268,0.5282,0.4204,0,0,0.2387,0.0001,0.3081,0.0,0.3937,1.3675,0.0829
GBPCPCFC_01286,gnl|Prokka|GBPCPCFC_22,1222,1348403,0.593,948.8175,764.2049,0.8661,0.0,0.3406,-0.3531,723,-0.2955,-0.2252,0.4182,0,0,0.1417,0.0278,0.1243,0.054,0.2642,-2.3332,-1.0733
GBPCPCFC_01287,gnl|Prokka|GBPCPCFC_22,1222,1348403,0.593,948.8175,764.2049,0.8661,0.0,0.3406,-0.3531,186,-0.9982,-0.9582,0.4171,0,0,0.1074,0.1807,0.1159,0.1482,0.2796,-1.8935,-0.9359
GBPCPCFC_01288,gnl|Prokka|GBPCPCFC_22,1222,1348403,0.593,948.8175,764.2049,0.8661,0.0,0.3406,-0.3531,138,-1.061,-1.0237,0.4167,0,0,0.0529,0.452,0.0323,0.6464,0.3913,1.2983,0.0613
GBPCPCFC_01289,gnl|Prokka|GBPCPCFC_22,1222,1348403,0.593,948.8175,764.2049,0.8661,0.0,0.3406,-0.3531,153,-1.0414,-1.0032,0.4163,0,0,0.1149,0.1478,0.1656,0.0364,0.3529,0.2024,-0.2811
GBPCPCFC_01290,gnl|Prokka|GBPCPCFC_22,1222,1348403,0.593,948.8175,764.2049,0.8661,0.0,0.3406,-0.3531,603,-0.4525,-0.389,0.4157,0,0,-0.0053,0.9326,-0.0505,0.421,0.33,-0.4524,-0.4857
GBPCPCFC_01291,gnl|Prokka|GBPCPCFC_22,1222,1348403,0.593,948.8175,764.2049,0.8661,0.0,0.3406,-0.3531,1881,1.2198,1.3553,0.4141,0,0,0.1773,0.0044,0.2209,0.0004,0.2951,-1.4511,-0.7977
GBPCPCFC_01292,gnl|Prokka|GBPCPCFC_22,1222,1348403,0.593,948.8175,764.2049,0.8661,0.0,0.3406,-0.3531,234,-0.9354,-0.8927,0.4113,0,0,0.1229,0.1082,0.1105,0.1491,0.2393,-3.0434,-1.2952
GBPCPCFC_01293,gnl|Prokka|GBPCPCFC_22,1222,1348403,0.593,948.8175,764.2049,0.8661,0.0,0.3406,-0.3531,1059,0.1442,0.2334,0.4097,0,0,0.0729,0.2451,0.1055,0.092,0.3333,-0.3577,-0.4561
GBPCPCFC_01294,gnl|Prokka|GBPCPCFC_22,1222,1348403,0.593,948.8175,764.2049,0.8661,0.0,0.3406,-0.3531,657,-0.3819,-0.3153,0.4078,0,0,0.3075,0.0,0.3026,0.0,0.3394,-0.1838,-0.4018
GBPCPCFC_01295,gnl|Prokka|GBPCPCFC_22,1222,1348403,0.593,948.8175,764.2049,0.8661,0.0,0.3406,-0.3531,135,-1.0649,-1.0278,0.4066,0,0,-0.148,0.0585,-0.1702,0.0294,0.3407,-0.1461,-0.39
GBPCPCFC_01296,gnl|Prokka|GBPCPCFC_22,1222,1348403,0.593,948.8175,764.2049,0.8661,0.0,0.3406,-0.3531,501,-0.586,-0.5283,0.4059,0,0,0.0007,0.9909,-0.0288,0.6573,0.3214,-0.6998,-0.563
GBPCPCFC_01297,gnl|Prokka|GBPCPCFC_22,1222,1348403,0.593,948.8175,764.2049,0.8661,0.0,0.3406,-0.3531,144,-1.0531,-1.0155,0.4048,0,0,-0.1143,0.1476,-0.0627,0.4283,0.3194,-0.7544,-0.5801
GBPCPCFC_01298,gnl|Prokka|GBPCPCFC_22,1222,1348403,0.593,948.8175,764.2049,0.8661,0.0,0.3406,-0.3531,144,-1.0531,-1.0155,0.4043,0,0,0.0667,0.4004,0.0751,0.3438,0.3056,-1.1512,-0.704
GBPCPCFC_01299,gnl|Prokka|GBPCPCFC_22,1222,1348403,0.593,948.8175,764.2049,0.8661,0.0,0.3406,-0.3531,660,-0.3779,-0.3112,0.404,0,0,0.2042,0.001,0.2676,0.0,0.3212,-0.704,-0.5643
GBPCPCFC_01300,gnl|Prokka|GBPCPCFC_22,1222,1348403,0.593,948.8175,764.2049,0.8661,0.0,0.3406,-0.3531,1311,0.4739,0.5773,0.4025,0,0,0.187,0.0027,0.147,0.0186,0.2815,-1.8394,-0.919
GBPCPCFC_01301,gnl|Prokka|GBPCPCFC_22,1222,1348403,0.593,948.8175,764.2049,0.8661,0.0,0.3406,-0.3531,360,-0.7705,-0.7207,0.4007,0,0,0.0897,0.1862,0.1418,0.036,0.3389,-0.199,-0.4065
GBPCPCFC_01302,gnl|Prokka|GBPCPCFC_22,1222,1348403,0.593,948.8175,764.2049,0.8661,0.0,0.3406,-0.3531,336,-0.8019,-0.7535,0.3995,0,0,0.0907,0.1668,0.1127,0.0854,0.3185,-0.7828,-0.5889
GBPCPCFC_01303,gnl|Prokka|GBPCPCFC_22,1222,1348403,0.593,948.8175,764.2049,0.8661,0.0,0.3406,-0.3531,159,-1.0335,-0.9951,0.399,0,0,0.0531,0.4646,0.0342,0.6381,0.4025,1.6186,0.1614
GBPCPCFC_01304,gnl|Prokka|GBPCPCFC_22,1222,1348403,0.593,948.8175,764.2049,0.8661,0.0,0.3406,-0.3531,522,-0.5585,-0.4996,0.3987,0,0,0.2661,0.0,0.2806,0.0,0.3295,-0.4671,-0.4903
GBPCPCFC_01305,gnl|Prokka|GBPCPCFC_22,1222,1348403,0.593,948.8175,764.2049,0.8661,0.0,0.3406,-0.3531,624,-0.425,-0.3604,0.3977,0,0,0.2612,0.0001,0.3001,0.0,0.3381,-0.2204,-0.4132
GBPCPCFC_01306,gnl|Prokka|GBPCPCFC_22,1222,1348403,0.593,948.8175,764.2049,0.8661,0.0,0.3406,-0.3531,1440,0.6427,0.7534,0.3966,0,0,0.3923,0.0,0.4293,0.0,0.3181,-0.7941,-0.5925
GBPCPCFC_01307,gnl|Prokka|GBPCPCFC_22,1222,1348403,0.593,948.8175,764.2049,0.8661,0.0,0.3406,-0.3531,1728,1.0196,1.1465,0.3943,0,0,0.3628,0.0,0.3793,0.0,0.3507,0.1383,-0.3011
GBPCPCFC_01308,gnl|Prokka|GBPCPCFC_22,1222,1348403,0.593,948.8175,764.2049,0.8661,0.0,0.3406,-0.3531,486,-0.6056,-0.5487,0.3916,0,0,0.1882,0.0029,0.2016,0.0014,0.2716,-2.1211,-1.007
GBPCPCFC_01309,gnl|Prokka|GBPCPCFC_22,1222,1348403,0.593,948.8175,764.2049,0.8661,0.0,0.3406,-0.3531,936,-0.0168,0.0655,0.3908,0,0,0.1891,0.0024,0.1656,0.0079,0.3536,0.2222,-0.2749
GBPCPCFC_01310,gnl|Prokka|GBPCPCFC_22,1222,1348403,0.593,948.8175,764.2049,0.8661,0.0,0.3406,-0.3531,957,0.0107,0.0941,0.3894,0,0,0.3189,0.0,0.3456,0.0,0.3553,0.2692,-0.2602
GBPCPCFC_01311,gnl|Prokka|GBPCPCFC_22,1222,1348403,0.593,948.8175,764.2049,0.8661,0.0,0.3406,-0.3531,120,-1.0845,-1.0483,0.3873,0,0,0.1078,0.1831,0.144,0.0747,0.4583,3.2131,0.6596
GBPCPCFC_01312,gnl|Prokka|GBPCPCFC_22,1222,1348403,0.593,948.8175,764.2049,0.8661,0.0,0.3406,-0.3531,618,-0.4329,-0.3686,0.387,0,0,0.2812,0.0,0.275,0.0,0.3139,-0.9124,-0.6294
GBPCPCFC_01313,gnl|Prokka|GBPCPCFC_22,1222,1348403,0.593,948.8175,764.2049,0.8661,0.0,0.3406,-0.3531,777,-0.2248,-0.1515,0.386,0,0,0.0027,0.9654,0.0636,0.311,0.3436,-0.0636,-0.3642
GBPCPCFC_01314,gnl|Prokka|GBPCPCFC_22,1222,1348403,0.593,948.8175,764.2049,0.8661,0.0,0.3406,-0.3531,780,-0.2209,-0.1474,0.3847,0,0,0.2894,0.0,0.33,0.0,0.3628,0.4847,-0.1929
GBPCPCFC_01315,gnl|Prokka|GBPCPCFC_22,1222,1348403,0.593,948.8175,764.2049,0.8661,0.0,0.3406,-0.3531,2649,2.2248,2.4036,0.3834,0,0,0.2461,0.0001,0.3589,0.0,0.3745,0.8178,-0.0888
GBPCPCFC_01316,gnl|Prokka|GBPCPCFC_22,1222,1348403,0.593,948.8175,764.2049,0.8661,0.0,0.3406,-0.3531,732,-0.2837,-0.213,0.3792,0,0,0.2196,0.0004,0.2187,0.0004,0.321,-0.7089,-0.5658
GBPCPCFC_01317,gnl|Prokka|GBPCPCFC_22,1222,1348403,0.593,948.8175,764.2049,0.8661,0.0,0.3406,-0.3531,618,-0.4329,-0.3686,0.3781,0,0,0.1203,0.0546,0.2081,0.0008,0.3754,0.8441,-0.0806
GBPCPCFC_01318,gnl|Prokka|GBPCPCFC_22,1222,1348403,0.593,948.8175,764.2049,0.8661,0.0,0.3406,-0.3531,699,-0.3269,-0.258,0.3771,0,0,0.1816,0.0036,0.2165,0.0005,0.372,0.7457,-0.1113
GBPCPCFC_01319,gnl|Prokka|GBPCPCFC_22,1222,1348403,0.593,948.8175,764.2049,0.8661,0.0,0.3406,-0.3531,177,-1.01,-0.9705,0.376,0,0,-0.2688,0.0012,-0.2502,0.0027,0.2486,-2.7786,-1.2125
GBPCPCFC_01320,gnl|Prokka|GBPCPCFC_22,1222,1348403,0.593,948.8175,764.2049,0.8661,0.0,0.3406,-0.3531,681,-0.3505,-0.2826,0.3756,0,0,0.2922,0.0,0.2945,0.0,0.351,0.1457,-0.2988
GBPCPCFC_01321,gnl|Prokka|GBPCPCFC_22,1222,1348403,0.593,948.8175,764.2049,0.8661,0.0,0.3406,-0.3531,738,-0.2759,-0.2048,0.3745,0,0,0.0963,0.1242,0.0686,0.2745,0.3618,0.4552,-0.2021
GBPCPCFC_01322,gnl|Prokka|GBPCPCFC_22,1222,1348403,0.593,948.8175,764.2049,0.8661,0.0,0.3406,-0.3531,972,0.0303,0.1146,0.3732,0,0,0.2648,0.0,0.32,0.0,0.3138,-0.9161,-0.6306
GBPCPCFC_01323,gnl|Prokka|GBPCPCFC_22,1222,1348403,0.593,948.8175,764.2049,0.8661,0.0,0.3406,-0.3531,1869,1.2041,1.3389,0.3713,0,0,0.2882,0.0,0.3523,0.0,0.3173,-0.8162,-0.5994
GBPCPCFC_01324,gnl|Prokka|GBPCPCFC_22,1222,1348403,0.593,948.8175,764.2049,0.8661,0.0,0.3406,-0.3531,1302,0.4622,0.565,0.3684,0,0,0.2943,0.0,0.3087,0.0,0.3449,-0.0286,-0.3533
GBPCPCFC_01325,gnl|Prokka|GBPCPCFC_22,1222,1348403,0.593,948.8175,764.2049,0.8661,0.0,0.3406,-0.3531,1341,0.5132,0.6183,0.3663,0,0,0.1837,0.0032,0.2746,0.0,0.3102,-1.0181,-0.6624
GBPCPCFC_01326,gnl|Prokka|GBPCPCFC_22,1222,1348403,0.593,948.8175,764.2049,0.8661,0.0,0.3406,-0.3531,810,-0.1816,-0.1065,0.364,0,0,0.1798,0.0051,0.2276,0.0004,0.3099,-1.0278,-0.6655
GBPCPCFC_01327,gnl|Prokka|GBPCPCFC_22,1222,1348403,0.593,948.8175,764.2049,0.8661,0.0,0.3406,-0.3531,279,-0.8765,-0.8313,0.3622,0,0,0.0591,0.4178,0.0921,0.2065,0.276,-1.9959,-0.9679
GBPCPCFC_01328,gnl|Prokka|GBPCPCFC_22,1222,1348403,0.593,948.8175,764.2049,0.8661,0.0,0.3406,-0.3531,1068,0.156,0.2456,0.3612,0,0,0.103,0.1162,0.091,0.1654,0.2875,-1.6683,-0.8656
GBPCPCFC_01329,gnl|Prokka|GBPCPCFC_22,1222,1348403,0.593,948.8175,764.2049,0.8661,0.0,0.3406,-0.3531,447,-0.6567,-0.602,0.3595,0,0,0.1492,0.0187,0.175,0.0057,0.3043,-1.1885,-0.7157
GBPCPCFC_01330,gnl|Prokka|GBPCPCFC_22,1222,1348403,0.593,948.8175,764.2049,0.8661,0.0,0.3406,-0.3531,273,-0.8843,-0.8395,0.3582,0,0,0.0683,0.3133,0.1161,0.0859,0.3114,-0.9855,-0.6523
GBPCPCFC_01331,gnl|Prokka|GBPCPCFC_22,1222,1348403,0.593,948.8175,764.2049,0.8661,0.0,0.3406,-0.3531,885,-0.0835,-0.0041,0.3577,0,0,0.162,0.0094,0.1845,0.0031,0.339,-0.1963,-0.4057
GBPCPCFC_01332,gnl|Prokka|GBPCPCFC_22,1222,1348403,0.593,948.8175,764.2049,0.8661,0.0,0.3406,-0.3531,1833,1.157,1.2898,0.3559,0,0,0.2271,0.0002,0.2719,0.0,0.3595,0.3904,-0.2224
GBPCPCFC_01333,gnl|Prokka|GBPCPCFC_22,1222,1348403,0.593,948.8175,764.2049,0.8661,0.0,0.3406,-0.3531,273,-0.8843,-0.8395,0.3527,0,0,0.0291,0.673,0.11,0.1094,0.293,-1.5087,-0.8157
GBPCPCFC_01334,gnl|Prokka|GBPCPCFC_22,1222,1348403,0.593,948.8175,764.2049,0.8661,0.0,0.3406,-0.3531,810,-0.1816,-0.1065,0.3523,0,0,0.2441,0.0001,0.2386,0.0001,0.3457,-0.005,-0.3459
GBPCPCFC_01335,gnl|Prokka|GBPCPCFC_22,1222,1348403,0.593,948.8175,764.2049,0.8661,0.0,0.3406,-0.3531,1893,1.2355,1.3717,0.3509,0,0,0.2481,0.0001,0.3758,0.0,0.317,-0.8255,-0.6023
GBPCPCFC_01336,gnl|Prokka|GBPCPCFC_22,1222,1348403,0.593,948.8175,764.2049,0.8661,0.0,0.3406,-0.3531,813,-0.1777,-0.1024,0.348,0,0,0.1637,0.0087,0.2105,0.0007,0.3407,-0.1469,-0.3902
GBPCPCFC_01337,gnl|Prokka|GBPCPCFC_22,1222,1348403,0.593,948.8175,764.2049,0.8661,0.0,0.3406,-0.3531,453,-0.6488,-0.5938,0.3465,0,0,0.0691,0.2782,0.0849,0.1824,0.3157,-0.8622,-0.6137
GBPCPCFC_01338,gnl|Prokka|GBPCPCFC_22,1222,1348403,0.593,948.8175,764.2049,0.8661,0.0,0.3406,-0.3531,591,-0.4682,-0.4054,0.3452,0,0,0.1246,0.0499,0.193,0.0023,0.3283,-0.5027,-0.5014
GBPCPCFC_01339,gnl|Prokka|GBPCPCFC_22,1222,1348403,0.593,948.8175,764.2049,0.8661,0.0,0.3406,-0.3531,159,-1.0335,-0.9951,0.3442,0,0,0.1012,0.192,0.0759,0.3281,0.327,-0.5374,-0.5122
GBPCPCFC_01340,gnl|Prokka|GBPCPCFC_22,1222,1348403,0.593,948.8175,764.2049,0.8661,0.0,0.3406,-0.3531,324,-0.8176,-0.7698,0.3438,0,0,0.1752,0.0082,0.1943,0.0033,0.3364,-0.2695,-0.4285
GBPCPCFC_01341,gnl|Prokka|GBPCPCFC_22,1222,1348403,0.593,948.8175,764.2049,0.8661,0.0,0.3406,-0.3531,738,-0.2759,-0.2048,0.3433,0,0,0.391,0.0,0.4875,0.0,0.3293,-0.4738,-0.4924
GBPCPCFC_01342,gnl|Prokka|GBPCPCFC_22,1222,1348403,0.593,948.8175,764.2049,0.8661,0.0,0.3406,-0.3531,777,-0.2248,-0.1515,0.3422,0,0,0.0928,0.1516,0.1686,0.0089,0.296,-1.4239,-0.7892
GBPCPCFC_01343,gnl|Prokka|GBPCPCFC_22,1222,1348403,0.593,948.8175,764.2049,0.8661,0.0,0.3406,-0.3531,3189,2.9314,3.1406,0.341,0,0,0.4196,0.0,0.5005,0.0,0.3242,-0.6175,-0.5373
GBPCPCFC_01344,gnl|Prokka|GBPCPCFC_22,1222,1348403,0.593,948.8175,764.2049,0.8661,0.0,0.3406,-0.3531,507,-0.5781,-0.5201,0.336,0,0,0.1443,0.0209,0.1853,0.0029,0.3412,-0.1323,-0.3857
GBPCPCFC_01345,gnl|Prokka|GBPCPCFC_22,1222,1348403,0.593,948.8175,764.2049,0.8661,0.0,0.3406,-0.3531,909,-0.0521,0.0286,0.3353,0,0,0.0458,0.4729,0.045,0.4805,0.3124,-0.9548,-0.6427
GBPCPCFC_01346,gnl|Prokka|GBPCPCFC_22,1222,1348403,0.593,948.8175,764.2049,0.8661,0.0,0.3406,-0.3531,474,-0.6213,-0.5651,0.3337,0,0,0.1008,0.1133,0.0833,0.1911,0.4219,2.1735,0.3347
GBPCPCFC_01347,gnl|Prokka|GBPCPCFC_22,1222,1348403,0.593,948.8175,764.2049,0.8661,0.0,0.3406,-0.3531,498,-0.5899,-0.5323,0.3326,0,0,0.0896,0.1666,0.0626,0.3343,0.2731,-2.0786,-0.9938
GBPCPCFC_01348,gnl|Prokka|GBPCPCFC_22,1222,1348403,0.593,948.8175,764.2049,0.8661,0.0,0.3406,-0.3531,915,-0.0443,0.0368,0.3316,0,0,0.2108,0.0007,0.2052,0.001,0.3202,-0.7323,-0.5731
GBPCPCFC_01349,gnl|Prokka|GBPCPCFC_22,1222,1348403,0.593,948.8175,764.2049,0.8661,0.0,0.3406,-0.3531,1158,0.2737,0.3685,0.3301,0,0,0.1758,0.0048,0.1659,0.0078,0.3368,-0.259,-0.4253
GBPCPCFC_01350,gnl|Prokka|GBPCPCFC_22,1222,1348403,0.593,948.8175,764.2049,0.8661,0.0,0.3406,-0.3531,429,-0.6802,-0.6265,0.3281,0,0,0.2175,0.0007,0.1893,0.0032,0.3566,0.3082,-0.248
GBPCPCFC_01351,gnl|Prokka|GBPCPCFC_22,1222,1348403,0.593,948.8175,764.2049,0.8661,0.0,0.3406,-0.3531,318,-0.8255,-0.778,0.3275,0,0,0.2787,0.0,0.2929,0.0,0.3333,-0.3577,-0.4561
GBPCPCFC_01352,gnl|Prokka|GBPCPCFC_22,1222,1348403,0.593,948.8175,764.2049,0.8661,0.0,0.3406,-0.3531,1203,0.3326,0.4299,0.3269,0,0,0.3732,0.0,0.3826,0.0,0.3599,0.4022,-0.2187
GBPCPCFC_01353,gnl|Prokka|GBPCPCFC_22,1222,1348403,0.593,948.8175,764.2049,0.8661,0.0,0.3406,-0.3531,438,-0.6684,-0.6142,0.325,0,0,0.1311,0.042,0.0589,0.3622,0.3174,-0.8142,-0.5987
GBPCPCFC_01354,gnl|Prokka|GBPCPCFC_22,1222,1348403,0.593,948.8175,764.2049,0.8661,0.0,0.3406,-0.3531,246,-0.9197,-0.8763,0.3242,0,0,0.0973,0.1693,0.0334,0.6382,0.3984,1.5003,0.1244
GBPCPCFC_01355,gnl|Prokka|GBPCPCFC_22,1222,1348403,0.593,948.8175,764.2049,0.8661,0.0,0.3406,-0.3531,318,-0.8255,-0.778,0.3237,0,0,0.2455,0.0002,0.2704,0.0,0.3585,0.361,-0.2316
GBPCPCFC_01356,gnl|Prokka|GBPCPCFC_22,1222,1348403,0.593,948.8175,764.2049,0.8661,0.0,0.3406,-0.3531,75,-1.1434,-1.1097,0.3226,0,0,-0.1138,0.2279,-0.1717,0.0677,0.5867,6.8792,1.805
GBPCPCFC_01357,gnl|Prokka|GBPCPCFC_22,1222,1348403,0.593,948.8175,764.2049,0.8661,0.0,0.3406,-0.3531,564,-0.5036,-0.4423,0.3223,0,0,0.2012,0.0014,0.224,0.0004,0.3351,-0.307,-0.4403
GBPCPCFC_01358,gnl|Prokka|GBPCPCFC_22,1222,1348403,0.593,948.8175,764.2049,0.8661,0.0,0.3406,-0.3531,933,-0.0207,0.0614,0.3205,0,0,0.2775,0.0,0.2928,0.0,0.3516,0.1628,-0.2935
GBPCPCFC_01359,gnl|Prokka|GBPCPCFC_22,1222,1348403,0.593,948.8175,764.2049,0.8661,0.0,0.3406,-0.3531,729,-0.2876,-0.2171,0.3191,0,0,0.131,0.0362,0.1723,0.0057,0.3251,-0.5928,-0.5296
GBPCPCFC_01360,gnl|Prokka|GBPCPCFC_22,1222,1348403,0.593,948.8175,764.2049,0.8661,0.0,0.3406,-0.3531,1008,0.0774,0.1638,0.3179,0,0,0.1977,0.0015,0.2915,0.0,0.3353,-0.301,-0.4384
GBPCPCFC_01361,gnl|Prokka|GBPCPCFC_22,1222,1348403,0.593,948.8175,764.2049,0.8661,0.0,0.3406,-0.3531,1437,0.6388,0.7493,0.3158,0,0,0.2767,0.0,0.3473,0.0,0.3528,0.1989,-0.2822
GBPCPCFC_01362,gnl|Prokka|GBPCPCFC_22,1222,1348403,0.593,948.8175,764.2049,0.8661,0.0,0.3406,-0.3531,792,-0.2052,-0.1311,0.3137,0,0,0.1615,0.0097,0.1894,0.0023,0.3497,0.1112,-0.3096
GBPCPCFC_01363,gnl|Prokka|GBPCPCFC_22,1222,1348403,0.593,948.8175,764.2049,0.8661,0.0,0.3406,-0.3531,780,-0.2209,-0.1474,0.3124,0,0,0.3743,0.0,0.4458,0.0,0.3346,-0.3211,-0.4447
GBPCPCFC_01364,gnl|Prokka|GBPCPCFC_22,1222,1348403,0.593,948.8175,764.2049,0.8661,0.0,0.3406,-0.3531,2133,1.5496,1.6993,0.3103,0,0,0.223,0.0003,0.188,0.0025,0.406,1.7182,0.1925
GBPCPCFC_01365,gnl|Prokka|GBPCPCFC_22,1222,1348403,0.593,948.8175,764.2049,0.8661,0.0,0.3406,-0.3531,528,-0.5507,-0.4914,0.3066,0,0,0.1323,0.0343,0.1796,0.0039,0.3674,0.6162,-0.1518
GBPCPCFC_01366,gnl|Prokka|GBPCPCFC_22,1222,1348403,0.593,948.8175,764.2049,0.8661,0.0,0.3406,-0.3531,1188,0.313,0.4094,0.3055,0,0,0.3182,0.0,0.2768,0.0,0.3519,0.1713,-0.2908
GBPCPCFC_01367,gnl|Prokka|GBPCPCFC_22,1222,1348403,0.593,948.8175,764.2049,0.8661,0.0,0.3406,-0.3531,1032,0.1088,0.1965,0.3037,0,0,0.1829,0.0033,0.1826,0.0034,0.3634,0.5004,-0.188
GBPCPCFC_01368,gnl|Prokka|GBPCPCFC_22,1222,1348403,0.593,948.8175,764.2049,0.8661,0.0,0.3406,-0.3531,324,-0.8176,-0.7698,0.3018,0,0,0.1077,0.0947,0.1469,0.0223,0.3704,0.7003,-0.1255
GBPCPCFC_01369,gnl|Prokka|GBPCPCFC_22,1222,1348403,0.593,948.8175,764.2049,0.8661,0.0,0.3406,-0.3531,2184,1.6163,1.7689,0.3011,0,0,0.202,0.0012,0.2517,0.0,0.3301,-0.4493,-0.4847
GBPCPCFC_01370,gnl|Prokka|GBPCPCFC_22,1222,1348403,0.593,948.8175,764.2049,0.8661,0.0,0.3406,-0.3531,2106,1.5142,1.6624,0.2978,0,0,0.3822,0.0,0.4419,0.0,0.3443,-0.0457,-0.3586
GBPCPCFC_01371,gnl|Prokka|GBPCPCFC_22,1222,1348403,0.593,948.8175,764.2049,0.8661,0.0,0.3406,-0.3531,984,0.046,0.131,0.2946,0,0,0.3541,0.0,0.3079,0.0,0.3313,-0.4158,-0.4742
GBPCPCFC_01372,gnl|Prokka|GBPCPCFC_22,1222,1348403,0.593,948.8175,764.2049,0.8661,0.0,0.3406,-0.3531,834,-0.1502,-0.0737,0.2931,0,0,0.0458,0.4795,0.0901,0.1633,0.2746,-2.0361,-0.9805
GBPCPCFC_01373,gnl|Prokka|GBPCPCFC_22,1222,1348403,0.593,948.8175,764.2049,0.8661,0.0,0.3406,-0.3531,663,-0.374,-0.3071,0.2916,0,0,0.163,0.0101,0.2159,0.0006,0.2851,-1.7365,-0.8869
GBPCPCFC_01374,gnl|Prokka|GBPCPCFC_22,1222,1348403,0.593,948.8175,764.2049,0.8661,0.0,0.3406,-0.3531,1503,0.7252,0.8394,0.2906,0,0,0.2292,0.0002,0.3123,0.0,0.3207,-0.7188,-0.5689
GBPCPCFC_01375,gnl|Prokka|GBPCPCFC_22,1222,1348403,0.593,948.8175,764.2049,0.8661,0.0,0.3406,-0.3531,996,0.0617,0.1474,0.2881,0,0,-0.0011,0.9862,0.0046,0.9422,0.3635,0.5027,-0.1873
GBPCPCFC_01376,gnl|Prokka|GBPCPCFC_22,1222,1348403,0.593,948.8175,764.2049,0.8661,0.0,0.3406,-0.3531,1845,1.1727,1.3062,0.2863,0,0,0.2888,0.0,0.3302,0.0,0.3686,0.6487,-0.1417
GBPCPCFC_01377,gnl|Prokka|GBPCPCFC_22,1222,1348403,0.593,948.8175,764.2049,0.8661,0.0,0.3406,-0.3531,939,-0.0128,0.0696,0.2832,0,0,0.2078,0.0008,0.2047,0.001,0.3568,0.3116,-0.247
GBPCPCFC_01378,gnl|Prokka|GBPCPCFC_22,1222,1348403,0.593,948.8175,764.2049,0.8661,0.0,0.3406,-0.3531,165,-1.0257,-0.9869,0.2817,0,0,0.01,0.8936,0.0645,0.3895,0.3273,-0.5308,-0.5102
GBPCPCFC_01379,gnl|Prokka|GBPCPCFC_22,1222,1348403,0.593,948.8175,764.2049,0.8661,0.0,0.3406,-0.3531,1779,1.0863,1.2161,0.2814,0,0,0.242,0.0001,0.3011,0.0,0.3333,-0.3577,-0.4561
GBPCPCFC_01380,gnl|Prokka|GBPCPCFC_22,1222,1348403,0.593,948.8175,764.2049,0.8661,0.0,0.3406,-0.3531,120,-1.0845,-1.0483,0.2788,0,0,0.0182,0.8568,0.0351,0.7275,0.2,-4.1666,-1.6461
GBPCPCFC_01381,gnl|Prokka|GBPCPCFC_22,1222,1348403,0.593,948.8175,764.2049,0.8661,0.0,0.3406,-0.3531,372,-0.7548,-0.7043,0.2786,0,0,0.2375,0.0002,0.1965,0.0022,0.3199,-0.7417,-0.5761
GBPCPCFC_01382,gnl|Prokka|GBPCPCFC_22,1222,1348403,0.593,948.8175,764.2049,0.8661,0.0,0.3406,-0.3531,849,-0.1306,-0.0533,0.2777,0,0,0.384,0.0,0.4317,0.0,0.338,-0.2231,-0.414
GBPCPCFC_01383,gnl|Prokka|GBPCPCFC_22,1222,1348403,0.593,948.8175,764.2049,0.8661,0.0,0.3406,-0.3531,552,-0.5193,-0.4586,0.2764,0,0,0.089,0.1555,0.1058,0.0912,0.3007,-1.2892,-0.7471
GBPCPCFC_01384,gnl|Prokka|GBPCPCFC_22,1222,1348403,0.593,948.8175,764.2049,0.8661,0.0,0.3406,-0.3531,513,-0.5703,-0.5119,0.2754,0,0,0.0549,0.3895,0.1258,0.0478,0.3431,-0.0793,-0.3691
GBPCPCFC_01385,gnl|Prokka|GBPCPCFC_22,1222,1348403,0.593,948.8175,764.2049,0.8661,0.0,0.3406,-0.3531,1533,0.7644,0.8803,0.2746,0,0,0.1453,0.02,0.2248,0.0003,0.3686,0.6486,-0.1417
GBPCPCFC_01386,gnl|Prokka|GBPCPCFC_22,1222,1348403,0.593,948.8175,764.2049,0.8661,0.0,0.3406,-0.3531,3546,3.3985,3.6279,0.2721,0,0,0.3269,0.0,0.3227,0.0,0.381,1.0038,-0.0307
GBPCPCFC_01387,gnl|Prokka|GBPCPCFC_22,1222,1348403,0.593,948.8175,764.2049,0.8661,0.0,0.3406,-0.3531,2451,1.9657,2.1333,0.2667,0,0,0.2555,0.0,0.3123,0.0,0.3027,-1.2318,-0.7292
GBPCPCFC_01388,gnl|Prokka|GBPCPCFC_22,1222,1348403,0.593,948.8175,764.2049,0.8661,0.0,0.3406,-0.3531,1281,0.4347,0.5364,0.2631,0,0,0.2357,0.0001,0.2879,0.0,0.37,0.6904,-0.1286
GBPCPCFC_01389,gnl|Prokka|GBPCPCFC_22,1222,1348403,0.593,948.8175,764.2049,0.8661,0.0,0.3406,-0.3531,753,-0.2562,-0.1843,0.2612,0,0,0.142,0.0254,0.1772,0.0051,0.2696,-2.1787,-1.025
GBPCPCFC_01390,gnl|Prokka|GBPCPCFC_22,1222,1348403,0.593,948.8175,764.2049,0.8661,0.0,0.3406,-0.3531,702,-0.323,-0.2539,0.26,0,0,0.2852,0.0,0.4068,0.0,0.3148,-0.8867,-0.6214
GBPCPCFC_01391,gnl|Prokka|GBPCPCFC_22,1222,1348403,0.593,948.8175,764.2049,0.8661,0.0,0.3406,-0.3531,513,-0.5703,-0.5119,0.2586,0,0,0.2628,0.0,0.2012,0.0014,0.3372,-0.2463,-0.4213
GBPCPCFC_01392,gnl|Prokka|GBPCPCFC_22,1222,1348403,0.593,948.8175,764.2049,0.8661,0.0,0.3406,-0.3531,258,-0.904,-0.8599,0.2578,0,0,0.2317,0.0013,0.2267,0.0016,0.2984,-1.3542,-0.7674
GBPCPCFC_01393,gnl|Prokka|GBPCPCFC_22,1222,1348403,0.593,948.8175,764.2049,0.8661,0.0,0.3406,-0.3531,558,-0.5114,-0.4505,0.2573,0,0,0.2143,0.0008,0.2685,0.0,0.2778,-1.9447,-0.9519
GBPCPCFC_01394,gnl|Prokka|GBPCPCFC_22,1222,1348403,0.593,948.8175,764.2049,0.8661,0.0,0.3406,-0.3531,501,-0.586,-0.5283,0.2564,0,0,0.06,0.3549,0.0343,0.5975,0.3513,0.1555,-0.2958
GBPCPCFC_01395,gnl|Prokka|GBPCPCFC_22,1222,1348403,0.593,948.8175,764.2049,0.8661,0.0,0.3406,-0.3531,600,-0.4564,-0.3931,0.2548,0,0,0.1764,0.0046,0.1694,0.0066,0.3417,-0.1196,-0.3817
GBPCPCFC_01396,gnl|Prokka|GBPCPCFC_22,1222,1348403,0.593,948.8175,764.2049,0.8661,0.0,0.3406,-0.3531,438,-0.6684,-0.6142,0.2538,0,0,0.11,0.0839,0.1692,0.0076,0.3242,-0.6186,-0.5376
GBPCPCFC_01397,gnl|Prokka|GBPCPCFC_22,1222,1348403,0.593,948.8175,764.2049,0.8661,0.0,0.3406,-0.3531,1074,0.1638,0.2538,0.2526,0,0,0.1537,0.0138,0.2062,0.0009,0.3715,0.7328,-0.1154
GBPCPCFC_01398,gnl|Prokka|GBPCPCFC_22,1222,1348403,0.593,948.8175,764.2049,0.8661,0.0,0.3406,-0.3531,540,-0.535,-0.475,0.2508,0,0,0.2098,0.0007,0.2374,0.0001,0.313,-0.9396,-0.6379
GBPCPCFC_01399,gnl|Prokka|GBPCPCFC_22,1222,1348403,0.593,948.8175,764.2049,0.8661,0.0,0.3406,-0.3531,339,-0.798,-0.7494,0.25,0,0,0.0696,0.2826,0.1966,0.0022,0.2773,-1.9588,-0.9563
GBPCPCFC_01400,gnl|Prokka|GBPCPCFC_22,1222,1348403,0.593,948.8175,764.2049,0.8661,0.0,0.3406,-0.3531,435,-0.6724,-0.6183,0.2495,0,0,0.0644,0.3127,0.1242,0.0507,0.3103,-1.0144,-0.6613
GBPCPCFC_01401,gnl|Prokka|GBPCPCFC_22,1222,1348403,0.593,948.8175,764.2049,0.8661,0.0,0.3406,-0.3531,594,-0.4643,-0.4013,0.2488,0,0,0.1871,0.0026,0.2306,0.0002,0.3367,-0.2615,-0.426
GBPCPCFC_01402,gnl|Prokka|GBPCPCFC_22,1222,1348403,0.593,948.8175,764.2049,0.8661,0.0,0.3406,-0.3531,816,-0.1738,-0.0983,0.248,0,0,0.2534,0.0,0.2677,0.0,0.3039,-1.1979,-0.7186
GBPCPCFC_01403,gnl|Prokka|GBPCPCFC_22,1222,1348403,0.593,948.8175,764.2049,0.8661,0.0,0.3406,-0.3531,174,-1.0139,-0.9746,0.2467,0,0,0.0053,0.9476,-0.0287,0.7234,0.2701,-2.1636,-1.0203
GBPCPCFC_01404,gnl|Prokka|GBPCPCFC_22,1222,1348403,0.593,948.8175,764.2049,0.8661,0.0,0.3406,-0.3531,444,-0.6606,-0.6061,0.2465,0,0,0.1256,0.0562,0.1592,0.0152,0.3333,-0.3577,-0.4561
GBPCPCFC_01405,gnl|Prokka|GBPCPCFC_22,1222,1348403,0.593,948.8175,764.2049,0.8661,0.0,0.3406,-0.3531,2643,2.2169,2.3954,0.2451,0,0,0.378,0.0,0.4299,0.0,0.3651,0.5502,-0.1724
GBPCPCFC_01406,gnl|Prokka|GBPCPCFC_22,1222,1348403,0.593,948.8175,764.2049,0.8661,0.0,0.3406,-0.3531,1665,0.9372,1.0605,0.2405,0,0,0.4513,0.0,0.4455,0.0,0.3862,1.1521,0.0156
GBPCPCFC_01407,gnl|Prokka|GBPCPCFC_22,1222,1348403,0.593,948.8175,764.2049,0.8661,0.0,0.3406,-0.3531,300,-0.849,-0.8026,0.238,0,0,0.2297,0.0003,0.1891,0.0032,0.4067,1.7372,0.1984
GBPCPCFC_01408,gnl|Prokka|GBPCPCFC_22,1222,1348403,0.593,948.8175,764.2049,0.8661,0.0,0.3406,-0.3531,318,-0.8255,-0.778,0.2374,0,0,0.092,0.2127,0.1913,0.0091,0.2925,-1.5255,-0.821
GBPCPCFC_01409,gnl|Prokka|GBPCPCFC_22,1222,1348403,0.593,948.8175,764.2049,0.8661,0.0,0.3406,-0.3531,1083,0.1756,0.2661,0.2369,0,0,0.2757,0.0,0.3125,0.0,0.2807,-1.8612,-0.9258
GBPCPCFC_01410,gnl|Prokka|GBPCPCFC_22,1222,1348403,0.593,948.8175,764.2049,0.8661,0.0,0.3406,-0.3531,588,-0.4721,-0.4095,0.2352,0,0,0.0579,0.385,0.1486,0.0252,0.2619,-2.3982,-1.0936
GBPCPCFC_01411,gnl|Prokka|GBPCPCFC_22,1222,1348403,0.593,948.8175,764.2049,0.8661,0.0,0.3406,-0.3531,1557,0.7958,0.9131,0.2343,0,0,0.1606,0.0113,0.1901,0.0026,0.2685,-2.2108,-1.0351
GBPCPCFC_01412,gnl|Prokka|GBPCPCFC_22,1222,1348403,0.593,948.8175,764.2049,0.8661,0.0,0.3406,-0.3531,2667,2.2483,2.4281,0.2319,0,0,0.3962,0.0,0.4429,0.0,0.3495,0.1029,-0.3122
GBPCPCFC_01413,gnl|Prokka|GBPCPCFC_22,1222,1348403,0.593,948.8175,764.2049,0.8661,0.0,0.3406,-0.3531,471,-0.6252,-0.5692,0.2276,0,0,0.1274,0.0417,0.1994,0.0013,0.397,1.4618,0.1124
GBPCPCFC_01414,gnl|Prokka|GBPCPCFC_22,1222,1348403,0.593,948.8175,764.2049,0.8661,0.0,0.3406,-0.3531,660,-0.3779,-0.3112,0.2258,0,0,0.1125,0.077,0.1363,0.0319,0.347,0.0319,-0.3344
GBPCPCFC_01415,gnl|Prokka|GBPCPCFC_22,1222,1348403,0.593,948.8175,764.2049,0.8661,0.0,0.3406,-0.3531,465,-0.6331,-0.5774,0.2243,0,0,0.112,0.0784,0.1842,0.0036,0.3161,-0.8492,-0.6096
GBPCPCFC_01416,gnl|Prokka|GBPCPCFC_22,1222,1348403,0.593,948.8175,764.2049,0.8661,0.0,0.3406,-0.3531,150,-1.0453,-1.0073,0.2236,0,0,0.1481,0.0686,0.169,0.0374,0.3267,-0.5481,-0.5156
GBPCPCFC_01417,gnl|Prokka|GBPCPCFC_22,1222,1348403,0.593,948.8175,764.2049,0.8661,0.0,0.3406,-0.3531,714,-0.3073,-0.2375,0.2228,0,0,0.077,0.2194,0.1012,0.1064,0.3627,0.4825,-0.1936
GBPCPCFC_01418,gnl|Prokka|GBPCPCFC_22,1222,1348403,0.593,948.8175,764.2049,0.8661,0.0,0.3406,-0.3531,93,-1.1199,-1.0851,0.2215,0,0,0.0505,0.5787,0.018,0.8435,0.2581,-2.5079,-1.1279
GBPCPCFC_01419,gnl|Prokka|GBPCPCFC_22,1222,1348403,0.593,948.8175,764.2049,0.8661,0.0,0.3406,-0.3531,2250,1.7027,1.859,0.2211,0,0,0.2774,0.0,0.3929,0.0,0.3698,0.6834,-0.1308
GBPCPCFC_01420,gnl|Prokka|GBPCPCFC_22,1222,1348403,0.593,948.8175,764.2049,0.8661,0.0,0.3406,-0.3531,270,-0.8883,-0.8435,0.2172,0,0,0.1289,0.0535,0.1647,0.0134,0.3444,-0.0403,-0.3569
GBPCPCFC_01421,gnl|Prokka|GBPCPCFC_22,1222,1348403,0.593,948.8175,764.2049,0.8661,0.0,0.3406,-0.3531,933,-0.0207,0.0614,0.2169,0,0,0.115,0.0705,0.1485,0.0193,0.358,0.3465,-0.2361
GBPCPCFC_01422,gnl|Prokka|GBPCPCFC_22,1222,1348403,0.593,948.8175,764.2049,0.8661,0.0,0.3406,-0.3531,1161,0.2777,0.3726,0.2153,0,0,0.1505,0.016,0.373,0.0,0.3178,-0.8006,-0.5945
GBPCPCFC_01423,gnl|Prokka|GBPCPCFC_22,1222,1348403,0.593,948.8175,764.2049,0.8661,0.0,0.3406,-0.3531,77,-1.1408,-1.107,0.2133,0,0,0.0196,0.8089,-0.0733,0.3661,0.5195,4.9599,1.2053
GBPCPCFC_01424,gnl|Prokka|GBPCPCFC_22,1222,1348403,0.593,948.8175,764.2049,0.8661,0.0,0.3406,-0.3531,76,-1.1421,-1.1083,0.213,0,0,-0.007,0.9421,-0.0637,0.5065,0.5921,7.0345,1.8535
GBPCPCFC_01425,gnl|Prokka|GBPCPCFC_22,1222,1348403,0.593,948.8175,764.2049,0.8661,0.0,0.3406,-0.3531,291,-0.8608,-0.8149,0.2124,0,0,0.1762,0.0102,0.2266,0.0009,0.3643,0.5258,-0.1801
GBPCPCFC_01426,gnl|Prokka|GBPCPCFC_22,1222,1348403,0.593,948.8175,764.2049,0.8661,0.0,0.3406,-0.3531,465,-0.6331,-0.5774,0.2114,0,0,0.112,0.0784,0.1842,0.0036,0.3161,-0.8492,-0.6096
GBPCPCFC_01427,gnl|Prokka|GBPCPCFC_22,1222,1348403,0.593,948.8175,764.2049,0.8661,0.0,0.3406,-0.3531,864,-0.111,-0.0328,0.2107,0,0,0.2294,0.0003,0.2895,0.0,0.3426,-0.0932,-0.3735
GBPCPCFC_01428,gnl|Prokka|GBPCPCFC_22,1222,1348403,0.593,948.8175,764.2049,0.8661,0.0,0.3406,-0.3531,1248,0.3915,0.4913,0.2094,0,0,0.254,0.0,0.356,0.0,0.3686,0.6495,-0.1414
GBPCPCFC_01429,gnl|Prokka|GBPCPCFC_22,1222,1348403,0.593,948.8175,764.2049,0.8661,0.0,0.3406,-0.3531,1554,0.7919,0.909,0.207,0,0,0.1396,0.0255,0.0676,0.2813,0.4022,1.6092,0.1584
GBPCPCFC_01430,gnl|Prokka|GBPCPCFC_22,1222,1348403,0.593,948.8175,764.2049,0.8661,0.0,0.3406,-0.3531,675,-0.3583,-0.2908,0.2047,0,0,0.1737,0.0061,0.1407,0.0268,0.4252,2.2662,0.3637
GBPCPCFC_01431,gnl|Prokka|GBPCPCFC_22,1222,1348403,0.593,948.8175,764.2049,0.8661,0.0,0.3406,-0.3531,1992,1.3651,1.5068,0.2035,0,0,0.2354,0.0001,0.2526,0.0,0.3685,0.6462,-0.1425
GBPCPCFC_01432,gnl|Prokka|GBPCPCFC_22,1222,1348403,0.593,948.8175,764.2049,0.8661,0.0,0.3406,-0.3531,291,-0.8608,-0.8149,0.2004,0,0,0.1559,0.014,0.1848,0.0035,0.3265,-0.554,-0.5174
GBPCPCFC_01433,gnl|Prokka|GBPCPCFC_22,1222,1348403,0.593,948.8175,764.2049,0.8661,0.0,0.3406,-0.3531,1770,1.0746,1.2038,0.1998,0,0,0.1134,0.07,0.2056,0.0009,0.3401,-0.164,-0.3956
GBPCPCFC_01434,gnl|Prokka|GBPCPCFC_22,1222,1348403,0.593,948.8175,764.2049,0.8661,0.0,0.3406,-0.3531,507,-0.5781,-0.5201,0.1969,0,0,0.1683,0.0109,0.1737,0.0086,0.3077,-1.0902,-0.6849
GBPCPCFC_01435,gnl|Prokka|GBPCPCFC_22,1222,1348403,0.593,948.8175,764.2049,0.8661,0.0,0.3406,-0.3531,291,-0.8608,-0.8149,0.1957,0,0,0.0135,0.8459,0.0784,0.2568,0.2921,-1.5357,-0.8241
GBPCPCFC_01436,gnl|Prokka|GBPCPCFC_22,1222,1348403,0.593,948.8175,764.2049,0.8661,0.0,0.3406,-0.3531,174,-1.0139,-0.9746,0.1951,0,0,0.2525,0.0002,0.2788,0.0,0.4195,2.1049,0.3133
GBPCPCFC_01437,gnl|Prokka|GBPCPCFC_22,1222,1348403,0.593,948.8175,764.2049,0.8661,0.0,0.3406,-0.3531,612,-0.4407,-0.3768,0.1944,0,0,0.1775,0.0057,0.1462,0.0232,0.335,-0.311,-0.4415
GBPCPCFC_01438,gnl|Prokka|GBPCPCFC_22,1222,1348403,0.593,948.8175,764.2049,0.8661,0.0,0.3406,-0.3531,168,-1.0217,-0.9828,0.1933,0,0,-0.0661,0.4342,-0.0072,0.9318,0.2798,-1.888,-0.9342
GBPCPCFC_01439,gnl|Prokka|GBPCPCFC_22,1222,1348403,0.593,948.8175,764.2049,0.8661,0.0,0.3406,-0.3531,1293,0.4504,0.5527,0.193,0,0,0.1881,0.0025,0.2063,0.0009,0.3519,0.1725,-0.2904
GBPCPCFC_01440,gnl|Prokka|GBPCPCFC_22,1222,1348403,0.593,948.8175,764.2049,0.8661,0.0,0.3406,-0.3531,465,-0.6331,-0.5774,0.1906,0,0,0.1183,0.0628,0.1713,0.0069,0.3204,-0.7263,-0.5713
GBPCPCFC_01441,gnl|Prokka|GBPCPCFC_22,1222,1348403,0.593,948.8175,764.2049,0.8661,0.0,0.3406,-0.3531,111,-1.0963,-1.0606,0.1888,0,0,0.0103,0.9147,-0.0214,0.8246,0.2252,-3.446,-1.421
GBPCPCFC_01442,gnl|Prokka|GBPCPCFC_22,1222,1348403,0.593,948.8175,764.2049,0.8661,0.0,0.3406,-0.3531,891,-0.0757,0.0041,0.1884,0,0,0.2017,0.0014,0.2688,0.0,0.2806,-1.8646,-0.9269
GBPCPCFC_01443,gnl|Prokka|GBPCPCFC_22,1222,1348403,0.593,948.8175,764.2049,0.8661,0.0,0.3406,-0.3531,603,-0.4525,-0.389,0.1868,0,0,0.2091,0.0009,0.2471,0.0001,0.3632,0.495,-0.1897
GBPCPCFC_01444,gnl|Prokka|GBPCPCFC_22,1222,1348403,0.593,948.8175,764.2049,0.8661,0.0,0.3406,-0.3531,1770,1.0746,1.2038,0.1854,0,0,0.3281,0.0,0.4371,0.0,0.3362,-0.277,-0.4309
GBPCPCFC_01445,gnl|Prokka|GBPCPCFC_22,1222,1348403,0.593,948.8175,764.2049,0.8661,0.0,0.3406,-0.3531,267,-0.8922,-0.8476,0.1824,0,0,0.0227,0.734,0.1132,0.0895,0.3296,-0.4647,-0.4895
GBPCPCFC_01446,gnl|Prokka|GBPCPCFC_22,1222,1348403,0.593,948.8175,764.2049,0.8661,0.0,0.3406,-0.3531,750,-0.2602,-0.1884,0.1819,0,0,0.1214,0.0523,0.1913,0.0021,0.34,-0.1672,-0.3966
GBPCPCFC_01447,gnl|Prokka|GBPCPCFC_22,1222,1348403,0.593,948.8175,764.2049,0.8661,0.0,0.3406,-0.3531,1008,0.0774,0.1638,0.1806,0,0,0.088,0.1603,0.0335,0.5936,0.3581,0.3508,-0.2347
GBPCPCFC_01448,gnl|Prokka|GBPCPCFC_22,1222,1348403,0.593,948.8175,764.2049,0.8661,0.0,0.3406,-0.3531,372,-0.7548,-0.7043,0.1789,0,0,0.0818,0.2055,0.0804,0.2136,0.3952,1.4085,0.0957
GBPCPCFC_01449,gnl|Prokka|GBPCPCFC_22,1222,1348403,0.593,948.8175,764.2049,0.8661,0.0,0.3406,-0.3531,1095,0.1913,0.2825,0.1784,0,0,0.3019,0.0,0.3274,0.0,0.3571,0.3206,-0.2442
GBPCPCFC_01450,gnl|Prokka|GBPCPCFC_22,1222,1348403,0.593,948.8175,764.2049,0.8661,0.0,0.3406,-0.3531,1404,0.5956,0.7043,0.1766,0,0,0.1913,0.0021,0.3227,0.0,0.3533,0.212,-0.2781
GBPCPCFC_01451,gnl|Prokka|GBPCPCFC_22,1222,1348403,0.593,948.8175,764.2049,0.8661,0.0,0.3406,-0.3531,891,-0.0757,0.0041,0.1741,0,0,0.1814,0.0042,0.2041,0.0012,0.3558,0.2835,-0.2558
GBPCPCFC_01452,gnl|Prokka|GBPCPCFC_22,1222,1348403,0.593,948.8175,764.2049,0.8661,0.0,0.3406,-0.3531,918,-0.0403,0.0409,0.1727,0,0,0.1908,0.0022,0.2443,0.0001,0.3824,1.0426,-0.0186
GBPCPCFC_01453,gnl|Prokka|GBPCPCFC_22,1222,1348403,0.593,948.8175,764.2049,0.8661,0.0,0.3406,-0.3531,1344,0.5171,0.6224,0.1708,0,0,0.2731,0.0,0.328,0.0,0.2976,-1.3779,-0.7749
GBPCPCFC_01454,gnl|Prokka|GBPCPCFC_22,1222,1348403,0.593,948.8175,764.2049,0.8661,0.0,0.3406,-0.3531,435,-0.6724,-0.6183,0.1687,0,0,0.0224,0.7215,0.0076,0.9034,0.3402,-0.1607,-0.3945
GBPCPCFC_01455,gnl|Prokka|GBPCPCFC_22,1222,1348403,0.593,948.8175,764.2049,0.8661,0.0,0.3406,-0.3531,2010,1.3886,1.5314,0.1674,0,0,0.372,0.0,0.3616,0.0,0.3706,0.7082,-0.1231
GBPCPCFC_01456,gnl|Prokka|GBPCPCFC_22,1222,1348403,0.593,948.8175,764.2049,0.8661,0.0,0.3406,-0.3531,876,-0.0953,-0.0164,0.1642,0,0,0.2625,0.0,0.3812,0.0,0.2774,-1.9556,-0.9553
GBPCPCFC_01457,gnl|Prokka|GBPCPCFC_22,1222,1348403,0.593,948.8175,764.2049,0.8661,0.0,0.3406,-0.3531,1392,0.5799,0.6879,0.1627,0,0,0.2649,0.0,0.3019,0.0,0.3527,0.1964,-0.283
GBPCPCFC_01458,gnl|Prokka|GBPCPCFC_22,1222,1348403,0.593,948.8175,764.2049,0.8661,0.0,0.3406,-0.3531,372,-0.7548,-0.7043,0.1606,0,0,0.2433,0.0001,0.2355,0.0002,0.3387,-0.2041,-0.4081
GBPCPCFC_01459,gnl|Prokka|GBPCPCFC_22,1222,1348403,0.593,948.8175,764.2049,0.8661,0.0,0.3406,-0.3531,267,-0.8922,-0.8476,0.1594,0,0,0.0997,0.1843,0.1211,0.1063,0.3071,-1.1066,-0.6901
GBPCPCFC_01460,gnl|Prokka|GBPCPCFC_22,1222,1348403,0.593,948.8175,764.2049,0.8661,0.0,0.3406,-0.3531,3438,3.2572,3.4805,0.1588,0,0,0.3235,0.0,0.4363,0.0,0.3389,-0.1998,-0.4068
GBPCPCFC_01461,gnl|Prokka|GBPCPCFC_22,1222,1348403,0.593,948.8175,764.2049,0.8661,0.0,0.3406,-0.3531,582,-0.48,-0.4177,0.1534,0,0,0.108,0.0898,0.1228,0.0535,0.3351,-0.3086,-0.4408
GBPCPCFC_01462,gnl|Prokka|GBPCPCFC_22,1222,1348403,0.593,948.8175,764.2049,0.8661,0.0,0.3406,-0.3531,465,-0.6331,-0.5774,0.1518,0,0,0.112,0.0784,0.1842,0.0036,0.3161,-0.8492,-0.6096
GBPCPCFC_01463,gnl|Prokka|GBPCPCFC_22,1222,1348403,0.593,948.8175,764.2049,0.8661,0.0,0.3406,-0.3531,303,-0.8451,-0.7985,0.1511,0,0,-0.1359,0.0471,-0.1515,0.0267,0.3531,0.208,-0.2794
GBPCPCFC_01464,gnl|Prokka|GBPCPCFC_22,1222,1348403,0.593,948.8175,764.2049,0.8661,0.0,0.3406,-0.3531,711,-0.3112,-0.2416,0.1497,0,0,0.1473,0.0203,0.1846,0.0035,0.3572,0.3253,-0.2427
GBPCPCFC_01465,gnl|Prokka|GBPCPCFC_22,1222,1348403,0.593,948.8175,764.2049,0.8661,0.0,0.3406,-0.3531,975,0.0343,0.1187,0.1481,0,0,0.1752,0.0049,0.2713,0.0,0.3631,0.492,-0.1906
GBPCPCFC_01466,gnl|Prokka|GBPCPCFC_22,1222,1348403,0.593,948.8175,764.2049,0.8661,0.0,0.3406,-0.3531,358,-0.7731,-0.7234,0.1464,0,0,0.1691,0.0076,0.1413,0.0261,0.3911,1.2914,0.0591
GBPCPCFC_01467,gnl|Prokka|GBPCPCFC_22,1222,1348403,0.593,948.8175,764.2049,0.8661,0.0,0.3406,-0.3531,408,-0.7077,-0.6552,0.1459,0,0,-0.0288,0.6679,0.0461,0.4928,0.299,-1.3379,-0.7624
GBPCPCFC_01468,gnl|Prokka|GBPCPCFC_22,1222,1348403,0.593,948.8175,764.2049,0.8661,0.0,0.3406,-0.3531,564,-0.5036,-0.4423,0.1452,0,0,0.1651,0.0114,0.1713,0.0087,0.3457,-0.0031,-0.3453
GBPCPCFC_01469,gnl|Prokka|GBPCPCFC_22,1222,1348403,0.593,948.8175,764.2049,0.8661,0.0,0.3406,-0.3531,495,-0.5938,-0.5364,0.1444,0,0,0.1623,0.0093,0.1858,0.0028,0.3859,1.1428,0.0127
GBPCPCFC_01470,gnl|Prokka|GBPCPCFC_22,1222,1348403,0.593,948.8175,764.2049,0.8661,0.0,0.3406,-0.3531,486,-0.6056,-0.5487,0.1437,0,0,0.131,0.0453,0.1676,0.0102,0.3025,-1.2394,-0.7316
GBPCPCFC_01471,gnl|Prokka|GBPCPCFC_22,1222,1348403,0.593,948.8175,764.2049,0.8661,0.0,0.3406,-0.3531,723,-0.2955,-0.2252,0.1429,0,0,0.2233,0.0004,0.2847,0.0,0.3001,-1.306,-0.7524
GBPCPCFC_01472,gnl|Prokka|GBPCPCFC_22,1222,1348403,0.593,948.8175,764.2049,0.8661,0.0,0.3406,-0.3531,486,-0.6056,-0.5487,0.1418,0,0,0.1155,0.078,0.1305,0.0461,0.3004,-1.2982,-0.7499
GBPCPCFC_01473,gnl|Prokka|GBPCPCFC_22,1222,1348403,0.593,948.8175,764.2049,0.8661,0.0,0.3406,-0.3531,1443,0.6467,0.7575,0.141,0,0,0.3754,0.0,0.399,0.0,0.3853,1.1271,0.0078
GBPCPCFC_01474,gnl|Prokka|GBPCPCFC_22,1222,1348403,0.593,948.8175,764.2049,0.8661,0.0,0.3406,-0.3531,999,0.0657,0.1515,0.1389,0,0,0.2293,0.0002,0.2725,0.0,0.3714,0.7289,-0.1166
GBPCPCFC_01475,gnl|Prokka|GBPCPCFC_22,1222,1348403,0.593,948.8175,764.2049,0.8661,0.0,0.3406,-0.3531,1764,1.0667,1.1956,0.1373,0,0,0.2366,0.0001,0.2484,0.0001,0.3594,0.3872,-0.2234
GBPCPCFC_01476,gnl|Prokka|GBPCPCFC_22,1222,1348403,0.593,948.8175,764.2049,0.8661,0.0,0.3406,-0.3531,1302,0.4622,0.565,0.1342,0,0,0.277,0.0,0.2765,0.0,0.3065,-1.1256,-0.696
GBPCPCFC_01477,gnl|Prokka|GBPCPCFC_22,1222,1348403,0.593,948.8175,764.2049,0.8661,0.0,0.3406,-0.3531,906,-0.056,0.0245,0.1319,0,0,0.2195,0.0004,0.1942,0.0018,0.3731,0.7774,-0.1015
GBPCPCFC_01478,gnl|Prokka|GBPCPCFC_22,1222,1348403,0.593,948.8175,764.2049,0.8661,0.0,0.3406,-0.3531,576,-0.4879,-0.4259,0.1305,0,0,0.1763,0.0061,0.1599,0.0129,0.3542,0.2374,-0.2702
GBPCPCFC_01479,gnl|Prokka|GBPCPCFC_22,1222,1348403,0.593,948.8175,764.2049,0.8661,0.0,0.3406,-0.3531,378,-0.7469,-0.6961,0.1297,0,0,0.3796,0.0,0.3805,0.0,0.2989,-1.3401,-0.763
GBPCPCFC_01480,gnl|Prokka|GBPCPCFC_22,1222,1348403,0.593,948.8175,764.2049,0.8661,0.0,0.3406,-0.3531,582,-0.48,-0.4177,0.1289,0,0,0.2313,0.0002,0.2379,0.0001,0.3574,0.3295,-0.2414
GBPCPCFC_01481,gnl|Prokka|GBPCPCFC_22,1222,1348403,0.593,948.8175,764.2049,0.8661,0.0,0.3406,-0.3531,717,-0.3033,-0.2334,0.128,0,0,0.1201,0.0549,0.1709,0.0061,0.371,0.718,-0.12
GBPCPCFC_01482,gnl|Prokka|GBPCPCFC_22,1222,1348403,0.593,948.8175,764.2049,0.8661,0.0,0.3406,-0.3531,492,-0.5978,-0.5405,0.1265,0,0,0.2626,0.0,0.2417,0.0002,0.3293,-0.4738,-0.4924
GBPCPCFC_01483,gnl|Prokka|GBPCPCFC_22,1222,1348403,0.593,948.8175,764.2049,0.8661,0.0,0.3406,-0.3531,1491,0.7095,0.823,0.1257,0,0,0.3114,0.0,0.2735,0.0,0.3414,-0.1278,-0.3843
GBPCPCFC_01484,gnl|Prokka|GBPCPCFC_22,1222,1348403,0.593,948.8175,764.2049,0.8661,0.0,0.3406,-0.3531,2499,2.0285,2.1988,0.123,0,0,0.3935,0.0,0.4396,0.0,0.3758,0.854,-0.0775
GBPCPCFC_01485,gnl|Prokka|GBPCPCFC_22,1222,1348403,0.593,948.8175,764.2049,0.8661,0.0,0.3406,-0.3531,306,-0.8412,-0.7944,0.1193,0,0,0.3123,0.0,0.3737,0.0,0.3529,0.2024,-0.2811
GBPCPCFC_01486,gnl|Prokka|GBPCPCFC_22,1222,1348403,0.593,948.8175,764.2049,0.8661,0.0,0.3406,-0.3531,1479,0.6938,0.8066,0.1188,0,0,0.1778,0.0043,0.2371,0.0001,0.4077,1.7669,0.2077
GBPCPCFC_01487,gnl|Prokka|GBPCPCFC_22,1222,1348403,0.593,948.8175,764.2049,0.8661,0.0,0.3406,-0.3531,1467,0.6781,0.7902,0.1166,0,0,0.1901,0.0023,0.2722,0.0,0.3463,0.0123,-0.3405
GBPCPCFC_01488,gnl|Prokka|GBPCPCFC_22,1222,1348403,0.593,948.8175,764.2049,0.8661,0.0,0.3406,-0.3531,432,-0.6763,-0.6224,0.1144,0,0,0.1867,0.0027,0.2417,0.0001,0.3241,-0.6222,-0.5387
GBPCPCFC_01489,gnl|Prokka|GBPCPCFC_22,1222,1348403,0.593,948.8175,764.2049,0.8661,0.0,0.3406,-0.3531,1650,0.9175,1.04,0.1136,0,0,0.1785,0.0042,0.215,0.0005,0.3194,-0.7559,-0.5805
GBPCPCFC_01490,gnl|Prokka|GBPCPCFC_22,1222,1348403,0.593,948.8175,764.2049,0.8661,0.0,0.3406,-0.3531,2598,2.158,2.3339,0.1111,0,0,0.2969,0.0,0.3124,0.0,0.3811,1.0058,-0.0301
GBPCPCFC_01491,gnl|Prokka|GBPCPCFC_22,1222,1348403,0.593,948.8175,764.2049,0.8661,0.0,0.3406,-0.3531,1293,0.4504,0.5527,0.107,0,0,0.2518,0.0,0.3093,0.0,0.3573,0.3272,-0.2421
GBPCPCFC_01492,gnl|Prokka|GBPCPCFC_22,1222,1348403,0.593,948.8175,764.2049,0.8661,0.0,0.3406,-0.3531,75,-1.1434,-1.1097,0.1047,0,0,-0.0121,0.8932,0.1456,0.1037,0.56,6.1174,1.567
GBPCPCFC_01493,gnl|Prokka|GBPCPCFC_22,1222,1348403,0.593,948.8175,764.2049,0.8661,0.0,0.3406,-0.3531,1485,0.7016,0.8148,0.1045,0,0,0.3003,0.0,0.4095,0.0,0.3347,-0.3192,-0.4441
GBPCPCFC_01494,gnl|Prokka|GBPCPCFC_22,1222,1348403,0.593,948.8175,764.2049,0.8661,0.0,0.3406,-0.3531,534,-0.5428,-0.4832,0.102,0,0,0.262,0.0,0.2054,0.0013,0.3352,-0.3042,-0.4394
GBPCPCFC_01495,gnl|Prokka|GBPCPCFC_22,1222,1348403,0.593,948.8175,764.2049,0.8661,0.0,0.3406,-0.3531,1338,0.5093,0.6142,0.1008,0,0,0.2313,0.0002,0.3103,0.0,0.2855,-1.7241,-0.883
GBPCPCFC_01496,gnl|Prokka|GBPCPCFC_22,1222,1348403,0.593,948.8175,764.2049,0.8661,0.0,0.3406,-0.3531,1848,1.1766,1.3103,0.0988,0,0,0.3212,0.0,0.3597,0.0,0.395,1.4045,0.0945
GBPCPCFC_01497,gnl|Prokka|GBPCPCFC_22,1222,1348403,0.593,948.8175,764.2049,0.8661,0.0,0.3406,-0.3531,786,-0.2131,-0.1393,0.096,0,0,-0.0185,0.7679,-0.0379,0.5463,0.3626,0.4782,-0.1949
GBPCPCFC_01498,gnl|Prokka|GBPCPCFC_22,1222,1348403,0.593,948.8175,764.2049,0.8661,0.0,0.3406,-0.3531,75,-1.1434,-1.1097,0.0945,0,0,-0.1092,0.2516,-0.1171,0.2188,0.6133,7.6409,2.043
GBPCPCFC_01499,gnl|Prokka|GBPCPCFC_22,1222,1348403,0.593,948.8175,764.2049,0.8661,0.0,0.3406,-0.3531,528,-0.5507,-0.4914,0.0941,0,0,0.1174,0.0649,0.1591,0.0121,0.3674,0.6162,-0.1518
GBPCPCFC_01500,gnl|Prokka|GBPCPCFC_22,1222,1348403,0.593,948.8175,764.2049,0.8661,0.0,0.3406,-0.3531,1329,0.4975,0.6019,0.0933,0,0,0.2459,0.0001,0.2022,0.0011,0.3695,0.6741,-0.1337
GBPCPCFC_01501,gnl|Prokka|GBPCPCFC_22,1222,1348403,0.593,948.8175,764.2049,0.8661,0.0,0.3406,-0.3531,846,-0.1345,-0.0574,0.0912,0,0,0.2309,0.0002,0.2065,0.0011,0.3085,-1.0668,-0.6776
GBPCPCFC_01502,gnl|Prokka|GBPCPCFC_22,1222,1348403,0.593,948.8175,764.2049,0.8661,0.0,0.3406,-0.3531,1362,0.5407,0.6469,0.09,0,0,0.2007,0.0012,0.1706,0.0062,0.3862,1.1524,0.0157
GBPCPCFC_01503,gnl|Prokka|GBPCPCFC_22,1222,1348403,0.593,948.8175,764.2049,0.8661,0.0,0.3406,-0.3531,627,-0.4211,-0.3563,0.0879,0,0,0.2992,0.0,0.31,0.0,0.3413,-0.1299,-0.3849
GBPCPCFC_01504,gnl|Prokka|GBPCPCFC_22,1222,1348403,0.593,948.8175,764.2049,0.8661,0.0,0.3406,-0.3531,1281,0.4347,0.5364,0.0869,0,0,0.2833,0.0,0.3564,0.0,0.3724,0.7573,-0.1077
GBPCPCFC_01505,gnl|Prokka|GBPCPCFC_22,1222,1348403,0.593,948.8175,764.2049,0.8661,0.0,0.3406,-0.3531,708,-0.3151,-0.2457,0.0849,0,0,0.3028,0.0,0.3413,0.0,0.2669,-2.2541,-1.0486
GBPCPCFC_01506,gnl|Prokka|GBPCPCFC_22,1222,1348403,0.593,948.8175,764.2049,0.8661,0.0,0.3406,-0.3531,714,-0.3073,-0.2375,0.0837,0,0,0.2569,0.0,0.2577,0.0,0.2969,-1.3979,-0.7811
GBPCPCFC_01507,gnl|Prokka|GBPCPCFC_22,1222,1348403,0.593,948.8175,764.2049,0.8661,0.0,0.3406,-0.3531,1074,0.1638,0.2538,0.0827,0,0,0.2115,0.0008,0.2656,0.0,0.2914,-1.5546,-0.8301
GBPCPCFC_01508,gnl|Prokka|GBPCPCFC_22,1222,1348403,0.593,948.8175,764.2049,0.8661,0.0,0.3406,-0.3531,1251,0.3954,0.4954,0.0811,0,0,0.1742,0.0052,0.2457,0.0001,0.3373,-0.2435,-0.4204
GBPCPCFC_01509,gnl|Prokka|GBPCPCFC_22,1222,1348403,0.593,948.8175,764.2049,0.8661,0.0,0.3406,-0.3531,396,-0.7234,-0.6716,0.0792,0,0,0.155,0.016,0.236,0.0002,0.399,1.5179,0.1299
GBPCPCFC_01510,gnl|Prokka|GBPCPCFC_22,1222,1348403,0.593,948.8175,764.2049,0.8661,0.0,0.3406,-0.3531,1251,0.3954,0.4954,0.0778,0,0,0.1785,0.0047,0.247,0.0001,0.3549,0.2589,-0.2635
GBPCPCFC_01511,gnl|Prokka|GBPCPCFC_22,1222,1348403,0.593,948.8175,764.2049,0.8661,0.0,0.3406,-0.3531,651,-0.3897,-0.3235,0.0759,0,0,0.156,0.0184,0.1965,0.0029,0.2811,-1.8496,-0.9222
GBPCPCFC_01512,gnl|Prokka|GBPCPCFC_22,1222,1348403,0.593,948.8175,764.2049,0.8661,0.0,0.3406,-0.3531,747,-0.2641,-0.1925,0.0749,0,0,0.1062,0.095,0.0997,0.1174,0.3373,-0.243,-0.4203
GBPCPCFC_01513,gnl|Prokka|GBPCPCFC_22,1222,1348403,0.593,948.8175,764.2049,0.8661,0.0,0.3406,-0.3531,723,-0.2955,-0.2252,0.0738,0,0,0.2368,0.0002,0.2938,0.0,0.3527,0.1955,-0.2833
GBPCPCFC_01514,gnl|Prokka|GBPCPCFC_22,1222,1348403,0.593,948.8175,764.2049,0.8661,0.0,0.3406,-0.3531,516,-0.5664,-0.5078,0.0727,0,0,-0.0166,0.7919,0.0603,0.3366,0.3605,0.4174,-0.2139
GBPCPCFC_01515,gnl|Prokka|GBPCPCFC_22,1222,1348403,0.593,948.8175,764.2049,0.8661,0.0,0.3406,-0.3531,1263,0.4111,0.5118,0.0719,0,0,0.2449,0.0001,0.2561,0.0,0.3998,1.5422,0.1375
GBPCPCFC_01516,gnl|Prokka|GBPCPCFC_22,1222,1348403,0.593,948.8175,764.2049,0.8661,0.0,0.3406,-0.3531,729,-0.2876,-0.2171,0.07,0,0,0.1457,0.0197,0.1656,0.0079,0.406,1.7192,0.1928
GBPCPCFC_01517,gnl|Prokka|GBPCPCFC_22,1222,1348403,0.593,948.8175,764.2049,0.8661,0.0,0.3406,-0.3531,720,-0.2994,-0.2293,0.0689,0,0,0.1605,0.0101,0.2041,0.001,0.3292,-0.4767,-0.4933
GBPCPCFC_01518,gnl|Prokka|GBPCPCFC_22,1222,1348403,0.593,948.8175,764.2049,0.8661,0.0,0.3406,-0.3531,633,-0.4133,-0.3481,0.0678,0,0,0.1832,0.0033,0.2686,0.0,0.3491,0.0936,-0.3151
GBPCPCFC_01519,gnl|Prokka|GBPCPCFC_22,1222,1348403,0.593,948.8175,764.2049,0.8661,0.0,0.3406,-0.3531,1173,0.2934,0.389,0.0663,0,0,0.1432,0.0219,0.1495,0.0167,0.3572,0.3242,-0.243
GBPCPCFC_01520,gnl|Prokka|GBPCPCFC_22,1222,1348403,0.593,948.8175,764.2049,0.8661,0.0,0.3406,-0.3531,2433,1.9421,2.1087,0.0645,0,0,0.3422,0.0,0.3556,0.0,0.3535,0.2176,-0.2763
GBPCPCFC_01521,gnl|Prokka|GBPCPCFC_22,1222,1348403,0.593,948.8175,764.2049,0.8661,0.0,0.3406,-0.3531,1344,0.5171,0.6224,0.0609,0,0,0.1171,0.0615,0.2411,0.0001,0.369,0.6625,-0.1373
GBPCPCFC_01522,gnl|Prokka|GBPCPCFC_22,1222,1348403,0.593,948.8175,764.2049,0.8661,0.0,0.3406,-0.3531,612,-0.4407,-0.3768,0.0587,0,0,0.1265,0.0497,0.1492,0.0205,0.3693,0.6692,-0.1353
GBPCPCFC_01523,gnl|Prokka|GBPCPCFC_22,1222,1348403,0.593,948.8175,764.2049,0.8661,0.0,0.3406,-0.3531,573,-0.4918,-0.43,0.0577,0,0,0.2315,0.0002,0.2716,0.0,0.3455,-0.0087,-0.3471
GBPCPCFC_01524,gnl|Prokka|GBPCPCFC_22,1222,1348403,0.593,948.8175,764.2049,0.8661,0.0,0.3406,-0.3531,1098,0.1952,0.2866,0.0563,0,0,0.2244,0.0003,0.2097,0.0007,0.3616,0.4488,-0.2041
GBPCPCFC_01525,gnl|Prokka|GBPCPCFC_22,1222,1348403,0.593,948.8175,764.2049,0.8661,0.0,0.3406,-0.3531,669,-0.3662,-0.299,0.0546,0,0,0.1812,0.0036,0.1775,0.0044,0.3707,0.7098,-0.1226
GBPCPCFC_01526,gnl|Prokka|GBPCPCFC_22,1222,1348403,0.593,948.8175,764.2049,0.8661,0.0,0.3406,-0.3531,768,-0.2366,-0.1638,0.0536,0,0,0.1335,0.0327,0.072,0.2508,0.4089,1.7997,0.2179
GBPCPCFC_01527,gnl|Prokka|GBPCPCFC_22,1222,1348403,0.593,948.8175,764.2049,0.8661,0.0,0.3406,-0.3531,456,-0.6449,-0.5897,0.0523,0,0,0.1776,0.0044,0.1669,0.0074,0.3553,0.2688,-0.2604
GBPCPCFC_01528,gnl|Prokka|GBPCPCFC_22,1222,1348403,0.593,948.8175,764.2049,0.8661,0.0,0.3406,-0.3531,222,-0.9511,-0.9091,0.0516,0,0,0.2514,0.0002,0.2617,0.0001,0.3559,0.2857,-0.2551
GBPCPCFC_01529,gnl|Prokka|GBPCPCFC_22,1222,1348403,0.593,948.8175,764.2049,0.8661,0.0,0.3406,-0.3531,1038,0.1167,0.2047,0.0506,0,0,0.2661,0.0,0.2619,0.0,0.3757,0.8532,-0.0778
GBPCPCFC_01530,gnl|Prokka|GBPCPCFC_22,1222,1348403,0.593,948.8175,764.2049,0.8661,0.0,0.3406,-0.3531,2418,1.9225,2.0883,0.0491,0,0,0.2918,0.0,0.3371,0.0,0.354,0.233,-0.2715
GBPCPCFC_01531,gnl|Prokka|GBPCPCFC_22,1222,1348403,0.593,948.8175,764.2049,0.8661,0.0,0.3406,-0.3531,1272,0.4229,0.5241,0.0449,0,0,0.1112,0.0757,0.1488,0.0172,0.3538,0.2262,-0.2737
GBPCPCFC_01532,gnl|Prokka|GBPCPCFC_22,1222,1348403,0.593,948.8175,764.2049,0.8661,0.0,0.3406,-0.3531,723,-0.2955,-0.2252,0.0427,0,0,0.1727,0.0063,0.2069,0.001,0.3665,0.5906,-0.1598
GBPCPCFC_01533,gnl|Prokka|GBPCPCFC_22,1222,1348403,0.593,948.8175,764.2049,0.8661,0.0,0.3406,-0.3531,435,-0.6724,-0.6183,0.0416,0,0,0.3269,0.0,0.3511,0.0,0.3494,0.102,-0.3125
GBPCPCFC_01534,gnl|Prokka|GBPCPCFC_22,1222,1348403,0.593,948.8175,764.2049,0.8661,0.0,0.3406,-0.3531,1095,0.1913,0.2825,0.041,0,0,0.1833,0.0032,0.1972,0.0015,0.3507,0.138,-0.3012
GBPCPCFC_01535,gnl|Prokka|GBPCPCFC_22,1222,1348403,0.593,948.8175,764.2049,0.8661,0.0,0.3406,-0.3531,261,-0.9,-0.8558,0.0393,0,0,0.2273,0.0009,0.2988,0.0,0.3295,-0.4671,-0.4903
GBPCPCFC_01536,gnl|Prokka|GBPCPCFC_22,1222,1348403,0.593,948.8175,764.2049,0.8661,0.0,0.3406,-0.3531,498,-0.5899,-0.5323,0.0389,0,0,0.1201,0.0667,0.1883,0.0038,0.3173,-0.8166,-0.5995
GBPCPCFC_01537,gnl|Prokka|GBPCPCFC_22,1222,1348403,0.593,948.8175,764.2049,0.8661,0.0,0.3406,-0.3531,738,-0.2759,-0.2048,0.0381,0,0,0.263,0.0,0.293,0.0,0.3374,-0.2416,-0.4198
GBPCPCFC_01538,gnl|Prokka|GBPCPCFC_22,1222,1348403,0.593,948.8175,764.2049,0.8661,0.0,0.3406,-0.3531,939,-0.0128,0.0696,0.037,0,0,0.1768,0.0046,0.237,0.0001,0.3206,-0.7228,-0.5702
GBPCPCFC_01539,gnl|Prokka|GBPCPCFC_22,1222,1348403,0.593,948.8175,764.2049,0.8661,0.0,0.3406,-0.3531,729,-0.2876,-0.2171,0.0355,0,0,0.091,0.1524,0.1789,0.0046,0.3045,-1.1806,-0.7132
GBPCPCFC_01540,gnl|Prokka|GBPCPCFC_22,1222,1348403,0.593,948.8175,764.2049,0.8661,0.0,0.3406,-0.3531,2058,1.4514,1.5969,0.0345,0,0,0.2705,0.0,0.3224,0.0,0.3571,0.3225,-0.2436
GBPCPCFC_01541,gnl|Prokka|GBPCPCFC_22,1222,1348403,0.593,948.8175,764.2049,0.8661,0.0,0.3406,-0.3531,819,-0.1699,-0.0942,0.0311,0,0,0.2481,0.0001,0.2779,0.0,0.3333,-0.3577,-0.4561
GBPCPCFC_01542,gnl|Prokka|GBPCPCFC_22,1222,1348403,0.593,948.8175,764.2049,0.8661,0.0,0.3406,-0.3531,1566,0.8076,0.9254,0.0298,0,0,0.1035,0.0984,0.0521,0.4062,0.3327,-0.3759,-0.4618
GBPCPCFC_01543,gnl|Prokka|GBPCPCFC_22,1222,1348403,0.593,948.8175,764.2049,0.8661,0.0,0.3406,-0.3531,1026,0.101,0.1883,0.0275,0,0,0.2059,0.0009,0.2407,0.0001,0.3908,1.285,0.0571
GBPCPCFC_01544,gnl|Prokka|GBPCPCFC_22,1222,1348403,0.593,948.8175,764.2049,0.8661,0.0,0.3406,-0.3531,600,-0.4564,-0.3931,0.0259,0,0,0.1296,0.0383,0.2018,0.0012,0.34,-0.1672,-0.3966
GBPCPCFC_01545,gnl|Prokka|GBPCPCFC_22,1222,1348403,0.593,948.8175,764.2049,0.8661,0.0,0.3406,-0.3531,1260,0.4072,0.5077,0.0248,0,0,0.3001,0.0,0.3826,0.0,0.2984,-1.3553,-0.7678
GBPCPCFC_01546,gnl|Prokka|GBPCPCFC_22,1222,1348403,0.593,948.8175,764.2049,0.8661,0.0,0.3406,-0.3531,1788,1.0981,1.2284,0.0229,0,0,0.314,0.0,0.3606,0.0,0.3473,0.0417,-0.3313
GBPCPCFC_01547,gnl|Prokka|GBPCPCFC_22,1222,1348403,0.593,948.8175,764.2049,0.8661,0.0,0.3406,-0.3531,1443,0.6467,0.7575,0.02,0,0,0.1203,0.0546,0.1152,0.0658,0.4096,1.8199,0.2243
GBPCPCFC_01548,gnl|Prokka|GBPCPCFC_22,1222,1348403,0.593,948.8175,764.2049,0.8661,0.0,0.3406,-0.3531,966,0.0225,0.1064,0.0178,0,0,0.0998,0.1111,0.1044,0.0957,0.3406,-0.1507,-0.3914
GBPCPCFC_01549,gnl|Prokka|GBPCPCFC_22,1222,1348403,0.593,948.8175,764.2049,0.8661,0.0,0.3406,-0.3531,633,-0.4133,-0.3481,0.0163,0,0,0.1576,0.0116,0.2105,0.0007,0.357,0.3192,-0.2446
GBPCPCFC_01550,gnl|Prokka|GBPCPCFC_22,1222,1348403,0.593,948.8175,764.2049,0.8661,0.0,0.3406,-0.3531,630,-0.4172,-0.3522,0.0152,0,0,0.2365,0.0001,0.238,0.0001,0.3492,0.0957,-0.3144
GBPCPCFC_01551,gnl|Prokka|GBPCPCFC_22,1222,1348403,0.593,948.8175,764.2049,0.8661,0.0,0.3406,-0.3531,129,-1.0728,-1.036,0.0139,0,0,-0.0145,0.8476,0.0512,0.4961,0.3876,1.1924,0.0282
GBPCPCFC_01552,gnl|Prokka|GBPCPCFC_22,1222,1348403,0.593,948.8175,764.2049,0.8661,0.0,0.3406,-0.3531,747,-0.2641,-0.1925,0.0138,0,0,0.1312,0.0359,0.1192,0.0569,0.3373,-0.243,-0.4203
GBPCPCFC_01553,gnl|Prokka|GBPCPCFC_22,1222,1348403,0.593,948.8175,764.2049,0.8661,0.0,0.3406,-0.3531,663,-0.374,-0.3071,0.0124,0,0,0.2404,0.0001,0.2889,0.0,0.3695,0.6764,-0.133
GBPCPCFC_01554,gnl|Prokka|GBPCPCFC_22,1222,1348403,0.593,948.8175,764.2049,0.8661,0.0,0.3406,-0.3531,432,-0.6763,-0.6224,0.0114,0,0,0.2249,0.0004,0.2566,0.0,0.3588,0.3697,-0.2288
GBPCPCFC_01555,gnl|Prokka|GBPCPCFC_22,1222,1348403,0.593,948.8175,764.2049,0.8661,0.0,0.3406,-0.3531,669,-0.3662,-0.299,0.0107,0,0,0.2024,0.0014,0.2496,0.0001,0.3602,0.4109,-0.216
GBPCPCFC_01556,gnl|Prokka|GBPCPCFC_22,1222,1348403,0.593,948.8175,764.2049,0.8661,0.0,0.3406,-0.3531,291,-0.8608,-0.8149,0.0097,0,0,0.0766,0.2296,0.0934,0.1423,0.3677,0.624,-0.1494
GBPCPCFC_01557,gnl|Prokka|GBPCPCFC_22,1222,1348403,0.593,948.8175,764.2049,0.8661,0.0,0.3406,-0.3531,222,-0.9511,-0.9091,0.0089,0,0,0.0006,0.9931,0.0344,0.6179,0.3423,-0.1003,-0.3757
GBPCPCFC_01558,gnl|Prokka|GBPCPCFC_22,1222,1348403,0.593,948.8175,764.2049,0.8661,0.0,0.3406,-0.3531,300,-0.849,-0.8026,0.0084,0,0,0.0666,0.2964,0.0504,0.4292,0.3467,0.0232,-0.3371
GBPCPCFC_01559,gnl|Prokka|GBPCPCFC_22,1222,1348403,0.593,948.8175,764.2049,0.8661,0.0,0.3406,-0.3531,207,-0.9707,-0.9295,0.0077,0,0,-0.0608,0.3922,-0.098,0.1676,0.372,0.7463,-0.1112
GBPCPCFC_01560,gnl|Prokka|GBPCPCFC_22,1222,1348403,0.593,948.8175,764.2049,0.8661,0.0,0.3406,-0.3531,747,-0.2641,-0.1925,0.0073,0,0,0.1944,0.0018,0.1955,0.0017,0.4378,2.6252,0.4759
GBPCPCFC_01561,gnl|Prokka|GBPCPCFC_22,1222,1348403,0.593,948.8175,764.2049,0.8661,0.0,0.3406,-0.3531,267,-0.8922,-0.8476,0.0061,0,0,0.058,0.3986,0.0215,0.755,0.3708,0.7122,-0.1218
GBPCPCFC_01562,gnl|Prokka|GBPCPCFC_22,1222,1348403,0.593,948.8175,764.2049,0.8661,0.0,0.3406,-0.3531,180,-1.006,-0.9664,0.0051,0,0,0.1509,0.0284,0.1379,0.0455,0.4111,1.8641,0.2381
GBPCPCFC_01563,gnl|Prokka|GBPCPCFC_22,1222,1348403,0.593,948.8175,764.2049,0.8661,0.0,0.3406,-0.3531,117,-1.0885,-1.0524,0.003,0,0,0.1979,0.0283,0.2179,0.0155,0.5214,5.0138,1.2221
GBPCPCFC_01564,gnl|Prokka|GBPCPCFC_22,1222,1348403,0.593,948.8175,764.2049,0.8661,0.0,0.3406,-0.3531,1080,0.1717,0.262,0.0042,0,0,0.1173,0.061,0.1909,0.0022,0.3472,0.0391,-0.3321
GBPCPCFC_01565,gnl|Prokka|GBPCPCFC_22,1222,1348403,0.593,948.8175,764.2049,0.8661,0.0,0.3406,-0.3531,1293,0.4504,0.5527,0.0067,0,0,0.1946,0.0018,0.2111,0.0007,0.3542,0.2388,-0.2697
GBPCPCFC_01566,gnl|Prokka|GBPCPCFC_22,1222,1348403,0.593,948.8175,764.2049,0.8661,0.0,0.3406,-0.3531,297,-0.8529,-0.8067,0.0075,0,0,-0.0313,0.6399,-0.0092,0.8903,0.3502,0.1232,-0.3058
GBPCPCFC_01567,gnl|Prokka|GBPCPCFC_22,1222,1348403,0.593,948.8175,764.2049,0.8661,0.0,0.3406,-0.3531,1305,0.4661,0.5691,0.0096,0,0,0.2794,0.0,0.3188,0.0,0.2897,-1.6054,-0.8459
GBPCPCFC_01568,gnl|Prokka|GBPCPCFC_22,1222,1348403,0.593,948.8175,764.2049,0.8661,0.0,0.3406,-0.3531,825,-0.162,-0.086,0.0107,0,0,0.1843,0.0031,0.1953,0.0017,0.343,-0.0807,-0.3695
GBPCPCFC_01569,gnl|Prokka|GBPCPCFC_22,1222,1348403,0.593,948.8175,764.2049,0.8661,0.0,0.3406,-0.3531,888,-0.0796,-0.0,0.0122,0,0,0.1842,0.0031,0.2338,0.0002,0.3446,-0.036,-0.3556
GBPCPCFC_01570,gnl|Prokka|GBPCPCFC_22,1222,1348403,0.593,948.8175,764.2049,0.8661,0.0,0.3406,-0.3531,909,-0.0521,0.0286,0.0135,0,0,0.2756,0.0,0.3209,0.0,0.3729,0.7737,-0.1026
GBPCPCFC_01571,gnl|Prokka|GBPCPCFC_22,1222,1348403,0.593,948.8175,764.2049,0.8661,0.0,0.3406,-0.3531,459,-0.641,-0.5856,0.0143,0,0,0.015,0.8169,0.0408,0.5297,0.3246,-0.6066,-0.5339
GBPCPCFC_01572,gnl|Prokka|GBPCPCFC_22,1222,1348403,0.593,948.8175,764.2049,0.8661,0.0,0.3406,-0.3531,741,-0.2719,-0.2007,0.0154,0,0,0.0667,0.2874,0.0931,0.1373,0.3536,0.2206,-0.2754
GBPCPCFC_01573,gnl|Prokka|GBPCPCFC_22,1222,1348403,0.593,948.8175,764.2049,0.8661,0.0,0.3406,-0.3531,474,-0.6213,-0.5651,0.0161,0,0,0.1005,0.1198,0.1834,0.0043,0.3101,-1.0206,-0.6632
GBPCPCFC_01574,gnl|Prokka|GBPCPCFC_22,1222,1348403,0.593,948.8175,764.2049,0.8661,0.0,0.3406,-0.3531,1092,0.1874,0.2784,0.0182,0,0,0.2514,0.0001,0.3011,0.0,0.3123,-0.9594,-0.6441
GBPCPCFC_01575,gnl|Prokka|GBPCPCFC_22,1222,1348403,0.593,948.8175,764.2049,0.8661,0.0,0.3406,-0.3531,2313,1.7851,1.9449,0.0217,0,0,0.3292,0.0,0.4184,0.0,0.3359,-0.2836,-0.4329
GBPCPCFC_01576,gnl|Prokka|GBPCPCFC_22,1222,1348403,0.593,948.8175,764.2049,0.8661,0.0,0.3406,-0.3531,723,-0.2955,-0.2252,0.0232,0,0,0.0648,0.3018,0.0915,0.1443,0.3458,-0.0021,-0.345
GBPCPCFC_01577,gnl|Prokka|GBPCPCFC_22,1222,1348403,0.593,948.8175,764.2049,0.8661,0.0,0.3406,-0.3531,1452,0.6584,0.7698,0.0257,0,0,0.1479,0.0179,0.1758,0.0048,0.3822,1.0392,-0.0197
GBPCPCFC_01578,gnl|Prokka|GBPCPCFC_22,1222,1348403,0.593,948.8175,764.2049,0.8661,0.0,0.3406,-0.3531,1170,0.2894,0.3849,0.0282,0,0,0.0907,0.1477,0.1093,0.081,0.3598,0.3992,-0.2196
GBPCPCFC_01579,gnl|Prokka|GBPCPCFC_22,1222,1348403,0.593,948.8175,764.2049,0.8661,0.0,0.3406,-0.3531,621,-0.429,-0.3645,0.0299,0,0,0.2207,0.0004,0.2315,0.0002,0.3172,-0.8177,-0.5998
GBPCPCFC_01580,gnl|Prokka|GBPCPCFC_22,1222,1348403,0.593,948.8175,764.2049,0.8661,0.0,0.3406,-0.3531,393,-0.7273,-0.6757,0.0308,0,0,0.3044,0.0,0.395,0.0,0.3104,-1.0119,-0.6605
GBPCPCFC_01581,gnl|Prokka|GBPCPCFC_22,1222,1348403,0.593,948.8175,764.2049,0.8661,0.0,0.3406,-0.3531,1794,1.106,1.2366,0.0341,0,0,0.249,0.0001,0.259,0.0,0.3378,-0.2303,-0.4163
GBPCPCFC_01582,gnl|Prokka|GBPCPCFC_22,1222,1348403,0.593,948.8175,764.2049,0.8661,0.0,0.3406,-0.3531,1512,0.737,0.8517,0.037,0,0,0.2687,0.0,0.3143,0.0,0.4101,1.8339,0.2286
GBPCPCFC_01583,gnl|Prokka|GBPCPCFC_22,1222,1348403,0.593,948.8175,764.2049,0.8661,0.0,0.3406,-0.3531,1344,0.5171,0.6224,0.0393,0,0,0.3028,0.0,0.3817,0.0,0.3557,0.28,-0.2569
GBPCPCFC_01584,gnl|Prokka|GBPCPCFC_22,1222,1348403,0.593,948.8175,764.2049,0.8661,0.0,0.3406,-0.3531,561,-0.5075,-0.4464,0.0402,0,0,0.3044,0.0,0.3168,0.0,0.3619,0.457,-0.2015
GBPCPCFC_01585,gnl|Prokka|GBPCPCFC_22,1222,1348403,0.593,948.8175,764.2049,0.8661,0.0,0.3406,-0.3531,138,-1.061,-1.0237,0.0406,0,0,0.2231,0.0161,0.3204,0.0005,0.1812,-4.7048,-1.8143
GBPCPCFC_01586,gnl|Prokka|GBPCPCFC_22,1222,1348403,0.593,948.8175,764.2049,0.8661,0.0,0.3406,-0.3531,351,-0.7823,-0.733,0.0413,0,0,0.2344,0.0003,0.2687,0.0,0.3134,-0.9274,-0.6341
GBPCPCFC_01587,gnl|Prokka|GBPCPCFC_22,1222,1348403,0.593,948.8175,764.2049,0.8661,0.0,0.3406,-0.3531,1014,0.0853,0.1719,0.0429,0,0,0.1712,0.006,0.1658,0.0079,0.356,0.2903,-0.2537
GBPCPCFC_01588,gnl|Prokka|GBPCPCFC_22,1222,1348403,0.593,948.8175,764.2049,0.8661,0.0,0.3406,-0.3531,963,0.0186,0.1023,0.0443,0,0,0.1865,0.0027,0.2373,0.0001,0.3063,-1.129,-0.6971
GBPCPCFC_01589,gnl|Prokka|GBPCPCFC_22,1222,1348403,0.593,948.8175,764.2049,0.8661,0.0,0.3406,-0.3531,1764,1.0667,1.1956,0.0471,0,0,0.3697,0.0,0.4122,0.0,0.3798,0.9702,-0.0412
GBPCPCFC_01590,gnl|Prokka|GBPCPCFC_22,1222,1348403,0.593,948.8175,764.2049,0.8661,0.0,0.3406,-0.3531,1524,0.7527,0.868,0.0494,0,0,0.268,0.0,0.3256,0.0,0.3524,0.1859,-0.2863
GBPCPCFC_01591,gnl|Prokka|GBPCPCFC_22,1222,1348403,0.593,948.8175,764.2049,0.8661,0.0,0.3406,-0.3531,993,0.0578,0.1433,0.051,0,0,0.2518,0.0,0.2546,0.0,0.3515,0.1601,-0.2943
GBPCPCFC_01592,gnl|Prokka|GBPCPCFC_22,1222,1348403,0.593,948.8175,764.2049,0.8661,0.0,0.3406,-0.3531,1845,1.1727,1.3062,0.0537,0,0,0.3497,0.0,0.4012,0.0,0.355,0.2616,-0.2626
GBPCPCFC_01593,gnl|Prokka|GBPCPCFC_22,1222,1348403,0.593,948.8175,764.2049,0.8661,0.0,0.3406,-0.3531,90,-1.1238,-1.0892,0.0539,0,0,-0.1164,0.1135,-0.1058,0.1506,0.5556,5.9904,1.5273
GBPCPCFC_01594,gnl|Prokka|GBPCPCFC_22,1222,1348403,0.593,948.8175,764.2049,0.8661,0.0,0.3406,-0.3531,1674,0.9489,1.0728,0.0567,0,0,0.2699,0.0,0.3137,0.0,0.4158,1.9973,0.2797
GBPCPCFC_01595,gnl|Prokka|GBPCPCFC_22,1222,1348403,0.593,948.8175,764.2049,0.8661,0.0,0.3406,-0.3531,3471,3.3004,3.5255,0.0618,0,0,0.3536,0.0,0.3987,0.0,0.3267,-0.547,-0.5152
GBPCPCFC_01596,gnl|Prokka|GBPCPCFC_22,1222,1348403,0.593,948.8175,764.2049,0.8661,0.0,0.3406,-0.3531,516,-0.5664,-0.5078,0.063,0,0,0.0585,0.3511,0.1207,0.0538,0.3643,0.5281,-0.1793
GBPCPCFC_01597,gnl|Prokka|GBPCPCFC_22,1222,1348403,0.593,948.8175,764.2049,0.8661,0.0,0.3406,-0.3531,3276,3.0452,3.2593,0.0679,0,0,0.2113,0.0007,0.2821,0.0,0.3513,0.1568,-0.2954
GBPCPCFC_01598,gnl|Prokka|GBPCPCFC_22,1222,1348403,0.593,948.8175,764.2049,0.8661,0.0,0.3406,-0.3531,633,-0.4133,-0.3481,0.0689,0,0,0.1743,0.0059,0.2237,0.0004,0.3112,-0.9895,-0.6535
GBPCPCFC_01599,gnl|Prokka|GBPCPCFC_22,1222,1348403,0.593,948.8175,764.2049,0.8661,0.0,0.3406,-0.3531,201,-0.9786,-0.9377,0.0696,0,0,0.1974,0.0028,0.1592,0.0161,0.3881,1.2056,0.0323
GBPCPCFC_01600,gnl|Prokka|GBPCPCFC_22,1222,1348403,0.593,948.8175,764.2049,0.8661,0.0,0.3406,-0.3531,1845,1.1727,1.3062,0.0732,0,0,0.3474,0.0,0.3496,0.0,0.3837,1.0822,-0.0062
GBPCPCFC_01601,gnl|Prokka|GBPCPCFC_22,1222,1348403,0.593,948.8175,764.2049,0.8661,0.0,0.3406,-0.3531,315,-0.8294,-0.7821,0.0743,0,0,0.144,0.0327,0.1604,0.0173,0.3111,-0.9925,-0.6544
GBPCPCFC_01602,gnl|Prokka|GBPCPCFC_22,1222,1348403,0.593,948.8175,764.2049,0.8661,0.0,0.3406,-0.3531,1164,0.2816,0.3767,0.0761,0,0,0.2582,0.0,0.3055,0.0,0.3454,-0.0141,-0.3487
GBPCPCFC_01603,gnl|Prokka|GBPCPCFC_22,1222,1348403,0.593,948.8175,764.2049,0.8661,0.0,0.3406,-0.3531,882,-0.0874,-0.0082,0.0774,0,0,0.202,0.0012,0.2411,0.0001,0.4025,1.618,0.1612
GBPCPCFC_01604,gnl|Prokka|GBPCPCFC_22,1222,1348403,0.593,948.8175,764.2049,0.8661,0.0,0.3406,-0.3531,1161,0.2777,0.3726,0.0793,0,0,0.257,0.0,0.2817,0.0,0.3902,1.2662,0.0513
GBPCPCFC_01605,gnl|Prokka|GBPCPCFC_22,1222,1348403,0.593,948.8175,764.2049,0.8661,0.0,0.3406,-0.3531,1887,1.2277,1.3635,0.0824,0,0,0.241,0.0001,0.2406,0.0001,0.3487,0.0813,-0.3189
GBPCPCFC_01606,gnl|Prokka|GBPCPCFC_22,1222,1348403,0.593,948.8175,764.2049,0.8661,0.0,0.3406,-0.3531,1758,1.0589,1.1874,0.0852,0,0,0.2533,0.0,0.2347,0.0002,0.3606,0.4223,-0.2124
GBPCPCFC_01607,gnl|Prokka|GBPCPCFC_22,1222,1348403,0.593,948.8175,764.2049,0.8661,0.0,0.3406,-0.3531,480,-0.6135,-0.5569,0.0862,0,0,0.1329,0.0489,0.2353,0.0004,0.2896,-1.6075,-0.8466
GBPCPCFC_01608,gnl|Prokka|GBPCPCFC_22,1222,1348403,0.593,948.8175,764.2049,0.8661,0.0,0.3406,-0.3531,726,-0.2916,-0.2212,0.0873,0,0,0.1539,0.0137,0.1739,0.0053,0.3691,0.6654,-0.1365
GBPCPCFC_01609,gnl|Prokka|GBPCPCFC_22,1222,1348403,0.593,948.8175,764.2049,0.8661,0.0,0.3406,-0.3531,1674,0.9489,1.0728,0.0899,0,0,0.2109,0.0007,0.2628,0.0,0.3519,0.1713,-0.2908
GBPCPCFC_01610,gnl|Prokka|GBPCPCFC_22,1222,1348403,0.593,948.8175,764.2049,0.8661,0.0,0.3406,-0.3531,312,-0.8333,-0.7862,0.0904,0,0,0.0669,0.308,0.1099,0.0934,0.3846,1.1073,0.0016
GBPCPCFC_01611,gnl|Prokka|GBPCPCFC_22,1222,1348403,0.593,948.8175,764.2049,0.8661,0.0,0.3406,-0.3531,1026,0.101,0.1883,0.0924,0,0,0.0533,0.403,0.1267,0.0462,0.2924,-1.5271,-0.8215
GBPCPCFC_01612,gnl|Prokka|GBPCPCFC_22,1222,1348403,0.593,948.8175,764.2049,0.8661,0.0,0.3406,-0.3531,681,-0.3505,-0.2826,0.0934,0,0,0.2752,0.0,0.234,0.0002,0.3304,-0.4416,-0.4823
GBPCPCFC_01613,gnl|Prokka|GBPCPCFC_22,1222,1348403,0.593,948.8175,764.2049,0.8661,0.0,0.3406,-0.3531,1527,0.7566,0.8721,0.0958,0,0,0.2105,0.0007,0.3466,0.0,0.3346,-0.3203,-0.4444
GBPCPCFC_01614,gnl|Prokka|GBPCPCFC_22,1222,1348403,0.593,948.8175,764.2049,0.8661,0.0,0.3406,-0.3531,1617,0.8743,0.995,0.0981,0,0,0.28,0.0,0.374,0.0,0.3414,-0.128,-0.3843
GBPCPCFC_01615,gnl|Prokka|GBPCPCFC_22,1222,1348403,0.593,948.8175,764.2049,0.8661,0.0,0.3406,-0.3531,912,-0.0482,0.0327,0.0996,0,0,0.2476,0.0001,0.2371,0.0001,0.3026,-1.2347,-0.7301
GBPCPCFC_01616,gnl|Prokka|GBPCPCFC_22,1222,1348403,0.593,948.8175,764.2049,0.8661,0.0,0.3406,-0.3531,129,-1.0728,-1.036,0.0999,0,0,-0.121,0.1827,-0.1034,0.2551,0.3488,0.0852,-0.3177
GBPCPCFC_01617,gnl|Prokka|GBPCPCFC_22,1222,1348403,0.593,948.8175,764.2049,0.8661,0.0,0.3406,-0.3531,1245,0.3876,0.4872,0.1017,0,0,0.2553,0.0,0.3283,0.0,0.3502,0.1242,-0.3056
GBPCPCFC_01618,gnl|Prokka|GBPCPCFC_22,1222,1348403,0.593,948.8175,764.2049,0.8661,0.0,0.3406,-0.3531,1929,1.2826,1.4208,0.1047,0,0,0.3415,0.0,0.3551,0.0,0.3567,0.3087,-0.2479
GBPCPCFC_01619,gnl|Prokka|GBPCPCFC_22,1222,1348403,0.593,948.8175,764.2049,0.8661,0.0,0.3406,-0.3531,465,-0.6331,-0.5774,0.1063,0,0,0.112,0.0784,0.1842,0.0036,0.3161,-0.8492,-0.6096
GBPCPCFC_01620,gnl|Prokka|GBPCPCFC_22,1222,1348403,0.593,948.8175,764.2049,0.8661,0.0,0.3406,-0.3531,2271,1.7301,1.8876,0.1099,0,0,0.1699,0.0064,0.2465,0.0001,0.2871,-1.6785,-0.8688
GBPCPCFC_01621,gnl|Prokka|GBPCPCFC_22,1222,1348403,0.593,948.8175,764.2049,0.8661,0.0,0.3406,-0.3531,162,-1.0296,-0.991,0.1103,0,0,-0.0238,0.7422,-0.0645,0.3726,0.321,-0.7104,-0.5663
GBPCPCFC_01622,gnl|Prokka|GBPCPCFC_22,1222,1348403,0.593,948.8175,764.2049,0.8661,0.0,0.3406,-0.3531,762,-0.2445,-0.172,0.1119,0,0,0.1584,0.0111,0.269,0.0,0.3714,0.7295,-0.1164
GBPCPCFC_01623,gnl|Prokka|GBPCPCFC_22,1222,1348403,0.593,948.8175,764.2049,0.8661,0.0,0.3406,-0.3531,1371,0.5524,0.6592,0.1141,0,0,0.2288,0.0002,0.2273,0.0002,0.3421,-0.1077,-0.378
GBPCPCFC_01624,gnl|Prokka|GBPCPCFC_22,1222,1348403,0.593,948.8175,764.2049,0.8661,0.0,0.3406,-0.3531,83,-1.133,-1.0988,0.1143,0,0,0.2123,0.0082,0.0557,0.4924,0.5783,6.6405,1.7304
GBPCPCFC_01625,gnl|Prokka|GBPCPCFC_22,1222,1348403,0.593,948.8175,764.2049,0.8661,0.0,0.3406,-0.3531,462,-0.637,-0.5815,0.1158,0,0,0.1562,0.0138,0.1706,0.0071,0.355,0.2606,-0.2629
GBPCPCFC_01626,gnl|Prokka|GBPCPCFC_22,1222,1348403,0.593,948.8175,764.2049,0.8661,0.0,0.3406,-0.3531,306,-0.8412,-0.7944,0.1167,0,0,0.0604,0.3668,0.0812,0.2249,0.3203,-0.7311,-0.5728
GBPCPCFC_01627,gnl|Prokka|GBPCPCFC_22,1222,1348403,0.593,948.8175,764.2049,0.8661,0.0,0.3406,-0.3531,459,-0.641,-0.5856,0.1174,0,0,0.2262,0.0003,0.2146,0.0005,0.3355,-0.2955,-0.4367
GBPCPCFC_01628,gnl|Prokka|GBPCPCFC_22,1222,1348403,0.593,948.8175,764.2049,0.8661,0.0,0.3406,-0.3531,876,-0.0953,-0.0164,0.1189,0,0,0.3296,0.0,0.4403,0.0,0.3025,-1.2382,-0.7312
GBPCPCFC_01629,gnl|Prokka|GBPCPCFC_22,1222,1348403,0.593,948.8175,764.2049,0.8661,0.0,0.3406,-0.3531,2427,1.9343,2.1005,0.1229,0,0,0.314,0.0,0.442,0.0,0.3618,0.4545,-0.2024
GBPCPCFC_01630,gnl|Prokka|GBPCPCFC_22,1222,1348403,0.593,948.8175,764.2049,0.8661,0.0,0.3406,-0.3531,1293,0.4504,0.5527,0.1249,0,0,0.1825,0.0034,0.2033,0.0011,0.3534,0.2167,-0.2766
GBPCPCFC_01631,gnl|Prokka|GBPCPCFC_22,1222,1348403,0.593,948.8175,764.2049,0.8661,0.0,0.3406,-0.3531,525,-0.5546,-0.4955,0.1261,0,0,0.1213,0.0526,0.2083,0.0008,0.4705,3.56,0.7679
GBPCPCFC_01632,gnl|Prokka|GBPCPCFC_22,1222,1348403,0.593,948.8175,764.2049,0.8661,0.0,0.3406,-0.3531,228,-0.9432,-0.9009,0.1268,0,0,0.0404,0.5526,0.0324,0.6342,0.3596,0.3941,-0.2212
GBPCPCFC_01633,gnl|Prokka|GBPCPCFC_22,1222,1348403,0.593,948.8175,764.2049,0.8661,0.0,0.3406,-0.3531,1017,0.0892,0.176,0.1284,0,0,0.1709,0.0061,0.2081,0.0008,0.3412,-0.133,-0.3859
GBPCPCFC_01634,gnl|Prokka|GBPCPCFC_22,1222,1348403,0.593,948.8175,764.2049,0.8661,0.0,0.3406,-0.3531,456,-0.6449,-0.5897,0.1292,0,0,0.1503,0.0195,0.149,0.0207,0.3487,0.0808,-0.3191
GBPCPCFC_01635,gnl|Prokka|GBPCPCFC_22,1222,1348403,0.593,948.8175,764.2049,0.8661,0.0,0.3406,-0.3531,666,-0.3701,-0.303,0.1304,0,0,0.143,0.0243,0.2898,0.0,0.3273,-0.5293,-0.5097
GBPCPCFC_01636,gnl|Prokka|GBPCPCFC_22,1222,1348403,0.593,948.8175,764.2049,0.8661,0.0,0.3406,-0.3531,450,-0.6527,-0.5979,0.1312,0,0,0.18,0.0058,0.0966,0.1407,0.3644,0.531,-0.1784
GBPCPCFC_01637,gnl|Prokka|GBPCPCFC_22,1222,1348403,0.593,948.8175,764.2049,0.8661,0.0,0.3406,-0.3531,522,-0.5585,-0.4996,0.1327,0,0,0.0625,0.319,0.0835,0.1829,0.3946,1.3935,0.091
GBPCPCFC_01638,gnl|Prokka|GBPCPCFC_22,1222,1348403,0.593,948.8175,764.2049,0.8661,0.0,0.3406,-0.3531,1053,0.1363,0.2252,0.1346,0,0,0.2298,0.0002,0.2802,0.0,0.3419,-0.1135,-0.3798
GBPCPCFC_01639,gnl|Prokka|GBPCPCFC_22,1222,1348403,0.593,948.8175,764.2049,0.8661,0.0,0.3406,-0.3531,1071,0.1599,0.2497,0.1364,0,0,0.0622,0.3218,0.1169,0.0618,0.3175,-0.8111,-0.5978
GBPCPCFC_01640,gnl|Prokka|GBPCPCFC_22,1222,1348403,0.593,948.8175,764.2049,0.8661,0.0,0.3406,-0.3531,2730,2.3308,2.5141,0.1407,0,0,0.3028,0.0,0.4269,0.0,0.3806,0.9922,-0.0344
GBPCPCFC_01641,gnl|Prokka|GBPCPCFC_22,1222,1348403,0.593,948.8175,764.2049,0.8661,0.0,0.3406,-0.3531,270,-0.8883,-0.8435,0.1416,0,0,-0.0296,0.6578,0.0343,0.6075,0.3185,-0.7809,-0.5883
GBPCPCFC_01642,gnl|Prokka|GBPCPCFC_22,1222,1348403,0.593,948.8175,764.2049,0.8661,0.0,0.3406,-0.3531,405,-0.7116,-0.6593,0.1424,0,0,0.248,0.0002,0.2358,0.0003,0.3605,0.4182,-0.2137
GBPCPCFC_01643,gnl|Prokka|GBPCPCFC_22,1222,1348403,0.593,948.8175,764.2049,0.8661,0.0,0.3406,-0.3531,204,-0.9746,-0.9336,0.143,0,0,0.0067,0.9213,-0.0057,0.9331,0.3578,0.3425,-0.2373
GBPCPCFC_01644,gnl|Prokka|GBPCPCFC_22,1222,1348403,0.593,948.8175,764.2049,0.8661,0.0,0.3406,-0.3531,372,-0.7548,-0.7043,0.1436,0,0,0.108,0.0897,0.0352,0.5807,0.371,0.7174,-0.1202
GBPCPCFC_01645,gnl|Prokka|GBPCPCFC_22,1222,1348403,0.593,948.8175,764.2049,0.8661,0.0,0.3406,-0.3531,765,-0.2405,-0.1679,0.145,0,0,0.0994,0.1125,0.1149,0.0664,0.3451,-0.0216,-0.3511
GBPCPCFC_01646,gnl|Prokka|GBPCPCFC_22,1222,1348403,0.593,948.8175,764.2049,0.8661,0.0,0.3406,-0.3531,738,-0.2759,-0.2048,0.1461,0,0,0.192,0.0024,0.2523,0.0001,0.3252,-0.5899,-0.5287
GBPCPCFC_01647,gnl|Prokka|GBPCPCFC_22,1222,1348403,0.593,948.8175,764.2049,0.8661,0.0,0.3406,-0.3531,321,-0.8215,-0.7739,0.1466,0,0,0.0669,0.286,0.1014,0.1054,0.3364,-0.2687,-0.4283
GBPCPCFC_01648,gnl|Prokka|GBPCPCFC_22,1222,1348403,0.593,948.8175,764.2049,0.8661,0.0,0.3406,-0.3531,1842,1.1688,1.3021,0.1495,0,0,0.2944,0.0,0.3183,0.0,0.3654,0.5573,-0.1702
GBPCPCFC_01649,gnl|Prokka|GBPCPCFC_22,1222,1348403,0.593,948.8175,764.2049,0.8661,0.0,0.3406,-0.3531,822,-0.1659,-0.0901,0.1508,0,0,0.1876,0.0026,0.2864,0.0,0.3577,0.3374,-0.2389
GBPCPCFC_01650,gnl|Prokka|GBPCPCFC_22,1222,1348403,0.593,948.8175,764.2049,0.8661,0.0,0.3406,-0.3531,915,-0.0443,0.0368,0.1522,0,0,0.0793,0.2058,0.064,0.3079,0.3169,-0.826,-0.6024
GBPCPCFC_01651,gnl|Prokka|GBPCPCFC_22,1222,1348403,0.593,948.8175,764.2049,0.8661,0.0,0.3406,-0.3531,2127,1.5417,1.6911,0.1553,0,0,0.1712,0.006,0.2725,0.0,0.3042,-1.1904,-0.7163
GBPCPCFC_01652,gnl|Prokka|GBPCPCFC_22,1222,1348403,0.593,948.8175,764.2049,0.8661,0.0,0.3406,-0.3531,525,-0.5546,-0.4955,0.1563,0,0,0.1958,0.0027,0.1438,0.0282,0.2857,-1.718,-0.8811
GBPCPCFC_01653,gnl|Prokka|GBPCPCFC_22,1222,1348403,0.593,948.8175,764.2049,0.8661,0.0,0.3406,-0.3531,2340,1.8204,1.9818,0.16,0,0,0.3343,0.0,0.4011,0.0,0.3329,-0.3699,-0.4599
GBPCPCFC_01654,gnl|Prokka|GBPCPCFC_22,1222,1348403,0.593,948.8175,764.2049,0.8661,0.0,0.3406,-0.3531,357,-0.7744,-0.7248,0.1607,0,0,-0.0092,0.8867,0.0264,0.6838,0.3109,-0.9978,-0.6561
GBPCPCFC_01655,gnl|Prokka|GBPCPCFC_22,1222,1348403,0.593,948.8175,764.2049,0.8661,0.0,0.3406,-0.3531,1191,0.3169,0.4135,0.1629,0,0,0.1953,0.0017,0.2726,0.0,0.3392,-0.1898,-0.4036
GBPCPCFC_01656,gnl|Prokka|GBPCPCFC_22,1222,1348403,0.593,948.8175,764.2049,0.8661,0.0,0.3406,-0.3531,246,-0.9197,-0.8763,0.1633,0,0,0.1302,0.0627,0.1584,0.0233,0.3089,-1.0544,-0.6738
GBPCPCFC_01657,gnl|Prokka|GBPCPCFC_22,1222,1348403,0.593,948.8175,764.2049,0.8661,0.0,0.3406,-0.3531,258,-0.904,-0.8599,0.1645,0,0,-0.007,0.9155,-0.0311,0.6379,0.3721,0.7495,-0.1102
GBPCPCFC_01658,gnl|Prokka|GBPCPCFC_22,1222,1348403,0.593,948.8175,764.2049,0.8661,0.0,0.3406,-0.3531,1260,0.4072,0.5077,0.1665,0,0,0.3392,0.0,0.3638,0.0,0.4183,2.0682,0.3018
GBPCPCFC_01659,gnl|Prokka|GBPCPCFC_22,1222,1348403,0.593,948.8175,764.2049,0.8661,0.0,0.3406,-0.3531,2292,1.7576,1.9163,0.171,0,0,-0.0441,0.4827,-0.0458,0.4656,0.3394,-0.1832,-0.4016
GBPCPCFC_01660,gnl|Prokka|GBPCPCFC_22,1222,1348403,0.593,948.8175,764.2049,0.8661,0.0,0.3406,-0.3531,1233,0.3719,0.4709,0.1732,0,0,0.1547,0.0132,0.2294,0.0002,0.339,-0.1955,-0.4054
GBPCPCFC_01661,gnl|Prokka|GBPCPCFC_22,1222,1348403,0.593,948.8175,764.2049,0.8661,0.0,0.3406,-0.3531,1854,1.1845,1.3185,0.176,0,0,0.4638,0.0,0.5271,0.0,0.3236,-0.635,-0.5427
GBPCPCFC_01662,gnl|Prokka|GBPCPCFC_22,1222,1348403,0.593,948.8175,764.2049,0.8661,0.0,0.3406,-0.3531,888,-0.0796,-0.0,0.1773,0,0,0.1503,0.0161,0.1933,0.0019,0.3604,0.4144,-0.2149
GBPCPCFC_01663,gnl|Prokka|GBPCPCFC_22,1222,1348403,0.593,948.8175,764.2049,0.8661,0.0,0.3406,-0.3531,1116,0.2188,0.3112,0.1792,0,0,0.1348,0.031,0.2312,0.0002,0.3253,-0.5881,-0.5281
GBPCPCFC_01664,gnl|Prokka|GBPCPCFC_22,1222,1348403,0.593,948.8175,764.2049,0.8661,0.0,0.3406,-0.3531,306,-0.8412,-0.7944,0.1799,0,0,0.094,0.1583,0.1129,0.0898,0.366,0.5759,-0.1644
GBPCPCFC_01665,gnl|Prokka|GBPCPCFC_22,1222,1348403,0.593,948.8175,764.2049,0.8661,0.0,0.3406,-0.3531,567,-0.4996,-0.4382,0.181,0,0,0.1337,0.0325,0.1458,0.0196,0.3333,-0.3577,-0.4561
GBPCPCFC_01666,gnl|Prokka|GBPCPCFC_22,1222,1348403,0.593,948.8175,764.2049,0.8661,0.0,0.3406,-0.3531,1230,0.3679,0.4668,0.1829,0,0,0.2311,0.0002,0.2613,0.0,0.335,-0.3112,-0.4416
GBPCPCFC_01667,gnl|Prokka|GBPCPCFC_22,1222,1348403,0.593,948.8175,764.2049,0.8661,0.0,0.3406,-0.3531,1761,1.0628,1.1915,0.1864,0,0,0.2895,0.0,0.4188,0.0,0.3685,0.6481,-0.1419
GBPCPCFC_01668,gnl|Prokka|GBPCPCFC_22,1222,1348403,0.593,948.8175,764.2049,0.8661,0.0,0.3406,-0.3531,429,-0.6802,-0.6265,0.1871,0,0,0.0054,0.9365,0.0597,0.3807,0.2844,-1.7561,-0.893
GBPCPCFC_01669,gnl|Prokka|GBPCPCFC_22,1222,1348403,0.593,948.8175,764.2049,0.8661,0.0,0.3406,-0.3531,381,-0.743,-0.692,0.1878,0,0,-0.0085,0.8993,-0.0246,0.7132,0.4121,1.8916,0.2467
GBPCPCFC_01670,gnl|Prokka|GBPCPCFC_22,1222,1348403,0.593,948.8175,764.2049,0.8661,0.0,0.3406,-0.3531,1614,0.8704,0.9909,0.1908,0,0,0.3556,0.0,0.324,0.0,0.3321,-0.3931,-0.4672
GBPCPCFC_01671,gnl|Prokka|GBPCPCFC_22,1222,1348403,0.593,948.8175,764.2049,0.8661,0.0,0.3406,-0.3531,327,-0.8137,-0.7657,0.1914,0,0,0.1124,0.0912,0.0791,0.2351,0.3823,1.0401,-0.0194
GBPCPCFC_01672,gnl|Prokka|GBPCPCFC_22,1222,1348403,0.593,948.8175,764.2049,0.8661,0.0,0.3406,-0.3531,348,-0.7862,-0.7371,0.1919,0,0,0.1714,0.0068,0.12,0.0592,0.342,-0.1114,-0.3792
GBPCPCFC_01673,gnl|Prokka|GBPCPCFC_22,1222,1348403,0.593,948.8175,764.2049,0.8661,0.0,0.3406,-0.3531,2511,2.0442,2.2152,0.1956,0,0,0.3395,0.0,0.4567,0.0,0.3998,1.5422,0.1375
GBPCPCFC_01674,gnl|Prokka|GBPCPCFC_22,1222,1348403,0.593,948.8175,764.2049,0.8661,0.0,0.3406,-0.3531,249,-0.9157,-0.8722,0.196,0,0,0.0281,0.6984,0.0628,0.3869,0.3173,-0.8166,-0.5995
GBPCPCFC_01675,gnl|Prokka|GBPCPCFC_22,1222,1348403,0.593,948.8175,764.2049,0.8661,0.0,0.3406,-0.3531,1488,0.7055,0.8189,0.1982,0,0,0.2981,0.0,0.356,0.0,0.3797,0.967,-0.0422
GBPCPCFC_01676,gnl|Prokka|GBPCPCFC_22,1222,1348403,0.593,948.8175,764.2049,0.8661,0.0,0.3406,-0.3531,375,-0.7509,-0.7002,0.1988,0,0,0.1382,0.0374,0.2249,0.0006,0.3573,0.3279,-0.2419
GBPCPCFC_01677,gnl|Prokka|GBPCPCFC_22,1222,1348403,0.593,948.8175,764.2049,0.8661,0.0,0.3406,-0.3531,435,-0.6724,-0.6183,0.1994,0,0,0.0307,0.6401,0.0879,0.1795,0.3425,-0.095,-0.374
GBPCPCFC_01678,gnl|Prokka|GBPCPCFC_22,1222,1348403,0.593,948.8175,764.2049,0.8661,0.0,0.3406,-0.3531,495,-0.5938,-0.5364,0.2001,0,0,0.3155,0.0,0.348,0.0,0.3657,0.5657,-0.1676
GBPCPCFC_01679,gnl|Prokka|GBPCPCFC_22,1222,1348403,0.593,948.8175,764.2049,0.8661,0.0,0.3406,-0.3531,1293,0.4504,0.5527,0.2022,0,0,0.1825,0.0034,0.2033,0.0011,0.3534,0.2167,-0.2766
GBPCPCFC_01680,gnl|Prokka|GBPCPCFC_22,1222,1348403,0.593,948.8175,764.2049,0.8661,0.0,0.3406,-0.3531,312,-0.8333,-0.7862,0.2028,0,0,-0.008,0.8998,0.0443,0.4876,0.3782,0.9241,-0.0556
GBPCPCFC_01681,gnl|Prokka|GBPCPCFC_22,1222,1348403,0.593,948.8175,764.2049,0.8661,0.0,0.3406,-0.3531,735,-0.2798,-0.2089,0.2041,0,0,0.1471,0.0244,0.209,0.0013,0.3565,0.303,-0.2497
GBPCPCFC_01682,gnl|Prokka|GBPCPCFC_22,1222,1348403,0.593,948.8175,764.2049,0.8661,0.0,0.3406,-0.3531,267,-0.8922,-0.8476,0.2052,0,0,0.0703,0.2917,0.0854,0.1998,0.3596,0.3912,-0.2221
GBPCPCFC_01683,gnl|Prokka|GBPCPCFC_22,1222,1348403,0.593,948.8175,764.2049,0.8661,0.0,0.3406,-0.3531,195,-0.9864,-0.9459,0.2059,0,0,0.0334,0.634,0.035,0.6182,0.359,0.3748,-0.2272
GBPCPCFC_01684,gnl|Prokka|GBPCPCFC_22,1222,1348403,0.593,948.8175,764.2049,0.8661,0.0,0.3406,-0.3531,438,-0.6684,-0.6142,0.207,0,0,0.0803,0.2193,0.0948,0.1466,0.3082,-1.0751,-0.6802
GBPCPCFC_01685,gnl|Prokka|GBPCPCFC_22,1222,1348403,0.593,948.8175,764.2049,0.8661,0.0,0.3406,-0.3531,366,-0.7626,-0.7125,0.2076,0,0,0.102,0.1273,0.1381,0.0384,0.3388,-0.2016,-0.4073
GBPCPCFC_01686,gnl|Prokka|GBPCPCFC_22,1222,1348403,0.593,948.8175,764.2049,0.8661,0.0,0.3406,-0.3531,75,-1.1434,-1.1097,0.2094,0,0,-0.1768,0.0646,-0.1597,0.0956,0.56,6.1174,1.567
GBPCPCFC_01687,gnl|Prokka|GBPCPCFC_22,1222,1348403,0.593,948.8175,764.2049,0.8661,0.0,0.3406,-0.3531,204,-0.9746,-0.9336,0.2102,0,0,0.1859,0.0106,0.2397,0.0009,0.3137,-0.9178,-0.6311
GBPCPCFC_01688,gnl|Prokka|GBPCPCFC_22,1222,1348403,0.593,948.8175,764.2049,0.8661,0.0,0.3406,-0.3531,165,-1.0257,-0.9869,0.2111,0,0,0.0275,0.7601,0.0502,0.5769,0.297,-1.3965,-0.7806
GBPCPCFC_01689,gnl|Prokka|GBPCPCFC_22,1222,1348403,0.593,948.8175,764.2049,0.8661,0.0,0.3406,-0.3531,600,-0.4564,-0.3931,0.212,0,0,0.0193,0.7582,0.0479,0.4455,0.3083,-1.0719,-0.6792
GBPCPCFC_01690,gnl|Prokka|GBPCPCFC_22,1222,1348403,0.593,948.8175,764.2049,0.8661,0.0,0.3406,-0.3531,88,-1.1264,-1.092,0.2123,0,0,-0.0368,0.6625,-0.0113,0.893,0.625,7.9742,2.1471
GBPCPCFC_01691,gnl|Prokka|GBPCPCFC_22,1222,1348403,0.593,948.8175,764.2049,0.8661,0.0,0.3406,-0.3531,657,-0.3819,-0.3153,0.2138,0,0,0.0934,0.136,0.1724,0.0057,0.3303,-0.4447,-0.4833
GBPCPCFC_01692,gnl|Prokka|GBPCPCFC_22,1222,1348403,0.593,948.8175,764.2049,0.8661,0.0,0.3406,-0.3531,339,-0.798,-0.7494,0.2144,0,0,0.1398,0.0379,0.1127,0.0947,0.295,-1.4532,-0.7984
GBPCPCFC_01693,gnl|Prokka|GBPCPCFC_22,1222,1348403,0.593,948.8175,764.2049,0.8661,0.0,0.3406,-0.3531,381,-0.743,-0.692,0.2167,0,0,0.2604,0.0001,0.2233,0.0006,0.3255,-0.5826,-0.5264
GBPCPCFC_01694,gnl|Prokka|GBPCPCFC_22,1222,1348403,0.593,948.8175,764.2049,0.8661,0.0,0.3406,-0.3531,285,-0.8686,-0.8231,0.2179,0,0,0.0621,0.3492,0.0865,0.192,0.3053,-1.1596,-0.7066
GBPCPCFC_01695,gnl|Prokka|GBPCPCFC_22,1222,1348403,0.593,948.8175,764.2049,0.8661,0.0,0.3406,-0.3531,447,-0.6567,-0.602,0.2186,0,0,0.2018,0.0016,0.1521,0.0182,0.2931,-1.508,-0.8155
GBPCPCFC_01696,gnl|Prokka|GBPCPCFC_22,1222,1348403,0.593,948.8175,764.2049,0.8661,0.0,0.3406,-0.3531,717,-0.3033,-0.2334,0.2198,0,0,0.1482,0.0195,0.1717,0.0067,0.2762,-1.9912,-0.9665
GBPCPCFC_01697,gnl|Prokka|GBPCPCFC_22,1222,1348403,0.593,948.8175,764.2049,0.8661,0.0,0.3406,-0.3531,831,-0.1542,-0.0778,0.2212,0,0,0.0818,0.1921,0.1202,0.0547,0.3682,0.6392,-0.1446
GBPCPCFC_01698,gnl|Prokka|GBPCPCFC_22,1222,1348403,0.593,948.8175,764.2049,0.8661,0.0,0.3406,-0.3531,333,-0.8058,-0.7576,0.2219,0,0,-0.0462,0.5119,-0.0029,0.9672,0.3213,-0.7008,-0.5633
GBPCPCFC_01699,gnl|Prokka|GBPCPCFC_22,1222,1348403,0.593,948.8175,764.2049,0.8661,0.0,0.3406,-0.3531,702,-0.323,-0.2539,0.2229,0,0,0.1494,0.0186,0.1524,0.0163,0.3604,0.4155,-0.2145
GBPCPCFC_01700,gnl|Prokka|GBPCPCFC_22,1222,1348403,0.593,948.8175,764.2049,0.8661,0.0,0.3406,-0.3531,831,-0.1542,-0.0778,0.2241,0,0,0.2896,0.0,0.3639,0.0,0.2792,-1.9046,-0.9394
GBPCPCFC_01701,gnl|Prokka|GBPCPCFC_22,1222,1348403,0.593,948.8175,764.2049,0.8661,0.0,0.3406,-0.3531,1242,0.3836,0.4831,0.226,0,0,0.1906,0.0026,0.2818,0.0,0.339,-0.1967,-0.4058
GBPCPCFC_01702,gnl|Prokka|GBPCPCFC_22,1222,1348403,0.593,948.8175,764.2049,0.8661,0.0,0.3406,-0.3531,825,-0.162,-0.086,0.2275,0,0,0.1924,0.002,0.2467,0.0001,0.3988,1.5121,0.1281
GBPCPCFC_01703,gnl|Prokka|GBPCPCFC_22,1222,1348403,0.593,948.8175,764.2049,0.8661,0.0,0.3406,-0.3531,150,-1.0453,-1.0073,0.2282,0,0,0.0845,0.2412,0.0602,0.4044,0.34,-0.1672,-0.3966
GBPCPCFC_01704,gnl|Prokka|GBPCPCFC_22,1222,1348403,0.593,948.8175,764.2049,0.8661,0.0,0.3406,-0.3531,384,-0.7391,-0.6879,0.2288,0,0,-0.0362,0.5642,-0.0366,0.5595,0.3203,-0.7297,-0.5723
GBPCPCFC_01705,gnl|Prokka|GBPCPCFC_22,1222,1348403,0.593,948.8175,764.2049,0.8661,0.0,0.3406,-0.3531,978,0.0382,0.1228,0.2303,0,0,0.1473,0.0183,0.2075,0.0008,0.3446,-0.0364,-0.3557
GBPCPCFC_01706,gnl|Prokka|GBPCPCFC_22,1222,1348403,0.593,948.8175,764.2049,0.8661,0.0,0.3406,-0.3531,381,-0.743,-0.692,0.2311,0,0,0.0216,0.7353,-0.0009,0.9891,0.4042,1.6667,0.1764
GBPCPCFC_01707,gnl|Prokka|GBPCPCFC_22,1222,1348403,0.593,948.8175,764.2049,0.8661,0.0,0.3406,-0.3531,834,-0.1502,-0.0737,0.2326,0,0,0.2284,0.0002,0.2702,0.0,0.3717,0.7384,-0.1136
GBPCPCFC_01708,gnl|Prokka|GBPCPCFC_22,1222,1348403,0.593,948.8175,764.2049,0.8661,0.0,0.3406,-0.3531,1266,0.415,0.5159,0.2345,0,0,0.2119,0.0006,0.3268,0.0,0.357,0.3192,-0.2446
GBPCPCFC_01709,gnl|Prokka|GBPCPCFC_22,1222,1348403,0.593,948.8175,764.2049,0.8661,0.0,0.3406,-0.3531,540,-0.535,-0.475,0.2356,0,0,0.0992,0.1132,0.0884,0.1582,0.3852,1.1235,0.0067
GBPCPCFC_01710,gnl|Prokka|GBPCPCFC_22,1222,1348403,0.593,948.8175,764.2049,0.8661,0.0,0.3406,-0.3531,900,-0.0639,0.0163,0.237,0,0,0.0047,0.94,0.0582,0.3541,0.3044,-1.1829,-0.7139
GBPCPCFC_01711,gnl|Prokka|GBPCPCFC_22,1222,1348403,0.593,948.8175,764.2049,0.8661,0.0,0.3406,-0.3531,237,-0.9314,-0.8886,0.2374,0,0,-0.0202,0.7741,-0.0249,0.7225,0.3333,-0.3577,-0.4561
GBPCPCFC_01712,gnl|Prokka|GBPCPCFC_22,1222,1348403,0.593,948.8175,764.2049,0.8661,0.0,0.3406,-0.3531,921,-0.0364,0.045,0.2391,0,0,0.3136,0.0,0.4011,0.0,0.3789,0.945,-0.0491
GBPCPCFC_01713,gnl|Prokka|GBPCPCFC_22,1222,1348403,0.593,948.8175,764.2049,0.8661,0.0,0.3406,-0.3531,1854,1.1845,1.3185,0.242,0,0,0.1237,0.0481,0.2349,0.0001,0.2821,-1.8215,-0.9134
GBPCPCFC_01714,gnl|Prokka|GBPCPCFC_22,1222,1348403,0.593,948.8175,764.2049,0.8661,0.0,0.3406,-0.3531,879,-0.0914,-0.0123,0.2433,0,0,0.224,0.0004,0.1872,0.003,0.2696,-2.1776,-1.0247
GBPCPCFC_01715,gnl|Prokka|GBPCPCFC_22,1222,1348403,0.593,948.8175,764.2049,0.8661,0.0,0.3406,-0.3531,1257,0.4033,0.5036,0.2456,0,0,0.2874,0.0,0.4406,0.0,0.3341,-0.335,-0.449
GBPCPCFC_01716,gnl|Prokka|GBPCPCFC_22,1222,1348403,0.593,948.8175,764.2049,0.8661,0.0,0.3406,-0.3531,1158,0.2737,0.3685,0.2476,0,0,0.2147,0.0005,0.2729,0.0,0.3238,-0.629,-0.5409
GBPCPCFC_01717,gnl|Prokka|GBPCPCFC_22,1222,1348403,0.593,948.8175,764.2049,0.8661,0.0,0.3406,-0.3531,825,-0.162,-0.086,0.249,0,0,0.1736,0.0054,0.2776,0.0,0.3539,0.231,-0.2722
GBPCPCFC_01718,gnl|Prokka|GBPCPCFC_22,1222,1348403,0.593,948.8175,764.2049,0.8661,0.0,0.3406,-0.3531,699,-0.3269,-0.258,0.2502,0,0,0.2696,0.0,0.3699,0.0,0.2976,-1.3794,-0.7753
GBPCPCFC_01719,gnl|Prokka|GBPCPCFC_22,1222,1348403,0.593,948.8175,764.2049,0.8661,0.0,0.3406,-0.3531,504,-0.5821,-0.5242,0.251,0,0,0.1525,0.0201,0.1776,0.0067,0.3333,-0.3577,-0.4561
GBPCPCFC_01720,gnl|Prokka|GBPCPCFC_22,1222,1348403,0.593,948.8175,764.2049,0.8661,0.0,0.3406,-0.3531,603,-0.4525,-0.389,0.252,0,0,0.1774,0.0051,0.1562,0.0138,0.3151,-0.8788,-0.6189
GBPCPCFC_01721,gnl|Prokka|GBPCPCFC_22,1222,1348403,0.593,948.8175,764.2049,0.8661,0.0,0.3406,-0.3531,465,-0.6331,-0.5774,0.2531,0,0,0.1197,0.0599,0.1808,0.0043,0.3161,-0.8492,-0.6096
GBPCPCFC_01722,gnl|Prokka|GBPCPCFC_22,1222,1348403,0.593,948.8175,764.2049,0.8661,0.0,0.3406,-0.3531,1194,0.3208,0.4176,0.2558,0,0,0.201,0.0012,0.2445,0.0001,0.2873,-1.6736,-0.8672
GBPCPCFC_01723,gnl|Prokka|GBPCPCFC_22,1222,1348403,0.593,948.8175,764.2049,0.8661,0.0,0.3406,-0.3531,210,-0.9668,-0.9254,0.2566,0,0,0.109,0.1199,0.0588,0.4023,0.3714,0.7306,-0.1161
GBPCPCFC_01724,gnl|Prokka|GBPCPCFC_22,1222,1348403,0.593,948.8175,764.2049,0.8661,0.0,0.3406,-0.3531,1230,0.3679,0.4668,0.259,0,0,0.2192,0.0004,0.3122,0.0,0.374,0.8035,-0.0933
GBPCPCFC_01725,gnl|Prokka|GBPCPCFC_22,1222,1348403,0.593,948.8175,764.2049,0.8661,0.0,0.3406,-0.3531,522,-0.5585,-0.4996,0.2601,0,0,0.1852,0.0034,0.1702,0.0072,0.3314,-0.4124,-0.4732
GBPCPCFC_01726,gnl|Prokka|GBPCPCFC_22,1222,1348403,0.593,948.8175,764.2049,0.8661,0.0,0.3406,-0.3531,180,-1.006,-0.9664,0.2604,0,0,0.177,0.0138,0.2327,0.0011,0.3333,-0.3577,-0.4561
GBPCPCFC_01727,gnl|Prokka|GBPCPCFC_22,1222,1348403,0.593,948.8175,764.2049,0.8661,0.0,0.3406,-0.3531,846,-0.1345,-0.0574,0.2617,0,0,0.1218,0.0516,0.1241,0.0473,0.3168,-0.8304,-0.6038
GBPCPCFC_01728,gnl|Prokka|GBPCPCFC_22,1222,1348403,0.593,948.8175,764.2049,0.8661,0.0,0.3406,-0.3531,1125,0.2305,0.3234,0.2635,0,0,0.2255,0.0003,0.3527,0.0,0.2907,-1.5765,-0.8369
GBPCPCFC_01729,gnl|Prokka|GBPCPCFC_22,1222,1348403,0.593,948.8175,764.2049,0.8661,0.0,0.3406,-0.3531,1011,0.0814,0.1678,0.265,0,0,0.1887,0.0024,0.2397,0.0001,0.3867,1.1681,0.0206
GBPCPCFC_01730,gnl|Prokka|GBPCPCFC_22,1222,1348403,0.593,948.8175,764.2049,0.8661,0.0,0.3406,-0.3531,996,0.0617,0.1474,0.267,0,0,0.2831,0.0,0.3126,0.0,0.3062,-1.1321,-0.698
GBPCPCFC_01731,gnl|Prokka|GBPCPCFC_22,1222,1348403,0.593,948.8175,764.2049,0.8661,0.0,0.3406,-0.3531,1077,0.1677,0.2579,0.2688,0,0,0.3485,0.0,0.3807,0.0,0.3389,-0.1985,-0.4064
GBPCPCFC_01732,gnl|Prokka|GBPCPCFC_22,1222,1348403,0.593,948.8175,764.2049,0.8661,0.0,0.3406,-0.3531,861,-0.1149,-0.0369,0.2701,0,0,0.1566,0.0121,0.1728,0.0056,0.3345,-0.3245,-0.4457
GBPCPCFC_01733,gnl|Prokka|GBPCPCFC_22,1222,1348403,0.593,948.8175,764.2049,0.8661,0.0,0.3406,-0.3531,1563,0.8037,0.9213,0.2725,0,0,0.2472,0.0001,0.3792,0.0,0.3455,-0.0104,-0.3476
GBPCPCFC_01734,gnl|Prokka|GBPCPCFC_22,1222,1348403,0.593,948.8175,764.2049,0.8661,0.0,0.3406,-0.3531,768,-0.2366,-0.1638,0.2736,0,0,0.2182,0.0005,0.2174,0.0006,0.3477,0.0515,-0.3283
GBPCPCFC_01735,gnl|Prokka|GBPCPCFC_22,1222,1348403,0.593,948.8175,764.2049,0.8661,0.0,0.3406,-0.3531,723,-0.2955,-0.2252,0.2753,0,0,0.1742,0.0052,0.1721,0.0058,0.3568,0.314,-0.2462
GBPCPCFC_01736,gnl|Prokka|GBPCPCFC_22,1222,1348403,0.593,948.8175,764.2049,0.8661,0.0,0.3406,-0.3531,453,-0.6488,-0.5938,0.2766,0,0,0.1977,0.0024,0.1571,0.0164,0.3046,-1.1775,-0.7122
GBPCPCFC_01737,gnl|Prokka|GBPCPCFC_22,1222,1348403,0.593,948.8175,764.2049,0.8661,0.0,0.3406,-0.3531,567,-0.4996,-0.4382,0.2778,0,0,0.2235,0.0003,0.274,0.0,0.321,-0.7104,-0.5663
GBPCPCFC_01738,gnl|Prokka|GBPCPCFC_22,1222,1348403,0.593,948.8175,764.2049,0.8661,0.0,0.3406,-0.3531,1311,0.4739,0.5773,0.2805,0,0,0.2328,0.0002,0.2455,0.0001,0.3509,0.1435,-0.2995
GBPCPCFC_01739,gnl|Prokka|GBPCPCFC_22,1222,1348403,0.593,948.8175,764.2049,0.8661,0.0,0.3406,-0.3531,1326,0.4936,0.5978,0.2828,0,0,0.2547,0.0,0.2988,0.0,0.3673,0.6118,-0.1532
GBPCPCFC_01740,gnl|Prokka|GBPCPCFC_22,1222,1348403,0.593,948.8175,764.2049,0.8661,0.0,0.3406,-0.3531,76,-1.1421,-1.1083,0.2836,0,0,-0.0418,0.6365,-0.0789,0.3724,0.6053,7.4104,1.9709
GBPCPCFC_01741,gnl|Prokka|GBPCPCFC_22,1222,1348403,0.593,948.8175,764.2049,0.8661,0.0,0.3406,-0.3531,1233,0.3719,0.4709,0.2861,0,0,0.3181,0.0,0.4108,0.0,0.3496,0.1057,-0.3113
GBPCPCFC_01742,gnl|Prokka|GBPCPCFC_22,1222,1348403,0.593,948.8175,764.2049,0.8661,0.0,0.3406,-0.3531,288,-0.8647,-0.819,0.2866,0,0,-0.0438,0.5177,0.0956,0.1574,0.2951,-1.4488,-0.797
GBPCPCFC_01743,gnl|Prokka|GBPCPCFC_22,1222,1348403,0.593,948.8175,764.2049,0.8661,0.0,0.3406,-0.3531,978,0.0382,0.1228,0.2882,0,0,0.1997,0.0013,0.2594,0.0,0.3814,1.0151,-0.0272
GBPCPCFC_01744,gnl|Prokka|GBPCPCFC_22,1222,1348403,0.593,948.8175,764.2049,0.8661,0.0,0.3406,-0.3531,978,0.0382,0.1228,0.2897,0,0,0.257,0.0,0.2789,0.0,0.3507,0.1389,-0.301
GBPCPCFC_01745,gnl|Prokka|GBPCPCFC_22,1222,1348403,0.593,948.8175,764.2049,0.8661,0.0,0.3406,-0.3531,672,-0.3622,-0.2949,0.2907,0,0,0.0563,0.37,0.1064,0.0894,0.311,-0.9953,-0.6553
GBPCPCFC_01746,gnl|Prokka|GBPCPCFC_22,1222,1348403,0.593,948.8175,764.2049,0.8661,0.0,0.3406,-0.3531,585,-0.4761,-0.4136,0.2922,0,0,0.2787,0.0,0.2781,0.0,0.335,-0.3089,-0.4408
GBPCPCFC_01747,gnl|Prokka|GBPCPCFC_22,1222,1348403,0.593,948.8175,764.2049,0.8661,0.0,0.3406,-0.3531,1209,0.3405,0.4381,0.2943,0,0,0.1419,0.0255,0.1748,0.0058,0.3416,-0.1214,-0.3823
GBPCPCFC_01748,gnl|Prokka|GBPCPCFC_22,1222,1348403,0.593,948.8175,764.2049,0.8661,0.0,0.3406,-0.3531,252,-0.9118,-0.8681,0.295,0,0,0.115,0.1182,0.2218,0.0023,0.2738,-2.0581,-0.9874
GBPCPCFC_01749,gnl|Prokka|GBPCPCFC_22,1222,1348403,0.593,948.8175,764.2049,0.8661,0.0,0.3406,-0.3531,390,-0.7312,-0.6798,0.2961,0,0,0.0278,0.6723,0.061,0.3529,0.3641,0.5213,-0.1815
GBPCPCFC_01750,gnl|Prokka|GBPCPCFC_22,1222,1348403,0.593,948.8175,764.2049,0.8661,0.0,0.3406,-0.3531,348,-0.7862,-0.7371,0.2966,0,0,0.0291,0.6433,0.0073,0.9078,0.3448,-0.0293,-0.3535
GBPCPCFC_01751,gnl|Prokka|GBPCPCFC_22,1222,1348403,0.593,948.8175,764.2049,0.8661,0.0,0.3406,-0.3531,1797,1.1099,1.2407,0.2993,0,0,0.1972,0.0015,0.2734,0.0,0.3261,-0.5644,-0.5207
GBPCPCFC_01752,gnl|Prokka|GBPCPCFC_22,1222,1348403,0.593,948.8175,764.2049,0.8661,0.0,0.3406,-0.3531,1365,0.5446,0.651,0.3014,0,0,0.1924,0.002,0.2283,0.0002,0.3465,0.019,-0.3384
GBPCPCFC_01753,gnl|Prokka|GBPCPCFC_22,1222,1348403,0.593,948.8175,764.2049,0.8661,0.0,0.3406,-0.3531,1386,0.5721,0.6797,0.3036,0,0,0.1879,0.0025,0.2716,0.0,0.3535,0.2194,-0.2758
GBPCPCFC_01754,gnl|Prokka|GBPCPCFC_22,1222,1348403,0.593,948.8175,764.2049,0.8661,0.0,0.3406,-0.3531,804,-0.1895,-0.1147,0.3051,0,0,0.1825,0.0034,0.2867,0.0,0.301,-1.2815,-0.7447
GBPCPCFC_01755,gnl|Prokka|GBPCPCFC_22,1222,1348403,0.593,948.8175,764.2049,0.8661,0.0,0.3406,-0.3531,3228,2.9824,3.1938,0.3106,0,0,0.1187,0.0579,0.1916,0.0021,0.338,-0.2249,-0.4146
GBPCPCFC_01756,gnl|Prokka|GBPCPCFC_22,1222,1348403,0.593,948.8175,764.2049,0.8661,0.0,0.3406,-0.3531,3915,3.8814,4.1315,0.3164,0,0,0.3853,0.0,0.4947,0.0,0.3361,-0.2774,-0.431
GBPCPCFC_01757,gnl|Prokka|GBPCPCFC_22,1222,1348403,0.593,948.8175,764.2049,0.8661,0.0,0.3406,-0.3531,1563,0.8037,0.9213,0.3186,0,0,0.2376,0.0001,0.3109,0.0,0.3257,-0.577,-0.5246
GBPCPCFC_01758,gnl|Prokka|GBPCPCFC_22,1222,1348403,0.593,948.8175,764.2049,0.8661,0.0,0.3406,-0.3531,1293,0.4504,0.5527,0.3206,0,0,0.1647,0.0083,0.1982,0.0014,0.3534,0.2167,-0.2766
GBPCPCFC_01759,gnl|Prokka|GBPCPCFC_22,1222,1348403,0.593,948.8175,764.2049,0.8661,0.0,0.3406,-0.3531,450,-0.6527,-0.5979,0.3217,0,0,0.138,0.0479,0.1918,0.0058,0.3644,0.531,-0.1784
GBPCPCFC_01760,gnl|Prokka|GBPCPCFC_22,1222,1348403,0.593,948.8175,764.2049,0.8661,0.0,0.3406,-0.3531,912,-0.0482,0.0327,0.3231,0,0,0.2083,0.0008,0.2785,0.0,0.3564,0.3001,-0.2506
GBPCPCFC_01761,gnl|Prokka|GBPCPCFC_22,1222,1348403,0.593,948.8175,764.2049,0.8661,0.0,0.3406,-0.3531,957,0.0107,0.0941,0.3248,0,0,0.1575,0.0116,0.1894,0.0023,0.3156,-0.8651,-0.6146
GBPCPCFC_01762,gnl|Prokka|GBPCPCFC_22,1222,1348403,0.593,948.8175,764.2049,0.8661,0.0,0.3406,-0.3531,873,-0.0992,-0.0205,0.3266,0,0,0.16,0.0103,0.1291,0.039,0.3895,1.2457,0.0449
GBPCPCFC_01763,gnl|Prokka|GBPCPCFC_22,1222,1348403,0.593,948.8175,764.2049,0.8661,0.0,0.3406,-0.3531,627,-0.4211,-0.3563,0.3276,0,0,0.0824,0.1887,0.1171,0.0613,0.3413,-0.1299,-0.3849
GBPCPCFC_01764,gnl|Prokka|GBPCPCFC_22,1222,1348403,0.593,948.8175,764.2049,0.8661,0.0,0.3406,-0.3531,1929,1.2826,1.4208,0.3305,0,0,0.2272,0.0002,0.2904,0.0,0.3432,-0.0763,-0.3682
GBPCPCFC_01765,gnl|Prokka|GBPCPCFC_22,1222,1348403,0.593,948.8175,764.2049,0.8661,0.0,0.3406,-0.3531,1131,0.2384,0.3316,0.3322,0,0,0.3415,0.0,0.4113,0.0,0.336,-0.2819,-0.4324
GBPCPCFC_01766,gnl|Prokka|GBPCPCFC_22,1222,1348403,0.593,948.8175,764.2049,0.8661,0.0,0.3406,-0.3531,333,-0.8058,-0.7576,0.3327,0,0,0.1379,0.0323,0.1986,0.002,0.3904,1.2722,0.0532
GBPCPCFC_01767,gnl|Prokka|GBPCPCFC_22,1222,1348403,0.593,948.8175,764.2049,0.8661,0.0,0.3406,-0.3531,429,-0.6802,-0.6265,0.3339,0,0,0.0256,0.6877,-0.0051,0.936,0.3543,0.2416,-0.2689
GBPCPCFC_01768,gnl|Prokka|GBPCPCFC_22,1222,1348403,0.593,948.8175,764.2049,0.8661,0.0,0.3406,-0.3531,927,-0.0285,0.0532,0.3354,0,0,0.1726,0.0056,0.3035,0.0,0.3484,0.0737,-0.3213
GBPCPCFC_01769,gnl|Prokka|GBPCPCFC_22,1222,1348403,0.593,948.8175,764.2049,0.8661,0.0,0.3406,-0.3531,1368,0.5485,0.6551,0.3375,0,0,0.4147,0.0,0.4079,0.0,0.3304,-0.4412,-0.4822
GBPCPCFC_01770,gnl|Prokka|GBPCPCFC_22,1222,1348403,0.593,948.8175,764.2049,0.8661,0.0,0.3406,-0.3531,4806,5.0473,5.3477,0.3449,0,0,0.336,0.0,0.4717,0.0,0.3138,-0.9164,-0.6307
GBPCPCFC_01771,gnl|Prokka|GBPCPCFC_22,1222,1348403,0.593,948.8175,764.2049,0.8661,0.0,0.3406,-0.3531,354,-0.7783,-0.7289,0.3454,0,0,0.2642,0.0,0.2504,0.0001,0.3023,-1.2454,-0.7334
GBPCPCFC_01772,gnl|Prokka|GBPCPCFC_22,1222,1348403,0.593,948.8175,764.2049,0.8661,0.0,0.3406,-0.3531,321,-0.8215,-0.7739,0.346,0,0,0.2347,0.0003,0.2399,0.0002,0.3178,-0.8027,-0.5951
GBPCPCFC_01773,gnl|Prokka|GBPCPCFC_22,1222,1348403,0.593,948.8175,764.2049,0.8661,0.0,0.3406,-0.3531,2241,1.6909,1.8467,0.3498,0,0,0.5033,0.0,0.5566,0.0,0.3534,0.2159,-0.2769
GBPCPCFC_01774,gnl|Prokka|GBPCPCFC_22,1222,1348403,0.593,948.8175,764.2049,0.8661,0.0,0.3406,-0.3531,1542,0.7762,0.8926,0.3524,0,0,0.1328,0.0337,0.2168,0.0005,0.3132,-0.932,-0.6355
GBPCPCFC_01775,gnl|Prokka|GBPCPCFC_22,1222,1348403,0.593,948.8175,764.2049,0.8661,0.0,0.3406,-0.3531,3561,3.4182,3.6483,0.358,0,0,0.4076,0.0,0.451,0.0,0.3592,0.3803,-0.2255
GBPCPCFC_01776,gnl|Prokka|GBPCPCFC_22,1222,1348403,0.593,948.8175,764.2049,0.8661,0.0,0.3406,-0.3531,1299,0.4582,0.5609,0.3601,0,0,0.1301,0.0376,0.1932,0.0019,0.3249,-0.5996,-0.5317
GBPCPCFC_01777,gnl|Prokka|GBPCPCFC_22,1222,1348403,0.593,948.8175,764.2049,0.8661,0.0,0.3406,-0.3531,75,-1.1434,-1.1097,0.3604,0,0,-0.0618,0.5215,-0.0135,0.8886,0.5733,6.4983,1.686
GBPCPCFC_01778,gnl|Prokka|GBPCPCFC_22,1222,1348403,0.593,948.8175,764.2049,0.8661,0.0,0.3406,-0.3531,183,-1.0021,-0.9623,0.3612,0,0,-0.0469,0.4968,-0.0263,0.703,0.3333,-0.3577,-0.4561
GBPCPCFC_01779,gnl|Prokka|GBPCPCFC_22,1222,1348403,0.593,948.8175,764.2049,0.8661,0.0,0.3406,-0.3531,1104,0.2031,0.2948,0.363,0,0,0.2251,0.0003,0.2383,0.0001,0.3505,0.1339,-0.3025
GBPCPCFC_01780,gnl|Prokka|GBPCPCFC_22,1222,1348403,0.593,948.8175,764.2049,0.8661,0.0,0.3406,-0.3531,1257,0.4033,0.5036,0.3649,0,0,0.222,0.0003,0.199,0.0014,0.3636,0.5059,-0.1863
GBPCPCFC_01781,gnl|Prokka|GBPCPCFC_22,1222,1348403,0.593,948.8175,764.2049,0.8661,0.0,0.3406,-0.3531,504,-0.5821,-0.5242,0.3659,0,0,-0.001,0.9874,0.0772,0.2183,0.375,0.8326,-0.0842
GBPCPCFC_01782,gnl|Prokka|GBPCPCFC_22,1222,1348403,0.593,948.8175,764.2049,0.8661,0.0,0.3406,-0.3531,77,-1.1408,-1.107,0.3664,0,0,-0.1754,0.0694,-0.2987,0.0017,0.6104,7.5568,2.0167
GBPCPCFC_01783,gnl|Prokka|GBPCPCFC_22,1222,1348403,0.593,948.8175,764.2049,0.8661,0.0,0.3406,-0.3531,77,-1.1408,-1.107,0.3667,0,0,-0.1957,0.0281,-0.2149,0.0157,0.5195,4.9599,1.2053
GBPCPCFC_01784,gnl|Prokka|GBPCPCFC_22,1222,1348403,0.593,948.8175,764.2049,0.8661,0.0,0.3406,-0.3531,306,-0.8412,-0.7944,0.3673,0,0,0.2239,0.0008,0.3228,0.0,0.2876,-1.6647,-0.8644
GBPCPCFC_01785,gnl|Prokka|GBPCPCFC_22,1222,1348403,0.593,948.8175,764.2049,0.8661,0.0,0.3406,-0.3531,738,-0.2759,-0.2048,0.3683,0,0,0.1957,0.0023,0.2785,0.0,0.3089,-1.0544,-0.6738
GBPCPCFC_01786,gnl|Prokka|GBPCPCFC_22,1222,1348403,0.593,948.8175,764.2049,0.8661,0.0,0.3406,-0.3531,1239,0.3797,0.479,0.3706,0,0,0.183,0.0033,0.2268,0.0003,0.3462,0.0112,-0.3408
GBPCPCFC_01787,gnl|Prokka|GBPCPCFC_22,1222,1348403,0.593,948.8175,764.2049,0.8661,0.0,0.3406,-0.3531,519,-0.5624,-0.5037,0.3717,0,0,0.1497,0.0263,0.1926,0.0041,0.289,-1.6236,-0.8516
GBPCPCFC_01788,gnl|Prokka|GBPCPCFC_22,1222,1348403,0.593,948.8175,764.2049,0.8661,0.0,0.3406,-0.3531,1080,0.1717,0.262,0.3737,0,0,0.1378,0.0275,0.2065,0.0009,0.3648,0.5416,-0.1751
GBPCPCFC_01789,gnl|Prokka|GBPCPCFC_22,1222,1348403,0.593,948.8175,764.2049,0.8661,0.0,0.3406,-0.3531,792,-0.2052,-0.1311,0.3749,0,0,0.0425,0.4983,0.1123,0.0729,0.3232,-0.6462,-0.5462
GBPCPCFC_01790,gnl|Prokka|GBPCPCFC_22,1222,1348403,0.593,948.8175,764.2049,0.8661,0.0,0.3406,-0.3531,1155,0.2698,0.3644,0.3767,0,0,0.1884,0.0025,0.2676,0.0,0.2814,-1.8417,-0.9197
GBPCPCFC_01791,gnl|Prokka|GBPCPCFC_22,1222,1348403,0.593,948.8175,764.2049,0.8661,0.0,0.3406,-0.3531,702,-0.323,-0.2539,0.378,0,0,0.0242,0.6997,0.0339,0.5889,0.3433,-0.0728,-0.3671
GBPCPCFC_01792,gnl|Prokka|GBPCPCFC_22,1222,1348403,0.593,948.8175,764.2049,0.8661,0.0,0.3406,-0.3531,2835,2.4682,2.6574,0.3824,0,0,0.3447,0.0,0.4654,0.0,0.3259,-0.5693,-0.5222
GBPCPCFC_01793,gnl|Prokka|GBPCPCFC_22,1222,1348403,0.593,948.8175,764.2049,0.8661,0.0,0.3406,-0.3531,534,-0.5428,-0.4832,0.3836,0,0,0.0316,0.6207,0.1051,0.0988,0.3371,-0.2507,-0.4227
GBPCPCFC_01794,gnl|Prokka|GBPCPCFC_22,1222,1348403,0.593,948.8175,764.2049,0.8661,0.0,0.3406,-0.3531,285,-0.8686,-0.8231,0.3841,0,0,0.0396,0.5522,0.1282,0.0532,0.3404,-0.1572,-0.3935
GBPCPCFC_01795,gnl|Prokka|GBPCPCFC_22,1222,1348403,0.593,948.8175,764.2049,0.8661,0.0,0.3406,-0.3531,390,-0.7312,-0.6798,0.3848,0,0,0.1118,0.1014,0.1751,0.0099,0.3154,-0.8704,-0.6163
GBPCPCFC_01796,gnl|Prokka|GBPCPCFC_22,1222,1348403,0.593,948.8175,764.2049,0.8661,0.0,0.3406,-0.3531,705,-0.319,-0.2498,0.3867,0,0,0.1895,0.0023,0.1379,0.0273,0.295,-1.4517,-0.7979
GBPCPCFC_01797,gnl|Prokka|GBPCPCFC_22,1222,1348403,0.593,948.8175,764.2049,0.8661,0.0,0.3406,-0.3531,759,-0.2484,-0.1761,0.3881,0,0,0.2403,0.0001,0.2472,0.0001,0.332,-0.3953,-0.4679
GBPCPCFC_01798,gnl|Prokka|GBPCPCFC_22,1222,1348403,0.593,948.8175,764.2049,0.8661,0.0,0.3406,-0.3531,843,-0.1385,-0.0615,0.3893,0,0,0.337,0.0,0.3468,0.0,0.312,-0.9677,-0.6467
GBPCPCFC_01799,gnl|Prokka|GBPCPCFC_22,1222,1348403,0.593,948.8175,764.2049,0.8661,0.0,0.3406,-0.3531,879,-0.0914,-0.0123,0.3906,0,0,0.1306,0.0368,0.1869,0.0027,0.2617,-2.4051,-1.0958
GBPCPCFC_01800,gnl|Prokka|GBPCPCFC_22,1222,1348403,0.593,948.8175,764.2049,0.8661,0.0,0.3406,-0.3531,1773,1.0785,1.2079,0.3933,0,0,0.1219,0.0514,0.26,0.0,0.2752,-2.0172,-0.9746
GBPCPCFC_01801,gnl|Prokka|GBPCPCFC_22,1222,1348403,0.593,948.8175,764.2049,0.8661,0.0,0.3406,-0.3531,999,0.0657,0.1515,0.3953,0,0,0.2612,0.0,0.2609,0.0,0.3694,0.6717,-0.1345
GBPCPCFC_01802,gnl|Prokka|GBPCPCFC_22,1222,1348403,0.593,948.8175,764.2049,0.8661,0.0,0.3406,-0.3531,888,-0.0796,-0.0,0.3967,0,0,0.2473,0.0001,0.2804,0.0,0.3637,0.5109,-0.1847
GBPCPCFC_01803,gnl|Prokka|GBPCPCFC_22,1222,1348403,0.593,948.8175,764.2049,0.8661,0.0,0.3406,-0.3531,210,-0.9668,-0.9254,0.397,0,0,0.0342,0.6412,0.0527,0.473,0.3095,-1.0378,-0.6686
GBPCPCFC_01804,gnl|Prokka|GBPCPCFC_22,1222,1348403,0.593,948.8175,764.2049,0.8661,0.0,0.3406,-0.3531,834,-0.1502,-0.0737,0.3984,0,0,0.1179,0.0596,0.1401,0.025,0.3357,-0.2892,-0.4347
GBPCPCFC_01805,gnl|Prokka|GBPCPCFC_22,1222,1348403,0.593,948.8175,764.2049,0.8661,0.0,0.3406,-0.3531,1914,1.263,1.4004,0.4013,0,0,0.2818,0.0,0.2655,0.0,0.3527,0.1945,-0.2836
GBPCPCFC_01806,gnl|Prokka|GBPCPCFC_22,1222,1348403,0.593,948.8175,764.2049,0.8661,0.0,0.3406,-0.3531,528,-0.5507,-0.4914,0.4024,0,0,0.1773,0.0044,0.1954,0.0017,0.3958,1.4277,0.1017
GBPCPCFC_01807,gnl|Prokka|GBPCPCFC_22,1222,1348403,0.593,948.8175,764.2049,0.8661,0.0,0.3406,-0.3531,1347,0.521,0.6265,0.4044,0,0,0.1599,0.0104,0.219,0.0004,0.3823,1.042,-0.0188
GBPCPCFC_01808,gnl|Prokka|GBPCPCFC_22,1222,1348403,0.593,948.8175,764.2049,0.8661,0.0,0.3406,-0.3531,468,-0.6292,-0.5733,0.4051,0,0,0.119,0.0614,0.1011,0.1122,0.3504,0.1306,-0.3035
GBPCPCFC_01809,gnl|Prokka|GBPCPCFC_22,1222,1348403,0.593,948.8175,764.2049,0.8661,0.0,0.3406,-0.3531,177,-1.01,-0.9705,0.4056,0,0,0.049,0.4645,0.0223,0.7393,0.4689,3.5157,0.7541
GBPCPCFC_01810,gnl|Prokka|GBPCPCFC_22,1222,1348403,0.593,948.8175,764.2049,0.8661,0.0,0.3406,-0.3531,720,-0.2994,-0.2293,0.4068,0,0,0.1525,0.0146,0.1485,0.0174,0.3597,0.3961,-0.2206
GBPCPCFC_01811,gnl|Prokka|GBPCPCFC_22,1222,1348403,0.593,948.8175,764.2049,0.8661,0.0,0.3406,-0.3531,630,-0.4172,-0.3522,0.4081,0,0,0.0994,0.1125,0.1425,0.0226,0.3413,-0.131,-0.3853
GBPCPCFC_01812,gnl|Prokka|GBPCPCFC_22,1222,1348403,0.593,948.8175,764.2049,0.8661,0.0,0.3406,-0.3531,645,-0.3976,-0.3317,0.4099,0,0,0.163,0.009,0.2029,0.0011,0.3581,0.3509,-0.2347
GBPCPCFC_01813,gnl|Prokka|GBPCPCFC_22,1222,1348403,0.593,948.8175,764.2049,0.8661,0.0,0.3406,-0.3531,768,-0.2366,-0.1638,0.4113,0,0,0.3501,0.0,0.3596,0.0,0.3607,0.4234,-0.212
GBPCPCFC_01814,gnl|Prokka|GBPCPCFC_22,1222,1348403,0.593,948.8175,764.2049,0.8661,0.0,0.3406,-0.3531,1320,0.4857,0.5896,0.4134,0,0,0.0733,0.2428,0.1131,0.0707,0.3295,-0.4659,-0.4899
GBPCPCFC_01815,gnl|Prokka|GBPCPCFC_22,1222,1348403,0.593,948.8175,764.2049,0.8661,0.0,0.3406,-0.3531,882,-0.0874,-0.0082,0.4148,0,0,0.1943,0.0018,0.2397,0.0001,0.3333,-0.3577,-0.4561
GBPCPCFC_01816,gnl|Prokka|GBPCPCFC_22,1222,1348403,0.593,948.8175,764.2049,0.8661,0.0,0.3406,-0.3531,582,-0.48,-0.4177,0.4159,0,0,0.1235,0.0556,0.103,0.1106,0.3058,-1.143,-0.7015
GBPCPCFC_01817,gnl|Prokka|GBPCPCFC_22,1222,1348403,0.593,948.8175,764.2049,0.8661,0.0,0.3406,-0.3531,786,-0.2131,-0.1393,0.4171,0,0,0.1123,0.073,0.1563,0.0123,0.3702,0.6963,-0.1268
GBPCPCFC_01818,gnl|Prokka|GBPCPCFC_22,1222,1348403,0.593,948.8175,764.2049,0.8661,0.0,0.3406,-0.3531,681,-0.3505,-0.2826,0.4181,0,0,0.3165,0.0,0.327,0.0,0.3172,-0.8191,-0.6003
GBPCPCFC_01819,gnl|Prokka|GBPCPCFC_22,1222,1348403,0.593,948.8175,764.2049,0.8661,0.0,0.3406,-0.3531,369,-0.7587,-0.7084,0.419,0,0,-0.0004,0.995,0.0227,0.7219,0.374,0.8035,-0.0933
GBPCPCFC_01820,gnl|Prokka|GBPCPCFC_22,1222,1348403,0.593,948.8175,764.2049,0.8661,0.0,0.3406,-0.3531,213,-0.9629,-0.9213,0.4195,0,0,0.2035,0.0063,0.1409,0.0599,0.2911,-1.5647,-0.8332
GBPCPCFC_01821,gnl|Prokka|GBPCPCFC_22,1222,1348403,0.593,948.8175,764.2049,0.8661,0.0,0.3406,-0.3531,264,-0.8961,-0.8517,0.4198,0,0,0.1657,0.017,0.1421,0.0411,0.2841,-1.7644,-0.8956
GBPCPCFC_01822,gnl|Prokka|GBPCPCFC_22,1222,1348403,0.593,948.8175,764.2049,0.8661,0.0,0.3406,-0.3531,1335,0.5053,0.6101,0.4219,0,0,0.2018,0.0012,0.2253,0.0003,0.3169,-0.8285,-0.6032
GBPCPCFC_01823,gnl|Prokka|GBPCPCFC_22,1222,1348403,0.593,948.8175,764.2049,0.8661,0.0,0.3406,-0.3531,1452,0.6584,0.7698,0.4242,0,0,0.3013,0.0,0.3662,0.0,0.3519,0.1735,-0.2901
GBPCPCFC_01824,gnl|Prokka|GBPCPCFC_22,1222,1348403,0.593,948.8175,764.2049,0.8661,0.0,0.3406,-0.3531,888,-0.0796,-0.0,0.4255,0,0,0.2582,0.0,0.2803,0.0,0.3502,0.1248,-0.3053
GBPCPCFC_01825,gnl|Prokka|GBPCPCFC_22,1222,1348403,0.593,948.8175,764.2049,0.8661,0.0,0.3406,-0.3531,966,0.0225,0.1064,0.427,0,0,0.1546,0.0133,0.1733,0.0054,0.382,1.0322,-0.0218
GBPCPCFC_01826,gnl|Prokka|GBPCPCFC_22,1222,1348403,0.593,948.8175,764.2049,0.8661,0.0,0.3406,-0.3531,795,-0.2013,-0.127,0.4281,0,0,0.1841,0.0031,0.275,0.0,0.2868,-1.6872,-0.8715
GBPCPCFC_01827,gnl|Prokka|GBPCPCFC_22,1222,1348403,0.593,948.8175,764.2049,0.8661,0.0,0.3406,-0.3531,1239,0.3797,0.479,0.4302,0,0,0.3277,0.0,0.3915,0.0,0.3196,-0.7496,-0.5786
GBPCPCFC_01828,gnl|Prokka|GBPCPCFC_22,1222,1348403,0.593,948.8175,764.2049,0.8661,0.0,0.3406,-0.3531,86,-1.129,-1.0947,0.4305,0,0,-0.2255,0.0038,-0.1701,0.0299,0.5698,6.3964,1.6541
GBPCPCFC_01829,gnl|Prokka|GBPCPCFC_22,1222,1348403,0.593,948.8175,764.2049,0.8661,0.0,0.3406,-0.3531,555,-0.5153,-0.4546,0.4314,0,0,0.2779,0.0,0.3229,0.0,0.3586,0.3629,-0.231
GBPCPCFC_01830,gnl|Prokka|GBPCPCFC_22,1222,1348403,0.593,948.8175,764.2049,0.8661,0.0,0.3406,-0.3531,297,-0.8529,-0.8067,0.4319,0,0,-0.023,0.731,-0.0027,0.9673,0.3502,0.1232,-0.3058
GBPCPCFC_01831,gnl|Prokka|GBPCPCFC_22,1222,1348403,0.593,948.8175,764.2049,0.8661,0.0,0.3406,-0.3531,1020,0.0931,0.1801,0.4342,0,0,0.1495,0.0167,0.188,0.0025,0.3843,1.0986,-0.0011
GBPCPCFC_01832,gnl|Prokka|GBPCPCFC_22,1222,1348403,0.593,948.8175,764.2049,0.8661,0.0,0.3406,-0.3531,1449,0.6545,0.7657,0.4363,0,0,0.1065,0.0889,0.1505,0.016,0.3354,-0.2985,-0.4376
GBPCPCFC_01833,gnl|Prokka|GBPCPCFC_22,1222,1348403,0.593,948.8175,764.2049,0.8661,0.0,0.3406,-0.3531,618,-0.4329,-0.3686,0.4375,0,0,0.1337,0.0354,0.1437,0.0236,0.3835,1.0753,-0.0084
GBPCPCFC_01834,gnl|Prokka|GBPCPCFC_22,1222,1348403,0.593,948.8175,764.2049,0.8661,0.0,0.3406,-0.3531,657,-0.3819,-0.3153,0.4386,0,0,0.0998,0.123,0.1638,0.0111,0.3227,-0.6621,-0.5512
GBPCPCFC_01835,gnl|Prokka|GBPCPCFC_22,1222,1348403,0.593,948.8175,764.2049,0.8661,0.0,0.3406,-0.3531,726,-0.2916,-0.2212,0.4398,0,0,0.2206,0.0005,0.2694,0.0,0.3678,0.626,-0.1488
GBPCPCFC_01836,gnl|Prokka|GBPCPCFC_22,1222,1348403,0.593,948.8175,764.2049,0.8661,0.0,0.3406,-0.3531,447,-0.6567,-0.602,0.4404,0,0,0.2098,0.0007,0.1849,0.003,0.3065,-1.1246,-0.6957
GBPCPCFC_01837,gnl|Prokka|GBPCPCFC_22,1222,1348403,0.593,948.8175,764.2049,0.8661,0.0,0.3406,-0.3531,1587,0.8351,0.954,0.4428,0,0,0.3056,0.0,0.3451,0.0,0.2949,-1.4557,-0.7992
GBPCPCFC_01838,gnl|Prokka|GBPCPCFC_22,1222,1348403,0.593,948.8175,764.2049,0.8661,0.0,0.3406,-0.3531,972,0.0303,0.1146,0.4445,0,0,0.1369,0.0285,0.1882,0.0025,0.3591,0.377,-0.2265
GBPCPCFC_01839,gnl|Prokka|GBPCPCFC_22,1222,1348403,0.593,948.8175,764.2049,0.8661,0.0,0.3406,-0.3531,1242,0.3836,0.4831,0.4464,0,0,0.3149,0.0,0.4088,0.0,0.3317,-0.4037,-0.4705
GBPCPCFC_01840,gnl|Prokka|GBPCPCFC_22,1222,1348403,0.593,948.8175,764.2049,0.8661,0.0,0.3406,-0.3531,2589,2.1463,2.3217,0.4503,0,0,0.2424,0.0001,0.3516,0.0,0.292,-1.5383,-0.825
GBPCPCFC_01841,gnl|Prokka|GBPCPCFC_22,1222,1348403,0.593,948.8175,764.2049,0.8661,0.0,0.3406,-0.3531,1860,1.1923,1.3266,0.4539,0,0,0.4173,0.0,0.4616,0.0,0.3645,0.5331,-0.1778
GBPCPCFC_01842,gnl|Prokka|GBPCPCFC_22,1222,1348403,0.593,948.8175,764.2049,0.8661,0.0,0.3406,-0.3531,747,-0.2641,-0.1925,0.455,0,0,0.1108,0.0817,0.1674,0.0083,0.3548,0.2542,-0.2649
GBPCPCFC_01843,gnl|Prokka|GBPCPCFC_22,1222,1348403,0.593,948.8175,764.2049,0.8661,0.0,0.3406,-0.3531,618,-0.4329,-0.3686,0.4559,0,0,0.211,0.001,0.2224,0.0005,0.3544,0.2432,-0.2683
GBPCPCFC_01844,gnl|Prokka|GBPCPCFC_22,1222,1348403,0.593,948.8175,764.2049,0.8661,0.0,0.3406,-0.3531,930,-0.0246,0.0573,0.4575,0,0,0.1222,0.0509,0.1968,0.0016,0.3527,0.1952,-0.2833
GBPCPCFC_01845,gnl|Prokka|GBPCPCFC_22,1222,1348403,0.593,948.8175,764.2049,0.8661,0.0,0.3406,-0.3531,1377,0.5603,0.6674,0.4596,0,0,0.2749,0.0,0.3087,0.0,0.3159,-0.8556,-0.6117
GBPCPCFC_01846,gnl|Prokka|GBPCPCFC_22,1222,1348403,0.593,948.8175,764.2049,0.8661,0.0,0.3406,-0.3531,288,-0.8647,-0.819,0.4604,0,0,-0.2161,0.0012,-0.1732,0.0099,0.3611,0.4358,-0.2082
GBPCPCFC_01847,gnl|Prokka|GBPCPCFC_22,1222,1348403,0.593,948.8175,764.2049,0.8661,0.0,0.3406,-0.3531,231,-0.9393,-0.8968,0.4608,0,0,0.3009,0.0001,0.2169,0.0047,0.2771,-1.9653,-0.9584
GBPCPCFC_01848,gnl|Prokka|GBPCPCFC_22,1222,1348403,0.593,948.8175,764.2049,0.8661,0.0,0.3406,-0.3531,77,-1.1408,-1.107,0.4612,0,0,-0.0566,0.534,-0.0325,0.721,0.5584,6.0729,1.553
GBPCPCFC_01849,gnl|Prokka|GBPCPCFC_22,1222,1348403,0.593,948.8175,764.2049,0.8661,0.0,0.3406,-0.3531,1767,1.0706,1.1997,0.4647,0,0,0.2753,0.0,0.3857,0.0,0.343,-0.0829,-0.3702
GBPCPCFC_01850,gnl|Prokka|GBPCPCFC_22,1222,1348403,0.593,948.8175,764.2049,0.8661,0.0,0.3406,-0.3531,1368,0.5485,0.6551,0.4668,0,0,0.2133,0.0006,0.1834,0.0032,0.2939,-1.4853,-0.8084
GBPCPCFC_01851,gnl|Prokka|GBPCPCFC_22,1222,1348403,0.593,948.8175,764.2049,0.8661,0.0,0.3406,-0.3531,330,-0.8098,-0.7617,0.4673,0,0,0.0845,0.1975,0.1225,0.0613,0.297,-1.3965,-0.7806
GBPCPCFC_01852,gnl|Prokka|GBPCPCFC_22,1222,1348403,0.593,948.8175,764.2049,0.8661,0.0,0.3406,-0.3531,1248,0.3915,0.4913,0.4692,0,0,0.2069,0.0009,0.2636,0.0,0.351,0.1459,-0.2988
GBPCPCFC_01853,gnl|Prokka|GBPCPCFC_22,1222,1348403,0.593,948.8175,764.2049,0.8661,0.0,0.3406,-0.3531,714,-0.3073,-0.2375,0.4702,0,0,0.2912,0.0,0.3689,0.0,0.3557,0.2825,-0.2561
GBPCPCFC_01854,gnl|Prokka|GBPCPCFC_22,1222,1348403,0.593,948.8175,764.2049,0.8661,0.0,0.3406,-0.3531,2451,1.9657,2.1333,0.4742,0,0,0.2272,0.0002,0.2345,0.0002,0.406,1.7169,0.1921
GBPCPCFC_01855,gnl|Prokka|GBPCPCFC_22,1222,1348403,0.593,948.8175,764.2049,0.8661,0.0,0.3406,-0.3531,2004,1.3808,1.5232,0.4771,0,0,0.1592,0.0108,0.2371,0.0001,0.4741,3.6621,0.7998
GBPCPCFC_01856,gnl|Prokka|GBPCPCFC_22,1222,1348403,0.593,948.8175,764.2049,0.8661,0.0,0.3406,-0.3531,813,-0.1777,-0.1024,0.4783,0,0,0.1923,0.002,0.2571,0.0,0.4514,3.0155,0.5978
GBPCPCFC_01857,gnl|Prokka|GBPCPCFC_22,1222,1348403,0.593,948.8175,764.2049,0.8661,0.0,0.3406,-0.3531,1740,1.0353,1.1629,0.4814,0,0,0.2736,0.0,0.3204,0.0,0.3448,-0.0293,-0.3535
GBPCPCFC_01858,gnl|Prokka|GBPCPCFC_22,1222,1348403,0.593,948.8175,764.2049,0.8661,0.0,0.3406,-0.3531,663,-0.374,-0.3071,0.4827,0,0,0.1394,0.0282,0.1154,0.0697,0.3379,-0.2284,-0.4157
GBPCPCFC_01859,gnl|Prokka|GBPCPCFC_22,1222,1348403,0.593,948.8175,764.2049,0.8661,0.0,0.3406,-0.3531,77,-1.1408,-1.107,0.4835,0,0,0.1302,0.1462,0.1215,0.1753,0.5844,6.8148,1.7849
GBPCPCFC_01860,gnl|Prokka|GBPCPCFC_22,1222,1348403,0.593,948.8175,764.2049,0.8661,0.0,0.3406,-0.3531,852,-0.1267,-0.0492,0.4849,0,0,0.2302,0.0003,0.3213,0.0,0.3721,0.7488,-0.1104
GBPCPCFC_01861,gnl|Prokka|GBPCPCFC_22,1222,1348403,0.593,948.8175,764.2049,0.8661,0.0,0.3406,-0.3531,198,-0.9825,-0.9418,0.4854,0,0,0.1771,0.0153,0.1655,0.0236,0.3586,0.3637,-0.2307
GBPCPCFC_01862,gnl|Prokka|GBPCPCFC_22,1222,1348403,0.593,948.8175,764.2049,0.8661,0.0,0.3406,-0.3531,417,-0.6959,-0.6429,0.4862,0,0,0.076,0.2728,0.0789,0.2549,0.3429,-0.0837,-0.3705
GBPCPCFC_01863,gnl|Prokka|GBPCPCFC_22,1222,1348403,0.593,948.8175,764.2049,0.8661,0.0,0.3406,-0.3531,258,-0.904,-0.8599,0.487,0,0,0.2205,0.0009,0.1757,0.0083,0.345,-0.0255,-0.3523
GBPCPCFC_01864,gnl|Prokka|GBPCPCFC_22,1222,1348403,0.593,948.8175,764.2049,0.8661,0.0,0.3406,-0.3531,957,0.0107,0.0941,0.489,0,0,0.2778,0.0,0.318,0.0,0.3584,0.3587,-0.2323
GBPCPCFC_01865,gnl|Prokka|GBPCPCFC_22,1222,1348403,0.593,948.8175,764.2049,0.8661,0.0,0.3406,-0.3531,1845,1.1727,1.3062,0.4919,0,0,0.2165,0.0005,0.2248,0.0003,0.3491,0.0913,-0.3158
GBPCPCFC_01866,gnl|Prokka|GBPCPCFC_22,1222,1348403,0.593,948.8175,764.2049,0.8661,0.0,0.3406,-0.3531,288,-0.8647,-0.819,0.4923,0,0,0.0074,0.9134,0.0341,0.6152,0.3646,0.535,-0.1772
GBPCPCFC_01867,gnl|Prokka|GBPCPCFC_22,1222,1348403,0.593,948.8175,764.2049,0.8661,0.0,0.3406,-0.3531,696,-0.3308,-0.2621,0.494,0,0,0.1778,0.005,0.1753,0.0056,0.319,-0.7681,-0.5843
GBPCPCFC_01868,gnl|Prokka|GBPCPCFC_22,1222,1348403,0.593,948.8175,764.2049,0.8661,0.0,0.3406,-0.3531,1095,0.1913,0.2825,0.4956,0,0,0.0889,0.1561,0.0713,0.2554,0.3699,0.6858,-0.1301
GBPCPCFC_01869,gnl|Prokka|GBPCPCFC_22,1222,1348403,0.593,948.8175,764.2049,0.8661,0.0,0.3406,-0.3531,210,-0.9668,-0.9254,0.496,0,0,0.1464,0.0362,0.1382,0.0481,0.3571,0.3225,-0.2436
GBPCPCFC_01870,gnl|Prokka|GBPCPCFC_22,1222,1348403,0.593,948.8175,764.2049,0.8661,0.0,0.3406,-0.3531,1398,0.5878,0.6961,0.4987,0,0,0.1737,0.0053,0.2565,0.0,0.3519,0.1736,-0.2901
GBPCPCFC_01871,gnl|Prokka|GBPCPCFC_22,1222,1348403,0.593,948.8175,764.2049,0.8661,0.0,0.3406,-0.3531,261,-0.9,-0.8558,0.499,0,0,0.1227,0.0909,0.1731,0.0167,0.2835,-1.7805,-0.9006
GBPCPCFC_01872,gnl|Prokka|GBPCPCFC_22,1222,1348403,0.593,948.8175,764.2049,0.8661,0.0,0.3406,-0.3531,1845,1.1727,1.3062,0.5023,0,0,0.2152,0.0005,0.2802,0.0,0.3388,-0.2029,-0.4077
GBPCPCFC_01873,gnl|Prokka|GBPCPCFC_22,1222,1348403,0.593,948.8175,764.2049,0.8661,0.0,0.3406,-0.3531,2331,1.8087,1.9695,0.5062,0,0,0.1756,0.0048,0.2436,0.0001,0.3775,0.9046,-0.0617
GBPCPCFC_01874,gnl|Prokka|GBPCPCFC_22,1222,1348403,0.593,948.8175,764.2049,0.8661,0.0,0.3406,-0.3531,123,-1.0806,-1.0442,0.5064,0,0,-0.0418,0.5803,-0.0154,0.839,0.2683,-2.2157,-1.0366
GBPCPCFC_01875,gnl|Prokka|GBPCPCFC_22,1222,1348403,0.593,948.8175,764.2049,0.8661,0.0,0.3406,-0.3531,1287,0.4425,0.5446,0.5089,0,0,0.2504,0.0001,0.2616,0.0,0.3124,-0.957,-0.6433
GBPCPCFC_01876,gnl|Prokka|GBPCPCFC_22,1222,1348403,0.593,948.8175,764.2049,0.8661,0.0,0.3406,-0.3531,930,-0.0246,0.0573,0.5102,0,0,0.2536,0.0,0.2264,0.0003,0.3452,-0.0198,-0.3505
GBPCPCFC_01877,gnl|Prokka|GBPCPCFC_22,1222,1348403,0.593,948.8175,764.2049,0.8661,0.0,0.3406,-0.3531,1062,0.1481,0.2375,0.5118,0,0,0.2925,0.0,0.3193,0.0,0.3126,-0.9495,-0.641
GBPCPCFC_01878,gnl|Prokka|GBPCPCFC_22,1222,1348403,0.593,948.8175,764.2049,0.8661,0.0,0.3406,-0.3531,699,-0.3269,-0.258,0.5129,0,0,0.2451,0.0001,0.3308,0.0,0.2775,-1.9515,-0.9541
GBPCPCFC_01879,gnl|Prokka|GBPCPCFC_22,1222,1348403,0.593,948.8175,764.2049,0.8661,0.0,0.3406,-0.3531,768,-0.2366,-0.1638,0.5145,0,0,0.2098,0.0007,0.2225,0.0003,0.3958,1.4277,0.1017
GBPCPCFC_01880,gnl|Prokka|GBPCPCFC_22,1222,1348403,0.593,948.8175,764.2049,0.8661,0.0,0.3406,-0.3531,219,-0.955,-0.9132,0.5151,0,0,0.018,0.8003,0.0374,0.5997,0.3196,-0.749,-0.5784
GBPCPCFC_01881,gnl|Prokka|GBPCPCFC_22,1222,1348403,0.593,948.8175,764.2049,0.8661,0.0,0.3406,-0.3531,411,-0.7038,-0.6511,0.5159,0,0,0.0959,0.1375,0.1616,0.012,0.3479,0.0593,-0.3258
GBPCPCFC_01882,gnl|Prokka|GBPCPCFC_22,1222,1348403,0.593,948.8175,764.2049,0.8661,0.0,0.3406,-0.3531,2799,2.4211,2.6083,0.5208,0,0,0.2253,0.0003,0.313,0.0,0.4691,3.5206,0.7556
GBPCPCFC_01883,gnl|Prokka|GBPCPCFC_22,1222,1348403,0.593,948.8175,764.2049,0.8661,0.0,0.3406,-0.3531,1806,1.1217,1.2529,0.5234,0,0,0.2185,0.0004,0.2162,0.0005,0.4302,2.4104,0.4088
GBPCPCFC_01884,gnl|Prokka|GBPCPCFC_22,1222,1348403,0.593,948.8175,764.2049,0.8661,0.0,0.3406,-0.3531,561,-0.5075,-0.4464,0.5244,0,0,0.2769,0.0,0.3156,0.0,0.3743,0.8135,-0.0902
GBPCPCFC_01885,gnl|Prokka|GBPCPCFC_22,1222,1348403,0.593,948.8175,764.2049,0.8661,0.0,0.3406,-0.3531,291,-0.8608,-0.8149,0.5252,0,0,0.1151,0.066,0.0875,0.1626,0.3677,0.624,-0.1494
GBPCPCFC_01886,gnl|Prokka|GBPCPCFC_22,1222,1348403,0.593,948.8175,764.2049,0.8661,0.0,0.3406,-0.3531,261,-0.9,-0.8558,0.5257,0,0,0.0002,0.9976,-0.0195,0.7928,0.2682,-2.2183,-1.0374
GBPCPCFC_01887,gnl|Prokka|GBPCPCFC_22,1222,1348403,0.593,948.8175,764.2049,0.8661,0.0,0.3406,-0.3531,366,-0.7626,-0.7125,0.5262,0,0,0.0889,0.1818,0.0888,0.1824,0.3251,-0.5918,-0.5293
GBPCPCFC_01888,gnl|Prokka|GBPCPCFC_22,1222,1348403,0.593,948.8175,764.2049,0.8661,0.0,0.3406,-0.3531,405,-0.7116,-0.6593,0.5273,0,0,0.0712,0.27,0.056,0.3861,0.3457,-0.005,-0.3459
GBPCPCFC_01889,gnl|Prokka|GBPCPCFC_22,1222,1348403,0.593,948.8175,764.2049,0.8661,0.0,0.3406,-0.3531,2289,1.7537,1.9122,0.5316,0,0,0.306,0.0,0.3451,0.0,0.3089,-1.0566,-0.6744
GBPCPCFC_01890,gnl|Prokka|GBPCPCFC_22,1222,1348403,0.593,948.8175,764.2049,0.8661,0.0,0.3406,-0.3531,465,-0.6331,-0.5774,0.5322,0,0,0.1268,0.046,0.1914,0.0025,0.3183,-0.7877,-0.5905
GBPCPCFC_01891,gnl|Prokka|GBPCPCFC_22,1222,1348403,0.593,948.8175,764.2049,0.8661,0.0,0.3406,-0.3531,3846,3.7911,4.0373,0.5386,0,0,0.3768,0.0,0.5162,0.0,0.3333,-0.3577,-0.4561
GBPCPCFC_01892,gnl|Prokka|GBPCPCFC_22,1222,1348403,0.593,948.8175,764.2049,0.8661,0.0,0.3406,-0.3531,5229,5.6008,5.925,0.5467,0,0,0.3635,0.0,0.3855,0.0,0.3442,-0.0463,-0.3588
GBPCPCFC_01893,gnl|Prokka|GBPCPCFC_22,1222,1348403,0.593,948.8175,764.2049,0.8661,0.0,0.3406,-0.3531,129,-1.0728,-1.036,0.548,0,0,-0.2064,0.0093,-0.1703,0.0324,0.3643,0.5281,-0.1793
GBPCPCFC_01894,gnl|Prokka|GBPCPCFC_22,1222,1348403,0.593,948.8175,764.2049,0.8661,0.0,0.3406,-0.3531,450,-0.6527,-0.5979,0.5491,0,0,0.1654,0.01,0.1417,0.0275,0.3311,-0.4212,-0.4759
GBPCPCFC_01895,gnl|Prokka|GBPCPCFC_22,1222,1348403,0.593,948.8175,764.2049,0.8661,0.0,0.3406,-0.3531,77,-1.1408,-1.107,0.5496,0,0,-0.0308,0.6885,-0.0748,0.3292,0.5325,5.3309,1.3212
GBPCPCFC_01896,gnl|Prokka|GBPCPCFC_22,1222,1348403,0.593,948.8175,764.2049,0.8661,0.0,0.3406,-0.3531,933,-0.0207,0.0614,0.5516,0,0,0.1642,0.0085,0.2529,0.0,0.3162,-0.8476,-0.6092
GBPCPCFC_01897,gnl|Prokka|GBPCPCFC_22,1222,1348403,0.593,948.8175,764.2049,0.8661,0.0,0.3406,-0.3531,933,-0.0207,0.0614,0.5531,0,0,0.2652,0.0,0.2861,0.0,0.3901,1.2651,0.0509
GBPCPCFC_01898,gnl|Prokka|GBPCPCFC_22,1222,1348403,0.593,948.8175,764.2049,0.8661,0.0,0.3406,-0.3531,144,-1.0531,-1.0155,0.5533,0,0,0.0063,0.9366,0.054,0.4966,0.2708,-2.1431,-1.0139
GBPCPCFC_01899,gnl|Prokka|GBPCPCFC_22,1222,1348403,0.593,948.8175,764.2049,0.8661,0.0,0.3406,-0.3531,1479,0.6938,0.8066,0.5557,0,0,0.236,0.0001,0.3451,0.0,0.3442,-0.0487,-0.3595
GBPCPCFC_01900,gnl|Prokka|GBPCPCFC_22,1222,1348403,0.593,948.8175,764.2049,0.8661,0.0,0.3406,-0.3531,1134,0.2423,0.3357,0.5574,0,0,0.2665,0.0,0.2984,0.0,0.3483,0.0706,-0.3223
GBPCPCFC_01901,gnl|Prokka|GBPCPCFC_22,1222,1348403,0.593,948.8175,764.2049,0.8661,0.0,0.3406,-0.3531,1122,0.2266,0.3193,0.5592,0,0,0.2456,0.0001,0.3045,0.0,0.3137,-0.9178,-0.6311
GBPCPCFC_01902,gnl|Prokka|GBPCPCFC_22,1222,1348403,0.593,948.8175,764.2049,0.8661,0.0,0.3406,-0.3531,918,-0.0403,0.0409,0.5608,0,0,0.0499,0.4269,0.1111,0.0761,0.3486,0.078,-0.32
GBPCPCFC_01903,gnl|Prokka|GBPCPCFC_22,1222,1348403,0.593,948.8175,764.2049,0.8661,0.0,0.3406,-0.3531,2442,1.9539,2.121,0.5644,0,0,0.3591,0.0,0.3975,0.0,0.3157,-0.8607,-0.6133
GBPCPCFC_01904,gnl|Prokka|GBPCPCFC_22,1222,1348403,0.593,948.8175,764.2049,0.8661,0.0,0.3406,-0.3531,1974,1.3415,1.4822,0.5673,0,0,0.3798,0.0,0.4429,0.0,0.3278,-0.5169,-0.5058
GBPCPCFC_01905,gnl|Prokka|GBPCPCFC_22,1222,1348403,0.593,948.8175,764.2049,0.8661,0.0,0.3406,-0.3531,3375,3.1748,3.3945,0.5725,0,0,0.294,0.0,0.3898,0.0,0.3141,-0.9079,-0.628
GBPCPCFC_01906,gnl|Prokka|GBPCPCFC_22,1222,1348403,0.593,948.8175,764.2049,0.8661,0.0,0.3406,-0.3531,1797,1.1099,1.2407,0.5753,0,0,0.2624,0.0,0.3663,0.0,0.3628,0.4848,-0.1929
GBPCPCFC_01907,gnl|Prokka|GBPCPCFC_22,1222,1348403,0.593,948.8175,764.2049,0.8661,0.0,0.3406,-0.3531,1302,0.4622,0.565,0.5773,0,0,0.2735,0.0,0.3202,0.0,0.3226,-0.6649,-0.5521
GBPCPCFC_01908,gnl|Prokka|GBPCPCFC_22,1222,1348403,0.593,948.8175,764.2049,0.8661,0.0,0.3406,-0.3531,1554,0.7919,0.909,0.5806,0,0,0.0194,0.7575,0.0699,0.2652,0.3282,-0.5048,-0.502
GBPCPCFC_01909,gnl|Prokka|GBPCPCFC_22,1222,1348403,0.593,948.8175,764.2049,0.8661,0.0,0.3406,-0.3531,1914,1.263,1.4004,0.5836,0,0,0.1797,0.0039,0.2832,0.0,0.4101,1.8363,0.2294
GBPCPCFC_01910,gnl|Prokka|GBPCPCFC_22,1222,1348403,0.593,948.8175,764.2049,0.8661,0.0,0.3406,-0.3531,1350,0.525,0.6305,0.5856,0,0,0.2059,0.0009,0.2232,0.0003,0.3607,0.4252,-0.2115
GBPCPCFC_01911,gnl|Prokka|GBPCPCFC_22,1222,1348403,0.593,948.8175,764.2049,0.8661,0.0,0.3406,-0.3531,1614,0.8704,0.9909,0.5881,0,0,0.1797,0.0039,0.2263,0.0003,0.3055,-1.1542,-0.7049
GBPCPCFC_01912,gnl|Prokka|GBPCPCFC_22,1222,1348403,0.593,948.8175,764.2049,0.8661,0.0,0.3406,-0.3531,807,-0.1856,-0.1106,0.5893,0,0,0.1221,0.051,0.1067,0.0885,0.3234,-0.6409,-0.5446
GBPCPCFC_01913,gnl|Prokka|GBPCPCFC_22,1222,1348403,0.593,948.8175,764.2049,0.8661,0.0,0.3406,-0.3531,90,-1.1238,-1.0892,0.5899,0,0,0.0047,0.9614,0.0965,0.3227,0.3111,-0.9925,-0.6544
GBPCPCFC_01914,gnl|Prokka|GBPCPCFC_22,1222,1348403,0.593,948.8175,764.2049,0.8661,0.0,0.3406,-0.3531,780,-0.2209,-0.1474,0.5911,0,0,0.1022,0.1028,0.103,0.1,0.3692,0.6678,-0.1357
GBPCPCFC_01915,gnl|Prokka|GBPCPCFC_22,1222,1348403,0.593,948.8175,764.2049,0.8661,0.0,0.3406,-0.3531,453,-0.6488,-0.5938,0.5921,0,0,0.0521,0.4269,0.0779,0.2344,0.3333,-0.3577,-0.4561
GBPCPCFC_01916,gnl|Prokka|GBPCPCFC_22,1222,1348403,0.593,948.8175,764.2049,0.8661,0.0,0.3406,-0.3531,1449,0.6545,0.7657,0.5943,0,0,0.1028,0.1006,0.1309,0.0363,0.3361,-0.2788,-0.4315
GBPCPCFC_01917,gnl|Prokka|GBPCPCFC_22,1222,1348403,0.593,948.8175,764.2049,0.8661,0.0,0.3406,-0.3531,591,-0.4682,-0.4054,0.5953,0,0,0.1459,0.0215,0.1728,0.0064,0.335,-0.3094,-0.441
GBPCPCFC_01918,gnl|Prokka|GBPCPCFC_22,1222,1348403,0.593,948.8175,764.2049,0.8661,0.0,0.3406,-0.3531,426,-0.6841,-0.6306,0.596,0,0,0.1024,0.1078,0.1344,0.0344,0.3498,0.1117,-0.3094
GBPCPCFC_01919,gnl|Prokka|GBPCPCFC_22,1222,1348403,0.593,948.8175,764.2049,0.8661,0.0,0.3406,-0.3531,543,-0.531,-0.4709,0.5983,0,0,0.1212,0.0603,0.1508,0.0191,0.2947,-1.4625,-0.8013
GBPCPCFC_01920,gnl|Prokka|GBPCPCFC_22,1222,1348403,0.593,948.8175,764.2049,0.8661,0.0,0.3406,-0.3531,465,-0.6331,-0.5774,0.5995,0,0,0.112,0.0784,0.1842,0.0036,0.3161,-0.8492,-0.6096
GBPCPCFC_01921,gnl|Prokka|GBPCPCFC_22,1222,1348403,0.593,948.8175,764.2049,0.8661,0.0,0.3406,-0.3531,168,-1.0217,-0.9828,0.5997,0,0,0.0625,0.3981,0.04,0.5884,0.2917,-1.548,-0.828
GBPCPCFC_01922,gnl|Prokka|GBPCPCFC_22,1222,1348403,0.593,948.8175,764.2049,0.8661,0.0,0.3406,-0.3531,600,-0.4564,-0.3931,0.6009,0,0,-0.0194,0.779,0.0152,0.8258,0.3083,-1.0719,-0.6792
GBPCPCFC_01923,gnl|Prokka|GBPCPCFC_22,1222,1348403,0.593,948.8175,764.2049,0.8661,0.0,0.3406,-0.3531,5499,5.9541,6.2935,0.6098,0,0,0.3869,0.0,0.5043,0.0,0.3359,-0.285,-0.4334
GBPCPCFC_01924,gnl|Prokka|GBPCPCFC_22,1222,1348403,0.593,948.8175,764.2049,0.8661,0.0,0.3406,-0.3531,1293,0.4504,0.5527,0.6118,0,0,0.1839,0.0031,0.2063,0.0009,0.3534,0.2167,-0.2766
GBPCPCFC_01925,gnl|Prokka|GBPCPCFC_22,1222,1348403,0.593,948.8175,764.2049,0.8661,0.0,0.3406,-0.3531,450,-0.6527,-0.5979,0.6128,0,0,0.138,0.0479,0.1918,0.0058,0.3644,0.531,-0.1784
GBPCPCFC_01926,gnl|Prokka|GBPCPCFC_22,1222,1348403,0.593,948.8175,764.2049,0.8661,0.0,0.3406,-0.3531,1035,0.1128,0.2006,0.6144,0,0,0.2446,0.0001,0.3421,0.0,0.3623,0.4703,-0.1974
GBPCPCFC_01927,gnl|Prokka|GBPCPCFC_22,1222,1348403,0.593,948.8175,764.2049,0.8661,0.0,0.3406,-0.3531,867,-0.1071,-0.0287,0.6159,0,0,0.1104,0.0778,0.1258,0.0443,0.2826,-1.8074,-0.909
GBPCPCFC_01928,gnl|Prokka|GBPCPCFC_22,1222,1348403,0.593,948.8175,764.2049,0.8661,0.0,0.3406,-0.3531,900,-0.0639,0.0163,0.6173,0,0,0.2471,0.0001,0.2242,0.0003,0.3233,-0.6434,-0.5453
GBPCPCFC_01929,gnl|Prokka|GBPCPCFC_22,1222,1348403,0.593,948.8175,764.2049,0.8661,0.0,0.3406,-0.3531,786,-0.2131,-0.1393,0.6185,0,0,0.2981,0.0,0.2847,0.0,0.327,-0.5394,-0.5129
GBPCPCFC_01930,gnl|Prokka|GBPCPCFC_22,1222,1348403,0.593,948.8175,764.2049,0.8661,0.0,0.3406,-0.3531,198,-0.9825,-0.9418,0.6189,0,0,0.1017,0.1469,0.0739,0.2926,0.3485,0.0751,-0.3209
GBPCPCFC_01931,gnl|Prokka|GBPCPCFC_22,1222,1348403,0.593,948.8175,764.2049,0.8661,0.0,0.3406,-0.3531,2127,1.5417,1.6911,0.622,0,0,0.2689,0.0,0.2645,0.0,0.3484,0.0721,-0.3218
GBPCPCFC_01932,gnl|Prokka|GBPCPCFC_22,1222,1348403,0.593,948.8175,764.2049,0.8661,0.0,0.3406,-0.3531,1386,0.5721,0.6797,0.6242,0,0,0.3152,0.0,0.2797,0.0,0.3449,-0.0279,-0.3531
GBPCPCFC_01933,gnl|Prokka|GBPCPCFC_22,1222,1348403,0.593,948.8175,764.2049,0.8661,0.0,0.3406,-0.3531,759,-0.2484,-0.1761,0.6254,0,0,0.0012,0.9846,0.0893,0.1611,0.3136,-0.9222,-0.6325
GBPCPCFC_01934,gnl|Prokka|GBPCPCFC_22,1222,1348403,0.593,948.8175,764.2049,0.8661,0.0,0.3406,-0.3531,1479,0.6938,0.8066,0.6281,0,0,0.2187,0.0004,0.2313,0.0002,0.3245,-0.6088,-0.5345
GBPCPCFC_01935,gnl|Prokka|GBPCPCFC_22,1222,1348403,0.593,948.8175,764.2049,0.8661,0.0,0.3406,-0.3531,819,-0.1699,-0.0942,0.6296,0,0,0.0735,0.2415,0.0885,0.1578,0.3236,-0.6367,-0.5433
GBPCPCFC_01936,gnl|Prokka|GBPCPCFC_22,1222,1348403,0.593,948.8175,764.2049,0.8661,0.0,0.3406,-0.3531,393,-0.7273,-0.6757,0.6303,0,0,0.1447,0.0226,0.193,0.0023,0.3944,1.3868,0.089
GBPCPCFC_01937,gnl|Prokka|GBPCPCFC_22,1222,1348403,0.593,948.8175,764.2049,0.8661,0.0,0.3406,-0.3531,381,-0.743,-0.692,0.6309,0,0,0.0675,0.3125,0.1096,0.1003,0.336,-0.2827,-0.4327
GBPCPCFC_01938,gnl|Prokka|GBPCPCFC_22,1222,1348403,0.593,948.8175,764.2049,0.8661,0.0,0.3406,-0.3531,1248,0.3915,0.4913,0.6329,0,0,0.2518,0.0,0.2721,0.0,0.3213,-0.701,-0.5634
GBPCPCFC_01939,gnl|Prokka|GBPCPCFC_22,1222,1348403,0.593,948.8175,764.2049,0.8661,0.0,0.3406,-0.3531,1065,0.152,0.2416,0.6347,0,0,0.2516,0.0,0.3177,0.0,0.323,-0.6527,-0.5483
GBPCPCFC_01940,gnl|Prokka|GBPCPCFC_22,1222,1348403,0.593,948.8175,764.2049,0.8661,0.0,0.3406,-0.3531,897,-0.0678,0.0122,0.6363,0,0,0.2124,0.0006,0.233,0.0002,0.3278,-0.5169,-0.5058
GBPCPCFC_01941,gnl|Prokka|GBPCPCFC_22,1222,1348403,0.593,948.8175,764.2049,0.8661,0.0,0.3406,-0.3531,1566,0.8076,0.9254,0.6387,0,0,0.3741,0.0,0.4253,0.0,0.3755,0.8463,-0.0799
GBPCPCFC_01942,gnl|Prokka|GBPCPCFC_22,1222,1348403,0.593,948.8175,764.2049,0.8661,0.0,0.3406,-0.3531,822,-0.1659,-0.0901,0.6399,0,0,0.2758,0.0,0.315,0.0,0.3698,0.6849,-0.1304
GBPCPCFC_01943,gnl|Prokka|GBPCPCFC_22,1222,1348403,0.593,948.8175,764.2049,0.8661,0.0,0.3406,-0.3531,1896,1.2394,1.3758,0.6431,0,0,0.2421,0.0001,0.2711,0.0,0.3713,0.7271,-0.1172
GBPCPCFC_01944,gnl|Prokka|GBPCPCFC_22,1222,1348403,0.593,948.8175,764.2049,0.8661,0.0,0.3406,-0.3531,333,-0.8058,-0.7576,0.6437,0,0,0.0898,0.1519,0.0731,0.2438,0.4204,2.1301,0.3212
GBPCPCFC_01945,gnl|Prokka|GBPCPCFC_22,1222,1348403,0.593,948.8175,764.2049,0.8661,0.0,0.3406,-0.3531,735,-0.2798,-0.2089,0.6453,0,0,0.2967,0.0,0.3407,0.0,0.3769,0.886,-0.0675
GBPCPCFC_01946,gnl|Prokka|GBPCPCFC_22,1222,1348403,0.593,948.8175,764.2049,0.8661,0.0,0.3406,-0.3531,582,-0.48,-0.4177,0.6463,0,0,0.1904,0.0026,0.2407,0.0001,0.3351,-0.3086,-0.4408
GBPCPCFC_01947,gnl|Prokka|GBPCPCFC_22,1222,1348403,0.593,948.8175,764.2049,0.8661,0.0,0.3406,-0.3531,1056,0.1403,0.2293,0.6482,0,0,0.1596,0.0105,0.2487,0.0001,0.3163,-0.8446,-0.6082
GBPCPCFC_01948,gnl|Prokka|GBPCPCFC_22,1222,1348403,0.593,948.8175,764.2049,0.8661,0.0,0.3406,-0.3531,660,-0.3779,-0.3112,0.6492,0,0,0.2834,0.0,0.3581,0.0,0.3242,-0.6174,-0.5372
GBPCPCFC_01949,gnl|Prokka|GBPCPCFC_22,1222,1348403,0.593,948.8175,764.2049,0.8661,0.0,0.3406,-0.3531,120,-1.0845,-1.0483,0.6493,0,0,-0.036,0.6705,-0.0543,0.5213,0.3417,-0.1196,-0.3817
GBPCPCFC_01950,gnl|Prokka|GBPCPCFC_22,1222,1348403,0.593,948.8175,764.2049,0.8661,0.0,0.3406,-0.3531,930,-0.0246,0.0573,0.6508,0,0,0.2525,0.0001,0.2401,0.0001,0.3452,-0.0198,-0.3505
GBPCPCFC_01951,gnl|Prokka|GBPCPCFC_22,1222,1348403,0.593,948.8175,764.2049,0.8661,0.0,0.3406,-0.3531,984,0.046,0.131,0.6529,0,0,0.1097,0.0798,0.1372,0.0282,0.3811,1.0068,-0.0298
GBPCPCFC_01952,gnl|Prokka|GBPCPCFC_22,1222,1348403,0.593,948.8175,764.2049,0.8661,0.0,0.3406,-0.3531,1395,0.5839,0.692,0.6553,0,0,0.3208,0.0,0.3924,0.0,0.357,0.3181,-0.245
GBPCPCFC_01953,gnl|Prokka|GBPCPCFC_22,1222,1348403,0.593,948.8175,764.2049,0.8661,0.0,0.3406,-0.3531,1752,1.051,1.1792,0.658,0,0,0.2056,0.0009,0.2569,0.0,0.2814,-1.8415,-0.9197
GBPCPCFC_01954,gnl|Prokka|GBPCPCFC_22,1222,1348403,0.593,948.8175,764.2049,0.8661,0.0,0.3406,-0.3531,702,-0.323,-0.2539,0.659,0,0,0.2432,0.0001,0.2865,0.0,0.3846,1.1073,0.0016
GBPCPCFC_01955,gnl|Prokka|GBPCPCFC_22,1222,1348403,0.593,948.8175,764.2049,0.8661,0.0,0.3406,-0.3531,675,-0.3583,-0.2908,0.6601,0,0,0.2514,0.0001,0.286,0.0,0.2726,-2.0928,-0.9982
GBPCPCFC_01956,gnl|Prokka|GBPCPCFC_22,1222,1348403,0.593,948.8175,764.2049,0.8661,0.0,0.3406,-0.3531,951,0.0029,0.086,0.6615,0,0,0.3249,0.0,0.3881,0.0,0.3596,0.3933,-0.2215
GBPCPCFC_01957,gnl|Prokka|GBPCPCFC_22,1222,1348403,0.593,948.8175,764.2049,0.8661,0.0,0.3406,-0.3531,1149,0.2619,0.3562,0.6643,0,0,0.1393,0.0259,0.1571,0.0119,0.3281,-0.5069,-0.5027
GBPCPCFC_01958,gnl|Prokka|GBPCPCFC_22,1222,1348403,0.593,948.8175,764.2049,0.8661,0.0,0.3406,-0.3531,1734,1.0275,1.1547,0.6669,0,0,0.2853,0.0,0.3682,0.0,0.3183,-0.786,-0.5899
GBPCPCFC_01959,gnl|Prokka|GBPCPCFC_22,1222,1348403,0.593,948.8175,764.2049,0.8661,0.0,0.3406,-0.3531,783,-0.217,-0.1434,0.6682,0,0,0.0709,0.2586,0.1848,0.003,0.3231,-0.6496,-0.5473
GBPCPCFC_01960,gnl|Prokka|GBPCPCFC_22,1222,1348403,0.593,948.8175,764.2049,0.8661,0.0,0.3406,-0.3531,435,-0.6724,-0.6183,0.6689,0,0,0.1433,0.0261,0.1968,0.0022,0.377,0.89,-0.0663
GBPCPCFC_01961,gnl|Prokka|GBPCPCFC_22,1222,1348403,0.593,948.8175,764.2049,0.8661,0.0,0.3406,-0.3531,492,-0.5978,-0.5405,0.6701,0,0,0.0759,0.226,0.0293,0.6406,0.3984,1.5003,0.1244
GBPCPCFC_01962,gnl|Prokka|GBPCPCFC_22,1222,1348403,0.593,948.8175,764.2049,0.8661,0.0,0.3406,-0.3531,555,-0.5153,-0.4546,0.6714,0,0,0.1901,0.0023,0.2184,0.0004,0.3153,-0.8724,-0.6169
GBPCPCFC_01963,gnl|Prokka|GBPCPCFC_22,1222,1348403,0.593,948.8175,764.2049,0.8661,0.0,0.3406,-0.3531,696,-0.3308,-0.2621,0.6725,0,0,0.164,0.0097,0.1556,0.0142,0.342,-0.1114,-0.3792
GBPCPCFC_01964,gnl|Prokka|GBPCPCFC_22,1222,1348403,0.593,948.8175,764.2049,0.8661,0.0,0.3406,-0.3531,777,-0.2248,-0.1515,0.6736,0,0,0.0557,0.3748,0.0985,0.1161,0.3192,-0.7621,-0.5825
GBPCPCFC_01965,gnl|Prokka|GBPCPCFC_22,1222,1348403,0.593,948.8175,764.2049,0.8661,0.0,0.3406,-0.3531,549,-0.5232,-0.4627,0.6745,0,0,0.0423,0.5,0.0946,0.131,0.3333,-0.3577,-0.4561
GBPCPCFC_01966,gnl|Prokka|GBPCPCFC_22,1222,1348403,0.593,948.8175,764.2049,0.8661,0.0,0.3406,-0.3531,507,-0.5781,-0.5201,0.6753,0,0,0.0947,0.1417,0.0926,0.151,0.3156,-0.8648,-0.6145
GBPCPCFC_01967,gnl|Prokka|GBPCPCFC_22,1222,1348403,0.593,948.8175,764.2049,0.8661,0.0,0.3406,-0.3531,480,-0.6135,-0.5569,0.676,0,0,0.0394,0.5705,-0.0474,0.4946,0.2729,-2.0836,-0.9953
GBPCPCFC_01968,gnl|Prokka|GBPCPCFC_22,1222,1348403,0.593,948.8175,764.2049,0.8661,0.0,0.3406,-0.3531,225,-0.9472,-0.905,0.6763,0,0,0.0883,0.1992,0.0945,0.1693,0.3733,0.785,-0.0991
GBPCPCFC_01969,gnl|Prokka|GBPCPCFC_22,1222,1348403,0.593,948.8175,764.2049,0.8661,0.0,0.3406,-0.3531,1818,1.1374,1.2693,0.6792,0,0,0.2875,0.0,0.3954,0.0,0.3361,-0.2791,-0.4315
GBPCPCFC_01970,gnl|Prokka|GBPCPCFC_22,1222,1348403,0.593,948.8175,764.2049,0.8661,0.0,0.3406,-0.3531,1998,1.3729,1.515,0.6822,0,0,0.3611,0.0,0.4097,0.0,0.3569,0.3143,-0.2461
GBPCPCFC_01971,gnl|Prokka|GBPCPCFC_22,1222,1348403,0.593,948.8175,764.2049,0.8661,0.0,0.3406,-0.3531,1545,0.7801,0.8967,0.6845,0,0,0.2914,0.0,0.3276,0.0,0.3851,1.1215,0.0061
GBPCPCFC_01972,gnl|Prokka|GBPCPCFC_22,1222,1348403,0.593,948.8175,764.2049,0.8661,0.0,0.3406,-0.3531,699,-0.3269,-0.258,0.6861,0,0,0.0767,0.2212,0.1108,0.0767,0.3677,0.6231,-0.1497
GBPCPCFC_01973,gnl|Prokka|GBPCPCFC_22,1222,1348403,0.593,948.8175,764.2049,0.8661,0.0,0.3406,-0.3531,1293,0.4504,0.5527,0.6882,0,0,0.2,0.0013,0.2148,0.0005,0.3534,0.2167,-0.2766
GBPCPCFC_01974,gnl|Prokka|GBPCPCFC_22,1222,1348403,0.593,948.8175,764.2049,0.8661,0.0,0.3406,-0.3531,861,-0.1149,-0.0369,0.6896,0,0,0.101,0.1071,0.0987,0.1154,0.3391,-0.1918,-0.4043
GBPCPCFC_01975,gnl|Prokka|GBPCPCFC_22,1222,1348403,0.593,948.8175,764.2049,0.8661,0.0,0.3406,-0.3531,363,-0.7666,-0.7166,0.6901,0,0,0.1967,0.0022,0.1822,0.0046,0.3306,-0.4364,-0.4807
GBPCPCFC_01976,gnl|Prokka|GBPCPCFC_22,1222,1348403,0.593,948.8175,764.2049,0.8661,0.0,0.3406,-0.3531,1038,0.1167,0.2047,0.6917,0,0,0.2245,0.0003,0.3244,0.0,0.3285,-0.4953,-0.4991
GBPCPCFC_01977,gnl|Prokka|GBPCPCFC_22,1222,1348403,0.593,948.8175,764.2049,0.8661,0.0,0.3406,-0.3531,2574,2.1266,2.3012,0.6955,0,0,0.332,0.0,0.3292,0.0,0.3644,0.5302,-0.1787
GBPCPCFC_01978,gnl|Prokka|GBPCPCFC_22,1222,1348403,0.593,948.8175,764.2049,0.8661,0.0,0.3406,-0.3531,198,-0.9825,-0.9418,0.6963,0,0,-0.0482,0.4775,-0.0049,0.9423,0.3535,0.2194,-0.2758
GBPCPCFC_01979,gnl|Prokka|GBPCPCFC_22,1222,1348403,0.593,948.8175,764.2049,0.8661,0.0,0.3406,-0.3531,1716,1.0039,1.1301,0.6995,0,0,0.3616,0.0,0.3624,0.0,0.3362,-0.2745,-0.4301
GBPCPCFC_01980,gnl|Prokka|GBPCPCFC_22,1222,1348403,0.593,948.8175,764.2049,0.8661,0.0,0.3406,-0.3531,609,-0.4447,-0.3808,0.7004,0,0,0.2028,0.0013,0.2327,0.0002,0.3415,-0.1232,-0.3828
GBPCPCFC_01981,gnl|Prokka|GBPCPCFC_22,1222,1348403,0.593,948.8175,764.2049,0.8661,0.0,0.3406,-0.3531,936,-0.0168,0.0655,0.7017,0,0,0.2124,0.0008,0.2922,0.0,0.2991,-1.3343,-0.7612
GBPCPCFC_01982,gnl|Prokka|GBPCPCFC_22,1222,1348403,0.593,948.8175,764.2049,0.8661,0.0,0.3406,-0.3531,288,-0.8647,-0.819,0.7021,0,0,0.129,0.0621,0.093,0.1792,0.2951,-1.4488,-0.797
GBPCPCFC_01983,gnl|Prokka|GBPCPCFC_22,1222,1348403,0.593,948.8175,764.2049,0.8661,0.0,0.3406,-0.3531,2418,1.9225,2.0883,0.706,0,0,0.3489,0.0,0.3715,0.0,0.3553,0.2685,-0.2605
GBPCPCFC_01984,gnl|Prokka|GBPCPCFC_22,1222,1348403,0.593,948.8175,764.2049,0.8661,0.0,0.3406,-0.3531,3120,2.8411,3.0464,0.7109,0,0,0.3179,0.0,0.3933,0.0,0.3878,1.1988,0.0302
GBPCPCFC_01985,gnl|Prokka|GBPCPCFC_22,1222,1348403,0.593,948.8175,764.2049,0.8661,0.0,0.3406,-0.3531,285,-0.8686,-0.8231,0.7113,0,0,0.0611,0.3461,0.1628,0.0115,0.4175,2.0479,0.2955
GBPCPCFC_01986,gnl|Prokka|GBPCPCFC_22,1222,1348403,0.593,948.8175,764.2049,0.8661,0.0,0.3406,-0.3531,2016,1.3965,1.5396,0.7143,0,0,0.2572,0.0,0.351,0.0,0.3661,0.5775,-0.1639
GBPCPCFC_01987,gnl|Prokka|GBPCPCFC_22,1222,1348403,0.593,948.8175,764.2049,0.8661,0.0,0.3406,-0.3531,246,-0.9197,-0.8763,0.7146,0,0,0.172,0.0106,0.2247,0.0008,0.4512,3.0099,0.5961
GBPCPCFC_01988,gnl|Prokka|GBPCPCFC_22,1222,1348403,0.593,948.8175,764.2049,0.8661,0.0,0.3406,-0.3531,2883,2.531,2.7229,0.7188,0,0,0.3071,0.0,0.4355,0.0,0.3524,0.1873,-0.2858
GBPCPCFC_01989,gnl|Prokka|GBPCPCFC_22,1222,1348403,0.593,948.8175,764.2049,0.8661,0.0,0.3406,-0.3531,2832,2.4642,2.6533,0.7231,0,0,0.3029,0.0,0.3622,0.0,0.3475,0.0458,-0.33
GBPCPCFC_01990,gnl|Prokka|GBPCPCFC_22,1222,1348403,0.593,948.8175,764.2049,0.8661,0.0,0.3406,-0.3531,3315,3.0963,3.3126,0.728,0,0,0.1938,0.0018,0.2755,0.0,0.356,0.2886,-0.2542
GBPCPCFC_01991,gnl|Prokka|GBPCPCFC_22,1222,1348403,0.593,948.8175,764.2049,0.8661,0.0,0.3406,-0.3531,504,-0.5821,-0.5242,0.7294,0,0,0.1929,0.0019,0.2135,0.0006,0.3552,0.2658,-0.2613
GBPCPCFC_01992,gnl|Prokka|GBPCPCFC_22,1222,1348403,0.593,948.8175,764.2049,0.8661,0.0,0.3406,-0.3531,1251,0.3954,0.4954,0.7318,0,0,0.262,0.0,0.3735,0.0,0.3357,-0.2892,-0.4347
GBPCPCFC_01993,gnl|Prokka|GBPCPCFC_22,1222,1348403,0.593,948.8175,764.2049,0.8661,0.0,0.3406,-0.3531,600,-0.4564,-0.3931,0.7328,0,0,0.239,0.0001,0.2823,0.0,0.3067,-1.1195,-0.6941
GBPCPCFC_01994,gnl|Prokka|GBPCPCFC_22,1222,1348403,0.593,948.8175,764.2049,0.8661,0.0,0.3406,-0.3531,1305,0.4661,0.5691,0.7347,0,0,0.2115,0.0007,0.2388,0.0001,0.3755,0.8463,-0.0799
GBPCPCFC_01995,gnl|Prokka|GBPCPCFC_22,1222,1348403,0.593,948.8175,764.2049,0.8661,0.0,0.3406,-0.3531,4125,4.1562,4.4182,0.741,0,0,0.421,0.0,0.4829,0.0,0.3872,1.1797,0.0242
GBPCPCFC_01996,gnl|Prokka|GBPCPCFC_22,1222,1348403,0.593,948.8175,764.2049,0.8661,0.0,0.3406,-0.3531,4107,4.1326,4.3936,0.7472,0,0,0.3868,0.0,0.3991,0.0,0.3682,0.637,-0.1453
GBPCPCFC_01997,gnl|Prokka|GBPCPCFC_22,1222,1348403,0.593,948.8175,764.2049,0.8661,0.0,0.3406,-0.3531,369,-0.7587,-0.7084,0.7494,0,0,0.3691,0.0,0.1985,0.002,0.4011,1.5777,0.1486
GBPCPCFC_01998,gnl|Prokka|GBPCPCFC_22,1222,1348403,0.593,948.8175,764.2049,0.8661,0.0,0.3406,-0.3531,510,-0.5742,-0.516,0.7502,0,0,0.3006,0.0,0.3051,0.0,0.3647,0.5385,-0.1761
GBPCPCFC_01999,gnl|Prokka|GBPCPCFC_22,1222,1348403,0.593,948.8175,764.2049,0.8661,0.0,0.3406,-0.3531,726,-0.2916,-0.2212,0.7513,0,0,0.3042,0.0,0.2988,0.0,0.3788,0.9408,-0.0504
GBPCPCFC_02000,gnl|Prokka|GBPCPCFC_22,1222,1348403,0.593,948.8175,764.2049,0.8661,0.0,0.3406,-0.3531,435,-0.6724,-0.6183,0.752,0,0,0.0782,0.2335,0.0075,0.9087,0.3494,0.102,-0.3125
GBPCPCFC_02001,gnl|Prokka|GBPCPCFC_22,1222,1348403,0.593,948.8175,764.2049,0.8661,0.0,0.3406,-0.3531,531,-0.5467,-0.4873,0.7529,0,0,0.109,0.0817,0.1769,0.0045,0.354,0.2341,-0.2712
GBPCPCFC_02002,gnl|Prokka|GBPCPCFC_22,1222,1348403,0.593,948.8175,764.2049,0.8661,0.0,0.3406,-0.3531,201,-0.9786,-0.9377,0.7532,0,0,0.1753,0.0369,0.1804,0.0317,0.2438,-2.9159,-1.2554
GBPCPCFC_02003,gnl|Prokka|GBPCPCFC_22,1222,1348403,0.593,948.8175,764.2049,0.8661,0.0,0.3406,-0.3531,76,-1.1421,-1.1083,0.7533,0,0,-0.0626,0.49,0.0357,0.6939,0.5526,5.9069,1.5012
GBPCPCFC_02004,gnl|Prokka|GBPCPCFC_22,1222,1348403,0.593,948.8175,764.2049,0.8661,0.0,0.3406,-0.3531,2079,1.4789,1.6256,0.7567,0,0,0.3476,0.0,0.3711,0.0,0.3959,1.4286,0.102
GBPCPCFC_02005,gnl|Prokka|GBPCPCFC_22,1222,1348403,0.593,948.8175,764.2049,0.8661,0.0,0.3406,-0.3531,489,-0.6017,-0.5446,0.7574,0,0,0.1899,0.0031,0.2423,0.0002,0.3497,0.1097,-0.3101
GBPCPCFC_02006,gnl|Prokka|GBPCPCFC_22,1222,1348403,0.593,948.8175,764.2049,0.8661,0.0,0.3406,-0.3531,384,-0.7391,-0.6879,0.758,0,0,0.053,0.398,0.0906,0.1482,0.3984,1.5021,0.125
GBPCPCFC_02007,gnl|Prokka|GBPCPCFC_22,1222,1348403,0.593,948.8175,764.2049,0.8661,0.0,0.3406,-0.3531,651,-0.3897,-0.3235,0.76,0,0,0.098,0.1358,0.186,0.0044,0.3425,-0.0944,-0.3738
GBPCPCFC_02008,gnl|Prokka|GBPCPCFC_22,1222,1348403,0.593,948.8175,764.2049,0.8661,0.0,0.3406,-0.3531,393,-0.7273,-0.6757,0.7606,0,0,-0.0496,0.4638,-0.0289,0.6696,0.2799,-1.8841,-0.933
GBPCPCFC_02009,gnl|Prokka|GBPCPCFC_22,1222,1348403,0.593,948.8175,764.2049,0.8661,0.0,0.3406,-0.3531,2811,2.4368,2.6247,0.7647,0,0,0.3256,0.0,0.3573,0.0,0.3618,0.4553,-0.2021
GBPCPCFC_02010,gnl|Prokka|GBPCPCFC_22,1222,1348403,0.593,948.8175,764.2049,0.8661,0.0,0.3406,-0.3531,678,-0.3544,-0.2867,0.7658,0,0,0.2216,0.0004,0.2829,0.0,0.3658,0.5692,-0.1665
GBPCPCFC_02011,gnl|Prokka|GBPCPCFC_22,1222,1348403,0.593,948.8175,764.2049,0.8661,0.0,0.3406,-0.3531,855,-0.1228,-0.0451,0.7674,0,0,0.2037,0.001,0.2312,0.0002,0.3485,0.0767,-0.3204
GBPCPCFC_02012,gnl|Prokka|GBPCPCFC_22,1222,1348403,0.593,948.8175,764.2049,0.8661,0.0,0.3406,-0.3531,1530,0.7605,0.8762,0.7696,0,0,0.1597,0.0105,0.2089,0.0008,0.3307,-0.4324,-0.4794
GBPCPCFC_02013,gnl|Prokka|GBPCPCFC_22,1222,1348403,0.593,948.8175,764.2049,0.8661,0.0,0.3406,-0.3531,1668,0.9411,1.0646,0.7728,0,0,0.2437,0.0001,0.3747,0.0,0.3777,0.9096,-0.0601
GBPCPCFC_02014,gnl|Prokka|GBPCPCFC_22,1222,1348403,0.593,948.8175,764.2049,0.8661,0.0,0.3406,-0.3531,750,-0.2602,-0.1884,0.7739,0,0,0.1436,0.0237,0.087,0.1721,0.328,-0.51,-0.5037
GBPCPCFC_02015,gnl|Prokka|GBPCPCFC_22,1222,1348403,0.593,948.8175,764.2049,0.8661,0.0,0.3406,-0.3531,2031,1.4161,1.56,0.777,0,0,0.3577,0.0,0.413,0.0,0.3181,-0.7937,-0.5923
GBPCPCFC_02016,gnl|Prokka|GBPCPCFC_22,1222,1348403,0.593,948.8175,764.2049,0.8661,0.0,0.3406,-0.3531,1005,0.0735,0.1597,0.7785,0,0,0.209,0.0008,0.224,0.0003,0.3751,0.8361,-0.0831
GBPCPCFC_02017,gnl|Prokka|GBPCPCFC_22,1222,1348403,0.593,948.8175,764.2049,0.8661,0.0,0.3406,-0.3531,930,-0.0246,0.0573,0.7799,0,0,0.223,0.0003,0.2805,0.0,0.3634,0.5024,-0.1874
GBPCPCFC_02018,gnl|Prokka|GBPCPCFC_22,1222,1348403,0.593,948.8175,764.2049,0.8661,0.0,0.3406,-0.3531,1980,1.3494,1.4904,0.7828,0,0,0.3585,0.0,0.457,0.0,0.346,0.003,-0.3434
GBPCPCFC_02019,gnl|Prokka|GBPCPCFC_22,1222,1348403,0.593,948.8175,764.2049,0.8661,0.0,0.3406,-0.3531,147,-1.0492,-1.0114,0.7833,0,0,0.2072,0.0099,0.1166,0.15,0.3061,-1.135,-0.699
GBPCPCFC_02020,gnl|Prokka|GBPCPCFC_22,1222,1348403,0.593,948.8175,764.2049,0.8661,0.0,0.3406,-0.3531,1521,0.7487,0.8639,0.7855,0,0,0.2575,0.0,0.3116,0.0,0.3695,0.6753,-0.1334
GBPCPCFC_02021,gnl|Prokka|GBPCPCFC_22,1222,1348403,0.593,948.8175,764.2049,0.8661,0.0,0.3406,-0.3531,2352,1.8361,1.9982,0.7892,0,0,0.3841,0.0,0.3751,0.0,0.3333,-0.3577,-0.4561
GBPCPCFC_02022,gnl|Prokka|GBPCPCFC_22,1222,1348403,0.593,948.8175,764.2049,0.8661,0.0,0.3406,-0.3531,1497,0.7173,0.8312,0.7918,0,0,0.2991,0.0,0.3778,0.0,0.3721,0.7491,-0.1103
GBPCPCFC_02023,gnl|Prokka|GBPCPCFC_22,1222,1348403,0.593,948.8175,764.2049,0.8661,0.0,0.3406,-0.3531,762,-0.2445,-0.172,0.7933,0,0,0.155,0.0145,0.1729,0.0064,0.353,0.2046,-0.2804
GBPCPCFC_02024,gnl|Prokka|GBPCPCFC_22,1222,1348403,0.593,948.8175,764.2049,0.8661,0.0,0.3406,-0.3531,1293,0.4504,0.5527,0.7952,0,0,0.1839,0.0031,0.2063,0.0009,0.3534,0.2167,-0.2766
GBPCPCFC_02025,gnl|Prokka|GBPCPCFC_22,1222,1348403,0.593,948.8175,764.2049,0.8661,0.0,0.3406,-0.3531,348,-0.7862,-0.7371,0.7959,0,0,-0.0084,0.9064,0.0554,0.4372,0.2787,-1.9174,-0.9434
GBPCPCFC_02026,gnl|Prokka|GBPCPCFC_22,1222,1348403,0.593,948.8175,764.2049,0.8661,0.0,0.3406,-0.3531,912,-0.0482,0.0327,0.7975,0,0,0.2994,0.0,0.3874,0.0,0.3695,0.676,-0.1331
GBPCPCFC_02027,gnl|Prokka|GBPCPCFC_22,1222,1348403,0.593,948.8175,764.2049,0.8661,0.0,0.3406,-0.3531,435,-0.6724,-0.6183,0.7983,0,0,0.2241,0.0007,0.2829,0.0,0.3494,0.102,-0.3125
GBPCPCFC_02028,gnl|Prokka|GBPCPCFC_22,1222,1348403,0.593,948.8175,764.2049,0.8661,0.0,0.3406,-0.3531,510,-0.5742,-0.516,0.7993,0,0,0.2904,0.0,0.2721,0.0,0.2569,-2.5422,-1.1386
GBPCPCFC_02029,gnl|Prokka|GBPCPCFC_22,1222,1348403,0.593,948.8175,764.2049,0.8661,0.0,0.3406,-0.3531,741,-0.2719,-0.2007,0.8007,0,0,0.0767,0.2214,0.1348,0.031,0.3185,-0.7818,-0.5886
GBPCPCFC_02030,gnl|Prokka|GBPCPCFC_22,1222,1348403,0.593,948.8175,764.2049,0.8661,0.0,0.3406,-0.3531,936,-0.0168,0.0655,0.8023,0,0,0.1397,0.0254,0.1637,0.0087,0.3761,0.8631,-0.0747
GBPCPCFC_02031,gnl|Prokka|GBPCPCFC_22,1222,1348403,0.593,948.8175,764.2049,0.8661,0.0,0.3406,-0.3531,1806,1.1217,1.2529,0.8054,0,0,0.1599,0.0104,0.2504,0.0001,0.3765,0.8761,-0.0706
GBPCPCFC_02032,gnl|Prokka|GBPCPCFC_22,1222,1348403,0.593,948.8175,764.2049,0.8661,0.0,0.3406,-0.3531,1428,0.627,0.737,0.8074,0,0,0.2688,0.0,0.3129,0.0,0.3508,0.1424,-0.2998
GBPCPCFC_02033,gnl|Prokka|GBPCPCFC_22,1222,1348403,0.593,948.8175,764.2049,0.8661,0.0,0.3406,-0.3531,1548,0.7841,0.9008,0.8099,0,0,0.1414,0.0237,0.1671,0.0074,0.3463,0.0114,-0.3408
GBPCPCFC_02034,gnl|Prokka|GBPCPCFC_22,1222,1348403,0.593,948.8175,764.2049,0.8661,0.0,0.3406,-0.3531,399,-0.7195,-0.6675,0.8105,0,0,0.1826,0.0045,0.2683,0.0,0.3358,-0.2861,-0.4337
GBPCPCFC_02035,gnl|Prokka|GBPCPCFC_22,1222,1348403,0.593,948.8175,764.2049,0.8661,0.0,0.3406,-0.3531,849,-0.1306,-0.0533,0.8123,0,0,0.1704,0.0063,0.2346,0.0002,0.3687,0.6517,-0.1407
GBPCPCFC_02036,gnl|Prokka|GBPCPCFC_22,1222,1348403,0.593,948.8175,764.2049,0.8661,0.0,0.3406,-0.3531,957,0.0107,0.0941,0.8141,0,0,0.1971,0.0018,0.1913,0.0025,0.3344,-0.3278,-0.4468
GBPCPCFC_02037,gnl|Prokka|GBPCPCFC_22,1222,1348403,0.593,948.8175,764.2049,0.8661,0.0,0.3406,-0.3531,444,-0.6606,-0.6061,0.8148,0,0,0.1568,0.0134,0.1987,0.0017,0.3626,0.4787,-0.1948
GBPCPCFC_02038,gnl|Prokka|GBPCPCFC_22,1222,1348403,0.593,948.8175,764.2049,0.8661,0.0,0.3406,-0.3531,2868,2.5113,2.7025,0.8192,0,0,0.275,0.0,0.2825,0.0,0.3567,0.3097,-0.2476
GBPCPCFC_02039,gnl|Prokka|GBPCPCFC_22,1222,1348403,0.593,948.8175,764.2049,0.8661,0.0,0.3406,-0.3531,990,0.0539,0.1392,0.8207,0,0,0.2375,0.0001,0.2838,0.0,0.3152,-0.8771,-0.6184
GBPCPCFC_02040,gnl|Prokka|GBPCPCFC_22,1222,1348403,0.593,948.8175,764.2049,0.8661,0.0,0.3406,-0.3531,3084,2.794,2.9973,0.8259,0,0,0.35,0.0,0.3801,0.0,0.3538,0.2259,-0.2738
GBPCPCFC_02041,gnl|Prokka|GBPCPCFC_22,1222,1348403,0.593,948.8175,764.2049,0.8661,0.0,0.3406,-0.3531,654,-0.3858,-0.3194,0.8275,0,0,0.1551,0.013,0.1428,0.0223,0.3654,0.5596,-0.1695
GBPCPCFC_02042,gnl|Prokka|GBPCPCFC_22,1222,1348403,0.593,948.8175,764.2049,0.8661,0.0,0.3406,-0.3531,180,-1.006,-0.9664,0.8277,0,0,-0.0806,0.285,-0.0349,0.6441,0.3556,0.2771,-0.2578
GBPCPCFC_02043,gnl|Prokka|GBPCPCFC_22,1222,1348403,0.593,948.8175,764.2049,0.8661,0.0,0.3406,-0.3531,1608,0.8626,0.9827,0.8306,0,0,0.2538,0.0,0.3307,0.0,0.3607,0.424,-0.2119
GBPCPCFC_02044,gnl|Prokka|GBPCPCFC_22,1222,1348403,0.593,948.8175,764.2049,0.8661,0.0,0.3406,-0.3531,1311,0.4739,0.5773,0.8325,0,0,0.1092,0.0812,0.2316,0.0002,0.3501,0.1217,-0.3063
GBPCPCFC_02045,gnl|Prokka|GBPCPCFC_22,1222,1348403,0.593,948.8175,764.2049,0.8661,0.0,0.3406,-0.3531,1023,0.0971,0.1842,0.8343,0,0,0.2386,0.0001,0.3494,0.0,0.3803,0.9827,-0.0373
GBPCPCFC_02046,gnl|Prokka|GBPCPCFC_22,1222,1348403,0.593,948.8175,764.2049,0.8661,0.0,0.3406,-0.3531,147,-1.0492,-1.0114,0.8346,0,0,-0.0173,0.8089,0.0413,0.5639,0.4694,3.5289,0.7582
GBPCPCFC_02047,gnl|Prokka|GBPCPCFC_22,1222,1348403,0.593,948.8175,764.2049,0.8661,0.0,0.3406,-0.3531,174,-1.0139,-0.9746,0.8349,0,0,0.1407,0.0596,0.2402,0.0012,0.2989,-1.3427,-0.7639
GBPCPCFC_02048,gnl|Prokka|GBPCPCFC_22,1222,1348403,0.593,948.8175,764.2049,0.8661,0.0,0.3406,-0.3531,2001,1.3768,1.5191,0.838,0,0,0.3206,0.0,0.347,0.0,0.3393,-0.1864,-0.4026
GBPCPCFC_02049,gnl|Prokka|GBPCPCFC_22,1222,1348403,0.593,948.8175,764.2049,0.8661,0.0,0.3406,-0.3531,1419,0.6153,0.7247,0.8401,0,0,0.2172,0.0005,0.2838,0.0,0.3587,0.367,-0.2297
GBPCPCFC_02050,gnl|Prokka|GBPCPCFC_22,1222,1348403,0.593,948.8175,764.2049,0.8661,0.0,0.3406,-0.3531,1146,0.258,0.3521,0.8419,0,0,0.2039,0.001,0.2608,0.0,0.349,0.091,-0.3159
GBPCPCFC_02051,gnl|Prokka|GBPCPCFC_22,1222,1348403,0.593,948.8175,764.2049,0.8661,0.0,0.3406,-0.3531,85,-1.1303,-1.0961,0.8422,0,0,-0.0818,0.3066,-0.1027,0.1992,0.5529,5.9157,1.504
GBPCPCFC_02052,gnl|Prokka|GBPCPCFC_22,1222,1348403,0.593,948.8175,764.2049,0.8661,0.0,0.3406,-0.3531,1335,0.5053,0.6101,0.8442,0,0,0.1963,0.0016,0.1848,0.003,0.3333,-0.3577,-0.4561
GBPCPCFC_02053,gnl|Prokka|GBPCPCFC_22,1222,1348403,0.593,948.8175,764.2049,0.8661,0.0,0.3406,-0.3531,405,-0.7116,-0.6593,0.8449,0,0,0.001,0.9882,0.068,0.3002,0.284,-1.7684,-0.8968
GBPCPCFC_02054,gnl|Prokka|GBPCPCFC_22,1222,1348403,0.593,948.8175,764.2049,0.8661,0.0,0.3406,-0.3531,1332,0.5014,0.606,0.8478,0,0,0.105,0.0937,0.135,0.0308,0.3446,-0.036,-0.3556
GBPCPCFC_02055,gnl|Prokka|GBPCPCFC_22,1222,1348403,0.593,948.8175,764.2049,0.8661,0.0,0.3406,-0.3531,708,-0.3151,-0.2457,0.8487,0,0,0.083,0.1917,0.1914,0.0024,0.2994,-1.326,-0.7586
GBPCPCFC_02056,gnl|Prokka|GBPCPCFC_22,1222,1348403,0.593,948.8175,764.2049,0.8661,0.0,0.3406,-0.3531,1401,0.5917,0.7002,0.8515,0,0,0.3136,0.0,0.3867,0.0,0.3519,0.1724,-0.2905
GBPCPCFC_02057,gnl|Prokka|GBPCPCFC_22,1222,1348403,0.593,948.8175,764.2049,0.8661,0.0,0.3406,-0.3531,720,-0.2994,-0.2293,0.8528,0,0,0.1687,0.0078,0.1389,0.0288,0.3472,0.0391,-0.3321
GBPCPCFC_02058,gnl|Prokka|GBPCPCFC_22,1222,1348403,0.593,948.8175,764.2049,0.8661,0.0,0.3406,-0.3531,888,-0.0796,-0.0,0.8545,0,0,0.2562,0.0,0.3752,0.0,0.3131,-0.9367,-0.637
GBPCPCFC_02059,gnl|Prokka|GBPCPCFC_22,1222,1348403,0.593,948.8175,764.2049,0.8661,0.0,0.3406,-0.3531,1278,0.4308,0.5323,0.8565,0,0,0.1721,0.0058,0.3102,0.0,0.3474,0.0447,-0.3304
GBPCPCFC_02060,gnl|Prokka|GBPCPCFC_22,1222,1348403,0.593,948.8175,764.2049,0.8661,0.0,0.3406,-0.3531,522,-0.5585,-0.4996,0.8573,0,0,0.1013,0.106,0.1125,0.0723,0.3103,-1.0144,-0.6613
GBPCPCFC_02061,gnl|Prokka|GBPCPCFC_22,1222,1348403,0.593,948.8175,764.2049,0.8661,0.0,0.3406,-0.3531,300,-0.849,-0.8026,0.8585,0,0,0.0919,0.1891,0.0508,0.4682,0.31,-1.0242,-0.6644
GBPCPCFC_02062,gnl|Prokka|GBPCPCFC_22,1222,1348403,0.593,948.8175,764.2049,0.8661,0.0,0.3406,-0.3531,708,-0.3151,-0.2457,0.8595,0,0,-0.0101,0.874,0.0261,0.6826,0.3559,0.2879,-0.2544
GBPCPCFC_02063,gnl|Prokka|GBPCPCFC_22,1222,1348403,0.593,948.8175,764.2049,0.8661,0.0,0.3406,-0.3531,1293,0.4504,0.5527,0.8615,0,0,0.1769,0.0045,0.2033,0.0011,0.3542,0.2388,-0.2697
GBPCPCFC_02064,gnl|Prokka|GBPCPCFC_22,1222,1348403,0.593,948.8175,764.2049,0.8661,0.0,0.3406,-0.3531,837,-0.1463,-0.0696,0.8628,0,0,0.1845,0.003,0.1992,0.0014,0.4851,3.9768,0.8981
GBPCPCFC_02065,gnl|Prokka|GBPCPCFC_22,1222,1348403,0.593,948.8175,764.2049,0.8661,0.0,0.3406,-0.3531,327,-0.8137,-0.7657,0.8632,0,0,0.1021,0.1146,0.0815,0.2084,0.4465,2.8746,0.5538
GBPCPCFC_02066,gnl|Prokka|GBPCPCFC_22,1222,1348403,0.593,948.8175,764.2049,0.8661,0.0,0.3406,-0.3531,3594,3.4614,3.6934,0.8693,0,0,0.4347,0.0,0.5608,0.0,0.3553,0.2702,-0.2599
GBPCPCFC_02067,gnl|Prokka|GBPCPCFC_22,1222,1348403,0.593,948.8175,764.2049,0.8661,0.0,0.3406,-0.3531,453,-0.6488,-0.5938,0.8703,0,0,-0.0642,0.3353,-0.0656,0.3252,0.3179,-0.7991,-0.594
GBPCPCFC_02068,gnl|Prokka|GBPCPCFC_22,1222,1348403,0.593,948.8175,764.2049,0.8661,0.0,0.3406,-0.3531,387,-0.7352,-0.6839,0.871,0,0,0.0529,0.3995,0.0417,0.5069,0.3385,-0.2101,-0.41
GBPCPCFC_02069,gnl|Prokka|GBPCPCFC_22,1222,1348403,0.593,948.8175,764.2049,0.8661,0.0,0.3406,-0.3531,402,-0.7155,-0.6634,0.8717,0,0,0.1713,0.0068,0.2008,0.0015,0.3184,-0.7841,-0.5893
GBPCPCFC_02070,gnl|Prokka|GBPCPCFC_22,1222,1348403,0.593,948.8175,764.2049,0.8661,0.0,0.3406,-0.3531,402,-0.7155,-0.6634,0.8728,0,0,0.077,0.2336,0.1168,0.0703,0.2761,-1.9921,-0.9667
GBPCPCFC_02071,gnl|Prokka|GBPCPCFC_22,1222,1348403,0.593,948.8175,764.2049,0.8661,0.0,0.3406,-0.3531,77,-1.1408,-1.107,0.873,0,0,-0.0383,0.6541,-0.1549,0.0687,0.5195,4.9599,1.2053
GBPCPCFC_02072,gnl|Prokka|GBPCPCFC_22,1222,1348403,0.593,948.8175,764.2049,0.8661,0.0,0.3406,-0.3531,450,-0.6527,-0.5979,0.874,0,0,0.1232,0.0681,0.1216,0.0718,0.3333,-0.3577,-0.4561
GBPCPCFC_02073,gnl|Prokka|GBPCPCFC_22,1222,1348403,0.593,948.8175,764.2049,0.8661,0.0,0.3406,-0.3531,201,-0.9786,-0.9377,0.8748,0,0,-0.0195,0.7871,-0.0246,0.7324,0.3632,0.495,-0.1897
GBPCPCFC_02074,gnl|Prokka|GBPCPCFC_22,1222,1348403,0.593,948.8175,764.2049,0.8661,0.0,0.3406,-0.3531,2622,2.1894,2.3667,0.8801,0,0,0.2499,0.0001,0.2776,0.0,0.315,-0.8806,-0.6195
GBPCPCFC_02075,gnl|Prokka|GBPCPCFC_22,1222,1348403,0.593,948.8175,764.2049,0.8661,0.0,0.3406,-0.3531,2799,2.4211,2.6083,0.8848,0,0,0.2253,0.0003,0.313,0.0,0.4691,3.5206,0.7556
GBPCPCFC_02076,gnl|Prokka|GBPCPCFC_22,1222,1348403,0.593,948.8175,764.2049,0.8661,0.0,0.3406,-0.3531,2424,1.9303,2.0965,0.8884,0,0,0.3233,0.0,0.3355,0.0,0.413,1.9168,0.2545
GBPCPCFC_02077,gnl|Prokka|GBPCPCFC_22,1222,1348403,0.593,948.8175,764.2049,0.8661,0.0,0.3406,-0.3531,540,-0.535,-0.475,0.8905,0,0,0.0497,0.4359,0.153,0.0159,0.3019,-1.257,-0.7371
GBPCPCFC_02078,gnl|Prokka|GBPCPCFC_22,1222,1348403,0.593,948.8175,764.2049,0.8661,0.0,0.3406,-0.3531,2106,1.5142,1.6624,0.8944,0,0,0.351,0.0,0.391,0.0,0.3153,-0.8731,-0.6171
GBPCPCFC_02079,gnl|Prokka|GBPCPCFC_22,1222,1348403,0.593,948.8175,764.2049,0.8661,0.0,0.3406,-0.3531,7854,9.0358,9.5079,0.9068,0,0,0.3835,0.0,0.4303,0.0,0.3266,-0.5505,-0.5163
GBPCPCFC_02080,gnl|Prokka|GBPCPCFC_22,1222,1348403,0.593,948.8175,764.2049,0.8661,0.0,0.3406,-0.3531,453,-0.6488,-0.5938,0.9077,0,0,0.1771,0.0058,0.1877,0.0034,0.351,0.1468,-0.2985
GBPCPCFC_02081,gnl|Prokka|GBPCPCFC_22,1222,1348403,0.593,948.8175,764.2049,0.8661,0.0,0.3406,-0.3531,264,-0.8961,-0.8517,0.9092,0,0,0.0325,0.6417,0.0615,0.3774,0.303,-1.2233,-0.7266
GBPCPCFC_02082,gnl|Prokka|GBPCPCFC_22,1222,1348403,0.593,948.8175,764.2049,0.8661,0.0,0.3406,-0.3531,417,-0.6959,-0.6429,0.9108,0,0,0.0066,0.9253,0.078,0.2637,0.2974,-1.3853,-0.7771
GBPCPCFC_02083,gnl|Prokka|GBPCPCFC_22,1222,1348403,0.593,948.8175,764.2049,0.8661,0.0,0.3406,-0.3531,2397,1.895,2.0596,0.9145,0,0,0.0792,0.2064,0.1475,0.0182,0.3008,-1.2873,-0.7465
GBPCPCFC_02084,gnl|Prokka|GBPCPCFC_22,1222,1348403,0.593,948.8175,764.2049,0.8661,0.0,0.3406,-0.3531,1212,0.3444,0.4422,0.9162,0,0,0.1664,0.0076,0.1677,0.0072,0.2847,-1.7483,-0.8906
GBPCPCFC_02085,gnl|Prokka|GBPCPCFC_22,1222,1348403,0.593,948.8175,764.2049,0.8661,0.0,0.3406,-0.3531,438,-0.6684,-0.6142,0.9169,0,0,0.1216,0.0559,0.1824,0.0039,0.3219,-0.6838,-0.558
GBPCPCFC_02086,gnl|Prokka|GBPCPCFC_22,1222,1348403,0.593,948.8175,764.2049,0.8661,0.0,0.3406,-0.3531,294,-0.8569,-0.8108,0.9179,0,0,0.1635,0.0316,0.1511,0.0472,0.2449,-2.884,-1.2454
GBPCPCFC_02087,gnl|Prokka|GBPCPCFC_22,1222,1348403,0.593,948.8175,764.2049,0.8661,0.0,0.3406,-0.3531,1398,0.5878,0.6961,0.9206,0,0,0.2741,0.0,0.3765,0.0,0.3262,-0.562,-0.5199
GBPCPCFC_02088,gnl|Prokka|GBPCPCFC_22,1222,1348403,0.593,948.8175,764.2049,0.8661,0.0,0.3406,-0.3531,447,-0.6567,-0.602,0.9219,0,0,0.09,0.1754,0.1631,0.0137,0.3535,0.2175,-0.2764
GBPCPCFC_02089,gnl|Prokka|GBPCPCFC_22,1222,1348403,0.593,948.8175,764.2049,0.8661,0.0,0.3406,-0.3531,1077,0.1677,0.2579,0.9235,0,0,0.2105,0.0007,0.2445,0.0001,0.3603,0.4115,-0.2158
GBPCPCFC_02090,gnl|Prokka|GBPCPCFC_22,1222,1348403,0.593,948.8175,764.2049,0.8661,0.0,0.3406,-0.3531,393,-0.7273,-0.6757,0.9241,0,0,0.0775,0.224,0.1106,0.0822,0.3079,-1.0846,-0.6832
GBPCPCFC_02091,gnl|Prokka|GBPCPCFC_22,1222,1348403,0.593,948.8175,764.2049,0.8661,0.0,0.3406,-0.3531,1701,0.9843,1.1096,0.9268,0,0,0.306,0.0,0.4129,0.0,0.3439,-0.0554,-0.3616
GBPCPCFC_02092,gnl|Prokka|GBPCPCFC_22,1222,1348403,0.593,948.8175,764.2049,0.8661,0.0,0.3406,-0.3531,1854,1.1845,1.3185,0.9299,0,0,0.2103,0.0007,0.2221,0.0003,0.3484,0.0737,-0.3213
GBPCPCFC_02093,gnl|Prokka|GBPCPCFC_22,1222,1348403,0.593,948.8175,764.2049,0.8661,0.0,0.3406,-0.3531,1269,0.419,0.52,0.9318,0,0,0.1853,0.0029,0.259,0.0,0.3712,0.7228,-0.1185
GBPCPCFC_02094,gnl|Prokka|GBPCPCFC_22,1222,1348403,0.593,948.8175,764.2049,0.8661,0.0,0.3406,-0.3531,618,-0.4329,-0.3686,0.9329,0,0,0.175,0.0057,0.1549,0.0146,0.335,-0.3115,-0.4417
GBPCPCFC_02095,gnl|Prokka|GBPCPCFC_22,1222,1348403,0.593,948.8175,764.2049,0.8661,0.0,0.3406,-0.3531,1527,0.7566,0.8721,0.9354,0,0,0.3177,0.0,0.3905,0.0,0.313,-0.9376,-0.6373
GBPCPCFC_02096,gnl|Prokka|GBPCPCFC_22,1222,1348403,0.593,948.8175,764.2049,0.8661,0.0,0.3406,-0.3531,1272,0.4229,0.5241,0.9375,0,0,0.1556,0.0127,0.1478,0.018,0.3294,-0.47,-0.4912
GBPCPCFC_02097,gnl|Prokka|GBPCPCFC_22,1222,1348403,0.593,948.8175,764.2049,0.8661,0.0,0.3406,-0.3531,1161,0.2777,0.3726,0.9397,0,0,0.1839,0.0031,0.2074,0.0008,0.3437,-0.0624,-0.3638
GBPCPCFC_02098,gnl|Prokka|GBPCPCFC_22,1222,1348403,0.593,948.8175,764.2049,0.8661,0.0,0.3406,-0.3531,753,-0.2562,-0.1843,0.9409,0,0,0.2628,0.0,0.3197,0.0,0.3333,-0.3577,-0.4561
GBPCPCFC_02099,gnl|Prokka|GBPCPCFC_22,1222,1348403,0.593,948.8175,764.2049,0.8661,0.0,0.3406,-0.3531,759,-0.2484,-0.1761,0.9421,0,0,0.0664,0.2896,0.0915,0.1443,0.3123,-0.9599,-0.6442
GBPCPCFC_02100,gnl|Prokka|GBPCPCFC_22,1222,1348403,0.593,948.8175,764.2049,0.8661,0.0,0.3406,-0.3531,966,0.0225,0.1064,0.9435,0,0,0.0981,0.1173,0.159,0.0109,0.3778,0.9139,-0.0588
GBPCPCFC_02101,gnl|Prokka|GBPCPCFC_22,1222,1348403,0.593,948.8175,764.2049,0.8661,0.0,0.3406,-0.3531,102,-1.1081,-1.0729,0.9438,0,0,-0.0679,0.4076,-0.053,0.5182,0.3627,0.4825,-0.1936
GBPCPCFC_02102,gnl|Prokka|GBPCPCFC_22,1222,1348403,0.593,948.8175,764.2049,0.8661,0.0,0.3406,-0.3531,1200,0.3287,0.4258,0.9456,0,0,0.0992,0.119,0.1329,0.0364,0.2892,-1.6194,-0.8503
GBPCPCFC_02103,gnl|Prokka|GBPCPCFC_22,1222,1348403,0.593,948.8175,764.2049,0.8661,0.0,0.3406,-0.3531,2253,1.7066,1.8631,0.9491,0,0,0.4337,0.0,0.5016,0.0,0.3058,-1.1438,-0.7017
GBPCPCFC_02104,gnl|Prokka|GBPCPCFC_22,1222,1348403,0.593,948.8175,764.2049,0.8661,0.0,0.3406,-0.3531,465,-0.6331,-0.5774,0.9504,0,0,0.1069,0.0978,0.1807,0.0049,0.3161,-0.8492,-0.6096
GBPCPCFC_02105,gnl|Prokka|GBPCPCFC_22,1222,1348403,0.593,948.8175,764.2049,0.8661,0.0,0.3406,-0.3531,2991,2.6723,2.8704,0.9548,0,0,0.2895,0.0,0.3289,0.0,0.3417,-0.1189,-0.3815
GBPCPCFC_02106,gnl|Prokka|GBPCPCFC_22,1222,1348403,0.593,948.8175,764.2049,0.8661,0.0,0.3406,-0.3531,951,0.0029,0.086,0.9574,0,0,0.1208,0.0535,0.1779,0.0043,0.2713,-2.13,-1.0098
GBPCPCFC_02107,gnl|Prokka|GBPCPCFC_22,1222,1348403,0.593,948.8175,764.2049,0.8661,0.0,0.3406,-0.3531,810,-0.1816,-0.1065,0.9587,0,0,0.2017,0.0012,0.1762,0.0047,0.3247,-0.6046,-0.5332
GBPCPCFC_02108,gnl|Prokka|GBPCPCFC_22,1222,1348403,0.593,948.8175,764.2049,0.8661,0.0,0.3406,-0.3531,228,-0.9432,-0.9009,0.9594,0,0,0.149,0.0376,0.2002,0.005,0.3596,0.3941,-0.2212
GBPCPCFC_02109,gnl|Prokka|GBPCPCFC_22,1222,1348403,0.593,948.8175,764.2049,0.8661,0.0,0.3406,-0.3531,237,-0.9314,-0.8886,0.9602,0,0,0.1275,0.0756,0.1648,0.0213,0.2869,-1.6836,-0.8703
GBPCPCFC_02110,gnl|Prokka|GBPCPCFC_22,1222,1348403,0.593,948.8175,764.2049,0.8661,0.0,0.3406,-0.3531,945,-0.005,0.0778,0.9616,0,0,0.2755,0.0,0.272,0.0,0.3725,0.7608,-0.1066
GBPCPCFC_02111,gnl|Prokka|GBPCPCFC_22,1222,1348403,0.593,948.8175,764.2049,0.8661,0.0,0.3406,-0.3531,393,-0.7273,-0.6757,0.9623,0,0,-0.0476,0.4623,-0.0212,0.7433,0.3995,1.5322,0.1344
GBPCPCFC_02112,gnl|Prokka|GBPCPCFC_22,1222,1348403,0.593,948.8175,764.2049,0.8661,0.0,0.3406,-0.3531,159,-1.0335,-0.9951,0.9628,0,0,0.3645,0.0,0.4626,0.0,0.3648,0.5406,-0.1754
GBPCPCFC_02113,gnl|Prokka|GBPCPCFC_22,1222,1348403,0.593,948.8175,764.2049,0.8661,0.0,0.3406,-0.3531,792,-0.2052,-0.1311,0.9641,0,0,0.3679,0.0,0.3522,0.0,0.3043,-1.1873,-0.7153
GBPCPCFC_02114,gnl|Prokka|GBPCPCFC_22,1222,1348403,0.593,948.8175,764.2049,0.8661,0.0,0.3406,-0.3531,546,-0.5271,-0.4668,0.965,0,0,0.0902,0.1637,0.0718,0.2681,0.3315,-0.41,-0.4724
GBPCPCFC_02115,gnl|Prokka|GBPCPCFC_22,1222,1348403,0.593,948.8175,764.2049,0.8661,0.0,0.3406,-0.3531,75,-1.1434,-1.1097,0.9655,0,0,-0.1004,0.3035,0.0223,0.8196,0.6267,8.0218,2.162
GBPCPCFC_02116,gnl|Prokka|GBPCPCFC_22,1222,1348403,0.593,948.8175,764.2049,0.8661,0.0,0.3406,-0.3531,216,-0.9589,-0.9173,0.9658,0,0,0.0916,0.1561,0.1265,0.0499,0.3935,1.3616,0.0811
GBPCPCFC_02117,gnl|Prokka|GBPCPCFC_22,1222,1348403,0.593,948.8175,764.2049,0.8661,0.0,0.3406,-0.3531,1053,0.1363,0.2252,0.9682,0,0,0.1466,0.019,0.183,0.0033,0.3143,-0.9003,-0.6256
GBPCPCFC_02118,gnl|Prokka|GBPCPCFC_22,1222,1348403,0.593,948.8175,764.2049,0.8661,0.0,0.3406,-0.3531,558,-0.5114,-0.4505,0.9691,0,0,0.1317,0.0416,0.1797,0.0052,0.3011,-1.2792,-0.744
GBPCPCFC_02119,gnl|Prokka|GBPCPCFC_22,1222,1348403,0.593,948.8175,764.2049,0.8661,0.0,0.3406,-0.3531,2085,1.4868,1.6338,0.9723,0,0,0.3485,0.0,0.4431,0.0,0.3746,0.8206,-0.088
GBPCPCFC_02120,gnl|Prokka|GBPCPCFC_22,1222,1348403,0.593,948.8175,764.2049,0.8661,0.0,0.3406,-0.3531,1026,0.101,0.1883,0.9738,0,0,0.2526,0.0,0.3399,0.0,0.3587,0.3662,-0.2299
GBPCPCFC_02121,gnl|Prokka|GBPCPCFC_22,1222,1348403,0.593,948.8175,764.2049,0.8661,0.0,0.3406,-0.3531,486,-0.6056,-0.5487,0.9745,0,0,0.2299,0.0003,0.2303,0.0003,0.323,-0.6516,-0.5479
GBPCPCFC_02122,gnl|Prokka|GBPCPCFC_22,1222,1348403,0.593,948.8175,764.2049,0.8661,0.0,0.3406,-0.3531,615,-0.4368,-0.3727,0.9755,0,0,0.3463,0.0,0.4045,0.0,0.3057,-1.1473,-0.7028
GBPCPCFC_02123,gnl|Prokka|GBPCPCFC_22,1222,1348403,0.593,948.8175,764.2049,0.8661,0.0,0.3406,-0.3531,315,-0.8294,-0.7821,0.9759,0,0,0.2131,0.001,0.3027,0.0,0.327,-0.5391,-0.5128
GBPCPCFC_02124,gnl|Prokka|GBPCPCFC_22,1222,1348403,0.593,948.8175,764.2049,0.8661,0.0,0.3406,-0.3531,1827,1.1491,1.2816,0.9795,0,0,0.3482,0.0,0.3907,0.0,0.4116,1.8782,0.2425
GBPCPCFC_02125,gnl|Prokka|GBPCPCFC_22,1222,1348403,0.593,948.8175,764.2049,0.8661,0.0,0.3406,-0.3531,1488,0.7055,0.8189,0.982,0,0,0.0994,0.1125,0.1846,0.003,0.3347,-0.3193,-0.4441
GBPCPCFC_02126,gnl|Prokka|GBPCPCFC_22,1222,1348403,0.593,948.8175,764.2049,0.8661,0.0,0.3406,-0.3531,1953,1.314,1.4536,0.9849,0,0,0.3404,0.0,0.3608,0.0,0.319,-0.7672,-0.5841
GBPCPCFC_02127,gnl|Prokka|GBPCPCFC_22,1222,1348403,0.593,948.8175,764.2049,0.8661,0.0,0.3406,-0.3531,2412,1.9146,2.0801,0.9887,0,0,0.4104,0.0,0.4526,0.0,0.3607,0.424,-0.2119
GBPCPCFC_02128,gnl|Prokka|GBPCPCFC_22,1222,1348403,0.593,948.8175,764.2049,0.8661,0.0,0.3406,-0.3531,1332,0.5014,0.606,0.9908,0,0,0.2012,0.0012,0.2508,0.0,0.3649,0.5431,-0.1747
GBPCPCFC_02129,gnl|Prokka|GBPCPCFC_22,1222,1348403,0.593,948.8175,764.2049,0.8661,0.0,0.3406,-0.3531,618,-0.4329,-0.3686,0.9921,0,0,0.1209,0.0609,0.166,0.0098,0.3123,-0.9586,-0.6438
GBPCPCFC_02130,gnl|Prokka|GBPCPCFC_22,1222,1348403,0.593,948.8175,764.2049,0.8661,0.0,0.3406,-0.3531,618,-0.4329,-0.3686,0.9931,0,0,0.1227,0.0537,0.1356,0.0328,0.3851,1.1215,0.0061
GBPCPCFC_02131,gnl|Prokka|GBPCPCFC_22,1222,1348403,0.593,948.8175,764.2049,0.8661,0.0,0.3406,-0.3531,1125,0.2305,0.3234,0.9951,0,0,0.1329,0.0335,0.1692,0.0066,0.3387,-0.2053,-0.4085
GBPCPCFC_02132,gnl|Prokka|GBPCPCFC_22,1222,1348403,0.593,948.8175,764.2049,0.8661,0.0,0.3406,-0.3531,1095,0.1913,0.2825,0.9968,0,0,0.1185,0.0583,0.1037,0.0978,0.3699,0.6858,-0.1301
GBPCPCFC_02133,gnl|Prokka|GBPCPCFC_22,1222,1348403,0.593,948.8175,764.2049,0.8661,0.0,0.3406,-0.3531,363,-0.7666,-0.7166,0.9974,0,0,-0.0252,0.6962,-0.015,0.8165,0.3251,-0.5938,-0.5299
GBPCPCFC_02134,gnl|Prokka|GBPCPCFC_22,1222,1348403,0.593,948.8175,764.2049,0.8661,0.0,0.3406,-0.3531,1020,0.0931,0.1801,0.9989,0,0,0.1473,0.0184,0.1657,0.0079,0.3833,1.0706,-0.0098
GBPCPCFC_02135,gnl|Prokka|GBPCPCFC_22,1222,1348403,0.593,948.8175,764.2049,0.8661,0.0,0.3406,-0.3531,384,-0.7391,-0.6879,0.9995,1,0,-0.0362,0.5642,-0.0366,0.5595,0.3203,-0.7297,-0.5723
