222085	1	170	2.404E-40	2	10961	11540	246	143	0.724	2.824E-36	73	167	226	10961	11248	288	10955	11257
222085	1	170	2.404E-40	2	10961	11540	252	48	0.678	1.875E-04	190	222	226	11442	11540	99	11436	11543
234171	1	176	3.757E-42	2	10961	11540	246	146	0.739	1.638E-37	73	167	231	10961	11248	288	10955	11257
234171	1	176	3.757E-42	2	10961	11540	252	51	0.724	1.056E-05	190	222	231	11442	11540	99	11436	11543
457876	1	174	1.503E-41	2	10961	11540	246	145	0.732	5.807E-37	76	170	234	10961	11248	288	10955	11257
457876	1	174	1.503E-41	2	10961	11540	252	50	0.714	2.001E-05	193	225	234	11442	11540	99	11436	11543
501168	1	173	3.006E-41	2	10961	11540	246	143	0.724	2.824E-36	75	169	238	10961	11248	288	10955	11257
501168	1	173	3.006E-41	2	10961	11540	252	51	0.729	7.671E-06	192	224	238	11442	11540	99	11436	11543
599354	1	165	7.694E-39	2	6304	11543	145	134	0.681	2.170E-33	80	175	234	6304	6594	291	6301	6603
599354	1	165	7.694E-39	2	6304	11543	252	52	0.721	4.050E-06	198	231	234	11442	11543	102	11436	11543
613230	1	173	3.006E-41	3	5879	11543	134	40	0.672	1.271E-01	7	34	229	5879	5962	84	5879	6028
613230	1	173	3.006E-41	3	5879	11543	246	141	0.709	1.374E-35	75	170	229	10958	11248	291	10955	11257
613230	1	173	3.006E-41	3	5879	11543	252	52	0.716	5.574E-06	193	226	229	11442	11543	102	11436	11543
704314	1	230	2.085E-58	3	10961	11540	246	147	0.743	8.702E-38	72	166	225	10961	11248	288	10955	11257
704314	1	230	2.085E-58	3	10961	11540	249	33	0.681	1.895E+01	167	188	225	11310	11375	66	11286	11375
704314	1	230	2.085E-58	3	10961	11540	252	48	0.678	1.875E-04	189	221	225	11442	11540	99	11436	11543
898178	1	450	1.238E-124	5	5882	11543	134	49	0.833	1.107E-04	3	29	222	5882	5962	81	5879	6028
898178	1	450	1.238E-124	5	5882	11543	139	81	0.942	3.260E-16	30	69	222	6118	6237	120	6118	6243
898178	1	450	1.238E-124	5	5882	11543	246	203	0.990	2.742E-57	70	165	222	10961	11248	288	10955	11257
898178	1	450	1.238E-124	5	5882	11543	249	47	0.965	1.836E-04	166	187	222	11310	11375	66	11286	11375
898178	1	450	1.238E-124	5	5882	11543	252	64	0.866	3.894E-10	188	221	222	11442	11543	102	11436	11543
960085	-1	749	1.215E-214	5	13101	15908	834	133	0.425	6.128E-31	3	176	809	-15908	-15393	516	15986	15372
960085	-1	749	1.215E-214	5	13101	15908	848	213	0.470	2.098E-57	164	408	809	-15376	-14639	738	15433	14633
960085	-1	749	1.215E-214	5	13101	15908	857	51	0.479	5.613E-05	417	470	809	-14408	-14247	162	14426	14241
960085	-1	749	1.215E-214	5	13101	15908	871	256	0.525	1.765E-71	474	730	809	-14169	-13408	762	14316	13381
960085	-1	749	1.215E-214	5	13101	15908	876	124	0.692	4.458E-30	721	808	809	-13364	-13101	264	13385	13101
1148837	-1	440	1.267E-121	2	13423	15376	848	220	0.486	3.961E-60	140	363	746	-15376	-14645	732	15433	14633
1148837	-1	440	1.267E-121	2	13423	15376	871	255	0.489	2.414E-71	400	680	746	-14262	-13423	840	14316	13381
1148903	-1	439	2.535E-121	2	13423	15376	848	219	0.484	1.015E-59	140	363	746	-15376	-14645	732	15433	14633
1148903	-1	439	2.535E-121	2	13423	15376	871	255	0.489	3.303E-71	400	680	746	-14262	-13423	840	14316	13381
1267748	-1	632	2.019E-179	4	13387	15908	834	130	0.443	5.487E-30	101	261	877	-15908	-15429	480	15986	15372
1267748	-1	632	2.019E-179	4	13387	15908	848	208	0.470	6.599E-56	261	483	877	-15367	-14645	723	15433	14633
1267748	-1	632	2.019E-179	4	13387	15908	857	39	0.361	5.982E-01	487	546	877	-14426	-14247	180	14426	14241
1267748	-1	632	2.019E-179	4	13387	15908	871	259	0.527	7.685E-73	551	799	877	-14166	-13387	780	14316	13381
8883147	-1	762	1.483E-218	5	13101	15932	834	135	0.437	1.280E-31	107	276	897	-15932	-15429	504	15986	15372
8883147	-1	762	1.483E-218	5	13101	15932	848	202	0.455	7.259E-54	273	498	897	-15376	-14645	732	15433	14633
8883147	-1	762	1.483E-218	5	13101	15932	857	49	0.451	1.463E-04	511	567	897	-14414	-14244	171	14426	14241
8883147	-1	762	1.483E-218	5	13101	15932	871	274	0.561	7.032E-78	570	818	897	-14169	-13408	762	14316	13381
8883147	-1	762	1.483E-218	5	13101	15932	876	124	0.690	6.119E-30	809	896	897	-13364	-13101	264	13385	13101
10049088	-1	525	3.276E-147	3	13423	15908	834	135	0.454	9.356E-32	76	237	858	-15908	-15429	480	15986	15372
10049088	-1	525	3.276E-147	3	13423	15908	848	222	0.484	1.546E-60	234	460	858	-15376	-14636	741	15433	14633
10049088	-1	525	3.276E-147	3	13423	15908	871	235	0.501	2.850E-64	526	773	858	-14172	-13423	750	14316	13381
12398443	-1	530	1.024E-148	3	13423	15896	834	139	0.472	5.574E-33	137	294	915	-15896	-15429	468	15986	15372
12398443	-1	530	1.024E-148	3	13423	15896	848	228	0.495	7.457E-63	291	518	915	-15376	-14636	741	15433	14633
12398443	-1	530	1.024E-148	3	13423	15896	871	231	0.498	6.513E-63	585	830	915	-14166	-13423	744	14316	13381
13643940	-1	641	3.943E-182	4	13101	15893	834	128	0.436	2.625E-29	151	312	936	-15893	-15429	465	15986	15372
13643940	-1	641	3.943E-182	4	13101	15893	848	205	0.459	1.108E-54	309	532	936	-15376	-14645	732	15433	14633
13643940	-1	641	3.943E-182	4	13101	15893	871	255	0.530	3.303E-71	599	851	936	-14172	-13423	750	14316	13381
13643940	-1	641	3.943E-182	4	13101	15893	876	123	0.683	2.171E-29	848	935	936	-13364	-13101	264	13385	13101
13671295	-1	159	4.924E-37	3	13101	15947	834	121	0.396	7.318E-27	77	250	867	-15947	-15429	519	15986	15372
13671295	-1	159	4.924E-37	3	13101	15947	848	231	0.490	1.134E-63	241	476	867	-15391	-14633	759	15433	14633
13671295	-1	159	4.924E-37	3	13101	15947	876	117	0.654	2.506E-27	779	866	867	-13364	-13101	264	13385	13101
14360963	-1	350	1.569E-94	3	14247	15938	834	112	0.363	7.057E-24	134	312	918	-15938	-15393	546	15986	15372
14360963	-1	350	1.569E-94	3	14247	15938	848	211	0.465	1.006E-56	300	528	918	-15376	-14636	741	15433	14633
14360963	-1	350	1.569E-94	3	14247	15938	857	45	0.435	4.918E-03	536	589	918	-14408	-14247	162	14426	14241
14755166	1	205	6.998E-51	3	6307	6887	145	127	0.706	6.457E-31	73	159	234	6307	6570	264	6301	6603
14755166	1	205	6.998E-51	3	6307	6887	148	33	0.681	1.895E+01	165	186	234	6656	6721	66	6632	6721
14755166	1	205	6.998E-51	3	6307	6887	151	48	0.683	1.362E-04	187	219	234	6789	6887	99	6783	6890
14974140	1	180	2.348E-43	2	6304	6721	145	143	0.717	2.824E-36	70	166	204	6304	6594	291	6301	6603
14974140	1	180	2.348E-43	2	6304	6721	148	36	0.752	1.048E+00	167	188	204	6656	6721	66	6632	6721
15067344	1	145	8.068E-33	2	5885	11248	134	39	0.697	3.329E-01	7	32	227	5885	5962	78	5879	6028
15067344	1	145	8.068E-33	2	5885	11248	246	143	0.725	2.058E-36	71	165	227	10961	11248	288	10955	11257
15199217	1	166	3.847E-39	2	10958	11540	246	138	0.695	1.726E-34	60	155	213	10958	11248	291	10955	11257
15199217	1	166	3.847E-39	2	10958	11540	252	49	0.704	3.791E-05	178	210	213	11442	11540	99	11436	11543
15276591	1	167	1.924E-39	2	6304	11543	145	136	0.690	4.460E-34	81	176	235	6304	6594	291	6301	6603
15276591	1	167	1.924E-39	2	6304	11543	252	52	0.721	4.050E-06	199	232	235	11442	11543	102	11436	11543
15564838	-1	818	2.059E-235	5	13101	15905	834	143	0.480	1.295E-34	143	302	925	-15905	-15429	477	15986	15372
15564838	-1	818	2.059E-235	5	13101	15905	848	230	0.503	1.552E-63	299	522	925	-15376	-14645	732	15433	14633
15564838	-1	818	2.059E-235	5	13101	15905	857	54	0.504	4.368E-06	533	586	925	-14408	-14247	162	14426	14241
15564838	-1	818	2.059E-235	5	13101	15905	871	280	0.576	6.360E-80	590	840	925	-14169	-13423	747	14316	13381
15564838	-1	818	2.059E-235	5	13101	15905	876	126	0.700	1.257E-30	837	924	925	-13364	-13101	264	13385	13101
15777137	-1	133	3.305E-29	1	15393	15908	834	133	0.428	6.128E-31	4	175	238	-15908	-15393	516	15986	15372
15801915	-1	525	3.276E-147	3	13408	15929	834	134	0.441	2.395E-31	92	258	880	-15929	-15429	501	15986	15372
15801915	-1	525	3.276E-147	3	13408	15929	848	221	0.482	2.895E-60	255	481	880	-15376	-14636	741	15433	14633
15801915	-1	525	3.276E-147	3	13408	15929	871	237	0.497	5.961E-65	547	801	880	-14172	-13408	765	14316	13381
15843899	-1	353	1.961E-95	3	14241	15959	834	113	0.350	2.767E-24	124	317	927	-15959	-15393	567	15986	15372
15843899	-1	353	1.961E-95	3	14241	15959	848	216	0.481	9.121E-59	305	529	927	-15376	-14648	729	15433	14633
15843899	-1	353	1.961E-95	3	14241	15959	857	43	0.395	3.352E-02	538	595	927	-14414	-14241	174	14426	14241
28428954	-1	676	1.148E-192	4	13101	15941	834	138	0.415	1.427E-32	52	237	851	-15941	-15393	549	15986	15372
28428954	-1	676	1.148E-192	4	13101	15941	848	222	0.495	1.546E-60	229	448	851	-15364	-14645	720	15433	14633
28428954	-1	676	1.148E-192	4	13101	15941	871	265	0.551	9.541E-75	516	766	851	-14169	-13423	747	14316	13381
28428954	-1	676	1.148E-192	4	13101	15941	876	127	0.704	6.673E-31	763	850	851	-13364	-13101	264	13385	13101
28901769	1	230	2.085E-58	3	10961	11540	246	144	0.731	7.968E-37	68	162	221	10961	11248	288	10955	11257
28901769	1	230	2.085E-58	3	10961	11540	249	34	0.713	5.230E+00	163	184	221	11310	11375	66	11286	11375
28901769	1	230	2.085E-58	3	10961	11540	252	50	0.709	2.754E-05	185	217	221	11442	11540	99	11436	11543
28952377	-1	514	6.709E-144	3	13408	15872	834	124	0.454	4.386E-28	113	261	883	-15872	-15429	444	15986	15372
28952377	-1	514	6.709E-144	3	13408	15872	848	224	0.488	2.353E-61	258	484	883	-15376	-14636	741	15433	14633
28952377	-1	514	6.709E-144	3	13408	15872	871	233	0.490	1.363E-63	550	804	883	-14172	-13408	765	14316	13381
29365296	1	203	2.799E-50	3	6307	6887	145	126	0.702	1.216E-30	70	156	231	6307	6570	264	6301	6603
29365296	1	203	2.799E-50	3	6307	6887	148	32	0.658	4.981E+01	162	183	231	6656	6721	66	6632	6721
29365296	1	203	2.799E-50	3	6307	6887	151	48	0.683	1.362E-04	184	216	231	6789	6887	99	6783	6890
29513841	1	185	7.338E-45	2	6304	6721	145	148	0.742	3.369E-38	72	168	227	6304	6594	291	6301	6603
29513841	1	185	7.338E-45	2	6304	6721	148	36	0.737	1.993E+00	169	190	227	6656	6721	66	6632	6721
29514432	1	234	1.303E-59	4	10614	11540	235	38	0.568	5.135E-01	1	32	225	10614	10706	93	10599	10718
29514432	1	234	1.303E-59	4	10614	11540	246	139	0.706	6.682E-35	71	166	225	10961	11248	288	10955	11257
29514432	1	234	1.303E-59	4	10614	11540	249	38	0.784	2.902E-01	167	188	225	11310	11375	66	11286	11375
29514432	1	234	1.303E-59	4	10614	11540	252	53	0.750	2.138E-06	189	221	225	11442	11540	99	11436	11543
29551615	1	178	9.392E-43	2	10958	11540	246	145	0.728	4.232E-37	78	173	251	10958	11248	291	10955	11257
29551615	1	178	9.392E-43	2	10958	11540	252	54	0.760	1.129E-06	196	228	251	11442	11540	99	11436	11543
29702306	1	170	2.404E-40	2	10961	11540	246	143	0.727	1.500E-36	74	168	227	10961	11248	288	10955	11257
29702306	1	170	2.404E-40	2	10961	11540	252	48	0.683	1.362E-04	191	223	227	11442	11540	99	11436	11543
29776453	1	237	1.629E-60	3	10958	11543	246	145	0.729	3.085E-37	80	175	243	10958	11248	291	10955	11257
29776453	1	237	1.629E-60	3	10958	11543	249	36	0.768	1.993E+00	177	197	243	11313	11375	63	11286	11375
29776453	1	237	1.629E-60	3	10958	11543	252	54	0.741	1.129E-06	198	231	243	11442	11543	102	11436	11543
29831312	1	168	9.618E-40	2	10961	11543	246	131	0.660	3.743E-32	29	126	260	10961	11254	294	10955	11257
29831312	1	168	9.618E-40	2	10961	11543	252	52	0.716	5.574E-06	143	176	260	11442	11543	102	11436	11543
29868534	1	183	2.935E-44	2	10958	11375	246	148	0.742	3.369E-38	48	143	203	10958	11248	291	10955	11257
29868534	1	183	2.935E-44	2	10958	11375	249	34	0.726	9.952E+00	145	165	203	11313	11375	63	11286	11375
29869147	1	221	1.068E-55	3	6307	11540	145	136	0.696	4.460E-34	69	163	224	6307	6594	288	6301	6603
29869147	1	221	1.068E-55	3	6307	11540	148	35	0.721	3.791E+00	164	185	224	6656	6721	66	6632	6721
29869147	1	221	1.068E-55	3	6307	11540	252	48	0.678	1.875E-04	186	218	224	11442	11540	99	11436	11543
29961300	-1	680	7.173E-194	4	13101	15938	834	140	0.422	2.177E-33	53	237	851	-15938	-15393	546	15986	15372
29961300	-1	680	7.173E-194	4	13101	15938	848	224	0.499	2.353E-61	229	448	851	-15364	-14645	720	15433	14633
29961300	-1	680	7.173E-194	4	13101	15938	871	267	0.553	2.722E-75	516	766	851	-14169	-13423	747	14316	13381
29961300	-1	680	7.173E-194	4	13101	15938	876	125	0.696	2.367E-30	763	850	851	-13364	-13101	264	13385	13101
30022566	-1	431	6.489E-119	3	13101	14414	857	49	0.451	1.463E-04	370	426	754	-14414	-14244	171	14426	14241
30022566	-1	431	6.489E-119	3	13101	14414	871	269	0.553	3.031E-76	429	675	754	-14169	-13408	762	14316	13381
30022566	-1	431	6.489E-119	3	13101	14414	876	122	0.687	2.979E-29	667	753	754	-13361	-13101	261	13385	13101
30157481	-1	243	2.546E-62	1	13408	14169	871	243	0.508	5.445E-67	77	325	336	-14169	-13408	762	14316	13381
30214399	-1	324	1.053E-86	2	14654	15908	834	133	0.449	4.480E-31	116	277	615	-15908	-15429	480	15986	15372
30214399	-1	324	1.053E-86	2	14654	15908	848	200	0.448	4.755E-53	268	496	615	-15391	-14654	738	15433	14633
30231883	-1	441	6.337E-122	2	13423	15376	848	219	0.484	1.015E-59	140	363	746	-15376	-14645	732	15433	14633
30231883	-1	441	6.337E-122	2	13423	15376	871	257	0.492	5.039E-72	400	680	746	-14262	-13423	840	14316	13381
30232343	-1	439	2.535E-121	2	13423	15376	848	217	0.480	6.665E-59	140	363	746	-15376	-14645	732	15433	14633
30232343	-1	439	2.535E-121	2	13423	15376	871	257	0.492	5.039E-72	400	680	746	-14262	-13423	840	14316	13381
30362584	-1	674	4.591E-192	4	13101	15376	848	238	0.510	3.987E-66	272	498	898	-15376	-14636	741	15433	14633
30362584	-1	674	4.591E-192	4	13101	15376	857	55	0.524	1.219E-06	507	559	898	-14405	-14247	159	14426	14241
30362584	-1	674	4.591E-192	4	13101	15376	871	268	0.546	7.766E-76	563	819	898	-14169	-13408	762	14316	13381
30362584	-1	674	4.591E-192	4	13101	15376	876	130	0.719	5.303E-32	810	897	898	-13364	-13101	264	13385	13101
37101944	1	167	1.924E-39	2	10961	11540	246	138	0.703	1.258E-34	73	167	225	10961	11248	288	10955	11257
37101944	1	167	1.924E-39	2	10961	11540	252	50	0.714	2.001E-05	190	222	225	11442	11540	99	11436	11543
37385966	-1	399	2.787E-109	2	13408	15376	848	201	0.448	1.358E-53	228	456	855	-15376	-14633	744	15433	14633
37385966	-1	399	2.787E-109	2	13408	15376	871	260	0.532	5.617E-73	520	776	855	-14166	-13408	759	14316	13381
38017401	1	223	2.669E-56	3	10958	11540	246	137	0.693	2.369E-34	79	174	252	10958	11248	291	10955	11257
38017401	1	223	2.669E-56	3	10958	11540	249	33	0.701	2.615E+01	176	196	252	11313	11375	63	11286	11375
38017401	1	223	2.669E-56	3	10958	11540	252	51	0.724	1.056E-05	197	229	252	11442	11540	99	11436	11543
39616391	-1	578	3.637E-163	3	13101	15376	848	228	0.495	7.457E-63	230	456	856	-15376	-14636	741	15433	14633
39616391	-1	578	3.637E-163	3	13101	15376	871	266	0.505	5.096E-75	491	771	856	-14262	-13423	840	14316	13381
39616391	-1	578	3.637E-163	3	13101	15376	876	120	0.669	1.991E-28	768	855	856	-13364	-13101	264	13385	13101
43057431	-1	600	8.672E-170	4	13420	15959	834	113	0.349	5.165E-24	112	305	915	-15959	-15393	567	15986	15372
43057431	-1	600	8.672E-170	4	13420	15959	848	216	0.481	9.121E-59	293	517	915	-15376	-14648	729	15433	14633
43057431	-1	600	8.672E-170	4	13420	15959	857	42	0.393	4.617E-02	526	583	915	-14414	-14241	174	14426	14241
43057431	-1	600	8.672E-170	4	13420	15959	871	246	0.521	2.377E-68	585	831	915	-14169	-13420	750	14316	13381
43839540	1	164	1.539E-38	2	10961	11543	246	131	0.662	2.727E-32	72	169	235	10961	11254	294	10955	11257
43839540	1	164	1.539E-38	2	10961	11543	252	48	0.671	9.893E-05	186	219	235	11442	11543	102	11436	11543
44268543	1	164	1.539E-38	2	10961	11540	246	134	0.687	2.170E-33	78	172	254	10961	11248	288	10955	11257
44268543	1	164	1.539E-38	2	10961	11540	252	51	0.724	1.056E-05	195	227	254	11442	11540	99	11436	11543
44364242	1	172	6.011E-41	2	10958	11543	246	141	0.709	1.374E-35	78	173	233	10958	11248	291	10955	11257
44364242	1	172	6.011E-41	2	10958	11543	252	52	0.721	4.050E-06	196	229	233	11442	11543	102	11436	11543
44721038	-1	506	1.718E-141	3	13387	15938	834	126	0.414	1.716E-28	22	191	808	-15938	-15429	510	15986	15372
44721038	-1	506	1.718E-141	3	13387	15938	848	199	0.458	8.897E-53	196	416	808	-15352	-14639	714	15433	14633
44721038	-1	506	1.718E-141	3	13387	15938	871	248	0.508	6.791E-69	482	730	808	-14166	-13387	780	14316	13381
44839125	-1	526	1.638E-147	3	13387	15929	834	117	0.395	2.276E-25	97	264	882	-15929	-15429	501	15986	15372
44839125	-1	526	1.638E-147	3	13387	15929	848	186	0.433	3.728E-48	269	488	882	-15352	-14636	717	15433	14633
44839125	-1	526	1.638E-147	3	13387	15929	871	263	0.481	6.259E-74	527	804	882	-14274	-13387	888	14316	13381
44853548	-1	653	9.628E-186	4	13113	15908	834	132	0.423	1.147E-30	61	234	844	-15908	-15393	516	15986	15372
44853548	-1	653	9.628E-186	4	13113	15908	848	222	0.490	8.253E-61	222	445	844	-15376	-14645	732	15433	14633
44853548	-1	653	9.628E-186	4	13113	15908	871	259	0.540	1.438E-72	513	763	844	-14169	-13423	747	14316	13381
44853548	-1	653	9.628E-186	4	13113	15908	876	120	0.698	1.451E-28	760	843	844	-13364	-13113	252	13385	13101
44881089	-1	387	1.142E-105	2	13423	15376	848	199	0.447	8.897E-53	282	508	905	-15376	-14639	738	15433	14633
44881089	-1	387	1.142E-105	2	13423	15376	871	252	0.531	2.961E-70	574	820	905	-14172	-13423	750	14316	13381
51993328	-1	209	4.374E-52	4	13101	15908	834	109	0.389	6.265E-23	121	281	909	-15908	-15429	480	15986	15372
51993328	-1	209	4.374E-52	4	13101	15908	848	183	0.424	2.435E-47	278	501	909	-15376	-14648	729	15433	14633
51993328	-1	209	4.374E-52	4	13101	15908	857	52	0.489	2.154E-05	516	569	909	-14408	-14247	162	14426	14241
51993328	-1	209	4.374E-52	4	13101	15908	876	130	0.721	3.865E-32	821	908	909	-13364	-13101	264	13385	13101
53278044	-1	341	8.033E-92	3	14247	15929	834	119	0.384	2.555E-26	121	298	918	-15929	-15393	537	15986	15372
53278044	-1	341	8.033E-92	3	14247	15929	848	201	0.454	2.542E-53	286	509	918	-15376	-14648	729	15433	14633
53278044	-1	341	8.033E-92	3	14247	15929	857	46	0.439	3.572E-03	524	577	918	-14408	-14247	162	14426	14241
54615302	-1	540	9.998E-152	3	13101	15376	848	218	0.479	3.560E-59	322	547	947	-15376	-14639	738	15433	14633
54615302	-1	540	9.998E-152	3	13101	15376	871	265	0.550	1.305E-74	612	862	947	-14172	-13423	750	14316	13381
54615302	-1	540	9.998E-152	3	13101	15376	876	123	0.685	1.582E-29	859	946	947	-13364	-13101	264	13385	13101
56922180	-1	654	4.814E-186	4	13423	15956	834	140	0.436	2.177E-33	15	191	811	-15956	-15429	528	15986	15372
56922180	-1	654	4.814E-186	4	13423	15956	848	220	0.479	7.418E-60	183	410	811	-15391	-14648	744	15433	14633
56922180	-1	654	4.814E-186	4	13423	15956	857	42	0.393	4.617E-02	419	476	811	-14414	-14241	174	14426	14241
56922180	-1	654	4.814E-186	4	13423	15956	871	265	0.553	6.973E-75	477	726	811	-14172	-13423	750	14316	13381
58377414	1	211	1.093E-52	3	10961	11540	246	132	0.667	1.056E-32	74	171	232	10961	11254	294	10955	11257
58377414	1	211	1.093E-52	3	10961	11540	249	36	0.768	1.993E+00	167	187	232	11313	11375	63	11286	11375
58377414	1	211	1.093E-52	3	10961	11540	252	46	0.662	4.897E-04	188	220	232	11442	11540	99	11436	11543
58383190	1	186	3.669E-45	2	6304	6721	145	147	0.735	1.194E-37	72	168	227	6304	6594	291	6301	6603
58383190	1	186	3.669E-45	2	6304	6721	148	38	0.792	2.106E-01	169	190	227	6656	6721	66	6632	6721
58559946	1	167	1.924E-39	2	10961	11540	246	139	0.710	3.549E-35	73	167	231	10961	11248	288	10955	11257
58559946	1	167	1.924E-39	2	10961	11540	252	49	0.693	7.185E-05	190	222	231	11442	11540	99	11436	11543
58576389	1	169	4.809E-40	2	10958	11540	246	143	0.717	2.824E-36	72	167	226	10958	11248	291	10955	11257
58576389	1	169	4.809E-40	2	10958	11540	252	47	0.673	2.582E-04	190	222	226	11442	11540	99	11436	11543
58621586	1	167	1.924E-39	2	10970	11540	246	140	0.731	2.587E-35	1	92	229	10970	11248	279	10955	11257
58621586	1	167	1.924E-39	2	10970	11540	252	48	0.688	9.893E-05	115	147	229	11442	11540	99	11436	11543
58984720	-1	341	8.033E-92	3	14247	15929	834	119	0.384	2.555E-26	108	285	905	-15929	-15393	537	15986	15372
58984720	-1	341	8.033E-92	3	14247	15929	848	201	0.455	1.358E-53	273	496	905	-15376	-14648	729	15433	14633
58984720	-1	341	8.033E-92	3	14247	15929	857	46	0.439	3.572E-03	511	564	905	-14408	-14247	162	14426	14241
59137702	-1	609	1.694E-172	4	13101	15376	848	213	0.473	1.534E-57	279	504	903	-15376	-14645	732	15433	14633
59137702	-1	609	1.694E-172	4	13101	15376	857	48	0.425	7.226E-04	515	573	903	-14414	-14244	171	14426	14241
59137702	-1	609	1.694E-172	4	13101	15376	871	244	0.505	2.128E-67	573	824	903	-14178	-13408	771	14316	13381
59137702	-1	609	1.694E-172	4	13101	15376	876	121	0.677	5.611E-29	815	902	903	-13364	-13101	264	13385	13101
59315355	-1	439	2.535E-121	2	13423	15376	848	218	0.482	3.560E-59	140	363	746	-15376	-14645	732	15433	14633
59315355	-1	439	2.535E-121	2	13423	15376	871	256	0.490	1.290E-71	400	680	746	-14262	-13423	840	14316	13381
59389132	-1	629	1.615E-178	3	13101	15394	848	244	0.510	3.589E-68	246	479	877	-15394	-14633	762	15433	14633
59389132	-1	629	1.615E-178	3	13101	15394	871	313	0.632	2.240E-91	542	792	877	-14172	-13423	750	14316	13381
59389132	-1	629	1.615E-178	3	13101	15394	876	136	0.749	3.352E-34	789	876	877	-13364	-13101	264	13385	13101
59396939	-1	313	2.156E-83	2	14645	15929	834	130	0.409	7.504E-30	62	240	518	-15929	-15393	537	15986	15372
59396939	-1	313	2.156E-83	2	14645	15929	848	187	0.440	1.067E-48	236	452	518	-15352	-14645	708	15433	14633
59451959	-1	585	2.842E-165	3	13101	15376	848	232	0.501	3.232E-64	243	469	869	-15376	-14636	741	15433	14633
59451959	-1	585	2.842E-165	3	13101	15376	871	265	0.504	9.541E-75	504	784	869	-14262	-13423	840	14316	13381
59451959	-1	585	2.842E-165	3	13101	15376	876	124	0.692	4.458E-30	781	868	869	-13364	-13101	264	13385	13101
59463630	1	226	3.337E-57	3	10961	11540	246	143	0.724	2.824E-36	74	168	229	10961	11248	288	10955	11257
59463630	1	226	3.337E-57	3	10961	11540	249	33	0.718	1.373E+01	170	190	229	11313	11375	63	11286	11375
59463630	1	226	3.337E-57	3	10961	11540	252	48	0.688	9.893E-05	191	223	229	11442	11540	99	11436	11543
67056233	-1	889	8.718E-257	4	13402	15938	834	194	0.583	6.046E-52	85	253	878	-15938	-15429	510	15986	15372
67056233	-1	889	8.718E-257	4	13402	15938	848	287	0.596	3.465E-83	250	477	878	-15376	-14636	741	15433	14633
67056233	-1	889	8.718E-257	4	13402	15938	857	78	0.698	1.168E-14	485	538	878	-14408	-14247	162	14426	14241
67056233	-1	889	8.718E-257	4	13402	15938	871	339	0.660	2.202E-100	541	798	878	-14172	-13402	771	14316	13381
68313418	1	172	6.011E-41	2	10958	11543	246	141	0.709	1.374E-35	75	170	229	10958	11248	291	10955	11257
68313418	1	172	6.011E-41	2	10958	11543	252	52	0.716	5.574E-06	193	226	229	11442	11543	102	11436	11543
68834457	-1	585	2.842E-165	3	13101	15376	848	234	0.505	9.207E-65	243	469	869	-15376	-14636	741	15433	14633
68834457	-1	585	2.842E-165	3	13101	15376	871	264	0.501	2.444E-74	504	784	869	-14262	-13423	840	14316	13381
68834457	-1	585	2.842E-165	3	13101	15376	876	123	0.687	1.152E-29	781	868	869	-13364	-13101	264	13385	13101
68981823	-1	795	1.727E-228	5	13101	15932	834	125	0.414	3.208E-28	92	260	886	-15932	-15429	504	15986	15372
68981823	-1	795	1.727E-228	5	13101	15932	848	220	0.478	5.421E-60	251	479	886	-15394	-14648	747	15433	14633
68981823	-1	795	1.727E-228	5	13101	15932	857	55	0.521	1.678E-06	492	544	886	-14408	-14250	159	14426	14241
68981823	-1	795	1.727E-228	5	13101	15932	871	286	0.580	5.745E-82	548	801	886	-14172	-13423	750	14316	13381
68981823	-1	795	1.727E-228	5	13101	15932	876	132	0.727	1.495E-32	798	885	886	-13364	-13101	264	13385	13101
70121046	-1	138	1.033E-30	1	13531	13956	871	138	0.509	4.751E-31	0	141	179	-13956	-13531	426	14316	13381
70308789	-1	209	4.374E-52	4	13101	15908	834	109	0.389	6.265E-23	132	292	920	-15908	-15429	480	15986	15372
70308789	-1	209	4.374E-52	4	13101	15908	848	182	0.422	6.224E-47	289	512	920	-15376	-14648	729	15433	14633
70308789	-1	209	4.374E-52	4	13101	15908	857	51	0.485	2.964E-05	527	580	920	-14408	-14247	162	14426	14241
70308789	-1	209	4.374E-52	4	13101	15908	876	132	0.727	1.495E-32	832	919	920	-13364	-13101	264	13385	13101
71518777	-1	835	1.571E-240	5	13101	15938	834	145	0.462	3.693E-35	104	268	891	-15938	-15429	510	15986	15372
71518777	-1	835	1.571E-240	5	13101	15938	848	230	0.500	2.125E-63	265	490	891	-15376	-14639	738	15433	14633
71518777	-1	835	1.571E-240	5	13101	15938	857	57	0.510	4.684E-07	497	552	891	-14414	-14247	168	14426	14241
71518777	-1	835	1.571E-240	5	13101	15938	871	275	0.564	3.755E-78	554	806	891	-14175	-13423	753	14316	13381
71518777	-1	835	1.571E-240	5	13101	15938	876	136	0.747	4.600E-34	803	890	891	-13364	-13101	264	13385	13101
71615749	-1	609	1.694E-172	4	13101	15376	848	213	0.473	1.534E-57	280	505	904	-15376	-14645	732	15433	14633
71615749	-1	609	1.694E-172	4	13101	15376	857	48	0.425	7.226E-04	516	574	904	-14414	-14244	171	14426	14241
71615749	-1	609	1.694E-172	4	13101	15376	871	244	0.505	2.128E-67	574	825	904	-14178	-13408	771	14316	13381
71615749	-1	609	1.694E-172	4	13101	15376	876	121	0.677	5.611E-29	816	903	904	-13364	-13101	264	13385	13101
72478311	1	236	3.259E-60	3	10958	11543	246	144	0.724	7.968E-37	80	175	236	10958	11248	291	10955	11257
72478311	1	236	3.259E-60	3	10958	11543	249	37	0.801	5.515E-01	177	197	236	11313	11375	63	11286	11375
72478311	1	236	3.259E-60	3	10958	11543	252	53	0.736	1.554E-06	198	231	236	11442	11543	102	11436	11543
72921382	1	177	1.878E-42	2	10961	11375	246	143	0.725	2.058E-36	73	167	226	10961	11248	288	10955	11257
72921382	1	177	1.878E-42	2	10961	11375	249	33	0.673	2.615E+01	168	189	226	11310	11375	66	11286	11375
72924744	1	184	1.468E-44	2	6304	6721	145	145	0.726	5.807E-37	72	168	227	6304	6594	291	6301	6603
72924744	1	184	1.468E-44	2	6304	6721	148	38	0.792	2.106E-01	169	190	227	6656	6721	66	6632	6721
72932305	1	169	4.809E-40	2	10961	11540	246	137	0.698	3.251E-34	77	171	251	10961	11248	288	10955	11257
72932305	1	169	4.809E-40	2	10961	11540	252	53	0.745	2.943E-06	194	226	251	11442	11540	99	11436	11543
72952662	1	172	6.011E-41	2	10958	11543	246	141	0.709	1.374E-35	75	170	229	10958	11248	291	10955	11257
72952662	1	172	6.011E-41	2	10958	11543	252	52	0.716	5.574E-06	193	226	229	11442	11543	102	11436	11543
73167987	1	173	3.006E-41	2	10961	11540	246	145	0.736	3.085E-37	75	169	234	10961	11248	288	10955	11257
73167987	1	173	3.006E-41	2	10961	11540	252	49	0.698	5.219E-05	192	224	234	11442	11540	99	11436	11543
73494456	1	166	3.847E-39	2	10961	11540	246	140	0.712	2.587E-35	84	178	244	10961	11248	288	10955	11257
73494456	1	166	3.847E-39	2	10961	11540	252	47	0.673	2.582E-04	201	233	244	11442	11540	99	11436	11543
73569465	-1	639	1.577E-181	4	13101	15391	848	219	0.470	1.389E-59	273	507	898	-15391	-14633	759	15433	14633
73569465	-1	639	1.577E-181	4	13101	15391	857	43	0.414	2.434E-02	515	569	898	-14405	-14241	165	14426	14241
73569465	-1	639	1.577E-181	4	13101	15391	871	263	0.550	6.259E-74	571	813	898	-14169	-13423	747	14316	13381
73569465	-1	639	1.577E-181	4	13101	15391	876	121	0.677	5.611E-29	810	897	898	-13364	-13101	264	13385	13101
73769521	1	169	4.809E-40	2	6118	11248	139	43	0.525	1.217E-02	43	81	236	6118	6237	120	6118	6243
73769521	1	169	4.809E-40	2	6118	11248	246	126	0.645	1.668E-30	81	176	236	10958	11248	291	10955	11257
73839366	-1	196	3.583E-48	1	13579	14094	871	196	0.582	7.684E-51	0	165	167	-14094	-13579	516	14316	13381
73856792	-1	437	1.014E-120	2	13423	15376	848	219	0.484	1.389E-59	140	363	746	-15376	-14645	732	15433	14633
73856792	-1	437	1.014E-120	2	13423	15376	871	253	0.486	1.157E-70	400	680	746	-14262	-13423	840	14316	13381
73883121	-1	372	3.741E-101	3	14262	15932	834	120	0.402	1.367E-26	88	256	882	-15932	-15429	504	15986	15372
73883121	-1	372	3.741E-101	3	14262	15932	848	216	0.464	1.708E-58	247	480	882	-15394	-14633	762	15433	14633
73883121	-1	372	3.741E-101	3	14262	15932	857	51	0.521	4.079E-05	488	536	882	-14408	-14262	147	14426	14241
73920739	1	231	1.043E-58	3	10958	11540	246	148	0.742	3.369E-38	48	143	203	10958	11248	291	10955	11257
73920739	1	231	1.043E-58	3	10958	11540	249	34	0.726	9.952E+00	145	165	203	11313	11375	63	11286	11375
73920739	1	231	1.043E-58	3	10958	11540	252	47	0.667	3.556E-04	166	198	203	11442	11540	99	11436	11543
79603801	-1	499	2.199E-139	3	13423	15376	848	213	0.468	1.534E-57	286	515	906	-15376	-14633	744	15433	14633
79603801	-1	499	2.199E-139	3	13423	15376	857	49	0.454	2.013E-04	522	577	906	-14408	-14241	168	14426	14241
79603801	-1	499	2.199E-139	3	13423	15376	871	241	0.514	1.393E-66	579	821	906	-14169	-13423	747	14316	13381
80776226	1	179	4.696E-43	2	10958	11540	246	146	0.731	2.248E-37	72	167	245	10958	11248	291	10955	11257
80776226	1	179	4.696E-43	2	10958	11540	252	54	0.760	1.129E-06	190	222	245	11442	11540	99	11436	11543
81934859	-1	302	4.416E-80	2	13101	13956	871	180	0.529	1.969E-45	0	177	262	-13956	-13423	534	14316	13381
81934859	-1	302	4.416E-80	2	13101	13956	876	125	0.694	3.249E-30	174	261	262	-13364	-13101	264	13385	13101
82145238	1	171	1.202E-40	2	10958	11543	246	138	0.697	1.258E-34	76	171	241	10958	11248	291	10955	11257
82145238	1	171	1.202E-40	2	10958	11543	252	54	0.741	1.129E-06	194	227	241	11442	11543	102	11436	11543
82986287	-1	674	4.591E-192	4	13101	15941	834	136	0.410	5.000E-32	52	238	852	-15941	-15393	549	15986	15372
82986287	-1	674	4.591E-192	4	13101	15941	848	222	0.495	1.546E-60	230	449	852	-15364	-14645	720	15433	14633
82986287	-1	674	4.591E-192	4	13101	15941	871	265	0.551	9.541E-75	517	767	852	-14169	-13423	747	14316	13381
82986287	-1	674	4.591E-192	4	13101	15941	876	127	0.704	6.673E-31	764	851	852	-13364	-13101	264	13385	13101
84530030	1	168	9.618E-40	2	10958	11540	246	136	0.686	8.398E-34	75	170	230	10958	11248	291	10955	11257
84530030	1	168	9.618E-40	2	10958	11540	252	53	0.745	2.943E-06	193	225	230	11442	11540	99	11436	11543
87492585	1	175	7.514E-42	2	10961	11540	246	142	0.720	5.318E-36	59	153	214	10961	11248	288	10955	11257
87492585	1	175	7.514E-42	2	10961	11540	252	54	0.766	8.205E-07	176	208	214	11442	11540	99	11436	11543
87638501	1	164	1.539E-38	3	5885	6721	134	40	0.710	1.752E-01	9	34	234	5885	5962	78	5879	6028
87638501	1	164	1.539E-38	3	5885	6721	145	130	0.651	7.047E-32	73	171	234	6307	6600	294	6301	6603
87638501	1	164	1.539E-38	3	5885	6721	148	36	0.752	1.048E+00	166	187	234	6656	6721	66	6632	6721
87681747	1	186	3.669E-45	2	6304	6721	145	147	0.735	1.194E-37	72	168	227	6304	6594	291	6301	6603
87681747	1	186	3.669E-45	2	6304	6721	148	38	0.792	2.106E-01	169	190	227	6656	6721	66	6632	6721
87855266	1	168	9.618E-40	2	10961	11540	246	136	0.696	4.460E-34	78	172	250	10961	11248	288	10955	11257
87855266	1	168	9.618E-40	2	10961	11540	252	53	0.755	1.554E-06	195	227	250	11442	11540	99	11436	11543
87993039	1	184	1.468E-44	2	10961	11540	246	154	0.773	4.020E-40	75	169	233	10961	11248	288	10955	11257
87993039	1	184	1.468E-44	2	10961	11540	252	51	0.719	1.453E-05	192	224	233	11442	11540	99	11436	11543
88099726	-1	662	1.880E-188	4	13101	15352	848	228	0.508	7.457E-63	232	450	850	-15352	-14636	717	15433	14633
88099726	-1	662	1.880E-188	4	13101	15352	857	51	0.485	2.964E-05	458	511	850	-14408	-14247	162	14426	14241
88099726	-1	662	1.880E-188	4	13101	15352	871	267	0.553	2.722E-75	515	765	850	-14169	-13423	747	14316	13381
88099726	-1	662	1.880E-188	4	13101	15352	876	126	0.700	1.257E-30	762	849	850	-13364	-13101	264	13385	13101
88123806	-1	264	1.214E-68	4	13101	15971	834	124	0.388	5.997E-28	158	341	961	-15971	-15435	537	15986	15372
88123806	-1	264	1.214E-68	4	13101	15971	848	214	0.472	4.375E-58	340	568	961	-15376	-14636	741	15433	14633
88123806	-1	264	1.214E-68	4	13101	15971	857	47	0.439	9.947E-04	575	630	961	-14408	-14241	168	14426	14241
88123806	-1	264	1.214E-68	4	13101	15971	876	125	0.694	3.249E-30	873	960	961	-13364	-13101	264	13385	13101
88173745	-1	119	5.414E-25	1	15435	15932	834	119	0.398	3.492E-26	32	201	203	-15932	-15435	498	15986	15372
88332871	-1	675	2.295E-192	4	13101	15376	848	237	0.520	7.471E-66	271	490	895	-15376	-14654	723	15433	14633
88332871	-1	675	2.295E-192	4	13101	15376	857	55	0.510	2.308E-06	503	556	895	-14408	-14247	162	14426	14241
88332871	-1	675	2.295E-192	4	13101	15376	871	271	0.550	1.183E-76	560	816	895	-14169	-13408	762	14316	13381
88332871	-1	675	2.295E-192	4	13101	15376	876	133	0.734	4.216E-33	807	894	895	-13364	-13101	264	13385	13101
88423960	-1	341	8.033E-92	3	14247	15908	834	120	0.416	1.869E-26	110	270	898	-15908	-15429	480	15986	15372
88423960	-1	341	8.033E-92	3	14247	15908	848	191	0.437	4.666E-50	267	490	898	-15376	-14648	729	15433	14633
88423960	-1	341	8.033E-92	3	14247	15908	857	46	0.442	2.595E-03	505	558	898	-14408	-14247	162	14426	14241
88499355	-1	458	4.835E-127	3	13423	15376	848	182	0.421	8.508E-47	278	501	898	-15376	-14648	729	15433	14633
88499355	-1	458	4.835E-127	3	13423	15376	857	48	0.454	3.814E-04	512	566	898	-14408	-14244	165	14426	14241
88499355	-1	458	4.835E-127	3	13423	15376	871	236	0.503	1.115E-64	568	813	898	-14172	-13423	750	14316	13381
96411637	1	233	2.607E-59	3	10958	11540	246	146	0.733	1.638E-37	67	162	221	10958	11248	291	10955	11257
96411637	1	233	2.607E-59	3	10958	11540	249	36	0.744	1.446E+00	163	184	221	11310	11375	66	11286	11375
96411637	1	233	2.607E-59	3	10958	11540	252	49	0.704	3.791E-05	185	217	221	11442	11540	99	11436	11543
96561711	-1	631	4.038E-179	4	13405	15938	834	113	0.384	5.165E-24	91	259	877	-15938	-15435	504	15986	15372
96561711	-1	631	4.038E-179	4	13405	15938	848	217	0.468	4.871E-59	253	486	877	-15391	-14633	759	15433	14633
96561711	-1	631	4.038E-179	4	13405	15938	857	47	0.451	9.947E-04	493	546	877	-14408	-14247	162	14426	14241
96561711	-1	631	4.038E-179	4	13405	15938	871	267	0.549	1.989E-75	551	798	877	-14166	-13405	762	14316	13381
97435286	-1	780	5.659E-224	4	13402	15938	834	194	0.583	6.046E-52	85	253	793	-15938	-15429	510	15986	15372
97435286	-1	780	5.659E-224	4	13402	15938	848	287	0.596	3.465E-83	250	477	793	-15376	-14636	741	15433	14633
97435286	-1	780	5.659E-224	4	13402	15938	857	78	0.698	1.168E-14	485	538	793	-14408	-14247	162	14426	14241
97435286	-1	780	5.659E-224	4	13402	15938	871	230	0.664	8.905E-63	541	713	793	-13917	-13402	516	14316	13381
98546851	-1	653	9.628E-186	4	13101	15376	848	233	0.504	1.260E-64	243	469	869	-15376	-14636	741	15433	14633
98546851	-1	653	9.628E-186	4	13101	15376	857	49	0.467	2.013E-04	477	530	869	-14408	-14247	162	14426	14241
98546851	-1	653	9.628E-186	4	13101	15376	871	258	0.540	1.968E-72	534	784	869	-14169	-13423	747	14316	13381
98546851	-1	653	9.628E-186	4	13101	15376	876	123	0.687	1.152E-29	781	868	869	-13364	-13101	264	13385	13101
98639876	-1	521	5.242E-146	3	13423	15869	834	132	0.477	1.147E-30	118	265	887	-15869	-15429	441	15986	15372
98639876	-1	521	5.242E-146	3	13423	15869	848	226	0.492	3.581E-62	262	489	887	-15376	-14636	741	15433	14633
98639876	-1	521	5.242E-146	3	13423	15869	871	232	0.500	2.548E-63	557	802	887	-14166	-13423	744	14316	13381
99515832	-1	787	4.421E-226	5	13101	15926	834	134	0.417	2.395E-31	32	211	825	-15926	-15393	534	15986	15372
99515832	-1	787	4.421E-226	5	13101	15926	848	227	0.493	2.616E-62	199	425	825	-15376	-14636	741	15433	14633
99515832	-1	787	4.421E-226	5	13101	15926	857	53	0.498	8.269E-06	433	486	825	-14408	-14247	162	14426	14241
99515832	-1	787	4.421E-226	5	13101	15926	871	271	0.560	1.183E-76	490	740	825	-14169	-13423	747	14316	13381
99515832	-1	787	4.421E-226	5	13101	15926	876	123	0.687	1.152E-29	737	824	825	-13364	-13101	264	13385	13101
99629859	-1	507	8.588E-142	3	13387	15938	834	125	0.412	3.208E-28	98	267	884	-15938	-15429	510	15986	15372
99629859	-1	507	8.588E-142	3	13387	15938	848	201	0.461	2.542E-53	272	492	884	-15352	-14639	714	15433	14633
99629859	-1	507	8.588E-142	3	13387	15938	871	248	0.508	6.791E-69	558	806	884	-14166	-13387	780	14316	13381
100742989	-1	528	4.095E-148	3	13387	15908	834	119	0.413	4.773E-26	113	273	889	-15908	-15429	480	15986	15372
100742989	-1	528	4.095E-148	3	13387	15908	848	213	0.480	1.121E-57	278	499	889	-15352	-14633	720	15433	14633
100742989	-1	528	4.095E-148	3	13387	15908	871	259	0.523	7.685E-73	561	811	889	-14172	-13387	786	14316	13381
101161748	-1	672	1.836E-191	4	13101	15376	848	236	0.509	1.400E-65	272	498	898	-15376	-14636	741	15433	14633
101161748	-1	672	1.836E-191	4	13101	15376	857	55	0.524	1.219E-06	507	559	898	-14405	-14247	159	14426	14241
101161748	-1	672	1.836E-191	4	13101	15376	871	268	0.545	1.063E-75	563	819	898	-14169	-13408	762	14316	13381
101161748	-1	672	1.836E-191	4	13101	15376	876	130	0.719	5.303E-32	810	897	898	-13364	-13101	264	13385	13101
102210094	1	170	2.404E-40	2	6304	11543	145	139	0.704	3.549E-35	76	171	231	6304	6594	291	6301	6603
102210094	1	170	2.404E-40	2	6304	11543	252	52	0.721	4.050E-06	194	227	231	11442	11543	102	11436	11543
102211118	1	172	6.011E-41	2	10958	11543	246	141	0.709	1.374E-35	75	170	229	10958	11248	291	10955	11257
102211118	1	172	6.011E-41	2	10958	11543	252	52	0.716	5.574E-06	193	226	229	11442	11543	102	11436	11543
102261815	1	144	1.614E-32	2	5888	11254	134	41	0.658	9.220E-02	4	32	223	5888	5962	75	5879	6028
102261815	1	144	1.614E-32	2	5888	11254	246	140	0.689	1.885E-35	71	170	223	10961	11254	294	10955	11257
102344825	1	171	1.202E-40	3	5897	11375	134	38	0.784	8.724E-01	19	40	231	5897	5962	66	5879	6028
102344825	1	171	1.202E-40	3	5897	11375	246	137	0.674	3.251E-34	79	178	231	10961	11254	294	10955	11257
102344825	1	171	1.202E-40	3	5897	11375	249	38	0.776	4.001E-01	173	194	231	11310	11375	66	11286	11375
102357855	1	171	1.202E-40	3	5888	6887	134	39	0.721	3.329E-01	7	31	223	5888	5962	75	5879	6028
102357855	1	171	1.202E-40	3	5888	6887	145	138	0.697	1.258E-34	70	165	223	6304	6594	291	6301	6603
102357855	1	171	1.202E-40	3	5888	6887	151	52	0.740	4.050E-06	188	220	223	6789	6887	99	6783	6890
102493970	1	195	7.166E-48	2	10964	11375	246	160	0.806	3.497E-42	58	151	210	10964	11248	285	10955	11257
102493970	1	195	7.166E-48	2	10964	11375	249	34	0.743	5.230E+00	153	173	210	11313	11375	63	11286	11375
102603901	1	200	2.239E-49	3	6121	11540	139	40	0.521	8.338E-02	96	131	285	6121	6234	114	6118	6243
102603901	1	200	2.239E-49	3	6121	11540	246	131	0.673	2.727E-32	133	226	285	10961	11248	288	10955	11257
102603901	1	200	2.239E-49	3	6121	11540	252	49	0.704	3.791E-05	249	281	285	11442	11540	99	11436	11543
102715077	-1	577	7.274E-163	3	13101	15376	848	228	0.494	1.397E-62	227	453	854	-15376	-14636	741	15433	14633
102715077	-1	577	7.274E-163	3	13101	15376	871	262	0.498	1.172E-73	488	769	854	-14262	-13423	840	14316	13381
102715077	-1	577	7.274E-163	3	13101	15376	876	123	0.683	2.171E-29	766	853	854	-13364	-13101	264	13385	13101
102798784	-1	110	2.772E-22	1	15429	15839	834	110	0.436	4.586E-23	48	185	242	-15839	-15429	411	15986	15372
103004081	1	183	2.935E-44	2	10958	11375	246	148	0.742	3.369E-38	48	143	203	10958	11248	291	10955	11257
103004081	1	183	2.935E-44	2	10958	11375	249	34	0.726	9.952E+00	145	165	203	11313	11375	63	11286	11375
103004395	1	183	2.935E-44	2	10958	11375	246	148	0.742	3.369E-38	48	143	203	10958	11248	291	10955	11257
103004395	1	183	2.935E-44	2	10958	11375	249	34	0.726	9.952E+00	145	165	203	11313	11375	63	11286	11375
103022066	-1	134	1.652E-29	3	13101	15929	834	132	0.413	1.568E-30	62	240	844	-15929	-15393	537	15986	15372
103022066	-1	134	1.652E-29	3	13101	15929	848	186	0.438	1.994E-48	236	452	844	-15352	-14645	708	15433	14633
103022066	-1	134	1.652E-29	3	13101	15929	876	122	0.679	4.089E-29	756	843	844	-13364	-13101	264	13385	13101
103093670	-1	664	4.701E-189	4	13101	15391	848	218	0.480	1.901E-59	208	433	836	-15391	-14654	738	15433	14633
103093670	-1	664	4.701E-189	4	13101	15391	857	46	0.430	2.595E-03	446	501	836	-14408	-14241	168	14426	14241
103093670	-1	664	4.701E-189	4	13101	15391	871	293	0.593	1.477E-84	504	757	836	-14166	-13408	759	14316	13381
103093670	-1	664	4.701E-189	4	13101	15391	876	127	0.706	4.862E-31	748	835	836	-13364	-13101	264	13385	13101
109146403	-1	798	2.159E-229	5	13101	15941	834	139	0.446	4.074E-33	116	286	908	-15941	-15429	513	15986	15372
109146403	-1	798	2.159E-229	5	13101	15941	848	224	0.493	1.719E-61	286	508	908	-15367	-14636	732	15433	14633
109146403	-1	798	2.159E-229	5	13101	15941	857	50	0.476	7.724E-05	516	569	908	-14408	-14247	162	14426	14241
109146403	-1	798	2.159E-229	5	13101	15941	871	269	0.547	4.148E-76	573	829	908	-14169	-13408	762	14316	13381
109146403	-1	798	2.159E-229	5	13101	15941	876	131	0.723	2.816E-32	820	907	908	-13364	-13101	264	13385	13101
109384591	-1	643	9.859E-183	4	13101	15893	834	127	0.438	4.908E-29	143	302	923	-15893	-15429	465	15986	15372
109384591	-1	643	9.859E-183	4	13101	15893	848	215	0.477	3.197E-58	299	522	923	-15376	-14645	732	15433	14633
109384591	-1	643	9.859E-183	4	13101	15893	871	248	0.525	4.965E-69	589	838	923	-14172	-13423	750	14316	13381
109384591	-1	643	9.859E-183	4	13101	15893	876	123	0.683	2.171E-29	835	922	923	-13364	-13101	264	13385	13101
110290588	-1	498	4.397E-139	3	13423	15376	848	209	0.462	2.577E-56	283	512	903	-15376	-14633	744	15433	14633
110290588	-1	498	4.397E-139	3	13423	15376	857	49	0.451	2.771E-04	519	574	903	-14408	-14241	168	14426	14241
110290588	-1	498	4.397E-139	3	13423	15376	871	244	0.518	2.128E-67	576	818	903	-14169	-13423	747	14316	13381
110991163	1	166	3.847E-39	2	10961	11543	246	132	0.659	1.449E-32	75	173	238	10961	11254	294	10955	11257
110991163	1	166	3.847E-39	2	10961	11543	252	51	0.701	1.453E-05	192	225	238	11442	11543	102	11436	11543
111232713	-1	206	3.499E-51	4	13101	15908	834	115	0.386	5.808E-25	136	304	922	-15908	-15393	516	15986	15372
111232713	-1	206	3.499E-51	4	13101	15908	848	192	0.438	3.412E-50	292	515	922	-15376	-14648	729	15433	14633
111232713	-1	206	3.499E-51	4	13101	15908	857	49	0.464	2.771E-04	530	583	922	-14408	-14247	162	14426	14241
111232713	-1	206	3.499E-51	4	13101	15908	876	123	0.683	2.171E-29	834	921	922	-13364	-13101	264	13385	13101
112441035	1	167	1.924E-39	2	10958	11540	246	136	0.690	4.460E-34	75	170	256	10958	11248	291	10955	11257
112441035	1	167	1.924E-39	2	10958	11540	252	52	0.735	5.574E-06	193	225	256	11442	11540	99	11436	11543
113071705	-1	687	5.604E-196	4	13101	15938	834	133	0.424	4.480E-31	114	288	910	-15938	-15429	510	15986	15372
113071705	-1	687	5.604E-196	4	13101	15938	848	211	0.464	7.353E-57	285	514	910	-15376	-14633	744	15433	14633
113071705	-1	687	5.604E-196	4	13101	15938	871	270	0.524	2.215E-76	560	831	910	-14220	-13408	813	14316	13381
113071705	-1	687	5.604E-196	4	13101	15938	876	128	0.709	2.582E-31	822	909	910	-13364	-13101	264	13385	13101
113948168	-1	590	8.880E-167	3	13423	15908	834	127	0.411	4.908E-29	77	250	864	-15908	-15393	516	15986	15372
113948168	-1	590	8.880E-167	3	13423	15908	848	238	0.510	2.913E-66	238	465	864	-15376	-14633	744	15433	14633
113948168	-1	590	8.880E-167	3	13423	15908	871	269	0.510	3.031E-76	499	779	864	-14262	-13423	840	14316	13381
116153656	-1	800	5.396E-230	5	13101	15941	834	141	0.451	8.498E-34	116	286	908	-15941	-15429	513	15986	15372
116153656	-1	800	5.396E-230	5	13101	15941	848	224	0.493	1.719E-61	286	508	908	-15367	-14636	732	15433	14633
116153656	-1	800	5.396E-230	5	13101	15941	857	50	0.476	7.724E-05	516	569	908	-14408	-14247	162	14426	14241
116153656	-1	800	5.396E-230	5	13101	15941	871	269	0.546	5.676E-76	573	829	908	-14169	-13408	762	14316	13381
116153656	-1	800	5.396E-230	5	13101	15941	876	131	0.723	2.816E-32	820	907	908	-13364	-13101	264	13385	13101
116677672	1	170	2.404E-40	2	10958	11540	246	139	0.700	6.682E-35	75	170	258	10958	11248	291	10955	11257
116677672	1	170	2.404E-40	2	10958	11540	252	52	0.735	5.574E-06	193	225	258	11442	11540	99	11436	11543
116770244	1	163	3.078E-38	2	6307	11540	145	132	0.677	1.449E-32	76	170	257	6307	6594	288	6301	6603
116770244	1	163	3.078E-38	2	6307	11540	252	52	0.735	5.574E-06	193	225	257	11442	11540	99	11436	11543
116787540	1	172	6.011E-41	2	10961	11540	246	141	0.717	1.001E-35	80	174	254	10961	11248	288	10955	11257
116787540	1	172	6.011E-41	2	10961	11540	252	52	0.735	5.574E-06	197	229	254	11442	11540	99	11436	11543
116932930	1	176	3.757E-42	2	10964	11375	246	138	0.711	9.169E-35	59	152	221	10964	11248	285	10955	11257
116932930	1	176	3.757E-42	2	10964	11375	249	37	0.793	7.604E-01	154	174	221	11313	11375	63	11286	11375
116954581	1	168	9.618E-40	2	10961	11540	246	140	0.713	1.885E-35	77	171	237	10961	11248	288	10955	11257
116954581	1	168	9.618E-40	2	10961	11540	252	49	0.698	5.219E-05	194	226	237	11442	11540	99	11436	11543
117085459	1	141	1.291E-31	2	5888	11254	134	42	0.769	3.523E-02	10	34	233	5888	5962	75	5879	6028
117085459	1	141	1.291E-31	2	5888	11254	246	135	0.671	1.581E-33	72	170	233	10958	11254	297	10955	11257
117349403	-1	241	1.018E-61	2	13717	14408	857	55	0.510	2.308E-06	113	166	370	-14408	-14247	162	14426	14241
117349403	-1	241	1.018E-61	2	13717	14408	871	188	0.627	2.859E-48	170	319	370	-14169	-13717	453	14316	13381
117486785	-1	330	1.645E-88	3	14247	15908	834	113	0.398	3.780E-24	99	259	887	-15908	-15429	480	15986	15372
117486785	-1	330	1.645E-88	3	14247	15908	848	187	0.430	1.458E-48	256	479	887	-15376	-14648	729	15433	14633
117486785	-1	330	1.645E-88	3	14247	15908	857	46	0.442	2.595E-03	494	547	887	-14408	-14247	162	14426	14241
117561073	-1	698	2.736E-199	4	13101	15908	834	141	0.446	6.211E-34	82	255	869	-15908	-15393	516	15986	15372
117561073	-1	698	2.736E-199	4	13101	15908	848	219	0.480	1.015E-59	243	469	869	-15376	-14636	741	15433	14633
117561073	-1	698	2.736E-199	4	13101	15908	871	268	0.500	1.063E-75	504	790	869	-14262	-13408	855	14316	13381
117561073	-1	698	2.736E-199	4	13101	15908	876	123	0.685	1.582E-29	781	868	869	-13364	-13101	264	13385	13101
117618539	-1	226	3.337E-57	1	13423	14178	871	226	0.483	3.799E-61	128	375	460	-14178	-13423	756	14316	13381
123504740	-1	638	3.155E-181	4	13101	15352	848	213	0.485	2.098E-57	247	462	865	-15352	-14645	708	15433	14633
123504740	-1	638	3.155E-181	4	13101	15352	857	46	0.442	2.595E-03	473	526	865	-14408	-14247	162	14426	14241
123504740	-1	638	3.155E-181	4	13101	15352	871	263	0.554	6.259E-74	530	776	865	-14169	-13435	735	14316	13381
123504740	-1	638	3.155E-181	4	13101	15352	876	125	0.701	3.249E-30	778	864	865	-13361	-13101	261	13385	13101
123992903	-1	174	1.503E-41	1	14735	15376	848	174	0.448	3.229E-44	47	241	261	-15376	-14735	642	15433	14633
126235779	-1	379	2.922E-103	2	13408	15385	848	198	0.444	1.665E-52	279	506	906	-15385	-14645	741	15433	14633
126235779	-1	379	2.922E-103	2	13408	15385	871	252	0.525	2.165E-70	579	827	906	-14169	-13408	762	14316	13381
126689208	-1	676	1.148E-192	4	13101	15941	834	139	0.420	2.978E-33	52	237	851	-15941	-15393	549	15986	15372
126689208	-1	676	1.148E-192	4	13101	15941	848	224	0.499	2.353E-61	229	448	851	-15364	-14645	720	15433	14633
126689208	-1	676	1.148E-192	4	13101	15941	871	263	0.547	4.575E-74	516	766	851	-14169	-13423	747	14316	13381
126689208	-1	676	1.148E-192	4	13101	15941	876	126	0.698	1.725E-30	763	850	851	-13364	-13101	264	13385	13101
127579652	-1	506	1.718E-141	3	13387	15938	834	126	0.414	1.716E-28	73	242	859	-15938	-15429	510	15986	15372
127579652	-1	506	1.718E-141	3	13387	15938	848	196	0.452	1.090E-51	247	467	859	-15352	-14639	714	15433	14633
127579652	-1	506	1.718E-141	3	13387	15938	871	251	0.513	5.541E-70	533	781	859	-14166	-13387	780	14316	13381
129766718	-1	599	1.734E-169	3	13101	15376	848	236	0.508	1.916E-65	204	430	830	-15376	-14636	741	15433	14633
129766718	-1	599	1.734E-169	3	13101	15376	871	273	0.508	1.317E-77	465	751	830	-14262	-13408	855	14316	13381
129766718	-1	599	1.734E-169	3	13101	15376	876	132	0.728	1.090E-32	742	829	830	-13364	-13101	264	13385	13101
130426328	-1	737	4.977E-211	5	13101	15908	834	120	0.414	1.869E-26	142	303	931	-15908	-15429	480	15986	15372
130426328	-1	737	4.977E-211	5	13101	15908	848	190	0.436	8.726E-50	300	523	931	-15376	-14648	729	15433	14633
130426328	-1	737	4.977E-211	5	13101	15908	857	47	0.439	9.947E-04	538	593	931	-14408	-14241	168	14426	14241
130426328	-1	737	4.977E-211	5	13101	15908	871	263	0.549	6.259E-74	594	843	931	-14172	-13432	741	14316	13381
130426328	-1	737	4.977E-211	5	13101	15908	876	130	0.721	3.865E-32	843	930	931	-13364	-13101	264	13385	13101
131082726	1	173	3.006E-41	2	10958	11540	246	145	0.726	5.807E-37	73	168	227	10958	11248	291	10955	11257
131082726	1	173	3.006E-41	2	10958	11540	252	49	0.704	3.791E-05	191	223	227	11442	11540	99	11436	11543
131166715	1	206	3.499E-51	3	6307	6890	145	129	0.651	1.821E-31	74	171	238	6307	6600	294	6301	6603
131166715	1	206	3.499E-51	3	6307	6890	148	32	0.666	3.609E+01	166	187	238	6656	6721	66	6632	6721
131166715	1	206	3.499E-51	3	6307	6890	151	49	0.686	3.791E-05	188	221	238	6789	6890	102	6783	6890
131170453	1	210	2.187E-52	3	10958	11543	246	131	0.656	2.727E-32	73	171	293	10958	11254	297	10955	11257
131170453	1	210	2.187E-52	3	10958	11543	249	33	0.673	2.615E+01	166	187	293	11310	11375	66	11286	11375
131170453	1	210	2.187E-52	3	10958	11543	252	50	0.691	2.754E-05	188	221	293	11442	11543	102	11436	11543
131245773	1	170	2.404E-40	2	10958	11540	246	138	0.697	1.258E-34	77	172	250	10958	11248	291	10955	11257
131245773	1	170	2.404E-40	2	10958	11540	252	53	0.745	2.943E-06	195	227	250	11442	11540	99	11436	11543
131409241	1	170	2.404E-40	2	10958	11543	246	137	0.693	2.369E-34	80	175	235	10958	11248	291	10955	11257
131409241	1	170	2.404E-40	2	10958	11543	252	54	0.741	1.129E-06	198	231	235	11442	11543	102	11436	11543
131455620	1	173	3.006E-41	2	10961	11375	246	143	0.702	1.500E-36	67	166	219	10961	11254	294	10955	11257
131455620	1	173	3.006E-41	2	10961	11375	249	35	0.729	2.749E+00	161	182	219	11310	11375	66	11286	11375
131692180	-1	664	4.701E-189	4	13101	15391	848	218	0.480	1.901E-59	208	433	836	-15391	-14654	738	15433	14633
131692180	-1	664	4.701E-189	4	13101	15391	857	46	0.430	2.595E-03	446	501	836	-14408	-14241	168	14426	14241
131692180	-1	664	4.701E-189	4	13101	15391	871	293	0.593	1.477E-84	504	757	836	-14166	-13408	759	14316	13381
131692180	-1	664	4.701E-189	4	13101	15391	876	127	0.706	4.862E-31	748	835	836	-13364	-13101	264	13385	13101
131783361	-1	341	8.033E-92	3	14247	15929	834	117	0.380	1.219E-25	108	285	905	-15929	-15393	537	15986	15372
131783361	-1	341	8.033E-92	3	14247	15929	848	200	0.454	4.755E-53	274	496	905	-15373	-14648	726	15433	14633
131783361	-1	341	8.033E-92	3	14247	15929	857	48	0.454	7.226E-04	511	564	905	-14408	-14247	162	14426	14241
131897651	-1	655	2.407E-186	4	13101	15376	848	227	0.493	2.616E-62	227	453	853	-15376	-14636	741	15433	14633
131897651	-1	655	2.407E-186	4	13101	15376	857	53	0.501	6.010E-06	461	514	853	-14408	-14247	162	14426	14241
131897651	-1	655	2.407E-186	4	13101	15376	871	262	0.545	1.172E-73	518	768	853	-14169	-13423	747	14316	13381
131897651	-1	655	2.407E-186	4	13101	15376	876	123	0.683	2.171E-29	765	852	853	-13364	-13101	264	13385	13101
131986752	-1	197	1.791E-48	1	14798	15391	848	197	0.524	4.259E-52	104	281	285	-15391	-14798	594	15433	14633
132049755	-1	610	8.469E-173	4	13101	15376	848	186	0.428	3.728E-48	314	537	945	-15376	-14648	729	15433	14633
132049755	-1	610	8.469E-173	4	13101	15376	857	47	0.442	1.369E-03	552	606	945	-14408	-14244	165	14426	14241
132049755	-1	610	8.469E-173	4	13101	15376	871	261	0.530	3.001E-73	608	866	945	-14172	-13408	765	14316	13381
132049755	-1	610	8.469E-173	4	13101	15376	876	136	0.746	6.312E-34	857	944	945	-13364	-13101	264	13385	13101
132071509	-1	113	3.465E-23	1	15435	15833	834	113	0.457	2.767E-24	9	142	145	-15833	-15435	399	15986	15372
132141703	-1	777	4.527E-223	5	13101	15908	834	130	0.434	7.504E-30	71	235	858	-15908	-15429	480	15986	15372
132141703	-1	777	4.527E-223	5	13101	15908	848	231	0.500	8.287E-64	232	458	858	-15376	-14636	741	15433	14633
132141703	-1	777	4.527E-223	5	13101	15908	857	43	0.420	2.434E-02	466	519	858	-14408	-14247	162	14426	14241
132141703	-1	777	4.527E-223	5	13101	15908	871	266	0.552	5.096E-75	523	773	858	-14169	-13423	747	14316	13381
132141703	-1	777	4.527E-223	5	13101	15908	876	119	0.668	2.732E-28	770	857	858	-13364	-13101	264	13385	13101
137752558	-1	605	2.710E-171	4	13101	15376	848	192	0.438	1.824E-50	312	536	945	-15376	-14645	732	15433	14633
137752558	-1	605	2.710E-171	4	13101	15376	857	46	0.433	1.885E-03	552	607	945	-14408	-14241	168	14426	14241
137752558	-1	605	2.710E-171	4	13101	15376	871	262	0.536	8.564E-74	610	866	945	-14166	-13408	759	14316	13381
137752558	-1	605	2.710E-171	4	13101	15376	876	128	0.707	3.543E-31	857	944	945	-13364	-13101	264	13385	13101
140152991	-1	654	4.814E-186	4	13101	15376	848	234	0.505	6.727E-65	187	413	813	-15376	-14636	741	15433	14633
140152991	-1	654	4.814E-186	4	13101	15376	857	49	0.470	1.463E-04	421	474	813	-14408	-14247	162	14426	14241
140152991	-1	654	4.814E-186	4	13101	15376	871	258	0.539	2.692E-72	478	728	813	-14169	-13423	747	14316	13381
140152991	-1	654	4.814E-186	4	13101	15376	876	123	0.687	1.152E-29	725	812	813	-13364	-13101	264	13385	13101
145416887	-1	654	4.814E-186	4	13101	15908	834	128	0.431	1.919E-29	79	243	866	-15908	-15429	480	15986	15372
145416887	-1	654	4.814E-186	4	13101	15908	848	221	0.483	2.115E-60	240	466	866	-15376	-14636	741	15433	14633
145416887	-1	654	4.814E-186	4	13101	15908	871	254	0.532	8.456E-71	531	781	866	-14169	-13423	747	14316	13381
145416887	-1	654	4.814E-186	4	13101	15908	876	119	0.666	3.750E-28	778	865	866	-13364	-13101	264	13385	13101
145632651	1	236	3.259E-60	3	6304	11540	145	144	0.724	7.968E-37	70	166	225	6304	6594	291	6301	6603
145632651	1	236	3.259E-60	3	6304	11540	148	37	0.768	5.515E-01	167	188	225	6656	6721	66	6632	6721
145632651	1	236	3.259E-60	3	6304	11540	252	53	0.745	2.943E-06	189	221	225	11442	11540	99	11436	11543
145712688	1	235	6.517E-60	3	10961	11540	246	149	0.753	1.304E-38	73	168	227	10961	11248	288	10955	11257
145712688	1	235	6.517E-60	3	10961	11540	249	36	0.768	1.993E+00	170	190	227	11313	11375	63	11286	11375
145712688	1	235	6.517E-60	3	10961	11540	252	48	0.683	1.362E-04	191	223	227	11442	11540	99	11436	11543
145951686	1	232	5.214E-59	4	5885	11540	134	44	0.769	9.774E-03	6	31	304	5885	5962	78	5879	6028
145951686	1	232	5.214E-59	4	5885	11540	246	147	0.716	1.194E-37	73	172	304	10958	11254	297	10955	11257
145951686	1	232	5.214E-59	4	5885	11540	249	34	0.705	7.214E+00	167	188	304	11310	11375	66	11286	11375
145951686	1	232	5.214E-59	4	5885	11540	252	50	0.709	2.754E-05	189	221	304	11442	11540	99	11436	11543
145972856	1	179	4.696E-43	2	10961	11375	246	146	0.739	1.638E-37	76	170	230	10961	11248	288	10955	11257
145972856	1	179	4.696E-43	2	10961	11375	249	32	0.693	3.609E+01	172	192	230	11313	11375	63	11286	11375
146115889	1	170	2.404E-40	2	10961	11540	246	141	0.718	7.297E-36	74	168	232	10961	11248	288	10955	11257
146115889	1	170	2.404E-40	2	10961	11540	252	50	0.709	2.754E-05	191	223	232	11442	11540	99	11436	11543
146400973	-1	404	8.709E-111	3	13101	14408	857	48	0.460	3.814E-04	77	130	461	-14408	-14247	162	14426	14241
146400973	-1	404	8.709E-111	3	13101	14408	871	243	0.510	2.911E-67	134	382	461	-14169	-13408	762	14316	13381
146400973	-1	404	8.709E-111	3	13101	14408	876	124	0.688	8.397E-30	373	460	461	-13364	-13101	264	13385	13101
146564495	-1	438	5.070E-121	2	13423	15376	848	219	0.484	1.015E-59	140	363	746	-15376	-14645	732	15433	14633
146564495	-1	438	5.070E-121	2	13423	15376	871	254	0.487	6.181E-71	400	680	746	-14262	-13423	840	14316	13381
146683824	-1	693	8.756E-198	4	13101	15923	834	128	0.408	2.625E-29	66	237	851	-15923	-15393	531	15986	15372
146683824	-1	693	8.756E-198	4	13101	15923	848	225	0.490	9.179E-62	225	451	851	-15376	-14636	741	15433	14633
146683824	-1	693	8.756E-198	4	13101	15923	871	265	0.505	6.973E-75	486	766	851	-14262	-13423	840	14316	13381
146683824	-1	693	8.756E-198	4	13101	15923	876	122	0.679	4.089E-29	763	850	851	-13364	-13101	264	13385	13101
152236727	-1	570	9.311E-161	3	13101	15376	848	216	0.474	1.248E-58	226	452	852	-15376	-14636	741	15433	14633
152236727	-1	570	9.311E-161	3	13101	15376	871	268	0.509	7.766E-76	487	767	852	-14262	-13423	840	14316	13381
152236727	-1	570	9.311E-161	3	13101	15376	876	122	0.681	2.979E-29	764	851	852	-13364	-13101	264	13385	13101
154081017	-1	382	3.653E-104	2	13101	14262	871	262	0.500	8.564E-74	117	397	482	-14262	-13423	840	14316	13381
154081017	-1	382	3.653E-104	2	13101	14262	876	123	0.685	1.582E-29	394	481	482	-13364	-13101	264	13385	13101
155307344	-1	498	4.397E-139	3	13423	15376	848	209	0.462	2.577E-56	260	489	880	-15376	-14633	744	15433	14633
155307344	-1	498	4.397E-139	3	13423	15376	857	49	0.451	2.771E-04	496	551	880	-14408	-14241	168	14426	14241
155307344	-1	498	4.397E-139	3	13423	15376	871	244	0.518	2.128E-67	553	795	880	-14169	-13423	747	14316	13381
156059460	-1	1123	0.000E+00	5	13101	15947	834	244	0.691	1.892E-69	160	334	948	-15947	-15423	525	15986	15372
156059460	-1	1123	0.000E+00	5	13101	15947	848	264	0.564	2.881E-75	329	550	948	-15376	-14648	729	15433	14633
156059460	-1	1123	0.000E+00	5	13101	15947	857	74	0.674	3.857E-13	560	612	948	-14405	-14247	159	14426	14241
156059460	-1	1123	0.000E+00	5	13101	15947	871	393	0.739	4.260E-119	615	870	948	-14172	-13387	786	14316	13381
156059460	-1	1123	0.000E+00	5	13101	15947	876	170	0.913	5.112E-46	860	947	948	-13364	-13101	264	13385	13101
160416663	1	209	4.374E-52	3	6307	11543	145	130	0.655	9.670E-32	74	171	293	6307	6600	294	6301	6603
160416663	1	209	4.374E-52	3	6307	11543	148	33	0.673	2.615E+01	166	187	293	6656	6721	66	6632	6721
160416663	1	209	4.374E-52	3	6307	11543	252	50	0.691	2.754E-05	188	221	293	11442	11543	102	11436	11543
160576702	1	170	2.404E-40	2	6304	11543	145	139	0.700	6.682E-35	85	180	240	6304	6594	291	6301	6603
160576702	1	170	2.404E-40	2	6304	11543	252	52	0.721	4.050E-06	203	236	240	11442	11543	102	11436	11543
160585441	1	161	1.231E-37	2	10961	11540	246	140	0.759	2.587E-35	74	162	228	10961	11227	267	10955	11257
160585441	1	161	1.231E-37	2	10961	11540	252	48	0.688	9.893E-05	191	223	228	11442	11540	99	11436	11543
160592285	1	139	5.163E-31	1	10961	11248	246	139	0.708	4.870E-35	75	169	176	10961	11248	288	10955	11257
160693978	1	140	2.582E-31	2	5879	6594	134	38	0.635	8.724E-01	6	33	225	5879	5962	84	5879	6028
160693978	1	140	2.582E-31	2	5879	6594	145	139	0.700	6.682E-35	72	167	225	6304	6594	291	6301	6603
160703485	1	172	6.011E-41	2	10958	11540	246	142	0.714	5.318E-36	71	166	236	10958	11248	291	10955	11257
160703485	1	172	6.011E-41	2	10958	11540	252	51	0.719	1.453E-05	189	221	236	11442	11540	99	11436	11543
160738896	-1	383	1.826E-104	2	13423	15376	848	215	0.473	2.337E-58	275	502	894	-15376	-14636	741	15433	14633
160738896	-1	383	1.826E-104	2	13423	15376	871	228	0.490	5.817E-62	564	809	894	-14172	-13423	750	14316	13381
160774342	-1	299	3.533E-79	2	14633	15908	834	109	0.387	6.265E-23	69	230	802	-15908	-15429	480	15986	15372
160774342	-1	299	3.533E-79	2	14633	15908	848	193	0.434	9.754E-51	227	455	802	-15376	-14633	744	15433	14633
160857451	1	198	8.957E-49	2	6118	11248	139	35	0.449	7.512E+00	42	79	235	6118	6234	117	6118	6243
160857451	1	198	8.957E-49	2	6118	11248	246	162	0.802	5.242E-43	81	176	235	10958	11248	291	10955	11257
160896937	-1	310	1.725E-82	2	14639	15938	834	108	0.364	2.180E-22	12	185	796	-15938	-15435	504	15986	15372
160896937	-1	310	1.725E-82	2	14639	15938	848	203	0.453	5.307E-54	184	410	796	-15376	-14639	738	15433	14633
160960419	-1	572	2.328E-161	3	13101	15376	848	219	0.479	1.389E-59	226	452	852	-15376	-14636	741	15433	14633
160960419	-1	572	2.328E-161	3	13101	15376	871	266	0.505	3.725E-75	487	767	852	-14262	-13423	840	14316	13381
160960419	-1	572	2.328E-161	3	13101	15376	876	123	0.687	1.152E-29	764	851	852	-13364	-13101	264	13385	13101
161106470	-1	445	3.961E-123	2	13423	15376	848	223	0.490	6.031E-61	140	363	746	-15376	-14645	732	15433	14633
161106470	-1	445	3.961E-123	2	13423	15376	871	257	0.492	6.893E-72	400	680	746	-14262	-13423	840	14316	13381
161106575	-1	439	2.535E-121	2	13423	15376	848	219	0.484	1.015E-59	140	363	746	-15376	-14645	732	15433	14633
161106575	-1	439	2.535E-121	2	13423	15376	871	255	0.489	2.414E-71	400	680	746	-14262	-13423	840	14316	13381
161170233	1	181	1.174E-43	2	10958	11375	246	146	0.733	1.638E-37	48	143	203	10958	11248	291	10955	11257
161170233	1	181	1.174E-43	2	10958	11375	249	34	0.735	7.214E+00	145	165	203	11313	11375	63	11286	11375
161170339	1	183	2.935E-44	2	10958	11375	246	148	0.742	3.369E-38	48	143	203	10958	11248	291	10955	11257
161170339	1	183	2.935E-44	2	10958	11375	249	34	0.735	7.214E+00	145	165	203	11313	11375	63	11286	11375
161185561	-1	698	2.736E-199	4	13101	15908	834	141	0.446	6.211E-34	82	255	869	-15908	-15393	516	15986	15372
161185561	-1	698	2.736E-199	4	13101	15908	848	219	0.480	1.015E-59	243	469	869	-15376	-14636	741	15433	14633
161185561	-1	698	2.736E-199	4	13101	15908	871	268	0.500	1.063E-75	504	790	869	-14262	-13408	855	14316	13381
161185561	-1	698	2.736E-199	4	13101	15908	876	123	0.685	1.582E-29	781	868	869	-13364	-13101	264	13385	13101
161236886	-1	691	3.503E-197	4	13101	15908	834	126	0.425	1.255E-28	75	239	861	-15908	-15429	480	15986	15372
161236886	-1	691	3.503E-197	4	13101	15908	848	225	0.494	1.256E-61	236	459	861	-15376	-14645	732	15433	14633
161236886	-1	691	3.503E-197	4	13101	15908	871	258	0.493	2.692E-72	496	776	861	-14262	-13423	840	14316	13381
161236886	-1	691	3.503E-197	4	13101	15908	876	122	0.679	4.089E-29	773	860	861	-13364	-13101	264	13385	13101
166940127	-1	594	5.550E-168	4	13101	15893	834	118	0.414	6.523E-26	131	290	894	-15893	-15429	465	15986	15372
166940127	-1	594	5.550E-168	4	13101	15893	848	179	0.472	1.038E-45	295	479	894	-15352	-14738	615	15433	14633
166940127	-1	594	5.550E-168	4	13101	15893	871	254	0.529	6.181E-71	557	809	894	-14172	-13423	750	14316	13381
166940127	-1	594	5.550E-168	4	13101	15893	876	124	0.688	8.397E-30	806	893	894	-13364	-13101	264	13385	13101
167064757	-1	318	6.739E-85	3	14241	15938	834	105	0.358	2.636E-21	100	272	891	-15938	-15429	510	15986	15372
167064757	-1	318	6.739E-85	3	14241	15938	848	190	0.426	8.726E-50	264	494	891	-15391	-14639	753	15433	14633
167064757	-1	318	6.739E-85	3	14241	15938	857	41	0.401	1.661E-01	506	559	891	-14402	-14241	162	14426	14241
167134477	-1	488	4.503E-136	3	13402	15376	848	209	0.467	2.577E-56	260	485	880	-15376	-14645	732	15433	14633
167134477	-1	488	4.503E-136	3	13402	15376	857	40	0.392	4.342E-01	496	549	880	-14408	-14247	162	14426	14241
167134477	-1	488	4.503E-136	3	13402	15376	871	250	0.518	1.037E-69	553	802	880	-14169	-13402	768	14316	13381
167359591	-1	607	6.775E-172	4	13101	15893	834	128	0.436	2.625E-29	151	312	916	-15893	-15429	465	15986	15372
167359591	-1	607	6.775E-172	4	13101	15893	848	184	0.468	1.781E-47	309	501	916	-15376	-14738	639	15433	14633
167359591	-1	607	6.775E-172	4	13101	15893	871	253	0.528	1.157E-70	579	831	916	-14172	-13423	750	14316	13381
167359591	-1	607	6.775E-172	4	13101	15893	876	123	0.683	2.171E-29	828	915	916	-13364	-13101	264	13385	13101
168762260	-1	664	4.701E-189	4	13101	15352	848	230	0.512	1.552E-63	236	454	854	-15352	-14636	717	15433	14633
168762260	-1	664	4.701E-189	4	13101	15352	857	51	0.485	2.964E-05	462	515	854	-14408	-14247	162	14426	14241
168762260	-1	664	4.701E-189	4	13101	15352	871	267	0.553	2.722E-75	519	769	854	-14169	-13423	747	14316	13381
168762260	-1	664	4.701E-189	4	13101	15352	876	126	0.700	1.257E-30	766	853	854	-13364	-13101	264	13385	13101
170501173	-1	396	2.230E-108	2	13423	15394	848	227	0.484	2.616E-62	200	432	829	-15394	-14636	759	15433	14633
170501173	-1	396	2.230E-108	2	13423	15394	871	235	0.505	2.085E-64	500	744	829	-14166	-13423	744	14316	13381
174034546	-1	156	3.939E-36	1	14900	15367	848	156	0.524	5.527E-38	119	274	288	-15367	-14900	468	15433	14633
174724159	1	173	3.006E-41	2	10961	11540	246	143	0.727	1.500E-36	72	166	224	10961	11248	288	10955	11257
174724159	1	173	3.006E-41	2	10961	11540	252	51	0.719	1.453E-05	189	221	224	11442	11540	99	11436	11543
174870254	1	213	2.733E-53	4	5879	11543	134	37	0.617	2.288E+00	9	35	293	5879	5962	84	5879	6028
174870254	1	213	2.733E-53	4	5879	11543	246	132	0.659	1.449E-32	73	171	293	10958	11254	297	10955	11257
174870254	1	213	2.733E-53	4	5879	11543	249	33	0.673	2.615E+01	166	187	293	11310	11375	66	11286	11375
174870254	1	213	2.733E-53	4	5879	11543	252	50	0.691	2.754E-05	188	221	293	11442	11543	102	11436	11543
174926611	1	239	4.073E-61	3	6304	11540	145	148	0.740	4.622E-38	90	186	245	6304	6594	291	6301	6603
174926611	1	239	4.073E-61	3	6304	11540	148	35	0.721	3.791E+00	187	208	245	6656	6721	66	6632	6721
174926611	1	239	4.073E-61	3	6304	11540	252	54	0.766	8.205E-07	209	241	245	11442	11540	99	11436	11543
174931654	1	183	2.935E-44	2	6304	6721	145	145	0.726	5.807E-37	70	166	204	6304	6594	291	6301	6603
174931654	1	183	2.935E-44	2	6304	6721	148	37	0.768	5.515E-01	167	188	204	6656	6721	66	6632	6721
175106305	1	174	1.503E-41	2	10961	11540	246	145	0.732	5.807E-37	73	167	225	10961	11248	288	10955	11257
175106305	1	174	1.503E-41	2	10961	11540	252	50	0.714	2.001E-05	190	222	225	11442	11540	99	11436	11543
175180420	1	182	5.870E-44	2	10958	11540	246	148	0.740	4.622E-38	72	167	247	10958	11248	291	10955	11257
175180420	1	182	5.870E-44	2	10958	11540	252	55	0.771	5.963E-07	190	222	247	11442	11540	99	11436	11543
175208135	1	162	6.155E-38	2	6307	11540	145	134	0.684	4.086E-33	76	170	234	6307	6594	288	6301	6603
175208135	1	162	6.155E-38	2	6307	11540	252	49	0.698	5.219E-05	193	225	234	11442	11540	99	11436	11543
175279088	1	174	1.503E-41	2	6121	11248	139	39	0.493	3.012E-01	21	57	210	6121	6237	117	6118	6243
175279088	1	174	1.503E-41	2	6121	11248	246	134	0.687	2.170E-33	58	151	210	10961	11248	288	10955	11257
175316523	-1	531	5.119E-149	3	13423	15926	834	141	0.452	1.163E-33	101	270	891	-15926	-15429	498	15986	15372
175316523	-1	531	5.119E-149	3	13423	15926	848	222	0.484	1.546E-60	267	493	891	-15376	-14636	741	15433	14633
175316523	-1	531	5.119E-149	3	13423	15926	871	235	0.501	2.085E-64	559	806	891	-14172	-13423	750	14316	13381
175701082	-1	584	5.683E-165	4	13101	15376	848	192	0.496	3.412E-50	188	367	767	-15376	-14759	618	15433	14633
175701082	-1	584	5.683E-165	4	13101	15376	857	46	0.442	2.595E-03	375	428	767	-14408	-14247	162	14426	14241
175701082	-1	584	5.683E-165	4	13101	15376	871	235	0.510	2.850E-64	435	678	767	-14160	-13435	726	14316	13381
175701082	-1	584	5.683E-165	4	13101	15376	876	120	0.676	1.991E-28	680	766	767	-13361	-13101	261	13385	13101
175727329	-1	774	3.622E-222	5	13101	15908	834	133	0.425	6.128E-31	58	231	844	-15908	-15393	516	15986	15372
175727329	-1	774	3.622E-222	5	13101	15908	848	221	0.482	2.895E-60	219	444	844	-15376	-14636	741	15433	14633
175727329	-1	774	3.622E-222	5	13101	15908	857	58	0.535	1.800E-07	452	505	844	-14408	-14247	162	14426	14241
175727329	-1	774	3.622E-222	5	13101	15908	871	266	0.542	5.096E-75	509	765	844	-14169	-13408	762	14316	13381
175727329	-1	774	3.622E-222	5	13101	15908	876	123	0.685	1.582E-29	756	843	844	-13364	-13101	264	13385	13101
175774130	-1	565	2.980E-159	3	13101	15376	848	223	0.490	6.031E-61	236	459	861	-15376	-14645	732	15433	14633
175774130	-1	565	2.980E-159	3	13101	15376	871	258	0.493	2.692E-72	496	776	861	-14262	-13423	840	14316	13381
175774130	-1	565	2.980E-159	3	13101	15376	876	122	0.679	4.089E-29	773	860	861	-13364	-13101	264	13385	13101
186145441	-1	223	2.669E-56	1	13423	14178	871	223	0.478	3.390E-60	147	394	479	-14178	-13423	756	14316	13381
186436060	1	167	1.924E-39	2	6304	11543	145	136	0.688	6.120E-34	80	175	234	6304	6594	291	6301	6603
186436060	1	167	1.924E-39	2	6304	11543	252	52	0.721	4.050E-06	198	231	234	11442	11543	102	11436	11543
188108781	-1	644	4.929E-183	4	13101	15394	848	218	0.469	2.601E-59	239	471	871	-15394	-14636	759	15433	14633
188108781	-1	644	4.929E-183	4	13101	15394	857	48	0.454	7.226E-04	479	532	871	-14408	-14247	162	14426	14241
188108781	-1	644	4.929E-183	4	13101	15394	871	268	0.556	7.766E-76	536	786	871	-14169	-13423	747	14316	13381
188108781	-1	644	4.929E-183	4	13101	15394	876	120	0.671	1.451E-28	783	870	871	-13364	-13101	264	13385	13101
189255517	1	179	4.696E-43	2	10958	11540	246	146	0.731	2.248E-37	72	167	245	10958	11248	291	10955	11257
189255517	1	179	4.696E-43	2	10958	11540	252	54	0.760	1.129E-06	190	222	245	11442	11540	99	11436	11543
189471204	1	185	7.338E-45	2	6304	6721	145	150	0.750	6.927E-39	72	168	227	6304	6594	291	6301	6603
189471204	1	185	7.338E-45	2	6304	6721	148	34	0.713	5.230E+00	169	190	227	6656	6721	66	6632	6721
189471315	1	186	3.669E-45	2	6304	6721	145	147	0.738	6.342E-38	72	168	227	6304	6594	291	6301	6603
189471315	1	186	3.669E-45	2	6304	6721	148	38	0.792	2.106E-01	169	190	227	6656	6721	66	6632	6721
189477065	1	171	1.202E-40	2	10958	11543	246	140	0.707	1.885E-35	75	170	229	10958	11248	291	10955	11257
189477065	1	171	1.202E-40	2	10958	11543	252	52	0.716	5.574E-06	193	226	229	11442	11543	102	11436	11543
189545052	1	168	9.618E-40	2	10958	11540	246	136	0.686	8.398E-34	77	172	250	10958	11248	291	10955	11257
189545052	1	168	9.618E-40	2	10958	11540	252	53	0.750	2.138E-06	195	227	250	11442	11540	99	11436	11543
189605326	1	173	3.006E-41	2	10961	11540	246	143	0.724	2.824E-36	75	169	233	10961	11248	288	10955	11257
189605326	1	173	3.006E-41	2	10961	11540	252	51	0.719	1.453E-05	192	224	233	11442	11540	99	11436	11543
189667272	1	172	6.011E-41	2	10958	11540	246	141	0.709	1.374E-35	76	171	249	10958	11248	291	10955	11257
189667272	1	172	6.011E-41	2	10958	11540	252	52	0.735	5.574E-06	194	226	249	11442	11540	99	11436	11543
189838918	-1	736	9.955E-211	4	13101	15929	834	142	0.461	4.539E-34	108	274	896	-15929	-15429	501	15986	15372
189838918	-1	736	9.955E-211	4	13101	15929	848	239	0.508	2.128E-66	266	495	896	-15391	-14642	750	15433	14633
189838918	-1	736	9.955E-211	4	13101	15929	871	297	0.604	1.198E-85	561	811	896	-14169	-13423	747	14316	13381
189838918	-1	736	9.955E-211	4	13101	15929	876	132	0.728	1.090E-32	808	895	896	-13364	-13101	264	13385	13101
189843036	-1	683	8.966E-195	4	13101	15376	848	244	0.520	3.589E-68	276	503	902	-15376	-14633	744	15433	14633
189843036	-1	683	8.966E-195	4	13101	15376	857	49	0.470	1.463E-04	510	563	902	-14408	-14247	162	14426	14241
189843036	-1	683	8.966E-195	4	13101	15376	871	269	0.547	4.148E-76	567	823	902	-14169	-13408	762	14316	13381
189843036	-1	683	8.966E-195	4	13101	15376	876	136	0.747	4.600E-34	814	901	902	-13364	-13101	264	13385	13101
189858068	-1	603	1.084E-170	3	13101	15376	848	237	0.509	1.023E-65	274	500	900	-15376	-14636	741	15433	14633
189858068	-1	603	1.084E-170	3	13101	15376	871	276	0.513	1.071E-78	535	821	900	-14262	-13408	855	14316	13381
189858068	-1	603	1.084E-170	3	13101	15376	876	132	0.730	7.940E-33	812	899	900	-13364	-13101	264	13385	13101
189918055	-1	477	9.221E-133	3	13423	15391	848	214	0.463	8.191E-58	232	464	855	-15391	-14636	756	15433	14633
189918055	-1	477	9.221E-133	3	13423	15391	857	47	0.454	1.369E-03	473	522	855	-14405	-14247	159	14426	14241
189918055	-1	477	9.221E-133	3	13423	15391	871	225	0.487	5.193E-61	526	769	855	-14169	-13423	747	14316	13381
189965087	-1	115	8.663E-24	1	15429	15833	834	115	0.458	5.808E-25	64	199	254	-15833	-15429	405	15986	15372
190023048	-1	678	2.869E-193	4	13101	15908	834	137	0.463	2.671E-32	107	266	888	-15908	-15429	480	15986	15372
190023048	-1	678	2.869E-193	4	13101	15908	848	218	0.482	3.560E-59	266	488	888	-15367	-14636	732	15433	14633
190023048	-1	678	2.869E-193	4	13101	15908	871	265	0.540	1.305E-74	553	809	888	-14169	-13408	762	14316	13381
190023048	-1	678	2.869E-193	4	13101	15908	876	129	0.715	9.988E-32	800	887	888	-13364	-13101	264	13385	13101
190023421	-1	678	2.869E-193	4	13101	15908	834	137	0.463	2.671E-32	107	266	888	-15908	-15429	480	15986	15372
190023421	-1	678	2.869E-193	4	13101	15908	848	218	0.482	3.560E-59	266	488	888	-15367	-14636	732	15433	14633
190023421	-1	678	2.869E-193	4	13101	15908	871	265	0.540	1.305E-74	553	809	888	-14169	-13408	762	14316	13381
190023421	-1	678	2.869E-193	4	13101	15908	876	129	0.715	9.988E-32	800	887	888	-13364	-13101	264	13385	13101
190154799	-1	114	1.733E-23	1	15438	15905	834	114	0.408	2.025E-24	70	226	229	-15905	-15438	468	15986	15372
190189915	-1	560	9.535E-158	3	13101	15352	848	220	0.499	3.961E-60	240	455	857	-15352	-14645	708	15433	14633
190189915	-1	560	9.535E-158	3	13101	15352	871	258	0.493	3.683E-72	492	772	857	-14262	-13423	840	14316	13381
190189915	-1	560	9.535E-158	3	13101	15352	876	120	0.669	1.991E-28	769	856	857	-13364	-13101	264	13385	13101
190190000	-1	438	5.070E-121	2	13423	15376	848	217	0.481	4.871E-59	140	363	746	-15376	-14645	732	15433	14633
190190000	-1	438	5.070E-121	2	13423	15376	871	256	0.491	9.430E-72	400	680	746	-14262	-13423	840	14316	13381
190216047	-1	341	8.033E-92	3	14247	15929	834	119	0.384	2.555E-26	121	298	847	-15929	-15393	537	15986	15372
190216047	-1	341	8.033E-92	3	14247	15929	848	201	0.454	1.858E-53	286	509	847	-15376	-14648	729	15433	14633
190216047	-1	341	8.033E-92	3	14247	15929	857	46	0.439	3.572E-03	524	577	847	-14408	-14247	162	14426	14241
190242763	-1	392	3.567E-107	2	13101	14169	871	267	0.544	1.454E-75	46	302	381	-14169	-13408	762	14316	13381
190242763	-1	392	3.567E-107	2	13101	14169	876	134	0.740	1.631E-33	293	380	381	-13364	-13101	264	13385	13101
190245651	-1	757	4.747E-217	5	13101	15908	834	126	0.408	1.255E-28	78	251	865	-15908	-15393	516	15986	15372
190245651	-1	757	4.747E-217	5	13101	15908	848	224	0.489	1.719E-61	239	465	865	-15376	-14636	741	15433	14633
190245651	-1	757	4.747E-217	5	13101	15908	857	53	0.501	6.010E-06	473	526	865	-14408	-14247	162	14426	14241
190245651	-1	757	4.747E-217	5	13101	15908	871	260	0.533	4.106E-73	530	786	865	-14169	-13408	762	14316	13381
190245651	-1	757	4.747E-217	5	13101	15908	876	121	0.675	7.701E-29	777	864	865	-13364	-13101	264	13385	13101
202155538	-1	365	4.788E-99	2	13408	15376	848	211	0.465	1.006E-56	185	412	808	-15376	-14636	741	15433	14633
202155538	-1	365	4.788E-99	2	13408	15376	871	216	0.461	9.403E-58	476	730	808	-14175	-13408	768	14316	13381
202417503	-1	495	3.518E-138	3	13101	15391	848	189	0.426	2.231E-49	399	632	1035	-15391	-14645	747	15433	14633
202417503	-1	495	3.518E-138	3	13101	15391	871	254	0.535	8.456E-71	702	950	1035	-14166	-13423	744	14316	13381
202417503	-1	495	3.518E-138	3	13101	15391	876	123	0.685	1.582E-29	947	1034	1035	-13364	-13101	264	13385	13101
203062149	-1	373	1.870E-101	2	13101	14172	871	253	0.528	1.157E-70	292	544	629	-14172	-13423	750	14316	13381
203062149	-1	373	1.870E-101	2	13101	14172	876	123	0.683	2.171E-29	541	628	629	-13364	-13101	264	13385	13101
203262426	-1	211	1.093E-52	4	13101	15917	834	113	0.393	3.780E-24	123	286	914	-15917	-15429	489	15986	15372
203262426	-1	211	1.093E-52	4	13101	15917	848	187	0.430	1.458E-48	283	506	914	-15376	-14648	729	15433	14633
203262426	-1	211	1.093E-52	4	13101	15917	857	48	0.454	7.226E-04	521	574	914	-14408	-14247	162	14426	14241
203262426	-1	211	1.093E-52	4	13101	15917	876	128	0.709	2.582E-31	826	913	914	-13364	-13101	264	13385	13101
203866226	1	175	7.514E-42	3	5903	11540	134	39	0.872	4.589E-01	15	34	227	5903	5962	60	5879	6028
203866226	1	175	7.514E-42	3	5903	11540	246	147	0.745	6.342E-38	74	168	227	10961	11248	288	10955	11257
203866226	1	175	7.514E-42	3	5903	11540	252	48	0.688	9.893E-05	191	223	227	11442	11540	99	11436	11543
203898840	1	165	7.694E-39	2	6304	11543	145	134	0.681	2.170E-33	80	175	234	6304	6594	291	6301	6603
203898840	1	165	7.694E-39	2	6304	11543	252	52	0.721	4.050E-06	198	231	234	11442	11543	102	11436	11543
203966184	1	183	2.935E-44	2	10961	11540	246	153	0.767	1.038E-39	74	168	232	10961	11248	288	10955	11257
203966184	1	183	2.935E-44	2	10961	11540	252	51	0.724	1.056E-05	191	223	232	11442	11540	99	11436	11543
204068373	1	233	2.607E-59	3	10958	11543	246	145	0.726	5.807E-37	121	216	275	10958	11248	291	10955	11257
204068373	1	233	2.607E-59	3	10958	11543	249	33	0.681	1.895E+01	217	238	275	11310	11375	66	11286	11375
204068373	1	233	2.607E-59	3	10958	11543	252	53	0.736	1.554E-06	239	272	275	11442	11543	102	11436	11543
204154750	1	171	1.202E-40	2	10961	11540	246	143	0.727	1.500E-36	74	168	227	10961	11248	288	10955	11257
204154750	1	171	1.202E-40	2	10961	11540	252	49	0.704	3.791E-05	191	223	227	11442	11540	99	11436	11543
204553562	-1	271	9.484E-71	2	14747	15911	834	118	0.397	8.916E-26	119	287	479	-15911	-15429	483	15986	15372
204553562	-1	271	9.484E-71	2	14747	15911	848	155	0.418	1.031E-37	285	474	479	-15373	-14747	627	15433	14633
204641094	1	51	1.598E-04	1	6789	6887	151	51	0.724	1.056E-05	28	60	64	6789	6887	99	6783	6890
204662267	-1	356	2.451E-96	2	13423	15376	848	182	0.422	6.224E-47	194	417	814	-15376	-14648	729	15433	14633
204662267	-1	356	2.451E-96	2	13423	15376	871	239	0.509	9.114E-66	484	729	814	-14172	-13423	750	14316	13381
204711896	-1	775	1.811E-222	5	13119	15908	834	119	0.415	4.773E-26	179	338	956	-15908	-15429	480	15986	15372
204711896	-1	775	1.811E-222	5	13119	15908	848	236	0.510	1.916E-65	336	561	956	-15373	-14636	738	15433	14633
204711896	-1	775	1.811E-222	5	13119	15908	857	48	0.457	5.250E-04	569	622	956	-14408	-14247	162	14426	14241
204711896	-1	775	1.811E-222	5	13119	15908	871	268	0.543	1.063E-75	625	882	956	-14172	-13408	765	14316	13381
204711896	-1	775	1.811E-222	5	13119	15908	876	120	0.711	1.991E-28	873	954	956	-13364	-13119	246	13385	13101
204731300	-1	447	9.901E-124	2	13423	15376	848	224	0.492	3.220E-61	236	459	861	-15376	-14645	732	15433	14633
204731300	-1	447	9.901E-124	2	13423	15376	871	258	0.493	3.683E-72	496	776	861	-14262	-13423	840	14316	13381
204795130	-1	89	5.813E-16	1	15597	15929	834	89	0.434	8.931E-16	91	201	221	-15929	-15597	333	15986	15372
211213347	1	206	3.499E-51	1	3364	3891	82	206	0.597	1.979E-56	3	166	171	3364	3891	528	3304	3900
211914603	-1	525	3.276E-147	3	13423	15908	834	135	0.454	9.356E-32	15	176	797	-15908	-15429	480	15986	15372
211914603	-1	525	3.276E-147	3	13423	15908	848	222	0.484	1.546E-60	173	399	797	-15376	-14636	741	15433	14633
211914603	-1	525	3.276E-147	3	13423	15908	871	235	0.501	2.850E-64	465	712	797	-14172	-13423	750	14316	13381
212776285	-1	123	3.384E-26	1	13101	13364	876	123	0.687	1.152E-29	63	150	154	-13364	-13101	264	13385	13101
214396872	1	179	4.696E-43	2	10958	11540	246	146	0.731	2.248E-37	72	167	245	10958	11248	291	10955	11257
214396872	1	179	4.696E-43	2	10958	11540	252	54	0.760	1.129E-06	190	222	245	11442	11540	99	11436	11543
214534035	1	172	6.011E-41	2	10958	11543	246	141	0.709	1.374E-35	75	170	229	10958	11248	291	10955	11257
214534035	1	172	6.011E-41	2	10958	11543	252	52	0.716	5.574E-06	193	226	229	11442	11543	102	11436	11543
214957097	-1	584	5.683E-165	3	13101	15376	848	234	0.505	9.207E-65	243	469	869	-15376	-14636	741	15433	14633
214957097	-1	584	5.683E-165	3	13101	15376	871	263	0.501	4.575E-74	504	784	869	-14262	-13423	840	14316	13381
214957097	-1	584	5.683E-165	3	13101	15376	876	123	0.687	1.152E-29	781	868	869	-13364	-13101	264	13385	13101
218383584	1	173	3.006E-41	2	10961	11540	246	143	0.724	2.824E-36	75	169	228	10961	11248	288	10955	11257
218383584	1	173	3.006E-41	2	10961	11540	252	51	0.719	1.453E-05	192	224	228	11442	11540	99	11436	11543
218760896	1	164	1.539E-38	2	6307	11540	145	136	0.692	8.398E-34	77	171	231	6307	6594	288	6301	6603
218760896	1	164	1.539E-38	2	6307	11540	252	49	0.693	7.185E-05	194	226	231	11442	11540	99	11436	11543
218849513	1	211	1.093E-52	3	10958	11543	246	132	0.659	1.449E-32	73	171	293	10958	11254	297	10955	11257
218849513	1	211	1.093E-52	3	10958	11543	249	33	0.673	2.615E+01	166	187	293	11310	11375	66	11286	11375
218849513	1	211	1.093E-52	3	10958	11543	252	50	0.691	2.754E-05	188	221	293	11442	11543	102	11436	11543
218902264	1	174	1.503E-41	2	6121	11248	139	39	0.493	3.012E-01	21	57	210	6121	6237	117	6118	6243
218902264	1	174	1.503E-41	2	6121	11248	246	134	0.687	2.170E-33	58	151	210	10961	11248	288	10955	11257
219096963	-1	77	2.381E-12	2	8056	8283	993	33	0.689	4.814E+01	25	46	112	-8283	-8218	66	8373	8215
219096963	-1	77	2.381E-12	2	8056	8283	998	46	0.451	1.339E-03	50	102	112	-8208	-8056	153	8211	8047
225044590	-1	209	4.374E-52	4	13101	15908	834	109	0.389	6.265E-23	183	343	971	-15908	-15429	480	15986	15372
225044590	-1	209	4.374E-52	4	13101	15908	848	182	0.422	6.224E-47	340	563	971	-15376	-14648	729	15433	14633
225044590	-1	209	4.374E-52	4	13101	15908	857	51	0.485	2.964E-05	578	631	971	-14408	-14247	162	14426	14241
225044590	-1	209	4.374E-52	4	13101	15908	876	132	0.727	1.495E-32	883	970	971	-13364	-13101	264	13385	13101
226295287	-1	228	8.342E-58	4	13101	15908	834	128	0.437	3.589E-29	131	291	919	-15908	-15429	480	15986	15372
226295287	-1	228	8.342E-58	4	13101	15908	848	189	0.433	3.051E-49	288	511	919	-15376	-14648	729	15433	14633
226295287	-1	228	8.342E-58	4	13101	15908	857	46	0.442	2.595E-03	526	579	919	-14408	-14247	162	14426	14241
226295287	-1	228	8.342E-58	4	13101	15908	876	130	0.719	5.303E-32	831	918	919	-13364	-13101	264	13385	13101
228706511	-1	549	1.953E-154	3	13101	15364	848	224	0.500	1.719E-61	230	449	852	-15364	-14645	720	15433	14633
228706511	-1	549	1.953E-154	3	13101	15364	871	266	0.553	3.725E-75	517	767	852	-14169	-13423	747	14316	13381
228706511	-1	549	1.953E-154	3	13101	15364	876	128	0.707	3.543E-31	764	851	852	-13364	-13101	264	13385	13101
229114950	-1	646	1.232E-183	4	13101	15376	848	230	0.498	2.125E-63	232	458	858	-15376	-14636	741	15433	14633
229114950	-1	646	1.232E-183	4	13101	15376	857	41	0.404	1.206E-01	466	519	858	-14408	-14247	162	14426	14241
229114950	-1	646	1.232E-183	4	13101	15376	871	264	0.549	2.444E-74	523	773	858	-14169	-13423	747	14316	13381
229114950	-1	646	1.232E-183	4	13101	15376	876	121	0.675	7.701E-29	770	857	858	-13364	-13101	264	13385	13101
229117419	-1	499	2.199E-139	3	13423	15376	848	213	0.468	1.121E-57	286	515	906	-15376	-14633	744	15433	14633
229117419	-1	499	2.199E-139	3	13423	15376	857	49	0.454	2.013E-04	522	577	906	-14408	-14241	168	14426	14241
229117419	-1	499	2.199E-139	3	13423	15376	871	241	0.514	1.393E-66	579	821	906	-14169	-13423	747	14316	13381
229726268	-1	483	1.441E-134	3	13387	15809	834	103	0.442	9.160E-21	15	141	758	-15809	-15429	381	15986	15372
229726268	-1	483	1.441E-134	3	13387	15809	848	196	0.452	1.090E-51	146	366	758	-15352	-14639	714	15433	14633
229726268	-1	483	1.441E-134	3	13387	15809	871	251	0.513	5.541E-70	432	680	758	-14166	-13387	780	14316	13381
230312778	1	275	5.927E-72	4	6121	11543	139	40	0.521	8.338E-02	139	174	330	6121	6234	114	6118	6243
230312778	1	275	5.927E-72	4	6121	11543	246	145	0.741	4.232E-37	177	270	330	10964	11248	285	10955	11257
230312778	1	275	5.927E-72	4	6121	11543	249	36	0.776	1.446E+00	272	292	330	11313	11375	63	11286	11375
230312778	1	275	5.927E-72	4	6121	11543	252	52	0.716	5.574E-06	293	326	330	11442	11543	102	11436	11543
233056801	1	221	1.068E-55	3	6304	11543	145	136	0.688	6.120E-34	81	176	235	6304	6594	291	6301	6603
233056801	1	221	1.068E-55	3	6304	11543	148	31	0.677	6.876E+01	178	198	235	6659	6721	63	6632	6721
233056801	1	221	1.068E-55	3	6304	11543	252	52	0.721	4.050E-06	199	232	235	11442	11543	102	11436	11543
233120043	1	221	1.068E-55	3	6304	11543	145	136	0.690	4.460E-34	81	176	235	6304	6594	291	6301	6603
233120043	1	221	1.068E-55	3	6304	11543	148	31	0.677	6.876E+01	178	198	235	6659	6721	63	6632	6721
233120043	1	221	1.068E-55	3	6304	11543	252	52	0.721	4.050E-06	199	232	235	11442	11543	102	11436	11543
233334472	1	177	1.878E-42	2	10961	11543	246	147	0.741	1.194E-37	73	167	228	10961	11248	288	10955	11257
233334472	1	177	1.878E-42	2	10961	11543	252	51	0.706	1.056E-05	190	223	228	11442	11543	102	11436	11543
233408329	1	182	5.870E-44	2	10958	11543	246	148	0.742	3.369E-38	76	171	232	10958	11248	291	10955	11257
233408329	1	182	5.870E-44	2	10958	11543	252	55	0.751	5.963E-07	194	227	232	11442	11543	102	11436	11543
233669305	-1	173	3.006E-41	1	13555	14061	871	173	0.534	5.292E-43	0	167	189	-14061	-13555	507	14316	13381
233878324	1	228	8.342E-58	3	10958	11540	246	145	0.728	4.232E-37	48	143	203	10958	11248	291	10955	11257
233878324	1	228	8.342E-58	3	10958	11540	249	34	0.726	9.952E+00	145	165	203	11313	11375	63	11286	11375
233878324	1	228	8.342E-58	3	10958	11540	252	47	0.667	3.556E-04	166	198	203	11442	11540	99	11436	11543
233904632	1	242	5.092E-62	4	6121	6887	139	42	0.523	3.185E-02	171	207	362	6121	6237	117	6118	6243
233904632	1	242	5.092E-62	4	6121	6887	145	125	0.696	3.142E-30	208	294	362	6307	6570	264	6301	6603
233904632	1	242	5.092E-62	4	6121	6887	148	33	0.710	1.895E+01	305	325	362	6659	6721	63	6632	6721
233904632	1	242	5.092E-62	4	6121	6887	151	48	0.683	1.362E-04	326	358	362	6789	6887	99	6783	6890
233945352	-1	529	2.048E-148	3	13423	15896	834	138	0.471	7.626E-33	137	294	915	-15896	-15429	468	15986	15372
233945352	-1	529	2.048E-148	3	13423	15896	848	228	0.495	7.457E-63	291	518	915	-15376	-14636	741	15433	14633
233945352	-1	529	2.048E-148	3	13423	15896	871	231	0.498	6.513E-63	585	830	915	-14166	-13423	744	14316	13381
239914965	-1	123	3.384E-26	1	15429	15932	834	123	0.408	2.095E-27	3	171	181	-15932	-15429	504	15986	15372
241850489	-1	642	1.972E-182	4	13101	15376	848	230	0.498	2.125E-63	244	470	870	-15376	-14636	741	15433	14633
241850489	-1	642	1.972E-182	4	13101	15376	857	52	0.489	2.154E-05	478	531	870	-14408	-14247	162	14426	14241
241850489	-1	642	1.972E-182	4	13101	15376	871	255	0.524	3.303E-71	535	791	870	-14169	-13408	762	14316	13381
241850489	-1	642	1.972E-182	4	13101	15376	876	121	0.675	7.701E-29	782	869	870	-13364	-13101	264	13385	13101
242120814	-1	787	4.421E-226	5	13101	15926	834	134	0.417	2.395E-31	99	278	892	-15926	-15393	534	15986	15372
242120814	-1	787	4.421E-226	5	13101	15926	848	227	0.493	2.616E-62	266	492	892	-15376	-14636	741	15433	14633
242120814	-1	787	4.421E-226	5	13101	15926	857	53	0.498	8.269E-06	500	553	892	-14408	-14247	162	14426	14241
242120814	-1	787	4.421E-226	5	13101	15926	871	271	0.560	1.183E-76	557	807	892	-14169	-13423	747	14316	13381
242120814	-1	787	4.421E-226	5	13101	15926	876	123	0.687	1.152E-29	804	891	892	-13364	-13101	264	13385	13101
243262700	-1	154	1.576E-35	1	13423	13896	871	154	0.514	8.236E-37	0	157	200	-13896	-13423	474	14316	13381
244149895	1	61	1.561E-07	1	3391	3840	82	61	0.274	1.218E-06	13	139	172	3391	3840	450	3304	3900
245174505	-1	609	1.694E-172	4	13101	15893	834	128	0.436	2.625E-29	151	312	916	-15893	-15429	465	15986	15372
245174505	-1	609	1.694E-172	4	13101	15893	848	184	0.468	1.781E-47	309	501	916	-15376	-14738	639	15433	14633
245174505	-1	609	1.694E-172	4	13101	15893	871	255	0.530	3.303E-71	579	831	916	-14172	-13423	750	14316	13381
245174505	-1	609	1.694E-172	4	13101	15893	876	123	0.683	2.171E-29	828	915	916	-13364	-13101	264	13385	13101
245905662	-1	779	1.132E-223	5	13101	15953	834	135	0.434	9.356E-32	99	270	896	-15953	-15438	516	15986	15372
245905662	-1	779	1.132E-223	5	13101	15953	848	219	0.484	1.015E-59	273	495	896	-15367	-14636	732	15433	14633
245905662	-1	779	1.132E-223	5	13101	15953	857	53	0.498	8.269E-06	503	556	896	-14408	-14247	162	14426	14241
245905662	-1	779	1.132E-223	5	13101	15953	871	256	0.525	9.430E-72	560	817	896	-14169	-13408	762	14316	13381
245905662	-1	779	1.132E-223	5	13101	15953	876	132	0.730	7.940E-33	808	895	896	-13364	-13101	264	13385	13101
246015561	-1	338	6.426E-91	3	14247	15917	834	118	0.406	6.523E-26	113	276	904	-15917	-15429	489	15986	15372
246015561	-1	338	6.426E-91	3	14247	15917	848	189	0.433	3.051E-49	273	496	904	-15376	-14648	729	15433	14633
246015561	-1	338	6.426E-91	3	14247	15917	857	47	0.451	9.947E-04	511	564	904	-14408	-14247	162	14426	14241
247435957	1	166	3.847E-39	2	10961	11540	246	134	0.687	2.170E-33	79	173	251	10961	11248	288	10955	11257
247435957	1	166	3.847E-39	2	10961	11540	252	53	0.755	1.554E-06	196	228	251	11442	11540	99	11436	11543
247554478	1	182	5.870E-44	2	10958	11375	246	148	0.742	3.369E-38	68	163	219	10958	11248	291	10955	11257
247554478	1	182	5.870E-44	2	10958	11375	249	33	0.710	1.895E+01	165	185	219	11313	11375	63	11286	11375
247660140	1	166	3.847E-39	2	10958	11540	246	138	0.695	1.726E-34	66	161	221	10958	11248	291	10955	11257
247660140	1	166	3.847E-39	2	10958	11540	252	49	0.704	3.791E-05	184	216	221	11442	11540	99	11436	11543
247683266	1	180	2.348E-43	2	10958	11540	246	146	0.731	2.248E-37	72	167	245	10958	11248	291	10955	11257
247683266	1	180	2.348E-43	2	10958	11540	252	55	0.771	5.963E-07	190	222	245	11442	11540	99	11436	11543
247684532	1	169	4.809E-40	2	10961	11540	246	141	0.718	7.297E-36	74	168	227	10961	11248	288	10955	11257
247684532	1	169	4.809E-40	2	10961	11540	252	49	0.698	5.219E-05	191	223	227	11442	11540	99	11436	11543
247739591	1	316	2.695E-84	5	5906	11543	134	33	0.785	4.146E+01	181	199	391	5906	5962	57	5879	6028
247739591	1	316	2.695E-84	5	5906	11543	139	38	0.484	5.727E-01	201	237	391	6121	6237	117	6118	6243
247739591	1	316	2.695E-84	5	5906	11543	246	157	0.779	3.201E-41	237	332	391	10958	11248	291	10955	11257
247739591	1	316	2.695E-84	5	5906	11543	249	34	0.697	9.952E+00	333	354	391	11310	11375	66	11286	11375
247739591	1	316	2.695E-84	5	5906	11543	252	49	0.681	5.219E-05	355	388	391	11442	11543	102	11436	11543
248190385	-1	394	8.918E-108	3	13101	14375	857	38	0.453	1.135E+00	0	42	373	-14375	-14247	129	14426	14241
248190385	-1	394	8.918E-108	3	13101	14375	871	243	0.510	2.911E-67	46	294	373	-14169	-13408	762	14316	13381
248190385	-1	394	8.918E-108	3	13101	14375	876	124	0.688	8.397E-30	285	372	373	-13364	-13101	264	13385	13101
248199394	-1	534	6.399E-150	3	13420	15938	834	102	0.360	1.707E-20	107	274	893	-15938	-15435	504	15986	15372
248199394	-1	534	6.399E-150	3	13420	15938	848	224	0.481	3.220E-61	268	500	893	-15391	-14639	753	15433	14633
248199394	-1	534	6.399E-150	3	13420	15938	871	253	0.501	1.582E-70	541	809	893	-14226	-13420	807	14316	13381
248307249	-1	121	1.354E-25	1	13101	13361	876	121	0.680	1.057E-28	27	113	114	-13361	-13101	261	13385	13101
248321954	-1	62	7.803E-08	2	8003	8208	998	34	0.449	2.787E+01	36	73	125	-8208	-8104	105	8211	8047
248321954	-1	62	7.803E-08	2	8003	8208	1000	38	0.605	8.535E-01	85	114	125	-8092	-8003	90	8092	7925
248401198	-1	385	4.566E-105	2	13387	15352	848	201	0.461	2.542E-53	240	460	852	-15352	-14639	714	15433	14633
248401198	-1	385	4.566E-105	2	13387	15352	871	248	0.508	6.791E-69	526	774	852	-14166	-13387	780	14316	13381
248444022	-1	551	4.882E-155	3	13408	15376	848	241	0.516	4.427E-67	271	497	835	-15376	-14636	741	15433	14633
248444022	-1	551	4.882E-155	3	13408	15376	857	49	0.467	2.013E-04	504	557	835	-14408	-14247	162	14426	14241
248444022	-1	551	4.882E-155	3	13408	15376	871	268	0.546	7.766E-76	561	817	835	-14169	-13408	762	14316	13381
248494772	-1	523	1.310E-146	3	13387	15962	834	120	0.380	1.367E-26	84	266	882	-15962	-15429	534	15986	15372
248494772	-1	523	1.310E-146	3	13387	15962	848	223	0.490	6.031E-61	263	488	882	-15376	-14645	732	15433	14633
248494772	-1	523	1.310E-146	3	13387	15962	871	249	0.509	3.630E-69	556	804	882	-14166	-13387	780	14316	13381
254425127	1	205	6.998E-51	3	6307	6887	145	127	0.706	6.457E-31	73	159	234	6307	6570	264	6301	6603
254425127	1	205	6.998E-51	3	6307	6887	148	33	0.681	1.895E+01	165	186	234	6656	6721	66	6632	6721
254425127	1	205	6.998E-51	3	6307	6887	151	48	0.683	1.362E-04	187	219	234	6789	6887	99	6783	6890
254436857	-1	583	1.137E-164	3	13101	15352	848	228	0.507	1.397E-62	244	462	862	-15352	-14636	717	15433	14633
254436857	-1	583	1.137E-164	3	13101	15352	871	265	0.503	1.305E-74	497	777	862	-14262	-13423	840	14316	13381
254436857	-1	583	1.137E-164	3	13101	15352	876	126	0.700	1.257E-30	774	861	862	-13364	-13101	264	13385	13101
257701915	-1	592	2.220E-167	4	13423	15938	834	101	0.356	5.926E-20	82	249	872	-15938	-15450	489	15986	15372
257701915	-1	592	2.220E-167	4	13423	15938	848	216	0.465	1.708E-58	248	481	872	-15391	-14633	759	15433	14633
257701915	-1	592	2.220E-167	4	13423	15938	857	46	0.430	2.595E-03	488	543	872	-14408	-14241	168	14426	14241
257701915	-1	592	2.220E-167	4	13423	15938	871	235	0.504	2.850E-64	546	787	872	-14166	-13423	744	14316	13381
257781383	1	168	9.618E-40	2	10958	11540	246	136	0.686	8.398E-34	75	170	230	10958	11248	291	10955	11257
257781383	1	168	9.618E-40	2	10958	11540	252	53	0.745	2.943E-06	193	225	230	11442	11540	99	11436	11543
259578041	-1	147	2.017E-33	1	13423	13977	871	147	0.433	2.918E-34	4	191	261	-13977	-13423	555	14316	13381
262040512	1	172	6.011E-41	2	10958	11540	246	141	0.710	1.001E-35	76	171	249	10958	11248	291	10955	11257
262040512	1	172	6.011E-41	2	10958	11540	252	52	0.735	5.574E-06	194	226	249	11442	11540	99	11436	11543
262085520	1	176	3.757E-42	2	10961	11540	246	142	0.722	3.876E-36	77	171	249	10961	11248	288	10955	11257
262085520	1	176	3.757E-42	2	10961	11540	252	55	0.781	3.150E-07	194	226	249	11442	11540	99	11436	11543
262098310	1	171	1.202E-40	2	10961	11540	246	143	0.727	1.500E-36	76	170	234	10961	11248	288	10955	11257
262098310	1	171	1.202E-40	2	10961	11540	252	49	0.698	5.219E-05	193	225	234	11442	11540	99	11436	11543
262162537	1	221	1.068E-55	3	6304	11543	145	136	0.690	4.460E-34	81	176	235	6304	6594	291	6301	6603
262162537	1	221	1.068E-55	3	6304	11543	148	31	0.677	6.876E+01	178	198	235	6659	6721	63	6632	6721
262162537	1	221	1.068E-55	3	6304	11543	252	52	0.721	4.050E-06	199	232	235	11442	11543	102	11436	11543
262281244	1	179	4.696E-43	2	6307	6887	145	145	0.734	4.232E-37	75	169	233	6307	6594	288	6301	6603
262281244	1	179	4.696E-43	2	6307	6887	151	55	0.771	5.963E-07	192	224	233	6789	6887	99	6783	6890
262321367	1	231	1.043E-58	3	10961	11540	246	142	0.720	5.318E-36	71	166	225	10961	11248	288	10955	11257
262321367	1	231	1.043E-58	3	10961	11540	249	36	0.737	1.993E+00	167	188	225	11310	11375	66	11286	11375
262321367	1	231	1.043E-58	3	10961	11540	252	51	0.724	1.056E-05	189	221	225	11442	11540	99	11436	11543
262691882	-1	612	2.117E-173	4	13423	15938	834	132	0.409	1.147E-30	49	229	807	-15938	-15393	546	15986	15372
262691882	-1	612	2.117E-173	4	13423	15938	848	206	0.462	3.163E-55	217	445	807	-15376	-14645	732	15433	14633
262691882	-1	612	2.117E-173	4	13423	15938	857	48	0.451	5.250E-04	456	510	807	-14408	-14244	165	14426	14241
262691882	-1	612	2.117E-173	4	13423	15938	871	248	0.528	4.965E-69	514	755	807	-14166	-13423	744	14316	13381
262698897	-1	277	1.482E-72	2	13423	15376	848	122	0.489	2.948E-26	120	251	666	-15376	-14981	396	15433	14633
262698897	-1	277	1.482E-72	2	13423	15376	871	231	0.496	3.484E-63	329	578	666	-14169	-13423	747	14316	13381
262740157	-1	527	8.190E-148	3	13420	15959	834	103	0.348	1.250E-20	104	280	897	-15959	-15429	531	15986	15372
262740157	-1	527	8.190E-148	3	13420	15959	848	211	0.471	1.006E-56	277	501	897	-15376	-14648	729	15433	14633
262740157	-1	527	8.190E-148	3	13420	15959	871	258	0.510	3.683E-72	545	813	897	-14226	-13420	807	14316	13381
262751541	-1	580	9.093E-164	3	13101	15376	848	228	0.495	1.021E-62	227	453	853	-15376	-14636	741	15433	14633
262751541	-1	580	9.093E-164	3	13101	15376	871	265	0.505	6.973E-75	488	768	853	-14262	-13423	840	14316	13381
262751541	-1	580	9.093E-164	3	13101	15376	876	123	0.685	1.582E-29	765	852	853	-13364	-13101	264	13385	13101
262897142	-1	435	4.056E-120	2	13423	15376	848	216	0.479	1.248E-58	140	363	746	-15376	-14645	732	15433	14633
262897142	-1	435	4.056E-120	2	13423	15376	871	254	0.487	8.456E-71	400	680	746	-14262	-13423	840	14316	13381
262897485	-1	438	5.070E-121	2	13423	15376	848	218	0.483	1.901E-59	140	363	746	-15376	-14645	732	15433	14633
262897485	-1	438	5.070E-121	2	13423	15376	871	255	0.489	2.414E-71	400	680	746	-14262	-13423	840	14316	13381
262903326	-1	675	2.295E-192	4	13101	15394	848	220	0.478	5.421E-60	251	479	886	-15394	-14648	747	15433	14633
262903326	-1	675	2.295E-192	4	13101	15394	857	55	0.521	1.678E-06	492	544	886	-14408	-14250	159	14426	14241
262903326	-1	675	2.295E-192	4	13101	15394	871	283	0.575	7.072E-81	548	801	886	-14172	-13423	750	14316	13381
262903326	-1	675	2.295E-192	4	13101	15394	876	132	0.727	1.495E-32	798	885	886	-13364	-13101	264	13385	13101
262926017	-1	534	6.399E-150	3	13420	15959	834	103	0.349	9.160E-21	111	287	904	-15959	-15429	531	15986	15372
262926017	-1	534	6.399E-150	3	13420	15959	848	215	0.472	2.337E-58	284	513	904	-15376	-14633	744	15433	14633
262926017	-1	534	6.399E-150	3	13420	15959	871	253	0.499	1.157E-70	549	820	904	-14235	-13420	816	14316	13381
269814785	-1	514	6.709E-144	4	13101	15842	834	79	0.343	1.085E-12	87	224	844	-15842	-15429	414	15986	15372
269814785	-1	514	6.709E-144	4	13101	15842	848	179	0.415	7.591E-46	221	445	844	-15376	-14645	732	15433	14633
269814785	-1	514	6.709E-144	4	13101	15842	871	209	0.459	2.598E-55	516	759	844	-14169	-13423	747	14316	13381
269814785	-1	514	6.709E-144	4	13101	15842	876	121	0.677	5.611E-29	756	843	844	-13364	-13101	264	13385	13101
269998255	-1	552	2.441E-155	3	13101	15376	848	234	0.505	9.207E-65	299	530	932	-15376	-14639	738	15433	14633
269998255	-1	552	2.441E-155	3	13101	15376	871	259	0.542	1.438E-72	598	847	932	-14172	-13423	750	14316	13381
269998255	-1	552	2.441E-155	3	13101	15376	876	128	0.709	2.582E-31	844	931	932	-13364	-13101	264	13385	13101
270323623	-1	760	5.933E-218	5	13101	15908	834	133	0.425	6.128E-31	71	244	858	-15908	-15393	516	15986	15372
270323623	-1	760	5.933E-218	5	13101	15908	848	224	0.489	2.353E-61	232	457	858	-15376	-14639	738	15433	14633
270323623	-1	760	5.933E-218	5	13101	15908	857	51	0.479	5.613E-05	466	519	858	-14408	-14247	162	14426	14241
270323623	-1	760	5.933E-218	5	13101	15908	871	256	0.525	1.765E-71	523	779	858	-14169	-13408	762	14316	13381
270323623	-1	760	5.933E-218	5	13101	15908	876	124	0.692	4.458E-30	770	857	858	-13364	-13101	264	13385	13101
270542269	-1	222	5.339E-56	4	13101	15926	834	123	0.412	1.121E-27	135	302	930	-15926	-15429	498	15986	15372
270542269	-1	222	5.339E-56	4	13101	15926	848	188	0.432	4.172E-49	299	522	930	-15376	-14648	729	15433	14633
270542269	-1	222	5.339E-56	4	13101	15926	857	40	0.392	4.342E-01	537	590	930	-14408	-14247	162	14426	14241
270542269	-1	222	5.339E-56	4	13101	15926	876	136	0.746	6.312E-34	842	929	930	-13364	-13101	264	13385	13101
271269003	-1	674	4.591E-192	4	13101	15376	848	232	0.501	3.232E-64	274	500	900	-15376	-14636	741	15433	14633
271269003	-1	674	4.591E-192	4	13101	15376	857	54	0.507	3.175E-06	508	561	900	-14408	-14247	162	14426	14241
271269003	-1	674	4.591E-192	4	13101	15376	871	271	0.550	1.183E-76	565	821	900	-14169	-13408	762	14316	13381
271269003	-1	674	4.591E-192	4	13101	15376	876	133	0.732	5.785E-33	812	899	900	-13364	-13101	264	13385	13101
271645586	-1	654	4.814E-186	4	13101	15391	848	217	0.477	6.665E-59	197	422	825	-15391	-14654	738	15433	14633
271645586	-1	654	4.814E-186	4	13101	15391	857	51	0.466	5.613E-05	435	490	825	-14408	-14241	168	14426	14241
271645586	-1	654	4.814E-186	4	13101	15391	871	284	0.578	2.016E-81	493	746	825	-14166	-13408	759	14316	13381
271645586	-1	654	4.814E-186	4	13101	15391	876	122	0.681	2.979E-29	737	824	825	-13364	-13101	264	13385	13101
272315848	1	477	9.221E-133	5	5882	11543	134	53	0.897	4.530E-06	4	30	223	5882	5962	81	5879	6028
272315848	1	477	9.221E-133	5	5882	11543	139	79	0.920	1.598E-15	31	70	223	6118	6237	120	6118	6243
272315848	1	477	9.221E-133	5	5882	11543	145	213	1.000	1.391E-60	71	166	223	6307	6594	288	6301	6603
272315848	1	477	9.221E-133	5	5882	11543	148	47	0.965	1.836E-04	167	188	223	6656	6721	66	6632	6721
272315848	1	477	9.221E-133	5	5882	11543	252	79	1.000	1.588E-15	189	222	223	11442	11543	102	11436	11543
272471374	-1	127	2.115E-27	1	13101	13364	876	127	0.704	6.673E-31	77	164	165	-13364	-13101	264	13385	13101
275277594	-1	570	9.311E-161	3	13101	15376	848	216	0.474	1.248E-58	183	409	809	-15376	-14636	741	15433	14633
275277594	-1	570	9.311E-161	3	13101	15376	871	268	0.509	7.766E-76	444	724	809	-14262	-13423	840	14316	13381
275277594	-1	570	9.311E-161	3	13101	15376	876	122	0.681	2.979E-29	721	808	809	-13364	-13101	264	13385	13101
275892364	1	172	6.011E-41	2	10958	11543	246	141	0.709	1.374E-35	75	170	229	10958	11248	291	10955	11257
275892364	1	172	6.011E-41	2	10958	11543	252	52	0.716	5.574E-06	193	226	229	11442	11543	102	11436	11543
276587044	1	232	5.214E-59	3	10961	11540	246	142	0.720	5.318E-36	71	166	225	10961	11248	288	10955	11257
276587044	1	232	5.214E-59	3	10961	11540	249	37	0.768	5.515E-01	167	188	225	11310	11375	66	11286	11375
276587044	1	232	5.214E-59	3	10961	11540	252	51	0.724	1.056E-05	189	221	225	11442	11540	99	11436	11543
276733588	1	169	4.809E-40	2	10961	11540	246	136	0.696	4.460E-34	75	169	238	10961	11248	288	10955	11257
276733588	1	169	4.809E-40	2	10961	11540	252	54	0.766	8.205E-07	192	224	238	11442	11540	99	11436	11543
276762274	1	165	7.694E-39	3	5882	11375	134	40	0.680	2.415E-01	3	29	220	5882	5962	81	5879	6028
276762274	1	165	7.694E-39	3	5882	11375	246	132	0.647	1.988E-32	67	167	220	10958	11254	297	10955	11257
276762274	1	165	7.694E-39	3	5882	11375	249	33	0.710	1.895E+01	163	183	220	11313	11375	63	11286	11375
276801771	1	169	4.809E-40	2	10961	11540	246	136	0.696	4.460E-34	78	172	250	10961	11248	288	10955	11257
276801771	1	169	4.809E-40	2	10961	11540	252	54	0.766	8.205E-07	195	227	250	11442	11540	99	11436	11543
276803390	1	214	1.367E-53	3	10958	11540	246	134	0.668	2.977E-33	73	171	232	10958	11254	297	10955	11257
276803390	1	214	1.367E-53	3	10958	11540	249	33	0.718	1.373E+01	167	187	232	11313	11375	63	11286	11375
276803390	1	214	1.367E-53	3	10958	11540	252	50	0.714	2.001E-05	188	220	232	11442	11540	99	11436	11543
276824222	1	173	3.006E-41	2	10961	11540	246	139	0.706	6.682E-35	60	154	216	10961	11248	288	10955	11257
276824222	1	173	3.006E-41	2	10961	11540	252	55	0.771	5.963E-07	177	209	216	11442	11540	99	11436	11543
276844479	1	169	4.809E-40	2	10961	11540	246	141	0.718	7.297E-36	74	168	227	10961	11248	288	10955	11257
276844479	1	169	4.809E-40	2	10961	11540	252	49	0.698	5.219E-05	191	223	227	11442	11540	99	11436	11543
277032810	1	206	3.499E-51	3	6307	6887	145	128	0.707	4.705E-31	73	159	234	6307	6570	264	6301	6603
277032810	1	206	3.499E-51	3	6307	6887	148	33	0.681	1.895E+01	165	186	234	6656	6721	66	6632	6721
277032810	1	206	3.499E-51	3	6307	6887	151	48	0.683	1.362E-04	187	219	234	6789	6887	99	6783	6890
277171128	-1	360	1.532E-97	3	14241	15908	834	135	0.453	1.280E-31	21	182	669	-15908	-15429	480	15986	15372
277171128	-1	360	1.532E-97	3	14241	15908	848	200	0.449	3.477E-53	173	401	669	-15391	-14654	738	15433	14633
277171128	-1	360	1.532E-97	3	14241	15908	857	46	0.430	2.595E-03	415	470	669	-14408	-14241	168	14426	14241
277173451	-1	123	3.384E-26	1	13101	13361	876	123	0.691	1.582E-29	14	100	101	-13361	-13101	261	13385	13101
277349598	-1	577	7.274E-163	3	13101	15352	848	227	0.505	2.616E-62	237	455	855	-15352	-14636	717	15433	14633
277349598	-1	577	7.274E-163	3	13101	15352	871	259	0.496	7.685E-73	490	770	855	-14262	-13423	840	14316	13381
277349598	-1	577	7.274E-163	3	13101	15352	876	127	0.706	4.862E-31	767	854	855	-13364	-13101	264	13385	13101
277438817	-1	438	5.070E-121	2	13423	15376	848	219	0.484	1.389E-59	140	363	746	-15376	-14645	732	15433	14633
277438817	-1	438	5.070E-121	2	13423	15376	871	254	0.488	4.518E-71	400	680	746	-14262	-13423	840	14316	13381
277528497	1	246	3.182E-63	4	6121	6887	139	42	0.523	3.185E-02	171	207	362	6121	6237	117	6118	6243
277528497	1	246	3.182E-63	4	6121	6887	145	128	0.711	2.499E-31	208	294	362	6307	6570	264	6301	6603
277528497	1	246	3.182E-63	4	6121	6887	148	33	0.710	1.895E+01	305	325	362	6659	6721	63	6632	6721
277528497	1	246	3.182E-63	4	6121	6887	151	49	0.704	3.791E-05	326	358	362	6789	6887	99	6783	6890
283356773	1	168	9.618E-40	2	10958	11540	246	136	0.686	8.398E-34	75	170	230	10958	11248	291	10955	11257
283356773	1	168	9.618E-40	2	10958	11540	252	53	0.745	2.943E-06	193	225	230	11442	11540	99	11436	11543
284043565	1	169	4.809E-40	2	10958	11540	246	138	0.697	1.258E-34	76	171	231	10958	11248	291	10955	11257
284043565	1	169	4.809E-40	2	10958	11540	252	52	0.740	4.050E-06	194	226	231	11442	11540	99	11436	11543
285474460	-1	604	5.420E-171	4	13423	15908	834	103	0.379	9.160E-21	167	323	942	-15908	-15438	471	15986	15372
285474460	-1	604	5.420E-171	4	13423	15908	848	207	0.455	2.312E-55	322	551	942	-15379	-14633	747	15433	14633
285474460	-1	604	5.420E-171	4	13423	15908	857	43	0.409	2.434E-02	558	613	942	-14408	-14241	168	14426	14241
285474460	-1	604	5.420E-171	4	13423	15908	871	255	0.535	3.303E-71	614	857	942	-14172	-13423	750	14316	13381
285801203	-1	785	1.768E-225	5	13101	15941	834	141	0.454	1.163E-33	103	271	896	-15941	-15438	504	15986	15372
285801203	-1	785	1.768E-225	5	13101	15941	848	210	0.469	1.377E-56	274	496	896	-15367	-14636	732	15433	14633
285801203	-1	785	1.768E-225	5	13101	15941	857	46	0.439	3.572E-03	504	557	896	-14408	-14247	162	14426	14241
285801203	-1	785	1.768E-225	5	13101	15941	871	274	0.555	9.623E-78	561	817	896	-14169	-13408	762	14316	13381
285801203	-1	785	1.768E-225	5	13101	15941	876	130	0.719	5.303E-32	808	895	896	-13364	-13101	264	13385	13101
286883093	-1	507	8.588E-142	3	13387	15938	834	125	0.412	3.208E-28	77	246	863	-15938	-15429	510	15986	15372
286883093	-1	507	8.588E-142	3	13387	15938	848	201	0.461	2.542E-53	251	471	863	-15352	-14639	714	15433	14633
286883093	-1	507	8.588E-142	3	13387	15938	871	248	0.508	6.791E-69	537	785	863	-14166	-13387	780	14316	13381
287597883	-1	795	1.727E-228	5	13101	15920	834	147	0.456	5.623E-36	191	363	976	-15920	-15393	528	15986	15372
287597883	-1	795	1.727E-228	5	13101	15920	848	222	0.484	1.546E-60	351	577	976	-15376	-14636	741	15433	14633
287597883	-1	795	1.727E-228	5	13101	15920	857	63	0.562	2.079E-09	585	640	976	-14408	-14241	168	14426	14241
287597883	-1	795	1.727E-228	5	13101	15920	871	260	0.532	5.617E-73	641	897	976	-14172	-13408	765	14316	13381
287597883	-1	795	1.727E-228	5	13101	15920	876	127	0.706	4.862E-31	888	975	976	-13364	-13101	264	13385	13101
288873140	-1	289	3.618E-76	2	14645	15911	834	118	0.397	8.916E-26	149	317	757	-15911	-15429	483	15986	15372
288873140	-1	289	3.618E-76	2	14645	15911	848	173	0.406	8.242E-44	315	538	757	-15373	-14645	729	15433	14633
291298428	1	169	4.809E-40	2	10961	11540	246	139	0.706	6.682E-35	73	167	225	10961	11248	288	10955	11257
291298428	1	169	4.809E-40	2	10961	11540	252	51	0.729	7.671E-06	190	222	225	11442	11540	99	11436	11543
291332362	1	167	1.924E-39	2	6307	6887	145	141	0.715	1.374E-35	73	167	226	6307	6594	288	6301	6603
291332362	1	167	1.924E-39	2	6307	6887	151	47	0.667	3.556E-04	190	222	226	6789	6887	99	6783	6890
291601699	1	234	1.303E-59	3	6304	11540	145	148	0.742	3.369E-38	68	163	225	6304	6594	291	6301	6603
291601699	1	234	1.303E-59	3	6304	11540	148	35	0.751	3.791E+00	165	185	225	6659	6721	63	6632	6721
291601699	1	234	1.303E-59	3	6304	11540	252	49	0.693	7.185E-05	186	218	225	11442	11540	99	11436	11543
291630108	-1	398	5.574E-109	2	13408	15367	848	198	0.445	3.114E-52	231	456	855	-15367	-14633	735	15433	14633
291630108	-1	398	5.574E-109	2	13408	15367	871	262	0.536	8.564E-74	520	776	855	-14166	-13408	759	14316	13381
291722202	-1	653	9.628E-186	4	13101	15908	834	133	0.426	4.480E-31	3	176	790	-15908	-15393	516	15986	15372
291722202	-1	653	9.628E-186	4	13101	15908	848	221	0.488	2.115E-60	164	387	790	-15376	-14645	732	15433	14633
291722202	-1	653	9.628E-186	4	13101	15908	871	253	0.530	1.582E-70	455	705	790	-14169	-13423	747	14316	13381
291722202	-1	653	9.628E-186	4	13101	15908	876	126	0.698	1.725E-30	702	789	790	-13364	-13101	264	13385	13101
291736648	-1	113	3.465E-23	1	15372	15938	834	113	0.352	3.780E-24	102	293	294	-15938	-15372	567	15986	15372
291757331	-1	99	5.677E-19	1	15630	15932	834	99	0.503	2.056E-19	37	139	145	-15932	-15630	303	15986	15372
291840921	-1	569	1.862E-160	3	13101	15376	848	218	0.478	2.601E-59	226	452	852	-15376	-14636	741	15433	14633
291840921	-1	569	1.862E-160	3	13101	15376	871	265	0.505	6.973E-75	487	767	852	-14262	-13423	840	14316	13381
291840921	-1	569	1.862E-160	3	13101	15376	876	122	0.681	2.979E-29	764	851	852	-13364	-13101	264	13385	13101
291844672	-1	190	2.293E-46	1	13423	14262	871	190	0.392	8.228E-49	129	398	484	-14262	-13423	840	14316	13381
291854810	-1	681	3.587E-194	4	13101	15908	834	142	0.476	4.539E-34	107	266	888	-15908	-15429	480	15986	15372
291854810	-1	681	3.587E-194	4	13101	15908	848	217	0.481	4.871E-59	266	488	888	-15367	-14636	732	15433	14633
291854810	-1	681	3.587E-194	4	13101	15908	871	264	0.539	1.786E-74	553	809	888	-14169	-13408	762	14316	13381
291854810	-1	681	3.587E-194	4	13101	15908	876	129	0.715	9.988E-32	800	887	888	-13364	-13101	264	13385	13101
291980762	-1	431	6.489E-119	2	13423	15376	848	216	0.480	9.121E-59	140	363	746	-15376	-14645	732	15433	14633
291980762	-1	431	6.489E-119	2	13423	15376	871	250	0.481	1.418E-69	400	680	746	-14262	-13423	840	14316	13381
292051914	-1	570	9.311E-161	3	13101	15376	848	222	0.485	1.129E-60	225	451	851	-15376	-14636	741	15433	14633
292051914	-1	570	9.311E-161	3	13101	15376	871	261	0.499	1.603E-73	486	766	851	-14262	-13423	840	14316	13381
292051914	-1	570	9.311E-161	3	13101	15376	876	123	0.685	1.582E-29	763	850	851	-13364	-13101	264	13385	13101
292075549	-1	88	1.163E-15	1	15393	15800	834	88	0.361	1.217E-15	2	144	157	-15800	-15393	408	15986	15372
292099094	-1	569	1.862E-160	3	13101	15394	848	223	0.482	4.407E-61	221	450	853	-15394	-14645	750	15433	14633
292099094	-1	569	1.862E-160	3	13101	15394	871	266	0.497	5.096E-75	488	774	853	-14262	-13408	855	14316	13381
292099094	-1	569	1.862E-160	3	13101	15394	876	125	0.694	3.249E-30	765	852	853	-13364	-13101	264	13385	13101
298894237	-1	738	2.489E-211	5	13101	15746	834	89	0.418	4.808E-16	0	114	727	-15746	-15393	354	15986	15372
298894237	-1	738	2.489E-211	5	13101	15746	848	220	0.480	7.418E-60	102	328	727	-15376	-14636	741	15433	14633
298894237	-1	738	2.489E-211	5	13101	15746	857	63	0.556	3.932E-09	336	391	727	-14408	-14241	168	14426	14241
298894237	-1	738	2.489E-211	5	13101	15746	871	263	0.537	6.259E-74	392	648	727	-14172	-13408	765	14316	13381
298894237	-1	738	2.489E-211	5	13101	15746	876	127	0.706	4.862E-31	639	726	727	-13364	-13101	264	13385	13101
299263110	-1	674	4.591E-192	4	13101	15376	848	238	0.510	3.987E-66	272	498	898	-15376	-14636	741	15433	14633
299263110	-1	674	4.591E-192	4	13101	15376	857	55	0.524	1.219E-06	507	559	898	-14405	-14247	159	14426	14241
299263110	-1	674	4.591E-192	4	13101	15376	871	268	0.545	1.063E-75	563	819	898	-14169	-13408	762	14316	13381
299263110	-1	674	4.591E-192	4	13101	15376	876	130	0.719	5.303E-32	810	897	898	-13364	-13101	264	13385	13101
299532250	-1	652	1.926E-185	4	13101	15376	848	232	0.501	3.232E-64	243	469	869	-15376	-14636	741	15433	14633
299532250	-1	652	1.926E-185	4	13101	15376	857	49	0.467	2.013E-04	477	530	869	-14408	-14247	162	14426	14241
299532250	-1	652	1.926E-185	4	13101	15376	871	259	0.541	1.051E-72	534	784	869	-14169	-13423	747	14316	13381
299532250	-1	652	1.926E-185	4	13101	15376	876	122	0.679	4.089E-29	781	868	869	-13364	-13101	264	13385	13101
300594460	-1	365	4.788E-99	2	13408	15376	848	211	0.465	1.006E-56	185	412	808	-15376	-14636	741	15433	14633
300594460	-1	365	4.788E-99	2	13408	15376	871	216	0.461	9.403E-58	476	730	808	-14175	-13408	768	14316	13381
301576561	1	178	9.392E-43	3	5885	11540	134	39	0.697	3.329E-01	18	43	241	5885	5962	78	5879	6028
301576561	1	178	9.392E-43	3	5885	11540	145	146	0.739	1.638E-37	82	176	241	6307	6594	288	6301	6603
301576561	1	178	9.392E-43	3	5885	11540	252	51	0.724	1.056E-05	199	231	241	11442	11540	99	11436	11543
302469990	-1	341	8.033E-92	3	14247	15908	834	109	0.387	6.265E-23	69	230	856	-15908	-15429	480	15986	15372
302469990	-1	341	8.033E-92	3	14247	15908	848	194	0.435	7.132E-51	227	455	856	-15376	-14633	744	15433	14633
302469990	-1	341	8.033E-92	3	14247	15908	857	46	0.430	2.595E-03	462	517	856	-14414	-14247	168	14426	14241
302693724	-1	385	4.566E-105	2	13101	14181	871	265	0.546	9.541E-75	188	441	526	-14181	-13423	759	14316	13381
302693724	-1	385	4.566E-105	2	13101	14181	876	123	0.685	1.582E-29	438	525	526	-13364	-13101	264	13385	13101
305377762	1	167	1.924E-39	2	10961	11543	246	130	0.655	9.670E-32	52	149	213	10961	11254	294	10955	11257
305377762	1	167	1.924E-39	2	10961	11543	252	52	0.716	5.574E-06	166	199	213	11442	11543	102	11436	11543
305626437	1	171	1.202E-40	2	10961	11543	246	143	0.724	2.824E-36	73	167	226	10961	11248	288	10955	11257
305626437	1	171	1.202E-40	2	10961	11543	252	49	0.686	3.791E-05	190	223	226	11442	11543	102	11436	11543
305930434	1	155	7.879E-36	2	6307	6887	145	130	0.666	9.670E-32	72	166	225	6307	6594	288	6301	6603
305930434	1	155	7.879E-36	2	6307	6887	151	46	0.662	4.897E-04	189	221	225	6789	6887	99	6783	6890
305951121	1	175	7.514E-42	2	6307	6887	145	143	0.725	2.058E-36	75	169	233	6307	6594	288	6301	6603
305951121	1	175	7.514E-42	2	6307	6887	151	53	0.745	2.943E-06	192	224	233	6789	6887	99	6783	6890
306048265	1	143	3.227E-32	2	5903	11248	134	38	0.854	8.724E-01	15	34	227	5903	5962	60	5879	6028
306048265	1	143	3.227E-32	2	5903	11248	246	142	0.716	3.876E-36	73	168	227	10958	11248	291	10955	11257
306252205	-1	256	3.108E-66	1	13408	14172	871	256	0.529	1.290E-71	15	265	318	-14172	-13408	765	14316	13381
306282223	-1	341	8.033E-92	3	14247	15908	834	109	0.386	8.557E-23	73	234	860	-15908	-15429	480	15986	15372
306282223	-1	341	8.033E-92	3	14247	15908	848	194	0.435	7.132E-51	231	459	860	-15376	-14633	744	15433	14633
306282223	-1	341	8.033E-92	3	14247	15908	857	46	0.430	2.595E-03	466	521	860	-14414	-14247	168	14426	14241
306488677	-1	123	3.384E-26	1	13387	13812	871	123	0.465	5.469E-26	36	171	249	-13812	-13387	426	14316	13381
306552061	1	240	2.037E-61	4	6121	11540	139	34	0.436	1.975E+01	75	111	264	6121	6237	117	6118	6243
306552061	1	240	2.037E-61	4	6121	11540	246	124	0.688	1.114E-29	112	198	264	10961	11224	264	10955	11257
306552061	1	240	2.037E-61	4	6121	11540	249	36	0.752	1.048E+00	206	227	264	11310	11375	66	11286	11375
306552061	1	240	2.037E-61	4	6121	11540	252	49	0.704	3.791E-05	228	260	264	11442	11540	99	11436	11543
306675735	-1	828	2.010E-238	5	13101	15917	834	139	0.459	5.574E-33	121	284	905	-15917	-15429	489	15986	15372
306675735	-1	828	2.010E-238	5	13101	15917	848	235	0.512	2.623E-65	281	504	905	-15376	-14645	732	15433	14633
306675735	-1	828	2.010E-238	5	13101	15917	857	56	0.467	8.864E-07	508	569	905	-14417	-14241	177	14426	14241
306675735	-1	828	2.010E-238	5	13101	15917	871	279	0.570	1.630E-79	569	820	905	-14181	-13423	759	14316	13381
306675735	-1	828	2.010E-238	5	13101	15917	876	125	0.696	2.367E-30	817	904	905	-13364	-13101	264	13385	13101
314888522	1	221	1.068E-55	3	6304	11543	145	136	0.690	4.460E-34	81	176	235	6304	6594	291	6301	6603
314888522	1	221	1.068E-55	3	6304	11543	148	31	0.677	6.876E+01	178	198	235	6659	6721	63	6632	6721
314888522	1	221	1.068E-55	3	6304	11543	252	52	0.721	4.050E-06	199	232	235	11442	11543	102	11436	11543
315911244	1	89	5.813E-16	2	6659	11540	148	36	0.768	1.993E+00	48	68	105	6659	6721	63	6632	6721
315911244	1	89	5.813E-16	2	6659	11540	252	52	0.735	5.574E-06	69	101	105	11442	11540	99	11436	11543
318812698	-1	776	9.054E-223	5	13101	15908	834	134	0.456	1.751E-31	113	272	896	-15908	-15429	480	15986	15372
318812698	-1	776	9.054E-223	5	13101	15908	848	219	0.488	1.389E-59	272	493	896	-15367	-14645	723	15433	14633
318812698	-1	776	9.054E-223	5	13101	15908	857	50	0.473	1.063E-04	504	557	896	-14408	-14247	162	14426	14241
318812698	-1	776	9.054E-223	5	13101	15908	871	261	0.534	2.193E-73	561	817	896	-14169	-13408	762	14316	13381
318812698	-1	776	9.054E-223	5	13101	15908	876	130	0.717	7.278E-32	808	895	896	-13364	-13101	264	13385	13101
319442513	-1	359	3.064E-97	2	13101	14172	871	240	0.510	3.563E-66	63	312	397	-14172	-13423	750	14316	13381
319442513	-1	359	3.064E-97	2	13101	14172	876	122	0.679	4.089E-29	309	396	397	-13364	-13101	264	13385	13101
320189614	1	178	9.392E-43	2	10961	11540	246	144	0.729	1.093E-36	77	171	249	10961	11248	288	10955	11257
320189614	1	178	9.392E-43	2	10961	11540	252	55	0.781	3.150E-07	194	226	249	11442	11540	99	11436	11543
320212041	1	170	2.404E-40	2	10958	11540	246	139	0.700	6.682E-35	76	171	251	10958	11248	291	10955	11257
320212041	1	170	2.404E-40	2	10958	11540	252	52	0.740	4.050E-06	194	226	251	11442	11540	99	11436	11543
320347647	1	182	5.870E-44	2	6304	6721	145	144	0.724	7.968E-37	70	166	214	6304	6594	291	6301	6603
320347647	1	182	5.870E-44	2	6304	6721	148	37	0.768	5.515E-01	167	188	214	6656	6721	66	6632	6721
320467839	1	189	4.586E-46	2	10961	11375	246	152	0.766	1.425E-39	73	168	207	10961	11248	288	10955	11257
320467839	1	189	4.586E-46	2	10961	11375	249	36	0.744	1.446E+00	169	190	207	11310	11375	66	11286	11375
320495325	1	176	3.757E-42	3	5894	11375	134	42	0.829	3.523E-02	7	29	219	5894	5962	69	5879	6028
320495325	1	176	3.757E-42	3	5894	11375	246	141	0.692	1.001E-35	68	167	219	10961	11254	294	10955	11257
320495325	1	176	3.757E-42	3	5894	11375	249	35	0.729	2.749E+00	162	183	219	11310	11375	66	11286	11375
320497047	1	163	3.078E-38	2	6307	11543	145	128	0.648	3.429E-31	74	171	234	6307	6600	294	6301	6603
320497047	1	163	3.078E-38	2	6307	11543	252	50	0.691	2.754E-05	188	221	234	11442	11543	102	11436	11543
320552792	1	167	1.924E-39	2	6304	11543	145	136	0.688	6.120E-34	80	175	234	6304	6594	291	6301	6603
320552792	1	167	1.924E-39	2	6304	11543	252	52	0.721	4.050E-06	198	231	234	11442	11543	102	11436	11543
320639067	1	167	1.924E-39	2	10958	11540	246	136	0.688	6.120E-34	75	170	257	10958	11248	291	10955	11257
320639067	1	167	1.924E-39	2	10958	11540	252	52	0.735	5.574E-06	193	225	257	11442	11540	99	11436	11543
320686741	-1	786	8.842E-226	5	13101	15941	834	141	0.454	1.163E-33	103	271	896	-15941	-15438	504	15986	15372
320686741	-1	786	8.842E-226	5	13101	15941	848	210	0.469	1.377E-56	274	496	896	-15367	-14636	732	15433	14633
320686741	-1	786	8.842E-226	5	13101	15941	857	46	0.439	3.572E-03	504	557	896	-14408	-14247	162	14426	14241
320686741	-1	786	8.842E-226	5	13101	15941	871	274	0.555	9.623E-78	561	817	896	-14169	-13408	762	14316	13381
320686741	-1	786	8.842E-226	5	13101	15941	876	131	0.725	2.052E-32	808	895	896	-13364	-13101	264	13385	13101
320794148	-1	380	1.461E-103	3	14241	15932	834	123	0.408	2.095E-27	87	255	881	-15932	-15429	504	15986	15372
320794148	-1	380	1.461E-103	3	14241	15932	848	218	0.476	1.901E-59	246	474	881	-15394	-14648	747	15433	14633
320794148	-1	380	1.461E-103	3	14241	15932	857	59	0.532	5.030E-08	487	542	881	-14408	-14241	168	14426	14241
320897043	-1	357	1.226E-96	2	13423	15373	848	216	0.483	9.121E-59	165	388	787	-15373	-14648	726	15433	14633
320897043	-1	357	1.226E-96	2	13423	15373	871	216	0.485	6.880E-58	465	702	787	-14142	-13423	720	14316	13381
320923889	-1	569	1.862E-160	3	13101	15376	848	218	0.478	2.601E-59	226	452	852	-15376	-14636	741	15433	14633
320923889	-1	569	1.862E-160	3	13101	15376	871	265	0.504	9.541E-75	487	767	852	-14262	-13423	840	14316	13381
320923889	-1	569	1.862E-160	3	13101	15376	876	122	0.681	2.979E-29	764	851	852	-13364	-13101	264	13385	13101
321081235	-1	705	2.138E-201	4	13101	15908	834	132	0.451	8.382E-31	75	234	857	-15908	-15429	480	15986	15372
321081235	-1	705	2.138E-201	4	13101	15908	848	224	0.500	2.353E-61	239	457	857	-15352	-14636	717	15433	14633
321081235	-1	705	2.138E-201	4	13101	15908	871	261	0.497	3.001E-73	492	772	857	-14262	-13423	840	14316	13381
321081235	-1	705	2.138E-201	4	13101	15908	876	126	0.698	1.725E-30	769	856	857	-13364	-13101	264	13385	13101
330936163	1	233	2.607E-59	3	10961	11540	246	143	0.727	1.500E-36	84	178	237	10961	11248	288	10955	11257
330936163	1	233	2.607E-59	3	10961	11540	249	37	0.768	5.515E-01	179	200	237	11310	11375	66	11286	11375
330936163	1	233	2.607E-59	3	10961	11540	252	51	0.724	1.056E-05	201	233	237	11442	11540	99	11436	11543
332394860	-1	787	4.421E-226	5	13101	15908	834	139	0.475	5.574E-33	111	267	892	-15908	-15438	471	15986	15372
332394860	-1	787	4.421E-226	5	13101	15908	848	213	0.474	1.121E-57	270	492	892	-15367	-14636	732	15433	14633
332394860	-1	787	4.421E-226	5	13101	15908	857	46	0.439	3.572E-03	500	553	892	-14408	-14247	162	14426	14241
332394860	-1	787	4.421E-226	5	13101	15908	871	274	0.555	9.623E-78	557	813	892	-14169	-13408	762	14316	13381
332394860	-1	787	4.421E-226	5	13101	15908	876	131	0.725	2.052E-32	804	891	892	-13364	-13101	264	13385	13101
334839321	1	176	3.757E-42	2	6307	6887	145	148	0.748	3.369E-38	74	168	227	6307	6594	288	6301	6603
334839321	1	176	3.757E-42	2	6307	6887	151	49	0.704	3.791E-05	191	223	227	6789	6887	99	6783	6890
334889214	1	236	3.259E-60	3	6304	11540	145	144	0.724	7.968E-37	70	166	225	6304	6594	291	6301	6603
334889214	1	236	3.259E-60	3	6304	11540	148	37	0.768	5.515E-01	167	188	225	6656	6721	66	6632	6721
334889214	1	236	3.259E-60	3	6304	11540	252	53	0.745	2.943E-06	189	221	225	11442	11540	99	11436	11543
334986280	1	158	9.848E-37	3	5885	6721	134	39	0.690	4.589E-01	9	34	234	5885	5962	78	5879	6028
334986280	1	158	9.848E-37	3	5885	6721	145	127	0.706	6.457E-31	73	159	234	6307	6570	264	6301	6603
334986280	1	158	9.848E-37	3	5885	6721	148	34	0.705	7.214E+00	166	187	234	6656	6721	66	6632	6721
335326200	-1	396	2.230E-108	2	13423	15394	848	227	0.484	2.616E-62	200	432	829	-15394	-14636	759	15433	14633
335326200	-1	396	2.230E-108	2	13423	15394	871	235	0.505	2.085E-64	500	744	829	-14166	-13423	744	14316	13381
335382670	-1	536	1.600E-150	3	13101	15391	848	211	0.458	5.375E-57	269	503	894	-15391	-14633	759	15433	14633
335382670	-1	536	1.600E-150	3	13101	15391	871	267	0.558	1.989E-75	567	809	894	-14169	-13423	747	14316	13381
335382670	-1	536	1.600E-150	3	13101	15391	876	123	0.687	1.152E-29	806	893	894	-13364	-13101	264	13385	13101
335402870	1	249	3.978E-64	3	6307	11543	145	159	0.795	6.583E-42	70	164	224	6307	6594	288	6301	6603
335402870	1	249	3.978E-64	3	6307	11543	148	35	0.729	2.749E+00	165	186	224	6656	6721	66	6632	6721
335402870	1	249	3.978E-64	3	6307	11543	252	53	0.731	2.138E-06	187	220	224	11442	11543	102	11436	11543
335459406	-1	219	4.271E-55	1	14636	15376	848	219	0.479	1.389E-59	226	452	484	-15376	-14636	741	15433	14633
335480266	-1	383	1.826E-104	2	13408	15376	848	220	0.480	7.418E-60	198	425	822	-15376	-14636	741	15433	14633
335480266	-1	383	1.826E-104	2	13408	15376	871	228	0.486	5.817E-62	492	743	822	-14166	-13408	759	14316	13381
335556061	-1	640	7.887E-182	4	13101	15376	848	221	0.482	2.895E-60	195	421	821	-15376	-14636	741	15433	14633
335556061	-1	640	7.887E-182	4	13101	15376	857	49	0.467	2.013E-04	429	482	821	-14408	-14247	162	14426	14241
335556061	-1	640	7.887E-182	4	13101	15376	871	258	0.540	1.968E-72	486	736	821	-14169	-13423	747	14316	13381
335556061	-1	640	7.887E-182	4	13101	15376	876	122	0.681	2.979E-29	733	820	821	-13364	-13101	264	13385	13101
335631387	-1	236	3.259E-60	4	13101	15926	834	132	0.433	1.568E-30	147	314	942	-15926	-15429	498	15986	15372
335631387	-1	236	3.259E-60	4	13101	15926	848	193	0.440	1.334E-50	311	534	942	-15376	-14648	729	15433	14633
335631387	-1	236	3.259E-60	4	13101	15926	857	47	0.439	9.947E-04	549	604	942	-14408	-14241	168	14426	14241
335631387	-1	236	3.259E-60	4	13101	15926	876	127	0.704	6.673E-31	854	941	942	-13364	-13101	264	13385	13101
335669239	1	183	2.935E-44	2	6304	6721	145	148	0.742	3.369E-38	68	163	225	6304	6594	291	6301	6603
335669239	1	183	2.935E-44	2	6304	6721	148	34	0.726	9.952E+00	165	185	225	6659	6721	63	6632	6721
335758749	-1	580	9.093E-164	3	13101	15352	848	227	0.505	1.912E-62	236	454	854	-15352	-14636	717	15433	14633
335758749	-1	580	9.093E-164	3	13101	15352	871	267	0.499	1.454E-75	489	775	854	-14262	-13408	855	14316	13381
335758749	-1	580	9.093E-164	3	13101	15352	876	128	0.709	2.582E-31	766	853	854	-13364	-13101	264	13385	13101
341324432	-1	639	1.577E-181	4	13101	15893	834	128	0.436	2.625E-29	151	312	936	-15893	-15429	465	15986	15372
341324432	-1	639	1.577E-181	4	13101	15893	848	205	0.460	5.919E-55	309	532	936	-15376	-14645	732	15433	14633
341324432	-1	639	1.577E-181	4	13101	15893	871	253	0.528	1.157E-70	599	851	936	-14172	-13423	750	14316	13381
341324432	-1	639	1.577E-181	4	13101	15893	876	123	0.683	2.171E-29	848	935	936	-13364	-13101	264	13385	13101
341678221	-1	324	1.053E-86	2	13408	15352	848	185	0.432	5.098E-48	193	412	808	-15352	-14636	717	15433	14633
341678221	-1	324	1.053E-86	2	13408	15352	871	208	0.459	4.851E-55	483	730	808	-14148	-13408	741	14316	13381
346433239	-1	1042	7.636E-303	5	13101	15938	834	199	0.596	1.011E-53	90	259	883	-15938	-15429	510	15986	15372
346433239	-1	1042	7.636E-303	5	13101	15938	848	278	0.570	3.502E-80	251	485	883	-15391	-14633	759	15433	14633
346433239	-1	1042	7.636E-303	5	13101	15938	857	83	0.716	1.876E-16	492	547	883	-14408	-14241	168	14426	14241
346433239	-1	1042	7.636E-303	5	13101	15938	871	353	0.683	3.663E-105	548	805	883	-14172	-13402	771	14316	13381
346433239	-1	1042	7.636E-303	5	13101	15938	876	149	0.810	1.341E-38	795	882	883	-13364	-13101	264	13385	13101
346629610	-1	89	5.813E-16	3	7982	8304	993	34	0.557	2.528E+01	39	67	163	-8304	-8218	87	8373	8215
346629610	-1	89	5.813E-16	3	7982	8304	998	34	0.661	2.021E+01	87	110	163	-8172	-8101	72	8211	8047
346629610	-1	89	5.813E-16	3	7982	8304	1000	43	0.560	2.509E-02	116	152	163	-8092	-7982	111	8092	7925
347201996	1	231	1.043E-58	3	6304	11543	145	141	0.710	1.001E-35	76	171	232	6304	6594	291	6301	6603
347201996	1	231	1.043E-58	3	6304	11543	148	34	0.735	7.214E+00	173	193	232	6659	6721	63	6632	6721
347201996	1	231	1.043E-58	3	6304	11543	252	54	0.741	1.129E-06	194	227	232	11442	11543	102	11436	11543
348064841	-1	146	4.034E-33	1	14807	15373	848	146	0.430	1.325E-34	12	181	182	-15373	-14807	567	15433	14633
348693267	-1	507	8.588E-142	3	13387	15938	834	125	0.412	3.208E-28	66	235	852	-15938	-15429	510	15986	15372
348693267	-1	507	8.588E-142	3	13387	15938	848	201	0.461	2.542E-53	240	460	852	-15352	-14639	714	15433	14633
348693267	-1	507	8.588E-142	3	13387	15938	871	248	0.508	6.791E-69	526	774	852	-14166	-13387	780	14316	13381
348875441	1	170	2.404E-40	2	10961	11540	246	139	0.708	4.870E-35	60	154	243	10961	11248	288	10955	11257
348875441	1	170	2.404E-40	2	10961	11540	252	52	0.735	5.574E-06	177	209	243	11442	11540	99	11436	11543
349274811	1	168	9.618E-40	2	6304	11543	145	140	0.705	2.587E-35	78	173	232	6304	6594	291	6301	6603
349274811	1	168	9.618E-40	2	6304	11543	252	49	0.676	7.185E-05	196	229	232	11442	11543	102	11436	11543
349357505	1	167	1.924E-39	2	10961	11540	246	138	0.703	1.258E-34	78	172	250	10961	11248	288	10955	11257
349357505	1	167	1.924E-39	2	10961	11540	252	50	0.714	2.001E-05	195	227	250	11442	11540	99	11436	11543
349498031	1	167	1.924E-39	2	10961	11540	246	138	0.703	1.258E-34	78	172	250	10961	11248	288	10955	11257
349498031	1	167	1.924E-39	2	10961	11540	252	50	0.714	2.001E-05	195	227	250	11442	11540	99	11436	11543
349557821	1	165	7.694E-39	2	10961	11375	246	138	0.677	1.726E-34	49	148	201	10961	11254	294	10955	11257
349557821	1	165	7.694E-39	2	10961	11375	249	32	0.658	4.981E+01	143	164	201	11310	11375	66	11286	11375
349708029	1	176	3.757E-42	2	10961	11540	246	146	0.738	2.248E-37	74	168	232	10961	11248	288	10955	11257
349708029	1	176	3.757E-42	2	10961	11540	252	51	0.724	1.056E-05	191	223	232	11442	11540	99	11436	11543
349722817	1	163	3.078E-38	2	6304	11543	145	131	0.649	3.743E-32	73	172	238	6304	6600	297	6301	6603
349722817	1	163	3.078E-38	2	6304	11543	252	49	0.676	7.185E-05	191	224	238	11442	11543	102	11436	11543
349783853	1	184	1.468E-44	3	5885	11375	134	38	0.670	1.203E+00	3	28	224	5885	5962	78	5879	6028
349783853	1	184	1.468E-44	3	5885	11375	246	148	0.742	3.369E-38	67	162	224	10958	11248	291	10955	11257
349783853	1	184	1.468E-44	3	5885	11375	249	34	0.726	9.952E+00	164	184	224	11313	11375	63	11286	11375
349987885	-1	785	1.768E-225	5	13101	15938	834	138	0.448	7.626E-33	81	249	876	-15938	-15435	504	15986	15372
349987885	-1	785	1.768E-225	5	13101	15938	848	212	0.461	2.871E-57	242	473	876	-15394	-14639	756	15433	14633
349987885	-1	785	1.768E-225	5	13101	15938	857	48	0.468	7.226E-04	483	534	876	-14408	-14253	156	14426	14241
349987885	-1	785	1.768E-225	5	13101	15938	871	284	0.578	3.776E-81	539	791	876	-14172	-13423	750	14316	13381
349987885	-1	785	1.768E-225	5	13101	15938	876	122	0.679	4.089E-29	788	875	876	-13364	-13101	264	13385	13101
350228579	-1	185	7.338E-45	1	14645	15352	848	185	0.436	6.970E-48	126	342	408	-15352	-14645	708	15433	14633
350301009	-1	829	1.005E-238	5	13101	15917	834	140	0.462	2.177E-33	121	284	905	-15917	-15429	489	15986	15372
350301009	-1	829	1.005E-238	5	13101	15917	848	235	0.512	2.623E-65	281	504	905	-15376	-14645	732	15433	14633
350301009	-1	829	1.005E-238	5	13101	15917	857	56	0.467	8.864E-07	508	569	905	-14417	-14241	177	14426	14241
350301009	-1	829	1.005E-238	5	13101	15917	871	279	0.570	1.630E-79	569	820	905	-14181	-13423	759	14316	13381
350301009	-1	829	1.005E-238	5	13101	15917	876	125	0.696	2.367E-30	817	904	905	-13364	-13101	264	13385	13101
356447499	-1	275	5.927E-72	2	14247	15376	848	230	0.498	2.125E-63	244	470	533	-15376	-14636	741	15433	14633
356447499	-1	275	5.927E-72	2	14247	15376	857	51	0.485	2.964E-05	478	531	533	-14408	-14247	162	14426	14241
356902362	-1	358	6.129E-97	3	13423	15379	848	161	0.386	1.312E-39	210	432	833	-15379	-14654	726	15433	14633
356902362	-1	358	6.129E-97	3	13423	15379	857	39	0.365	5.982E-01	441	499	833	-14423	-14247	177	14426	14241
356902362	-1	358	6.129E-97	3	13423	15379	871	168	0.390	2.993E-41	504	747	833	-14166	-13423	744	14316	13381
358675112	-1	773	7.243E-222	5	13101	15908	834	133	0.453	4.480E-31	107	266	888	-15908	-15429	480	15986	15372
358675112	-1	773	7.243E-222	5	13101	15908	848	216	0.480	9.121E-59	266	488	888	-15367	-14636	732	15433	14633
358675112	-1	773	7.243E-222	5	13101	15908	857	46	0.439	3.572E-03	496	549	888	-14408	-14247	162	14426	14241
358675112	-1	773	7.243E-222	5	13101	15908	871	264	0.539	1.786E-74	553	809	888	-14169	-13408	762	14316	13381
358675112	-1	773	7.243E-222	5	13101	15908	876	129	0.715	9.988E-32	800	887	888	-13364	-13101	264	13385	13101
360946966	-1	412	3.402E-113	2	13423	15391	848	225	0.482	9.179E-62	276	508	904	-15391	-14636	756	15433	14633
360946966	-1	412	3.402E-113	2	13423	15391	871	252	0.535	2.165E-70	575	819	904	-14166	-13423	744	14316	13381
362416436	-1	309	3.450E-82	2	14738	15893	834	128	0.436	2.625E-29	151	312	658	-15893	-15429	465	15986	15372
362416436	-1	309	3.450E-82	2	14738	15893	848	184	0.468	1.781E-47	309	501	658	-15376	-14738	639	15433	14633
362429517	-1	760	5.933E-218	5	13101	15938	834	128	0.417	2.625E-29	138	309	934	-15938	-15429	510	15986	15372
362429517	-1	760	5.933E-218	5	13101	15938	848	188	0.431	7.801E-49	306	529	934	-15376	-14648	729	15433	14633
362429517	-1	760	5.933E-218	5	13101	15938	857	49	0.464	2.771E-04	542	595	934	-14408	-14247	162	14426	14241
362429517	-1	760	5.933E-218	5	13101	15938	871	274	0.570	7.032E-78	598	846	934	-14172	-13432	741	14316	13381
362429517	-1	760	5.933E-218	5	13101	15938	876	134	0.738	2.239E-33	846	933	934	-13364	-13101	264	13385	13101
363810379	1	171	1.202E-40	2	10961	11540	246	138	0.703	1.258E-34	76	170	248	10961	11248	288	10955	11257
363810379	1	171	1.202E-40	2	10961	11540	252	54	0.766	8.205E-07	193	225	248	11442	11540	99	11436	11543
363851692	1	172	6.011E-41	2	10958	11543	246	141	0.709	1.374E-35	75	170	229	10958	11248	291	10955	11257
363851692	1	172	6.011E-41	2	10958	11543	252	52	0.716	5.574E-06	193	226	229	11442	11543	102	11436	11543
363906908	1	163	3.078E-38	2	10958	11540	246	135	0.683	1.581E-33	76	171	231	10958	11248	291	10955	11257
363906908	1	163	3.078E-38	2	10958	11540	252	49	0.698	5.219E-05	194	226	231	11442	11540	99	11436	11543
363969132	1	189	4.586E-46	2	6304	6721	145	150	0.748	9.505E-39	72	168	227	6304	6594	291	6301	6603
363969132	1	189	4.586E-46	2	6304	6721	148	38	0.792	2.106E-01	169	190	227	6656	6721	66	6632	6721
364049670	1	167	1.924E-39	2	10961	11540	246	138	0.705	9.169E-35	75	169	228	10961	11248	288	10955	11257
364049670	1	167	1.924E-39	2	10961	11540	252	50	0.709	2.754E-05	192	224	228	11442	11540	99	11436	11543
364135644	1	172	6.011E-41	2	10961	11540	246	144	0.729	1.093E-36	73	167	232	10961	11248	288	10955	11257
364135644	1	172	6.011E-41	2	10961	11540	252	49	0.704	3.791E-05	190	222	232	11442	11540	99	11436	11543
364152826	1	175	7.514E-42	2	10985	11375	246	136	0.747	6.120E-34	19	106	175	10985	11248	264	10955	11257
364152826	1	175	7.514E-42	2	10985	11375	249	38	0.792	2.106E-01	107	128	175	11310	11375	66	11286	11375
364174112	1	232	5.214E-59	4	5885	11540	134	42	0.743	3.523E-02	6	31	294	5885	5962	78	5879	6028
364174112	1	232	5.214E-59	4	5885	11540	246	145	0.707	5.807E-37	69	168	294	10958	11254	297	10955	11257
364174112	1	232	5.214E-59	4	5885	11540	249	34	0.705	7.214E+00	163	184	294	11310	11375	66	11286	11375
364174112	1	232	5.214E-59	4	5885	11540	252	50	0.709	2.754E-05	185	217	294	11442	11540	99	11436	11543
364351706	1	200	2.239E-49	3	6121	11540	139	40	0.521	8.338E-02	96	131	285	6121	6234	114	6118	6243
364351706	1	200	2.239E-49	3	6121	11540	246	131	0.673	2.727E-32	133	226	285	10961	11248	288	10955	11257
364351706	1	200	2.239E-49	3	6121	11540	252	49	0.704	3.791E-05	249	281	285	11442	11540	99	11436	11543
364371809	-1	235	6.517E-60	1	13453	14169	871	235	0.521	1.524E-64	37	271	273	-14169	-13453	717	14316	13381
364393782	-1	359	3.064E-97	3	14241	15908	834	135	0.453	1.280E-31	21	182	503	-15908	-15429	480	15986	15372
364393782	-1	359	3.064E-97	3	14241	15908	848	199	0.448	6.505E-53	173	401	503	-15391	-14654	738	15433	14633
364393782	-1	359	3.064E-97	3	14241	15908	857	46	0.430	2.595E-03	415	470	503	-14408	-14241	168	14426	14241
364428234	1	234	1.303E-59	3	6304	11540	145	148	0.742	3.369E-38	49	144	204	6304	6594	291	6301	6603
364428234	1	234	1.303E-59	3	6304	11540	148	35	0.751	3.791E+00	146	166	204	6659	6721	63	6632	6721
364428234	1	234	1.303E-59	3	6304	11540	252	49	0.693	7.185E-05	167	199	204	11442	11540	99	11436	11543
364495680	-1	582	2.273E-164	3	13101	15376	848	232	0.501	4.424E-64	243	469	869	-15376	-14636	741	15433	14633
364495680	-1	582	2.273E-164	3	13101	15376	871	263	0.501	4.575E-74	504	784	869	-14262	-13423	840	14316	13381
364495680	-1	582	2.273E-164	3	13101	15376	876	123	0.683	2.171E-29	781	868	869	-13364	-13101	264	13385	13101
364552468	-1	124	1.692E-26	1	13423	13887	871	124	0.435	1.610E-26	0	156	230	-13887	-13423	465	14316	13381
364563490	-1	520	1.048E-145	3	13387	15917	834	122	0.415	3.916E-27	157	320	936	-15917	-15429	489	15986	15372
364563490	-1	520	1.048E-145	3	13387	15917	848	217	0.480	6.665E-59	317	542	936	-15376	-14645	732	15433	14633
364563490	-1	520	1.048E-145	3	13387	15917	871	250	0.510	1.418E-69	610	858	936	-14166	-13387	780	14316	13381
364822048	-1	654	4.814E-186	4	13101	15376	848	221	0.488	2.115E-60	248	471	874	-15376	-14645	732	15433	14633
364822048	-1	654	4.814E-186	4	13101	15376	857	56	0.523	6.444E-07	482	535	874	-14408	-14247	162	14426	14241
364822048	-1	654	4.814E-186	4	13101	15376	871	266	0.553	3.725E-75	539	789	874	-14169	-13423	747	14316	13381
364822048	-1	654	4.814E-186	4	13101	15376	876	124	0.692	4.458E-30	786	873	874	-13364	-13101	264	13385	13101
373122262	1	165	7.694E-39	2	10958	11543	246	134	0.681	2.170E-33	76	171	243	10958	11248	291	10955	11257
373122262	1	165	7.694E-39	2	10958	11543	252	52	0.721	4.050E-06	194	227	243	11442	11543	102	11436	11543
373764241	-1	630	8.076E-179	4	13101	15893	834	118	0.414	6.523E-26	131	290	914	-15893	-15429	465	15986	15372
373764241	-1	630	8.076E-179	4	13101	15893	848	204	0.469	2.073E-54	295	510	914	-15352	-14645	708	15433	14633
373764241	-1	630	8.076E-179	4	13101	15893	871	254	0.529	6.181E-71	577	829	914	-14172	-13423	750	14316	13381
373764241	-1	630	8.076E-179	4	13101	15893	876	124	0.688	8.397E-30	826	913	914	-13364	-13101	264	13385	13101
374415352	-1	674	4.591E-192	4	13101	15376	848	238	0.510	3.987E-66	318	544	944	-15376	-14636	741	15433	14633
374415352	-1	674	4.591E-192	4	13101	15376	857	55	0.524	1.219E-06	553	605	944	-14405	-14247	159	14426	14241
374415352	-1	674	4.591E-192	4	13101	15376	871	268	0.545	1.063E-75	609	865	944	-14169	-13408	762	14316	13381
374415352	-1	674	4.591E-192	4	13101	15376	876	130	0.719	5.303E-32	856	943	944	-13364	-13101	264	13385	13101
374869337	-1	703	8.551E-201	4	13101	15908	834	132	0.449	1.568E-30	75	234	857	-15908	-15429	480	15986	15372
374869337	-1	703	8.551E-201	4	13101	15908	848	224	0.501	1.719E-61	239	457	857	-15352	-14636	717	15433	14633
374869337	-1	703	8.551E-201	4	13101	15908	871	259	0.495	1.051E-72	492	772	857	-14262	-13423	840	14316	13381
374869337	-1	703	8.551E-201	4	13101	15908	876	126	0.700	1.257E-30	769	856	857	-13364	-13101	264	13385	13101
375021222	-1	365	4.788E-99	2	13408	15376	848	211	0.465	1.006E-56	184	411	807	-15376	-14636	741	15433	14633
375021222	-1	365	4.788E-99	2	13408	15376	871	216	0.461	9.403E-58	475	729	807	-14175	-13408	768	14316	13381
375075577	1	221	1.068E-55	3	6304	11543	145	136	0.690	4.460E-34	80	175	234	6304	6594	291	6301	6603
375075577	1	221	1.068E-55	3	6304	11543	148	31	0.677	6.876E+01	177	197	234	6659	6721	63	6632	6721
375075577	1	221	1.068E-55	3	6304	11543	252	52	0.721	4.050E-06	198	231	234	11442	11543	102	11436	11543
376619304	-1	880	4.464E-254	5	13101	15947	834	166	0.504	1.601E-42	113	287	910	-15947	-15429	519	15986	15372
376619304	-1	880	4.464E-254	5	13101	15947	848	235	0.507	3.590E-65	284	511	910	-15376	-14636	741	15433	14633
376619304	-1	880	4.464E-254	5	13101	15947	857	68	0.614	6.265E-11	519	572	910	-14408	-14247	162	14426	14241
376619304	-1	880	4.464E-254	5	13101	15947	871	291	0.581	9.711E-84	575	832	910	-14172	-13402	771	14316	13381
376619304	-1	880	4.464E-254	5	13101	15947	876	138	0.755	1.297E-34	822	909	910	-13364	-13101	264	13385	13101
376760421	-1	299	3.533E-79	2	14633	15902	834	102	0.372	2.330E-20	1	159	784	-15902	-15429	474	15986	15372
376760421	-1	299	3.533E-79	2	14633	15902	848	201	0.446	1.858E-53	155	385	784	-15379	-14633	747	15433	14633
378354847	1	275	5.927E-72	4	6121	11543	139	40	0.512	1.585E-01	149	184	340	6121	6234	114	6118	6243
378354847	1	275	5.927E-72	4	6121	11543	246	145	0.739	5.807E-37	187	280	340	10964	11248	285	10955	11257
378354847	1	275	5.927E-72	4	6121	11543	249	36	0.776	1.446E+00	282	302	340	11313	11375	63	11286	11375
378354847	1	275	5.927E-72	4	6121	11543	252	52	0.716	5.574E-06	303	336	340	11442	11543	102	11436	11543
378578772	1	170	2.404E-40	3	5897	11375	134	38	0.776	1.203E+00	8	29	220	5897	5962	66	5879	6028
378578772	1	170	2.404E-40	3	5897	11375	246	141	0.691	1.374E-35	68	167	220	10961	11254	294	10955	11257
378578772	1	170	2.404E-40	3	5897	11375	249	32	0.693	3.609E+01	163	183	220	11313	11375	63	11286	11375
378711609	1	169	4.809E-40	2	6304	11540	145	139	0.700	6.682E-35	68	163	219	6304	6594	291	6301	6603
378711609	1	169	4.809E-40	2	6304	11540	252	51	0.724	1.056E-05	186	218	219	11442	11540	99	11436	11543
378866169	-1	143	3.227E-32	1	14891	15373	848	143	0.477	1.594E-33	12	170	178	-15373	-14891	483	15433	14633
378867279	-1	123	3.384E-26	1	15429	15932	834	123	0.408	2.095E-27	95	263	266	-15932	-15429	504	15986	15372
378867349	1	184	1.468E-44	3	5885	11375	134	38	0.670	1.203E+00	3	28	224	5885	5962	78	5879	6028
378867349	1	184	1.468E-44	3	5885	11375	246	148	0.742	3.369E-38	67	162	224	10958	11248	291	10955	11257
378867349	1	184	1.468E-44	3	5885	11375	249	34	0.735	7.214E+00	164	184	224	11313	11375	63	11286	11375
379090002	-1	573	1.164E-161	3	13101	15376	848	220	0.480	7.418E-60	225	451	851	-15376	-14636	741	15433	14633
379090002	-1	573	1.164E-161	3	13101	15376	871	266	0.505	5.096E-75	486	766	851	-14262	-13423	840	14316	13381
379090002	-1	573	1.164E-161	3	13101	15376	876	123	0.683	2.171E-29	763	850	851	-13364	-13101	264	13385	13101
379255391	-1	235	6.517E-60	4	13101	15926	834	132	0.435	8.382E-31	150	317	945	-15926	-15429	498	15986	15372
379255391	-1	235	6.517E-60	4	13101	15926	848	192	0.438	3.412E-50	314	537	945	-15376	-14648	729	15433	14633
379255391	-1	235	6.517E-60	4	13101	15926	857	47	0.439	9.947E-04	552	607	945	-14408	-14241	168	14426	14241
379255391	-1	235	6.517E-60	4	13101	15926	876	127	0.704	6.673E-31	857	944	945	-13364	-13101	264	13385	13101
379257925	-1	524	6.552E-147	3	13420	15938	834	104	0.361	4.915E-21	93	262	879	-15938	-15429	510	15986	15372
379257925	-1	524	6.552E-147	3	13420	15938	848	221	0.477	2.115E-60	254	486	879	-15391	-14639	753	15433	14633
379257925	-1	524	6.552E-147	3	13420	15938	871	246	0.492	2.377E-68	527	795	879	-14226	-13420	807	14316	13381
379316300	-1	134	1.652E-29	1	15393	15929	834	134	0.418	3.276E-31	67	245	308	-15929	-15393	537	15986	15372
379376633	1	187	1.834E-45	2	10961	11375	246	152	0.766	1.425E-39	74	168	229	10961	11248	288	10955	11257
379376633	1	187	1.834E-45	2	10961	11375	249	34	0.697	9.952E+00	169	190	229	11310	11375	66	11286	11375
385207825	-1	508	4.294E-142	3	13423	15391	848	217	0.471	6.665E-59	261	493	887	-15391	-14642	750	15433	14633
385207825	-1	508	4.294E-142	3	13423	15391	857	48	0.448	3.814E-04	501	554	887	-14414	-14247	168	14426	14241
385207825	-1	508	4.294E-142	3	13423	15391	871	250	0.527	1.940E-69	557	801	887	-14172	-13423	750	14316	13381
387497415	-1	462	3.022E-128	3	13432	15391	848	192	0.431	1.824E-50	326	555	928	-15391	-14645	747	15433	14633
387497415	-1	462	3.022E-128	3	13432	15391	857	46	0.433	1.885E-03	564	619	928	-14414	-14247	168	14426	14241
387497415	-1	462	3.022E-128	3	13432	15391	871	233	0.504	1.363E-63	623	862	928	-14169	-13432	738	14316	13381
389449261	-1	365	4.788E-99	2	13408	15376	848	211	0.465	1.006E-56	184	411	807	-15376	-14636	741	15433	14633
389449261	-1	365	4.788E-99	2	13408	15376	871	216	0.461	9.403E-58	475	729	807	-14175	-13408	768	14316	13381
391650812	1	299	3.533E-79	4	6118	6887	139	43	0.530	8.832E-03	29	68	223	6118	6237	120	6118	6243
391650812	1	299	3.533E-79	4	6118	6887	145	157	0.788	2.333E-41	69	163	223	6307	6594	288	6301	6603
391650812	1	299	3.533E-79	4	6118	6887	148	38	0.776	4.001E-01	164	185	223	6656	6721	66	6632	6721
391650812	1	299	3.533E-79	4	6118	6887	151	57	0.807	6.389E-08	186	218	223	6789	6887	99	6783	6890
392906310	1	171	1.202E-40	2	10961	11540	246	143	0.727	1.500E-36	74	168	227	10961	11248	288	10955	11257
392906310	1	171	1.202E-40	2	10961	11540	252	49	0.698	5.219E-05	191	223	227	11442	11540	99	11436	11543
393042034	1	166	3.847E-39	2	10961	11540	246	132	0.675	1.988E-32	76	170	248	10961	11248	288	10955	11257
393042034	1	166	3.847E-39	2	10961	11540	252	55	0.776	4.334E-07	193	225	248	11442	11540	99	11436	11543
393055783	1	236	3.259E-60	4	10614	11540	235	38	0.568	5.135E-01	1	32	225	10614	10706	93	10599	10718
393055783	1	236	3.259E-60	4	10614	11540	246	141	0.717	1.001E-35	71	166	225	10961	11248	288	10955	11257
393055783	1	236	3.259E-60	4	10614	11540	249	38	0.784	2.902E-01	167	188	225	11310	11375	66	11286	11375
393055783	1	236	3.259E-60	4	10614	11540	252	53	0.750	2.138E-06	189	221	225	11442	11540	99	11436	11543
393380609	1	164	1.539E-38	3	5885	11375	134	39	0.690	4.589E-01	9	34	234	5885	5962	78	5879	6028
393380609	1	164	1.539E-38	3	5885	11375	246	130	0.712	7.047E-32	72	159	234	10958	11224	267	10955	11257
393380609	1	164	1.539E-38	3	5885	11375	249	36	0.744	1.446E+00	166	187	234	11310	11375	66	11286	11375
393439517	1	146	4.034E-33	1	10961	11248	246	146	0.738	2.248E-37	46	140	159	10961	11248	288	10955	11257
393500591	-1	682	1.793E-194	4	13101	15938	834	140	0.422	2.177E-33	53	237	851	-15938	-15393	546	15986	15372
393500591	-1	682	1.793E-194	4	13101	15938	848	226	0.501	6.707E-62	229	448	851	-15364	-14645	720	15433	14633
393500591	-1	682	1.793E-194	4	13101	15938	871	266	0.553	3.725E-75	516	766	851	-14169	-13423	747	14316	13381
393500591	-1	682	1.793E-194	4	13101	15938	876	126	0.702	9.158E-31	763	850	851	-13364	-13101	264	13385	13101
393508419	-1	125	8.460E-27	1	13101	13364	876	125	0.694	3.249E-30	65	152	153	-13364	-13101	264	13385	13101
393665855	-1	573	1.164E-161	3	13101	15376	848	222	0.485	8.253E-61	226	452	852	-15376	-14636	741	15433	14633
393665855	-1	573	1.164E-161	3	13101	15376	871	265	0.504	9.541E-75	487	767	852	-14262	-13423	840	14316	13381
393665855	-1	573	1.164E-161	3	13101	15376	876	122	0.681	2.979E-29	764	851	852	-13364	-13101	264	13385	13101
393835447	1	231	1.043E-58	3	10958	11540	246	148	0.742	3.369E-38	48	143	203	10958	11248	291	10955	11257
393835447	1	231	1.043E-58	3	10958	11540	249	34	0.726	9.952E+00	145	165	203	11313	11375	63	11286	11375
393835447	1	231	1.043E-58	3	10958	11540	252	47	0.667	3.556E-04	166	198	203	11442	11540	99	11436	11543
393835740	1	174	1.503E-41	2	10958	11540	246	148	0.742	3.369E-38	48	143	203	10958	11248	291	10955	11257
393835740	1	174	1.503E-41	2	10958	11540	252	47	0.667	3.556E-04	166	198	203	11442	11540	99	11436	11543
393835834	1	183	2.935E-44	2	10958	11375	246	148	0.742	3.369E-38	48	143	203	10958	11248	291	10955	11257
393835834	1	183	2.935E-44	2	10958	11375	249	34	0.726	9.952E+00	145	165	203	11313	11375	63	11286	11375
393924938	-1	835	1.571E-240	5	13101	15932	834	154	0.495	1.980E-38	77	239	862	-15932	-15435	498	15986	15372
393924938	-1	835	1.571E-240	5	13101	15932	848	231	0.500	8.287E-64	238	464	862	-15376	-14636	741	15433	14633
393924938	-1	835	1.571E-240	5	13101	15932	857	58	0.505	1.800E-07	470	527	862	-14414	-14241	174	14426	14241
393924938	-1	835	1.571E-240	5	13101	15932	871	278	0.566	2.231E-79	529	783	862	-14169	-13408	762	14316	13381
393924938	-1	835	1.571E-240	5	13101	15932	876	125	0.694	3.249E-30	774	861	862	-13364	-13101	264	13385	13101
393925430	-1	657	6.017E-187	4	13101	15376	848	226	0.492	3.581E-62	247	473	873	-15376	-14636	741	15433	14633
393925430	-1	657	6.017E-187	4	13101	15376	857	55	0.514	1.678E-06	481	534	873	-14408	-14247	162	14426	14241
393925430	-1	657	6.017E-187	4	13101	15376	871	269	0.548	3.031E-76	538	794	873	-14169	-13408	762	14316	13381
393925430	-1	657	6.017E-187	4	13101	15376	876	123	0.685	1.582E-29	785	872	873	-13364	-13101	264	13385	13101
400271771	-1	728	2.548E-208	4	13101	15926	834	152	0.463	1.782E-37	107	282	894	-15926	-15393	534	15986	15372
400271771	-1	728	2.548E-208	4	13101	15926	848	248	0.535	1.552E-69	270	492	894	-15376	-14648	729	15433	14633
400271771	-1	728	2.548E-208	4	13101	15926	871	281	0.582	2.481E-80	561	809	894	-14166	-13423	744	14316	13381
400271771	-1	728	2.548E-208	4	13101	15926	876	128	0.711	1.881E-31	806	893	894	-13364	-13101	264	13385	13101
400960745	1	234	1.303E-59	3	10961	11540	246	143	0.727	1.500E-36	84	178	237	10961	11248	288	10955	11257
400960745	1	234	1.303E-59	3	10961	11540	249	38	0.776	4.001E-01	179	200	237	11310	11375	66	11286	11375
400960745	1	234	1.303E-59	3	10961	11540	252	51	0.724	1.056E-05	201	233	237	11442	11540	99	11436	11543
401411631	-1	683	8.966E-195	4	13101	15376	848	244	0.521	1.915E-68	282	509	908	-15376	-14633	744	15433	14633
401411631	-1	683	8.966E-195	4	13101	15376	857	49	0.470	1.463E-04	516	569	908	-14408	-14247	162	14426	14241
401411631	-1	683	8.966E-195	4	13101	15376	871	269	0.547	4.148E-76	573	829	908	-14169	-13408	762	14316	13381
401411631	-1	683	8.966E-195	4	13101	15376	876	136	0.747	4.600E-34	820	907	908	-13364	-13101	264	13385	13101
403229524	-1	564	5.959E-159	3	13101	15376	848	224	0.492	3.220E-61	214	437	839	-15376	-14645	732	15433	14633
403229524	-1	564	5.959E-159	3	13101	15376	871	258	0.493	3.683E-72	474	754	839	-14262	-13423	840	14316	13381
403229524	-1	564	5.959E-159	3	13101	15376	876	120	0.669	1.991E-28	751	838	839	-13364	-13101	264	13385	13101
403616787	1	179	4.696E-43	2	10961	11375	246	145	0.734	4.232E-37	76	170	230	10961	11248	288	10955	11257
403616787	1	179	4.696E-43	2	10961	11375	249	33	0.718	1.373E+01	172	192	230	11313	11375	63	11286	11375
405595535	-1	651	3.851E-185	4	13101	15376	848	232	0.501	4.424E-64	243	469	869	-15376	-14636	741	15433	14633
405595535	-1	651	3.851E-185	4	13101	15376	857	49	0.470	1.463E-04	477	530	869	-14408	-14247	162	14426	14241
405595535	-1	651	3.851E-185	4	13101	15376	871	258	0.539	2.692E-72	534	784	869	-14169	-13423	747	14316	13381
405595535	-1	651	3.851E-185	4	13101	15376	876	122	0.681	2.979E-29	781	868	869	-13364	-13101	264	13385	13101
406283265	-1	331	8.226E-89	3	14247	15908	834	113	0.398	3.780E-24	99	259	887	-15908	-15429	480	15986	15372
406283265	-1	331	8.226E-89	3	14247	15908	848	188	0.432	4.172E-49	256	479	887	-15376	-14648	729	15433	14633
406283265	-1	331	8.226E-89	3	14247	15908	857	46	0.442	2.595E-03	494	547	887	-14408	-14247	162	14426	14241
407412540	1	222	5.339E-56	3	10961	11540	246	141	0.715	1.374E-35	70	164	222	10961	11248	288	10955	11257
407412540	1	222	5.339E-56	3	10961	11540	249	31	0.677	6.876E+01	166	186	222	11313	11375	63	11286	11375
407412540	1	222	5.339E-56	3	10961	11540	252	48	0.678	1.875E-04	187	219	222	11442	11540	99	11436	11543
407480346	1	159	4.924E-37	3	5885	11375	134	39	0.690	4.589E-01	9	34	234	5885	5962	78	5879	6028
407480346	1	159	4.924E-37	3	5885	11375	246	129	0.642	1.327E-31	72	171	234	10958	11254	297	10955	11257
407480346	1	159	4.924E-37	3	5885	11375	249	32	0.666	3.609E+01	166	187	234	11310	11375	66	11286	11375
407551167	1	174	1.503E-41	2	10958	11540	246	147	0.738	6.342E-38	73	168	232	10958	11248	291	10955	11257
407551167	1	174	1.503E-41	2	10958	11540	252	48	0.678	1.875E-04	191	223	232	11442	11540	99	11436	11543
407585147	1	169	4.809E-40	2	6304	11543	145	139	0.682	6.682E-35	78	177	239	6304	6594	291	6301	6603
407585147	1	169	4.809E-40	2	6304	11543	252	51	0.701	1.453E-05	200	233	239	11442	11543	102	11436	11543
407597886	1	185	7.338E-45	2	6304	6721	145	150	0.750	6.927E-39	72	168	227	6304	6594	291	6301	6603
407597886	1	185	7.338E-45	2	6304	6721	148	34	0.713	5.230E+00	169	190	227	6656	6721	66	6632	6721
407670644	1	172	6.011E-41	2	10958	11540	246	141	0.710	1.001E-35	76	171	249	10958	11248	291	10955	11257
407670644	1	172	6.011E-41	2	10958	11540	252	52	0.735	5.574E-06	194	226	249	11442	11540	99	11436	11543
407765860	1	167	1.924E-39	2	10958	11543	246	138	0.697	1.258E-34	77	172	231	10958	11248	291	10955	11257
407765860	1	167	1.924E-39	2	10958	11543	252	50	0.691	2.754E-05	195	228	231	11442	11543	102	11436	11543
407816908	1	168	9.618E-40	2	10961	11540	246	139	0.710	3.549E-35	73	167	225	10961	11248	288	10955	11257
407816908	1	168	9.618E-40	2	10961	11540	252	50	0.709	2.754E-05	190	222	225	11442	11540	99	11436	11543
407947392	1	155	7.879E-36	2	10958	11375	246	122	0.628	3.951E-29	73	169	231	10958	11248	291	10955	11257
407947392	1	155	7.879E-36	2	10958	11375	249	32	0.666	3.609E+01	170	191	231	11310	11375	66	11286	11375
408072756	-1	602	2.168E-170	4	13423	15914	834	109	0.379	6.265E-23	131	297	918	-15914	-15429	486	15986	15372
408072756	-1	602	2.168E-170	4	13423	15914	848	211	0.466	1.006E-56	294	520	918	-15376	-14639	738	15433	14633
408072756	-1	602	2.168E-170	4	13423	15914	857	42	0.357	8.757E-02	521	585	918	-14423	-14241	183	14426	14241
408072756	-1	602	2.168E-170	4	13423	15914	871	240	0.510	4.873E-66	586	833	918	-14172	-13423	750	14316	13381
408121269	-1	651	3.851E-185	4	13101	15376	848	232	0.501	3.232E-64	243	469	869	-15376	-14636	741	15433	14633
408121269	-1	651	3.851E-185	4	13101	15376	857	49	0.467	2.013E-04	477	530	869	-14408	-14247	162	14426	14241
408121269	-1	651	3.851E-185	4	13101	15376	871	258	0.540	1.968E-72	534	784	869	-14169	-13423	747	14316	13381
408121269	-1	651	3.851E-185	4	13101	15376	876	122	0.679	4.089E-29	781	868	869	-13364	-13101	264	13385	13101
408144031	-1	761	2.967E-218	5	13101	15908	834	130	0.417	7.504E-30	71	244	858	-15908	-15393	516	15986	15372
408144031	-1	761	2.967E-218	5	13101	15908	848	229	0.497	2.908E-63	232	458	858	-15376	-14636	741	15433	14633
408144031	-1	761	2.967E-218	5	13101	15908	857	40	0.395	3.152E-01	466	519	858	-14408	-14247	162	14426	14241
408144031	-1	761	2.967E-218	5	13101	15908	871	262	0.545	1.172E-73	523	773	858	-14169	-13423	747	14316	13381
408144031	-1	761	2.967E-218	5	13101	15908	876	121	0.675	7.701E-29	770	857	858	-13364	-13101	264	13385	13101
408279541	-1	126	4.230E-27	1	13101	13364	876	126	0.700	1.257E-30	54	141	142	-13364	-13101	264	13385	13101
408280904	-1	561	4.767E-158	3	13101	15376	848	221	0.483	2.115E-60	37	263	663	-15376	-14636	741	15433	14633
408280904	-1	561	4.767E-158	3	13101	15376	871	260	0.489	4.106E-73	298	584	663	-14262	-13408	855	14316	13381
408280904	-1	561	4.767E-158	3	13101	15376	876	122	0.681	2.979E-29	575	662	663	-13364	-13101	264	13385	13101
413980737	1	167	1.924E-39	2	10961	11543	246	130	0.655	9.670E-32	52	149	210	10961	11254	294	10955	11257
413980737	1	167	1.924E-39	2	10961	11543	252	52	0.716	5.574E-06	166	199	210	11442	11543	102	11436	11543
416060452	1	168	9.618E-40	2	10958	11540	246	136	0.686	8.398E-34	75	170	230	10958	11248	291	10955	11257
416060452	1	168	9.618E-40	2	10958	11540	252	53	0.745	2.943E-06	193	225	230	11442	11540	99	11436	11543
416704676	-1	684	4.483E-195	4	13101	15908	834	141	0.473	1.163E-33	107	266	888	-15908	-15429	480	15986	15372
416704676	-1	684	4.483E-195	4	13101	15908	848	220	0.486	5.421E-60	266	488	888	-15367	-14636	732	15433	14633
416704676	-1	684	4.483E-195	4	13101	15908	871	265	0.540	1.305E-74	553	809	888	-14169	-13408	762	14316	13381
416704676	-1	684	4.483E-195	4	13101	15908	876	129	0.715	9.988E-32	800	887	888	-13364	-13101	264	13385	13101
421259972	-1	562	2.384E-158	3	13101	15376	848	221	0.483	2.115E-60	225	451	851	-15376	-14636	741	15433	14633
421259972	-1	562	2.384E-158	3	13101	15376	871	260	0.489	4.106E-73	486	772	851	-14262	-13408	855	14316	13381
421259972	-1	562	2.384E-158	3	13101	15376	876	123	0.685	1.582E-29	763	850	851	-13364	-13101	264	13385	13101
422146169	1	170	2.404E-40	3	5903	11543	134	39	0.881	3.329E-01	16	35	299	5903	5962	60	5879	6028
422146169	1	170	2.404E-40	3	5903	11543	246	128	0.643	3.429E-31	73	171	299	10958	11254	297	10955	11257
422146169	1	170	2.404E-40	3	5903	11543	252	54	0.741	1.129E-06	188	221	299	11442	11543	102	11436	11543
422328335	1	161	1.231E-37	2	10961	11540	246	140	0.759	2.587E-35	74	162	228	10961	11227	267	10955	11257
422328335	1	161	1.231E-37	2	10961	11540	252	48	0.688	9.893E-05	191	223	228	11442	11540	99	11436	11543
422395823	1	167	1.924E-39	2	10961	11540	246	138	0.705	9.169E-35	77	171	236	10961	11248	288	10955	11257
422395823	1	167	1.924E-39	2	10961	11540	252	50	0.714	2.001E-05	194	226	236	11442	11540	99	11436	11543
422490767	-1	300	1.766E-79	2	14633	15908	834	109	0.385	1.169E-22	73	234	461	-15908	-15429	480	15986	15372
422490767	-1	300	1.766E-79	2	14633	15908	848	194	0.435	7.132E-51	231	459	461	-15376	-14633	744	15433	14633
422509027	-1	531	5.119E-149	3	13423	15902	834	138	0.465	1.427E-32	111	270	891	-15902	-15429	474	15986	15372
422509027	-1	531	5.119E-149	3	13423	15902	848	224	0.488	2.353E-61	267	493	891	-15376	-14636	741	15433	14633
422509027	-1	531	5.119E-149	3	13423	15902	871	236	0.503	1.115E-64	559	806	891	-14172	-13423	750	14316	13381
422718490	-1	364	9.576E-99	2	13423	15376	848	192	0.433	1.824E-50	247	474	876	-15376	-14633	744	15433	14633
422718490	-1	364	9.576E-99	2	13423	15376	871	233	0.493	1.363E-63	537	789	876	-14172	-13423	750	14316	13381
422729445	-1	669	1.469E-190	4	13101	15376	848	238	0.512	2.913E-66	271	496	895	-15376	-14636	741	15433	14633
422729445	-1	669	1.469E-190	4	13101	15376	857	44	0.426	1.284E-02	503	556	895	-14408	-14247	162	14426	14241
422729445	-1	669	1.469E-190	4	13101	15376	871	269	0.548	3.031E-76	560	816	895	-14169	-13408	762	14316	13381
422729445	-1	669	1.469E-190	4	13101	15376	876	133	0.732	5.785E-33	807	894	895	-13364	-13101	264	13385	13101
422823861	-1	379	2.922E-103	2	13408	15376	848	214	0.472	4.375E-58	282	508	901	-15376	-14636	741	15433	14633
422823861	-1	379	2.922E-103	2	13408	15376	871	227	0.481	1.487E-61	572	822	901	-14172	-13408	765	14316	13381
422854632	-1	435	4.056E-120	2	13423	15376	848	218	0.483	1.901E-59	140	363	746	-15376	-14645	732	15433	14633
422854632	-1	435	4.056E-120	2	13423	15376	871	252	0.484	4.050E-70	400	680	746	-14262	-13423	840	14316	13381
422880224	-1	798	2.159E-229	5	13101	15917	834	121	0.413	7.318E-27	94	257	883	-15917	-15429	489	15986	15372
422880224	-1	798	2.159E-229	5	13101	15917	848	218	0.476	1.901E-59	248	476	883	-15394	-14648	747	15433	14633
422880224	-1	798	2.159E-229	5	13101	15917	857	59	0.526	9.515E-08	489	544	883	-14408	-14241	168	14426	14241
422880224	-1	798	2.159E-229	5	13101	15917	871	290	0.587	1.819E-83	545	798	883	-14172	-13423	750	14316	13381
422880224	-1	798	2.159E-229	5	13101	15917	876	130	0.721	3.865E-32	795	882	883	-13364	-13101	264	13385	13101
422911459	-1	521	5.242E-146	3	13387	15917	834	122	0.415	3.916E-27	60	223	839	-15917	-15429	489	15986	15372
422911459	-1	521	5.242E-146	3	13387	15917	848	217	0.480	6.665E-59	220	445	839	-15376	-14645	732	15433	14633
422911459	-1	521	5.242E-146	3	13387	15917	871	251	0.513	5.541E-70	513	761	839	-14166	-13387	780	14316	13381
430443642	1	221	1.068E-55	3	10961	11540	246	137	0.698	3.251E-34	68	162	221	10961	11248	288	10955	11257
430443642	1	221	1.068E-55	3	10961	11540	249	33	0.689	1.373E+01	163	184	221	11310	11375	66	11286	11375
430443642	1	221	1.068E-55	3	10961	11540	252	49	0.698	5.219E-05	185	217	221	11442	11540	99	11436	11543
430921338	1	170	2.404E-40	2	10958	11540	246	139	0.704	3.549E-35	76	171	249	10958	11248	291	10955	11257
430921338	1	170	2.404E-40	2	10958	11540	252	52	0.740	4.050E-06	194	226	249	11442	11540	99	11436	11543
433343361	-1	764	3.708E-219	5	13101	15908	834	125	0.406	3.208E-28	82	255	869	-15908	-15393	516	15986	15372
433343361	-1	764	3.708E-219	5	13101	15908	848	236	0.508	1.916E-65	243	469	869	-15376	-14636	741	15433	14633
433343361	-1	764	3.708E-219	5	13101	15908	857	50	0.476	7.724E-05	477	530	869	-14408	-14247	162	14426	14241
433343361	-1	764	3.708E-219	5	13101	15908	871	256	0.535	1.765E-71	534	784	869	-14169	-13423	747	14316	13381
433343361	-1	764	3.708E-219	5	13101	15908	876	118	0.662	7.063E-28	781	868	869	-13364	-13101	264	13385	13101
433380188	-1	1123	0.000E+00	5	13101	15947	834	244	0.691	1.892E-69	37	211	825	-15947	-15423	525	15986	15372
433380188	-1	1123	0.000E+00	5	13101	15947	848	264	0.564	2.881E-75	206	427	825	-15376	-14648	729	15433	14633
433380188	-1	1123	0.000E+00	5	13101	15947	857	74	0.674	3.857E-13	437	489	825	-14405	-14247	159	14426	14241
433380188	-1	1123	0.000E+00	5	13101	15947	871	393	0.739	4.260E-119	492	747	825	-14172	-13387	786	14316	13381
433380188	-1	1123	0.000E+00	5	13101	15947	876	170	0.913	5.112E-46	737	824	825	-13364	-13101	264	13385	13101
436051336	1	171	1.202E-40	2	10958	11543	246	142	0.716	3.876E-36	76	171	230	10958	11248	291	10955	11257
436051336	1	171	1.202E-40	2	10958	11543	252	50	0.696	2.001E-05	194	227	230	11442	11543	102	11436	11543
436470505	1	168	9.618E-40	2	10958	11540	246	136	0.688	6.120E-34	75	170	256	10958	11248	291	10955	11257
436470505	1	168	9.618E-40	2	10958	11540	252	53	0.745	2.943E-06	193	225	256	11442	11540	99	11436	11543
436558224	1	179	4.696E-43	2	6307	6887	145	145	0.732	5.807E-37	75	169	247	6307	6594	288	6301	6603
436558224	1	179	4.696E-43	2	6307	6887	151	55	0.781	3.150E-07	192	224	247	6789	6887	99	6783	6890
436627955	1	167	1.924E-39	2	10961	11540	246	137	0.699	2.369E-34	72	166	249	10961	11248	288	10955	11257
436627955	1	167	1.924E-39	2	10961	11540	252	51	0.724	1.056E-05	189	221	249	11442	11540	99	11436	11543
436854187	1	176	3.757E-42	2	10958	11540	246	143	0.717	2.824E-36	74	169	247	10958	11248	291	10955	11257
436854187	1	176	3.757E-42	2	10958	11540	252	54	0.766	8.205E-07	192	224	247	11442	11540	99	11436	11543
436894357	1	167	1.924E-39	2	10958	11540	246	137	0.691	3.251E-34	77	172	230	10958	11248	291	10955	11257
436894357	1	167	1.924E-39	2	10958	11540	252	51	0.719	1.453E-05	195	227	230	11442	11540	99	11436	11543
436912441	1	169	4.809E-40	2	10958	11540	246	139	0.702	4.870E-35	76	171	243	10958	11248	291	10955	11257
436912441	1	169	4.809E-40	2	10958	11540	252	51	0.719	1.453E-05	194	226	243	11442	11540	99	11436	11543
437187163	-1	310	1.725E-82	2	14639	15938	834	108	0.364	2.180E-22	12	185	807	-15938	-15435	504	15986	15372
437187163	-1	310	1.725E-82	2	14639	15938	848	203	0.453	5.307E-54	184	410	807	-15376	-14639	738	15433	14633
437360269	-1	373	1.870E-101	2	13408	15376	848	215	0.478	3.197E-58	72	294	696	-15376	-14648	729	15433	14633
437360269	-1	373	1.870E-101	2	13408	15376	871	228	0.485	7.953E-62	366	617	696	-14166	-13408	759	14316	13381
437366746	-1	770	5.794E-221	5	13101	15908	834	132	0.445	1.568E-30	127	288	907	-15908	-15429	480	15986	15372
437366746	-1	770	5.794E-221	5	13101	15908	848	217	0.483	6.665E-59	286	506	907	-15373	-14648	726	15433	14633
437366746	-1	770	5.794E-221	5	13101	15908	857	48	0.454	7.226E-04	517	570	907	-14408	-14247	162	14426	14241
437366746	-1	770	5.794E-221	5	13101	15908	871	261	0.538	1.603E-73	574	828	907	-14169	-13408	762	14316	13381
437366746	-1	770	5.794E-221	5	13101	15908	876	132	0.727	1.495E-32	819	906	907	-13364	-13101	264	13385	13101
437422104	-1	358	6.129E-97	3	14253	15938	834	108	0.366	2.180E-22	62	234	860	-15938	-15429	510	15986	15372
437422104	-1	358	6.129E-97	3	14253	15938	848	214	0.468	8.191E-58	225	453	860	-15394	-14648	747	15433	14633
437422104	-1	358	6.129E-97	3	14253	15938	857	56	0.536	8.864E-07	466	517	860	-14408	-14253	156	14426	14241
437543565	1	233	2.607E-59	3	10961	11543	246	147	0.743	8.702E-38	73	167	228	10961	11248	288	10955	11257
437543565	1	233	2.607E-59	3	10961	11543	249	34	0.726	9.952E+00	169	189	228	11313	11375	63	11286	11375
437543565	1	233	2.607E-59	3	10961	11543	252	50	0.691	2.754E-05	190	223	228	11442	11543	102	11436	11543
440521747	1	230	2.085E-58	3	10961	11540	246	144	0.731	7.968E-37	84	178	237	10961	11248	288	10955	11257
440521747	1	230	2.085E-58	3	10961	11540	249	34	0.713	5.230E+00	179	200	237	11310	11375	66	11286	11375
440521747	1	230	2.085E-58	3	10961	11540	252	50	0.709	2.754E-05	201	233	237	11442	11540	99	11436	11543
446749754	-1	415	4.253E-114	2	13423	15391	848	225	0.482	9.179E-62	97	329	725	-15391	-14636	756	15433	14633
446749754	-1	415	4.253E-114	2	13423	15391	871	255	0.539	3.303E-71	396	640	725	-14166	-13423	744	14316	13381
448970789	1	170	2.404E-40	3	5885	6887	134	39	0.697	3.329E-01	7	32	223	5885	5962	78	5879	6028
448970789	1	170	2.404E-40	3	5885	6887	145	139	0.704	3.549E-35	70	165	223	6304	6594	291	6301	6603
448970789	1	170	2.404E-40	3	5885	6887	151	49	0.698	5.219E-05	188	220	223	6789	6887	99	6783	6890
450382260	-1	531	5.119E-149	3	13423	15869	834	138	0.495	7.626E-33	141	288	909	-15869	-15429	441	15986	15372
450382260	-1	531	5.119E-149	3	13423	15869	848	230	0.499	1.552E-63	285	512	909	-15376	-14636	741	15433	14633
450382260	-1	531	5.119E-149	3	13423	15869	871	231	0.498	6.513E-63	579	824	909	-14166	-13423	744	14316	13381
450635373	-1	698	2.736E-199	4	13101	15935	834	126	0.392	1.255E-28	72	255	869	-15935	-15393	543	15986	15372
450635373	-1	698	2.736E-199	4	13101	15935	848	232	0.501	4.424E-64	243	469	869	-15376	-14636	741	15433	14633
450635373	-1	698	2.736E-199	4	13101	15935	871	264	0.501	2.444E-74	504	784	869	-14262	-13423	840	14316	13381
450635373	-1	698	2.736E-199	4	13101	15935	876	123	0.683	2.171E-29	781	868	869	-13364	-13101	264	13385	13101
451055598	1	183	2.935E-44	2	10958	11543	246	149	0.743	2.455E-38	76	171	232	10958	11248	291	10955	11257
451055598	1	183	2.935E-44	2	10958	11543	252	55	0.751	5.963E-07	194	227	232	11442	11543	102	11436	11543
451137033	1	172	6.011E-41	2	10961	11375	246	137	0.698	3.251E-34	68	162	221	10961	11248	288	10955	11257
451137033	1	172	6.011E-41	2	10961	11375	249	34	0.735	7.214E+00	164	184	221	11313	11375	63	11286	11375
451164267	1	178	9.392E-43	2	10958	11540	246	145	0.728	4.232E-37	72	167	245	10958	11248	291	10955	11257
451164267	1	178	9.392E-43	2	10958	11540	252	54	0.760	1.129E-06	190	222	245	11442	11540	99	11436	11543
451219933	1	178	9.392E-43	2	10961	11375	246	140	0.713	1.885E-35	71	166	234	10961	11248	288	10955	11257
451219933	1	178	9.392E-43	2	10961	11375	249	37	0.768	5.515E-01	167	188	234	11310	11375	66	11286	11375
451233946	1	185	7.338E-45	2	10961	11540	246	139	0.686	3.549E-35	70	169	242	10961	11254	294	10955	11257
451233946	1	185	7.338E-45	2	10961	11540	252	50	0.714	2.001E-05	175	207	242	11442	11540	99	11436	11543
451248408	1	172	6.011E-41	2	10961	11540	246	142	0.722	3.876E-36	75	169	238	10961	11248	288	10955	11257
451248408	1	172	6.011E-41	2	10961	11540	252	51	0.729	7.671E-06	192	224	238	11442	11540	99	11436	11543
451445978	1	164	1.539E-38	2	6307	11540	145	132	0.678	1.056E-32	76	170	256	6307	6594	288	6301	6603
451445978	1	164	1.539E-38	2	6307	11540	252	53	0.745	2.943E-06	193	225	256	11442	11540	99	11436	11543
451492189	1	176	3.757E-42	2	10961	11540	246	146	0.738	2.248E-37	75	169	233	10961	11248	288	10955	11257
451492189	1	176	3.757E-42	2	10961	11540	252	51	0.729	7.671E-06	192	224	233	11442	11540	99	11436	11543
451575052	1	233	2.607E-59	3	6304	11540	145	148	0.742	3.369E-38	68	163	225	6304	6594	291	6301	6603
451575052	1	233	2.607E-59	3	6304	11540	148	34	0.726	9.952E+00	165	185	225	6659	6721	63	6632	6721
451575052	1	233	2.607E-59	3	6304	11540	252	49	0.693	7.185E-05	186	218	225	11442	11540	99	11436	11543
451689558	1	123	3.384E-26	1	3394	3864	82	123	0.431	9.021E-28	11	168	174	3394	3864	471	3304	3900
451770899	-1	678	2.869E-193	4	13101	15908	834	137	0.463	2.671E-32	107	266	888	-15908	-15429	480	15986	15372
451770899	-1	678	2.869E-193	4	13101	15908	848	218	0.482	3.560E-59	266	488	888	-15367	-14636	732	15433	14633
451770899	-1	678	2.869E-193	4	13101	15908	871	265	0.540	1.305E-74	553	809	888	-14169	-13408	762	14316	13381
451770899	-1	678	2.869E-193	4	13101	15908	876	129	0.715	9.988E-32	800	887	888	-13364	-13101	264	13385	13101
451937925	-1	437	1.014E-120	2	13423	15376	848	216	0.480	9.121E-59	140	363	746	-15376	-14645	732	15433	14633
451937925	-1	437	1.014E-120	2	13423	15376	871	256	0.491	9.430E-72	400	680	746	-14262	-13423	840	14316	13381
451938012	-1	438	5.070E-121	2	13432	15376	848	217	0.480	6.665E-59	140	363	746	-15376	-14645	732	15433	14633
451938012	-1	438	5.070E-121	2	13432	15376	871	256	0.495	9.430E-72	400	677	746	-14262	-13432	831	14316	13381
452071270	-1	654	4.814E-186	4	13101	15376	848	221	0.488	2.115E-60	248	471	874	-15376	-14645	732	15433	14633
452071270	-1	654	4.814E-186	4	13101	15376	857	56	0.523	6.444E-07	482	535	874	-14408	-14247	162	14426	14241
452071270	-1	654	4.814E-186	4	13101	15376	871	266	0.553	3.725E-75	539	789	874	-14169	-13423	747	14316	13381
452071270	-1	654	4.814E-186	4	13101	15376	876	124	0.692	4.458E-30	786	873	874	-13364	-13101	264	13385	13101
459292157	-1	396	2.230E-108	2	13591	15376	848	219	0.479	1.389E-59	226	452	734	-15376	-14636	741	15433	14633
459292157	-1	396	2.230E-108	2	13591	15376	871	210	0.500	7.453E-56	487	708	734	-14262	-13591	672	14316	13381
460281930	-1	497	8.794E-139	3	13423	15376	848	200	0.447	3.477E-53	267	495	887	-15376	-14636	741	15433	14633
460281930	-1	497	8.794E-139	3	13423	15376	857	44	0.429	9.324E-03	503	556	887	-14408	-14247	162	14426	14241
460281930	-1	497	8.794E-139	3	13423	15376	871	261	0.548	2.193E-73	560	802	887	-14169	-13423	747	14316	13381
462190497	-1	552	2.441E-155	3	13387	15917	834	126	0.427	1.255E-28	82	245	861	-15917	-15429	489	15986	15372
462190497	-1	552	2.441E-155	3	13387	15917	848	214	0.475	8.191E-58	242	467	861	-15376	-14645	732	15433	14633
462190497	-1	552	2.441E-155	3	13387	15917	871	257	0.496	6.893E-72	511	783	861	-14220	-13387	834	14316	13381
462557357	-1	133	3.305E-29	3	13101	15923	834	128	0.426	2.625E-29	142	308	936	-15923	-15429	495	15986	15372
462557357	-1	133	3.305E-29	3	13101	15923	848	197	0.448	4.259E-52	305	528	936	-15376	-14648	729	15433	14633
462557357	-1	133	3.305E-29	3	13101	15923	876	129	0.715	9.988E-32	848	935	936	-13364	-13101	264	13385	13101
462590814	-1	682	1.793E-194	4	13101	15938	834	140	0.422	2.177E-33	53	237	851	-15938	-15393	546	15986	15372
462590814	-1	682	1.793E-194	4	13101	15938	848	224	0.500	1.719E-61	229	448	851	-15364	-14645	720	15433	14633
462590814	-1	682	1.793E-194	4	13101	15938	871	266	0.553	3.725E-75	516	766	851	-14169	-13423	747	14316	13381
462590814	-1	682	1.793E-194	4	13101	15938	876	128	0.707	3.543E-31	763	850	851	-13364	-13101	264	13385	13101
 