1341	-1	423	1.661E-116	1	49	1863	910	423	0.396	2.431E-124	146	769	774	-1863	-49	1815	1875	46
768160	-1	450	1.238E-124	1	193	1863	910	450	0.443	1.530E-133	132	700	757	-1863	-193	1671	1875	46
791978	-1	447	9.901E-124	1	70	1863	910	447	0.420	1.853E-132	132	738	757	-1863	-70	1794	1875	46
806582	-1	431	6.489E-119	1	193	1863	910	431	0.429	6.552E-127	131	698	755	-1863	-193	1671	1875	46
834700	1	403	1.742E-110	2	7847	9413	170	53	0.935	4.698E-06	0	25	552	7847	7924	78	7790	7960
834700	1	403	1.742E-110	2	7847	9413	192	367	0.458	1.531E-107	44	486	552	8106	9413	1308	8082	9425
860899	-1	358	6.129E-97	1	9898	11376	712	358	0.415	8.724E-102	155	640	740	-11376	-9898	1479	11628	9763
875696	-1	346	2.510E-93	1	9940	11379	712	346	0.413	6.835E-98	151	608	635	-11379	-9940	1440	11628	9763
895878	-1	265	6.070E-69	1	9940	10875	712	265	0.466	1.484E-70	217	507	533	-10875	-9940	936	11628	9763
925406	1	202	5.598E-50	1	8580	9386	192	202	0.423	3.711E-51	0	261	268	8580	9386	807	8082	9425
943127	1	394	8.918E-108	3	7847	9685	170	48	0.849	2.989E-04	0	25	545	7847	7924	78	7790	7960
943127	1	394	8.918E-108	3	7847	9685	192	320	0.425	1.571E-91	53	476	545	8133	9410	1278	8082	9425
943127	1	394	8.918E-108	3	7847	9685	196	66	0.610	9.812E-10	492	544	545	9527	9685	159	9404	9685
1057818	-1	172	6.011E-41	1	73	819	910	172	0.383	8.365E-40	29	290	320	-819	-73	747	1875	46
1151976	1	209	4.374E-52	2	8796	9679	192	162	0.442	6.260E-38	3	202	271	8796	9404	609	8082	9425
1151976	1	209	4.374E-52	2	8796	9679	196	48	0.376	1.534E-03	201	268	271	9467	9679	213	9404	9685
1204920	1	338	6.426E-91	1	8103	9377	192	338	0.429	1.702E-97	48	491	574	8103	9377	1275	8082	9425
1239742	1	406	2.177E-111	3	7847	9679	170	53	0.922	8.897E-06	0	25	541	7847	7924	78	7790	7960
1239742	1	406	2.177E-111	3	7847	9679	192	315	0.421	1.237E-89	38	462	541	8103	9377	1275	8082	9425
1239742	1	406	2.177E-111	3	7847	9679	196	57	0.440	1.976E-06	472	539	541	9479	9679	201	9404	9685
1251296	1	593	1.110E-167	4	7853	9685	170	54	1.000	3.414E-06	1	24	573	7853	7924	72	7790	7960
1251296	1	593	1.110E-167	4	7853	9685	175	47	0.852	4.436E-04	24	48	573	7979	8053	75	7979	8098
1251296	1	593	1.110E-167	4	7853	9685	192	426	0.514	4.419E-128	52	494	573	8130	9389	1260	8082	9425
1251296	1	593	1.110E-167	4	7853	9685	196	76	0.563	2.584E-13	505	572	573	9482	9685	204	9404	9685
1258783	-1	304	1.104E-80	1	10174	11388	712	304	0.424	1.928E-83	171	571	572	-11388	-10174	1215	11628	9763
1303246	-1	366	2.394E-99	1	9904	11613	712	366	0.380	9.623E-105	80	591	606	-11613	-9904	1710	11628	9763
1470773	-1	441	6.337E-122	1	49	1863	910	441	0.409	1.988E-130	152	773	776	-1863	-49	1815	1875	46
1535667	-1	436	2.028E-120	1	49	1863	910	436	0.406	8.363E-129	136	755	765	-1863	-49	1815	1875	46
1570439	-1	415	4.253E-114	1	55	1863	910	415	0.387	2.288E-121	145	774	789	-1863	-55	1809	1875	46
1600510	-1	441	6.337E-122	1	193	1863	910	441	0.434	1.456E-130	145	717	756	-1863	-193	1671	1875	46
1731639	-1	423	1.661E-116	1	154	1863	910	423	0.412	3.319E-124	137	725	768	-1863	-154	1710	1875	46
1839973	-1	413	1.701E-113	1	49	1863	910	413	0.390	7.941E-121	162	783	788	-1863	-49	1815	1875	46
1892998	-1	586	1.421E-165	1	49	1863	910	586	0.508	2.991E-180	77	695	722	-1863	-49	1815	1875	46
1919823	-1	688	2.802E-196	2	49	2318	879	117	0.559	1.498E-25	22	124	776	-2318	-1998	321	2480	1875
1919823	-1	688	2.802E-196	2	49	2318	910	575	0.500	1.928E-176	130	749	776	-1863	-49	1815	1875	46
1935393	-1	453	1.547E-125	1	49	1863	910	453	0.415	1.263E-134	150	775	776	-1863	-49	1815	1875	46
2017587	-1	535	3.199E-150	2	67	2315	879	83	0.448	4.559E-14	45	144	781	-2315	-2016	300	2480	1875
2017587	-1	535	3.199E-150	2	67	2315	910	462	0.425	9.677E-138	156	772	781	-1863	-67	1797	1875	46
4822945	-1	350	1.569E-94	1	73	1836	910	350	0.317	2.129E-99	143	855	888	-1836	-73	1764	1875	46
6943913	-1	876	7.142E-253	2	49	2315	879	154	0.695	2.408E-38	28	133	758	-2315	-1989	327	2480	1875
6943913	-1	876	7.142E-253	2	49	2315	910	722	0.598	2.965E-227	133	755	758	-1872	-49	1824	1875	46
6999851	-1	357	1.226E-96	1	9901	11370	712	357	0.416	1.189E-101	153	619	633	-11370	-9901	1470	11628	9763
7021028	-1	951	1.891E-275	1	49	1872	910	951	0.762	1.924E-306	7	619	621	-1872	-49	1824	1875	46
7049371	-1	432	3.245E-119	1	49	1863	910	432	0.401	1.885E-127	148	773	776	-1863	-49	1815	1875	46
7622644	-1	367	1.197E-99	1	9907	11376	712	367	0.425	5.180E-105	163	642	655	-11376	-9907	1470	11628	9763
8101312	-1	302	4.416E-80	1	9904	11382	712	302	0.368	4.843E-83	159	573	583	-11382	-9904	1479	11628	9763
8813819	-1	450	1.238E-124	1	196	1863	910	450	0.442	1.530E-133	160	729	781	-1863	-196	1668	1875	46
8966261	-1	367	1.197E-99	1	9946	11376	712	367	0.433	7.060E-105	162	627	653	-11376	-9946	1431	11628	9763
9228026	-1	452	3.094E-125	1	49	1863	910	452	0.414	4.397E-134	163	787	790	-1863	-49	1815	1875	46
9719228	-1	348	6.276E-94	1	9904	11376	712	348	0.408	1.986E-98	149	611	612	-11376	-9904	1473	11628	9763
9905069	1	212	5.467E-53	1	8097	9383	192	212	0.303	1.267E-54	40	499	585	8097	9383	1287	8082	9425
9963671	1	216	3.417E-54	1	8133	9398	192	216	0.324	4.299E-56	56	478	552	8133	9398	1266	8082	9425
10199325	-1	279	3.705E-73	1	9940	11451	712	279	0.342	4.642E-75	153	648	676	-11451	-9940	1512	11628	9763
11315064	1	379	2.922E-103	2	8127	9685	192	332	0.436	9.866E-96	51	474	543	8127	9410	1284	8082	9425
11315064	1	379	2.922E-103	2	8127	9685	196	61	0.566	8.302E-08	490	542	543	9527	9685	159	9404	9685
11970825	1	316	2.695E-84	1	8103	9383	192	316	0.416	6.632E-90	25	457	536	8103	9383	1281	8082	9425
12063943	-1	306	2.760E-81	1	9907	11382	712	306	0.372	2.246E-84	159	574	583	-11382	-9907	1476	11628	9763
12187693	1	209	4.374E-52	1	8100	9422	192	209	0.294	1.481E-53	42	517	580	8100	9422	1323	8082	9425
12286871	1	413	1.701E-113	3	7844	9685	170	48	0.821	2.989E-04	0	26	543	7844	7924	81	7790	7960
12286871	1	413	1.701E-113	3	7844	9685	192	317	0.416	1.905E-90	37	469	543	8097	9398	1302	8082	9425
12286871	1	413	1.701E-113	3	7844	9685	196	56	0.417	3.725E-06	471	542	543	9470	9685	216	9404	9685
12376393	1	301	8.832E-80	1	8139	9383	192	301	0.414	9.234E-85	18	431	510	8139	9383	1245	8082	9425
12550419	-1	289	3.618E-76	1	9913	10836	712	289	0.503	1.632E-78	281	587	606	-10836	-9913	924	11628	9763
13345456	-1	357	1.226E-96	1	9907	11379	712	357	0.415	2.207E-101	166	651	664	-11379	-9907	1473	11628	9763
13534554	-1	332	4.113E-89	1	9898	11535	712	332	0.365	6.240E-93	125	632	646	-11535	-9898	1638	11628	9763
14011398	-1	351	7.845E-95	1	9898	11439	712	351	0.397	1.230E-99	132	610	624	-11439	-9898	1542	11628	9763
15310038	-1	366	2.394E-99	1	9904	11442	712	366	0.410	9.623E-105	128	629	639	-11442	-9904	1539	11628	9763
15418219	-1	340	1.607E-91	1	9898	11376	712	340	0.400	7.028E-96	152	638	648	-11376	-9898	1479	11628	9763
15477124	-1	433	1.622E-119	1	193	1863	910	433	0.431	1.011E-127	131	698	755	-1863	-193	1671	1875	46
15485308	1	356	2.451E-96	2	8130	9679	192	315	0.424	9.060E-90	51	469	543	8130	9392	1263	8082	9425
15485308	1	356	2.451E-96	2	8130	9679	196	44	0.363	3.637E-02	474	541	543	9479	9679	201	9404	9685
15512928	1	316	2.695E-84	1	8103	9383	192	316	0.416	6.632E-90	38	470	549	8103	9383	1281	8082	9425
15513422	-1	458	4.835E-127	1	193	1863	910	458	0.449	2.992E-136	132	700	757	-1863	-193	1671	1875	46
15515982	1	314	1.078E-83	1	8130	9389	192	314	0.419	1.690E-89	52	477	553	8130	9389	1260	8082	9425
15518602	-1	353	1.961E-95	1	9925	11451	712	353	0.402	2.620E-100	126	615	636	-11451	-9925	1527	11628	9763
15564693	1	477	9.221E-133	2	8166	9685	192	409	0.510	5.903E-122	1	428	507	8166	9389	1224	8082	9425
15564693	1	477	9.221E-133	2	8166	9685	196	77	0.566	1.882E-13	439	506	507	9482	9685	204	9404	9685
15567483	-1	398	5.574E-109	1	9898	11595	712	398	0.406	1.616E-115	106	641	652	-11595	-9898	1698	11628	9763
15601976	1	403	1.742E-110	2	8103	9676	192	358	0.450	2.038E-104	47	488	570	8103	9380	1278	8082	9425
15601976	1	403	1.742E-110	2	8103	9676	196	57	0.455	1.976E-06	502	566	570	9482	9676	195	9404	9685
15624898	1	571	4.656E-161	3	7844	9685	170	60	1.000	2.853E-08	0	26	568	7844	7924	81	7790	7960
15624898	1	571	4.656E-161	3	7844	9685	192	446	0.521	6.840E-135	40	495	568	8103	9404	1302	8082	9425
15624898	1	571	4.656E-161	3	7844	9685	196	80	0.586	1.491E-14	500	567	568	9482	9685	204	9404	9685
15634926	-1	317	1.348E-84	1	9904	10839	712	317	0.536	4.093E-88	226	517	537	-10839	-9904	936	11628	9763
15697484	-1	333	2.056E-89	1	9898	11607	712	333	0.356	1.817E-93	83	556	567	-11607	-9898	1710	11628	9763
15712626	1	376	2.338E-102	2	8115	9682	192	324	0.433	6.934E-93	2	415	494	8115	9377	1263	8082	9425
15712626	1	376	2.338E-102	2	8115	9682	196	60	0.455	1.565E-07	425	493	494	9479	9682	204	9404	9685
15740752	-1	361	7.661E-98	1	9898	11376	712	361	0.418	7.338E-103	152	636	650	-11376	-9898	1479	11628	9763
15757303	1	197	1.791E-48	2	8754	9685	192	139	0.390	2.282E-30	0	199	282	8754	9371	618	8082	9425
15757303	1	197	1.791E-48	2	8754	9685	196	69	0.505	1.067E-10	212	281	282	9476	9685	210	9404	9685
15824829	-1	364	9.576E-99	1	9916	11376	712	364	0.421	6.168E-104	188	678	700	-11376	-9916	1461	11628	9763
15841313	1	344	1.004E-92	2	8130	9679	192	305	0.414	2.197E-86	51	467	541	8130	9392	1263	8082	9425
15841313	1	344	1.004E-92	2	8130	9679	196	42	0.346	3.331E-01	472	539	541	9479	9679	201	9404	9685
15847339	1	342	4.017E-92	2	7847	9404	170	52	0.908	1.685E-05	0	25	499	7847	7924	78	7790	7960
15847339	1	342	4.017E-92	2	7847	9404	192	289	0.397	5.639E-81	26	427	499	8136	9404	1269	8082	9425
16082561	-1	414	8.505E-114	1	49	1863	910	414	0.392	3.123E-121	145	762	772	-1863	-49	1815	1875	46
16110384	-1	415	4.253E-114	1	55	1863	910	415	0.387	2.288E-121	145	774	782	-1863	-55	1809	1875	46
16139630	-1	409	2.722E-112	1	49	1863	910	409	0.382	1.781E-119	109	742	747	-1863	-49	1815	1875	46
16254860	-1	525	3.276E-147	2	49	2315	879	90	0.477	2.363E-16	33	132	767	-2315	-2016	300	2480	1875
16254860	-1	525	3.276E-147	2	49	2315	910	445	0.411	1.203E-131	144	764	767	-1863	-49	1815	1875	46
16360323	-1	422	3.322E-116	1	193	1863	910	422	0.422	6.186E-124	150	718	777	-1863	-193	1671	1875	46
16477948	-1	408	5.443E-112	1	49	1863	910	408	0.387	3.318E-119	143	763	773	-1863	-49	1815	1875	46
16487713	-1	403	1.742E-110	1	49	1863	910	403	0.388	2.579E-117	146	755	760	-1863	-49	1815	1875	46
16551497	-1	530	1.024E-148	1	49	1863	910	530	0.479	4.439E-161	70	666	930	-1863	-49	1815	1875	46
16562244	-1	460	1.209E-127	1	67	1863	910	460	0.425	4.604E-137	148	762	771	-1863	-67	1797	1875	46
16992571	-1	294	1.131E-77	1	79	1836	910	294	0.321	2.962E-80	113	680	707	-1836	-79	1758	1875	46
19527164	-1	321	8.423E-86	1	109	1836	910	321	0.345	1.319E-89	147	704	746	-1836	-109	1728	1875	46
20912424	-1	297	1.413E-78	1	9907	11460	712	297	0.351	3.554E-81	155	665	677	-11460	-9907	1554	11628	9763
21529598	-1	284	1.158E-74	1	9940	11370	712	284	0.360	1.184E-76	193	650	679	-11370	-9940	1431	11628	9763
22413538	-1	348	6.276E-94	1	9919	11379	712	348	0.410	1.986E-98	160	624	646	-11379	-9919	1461	11628	9763
22420902	1	619	1.654E-175	4	7853	9685	170	55	1.000	1.803E-06	1	24	562	7853	7924	72	7790	7960
22420902	1	619	1.654E-175	4	7853	9685	175	47	0.859	3.221E-04	24	48	562	7979	8053	75	7979	8098
22420902	1	619	1.654E-175	4	7853	9685	192	449	0.533	1.041E-135	43	487	562	8118	9395	1278	8082	9425
22420902	1	619	1.654E-175	4	7853	9685	196	77	0.568	1.371E-13	494	561	562	9482	9685	204	9404	9685
22594587	-1	348	6.276E-94	1	9901	11370	712	348	0.409	1.458E-98	151	617	627	-11370	-9901	1470	11628	9763
22901553	1	379	2.922E-103	2	8115	9682	192	328	0.437	3.059E-94	2	415	494	8115	9377	1263	8082	9425
22901553	1	379	2.922E-103	2	8115	9682	196	59	0.450	2.950E-07	425	493	494	9479	9682	204	9404	9685
23323946	1	394	8.918E-108	3	7847	9679	170	50	0.875	8.323E-05	0	25	541	7847	7924	78	7790	7960
23323946	1	394	8.918E-108	3	7847	9679	192	306	0.412	1.608E-86	38	462	541	8103	9377	1275	8082	9425
23323946	1	394	8.918E-108	3	7847	9679	196	57	0.440	1.976E-06	472	539	541	9479	9679	201	9404	9685
23390397	-1	356	2.451E-96	1	9898	11376	712	356	0.413	3.007E-101	151	621	635	-11376	-9898	1479	11628	9763
23391191	-1	364	9.576E-99	1	9898	11376	712	364	0.421	4.526E-104	154	623	637	-11376	-9898	1479	11628	9763
24264604	-1	315	5.391E-84	1	9898	11469	712	315	0.363	2.594E-87	133	654	669	-11469	-9898	1572	11628	9763
24568009	-1	334	1.028E-89	1	9916	11370	712	334	0.400	7.202E-94	53	486	506	-11370	-9916	1455	11628	9763
24653700	1	369	2.993E-100	2	7847	9389	170	51	0.889	4.393E-05	0	25	533	7847	7924	78	7790	7960
24653700	1	369	2.993E-100	2	7847	9389	192	329	0.432	1.199E-94	38	465	533	8103	9389	1287	8082	9425
24657500	1	354	9.806E-96	2	7844	9398	170	48	0.821	2.989E-04	0	26	487	7844	7924	81	7790	7960
24657500	1	354	9.806E-96	2	7844	9398	192	315	0.415	9.060E-90	37	469	487	8097	9398	1302	8082	9425
24713524	1	558	3.814E-157	4	7844	9676	170	49	0.833	1.577E-04	0	26	560	7844	7924	81	7790	7960
24713524	1	558	3.814E-157	4	7844	9676	175	36	0.570	2.563E+00	26	55	560	7979	8065	87	7979	8098
24713524	1	558	3.814E-157	4	7844	9676	192	425	0.512	1.132E-127	41	484	560	8103	9392	1290	8082	9425
24713524	1	558	3.814E-157	4	7844	9676	196	66	0.514	7.146E-10	491	556	560	9479	9676	198	9404	9685
24923359	1	418	5.316E-115	3	7847	9679	170	51	0.889	4.393E-05	0	25	544	7847	7924	78	7790	7960
24923359	1	418	5.316E-115	3	7847	9679	192	329	0.432	1.199E-94	38	465	544	8103	9389	1287	8082	9425
24923359	1	418	5.316E-115	3	7847	9679	196	57	0.442	1.439E-06	475	542	544	9479	9679	201	9404	9685
25236935	1	607	6.775E-172	4	7856	9685	170	52	1.000	1.224E-05	2	24	561	7856	7924	69	7790	7960
25236935	1	607	6.775E-172	4	7856	9685	175	47	0.859	3.221E-04	24	48	561	7979	8053	75	7979	8098
25236935	1	607	6.775E-172	4	7856	9685	192	451	0.548	2.169E-136	51	482	561	8127	9389	1263	8082	9425
25236935	1	607	6.775E-172	4	7856	9685	196	70	0.550	4.121E-11	497	560	561	9494	9685	192	9404	9685
25543218	-1	420	1.329E-115	1	49	1863	910	420	0.396	4.004E-123	138	755	766	-1863	-49	1815	1875	46
25858601	1	463	1.511E-128	4	7847	9679	170	57	0.988	3.658E-07	0	25	549	7847	7924	78	7790	7960
25858601	1	463	1.511E-128	4	7847	9679	175	36	0.637	3.536E+00	25	49	549	7979	8056	78	7979	8098
25858601	1	463	1.511E-128	4	7847	9679	192	337	0.439	2.326E-97	42	471	549	8103	9377	1275	8082	9425
25858601	1	463	1.511E-128	4	7847	9679	196	52	0.429	8.860E-05	486	546	549	9488	9679	192	9404	9685
27674942	-1	307	1.380E-81	1	9940	11613	712	307	0.342	1.215E-84	104	582	607	-11613	-9940	1674	11628	9763
27981368	1	302	4.416E-80	1	8130	9383	192	302	0.413	3.627E-85	1	417	496	8130	9383	1254	8082	9425
28148760	-1	396	2.230E-108	1	9898	11628	712	396	0.399	7.632E-115	89	651	661	-11628	-9898	1731	11628	9763
28901568	-1	313	2.156E-83	1	9898	11460	712	313	0.363	1.207E-86	154	667	681	-11460	-9898	1563	11628	9763
29068040	1	359	3.064E-97	2	8103	9679	192	314	0.424	3.154E-89	41	459	543	8103	9341	1239	8082	9425
29068040	1	359	3.064E-97	2	8103	9679	196	59	0.465	2.950E-07	475	540	543	9482	9679	198	9404	9685
29884300	1	362	3.830E-98	2	8103	9673	192	318	0.416	7.473E-91	38	473	540	8103	9410	1308	8082	9425
29884300	1	362	3.830E-98	2	8103	9673	196	46	0.384	7.471E-03	471	536	540	9479	9673	195	9404	9685
29891845	1	589	1.776E-166	4	7853	9685	170	54	1.000	3.414E-06	1	24	573	7853	7924	72	7790	7960
29891845	1	589	1.776E-166	4	7853	9685	175	47	0.852	4.436E-04	24	48	573	7979	8053	75	7979	8098
29891845	1	589	1.776E-166	4	7853	9685	192	422	0.510	1.902E-126	52	494	573	8130	9389	1260	8082	9425
29891845	1	589	1.776E-166	4	7853	9685	196	76	0.563	2.584E-13	505	572	573	9482	9685	204	9404	9685
30024298	-1	287	1.447E-75	1	9937	11388	712	287	0.359	5.553E-78	152	580	595	-11388	-9937	1452	11628	9763
30031807	-1	370	1.496E-100	1	9898	11376	712	370	0.425	5.925E-106	152	614	673	-11376	-9898	1479	11628	9763
30039397	1	339	3.213E-91	1	8103	9398	192	339	0.425	4.880E-98	48	499	573	8103	9398	1296	8082	9425
30049247	-1	358	6.129E-97	1	73	1665	910	358	0.387	5.945E-102	19	561	579	-1665	-73	1593	1875	46
30052987	-1	259	3.885E-67	1	9898	10839	712	259	0.454	2.619E-68	276	570	583	-10839	-9898	942	11628	9763
30059104	-1	288	7.235E-76	1	9898	11376	712	288	0.356	3.010E-78	218	694	705	-11376	-9898	1479	11628	9763
30067874	-1	237	1.629E-60	1	9934	10566	712	237	0.575	6.141E-61	11	222	250	-10566	-9934	633	11628	9763
30127875	1	414	8.505E-114	2	8103	9676	192	364	0.445	1.870E-106	48	503	574	8103	9407	1305	8082	9425
30127875	1	414	8.505E-114	2	8103	9676	196	51	0.403	1.216E-04	502	570	574	9470	9676	207	9404	9685
30235536	1	337	1.285E-90	1	8118	9380	192	337	0.429	2.326E-97	49	492	574	8118	9380	1263	8082	9425
30239562	-1	382	3.653E-104	2	9898	11976	684	38	0.267	1.015E+01	25	89	654	-11976	-11695	282	12000	11632
30239562	-1	382	3.653E-104	2	9898	11976	712	365	0.399	3.321E-104	112	641	654	-11442	-9898	1545	11628	9763
30261667	-1	340	1.607E-91	1	9898	11376	712	340	0.399	1.303E-95	161	644	658	-11376	-9898	1479	11628	9763
30301835	-1	340	1.607E-91	1	9901	11436	712	340	0.389	9.571E-96	124	615	627	-11436	-9901	1536	11628	9763
30304613	1	419	2.658E-115	3	7853	9341	170	57	1.000	2.659E-07	2	25	555	7853	7924	72	7790	7960
30304613	1	419	2.658E-115	3	7853	9341	175	33	0.498	3.374E+01	25	55	555	7979	8074	96	7979	8098
30304613	1	419	2.658E-115	3	7853	9341	192	342	0.450	4.009E-99	42	464	555	8103	9341	1239	8082	9425
30314981	-1	353	1.961E-95	1	9898	11607	712	353	0.371	2.620E-100	87	614	627	-11607	-9898	1710	11628	9763
30315445	1	451	6.188E-125	3	7853	9667	170	51	0.956	4.393E-05	2	25	553	7853	7924	72	7790	7960
30315445	1	451	6.188E-125	3	7853	9667	192	368	0.469	5.990E-108	53	482	553	8133	9407	1275	8082	9425
30315445	1	451	6.188E-125	3	7853	9667	196	57	0.463	1.439E-06	483	546	553	9476	9667	192	9404	9685
30350131	1	445	3.961E-123	4	7847	9679	170	53	0.922	8.897E-06	0	25	541	7847	7924	78	7790	7960
30350131	1	445	3.961E-123	4	7847	9679	175	33	0.498	3.374E+01	25	55	541	7979	8074	96	7979	8098
30350131	1	445	3.961E-123	4	7847	9679	192	313	0.425	5.884E-89	52	462	541	8130	9377	1248	8082	9425
30350131	1	445	3.961E-123	4	7847	9679	196	56	0.435	3.725E-06	472	539	541	9479	9679	201	9404	9685
30361092	-1	368	5.985E-100	1	9898	11379	712	368	0.423	3.800E-105	162	648	661	-11379	-9898	1482	11628	9763
30378785	-1	344	1.004E-92	1	9916	11541	712	344	0.369	5.942E-97	136	692	713	-11541	-9916	1626	11628	9763
30597213	-1	452	3.094E-125	1	49	1872	910	452	0.414	4.397E-134	142	766	770	-1872	-49	1824	1875	46
30619769	-1	404	8.709E-111	1	49	1863	910	404	0.384	7.436E-118	139	759	769	-1863	-49	1815	1875	46
30633015	-1	376	2.338E-102	1	67	1863	910	376	0.374	3.824E-108	155	704	713	-1863	-67	1797	1875	46
30741966	-1	457	9.669E-127	1	49	1863	910	457	0.420	7.628E-136	153	773	776	-1863	-49	1815	1875	46
30818791	-1	421	6.645E-116	1	49	1863	910	421	0.394	1.153E-123	141	765	768	-1863	-49	1815	1875	46
30820695	-1	298	7.066E-79	1	679	1863	910	298	0.426	1.012E-81	141	526	552	-1863	-679	1185	1875	46
30856349	-1	423	1.661E-116	1	49	1863	910	423	0.396	2.431E-124	146	768	773	-1863	-49	1815	1875	46
30895913	-1	424	8.306E-117	1	49	1863	910	424	0.398	9.554E-125	142	762	772	-1863	-49	1815	1875	46
30970471	-1	254	1.243E-65	1	49	1440	910	254	0.338	1.019E-66	0	466	476	-1440	-49	1392	1875	46
31023323	-1	524	6.552E-147	2	49	2315	879	91	0.480	1.271E-16	34	133	768	-2315	-2016	300	2480	1875
31023323	-1	524	6.552E-147	2	49	2315	910	443	0.411	3.064E-131	145	765	768	-1863	-49	1815	1875	46
32223324	-1	319	3.369E-85	1	73	1872	910	319	0.294	6.158E-89	124	857	883	-1872	-73	1800	1875	46
35060160	-1	364	9.576E-99	1	73	1836	910	364	0.325	4.186E-104	135	849	884	-1836	-73	1764	1875	46
36712905	1	422	3.322E-116	3	7847	9685	170	51	0.889	4.393E-05	0	25	544	7847	7924	78	7790	7960
36712905	1	422	3.322E-116	3	7847	9685	192	335	0.446	1.109E-96	51	467	544	8127	9383	1257	8082	9425
36712905	1	422	3.322E-116	3	7847	9685	196	66	0.416	7.146E-10	461	543	544	9425	9685	261	9404	9685
36818795	-1	290	1.809E-76	1	9907	11400	712	290	0.355	6.511E-79	138	565	568	-11400	-9907	1494	11628	9763
37802699	1	644	4.929E-183	4	7853	9685	170	55	1.000	1.803E-06	1	24	563	7853	7924	72	7790	7960
37802699	1	644	4.929E-183	4	7853	9685	175	48	0.866	2.339E-04	24	48	563	7979	8053	75	7979	8098
37802699	1	644	4.929E-183	4	7853	9685	192	471	0.553	1.775E-143	43	488	563	8118	9395	1278	8082	9425
37802699	1	644	4.929E-183	4	7853	9685	196	79	0.583	2.047E-14	495	562	563	9482	9685	204	9404	9685
37899768	-1	363	1.915E-98	1	9898	11376	712	363	0.420	1.146E-103	152	614	628	-11376	-9898	1479	11628	9763
38163981	-1	300	1.766E-79	1	9898	11394	712	300	0.362	4.151E-82	182	669	684	-11394	-9898	1497	11628	9763
38186967	1	206	3.499E-51	1	8094	9413	192	206	0.294	1.727E-52	41	508	591	8094	9413	1320	8082	9425
38622051	-1	310	1.725E-82	1	9898	11451	712	310	0.361	1.922E-85	155	658	672	-11451	-9898	1554	11628	9763
39400430	-1	424	8.306E-117	1	49	1863	910	424	0.396	9.554E-125	147	770	775	-1863	-49	1815	1875	46
39543510	-1	358	6.129E-97	1	9919	11370	712	358	0.421	6.402E-102	167	614	635	-11370	-9919	1452	11628	9763
39717915	1	268	7.587E-70	2	7979	9383	175	33	0.498	3.374E+01	26	57	550	7979	8074	96	7979	8098
39717915	1	268	7.587E-70	2	7979	9383	192	238	0.348	2.512E-63	54	471	550	8130	9383	1254	8082	9425
39755673	-1	343	2.008E-92	1	9898	11421	712	343	0.394	1.102E-96	135	614	626	-11421	-9898	1524	11628	9763
39974202	-1	298	7.066E-79	1	9940	11553	712	298	0.343	1.416E-81	174	640	665	-11553	-9940	1614	11628	9763
40222607	1	395	4.459E-108	3	7847	9679	170	51	0.895	3.192E-05	0	25	541	7847	7924	78	7790	7960
40222607	1	395	4.459E-108	3	7847	9679	192	306	0.412	1.178E-86	38	462	541	8103	9377	1275	8082	9425
40222607	1	395	4.459E-108	3	7847	9679	196	57	0.440	1.976E-06	472	539	541	9479	9679	201	9404	9685
40274939	-1	322	4.212E-86	1	73	1836	910	322	0.341	7.118E-90	147	716	746	-1836	-73	1764	1875	46
40464125	1	365	4.788E-99	2	7847	9383	170	54	0.948	2.481E-06	0	25	535	7847	7924	78	7790	7960
40464125	1	365	4.788E-99	2	7847	9383	192	322	0.427	3.301E-92	38	459	535	8103	9383	1281	8082	9425
40569795	-1	304	1.104E-80	1	9898	11451	712	304	0.356	1.928E-83	158	668	683	-11451	-9898	1554	11628	9763
40853940	1	208	8.747E-52	1	8094	9401	192	208	0.297	2.737E-53	73	538	608	8094	9401	1308	8082	9425
42099700	1	586	1.421E-165	4	7853	9685	170	55	1.000	1.311E-06	1	24	557	7853	7924	72	7790	7960
42099700	1	586	1.421E-165	4	7853	9685	175	34	0.631	1.282E+01	24	48	557	7979	8053	75	7979	8098
42099700	1	586	1.421E-165	4	7853	9685	192	445	0.534	1.753E-134	43	483	557	8118	9398	1281	8082	9425
42099700	1	586	1.421E-165	4	7853	9685	196	60	0.460	1.565E-07	489	556	557	9482	9685	204	9404	9685
42430759	1	370	1.496E-100	2	8130	9685	192	313	0.420	5.884E-89	6	422	496	8130	9398	1269	8082	9425
42430759	1	370	1.496E-100	2	8130	9685	196	56	0.417	3.725E-06	424	495	496	9470	9685	216	9404	9685
42498592	-1	365	4.788E-99	1	9898	11415	712	365	0.413	3.321E-104	147	623	637	-11415	-9898	1518	11628	9763
42853565	-1	73	3.810E-11	1	4888	5151	817	73	0.445	9.143E-11	69	153	171	-5151	-4888	264	5418	4858
42998479	-1	419	2.658E-115	1	49	1863	910	419	0.394	1.019E-122	138	757	768	-1863	-49	1815	1875	46
44448768	-1	459	2.417E-127	1	73	1872	910	459	0.426	1.604E-136	128	738	756	-1872	-73	1800	1875	46
44484178	1	407	1.089E-111	3	7853	9685	170	49	0.934	1.146E-04	2	25	543	7853	7924	72	7790	7960
44484178	1	407	1.089E-111	3	7853	9685	192	326	0.436	1.457E-93	51	466	543	8127	9383	1257	8082	9425
44484178	1	407	1.089E-111	3	7853	9685	196	63	0.482	9.026E-09	475	542	543	9482	9685	204	9404	9685
44508516	1	56	4.994E-06	1	10139	10333	208	56	0.453	1.037E-06	21	77	78	10139	10333	195	10130	10345
44509411	-1	364	9.576E-99	1	9916	11541	712	364	0.393	4.526E-104	135	672	694	-11541	-9916	1626	11628	9763
44513244	-1	321	8.423E-86	1	9940	11382	712	321	0.390	2.563E-89	159	548	574	-11382	-9940	1443	11628	9763
44552319	1	414	8.505E-114	3	7979	9676	175	33	0.493	4.659E+01	25	55	538	7979	8074	96	7979	8098
44552319	1	414	8.505E-114	3	7979	9676	192	347	0.449	9.433E-101	42	465	538	8103	9389	1287	8082	9425
44552319	1	414	8.505E-114	3	7979	9676	196	53	0.432	3.424E-05	473	537	538	9482	9676	195	9404	9685
44567879	-1	288	7.235E-76	1	9937	11391	712	288	0.359	4.089E-78	151	580	595	-11391	-9937	1455	11628	9763
44584164	1	422	3.322E-116	3	7844	9679	170	52	0.878	1.685E-05	0	26	553	7844	7924	81	7790	7960
44584164	1	422	3.322E-116	3	7844	9679	192	342	0.441	5.480E-99	52	485	553	8127	9407	1281	8082	9425
44584164	1	422	3.322E-116	3	7844	9679	196	53	0.427	3.424E-05	488	550	553	9482	9679	198	9404	9685
44588554	-1	259	3.885E-67	1	73	1302	910	259	0.369	1.438E-68	1	420	589	-1302	-73	1230	1875	46
44648810	-1	451	6.188E-125	1	9898	11388	712	451	0.491	1.728E-133	168	636	647	-11388	-9898	1491	11628	9763
44669855	1	414	8.505E-114	2	8103	9676	192	364	0.445	1.870E-106	183	638	709	8103	9407	1305	8082	9425
44669855	1	414	8.505E-114	2	8103	9676	196	51	0.403	1.216E-04	637	705	709	9470	9676	207	9404	9685
44687758	1	411	6.804E-113	3	7847	9685	170	51	0.889	4.393E-05	0	25	543	7847	7924	78	7790	7960
44687758	1	411	6.804E-113	3	7847	9685	192	326	0.435	1.990E-93	51	468	543	8127	9389	1263	8082	9425
44687758	1	411	6.804E-113	3	7847	9685	196	63	0.482	9.026E-09	475	542	543	9482	9685	204	9404	9685
44724129	1	173	3.006E-41	1	8091	9011	192	173	0.327	1.298E-41	35	367	371	8091	9011	921	8082	9425
44747378	1	253	2.486E-65	2	7844	8711	170	55	0.935	9.526E-07	0	26	286	7844	7924	81	7790	7960
44747378	1	253	2.486E-65	2	7844	8711	192	210	0.507	8.009E-54	40	259	286	8103	8711	609	8082	9425
44749070	1	417	1.063E-114	3	7847	9679	170	51	0.889	4.393E-05	0	25	538	7847	7924	78	7790	7960
44749070	1	417	1.063E-114	3	7847	9679	192	326	0.428	1.990E-93	38	464	538	8103	9392	1290	8082	9425
44749070	1	417	1.063E-114	3	7847	9679	196	54	0.423	1.817E-05	469	536	538	9479	9679	201	9404	9685
44783459	1	418	5.316E-115	3	7847	9685	170	48	0.849	2.989E-04	0	25	543	7847	7924	78	7790	7960
44783459	1	418	5.316E-115	3	7847	9685	192	331	0.441	4.700E-95	51	466	543	8127	9383	1257	8082	9425
44783459	1	418	5.316E-115	3	7847	9685	196	67	0.490	3.791E-10	472	542	543	9473	9685	213	9404	9685
44830770	-1	320	1.685E-85	1	9925	10941	712	320	0.499	6.456E-89	14	357	367	-10941	-9925	1017	11628	9763
44839844	1	262	4.856E-68	2	7853	9404	170	53	1.000	4.698E-06	10	33	579	7853	7924	72	7790	7960
44839844	1	262	4.856E-68	2	7853	9404	192	219	0.307	4.983E-57	45	510	579	8082	9404	1323	8082	9425
44860251	-1	290	1.809E-76	1	9916	11376	712	290	0.360	8.844E-79	171	638	658	-11376	-9916	1461	11628	9763
44892385	-1	353	1.961E-95	1	9901	11376	712	353	0.411	3.570E-100	144	608	624	-11376	-9901	1476	11628	9763
44910681	-1	359	3.064E-97	1	9907	11376	712	359	0.418	2.530E-102	163	639	652	-11376	-9907	1470	11628	9763
44928715	-1	303	2.208E-80	1	9898	11451	712	303	0.356	3.562E-83	155	601	612	-11451	-9898	1554	11628	9763
45152266	-1	425	4.153E-117	1	49	1863	910	425	0.397	6.998E-125	146	769	774	-1863	-49	1815	1875	46
45243091	-1	441	6.337E-122	1	49	1863	910	441	0.409	1.456E-130	146	766	769	-1863	-49	1815	1875	46
45259727	-1	93	3.633E-17	1	2016	2315	879	93	0.487	3.675E-17	50	149	155	-2315	-2016	300	2480	1875
45350334	-1	416	2.126E-114	1	49	1863	910	416	0.392	6.590E-122	146	767	772	-1863	-49	1815	1875	46
45365317	-1	452	3.094E-125	1	49	1863	910	452	0.414	2.357E-134	150	775	776	-1863	-49	1815	1875	46
45415127	-1	691	3.503E-197	2	49	2318	879	109	0.534	1.056E-22	35	135	790	-2318	-2004	315	2480	1875
45415127	-1	691	3.503E-197	2	49	2318	910	588	0.509	6.244E-181	143	762	790	-1863	-49	1815	1875	46
45424358	-1	526	1.638E-147	2	49	2315	879	93	0.488	2.694E-17	40	139	778	-2315	-2016	300	2480	1875
45424358	-1	526	1.638E-147	2	49	2315	910	443	0.409	3.064E-131	151	775	778	-1863	-49	1815	1875	46
45482438	-1	244	1.273E-62	1	49	1221	910	244	0.364	1.100E-63	0	402	405	-1221	-49	1173	1875	46
45487179	-1	437	1.014E-120	2	49	2291	879	84	0.479	3.347E-14	38	126	745	-2291	-2016	276	2480	1875
45487179	-1	437	1.014E-120	2	49	2291	910	361	0.357	3.661E-103	118	734	745	-1848	-49	1800	1875	46
45529224	-1	420	1.329E-115	1	49	1863	910	420	0.395	2.933E-123	142	762	772	-1863	-49	1815	1875	46
45564875	-1	546	1.562E-153	2	46	2318	879	93	0.469	3.675E-17	36	137	768	-2318	-2004	315	2480	1875
45564875	-1	546	1.562E-153	2	46	2318	910	459	0.421	1.174E-136	145	766	768	-1863	-46	1818	1875	46
45567213	-1	457	9.669E-127	1	67	1863	910	457	0.421	7.628E-136	162	780	789	-1863	-67	1797	1875	46
45619228	-1	411	6.804E-113	1	70	1863	910	411	0.390	2.756E-120	145	762	774	-1863	-70	1794	1875	46
45657552	-1	467	9.443E-130	1	49	1863	910	467	0.425	3.127E-139	152	774	775	-1863	-49	1815	1875	46
49842141	-1	314	1.078E-83	1	73	1872	910	314	0.291	3.379E-87	125	858	884	-1872	-73	1800	1875	46
50029618	-1	297	1.413E-78	1	9898	11370	712	297	0.364	4.830E-81	224	704	714	-11370	-9898	1473	11628	9763
50614632	1	371	7.481E-101	2	8097	9685	192	314	0.413	2.309E-89	37	469	543	8097	9398	1302	8082	9425
50614632	1	371	7.481E-101	2	8097	9685	196	56	0.417	3.725E-06	471	542	543	9470	9685	216	9404	9685
51393241	1	405	4.355E-111	3	7979	9679	175	37	0.679	1.347E+00	25	48	541	7979	8053	75	7979	8098
51393241	1	405	4.355E-111	3	7979	9679	192	336	0.441	4.345E-97	38	464	541	8103	9383	1281	8082	9425
51393241	1	405	4.355E-111	3	7979	9679	196	48	0.385	2.105E-03	472	539	541	9479	9679	201	9404	9685
51462351	-1	302	4.416E-80	1	9898	11460	712	302	0.353	8.948E-83	182	688	703	-11460	-9898	1563	11628	9763
52353287	1	417	1.063E-114	3	7847	9679	170	51	0.889	4.393E-05	0	25	536	7847	7924	78	7790	7960
52353287	1	417	1.063E-114	3	7847	9679	192	335	0.437	1.109E-96	38	462	536	8103	9392	1290	8082	9425
52353287	1	417	1.063E-114	3	7847	9679	196	45	0.366	2.650E-02	467	534	536	9479	9679	201	9404	9685
52380076	1	415	4.253E-114	2	8130	9676	192	361	0.460	1.670E-105	59	491	572	8130	9383	1254	8082	9425
52380076	1	415	4.253E-114	2	8130	9676	196	61	0.464	4.404E-08	500	568	572	9470	9676	207	9404	9685
53522010	1	400	1.394E-109	3	7847	9679	170	49	0.869	1.146E-04	0	25	540	7847	7924	78	7790	7960
53522010	1	400	1.394E-109	3	7847	9679	192	325	0.435	5.076E-93	54	466	540	8136	9392	1257	8082	9425
53522010	1	400	1.394E-109	3	7847	9679	196	56	0.437	2.713E-06	471	538	540	9479	9679	201	9404	9685
53542577	1	1061	1.456E-308	4	7844	9685	170	66	1.000	2.397E-10	0	26	550	7844	7924	81	7790	7960
53542577	1	1061	1.456E-308	4	7844	9685	175	53	0.835	3.667E-06	26	54	550	7979	8065	87	7979	8098
53542577	1	1061	1.456E-308	4	7844	9685	192	818	0.914	2.006E-263	54	480	550	8130	9410	1281	8082	9425
53542577	1	1061	1.456E-308	4	7844	9685	196	124	0.833	4.251E-30	479	549	550	9473	9685	213	9404	9685
54397636	-1	349	3.138E-94	1	9916	11400	712	349	0.406	7.857E-99	167	660	682	-11400	-9916	1485	11628	9763
54415149	-1	397	1.115E-108	1	49	1854	910	397	0.382	2.730E-115	1	615	623	-1854	-49	1806	1875	46
54481620	1	426	2.076E-117	3	7847	9425	170	57	0.988	3.658E-07	0	25	501	7847	7924	78	7790	7960
54481620	1	426	2.076E-117	3	7847	9425	175	36	0.637	3.536E+00	25	49	501	7979	8056	78	7979	8098
54481620	1	426	2.076E-117	3	7847	9425	192	340	0.422	3.571E-98	42	498	501	8103	9425	1323	8082	9425
54503529	-1	361	7.661E-98	1	9907	11376	712	361	0.419	7.338E-103	172	651	664	-11376	-9907	1470	11628	9763
55675707	-1	306	2.760E-81	1	9898	11370	712	306	0.367	3.053E-84	256	755	767	-11370	-9898	1473	11628	9763
55977593	1	353	1.961E-95	2	8130	9679	192	308	0.419	1.815E-87	24	433	510	8130	9383	1254	8082	9425
55977593	1	353	1.961E-95	2	8130	9679	196	51	0.405	1.670E-04	441	508	510	9479	9679	201	9404	9685
56305436	-1	460	1.209E-127	1	46	1863	910	460	0.417	6.290E-137	142	772	774	-1863	-46	1818	1875	46
58956192	-1	438	5.070E-121	1	193	1863	910	438	0.434	2.405E-129	131	698	756	-1863	-193	1671	1875	46
58978531	-1	430	1.298E-118	1	73	1863	910	430	0.408	1.668E-126	131	737	755	-1863	-73	1791	1875	46
58999838	-1	355	4.903E-96	1	9901	11628	712	355	0.369	1.036E-100	81	591	605	-11628	-9901	1728	11628	9763
59018009	-1	349	3.138E-94	1	9898	11376	712	349	0.407	7.857E-99	151	613	627	-11376	-9898	1479	11628	9763
59033417	1	590	8.880E-167	4	7853	9685	170	54	1.000	3.414E-06	1	24	573	7853	7924	72	7790	7960
59033417	1	590	8.880E-167	4	7853	9685	175	47	0.852	4.436E-04	24	48	573	7979	8053	75	7979	8098
59033417	1	590	8.880E-167	4	7853	9685	192	424	0.512	2.899E-127	52	494	573	8130	9389	1260	8082	9425
59033417	1	590	8.880E-167	4	7853	9685	196	75	0.556	6.688E-13	505	572	573	9482	9685	204	9404	9685
59051793	1	120	2.707E-25	1	8133	8570	192	120	0.422	6.072E-24	5	162	281	8133	8570	438	8082	9425
59079484	-1	214	1.367E-53	1	10432	11376	712	214	0.393	1.705E-53	169	484	485	-11376	-10432	945	11628	9763
59109668	-1	331	8.226E-89	1	9898	11376	712	331	0.392	1.574E-92	140	580	590	-11376	-9898	1479	11628	9763
59150968	-1	153	3.152E-35	1	10420	10830	712	153	0.570	1.493E-33	1	135	137	-10830	-10420	411	11628	9763
59170916	-1	360	1.532E-97	1	9934	11379	712	360	0.422	1.857E-102	170	654	679	-11379	-9934	1446	11628	9763
59226921	-1	307	1.380E-81	1	9940	11532	712	307	0.353	1.652E-84	145	599	624	-11532	-9940	1593	11628	9763
59287589	-1	256	3.108E-66	1	9937	11604	712	256	0.303	2.979E-67	89	631	659	-11604	-9937	1668	11628	9763
59288667	1	191	1.147E-46	2	7847	9389	170	51	0.889	4.393E-05	0	25	567	7847	7924	78	7790	7960
59288667	1	191	1.147E-46	2	7847	9389	192	169	0.272	4.944E-40	56	490	567	8130	9389	1260	8082	9425
59303418	1	390	1.427E-106	3	7847	9679	170	51	0.895	3.192E-05	0	25	541	7847	7924	78	7790	7960
59303418	1	390	1.427E-106	3	7847	9679	192	302	0.408	1.945E-85	38	462	541	8103	9377	1275	8082	9425
59303418	1	390	1.427E-106	3	7847	9679	196	56	0.435	3.725E-06	472	539	541	9479	9679	201	9404	9685
59316927	1	218	8.542E-55	2	7847	9413	170	51	0.889	4.393E-05	0	25	576	7847	7924	78	7790	7960
59316927	1	218	8.542E-55	2	7847	9413	192	197	0.292	1.992E-49	57	508	576	8133	9413	1281	8082	9425
59371761	-1	56	4.994E-06	1	3765	3896	839	56	0.614	6.924E-07	0	43	55	-3896	-3765	132	3929	3759
59393079	-1	257	1.554E-66	1	9898	11382	712	257	0.328	8.835E-68	190	650	664	-11382	-9898	1485	11628	9763
59642408	-1	458	4.835E-127	1	49	1872	910	458	0.419	2.992E-136	149	772	775	-1872	-49	1824	1875	46
59658036	-1	700	6.841E-200	2	49	2318	879	113	0.543	3.408E-24	29	131	898	-2318	-1998	321	2480	1875
59658036	-1	700	6.841E-200	2	49	2318	910	591	0.512	6.965E-182	137	754	898	-1863	-49	1815	1875	46
59700673	-1	416	2.126E-114	1	49	1863	910	416	0.393	8.995E-122	155	772	780	-1863	-49	1815	1875	46
59765730	-1	680	7.173E-194	2	46	2318	879	97	0.476	1.206E-18	0	103	713	-2318	-1995	324	2480	1875
59765730	-1	680	7.173E-194	2	46	2318	910	586	0.517	4.092E-180	108	701	713	-1863	-46	1818	1875	46
59833913	-1	240	2.037E-61	1	70	1281	910	240	0.347	4.177E-62	1	423	437	-1281	-70	1212	1875	46
59836760	-1	390	1.427E-106	1	70	1863	910	390	0.384	7.322E-113	101	699	710	-1863	-70	1794	1875	46
59997600	-1	400	1.394E-109	1	49	1863	910	400	0.371	1.665E-116	143	789	799	-1863	-49	1815	1875	46
60101675	-1	529	2.048E-148	2	49	2315	879	90	0.477	2.363E-16	32	131	766	-2315	-2016	300	2480	1875
60101675	-1	529	2.048E-148	2	49	2315	910	449	0.414	3.899E-133	143	763	766	-1863	-49	1815	1875	46
60151474	-1	457	9.669E-127	1	49	1863	910	457	0.419	5.584E-136	152	774	775	-1863	-49	1815	1875	46
63363259	-1	307	1.380E-81	1	73	1866	910	307	0.287	1.170E-84	131	861	887	-1866	-73	1794	1875	46
64582927	1	144	1.614E-32	1	8172	9383	192	144	0.252	6.345E-32	2	423	512	8172	9383	1212	8082	9425
66183211	1	182	5.870E-44	1	8130	9413	192	182	0.280	2.186E-44	58	506	586	8130	9413	1284	8082	9425
66228854	-1	348	6.276E-94	1	9919	11379	712	348	0.410	1.458E-98	160	624	647	-11379	-9919	1461	11628	9763
66850450	1	208	8.747E-52	1	8094	9401	192	208	0.297	2.737E-53	44	509	579	8094	9401	1308	8082	9425
66996571	1	626	1.292E-177	4	7853	9685	170	55	1.000	1.803E-06	1	24	564	7853	7924	72	7790	7960
66996571	1	626	1.292E-177	4	7853	9685	175	42	0.719	2.072E-02	24	50	564	7979	8053	75	7979	8098
66996571	1	626	1.292E-177	4	7853	9685	192	459	0.543	2.983E-139	45	489	564	8118	9395	1278	8082	9425
66996571	1	626	1.292E-177	4	7853	9685	196	79	0.581	2.810E-14	496	563	564	9482	9685	204	9404	9685
67160454	-1	340	1.607E-91	1	9940	11376	712	340	0.408	9.571E-96	115	566	582	-11376	-9940	1437	11628	9763
67648103	1	171	1.202E-40	1	8088	9404	192	171	0.265	1.086E-40	41	500	582	8088	9404	1317	8082	9425
67674232	1	490	1.126E-136	4	7853	9679	170	53	1.000	4.698E-06	2	25	551	7853	7924	72	7790	7960
67674232	1	490	1.126E-136	4	7853	9679	175	36	0.644	2.563E+00	25	49	551	7979	8056	78	7979	8098
67674232	1	490	1.126E-136	4	7853	9679	192	355	0.456	1.818E-103	53	483	551	8133	9407	1275	8082	9425
67674232	1	490	1.126E-136	4	7853	9679	196	48	0.394	2.105E-03	486	548	551	9482	9679	198	9404	9685
67774519	-1	288	7.235E-76	1	9934	11373	712	288	0.362	4.089E-78	197	651	677	-11373	-9934	1440	11628	9763
67974431	-1	336	2.571E-90	1	9898	11433	712	336	0.386	2.096E-94	147	588	599	-11433	-9898	1536	11628	9763
68205403	1	404	8.709E-111	3	7847	9685	170	51	0.889	4.393E-05	0	25	545	7847	7924	78	7790	7960
68205403	1	404	8.709E-111	3	7847	9685	192	331	0.435	4.700E-95	51	476	545	8127	9407	1281	8082	9425
68205403	1	404	8.709E-111	3	7847	9685	196	60	0.563	1.140E-07	492	544	545	9527	9685	159	9404	9685
68254231	1	441	6.337E-122	3	7847	9685	170	51	0.889	4.393E-05	0	25	545	7847	7924	78	7790	7960
68254231	1	441	6.337E-122	3	7847	9685	192	333	0.429	7.220E-96	38	475	545	8103	9404	1302	8082	9425
68254231	1	441	6.337E-122	3	7847	9685	196	67	0.498	5.205E-10	476	544	545	9479	9685	207	9404	9685
68609549	1	418	5.316E-115	3	7847	9685	170	51	0.889	4.393E-05	0	25	544	7847	7924	78	7790	7960
68609549	1	418	5.316E-115	3	7847	9685	192	330	0.440	6.422E-95	51	467	544	8127	9383	1257	8082	9425
68609549	1	418	5.316E-115	3	7847	9685	196	68	0.509	2.761E-10	476	543	544	9482	9685	204	9404	9685
69098132	-1	350	1.569E-94	1	9898	11604	712	350	0.369	4.235E-99	82	629	643	-11604	-9898	1707	11628	9763
69972732	-1	305	5.520E-81	1	10126	11400	712	305	0.411	7.672E-84	181	528	550	-11400	-10126	1275	11628	9763
70757939	-1	288	7.235E-76	1	9898	11370	712	288	0.357	3.010E-78	162	607	612	-11370	-9898	1473	11628	9763
70766487	-1	304	1.104E-80	1	9898	11460	712	304	0.356	1.043E-83	166	675	686	-11460	-9898	1563	11628	9763
73498579	-1	190	2.293E-46	1	73	1026	910	190	0.360	8.000E-46	5	320	342	-1026	-73	954	1875	46
73512947	-1	452	3.094E-125	1	73	1863	910	452	0.423	4.397E-134	131	738	756	-1863	-73	1791	1875	46
73558165	1	404	8.709E-111	2	8103	9676	192	353	0.439	8.680E-103	47	496	570	8103	9398	1296	8082	9425
73558165	1	404	8.709E-111	2	8103	9676	196	55	0.447	5.114E-06	502	566	570	9482	9676	195	9404	9685
73591917	-1	302	4.416E-80	1	9898	11388	712	302	0.365	8.948E-83	182	665	676	-11388	-9898	1491	11628	9763
73628259	1	391	7.135E-107	3	7847	9679	170	51	0.895	3.192E-05	0	25	541	7847	7924	78	7790	7960
73628259	1	391	7.135E-107	3	7847	9679	192	303	0.409	1.424E-85	38	462	541	8103	9377	1275	8082	9425
73628259	1	391	7.135E-107	3	7847	9679	196	56	0.435	3.725E-06	472	539	541	9479	9679	201	9404	9685
73720652	-1	314	1.078E-83	1	9898	11616	712	314	0.341	4.799E-87	80	549	560	-11616	-9898	1719	11628	9763
73787401	-1	284	1.158E-74	1	9898	11460	712	284	0.338	8.722E-77	153	675	689	-11460	-9898	1563	11628	9763
73847959	1	399	2.787E-109	3	7847	9685	170	51	0.895	3.192E-05	0	25	543	7847	7924	78	7790	7960
73847959	1	399	2.787E-109	3	7847	9685	192	332	0.442	1.842E-95	51	466	543	8127	9383	1257	8082	9425
73847959	1	399	2.787E-109	3	7847	9685	196	62	0.575	3.208E-08	490	542	543	9527	9685	159	9404	9685
73863973	1	488	4.503E-136	2	8103	9676	192	423	0.505	7.426E-127	41	488	560	8103	9404	1302	8082	9425
73863973	1	488	4.503E-136	2	8103	9676	196	66	0.510	9.812E-10	491	556	560	9479	9676	198	9404	9685
73901675	-1	222	5.339E-56	1	10333	11388	712	222	0.373	5.728E-56	141	451	460	-11388	-10333	1056	11628	9763
73904780	-1	268	7.587E-70	1	10225	11376	712	268	0.402	2.385E-71	277	581	586	-11376	-10225	1152	11628	9763
73950531	-1	404	8.709E-111	1	9898	11376	712	404	0.454	1.530E-117	182	645	656	-11376	-9898	1479	11628	9763
73975130	1	399	2.787E-109	3	7847	9679	170	52	0.915	1.224E-05	0	25	538	7847	7924	78	7790	7960
73975130	1	399	2.787E-109	3	7847	9679	192	327	0.435	1.066E-93	52	464	538	8130	9392	1263	8082	9425
73975130	1	399	2.787E-109	3	7847	9679	196	48	0.388	1.534E-03	469	536	538	9479	9679	201	9404	9685
74180310	-1	682	1.793E-194	2	49	2318	879	105	0.514	2.386E-21	19	120	768	-2318	-2001	318	2480	1875
74180310	-1	682	1.793E-194	2	49	2318	910	582	0.507	5.016E-179	127	744	768	-1863	-49	1815	1875	46
74181524	-1	419	2.658E-115	1	49	1863	910	419	0.394	1.019E-122	138	757	768	-1863	-49	1815	1875	46
74344132	-1	686	1.121E-195	2	49	2318	879	116	0.554	3.826E-25	22	124	751	-2318	-1998	321	2480	1875
74344132	-1	686	1.121E-195	2	49	2318	910	574	0.509	3.608E-176	130	724	751	-1863	-49	1815	1875	46
74377969	-1	453	1.547E-125	2	49	2297	879	65	0.378	8.431E-08	70	164	786	-2297	-2007	291	2480	1875
74377969	-1	453	1.547E-125	2	49	2297	910	395	0.383	1.291E-114	173	781	786	-1863	-49	1815	1875	46
74398713	-1	170	2.404E-40	1	70	936	910	170	0.333	2.701E-39	3	320	337	-936	-70	867	1875	46
74433824	-1	424	8.306E-117	1	49	1863	910	424	0.397	1.781E-124	168	789	794	-1863	-49	1815	1875	46
74578752	-1	314	1.078E-83	1	49	1533	910	314	0.371	6.255E-87	0	504	507	-1533	-49	1485	1875	46
74579619	-1	398	5.574E-109	1	49	1863	910	398	0.367	1.466E-115	165	817	821	-1863	-49	1815	1875	46
74583507	-1	265	6.070E-69	1	49	1440	910	265	0.343	1.488E-70	8	484	494	-1440	-49	1392	1875	46
74608654	-1	526	1.638E-147	2	193	2315	879	89	0.473	4.393E-16	37	136	763	-2315	-2016	300	2480	1875
74608654	-1	526	1.638E-147	2	193	2315	910	447	0.438	1.357E-132	148	720	763	-1863	-193	1671	1875	46
74631625	-1	695	2.189E-198	2	49	2339	879	109	0.504	1.056E-22	16	123	776	-2339	-2001	339	2480	1875
74631625	-1	695	2.189E-198	2	49	2339	910	591	0.510	5.092E-182	130	749	776	-1863	-49	1815	1875	46
74717554	-1	694	4.378E-198	2	49	2318	879	115	0.554	9.769E-25	22	123	773	-2318	-2001	318	2480	1875
74717554	-1	694	4.378E-198	2	49	2318	910	584	0.508	1.433E-179	130	746	773	-1863	-49	1815	1875	46
74720597	-1	426	2.076E-117	1	49	1863	910	426	0.399	2.014E-125	146	767	772	-1863	-49	1815	1875	46
74740920	-1	452	3.094E-125	1	49	1863	910	452	0.414	4.397E-134	150	775	776	-1863	-49	1815	1875	46
74749988	-1	414	8.505E-114	1	49	1863	910	414	0.391	3.123E-121	138	757	768	-1863	-49	1815	1875	46
76856378	-1	289	3.618E-76	1	73	1869	910	289	0.275	1.176E-78	138	876	902	-1869	-73	1797	1875	46
79176681	-1	293	2.261E-77	1	9898	11370	712	293	0.361	7.625E-80	170	650	664	-11370	-9898	1473	11628	9763
79930929	-1	445	3.961E-123	1	46	1863	910	445	0.411	6.449E-132	151	772	774	-1863	-46	1818	1875	46
80416706	1	599	1.734E-169	3	7979	9685	175	40	0.703	1.421E-01	27	52	566	7979	8056	78	7979	8098
80416706	1	599	1.734E-169	3	7979	9685	192	481	0.563	6.932E-147	41	486	566	8103	9383	1281	8082	9425
80416706	1	599	1.734E-169	3	7979	9685	196	95	0.650	6.402E-20	494	565	566	9470	9685	216	9404	9685
80851694	1	379	2.922E-103	4	7847	9679	170	52	0.908	1.685E-05	0	25	494	7847	7924	78	7790	7960
80851694	1	379	2.922E-103	4	7847	9679	175	36	0.441	1.858E+00	25	66	494	7979	8089	111	7979	8098
80851694	1	379	2.922E-103	4	7847	9679	192	262	0.373	1.573E-71	52	417	494	8130	9383	1254	8082	9425
80851694	1	379	2.922E-103	4	7847	9679	196	48	0.385	2.105E-03	425	492	494	9479	9679	201	9404	9685
81528427	-1	285	5.788E-75	1	9940	11370	712	285	0.361	3.484E-77	193	646	675	-11370	-9940	1431	11628	9763
81615352	1	432	3.245E-119	3	7847	9685	170	49	0.869	1.146E-04	0	25	545	7847	7924	78	7790	7960
81615352	1	432	3.245E-119	3	7847	9685	192	338	0.442	9.115E-98	42	468	545	8103	9383	1281	8082	9425
81615352	1	432	3.245E-119	3	7847	9685	196	67	0.507	3.791E-10	477	544	545	9482	9685	204	9404	9685
82108664	-1	445	3.961E-123	1	9898	11628	712	445	0.434	1.850E-131	43	613	623	-11628	-9898	1731	11628	9763
82143774	1	378	5.845E-103	2	8115	9682	192	326	0.435	1.457E-93	2	415	494	8115	9377	1263	8082	9425
82143774	1	378	5.845E-103	2	8115	9682	196	60	0.455	1.565E-07	425	493	494	9479	9682	204	9404	9685
82324024	-1	268	7.587E-70	1	10147	11370	712	268	0.385	1.759E-71	179	580	627	-11370	-10147	1224	11628	9763
82417149	1	259	3.885E-67	1	8118	9383	192	259	0.361	1.379E-70	43	475	550	8118	9383	1266	8082	9425
82887549	-1	408	5.443E-112	1	70	1854	910	408	0.388	4.529E-119	1	618	630	-1854	-70	1785	1875	46
83275953	-1	418	5.316E-115	1	67	1854	910	418	0.397	1.390E-122	1	613	629	-1854	-67	1788	1875	46
84031703	1	358	6.129E-97	2	7847	9383	170	51	0.889	4.393E-05	0	25	541	7847	7924	78	7790	7960
84031703	1	358	6.129E-97	2	7847	9383	192	323	0.431	1.768E-92	43	464	541	8118	9383	1266	8082	9425
84149035	1	458	4.835E-127	4	7847	9679	170	52	0.915	1.224E-05	0	25	538	7847	7924	78	7790	7960
84149035	1	458	4.835E-127	4	7847	9679	175	35	0.652	4.879E+00	25	48	538	7979	8053	75	7979	8098
84149035	1	458	4.835E-127	4	7847	9679	192	327	0.436	5.711E-94	52	464	538	8130	9392	1263	8082	9425
84149035	1	458	4.835E-127	4	7847	9679	196	48	0.388	1.534E-03	469	536	538	9479	9679	201	9404	9685
84233391	1	342	4.017E-92	1	8118	9380	192	342	0.433	5.480E-99	49	492	574	8118	9380	1263	8082	9425
84914852	1	431	6.489E-119	3	7847	9685	170	50	0.882	6.046E-05	0	25	543	7847	7924	78	7790	7960
84914852	1	431	6.489E-119	3	7847	9685	192	336	0.442	8.114E-97	43	466	543	8118	9383	1266	8082	9425
84914852	1	431	6.489E-119	3	7847	9685	196	68	0.509	2.761E-10	475	542	543	9482	9685	204	9404	9685
85069883	1	509	2.147E-142	4	7856	9685	170	54	1.000	3.414E-06	2	24	569	7856	7924	69	7790	7960
85069883	1	509	2.147E-142	4	7856	9685	175	44	0.804	4.173E-03	24	48	569	7979	8053	75	7979	8098
85069883	1	509	2.147E-142	4	7856	9685	192	383	0.476	5.607E-113	38	476	569	8103	9350	1248	8082	9425
85069883	1	509	2.147E-142	4	7856	9685	196	60	0.462	1.140E-07	501	568	569	9482	9685	204	9404	9685
85160587	-1	298	7.066E-79	1	9940	11370	712	298	0.372	1.925E-81	174	648	676	-11370	-9940	1431	11628	9763
85217826	-1	366	2.394E-99	1	9919	11376	712	366	0.425	1.788E-104	170	657	681	-11376	-9919	1458	11628	9763
85652623	1	405	4.355E-111	2	8103	9685	192	342	0.446	4.009E-99	42	468	545	8103	9383	1281	8082	9425
85652623	1	405	4.355E-111	2	8103	9685	196	70	0.526	3.001E-11	477	544	545	9482	9685	204	9404	9685
85749424	-1	439	2.535E-121	1	9898	11604	712	439	0.435	1.061E-129	104	662	672	-11604	-9898	1707	11628	9763
85870294	1	475	3.689E-132	4	7853	9679	170	50	0.942	8.323E-05	4	27	552	7853	7924	72	7790	7960
85870294	1	475	3.689E-132	4	7853	9679	175	33	0.539	3.374E+01	27	54	552	7979	8065	87	7979	8098
85870294	1	475	3.689E-132	4	7853	9679	192	355	0.450	1.330E-103	46	483	552	8106	9404	1299	8082	9425
85870294	1	475	3.689E-132	4	7853	9679	196	48	0.403	2.105E-03	489	549	552	9488	9679	192	9404	9685
86009450	1	152	6.303E-35	1	8100	8864	192	152	0.333	2.134E-34	42	324	485	8100	8864	765	8082	9425
86656089	1	345	5.021E-93	1	8103	9380	192	345	0.435	6.151E-100	50	494	576	8103	9380	1278	8082	9425
86811971	-1	412	3.402E-113	1	49	1863	910	412	0.390	1.479E-120	162	782	787	-1863	-49	1815	1875	46
86962171	-1	262	4.856E-68	1	10204	11388	712	262	0.388	2.298E-69	182	563	566	-11388	-10204	1185	11628	9763
87152961	1	376	2.338E-102	2	8097	9685	192	319	0.418	4.004E-91	37	469	543	8097	9398	1302	8082	9425
87152961	1	376	2.338E-102	2	8097	9685	196	56	0.417	3.725E-06	471	542	543	9470	9685	216	9404	9685
88014249	-1	461	6.043E-128	1	73	1863	910	461	0.429	3.370E-137	132	739	757	-1863	-73	1791	1875	46
88017615	-1	450	1.238E-124	1	193	1863	910	450	0.443	1.530E-133	132	700	757	-1863	-193	1671	1875	46
88033198	1	491	5.628E-137	4	7853	9679	170	53	1.000	4.698E-06	2	25	551	7853	7924	72	7790	7960
88033198	1	491	5.628E-137	4	7853	9679	175	36	0.644	2.563E+00	25	49	551	7979	8056	78	7979	8098
88033198	1	491	5.628E-137	4	7853	9679	192	356	0.457	7.117E-104	53	483	551	8133	9407	1275	8082	9425
88033198	1	491	5.628E-137	4	7853	9679	196	48	0.394	2.105E-03	486	548	551	9482	9679	198	9404	9685
88056185	1	640	7.887E-182	4	7844	9685	170	54	0.916	2.481E-06	0	26	564	7844	7924	81	7790	7960
88056185	1	640	7.887E-182	4	7844	9685	175	40	0.716	7.477E-02	26	51	564	7979	8056	78	7979	8098
88056185	1	640	7.887E-182	4	7844	9685	192	465	0.548	2.693E-141	40	484	564	8103	9383	1281	8082	9425
88056185	1	640	7.887E-182	4	7844	9685	196	97	0.662	1.313E-20	492	563	564	9470	9685	216	9404	9685
88071099	-1	408	5.443E-112	1	70	1863	910	408	0.392	4.529E-119	130	738	758	-1863	-70	1794	1875	46
88100233	-1	366	2.394E-99	1	9928	11370	712	366	0.430	9.623E-105	171	644	668	-11370	-9928	1443	11628	9763
88100733	-1	319	3.369E-85	1	9901	11376	712	319	0.383	8.784E-89	149	621	631	-11376	-9901	1476	11628	9763
88105159	-1	338	6.426E-91	1	9898	11376	712	338	0.398	6.100E-95	152	638	648	-11376	-9898	1479	11628	9763
88117632	-1	296	2.826E-78	1	9913	11421	712	296	0.357	6.563E-81	144	571	578	-11421	-9913	1509	11628	9763
88150202	-1	827	4.021E-238	3	9898	12119	679	44	0.554	3.564E-03	0	38	671	-12119	-12015	105	12140	12012
88150202	-1	827	4.021E-238	3	9898	12119	684	68	0.379	8.902E-10	24	91	671	-11997	-11695	303	12000	11632
88150202	-1	827	4.021E-238	3	9898	12119	712	728	0.641	3.236E-229	92	658	671	-11628	-9898	1731	11628	9763
88176223	-1	374	9.352E-102	1	9922	11628	712	374	0.386	2.674E-107	88	641	660	-11628	-9922	1707	11628	9763
88182040	1	370	1.496E-100	2	7847	9008	170	52	0.915	1.224E-05	0	25	357	7847	7924	78	7790	7960
88182040	1	370	1.496E-100	2	7847	9008	192	328	0.542	3.059E-94	37	354	357	8097	9008	912	8082	9425
88204101	-1	365	4.788E-99	1	9916	11583	712	365	0.383	2.436E-104	126	687	709	-11583	-9916	1668	11628	9763
88214171	-1	435	4.056E-120	1	73	1863	910	435	0.411	2.130E-128	131	739	769	-1863	-73	1791	1875	46
88229782	-1	360	1.532E-97	1	9907	11379	712	360	0.418	1.857E-102	166	653	666	-11379	-9907	1473	11628	9763
88253362	1	401	6.968E-110	2	8103	9673	192	358	0.463	1.490E-104	49	473	555	8103	9380	1278	8082	9425
88253362	1	401	6.968E-110	2	8103	9673	196	52	0.417	6.454E-05	484	550	555	9473	9673	201	9404	9685
88256862	1	547	7.811E-154	3	7979	9685	175	45	0.824	1.596E-03	24	48	559	7979	8053	75	7979	8098
88256862	1	547	7.811E-154	3	7979	9685	192	445	0.533	1.753E-134	43	484	559	8118	9395	1278	8082	9425
88256862	1	547	7.811E-154	3	7979	9685	196	68	0.515	2.761E-10	492	558	559	9485	9685	201	9404	9685
88274489	1	641	3.943E-182	4	7844	9685	170	54	0.916	2.481E-06	0	26	564	7844	7924	81	7790	7960
88274489	1	641	3.943E-182	4	7844	9685	175	40	0.716	7.477E-02	26	51	564	7979	8056	78	7979	8098
88274489	1	641	3.943E-182	4	7844	9685	192	466	0.550	7.674E-142	40	484	564	8103	9383	1281	8082	9425
88274489	1	641	3.943E-182	4	7844	9685	196	97	0.662	1.313E-20	492	563	564	9470	9685	216	9404	9685
88292837	1	395	4.459E-108	3	7847	9679	170	53	0.928	6.465E-06	0	25	553	7847	7924	78	7790	7960
88292837	1	395	4.459E-108	3	7847	9679	192	319	0.422	2.931E-91	51	479	553	8127	9398	1272	8082	9425
88292837	1	395	4.459E-108	3	7847	9679	196	51	0.417	1.216E-04	485	550	553	9482	9679	198	9404	9685
88328607	-1	299	3.533E-79	1	9940	11553	712	299	0.344	5.642E-82	130	594	619	-11553	-9940	1614	11628	9763
88386237	-1	348	6.276E-94	1	9925	11439	712	348	0.400	1.458E-98	98	566	586	-11439	-9925	1515	11628	9763
88393328	1	205	6.998E-51	1	8094	9410	192	205	0.293	4.336E-52	73	541	610	8094	9410	1317	8082	9425
88395572	1	327	1.316E-87	4	7853	9667	170	51	0.970	2.319E-05	4	27	581	7853	7924	72	7790	7960
88395572	1	327	1.316E-87	4	7853	9667	175	38	0.661	3.724E-01	27	53	581	7979	8053	75	7979	8098
88395572	1	327	1.316E-87	4	7853	9667	192	196	0.293	4.990E-49	58	506	581	8133	9383	1251	8082	9425
88395572	1	327	1.316E-87	4	7853	9667	196	49	0.399	1.117E-03	513	578	581	9470	9667	198	9404	9685
88424457	-1	353	1.961E-95	1	9898	11628	712	353	0.367	3.570E-100	87	643	659	-11628	-9898	1731	11628	9763
88443634	1	333	2.056E-89	1	8103	9392	192	333	0.435	7.220E-96	38	463	730	8103	9392	1290	8082	9425
88452244	1	617	6.616E-175	4	7844	9685	170	59	0.999	3.924E-08	0	26	568	7844	7924	81	7790	7960
88452244	1	617	6.616E-175	4	7844	9685	175	32	0.577	6.434E+01	26	51	568	7979	8056	78	7979	8098
88452244	1	617	6.616E-175	4	7844	9685	192	456	0.536	3.672E-138	40	488	568	8103	9383	1281	8082	9425
88452244	1	617	6.616E-175	4	7844	9685	196	90	0.647	5.404E-18	500	567	568	9482	9685	204	9404	9685
88457188	-1	343	2.008E-92	1	9916	11388	712	343	0.402	8.092E-97	169	662	684	-11388	-9916	1473	11628	9763
88461718	1	383	1.826E-104	2	8127	9685	192	327	0.437	1.066E-93	51	466	543	8127	9383	1257	8082	9425
88461718	1	383	1.826E-104	2	8127	9685	196	63	0.479	1.239E-08	475	542	543	9482	9685	204	9404	9685
88468586	1	376	2.338E-102	2	8130	9679	192	335	0.444	1.515E-96	52	463	537	8130	9392	1263	8082	9425
88468586	1	376	2.338E-102	2	8130	9679	196	44	0.361	4.991E-02	468	535	537	9479	9679	201	9404	9685
88470656	1	399	2.787E-109	2	8103	9676	192	355	0.444	2.486E-103	48	492	574	8103	9380	1278	8082	9425
88470656	1	399	2.787E-109	2	8103	9676	196	52	0.408	6.454E-05	502	570	574	9470	9676	207	9404	9685
88479727	-1	347	1.255E-93	1	9916	11388	712	347	0.405	5.018E-98	170	663	685	-11388	-9916	1473	11628	9763
88519401	1	342	4.017E-92	1	8118	9380	192	342	0.433	5.480E-99	49	492	574	8118	9380	1263	8082	9425
88548076	-1	327	1.316E-87	1	9916	11370	712	327	0.393	2.523E-91	158	618	636	-11370	-9916	1455	11628	9763
88750631	-1	456	1.934E-126	1	49	1863	910	456	0.419	1.944E-135	153	773	776	-1863	-49	1815	1875	46
88791206	-1	363	1.915E-98	1	49	1683	910	363	0.380	7.779E-104	6	571	576	-1683	-49	1635	1875	46
88868176	-1	424	8.306E-117	1	49	1863	910	424	0.397	1.304E-124	146	768	773	-1863	-49	1815	1875	46
88886019	-1	420	1.329E-115	1	49	1863	910	420	0.394	2.933E-123	146	767	772	-1863	-49	1815	1875	46
89030448	-1	453	1.547E-125	1	49	1863	910	453	0.417	1.725E-134	151	771	774	-1863	-49	1815	1875	46
89044475	-1	398	5.574E-109	1	46	1863	910	398	0.386	1.466E-115	145	718	720	-1863	-46	1818	1875	46
89169913	-1	425	4.153E-117	1	49	1863	910	425	0.397	6.998E-125	146	769	774	-1863	-49	1815	1875	46
89178308	-1	104	1.774E-20	1	1998	2318	879	104	0.505	6.077E-21	41	143	156	-2318	-1998	321	2480	1875
89196961	-1	416	2.126E-114	1	49	1863	910	416	0.392	6.590E-122	146	766	771	-1863	-49	1815	1875	46
89253995	-1	530	1.024E-148	1	49	1863	910	530	0.479	4.439E-161	137	733	765	-1863	-49	1815	1875	46
93841259	-1	299	3.533E-79	1	9898	11370	712	299	0.366	7.668E-82	191	664	678	-11370	-9898	1473	11628	9763
93874986	-1	293	2.261E-77	1	9898	11451	712	293	0.348	7.625E-80	151	660	675	-11451	-9898	1554	11628	9763
94184525	1	418	5.316E-115	3	7856	9679	170	54	1.000	3.414E-06	3	25	539	7856	7924	69	7790	7960
94184525	1	418	5.316E-115	3	7856	9679	192	332	0.436	1.348E-95	38	462	539	8103	9383	1281	8082	9425
94184525	1	418	5.316E-115	3	7856	9679	196	50	0.405	3.147E-04	471	537	539	9482	9679	198	9404	9685
95404591	1	590	8.880E-167	4	7853	9685	170	54	1.000	3.414E-06	1	24	573	7853	7924	72	7790	7960
95404591	1	590	8.880E-167	4	7853	9685	175	47	0.859	3.221E-04	24	48	573	7979	8053	75	7979	8098
95404591	1	590	8.880E-167	4	7853	9685	192	423	0.510	5.427E-127	52	494	573	8130	9389	1260	8082	9425
95404591	1	590	8.880E-167	4	7853	9685	196	76	0.563	2.584E-13	505	572	573	9482	9685	204	9404	9685
95709123	1	416	2.126E-114	3	7847	9679	170	51	0.889	4.393E-05	0	25	537	7847	7924	78	7790	7960
95709123	1	416	2.126E-114	3	7847	9679	192	333	0.435	7.220E-96	38	463	537	8103	9392	1290	8082	9425
95709123	1	416	2.126E-114	3	7847	9679	196	46	0.371	1.407E-02	468	535	537	9479	9679	201	9404	9685
95991134	1	462	3.022E-128	4	7847	9682	170	57	1.000	1.933E-07	0	25	540	7847	7924	78	7790	7960
95991134	1	462	3.022E-128	4	7847	9682	175	36	0.659	3.536E+00	25	48	540	7979	8053	75	7979	8098
95991134	1	462	3.022E-128	4	7847	9682	192	327	0.433	5.711E-94	38	461	540	8103	9377	1275	8082	9425
95991134	1	462	3.022E-128	4	7847	9682	196	59	0.450	2.950E-07	471	539	540	9479	9682	204	9404	9685
96385520	-1	302	4.416E-80	1	9901	10893	712	302	0.489	6.583E-83	229	562	573	-10893	-9901	993	11628	9763
97253793	-1	332	4.113E-89	1	9916	11400	712	332	0.391	6.240E-93	171	657	679	-11400	-9916	1485	11628	9763
97536165	1	349	3.138E-94	2	8127	9679	192	307	0.415	6.315E-87	13	430	504	8127	9392	1266	8082	9425
97536165	1	349	3.138E-94	2	8127	9679	196	45	0.368	1.931E-02	435	502	504	9479	9679	201	9404	9685
97541732	-1	342	4.017E-92	1	9916	11376	712	342	0.405	1.501E-96	161	613	634	-11376	-9916	1461	11628	9763
98000880	-1	413	1.701E-113	1	49	1863	910	413	0.390	7.941E-121	143	763	773	-1863	-49	1815	1875	46
98332150	1	208	8.747E-52	1	8094	9413	192	208	0.297	2.737E-53	41	508	590	8094	9413	1320	8082	9425
98953279	1	363	1.915E-98	2	7847	9392	170	51	0.889	4.393E-05	0	25	538	7847	7924	78	7790	7960
98953279	1	363	1.915E-98	2	7847	9392	192	323	0.425	2.416E-92	38	464	538	8103	9392	1290	8082	9425
98991043	1	640	7.887E-182	4	7844	9685	170	54	0.916	2.481E-06	0	26	564	7844	7924	81	7790	7960
98991043	1	640	7.887E-182	4	7844	9685	175	40	0.716	7.477E-02	26	51	564	7979	8056	78	7979	8098
98991043	1	640	7.887E-182	4	7844	9685	192	465	0.548	2.693E-141	40	484	564	8103	9383	1281	8082	9425
98991043	1	640	7.887E-182	4	7844	9685	196	97	0.662	1.313E-20	492	563	564	9470	9685	216	9404	9685
99806378	-1	385	4.566E-105	1	9910	11628	712	385	0.393	3.326E-111	86	654	672	-11628	-9910	1719	11628	9763
99832272	-1	346	2.510E-93	1	9898	11376	712	346	0.404	1.268E-97	155	596	610	-11376	-9898	1479	11628	9763
101225423	-1	349	3.138E-94	1	9898	11451	712	349	0.393	7.857E-99	130	615	626	-11451	-9898	1554	11628	9763
101313173	1	427	1.038E-117	3	7847	9682	170	57	1.000	1.933E-07	0	25	540	7847	7924	78	7790	7960
101313173	1	427	1.038E-117	3	7847	9682	192	327	0.429	7.802E-94	38	466	540	8103	9392	1290	8082	9425
101313173	1	427	1.038E-117	3	7847	9682	196	57	0.437	1.439E-06	471	539	540	9479	9682	204	9404	9685
101409547	-1	316	2.695E-84	1	9898	10851	712	316	0.521	1.907E-87	273	593	603	-10851	-9898	954	11628	9763
101574688	-1	437	1.014E-120	1	49	1863	910	437	0.406	4.485E-129	152	772	775	-1863	-49	1815	1875	46
102372016	-1	178	9.392E-43	1	10159	11535	712	178	0.272	1.210E-41	151	579	671	-11535	-10159	1377	11628	9763
102566760	-1	394	8.918E-108	4	3762	5874	808	74	0.634	6.981E-12	0	55	580	-5874	-5704	171	5988	5605
102566760	-1	394	8.918E-108	4	3762	5874	817	104	0.349	1.950E-21	56	234	580	-5373	-4891	483	5418	4858
102566760	-1	394	8.918E-108	4	3762	5874	836	140	0.302	2.798E-32	235	537	580	-4821	-3970	852	4821	3955
102566760	-1	394	8.918E-108	4	3762	5874	839	75	0.799	1.587E-13	535	578	580	-3893	-3762	132	3929	3759
102610715	-1	462	3.022E-128	1	73	1863	910	462	0.430	1.806E-137	131	738	756	-1863	-73	1791	1875	46
102725570	-1	434	8.111E-120	1	73	1863	910	434	0.402	5.422E-128	129	754	772	-1863	-73	1791	1875	46
102728132	-1	351	7.845E-95	1	9925	11376	712	351	0.415	1.230E-99	146	602	612	-11376	-9925	1452	11628	9763
102751111	1	405	4.355E-111	3	7847	9679	170	54	0.948	2.481E-06	0	25	543	7847	7924	78	7790	7960
102751111	1	405	4.355E-111	3	7847	9679	192	317	0.421	2.602E-90	38	464	543	8103	9377	1275	8082	9425
102751111	1	405	4.355E-111	3	7847	9679	196	53	0.418	3.424E-05	474	541	543	9479	9679	201	9404	9685
102756509	-1	441	6.337E-122	1	193	1863	910	441	0.437	1.456E-130	131	698	755	-1863	-193	1671	1875	46
102834324	-1	312	4.313E-83	1	9940	11376	712	312	0.383	3.038E-86	175	566	594	-11376	-9940	1437	11628	9763
102927595	1	57	2.497E-06	1	10139	10333	208	57	0.460	3.990E-07	21	77	78	10139	10333	195	10130	10345
102960741	-1	341	8.033E-92	1	9916	11376	712	341	0.401	3.790E-96	200	692	713	-11376	-9916	1461	11628	9763
103020858	1	508	4.294E-142	4	7856	9685	170	52	1.000	1.224E-05	2	24	569	7856	7924	69	7790	7960
103020858	1	508	4.294E-142	4	7856	9685	175	46	0.831	1.159E-03	24	48	569	7979	8053	75	7979	8098
103020858	1	508	4.294E-142	4	7856	9685	192	379	0.472	9.380E-112	38	476	569	8103	9350	1248	8082	9425
103020858	1	508	4.294E-142	4	7856	9685	196	63	0.482	9.026E-09	501	568	569	9482	9685	204	9404	9685
103030450	-1	458	4.835E-127	1	73	1863	910	458	0.427	2.992E-136	131	738	756	-1863	-73	1791	1875	46
103044073	-1	356	2.451E-96	1	9916	11376	712	356	0.417	4.097E-101	190	671	693	-11376	-9916	1461	11628	9763
103044209	1	603	1.084E-170	4	7853	9685	170	54	1.000	2.481E-06	1	24	569	7853	7924	72	7790	7960
103044209	1	603	1.084E-170	4	7853	9685	175	47	0.859	3.221E-04	24	48	569	7979	8053	75	7979	8098
103044209	1	603	1.084E-170	4	7853	9685	192	436	0.526	3.259E-131	52	490	569	8130	9389	1260	8082	9425
103044209	1	603	1.084E-170	4	7853	9685	196	74	0.536	1.731E-12	499	568	569	9476	9685	210	9404	9685
103325353	-1	385	4.566E-105	1	46	1863	910	385	0.363	2.228E-111	13	653	656	-1863	-46	1818	1875	46
103328080	-1	407	1.089E-111	1	49	1863	910	407	0.386	8.435E-119	139	760	770	-1863	-49	1815	1875	46
103390380	-1	370	1.496E-100	1	49	1863	910	370	0.365	4.006E-106	172	781	786	-1863	-49	1815	1875	46
103393220	-1	413	1.701E-113	1	49	1863	910	413	0.390	1.084E-120	144	764	774	-1863	-49	1815	1875	46
103456931	-1	448	4.951E-124	1	49	1863	910	448	0.414	9.936E-133	159	779	782	-1863	-49	1815	1875	46
103466454	-1	425	4.153E-117	1	49	1863	910	425	0.398	6.998E-125	147	768	773	-1863	-49	1815	1875	46
103547714	-1	426	2.076E-117	1	49	1863	910	426	0.399	3.754E-125	140	759	769	-1863	-49	1815	1875	46
103589584	-1	414	8.505E-114	1	49	1863	910	414	0.390	4.262E-121	146	767	772	-1863	-49	1815	1875	46
103796625	-1	531	5.119E-149	1	49	1860	910	531	0.480	2.374E-161	55	650	683	-1860	-49	1812	1875	46
103823497	-1	414	8.505E-114	1	49	1863	910	414	0.391	3.123E-121	142	762	772	-1863	-49	1815	1875	46
103824754	-1	410	1.361E-112	1	49	1863	910	410	0.388	9.563E-120	143	763	773	-1863	-49	1815	1875	46
107806231	-1	321	8.423E-86	1	73	1836	910	321	0.299	1.319E-89	136	853	875	-1836	-73	1764	1875	46
108288038	-1	310	1.725E-82	1	9898	11481	712	310	0.357	1.922E-85	133	650	665	-11481	-9898	1584	11628	9763
110470486	-1	369	2.993E-100	1	9910	11388	712	369	0.425	1.101E-105	167	649	665	-11388	-9910	1479	11628	9763
110681252	1	557	7.628E-157	2	8136	9685	192	463	0.543	1.293E-140	10	458	526	8136	9419	1284	8082	9425
110681252	1	557	7.628E-157	2	8136	9685	196	93	0.684	4.284E-19	460	525	526	9488	9685	198	9404	9685
111675051	1	254	1.243E-65	2	7847	9413	170	50	0.882	6.046E-05	0	25	569	7847	7924	78	7790	7960
111675051	1	254	1.243E-65	2	7847	9413	192	217	0.308	3.160E-56	40	499	569	8100	9413	1314	8082	9425
111830723	-1	308	6.900E-82	1	73	1836	910	308	0.291	3.419E-85	143	860	883	-1836	-73	1764	1875	46
112014539	-1	578	3.637E-163	2	46	2315	879	146	0.654	1.284E-35	28	138	563	-2315	-1989	327	2480	1875
112014539	-1	578	3.637E-163	2	46	2315	910	432	0.409	1.885E-127	138	561	563	-1872	-46	1827	1875	46
112141860	1	459	2.417E-127	3	7847	9685	170	53	0.935	4.698E-06	0	25	552	7847	7924	78	7790	7960
112141860	1	459	2.417E-127	3	7847	9685	192	358	0.457	2.038E-104	37	469	552	8097	9371	1275	8082	9425
112141860	1	459	2.417E-127	3	7847	9685	196	69	0.505	1.067E-10	482	551	552	9476	9685	210	9404	9685
112190329	-1	366	2.394E-99	1	9901	11421	712	366	0.413	1.312E-104	154	617	634	-11421	-9901	1521	11628	9763
112511585	1	412	3.402E-113	3	7853	9679	170	53	0.999	6.465E-06	2	25	545	7853	7924	72	7790	7960
112511585	1	412	3.402E-113	3	7853	9679	192	332	0.434	9.866E-96	38	467	545	8103	9377	1275	8082	9425
112511585	1	412	3.402E-113	3	7853	9679	196	49	0.411	8.139E-04	480	543	545	9488	9679	192	9404	9685
113127639	1	404	8.709E-111	3	7847	9679	170	53	0.922	8.897E-06	0	25	541	7847	7924	78	7790	7960
113127639	1	404	8.709E-111	3	7847	9679	192	314	0.420	2.309E-89	38	462	541	8103	9377	1275	8082	9425
113127639	1	404	8.709E-111	3	7847	9679	196	56	0.435	3.725E-06	472	539	541	9479	9679	201	9404	9685
113784719	-1	377	1.169E-102	1	9907	11388	712	377	0.431	2.240E-108	154	615	630	-11388	-9907	1482	11628	9763
114297980	1	353	1.961E-95	2	8130	9679	192	308	0.419	1.815E-87	51	460	537	8130	9383	1254	8082	9425
114297980	1	353	1.961E-95	2	8130	9679	196	51	0.405	1.670E-04	468	535	537	9479	9679	201	9404	9685
114362003	1	397	1.115E-108	3	7847	9679	170	51	0.889	4.393E-05	0	25	537	7847	7924	78	7790	7960
114362003	1	397	1.115E-108	3	7847	9679	192	328	0.437	3.059E-94	52	463	537	8130	9392	1263	8082	9425
114362003	1	397	1.115E-108	3	7847	9679	196	46	0.373	1.025E-02	468	535	537	9479	9679	201	9404	9685
115033109	-1	525	3.276E-147	2	49	2315	879	88	0.467	1.517E-15	47	146	781	-2315	-2016	300	2480	1875
115033109	-1	525	3.276E-147	2	49	2315	910	447	0.413	2.531E-132	158	778	781	-1863	-49	1815	1875	46
115440454	1	411	6.804E-113	3	7847	9661	170	51	0.889	4.393E-05	0	25	537	7847	7924	78	7790	7960
115440454	1	411	6.804E-113	3	7847	9661	192	325	0.427	3.715E-93	38	465	537	8103	9392	1290	8082	9425
115440454	1	411	6.804E-113	3	7847	9661	196	49	0.420	8.139E-04	470	531	537	9479	9661	183	9404	9685
115905882	-1	290	1.809E-76	1	9907	11400	712	290	0.355	6.511E-79	137	564	567	-11400	-9907	1494	11628	9763
117062106	-1	177	1.878E-42	1	10159	11577	712	177	0.267	2.918E-41	138	585	676	-11577	-10159	1419	11628	9763
117112930	-1	458	4.835E-127	1	73	1863	910	458	0.427	4.088E-136	131	738	756	-1863	-73	1791	1875	46
117156035	-1	429	2.596E-118	1	70	1863	910	429	0.406	2.277E-126	131	740	769	-1863	-70	1794	1875	46
117156745	-1	460	1.209E-127	1	73	1872	910	460	0.427	6.290E-137	128	738	756	-1872	-73	1800	1875	46
117162486	1	190	2.293E-46	1	8721	9383	192	190	0.467	4.897E-47	8	225	233	8721	9383	663	8082	9425
117242455	1	200	2.239E-49	2	7847	9413	170	52	0.908	1.685E-05	0	25	572	7847	7924	78	7790	7960
117242455	1	200	2.239E-49	2	7847	9413	192	177	0.274	8.428E-43	56	507	572	8130	9413	1284	8082	9425
117264428	-1	353	1.961E-95	1	193	1863	910	353	0.377	1.791E-100	79	553	610	-1863	-193	1671	1875	46
117298689	-1	198	8.957E-49	1	193	912	910	198	0.435	3.809E-48	6	258	315	-912	-193	720	1875	46
117415764	1	258	7.769E-67	3	7847	9667	170	51	0.895	3.192E-05	0	25	573	7847	7924	78	7790	7960
117415764	1	258	7.769E-67	3	7847	9667	192	194	0.291	1.697E-48	56	503	573	8130	9413	1284	8082	9425
117415764	1	258	7.769E-67	3	7847	9667	196	43	0.389	9.398E-02	506	565	573	9488	9667	180	9404	9685
117507179	-1	366	2.394E-99	1	9919	11628	712	366	0.380	1.788E-104	91	657	681	-11628	-9919	1710	11628	9763
117533228	1	378	5.845E-103	2	7853	9404	170	54	0.942	3.414E-06	2	27	814	7853	7930	78	7790	7960
117533228	1	378	5.845E-103	2	7853	9404	192	331	0.423	3.440E-95	36	479	814	8085	9404	1320	8082	9425
117536327	1	184	1.468E-44	1	8133	9263	192	184	0.302	4.763E-45	57	457	575	8133	9263	1131	8082	9425
117540822	1	274	1.185E-71	3	7847	9646	170	49	0.869	1.146E-04	0	25	548	7847	7924	78	7790	7960
117540822	1	274	1.185E-71	3	7847	9646	192	205	0.306	3.190E-52	46	483	548	8118	9413	1296	8082	9425
117540822	1	274	1.185E-71	3	7847	9646	196	42	0.382	3.331E-01	480	538	548	9470	9646	177	9404	9685
117552021	-1	364	9.576E-99	1	9940	11388	712	364	0.410	8.406E-104	172	681	702	-11388	-9940	1449	11628	9763
117558318	-1	286	2.894E-75	1	9943	11445	712	286	0.350	1.391E-77	135	568	585	-11445	-9943	1503	11628	9763
117569445	1	434	8.111E-120	3	7847	9685	170	49	0.855	2.171E-04	0	25	543	7847	7924	78	7790	7960
117569445	1	434	8.111E-120	3	7847	9685	192	349	0.458	1.977E-101	51	468	543	8127	9389	1263	8082	9425
117569445	1	434	8.111E-120	3	7847	9685	196	65	0.492	2.540E-09	475	542	543	9482	9685	204	9404	9685
117580191	1	173	3.006E-41	1	8328	9413	192	173	0.309	1.759E-41	18	372	439	8328	9413	1086	8082	9425
117632941	1	392	3.567E-107	3	7847	9679	170	51	0.895	3.192E-05	0	25	541	7847	7924	78	7790	7960
117632941	1	392	3.567E-107	3	7847	9679	192	304	0.410	5.594E-86	38	462	541	8103	9377	1275	8082	9425
117632941	1	392	3.567E-107	3	7847	9679	196	56	0.435	3.725E-06	472	539	541	9479	9679	201	9404	9685
117635193	1	343	2.008E-92	1	8103	9380	192	343	0.433	2.934E-99	50	494	576	8103	9380	1278	8082	9425
117806900	-1	231	1.043E-58	1	49	1221	910	231	0.349	2.392E-59	0	405	415	-1221	-49	1173	1875	46
117808067	-1	458	4.835E-127	1	46	1863	910	458	0.420	4.088E-136	151	772	774	-1863	-46	1818	1875	46
117816975	-1	439	2.535E-121	1	70	1863	910	439	0.410	9.444E-130	140	756	774	-1863	-70	1794	1875	46
117845884	-1	545	3.124E-153	2	49	2315	879	93	0.457	2.694E-17	34	142	769	-2315	-1989	327	2480	1875
117845884	-1	545	3.124E-153	2	49	2315	910	452	0.414	4.397E-134	142	766	769	-1872	-49	1824	1875	46
117917594	-1	455	3.868E-126	1	46	1863	910	455	0.418	3.628E-135	145	766	768	-1863	-46	1818	1875	46
118057697	-1	412	3.402E-113	1	49	1863	910	412	0.390	1.479E-120	162	782	787	-1863	-49	1815	1875	46
118073912	-1	291	9.044E-77	1	49	1533	910	291	0.343	1.867E-79	0	525	535	-1533	-49	1485	1875	46
118123037	-1	298	7.066E-79	1	193	1863	910	298	0.335	1.012E-81	95	582	1027	-1863	-193	1671	1875	46
118191937	-1	422	3.322E-116	1	49	1863	910	422	0.395	8.444E-124	146	767	772	-1863	-49	1815	1875	46
118239237	-1	251	9.944E-65	1	49	1380	910	251	0.340	8.554E-66	9	465	475	-1380	-49	1332	1875	46
118246785	-1	686	1.121E-195	2	49	2318	879	117	0.559	1.498E-25	22	124	776	-2318	-1998	321	2480	1875
118246785	-1	686	1.121E-195	2	49	2318	910	573	0.499	6.750E-176	130	749	776	-1863	-49	1815	1875	46
118259868	-1	542	2.499E-152	1	82	1860	910	542	0.461	3.722E-165	0	650	734	-1860	-82	1779	1875	46
118344706	-1	451	6.188E-125	1	49	1863	910	451	0.416	8.203E-134	152	772	775	-1863	-49	1815	1875	46
118372845	-1	422	3.322E-116	1	49	1863	910	422	0.396	6.186E-124	142	762	772	-1863	-49	1815	1875	46
123003698	-1	307	1.380E-81	1	9898	11481	712	307	0.355	1.215E-84	133	653	668	-11481	-9898	1584	11628	9763
123476963	-1	301	8.832E-80	1	9898	11460	712	301	0.352	2.247E-82	155	674	684	-11460	-9898	1563	11628	9763
123560100	-1	340	1.607E-91	1	9916	11376	712	340	0.398	7.028E-96	201	696	717	-11376	-9916	1461	11628	9763
125114188	1	410	1.361E-112	3	7847	9682	170	52	0.908	1.685E-05	0	25	540	7847	7924	78	7790	7960
125114188	1	410	1.361E-112	3	7847	9682	192	320	0.422	1.571E-91	38	466	540	8103	9392	1290	8082	9425
125114188	1	410	1.361E-112	3	7847	9682	196	52	0.408	6.454E-05	471	539	540	9479	9682	204	9404	9685
125232262	-1	291	9.044E-77	1	9919	11424	712	291	0.354	3.528E-79	139	577	585	-11424	-9919	1506	11628	9763
125330095	1	265	6.070E-69	2	7979	9401	175	39	0.578	2.701E-01	26	57	551	7979	8074	96	7979	8098
125330095	1	265	6.070E-69	2	7979	9401	192	229	0.336	1.647E-60	54	478	551	8130	9401	1272	8082	9425
125505851	1	425	4.153E-117	3	7847	9685	170	50	0.875	8.323E-05	0	25	544	7847	7924	78	7790	7960
125505851	1	425	4.153E-117	3	7847	9685	192	333	0.432	7.220E-96	42	474	544	8103	9404	1302	8082	9425
125505851	1	425	4.153E-117	3	7847	9685	196	59	0.463	4.051E-07	478	543	544	9488	9685	198	9404	9685
125563161	-1	357	1.226E-96	1	9946	11415	712	357	0.416	2.207E-101	156	644	673	-11415	-9946	1470	11628	9763
126227810	-1	379	2.922E-103	1	9898	11115	712	379	0.501	3.486E-109	170	569	579	-11115	-9898	1218	11628	9763
126253887	-1	280	1.852E-73	1	9898	11373	712	280	0.349	1.856E-75	278	751	761	-11373	-9898	1476	11628	9763
126892387	-1	531	5.119E-149	2	46	2285	879	83	0.484	6.210E-14	43	129	764	-2285	-2016	270	2480	1875
126892387	-1	531	5.119E-149	2	46	2285	910	458	0.420	4.088E-136	141	762	764	-1863	-46	1818	1875	46
127194747	1	418	5.316E-115	3	7856	9673	170	51	1.000	3.192E-05	4	26	537	7856	7924	69	7790	7960
127194747	1	418	5.316E-115	3	7856	9673	192	338	0.438	1.246E-97	39	470	537	8103	9374	1272	8082	9425
127194747	1	418	5.316E-115	3	7856	9673	196	43	0.395	1.290E-01	475	532	537	9500	9673	174	9404	9685
127253969	1	321	8.423E-86	3	7844	9401	170	49	0.833	1.577E-04	0	26	550	7844	7924	81	7790	7960
127253969	1	321	8.423E-86	3	7844	9401	175	39	0.578	2.701E-01	26	57	550	7979	8074	96	7979	8098
127253969	1	321	8.423E-86	3	7844	9401	192	236	0.343	8.648E-63	54	477	550	8130	9401	1272	8082	9425
127743965	1	649	1.540E-184	4	7844	9685	170	54	0.916	2.481E-06	0	26	564	7844	7924	81	7790	7960
127743965	1	649	1.540E-184	4	7844	9685	175	40	0.716	7.477E-02	26	51	564	7979	8056	78	7979	8098
127743965	1	649	1.540E-184	4	7844	9685	192	474	0.557	1.972E-144	40	484	564	8103	9383	1281	8082	9425
127743965	1	649	1.540E-184	4	7844	9685	196	97	0.662	1.313E-20	492	563	564	9470	9685	216	9404	9685
127937660	1	426	2.076E-117	3	7847	9685	170	51	0.902	2.319E-05	0	25	545	7847	7924	78	7790	7960
127937660	1	426	2.076E-117	3	7847	9685	192	336	0.446	8.114E-97	51	468	545	8127	9383	1257	8082	9425
127937660	1	426	2.076E-117	3	7847	9685	196	70	0.521	5.658E-11	477	544	545	9482	9685	204	9404	9685
128233549	-1	290	1.809E-76	1	9898	11553	712	290	0.331	8.844E-79	123	669	684	-11553	-9898	1656	11628	9763
128655573	1	418	5.316E-115	3	7847	9679	170	51	0.889	4.393E-05	0	25	539	7847	7924	78	7790	7960
128655573	1	418	5.316E-115	3	7847	9679	192	325	0.427	3.715E-93	38	465	539	8103	9392	1290	8082	9425
128655573	1	418	5.316E-115	3	7847	9679	196	56	0.435	3.725E-06	470	537	539	9479	9679	201	9404	9685
129095601	1	647	6.162E-184	4	7844	9685	170	54	0.916	2.481E-06	0	26	564	7844	7924	81	7790	7960
129095601	1	647	6.162E-184	4	7844	9685	175	40	0.716	7.477E-02	26	51	564	7979	8056	78	7979	8098
129095601	1	647	6.162E-184	4	7844	9685	192	473	0.556	5.058E-144	40	484	564	8103	9383	1281	8082	9425
129095601	1	647	6.162E-184	4	7844	9685	196	96	0.652	4.664E-20	492	563	564	9470	9685	216	9404	9685
129273581	-1	280	1.852E-73	1	9934	11373	712	280	0.355	1.367E-75	197	652	678	-11373	-9934	1440	11628	9763
129498711	1	394	8.918E-108	3	7979	9679	175	32	0.590	8.886E+01	24	47	542	7979	8053	75	7979	8098
129498711	1	394	8.918E-108	3	7979	9679	192	319	0.420	4.004E-91	37	468	542	8103	9392	1290	8082	9425
129498711	1	394	8.918E-108	3	7979	9679	196	56	0.437	2.713E-06	473	540	542	9479	9679	201	9404	9685
129702897	-1	285	5.788E-75	1	9904	11385	712	285	0.352	4.730E-77	152	574	578	-11385	-9904	1482	11628	9763
130199626	1	446	1.980E-123	4	7847	9679	170	49	0.855	2.171E-04	0	25	539	7847	7924	78	7790	7960
130199626	1	446	1.980E-123	4	7847	9679	175	36	0.536	3.536E+00	25	55	539	7979	8074	96	7979	8098
130199626	1	446	1.980E-123	4	7847	9679	192	334	0.440	2.071E-96	43	464	539	8118	9392	1275	8082	9425
130199626	1	446	1.980E-123	4	7847	9679	196	41	0.341	6.269E-01	469	536	539	9479	9679	201	9404	9685
130201677	-1	319	3.369E-85	1	9916	11370	712	319	0.386	1.195E-88	150	583	603	-11370	-9916	1455	11628	9763
130605284	1	391	7.135E-107	3	7847	9679	170	51	0.895	3.192E-05	0	25	541	7847	7924	78	7790	7960
130605284	1	391	7.135E-107	3	7847	9679	192	303	0.409	1.043E-85	38	462	541	8103	9377	1275	8082	9425
130605284	1	391	7.135E-107	3	7847	9679	196	56	0.435	3.725E-06	472	539	541	9479	9679	201	9404	9685
130881128	1	339	3.213E-91	1	8118	9380	192	339	0.430	6.670E-98	49	492	574	8118	9380	1263	8082	9425
131339647	-1	179	4.696E-43	1	10159	11487	712	179	0.280	3.737E-42	173	581	672	-11487	-10159	1329	11628	9763
131679397	-1	460	1.209E-127	1	73	1863	910	460	0.428	8.593E-137	127	734	752	-1863	-73	1791	1875	46
131684990	-1	219	4.271E-55	1	9937	10839	712	219	0.413	4.681E-55	22	321	346	-10839	-9937	903	11628	9763
131696429	-1	463	1.511E-128	1	73	1863	910	463	0.430	7.083E-138	131	738	756	-1863	-73	1791	1875	46
131731063	1	256	3.108E-66	2	7856	9389	170	52	1.000	1.685E-05	6	28	561	7856	7924	69	7790	7960
131731063	1	256	3.108E-66	2	7856	9389	192	231	0.336	6.525E-61	57	484	561	8133	9389	1257	8082	9425
131785799	-1	301	8.832E-80	1	10099	11082	712	301	0.493	2.247E-82	196	517	529	-11082	-10099	984	11628	9763
131798497	-1	270	1.897E-70	1	10225	11379	712	270	0.380	3.830E-72	257	675	680	-11379	-10225	1155	11628	9763
131798545	-1	344	1.004E-92	1	9925	11478	712	344	0.389	5.942E-97	117	572	590	-11478	-9925	1554	11628	9763
131810588	-1	452	3.094E-125	1	73	1863	910	452	0.423	4.397E-134	131	738	756	-1863	-73	1791	1875	46
131812022	-1	432	3.245E-119	1	193	1863	910	432	0.430	2.574E-127	131	698	755	-1863	-193	1671	1875	46
131838116	1	83	3.721E-14	1	8355	8570	192	83	0.575	3.649E-12	12	83	84	8355	8570	216	8082	9425
131846074	-1	459	2.417E-127	1	193	1863	910	459	0.449	1.174E-136	132	700	757	-1863	-193	1671	1875	46
131876491	-1	365	4.788E-99	1	9901	11376	712	365	0.422	2.436E-104	168	634	645	-11376	-9901	1476	11628	9763
131877742	-1	280	1.852E-73	1	9940	10839	712	280	0.500	2.519E-75	106	404	432	-10839	-9940	900	11628	9763
131883223	-1	361	7.661E-98	1	9934	11379	712	361	0.423	5.385E-103	170	654	679	-11379	-9934	1446	11628	9763
132041192	-1	362	3.830E-98	1	9937	11376	712	362	0.427	2.900E-103	169	626	652	-11376	-9937	1440	11628	9763
132077228	1	443	1.584E-122	3	7847	9685	170	49	0.855	2.171E-04	0	25	543	7847	7924	78	7790	7960
132077228	1	443	1.584E-122	3	7847	9685	192	358	0.466	2.038E-104	51	468	543	8127	9389	1263	8082	9425
132077228	1	443	1.584E-122	3	7847	9685	196	65	0.492	2.540E-09	475	542	543	9482	9685	204	9404	9685
132142123	-1	371	7.481E-101	1	9910	11376	712	371	0.429	3.189E-106	172	649	665	-11376	-9910	1467	11628	9763
132435977	-1	417	1.063E-114	1	49	1872	910	417	0.393	3.536E-122	143	763	773	-1872	-49	1824	1875	46
132526922	-1	447	9.901E-124	1	49	1872	910	447	0.411	1.853E-132	142	766	770	-1872	-49	1824	1875	46
132667656	-1	313	2.156E-83	1	67	1863	910	313	0.330	1.158E-86	146	695	1102	-1863	-67	1797	1875	46
132674538	-1	419	2.658E-115	1	49	1863	910	419	0.394	5.466E-123	146	767	772	-1863	-49	1815	1875	46
132680671	-1	410	1.361E-112	1	49	1863	910	410	0.388	9.563E-120	143	763	773	-1863	-49	1815	1875	46
132820931	-1	442	3.168E-122	1	49	1863	910	442	0.409	7.806E-131	152	773	776	-1863	-49	1815	1875	46
132853366	-1	412	3.402E-113	1	70	1863	910	412	0.390	1.479E-120	145	765	777	-1863	-70	1794	1875	46
132866201	-1	449	2.475E-124	1	64	1863	910	449	0.417	5.326E-133	145	759	767	-1863	-64	1800	1875	46
137329908	-1	301	8.832E-80	1	9907	11460	712	301	0.354	2.247E-82	151	663	675	-11460	-9907	1554	11628	9763
137375714	-1	308	6.900E-82	1	9898	11451	712	308	0.360	8.933E-85	129	635	649	-11451	-9898	1554	11628	9763
137387498	-1	310	1.725E-82	1	9898	11460	712	310	0.360	1.039E-85	164	673	684	-11460	-9898	1563	11628	9763
137918570	1	158	9.848E-37	1	8094	9383	192	158	0.256	1.731E-36	44	496	582	8094	9383	1290	8082	9425
138052838	1	461	6.043E-128	4	7847	9682	170	57	1.000	1.933E-07	0	25	540	7847	7924	78	7790	7960
138052838	1	461	6.043E-128	4	7847	9682	175	36	0.659	3.536E+00	25	48	540	7979	8053	75	7979	8098
138052838	1	461	6.043E-128	4	7847	9682	192	325	0.431	2.719E-93	38	461	540	8103	9377	1275	8082	9425
138052838	1	461	6.043E-128	4	7847	9682	196	60	0.455	1.565E-07	471	539	540	9479	9682	204	9404	9685
138173051	-1	413	1.701E-113	1	193	1863	910	413	0.415	1.084E-120	137	706	765	-1863	-193	1671	1875	46
138302736	-1	417	1.063E-114	1	49	1863	910	417	0.393	2.591E-122	143	762	772	-1863	-49	1815	1875	46
138360693	1	424	8.306E-117	3	7847	9685	170	51	0.889	4.393E-05	0	25	543	7847	7924	78	7790	7960
138360693	1	424	8.306E-117	3	7847	9685	192	340	0.441	1.912E-98	43	473	543	8118	9404	1287	8082	9425
138360693	1	424	8.306E-117	3	7847	9685	196	64	0.594	4.788E-09	490	542	543	9527	9685	159	9404	9685
138433350	-1	341	8.033E-92	1	9919	11376	712	341	0.405	5.161E-96	155	623	644	-11376	-9919	1458	11628	9763
139503067	1	154	1.576E-35	1	8103	9389	192	154	0.254	2.602E-35	53	501	579	8103	9389	1287	8082	9425
139747483	-1	360	1.532E-97	1	9898	11496	712	360	0.394	1.857E-102	149	651	662	-11496	-9898	1599	11628	9763
140352986	1	266	3.035E-69	2	7979	9401	175	36	0.541	2.563E+00	26	57	550	7979	8074	96	7979	8098
140352986	1	266	3.035E-69	2	7979	9401	192	233	0.340	1.394E-61	54	477	550	8130	9401	1272	8082	9425
140542915	1	408	5.443E-112	3	7847	9685	170	49	0.869	1.146E-04	0	25	543	7847	7924	78	7790	7960
140542915	1	408	5.443E-112	3	7847	9685	192	327	0.437	1.066E-93	51	466	543	8127	9383	1257	8082	9425
140542915	1	408	5.443E-112	3	7847	9685	196	63	0.479	1.239E-08	475	542	543	9482	9685	204	9404	9685
141791937	-1	297	1.413E-78	1	9898	11460	712	297	0.350	3.554E-81	167	661	671	-11460	-9898	1563	11628	9763
143245623	-1	299	3.533E-79	1	9898	11370	712	299	0.366	7.668E-82	191	664	678	-11370	-9898	1473	11628	9763
143538024	-1	286	2.894E-75	1	9907	11373	712	286	0.355	2.565E-77	213	684	697	-11373	-9907	1467	11628	9763
144392689	1	158	9.848E-37	1	8103	9389	192	158	0.257	1.731E-36	53	501	579	8103	9389	1287	8082	9425
144554862	-1	271	9.484E-71	1	9934	11373	712	271	0.347	1.534E-72	197	652	678	-11373	-9934	1440	11628	9763
144704002	1	389	2.854E-106	2	8130	9658	192	342	0.448	4.009E-99	52	470	570	8130	9404	1275	8082	9425
144704002	1	389	2.854E-106	2	8130	9658	196	48	0.428	2.105E-03	473	531	570	9482	9658	177	9404	9685
145005538	1	414	8.505E-114	2	8130	9676	192	359	0.457	1.090E-104	59	491	572	8130	9383	1254	8082	9425
145005538	1	414	8.505E-114	2	8130	9676	196	62	0.467	3.208E-08	500	568	572	9470	9676	207	9404	9685
145132027	-1	295	5.653E-78	1	9940	11451	712	295	0.356	1.212E-80	191	683	711	-11451	-9940	1512	11628	9763
146195592	-1	443	1.584E-122	1	193	1863	910	443	0.438	3.064E-131	131	698	755	-1863	-193	1671	1875	46
146226931	-1	321	8.423E-86	1	9916	11376	712	321	0.373	1.884E-89	217	730	751	-11376	-9916	1461	11628	9763
146237126	-1	460	1.209E-127	1	73	1872	910	460	0.427	8.593E-137	128	738	756	-1872	-73	1800	1875	46
146302504	1	406	2.177E-111	3	7847	9679	170	51	0.889	4.393E-05	0	25	536	7847	7924	78	7790	7960
146302504	1	406	2.177E-111	3	7847	9679	192	323	0.425	2.416E-92	38	462	536	8103	9392	1290	8082	9425
146302504	1	406	2.177E-111	3	7847	9679	196	46	0.371	1.407E-02	467	534	536	9479	9679	201	9404	9685
146315185	-1	348	6.276E-94	1	9925	11376	712	348	0.412	1.458E-98	124	580	590	-11376	-9925	1452	11628	9763
146315750	-1	1180	0.000E+00	2	49	2429	879	213	0.707	1.459E-58	0	147	757	-2429	-1989	441	2480	1875
146315750	-1	1180	0.000E+00	2	49	2429	910	967	0.778	4.807E-312	147	755	757	-1872	-49	1824	1875	46
146344833	-1	372	3.741E-101	1	9904	11370	712	372	0.430	1.259E-106	187	652	662	-11370	-9904	1467	11628	9763
146344911	-1	376	2.338E-102	1	9922	11370	712	376	0.437	5.677E-108	187	644	663	-11370	-9922	1449	11628	9763
146359910	1	304	1.104E-80	1	8130	9413	192	304	0.405	4.096E-86	33	465	534	8130	9413	1284	8082	9425
146377872	1	416	2.126E-114	3	7847	9679	170	51	0.889	4.393E-05	0	25	538	7847	7924	78	7790	7960
146377872	1	416	2.126E-114	3	7847	9679	192	324	0.426	6.934E-93	38	464	538	8103	9392	1290	8082	9425
146377872	1	416	2.126E-114	3	7847	9679	196	55	0.430	7.021E-06	469	536	538	9479	9679	201	9404	9685
146394168	-1	362	3.830E-98	1	9901	11376	712	362	0.419	2.900E-103	151	625	634	-11376	-9901	1476	11628	9763
146410147	1	422	3.322E-116	3	7847	9685	170	50	0.875	8.323E-05	0	25	542	7847	7924	78	7790	7960
146410147	1	422	3.322E-116	3	7847	9685	192	330	0.441	6.422E-95	52	465	542	8130	9383	1254	8082	9425
146410147	1	422	3.322E-116	3	7847	9685	196	74	0.549	1.731E-12	474	541	542	9482	9685	204	9404	9685
146433787	1	354	9.806E-96	3	7844	9685	170	51	0.859	4.393E-05	0	26	560	7844	7924	81	7790	7960
146433787	1	354	9.806E-96	3	7844	9685	192	274	0.371	1.420E-75	53	491	560	8130	9413	1284	8082	9425
146433787	1	354	9.806E-96	3	7844	9685	196	55	0.418	9.640E-06	490	559	560	9476	9685	210	9404	9685
146440035	-1	411	6.804E-113	1	9934	11376	712	411	0.469	7.770E-120	176	642	670	-11376	-9934	1443	11628	9763
146479908	1	312	4.313E-83	1	8091	9422	192	312	0.404	8.036E-89	38	483	489	8091	9422	1332	8082	9425
146492341	-1	847	3.834E-244	2	82	2315	879	142	0.639	2.958E-34	24	134	769	-2315	-1989	327	2480	1875
146492341	-1	847	3.834E-244	2	82	2315	910	705	0.599	2.168E-221	134	739	769	-1872	-82	1791	1875	46
146496884	1	431	6.489E-119	3	7847	9679	170	55	0.961	1.311E-06	0	25	551	7847	7924	78	7790	7960
146496884	1	431	6.489E-119	3	7847	9679	192	360	0.468	4.267E-105	52	473	551	8130	9377	1248	8082	9425
146496884	1	431	6.489E-119	3	7847	9679	196	52	0.422	6.454E-05	486	548	551	9482	9679	198	9404	9685
146551464	1	400	1.394E-109	3	7847	9679	170	51	0.889	4.393E-05	0	25	536	7847	7924	78	7790	7960
146551464	1	400	1.394E-109	3	7847	9679	192	320	0.424	2.146E-91	38	459	536	8103	9383	1281	8082	9425
146551464	1	400	1.394E-109	3	7847	9679	196	46	0.376	7.471E-03	467	534	536	9479	9679	201	9404	9685
146642373	-1	357	1.226E-96	1	9898	11370	712	357	0.415	1.620E-101	130	601	607	-11370	-9898	1473	11628	9763
146643509	1	411	6.804E-113	3	7853	9679	170	50	0.949	6.046E-05	1	24	529	7853	7924	72	7790	7960
146643509	1	411	6.804E-113	3	7853	9679	192	325	0.435	3.715E-93	43	455	529	8136	9392	1257	8082	9425
146643509	1	411	6.804E-113	3	7853	9679	196	56	0.437	2.713E-06	460	527	529	9479	9679	201	9404	9685
146646316	1	403	1.742E-110	3	7847	9685	170	51	0.889	4.393E-05	0	25	544	7847	7924	78	7790	7960
146646316	1	403	1.742E-110	3	7847	9685	192	326	0.430	1.990E-93	51	475	544	8127	9407	1281	8082	9425
146646316	1	403	1.742E-110	3	7847	9685	196	64	0.594	4.788E-09	491	543	544	9527	9685	159	9404	9685
146672616	-1	283	2.315E-74	1	9898	11535	712	283	0.327	2.183E-76	124	672	686	-11535	-9898	1638	11628	9763
146715182	-1	381	7.306E-104	1	9907	11436	712	381	0.424	1.009E-109	136	629	642	-11436	-9907	1530	11628	9763
146720619	1	424	8.306E-117	3	7844	9143	170	53	0.891	8.897E-06	0	26	768	7844	7924	81	7790	7960
146720619	1	424	8.306E-117	3	7844	9143	175	43	0.687	1.091E-02	26	54	768	7979	8065	87	7979	8098
146720619	1	424	8.306E-117	3	7844	9143	192	342	0.503	5.480E-99	40	404	768	8103	9143	1041	8082	9425
146924476	-1	432	3.245E-119	1	49	1863	910	432	0.403	1.885E-127	151	771	774	-1863	-49	1815	1875	46
146957349	-1	427	1.038E-117	1	49	1863	910	427	0.400	1.475E-125	146	765	775	-1863	-49	1815	1875	46
146999712	-1	436	2.028E-120	1	46	1863	910	436	0.413	1.560E-128	142	740	742	-1863	-46	1818	1875	46
147180179	-1	395	4.459E-108	1	49	1863	910	395	0.385	1.291E-114	142	730	740	-1863	-49	1815	1875	46
147264972	-1	662	1.880E-188	2	49	2318	879	113	0.546	4.656E-24	19	120	737	-2318	-2001	318	2480	1875
147264972	-1	662	1.880E-188	2	49	2318	910	554	0.495	4.254E-169	127	710	737	-1863	-49	1815	1875	46
147283803	-1	419	2.658E-115	1	49	1863	910	419	0.394	5.466E-123	142	762	772	-1863	-49	1815	1875	46
147325865	-1	424	8.306E-117	1	49	1863	910	424	0.397	1.304E-124	146	767	772	-1863	-49	1815	1875	46
147326301	-1	422	3.322E-116	1	49	1863	910	422	0.395	8.444E-124	146	767	772	-1863	-49	1815	1875	46
147362804	-1	440	1.267E-121	1	49	1863	910	440	0.408	3.708E-130	152	773	776	-1863	-49	1815	1875	46
147432643	-1	517	8.387E-145	2	61	2315	879	92	0.483	6.835E-17	31	129	773	-2315	-2016	300	2480	1875
147432643	-1	517	8.387E-145	2	61	2315	910	435	0.407	2.130E-128	141	757	773	-1863	-61	1803	1875	46
152482883	1	419	2.658E-115	3	7847	9679	170	51	0.889	4.393E-05	0	25	538	7847	7924	78	7790	7960
152482883	1	419	2.658E-115	3	7847	9679	192	326	0.428	1.457E-93	38	464	538	8103	9392	1290	8082	9425
152482883	1	419	2.658E-115	3	7847	9679	196	56	0.437	2.713E-06	469	536	538	9479	9679	201	9404	9685
152573309	1	350	1.569E-94	2	7844	9383	170	53	0.776	4.698E-06	0	31	521	7844	7939	96	7790	7960
152573309	1	350	1.569E-94	2	7844	9383	192	302	0.413	3.627E-85	26	442	521	8130	9383	1254	8082	9425
153475595	1	391	7.135E-107	3	7847	9679	170	51	0.895	3.192E-05	0	25	541	7847	7924	78	7790	7960
153475595	1	391	7.135E-107	3	7847	9679	192	303	0.409	1.043E-85	38	462	541	8103	9377	1275	8082	9425
153475595	1	391	7.135E-107	3	7847	9679	196	56	0.435	3.725E-06	472	539	541	9479	9679	201	9404	9685
154085549	-1	441	6.337E-122	1	49	1863	910	441	0.408	2.715E-130	152	773	776	-1863	-49	1815	1875	46
154753410	1	351	7.845E-95	1	8118	9398	192	351	0.436	5.663E-102	49	499	573	8118	9398	1281	8082	9425
154766220	1	405	4.355E-111	2	8094	9685	192	337	0.433	3.179E-97	39	476	545	8094	9407	1314	8082	9425
154766220	1	405	4.355E-111	2	8094	9685	196	68	0.508	1.464E-10	476	544	545	9479	9685	207	9404	9685
155417929	1	535	3.199E-150	4	7856	9685	170	54	1.000	3.414E-06	2	24	570	7856	7924	69	7790	7960
155417929	1	535	3.199E-150	4	7856	9685	175	44	0.804	4.173E-03	24	48	570	7979	8053	75	7979	8098
155417929	1	535	3.199E-150	4	7856	9685	192	383	0.458	4.100E-113	38	499	570	8103	9419	1317	8082	9425
155417929	1	535	3.199E-150	4	7856	9685	196	64	0.484	6.574E-09	502	569	570	9482	9685	204	9404	9685
155644936	1	462	3.022E-128	4	7847	9682	170	57	1.000	1.933E-07	0	25	540	7847	7924	78	7790	7960
155644936	1	462	3.022E-128	4	7847	9682	175	36	0.659	3.536E+00	25	48	540	7979	8053	75	7979	8098
155644936	1	462	3.022E-128	4	7847	9682	192	327	0.433	7.802E-94	38	461	540	8103	9377	1275	8082	9425
155644936	1	462	3.022E-128	4	7847	9682	196	59	0.450	2.950E-07	471	539	540	9479	9682	204	9404	9685
155736584	1	346	2.510E-93	2	7844	9413	170	52	0.799	1.685E-05	0	29	567	7844	7933	90	7790	7960
155736584	1	346	2.510E-93	2	7844	9413	192	323	0.418	2.416E-92	60	498	567	8103	9413	1311	8082	9425
156136604	-1	418	5.316E-115	1	49	1863	910	418	0.394	1.390E-122	146	765	770	-1863	-49	1815	1875	46
156740699	-1	322	4.212E-86	1	9925	10941	712	322	0.503	1.385E-89	51	393	403	-10941	-9925	1017	11628	9763
156773701	-1	317	1.348E-84	1	9910	11370	712	317	0.369	5.569E-88	226	739	751	-11370	-9910	1461	11628	9763
156891870	-1	361	7.661E-98	1	9934	11379	712	361	0.424	1.000E-102	170	650	675	-11379	-9934	1446	11628	9763
157001139	1	415	4.253E-114	3	7847	9404	170	55	0.955	1.803E-06	0	25	539	7847	7924	78	7790	7960
157001139	1	415	4.253E-114	3	7847	9404	175	35	0.645	6.733E+00	25	48	539	7979	8053	75	7979	8098
157001139	1	415	4.253E-114	3	7847	9404	192	327	0.432	1.066E-93	52	469	539	8130	9404	1275	8082	9425
157354580	1	547	7.811E-154	3	7979	9685	175	40	0.742	7.477E-02	24	48	557	7979	8053	75	7979	8098
157354580	1	547	7.811E-154	3	7979	9685	192	445	0.535	1.753E-134	43	482	557	8118	9395	1278	8082	9425
157354580	1	547	7.811E-154	3	7979	9685	196	73	0.548	4.480E-12	490	556	557	9485	9685	201	9404	9685
157425457	1	377	1.169E-102	3	7847	9679	170	53	0.928	6.465E-06	0	25	516	7847	7924	78	7790	7960
157425457	1	377	1.169E-102	3	7847	9679	192	301	0.405	9.234E-85	38	440	516	8103	9383	1281	8082	9425
157425457	1	377	1.169E-102	3	7847	9679	196	40	0.340	1.618E+00	448	513	516	9482	9679	198	9404	9685
158184395	-1	364	9.576E-99	1	9907	11376	712	364	0.422	4.526E-104	163	641	654	-11376	-9907	1470	11628	9763
158386360	-1	289	3.618E-76	1	9940	11370	712	289	0.364	2.216E-78	193	649	678	-11370	-9940	1431	11628	9763
158557049	-1	291	9.044E-77	1	9898	11412	712	291	0.351	3.528E-79	236	743	755	-11412	-9898	1515	11628	9763
158574425	-1	292	4.522E-77	1	9898	10845	712	292	0.497	1.407E-79	217	506	511	-10845	-9898	948	11628	9763
159259132	1	589	1.776E-166	4	7847	9685	170	53	0.935	4.698E-06	0	25	555	7847	7924	78	7790	7960
159259132	1	589	1.776E-166	4	7847	9685	175	36	0.593	1.858E+00	25	53	555	7979	8065	87	7979	8098
159259132	1	589	1.776E-166	4	7847	9685	192	418	0.517	3.195E-125	53	483	555	8130	9398	1269	8082	9425
159259132	1	589	1.776E-166	4	7847	9685	196	83	0.605	1.181E-15	487	554	555	9482	9685	204	9404	9685
159475575	1	343	2.008E-92	1	8118	9380	192	343	0.434	2.934E-99	49	492	574	8118	9380	1263	8082	9425
160234640	-1	184	1.468E-44	1	10159	11376	712	184	0.299	1.468E-43	201	579	671	-11376	-10159	1218	11628	9763
160769377	-1	456	1.934E-126	1	73	1863	910	456	0.426	1.423E-135	131	738	756	-1863	-73	1791	1875	46
160776804	-1	433	1.622E-119	1	73	1863	910	433	0.410	1.011E-127	132	738	756	-1863	-73	1791	1875	46
160810088	1	308	6.900E-82	3	7847	9086	170	52	0.908	1.685E-05	0	25	382	7847	7924	78	7790	7960
160810088	1	308	6.900E-82	3	7847	9086	175	36	0.441	1.858E+00	25	66	382	7979	8089	111	7979	8098
160810088	1	308	6.900E-82	3	7847	9086	192	234	0.417	4.052E-62	52	361	382	8130	9086	957	8082	9425
160817873	-1	306	2.760E-81	1	9910	11493	712	306	0.354	2.246E-84	105	561	569	-11493	-9910	1584	11628	9763
160881958	1	61	1.561E-07	1	14744	14845	298	61	0.831	1.551E-08	0	33	34	14744	14845	102	14696	14887
160923779	-1	432	3.245E-119	1	73	1863	910	432	0.408	3.514E-127	131	739	769	-1863	-73	1791	1875	46
160929252	-1	261	9.711E-68	1	9937	11604	712	261	0.308	4.224E-69	89	640	668	-11604	-9937	1668	11628	9763
160941247	1	424	8.306E-117	3	7847	9685	170	51	0.889	4.393E-05	0	25	543	7847	7924	78	7790	7960
160941247	1	424	8.306E-117	3	7847	9685	192	340	0.441	3.571E-98	43	473	543	8118	9404	1287	8082	9425
160941247	1	424	8.306E-117	3	7847	9685	196	64	0.594	4.788E-09	490	542	543	9527	9685	159	9404	9685
160977489	-1	338	6.426E-91	1	9916	11370	712	338	0.403	3.290E-95	193	644	664	-11370	-9916	1455	11628	9763
161012942	-1	448	4.951E-124	1	193	1863	910	448	0.441	7.274E-133	131	699	742	-1863	-193	1671	1875	46
161081230	-1	351	7.845E-95	1	9898	11376	712	351	0.409	1.675E-99	152	621	631	-11376	-9898	1479	11628	9763
161105955	1	607	6.775E-172	4	7853	9685	170	54	1.000	2.481E-06	1	24	569	7853	7924	72	7790	7960
161105955	1	607	6.775E-172	4	7853	9685	175	47	0.852	4.436E-04	24	48	569	7979	8053	75	7979	8098
161105955	1	607	6.775E-172	4	7853	9685	192	437	0.528	1.272E-131	52	490	569	8130	9389	1260	8082	9425
161105955	1	607	6.775E-172	4	7853	9685	196	77	0.553	1.882E-13	499	568	569	9476	9685	210	9404	9685
161132300	1	629	1.615E-178	4	7853	9685	170	55	1.000	1.803E-06	1	24	559	7853	7924	72	7790	7960
161132300	1	629	1.615E-178	4	7853	9685	175	47	0.859	3.221E-04	24	48	559	7979	8053	75	7979	8098
161132300	1	629	1.615E-178	4	7853	9685	192	460	0.547	8.502E-140	43	484	559	8118	9395	1278	8082	9425
161132300	1	629	1.615E-178	4	7853	9685	196	76	0.563	2.584E-13	491	558	559	9482	9685	204	9404	9685
161146866	1	257	1.554E-66	2	7844	9413	170	50	0.846	8.323E-05	0	26	541	7844	7924	81	7790	7960
161146866	1	257	1.554E-66	2	7844	9413	192	233	0.339	1.024E-61	54	472	541	8133	9413	1281	8082	9425
161216955	1	213	2.733E-53	2	8355	9646	192	171	0.312	1.086E-40	95	440	519	8355	9413	1059	8082	9425
161216955	1	213	2.733E-53	2	8355	9646	196	41	0.396	6.269E-01	441	495	519	9482	9646	165	9404	9685
161461986	-1	413	1.701E-113	1	49	1863	910	413	0.390	5.818E-121	141	762	773	-1863	-49	1815	1875	46
161500236	-1	535	3.199E-150	2	67	2315	879	91	0.478	1.733E-16	37	136	771	-2315	-2016	300	2480	1875
161500236	-1	535	3.199E-150	2	67	2315	910	454	0.421	6.769E-135	148	762	771	-1863	-67	1797	1875	46
161554701	-1	461	6.043E-128	2	49	2285	879	65	0.398	8.431E-08	10	97	755	-2285	-2016	270	2480	1875
161554701	-1	461	6.043E-128	2	49	2285	910	406	0.377	1.571E-118	109	750	755	-1863	-49	1815	1875	46
161575061	-1	412	3.402E-113	1	49	1863	910	412	0.390	1.479E-120	143	763	773	-1863	-49	1815	1875	46
161595171	-1	426	2.076E-117	1	49	1863	910	426	0.398	3.754E-125	146	767	772	-1863	-49	1815	1875	46
161703007	-1	418	5.316E-115	1	49	1863	910	418	0.395	1.390E-122	137	754	765	-1863	-49	1815	1875	46
161725667	-1	420	1.329E-115	1	49	1854	910	420	0.396	4.004E-123	1	618	628	-1854	-49	1806	1875	46
161836043	-1	519	2.097E-145	2	61	2315	879	90	0.475	3.222E-16	31	129	773	-2315	-2016	300	2480	1875
161836043	-1	519	2.097E-145	2	61	2315	910	439	0.410	9.444E-130	141	757	773	-1863	-61	1803	1875	46
161902544	-1	90	2.907E-16	1	2016	2315	879	90	0.477	2.363E-16	43	142	165	-2315	-2016	300	2480	1875
161940716	-1	289	3.618E-76	1	49	1533	910	289	0.349	1.176E-78	0	507	517	-1533	-49	1485	1875	46
162016104	-1	486	1.801E-135	2	49	2285	879	64	0.387	2.101E-07	10	101	750	-2285	-2016	270	2480	1875
162016104	-1	486	1.801E-135	2	49	2285	910	432	0.398	1.885E-127	113	745	750	-1863	-49	1815	1875	46
163176992	-1	347	1.255E-93	1	76	1875	910	347	0.354	2.529E-98	121	703	720	-1875	-76	1800	1875	46
166434820	-1	297	1.413E-78	1	9907	11460	712	297	0.351	3.554E-81	152	665	677	-11460	-9907	1554	11628	9763
166478244	-1	282	4.631E-74	1	9925	11460	712	282	0.341	4.025E-76	165	657	680	-11460	-9925	1536	11628	9763
166554653	-1	299	3.533E-79	1	9898	11451	712	299	0.352	1.042E-81	154	672	686	-11451	-9898	1554	11628	9763
167286919	-1	313	2.156E-83	1	9898	11469	712	313	0.361	1.207E-86	133	649	665	-11469	-9898	1572	11628	9763
167346323	-1	343	2.008E-92	1	9898	11376	712	343	0.402	8.092E-97	155	635	650	-11376	-9898	1479	11628	9763
168393715	-1	344	1.004E-92	1	9898	11376	712	344	0.403	5.942E-97	155	629	639	-11376	-9898	1479	11628	9763
168967622	-1	304	1.104E-80	1	9901	10836	712	304	0.517	1.928E-83	260	569	584	-10836	-9901	936	11628	9763
169149401	1	449	2.475E-124	4	7847	9679	170	51	0.902	2.319E-05	0	25	539	7847	7924	78	7790	7960
169149401	1	449	2.475E-124	4	7847	9679	175	40	0.589	1.421E-01	25	55	539	7979	8074	96	7979	8098
169149401	1	449	2.475E-124	4	7847	9679	192	321	0.427	6.160E-92	43	465	539	8118	9392	1275	8082	9425
169149401	1	449	2.475E-124	4	7847	9679	196	51	0.403	2.292E-04	470	537	539	9479	9679	201	9404	9685
170326260	-1	308	6.900E-82	1	9898	11535	712	308	0.347	6.570E-85	137	627	638	-11535	-9898	1638	11628	9763
170418825	1	431	6.489E-119	3	7847	9685	170	50	0.875	8.323E-05	0	25	544	7847	7924	78	7790	7960
170418825	1	431	6.489E-119	3	7847	9685	192	336	0.434	8.114E-97	42	474	544	8103	9404	1302	8082	9425
170418825	1	431	6.489E-119	3	7847	9685	196	62	0.483	3.208E-08	478	543	544	9488	9685	198	9404	9685
170707402	-1	397	1.115E-108	1	9934	11628	712	397	0.405	4.102E-115	89	640	668	-11628	-9934	1695	11628	9763
171322427	-1	414	8.505E-114	1	70	1863	910	414	0.388	4.262E-121	130	755	769	-1863	-70	1794	1875	46
172765966	-1	851	2.397E-245	2	46	2315	879	139	0.627	3.637E-33	24	134	753	-2315	-1989	327	2480	1875
172765966	-1	851	2.397E-245	2	46	2315	910	712	0.595	7.612E-224	134	751	753	-1872	-46	1827	1875	46
172816523	-1	379	2.922E-103	1	9907	11628	712	379	0.388	3.486E-109	85	655	668	-11628	-9907	1722	11628	9763
172997712	-1	340	1.607E-91	1	9898	11376	712	340	0.400	7.028E-96	155	620	635	-11376	-9898	1479	11628	9763
173265662	1	365	4.788E-99	2	7847	9392	170	53	0.928	6.465E-06	0	25	539	7847	7924	78	7790	7960
173265662	1	365	4.788E-99	2	7847	9392	192	323	0.425	1.768E-92	38	465	539	8103	9392	1290	8082	9425
173487845	1	590	8.880E-167	4	7853	9685	170	54	1.000	3.414E-06	1	24	569	7853	7924	72	7790	7960
173487845	1	590	8.880E-167	4	7853	9685	175	47	0.859	3.221E-04	24	48	569	7979	8053	75	7979	8098
173487845	1	590	8.880E-167	4	7853	9685	192	426	0.517	8.273E-128	52	490	569	8130	9389	1260	8082	9425
173487845	1	590	8.880E-167	4	7853	9685	196	73	0.544	3.263E-12	501	568	569	9482	9685	204	9404	9685
173505578	-1	359	3.064E-97	1	9898	11628	712	359	0.372	3.448E-102	88	646	661	-11628	-9898	1731	11628	9763
173610195	-1	361	7.661E-98	1	9916	11376	712	361	0.422	5.385E-103	189	669	691	-11376	-9916	1461	11628	9763
173661060	-1	306	2.760E-81	1	9940	11613	712	306	0.341	3.053E-84	124	600	625	-11613	-9940	1674	11628	9763
173856246	1	404	8.709E-111	2	8103	9676	192	353	0.440	6.349E-103	47	496	570	8103	9398	1296	8082	9425
173856246	1	404	8.709E-111	2	8103	9676	196	55	0.447	5.114E-06	502	566	570	9482	9676	195	9404	9685
173945657	-1	413	1.701E-113	1	49	1863	910	413	0.390	5.818E-121	162	782	787	-1863	-49	1815	1875	46
175266736	-1	461	6.043E-128	1	73	1863	910	461	0.429	3.370E-137	132	739	757	-1863	-73	1791	1875	46
175277102	-1	457	9.669E-127	1	73	1863	910	457	0.426	7.628E-136	112	719	737	-1863	-73	1791	1875	46
175281397	-1	281	9.261E-74	1	10135	11376	712	281	0.395	7.418E-76	161	497	520	-11376	-10135	1242	11628	9763
175296585	-1	75	9.525E-12	1	4897	5046	817	75	0.715	2.657E-11	21	70	95	-5046	-4897	150	5418	4858
175337265	-1	225	6.674E-57	1	9946	11358	712	225	0.310	5.177E-57	183	583	606	-11358	-9946	1413	11628	9763
175433049	-1	451	6.188E-125	1	73	1863	910	451	0.422	8.203E-134	131	738	756	-1863	-73	1791	1875	46
175470520	-1	319	3.369E-85	1	9916	11370	712	319	0.386	1.195E-88	180	613	633	-11370	-9916	1455	11628	9763
175490192	-1	415	4.253E-114	1	9913	11628	712	415	0.416	1.863E-121	89	595	614	-11628	-9913	1716	11628	9763
175575441	-1	876	7.142E-253	2	49	2315	879	154	0.695	2.408E-38	50	155	780	-2315	-1989	327	2480	1875
175575441	-1	876	7.142E-253	2	49	2315	910	722	0.598	2.965E-227	155	777	780	-1872	-49	1824	1875	46
175596578	1	414	8.505E-114	3	7841	9679	170	50	0.819	8.323E-05	50	77	589	7841	7924	84	7790	7960
175596578	1	414	8.505E-114	3	7841	9679	192	334	0.436	2.830E-96	90	515	589	8103	9392	1290	8082	9425
175596578	1	414	8.505E-114	3	7841	9679	196	44	0.361	4.991E-02	520	587	589	9479	9679	201	9404	9685
175599532	-1	330	1.645E-88	1	9898	11376	712	330	0.391	2.916E-92	141	557	569	-11376	-9898	1479	11628	9763
175674970	-1	357	1.226E-96	1	9898	11628	712	357	0.371	1.189E-101	89	651	667	-11628	-9898	1731	11628	9763
175780334	1	637	6.310E-181	4	7856	9685	170	54	1.000	2.481E-06	4	26	572	7856	7924	69	7790	7960
175780334	1	637	6.310E-181	4	7856	9685	175	36	0.604	2.563E+00	26	53	572	7979	8062	84	7979	8098
175780334	1	637	6.310E-181	4	7856	9685	192	465	0.530	1.968E-141	40	504	572	8103	9419	1317	8082	9425
175780334	1	637	6.310E-181	4	7856	9685	196	93	0.684	4.284E-19	506	571	572	9488	9685	198	9404	9685
175782648	1	584	5.683E-165	4	7853	9685	170	59	0.870	7.425E-08	1	31	597	7853	7942	90	7790	7960
175782648	1	584	5.683E-165	4	7853	9685	175	45	0.824	1.596E-03	48	72	597	7979	8053	75	7979	8098
175782648	1	584	5.683E-165	4	7853	9685	192	433	0.520	2.139E-130	76	518	597	8130	9389	1260	8082	9425
175782648	1	584	5.683E-165	4	7853	9685	196	72	0.536	8.446E-12	529	596	597	9482	9685	204	9404	9685
176040433	-1	300	1.766E-79	1	49	1560	910	300	0.352	2.177E-82	1	522	527	-1560	-49	1512	1875	46
176067880	-1	415	4.253E-114	1	55	1863	910	415	0.387	2.288E-121	145	774	783	-1863	-55	1809	1875	46
176082963	-1	468	4.721E-130	1	49	1863	910	468	0.427	8.975E-140	152	772	775	-1863	-49	1815	1875	46
176230403	-1	418	5.316E-115	1	193	1863	910	418	0.416	1.898E-122	140	713	772	-1863	-193	1671	1875	46
176239237	-1	415	4.253E-114	1	49	1863	910	415	0.391	1.676E-121	144	764	774	-1863	-49	1815	1875	46
176283921	-1	411	6.804E-113	1	49	1863	910	411	0.389	2.756E-120	146	766	771	-1863	-49	1815	1875	46
176306348	-1	418	5.316E-115	1	49	1863	910	418	0.394	1.390E-122	142	762	772	-1863	-49	1815	1875	46
176369063	-1	385	4.566E-105	1	49	1863	910	385	0.353	3.040E-111	165	831	835	-1863	-49	1815	1875	46
176425389	-1	439	2.535E-121	1	61	1863	910	439	0.412	9.444E-130	141	753	760	-1863	-61	1803	1875	46
176429885	-1	417	1.063E-114	1	49	1863	910	417	0.393	4.827E-122	145	764	775	-1863	-49	1815	1875	46
176435281	-1	455	3.868E-126	1	46	1863	910	455	0.418	3.628E-135	145	766	768	-1863	-46	1818	1875	46
176446118	-1	424	8.306E-117	1	49	1863	910	424	0.397	1.781E-124	146	767	772	-1863	-49	1815	1875	46
176461120	-1	423	1.661E-116	1	49	1863	910	423	0.396	2.431E-124	146	768	773	-1863	-49	1815	1875	46
176492474	-1	449	2.475E-124	1	49	1863	910	449	0.416	2.855E-133	145	763	766	-1863	-49	1815	1875	46
176503521	-1	530	1.024E-148	1	55	1860	910	530	0.480	6.069E-161	55	648	1138	-1860	-55	1806	1875	46
180895423	-1	314	1.078E-83	1	9898	11469	712	314	0.362	8.878E-87	133	647	662	-11469	-9898	1572	11628	9763
181000360	-1	303	2.208E-80	1	9898	11451	712	303	0.356	3.562E-83	152	663	677	-11451	-9898	1554	11628	9763
181011877	-1	302	4.416E-80	1	9940	11460	712	302	0.360	8.948E-83	135	625	653	-11460	-9940	1521	11628	9763
181710684	-1	368	5.985E-100	1	9907	11376	712	368	0.425	2.788E-105	166	647	660	-11376	-9907	1470	11628	9763
181727946	1	158	9.848E-37	1	8103	9269	192	158	0.269	1.731E-36	42	457	579	8103	9269	1167	8082	9425
181930542	1	163	3.078E-38	1	8130	9389	192	163	0.268	3.421E-38	56	486	572	8130	9389	1260	8082	9425
183376332	1	395	4.459E-108	3	7847	9679	170	51	0.895	3.192E-05	0	25	541	7847	7924	78	7790	7960
183376332	1	395	4.459E-108	3	7847	9679	192	306	0.412	1.608E-86	38	462	541	8103	9377	1275	8082	9425
183376332	1	395	4.459E-108	3	7847	9679	196	57	0.440	1.976E-06	472	539	541	9479	9679	201	9404	9685
183499432	-1	349	3.138E-94	1	9898	11370	712	349	0.409	5.768E-99	158	617	631	-11370	-9898	1473	11628	9763
183614208	-1	284	1.158E-74	1	9898	11370	712	284	0.353	8.722E-77	184	660	675	-11370	-9898	1473	11628	9763
183673156	1	344	1.004E-92	2	7856	9377	170	49	0.957	2.171E-04	3	25	553	7856	7924	69	7790	7960
183673156	1	344	1.004E-92	2	7856	9377	192	310	0.411	7.126E-88	42	472	553	8103	9377	1275	8082	9425
183683574	1	159	4.924E-37	1	8133	9413	192	159	0.262	7.004E-37	54	491	557	8133	9413	1281	8082	9425
183891310	-1	307	1.380E-81	1	9940	11532	712	307	0.353	1.652E-84	145	599	624	-11532	-9940	1593	11628	9763
184072366	-1	394	8.918E-108	1	49	1863	910	394	0.372	1.761E-114	145	779	784	-1863	-49	1815	1875	46
185476785	1	267	1.517E-69	1	8103	9377	192	267	0.372	2.042E-73	22	448	529	8103	9377	1275	8082	9425
185539683	1	412	3.402E-113	3	7847	9679	170	49	0.855	2.171E-04	0	25	537	7847	7924	78	7790	7960
185539683	1	412	3.402E-113	3	7847	9679	192	333	0.435	7.220E-96	38	463	537	8103	9392	1290	8082	9425
185539683	1	412	3.402E-113	3	7847	9679	196	44	0.361	4.991E-02	468	535	537	9479	9679	201	9404	9685
185647815	-1	306	2.760E-81	1	9898	11472	712	306	0.355	3.053E-84	160	666	677	-11472	-9898	1575	11628	9763
186580382	1	356	2.451E-96	2	7847	9392	170	49	0.869	1.146E-04	0	25	540	7847	7924	78	7790	7960
186580382	1	356	2.451E-96	2	7847	9392	192	323	0.428	2.416E-92	43	466	540	8118	9392	1275	8082	9425
186703213	-1	944	2.420E-273	2	9763	11997	684	90	0.471	1.906E-17	20	87	688	-11997	-11695	303	12000	11632
186703213	-1	944	2.420E-273	2	9763	11997	712	853	0.687	2.450E-272	88	687	688	-11628	-9763	1866	11628	9763
186821703	1	418	5.316E-115	3	7847	9685	170	49	0.855	2.171E-04	0	25	543	7847	7924	78	7790	7960
186821703	1	418	5.316E-115	3	7847	9685	192	341	0.445	1.399E-98	51	474	543	8127	9407	1281	8082	9425
186821703	1	418	5.316E-115	3	7847	9685	196	66	0.610	9.812E-10	490	542	543	9527	9685	159	9404	9685
187949522	-1	301	8.832E-80	1	9940	11613	712	301	0.337	2.247E-82	104	587	612	-11613	-9940	1674	11628	9763
188561227	1	140	2.582E-31	1	8373	9389	192	140	0.282	1.257E-30	99	432	510	8373	9389	1017	8082	9425
188882851	1	411	6.804E-113	3	7853	9682	170	50	0.942	8.323E-05	1	24	541	7853	7924	72	7790	7960
188882851	1	411	6.804E-113	3	7853	9682	192	319	0.420	5.470E-91	37	467	541	8103	9392	1290	8082	9425
188882851	1	411	6.804E-113	3	7853	9682	196	55	0.421	7.021E-06	471	540	541	9476	9682	207	9404	9685
189798608	-1	173	3.006E-41	1	10159	11388	712	173	0.287	3.043E-40	197	580	672	-11388	-10159	1230	11628	9763
189811528	-1	400	1.394E-109	1	9934	11628	712	400	0.408	3.419E-116	89	640	668	-11628	-9934	1695	11628	9763
189842323	1	320	1.685E-85	2	7844	9389	170	50	0.800	6.046E-05	0	28	551	7844	7924	81	7790	7960
189842323	1	320	1.685E-85	2	7844	9389	192	278	0.375	3.412E-77	38	477	551	8094	9389	1296	8082	9425
189873844	1	392	3.567E-107	2	7853	9377	170	53	0.999	6.465E-06	2	25	552	7853	7924	72	7790	7960
189873844	1	392	3.567E-107	2	7853	9377	192	348	0.444	3.694E-101	36	473	552	8097	9377	1281	8082	9425
189876559	1	452	3.094E-125	3	7847	9685	170	49	0.855	2.171E-04	0	25	543	7847	7924	78	7790	7960
189876559	1	452	3.094E-125	3	7847	9685	192	354	0.454	3.398E-103	39	468	543	8094	9389	1296	8082	9425
189876559	1	452	3.094E-125	3	7847	9685	196	66	0.497	1.347E-09	475	542	543	9482	9685	204	9404	9685
189892392	1	314	1.078E-83	2	8418	9685	192	262	0.442	1.154E-71	1	330	399	8418	9407	990	8082	9425
189892392	1	314	1.078E-83	2	8418	9685	196	66	0.610	9.812E-10	346	398	399	9527	9685	159	9404	9685
189901780	1	419	2.658E-115	3	7847	9676	170	48	0.836	5.664E-04	0	25	540	7847	7924	78	7790	7960
189901780	1	419	2.658E-115	3	7847	9676	192	342	0.448	4.009E-99	52	470	540	8130	9404	1275	8082	9425
189901780	1	419	2.658E-115	3	7847	9676	196	55	0.442	9.640E-06	473	537	540	9482	9676	195	9404	9685
189915253	1	424	8.306E-117	3	7847	9685	170	48	0.849	2.989E-04	0	25	544	7847	7924	78	7790	7960
189915253	1	424	8.306E-117	3	7847	9685	192	335	0.445	1.109E-96	52	469	544	8130	9389	1260	8082	9425
189915253	1	424	8.306E-117	3	7847	9685	196	69	0.507	7.768E-11	474	543	544	9476	9685	210	9404	9685
189952463	1	220	2.136E-55	2	7853	9419	170	53	0.992	8.897E-06	2	25	515	7853	7924	72	7790	7960
189952463	1	220	2.136E-55	2	7853	9419	192	200	0.299	1.265E-50	60	503	515	8127	9419	1293	8082	9425
189978403	-1	406	2.177E-111	1	73	1863	910	406	0.389	2.144E-118	129	740	758	-1863	-73	1791	1875	46
190010799	1	404	8.709E-111	1	8352	9410	192	404	0.589	3.468E-120	4	345	389	8352	9410	1059	8082	9425
190015201	1	192	5.733E-47	1	8133	9410	192	192	0.286	1.063E-47	59	513	581	8133	9410	1278	8082	9425
190116546	-1	288	7.235E-76	1	9937	10839	712	288	0.507	4.089E-78	221	523	546	-10839	-9937	903	11628	9763
190154710	-1	390	1.427E-106	1	9943	11376	712	390	0.453	8.034E-113	173	620	647	-11376	-9943	1434	11628	9763
190161891	1	589	1.776E-166	3	7844	9685	170	55	0.935	9.526E-07	0	26	563	7844	7924	81	7790	7960
190161891	1	589	1.776E-166	3	7844	9685	192	463	0.548	9.451E-141	40	483	563	8103	9383	1281	8082	9425
190161891	1	589	1.776E-166	3	7844	9685	196	93	0.670	3.121E-19	495	562	563	9482	9685	204	9404	9685
190174982	1	370	1.496E-100	3	7847	9685	170	48	0.842	4.114E-04	0	25	543	7847	7924	78	7790	7960
190174982	1	370	1.496E-100	3	7847	9685	192	302	0.413	3.627E-85	53	466	543	8133	9383	1251	8082	9425
190174982	1	370	1.496E-100	3	7847	9685	196	68	0.626	2.011E-10	490	542	543	9527	9685	159	9404	9685
190180648	1	183	2.935E-44	1	8133	9404	192	183	0.282	1.188E-44	55	498	577	8133	9404	1272	8082	9425
190211967	1	452	3.094E-125	4	7847	9682	170	54	0.948	2.481E-06	0	25	540	7847	7924	78	7790	7960
190211967	1	452	3.094E-125	4	7847	9682	175	32	0.590	8.886E+01	25	48	540	7979	8053	75	7979	8098
190211967	1	452	3.094E-125	4	7847	9682	192	323	0.429	1.294E-92	38	461	540	8103	9377	1275	8082	9425
190211967	1	452	3.094E-125	4	7847	9682	196	60	0.455	1.565E-07	471	539	540	9479	9682	204	9404	9685
190220264	-1	434	8.111E-120	1	73	1863	910	434	0.411	7.404E-128	132	738	756	-1863	-73	1791	1875	46
190303863	-1	409	2.722E-112	1	9934	11628	712	409	0.415	1.974E-119	89	641	669	-11628	-9934	1695	11628	9763
190319506	-1	365	4.788E-99	1	9898	11376	712	365	0.421	3.321E-104	151	611	625	-11376	-9898	1479	11628	9763
190548014	-1	436	2.028E-120	1	49	1863	910	436	0.406	1.142E-128	145	765	768	-1863	-49	1815	1875	46
190576529	-1	427	1.038E-117	1	49	1863	910	427	0.400	1.080E-125	142	761	771	-1863	-49	1815	1875	46
190578156	-1	512	2.684E-143	2	49	2315	879	88	0.467	1.517E-15	45	144	805	-2315	-2016	300	2480	1875
190578156	-1	512	2.684E-143	2	49	2315	910	434	0.393	5.422E-128	156	802	805	-1863	-49	1815	1875	46
190590609	-1	250	1.989E-64	1	46	1221	910	250	0.369	1.571E-65	0	403	405	-1221	-46	1176	1875	46
190795434	-1	413	1.701E-113	1	49	1863	910	413	0.390	7.941E-121	142	762	772	-1863	-49	1815	1875	46
190827738	-1	377	1.169E-102	1	49	1863	910	377	0.318	1.106E-108	146	910	915	-1863	-49	1815	1875	46
190880523	-1	419	2.658E-115	1	49	1863	910	419	0.394	5.466E-123	146	767	772	-1863	-49	1815	1875	46
190923694	-1	394	8.918E-108	1	49	1863	910	394	0.364	2.403E-114	165	817	821	-1863	-49	1815	1875	46
191025344	-1	429	2.596E-118	1	49	1863	910	429	0.400	3.109E-126	129	751	754	-1863	-49	1815	1875	46
195555382	-1	302	4.416E-80	1	9940	11460	712	302	0.360	8.948E-83	137	627	655	-11460	-9940	1521	11628	9763
195568305	1	150	2.521E-34	1	8130	9164	192	150	0.285	9.576E-34	56	412	571	8130	9164	1035	8082	9425
195612843	1	117	2.166E-24	1	8103	8687	192	117	0.358	3.526E-23	15	205	255	8103	8687	585	8082	9425
195646559	-1	313	2.156E-83	1	9898	11469	712	313	0.361	1.642E-86	133	653	668	-11469	-9898	1572	11628	9763
195802048	1	142	6.454E-32	1	8130	9164	192	142	0.282	2.827E-31	59	392	534	8130	9164	1035	8082	9425
196004526	-1	305	5.520E-81	1	9937	11388	712	305	0.375	5.643E-84	153	586	614	-11388	-9937	1452	11628	9763
196205862	1	609	1.694E-172	3	7844	9685	170	52	0.878	1.685E-05	0	26	565	7844	7924	81	7790	7960
196205862	1	609	1.694E-172	3	7844	9685	192	478	0.549	6.241E-146	40	496	565	8103	9410	1308	8082	9425
196205862	1	609	1.694E-172	3	7844	9685	196	90	0.647	5.404E-18	497	564	565	9482	9685	204	9404	9685
196725567	1	166	3.847E-39	1	8130	9389	192	166	0.269	4.118E-39	56	493	578	8130	9389	1260	8082	9425
197045289	1	449	2.475E-124	4	7847	9679	170	49	0.855	2.171E-04	0	25	537	7847	7924	78	7790	7960
197045289	1	449	2.475E-124	4	7847	9679	175	32	0.597	6.434E+01	25	48	537	7979	8053	75	7979	8098
197045289	1	449	2.475E-124	4	7847	9679	192	332	0.440	1.842E-95	52	463	537	8130	9392	1263	8082	9425
197045289	1	449	2.475E-124	4	7847	9679	196	40	0.339	8.599E-01	468	535	537	9479	9679	201	9404	9685
197700991	1	164	1.539E-38	1	8130	9389	192	164	0.271	1.381E-38	56	483	570	8130	9389	1260	8082	9425
197903958	-1	445	3.961E-123	1	49	1863	910	445	0.411	1.203E-131	145	765	768	-1863	-49	1815	1875	46
198293885	-1	311	8.625E-83	1	9898	11460	712	311	0.361	5.618E-86	165	675	687	-11460	-9898	1563	11628	9763
199080919	-1	347	1.255E-93	1	9898	11376	712	347	0.405	2.705E-98	175	669	685	-11376	-9898	1479	11628	9763
199250741	-1	415	4.253E-114	1	9934	11628	712	415	0.419	1.863E-121	90	640	668	-11628	-9934	1695	11628	9763
199286352	1	163	3.078E-38	1	8130	9341	192	163	0.270	3.421E-38	57	483	585	8130	9341	1212	8082	9425
199761900	-1	329	3.290E-88	1	9898	11370	712	329	0.391	7.353E-92	169	622	636	-11370	-9898	1473	11628	9763
199934857	-1	347	1.255E-93	1	9898	11628	712	347	0.363	2.705E-98	90	653	669	-11628	-9898	1731	11628	9763
200509479	-1	331	8.226E-89	1	9898	11379	712	331	0.392	8.494E-93	156	562	575	-11379	-9898	1482	11628	9763
200625161	-1	341	8.033E-92	1	9916	11388	712	341	0.402	3.790E-96	169	659	681	-11388	-9916	1473	11628	9763
200889659	-1	366	2.394E-99	1	9907	11379	712	366	0.423	1.312E-104	165	647	660	-11379	-9907	1473	11628	9763
202004466	-1	875	1.428E-252	2	49	2315	879	154	0.695	2.408E-38	28	133	758	-2315	-1989	327	2480	1875
202004466	-1	875	1.428E-252	2	49	2315	910	721	0.597	7.607E-227	133	755	758	-1872	-49	1824	1875	46
202278935	-1	278	7.409E-73	1	73	1836	910	278	0.268	6.232E-75	129	870	896	-1836	-73	1764	1875	46
202731318	-1	356	2.451E-96	1	9916	11409	712	356	0.410	3.007E-101	178	673	695	-11409	-9916	1494	11628	9763
203287891	-1	417	1.063E-114	1	49	1863	910	417	0.392	4.827E-122	162	782	787	-1863	-49	1815	1875	46
204396498	-1	339	3.213E-91	1	9916	11421	712	339	0.389	1.775E-95	136	645	662	-11421	-9916	1506	11628	9763
204401818	-1	458	4.835E-127	1	73	1872	910	458	0.426	2.992E-136	128	738	756	-1872	-73	1800	1875	46
204402725	-1	433	1.622E-119	1	73	1863	910	433	0.410	1.011E-127	132	738	756	-1863	-73	1791	1875	46
204413707	-1	392	3.567E-107	1	73	1803	910	392	0.391	8.325E-114	9	596	618	-1803	-73	1731	1875	46
204453185	-1	441	6.337E-122	1	9937	11628	712	441	0.439	2.236E-130	96	634	663	-11628	-9937	1692	11628	9763
204470539	-1	350	1.569E-94	1	9916	11388	712	350	0.406	4.235E-99	119	614	636	-11388	-9916	1473	11628	9763
204492982	1	304	1.104E-80	2	7844	9377	170	49	0.827	2.171E-04	0	26	547	7844	7924	81	7790	7960
204492982	1	304	1.104E-80	2	7844	9377	192	267	0.372	2.042E-73	40	466	547	8103	9377	1275	8082	9425
204510083	-1	294	1.131E-77	1	9898	11373	712	294	0.361	4.130E-80	224	677	691	-11373	-9898	1476	11628	9763
204521614	-1	334	1.028E-89	1	9916	11370	712	334	0.400	7.202E-94	161	594	614	-11370	-9916	1455	11628	9763
204542824	1	402	3.484E-110	2	8130	9673	192	353	0.452	6.349E-103	58	490	572	8130	9380	1251	8082	9425
204542824	1	402	3.484E-110	2	8130	9673	196	61	0.487	8.302E-08	504	567	572	9482	9673	192	9404	9685
204542928	-1	359	3.064E-97	1	9928	11376	712	359	0.422	4.698E-102	162	632	654	-11376	-9928	1449	11628	9763
204558601	1	325	5.265E-87	1	8130	9392	192	325	0.434	3.715E-93	19	429	503	8130	9392	1263	8082	9425
204568307	-1	287	1.447E-75	1	9940	10845	712	287	0.508	7.542E-78	230	501	525	-10845	-9940	906	11628	9763
204588367	1	407	1.089E-111	3	7847	9679	170	51	0.889	4.393E-05	0	25	536	7847	7924	78	7790	7960
204588367	1	407	1.089E-111	3	7847	9679	192	324	0.426	6.934E-93	38	462	536	8103	9392	1290	8082	9425
204588367	1	407	1.089E-111	3	7847	9679	196	46	0.373	1.025E-02	467	534	536	9479	9679	201	9404	9685
204604388	1	409	2.722E-112	3	7847	9685	170	51	0.889	4.393E-05	0	25	545	7847	7924	78	7790	7960
204604388	1	409	2.722E-112	3	7847	9685	192	334	0.438	2.830E-96	51	476	545	8127	9407	1281	8082	9425
204604388	1	409	2.722E-112	3	7847	9685	196	62	0.579	2.336E-08	492	544	545	9527	9685	159	9404	9685
204710256	1	119	5.414E-25	1	8721	9041	192	119	0.565	1.464E-23	0	106	116	8721	9041	321	8082	9425
204730537	-1	436	2.028E-120	1	46	1686	910	436	0.441	1.560E-128	7	559	561	-1686	-46	1641	1875	46
204819928	-1	442	3.168E-122	1	73	1863	910	442	0.416	7.806E-131	131	738	764	-1863	-73	1791	1875	46
204864050	1	416	2.126E-114	2	8118	9676	192	368	0.459	5.990E-108	52	493	572	8118	9383	1266	8082	9425
204864050	1	416	2.126E-114	2	8118	9676	196	57	0.458	1.439E-06	504	568	572	9482	9676	195	9404	9685
204882059	1	440	1.267E-121	4	7847	9679	170	51	0.902	2.319E-05	0	25	537	7847	7924	78	7790	7960
204882059	1	440	1.267E-121	4	7847	9679	175	33	0.617	2.444E+01	25	48	537	7979	8053	75	7979	8098
204882059	1	440	1.267E-121	4	7847	9679	192	320	0.425	1.571E-91	38	460	537	8103	9383	1281	8082	9425
204882059	1	440	1.267E-121	4	7847	9679	196	51	0.408	1.216E-04	468	535	537	9479	9679	201	9404	9685
205052967	-1	424	8.306E-117	1	49	1863	910	424	0.397	1.781E-124	146	767	772	-1863	-49	1815	1875	46
205085763	-1	688	2.802E-196	2	49	2318	879	119	0.568	2.296E-26	22	124	776	-2318	-1998	321	2480	1875
205085763	-1	688	2.802E-196	2	49	2318	910	573	0.499	9.232E-176	130	749	776	-1863	-49	1815	1875	46
205105306	-1	403	1.742E-110	1	196	1863	910	403	0.414	2.579E-117	152	709	752	-1863	-196	1668	1875	46
205170804	-1	441	6.337E-122	1	49	1863	910	441	0.409	1.456E-130	181	801	804	-1863	-49	1815	1875	46
205312830	-1	418	5.316E-115	1	49	1863	910	418	0.393	1.898E-122	143	763	773	-1863	-49	1815	1875	46
205337718	-1	450	1.238E-124	1	49	1863	910	450	0.415	2.090E-133	156	776	779	-1863	-49	1815	1875	46
205380444	-1	417	1.063E-114	1	49	1863	910	417	0.393	2.591E-122	146	767	772	-1863	-49	1815	1875	46
205400801	-1	455	3.868E-126	1	46	1863	910	455	0.414	2.656E-135	142	772	774	-1863	-46	1818	1875	46
205403878	-1	80	2.977E-13	1	2004	2315	879	80	0.416	5.389E-13	29	134	164	-2315	-2004	312	2480	1875
205427007	-1	695	2.189E-198	2	49	2318	879	109	0.533	5.657E-23	22	123	776	-2318	-2001	318	2480	1875
205427007	-1	695	2.189E-198	2	49	2318	910	591	0.510	3.722E-182	130	749	776	-1863	-49	1815	1875	46
205471612	-1	425	4.153E-117	1	49	1863	910	425	0.397	6.998E-125	146	769	774	-1863	-49	1815	1875	46
205527913	-1	436	2.028E-120	1	49	1863	910	436	0.406	1.142E-128	149	768	771	-1863	-49	1815	1875	46
205557320	-1	520	1.048E-145	1	46	1863	910	520	0.471	2.064E-157	133	728	739	-1863	-46	1818	1875	46
205559758	-1	433	1.622E-119	1	49	1863	910	433	0.404	1.011E-127	141	761	764	-1863	-49	1815	1875	46
205614082	-1	415	4.253E-114	1	49	1863	910	415	0.391	1.676E-121	144	764	774	-1863	-49	1815	1875	46
206155348	-1	301	8.832E-80	1	73	1866	910	301	0.284	8.662E-83	131	863	889	-1866	-73	1794	1875	46
210054194	1	139	5.163E-31	1	8373	9389	192	139	0.280	4.142E-30	25	349	432	8373	9389	1017	8082	9425
210073173	-1	311	8.625E-83	1	9898	11460	712	311	0.361	7.641E-86	177	687	701	-11460	-9898	1563	11628	9763
210337508	-1	278	7.409E-73	1	9898	11451	712	278	0.336	8.552E-75	147	646	659	-11451	-9898	1554	11628	9763
210733097	-1	305	5.520E-81	1	9898	11376	712	305	0.369	5.643E-84	248	742	754	-11376	-9898	1479	11628	9763
210763639	1	461	6.043E-128	4	7847	9679	170	51	0.889	4.393E-05	0	25	536	7847	7924	78	7790	7960
210763639	1	461	6.043E-128	4	7847	9679	175	35	0.652	4.879E+00	25	48	536	7979	8053	75	7979	8098
210763639	1	461	6.043E-128	4	7847	9679	192	332	0.441	9.866E-96	52	462	536	8130	9392	1263	8082	9425
210763639	1	461	6.043E-128	4	7847	9679	196	47	0.378	5.443E-03	467	534	536	9479	9679	201	9404	9685
211568582	-1	361	7.661E-98	1	9916	11628	712	361	0.376	1.000E-102	94	662	684	-11628	-9916	1713	11628	9763
212116213	-1	315	5.391E-84	1	9940	11628	712	315	0.345	2.594E-87	80	566	594	-11628	-9940	1689	11628	9763
212235212	-1	354	9.806E-96	1	9925	11424	712	354	0.407	1.923E-100	120	605	625	-11424	-9925	1500	11628	9763
212691730	-1	368	5.985E-100	1	9907	11376	712	368	0.425	2.788E-105	164	646	659	-11376	-9907	1470	11628	9763
212805898	1	370	1.496E-100	2	7853	9401	170	53	0.992	8.897E-06	2	25	551	7853	7924	72	7790	7960
212805898	1	370	1.496E-100	2	7853	9401	192	330	0.426	6.422E-95	40	478	551	8103	9401	1299	8082	9425
213104778	-1	392	3.567E-107	1	9898	11628	712	392	0.396	1.702E-113	89	651	667	-11628	-9898	1731	11628	9763
214013374	1	267	1.517E-69	2	7844	9413	170	51	0.872	2.319E-05	0	26	544	7844	7924	81	7790	7960
214013374	1	267	1.517E-69	2	7844	9413	192	241	0.346	2.119E-64	53	475	544	8130	9413	1284	8082	9425
214345355	1	412	3.402E-113	3	7847	9389	170	52	0.908	1.685E-05	0	25	537	7847	7924	78	7790	7960
214345355	1	412	3.402E-113	3	7847	9389	175	34	0.520	9.292E+00	25	55	537	7979	8074	96	7979	8098
214345355	1	412	3.402E-113	3	7847	9389	192	329	0.438	2.239E-94	52	462	537	8130	9389	1260	8082	9425
215254761	-1	366	2.394E-99	1	9907	11436	712	366	0.412	9.623E-105	135	616	631	-11436	-9907	1530	11628	9763
215326223	1	372	3.741E-101	2	8130	9679	192	327	0.436	5.711E-94	2	414	488	8130	9392	1263	8082	9425
215326223	1	372	3.741E-101	2	8130	9679	196	48	0.388	1.534E-03	419	486	488	9479	9679	201	9404	9685
215916713	-1	306	2.760E-81	1	9898	11457	712	306	0.357	3.053E-84	155	664	678	-11457	-9898	1560	11628	9763
215985869	1	657	6.017E-187	4	7853	9685	170	55	1.000	1.803E-06	5	28	569	7853	7924	72	7790	7960
215985869	1	657	6.017E-187	4	7853	9685	175	40	0.716	7.477E-02	28	53	569	7979	8056	78	7979	8098
215985869	1	657	6.017E-187	4	7853	9685	192	486	0.564	8.547E-149	43	492	569	8094	9401	1308	8082	9425
215985869	1	657	6.017E-187	4	7853	9685	196	94	0.694	1.206E-19	503	568	569	9488	9685	198	9404	9685
216014312	-1	409	2.722E-112	1	49	1863	910	409	0.388	1.781E-119	138	757	768	-1863	-49	1815	1875	46
216672114	1	642	1.972E-182	4	7844	9685	170	52	0.884	1.224E-05	0	26	565	7844	7924	81	7790	7960
216672114	1	642	1.972E-182	4	7844	9685	175	44	0.769	5.749E-03	26	51	565	7979	8056	78	7979	8098
216672114	1	642	1.972E-182	4	7844	9685	192	471	0.553	1.775E-143	40	485	565	8103	9383	1281	8082	9425
216672114	1	642	1.972E-182	4	7844	9685	196	95	0.682	6.402E-20	497	564	565	9482	9685	204	9404	9685
216700511	-1	366	2.394E-99	1	9919	11376	712	366	0.425	1.788E-104	170	657	681	-11376	-9919	1458	11628	9763
217474608	1	166	3.847E-39	1	8106	9401	192	166	0.266	3.043E-39	45	491	567	8106	9401	1296	8082	9425
217557463	-1	321	8.423E-86	1	9925	10941	712	321	0.501	2.563E-89	14	357	367	-10941	-9925	1017	11628	9763
217795688	-1	286	2.894E-75	1	9934	11373	712	286	0.360	1.391E-77	200	656	682	-11373	-9934	1440	11628	9763
217970320	1	241	1.018E-61	2	7847	9413	170	50	0.882	6.046E-05	0	25	572	7847	7924	78	7790	7960
217970320	1	241	1.018E-61	2	7847	9413	192	204	0.295	8.009E-52	40	502	572	8100	9413	1314	8082	9425
218137549	-1	457	9.669E-127	1	46	1863	910	457	0.419	5.584E-136	151	772	774	-1863	-46	1818	1875	46
218890710	-1	393	1.784E-107	1	73	1803	910	393	0.391	4.473E-114	13	600	622	-1803	-73	1731	1875	46
218968547	1	245	6.364E-63	3	7853	9646	170	51	0.970	2.319E-05	4	27	587	7853	7924	72	7790	7960
218968547	1	245	6.364E-63	3	7853	9646	192	184	0.281	3.511E-45	58	508	587	8133	9413	1281	8082	9425
218968547	1	245	6.364E-63	3	7853	9646	196	42	0.385	2.428E-01	505	563	587	9470	9646	177	9404	9685
218968626	-1	280	1.852E-73	1	9907	11457	712	280	0.337	1.367E-75	146	664	676	-11457	-9907	1551	11628	9763
219025761	-1	295	5.653E-78	1	9898	11403	712	295	0.357	1.647E-80	166	657	668	-11403	-9898	1506	11628	9763
219026541	-1	295	5.653E-78	1	9898	11403	712	295	0.357	1.647E-80	161	652	663	-11403	-9898	1506	11628	9763
219065312	1	394	8.918E-108	3	7847	9685	170	48	0.849	2.989E-04	0	25	545	7847	7924	78	7790	7960
219065312	1	394	8.918E-108	3	7847	9685	192	320	0.425	1.571E-91	53	476	545	8133	9410	1278	8082	9425
219065312	1	394	8.918E-108	3	7847	9685	196	66	0.610	9.812E-10	492	544	545	9527	9685	159	9404	9685
219073609	1	398	5.574E-109	3	7847	9679	170	53	0.922	8.897E-06	0	25	540	7847	7924	78	7790	7960
219073609	1	398	5.574E-109	3	7847	9679	192	307	0.413	4.624E-87	38	461	540	8103	9377	1275	8082	9425
219073609	1	398	5.574E-109	3	7847	9679	196	57	0.440	1.976E-06	471	538	540	9479	9679	201	9404	9685
219086893	-1	307	1.380E-81	1	73	1464	910	307	0.384	8.605E-85	18	488	506	-1464	-73	1392	1875	46
219087020	-1	436	2.028E-120	1	73	1863	910	436	0.411	1.142E-128	131	739	769	-1863	-73	1791	1875	46
219110495	1	610	8.469E-173	4	7856	9685	170	53	1.000	4.698E-06	2	24	562	7856	7924	69	7790	7960
219110495	1	610	8.469E-173	4	7856	9685	175	48	0.866	2.339E-04	24	48	562	7979	8053	75	7979	8098
219110495	1	610	8.469E-173	4	7856	9685	192	448	0.544	1.425E-135	51	483	562	8127	9389	1263	8082	9425
219110495	1	610	8.469E-173	4	7856	9685	196	74	0.579	1.261E-12	498	561	562	9494	9685	192	9404	9685
219135823	-1	343	2.008E-92	1	9916	11376	712	343	0.399	1.102E-96	199	696	717	-11376	-9916	1461	11628	9763
219158156	1	165	7.694E-39	1	8130	9422	192	165	0.270	7.542E-39	55	479	543	8130	9422	1293	8082	9425
219187655	1	364	9.576E-99	2	8091	9679	192	310	0.410	7.126E-88	38	470	548	8091	9383	1293	8082	9425
219187655	1	364	9.576E-99	2	8091	9679	196	63	0.488	1.701E-08	481	546	548	9482	9679	198	9404	9685
219242368	1	252	4.972E-65	3	7847	9389	170	51	0.889	4.393E-05	0	25	567	7847	7924	78	7790	7960
219242368	1	252	4.972E-65	3	7847	9389	175	34	0.574	1.282E+01	25	52	567	7979	8053	75	7979	8098
219242368	1	252	4.972E-65	3	7847	9389	192	169	0.272	4.944E-40	56	490	567	8130	9389	1260	8082	9425
219255029	1	429	2.596E-118	3	7847	9685	170	48	0.849	2.989E-04	0	25	543	7847	7924	78	7790	7960
219255029	1	429	2.596E-118	3	7847	9685	192	347	0.457	9.433E-101	51	466	543	8127	9383	1257	8082	9425
219255029	1	429	2.596E-118	3	7847	9685	196	65	0.494	1.850E-09	475	542	543	9482	9685	204	9404	9685
219294622	1	449	2.475E-124	4	7847	9682	170	54	0.948	2.481E-06	0	25	552	7847	7924	78	7790	7960
219294622	1	449	2.475E-124	4	7847	9682	175	32	0.590	8.886E+01	25	48	552	7979	8053	75	7979	8098
219294622	1	449	2.475E-124	4	7847	9682	192	324	0.436	9.474E-93	64	473	552	8130	9377	1248	8082	9425
219294622	1	449	2.475E-124	4	7847	9682	196	60	0.455	1.565E-07	483	551	552	9479	9682	204	9404	9685
219314357	-1	306	2.760E-81	1	9937	11388	712	306	0.376	3.053E-84	134	565	593	-11388	-9937	1452	11628	9763
219326852	1	416	2.126E-114	3	7847	9679	170	51	0.889	4.393E-05	0	25	537	7847	7924	78	7790	7960
219326852	1	416	2.126E-114	3	7847	9679	192	334	0.436	3.867E-96	38	463	537	8103	9392	1290	8082	9425
219326852	1	416	2.126E-114	3	7847	9679	196	45	0.368	1.931E-02	468	535	537	9479	9679	201	9404	9685
219329925	-1	347	1.255E-93	1	9916	11388	712	347	0.405	5.018E-98	169	662	684	-11388	-9916	1473	11628	9763
219419043	-1	310	1.725E-82	1	9940	10839	712	310	0.542	1.922E-85	272	562	590	-10839	-9940	900	11628	9763
219647803	-1	278	7.409E-73	1	865	1863	910	278	0.460	4.589E-75	61	387	391	-1863	-865	999	1875	46
219713219	-1	84	1.860E-14	1	2016	2291	879	84	0.479	3.347E-14	40	128	141	-2291	-2016	276	2480	1875
219759177	-1	419	2.658E-115	1	49	1863	910	419	0.395	7.461E-123	147	766	776	-1863	-49	1815	1875	46
219796482	-1	265	6.070E-69	1	70	1440	910	265	0.348	1.488E-70	24	490	508	-1440	-70	1371	1875	46
219914097	-1	662	1.880E-188	2	49	2339	879	111	0.513	1.623E-23	17	123	753	-2339	-2001	339	2480	1875
219914097	-1	662	1.880E-188	2	49	2339	910	556	0.496	8.891E-170	130	725	753	-1863	-49	1815	1875	46
219940014	-1	580	9.093E-164	1	49	1863	910	580	0.513	3.286E-178	93	685	709	-1863	-49	1815	1875	46
220033885	-1	406	2.177E-111	1	49	1863	910	406	0.385	2.926E-118	146	767	772	-1863	-49	1815	1875	46
220162159	-1	702	1.710E-200	2	49	2318	879	107	0.524	3.676E-22	26	127	784	-2318	-2001	318	2480	1875
220162159	-1	702	1.710E-200	2	49	2318	910	600	0.516	5.161E-185	134	754	784	-1863	-49	1815	1875	46
221713930	-1	243	2.546E-62	1	919	1836	910	243	0.441	5.010E-63	142	436	448	-1836	-919	918	1875	46
224647146	-1	297	1.413E-78	1	9907	11460	712	297	0.351	4.830E-81	152	664	676	-11460	-9907	1554	11628	9763
224717044	-1	315	5.391E-84	1	9913	11460	712	315	0.367	2.594E-87	163	666	684	-11460	-9913	1548	11628	9763
225452942	1	392	3.567E-107	3	7847	9679	170	50	0.875	8.323E-05	0	25	541	7847	7924	78	7790	7960
225452942	1	392	3.567E-107	3	7847	9679	192	304	0.410	7.639E-86	38	462	541	8103	9377	1275	8082	9425
225452942	1	392	3.567E-107	3	7847	9679	196	57	0.440	1.976E-06	472	539	541	9479	9679	201	9404	9685
225572231	-1	387	1.142E-105	1	49	1863	910	387	0.379	6.436E-112	138	730	741	-1863	-49	1815	1875	46
225916265	-1	358	6.129E-97	1	9916	11376	712	358	0.418	6.402E-102	189	676	698	-11376	-9916	1461	11628	9763
226222976	1	589	1.776E-166	4	7853	9685	170	53	1.000	4.698E-06	1	24	571	7853	7924	72	7790	7960
226222976	1	589	1.776E-166	4	7853	9685	175	46	0.838	8.414E-04	24	48	571	7979	8053	75	7979	8098
226222976	1	589	1.776E-166	4	7853	9685	192	429	0.519	4.922E-129	52	492	571	8130	9389	1260	8082	9425
226222976	1	589	1.776E-166	4	7853	9685	196	75	0.581	9.183E-13	507	570	571	9494	9685	192	9404	9685
227234538	1	277	1.482E-72	1	8355	9383	192	277	0.448	8.668E-77	13	352	431	8355	9383	1029	8082	9425
228178500	1	403	1.742E-110	2	8118	9676	192	355	0.447	1.330E-103	52	493	572	8118	9383	1266	8082	9425
228178500	1	403	1.742E-110	2	8118	9676	196	57	0.455	1.976E-06	504	568	572	9482	9676	195	9404	9685
228194529	1	132	6.609E-29	1	8118	9182	192	132	0.254	6.478E-28	57	439	562	8118	9182	1065	8082	9425
228699986	-1	297	1.413E-78	1	9898	11451	712	297	0.351	4.830E-81	166	674	689	-11451	-9898	1554	11628	9763
229963046	1	222	5.339E-56	2	7847	9410	170	50	0.882	6.046E-05	0	25	580	7847	7924	78	7790	7960
229963046	1	222	5.339E-56	2	7847	9410	192	185	0.275	1.407E-45	40	509	580	8100	9410	1311	8082	9425
230042090	-1	690	7.005E-197	2	49	2318	879	109	0.534	1.056E-22	26	126	781	-2318	-2004	315	2480	1875
230042090	-1	690	7.005E-197	2	49	2318	910	587	0.509	8.542E-181	134	753	781	-1863	-49	1815	1875	46
230691648	1	166	3.847E-39	1	8106	9401	192	166	0.266	3.043E-39	45	491	568	8106	9401	1296	8082	9425
231162978	-1	343	2.008E-92	1	9898	11424	712	343	0.393	1.102E-96	148	624	638	-11424	-9898	1527	11628	9763
231476340	-1	421	6.645E-116	1	9898	11628	712	421	0.417	2.394E-123	87	618	629	-11628	-9898	1731	11628	9763
231513439	-1	367	1.197E-99	1	9916	11418	712	367	0.418	5.180E-105	139	607	627	-11418	-9916	1503	11628	9763
231883237	-1	367	1.197E-99	1	9946	11628	712	367	0.384	5.180E-105	85	647	676	-11628	-9946	1683	11628	9763
233218177	-1	184	1.468E-44	1	10159	11535	712	184	0.278	1.468E-43	151	582	674	-11535	-10159	1377	11628	9763
233428561	-1	361	7.661E-98	1	9898	11370	712	361	0.419	7.338E-103	174	661	674	-11370	-9898	1473	11628	9763
233444595	-1	434	8.111E-120	1	73	1863	910	434	0.410	7.404E-128	131	739	769	-1863	-73	1791	1875	46
233460725	1	644	4.929E-183	4	7844	9685	170	54	0.916	2.481E-06	0	26	564	7844	7924	81	7790	7960
233460725	1	644	4.929E-183	4	7844	9685	175	40	0.716	7.477E-02	26	51	564	7979	8056	78	7979	8098
233460725	1	644	4.929E-183	4	7844	9685	192	469	0.553	8.528E-143	40	484	564	8103	9383	1281	8082	9425
233460725	1	644	4.929E-183	4	7844	9685	196	97	0.662	1.313E-20	492	563	564	9470	9685	216	9404	9685
233533692	1	100	2.839E-19	1	8103	8858	192	100	0.273	1.677E-17	46	295	412	8103	8858	756	8082	9425
233533720	1	182	5.870E-44	1	8127	9383	192	182	0.291	1.612E-44	54	474	550	8127	9383	1257	8082	9425
233554131	1	366	2.394E-99	3	7853	9664	170	50	0.949	6.046E-05	1	24	511	7853	7924	72	7790	7960
233554131	1	366	2.394E-99	3	7853	9664	192	282	0.385	1.524E-78	37	443	511	8103	9392	1290	8082	9425
233554131	1	366	2.394E-99	3	7853	9664	196	48	0.410	1.534E-03	448	510	511	9479	9664	186	9404	9685
233599520	-1	270	1.897E-70	1	73	1401	910	270	0.352	3.820E-72	1	468	486	-1401	-73	1329	1875	46
233609507	1	357	1.226E-96	2	8127	9679	192	316	0.424	6.632E-90	13	432	506	8127	9392	1266	8082	9425
233609507	1	357	1.226E-96	2	8127	9679	196	44	0.363	3.637E-02	437	504	506	9479	9679	201	9404	9685
233621027	1	273	2.371E-71	2	7979	9401	175	39	0.578	2.701E-01	26	57	550	7979	8074	96	7979	8098
233621027	1	273	2.371E-71	2	7979	9401	192	237	0.345	3.422E-63	54	477	550	8130	9401	1272	8082	9425
233637819	-1	313	2.156E-83	1	9940	11628	712	313	0.344	1.207E-86	80	568	596	-11628	-9940	1689	11628	9763
233640857	1	202	5.598E-50	1	8130	9413	192	202	0.299	2.731E-51	58	506	591	8130	9413	1284	8082	9425
233642620	1	363	1.915E-98	2	7847	9392	170	51	0.889	4.393E-05	0	25	647	7847	7924	78	7790	7960
233642620	1	363	1.915E-98	2	7847	9392	192	323	0.425	1.768E-92	38	462	647	8103	9392	1290	8082	9425
233644688	-1	251	9.944E-65	1	9898	10839	712	251	0.444	8.400E-66	249	543	556	-10839	-9898	942	11628	9763
233650288	1	460	1.209E-127	3	7844	9149	170	54	0.916	2.481E-06	0	26	414	7844	7924	81	7790	7960
233650288	1	460	1.209E-127	3	7844	9149	175	40	0.716	7.477E-02	26	51	414	7979	8056	78	7979	8098
233650288	1	460	1.209E-127	3	7844	9149	192	377	0.541	4.486E-111	40	406	414	8103	9149	1047	8082	9425
233769924	1	423	1.661E-116	3	7847	9685	170	50	0.875	8.323E-05	0	25	544	7847	7924	78	7790	7960
233769924	1	423	1.661E-116	3	7847	9685	192	331	0.430	4.700E-95	42	474	544	8103	9404	1302	8082	9425
233769924	1	423	1.661E-116	3	7847	9685	196	59	0.463	4.051E-07	478	543	544	9488	9685	198	9404	9685
233886664	-1	354	9.806E-96	1	9946	11415	712	354	0.413	1.923E-100	156	643	672	-11415	-9946	1470	11628	9763
233893438	1	414	8.505E-114	2	8130	9676	192	368	0.466	4.381E-108	57	490	572	8130	9380	1251	8082	9425
233893438	1	414	8.505E-114	2	8130	9676	196	58	0.466	5.561E-07	504	568	572	9482	9676	195	9404	9685
233914398	1	213	2.733E-53	1	8130	9410	192	213	0.315	9.316E-55	55	488	555	8130	9410	1281	8082	9425
233945148	-1	368	5.985E-100	1	9898	11379	712	368	0.423	2.788E-105	162	647	660	-11379	-9898	1482	11628	9763
233971409	-1	359	3.064E-97	1	9928	11628	712	359	0.376	3.448E-102	87	643	667	-11628	-9928	1701	11628	9763
234134033	-1	415	4.253E-114	1	49	1863	910	415	0.391	2.288E-121	144	764	774	-1863	-49	1815	1875	46
234198637	-1	409	2.722E-112	1	49	1863	910	409	0.386	1.781E-119	146	769	775	-1863	-49	1815	1875	46
234263964	-1	478	4.611E-133	2	49	2285	879	73	0.415	1.863E-10	59	152	797	-2285	-1998	288	2480	1875
234263964	-1	478	4.611E-133	2	49	2285	910	409	0.381	1.781E-119	158	792	797	-1863	-49	1815	1875	46
234336813	-1	426	2.076E-117	1	49	1863	910	426	0.398	2.014E-125	148	771	776	-1863	-49	1815	1875	46
234339156	-1	300	1.766E-79	1	49	1470	910	300	0.370	2.177E-82	14	497	500	-1470	-49	1422	1875	46
234352350	-1	432	3.245E-119	1	70	1863	910	432	0.404	3.514E-127	142	758	776	-1863	-70	1794	1875	46
234379540	-1	424	8.306E-117	1	49	1863	910	424	0.397	1.781E-124	142	762	772	-1863	-49	1815	1875	46
234380603	-1	411	6.804E-113	1	49	1863	910	411	0.388	5.134E-120	144	764	774	-1863	-49	1815	1875	46
234411413	-1	418	5.316E-115	1	49	1863	910	418	0.395	1.898E-122	137	754	765	-1863	-49	1815	1875	46
234585492	-1	369	2.993E-100	1	61	1863	910	369	0.369	7.447E-106	141	715	816	-1863	-61	1803	1875	46
234660397	-1	561	4.767E-158	1	49	1863	910	561	0.500	1.518E-171	135	722	739	-1863	-49	1815	1875	46
234717887	-1	454	7.736E-126	1	46	1863	910	454	0.417	6.769E-135	145	766	768	-1863	-46	1818	1875	46
234740226	-1	451	6.188E-125	1	67	1863	910	451	0.418	1.120E-133	143	757	766	-1863	-67	1797	1875	46
239234167	1	62	7.803E-08	1	14744	14875	298	62	0.676	5.963E-09	0	43	69	14744	14875	132	14696	14887
239570637	1	278	7.409E-73	3	7847	9637	170	49	0.862	1.577E-04	0	25	577	7847	7924	78	7790	7960
239570637	1	278	7.409E-73	3	7847	9637	192	194	0.284	1.250E-48	40	507	577	8100	9413	1314	8082	9425
239570637	1	278	7.409E-73	3	7847	9637	196	47	0.461	5.443E-03	508	559	577	9482	9637	156	9404	9685
240361232	-1	325	5.265E-87	1	73	1836	910	325	0.301	8.220E-91	130	847	872	-1836	-73	1764	1875	46
240450305	-1	731	3.186E-209	4	3759	5874	808	115	0.945	2.878E-26	0	56	542	-5874	-5704	171	5988	5605
240450305	-1	731	3.186E-209	4	3759	5874	817	202	0.631	3.769E-55	57	210	542	-5373	-4891	483	5418	4858
240450305	-1	731	3.186E-209	4	3759	5874	836	322	0.571	8.448E-95	211	502	542	-4821	-3964	858	4821	3955
240450305	-1	731	3.186E-209	4	3759	5874	839	94	0.968	2.748E-20	497	541	542	-3893	-3759	135	3929	3759
240631168	-1	363	1.915E-98	1	9904	11376	712	363	0.421	1.146E-103	151	625	635	-11376	-9904	1473	11628	9763
240825626	1	419	2.658E-115	3	7847	9685	170	50	0.875	8.323E-05	0	25	544	7847	7924	78	7790	7960
240825626	1	419	2.658E-115	3	7847	9685	192	332	0.438	1.842E-95	53	474	544	8133	9404	1272	8082	9425
240825626	1	419	2.658E-115	3	7847	9685	196	65	0.503	2.540E-09	478	543	544	9488	9685	198	9404	9685
240971321	1	391	7.135E-107	3	7979	9679	175	32	0.590	8.886E+01	24	47	542	7979	8053	75	7979	8098
240971321	1	391	7.135E-107	3	7979	9679	192	317	0.418	1.905E-90	37	468	542	8103	9392	1290	8082	9425
240971321	1	391	7.135E-107	3	7979	9679	196	55	0.432	5.114E-06	473	540	542	9479	9679	201	9404	9685
242389856	-1	447	9.901E-124	2	9904	11982	684	47	0.302	1.486E-02	20	82	669	-11982	-11698	285	12000	11632
242389856	-1	447	9.901E-124	2	9904	11982	712	399	0.402	6.364E-116	84	652	669	-11628	-9904	1725	11628	9763
242619821	1	366	2.394E-99	2	7847	9377	170	55	0.968	9.526E-07	0	25	542	7847	7924	78	7790	7960
242619821	1	366	2.394E-99	2	7847	9377	192	322	0.427	4.509E-92	38	463	542	8103	9377	1275	8082	9425
242937710	-1	285	5.788E-75	1	9934	11373	712	285	0.359	3.484E-77	197	649	675	-11373	-9934	1440	11628	9763
243075389	-1	411	6.804E-113	1	49	1863	910	411	0.387	2.756E-120	142	767	777	-1863	-49	1815	1875	46
243588946	-1	407	1.089E-111	1	9934	11628	712	407	0.413	1.274E-118	89	642	670	-11628	-9934	1695	11628	9763
243821315	-1	214	1.367E-53	1	10426	11376	712	214	0.391	2.300E-53	149	438	439	-11376	-10426	951	11628	9763
244889507	-1	278	7.409E-73	1	9910	11475	712	278	0.334	1.161E-74	164	678	689	-11475	-9910	1566	11628	9763
245480725	1	401	6.968E-110	2	8118	9685	192	336	0.434	8.114E-97	43	477	546	8118	9410	1293	8082	9425
245480725	1	401	6.968E-110	2	8118	9685	196	64	0.487	4.788E-09	478	545	546	9482	9685	204	9404	9685
245762544	1	328	6.581E-88	2	8103	9667	192	275	0.379	5.592E-76	43	468	546	8103	9386	1284	8082	9425
245762544	1	328	6.581E-88	2	8103	9667	196	56	0.442	2.713E-06	473	539	546	9467	9667	201	9404	9685
246202986	1	190	2.293E-46	2	7853	9383	170	51	0.963	3.192E-05	4	27	585	7853	7924	72	7790	7960
246202986	1	190	2.293E-46	2	7853	9383	192	167	0.269	1.661E-39	57	496	585	8130	9383	1254	8082	9425
246328218	-1	276	2.964E-72	1	9898	11379	712	276	0.345	2.902E-74	187	620	636	-11379	-9898	1482	11628	9763
246690057	-1	361	7.661E-98	1	9904	11376	712	361	0.419	5.385E-103	151	625	635	-11376	-9904	1473	11628	9763
246766440	-1	308	6.900E-82	1	9898	11460	712	308	0.358	8.933E-85	156	668	682	-11460	-9898	1563	11628	9763
246817620	-1	287	1.447E-75	1	9907	11400	712	287	0.352	1.024E-77	142	568	571	-11400	-9907	1494	11628	9763
246826283	1	409	2.722E-112	3	7856	9679	170	49	0.957	2.171E-04	3	25	544	7856	7924	69	7790	7960
246826283	1	409	2.722E-112	3	7856	9679	192	325	0.428	3.715E-93	38	465	544	8103	9389	1287	8082	9425
246826283	1	409	2.722E-112	3	7856	9679	196	54	0.425	1.323E-05	475	542	544	9479	9679	201	9404	9685
247076524	-1	331	8.226E-89	1	9898	11595	712	331	0.356	8.494E-93	103	660	676	-11595	-9898	1698	11628	9763
247982096	1	819	1.029E-235	2	8166	9685	192	706	0.824	1.001E-224	1	415	485	8166	9410	1245	8082	9425
247982096	1	819	1.029E-235	2	8166	9685	196	112	0.776	1.069E-25	416	484	485	9479	9685	207	9404	9685
248023017	1	602	2.168E-170	4	7856	9685	170	53	1.000	8.897E-06	2	24	561	7856	7924	69	7790	7960
248023017	1	602	2.168E-170	4	7856	9685	175	47	0.859	3.221E-04	24	48	561	7979	8053	75	7979	8098
248023017	1	602	2.168E-170	4	7856	9685	192	445	0.543	1.281E-134	51	482	561	8127	9389	1263	8082	9425
248023017	1	602	2.168E-170	4	7856	9685	196	70	0.550	4.121E-11	497	560	561	9494	9685	192	9404	9685
248026446	-1	409	2.722E-112	1	70	1863	910	409	0.393	1.781E-119	130	738	758	-1863	-70	1794	1875	46
248048003	1	413	1.701E-113	3	7847	9685	170	51	0.889	4.393E-05	0	25	543	7847	7924	78	7790	7960
248048003	1	413	1.701E-113	3	7847	9685	192	314	0.414	3.154E-89	39	467	543	8094	9389	1296	8082	9425
248048003	1	413	1.701E-113	3	7847	9685	196	66	0.501	7.146E-10	475	542	543	9482	9685	204	9404	9685
248070168	1	184	1.468E-44	1	8133	9401	192	184	0.285	3.511E-45	53	492	572	8133	9401	1269	8082	9425
248102712	-1	364	9.576E-99	1	9910	11376	712	364	0.423	4.526E-104	138	615	631	-11376	-9910	1467	11628	9763
248135395	-1	374	9.352E-102	1	9922	11370	712	374	0.435	3.645E-107	187	642	661	-11370	-9922	1449	11628	9763
248142468	-1	434	8.111E-120	1	73	1863	910	434	0.402	3.971E-128	129	754	772	-1863	-73	1791	1875	46
248154157	1	231	1.043E-58	2	7838	8858	170	49	0.782	1.577E-04	4	32	308	7838	7924	87	7790	7960
248154157	1	231	1.043E-58	2	7838	8858	192	197	0.427	1.992E-49	49	306	308	8103	8858	756	8082	9425
248166975	-1	348	6.276E-94	1	9907	11418	712	348	0.400	1.458E-98	130	612	627	-11418	-9907	1512	11628	9763
248171396	-1	443	1.584E-122	1	193	1863	910	443	0.438	3.064E-131	131	698	755	-1863	-193	1671	1875	46
248171769	-1	368	5.985E-100	1	73	1761	910	368	0.385	1.384E-105	4	556	574	-1761	-73	1689	1875	46
248187410	1	314	1.078E-83	3	7844	9401	170	49	0.833	1.577E-04	0	26	550	7844	7924	81	7790	7960
248187410	1	314	1.078E-83	3	7844	9401	175	36	0.541	2.563E+00	26	57	550	7979	8074	96	7979	8098
248187410	1	314	1.078E-83	3	7844	9401	192	232	0.339	2.584E-61	54	477	550	8130	9401	1272	8082	9425
248380711	1	367	1.197E-99	2	7847	9392	170	51	0.889	4.393E-05	0	25	536	7847	7924	78	7790	7960
248380711	1	367	1.197E-99	2	7847	9392	192	327	0.429	7.802E-94	38	462	536	8103	9392	1290	8082	9425
248458378	-1	346	2.510E-93	1	9916	11376	712	346	0.404	1.268E-97	200	692	713	-11376	-9916	1461	11628	9763
248510481	1	327	1.316E-87	2	7844	9383	170	51	0.872	2.319E-05	0	26	554	7844	7924	81	7790	7960
248510481	1	327	1.316E-87	2	7844	9383	192	286	0.385	6.795E-80	38	474	554	8103	9383	1281	8082	9425
248682499	-1	425	4.153E-117	1	49	1863	910	425	0.397	5.126E-125	146	769	774	-1863	-49	1815	1875	46
248805963	-1	464	7.554E-129	2	49	2297	879	70	0.407	2.162E-09	54	145	785	-2297	-2016	282	2480	1875
248805963	-1	464	7.554E-129	2	49	2297	910	404	0.383	7.436E-118	157	780	785	-1863	-49	1815	1875	46
248807982	-1	419	2.658E-115	1	49	1863	910	419	0.394	1.019E-122	142	762	772	-1863	-49	1815	1875	46
248881187	-1	440	1.267E-121	1	46	1854	910	440	0.409	3.708E-130	1	619	621	-1854	-46	1809	1875	46
248887728	-1	455	3.868E-126	1	49	1863	910	455	0.419	2.656E-135	142	762	765	-1863	-49	1815	1875	46
248943431	-1	418	5.316E-115	1	49	1863	910	418	0.391	1.898E-122	141	765	768	-1863	-49	1815	1875	46
249003863	-1	506	1.718E-141	2	46	2318	879	93	0.470	2.694E-17	36	137	740	-2318	-2004	315	2480	1875
249003863	-1	506	1.718E-141	2	46	2318	910	419	0.401	7.461E-123	145	738	740	-1863	-46	1818	1875	46
249013204	-1	410	1.361E-112	1	193	1863	910	410	0.412	7.007E-120	139	709	768	-1863	-193	1671	1875	46
249013521	-1	425	4.153E-117	1	49	1863	910	425	0.398	6.998E-125	142	762	772	-1863	-49	1815	1875	46
249038925	-1	524	6.552E-147	1	46	1863	910	524	0.474	4.841E-159	134	727	738	-1863	-46	1818	1875	46
249177377	-1	289	3.618E-76	1	49	1533	910	289	0.349	8.652E-79	0	507	517	-1533	-49	1485	1875	46
253461418	-1	284	1.158E-74	1	9934	11373	712	284	0.358	8.722E-77	197	650	676	-11373	-9934	1440	11628	9763
253606652	-1	296	2.826E-78	1	9898	11451	712	296	0.350	6.563E-81	175	688	704	-11451	-9898	1554	11628	9763
253756615	-1	300	1.766E-79	1	9898	11466	712	300	0.351	3.054E-82	159	680	690	-11466	-9898	1569	11628	9763
253802371	-1	307	1.380E-81	1	9898	11451	712	307	0.359	1.652E-84	154	666	680	-11451	-9898	1554	11628	9763
253953690	-1	296	2.826E-78	1	9898	11457	712	296	0.340	8.919E-81	155	695	710	-11457	-9898	1560	11628	9763
254958840	-1	368	5.985E-100	1	9907	11436	712	368	0.413	2.788E-105	135	618	633	-11436	-9907	1530	11628	9763
255248528	-1	435	4.056E-120	1	49	1863	910	435	0.403	2.908E-128	144	767	775	-1863	-49	1815	1875	46
255841983	1	365	4.788E-99	2	7847	9383	170	53	0.928	6.465E-06	0	25	535	7847	7924	78	7790	7960
255841983	1	365	4.788E-99	2	7847	9383	192	323	0.427	2.416E-92	38	459	535	8103	9383	1281	8082	9425
255897284	-1	426	2.076E-117	1	49	1863	910	426	0.397	2.750E-125	147	770	775	-1863	-49	1815	1875	46
256407769	-1	365	4.788E-99	1	9916	11376	712	365	0.425	3.321E-104	189	660	682	-11376	-9916	1461	11628	9763
257063378	1	238	8.146E-61	2	8100	9637	192	191	0.281	1.443E-47	40	507	577	8100	9413	1314	8082	9425
257063378	1	238	8.146E-61	2	8100	9637	196	46	0.455	1.025E-02	508	559	577	9482	9637	156	9404	9685
257422678	1	380	1.461E-103	2	8103	9676	192	339	0.430	4.880E-98	48	492	574	8103	9380	1278	8082	9425
257422678	1	380	1.461E-103	2	8103	9676	196	49	0.389	8.139E-04	502	570	574	9470	9676	207	9404	9685
257662119	1	612	2.117E-173	3	7844	9685	170	52	0.884	1.224E-05	0	26	565	7844	7924	81	7790	7960
257662119	1	612	2.117E-173	3	7844	9685	192	481	0.552	6.932E-147	40	496	565	8103	9410	1308	8082	9425
257662119	1	612	2.117E-173	3	7844	9685	196	90	0.647	5.404E-18	497	564	565	9482	9685	204	9404	9685
258194982	1	202	5.598E-50	1	8097	9380	192	202	0.295	3.711E-51	40	497	585	8097	9380	1284	8082	9425
259161301	-1	362	3.830E-98	1	9901	11376	712	362	0.419	2.900E-103	151	625	634	-11376	-9901	1476	11628	9763
259264448	1	461	6.043E-128	4	7847	9682	170	57	1.000	1.933E-07	0	25	540	7847	7924	78	7790	7960
259264448	1	461	6.043E-128	4	7847	9682	175	36	0.659	3.536E+00	25	48	540	7979	8053	75	7979	8098
259264448	1	461	6.043E-128	4	7847	9682	192	326	0.432	1.457E-93	38	461	540	8103	9377	1275	8082	9425
259264448	1	461	6.043E-128	4	7847	9682	196	59	0.450	2.950E-07	471	539	540	9479	9682	204	9404	9685
259418751	-1	293	2.261E-77	1	10126	11373	712	293	0.405	7.625E-80	176	514	536	-11373	-10126	1248	11628	9763
259633275	-1	312	4.313E-83	1	9946	11376	712	312	0.385	3.038E-86	194	648	660	-11376	-9946	1431	11628	9763
260082330	-1	320	1.685E-85	1	73	1836	910	320	0.298	4.525E-89	136	853	878	-1836	-73	1764	1875	46
260806122	-1	338	6.426E-91	1	9898	11376	712	338	0.398	4.480E-95	177	596	610	-11376	-9898	1479	11628	9763
261180693	1	368	5.985E-100	2	8118	9673	192	329	0.435	1.199E-94	43	463	537	8118	9392	1275	8082	9425
261180693	1	368	5.985E-100	2	8118	9673	196	42	0.358	1.769E-01	468	533	537	9479	9673	195	9404	9685
262529385	-1	458	4.835E-127	1	73	1863	910	458	0.427	2.992E-136	112	719	737	-1863	-73	1791	1875	46
262551347	1	588	3.552E-166	4	7853	9685	170	54	1.000	3.414E-06	1	24	573	7853	7924	72	7790	7960
262551347	1	588	3.552E-166	4	7853	9685	175	46	0.831	1.159E-03	24	48	573	7979	8053	75	7979	8098
262551347	1	588	3.552E-166	4	7853	9685	192	422	0.510	1.016E-126	52	494	573	8130	9389	1260	8082	9425
262551347	1	588	3.552E-166	4	7853	9685	196	76	0.563	2.584E-13	505	572	573	9482	9685	204	9404	9685
262552163	-1	453	1.547E-125	1	73	1863	910	453	0.424	1.725E-134	131	738	756	-1863	-73	1791	1875	46
262614676	-1	348	6.276E-94	1	9916	11388	712	348	0.408	1.986E-98	174	664	686	-11388	-9916	1473	11628	9763
262677076	-1	373	1.870E-101	1	9904	11370	712	373	0.430	6.774E-107	187	652	662	-11370	-9904	1467	11628	9763
262701631	1	589	1.776E-166	4	7853	9685	170	54	1.000	3.414E-06	1	24	569	7853	7924	72	7790	7960
262701631	1	589	1.776E-166	4	7853	9685	175	47	0.859	3.221E-04	24	48	569	7979	8053	75	7979	8098
262701631	1	589	1.776E-166	4	7853	9685	192	426	0.517	8.273E-128	52	490	569	8130	9389	1260	8082	9425
262701631	1	589	1.776E-166	4	7853	9685	196	72	0.539	6.151E-12	501	568	569	9482	9685	204	9404	9685
262703035	1	67	2.438E-09	1	14744	14857	298	67	0.821	1.307E-10	0	37	60	14744	14857	114	14696	14887
262728933	-1	298	7.066E-79	1	9940	11607	712	298	0.336	1.416E-81	110	592	617	-11607	-9940	1668	11628	9763
262737413	1	613	1.059E-173	4	7856	9685	170	53	1.000	4.698E-06	2	24	562	7856	7924	69	7790	7960
262737413	1	613	1.059E-173	4	7856	9685	175	48	0.866	2.339E-04	24	48	562	7979	8053	75	7979	8098
262737413	1	613	1.059E-173	4	7856	9685	192	450	0.546	2.969E-136	51	483	562	8127	9389	1263	8082	9425
262737413	1	613	1.059E-173	4	7856	9685	196	75	0.581	9.183E-13	498	561	562	9494	9685	192	9404	9685
262754813	1	275	5.927E-72	2	7979	9401	175	39	0.578	2.701E-01	26	57	891	7979	8074	96	7979	8098
262754813	1	275	5.927E-72	2	7979	9401	192	239	0.346	1.354E-63	54	477	891	8130	9401	1272	8082	9425
262757723	1	401	6.968E-110	2	8103	9673	192	358	0.447	2.038E-104	48	492	574	8103	9380	1278	8082	9425
262757723	1	401	6.968E-110	2	8103	9673	196	52	0.417	6.454E-05	503	569	574	9473	9673	201	9404	9685
262769094	-1	354	9.806E-96	1	9898	11391	712	354	0.407	1.923E-100	182	681	698	-11391	-9898	1494	11628	9763
262796953	1	240	2.037E-61	1	8130	9398	192	240	0.347	5.356E-64	55	478	552	8130	9398	1269	8082	9425
262827684	1	267	1.517E-69	2	7979	9398	175	37	0.557	9.766E-01	26	57	550	7979	8074	96	7979	8098
262827684	1	267	1.517E-69	2	7979	9398	192	233	0.341	1.024E-61	54	476	550	8130	9398	1269	8082	9425
262828995	-1	326	2.632E-87	1	9898	11592	712	326	0.353	4.673E-91	89	600	614	-11592	-9898	1695	11628	9763
262831611	1	607	6.775E-172	4	7844	9685	170	60	1.000	2.853E-08	0	26	567	7844	7924	81	7790	7960
262831611	1	607	6.775E-172	4	7844	9685	175	33	0.549	4.659E+01	26	53	567	7979	8062	84	7979	8098
262831611	1	607	6.775E-172	4	7844	9685	192	448	0.524	1.950E-135	41	494	567	8094	9404	1311	8082	9425
262831611	1	607	6.775E-172	4	7844	9685	196	80	0.586	1.491E-14	499	566	567	9482	9685	204	9404	9685
262916299	1	446	1.980E-123	3	7847	9679	170	48	0.849	2.989E-04	0	25	552	7847	7924	78	7790	7960
262916299	1	446	1.980E-123	3	7847	9679	192	352	0.452	1.622E-102	42	473	552	8100	9383	1284	8082	9425
262916299	1	446	1.980E-123	3	7847	9679	196	69	0.525	7.768E-11	483	549	552	9479	9679	201	9404	9685
262930460	-1	434	8.111E-120	1	73	1863	910	434	0.411	7.404E-128	240	846	864	-1863	-73	1791	1875	46
262977077	-1	355	4.903E-96	1	9898	11379	712	355	0.412	5.582E-101	154	640	653	-11379	-9898	1482	11628	9763
263019346	-1	359	3.064E-97	1	9907	11388	712	359	0.415	4.698E-102	159	645	658	-11388	-9907	1482	11628	9763
263238695	-1	526	1.638E-147	2	49	2315	879	92	0.483	6.835E-17	40	139	778	-2315	-2016	300	2480	1875
263238695	-1	526	1.638E-147	2	49	2315	910	444	0.409	1.643E-131	151	775	778	-1863	-49	1815	1875	46
263241263	-1	687	5.604E-196	2	49	2318	879	117	0.559	1.498E-25	22	124	776	-2318	-1998	321	2480	1875
263241263	-1	687	5.604E-196	2	49	2318	910	574	0.499	4.935E-176	130	749	776	-1863	-49	1815	1875	46
263285315	-1	407	1.089E-111	1	49	1863	910	407	0.386	1.151E-118	133	753	763	-1863	-49	1815	1875	46
263334530	-1	440	1.267E-121	1	49	1863	910	440	0.408	5.064E-130	152	772	775	-1863	-49	1815	1875	46
263503484	-1	453	1.547E-125	1	49	1863	910	453	0.417	1.263E-134	152	772	775	-1863	-49	1815	1875	46
263517709	-1	317	1.348E-84	1	49	1608	910	317	0.360	3.912E-88	2	535	545	-1608	-49	1560	1875	46
263806475	-1	472	2.951E-131	2	49	2297	879	66	0.391	3.379E-08	6	99	748	-2297	-2016	282	2480	1875
263806475	-1	472	2.951E-131	2	49	2297	910	416	0.387	6.590E-122	111	743	748	-1863	-49	1815	1875	46
268001185	-1	265	6.070E-69	1	9898	10881	712	265	0.441	1.484E-70	221	555	566	-10881	-9898	984	11628	9763
268137467	1	61	1.561E-07	1	14744	14848	298	61	0.810	1.551E-08	0	34	51	14744	14848	105	14696	14887
268282367	-1	303	2.208E-80	1	9898	11451	712	303	0.356	2.621E-83	154	666	680	-11451	-9898	1554	11628	9763
268801705	-1	540	9.998E-152	2	67	2315	879	85	0.483	9.717E-15	37	129	753	-2315	-2037	279	2480	1875
268801705	-1	540	9.998E-152	2	67	2315	910	454	0.421	6.769E-135	130	744	753	-1863	-67	1797	1875	46
269035133	1	265	6.070E-69	2	7979	9401	175	39	0.578	2.701E-01	26	57	550	7979	8074	96	7979	8098
269035133	1	265	6.070E-69	2	7979	9401	192	229	0.337	1.647E-60	54	477	550	8130	9401	1272	8082	9425
269076480	1	398	5.574E-109	2	8103	9676	192	361	0.450	1.670E-105	48	492	574	8103	9380	1278	8082	9425
269076480	1	398	5.574E-109	2	8103	9676	196	51	0.431	1.216E-04	508	570	574	9488	9676	189	9404	9685
269236493	-1	278	7.409E-73	1	9907	11394	712	278	0.345	1.161E-74	149	565	575	-11394	-9907	1488	11628	9763
269350672	1	430	1.298E-118	3	7847	9685	170	51	0.889	4.393E-05	0	25	544	7847	7924	78	7790	7960
269350672	1	430	1.298E-118	3	7847	9685	192	342	0.450	7.489E-99	51	469	544	8127	9389	1263	8082	9425
269350672	1	430	1.298E-118	3	7847	9685	196	69	0.427	1.067E-10	461	543	544	9425	9685	261	9404	9685
269351435	-1	405	4.355E-111	1	9934	11628	712	405	0.412	6.026E-118	89	639	667	-11628	-9934	1695	11628	9763
269744174	-1	356	2.451E-96	1	9937	11376	712	356	0.421	4.097E-101	171	624	650	-11376	-9937	1440	11628	9763
270409169	1	348	6.276E-94	2	8130	9679	192	306	0.415	8.624E-87	51	467	541	8130	9392	1263	8082	9425
270409169	1	348	6.276E-94	2	8130	9679	196	45	0.368	1.931E-02	472	539	541	9479	9679	201	9404	9685
271528777	1	498	4.397E-139	3	7847	9685	170	53	0.935	4.698E-06	0	25	556	7847	7924	78	7790	7960
271528777	1	498	4.397E-139	3	7847	9685	192	385	0.471	6.266E-114	37	484	556	8097	9404	1308	8082	9425
271528777	1	498	4.397E-139	3	7847	9685	196	72	0.536	8.446E-12	488	555	556	9482	9685	204	9404	9685
275055408	1	221	1.068E-55	2	7853	9341	170	52	0.978	1.685E-05	4	27	585	7853	7924	72	7790	7960
275055408	1	221	1.068E-55	2	7853	9341	192	183	0.283	1.188E-44	43	483	585	8103	9341	1239	8082	9425
275061295	-1	371	7.481E-101	1	9901	11376	712	371	0.427	3.189E-106	161	627	638	-11376	-9901	1476	11628	9763
276831230	-1	182	5.870E-44	1	10159	11508	712	182	0.280	4.768E-43	157	582	674	-11508	-10159	1350	11628	9763
277055503	-1	260	1.942E-67	1	9901	10788	712	260	0.472	1.052E-68	0	299	311	-10788	-9901	888	11628	9763
277076438	1	550	9.764E-155	3	7979	9685	175	40	0.742	7.477E-02	24	48	558	7979	8053	75	7979	8098
277076438	1	550	9.764E-155	3	7979	9685	192	449	0.537	7.610E-136	43	483	558	8118	9395	1278	8082	9425
277076438	1	550	9.764E-155	3	7979	9685	196	72	0.540	1.160E-11	491	557	558	9485	9685	201	9404	9685
277080930	-1	459	2.417E-127	1	193	1863	910	459	0.449	1.604E-136	122	690	747	-1863	-193	1671	1875	46
277109954	-1	408	5.443E-112	1	70	1863	910	408	0.392	3.318E-119	130	738	758	-1863	-70	1794	1875	46
277120528	1	403	1.742E-110	3	7847	9685	170	51	0.889	4.393E-05	0	25	545	7847	7924	78	7790	7960
277120528	1	403	1.742E-110	3	7847	9685	192	316	0.421	3.554E-90	51	476	545	8127	9407	1281	8082	9425
277120528	1	403	1.742E-110	3	7847	9685	196	61	0.480	4.404E-08	479	544	545	9488	9685	198	9404	9685
277139784	1	488	4.503E-136	4	7853	9679	170	53	1.000	4.698E-06	2	25	551	7853	7924	72	7790	7960
277139784	1	488	4.503E-136	4	7853	9679	175	36	0.644	2.563E+00	25	49	551	7979	8056	78	7979	8098
277139784	1	488	4.503E-136	4	7853	9679	192	353	0.454	6.349E-103	53	483	551	8133	9407	1275	8082	9425
277139784	1	488	4.503E-136	4	7853	9679	196	48	0.394	2.105E-03	486	548	551	9482	9679	198	9404	9685
277165493	-1	346	2.510E-93	1	9940	11379	712	346	0.413	6.835E-98	152	609	636	-11379	-9940	1440	11628	9763
277166288	1	419	2.658E-115	3	7847	9679	170	51	0.889	4.393E-05	0	25	538	7847	7924	78	7790	7960
277166288	1	419	2.658E-115	3	7847	9679	192	327	0.429	5.711E-94	38	464	538	8103	9392	1290	8082	9425
277166288	1	419	2.658E-115	3	7847	9679	196	55	0.430	7.021E-06	469	536	538	9479	9679	201	9404	9685
277178540	1	475	3.689E-132	4	7853	9685	170	55	1.000	1.803E-06	5	28	554	7853	7924	72	7790	7960
277178540	1	475	3.689E-132	4	7853	9685	175	37	0.552	1.347E+00	28	59	554	7979	8074	96	7979	8098
277178540	1	475	3.689E-132	4	7853	9685	192	332	0.430	1.348E-95	46	480	554	8103	9398	1296	8082	9425
277178540	1	475	3.689E-132	4	7853	9685	196	62	0.449	2.336E-08	481	553	554	9467	9685	219	9404	9685
277218727	1	320	1.685E-85	2	7844	9389	170	50	0.800	6.046E-05	0	28	551	7844	7924	81	7790	7960
277218727	1	320	1.685E-85	2	7844	9389	192	278	0.375	4.656E-77	38	477	551	8094	9389	1296	8082	9425
277219253	-1	375	4.676E-102	1	9922	11370	712	375	0.436	1.055E-107	187	643	662	-11370	-9922	1449	11628	9763
277227675	-1	438	5.070E-121	1	193	1863	910	438	0.434	1.761E-129	129	697	724	-1863	-193	1671	1875	46
277230136	1	357	1.226E-96	2	7844	9413	170	49	0.840	1.146E-04	0	26	550	7844	7924	81	7790	7960
277230136	1	357	1.226E-96	2	7844	9413	192	323	0.418	2.416E-92	43	481	550	8103	9413	1311	8082	9425
277254464	-1	458	4.835E-127	1	73	1863	910	458	0.427	2.191E-136	131	738	756	-1863	-73	1791	1875	46
277254997	-1	433	1.622E-119	1	73	1863	910	433	0.409	1.380E-127	131	739	769	-1863	-73	1791	1875	46
277255192	-1	443	1.584E-122	1	193	1863	910	443	0.438	5.716E-131	243	810	867	-1863	-193	1671	1875	46
277270527	-1	250	1.989E-64	1	9898	10839	712	250	0.443	1.541E-65	253	547	560	-10839	-9898	942	11628	9763
277297872	-1	359	3.064E-97	1	9919	11376	712	359	0.418	4.698E-102	150	638	662	-11376	-9919	1458	11628	9763
277313877	1	697	5.473E-199	4	7844	9685	170	55	0.935	9.526E-07	0	26	562	7844	7924	81	7790	7960
277313877	1	697	5.473E-199	4	7844	9685	175	54	0.781	1.407E-06	26	57	562	7979	8074	96	7979	8098
277313877	1	697	5.473E-199	4	7844	9685	192	502	0.592	4.100E-154	54	490	562	8130	9404	1275	8082	9425
277313877	1	697	5.473E-199	4	7844	9685	196	101	0.583	7.589E-22	477	561	562	9425	9685	261	9404	9685
277408029	1	346	2.510E-93	3	7844	9383	170	50	0.852	6.046E-05	0	26	554	7844	7924	81	7790	7960
277408029	1	346	2.510E-93	3	7844	9383	175	34	0.610	1.282E+01	26	49	554	7979	8056	78	7979	8098
277408029	1	346	2.510E-93	3	7844	9383	192	273	0.371	3.606E-75	38	474	554	8103	9383	1281	8082	9425
277445960	1	550	9.764E-155	3	7853	9389	170	55	1.000	1.803E-06	1	24	591	7853	7924	72	7790	7960
277445960	1	550	9.764E-155	3	7853	9389	175	42	0.719	2.072E-02	24	50	591	7979	8053	75	7979	8098
277445960	1	550	9.764E-155	3	7853	9389	192	458	0.544	7.647E-139	45	487	591	8118	9389	1272	8082	9425
277451067	-1	364	9.576E-99	1	9919	11376	712	364	0.425	6.168E-104	126	582	603	-11376	-9919	1458	11628	9763
277530758	-1	368	5.985E-100	1	9898	11433	712	368	0.412	2.788E-105	131	615	629	-11433	-9898	1536	11628	9763
277576103	1	340	1.607E-91	1	8103	9377	192	340	0.431	3.571E-98	48	491	574	8103	9377	1275	8082	9425
277818351	-1	445	3.961E-123	1	49	1863	910	445	0.409	1.203E-131	151	776	779	-1863	-49	1815	1875	46
277917465	-1	457	9.669E-127	1	49	1863	910	457	0.420	5.584E-136	151	771	774	-1863	-49	1815	1875	46
277965099	-1	89	5.813E-16	1	2016	2315	879	89	0.472	5.989E-16	34	133	148	-2315	-2016	300	2480	1875
278014330	-1	419	2.658E-115	1	49	1854	910	419	0.395	1.019E-122	1	618	628	-1854	-49	1806	1875	46
278071867	-1	459	2.417E-127	1	49	1863	910	459	0.421	1.604E-136	152	772	775	-1863	-49	1815	1875	46
278103405	-1	416	2.126E-114	1	49	1863	910	416	0.392	8.995E-122	144	764	774	-1863	-49	1815	1875	46
278103822	-1	457	9.669E-127	1	67	1863	910	457	0.423	7.628E-136	248	862	871	-1863	-67	1797	1875	46
278117178	-1	539	2.000E-151	2	46	2312	879	94	0.482	1.061E-17	38	137	768	-2312	-2004	309	2480	1875
278117178	-1	539	2.000E-151	2	46	2312	910	451	0.415	8.203E-134	145	766	768	-1863	-46	1818	1875	46
278129551	-1	445	3.961E-123	1	67	1863	910	445	0.415	1.203E-131	152	765	774	-1863	-67	1797	1875	46
278148125	-1	451	6.188E-125	2	49	2291	879	83	0.478	4.559E-14	38	126	763	-2291	-2016	276	2480	1875
278148125	-1	451	6.188E-125	2	49	2291	910	378	0.369	5.945E-109	138	752	763	-1863	-49	1815	1875	46
278193997	-1	423	1.661E-116	1	49	1863	910	423	0.397	3.319E-124	139	759	769	-1863	-49	1815	1875	46
278269583	-1	452	3.094E-125	1	49	1863	910	452	0.417	2.357E-134	152	772	775	-1863	-49	1815	1875	46
278310301	-1	458	4.835E-127	1	67	1863	910	458	0.423	4.088E-136	148	762	771	-1863	-67	1797	1875	46
278314763	-1	415	4.253E-114	1	49	1863	910	415	0.391	2.288E-121	178	799	810	-1863	-49	1815	1875	46
279320774	-1	311	8.625E-83	1	73	1836	910	311	0.293	5.396E-86	137	852	878	-1836	-73	1764	1875	46
282859781	-1	291	9.044E-77	1	9898	11451	712	291	0.346	2.597E-79	140	641	656	-11451	-9898	1554	11628	9763
283702026	-1	451	6.188E-125	1	49	1863	910	451	0.416	6.005E-134	152	772	775	-1863	-49	1815	1875	46
283730656	1	345	5.021E-93	1	8103	9398	192	345	0.430	6.151E-100	48	499	573	8103	9398	1296	8082	9425
283896858	1	308	6.900E-82	1	8103	9377	192	308	0.414	2.479E-87	42	461	541	8103	9377	1275	8082	9425
284167580	-1	368	5.985E-100	1	9910	11490	712	368	0.403	3.800E-105	132	649	665	-11490	-9910	1581	11628	9763
284886566	-1	347	1.255E-93	1	9916	11400	712	347	0.397	3.684E-98	175	682	704	-11400	-9916	1485	11628	9763
285461865	-1	296	2.826E-78	1	9940	11370	712	296	0.370	8.919E-81	174	645	673	-11370	-9940	1431	11628	9763
285836372	-1	283	2.315E-74	1	9940	11370	712	283	0.359	2.183E-76	193	647	676	-11370	-9940	1431	11628	9763
286139623	-1	316	2.695E-84	1	73	1872	910	316	0.292	1.341E-87	125	858	884	-1872	-73	1800	1875	46
286231139	-1	365	4.788E-99	1	9898	11376	712	365	0.421	3.321E-104	154	623	637	-11376	-9898	1479	11628	9763
286240772	1	417	1.063E-114	3	7847	9685	170	49	0.886	2.171E-04	0	24	544	7847	7921	75	7790	7960
286240772	1	417	1.063E-114	3	7847	9685	192	329	0.423	1.199E-94	51	491	544	8127	9422	1296	8082	9425
286240772	1	417	1.063E-114	3	7847	9685	196	64	0.591	6.574E-09	491	543	544	9527	9685	159	9404	9685
286781577	-1	293	2.261E-77	1	9940	11370	712	293	0.368	1.036E-79	190	657	685	-11370	-9940	1431	11628	9763
287040677	1	355	4.903E-96	2	7847	9392	170	51	0.889	4.393E-05	0	25	538	7847	7924	78	7790	7960
287040677	1	355	4.903E-96	2	7847	9392	192	315	0.417	9.060E-90	38	464	538	8103	9392	1290	8082	9425
287312768	1	401	6.968E-110	3	7847	9679	170	51	0.889	4.393E-05	0	25	538	7847	7924	78	7790	7960
287312768	1	401	6.968E-110	3	7847	9679	192	334	0.442	3.867E-96	52	464	538	8130	9392	1263	8082	9425
287312768	1	401	6.968E-110	3	7847	9679	196	44	0.358	6.849E-02	469	536	538	9479	9679	201	9404	9685
287560002	-1	419	2.658E-115	2	10009	11976	684	41	0.281	1.161E+00	22	82	642	-11976	-11698	279	12000	11632
287560002	-1	419	2.658E-115	2	10009	11976	712	377	0.403	3.054E-108	84	601	642	-11628	-10009	1620	11628	9763
288274015	-1	360	1.532E-97	1	9916	11376	712	360	0.421	1.363E-102	189	662	684	-11376	-9916	1461	11628	9763
289075587	-1	281	9.261E-74	1	9907	11373	712	281	0.351	7.418E-76	211	680	693	-11373	-9907	1467	11628	9763
289087984	-1	287	1.447E-75	1	9898	11538	712	287	0.330	1.024E-77	123	669	683	-11538	-9898	1641	11628	9763
289528988	-1	282	4.631E-74	1	9907	11370	712	282	0.353	4.025E-76	249	702	720	-11370	-9907	1464	11628	9763
289660465	1	184	1.468E-44	1	8130	9410	192	184	0.281	3.511E-45	55	505	576	8130	9410	1281	8082	9425
289715705	1	598	3.469E-169	4	7853	9685	170	54	1.000	3.414E-06	1	24	569	7853	7924	72	7790	7960
289715705	1	598	3.469E-169	4	7853	9685	175	47	0.859	3.221E-04	24	48	569	7979	8053	75	7979	8098
289715705	1	598	3.469E-169	4	7853	9685	192	431	0.522	1.026E-129	52	490	569	8130	9389	1260	8082	9425
289715705	1	598	3.469E-169	4	7853	9685	196	76	0.561	3.548E-13	501	568	569	9482	9685	204	9404	9685
290090094	1	379	2.922E-103	2	8115	9682	192	328	0.437	4.179E-94	2	415	494	8115	9377	1263	8082	9425
290090094	1	379	2.922E-103	2	8115	9682	196	59	0.450	2.950E-07	425	493	494	9479	9682	204	9404	9685
290161934	1	279	3.705E-73	2	8103	9682	192	237	0.328	3.422E-63	33	489	558	8103	9413	1311	8082	9425
290161934	1	279	3.705E-73	2	8103	9682	196	46	0.396	1.407E-02	495	556	558	9497	9682	186	9404	9685
290385679	-1	287	1.447E-75	1	9922	11460	712	287	0.345	7.542E-78	152	657	678	-11460	-9922	1539	11628	9763
290481399	-1	304	1.104E-80	1	73	1836	910	304	0.289	7.407E-84	143	860	883	-1836	-73	1764	1875	46
291634526	-1	345	5.021E-93	1	9916	11376	712	345	0.403	1.727E-97	201	694	715	-11376	-9916	1461	11628	9763
291648923	-1	293	2.261E-77	1	9940	11619	712	293	0.330	5.612E-80	70	565	590	-11619	-9940	1680	11628	9763
291649524	-1	369	2.993E-100	1	9898	11379	712	369	0.424	1.501E-105	162	649	662	-11379	-9898	1482	11628	9763
291709953	-1	350	1.569E-94	1	9898	11457	712	350	0.393	3.109E-99	132	625	639	-11457	-9898	1560	11628	9763
291711331	-1	274	1.185E-71	1	9907	11379	712	274	0.345	1.336E-73	192	669	679	-11379	-9907	1473	11628	9763
291759972	-1	372	3.741E-101	1	9922	11370	712	372	0.434	9.234E-107	189	645	664	-11370	-9922	1449	11628	9763
291766242	-1	457	9.669E-127	1	73	1863	910	457	0.426	7.628E-136	188	795	813	-1863	-73	1791	1875	46
291787862	-1	362	3.830E-98	1	9907	11376	712	362	0.420	2.900E-103	166	647	660	-11376	-9907	1470	11628	9763
291793784	-1	340	1.607E-91	1	9898	11376	712	340	0.399	1.303E-95	152	638	648	-11376	-9898	1479	11628	9763
291809682	1	413	1.701E-113	3	7847	9679	170	51	0.889	4.393E-05	0	25	544	7847	7924	78	7790	7960
291809682	1	413	1.701E-113	3	7847	9679	192	326	0.429	1.457E-93	38	465	544	8103	9389	1287	8082	9425
291809682	1	413	1.701E-113	3	7847	9679	196	55	0.427	9.640E-06	475	542	544	9479	9679	201	9404	9685
291812553	1	388	5.708E-106	2	8103	9679	192	335	0.437	1.515E-96	37	465	539	8103	9392	1290	8082	9425
291812553	1	388	5.708E-106	2	8103	9679	196	56	0.437	2.713E-06	470	537	539	9479	9679	201	9404	9685
291905890	1	425	4.153E-117	3	7979	9679	175	32	0.482	8.886E+01	25	55	558	7979	8074	96	7979	8098
291905890	1	425	4.153E-117	3	7979	9679	192	355	0.445	1.330E-103	42	486	558	8103	9401	1299	8082	9425
291905890	1	425	4.153E-117	3	7979	9679	196	54	0.403	1.323E-05	483	555	558	9467	9679	213	9404	9685
291947136	1	540	9.998E-152	3	7844	9652	170	60	1.000	2.853E-08	0	26	761	7844	7924	81	7790	7960
291947136	1	540	9.998E-152	3	7844	9652	192	443	0.525	6.148E-134	40	488	761	8103	9383	1281	8082	9425
291947136	1	540	9.998E-152	3	7844	9652	196	61	0.555	4.404E-08	502	556	761	9488	9652	165	9404	9685
291963843	1	402	3.484E-110	2	8127	9685	192	346	0.456	3.292E-100	51	466	543	8127	9383	1257	8082	9425
291963843	1	402	3.484E-110	2	8127	9685	196	63	0.482	9.026E-09	475	542	543	9482	9685	204	9404	9685
291997969	1	411	6.804E-113	2	8130	9676	192	355	0.454	1.330E-103	59	491	572	8130	9383	1254	8082	9425
291997969	1	411	6.804E-113	2	8130	9676	196	63	0.474	1.239E-08	500	568	572	9470	9676	207	9404	9685
292018138	-1	332	4.113E-89	1	9919	11403	712	332	0.392	4.584E-93	145	615	636	-11403	-9919	1485	11628	9763
292023192	1	406	2.177E-111	2	8127	9685	192	340	0.449	3.571E-98	51	466	542	8127	9386	1260	8082	9425
292023192	1	406	2.177E-111	2	8127	9685	196	69	0.499	1.067E-10	471	541	542	9473	9685	213	9404	9685
292036392	-1	367	1.197E-99	1	9901	11376	712	367	0.423	7.060E-105	165	650	661	-11376	-9901	1476	11628	9763
292075774	1	425	4.153E-117	3	7847	9685	170	51	0.902	2.319E-05	0	25	544	7847	7924	78	7790	7960
292075774	1	425	4.153E-117	3	7847	9685	192	337	0.446	2.326E-97	51	469	544	8127	9389	1263	8082	9425
292075774	1	425	4.153E-117	3	7847	9685	196	69	0.427	1.067E-10	461	543	544	9425	9685	261	9404	9685
292118155	1	442	3.168E-122	3	7847	9685	170	51	0.889	4.393E-05	0	25	545	7847	7924	78	7790	7960
292118155	1	442	3.168E-122	3	7847	9685	192	334	0.430	2.071E-96	38	475	545	8103	9404	1302	8082	9425
292118155	1	442	3.168E-122	3	7847	9685	196	67	0.498	5.205E-10	476	544	545	9479	9685	207	9404	9685
292125993	1	310	1.725E-82	1	8133	9389	192	310	0.416	3.820E-88	9	433	509	8133	9389	1257	8082	9425
292318972	-1	658	3.009E-187	2	49	2318	879	111	0.541	1.188E-23	19	120	742	-2318	-2001	318	2480	1875
292318972	-1	658	3.009E-187	2	49	2318	910	552	0.494	1.488E-168	127	715	742	-1863	-49	1815	1875	46
292420155	-1	461	6.043E-128	1	46	1863	910	461	0.422	3.370E-137	151	772	774	-1863	-46	1818	1875	46
292433068	-1	409	2.722E-112	1	49	1863	910	409	0.387	1.781E-119	143	763	773	-1863	-49	1815	1875	46
292459960	-1	456	1.934E-126	1	49	1863	910	456	0.419	1.423E-135	152	772	775	-1863	-49	1815	1875	46
292474773	-1	362	3.830E-98	1	64	1863	910	362	0.364	1.445E-103	148	730	738	-1863	-64	1800	1875	46
292533874	-1	182	5.870E-44	1	49	960	910	182	0.341	3.989E-43	5	333	343	-960	-49	912	1875	46
292552998	-1	167	1.924E-39	1	346	1479	910	167	0.294	3.759E-38	11	264	296	-1479	-346	1134	1875	46
292638627	-1	411	6.804E-113	1	49	1863	910	411	0.389	2.756E-120	142	761	771	-1863	-49	1815	1875	46
292778145	-1	437	1.014E-120	1	196	1863	910	437	0.432	3.284E-129	152	722	752	-1863	-196	1668	1875	46
292801893	-1	423	1.661E-116	1	49	1854	910	423	0.398	3.319E-124	1	618	628	-1854	-49	1806	1875	46
292839693	-1	510	1.074E-142	1	175	1860	910	510	0.492	3.747E-154	55	607	849	-1860	-175	1686	1875	46
297083887	-1	291	9.044E-77	1	9898	11475	712	291	0.343	2.597E-79	165	673	684	-11475	-9898	1578	11628	9763
297207513	-1	297	1.413E-78	1	9907	11460	712	297	0.351	3.554E-81	153	666	678	-11460	-9907	1554	11628	9763
297460764	-1	294	1.131E-77	1	9940	11370	712	294	0.369	3.040E-80	190	657	685	-11370	-9940	1431	11628	9763
297676975	1	620	8.270E-176	4	7856	9685	170	57	1.000	3.658E-07	4	26	576	7856	7924	69	7790	7960
297676975	1	620	8.270E-176	4	7856	9685	175	41	0.678	5.424E-02	26	53	576	7979	8062	84	7979	8098
297676975	1	620	8.270E-176	4	7856	9685	192	451	0.524	2.169E-136	40	496	576	8103	9383	1281	8082	9425
297676975	1	620	8.270E-176	4	7856	9685	196	95	0.697	8.788E-20	510	575	576	9488	9685	198	9404	9685
297898728	-1	290	1.809E-76	1	9913	11418	712	290	0.353	6.511E-79	135	569	578	-11418	-9913	1506	11628	9763
298040557	-1	303	2.208E-80	1	9925	11460	712	303	0.359	3.562E-83	167	668	690	-11460	-9925	1536	11628	9763
298624275	1	650	7.702E-185	4	7844	9685	170	54	0.916	2.481E-06	0	26	564	7844	7924	81	7790	7960
298624275	1	650	7.702E-185	4	7844	9685	175	40	0.716	7.477E-02	26	51	564	7979	8056	78	7979	8098
298624275	1	650	7.702E-185	4	7844	9685	192	475	0.558	7.691E-145	40	484	564	8103	9383	1281	8082	9425
298624275	1	650	7.702E-185	4	7844	9685	196	97	0.662	1.313E-20	492	563	564	9470	9685	216	9404	9685
299395959	1	435	4.056E-120	3	7847	9685	170	49	0.869	1.146E-04	0	25	545	7847	7924	78	7790	7960
299395959	1	435	4.056E-120	3	7847	9685	192	339	0.443	4.880E-98	42	468	545	8103	9383	1281	8082	9425
299395959	1	435	4.056E-120	3	7847	9685	196	69	0.516	1.067E-10	477	544	545	9482	9685	204	9404	9685
299420143	-1	302	4.416E-80	1	9940	11370	712	302	0.376	8.948E-83	174	647	675	-11370	-9940	1431	11628	9763
299460741	1	346	2.510E-93	1	8103	9380	192	346	0.437	3.292E-100	48	491	573	8103	9380	1278	8082	9425
299529613	1	328	6.581E-88	2	7979	9392	175	38	0.461	3.724E-01	24	65	537	7979	8089	111	7979	8098
299529613	1	328	6.581E-88	2	7979	9392	192	304	0.413	5.594E-86	51	463	537	8130	9392	1263	8082	9425
299702241	-1	351	7.845E-95	1	9898	11535	712	351	0.381	1.230E-99	125	600	613	-11535	-9898	1638	11628	9763
301300776	-1	542	2.499E-152	2	46	2315	879	90	0.477	2.363E-16	40	139	774	-2315	-2016	300	2480	1875
301300776	-1	542	2.499E-152	2	46	2315	910	462	0.423	9.677E-138	151	772	774	-1863	-46	1818	1875	46
301679193	1	571	4.656E-161	3	7856	9685	170	52	1.000	1.685E-05	2	24	557	7856	7924	69	7790	7960
301679193	1	571	4.656E-161	3	7856	9685	192	457	0.529	1.432E-138	33	490	557	8088	9422	1335	8082	9425
301679193	1	571	4.656E-161	3	7856	9685	196	74	0.524	1.731E-12	485	556	557	9470	9685	216	9404	9685
301683170	-1	454	7.736E-126	1	52	1863	910	454	0.419	9.246E-135	140	757	759	-1863	-52	1812	1875	46
301884780	-1	464	7.554E-129	1	49	1863	910	464	0.423	3.795E-138	147	769	772	-1863	-49	1815	1875	46
302361158	1	536	1.600E-150	4	7856	9685	170	54	1.000	3.414E-06	2	24	570	7856	7924	69	7790	7960
302361158	1	536	1.600E-150	4	7856	9685	175	44	0.804	4.173E-03	24	48	570	7979	8053	75	7979	8098
302361158	1	536	1.600E-150	4	7856	9685	192	385	0.460	8.569E-114	38	499	570	8103	9419	1317	8082	9425
302361158	1	536	1.600E-150	4	7856	9685	196	63	0.479	1.239E-08	502	569	570	9482	9685	204	9404	9685
303500802	-1	286	2.894E-75	1	9940	11370	712	286	0.361	2.565E-77	193	649	678	-11370	-9940	1431	11628	9763
306142920	1	417	1.063E-114	3	7847	9679	170	51	0.889	4.393E-05	0	25	544	7847	7924	78	7790	7960
306142920	1	417	1.063E-114	3	7847	9679	192	330	0.432	8.776E-95	38	465	544	8103	9389	1287	8082	9425
306142920	1	417	1.063E-114	3	7847	9679	196	55	0.427	9.640E-06	475	542	544	9479	9679	201	9404	9685
306151391	-1	449	2.475E-124	1	73	1863	910	449	0.421	5.326E-133	131	738	756	-1863	-73	1791	1875	46
306207257	1	416	2.126E-114	2	8094	9685	192	355	0.455	1.818E-103	39	468	543	8094	9389	1296	8082	9425
306207257	1	416	2.126E-114	2	8094	9685	196	66	0.497	1.347E-09	475	542	543	9482	9685	204	9404	9685
306221968	-1	326	2.632E-87	1	9898	11370	712	326	0.389	6.360E-91	247	693	707	-11370	-9898	1473	11628	9763
306224678	1	374	9.352E-102	2	8103	9679	192	317	0.415	2.602E-90	38	470	537	8103	9410	1308	8082	9425
306224678	1	374	9.352E-102	2	8103	9679	196	59	0.457	2.149E-07	468	535	537	9479	9679	201	9404	9685
306269913	1	364	9.576E-99	2	7847	9392	170	51	0.889	4.393E-05	0	25	656	7847	7924	78	7790	7960
306269913	1	364	9.576E-99	2	7847	9392	192	324	0.426	9.474E-93	38	462	656	8103	9392	1290	8082	9425
306353470	1	342	4.017E-92	1	8118	9380	192	342	0.434	4.009E-99	49	492	574	8118	9380	1263	8082	9425
306379454	-1	348	6.276E-94	1	9904	11376	712	348	0.408	1.986E-98	157	619	620	-11376	-9904	1473	11628	9763
306384896	1	590	8.880E-167	4	7853	9685	170	54	1.000	3.414E-06	1	24	573	7853	7924	72	7790	7960
306384896	1	590	8.880E-167	4	7853	9685	175	47	0.859	3.221E-04	24	48	573	7979	8053	75	7979	8098
306384896	1	590	8.880E-167	4	7853	9685	192	425	0.513	1.549E-127	52	494	573	8130	9389	1260	8082	9425
306384896	1	590	8.880E-167	4	7853	9685	196	76	0.575	3.548E-13	507	572	573	9488	9685	198	9404	9685
306422048	1	425	4.153E-117	3	7853	9679	170	51	0.970	2.319E-05	2	25	552	7853	7924	72	7790	7960
306422048	1	425	4.153E-117	3	7853	9679	192	341	0.443	1.399E-98	53	481	552	8139	9407	1269	8082	9425
306422048	1	425	4.153E-117	3	7853	9679	196	58	0.450	5.561E-07	482	549	552	9476	9679	204	9404	9685
306535623	1	423	1.661E-116	3	7847	9685	170	50	0.882	6.046E-05	0	25	544	7847	7924	78	7790	7960
306535623	1	423	1.661E-116	3	7847	9685	192	336	0.442	8.114E-97	53	474	544	8133	9404	1272	8082	9425
306535623	1	423	1.661E-116	3	7847	9685	196	62	0.472	3.208E-08	476	543	544	9482	9685	204	9404	9685
306543435	-1	341	8.033E-92	1	9910	11376	712	341	0.403	3.790E-96	170	589	604	-11376	-9910	1467	11628	9763
306554670	-1	290	1.809E-76	1	9907	11628	712	290	0.323	8.844E-79	79	562	577	-11628	-9907	1722	11628	9763
306557656	1	351	7.845E-95	2	8103	9673	192	310	0.411	7.126E-88	42	469	539	8103	9398	1296	8082	9425
306557656	1	351	7.845E-95	2	8103	9673	196	42	0.356	2.428E-01	472	537	539	9479	9673	195	9404	9685
306677458	1	403	1.742E-110	2	8103	9673	192	350	0.436	1.058E-101	47	496	570	8103	9398	1296	8082	9425
306677458	1	403	1.742E-110	2	8103	9673	196	57	0.466	1.048E-06	502	565	570	9482	9673	192	9404	9685
306862128	-1	422	3.322E-116	1	49	1854	910	422	0.397	8.444E-124	1	618	628	-1854	-49	1806	1875	46
306873875	-1	523	1.310E-146	2	46	2315	879	81	0.436	3.959E-13	31	130	765	-2315	-2016	300	2480	1875
306873875	-1	523	1.310E-146	2	46	2315	910	452	0.416	3.219E-134	142	763	765	-1863	-46	1818	1875	46
306965091	-1	460	1.209E-127	1	49	1863	910	460	0.422	4.604E-137	151	771	774	-1863	-49	1815	1875	46
306979752	-1	454	7.736E-126	1	46	1863	910	454	0.418	9.246E-135	147	767	769	-1863	-46	1818	1875	46
307128189	-1	430	1.298E-118	1	49	1863	910	430	0.402	1.222E-126	138	757	767	-1863	-49	1815	1875	46
307137755	-1	445	3.961E-123	1	49	1863	910	445	0.411	1.203E-131	156	776	779	-1863	-49	1815	1875	46
307172486	-1	419	2.658E-115	1	67	1863	910	419	0.396	1.019E-122	146	761	776	-1863	-67	1797	1875	46
307204828	-1	451	6.188E-125	1	49	1863	910	451	0.413	1.120E-133	150	775	776	-1863	-49	1815	1875	46
307227914	-1	454	7.736E-126	1	67	1863	910	454	0.419	6.769E-135	110	728	737	-1863	-67	1797	1875	46
307251557	-1	517	8.387E-145	2	61	2315	879	92	0.483	6.835E-17	31	129	773	-2315	-2016	300	2480	1875
307251557	-1	517	8.387E-145	2	61	2315	910	435	0.407	2.130E-128	141	757	773	-1863	-61	1803	1875	46
307277809	-1	436	2.028E-120	1	49	1863	910	436	0.406	8.363E-129	150	770	773	-1863	-49	1815	1875	46
307308671	-1	414	8.505E-114	1	49	1863	910	414	0.391	3.123E-121	144	764	774	-1863	-49	1815	1875	46
307364820	-1	449	2.475E-124	1	64	1863	910	449	0.417	3.899E-133	145	759	767	-1863	-64	1800	1875	46
307392097	-1	446	1.980E-123	1	49	1863	910	446	0.412	3.457E-132	153	773	776	-1863	-49	1815	1875	46
307412639	-1	699	1.368E-199	2	49	2318	879	107	0.524	3.676E-22	26	127	785	-2318	-2001	318	2480	1875
307412639	-1	699	1.368E-199	2	49	2318	910	597	0.515	3.384E-184	134	754	785	-1863	-49	1815	1875	46
311850867	-1	296	2.826E-78	1	9907	11460	712	296	0.350	8.919E-81	153	666	678	-11460	-9907	1554	11628	9763
312095094	-1	300	1.766E-79	1	9907	11460	712	300	0.353	4.151E-82	153	665	677	-11460	-9907	1554	11628	9763
312401864	-1	409	2.722E-112	1	9934	11376	712	409	0.468	1.974E-119	172	639	667	-11376	-9934	1443	11628	9763
313098470	-1	452	3.094E-125	1	67	1863	910	452	0.419	4.397E-134	155	769	778	-1863	-67	1797	1875	46
313104441	1	609	1.694E-172	3	7844	9685	170	52	0.884	1.224E-05	0	26	559	7844	7924	81	7790	7960
313104441	1	609	1.694E-172	3	7844	9685	192	495	0.578	1.169E-151	46	489	559	8118	9410	1293	8082	9425
313104441	1	609	1.694E-172	3	7844	9685	196	82	0.571	3.057E-15	487	558	559	9470	9685	216	9404	9685
313171879	-1	455	3.868E-126	1	49	1863	910	455	0.418	3.628E-135	152	772	775	-1863	-49	1815	1875	46
314095816	1	386	2.283E-105	2	8127	9685	192	322	0.431	4.509E-92	51	469	544	8127	9389	1263	8082	9425
314095816	1	386	2.283E-105	2	8127	9685	196	69	0.519	7.768E-11	476	543	544	9482	9685	204	9404	9685
314493454	-1	363	1.915E-98	1	9916	11370	712	363	0.425	1.146E-103	151	604	624	-11370	-9916	1455	11628	9763
315025373	-1	362	3.830E-98	1	70	1839	910	362	0.368	1.970E-103	130	705	735	-1839	-70	1770	1875	46
315386996	1	621	4.135E-176	4	7844	9685	170	55	0.935	9.526E-07	0	26	572	7844	7924	81	7790	7960
315386996	1	621	4.135E-176	4	7844	9685	175	35	0.586	6.733E+00	26	53	572	7979	8062	84	7979	8098
315386996	1	621	4.135E-176	4	7844	9685	192	460	0.532	8.502E-140	40	497	572	8103	9398	1296	8082	9425
315386996	1	621	4.135E-176	4	7844	9685	196	90	0.664	5.404E-18	506	571	572	9488	9685	198	9404	9685
315787180	1	645	2.465E-183	4	7853	9685	170	53	0.999	6.465E-06	3	26	567	7853	7924	72	7790	7960
315787180	1	645	2.465E-183	4	7853	9685	175	41	0.723	5.424E-02	26	51	567	7979	8056	78	7979	8098
315787180	1	645	2.465E-183	4	7853	9685	192	466	0.542	1.438E-141	41	493	567	8094	9410	1317	8082	9425
315787180	1	645	2.465E-183	4	7853	9685	196	98	0.697	9.567E-21	499	566	567	9482	9685	204	9404	9685
316093376	1	608	3.387E-172	4	7853	9685	170	54	1.000	2.481E-06	1	24	566	7853	7924	72	7790	7960
316093376	1	608	3.387E-172	4	7853	9685	175	47	0.859	3.221E-04	24	48	566	7979	8053	75	7979	8098
316093376	1	608	3.387E-172	4	7853	9685	192	437	0.530	1.272E-131	52	487	566	8130	9389	1260	8082	9425
316093376	1	608	3.387E-172	4	7853	9685	196	78	0.560	7.273E-14	496	565	566	9476	9685	210	9404	9685
316457916	-1	375	4.676E-102	1	9898	11376	712	375	0.430	1.055E-107	154	623	637	-11376	-9898	1479	11628	9763
316459043	-1	357	1.226E-96	1	9898	11439	712	357	0.402	1.189E-101	138	618	631	-11439	-9898	1542	11628	9763
316656653	-1	293	2.261E-77	1	9898	11460	712	293	0.347	5.612E-80	152	670	680	-11460	-9898	1563	11628	9763
316954176	1	340	1.607E-91	1	8103	9377	192	340	0.431	3.571E-98	48	491	574	8103	9377	1275	8082	9425
317708165	-1	362	3.830E-98	1	9907	11613	712	362	0.378	2.128E-103	84	595	613	-11613	-9907	1707	11628	9763
318327449	-1	321	8.423E-86	1	9901	11445	712	321	0.372	2.563E-89	156	660	666	-11445	-9901	1545	11628	9763
318352027	1	643	9.859E-183	4	7856	9685	170	54	1.000	3.414E-06	4	26	576	7856	7924	69	7790	7960
318352027	1	643	9.859E-183	4	7856	9685	175	37	0.623	9.766E-01	26	53	576	7979	8062	84	7979	8098
318352027	1	643	9.859E-183	4	7856	9685	192	470	0.531	4.552E-143	40	508	576	8103	9419	1317	8082	9425
318352027	1	643	9.859E-183	4	7856	9685	196	94	0.672	2.273E-19	508	575	576	9482	9685	204	9404	9685
319081033	-1	352	3.922E-95	1	9898	11463	712	352	0.394	6.626E-100	135	615	629	-11463	-9898	1566	11628	9763
319254286	-1	458	4.835E-127	1	67	1863	910	458	0.421	4.088E-136	161	780	789	-1863	-67	1797	1875	46
319306816	1	418	5.316E-115	3	7847	9679	170	53	0.922	8.897E-06	0	25	544	7847	7924	78	7790	7960
319306816	1	418	5.316E-115	3	7847	9679	192	327	0.429	1.066E-93	38	465	544	8103	9389	1287	8082	9425
319306816	1	418	5.316E-115	3	7847	9679	196	57	0.442	1.439E-06	475	542	544	9479	9679	201	9404	9685
320658815	-1	181	1.174E-43	1	10159	11376	712	181	0.296	1.153E-42	201	579	671	-11376	-10159	1218	11628	9763
320679206	-1	450	1.238E-124	1	193	1863	910	450	0.443	1.530E-133	132	700	757	-1863	-193	1671	1875	46
320706996	-1	464	7.554E-129	1	73	1863	910	464	0.431	3.795E-138	131	738	756	-1863	-73	1791	1875	46
320729009	1	316	2.695E-84	1	8118	9392	192	316	0.420	4.855E-90	42	468	542	8118	9392	1275	8082	9425
320738276	-1	434	8.111E-120	1	73	1863	910	434	0.411	7.404E-128	132	738	756	-1863	-73	1791	1875	46
320758025	1	84	1.860E-14	2	7844	8098	170	49	0.840	1.146E-04	0	26	113	7844	7924	81	7790	7960
320758025	1	84	1.860E-14	2	7844	8098	175	35	0.391	6.733E+00	26	72	113	7979	8098	120	7979	8098
320778963	1	404	8.709E-111	3	7847	9685	170	49	0.862	1.577E-04	0	25	543	7847	7924	78	7790	7960
320778963	1	404	8.709E-111	3	7847	9685	192	316	0.414	3.554E-90	39	473	543	8094	9404	1311	8082	9425
320778963	1	404	8.709E-111	3	7847	9685	196	64	0.402	6.574E-09	460	542	543	9425	9685	261	9404	9685
320934094	-1	389	2.854E-106	1	9898	11376	712	389	0.441	2.038E-112	182	645	656	-11376	-9898	1479	11628	9763
321107217	-1	291	9.044E-77	1	10132	11388	712	291	0.402	2.597E-79	141	518	554	-11388	-10132	1257	11628	9763
321139579	1	388	5.708E-106	2	8094	9685	192	328	0.429	3.059E-94	39	467	543	8094	9386	1293	8082	9425
321139579	1	388	5.708E-106	2	8094	9685	196	66	0.497	1.347E-09	475	542	543	9482	9685	204	9404	9685
321385855	-1	443	1.584E-122	1	49	1863	910	443	0.411	3.064E-131	166	785	788	-1863	-49	1815	1875	46
321467158	-1	286	2.894E-75	1	67	1440	910	286	0.367	1.855E-77	2	468	477	-1440	-67	1374	1875	46
321532854	-1	423	1.661E-116	1	49	1863	910	423	0.397	2.431E-124	142	762	772	-1863	-49	1815	1875	46
321725784	-1	368	5.985E-100	1	49	1863	910	368	0.323	2.573E-105	143	871	881	-1863	-49	1815	1875	46
321799973	-1	410	1.361E-112	1	70	1863	910	410	0.386	7.007E-120	130	755	769	-1863	-70	1794	1875	46
321825894	-1	413	1.701E-113	1	193	1863	910	413	0.407	5.818E-121	146	730	1055	-1863	-193	1671	1875	46
321892031	-1	443	1.584E-122	1	49	1863	910	443	0.410	5.716E-131	168	788	791	-1863	-49	1815	1875	46
321927673	-1	462	3.022E-128	1	46	1863	910	462	0.423	1.322E-137	148	769	771	-1863	-46	1818	1875	46
326888556	1	345	5.021E-93	1	8103	9380	192	345	0.435	6.151E-100	48	492	574	8103	9380	1278	8082	9425
327365014	1	629	1.615E-178	4	7856	9685	170	53	1.000	6.465E-06	4	26	564	7856	7924	69	7790	7960
327365014	1	629	1.615E-178	4	7856	9685	175	40	0.716	7.477E-02	26	51	564	7979	8056	78	7979	8098
327365014	1	629	1.615E-178	4	7856	9685	192	463	0.547	9.451E-141	40	484	564	8103	9383	1281	8082	9425
327365014	1	629	1.615E-178	4	7856	9685	196	93	0.665	5.881E-19	496	563	564	9482	9685	204	9404	9685
327474461	1	371	7.481E-101	2	8103	9679	192	327	0.419	1.066E-93	42	484	555	8103	9410	1308	8082	9425
327474461	1	371	7.481E-101	2	8103	9679	196	43	0.356	9.398E-02	486	553	555	9482	9679	198	9404	9685
327555802	1	639	1.577E-181	4	7844	9685	170	52	0.884	1.224E-05	0	26	565	7844	7924	81	7790	7960
327555802	1	639	1.577E-181	4	7844	9685	175	44	0.776	4.173E-03	26	51	565	7979	8056	78	7979	8098
327555802	1	639	1.577E-181	4	7844	9685	192	468	0.551	1.598E-142	40	485	565	8103	9383	1281	8082	9425
327555802	1	639	1.577E-181	4	7844	9685	196	95	0.682	6.402E-20	497	564	565	9482	9685	204	9404	9685
328666876	1	465	3.777E-129	4	7853	9679	170	53	0.992	8.897E-06	2	25	549	7853	7924	72	7790	7960
328666876	1	465	3.777E-129	4	7853	9679	175	34	0.509	1.770E+01	25	55	549	7979	8074	96	7979	8098
328666876	1	465	3.777E-129	4	7853	9679	192	333	0.428	5.284E-96	42	481	549	8103	9407	1305	8082	9425
328666876	1	465	3.777E-129	4	7853	9679	196	56	0.435	3.725E-06	482	546	549	9476	9679	204	9404	9685
329565254	1	338	6.426E-91	1	8118	9380	192	338	0.429	1.702E-97	49	492	574	8118	9380	1263	8082	9425
330184091	-1	291	9.044E-77	1	9940	11370	712	291	0.366	4.793E-79	193	655	684	-11370	-9940	1431	11628	9763
330434689	-1	359	3.064E-97	1	9916	11418	712	359	0.411	4.698E-102	138	609	628	-11418	-9916	1503	11628	9763
330646579	-1	460	1.209E-127	1	46	1863	910	460	0.417	6.290E-137	142	772	774	-1863	-46	1818	1875	46
330724437	-1	325	5.265E-87	1	9928	11376	712	325	0.393	1.178E-90	169	630	651	-11376	-9928	1449	11628	9763
331251881	1	357	1.226E-96	2	7859	9383	170	50	1.000	6.046E-05	7	28	552	7859	7924	66	7790	7960
331251881	1	357	1.226E-96	2	7859	9383	192	331	0.441	2.517E-95	54	473	552	8127	9383	1257	8082	9425
331257840	-1	317	1.348E-84	1	9916	11505	712	317	0.362	5.569E-88	135	628	648	-11505	-9916	1590	11628	9763
331428183	1	398	5.574E-109	2	8103	9673	192	356	0.446	7.117E-104	48	492	574	8103	9380	1278	8082	9425
331428183	1	398	5.574E-109	2	8103	9673	196	51	0.410	1.670E-04	503	569	574	9473	9673	201	9404	9685
331867415	-1	302	4.416E-80	1	9937	11370	712	302	0.375	6.583E-83	144	588	616	-11370	-9937	1434	11628	9763
331885291	-1	534	6.399E-150	2	67	2315	879	90	0.477	2.363E-16	37	136	771	-2315	-2016	300	2480	1875
331885291	-1	534	6.399E-150	2	67	2315	910	454	0.421	6.769E-135	148	762	771	-1863	-67	1797	1875	46
332466205	1	424	8.306E-117	3	7847	9679	170	51	0.889	4.393E-05	0	25	539	7847	7924	78	7790	7960
332466205	1	424	8.306E-117	3	7847	9679	192	331	0.433	3.440E-95	38	465	539	8103	9392	1290	8082	9425
332466205	1	424	8.306E-117	3	7847	9679	196	56	0.435	3.725E-06	470	537	539	9479	9679	201	9404	9685
333037395	1	333	2.056E-89	2	8094	9685	192	281	0.369	3.872E-78	36	491	560	8094	9413	1320	8082	9425
333037395	1	333	2.056E-89	2	8094	9685	196	53	0.411	2.494E-05	490	559	560	9476	9685	210	9404	9685
333231230	-1	440	1.267E-121	1	49	1863	910	440	0.408	3.708E-130	142	762	765	-1863	-49	1815	1875	46
333527370	1	430	1.298E-118	3	7847	9685	170	50	0.882	6.046E-05	0	25	544	7847	7924	78	7790	7960
333527370	1	430	1.298E-118	3	7847	9685	192	335	0.434	1.515E-96	42	474	544	8103	9404	1302	8082	9425
333527370	1	430	1.298E-118	3	7847	9685	196	62	0.483	3.208E-08	478	543	544	9488	9685	198	9404	9685
333856017	-1	360	1.532E-97	1	9901	11376	712	360	0.417	1.857E-102	180	641	658	-11376	-9901	1476	11628	9763
334079540	-1	347	1.255E-93	1	9898	11628	712	347	0.363	3.684E-98	78	606	618	-11628	-9898	1731	11628	9763
334282408	-1	357	1.226E-96	1	9919	11370	712	357	0.420	1.189E-101	167	614	635	-11370	-9919	1452	11628	9763
335097154	-1	182	5.870E-44	1	10093	11475	712	182	0.276	4.768E-43	167	606	672	-11475	-10093	1383	11628	9763
335222298	-1	444	7.921E-123	1	193	1863	910	444	0.439	2.244E-131	131	698	755	-1863	-193	1671	1875	46
335246765	-1	438	5.070E-121	1	193	1863	910	438	0.434	2.405E-129	131	698	756	-1863	-193	1671	1875	46
335250066	-1	410	1.361E-112	1	73	1863	910	410	0.399	7.007E-120	132	720	742	-1863	-73	1791	1875	46
335257657	1	278	7.409E-73	1	8094	9389	192	278	0.375	4.656E-77	38	477	551	8094	9389	1296	8082	9425
335260277	-1	353	1.961E-95	1	193	1863	910	353	0.377	1.791E-100	79	553	610	-1863	-193	1671	1875	46
335278964	-1	436	2.028E-120	1	73	1863	910	436	0.413	8.363E-129	204	810	828	-1863	-73	1791	1875	46
335305878	1	490	1.126E-136	4	7853	9679	170	53	1.000	4.698E-06	2	25	791	7853	7924	72	7790	7960
335305878	1	490	1.126E-136	4	7853	9679	175	36	0.644	2.563E+00	25	49	791	7979	8056	78	7979	8098
335305878	1	490	1.126E-136	4	7853	9679	192	355	0.456	1.818E-103	53	483	791	8133	9407	1275	8082	9425
335305878	1	490	1.126E-136	4	7853	9679	196	48	0.394	2.105E-03	486	548	791	9482	9679	198	9404	9685
335322160	-1	342	4.017E-92	1	9916	11376	712	342	0.399	1.501E-96	199	695	716	-11376	-9916	1461	11628	9763
335334705	-1	367	1.197E-99	1	9910	11490	712	367	0.403	7.060E-105	132	649	665	-11490	-9910	1581	11628	9763
335366512	-1	305	5.520E-81	1	9901	11412	712	305	0.364	5.643E-84	211	708	721	-11412	-9901	1512	11628	9763
335366727	-1	364	9.576E-99	1	9919	11628	712	364	0.379	4.526E-104	90	656	680	-11628	-9919	1710	11628	9763
335407128	1	457	9.669E-127	1	8097	9401	192	457	0.538	1.047E-138	39	487	560	8097	9401	1305	8082	9425
335421156	-1	445	3.961E-123	1	73	1863	910	445	0.418	8.808E-132	131	738	756	-1863	-73	1791	1875	46
335445509	-1	339	3.213E-91	1	9913	11628	712	339	0.360	1.775E-95	91	613	633	-11628	-9913	1716	11628	9763
335463791	-1	357	1.226E-96	1	9919	11376	712	357	0.416	2.207E-101	148	636	660	-11376	-9919	1458	11628	9763
335514927	-1	462	3.022E-128	1	73	1863	910	462	0.430	1.806E-137	131	738	756	-1863	-73	1791	1875	46
335524334	1	602	2.168E-170	4	7853	9685	170	54	1.000	2.481E-06	1	24	571	7853	7924	72	7790	7960
335524334	1	602	2.168E-170	4	7853	9685	175	47	0.852	4.436E-04	24	48	571	7979	8053	75	7979	8098
335524334	1	602	2.168E-170	4	7853	9685	192	434	0.523	1.563E-130	52	492	571	8130	9389	1260	8082	9425
335524334	1	602	2.168E-170	4	7853	9685	196	77	0.568	1.371E-13	503	570	571	9482	9685	204	9404	9685
335550793	-1	363	1.915E-98	1	9916	11376	712	363	0.423	1.146E-103	189	662	684	-11376	-9916	1461	11628	9763
335553763	-1	352	3.922E-95	1	9898	11439	712	352	0.398	9.026E-100	138	618	631	-11439	-9898	1542	11628	9763
335578768	-1	347	1.255E-93	1	9898	11628	712	347	0.363	2.705E-98	53	531	545	-11628	-9898	1731	11628	9763
335594197	-1	366	2.394E-99	1	9898	11376	712	366	0.422	9.623E-105	154	623	637	-11376	-9898	1479	11628	9763
335627585	-1	357	1.226E-96	1	9919	11370	712	357	0.419	2.207E-101	167	614	635	-11370	-9919	1452	11628	9763
335630825	-1	355	4.903E-96	1	9898	11628	712	355	0.365	5.582E-101	87	672	688	-11628	-9898	1731	11628	9763
335657452	1	390	1.427E-106	3	7847	9679	170	53	0.922	8.897E-06	0	25	535	7847	7924	78	7790	7960
335657452	1	390	1.427E-106	3	7847	9679	192	300	0.406	1.722E-84	38	456	535	8103	9377	1275	8082	9425
335657452	1	390	1.427E-106	3	7847	9679	196	56	0.435	3.725E-06	466	533	535	9479	9679	201	9404	9685
335658928	-1	327	1.316E-87	1	9898	10884	712	327	0.527	1.854E-91	270	594	606	-10884	-9898	987	11628	9763
335663268	-1	345	5.021E-93	1	9916	11388	712	345	0.405	2.352E-97	169	658	680	-11388	-9916	1473	11628	9763
335677077	1	419	2.658E-115	3	7853	9679	170	51	0.970	2.319E-05	2	25	545	7853	7924	72	7790	7960
335677077	1	419	2.658E-115	3	7853	9679	192	332	0.435	1.348E-95	42	469	545	8103	9383	1281	8082	9425
335677077	1	419	2.658E-115	3	7853	9679	196	50	0.377	3.147E-04	470	543	545	9458	9679	222	9404	9685
335707067	1	329	3.290E-88	1	8130	9392	192	329	0.438	1.199E-94	52	465	539	8130	9392	1263	8082	9425
335718874	1	634	5.048E-180	4	7856	9685	170	53	1.000	6.465E-06	4	26	564	7856	7924	69	7790	7960
335718874	1	634	5.048E-180	4	7856	9685	175	42	0.750	1.504E-02	26	51	564	7979	8056	78	7979	8098
335718874	1	634	5.048E-180	4	7856	9685	192	466	0.550	7.674E-142	40	484	564	8103	9383	1281	8082	9425
335718874	1	634	5.048E-180	4	7856	9685	196	93	0.665	5.881E-19	496	563	564	9482	9685	204	9404	9685
335761033	1	579	1.819E-163	4	7844	9685	170	53	0.891	8.897E-06	0	26	561	7844	7924	81	7790	7960
335761033	1	579	1.819E-163	4	7844	9685	175	43	0.687	1.091E-02	26	54	561	7979	8065	87	7979	8098
335761033	1	579	1.819E-163	4	7844	9685	192	422	0.509	1.016E-126	40	484	561	8103	9383	1281	8082	9425
335761033	1	579	1.819E-163	4	7844	9685	196	81	0.596	4.197E-15	493	560	561	9482	9685	204	9404	9685
335957367	-1	429	2.596E-118	1	67	1863	910	429	0.405	2.277E-126	152	764	773	-1863	-67	1797	1875	46
336053568	-1	477	9.221E-133	2	49	2297	879	70	0.407	2.162E-09	6	97	743	-2297	-2016	282	2480	1875
336053568	-1	477	9.221E-133	2	49	2297	910	414	0.386	3.123E-121	106	738	743	-1863	-49	1815	1875	46
336219793	-1	415	4.253E-114	1	49	1863	910	415	0.392	1.228E-121	144	764	774	-1863	-49	1815	1875	46
336243269	-1	419	2.658E-115	1	49	1863	910	419	0.393	1.019E-122	146	767	772	-1863	-49	1815	1875	46
336514781	-1	416	2.126E-114	1	49	1863	910	416	0.393	6.590E-122	145	763	774	-1863	-49	1815	1875	46
336536186	-1	413	1.701E-113	1	70	1863	910	413	0.388	7.941E-121	155	780	794	-1863	-70	1794	1875	46
337111072	-1	281	9.261E-74	1	46	1836	910	281	0.269	5.387E-76	129	878	896	-1836	-46	1791	1875	46
337998319	-1	270	1.897E-70	1	73	1836	910	270	0.263	3.820E-72	139	884	910	-1836	-73	1764	1875	46
340264299	-1	379	2.922E-103	1	73	1836	910	379	0.382	2.344E-109	139	720	736	-1836	-73	1764	1875	46
341856483	-1	374	9.352E-102	1	9910	11628	712	374	0.385	1.961E-107	88	647	663	-11628	-9910	1719	11628	9763
341907356	1	378	5.845E-103	2	7847	9023	170	52	0.915	1.224E-05	0	25	360	7847	7924	78	7790	7960
341907356	1	378	5.845E-103	2	7847	9023	192	336	0.546	5.938E-97	37	359	360	8097	9023	927	8082	9425
342709425	-1	348	6.276E-94	1	9919	11439	712	348	0.398	1.986E-98	142	638	659	-11439	-9919	1521	11628	9763
343069181	-1	365	4.788E-99	1	9928	11370	712	365	0.429	3.321E-104	168	640	664	-11370	-9928	1443	11628	9763
343563938	-1	324	1.053E-86	1	9898	11376	712	324	0.386	2.181E-90	146	623	629	-11376	-9898	1479	11628	9763
344184305	1	442	3.168E-122	3	7847	9685	170	51	0.889	4.393E-05	0	25	545	7847	7924	78	7790	7960
344184305	1	442	3.168E-122	3	7847	9685	192	335	0.431	1.515E-96	39	476	545	8094	9407	1314	8082	9425
344184305	1	442	3.168E-122	3	7847	9685	196	68	0.505	2.011E-10	476	544	545	9479	9685	207	9404	9685
344633663	1	611	4.234E-173	3	7844	9685	170	52	0.878	1.685E-05	0	26	565	7844	7924	81	7790	7960
344633663	1	611	4.234E-173	3	7844	9685	192	478	0.549	6.241E-146	40	496	565	8103	9410	1308	8082	9425
344633663	1	611	4.234E-173	3	7844	9685	196	92	0.662	8.074E-19	497	564	565	9482	9685	204	9404	9685
345580156	1	373	1.870E-101	2	8103	9679	192	329	0.431	1.638E-94	38	463	537	8103	9392	1290	8082	9425
345580156	1	373	1.870E-101	2	8103	9679	196	47	0.381	3.966E-03	468	535	537	9479	9679	201	9404	9685
345720601	1	375	4.676E-102	2	7847	9422	170	51	0.889	4.393E-05	0	25	544	7847	7924	78	7790	7960
345720601	1	375	4.676E-102	2	7847	9422	192	339	0.433	6.670E-98	42	476	544	8103	9422	1320	8082	9425
345799202	1	612	2.117E-173	4	7853	9685	170	55	1.000	1.311E-06	1	24	560	7853	7924	72	7790	7960
345799202	1	612	2.117E-173	4	7853	9685	175	42	0.769	2.072E-02	24	48	560	7979	8053	75	7979	8098
345799202	1	612	2.117E-173	4	7853	9685	192	442	0.536	2.156E-133	51	485	560	8127	9395	1269	8082	9425
345799202	1	612	2.117E-173	4	7853	9685	196	78	0.573	7.273E-14	492	559	560	9482	9685	204	9404	9685
346139850	1	339	3.213E-91	1	8133	9380	192	339	0.438	6.670E-98	59	492	574	8133	9380	1248	8082	9425
346204036	1	353	1.961E-95	2	8130	9679	192	308	0.419	1.815E-87	55	464	541	8130	9383	1254	8082	9425
346204036	1	353	1.961E-95	2	8130	9679	196	51	0.405	1.670E-04	472	539	541	9479	9679	201	9404	9685
346210658	-1	460	1.209E-127	1	46	1863	910	460	0.421	6.290E-137	151	772	774	-1863	-46	1818	1875	46
346214140	-1	286	2.894E-75	1	52	1836	910	286	0.270	1.005E-77	140	897	917	-1836	-52	1785	1875	46
346572294	1	357	1.226E-96	3	7847	9685	170	50	0.846	8.323E-05	0	26	560	7847	7924	78	7790	7960
346572294	1	357	1.226E-96	3	7847	9685	192	279	0.376	2.500E-77	53	491	560	8130	9413	1284	8082	9425
346572294	1	357	1.226E-96	3	7847	9685	196	54	0.414	1.817E-05	490	559	560	9476	9685	210	9404	9685
347119715	-1	407	1.089E-111	1	9934	11376	712	407	0.465	1.739E-118	172	639	667	-11376	-9934	1443	11628	9763
347151119	-1	183	2.935E-44	1	10138	10623	712	183	0.579	2.646E-43	16	177	195	-10623	-10138	486	11628	9763
348269601	1	395	4.459E-108	2	8127	9685	192	343	0.447	2.934E-99	51	474	543	8127	9407	1281	8082	9425
348269601	1	395	4.459E-108	2	8127	9685	196	66	0.610	9.812E-10	490	542	543	9527	9685	159	9404	9685
348448132	-1	461	6.043E-128	1	49	1863	910	461	0.419	2.467E-137	154	781	784	-1863	-49	1815	1875	46
348630284	-1	439	2.535E-121	1	49	1863	910	439	0.407	1.290E-129	142	762	765	-1863	-49	1815	1875	46
348785716	1	378	5.845E-103	2	8115	9682	192	327	0.436	7.802E-94	2	415	494	8115	9377	1263	8082	9425
348785716	1	378	5.845E-103	2	8115	9682	196	59	0.450	2.950E-07	425	493	494	9479	9682	204	9404	9685
348925275	-1	348	6.276E-94	1	9904	11376	712	348	0.408	1.986E-98	148	610	611	-11376	-9904	1473	11628	9763
348929605	1	447	9.901E-124	4	7847	9679	170	51	0.902	2.319E-05	0	25	539	7847	7924	78	7790	7960
348929605	1	447	9.901E-124	4	7847	9679	175	39	0.584	1.959E-01	25	55	539	7979	8074	96	7979	8098
348929605	1	447	9.901E-124	4	7847	9679	192	319	0.425	4.004E-91	43	465	539	8118	9392	1275	8082	9425
348929605	1	447	9.901E-124	4	7847	9679	196	52	0.410	8.860E-05	470	537	539	9479	9679	201	9404	9685
349799639	-1	372	3.741E-101	1	9922	11370	712	372	0.434	9.234E-107	187	643	662	-11370	-9922	1449	11628	9763
349816251	1	637	6.310E-181	4	7856	9685	170	55	1.000	1.803E-06	4	26	575	7856	7924	69	7790	7960
349816251	1	637	6.310E-181	4	7856	9685	175	41	0.684	3.936E-02	26	53	575	7979	8062	84	7979	8098
349816251	1	637	6.310E-181	4	7856	9685	192	457	0.522	1.432E-138	40	505	575	8103	9410	1308	8082	9425
349816251	1	637	6.310E-181	4	7856	9685	196	98	0.717	6.970E-21	509	574	575	9488	9685	198	9404	9685
349819473	-1	408	5.443E-112	1	70	1863	910	408	0.392	4.529E-119	130	738	758	-1863	-70	1794	1875	46
349930847	-1	456	1.934E-126	1	73	1863	910	456	0.426	1.423E-135	300	907	925	-1863	-73	1791	1875	46
349984283	1	338	6.426E-91	2	7847	9383	170	52	0.915	1.224E-05	0	25	512	7847	7924	78	7790	7960
349984283	1	338	6.426E-91	2	7847	9383	192	295	0.400	7.224E-83	36	436	512	8103	9383	1281	8082	9425
349990979	1	355	4.903E-96	2	7847	9377	170	50	0.875	8.323E-05	0	25	541	7847	7924	78	7790	7960
349990979	1	355	4.903E-96	2	7847	9377	192	320	0.426	2.146E-91	42	461	541	8103	9377	1275	8082	9425
350073657	1	285	5.788E-75	2	7859	9389	170	50	0.987	6.046E-05	7	29	608	7859	7927	69	7790	7960
350073657	1	285	5.788E-75	2	7859	9389	192	244	0.353	1.309E-65	40	460	608	8145	9389	1245	8082	9425
350099976	-1	217	1.708E-54	1	9937	10839	712	217	0.407	1.553E-54	22	326	351	-10839	-9937	903	11628	9763
350148305	-1	314	1.078E-83	1	9940	10839	712	314	0.548	4.799E-87	268	548	576	-10839	-9940	900	11628	9763
350173839	1	246	3.182E-63	2	7853	9404	170	55	1.000	1.311E-06	5	28	578	7853	7924	72	7790	7960
350173839	1	246	3.182E-63	2	7853	9404	192	219	0.317	6.780E-57	58	501	578	8133	9404	1272	8082	9425
350194762	-1	354	9.806E-96	1	9898	11439	712	354	0.399	1.923E-100	138	618	631	-11439	-9898	1542	11628	9763
350200586	1	393	1.784E-107	2	8097	9679	192	337	0.435	2.326E-97	39	474	553	8097	9383	1287	8082	9425
350200586	1	393	1.784E-107	2	8097	9679	196	61	0.457	6.047E-08	481	550	553	9470	9679	210	9404	9685
350204030	1	410	1.361E-112	3	7847	9679	170	51	0.889	4.393E-05	0	25	536	7847	7924	78	7790	7960
350204030	1	410	1.361E-112	3	7847	9679	192	327	0.429	1.066E-93	38	462	536	8103	9392	1290	8082	9425
350204030	1	410	1.361E-112	3	7847	9679	196	46	0.373	1.025E-02	467	534	536	9479	9679	201	9404	9685
350235720	-1	347	1.255E-93	1	9916	11376	712	347	0.410	2.705E-98	151	612	632	-11376	-9916	1461	11628	9763
350265788	1	402	3.484E-110	2	8118	9676	192	354	0.447	4.645E-103	49	488	570	8118	9380	1263	8082	9425
350265788	1	402	3.484E-110	2	8118	9676	196	60	0.476	1.565E-07	502	566	570	9482	9676	195	9404	9685
350295344	1	590	8.880E-167	4	7853	9685	170	54	1.000	3.414E-06	1	24	571	7853	7924	72	7790	7960
350295344	1	590	8.880E-167	4	7853	9685	175	47	0.852	4.436E-04	24	48	571	7979	8053	75	7979	8098
350295344	1	590	8.880E-167	4	7853	9685	192	422	0.510	1.016E-126	52	494	571	8130	9389	1260	8082	9425
350295344	1	590	8.880E-167	4	7853	9685	196	75	0.556	6.688E-13	503	570	571	9482	9685	204	9404	9685
350478932	-1	424	8.306E-117	1	49	1863	910	424	0.397	9.554E-125	146	768	773	-1863	-49	1815	1875	46
350532761	-1	425	4.153E-117	1	49	1863	910	425	0.399	6.998E-125	141	760	770	-1863	-49	1815	1875	46
350549041	-1	423	1.661E-116	1	49	1863	910	423	0.397	2.431E-124	165	786	791	-1863	-49	1815	1875	46
350595105	-1	422	3.322E-116	1	49	1863	910	422	0.397	6.186E-124	147	766	776	-1863	-49	1815	1875	46
350618239	-1	83	3.721E-14	1	2016	2291	879	83	0.478	4.559E-14	40	128	136	-2291	-2016	276	2480	1875
350697414	-1	498	4.397E-139	2	49	2315	879	84	0.422	3.347E-14	34	141	775	-2315	-1989	327	2480	1875
350697414	-1	498	4.397E-139	2	49	2315	910	415	0.391	2.288E-121	144	765	775	-1863	-49	1815	1875	46
350729782	-1	415	4.253E-114	1	70	1863	910	415	0.395	1.676E-121	138	750	769	-1863	-70	1794	1875	46
350740091	-1	312	4.313E-83	1	193	1608	910	312	0.380	2.143E-86	2	487	519	-1608	-193	1416	1875	46
350798151	-1	461	6.043E-128	1	49	1863	910	461	0.423	2.467E-137	151	771	774	-1863	-49	1815	1875	46
350898867	-1	445	3.961E-123	1	70	1863	910	445	0.414	6.449E-132	141	757	775	-1863	-70	1794	1875	46
351030458	-1	525	3.276E-147	2	46	2285	879	84	0.489	2.457E-14	44	130	765	-2285	-2016	270	2480	1875
351030458	-1	525	3.276E-147	2	46	2285	910	451	0.415	1.120E-133	142	763	765	-1863	-46	1818	1875	46
351050472	-1	451	6.188E-125	1	49	1863	910	451	0.416	8.203E-134	148	768	771	-1863	-49	1815	1875	46
355487194	-1	307	1.380E-81	1	9898	11460	712	307	0.358	1.652E-84	154	660	674	-11460	-9898	1563	11628	9763
355521587	-1	297	1.413E-78	1	9907	11460	712	297	0.351	3.554E-81	153	664	676	-11460	-9907	1554	11628	9763
355780639	-1	306	2.760E-81	1	9940	11460	712	306	0.364	3.053E-84	163	663	691	-11460	-9940	1521	11628	9763
356243155	-1	344	1.004E-92	1	9898	11376	712	344	0.403	5.942E-97	150	619	633	-11376	-9898	1479	11628	9763
356688509	1	464	7.554E-129	4	7847	9679	170	56	0.981	5.032E-07	0	25	549	7847	7924	78	7790	7960
356688509	1	464	7.554E-129	4	7847	9679	175	35	0.630	4.879E+00	25	49	549	7979	8056	78	7979	8098
356688509	1	464	7.554E-129	4	7847	9679	192	332	0.434	1.842E-95	42	471	549	8103	9377	1275	8082	9425
356688509	1	464	7.554E-129	4	7847	9679	196	55	0.425	7.021E-06	481	546	549	9473	9679	207	9404	9685
357001805	-1	309	3.450E-82	1	9898	11481	712	309	0.356	3.553E-85	133	657	672	-11481	-9898	1584	11628	9763
357727902	-1	853	5.991E-246	2	46	2315	879	142	0.639	2.958E-34	24	134	753	-2315	-1989	327	2480	1875
357727902	-1	853	5.991E-246	2	46	2315	910	711	0.594	1.953E-223	134	751	753	-1872	-46	1827	1875	46
358401942	1	260	1.942E-67	2	7844	9413	170	51	0.872	2.319E-05	0	26	541	7844	7924	81	7790	7960
358401942	1	260	1.942E-67	2	7844	9413	192	235	0.341	2.185E-62	54	472	541	8133	9413	1281	8082	9425
358497203	-1	359	3.064E-97	1	9928	11376	712	359	0.422	4.698E-102	162	632	654	-11376	-9928	1449	11628	9763
358802336	-1	361	7.661E-98	1	9907	11379	712	361	0.418	1.000E-102	166	651	664	-11379	-9907	1473	11628	9763
358923551	1	207	1.749E-51	1	8094	9383	192	207	0.311	5.058E-53	42	473	552	8094	9383	1290	8082	9425
359132462	1	337	1.285E-90	2	7859	9389	170	52	1.000	1.685E-05	3	24	553	7859	7924	66	7790	7960
359132462	1	337	1.285E-90	2	7859	9389	192	311	0.416	2.048E-88	52	477	553	8130	9389	1260	8082	9425
359280675	1	259	3.885E-67	3	7853	9646	170	52	0.978	1.685E-05	4	27	587	7853	7924	72	7790	7960
359280675	1	259	3.885E-67	3	7853	9646	192	180	0.272	1.002E-43	43	508	587	8103	9413	1311	8082	9425
359280675	1	259	3.885E-67	3	7853	9646	196	40	0.387	1.618E+00	509	563	587	9482	9646	165	9404	9685
359296077	1	620	8.270E-176	4	7853	9685	170	54	1.000	3.414E-06	1	24	569	7853	7924	72	7790	7960
359296077	1	620	8.270E-176	4	7853	9685	175	44	0.811	3.029E-03	24	48	569	7979	8053	75	7979	8098
359296077	1	620	8.270E-176	4	7853	9685	192	451	0.541	1.585E-136	52	490	569	8130	9389	1260	8082	9425
359296077	1	620	8.270E-176	4	7853	9685	196	78	0.551	9.986E-14	498	568	569	9473	9685	213	9404	9685
359581592	-1	421	6.645E-116	1	49	1863	910	421	0.396	1.153E-123	147	766	776	-1863	-49	1815	1875	46
360318563	-1	321	8.423E-86	1	73	1836	910	321	0.299	1.319E-89	136	853	875	-1836	-73	1764	1875	46
360445180	-1	429	2.596E-118	1	49	1863	910	429	0.401	2.277E-126	145	766	777	-1863	-49	1815	1875	46
360604144	-1	398	5.574E-109	1	46	1863	910	398	0.379	1.466E-115	138	759	762	-1863	-46	1818	1875	46
360741166	1	488	4.503E-136	4	7856	9679	170	53	1.000	6.465E-06	3	25	554	7856	7924	69	7790	7960
360741166	1	488	4.503E-136	4	7856	9679	175	34	0.610	1.282E+01	25	49	554	7979	8056	78	7979	8098
360741166	1	488	4.503E-136	4	7856	9679	192	353	0.444	8.680E-103	42	485	554	8103	9413	1311	8082	9425
360741166	1	488	4.503E-136	4	7856	9679	196	55	0.427	9.640E-06	484	551	554	9476	9679	204	9404	9685
360982172	1	372	3.741E-101	2	8097	9685	192	315	0.415	9.060E-90	37	469	543	8097	9398	1302	8082	9425
360982172	1	372	3.741E-101	2	8097	9685	196	56	0.417	3.725E-06	471	542	543	9470	9685	216	9404	9685
361021585	1	551	4.882E-155	3	7979	9685	175	43	0.693	7.921E-03	26	54	554	7979	8065	87	7979	8098
361021585	1	551	4.882E-155	3	7979	9685	192	445	0.540	1.281E-134	40	474	554	8103	9380	1278	8082	9425
361021585	1	551	4.882E-155	3	7979	9685	196	87	0.633	3.618E-17	486	553	554	9482	9685	204	9404	9685
361483581	1	445	3.961E-123	3	7847	9685	170	48	0.842	4.114E-04	0	25	544	7847	7924	78	7790	7960
361483581	1	445	3.961E-123	3	7847	9685	192	351	0.456	4.143E-102	51	474	544	8127	9404	1278	8082	9425
361483581	1	445	3.961E-123	3	7847	9685	196	69	0.516	1.067E-10	476	543	544	9482	9685	204	9404	9685
362933713	1	306	2.760E-81	1	8148	9392	192	306	0.419	1.178E-86	9	415	489	8148	9392	1245	8082	9425
363051464	-1	312	4.313E-83	1	9946	11376	712	312	0.385	3.038E-86	173	627	639	-11376	-9946	1431	11628	9763
364104653	-1	180	2.348E-43	1	10159	11535	712	180	0.274	2.076E-42	154	568	660	-11535	-10159	1377	11628	9763
364305229	-1	442	3.168E-122	1	193	1863	910	442	0.437	1.066E-130	131	698	755	-1863	-193	1671	1875	46
364318506	-1	444	7.921E-123	1	73	1875	910	444	0.416	1.643E-131	108	719	737	-1875	-73	1803	1875	46
364318936	-1	435	4.056E-120	1	73	1863	910	435	0.411	2.130E-128	131	739	769	-1863	-73	1791	1875	46
364325775	-1	366	2.394E-99	1	9919	11628	712	366	0.380	1.312E-104	90	656	680	-11628	-9919	1710	11628	9763
364342067	-1	410	1.361E-112	1	9934	11376	712	410	0.468	1.060E-119	172	640	668	-11376	-9934	1443	11628	9763
364364726	-1	448	4.951E-124	1	193	1863	910	448	0.441	9.936E-133	131	699	756	-1863	-193	1671	1875	46
364402894	1	395	4.459E-108	2	8130	9676	192	341	0.447	1.024E-98	52	470	540	8130	9404	1275	8082	9425
364402894	1	395	4.459E-108	2	8130	9676	196	55	0.442	9.640E-06	473	537	540	9482	9676	195	9404	9685
364410366	1	642	1.972E-182	4	7856	9685	170	52	1.000	1.224E-05	4	26	576	7856	7924	69	7790	7960
364410366	1	642	1.972E-182	4	7856	9685	175	37	0.623	9.766E-01	26	53	576	7979	8062	84	7979	8098
364410366	1	642	1.972E-182	4	7856	9685	192	470	0.531	4.552E-143	40	508	576	8103	9419	1317	8082	9425
364410366	1	642	1.972E-182	4	7856	9685	196	95	0.682	6.402E-20	508	575	576	9482	9685	204	9404	9685
364467400	1	319	3.369E-85	2	7844	9389	170	50	0.800	6.046E-05	0	28	551	7844	7924	81	7790	7960
364467400	1	319	3.369E-85	2	7844	9389	192	277	0.374	8.668E-77	38	477	551	8094	9389	1296	8082	9425
364502960	-1	351	7.845E-95	1	9898	11376	712	351	0.409	2.282E-99	388	876	888	-11376	-9898	1479	11628	9763
364511567	-1	148	1.008E-33	1	349	789	910	148	0.525	4.230E-32	28	174	175	-789	-349	441	1875	46
364531144	-1	340	1.607E-91	1	9898	11391	712	340	0.397	9.571E-96	156	643	657	-11391	-9898	1494	11628	9763
364566180	1	92	7.267E-17	1	8301	8570	192	92	0.487	5.214E-15	68	166	167	8301	8570	270	8082	9425
364588320	-1	322	4.212E-86	1	9961	11628	712	322	0.353	1.385E-89	80	576	582	-11628	-9961	1668	11628	9763
364596380	-1	171	1.202E-40	1	73	819	910	171	0.381	1.503E-39	29	290	320	-819	-73	747	1875	46
364613774	-1	326	2.632E-87	1	9901	10896	712	326	0.521	6.360E-91	249	570	583	-10896	-9901	996	11628	9763
364618475	1	301	8.832E-80	4	7853	9646	170	52	0.978	1.685E-05	4	27	587	7853	7924	72	7790	7960
364618475	1	301	8.832E-80	4	7853	9646	175	33	0.555	3.374E+01	27	54	587	7979	8056	78	7979	8098
364618475	1	301	8.832E-80	4	7853	9646	192	185	0.276	1.908E-45	43	508	587	8103	9413	1311	8082	9425
364618475	1	301	8.832E-80	4	7853	9646	196	40	0.390	1.180E+00	509	563	587	9482	9646	165	9404	9685
364687185	1	228	8.342E-58	2	8211	9667	192	184	0.307	2.588E-45	3	385	460	8211	9383	1173	8082	9425
364687185	1	228	8.342E-58	2	8211	9667	196	49	0.399	1.117E-03	392	457	460	9470	9667	198	9404	9685
364695838	-1	330	1.645E-88	2	10267	11976	684	38	0.267	1.015E+01	25	89	548	-11976	-11695	282	12000	11632
364695838	-1	330	1.645E-88	2	10267	11976	712	291	0.378	2.597E-79	90	545	548	-11628	-10267	1362	11628	9763
364727017	-1	267	1.517E-69	1	10225	11388	712	267	0.399	3.235E-71	141	487	490	-11388	-10225	1164	11628	9763
364752283	1	464	7.554E-129	3	7853	9188	170	54	1.000	3.414E-06	1	24	429	7853	7924	72	7790	7960
364752283	1	464	7.554E-129	3	7853	9188	175	47	0.859	3.221E-04	24	48	429	7979	8053	75	7979	8098
364752283	1	464	7.554E-129	3	7853	9188	192	365	0.524	5.351E-107	52	421	429	8130	9188	1059	8082	9425
364797400	1	422	3.322E-116	3	7847	9685	170	48	0.849	2.989E-04	0	25	544	7847	7924	78	7790	7960
364797400	1	422	3.322E-116	3	7847	9685	192	332	0.438	1.842E-95	52	473	544	8130	9401	1272	8082	9425
364797400	1	422	3.322E-116	3	7847	9685	196	67	0.487	5.205E-10	473	543	544	9473	9685	213	9404	9685
364828147	-1	343	2.008E-92	1	9925	11376	712	343	0.408	8.092E-97	149	604	614	-11376	-9925	1452	11628	9763
364838985	-1	359	3.064E-97	1	9898	11376	712	359	0.416	4.698E-102	154	623	637	-11376	-9898	1479	11628	9763
365083239	-1	454	7.736E-126	1	49	1863	910	454	0.413	4.956E-135	169	799	802	-1863	-49	1815	1875	46
365139791	-1	456	1.934E-126	2	49	2285	879	64	0.395	1.550E-07	57	144	812	-2285	-2016	270	2480	1875
365139791	-1	456	1.934E-126	2	49	2285	910	402	0.370	4.802E-117	156	807	812	-1863	-49	1815	1875	46
365450699	-1	405	4.355E-111	1	49	1863	910	405	0.384	3.993E-118	146	767	772	-1863	-49	1815	1875	46
365468863	-1	413	1.701E-113	1	49	1863	910	413	0.391	5.818E-121	143	762	772	-1863	-49	1815	1875	46
365485678	-1	446	1.980E-123	1	67	1863	910	446	0.416	4.722E-132	152	765	774	-1863	-67	1797	1875	46
365502206	-1	432	3.245E-119	1	49	1863	910	432	0.404	1.885E-127	142	760	771	-1863	-49	1815	1875	46
365596739	-1	420	1.329E-115	1	49	1863	910	420	0.395	4.004E-123	145	765	775	-1863	-49	1815	1875	46
366309364	-1	310	1.725E-82	1	73	1836	910	310	0.292	7.341E-86	135	854	886	-1836	-73	1764	1875	46
370044108	-1	308	6.900E-82	1	9898	11451	712	308	0.360	8.933E-85	152	658	672	-11451	-9898	1554	11628	9763
370680955	1	371	7.481E-101	2	8097	9685	192	314	0.413	2.309E-89	37	469	543	8097	9398	1302	8082	9425
370680955	1	371	7.481E-101	2	8097	9685	196	56	0.417	3.725E-06	471	542	543	9470	9685	216	9404	9685
371488742	-1	352	3.922E-95	1	9898	11370	712	352	0.411	9.026E-100	163	650	663	-11370	-9898	1473	11628	9763
371774433	-1	441	6.337E-122	1	46	1863	910	441	0.409	1.988E-130	147	768	770	-1863	-46	1818	1875	46
372352640	-1	1152	0.000E+00	2	49	2480	879	188	0.585	5.981E-50	8	165	778	-2480	-1989	492	2480	1875
372352640	-1	1152	0.000E+00	2	49	2480	910	964	0.772	8.160E-311	165	776	778	-1872	-49	1824	1875	46
372618232	-1	401	6.968E-110	1	9904	11628	712	401	0.391	1.347E-116	88	689	702	-11628	-9904	1725	11628	9763
373478576	1	401	6.968E-110	3	7979	9679	175	37	0.679	1.347E+00	25	48	541	7979	8053	75	7979	8098
373478576	1	401	6.968E-110	3	7979	9679	192	334	0.438	3.867E-96	38	464	541	8103	9383	1281	8082	9425
373478576	1	401	6.968E-110	3	7979	9679	196	46	0.376	7.471E-03	472	539	541	9479	9679	201	9404	9685
373879599	-1	1294	0.000E+00	2	46	2429	879	228	0.757	4.928E-64	0	146	757	-2429	-1989	441	2480	1875
373879599	-1	1294	0.000E+00	2	46	2429	910	1067	0.849	0.000E+00	149	755	757	-1863	-46	1818	1875	46
373895662	-1	300	1.766E-79	1	9898	11460	712	300	0.352	3.054E-82	151	671	686	-11460	-9898	1563	11628	9763
374333567	1	374	9.352E-102	2	8127	9685	192	333	0.444	5.284E-96	51	466	543	8127	9383	1257	8082	9425
374333567	1	374	9.352E-102	2	8127	9685	196	63	0.585	1.239E-08	490	542	543	9527	9685	159	9404	9685
374743185	1	221	1.068E-55	2	7856	9353	170	50	0.987	6.046E-05	5	27	579	7856	7924	69	7790	7960
374743185	1	221	1.068E-55	2	7856	9353	192	185	0.287	1.908E-45	43	480	579	8103	9353	1251	8082	9425
375239939	-1	343	2.008E-92	1	9901	11451	712	343	0.389	8.092E-97	125	612	629	-11451	-9901	1551	11628	9763
375550013	-1	358	6.129E-97	1	9919	11370	712	358	0.420	8.724E-102	167	614	635	-11370	-9919	1452	11628	9763
376308344	1	416	2.126E-114	3	7847	9679	170	54	0.948	2.481E-06	0	25	541	7847	7924	78	7790	7960
376308344	1	416	2.126E-114	3	7847	9679	192	329	0.438	2.239E-94	43	462	541	8118	9377	1260	8082	9425
376308344	1	416	2.126E-114	3	7847	9679	196	57	0.445	1.048E-06	472	539	541	9479	9679	201	9404	9685
376871376	1	368	5.985E-100	2	8103	9679	192	328	0.430	4.179E-94	38	463	537	8103	9392	1290	8082	9425
376871376	1	368	5.985E-100	2	8103	9679	196	43	0.356	9.398E-02	468	535	537	9479	9679	201	9404	9685
377345293	1	587	7.104E-166	4	7847	9685	170	53	0.935	4.698E-06	0	25	553	7847	7924	78	7790	7960
377345293	1	587	7.104E-166	4	7847	9685	175	36	0.593	1.858E+00	25	53	553	7979	8065	87	7979	8098
377345293	1	587	7.104E-166	4	7847	9685	192	416	0.517	2.095E-124	53	481	553	8130	9398	1269	8082	9425
377345293	1	587	7.104E-166	4	7847	9685	196	83	0.605	1.181E-15	485	552	553	9482	9685	204	9404	9685
377719984	-1	369	2.993E-100	1	9898	11376	712	369	0.425	1.101E-105	154	623	637	-11376	-9898	1479	11628	9763
378886347	-1	432	3.245E-119	1	193	1863	910	432	0.430	2.574E-127	131	698	755	-1863	-193	1671	1875	46
378896402	-1	249	3.978E-64	1	9916	10665	712	249	0.523	3.827E-65	1	252	274	-10665	-9916	750	11628	9763
378905063	-1	447	9.901E-124	1	193	1863	910	447	0.441	1.357E-132	131	699	756	-1863	-193	1671	1875	46
378906486	-1	361	7.661E-98	1	9904	11613	712	361	0.376	1.000E-102	80	599	614	-11613	-9904	1710	11628	9763
378947620	-1	348	6.276E-94	1	9916	11388	712	348	0.408	1.986E-98	174	664	686	-11388	-9916	1473	11628	9763
379017563	-1	435	4.056E-120	1	196	1863	910	435	0.432	2.130E-128	116	683	734	-1863	-196	1668	1875	46
379030047	-1	328	6.581E-88	1	9901	10839	712	328	0.549	1.001E-91	278	586	598	-10839	-9901	939	11628	9763
379098390	1	571	4.656E-161	3	7844	9685	170	60	1.000	2.853E-08	0	26	568	7844	7924	81	7790	7960
379098390	1	571	4.656E-161	3	7844	9685	192	448	0.524	1.425E-135	40	493	568	8103	9398	1296	8082	9425
379098390	1	571	4.656E-161	3	7844	9685	196	80	0.586	1.491E-14	500	567	568	9482	9685	204	9404	9685
379100690	1	360	1.532E-97	2	7847	9392	170	50	0.882	6.046E-05	0	25	539	7847	7924	78	7790	7960
379100690	1	360	1.532E-97	2	7847	9392	192	321	0.423	1.150E-91	38	465	539	8103	9392	1290	8082	9425
379125205	-1	364	9.576E-99	1	9946	11415	712	364	0.422	4.526E-104	157	644	673	-11415	-9946	1470	11628	9763
379139016	-1	429	2.596E-118	1	70	1863	910	429	0.406	2.277E-126	131	740	769	-1863	-70	1794	1875	46
379157212	-1	752	1.519E-215	2	100	2315	879	146	0.654	1.284E-35	28	138	854	-2315	-1989	327	2480	1875
379157212	-1	752	1.519E-215	2	100	2315	910	606	0.541	3.427E-187	138	695	854	-1872	-100	1773	1875	46
379228600	-1	358	6.129E-97	1	9916	11400	712	358	0.414	8.724E-102	182	675	697	-11400	-9916	1485	11628	9763
379285107	-1	404	8.709E-111	1	9916	11376	712	404	0.458	2.088E-117	180	640	658	-11376	-9916	1461	11628	9763
379319016	1	406	2.177E-111	3	7847	9392	170	52	0.908	1.685E-05	0	25	539	7847	7924	78	7790	7960
379319016	1	406	2.177E-111	3	7847	9392	175	37	0.599	1.347E+00	25	52	539	7979	8065	87	7979	8098
379319016	1	406	2.177E-111	3	7847	9392	192	331	0.432	4.700E-95	38	465	539	8103	9392	1290	8082	9425
379361141	1	442	3.168E-122	3	7847	9685	170	51	0.889	4.393E-05	0	25	545	7847	7924	78	7790	7960
379361141	1	442	3.168E-122	3	7847	9685	192	334	0.430	2.830E-96	38	475	545	8103	9404	1302	8082	9425
379361141	1	442	3.168E-122	3	7847	9685	196	67	0.498	5.205E-10	476	544	545	9479	9685	207	9404	9685
379376052	1	337	1.285E-90	2	7859	9389	170	52	1.000	1.685E-05	3	24	553	7859	7924	66	7790	7960
379376052	1	337	1.285E-90	2	7859	9389	192	311	0.416	2.797E-88	52	477	553	8130	9389	1260	8082	9425
379622320	-1	436	2.028E-120	1	49	1863	910	436	0.405	8.363E-129	146	767	770	-1863	-49	1815	1875	46
379683157	-1	424	8.306E-117	1	49	1863	910	424	0.398	1.304E-124	142	762	772	-1863	-49	1815	1875	46
379748736	-1	235	6.517E-60	2	148	2297	879	65	0.388	6.217E-08	1	92	524	-2297	-2016	282	2480	1875
379748736	-1	235	6.517E-60	2	148	2297	910	179	0.356	3.142E-42	103	406	524	-960	-148	813	1875	46
379759500	-1	90	2.907E-16	1	1998	2315	879	90	0.453	2.363E-16	37	143	149	-2315	-1998	318	2480	1875
379845969	-1	231	1.043E-58	1	49	1263	910	231	0.339	3.236E-59	122	544	555	-1263	-49	1215	1875	46
380026705	-1	421	6.645E-116	1	49	1863	910	421	0.395	1.153E-123	146	767	772	-1863	-49	1815	1875	46
380055378	-1	699	1.368E-199	2	49	2318	879	111	0.541	1.188E-23	19	120	772	-2318	-2001	318	2480	1875
380055378	-1	699	1.368E-199	2	49	2318	910	593	0.513	1.063E-182	127	745	772	-1863	-49	1815	1875	46
380100095	-1	415	4.253E-114	1	193	1863	910	415	0.414	2.288E-121	139	711	769	-1863	-193	1671	1875	46
380118573	-1	436	2.028E-120	1	67	1863	910	436	0.416	8.363E-129	142	741	750	-1863	-67	1797	1875	46
384756530	1	63	3.901E-08	1	14744	14851	298	63	0.809	4.337E-09	0	35	39	14744	14851	108	14696	14887
384825798	1	173	3.006E-41	1	8088	9416	192	173	0.266	1.759E-41	41	504	555	8088	9416	1329	8082	9425
385569939	-1	365	4.788E-99	1	9916	11418	712	365	0.416	3.321E-104	139	607	627	-11418	-9916	1503	11628	9763
385665115	-1	359	3.064E-97	1	9898	11604	712	359	0.376	2.530E-102	82	629	643	-11604	-9898	1707	11628	9763
385916462	-1	447	9.901E-124	1	49	1863	910	447	0.413	2.531E-132	153	773	776	-1863	-49	1815	1875	46
386740402	1	624	5.169E-177	4	7853	9685	170	55	1.000	1.803E-06	1	24	564	7853	7924	72	7790	7960
386740402	1	624	5.169E-177	4	7853	9685	175	42	0.719	2.072E-02	24	50	564	7979	8053	75	7979	8098
386740402	1	624	5.169E-177	4	7853	9685	192	457	0.541	1.432E-138	45	489	564	8118	9395	1278	8082	9425
386740402	1	624	5.169E-177	4	7853	9685	196	79	0.581	2.810E-14	496	563	564	9482	9685	204	9404	9685
387891017	-1	346	2.510E-93	1	9916	11370	712	346	0.410	9.310E-98	165	613	633	-11370	-9916	1455	11628	9763
387901942	1	426	2.076E-117	3	7847	9685	170	49	0.869	1.146E-04	0	25	545	7847	7924	78	7790	7960
387901942	1	426	2.076E-117	3	7847	9685	192	329	0.433	1.638E-94	42	468	545	8103	9383	1281	8082	9425
387901942	1	426	2.076E-117	3	7847	9685	196	70	0.526	3.001E-11	477	544	545	9482	9685	204	9404	9685
388497324	-1	370	1.496E-100	1	9916	11577	712	370	0.388	5.925E-106	128	687	709	-11577	-9916	1662	11628	9763
388778749	1	268	7.587E-70	2	7979	9401	175	39	0.578	2.701E-01	26	57	551	7979	8074	96	7979	8098
388778749	1	268	7.587E-70	2	7979	9401	192	232	0.339	2.584E-61	54	478	551	8130	9401	1272	8082	9425
388871484	-1	432	3.245E-119	1	70	1863	910	432	0.406	1.885E-127	149	762	780	-1863	-70	1794	1875	46
389236468	1	399	2.787E-109	3	7844	9685	170	51	0.872	2.319E-05	0	26	553	7844	7924	81	7790	7960
389236468	1	399	2.787E-109	3	7844	9685	192	316	0.408	3.554E-90	39	484	553	8103	9413	1311	8082	9425
389236468	1	399	2.787E-109	3	7844	9685	196	45	0.355	2.650E-02	482	552	553	9473	9685	213	9404	9685
389245782	-1	429	2.596E-118	1	49	1863	910	429	0.403	2.277E-126	141	757	763	-1863	-49	1815	1875	46
389344047	1	357	1.226E-96	2	7847	9392	170	51	0.889	4.393E-05	0	25	538	7847	7924	78	7790	7960
389344047	1	357	1.226E-96	2	7847	9392	192	317	0.420	1.394E-90	38	464	538	8103	9392	1290	8082	9425
389355980	1	386	2.283E-105	2	8118	9676	192	339	0.431	6.670E-98	51	493	573	8118	9380	1263	8082	9425
389355980	1	386	2.283E-105	2	8118	9676	196	57	0.460	1.048E-06	505	569	573	9482	9676	195	9404	9685
389973052	-1	396	2.230E-108	1	9946	11628	712	396	0.407	5.595E-115	89	629	661	-11628	-9946	1683	11628	9763
390374584	-1	443	1.584E-122	1	9937	11628	712	443	0.440	6.432E-131	96	645	674	-11628	-9937	1692	11628	9763
390510658	1	435	4.056E-120	3	7847	9389	170	51	0.889	4.393E-05	0	25	537	7847	7924	78	7790	7960
390510658	1	435	4.056E-120	3	7847	9389	175	35	0.652	4.879E+00	25	48	537	7979	8053	75	7979	8098
390510658	1	435	4.056E-120	3	7847	9389	192	350	0.459	7.741E-102	51	462	537	8127	9389	1263	8082	9425
390588345	1	403	1.742E-110	2	8103	9676	192	358	0.447	2.038E-104	48	492	574	8103	9380	1278	8082	9425
390588345	1	403	1.742E-110	2	8103	9676	196	53	0.416	2.494E-05	502	570	574	9470	9676	207	9404	9685
391053655	-1	362	3.830E-98	1	9901	11448	712	362	0.405	2.900E-103	120	620	637	-11448	-9901	1548	11628	9763
391364841	-1	298	7.066E-79	1	9928	11376	712	298	0.369	1.416E-81	163	554	578	-11376	-9928	1449	11628	9763
391396754	-1	410	1.361E-112	1	9907	11628	712	410	0.410	1.447E-119	87	619	633	-11628	-9907	1722	11628	9763
391541461	1	301	8.832E-80	2	8127	9676	192	249	0.351	4.349E-67	53	484	554	8127	9413	1287	8082	9425
391541461	1	301	8.832E-80	2	8127	9676	196	51	0.422	1.216E-04	485	549	554	9482	9676	195	9404	9685
391645693	-1	280	1.852E-73	1	9937	11379	712	280	0.355	1.367E-75	150	573	591	-11379	-9937	1443	11628	9763
391748468	-1	341	8.033E-92	1	9901	11379	712	341	0.400	5.161E-96	152	599	618	-11379	-9901	1479	11628	9763
392102652	1	63	3.901E-08	1	14744	14845	298	63	0.861	2.294E-09	0	33	34	14744	14845	102	14696	14887
393420461	-1	366	2.394E-99	1	9898	11379	712	366	0.421	1.312E-104	162	648	661	-11379	-9898	1482	11628	9763
393428252	-1	440	1.267E-121	1	73	1863	910	440	0.415	5.064E-130	129	736	754	-1863	-73	1791	1875	46
393440060	-1	445	3.961E-123	1	9898	11628	712	445	0.434	1.850E-131	96	664	674	-11628	-9898	1731	11628	9763
393456853	-1	289	3.618E-76	1	10084	11370	712	289	0.392	2.216E-78	171	518	535	-11370	-10084	1287	11628	9763
393473964	1	414	8.505E-114	3	7847	9679	170	51	0.889	4.393E-05	0	25	538	7847	7924	78	7790	7960
393473964	1	414	8.505E-114	3	7847	9679	192	338	0.444	1.246E-97	43	463	538	8118	9392	1275	8082	9425
393473964	1	414	8.505E-114	3	7847	9679	196	44	0.363	3.637E-02	468	535	538	9479	9679	201	9404	9685
393505050	1	122	6.768E-26	1	8103	8570	192	122	0.407	1.042E-24	81	249	289	8103	8570	468	8082	9425
393534097	-1	307	1.380E-81	1	10228	11628	712	307	0.386	1.652E-84	90	554	556	-11628	-10228	1401	11628	9763
393536602	1	412	3.402E-113	3	7847	9685	170	49	0.855	2.171E-04	0	25	543	7847	7924	78	7790	7960
393536602	1	412	3.402E-113	3	7847	9685	192	332	0.434	9.866E-96	39	466	543	8094	9383	1290	8082	9425
393536602	1	412	3.402E-113	3	7847	9685	196	65	0.601	2.540E-09	490	542	543	9527	9685	159	9404	9685
393559005	-1	460	1.209E-127	1	73	1863	910	460	0.428	8.593E-137	188	795	813	-1863	-73	1791	1875	46
393596438	-1	399	2.787E-109	1	193	1863	910	399	0.411	4.230E-116	131	671	729	-1863	-193	1671	1875	46
393604579	-1	308	6.900E-82	1	9910	11583	712	308	0.342	6.570E-85	127	625	638	-11583	-9910	1674	11628	9763
393604651	1	639	1.577E-181	4	7844	9685	170	54	0.916	2.481E-06	0	26	564	7844	7924	81	7790	7960
393604651	1	639	1.577E-181	4	7844	9685	175	40	0.716	7.477E-02	26	51	564	7979	8056	78	7979	8098
393604651	1	639	1.577E-181	4	7844	9685	192	464	0.548	5.045E-141	40	484	564	8103	9383	1281	8082	9425
393604651	1	639	1.577E-181	4	7844	9685	196	97	0.662	1.313E-20	492	563	564	9470	9685	216	9404	9685
393604907	1	336	2.571E-90	2	7847	9404	170	52	0.908	1.685E-05	0	25	543	7847	7924	78	7790	7960
393604907	1	336	2.571E-90	2	7847	9404	192	300	0.403	1.722E-84	43	471	543	8118	9404	1287	8082	9425
393610270	-1	355	4.903E-96	1	9913	11628	712	355	0.366	7.605E-101	91	674	694	-11628	-9913	1716	11628	9763
393648222	1	600	8.672E-170	4	7844	9685	170	59	0.993	5.398E-08	0	26	567	7844	7924	81	7790	7960
393648222	1	600	8.672E-170	4	7844	9685	175	33	0.561	2.444E+01	26	53	567	7979	8062	84	7979	8098
393648222	1	600	8.672E-170	4	7844	9685	192	442	0.520	1.576E-133	40	492	567	8103	9398	1296	8082	9425
393648222	1	600	8.672E-170	4	7844	9685	196	83	0.608	8.604E-16	499	566	567	9482	9685	204	9404	9685
393673154	-1	293	2.261E-77	1	9940	11427	712	293	0.358	1.036E-79	163	584	608	-11427	-9940	1488	11628	9763
393705683	1	193	2.866E-47	1	8130	9398	192	193	0.290	3.128E-48	55	503	577	8130	9398	1269	8082	9425
393753891	-1	299	3.533E-79	1	9898	11379	712	299	0.365	5.642E-82	185	614	617	-11379	-9898	1482	11628	9763
393774761	1	404	8.709E-111	3	7847	9404	170	53	0.922	8.897E-06	0	25	555	7847	7924	78	7790	7960
393774761	1	404	8.709E-111	3	7847	9404	175	36	0.673	1.858E+00	25	48	555	7979	8053	75	7979	8098
393774761	1	404	8.709E-111	3	7847	9404	192	316	0.416	6.632E-90	51	483	555	8127	9404	1278	8082	9425
393813177	-1	306	2.760E-81	1	9937	11388	712	306	0.376	3.053E-84	141	572	600	-11388	-9937	1452	11628	9763
393858273	1	234	1.303E-59	1	8103	9404	192	234	0.332	4.052E-62	41	482	547	8103	9404	1302	8082	9425
393901170	1	338	6.426E-91	1	8118	9380	192	338	0.429	1.702E-97	15	458	540	8118	9380	1263	8082	9425
394134177	-1	398	5.574E-109	1	49	1863	910	398	0.373	1.075E-115	156	793	798	-1863	-49	1815	1875	46
394148084	-1	537	7.998E-151	2	46	2285	879	83	0.484	6.210E-14	43	129	738	-2285	-2016	270	2480	1875
394148084	-1	537	7.998E-151	2	46	2285	910	464	0.432	2.778E-138	141	736	738	-1863	-46	1818	1875	46
394174097	-1	420	1.329E-115	1	49	1863	910	420	0.394	4.004E-123	146	767	772	-1863	-49	1815	1875	46
394217655	-1	532	2.559E-149	1	49	1863	910	532	0.480	1.270E-161	134	731	765	-1863	-49	1815	1875	46
394219831	-1	422	3.322E-116	1	49	1863	910	422	0.397	6.186E-124	147	766	776	-1863	-49	1815	1875	46
394449594	-1	519	2.097E-145	2	49	2315	879	91	0.478	1.733E-16	34	133	768	-2315	-2016	300	2480	1875
394449594	-1	519	2.097E-145	2	49	2315	910	438	0.407	1.761E-129	145	765	768	-1863	-49	1815	1875	46
394527213	-1	456	1.934E-126	1	49	1863	910	456	0.419	1.042E-135	155	775	778	-1863	-49	1815	1875	46
394558767	-1	452	3.094E-125	1	49	1863	910	452	0.414	2.357E-134	150	775	776	-1863	-49	1815	1875	46
394630485	-1	531	5.119E-149	1	49	1863	910	531	0.480	1.736E-161	70	666	1181	-1863	-49	1815	1875	46
394647460	-1	430	1.298E-118	1	49	1863	910	430	0.401	1.668E-126	144	764	767	-1863	-49	1815	1875	46
397551936	-1	289	3.618E-76	1	58	1836	910	289	0.275	1.597E-78	142	880	902	-1836	-58	1779	1875	46
399881543	1	396	2.230E-108	2	8127	9685	192	328	0.433	4.179E-94	51	472	542	8127	9404	1278	8082	9425
399881543	1	396	2.230E-108	2	8127	9685	196	67	0.507	3.791E-10	474	541	542	9482	9685	204	9404	9685
400330171	1	420	1.329E-115	3	7847	9679	170	51	0.889	4.393E-05	0	25	539	7847	7924	78	7790	7960
400330171	1	420	1.329E-115	3	7847	9679	192	327	0.429	7.802E-94	38	465	539	8103	9392	1290	8082	9425
400330171	1	420	1.329E-115	3	7847	9679	196	56	0.435	3.725E-06	470	537	539	9479	9679	201	9404	9685
400665440	-1	340	1.607E-91	1	9919	11376	712	340	0.404	9.571E-96	161	625	646	-11376	-9919	1458	11628	9763
400671950	-1	282	4.631E-74	1	52	1836	910	282	0.269	3.967E-76	129	876	896	-1836	-52	1785	1875	46
400691726	-1	409	2.722E-112	2	9898	11976	684	38	0.267	1.015E+01	25	89	681	-11976	-11695	282	12000	11632
400691726	-1	409	2.722E-112	2	9898	11976	712	370	0.379	8.077E-106	90	668	681	-11628	-9898	1731	11628	9763
400955626	1	389	2.854E-106	2	8118	9676	192	342	0.434	7.489E-99	51	493	573	8118	9380	1263	8082	9425
400955626	1	389	2.854E-106	2	8118	9676	196	57	0.460	1.048E-06	505	569	573	9482	9676	195	9404	9685
401813118	-1	364	9.576E-99	1	9937	11430	712	364	0.417	8.406E-104	142	627	653	-11430	-9937	1494	11628	9763
402558443	1	404	8.709E-111	3	7847	9395	170	54	0.942	3.414E-06	0	25	518	7847	7924	78	7790	7960
402558443	1	404	8.709E-111	3	7847	9395	175	38	0.622	3.724E-01	25	52	518	7979	8065	87	7979	8098
402558443	1	404	8.709E-111	3	7847	9395	192	322	0.423	4.509E-92	42	442	518	8103	9395	1293	8082	9425
403331651	-1	456	1.934E-126	1	49	1863	910	456	0.417	1.423E-135	163	787	790	-1863	-49	1815	1875	46
403356970	-1	359	3.064E-97	1	9907	11418	712	359	0.409	4.698E-102	132	623	636	-11418	-9907	1512	11628	9763
403404481	1	207	1.749E-51	1	8100	9422	192	207	0.293	5.058E-53	42	517	580	8100	9422	1323	8082	9425
403728221	1	156	3.939E-36	1	8166	9383	192	156	0.262	1.055E-35	0	427	517	8166	9383	1218	8082	9425
403740404	1	192	5.733E-47	2	7853	9383	170	51	0.963	3.192E-05	4	27	581	7853	7924	72	7790	7960
403740404	1	192	5.733E-47	2	7853	9383	192	169	0.272	4.944E-40	57	492	581	8130	9383	1254	8082	9425
403772105	-1	269	3.793E-70	1	10120	11406	712	269	0.372	1.297E-71	166	556	584	-11406	-10120	1287	11628	9763
404120933	1	616	1.323E-174	4	7856	9685	170	54	1.000	2.481E-06	2	24	557	7856	7924	69	7790	7960
404120933	1	616	1.323E-174	4	7856	9685	175	38	0.707	3.724E-01	24	48	557	7979	8053	75	7979	8098
404120933	1	616	1.323E-174	4	7856	9685	192	456	0.554	1.960E-138	51	482	557	8127	9395	1269	8082	9425
404120933	1	616	1.323E-174	4	7856	9685	196	72	0.528	1.160E-11	488	556	557	9479	9685	207	9404	9685
404375538	1	147	2.017E-33	1	8118	9182	192	147	0.268	7.809E-33	45	433	558	8118	9182	1065	8082	9425
405902186	-1	1050	2.983E-305	2	49	2429	879	170	0.564	8.382E-44	0	154	764	-2429	-1989	441	2480	1875
405902186	-1	1050	2.983E-305	2	49	2429	910	880	0.718	5.470E-282	154	762	764	-1872	-49	1824	1875	46
406482230	-1	413	1.701E-113	1	70	1863	910	413	0.388	1.084E-120	155	780	794	-1863	-70	1794	1875	46
406776529	-1	430	1.298E-118	1	9898	11628	712	430	0.424	1.866E-126	96	657	667	-11628	-9898	1731	11628	9763
407970148	-1	448	4.951E-124	1	76	1863	910	448	0.421	7.274E-133	131	737	756	-1863	-76	1788	1875	46
407976607	-1	428	5.191E-118	1	73	1863	910	428	0.407	5.796E-126	131	737	755	-1863	-73	1791	1875	46
407982356	1	551	4.882E-155	3	7979	9685	175	40	0.742	7.477E-02	24	48	558	7979	8053	75	7979	8098
407982356	1	551	4.882E-155	3	7979	9685	192	449	0.537	7.610E-136	43	483	558	8118	9395	1278	8082	9425
407982356	1	551	4.882E-155	3	7979	9685	196	73	0.548	4.480E-12	491	557	558	9485	9685	201	9404	9685
407989090	-1	458	4.835E-127	1	73	1872	910	458	0.425	4.088E-136	128	738	756	-1872	-73	1800	1875	46
407990952	-1	330	1.645E-88	1	9901	11382	712	330	0.390	2.916E-92	218	642	654	-11382	-9901	1482	11628	9763
408013057	1	320	1.685E-85	2	7844	9383	170	53	0.897	6.465E-06	0	26	555	7844	7924	81	7790	7960
408013057	1	320	1.685E-85	2	7844	9383	192	277	0.375	1.183E-76	38	475	555	8103	9383	1281	8082	9425
408060821	1	387	1.142E-105	2	8118	9676	192	342	0.433	5.480E-99	54	497	579	8118	9380	1263	8082	9425
408060821	1	387	1.142E-105	2	8118	9676	196	57	0.460	1.048E-06	511	575	579	9482	9676	195	9404	9685
408062471	-1	1138	0.000E+00	2	49	2438	879	193	0.641	7.302E-52	14	164	774	-2438	-1989	450	2480	1875
408062471	-1	1138	0.000E+00	2	49	2438	910	945	0.763	1.575E-304	164	772	774	-1872	-49	1824	1875	46
408093467	-1	372	3.741E-101	1	9922	11370	712	372	0.433	1.716E-106	187	643	662	-11370	-9922	1449	11628	9763
408096014	-1	433	1.622E-119	1	193	1863	910	433	0.431	1.011E-127	131	698	755	-1863	-193	1671	1875	46
408098471	-1	461	6.043E-128	1	73	1863	910	461	0.429	3.370E-137	127	734	752	-1863	-73	1791	1875	46
408116661	-1	274	1.185E-71	1	10147	11370	712	274	0.391	1.812E-73	176	583	630	-11370	-10147	1224	11628	9763
408146155	1	336	2.571E-90	2	7847	9404	170	52	0.908	1.685E-05	0	25	541	7847	7924	78	7790	7960
408146155	1	336	2.571E-90	2	7847	9404	192	300	0.403	1.722E-84	43	471	541	8118	9404	1287	8082	9425
408166441	1	395	4.459E-108	3	7847	9679	170	51	0.895	3.192E-05	0	25	541	7847	7924	78	7790	7960
408166441	1	395	4.459E-108	3	7847	9679	192	306	0.412	8.624E-87	38	462	541	8103	9377	1275	8082	9425
408166441	1	395	4.459E-108	3	7847	9679	196	57	0.440	1.976E-06	472	539	541	9479	9679	201	9404	9685
408219268	-1	448	4.951E-124	1	193	1863	910	448	0.441	7.274E-133	131	699	743	-1863	-193	1671	1875	46
408332151	1	592	2.220E-167	4	7853	9685	170	54	1.000	3.414E-06	1	24	573	7853	7924	72	7790	7960
408332151	1	592	2.220E-167	4	7853	9685	175	47	0.852	4.436E-04	24	48	573	7979	8053	75	7979	8098
408332151	1	592	2.220E-167	4	7853	9685	192	425	0.513	1.549E-127	52	494	573	8130	9389	1260	8082	9425
408332151	1	592	2.220E-167	4	7853	9685	196	76	0.563	2.584E-13	505	572	573	9482	9685	204	9404	9685
408345715	1	356	2.451E-96	2	7847	9377	170	50	0.875	8.323E-05	0	25	541	7847	7924	78	7790	7960
408345715	1	356	2.451E-96	2	7847	9377	192	321	0.426	1.150E-91	42	461	541	8103	9377	1275	8082	9425
408391734	-1	266	3.035E-69	1	9940	11376	712	266	0.343	1.094E-70	153	575	603	-11376	-9940	1437	11628	9763
408415664	-1	341	8.033E-92	1	9898	11592	712	341	0.364	3.790E-96	89	598	612	-11592	-9898	1695	11628	9763
408445760	-1	441	6.337E-122	1	9898	11604	712	441	0.436	2.236E-130	104	655	665	-11604	-9898	1707	11628	9763
408446365	-1	396	2.230E-108	1	9907	11379	712	396	0.449	1.041E-114	164	653	669	-11379	-9907	1473	11628	9763
408464213	-1	341	8.033E-92	1	9898	11439	712	341	0.389	5.161E-96	129	611	622	-11439	-9898	1542	11628	9763
408674408	-1	413	1.701E-113	1	49	1863	910	413	0.382	1.084E-120	156	793	798	-1863	-49	1815	1875	46
408716024	-1	445	3.961E-123	1	67	1863	910	445	0.415	1.203E-131	152	765	774	-1863	-67	1797	1875	46
408802050	-1	424	8.306E-117	1	49	1863	910	424	0.397	1.304E-124	146	767	772	-1863	-49	1815	1875	46
408897692	-1	557	7.628E-157	1	46	1863	910	557	0.497	3.476E-170	125	723	735	-1863	-46	1818	1875	46
409023234	-1	536	1.600E-150	2	49	2315	879	91	0.461	9.321E-17	37	142	772	-2315	-1998	318	2480	1875
409023234	-1	536	1.600E-150	2	49	2315	910	449	0.414	5.326E-133	148	769	772	-1863	-49	1815	1875	46
409124918	-1	424	8.306E-117	1	49	1863	910	424	0.397	1.304E-124	146	768	773	-1863	-49	1815	1875	46
409143755	-1	424	8.306E-117	1	49	1863	910	424	0.397	1.781E-124	142	762	772	-1863	-49	1815	1875	46
409171872	-1	533	1.280E-149	1	49	1863	910	533	0.481	4.968E-162	137	733	765	-1863	-49	1815	1875	46
409201744	-1	525	3.276E-147	2	67	2318	879	87	0.458	2.068E-15	33	131	765	-2318	-2013	306	2480	1875
409201744	-1	525	3.276E-147	2	67	2318	910	447	0.416	2.531E-132	142	756	765	-1863	-67	1797	1875	46
409211616	-1	287	1.447E-75	1	49	1533	910	287	0.348	4.007E-78	0	507	517	-1533	-49	1485	1875	46
409327320	-1	379	2.922E-103	1	49	1836	910	379	0.377	4.359E-109	137	725	733	-1836	-49	1788	1875	46
411084917	-1	333	2.056E-89	1	58	1836	910	333	0.346	1.716E-93	103	682	703	-1836	-58	1779	1875	46
413654346	-1	311	8.625E-83	1	9898	11460	712	311	0.361	7.641E-86	154	664	678	-11460	-9898	1563	11628	9763
413687004	-1	310	1.725E-82	1	9898	11481	712	310	0.357	1.413E-85	133	654	669	-11481	-9898	1584	11628	9763
414608832	1	424	8.306E-117	3	7847	9685	170	50	0.882	6.046E-05	0	25	544	7847	7924	78	7790	7960
414608832	1	424	8.306E-117	3	7847	9685	192	336	0.438	4.345E-97	53	476	544	8133	9422	1290	8082	9425
414608832	1	424	8.306E-117	3	7847	9685	196	64	0.489	3.487E-09	476	543	544	9482	9685	204	9404	9685
415029916	-1	365	4.788E-99	1	9898	11376	712	365	0.421	2.436E-104	152	621	635	-11376	-9898	1479	11628	9763
415510782	1	339	3.213E-91	1	8118	9380	192	339	0.430	6.670E-98	49	492	574	8118	9380	1263	8082	9425
415606595	1	358	6.129E-97	2	8103	9679	192	313	0.423	5.884E-89	41	459	543	8103	9341	1239	8082	9425
415606595	1	358	6.129E-97	2	8103	9679	196	59	0.465	2.950E-07	475	540	543	9482	9679	198	9404	9685
415754284	1	448	4.951E-124	4	7847	9682	170	52	0.908	1.685E-05	0	25	549	7847	7924	78	7790	7960
415754284	1	448	4.951E-124	4	7847	9682	175	34	0.522	1.770E+01	25	54	549	7979	8071	93	7979	8098
415754284	1	448	4.951E-124	4	7847	9682	192	319	0.429	4.004E-91	63	475	549	8136	9392	1257	8082	9425
415754284	1	448	4.951E-124	4	7847	9682	196	52	0.408	6.454E-05	480	548	549	9479	9682	204	9404	9685
415869191	1	319	3.369E-85	1	8100	9407	192	319	0.413	2.931E-91	40	481	552	8100	9407	1308	8082	9425
416006723	-1	342	4.017E-92	1	9919	11475	712	342	0.387	1.501E-96	122	616	636	-11475	-9919	1557	11628	9763
416552917	-1	360	1.532E-97	1	9907	11376	712	360	0.419	1.363E-102	165	643	656	-11376	-9907	1470	11628	9763
416605988	1	617	6.616E-175	3	7844	9685	170	53	0.903	4.698E-06	0	26	559	7844	7924	81	7790	7960
416605988	1	617	6.616E-175	3	7844	9685	192	498	0.581	9.480E-153	46	489	559	8118	9410	1293	8082	9425
416605988	1	617	6.616E-175	3	7844	9685	196	86	0.594	1.285E-16	487	558	559	9470	9685	216	9404	9685
417860388	1	403	1.742E-110	2	8094	9685	192	334	0.430	3.867E-96	39	473	543	8094	9404	1311	8082	9425
417860388	1	403	1.742E-110	2	8094	9685	196	68	0.508	1.464E-10	474	542	543	9479	9685	207	9404	9685
417863954	-1	289	3.618E-76	1	9907	11448	712	289	0.347	1.201E-78	119	564	567	-11448	-9907	1542	11628	9763
418093989	1	588	3.552E-166	4	7853	9685	170	54	1.000	3.414E-06	1	24	573	7853	7924	72	7790	7960
418093989	1	588	3.552E-166	4	7853	9685	175	47	0.852	4.436E-04	24	48	573	7979	8053	75	7979	8098
418093989	1	588	3.552E-166	4	7853	9685	192	422	0.510	1.016E-126	52	494	573	8130	9389	1260	8082	9425
418093989	1	588	3.552E-166	4	7853	9685	196	75	0.556	6.688E-13	505	572	573	9482	9685	204	9404	9685
418212904	1	375	4.676E-102	2	8103	9679	192	334	0.436	3.867E-96	38	463	537	8103	9392	1290	8082	9425
418212904	1	375	4.676E-102	2	8103	9679	196	44	0.361	4.991E-02	468	535	537	9479	9679	201	9404	9685
419899696	-1	428	5.191E-118	1	49	1863	910	428	0.400	4.245E-126	149	770	781	-1863	-49	1815	1875	46
420214727	1	473	1.475E-131	3	7979	9685	175	44	0.804	4.173E-03	24	48	566	7979	8053	75	7979	8098
420214727	1	473	1.475E-131	3	7979	9685	192	382	0.478	7.668E-113	38	473	566	8103	9353	1251	8082	9425
420214727	1	473	1.475E-131	3	7979	9685	196	66	0.433	9.812E-10	484	565	566	9440	9685	246	9404	9685
420618070	1	405	4.355E-111	2	8103	9676	192	362	0.454	4.779E-106	48	489	571	8103	9380	1278	8082	9425
420618070	1	405	4.355E-111	2	8103	9676	196	51	0.399	2.292E-04	499	567	571	9470	9676	207	9404	9685
421412688	-1	807	4.216E-232	2	49	2315	879	154	0.695	2.408E-38	28	133	706	-2315	-1989	327	2480	1875
421412688	-1	807	4.216E-232	2	49	2315	910	653	0.562	2.914E-203	133	703	706	-1872	-49	1824	1875	46
421447184	-1	448	4.951E-124	1	67	1863	910	448	0.417	7.274E-133	142	756	765	-1863	-67	1797	1875	46
421578778	1	636	1.262E-180	4	7856	9685	170	57	1.000	3.658E-07	4	26	575	7856	7924	69	7790	7960
421578778	1	636	1.262E-180	4	7856	9685	175	41	0.684	3.936E-02	26	53	575	7979	8062	84	7979	8098
421578778	1	636	1.262E-180	4	7856	9685	192	456	0.521	3.672E-138	40	505	575	8103	9410	1308	8082	9425
421578778	1	636	1.262E-180	4	7856	9685	196	96	0.705	3.397E-20	509	574	575	9488	9685	198	9404	9685
422474838	1	510	1.074E-142	4	7856	9685	170	54	1.000	3.414E-06	2	24	569	7856	7924	69	7790	7960
422474838	1	510	1.074E-142	4	7856	9685	175	44	0.804	4.173E-03	24	48	569	7979	8053	75	7979	8098
422474838	1	510	1.074E-142	4	7856	9685	192	384	0.477	2.192E-113	38	476	569	8103	9350	1248	8082	9425
422474838	1	510	1.074E-142	4	7856	9685	196	60	0.462	1.140E-07	501	568	569	9482	9685	204	9404	9685
422491358	-1	332	4.113E-89	1	10147	11376	712	332	0.447	6.240E-93	170	582	591	-11376	-10147	1230	11628	9763
422501464	-1	304	1.104E-80	1	9913	10839	712	304	0.522	1.418E-83	264	571	589	-10839	-9913	927	11628	9763
422533722	-1	461	6.043E-128	1	73	1863	910	461	0.429	3.370E-137	132	739	757	-1863	-73	1791	1875	46
422557783	1	399	2.787E-109	2	8127	9685	192	347	0.451	9.433E-101	51	474	543	8127	9407	1281	8082	9425
422557783	1	399	2.787E-109	2	8127	9685	196	66	0.610	9.812E-10	490	542	543	9527	9685	159	9404	9685
422564823	1	418	5.316E-115	3	7847	9679	170	51	0.889	4.393E-05	0	25	538	7847	7924	78	7790	7960
422564823	1	418	5.316E-115	3	7847	9679	192	326	0.428	1.990E-93	38	464	538	8103	9392	1290	8082	9425
422564823	1	418	5.316E-115	3	7847	9679	196	55	0.427	9.640E-06	469	536	538	9479	9679	201	9404	9685
422585121	-1	368	5.985E-100	1	9919	11628	712	368	0.381	3.800E-105	91	651	675	-11628	-9919	1710	11628	9763
422591217	1	599	1.734E-169	4	7853	9685	170	54	1.000	3.414E-06	1	24	571	7853	7924	72	7790	7960
422591217	1	599	1.734E-169	4	7853	9685	175	47	0.859	3.221E-04	24	48	571	7979	8053	75	7979	8098
422591217	1	599	1.734E-169	4	7853	9685	192	435	0.524	4.459E-131	52	492	571	8130	9389	1260	8082	9425
422591217	1	599	1.734E-169	4	7853	9685	196	73	0.544	3.263E-12	503	570	571	9482	9685	204	9404	9685
422610778	-1	294	1.131E-77	1	9940	10845	712	294	0.515	3.040E-80	90	393	418	-10845	-9940	906	11628	9763
422625777	-1	362	3.830E-98	1	9898	11376	712	362	0.419	2.128E-103	154	623	637	-11376	-9898	1479	11628	9763
422638072	-1	353	1.961E-95	1	193	1863	910	353	0.377	1.791E-100	79	553	610	-1863	-193	1671	1875	46
422654354	1	431	6.489E-119	3	7847	9398	170	50	0.875	8.323E-05	0	25	558	7847	7924	78	7790	7960
422654354	1	431	6.489E-119	3	7847	9398	175	32	0.488	6.434E+01	25	55	558	7979	8074	96	7979	8098
422654354	1	431	6.489E-119	3	7847	9398	192	362	0.456	6.534E-106	42	480	558	8103	9398	1296	8082	9425
422661322	-1	306	2.760E-81	1	9940	11532	712	306	0.352	4.151E-84	145	599	624	-11532	-9940	1593	11628	9763
422665942	-1	299	3.533E-79	1	10096	11613	712	299	0.358	7.668E-82	88	508	529	-11613	-10096	1518	11628	9763
422670278	-1	443	1.584E-122	1	193	1863	910	443	0.438	5.716E-131	188	755	812	-1863	-193	1671	1875	46
422715412	-1	259	3.885E-67	1	9907	11604	712	259	0.303	1.426E-68	89	653	669	-11604	-9907	1698	11628	9763
422729138	1	408	5.443E-112	3	7847	9679	170	51	0.889	4.393E-05	0	25	536	7847	7924	78	7790	7960
422729138	1	408	5.443E-112	3	7847	9679	192	325	0.427	2.719E-93	38	462	536	8103	9392	1290	8082	9425
422729138	1	408	5.443E-112	3	7847	9679	196	46	0.373	1.025E-02	467	534	536	9479	9679	201	9404	9685
422729278	-1	346	2.510E-93	1	9925	11376	712	346	0.410	9.310E-98	149	605	615	-11376	-9925	1452	11628	9763
422773025	-1	361	7.661E-98	1	9916	11412	712	361	0.414	5.385E-103	178	675	698	-11412	-9916	1497	11628	9763
422985598	1	338	6.426E-91	1	8118	9380	192	338	0.429	1.246E-97	49	492	574	8118	9380	1263	8082	9425
423011803	-1	350	1.569E-94	1	9898	11376	712	350	0.408	3.109E-99	152	624	634	-11376	-9898	1479	11628	9763
423257597	-1	410	1.361E-112	1	49	1863	910	410	0.388	7.007E-120	162	783	788	-1863	-49	1815	1875	46
423381513	-1	447	9.901E-124	1	49	1863	910	447	0.410	2.531E-132	151	776	779	-1863	-49	1815	1875	46
423493470	-1	419	2.658E-115	1	49	1863	910	419	0.394	5.466E-123	146	767	772	-1863	-49	1815	1875	46
423508093	-1	516	1.677E-144	2	46	2315	879	89	0.472	5.989E-16	55	154	1125	-2315	-2016	300	2480	1875
423508093	-1	516	1.677E-144	2	46	2315	910	437	0.406	3.284E-129	166	787	1125	-1863	-46	1818	1875	46
423592421	-1	192	5.733E-47	1	49	960	910	192	0.355	1.815E-46	32	359	369	-960	-49	912	1875	46
423612620	-1	410	1.361E-112	1	148	1863	910	410	0.398	7.007E-120	155	753	1042	-1863	-148	1716	1875	46
423642917	-1	422	3.322E-116	1	49	1863	910	422	0.396	6.186E-124	142	762	772	-1863	-49	1815	1875	46
423655421	-1	405	4.355E-111	1	67	1863	910	405	0.394	5.449E-118	152	746	755	-1863	-67	1797	1875	46
423730644	-1	387	1.142E-105	1	49	1863	910	387	0.379	6.436E-112	138	730	741	-1863	-49	1815	1875	46
428083714	-1	293	2.261E-77	1	9898	11370	712	293	0.361	7.625E-80	195	675	689	-11370	-9898	1473	11628	9763
428461157	1	230	2.085E-58	2	7856	9383	170	50	0.594	6.046E-05	5	45	581	7856	7957	102	7790	7960
428461157	1	230	2.085E-58	2	7856	9383	192	183	0.280	6.460E-45	42	492	581	8088	9383	1296	8082	9425
429002987	-1	346	2.510E-93	1	9919	11370	712	346	0.410	9.310E-98	167	614	635	-11370	-9919	1452	11628	9763
430399761	1	307	1.380E-81	2	7844	9182	170	52	0.799	1.685E-05	0	29	470	7844	7933	90	7790	7960
430399761	1	307	1.380E-81	2	7844	9182	192	284	0.434	5.994E-79	60	425	470	8103	9182	1080	8082	9425
430586387	1	335	5.141E-90	2	7847	9404	170	52	0.908	1.685E-05	0	25	543	7847	7924	78	7790	7960
430586387	1	335	5.141E-90	2	7847	9404	192	299	0.403	2.351E-84	43	471	543	8118	9404	1287	8082	9425
430700896	1	337	1.285E-90	1	8103	9377	192	337	0.429	2.326E-97	48	491	574	8103	9377	1275	8082	9425
431056726	-1	301	8.832E-80	1	9922	11451	712	301	0.358	1.653E-82	153	659	681	-11451	-9922	1530	11628	9763
431899421	-1	359	3.064E-97	1	9898	11376	712	359	0.416	4.698E-102	154	623	637	-11376	-9898	1479	11628	9763
431912818	-1	359	3.064E-97	1	9907	11418	712	359	0.409	4.698E-102	133	624	637	-11418	-9907	1512	11628	9763
432603156	-1	298	7.066E-79	1	9898	11451	712	298	0.352	1.416E-81	152	660	675	-11451	-9898	1554	11628	9763
432873630	-1	347	1.255E-93	1	9898	11376	712	347	0.406	2.705E-98	155	627	637	-11376	-9898	1479	11628	9763
433168472	-1	300	1.766E-79	1	9898	11460	712	300	0.350	4.151E-82	153	676	691	-11460	-9898	1563	11628	9763
433931670	1	379	2.922E-103	3	7844	9383	170	53	0.891	8.897E-06	0	26	548	7844	7924	81	7790	7960
433931670	1	379	2.922E-103	3	7844	9383	175	34	0.557	1.282E+01	26	53	548	7979	8065	87	7979	8098
433931670	1	379	2.922E-103	3	7844	9383	192	302	0.407	2.656E-85	43	469	548	8103	9383	1281	8082	9425
434728734	1	263	2.428E-68	2	7853	9404	170	53	1.000	4.698E-06	5	28	574	7853	7924	72	7790	7960
434728734	1	263	2.428E-68	2	7853	9404	192	220	0.308	1.978E-57	40	505	574	8082	9404	1323	8082	9425
435242029	-1	443	1.584E-122	1	9898	11604	712	443	0.438	4.711E-131	104	655	665	-11604	-9898	1707	11628	9763
435288610	1	461	6.043E-128	3	7979	9685	175	44	0.804	4.173E-03	24	48	567	7979	8053	75	7979	8098
435288610	1	461	6.043E-128	3	7979	9685	192	382	0.475	7.668E-113	38	476	567	8103	9353	1251	8082	9425
435288610	1	461	6.043E-128	3	7979	9685	196	66	0.497	1.347E-09	499	566	567	9482	9685	204	9404	9685
435610302	-1	317	1.348E-84	1	73	1836	910	317	0.295	5.323E-88	134	858	884	-1836	-73	1764	1875	46
435622674	1	619	1.654E-175	4	7853	9685	170	54	1.000	3.414E-06	1	24	569	7853	7924	72	7790	7960
435622674	1	619	1.654E-175	4	7853	9685	175	47	0.859	3.221E-04	24	48	569	7979	8053	75	7979	8098
435622674	1	619	1.654E-175	4	7853	9685	192	448	0.538	1.950E-135	52	490	569	8130	9389	1260	8082	9425
435622674	1	619	1.654E-175	4	7853	9685	196	77	0.547	1.882E-13	498	568	569	9473	9685	213	9404	9685
435882225	-1	319	3.369E-85	1	9916	10842	712	319	0.537	1.195E-88	43	355	376	-10842	-9916	927	11628	9763
436110663	1	409	2.722E-112	3	7847	9685	170	51	0.889	4.393E-05	0	25	545	7847	7924	78	7790	7960
436110663	1	409	2.722E-112	3	7847	9685	192	334	0.438	3.867E-96	51	476	545	8127	9407	1281	8082	9425
436110663	1	409	2.722E-112	3	7847	9685	196	62	0.579	2.336E-08	492	544	545	9527	9685	159	9404	9685
437012585	-1	449	2.475E-124	1	193	1863	910	449	0.442	3.899E-133	132	700	757	-1863	-193	1671	1875	46
437038675	-1	440	1.267E-121	1	193	1863	910	440	0.436	3.708E-130	131	698	756	-1863	-193	1671	1875	46
437053387	-1	432	3.245E-119	1	193	1863	910	432	0.430	3.514E-127	131	698	755	-1863	-193	1671	1875	46
437072722	-1	447	9.901E-124	1	193	1863	910	447	0.441	1.357E-132	131	699	756	-1863	-193	1671	1875	46
437125322	1	386	2.283E-105	2	8118	9676	192	339	0.431	6.670E-98	52	494	574	8118	9380	1263	8082	9425
437125322	1	386	2.283E-105	2	8118	9676	196	57	0.460	1.048E-06	506	570	574	9482	9676	195	9404	9685
437146630	-1	1106	4.150E-322	2	55	2390	879	177	0.654	2.920E-46	15	149	762	-2390	-1989	402	2480	1875
437146630	-1	1106	4.150E-322	2	55	2390	910	929	0.750	1.181E-298	149	758	762	-1872	-55	1818	1875	46
437157966	1	171	1.202E-40	1	8100	9413	192	171	0.264	8.019E-41	187	653	723	8100	9413	1314	8082	9425
437174306	-1	302	4.416E-80	1	9898	10839	712	302	0.513	6.583E-83	271	584	595	-10839	-9898	942	11628	9763
437213505	-1	458	4.835E-127	1	73	1863	910	458	0.427	2.191E-136	131	738	756	-1863	-73	1791	1875	46
437242511	-1	291	9.044E-77	1	10225	11376	712	291	0.428	3.528E-79	378	754	759	-11376	-10225	1152	11628	9763
437301044	-1	461	6.043E-128	1	73	1863	910	461	0.429	3.370E-137	131	738	756	-1863	-73	1791	1875	46
437328386	1	323	2.106E-86	1	8130	9392	192	323	0.432	1.768E-92	52	465	539	8130	9392	1263	8082	9425
437328760	-1	389	2.854E-106	1	9898	11376	712	389	0.441	2.780E-112	184	647	658	-11376	-9898	1479	11628	9763
437362989	1	422	3.322E-116	3	7847	9685	170	51	0.889	4.393E-05	0	25	544	7847	7924	78	7790	7960
437362989	1	422	3.322E-116	3	7847	9685	192	337	0.448	2.326E-97	53	469	544	8133	9389	1257	8082	9425
437362989	1	422	3.322E-116	3	7847	9685	196	65	0.494	1.850E-09	476	543	544	9482	9685	204	9404	9685
437397202	1	243	2.546E-62	3	7847	8648	170	50	0.875	8.323E-05	0	25	225	7847	7924	78	7790	7960
437397202	1	243	2.546E-62	3	7847	8648	175	32	0.597	6.434E+01	25	48	225	7979	8053	75	7979	8098
437397202	1	243	2.546E-62	3	7847	8648	192	163	0.500	4.627E-38	52	224	225	8130	8648	519	8082	9425
437446041	1	378	5.845E-103	2	7853	9404	170	54	0.942	3.414E-06	2	27	814	7853	7930	78	7790	7960
437446041	1	378	5.845E-103	2	7853	9404	192	331	0.423	2.517E-95	36	479	814	8085	9404	1320	8082	9425
437447151	-1	325	5.265E-87	1	9940	11376	712	325	0.395	1.178E-90	181	584	612	-11376	-9940	1437	11628	9763
437474084	-1	357	1.226E-96	1	9898	11370	712	357	0.415	1.620E-101	149	620	626	-11370	-9898	1473	11628	9763
437488905	-1	268	7.587E-70	1	73	1371	910	268	0.365	1.758E-71	122	561	587	-1371	-73	1299	1875	46
437489743	-1	449	2.475E-124	1	73	1863	910	449	0.421	5.326E-133	131	738	764	-1863	-73	1791	1875	46
437510892	-1	366	2.394E-99	1	9898	11376	712	366	0.422	9.623E-105	153	617	631	-11376	-9898	1479	11628	9763
437549684	-1	380	1.461E-103	1	9907	11628	712	380	0.388	2.557E-109	85	652	665	-11628	-9907	1722	11628	9763
437552227	1	394	8.918E-108	3	7847	9679	170	51	0.889	4.393E-05	0	25	512	7847	7924	78	7790	7960
437552227	1	394	8.918E-108	3	7847	9679	192	301	0.403	6.762E-85	38	438	512	8103	9392	1290	8082	9425
437552227	1	394	8.918E-108	3	7847	9679	196	56	0.437	2.713E-06	443	510	512	9479	9679	201	9404	9685
437776039	-1	423	1.661E-116	1	49	1863	910	423	0.395	3.319E-124	146	769	774	-1863	-49	1815	1875	46
437809236	-1	420	1.329E-115	1	193	1863	910	420	0.417	4.004E-123	146	721	1080	-1863	-193	1671	1875	46
437900086	-1	421	6.645E-116	1	49	1863	910	421	0.396	1.153E-123	142	762	772	-1863	-49	1815	1875	46
438011194	-1	419	2.658E-115	1	49	1863	910	419	0.395	1.019E-122	138	755	766	-1863	-49	1815	1875	46
438192470	-1	413	1.701E-113	1	49	1863	910	413	0.390	7.941E-121	162	783	788	-1863	-49	1815	1875	46
438219788	-1	553	1.220E-155	1	49	1863	910	553	0.495	5.817E-169	92	675	702	-1863	-49	1815	1875	46
442701637	-1	298	7.066E-79	1	9907	11460	712	298	0.352	1.416E-81	153	665	677	-11460	-9907	1554	11628	9763
442737675	-1	307	1.380E-81	1	9898	11460	712	307	0.358	1.652E-84	102	608	622	-11460	-9898	1563	11628	9763
443184408	-1	354	9.806E-96	1	9940	11376	712	354	0.420	1.923E-100	169	571	598	-11376	-9940	1437	11628	9763
443355034	-1	302	4.416E-80	1	9898	11370	712	302	0.369	4.843E-83	194	666	680	-11370	-9898	1473	11628	9763
445246125	1	365	4.788E-99	2	7847	9389	170	51	0.889	4.393E-05	0	25	537	7847	7924	78	7790	7960
445246125	1	365	4.788E-99	2	7847	9389	192	339	0.448	6.670E-98	52	462	537	8130	9389	1260	8082	9425
445563414	1	642	1.972E-182	4	7844	9685	170	54	0.916	2.481E-06	0	26	564	7844	7924	81	7790	7960
445563414	1	642	1.972E-182	4	7844	9685	175	40	0.716	7.477E-02	26	51	564	7979	8056	78	7979	8098
445563414	1	642	1.972E-182	4	7844	9685	192	467	0.551	2.993E-142	40	484	564	8103	9383	1281	8082	9425
445563414	1	642	1.972E-182	4	7844	9685	196	97	0.662	1.313E-20	492	563	564	9470	9685	216	9404	9685
446658266	-1	421	6.645E-116	1	49	1863	910	421	0.395	2.148E-123	139	759	777	-1863	-49	1815	1875	46
446822566	-1	300	1.766E-79	1	9898	11478	712	300	0.349	3.054E-82	116	569	583	-11478	-9898	1581	11628	9763
446894485	1	189	4.586E-46	2	7853	9383	170	51	0.963	3.192E-05	4	27	584	7853	7924	72	7790	7960
446894485	1	189	4.586E-46	2	7853	9383	192	166	0.268	5.573E-39	57	494	584	8130	9383	1254	8082	9425
447601936	1	201	1.120E-49	2	7856	9341	170	50	0.987	6.046E-05	5	27	596	7856	7924	69	7790	7960
447601936	1	201	1.120E-49	2	7856	9341	192	164	0.262	1.869E-38	42	494	596	8088	9341	1254	8082	9425
447689106	1	399	2.787E-109	2	8103	9673	192	356	0.446	7.117E-104	48	492	574	8103	9380	1278	8082	9425
447689106	1	399	2.787E-109	2	8103	9673	196	52	0.417	6.454E-05	503	569	574	9473	9673	201	9404	9685
447752772	-1	295	5.653E-78	1	10126	11400	712	295	0.401	1.212E-80	184	533	555	-11400	-10126	1275	11628	9763
449184893	1	606	1.355E-171	4	7853	9685	170	56	1.000	6.924E-07	1	24	559	7853	7924	72	7790	7960
449184893	1	606	1.355E-171	4	7853	9685	175	42	0.776	1.504E-02	24	48	559	7979	8053	75	7979	8098
449184893	1	606	1.355E-171	4	7853	9685	192	445	0.532	2.399E-134	43	484	559	8118	9395	1278	8082	9425
449184893	1	606	1.355E-171	4	7853	9685	196	72	0.534	1.160E-11	491	558	559	9482	9685	204	9404	9685
449469647	-1	361	7.661E-98	1	49	1854	910	361	0.296	6.803E-103	1	818	823	-1854	-49	1806	1875	46
449827643	1	537	7.998E-151	3	7979	9685	175	38	0.616	5.135E-01	11	39	541	7979	8065	87	7979	8098
449827643	1	537	7.998E-151	3	7979	9685	192	418	0.517	3.195E-125	39	469	541	8130	9398	1269	8082	9425
449827643	1	537	7.998E-151	3	7979	9685	196	83	0.605	1.181E-15	473	540	541	9482	9685	204	9404	9685
449894252	1	393	1.784E-107	3	7847	9679	170	56	0.975	6.924E-07	0	25	539	7847	7924	78	7790	7960
449894252	1	393	1.784E-107	3	7847	9679	192	298	0.403	5.984E-84	38	461	539	8103	9383	1281	8082	9425
449894252	1	393	1.784E-107	3	7847	9679	196	57	0.447	1.439E-06	470	536	539	9482	9679	198	9404	9685
450179550	-1	304	1.104E-80	1	9898	11403	712	304	0.365	1.043E-83	178	668	683	-11403	-9898	1506	11628	9763
450488567	1	435	4.056E-120	3	7847	9679	170	51	0.889	4.393E-05	0	25	552	7847	7924	78	7790	7960
450488567	1	435	4.056E-120	3	7847	9679	192	335	0.428	1.515E-96	40	481	552	8103	9407	1305	8082	9425
450488567	1	435	4.056E-120	3	7847	9679	196	61	0.465	8.302E-08	482	549	552	9476	9679	204	9404	9685
450715991	1	416	2.126E-114	3	7847	9679	170	51	0.889	4.393E-05	0	25	544	7847	7924	78	7790	7960
450715991	1	416	2.126E-114	3	7847	9679	192	329	0.432	1.638E-94	38	465	544	8103	9389	1287	8082	9425
450715991	1	416	2.126E-114	3	7847	9679	196	55	0.427	9.640E-06	475	542	544	9479	9679	201	9404	9685
450802812	-1	456	1.934E-126	1	49	1872	910	456	0.418	1.042E-135	148	771	774	-1872	-49	1824	1875	46
451610590	-1	429	2.596E-118	1	70	1863	910	429	0.406	2.277E-126	131	740	769	-1863	-70	1794	1875	46
451641337	-1	350	1.569E-94	1	9898	11376	712	350	0.408	3.109E-99	165	627	638	-11376	-9898	1479	11628	9763
451673009	-1	353	1.961E-95	1	9898	11376	712	353	0.411	3.570E-100	155	639	651	-11376	-9898	1479	11628	9763
451675630	1	297	1.413E-78	2	8127	9676	192	248	0.350	1.101E-66	53	484	554	8127	9413	1287	8082	9425
451675630	1	297	1.413E-78	2	8127	9676	196	48	0.401	1.534E-03	485	549	554	9482	9676	195	9404	9685
451687231	1	314	1.078E-83	2	7844	9383	170	51	0.872	2.319E-05	0	26	559	7844	7924	81	7790	7960
451687231	1	314	1.078E-83	2	7844	9383	192	274	0.370	1.420E-75	39	479	559	8094	9383	1290	8082	9425
451752648	-1	433	1.622E-119	1	73	1863	910	433	0.409	1.380E-127	131	739	769	-1863	-73	1791	1875	46
451802131	1	509	2.147E-142	3	7979	9676	175	36	0.666	2.563E+00	26	50	560	7979	8053	75	7979	8098
451802131	1	509	2.147E-142	3	7979	9676	192	426	0.507	6.046E-128	38	488	560	8097	9404	1308	8082	9425
451802131	1	509	2.147E-142	3	7979	9676	196	64	0.521	6.574E-09	495	556	560	9491	9676	186	9404	9685
451884392	1	607	6.775E-172	4	7853	9685	170	54	1.000	2.481E-06	1	24	566	7853	7924	72	7790	7960
451884392	1	607	6.775E-172	4	7853	9685	175	47	0.859	3.221E-04	24	48	566	7979	8053	75	7979	8098
451884392	1	607	6.775E-172	4	7853	9685	192	436	0.530	1.740E-131	52	487	566	8130	9389	1260	8082	9425
451884392	1	607	6.775E-172	4	7853	9685	196	78	0.560	7.273E-14	496	565	566	9476	9685	210	9404	9685
451885255	1	221	1.068E-55	1	8133	9407	192	221	0.321	1.068E-57	56	494	563	8133	9407	1275	8082	9425
451887062	-1	308	6.900E-82	1	9940	11613	712	308	0.342	6.570E-85	104	588	613	-11613	-9940	1674	11628	9763
451963793	1	628	3.230E-178	4	7853	9685	170	55	1.000	1.803E-06	3	26	561	7853	7924	72	7790	7960
451963793	1	628	3.230E-178	4	7853	9685	175	47	0.859	3.221E-04	26	50	561	7979	8053	75	7979	8098
451963793	1	628	3.230E-178	4	7853	9685	192	459	0.546	2.983E-139	45	486	561	8118	9395	1278	8082	9425
451963793	1	628	3.230E-178	4	7853	9685	196	76	0.563	2.584E-13	493	560	561	9482	9685	204	9404	9685
451996156	-1	347	1.255E-93	1	9916	11388	712	347	0.405	5.018E-98	169	662	684	-11388	-9916	1473	11628	9763
452021112	1	150	2.521E-34	1	8130	9185	192	150	0.282	9.576E-34	55	416	543	8130	9185	1056	8082	9425
452084120	-1	328	6.581E-88	1	9916	11538	712	328	0.365	1.362E-91	122	615	634	-11538	-9916	1623	11628	9763
452294686	-1	536	1.600E-150	1	49	1863	910	536	0.483	5.560E-163	126	715	731	-1863	-49	1815	1875	46
452295636	-1	410	1.361E-112	1	67	1863	910	410	0.391	9.563E-120	140	753	769	-1863	-67	1797	1875	46
452386152	-1	480	1.153E-133	2	49	2285	879	73	0.415	1.863E-10	5	98	742	-2285	-1998	288	2480	1875
452386152	-1	480	1.153E-133	2	49	2285	910	411	0.383	3.761E-120	104	737	742	-1863	-49	1815	1875	46
452427280	-1	426	2.076E-117	1	49	1863	910	426	0.398	2.750E-125	170	791	796	-1863	-49	1815	1875	46
452529829	-1	422	3.322E-116	1	49	1863	910	422	0.396	4.531E-124	142	762	772	-1863	-49	1815	1875	46
452660079	-1	394	8.918E-108	1	49	1863	910	394	0.365	1.761E-114	165	817	821	-1863	-49	1815	1875	46
452729172	-1	451	6.188E-125	1	46	1863	910	451	0.415	6.005E-134	145	766	768	-1863	-46	1818	1875	46
452729470	-1	422	3.322E-116	1	49	1863	910	422	0.396	4.531E-124	146	767	772	-1863	-49	1815	1875	46
452734760	-1	436	2.028E-120	1	49	1863	910	436	0.405	1.560E-128	150	770	773	-1863	-49	1815	1875	46
452766570	-1	452	3.094E-125	1	49	1872	910	452	0.415	2.357E-134	142	765	768	-1872	-49	1824	1875	46
457279510	-1	307	1.380E-81	1	9898	11460	712	307	0.358	1.652E-84	154	660	674	-11460	-9898	1563	11628	9763
457301501	-1	301	8.832E-80	1	9940	11460	712	301	0.359	2.247E-82	131	624	652	-11460	-9940	1521	11628	9763
457334554	-1	282	4.631E-74	1	9898	11370	712	282	0.351	5.464E-76	185	641	656	-11370	-9898	1473	11628	9763
457351411	-1	309	3.450E-82	1	9898	11481	712	309	0.356	3.553E-85	133	654	669	-11481	-9898	1584	11628	9763
457651129	1	265	6.070E-69	2	7979	9401	175	39	0.578	2.701E-01	26	57	563	7979	8074	96	7979	8098
457651129	1	265	6.070E-69	2	7979	9401	192	229	0.330	1.647E-60	54	490	563	8130	9401	1272	8082	9425
457672589	-1	294	1.131E-77	1	9898	11481	712	294	0.344	3.040E-80	192	717	728	-11481	-9898	1584	11628	9763
457935455	1	591	4.440E-167	4	7856	9685	170	52	1.000	1.224E-05	2	24	556	7856	7924	69	7790	7960
457935455	1	591	4.440E-167	4	7856	9685	175	46	0.838	8.414E-04	24	48	556	7979	8053	75	7979	8098
457935455	1	591	4.440E-167	4	7856	9685	192	432	0.523	5.481E-130	43	481	556	8118	9395	1278	8082	9425
457935455	1	591	4.440E-167	4	7856	9685	196	70	0.521	5.658E-11	488	555	556	9482	9685	204	9404	9685
457978807	1	431	6.489E-119	3	7847	9685	170	49	0.869	1.146E-04	0	25	545	7847	7924	78	7790	7960
457978807	1	431	6.489E-119	3	7847	9685	192	332	0.435	9.866E-96	42	470	545	8103	9389	1287	8082	9425
457978807	1	431	6.489E-119	3	7847	9685	196	70	0.526	3.001E-11	477	544	545	9482	9685	204	9404	9685
458091330	-1	399	2.787E-109	1	9946	11628	712	399	0.409	6.364E-116	89	636	668	-11628	-9946	1683	11628	9763
458102552	1	603	1.084E-170	3	7844	9685	170	56	0.948	5.032E-07	0	26	563	7844	7924	81	7790	7960
458102552	1	603	1.084E-170	3	7844	9685	192	473	0.549	3.695E-144	45	496	563	8118	9422	1305	8082	9425
458102552	1	603	1.084E-170	3	7844	9685	196	96	0.657	2.475E-20	491	562	563	9470	9685	216	9404	9685
458299255	-1	365	4.788E-99	1	9907	11376	712	365	0.423	2.436E-104	183	665	678	-11376	-9907	1470	11628	9763
458340943	1	156	3.939E-36	1	8103	9383	192	156	0.254	1.055E-35	16	468	553	8103	9383	1281	8082	9425
458572045	1	384	9.132E-105	2	7982	9389	175	35	0.668	6.733E+00	31	53	542	7982	8053	72	7979	8098
458572045	1	384	9.132E-105	2	7982	9389	192	350	0.459	7.741E-102	56	467	542	8127	9389	1263	8082	9425
459001307	-1	423	1.661E-116	1	154	1863	910	423	0.412	3.319E-124	137	725	768	-1863	-154	1710	1875	46
459216367	-1	296	2.826E-78	1	9898	11466	712	296	0.348	8.919E-81	136	644	658	-11466	-9898	1569	11628	9763
459571033	-1	409	2.722E-112	1	9934	11376	712	409	0.467	2.694E-119	172	640	668	-11376	-9934	1443	11628	9763
460779225	-1	286	2.894E-75	1	9910	11406	712	286	0.351	1.889E-77	166	600	608	-11406	-9910	1497	11628	9763
460795272	1	358	6.129E-97	2	8103	9679	192	314	0.424	3.154E-89	41	459	541	8103	9341	1239	8082	9425
460795272	1	358	6.129E-97	2	8103	9679	196	58	0.471	5.561E-07	475	538	541	9488	9679	192	9404	9685
460799596	-1	292	4.522E-77	1	9907	11388	712	292	0.358	1.407E-79	144	562	565	-11388	-9907	1482	11628	9763
462981153	1	409	2.722E-112	3	7847	9679	170	52	0.908	1.685E-05	0	25	538	7847	7924	78	7790	7960
462981153	1	409	2.722E-112	3	7847	9679	192	317	0.422	1.394E-90	38	461	538	8103	9383	1281	8082	9425
462981153	1	409	2.722E-112	3	7847	9679	196	57	0.442	1.439E-06	469	536	538	9479	9679	201	9404	9685
463914222	1	409	2.722E-112	3	7844	9685	170	49	0.840	1.146E-04	0	26	543	7844	7924	81	7790	7960
463914222	1	409	2.722E-112	3	7844	9685	192	312	0.411	1.499E-88	37	469	543	8097	9398	1302	8082	9425
463914222	1	409	2.722E-112	3	7844	9685	196	56	0.417	3.725E-06	471	542	543	9470	9685	216	9404	9685
463959399	-1	690	7.005E-197	2	49	2318	879	113	0.545	2.494E-24	22	124	776	-2318	-1998	321	2480	1875
463959399	-1	690	7.005E-197	2	49	2318	910	581	0.504	1.284E-178	130	749	776	-1863	-49	1815	1875	46
464081957	1	387	1.142E-105	3	7853	9395	170	50	0.942	8.323E-05	2	25	520	7853	7924	72	7790	7960
464081957	1	387	1.142E-105	3	7853	9395	175	38	0.573	3.724E-01	25	55	520	7979	8074	96	7979	8098
464081957	1	387	1.142E-105	3	7853	9395	192	311	0.416	2.797E-88	43	443	520	8118	9395	1278	8082	9425
464085668	-1	291	9.044E-77	1	9940	11451	712	291	0.352	4.793E-79	161	649	676	-11451	-9940	1512	11628	9763
464107354	-1	346	2.510E-93	1	9919	11628	712	346	0.365	9.310E-98	87	628	649	-11628	-9919	1710	11628	9763
464193639	-1	341	8.033E-92	1	9898	11607	712	341	0.362	3.790E-96	83	557	568	-11607	-9898	1710	11628	9763
464206053	-1	298	7.066E-79	1	9898	11451	712	298	0.352	1.925E-81	150	664	674	-11451	-9898	1554	11628	9763
464424849	-1	351	7.845E-95	1	379	1683	910	351	0.449	1.147E-99	2	432	440	-1683	-379	1305	1875	46
464585148	-1	526	1.638E-147	2	49	2315	879	88	0.467	1.517E-15	45	144	779	-2315	-2016	300	2480	1875
464585148	-1	526	1.638E-147	2	49	2315	910	448	0.414	7.274E-133	156	776	779	-1863	-49	1815	1875	46
465269007	1	221	1.068E-55	2	7856	9383	170	50	0.979	8.323E-05	5	27	581	7856	7924	69	7790	7960
465269007	1	221	1.068E-55	2	7856	9383	192	184	0.281	4.763E-45	42	492	581	8088	9383	1296	8082	9425
 