Gene: XP_037025795_1_LOC119067126_337
fDOG reference species: BRACO@38358@014529535_1 

Building a consensus sequence
	 ...finished

Searching for orthologs ...
  0%|          | 0/13 [00:00<?, ?it/s]

Building a new DB, current time: 09/01/2026 09:54:42


Building a new DB, current time: 09/01/2026 09:54:42
New DB name:   /share/project/mieke/fdog_neighbor_regions/assembly_dir/BRAPE@1817611@1/blast_dir/BRAPE@1817611@1.fa
New DB name:   /share/project/mieke/fdog_neighbor_regions/assembly_dir/PSEHY@35572@1/blast_dir/PSEHY@35572@1.fa
New DB title:  /share/project/mieke/fdog_neighbor_regions/assembly_dir//BRAPE@1817611@1/BRAPE@1817611@1.fa
New DB title:  /share/project/mieke/fdog_neighbor_regions/assembly_dir//PSEHY@35572@1/PSEHY@35572@1.fa
Sequence type: Nucleotide
Sequence type: Nucleotide


Building a new DB, current time: 09/01/2026 09:54:42


Building a new DB, current time: 09/01/2026 09:54:42
New DB name:   /share/project/mieke/fdog_neighbor_regions/assembly_dir/PHYFL@1260839@1/blast_dir/PHYFL@1260839@1.fa


Building a new DB, current time: 09/01/2026 09:54:42
New DB name:   /share/project/mieke/fdog_neighbor_regions/assembly_dir/BRADE@3151524@1/blast_dir/BRADE@3151524@1.fa
New DB title:  /share/project/mieke/fdog_neighbor_regions/assembly_dir//PHYFL@1260839@1/PHYFL@1260839@1.fa


Building a new DB, current time: 09/01/2026 09:54:42
New DB name:   /share/project/mieke/fdog_neighbor_regions/assembly_dir/RHISO@456999@v1/blast_dir/RHISO@456999@v1.fa
New DB title:  /share/project/mieke/fdog_neighbor_regions/assembly_dir//BRADE@3151524@1/BRADE@3151524@1.fa
Sequence type: Nucleotide


Building a new DB, current time: 09/01/2026 09:54:42
New DB name:   /share/project/mieke/fdog_neighbor_regions/assembly_dir/LYCAG@1887995@1/blast_dir/LYCAG@1887995@1.fa
New DB title:  /share/project/mieke/fdog_neighbor_regions/assembly_dir//RHISO@456999@v1/RHISO@456999@v1.fa
Sequence type: Nucleotide
New DB name:   /share/project/mieke/fdog_neighbor_regions/assembly_dir/LYCIN@767460@1/blast_dir/LYCIN@767460@1.fa
New DB title:  /share/project/mieke/fdog_neighbor_regions/assembly_dir//LYCAG@1887995@1/LYCAG@1887995@1.fa
Sequence type: Nucleotide
New DB title:  /share/project/mieke/fdog_neighbor_regions/assembly_dir//LYCIN@767460@1/LYCIN@767460@1.fa
Sequence type: Nucleotide
Sequence type: Nucleotide


Building a new DB, current time: 09/01/2026 09:54:42


Building a new DB, current time: 09/01/2026 09:54:42
New DB name:   /share/project/mieke/fdog_neighbor_regions/assembly_dir/BRAOC@1260802@1/blast_dir/BRAOC@1260802@1.fa
New DB name:   /share/project/mieke/fdog_neighbor_regions/assembly_dir/TRISP@1260884@1/blast_dir/TRISP@1260884@1.fa


Building a new DB, current time: 09/01/2026 09:54:42
New DB title:  /share/project/mieke/fdog_neighbor_regions/assembly_dir//BRAOC@1260802@1/BRAOC@1260802@1.fa
New DB title:  /share/project/mieke/fdog_neighbor_regions/assembly_dir//TRISP@1260884@1/TRISP@1260884@1.fa
New DB name:   /share/project/mieke/fdog_neighbor_regions/assembly_dir/BRACO@1817600@1/blast_dir/BRACO@1817600@1.fa
Sequence type: Nucleotide
Sequence type: Nucleotide
New DB title:  /share/project/mieke/fdog_neighbor_regions/assembly_dir//BRACO@1817600@1/BRACO@1817600@1.fa
Sequence type: Nucleotide


Building a new DB, current time: 09/01/2026 09:54:42
New DB name:   /share/project/mieke/fdog_neighbor_regions/assembly_dir/BRAIM@335710@1/blast_dir/BRAIM@335710@1.fa
New DB title:  /share/project/mieke/fdog_neighbor_regions/assembly_dir//BRAIM@335710@1/BRAIM@335710@1.fa
Sequence type: Nucleotide


Building a new DB, current time: 09/01/2026 09:54:42
New DB name:   /share/project/mieke/fdog_neighbor_regions/assembly_dir/BRAAL@1260807@1/blast_dir/BRAAL@1260807@1.fa
New DB title:  /share/project/mieke/fdog_neighbor_regions/assembly_dir//BRAAL@1260807@1/BRAAL@1260807@1.fa
Sequence type: Nucleotide


Building a new DB, current time: 09/01/2026 09:54:42
New DB name:   /share/project/mieke/fdog_neighbor_regions/assembly_dir/BRAOD@1564500@1/blast_dir/BRAOD@1564500@1.fa
New DB title:  /share/project/mieke/fdog_neighbor_regions/assembly_dir//BRAOD@1564500@1/BRAOD@1564500@1.fa
Sequence type: Nucleotide
Keep MBits: T
Maximum file size: 3000000000B
Keep MBits: T
Keep MBits: T
Maximum file size: 3000000000B
Maximum file size: 3000000000B
Keep MBits: T
Maximum file size: 3000000000B
Keep MBits: T
Keep MBits: T
Maximum file size: 3000000000B
Keep MBits: T
Maximum file size: 3000000000B
Maximum file size: 3000000000B
Keep MBits: T
Maximum file size: 3000000000B
Keep MBits: T
Maximum file size: 3000000000B
Keep MBits: T
Maximum file size: 3000000000B
Keep MBits: T
Maximum file size: 3000000000B
Keep MBits: T
Maximum file size: 3000000000B
Keep MBits: T
Maximum file size: 3000000000B
Adding sequences from FASTA; added 16 sequences in 2.97685 seconds.


  8%|▊         | 1/13 [00:07<01:27,  7.31s/it]Adding sequences from FASTA; added 1698 sequences in 15.4402 seconds.


Adding sequences from FASTA; added 221 sequences in 18.0873 seconds.


Adding sequences from FASTA; added 280 sequences in 18.9061 seconds.


Adding sequences from FASTA; added 155162 sequences in 24.6406 seconds.
Adding sequences from FASTA; added 6452 sequences in 26.3171 seconds.




Adding sequences from FASTA; added 172998 sequences in 32.0053 seconds.
Create directory /share/project/mieke/fdog_neighbor_regions/output_debug_tmp_searchtool/XP_037025795_1_LOC119067126_337/tmp/BRAOD_1564500_1//metaeuk
easy-predict /share/project/mieke/fdog_neighbor_regions/output_debug_tmp_searchtool/XP_037025795_1_LOC119067126_337/tmp/BRAOD_1564500_1/JAFDOW010000598.1_1.fasta /share/gluster/NOTLOESUNG/freya/uniref100/uniref100 /share/project/mieke/fdog_neighbor_regions/output_debug_tmp_searchtool/XP_037025795_1_LOC119067126_337/tmp/BRAOD_1564500_1/JAFDOW010000598.1_1 /share/project/mieke/fdog_neighbor_regions/output_debug_tmp_searchtool/XP_037025795_1_LOC119067126_337/tmp/BRAOD_1564500_1//metaeuk --max-intron 130000 --max-seq-len 160000 --min-exon-aa 15 --max-overlap 15 --min-intron 5 --overlap 1 -s 6 --split 0 --remove-tmp-files 

MMseqs Version:                                             	7.bba0d80
Substitution matrix                                         	aa:blosum62.out,nucl:nucleotide.out
Add backtrace                                               	false
Alignment mode                                              	2
Alignment mode                                              	0
Allow wrapped scoring                                       	false
E-value threshold                                           	100
Seq. id. threshold                                          	0
Min alignment length                                        	0
Seq. id. mode                                               	0
Alternative alignments                                      	0
Coverage threshold                                          	0
Coverage mode                                               	0
Max sequence length                                         	160000
Compositional bias                                          	1
Compositional bias                                          	1
Max reject                                                  	2147483647
Max accept                                                  	2147483647
Include identical seq. id.                                  	false
Preload mode                                                	0
Pseudo count a                                              	substitution:1.100,context:1.400
Pseudo count b                                              	substitution:4.100,context:5.800
Score bias                                                  	0
Realign hits                                                	false
Realign score bias                                          	-0.2
Realign max seqs                                            	2147483647
Correlation score weight                                    	0
Gap open cost                                               	aa:11,nucl:5
Gap extension cost                                          	aa:1,nucl:2
Zdrop                                                       	40
Threads                                                     	24
Compressed                                                  	0
Verbosity                                                   	3
Seed substitution matrix                                    	aa:VTML80.out,nucl:nucleotide.out
Sensitivity                                                 	6
k-mer length                                                	0
Target search mode                                          	0
k-score                                                     	seq:2147483647,prof:2147483647
Alphabet size                                               	aa:21,nucl:5
Max results per query                                       	300
Split database                                              	0
Split mode                                                  	2
Split memory limit                                          	0
Diagonal scoring                                            	true
Exact k-mer matching                                        	0
Mask residues                                               	1
Mask residues probability                                   	0.9
Mask lower case residues                                    	0
Minimum diagonal score                                      	15
Selected taxa                                               	
Spaced k-mers                                               	1
Spaced k-mer pattern                                        	
Local temporary path                                        	
Rescore mode                                                	0
Remove hits by seq. id. and coverage                        	false
Sort results                                                	0
Mask profile                                                	1
Profile E-value threshold                                   	0.001
Global sequence weighting                                   	false
Allow deletions                                             	false
Filter MSA                                                  	1
Use filter only at N seqs                                   	0
Maximum seq. id. threshold                                  	0.9
Minimum seq. id.                                            	0.0
Minimum score per column                                    	-20
Minimum coverage                                            	0
Select N most diverse seqs                                  	1000
Pseudo count mode                                           	0
Min codons in orf                                           	15
Max codons in length                                        	32734
Max orf gaps                                                	2147483647
Contig start mode                                           	2
Contig end mode                                             	2
Orf start mode                                              	1
Forward frames                                              	1,2,3
Reverse frames                                              	1,2,3
Translation table                                           	1
Translate orf                                               	0
Use all table starts                                        	false
Offset of numeric ids                                       	0
Create lookup                                               	0
Overlap between sequences                                   	0
Sequence split mode                                         	1
Header split mode                                           	0
Chain overlapping alignments                                	0
Merge query                                                 	1
Search type                                                 	0
Start sensitivity                                           	4
Search steps                                                	1
Prefilter mode                                              	0
Exhaustive search mode                                      	false
Filter results during exhaustive search                     	0
Strand selection                                            	1
LCA search mode                                             	false
Disk space limit                                            	0
MPI runner                                                  	
Force restart with latest tmp                               	false
Remove temporary files                                      	true
maximal combined evalue of an optimal set                   	0.001
minimal length ratio between combined optimal set and target	0.5
Maximal intron length                                       	130000
Minimal intron length                                       	5
Minimal exon length aa                                      	15
Maximal overlap of exons                                    	15
Maximal number of exon sets                                 	1
Gap open penalty                                            	-1
Gap extend penalty                                          	-1
Reverse AA Fragments                                        	0
allow same-strand overlaps                                  	1
translate codons to AAs                                     	0
write target key instead of accession                       	0
write fragment contig coords                                	0
length to scan for start codon                              	0

Create directory /share/project/mieke/fdog_neighbor_regions/output_debug_tmp_searchtool/XP_037025795_1_LOC119067126_337/tmp/LYCIN_767460_1//metaeuk
easy-predict /share/project/mieke/fdog_neighbor_regions/output_debug_tmp_searchtool/XP_037025795_1_LOC119067126_337/tmp/LYCIN_767460_1/OZ247515.1_1.fasta /share/gluster/NOTLOESUNG/freya/uniref100/uniref100 /share/project/mieke/fdog_neighbor_regions/output_debug_tmp_searchtool/XP_037025795_1_LOC119067126_337/tmp/LYCIN_767460_1/OZ247515.1_1 /share/project/mieke/fdog_neighbor_regions/output_debug_tmp_searchtool/XP_037025795_1_LOC119067126_337/tmp/LYCIN_767460_1//metaeuk --max-intron 130000 --max-seq-len 160000 --min-exon-aa 15 --max-overlap 15 --min-intron 5 --overlap 1 -s 6 --split 0 --remove-tmp-files 

MMseqs Version:                                             	7.bba0d80
Substitution matrix                                         	aa:blosum62.out,nucl:nucleotide.out
Add backtrace                                               	false
Alignment mode                                              	2
Alignment mode                                              	0
Allow wrapped scoring                                       	false
E-value threshold                                           	100
Seq. id. threshold                                          	0
Min alignment length                                        	0
Seq. id. mode                                               	0
Alternative alignments                                      	0
Coverage threshold                                          	0
Coverage mode                                               	0
Max sequence length                                         	160000
Compositional bias                                          	1
Compositional bias                                          	1
Max reject                                                  	2147483647
Max accept                                                  	2147483647
Include identical seq. id.                                  	false
Preload mode                                                	0
Pseudo count a                                              	substitution:1.100,context:1.400
Pseudo count b                                              	substitution:4.100,context:5.800
Score bias                                                  	0
Realign hits                                                	false
Realign score bias                                          	-0.2
Realign max seqs                                            	2147483647
Correlation score weight                                    	0
Gap open cost                                               	aa:11,nucl:5
Gap extension cost                                          	aa:1,nucl:2
Zdrop                                                       	40
Threads                                                     	24
Compressed                                                  	0
Verbosity                                                   	3
Seed substitution matrix                                    	aa:VTML80.out,nucl:nucleotide.out
Sensitivity                                                 	6
k-mer length                                                	0
Target search mode                                          	0
k-score                                                     	seq:2147483647,prof:2147483647
Alphabet size                                               	aa:21,nucl:5
Max results per query                                       	300
Split database                                              	0
Split mode                                                  	2
Split memory limit                                          	0
Diagonal scoring                                            	true
Exact k-mer matching                                        	0
Mask residues                                               	1
Mask residues probability                                   	0.9
Mask lower case residues                                    	0
Minimum diagonal score                                      	15
Selected taxa                                               	
Spaced k-mers                                               	1
Spaced k-mer pattern                                        	
Local temporary path                                        	
Rescore mode                                                	0
Remove hits by seq. id. and coverage                        	false
Sort results                                                	0
Mask profile                                                	1
Profile E-value threshold                                   	0.001
Global sequence weighting                                   	false
Allow deletions                                             	false
Filter MSA                                                  	1
Use filter only at N seqs                                   	0
Maximum seq. id. threshold                                  	0.9
Minimum seq. id.                                            	0.0
Minimum score per column                                    	-20
Minimum coverage                                            	0
Select N most diverse seqs                                  	1000
Pseudo count mode                                           	0
Min codons in orf                                           	15
Max codons in length                                        	32734
Max orf gaps                                                	2147483647
Contig start mode                                           	2
Contig end mode                                             	2
Orf start mode                                              	1
Forward frames                                              	1,2,3
Reverse frames                                              	1,2,3
Translation table                                           	1
Translate orf                                               	0
Use all table starts                                        	false
Offset of numeric ids                                       	0
Create lookup                                               	0
Overlap between sequences                                   	0
Sequence split mode                                         	1
Header split mode                                           	0
Chain overlapping alignments                                	0
Merge query                                                 	1
Search type                                                 	0
Start sensitivity                                           	4
Search steps                                                	1
Prefilter mode                                              	0
Exhaustive search mode                                      	false
Filter results during exhaustive search                     	0
Strand selection                                            	1
LCA search mode                                             	false
Disk space limit                                            	0
MPI runner                                                  	
Force restart with latest tmp                               	false
Remove temporary files                                      	true
maximal combined evalue of an optimal set                   	0.001
minimal length ratio between combined optimal set and target	0.5
Maximal intron length                                       	130000
Minimal intron length                                       	5
Minimal exon length aa                                      	15
Maximal overlap of exons                                    	15
Maximal number of exon sets                                 	1
Gap open penalty                                            	-1
Gap extend penalty                                          	-1
Reverse AA Fragments                                        	0
allow same-strand overlaps                                  	1
translate codons to AAs                                     	0
write target key instead of accession                       	0
write fragment contig coords                                	0
length to scan for start codon                              	0

Adding sequences from FASTA; added 224417 sequences in 32.7567 seconds.
createdb /share/project/mieke/fdog_neighbor_regions/output_debug_tmp_searchtool/XP_037025795_1_LOC119067126_337/tmp/BRAOD_1564500_1/JAFDOW010000598.1_1.fasta /share/project/mieke/fdog_neighbor_regions/output_debug_tmp_searchtool/XP_037025795_1_LOC119067126_337/tmp/BRAOD_1564500_1//metaeuk/12080086956634082977/contigs --dbtype 2 --compressed 0 -v 3 

Converting sequences
[
Time for merging to contigs_h: 0h 0m 0s 186ms
Time for merging to contigs: 0h 0m 0s 291ms
Database type: Nucleotide
Time for processing: 0h 0m 1s 71ms
Create directory /share/project/mieke/fdog_neighbor_regions/output_debug_tmp_searchtool/XP_037025795_1_LOC119067126_337/tmp/BRAOD_1564500_1//metaeuk/12080086956634082977/tmp_predict
predictexons /share/project/mieke/fdog_neighbor_regions/output_debug_tmp_searchtool/XP_037025795_1_LOC119067126_337/tmp/BRAOD_1564500_1//metaeuk/12080086956634082977/contigs /share/gluster/NOTLOESUNG/freya/uniref100/uniref100 /share/project/mieke/fdog_neighbor_regions/output_debug_tmp_searchtool/XP_037025795_1_LOC119067126_337/tmp/BRAOD_1564500_1//metaeuk/12080086956634082977/MetaEuk_calls /share/project/mieke/fdog_neighbor_regions/output_debug_tmp_searchtool/XP_037025795_1_LOC119067126_337/tmp/BRAOD_1564500_1//metaeuk/12080086956634082977/tmp_predict --sub-mat 'aa:blosum62.out,nucl:nucleotide.out' -a 0 --alignment-mode 2 --alignment-output-mode 0 --wrapped-scoring 0 -e 100 --min-seq-id 0 --min-aln-len 0 --seq-id-mode 0 --alt-ali 0 -c 0 --cov-mode 0 --max-seq-len 160000 --comp-bias-corr 1 --comp-bias-corr-scale 1 --max-rejected 2147483647 --max-accept 2147483647 --add-self-matches 0 --db-load-mode 0 --pca substitution:1.100,context:1.400 --pcb substitution:4.100,context:5.800 --score-bias 0 --realign 0 --realign-score-bias -0.2 --realign-max-seqs 2147483647 --corr-score-weight 0 --gap-open aa:11,nucl:5 --gap-extend aa:1,nucl:2 --zdrop 40 --threads 24 --compressed 0 -v 3 --seed-sub-mat 'aa:VTML80.out,nucl:nucleotide.out' -s 6 -k 0 --target-search-mode 0 --k-score seq:2147483647,prof:2147483647 --alph-size aa:21,nucl:5 --max-seqs 300 --split 0 --split-mode 2 --split-memory-limit 0 --diag-score 1 --exact-kmer-matching 0 --mask 1 --mask-prob 0.9 --mask-lower-case 0 --min-ungapped-score 15 --spaced-kmer-mode 1 --rescore-mode 0 --filter-hits 0 --sort-results 0 --mask-profile 1 --e-profile 0.001 --wg 0 --allow-deletion 0 --filter-msa 1 --filter-min-enable 0 --max-seq-id 0.9 --qid '0.0' --qsc -20 --cov 0 --diff 1000 --pseudo-cnt-mode 0 --min-length 15 --max-length 32734 --max-gaps 2147483647 --contig-start-mode 2 --contig-end-mode 2 --orf-start-mode 1 --forward-frames 1,2,3 --reverse-frames 1,2,3 --translation-table 1 --translate 0 --use-all-table-starts 0 --id-offset 0 --create-lookup 0 --sequence-overlap 0 --sequence-split-mode 1 --headers-split-mode 0 --chain-alignments 0 --merge-query 1 --search-type 0 --start-sens 4 --sens-steps 1 --prefilter-mode 0 --exhaustive-search 0 --exhaustive-search-filter 0 --strand 1 --lca-search 0 --disk-space-limit 0 --force-reuse 0 --remove-tmp-files 1 --metaeuk-eval 0.001 --metaeuk-tcov 0.5 --max-intron 130000 --min-intron 5 --min-exon-aa 15 --max-overlap 15 --max-exon-sets 1 --set-gap-open -1 --set-gap-extend -1 --reverse-fragments 0 

createdb /share/project/mieke/fdog_neighbor_regions/output_debug_tmp_searchtool/XP_037025795_1_LOC119067126_337/tmp/LYCIN_767460_1/OZ247515.1_1.fasta /share/project/mieke/fdog_neighbor_regions/output_debug_tmp_searchtool/XP_037025795_1_LOC119067126_337/tmp/LYCIN_767460_1//metaeuk/1102413611910332553/contigs --dbtype 2 --compressed 0 -v 3 

Converting sequences
[
Time for merging to contigs_h: 0h 0m 0s 324ms
Time for merging to contigs: 0h 0m 0s 225ms
Database type: Nucleotide
Time for processing: 0h 0m 1s 160ms
Adding sequences from FASTA; added 205702 sequences in 33.8749 seconds.
Create directory /share/project/mieke/fdog_neighbor_regions/output_debug_tmp_searchtool/XP_037025795_1_LOC119067126_337/tmp/LYCIN_767460_1//metaeuk/1102413611910332553/tmp_predict
predictexons /share/project/mieke/fdog_neighbor_regions/output_debug_tmp_searchtool/XP_037025795_1_LOC119067126_337/tmp/LYCIN_767460_1//metaeuk/1102413611910332553/contigs /share/gluster/NOTLOESUNG/freya/uniref100/uniref100 /share/project/mieke/fdog_neighbor_regions/output_debug_tmp_searchtool/XP_037025795_1_LOC119067126_337/tmp/LYCIN_767460_1//metaeuk/1102413611910332553/MetaEuk_calls /share/project/mieke/fdog_neighbor_regions/output_debug_tmp_searchtool/XP_037025795_1_LOC119067126_337/tmp/LYCIN_767460_1//metaeuk/1102413611910332553/tmp_predict --sub-mat 'aa:blosum62.out,nucl:nucleotide.out' -a 0 --alignment-mode 2 --alignment-output-mode 0 --wrapped-scoring 0 -e 100 --min-seq-id 0 --min-aln-len 0 --seq-id-mode 0 --alt-ali 0 -c 0 --cov-mode 0 --max-seq-len 160000 --comp-bias-corr 1 --comp-bias-corr-scale 1 --max-rejected 2147483647 --max-accept 2147483647 --add-self-matches 0 --db-load-mode 0 --pca substitution:1.100,context:1.400 --pcb substitution:4.100,context:5.800 --score-bias 0 --realign 0 --realign-score-bias -0.2 --realign-max-seqs 2147483647 --corr-score-weight 0 --gap-open aa:11,nucl:5 --gap-extend aa:1,nucl:2 --zdrop 40 --threads 24 --compressed 0 -v 3 --seed-sub-mat 'aa:VTML80.out,nucl:nucleotide.out' -s 6 -k 0 --target-search-mode 0 --k-score seq:2147483647,prof:2147483647 --alph-size aa:21,nucl:5 --max-seqs 300 --split 0 --split-mode 2 --split-memory-limit 0 --diag-score 1 --exact-kmer-matching 0 --mask 1 --mask-prob 0.9 --mask-lower-case 0 --min-ungapped-score 15 --spaced-kmer-mode 1 --rescore-mode 0 --filter-hits 0 --sort-results 0 --mask-profile 1 --e-profile 0.001 --wg 0 --allow-deletion 0 --filter-msa 1 --filter-min-enable 0 --max-seq-id 0.9 --qid '0.0' --qsc -20 --cov 0 --diff 1000 --pseudo-cnt-mode 0 --min-length 15 --max-length 32734 --max-gaps 2147483647 --contig-start-mode 2 --contig-end-mode 2 --orf-start-mode 1 --forward-frames 1,2,3 --reverse-frames 1,2,3 --translation-table 1 --translate 0 --use-all-table-starts 0 --id-offset 0 --create-lookup 0 --sequence-overlap 0 --sequence-split-mode 1 --headers-split-mode 0 --chain-alignments 0 --merge-query 1 --search-type 0 --start-sens 4 --sens-steps 1 --prefilter-mode 0 --exhaustive-search 0 --exhaustive-search-filter 0 --strand 1 --lca-search 0 --disk-space-limit 0 --force-reuse 0 --remove-tmp-files 1 --metaeuk-eval 0.001 --metaeuk-tcov 0.5 --max-intron 130000 --min-intron 5 --min-exon-aa 15 --max-overlap 15 --max-exon-sets 1 --set-gap-open -1 --set-gap-extend -1 --reverse-fragments 0 

extractorfs /share/project/mieke/fdog_neighbor_regions/output_debug_tmp_searchtool/XP_037025795_1_LOC119067126_337/tmp/BRAOD_1564500_1/metaeuk/12080086956634082977/contigs /share/project/mieke/fdog_neighbor_regions/output_debug_tmp_searchtool/XP_037025795_1_LOC119067126_337/tmp/BRAOD_1564500_1/metaeuk/12080086956634082977/tmp_predict/8270110620860073319/nucl_6f --min-length 15 --max-length 32734 --max-gaps 2147483647 --contig-start-mode 2 --contig-end-mode 2 --orf-start-mode 1 --forward-frames 1,2,3 --reverse-frames 1,2,3 --translation-table 1 --translate 0 --use-all-table-starts 0 --id-offset 0 --create-lookup 0 --threads 24 --compressed 0 -v 3 

[=================================================================

extractorfs /share/project/mieke/fdog_neighbor_regions/output_debug_tmp_searchtool/XP_037025795_1_LOC119067126_337/tmp/LYCIN_767460_1/metaeuk/1102413611910332553/contigs /share/project/mieke/fdog_neighbor_regions/output_debug_tmp_searchtool/XP_037025795_1_LOC119067126_337/tmp/LYCIN_767460_1/metaeuk/1102413611910332553/tmp_predict/7485443669238111325/nucl_6f --min-length 15 --max-length 32734 --max-gaps 2147483647 --contig-start-mode 2 --contig-end-mode 2 --orf-start-mode 1 --forward-frames 1,2,3 --reverse-frames 1,2,3 --translation-table 1 --translate 0 --use-all-table-starts 0 --id-offset 0 --create-lookup 0 --threads 24 --compressed 0 -v 3 

[=================================================================Create directory /share/project/mieke/fdog_neighbor_regions/output_debug_tmp_searchtool/XP_037025795_1_LOC119067126_337/tmp/LYCAG_1887995_1//metaeuk
easy-predict /share/project/mieke/fdog_neighbor_regions/output_debug_tmp_searchtool/XP_037025795_1_LOC119067126_337/tmp/LYCAG_1887995_1/JBDOHN010022254.1_1.fasta /share/gluster/NOTLOESUNG/freya/uniref100/uniref100 /share/project/mieke/fdog_neighbor_regions/output_debug_tmp_searchtool/XP_037025795_1_LOC119067126_337/tmp/LYCAG_1887995_1/JBDOHN010022254.1_1 /share/project/mieke/fdog_neighbor_regions/output_debug_tmp_searchtool/XP_037025795_1_LOC119067126_337/tmp/LYCAG_1887995_1//metaeuk --max-intron 130000 --max-seq-len 160000 --min-exon-aa 15 --max-overlap 15 --min-intron 5 --overlap 1 -s 6 --split 0 --remove-tmp-files 

MMseqs Version:                                             	7.bba0d80
Substitution matrix                                         	aa:blosum62.out,nucl:nucleotide.out
Add backtrace                                               	false
Alignment mode                                              	2
Alignment mode                                              	0
Allow wrapped scoring                                       	false
E-value threshold                                           	100
Seq. id. threshold                                          	0
Min alignment length                                        	0
Seq. id. mode                                               	0
Alternative alignments                                      	0
Coverage threshold                                          	0
Coverage mode                                               	0
Max sequence length                                         	160000
Compositional bias                                          	1
Compositional bias                                          	1
Max reject                                                  	2147483647
Max accept                                                  	2147483647
Include identical seq. id.                                  	false
Preload mode                                                	0
Pseudo count a                                              	substitution:1.100,context:1.400
Pseudo count b                                              	substitution:4.100,context:5.800
Score bias                                                  	0
Realign hits                                                	false
Realign score bias                                          	-0.2
Realign max seqs                                            	2147483647
Correlation score weight                                    	0
Gap open cost                                               	aa:11,nucl:5
Gap extension cost                                          	aa:1,nucl:2
Zdrop                                                       	40
Threads                                                     	24
Compressed                                                  	0
Verbosity                                                   	3
Seed substitution matrix                                    	aa:VTML80.out,nucl:nucleotide.out
Sensitivity                                                 	6
k-mer length                                                	0
Target search mode                                          	0
k-score                                                     	seq:2147483647,prof:2147483647
Alphabet size                                               	aa:21,nucl:5
Max results per query                                       	300
Split database                                              	0
Split mode                                                  	2
Split memory limit                                          	0
Diagonal scoring                                            	true
Exact k-mer matching                                        	0
Mask residues                                               	1
Mask residues probability                                   	0.9
Mask lower case residues                                    	0
Minimum diagonal score                                      	15
Selected taxa                                               	
Spaced k-mers                                               	1
Spaced k-mer pattern                                        	
Local temporary path                                        	
Rescore mode                                                	0
Remove hits by seq. id. and coverage                        	false
Sort results                                                	0
Mask profile                                                	1
Profile E-value threshold                                   	0.001
Global sequence weighting                                   	false
Allow deletions                                             	false
Filter MSA                                                  	1
Use filter only at N seqs                                   	0
Maximum seq. id. threshold                                  	0.9
Minimum seq. id.                                            	0.0
Minimum score per column                                    	-20
Minimum coverage                                            	0
Select N most diverse seqs                                  	1000
Pseudo count mode                                           	0
Min codons in orf                                           	15
Max codons in length                                        	32734
Max orf gaps                                                	2147483647
Contig start mode                                           	2
Contig end mode                                             	2
Orf start mode                                              	1
Forward frames                                              	1,2,3
Reverse frames                                              	1,2,3
Translation table                                           	1
Translate orf                                               	0
Use all table starts                                        	false
Offset of numeric ids                                       	0
Create lookup                                               	0
Overlap between sequences                                   	0
Sequence split mode                                         	1
Header split mode                                           	0
Chain overlapping alignments                                	0
Merge query                                                 	1
Search type                                                 	0
Start sensitivity                                           	4
Search steps                                                	1
Prefilter mode                                              	0
Exhaustive search mode                                      	false
Filter results during exhaustive search                     	0
Strand selection                                            	1
LCA search mode                                             	false
Disk space limit                                            	0
MPI runner                                                  	
Force restart with latest tmp                               	false
Remove temporary files                                      	true
maximal combined evalue of an optimal set                   	0.001
minimal length ratio between combined optimal set and target	0.5
Maximal intron length                                       	130000
Minimal intron length                                       	5
Minimal exon length aa                                      	15
Maximal overlap of exons                                    	15
Maximal number of exon sets                                 	1
Gap open penalty                                            	-1
Gap extend penalty                                          	-1
Reverse AA Fragments                                        	0
allow same-strand overlaps                                  	1
translate codons to AAs                                     	0
write target key instead of accession                       	0
write fragment contig coords                                	0
length to scan for start codon                              	0

Adding sequences from FASTA; added 181904 sequences in 36.8677 seconds.
] 1 0s 3ms
Time for merging to nucl_6f_h: 0h 0m 0s 409ms
Time for merging to nucl_6f: 0h 0m 0s 269ms
Time for processing: 0h 0m 3s 22ms


] 1 0s 11ms
Time for merging to nucl_6f_h: 0h 0m 1s 736ms
Time for merging to nucl_6f: 0h 0m 0s 320ms
Time for processing: 0h 0m 3s 658ms
translatenucs /share/project/mieke/fdog_neighbor_regions/output_debug_tmp_searchtool/XP_037025795_1_LOC119067126_337/tmp/LYCIN_767460_1/metaeuk/1102413611910332553/tmp_predict/7485443669238111325/nucl_6f /share/project/mieke/fdog_neighbor_regions/output_debug_tmp_searchtool/XP_037025795_1_LOC119067126_337/tmp/LYCIN_767460_1/metaeuk/1102413611910332553/tmp_predict/7485443669238111325/aa_6f --translation-table 1 --add-orf-stop 0 -v 3 --compressed 0 --threads 24 

[=================================================================translatenucs /share/project/mieke/fdog_neighbor_regions/output_debug_tmp_searchtool/XP_037025795_1_LOC119067126_337/tmp/BRAOD_1564500_1/metaeuk/12080086956634082977/tmp_predict/8270110620860073319/nucl_6f /share/project/mieke/fdog_neighbor_regions/output_debug_tmp_searchtool/XP_037025795_1_LOC119067126_337/tmp/BRAOD_1564500_1/metaeuk/12080086956634082977/tmp_predict/8270110620860073319/aa_6f --translation-table 1 --add-orf-stop 0 -v 3 --compressed 0 --threads 24 

[=================================================================Create directory /share/project/mieke/fdog_neighbor_regions/output_debug_tmp_searchtool/XP_037025795_1_LOC119067126_337/tmp/BRAIM_335710_1//metaeuk
easy-predict /share/project/mieke/fdog_neighbor_regions/output_debug_tmp_searchtool/XP_037025795_1_LOC119067126_337/tmp/BRAIM_335710_1/OZ247434.1_1.fasta /share/gluster/NOTLOESUNG/freya/uniref100/uniref100 /share/project/mieke/fdog_neighbor_regions/output_debug_tmp_searchtool/XP_037025795_1_LOC119067126_337/tmp/BRAIM_335710_1/OZ247434.1_1 /share/project/mieke/fdog_neighbor_regions/output_debug_tmp_searchtool/XP_037025795_1_LOC119067126_337/tmp/BRAIM_335710_1//metaeuk --max-intron 130000 --max-seq-len 160000 --min-exon-aa 15 --max-overlap 15 --min-intron 5 --overlap 1 -s 6 --split 0 --remove-tmp-files 

MMseqs Version:                                             	7.bba0d80
Substitution matrix                                         	aa:blosum62.out,nucl:nucleotide.out
Add backtrace                                               	false
Alignment mode                                              	2
Alignment mode                                              	0
Allow wrapped scoring                                       	false
E-value threshold                                           	100
Seq. id. threshold                                          	0
Min alignment length                                        	0
Seq. id. mode                                               	0
Alternative alignments                                      	0
Coverage threshold                                          	0
Coverage mode                                               	0
Max sequence length                                         	160000
Compositional bias                                          	1
Compositional bias                                          	1
Max reject                                                  	2147483647
Max accept                                                  	2147483647
Include identical seq. id.                                  	false
Preload mode                                                	0
Pseudo count a                                              	substitution:1.100,context:1.400
Pseudo count b                                              	substitution:4.100,context:5.800
Score bias                                                  	0
Realign hits                                                	false
Realign score bias                                          	-0.2
Realign max seqs                                            	2147483647
Correlation score weight                                    	0
Gap open cost                                               	aa:11,nucl:5
Gap extension cost                                          	aa:1,nucl:2
Zdrop                                                       	40
Threads                                                     	24
Compressed                                                  	0
Verbosity                                                   	3
Seed substitution matrix                                    	aa:VTML80.out,nucl:nucleotide.out
Sensitivity                                                 	6
k-mer length                                                	0
Target search mode                                          	0
k-score                                                     	seq:2147483647,prof:2147483647
Alphabet size                                               	aa:21,nucl:5
Max results per query                                       	300
Split database                                              	0
Split mode                                                  	2
Split memory limit                                          	0
Diagonal scoring                                            	true
Exact k-mer matching                                        	0
Mask residues                                               	1
Mask residues probability                                   	0.9
Mask lower case residues                                    	0
Minimum diagonal score                                      	15
Selected taxa                                               	
Spaced k-mers                                               	1
Spaced k-mer pattern                                        	
Local temporary path                                        	
Rescore mode                                                	0
Remove hits by seq. id. and coverage                        	false
Sort results                                                	0
Mask profile                                                	1
Profile E-value threshold                                   	0.001
Global sequence weighting                                   	false
Allow deletions                                             	false
Filter MSA                                                  	1
Use filter only at N seqs                                   	0
Maximum seq. id. threshold                                  	0.9
Minimum seq. id.                                            	0.0
Minimum score per column                                    	-20
Minimum coverage                                            	0
Select N most diverse seqs                                  	1000
Pseudo count mode                                           	0
Min codons in orf                                           	15
Max codons in length                                        	32734
Max orf gaps                                                	2147483647
Contig start mode                                           	2
Contig end mode                                             	2
Orf start mode                                              	1
Forward frames                                              	1,2,3
Reverse frames                                              	1,2,3
Translation table                                           	1
Translate orf                                               	0
Use all table starts                                        	false
Offset of numeric ids                                       	0
Create lookup                                               	0
Overlap between sequences                                   	0
Sequence split mode                                         	1
Header split mode                                           	0
Chain overlapping alignments                                	0
Merge query                                                 	1
Search type                                                 	0
Start sensitivity                                           	4
Search steps                                                	1
Prefilter mode                                              	0
Exhaustive search mode                                      	false
Filter results during exhaustive search                     	0
Strand selection                                            	1
LCA search mode                                             	false
Disk space limit                                            	0
MPI runner                                                  	
Force restart with latest tmp                               	false
Remove temporary files                                      	true
maximal combined evalue of an optimal set                   	0.001
minimal length ratio between combined optimal set and target	0.5
Maximal intron length                                       	130000
Minimal intron length                                       	5
Minimal exon length aa                                      	15
Maximal overlap of exons                                    	15
Maximal number of exon sets                                 	1
Gap open penalty                                            	-1
Gap extend penalty                                          	-1
Reverse AA Fragments                                        	0
allow same-strand overlaps                                  	1
translate codons to AAs                                     	0
write target key instead of accession                       	0
write fragment contig coords                                	0
length to scan for start codon                              	0



createdb /share/project/mieke/fdog_neighbor_regions/output_debug_tmp_searchtool/XP_037025795_1_LOC119067126_337/tmp/LYCAG_1887995_1/JBDOHN010022254.1_1.fasta /share/project/mieke/fdog_neighbor_regions/output_debug_tmp_searchtool/XP_037025795_1_LOC119067126_337/tmp/LYCAG_1887995_1//metaeuk/13071045480286551061/contigs --dbtype 2 --compressed 0 -v 3 

Converting sequences
[
Time for merging to contigs_h: 0h 0m 0s 210ms
Time for merging to contigs: 0h 0m 0s 116ms
Database type: Nucleotide
Time for processing: 0h 0m 1s 383ms
] 1.85K 0s 6ms
Time for merging to aa_6f: 0h 0m 0s 260ms
Time for processing: 0h 0m 0s 733ms
] 1.87K 0s 5ms
Time for merging to aa_6f: 0h 0m 0s 166ms
Time for processing: 0h 0m 0s 516ms
Create directory /share/project/mieke/fdog_neighbor_regions/output_debug_tmp_searchtool/XP_037025795_1_LOC119067126_337/tmp/LYCAG_1887995_1//metaeuk/13071045480286551061/tmp_predict
predictexons /share/project/mieke/fdog_neighbor_regions/output_debug_tmp_searchtool/XP_037025795_1_LOC119067126_337/tmp/LYCAG_1887995_1//metaeuk/13071045480286551061/contigs /share/gluster/NOTLOESUNG/freya/uniref100/uniref100 /share/project/mieke/fdog_neighbor_regions/output_debug_tmp_searchtool/XP_037025795_1_LOC119067126_337/tmp/LYCAG_1887995_1//metaeuk/13071045480286551061/MetaEuk_calls /share/project/mieke/fdog_neighbor_regions/output_debug_tmp_searchtool/XP_037025795_1_LOC119067126_337/tmp/LYCAG_1887995_1//metaeuk/13071045480286551061/tmp_predict --sub-mat 'aa:blosum62.out,nucl:nucleotide.out' -a 0 --alignment-mode 2 --alignment-output-mode 0 --wrapped-scoring 0 -e 100 --min-seq-id 0 --min-aln-len 0 --seq-id-mode 0 --alt-ali 0 -c 0 --cov-mode 0 --max-seq-len 160000 --comp-bias-corr 1 --comp-bias-corr-scale 1 --max-rejected 2147483647 --max-accept 2147483647 --add-self-matches 0 --db-load-mode 0 --pca substitution:1.100,context:1.400 --pcb substitution:4.100,context:5.800 --score-bias 0 --realign 0 --realign-score-bias -0.2 --realign-max-seqs 2147483647 --corr-score-weight 0 --gap-open aa:11,nucl:5 --gap-extend aa:1,nucl:2 --zdrop 40 --threads 24 --compressed 0 -v 3 --seed-sub-mat 'aa:VTML80.out,nucl:nucleotide.out' -s 6 -k 0 --target-search-mode 0 --k-score seq:2147483647,prof:2147483647 --alph-size aa:21,nucl:5 --max-seqs 300 --split 0 --split-mode 2 --split-memory-limit 0 --diag-score 1 --exact-kmer-matching 0 --mask 1 --mask-prob 0.9 --mask-lower-case 0 --min-ungapped-score 15 --spaced-kmer-mode 1 --rescore-mode 0 --filter-hits 0 --sort-results 0 --mask-profile 1 --e-profile 0.001 --wg 0 --allow-deletion 0 --filter-msa 1 --filter-min-enable 0 --max-seq-id 0.9 --qid '0.0' --qsc -20 --cov 0 --diff 1000 --pseudo-cnt-mode 0 --min-length 15 --max-length 32734 --max-gaps 2147483647 --contig-start-mode 2 --contig-end-mode 2 --orf-start-mode 1 --forward-frames 1,2,3 --reverse-frames 1,2,3 --translation-table 1 --translate 0 --use-all-table-starts 0 --id-offset 0 --create-lookup 0 --sequence-overlap 0 --sequence-split-mode 1 --headers-split-mode 0 --chain-alignments 0 --merge-query 1 --search-type 0 --start-sens 4 --sens-steps 1 --prefilter-mode 0 --exhaustive-search 0 --exhaustive-search-filter 0 --strand 1 --lca-search 0 --disk-space-limit 0 --force-reuse 0 --remove-tmp-files 1 --metaeuk-eval 0.001 --metaeuk-tcov 0.5 --max-intron 130000 --min-intron 5 --min-exon-aa 15 --max-overlap 15 --max-exon-sets 1 --set-gap-open -1 --set-gap-extend -1 --reverse-fragments 0 

Create directory /share/project/mieke/fdog_neighbor_regions/output_debug_tmp_searchtool/XP_037025795_1_LOC119067126_337/tmp/LYCIN_767460_1/metaeuk/1102413611910332553/tmp_predict/7485443669238111325/tmp_search
search /share/project/mieke/fdog_neighbor_regions/output_debug_tmp_searchtool/XP_037025795_1_LOC119067126_337/tmp/LYCIN_767460_1/metaeuk/1102413611910332553/tmp_predict/7485443669238111325/aa_6f /share/gluster/NOTLOESUNG/freya/uniref100/uniref100 /share/project/mieke/fdog_neighbor_regions/output_debug_tmp_searchtool/XP_037025795_1_LOC119067126_337/tmp/LYCIN_767460_1/metaeuk/1102413611910332553/tmp_predict/7485443669238111325/search_res /share/project/mieke/fdog_neighbor_regions/output_debug_tmp_searchtool/XP_037025795_1_LOC119067126_337/tmp/LYCIN_767460_1/metaeuk/1102413611910332553/tmp_predict/7485443669238111325/tmp_search --sub-mat 'aa:blosum62.out,nucl:nucleotide.out' -a 0 --alignment-mode 2 --alignment-output-mode 0 --wrapped-scoring 0 -e 100 --min-seq-id 0 --min-aln-len 15 --seq-id-mode 0 --alt-ali 0 -c 0 --cov-mode 0 --max-seq-len 160000 --comp-bias-corr 1 --comp-bias-corr-scale 1 --max-rejected 2147483647 --max-accept 2147483647 --add-self-matches 0 --db-load-mode 0 --pca substitution:1.100,context:1.400 --pcb substitution:4.100,context:5.800 --score-bias 0 --realign 0 --realign-score-bias -0.2 --realign-max-seqs 2147483647 --corr-score-weight 0 --gap-open aa:11,nucl:5 --gap-extend aa:1,nucl:2 --zdrop 40 --threads 24 --compressed 0 -v 3 --seed-sub-mat 'aa:VTML80.out,nucl:nucleotide.out' -s 6 -k 0 --target-search-mode 0 --k-score seq:2147483647,prof:2147483647 --alph-size aa:21,nucl:5 --max-seqs 300 --split 0 --split-mode 2 --split-memory-limit 0 --diag-score 1 --exact-kmer-matching 0 --mask 1 --mask-prob 0.9 --mask-lower-case 0 --min-ungapped-score 15 --spaced-kmer-mode 1 --rescore-mode 0 --filter-hits 0 --sort-results 0 --mask-profile 1 --e-profile 0.001 --wg 0 --allow-deletion 0 --filter-msa 1 --filter-min-enable 0 --max-seq-id 0.9 --qid '0.0' --qsc -20 --cov 0 --diff 1000 --pseudo-cnt-mode 0 --min-length 15 --max-length 32734 --max-gaps 2147483647 --contig-start-mode 2 --contig-end-mode 2 --orf-start-mode 1 --forward-frames 1,2,3 --reverse-frames 1,2,3 --translation-table 1 --translate 0 --use-all-table-starts 0 --id-offset 0 --create-lookup 0 --add-orf-stop 0 --sequence-overlap 0 --sequence-split-mode 1 --headers-split-mode 0 --chain-alignments 0 --merge-query 1 --search-type 0 --num-iterations 1 --start-sens 4 --sens-steps 1 --prefilter-mode 0 --exhaustive-search 0 --exhaustive-search-filter 0 --strand 1 --lca-search 0 --disk-space-limit 0 --force-reuse 0 --remove-tmp-files 1 

Create directory /share/project/mieke/fdog_neighbor_regions/output_debug_tmp_searchtool/XP_037025795_1_LOC119067126_337/tmp/BRAOD_1564500_1/metaeuk/12080086956634082977/tmp_predict/8270110620860073319/tmp_search
search /share/project/mieke/fdog_neighbor_regions/output_debug_tmp_searchtool/XP_037025795_1_LOC119067126_337/tmp/BRAOD_1564500_1/metaeuk/12080086956634082977/tmp_predict/8270110620860073319/aa_6f /share/gluster/NOTLOESUNG/freya/uniref100/uniref100 /share/project/mieke/fdog_neighbor_regions/output_debug_tmp_searchtool/XP_037025795_1_LOC119067126_337/tmp/BRAOD_1564500_1/metaeuk/12080086956634082977/tmp_predict/8270110620860073319/search_res /share/project/mieke/fdog_neighbor_regions/output_debug_tmp_searchtool/XP_037025795_1_LOC119067126_337/tmp/BRAOD_1564500_1/metaeuk/12080086956634082977/tmp_predict/8270110620860073319/tmp_search --sub-mat 'aa:blosum62.out,nucl:nucleotide.out' -a 0 --alignment-mode 2 --alignment-output-mode 0 --wrapped-scoring 0 -e 100 --min-seq-id 0 --min-aln-len 15 --seq-id-mode 0 --alt-ali 0 -c 0 --cov-mode 0 --max-seq-len 160000 --comp-bias-corr 1 --comp-bias-corr-scale 1 --max-rejected 2147483647 --max-accept 2147483647 --add-self-matches 0 --db-load-mode 0 --pca substitution:1.100,context:1.400 --pcb substitution:4.100,context:5.800 --score-bias 0 --realign 0 --realign-score-bias -0.2 --realign-max-seqs 2147483647 --corr-score-weight 0 --gap-open aa:11,nucl:5 --gap-extend aa:1,nucl:2 --zdrop 40 --threads 24 --compressed 0 -v 3 --seed-sub-mat 'aa:VTML80.out,nucl:nucleotide.out' -s 6 -k 0 --target-search-mode 0 --k-score seq:2147483647,prof:2147483647 --alph-size aa:21,nucl:5 --max-seqs 300 --split 0 --split-mode 2 --split-memory-limit 0 --diag-score 1 --exact-kmer-matching 0 --mask 1 --mask-prob 0.9 --mask-lower-case 0 --min-ungapped-score 15 --spaced-kmer-mode 1 --rescore-mode 0 --filter-hits 0 --sort-results 0 --mask-profile 1 --e-profile 0.001 --wg 0 --allow-deletion 0 --filter-msa 1 --filter-min-enable 0 --max-seq-id 0.9 --qid '0.0' --qsc -20 --cov 0 --diff 1000 --pseudo-cnt-mode 0 --min-length 15 --max-length 32734 --max-gaps 2147483647 --contig-start-mode 2 --contig-end-mode 2 --orf-start-mode 1 --forward-frames 1,2,3 --reverse-frames 1,2,3 --translation-table 1 --translate 0 --use-all-table-starts 0 --id-offset 0 --create-lookup 0 --add-orf-stop 0 --sequence-overlap 0 --sequence-split-mode 1 --headers-split-mode 0 --chain-alignments 0 --merge-query 1 --search-type 0 --num-iterations 1 --start-sens 4 --sens-steps 1 --prefilter-mode 0 --exhaustive-search 0 --exhaustive-search-filter 0 --strand 1 --lca-search 0 --disk-space-limit 0 --force-reuse 0 --remove-tmp-files 1 

extractorfs /share/project/mieke/fdog_neighbor_regions/output_debug_tmp_searchtool/XP_037025795_1_LOC119067126_337/tmp/LYCAG_1887995_1/metaeuk/13071045480286551061/contigs /share/project/mieke/fdog_neighbor_regions/output_debug_tmp_searchtool/XP_037025795_1_LOC119067126_337/tmp/LYCAG_1887995_1/metaeuk/13071045480286551061/tmp_predict/4708890839988552090/nucl_6f --min-length 15 --max-length 32734 --max-gaps 2147483647 --contig-start-mode 2 --contig-end-mode 2 --orf-start-mode 1 --forward-frames 1,2,3 --reverse-frames 1,2,3 --translation-table 1 --translate 0 --use-all-table-starts 0 --id-offset 0 --create-lookup 0 --threads 24 --compressed 0 -v 3 

[=================================================================createdb /share/project/mieke/fdog_neighbor_regions/output_debug_tmp_searchtool/XP_037025795_1_LOC119067126_337/tmp/BRAIM_335710_1/OZ247434.1_1.fasta /share/project/mieke/fdog_neighbor_regions/output_debug_tmp_searchtool/XP_037025795_1_LOC119067126_337/tmp/BRAIM_335710_1//metaeuk/6275211285143387977/contigs --dbtype 2 --compressed 0 -v 3 

Converting sequences
[
Time for merging to contigs_h: 0h 0m 0s 263ms
Time for merging to contigs: 0h 0m 0s 165ms
Database type: Nucleotide
Time for processing: 0h 0m 1s 152ms
] 1 0s 8ms
Time for merging to nucl_6f_h: 0h 0m 0s 96ms
Time for merging to nucl_6f: 0h 0m 0s 132ms
Time for processing: 0h 0m 1s 11ms
Create directory /share/project/mieke/fdog_neighbor_regions/output_debug_tmp_searchtool/XP_037025795_1_LOC119067126_337/tmp/BRAIM_335710_1//metaeuk/6275211285143387977/tmp_predict
predictexons /share/project/mieke/fdog_neighbor_regions/output_debug_tmp_searchtool/XP_037025795_1_LOC119067126_337/tmp/BRAIM_335710_1//metaeuk/6275211285143387977/contigs /share/gluster/NOTLOESUNG/freya/uniref100/uniref100 /share/project/mieke/fdog_neighbor_regions/output_debug_tmp_searchtool/XP_037025795_1_LOC119067126_337/tmp/BRAIM_335710_1//metaeuk/6275211285143387977/MetaEuk_calls /share/project/mieke/fdog_neighbor_regions/output_debug_tmp_searchtool/XP_037025795_1_LOC119067126_337/tmp/BRAIM_335710_1//metaeuk/6275211285143387977/tmp_predict --sub-mat 'aa:blosum62.out,nucl:nucleotide.out' -a 0 --alignment-mode 2 --alignment-output-mode 0 --wrapped-scoring 0 -e 100 --min-seq-id 0 --min-aln-len 0 --seq-id-mode 0 --alt-ali 0 -c 0 --cov-mode 0 --max-seq-len 160000 --comp-bias-corr 1 --comp-bias-corr-scale 1 --max-rejected 2147483647 --max-accept 2147483647 --add-self-matches 0 --db-load-mode 0 --pca substitution:1.100,context:1.400 --pcb substitution:4.100,context:5.800 --score-bias 0 --realign 0 --realign-score-bias -0.2 --realign-max-seqs 2147483647 --corr-score-weight 0 --gap-open aa:11,nucl:5 --gap-extend aa:1,nucl:2 --zdrop 40 --threads 24 --compressed 0 -v 3 --seed-sub-mat 'aa:VTML80.out,nucl:nucleotide.out' -s 6 -k 0 --target-search-mode 0 --k-score seq:2147483647,prof:2147483647 --alph-size aa:21,nucl:5 --max-seqs 300 --split 0 --split-mode 2 --split-memory-limit 0 --diag-score 1 --exact-kmer-matching 0 --mask 1 --mask-prob 0.9 --mask-lower-case 0 --min-ungapped-score 15 --spaced-kmer-mode 1 --rescore-mode 0 --filter-hits 0 --sort-results 0 --mask-profile 1 --e-profile 0.001 --wg 0 --allow-deletion 0 --filter-msa 1 --filter-min-enable 0 --max-seq-id 0.9 --qid '0.0' --qsc -20 --cov 0 --diff 1000 --pseudo-cnt-mode 0 --min-length 15 --max-length 32734 --max-gaps 2147483647 --contig-start-mode 2 --contig-end-mode 2 --orf-start-mode 1 --forward-frames 1,2,3 --reverse-frames 1,2,3 --translation-table 1 --translate 0 --use-all-table-starts 0 --id-offset 0 --create-lookup 0 --sequence-overlap 0 --sequence-split-mode 1 --headers-split-mode 0 --chain-alignments 0 --merge-query 1 --search-type 0 --start-sens 4 --sens-steps 1 --prefilter-mode 0 --exhaustive-search 0 --exhaustive-search-filter 0 --strand 1 --lca-search 0 --disk-space-limit 0 --force-reuse 0 --remove-tmp-files 1 --metaeuk-eval 0.001 --metaeuk-tcov 0.5 --max-intron 130000 --min-intron 5 --min-exon-aa 15 --max-overlap 15 --max-exon-sets 1 --set-gap-open -1 --set-gap-extend -1 --reverse-fragments 0 

translatenucs /share/project/mieke/fdog_neighbor_regions/output_debug_tmp_searchtool/XP_037025795_1_LOC119067126_337/tmp/LYCAG_1887995_1/metaeuk/13071045480286551061/tmp_predict/4708890839988552090/nucl_6f /share/project/mieke/fdog_neighbor_regions/output_debug_tmp_searchtool/XP_037025795_1_LOC119067126_337/tmp/LYCAG_1887995_1/metaeuk/13071045480286551061/tmp_predict/4708890839988552090/aa_6f --translation-table 1 --add-orf-stop 0 -v 3 --compressed 0 --threads 24 

[=================================================================extractorfs /share/project/mieke/fdog_neighbor_regions/output_debug_tmp_searchtool/XP_037025795_1_LOC119067126_337/tmp/BRAIM_335710_1/metaeuk/6275211285143387977/contigs /share/project/mieke/fdog_neighbor_regions/output_debug_tmp_searchtool/XP_037025795_1_LOC119067126_337/tmp/BRAIM_335710_1/metaeuk/6275211285143387977/tmp_predict/18308785602022024410/nucl_6f --min-length 15 --max-length 32734 --max-gaps 2147483647 --contig-start-mode 2 --contig-end-mode 2 --orf-start-mode 1 --forward-frames 1,2,3 --reverse-frames 1,2,3 --translation-table 1 --translate 0 --use-all-table-starts 0 --id-offset 0 --create-lookup 0 --threads 24 --compressed 0 -v 3 

[=================================================================

] 82 0s 4ms
Time for merging to aa_6f: 0h 0m 0s 238ms
Time for processing: 0h 0m 0s 650ms
Adding sequences from FASTA; added 276815 sequences in 39.736 seconds.
Create directory /share/project/mieke/fdog_neighbor_regions/output_debug_tmp_searchtool/XP_037025795_1_LOC119067126_337/tmp/LYCAG_1887995_1/metaeuk/13071045480286551061/tmp_predict/4708890839988552090/tmp_search
search /share/project/mieke/fdog_neighbor_regions/output_debug_tmp_searchtool/XP_037025795_1_LOC119067126_337/tmp/LYCAG_1887995_1/metaeuk/13071045480286551061/tmp_predict/4708890839988552090/aa_6f /share/gluster/NOTLOESUNG/freya/uniref100/uniref100 /share/project/mieke/fdog_neighbor_regions/output_debug_tmp_searchtool/XP_037025795_1_LOC119067126_337/tmp/LYCAG_1887995_1/metaeuk/13071045480286551061/tmp_predict/4708890839988552090/search_res /share/project/mieke/fdog_neighbor_regions/output_debug_tmp_searchtool/XP_037025795_1_LOC119067126_337/tmp/LYCAG_1887995_1/metaeuk/13071045480286551061/tmp_predict/4708890839988552090/tmp_search --sub-mat 'aa:blosum62.out,nucl:nucleotide.out' -a 0 --alignment-mode 2 --alignment-output-mode 0 --wrapped-scoring 0 -e 100 --min-seq-id 0 --min-aln-len 15 --seq-id-mode 0 --alt-ali 0 -c 0 --cov-mode 0 --max-seq-len 160000 --comp-bias-corr 1 --comp-bias-corr-scale 1 --max-rejected 2147483647 --max-accept 2147483647 --add-self-matches 0 --db-load-mode 0 --pca substitution:1.100,context:1.400 --pcb substitution:4.100,context:5.800 --score-bias 0 --realign 0 --realign-score-bias -0.2 --realign-max-seqs 2147483647 --corr-score-weight 0 --gap-open aa:11,nucl:5 --gap-extend aa:1,nucl:2 --zdrop 40 --threads 24 --compressed 0 -v 3 --seed-sub-mat 'aa:VTML80.out,nucl:nucleotide.out' -s 6 -k 0 --target-search-mode 0 --k-score seq:2147483647,prof:2147483647 --alph-size aa:21,nucl:5 --max-seqs 300 --split 0 --split-mode 2 --split-memory-limit 0 --diag-score 1 --exact-kmer-matching 0 --mask 1 --mask-prob 0.9 --mask-lower-case 0 --min-ungapped-score 15 --spaced-kmer-mode 1 --rescore-mode 0 --filter-hits 0 --sort-results 0 --mask-profile 1 --e-profile 0.001 --wg 0 --allow-deletion 0 --filter-msa 1 --filter-min-enable 0 --max-seq-id 0.9 --qid '0.0' --qsc -20 --cov 0 --diff 1000 --pseudo-cnt-mode 0 --min-length 15 --max-length 32734 --max-gaps 2147483647 --contig-start-mode 2 --contig-end-mode 2 --orf-start-mode 1 --forward-frames 1,2,3 --reverse-frames 1,2,3 --translation-table 1 --translate 0 --use-all-table-starts 0 --id-offset 0 --create-lookup 0 --add-orf-stop 0 --sequence-overlap 0 --sequence-split-mode 1 --headers-split-mode 0 --chain-alignments 0 --merge-query 1 --search-type 0 --num-iterations 1 --start-sens 4 --sens-steps 1 --prefilter-mode 0 --exhaustive-search 0 --exhaustive-search-filter 0 --strand 1 --lca-search 0 --disk-space-limit 0 --force-reuse 0 --remove-tmp-files 1 

] 1 0s 6ms
Time for merging to nucl_6f_h: 0h 0m 0s 283ms
Time for merging to nucl_6f: 0h 0m 0s 358ms
Time for processing: 0h 0m 1s 197ms
translatenucs /share/project/mieke/fdog_neighbor_regions/output_debug_tmp_searchtool/XP_037025795_1_LOC119067126_337/tmp/BRAIM_335710_1/metaeuk/6275211285143387977/tmp_predict/18308785602022024410/nucl_6f /share/project/mieke/fdog_neighbor_regions/output_debug_tmp_searchtool/XP_037025795_1_LOC119067126_337/tmp/BRAIM_335710_1/metaeuk/6275211285143387977/tmp_predict/18308785602022024410/aa_6f --translation-table 1 --add-orf-stop 0 -v 3 --compressed 0 --threads 24 

[=================================================================] 1.90K 0s 7ms
Time for merging to aa_6f: 0h 0m 0s 159ms
Time for processing: 0h 0m 0s 563ms
Create directory /share/project/mieke/fdog_neighbor_regions/output_debug_tmp_searchtool/XP_037025795_1_LOC119067126_337/tmp/BRAIM_335710_1/metaeuk/6275211285143387977/tmp_predict/18308785602022024410/tmp_search
search /share/project/mieke/fdog_neighbor_regions/output_debug_tmp_searchtool/XP_037025795_1_LOC119067126_337/tmp/BRAIM_335710_1/metaeuk/6275211285143387977/tmp_predict/18308785602022024410/aa_6f /share/gluster/NOTLOESUNG/freya/uniref100/uniref100 /share/project/mieke/fdog_neighbor_regions/output_debug_tmp_searchtool/XP_037025795_1_LOC119067126_337/tmp/BRAIM_335710_1/metaeuk/6275211285143387977/tmp_predict/18308785602022024410/search_res /share/project/mieke/fdog_neighbor_regions/output_debug_tmp_searchtool/XP_037025795_1_LOC119067126_337/tmp/BRAIM_335710_1/metaeuk/6275211285143387977/tmp_predict/18308785602022024410/tmp_search --sub-mat 'aa:blosum62.out,nucl:nucleotide.out' -a 0 --alignment-mode 2 --alignment-output-mode 0 --wrapped-scoring 0 -e 100 --min-seq-id 0 --min-aln-len 15 --seq-id-mode 0 --alt-ali 0 -c 0 --cov-mode 0 --max-seq-len 160000 --comp-bias-corr 1 --comp-bias-corr-scale 1 --max-rejected 2147483647 --max-accept 2147483647 --add-self-matches 0 --db-load-mode 0 --pca substitution:1.100,context:1.400 --pcb substitution:4.100,context:5.800 --score-bias 0 --realign 0 --realign-score-bias -0.2 --realign-max-seqs 2147483647 --corr-score-weight 0 --gap-open aa:11,nucl:5 --gap-extend aa:1,nucl:2 --zdrop 40 --threads 24 --compressed 0 -v 3 --seed-sub-mat 'aa:VTML80.out,nucl:nucleotide.out' -s 6 -k 0 --target-search-mode 0 --k-score seq:2147483647,prof:2147483647 --alph-size aa:21,nucl:5 --max-seqs 300 --split 0 --split-mode 2 --split-memory-limit 0 --diag-score 1 --exact-kmer-matching 0 --mask 1 --mask-prob 0.9 --mask-lower-case 0 --min-ungapped-score 15 --spaced-kmer-mode 1 --rescore-mode 0 --filter-hits 0 --sort-results 0 --mask-profile 1 --e-profile 0.001 --wg 0 --allow-deletion 0 --filter-msa 1 --filter-min-enable 0 --max-seq-id 0.9 --qid '0.0' --qsc -20 --cov 0 --diff 1000 --pseudo-cnt-mode 0 --min-length 15 --max-length 32734 --max-gaps 2147483647 --contig-start-mode 2 --contig-end-mode 2 --orf-start-mode 1 --forward-frames 1,2,3 --reverse-frames 1,2,3 --translation-table 1 --translate 0 --use-all-table-starts 0 --id-offset 0 --create-lookup 0 --add-orf-stop 0 --sequence-overlap 0 --sequence-split-mode 1 --headers-split-mode 0 --chain-alignments 0 --merge-query 1 --search-type 0 --num-iterations 1 --start-sens 4 --sens-steps 1 --prefilter-mode 0 --exhaustive-search 0 --exhaustive-search-filter 0 --strand 1 --lca-search 0 --disk-space-limit 0 --force-reuse 0 --remove-tmp-files 1 



Create directory /share/project/mieke/fdog_neighbor_regions/output_debug_tmp_searchtool/XP_037025795_1_LOC119067126_337/tmp/BRAOC_1260802_1//metaeuk
easy-predict /share/project/mieke/fdog_neighbor_regions/output_debug_tmp_searchtool/XP_037025795_1_LOC119067126_337/tmp/BRAOC_1260802_1/JBLNJI010002952.1_1.fasta /share/gluster/NOTLOESUNG/freya/uniref100/uniref100 /share/project/mieke/fdog_neighbor_regions/output_debug_tmp_searchtool/XP_037025795_1_LOC119067126_337/tmp/BRAOC_1260802_1/JBLNJI010002952.1_1 /share/project/mieke/fdog_neighbor_regions/output_debug_tmp_searchtool/XP_037025795_1_LOC119067126_337/tmp/BRAOC_1260802_1//metaeuk --max-intron 130000 --max-seq-len 160000 --min-exon-aa 15 --max-overlap 15 --min-intron 5 --overlap 1 -s 6 --split 0 --remove-tmp-files 

MMseqs Version:                                             	7.bba0d80
Substitution matrix                                         	aa:blosum62.out,nucl:nucleotide.out
Add backtrace                                               	false
Alignment mode                                              	2
Alignment mode                                              	0
Allow wrapped scoring                                       	false
E-value threshold                                           	100
Seq. id. threshold                                          	0
Min alignment length                                        	0
Seq. id. mode                                               	0
Alternative alignments                                      	0
Coverage threshold                                          	0
Coverage mode                                               	0
Max sequence length                                         	160000
Compositional bias                                          	1
Compositional bias                                          	1
Max reject                                                  	2147483647
Max accept                                                  	2147483647
Include identical seq. id.                                  	false
Preload mode                                                	0
Pseudo count a                                              	substitution:1.100,context:1.400
Pseudo count b                                              	substitution:4.100,context:5.800
Score bias                                                  	0
Realign hits                                                	false
Realign score bias                                          	-0.2
Realign max seqs                                            	2147483647
Correlation score weight                                    	0
Gap open cost                                               	aa:11,nucl:5
Gap extension cost                                          	aa:1,nucl:2
Zdrop                                                       	40
Threads                                                     	24
Compressed                                                  	0
Verbosity                                                   	3
Seed substitution matrix                                    	aa:VTML80.out,nucl:nucleotide.out
Sensitivity                                                 	6
k-mer length                                                	0
Target search mode                                          	0
k-score                                                     	seq:2147483647,prof:2147483647
Alphabet size                                               	aa:21,nucl:5
Max results per query                                       	300
Split database                                              	0
Split mode                                                  	2
Split memory limit                                          	0
Diagonal scoring                                            	true
Exact k-mer matching                                        	0
Mask residues                                               	1
Mask residues probability                                   	0.9
Mask lower case residues                                    	0
Minimum diagonal score                                      	15
Selected taxa                                               	
Spaced k-mers                                               	1
Spaced k-mer pattern                                        	
Local temporary path                                        	
Rescore mode                                                	0
Remove hits by seq. id. and coverage                        	false
Sort results                                                	0
Mask profile                                                	1
Profile E-value threshold                                   	0.001
Global sequence weighting                                   	false
Allow deletions                                             	false
Filter MSA                                                  	1
Use filter only at N seqs                                   	0
Maximum seq. id. threshold                                  	0.9
Minimum seq. id.                                            	0.0
Minimum score per column                                    	-20
Minimum coverage                                            	0
Select N most diverse seqs                                  	1000
Pseudo count mode                                           	0
Min codons in orf                                           	15
Max codons in length                                        	32734
Max orf gaps                                                	2147483647
Contig start mode                                           	2
Contig end mode                                             	2
Orf start mode                                              	1
Forward frames                                              	1,2,3
Reverse frames                                              	1,2,3
Translation table                                           	1
Translate orf                                               	0
Use all table starts                                        	false
Offset of numeric ids                                       	0
Create lookup                                               	0
Overlap between sequences                                   	0
Sequence split mode                                         	1
Header split mode                                           	0
Chain overlapping alignments                                	0
Merge query                                                 	1
Search type                                                 	0
Start sensitivity                                           	4
Search steps                                                	1
Prefilter mode                                              	0
Exhaustive search mode                                      	false
Filter results during exhaustive search                     	0
Strand selection                                            	1
LCA search mode                                             	false
Disk space limit                                            	0
MPI runner                                                  	
Force restart with latest tmp                               	false
Remove temporary files                                      	true
maximal combined evalue of an optimal set                   	0.001
minimal length ratio between combined optimal set and target	0.5
Maximal intron length                                       	130000
Minimal intron length                                       	5
Minimal exon length aa                                      	15
Maximal overlap of exons                                    	15
Maximal number of exon sets                                 	1
Gap open penalty                                            	-1
Gap extend penalty                                          	-1
Reverse AA Fragments                                        	0
allow same-strand overlaps                                  	1
translate codons to AAs                                     	0
write target key instead of accession                       	0
write fragment contig coords                                	0
length to scan for start codon                              	0

Adding sequences from FASTA; added 219293 sequences in 45.0743 seconds.
Adding sequences from FASTA; added 278854 sequences in 45.5796 seconds.
createdb /share/project/mieke/fdog_neighbor_regions/output_debug_tmp_searchtool/XP_037025795_1_LOC119067126_337/tmp/BRAOC_1260802_1/JBLNJI010002952.1_1.fasta /share/project/mieke/fdog_neighbor_regions/output_debug_tmp_searchtool/XP_037025795_1_LOC119067126_337/tmp/BRAOC_1260802_1//metaeuk/16972724140392947310/contigs --dbtype 2 --compressed 0 -v 3 

Converting sequences
[
Time for merging to contigs_h: 0h 0m 0s 222ms
Time for merging to contigs: 0h 0m 0s 233ms
Database type: Nucleotide
Time for processing: 0h 0m 0s 890ms
Create directory /share/project/mieke/fdog_neighbor_regions/output_debug_tmp_searchtool/XP_037025795_1_LOC119067126_337/tmp/BRAOC_1260802_1//metaeuk/16972724140392947310/tmp_predict
predictexons /share/project/mieke/fdog_neighbor_regions/output_debug_tmp_searchtool/XP_037025795_1_LOC119067126_337/tmp/BRAOC_1260802_1//metaeuk/16972724140392947310/contigs /share/gluster/NOTLOESUNG/freya/uniref100/uniref100 /share/project/mieke/fdog_neighbor_regions/output_debug_tmp_searchtool/XP_037025795_1_LOC119067126_337/tmp/BRAOC_1260802_1//metaeuk/16972724140392947310/MetaEuk_calls /share/project/mieke/fdog_neighbor_regions/output_debug_tmp_searchtool/XP_037025795_1_LOC119067126_337/tmp/BRAOC_1260802_1//metaeuk/16972724140392947310/tmp_predict --sub-mat 'aa:blosum62.out,nucl:nucleotide.out' -a 0 --alignment-mode 2 --alignment-output-mode 0 --wrapped-scoring 0 -e 100 --min-seq-id 0 --min-aln-len 0 --seq-id-mode 0 --alt-ali 0 -c 0 --cov-mode 0 --max-seq-len 160000 --comp-bias-corr 1 --comp-bias-corr-scale 1 --max-rejected 2147483647 --max-accept 2147483647 --add-self-matches 0 --db-load-mode 0 --pca substitution:1.100,context:1.400 --pcb substitution:4.100,context:5.800 --score-bias 0 --realign 0 --realign-score-bias -0.2 --realign-max-seqs 2147483647 --corr-score-weight 0 --gap-open aa:11,nucl:5 --gap-extend aa:1,nucl:2 --zdrop 40 --threads 24 --compressed 0 -v 3 --seed-sub-mat 'aa:VTML80.out,nucl:nucleotide.out' -s 6 -k 0 --target-search-mode 0 --k-score seq:2147483647,prof:2147483647 --alph-size aa:21,nucl:5 --max-seqs 300 --split 0 --split-mode 2 --split-memory-limit 0 --diag-score 1 --exact-kmer-matching 0 --mask 1 --mask-prob 0.9 --mask-lower-case 0 --min-ungapped-score 15 --spaced-kmer-mode 1 --rescore-mode 0 --filter-hits 0 --sort-results 0 --mask-profile 1 --e-profile 0.001 --wg 0 --allow-deletion 0 --filter-msa 1 --filter-min-enable 0 --max-seq-id 0.9 --qid '0.0' --qsc -20 --cov 0 --diff 1000 --pseudo-cnt-mode 0 --min-length 15 --max-length 32734 --max-gaps 2147483647 --contig-start-mode 2 --contig-end-mode 2 --orf-start-mode 1 --forward-frames 1,2,3 --reverse-frames 1,2,3 --translation-table 1 --translate 0 --use-all-table-starts 0 --id-offset 0 --create-lookup 0 --sequence-overlap 0 --sequence-split-mode 1 --headers-split-mode 0 --chain-alignments 0 --merge-query 1 --search-type 0 --start-sens 4 --sens-steps 1 --prefilter-mode 0 --exhaustive-search 0 --exhaustive-search-filter 0 --strand 1 --lca-search 0 --disk-space-limit 0 --force-reuse 0 --remove-tmp-files 1 --metaeuk-eval 0.001 --metaeuk-tcov 0.5 --max-intron 130000 --min-intron 5 --min-exon-aa 15 --max-overlap 15 --max-exon-sets 1 --set-gap-open -1 --set-gap-extend -1 --reverse-fragments 0 

Create directory /share/project/mieke/fdog_neighbor_regions/output_debug_tmp_searchtool/XP_037025795_1_LOC119067126_337/tmp/BRAAL_1260807_1//metaeuk
easy-predict /share/project/mieke/fdog_neighbor_regions/output_debug_tmp_searchtool/XP_037025795_1_LOC119067126_337/tmp/BRAAL_1260807_1/JBLNJJ010000484.1_1.fasta /share/gluster/NOTLOESUNG/freya/uniref100/uniref100 /share/project/mieke/fdog_neighbor_regions/output_debug_tmp_searchtool/XP_037025795_1_LOC119067126_337/tmp/BRAAL_1260807_1/JBLNJJ010000484.1_1 /share/project/mieke/fdog_neighbor_regions/output_debug_tmp_searchtool/XP_037025795_1_LOC119067126_337/tmp/BRAAL_1260807_1//metaeuk --max-intron 130000 --max-seq-len 160000 --min-exon-aa 15 --max-overlap 15 --min-intron 5 --overlap 1 -s 6 --split 0 --remove-tmp-files 

MMseqs Version:                                             	7.bba0d80
Substitution matrix                                         	aa:blosum62.out,nucl:nucleotide.out
Add backtrace                                               	false
Alignment mode                                              	2
Alignment mode                                              	0
Allow wrapped scoring                                       	false
E-value threshold                                           	100
Seq. id. threshold                                          	0
Min alignment length                                        	0
Seq. id. mode                                               	0
Alternative alignments                                      	0
Coverage threshold                                          	0
Coverage mode                                               	0
Max sequence length                                         	160000
Compositional bias                                          	1
Compositional bias                                          	1
Max reject                                                  	2147483647
Max accept                                                  	2147483647
Include identical seq. id.                                  	false
Preload mode                                                	0
Pseudo count a                                              	substitution:1.100,context:1.400
Pseudo count b                                              	substitution:4.100,context:5.800
Score bias                                                  	0
Realign hits                                                	false
Realign score bias                                          	-0.2
Realign max seqs                                            	2147483647
Correlation score weight                                    	0
Gap open cost                                               	aa:11,nucl:5
Gap extension cost                                          	aa:1,nucl:2
Zdrop                                                       	40
Threads                                                     	24
Compressed                                                  	0
Verbosity                                                   	3
Seed substitution matrix                                    	aa:VTML80.out,nucl:nucleotide.out
Sensitivity                                                 	6
k-mer length                                                	0
Target search mode                                          	0
k-score                                                     	seq:2147483647,prof:2147483647
Alphabet size                                               	aa:21,nucl:5
Max results per query                                       	300
Split database                                              	0
Split mode                                                  	2
Split memory limit                                          	0
Diagonal scoring                                            	true
Exact k-mer matching                                        	0
Mask residues                                               	1
Mask residues probability                                   	0.9
Mask lower case residues                                    	0
Minimum diagonal score                                      	15
Selected taxa                                               	
Spaced k-mers                                               	1
Spaced k-mer pattern                                        	
Local temporary path                                        	
Rescore mode                                                	0
Remove hits by seq. id. and coverage                        	false
Sort results                                                	0
Mask profile                                                	1
Profile E-value threshold                                   	0.001
Global sequence weighting                                   	false
Allow deletions                                             	false
Filter MSA                                                  	1
Use filter only at N seqs                                   	0
Maximum seq. id. threshold                                  	0.9
Minimum seq. id.                                            	0.0
Minimum score per column                                    	-20
Minimum coverage                                            	0
Select N most diverse seqs                                  	1000
Pseudo count mode                                           	0
Min codons in orf                                           	15
Max codons in length                                        	32734
Max orf gaps                                                	2147483647
Contig start mode                                           	2
Contig end mode                                             	2
Orf start mode                                              	1
Forward frames                                              	1,2,3
Reverse frames                                              	1,2,3
Translation table                                           	1
Translate orf                                               	0
Use all table starts                                        	false
Offset of numeric ids                                       	0
Create lookup                                               	0
Overlap between sequences                                   	0
Sequence split mode                                         	1
Header split mode                                           	0
Chain overlapping alignments                                	0
Merge query                                                 	1
Search type                                                 	0
Start sensitivity                                           	4
Search steps                                                	1
Prefilter mode                                              	0
Exhaustive search mode                                      	false
Filter results during exhaustive search                     	0
Strand selection                                            	1
LCA search mode                                             	false
Disk space limit                                            	0
MPI runner                                                  	
Force restart with latest tmp                               	false
Remove temporary files                                      	true
maximal combined evalue of an optimal set                   	0.001
minimal length ratio between combined optimal set and target	0.5
Maximal intron length                                       	130000
Minimal intron length                                       	5
Minimal exon length aa                                      	15
Maximal overlap of exons                                    	15
Maximal number of exon sets                                 	1
Gap open penalty                                            	-1
Gap extend penalty                                          	-1
Reverse AA Fragments                                        	0
allow same-strand overlaps                                  	1
translate codons to AAs                                     	0
write target key instead of accession                       	0
write fragment contig coords                                	0
length to scan for start codon                              	0

extractorfs /share/project/mieke/fdog_neighbor_regions/output_debug_tmp_searchtool/XP_037025795_1_LOC119067126_337/tmp/BRAOC_1260802_1/metaeuk/16972724140392947310/contigs /share/project/mieke/fdog_neighbor_regions/output_debug_tmp_searchtool/XP_037025795_1_LOC119067126_337/tmp/BRAOC_1260802_1/metaeuk/16972724140392947310/tmp_predict/11476552227543680755/nucl_6f --min-length 15 --max-length 32734 --max-gaps 2147483647 --contig-start-mode 2 --contig-end-mode 2 --orf-start-mode 1 --forward-frames 1,2,3 --reverse-frames 1,2,3 --translation-table 1 --translate 0 --use-all-table-starts 0 --id-offset 0 --create-lookup 0 --threads 24 --compressed 0 -v 3 

[=================================================================Create directory /share/project/mieke/fdog_neighbor_regions/output_debug_tmp_searchtool/XP_037025795_1_LOC119067126_337/tmp/BRAPE_1817611_1//metaeuk
easy-predict /share/project/mieke/fdog_neighbor_regions/output_debug_tmp_searchtool/XP_037025795_1_LOC119067126_337/tmp/BRAPE_1817611_1/JBDOHP010000230.1_1.fasta /share/gluster/NOTLOESUNG/freya/uniref100/uniref100 /share/project/mieke/fdog_neighbor_regions/output_debug_tmp_searchtool/XP_037025795_1_LOC119067126_337/tmp/BRAPE_1817611_1/JBDOHP010000230.1_1 /share/project/mieke/fdog_neighbor_regions/output_debug_tmp_searchtool/XP_037025795_1_LOC119067126_337/tmp/BRAPE_1817611_1//metaeuk --max-intron 130000 --max-seq-len 160000 --min-exon-aa 15 --max-overlap 15 --min-intron 5 --overlap 1 -s 6 --split 0 --remove-tmp-files 

MMseqs Version:                                             	7.bba0d80
Substitution matrix                                         	aa:blosum62.out,nucl:nucleotide.out
Add backtrace                                               	false
Alignment mode                                              	2
Alignment mode                                              	0
Allow wrapped scoring                                       	false
E-value threshold                                           	100
Seq. id. threshold                                          	0
Min alignment length                                        	0
Seq. id. mode                                               	0
Alternative alignments                                      	0
Coverage threshold                                          	0
Coverage mode                                               	0
Max sequence length                                         	160000
Compositional bias                                          	1
Compositional bias                                          	1
Max reject                                                  	2147483647
Max accept                                                  	2147483647
Include identical seq. id.                                  	false
Preload mode                                                	0
Pseudo count a                                              	substitution:1.100,context:1.400
Pseudo count b                                              	substitution:4.100,context:5.800
Score bias                                                  	0
Realign hits                                                	false
Realign score bias                                          	-0.2
Realign max seqs                                            	2147483647
Correlation score weight                                    	0
Gap open cost                                               	aa:11,nucl:5
Gap extension cost                                          	aa:1,nucl:2
Zdrop                                                       	40
Threads                                                     	24
Compressed                                                  	0
Verbosity                                                   	3
Seed substitution matrix                                    	aa:VTML80.out,nucl:nucleotide.out
Sensitivity                                                 	6
k-mer length                                                	0
Target search mode                                          	0
k-score                                                     	seq:2147483647,prof:2147483647
Alphabet size                                               	aa:21,nucl:5
Max results per query                                       	300
Split database                                              	0
Split mode                                                  	2
Split memory limit                                          	0
Diagonal scoring                                            	true
Exact k-mer matching                                        	0
Mask residues                                               	1
Mask residues probability                                   	0.9
Mask lower case residues                                    	0
Minimum diagonal score                                      	15
Selected taxa                                               	
Spaced k-mers                                               	1
Spaced k-mer pattern                                        	
Local temporary path                                        	
Rescore mode                                                	0
Remove hits by seq. id. and coverage                        	false
Sort results                                                	0
Mask profile                                                	1
Profile E-value threshold                                   	0.001
Global sequence weighting                                   	false
Allow deletions                                             	false
Filter MSA                                                  	1
Use filter only at N seqs                                   	0
Maximum seq. id. threshold                                  	0.9
Minimum seq. id.                                            	0.0
Minimum score per column                                    	-20
Minimum coverage                                            	0
Select N most diverse seqs                                  	1000
Pseudo count mode                                           	0
Min codons in orf                                           	15
Max codons in length                                        	32734
Max orf gaps                                                	2147483647
Contig start mode                                           	2
Contig end mode                                             	2
Orf start mode                                              	1
Forward frames                                              	1,2,3
Reverse frames                                              	1,2,3
Translation table                                           	1
Translate orf                                               	0
Use all table starts                                        	false
Offset of numeric ids                                       	0
Create lookup                                               	0
Overlap between sequences                                   	0
Sequence split mode                                         	1
Header split mode                                           	0
Chain overlapping alignments                                	0
Merge query                                                 	1
Search type                                                 	0
Start sensitivity                                           	4
Search steps                                                	1
Prefilter mode                                              	0
Exhaustive search mode                                      	false
Filter results during exhaustive search                     	0
Strand selection                                            	1
LCA search mode                                             	false
Disk space limit                                            	0
MPI runner                                                  	
Force restart with latest tmp                               	false
Remove temporary files                                      	true
maximal combined evalue of an optimal set                   	0.001
minimal length ratio between combined optimal set and target	0.5
Maximal intron length                                       	130000
Minimal intron length                                       	5
Minimal exon length aa                                      	15
Maximal overlap of exons                                    	15
Maximal number of exon sets                                 	1
Gap open penalty                                            	-1
Gap extend penalty                                          	-1
Reverse AA Fragments                                        	0
allow same-strand overlaps                                  	1
translate codons to AAs                                     	0
write target key instead of accession                       	0
write fragment contig coords                                	0
length to scan for start codon                              	0

] 1 0s 4ms
Time for merging to nucl_6f_h: 0h 0m 0s 156ms
Time for merging to nucl_6f: 0h 0m 0s 169ms
Time for processing: 0h 0m 0s 951ms
translatenucs /share/project/mieke/fdog_neighbor_regions/output_debug_tmp_searchtool/XP_037025795_1_LOC119067126_337/tmp/BRAOC_1260802_1/metaeuk/16972724140392947310/tmp_predict/11476552227543680755/nucl_6f /share/project/mieke/fdog_neighbor_regions/output_debug_tmp_searchtool/XP_037025795_1_LOC119067126_337/tmp/BRAOC_1260802_1/metaeuk/16972724140392947310/tmp_predict/11476552227543680755/aa_6f --translation-table 1 --add-orf-stop 0 -v 3 --compressed 0 --threads 24 

[=================================================================createdb /share/project/mieke/fdog_neighbor_regions/output_debug_tmp_searchtool/XP_037025795_1_LOC119067126_337/tmp/BRAAL_1260807_1/JBLNJJ010000484.1_1.fasta /share/project/mieke/fdog_neighbor_regions/output_debug_tmp_searchtool/XP_037025795_1_LOC119067126_337/tmp/BRAAL_1260807_1//metaeuk/10078747753898946709/contigs --dbtype 2 --compressed 0 -v 3 

Converting sequences
[
Time for merging to contigs_h: 0h 0m 0s 144ms
Time for merging to contigs: 0h 0m 0s 186ms
Database type: Nucleotide
Time for processing: 0h 0m 0s 954ms
Create directory /share/project/mieke/fdog_neighbor_regions/output_debug_tmp_searchtool/XP_037025795_1_LOC119067126_337/tmp/BRAAL_1260807_1//metaeuk/10078747753898946709/tmp_predict
predictexons /share/project/mieke/fdog_neighbor_regions/output_debug_tmp_searchtool/XP_037025795_1_LOC119067126_337/tmp/BRAAL_1260807_1//metaeuk/10078747753898946709/contigs /share/gluster/NOTLOESUNG/freya/uniref100/uniref100 /share/project/mieke/fdog_neighbor_regions/output_debug_tmp_searchtool/XP_037025795_1_LOC119067126_337/tmp/BRAAL_1260807_1//metaeuk/10078747753898946709/MetaEuk_calls /share/project/mieke/fdog_neighbor_regions/output_debug_tmp_searchtool/XP_037025795_1_LOC119067126_337/tmp/BRAAL_1260807_1//metaeuk/10078747753898946709/tmp_predict --sub-mat 'aa:blosum62.out,nucl:nucleotide.out' -a 0 --alignment-mode 2 --alignment-output-mode 0 --wrapped-scoring 0 -e 100 --min-seq-id 0 --min-aln-len 0 --seq-id-mode 0 --alt-ali 0 -c 0 --cov-mode 0 --max-seq-len 160000 --comp-bias-corr 1 --comp-bias-corr-scale 1 --max-rejected 2147483647 --max-accept 2147483647 --add-self-matches 0 --db-load-mode 0 --pca substitution:1.100,context:1.400 --pcb substitution:4.100,context:5.800 --score-bias 0 --realign 0 --realign-score-bias -0.2 --realign-max-seqs 2147483647 --corr-score-weight 0 --gap-open aa:11,nucl:5 --gap-extend aa:1,nucl:2 --zdrop 40 --threads 24 --compressed 0 -v 3 --seed-sub-mat 'aa:VTML80.out,nucl:nucleotide.out' -s 6 -k 0 --target-search-mode 0 --k-score seq:2147483647,prof:2147483647 --alph-size aa:21,nucl:5 --max-seqs 300 --split 0 --split-mode 2 --split-memory-limit 0 --diag-score 1 --exact-kmer-matching 0 --mask 1 --mask-prob 0.9 --mask-lower-case 0 --min-ungapped-score 15 --spaced-kmer-mode 1 --rescore-mode 0 --filter-hits 0 --sort-results 0 --mask-profile 1 --e-profile 0.001 --wg 0 --allow-deletion 0 --filter-msa 1 --filter-min-enable 0 --max-seq-id 0.9 --qid '0.0' --qsc -20 --cov 0 --diff 1000 --pseudo-cnt-mode 0 --min-length 15 --max-length 32734 --max-gaps 2147483647 --contig-start-mode 2 --contig-end-mode 2 --orf-start-mode 1 --forward-frames 1,2,3 --reverse-frames 1,2,3 --translation-table 1 --translate 0 --use-all-table-starts 0 --id-offset 0 --create-lookup 0 --sequence-overlap 0 --sequence-split-mode 1 --headers-split-mode 0 --chain-alignments 0 --merge-query 1 --search-type 0 --start-sens 4 --sens-steps 1 --prefilter-mode 0 --exhaustive-search 0 --exhaustive-search-filter 0 --strand 1 --lca-search 0 --disk-space-limit 0 --force-reuse 0 --remove-tmp-files 1 --metaeuk-eval 0.001 --metaeuk-tcov 0.5 --max-intron 130000 --min-intron 5 --min-exon-aa 15 --max-overlap 15 --max-exon-sets 1 --set-gap-open -1 --set-gap-extend -1 --reverse-fragments 0 

] 601 0s 3ms
Time for merging to aa_6f: 0h 0m 0s 169ms
Time for processing: 0h 0m 0s 564ms
Create directory /share/project/mieke/fdog_neighbor_regions/output_debug_tmp_searchtool/XP_037025795_1_LOC119067126_337/tmp/BRAOC_1260802_1/metaeuk/16972724140392947310/tmp_predict/11476552227543680755/tmp_search
search /share/project/mieke/fdog_neighbor_regions/output_debug_tmp_searchtool/XP_037025795_1_LOC119067126_337/tmp/BRAOC_1260802_1/metaeuk/16972724140392947310/tmp_predict/11476552227543680755/aa_6f /share/gluster/NOTLOESUNG/freya/uniref100/uniref100 /share/project/mieke/fdog_neighbor_regions/output_debug_tmp_searchtool/XP_037025795_1_LOC119067126_337/tmp/BRAOC_1260802_1/metaeuk/16972724140392947310/tmp_predict/11476552227543680755/search_res /share/project/mieke/fdog_neighbor_regions/output_debug_tmp_searchtool/XP_037025795_1_LOC119067126_337/tmp/BRAOC_1260802_1/metaeuk/16972724140392947310/tmp_predict/11476552227543680755/tmp_search --sub-mat 'aa:blosum62.out,nucl:nucleotide.out' -a 0 --alignment-mode 2 --alignment-output-mode 0 --wrapped-scoring 0 -e 100 --min-seq-id 0 --min-aln-len 15 --seq-id-mode 0 --alt-ali 0 -c 0 --cov-mode 0 --max-seq-len 160000 --comp-bias-corr 1 --comp-bias-corr-scale 1 --max-rejected 2147483647 --max-accept 2147483647 --add-self-matches 0 --db-load-mode 0 --pca substitution:1.100,context:1.400 --pcb substitution:4.100,context:5.800 --score-bias 0 --realign 0 --realign-score-bias -0.2 --realign-max-seqs 2147483647 --corr-score-weight 0 --gap-open aa:11,nucl:5 --gap-extend aa:1,nucl:2 --zdrop 40 --threads 24 --compressed 0 -v 3 --seed-sub-mat 'aa:VTML80.out,nucl:nucleotide.out' -s 6 -k 0 --target-search-mode 0 --k-score seq:2147483647,prof:2147483647 --alph-size aa:21,nucl:5 --max-seqs 300 --split 0 --split-mode 2 --split-memory-limit 0 --diag-score 1 --exact-kmer-matching 0 --mask 1 --mask-prob 0.9 --mask-lower-case 0 --min-ungapped-score 15 --spaced-kmer-mode 1 --rescore-mode 0 --filter-hits 0 --sort-results 0 --mask-profile 1 --e-profile 0.001 --wg 0 --allow-deletion 0 --filter-msa 1 --filter-min-enable 0 --max-seq-id 0.9 --qid '0.0' --qsc -20 --cov 0 --diff 1000 --pseudo-cnt-mode 0 --min-length 15 --max-length 32734 --max-gaps 2147483647 --contig-start-mode 2 --contig-end-mode 2 --orf-start-mode 1 --forward-frames 1,2,3 --reverse-frames 1,2,3 --translation-table 1 --translate 0 --use-all-table-starts 0 --id-offset 0 --create-lookup 0 --add-orf-stop 0 --sequence-overlap 0 --sequence-split-mode 1 --headers-split-mode 0 --chain-alignments 0 --merge-query 1 --search-type 0 --num-iterations 1 --start-sens 4 --sens-steps 1 --prefilter-mode 0 --exhaustive-search 0 --exhaustive-search-filter 0 --strand 1 --lca-search 0 --disk-space-limit 0 --force-reuse 0 --remove-tmp-files 1 



extractorfs /share/project/mieke/fdog_neighbor_regions/output_debug_tmp_searchtool/XP_037025795_1_LOC119067126_337/tmp/BRAAL_1260807_1/metaeuk/10078747753898946709/contigs /share/project/mieke/fdog_neighbor_regions/output_debug_tmp_searchtool/XP_037025795_1_LOC119067126_337/tmp/BRAAL_1260807_1/metaeuk/10078747753898946709/tmp_predict/7620687135383569618/nucl_6f --min-length 15 --max-length 32734 --max-gaps 2147483647 --contig-start-mode 2 --contig-end-mode 2 --orf-start-mode 1 --forward-frames 1,2,3 --reverse-frames 1,2,3 --translation-table 1 --translate 0 --use-all-table-starts 0 --id-offset 0 --create-lookup 0 --threads 24 --compressed 0 -v 3 

[=================================================================createdb /share/project/mieke/fdog_neighbor_regions/output_debug_tmp_searchtool/XP_037025795_1_LOC119067126_337/tmp/BRAPE_1817611_1/JBDOHP010000230.1_1.fasta /share/project/mieke/fdog_neighbor_regions/output_debug_tmp_searchtool/XP_037025795_1_LOC119067126_337/tmp/BRAPE_1817611_1//metaeuk/15540036900659711523/contigs --dbtype 2 --compressed 0 -v 3 

Converting sequences
[
Time for merging to contigs_h: 0h 0m 0s 153ms
Time for merging to contigs: 0h 0m 0s 564ms
Database type: Nucleotide
Time for processing: 0h 0m 1s 306ms
Create directory /share/project/mieke/fdog_neighbor_regions/output_debug_tmp_searchtool/XP_037025795_1_LOC119067126_337/tmp/BRAPE_1817611_1//metaeuk/15540036900659711523/tmp_predict
predictexons /share/project/mieke/fdog_neighbor_regions/output_debug_tmp_searchtool/XP_037025795_1_LOC119067126_337/tmp/BRAPE_1817611_1//metaeuk/15540036900659711523/contigs /share/gluster/NOTLOESUNG/freya/uniref100/uniref100 /share/project/mieke/fdog_neighbor_regions/output_debug_tmp_searchtool/XP_037025795_1_LOC119067126_337/tmp/BRAPE_1817611_1//metaeuk/15540036900659711523/MetaEuk_calls /share/project/mieke/fdog_neighbor_regions/output_debug_tmp_searchtool/XP_037025795_1_LOC119067126_337/tmp/BRAPE_1817611_1//metaeuk/15540036900659711523/tmp_predict --sub-mat 'aa:blosum62.out,nucl:nucleotide.out' -a 0 --alignment-mode 2 --alignment-output-mode 0 --wrapped-scoring 0 -e 100 --min-seq-id 0 --min-aln-len 0 --seq-id-mode 0 --alt-ali 0 -c 0 --cov-mode 0 --max-seq-len 160000 --comp-bias-corr 1 --comp-bias-corr-scale 1 --max-rejected 2147483647 --max-accept 2147483647 --add-self-matches 0 --db-load-mode 0 --pca substitution:1.100,context:1.400 --pcb substitution:4.100,context:5.800 --score-bias 0 --realign 0 --realign-score-bias -0.2 --realign-max-seqs 2147483647 --corr-score-weight 0 --gap-open aa:11,nucl:5 --gap-extend aa:1,nucl:2 --zdrop 40 --threads 24 --compressed 0 -v 3 --seed-sub-mat 'aa:VTML80.out,nucl:nucleotide.out' -s 6 -k 0 --target-search-mode 0 --k-score seq:2147483647,prof:2147483647 --alph-size aa:21,nucl:5 --max-seqs 300 --split 0 --split-mode 2 --split-memory-limit 0 --diag-score 1 --exact-kmer-matching 0 --mask 1 --mask-prob 0.9 --mask-lower-case 0 --min-ungapped-score 15 --spaced-kmer-mode 1 --rescore-mode 0 --filter-hits 0 --sort-results 0 --mask-profile 1 --e-profile 0.001 --wg 0 --allow-deletion 0 --filter-msa 1 --filter-min-enable 0 --max-seq-id 0.9 --qid '0.0' --qsc -20 --cov 0 --diff 1000 --pseudo-cnt-mode 0 --min-length 15 --max-length 32734 --max-gaps 2147483647 --contig-start-mode 2 --contig-end-mode 2 --orf-start-mode 1 --forward-frames 1,2,3 --reverse-frames 1,2,3 --translation-table 1 --translate 0 --use-all-table-starts 0 --id-offset 0 --create-lookup 0 --sequence-overlap 0 --sequence-split-mode 1 --headers-split-mode 0 --chain-alignments 0 --merge-query 1 --search-type 0 --start-sens 4 --sens-steps 1 --prefilter-mode 0 --exhaustive-search 0 --exhaustive-search-filter 0 --strand 1 --lca-search 0 --disk-space-limit 0 --force-reuse 0 --remove-tmp-files 1 --metaeuk-eval 0.001 --metaeuk-tcov 0.5 --max-intron 130000 --min-intron 5 --min-exon-aa 15 --max-overlap 15 --max-exon-sets 1 --set-gap-open -1 --set-gap-extend -1 --reverse-fragments 0 

] 1 0s 16ms
Time for merging to nucl_6f_h: 0h 0m 0s 147ms
Time for merging to nucl_6f: 0h 0m 0s 218ms
Time for processing: 0h 0m 1s 173ms
extractorfs /share/project/mieke/fdog_neighbor_regions/output_debug_tmp_searchtool/XP_037025795_1_LOC119067126_337/tmp/BRAPE_1817611_1/metaeuk/15540036900659711523/contigs /share/project/mieke/fdog_neighbor_regions/output_debug_tmp_searchtool/XP_037025795_1_LOC119067126_337/tmp/BRAPE_1817611_1/metaeuk/15540036900659711523/tmp_predict/3636317735807985382/nucl_6f --min-length 15 --max-length 32734 --max-gaps 2147483647 --contig-start-mode 2 --contig-end-mode 2 --orf-start-mode 1 --forward-frames 1,2,3 --reverse-frames 1,2,3 --translation-table 1 --translate 0 --use-all-table-starts 0 --id-offset 0 --create-lookup 0 --threads 24 --compressed 0 -v 3 

[=================================================================translatenucs /share/project/mieke/fdog_neighbor_regions/output_debug_tmp_searchtool/XP_037025795_1_LOC119067126_337/tmp/BRAAL_1260807_1/metaeuk/10078747753898946709/tmp_predict/7620687135383569618/nucl_6f /share/project/mieke/fdog_neighbor_regions/output_debug_tmp_searchtool/XP_037025795_1_LOC119067126_337/tmp/BRAAL_1260807_1/metaeuk/10078747753898946709/tmp_predict/7620687135383569618/aa_6f --translation-table 1 --add-orf-stop 0 -v 3 --compressed 0 --threads 24 

[=================================================================] 1.30K 0s 7ms
Time for merging to aa_6f: 0h 0m 0s 144ms
Time for processing: 0h 0m 0s 382ms
Create directory /share/project/mieke/fdog_neighbor_regions/output_debug_tmp_searchtool/XP_037025795_1_LOC119067126_337/tmp/BRAAL_1260807_1/metaeuk/10078747753898946709/tmp_predict/7620687135383569618/tmp_search
search /share/project/mieke/fdog_neighbor_regions/output_debug_tmp_searchtool/XP_037025795_1_LOC119067126_337/tmp/BRAAL_1260807_1/metaeuk/10078747753898946709/tmp_predict/7620687135383569618/aa_6f /share/gluster/NOTLOESUNG/freya/uniref100/uniref100 /share/project/mieke/fdog_neighbor_regions/output_debug_tmp_searchtool/XP_037025795_1_LOC119067126_337/tmp/BRAAL_1260807_1/metaeuk/10078747753898946709/tmp_predict/7620687135383569618/search_res /share/project/mieke/fdog_neighbor_regions/output_debug_tmp_searchtool/XP_037025795_1_LOC119067126_337/tmp/BRAAL_1260807_1/metaeuk/10078747753898946709/tmp_predict/7620687135383569618/tmp_search --sub-mat 'aa:blosum62.out,nucl:nucleotide.out' -a 0 --alignment-mode 2 --alignment-output-mode 0 --wrapped-scoring 0 -e 100 --min-seq-id 0 --min-aln-len 15 --seq-id-mode 0 --alt-ali 0 -c 0 --cov-mode 0 --max-seq-len 160000 --comp-bias-corr 1 --comp-bias-corr-scale 1 --max-rejected 2147483647 --max-accept 2147483647 --add-self-matches 0 --db-load-mode 0 --pca substitution:1.100,context:1.400 --pcb substitution:4.100,context:5.800 --score-bias 0 --realign 0 --realign-score-bias -0.2 --realign-max-seqs 2147483647 --corr-score-weight 0 --gap-open aa:11,nucl:5 --gap-extend aa:1,nucl:2 --zdrop 40 --threads 24 --compressed 0 -v 3 --seed-sub-mat 'aa:VTML80.out,nucl:nucleotide.out' -s 6 -k 0 --target-search-mode 0 --k-score seq:2147483647,prof:2147483647 --alph-size aa:21,nucl:5 --max-seqs 300 --split 0 --split-mode 2 --split-memory-limit 0 --diag-score 1 --exact-kmer-matching 0 --mask 1 --mask-prob 0.9 --mask-lower-case 0 --min-ungapped-score 15 --spaced-kmer-mode 1 --rescore-mode 0 --filter-hits 0 --sort-results 0 --mask-profile 1 --e-profile 0.001 --wg 0 --allow-deletion 0 --filter-msa 1 --filter-min-enable 0 --max-seq-id 0.9 --qid '0.0' --qsc -20 --cov 0 --diff 1000 --pseudo-cnt-mode 0 --min-length 15 --max-length 32734 --max-gaps 2147483647 --contig-start-mode 2 --contig-end-mode 2 --orf-start-mode 1 --forward-frames 1,2,3 --reverse-frames 1,2,3 --translation-table 1 --translate 0 --use-all-table-starts 0 --id-offset 0 --create-lookup 0 --add-orf-stop 0 --sequence-overlap 0 --sequence-split-mode 1 --headers-split-mode 0 --chain-alignments 0 --merge-query 1 --search-type 0 --num-iterations 1 --start-sens 4 --sens-steps 1 --prefilter-mode 0 --exhaustive-search 0 --exhaustive-search-filter 0 --strand 1 --lca-search 0 --disk-space-limit 0 --force-reuse 0 --remove-tmp-files 1 



] 1 0s 13ms
Time for merging to nucl_6f_h: 0h 0m 0s 138ms
Time for merging to nucl_6f: 0h 0m 0s 177ms
Time for processing: 0h 0m 0s 883ms
translatenucs /share/project/mieke/fdog_neighbor_regions/output_debug_tmp_searchtool/XP_037025795_1_LOC119067126_337/tmp/BRAPE_1817611_1/metaeuk/15540036900659711523/tmp_predict/3636317735807985382/nucl_6f /share/project/mieke/fdog_neighbor_regions/output_debug_tmp_searchtool/XP_037025795_1_LOC119067126_337/tmp/BRAPE_1817611_1/metaeuk/15540036900659711523/tmp_predict/3636317735807985382/aa_6f --translation-table 1 --add-orf-stop 0 -v 3 --compressed 0 --threads 24 

[=================================================================] 1.17K 0s 8ms
Time for merging to aa_6f: 0h 0m 0s 148ms
Time for processing: 0h 0m 0s 311ms
Create directory /share/project/mieke/fdog_neighbor_regions/output_debug_tmp_searchtool/XP_037025795_1_LOC119067126_337/tmp/BRAPE_1817611_1/metaeuk/15540036900659711523/tmp_predict/3636317735807985382/tmp_search
search /share/project/mieke/fdog_neighbor_regions/output_debug_tmp_searchtool/XP_037025795_1_LOC119067126_337/tmp/BRAPE_1817611_1/metaeuk/15540036900659711523/tmp_predict/3636317735807985382/aa_6f /share/gluster/NOTLOESUNG/freya/uniref100/uniref100 /share/project/mieke/fdog_neighbor_regions/output_debug_tmp_searchtool/XP_037025795_1_LOC119067126_337/tmp/BRAPE_1817611_1/metaeuk/15540036900659711523/tmp_predict/3636317735807985382/search_res /share/project/mieke/fdog_neighbor_regions/output_debug_tmp_searchtool/XP_037025795_1_LOC119067126_337/tmp/BRAPE_1817611_1/metaeuk/15540036900659711523/tmp_predict/3636317735807985382/tmp_search --sub-mat 'aa:blosum62.out,nucl:nucleotide.out' -a 0 --alignment-mode 2 --alignment-output-mode 0 --wrapped-scoring 0 -e 100 --min-seq-id 0 --min-aln-len 15 --seq-id-mode 0 --alt-ali 0 -c 0 --cov-mode 0 --max-seq-len 160000 --comp-bias-corr 1 --comp-bias-corr-scale 1 --max-rejected 2147483647 --max-accept 2147483647 --add-self-matches 0 --db-load-mode 0 --pca substitution:1.100,context:1.400 --pcb substitution:4.100,context:5.800 --score-bias 0 --realign 0 --realign-score-bias -0.2 --realign-max-seqs 2147483647 --corr-score-weight 0 --gap-open aa:11,nucl:5 --gap-extend aa:1,nucl:2 --zdrop 40 --threads 24 --compressed 0 -v 3 --seed-sub-mat 'aa:VTML80.out,nucl:nucleotide.out' -s 6 -k 0 --target-search-mode 0 --k-score seq:2147483647,prof:2147483647 --alph-size aa:21,nucl:5 --max-seqs 300 --split 0 --split-mode 2 --split-memory-limit 0 --diag-score 1 --exact-kmer-matching 0 --mask 1 --mask-prob 0.9 --mask-lower-case 0 --min-ungapped-score 15 --spaced-kmer-mode 1 --rescore-mode 0 --filter-hits 0 --sort-results 0 --mask-profile 1 --e-profile 0.001 --wg 0 --allow-deletion 0 --filter-msa 1 --filter-min-enable 0 --max-seq-id 0.9 --qid '0.0' --qsc -20 --cov 0 --diff 1000 --pseudo-cnt-mode 0 --min-length 15 --max-length 32734 --max-gaps 2147483647 --contig-start-mode 2 --contig-end-mode 2 --orf-start-mode 1 --forward-frames 1,2,3 --reverse-frames 1,2,3 --translation-table 1 --translate 0 --use-all-table-starts 0 --id-offset 0 --create-lookup 0 --add-orf-stop 0 --sequence-overlap 0 --sequence-split-mode 1 --headers-split-mode 0 --chain-alignments 0 --merge-query 1 --search-type 0 --num-iterations 1 --start-sens 4 --sens-steps 1 --prefilter-mode 0 --exhaustive-search 0 --exhaustive-search-filter 0 --strand 1 --lca-search 0 --disk-space-limit 0 --force-reuse 0 --remove-tmp-files 1 

Create directory /share/project/mieke/fdog_neighbor_regions/output_debug_tmp_searchtool/XP_037025795_1_LOC119067126_337/tmp/PSEHY_35572_1//metaeuk
easy-predict /share/project/mieke/fdog_neighbor_regions/output_debug_tmp_searchtool/XP_037025795_1_LOC119067126_337/tmp/PSEHY_35572_1/CM055406.1_1.fasta /share/gluster/NOTLOESUNG/freya/uniref100/uniref100 /share/project/mieke/fdog_neighbor_regions/output_debug_tmp_searchtool/XP_037025795_1_LOC119067126_337/tmp/PSEHY_35572_1/CM055406.1_1 /share/project/mieke/fdog_neighbor_regions/output_debug_tmp_searchtool/XP_037025795_1_LOC119067126_337/tmp/PSEHY_35572_1//metaeuk --max-intron 130000 --max-seq-len 160000 --min-exon-aa 15 --max-overlap 15 --min-intron 5 --overlap 1 -s 6 --split 0 --remove-tmp-files 

MMseqs Version:                                             	7.bba0d80
Substitution matrix                                         	aa:blosum62.out,nucl:nucleotide.out
Add backtrace                                               	false
Alignment mode                                              	2
Alignment mode                                              	0
Allow wrapped scoring                                       	false
E-value threshold                                           	100
Seq. id. threshold                                          	0
Min alignment length                                        	0
Seq. id. mode                                               	0
Alternative alignments                                      	0
Coverage threshold                                          	0
Coverage mode                                               	0
Max sequence length                                         	160000
Compositional bias                                          	1
Compositional bias                                          	1
Max reject                                                  	2147483647
Max accept                                                  	2147483647
Include identical seq. id.                                  	false
Preload mode                                                	0
Pseudo count a                                              	substitution:1.100,context:1.400
Pseudo count b                                              	substitution:4.100,context:5.800
Score bias                                                  	0
Realign hits                                                	false
Realign score bias                                          	-0.2
Realign max seqs                                            	2147483647
Correlation score weight                                    	0
Gap open cost                                               	aa:11,nucl:5
Gap extension cost                                          	aa:1,nucl:2
Zdrop                                                       	40
Threads                                                     	24
Compressed                                                  	0
Verbosity                                                   	3
Seed substitution matrix                                    	aa:VTML80.out,nucl:nucleotide.out
Sensitivity                                                 	6
k-mer length                                                	0
Target search mode                                          	0
k-score                                                     	seq:2147483647,prof:2147483647
Alphabet size                                               	aa:21,nucl:5
Max results per query                                       	300
Split database                                              	0
Split mode                                                  	2
Split memory limit                                          	0
Diagonal scoring                                            	true
Exact k-mer matching                                        	0
Mask residues                                               	1
Mask residues probability                                   	0.9
Mask lower case residues                                    	0
Minimum diagonal score                                      	15
Selected taxa                                               	
Spaced k-mers                                               	1
Spaced k-mer pattern                                        	
Local temporary path                                        	
Rescore mode                                                	0
Remove hits by seq. id. and coverage                        	false
Sort results                                                	0
Mask profile                                                	1
Profile E-value threshold                                   	0.001
Global sequence weighting                                   	false
Allow deletions                                             	false
Filter MSA                                                  	1
Use filter only at N seqs                                   	0
Maximum seq. id. threshold                                  	0.9
Minimum seq. id.                                            	0.0
Minimum score per column                                    	-20
Minimum coverage                                            	0
Select N most diverse seqs                                  	1000
Pseudo count mode                                           	0
Min codons in orf                                           	15
Max codons in length                                        	32734
Max orf gaps                                                	2147483647
Contig start mode                                           	2
Contig end mode                                             	2
Orf start mode                                              	1
Forward frames                                              	1,2,3
Reverse frames                                              	1,2,3
Translation table                                           	1
Translate orf                                               	0
Use all table starts                                        	false
Offset of numeric ids                                       	0
Create lookup                                               	0
Overlap between sequences                                   	0
Sequence split mode                                         	1
Header split mode                                           	0
Chain overlapping alignments                                	0
Merge query                                                 	1
Search type                                                 	0
Start sensitivity                                           	4
Search steps                                                	1
Prefilter mode                                              	0
Exhaustive search mode                                      	false
Filter results during exhaustive search                     	0
Strand selection                                            	1
LCA search mode                                             	false
Disk space limit                                            	0
MPI runner                                                  	
Force restart with latest tmp                               	false
Remove temporary files                                      	true
maximal combined evalue of an optimal set                   	0.001
minimal length ratio between combined optimal set and target	0.5
Maximal intron length                                       	130000
Minimal intron length                                       	5
Minimal exon length aa                                      	15
Maximal overlap of exons                                    	15
Maximal number of exon sets                                 	1
Gap open penalty                                            	-1
Gap extend penalty                                          	-1
Reverse AA Fragments                                        	0
allow same-strand overlaps                                  	1
translate codons to AAs                                     	0
write target key instead of accession                       	0
write fragment contig coords                                	0
length to scan for start codon                              	0

Create directory /share/project/mieke/fdog_neighbor_regions/output_debug_tmp_searchtool/XP_037025795_1_LOC119067126_337/tmp/BRACO_1817600_1//metaeuk
easy-predict /share/project/mieke/fdog_neighbor_regions/output_debug_tmp_searchtool/XP_037025795_1_LOC119067126_337/tmp/BRACO_1817600_1/JBDOHQ010010591.1_1.fasta /share/gluster/NOTLOESUNG/freya/uniref100/uniref100 /share/project/mieke/fdog_neighbor_regions/output_debug_tmp_searchtool/XP_037025795_1_LOC119067126_337/tmp/BRACO_1817600_1/JBDOHQ010010591.1_1 /share/project/mieke/fdog_neighbor_regions/output_debug_tmp_searchtool/XP_037025795_1_LOC119067126_337/tmp/BRACO_1817600_1//metaeuk --max-intron 130000 --max-seq-len 160000 --min-exon-aa 15 --max-overlap 15 --min-intron 5 --overlap 1 -s 6 --split 0 --remove-tmp-files 

MMseqs Version:                                             	7.bba0d80
Substitution matrix                                         	aa:blosum62.out,nucl:nucleotide.out
Add backtrace                                               	false
Alignment mode                                              	2
Alignment mode                                              	0
Allow wrapped scoring                                       	false
E-value threshold                                           	100
Seq. id. threshold                                          	0
Min alignment length                                        	0
Seq. id. mode                                               	0
Alternative alignments                                      	0
Coverage threshold                                          	0
Coverage mode                                               	0
Max sequence length                                         	160000
Compositional bias                                          	1
Compositional bias                                          	1
Max reject                                                  	2147483647
Max accept                                                  	2147483647
Include identical seq. id.                                  	false
Preload mode                                                	0
Pseudo count a                                              	substitution:1.100,context:1.400
Pseudo count b                                              	substitution:4.100,context:5.800
Score bias                                                  	0
Realign hits                                                	false
Realign score bias                                          	-0.2
Realign max seqs                                            	2147483647
Correlation score weight                                    	0
Gap open cost                                               	aa:11,nucl:5
Gap extension cost                                          	aa:1,nucl:2
Zdrop                                                       	40
Threads                                                     	24
Compressed                                                  	0
Verbosity                                                   	3
Seed substitution matrix                                    	aa:VTML80.out,nucl:nucleotide.out
Sensitivity                                                 	6
k-mer length                                                	0
Target search mode                                          	0
k-score                                                     	seq:2147483647,prof:2147483647
Alphabet size                                               	aa:21,nucl:5
Max results per query                                       	300
Split database                                              	0
Split mode                                                  	2
Split memory limit                                          	0
Diagonal scoring                                            	true
Exact k-mer matching                                        	0
Mask residues                                               	1
Mask residues probability                                   	0.9
Mask lower case residues                                    	0
Minimum diagonal score                                      	15
Selected taxa                                               	
Spaced k-mers                                               	1
Spaced k-mer pattern                                        	
Local temporary path                                        	
Rescore mode                                                	0
Remove hits by seq. id. and coverage                        	false
Sort results                                                	0
Mask profile                                                	1
Profile E-value threshold                                   	0.001
Global sequence weighting                                   	false
Allow deletions                                             	false
Filter MSA                                                  	1
Use filter only at N seqs                                   	0
Maximum seq. id. threshold                                  	0.9
Minimum seq. id.                                            	0.0
Minimum score per column                                    	-20
Minimum coverage                                            	0
Select N most diverse seqs                                  	1000
Pseudo count mode                                           	0
Min codons in orf                                           	15
Max codons in length                                        	32734
Max orf gaps                                                	2147483647
Contig start mode                                           	2
Contig end mode                                             	2
Orf start mode                                              	1
Forward frames                                              	1,2,3
Reverse frames                                              	1,2,3
Translation table                                           	1
Translate orf                                               	0
Use all table starts                                        	false
Offset of numeric ids                                       	0
Create lookup                                               	0
Overlap between sequences                                   	0
Sequence split mode                                         	1
Header split mode                                           	0
Chain overlapping alignments                                	0
Merge query                                                 	1
Search type                                                 	0
Start sensitivity                                           	4
Search steps                                                	1
Prefilter mode                                              	0
Exhaustive search mode                                      	false
Filter results during exhaustive search                     	0
Strand selection                                            	1
LCA search mode                                             	false
Disk space limit                                            	0
MPI runner                                                  	
Force restart with latest tmp                               	false
Remove temporary files                                      	true
maximal combined evalue of an optimal set                   	0.001
minimal length ratio between combined optimal set and target	0.5
Maximal intron length                                       	130000
Minimal intron length                                       	5
Minimal exon length aa                                      	15
Maximal overlap of exons                                    	15
Maximal number of exon sets                                 	1
Gap open penalty                                            	-1
Gap extend penalty                                          	-1
Reverse AA Fragments                                        	0
allow same-strand overlaps                                  	1
translate codons to AAs                                     	0
write target key instead of accession                       	0
write fragment contig coords                                	0
length to scan for start codon                              	0

createdb /share/project/mieke/fdog_neighbor_regions/output_debug_tmp_searchtool/XP_037025795_1_LOC119067126_337/tmp/PSEHY_35572_1/CM055406.1_1.fasta /share/project/mieke/fdog_neighbor_regions/output_debug_tmp_searchtool/XP_037025795_1_LOC119067126_337/tmp/PSEHY_35572_1//metaeuk/9603624909444621333/contigs --dbtype 2 --compressed 0 -v 3 

Converting sequences
[
Time for merging to contigs_h: 0h 0m 0s 317ms
Time for merging to contigs: 0h 0m 0s 212ms
Database type: Nucleotide
Time for processing: 0h 0m 1s 61ms
Create directory /share/project/mieke/fdog_neighbor_regions/output_debug_tmp_searchtool/XP_037025795_1_LOC119067126_337/tmp/PSEHY_35572_1//metaeuk/9603624909444621333/tmp_predict
predictexons /share/project/mieke/fdog_neighbor_regions/output_debug_tmp_searchtool/XP_037025795_1_LOC119067126_337/tmp/PSEHY_35572_1//metaeuk/9603624909444621333/contigs /share/gluster/NOTLOESUNG/freya/uniref100/uniref100 /share/project/mieke/fdog_neighbor_regions/output_debug_tmp_searchtool/XP_037025795_1_LOC119067126_337/tmp/PSEHY_35572_1//metaeuk/9603624909444621333/MetaEuk_calls /share/project/mieke/fdog_neighbor_regions/output_debug_tmp_searchtool/XP_037025795_1_LOC119067126_337/tmp/PSEHY_35572_1//metaeuk/9603624909444621333/tmp_predict --sub-mat 'aa:blosum62.out,nucl:nucleotide.out' -a 0 --alignment-mode 2 --alignment-output-mode 0 --wrapped-scoring 0 -e 100 --min-seq-id 0 --min-aln-len 0 --seq-id-mode 0 --alt-ali 0 -c 0 --cov-mode 0 --max-seq-len 160000 --comp-bias-corr 1 --comp-bias-corr-scale 1 --max-rejected 2147483647 --max-accept 2147483647 --add-self-matches 0 --db-load-mode 0 --pca substitution:1.100,context:1.400 --pcb substitution:4.100,context:5.800 --score-bias 0 --realign 0 --realign-score-bias -0.2 --realign-max-seqs 2147483647 --corr-score-weight 0 --gap-open aa:11,nucl:5 --gap-extend aa:1,nucl:2 --zdrop 40 --threads 24 --compressed 0 -v 3 --seed-sub-mat 'aa:VTML80.out,nucl:nucleotide.out' -s 6 -k 0 --target-search-mode 0 --k-score seq:2147483647,prof:2147483647 --alph-size aa:21,nucl:5 --max-seqs 300 --split 0 --split-mode 2 --split-memory-limit 0 --diag-score 1 --exact-kmer-matching 0 --mask 1 --mask-prob 0.9 --mask-lower-case 0 --min-ungapped-score 15 --spaced-kmer-mode 1 --rescore-mode 0 --filter-hits 0 --sort-results 0 --mask-profile 1 --e-profile 0.001 --wg 0 --allow-deletion 0 --filter-msa 1 --filter-min-enable 0 --max-seq-id 0.9 --qid '0.0' --qsc -20 --cov 0 --diff 1000 --pseudo-cnt-mode 0 --min-length 15 --max-length 32734 --max-gaps 2147483647 --contig-start-mode 2 --contig-end-mode 2 --orf-start-mode 1 --forward-frames 1,2,3 --reverse-frames 1,2,3 --translation-table 1 --translate 0 --use-all-table-starts 0 --id-offset 0 --create-lookup 0 --sequence-overlap 0 --sequence-split-mode 1 --headers-split-mode 0 --chain-alignments 0 --merge-query 1 --search-type 0 --start-sens 4 --sens-steps 1 --prefilter-mode 0 --exhaustive-search 0 --exhaustive-search-filter 0 --strand 1 --lca-search 0 --disk-space-limit 0 --force-reuse 0 --remove-tmp-files 1 --metaeuk-eval 0.001 --metaeuk-tcov 0.5 --max-intron 130000 --min-intron 5 --min-exon-aa 15 --max-overlap 15 --max-exon-sets 1 --set-gap-open -1 --set-gap-extend -1 --reverse-fragments 0 

createdb /share/project/mieke/fdog_neighbor_regions/output_debug_tmp_searchtool/XP_037025795_1_LOC119067126_337/tmp/BRACO_1817600_1/JBDOHQ010010591.1_1.fasta /share/project/mieke/fdog_neighbor_regions/output_debug_tmp_searchtool/XP_037025795_1_LOC119067126_337/tmp/BRACO_1817600_1//metaeuk/6930353880715372441/contigs --dbtype 2 --compressed 0 -v 3 

Converting sequences
[
Time for merging to contigs_h: 0h 0m 0s 163ms
Time for merging to contigs: 0h 0m 0s 143ms
Database type: Nucleotide
Time for processing: 0h 0m 0s 840ms
Create directory /share/project/mieke/fdog_neighbor_regions/output_debug_tmp_searchtool/XP_037025795_1_LOC119067126_337/tmp/BRACO_1817600_1//metaeuk/6930353880715372441/tmp_predict
predictexons /share/project/mieke/fdog_neighbor_regions/output_debug_tmp_searchtool/XP_037025795_1_LOC119067126_337/tmp/BRACO_1817600_1//metaeuk/6930353880715372441/contigs /share/gluster/NOTLOESUNG/freya/uniref100/uniref100 /share/project/mieke/fdog_neighbor_regions/output_debug_tmp_searchtool/XP_037025795_1_LOC119067126_337/tmp/BRACO_1817600_1//metaeuk/6930353880715372441/MetaEuk_calls /share/project/mieke/fdog_neighbor_regions/output_debug_tmp_searchtool/XP_037025795_1_LOC119067126_337/tmp/BRACO_1817600_1//metaeuk/6930353880715372441/tmp_predict --sub-mat 'aa:blosum62.out,nucl:nucleotide.out' -a 0 --alignment-mode 2 --alignment-output-mode 0 --wrapped-scoring 0 -e 100 --min-seq-id 0 --min-aln-len 0 --seq-id-mode 0 --alt-ali 0 -c 0 --cov-mode 0 --max-seq-len 160000 --comp-bias-corr 1 --comp-bias-corr-scale 1 --max-rejected 2147483647 --max-accept 2147483647 --add-self-matches 0 --db-load-mode 0 --pca substitution:1.100,context:1.400 --pcb substitution:4.100,context:5.800 --score-bias 0 --realign 0 --realign-score-bias -0.2 --realign-max-seqs 2147483647 --corr-score-weight 0 --gap-open aa:11,nucl:5 --gap-extend aa:1,nucl:2 --zdrop 40 --threads 24 --compressed 0 -v 3 --seed-sub-mat 'aa:VTML80.out,nucl:nucleotide.out' -s 6 -k 0 --target-search-mode 0 --k-score seq:2147483647,prof:2147483647 --alph-size aa:21,nucl:5 --max-seqs 300 --split 0 --split-mode 2 --split-memory-limit 0 --diag-score 1 --exact-kmer-matching 0 --mask 1 --mask-prob 0.9 --mask-lower-case 0 --min-ungapped-score 15 --spaced-kmer-mode 1 --rescore-mode 0 --filter-hits 0 --sort-results 0 --mask-profile 1 --e-profile 0.001 --wg 0 --allow-deletion 0 --filter-msa 1 --filter-min-enable 0 --max-seq-id 0.9 --qid '0.0' --qsc -20 --cov 0 --diff 1000 --pseudo-cnt-mode 0 --min-length 15 --max-length 32734 --max-gaps 2147483647 --contig-start-mode 2 --contig-end-mode 2 --orf-start-mode 1 --forward-frames 1,2,3 --reverse-frames 1,2,3 --translation-table 1 --translate 0 --use-all-table-starts 0 --id-offset 0 --create-lookup 0 --sequence-overlap 0 --sequence-split-mode 1 --headers-split-mode 0 --chain-alignments 0 --merge-query 1 --search-type 0 --start-sens 4 --sens-steps 1 --prefilter-mode 0 --exhaustive-search 0 --exhaustive-search-filter 0 --strand 1 --lca-search 0 --disk-space-limit 0 --force-reuse 0 --remove-tmp-files 1 --metaeuk-eval 0.001 --metaeuk-tcov 0.5 --max-intron 130000 --min-intron 5 --min-exon-aa 15 --max-overlap 15 --max-exon-sets 1 --set-gap-open -1 --set-gap-extend -1 --reverse-fragments 0 

extractorfs /share/project/mieke/fdog_neighbor_regions/output_debug_tmp_searchtool/XP_037025795_1_LOC119067126_337/tmp/PSEHY_35572_1/metaeuk/9603624909444621333/contigs /share/project/mieke/fdog_neighbor_regions/output_debug_tmp_searchtool/XP_037025795_1_LOC119067126_337/tmp/PSEHY_35572_1/metaeuk/9603624909444621333/tmp_predict/16156196015101051229/nucl_6f --min-length 15 --max-length 32734 --max-gaps 2147483647 --contig-start-mode 2 --contig-end-mode 2 --orf-start-mode 1 --forward-frames 1,2,3 --reverse-frames 1,2,3 --translation-table 1 --translate 0 --use-all-table-starts 0 --id-offset 0 --create-lookup 0 --threads 24 --compressed 0 -v 3 

[=================================================================extractorfs /share/project/mieke/fdog_neighbor_regions/output_debug_tmp_searchtool/XP_037025795_1_LOC119067126_337/tmp/BRACO_1817600_1/metaeuk/6930353880715372441/contigs /share/project/mieke/fdog_neighbor_regions/output_debug_tmp_searchtool/XP_037025795_1_LOC119067126_337/tmp/BRACO_1817600_1/metaeuk/6930353880715372441/tmp_predict/1373099542380568404/nucl_6f --min-length 15 --max-length 32734 --max-gaps 2147483647 --contig-start-mode 2 --contig-end-mode 2 --orf-start-mode 1 --forward-frames 1,2,3 --reverse-frames 1,2,3 --translation-table 1 --translate 0 --use-all-table-starts 0 --id-offset 0 --create-lookup 0 --threads 24 --compressed 0 -v 3 

[=================================================================] 1 0s 51ms
Time for merging to nucl_6f_h: 0h 0m 0s 100ms
Time for merging to nucl_6f: 0h 0m 0s 119ms
Time for processing: 0h 0m 0s 663ms
translatenucs /share/project/mieke/fdog_neighbor_regions/output_debug_tmp_searchtool/XP_037025795_1_LOC119067126_337/tmp/PSEHY_35572_1/metaeuk/9603624909444621333/tmp_predict/16156196015101051229/nucl_6f /share/project/mieke/fdog_neighbor_regions/output_debug_tmp_searchtool/XP_037025795_1_LOC119067126_337/tmp/PSEHY_35572_1/metaeuk/9603624909444621333/tmp_predict/16156196015101051229/aa_6f --translation-table 1 --add-orf-stop 0 -v 3 --compressed 0 --threads 24 

[=================================================================] 1 0s 13ms
Time for merging to nucl_6f_h: 0h 0m 0s 105ms
Time for merging to nucl_6f: 0h 0m 0s 127ms
Time for processing: 0h 0m 0s 569ms
] 1.77K 0s 3ms
Time for merging to aa_6f: 0h 0m 0s 141ms
Time for processing: 0h 0m 0s 279ms
Create directory /share/project/mieke/fdog_neighbor_regions/output_debug_tmp_searchtool/XP_037025795_1_LOC119067126_337/tmp/PSEHY_35572_1/metaeuk/9603624909444621333/tmp_predict/16156196015101051229/tmp_search
search /share/project/mieke/fdog_neighbor_regions/output_debug_tmp_searchtool/XP_037025795_1_LOC119067126_337/tmp/PSEHY_35572_1/metaeuk/9603624909444621333/tmp_predict/16156196015101051229/aa_6f /share/gluster/NOTLOESUNG/freya/uniref100/uniref100 /share/project/mieke/fdog_neighbor_regions/output_debug_tmp_searchtool/XP_037025795_1_LOC119067126_337/tmp/PSEHY_35572_1/metaeuk/9603624909444621333/tmp_predict/16156196015101051229/search_res /share/project/mieke/fdog_neighbor_regions/output_debug_tmp_searchtool/XP_037025795_1_LOC119067126_337/tmp/PSEHY_35572_1/metaeuk/9603624909444621333/tmp_predict/16156196015101051229/tmp_search --sub-mat 'aa:blosum62.out,nucl:nucleotide.out' -a 0 --alignment-mode 2 --alignment-output-mode 0 --wrapped-scoring 0 -e 100 --min-seq-id 0 --min-aln-len 15 --seq-id-mode 0 --alt-ali 0 -c 0 --cov-mode 0 --max-seq-len 160000 --comp-bias-corr 1 --comp-bias-corr-scale 1 --max-rejected 2147483647 --max-accept 2147483647 --add-self-matches 0 --db-load-mode 0 --pca substitution:1.100,context:1.400 --pcb substitution:4.100,context:5.800 --score-bias 0 --realign 0 --realign-score-bias -0.2 --realign-max-seqs 2147483647 --corr-score-weight 0 --gap-open aa:11,nucl:5 --gap-extend aa:1,nucl:2 --zdrop 40 --threads 24 --compressed 0 -v 3 --seed-sub-mat 'aa:VTML80.out,nucl:nucleotide.out' -s 6 -k 0 --target-search-mode 0 --k-score seq:2147483647,prof:2147483647 --alph-size aa:21,nucl:5 --max-seqs 300 --split 0 --split-mode 2 --split-memory-limit 0 --diag-score 1 --exact-kmer-matching 0 --mask 1 --mask-prob 0.9 --mask-lower-case 0 --min-ungapped-score 15 --spaced-kmer-mode 1 --rescore-mode 0 --filter-hits 0 --sort-results 0 --mask-profile 1 --e-profile 0.001 --wg 0 --allow-deletion 0 --filter-msa 1 --filter-min-enable 0 --max-seq-id 0.9 --qid '0.0' --qsc -20 --cov 0 --diff 1000 --pseudo-cnt-mode 0 --min-length 15 --max-length 32734 --max-gaps 2147483647 --contig-start-mode 2 --contig-end-mode 2 --orf-start-mode 1 --forward-frames 1,2,3 --reverse-frames 1,2,3 --translation-table 1 --translate 0 --use-all-table-starts 0 --id-offset 0 --create-lookup 0 --add-orf-stop 0 --sequence-overlap 0 --sequence-split-mode 1 --headers-split-mode 0 --chain-alignments 0 --merge-query 1 --search-type 0 --num-iterations 1 --start-sens 4 --sens-steps 1 --prefilter-mode 0 --exhaustive-search 0 --exhaustive-search-filter 0 --strand 1 --lca-search 0 --disk-space-limit 0 --force-reuse 0 --remove-tmp-files 1 

Create directory /share/project/mieke/fdog_neighbor_regions/output_debug_tmp_searchtool/XP_037025795_1_LOC119067126_337/tmp/BRADE_3151524_1//metaeuk
easy-predict /share/project/mieke/fdog_neighbor_regions/output_debug_tmp_searchtool/XP_037025795_1_LOC119067126_337/tmp/BRADE_3151524_1/JBDOHO010098890.1_1.fasta /share/gluster/NOTLOESUNG/freya/uniref100/uniref100 /share/project/mieke/fdog_neighbor_regions/output_debug_tmp_searchtool/XP_037025795_1_LOC119067126_337/tmp/BRADE_3151524_1/JBDOHO010098890.1_1 /share/project/mieke/fdog_neighbor_regions/output_debug_tmp_searchtool/XP_037025795_1_LOC119067126_337/tmp/BRADE_3151524_1//metaeuk --max-intron 130000 --max-seq-len 160000 --min-exon-aa 15 --max-overlap 15 --min-intron 5 --overlap 1 -s 6 --split 0 --remove-tmp-files 

MMseqs Version:                                             	7.bba0d80
Substitution matrix                                         	aa:blosum62.out,nucl:nucleotide.out
Add backtrace                                               	false
Alignment mode                                              	2
Alignment mode                                              	0
Allow wrapped scoring                                       	false
E-value threshold                                           	100
Seq. id. threshold                                          	0
Min alignment length                                        	0
Seq. id. mode                                               	0
Alternative alignments                                      	0
Coverage threshold                                          	0
Coverage mode                                               	0
Max sequence length                                         	160000
Compositional bias                                          	1
Compositional bias                                          	1
Max reject                                                  	2147483647
Max accept                                                  	2147483647
Include identical seq. id.                                  	false
Preload mode                                                	0
Pseudo count a                                              	substitution:1.100,context:1.400
Pseudo count b                                              	substitution:4.100,context:5.800
Score bias                                                  	0
Realign hits                                                	false
Realign score bias                                          	-0.2
Realign max seqs                                            	2147483647
Correlation score weight                                    	0
Gap open cost                                               	aa:11,nucl:5
Gap extension cost                                          	aa:1,nucl:2
Zdrop                                                       	40
Threads                                                     	24
Compressed                                                  	0
Verbosity                                                   	3
Seed substitution matrix                                    	aa:VTML80.out,nucl:nucleotide.out
Sensitivity                                                 	6
k-mer length                                                	0
Target search mode                                          	0
k-score                                                     	seq:2147483647,prof:2147483647
Alphabet size                                               	aa:21,nucl:5
Max results per query                                       	300
Split database                                              	0
Split mode                                                  	2
Split memory limit                                          	0
Diagonal scoring                                            	true
Exact k-mer matching                                        	0
Mask residues                                               	1
Mask residues probability                                   	0.9
Mask lower case residues                                    	0
Minimum diagonal score                                      	15
Selected taxa                                               	
Spaced k-mers                                               	1
Spaced k-mer pattern                                        	
Local temporary path                                        	
Rescore mode                                                	0
Remove hits by seq. id. and coverage                        	false
Sort results                                                	0
Mask profile                                                	1
Profile E-value threshold                                   	0.001
Global sequence weighting                                   	false
Allow deletions                                             	false
Filter MSA                                                  	1
Use filter only at N seqs                                   	0
Maximum seq. id. threshold                                  	0.9
Minimum seq. id.                                            	0.0
Minimum score per column                                    	-20
Minimum coverage                                            	0
Select N most diverse seqs                                  	1000
Pseudo count mode                                           	0
Min codons in orf                                           	15
Max codons in length                                        	32734
Max orf gaps                                                	2147483647
Contig start mode                                           	2
Contig end mode                                             	2
Orf start mode                                              	1
Forward frames                                              	1,2,3
Reverse frames                                              	1,2,3
Translation table                                           	1
Translate orf                                               	0
Use all table starts                                        	false
Offset of numeric ids                                       	0
Create lookup                                               	0
Overlap between sequences                                   	0
Sequence split mode                                         	1
Header split mode                                           	0
Chain overlapping alignments                                	0
Merge query                                                 	1
Search type                                                 	0
Start sensitivity                                           	4
Search steps                                                	1
Prefilter mode                                              	0
Exhaustive search mode                                      	false
Filter results during exhaustive search                     	0
Strand selection                                            	1
LCA search mode                                             	false
Disk space limit                                            	0
MPI runner                                                  	
Force restart with latest tmp                               	false
Remove temporary files                                      	true
maximal combined evalue of an optimal set                   	0.001
minimal length ratio between combined optimal set and target	0.5
Maximal intron length                                       	130000
Minimal intron length                                       	5
Minimal exon length aa                                      	15
Maximal overlap of exons                                    	15
Maximal number of exon sets                                 	1
Gap open penalty                                            	-1
Gap extend penalty                                          	-1
Reverse AA Fragments                                        	0
allow same-strand overlaps                                  	1
translate codons to AAs                                     	0
write target key instead of accession                       	0
write fragment contig coords                                	0
length to scan for start codon                              	0

translatenucs /share/project/mieke/fdog_neighbor_regions/output_debug_tmp_searchtool/XP_037025795_1_LOC119067126_337/tmp/BRACO_1817600_1/metaeuk/6930353880715372441/tmp_predict/1373099542380568404/nucl_6f /share/project/mieke/fdog_neighbor_regions/output_debug_tmp_searchtool/XP_037025795_1_LOC119067126_337/tmp/BRACO_1817600_1/metaeuk/6930353880715372441/tmp_predict/1373099542380568404/aa_6f --translation-table 1 --add-orf-stop 0 -v 3 --compressed 0 --threads 24 

[=================================================================] 269 0s 7ms
Time for merging to aa_6f: 0h 0m 0s 107ms
Time for processing: 0h 0m 0s 405ms
Create directory /share/project/mieke/fdog_neighbor_regions/output_debug_tmp_searchtool/XP_037025795_1_LOC119067126_337/tmp/BRACO_1817600_1/metaeuk/6930353880715372441/tmp_predict/1373099542380568404/tmp_search
search /share/project/mieke/fdog_neighbor_regions/output_debug_tmp_searchtool/XP_037025795_1_LOC119067126_337/tmp/BRACO_1817600_1/metaeuk/6930353880715372441/tmp_predict/1373099542380568404/aa_6f /share/gluster/NOTLOESUNG/freya/uniref100/uniref100 /share/project/mieke/fdog_neighbor_regions/output_debug_tmp_searchtool/XP_037025795_1_LOC119067126_337/tmp/BRACO_1817600_1/metaeuk/6930353880715372441/tmp_predict/1373099542380568404/search_res /share/project/mieke/fdog_neighbor_regions/output_debug_tmp_searchtool/XP_037025795_1_LOC119067126_337/tmp/BRACO_1817600_1/metaeuk/6930353880715372441/tmp_predict/1373099542380568404/tmp_search --sub-mat 'aa:blosum62.out,nucl:nucleotide.out' -a 0 --alignment-mode 2 --alignment-output-mode 0 --wrapped-scoring 0 -e 100 --min-seq-id 0 --min-aln-len 15 --seq-id-mode 0 --alt-ali 0 -c 0 --cov-mode 0 --max-seq-len 160000 --comp-bias-corr 1 --comp-bias-corr-scale 1 --max-rejected 2147483647 --max-accept 2147483647 --add-self-matches 0 --db-load-mode 0 --pca substitution:1.100,context:1.400 --pcb substitution:4.100,context:5.800 --score-bias 0 --realign 0 --realign-score-bias -0.2 --realign-max-seqs 2147483647 --corr-score-weight 0 --gap-open aa:11,nucl:5 --gap-extend aa:1,nucl:2 --zdrop 40 --threads 24 --compressed 0 -v 3 --seed-sub-mat 'aa:VTML80.out,nucl:nucleotide.out' -s 6 -k 0 --target-search-mode 0 --k-score seq:2147483647,prof:2147483647 --alph-size aa:21,nucl:5 --max-seqs 300 --split 0 --split-mode 2 --split-memory-limit 0 --diag-score 1 --exact-kmer-matching 0 --mask 1 --mask-prob 0.9 --mask-lower-case 0 --min-ungapped-score 15 --spaced-kmer-mode 1 --rescore-mode 0 --filter-hits 0 --sort-results 0 --mask-profile 1 --e-profile 0.001 --wg 0 --allow-deletion 0 --filter-msa 1 --filter-min-enable 0 --max-seq-id 0.9 --qid '0.0' --qsc -20 --cov 0 --diff 1000 --pseudo-cnt-mode 0 --min-length 15 --max-length 32734 --max-gaps 2147483647 --contig-start-mode 2 --contig-end-mode 2 --orf-start-mode 1 --forward-frames 1,2,3 --reverse-frames 1,2,3 --translation-table 1 --translate 0 --use-all-table-starts 0 --id-offset 0 --create-lookup 0 --add-orf-stop 0 --sequence-overlap 0 --sequence-split-mode 1 --headers-split-mode 0 --chain-alignments 0 --merge-query 1 --search-type 0 --num-iterations 1 --start-sens 4 --sens-steps 1 --prefilter-mode 0 --exhaustive-search 0 --exhaustive-search-filter 0 --strand 1 --lca-search 0 --disk-space-limit 0 --force-reuse 0 --remove-tmp-files 1 

createdb /share/project/mieke/fdog_neighbor_regions/output_debug_tmp_searchtool/XP_037025795_1_LOC119067126_337/tmp/BRADE_3151524_1/JBDOHO010098890.1_1.fasta /share/project/mieke/fdog_neighbor_regions/output_debug_tmp_searchtool/XP_037025795_1_LOC119067126_337/tmp/BRADE_3151524_1//metaeuk/5663617992599581858/contigs --dbtype 2 --compressed 0 -v 3 

Converting sequences
[
Time for merging to contigs_h: 0h 0m 0s 191ms
Time for merging to contigs: 0h 0m 0s 190ms
Database type: Nucleotide
Time for processing: 0h 0m 0s 967ms
Create directory /share/project/mieke/fdog_neighbor_regions/output_debug_tmp_searchtool/XP_037025795_1_LOC119067126_337/tmp/BRADE_3151524_1//metaeuk/5663617992599581858/tmp_predict
predictexons /share/project/mieke/fdog_neighbor_regions/output_debug_tmp_searchtool/XP_037025795_1_LOC119067126_337/tmp/BRADE_3151524_1//metaeuk/5663617992599581858/contigs /share/gluster/NOTLOESUNG/freya/uniref100/uniref100 /share/project/mieke/fdog_neighbor_regions/output_debug_tmp_searchtool/XP_037025795_1_LOC119067126_337/tmp/BRADE_3151524_1//metaeuk/5663617992599581858/MetaEuk_calls /share/project/mieke/fdog_neighbor_regions/output_debug_tmp_searchtool/XP_037025795_1_LOC119067126_337/tmp/BRADE_3151524_1//metaeuk/5663617992599581858/tmp_predict --sub-mat 'aa:blosum62.out,nucl:nucleotide.out' -a 0 --alignment-mode 2 --alignment-output-mode 0 --wrapped-scoring 0 -e 100 --min-seq-id 0 --min-aln-len 0 --seq-id-mode 0 --alt-ali 0 -c 0 --cov-mode 0 --max-seq-len 160000 --comp-bias-corr 1 --comp-bias-corr-scale 1 --max-rejected 2147483647 --max-accept 2147483647 --add-self-matches 0 --db-load-mode 0 --pca substitution:1.100,context:1.400 --pcb substitution:4.100,context:5.800 --score-bias 0 --realign 0 --realign-score-bias -0.2 --realign-max-seqs 2147483647 --corr-score-weight 0 --gap-open aa:11,nucl:5 --gap-extend aa:1,nucl:2 --zdrop 40 --threads 24 --compressed 0 -v 3 --seed-sub-mat 'aa:VTML80.out,nucl:nucleotide.out' -s 6 -k 0 --target-search-mode 0 --k-score seq:2147483647,prof:2147483647 --alph-size aa:21,nucl:5 --max-seqs 300 --split 0 --split-mode 2 --split-memory-limit 0 --diag-score 1 --exact-kmer-matching 0 --mask 1 --mask-prob 0.9 --mask-lower-case 0 --min-ungapped-score 15 --spaced-kmer-mode 1 --rescore-mode 0 --filter-hits 0 --sort-results 0 --mask-profile 1 --e-profile 0.001 --wg 0 --allow-deletion 0 --filter-msa 1 --filter-min-enable 0 --max-seq-id 0.9 --qid '0.0' --qsc -20 --cov 0 --diff 1000 --pseudo-cnt-mode 0 --min-length 15 --max-length 32734 --max-gaps 2147483647 --contig-start-mode 2 --contig-end-mode 2 --orf-start-mode 1 --forward-frames 1,2,3 --reverse-frames 1,2,3 --translation-table 1 --translate 0 --use-all-table-starts 0 --id-offset 0 --create-lookup 0 --sequence-overlap 0 --sequence-split-mode 1 --headers-split-mode 0 --chain-alignments 0 --merge-query 1 --search-type 0 --start-sens 4 --sens-steps 1 --prefilter-mode 0 --exhaustive-search 0 --exhaustive-search-filter 0 --strand 1 --lca-search 0 --disk-space-limit 0 --force-reuse 0 --remove-tmp-files 1 --metaeuk-eval 0.001 --metaeuk-tcov 0.5 --max-intron 130000 --min-intron 5 --min-exon-aa 15 --max-overlap 15 --max-exon-sets 1 --set-gap-open -1 --set-gap-extend -1 --reverse-fragments 0 

extractorfs /share/project/mieke/fdog_neighbor_regions/output_debug_tmp_searchtool/XP_037025795_1_LOC119067126_337/tmp/BRADE_3151524_1/metaeuk/5663617992599581858/contigs /share/project/mieke/fdog_neighbor_regions/output_debug_tmp_searchtool/XP_037025795_1_LOC119067126_337/tmp/BRADE_3151524_1/metaeuk/5663617992599581858/tmp_predict/16218046904517431621/nucl_6f --min-length 15 --max-length 32734 --max-gaps 2147483647 --contig-start-mode 2 --contig-end-mode 2 --orf-start-mode 1 --forward-frames 1,2,3 --reverse-frames 1,2,3 --translation-table 1 --translate 0 --use-all-table-starts 0 --id-offset 0 --create-lookup 0 --threads 24 --compressed 0 -v 3 

[=================================================================] 1 0s 11ms
Time for merging to nucl_6f_h: 0h 0m 0s 134ms
Time for merging to nucl_6f: 0h 0m 0s 182ms
Time for processing: 0h 0m 0s 761ms
translatenucs /share/project/mieke/fdog_neighbor_regions/output_debug_tmp_searchtool/XP_037025795_1_LOC119067126_337/tmp/BRADE_3151524_1/metaeuk/5663617992599581858/tmp_predict/16218046904517431621/nucl_6f /share/project/mieke/fdog_neighbor_regions/output_debug_tmp_searchtool/XP_037025795_1_LOC119067126_337/tmp/BRADE_3151524_1/metaeuk/5663617992599581858/tmp_predict/16218046904517431621/aa_6f --translation-table 1 --add-orf-stop 0 -v 3 --compressed 0 --threads 24 

[=================================================================] 21 0s 4ms
Time for merging to aa_6f: 0h 0m 0s 85ms
Time for processing: 0h 0m 0s 289ms
Create directory /share/project/mieke/fdog_neighbor_regions/output_debug_tmp_searchtool/XP_037025795_1_LOC119067126_337/tmp/BRADE_3151524_1/metaeuk/5663617992599581858/tmp_predict/16218046904517431621/tmp_search
search /share/project/mieke/fdog_neighbor_regions/output_debug_tmp_searchtool/XP_037025795_1_LOC119067126_337/tmp/BRADE_3151524_1/metaeuk/5663617992599581858/tmp_predict/16218046904517431621/aa_6f /share/gluster/NOTLOESUNG/freya/uniref100/uniref100 /share/project/mieke/fdog_neighbor_regions/output_debug_tmp_searchtool/XP_037025795_1_LOC119067126_337/tmp/BRADE_3151524_1/metaeuk/5663617992599581858/tmp_predict/16218046904517431621/search_res /share/project/mieke/fdog_neighbor_regions/output_debug_tmp_searchtool/XP_037025795_1_LOC119067126_337/tmp/BRADE_3151524_1/metaeuk/5663617992599581858/tmp_predict/16218046904517431621/tmp_search --sub-mat 'aa:blosum62.out,nucl:nucleotide.out' -a 0 --alignment-mode 2 --alignment-output-mode 0 --wrapped-scoring 0 -e 100 --min-seq-id 0 --min-aln-len 15 --seq-id-mode 0 --alt-ali 0 -c 0 --cov-mode 0 --max-seq-len 160000 --comp-bias-corr 1 --comp-bias-corr-scale 1 --max-rejected 2147483647 --max-accept 2147483647 --add-self-matches 0 --db-load-mode 0 --pca substitution:1.100,context:1.400 --pcb substitution:4.100,context:5.800 --score-bias 0 --realign 0 --realign-score-bias -0.2 --realign-max-seqs 2147483647 --corr-score-weight 0 --gap-open aa:11,nucl:5 --gap-extend aa:1,nucl:2 --zdrop 40 --threads 24 --compressed 0 -v 3 --seed-sub-mat 'aa:VTML80.out,nucl:nucleotide.out' -s 6 -k 0 --target-search-mode 0 --k-score seq:2147483647,prof:2147483647 --alph-size aa:21,nucl:5 --max-seqs 300 --split 0 --split-mode 2 --split-memory-limit 0 --diag-score 1 --exact-kmer-matching 0 --mask 1 --mask-prob 0.9 --mask-lower-case 0 --min-ungapped-score 15 --spaced-kmer-mode 1 --rescore-mode 0 --filter-hits 0 --sort-results 0 --mask-profile 1 --e-profile 0.001 --wg 0 --allow-deletion 0 --filter-msa 1 --filter-min-enable 0 --max-seq-id 0.9 --qid '0.0' --qsc -20 --cov 0 --diff 1000 --pseudo-cnt-mode 0 --min-length 15 --max-length 32734 --max-gaps 2147483647 --contig-start-mode 2 --contig-end-mode 2 --orf-start-mode 1 --forward-frames 1,2,3 --reverse-frames 1,2,3 --translation-table 1 --translate 0 --use-all-table-starts 0 --id-offset 0 --create-lookup 0 --add-orf-stop 0 --sequence-overlap 0 --sequence-split-mode 1 --headers-split-mode 0 --chain-alignments 0 --merge-query 1 --search-type 0 --num-iterations 1 --start-sens 4 --sens-steps 1 --prefilter-mode 0 --exhaustive-search 0 --exhaustive-search-filter 0 --strand 1 --lca-search 0 --disk-space-limit 0 --force-reuse 0 --remove-tmp-files 1 

Create directory /share/project/mieke/fdog_neighbor_regions/output_debug_tmp_searchtool/XP_037025795_1_LOC119067126_337/tmp/TRISP_1260884_1//metaeuk
easy-predict /share/project/mieke/fdog_neighbor_regions/output_debug_tmp_searchtool/XP_037025795_1_LOC119067126_337/tmp/TRISP_1260884_1/JANVCI010223208.1_1.fasta /share/gluster/NOTLOESUNG/freya/uniref100/uniref100 /share/project/mieke/fdog_neighbor_regions/output_debug_tmp_searchtool/XP_037025795_1_LOC119067126_337/tmp/TRISP_1260884_1/JANVCI010223208.1_1 /share/project/mieke/fdog_neighbor_regions/output_debug_tmp_searchtool/XP_037025795_1_LOC119067126_337/tmp/TRISP_1260884_1//metaeuk --max-intron 130000 --max-seq-len 160000 --min-exon-aa 15 --max-overlap 15 --min-intron 5 --overlap 1 -s 6 --split 0 --remove-tmp-files 

MMseqs Version:                                             	7.bba0d80
Substitution matrix                                         	aa:blosum62.out,nucl:nucleotide.out
Add backtrace                                               	false
Alignment mode                                              	2
Alignment mode                                              	0
Allow wrapped scoring                                       	false
E-value threshold                                           	100
Seq. id. threshold                                          	0
Min alignment length                                        	0
Seq. id. mode                                               	0
Alternative alignments                                      	0
Coverage threshold                                          	0
Coverage mode                                               	0
Max sequence length                                         	160000
Compositional bias                                          	1
Compositional bias                                          	1
Max reject                                                  	2147483647
Max accept                                                  	2147483647
Include identical seq. id.                                  	false
Preload mode                                                	0
Pseudo count a                                              	substitution:1.100,context:1.400
Pseudo count b                                              	substitution:4.100,context:5.800
Score bias                                                  	0
Realign hits                                                	false
Realign score bias                                          	-0.2
Realign max seqs                                            	2147483647
Correlation score weight                                    	0
Gap open cost                                               	aa:11,nucl:5
Gap extension cost                                          	aa:1,nucl:2
Zdrop                                                       	40
Threads                                                     	24
Compressed                                                  	0
Verbosity                                                   	3
Seed substitution matrix                                    	aa:VTML80.out,nucl:nucleotide.out
Sensitivity                                                 	6
k-mer length                                                	0
Target search mode                                          	0
k-score                                                     	seq:2147483647,prof:2147483647
Alphabet size                                               	aa:21,nucl:5
Max results per query                                       	300
Split database                                              	0
Split mode                                                  	2
Split memory limit                                          	0
Diagonal scoring                                            	true
Exact k-mer matching                                        	0
Mask residues                                               	1
Mask residues probability                                   	0.9
Mask lower case residues                                    	0
Minimum diagonal score                                      	15
Selected taxa                                               	
Spaced k-mers                                               	1
Spaced k-mer pattern                                        	
Local temporary path                                        	
Rescore mode                                                	0
Remove hits by seq. id. and coverage                        	false
Sort results                                                	0
Mask profile                                                	1
Profile E-value threshold                                   	0.001
Global sequence weighting                                   	false
Allow deletions                                             	false
Filter MSA                                                  	1
Use filter only at N seqs                                   	0
Maximum seq. id. threshold                                  	0.9
Minimum seq. id.                                            	0.0
Minimum score per column                                    	-20
Minimum coverage                                            	0
Select N most diverse seqs                                  	1000
Pseudo count mode                                           	0
Min codons in orf                                           	15
Max codons in length                                        	32734
Max orf gaps                                                	2147483647
Contig start mode                                           	2
Contig end mode                                             	2
Orf start mode                                              	1
Forward frames                                              	1,2,3
Reverse frames                                              	1,2,3
Translation table                                           	1
Translate orf                                               	0
Use all table starts                                        	false
Offset of numeric ids                                       	0
Create lookup                                               	0
Overlap between sequences                                   	0
Sequence split mode                                         	1
Header split mode                                           	0
Chain overlapping alignments                                	0
Merge query                                                 	1
Search type                                                 	0
Start sensitivity                                           	4
Search steps                                                	1
Prefilter mode                                              	0
Exhaustive search mode                                      	false
Filter results during exhaustive search                     	0
Strand selection                                            	1
LCA search mode                                             	false
Disk space limit                                            	0
MPI runner                                                  	
Force restart with latest tmp                               	false
Remove temporary files                                      	true
maximal combined evalue of an optimal set                   	0.001
minimal length ratio between combined optimal set and target	0.5
Maximal intron length                                       	130000
Minimal intron length                                       	5
Minimal exon length aa                                      	15
Maximal overlap of exons                                    	15
Maximal number of exon sets                                 	1
Gap open penalty                                            	-1
Gap extend penalty                                          	-1
Reverse AA Fragments                                        	0
allow same-strand overlaps                                  	1
translate codons to AAs                                     	0
write target key instead of accession                       	0
write fragment contig coords                                	0
length to scan for starCreate directory /share/project/mieke/fdog_neighbor_regions/output_debug_tmp_searchtool/XP_037025795_1_LOC119067126_337/tmp/PHYFL_1260839_1//metaeuk
easy-predict /share/project/mieke/fdog_neighbor_regions/output_debug_tmp_searchtool/XP_037025795_1_LOC119067126_337/tmp/PHYFL_1260839_1/JANTFA010007453.1_1.fasta /share/gluster/NOTLOESUNG/freya/uniref100/uniref100 /share/project/mieke/fdog_neighbor_regions/output_debug_tmp_searchtool/XP_037025795_1_LOC119067126_337/tmp/PHYFL_1260839_1/JANTFA010007453.1_1 /share/project/mieke/fdog_neighbor_regions/output_debug_tmp_searchtool/XP_037025795_1_LOC119067126_337/tmp/PHYFL_1260839_1//metaeuk --max-intron 130000 --max-seq-len 160000 --min-exon-aa 15 --max-overlap 15 --min-intron 5 --overlap 1 -s 6 --split 0 --remove-tmp-files 

MMseqs Version:                                             	7.bba0d80
Substitution matrix                                         	aa:blosum62.out,nucl:nucleotide.out
Add backtrace                                               	false
Alignment mode                                              	2
Alignment mode                                              	0
Allow wrapped scoring                                       	false
E-value threshold                                           	100
Seq. id. threshold                                          	0
Min alignment length                                        	0
Seq. id. mode                                               	0
Alternative alignments                                      	0
Coverage threshold                                          	0
Coverage mode                                               	0
Max sequence length                                         	160000
Compositional bias                                          	1
Compositional bias                                          	1
Max reject                                                  	2147483647
Max accept                                                  	2147483647
Include identical seq. id.                                  	false
Preload mode                                                	0
Pseudo count a                                              	substitution:1.100,context:1.400
Pseudo count b                                              	substitution:4.100,context:5.800
Score bias                                                  	0
Realign hits                                                	false
Realign score bias                                          	-0.2
Realign max seqs                                            	2147483647
Correlation score weight                                    	0
Gap open cost                                               	aa:11,nucl:5
Gap extension cost                                          	aa:1,nucl:2
Zdrop                                                       	40
Threads                                                     	24
Compressed                                                  	0
Verbosity                                                   	3
Seed substitution matrix                                    	aa:VTML80.out,nucl:nucleotide.out
Sensitivity                                                 	6
k-mer length                                                	0
Target search mode                                          	0
k-score                                                     	seq:2147483647,prof:2147483647
Alphabet size                                               	aa:21,nucl:5
Max results per query                                       	300
Split database                                              	0
Split mode                                                  	2
Split memory limit                                          	0
Diagonal scoring                                            	true
Exact k-mer matching                                        	0
Mask residues                                               	1
Mask residues probability                                   	0.9
Mask lower case residues                                    	0
Minimum diagonal score                                      	15
Selected taxa                                               	
Spaced k-mers                                               	1
Spaced k-mer pattern                                        	
Local temporary path                                        	
Rescore mode                                                	0
Remove hits by seq. id. and coverage                        	false
Sort results                                                	0
Mask profile                                                	1
Profile E-value threshold                                   	0.001
Global sequence weighting                                   	false
Allow deletions                                             	false
Filter MSA                                                  	1
Use filter only at N seqs                                   	0
Maximum seq. id. threshold                                  	0.9
Minimum seq. id.                                            	0.0
Minimum score per column                                    	-20
Minimum coverage                                            	0
Select N most diverse seqs                                  	1000
Pseudo count mode                                           	0
Min codons in orf                                           	15
Max codons in length                                        	32734
Max orf gaps                                                	2147483647
Contig start mode                                           	2
Contig end mode                                             	2
Orf start mode                                              	1
Forward frames                                              	1,2,3
Reverse frames                                              	1,2,3
Translation table                                           	1
Translate orf                                               	0
Use all table starts                                        	false
Offset of numeric ids                                       	0
Create lookup                                               	0
Overlap between sequences                                   	0
Sequence split mode                                         	1
Header split mode                                           	0
Chain overlapping alignments                                	0
Merge query                                                 	1
Search type                                                 	0
Start sensitivity                                           	4
Search steps                                                	1
Prefilter mode                                              	0
Exhaustive search mode                                      	false
Filter results during exhaustive search                     	0
Strand selection                                            	1
LCA search mode                                             	false
Disk space limit                                            	0
MPI runner                                                  	
Force restart with latest tmp                               	false
Remove temporary files                                      	true
maximal combined evalue of an optimal set                   	0.001
minimal length ratio between combined optimal set and target	0.5
Maximal intron length                                       	130000
Minimal intron length                                       	5
Minimal exon length aa                                      	15
Maximal overlap of exons                                    	15
Maximal number of exon sets                                 	1
Gap open penalty                                            	-1
Gap extend penalty                                          	-1
Reverse AA Fragments                                        	0
allow same-strand overlaps                                  	1
translate codons to AAs                                     	0
write target key instead of accession                       	0
write fragment contig coords                                	0
length to scan for start codon                              	0

t codon                              	0

createdb /share/project/mieke/fdog_neighbor_regions/output_debug_tmp_searchtool/XP_037025795_1_LOC119067126_337/tmp/PHYFL_1260839_1/JANTFA010007453.1_1.fasta /share/project/mieke/fdog_neighbor_regions/output_debug_tmp_searchtool/XP_037025795_1_LOC119067126_337/tmp/PHYFL_1260839_1//metaeuk/17441793636276781359/contigs --dbtype 2 --compressed 0 -v 3 

Converting sequences
[
Time for merging to contigs_h: 0h 0m 0s 155ms
Time for merging to contigs: 0h 0m 0s 99ms
Database type: Nucleotide
Time for processing: 0h 0m 0s 542ms
createdb /share/project/mieke/fdog_neighbor_regions/output_debug_tmp_searchtool/XP_037025795_1_LOC119067126_337/tmp/TRISP_1260884_1/JANVCI010223208.1_1.fasta /share/project/mieke/fdog_neighbor_regions/output_debug_tmp_searchtool/XP_037025795_1_LOC119067126_337/tmp/TRISP_1260884_1//metaeuk/16959606317317400203/contigs --dbtype 2 --compressed 0 -v 3 

Converting sequences
[
Time for merging to contigs_h: 0h 0m 0s 161ms
Time for merging to contigs: 0h 0m 0s 106ms
Database type: Nucleotide
Time for processing: 0h 0m 0s 597ms
Create directory /share/project/mieke/fdog_neighbor_regions/output_debug_tmp_searchtool/XP_037025795_1_LOC119067126_337/tmp/PHYFL_1260839_1//metaeuk/17441793636276781359/tmp_predict
predictexons /share/project/mieke/fdog_neighbor_regions/output_debug_tmp_searchtool/XP_037025795_1_LOC119067126_337/tmp/PHYFL_1260839_1//metaeuk/17441793636276781359/contigs /share/gluster/NOTLOESUNG/freya/uniref100/uniref100 /share/project/mieke/fdog_neighbor_regions/output_debug_tmp_searchtool/XP_037025795_1_LOC119067126_337/tmp/PHYFL_1260839_1//metaeuk/17441793636276781359/MetaEuk_calls /share/project/mieke/fdog_neighbor_regions/output_debug_tmp_searchtool/XP_037025795_1_LOC119067126_337/tmp/PHYFL_1260839_1//metaeuk/17441793636276781359/tmp_predict --sub-mat 'aa:blosum62.out,nucl:nucleotide.out' -a 0 --alignment-mode 2 --alignment-output-mode 0 --wrapped-scoring 0 -e 100 --min-seq-id 0 --min-aln-len 0 --seq-id-mode 0 --alt-ali 0 -c 0 --cov-mode 0 --max-seq-len 160000 --comp-bias-corr 1 --comp-bias-corr-scale 1 --max-rejected 2147483647 --max-accept 2147483647 --add-self-matches 0 --db-load-mode 0 --pca substitution:1.100,context:1.400 --pcb substitution:4.100,context:5.800 --score-bias 0 --realign 0 --realign-score-bias -0.2 --realign-max-seqs 2147483647 --corr-score-weight 0 --gap-open aa:11,nucl:5 --gap-extend aa:1,nucl:2 --zdrop 40 --threads 24 --compressed 0 -v 3 --seed-sub-mat 'aa:VTML80.out,nucl:nucleotide.out' -s 6 -k 0 --target-search-mode 0 --k-score seq:2147483647,prof:2147483647 --alph-size aa:21,nucl:5 --max-seqs 300 --split 0 --split-mode 2 --split-memory-limit 0 --diag-score 1 --exact-kmer-matching 0 --mask 1 --mask-prob 0.9 --mask-lower-case 0 --min-ungapped-score 15 --spaced-kmer-mode 1 --rescore-mode 0 --filter-hits 0 --sort-results 0 --mask-profile 1 --e-profile 0.001 --wg 0 --allow-deletion 0 --filter-msa 1 --filter-min-enable 0 --max-seq-id 0.9 --qid '0.0' --qsc -20 --cov 0 --diff 1000 --pseudo-cnt-mode 0 --min-length 15 --max-length 32734 --max-gaps 2147483647 --contig-start-mode 2 --contig-end-mode 2 --orf-start-mode 1 --forward-frames 1,2,3 --reverse-frames 1,2,3 --translation-table 1 --translate 0 --use-all-table-starts 0 --id-offset 0 --create-lookup 0 --sequence-overlap 0 --sequence-split-mode 1 --headers-split-mode 0 --chain-alignments 0 --merge-query 1 --search-type 0 --start-sens 4 --sens-steps 1 --prefilter-mode 0 --exhaustive-search 0 --exhaustive-search-filter 0 --strand 1 --lca-search 0 --disk-space-limit 0 --force-reuse 0 --remove-tmp-files 1 --metaeuk-eval 0.001 --metaeuk-tcov 0.5 --max-intron 130000 --min-intron 5 --min-exon-aa 15 --max-overlap 15 --max-exon-sets 1 --set-gap-open -1 --set-gap-extend -1 --reverse-fragments 0 

Create directory /share/project/mieke/fdog_neighbor_regions/output_debug_tmp_searchtool/XP_037025795_1_LOC119067126_337/tmp/TRISP_1260884_1//metaeuk/16959606317317400203/tmp_predict
predictexons /share/project/mieke/fdog_neighbor_regions/output_debug_tmp_searchtool/XP_037025795_1_LOC119067126_337/tmp/TRISP_1260884_1//metaeuk/16959606317317400203/contigs /share/gluster/NOTLOESUNG/freya/uniref100/uniref100 /share/project/mieke/fdog_neighbor_regions/output_debug_tmp_searchtool/XP_037025795_1_LOC119067126_337/tmp/TRISP_1260884_1//metaeuk/16959606317317400203/MetaEuk_calls /share/project/mieke/fdog_neighbor_regions/output_debug_tmp_searchtool/XP_037025795_1_LOC119067126_337/tmp/TRISP_1260884_1//metaeuk/16959606317317400203/tmp_predict --sub-mat 'aa:blosum62.out,nucl:nucleotide.out' -a 0 --alignment-mode 2 --alignment-output-mode 0 --wrapped-scoring 0 -e 100 --min-seq-id 0 --min-aln-len 0 --seq-id-mode 0 --alt-ali 0 -c 0 --cov-mode 0 --max-seq-len 160000 --comp-bias-corr 1 --comp-bias-corr-scale 1 --max-rejected 2147483647 --max-accept 2147483647 --add-self-matches 0 --db-load-mode 0 --pca substitution:1.100,context:1.400 --pcb substitution:4.100,context:5.800 --score-bias 0 --realign 0 --realign-score-bias -0.2 --realign-max-seqs 2147483647 --corr-score-weight 0 --gap-open aa:11,nucl:5 --gap-extend aa:1,nucl:2 --zdrop 40 --threads 24 --compressed 0 -v 3 --seed-sub-mat 'aa:VTML80.out,nucl:nucleotide.out' -s 6 -k 0 --target-search-mode 0 --k-score seq:2147483647,prof:2147483647 --alph-size aa:21,nucl:5 --max-seqs 300 --split 0 --split-mode 2 --split-memory-limit 0 --diag-score 1 --exact-kmer-matching 0 --mask 1 --mask-prob 0.9 --mask-lower-case 0 --min-ungapped-score 15 --spaced-kmer-mode 1 --rescore-mode 0 --filter-hits 0 --sort-results 0 --mask-profile 1 --e-profile 0.001 --wg 0 --allow-deletion 0 --filter-msa 1 --filter-min-enable 0 --max-seq-id 0.9 --qid '0.0' --qsc -20 --cov 0 --diff 1000 --pseudo-cnt-mode 0 --min-length 15 --max-length 32734 --max-gaps 2147483647 --contig-start-mode 2 --contig-end-mode 2 --orf-start-mode 1 --forward-frames 1,2,3 --reverse-frames 1,2,3 --translation-table 1 --translate 0 --use-all-table-starts 0 --id-offset 0 --create-lookup 0 --sequence-overlap 0 --sequence-split-mode 1 --headers-split-mode 0 --chain-alignments 0 --merge-query 1 --search-type 0 --start-sens 4 --sens-steps 1 --prefilter-mode 0 --exhaustive-search 0 --exhaustive-search-filter 0 --strand 1 --lca-search 0 --disk-space-limit 0 --force-reuse 0 --remove-tmp-files 1 --metaeuk-eval 0.001 --metaeuk-tcov 0.5 --max-intron 130000 --min-intron 5 --min-exon-aa 15 --max-overlap 15 --max-exon-sets 1 --set-gap-open -1 --set-gap-extend -1 --reverse-fragments 0 

extractorfs /share/project/mieke/fdog_neighbor_regions/output_debug_tmp_searchtool/XP_037025795_1_LOC119067126_337/tmp/PHYFL_1260839_1/metaeuk/17441793636276781359/contigs /share/project/mieke/fdog_neighbor_regions/output_debug_tmp_searchtool/XP_037025795_1_LOC119067126_337/tmp/PHYFL_1260839_1/metaeuk/17441793636276781359/tmp_predict/1928137441536460975/nucl_6f --min-length 15 --max-length 32734 --max-gaps 2147483647 --contig-start-mode 2 --contig-end-mode 2 --orf-start-mode 1 --forward-frames 1,2,3 --reverse-frames 1,2,3 --translation-table 1 --translate 0 --use-all-table-starts 0 --id-offset 0 --create-lookup 0 --threads 24 --compressed 0 -v 3 

[=================================================================extractorfs /share/project/mieke/fdog_neighbor_regions/output_debug_tmp_searchtool/XP_037025795_1_LOC119067126_337/tmp/TRISP_1260884_1/metaeuk/16959606317317400203/contigs /share/project/mieke/fdog_neighbor_regions/output_debug_tmp_searchtool/XP_037025795_1_LOC119067126_337/tmp/TRISP_1260884_1/metaeuk/16959606317317400203/tmp_predict/8943621205965217145/nucl_6f --min-length 15 --max-length 32734 --max-gaps 2147483647 --contig-start-mode 2 --contig-end-mode 2 --orf-start-mode 1 --forward-frames 1,2,3 --reverse-frames 1,2,3 --translation-table 1 --translate 0 --use-all-table-starts 0 --id-offset 0 --create-lookup 0 --threads 24 --compressed 0 -v 3 

[=================================================================] 1 0s 8ms
Time for merging to nucl_6f_h: 0h 0m 0s 62ms
Time for merging to nucl_6f: 0h 0m 0s 72ms
Time for processing: 0h 0m 0s 443ms
] 1 0s 6ms
Time for merging to nucl_6f_h: 0h 0m 0s 62ms
Time for merging to nucl_6f: 0h 0m 0s 89ms
Time for processing: 0h 0m 0s 444ms
translatenucs /share/project/mieke/fdog_neighbor_regions/output_debug_tmp_searchtool/XP_037025795_1_LOC119067126_337/tmp/TRISP_1260884_1/metaeuk/16959606317317400203/tmp_predict/8943621205965217145/nucl_6f /share/project/mieke/fdog_neighbor_regions/output_debug_tmp_searchtool/XP_037025795_1_LOC119067126_337/tmp/TRISP_1260884_1/metaeuk/16959606317317400203/tmp_predict/8943621205965217145/aa_6f --translation-table 1 --add-orf-stop 0 -v 3 --compressed 0 --threads 24 

==============================================================[===translatenucs /share/project/mieke/fdog_neighbor_regions/output_debug_tmp_searchtool/XP_037025795_1_LOC119067126_337/tmp/PHYFL_1260839_1/metaeuk/17441793636276781359/tmp_predict/1928137441536460975/nucl_6f /share/project/mieke/fdog_neighbor_regions/output_debug_tmp_searchtool/XP_037025795_1_LOC119067126_337/tmp/PHYFL_1260839_1/metaeuk/17441793636276781359/tmp_predict/1928137441536460975/aa_6f --translation-table 1 --add-orf-stop 0 -v 3 --compressed 0 --threads 24 

[=================================================================] 98 0s 3ms
Time for merging to aa_6f: 0h 0m 0s 66ms
Time for processing: 0h 0m 0s 173ms
] 773 0s 3ms
Time for merging to aa_6f: 0h 0m 0s 103ms
Time for processing: 0h 0m 0s 243ms
Create directory /share/project/mieke/fdog_neighbor_regions/output_debug_tmp_searchtool/XP_037025795_1_LOC119067126_337/tmp/TRISP_1260884_1/metaeuk/16959606317317400203/tmp_predict/8943621205965217145/tmp_search
search /share/project/mieke/fdog_neighbor_regions/output_debug_tmp_searchtool/XP_037025795_1_LOC119067126_337/tmp/TRISP_1260884_1/metaeuk/16959606317317400203/tmp_predict/8943621205965217145/aa_6f /share/gluster/NOTLOESUNG/freya/uniref100/uniref100 /share/project/mieke/fdog_neighbor_regions/output_debug_tmp_searchtool/XP_037025795_1_LOC119067126_337/tmp/TRISP_1260884_1/metaeuk/16959606317317400203/tmp_predict/8943621205965217145/search_res /share/project/mieke/fdog_neighbor_regions/output_debug_tmp_searchtool/XP_037025795_1_LOC119067126_337/tmp/TRISP_1260884_1/metaeuk/16959606317317400203/tmp_predict/8943621205965217145/tmp_search --sub-mat 'aa:blosum62.out,nucl:nucleotide.out' -a 0 --alignment-mode 2 --alignment-output-mode 0 --wrapped-scoring 0 -e 100 --min-seq-id 0 --min-aln-len 15 --seq-id-mode 0 --alt-ali 0 -c 0 --cov-mode 0 --max-seq-len 160000 --comp-bias-corr 1 --comp-bias-corr-scale 1 --max-rejected 2147483647 --max-accept 2147483647 --add-self-matches 0 --db-load-mode 0 --pca substitution:1.100,context:1.400 --pcb substitution:4.100,context:5.800 --score-bias 0 --realign 0 --realign-score-bias -0.2 --realign-max-seqs 2147483647 --corr-score-weight 0 --gap-open aa:11,nucl:5 --gap-extend aa:1,nucl:2 --zdrop 40 --threads 24 --compressed 0 -v 3 --seed-sub-mat 'aa:VTML80.out,nucl:nucleotide.out' -s 6 -k 0 --target-search-mode 0 --k-score seq:2147483647,prof:2147483647 --alph-size aa:21,nucl:5 --max-seqs 300 --split 0 --split-mode 2 --split-memory-limit 0 --diag-score 1 --exact-kmer-matching 0 --mask 1 --mask-prob 0.9 --mask-lower-case 0 --min-ungapped-score 15 --spaced-kmer-mode 1 --rescore-mode 0 --filter-hits 0 --sort-results 0 --mask-profile 1 --e-profile 0.001 --wg 0 --allow-deletion 0 --filter-msa 1 --filter-min-enable 0 --max-seq-id 0.9 --qid '0.0' --qsc -20 --cov 0 --diff 1000 --pseudo-cnt-mode 0 --min-length 15 --max-length 32734 --max-gaps 2147483647 --contig-start-mode 2 --contig-end-mode 2 --orf-start-mode 1 --forward-frames 1,2,3 --reverse-frames 1,2,3 --translation-table 1 --translate 0 --use-all-table-starts 0 --id-offset 0 --create-lookup 0 --add-orf-stop 0 --sequence-overlap 0 --sequence-split-mode 1 --headers-split-mode 0 --chain-alignments 0 --merge-query 1 --search-type 0 --num-iterations 1 --start-sens 4 --sens-steps 1 --prefilter-mode 0 --exhaustive-search 0 --exhaustive-search-filter 0 --strand 1 --lca-search 0 --disk-space-limit 0 --force-reuse 0 --remove-tmp-files 1 

Create directory /share/project/mieke/fdog_neighbor_regions/output_debug_tmp_searchtool/XP_037025795_1_LOC119067126_337/tmp/PHYFL_1260839_1/metaeuk/17441793636276781359/tmp_predict/1928137441536460975/tmp_search
search /share/project/mieke/fdog_neighbor_regions/output_debug_tmp_searchtool/XP_037025795_1_LOC119067126_337/tmp/PHYFL_1260839_1/metaeuk/17441793636276781359/tmp_predict/1928137441536460975/aa_6f /share/gluster/NOTLOESUNG/freya/uniref100/uniref100 /share/project/mieke/fdog_neighbor_regions/output_debug_tmp_searchtool/XP_037025795_1_LOC119067126_337/tmp/PHYFL_1260839_1/metaeuk/17441793636276781359/tmp_predict/1928137441536460975/search_res /share/project/mieke/fdog_neighbor_regions/output_debug_tmp_searchtool/XP_037025795_1_LOC119067126_337/tmp/PHYFL_1260839_1/metaeuk/17441793636276781359/tmp_predict/1928137441536460975/tmp_search --sub-mat 'aa:blosum62.out,nucl:nucleotide.out' -a 0 --alignment-mode 2 --alignment-output-mode 0 --wrapped-scoring 0 -e 100 --min-seq-id 0 --min-aln-len 15 --seq-id-mode 0 --alt-ali 0 -c 0 --cov-mode 0 --max-seq-len 160000 --comp-bias-corr 1 --comp-bias-corr-scale 1 --max-rejected 2147483647 --max-accept 2147483647 --add-self-matches 0 --db-load-mode 0 --pca substitution:1.100,context:1.400 --pcb substitution:4.100,context:5.800 --score-bias 0 --realign 0 --realign-score-bias -0.2 --realign-max-seqs 2147483647 --corr-score-weight 0 --gap-open aa:11,nucl:5 --gap-extend aa:1,nucl:2 --zdrop 40 --threads 24 --compressed 0 -v 3 --seed-sub-mat 'aa:VTML80.out,nucl:nucleotide.out' -s 6 -k 0 --target-search-mode 0 --k-score seq:2147483647,prof:2147483647 --alph-size aa:21,nucl:5 --max-seqs 300 --split 0 --split-mode 2 --split-memory-limit 0 --diag-score 1 --exact-kmer-matching 0 --mask 1 --mask-prob 0.9 --mask-lower-case 0 --min-ungapped-score 15 --spaced-kmer-mode 1 --rescore-mode 0 --filter-hits 0 --sort-results 0 --mask-profile 1 --e-profile 0.001 --wg 0 --allow-deletion 0 --filter-msa 1 --filter-min-enable 0 --max-seq-id 0.9 --qid '0.0' --qsc -20 --cov 0 --diff 1000 --pseudo-cnt-mode 0 --min-length 15 --max-length 32734 --max-gaps 2147483647 --contig-start-mode 2 --contig-end-mode 2 --orf-start-mode 1 --forward-frames 1,2,3 --reverse-frames 1,2,3 --translation-table 1 --translate 0 --use-all-table-starts 0 --id-offset 0 --create-lookup 0 --add-orf-stop 0 --sequence-overlap 0 --sequence-split-mode 1 --headers-split-mode 0 --chain-alignments 0 --merge-query 1 --search-type 0 --num-iterations 1 --start-sens 4 --sens-steps 1 --prefilter-mode 0 --exhaustive-search 0 --exhaustive-search-filter 0 --strand 1 --lca-search 0 --disk-space-limit 0 --force-reuse 0 --remove-tmp-files 1 

Killed
Error: Prefilter died
Error: search step died
Error: predictexons step died
easy-predict /share/project/mieke/fdog_neighbor_regions/output_debug_tmp_searchtool/XP_037025795_1_LOC119067126_337/tmp/BRAIM_335710_1/OZ247434.1_2.fasta /share/gluster/NOTLOESUNG/freya/uniref100/uniref100 /share/project/mieke/fdog_neighbor_regions/output_debug_tmp_searchtool/XP_037025795_1_LOC119067126_337/tmp/BRAIM_335710_1/OZ247434.1_2 /share/project/mieke/fdog_neighbor_regions/output_debug_tmp_searchtool/XP_037025795_1_LOC119067126_337/tmp/BRAIM_335710_1//metaeuk --max-intron 130000 --max-seq-len 160000 --min-exon-aa 15 --max-overlap 15 --min-intron 5 --overlap 1 -s 6 --split 0 --remove-tmp-files 

MMseqs Version:                                             	7.bba0d80
Substitution matrix                                         	aa:blosum62.out,nucl:nucleotide.out
Add backtrace                                               	false
Alignment mode                                              	2
Alignment mode                                              	0
Allow wrapped scoring                                       	false
E-value threshold                                           	100
Seq. id. threshold                                          	0
Min alignment length                                        	0
Seq. id. mode                                               	0
Alternative alignments                                      	0
Coverage threshold                                          	0
Coverage mode                                               	0
Max sequence length                                         	160000
Compositional bias                                          	1
Compositional bias                                          	1
Max reject                                                  	2147483647
Max accept                                                  	2147483647
Include identical seq. id.                                  	false
Preload mode                                                	0
Pseudo count a                                              	substitution:1.100,context:1.400
Pseudo count b                                              	substitution:4.100,context:5.800
Score bias                                                  	0
Realign hits                                                	false
Realign score bias                                          	-0.2
Realign max seqs                                            	2147483647
Correlation score weight                                    	0
Gap open cost                                               	aa:11,nucl:5
Gap extension cost                                          	aa:1,nucl:2
Zdrop                                                       	40
Threads                                                     	24
Compressed                                                  	0
Verbosity                                                   	3
Seed substitution matrix                                    	aa:VTML80.out,nucl:nucleotide.out
Sensitivity                                                 	6
k-mer length                                                	0
Target search mode                                          	0
k-score                                                     	seq:2147483647,prof:2147483647
Alphabet size                                               	aa:21,nucl:5
Max results per query                                       	300
Split database                                              	0
Split mode                                                  	2
Split memory limit                                          	0
Diagonal scoring                                            	true
Exact k-mer matching                                        	0
Mask residues                                               	1
Mask residues probability                                   	0.9
Mask lower case residues                                    	0
Minimum diagonal score                                      	15
Selected taxa                                               	
Spaced k-mers                                               	1
Spaced k-mer pattern                                        	
Local temporary path                                        	
Rescore mode                                                	0
Remove hits by seq. id. and coverage                        	false
Sort results                                                	0
Mask profile                                                	1
Profile E-value threshold                                   	0.001
Global sequence weighting                                   	false
Allow deletions                                             	false
Filter MSA                                                  	1
Use filter only at N seqs                                   	0
Maximum seq. id. threshold                                  	0.9
Minimum seq. id.                                            	0.0
Minimum score per column                                    	-20
Minimum coverage                                            	0
Select N most diverse seqs                                  	1000
Pseudo count mode                                           	0
Min codons in orf                                           	15
Max codons in length                                        	32734
Max orf gaps                                                	2147483647
Contig start mode                                           	2
Contig end mode                                             	2
Orf start mode                                              	1
Forward frames                                              	1,2,3
Reverse frames                                              	1,2,3
Translation table                                           	1
Translate orf                                               	0
Use all table starts                                        	false
Offset of numeric ids                                       	0
Create lookup                                               	0
Overlap between sequences                                   	0
Sequence split mode                                         	1
Header split mode                                           	0
Chain overlapping alignments                                	0
Merge query                                                 	1
Search type                                                 	0
Start sensitivity                                           	4
Search steps                                                	1
Prefilter mode                                              	0
Exhaustive search mode                                      	false
Filter results during exhaustive search                     	0
Strand selection                                            	1
LCA search mode                                             	false
Disk space limit                                            	0
MPI runner                                                  	
Force restart with latest tmp                               	false
Remove temporary files                                      	true
maximal combined evalue of an optimal set                   	0.001
minimal length ratio between combined optimal set and target	0.5
Maximal intron length                                       	130000
Minimal intron length                                       	5
Minimal exon length aa                                      	15
Maximal overlap of exons                                    	15
Maximal number of exon sets                                 	1
Gap open penalty                                            	-1
Gap extend penalty                                          	-1
Reverse AA Fragments                                        	0
allow same-strand overlaps                                  	1
translate codons to AAs                                     	0
write target key instead of accession                       	0
write fragment contig coords                                	0
length to scan for start codon                              	0

createdb /share/project/mieke/fdog_neighbor_regions/output_debug_tmp_searchtool/XP_037025795_1_LOC119067126_337/tmp/BRAIM_335710_1/OZ247434.1_2.fasta /share/project/mieke/fdog_neighbor_regions/output_debug_tmp_searchtool/XP_037025795_1_LOC119067126_337/tmp/BRAIM_335710_1//metaeuk/18059726839055657278/contigs --dbtype 2 --compressed 0 -v 3 

Converting sequences
[
Time for merging to contigs_h: 0h 0m 0s 117ms
Time for merging to contigs: 0h 0m 0s 113ms
Database type: Nucleotide
Time for processing: 0h 0m 0s 691ms
Create directory /share/project/mieke/fdog_neighbor_regions/output_debug_tmp_searchtool/XP_037025795_1_LOC119067126_337/tmp/BRAIM_335710_1//metaeuk/18059726839055657278/tmp_predict
predictexons /share/project/mieke/fdog_neighbor_regions/output_debug_tmp_searchtool/XP_037025795_1_LOC119067126_337/tmp/BRAIM_335710_1//metaeuk/18059726839055657278/contigs /share/gluster/NOTLOESUNG/freya/uniref100/uniref100 /share/project/mieke/fdog_neighbor_regions/output_debug_tmp_searchtool/XP_037025795_1_LOC119067126_337/tmp/BRAIM_335710_1//metaeuk/18059726839055657278/MetaEuk_calls /share/project/mieke/fdog_neighbor_regions/output_debug_tmp_searchtool/XP_037025795_1_LOC119067126_337/tmp/BRAIM_335710_1//metaeuk/18059726839055657278/tmp_predict --sub-mat 'aa:blosum62.out,nucl:nucleotide.out' -a 0 --alignment-mode 2 --alignment-output-mode 0 --wrapped-scoring 0 -e 100 --min-seq-id 0 --min-aln-len 0 --seq-id-mode 0 --alt-ali 0 -c 0 --cov-mode 0 --max-seq-len 160000 --comp-bias-corr 1 --comp-bias-corr-scale 1 --max-rejected 2147483647 --max-accept 2147483647 --add-self-matches 0 --db-load-mode 0 --pca substitution:1.100,context:1.400 --pcb substitution:4.100,context:5.800 --score-bias 0 --realign 0 --realign-score-bias -0.2 --realign-max-seqs 2147483647 --corr-score-weight 0 --gap-open aa:11,nucl:5 --gap-extend aa:1,nucl:2 --zdrop 40 --threads 24 --compressed 0 -v 3 --seed-sub-mat 'aa:VTML80.out,nucl:nucleotide.out' -s 6 -k 0 --target-search-mode 0 --k-score seq:2147483647,prof:2147483647 --alph-size aa:21,nucl:5 --max-seqs 300 --split 0 --split-mode 2 --split-memory-limit 0 --diag-score 1 --exact-kmer-matching 0 --mask 1 --mask-prob 0.9 --mask-lower-case 0 --min-ungapped-score 15 --spaced-kmer-mode 1 --rescore-mode 0 --filter-hits 0 --sort-results 0 --mask-profile 1 --e-profile 0.001 --wg 0 --allow-deletion 0 --filter-msa 1 --filter-min-enable 0 --max-seq-id 0.9 --qid '0.0' --qsc -20 --cov 0 --diff 1000 --pseudo-cnt-mode 0 --min-length 15 --max-length 32734 --max-gaps 2147483647 --contig-start-mode 2 --contig-end-mode 2 --orf-start-mode 1 --forward-frames 1,2,3 --reverse-frames 1,2,3 --translation-table 1 --translate 0 --use-all-table-starts 0 --id-offset 0 --create-lookup 0 --sequence-overlap 0 --sequence-split-mode 1 --headers-split-mode 0 --chain-alignments 0 --merge-query 1 --search-type 0 --start-sens 4 --sens-steps 1 --prefilter-mode 0 --exhaustive-search 0 --exhaustive-search-filter 0 --strand 1 --lca-search 0 --disk-space-limit 0 --force-reuse 0 --remove-tmp-files 1 --metaeuk-eval 0.001 --metaeuk-tcov 0.5 --max-intron 130000 --min-intron 5 --min-exon-aa 15 --max-overlap 15 --max-exon-sets 1 --set-gap-open -1 --set-gap-extend -1 --reverse-fragments 0 

extractorfs /share/project/mieke/fdog_neighbor_regions/output_debug_tmp_searchtool/XP_037025795_1_LOC119067126_337/tmp/BRAIM_335710_1/metaeuk/18059726839055657278/contigs /share/project/mieke/fdog_neighbor_regions/output_debug_tmp_searchtool/XP_037025795_1_LOC119067126_337/tmp/BRAIM_335710_1/metaeuk/18059726839055657278/tmp_predict/16803731735638673096/nucl_6f --min-length 15 --max-length 32734 --max-gaps 2147483647 --contig-start-mode 2 --contig-end-mode 2 --orf-start-mode 1 --forward-frames 1,2,3 --reverse-frames 1,2,3 --translation-table 1 --translate 0 --use-all-table-starts 0 --id-offset 0 --create-lookup 0 --threads 24 --compressed 0 -v 3 

[=================================================================] 1 0s 35ms
Time for merging to nucl_6f_h: 0h 0m 0s 154ms
Time for merging to nucl_6f: 0h 0m 0s 189ms
Time for processing: 0h 0m 0s 781ms
Killed
Error: Prefilter died
Error: search step died
Error: predictexons step died
translatenucs /share/project/mieke/fdog_neighbor_regions/output_debug_tmp_searchtool/XP_037025795_1_LOC119067126_337/tmp/BRAIM_335710_1/metaeuk/18059726839055657278/tmp_predict/16803731735638673096/nucl_6f /share/project/mieke/fdog_neighbor_regions/output_debug_tmp_searchtool/XP_037025795_1_LOC119067126_337/tmp/BRAIM_335710_1/metaeuk/18059726839055657278/tmp_predict/16803731735638673096/aa_6f --translation-table 1 --add-orf-stop 0 -v 3 --compressed 0 --threads 24 

[=================================================================easy-predict /share/project/mieke/fdog_neighbor_regions/output_debug_tmp_searchtool/XP_037025795_1_LOC119067126_337/tmp/BRADE_3151524_1/JBDOHO010005664.1_1.fasta /share/gluster/NOTLOESUNG/freya/uniref100/uniref100 /share/project/mieke/fdog_neighbor_regions/output_debug_tmp_searchtool/XP_037025795_1_LOC119067126_337/tmp/BRADE_3151524_1/JBDOHO010005664.1_1 /share/project/mieke/fdog_neighbor_regions/output_debug_tmp_searchtool/XP_037025795_1_LOC119067126_337/tmp/BRADE_3151524_1//metaeuk --max-intron 130000 --max-seq-len 160000 --min-exon-aa 15 --max-overlap 15 --min-intron 5 --overlap 1 -s 6 --split 0 --remove-tmp-files 

MMseqs Version:                                             	7.bba0d80
Substitution matrix                                         	aa:blosum62.out,nucl:nucleotide.out
Add backtrace                                               	false
Alignment mode                                              	2
Alignment mode                                              	0
Allow wrapped scoring                                       	false
E-value threshold                                           	100
Seq. id. threshold                                          	0
Min alignment length                                        	0
Seq. id. mode                                               	0
Alternative alignments                                      	0
Coverage threshold                                          	0
Coverage mode                                               	0
Max sequence length                                         	160000
Compositional bias                                          	1
Compositional bias                                          	1
Max reject                                                  	2147483647
Max accept                                                  	2147483647
Include identical seq. id.                                  	false
Preload mode                                                	0
Pseudo count a                                              	substitution:1.100,context:1.400
Pseudo count b                                              	substitution:4.100,context:5.800
Score bias                                                  	0
Realign hits                                                	false
Realign score bias                                          	-0.2
Realign max seqs                                            	2147483647
Correlation score weight                                    	0
Gap open cost                                               	aa:11,nucl:5
Gap extension cost                                          	aa:1,nucl:2
Zdrop                                                       	40
Threads                                                     	24
Compressed                                                  	0
Verbosity                                                   	3
Seed substitution matrix                                    	aa:VTML80.out,nucl:nucleotide.out
Sensitivity                                                 	6
k-mer length                                                	0
Target search mode                                          	0
k-score                                                     	seq:2147483647,prof:2147483647
Alphabet size                                               	aa:21,nucl:5
Max results per query                                       	300
Split database                                              	0
Split mode                                                  	2
Split memory limit                                          	0
Diagonal scoring                                            	true
Exact k-mer matching                                        	0
Mask residues                                               	1
Mask residues probability                                   	0.9
Mask lower case residues                                    	0
Minimum diagonal score                                      	15
Selected taxa                                               	
Spaced k-mers                                               	1
Spaced k-mer pattern                                        	
Local temporary path                                        	
Rescore mode                                                	0
Remove hits by seq. id. and coverage                        	false
Sort results                                                	0
Mask profile                                                	1
Profile E-value threshold                                   	0.001
Global sequence weighting                                   	false
Allow deletions                                             	false
Filter MSA                                                  	1
Use filter only at N seqs                                   	0
Maximum seq. id. threshold                                  	0.9
Minimum seq. id.                                            	0.0
Minimum score per column                                    	-20
Minimum coverage                                            	0
Select N most diverse seqs                                  	1000
Pseudo count mode                                           	0
Min codons in orf                                           	15
Max codons in length                                        	32734
Max orf gaps                                                	2147483647
Contig start mode                                           	2
Contig end mode                                             	2
Orf start mode                                              	1
Forward frames                                              	1,2,3
Reverse frames                                              	1,2,3
Translation table                                           	1
Translate orf                                               	0
Use all table starts                                        	false
Offset of numeric ids                                       	0
Create lookup                                               	0
Overlap between sequences                                   	0
Sequence split mode                                         	1
Header split mode                                           	0
Chain overlapping alignments                                	0
Merge query                                                 	1
Search type                                                 	0
Start sensitivity                                           	4
Search steps                                                	1
Prefilter mode                                              	0
Exhaustive search mode                                      	false
Filter results during exhaustive search                     	0
Strand selection                                            	1
LCA search mode                                             	false
Disk space limit                                            	0
MPI runner                                                  	
Force restart with latest tmp                               	false
Remove temporary files                                      	true
maximal combined evalue of an optimal set                   	0.001
minimal length ratio between combined optimal set and target	0.5
Maximal intron length                                       	130000
Minimal intron length                                       	5
Minimal exon length aa                                      	15
Maximal overlap of exons                                    	15
Maximal number of exon sets                                 	1
Gap open penalty                                            	-1
Gap extend penalty                                          	-1
Reverse AA Fragments                                        	0
allow same-strand overlaps                                  	1
translate codons to AAs                                     	0
write target key instead of accession                       	0
write fragment contig coords                                	0
length to scan for start codon                              	0

] 2.42K 0s 9ms
Time for merging to aa_6f: 0h 0m 0s 102ms
Time for processing: 0h 0m 0s 310ms
Create directory /share/project/mieke/fdog_neighbor_regions/output_debug_tmp_searchtool/XP_037025795_1_LOC119067126_337/tmp/BRAIM_335710_1/metaeuk/18059726839055657278/tmp_predict/16803731735638673096/tmp_search
search /share/project/mieke/fdog_neighbor_regions/output_debug_tmp_searchtool/XP_037025795_1_LOC119067126_337/tmp/BRAIM_335710_1/metaeuk/18059726839055657278/tmp_predict/16803731735638673096/aa_6f /share/gluster/NOTLOESUNG/freya/uniref100/uniref100 /share/project/mieke/fdog_neighbor_regions/output_debug_tmp_searchtool/XP_037025795_1_LOC119067126_337/tmp/BRAIM_335710_1/metaeuk/18059726839055657278/tmp_predict/16803731735638673096/search_res /share/project/mieke/fdog_neighbor_regions/output_debug_tmp_searchtool/XP_037025795_1_LOC119067126_337/tmp/BRAIM_335710_1/metaeuk/18059726839055657278/tmp_predict/16803731735638673096/tmp_search --sub-mat 'aa:blosum62.out,nucl:nucleotide.out' -a 0 --alignment-mode 2 --alignment-output-mode 0 --wrapped-scoring 0 -e 100 --min-seq-id 0 --min-aln-len 15 --seq-id-mode 0 --alt-ali 0 -c 0 --cov-mode 0 --max-seq-len 160000 --comp-bias-corr 1 --comp-bias-corr-scale 1 --max-rejected 2147483647 --max-accept 2147483647 --add-self-matches 0 --db-load-mode 0 --pca substitution:1.100,context:1.400 --pcb substitution:4.100,context:5.800 --score-bias 0 --realign 0 --realign-score-bias -0.2 --realign-max-seqs 2147483647 --corr-score-weight 0 --gap-open aa:11,nucl:5 --gap-extend aa:1,nucl:2 --zdrop 40 --threads 24 --compressed 0 -v 3 --seed-sub-mat 'aa:VTML80.out,nucl:nucleotide.out' -s 6 -k 0 --target-search-mode 0 --k-score seq:2147483647,prof:2147483647 --alph-size aa:21,nucl:5 --max-seqs 300 --split 0 --split-mode 2 --split-memory-limit 0 --diag-score 1 --exact-kmer-matching 0 --mask 1 --mask-prob 0.9 --mask-lower-case 0 --min-ungapped-score 15 --spaced-kmer-mode 1 --rescore-mode 0 --filter-hits 0 --sort-results 0 --mask-profile 1 --e-profile 0.001 --wg 0 --allow-deletion 0 --filter-msa 1 --filter-min-enable 0 --max-seq-id 0.9 --qid '0.0' --qsc -20 --cov 0 --diff 1000 --pseudo-cnt-mode 0 --min-length 15 --max-length 32734 --max-gaps 2147483647 --contig-start-mode 2 --contig-end-mode 2 --orf-start-mode 1 --forward-frames 1,2,3 --reverse-frames 1,2,3 --translation-table 1 --translate 0 --use-all-table-starts 0 --id-offset 0 --create-lookup 0 --add-orf-stop 0 --sequence-overlap 0 --sequence-split-mode 1 --headers-split-mode 0 --chain-alignments 0 --merge-query 1 --search-type 0 --num-iterations 1 --start-sens 4 --sens-steps 1 --prefilter-mode 0 --exhaustive-search 0 --exhaustive-search-filter 0 --strand 1 --lca-search 0 --disk-space-limit 0 --force-reuse 0 --remove-tmp-files 1 

createdb /share/project/mieke/fdog_neighbor_regions/output_debug_tmp_searchtool/XP_037025795_1_LOC119067126_337/tmp/BRADE_3151524_1/JBDOHO010005664.1_1.fasta /share/project/mieke/fdog_neighbor_regions/output_debug_tmp_searchtool/XP_037025795_1_LOC119067126_337/tmp/BRADE_3151524_1//metaeuk/6358213526582179409/contigs --dbtype 2 --compressed 0 -v 3 

Converting sequences
[
Time for merging to contigs_h: 0h 0m 0s 232ms
Time for merging to contigs: 0h 0m 0s 131ms
Database type: Nucleotide
Time for processing: 0h 0m 0s 731ms
Create directory /share/project/mieke/fdog_neighbor_regions/output_debug_tmp_searchtool/XP_037025795_1_LOC119067126_337/tmp/BRADE_3151524_1//metaeuk/6358213526582179409/tmp_predict
predictexons /share/project/mieke/fdog_neighbor_regions/output_debug_tmp_searchtool/XP_037025795_1_LOC119067126_337/tmp/BRADE_3151524_1//metaeuk/6358213526582179409/contigs /share/gluster/NOTLOESUNG/freya/uniref100/uniref100 /share/project/mieke/fdog_neighbor_regions/output_debug_tmp_searchtool/XP_037025795_1_LOC119067126_337/tmp/BRADE_3151524_1//metaeuk/6358213526582179409/MetaEuk_calls /share/project/mieke/fdog_neighbor_regions/output_debug_tmp_searchtool/XP_037025795_1_LOC119067126_337/tmp/BRADE_3151524_1//metaeuk/6358213526582179409/tmp_predict --sub-mat 'aa:blosum62.out,nucl:nucleotide.out' -a 0 --alignment-mode 2 --alignment-output-mode 0 --wrapped-scoring 0 -e 100 --min-seq-id 0 --min-aln-len 0 --seq-id-mode 0 --alt-ali 0 -c 0 --cov-mode 0 --max-seq-len 160000 --comp-bias-corr 1 --comp-bias-corr-scale 1 --max-rejected 2147483647 --max-accept 2147483647 --add-self-matches 0 --db-load-mode 0 --pca substitution:1.100,context:1.400 --pcb substitution:4.100,context:5.800 --score-bias 0 --realign 0 --realign-score-bias -0.2 --realign-max-seqs 2147483647 --corr-score-weight 0 --gap-open aa:11,nucl:5 --gap-extend aa:1,nucl:2 --zdrop 40 --threads 24 --compressed 0 -v 3 --seed-sub-mat 'aa:VTML80.out,nucl:nucleotide.out' -s 6 -k 0 --target-search-mode 0 --k-score seq:2147483647,prof:2147483647 --alph-size aa:21,nucl:5 --max-seqs 300 --split 0 --split-mode 2 --split-memory-limit 0 --diag-score 1 --exact-kmer-matching 0 --mask 1 --mask-prob 0.9 --mask-lower-case 0 --min-ungapped-score 15 --spaced-kmer-mode 1 --rescore-mode 0 --filter-hits 0 --sort-results 0 --mask-profile 1 --e-profile 0.001 --wg 0 --allow-deletion 0 --filter-msa 1 --filter-min-enable 0 --max-seq-id 0.9 --qid '0.0' --qsc -20 --cov 0 --diff 1000 --pseudo-cnt-mode 0 --min-length 15 --max-length 32734 --max-gaps 2147483647 --contig-start-mode 2 --contig-end-mode 2 --orf-start-mode 1 --forward-frames 1,2,3 --reverse-frames 1,2,3 --translation-table 1 --translate 0 --use-all-table-starts 0 --id-offset 0 --create-lookup 0 --sequence-overlap 0 --sequence-split-mode 1 --headers-split-mode 0 --chain-alignments 0 --merge-query 1 --search-type 0 --start-sens 4 --sens-steps 1 --prefilter-mode 0 --exhaustive-search 0 --exhaustive-search-filter 0 --strand 1 --lca-search 0 --disk-space-limit 0 --force-reuse 0 --remove-tmp-files 1 --metaeuk-eval 0.001 --metaeuk-tcov 0.5 --max-intron 130000 --min-intron 5 --min-exon-aa 15 --max-overlap 15 --max-exon-sets 1 --set-gap-open -1 --set-gap-extend -1 --reverse-fragments 0 

extractorfs /share/project/mieke/fdog_neighbor_regions/output_debug_tmp_searchtool/XP_037025795_1_LOC119067126_337/tmp/BRADE_3151524_1/metaeuk/6358213526582179409/contigs /share/project/mieke/fdog_neighbor_regions/output_debug_tmp_searchtool/XP_037025795_1_LOC119067126_337/tmp/BRADE_3151524_1/metaeuk/6358213526582179409/tmp_predict/11443770000146717318/nucl_6f --min-length 15 --max-length 32734 --max-gaps 2147483647 --contig-start-mode 2 --contig-end-mode 2 --orf-start-mode 1 --forward-frames 1,2,3 --reverse-frames 1,2,3 --translation-table 1 --translate 0 --use-all-table-starts 0 --id-offset 0 --create-lookup 0 --threads 24 --compressed 0 -v 3 

[=================================================================] 1 0s 12ms
Time for merging to nucl_6f_h: 0h 0m 0s 181ms
Time for merging to nucl_6f: 0h 0m 0s 256ms
Time for processing: 0h 0m 0s 827ms
translatenucs /share/project/mieke/fdog_neighbor_regions/output_debug_tmp_searchtool/XP_037025795_1_LOC119067126_337/tmp/BRADE_3151524_1/metaeuk/6358213526582179409/tmp_predict/11443770000146717318/nucl_6f /share/project/mieke/fdog_neighbor_regions/output_debug_tmp_searchtool/XP_037025795_1_LOC119067126_337/tmp/BRADE_3151524_1/metaeuk/6358213526582179409/tmp_predict/11443770000146717318/aa_6f --translation-table 1 --add-orf-stop 0 -v 3 --compressed 0 --threads 24 

[=================================================================] 209 0s 10ms
Time for merging to aa_6f: 0h 0m 0s 260ms
Time for processing: 0h 0m 1s 753ms
Create directory /share/project/mieke/fdog_neighbor_regions/output_debug_tmp_searchtool/XP_037025795_1_LOC119067126_337/tmp/BRADE_3151524_1/metaeuk/6358213526582179409/tmp_predict/11443770000146717318/tmp_search
search /share/project/mieke/fdog_neighbor_regions/output_debug_tmp_searchtool/XP_037025795_1_LOC119067126_337/tmp/BRADE_3151524_1/metaeuk/6358213526582179409/tmp_predict/11443770000146717318/aa_6f /share/gluster/NOTLOESUNG/freya/uniref100/uniref100 /share/project/mieke/fdog_neighbor_regions/output_debug_tmp_searchtool/XP_037025795_1_LOC119067126_337/tmp/BRADE_3151524_1/metaeuk/6358213526582179409/tmp_predict/11443770000146717318/search_res /share/project/mieke/fdog_neighbor_regions/output_debug_tmp_searchtool/XP_037025795_1_LOC119067126_337/tmp/BRADE_3151524_1/metaeuk/6358213526582179409/tmp_predict/11443770000146717318/tmp_search --sub-mat 'aa:blosum62.out,nucl:nucleotide.out' -a 0 --alignment-mode 2 --alignment-output-mode 0 --wrapped-scoring 0 -e 100 --min-seq-id 0 --min-aln-len 15 --seq-id-mode 0 --alt-ali 0 -c 0 --cov-mode 0 --max-seq-len 160000 --comp-bias-corr 1 --comp-bias-corr-scale 1 --max-rejected 2147483647 --max-accept 2147483647 --add-self-matches 0 --db-load-mode 0 --pca substitution:1.100,context:1.400 --pcb substitution:4.100,context:5.800 --score-bias 0 --realign 0 --realign-score-bias -0.2 --realign-max-seqs 2147483647 --corr-score-weight 0 --gap-open aa:11,nucl:5 --gap-extend aa:1,nucl:2 --zdrop 40 --threads 24 --compressed 0 -v 3 --seed-sub-mat 'aa:VTML80.out,nucl:nucleotide.out' -s 6 -k 0 --target-search-mode 0 --k-score seq:2147483647,prof:2147483647 --alph-size aa:21,nucl:5 --max-seqs 300 --split 0 --split-mode 2 --split-memory-limit 0 --diag-score 1 --exact-kmer-matching 0 --mask 1 --mask-prob 0.9 --mask-lower-case 0 --min-ungapped-score 15 --spaced-kmer-mode 1 --rescore-mode 0 --filter-hits 0 --sort-results 0 --mask-profile 1 --e-profile 0.001 --wg 0 --allow-deletion 0 --filter-msa 1 --filter-min-enable 0 --max-seq-id 0.9 --qid '0.0' --qsc -20 --cov 0 --diff 1000 --pseudo-cnt-mode 0 --min-length 15 --max-length 32734 --max-gaps 2147483647 --contig-start-mode 2 --contig-end-mode 2 --orf-start-mode 1 --forward-frames 1,2,3 --reverse-frames 1,2,3 --translation-table 1 --translate 0 --use-all-table-starts 0 --id-offset 0 --create-lookup 0 --add-orf-stop 0 --sequence-overlap 0 --sequence-split-mode 1 --headers-split-mode 0 --chain-alignments 0 --merge-query 1 --search-type 0 --num-iterations 1 --start-sens 4 --sens-steps 1 --prefilter-mode 0 --exhaustive-search 0 --exhaustive-search-filter 0 --strand 1 --lca-search 0 --disk-space-limit 0 --force-reuse 0 --remove-tmp-files 1 

Killed
Error: Prefilter died
Error: search step died
Error: predictexons step died
 15%|█▌        | 2/13 [04:27<28:39, 156.30s/it]Killed
Error: Prefilter died
Error: search step died
Error: predictexons step died
easy-predict /share/project/mieke/fdog_neighbor_regions/output_debug_tmp_searchtool/XP_037025795_1_LOC119067126_337/tmp/BRAOD_1564500_1/JAFDOW010000040.1_1.fasta /share/gluster/NOTLOESUNG/freya/uniref100/uniref100 /share/project/mieke/fdog_neighbor_regions/output_debug_tmp_searchtool/XP_037025795_1_LOC119067126_337/tmp/BRAOD_1564500_1/JAFDOW010000040.1_1 /share/project/mieke/fdog_neighbor_regions/output_debug_tmp_searchtool/XP_037025795_1_LOC119067126_337/tmp/BRAOD_1564500_1//metaeuk --max-intron 130000 --max-seq-len 160000 --min-exon-aa 15 --max-overlap 15 --min-intron 5 --overlap 1 -s 6 --split 0 --remove-tmp-files 

MMseqs Version:                                             	7.bba0d80
Substitution matrix                                         	aa:blosum62.out,nucl:nucleotide.out
Add backtrace                                               	false
Alignment mode                                              	2
Alignment mode                                              	0
Allow wrapped scoring                                       	false
E-value threshold                                           	100
Seq. id. threshold                                          	0
Min alignment length                                        	0
Seq. id. mode                                               	0
Alternative alignments                                      	0
Coverage threshold                                          	0
Coverage mode                                               	0
Max sequence length                                         	160000
Compositional bias                                          	1
Compositional bias                                          	1
Max reject                                                  	2147483647
Max accept                                                  	2147483647
Include identical seq. id.                                  	false
Preload mode                                                	0
Pseudo count a                                              	substitution:1.100,context:1.400
Pseudo count b                                              	substitution:4.100,context:5.800
Score bias                                                  	0
Realign hits                                                	false
Realign score bias                                          	-0.2
Realign max seqs                                            	2147483647
Correlation score weight                                    	0
Gap open cost                                               	aa:11,nucl:5
Gap extension cost                                          	aa:1,nucl:2
Zdrop                                                       	40
Threads                                                     	24
Compressed                                                  	0
Verbosity                                                   	3
Seed substitution matrix                                    	aa:VTML80.out,nucl:nucleotide.out
Sensitivity                                                 	6
k-mer length                                                	0
Target search mode                                          	0
k-score                                                     	seq:2147483647,prof:2147483647
Alphabet size                                               	aa:21,nucl:5
Max results per query                                       	300
Split database                                              	0
Split mode                                                  	2
Split memory limit                                          	0
Diagonal scoring                                            	true
Exact k-mer matching                                        	0
Mask residues                                               	1
Mask residues probability                                   	0.9
Mask lower case residues                                    	0
Minimum diagonal score                                      	15
Selected taxa                                               	
Spaced k-mers                                               	1
Spaced k-mer pattern                                        	
Local temporary path                                        	
Rescore mode                                                	0
Remove hits by seq. id. and coverage                        	false
Sort results                                                	0
Mask profile                                                	1
Profile E-value threshold                                   	0.001
Global sequence weighting                                   	false
Allow deletions                                             	false
Filter MSA                                                  	1
Use filter only at N seqs                                   	0
Maximum seq. id. threshold                                  	0.9
Minimum seq. id.                                            	0.0
Minimum score per column                                    	-20
Minimum coverage                                            	0
Select N most diverse seqs                                  	1000
Pseudo count mode                                           	0
Min codons in orf                                           	15
Max codons in length                                        	32734
Max orf gaps                                                	2147483647
Contig start mode                                           	2
Contig end mode                                             	2
Orf start mode                                              	1
Forward frames                                              	1,2,3
Reverse frames                                              	1,2,3
Translation table                                           	1
Translate orf                                               	0
Use all table starts                                        	false
Offset of numeric ids                                       	0
Create lookup                                               	0
Overlap between sequences                                   	0
Sequence split mode                                         	1
Header split mode                                           	0
Chain overlapping alignments                                	0
Merge query                                                 	1
Search type                                                 	0
Start sensitivity                                           	4
Search steps                                                	1
Prefilter mode                                              	0
Exhaustive search mode                                      	false
Filter results during exhaustive search                     	0
Strand selection                                            	1
LCA search mode                                             	false
Disk space limit                                            	0
MPI runner                                                  	
Force restart with latest tmp                               	false
Remove temporary files                                      	true
maximal combined evalue of an optimal set                   	0.001
minimal length ratio between combined optimal set and target	0.5
Maximal intron length                                       	130000
Minimal intron length                                       	5
Minimal exon length aa                                      	15
Maximal overlap of exons                                    	15
Maximal number of exon sets                                 	1
Gap open penalty                                            	-1
Gap extend penalty                                          	-1
Reverse AA Fragments                                        	0
allow same-strand overlaps                                  	1
translate codons to AAs                                     	0
write target key instead of accession                       	0
write fragment contig coords                                	0
length to scan for start codon                              	0

createdb /share/project/mieke/fdog_neighbor_regions/output_debug_tmp_searchtool/XP_037025795_1_LOC119067126_337/tmp/BRAOD_1564500_1/JAFDOW010000040.1_1.fasta /share/project/mieke/fdog_neighbor_regions/output_debug_tmp_searchtool/XP_037025795_1_LOC119067126_337/tmp/BRAOD_1564500_1//metaeuk/13853253850528765042/contigs --dbtype 2 --compressed 0 -v 3 

Converting sequences
[
Time for merging to contigs_h: 0h 0m 0s 293ms
Time for merging to contigs: 0h 0m 0s 207ms
Database type: Nucleotide
Time for processing: 0h 0m 0s 868ms
Create directory /share/project/mieke/fdog_neighbor_regions/output_debug_tmp_searchtool/XP_037025795_1_LOC119067126_337/tmp/BRAOD_1564500_1//metaeuk/13853253850528765042/tmp_predict
predictexons /share/project/mieke/fdog_neighbor_regions/output_debug_tmp_searchtool/XP_037025795_1_LOC119067126_337/tmp/BRAOD_1564500_1//metaeuk/13853253850528765042/contigs /share/gluster/NOTLOESUNG/freya/uniref100/uniref100 /share/project/mieke/fdog_neighbor_regions/output_debug_tmp_searchtool/XP_037025795_1_LOC119067126_337/tmp/BRAOD_1564500_1//metaeuk/13853253850528765042/MetaEuk_calls /share/project/mieke/fdog_neighbor_regions/output_debug_tmp_searchtool/XP_037025795_1_LOC119067126_337/tmp/BRAOD_1564500_1//metaeuk/13853253850528765042/tmp_predict --sub-mat 'aa:blosum62.out,nucl:nucleotide.out' -a 0 --alignment-mode 2 --alignment-output-mode 0 --wrapped-scoring 0 -e 100 --min-seq-id 0 --min-aln-len 0 --seq-id-mode 0 --alt-ali 0 -c 0 --cov-mode 0 --max-seq-len 160000 --comp-bias-corr 1 --comp-bias-corr-scale 1 --max-rejected 2147483647 --max-accept 2147483647 --add-self-matches 0 --db-load-mode 0 --pca substitution:1.100,context:1.400 --pcb substitution:4.100,context:5.800 --score-bias 0 --realign 0 --realign-score-bias -0.2 --realign-max-seqs 2147483647 --corr-score-weight 0 --gap-open aa:11,nucl:5 --gap-extend aa:1,nucl:2 --zdrop 40 --threads 24 --compressed 0 -v 3 --seed-sub-mat 'aa:VTML80.out,nucl:nucleotide.out' -s 6 -k 0 --target-search-mode 0 --k-score seq:2147483647,prof:2147483647 --alph-size aa:21,nucl:5 --max-seqs 300 --split 0 --split-mode 2 --split-memory-limit 0 --diag-score 1 --exact-kmer-matching 0 --mask 1 --mask-prob 0.9 --mask-lower-case 0 --min-ungapped-score 15 --spaced-kmer-mode 1 --rescore-mode 0 --filter-hits 0 --sort-results 0 --mask-profile 1 --e-profile 0.001 --wg 0 --allow-deletion 0 --filter-msa 1 --filter-min-enable 0 --max-seq-id 0.9 --qid '0.0' --qsc -20 --cov 0 --diff 1000 --pseudo-cnt-mode 0 --min-length 15 --max-length 32734 --max-gaps 2147483647 --contig-start-mode 2 --contig-end-mode 2 --orf-start-mode 1 --forward-frames 1,2,3 --reverse-frames 1,2,3 --translation-table 1 --translate 0 --use-all-table-starts 0 --id-offset 0 --create-lookup 0 --sequence-overlap 0 --sequence-split-mode 1 --headers-split-mode 0 --chain-alignments 0 --merge-query 1 --search-type 0 --start-sens 4 --sens-steps 1 --prefilter-mode 0 --exhaustive-search 0 --exhaustive-search-filter 0 --strand 1 --lca-search 0 --disk-space-limit 0 --force-reuse 0 --remove-tmp-files 1 --metaeuk-eval 0.001 --metaeuk-tcov 0.5 --max-intron 130000 --min-intron 5 --min-exon-aa 15 --max-overlap 15 --max-exon-sets 1 --set-gap-open -1 --set-gap-extend -1 --reverse-fragments 0 

extractorfs /share/project/mieke/fdog_neighbor_regions/output_debug_tmp_searchtool/XP_037025795_1_LOC119067126_337/tmp/BRAOD_1564500_1/metaeuk/13853253850528765042/contigs /share/project/mieke/fdog_neighbor_regions/output_debug_tmp_searchtool/XP_037025795_1_LOC119067126_337/tmp/BRAOD_1564500_1/metaeuk/13853253850528765042/tmp_predict/18005076790854363168/nucl_6f --min-length 15 --max-length 32734 --max-gaps 2147483647 --contig-start-mode 2 --contig-end-mode 2 --orf-start-mode 1 --forward-frames 1,2,3 --reverse-frames 1,2,3 --translation-table 1 --translate 0 --use-all-table-starts 0 --id-offset 0 --create-lookup 0 --threads 24 --compressed 0 -v 3 

[=================================================================] 1 0s 9ms
Time for merging to nucl_6f_h: 0h 0m 0s 283ms
Time for merging to nucl_6f: 0h 0m 0s 111ms
Time for processing: 0h 0m 1s 491ms
translatenucs /share/project/mieke/fdog_neighbor_regions/output_debug_tmp_searchtool/XP_037025795_1_LOC119067126_337/tmp/BRAOD_1564500_1/metaeuk/13853253850528765042/tmp_predict/18005076790854363168/nucl_6f /share/project/mieke/fdog_neighbor_regions/output_debug_tmp_searchtool/XP_037025795_1_LOC119067126_337/tmp/BRAOD_1564500_1/metaeuk/13853253850528765042/tmp_predict/18005076790854363168/aa_6f --translation-table 1 --add-orf-stop 0 -v 3 --compressed 0 --threads 24 

[=================================================================] 1.16K 0s 11ms
Time for merging to aa_6f: 0h 0m 0s 149ms
Time for processing: 0h 0m 0s 411ms
Create directory /share/project/mieke/fdog_neighbor_regions/output_debug_tmp_searchtool/XP_037025795_1_LOC119067126_337/tmp/BRAOD_1564500_1/metaeuk/13853253850528765042/tmp_predict/18005076790854363168/tmp_search
search /share/project/mieke/fdog_neighbor_regions/output_debug_tmp_searchtool/XP_037025795_1_LOC119067126_337/tmp/BRAOD_1564500_1/metaeuk/13853253850528765042/tmp_predict/18005076790854363168/aa_6f /share/gluster/NOTLOESUNG/freya/uniref100/uniref100 /share/project/mieke/fdog_neighbor_regions/output_debug_tmp_searchtool/XP_037025795_1_LOC119067126_337/tmp/BRAOD_1564500_1/metaeuk/13853253850528765042/tmp_predict/18005076790854363168/search_res /share/project/mieke/fdog_neighbor_regions/output_debug_tmp_searchtool/XP_037025795_1_LOC119067126_337/tmp/BRAOD_1564500_1/metaeuk/13853253850528765042/tmp_predict/18005076790854363168/tmp_search --sub-mat 'aa:blosum62.out,nucl:nucleotide.out' -a 0 --alignment-mode 2 --alignment-output-mode 0 --wrapped-scoring 0 -e 100 --min-seq-id 0 --min-aln-len 15 --seq-id-mode 0 --alt-ali 0 -c 0 --cov-mode 0 --max-seq-len 160000 --comp-bias-corr 1 --comp-bias-corr-scale 1 --max-rejected 2147483647 --max-accept 2147483647 --add-self-matches 0 --db-load-mode 0 --pca substitution:1.100,context:1.400 --pcb substitution:4.100,context:5.800 --score-bias 0 --realign 0 --realign-score-bias -0.2 --realign-max-seqs 2147483647 --corr-score-weight 0 --gap-open aa:11,nucl:5 --gap-extend aa:1,nucl:2 --zdrop 40 --threads 24 --compressed 0 -v 3 --seed-sub-mat 'aa:VTML80.out,nucl:nucleotide.out' -s 6 -k 0 --target-search-mode 0 --k-score seq:2147483647,prof:2147483647 --alph-size aa:21,nucl:5 --max-seqs 300 --split 0 --split-mode 2 --split-memory-limit 0 --diag-score 1 --exact-kmer-matching 0 --mask 1 --mask-prob 0.9 --mask-lower-case 0 --min-ungapped-score 15 --spaced-kmer-mode 1 --rescore-mode 0 --filter-hits 0 --sort-results 0 --mask-profile 1 --e-profile 0.001 --wg 0 --allow-deletion 0 --filter-msa 1 --filter-min-enable 0 --max-seq-id 0.9 --qid '0.0' --qsc -20 --cov 0 --diff 1000 --pseudo-cnt-mode 0 --min-length 15 --max-length 32734 --max-gaps 2147483647 --contig-start-mode 2 --contig-end-mode 2 --orf-start-mode 1 --forward-frames 1,2,3 --reverse-frames 1,2,3 --translation-table 1 --translate 0 --use-all-table-starts 0 --id-offset 0 --create-lookup 0 --add-orf-stop 0 --sequence-overlap 0 --sequence-split-mode 1 --headers-split-mode 0 --chain-alignments 0 --merge-query 1 --search-type 0 --num-iterations 1 --start-sens 4 --sens-steps 1 --prefilter-mode 0 --exhaustive-search 0 --exhaustive-search-filter 0 --strand 1 --lca-search 0 --disk-space-limit 0 --force-reuse 0 --remove-tmp-files 1 

Killed
Error: Prefilter died
Error: search step died
Error: predictexons step died
easy-predict /share/project/mieke/fdog_neighbor_regions/output_debug_tmp_searchtool/XP_037025795_1_LOC119067126_337/tmp/BRAPE_1817611_1/JBDOHP010084581.1_1.fasta /share/gluster/NOTLOESUNG/freya/uniref100/uniref100 /share/project/mieke/fdog_neighbor_regions/output_debug_tmp_searchtool/XP_037025795_1_LOC119067126_337/tmp/BRAPE_1817611_1/JBDOHP010084581.1_1 /share/project/mieke/fdog_neighbor_regions/output_debug_tmp_searchtool/XP_037025795_1_LOC119067126_337/tmp/BRAPE_1817611_1//metaeuk --max-intron 130000 --max-seq-len 160000 --min-exon-aa 15 --max-overlap 15 --min-intron 5 --overlap 1 -s 6 --split 0 --remove-tmp-files 

MMseqs Version:                                             	7.bba0d80
Substitution matrix                                         	aa:blosum62.out,nucl:nucleotide.out
Add backtrace                                               	false
Alignment mode                                              	2
Alignment mode                                              	0
Allow wrapped scoring                                       	false
E-value threshold                                           	100
Seq. id. threshold                                          	0
Min alignment length                                        	0
Seq. id. mode                                               	0
Alternative alignments                                      	0
Coverage threshold                                          	0
Coverage mode                                               	0
Max sequence length                                         	160000
Compositional bias                                          	1
Compositional bias                                          	1
Max reject                                                  	2147483647
Max accept                                                  	2147483647
Include identical seq. id.                                  	false
Preload mode                                                	0
Pseudo count a                                              	substitution:1.100,context:1.400
Pseudo count b                                              	substitution:4.100,context:5.800
Score bias                                                  	0
Realign hits                                                	false
Realign score bias                                          	-0.2
Realign max seqs                                            	2147483647
Correlation score weight                                    	0
Gap open cost                                               	aa:11,nucl:5
Gap extension cost                                          	aa:1,nucl:2
Zdrop                                                       	40
Threads                                                     	24
Compressed                                                  	0
Verbosity                                                   	3
Seed substitution matrix                                    	aa:VTML80.out,nucl:nucleotide.out
Sensitivity                                                 	6
k-mer length                                                	0
Target search mode                                          	0
k-score                                                     	seq:2147483647,prof:2147483647
Alphabet size                                               	aa:21,nucl:5
Max results per query                                       	300
Split database                                              	0
Split mode                                                  	2
Split memory limit                                          	0
Diagonal scoring                                            	true
Exact k-mer matching                                        	0
Mask residues                                               	1
Mask residues probability                                   	0.9
Mask lower case residues                                    	0
Minimum diagonal score                                      	15
Selected taxa                                               	
Spaced k-mers                                               	1
Spaced k-mer pattern                                        	
Local temporary path                                        	
Rescore mode                                                	0
Remove hits by seq. id. and coverage                        	false
Sort results                                                	0
Mask profile                                                	1
Profile E-value threshold                                   	0.001
Global sequence weighting                                   	false
Allow deletions                                             	false
Filter MSA                                                  	1
Use filter only at N seqs                                   	0
Maximum seq. id. threshold                                  	0.9
Minimum seq. id.                                            	0.0
Minimum score per column                                    	-20
Minimum coverage                                            	0
Select N most diverse seqs                                  	1000
Pseudo count mode                                           	0
Min codons in orf                                           	15
Max codons in length                                        	32734
Max orf gaps                                                	2147483647
Contig start mode                                           	2
Contig end mode                                             	2
Orf start mode                                              	1
Forward frames                                              	1,2,3
Reverse frames                                              	1,2,3
Translation table                                           	1
Translate orf                                               	0
Use all table starts                                        	false
Offset of numeric ids                                       	0
Create lookup                                               	0
Overlap between sequences                                   	0
Sequence split mode                                         	1
Header split mode                                           	0
Chain overlapping alignments                                	0
Merge query                                                 	1
Search type                                                 	0
Start sensitivity                                           	4
Search steps                                                	1
Prefilter mode                                              	0
Exhaustive search mode                                      	false
Filter results during exhaustive search                     	0
Strand selection                                            	1
LCA search mode                                             	false
Disk space limit                                            	0
MPI runner                                                  	
Force restart with latest tmp                               	false
Remove temporary files                                      	true
maximal combined evalue of an optimal set                   	0.001
minimal length ratio between combined optimal set and target	0.5
Maximal intron length                                       	130000
Minimal intron length                                       	5
Minimal exon length aa                                      	15
Maximal overlap of exons                                    	15
Maximal number of exon sets                                 	1
Gap open penalty                                            	-1
Gap extend penalty                                          	-1
Reverse AA Fragments                                        	0
allow same-strand overlaps                                  	1
translate codons to AAs                                     	0
write target key instead of accession                       	0
write fragment contig coords                                	0
length to scan for start codon                              	0

createdb /share/project/mieke/fdog_neighbor_regions/output_debug_tmp_searchtool/XP_037025795_1_LOC119067126_337/tmp/BRAPE_1817611_1/JBDOHP010084581.1_1.fasta /share/project/mieke/fdog_neighbor_regions/output_debug_tmp_searchtool/XP_037025795_1_LOC119067126_337/tmp/BRAPE_1817611_1//metaeuk/729221679992995362/contigs --dbtype 2 --compressed 0 -v 3 

Converting sequences
[
Time for merging to contigs_h: 0h 0m 0s 647ms
Time for merging to contigs: 0h 0m 0s 760ms
Database type: Nucleotide
Time for processing: 0h 0m 2s 53ms
Create directory /share/project/mieke/fdog_neighbor_regions/output_debug_tmp_searchtool/XP_037025795_1_LOC119067126_337/tmp/BRAPE_1817611_1//metaeuk/729221679992995362/tmp_predict
predictexons /share/project/mieke/fdog_neighbor_regions/output_debug_tmp_searchtool/XP_037025795_1_LOC119067126_337/tmp/BRAPE_1817611_1//metaeuk/729221679992995362/contigs /share/gluster/NOTLOESUNG/freya/uniref100/uniref100 /share/project/mieke/fdog_neighbor_regions/output_debug_tmp_searchtool/XP_037025795_1_LOC119067126_337/tmp/BRAPE_1817611_1//metaeuk/729221679992995362/MetaEuk_calls /share/project/mieke/fdog_neighbor_regions/output_debug_tmp_searchtool/XP_037025795_1_LOC119067126_337/tmp/BRAPE_1817611_1//metaeuk/729221679992995362/tmp_predict --sub-mat 'aa:blosum62.out,nucl:nucleotide.out' -a 0 --alignment-mode 2 --alignment-output-mode 0 --wrapped-scoring 0 -e 100 --min-seq-id 0 --min-aln-len 0 --seq-id-mode 0 --alt-ali 0 -c 0 --cov-mode 0 --max-seq-len 160000 --comp-bias-corr 1 --comp-bias-corr-scale 1 --max-rejected 2147483647 --max-accept 2147483647 --add-self-matches 0 --db-load-mode 0 --pca substitution:1.100,context:1.400 --pcb substitution:4.100,context:5.800 --score-bias 0 --realign 0 --realign-score-bias -0.2 --realign-max-seqs 2147483647 --corr-score-weight 0 --gap-open aa:11,nucl:5 --gap-extend aa:1,nucl:2 --zdrop 40 --threads 24 --compressed 0 -v 3 --seed-sub-mat 'aa:VTML80.out,nucl:nucleotide.out' -s 6 -k 0 --target-search-mode 0 --k-score seq:2147483647,prof:2147483647 --alph-size aa:21,nucl:5 --max-seqs 300 --split 0 --split-mode 2 --split-memory-limit 0 --diag-score 1 --exact-kmer-matching 0 --mask 1 --mask-prob 0.9 --mask-lower-case 0 --min-ungapped-score 15 --spaced-kmer-mode 1 --rescore-mode 0 --filter-hits 0 --sort-results 0 --mask-profile 1 --e-profile 0.001 --wg 0 --allow-deletion 0 --filter-msa 1 --filter-min-enable 0 --max-seq-id 0.9 --qid '0.0' --qsc -20 --cov 0 --diff 1000 --pseudo-cnt-mode 0 --min-length 15 --max-length 32734 --max-gaps 2147483647 --contig-start-mode 2 --contig-end-mode 2 --orf-start-mode 1 --forward-frames 1,2,3 --reverse-frames 1,2,3 --translation-table 1 --translate 0 --use-all-table-starts 0 --id-offset 0 --create-lookup 0 --sequence-overlap 0 --sequence-split-mode 1 --headers-split-mode 0 --chain-alignments 0 --merge-query 1 --search-type 0 --start-sens 4 --sens-steps 1 --prefilter-mode 0 --exhaustive-search 0 --exhaustive-search-filter 0 --strand 1 --lca-search 0 --disk-space-limit 0 --force-reuse 0 --remove-tmp-files 1 --metaeuk-eval 0.001 --metaeuk-tcov 0.5 --max-intron 130000 --min-intron 5 --min-exon-aa 15 --max-overlap 15 --max-exon-sets 1 --set-gap-open -1 --set-gap-extend -1 --reverse-fragments 0 

extractorfs /share/project/mieke/fdog_neighbor_regions/output_debug_tmp_searchtool/XP_037025795_1_LOC119067126_337/tmp/BRAPE_1817611_1/metaeuk/729221679992995362/contigs /share/project/mieke/fdog_neighbor_regions/output_debug_tmp_searchtool/XP_037025795_1_LOC119067126_337/tmp/BRAPE_1817611_1/metaeuk/729221679992995362/tmp_predict/3326036393436832896/nucl_6f --min-length 15 --max-length 32734 --max-gaps 2147483647 --contig-start-mode 2 --contig-end-mode 2 --orf-start-mode 1 --forward-frames 1,2,3 --reverse-frames 1,2,3 --translation-table 1 --translate 0 --use-all-table-starts 0 --id-offset 0 --create-lookup 0 --threads 24 --compressed 0 -v 3 

[=================================================================] 1 0s 14ms
Time for merging to nucl_6f_h: 0h 0m 0s 176ms
Time for merging to nucl_6f: 0h 0m 0s 190ms
Time for processing: 0h 0m 1s 437ms
translatenucs /share/project/mieke/fdog_neighbor_regions/output_debug_tmp_searchtool/XP_037025795_1_LOC119067126_337/tmp/BRAPE_1817611_1/metaeuk/729221679992995362/tmp_predict/3326036393436832896/nucl_6f /share/project/mieke/fdog_neighbor_regions/output_debug_tmp_searchtool/XP_037025795_1_LOC119067126_337/tmp/BRAPE_1817611_1/metaeuk/729221679992995362/tmp_predict/3326036393436832896/aa_6f --translation-table 1 --add-orf-stop 0 -v 3 --compressed 0 --threads 24 

[=================================================================] 29 0s 17ms
Time for merging to aa_6f: 0h 0m 0s 378ms
Time for processing: 0h 0m 1s 121ms
Create directory /share/project/mieke/fdog_neighbor_regions/output_debug_tmp_searchtool/XP_037025795_1_LOC119067126_337/tmp/BRAPE_1817611_1/metaeuk/729221679992995362/tmp_predict/3326036393436832896/tmp_search
search /share/project/mieke/fdog_neighbor_regions/output_debug_tmp_searchtool/XP_037025795_1_LOC119067126_337/tmp/BRAPE_1817611_1/metaeuk/729221679992995362/tmp_predict/3326036393436832896/aa_6f /share/gluster/NOTLOESUNG/freya/uniref100/uniref100 /share/project/mieke/fdog_neighbor_regions/output_debug_tmp_searchtool/XP_037025795_1_LOC119067126_337/tmp/BRAPE_1817611_1/metaeuk/729221679992995362/tmp_predict/3326036393436832896/search_res /share/project/mieke/fdog_neighbor_regions/output_debug_tmp_searchtool/XP_037025795_1_LOC119067126_337/tmp/BRAPE_1817611_1/metaeuk/729221679992995362/tmp_predict/3326036393436832896/tmp_search --sub-mat 'aa:blosum62.out,nucl:nucleotide.out' -a 0 --alignment-mode 2 --alignment-output-mode 0 --wrapped-scoring 0 -e 100 --min-seq-id 0 --min-aln-len 15 --seq-id-mode 0 --alt-ali 0 -c 0 --cov-mode 0 --max-seq-len 160000 --comp-bias-corr 1 --comp-bias-corr-scale 1 --max-rejected 2147483647 --max-accept 2147483647 --add-self-matches 0 --db-load-mode 0 --pca substitution:1.100,context:1.400 --pcb substitution:4.100,context:5.800 --score-bias 0 --realign 0 --realign-score-bias -0.2 --realign-max-seqs 2147483647 --corr-score-weight 0 --gap-open aa:11,nucl:5 --gap-extend aa:1,nucl:2 --zdrop 40 --threads 24 --compressed 0 -v 3 --seed-sub-mat 'aa:VTML80.out,nucl:nucleotide.out' -s 6 -k 0 --target-search-mode 0 --k-score seq:2147483647,prof:2147483647 --alph-size aa:21,nucl:5 --max-seqs 300 --split 0 --split-mode 2 --split-memory-limit 0 --diag-score 1 --exact-kmer-matching 0 --mask 1 --mask-prob 0.9 --mask-lower-case 0 --min-ungapped-score 15 --spaced-kmer-mode 1 --rescore-mode 0 --filter-hits 0 --sort-results 0 --mask-profile 1 --e-profile 0.001 --wg 0 --allow-deletion 0 --filter-msa 1 --filter-min-enable 0 --max-seq-id 0.9 --qid '0.0' --qsc -20 --cov 0 --diff 1000 --pseudo-cnt-mode 0 --min-length 15 --max-length 32734 --max-gaps 2147483647 --contig-start-mode 2 --contig-end-mode 2 --orf-start-mode 1 --forward-frames 1,2,3 --reverse-frames 1,2,3 --translation-table 1 --translate 0 --use-all-table-starts 0 --id-offset 0 --create-lookup 0 --add-orf-stop 0 --sequence-overlap 0 --sequence-split-mode 1 --headers-split-mode 0 --chain-alignments 0 --merge-query 1 --search-type 0 --num-iterations 1 --start-sens 4 --sens-steps 1 --prefilter-mode 0 --exhaustive-search 0 --exhaustive-search-filter 0 --strand 1 --lca-search 0 --disk-space-limit 0 --force-reuse 0 --remove-tmp-files 1 

prefilter /share/project/mieke/fdog_neighbor_regions/output_debug_tmp_searchtool/XP_037025795_1_LOC119067126_337/tmp/LYCAG_1887995_1/metaeuk/13071045480286551061/tmp_predict/4708890839988552090/aa_6f /share/gluster/NOTLOESUNG/freya/uniref100/uniref100 /share/project/mieke/fdog_neighbor_regions/output_debug_tmp_searchtool/XP_037025795_1_LOC119067126_337/tmp/LYCAG_1887995_1/metaeuk/13071045480286551061/tmp_predict/4708890839988552090/tmp_search/15043921803505126293/pref_0 --sub-mat 'aa:blosum62.out,nucl:nucleotide.out' --seed-sub-mat 'aa:VTML80.out,nucl:nucleotide.out' -k 0 --target-search-mode 0 --k-score seq:2147483647,prof:2147483647 --alph-size aa:21,nucl:5 --max-seq-len 160000 --max-seqs 300 --split 0 --split-mode 2 --split-memory-limit 0 -c 0 --cov-mode 0 --comp-bias-corr 1 --comp-bias-corr-scale 1 --diag-score 1 --exact-kmer-matching 0 --mask 1 --mask-prob 0.9 --mask-lower-case 0 --min-ungapped-score 15 --add-self-matches 0 --spaced-kmer-mode 1 --db-load-mode 0 --pca substitution:1.100,context:1.400 --pcb substitution:4.100,context:5.800 --threads 24 --compressed 0 -v 3 -s 6.0 

Query database size: 82 type: Aminoacid
Target split mode. Searching through 20 splits
Estimated memory consumption: 116G
Target database size: 465330530 type: Aminoacid
Process prefiltering step 1 of 20

Index table k-mer threshold: 118 at k-mer size 7 
Index table: counting k-mers
[=prefilter /share/project/mieke/fdog_neighbor_regions/output_debug_tmp_searchtool/XP_037025795_1_LOC119067126_337/tmp/BRAAL_1260807_1/metaeuk/10078747753898946709/tmp_predict/7620687135383569618/aa_6f /share/gluster/NOTLOESUNG/freya/uniref100/uniref100 /share/project/mieke/fdog_neighbor_regions/output_debug_tmp_searchtool/XP_037025795_1_LOC119067126_337/tmp/BRAAL_1260807_1/metaeuk/10078747753898946709/tmp_predict/7620687135383569618/tmp_search/3665848356732888516/pref_0 --sub-mat 'aa:blosum62.out,nucl:nucleotide.out' --seed-sub-mat 'aa:VTML80.out,nucl:nucleotide.out' -k 0 --target-search-mode 0 --k-score seq:2147483647,prof:2147483647 --alph-size aa:21,nucl:5 --max-seq-len 160000 --max-seqs 300 --split 0 --split-mode 2 --split-memory-limit 0 -c 0 --cov-mode 0 --comp-bias-corr 1 --comp-bias-corr-scale 1 --diag-score 1 --exact-kmer-matching 0 --mask 1 --mask-prob 0.9 --mask-lower-case 0 --min-ungapped-score 15 --add-self-matches 0 --spaced-kmer-mode 1 --db-load-mode 0 --pca substitution:1.100,context:1.400 --pcb substitution:4.100,context:5.800 --threads 24 --compressed 0 -v 3 -s 6.0 

Query database size: 1302 type: Aminoacid
Target split mode. Searching through 20 splits
Estimated memory consumption: 116G
Target database size: 465330530 type: Aminoacid
Process prefiltering step 1 of 20

Index table k-mer threshold: 118 at k-mer size 7 
Index table: counting k-mers
[=prefilter /share/project/mieke/fdog_neighbor_regions/output_debug_tmp_searchtool/XP_037025795_1_LOC119067126_337/tmp/LYCIN_767460_1/metaeuk/1102413611910332553/tmp_predict/7485443669238111325/aa_6f /share/gluster/NOTLOESUNG/freya/uniref100/uniref100 /share/project/mieke/fdog_neighbor_regions/output_debug_tmp_searchtool/XP_037025795_1_LOC119067126_337/tmp/LYCIN_767460_1/metaeuk/1102413611910332553/tmp_predict/7485443669238111325/tmp_search/8820105970842760928/pref_0 --sub-mat 'aa:blosum62.out,nucl:nucleotide.out' --seed-sub-mat 'aa:VTML80.out,nucl:nucleotide.out' -k 0 --target-search-mode 0 --k-score seq:2147483647,prof:2147483647 --alph-size aa:21,nucl:5 --max-seq-len 160000 --max-seqs 300 --split 0 --split-mode 2 --split-memory-limit 0 -c 0 --cov-mode 0 --comp-bias-corr 1 --comp-bias-corr-scale 1 --diag-score 1 --exact-kmer-matching 0 --mask 1 --mask-prob 0.9 --mask-lower-case 0 --min-ungapped-score 15 --add-self-matches 0 --spaced-kmer-mode 1 --db-load-mode 0 --pca substitution:1.100,context:1.400 --pcb substitution:4.100,context:5.800 --threads 24 --compressed 0 -v 3 -s 6.0 

Query database size: 1850 type: Aminoacid
Target split mode. Searching through 20 splits
Estimated memory consumption: 116G
Target database size: 465330530 type: Aminoacid
Process prefiltering step 1 of 20

Index table k-mer threshold: 118 at k-mer size 7 
Index table: counting k-mers
[=prefilter /share/project/mieke/fdog_neighbor_regions/output_debug_tmp_searchtool/XP_037025795_1_LOC119067126_337/tmp/BRAOC_1260802_1/metaeuk/16972724140392947310/tmp_predict/11476552227543680755/aa_6f /share/gluster/NOTLOESUNG/freya/uniref100/uniref100 /share/project/mieke/fdog_neighbor_regions/output_debug_tmp_searchtool/XP_037025795_1_LOC119067126_337/tmp/BRAOC_1260802_1/metaeuk/16972724140392947310/tmp_predict/11476552227543680755/tmp_search/2314986025309335587/pref_0 --sub-mat 'aa:blosum62.out,nucl:nucleotide.out' --seed-sub-mat 'aa:VTML80.out,nucl:nucleotide.out' -k 0 --target-search-mode 0 --k-score seq:2147483647,prof:2147483647 --alph-size aa:21,nucl:5 --max-seq-len 160000 --max-seqs 300 --split 0 --split-mode 2 --split-memory-limit 0 -c 0 --cov-mode 0 --comp-bias-corr 1 --comp-bias-corr-scale 1 --diag-score 1 --exact-kmer-matching 0 --mask 1 --mask-prob 0.9 --mask-lower-case 0 --min-ungapped-score 15 --add-self-matches 0 --spaced-kmer-mode 1 --db-load-mode 0 --pca substitution:1.100,context:1.400 --pcb substitution:4.100,context:5.800 --threads 24 --compressed 0 -v 3 -s 6.0 

Query database size: 601 type: Aminoacid
Target split mode. Searching through 20 splits
Estimated memory consumption: 116G
Target database size: 465330530 type: Aminoacid
Process prefiltering step 1 of 20

Index table k-mer threshold: 118 at k-mer size 7 
Index table: counting k-mers
[=prefilter /share/project/mieke/fdog_neighbor_regions/output_debug_tmp_searchtool/XP_037025795_1_LOC119067126_337/tmp/PHYFL_1260839_1/metaeuk/17441793636276781359/tmp_predict/1928137441536460975/aa_6f /share/gluster/NOTLOESUNG/freya/uniref100/uniref100 /share/project/mieke/fdog_neighbor_regions/output_debug_tmp_searchtool/XP_037025795_1_LOC119067126_337/tmp/PHYFL_1260839_1/metaeuk/17441793636276781359/tmp_predict/1928137441536460975/tmp_search/2898888182621398492/pref_0 --sub-mat 'aa:blosum62.out,nucl:nucleotide.out' --seed-sub-mat 'aa:VTML80.out,nucl:nucleotide.out' -k 0 --target-search-mode 0 --k-score seq:2147483647,prof:2147483647 --alph-size aa:21,nucl:5 --max-seq-len 160000 --max-seqs 300 --split 0 --split-mode 2 --split-memory-limit 0 -c 0 --cov-mode 0 --comp-bias-corr 1 --comp-bias-corr-scale 1 --diag-score 1 --exact-kmer-matching 0 --mask 1 --mask-prob 0.9 --mask-lower-case 0 --min-ungapped-score 15 --add-self-matches 0 --spaced-kmer-mode 1 --db-load-mode 0 --pca substitution:1.100,context:1.400 --pcb substitution:4.100,context:5.800 --threads 24 --compressed 0 -v 3 -s 6.0 

Query database size: 773 type: Aminoacid
Target split mode. Searching through 20 splits
Estimated memory consumption: 116G
Target database size: 465330530 type: Aminoacid
Process prefiltering step 1 of 20

Index table k-mer threshold: 118 at k-mer size 7 
Index table: counting k-mers
[==prefilter /share/project/mieke/fdog_neighbor_regions/output_debug_tmp_searchtool/XP_037025795_1_LOC119067126_337/tmp/PSEHY_35572_1/metaeuk/9603624909444621333/tmp_predict/16156196015101051229/aa_6f /share/gluster/NOTLOESUNG/freya/uniref100/uniref100 /share/project/mieke/fdog_neighbor_regions/output_debug_tmp_searchtool/XP_037025795_1_LOC119067126_337/tmp/PSEHY_35572_1/metaeuk/9603624909444621333/tmp_predict/16156196015101051229/tmp_search/267907207831613289/pref_0 --sub-mat 'aa:blosum62.out,nucl:nucleotide.out' --seed-sub-mat 'aa:VTML80.out,nucl:nucleotide.out' -k 0 --target-search-mode 0 --k-score seq:2147483647,prof:2147483647 --alph-size aa:21,nucl:5 --max-seq-len 160000 --max-seqs 300 --split 0 --split-mode 2 --split-memory-limit 0 -c 0 --cov-mode 0 --comp-bias-corr 1 --comp-bias-corr-scale 1 --diag-score 1 --exact-kmer-matching 0 --mask 1 --mask-prob 0.9 --mask-lower-case 0 --min-ungapped-score 15 --add-self-matches 0 --spaced-kmer-mode 1 --db-load-mode 0 --pca substitution:1.100,context:1.400 --pcb substitution:4.100,context:5.800 --threads 24 --compressed 0 -v 3 -s 6.0 

Query database size: 1773 type: Aminoacid
Target split mode. Searching through 20 splits
Estimated memory consumption: 116G
Target database size: 465330530 type: Aminoacid
Process prefiltering step 1 of 20

Index table k-mer threshold: 118 at k-mer size 7 
Index table: counting k-mers
[==prefilter /share/project/mieke/fdog_neighbor_regions/output_debug_tmp_searchtool/XP_037025795_1_LOC119067126_337/tmp/TRISP_1260884_1/metaeuk/16959606317317400203/tmp_predict/8943621205965217145/aa_6f /share/gluster/NOTLOESUNG/freya/uniref100/uniref100 /share/project/mieke/fdog_neighbor_regions/output_debug_tmp_searchtool/XP_037025795_1_LOC119067126_337/tmp/TRISP_1260884_1/metaeuk/16959606317317400203/tmp_predict/8943621205965217145/tmp_search/2852606107746997111/pref_0 --sub-mat 'aa:blosum62.out,nucl:nucleotide.out' --seed-sub-mat 'aa:VTML80.out,nucl:nucleotide.out' -k 0 --target-search-mode 0 --k-score seq:2147483647,prof:2147483647 --alph-size aa:21,nucl:5 --max-seq-len 160000 --max-seqs 300 --split 0 --split-mode 2 --split-memory-limit 0 -c 0 --cov-mode 0 --comp-bias-corr 1 --comp-bias-corr-scale 1 --diag-score 1 --exact-kmer-matching 0 --mask 1 --mask-prob 0.9 --mask-lower-case 0 --min-ungapped-score 15 --add-self-matches 0 --spaced-kmer-mode 1 --db-load-mode 0 --pca substitution:1.100,context:1.400 --pcb substitution:4.100,context:5.800 --threads 24 --compressed 0 -v 3 -s 6.0 

Query database size: 98 type: Aminoacid
Target split mode. Searching through 20 splits
Estimated memory consumption: 116G
Target database size: 465330530 type: Aminoacid
Process prefiltering step 1 of 20

Index table k-mer threshold: 118 at k-mer size 7 
Index table: counting k-mers
[====Killed
Error: Prefilter died
Error: search step died
Error: predictexons step died
 23%|██▎       | 3/13 [10:35<42:07, 252.70s/it]===================Killed
Error: Prefilter died
Error: search step died
Error: predictexons step died
 31%|███       | 4/13 [18:03<49:29, 329.95s/it]==================================Killed
Error: Prefilter died
Error: search step died
Error: predictexons step died
 38%|███▊      | 5/13 [23:31<43:52, 329.11s/it]======Killed
Error: Prefilter died
Error: search step died
Error: predictexons step died
 46%|████▌     | 6/13 [24:36<27:55, 239.41s/it]======prefilter /share/project/mieke/fdog_neighbor_regions/output_debug_tmp_searchtool/XP_037025795_1_LOC119067126_337/tmp/BRAIM_335710_1/metaeuk/18059726839055657278/tmp_predict/16803731735638673096/aa_6f /share/gluster/NOTLOESUNG/freya/uniref100/uniref100 /share/project/mieke/fdog_neighbor_regions/output_debug_tmp_searchtool/XP_037025795_1_LOC119067126_337/tmp/BRAIM_335710_1/metaeuk/18059726839055657278/tmp_predict/16803731735638673096/tmp_search/1245176409807569260/pref_0 --sub-mat 'aa:blosum62.out,nucl:nucleotide.out' --seed-sub-mat 'aa:VTML80.out,nucl:nucleotide.out' -k 0 --target-search-mode 0 --k-score seq:2147483647,prof:2147483647 --alph-size aa:21,nucl:5 --max-seq-len 160000 --max-seqs 300 --split 0 --split-mode 2 --split-memory-limit 0 -c 0 --cov-mode 0 --comp-bias-corr 1 --comp-bias-corr-scale 1 --diag-score 1 --exact-kmer-matching 0 --mask 1 --mask-prob 0.9 --mask-lower-case 0 --min-ungapped-score 15 --add-self-matches 0 --spaced-kmer-mode 1 --db-load-mode 0 --pca substitution:1.100,context:1.400 --pcb substitution:4.100,context:5.800 --threads 24 --compressed 0 -v 3 -s 6.0 

Query database size: 2419 type: Aminoacid
Target split mode. Searching through 20 splits
Estimated memory consumption: 116G
Target database size: 465330530 type: Aminoacid
Process prefiltering step 1 of 20

Index table k-mer threshold: 118 at k-mer size 7 
Index table: counting k-mers
[===prefilter /share/project/mieke/fdog_neighbor_regions/output_debug_tmp_searchtool/XP_037025795_1_LOC119067126_337/tmp/BRADE_3151524_1/metaeuk/6358213526582179409/tmp_predict/11443770000146717318/aa_6f /share/gluster/NOTLOESUNG/freya/uniref100/uniref100 /share/project/mieke/fdog_neighbor_regions/output_debug_tmp_searchtool/XP_037025795_1_LOC119067126_337/tmp/BRADE_3151524_1/metaeuk/6358213526582179409/tmp_predict/11443770000146717318/tmp_search/13019426619933949768/pref_0 --sub-mat 'aa:blosum62.out,nucl:nucleotide.out' --seed-sub-mat 'aa:VTML80.out,nucl:nucleotide.out' -k 0 --target-search-mode 0 --k-score seq:2147483647,prof:2147483647 --alph-size aa:21,nucl:5 --max-seq-len 160000 --max-seqs 300 --split 0 --split-mode 2 --split-memory-limit 0 -c 0 --cov-mode 0 --comp-bias-corr 1 --comp-bias-corr-scale 1 --diag-score 1 --exact-kmer-matching 0 --mask 1 --mask-prob 0.9 --mask-lower-case 0 --min-ungapped-score 15 --add-self-matches 0 --spaced-kmer-mode 1 --db-load-mode 0 --pca substitution:1.100,context:1.400 --pcb substitution:4.100,context:5.800 --threads 24 --compressed 0 -v 3 -s 6.0 

Query database size: 209 type: Aminoacid
Target split mode. Searching through 20 splits
Estimated memory consumption: 116G
Target database size: 465330530 type: Aminoacid
Process prefiltering step 1 of 20

Index table k-mer threshold: 118 at k-mer size 7 
Index table: counting k-mers
[==prefilter /share/project/mieke/fdog_neighbor_regions/output_debug_tmp_searchtool/XP_037025795_1_LOC119067126_337/tmp/BRAPE_1817611_1/metaeuk/729221679992995362/tmp_predict/3326036393436832896/aa_6f /share/gluster/NOTLOESUNG/freya/uniref100/uniref100 /share/project/mieke/fdog_neighbor_regions/output_debug_tmp_searchtool/XP_037025795_1_LOC119067126_337/tmp/BRAPE_1817611_1/metaeuk/729221679992995362/tmp_predict/3326036393436832896/tmp_search/13752376301139053660/pref_0 --sub-mat 'aa:blosum62.out,nucl:nucleotide.out' --seed-sub-mat 'aa:VTML80.out,nucl:nucleotide.out' -k 0 --target-search-mode 0 --k-score seq:2147483647,prof:2147483647 --alph-size aa:21,nucl:5 --max-seq-len 160000 --max-seqs 300 --split 0 --split-mode 2 --split-memory-limit 0 -c 0 --cov-mode 0 --comp-bias-corr 1 --comp-bias-corr-scale 1 --diag-score 1 --exact-kmer-matching 0 --mask 1 --mask-prob 0.9 --mask-lower-case 0 --min-ungapped-score 15 --add-self-matches 0 --spaced-kmer-mode 1 --db-load-mode 0 --pca substitution:1.100,context:1.400 --pcb substitution:4.100,context:5.800 --threads 24 --compressed 0 -v 3 -s 6.0 

Query database size: 29 type: Aminoacid
Target split mode. Searching through 20 splits
Estimated memory consumption: 116G
Target database size: 465330530 type: Aminoacid
Process prefiltering step 1 of 20

Index table k-mer threshold: 118 at k-mer size 7 
Index table: counting k-mers
[=prefilter /share/project/mieke/fdog_neighbor_regions/output_debug_tmp_searchtool/XP_037025795_1_LOC119067126_337/tmp/BRAOD_1564500_1/metaeuk/13853253850528765042/tmp_predict/18005076790854363168/aa_6f /share/gluster/NOTLOESUNG/freya/uniref100/uniref100 /share/project/mieke/fdog_neighbor_regions/output_debug_tmp_searchtool/XP_037025795_1_LOC119067126_337/tmp/BRAOD_1564500_1/metaeuk/13853253850528765042/tmp_predict/18005076790854363168/tmp_search/15104974529066813823/pref_0 --sub-mat 'aa:blosum62.out,nucl:nucleotide.out' --seed-sub-mat 'aa:VTML80.out,nucl:nucleotide.out' -k 0 --target-search-mode 0 --k-score seq:2147483647,prof:2147483647 --alph-size aa:21,nucl:5 --max-seq-len 160000 --max-seqs 300 --split 0 --split-mode 2 --split-memory-limit 0 -c 0 --cov-mode 0 --comp-bias-corr 1 --comp-bias-corr-scale 1 --diag-score 1 --exact-kmer-matching 0 --mask 1 --mask-prob 0.9 --mask-lower-case 0 --min-ungapped-score 15 --add-self-matches 0 --spaced-kmer-mode 1 --db-load-mode 0 --pca substitution:1.100,context:1.400 --pcb substitution:4.100,context:5.800 --threads 24 --compressed 0 -v 3 -s 6.0 

Query database size: 1165 type: Aminoacid
Target split mode. Searching through 20 splits
Estimated memory consumption: 116G
Target database size: 465330530 type: Aminoacid
Process prefiltering step 1 of 20

Index table k-mer threshold: 118 at k-mer size 7 
Index table: counting k-mers
[=====================Bus error
Error: Prefilter died
Error: search step died
Error: predictexons step died
Bus error
Error: Prefilter died
Error: search step died
Error: predictexons step died
 46%|████▌     | 6/13 [53:53<1:02:52, 538.87s/it]
Searching in species RHISO@456999@v1

Time tblastn 2.435697555541992 in species RHISO@456999@v1
No candidate region found for species RHISO@456999@v1!

Searching in species BRACO@1817600@1

Time tblastn 10.18433427810669 in species BRACO@1817600@1
1 candiate region(s) were found for species BRACO@1817600@1.

Time metaeuk: 216.43603324890137 species BRACO@1817600@1 

Searching in species LYCAG@1887995@1

Time tblastn 7.9004175662994385 in species LYCAG@1887995@1
1 candiate region(s) were found for species LYCAG@1887995@1.

Time metaeuk: 598.1501543521881 species LYCAG@1887995@1 

Searching in species BRAAL@1260807@1

Time tblastn 8.429298877716064 in species BRAAL@1260807@1
1 candiate region(s) were found for species BRAAL@1260807@1.

Time metaeuk: 1036.320872783661 species BRAAL@1260807@1 

Searching in species PHYFL@1260839@1

Time tblastn 12.969363689422607 in species PHYFL@1260839@1
1 candiate region(s) were found for species PHYFL@1260839@1.

Time metaeuk: 1348.7754497528076 species PHYFL@1260839@1 

Searching in species LYCIN@767460@1

Time tblastn 11.145570993423462 in species LYCIN@767460@1
1 candiate region(s) were found for species LYCIN@767460@1.

Time metaeuk: 1443.9571120738983 species LYCIN@767460@1 

multiprocessing.pool.RemoteTraceback: 
"""
Traceback (most recent call last):
  File "/share/gluster/Projects/vinh/conda_envs/fdog_latest/lib/python3.12/multiprocessing/pool.py", line 125, in worker
    result = (True, func(*args, **kwds))
                    ^^^^^^^^^^^^^^^^^^^
  File "/share/gluster/Projects/vinh/conda_envs/fdog_latest/lib/python3.12/site-packages/fdog/fDOGassembly.py", line 1391, in ortholog_search_forward
    metaeuk_single(regions, candidatesOutFile, asName, group, tmp_path, mode, db, searchTool)
  File "/share/gluster/Projects/vinh/conda_envs/fdog_latest/lib/python3.12/site-packages/fdog/fDOGassembly.py", line 577, in metaeuk_single
    region.close()
OSError: [Errno 116] Stale file handle
"""

The above exception was the direct cause of the following exception:

Traceback (most recent call last):
  File "/share/gluster/Projects/vinh/conda_envs/fdog_latest/bin/fdog.assembly", line 8, in <module>
    sys.exit(main())
             ^^^^^^
  File "/share/gluster/Projects/vinh/conda_envs/fdog_latest/lib/python3.12/site-packages/fdog/fDOGassembly.py", line 1883, in main
    for i in tqdm(pool.imap_unordered(ortholog_search_forward, calls),total=len(calls)):
  File "/share/gluster/Projects/vinh/conda_envs/fdog_latest/lib/python3.12/site-packages/tqdm/std.py", line 1181, in __iter__
    for obj in iterable:
               ^^^^^^^^
  File "/share/gluster/Projects/vinh/conda_envs/fdog_latest/lib/python3.12/multiprocessing/pool.py", line 873, in next
    raise value
OSError: [Errno 116] Stale file handle
Bus error
Error: Prefilter died
Error: search step died
Error: predictexons step died
Bus error
Error: Prefilter died
Error: search step died
Error: predictexons step died
Bus error
Error: Prefilter died
Error: search step died
Error: predictexons step died
Bus error
Error: Prefilter died
Error: search step died
Error: predictexons step died
Bus error
Error: Prefilter died
Error: search step died
Error: predictexons step died
