271598	1	280	1.852E-73	5	19961	22311	460	136	0.483	8.995E-33	32	181	789	19961	20383	423	19943	20404
271598	1	280	1.852E-73	5	19961	22311	473	31	0.721	9.602E+01	255	273	789	20882	20938	57	20882	20956
271598	1	280	1.852E-73	5	19961	22311	486	52	0.393	9.594E-05	354	424	789	21318	21533	216	21282	21569
271598	1	280	1.852E-73	5	19961	22311	490	87	0.563	6.797E-17	426	502	789	21592	21825	234	21529	21831
271598	1	280	1.852E-73	5	19961	22311	499	123	0.471	2.066E-28	505	629	789	21892	22311	420	21862	22320
579079	1	244	1.273E-62	5	20006	22299	460	136	0.629	6.563E-33	42	149	769	20006	20326	321	19943	20404
579079	1	244	1.273E-62	5	20006	22299	466	61	0.673	8.553E-09	177	219	769	20526	20654	129	20526	20663
579079	1	244	1.273E-62	5	20006	22299	472	62	0.800	1.903E-08	221	256	769	20724	20831	108	20685	20930
579079	1	244	1.273E-62	5	20006	22299	486	57	0.420	1.562E-06	351	423	769	21318	21533	216	21282	21569
579079	1	244	1.273E-62	5	20006	22299	499	121	0.472	1.368E-27	502	613	769	21889	22299	411	21862	22320
868053	-1	53	3.995E-05	1	16584	16817	1615	53	0.378	4.237E-04	4	79	84	-16817	-16584	234	16898	16374
874590	-1	209	4.374E-52	2	2364	3136	1937	123	0.508	1.148E-28	14	140	275	-3136	-2759	378	3175	2759
874590	-1	209	4.374E-52	2	2364	3136	1945	117	0.587	1.125E-26	173	273	275	-2663	-2364	300	2792	2364
874988	-1	210	2.187E-52	2	2364	3136	1937	121	0.500	7.622E-28	142	268	403	-3136	-2759	378	3175	2759
874988	-1	210	2.187E-52	2	2364	3136	1945	120	0.597	1.696E-27	301	401	403	-2663	-2364	300	2792	2364
875794	-1	201	1.120E-49	2	2373	3136	1937	117	0.487	1.787E-26	54	180	315	-3136	-2759	378	3175	2759
875794	-1	201	1.120E-49	2	2373	3136	1945	115	0.592	7.458E-26	213	310	315	-2663	-2373	291	2792	2364
973997	-1	87	2.325E-15	1	2759	3004	1937	87	0.543	2.397E-16	0	81	96	-3004	-2759	246	3175	2759
1001427	-1	89	5.813E-16	1	2385	2663	1945	89	0.501	5.800E-17	10	102	111	-2663	-2385	279	2792	2364
1063910	-1	113	3.465E-23	1	2759	3100	1937	113	0.513	3.054E-25	0	114	181	-3100	-2759	342	3175	2759
1113117	-1	86	4.651E-15	1	2418	2663	1945	86	0.530	9.829E-16	10	92	110	-2663	-2418	246	2792	2364
1114404	-1	69	6.096E-10	1	2478	2663	1945	69	0.552	5.204E-10	22	84	85	-2663	-2478	186	2792	2364
1114688	-1	68	1.219E-09	1	2514	2663	1945	68	0.658	1.331E-09	23	72	76	-2663	-2514	150	2792	2364
1115135	-1	115	8.663E-24	1	2364	2663	1945	115	0.576	1.022E-25	10	110	111	-2663	-2364	300	2792	2364
1115602	-1	96	4.542E-18	1	2418	2663	1945	96	0.582	2.756E-19	10	92	95	-2663	-2418	246	2792	2364
1116383	-1	100	2.839E-19	1	2364	2663	1945	100	0.513	1.620E-20	10	110	111	-2663	-2364	300	2792	2364
1163379	-1	210	2.187E-52	2	2364	3136	1937	121	0.501	5.560E-28	54	180	314	-3136	-2759	378	3175	2759
1163379	-1	210	2.187E-52	2	2364	3136	1945	120	0.597	1.696E-27	213	313	314	-2663	-2364	300	2792	2364
15165126	1	237	1.629E-60	5	20009	22302	460	141	0.550	1.494E-34	42	173	776	20009	20389	381	19943	20404
15165126	1	237	1.629E-60	5	20009	22302	472	57	0.642	6.277E-07	202	244	776	20691	20819	129	20685	20930
15165126	1	237	1.629E-60	5	20009	22302	473	32	0.758	2.651E+01	245	263	776	20882	20938	57	20882	20956
15165126	1	237	1.629E-60	5	20009	22302	478	65	0.447	2.046E-09	259	333	776	20996	21226	231	20996	21262
15165126	1	237	1.629E-60	5	20009	22302	499	128	0.491	4.712E-30	493	613	776	21889	22302	414	21862	22320
15416790	-1	100	2.839E-19	1	2759	3070	1937	100	0.497	1.380E-20	0	104	165	-3070	-2759	312	3175	2759
15417527	-1	209	4.374E-52	2	2364	3136	1937	123	0.508	1.148E-28	54	180	315	-3136	-2759	378	3175	2759
15417527	-1	209	4.374E-52	2	2364	3136	1945	117	0.587	1.125E-26	213	313	315	-2663	-2364	300	2792	2364
15470028	-1	68	1.219E-09	1	2762	2974	1937	68	0.492	1.587E-09	7	77	90	-2974	-2762	213	3175	2759
15470238	-1	61	1.561E-07	1	2759	2983	1937	61	0.436	2.371E-07	4	78	119	-2983	-2759	225	3175	2759
15470890	-1	66	4.877E-09	1	2759	2992	1937	66	0.449	5.554E-09	0	77	99	-2992	-2759	234	3175	2759
15574870	-1	62	7.803E-08	1	16425	16820	1615	62	0.296	5.025E-07	98	230	255	-16820	-16425	396	16898	16374
15654850	-1	117	2.166E-24	1	2364	2663	1945	117	0.587	1.125E-26	22	122	123	-2663	-2364	300	2792	2364
15655452	-1	94	1.817E-17	1	2409	2663	1945	94	0.556	1.330E-18	6	91	137	-2663	-2409	255	2792	2364
15655516	-1	70	3.048E-10	1	2514	2663	1945	70	0.671	3.805E-10	22	71	80	-2663	-2514	150	2792	2364
15655742	-1	74	1.905E-11	1	2460	2663	1945	74	0.540	1.658E-11	10	78	79	-2663	-2460	204	2792	2364
15697772	-1	76	4.762E-12	1	2825	3139	1937	76	0.400	2.991E-12	14	117	118	-3139	-2825	315	3175	2759
15788747	-1	61	1.561E-07	1	16416	16814	1615	61	0.292	9.295E-07	93	226	259	-16814	-16416	399	16898	16374
15799561	-1	110	2.772E-22	1	2759	3136	1937	110	0.459	3.806E-24	54	182	186	-3136	-2759	378	3175	2759
24045684	-1	54	1.998E-05	1	16407	16811	1615	54	0.268	2.303E-04	67	200	225	-16811	-16407	405	16898	16374
24962471	-1	79	5.953E-13	1	2813	3136	1937	79	0.406	1.770E-13	47	152	166	-3136	-2813	324	3175	2759
29958177	-1	205	6.998E-51	2	2364	3136	1937	121	0.500	7.622E-28	85	211	346	-3136	-2759	378	3175	2759
29958177	-1	205	6.998E-51	2	2364	3136	1945	115	0.577	7.458E-26	244	344	346	-2663	-2364	300	2792	2364
30056105	-1	115	8.663E-24	1	2759	3139	1937	115	0.480	8.649E-26	0	126	158	-3139	-2759	381	3175	2759
30171607	-1	91	1.453E-16	1	2759	3136	1937	91	0.405	1.029E-17	18	143	243	-3136	-2759	378	3175	2759
30196211	-1	96	4.542E-18	1	2415	2669	1945	96	0.564	3.776E-19	20	105	106	-2669	-2415	255	2792	2364
30196875	-1	99	5.677E-19	1	2400	2663	1945	99	0.565	2.220E-20	23	111	112	-2663	-2400	264	2792	2364
30197306	-1	111	1.386E-22	1	2364	2663	1945	111	0.567	1.273E-24	23	122	123	-2663	-2364	300	2792	2364
30198145	-1	87	2.325E-15	1	2442	2663	1945	87	0.575	3.827E-16	10	85	104	-2663	-2442	222	2792	2364
30198236	-1	109	5.544E-22	1	2364	2663	1945	109	0.552	8.433E-24	10	110	111	-2663	-2364	300	2792	2364
30199631	-1	124	1.692E-26	1	2759	3136	1937	124	0.510	6.108E-29	48	174	232	-3136	-2759	378	3175	2759
30239529	-1	79	5.953E-13	1	2376	2663	1945	79	0.441	2.808E-13	34	129	135	-2663	-2376	288	2792	2364
30285837	-1	184	1.468E-44	2	2370	3001	1937	95	0.590	4.415E-19	0	80	215	-3001	-2759	243	3175	2759
30285837	-1	184	1.468E-44	2	2370	3001	1945	118	0.591	5.987E-27	111	211	215	-2669	-2370	300	2792	2364
44499874	-1	167	1.924E-39	2	2376	3019	1937	83	0.492	7.630E-15	0	87	226	-3019	-2759	261	3175	2759
44499874	-1	167	1.924E-39	2	2376	3019	1945	115	0.595	1.022E-25	120	216	226	-2663	-2376	288	2792	2364
44537185	-1	196	3.583E-48	2	2364	3100	1937	106	0.485	1.221E-22	0	114	248	-3100	-2759	342	3175	2759
44537185	-1	196	3.583E-48	2	2364	3100	1945	121	0.604	4.805E-28	147	247	248	-2663	-2364	300	2792	2364
44553142	-1	66	4.877E-09	1	2759	2992	1937	66	0.451	4.061E-09	1	78	137	-2992	-2759	234	3175	2759
44570309	1	549	1.953E-154	8	20391	23156	462	55	0.893	5.641E-07	104	131	705	20391	20474	84	20391	20495
44570309	1	549	1.953E-154	8	20391	23156	466	68	0.834	2.009E-11	131	168	705	20526	20639	114	20526	20663
44570309	1	549	1.953E-154	8	20391	23156	472	72	0.757	4.929E-12	167	211	705	20706	20837	132	20685	20930
44570309	1	549	1.953E-154	8	20391	23156	478	83	0.510	9.413E-16	219	302	705	20996	21247	252	20996	21262
44570309	1	549	1.953E-154	8	20391	23156	486	77	0.619	2.056E-13	318	378	705	21351	21533	183	21282	21569
44570309	1	549	1.953E-154	8	20391	23156	499	106	0.419	2.144E-22	457	571	705	21889	22308	420	21862	22320
44570309	1	549	1.953E-154	8	20391	23156	511	92	0.724	2.262E-18	575	634	705	22535	22717	183	22517	22846
44570309	1	549	1.953E-154	8	20391	23156	518	89	0.670	2.895E-18	636	700	705	22962	23156	195	22944	23165
44597214	-1	86	4.651E-15	1	2427	2663	1945	86	0.553	7.178E-16	40	118	121	-2663	-2427	237	2792	2364
44597655	-1	74	1.905E-11	1	2774	3004	1937	74	0.494	7.671E-12	0	77	81	-3004	-2774	231	3175	2759
44712172	-1	122	6.768E-26	2	2663	3136	1937	86	0.388	6.161E-16	18	142	277	-3136	-2759	378	3175	2759
44712172	-1	122	6.768E-26	2	2663	3136	1940	38	0.616	3.664E-01	146	174	277	-2749	-2663	87	2755	2654
44738456	-1	115	8.663E-24	1	2364	2663	1945	115	0.579	5.442E-26	23	123	124	-2663	-2364	300	2792	2364
44739002	-1	114	1.733E-23	1	2364	2663	1945	114	0.572	1.920E-25	10	110	111	-2663	-2364	300	2792	2364
44739243	-1	72	7.620E-11	1	2457	2663	1945	72	0.532	4.246E-11	23	91	116	-2663	-2457	207	2792	2364
44740501	-1	113	3.465E-23	1	2364	2663	1945	113	0.567	4.944E-25	6	106	107	-2663	-2364	300	2792	2364
44740997	-1	85	9.302E-15	1	2448	2663	1945	85	0.585	1.346E-15	10	82	85	-2663	-2448	216	2792	2364
44752062	-1	125	8.460E-27	1	2364	2663	1945	125	0.620	2.051E-29	19	119	120	-2663	-2364	300	2792	2364
44789584	-1	212	5.467E-53	2	2364	3136	1937	117	0.489	9.508E-27	169	295	429	-3136	-2759	378	3175	2759
44789584	-1	212	5.467E-53	2	2364	3136	1945	126	0.625	7.962E-30	328	428	429	-2663	-2364	300	2792	2364
44845627	-1	102	7.097E-20	1	2373	2624	1945	102	0.604	3.355E-21	25	108	113	-2624	-2373	252	2792	2364
51791495	-1	86	4.651E-15	1	2792	3136	1937	86	0.414	6.161E-16	42	156	158	-3136	-2792	345	3175	2759
53895754	-1	205	6.998E-51	2	2364	3136	1937	121	0.500	7.622E-28	54	180	314	-3136	-2759	378	3175	2759
53895754	-1	205	6.998E-51	2	2364	3136	1945	115	0.576	1.022E-25	213	313	314	-2663	-2364	300	2792	2364
54658254	-1	75	9.525E-12	1	2861	3091	1937	75	0.504	4.094E-12	28	104	106	-3091	-2861	231	3175	2759
58582579	1	212	5.467E-53	5	20691	22774	472	66	0.679	4.205E-10	210	256	779	20691	20831	141	20685	20930
58582579	1	212	5.467E-53	5	20691	22774	478	44	0.324	5.660E-02	272	349	779	21011	21247	237	20996	21262
58582579	1	212	5.467E-53	5	20691	22774	486	48	0.376	1.657E-03	353	423	779	21318	21530	213	21282	21569
58582579	1	212	5.467E-53	5	20691	22774	499	122	0.479	3.880E-28	505	619	779	21892	22299	408	21862	22320
58582579	1	212	5.467E-53	5	20691	22774	511	62	0.418	6.132E-08	657	730	779	22535	22774	240	22517	22846
58780177	1	225	6.674E-57	5	20000	22299	460	140	0.636	2.047E-34	42	151	722	20000	20326	327	19943	20404
58780177	1	225	6.674E-57	5	20000	22299	466	65	0.707	1.867E-10	179	222	722	20526	20657	132	20526	20663
58780177	1	225	6.674E-57	5	20000	22299	472	69	0.848	4.551E-11	221	258	722	20718	20831	114	20685	20930
58780177	1	225	6.674E-57	5	20000	22299	486	53	0.456	5.093E-05	368	427	722	21351	21530	180	21282	21569
58780177	1	225	6.674E-57	5	20000	22299	499	113	0.460	3.960E-25	511	621	722	21901	22299	399	21862	22320
58879280	1	362	3.830E-98	4	21889	23162	499	147	0.510	9.220E-37	214	365	549	21889	22302	414	21862	22320
58879280	1	362	3.830E-98	4	21889	23162	504	64	0.785	1.012E-09	365	402	549	22366	22479	114	22366	22527
58879280	1	362	3.830E-98	4	21889	23162	511	67	0.458	1.011E-09	403	479	549	22535	22717	183	22517	22846
58879280	1	362	3.830E-98	4	21889	23162	518	81	0.603	1.656E-15	481	547	549	22962	23162	201	22944	23165
58949717	1	419	2.658E-115	7	20526	22840	466	58	0.650	5.796E-08	85	127	690	20526	20654	129	20526	20663
58949717	1	419	2.658E-115	7	20526	22840	472	63	0.904	7.337E-09	129	160	690	20724	20819	96	20685	20930
58949717	1	419	2.658E-115	7	20526	22840	478	64	0.428	5.300E-09	175	252	690	20996	21235	240	20996	21262
58949717	1	419	2.658E-115	7	20526	22840	486	62	0.452	3.489E-08	260	331	690	21318	21533	216	21282	21569
58949717	1	419	2.658E-115	7	20526	22840	499	124	0.487	5.860E-29	410	522	690	21889	22296	408	21862	22320
58949717	1	419	2.658E-115	7	20526	22840	504	61	0.749	1.296E-08	524	561	690	22366	22479	114	22366	22527
58949717	1	419	2.658E-115	7	20526	22840	511	76	0.409	5.135E-13	562	664	690	22535	22840	306	22517	22846
59040988	-1	123	3.384E-26	1	2759	3136	1937	123	0.508	1.148E-28	54	180	181	-3136	-2759	378	3175	2759
59080728	-1	171	1.202E-40	2	2454	3136	1937	119	0.487	3.691E-27	90	218	368	-3136	-2759	378	3175	2759
59080728	-1	171	1.202E-40	2	2454	3136	1945	83	0.584	8.871E-15	251	321	368	-2663	-2454	210	2792	2364
59139372	-1	65	9.753E-09	1	2478	2663	1945	65	0.522	1.624E-08	10	72	73	-2663	-2478	186	2792	2364
59279588	-1	93	3.633E-17	1	2364	2660	1945	93	0.494	2.495E-18	11	109	119	-2660	-2364	297	2792	2364
59279676	-1	116	4.331E-24	1	2364	2663	1945	116	0.581	3.970E-26	31	131	132	-2663	-2364	300	2792	2364
59280022	-1	81	1.488E-13	1	2433	2663	1945	81	0.531	4.267E-14	6	83	91	-2663	-2433	231	2792	2364
59280138	-1	95	9.084E-18	1	2385	2663	1945	95	0.521	7.086E-19	10	103	108	-2663	-2385	279	2792	2364
59280282	-1	114	1.733E-23	1	2364	2663	1945	114	0.572	1.920E-25	34	134	135	-2663	-2364	300	2792	2364
59280303	-1	67	2.438E-09	1	2517	2654	1945	67	0.699	2.488E-09	12	57	72	-2654	-2517	138	2792	2364
59280991	-1	109	5.544E-22	1	2364	2648	1945	109	0.576	8.433E-24	48	143	144	-2648	-2364	285	2792	2364
59281344	-1	89	5.813E-16	1	2427	2663	1945	89	0.562	7.944E-17	34	113	114	-2663	-2427	237	2792	2364
59281422	-1	84	1.860E-14	1	2448	2663	1945	84	0.582	4.732E-15	34	105	108	-2663	-2448	216	2792	2364
59281453	-1	201	1.120E-49	2	2373	3136	1937	122	0.504	2.958E-28	46	172	307	-3136	-2759	378	3175	2759
59281453	-1	201	1.120E-49	2	2373	3136	1945	111	0.575	1.744E-24	206	303	307	-2663	-2373	291	2792	2364
59281938	-1	68	1.219E-09	1	2478	2663	1945	68	0.546	9.732E-10	10	72	73	-2663	-2478	186	2792	2364
59282671	-1	63	3.901E-08	1	2514	2663	1945	63	0.610	1.058E-07	28	77	78	-2663	-2514	150	2792	2364
59282733	-1	88	1.163E-15	1	2370	2657	1945	88	0.483	1.490E-16	12	107	110	-2657	-2370	288	2792	2364
59282832	-1	61	1.561E-07	1	2514	2663	1945	61	0.600	2.700E-07	31	80	84	-2663	-2514	150	2792	2364
59329039	1	50	3.196E-04	1	2598	2852	68	50	0.340	7.588E-04	37	121	155	2598	2852	255	2592	2918
59329632	-1	213	2.733E-53	2	2364	3136	1937	121	0.500	7.622E-28	184	310	444	-3136	-2759	378	3175	2759
59329632	-1	213	2.733E-53	2	2364	3136	1945	123	0.612	9.928E-29	343	443	444	-2663	-2364	300	2792	2364
59330884	-1	76	4.762E-12	1	2364	2663	1945	76	0.416	2.526E-12	10	80	81	-2663	-2364	300	2792	2364
70581724	-1	54	1.998E-05	1	16416	16829	1615	54	0.261	2.303E-04	67	207	228	-16829	-16416	414	16898	16374
72978775	1	234	1.303E-59	5	20009	22302	460	136	0.542	4.789E-33	42	171	774	20009	20389	381	19943	20404
72978775	1	234	1.303E-59	5	20009	22302	472	57	0.642	6.277E-07	200	242	774	20691	20819	129	20685	20930
72978775	1	234	1.303E-59	5	20009	22302	473	32	0.758	2.651E+01	243	261	774	20882	20938	57	20882	20956
72978775	1	234	1.303E-59	5	20009	22302	478	66	0.451	1.084E-09	257	331	774	20996	21226	231	20996	21262
72978775	1	234	1.303E-59	5	20009	22302	499	129	0.494	1.831E-30	491	611	774	21889	22302	414	21862	22320
73582639	-1	134	1.652E-29	2	2514	3100	1937	97	0.454	1.252E-19	0	114	207	-3100	-2759	342	3175	2759
73582639	-1	134	1.652E-29	2	2514	3100	1945	68	0.661	9.732E-10	147	196	207	-2663	-2514	150	2792	2364
73596780	-1	87	2.325E-15	1	2759	3136	1937	87	0.392	2.397E-16	18	143	183	-3136	-2759	378	3175	2759
73682265	-1	107	2.218E-21	1	2759	3070	1937	107	0.530	4.742E-23	0	103	134	-3070	-2759	312	3175	2759
73821167	-1	116	4.331E-24	1	2364	2663	1945	116	0.581	3.970E-26	48	148	149	-2663	-2364	300	2792	2364
73822052	-1	114	1.733E-23	1	2364	2663	1945	114	0.574	1.401E-25	10	110	111	-2663	-2364	300	2792	2364
73823317	-1	209	4.374E-52	2	2364	3136	1937	124	0.510	6.108E-29	54	180	314	-3136	-2759	378	3175	2759
73823317	-1	209	4.374E-52	2	2364	3136	1945	116	0.581	3.970E-26	213	313	314	-2663	-2364	300	2792	2364
73823864	-1	114	1.733E-23	1	2364	2663	1945	114	0.577	1.920E-25	6	104	106	-2663	-2364	300	2792	2364
88125298	-1	207	1.749E-51	2	2364	3136	1937	123	0.507	1.574E-28	178	304	439	-3136	-2759	378	3175	2759
88125298	-1	207	1.749E-51	2	2364	3136	1945	115	0.579	5.442E-26	337	437	439	-2663	-2364	300	2792	2364
88162018	-1	198	8.957E-49	2	2364	3100	1937	106	0.487	8.908E-23	0	114	248	-3100	-2759	342	3175	2759
88162018	-1	198	8.957E-49	2	2364	3100	1945	123	0.610	1.361E-28	147	247	248	-2663	-2364	300	2792	2364
88222068	-1	86	4.651E-15	1	2759	3001	1937	86	0.542	6.161E-16	0	80	132	-3001	-2759	243	3175	2759
88363699	-1	114	1.733E-23	1	2364	2663	1945	114	0.574	1.401E-25	23	123	124	-2663	-2364	300	2792	2364
88363783	-1	110	2.772E-22	1	2364	2648	1945	110	0.579	4.490E-24	27	122	123	-2648	-2364	285	2792	2364
88363966	-1	207	1.749E-51	2	2364	3136	1937	122	0.505	2.158E-28	54	180	319	-3136	-2759	378	3175	2759
88363966	-1	207	1.749E-51	2	2364	3136	1945	116	0.581	3.970E-26	213	313	319	-2663	-2364	300	2792	2364
88364207	-1	170	2.404E-40	2	2364	2971	1937	85	0.596	1.583E-15	20	90	224	-2971	-2759	213	3175	2759
88364207	-1	170	2.404E-40	2	2364	2971	1945	116	0.581	3.970E-26	123	223	224	-2663	-2364	300	2792	2364
88364825	-1	102	7.097E-20	1	2367	2663	1945	102	0.528	1.787E-21	23	122	133	-2663	-2367	297	2792	2364
88364906	-1	190	2.293E-46	2	2364	3088	1937	105	0.496	2.294E-22	12	122	256	-3088	-2759	330	3175	2759
88364906	-1	190	2.293E-46	2	2364	3088	1945	116	0.581	3.970E-26	155	255	256	-2663	-2364	300	2792	2364
88365307	-1	106	4.435E-21	1	2364	2663	1945	106	0.538	1.438E-22	23	123	124	-2663	-2364	300	2792	2364
88365555	-1	104	1.774E-20	1	2364	2663	1945	104	0.531	5.069E-22	6	106	107	-2663	-2364	300	2792	2364
88365743	-1	162	6.155E-38	2	2364	2968	1937	86	0.610	6.161E-16	79	148	280	-2968	-2759	210	3175	2759
88365743	-1	162	6.155E-38	2	2364	2968	1945	107	0.549	4.077E-23	181	279	280	-2663	-2364	300	2792	2364
88498197	-1	57	2.497E-06	1	16386	16817	1615	57	0.265	2.714E-05	102	246	259	-16817	-16386	432	16898	16374
88509389	-1	195	7.166E-48	2	2364	3070	1937	106	0.521	1.221E-22	0	104	239	-3070	-2759	312	3175	2759
88509389	-1	195	7.166E-48	2	2364	3070	1945	120	0.599	1.237E-27	137	237	239	-2663	-2364	300	2792	2364
98209102	-1	74	1.905E-11	1	2418	2663	1945	74	0.473	1.212E-11	27	104	107	-2663	-2418	246	2792	2364
98494608	1	129	5.287E-28	1	19976	20326	460	129	0.556	1.909E-30	42	160	175	19976	20326	351	19943	20404
99313418	-1	87	2.325E-15	1	2759	3040	1937	87	0.488	2.397E-16	1	94	135	-3040	-2759	282	3175	2759
100086900	-1	83	3.721E-14	2	16416	16941	1608	39	0.537	5.896E-01	65	99	268	-16941	-16837	105	16986	16822
100086900	-1	83	3.721E-14	2	16416	16941	1615	47	0.240	5.423E-02	104	244	268	-16829	-16416	414	16898	16374
100122477	-1	85	9.302E-15	1	2762	3136	1937	85	0.386	1.583E-15	19	143	156	-3136	-2762	375	3175	2759
102128950	1	305	5.520E-81	7	20006	22843	460	145	0.671	3.398E-36	0	106	745	20006	20326	321	19943	20404
102128950	1	305	5.520E-81	7	20006	22843	466	59	0.731	3.063E-08	132	169	745	20526	20639	114	20526	20663
102128950	1	305	5.520E-81	7	20006	22843	472	69	0.756	6.253E-11	165	207	745	20691	20819	129	20685	20930
102128950	1	305	5.520E-81	7	20006	22843	486	64	0.521	7.154E-09	320	381	745	21351	21533	183	21282	21569
102128950	1	305	5.520E-81	7	20006	22843	490	80	0.527	1.479E-14	383	458	745	21592	21825	234	21529	21831
102128950	1	305	5.520E-81	7	20006	22843	504	62	0.763	4.979E-09	576	613	745	22366	22479	114	22366	22527
102128950	1	305	5.520E-81	7	20006	22843	511	75	0.374	1.326E-12	614	728	745	22535	22843	309	22517	22846
102131479	1	280	1.852E-73	6	20882	23153	473	33	0.767	1.922E+01	243	261	776	20882	20938	57	20882	20956
102131479	1	280	1.852E-73	6	20882	23153	478	59	0.376	2.389E-07	257	342	776	20996	21259	264	20996	21262
102131479	1	280	1.852E-73	6	20882	23153	490	89	0.560	1.916E-17	413	491	776	21586	21825	240	21529	21831
102131479	1	280	1.852E-73	6	20882	23153	499	121	0.472	1.368E-27	494	613	776	21892	22302	411	21862	22320
102131479	1	280	1.852E-73	6	20882	23153	504	53	0.664	5.560E-06	613	650	776	22366	22479	114	22366	22527
102131479	1	280	1.852E-73	6	20882	23153	518	54	0.445	5.589E-06	710	772	776	22962	23153	192	22944	23165
102250303	1	281	9.261E-74	8	20009	23165	460	133	0.621	8.169E-32	199	305	947	20009	20326	318	19943	20404
102250303	1	281	9.261E-74	8	20009	23165	462	49	0.801	6.794E-05	304	331	947	20391	20474	84	20391	20495
102250303	1	281	9.261E-74	8	20009	23165	472	55	0.737	4.228E-06	373	407	947	20715	20819	105	20685	20930
102250303	1	281	9.261E-74	8	20009	23165	473	32	0.748	3.656E+01	408	426	947	20882	20938	57	20882	20956
102250303	1	281	9.261E-74	8	20009	23165	478	67	0.421	4.186E-10	422	504	947	20996	21253	258	20996	21262
102250303	1	281	9.261E-74	8	20009	23165	486	54	0.405	1.969E-05	508	579	947	21321	21533	213	21282	21569
102250303	1	281	9.261E-74	8	20009	23165	490	89	0.574	1.396E-17	581	657	947	21592	21825	234	21529	21831
102250303	1	281	9.261E-74	8	20009	23165	518	63	0.482	3.700E-09	881	946	947	22962	23165	204	22944	23165
102654830	-1	98	1.135E-18	1	2364	2663	1945	98	0.505	5.710E-20	10	110	111	-2663	-2364	300	2792	2364
102665765	-1	78	1.191E-12	1	2759	3100	1937	78	0.385	3.318E-13	0	114	161	-3100	-2759	342	3175	2759
102666344	-1	158	9.848E-37	2	2514	3136	1937	117	0.489	9.508E-27	54	180	275	-3136	-2759	378	3175	2759
102666344	-1	158	9.848E-37	2	2514	3136	1945	70	0.671	3.805E-10	211	260	275	-2663	-2514	150	2792	2364
102719649	-1	53	3.995E-05	1	2786	2983	1937	53	0.430	1.212E-04	4	69	114	-2983	-2786	198	3175	2759
102719918	-1	55	9.988E-06	1	2759	2983	1937	55	0.402	2.556E-05	4	78	137	-2983	-2759	225	3175	2759
102751114	-1	111	1.386E-22	1	2777	3136	1937	111	0.488	2.026E-24	30	149	174	-3136	-2777	360	3175	2759
102751407	-1	93	3.633E-17	1	2762	3025	1937	93	0.537	2.132E-18	0	88	162	-3025	-2762	264	3175	2759
102853074	-1	112	6.930E-23	1	2783	3136	1937	112	0.497	5.738E-25	54	172	174	-3136	-2783	354	3175	2759
102904208	-1	72	7.620E-11	1	2514	2663	1945	72	0.695	4.246E-11	23	72	79	-2663	-2514	150	2792	2364
102904226	-1	114	1.733E-23	1	2373	2663	1945	114	0.586	1.920E-25	23	120	135	-2663	-2373	291	2792	2364
102904283	-1	63	3.901E-08	1	2514	2663	1945	63	0.617	5.668E-08	34	83	90	-2663	-2514	150	2792	2364
102904354	-1	103	3.548E-20	1	2364	2663	1945	103	0.528	9.518E-22	6	106	108	-2663	-2364	300	2792	2364
102904770	-1	128	1.057E-27	1	2759	3136	1937	128	0.526	1.385E-30	54	180	225	-3136	-2759	378	3175	2759
102904927	-1	122	6.768E-26	1	2759	3136	1937	122	0.505	2.158E-28	55	181	234	-3136	-2759	378	3175	2759
102904943	-1	104	1.774E-20	1	2364	2663	1945	104	0.529	6.946E-22	63	163	164	-2663	-2364	300	2792	2364
102905672	-1	96	4.542E-18	1	2406	2663	1945	96	0.560	2.756E-19	43	129	138	-2663	-2406	258	2792	2364
102906306	-1	116	4.331E-24	1	2364	2663	1945	116	0.581	3.970E-26	25	125	126	-2663	-2364	300	2792	2364
102906480	-1	59	6.242E-07	1	2526	2663	1945	59	0.621	1.753E-06	23	68	86	-2663	-2526	138	2792	2364
102906957	-1	102	7.097E-20	1	2373	2663	1945	102	0.537	1.787E-21	6	103	107	-2663	-2373	291	2792	2364
102907133	-1	103	3.548E-20	1	2364	2660	1945	103	0.530	1.304E-21	11	110	111	-2660	-2364	297	2792	2364
102907540	-1	104	1.774E-20	1	2379	2663	1945	104	0.555	3.699E-22	10	105	106	-2663	-2379	285	2792	2364
102965057	-1	89	5.813E-16	1	2762	3166	1937	89	0.379	4.968E-17	86	220	242	-3166	-2762	405	3175	2759
102992645	-1	204	1.400E-50	2	2364	3139	1937	118	0.492	5.059E-27	124	250	386	-3139	-2759	381	3175	2759
102992645	-1	204	1.400E-50	2	2364	3139	1945	118	0.594	8.207E-27	284	383	386	-2660	-2364	297	2792	2364
108852312	-1	55	9.988E-06	1	16407	16811	1615	55	0.272	9.219E-05	40	173	198	-16811	-16407	405	16898	16374
117196419	-1	103	3.548E-20	1	2759	3166	1937	103	0.418	8.092E-22	78	214	255	-3166	-2759	408	3175	2759
117243021	-1	95	9.084E-18	1	2403	2663	1945	95	0.549	7.086E-19	34	121	137	-2663	-2403	261	2792	2364
117261039	-1	63	3.901E-08	1	2759	2983	1937	63	0.447	4.966E-08	3	77	100	-2983	-2759	225	3175	2759
117306035	-1	115	8.663E-24	1	2759	3136	1937	115	0.483	8.649E-26	19	144	211	-3136	-2759	378	3175	2759
117445713	-1	100	2.839E-19	1	2400	2663	1945	100	0.572	1.620E-20	6	93	118	-2663	-2400	264	2792	2364
117445916	-1	107	2.218E-21	1	2789	3136	1937	107	0.485	3.460E-23	54	170	180	-3136	-2789	348	3175	2759
117445969	-1	71	1.524E-10	1	2514	2663	1945	71	0.685	1.087E-10	23	72	86	-2663	-2514	150	2792	2364
117446340	-1	80	2.977E-13	1	2364	2591	1945	80	0.535	1.095E-13	13	88	89	-2591	-2364	228	2792	2364
117446762	-1	203	2.799E-50	2	2364	3136	1937	118	0.486	5.059E-27	43	171	305	-3136	-2759	378	3175	2759
117446762	-1	203	2.799E-50	2	2364	3136	1945	116	0.581	3.970E-26	204	304	305	-2663	-2364	300	2792	2364
117448143	-1	115	8.663E-24	1	2364	2663	1945	115	0.576	1.022E-25	23	123	124	-2663	-2364	300	2792	2364
117448654	-1	107	2.218E-21	1	2364	2663	1945	107	0.544	4.077E-23	34	134	135	-2663	-2364	300	2792	2364
117460747	-1	124	1.692E-26	1	2364	2663	1945	124	0.615	5.283E-29	30	130	131	-2663	-2364	300	2792	2364
129803604	-1	114	1.733E-23	1	2364	2657	1945	114	0.586	1.920E-25	68	164	165	-2657	-2364	294	2792	2364
131738235	-1	94	1.817E-17	1	2364	2663	1945	94	0.488	1.822E-18	4	104	105	-2663	-2364	300	2792	2364
131774036	1	1211	0.000E+00	11	20006	22810	460	194	0.862	6.554E-53	0	106	764	20006	20326	321	19943	20404
131774036	1	1211	0.000E+00	11	20006	22810	462	58	0.942	4.394E-08	105	132	764	20391	20474	84	20391	20495
131774036	1	1211	0.000E+00	11	20006	22810	466	73	0.780	4.406E-13	132	175	764	20526	20657	132	20526	20663
131774036	1	1211	0.000E+00	11	20006	22810	472	80	0.787	8.617E-15	174	217	764	20718	20861	144	20685	20930
131774036	1	1211	0.000E+00	11	20006	22810	473	44	1.000	1.283E-03	228	246	764	20882	20938	57	20882	20956
131774036	1	1211	0.000E+00	11	20006	22810	478	120	0.684	1.090E-28	242	327	764	20996	21253	258	20996	21262
131774036	1	1211	0.000E+00	11	20006	22810	486	111	0.743	2.211E-25	329	400	764	21318	21533	216	21282	21569
131774036	1	1211	0.000E+00	11	20006	22810	490	136	0.828	8.398E-34	402	479	764	21592	21825	234	21529	21831
131774036	1	1211	0.000E+00	11	20006	22810	499	200	0.713	2.929E-55	481	595	764	21889	22302	414	21862	22320
131774036	1	1211	0.000E+00	11	20006	22810	504	75	0.915	9.909E-14	595	632	764	22366	22479	114	22366	22527
131774036	1	1211	0.000E+00	11	20006	22810	511	119	0.641	7.521E-28	633	723	764	22535	22810	276	22517	22846
131785025	-1	85	9.302E-15	1	2370	2663	1945	85	0.462	1.843E-15	27	124	138	-2663	-2370	294	2792	2364
131788642	-1	123	3.384E-26	1	2364	2663	1945	123	0.609	1.865E-28	10	110	111	-2663	-2364	300	2792	2364
131803138	-1	65	9.753E-09	1	2759	2992	1937	65	0.445	1.039E-08	1	78	94	-2992	-2759	234	3175	2759
131846787	-1	111	1.386E-22	1	2759	3136	1937	111	0.470	2.026E-24	9	133	221	-3136	-2759	378	3175	2759
131987774	-1	115	8.663E-24	1	2364	2663	1945	115	0.577	7.458E-26	23	123	124	-2663	-2364	300	2792	2364
131989089	-1	115	8.663E-24	1	2364	2663	1945	115	0.576	1.022E-25	23	123	124	-2663	-2364	300	2792	2364
131990629	-1	116	4.331E-24	1	2364	2663	1945	116	0.581	3.970E-26	23	123	124	-2663	-2364	300	2792	2364
131990809	-1	157	1.970E-36	2	2364	2974	1937	70	0.503	1.768E-10	28	99	233	-2974	-2759	216	3175	2759
131990809	-1	157	1.970E-36	2	2364	2974	1945	118	0.589	8.207E-27	132	232	233	-2663	-2364	300	2792	2364
132120250	-1	77	2.381E-12	2	16458	16962	1608	38	0.466	1.120E+00	66	106	233	-16962	-16840	123	16986	16822
132120250	-1	77	2.381E-12	2	16458	16962	1615	53	0.294	4.237E-04	122	231	233	-16799	-16458	342	16898	16374
146094965	1	87	2.325E-15	2	21889	23153	499	123	0.475	2.831E-28	105	225	390	21889	22302	414	21862	22320
146094965	1	87	2.325E-15	2	21889	23153	518	61	0.489	2.496E-08	324	386	390	22962	23153	192	22944	23165
146112648	1	236	3.259E-60	5	20009	22302	460	139	0.543	7.225E-34	42	173	776	20009	20389	381	19943	20404
146112648	1	236	3.259E-60	5	20009	22302	472	57	0.642	6.277E-07	202	244	776	20691	20819	129	20685	20930
146112648	1	236	3.259E-60	5	20009	22302	473	32	0.758	2.651E+01	245	263	776	20882	20938	57	20882	20956
146112648	1	236	3.259E-60	5	20009	22302	478	66	0.451	1.084E-09	259	333	776	20996	21226	231	20996	21262
146112648	1	236	3.259E-60	5	20009	22302	499	128	0.491	4.712E-30	493	613	776	21889	22302	414	21862	22320
146128102	1	404	8.709E-111	6	19982	22311	460	133	0.494	5.960E-32	38	180	788	19982	20383	402	19943	20404
146128102	1	404	8.709E-111	6	19982	22311	473	31	0.721	9.602E+01	254	272	788	20882	20938	57	20882	20956
146128102	1	404	8.709E-111	6	19982	22311	478	60	0.419	1.266E-07	268	340	788	20996	21226	231	20996	21262
146128102	1	404	8.709E-111	6	19982	22311	486	54	0.407	1.435E-05	353	423	788	21318	21533	216	21282	21569
146128102	1	404	8.709E-111	6	19982	22311	490	86	0.559	1.280E-16	425	501	788	21592	21825	234	21529	21831
146128102	1	404	8.709E-111	6	19982	22311	499	124	0.473	1.100E-28	504	628	788	21892	22311	420	21862	22320
146206656	-1	198	8.957E-49	2	2364	3070	1937	113	0.553	2.228E-25	0	104	238	-3070	-2759	312	3175	2759
146206656	-1	198	8.957E-49	2	2364	3070	1945	117	0.592	1.125E-26	138	237	238	-2660	-2364	297	2792	2364
146327329	-1	107	2.218E-21	1	2759	3100	1937	107	0.490	4.742E-23	0	114	175	-3100	-2759	342	3175	2759
146529126	-1	103	3.548E-20	1	2373	2663	1945	103	0.543	1.304E-21	23	119	121	-2663	-2373	291	2792	2364
146529278	-1	86	4.651E-15	1	2448	2663	1945	86	0.587	9.829E-16	6	78	81	-2663	-2448	216	2792	2364
146530196	-1	114	1.733E-23	1	2364	2663	1945	114	0.574	1.401E-25	10	110	111	-2663	-2364	300	2792	2364
146530362	-1	116	4.331E-24	1	2364	2663	1945	116	0.581	3.970E-26	45	145	146	-2663	-2364	300	2792	2364
146530431	-1	116	4.331E-24	1	2364	2663	1945	116	0.582	2.897E-26	23	123	124	-2663	-2364	300	2792	2364
146531125	-1	70	3.048E-10	1	2514	2675	1945	70	0.629	3.805E-10	29	82	100	-2675	-2514	162	2792	2364
146531325	-1	116	4.331E-24	1	2364	2663	1945	116	0.581	3.970E-26	26	126	127	-2663	-2364	300	2792	2364
146531838	-1	93	3.633E-17	1	2373	2660	1945	93	0.504	3.418E-18	11	99	103	-2660	-2373	288	2792	2364
146544317	-1	123	3.384E-26	2	2364	2755	1940	38	0.622	2.658E-01	8	36	139	-2755	-2669	87	2755	2654
146544317	-1	123	3.384E-26	2	2364	2755	1945	87	0.465	5.241E-16	40	138	139	-2660	-2364	297	2792	2364
157167031	-1	53	3.995E-05	1	16407	16811	1615	53	0.267	3.124E-04	40	173	198	-16811	-16407	405	16898	16374
159248741	-1	89	5.813E-16	1	2777	3136	1937	89	0.409	6.806E-17	21	141	144	-3136	-2777	360	3175	2759
160288875	1	209	4.374E-52	5	20000	22320	460	133	0.518	8.169E-32	40	173	769	20000	20389	390	19943	20404
160288875	1	209	4.374E-52	5	20000	22320	472	57	0.725	8.626E-07	208	244	769	20709	20819	111	20685	20930
160288875	1	209	4.374E-52	5	20000	22320	473	32	0.758	2.651E+01	245	263	769	20882	20938	57	20882	20956
160288875	1	209	4.374E-52	5	20000	22320	478	59	0.422	2.389E-07	259	325	769	20996	21220	225	20996	21262
160288875	1	209	4.374E-52	5	20000	22320	499	122	0.458	5.316E-28	487	613	769	21889	22320	432	21862	22320
160297355	1	380	1.461E-103	8	20003	23165	460	156	0.708	6.813E-40	45	151	875	20003	20326	324	19943	20404
160297355	1	380	1.461E-103	8	20003	23165	466	64	0.767	6.678E-10	176	214	875	20526	20642	117	20526	20663
160297355	1	380	1.461E-103	8	20003	23165	472	70	0.772	1.755E-11	209	251	875	20691	20819	129	20685	20930
160297355	1	380	1.461E-103	8	20003	23165	478	64	0.411	3.859E-09	266	348	875	20996	21250	255	20996	21262
160297355	1	380	1.461E-103	8	20003	23165	486	60	0.503	1.239E-07	365	425	875	21351	21533	183	21282	21569
160297355	1	380	1.461E-103	8	20003	23165	504	61	0.754	9.419E-09	620	657	875	22366	22479	114	22366	22527
160297355	1	380	1.461E-103	8	20003	23165	511	73	0.594	6.439E-12	658	718	875	22535	22717	183	22517	22846
160297355	1	380	1.461E-103	8	20003	23165	518	73	0.544	1.307E-12	720	787	875	22962	23165	204	22944	23165
160831872	-1	98	1.135E-18	1	2819	3136	1937	98	0.482	6.669E-20	31	137	141	-3136	-2819	318	3175	2759
160856086	1	1309	0.000E+00	10	19964	22810	460	229	0.897	4.145E-65	27	147	787	19964	20326	363	19943	20404
160856086	1	1309	0.000E+00	10	19964	22810	462	62	1.000	1.813E-09	146	173	787	20391	20474	84	20391	20495
160856086	1	1309	0.000E+00	10	19964	22810	466	79	0.845	1.976E-15	173	216	787	20526	20657	132	20526	20663
160856086	1	1309	0.000E+00	10	19964	22810	472	75	0.695	3.887E-13	215	266	787	20718	20864	147	20685	20930
160856086	1	1309	0.000E+00	10	19964	22810	478	141	0.780	5.624E-36	263	349	787	20996	21256	261	20996	21262
160856086	1	1309	0.000E+00	10	19964	22810	486	123	0.806	1.208E-29	349	421	787	21315	21533	219	21282	21569
160856086	1	1309	0.000E+00	10	19964	22810	490	139	0.847	4.870E-35	423	500	787	21592	21825	234	21529	21831
160856086	1	1309	0.000E+00	10	19964	22810	499	238	0.828	2.783E-68	502	619	787	21889	22302	414	21862	22320
160856086	1	1309	0.000E+00	10	19964	22810	504	78	0.946	1.070E-14	619	656	787	22366	22479	114	22366	22527
160856086	1	1309	0.000E+00	10	19964	22810	511	137	0.723	4.958E-34	657	747	787	22535	22810	276	22517	22846
160884434	-1	68	1.219E-09	1	2762	2992	1937	68	0.462	1.587E-09	1	77	89	-2992	-2762	231	3175	2759
160886752	-1	60	3.121E-07	1	2759	2992	1937	60	0.415	8.272E-07	1	78	113	-2992	-2759	234	3175	2759
161071872	-1	112	6.930E-23	1	2364	2657	1945	112	0.575	6.776E-25	11	109	110	-2657	-2364	294	2792	2364
161072217	-1	115	8.663E-24	1	2364	2663	1945	115	0.579	5.442E-26	10	110	111	-2663	-2364	300	2792	2364
161072260	-1	113	3.465E-23	1	2364	2663	1945	113	0.569	3.607E-25	23	123	124	-2663	-2364	300	2792	2364
161072475	-1	76	4.762E-12	1	2364	2663	1945	76	0.418	1.846E-12	23	108	109	-2663	-2364	300	2792	2364
161072575	-1	83	3.721E-14	1	2439	2663	1945	83	0.553	8.871E-15	33	108	119	-2663	-2439	225	2792	2364
161072779	-1	89	5.813E-16	1	2400	2663	1945	89	0.519	1.088E-16	23	108	115	-2663	-2400	264	2792	2364
161073164	-1	66	4.877E-09	1	2526	2669	1945	66	0.663	6.359E-09	42	89	91	-2669	-2526	144	2792	2364
161073752	-1	108	1.109E-21	1	2364	2660	1945	108	0.552	2.171E-23	19	118	119	-2660	-2364	297	2792	2364
161073944	-1	116	4.331E-24	1	2364	2663	1945	116	0.581	3.970E-26	23	123	124	-2663	-2364	300	2792	2364
161097422	-1	54	1.998E-05	1	16419	16817	1615	54	0.268	2.303E-04	99	233	260	-16817	-16419	399	16898	16374
161123359	-1	68	1.219E-09	1	2759	3025	1937	68	0.413	1.160E-09	0	89	118	-3025	-2759	267	3175	2759
161189775	-1	51	1.598E-04	1	16425	16802	1615	51	0.270	1.431E-03	23	149	176	-16802	-16425	378	16898	16374
161214909	-1	211	1.093E-52	2	2364	3136	1937	123	0.508	1.148E-28	54	180	315	-3136	-2759	378	3175	2759
161214909	-1	211	1.093E-52	2	2364	3136	1945	119	0.595	2.325E-27	213	313	315	-2663	-2364	300	2792	2364
168628229	-1	55	9.988E-06	1	16383	16847	1615	55	0.250	9.219E-05	50	190	217	-16847	-16383	465	16898	16374
174757149	1	331	8.226E-89	6	19994	22479	460	134	0.501	3.173E-32	39	179	781	19994	20389	396	19943	20404
174757149	1	331	8.226E-89	6	19994	22479	473	33	0.785	1.010E+01	251	269	781	20882	20938	57	20882	20956
174757149	1	331	8.226E-89	6	19994	22479	486	55	0.427	1.045E-05	354	419	781	21330	21533	204	21282	21569
174757149	1	331	8.226E-89	6	19994	22479	490	81	0.525	7.853E-15	420	497	781	21589	21825	237	21529	21831
174757149	1	331	8.226E-89	6	19994	22479	499	125	0.482	4.276E-29	499	619	781	21889	22302	414	21862	22320
174757149	1	331	8.226E-89	6	19994	22479	504	51	0.637	3.780E-05	619	655	781	22366	22479	114	22366	22527
174783433	1	367	1.197E-99	7	20009	23153	460	139	0.531	7.225E-34	45	180	781	20009	20389	381	19943	20404
174783433	1	367	1.197E-99	7	20009	23153	478	59	0.420	3.281E-07	266	337	781	20996	21220	225	20996	21262
174783433	1	367	1.197E-99	7	20009	23153	486	46	0.368	8.063E-03	354	422	781	21324	21533	210	21282	21569
174783433	1	367	1.197E-99	7	20009	23153	499	122	0.473	5.316E-28	501	620	781	21889	22302	414	21862	22320
174783433	1	367	1.197E-99	7	20009	23153	504	58	0.718	1.207E-07	620	657	781	22366	22479	114	22366	22527
174783433	1	367	1.197E-99	7	20009	23153	511	55	0.455	1.309E-05	658	716	781	22535	22723	189	22517	22846
174783433	1	367	1.197E-99	7	20009	23153	518	59	0.479	8.912E-08	716	778	781	22962	23153	192	22944	23165
174802954	1	264	1.214E-68	7	20009	22774	460	126	0.510	2.374E-29	185	313	933	20009	20368	360	19943	20404
174802954	1	264	1.214E-68	7	20009	22774	466	52	0.602	6.963E-06	315	356	933	20526	20651	126	20526	20663
174802954	1	264	1.214E-68	7	20009	22774	472	61	0.644	2.615E-08	350	394	933	20694	20831	138	20685	20930
174802954	1	264	1.214E-68	7	20009	22774	478	41	0.331	5.208E-01	411	480	933	21014	21226	213	20996	21262
174802954	1	264	1.214E-68	7	20009	22774	490	68	0.405	1.973E-10	551	643	933	21556	21825	270	21529	21831
174802954	1	264	1.214E-68	7	20009	22774	504	57	0.713	1.661E-07	764	800	933	22366	22479	114	22366	22527
174802954	1	264	1.214E-68	7	20009	22774	511	62	0.408	4.472E-08	801	883	933	22535	22774	240	22517	22846
175306731	-1	55	9.988E-06	1	16383	16847	1615	55	0.252	6.792E-05	105	245	272	-16847	-16383	465	16898	16374
175361632	-1	84	1.860E-14	1	2768	3136	1937	84	0.388	2.970E-15	56	178	185	-3136	-2768	369	3175	2759
175374323	-1	140	2.582E-31	2	2433	3019	1937	82	0.489	1.431E-14	0	87	275	-3019	-2759	261	3175	2759
175374323	-1	140	2.582E-31	2	2433	3019	1945	89	0.576	5.800E-17	120	197	275	-2663	-2433	231	2792	2364
175374513	-1	110	2.772E-22	1	2364	2663	1945	110	0.562	3.276E-24	20	118	120	-2663	-2364	300	2792	2364
175409975	-1	197	1.791E-48	2	2364	3100	1937	107	0.490	4.742E-23	0	114	248	-3100	-2759	342	3175	2759
175409975	-1	197	1.791E-48	2	2364	3100	1945	121	0.604	4.805E-28	147	247	248	-2663	-2364	300	2792	2364
175425860	-1	52	7.990E-05	1	2774	2953	1937	52	0.453	3.079E-04	6	65	68	-2953	-2774	180	3175	2759
175426673	-1	55	9.988E-06	1	2780	2989	1937	55	0.421	3.489E-05	2	71	96	-2989	-2780	210	3175	2759
175495158	-1	88	1.163E-15	1	2370	2663	1945	88	0.474	2.041E-16	10	107	119	-2663	-2370	294	2792	2364
175612104	-1	107	2.218E-21	1	2373	2669	1945	107	0.547	5.586E-23	8	107	111	-2669	-2373	297	2792	2364
175612594	-1	113	3.465E-23	1	2364	2663	1945	113	0.571	2.632E-25	34	134	135	-2663	-2364	300	2792	2364
175612667	-1	113	3.465E-23	1	2364	2663	1945	113	0.571	2.632E-25	23	123	124	-2663	-2364	300	2792	2364
175612807	-1	59	6.242E-07	1	2520	2660	1945	59	0.614	1.284E-06	16	62	66	-2660	-2520	141	2792	2364
175613108	-1	111	1.386E-22	1	2364	2663	1945	111	0.561	1.744E-24	73	173	174	-2663	-2364	300	2792	2364
175613886	-1	85	9.302E-15	1	2798	3100	1937	85	0.446	2.168E-15	0	101	148	-3100	-2798	303	3175	2759
175613983	-1	78	1.191E-12	1	2418	2663	1945	78	0.489	5.260E-13	33	115	118	-2663	-2418	246	2792	2364
175614171	-1	113	3.465E-23	1	2364	2663	1945	113	0.569	3.607E-25	23	123	124	-2663	-2364	300	2792	2364
175614846	-1	74	1.905E-11	1	2475	2663	1945	74	0.581	1.658E-11	10	72	103	-2663	-2475	189	2792	2364
175615248	-1	111	1.386E-22	1	2364	2663	1945	111	0.559	2.391E-24	6	106	107	-2663	-2364	300	2792	2364
175615546	-1	60	3.121E-07	1	2529	2660	1945	60	0.653	9.399E-07	24	67	68	-2660	-2529	132	2792	2364
175621385	-1	51	1.598E-04	1	16404	16814	1615	51	0.256	2.628E-03	41	176	194	-16814	-16404	411	16898	16374
175632550	-1	81	1.488E-13	1	2759	2953	1937	81	0.616	3.676E-14	2	66	77	-2953	-2759	195	3175	2759
175748097	-1	98	1.135E-18	1	2759	3136	1937	98	0.428	4.867E-20	12	137	244	-3136	-2759	378	3175	2759
180881182	-1	73	3.810E-11	1	2762	3169	1937	73	0.327	1.967E-11	104	239	265	-3169	-2762	408	3175	2759
182930196	1	1617	0.000E+00	12	19759	23165	450	46	0.741	1.039E-03	0	28	784	19759	19845	87	19726	19875
182930196	1	1617	0.000E+00	12	19759	23165	460	257	0.988	7.668E-75	23	144	784	19961	20326	366	19943	20404
182930196	1	1617	0.000E+00	12	19759	23165	462	66	1.000	3.965E-11	143	170	784	20391	20474	84	20391	20495
182930196	1	1617	0.000E+00	12	19759	23165	466	87	0.942	3.431E-18	170	212	784	20526	20654	129	20526	20663
182930196	1	1617	0.000E+00	12	19759	23165	472	77	0.723	7.948E-14	213	263	784	20721	20864	144	20685	20930
182930196	1	1617	0.000E+00	12	19759	23165	478	164	0.893	4.381E-44	260	346	784	20996	21256	261	20996	21262
182930196	1	1617	0.000E+00	12	19759	23165	486	143	0.932	1.621E-36	346	417	784	21315	21530	216	21282	21569
182930196	1	1617	0.000E+00	12	19759	23165	490	161	0.954	1.354E-42	419	497	784	21589	21825	237	21529	21831
182930196	1	1617	0.000E+00	12	19759	23165	499	248	0.854	7.590E-72	498	616	784	21886	22302	417	21862	22320
182930196	1	1617	0.000E+00	12	19759	23165	504	83	1.000	1.249E-16	616	653	784	22366	22479	114	22366	22527
182930196	1	1617	0.000E+00	12	19759	23165	511	138	1.000	2.634E-34	654	716	784	22535	22723	189	22517	22846
182930196	1	1617	0.000E+00	12	19759	23165	518	138	0.947	4.639E-35	716	783	784	22962	23165	204	22944	23165
184101306	-1	102	7.097E-20	1	2364	2663	1945	102	0.519	2.449E-21	21	122	123	-2663	-2364	300	2792	2364
189502112	1	273	2.371E-71	7	20000	22810	460	145	0.654	4.657E-36	40	149	789	20000	20326	327	19943	20404
189502112	1	273	2.371E-71	7	20000	22810	466	62	0.750	2.389E-09	175	213	789	20526	20642	117	20526	20663
189502112	1	273	2.371E-71	7	20000	22810	472	65	0.717	1.498E-09	208	250	789	20691	20819	129	20685	20930
189502112	1	273	2.371E-71	7	20000	22810	478	70	0.439	2.408E-11	265	348	789	20996	21253	258	20996	21262
189502112	1	273	2.371E-71	7	20000	22810	486	55	0.467	7.615E-06	364	424	789	21351	21533	183	21282	21569
189502112	1	273	2.371E-71	7	20000	22810	504	53	0.660	7.652E-06	621	657	789	22366	22479	114	22366	22527
189502112	1	273	2.371E-71	7	20000	22810	511	69	0.412	1.518E-10	658	749	789	22535	22810	276	22517	22846
189908531	-1	227	1.668E-57	2	2364	3136	1937	126	0.520	6.710E-30	54	180	314	-3136	-2759	378	3175	2759
189908531	-1	227	1.668E-57	2	2364	3136	1945	132	0.647	1.318E-31	213	313	314	-2663	-2364	300	2792	2364
189916133	-1	134	1.652E-29	2	2448	3019	1937	78	0.466	6.219E-13	0	87	194	-3019	-2759	261	3175	2759
189916133	-1	134	1.652E-29	2	2448	3019	1945	87	0.597	2.795E-16	120	192	194	-2663	-2448	216	2792	2364
189955970	-1	49	6.392E-04	1	16416	16814	1615	49	0.252	1.197E-02	100	233	261	-16814	-16416	399	16898	16374
189969399	-1	63	3.901E-08	1	2759	2968	1937	63	0.471	4.966E-08	9	78	84	-2968	-2759	210	3175	2759
189969549	-1	68	1.219E-09	1	2759	2992	1937	68	0.460	1.160E-09	1	78	104	-2992	-2759	234	3175	2759
190072200	-1	53	3.995E-05	1	16419	16811	1615	53	0.272	3.124E-04	42	171	194	-16811	-16419	393	16898	16374
190154510	-1	113	3.465E-23	1	2364	2663	1945	113	0.567	4.944E-25	23	123	124	-2663	-2364	300	2792	2364
190154797	-1	71	1.524E-10	1	2511	2660	1945	71	0.681	1.487E-10	11	60	66	-2660	-2511	150	2792	2364
190154962	-1	114	1.733E-23	1	2364	2663	1945	114	0.574	1.401E-25	6	106	107	-2663	-2364	300	2792	2364
190155843	-1	99	5.677E-19	1	2400	2663	1945	99	0.563	3.042E-20	34	122	138	-2663	-2400	264	2792	2364
190156346	-1	115	8.663E-24	1	2364	2663	1945	115	0.576	1.022E-25	34	134	154	-2663	-2364	300	2792	2364
190156425	-1	89	5.813E-16	1	2427	2663	1945	89	0.560	1.088E-16	23	102	103	-2663	-2427	237	2792	2364
190157100	-1	73	3.810E-11	1	2475	2663	1945	73	0.571	2.268E-11	34	97	101	-2663	-2475	189	2792	2364
190157113	-1	77	2.381E-12	1	2475	2663	1945	77	0.595	1.349E-12	23	86	92	-2663	-2475	189	2792	2364
190195362	-1	175	7.514E-42	2	2418	3136	1937	112	0.471	7.866E-25	54	180	298	-3136	-2759	378	3175	2759
190195362	-1	175	7.514E-42	2	2418	3136	1945	95	0.582	7.086E-19	214	295	298	-2660	-2418	243	2792	2364
190204170	-1	84	1.860E-14	1	2819	3100	1937	84	0.469	2.970E-15	0	94	102	-3100	-2819	282	3175	2759
190213389	-1	85	9.302E-15	1	2762	3166	1937	85	0.366	1.583E-15	86	220	261	-3166	-2762	405	3175	2759
204450883	-1	108	1.109E-21	1	2373	2660	1945	108	0.567	1.584E-23	11	107	111	-2660	-2373	288	2792	2364
204457180	-1	183	2.935E-44	2	2373	3100	1937	103	0.475	1.109E-21	0	114	249	-3100	-2759	342	3175	2759
204457180	-1	183	2.935E-44	2	2373	3100	1945	111	0.573	2.391E-24	147	244	249	-2663	-2373	291	2792	2364
204695409	-1	108	1.109E-21	1	2373	2660	1945	108	0.566	2.171E-23	6	102	125	-2660	-2373	288	2792	2364
204696724	-1	113	3.465E-23	1	2364	2663	1945	113	0.569	3.607E-25	23	123	124	-2663	-2364	300	2792	2364
204696852	-1	70	3.048E-10	1	2514	2663	1945	70	0.675	2.782E-10	10	59	91	-2663	-2514	150	2792	2364
204697135	-1	102	7.097E-20	1	2373	2663	1945	102	0.534	3.355E-21	11	108	121	-2663	-2373	291	2792	2364
204697649	-1	77	2.381E-12	1	2385	2639	1945	77	0.476	9.853E-13	18	102	110	-2639	-2385	255	2792	2364
204698484	-1	116	4.331E-24	1	2364	2663	1945	116	0.581	3.970E-26	27	127	128	-2663	-2364	300	2792	2364
204745022	-1	112	6.930E-23	1	2364	2660	1945	112	0.569	9.287E-25	79	178	179	-2660	-2364	297	2792	2364
204745083	-1	170	2.404E-40	2	2427	3100	1937	103	0.475	1.109E-21	0	114	340	-3100	-2759	342	3175	2759
204745083	-1	170	2.404E-40	2	2427	3100	1945	98	0.612	4.168E-20	147	226	340	-2663	-2427	237	2792	2364
210419226	-1	146	4.034E-33	2	2526	3025	1937	85	0.497	1.583E-15	0	87	135	-3025	-2759	267	3175	2759
210419226	-1	146	4.034E-33	2	2526	3025	1945	60	0.641	9.399E-07	89	133	135	-2660	-2526	135	2792	2364
216031634	-1	116	4.331E-24	2	2660	3001	1937	74	0.485	1.437E-11	0	76	163	-3001	-2765	237	3175	2759
216031634	-1	116	4.331E-24	2	2660	3001	1940	44	0.653	2.168E-03	80	111	163	-2755	-2660	96	2755	2654
217572047	-1	78	1.191E-12	1	2376	2660	1945	78	0.443	3.843E-13	1	94	115	-2660	-2376	285	2792	2364
218614344	1	280	1.852E-73	5	19994	22302	460	134	0.500	4.349E-32	40	180	782	19994	20389	396	19943	20404
218614344	1	280	1.852E-73	5	19994	22302	473	33	0.785	1.010E+01	252	270	782	20882	20938	57	20882	20956
218614344	1	280	1.852E-73	5	19994	22302	486	54	0.423	1.969E-05	355	420	782	21330	21533	204	21282	21569
218614344	1	280	1.852E-73	5	19994	22302	490	83	0.534	2.213E-15	421	498	782	21589	21825	237	21529	21831
218614344	1	280	1.852E-73	5	19994	22302	499	125	0.482	4.276E-29	500	620	782	21889	22302	414	21862	22320
218857969	1	252	4.972E-65	5	19991	22299	460	131	0.588	2.881E-31	19	131	756	19991	20326	336	19943	20404
218857969	1	252	4.972E-65	5	19991	22299	466	61	0.673	8.553E-09	159	201	756	20526	20654	129	20526	20663
218857969	1	252	4.972E-65	5	19991	22299	472	63	0.794	7.337E-09	202	238	756	20721	20831	111	20685	20930
218857969	1	252	4.972E-65	5	19991	22299	486	59	0.424	4.400E-07	332	405	756	21315	21533	219	21282	21569
218857969	1	252	4.972E-65	5	19991	22299	499	123	0.460	2.831E-28	477	597	756	21868	22299	432	21862	22320
218985385	-1	106	4.435E-21	2	2520	3070	1937	74	0.398	7.671E-12	3	105	261	-3070	-2759	312	3175	2759
218985385	-1	106	4.435E-21	2	2520	3070	1945	63	0.632	1.058E-07	138	185	261	-2663	-2520	144	2792	2364
218986622	-1	123	3.384E-26	2	2454	3070	1937	84	0.435	2.970E-15	3	107	213	-3070	-2759	312	3175	2759
218986622	-1	123	3.384E-26	2	2454	3070	1945	70	0.509	2.034E-10	140	210	213	-2663	-2454	210	2792	2364
219034638	-1	110	2.772E-22	1	2364	2663	1945	110	0.562	3.276E-24	10	109	110	-2663	-2364	300	2792	2364
219034874	-1	198	8.957E-49	2	2364	3100	1937	106	0.485	1.221E-22	0	114	248	-3100	-2759	342	3175	2759
219034874	-1	198	8.957E-49	2	2364	3100	1945	123	0.610	1.361E-28	147	247	248	-2663	-2364	300	2792	2364
219051387	-1	68	1.219E-09	1	2759	2983	1937	68	0.476	8.478E-10	4	78	126	-2983	-2759	225	3175	2759
219052631	-1	72	7.620E-11	1	2759	2992	1937	72	0.479	6.900E-11	1	78	130	-2992	-2759	234	3175	2759
219096166	-1	78	1.191E-12	1	2837	3070	1937	78	0.510	6.219E-13	0	77	125	-3070	-2837	234	3175	2759
219096963	-1	90	2.907E-16	1	2759	3001	1937	90	0.563	2.647E-17	0	80	112	-3001	-2759	243	3175	2759
219219994	-1	100	2.839E-19	1	2364	2663	1945	100	0.517	1.620E-20	10	109	116	-2663	-2364	300	2792	2364
219236888	-1	100	2.839E-19	1	2364	2663	1945	100	0.514	1.183E-20	23	123	124	-2663	-2364	300	2792	2364
219236986	-1	106	4.435E-21	1	2364	2663	1945	106	0.538	1.438E-22	10	110	111	-2663	-2364	300	2792	2364
219237074	-1	106	4.435E-21	1	2373	2663	1945	106	0.552	1.049E-22	34	131	135	-2663	-2373	291	2792	2364
219237106	-1	78	1.191E-12	1	2403	2663	1945	78	0.466	7.199E-13	10	97	105	-2663	-2403	261	2792	2364
219237539	-1	70	3.048E-10	1	2514	2663	1945	70	0.678	2.034E-10	5	54	93	-2663	-2514	150	2792	2364
219237558	-1	83	3.721E-14	1	2409	2654	1945	83	0.515	8.871E-15	0	82	111	-2654	-2409	246	2792	2364
219237716	-1	80	2.977E-13	1	2385	2660	1945	80	0.457	1.095E-13	7	99	107	-2660	-2385	276	2792	2364
219237740	-1	64	1.951E-08	1	2520	2663	1945	64	0.649	2.220E-08	23	70	71	-2663	-2520	144	2792	2364
219239532	-1	107	2.218E-21	1	2364	2669	1945	107	0.538	5.586E-23	21	122	151	-2669	-2364	306	2792	2364
219239597	-1	106	4.435E-21	1	2364	2663	1945	106	0.538	1.438E-22	29	129	131	-2663	-2364	300	2792	2364
219239790	-1	116	4.331E-24	1	2364	2663	1945	116	0.581	3.970E-26	47	147	148	-2663	-2364	300	2792	2364
219240195	-1	116	4.331E-24	1	2364	2663	1945	116	0.581	3.970E-26	23	123	124	-2663	-2364	300	2792	2364
219263102	-1	195	7.166E-48	2	2364	3100	1937	94	0.443	1.136E-18	0	114	241	-3100	-2759	342	3175	2759
219263102	-1	195	7.166E-48	2	2364	3100	1945	125	0.620	2.051E-29	140	240	241	-2663	-2364	300	2792	2364
233452466	-1	199	4.479E-49	2	2364	3100	1937	107	0.490	4.742E-23	0	114	248	-3100	-2759	342	3175	2759
233452466	-1	199	4.479E-49	2	2364	3100	1945	123	0.610	1.361E-28	147	247	248	-2663	-2364	300	2792	2364
233522833	-1	199	4.479E-49	2	2364	3100	1937	115	0.522	4.603E-26	0	114	248	-3100	-2759	342	3175	2759
233522833	-1	199	4.479E-49	2	2364	3100	1945	115	0.576	1.022E-25	147	247	248	-2663	-2364	300	2792	2364
233540311	-1	121	1.354E-25	1	2364	2663	1945	121	0.602	6.586E-28	34	134	136	-2663	-2364	300	2792	2364
233540651	-1	83	3.721E-14	1	2418	2663	1945	83	0.520	8.871E-15	20	101	102	-2663	-2418	246	2792	2364
233593495	-1	62	7.803E-08	1	2759	2992	1937	62	0.425	1.735E-07	1	78	115	-2992	-2759	234	3175	2759
233594404	-1	63	3.901E-08	1	2762	2992	1937	63	0.436	6.790E-08	1	77	101	-2992	-2762	231	3175	2759
233638001	-1	108	1.109E-21	1	2364	2663	1945	108	0.547	2.171E-23	6	106	113	-2663	-2364	300	2792	2364
233779101	-1	79	5.953E-13	1	2460	2663	1945	79	0.574	2.051E-13	10	78	114	-2663	-2460	204	2792	2364
233779679	-1	112	6.930E-23	1	2364	2663	1945	112	0.564	9.287E-25	10	110	111	-2663	-2364	300	2792	2364
233781471	-1	98	1.135E-18	1	2409	2663	1945	98	0.577	4.168E-20	6	91	111	-2663	-2409	255	2792	2364
233781879	-1	110	2.772E-22	1	2364	2663	1945	110	0.562	3.276E-24	23	122	123	-2663	-2364	300	2792	2364
233823933	-1	87	2.325E-15	1	2759	3136	1937	87	0.389	4.498E-16	117	242	248	-3136	-2759	378	3175	2759
233827556	-1	74	1.905E-11	1	2759	3019	1937	74	0.454	7.671E-12	0	86	123	-3019	-2759	261	3175	2759
233829000	-1	91	1.453E-16	1	2759	3025	1937	91	0.519	1.932E-17	0	89	129	-3025	-2759	267	3175	2759
233838111	-1	95	9.084E-18	1	2385	2660	1945	95	0.532	5.172E-19	50	141	147	-2660	-2385	276	2792	2364
248043656	-1	106	4.435E-21	1	2376	2663	1945	106	0.559	7.656E-23	39	135	137	-2663	-2376	288	2792	2364
248044101	-1	141	1.291E-31	2	2412	2974	1937	79	0.552	2.423E-13	9	80	198	-2974	-2759	216	3175	2759
248044101	-1	141	1.291E-31	2	2412	2974	1945	93	0.553	4.682E-18	113	197	198	-2663	-2412	252	2792	2364
248070609	-1	79	5.953E-13	1	2759	3070	1937	79	0.416	1.292E-13	0	104	194	-3070	-2759	312	3175	2759
248106925	1	1088	1.085E-316	11	20000	23156	460	179	0.660	7.710E-48	96	230	839	20000	20389	390	19943	20404
248106925	1	1088	1.085E-316	11	20000	23156	466	68	0.734	2.009E-11	225	268	839	20526	20657	132	20526	20663
248106925	1	1088	1.085E-316	11	20000	23156	472	69	0.756	6.253E-11	267	308	839	20718	20846	129	20685	20930
248106925	1	1088	1.085E-316	11	20000	23156	473	38	0.896	2.149E-01	301	319	839	20882	20938	57	20882	20956
248106925	1	1088	1.085E-316	11	20000	23156	478	99	0.587	2.134E-21	315	399	839	20996	21250	255	20996	21262
248106925	1	1088	1.085E-316	11	20000	23156	486	71	0.580	1.737E-11	415	475	839	21351	21533	183	21282	21569
248106925	1	1088	1.085E-316	11	20000	23156	490	123	0.759	2.098E-29	477	554	839	21592	21825	234	21529	21831
248106925	1	1088	1.085E-316	11	20000	23156	499	198	0.707	1.419E-54	556	673	839	21889	22302	414	21862	22320
248106925	1	1088	1.085E-316	11	20000	23156	504	68	0.830	4.187E-11	673	710	839	22366	22479	114	22366	22527
248106925	1	1088	1.085E-316	11	20000	23156	511	102	0.753	6.069E-22	711	774	839	22535	22729	195	22517	22846
248106925	1	1088	1.085E-316	11	20000	23156	518	90	0.675	1.535E-18	773	837	839	22962	23156	195	22944	23165
248133609	-1	65	9.753E-09	1	2759	2983	1937	65	0.458	1.039E-08	4	78	106	-2983	-2759	225	3175	2759
248133671	-1	76	4.762E-12	1	2759	2983	1937	76	0.516	2.991E-12	4	78	110	-2983	-2759	225	3175	2759
248133746	-1	65	9.753E-09	1	2759	2983	1937	65	0.458	1.039E-08	4	78	150	-2983	-2759	225	3175	2759
248320046	-1	84	1.860E-14	1	2448	2663	1945	84	0.576	4.732E-15	53	125	128	-2663	-2448	216	2792	2364
248320128	-1	118	1.083E-24	1	2364	2663	1945	118	0.589	8.207E-27	6	106	107	-2663	-2364	300	2792	2364
248321427	-1	110	2.772E-22	1	2364	2663	1945	110	0.557	3.276E-24	10	110	112	-2663	-2364	300	2792	2364
248321954	-1	68	1.219E-09	1	2759	2950	1937	68	0.537	1.160E-09	3	66	125	-2950	-2759	192	3175	2759
248322265	-1	158	9.848E-37	2	2364	2974	1937	71	0.505	1.292E-10	10	81	215	-2974	-2759	216	3175	2759
248322265	-1	158	9.848E-37	2	2364	2974	1945	118	0.589	8.207E-27	114	214	215	-2663	-2364	300	2792	2364
248322381	-1	109	5.544E-22	1	2373	2663	1945	109	0.566	8.433E-24	34	131	132	-2663	-2373	291	2792	2364
248346087	-1	67	2.438E-09	1	16386	16835	1615	67	0.287	6.705E-09	59	211	226	-16835	-16386	450	16898	16374
262616198	-1	116	4.331E-24	1	2370	2663	1945	116	0.590	3.970E-26	34	132	134	-2663	-2370	294	2792	2364
262623425	-1	118	1.083E-24	1	2364	2663	1945	118	0.591	5.987E-27	34	134	136	-2663	-2364	300	2792	2364
262624423	-1	164	1.539E-38	2	2364	3019	1937	82	0.489	1.431E-14	0	87	221	-3019	-2759	261	3175	2759
262624423	-1	164	1.539E-38	2	2364	3019	1945	113	0.572	4.944E-25	120	219	221	-2663	-2364	300	2792	2364
262677191	-1	59	6.242E-07	1	2762	2992	1937	59	0.416	1.130E-06	1	77	137	-2992	-2762	231	3175	2759
262677248	-1	96	4.542E-18	1	2382	2663	1945	96	0.518	2.756E-19	10	105	114	-2663	-2382	282	2792	2364
262722883	-1	60	3.121E-07	1	2837	3025	1937	60	0.488	8.272E-07	0	62	96	-3025	-2837	189	3175	2759
262837643	-1	93	3.633E-17	1	2759	3136	1937	93	0.409	4.003E-18	46	171	211	-3136	-2759	378	3175	2759
262861937	-1	96	4.542E-18	1	2418	2663	1945	96	0.580	3.776E-19	10	92	95	-2663	-2418	246	2792	2364
262862123	-1	87	2.325E-15	1	2382	2663	1945	87	0.488	2.795E-16	23	116	121	-2663	-2382	282	2792	2364
262862748	-1	95	9.084E-18	1	2427	2663	1945	95	0.596	5.172E-19	10	89	126	-2663	-2427	237	2792	2364
262863310	-1	67	2.438E-09	1	2514	2663	1945	67	0.648	3.402E-09	34	83	100	-2663	-2514	150	2792	2364
262863711	-1	82	7.441E-14	1	2418	2663	1945	82	0.516	1.663E-14	23	102	153	-2663	-2418	246	2792	2364
262863958	-1	67	2.438E-09	1	2484	2663	1945	67	0.552	2.488E-09	34	94	110	-2663	-2484	180	2792	2364
262864521	-1	81	1.488E-13	1	2448	2663	1945	81	0.556	3.117E-14	6	79	82	-2663	-2448	216	2792	2364
262887460	-1	70	3.048E-10	2	16671	16932	1608	36	0.550	7.700E+00	28	58	119	-16932	-16840	93	16986	16822
262887460	-1	70	3.048E-10	2	16671	16932	1615	41	0.428	3.623E+00	67	116	119	-16820	-16671	150	16898	16374
262994869	-1	96	4.542E-18	1	2759	3136	1937	96	0.420	3.222E-19	35	160	221	-3136	-2759	378	3175	2759
263006505	-1	107	2.218E-21	1	2759	3100	1937	107	0.491	3.460E-23	0	114	149	-3100	-2759	342	3175	2759
269210837	-1	83	3.721E-14	2	16416	16941	1608	39	0.537	5.896E-01	65	99	268	-16941	-16837	105	16986	16822
269210837	-1	83	3.721E-14	2	16416	16941	1615	47	0.241	4.010E-02	104	244	268	-16829	-16416	414	16898	16374
277165003	-1	75	9.525E-12	1	2759	2968	1937	75	0.541	5.604E-12	37	106	109	-2968	-2759	210	3175	2759
277262801	-1	78	1.191E-12	1	2759	3088	1937	78	0.398	3.318E-13	0	109	115	-3088	-2759	330	3175	2759
277326255	-1	49	6.392E-04	1	16407	16838	1615	49	0.244	8.841E-03	70	213	254	-16838	-16407	432	16898	16374
277404327	-1	83	3.721E-14	1	2427	2663	1945	83	0.538	6.479E-15	10	88	119	-2663	-2427	237	2792	2364
277404988	-1	102	7.097E-20	1	2364	2663	1945	102	0.525	3.355E-21	37	135	136	-2663	-2364	300	2792	2364
277405804	-1	101	1.419E-19	1	2400	2663	1945	101	0.573	6.300E-21	34	122	129	-2663	-2400	264	2792	2364
277406141	-1	101	1.419E-19	1	2385	2669	1945	101	0.545	4.598E-21	21	112	125	-2669	-2385	285	2792	2364
277406413	-1	108	1.109E-21	1	2774	3136	1937	108	0.472	1.842E-23	54	175	179	-3136	-2774	363	3175	2759
277406598	-1	116	4.331E-24	1	2364	2663	1945	116	0.581	3.970E-26	34	134	135	-2663	-2364	300	2792	2364
277406617	-1	71	1.524E-10	1	2514	2663	1945	71	0.681	1.487E-10	23	72	78	-2663	-2514	150	2792	2364
284576320	1	578	3.637E-163	9	20003	23162	460	141	0.539	7.952E-35	6	141	780	20003	20383	381	19943	20404
284576320	1	578	3.637E-163	9	20003	23162	466	58	0.718	7.975E-08	138	175	780	20526	20639	114	20526	20663
284576320	1	578	3.637E-163	9	20003	23162	472	68	0.927	8.590E-11	180	213	780	20718	20819	102	20685	20930
284576320	1	578	3.637E-163	9	20003	23162	473	33	0.767	1.922E+01	214	232	780	20882	20938	57	20882	20956
284576320	1	578	3.637E-163	9	20003	23162	478	74	0.458	1.009E-12	228	312	780	20996	21253	258	20996	21262
284576320	1	578	3.637E-163	9	20003	23162	499	147	0.553	9.220E-37	467	592	780	21892	22302	411	21862	22320
284576320	1	578	3.637E-163	9	20003	23162	504	62	0.767	3.620E-09	592	629	780	22366	22479	114	22366	22527
284576320	1	578	3.637E-163	9	20003	23162	511	62	0.414	6.132E-08	630	710	780	22535	22717	183	22517	22846
284576320	1	578	3.637E-163	9	20003	23162	518	85	0.623	1.306E-16	712	778	780	22962	23162	201	22944	23165
286133002	-1	53	3.995E-05	1	16407	16811	1615	53	0.267	3.124E-04	71	204	229	-16811	-16407	405	16898	16374
289287916	-1	87	2.325E-15	1	2819	3136	1937	87	0.445	2.397E-16	47	138	196	-3136	-2819	318	3175	2759
291182522	1	391	7.135E-107	7	19988	21825	460	129	0.581	1.393E-30	35	147	778	19988	20326	339	19943	20404
291182522	1	391	7.135E-107	7	19988	21825	462	46	0.764	4.630E-04	146	173	778	20391	20474	84	20391	20495
291182522	1	391	7.135E-107	7	19988	21825	472	54	0.693	7.984E-06	213	249	778	20709	20819	111	20685	20930
291182522	1	391	7.135E-107	7	19988	21825	473	32	0.748	3.656E+01	250	268	778	20882	20938	57	20882	20956
291182522	1	391	7.135E-107	7	19988	21825	478	55	0.385	5.708E-06	264	338	778	20996	21232	237	20996	21262
291182522	1	391	7.135E-107	7	19988	21825	486	52	0.408	6.990E-05	353	420	778	21327	21533	207	21282	21569
291182522	1	391	7.135E-107	7	19988	21825	490	73	0.483	4.418E-12	421	498	778	21589	21825	237	21529	21831
291327447	1	217	1.708E-54	5	20709	22774	472	63	0.726	7.337E-09	224	264	786	20709	20831	123	20685	20930
291327447	1	217	1.708E-54	5	20709	22774	478	51	0.338	1.364E-04	275	361	786	20996	21259	264	20996	21262
291327447	1	217	1.708E-54	5	20709	22774	486	55	0.408	7.615E-06	360	432	786	21315	21530	216	21282	21569
291327447	1	217	1.708E-54	5	20709	22774	499	116	0.461	4.371E-26	513	627	786	21892	22299	408	21862	22320
291327447	1	217	1.708E-54	5	20709	22774	511	55	0.380	1.794E-05	665	737	786	22535	22774	240	22517	22846
291351778	1	210	2.187E-52	5	20996	23153	478	67	0.425	4.186E-10	262	343	788	20996	21250	255	20996	21262
291351778	1	210	2.187E-52	5	20996	23153	486	49	0.387	6.412E-04	349	418	788	21324	21533	210	21282	21569
291351778	1	210	2.187E-52	5	20996	23153	499	122	0.473	5.316E-28	497	618	788	21889	22302	414	21862	22320
291351778	1	210	2.187E-52	5	20996	23153	504	52	0.655	1.053E-05	618	655	788	22366	22479	114	22366	22527
291351778	1	210	2.187E-52	5	20996	23153	518	59	0.476	1.225E-07	717	780	788	22962	23153	192	22944	23165
291694081	-1	96	4.542E-18	1	2364	2663	1945	96	0.498	2.756E-19	10	110	111	-2663	-2364	300	2792	2364
291699872	-1	108	1.109E-21	1	2771	3136	1937	108	0.468	2.524E-23	54	176	217	-3136	-2771	366	3175	2759
291759593	-1	52	7.990E-05	1	2759	2953	1937	52	0.427	3.079E-04	14	78	95	-2953	-2759	195	3175	2759
291803676	-1	198	8.957E-49	2	2364	3070	1937	113	0.553	2.228E-25	0	104	238	-3070	-2759	312	3175	2759
291803676	-1	198	8.957E-49	2	2364	3070	1945	117	0.592	1.125E-26	138	237	238	-2660	-2364	297	2792	2364
291828580	-1	90	2.907E-16	1	2370	2663	1945	90	0.482	4.235E-17	10	107	119	-2663	-2370	294	2792	2364
291945736	-1	118	1.083E-24	1	2364	2663	1945	118	0.591	5.987E-27	10	110	111	-2663	-2364	300	2792	2364
291946304	-1	118	1.083E-24	1	2364	2663	1945	118	0.589	8.207E-27	34	134	135	-2663	-2364	300	2792	2364
291946318	-1	70	3.048E-10	1	2484	2660	1945	70	0.577	3.805E-10	11	70	76	-2660	-2484	177	2792	2364
291946427	-1	113	3.465E-23	1	2364	2663	1945	113	0.567	4.944E-25	6	106	107	-2663	-2364	300	2792	2364
291946683	-1	115	8.663E-24	1	2373	2663	1945	115	0.593	5.442E-26	23	120	124	-2663	-2373	291	2792	2364
291946729	-1	98	1.135E-18	1	2385	2663	1945	98	0.534	7.823E-20	46	139	140	-2663	-2385	279	2792	2364
291946781	-1	78	1.191E-12	1	2439	2663	1945	78	0.524	5.260E-13	34	109	111	-2663	-2439	225	2792	2364
291946787	-1	105	8.871E-21	1	2364	2663	1945	105	0.534	2.700E-22	10	110	111	-2663	-2364	300	2792	2364
291946797	-1	64	1.951E-08	1	2379	2663	1945	64	0.378	4.148E-08	25	118	122	-2663	-2379	285	2792	2364
291946805	-1	118	1.083E-24	1	2364	2663	1945	118	0.589	8.207E-27	6	106	107	-2663	-2364	300	2792	2364
291946833	-1	111	1.386E-22	1	2364	2663	1945	111	0.561	1.744E-24	23	123	124	-2663	-2364	300	2792	2364
291946995	-1	72	7.620E-11	1	2514	2669	1945	72	0.672	4.246E-11	8	59	78	-2669	-2514	156	2792	2364
291947012	-1	108	1.109E-21	1	2364	2663	1945	108	0.546	2.975E-23	44	144	145	-2663	-2364	300	2792	2364
291947093	-1	110	2.772E-22	1	2364	2663	1945	110	0.556	4.490E-24	10	110	111	-2663	-2364	300	2792	2364
291947158	-1	59	6.242E-07	1	2526	2660	1945	59	0.637	1.284E-06	19	63	81	-2660	-2526	135	2792	2364
291947992	-1	68	1.219E-09	1	2478	2663	1945	68	0.541	1.820E-09	10	72	111	-2663	-2478	186	2792	2364
291995056	-1	108	1.109E-21	1	2364	2663	1945	108	0.547	2.171E-23	10	110	111	-2663	-2364	300	2792	2364
291996377	-1	83	3.721E-14	1	2364	2630	1945	83	0.488	8.871E-15	63	140	144	-2630	-2364	267	2792	2364
292067539	-1	79	5.953E-13	1	2762	3136	1937	79	0.367	1.292E-13	18	141	226	-3136	-2762	375	3175	2759
292137722	-1	68	1.219E-09	1	2762	3160	1937	68	0.316	1.160E-09	33	143	145	-3160	-2762	399	3175	2759
297475823	-1	127	2.115E-27	2	2663	3160	1937	89	0.372	4.968E-17	4	142	204	-3160	-2762	399	3175	2759
297475823	-1	127	2.115E-27	2	2663	3160	1940	39	0.599	1.399E-01	145	175	204	-2755	-2663	93	2755	2654
303385205	-1	81	1.488E-13	2	16425	16941	1608	38	0.540	1.120E+00	81	114	278	-16941	-16840	102	16986	16822
303385205	-1	81	1.488E-13	2	16425	16941	1615	51	0.263	1.940E-03	124	255	278	-16817	-16425	393	16898	16374
305635729	1	321	8.423E-86	7	20000	23153	460	129	0.597	1.909E-30	29	136	787	20000	20326	327	19943	20404
305635729	1	321	8.423E-86	7	20000	23153	462	48	0.782	1.773E-04	135	162	787	20391	20474	84	20391	20495
305635729	1	321	8.423E-86	7	20000	23153	478	61	0.397	6.712E-08	252	333	787	20996	21247	252	20996	21262
305635729	1	321	8.423E-86	7	20000	23153	486	57	0.369	1.138E-06	337	424	787	21318	21533	216	21282	21569
305635729	1	321	8.423E-86	7	20000	23153	499	134	0.510	3.043E-32	503	623	787	21889	22302	414	21862	22320
305635729	1	321	8.423E-86	7	20000	23153	504	56	0.695	5.952E-07	623	660	787	22366	22479	114	22366	22527
305635729	1	321	8.423E-86	7	20000	23153	518	59	0.479	8.912E-08	721	783	787	22962	23153	192	22944	23165
306097647	1	52	7.990E-05	1	22962	23153	518	52	0.429	3.778E-05	43	105	109	22962	23153	192	22944	23165
306099270	1	184	1.468E-44	7	20009	23165	460	133	0.623	5.960E-32	34	140	782	20009	20326	318	19943	20404
306099270	1	184	1.468E-44	7	20009	23165	462	48	0.794	9.354E-05	139	166	782	20391	20474	84	20391	20495
306099270	1	184	1.468E-44	7	20009	23165	473	32	0.748	3.656E+01	243	261	782	20882	20938	57	20882	20956
306099270	1	184	1.468E-44	7	20009	23165	478	67	0.421	4.186E-10	257	339	782	20996	21253	258	20996	21262
306099270	1	184	1.468E-44	7	20009	23165	486	54	0.405	1.969E-05	343	414	782	21321	21533	213	21282	21569
306099270	1	184	1.468E-44	7	20009	23165	490	86	0.557	1.757E-16	416	492	782	21592	21825	234	21529	21831
306099270	1	184	1.468E-44	7	20009	23165	518	63	0.482	3.700E-09	716	781	782	22962	23165	204	22944	23165
306151229	-1	213	2.733E-53	2	2364	3136	1937	124	0.514	6.108E-29	103	228	363	-3136	-2762	375	3175	2759
306151229	-1	213	2.733E-53	2	2364	3136	1945	121	0.602	6.586E-28	262	362	363	-2663	-2364	300	2792	2364
306248245	-1	103	3.548E-20	1	2385	2663	1945	103	0.559	9.518E-22	33	126	137	-2663	-2385	279	2792	2364
306249148	-1	101	1.419E-19	1	2759	3100	1937	101	0.469	3.913E-21	0	114	175	-3100	-2759	342	3175	2759
306285884	-1	200	2.239E-49	2	2364	3100	1937	107	0.490	4.742E-23	0	114	248	-3100	-2759	342	3175	2759
306285884	-1	200	2.239E-49	2	2364	3100	1945	124	0.614	7.242E-29	147	247	248	-2663	-2364	300	2792	2364
306300332	-1	62	7.803E-08	1	2759	2968	1937	62	0.464	1.269E-07	8	77	110	-2968	-2759	210	3175	2759
306406810	-1	53	3.995E-05	1	16419	16844	1615	53	0.249	4.237E-04	19	169	197	-16844	-16419	426	16898	16374
306487228	-1	109	5.544E-22	1	2364	2669	1945	109	0.542	1.156E-23	32	134	135	-2669	-2364	306	2792	2364
306487592	-1	68	1.219E-09	1	2499	2660	1945	68	0.620	9.732E-10	7	60	66	-2660	-2499	162	2792	2364
306487718	-1	69	6.096E-10	1	2514	2663	1945	69	0.668	5.204E-10	34	83	94	-2663	-2514	150	2792	2364
306487849	-1	158	9.848E-37	2	2415	3025	1937	95	0.540	6.050E-19	0	89	207	-3025	-2759	267	3175	2759
306487849	-1	158	9.848E-37	2	2415	3025	1945	94	0.569	9.707E-19	122	205	207	-2663	-2415	249	2792	2364
306488060	-1	112	6.930E-23	1	2364	2663	1945	112	0.564	9.287E-25	55	155	156	-2663	-2364	300	2792	2364
306489126	-1	112	6.930E-23	1	2364	2663	1945	112	0.566	6.776E-25	22	122	123	-2663	-2364	300	2792	2364
306489518	-1	73	3.810E-11	1	2514	2663	1945	73	0.702	2.268E-11	6	55	87	-2663	-2514	150	2792	2364
306536053	-1	67	2.438E-09	1	2762	3025	1937	67	0.413	2.170E-09	0	88	124	-3025	-2762	264	3175	2759
306593832	-1	85	9.302E-15	1	2861	3139	1937	85	0.481	1.583E-15	31	123	125	-3139	-2861	279	3175	2759
306620119	-1	57	2.497E-06	1	16467	16817	1615	57	0.302	1.998E-05	23	140	141	-16817	-16467	351	16898	16374
318755847	-1	54	1.998E-05	1	16407	16811	1615	54	0.269	1.698E-04	76	208	226	-16811	-16407	405	16898	16374
320409192	1	232	5.214E-59	5	20709	22717	472	67	0.772	2.228E-10	218	258	781	20709	20831	123	20685	20930
320409192	1	232	5.214E-59	5	20709	22717	478	54	0.353	1.077E-05	269	355	781	20996	21259	264	20996	21262
320409192	1	232	5.214E-59	5	20709	22717	486	55	0.410	5.548E-06	354	426	781	21315	21530	216	21282	21569
320409192	1	232	5.214E-59	5	20709	22717	499	123	0.482	2.066E-28	507	622	781	21892	22299	408	21862	22320
320409192	1	232	5.214E-59	5	20709	22717	511	56	0.475	5.083E-06	660	713	781	22535	22717	183	22517	22846
320828909	-1	120	2.707E-25	1	2364	2663	1945	120	0.597	1.696E-27	23	123	124	-2663	-2364	300	2792	2364
320886697	-1	116	4.331E-24	1	2759	3121	1937	116	0.500	3.358E-26	1	122	195	-3121	-2759	363	3175	2759
320888576	-1	113	3.465E-23	2	2660	2986	1937	76	0.508	2.185E-12	3	79	146	-2986	-2759	228	3175	2759
320888576	-1	113	3.465E-23	2	2660	2986	1940	38	0.588	2.658E-01	82	112	146	-2752	-2660	93	2755	2654
320888700	-1	135	8.261E-30	2	2663	3070	1937	99	0.499	1.891E-20	0	102	211	-3070	-2759	312	3175	2759
320888700	-1	135	8.261E-30	2	2663	3070	1940	38	0.610	5.052E-01	106	134	211	-2749	-2663	87	2755	2654
320913498	-1	76	4.762E-12	1	2403	2591	1945	76	0.589	2.526E-12	7	70	109	-2591	-2403	189	2792	2364
320948338	-1	81	1.488E-13	2	16383	16947	1608	33	0.454	7.322E+01	41	76	247	-16947	-16840	108	16986	16822
320948338	-1	81	1.488E-13	2	16383	16947	1615	55	0.258	1.251E-04	85	231	247	-16820	-16383	438	16898	16374
321027913	-1	106	4.435E-21	1	2364	2663	1945	106	0.543	1.049E-22	23	122	123	-2663	-2364	300	2792	2364
321028249	-1	68	1.219E-09	1	2514	2663	1945	68	0.661	9.732E-10	23	72	82	-2663	-2514	150	2792	2364
321028467	-1	67	2.438E-09	1	2520	2663	1945	67	0.674	2.488E-09	6	53	69	-2663	-2520	144	2792	2364
321028588	-1	115	8.663E-24	1	2364	2663	1945	115	0.576	1.022E-25	10	110	111	-2663	-2364	300	2792	2364
321028865	-1	106	4.435E-21	1	2759	3070	1937	106	0.523	8.908E-23	0	104	124	-3070	-2759	312	3175	2759
321029879	-1	113	3.465E-23	1	2364	2663	1945	113	0.567	4.944E-25	10	110	111	-2663	-2364	300	2792	2364
321029944	-1	117	2.166E-24	1	2364	2663	1945	117	0.584	2.113E-26	23	123	124	-2663	-2364	300	2792	2364
321030063	-1	124	1.692E-26	1	2759	3136	1937	124	0.510	6.108E-29	4	130	131	-3136	-2759	378	3175	2759
321030432	-1	75	9.525E-12	1	2475	2669	1945	75	0.567	6.472E-12	24	89	94	-2669	-2475	195	2792	2364
321031093	-1	68	1.219E-09	1	2475	2663	1945	68	0.541	1.820E-09	10	67	81	-2663	-2475	189	2792	2364
321080783	-1	212	5.467E-53	2	2364	3136	1937	119	0.496	1.964E-27	122	248	382	-3136	-2759	378	3175	2759
321080783	-1	212	5.467E-53	2	2364	3136	1945	124	0.615	5.283E-29	281	381	382	-2663	-2364	300	2792	2364
330063519	-1	57	2.497E-06	1	16407	16811	1615	57	0.279	1.471E-05	40	173	191	-16811	-16407	405	16898	16374
334733952	1	331	8.226E-89	6	20000	22479	460	134	0.505	4.349E-32	41	179	781	20000	20389	390	19943	20404
334733952	1	331	8.226E-89	6	20000	22479	473	32	0.758	2.651E+01	251	269	781	20882	20938	57	20882	20956
334733952	1	331	8.226E-89	6	20000	22479	486	54	0.425	1.435E-05	354	419	781	21330	21533	204	21282	21569
334733952	1	331	8.226E-89	6	20000	22479	490	83	0.538	1.175E-15	420	497	781	21589	21825	237	21529	21831
334733952	1	331	8.226E-89	6	20000	22479	499	125	0.482	4.276E-29	499	619	781	21889	22302	414	21862	22320
334733952	1	331	8.226E-89	6	20000	22479	504	51	0.637	3.780E-05	619	655	781	22366	22479	114	22366	22527
334770793	1	236	3.259E-60	5	20009	22302	460	139	0.543	7.225E-34	42	173	776	20009	20389	381	19943	20404
334770793	1	236	3.259E-60	5	20009	22302	472	57	0.642	6.277E-07	202	244	776	20691	20819	129	20685	20930
334770793	1	236	3.259E-60	5	20009	22302	473	32	0.758	2.651E+01	245	263	776	20882	20938	57	20882	20956
334770793	1	236	3.259E-60	5	20009	22302	478	66	0.451	1.084E-09	259	333	776	20996	21226	231	20996	21262
334770793	1	236	3.259E-60	5	20009	22302	499	128	0.491	4.712E-30	493	613	776	21889	22302	414	21862	22320
334924161	1	370	1.496E-100	7	20009	23153	460	137	0.529	2.549E-33	45	179	782	20009	20389	381	19943	20404
334924161	1	370	1.496E-100	7	20009	23153	478	60	0.425	9.218E-08	263	338	782	20996	21220	225	20996	21262
334924161	1	370	1.496E-100	7	20009	23153	486	49	0.382	1.208E-03	355	423	782	21324	21533	210	21282	21569
334924161	1	370	1.496E-100	7	20009	23153	499	121	0.471	7.285E-28	502	621	782	21889	22302	414	21862	22320
334924161	1	370	1.496E-100	7	20009	23153	504	60	0.745	1.782E-08	621	658	782	22366	22479	114	22366	22527
334924161	1	370	1.496E-100	7	20009	23153	511	55	0.453	1.794E-05	659	717	782	22535	22723	189	22517	22846
334924161	1	370	1.496E-100	7	20009	23153	518	57	0.463	6.017E-07	717	779	782	22962	23153	192	22944	23165
335319919	-1	97	2.271E-18	1	2364	2663	1945	97	0.505	1.468E-19	32	131	132	-2663	-2364	300	2792	2364
335331274	-1	94	1.817E-17	1	2382	2663	1945	94	0.512	1.822E-18	34	128	129	-2663	-2382	282	2792	2364
335332239	-1	168	9.618E-40	2	2364	2974	1937	78	0.545	6.219E-13	10	81	216	-2974	-2759	216	3175	2759
335332239	-1	168	9.618E-40	2	2364	2974	1945	121	0.604	4.805E-28	114	214	216	-2663	-2364	300	2792	2364
335427652	-1	104	1.774E-20	1	2762	3136	1937	104	0.449	3.143E-22	7	132	165	-3136	-2762	375	3175	2759
335429103	-1	107	2.218E-21	1	2759	3070	1937	107	0.526	4.742E-23	0	104	166	-3070	-2759	312	3175	2759
335488959	-1	54	1.998E-05	1	16419	16805	1615	54	0.273	2.303E-04	60	190	214	-16805	-16419	387	16898	16374
335533173	1	892	1.090E-257	10	20003	22810	460	181	0.805	1.592E-48	32	139	779	20003	20326	324	19943	20404
335533173	1	892	1.090E-257	10	20003	22810	462	55	0.893	5.641E-07	138	165	779	20391	20474	84	20391	20495
335533173	1	892	1.090E-257	10	20003	22810	466	68	0.768	1.461E-11	165	206	779	20526	20651	126	20526	20663
335533173	1	892	1.090E-257	10	20003	22810	472	71	0.891	9.301E-12	204	240	779	20709	20819	111	20685	20930
335533173	1	892	1.090E-257	10	20003	22810	473	36	0.840	1.472E+00	241	259	779	20882	20938	57	20882	20956
335533173	1	892	1.090E-257	10	20003	22810	478	98	0.584	7.582E-21	255	338	779	20996	21247	252	20996	21262
335533173	1	892	1.090E-257	10	20003	22810	486	79	0.545	2.237E-14	342	415	779	21318	21533	216	21282	21569
335533173	1	892	1.090E-257	10	20003	22810	499	193	0.691	8.588E-53	494	611	779	21889	22302	414	21862	22320
335533173	1	892	1.090E-257	10	20003	22810	504	75	0.910	1.362E-13	611	648	779	22366	22479	114	22366	22527
335533173	1	892	1.090E-257	10	20003	22810	511	110	0.599	1.086E-24	649	739	779	22535	22810	276	22517	22846
335543897	-1	59	6.242E-07	1	2921	3136	1937	59	0.433	2.110E-06	18	89	102	-3136	-2921	216	3175	2759
335569550	-1	63	3.901E-08	1	2454	2636	1945	63	0.522	7.746E-08	8	68	70	-2636	-2454	183	2792	2364
335569704	-1	72	7.620E-11	1	2403	2663	1945	72	0.437	4.246E-11	10	98	120	-2663	-2403	261	2792	2364
335569836	-1	62	7.803E-08	1	2514	2663	1945	62	0.604	1.976E-07	23	72	78	-2663	-2514	150	2792	2364
335569874	-1	116	4.331E-24	1	2364	2663	1945	116	0.581	3.970E-26	45	145	146	-2663	-2364	300	2792	2364
335570304	-1	85	9.302E-15	1	2421	2663	1945	85	0.533	1.346E-15	29	110	122	-2663	-2421	243	2792	2364
335570349	-1	97	2.271E-18	1	2385	2663	1945	97	0.532	1.072E-19	10	103	115	-2663	-2385	279	2792	2364
335570902	-1	113	3.465E-23	1	2364	2660	1945	113	0.574	3.607E-25	24	123	124	-2660	-2364	297	2792	2364
335571209	-1	112	6.930E-23	2	2654	2953	1937	78	0.595	4.542E-13	7	71	115	-2953	-2759	195	3175	2759
335571209	-1	112	6.930E-23	2	2654	2953	1940	36	0.541	1.827E+00	75	106	115	-2749	-2654	96	2755	2654
335571304	-1	86	4.651E-15	1	2364	2663	1945	86	0.460	7.178E-16	23	121	122	-2663	-2364	300	2792	2364
335571673	-1	85	9.302E-15	1	2364	2663	1945	85	0.455	1.843E-15	6	89	90	-2663	-2364	300	2792	2364
335572316	-1	97	2.271E-18	1	2409	2663	1945	97	0.571	1.072E-19	34	119	137	-2663	-2409	255	2792	2364
335572849	-1	87	2.325E-15	1	2388	2663	1945	87	0.490	3.827E-16	10	102	104	-2663	-2388	276	2792	2364
335572934	-1	144	1.614E-32	2	2364	2884	1937	57	0.651	7.348E-06	23	64	198	-2884	-2759	126	3175	2759
335572934	-1	144	1.614E-32	2	2364	2884	1945	118	0.589	8.207E-27	97	197	198	-2663	-2364	300	2792	2364
335582408	-1	90	2.907E-16	1	2762	3139	1937	90	0.401	2.647E-17	46	171	232	-3139	-2762	378	3175	2759
335596091	-1	49	6.392E-04	1	16641	16832	1615	49	0.413	6.530E-03	11	74	81	-16832	-16641	192	16898	16374
335596915	-1	172	6.011E-41	2	2364	2974	1937	71	0.505	1.292E-10	10	81	208	-2974	-2759	216	3175	2759
335596915	-1	172	6.011E-41	2	2364	2974	1945	125	0.620	2.051E-29	107	207	208	-2663	-2364	300	2792	2364
335620061	-1	126	4.230E-27	1	2364	2663	1945	126	0.624	1.091E-29	95	195	196	-2663	-2364	300	2792	2364
340921518	-1	89	5.813E-16	1	2394	2660	1945	89	0.510	1.088E-16	5	94	108	-2660	-2394	267	2792	2364
346629610	-1	102	7.097E-20	1	2762	3070	1937	102	0.515	2.083E-21	0	101	163	-3070	-2762	309	3175	2759
348898332	-1	81	1.488E-13	1	2759	3115	1937	81	0.386	3.676E-14	82	200	207	-3115	-2759	357	3175	2759
349820513	-1	90	2.907E-16	1	2762	3070	1937	90	0.461	3.627E-17	0	103	106	-3070	-2762	309	3175	2759
349873733	-1	114	1.733E-23	1	2759	3136	1937	114	0.478	1.625E-25	54	180	227	-3136	-2759	378	3175	2759
349996598	-1	51	1.598E-04	1	16416	16811	1615	51	0.262	1.940E-03	6	138	159	-16811	-16416	396	16898	16374
350112154	-1	66	4.877E-09	1	2520	2663	1945	66	0.660	8.694E-09	34	81	82	-2663	-2520	144	2792	2364
350112205	-1	113	3.465E-23	1	2364	2663	1945	113	0.569	3.607E-25	23	123	124	-2663	-2364	300	2792	2364
350112226	-1	86	4.651E-15	1	2364	2660	1945	86	0.462	9.829E-16	11	102	103	-2660	-2364	297	2792	2364
350114511	-1	100	2.839E-19	1	2364	2663	1945	100	0.513	1.620E-20	6	106	107	-2663	-2364	300	2792	2364
350163157	-1	76	4.762E-12	1	2762	3136	1937	76	0.357	1.596E-12	49	165	170	-3136	-2762	375	3175	2759
356932275	-1	73	3.810E-11	1	2759	2992	1937	73	0.488	1.967E-11	1	78	121	-2992	-2759	234	3175	2759
357238897	-1	51	1.598E-04	1	16407	16811	1615	51	0.258	2.628E-03	67	200	225	-16811	-16407	405	16898	16374
364106583	1	514	6.709E-144	8	20003	23165	460	156	0.706	9.340E-40	53	159	898	20003	20326	324	19943	20404
364106583	1	514	6.709E-144	8	20003	23165	466	60	0.653	1.618E-08	185	228	898	20526	20657	132	20526	20663
364106583	1	514	6.709E-144	8	20003	23165	472	68	0.558	1.180E-10	218	278	898	20691	20864	174	20685	20930
364106583	1	514	6.709E-144	8	20003	23165	486	59	0.492	4.400E-07	374	434	898	21351	21530	180	21282	21569
364106583	1	514	6.709E-144	8	20003	23165	499	154	0.574	4.328E-39	515	628	898	21892	22302	411	21862	22320
364106583	1	514	6.709E-144	8	20003	23165	504	59	0.731	4.638E-08	628	665	898	22366	22479	114	22366	22527
364106583	1	514	6.709E-144	8	20003	23165	511	78	0.624	1.989E-13	666	726	898	22535	22717	183	22517	22846
364106583	1	514	6.709E-144	8	20003	23165	518	79	0.581	1.113E-14	728	795	898	22962	23165	204	22944	23165
364415176	-1	165	7.694E-39	2	2364	3019	1937	80	0.479	6.892E-14	0	87	222	-3019	-2759	261	3175	2759
364415176	-1	165	7.694E-39	2	2364	3019	1945	116	0.582	2.897E-26	120	220	222	-2663	-2364	300	2792	2364
364468753	-1	65	9.753E-09	1	2759	2992	1937	65	0.445	1.039E-08	1	78	152	-2992	-2759	234	3175	2759
364512068	-1	100	2.839E-19	1	2771	3070	1937	100	0.518	1.007E-20	0	99	120	-3070	-2771	300	3175	2759
364513616	-1	106	4.435E-21	1	2759	3070	1937	106	0.527	8.908E-23	0	103	190	-3070	-2759	312	3175	2759
364652837	-1	67	2.438E-09	1	2520	2663	1945	67	0.670	3.402E-09	34	81	82	-2663	-2520	144	2792	2364
364653221	-1	99	5.677E-19	1	2400	2663	1945	99	0.565	2.220E-20	23	111	118	-2663	-2400	264	2792	2364
364653329	-1	101	1.419E-19	2	2451	2932	1937	61	0.505	4.429E-07	3	63	169	-2932	-2759	174	3175	2759
364653329	-1	101	1.419E-19	2	2451	2932	1945	77	0.597	9.853E-13	102	165	169	-2639	-2451	189	2792	2364
364653366	-1	70	3.048E-10	1	2427	2663	1945	70	0.453	2.782E-10	23	104	147	-2663	-2427	237	2792	2364
364653641	-1	69	6.096E-10	1	2514	2663	1945	69	0.668	5.204E-10	22	71	78	-2663	-2514	150	2792	2364
364653856	-1	110	2.772E-22	1	2364	2663	1945	110	0.556	4.490E-24	23	123	124	-2663	-2364	300	2792	2364
364653889	-1	111	1.386E-22	1	2364	2663	1945	111	0.564	2.391E-24	29	128	129	-2663	-2364	300	2792	2364
364653989	-1	101	1.419E-19	1	2759	3100	1937	101	0.468	5.362E-21	0	114	187	-3100	-2759	342	3175	2759
364654552	-1	207	1.749E-51	2	2364	3136	1937	125	0.514	2.371E-29	54	180	314	-3136	-2759	378	3175	2759
364654552	-1	207	1.749E-51	2	2364	3136	1945	113	0.571	2.632E-25	213	313	314	-2663	-2364	300	2792	2364
364654645	-1	116	4.331E-24	1	2364	2663	1945	116	0.582	2.897E-26	10	110	111	-2663	-2364	300	2792	2364
364654826	-1	117	2.166E-24	1	2364	2666	1945	117	0.581	1.542E-26	31	132	133	-2666	-2364	303	2792	2364
364655301	-1	115	8.663E-24	1	2364	2663	1945	115	0.577	7.458E-26	34	134	135	-2663	-2364	300	2792	2364
364655621	-1	79	5.953E-13	1	2448	2663	1945	79	0.548	2.051E-13	23	95	124	-2663	-2448	216	2792	2364
364657812	-1	51	1.598E-04	1	16416	16853	1615	51	0.247	1.940E-03	73	219	248	-16853	-16416	438	16898	16374
364696364	-1	84	1.860E-14	1	2376	2663	1945	84	0.464	4.732E-15	10	105	111	-2663	-2376	288	2792	2364
364704450	-1	68	1.219E-09	1	2364	2663	1945	68	0.383	1.331E-09	10	109	160	-2663	-2364	300	2792	2364
371441311	-1	53	3.995E-05	1	16407	16811	1615	53	0.267	3.124E-04	85	218	236	-16811	-16407	405	16898	16374
374138689	1	956	5.908E-277	11	19973	23165	460	167	0.695	1.363E-43	22	139	778	19973	20326	354	19943	20404
374138689	1	956	5.908E-277	11	19973	23165	462	54	0.880	1.068E-06	138	165	778	20391	20474	84	20391	20495
374138689	1	956	5.908E-277	11	19973	23165	466	59	0.675	2.226E-08	165	206	778	20526	20651	126	20526	20663
374138689	1	956	5.908E-277	11	19973	23165	473	31	0.721	9.602E+01	241	259	778	20882	20938	57	20882	20956
374138689	1	956	5.908E-277	11	19973	23165	478	82	0.586	1.775E-15	260	329	778	21011	21220	210	20996	21262
374138689	1	956	5.908E-277	11	19973	23165	486	69	0.483	1.163E-10	341	414	778	21315	21533	219	21282	21569
374138689	1	956	5.908E-277	11	19973	23165	490	101	0.638	1.047E-21	416	493	778	21592	21825	234	21529	21831
374138689	1	956	5.908E-277	11	19973	23165	499	165	0.604	6.316E-43	495	610	778	21889	22302	414	21862	22320
374138689	1	956	5.908E-277	11	19973	23165	504	67	0.821	7.916E-11	610	647	778	22366	22479	114	22366	22527
374138689	1	956	5.908E-277	11	19973	23165	511	101	0.699	1.567E-21	648	717	778	22535	22744	210	22517	22846
374138689	1	956	5.908E-277	11	19973	23165	518	95	0.680	3.407E-20	710	777	778	22962	23165	204	22944	23165
374551639	-1	77	2.381E-12	2	16416	16941	1608	36	0.508	4.049E+00	28	62	231	-16941	-16837	105	16986	16822
374551639	-1	77	2.381E-12	2	16416	16941	1615	44	0.233	3.302E-01	67	207	231	-16829	-16416	414	16898	16374
378877745	-1	113	3.465E-23	1	2373	2663	1945	113	0.586	4.944E-25	10	106	111	-2663	-2373	291	2792	2364
378956574	-1	187	1.834E-45	2	2373	3070	1937	100	0.497	1.380E-20	0	104	235	-3070	-2759	312	3175	2759
378956574	-1	187	1.834E-45	2	2373	3070	1945	118	0.604	8.207E-27	137	234	235	-2663	-2373	291	2792	2364
378993768	-1	118	1.083E-24	1	2364	2663	1945	118	0.591	5.987E-27	10	110	111	-2663	-2364	300	2792	2364
379008128	-1	60	3.121E-07	1	2759	2974	1937	60	0.440	8.272E-07	7	78	118	-2974	-2759	216	3175	2759
379079158	-1	104	1.774E-20	1	2759	3136	1937	104	0.446	5.905E-22	17	141	168	-3136	-2759	378	3175	2759
379194667	-1	172	6.011E-41	2	2364	3139	1937	100	0.433	7.348E-21	53	168	312	-3139	-2759	381	3175	2759
379194667	-1	172	6.011E-41	2	2364	3139	1945	103	0.492	1.304E-21	201	310	312	-2663	-2364	300	2792	2364
379194875	-1	74	1.905E-11	1	2448	2663	1945	74	0.522	1.658E-11	18	89	92	-2663	-2448	216	2792	2364
379195108	1	52	7.990E-05	1	2355	2588	59	52	0.370	5.049E-05	12	90	120	2355	2588	234	2325	2588
379195201	-1	100	2.839E-19	1	2364	2663	1945	100	0.517	1.620E-20	21	120	121	-2663	-2364	300	2792	2364
379195354	-1	74	1.905E-11	1	2385	2639	1945	74	0.459	1.658E-11	18	102	110	-2639	-2385	255	2792	2364
379195745	-1	90	2.907E-16	1	2430	2660	1945	90	0.586	3.092E-17	3	75	109	-2660	-2430	231	2792	2364
379196256	-1	111	1.386E-22	1	2364	2663	1945	111	0.562	1.273E-24	23	123	124	-2663	-2364	300	2792	2364
379196909	-1	107	2.218E-21	1	2364	2663	1945	107	0.543	5.586E-23	34	134	135	-2663	-2364	300	2792	2364
379197438	-1	91	1.453E-16	1	2415	2663	1945	91	0.553	1.203E-17	23	106	117	-2663	-2415	249	2792	2364
379197471	-1	194	1.433E-47	2	2364	3100	1937	110	0.503	2.777E-24	0	114	248	-3100	-2759	342	3175	2759
379197471	-1	194	1.433E-47	2	2364	3100	1945	115	0.576	1.022E-25	147	247	248	-2663	-2364	300	2792	2364
379197627	-1	81	1.488E-13	1	2789	3070	1937	81	0.454	5.033E-14	0	94	154	-3070	-2789	282	3175	2759
379208442	-1	99	5.677E-19	2	2505	2914	1937	61	0.575	4.429E-07	24	75	190	-2914	-2759	156	3175	2759
379208442	-1	99	5.677E-19	2	2505	2914	1945	71	0.673	1.087E-10	110	160	190	-2657	-2505	153	2792	2364
379246264	-1	164	1.539E-38	2	2364	2974	1937	81	0.564	5.033E-14	110	181	315	-2974	-2759	216	3175	2759
379246264	-1	164	1.539E-38	2	2364	2974	1945	115	0.582	7.458E-26	215	314	315	-2660	-2364	297	2792	2364
379329277	-1	79	5.953E-13	2	16425	16962	1608	38	0.466	1.120E+00	114	154	322	-16962	-16840	123	16986	16822
379329277	-1	79	5.953E-13	2	16425	16962	1615	55	0.286	6.792E-05	170	290	322	-16799	-16425	375	16898	16374
393497285	-1	192	5.733E-47	2	2364	3100	1937	106	0.485	1.221E-22	0	114	249	-3100	-2759	342	3175	2759
393497285	-1	192	5.733E-47	2	2364	3100	1945	117	0.584	2.113E-26	147	247	249	-2663	-2364	300	2792	2364
393597024	-1	227	1.668E-57	2	2373	3136	1937	148	0.596	1.940E-37	11	136	270	-3136	-2759	378	3175	2759
393597024	-1	227	1.668E-57	2	2373	3136	1945	110	0.576	3.276E-24	169	265	270	-2663	-2373	291	2792	2364
393685024	-1	109	5.544E-22	1	2385	2663	1945	109	0.592	6.154E-24	85	177	186	-2663	-2385	279	2792	2364
393698520	1	372	3.741E-101	5	20882	22302	473	31	0.721	9.602E+01	226	244	565	20882	20938	57	20882	20956
393698520	1	372	3.741E-101	5	20882	22302	478	82	0.586	1.775E-15	245	314	565	21011	21220	210	20996	21262
393698520	1	372	3.741E-101	5	20882	22302	486	69	0.483	1.163E-10	326	399	565	21315	21533	219	21282	21569
393698520	1	372	3.741E-101	5	20882	22302	490	101	0.638	1.047E-21	401	478	565	21592	21825	234	21529	21831
393698520	1	372	3.741E-101	5	20882	22302	499	94	0.387	2.674E-18	480	556	565	21889	22302	414	21862	22320
393736899	-1	106	4.435E-21	1	2364	2663	1945	106	0.543	1.049E-22	10	109	110	-2663	-2364	300	2792	2364
393737886	-1	115	8.663E-24	1	2364	2663	1945	115	0.576	1.022E-25	42	142	143	-2663	-2364	300	2792	2364
393738252	-1	108	1.109E-21	1	2364	2663	1945	108	0.549	1.584E-23	23	123	124	-2663	-2364	300	2792	2364
393787123	-1	76	4.762E-12	1	2774	3025	1937	76	0.472	1.596E-12	0	84	92	-3025	-2774	252	3175	2759
401115765	1	465	3.777E-129	8	20882	23153	473	31	0.730	6.959E+01	242	260	778	20882	20938	57	20882	20956
401115765	1	465	3.777E-129	8	20882	23153	478	54	0.388	1.077E-05	256	325	778	20996	21226	231	20996	21262
401115765	1	465	3.777E-129	8	20882	23153	486	46	0.373	1.106E-02	341	406	778	21327	21530	204	21282	21569
401115765	1	465	3.777E-129	8	20882	23153	490	76	0.493	4.816E-13	407	485	778	21586	21825	240	21529	21831
401115765	1	465	3.777E-129	8	20882	23153	499	123	0.462	1.508E-28	487	613	778	21889	22320	432	21862	22320
401115765	1	465	3.777E-129	8	20882	23153	504	51	0.642	2.746E-05	607	643	778	22366	22479	114	22366	22527
401115765	1	465	3.777E-129	8	20882	23153	511	46	0.394	1.825E-02	644	706	778	22535	22723	189	22517	22846
401115765	1	465	3.777E-129	8	20882	23153	518	53	0.437	1.453E-05	706	767	778	22962	23153	192	22944	23165
406922822	1	329	3.290E-88	7	20009	23153	460	132	0.623	1.534E-31	41	145	787	20009	20326	318	19943	20404
406922822	1	329	3.290E-88	7	20009	23153	462	47	0.770	3.362E-04	144	171	787	20391	20474	84	20391	20495
406922822	1	329	3.290E-88	7	20009	23153	486	56	0.428	2.944E-06	350	418	787	21324	21533	210	21282	21569
406922822	1	329	3.290E-88	7	20009	23153	490	81	0.531	7.853E-15	420	496	787	21592	21825	234	21529	21831
406922822	1	329	3.290E-88	7	20009	23153	499	122	0.474	3.880E-28	499	619	787	21892	22305	414	21862	22320
406922822	1	329	3.290E-88	7	20009	23153	504	61	0.749	1.296E-08	618	655	787	22366	22479	114	22366	22527
406922822	1	329	3.290E-88	7	20009	23153	518	62	0.495	1.321E-08	714	776	787	22962	23153	192	22944	23165
407403942	1	92	7.267E-17	1	21886	22218	499	92	0.448	9.393E-18	54	145	146	21886	22218	333	21862	22320
407620472	1	383	1.826E-104	8	20009	23153	460	130	0.614	1.016E-30	41	145	787	20009	20326	318	19943	20404
407620472	1	383	1.826E-104	8	20009	23153	462	47	0.770	3.362E-04	144	171	787	20391	20474	84	20391	20495
407620472	1	383	1.826E-104	8	20009	23153	473	32	0.758	2.651E+01	248	266	787	20882	20938	57	20882	20956
407620472	1	383	1.826E-104	8	20009	23153	486	59	0.447	2.335E-07	350	418	787	21324	21533	210	21282	21569
407620472	1	383	1.826E-104	8	20009	23153	490	83	0.544	1.175E-15	420	496	787	21592	21825	234	21529	21831
407620472	1	383	1.826E-104	8	20009	23153	499	125	0.483	3.121E-29	499	619	787	21892	22305	414	21862	22320
407620472	1	383	1.826E-104	8	20009	23153	504	57	0.713	1.661E-07	618	655	787	22366	22479	114	22366	22527
407620472	1	383	1.826E-104	8	20009	23153	518	60	0.482	6.483E-08	714	776	787	22962	23153	192	22944	23165
407663112	1	367	1.197E-99	9	20006	22741	460	132	0.612	2.103E-31	175	282	921	20006	20326	321	19943	20404
407663112	1	367	1.197E-99	9	20006	22741	462	48	0.788	1.288E-04	281	308	921	20391	20474	84	20391	20495
407663112	1	367	1.197E-99	9	20006	22741	466	55	0.627	1.025E-06	308	349	921	20526	20651	126	20526	20663
407663112	1	367	1.197E-99	9	20006	22741	472	63	0.693	1.008E-08	341	383	921	20691	20819	129	20685	20930
407663112	1	367	1.197E-99	9	20006	22741	473	33	0.776	1.393E+01	384	402	921	20882	20938	57	20882	20956
407663112	1	367	1.197E-99	9	20006	22741	478	62	0.403	2.590E-08	398	480	921	20996	21247	252	20996	21262
407663112	1	367	1.197E-99	9	20006	22741	486	63	0.452	9.822E-09	483	556	921	21318	21530	213	21282	21569
407663112	1	367	1.197E-99	9	20006	22741	504	49	0.648	1.357E-04	756	791	921	22372	22479	108	22366	22527
407663112	1	367	1.197E-99	9	20006	22741	511	64	0.479	1.265E-08	792	860	921	22535	22741	207	22517	22846
408068264	-1	51	1.598E-04	1	16407	16832	1615	51	0.250	2.628E-03	49	182	218	-16832	-16407	426	16898	16374
408076487	-1	83	3.721E-14	1	2370	2663	1945	83	0.453	8.871E-15	10	107	121	-2663	-2370	294	2792	2364
408106764	-1	200	2.239E-49	2	2364	3100	1937	103	0.480	8.092E-22	0	113	248	-3100	-2762	339	3175	2759
408106764	-1	200	2.239E-49	2	2364	3100	1945	129	0.635	1.200E-30	147	247	248	-2663	-2364	300	2792	2364
408162590	-1	81	1.488E-13	1	2403	2660	1945	81	0.494	3.117E-14	7	92	127	-2660	-2403	258	2792	2364
408163647	-1	86	4.651E-15	1	2370	2660	1945	86	0.471	7.178E-16	11	107	119	-2660	-2370	291	2792	2364
408277356	-1	113	3.465E-23	1	2364	2663	1945	113	0.567	4.944E-25	10	110	111	-2663	-2364	300	2792	2364
408277424	-1	111	1.386E-22	1	2364	2663	1945	111	0.559	2.391E-24	23	123	124	-2663	-2364	300	2792	2364
408277727	-1	100	2.839E-19	1	2364	2657	1945	100	0.524	8.632E-21	36	134	136	-2657	-2364	294	2792	2364
408278351	-1	112	6.930E-23	1	2364	2663	1945	112	0.564	9.287E-25	10	110	111	-2663	-2364	300	2792	2364
408278427	-1	81	1.488E-13	1	2439	2720	1945	81	0.455	4.267E-14	14	108	110	-2720	-2439	282	2792	2364
408278626	-1	66	4.877E-09	1	2514	2648	1945	66	0.704	4.651E-09	29	73	78	-2648	-2514	135	2792	2364
408278627	-1	74	1.905E-11	1	2460	2663	1945	74	0.542	1.212E-11	23	91	92	-2663	-2460	204	2792	2364
408278743	-1	83	3.721E-14	1	2439	2663	1945	83	0.555	6.479E-15	6	81	89	-2663	-2439	225	2792	2364
408278950	-1	114	1.733E-23	1	2364	2660	1945	114	0.579	1.401E-25	11	110	111	-2660	-2364	297	2792	2364
408279428	-1	70	3.048E-10	1	2511	2663	1945	70	0.660	3.805E-10	23	73	76	-2663	-2511	153	2792	2364
408279528	-1	103	3.548E-20	1	2364	2663	1945	103	0.526	1.304E-21	23	123	124	-2663	-2364	300	2792	2364
408279545	-1	83	3.721E-14	1	2448	2663	1945	83	0.571	8.871E-15	6	78	82	-2663	-2448	216	2792	2364
408279767	-1	100	2.839E-19	1	2364	2663	1945	100	0.513	1.620E-20	23	123	124	-2663	-2364	300	2792	2364
408279942	-1	79	5.953E-13	1	2439	2639	1945	79	0.578	2.808E-13	22	89	129	-2639	-2439	201	2792	2364
408280291	-1	60	3.121E-07	1	2523	2663	1945	60	0.618	9.399E-07	34	80	90	-2663	-2523	141	2792	2364
408280419	-1	113	3.465E-23	1	2364	2663	1945	113	0.569	3.607E-25	10	110	112	-2663	-2364	300	2792	2364
408280623	-1	180	2.348E-43	2	2364	3025	1937	96	0.545	2.351E-19	0	89	223	-3025	-2759	267	3175	2759
408280623	-1	180	2.348E-43	2	2364	3025	1945	115	0.576	1.022E-25	122	222	223	-2663	-2364	300	2792	2364
408399376	-1	79	5.953E-13	1	2765	2983	1937	79	0.542	1.770E-13	4	77	101	-2983	-2765	219	3175	2759
408412111	-1	110	2.772E-22	1	2759	3136	1937	110	0.467	3.806E-24	27	152	200	-3136	-2759	378	3175	2759
422580840	-1	142	6.454E-32	2	2376	2908	1937	58	0.570	3.938E-06	0	49	188	-2908	-2759	150	3175	2759
422580840	-1	142	6.454E-32	2	2376	2908	1945	115	0.595	1.022E-25	82	178	188	-2663	-2376	288	2792	2364
422589919	-1	51	1.598E-04	1	16509	16829	1615	51	0.300	1.431E-03	1	99	169	-16829	-16509	321	16898	16374
422616370	-1	199	4.479E-49	2	2364	3100	1937	107	0.490	4.742E-23	0	114	248	-3100	-2759	342	3175	2759
422616370	-1	199	4.479E-49	2	2364	3100	1945	123	0.610	1.361E-28	147	247	248	-2663	-2364	300	2792	2364
422678643	-1	76	4.762E-12	1	2774	3025	1937	76	0.472	1.596E-12	0	84	144	-3025	-2774	252	3175	2759
422678710	-1	79	5.953E-13	1	2759	3001	1937	79	0.500	1.770E-13	0	81	142	-3001	-2759	243	3175	2759
422819179	-1	82	7.441E-14	1	2451	2693	1945	82	0.507	1.663E-14	22	105	113	-2693	-2451	243	2792	2364
422819778	-1	68	1.219E-09	1	2475	2660	1945	68	0.553	9.732E-10	13	74	85	-2660	-2475	186	2792	2364
422819846	-1	59	6.242E-07	1	2777	2980	1937	59	0.457	1.130E-06	11	78	128	-2980	-2777	204	3175	2759
422820015	-1	117	2.166E-24	1	2364	2663	1945	117	0.587	1.125E-26	34	134	135	-2663	-2364	300	2792	2364
422820057	-1	68	1.219E-09	1	2514	2663	1945	68	0.661	9.732E-10	10	59	94	-2663	-2514	150	2792	2364
422820868	-1	74	1.905E-11	1	2478	2660	1945	74	0.591	1.212E-11	35	96	97	-2660	-2478	183	2792	2364
422821013	-1	96	4.542E-18	1	2376	2663	1945	96	0.393	3.776E-19	23	160	169	-2663	-2376	288	2792	2364
422821131	-1	115	8.663E-24	1	2364	2663	1945	115	0.579	5.442E-26	10	110	111	-2663	-2364	300	2792	2364
422821563	-1	91	1.453E-16	1	2418	2663	1945	91	0.558	1.203E-17	10	92	95	-2663	-2418	246	2792	2364
422821885	-1	114	1.733E-23	1	2373	2663	1945	114	0.586	1.920E-25	23	120	124	-2663	-2373	291	2792	2364
422822150	-1	115	8.663E-24	1	2364	2663	1945	115	0.576	1.022E-25	23	123	124	-2663	-2364	300	2792	2364
422822202	-1	113	3.465E-23	1	2364	2663	1945	113	0.569	3.607E-25	28	128	129	-2663	-2364	300	2792	2364
422965807	-1	209	4.374E-52	2	2364	3136	1937	125	0.514	2.371E-29	54	180	315	-3136	-2759	378	3175	2759
422965807	-1	209	4.374E-52	2	2364	3136	1945	115	0.579	5.442E-26	213	313	315	-2663	-2364	300	2792	2364
436511337	1	210	2.187E-52	2	21592	22302	490	83	0.539	2.213E-15	5	81	243	21592	21825	234	21529	21831
436511337	1	210	2.187E-52	2	21592	22302	499	126	0.486	1.662E-29	83	203	243	21889	22302	414	21862	22320
436777790	1	363	1.915E-98	8	19964	23153	460	141	0.591	1.090E-34	27	146	781	19964	20326	363	19943	20404
436777790	1	363	1.915E-98	8	19964	23153	462	49	0.801	6.794E-05	145	172	781	20391	20474	84	20391	20495
436777790	1	363	1.915E-98	8	19964	23153	473	33	0.785	1.010E+01	249	267	781	20882	20938	57	20882	20956
436777790	1	363	1.915E-98	8	19964	23153	478	61	0.431	6.712E-08	263	333	781	20996	21220	225	20996	21262
436777790	1	363	1.915E-98	8	19964	23153	486	51	0.394	2.480E-04	350	418	781	21324	21533	210	21282	21569
436777790	1	363	1.915E-98	8	19964	23153	499	126	0.487	1.213E-29	497	620	781	21889	22302	414	21862	22320
436777790	1	363	1.915E-98	8	19964	23153	504	59	0.727	6.380E-08	620	657	781	22366	22479	114	22366	22527
436777790	1	363	1.915E-98	8	19964	23153	518	66	0.521	5.488E-10	716	778	781	22962	23153	192	22944	23165
437121846	-1	121	1.354E-25	1	2759	3136	1937	121	0.501	5.560E-28	54	180	224	-3136	-2759	378	3175	2759
437122405	-1	154	1.576E-35	2	2663	3136	1937	117	0.490	1.787E-26	21	146	220	-3136	-2762	375	3175	2759
437122405	-1	154	1.576E-35	2	2663	3136	1940	38	0.583	3.664E-01	149	179	220	-2755	-2663	93	2755	2654
437122756	-1	131	1.322E-28	2	2460	3025	1937	81	0.473	5.033E-14	0	89	225	-3025	-2759	267	3175	2759
437122756	-1	131	1.322E-28	2	2460	3025	1945	81	0.577	5.841E-14	122	191	225	-2663	-2460	204	2792	2364
437158810	-1	121	1.354E-25	1	2364	2663	1945	121	0.600	9.027E-28	10	110	111	-2663	-2364	300	2792	2364
437175488	-1	64	1.951E-08	1	2759	2992	1937	64	0.436	3.632E-08	1	78	106	-2992	-2759	234	3175	2759
437219293	-1	114	1.733E-23	2	2663	2908	1937	69	0.664	6.197E-10	1	50	143	-2908	-2759	150	3175	2759
437219293	-1	114	1.733E-23	2	2663	2908	1940	46	0.719	4.376E-04	53	82	143	-2752	-2663	90	2755	2654
437360859	-1	114	1.733E-23	1	2364	2663	1945	114	0.572	1.920E-25	10	110	111	-2663	-2364	300	2792	2364
437360892	-1	94	1.817E-17	1	2418	2720	1945	94	0.484	1.822E-18	14	115	118	-2720	-2418	303	2792	2364
437362117	-1	114	1.733E-23	1	2364	2663	1945	114	0.574	1.401E-25	10	110	111	-2663	-2364	300	2792	2364
437362661	-1	117	2.166E-24	1	2364	2663	1945	117	0.586	1.542E-26	6	106	107	-2663	-2364	300	2792	2364
437363537	-1	106	4.435E-21	1	2759	3100	1937	106	0.488	6.499E-23	0	114	164	-3100	-2759	342	3175	2759
437404537	-1	90	2.907E-16	1	2759	3175	1937	90	0.373	3.627E-17	25	163	194	-3175	-2759	417	3175	2759
450991926	1	380	1.461E-103	6	19994	21825	460	133	0.604	5.960E-32	37	147	779	19994	20326	333	19943	20404
450991926	1	380	1.461E-103	6	19994	21825	462	51	0.843	7.255E-06	146	173	779	20391	20474	84	20391	20495
450991926	1	380	1.461E-103	6	19994	21825	472	55	0.479	4.228E-06	213	271	779	20709	20876	168	20685	20930
450991926	1	380	1.461E-103	6	19994	21825	478	61	0.396	4.887E-08	264	345	779	20996	21250	255	20996	21262
450991926	1	380	1.461E-103	6	19994	21825	486	51	0.408	1.317E-04	352	417	779	21330	21533	204	21282	21569
450991926	1	380	1.461E-103	6	19994	21825	490	76	0.498	4.816E-13	418	495	779	21589	21825	237	21529	21831
451066234	1	186	3.669E-45	6	20526	23153	466	62	0.745	3.287E-09	176	214	779	20526	20642	117	20526	20663
451066234	1	186	3.669E-45	6	20526	23153	472	65	0.803	1.091E-09	218	255	779	20718	20831	114	20685	20930
451066234	1	186	3.669E-45	6	20526	23153	486	55	0.394	1.045E-05	350	425	779	21315	21533	219	21282	21569
451066234	1	186	3.669E-45	6	20526	23153	499	121	0.477	7.285E-28	505	619	779	21892	22299	408	21862	22320
451066234	1	186	3.669E-45	6	20526	23153	511	53	0.450	8.674E-05	657	711	779	22535	22717	183	22517	22846
451066234	1	186	3.669E-45	6	20526	23153	518	40	0.327	7.412E-01	707	775	779	22944	23153	210	22944	23165
451082026	1	55	9.988E-06	1	20715	20816	472	55	0.751	5.810E-06	8	41	42	20715	20816	102	20685	20930
451192520	1	154	1.576E-35	3	21889	23153	499	119	0.465	3.519E-27	65	189	357	21889	22302	414	21862	22320
451192520	1	154	1.576E-35	3	21889	23153	504	56	0.712	5.952E-07	189	225	357	22366	22476	111	22366	22527
451192520	1	154	1.576E-35	3	21889	23153	518	43	0.384	4.196E-02	291	350	357	22971	23153	183	22944	23165
451296027	1	417	1.063E-114	6	20000	22302	460	134	0.505	2.316E-32	42	181	783	20000	20389	390	19943	20404
451296027	1	417	1.063E-114	6	20000	22302	473	32	0.748	3.656E+01	253	271	783	20882	20938	57	20882	20956
451296027	1	417	1.063E-114	6	20000	22302	478	61	0.388	3.558E-08	267	351	783	20996	21259	264	20996	21262
451296027	1	417	1.063E-114	6	20000	22302	486	55	0.427	1.045E-05	356	421	783	21330	21533	204	21282	21569
451296027	1	417	1.063E-114	6	20000	22302	490	83	0.538	1.175E-15	422	499	783	21589	21825	237	21529	21831
451296027	1	417	1.063E-114	6	20000	22302	499	124	0.479	1.100E-28	501	621	783	21889	22302	414	21862	22320
451306843	1	644	4.929E-183	10	19979	23162	460	139	0.606	3.846E-34	53	168	857	19979	20326	348	19943	20404
451306843	1	644	4.929E-183	10	19979	23162	462	39	0.653	1.481E-01	167	194	857	20391	20474	84	20391	20495
451306843	1	644	4.929E-183	10	19979	23162	466	63	0.754	1.737E-09	194	232	857	20526	20642	117	20526	20663
451306843	1	644	4.929E-183	10	19979	23162	472	69	0.932	6.253E-11	236	269	857	20718	20819	102	20685	20930
451306843	1	644	4.929E-183	10	19979	23162	473	33	0.767	1.922E+01	270	288	857	20882	20938	57	20882	20956
451306843	1	644	4.929E-183	10	19979	23162	478	82	0.505	2.437E-15	284	366	857	20996	21247	252	20996	21262
451306843	1	644	4.929E-183	10	19979	23162	499	148	0.487	4.907E-37	524	685	857	21892	22302	411	21862	22320
451306843	1	644	4.929E-183	10	19979	23162	504	64	0.789	7.359E-10	685	722	857	22366	22479	114	22366	22527
451306843	1	644	4.929E-183	10	19979	23162	511	76	0.582	7.045E-13	723	787	857	22535	22717	183	22517	22846
451306843	1	644	4.929E-183	10	19979	23162	518	81	0.600	2.275E-15	789	855	857	22962	23162	201	22944	23165
451339223	1	457	9.669E-127	8	19982	23144	460	133	0.494	5.960E-32	38	180	788	19982	20383	402	19943	20404
451339223	1	457	9.669E-127	8	19982	23144	473	31	0.721	9.602E+01	254	272	788	20882	20938	57	20882	20956
451339223	1	457	9.669E-127	8	19982	23144	478	60	0.419	1.266E-07	268	340	788	20996	21226	231	20996	21262
451339223	1	457	9.669E-127	8	19982	23144	486	54	0.407	1.435E-05	353	423	788	21318	21533	216	21282	21569
451339223	1	457	9.669E-127	8	19982	23144	490	86	0.559	1.280E-16	425	501	788	21592	21825	234	21529	21831
451339223	1	457	9.669E-127	8	19982	23144	499	124	0.473	1.100E-28	504	628	788	21892	22311	420	21862	22320
451339223	1	457	9.669E-127	8	19982	23144	504	49	0.693	1.869E-04	629	661	788	22381	22479	99	22366	22527
451339223	1	457	9.669E-127	8	19982	23144	518	59	0.492	1.684E-07	722	780	788	22962	23144	183	22944	23165
451576855	1	164	1.539E-38	6	20042	22810	460	130	0.682	5.412E-31	51	144	777	20042	20323	282	19943	20404
451576855	1	164	1.539E-38	6	20042	22810	466	51	0.552	1.319E-05	169	214	777	20526	20663	138	20526	20663
451576855	1	164	1.539E-38	6	20042	22810	478	61	0.423	3.558E-08	265	341	777	21014	21247	234	20996	21262
451576855	1	164	1.539E-38	6	20042	22810	486	58	0.428	8.292E-07	345	416	777	21318	21533	216	21282	21569
451576855	1	164	1.539E-38	6	20042	22810	504	54	0.678	2.134E-06	610	647	777	22366	22479	114	22366	22527
451576855	1	164	1.539E-38	6	20042	22810	511	72	0.425	1.662E-11	648	739	777	22535	22810	276	22517	22846
451663961	-1	205	6.998E-51	2	2364	3136	1937	122	0.504	2.958E-28	54	180	315	-3136	-2759	378	3175	2759
451663961	-1	205	6.998E-51	2	2364	3136	1945	114	0.574	1.401E-25	213	313	315	-2663	-2364	300	2792	2364
451664292	-1	75	9.525E-12	1	2825	3100	1937	75	0.436	4.094E-12	0	92	118	-3100	-2825	276	3175	2759
451687905	-1	71	1.524E-10	1	2364	2552	1945	71	0.558	1.087E-10	1	64	65	-2552	-2364	189	2792	2364
451699999	-1	194	1.433E-47	2	2364	3100	1937	105	0.484	1.673E-22	0	114	248	-3100	-2759	342	3175	2759
451699999	-1	194	1.433E-47	2	2364	3100	1945	120	0.599	1.237E-27	147	247	248	-2663	-2364	300	2792	2364
451715788	-1	100	2.839E-19	2	2526	2992	1937	69	0.466	4.529E-10	1	78	158	-2992	-2759	234	3175	2759
451715788	-1	100	2.839E-19	2	2526	2992	1945	62	0.651	1.446E-07	111	156	158	-2663	-2526	138	2792	2364
451851114	-1	87	2.325E-15	1	2385	2633	1945	87	0.521	3.827E-16	37	122	131	-2633	-2385	249	2792	2364
451902005	-1	81	1.488E-13	1	2427	2660	1945	81	0.523	5.841E-14	46	124	131	-2660	-2427	234	2792	2364
451902103	-1	77	2.381E-12	1	2463	2663	1945	77	0.566	1.349E-12	10	77	85	-2663	-2463	201	2792	2364
451902167	-1	90	2.907E-16	1	2445	2663	1945	90	0.606	3.092E-17	34	107	114	-2663	-2445	219	2792	2364
451902623	-1	110	2.772E-22	1	2364	2663	1945	110	0.560	4.490E-24	23	122	123	-2663	-2364	300	2792	2364
451902799	-1	85	9.302E-15	1	2427	2657	1945	85	0.550	2.524E-15	47	124	125	-2657	-2427	231	2792	2364
451902995	-1	112	6.930E-23	1	2364	2663	1945	112	0.564	9.287E-25	34	134	135	-2663	-2364	300	2792	2364
451903017	-1	92	7.267E-17	1	2400	2663	1945	92	0.531	6.413E-18	33	121	142	-2663	-2400	264	2792	2364
451903440	-1	108	1.109E-21	1	2364	2663	1945	108	0.549	1.584E-23	23	123	124	-2663	-2364	300	2792	2364
451904053	-1	108	1.109E-21	1	2364	2663	1945	108	0.519	2.171E-23	34	141	142	-2663	-2364	300	2792	2364
451904201	-1	109	5.544E-22	1	2373	2663	1945	109	0.566	8.433E-24	23	120	124	-2663	-2373	291	2792	2364
451904225	-1	104	1.774E-20	1	2364	2660	1945	104	0.537	3.699E-22	11	110	111	-2660	-2364	297	2792	2364
451904371	-1	86	4.651E-15	1	2400	2633	1945	86	0.551	9.829E-16	8	86	108	-2633	-2400	234	2792	2364
451904391	-1	96	4.542E-18	1	2364	2591	1945	96	0.617	3.776E-19	46	122	123	-2591	-2364	228	2792	2364
451905255	-1	108	1.109E-21	1	2364	2663	1945	108	0.547	2.171E-23	23	123	144	-2663	-2364	300	2792	2364
451905303	-1	116	4.331E-24	1	2364	2663	1945	116	0.581	3.970E-26	48	148	149	-2663	-2364	300	2792	2364
451905400	-1	114	1.733E-23	1	2364	2663	1945	114	0.574	1.401E-25	10	110	111	-2663	-2364	300	2792	2364
451905428	-1	84	1.860E-14	1	2409	2663	1945	84	0.505	4.732E-15	34	119	130	-2663	-2409	255	2792	2364
451917124	1	494	7.035E-138	6	20996	23165	478	87	0.533	2.878E-17	35	116	556	20996	21247	252	20996	21262
451917124	1	494	7.035E-138	6	20996	23165	486	87	0.697	7.463E-17	132	191	556	21351	21530	180	21282	21569
451917124	1	494	7.035E-138	6	20996	23165	499	171	0.627	4.057E-45	272	388	556	21892	22302	411	21862	22320
451917124	1	494	7.035E-138	6	20996	23165	504	70	0.877	6.200E-12	388	424	556	22366	22476	111	22366	22527
451917124	1	494	7.035E-138	6	20996	23165	511	94	0.717	4.653E-19	426	488	556	22535	22723	189	22517	22846
451917124	1	494	7.035E-138	6	20996	23165	518	74	0.546	9.512E-13	488	555	556	22962	23165	204	22944	23165
451951483	-1	105	8.871E-21	1	2759	3136	1937	105	0.450	2.294E-22	54	178	195	-3136	-2759	378	3175	2759
462555664	-1	85	9.302E-15	1	2762	3136	1937	85	0.385	2.168E-15	30	154	238	-3136	-2762	375	3175	2759
 