Gene: XP_037025795_1_LOC119067126_337
fDOG reference species: BRACO@38358@014529535_1 

Building a consensus sequence
	 ...finished

Searching for orthologs ...
  0%|          | 0/13 [00:00<?, ?it/s]  8%|▊         | 1/13 [00:04<00:48,  4.02s/it]Create directory /share/project/mieke/fdog_neighbor_regions/output_debug_tmp_blast_generated/XP_037025795_1_LOC119067126_337/tmp/LYCAG_1887995_1//metaeuk
easy-predict /share/project/mieke/fdog_neighbor_regions/output_debug_tmp_blast_generated/XP_037025795_1_LOC119067126_337/tmp/LYCAG_1887995_1/JBDOHN010022254.1_1.fasta /share/gluster/NOTLOESUNG/freya/uniref100/uniref100 /share/project/mieke/fdog_neighbor_regions/output_debug_tmp_blast_generated/XP_037025795_1_LOC119067126_337/tmp/LYCAG_1887995_1/JBDOHN010022254.1_1 /share/project/mieke/fdog_neighbor_regions/output_debug_tmp_blast_generated/XP_037025795_1_LOC119067126_337/tmp/LYCAG_1887995_1//metaeuk --max-intron 130000 --max-seq-len 160000 --min-exon-aa 15 --max-overlap 15 --min-intron 5 --overlap 1 -s 6 --split 0 --remove-tmp-files 

MMseqs Version:                                             	7.bba0d80
Substitution matrix                                         	aa:blosum62.out,nucl:nucleotide.out
Add backtrace                                               	false
Alignment mode                                              	2
Alignment mode                                              	0
Allow wrapped scoring                                       	false
E-value threshold                                           	100
Seq. id. threshold                                          	0
Min alignment length                                        	0
Seq. id. mode                                               	0
Alternative alignments                                      	0
Coverage threshold                                          	0
Coverage mode                                               	0
Max sequence length                                         	160000
Compositional bias                                          	1
Compositional bias                                          	1
Max reject                                                  	2147483647
Max accept                                                  	2147483647
Include identical seq. id.                                  	false
Preload mode                                                	0
Pseudo count a                                              	substitution:1.100,context:1.400
Pseudo count b                                              	substitution:4.100,context:5.800
Score bias                                                  	0
Realign hits                                                	false
Realign score bias                                          	-0.2
Realign max seqs                                            	2147483647
Correlation score weight                                    	0
Gap open cost                                               	aa:11,nucl:5
Gap extension cost                                          	aa:1,nucl:2
Zdrop                                                       	40
Threads                                                     	24
Compressed                                                  	0
Verbosity                                                   	3
Seed substitution matrix                                    	aa:VTML80.out,nucl:nucleotide.out
Sensitivity                                                 	6
k-mer length                                                	0
Target search mode                                          	0
k-score                                                     	seq:2147483647,prof:2147483647
Alphabet size                                               	aa:21,nucl:5
Max results per query                                       	300
Split database                                              	0
Split mode                                                  	2
Split memory limit                                          	0
Diagonal scoring                                            	true
Exact k-mer matching                                        	0
Mask residues                                               	1
Mask residues probability                                   	0.9
Mask lower case residues                                    	0
Minimum diagonal score                                      	15
Selected taxa                                               	
Spaced k-mers                                               	1
Spaced k-mer pattern                                        	
Local temporary path                                        	
Rescore mode                                                	0
Remove hits by seq. id. and coverage                        	false
Sort results                                                	0
Mask profile                                                	1
Profile E-value threshold                                   	0.001
Global sequence weighting                                   	false
Allow deletions                                             	false
Filter MSA                                                  	1
Use filter only at N seqs                                   	0
Maximum seq. id. threshold                                  	0.9
Minimum seq. id.                                            	0.0
Minimum score per column                                    	-20
Minimum coverage                                            	0
Select N most diverse seqs                                  	1000
Pseudo count mode                                           	0
Min codons in orf                                           	15
Max codons in length                                        	32734
Max orf gaps                                                	2147483647
Contig start mode                                           	2
Contig end mode                                             	2
Orf start mode                                              	1
Forward frames                                              	1,2,3
Reverse frames                                              	1,2,3
Translation table                                           	1
Translate orf                                               	0
Use all table starts                                        	false
Offset of numeric ids                                       	0
Create lookup                                               	0
Overlap between sequences                                   	0
Sequence split mode                                         	1
Header split mode                                           	0
Chain overlapping alignments                                	0
Merge query                                                 	1
Search type                                                 	0
Start sensitivity                                           	4
Search steps                                                	1
Prefilter mode                                              	0
Exhaustive search mode                                      	false
Filter results during exhaustive search                     	0
Strand selection                                            	1
LCA search mode                                             	false
Disk space limit                                            	0
MPI runner                                                  	
Force restart with latest tmp                               	false
Remove temporary files                                      	true
maximal combined evalue of an optimal set                   	0.001
minimal length ratio between combined optimal set and target	0.5
Maximal intron length                                       	130000
Minimal intron length                                       	5
Minimal exon length aa                                      	15
Maximal overlap of exons                                    	15
Maximal number of exon sets                                 	1
Gap open penalty                                            	-1
Gap extend penalty                                          	-1
Reverse AA Fragments                                        	0
allow same-strand overlaps                                  	1
translate codons to AAs                                     	0
write target key instead of accession                       	0
write fragment contig coords                                	0
length to scan for start codon                              	0

Create directory /share/project/mieke/fdog_neighbor_regions/output_debug_tmp_blast_generated/XP_037025795_1_LOC119067126_337/tmp/BRAAL_1260807_1//metaeuk
easy-predict /share/project/mieke/fdog_neighbor_regions/output_debug_tmp_blast_generated/XP_037025795_1_LOC119067126_337/tmp/BRAAL_1260807_1/JBLNJJ010000484.1_1.fasta /share/gluster/NOTLOESUNG/freya/uniref100/uniref100 /share/project/mieke/fdog_neighbor_regions/output_debug_tmp_blast_generated/XP_037025795_1_LOC119067126_337/tmp/BRAAL_1260807_1/JBLNJJ010000484.1_1 /share/project/mieke/fdog_neighbor_regions/output_debug_tmp_blast_generated/XP_037025795_1_LOC119067126_337/tmp/BRAAL_1260807_1//metaeuk --max-intron 130000 --max-seq-len 160000 --min-exon-aa 15 --max-overlap 15 --min-intron 5 --overlap 1 -s 6 --split 0 --remove-tmp-files 

MMseqs Version:                                             	7.bba0d80
Substitution matrix                                         	aa:blosum62.out,nucl:nucleotide.out
Add backtrace                                               	false
Alignment mode                                              	2
Alignment mode                                              	0
Allow wrapped scoring                                       	false
E-value threshold                                           	100
Seq. id. threshold                                          	0
Min alignment length                                        	0
Seq. id. mode                                               	0
Alternative alignments                                      	0
Coverage threshold                                          	0
Coverage mode                                               	0
Max sequence length                                         	160000
Compositional bias                                          	1
Compositional bias                                          	1
Max reject                                                  	2147483647
Max accept                                                  	2147483647
Include identical seq. id.                                  	false
Preload mode                                                	0
Pseudo count a                                              	substitution:1.100,context:1.400
Pseudo count b                                              	substitution:4.100,context:5.800
Score bias                                                  	0
Realign hits                                                	false
Realign score bias                                          	-0.2
Realign max seqs                                            	2147483647
Correlation score weight                                    	0
Gap open cost                                               	aa:11,nucl:5
Gap extension cost                                          	aa:1,nucl:2
Zdrop                                                       	40
Threads                                                     	24
Compressed                                                  	0
Verbosity                                                   	3
Seed substitution matrix                                    	aa:VTML80.out,nucl:nucleotide.out
Sensitivity                                                 	6
k-mer length                                                	0
Target search mode                                          	0
k-score                                                     	seq:2147483647,prof:2147483647
Alphabet size                                               	aa:21,nucl:5
Max results per query                                       	300
Split database                                              	0
Split mode                                                  	2
Split memory limit                                          	0
Diagonal scoring                                            	true
Exact k-mer matching                                        	0
Mask residues                                               	1
Mask residues probability                                   	0.9
Mask lower case residues                                    	0
Minimum diagonal score                                      	15
Selected taxa                                               	
Spaced k-mers                                               	1
Spaced k-mer pattern                                        	
Local temporary path                                        	
Rescore mode                                                	0
Remove hits by seq. id. and coverage                        	false
Sort results                                                	0
Mask profile                                                	1
Profile E-value threshold                                   	0.001
Global sequence weighting                                   	false
Allow deletions                                             	false
Filter MSA                                                  	1
Use filter only at N seqs                                   	0
Maximum seq. id. threshold                                  	0.9
Minimum seq. id.                                            	0.0
Minimum score per column                                    	-20
Minimum coverage                                            	0
Select N most diverse seqs                                  	1000
Pseudo count mode                                           	0
Min codons in orf                                           	15
Max codons in length                                        	32734
Max orf gaps                                                	2147483647
Contig start mode                                           	2
Contig end mode                                             	2
Orf start mode                                              	1
Forward frames                                              	1,2,3
Reverse frames                                              	1,2,3
Translation table                                           	1
Translate orf                                               	0
Use all table starts                                        	false
Offset of numeric ids                                       	0
Create lookup                                               	0
Overlap between sequences                                   	0
Sequence split mode                                         	1
Header split mode                                           	0
Chain overlapping alignments                                	0
Merge query                                                 	1
Search type                                                 	0
Start sensitivity                                           	4
Search steps                                                	1
Prefilter mode                                              	0
Exhaustive search mode                                      	false
Filter results during exhaustive search                     	0
Strand selection                                            	1
LCA search mode                                             	false
Disk space limit                                            	0
MPI runner                                                  	
Force restart with latest tmp                               	false
Remove temporary files                                      	true
maximal combined evalue of an optimal set                   	0.001
minimal length ratio between combined optimal set and target	0.5
Maximal intron length                                       	130000
Minimal intron length                                       	5
Minimal exon length aa                                      	15
Maximal overlap of exons                                    	15
Maximal number of exon sets                                 	1
Gap open penalty                                            	-1
Gap extend penalty                                          	-1
Reverse AA Fragments                                        	0
allow same-strand overlaps                                  	1
translate codons to AAs                                     	0
write target key instead of accession                       	0
write fragment contig coords                                	0
lenCreate directory /share/project/mieke/fdog_neighbor_regions/output_debug_tmp_blast_generated/XP_037025795_1_LOC119067126_337/tmp/BRAPE_1817611_1//metaeuk
easy-predict /share/project/mieke/fdog_neighbor_regions/output_debug_tmp_blast_generated/XP_037025795_1_LOC119067126_337/tmp/BRAPE_1817611_1/JBDOHP010000230.1_1.fasta /share/gluster/NOTLOESUNG/freya/uniref100/uniref100 /share/project/mieke/fdog_neighbor_regions/output_debug_tmp_blast_generated/XP_037025795_1_LOC119067126_337/tmp/BRAPE_1817611_1/JBDOHP010000230.1_1 /share/project/mieke/fdog_neighbor_regions/output_debug_tmp_blast_generated/XP_037025795_1_LOC119067126_337/tmp/BRAPE_1817611_1//metaeuk --max-intron 130000 --max-seq-len 160000 --min-exon-aa 15 --max-overlap 15 --min-intron 5 --overlap 1 -s 6 --split 0 --remove-tmp-files 

MMseqs Version:                                             	7.bba0d80
Substitution matrix                                         	aa:blosum62.out,nucl:nucleotide.out
Add backtrace                                               	false
Alignment mode                                              	2
Alignment mode                                              	0
Allow wrapped scoring                                       	false
E-value threshold                                           	100
Seq. id. threshold                                          	0
Min alignment length                                        	0
Seq. id. mode                                               	0
Alternative alignments                                      	0
Coverage threshold                                          	0
Coverage mode                                               	0
Max sequence length                                         	160000
Compositional bias                                          	1
Compositional bias                                          	1
Max reject                                                  	2147483647
Max accept                                                  	2147483647
Include identical seq. id.                                  	false
Preload mode                                                	0
Pseudo count a                                              	substitution:1.100,context:1.400
Pseudo count b                                              	substitution:4.100,context:5.800
Score bias                                                  	0
Realign hits                                                	false
Realign score bias                                          	-0.2
Realign max seqs                                            	2147483647
Correlation score weight                                    	0
Gap open cost                                               	aa:11,nucl:5
Gap extension cost                                          	aa:1,nucl:2
Zdrop                                                       	40
Threads                                                     	24
Compressed                                                  	0
Verbosity                                                   	3
Seed substitution matrix                                    	aa:VTML80.out,nucl:nucleotide.out
Sensitivity                                                 	6
k-mer length                                                	0
Target search mode                                          	0
k-score                                                     	seq:2147483647,prof:2147483647
Alphabet size                                               	aa:21,nucl:5
Max results per query                                       	300
Split database                                              	0
Split mode                                                  	2
Split memory limit                                          	0
Diagonal scoring                                            	true
Exact k-mer matching                                        	0
Mask residues                                               	1
Mask residues probability                                   	0.9
Mask lower case residues                                    	0
Minimum diagonal score                                      	15
Selected taxa                                               	
Spaced k-mers                                               	1
Spaced k-mer pattern                                        	
Local temporary path                                        	
Rescore mode                                                	0
Remove hits by seq. id. and coverage                        	false
Sort results                                                	0
Mask profile                                                	1
Profile E-value threshold                                   	0.001
Global sequence weighting                                   	false
Allow deletions                                             	false
Filter MSA                                                  	1
Use filter only at N seqs                                   	0
Maximum seq. id. threshold                                  	0.9
Minimum seq. id.                                            	0.0
Minimum score per column                                    	-20
Minimum coverage                                            	0
Select N most diverse seqs                                  	1000
Pseudo count mode                                           	0
Min codons in orf                                           	15
Max codons in length                                        	32734
Max orf gaps                                                	2147483647
Contig start mode                                           	2
Contig end mode                                             	2
Orf start mode                                              	1
Forward frames                                              	1,2,3
Reverse frames                                              	1,2,3
Translation table                                           	1
Translate orf                                               	0
Use all table starts                                        	false
Offset of numeric ids                                       	0
Create lookup                                               	0
Overlap between sequences                                   	0
Sequence split mode                                         	1
Header split mode                                           	0
Chain overlapping alignments                                	0
Merge query                                                 	1
Search type                                                 	0
Start sensitivity                                           	4
Search steps                                                	1
Prefilter mode                                              	0
Exhaustive search mode                                      	false
Filter results during exhaustive search                     	0
Strand selection                                            	1
LCA search mode                                             	false
Disk space limit                                            	0
MPI runner                                                  	
Force restart with latest tmp                               	false
Remove temporary files                                      	true
maximal combined evalue of an optimal set                   	0.001
minimal length ratio between combined optimal set and target	0.5
Maximal intron length                                       	130000
Minimal intron length                                       	5
Minimal exon length aa                                      	15
Maximal overlap of exons                                    	15
Maximal number of exon sets                                 	1
Gap open penalty                                            	-1
Gap extend penalty                                          	-1
Reverse AA Fragments                                        	0
allow same-strand overlaps                                  	1
translate codons to AAs                                     	0
write target key instead of accession                       	0
write fragment contig coords                                	0
length to scan for start codon                              	0

gth to scan for start codon                              	0

Create directory /share/project/mieke/fdog_neighbor_regions/output_debug_tmp_blast_generated/XP_037025795_1_LOC119067126_337/tmp/BRADE_3151524_1//metaeuk
easy-predict /share/project/mieke/fdog_neighbor_regions/output_debug_tmp_blast_generated/XP_037025795_1_LOC119067126_337/tmp/BRADE_3151524_1/JBDOHO010098890.1_1.fasta /share/gluster/NOTLOESUNG/freya/uniref100/uniref100 /share/project/mieke/fdog_neighbor_regions/output_debug_tmp_blast_generated/XP_037025795_1_LOC119067126_337/tmp/BRADE_3151524_1/JBDOHO010098890.1_1 /share/project/mieke/fdog_neighbor_regions/output_debug_tmp_blast_generated/XP_037025795_1_LOC119067126_337/tmp/BRADE_3151524_1//metaeuk --max-intron 130000 --max-seq-len 160000 --min-exon-aa 15 --max-overlap 15 --min-intron 5 --overlap 1 -s 6 --split 0 --remove-tmp-files 

MMseqs Version:                                             	7.bba0d80
Substitution matrix                                         	aa:blosum62.out,nucl:nucleotide.out
Add backtrace                                               	false
Alignment mode                                              	2
Alignment mode                                              	0
Allow wrapped scoring                                       	false
E-value threshold                                           	100
Seq. id. threshold                                          	0
Min alignment length                                        	0
Seq. id. mode                                               	0
Alternative alignments                                      	0
Coverage threshold                                          	0
Coverage mode                                               	0
Max sequence length                                         	160000
Compositional bias                                          	1
Compositional bias                                          	1
Max reject                                                  	2147483647
Max accept                                                  	2147483647
Include identical seq. id.                                  	false
Preload mode                                                	0
Pseudo count a                                              	substitution:1.100,context:1.400
Pseudo count b                                              	substitution:4.100,context:5.800
Score bias                                                  	0
Realign hits                                                	false
Realign score bias                                          	-0.2
Realign max seqs                                            	2147483647
Correlation score weight                                    	0
Gap open cost                                               	aa:11,nucl:5
Gap extension cost                                          	aa:1,nucl:2
Zdrop                                                       	40
Threads                                                     	24
Compressed                                                  	0
Verbosity                                                   	3
Seed substitution matrix                                    	aa:VTML80.out,nucl:nucleotide.out
Sensitivity                                                 	6
k-mer length                                                	0
Target search mode                                          	0
k-score                                                     	seq:2147483647,prof:2147483647
Alphabet size                                               	aa:21,nucl:5
Max results per query                                       	300
Split database                                              	0
Split mode                                                  	2
Split memory limit                                          	0
Diagonal scoring                                            	true
Exact k-mer matching                                        	0
Mask residues                                               	1
Mask residues probability                                   	0.9
Mask lower case residues                                    	0
Minimum diagonal score                                      	15
Selected taxa                                               	
Spaced k-mers                                               	1
Spaced k-mer pattern                                        	
Local temporary path                                        	
Rescore mode                                                	0
Remove hits by seq. id. and coverage                        	false
Sort results                                                	0
Mask profile                                                	1
Profile E-value threshold                                   	0.001
Global sequence weighting                                   	false
Allow deletions                                             	false
Filter MSA                                                  	1
Use filter only at N seqs                                   	0
Maximum seq. id. threshold                                  	0.9
Minimum seq. id.                                            	0.0
Minimum score per column                                    	-20
Minimum coverage                                            	0
Select N most diverse seqs                                  	1000
Pseudo count mode                                           	0
Min codons in orf                                           	15
Max codons in length                                        	32734
Max orf gaps                                                	2147483647
Contig start mode                                           	2
Contig end mode                                             	2
Orf start mode                                              	1
Forward frames                                              	1,2,3
Reverse frames                                              	1,2,3
Translation table                                           	1
Translate orf                                               	0
Use all table starts                                        	false
Offset of numeric ids                                       	0
Create lookup                                               	0
Overlap between sequences                                   	0
Sequence split mode                                         	1
Header split mode                                           	0
Chain overlapping alignments                                	0
Merge query                                                 	1
Search type                                                 	0
Start sensitivity                                           	4
Search steps                                                	1
Prefilter mode                                              	0
Exhaustive search mode                                      	false
Filter results during exhaustive search                     	0
Strand selection                                            	1
LCA search mode                                             	false
Disk space limit                                            	0
MPI runner                                                  	
Force restart with latest tmp                               	false
Remove temporary files                                      	true
maximal combined evalue of an optimal set                   	0.001
minimal length ratio between combined optimal set and target	0.5
Maximal intron length                                       	130000
Minimal intron length                                       	5
Minimal exon length aa                                      	15
Maximal overlap of exons                                    	15
Maximal number of exon sets                                 	1
Gap open penalty                                            	-1
Gap extend penalty                                          	-1
Reverse AA Fragments                                        	0
allow same-strand overlaps                                  	1
translate codons to AAs                                     	0
write target key instead of accession                       	0
write fragment contig coords                                	0
length to scan for start codon                              	0

Create directory /share/project/mieke/fdog_neighbor_regions/output_debug_tmp_blast_generated/XP_037025795_1_LOC119067126_337/tmp/BRAOC_1260802_1//metaeuk
easy-predict /share/project/mieke/fdog_neighbor_regions/output_debug_tmp_blast_generated/XP_037025795_1_LOC119067126_337/tmp/BRAOC_1260802_1/JBLNJI010002952.1_1.fasta /share/gluster/NOTLOESUNG/freya/uniref100/uniref100 /share/project/mieke/fdog_neighbor_regions/output_debug_tmp_blast_generated/XP_037025795_1_LOC119067126_337/tmp/BRAOC_1260802_1/JBLNJI010002952.1_1 /share/project/mieke/fdog_neighbor_regions/output_debug_tmp_blast_generated/XP_037025795_1_LOC119067126_337/tmp/BRAOC_1260802_1//metaeuk --max-intron 130000 --max-seq-len 160000 --min-exon-aa 15 --max-overlap 15 --min-intron 5 --overlap 1 -s 6 --split 0 --remove-tmp-files 

MMseqs Version:                                             	7.bba0d80
Substitution matrix                                         	aa:blosum62.out,nucl:nucleotide.out
Add backtrace                                               	false
Alignment mode                                              	2
Alignment mode                                              	0
Allow wrapped scoring                                       	false
E-value threshold                                           	100
Seq. id. threshold                                          	0
Min alignment length                                        	0
Seq. id. mode                                               	0
Alternative alignments                                      	0
Coverage threshold                                          	0
Coverage mode                                               	0
Max sequence length                                         	160000
Compositional bias                                          	1
Compositional bias                                          	1
Max reject                                                  	2147483647
Max accept                                                  	2147483647
Include identical seq. id.                                  	false
Preload mode                                                	0
Pseudo count a                                              	substitution:1.100,context:1.400
Pseudo count b                                              	substitution:4.100,context:5.800
Score bias                                                  	0
Realign hits                                                	false
Realign score bias                                          	-0.2
Realign max seqs                                            	2147483647
Correlation score weight                                    	0
Gap open cost                                               	aa:11,nucl:5
Gap extension cost                                          	aa:1,nucl:2
Zdrop                                                       	40
Threads                                                     	24
Compressed                                                  	0
Verbosity                                                   	3
Seed substitution matrix                                    	aa:VTML80.out,nucl:nucleotide.out
Sensitivity                                                 	6
k-mer length                                                	0
Target search mode                                          	0
k-score                                                     	seq:2147483647,prof:2147483647
Alphabet size                                               	aa:21,nucl:5
Max results per query                                       	300
Split database                                              	0
Split mode                                                  	2
Split memory limit                                          	0
Diagonal scoring                                            	true
Exact k-mer matching                                        	0
Mask residues                                               	1
Mask residues probability                                   	0.9
Mask lower case residues                                    	0
Minimum diagonal score                                      	15
Selected taxa                                               	
Spaced k-mers                                               	1
Spaced k-mer pattern                                        	
Local temporary path                                        	
Rescore mode                                                	0
Remove hits by seq. id. and coverage                        	false
Sort results                                                	0
Mask profile                                                	1
Profile E-value threshold                                   	0.001
Global sequence weighting                                   	false
Allow deletions                                             	false
Filter MSA                                                  	1
Use filter only at N seqs                                   	0
Maximum seq. id. threshold                                  	0.9
Minimum seq. id.                                            	0.0
Minimum score per column                                    	-20
Minimum coverage                                            	0
Select N most diverse seqs                                  	1000
Pseudo count mode                                           	0
Min codons in orf                                           	15
Max codons in length                                        	32734
Max orf gaps                                                	2147483647
Contig start mode                                           	2
Contig end mode                                             	2
Orf start mode                                              	1
Forward frames                                              	1,2,3
Reverse frames                                              	1,2,3
Translation table                                           	1
Translate orf                                               	0
Use all table starts                                        	false
Offset of numeric ids                                       	0
Create lookup                                               	0
Overlap between sequences                                   	0
Sequence split mode                                         	1
Header split mode                                           	0
Chain overlapping alignments                                	0
Merge query                                                 	1
Search type                                                 	0
Start sensitivity                                           	4
Search steps                                                	1
Prefilter mode                                              	0
Exhaustive search mode                                      	false
Filter results during exhaustive search                     	0
Strand selection                                            	1
LCA search mode                                             	false
Disk space limit                                            	0
MPI runner                                                  	
Force restart with latest tmp                               	false
Remove temporary files                                      	true
maximal combined evalue of an optimal set                   	0.001
minimal length ratio between combined optimal set and target	0.5
Maximal intron length                                       	130000
Minimal intron length                                       	5
Minimal exon length aa                                      	15
Maximal overlap of exons                                    	15
Maximal number of exon sets                                 	1
Gap open penalty                                            	-1
Gap extend penalty                                          	-1
Reverse AA Fragments                                        	0
allow same-strand overlaps                                  	1
translate codons to AAs                                     	0
write target key instead of accession                       	0
write fragment contig coords                                	0
lenCreate directory /share/project/mieke/fdog_neighbor_regions/output_debug_tmp_blast_generated/XP_037025795_1_LOC119067126_337/tmp/BRACO_1817600_1//metaeuk
easy-predict /share/project/mieke/fdog_neighbor_regions/output_debug_tmp_blast_generated/XP_037025795_1_LOC119067126_337/tmp/BRACO_1817600_1/JBDOHQ010010591.1_1.fasta /share/gluster/NOTLOESUNG/freya/uniref100/uniref100 /share/project/mieke/fdog_neighbor_regions/output_debug_tmp_blast_generated/XP_037025795_1_LOC119067126_337/tmp/BRACO_1817600_1/JBDOHQ010010591.1_1 /share/project/mieke/fdog_neighbor_regions/output_debug_tmp_blast_generated/XP_037025795_1_LOC119067126_337/tmp/BRACO_1817600_1//metaeuk --max-intron 130000 --max-seq-len 160000 --min-exon-aa 15 --max-overlap 15 --min-intron 5 --overlap 1 -s 6 --split 0 --remove-tmp-files 

MMseqs Version:                                             	7.bba0d80
Substitution matrix                                         	aa:blosum62.out,nucl:nucleotide.out
Add backtrace                                               	false
Alignment mode                                              	2
Alignment mode                                              	0
Allow wrapped scoring                                       	false
E-value threshold                                           	100
Seq. id. threshold                                          	0
Min alignment length                                        	0
Seq. id. mode                                               	0
Alternative alignments                                      	0
Coverage threshold                                          	0
Coverage mode                                               	0
Max sequence length                                         	160000
Compositional bias                                          	1
Compositional bias                                          	1
Max reject                                                  	2147483647
Max accept                                                  	2147483647
Include identical seq. id.                                  	false
Preload mode                                                	0
Pseudo count a                                              	substitution:1.100,context:1.400
Pseudo count b                                              	substitution:4.100,context:5.800
Score bias                                                  	0
Realign hits                                                	false
Realign score bias                                          	-0.2
Realign max seqs                                            	2147483647
Correlation score weight                                    	0
Gap open cost                                               	aa:11,nucl:5
Gap extension cost                                          	aa:1,nucl:2
Zdrop                                                       	40
Threads                                                     	24
Compressed                                                  	0
Verbosity                                                   	3
Seed substitution matrix                                    	aa:VTML80.out,nucl:nucleotide.out
Sensitivity                                                 	6
k-mer length                                                	0
Target search mode                                          	0
k-score                                                     	seq:2147483647,prof:2147483647
Alphabet size                                               	aa:21,nucl:5
Max results per query                                       	300
Split database                                              	0
Split mode                                                  	2
Split memory limit                                          	0
Diagonal scoring                                            	true
Exact k-mer matching                                        	0
Mask residues                                               	1
Mask residues probability                                   	0.9
Mask lower case residues                                    	0
Minimum diagonal score                                      	15
Selected taxa                                               	
Spaced k-mers                                               	1
Spaced k-mer pattern                                        	
Local temporary path                                        	
Rescore mode                                                	0
Remove hits by seq. id. and coverage                        	false
Sort results                                                	0
Mask profile                                                	1
Profile E-value threshold                                   	0.001
Global sequence weighting                                   	false
Allow deletions                                             	false
Filter MSA                                                  	1
Use filter only at N seqs                                   	0
Maximum seq. id. threshold                                  	0.9
Minimum seq. id.                                            	0.0
Minimum score per column                                    	-20
Minimum coverage                                            	0
Select N most diverse seqs                                  	1000
Pseudo count mode                                           	0
Min codons in orf                                           	15
Max codons in length                                        	32734
Max orf gaps                                                	2147483647
Contig start mode                                           	2
Contig end mode                                             	2
Orf start mode                                              	1
Forward frames                                              	1,2,3
Reverse frames                                              	1,2,3
Translation table                                           	1
Translate orf                                               	0
Use all table starts                                        	false
Offset of numeric ids                                       	0
Create lookup                                               	0
Overlap between sequences                                   	0
Sequence split mode                                         	1
Header split mode                                           	0
Chain overlapping alignments                                	0
Merge query                                                 	1
Search type                                                 	0
Start sensitivity                                           	4
Search steps                                                	1
Prefilter mode                                              	0
Exhaustive search mode                                      	false
Filter results during exhaustive search                     	0
Strand selection                                            	1
LCA search mode                                             	false
Disk space limit                                            	0
MPI runner                                                  	
Force restart with latest tmp                               	false
Remove temporary files                                      	true
maximal combined evalue of an optimal set                   	0.001
minimal length ratio between combined optimal set and target	0.5
Maximal intron length                                       	130000
Minimal intron length                                       	5
Minimal exon length aa                                      	15
Maximal overlap of exons                                    	15
Maximal number of exon sets                                 	1
Gap open penalty                                            	-1
Gap extend penalty                                          	-1
Reverse AA Fragments                                        	0
allow same-strand overlaps                                  	1
translate codons to AAs                                     	0
write target key instead of accession                       	0
write fragment contig coords                                	0
length to scan for start codon                              	0

gth to scan for start codon                              	0

Create directory /share/project/mieke/fdog_neighbor_regions/output_debug_tmp_blast_generated/XP_037025795_1_LOC119067126_337/tmp/BRAOD_1564500_1//metaeuk
easy-predict /share/project/mieke/fdog_neighbor_regions/output_debug_tmp_blast_generated/XP_037025795_1_LOC119067126_337/tmp/BRAOD_1564500_1/JAFDOW010000598.1_1.fasta /share/gluster/NOTLOESUNG/freya/uniref100/uniref100 /share/project/mieke/fdog_neighbor_regions/output_debug_tmp_blast_generated/XP_037025795_1_LOC119067126_337/tmp/BRAOD_1564500_1/JAFDOW010000598.1_1 /share/project/mieke/fdog_neighbor_regions/output_debug_tmp_blast_generated/XP_037025795_1_LOC119067126_337/tmp/BRAOD_1564500_1//metaeuk --max-intron 130000 --max-seq-len 160000 --min-exon-aa 15 --max-overlap 15 --min-intron 5 --overlap 1 -s 6 --split 0 --remove-tmp-files 

MMseqs Version:                                             	7.bba0d80
Substitution matrix                                         	aa:blosum62.out,nucl:nucleotide.out
Add backtrace                                               	false
Alignment mode                                              	2
Alignment mode                                              	0
Allow wrapped scoring                                       	false
E-value threshold                                           	100
Seq. id. threshold                                          	0
Min alignment length                                        	0
Seq. id. mode                                               	0
Alternative alignments                                      	0
Coverage threshold                                          	0
Coverage mode                                               	0
Max sequence length                                         	160000
Compositional bias                                          	1
Compositional bias                                          	1
Max reject                                                  	2147483647
Max accept                                                  	2147483647
Include identical seq. id.                                  	false
Preload mode                                                	0
Pseudo count a                                              	substitution:1.100,context:1.400
Pseudo count b                                              	substitution:4.100,context:5.800
Score bias                                                  	0
Realign hits                                                	false
Realign score bias                                          	-0.2
Realign max seqs                                            	2147483647
Correlation score weight                                    	0
Gap open cost                                               	aa:11,nucl:5
Gap extension cost                                          	aa:1,nucl:2
Zdrop                                                       	40
Threads                                                     	24
Compressed                                                  	0
Verbosity                                                   	3
Seed substitution matrix                                    	aa:VTML80.out,nucl:nucleotide.out
Sensitivity                                                 	6
k-mer length                                                	0
Target search mode                                          	0
k-score                                                     	seq:2147483647,prof:2147483647
Alphabet size                                               	aa:21,nucl:5
Max results per query                                       	300
Split database                                              	0
Split mode                                                  	2
Split memory limit                                          	0
Diagonal scoring                                            	true
Exact k-mer matching                                        	0
Mask residues                                               	1
Mask residues probability                                   	0.9
Mask lower case residues                                    	0
Minimum diagonal score                                      	15
Selected taxa                                               	
Spaced k-mers                                               	1
Spaced k-mer pattern                                        	
Local temporary path                                        	
Rescore mode                                                	0
Remove hits by seq. id. and coverage                        	false
Sort results                                                	0
Mask profile                                                	1
Profile E-value threshold                                   	0.001
Global sequence weighting                                   	false
Allow deletions                                             	false
Filter MSA                                                  	1
Use filter only at N seqs                                   	0
Maximum seq. id. threshold                                  	0.9
Minimum seq. id.                                            	0.0
Minimum score per column                                    	-20
Minimum coverage                                            	0
Select N most diverse seqs                                  	1000
Pseudo count mode                                           	0
Min codons in orf                                           	15
Max codons in length                                        	32734
Max orf gaps                                                	2147483647
Contig start mode                                           	2
Contig end mode                                             	2
Orf start mode                                              	1
Forward frames                                              	1,2,3
Reverse frames                                              	1,2,3
Translation table                                           	1
Translate orf                                               	0
Use all table starts                                        	false
Offset of numeric ids                                       	0
Create lookup                                               	0
Overlap between sequences                                   	0
Sequence split mode                                         	1
Header split mode                                           	0
Chain overlapping alignments                                	0
Merge query                                                 	1
Search type                                                 	0
Start sensitivity                                           	4
Search steps                                                	1
Prefilter mode                                              	0
Exhaustive search mode                                      	false
Filter results during exhaustive search                     	0
Strand selection                                            	1
LCA search mode                                             	false
Disk space limit                                            	0
MPI runner                                                  	
Force restart with latest tmp                               	false
Remove temporary files                                      	true
maximal combined evalue of an optimal set                   	0.001
minimal length ratio between combined optimal set and target	0.5
Maximal intron length                                       	130000
Minimal intron length                                       	5
Minimal exon length aa                                      	15
Maximal overlap of exons                                    	15
Maximal number of exon sets                                 	1
Gap open penalty                                            	-1
Gap extend penalty                                          	-1
Reverse AA Fragments                                        	0
allow same-strand overlaps                                  	1
translate codons to AAs                                     	0
write target key instead of accession                       	0
write fragment contig coords                                	0
length to scan for start codon                              	0

Create directory /share/project/mieke/fdog_neighbor_regions/output_debug_tmp_blast_generated/XP_037025795_1_LOC119067126_337/tmp/TRISP_1260884_1//metaeuk
easy-predict /share/project/mieke/fdog_neighbor_regions/output_debug_tmp_blast_generated/XP_037025795_1_LOC119067126_337/tmp/TRISP_1260884_1/JANVCI010223208.1_1.fasta /share/gluster/NOTLOESUNG/freya/uniref100/uniref100 /share/project/mieke/fdog_neighbor_regions/output_debug_tmp_blast_generated/XP_037025795_1_LOC119067126_337/tmp/TRISP_1260884_1/JANVCI010223208.1_1 /share/project/mieke/fdog_neighbor_regions/output_debug_tmp_blast_generated/XP_037025795_1_LOC119067126_337/tmp/TRISP_1260884_1//metaeuk --max-intron 130000 --max-seq-len 160000 --min-exon-aa 15 --max-overlap 15 --min-intron 5 --overlap 1 -s 6 --split 0 --remove-tmp-files 

MMseqs Version:                                             	7.bba0d80
Substitution matrix                                         	aa:blosum62.out,nucl:nucleotide.out
Add backtrace                                               	false
Alignment mode                                              	2
Alignment mode                                              	0
Allow wrapped scoring                                       	false
E-value threshold                                           	100
Seq. id. threshold                                          	0
Min alignment length                                        	0
Seq. id. mode                                               	0
Alternative alignments                                      	0
Coverage threshold                                          	0
Coverage mode                                               	0
Max sequence length                                         	160000
Compositional bias                                          	1
Compositional bias                                          	1
Max reject                                                  	2147483647
Max accept                                                  	2147483647
Include identical seq. id.                                  	false
Preload mode                                                	0
Pseudo count a                                              	substitution:1.100,context:1.400
Pseudo count b                                              	substitution:4.100,context:5.800
Score bias                                                  	0
Realign hits                                                	false
Realign score bias                                          	-0.2
Realign max seqs                                            	2147483647
Correlation score weight                                    	0
Gap open cost                                               	aa:11,nucl:5
Gap extension cost                                          	aa:1,nucl:2
Zdrop                                                       	40
Threads                                                     	24
Compressed                                                  	0
Verbosity                                                   	3
Seed substitution matrix                                    	aa:VTML80.out,nucl:nucleotide.out
Sensitivity                                                 	6
k-mer length                                                	0
Target search mode                                          	0
k-score                                                     	seq:2147483647,prof:2147483647
Alphabet size                                               	aa:21,nucl:5
Max results per query                                       	300
Split database                                              	0
Split mode                                                  	2
Split memory limit                                          	0
Diagonal scoring                                            	true
Exact k-mer matching                                        	0
Mask residues                                               	1
Mask residues probability                                   	0.9
Mask lower case residues                                    	0
Minimum diagonal score                                      	15
Selected taxa                                               	
Spaced k-mers                                               	1
Spaced k-mer pattern                                        	
Local temporary path                                        	
Rescore mode                                                	0
Remove hits by seq. id. and coverage                        	false
Sort results                                                	0
Mask profile                                                	1
Profile E-value threshold                                   	0.001
Global sequence weighting                                   	false
Allow deletions                                             	false
Filter MSA                                                  	1
Use filter only at N seqs                                   	0
Maximum seq. id. threshold                                  	0.9
Minimum seq. id.                                            	0.0
Minimum score per column                                    	-20
Minimum coverage                                            	0
Select N most diverse seqs                                  	1000
Pseudo count mode                                           	0
Min codons in orf                                           	15
Max codons in length                                        	32734
Max orf gaps                                                	2147483647
Contig start mode                                           	2
Contig end mode                                             	2
Orf start mode                                              	1
Forward frames                                              	1,2,3
Reverse frames                                              	1,2,3
Translation table                                           	1
Translate orf                                               	0
Use all table starts                                        	false
Offset of numeric ids                                       	0
Create lookup                                               	0
Overlap between sequences                                   	0
Sequence split mode                                         	1
Header split mode                                           	0
Chain overlapping alignments                                	0
Merge query                                                 	1
Search type                                                 	0
Start sensitivity                                           	4
Search steps                                                	1
Prefilter mode                                              	0
Exhaustive search mode                                      	false
Filter results during exhaustive search                     	0
Strand selection                                            	1
LCA search mode                                             	false
Disk space limit                                            	0
MPI runner                                                  	
Force restart with latest tmp                               	false
Remove temporary files                                      	true
maximal combined evalue of an optimal set                   	0.001
minimal length ratio between combined optimal set and target	0.5
Maximal intron length                                       	130000
Minimal intron length                                       	5
Minimal exon length aa                                      	15
Maximal overlap of exons                                    	15
Maximal number of exon sets                                 	1
Gap open penalty                                            	-1
Gap extend penalty                                          	-1
Reverse AA Fragments                                        	0
allow same-strand overlaps                                  	1
translate codons to AAs                                     	0
write target key instead of accession                       	0
write fragment contig coords                                	0
length to scan for start codon                              	0

Create directory /share/project/mieke/fdog_neighbor_regions/output_debug_tmp_blast_generated/XP_037025795_1_LOC119067126_337/tmp/LYCIN_767460_1//metaeuk
easy-predict /share/project/mieke/fdog_neighbor_regions/output_debug_tmp_blast_generated/XP_037025795_1_LOC119067126_337/tmp/LYCIN_767460_1/OZ247515.1_1.fasta /share/gluster/NOTLOESUNG/freya/uniref100/uniref100 /share/project/mieke/fdog_neighbor_regions/output_debug_tmp_blast_generated/XP_037025795_1_LOC119067126_337/tmp/LYCIN_767460_1/OZ247515.1_1 /share/project/mieke/fdog_neighbor_regions/output_debug_tmp_blast_generated/XP_037025795_1_LOC119067126_337/tmp/LYCIN_767460_1//metaeuk --max-intron 130000 --max-seq-len 160000 --min-exon-aa 15 --max-overlap 15 --min-intron 5 --overlap 1 -s 6 --split 0 --remove-tmp-files 

MMseqs Version:                                             	7.bba0d80
Substitution matrix                                         	aa:blosum62.out,nucl:nucleotide.out
Add backtrace                                               	false
Alignment mode                                              	2
Alignment mode                                              	0
Allow wrapped scoring                                       	false
E-value threshold                                           	100
Seq. id. threshold                                          	0
Min alignment length                                        	0
Seq. id. mode                                               	0
Alternative alignments                                      	0
Coverage threshold                                          	0
Coverage mode                                               	0
Max sequence length                                         	160000
Compositional bias                                          	1
Compositional bias                                          	1
Max reject                                                  	2147483647
Max accept                                                  	2147483647
Include identical seq. id.                                  	false
Preload mode                                                	0
Pseudo count a                                              	substitution:1.100,context:1.400
Pseudo count b                                              	substitution:4.100,context:5.800
Score bias                                                  	0
Realign hits                                                	false
Realign score bias                                          	-0.2
Realign max seqs                                            	2147483647
Correlation score weight                                    	0
Gap open cost                                               	aa:11,nucl:5
Gap extension cost                                          	aa:1,nucl:2
Zdrop                                                       	40
Threads                                                     	24
Compressed                                                  	0
Verbosity                                                   	3
Seed substitution matrix                                    	aa:VTML80.out,nucl:nucleotide.out
Sensitivity                                                 	6
k-mer length                                                	0
Target search mode                                          	0
k-score                                                     	seq:2147483647,prof:2147483647
Alphabet size                                               	aa:21,nucl:5
Max results per query                                       	300
Split database                                              	0
Split mode                                                  	2
Split memory limit                                          	0
Diagonal scoring                                            	true
Exact k-mer matching                                        	0
Mask residues                                               	1
Mask residues probability                                   	0.9
Mask lower case residues                                    	0
Minimum diagonal score                                      	15
Selected taxa                                               	
Spaced k-mers                                               	1
Spaced k-mer pattern                                        	
Local temporary path                                        	
Rescore mode                                                	0
Remove hits by seq. id. and coverage                        	false
Sort results                                                	0
Mask profile                                                	1
Profile E-value threshold                                   	0.001
Global sequence weighting                                   	false
Allow deletions                                             	false
Filter MSA                                                  	1
Use filter only at N seqs                                   	0
Maximum seq. id. threshold                                  	0.9
Minimum seq. id.                                            	0.0
Minimum score per column                                    	-20
Minimum coverage                                            	0
Select N most diverse seqs                                  	1000
Pseudo count mode                                           	0
Min codons in orf                                           	15
Max codons in length                                        	32734
Max orf gaps                                                	2147483647
Contig start mode                                           	2
Contig end mode                                             	2
Orf start mode                                              	1
Forward frames                                              	1,2,3
Reverse frames                                              	1,2,3
Translation table                                           	1
Translate orf                                               	0
Use all table starts                                        	false
Offset of numeric ids                                       	0
Create lookup                                               	0
Overlap between sequences                                   	0
Sequence split mode                                         	1
Header split mode                                           	0
Chain overlapping alignments                                	0
Merge query                                                 	1
Search type                                                 	0
Start sensitivity                                           	4
Search steps                                                	1
Prefilter mode                                              	0
Exhaustive search mode                                      	false
Filter results during exhaustive search                     	0
Strand selection                                            	1
LCA search mode                                             	false
Disk space limit                                            	0
MPI runner                                                  	
Force restart with latest tmp                               	false
Remove temporary files                                      	true
maximal combined evalue of an optimal set                   	0.001
minimal length ratio between combined optimal set and target	0.5
Maximal intron length                                       	130000
Minimal intron length                                       	5
Minimal exon length aa                                      	15
Maximal overlap of exons                                    	15
Maximal number of exon sets                                 	1
Gap open penalty                                            	-1
Gap extend penalty                                          	-1
Reverse AA Fragments                                        	0
allow same-strand overlaps                                  	1
translate codons to AAs                                     	0
write target key instead of accession                       	0
write fragment contig coords                                	0
length to scan for start codon                              	0

Create directory /share/project/mieke/fdog_neighbor_regions/output_debug_tmp_blast_generated/XP_037025795_1_LOC119067126_337/tmp/PHYFL_1260839_1//metaeuk
easy-predict /share/project/mieke/fdog_neighbor_regions/output_debug_tmp_blast_generated/XP_037025795_1_LOC119067126_337/tmp/PHYFL_1260839_1/JANTFA010007453.1_1.fasta /share/gluster/NOTLOESUNG/freya/uniref100/uniref100 /share/project/mieke/fdog_neighbor_regions/output_debug_tmp_blast_generated/XP_037025795_1_LOC119067126_337/tmp/PHYFL_1260839_1/JANTFA010007453.1_1 /share/project/mieke/fdog_neighbor_regions/output_debug_tmp_blast_generated/XP_037025795_1_LOC119067126_337/tmp/PHYFL_1260839_1//metaeuk --max-intron 130000 --max-seq-len 160000 --min-exon-aa 15 --max-overlap 15 --min-intron 5 --overlap 1 -s 6 --split 0 --remove-tmp-files 

MMseqs Version:                                             	7.bba0d80
Substitution matrix                                         	aa:blosum62.out,nucl:nucleotide.out
Add backtrace                                               	false
Alignment mode                                              	2
Alignment mode                                              	0
Allow wrapped scoring                                       	false
E-value threshold                                           	100
Seq. id. threshold                                          	0
Min alignment length                                        	0
Seq. id. mode                                               	0
Alternative alignments                                      	0
Coverage threshold                                          	0
Coverage mode                                               	0
Max sequence length                                         	160000
Compositional bias                                          	1
Compositional bias                                          	1
Max reject                                                  	2147483647
Max accept                                                  	2147483647
Include identical seq. id.                                  	false
Preload mode                                                	0
Pseudo count a                                              	substitution:1.100,context:1.400
Pseudo count b                                              	substitution:4.100,context:5.800
Score bias                                                  	0
Realign hits                                                	false
Realign score bias                                          	-0.2
Realign max seqs                                            	2147483647
Correlation score weight                                    	0
Gap open cost                                               	aa:11,nucl:5
Gap extension cost                                          	aa:1,nucl:2
Zdrop                                                       	40
Threads                                                     	24
Compressed                                                  	0
Verbosity                                                   	3
Seed substitution matrix                                    	aa:VTML80.out,nucl:nucleotide.out
Sensitivity                                                 	6
k-mer length                                                	0
Target search mode                                          	0
k-score                                                     	seq:2147483647,prof:2147483647
Alphabet size                                               	aa:21,nucl:5
Max results per query                                       	300
Split database                                              	0
Split mode                                                  	2
Split memory limit                                          	0
Diagonal scoring                                            	true
Exact k-mer matching                                        	0
Mask residues                                               	1
Mask residues probability                                   	0.9
Mask lower case residues                                    	0
Minimum diagonal score                                      	15
Selected taxa                                               	
Spaced k-mers                                               	1
Spaced k-mer pattern                                        	
Local temporary path                                        	
Rescore mode                                                	0
Remove hits by seq. id. and coverage                        	false
Sort results                                                	0
Mask profile                                                	1
Profile E-value threshold                                   	0.001
Global sequence weighting                                   	false
Allow deletions                                             	false
Filter MSA                                                  	1
Use filter only at N seqs                                   	0
Maximum seq. id. threshold                                  	0.9
Minimum seq. id.                                            	0.0
Minimum score per column                                    	-20
Minimum coverage                                            	0
Select N most diverse seqs                                  	1000
Pseudo count mode                                           	0
Min codons in orf                                           	15
Max codons in length                                        	32734
Max orf gaps                                                	2147483647
Contig start mode                                           	2
Contig end mode                                             	2
Orf start mode                                              	1
Forward frames                                              	1,2,3
Reverse frames                                              	1,2,3
Translation table                                           	1
Translate orf                                               	0
Use all table starts                                        	false
Offset of numeric ids                                       	0
Create lookup                                               	0
Overlap between sequences                                   	0
Sequence split mode                                         	1
Header split mode                                           	0
Chain overlapping alignments                                	0
Merge query                                                 	1
Search type                                                 	0
Start sensitivity                                           	4
Search steps                                                	1
Prefilter mode                                              	0
Exhaustive search mode                                      	false
Filter results during exhaustive search                     	0
Strand selection                                            	1
LCA search mode                                             	false
Disk space limit                                            	0
MPI runner                                                  	
Force restart with latest tmp                               	false
Remove temporary files                                      	true
maximal combined evalue of an optimal set                   	0.001
minimal length ratio between combined optimal set and target	0.5
Maximal intron length                                       	130000
Minimal intron length                                       	5
Minimal exon length aa                                      	15
Maximal overlap of exons                                    	15
Maximal number of exon sets                                 	1
Gap open penalty                                            	-1
Gap extend penalty                                          	-1
Reverse AA Fragments                                        	0
allow same-strand overlaps                                  	1
translate codons to AAs                                     	0
write target key instead of accession                       	0
write fragment contig coords                                	0
length to scan for start codon                              	0

createdb /share/project/mieke/fdog_neighbor_regions/output_debug_tmp_blast_generated/XP_037025795_1_LOC119067126_337/tmp/LYCAG_1887995_1/JBDOHN010022254.1_1.fasta /share/project/mieke/fdog_neighbor_regions/output_debug_tmp_blast_generated/XP_037025795_1_LOC119067126_337/tmp/LYCAG_1887995_1//metaeuk/2553554940869323033/contigs --dbtype 2 --compressed 0 -v 3 

Converting sequences
[
Time for merging to contigs_h: 0h 0m 0s 594ms
Time for merging to contigs: 0h 0m 0s 413ms
Database type: Nucleotide
Time for processing: 0h 0m 5s 256ms
createdb /share/project/mieke/fdog_neighbor_regions/output_debug_tmp_blast_generated/XP_037025795_1_LOC119067126_337/tmp/BRAPE_1817611_1/JBDOHP010000230.1_1.fasta /share/project/mieke/fdog_neighbor_regions/output_debug_tmp_blast_generated/XP_037025795_1_LOC119067126_337/tmp/BRAPE_1817611_1//metaeuk/9279789373924736192/contigs --dbtype 2 --compressed 0 -v 3 

Converting sequences
[
Time for merging to contigs_h: 0h 0m 0s 456ms
Time for merging to contigs: 0h 0m 0s 388ms
Database type: Nucleotide
Time for processing: 0h 0m 4s 146ms
createdb /share/project/mieke/fdog_neighbor_regions/output_debug_tmp_blast_generated/XP_037025795_1_LOC119067126_337/tmp/BRAAL_1260807_1/JBLNJJ010000484.1_1.fasta /share/project/mieke/fdog_neighbor_regions/output_debug_tmp_blast_generated/XP_037025795_1_LOC119067126_337/tmp/BRAAL_1260807_1//metaeuk/8316577926661635596/contigs --dbtype 2 --compressed 0 -v 3 

Converting sequences
[
Time for merging to contigs_h: 0h 0m 0s 450ms
Time for merging to contigs: 0h 0m 0s 407ms
Database type: Nucleotide
Time for processing: 0h 0m 4s 320ms
Create directory /share/project/mieke/fdog_neighbor_regions/output_debug_tmp_blast_generated/XP_037025795_1_LOC119067126_337/tmp/LYCAG_1887995_1//metaeuk/2553554940869323033/tmp_predict
predictexons /share/project/mieke/fdog_neighbor_regions/output_debug_tmp_blast_generated/XP_037025795_1_LOC119067126_337/tmp/LYCAG_1887995_1//metaeuk/2553554940869323033/contigs /share/gluster/NOTLOESUNG/freya/uniref100/uniref100 /share/project/mieke/fdog_neighbor_regions/output_debug_tmp_blast_generated/XP_037025795_1_LOC119067126_337/tmp/LYCAG_1887995_1//metaeuk/2553554940869323033/MetaEuk_calls /share/project/mieke/fdog_neighbor_regions/output_debug_tmp_blast_generated/XP_037025795_1_LOC119067126_337/tmp/LYCAG_1887995_1//metaeuk/2553554940869323033/tmp_predict --sub-mat 'aa:blosum62.out,nucl:nucleotide.out' -a 0 --alignment-mode 2 --alignment-output-mode 0 --wrapped-scoring 0 -e 100 --min-seq-id 0 --min-aln-len 0 --seq-id-mode 0 --alt-ali 0 -c 0 --cov-mode 0 --max-seq-len 160000 --comp-bias-corr 1 --comp-bias-corr-scale 1 --max-rejected 2147483647 --max-accept 2147483647 --add-self-matches 0 --db-load-mode 0 --pca substitution:1.100,context:1.400 --pcb substitution:4.100,context:5.800 --score-bias 0 --realign 0 --realign-score-bias -0.2 --realign-max-seqs 2147483647 --corr-score-weight 0 --gap-open aa:11,nucl:5 --gap-extend aa:1,nucl:2 --zdrop 40 --threads 24 --compressed 0 -v 3 --seed-sub-mat 'aa:VTML80.out,nucl:nucleotide.out' -s 6 -k 0 --target-search-mode 0 --k-score seq:2147483647,prof:2147483647 --alph-size aa:21,nucl:5 --max-seqs 300 --split 0 --split-mode 2 --split-memory-limit 0 --diag-score 1 --exact-kmer-matching 0 --mask 1 --mask-prob 0.9 --mask-lower-case 0 --min-ungapped-score 15 --spaced-kmer-mode 1 --rescore-mode 0 --filter-hits 0 --sort-results 0 --mask-profile 1 --e-profile 0.001 --wg 0 --allow-deletion 0 --filter-msa 1 --filter-min-enable 0 --max-seq-id 0.9 --qid '0.0' --qsc -20 --cov 0 --diff 1000 --pseudo-cnt-mode 0 --min-length 15 --max-length 32734 --max-gaps 2147483647 --contig-start-mode 2 --contig-end-mode 2 --orf-start-mode 1 --forward-frames 1,2,3 --reverse-frames 1,2,3 --translation-table 1 --translate 0 --use-all-table-starts 0 --id-offset 0 --create-lookup 0 --sequence-overlap 0 --sequence-split-mode 1 --headers-split-mode 0 --chain-alignments 0 --merge-query 1 --search-type 0 --start-sens 4 --sens-steps 1 --prefilter-mode 0 --exhaustive-search 0 --exhaustive-search-filter 0 --strand 1 --lca-search 0 --disk-space-limit 0 --force-reuse 0 --remove-tmp-files 1 --metaeuk-eval 0.001 --metaeuk-tcov 0.5 --max-intron 130000 --min-intron 5 --min-exon-aa 15 --max-overlap 15 --max-exon-sets 1 --set-gap-open -1 --set-gap-extend -1 --reverse-fragments 0 

Create directory /share/project/mieke/fdog_neighbor_regions/output_debug_tmp_blast_generated/XP_037025795_1_LOC119067126_337/tmp/BRAAL_1260807_1//metaeuk/8316577926661635596/tmp_predict
predictexons /share/project/mieke/fdog_neighbor_regions/output_debug_tmp_blast_generated/XP_037025795_1_LOC119067126_337/tmp/BRAAL_1260807_1//metaeuk/8316577926661635596/contigs /share/gluster/NOTLOESUNG/freya/uniref100/uniref100 /share/project/mieke/fdog_neighbor_regions/output_debug_tmp_blast_generated/XP_037025795_1_LOC119067126_337/tmp/BRAAL_1260807_1//metaeuk/8316577926661635596/MetaEuk_calls /share/project/mieke/fdog_neighbor_regions/output_debug_tmp_blast_generated/XP_037025795_1_LOC119067126_337/tmp/BRAAL_1260807_1//metaeuk/8316577926661635596/tmp_predict --sub-mat 'aa:blosum62.out,nucl:nucleotide.out' -a 0 --alignment-mode 2 --alignment-output-mode 0 --wrapped-scoring 0 -e 100 --min-seq-id 0 --min-aln-len 0 --seq-id-mode 0 --alt-ali 0 -c 0 --cov-mode 0 --max-seq-len 160000 --comp-bias-corr 1 --comp-bias-corr-scale 1 --max-rejected 2147483647 --max-accept 2147483647 --add-self-matches 0 --db-load-mode 0 --pca substitution:1.100,context:1.400 --pcb substitution:4.100,context:5.800 --score-bias 0 --realign 0 --realign-score-bias -0.2 --realign-max-seqs 2147483647 --corr-score-weight 0 --gap-open aa:11,nucl:5 --gap-extend aa:1,nucl:2 --zdrop 40 --threads 24 --compressed 0 -v 3 --seed-sub-mat 'aa:VTML80.out,nucl:nucleotide.out' -s 6 -k 0 --target-search-mode 0 --k-score seq:2147483647,prof:2147483647 --alph-size aa:21,nucl:5 --max-seqs 300 --split 0 --split-mode 2 --split-memory-limit 0 --diag-score 1 --exact-kmer-matching 0 --mask 1 --mask-prob 0.9 --mask-lower-case 0 --min-ungapped-score 15 --spaced-kmer-mode 1 --rescore-mode 0 --filter-hits 0 --sort-results 0 --mask-profile 1 --e-profile 0.001 --wg 0 --allow-deletion 0 --filter-msa 1 --filter-min-enable 0 --max-seq-id 0.9 --qid '0.0' --qsc -20 --cov 0 --diff 1000 --pseudo-cnt-mode 0 --min-length 15 --max-length 32734 --max-gaps 2147483647 --contig-start-mode 2 --contig-end-mode 2 --orf-start-mode 1 --forward-frames 1,2,3 --reverse-frames 1,2,3 --translation-table 1 --translate 0 --use-all-table-starts 0 --id-offset 0 --create-lookup 0 --sequence-overlap 0 --sequence-split-mode 1 --headers-split-mode 0 --chain-alignments 0 --merge-query 1 --search-type 0 --start-sens 4 --sens-steps 1 --prefilter-mode 0 --exhaustive-search 0 --exhaustive-search-filter 0 --strand 1 --lca-search 0 --disk-space-limit 0 --force-reuse 0 --remove-tmp-files 1 --metaeuk-eval 0.001 --metaeuk-tcov 0.5 --max-intron 130000 --min-intron 5 --min-exon-aa 15 --max-overlap 15 --max-exon-sets 1 --set-gap-open -1 --set-gap-extend -1 --reverse-fragments 0 

Create directory /share/project/mieke/fdog_neighbor_regions/output_debug_tmp_blast_generated/XP_037025795_1_LOC119067126_337/tmp/BRAPE_1817611_1//metaeuk/9279789373924736192/tmp_predict
predictexons /share/project/mieke/fdog_neighbor_regions/output_debug_tmp_blast_generated/XP_037025795_1_LOC119067126_337/tmp/BRAPE_1817611_1//metaeuk/9279789373924736192/contigs /share/gluster/NOTLOESUNG/freya/uniref100/uniref100 /share/project/mieke/fdog_neighbor_regions/output_debug_tmp_blast_generated/XP_037025795_1_LOC119067126_337/tmp/BRAPE_1817611_1//metaeuk/9279789373924736192/MetaEuk_calls /share/project/mieke/fdog_neighbor_regions/output_debug_tmp_blast_generated/XP_037025795_1_LOC119067126_337/tmp/BRAPE_1817611_1//metaeuk/9279789373924736192/tmp_predict --sub-mat 'aa:blosum62.out,nucl:nucleotide.out' -a 0 --alignment-mode 2 --alignment-output-mode 0 --wrapped-scoring 0 -e 100 --min-seq-id 0 --min-aln-len 0 --seq-id-mode 0 --alt-ali 0 -c 0 --cov-mode 0 --max-seq-len 160000 --comp-bias-corr 1 --comp-bias-corr-scale 1 --max-rejected 2147483647 --max-accept 2147483647 --add-self-matches 0 --db-load-mode 0 --pca substitution:1.100,context:1.400 --pcb substitution:4.100,context:5.800 --score-bias 0 --realign 0 --realign-score-bias -0.2 --realign-max-seqs 2147483647 --corr-score-weight 0 --gap-open aa:11,nucl:5 --gap-extend aa:1,nucl:2 --zdrop 40 --threads 24 --compressed 0 -v 3 --seed-sub-mat 'aa:VTML80.out,nucl:nucleotide.out' -s 6 -k 0 --target-search-mode 0 --k-score seq:2147483647,prof:2147483647 --alph-size aa:21,nucl:5 --max-seqs 300 --split 0 --split-mode 2 --split-memory-limit 0 --diag-score 1 --exact-kmer-matching 0 --mask 1 --mask-prob 0.9 --mask-lower-case 0 --min-ungapped-score 15 --spaced-kmer-mode 1 --rescore-mode 0 --filter-hits 0 --sort-results 0 --mask-profile 1 --e-profile 0.001 --wg 0 --allow-deletion 0 --filter-msa 1 --filter-min-enable 0 --max-seq-id 0.9 --qid '0.0' --qsc -20 --cov 0 --diff 1000 --pseudo-cnt-mode 0 --min-length 15 --max-length 32734 --max-gaps 2147483647 --contig-start-mode 2 --contig-end-mode 2 --orf-start-mode 1 --forward-frames 1,2,3 --reverse-frames 1,2,3 --translation-table 1 --translate 0 --use-all-table-starts 0 --id-offset 0 --create-lookup 0 --sequence-overlap 0 --sequence-split-mode 1 --headers-split-mode 0 --chain-alignments 0 --merge-query 1 --search-type 0 --start-sens 4 --sens-steps 1 --prefilter-mode 0 --exhaustive-search 0 --exhaustive-search-filter 0 --strand 1 --lca-search 0 --disk-space-limit 0 --force-reuse 0 --remove-tmp-files 1 --metaeuk-eval 0.001 --metaeuk-tcov 0.5 --max-intron 130000 --min-intron 5 --min-exon-aa 15 --max-overlap 15 --max-exon-sets 1 --set-gap-open -1 --set-gap-extend -1 --reverse-fragments 0 

createdb /share/project/mieke/fdog_neighbor_regions/output_debug_tmp_blast_generated/XP_037025795_1_LOC119067126_337/tmp/BRADE_3151524_1/JBDOHO010098890.1_1.fasta /share/project/mieke/fdog_neighbor_regions/output_debug_tmp_blast_generated/XP_037025795_1_LOC119067126_337/tmp/BRADE_3151524_1//metaeuk/11991958450541576630/contigs --dbtype 2 --compressed 0 -v 3 

Converting sequences
[
Time for merging to contigs_h: 0h 0m 0s 453ms
Time for merging to contigs: 0h 0m 0s 436ms
Database type: Nucleotide
Time for processing: 0h 0m 3s 723ms
Create directory /share/project/mieke/fdog_neighbor_regions/output_debug_tmp_blast_generated/XP_037025795_1_LOC119067126_337/tmp/BRADE_3151524_1//metaeuk/11991958450541576630/tmp_predict
predictexons /share/project/mieke/fdog_neighbor_regions/output_debug_tmp_blast_generated/XP_037025795_1_LOC119067126_337/tmp/BRADE_3151524_1//metaeuk/11991958450541576630/contigs /share/gluster/NOTLOESUNG/freya/uniref100/uniref100 /share/project/mieke/fdog_neighbor_regions/output_debug_tmp_blast_generated/XP_037025795_1_LOC119067126_337/tmp/BRADE_3151524_1//metaeuk/11991958450541576630/MetaEuk_calls /share/project/mieke/fdog_neighbor_regions/output_debug_tmp_blast_generated/XP_037025795_1_LOC119067126_337/tmp/BRADE_3151524_1//metaeuk/11991958450541576630/tmp_predict --sub-mat 'aa:blosum62.out,nucl:nucleotide.out' -a 0 --alignment-mode 2 --alignment-output-mode 0 --wrapped-scoring 0 -e 100 --min-seq-id 0 --min-aln-len 0 --seq-id-mode 0 --alt-ali 0 -c 0 --cov-mode 0 --max-seq-len 160000 --comp-bias-corr 1 --comp-bias-corr-scale 1 --max-rejected 2147483647 --max-accept 2147483647 --add-self-matches 0 --db-load-mode 0 --pca substitution:1.100,context:1.400 --pcb substitution:4.100,context:5.800 --score-bias 0 --realign 0 --realign-score-bias -0.2 --realign-max-seqs 2147483647 --corr-score-weight 0 --gap-open aa:11,nucl:5 --gap-extend aa:1,nucl:2 --zdrop 40 --threads 24 --compressed 0 -v 3 --seed-sub-mat 'aa:VTML80.out,nucl:nucleotide.out' -s 6 -k 0 --target-search-mode 0 --k-score seq:2147483647,prof:2147483647 --alph-size aa:21,nucl:5 --max-seqs 300 --split 0 --split-mode 2 --split-memory-limit 0 --diag-score 1 --exact-kmer-matching 0 --mask 1 --mask-prob 0.9 --mask-lower-case 0 --min-ungapped-score 15 --spaced-kmer-mode 1 --rescore-mode 0 --filter-hits 0 --sort-results 0 --mask-profile 1 --e-profile 0.001 --wg 0 --allow-deletion 0 --filter-msa 1 --filter-min-enable 0 --max-seq-id 0.9 --qid '0.0' --qsc -20 --cov 0 --diff 1000 --pseudo-cnt-mode 0 --min-length 15 --max-length 32734 --max-gaps 2147483647 --contig-start-mode 2 --contig-end-mode 2 --orf-start-mode 1 --forward-frames 1,2,3 --reverse-frames 1,2,3 --translation-table 1 --translate 0 --use-all-table-starts 0 --id-offset 0 --create-lookup 0 --sequence-overlap 0 --sequence-split-mode 1 --headers-split-mode 0 --chain-alignments 0 --merge-query 1 --search-type 0 --start-sens 4 --sens-steps 1 --prefilter-mode 0 --exhaustive-search 0 --exhaustive-search-filter 0 --strand 1 --lca-search 0 --disk-space-limit 0 --force-reuse 0 --remove-tmp-files 1 --metaeuk-eval 0.001 --metaeuk-tcov 0.5 --max-intron 130000 --min-intron 5 --min-exon-aa 15 --max-overlap 15 --max-exon-sets 1 --set-gap-open -1 --set-gap-extend -1 --reverse-fragments 0 

createdb /share/project/mieke/fdog_neighbor_regions/output_debug_tmp_blast_generated/XP_037025795_1_LOC119067126_337/tmp/BRAOC_1260802_1/JBLNJI010002952.1_1.fasta /share/project/mieke/fdog_neighbor_regions/output_debug_tmp_blast_generated/XP_037025795_1_LOC119067126_337/tmp/BRAOC_1260802_1//metaeuk/10757045944738726513/contigs --dbtype 2 --compressed 0 -v 3 

Converting sequences
[
Time for merging to contigs_h: 0h 0m 0s 548ms
Time for merging to contigs: 0h 0m 0s 368ms
Database type: Nucleotide
Time for processing: 0h 0m 2s 992ms
createdb /share/project/mieke/fdog_neighbor_regions/output_debug_tmp_blast_generated/XP_037025795_1_LOC119067126_337/tmp/BRACO_1817600_1/JBDOHQ010010591.1_1.fasta /share/project/mieke/fdog_neighbor_regions/output_debug_tmp_blast_generated/XP_037025795_1_LOC119067126_337/tmp/BRACO_1817600_1//metaeuk/12318937100252227209/contigs --dbtype 2 --compressed 0 -v 3 

Converting sequences
[
Time for merging to contigs_h: 0h 0m 0s 545ms
Time for merging to contigs: 0h 0m 0s 362ms
Database type: Nucleotide
Time for processing: 0h 0m 3s 5ms
Create directory /share/project/mieke/fdog_neighbor_regions/output_debug_tmp_blast_generated/XP_037025795_1_LOC119067126_337/tmp/BRAOC_1260802_1//metaeuk/10757045944738726513/tmp_predict
predictexons /share/project/mieke/fdog_neighbor_regions/output_debug_tmp_blast_generated/XP_037025795_1_LOC119067126_337/tmp/BRAOC_1260802_1//metaeuk/10757045944738726513/contigs /share/gluster/NOTLOESUNG/freya/uniref100/uniref100 /share/project/mieke/fdog_neighbor_regions/output_debug_tmp_blast_generated/XP_037025795_1_LOC119067126_337/tmp/BRAOC_1260802_1//metaeuk/10757045944738726513/MetaEuk_calls /share/project/mieke/fdog_neighbor_regions/output_debug_tmp_blast_generated/XP_037025795_1_LOC119067126_337/tmp/BRAOC_1260802_1//metaeuk/10757045944738726513/tmp_predict --sub-mat 'aa:blosum62.out,nucl:nucleotide.out' -a 0 --alignment-mode 2 --alignment-output-mode 0 --wrapped-scoring 0 -e 100 --min-seq-id 0 --min-aln-len 0 --seq-id-mode 0 --alt-ali 0 -c 0 --cov-mode 0 --max-seq-len 160000 --comp-bias-corr 1 --comp-bias-corr-scale 1 --max-rejected 2147483647 --max-accept 2147483647 --add-self-matches 0 --db-load-mode 0 --pca substitution:1.100,context:1.400 --pcb substitution:4.100,context:5.800 --score-bias 0 --realign 0 --realign-score-bias -0.2 --realign-max-seqs 2147483647 --corr-score-weight 0 --gap-open aa:11,nucl:5 --gap-extend aa:1,nucl:2 --zdrop 40 --threads 24 --compressed 0 -v 3 --seed-sub-mat 'aa:VTML80.out,nucl:nucleotide.out' -s 6 -k 0 --target-search-mode 0 --k-score seq:2147483647,prof:2147483647 --alph-size aa:21,nucl:5 --max-seqs 300 --split 0 --split-mode 2 --split-memory-limit 0 --diag-score 1 --exact-kmer-matching 0 --mask 1 --mask-prob 0.9 --mask-lower-case 0 --min-ungapped-score 15 --spaced-kmer-mode 1 --rescore-mode 0 --filter-hits 0 --sort-results 0 --mask-profile 1 --e-profile 0.001 --wg 0 --allow-deletion 0 --filter-msa 1 --filter-min-enable 0 --max-seq-id 0.9 --qid '0.0' --qsc -20 --cov 0 --diff 1000 --pseudo-cnt-mode 0 --min-length 15 --max-length 32734 --max-gaps 2147483647 --contig-start-mode 2 --contig-end-mode 2 --orf-start-mode 1 --forward-frames 1,2,3 --reverse-frames 1,2,3 --translation-table 1 --translate 0 --use-all-table-starts 0 --id-offset 0 --create-lookup 0 --sequence-overlap 0 --sequence-split-mode 1 --headers-split-mode 0 --chain-alignments 0 --merge-query 1 --search-type 0 --start-sens 4 --sens-steps 1 --prefilter-mode 0 --exhaustive-search 0 --exhaustive-search-filter 0 --strand 1 --lca-search 0 --disk-space-limit 0 --force-reuse 0 --remove-tmp-files 1 --metaeuk-eval 0.001 --metaeuk-tcov 0.5 --max-intron 130000 --min-intron 5 --min-exon-aa 15 --max-overlap 15 --max-exon-sets 1 --set-gap-open -1 --set-gap-extend -1 --reverse-fragments 0 

Create directory /share/project/mieke/fdog_neighbor_regions/output_debug_tmp_blast_generated/XP_037025795_1_LOC119067126_337/tmp/BRACO_1817600_1//metaeuk/12318937100252227209/tmp_predict
predictexons /share/project/mieke/fdog_neighbor_regions/output_debug_tmp_blast_generated/XP_037025795_1_LOC119067126_337/tmp/BRACO_1817600_1//metaeuk/12318937100252227209/contigs /share/gluster/NOTLOESUNG/freya/uniref100/uniref100 /share/project/mieke/fdog_neighbor_regions/output_debug_tmp_blast_generated/XP_037025795_1_LOC119067126_337/tmp/BRACO_1817600_1//metaeuk/12318937100252227209/MetaEuk_calls /share/project/mieke/fdog_neighbor_regions/output_debug_tmp_blast_generated/XP_037025795_1_LOC119067126_337/tmp/BRACO_1817600_1//metaeuk/12318937100252227209/tmp_predict --sub-mat 'aa:blosum62.out,nucl:nucleotide.out' -a 0 --alignment-mode 2 --alignment-output-mode 0 --wrapped-scoring 0 -e 100 --min-seq-id 0 --min-aln-len 0 --seq-id-mode 0 --alt-ali 0 -c 0 --cov-mode 0 --max-seq-len 160000 --comp-bias-corr 1 --comp-bias-corr-scale 1 --max-rejected 2147483647 --max-accept 2147483647 --add-self-matches 0 --db-load-mode 0 --pca substitution:1.100,context:1.400 --pcb substitution:4.100,context:5.800 --score-bias 0 --realign 0 --realign-score-bias -0.2 --realign-max-seqs 2147483647 --corr-score-weight 0 --gap-open aa:11,nucl:5 --gap-extend aa:1,nucl:2 --zdrop 40 --threads 24 --compressed 0 -v 3 --seed-sub-mat 'aa:VTML80.out,nucl:nucleotide.out' -s 6 -k 0 --target-search-mode 0 --k-score seq:2147483647,prof:2147483647 --alph-size aa:21,nucl:5 --max-seqs 300 --split 0 --split-mode 2 --split-memory-limit 0 --diag-score 1 --exact-kmer-matching 0 --mask 1 --mask-prob 0.9 --mask-lower-case 0 --min-ungapped-score 15 --spaced-kmer-mode 1 --rescore-mode 0 --filter-hits 0 --sort-results 0 --mask-profile 1 --e-profile 0.001 --wg 0 --allow-deletion 0 --filter-msa 1 --filter-min-enable 0 --max-seq-id 0.9 --qid '0.0' --qsc -20 --cov 0 --diff 1000 --pseudo-cnt-mode 0 --min-length 15 --max-length 32734 --max-gaps 2147483647 --contig-start-mode 2 --contig-end-mode 2 --orf-start-mode 1 --forward-frames 1,2,3 --reverse-frames 1,2,3 --translation-table 1 --translate 0 --use-all-table-starts 0 --id-offset 0 --create-lookup 0 --sequence-overlap 0 --sequence-split-mode 1 --headers-split-mode 0 --chain-alignments 0 --merge-query 1 --search-type 0 --start-sens 4 --sens-steps 1 --prefilter-mode 0 --exhaustive-search 0 --exhaustive-search-filter 0 --strand 1 --lca-search 0 --disk-space-limit 0 --force-reuse 0 --remove-tmp-files 1 --metaeuk-eval 0.001 --metaeuk-tcov 0.5 --max-intron 130000 --min-intron 5 --min-exon-aa 15 --max-overlap 15 --max-exon-sets 1 --set-gap-open -1 --set-gap-extend -1 --reverse-fragments 0 

createdb /share/project/mieke/fdog_neighbor_regions/output_debug_tmp_blast_generated/XP_037025795_1_LOC119067126_337/tmp/BRAOD_1564500_1/JAFDOW010000598.1_1.fasta /share/project/mieke/fdog_neighbor_regions/output_debug_tmp_blast_generated/XP_037025795_1_LOC119067126_337/tmp/BRAOD_1564500_1//metaeuk/11987958686604171584/contigs --dbtype 2 --compressed 0 -v 3 

Converting sequences
[
Time for merging to contigs_h: 0h 0m 0s 377ms
Time for merging to contigs: 0h 0m 0s 298ms
Database type: Nucleotide
Time for processing: 0h 0m 2s 228ms
Create directory /share/project/mieke/fdog_neighbor_regions/output_debug_tmp_blast_generated/XP_037025795_1_LOC119067126_337/tmp/BRAOD_1564500_1//metaeuk/11987958686604171584/tmp_predict
predictexons /share/project/mieke/fdog_neighbor_regions/output_debug_tmp_blast_generated/XP_037025795_1_LOC119067126_337/tmp/BRAOD_1564500_1//metaeuk/11987958686604171584/contigs /share/gluster/NOTLOESUNG/freya/uniref100/uniref100 /share/project/mieke/fdog_neighbor_regions/output_debug_tmp_blast_generated/XP_037025795_1_LOC119067126_337/tmp/BRAOD_1564500_1//metaeuk/11987958686604171584/MetaEuk_calls /share/project/mieke/fdog_neighbor_regions/output_debug_tmp_blast_generated/XP_037025795_1_LOC119067126_337/tmp/BRAOD_1564500_1//metaeuk/11987958686604171584/tmp_predict --sub-mat 'aa:blosum62.out,nucl:nucleotide.out' -a 0 --alignment-mode 2 --alignment-output-mode 0 --wrapped-scoring 0 -e 100 --min-seq-id 0 --min-aln-len 0 --seq-id-mode 0 --alt-ali 0 -c 0 --cov-mode 0 --max-seq-len 160000 --comp-bias-corr 1 --comp-bias-corr-scale 1 --max-rejected 2147483647 --max-accept 2147483647 --add-self-matches 0 --db-load-mode 0 --pca substitution:1.100,context:1.400 --pcb substitution:4.100,context:5.800 --score-bias 0 --realign 0 --realign-score-bias -0.2 --realign-max-seqs 2147483647 --corr-score-weight 0 --gap-open aa:11,nucl:5 --gap-extend aa:1,nucl:2 --zdrop 40 --threads 24 --compressed 0 -v 3 --seed-sub-mat 'aa:VTML80.out,nucl:nucleotide.out' -s 6 -k 0 --target-search-mode 0 --k-score seq:2147483647,prof:2147483647 --alph-size aa:21,nucl:5 --max-seqs 300 --split 0 --split-mode 2 --split-memory-limit 0 --diag-score 1 --exact-kmer-matching 0 --mask 1 --mask-prob 0.9 --mask-lower-case 0 --min-ungapped-score 15 --spaced-kmer-mode 1 --rescore-mode 0 --filter-hits 0 --sort-results 0 --mask-profile 1 --e-profile 0.001 --wg 0 --allow-deletion 0 --filter-msa 1 --filter-min-enable 0 --max-seq-id 0.9 --qid '0.0' --qsc -20 --cov 0 --diff 1000 --pseudo-cnt-mode 0 --min-length 15 --max-length 32734 --max-gaps 2147483647 --contig-start-mode 2 --contig-end-mode 2 --orf-start-mode 1 --forward-frames 1,2,3 --reverse-frames 1,2,3 --translation-table 1 --translate 0 --use-all-table-starts 0 --id-offset 0 --create-lookup 0 --sequence-overlap 0 --sequence-split-mode 1 --headers-split-mode 0 --chain-alignments 0 --merge-query 1 --search-type 0 --start-sens 4 --sens-steps 1 --prefilter-mode 0 --exhaustive-search 0 --exhaustive-search-filter 0 --strand 1 --lca-search 0 --disk-space-limit 0 --force-reuse 0 --remove-tmp-files 1 --metaeuk-eval 0.001 --metaeuk-tcov 0.5 --max-intron 130000 --min-intron 5 --min-exon-aa 15 --max-overlap 15 --max-exon-sets 1 --set-gap-open -1 --set-gap-extend -1 --reverse-fragments 0 

Create directory /share/project/mieke/fdog_neighbor_regions/output_debug_tmp_blast_generated/XP_037025795_1_LOC119067126_337/tmp/BRAIM_335710_1//metaeuk
easy-predict /share/project/mieke/fdog_neighbor_regions/output_debug_tmp_blast_generated/XP_037025795_1_LOC119067126_337/tmp/BRAIM_335710_1/OZ247434.1_1.fasta /share/gluster/NOTLOESUNG/freya/uniref100/uniref100 /share/project/mieke/fdog_neighbor_regions/output_debug_tmp_blast_generated/XP_037025795_1_LOC119067126_337/tmp/BRAIM_335710_1/OZ247434.1_1 /share/project/mieke/fdog_neighbor_regions/output_debug_tmp_blast_generated/XP_037025795_1_LOC119067126_337/tmp/BRAIM_335710_1//metaeuk --max-intron 130000 --max-seq-len 160000 --min-exon-aa 15 --max-overlap 15 --min-intron 5 --overlap 1 -s 6 --split 0 --remove-tmp-files 

MMseqs Version:                                             	7.bba0d80
Substitution matrix                                         	aa:blosum62.out,nucl:nucleotide.out
Add backtrace                                               	false
Alignment mode                                              	2
Alignment mode                                              	0
Allow wrapped scoring                                       	false
E-value threshold                                           	100
Seq. id. threshold                                          	0
Min alignment length                                        	0
Seq. id. mode                                               	0
Alternative alignments                                      	0
Coverage threshold                                          	0
Coverage mode                                               	0
Max sequence length                                         	160000
Compositional bias                                          	1
Compositional bias                                          	1
Max reject                                                  	2147483647
Max accept                                                  	2147483647
Include identical seq. id.                                  	false
Preload mode                                                	0
Pseudo count a                                              	substitution:1.100,context:1.400
Pseudo count b                                              	substitution:4.100,context:5.800
Score bias                                                  	0
Realign hits                                                	false
Realign score bias                                          	-0.2
Realign max seqs                                            	2147483647
Correlation score weight                                    	0
Gap open cost                                               	aa:11,nucl:5
Gap extension cost                                          	aa:1,nucl:2
Zdrop                                                       	40
Threads                                                     	24
Compressed                                                  	0
Verbosity                                                   	3
Seed substitution matrix                                    	aa:VTML80.out,nucl:nucleotide.out
Sensitivity                                                 	6
k-mer length                                                	0
Target search mode                                          	0
k-score                                                     	seq:2147483647,prof:2147483647
Alphabet size                                               	aa:21,nucl:5
Max results per query                                       	300
Split database                                              	0
Split mode                                                  	2
Split memory limit                                          	0
Diagonal scoring                                            	true
Exact k-mer matching                                        	0
Mask residues                                               	1
Mask residues probability                                   	0.9
Mask lower case residues                                    	0
Minimum diagonal score                                      	15
Selected taxa                                               	
Spaced k-mers                                               	1
Spaced k-mer pattern                                        	
Local temporary path                                        	
Rescore mode                                                	0
Remove hits by seq. id. and coverage                        	false
Sort results                                                	0
Mask profile                                                	1
Profile E-value threshold                                   	0.001
Global sequence weighting                                   	false
Allow deletions                                             	false
Filter MSA                                                  	1
Use filter only at N seqs                                   	0
Maximum seq. id. threshold                                  	0.9
Minimum seq. id.                                            	0.0
Minimum score per column                                    	-20
Minimum coverage                                            	0
Select N most diverse seqs                                  	1000
Pseudo count mode                                           	0
Min codons in orf                                           	15
Max codons in length                                        	32734
Max orf gaps                                                	2147483647
Contig start mode                                           	2
Contig end mode                                             	2
Orf start mode                                              	1
Forward frames                                              	1,2,3
Reverse frames                                              	1,2,3
Translation table                                           	1
Translate orf                                               	0
Use all table starts                                        	false
Offset of numeric ids                                       	0
Create lookup                                               	0
Overlap between sequences                                   	0
Sequence split mode                                         	1
Header split mode                                           	0
Chain overlapping alignments                                	0
Merge query                                                 	1
Search type                                                 	0
Start sensitivity                                           	4
Search steps                                                	1
Prefilter mode                                              	0
Exhaustive search mode                                      	false
Filter results during exhaustive search                     	0
Strand selection                                            	1
LCA search mode                                             	false
Disk space limit                                            	0
MPI runner                                                  	
Force restart with latest tmp                               	false
Remove temporary files                                      	true
maximal combined evalue of an optimal set                   	0.001
minimal length ratio between combined optimal set and target	0.5
Maximal intron length                                       	130000
Minimal intron length                                       	5
Minimal exon length aa                                      	15
Maximal overlap of exons                                    	15
Maximal number of exon sets                                 	1
Gap open penalty                                            	-1
Gap extend penalty                                          	-1
Reverse AA Fragments                                        	0
allow same-strand overlaps                                  	1
translate codons to AAs                                     	0
write target key instead of accession                       	0
write fragment contig coords                                	0
length to scan for start codon                              	0

createdb /share/project/mieke/fdog_neighbor_regions/output_debug_tmp_blast_generated/XP_037025795_1_LOC119067126_337/tmp/TRISP_1260884_1/JANVCI010223208.1_1.fasta /share/project/mieke/fdog_neighbor_regions/output_debug_tmp_blast_generated/XP_037025795_1_LOC119067126_337/tmp/TRISP_1260884_1//metaeuk/7940771785755962147/contigs --dbtype 2 --compressed 0 -v 3 

Converting sequences
[
Time for merging to contigs_h: 0h 0m 0s 240ms
Time for merging to contigs: 0h 0m 0s 577ms
Database type: Nucleotide
Time for processing: 0h 0m 2s 442ms
createdb /share/project/mieke/fdog_neighbor_regions/output_debug_tmp_blast_generated/XP_037025795_1_LOC119067126_337/tmp/LYCIN_767460_1/OZ247515.1_1.fasta /share/project/mieke/fdog_neighbor_regions/output_debug_tmp_blast_generated/XP_037025795_1_LOC119067126_337/tmp/LYCIN_767460_1//metaeuk/13371526018507353409/contigs --dbtype 2 --compressed 0 -v 3 

Converting sequences
[
Time for merging to contigs_h: 0h 0m 0s 246ms
Time for merging to contigs: 0h 0m 0s 592ms
Database type: Nucleotide
Time for processing: 0h 0m 2s 399ms
Create directory /share/project/mieke/fdog_neighbor_regions/output_debug_tmp_blast_generated/XP_037025795_1_LOC119067126_337/tmp/TRISP_1260884_1//metaeuk/7940771785755962147/tmp_predict
predictexons /share/project/mieke/fdog_neighbor_regions/output_debug_tmp_blast_generated/XP_037025795_1_LOC119067126_337/tmp/TRISP_1260884_1//metaeuk/7940771785755962147/contigs /share/gluster/NOTLOESUNG/freya/uniref100/uniref100 /share/project/mieke/fdog_neighbor_regions/output_debug_tmp_blast_generated/XP_037025795_1_LOC119067126_337/tmp/TRISP_1260884_1//metaeuk/7940771785755962147/MetaEuk_calls /share/project/mieke/fdog_neighbor_regions/output_debug_tmp_blast_generated/XP_037025795_1_LOC119067126_337/tmp/TRISP_1260884_1//metaeuk/7940771785755962147/tmp_predict --sub-mat 'aa:blosum62.out,nucl:nucleotide.out' -a 0 --alignment-mode 2 --alignment-output-mode 0 --wrapped-scoring 0 -e 100 --min-seq-id 0 --min-aln-len 0 --seq-id-mode 0 --alt-ali 0 -c 0 --cov-mode 0 --max-seq-len 160000 --comp-bias-corr 1 --comp-bias-corr-scale 1 --max-rejected 2147483647 --max-accept 2147483647 --add-self-matches 0 --db-load-mode 0 --pca substitution:1.100,context:1.400 --pcb substitution:4.100,context:5.800 --score-bias 0 --realign 0 --realign-score-bias -0.2 --realign-max-seqs 2147483647 --corr-score-weight 0 --gap-open aa:11,nucl:5 --gap-extend aa:1,nucl:2 --zdrop 40 --threads 24 --compressed 0 -v 3 --seed-sub-mat 'aa:VTML80.out,nucl:nucleotide.out' -s 6 -k 0 --target-search-mode 0 --k-score seq:2147483647,prof:2147483647 --alph-size aa:21,nucl:5 --max-seqs 300 --split 0 --split-mode 2 --split-memory-limit 0 --diag-score 1 --exact-kmer-matching 0 --mask 1 --mask-prob 0.9 --mask-lower-case 0 --min-ungapped-score 15 --spaced-kmer-mode 1 --rescore-mode 0 --filter-hits 0 --sort-results 0 --mask-profile 1 --e-profile 0.001 --wg 0 --allow-deletion 0 --filter-msa 1 --filter-min-enable 0 --max-seq-id 0.9 --qid '0.0' --qsc -20 --cov 0 --diff 1000 --pseudo-cnt-mode 0 --min-length 15 --max-length 32734 --max-gaps 2147483647 --contig-start-mode 2 --contig-end-mode 2 --orf-start-mode 1 --forward-frames 1,2,3 --reverse-frames 1,2,3 --translation-table 1 --translate 0 --use-all-table-starts 0 --id-offset 0 --create-lookup 0 --sequence-overlap 0 --sequence-split-mode 1 --headers-split-mode 0 --chain-alignments 0 --merge-query 1 --search-type 0 --start-sens 4 --sens-steps 1 --prefilter-mode 0 --exhaustive-search 0 --exhaustive-search-filter 0 --strand 1 --lca-search 0 --disk-space-limit 0 --force-reuse 0 --remove-tmp-files 1 --metaeuk-eval 0.001 --metaeuk-tcov 0.5 --max-intron 130000 --min-intron 5 --min-exon-aa 15 --max-overlap 15 --max-exon-sets 1 --set-gap-open -1 --set-gap-extend -1 --reverse-fragments 0 

extractorfs /share/project/mieke/fdog_neighbor_regions/output_debug_tmp_blast_generated/XP_037025795_1_LOC119067126_337/tmp/BRAPE_1817611_1/metaeuk/9279789373924736192/contigs /share/project/mieke/fdog_neighbor_regions/output_debug_tmp_blast_generated/XP_037025795_1_LOC119067126_337/tmp/BRAPE_1817611_1/metaeuk/9279789373924736192/tmp_predict/14006475883238658855/nucl_6f --min-length 15 --max-length 32734 --max-gaps 2147483647 --contig-start-mode 2 --contig-end-mode 2 --orf-start-mode 1 --forward-frames 1,2,3 --reverse-frames 1,2,3 --translation-table 1 --translate 0 --use-all-table-starts 0 --id-offset 0 --create-lookup 0 --threads 24 --compressed 0 -v 3 

[=================================================================extractorfs /share/project/mieke/fdog_neighbor_regions/output_debug_tmp_blast_generated/XP_037025795_1_LOC119067126_337/tmp/LYCAG_1887995_1/metaeuk/2553554940869323033/contigs /share/project/mieke/fdog_neighbor_regions/output_debug_tmp_blast_generated/XP_037025795_1_LOC119067126_337/tmp/LYCAG_1887995_1/metaeuk/2553554940869323033/tmp_predict/13645786235860892772/nucl_6f --min-length 15 --max-length 32734 --max-gaps 2147483647 --contig-start-mode 2 --contig-end-mode 2 --orf-start-mode 1 --forward-frames 1,2,3 --reverse-frames 1,2,3 --translation-table 1 --translate 0 --use-all-table-starts 0 --id-offset 0 --create-lookup 0 --threads 24 --compressed 0 -v 3 

[=================================================================Create directory /share/project/mieke/fdog_neighbor_regions/output_debug_tmp_blast_generated/XP_037025795_1_LOC119067126_337/tmp/LYCIN_767460_1//metaeuk/13371526018507353409/tmp_predict
predictexons /share/project/mieke/fdog_neighbor_regions/output_debug_tmp_blast_generated/XP_037025795_1_LOC119067126_337/tmp/LYCIN_767460_1//metaeuk/13371526018507353409/contigs /share/gluster/NOTLOESUNG/freya/uniref100/uniref100 /share/project/mieke/fdog_neighbor_regions/output_debug_tmp_blast_generated/XP_037025795_1_LOC119067126_337/tmp/LYCIN_767460_1//metaeuk/13371526018507353409/MetaEuk_calls /share/project/mieke/fdog_neighbor_regions/output_debug_tmp_blast_generated/XP_037025795_1_LOC119067126_337/tmp/LYCIN_767460_1//metaeuk/13371526018507353409/tmp_predict --sub-mat 'aa:blosum62.out,nucl:nucleotide.out' -a 0 --alignment-mode 2 --alignment-output-mode 0 --wrapped-scoring 0 -e 100 --min-seq-id 0 --min-aln-len 0 --seq-id-mode 0 --alt-ali 0 -c 0 --cov-mode 0 --max-seq-len 160000 --comp-bias-corr 1 --comp-bias-corr-scale 1 --max-rejected 2147483647 --max-accept 2147483647 --add-self-matches 0 --db-load-mode 0 --pca substitution:1.100,context:1.400 --pcb substitution:4.100,context:5.800 --score-bias 0 --realign 0 --realign-score-bias -0.2 --realign-max-seqs 2147483647 --corr-score-weight 0 --gap-open aa:11,nucl:5 --gap-extend aa:1,nucl:2 --zdrop 40 --threads 24 --compressed 0 -v 3 --seed-sub-mat 'aa:VTML80.out,nucl:nucleotide.out' -s 6 -k 0 --target-search-mode 0 --k-score seq:2147483647,prof:2147483647 --alph-size aa:21,nucl:5 --max-seqs 300 --split 0 --split-mode 2 --split-memory-limit 0 --diag-score 1 --exact-kmer-matching 0 --mask 1 --mask-prob 0.9 --mask-lower-case 0 --min-ungapped-score 15 --spaced-kmer-mode 1 --rescore-mode 0 --filter-hits 0 --sort-results 0 --mask-profile 1 --e-profile 0.001 --wg 0 --allow-deletion 0 --filter-msa 1 --filter-min-enable 0 --max-seq-id 0.9 --qid '0.0' --qsc -20 --cov 0 --diff 1000 --pseudo-cnt-mode 0 --min-length 15 --max-length 32734 --max-gaps 2147483647 --contig-start-mode 2 --contig-end-mode 2 --orf-start-mode 1 --forward-frames 1,2,3 --reverse-frames 1,2,3 --translation-table 1 --translate 0 --use-all-table-starts 0 --id-offset 0 --create-lookup 0 --sequence-overlap 0 --sequence-split-mode 1 --headers-split-mode 0 --chain-alignments 0 --merge-query 1 --search-type 0 --start-sens 4 --sens-steps 1 --prefilter-mode 0 --exhaustive-search 0 --exhaustive-search-filter 0 --strand 1 --lca-search 0 --disk-space-limit 0 --force-reuse 0 --remove-tmp-files 1 --metaeuk-eval 0.001 --metaeuk-tcov 0.5 --max-intron 130000 --min-intron 5 --min-exon-aa 15 --max-overlap 15 --max-exon-sets 1 --set-gap-open -1 --set-gap-extend -1 --reverse-fragments 0 

extractorfs /share/project/mieke/fdog_neighbor_regions/output_debug_tmp_blast_generated/XP_037025795_1_LOC119067126_337/tmp/BRAAL_1260807_1/metaeuk/8316577926661635596/contigs /share/project/mieke/fdog_neighbor_regions/output_debug_tmp_blast_generated/XP_037025795_1_LOC119067126_337/tmp/BRAAL_1260807_1/metaeuk/8316577926661635596/tmp_predict/12166321299720403670/nucl_6f --min-length 15 --max-length 32734 --max-gaps 2147483647 --contig-start-mode 2 --contig-end-mode 2 --orf-start-mode 1 --forward-frames 1,2,3 --reverse-frames 1,2,3 --translation-table 1 --translate 0 --use-all-table-starts 0 --id-offset 0 --create-lookup 0 --threads 24 --compressed 0 -v 3 

[=extractorfs /share/project/mieke/fdog_neighbor_regions/output_debug_tmp_blast_generated/XP_037025795_1_LOC119067126_337/tmp/BRADE_3151524_1/metaeuk/11991958450541576630/contigs /share/project/mieke/fdog_neighbor_regions/output_debug_tmp_blast_generated/XP_037025795_1_LOC119067126_337/tmp/BRADE_3151524_1/metaeuk/11991958450541576630/tmp_predict/12516579744984762005/nucl_6f --min-length 15 --max-length 32734 --max-gaps 2147483647 --contig-start-mode 2 --contig-end-mode 2 --orf-start-mode 1 --forward-frames 1,2,3 --reverse-frames 1,2,3 --translation-table 1 --translate 0 --use-all-table-starts 0 --id-offset 0 --create-lookup 0 --threads 24 --compressed 0 -v 3 

[=================================================================================================================================extractorfs /share/project/mieke/fdog_neighbor_regions/output_debug_tmp_blast_generated/XP_037025795_1_LOC119067126_337/tmp/BRAOC_1260802_1/metaeuk/10757045944738726513/contigs /share/project/mieke/fdog_neighbor_regions/output_debug_tmp_blast_generated/XP_037025795_1_LOC119067126_337/tmp/BRAOC_1260802_1/metaeuk/10757045944738726513/tmp_predict/13733860033898632485/nucl_6f --min-length 15 --max-length 32734 --max-gaps 2147483647 --contig-start-mode 2 --contig-end-mode 2 --orf-start-mode 1 --forward-frames 1,2,3 --reverse-frames 1,2,3 --translation-table 1 --translate 0 --use-all-table-starts 0 --id-offset 0 --create-lookup 0 --threads 24 --compressed 0 -v 3 

[=================================================================extractorfs /share/project/mieke/fdog_neighbor_regions/output_debug_tmp_blast_generated/XP_037025795_1_LOC119067126_337/tmp/BRACO_1817600_1/metaeuk/12318937100252227209/contigs /share/project/mieke/fdog_neighbor_regions/output_debug_tmp_blast_generated/XP_037025795_1_LOC119067126_337/tmp/BRACO_1817600_1/metaeuk/12318937100252227209/tmp_predict/2154823038679011762/nucl_6f --min-length 15 --max-length 32734 --max-gaps 2147483647 --contig-start-mode 2 --contig-end-mode 2 --orf-start-mode 1 --forward-frames 1,2,3 --reverse-frames 1,2,3 --translation-table 1 --translate 0 --use-all-table-starts 0 --id-offset 0 --create-lookup 0 --threads 24 --compressed 0 -v 3 

[=================================================================createdb /share/project/mieke/fdog_neighbor_regions/output_debug_tmp_blast_generated/XP_037025795_1_LOC119067126_337/tmp/PHYFL_1260839_1/JANTFA010007453.1_1.fasta /share/project/mieke/fdog_neighbor_regions/output_debug_tmp_blast_generated/XP_037025795_1_LOC119067126_337/tmp/PHYFL_1260839_1//metaeuk/15071872073837552975/contigs --dbtype 2 --compressed 0 -v 3 

Converting sequences
[
Time for merging to contigs_h: 0h 0m 0s 635ms
Time for merging to contigs: 0h 0m 0s 359ms
Database type: Nucleotide
Time for processing: 0h 0m 2s 294ms
extractorfs /share/project/mieke/fdog_neighbor_regions/output_debug_tmp_blast_generated/XP_037025795_1_LOC119067126_337/tmp/BRAOD_1564500_1/metaeuk/11987958686604171584/contigs /share/project/mieke/fdog_neighbor_regions/output_debug_tmp_blast_generated/XP_037025795_1_LOC119067126_337/tmp/BRAOD_1564500_1/metaeuk/11987958686604171584/tmp_predict/15052227674240395495/nucl_6f --min-length 15 --max-length 32734 --max-gaps 2147483647 --contig-start-mode 2 --contig-end-mode 2 --orf-start-mode 1 --forward-frames 1,2,3 --reverse-frames 1,2,3 --translation-table 1 --translate 0 --use-all-table-starts 0 --id-offset 0 --create-lookup 0 --threads 24 --compressed 0 -v 3 

[=================================================================Create directory /share/project/mieke/fdog_neighbor_regions/output_debug_tmp_blast_generated/XP_037025795_1_LOC119067126_337/tmp/PHYFL_1260839_1//metaeuk/15071872073837552975/tmp_predict
predictexons /share/project/mieke/fdog_neighbor_regions/output_debug_tmp_blast_generated/XP_037025795_1_LOC119067126_337/tmp/PHYFL_1260839_1//metaeuk/15071872073837552975/contigs /share/gluster/NOTLOESUNG/freya/uniref100/uniref100 /share/project/mieke/fdog_neighbor_regions/output_debug_tmp_blast_generated/XP_037025795_1_LOC119067126_337/tmp/PHYFL_1260839_1//metaeuk/15071872073837552975/MetaEuk_calls /share/project/mieke/fdog_neighbor_regions/output_debug_tmp_blast_generated/XP_037025795_1_LOC119067126_337/tmp/PHYFL_1260839_1//metaeuk/15071872073837552975/tmp_predict --sub-mat 'aa:blosum62.out,nucl:nucleotide.out' -a 0 --alignment-mode 2 --alignment-output-mode 0 --wrapped-scoring 0 -e 100 --min-seq-id 0 --min-aln-len 0 --seq-id-mode 0 --alt-ali 0 -c 0 --cov-mode 0 --max-seq-len 160000 --comp-bias-corr 1 --comp-bias-corr-scale 1 --max-rejected 2147483647 --max-accept 2147483647 --add-self-matches 0 --db-load-mode 0 --pca substitution:1.100,context:1.400 --pcb substitution:4.100,context:5.800 --score-bias 0 --realign 0 --realign-score-bias -0.2 --realign-max-seqs 2147483647 --corr-score-weight 0 --gap-open aa:11,nucl:5 --gap-extend aa:1,nucl:2 --zdrop 40 --threads 24 --compressed 0 -v 3 --seed-sub-mat 'aa:VTML80.out,nucl:nucleotide.out' -s 6 -k 0 --target-search-mode 0 --k-score seq:2147483647,prof:2147483647 --alph-size aa:21,nucl:5 --max-seqs 300 --split 0 --split-mode 2 --split-memory-limit 0 --diag-score 1 --exact-kmer-matching 0 --mask 1 --mask-prob 0.9 --mask-lower-case 0 --min-ungapped-score 15 --spaced-kmer-mode 1 --rescore-mode 0 --filter-hits 0 --sort-results 0 --mask-profile 1 --e-profile 0.001 --wg 0 --allow-deletion 0 --filter-msa 1 --filter-min-enable 0 --max-seq-id 0.9 --qid '0.0' --qsc -20 --cov 0 --diff 1000 --pseudo-cnt-mode 0 --min-length 15 --max-length 32734 --max-gaps 2147483647 --contig-start-mode 2 --contig-end-mode 2 --orf-start-mode 1 --forward-frames 1,2,3 --reverse-frames 1,2,3 --translation-table 1 --translate 0 --use-all-table-starts 0 --id-offset 0 --create-lookup 0 --sequence-overlap 0 --sequence-split-mode 1 --headers-split-mode 0 --chain-alignments 0 --merge-query 1 --search-type 0 --start-sens 4 --sens-steps 1 --prefilter-mode 0 --exhaustive-search 0 --exhaustive-search-filter 0 --strand 1 --lca-search 0 --disk-space-limit 0 --force-reuse 0 --remove-tmp-files 1 --metaeuk-eval 0.001 --metaeuk-tcov 0.5 --max-intron 130000 --min-intron 5 --min-exon-aa 15 --max-overlap 15 --max-exon-sets 1 --set-gap-open -1 --set-gap-extend -1 --reverse-fragments 0 

] 1 0s 8ms
Time for merging to nucl_6f_h: 0h 0m 0s 254ms
Time for merging to nucl_6f: 0h 0m 0s 195ms
Time for processing: 0h 0m 1s 541ms
extractorfs /share/project/mieke/fdog_neighbor_regions/output_debug_tmp_blast_generated/XP_037025795_1_LOC119067126_337/tmp/TRISP_1260884_1/metaeuk/7940771785755962147/contigs /share/project/mieke/fdog_neighbor_regions/output_debug_tmp_blast_generated/XP_037025795_1_LOC119067126_337/tmp/TRISP_1260884_1/metaeuk/7940771785755962147/tmp_predict/5941302322259867767/nucl_6f --min-length 15 --max-length 32734 --max-gaps 2147483647 --contig-start-mode 2 --contig-end-mode 2 --orf-start-mode 1 --forward-frames 1,2,3 --reverse-frames 1,2,3 --translation-table 1 --translate 0 --use-all-table-starts 0 --id-offset 0 --create-lookup 0 --threads 24 --compressed 0 -v 3 

[=================================================================] 1 0s 16ms
Time for merging to nucl_6f_h: 0h 0m 0s 262ms
Time for merging to nucl_6f: 0h 0m 0s 269ms
Time for processing: 0h 0m 1s 561ms
] 1 0s 4ms
Time for merging to nucl_6f_h: 0h 0m 0s 395ms
Time for merging to nucl_6f: 0h 0m 0s 291ms
Time for processing: 0h 0m 1s 745ms
extractorfs /share/project/mieke/fdog_neighbor_regions/output_debug_tmp_blast_generated/XP_037025795_1_LOC119067126_337/tmp/LYCIN_767460_1/metaeuk/13371526018507353409/contigs /share/project/mieke/fdog_neighbor_regions/output_debug_tmp_blast_generated/XP_037025795_1_LOC119067126_337/tmp/LYCIN_767460_1/metaeuk/13371526018507353409/tmp_predict/2999222634059966266/nucl_6f --min-length 15 --max-length 32734 --max-gaps 2147483647 --contig-start-mode 2 --contig-end-mode 2 --orf-start-mode 1 --forward-frames 1,2,3 --reverse-frames 1,2,3 --translation-table 1 --translate 0 --use-all-table-starts 0 --id-offset 0 --create-lookup 0 --threads 24 --compressed 0 -v 3 

[=================================================================Create directory /share/project/mieke/fdog_neighbor_regions/output_debug_tmp_blast_generated/XP_037025795_1_LOC119067126_337/tmp/PSEHY_35572_1//metaeuk
easy-predict /share/project/mieke/fdog_neighbor_regions/output_debug_tmp_blast_generated/XP_037025795_1_LOC119067126_337/tmp/PSEHY_35572_1/CM055406.1_1.fasta /share/gluster/NOTLOESUNG/freya/uniref100/uniref100 /share/project/mieke/fdog_neighbor_regions/output_debug_tmp_blast_generated/XP_037025795_1_LOC119067126_337/tmp/PSEHY_35572_1/CM055406.1_1 /share/project/mieke/fdog_neighbor_regions/output_debug_tmp_blast_generated/XP_037025795_1_LOC119067126_337/tmp/PSEHY_35572_1//metaeuk --max-intron 130000 --max-seq-len 160000 --min-exon-aa 15 --max-overlap 15 --min-intron 5 --overlap 1 -s 6 --split 0 --remove-tmp-files 

MMseqs Version:                                             	7.bba0d80
Substitution matrix                                         	aa:blosum62.out,nucl:nucleotide.out
Add backtrace                                               	false
Alignment mode                                              	2
Alignment mode                                              	0
Allow wrapped scoring                                       	false
E-value threshold                                           	100
Seq. id. threshold                                          	0
Min alignment length                                        	0
Seq. id. mode                                               	0
Alternative alignments                                      	0
Coverage threshold                                          	0
Coverage mode                                               	0
Max sequence length                                         	160000
Compositional bias                                          	1
Compositional bias                                          	1
Max reject                                                  	2147483647
Max accept                                                  	2147483647
Include identical seq. id.                                  	false
Preload mode                                                	0
Pseudo count a                                              	substitution:1.100,context:1.400
Pseudo count b                                              	substitution:4.100,context:5.800
Score bias                                                  	0
Realign hits                                                	false
Realign score bias                                          	-0.2
Realign max seqs                                            	2147483647
Correlation score weight                                    	0
Gap open cost                                               	aa:11,nucl:5
Gap extension cost                                          	aa:1,nucl:2
Zdrop                                                       	40
Threads                                                     	24
Compressed                                                  	0
Verbosity                                                   	3
Seed substitution matrix                                    	aa:VTML80.out,nucl:nucleotide.out
Sensitivity                                                 	6
k-mer length                                                	0
Target search mode                                          	0
k-score                                                     	seq:2147483647,prof:2147483647
Alphabet size                                               	aa:21,nucl:5
Max results per query                                       	300
Split database                                              	0
Split mode                                                  	2
Split memory limit                                          	0
Diagonal scoring                                            	true
Exact k-mer matching                                        	0
Mask residues                                               	1
Mask residues probability                                   	0.9
Mask lower case residues                                    	0
Minimum diagonal score                                      	15
Selected taxa                                               	
Spaced k-mers                                               	1
Spaced k-mer pattern                                        	
Local temporary path                                        	
Rescore mode                                                	0
Remove hits by seq. id. and coverage                        	false
Sort results                                                	0
Mask profile                                                	1
Profile E-value threshold                                   	0.001
Global sequence weighting                                   	false
Allow deletions                                             	false
Filter MSA                                                  	1
Use filter only at N seqs                                   	0
Maximum seq. id. threshold                                  	0.9
Minimum seq. id.                                            	0.0
Minimum score per column                                    	-20
Minimum coverage                                            	0
Select N most diverse seqs                                  	1000
Pseudo count mode                                           	0
Min codons in orf                                           	15
Max codons in length                                        	32734
Max orf gaps                                                	2147483647
Contig start mode                                           	2
Contig end mode                                             	2
Orf start mode                                              	1
Forward frames                                              	1,2,3
Reverse frames                                              	1,2,3
Translation table                                           	1
Translate orf                                               	0
Use all table starts                                        	false
Offset of numeric ids                                       	0
Create lookup                                               	0
Overlap between sequences                                   	0
Sequence split mode                                         	1
Header split mode                                           	0
Chain overlapping alignments                                	0
Merge query                                                 	1
Search type                                                 	0
Start sensitivity                                           	4
Search steps                                                	1
Prefilter mode                                              	0
Exhaustive search mode                                      	false
Filter results during exhaustive search                     	0
Strand selection                                            	1
LCA search mode                                             	false
Disk space limit                                            	0
MPI runner                                                  	
Force restart with latest tmp                               	false
Remove temporary files                                      	true
maximal combined evalue of an optimal set                   	0.001
minimal length ratio between combined optimal set and target	0.5
Maximal intron length                                       	130000
Minimal intron length                                       	5
Minimal exon length aa                                      	15
Maximal overlap of exons                                    	15
Maximal number of exon sets                                 	1
Gap open penalty                                            	-1
Gap extend penalty                                          	-1
Reverse AA Fragments                                        	0
allow same-strand overlaps                                  	1
translate codons to AAs                                     	0
write target key instead of accession                       	0
write fragment contig coords                                	0
length to scan for start ] 1 0s 72ms
Time for merging to nucl_6f_h: 0h 0m 0s 266ms
Time for merging to nucl_6f: 0h 0m 0s 260ms
Time for processing: 0h 0m 1s 840ms
] 1 0s 3ms
Time for merging to nucl_6f_h: 0h 0m 0s 207ms
Time for merging to nucl_6f: 0h 0m 0s 320ms
Time for processing: 0h 0m 1s 601ms
translatenucs /share/project/mieke/fdog_neighbor_regions/output_debug_tmp_blast_generated/XP_037025795_1_LOC119067126_337/tmp/LYCAG_1887995_1/metaeuk/2553554940869323033/tmp_predict/13645786235860892772/nucl_6f /share/project/mieke/fdog_neighbor_regions/output_debug_tmp_blast_generated/XP_037025795_1_LOC119067126_337/tmp/LYCAG_1887995_1/metaeuk/2553554940869323033/tmp_predict/13645786235860892772/aa_6f --translation-table 1 --add-orf-stop 0 -v 3 --compressed 0 --threads 24 

[=================================================================codon                              	0

] 1 0s 3ms
Time for merging to nucl_6f_h: 0h 0m 0s 231ms
Time for merging to nucl_6f: 0h 0m 0s 323ms
Time for processing: 0h 0m 1s 681ms
translatenucs /share/project/mieke/fdog_neighbor_regions/output_debug_tmp_blast_generated/XP_037025795_1_LOC119067126_337/tmp/BRADE_3151524_1/metaeuk/11991958450541576630/tmp_predict/12516579744984762005/nucl_6f /share/project/mieke/fdog_neighbor_regions/output_debug_tmp_blast_generated/XP_037025795_1_LOC119067126_337/tmp/BRADE_3151524_1/metaeuk/11991958450541576630/tmp_predict/12516579744984762005/aa_6f --translation-table 1 --add-orf-stop 0 -v 3 --compressed 0 --threads 24 

[=============================================================] =21 0s 2ms
===translatenucs /share/project/mieke/fdog_neighbor_regions/output_debug_tmp_blast_generated/XP_037025795_1_LOC119067126_337/tmp/BRAPE_1817611_1/metaeuk/9279789373924736192/tmp_predict/14006475883238658855/nucl_6f /share/project/mieke/fdog_neighbor_regions/output_debug_tmp_blast_generated/XP_037025795_1_LOC119067126_337/tmp/BRAPE_1817611_1/metaeuk/9279789373924736192/tmp_predict/14006475883238658855/aa_6f --translation-table 1 --add-orf-stop 0 -v 3 --compressed 0 --threads 24 

[=================================================================] 1 0s 6ms
Time for merging to nucl_6f_h: 0h 0m 0s 303ms
Time for merging to nucl_6f: 0h 0m 0s 418ms
Time for processing: 0h 0m 1s 674ms
extractorfs /share/project/mieke/fdog_neighbor_regions/output_debug_tmp_blast_generated/XP_037025795_1_LOC119067126_337/tmp/PHYFL_1260839_1/metaeuk/15071872073837552975/contigs /share/project/mieke/fdog_neighbor_regions/output_debug_tmp_blast_generated/XP_037025795_1_LOC119067126_337/tmp/PHYFL_1260839_1/metaeuk/15071872073837552975/tmp_predict/565984664968613402/nucl_6f --min-length 15 --max-length 32734 --max-gaps 2147483647 --contig-start-mode 2 --contig-end-mode 2 --orf-start-mode 1 --forward-frames 1,2,3 --reverse-frames 1,2,3 --translation-table 1 --translate 0 --use-all-table-starts 0 --id-offset 0 --create-lookup 0 --threads 24 --compressed 0 -v 3 

[=================================================================translatenucs /share/project/mieke/fdog_neighbor_regions/output_debug_tmp_blast_generated/XP_037025795_1_LOC119067126_337/tmp/BRAAL_1260807_1/metaeuk/8316577926661635596/tmp_predict/12166321299720403670/nucl_6f /share/project/mieke/fdog_neighbor_regions/output_debug_tmp_blast_generated/XP_037025795_1_LOC119067126_337/tmp/BRAAL_1260807_1/metaeuk/8316577926661635596/tmp_predict/12166321299720403670/aa_6f --translation-table 1 --add-orf-stop 0 -v 3 --compressed 0 --threads 24 

[=================================================================translatenucs /share/project/mieke/fdog_neighbor_regions/output_debug_tmp_blast_generated/XP_037025795_1_LOC119067126_337/tmp/BRAOC_1260802_1/metaeuk/10757045944738726513/tmp_predict/13733860033898632485/nucl_6f /share/project/mieke/fdog_neighbor_regions/output_debug_tmp_blast_generated/XP_037025795_1_LOC119067126_337/tmp/BRAOC_1260802_1/metaeuk/10757045944738726513/tmp_predict/13733860033898632485/aa_6f --translation-table 1 --add-orf-stop 0 -v 3 --compressed 0 --threads 24 

[===============================================================] 601 0s 2ms
==] 1 0s 4ms
Time for merging to nucl_6f_h: 0h 0m 0s 290ms
Time for merging to nucl_6f: 0h 0m 0s 411ms
Time for processing: 0h 0m 1s 476ms
translatenucs /share/project/mieke/fdog_neighbor_regions/output_debug_tmp_blast_generated/XP_037025795_1_LOC119067126_337/tmp/BRACO_1817600_1/metaeuk/12318937100252227209/tmp_predict/2154823038679011762/nucl_6f /share/project/mieke/fdog_neighbor_regions/output_debug_tmp_blast_generated/XP_037025795_1_LOC119067126_337/tmp/BRACO_1817600_1/metaeuk/12318937100252227209/tmp_predict/2154823038679011762/aa_6f --translation-table 1 --add-orf-stop 0 -v 3 --compressed 0 --threads 24 

[=================================================================Time for merging to aa_6f: 0h 0m 0s 302ms
Time for processing: 0h 0m 0s 785ms
] 82 0s 5ms
Time for merging to aa_6f: 0h 0m 0s 370ms
Time for processing: 0h 0m 0s 935ms
translatenucs /share/project/mieke/fdog_neighbor_regions/output_debug_tmp_blast_generated/XP_037025795_1_LOC119067126_337/tmp/BRAOD_1564500_1/metaeuk/11987958686604171584/tmp_predict/15052227674240395495/nucl_6f /share/project/mieke/fdog_neighbor_regions/output_debug_tmp_blast_generated/XP_037025795_1_LOC119067126_337/tmp/BRAOD_1564500_1/metaeuk/11987958686604171584/tmp_predict/15052227674240395495/aa_6f --translation-table 1 --add-orf-stop 0 -v 3 --compressed 0 --threads 24 

[=================================================================Create directory /share/project/mieke/fdog_neighbor_regions/output_debug_tmp_blast_generated/XP_037025795_1_LOC119067126_337/tmp/LYCAG_1887995_1/metaeuk/2553554940869323033/tmp_predict/13645786235860892772/tmp_search
search /share/project/mieke/fdog_neighbor_regions/output_debug_tmp_blast_generated/XP_037025795_1_LOC119067126_337/tmp/LYCAG_1887995_1/metaeuk/2553554940869323033/tmp_predict/13645786235860892772/aa_6f /share/gluster/NOTLOESUNG/freya/uniref100/uniref100 /share/project/mieke/fdog_neighbor_regions/output_debug_tmp_blast_generated/XP_037025795_1_LOC119067126_337/tmp/LYCAG_1887995_1/metaeuk/2553554940869323033/tmp_predict/13645786235860892772/search_res /share/project/mieke/fdog_neighbor_regions/output_debug_tmp_blast_generated/XP_037025795_1_LOC119067126_337/tmp/LYCAG_1887995_1/metaeuk/2553554940869323033/tmp_predict/13645786235860892772/tmp_search --sub-mat 'aa:blosum62.out,nucl:nucleotide.out' -a 0 --alignment-mode 2 --alignment-output-mode 0 --wrapped-scoring 0 -e 100 --min-seq-id 0 --min-aln-len 15 --seq-id-mode 0 --alt-ali 0 -c 0 --cov-mode 0 --max-seq-len 160000 --comp-bias-corr 1 --comp-bias-corr-scale 1 --max-rejected 2147483647 --max-accept 2147483647 --add-self-matches 0 --db-load-mode 0 --pca substitution:1.100,context:1.400 --pcb substitution:4.100,context:5.800 --score-bias 0 --realign 0 --realign-score-bias -0.2 --realign-max-seqs 2147483647 --corr-score-weight 0 --gap-open aa:11,nucl:5 --gap-extend aa:1,nucl:2 --zdrop 40 --threads 24 --compressed 0 -v 3 --seed-sub-mat 'aa:VTML80.out,nucl:nucleotide.out' -s 6 -k 0 --target-search-mode 0 --k-score seq:2147483647,prof:2147483647 --alph-size aa:21,nucl:5 --max-seqs 300 --split 0 --split-mode 2 --split-memory-limit 0 --diag-score 1 --exact-kmer-matching 0 --mask 1 --mask-prob 0.9 --mask-lower-case 0 --min-ungapped-score 15 --spaced-kmer-mode 1 --rescore-mode 0 --filter-hits 0 --sort-results 0 --mask-profile 1 --e-profile 0.001 --wg 0 --allow-deletion 0 --filter-msa 1 --filter-min-enable 0 --max-seq-id 0.9 --qid '0.0' --qsc -20 --cov 0 --diff 1000 --pseudo-cnt-mode 0 --min-length 15 --max-length 32734 --max-gaps 2147483647 --contig-start-mode 2 --contig-end-mode 2 --orf-start-mode 1 --forward-frames 1,2,3 --reverse-frames 1,2,3 --translation-table 1 --translate 0 --use-all-table-starts 0 --id-offset 0 --create-lookup 0 --add-orf-stop 0 --sequence-overlap 0 --sequence-split-mode 1 --headers-split-mode 0 --chain-alignments 0 --merge-query 1 --search-type 0 --num-iterations 1 --start-sens 4 --sens-steps 1 --prefilter-mode 0 --exhaustive-search 0 --exhaustive-search-filter 0 --strand 1 --lca-search 0 --disk-space-limit 0 --force-reuse 0 --remove-tmp-files 1 

Create directory /share/project/mieke/fdog_neighbor_regions/output_debug_tmp_blast_generated/XP_037025795_1_LOC119067126_337/tmp/BRADE_3151524_1/metaeuk/11991958450541576630/tmp_predict/12516579744984762005/tmp_search
search /share/project/mieke/fdog_neighbor_regions/output_debug_tmp_blast_generated/XP_037025795_1_LOC119067126_337/tmp/BRADE_3151524_1/metaeuk/11991958450541576630/tmp_predict/12516579744984762005/aa_6f /share/gluster/NOTLOESUNG/freya/uniref100/uniref100 /share/project/mieke/fdog_neighbor_regions/output_debug_tmp_blast_generated/XP_037025795_1_LOC119067126_337/tmp/BRADE_3151524_1/metaeuk/11991958450541576630/tmp_predict/12516579744984762005/search_res /share/project/mieke/fdog_neighbor_regions/output_debug_tmp_blast_generated/XP_037025795_1_LOC119067126_337/tmp/BRADE_3151524_1/metaeuk/11991958450541576630/tmp_predict/12516579744984762005/tmp_search --sub-mat 'aa:blosum62.out,nucl:nucleotide.out' -a 0 --alignment-mode 2 --alignment-output-mode 0 --wrapped-scoring 0 -e 100 --min-seq-id 0 --min-aln-len 15 --seq-id-mode 0 --alt-ali 0 -c 0 --cov-mode 0 --max-seq-len 160000 --comp-bias-corr 1 --comp-bias-corr-scale 1 --max-rejected 2147483647 --max-accept 2147483647 --add-self-matches 0 --db-load-mode 0 --pca substitution:1.100,context:1.400 --pcb substitution:4.100,context:5.800 --score-bias 0 --realign 0 --realign-score-bias -0.2 --realign-max-seqs 2147483647 --corr-score-weight 0 --gap-open aa:11,nucl:5 --gap-extend aa:1,nucl:2 --zdrop 40 --threads 24 --compressed 0 -v 3 --seed-sub-mat 'aa:VTML80.out,nucl:nucleotide.out' -s 6 -k 0 --target-search-mode 0 --k-score seq:2147483647,prof:2147483647 --alph-size aa:21,nucl:5 --max-seqs 300 --split 0 --split-mode 2 --split-memory-limit 0 --diag-score 1 --exact-kmer-matching 0 --mask 1 --mask-prob 0.9 --mask-lower-case 0 --min-ungapped-score 15 --spaced-kmer-mode 1 --rescore-mode 0 --filter-hits 0 --sort-results 0 --mask-profile 1 --e-profile 0.001 --wg 0 --allow-deletion 0 --filter-msa 1 --filter-min-enable 0 --max-seq-id 0.9 --qid '0.0' --qsc -20 --cov 0 --diff 1000 --pseudo-cnt-mode 0 --min-length 15 --max-length 32734 --max-gaps 2147483647 --contig-start-mode 2 --contig-end-mode 2 --orf-start-mode 1 --forward-frames 1,2,3 --reverse-frames 1,2,3 --translation-table 1 --translate 0 --use-all-table-starts 0 --id-offset 0 --create-lookup 0 --add-orf-stop 0 --sequence-overlap 0 --sequence-split-mode 1 --headers-split-mode 0 --chain-alignments 0 --merge-query 1 --search-type 0 --num-iterations 1 --start-sens 4 --sens-steps 1 --prefilter-mode 0 --exhaustive-search 0 --exhaustive-search-filter 0 --strand 1 --lca-search 0 --disk-space-limit 0 --force-reuse 0 --remove-tmp-files 1 

] 1.17K 0s 2ms
Time for merging to aa_6f: 0h 0m 0s 307ms
Time for processing: 0h 0m 0s 841ms
createdb /share/project/mieke/fdog_neighbor_regions/output_debug_tmp_blast_generated/XP_037025795_1_LOC119067126_337/tmp/BRAIM_335710_1/OZ247434.1_1.fasta /share/project/mieke/fdog_neighbor_regions/output_debug_tmp_blast_generated/XP_037025795_1_LOC119067126_337/tmp/BRAIM_335710_1//metaeuk/10829575876154686708/contigs --dbtype 2 --compressed 0 -v 3 

Converting sequences
[
Time for merging to contigs_h: 0h 0m 0s 455ms
Time for merging to contigs: 0h 0m 0s 370ms
Database type: Nucleotide
Time for processing: 0h 0m 1s 854ms
] 1 0s 3ms
Time for merging to nucl_6f_h: 0h 0m 0s 354ms
Time for merging to nucl_6f: 0h 0m 0s 310ms
Time for processing: 0h 0m 1s 525ms
Create directory /share/project/mieke/fdog_neighbor_regions/output_debug_tmp_blast_generated/XP_037025795_1_LOC119067126_337/tmp/BRAPE_1817611_1/metaeuk/9279789373924736192/tmp_predict/14006475883238658855/tmp_search
search /share/project/mieke/fdog_neighbor_regions/output_debug_tmp_blast_generated/XP_037025795_1_LOC119067126_337/tmp/BRAPE_1817611_1/metaeuk/9279789373924736192/tmp_predict/14006475883238658855/aa_6f /share/gluster/NOTLOESUNG/freya/uniref100/uniref100 /share/project/mieke/fdog_neighbor_regions/output_debug_tmp_blast_generated/XP_037025795_1_LOC119067126_337/tmp/BRAPE_1817611_1/metaeuk/9279789373924736192/tmp_predict/14006475883238658855/search_res /share/project/mieke/fdog_neighbor_regions/output_debug_tmp_blast_generated/XP_037025795_1_LOC119067126_337/tmp/BRAPE_1817611_1/metaeuk/9279789373924736192/tmp_predict/14006475883238658855/tmp_search --sub-mat 'aa:blosum62.out,nucl:nucleotide.out' -a 0 --alignment-mode 2 --alignment-output-mode 0 --wrapped-scoring 0 -e 100 --min-seq-id 0 --min-aln-len 15 --seq-id-mode 0 --alt-ali 0 -c 0 --cov-mode 0 --max-seq-len 160000 --comp-bias-corr 1 --comp-bias-corr-scale 1 --max-rejected 2147483647 --max-accept 2147483647 --add-self-matches 0 --db-load-mode 0 --pca substitution:1.100,context:1.400 --pcb substitution:4.100,context:5.800 --score-bias 0 --realign 0 --realign-score-bias -0.2 --realign-max-seqs 2147483647 --corr-score-weight 0 --gap-open aa:11,nucl:5 --gap-extend aa:1,nucl:2 --zdrop 40 --threads 24 --compressed 0 -v 3 --seed-sub-mat 'aa:VTML80.out,nucl:nucleotide.out' -s 6 -k 0 --target-search-mode 0 --k-score seq:2147483647,prof:2147483647 --alph-size aa:21,nucl:5 --max-seqs 300 --split 0 --split-mode 2 --split-memory-limit 0 --diag-score 1 --exact-kmer-matching 0 --mask 1 --mask-prob 0.9 --mask-lower-case 0 --min-ungapped-score 15 --spaced-kmer-mode 1 --rescore-mode 0 --filter-hits 0 --sort-results 0 --mask-profile 1 --e-profile 0.001 --wg 0 --allow-deletion 0 --filter-msa 1 --filter-min-enable 0 --max-seq-id 0.9 --qid '0.0' --qsc -20 --cov 0 --diff 1000 --pseudo-cnt-mode 0 --min-length 15 --max-length 32734 --max-gaps 2147483647 --contig-start-mode 2 --contig-end-mode 2 --orf-start-mode 1 --forward-frames 1,2,3 --reverse-frames 1,2,3 --translation-table 1 --translate 0 --use-all-table-starts 0 --id-offset 0 --create-lookup 0 --add-orf-stop 0 --sequence-overlap 0 --sequence-split-mode 1 --headers-split-mode 0 --chain-alignments 0 --merge-query 1 --search-type 0 --num-iterations 1 --start-sens 4 --sens-steps 1 --prefilter-mode 0 --exhaustive-search 0 --exhaustive-search-filter 0 --strand 1 --lca-search 0 --disk-space-limit 0 --force-reuse 0 --remove-tmp-files 1 

Create directory /share/project/mieke/fdog_neighbor_regions/output_debug_tmp_blast_generated/XP_037025795_1_LOC119067126_337/tmp/BRAIM_335710_1//metaeuk/10829575876154686708/tmp_predict
predictexons /share/project/mieke/fdog_neighbor_regions/output_debug_tmp_blast_generated/XP_037025795_1_LOC119067126_337/tmp/BRAIM_335710_1//metaeuk/10829575876154686708/contigs /share/gluster/NOTLOESUNG/freya/uniref100/uniref100 /share/project/mieke/fdog_neighbor_regions/output_debug_tmp_blast_generated/XP_037025795_1_LOC119067126_337/tmp/BRAIM_335710_1//metaeuk/10829575876154686708/MetaEuk_calls /share/project/mieke/fdog_neighbor_regions/output_debug_tmp_blast_generated/XP_037025795_1_LOC119067126_337/tmp/BRAIM_335710_1//metaeuk/10829575876154686708/tmp_predict --sub-mat 'aa:blosum62.out,nucl:nucleotide.out' -a 0 --alignment-mode 2 --alignment-output-mode 0 --wrapped-scoring 0 -e 100 --min-seq-id 0 --min-aln-len 0 --seq-id-mode 0 --alt-ali 0 -c 0 --cov-mode 0 --max-seq-len 160000 --comp-bias-corr 1 --comp-bias-corr-scale 1 --max-rejected 2147483647 --max-accept 2147483647 --add-self-matches 0 --db-load-mode 0 --pca substitution:1.100,context:1.400 --pcb substitution:4.100,context:5.800 --score-bias 0 --realign 0 --realign-score-bias -0.2 --realign-max-seqs 2147483647 --corr-score-weight 0 --gap-open aa:11,nucl:5 --gap-extend aa:1,nucl:2 --zdrop 40 --threads 24 --compressed 0 -v 3 --seed-sub-mat 'aa:VTML80.out,nucl:nucleotide.out' -s 6 -k 0 --target-search-mode 0 --k-score seq:2147483647,prof:2147483647 --alph-size aa:21,nucl:5 --max-seqs 300 --split 0 --split-mode 2 --split-memory-limit 0 --diag-score 1 --exact-kmer-matching 0 --mask 1 --mask-prob 0.9 --mask-lower-case 0 --min-ungapped-score 15 --spaced-kmer-mode 1 --rescore-mode 0 --filter-hits 0 --sort-results 0 --mask-profile 1 --e-profile 0.001 --wg 0 --allow-deletion 0 --filter-msa 1 --filter-min-enable 0 --max-seq-id 0.9 --qid '0.0' --qsc -20 --cov 0 --diff 1000 --pseudo-cnt-mode 0 --min-length 15 --max-length 32734 --max-gaps 2147483647 --contig-start-mode 2 --contig-end-mode 2 --orf-start-mode 1 --forward-frames 1,2,3 --reverse-frames 1,2,3 --translation-table 1 --translate 0 --use-all-table-starts 0 --id-offset 0 --create-lookup 0 --sequence-overlap 0 --sequence-split-mode 1 --headers-split-mode 0 --chain-alignments 0 --merge-query 1 --search-type 0 --start-sens 4 --sens-steps 1 --prefilter-mode 0 --exhaustive-search 0 --exhaustive-search-filter 0 --strand 1 --lca-search 0 --disk-space-limit 0 --force-reuse 0 --remove-tmp-files 1 --metaeuk-eval 0.001 --metaeuk-tcov 0.5 --max-intron 130000 --min-intron 5 --min-exon-aa 15 --max-overlap 15 --max-exon-sets 1 --set-gap-open -1 --set-gap-extend -1 --reverse-fragments 0 

] 1.30K 0s 3ms
Time for merging to aa_6f: 0h 0m 0s 335ms
Time for processing: 0h 0m 0s 826ms
translatenucs /share/project/mieke/fdog_neighbor_regions/output_debug_tmp_blast_generated/XP_037025795_1_LOC119067126_337/tmp/TRISP_1260884_1/metaeuk/7940771785755962147/tmp_predict/5941302322259867767/nucl_6f /share/project/mieke/fdog_neighbor_regions/output_debug_tmp_blast_generated/XP_037025795_1_LOC119067126_337/tmp/TRISP_1260884_1/metaeuk/7940771785755962147/tmp_predict/5941302322259867767/aa_6f --translation-table 1 --add-orf-stop 0 -v 3 --compressed 0 --threads 24 

[=================================================================Time for merging to aa_6f: 0h 0m 0s 265ms
Time for processing: 0h 0m 0s 817ms
Create directory /share/project/mieke/fdog_neighbor_regions/output_debug_tmp_blast_generated/XP_037025795_1_LOC119067126_337/tmp/BRAAL_1260807_1/metaeuk/8316577926661635596/tmp_predict/12166321299720403670/tmp_search
search /share/project/mieke/fdog_neighbor_regions/output_debug_tmp_blast_generated/XP_037025795_1_LOC119067126_337/tmp/BRAAL_1260807_1/metaeuk/8316577926661635596/tmp_predict/12166321299720403670/aa_6f /share/gluster/NOTLOESUNG/freya/uniref100/uniref100 /share/project/mieke/fdog_neighbor_regions/output_debug_tmp_blast_generated/XP_037025795_1_LOC119067126_337/tmp/BRAAL_1260807_1/metaeuk/8316577926661635596/tmp_predict/12166321299720403670/search_res /share/project/mieke/fdog_neighbor_regions/output_debug_tmp_blast_generated/XP_037025795_1_LOC119067126_337/tmp/BRAAL_1260807_1/metaeuk/8316577926661635596/tmp_predict/12166321299720403670/tmp_search --sub-mat 'aa:blosum62.out,nucl:nucleotide.out' -a 0 --alignment-mode 2 --alignment-output-mode 0 --wrapped-scoring 0 -e 100 --min-seq-id 0 --min-aln-len 15 --seq-id-mode 0 --alt-ali 0 -c 0 --cov-mode 0 --max-seq-len 160000 --comp-bias-corr 1 --comp-bias-corr-scale 1 --max-rejected 2147483647 --max-accept 2147483647 --add-self-matches 0 --db-load-mode 0 --pca substitution:1.100,context:1.400 --pcb substitution:4.100,context:5.800 --score-bias 0 --realign 0 --realign-score-bias -0.2 --realign-max-seqs 2147483647 --corr-score-weight 0 --gap-open aa:11,nucl:5 --gap-extend aa:1,nucl:2 --zdrop 40 --threads 24 --compressed 0 -v 3 --seed-sub-mat 'aa:VTML80.out,nucl:nucleotide.out' -s 6 -k 0 --target-search-mode 0 --k-score seq:2147483647,prof:2147483647 --alph-size aa:21,nucl:5 --max-seqs 300 --split 0 --split-mode 2 --split-memory-limit 0 --diag-score 1 --exact-kmer-matching 0 --mask 1 --mask-prob 0.9 --mask-lower-case 0 --min-ungapped-score 15 --spaced-kmer-mode 1 --rescore-mode 0 --filter-hits 0 --sort-results 0 --mask-profile 1 --e-profile 0.001 --wg 0 --allow-deletion 0 --filter-msa 1 --filter-min-enable 0 --max-seq-id 0.9 --qid '0.0' --qsc -20 --cov 0 --diff 1000 --pseudo-cnt-mode 0 --min-length 15 --max-length 32734 --max-gaps 2147483647 --contig-start-mode 2 --contig-end-mode 2 --orf-start-mode 1 --forward-frames 1,2,3 --reverse-frames 1,2,3 --translation-table 1 --translate 0 --use-all-table-starts 0 --id-offset 0 --create-lookup 0 --add-orf-stop 0 --sequence-overlap 0 --sequence-split-mode 1 --headers-split-mode 0 --chain-alignments 0 --merge-query 1 --search-type 0 --num-iterations 1 --start-sens 4 --sens-steps 1 --prefilter-mode 0 --exhaustive-search 0 --exhaustive-search-filter 0 --strand 1 --lca-search 0 --disk-space-limit 0 --force-reuse 0 --remove-tmp-files 1 

Create directory /share/project/mieke/fdog_neighbor_regions/output_debug_tmp_blast_generated/XP_037025795_1_LOC119067126_337/tmp/BRAOC_1260802_1/metaeuk/10757045944738726513/tmp_predict/13733860033898632485/tmp_search
search /share/project/mieke/fdog_neighbor_regions/output_debug_tmp_blast_generated/XP_037025795_1_LOC119067126_337/tmp/BRAOC_1260802_1/metaeuk/10757045944738726513/tmp_predict/13733860033898632485/aa_6f /share/gluster/NOTLOESUNG/freya/uniref100/uniref100 /share/project/mieke/fdog_neighbor_regions/output_debug_tmp_blast_generated/XP_037025795_1_LOC119067126_337/tmp/BRAOC_1260802_1/metaeuk/10757045944738726513/tmp_predict/13733860033898632485/search_res /share/project/mieke/fdog_neighbor_regions/output_debug_tmp_blast_generated/XP_037025795_1_LOC119067126_337/tmp/BRAOC_1260802_1/metaeuk/10757045944738726513/tmp_predict/13733860033898632485/tmp_search --sub-mat 'aa:blosum62.out,nucl:nucleotide.out' -a 0 --alignment-mode 2 --alignment-output-mode 0 --wrapped-scoring 0 -e 100 --min-seq-id 0 --min-aln-len 15 --seq-id-mode 0 --alt-ali 0 -c 0 --cov-mode 0 --max-seq-len 160000 --comp-bias-corr 1 --comp-bias-corr-scale 1 --max-rejected 2147483647 --max-accept 2147483647 --add-self-matches 0 --db-load-mode 0 --pca substitution:1.100,context:1.400 --pcb substitution:4.100,context:5.800 --score-bias 0 --realign 0 --realign-score-bias -0.2 --realign-max-seqs 2147483647 --corr-score-weight 0 --gap-open aa:11,nucl:5 --gap-extend aa:1,nucl:2 --zdrop 40 --threads 24 --compressed 0 -v 3 --seed-sub-mat 'aa:VTML80.out,nucl:nucleotide.out' -s 6 -k 0 --target-search-mode 0 --k-score seq:2147483647,prof:2147483647 --alph-size aa:21,nucl:5 --max-seqs 300 --split 0 --split-mode 2 --split-memory-limit 0 --diag-score 1 --exact-kmer-matching 0 --mask 1 --mask-prob 0.9 --mask-lower-case 0 --min-ungapped-score 15 --spaced-kmer-mode 1 --rescore-mode 0 --filter-hits 0 --sort-results 0 --mask-profile 1 --e-profile 0.001 --wg 0 --allow-deletion 0 --filter-msa 1 --filter-min-enable 0 --max-seq-id 0.9 --qid '0.0' --qsc -20 --cov 0 --diff 1000 --pseudo-cnt-mode 0 --min-length 15 --max-length 32734 --max-gaps 2147483647 --contig-start-mode 2 --contig-end-mode 2 --orf-start-mode 1 --forward-frames 1,2,3 --reverse-frames 1,2,3 --translation-table 1 --translate 0 --use-all-table-starts 0 --id-offset 0 --create-lookup 0 --add-orf-stop 0 --sequence-overlap 0 --sequence-split-mode 1 --headers-split-mode 0 --chain-alignments 0 --merge-query 1 --search-type 0 --num-iterations 1 --start-sens 4 --sens-steps 1 --prefilter-mode 0 --exhaustive-search 0 --exhaustive-search-filter 0 --strand 1 --lca-search 0 --disk-space-limit 0 --force-reuse 0 --remove-tmp-files 1 

translatenucs /share/project/mieke/fdog_neighbor_regions/output_debug_tmp_blast_generated/XP_037025795_1_LOC119067126_337/tmp/LYCIN_767460_1/metaeuk/13371526018507353409/tmp_predict/2999222634059966266/nucl_6f /share/project/mieke/fdog_neighbor_regions/output_debug_tmp_blast_generated/XP_037025795_1_LOC119067126_337/tmp/LYCIN_767460_1/metaeuk/13371526018507353409/tmp_predict/2999222634059966266/aa_6f --translation-table 1 --add-orf-stop 0 -v 3 --compressed 0 --threads 24 

[=================================================================] 1.87K 0s 3ms
Time for merging to aa_6f: 0h 0m 0s 205ms
Time for processing: 0h 0m 0s 651ms
] 1 0s 7ms
Time for merging to nucl_6f_h: 0h 0m 0s 290ms
Time for merging to nucl_6f: 0h 0m 0s 201ms
Time for processing: 0h 0m 1s 436ms
] 269 0s 8ms
Time for merging to aa_6f: 0h 0m 0s 203ms
Time for processing: 0h 0m 0s 860ms
Create directory /share/project/mieke/fdog_neighbor_regions/output_debug_tmp_blast_generated/XP_037025795_1_LOC119067126_337/tmp/BRAOD_1564500_1/metaeuk/11987958686604171584/tmp_predict/15052227674240395495/tmp_search
search /share/project/mieke/fdog_neighbor_regions/output_debug_tmp_blast_generated/XP_037025795_1_LOC119067126_337/tmp/BRAOD_1564500_1/metaeuk/11987958686604171584/tmp_predict/15052227674240395495/aa_6f /share/gluster/NOTLOESUNG/freya/uniref100/uniref100 /share/project/mieke/fdog_neighbor_regions/output_debug_tmp_blast_generated/XP_037025795_1_LOC119067126_337/tmp/BRAOD_1564500_1/metaeuk/11987958686604171584/tmp_predict/15052227674240395495/search_res /share/project/mieke/fdog_neighbor_regions/output_debug_tmp_blast_generated/XP_037025795_1_LOC119067126_337/tmp/BRAOD_1564500_1/metaeuk/11987958686604171584/tmp_predict/15052227674240395495/tmp_search --sub-mat 'aa:blosum62.out,nucl:nucleotide.out' -a 0 --alignment-mode 2 --alignment-output-mode 0 --wrapped-scoring 0 -e 100 --min-seq-id 0 --min-aln-len 15 --seq-id-mode 0 --alt-ali 0 -c 0 --cov-mode 0 --max-seq-len 160000 --comp-bias-corr 1 --comp-bias-corr-scale 1 --max-rejected 2147483647 --max-accept 2147483647 --add-self-matches 0 --db-load-mode 0 --pca substitution:1.100,context:1.400 --pcb substitution:4.100,context:5.800 --score-bias 0 --realign 0 --realign-score-bias -0.2 --realign-max-seqs 2147483647 --corr-score-weight 0 --gap-open aa:11,nucl:5 --gap-extend aa:1,nucl:2 --zdrop 40 --threads 24 --compressed 0 -v 3 --seed-sub-mat 'aa:VTML80.out,nucl:nucleotide.out' -s 6 -k 0 --target-search-mode 0 --k-score seq:2147483647,prof:2147483647 --alph-size aa:21,nucl:5 --max-seqs 300 --split 0 --split-mode 2 --split-memory-limit 0 --diag-score 1 --exact-kmer-matching 0 --mask 1 --mask-prob 0.9 --mask-lower-case 0 --min-ungapped-score 15 --spaced-kmer-mode 1 --rescore-mode 0 --filter-hits 0 --sort-results 0 --mask-profile 1 --e-profile 0.001 --wg 0 --allow-deletion 0 --filter-msa 1 --filter-min-enable 0 --max-seq-id 0.9 --qid '0.0' --qsc -20 --cov 0 --diff 1000 --pseudo-cnt-mode 0 --min-length 15 --max-length 32734 --max-gaps 2147483647 --contig-start-mode 2 --contig-end-mode 2 --orf-start-mode 1 --forward-frames 1,2,3 --reverse-frames 1,2,3 --translation-table 1 --translate 0 --use-all-table-starts 0 --id-offset 0 --create-lookup 0 --add-orf-stop 0 --sequence-overlap 0 --sequence-split-mode 1 --headers-split-mode 0 --chain-alignments 0 --merge-query 1 --search-type 0 --num-iterations 1 --start-sens 4 --sens-steps 1 --prefilter-mode 0 --exhaustive-search 0 --exhaustive-search-filter 0 --strand 1 --lca-search 0 --disk-space-limit 0 --force-reuse 0 --remove-tmp-files 1 

] 98 0s 2ms
Time for merging to aa_6f: 0h 0m 0s 202ms
Time for processing: 0h 0m 0s 504ms
Create directory /share/project/mieke/fdog_neighbor_regions/output_debug_tmp_blast_generated/XP_037025795_1_LOC119067126_337/tmp/BRACO_1817600_1/metaeuk/12318937100252227209/tmp_predict/2154823038679011762/tmp_search
search /share/project/mieke/fdog_neighbor_regions/output_debug_tmp_blast_generated/XP_037025795_1_LOC119067126_337/tmp/BRACO_1817600_1/metaeuk/12318937100252227209/tmp_predict/2154823038679011762/aa_6f /share/gluster/NOTLOESUNG/freya/uniref100/uniref100 /share/project/mieke/fdog_neighbor_regions/output_debug_tmp_blast_generated/XP_037025795_1_LOC119067126_337/tmp/BRACO_1817600_1/metaeuk/12318937100252227209/tmp_predict/2154823038679011762/search_res /share/project/mieke/fdog_neighbor_regions/output_debug_tmp_blast_generated/XP_037025795_1_LOC119067126_337/tmp/BRACO_1817600_1/metaeuk/12318937100252227209/tmp_predict/2154823038679011762/tmp_search --sub-mat 'aa:blosum62.out,nucl:nucleotide.out' -a 0 --alignment-mode 2 --alignment-output-mode 0 --wrapped-scoring 0 -e 100 --min-seq-id 0 --min-aln-len 15 --seq-id-mode 0 --alt-ali 0 -c 0 --cov-mode 0 --max-seq-len 160000 --comp-bias-corr 1 --comp-bias-corr-scale 1 --max-rejected 2147483647 --max-accept 2147483647 --add-self-matches 0 --db-load-mode 0 --pca substitution:1.100,context:1.400 --pcb substitution:4.100,context:5.800 --score-bias 0 --realign 0 --realign-score-bias -0.2 --realign-max-seqs 2147483647 --corr-score-weight 0 --gap-open aa:11,nucl:5 --gap-extend aa:1,nucl:2 --zdrop 40 --threads 24 --compressed 0 -v 3 --seed-sub-mat 'aa:VTML80.out,nucl:nucleotide.out' -s 6 -k 0 --target-search-mode 0 --k-score seq:2147483647,prof:2147483647 --alph-size aa:21,nucl:5 --max-seqs 300 --split 0 --split-mode 2 --split-memory-limit 0 --diag-score 1 --exact-kmer-matching 0 --mask 1 --mask-prob 0.9 --mask-lower-case 0 --min-ungapped-score 15 --spaced-kmer-mode 1 --rescore-mode 0 --filter-hits 0 --sort-results 0 --mask-profile 1 --e-profile 0.001 --wg 0 --allow-deletion 0 --filter-msa 1 --filter-min-enable 0 --max-seq-id 0.9 --qid '0.0' --qsc -20 --cov 0 --diff 1000 --pseudo-cnt-mode 0 --min-length 15 --max-length 32734 --max-gaps 2147483647 --contig-start-mode 2 --contig-end-mode 2 --orf-start-mode 1 --forward-frames 1,2,3 --reverse-frames 1,2,3 --translation-table 1 --translate 0 --use-all-table-starts 0 --id-offset 0 --create-lookup 0 --add-orf-stop 0 --sequence-overlap 0 --sequence-split-mode 1 --headers-split-mode 0 --chain-alignments 0 --merge-query 1 --search-type 0 --num-iterations 1 --start-sens 4 --sens-steps 1 --prefilter-mode 0 --exhaustive-search 0 --exhaustive-search-filter 0 --strand 1 --lca-search 0 --disk-space-limit 0 --force-reuse 0 --remove-tmp-files 1 

Create directory /share/project/mieke/fdog_neighbor_regions/output_debug_tmp_blast_generated/XP_037025795_1_LOC119067126_337/tmp/TRISP_1260884_1/metaeuk/7940771785755962147/tmp_predict/5941302322259867767/tmp_search
search /share/project/mieke/fdog_neighbor_regions/output_debug_tmp_blast_generated/XP_037025795_1_LOC119067126_337/tmp/TRISP_1260884_1/metaeuk/7940771785755962147/tmp_predict/5941302322259867767/aa_6f /share/gluster/NOTLOESUNG/freya/uniref100/uniref100 /share/project/mieke/fdog_neighbor_regions/output_debug_tmp_blast_generated/XP_037025795_1_LOC119067126_337/tmp/TRISP_1260884_1/metaeuk/7940771785755962147/tmp_predict/5941302322259867767/search_res /share/project/mieke/fdog_neighbor_regions/output_debug_tmp_blast_generated/XP_037025795_1_LOC119067126_337/tmp/TRISP_1260884_1/metaeuk/7940771785755962147/tmp_predict/5941302322259867767/tmp_search --sub-mat 'aa:blosum62.out,nucl:nucleotide.out' -a 0 --alignment-mode 2 --alignment-output-mode 0 --wrapped-scoring 0 -e 100 --min-seq-id 0 --min-aln-len 15 --seq-id-mode 0 --alt-ali 0 -c 0 --cov-mode 0 --max-seq-len 160000 --comp-bias-corr 1 --comp-bias-corr-scale 1 --max-rejected 2147483647 --max-accept 2147483647 --add-self-matches 0 --db-load-mode 0 --pca substitution:1.100,context:1.400 --pcb substitution:4.100,context:5.800 --score-bias 0 --realign 0 --realign-score-bias -0.2 --realign-max-seqs 2147483647 --corr-score-weight 0 --gap-open aa:11,nucl:5 --gap-extend aa:1,nucl:2 --zdrop 40 --threads 24 --compressed 0 -v 3 --seed-sub-mat 'aa:VTML80.out,nucl:nucleotide.out' -s 6 -k 0 --target-search-mode 0 --k-score seq:2147483647,prof:2147483647 --alph-size aa:21,nucl:5 --max-seqs 300 --split 0 --split-mode 2 --split-memory-limit 0 --diag-score 1 --exact-kmer-matching 0 --mask 1 --mask-prob 0.9 --mask-lower-case 0 --min-ungapped-score 15 --spaced-kmer-mode 1 --rescore-mode 0 --filter-hits 0 --sort-results 0 --mask-profile 1 --e-profile 0.001 --wg 0 --allow-deletion 0 --filter-msa 1 --filter-min-enable 0 --max-seq-id 0.9 --qid '0.0' --qsc -20 --cov 0 --diff 1000 --pseudo-cnt-mode 0 --min-length 15 --max-length 32734 --max-gaps 2147483647 --contig-start-mode 2 --contig-end-mode 2 --orf-start-mode 1 --forward-frames 1,2,3 --reverse-frames 1,2,3 --translation-table 1 --translate 0 --use-all-table-starts 0 --id-offset 0 --create-lookup 0 --add-orf-stop 0 --sequence-overlap 0 --sequence-split-mode 1 --headers-split-mode 0 --chain-alignments 0 --merge-query 1 --search-type 0 --num-iterations 1 --start-sens 4 --sens-steps 1 --prefilter-mode 0 --exhaustive-search 0 --exhaustive-search-filter 0 --strand 1 --lca-search 0 --disk-space-limit 0 --force-reuse 0 --remove-tmp-files 1 

translatenucs /share/project/mieke/fdog_neighbor_regions/output_debug_tmp_blast_generated/XP_037025795_1_LOC119067126_337/tmp/PHYFL_1260839_1/metaeuk/15071872073837552975/tmp_predict/565984664968613402/nucl_6f /share/project/mieke/fdog_neighbor_regions/output_debug_tmp_blast_generated/XP_037025795_1_LOC119067126_337/tmp/PHYFL_1260839_1/metaeuk/15071872073837552975/tmp_predict/565984664968613402/aa_6f --translation-table 1 --add-orf-stop 0 -v 3 --compressed 0 --threads 24 

[=================================================================extractorfs /share/project/mieke/fdog_neighbor_regions/output_debug_tmp_blast_generated/XP_037025795_1_LOC119067126_337/tmp/BRAIM_335710_1/metaeuk/10829575876154686708/contigs /share/project/mieke/fdog_neighbor_regions/output_debug_tmp_blast_generated/XP_037025795_1_LOC119067126_337/tmp/BRAIM_335710_1/metaeuk/10829575876154686708/tmp_predict/5742461168139791062/nucl_6f --min-length 15 --max-length 32734 --max-gaps 2147483647 --contig-start-mode 2 --contig-end-mode 2 --orf-start-mode 1 --forward-frames 1,2,3 --reverse-frames 1,2,3 --translation-table 1 --translate 0 --use-all-table-starts 0 --id-offset 0 --create-lookup 0 --threads 24 --compressed 0 -v 3 

[=================================================================] 1.85K 0s 3ms
Time for merging to aa_6f: 0h 0m 0s 220ms
Time for processing: 0h 0m 0s 600ms
createdb /share/project/mieke/fdog_neighbor_regions/output_debug_tmp_blast_generated/XP_037025795_1_LOC119067126_337/tmp/PSEHY_35572_1/CM055406.1_1.fasta /share/project/mieke/fdog_neighbor_regions/output_debug_tmp_blast_generated/XP_037025795_1_LOC119067126_337/tmp/PSEHY_35572_1//metaeuk/458999708970400876/contigs --dbtype 2 --compressed 0 -v 3 

Converting sequences
[
Time for merging to contigs_h: 0h 0m 0s 199ms
Time for merging to contigs: 0h 0m 0s 175ms
Database type: Nucleotide
Time for processing: 0h 0m 1s 321ms
Create directory /share/project/mieke/fdog_neighbor_regions/output_debug_tmp_blast_generated/XP_037025795_1_LOC119067126_337/tmp/PSEHY_35572_1//metaeuk/458999708970400876/tmp_predict
predictexons /share/project/mieke/fdog_neighbor_regions/output_debug_tmp_blast_generated/XP_037025795_1_LOC119067126_337/tmp/PSEHY_35572_1//metaeuk/458999708970400876/contigs /share/gluster/NOTLOESUNG/freya/uniref100/uniref100 /share/project/mieke/fdog_neighbor_regions/output_debug_tmp_blast_generated/XP_037025795_1_LOC119067126_337/tmp/PSEHY_35572_1//metaeuk/458999708970400876/MetaEuk_calls /share/project/mieke/fdog_neighbor_regions/output_debug_tmp_blast_generated/XP_037025795_1_LOC119067126_337/tmp/PSEHY_35572_1//metaeuk/458999708970400876/tmp_predict --sub-mat 'aa:blosum62.out,nucl:nucleotide.out' -a 0 --alignment-mode 2 --alignment-output-mode 0 --wrapped-scoring 0 -e 100 --min-seq-id 0 --min-aln-len 0 --seq-id-mode 0 --alt-ali 0 -c 0 --cov-mode 0 --max-seq-len 160000 --comp-bias-corr 1 --comp-bias-corr-scale 1 --max-rejected 2147483647 --max-accept 2147483647 --add-self-matches 0 --db-load-mode 0 --pca substitution:1.100,context:1.400 --pcb substitution:4.100,context:5.800 --score-bias 0 --realign 0 --realign-score-bias -0.2 --realign-max-seqs 2147483647 --corr-score-weight 0 --gap-open aa:11,nucl:5 --gap-extend aa:1,nucl:2 --zdrop 40 --threads 24 --compressed 0 -v 3 --seed-sub-mat 'aa:VTML80.out,nucl:nucleotide.out' -s 6 -k 0 --target-search-mode 0 --k-score seq:2147483647,prof:2147483647 --alph-size aa:21,nucl:5 --max-seqs 300 --split 0 --split-mode 2 --split-memory-limit 0 --diag-score 1 --exact-kmer-matching 0 --mask 1 --mask-prob 0.9 --mask-lower-case 0 --min-ungapped-score 15 --spaced-kmer-mode 1 --rescore-mode 0 --filter-hits 0 --sort-results 0 --mask-profile 1 --e-profile 0.001 --wg 0 --allow-deletion 0 --filter-msa 1 --filter-min-enable 0 --max-seq-id 0.9 --qid '0.0' --qsc -20 --cov 0 --diff 1000 --pseudo-cnt-mode 0 --min-length 15 --max-length 32734 --max-gaps 2147483647 --contig-start-mode 2 --contig-end-mode 2 --orf-start-mode 1 --forward-frames 1,2,3 --reverse-frames 1,2,3 --translation-table 1 --translate 0 --use-all-table-starts 0 --id-offset 0 --create-lookup 0 --sequence-overlap 0 --sequence-split-mode 1 --headers-split-mode 0 --chain-alignments 0 --merge-query 1 --search-type 0 --start-sens 4 --sens-steps 1 --prefilter-mode 0 --exhaustive-search 0 --exhaustive-search-filter 0 --strand 1 --lca-search 0 --disk-space-limit 0 --force-reuse 0 --remove-tmp-files 1 --metaeuk-eval 0.001 --metaeuk-tcov 0.5 --max-intron 130000 --min-intron 5 --min-exon-aa 15 --max-overlap 15 --max-exon-sets 1 --set-gap-open -1 --set-gap-extend -1 --reverse-fragments 0 

Create directory /share/project/mieke/fdog_neighbor_regions/output_debug_tmp_blast_generated/XP_037025795_1_LOC119067126_337/tmp/LYCIN_767460_1/metaeuk/13371526018507353409/tmp_predict/2999222634059966266/tmp_search
search /share/project/mieke/fdog_neighbor_regions/output_debug_tmp_blast_generated/XP_037025795_1_LOC119067126_337/tmp/LYCIN_767460_1/metaeuk/13371526018507353409/tmp_predict/2999222634059966266/aa_6f /share/gluster/NOTLOESUNG/freya/uniref100/uniref100 /share/project/mieke/fdog_neighbor_regions/output_debug_tmp_blast_generated/XP_037025795_1_LOC119067126_337/tmp/LYCIN_767460_1/metaeuk/13371526018507353409/tmp_predict/2999222634059966266/search_res /share/project/mieke/fdog_neighbor_regions/output_debug_tmp_blast_generated/XP_037025795_1_LOC119067126_337/tmp/LYCIN_767460_1/metaeuk/13371526018507353409/tmp_predict/2999222634059966266/tmp_search --sub-mat 'aa:blosum62.out,nucl:nucleotide.out' -a 0 --alignment-mode 2 --alignment-output-mode 0 --wrapped-scoring 0 -e 100 --min-seq-id 0 --min-aln-len 15 --seq-id-mode 0 --alt-ali 0 -c 0 --cov-mode 0 --max-seq-len 160000 --comp-bias-corr 1 --comp-bias-corr-scale 1 --max-rejected 2147483647 --max-accept 2147483647 --add-self-matches 0 --db-load-mode 0 --pca substitution:1.100,context:1.400 --pcb substitution:4.100,context:5.800 --score-bias 0 --realign 0 --realign-score-bias -0.2 --realign-max-seqs 2147483647 --corr-score-weight 0 --gap-open aa:11,nucl:5 --gap-extend aa:1,nucl:2 --zdrop 40 --threads 24 --compressed 0 -v 3 --seed-sub-mat 'aa:VTML80.out,nucl:nucleotide.out' -s 6 -k 0 --target-search-mode 0 --k-score seq:2147483647,prof:2147483647 --alph-size aa:21,nucl:5 --max-seqs 300 --split 0 --split-mode 2 --split-memory-limit 0 --diag-score 1 --exact-kmer-matching 0 --mask 1 --mask-prob 0.9 --mask-lower-case 0 --min-ungapped-score 15 --spaced-kmer-mode 1 --rescore-mode 0 --filter-hits 0 --sort-results 0 --mask-profile 1 --e-profile 0.001 --wg 0 --allow-deletion 0 --filter-msa 1 --filter-min-enable 0 --max-seq-id 0.9 --qid '0.0' --qsc -20 --cov 0 --diff 1000 --pseudo-cnt-mode 0 --min-length 15 --max-length 32734 --max-gaps 2147483647 --contig-start-mode 2 --contig-end-mode 2 --orf-start-mode 1 --forward-frames 1,2,3 --reverse-frames 1,2,3 --translation-table 1 --translate 0 --use-all-table-starts 0 --id-offset 0 --create-lookup 0 --add-orf-stop 0 --sequence-overlap 0 --sequence-split-mode 1 --headers-split-mode 0 --chain-alignments 0 --merge-query 1 --search-type 0 --num-iterations 1 --start-sens 4 --sens-steps 1 --prefilter-mode 0 --exhaustive-search 0 --exhaustive-search-filter 0 --strand 1 --lca-search 0 --disk-space-limit 0 --force-reuse 0 --remove-tmp-files 1 

] 773 0s 11ms
Time for merging to aa_6f: 0h 0m 0s 166ms
Time for processing: 0h 0m 0s 484ms
Create directory /share/project/mieke/fdog_neighbor_regions/output_debug_tmp_blast_generated/XP_037025795_1_LOC119067126_337/tmp/PHYFL_1260839_1/metaeuk/15071872073837552975/tmp_predict/565984664968613402/tmp_search
search /share/project/mieke/fdog_neighbor_regions/output_debug_tmp_blast_generated/XP_037025795_1_LOC119067126_337/tmp/PHYFL_1260839_1/metaeuk/15071872073837552975/tmp_predict/565984664968613402/aa_6f /share/gluster/NOTLOESUNG/freya/uniref100/uniref100 /share/project/mieke/fdog_neighbor_regions/output_debug_tmp_blast_generated/XP_037025795_1_LOC119067126_337/tmp/PHYFL_1260839_1/metaeuk/15071872073837552975/tmp_predict/565984664968613402/search_res /share/project/mieke/fdog_neighbor_regions/output_debug_tmp_blast_generated/XP_037025795_1_LOC119067126_337/tmp/PHYFL_1260839_1/metaeuk/15071872073837552975/tmp_predict/565984664968613402/tmp_search --sub-mat 'aa:blosum62.out,nucl:nucleotide.out' -a 0 --alignment-mode 2 --alignment-output-mode 0 --wrapped-scoring 0 -e 100 --min-seq-id 0 --min-aln-len 15 --seq-id-mode 0 --alt-ali 0 -c 0 --cov-mode 0 --max-seq-len 160000 --comp-bias-corr 1 --comp-bias-corr-scale 1 --max-rejected 2147483647 --max-accept 2147483647 --add-self-matches 0 --db-load-mode 0 --pca substitution:1.100,context:1.400 --pcb substitution:4.100,context:5.800 --score-bias 0 --realign 0 --realign-score-bias -0.2 --realign-max-seqs 2147483647 --corr-score-weight 0 --gap-open aa:11,nucl:5 --gap-extend aa:1,nucl:2 --zdrop 40 --threads 24 --compressed 0 -v 3 --seed-sub-mat 'aa:VTML80.out,nucl:nucleotide.out' -s 6 -k 0 --target-search-mode 0 --k-score seq:2147483647,prof:2147483647 --alph-size aa:21,nucl:5 --max-seqs 300 --split 0 --split-mode 2 --split-memory-limit 0 --diag-score 1 --exact-kmer-matching 0 --mask 1 --mask-prob 0.9 --mask-lower-case 0 --min-ungapped-score 15 --spaced-kmer-mode 1 --rescore-mode 0 --filter-hits 0 --sort-results 0 --mask-profile 1 --e-profile 0.001 --wg 0 --allow-deletion 0 --filter-msa 1 --filter-min-enable 0 --max-seq-id 0.9 --qid '0.0' --qsc -20 --cov 0 --diff 1000 --pseudo-cnt-mode 0 --min-length 15 --max-length 32734 --max-gaps 2147483647 --contig-start-mode 2 --contig-end-mode 2 --orf-start-mode 1 --forward-frames 1,2,3 --reverse-frames 1,2,3 --translation-table 1 --translate 0 --use-all-table-starts 0 --id-offset 0 --create-lookup 0 --add-orf-stop 0 --sequence-overlap 0 --sequence-split-mode 1 --headers-split-mode 0 --chain-alignments 0 --merge-query 1 --search-type 0 --num-iterations 1 --start-sens 4 --sens-steps 1 --prefilter-mode 0 --exhaustive-search 0 --exhaustive-search-filter 0 --strand 1 --lca-search 0 --disk-space-limit 0 --force-reuse 0 --remove-tmp-files 1 

extractorfs /share/project/mieke/fdog_neighbor_regions/output_debug_tmp_blast_generated/XP_037025795_1_LOC119067126_337/tmp/PSEHY_35572_1/metaeuk/458999708970400876/contigs /share/project/mieke/fdog_neighbor_regions/output_debug_tmp_blast_generated/XP_037025795_1_LOC119067126_337/tmp/PSEHY_35572_1/metaeuk/458999708970400876/tmp_predict/15594062749888265643/nucl_6f --min-length 15 --max-length 32734 --max-gaps 2147483647 --contig-start-mode 2 --contig-end-mode 2 --orf-start-mode 1 --forward-frames 1,2,3 --reverse-frames 1,2,3 --translation-table 1 --translate 0 --use-all-table-starts 0 --id-offset 0 --create-lookup 0 --threads 24 --compressed 0 -v 3 

[=================================================================] 1 0s 11ms
Time for merging to nucl_6f_h: 0h 0m 0s 158ms
Time for merging to nucl_6f: 0h 0m 0s 169ms
Time for processing: 0h 0m 0s 918ms
translatenucs /share/project/mieke/fdog_neighbor_regions/output_debug_tmp_blast_generated/XP_037025795_1_LOC119067126_337/tmp/BRAIM_335710_1/metaeuk/10829575876154686708/tmp_predict/5742461168139791062/nucl_6f /share/project/mieke/fdog_neighbor_regions/output_debug_tmp_blast_generated/XP_037025795_1_LOC119067126_337/tmp/BRAIM_335710_1/metaeuk/10829575876154686708/tmp_predict/5742461168139791062/aa_6f --translation-table 1 --add-orf-stop 0 -v 3 --compressed 0 --threads 24 

[=================================================================] 1 0s 5ms
Time for merging to nucl_6f_h: 0h 0m 0s 96ms
Time for merging to nucl_6f: 0h 0m 0s 76ms
Time for processing: 0h 0m 0s 607ms
] 1.91K 0s 3ms
Time for merging to aa_6f: 0h 0m 0s 83ms
Time for processing: 0h 0m 0s 339ms
Create directory /share/project/mieke/fdog_neighbor_regions/output_debug_tmp_blast_generated/XP_037025795_1_LOC119067126_337/tmp/BRAIM_335710_1/metaeuk/10829575876154686708/tmp_predict/5742461168139791062/tmp_search
search /share/project/mieke/fdog_neighbor_regions/output_debug_tmp_blast_generated/XP_037025795_1_LOC119067126_337/tmp/BRAIM_335710_1/metaeuk/10829575876154686708/tmp_predict/5742461168139791062/aa_6f /share/gluster/NOTLOESUNG/freya/uniref100/uniref100 /share/project/mieke/fdog_neighbor_regions/output_debug_tmp_blast_generated/XP_037025795_1_LOC119067126_337/tmp/BRAIM_335710_1/metaeuk/10829575876154686708/tmp_predict/5742461168139791062/search_res /share/project/mieke/fdog_neighbor_regions/output_debug_tmp_blast_generated/XP_037025795_1_LOC119067126_337/tmp/BRAIM_335710_1/metaeuk/10829575876154686708/tmp_predict/5742461168139791062/tmp_search --sub-mat 'aa:blosum62.out,nucl:nucleotide.out' -a 0 --alignment-mode 2 --alignment-output-mode 0 --wrapped-scoring 0 -e 100 --min-seq-id 0 --min-aln-len 15 --seq-id-mode 0 --alt-ali 0 -c 0 --cov-mode 0 --max-seq-len 160000 --comp-bias-corr 1 --comp-bias-corr-scale 1 --max-rejected 2147483647 --max-accept 2147483647 --add-self-matches 0 --db-load-mode 0 --pca substitution:1.100,context:1.400 --pcb substitution:4.100,context:5.800 --score-bias 0 --realign 0 --realign-score-bias -0.2 --realign-max-seqs 2147483647 --corr-score-weight 0 --gap-open aa:11,nucl:5 --gap-extend aa:1,nucl:2 --zdrop 40 --threads 24 --compressed 0 -v 3 --seed-sub-mat 'aa:VTML80.out,nucl:nucleotide.out' -s 6 -k 0 --target-search-mode 0 --k-score seq:2147483647,prof:2147483647 --alph-size aa:21,nucl:5 --max-seqs 300 --split 0 --split-mode 2 --split-memory-limit 0 --diag-score 1 --exact-kmer-matching 0 --mask 1 --mask-prob 0.9 --mask-lower-case 0 --min-ungapped-score 15 --spaced-kmer-mode 1 --rescore-mode 0 --filter-hits 0 --sort-results 0 --mask-profile 1 --e-profile 0.001 --wg 0 --allow-deletion 0 --filter-msa 1 --filter-min-enable 0 --max-seq-id 0.9 --qid '0.0' --qsc -20 --cov 0 --diff 1000 --pseudo-cnt-mode 0 --min-length 15 --max-length 32734 --max-gaps 2147483647 --contig-start-mode 2 --contig-end-mode 2 --orf-start-mode 1 --forward-frames 1,2,3 --reverse-frames 1,2,3 --translation-table 1 --translate 0 --use-all-table-starts 0 --id-offset 0 --create-lookup 0 --add-orf-stop 0 --sequence-overlap 0 --sequence-split-mode 1 --headers-split-mode 0 --chain-alignments 0 --merge-query 1 --search-type 0 --num-iterations 1 --start-sens 4 --sens-steps 1 --prefilter-mode 0 --exhaustive-search 0 --exhaustive-search-filter 0 --strand 1 --lca-search 0 --disk-space-limit 0 --force-reuse 0 --remove-tmp-files 1 

translatenucs /share/project/mieke/fdog_neighbor_regions/output_debug_tmp_blast_generated/XP_037025795_1_LOC119067126_337/tmp/PSEHY_35572_1/metaeuk/458999708970400876/tmp_predict/15594062749888265643/nucl_6f /share/project/mieke/fdog_neighbor_regions/output_debug_tmp_blast_generated/XP_037025795_1_LOC119067126_337/tmp/PSEHY_35572_1/metaeuk/458999708970400876/tmp_predict/15594062749888265643/aa_6f --translation-table 1 --add-orf-stop 0 -v 3 --compressed 0 --threads 24 

[=================================================================] 1.77K 0s 8ms
Time for merging to aa_6f: 0h 0m 0s 143ms
Time for processing: 0h 0m 0s 368ms
Create directory /share/project/mieke/fdog_neighbor_regions/output_debug_tmp_blast_generated/XP_037025795_1_LOC119067126_337/tmp/PSEHY_35572_1/metaeuk/458999708970400876/tmp_predict/15594062749888265643/tmp_search
search /share/project/mieke/fdog_neighbor_regions/output_debug_tmp_blast_generated/XP_037025795_1_LOC119067126_337/tmp/PSEHY_35572_1/metaeuk/458999708970400876/tmp_predict/15594062749888265643/aa_6f /share/gluster/NOTLOESUNG/freya/uniref100/uniref100 /share/project/mieke/fdog_neighbor_regions/output_debug_tmp_blast_generated/XP_037025795_1_LOC119067126_337/tmp/PSEHY_35572_1/metaeuk/458999708970400876/tmp_predict/15594062749888265643/search_res /share/project/mieke/fdog_neighbor_regions/output_debug_tmp_blast_generated/XP_037025795_1_LOC119067126_337/tmp/PSEHY_35572_1/metaeuk/458999708970400876/tmp_predict/15594062749888265643/tmp_search --sub-mat 'aa:blosum62.out,nucl:nucleotide.out' -a 0 --alignment-mode 2 --alignment-output-mode 0 --wrapped-scoring 0 -e 100 --min-seq-id 0 --min-aln-len 15 --seq-id-mode 0 --alt-ali 0 -c 0 --cov-mode 0 --max-seq-len 160000 --comp-bias-corr 1 --comp-bias-corr-scale 1 --max-rejected 2147483647 --max-accept 2147483647 --add-self-matches 0 --db-load-mode 0 --pca substitution:1.100,context:1.400 --pcb substitution:4.100,context:5.800 --score-bias 0 --realign 0 --realign-score-bias -0.2 --realign-max-seqs 2147483647 --corr-score-weight 0 --gap-open aa:11,nucl:5 --gap-extend aa:1,nucl:2 --zdrop 40 --threads 24 --compressed 0 -v 3 --seed-sub-mat 'aa:VTML80.out,nucl:nucleotide.out' -s 6 -k 0 --target-search-mode 0 --k-score seq:2147483647,prof:2147483647 --alph-size aa:21,nucl:5 --max-seqs 300 --split 0 --split-mode 2 --split-memory-limit 0 --diag-score 1 --exact-kmer-matching 0 --mask 1 --mask-prob 0.9 --mask-lower-case 0 --min-ungapped-score 15 --spaced-kmer-mode 1 --rescore-mode 0 --filter-hits 0 --sort-results 0 --mask-profile 1 --e-profile 0.001 --wg 0 --allow-deletion 0 --filter-msa 1 --filter-min-enable 0 --max-seq-id 0.9 --qid '0.0' --qsc -20 --cov 0 --diff 1000 --pseudo-cnt-mode 0 --min-length 15 --max-length 32734 --max-gaps 2147483647 --contig-start-mode 2 --contig-end-mode 2 --orf-start-mode 1 --forward-frames 1,2,3 --reverse-frames 1,2,3 --translation-table 1 --translate 0 --use-all-table-starts 0 --id-offset 0 --create-lookup 0 --add-orf-stop 0 --sequence-overlap 0 --sequence-split-mode 1 --headers-split-mode 0 --chain-alignments 0 --merge-query 1 --search-type 0 --num-iterations 1 --start-sens 4 --sens-steps 1 --prefilter-mode 0 --exhaustive-search 0 --exhaustive-search-filter 0 --strand 1 --lca-search 0 --disk-space-limit 0 --force-reuse 0 --remove-tmp-files 1 

Killed
Error: Prefilter died
Error: search step died
Error: predictexons step died
BLAST Database error: Database memory map file error
 15%|█▌        | 2/13 [04:34<29:26, 160.55s/it]Killed
Error: Prefilter died
Error: search step died
Error: predictexons step died
BLAST Database error: Database memory map file error
 23%|██▎       | 3/13 [04:42<15:09, 90.91s/it] Killed
Error: Prefilter died
Error: search step died
Error: predictexons step died
BLAST Database error: Database memory map file error
 31%|███       | 4/13 [04:47<08:33, 57.08s/it]Killed
Error: Prefilter died
Error: search step died
Error: predictexons step died
BLAST Database error: Database memory map file error
 38%|███▊      | 5/13 [04:50<05:01, 37.66s/it]Killed
Error: Prefilter died
Error: search step died
Error: predictexons step died
BLAST Database error: Database memory map file error
 46%|████▌     | 6/13 [04:58<03:13, 27.70s/it]prefilter /share/project/mieke/fdog_neighbor_regions/output_debug_tmp_blast_generated/XP_037025795_1_LOC119067126_337/tmp/LYCIN_767460_1/metaeuk/13371526018507353409/tmp_predict/2999222634059966266/aa_6f /share/gluster/NOTLOESUNG/freya/uniref100/uniref100 /share/project/mieke/fdog_neighbor_regions/output_debug_tmp_blast_generated/XP_037025795_1_LOC119067126_337/tmp/LYCIN_767460_1/metaeuk/13371526018507353409/tmp_predict/2999222634059966266/tmp_search/14699898518158798307/pref_0 --sub-mat 'aa:blosum62.out,nucl:nucleotide.out' --seed-sub-mat 'aa:VTML80.out,nucl:nucleotide.out' -k 0 --target-search-mode 0 --k-score seq:2147483647,prof:2147483647 --alph-size aa:21,nucl:5 --max-seq-len 160000 --max-seqs 300 --split 0 --split-mode 2 --split-memory-limit 0 -c 0 --cov-mode 0 --comp-bias-corr 1 --comp-bias-corr-scale 1 --diag-score 1 --exact-kmer-matching 0 --mask 1 --mask-prob 0.9 --mask-lower-case 0 --min-ungapped-score 15 --add-self-matches 0 --spaced-kmer-mode 1 --db-load-mode 0 --pca substitution:1.100,context:1.400 --pcb substitution:4.100,context:5.800 --threads 24 --compressed 0 -v 3 -s 6.0 

Query database size: 1853 type: Aminoacid
Target split mode. Searching through 20 splits
Estimated memory consumption: 116G
Target database size: 465330530 type: Aminoacid
Process prefiltering step 1 of 20

Index table k-mer threshold: 118 at k-mer size 7 
Index table: counting k-mers
[=prefilter /share/project/mieke/fdog_neighbor_regions/output_debug_tmp_blast_generated/XP_037025795_1_LOC119067126_337/tmp/BRADE_3151524_1/metaeuk/11991958450541576630/tmp_predict/12516579744984762005/aa_6f /share/gluster/NOTLOESUNG/freya/uniref100/uniref100 /share/project/mieke/fdog_neighbor_regions/output_debug_tmp_blast_generated/XP_037025795_1_LOC119067126_337/tmp/BRADE_3151524_1/metaeuk/11991958450541576630/tmp_predict/12516579744984762005/tmp_search/5269361192282113113/pref_0 --sub-mat 'aa:blosum62.out,nucl:nucleotide.out' --seed-sub-mat 'aa:VTML80.out,nucl:nucleotide.out' -k 0 --target-search-mode 0 --k-score seq:2147483647,prof:2147483647 --alph-size aa:21,nucl:5 --max-seq-len 160000 --max-seqs 300 --split 0 --split-mode 2 --split-memory-limit 0 -c 0 --cov-mode 0 --comp-bias-corr 1 --comp-bias-corr-scale 1 --diag-score 1 --exact-kmer-matching 0 --mask 1 --mask-prob 0.9 --mask-lower-case 0 --min-ungapped-score 15 --add-self-matches 0 --spaced-kmer-mode 1 --db-load-mode 0 --pca substitution:1.100,context:1.400 --pcb substitution:4.100,context:5.800 --threads 24 --compressed 0 -v 3 -s 6.0 

Query database size: 21 type: Aminoacid
Target split mode. Searching through 20 splits
Estimated memory consumption: 116G
Target database size: 465330530 type: Aminoacid
Process prefiltering step 1 of 20

Index table k-mer threshold: 118 at k-mer size 7 
Index table: counting k-mers
[=prefilter /share/project/mieke/fdog_neighbor_regions/output_debug_tmp_blast_generated/XP_037025795_1_LOC119067126_337/tmp/BRAOD_1564500_1/metaeuk/11987958686604171584/tmp_predict/15052227674240395495/aa_6f /share/gluster/NOTLOESUNG/freya/uniref100/uniref100 /share/project/mieke/fdog_neighbor_regions/output_debug_tmp_blast_generated/XP_037025795_1_LOC119067126_337/tmp/BRAOD_1564500_1/metaeuk/11987958686604171584/tmp_predict/15052227674240395495/tmp_search/10437372309477639387/pref_0 --sub-mat 'aa:blosum62.out,nucl:nucleotide.out' --seed-sub-mat 'aa:VTML80.out,nucl:nucleotide.out' -k 0 --target-search-mode 0 --k-score seq:2147483647,prof:2147483647 --alph-size aa:21,nucl:5 --max-seq-len 160000 --max-seqs 300 --split 0 --split-mode 2 --split-memory-limit 0 -c 0 --cov-mode 0 --comp-bias-corr 1 --comp-bias-corr-scale 1 --diag-score 1 --exact-kmer-matching 0 --mask 1 --mask-prob 0.9 --mask-lower-case 0 --min-ungapped-score 15 --add-self-matches 0 --spaced-kmer-mode 1 --db-load-mode 0 --pca substitution:1.100,context:1.400 --pcb substitution:4.100,context:5.800 --threads 24 --compressed 0 -v 3 -s 6.0 

Query database size: 1874 type: Aminoacid
Target split mode. Searching through 20 splits
Estimated memory consumption: 116G
Target database size: 465330530 type: Aminoacid
Process prefiltering step 1 of 20

Index table k-mer threshold: 118 at k-mer size 7 
Index table: counting k-mers
[=prefilter /share/project/mieke/fdog_neighbor_regions/output_debug_tmp_blast_generated/XP_037025795_1_LOC119067126_337/tmp/BRAIM_335710_1/metaeuk/10829575876154686708/tmp_predict/5742461168139791062/aa_6f /share/gluster/NOTLOESUNG/freya/uniref100/uniref100 /share/project/mieke/fdog_neighbor_regions/output_debug_tmp_blast_generated/XP_037025795_1_LOC119067126_337/tmp/BRAIM_335710_1/metaeuk/10829575876154686708/tmp_predict/5742461168139791062/tmp_search/4450454814854234646/pref_0 --sub-mat 'aa:blosum62.out,nucl:nucleotide.out' --seed-sub-mat 'aa:VTML80.out,nucl:nucleotide.out' -k 0 --target-search-mode 0 --k-score seq:2147483647,prof:2147483647 --alph-size aa:21,nucl:5 --max-seq-len 160000 --max-seqs 300 --split 0 --split-mode 2 --split-memory-limit 0 -c 0 --cov-mode 0 --comp-bias-corr 1 --comp-bias-corr-scale 1 --diag-score 1 --exact-kmer-matching 0 --mask 1 --mask-prob 0.9 --mask-lower-case 0 --min-ungapped-score 15 --add-self-matches 0 --spaced-kmer-mode 1 --db-load-mode 0 --pca substitution:1.100,context:1.400 --pcb substitution:4.100,context:5.800 --threads 24 --compressed 0 -v 3 -s 6.0 

Query database size: 1907 type: Aminoacid
Target split mode. Searching through 20 splits
Estimated memory consumption: 116G
Target database size: 465330530 type: Aminoacid
Process prefiltering step 1 of 20

Index table k-mer threshold: 118 at k-mer size 7 
Index table: counting k-mers
[=prefilter /share/project/mieke/fdog_neighbor_regions/output_debug_tmp_blast_generated/XP_037025795_1_LOC119067126_337/tmp/PSEHY_35572_1/metaeuk/458999708970400876/tmp_predict/15594062749888265643/aa_6f /share/gluster/NOTLOESUNG/freya/uniref100/uniref100 /share/project/mieke/fdog_neighbor_regions/output_debug_tmp_blast_generated/XP_037025795_1_LOC119067126_337/tmp/PSEHY_35572_1/metaeuk/458999708970400876/tmp_predict/15594062749888265643/tmp_search/933173796590184567/pref_0 --sub-mat 'aa:blosum62.out,nucl:nucleotide.out' --seed-sub-mat 'aa:VTML80.out,nucl:nucleotide.out' -k 0 --target-search-mode 0 --k-score seq:2147483647,prof:2147483647 --alph-size aa:21,nucl:5 --max-seq-len 160000 --max-seqs 300 --split 0 --split-mode 2 --split-memory-limit 0 -c 0 --cov-mode 0 --comp-bias-corr 1 --comp-bias-corr-scale 1 --diag-score 1 --exact-kmer-matching 0 --mask 1 --mask-prob 0.9 --mask-lower-case 0 --min-ungapped-score 15 --add-self-matches 0 --spaced-kmer-mode 1 --db-load-mode 0 --pca substitution:1.100,context:1.400 --pcb substitution:4.100,context:5.800 --threads 24 --compressed 0 -v 3 -s 6.0 

Query database size: 1774 type: Aminoacid
Target split mode. Searching through 20 splits
Estimated memory consumption: 116G
Target database size: 465330530 type: Aminoacid
Process prefiltering step 1 of 20

Index table k-mer threshold: 118 at k-mer size 7 
Index table: counting k-mers
[=prefilter /share/project/mieke/fdog_neighbor_regions/output_debug_tmp_blast_generated/XP_037025795_1_LOC119067126_337/tmp/LYCAG_1887995_1/metaeuk/2553554940869323033/tmp_predict/13645786235860892772/aa_6f /share/gluster/NOTLOESUNG/freya/uniref100/uniref100 /share/project/mieke/fdog_neighbor_regions/output_debug_tmp_blast_generated/XP_037025795_1_LOC119067126_337/tmp/LYCAG_1887995_1/metaeuk/2553554940869323033/tmp_predict/13645786235860892772/tmp_search/15124152451266046722/pref_0 --sub-mat 'aa:blosum62.out,nucl:nucleotide.out' --seed-sub-mat 'aa:VTML80.out,nucl:nucleotide.out' -k 0 --target-search-mode 0 --k-score seq:2147483647,prof:2147483647 --alph-size aa:21,nucl:5 --max-seq-len 160000 --max-seqs 300 --split 0 --split-mode 2 --split-memory-limit 0 -c 0 --cov-mode 0 --comp-bias-corr 1 --comp-bias-corr-scale 1 --diag-score 1 --exact-kmer-matching 0 --mask 1 --mask-prob 0.9 --mask-lower-case 0 --min-ungapped-score 15 --add-self-matches 0 --spaced-kmer-mode 1 --db-load-mode 0 --pca substitution:1.100,context:1.400 --pcb substitution:4.100,context:5.800 --threads 24 --compressed 0 -v 3 -s 6.0 

Query database size: 82 type: Aminoacid
Target split mode. Searching through 20 splits
Estimated memory consumption: 116G
Target database size: 465330530 type: Aminoacid
Process prefiltering step 1 of 20

Index table k-mer threshold: 118 at k-mer size 7 
Index table: counting k-mers
[=prefilter /share/project/mieke/fdog_neighbor_regions/output_debug_tmp_blast_generated/XP_037025795_1_LOC119067126_337/tmp/PHYFL_1260839_1/metaeuk/15071872073837552975/tmp_predict/565984664968613402/aa_6f /share/gluster/NOTLOESUNG/freya/uniref100/uniref100 /share/project/mieke/fdog_neighbor_regions/output_debug_tmp_blast_generated/XP_037025795_1_LOC119067126_337/tmp/PHYFL_1260839_1/metaeuk/15071872073837552975/tmp_predict/565984664968613402/tmp_search/5018186561084291155/pref_0 --sub-mat 'aa:blosum62.out,nucl:nucleotide.out' --seed-sub-mat 'aa:VTML80.out,nucl:nucleotide.out' -k 0 --target-search-mode 0 --k-score seq:2147483647,prof:2147483647 --alph-size aa:21,nucl:5 --max-seq-len 160000 --max-seqs 300 --split 0 --split-mode 2 --split-memory-limit 0 -c 0 --cov-mode 0 --comp-bias-corr 1 --comp-bias-corr-scale 1 --diag-score 1 --exact-kmer-matching 0 --mask 1 --mask-prob 0.9 --mask-lower-case 0 --min-ungapped-score 15 --add-self-matches 0 --spaced-kmer-mode 1 --db-load-mode 0 --pca substitution:1.100,context:1.400 --pcb substitution:4.100,context:5.800 --threads 24 --compressed 0 -v 3 -s 6.0 

Query database size: 773 type: Aminoacid
Target split mode. Searching through 20 splits
Estimated memory consumption: 116G
Target database size: 465330530 type: Aminoacid
Process prefiltering step 1 of 20

Index table k-mer threshold: 118 at k-mer size 7 
Index table: counting k-mers
[===================================================Bus error
Error: Prefilter died
Error: search step died
Error: predictexons step died
Bus error
Error: Prefilter died
Error: search step died
Error: predictexons step died
Bus error
Error: Prefilter died
Error: search step died
Error: predictexons step died
Bus error
Error: Prefilter died
Bus error
Error: Prefilter died
Error: search step died
Error: search step died
Error: predictexons step died
Error: predictexons step died
Bus error
Error: Prefilter died
Error: search step died
Error: predictexons step died
Bus error
Error: Prefilter died
Error: search step died
Error: predictexons step died
BLAST Database error: Database memory map file error
BLAST Database error: Database memory map file error
BLAST Database error: Database memory map file error
BLAST Database error: Database memory map file error
BLAST Database error: Database memory map file error
BLAST Database error: Database memory map file error
 54%|█████▍    | 7/13 [23:25<38:01, 380.31s/it]easy-predict /share/project/mieke/fdog_neighbor_regions/output_debug_tmp_blast_generated/XP_037025795_1_LOC119067126_337/tmp/BRAIM_335710_1/OZ247434.1_2.fasta /share/gluster/NOTLOESUNG/freya/uniref100/uniref100 /share/project/mieke/fdog_neighbor_regions/output_debug_tmp_blast_generated/XP_037025795_1_LOC119067126_337/tmp/BRAIM_335710_1/OZ247434.1_2 /share/project/mieke/fdog_neighbor_regions/output_debug_tmp_blast_generated/XP_037025795_1_LOC119067126_337/tmp/BRAIM_335710_1//metaeuk --max-intron 130000 --max-seq-len 160000 --min-exon-aa 15 --max-overlap 15 --min-intron 5 --overlap 1 -s 6 --split 0 --remove-tmp-files 

MMseqs Version:                                             	7.bba0d80
Substitution matrix                                         	aa:blosum62.out,nucl:nucleotide.out
Add backtrace                                               	false
Alignment mode                                              	2
Alignment mode                                              	0
Allow wrapped scoring                                       	false
E-value threshold                                           	100
Seq. id. threshold                                          	0
Min alignment length                                        	0
Seq. id. mode                                               	0
Alternative alignments                                      	0
Coverage threshold                                          	0
Coverage mode                                               	0
Max sequence length                                         	160000
Compositional bias                                          	1
Compositional bias                                          	1
Max reject                                                  	2147483647
Max accept                                                  	2147483647
Include identical seq. id.                                  	false
Preload mode                                                	0
Pseudo count a                                              	substitution:1.100,context:1.400
Pseudo count b                                              	substitution:4.100,context:5.800
Score bias                                                  	0
Realign hits                                                	false
Realign score bias                                          	-0.2
Realign max seqs                                            	2147483647
Correlation score weight                                    	0
Gap open cost                                               	aa:11,nucl:5
Gap extension cost                                          	aa:1,nucl:2
Zdrop                                                       	40
Threads                                                     	24
Compressed                                                  	0
Verbosity                                                   	3
Seed substitution matrix                                    	aa:VTML80.out,nucl:nucleotide.out
Sensitivity                                                 	6
k-mer length                                                	0
Target search mode                                          	0
k-score                                                     	seq:2147483647,prof:2147483647
Alphabet size                                               	aa:21,nucl:5
Max results per query                                       	300
Split database                                              	0
Split mode                                                  	2
Split memory limit                                          	0
Diagonal scoring                                            	true
Exact k-mer matching                                        	0
Mask residues                                               	1
Mask residues probability                                   	0.9
Mask lower case residues                                    	0
Minimum diagonal score                                      	15
Selected taxa                                               	
Spaced k-mers                                               	1
Spaced k-mer pattern                                        	
Local temporary path                                        	
Rescore mode                                                	0
Remove hits by seq. id. and coverage                        	false
Sort results                                                	0
Mask profile                                                	1
Profile E-value threshold                                   	0.001
Global sequence weighting                                   	false
Allow deletions                                             	false
Filter MSA                                                  	1
Use filter only at N seqs                                   	0
Maximum seq. id. threshold                                  	0.9
Minimum seq. id.                                            	0.0
Minimum score per column                                    	-20
Minimum coverage                                            	0
Select N most diverse seqs                                  	1000
Pseudo count mode                                           	0
Min codons in orf                                           	15
Max codons in length                                        	32734
Max orf gaps                                                	2147483647
Contig start mode                                           	2
Contig end mode                                             	2
Orf start mode                                              	1
Forward frames                                              	1,2,3
Reverse frames                                              	1,2,3
Translation table                                           	1
Translate orf                                               	0
Use all table starts                                        	false
Offset of numeric ids                                       	0
Create lookup                                               	0
Overlap between sequences                                   	0
Sequence split mode                                         	1
Header split mode                                           	0
Chain overlapping alignments                                	0
Merge query                                                 	1
Search type                                                 	0
Start sensitivity                                           	4
Search steps                                                	1
Prefilter mode                                              	0
Exhaustive search mode                                      	false
Filter results during exhaustive search                     	0
Strand selection                                            	1
LCA search mode                                             	false
Disk space limit                                            	0
MPI runner                                                  	
Force restart with latest tmp                               	false
Remove temporary files                                      	true
maximal combined evalue of an optimal set                   	0.001
minimal length ratio between combined optimal set and target	0.5
Maximal intron length                                       	130000
Minimal intron length                                       	5
Minimal exon length aa                                      	15
Maximal overlap of exons                                    	15
Maximal number of exon sets                                 	1
Gap open penalty                                            	-1
Gap extend penalty                                          	-1
Reverse AA Fragments                                        	0
allow same-strand overlaps                                  	1
translate codons to AAs                                     	0
write target key instead of accession                       	0
write fragment contig coords                                	0
length to scan for start codon                              	0

createdb /share/project/mieke/fdog_neighbor_regions/output_debug_tmp_blast_generated/XP_037025795_1_LOC119067126_337/tmp/BRAIM_335710_1/OZ247434.1_2.fasta /share/project/mieke/fdog_neighbor_regions/output_debug_tmp_blast_generated/XP_037025795_1_LOC119067126_337/tmp/BRAIM_335710_1//metaeuk/16213151009754550317/contigs --dbtype 2 --compressed 0 -v 3 

Converting sequences
[
Time for merging to contigs_h: 0h 0m 0s 110ms
Time for merging to contigs: 0h 0m 0s 163ms
Database type: Nucleotide
Time for processing: 0h 0m 0s 656ms
Create directory /share/project/mieke/fdog_neighbor_regions/output_debug_tmp_blast_generated/XP_037025795_1_LOC119067126_337/tmp/BRAIM_335710_1//metaeuk/16213151009754550317/tmp_predict
predictexons /share/project/mieke/fdog_neighbor_regions/output_debug_tmp_blast_generated/XP_037025795_1_LOC119067126_337/tmp/BRAIM_335710_1//metaeuk/16213151009754550317/contigs /share/gluster/NOTLOESUNG/freya/uniref100/uniref100 /share/project/mieke/fdog_neighbor_regions/output_debug_tmp_blast_generated/XP_037025795_1_LOC119067126_337/tmp/BRAIM_335710_1//metaeuk/16213151009754550317/MetaEuk_calls /share/project/mieke/fdog_neighbor_regions/output_debug_tmp_blast_generated/XP_037025795_1_LOC119067126_337/tmp/BRAIM_335710_1//metaeuk/16213151009754550317/tmp_predict --sub-mat 'aa:blosum62.out,nucl:nucleotide.out' -a 0 --alignment-mode 2 --alignment-output-mode 0 --wrapped-scoring 0 -e 100 --min-seq-id 0 --min-aln-len 0 --seq-id-mode 0 --alt-ali 0 -c 0 --cov-mode 0 --max-seq-len 160000 --comp-bias-corr 1 --comp-bias-corr-scale 1 --max-rejected 2147483647 --max-accept 2147483647 --add-self-matches 0 --db-load-mode 0 --pca substitution:1.100,context:1.400 --pcb substitution:4.100,context:5.800 --score-bias 0 --realign 0 --realign-score-bias -0.2 --realign-max-seqs 2147483647 --corr-score-weight 0 --gap-open aa:11,nucl:5 --gap-extend aa:1,nucl:2 --zdrop 40 --threads 24 --compressed 0 -v 3 --seed-sub-mat 'aa:VTML80.out,nucl:nucleotide.out' -s 6 -k 0 --target-search-mode 0 --k-score seq:2147483647,prof:2147483647 --alph-size aa:21,nucl:5 --max-seqs 300 --split 0 --split-mode 2 --split-memory-limit 0 --diag-score 1 --exact-kmer-matching 0 --mask 1 --mask-prob 0.9 --mask-lower-case 0 --min-ungapped-score 15 --spaced-kmer-mode 1 --rescore-mode 0 --filter-hits 0 --sort-results 0 --mask-profile 1 --e-profile 0.001 --wg 0 --allow-deletion 0 --filter-msa 1 --filter-min-enable 0 --max-seq-id 0.9 --qid '0.0' --qsc -20 --cov 0 --diff 1000 --pseudo-cnt-mode 0 --min-length 15 --max-length 32734 --max-gaps 2147483647 --contig-start-mode 2 --contig-end-mode 2 --orf-start-mode 1 --forward-frames 1,2,3 --reverse-frames 1,2,3 --translation-table 1 --translate 0 --use-all-table-starts 0 --id-offset 0 --create-lookup 0 --sequence-overlap 0 --sequence-split-mode 1 --headers-split-mode 0 --chain-alignments 0 --merge-query 1 --search-type 0 --start-sens 4 --sens-steps 1 --prefilter-mode 0 --exhaustive-search 0 --exhaustive-search-filter 0 --strand 1 --lca-search 0 --disk-space-limit 0 --force-reuse 0 --remove-tmp-files 1 --metaeuk-eval 0.001 --metaeuk-tcov 0.5 --max-intron 130000 --min-intron 5 --min-exon-aa 15 --max-overlap 15 --max-exon-sets 1 --set-gap-open -1 --set-gap-extend -1 --reverse-fragments 0 

extractorfs /share/project/mieke/fdog_neighbor_regions/output_debug_tmp_blast_generated/XP_037025795_1_LOC119067126_337/tmp/BRAIM_335710_1/metaeuk/16213151009754550317/contigs /share/project/mieke/fdog_neighbor_regions/output_debug_tmp_blast_generated/XP_037025795_1_LOC119067126_337/tmp/BRAIM_335710_1/metaeuk/16213151009754550317/tmp_predict/1487566333903405905/nucl_6f --min-length 15 --max-length 32734 --max-gaps 2147483647 --contig-start-mode 2 --contig-end-mode 2 --orf-start-mode 1 --forward-frames 1,2,3 --reverse-frames 1,2,3 --translation-table 1 --translate 0 --use-all-table-starts 0 --id-offset 0 --create-lookup 0 --threads 24 --compressed 0 -v 3 

[=================================================================] 1 0s 3ms
Time for merging to nucl_6f_h: 0h 0m 0s 60ms
Time for merging to nucl_6f: 0h 0m 0s 84ms
Time for processing: 0h 0m 0s 441ms
translatenucs /share/project/mieke/fdog_neighbor_regions/output_debug_tmp_blast_generated/XP_037025795_1_LOC119067126_337/tmp/BRAIM_335710_1/metaeuk/16213151009754550317/tmp_predict/1487566333903405905/nucl_6f /share/project/mieke/fdog_neighbor_regions/output_debug_tmp_blast_generated/XP_037025795_1_LOC119067126_337/tmp/BRAIM_335710_1/metaeuk/16213151009754550317/tmp_predict/1487566333903405905/aa_6f --translation-table 1 --add-orf-stop 0 -v 3 --compressed 0 --threads 24 

[=================================================================] 43 0s 2ms
Time for merging to aa_6f: 0h 0m 0s 64ms
Time for processing: 0h 0m 0s 240ms
Create directory /share/project/mieke/fdog_neighbor_regions/output_debug_tmp_blast_generated/XP_037025795_1_LOC119067126_337/tmp/BRAIM_335710_1/metaeuk/16213151009754550317/tmp_predict/1487566333903405905/tmp_search
search /share/project/mieke/fdog_neighbor_regions/output_debug_tmp_blast_generated/XP_037025795_1_LOC119067126_337/tmp/BRAIM_335710_1/metaeuk/16213151009754550317/tmp_predict/1487566333903405905/aa_6f /share/gluster/NOTLOESUNG/freya/uniref100/uniref100 /share/project/mieke/fdog_neighbor_regions/output_debug_tmp_blast_generated/XP_037025795_1_LOC119067126_337/tmp/BRAIM_335710_1/metaeuk/16213151009754550317/tmp_predict/1487566333903405905/search_res /share/project/mieke/fdog_neighbor_regions/output_debug_tmp_blast_generated/XP_037025795_1_LOC119067126_337/tmp/BRAIM_335710_1/metaeuk/16213151009754550317/tmp_predict/1487566333903405905/tmp_search --sub-mat 'aa:blosum62.out,nucl:nucleotide.out' -a 0 --alignment-mode 2 --alignment-output-mode 0 --wrapped-scoring 0 -e 100 --min-seq-id 0 --min-aln-len 15 --seq-id-mode 0 --alt-ali 0 -c 0 --cov-mode 0 --max-seq-len 160000 --comp-bias-corr 1 --comp-bias-corr-scale 1 --max-rejected 2147483647 --max-accept 2147483647 --add-self-matches 0 --db-load-mode 0 --pca substitution:1.100,context:1.400 --pcb substitution:4.100,context:5.800 --score-bias 0 --realign 0 --realign-score-bias -0.2 --realign-max-seqs 2147483647 --corr-score-weight 0 --gap-open aa:11,nucl:5 --gap-extend aa:1,nucl:2 --zdrop 40 --threads 24 --compressed 0 -v 3 --seed-sub-mat 'aa:VTML80.out,nucl:nucleotide.out' -s 6 -k 0 --target-search-mode 0 --k-score seq:2147483647,prof:2147483647 --alph-size aa:21,nucl:5 --max-seqs 300 --split 0 --split-mode 2 --split-memory-limit 0 --diag-score 1 --exact-kmer-matching 0 --mask 1 --mask-prob 0.9 --mask-lower-case 0 --min-ungapped-score 15 --spaced-kmer-mode 1 --rescore-mode 0 --filter-hits 0 --sort-results 0 --mask-profile 1 --e-profile 0.001 --wg 0 --allow-deletion 0 --filter-msa 1 --filter-min-enable 0 --max-seq-id 0.9 --qid '0.0' --qsc -20 --cov 0 --diff 1000 --pseudo-cnt-mode 0 --min-length 15 --max-length 32734 --max-gaps 2147483647 --contig-start-mode 2 --contig-end-mode 2 --orf-start-mode 1 --forward-frames 1,2,3 --reverse-frames 1,2,3 --translation-table 1 --translate 0 --use-all-table-starts 0 --id-offset 0 --create-lookup 0 --add-orf-stop 0 --sequence-overlap 0 --sequence-split-mode 1 --headers-split-mode 0 --chain-alignments 0 --merge-query 1 --search-type 0 --num-iterations 1 --start-sens 4 --sens-steps 1 --prefilter-mode 0 --exhaustive-search 0 --exhaustive-search-filter 0 --strand 1 --lca-search 0 --disk-space-limit 0 --force-reuse 0 --remove-tmp-files 1 

prefilter /share/project/mieke/fdog_neighbor_regions/output_debug_tmp_blast_generated/XP_037025795_1_LOC119067126_337/tmp/BRAIM_335710_1/metaeuk/16213151009754550317/tmp_predict/1487566333903405905/aa_6f /share/gluster/NOTLOESUNG/freya/uniref100/uniref100 /share/project/mieke/fdog_neighbor_regions/output_debug_tmp_blast_generated/XP_037025795_1_LOC119067126_337/tmp/BRAIM_335710_1/metaeuk/16213151009754550317/tmp_predict/1487566333903405905/tmp_search/6049500014392034878/pref_0 --sub-mat 'aa:blosum62.out,nucl:nucleotide.out' --seed-sub-mat 'aa:VTML80.out,nucl:nucleotide.out' -k 0 --target-search-mode 0 --k-score seq:2147483647,prof:2147483647 --alph-size aa:21,nucl:5 --max-seq-len 160000 --max-seqs 300 --split 0 --split-mode 2 --split-memory-limit 0 -c 0 --cov-mode 0 --comp-bias-corr 1 --comp-bias-corr-scale 1 --diag-score 1 --exact-kmer-matching 0 --mask 1 --mask-prob 0.9 --mask-lower-case 0 --min-ungapped-score 15 --add-self-matches 0 --spaced-kmer-mode 1 --db-load-mode 0 --pca substitution:1.100,context:1.400 --pcb substitution:4.100,context:5.800 --threads 24 --compressed 0 -v 3 -s 6.0 

Query database size: 43 type: Aminoacid
Target split mode. Searching through 20 splits
Estimated memory consumption: 116G
Target database size: 465330530 type: Aminoacid
Process prefiltering step 1 of 20

Index table k-mer threshold: 118 at k-mer size 7 
Index table: counting k-mers
[=================================================================] 23.50M 10m 57s 243ms
Index table: Masked residues: 162191394
Index table: fill
[=================================================================] 23.50M 8m 53s 905ms
Index statistics
Entries:          8498837309
DB size:          58396 MB
Avg k-mer size:   6.639717
Top 10 k-mers
    SGQQRIA	71884
    GPGGKLL	61758
    YTGTGKG	41842
    GGQRVAR	35784
    AFRNNFW	29401
    LSPLAIT	27651
    TMLDRNT	25459
    SLVAGTM	25016
    TALLLPV	24638
    AGIMLDR	23942
Time for index table init: 0h 20m 36s 583ms
k-mer similarity threshold: 118
Starting prefiltering scores calculation (step 1 of 20)
Query db start 1 to 43
Target db start 1 to 23501181
[=================================================================] 43 0s 116ms

3362.656897 k-mers per position
699312 DB matches per sequence
0 overflows
30 sequences passed prefiltering per query sequence
30 median result list length
0 sequences with 0 size result lists
Time for merging to pref_0_tmp_0: 0h 0m 0s 116ms
Time for merging to pref_0_tmp_0_tmp: 0h 0m 0s 95ms
Process prefiltering step 2 of 20

Index table k-mer threshold: 118 at k-mer size 7 
Index table: counting k-mers
[=================================================================] 23.00M 10m 54s 418ms
Index table: Masked residues: 169829590
Index table: fill
[=================================================================] 23.00M 9m 2s 832ms
Index statistics
Entries:          8493297376
DB size:          58364 MB
Avg k-mer size:   6.635389
Top 10 k-mers
    SGQQRIA	72169
    GPGGKLL	62542
    YTGTGKG	43574
    GGQRVAR	34713
    AFRNNFW	27950
    LSPLAIT	26079
    GRFVVEV	25494
    LLGPGKT	24840
    IFLLASS	24141
    TMLDRNT	24041
Time for index table init: 0h 20m 42s 512ms
k-mer similarity threshold: 118
Starting prefiltering scores calculation (step 2 of 20)
Query db start 1 to 43
Target db start 23501182 to 46505861
[=================================================================] 43 0s 124ms

3362.656897 k-mers per position
697486 DB matches per sequence
0 overflows
30 sequences passed prefiltering per query sequence
30 median result list length
0 sequences with 0 size result lists
Time for merging to pref_0_tmp_1: 0h 0m 0s 79ms
Time for merging to pref_0_tmp_1_tmp: 0h 0m 0s 77ms
Process prefiltering step 3 of 20

Index table k-mer threshold: 118 at k-mer size 7 
Index table: counting k-mers
[=================================================================] 23.40M 10m 32s 497ms
Index table: Masked residues: 155446303
Index table: fill
[=================================================================] 23.40M 8m 20s 90ms
Index statistics
Entries:          8510717405
DB size:          58464 MB
Avg k-mer size:   6.648998
Top 10 k-mers
    SGQQRIA	77879
    GPGGKLL	65939
    YTGTGKG	46413
    GGQRVAR	38477
    LNAEAAG	28000
    GRFVVEV	27063
    GGRRVAR	25048
    ALGSGKS	24915
    LLGPGKT	23824
    RAEGRAV	22866
Time for index table init: 0h 19m 34s 266ms
k-mer similarity threshold: 118
Starting prefiltering scores calculation (step 3 of 20)
Query db start 1 to 43
Target db start 46505862 to 69909457
[=================================================================] 43 0s 120ms

3362.656897 k-mers per position
693884 DB matches per sequence
0 overflows
30 sequences passed prefiltering per query sequence
30 median result list length
0 sequences with 0 size result lists
Time for merging to pref_0_tmp_2: 0h 0m 0s 71ms
Time for merging to pref_0_tmp_2_tmp: 0h 0m 0s 76ms
Process prefiltering step 4 of 20

Index table k-mer threshold: 118 at k-mer size 7 
Index table: counting k-mers
[=================================================================] 23.66M 9m 53s 293ms
Index table: Masked residues: 159034925
Index table: fill
[=================================================================] 23.66M 8m 26s 926ms
Index statistics
Entries:          8501542820
DB size:          58411 MB
Avg k-mer size:   6.641830
Top 10 k-mers
    SGQQRIA	73815
    GPGGKLL	64271
    YTGTGKG	43586
    GGQRVAR	36988
    AFRNNFW	27835
    LSPLAIT	26055
    LLGPGKT	25250
    GRFVVEV	24798
    IFLLASS	23999
    TMLDRNT	23855
Time for index table init: 0h 19m 2s 903ms
k-mer similarity threshold: 118
Starting prefiltering scores calculation (step 4 of 20)
Query db start 1 to 43
Target db start 69909458 to 93567332
[=================================================================] 43 0s 109ms

3362.656897 k-mers per position
697470 DB matches per sequence
0 overflows
30 sequences passed prefiltering per query sequence
30 median result list length
0 sequences with 0 size result lists
Time for merging to pref_0_tmp_3: 0h 0m 0s 63ms
Time for merging to pref_0_tmp_3_tmp: 0h 0m 0s 136ms
Process prefiltering step 5 of 20

Index table k-mer threshold: 118 at k-mer size 7 
Index table: counting k-mers
[=================================================================] 22.78M 9m 54s 516ms
Index table: Masked residues: 165682811
Index table: fill
[=================================================================Bus error
Error: Prefilter died
Error: search step died
Error: predictexons step died
easy-predict /share/project/mieke/fdog_neighbor_regions/output_debug_tmp_blast_generated/XP_037025795_1_LOC119067126_337/tmp/BRAIM_335710_1/OZ247434.1_3.fasta /share/gluster/NOTLOESUNG/freya/uniref100/uniref100 /share/project/mieke/fdog_neighbor_regions/output_debug_tmp_blast_generated/XP_037025795_1_LOC119067126_337/tmp/BRAIM_335710_1/OZ247434.1_3 /share/project/mieke/fdog_neighbor_regions/output_debug_tmp_blast_generated/XP_037025795_1_LOC119067126_337/tmp/BRAIM_335710_1//metaeuk --max-intron 130000 --max-seq-len 160000 --min-exon-aa 15 --max-overlap 15 --min-intron 5 --overlap 1 -s 6 --split 0 --remove-tmp-files 

MMseqs Version:                                             	7.bba0d80
Substitution matrix                                         	aa:blosum62.out,nucl:nucleotide.out
Add backtrace                                               	false
Alignment mode                                              	2
Alignment mode                                              	0
Allow wrapped scoring                                       	false
E-value threshold                                           	100
Seq. id. threshold                                          	0
Min alignment length                                        	0
Seq. id. mode                                               	0
Alternative alignments                                      	0
Coverage threshold                                          	0
Coverage mode                                               	0
Max sequence length                                         	160000
Compositional bias                                          	1
Compositional bias                                          	1
Max reject                                                  	2147483647
Max accept                                                  	2147483647
Include identical seq. id.                                  	false
Preload mode                                                	0
Pseudo count a                                              	substitution:1.100,context:1.400
Pseudo count b                                              	substitution:4.100,context:5.800
Score bias                                                  	0
Realign hits                                                	false
Realign score bias                                          	-0.2
Realign max seqs                                            	2147483647
Correlation score weight                                    	0
Gap open cost                                               	aa:11,nucl:5
Gap extension cost                                          	aa:1,nucl:2
Zdrop                                                       	40
Threads                                                     	24
Compressed                                                  	0
Verbosity                                                   	3
Seed substitution matrix                                    	aa:VTML80.out,nucl:nucleotide.out
Sensitivity                                                 	6
k-mer length                                                	0
Target search mode                                          	0
k-score                                                     	seq:2147483647,prof:2147483647
Alphabet size                                               	aa:21,nucl:5
Max results per query                                       	300
Split database                                              	0
Split mode                                                  	2
Split memory limit                                          	0
Diagonal scoring                                            	true
Exact k-mer matching                                        	0
Mask residues                                               	1
Mask residues probability                                   	0.9
Mask lower case residues                                    	0
Minimum diagonal score                                      	15
Selected taxa                                               	
Spaced k-mers                                               	1
Spaced k-mer pattern                                        	
Local temporary path                                        	
Rescore mode                                                	0
Remove hits by seq. id. and coverage                        	false
Sort results                                                	0
Mask profile                                                	1
Profile E-value threshold                                   	0.001
Global sequence weighting                                   	false
Allow deletions                                             	false
Filter MSA                                                  	1
Use filter only at N seqs                                   	0
Maximum seq. id. threshold                                  	0.9
Minimum seq. id.                                            	0.0
Minimum score per column                                    	-20
Minimum coverage                                            	0
Select N most diverse seqs                                  	1000
Pseudo count mode                                           	0
Min codons in orf                                           	15
Max codons in length                                        	32734
Max orf gaps                                                	2147483647
Contig start mode                                           	2
Contig end mode                                             	2
Orf start mode                                              	1
Forward frames                                              	1,2,3
Reverse frames                                              	1,2,3
Translation table                                           	1
Translate orf                                               	0
Use all table starts                                        	false
Offset of numeric ids                                       	0
Create lookup                                               	0
Overlap between sequences                                   	0
Sequence split mode                                         	1
Header split mode                                           	0
Chain overlapping alignments                                	0
Merge query                                                 	1
Search type                                                 	0
Start sensitivity                                           	4
Search steps                                                	1
Prefilter mode                                              	0
Exhaustive search mode                                      	false
Filter results during exhaustive search                     	0
Strand selection                                            	1
LCA search mode                                             	false
Disk space limit                                            	0
MPI runner                                                  	
Force restart with latest tmp                               	false
Remove temporary files                                      	true
maximal combined evalue of an optimal set                   	0.001
minimal length ratio between combined optimal set and target	0.5
Maximal intron length                                       	130000
Minimal intron length                                       	5
Minimal exon length aa                                      	15
Maximal overlap of exons                                    	15
Maximal number of exon sets                                 	1
Gap open penalty                                            	-1
Gap extend penalty                                          	-1
Reverse AA Fragments                                        	0
allow same-strand overlaps                                  	1
translate codons to AAs                                     	0
write target key instead of accession                       	0
write fragment contig coords                                	0
length to scan for start codon                              	0

createdb /share/project/mieke/fdog_neighbor_regions/output_debug_tmp_blast_generated/XP_037025795_1_LOC119067126_337/tmp/BRAIM_335710_1/OZ247434.1_3.fasta /share/project/mieke/fdog_neighbor_regions/output_debug_tmp_blast_generated/XP_037025795_1_LOC119067126_337/tmp/BRAIM_335710_1//metaeuk/7417899973308435791/contigs --dbtype 2 --compressed 0 -v 3 

Converting sequences
[
Time for merging to contigs_h: 0h 0m 0s 110ms
Time for merging to contigs: 0h 0m 0s 77ms
Database type: Nucleotide
Time for processing: 0h 0m 0s 535ms
Create directory /share/project/mieke/fdog_neighbor_regions/output_debug_tmp_blast_generated/XP_037025795_1_LOC119067126_337/tmp/BRAIM_335710_1//metaeuk/7417899973308435791/tmp_predict
predictexons /share/project/mieke/fdog_neighbor_regions/output_debug_tmp_blast_generated/XP_037025795_1_LOC119067126_337/tmp/BRAIM_335710_1//metaeuk/7417899973308435791/contigs /share/gluster/NOTLOESUNG/freya/uniref100/uniref100 /share/project/mieke/fdog_neighbor_regions/output_debug_tmp_blast_generated/XP_037025795_1_LOC119067126_337/tmp/BRAIM_335710_1//metaeuk/7417899973308435791/MetaEuk_calls /share/project/mieke/fdog_neighbor_regions/output_debug_tmp_blast_generated/XP_037025795_1_LOC119067126_337/tmp/BRAIM_335710_1//metaeuk/7417899973308435791/tmp_predict --sub-mat 'aa:blosum62.out,nucl:nucleotide.out' -a 0 --alignment-mode 2 --alignment-output-mode 0 --wrapped-scoring 0 -e 100 --min-seq-id 0 --min-aln-len 0 --seq-id-mode 0 --alt-ali 0 -c 0 --cov-mode 0 --max-seq-len 160000 --comp-bias-corr 1 --comp-bias-corr-scale 1 --max-rejected 2147483647 --max-accept 2147483647 --add-self-matches 0 --db-load-mode 0 --pca substitution:1.100,context:1.400 --pcb substitution:4.100,context:5.800 --score-bias 0 --realign 0 --realign-score-bias -0.2 --realign-max-seqs 2147483647 --corr-score-weight 0 --gap-open aa:11,nucl:5 --gap-extend aa:1,nucl:2 --zdrop 40 --threads 24 --compressed 0 -v 3 --seed-sub-mat 'aa:VTML80.out,nucl:nucleotide.out' -s 6 -k 0 --target-search-mode 0 --k-score seq:2147483647,prof:2147483647 --alph-size aa:21,nucl:5 --max-seqs 300 --split 0 --split-mode 2 --split-memory-limit 0 --diag-score 1 --exact-kmer-matching 0 --mask 1 --mask-prob 0.9 --mask-lower-case 0 --min-ungapped-score 15 --spaced-kmer-mode 1 --rescore-mode 0 --filter-hits 0 --sort-results 0 --mask-profile 1 --e-profile 0.001 --wg 0 --allow-deletion 0 --filter-msa 1 --filter-min-enable 0 --max-seq-id 0.9 --qid '0.0' --qsc -20 --cov 0 --diff 1000 --pseudo-cnt-mode 0 --min-length 15 --max-length 32734 --max-gaps 2147483647 --contig-start-mode 2 --contig-end-mode 2 --orf-start-mode 1 --forward-frames 1,2,3 --reverse-frames 1,2,3 --translation-table 1 --translate 0 --use-all-table-starts 0 --id-offset 0 --create-lookup 0 --sequence-overlap 0 --sequence-split-mode 1 --headers-split-mode 0 --chain-alignments 0 --merge-query 1 --search-type 0 --start-sens 4 --sens-steps 1 --prefilter-mode 0 --exhaustive-search 0 --exhaustive-search-filter 0 --strand 1 --lca-search 0 --disk-space-limit 0 --force-reuse 0 --remove-tmp-files 1 --metaeuk-eval 0.001 --metaeuk-tcov 0.5 --max-intron 130000 --min-intron 5 --min-exon-aa 15 --max-overlap 15 --max-exon-sets 1 --set-gap-open -1 --set-gap-extend -1 --reverse-fragments 0 

extractorfs /share/project/mieke/fdog_neighbor_regions/output_debug_tmp_blast_generated/XP_037025795_1_LOC119067126_337/tmp/BRAIM_335710_1/metaeuk/7417899973308435791/contigs /share/project/mieke/fdog_neighbor_regions/output_debug_tmp_blast_generated/XP_037025795_1_LOC119067126_337/tmp/BRAIM_335710_1/metaeuk/7417899973308435791/tmp_predict/17344652414625203318/nucl_6f --min-length 15 --max-length 32734 --max-gaps 2147483647 --contig-start-mode 2 --contig-end-mode 2 --orf-start-mode 1 --forward-frames 1,2,3 --reverse-frames 1,2,3 --translation-table 1 --translate 0 --use-all-table-starts 0 --id-offset 0 --create-lookup 0 --threads 24 --compressed 0 -v 3 

[=================================================================] 1 0s 6ms
Time for merging to nucl_6f_h: 0h 0m 0s 87ms
Time for merging to nucl_6f: 0h 0m 0s 137ms
Time for processing: 0h 0m 0s 510ms
translatenucs /share/project/mieke/fdog_neighbor_regions/output_debug_tmp_blast_generated/XP_037025795_1_LOC119067126_337/tmp/BRAIM_335710_1/metaeuk/7417899973308435791/tmp_predict/17344652414625203318/nucl_6f /share/project/mieke/fdog_neighbor_regions/output_debug_tmp_blast_generated/XP_037025795_1_LOC119067126_337/tmp/BRAIM_335710_1/metaeuk/7417899973308435791/tmp_predict/17344652414625203318/aa_6f --translation-table 1 --add-orf-stop 0 -v 3 --compressed 0 --threads 24 

[=================================================================] 957 0s 3ms
Time for merging to aa_6f: 0h 0m 0s 118ms
Time for processing: 0h 0m 0s 320ms
Create directory /share/project/mieke/fdog_neighbor_regions/output_debug_tmp_blast_generated/XP_037025795_1_LOC119067126_337/tmp/BRAIM_335710_1/metaeuk/7417899973308435791/tmp_predict/17344652414625203318/tmp_search
search /share/project/mieke/fdog_neighbor_regions/output_debug_tmp_blast_generated/XP_037025795_1_LOC119067126_337/tmp/BRAIM_335710_1/metaeuk/7417899973308435791/tmp_predict/17344652414625203318/aa_6f /share/gluster/NOTLOESUNG/freya/uniref100/uniref100 /share/project/mieke/fdog_neighbor_regions/output_debug_tmp_blast_generated/XP_037025795_1_LOC119067126_337/tmp/BRAIM_335710_1/metaeuk/7417899973308435791/tmp_predict/17344652414625203318/search_res /share/project/mieke/fdog_neighbor_regions/output_debug_tmp_blast_generated/XP_037025795_1_LOC119067126_337/tmp/BRAIM_335710_1/metaeuk/7417899973308435791/tmp_predict/17344652414625203318/tmp_search --sub-mat 'aa:blosum62.out,nucl:nucleotide.out' -a 0 --alignment-mode 2 --alignment-output-mode 0 --wrapped-scoring 0 -e 100 --min-seq-id 0 --min-aln-len 15 --seq-id-mode 0 --alt-ali 0 -c 0 --cov-mode 0 --max-seq-len 160000 --comp-bias-corr 1 --comp-bias-corr-scale 1 --max-rejected 2147483647 --max-accept 2147483647 --add-self-matches 0 --db-load-mode 0 --pca substitution:1.100,context:1.400 --pcb substitution:4.100,context:5.800 --score-bias 0 --realign 0 --realign-score-bias -0.2 --realign-max-seqs 2147483647 --corr-score-weight 0 --gap-open aa:11,nucl:5 --gap-extend aa:1,nucl:2 --zdrop 40 --threads 24 --compressed 0 -v 3 --seed-sub-mat 'aa:VTML80.out,nucl:nucleotide.out' -s 6 -k 0 --target-search-mode 0 --k-score seq:2147483647,prof:2147483647 --alph-size aa:21,nucl:5 --max-seqs 300 --split 0 --split-mode 2 --split-memory-limit 0 --diag-score 1 --exact-kmer-matching 0 --mask 1 --mask-prob 0.9 --mask-lower-case 0 --min-ungapped-score 15 --spaced-kmer-mode 1 --rescore-mode 0 --filter-hits 0 --sort-results 0 --mask-profile 1 --e-profile 0.001 --wg 0 --allow-deletion 0 --filter-msa 1 --filter-min-enable 0 --max-seq-id 0.9 --qid '0.0' --qsc -20 --cov 0 --diff 1000 --pseudo-cnt-mode 0 --min-length 15 --max-length 32734 --max-gaps 2147483647 --contig-start-mode 2 --contig-end-mode 2 --orf-start-mode 1 --forward-frames 1,2,3 --reverse-frames 1,2,3 --translation-table 1 --translate 0 --use-all-table-starts 0 --id-offset 0 --create-lookup 0 --add-orf-stop 0 --sequence-overlap 0 --sequence-split-mode 1 --headers-split-mode 0 --chain-alignments 0 --merge-query 1 --search-type 0 --num-iterations 1 --start-sens 4 --sens-steps 1 --prefilter-mode 0 --exhaustive-search 0 --exhaustive-search-filter 0 --strand 1 --lca-search 0 --disk-space-limit 0 --force-reuse 0 --remove-tmp-files 1 

prefilter /share/project/mieke/fdog_neighbor_regions/output_debug_tmp_blast_generated/XP_037025795_1_LOC119067126_337/tmp/BRAIM_335710_1/metaeuk/7417899973308435791/tmp_predict/17344652414625203318/aa_6f /share/gluster/NOTLOESUNG/freya/uniref100/uniref100 /share/project/mieke/fdog_neighbor_regions/output_debug_tmp_blast_generated/XP_037025795_1_LOC119067126_337/tmp/BRAIM_335710_1/metaeuk/7417899973308435791/tmp_predict/17344652414625203318/tmp_search/11376415334538672498/pref_0 --sub-mat 'aa:blosum62.out,nucl:nucleotide.out' --seed-sub-mat 'aa:VTML80.out,nucl:nucleotide.out' -k 0 --target-search-mode 0 --k-score seq:2147483647,prof:2147483647 --alph-size aa:21,nucl:5 --max-seq-len 160000 --max-seqs 300 --split 0 --split-mode 2 --split-memory-limit 0 -c 0 --cov-mode 0 --comp-bias-corr 1 --comp-bias-corr-scale 1 --diag-score 1 --exact-kmer-matching 0 --mask 1 --mask-prob 0.9 --mask-lower-case 0 --min-ungapped-score 15 --add-self-matches 0 --spaced-kmer-mode 1 --db-load-mode 0 --pca substitution:1.100,context:1.400 --pcb substitution:4.100,context:5.800 --threads 24 --compressed 0 -v 3 -s 6.0 

Query database size: 957 type: Aminoacid
Target split mode. Searching through 20 splits
Estimated memory consumption: 116G
Target database size: 465330530 type: Aminoacid
Process prefiltering step 1 of 20

Index table k-mer threshold: 118 at k-mer size 7 
Index table: counting k-mers
[=================================================================] 23.50M 9m 57s 176ms
Index table: Masked residues: 162191394
Index table: fill
[=================================================================] 23.50M 8m 28s 384ms
Index statistics
Entries:          8498837309
DB size:          58396 MB
Avg k-mer size:   6.639717
Top 10 k-mers
    SGQQRIA	71884
    GPGGKLL	61758
    YTGTGKG	41842
    GGQRVAR	35784
    AFRNNFW	29401
    LSPLAIT	27651
    TMLDRNT	25459
    SLVAGTM	25016
    TALLLPV	24638
    AGIMLDR	23942
Time for index table init: 0h 19m 6s 604ms
k-mer similarity threshold: 118
Starting prefiltering scores calculation (step 1 of 20)
Query db start 1 to 957
Target db start 1 to 23501181
[=================================================================] 957 3s 443ms

2918.289141 k-mers per position
419387 DB matches per sequence
0 overflows
29 sequences passed prefiltering per query sequence
30 median result list length
1 sequences with 0 size result lists
Time for merging to pref_0_tmp_0: 0h 0m 0s 56ms
Time for merging to pref_0_tmp_0_tmp: 0h 0m 0s 196ms
Process prefiltering step 2 of 20

Index table k-mer threshold: 118 at k-mer size 7 
Index table: counting k-mers
[=================================================================] 23.00M 9m 55s 56ms
Index table: Masked residues: 169829590
Index table: fill
[=================================================================] 23.00M 8m 34s 112ms
Index statistics
Entries:          8493297376
DB size:          58364 MB
Avg k-mer size:   6.635389
Top 10 k-mers
    SGQQRIA	72169
    GPGGKLL	62542
    YTGTGKG	43574
    GGQRVAR	34713
    AFRNNFW	27950
    LSPLAIT	26079
    GRFVVEV	25494
    LLGPGKT	24840
    IFLLASS	24141
    TMLDRNT	24041
Time for index table init: 0h 19m 10s 216ms
k-mer similarity threshold: 118
Starting prefiltering scores calculation (step 2 of 20)
Query db start 1 to 957
Target db start 23501182 to 46505861
[=================================================================] 957 3s 819ms

2918.289141 k-mers per position
417541 DB matches per sequence
0 overflows
29 sequences passed prefiltering per query sequence
30 median result list length
0 sequences with 0 size result lists
Time for merging to pref_0_tmp_1: 0h 0m 0s 58ms
Time for merging to pref_0_tmp_1_tmp: 0h 0m 0s 142ms
Process prefiltering step 3 of 20

Index table k-mer threshold: 118 at k-mer size 7 
Index table: counting k-mers
[=================================================================] 23.40M 9m 53s 199ms
Index table: Masked residues: 155446303
Index table: fill
[=================================================================] 23.40M 9m 4s 193ms
Index statistics
Entries:          8510717405
DB size:          58464 MB
Avg k-mer size:   6.648998
Top 10 k-mers
    SGQQRIA	77879
    GPGGKLL	65939
    YTGTGKG	46413
    GGQRVAR	38477
    LNAEAAG	28000
    GRFVVEV	27063
    GGRRVAR	25048
    ALGSGKS	24915
    LLGPGKT	23824
    RAEGRAV	22866
Time for index table init: 0h 19m 38s 254ms
k-mer similarity threshold: 118
Starting prefiltering scores calculation (step 3 of 20)
Query db start 1 to 957
Target db start 46505862 to 69909457
[=================================================================] 957 3s 770ms

2918.289141 k-mers per position
414110 DB matches per sequence
0 overflows
29 sequences passed prefiltering per query sequence
30 median result list length
0 sequences with 0 size result lists
Time for merging to pref_0_tmp_2: 0h 0m 0s 78ms
Time for merging to pref_0_tmp_2_tmp: 0h 0m 0s 160ms
Process prefiltering step 4 of 20

Index table k-mer threshold: 118 at k-mer size 7 
Index table: counting k-mers
[=================================================================] 23.66M 9m 52s 830ms
Index table: Masked residues: 159034925
Index table: fill
[=================================================================] 23.66M 8m 50s 254ms
Index statistics
Entries:          8501542820
DB size:          58411 MB
Avg k-mer size:   6.641830
Top 10 k-mers
    SGQQRIA	73815
    GPGGKLL	64271
    YTGTGKG	43586
    GGQRVAR	36988
    AFRNNFW	27835
    LSPLAIT	26055
    LLGPGKT	25250
    GRFVVEV	24798
    IFLLASS	23999
    TMLDRNT	23855
Time for index table init: 0h 19m 23s 849ms
k-mer similarity threshold: 118
Starting prefiltering scores calculation (step 4 of 20)
Query db start 1 to 957
Target db start 69909458 to 93567332
[=================================================================] 957 3s 862ms

2918.289141 k-mers per position
417075 DB matches per sequence
0 overflows
29 sequences passed prefiltering per query sequence
30 median result list length
2 sequences with 0 size result lists
Time for merging to pref_0_tmp_3: 0h 0m 0s 84ms
Time for merging to pref_0_tmp_3_tmp: 0h 0m 0s 158ms
Process prefiltering step 5 of 20

Index table k-mer threshold: 118 at k-mer size 7 
Index table: counting k-mers
[=================================================================] 22.78M 9m 54s 101ms
Index table: Masked residues: 165682811
Index table: fill
[=================================================================] 22.78M 9m 0s 904ms
Index statistics
Entries:          8503060615
DB size:          58420 MB
Avg k-mer size:   6.643016
Top 10 k-mers
    SGQQRIA	76084
    GPGGKLL	64859
    YTGTGKG	46939
    GGQRVAR	37003
    GRFVVEV	28119
    EARGERG	24768
    ALGSGKS	24502
    GGRRVAR	24040
    RAEGRAV	23725
    AIGSGKS	20905
Time for index table init: 0h 19m 35s 996ms
k-mer similarity threshold: 118
Starting prefiltering scores calculation (step 5 of 20)
Query db start 1 to 957
Target db start 93567333 to 116346175
[=================================================================] 957 3s 775ms

2918.289141 k-mers per position
414534 DB matches per sequence
0 overflows
29 sequences passed prefiltering per query sequence
30 median result list length
1 sequences with 0 size result lists
Time for merging to pref_0_tmp_4: 0h 0m 0s 99ms
Time for merging to pref_0_tmp_4_tmp: 0h 0m 0s 188ms
Process prefiltering step 6 of 20

Index table k-mer threshold: 118 at k-mer size 7 
Index table: counting k-mers
[=================================================================] 23.50M 9m 53s 143ms
Index table: Masked residues: 162521060
Index table: fill
[=================================================================] 23.50M 9m 9s 345ms
Index statistics
Entries:          8498376567
DB size:          58393 MB
Avg k-mer size:   6.639357
Top 10 k-mers
    SGQQRIA	71797
    GPGGKLL	62340
    GQQVARA	44851
    YTGTGKG	42163
    GGQRVAR	35442
    AFRNNFW	29138
    LSPLAIT	27271
    IFLLASS	25307
    LLGPGKT	25223
    TMLDRNT	25186
Time for index table init: 0h 19m 44s 262ms
k-mer similarity threshold: 118
Starting prefiltering scores calculation (step 6 of 20)
Query db start 1 to 957
Target db start 116346176 to 139849565
[=================================================================] 957 3s 911ms

2918.289141 k-mers per position
419288 DB matches per sequence
0 overflows
29 sequences passed prefiltering per query sequence
30 median result list length
0 sequences with 0 size result lists
Time for merging to pref_0_tmp_5: 0h 0m 0s 106ms
Time for merging to pref_0_tmp_5_tmp: 0h 0m 0s 121ms
Process prefiltering step 7 of 20

Index table k-mer threshold: 118 at k-mer size 7 
Index table: counting k-mers
[=================================================================] 23.01M 9m 53s 319ms
Index table: Masked residues: 169575721
Index table: fill
[=================================================================] 23.01M 8m 53s 799ms
Index statistics
Entries:          8493584373
DB size:          58366 MB
Avg k-mer size:   6.635613
Top 10 k-mers
    SGQQRIA	72479
    GPGGKLL	62610
    YTGTGKG	44056
    GGQRVAR	34931
    AFRNNFW	27847
    LSPLAIT	26258
    GRFVVEV	25549
    LLGPGKT	24729
    IFLLASS	24196
    TMLDRNT	23938
Time for index table init: 0h 19m 27s 522ms
k-mer similarity threshold: 118
Starting prefiltering scores calculation (step 7 of 20)
Query db start 1 to 957
Target db start 139849566 to 162854690
[=================================================================] 957 3s 922ms

2918.289141 k-mers per position
417607 DB matches per sequence
0 overflows
29 sequences passed prefiltering per query sequence
30 median result list length
1 sequences with 0 size result lists
Time for merging to pref_0_tmp_6: 0h 0m 0s 61ms
Time for merging to pref_0_tmp_6_tmp: 0h 0m 0s 124ms
Process prefiltering step 8 of 20

Index table k-mer threshold: 118 at k-mer size 7 
Index table: counting k-mers
[=================================================================] 23.40M 9m 57s 251ms
Index table: Masked residues: 155273997
Index table: fill
[=================================================================] 23.40M 8m 54s 193ms
Index statistics
Entries:          8510866757
DB size:          58465 MB
Avg k-mer size:   6.649115
Top 10 k-mers
    SGQQRIA	77938
    GPGGKLL	66604
    YTGTGKG	46307
    GGQRVAR	38750
    GRFVVEV	27218
    GGRRVAR	24962
    ALGSGKS	24941
    LLGPGKT	23633
    RAEGRAV	22978
    RYYVLGW	20470
Time for index table init: 0h 19m 31s 953ms
k-mer similarity threshold: 118
Starting prefiltering scores calculation (step 8 of 20)
Query db start 1 to 957
Target db start 162854691 to 186259068
[=================================================================] 957 3s 938ms

2918.289141 k-mers per position
414130 DB matches per sequence
0 overflows
29 sequences passed prefiltering per query sequence
30 median result list length
1 sequences with 0 size result lists
Time for merging to pref_0_tmp_7: 0h 0m 0s 105ms
Time for merging to pref_0_tmp_7_tmp: 0h 0m 0s 102ms
Process prefiltering step 9 of 20

Index table k-mer threshold: 118 at k-mer size 7 
Index table: counting k-mers
[=================================================================] 23.65M 9m 52s 774ms
Index table: Masked residues: 159022994
Index table: fill
[=================================================================] 23.65M 8m 37s 492ms
Index statistics
Entries:          8501565728
DB size:          58411 MB
Avg k-mer size:   6.641848
Top 10 k-mers
    SGQQRIA	74277
    GPGGKLL	63710
    YTGTGKG	43564
    GGQRVAR	36568
    AFRNNFW	28195
    LSPLAIT	26575
    LLGPGKT	25261
    GRFVVEV	24685
    IFLLASS	24280
    TMLDRNT	24220
Time for index table init: 0h 19m 11s 350ms
k-mer similarity threshold: 118
Starting prefiltering scores calculation (step 9 of 20)
Query db start 1 to 957
Target db start 186259069 to 209911570
[=================================================================] 957 3s 816ms

2918.289141 k-mers per position
417199 DB matches per sequence
0 overflows
29 sequences passed prefiltering per query sequence
30 median result list length
1 sequences with 0 size result lists
Time for merging to pref_0_tmp_8: 0h 0m 0s 116ms
Time for merging to pref_0_tmp_8_tmp: 0h 0m 0s 145ms
Process prefiltering step 10 of 20

Index table k-mer threshold: 118 at k-mer size 7 
Index table: counting k-mers
[=================================================================] 22.76M 9m 54s 256ms
Index table: Masked residues: 165646902
Index table: fill
[=================================================================] 22.76M 8m 55s 976ms
Index statistics
Entries:          8503108081
DB size:          58420 MB
Avg k-mer size:   6.643053
Top 10 k-mers
    SGQQRIA	75712
    GPGGKLL	65085
    YTGTGKG	46991
    GGQRVAR	36690
    GRFVVEV	27811
    RGAVAVR	24640
    ALGSGKS	24569
    GGRRVAR	24285
    ALGNGKS	24141
    RAEGRAV	23488
Time for index table init: 0h 19m 31s 380ms
k-mer similarity threshold: 118
Starting prefiltering scores calculation (step 10 of 20)
Query db start 1 to 957
Target db start 209911571 to 232670738
[=================================================================] 957 3s 807ms

2918.289141 k-mers per position
414488 DB matches per sequence
0 overflows
29 sequences passed prefiltering per query sequence
30 median result list length
1 sequences with 0 size result lists
Time for merging to pref_0_tmp_9: 0h 0m 0s 65ms
Time for merging to pref_0_tmp_9_tmp: 0h 0m 0s 144ms
Process prefiltering step 11 of 20

Index table k-mer threshold: 118 at k-mer size 7 
Index table: counting k-mers
[=================================================================] 23.49M 9m 53s 1ms
Index table: Masked residues: 162840617
Index table: fill
[=================================================================] 23.49M 8m 44s 785ms
Index statistics
Entries:          8497772696
DB size:          58390 MB
Avg k-mer size:   6.638885
Top 10 k-mers
    SGQQRIA	71881
    GPGGKLL	61952
    GQQVARA	44691
    YTGTGKG	41982
    GGQRVAR	34924
    AFRNNFW	29136
    LSPLAIT	27313
    LLGPGKT	25241
    TMLDRNT	25198
    TALLLPV	24509
Time for index table init: 0h 19m 18s 824ms
k-mer similarity threshold: 118
Starting prefiltering scores calculation (step 11 of 20)
Query db start 1 to 957
Target db start 232670739 to 256164003
[=================================================================] 957 3s 839ms

2918.289141 k-mers per position
419317 DB matches per sequence
0 overflows
29 sequences passed prefiltering per query sequence
30 median result list length
0 sequences with 0 size result lists
Time for merging to pref_0_tmp_10: 0h 0m 0s 91ms
Time for merging to pref_0_tmp_10_tmp: 0h 0m 0s 101ms
Process prefiltering step 12 of 20

Index table k-mer threshold: 118 at k-mer size 7 
Index table: counting k-mers
[=================================================================] 23.01M 9m 53s 874ms
Index table: Masked residues: 169589212
Index table: fill
[=================================================================] 23.01M 9m 33s 604ms
Index statistics
Entries:          8493822999
DB size:          58367 MB
Avg k-mer size:   6.635799
Top 10 k-mers
    SGQQRIA	72387
    GPGGKLL	62432
    YTGTGKG	43755
    GGQRVAR	34773
    AFRNNFW	27926
    LSPLAIT	26231
    GRFVVEV	25643
    LLGPGKT	24664
    IFLLASS	24163
    TMLDRNT	24103
Time for index table init: 0h 20m 7s 350ms
k-mer similarity threshold: 118
Starting prefiltering scores calculation (step 12 of 20)
Query db start 1 to 957
Target db start 256164004 to 279169959
[=================================================================] 957 3s 995ms

2918.289141 k-mers per position
417577 DB matches per sequence
0 overflows
29 sequences passed prefiltering per query sequence
30 median result list length
0 sequences with 0 size result lists
Time for merging to pref_0_tmp_11: 0h 0m 0s 97ms
Time for merging to pref_0_tmp_11_tmp: 0h 0m 0s 116ms
Process prefiltering step 13 of 20

Index table k-mer threshold: 118 at k-mer size 7 
Index table: counting k-mers
[=================================================================] 23.41M 9m 53s 858ms
Index table: Masked residues: 155443301
Index table: fill
[=================================================================] 23.41M 8m 46s 901ms
Index statistics
Entries:          8511030179
DB size:          58466 MB
Avg k-mer size:   6.649242
Top 10 k-mers
    SGQQRIA	77326
    GPGGKLL	66264
    YTGTGKG	45969
    GGQRVAR	38666
    GRFVVEV	27232
    GGRRVAR	24997
    ALGSGKS	24927
    LLGPGKT	23753
    RAEGRAV	22957
    RYYVLGW	20471
Time for index table init: 0h 19m 21s 865ms
k-mer similarity threshold: 118
Starting prefiltering scores calculation (step 13 of 20)
Query db start 1 to 957
Target db start 279169960 to 302577196
[=================================================================] 957 3s 824ms

2918.289141 k-mers per position
414185 DB matches per sequence
0 overflows
29 sequences passed prefiltering per query sequence
30 median result list length
1 sequences with 0 size result lists
Time for merging to pref_0_tmp_12: 0h 0m 0s 52ms
Time for merging to pref_0_tmp_12_tmp: 0h 0m 0s 115ms
Process prefiltering step 14 of 20

Index table k-mer threshold: 118 at k-mer size 7 
Index table: counting k-mers
[=================================================================] 23.66M 9m 52s 772ms
Index table: Masked residues: 159169611
Index table: fill
[=================================================================] 23.66M 9m 9s 929ms
Index statistics
Entries:          8501669721
DB size:          58412 MB
Avg k-mer size:   6.641929
Top 10 k-mers
    SGQQRIA	73978
    GPGGKLL	64191
    YTGTGKG	43181
    GGQRVAR	36540
    AFRNNFW	28038
    LSPLAIT	26449
    LLGPGKT	25689
    GRFVVEV	24661
    IFLLASS	24224
    TMLDRNT	24021
Time for index table init: 0h 19m 43s 558ms
k-mer similarity threshold: 118
Starting prefiltering scores calculation (step 14 of 20)
Query db start 1 to 957
Target db start 302577197 to 326234324
[=================================================================] 957 3s 948ms

2918.289141 k-mers per position
417108 DB matches per sequence
0 overflows
29 sequences passed prefiltering per query sequence
30 median result list length
0 sequences with 0 size result lists
Time for merging to pref_0_tmp_13: 0h 0m 0s 105ms
Time for merging to pref_0_tmp_13_tmp: 0h 0m 0s 111ms
Process prefiltering step 15 of 20

Index table k-mer threshold: 118 at k-mer size 7 
Index table: counting k-mers
[=================================================================] 22.77M 9m 54s 196ms
Index table: Masked residues: 166061390
Index table: fill
[=================================================================] 22.77M 8m 47s 582ms
Index statistics
Entries:          8502574835
DB size:          58417 MB
Avg k-mer size:   6.642637
Top 10 k-mers
    SGQQRIA	75671
    GPGGKLL	64632
    YTGTGKG	46977
    GGQRVAR	36860
    GRFVVEV	27904
    RGAVAVR	24692
    ALGSGKS	24458
    ALGNGKS	24184
    RAEGRAV	23521
    RYYVLGW	20679
Time for index table init: 0h 19m 23s 424ms
k-mer similarity threshold: 118
Starting prefiltering scores calculation (step 15 of 20)
Query db start 1 to 957
Target db start 326234325 to 349001908
[=================================================================] 957 3s 748ms

2918.289141 k-mers per position
414454 DB matches per sequence
0 overflows
29 sequences passed prefiltering per query sequence
30 median result list length
1 sequences with 0 size result lists
Time for merging to pref_0_tmp_14: 0h 0m 0s 50ms
Time for merging to pref_0_tmp_14_tmp: 0h 0m 0s 165ms
Process prefiltering step 16 of 20

Index table k-mer threshold: 118 at k-mer size 7 
Index table: counting k-mers
[=================================================================] 23.50M 9m 53s 650ms
Index table: Masked residues: 162604805
Index table: fill
[=================================================================] 23.50M 9m 55s 956ms
Index statistics
Entries:          8498214177
DB size:          58392 MB
Avg k-mer size:   6.639230
Top 10 k-mers
    SGQQRIA	71727
    GPGGKLL	62359
    GQQVARA	44893
    YTGTGKG	42400
    GGQRVAR	35458
    AFRNNFW	29019
    LSPLAIT	27176
    LLGPGKT	25358
    TMLDRNT	24988
    GGGWLLM	24577
Time for index table init: 0h 20m 30s 363ms
k-mer similarity threshold: 118
Starting prefiltering scores calculation (step 16 of 20)
Query db start 1 to 957
Target db start 349001909 to 372500558
[=================================================================] 957 3s 963ms

2918.289141 k-mers per position
419365 DB matches per sequence
0 overflows
29 sequences passed prefiltering per query sequence
30 median result list length
1 sequences with 0 size result lists
Time for merging to pref_0_tmp_15: 0h 0m 0s 65ms
Time for merging to pref_0_tmp_15_tmp: 0h 0m 0s 140ms
Process prefiltering step 17 of 20

Index table k-mer threshold: 118 at k-mer size 7 
Index table: counting k-mers
[=================================================================] 23.00M 9m 54s 192ms
Index table: Masked residues: 169521512
Index table: fill
[=================================================================] 23.00M 9m 28s 209ms
Index statistics
Entries:          8493691785
DB size:          58366 MB
Avg k-mer size:   6.635697
Top 10 k-mers
    SGQQRIA	72415
    GPGGKLL	62380
    YTGTGKG	43482
    GGQRVAR	34969
    AFRNNFW	27809
    LSPLAIT	26210
    GRFVVEV	25868
    LLGPGKT	24586
    IFLLASS	24090
    TMLDRNT	24042
Time for index table init: 0h 20m 1s 930ms
k-mer similarity threshold: 118
Starting prefiltering scores calculation (step 17 of 20)
Query db start 1 to 957
Target db start 372500559 to 395504720
[=================================================================] 957 4s 11ms

2918.289141 k-mers per position
417593 DB matches per sequence
0 overflows
29 sequences passed prefiltering per query sequence
30 median result list length
0 sequences with 0 size result lists
Time for merging to pref_0_tmp_16: 0h 0m 0s 102ms
Time for merging to pref_0_tmp_16_tmp: 0h 0m 0s 148ms
Process prefiltering step 18 of 20

Index table k-mer threshold: 118 at k-mer size 7 
Index table: counting k-mers
[=================================================================] 23.40M 9m 53s 583ms
Index table: Masked residues: 155171215
Index table: fill
[=================================================================] 23.40M 9m 3s 681ms
Index statistics
Entries:          8511258579
DB size:          58467 MB
Avg k-mer size:   6.649421
Top 10 k-mers
    SGQQRIA	77990
    GPGGKLL	66122
    YTGTGKG	46247
    GGQRVAR	38747
    GRFVVEV	27074
    GGRRVAR	24587
    ALGSGKS	24480
    LLGPGKT	23486
    RAEGRAV	22720
    RYYVLGW	20842
Time for index table init: 0h 19m 36s 888ms
k-mer similarity threshold: 118
Starting prefiltering scores calculation (step 18 of 20)
Query db start 1 to 957
Target db start 395504721 to 418907702
[=================================================================] 957 3s 849ms

2918.289141 k-mers per position
414202 DB matches per sequence
0 overflows
29 sequences passed prefiltering per query sequence
30 median result list length
0 sequences with 0 size result lists
Time for merging to pref_0_tmp_17: 0h 0m 0s 122ms
Time for merging to pref_0_tmp_17_tmp: 0h 0m 0s 159ms
Process prefiltering step 19 of 20

Index table k-mer threshold: 118 at k-mer size 7 
Index table: counting k-mers
[=================================================================] 23.66M 9m 53s 506ms
Index table: Masked residues: 159484766
Index table: fill
[=================================================================] 23.66M 9m 11s 793ms
Index statistics
Entries:          8501005713
DB size:          58408 MB
Avg k-mer size:   6.641411
Top 10 k-mers
    SGQQRIA	74095
    GPGGKLL	63976
    YTGTGKG	42960
    GGQRVAR	36513
    AFRNNFW	27735
    LSPLAIT	26112
    LLGPGKT	25040
    GRFVVEV	24708
    IFLLASS	24045
    TMLDRNT	23950
Time for index table init: 0h 19m 46s 632ms
k-mer similarity threshold: 118
Starting prefiltering scores calculation (step 19 of 20)
Query db start 1 to 957
Target db start 418907703 to 442565177
[=================================================================] 957 3s 892ms

2918.289141 k-mers per position
417118 DB matches per sequence
0 overflows
29 sequences passed prefiltering per query sequence
30 median result list length
0 sequences with 0 size result lists
Time for merging to pref_0_tmp_18: 0h 0m 0s 86ms
Time for merging to pref_0_tmp_18_tmp: 0h 0m 0s 142ms
Process prefiltering step 20 of 20

Index table k-mer threshold: 118 at k-mer size 7 
Index table: counting k-mers
[=================================================================] 22.77M 9m 53s 675ms
Index table: Masked residues: 165639055
Index table: fill
[=================================================================] 22.77M 9m 36s 830ms
Index statistics
Entries:          8503225605
DB size:          58421 MB
Avg k-mer size:   6.643145
Top 10 k-mers
    SGQQRIA	75928
    GPGGKLL	65094
    YTGTGKG	46433
    GGQRVAR	36801
    GRFVVEV	27937
    RGAVAVR	24752
    ALGSGKS	24638
    ALGNGKS	24092
    RAEGRAV	23709
    RYYVLGW	20465
Time for index table init: 0h 20m 12s 516ms
k-mer similarity threshold: 118
Starting prefiltering scores calculation (step 20 of 20)
Query db start 1 to 957
Target db start 442565178 to 465330530
[=================================================================] 957 3s 783ms

2918.289141 k-mers per position
414531 DB matches per sequence
0 overflows
29 sequences passed prefiltering per query sequence
30 median result list length
1 sequences with 0 size result lists
Time for merging to pref_0_tmp_19: 0h 0m 0s 85ms
Time for merging to pref_0_tmp_19_tmp: 0h 0m 0s 152ms
Merging 20 target splits to pref_0
Preparing offsets for merging: 0h 0m 0s 187ms
[=================================================================] 957 0s 175ms
Time for merging to pref_0: 0h 0m 0s 78ms
Time for merging target splits: 0h 0m 1s 153ms
Time for merging to pref_0_tmp: 0h 0m 0s 216ms
Time for processing: 6h 37m 25s 323ms
align /share/project/mieke/fdog_neighbor_regions/output_debug_tmp_blast_generated/XP_037025795_1_LOC119067126_337/tmp/BRAIM_335710_1/metaeuk/7417899973308435791/tmp_predict/17344652414625203318/aa_6f /share/gluster/NOTLOESUNG/freya/uniref100/uniref100 /share/project/mieke/fdog_neighbor_regions/output_debug_tmp_blast_generated/XP_037025795_1_LOC119067126_337/tmp/BRAIM_335710_1/metaeuk/7417899973308435791/tmp_predict/17344652414625203318/tmp_search/11376415334538672498/pref_0 /share/project/mieke/fdog_neighbor_regions/output_debug_tmp_blast_generated/XP_037025795_1_LOC119067126_337/tmp/BRAIM_335710_1/metaeuk/7417899973308435791/tmp_predict/17344652414625203318/search_res --sub-mat 'aa:blosum62.out,nucl:nucleotide.out' -a 0 --alignment-mode 2 --alignment-output-mode 0 --wrapped-scoring 0 -e 100 --min-seq-id 0 --min-aln-len 15 --seq-id-mode 0 --alt-ali 0 -c 0 --cov-mode 0 --max-seq-len 160000 --comp-bias-corr 1 --comp-bias-corr-scale 1 --max-rejected 2147483647 --max-accept 2147483647 --add-self-matches 0 --db-load-mode 0 --pca substitution:1.100,context:1.400 --pcb substitution:4.100,context:5.800 --score-bias 0 --realign 0 --realign-score-bias -0.2 --realign-max-seqs 2147483647 --corr-score-weight 0 --gap-open aa:11,nucl:5 --gap-extend aa:1,nucl:2 --zdrop 40 --threads 24 --compressed 0 -v 3 

Can not touch 180849642467 into main memory
Compute score and coverage
Query database size: 957 type: Aminoacid
Target database size: 465330530 type: Aminoacid
Calculation of alignments
[=================================================================] 957 1m 7s 355ms
Time for merging to search_res: 0h 0m 0s 79ms
568659 alignments calculated
2856 sequence pairs passed the thresholds (0.005022 of overall calculated)
2.984326 hits per query sequence
Time for processing: 0h 1m 58s 574ms
rmdb /share/project/mieke/fdog_neighbor_regions/output_debug_tmp_blast_generated/XP_037025795_1_LOC119067126_337/tmp/BRAIM_335710_1/metaeuk/7417899973308435791/tmp_predict/17344652414625203318/tmp_search/11376415334538672498/pref_0 -v 3 

Time for processing: 0h 0m 0s 10ms
rmdb /share/project/mieke/fdog_neighbor_regions/output_debug_tmp_blast_generated/XP_037025795_1_LOC119067126_337/tmp/BRAIM_335710_1/metaeuk/7417899973308435791/tmp_predict/17344652414625203318/tmp_search/11376415334538672498/aln_0 -v 3 

Time for processing: 0h 0m 0s 1ms
rmdb /share/project/mieke/fdog_neighbor_regions/output_debug_tmp_blast_generated/XP_037025795_1_LOC119067126_337/tmp/BRAIM_335710_1/metaeuk/7417899973308435791/tmp_predict/17344652414625203318/tmp_search/11376415334538672498/input_0 -v 3 

Time for processing: 0h 0m 0s 1ms
rmdb /share/project/mieke/fdog_neighbor_regions/output_debug_tmp_blast_generated/XP_037025795_1_LOC119067126_337/tmp/BRAIM_335710_1/metaeuk/7417899973308435791/tmp_predict/17344652414625203318/tmp_search/11376415334538672498/aln_merge -v 3 

Time for processing: 0h 0m 0s 2ms
resultspercontig /share/project/mieke/fdog_neighbor_regions/output_debug_tmp_blast_generated/XP_037025795_1_LOC119067126_337/tmp/BRAIM_335710_1/metaeuk/7417899973308435791/contigs /share/project/mieke/fdog_neighbor_regions/output_debug_tmp_blast_generated/XP_037025795_1_LOC119067126_337/tmp/BRAIM_335710_1/metaeuk/7417899973308435791/tmp_predict/17344652414625203318/nucl_6f /share/project/mieke/fdog_neighbor_regions/output_debug_tmp_blast_generated/XP_037025795_1_LOC119067126_337/tmp/BRAIM_335710_1/metaeuk/7417899973308435791/tmp_predict/17344652414625203318/search_res /share/project/mieke/fdog_neighbor_regions/output_debug_tmp_blast_generated/XP_037025795_1_LOC119067126_337/tmp/BRAIM_335710_1/metaeuk/7417899973308435791/tmp_predict/17344652414625203318/search_res_by_contig --threads 24 --compressed 0 -v 3 

Computing ORF lookup
Computing contig offsets
Computing contig lookup
Time for contig lookup: 0h 0m 0s 2ms
[=================================================================] 1 0s 0ms
Time for merging to search_res_by_contig: 0h 0m 0s 67ms
Time for processing: 0h 0m 0s 249ms
collectoptimalset /share/project/mieke/fdog_neighbor_regions/output_debug_tmp_blast_generated/XP_037025795_1_LOC119067126_337/tmp/BRAIM_335710_1/metaeuk/7417899973308435791/tmp_predict/17344652414625203318/search_res_by_contig /share/gluster/NOTLOESUNG/freya/uniref100/uniref100 /share/project/mieke/fdog_neighbor_regions/output_debug_tmp_blast_generated/XP_037025795_1_LOC119067126_337/tmp/BRAIM_335710_1/metaeuk/7417899973308435791/tmp_predict/17344652414625203318/dp_predictions --metaeuk-eval 0.001 --metaeuk-tcov 0.5 --max-intron 130000 --min-intron 5 --min-exon-aa 15 --max-overlap 15 --max-exon-sets 1 --set-gap-open -1 --set-gap-extend -1 --score-bias 0 --threads 24 --compressed 0 -v 3 

[=================================================================] 1 0s 1ms
Time for merging to dp_predictions: 0h 0m 0s 59ms
Time for processing: 0h 0m 21s 145ms
mvdb /share/project/mieke/fdog_neighbor_regions/output_debug_tmp_blast_generated/XP_037025795_1_LOC119067126_337/tmp/BRAIM_335710_1/metaeuk/7417899973308435791/tmp_predict/17344652414625203318/dp_predictions /share/project/mieke/fdog_neighbor_regions/output_debug_tmp_blast_generated/XP_037025795_1_LOC119067126_337/tmp/BRAIM_335710_1//metaeuk/7417899973308435791/MetaEuk_calls 

Time for processing: 0h 0m 0s 74ms
Removing temporary files from /share/project/mieke/fdog_neighbor_regions/output_debug_tmp_blast_generated/XP_037025795_1_LOC119067126_337/tmp/BRAIM_335710_1/metaeuk/7417899973308435791/tmp_predict/17344652414625203318
reduceredundancy /share/project/mieke/fdog_neighbor_regions/output_debug_tmp_blast_generated/XP_037025795_1_LOC119067126_337/tmp/BRAIM_335710_1//metaeuk/7417899973308435791/MetaEuk_calls /share/project/mieke/fdog_neighbor_regions/output_debug_tmp_blast_generated/XP_037025795_1_LOC119067126_337/tmp/BRAIM_335710_1//metaeuk/7417899973308435791/MetaEuk_preds /share/project/mieke/fdog_neighbor_regions/output_debug_tmp_blast_generated/XP_037025795_1_LOC119067126_337/tmp/BRAIM_335710_1//metaeuk/7417899973308435791/MetaEuk_preds_clust --overlap 1 --threads 24 --compressed 0 -v 3 

[=================================================================] 1 0s 1ms
Time for merging to MetaEuk_preds_clust: 0h 0m 0s 79ms
Time for merging to MetaEuk_preds: 0h 0m 0s 93ms
Time for processing: 0h 0m 0s 435ms
unitesetstofasta /share/project/mieke/fdog_neighbor_regions/output_debug_tmp_blast_generated/XP_037025795_1_LOC119067126_337/tmp/BRAIM_335710_1//metaeuk/7417899973308435791/contigs /share/gluster/NOTLOESUNG/freya/uniref100/uniref100 /share/project/mieke/fdog_neighbor_regions/output_debug_tmp_blast_generated/XP_037025795_1_LOC119067126_337/tmp/BRAIM_335710_1//metaeuk/7417899973308435791/MetaEuk_preds /share/project/mieke/fdog_neighbor_regions/output_debug_tmp_blast_generated/XP_037025795_1_LOC119067126_337/tmp/BRAIM_335710_1/OZ247434.1_3 --protein 0 --translation-table 1 --target-key 0 --write-frag-coords 0 --len-scan-for-start 0 --max-seq-len 160000 --threads 24 -v 3 

[=================================================================] 1 0s 1ms
Time for merging to OZ247434.1_3.fas: 0h 0m 0s 60ms
Time for merging to OZ247434.1_3.codon.fas: 0h 0m 0s 84ms
Time for merging to OZ247434.1_3.headersMap.tsv: 0h 0m 0s 67ms
Time for merging to OZ247434.1_3.gff: 0h 0m 0s 78ms
Time for processing: 0h 0m 53s 275ms
easy-predict /share/project/mieke/fdog_neighbor_regions/output_debug_tmp_blast_generated/XP_037025795_1_LOC119067126_337/tmp/BRAIM_335710_1/OZ247436.1_1.fasta /share/gluster/NOTLOESUNG/freya/uniref100/uniref100 /share/project/mieke/fdog_neighbor_regions/output_debug_tmp_blast_generated/XP_037025795_1_LOC119067126_337/tmp/BRAIM_335710_1/OZ247436.1_1 /share/project/mieke/fdog_neighbor_regions/output_debug_tmp_blast_generated/XP_037025795_1_LOC119067126_337/tmp/BRAIM_335710_1//metaeuk --max-intron 130000 --max-seq-len 160000 --min-exon-aa 15 --max-overlap 15 --min-intron 5 --overlap 1 -s 6 --split 0 --remove-tmp-files 

MMseqs Version:                                             	7.bba0d80
Substitution matrix                                         	aa:blosum62.out,nucl:nucleotide.out
Add backtrace                                               	false
Alignment mode                                              	2
Alignment mode                                              	0
Allow wrapped scoring                                       	false
E-value threshold                                           	100
Seq. id. threshold                                          	0
Min alignment length                                        	0
Seq. id. mode                                               	0
Alternative alignments                                      	0
Coverage threshold                                          	0
Coverage mode                                               	0
Max sequence length                                         	160000
Compositional bias                                          	1
Compositional bias                                          	1
Max reject                                                  	2147483647
Max accept                                                  	2147483647
Include identical seq. id.                                  	false
Preload mode                                                	0
Pseudo count a                                              	substitution:1.100,context:1.400
Pseudo count b                                              	substitution:4.100,context:5.800
Score bias                                                  	0
Realign hits                                                	false
Realign score bias                                          	-0.2
Realign max seqs                                            	2147483647
Correlation score weight                                    	0
Gap open cost                                               	aa:11,nucl:5
Gap extension cost                                          	aa:1,nucl:2
Zdrop                                                       	40
Threads                                                     	24
Compressed                                                  	0
Verbosity                                                   	3
Seed substitution matrix                                    	aa:VTML80.out,nucl:nucleotide.out
Sensitivity                                                 	6
k-mer length                                                	0
Target search mode                                          	0
k-score                                                     	seq:2147483647,prof:2147483647
Alphabet size                                               	aa:21,nucl:5
Max results per query                                       	300
Split database                                              	0
Split mode                                                  	2
Split memory limit                                          	0
Diagonal scoring                                            	true
Exact k-mer matching                                        	0
Mask residues                                               	1
Mask residues probability                                   	0.9
Mask lower case residues                                    	0
Minimum diagonal score                                      	15
Selected taxa                                               	
Spaced k-mers                                               	1
Spaced k-mer pattern                                        	
Local temporary path                                        	
Rescore mode                                                	0
Remove hits by seq. id. and coverage                        	false
Sort results                                                	0
Mask profile                                                	1
Profile E-value threshold                                   	0.001
Global sequence weighting                                   	false
Allow deletions                                             	false
Filter MSA                                                  	1
Use filter only at N seqs                                   	0
Maximum seq. id. threshold                                  	0.9
Minimum seq. id.                                            	0.0
Minimum score per column                                    	-20
Minimum coverage                                            	0
Select N most diverse seqs                                  	1000
Pseudo count mode                                           	0
Min codons in orf                                           	15
Max codons in length                                        	32734
Max orf gaps                                                	2147483647
Contig start mode                                           	2
Contig end mode                                             	2
Orf start mode                                              	1
Forward frames                                              	1,2,3
Reverse frames                                              	1,2,3
Translation table                                           	1
Translate orf                                               	0
Use all table starts                                        	false
Offset of numeric ids                                       	0
Create lookup                                               	0
Overlap between sequences                                   	0
Sequence split mode                                         	1
Header split mode                                           	0
Chain overlapping alignments                                	0
Merge query                                                 	1
Search type                                                 	0
Start sensitivity                                           	4
Search steps                                                	1
Prefilter mode                                              	0
Exhaustive search mode                                      	false
Filter results during exhaustive search                     	0
Strand selection                                            	1
LCA search mode                                             	false
Disk space limit                                            	0
MPI runner                                                  	
Force restart with latest tmp                               	false
Remove temporary files                                      	true
maximal combined evalue of an optimal set                   	0.001
minimal length ratio between combined optimal set and target	0.5
Maximal intron length                                       	130000
Minimal intron length                                       	5
Minimal exon length aa                                      	15
Maximal overlap of exons                                    	15
Maximal number of exon sets                                 	1
Gap open penalty                                            	-1
Gap extend penalty                                          	-1
Reverse AA Fragments                                        	0
allow same-strand overlaps                                  	1
translate codons to AAs                                     	0
write target key instead of accession                       	0
write fragment contig coords                                	0
length to scan for start codon                              	0

createdb /share/project/mieke/fdog_neighbor_regions/output_debug_tmp_blast_generated/XP_037025795_1_LOC119067126_337/tmp/BRAIM_335710_1/OZ247436.1_1.fasta /share/project/mieke/fdog_neighbor_regions/output_debug_tmp_blast_generated/XP_037025795_1_LOC119067126_337/tmp/BRAIM_335710_1//metaeuk/3146761583438519000/contigs --dbtype 2 --compressed 0 -v 3 

Converting sequences
[
Time for merging to contigs_h: 0h 0m 0s 111ms
Time for merging to contigs: 0h 0m 0s 79ms
Database type: Nucleotide
Time for processing: 0h 0m 0s 464ms
Create directory /share/project/mieke/fdog_neighbor_regions/output_debug_tmp_blast_generated/XP_037025795_1_LOC119067126_337/tmp/BRAIM_335710_1//metaeuk/3146761583438519000/tmp_predict
predictexons /share/project/mieke/fdog_neighbor_regions/output_debug_tmp_blast_generated/XP_037025795_1_LOC119067126_337/tmp/BRAIM_335710_1//metaeuk/3146761583438519000/contigs /share/gluster/NOTLOESUNG/freya/uniref100/uniref100 /share/project/mieke/fdog_neighbor_regions/output_debug_tmp_blast_generated/XP_037025795_1_LOC119067126_337/tmp/BRAIM_335710_1//metaeuk/3146761583438519000/MetaEuk_calls /share/project/mieke/fdog_neighbor_regions/output_debug_tmp_blast_generated/XP_037025795_1_LOC119067126_337/tmp/BRAIM_335710_1//metaeuk/3146761583438519000/tmp_predict --sub-mat 'aa:blosum62.out,nucl:nucleotide.out' -a 0 --alignment-mode 2 --alignment-output-mode 0 --wrapped-scoring 0 -e 100 --min-seq-id 0 --min-aln-len 0 --seq-id-mode 0 --alt-ali 0 -c 0 --cov-mode 0 --max-seq-len 160000 --comp-bias-corr 1 --comp-bias-corr-scale 1 --max-rejected 2147483647 --max-accept 2147483647 --add-self-matches 0 --db-load-mode 0 --pca substitution:1.100,context:1.400 --pcb substitution:4.100,context:5.800 --score-bias 0 --realign 0 --realign-score-bias -0.2 --realign-max-seqs 2147483647 --corr-score-weight 0 --gap-open aa:11,nucl:5 --gap-extend aa:1,nucl:2 --zdrop 40 --threads 24 --compressed 0 -v 3 --seed-sub-mat 'aa:VTML80.out,nucl:nucleotide.out' -s 6 -k 0 --target-search-mode 0 --k-score seq:2147483647,prof:2147483647 --alph-size aa:21,nucl:5 --max-seqs 300 --split 0 --split-mode 2 --split-memory-limit 0 --diag-score 1 --exact-kmer-matching 0 --mask 1 --mask-prob 0.9 --mask-lower-case 0 --min-ungapped-score 15 --spaced-kmer-mode 1 --rescore-mode 0 --filter-hits 0 --sort-results 0 --mask-profile 1 --e-profile 0.001 --wg 0 --allow-deletion 0 --filter-msa 1 --filter-min-enable 0 --max-seq-id 0.9 --qid '0.0' --qsc -20 --cov 0 --diff 1000 --pseudo-cnt-mode 0 --min-length 15 --max-length 32734 --max-gaps 2147483647 --contig-start-mode 2 --contig-end-mode 2 --orf-start-mode 1 --forward-frames 1,2,3 --reverse-frames 1,2,3 --translation-table 1 --translate 0 --use-all-table-starts 0 --id-offset 0 --create-lookup 0 --sequence-overlap 0 --sequence-split-mode 1 --headers-split-mode 0 --chain-alignments 0 --merge-query 1 --search-type 0 --start-sens 4 --sens-steps 1 --prefilter-mode 0 --exhaustive-search 0 --exhaustive-search-filter 0 --strand 1 --lca-search 0 --disk-space-limit 0 --force-reuse 0 --remove-tmp-files 1 --metaeuk-eval 0.001 --metaeuk-tcov 0.5 --max-intron 130000 --min-intron 5 --min-exon-aa 15 --max-overlap 15 --max-exon-sets 1 --set-gap-open -1 --set-gap-extend -1 --reverse-fragments 0 

extractorfs /share/project/mieke/fdog_neighbor_regions/output_debug_tmp_blast_generated/XP_037025795_1_LOC119067126_337/tmp/BRAIM_335710_1/metaeuk/3146761583438519000/contigs /share/project/mieke/fdog_neighbor_regions/output_debug_tmp_blast_generated/XP_037025795_1_LOC119067126_337/tmp/BRAIM_335710_1/metaeuk/3146761583438519000/tmp_predict/14061024831379208069/nucl_6f --min-length 15 --max-length 32734 --max-gaps 2147483647 --contig-start-mode 2 --contig-end-mode 2 --orf-start-mode 1 --forward-frames 1,2,3 --reverse-frames 1,2,3 --translation-table 1 --translate 0 --use-all-table-starts 0 --id-offset 0 --create-lookup 0 --threads 24 --compressed 0 -v 3 

[=================================================================] 1 0s 8ms
Time for merging to nucl_6f_h: 0h 0m 0s 107ms
Time for merging to nucl_6f: 0h 0m 0s 82ms
Time for processing: 0h 0m 0s 438ms
translatenucs /share/project/mieke/fdog_neighbor_regions/output_debug_tmp_blast_generated/XP_037025795_1_LOC119067126_337/tmp/BRAIM_335710_1/metaeuk/3146761583438519000/tmp_predict/14061024831379208069/nucl_6f /share/project/mieke/fdog_neighbor_regions/output_debug_tmp_blast_generated/XP_037025795_1_LOC119067126_337/tmp/BRAIM_335710_1/metaeuk/3146761583438519000/tmp_predict/14061024831379208069/aa_6f --translation-table 1 --add-orf-stop 0 -v 3 --compressed 0 --threads 24 

[=================================================================] 1.85K 0s 4ms
Time for merging to aa_6f: 0h 0m 0s 96ms
Time for processing: 0h 0m 0s 254ms
Create directory /share/project/mieke/fdog_neighbor_regions/output_debug_tmp_blast_generated/XP_037025795_1_LOC119067126_337/tmp/BRAIM_335710_1/metaeuk/3146761583438519000/tmp_predict/14061024831379208069/tmp_search
search /share/project/mieke/fdog_neighbor_regions/output_debug_tmp_blast_generated/XP_037025795_1_LOC119067126_337/tmp/BRAIM_335710_1/metaeuk/3146761583438519000/tmp_predict/14061024831379208069/aa_6f /share/gluster/NOTLOESUNG/freya/uniref100/uniref100 /share/project/mieke/fdog_neighbor_regions/output_debug_tmp_blast_generated/XP_037025795_1_LOC119067126_337/tmp/BRAIM_335710_1/metaeuk/3146761583438519000/tmp_predict/14061024831379208069/search_res /share/project/mieke/fdog_neighbor_regions/output_debug_tmp_blast_generated/XP_037025795_1_LOC119067126_337/tmp/BRAIM_335710_1/metaeuk/3146761583438519000/tmp_predict/14061024831379208069/tmp_search --sub-mat 'aa:blosum62.out,nucl:nucleotide.out' -a 0 --alignment-mode 2 --alignment-output-mode 0 --wrapped-scoring 0 -e 100 --min-seq-id 0 --min-aln-len 15 --seq-id-mode 0 --alt-ali 0 -c 0 --cov-mode 0 --max-seq-len 160000 --comp-bias-corr 1 --comp-bias-corr-scale 1 --max-rejected 2147483647 --max-accept 2147483647 --add-self-matches 0 --db-load-mode 0 --pca substitution:1.100,context:1.400 --pcb substitution:4.100,context:5.800 --score-bias 0 --realign 0 --realign-score-bias -0.2 --realign-max-seqs 2147483647 --corr-score-weight 0 --gap-open aa:11,nucl:5 --gap-extend aa:1,nucl:2 --zdrop 40 --threads 24 --compressed 0 -v 3 --seed-sub-mat 'aa:VTML80.out,nucl:nucleotide.out' -s 6 -k 0 --target-search-mode 0 --k-score seq:2147483647,prof:2147483647 --alph-size aa:21,nucl:5 --max-seqs 300 --split 0 --split-mode 2 --split-memory-limit 0 --diag-score 1 --exact-kmer-matching 0 --mask 1 --mask-prob 0.9 --mask-lower-case 0 --min-ungapped-score 15 --spaced-kmer-mode 1 --rescore-mode 0 --filter-hits 0 --sort-results 0 --mask-profile 1 --e-profile 0.001 --wg 0 --allow-deletion 0 --filter-msa 1 --filter-min-enable 0 --max-seq-id 0.9 --qid '0.0' --qsc -20 --cov 0 --diff 1000 --pseudo-cnt-mode 0 --min-length 15 --max-length 32734 --max-gaps 2147483647 --contig-start-mode 2 --contig-end-mode 2 --orf-start-mode 1 --forward-frames 1,2,3 --reverse-frames 1,2,3 --translation-table 1 --translate 0 --use-all-table-starts 0 --id-offset 0 --create-lookup 0 --add-orf-stop 0 --sequence-overlap 0 --sequence-split-mode 1 --headers-split-mode 0 --chain-alignments 0 --merge-query 1 --search-type 0 --num-iterations 1 --start-sens 4 --sens-steps 1 --prefilter-mode 0 --exhaustive-search 0 --exhaustive-search-filter 0 --strand 1 --lca-search 0 --disk-space-limit 0 --force-reuse 0 --remove-tmp-files 1 

prefilter /share/project/mieke/fdog_neighbor_regions/output_debug_tmp_blast_generated/XP_037025795_1_LOC119067126_337/tmp/BRAIM_335710_1/metaeuk/3146761583438519000/tmp_predict/14061024831379208069/aa_6f /share/gluster/NOTLOESUNG/freya/uniref100/uniref100 /share/project/mieke/fdog_neighbor_regions/output_debug_tmp_blast_generated/XP_037025795_1_LOC119067126_337/tmp/BRAIM_335710_1/metaeuk/3146761583438519000/tmp_predict/14061024831379208069/tmp_search/7251461504647826832/pref_0 --sub-mat 'aa:blosum62.out,nucl:nucleotide.out' --seed-sub-mat 'aa:VTML80.out,nucl:nucleotide.out' -k 0 --target-search-mode 0 --k-score seq:2147483647,prof:2147483647 --alph-size aa:21,nucl:5 --max-seq-len 160000 --max-seqs 300 --split 0 --split-mode 2 --split-memory-limit 0 -c 0 --cov-mode 0 --comp-bias-corr 1 --comp-bias-corr-scale 1 --diag-score 1 --exact-kmer-matching 0 --mask 1 --mask-prob 0.9 --mask-lower-case 0 --min-ungapped-score 15 --add-self-matches 0 --spaced-kmer-mode 1 --db-load-mode 0 --pca substitution:1.100,context:1.400 --pcb substitution:4.100,context:5.800 --threads 24 --compressed 0 -v 3 -s 6.0 

Query database size: 1853 type: Aminoacid
Target split mode. Searching through 20 splits
Estimated memory consumption: 116G
Target database size: 465330530 type: Aminoacid
Process prefiltering step 1 of 20

Index table k-mer threshold: 118 at k-mer size 7 
Index table: counting k-mers
[=================================================================] 23.50M 10m 48s 967ms
Index table: Masked residues: 162191394
Index table: fill
[=================================================================] 23.50M 13m 7s 128ms
Index statistics
Entries:          8498837309
DB size:          58396 MB
Avg k-mer size:   6.639717
Top 10 k-mers
    SGQQRIA	71884
    GPGGKLL	61758
    YTGTGKG	41842
    GGQRVAR	35784
    AFRNNFW	29401
    LSPLAIT	27651
    TMLDRNT	25459
    SLVAGTM	25016
    TALLLPV	24638
    AGIMLDR	23942
Time for index table init: 0h 24m 42s 573ms
k-mer similarity threshold: 118
Starting prefiltering scores calculation (step 1 of 20)
Query db start 1 to 1853
Target db start 1 to 23501181
[=================================================================] 1.85K 10s 939ms

3041.544444 k-mers per position
461457 DB matches per sequence
0 overflows
29 sequences passed prefiltering per query sequence
30 median result list length
5 sequences with 0 size result lists
Time for merging to pref_0_tmp_0: 0h 0m 0s 135ms
Time for merging to pref_0_tmp_0_tmp: 0h 0m 0s 166ms
Process prefiltering step 2 of 20

Index table k-mer threshold: 118 at k-mer size 7 
Index table: counting k-mers
[=================================================================] 23.00M 10m 3s 961ms
Index table: Masked residues: 169829590
Index table: fill
[=================================================================] 23.00M 11m 31s 265ms
Index statistics
Entries:          8493297376
DB size:          58364 MB
Avg k-mer size:   6.635389
Top 10 k-mers
    SGQQRIA	72169
    GPGGKLL	62542
    YTGTGKG	43574
    GGQRVAR	34713
    AFRNNFW	27950
    LSPLAIT	26079
    GRFVVEV	25494
    LLGPGKT	24840
    IFLLASS	24141
    TMLDRNT	24041
Time for index table init: 0h 22m 17s 986ms
k-mer similarity threshold: 118
Starting prefiltering scores calculation (step 2 of 20)
Query db start 1 to 1853
Target db start 23501182 to 46505861
[=================================================================] 1.85K 9s 345ms

3041.544444 k-mers per position
459646 DB matches per sequence
0 overflows
29 sequences passed prefiltering per query sequence
30 median result list length
3 sequences with 0 size result lists
Time for merging to pref_0_tmp_1: 0h 0m 0s 64ms
Time for merging to pref_0_tmp_1_tmp: 0h 0m 0s 140ms
Process prefiltering step 3 of 20

Index table k-mer threshold: 118 at k-mer size 7 
Index table: counting k-mers
[=================================================================] 23.40M 9m 59s 296ms
Index table: Masked residues: 155446303
Index table: fill
[=================================================================] 23.40M 10m 40s 680ms
Index statistics
Entries:          8510717405
DB size:          58464 MB
Avg k-mer size:   6.648998
Top 10 k-mers
    SGQQRIA	77879
    GPGGKLL	65939
    YTGTGKG	46413
    GGQRVAR	38477
    LNAEAAG	28000
    GRFVVEV	27063
    GGRRVAR	25048
    ALGSGKS	24915
    LLGPGKT	23824
    RAEGRAV	22866
Time for index table init: 0h 21m 21s 110ms
k-mer similarity threshold: 118
Starting prefiltering scores calculation (step 3 of 20)
Query db start 1 to 1853
Target db start 46505862 to 69909457
[=================================================================] 1.85K 9s 305ms

3041.544444 k-mers per position
456222 DB matches per sequence
0 overflows
29 sequences passed prefiltering per query sequence
30 median result list length
5 sequences with 0 size result lists
Time for merging to pref_0_tmp_2: 0h 0m 0s 83ms
Time for merging to pref_0_tmp_2_tmp: 0h 0m 0s 129ms
Process prefiltering step 4 of 20

Index table k-mer threshold: 118 at k-mer size 7 
Index table: counting k-mers
[=================================================================] 23.66M 9m 55s 253ms
Index table: Masked residues: 159034925
Index table: fill
[=================================================================] 23.66M 11m 33s 999ms
Index statistics
Entries:          8501542820
DB size:          58411 MB
Avg k-mer size:   6.641830
Top 10 k-mers
    SGQQRIA	73815
    GPGGKLL	64271
    YTGTGKG	43586
    GGQRVAR	36988
    AFRNNFW	27835
    LSPLAIT	26055
    LLGPGKT	25250
    GRFVVEV	24798
    IFLLASS	23999
    TMLDRNT	23855
Time for index table init: 0h 22m 9s 572ms
k-mer similarity threshold: 118
Starting prefiltering scores calculation (step 4 of 20)
Query db start 1 to 1853
Target db start 69909458 to 93567332
[=================================================================] 1.85K 9s 426ms

3041.544444 k-mers per position
459240 DB matches per sequence
0 overflows
29 sequences passed prefiltering per query sequence
30 median result list length
6 sequences with 0 size result lists
Time for merging to pref_0_tmp_3: 0h 0m 0s 64ms
Time for merging to pref_0_tmp_3_tmp: 0h 0m 0s 144ms
Process prefiltering step 5 of 20

Index table k-mer threshold: 118 at k-mer size 7 
Index table: counting k-mers
[=================================================================] 22.78M 9m 56s 335ms
Index table: Masked residues: 165682811
Index table: fill
[=================================================================] 22.78M 11m 31s 836ms
Index statistics
Entries:          8503060615
DB size:          58420 MB
Avg k-mer size:   6.643016
Top 10 k-mers
    SGQQRIA	76084
    GPGGKLL	64859
    YTGTGKG	46939
    GGQRVAR	37003
    GRFVVEV	28119
    EARGERG	24768
    ALGSGKS	24502
    GGRRVAR	24040
    RAEGRAV	23725
    AIGSGKS	20905
Time for index table init: 0h 22m 10s 508ms
k-mer similarity threshold: 118
Starting prefiltering scores calculation (step 5 of 20)
Query db start 1 to 1853
Target db start 93567333 to 116346175
[=================================================================] 1.85K 9s 182ms

3041.544444 k-mers per position
456635 DB matches per sequence
0 overflows
29 sequences passed prefiltering per query sequence
30 median result list length
5 sequences with 0 size result lists
Time for merging to pref_0_tmp_4: 0h 0m 0s 49ms
Time for merging to pref_0_tmp_4_tmp: 0h 0m 0s 156ms
Process prefiltering step 6 of 20

Index table k-mer threshold: 118 at k-mer size 7 
Index table: counting k-mers
[=================================================================] 23.50M 9m 52s 795ms
Index table: Masked residues: 162521060
Index table: fill
[=================================================================] 23.50M 11m 28s 853ms
Index statistics
Entries:          8498376567
DB size:          58393 MB
Avg k-mer size:   6.639357
Top 10 k-mers
    SGQQRIA	71797
    GPGGKLL	62340
    GQQVARA	44851
    YTGTGKG	42163
    GGQRVAR	35442
    AFRNNFW	29138
    LSPLAIT	27271
    IFLLASS	25307
    LLGPGKT	25223
    TMLDRNT	25186
Time for index table init: 0h 22m 2s 88ms
k-mer similarity threshold: 118
Starting prefiltering scores calculation (step 6 of 20)
Query db start 1 to 1853
Target db start 116346176 to 139849565
[=================================================================] 1.85K 9s 297ms

3041.544444 k-mers per position
461432 DB matches per sequence
0 overflows
29 sequences passed prefiltering per query sequence
30 median result list length
6 sequences with 0 size result lists
Time for merging to pref_0_tmp_5: 0h 0m 0s 108ms
Time for merging to pref_0_tmp_5_tmp: 0h 0m 0s 160ms
Process prefiltering step 7 of 20

Index table k-mer threshold: 118 at k-mer size 7 
Index table: counting k-mers
[=================================================================] 23.01M 9m 52s 870ms
Index table: Masked residues: 169575721
Index table: fill
[=================================================================] 23.01M 11m 32s 511ms
Index statistics
Entries:          8493584373
DB size:          58366 MB
Avg k-mer size:   6.635613
Top 10 k-mers
    SGQQRIA	72479
    GPGGKLL	62610
    YTGTGKG	44056
    GGQRVAR	34931
    AFRNNFW	27847
    LSPLAIT	26258
    GRFVVEV	25549
    LLGPGKT	24729
    IFLLASS	24196
    TMLDRNT	23938
Time for index table init: 0h 22m 5s 945ms
k-mer similarity threshold: 118
Starting prefiltering scores calculation (step 7 of 20)
Query db start 1 to 1853
Target db start 139849566 to 162854690
[=================================================================] 1.85K 9s 101ms

3041.544444 k-mers per position
459663 DB matches per sequence
0 overflows
29 sequences passed prefiltering per query sequence
30 median result list length
5 sequences with 0 size result lists
Time for merging to pref_0_tmp_6: 0h 0m 0s 97ms
Time for merging to pref_0_tmp_6_tmp: 0h 0m 0s 130ms
Process prefiltering step 8 of 20

Index table k-mer threshold: 118 at k-mer size 7 
Index table: counting k-mers
[=================================================================] 23.40M 9m 52s 806ms
Index table: Masked residues: 155273997
Index table: fill
[=================================================================] 23.40M 11m 34s 809ms
Index statistics
Entries:          8510866757
DB size:          58465 MB
Avg k-mer size:   6.649115
Top 10 k-mers
    SGQQRIA	77938
    GPGGKLL	66604
    YTGTGKG	46307
    GGQRVAR	38750
    GRFVVEV	27218
    GGRRVAR	24962
    ALGSGKS	24941
    LLGPGKT	23633
    RAEGRAV	22978
    RYYVLGW	20470
Time for index table init: 0h 22m 9s 809ms
k-mer similarity threshold: 118
Starting prefiltering scores calculation (step 8 of 20)
Query db start 1 to 1853
Target db start 162854691 to 186259068
[=================================================================] 1.85K 9s 124ms

3041.544444 k-mers per position
456246 DB matches per sequence
0 overflows
29 sequences passed prefiltering per query sequence
30 median result list length
6 sequences with 0 size result lists
Time for merging to pref_0_tmp_7: 0h 0m 0s 100ms
Time for merging to pref_0_tmp_7_tmp: 0h 0m 0s 158ms
Process prefiltering step 9 of 20

Index table k-mer threshold: 118 at k-mer size 7 
Index table: counting k-mers
[=================================================================] 23.65M 9m 52s 858ms
Index table: Masked residues: 159022994
Index table: fill
[=================================================================] 23.65M 11m 30s 482ms
Index statistics
Entries:          8501565728
DB size:          58411 MB
Avg k-mer size:   6.641848
Top 10 k-mers
    SGQQRIA	74277
    GPGGKLL	63710
    YTGTGKG	43564
    GGQRVAR	36568
    AFRNNFW	28195
    LSPLAIT	26575
    LLGPGKT	25261
    GRFVVEV	24685
    IFLLASS	24280
    TMLDRNT	24220
Time for index table init: 0h 22m 6s 246ms
k-mer similarity threshold: 118
Starting prefiltering scores calculation (step 9 of 20)
Query db start 1 to 1853
Target db start 186259069 to 209911570
[=================================================================] 1.85K 9s 261ms

3041.544444 k-mers per position
459330 DB matches per sequence
0 overflows
29 sequences passed prefiltering per query sequence
30 median result list length
3 sequences with 0 size result lists
Time for merging to pref_0_tmp_8: 0h 0m 0s 55ms
Time for merging to pref_0_tmp_8_tmp: 0h 0m 0s 186ms
Process prefiltering step 10 of 20

Index table k-mer threshold: 118 at k-mer size 7 
Index table: counting k-mers
[=================================================================] 22.76M 9m 54s 11ms
Index table: Masked residues: 165646902
Index table: fill
[=================================================================] 22.76M 11m 32s 576ms
Index statistics
Entries:          8503108081
DB size:          58420 MB
Avg k-mer size:   6.643053
Top 10 k-mers
    SGQQRIA	75712
    GPGGKLL	65085
    YTGTGKG	46991
    GGQRVAR	36690
    GRFVVEV	27811
    RGAVAVR	24640
    ALGSGKS	24569
    GGRRVAR	24285
    ALGNGKS	24141
    RAEGRAV	23488
Time for index table init: 0h 22m 7s 178ms
k-mer similarity threshold: 118
Starting prefiltering scores calculation (step 10 of 20)
Query db start 1 to 1853
Target db start 209911571 to 232670738
[=================================================================] 1.85K 8s 944ms

3041.544444 k-mers per position
456576 DB matches per sequence
0 overflows
29 sequences passed prefiltering per query sequence
30 median result list length
5 sequences with 0 size result lists
Time for merging to pref_0_tmp_9: 0h 0m 0s 53ms
Time for merging to pref_0_tmp_9_tmp: 0h 0m 0s 197ms
Process prefiltering step 11 of 20

Index table k-mer threshold: 118 at k-mer size 7 
Index table: counting k-mers
[=================================================================] 23.49M 9m 53s 510ms
Index table: Masked residues: 162840617
Index table: fill
[=================================================================] 23.49M 11m 30s 494ms
Index statistics
Entries:          8497772696
DB size:          58390 MB
Avg k-mer size:   6.638885
Top 10 k-mers
    SGQQRIA	71881
    GPGGKLL	61952
    GQQVARA	44691
    YTGTGKG	41982
    GGQRVAR	34924
    AFRNNFW	29136
    LSPLAIT	27313
    LLGPGKT	25241
    TMLDRNT	25198
    TALLLPV	24509
Time for index table init: 0h 22m 5s 138ms
k-mer similarity threshold: 118
Starting prefiltering scores calculation (step 11 of 20)
Query db start 1 to 1853
Target db start 232670739 to 256164003
[=================================================================] 1.85K 9s 9ms

3041.544444 k-mers per position
461428 DB matches per sequence
0 overflows
29 sequences passed prefiltering per query sequence
30 median result list length
5 sequences with 0 size result lists
Time for merging to pref_0_tmp_10: 0h 0m 0s 64ms
Time for merging to pref_0_tmp_10_tmp: 0h 0m 0s 174ms
Process prefiltering step 12 of 20

Index table k-mer threshold: 118 at k-mer size 7 
Index table: counting k-mers
[=================================================================] 23.01M 9m 54s 171ms
Index table: Masked residues: 169589212
Index table: fill
[=================================================================] 23.01M 11m 30s 114ms
Index statistics
Entries:          8493822999
DB size:          58367 MB
Avg k-mer size:   6.635799
Top 10 k-mers
    SGQQRIA	72387
    GPGGKLL	62432
    YTGTGKG	43755
    GGQRVAR	34773
    AFRNNFW	27926
    LSPLAIT	26231
    GRFVVEV	25643
    LLGPGKT	24664
    IFLLASS	24163
    TMLDRNT	24103
Time for index table init: 0h 22m 5s 855ms
k-mer similarity threshold: 118
Starting prefiltering scores calculation (step 12 of 20)
Query db start 1 to 1853
Target db start 256164004 to 279169959
[=================================================================] 1.85K 9s 348ms

3041.544444 k-mers per position
459669 DB matches per sequence
0 overflows
29 sequences passed prefiltering per query sequence
30 median result list length
4 sequences with 0 size result lists
Time for merging to pref_0_tmp_11: 0h 0m 0s 82ms
Time for merging to pref_0_tmp_11_tmp: 0h 0m 0s 123ms
Process prefiltering step 13 of 20

Index table k-mer threshold: 118 at k-mer size 7 
Index table: counting k-mers
[=================================================================] 23.41M 9m 54s 12ms
Index table: Masked residues: 155443301
Index table: fill
[=================================================================] 23.41M 11m 28s 861ms
Index statistics
Entries:          8511030179
DB size:          58466 MB
Avg k-mer size:   6.649242
Top 10 k-mers
    SGQQRIA	77326
    GPGGKLL	66264
    YTGTGKG	45969
    GGQRVAR	38666
    GRFVVEV	27232
    GGRRVAR	24997
    ALGSGKS	24927
    LLGPGKT	23753
    RAEGRAV	22957
    RYYVLGW	20471
Time for index table init: 0h 22m 3s 487ms
k-mer similarity threshold: 118
Starting prefiltering scores calculation (step 13 of 20)
Query db start 1 to 1853
Target db start 279169960 to 302577196
[=================================================================] 1.85K 9s 189ms

3041.544444 k-mers per position
456307 DB matches per sequence
0 overflows
29 sequences passed prefiltering per query sequence
30 median result list length
5 sequences with 0 size result lists
Time for merging to pref_0_tmp_12: 0h 0m 0s 53ms
Time for merging to pref_0_tmp_12_tmp: 0h 0m 0s 132ms
Process prefiltering step 14 of 20

Index table k-mer threshold: 118 at k-mer size 7 
Index table: counting k-mers
[=================================================================] 23.66M 9m 53s 74ms
Index table: Masked residues: 159169611
Index table: fill
[=================================================================] 23.66M 11m 30s 897ms
Index statistics
Entries:          8501669721
DB size:          58412 MB
Avg k-mer size:   6.641929
Top 10 k-mers
    SGQQRIA	73978
    GPGGKLL	64191
    YTGTGKG	43181
    GGQRVAR	36540
    AFRNNFW	28038
    LSPLAIT	26449
    LLGPGKT	25689
    GRFVVEV	24661
    IFLLASS	24224
    TMLDRNT	24021
Time for index table init: 0h 22m 4s 430ms
k-mer similarity threshold: 118
Starting prefiltering scores calculation (step 14 of 20)
Query db start 1 to 1853
Target db start 302577197 to 326234324
[=================================================================] 1.85K 9s 195ms

3041.544444 k-mers per position
459245 DB matches per sequence
0 overflows
29 sequences passed prefiltering per query sequence
30 median result list length
5 sequences with 0 size result lists
Time for merging to pref_0_tmp_13: 0h 0m 0s 50ms
Time for merging to pref_0_tmp_13_tmp: 0h 0m 0s 153ms
Process prefiltering step 15 of 20

Index table k-mer threshold: 118 at k-mer size 7 
Index table: counting k-mers
[=================================================================] 22.77M 9m 54s 716ms
Index table: Masked residues: 166061390
Index table: fill
[=================================================================] 22.77M 11m 29s 601ms
Index statistics
Entries:          8502574835
DB size:          58417 MB
Avg k-mer size:   6.642637
Top 10 k-mers
    SGQQRIA	75671
    GPGGKLL	64632
    YTGTGKG	46977
    GGQRVAR	36860
    GRFVVEV	27904
    RGAVAVR	24692
    ALGSGKS	24458
    ALGNGKS	24184
    RAEGRAV	23521
    RYYVLGW	20679
Time for index table init: 0h 22m 6s 892ms
k-mer similarity threshold: 118
Starting prefiltering scores calculation (step 15 of 20)
Query db start 1 to 1853
Target db start 326234325 to 349001908
[=================================================================] 1.85K 9s 55ms

3041.544444 k-mers per position
456578 DB matches per sequence
0 overflows
29 sequences passed prefiltering per query sequence
30 median result list length
7 sequences with 0 size result lists
Time for merging to pref_0_tmp_14: 0h 0m 0s 75ms
Time for merging to pref_0_tmp_14_tmp: 0h 0m 0s 161ms
Process prefiltering step 16 of 20

Index table k-mer threshold: 118 at k-mer size 7 
Index table: counting k-mers
[=================================================================] 23.50M 9m 53s 197ms
Index table: Masked residues: 162604805
Index table: fill
[=================================================================] 23.50M 11m 30s 470ms
Index statistics
Entries:          8498214177
DB size:          58392 MB
Avg k-mer size:   6.639230
Top 10 k-mers
    SGQQRIA	71727
    GPGGKLL	62359
    GQQVARA	44893
    YTGTGKG	42400
    GGQRVAR	35458
    AFRNNFW	29019
    LSPLAIT	27176
    LLGPGKT	25358
    TMLDRNT	24988
    GGGWLLM	24577
Time for index table init: 0h 22m 4s 327ms
k-mer similarity threshold: 118
Starting prefiltering scores calculation (step 16 of 20)
Query db start 1 to 1853
Target db start 349001909 to 372500558
[=================================================================] 1.85K 9s 315ms

3041.544444 k-mers per position
461443 DB matches per sequence
0 overflows
29 sequences passed prefiltering per query sequence
30 median result list length
5 sequences with 0 size result lists
Time for merging to pref_0_tmp_15: 0h 0m 0s 166ms
Time for merging to pref_0_tmp_15_tmp: 0h 0m 0s 180ms
Process prefiltering step 17 of 20

Index table k-mer threshold: 118 at k-mer size 7 
Index table: counting k-mers
[=================================================================] 23.00M 9m 54s 221ms
Index table: Masked residues: 169521512
Index table: fill
[=================================================================] 23.00M 11m 30s 665ms
Index statistics
Entries:          8493691785
DB size:          58366 MB
Avg k-mer size:   6.635697
Top 10 k-mers
    SGQQRIA	72415
    GPGGKLL	62380
    YTGTGKG	43482
    GGQRVAR	34969
    AFRNNFW	27809
    LSPLAIT	26210
    GRFVVEV	25868
    LLGPGKT	24586
    IFLLASS	24090
    TMLDRNT	24042
Time for index table init: 0h 22m 7s 335ms
k-mer similarity threshold: 118
Starting prefiltering scores calculation (step 17 of 20)
Query db start 1 to 1853
Target db start 372500559 to 395504720
[=================================================================] 1.85K 9s 217ms

3041.544444 k-mers per position
459678 DB matches per sequence
0 overflows
29 sequences passed prefiltering per query sequence
30 median result list length
8 sequences with 0 size result lists
Time for merging to pref_0_tmp_16: 0h 0m 0s 103ms
Time for merging to pref_0_tmp_16_tmp: 0h 0m 0s 187ms
Process prefiltering step 18 of 20

Index table k-mer threshold: 118 at k-mer size 7 
Index table: counting k-mers
[=================================================================] 23.40M 9m 54s 315ms
Index table: Masked residues: 155171215
Index table: fill
[=================================================================] 23.40M 11m 30s 651ms
Index statistics
Entries:          8511258579
DB size:          58467 MB
Avg k-mer size:   6.649421
Top 10 k-mers
    SGQQRIA	77990
    GPGGKLL	66122
    YTGTGKG	46247
    GGQRVAR	38747
    GRFVVEV	27074
    GGRRVAR	24587
    ALGSGKS	24480
    LLGPGKT	23486
    RAEGRAV	22720
    RYYVLGW	20842
Time for index table init: 0h 22m 6s 489ms
k-mer similarity threshold: 118
Starting prefiltering scores calculation (step 18 of 20)
Query db start 1 to 1853
Target db start 395504721 to 418907702
[=================================================================] 1.85K 9s 101ms

3041.544444 k-mers per position
456341 DB matches per sequence
0 overflows
29 sequences passed prefiltering per query sequence
30 median result list length
4 sequences with 0 size result lists
Time for merging to pref_0_tmp_17: 0h 0m 0s 110ms
Time for merging to pref_0_tmp_17_tmp: 0h 0m 0s 198ms
Process prefiltering step 19 of 20

Index table k-mer threshold: 118 at k-mer size 7 
Index table: counting k-mers
[=================================================================] 23.66M 9m 53s 255ms
Index table: Masked residues: 159484766
Index table: fill
[=================================================================] 23.66M 11m 32s 294ms
Index statistics
Entries:          8501005713
DB size:          58408 MB
Avg k-mer size:   6.641411
Top 10 k-mers
    SGQQRIA	74095
    GPGGKLL	63976
    YTGTGKG	42960
    GGQRVAR	36513
    AFRNNFW	27735
    LSPLAIT	26112
    LLGPGKT	25040
    GRFVVEV	24708
    IFLLASS	24045
    TMLDRNT	23950
Time for index table init: 0h 22m 6s 622ms
k-mer similarity threshold: 118
Starting prefiltering scores calculation (step 19 of 20)
Query db start 1 to 1853
Target db start 418907703 to 442565177
[=================================================================] 1.85K 8s 970ms

3041.544444 k-mers per position
459219 DB matches per sequence
0 overflows
29 sequences passed prefiltering per query sequence
30 median result list length
6 sequences with 0 size result lists
Time for merging to pref_0_tmp_18: 0h 0m 0s 74ms
Time for merging to pref_0_tmp_18_tmp: 0h 0m 0s 187ms
Process prefiltering step 20 of 20

Index table k-mer threshold: 118 at k-mer size 7 
Index table: counting k-mers
[=================================================================] 22.77M 9m 55s 603ms
Index table: Masked residues: 165639055
Index table: fill
[=================================================================] 22.77M 11m 27s 620ms
Index statistics
Entries:          8503225605
DB size:          58421 MB
Avg k-mer size:   6.643145
Top 10 k-mers
    SGQQRIA	75928
    GPGGKLL	65094
    YTGTGKG	46433
    GGQRVAR	36801
    GRFVVEV	27937
    RGAVAVR	24752
    ALGSGKS	24638
    ALGNGKS	24092
    RAEGRAV	23709
    RYYVLGW	20465
Time for index table init: 0h 22m 3s 416ms
k-mer similarity threshold: 118
Starting prefiltering scores calculation (step 20 of 20)
Query db start 1 to 1853
Target db start 442565178 to 465330530
[=================================================================] 1.85K 8s 984ms

3041.544444 k-mers per position
456618 DB matches per sequence
0 overflows
29 sequences passed prefiltering per query sequence
30 median result list length
5 sequences with 0 size result lists
Time for merging to pref_0_tmp_19: 0h 0m 0s 83ms
Time for merging to pref_0_tmp_19_tmp: 0h 0m 0s 158ms
Merging 20 target splits to pref_0
Preparing offsets for merging: 0h 0m 0s 47ms
[=================================================================] 1.85K 0s 139ms
Time for merging to pref_0: 0h 0m 0s 69ms
Time for merging target splits: 0h 0m 1s 385ms
Time for merging to pref_0_tmp: 0h 0m 0s 237ms
Time for processing: 7h 32m 13s 866ms
align /share/project/mieke/fdog_neighbor_regions/output_debug_tmp_blast_generated/XP_037025795_1_LOC119067126_337/tmp/BRAIM_335710_1/metaeuk/3146761583438519000/tmp_predict/14061024831379208069/aa_6f /share/gluster/NOTLOESUNG/freya/uniref100/uniref100 /share/project/mieke/fdog_neighbor_regions/output_debug_tmp_blast_generated/XP_037025795_1_LOC119067126_337/tmp/BRAIM_335710_1/metaeuk/3146761583438519000/tmp_predict/14061024831379208069/tmp_search/7251461504647826832/pref_0 /share/project/mieke/fdog_neighbor_regions/output_debug_tmp_blast_generated/XP_037025795_1_LOC119067126_337/tmp/BRAIM_335710_1/metaeuk/3146761583438519000/tmp_predict/14061024831379208069/search_res --sub-mat 'aa:blosum62.out,nucl:nucleotide.out' -a 0 --alignment-mode 2 --alignment-output-mode 0 --wrapped-scoring 0 -e 100 --min-seq-id 0 --min-aln-len 15 --seq-id-mode 0 --alt-ali 0 -c 0 --cov-mode 0 --max-seq-len 160000 --comp-bias-corr 1 --comp-bias-corr-scale 1 --max-rejected 2147483647 --max-accept 2147483647 --add-self-matches 0 --db-load-mode 0 --pca substitution:1.100,context:1.400 --pcb substitution:4.100,context:5.800 --score-bias 0 --realign 0 --realign-score-bias -0.2 --realign-max-seqs 2147483647 --corr-score-weight 0 --gap-open aa:11,nucl:5 --gap-extend aa:1,nucl:2 --zdrop 40 --threads 24 --compressed 0 -v 3 

Can not touch 180849642467 into main memory
Compute score and coverage
Query database size: 1853 type: Aminoacid
Target database size: 465330530 type: Aminoacid
Calculation of alignments
[=================================================================] 1.85K 1m 9s 997ms
Time for merging to search_res: 0h 0m 0s 70ms
1099945 alignments calculated
13020 sequence pairs passed the thresholds (0.011837 of overall calculated)
7.026443 hits per query sequence
Time for processing: 0h 2m 4s 781ms
rmdb /share/project/mieke/fdog_neighbor_regions/output_debug_tmp_blast_generated/XP_037025795_1_LOC119067126_337/tmp/BRAIM_335710_1/metaeuk/3146761583438519000/tmp_predict/14061024831379208069/tmp_search/7251461504647826832/pref_0 -v 3 

Time for processing: 0h 0m 0s 14ms
rmdb /share/project/mieke/fdog_neighbor_regions/output_debug_tmp_blast_generated/XP_037025795_1_LOC119067126_337/tmp/BRAIM_335710_1/metaeuk/3146761583438519000/tmp_predict/14061024831379208069/tmp_search/7251461504647826832/aln_0 -v 3 

Time for processing: 0h 0m 0s 2ms
rmdb /share/project/mieke/fdog_neighbor_regions/output_debug_tmp_blast_generated/XP_037025795_1_LOC119067126_337/tmp/BRAIM_335710_1/metaeuk/3146761583438519000/tmp_predict/14061024831379208069/tmp_search/7251461504647826832/input_0 -v 3 

Time for processing: 0h 0m 0s 2ms
rmdb /share/project/mieke/fdog_neighbor_regions/output_debug_tmp_blast_generated/XP_037025795_1_LOC119067126_337/tmp/BRAIM_335710_1/metaeuk/3146761583438519000/tmp_predict/14061024831379208069/tmp_search/7251461504647826832/aln_merge -v 3 

Time for processing: 0h 0m 0s 2ms
resultspercontig /share/project/mieke/fdog_neighbor_regions/output_debug_tmp_blast_generated/XP_037025795_1_LOC119067126_337/tmp/BRAIM_335710_1/metaeuk/3146761583438519000/contigs /share/project/mieke/fdog_neighbor_regions/output_debug_tmp_blast_generated/XP_037025795_1_LOC119067126_337/tmp/BRAIM_335710_1/metaeuk/3146761583438519000/tmp_predict/14061024831379208069/nucl_6f /share/project/mieke/fdog_neighbor_regions/output_debug_tmp_blast_generated/XP_037025795_1_LOC119067126_337/tmp/BRAIM_335710_1/metaeuk/3146761583438519000/tmp_predict/14061024831379208069/search_res /share/project/mieke/fdog_neighbor_regions/output_debug_tmp_blast_generated/XP_037025795_1_LOC119067126_337/tmp/BRAIM_335710_1/metaeuk/3146761583438519000/tmp_predict/14061024831379208069/search_res_by_contig --threads 24 --compressed 0 -v 3 

Computing ORF lookup
Computing contig offsets
Computing contig lookup
Time for contig lookup: 0h 0m 0s 2ms
[=================================================================] 1 0s 0ms
Time for merging to search_res_by_contig: 0h 0m 0s 97ms
Time for processing: 0h 0m 0s 275ms
collectoptimalset /share/project/mieke/fdog_neighbor_regions/output_debug_tmp_blast_generated/XP_037025795_1_LOC119067126_337/tmp/BRAIM_335710_1/metaeuk/3146761583438519000/tmp_predict/14061024831379208069/search_res_by_contig /share/gluster/NOTLOESUNG/freya/uniref100/uniref100 /share/project/mieke/fdog_neighbor_regions/output_debug_tmp_blast_generated/XP_037025795_1_LOC119067126_337/tmp/BRAIM_335710_1/metaeuk/3146761583438519000/tmp_predict/14061024831379208069/dp_predictions --metaeuk-eval 0.001 --metaeuk-tcov 0.5 --max-intron 130000 --min-intron 5 --min-exon-aa 15 --max-overlap 15 --max-exon-sets 1 --set-gap-open -1 --set-gap-extend -1 --score-bias 0 --threads 24 --compressed 0 -v 3 

[=================================================================] 1 0s 1ms
Time for merging to dp_predictions: 0h 0m 0s 65ms
Time for processing: 0h 0m 21s 319ms
mvdb /share/project/mieke/fdog_neighbor_regions/output_debug_tmp_blast_generated/XP_037025795_1_LOC119067126_337/tmp/BRAIM_335710_1/metaeuk/3146761583438519000/tmp_predict/14061024831379208069/dp_predictions /share/project/mieke/fdog_neighbor_regions/output_debug_tmp_blast_generated/XP_037025795_1_LOC119067126_337/tmp/BRAIM_335710_1//metaeuk/3146761583438519000/MetaEuk_calls 

Time for processing: 0h 0m 0s 87ms
Removing temporary files from /share/project/mieke/fdog_neighbor_regions/output_debug_tmp_blast_generated/XP_037025795_1_LOC119067126_337/tmp/BRAIM_335710_1/metaeuk/3146761583438519000/tmp_predict/14061024831379208069
reduceredundancy /share/project/mieke/fdog_neighbor_regions/output_debug_tmp_blast_generated/XP_037025795_1_LOC119067126_337/tmp/BRAIM_335710_1//metaeuk/3146761583438519000/MetaEuk_calls /share/project/mieke/fdog_neighbor_regions/output_debug_tmp_blast_generated/XP_037025795_1_LOC119067126_337/tmp/BRAIM_335710_1//metaeuk/3146761583438519000/MetaEuk_preds /share/project/mieke/fdog_neighbor_regions/output_debug_tmp_blast_generated/XP_037025795_1_LOC119067126_337/tmp/BRAIM_335710_1//metaeuk/3146761583438519000/MetaEuk_preds_clust --overlap 1 --threads 24 --compressed 0 -v 3 

[=================================================================] 1 0s 1ms
Time for merging to MetaEuk_preds_clust: 0h 0m 0s 50ms
Time for merging to MetaEuk_preds: 0h 0m 0s 56ms
Time for processing: 0h 0m 0s 340ms
unitesetstofasta /share/project/mieke/fdog_neighbor_regions/output_debug_tmp_blast_generated/XP_037025795_1_LOC119067126_337/tmp/BRAIM_335710_1//metaeuk/3146761583438519000/contigs /share/gluster/NOTLOESUNG/freya/uniref100/uniref100 /share/project/mieke/fdog_neighbor_regions/output_debug_tmp_blast_generated/XP_037025795_1_LOC119067126_337/tmp/BRAIM_335710_1//metaeuk/3146761583438519000/MetaEuk_preds /share/project/mieke/fdog_neighbor_regions/output_debug_tmp_blast_generated/XP_037025795_1_LOC119067126_337/tmp/BRAIM_335710_1/OZ247436.1_1 --protein 0 --translation-table 1 --target-key 0 --write-frag-coords 0 --len-scan-for-start 0 --max-seq-len 160000 --threads 24 -v 3 

[=================================================================] 1 0s 1ms
Time for merging to OZ247436.1_1.fas: 0h 0m 0s 60ms
Time for merging to OZ247436.1_1.codon.fas: 0h 0m 0s 80ms
Time for merging to OZ247436.1_1.headersMap.tsv: 0h 0m 0s 65ms
Time for merging to OZ247436.1_1.gff: 0h 0m 0s 84ms
Time for processing: 0h 0m 54s 263ms
BLAST Database error: Database memory map file error
BLAST Database error: Database memory map file error
100%|██████████| 13/13 [16:20:57<00:00, 7156.98s/it]100%|██████████| 13/13 [16:20:57<00:00, 4527.47s/it]
Searching in species RHISO@456999@v1

Time miniprot 3.8783164024353027 in species RHISO@456999@v1
No candidate region found for species RHISO@456999@v1!

Searching in species TRISP@1260884@1

Time miniprot 16.604987144470215 in species TRISP@1260884@1
1 candiate region(s) were found for species TRISP@1260884@1.

Time metaeuk: 248.48581314086914 species TRISP@1260884@1 

No ortholog fulfilled the reciprocity criteria for species TRISP@1260884@1.

Searching in species BRACO@1817600@1

Time miniprot 14.804940938949585 in species BRACO@1817600@1
1 candiate region(s) were found for species BRACO@1817600@1.

Time metaeuk: 259.0856602191925 species BRACO@1817600@1 

No ortholog fulfilled the reciprocity criteria for species BRACO@1817600@1.

Searching in species BRAPE@1817611@1

Time miniprot 13.25539493560791 in species BRAPE@1817611@1
1 candiate region(s) were found for species BRAPE@1817611@1.

Time metaeuk: 269.71287870407104 species BRAPE@1817611@1 

No ortholog fulfilled the reciprocity criteria for species BRAPE@1817611@1.

Searching in species BRAAL@1260807@1

Time miniprot 12.696587800979614 in species BRAAL@1260807@1
1 candiate region(s) were found for species BRAAL@1260807@1.

Time metaeuk: 275.1417398452759 species BRAAL@1260807@1 

No ortholog fulfilled the reciprocity criteria for species BRAAL@1260807@1.

Searching in species BRAOC@1260802@1

Time miniprot 14.731257200241089 in species BRAOC@1260802@1
1 candiate region(s) were found for species BRAOC@1260802@1.

Time metaeuk: 278.7234938144684 species BRAOC@1260802@1 

No ortholog fulfilled the reciprocity criteria for species BRAOC@1260802@1.

Searching in species PHYFL@1260839@1

Time miniprot 17.59431552886963 in species PHYFL@1260839@1
1 candiate region(s) were found for species PHYFL@1260839@1.

Time metaeuk: 1386.1929006576538 species PHYFL@1260839@1 

No ortholog fulfilled the reciprocity criteria for species PHYFL@1260839@1.

Searching in species BRAOD@1564500@1

Time miniprot 15.951587438583374 in species BRAOD@1564500@1
1 candiate region(s) were found for species BRAOD@1564500@1.

Time metaeuk: 1387.3653893470764 species BRAOD@1564500@1 

No ortholog fulfilled the reciprocity criteria for species BRAOD@1564500@1.

Searching in species LYCIN@767460@1

Time miniprot 15.181897640228271 in species LYCIN@767460@1
1 candiate region(s) were found for species LYCIN@767460@1.

Time metaeuk: 1387.613350868225 species LYCIN@767460@1 

No ortholog fulfilled the reciprocity criteria for species LYCIN@767460@1.

Searching in species BRADE@3151524@1

Time miniprot 13.830483675003052 in species BRADE@3151524@1
1 candiate region(s) were found for species BRADE@3151524@1.

Time metaeuk: 1389.3772640228271 species BRADE@3151524@1 

No ortholog fulfilled the reciprocity criteria for species BRADE@3151524@1.

Searching in species PSEHY@35572@1

Time miniprot 18.296464443206787 in species PSEHY@35572@1
1 candiate region(s) were found for species PSEHY@35572@1.

Time metaeuk: 1384.0899424552917 species PSEHY@35572@1 

No ortholog fulfilled the reciprocity criteria for species PSEHY@35572@1.

Searching in species LYCAG@1887995@1

Time miniprot 10.535032033920288 in species LYCAG@1887995@1
1 candiate region(s) were found for species LYCAG@1887995@1.

Time metaeuk: 1391.1150469779968 species LYCAG@1887995@1 

No ortholog fulfilled the reciprocity criteria for species LYCAG@1887995@1.

Searching in species BRAIM@335710@1

Time miniprot 16.473089694976807 in species BRAIM@335710@1
4 candiate region(s) were found for species BRAIM@335710@1.

Time metaeuk: 58835.720129966736 species BRAIM@335710@1 

No ortholog fulfilled the reciprocity criteria for species BRAIM@335710@1.

	 ...finished 

Calculating FAS scores ...
Error running FAS with  fas.run --seed /share/project/mieke/fdog_neighbor_regions/core_orthologs//XP_037025795_1_LOC119067126_337/XP_037025795_1_LOC119067126_337.fa --query /share/project/mieke/fdog_neighbor_regions/output_debug_tmp_blast_generated/XP_037025795_1_LOC119067126_337//XP_037025795_1_LOC119067126_337_og.fa --annotation_dir /share/project/mieke/fdog_neighbor_regions/output_debug_tmp_blast_generated/XP_037025795_1_LOC119067126_337//tmp/anno_dir --bidirectional --tsv --phyloprofile /share/project/mieke/fdog_neighbor_regions/output_debug_tmp_blast_generated/XP_037025795_1_LOC119067126_337//tmp/XP_037025795_1_LOC119067126_337.mapping.txt --seed_id 'XP_037025795_1_LOC119067126_337|BRACO@38358@014529535_1|XP_037025795.1' --out_dir /share/project/mieke/fdog_neighbor_regions/output_debug_tmp_blast_generated/XP_037025795_1_LOC119067126_337/ --out_name XP_037025795_1_LOC119067126_337
Error during gene prediction with metaeuk, using miniprot predictions for species TRISP@1260884@1
No gene predicted with augustus or metaeuk, using miniprot predictions for species TRISP@1260884@1
Error during gene prediction with metaeuk, using miniprot predictions for species LYCIN@767460@1
No gene predicted with augustus or metaeuk, using miniprot predictions for species LYCIN@767460@1
Error during gene prediction with metaeuk, using miniprot predictions for species BRACO@1817600@1
No gene predicted with augustus or metaeuk, using miniprot predictions for species BRACO@1817600@1
