222085	1	268	7.587E-70	4	11707	12344	252	111	0.821	1.223E-25	73	136	226	11707	11898	192	11677	11907
222085	1	268	7.587E-70	4	11707	12344	256	55	0.845	1.521E-06	138	167	226	11960	12049	90	11903	12082
222085	1	268	7.587E-70	4	11707	12344	259	34	0.713	9.292E+00	168	189	226	12109	12174	66	12094	12213
222085	1	268	7.587E-70	4	11707	12344	261	64	0.844	1.065E-09	190	224	226	12240	12344	105	12183	12347
234171	1	200	2.239E-49	3	11522	12049	251	45	0.448	2.687E-02	35	86	231	11522	11677	156	11516	11824
234171	1	200	2.239E-49	3	11522	12049	252	109	0.813	3.164E-25	73	136	231	11707	11898	192	11677	11907
234171	1	200	2.239E-49	3	11522	12049	256	58	0.884	1.631E-07	138	167	231	11960	12049	90	11903	12082
422501	1	192	5.733E-47	3	11522	12049	251	46	0.455	1.431E-02	37	88	233	11522	11677	156	11516	11824
422501	1	192	5.733E-47	3	11522	12049	252	103	0.768	6.933E-23	75	138	233	11707	11898	192	11677	11907
422501	1	192	5.733E-47	3	11522	12049	256	55	0.820	1.521E-06	139	169	233	11957	12049	93	11903	12082
457876	1	205	6.998E-51	3	11522	12049	251	47	0.464	5.554E-03	38	89	234	11522	11677	156	11516	11824
457876	1	205	6.998E-51	3	11522	12049	252	109	0.813	3.164E-25	76	139	234	11707	11898	192	11677	11907
457876	1	205	6.998E-51	3	11522	12049	256	61	0.924	1.752E-08	141	170	234	11960	12049	90	11903	12082
501168	1	262	4.856E-68	4	11707	12344	252	107	0.797	2.120E-24	75	138	238	11707	11898	192	11677	11907
501168	1	262	4.856E-68	4	11707	12344	256	56	0.856	8.036E-07	140	169	238	11960	12049	90	11903	12082
501168	1	262	4.856E-68	4	11707	12344	259	34	0.713	9.292E+00	170	191	238	12109	12174	66	12094	12213
501168	1	262	4.856E-68	4	11707	12344	261	61	0.805	1.363E-08	192	226	238	12240	12344	105	12183	12347
613230	1	205	6.998E-51	3	11707	12344	252	106	0.789	5.487E-24	76	139	229	11707	11898	192	11677	11907
613230	1	205	6.998E-51	3	11707	12344	256	55	0.815	2.093E-06	140	170	229	11957	12049	93	11903	12082
613230	1	205	6.998E-51	3	11707	12344	261	64	0.844	1.065E-09	193	227	229	12240	12344	105	12183	12347
632009	1	260	1.942E-67	4	11522	12344	251	48	0.629	4.052E-03	140	175	330	11522	11629	108	11516	11824
632009	1	260	1.942E-67	4	11522	12344	252	108	0.725	1.124E-24	169	240	330	11683	11898	216	11677	11907
632009	1	260	1.942E-67	4	11522	12344	256	65	0.931	5.268E-10	242	273	330	11960	12055	96	11903	12082
632009	1	260	1.942E-67	4	11522	12344	261	62	0.820	5.239E-09	294	328	330	12240	12344	105	12183	12347
704314	1	307	1.380E-81	5	11516	12344	251	51	0.637	3.244E-04	33	70	225	11516	11629	114	11516	11824
704314	1	307	1.380E-81	5	11516	12344	252	108	0.802	1.124E-24	72	135	225	11707	11898	192	11677	11907
704314	1	307	1.380E-81	5	11516	12344	256	57	0.674	4.246E-07	136	175	225	11957	12076	120	11903	12082
704314	1	307	1.380E-81	5	11516	12344	259	32	0.693	6.434E+01	168	188	225	12112	12174	63	12094	12213
704314	1	307	1.380E-81	5	11516	12344	261	61	0.815	7.206E-09	189	223	225	12240	12344	105	12183	12347
821816	1	96	4.542E-18	1	14253	14486	320	96	0.613	5.061E-18	12	89	93	14253	14486	234	14238	14924
823854	1	153	3.152E-35	1	10703	11344	245	153	0.405	9.434E-37	6	200	329	10703	11344	642	10655	11458
824915	1	91	1.453E-16	1	14253	14705	320	91	0.355	2.776E-16	27	172	224	14253	14705	453	14238	14924
936173	1	156	3.939E-36	1	10721	11275	245	156	0.459	5.720E-38	123	290	291	10721	11275	555	10655	11458
978094	1	106	4.435E-21	1	11683	11898	252	106	0.711	7.534E-24	34	105	114	11683	11898	216	11677	11907
1058543	1	144	1.614E-32	1	10721	11275	245	144	0.432	6.482E-34	188	355	364	10721	11275	555	10655	11458
1213590	1	106	4.435E-21	1	11707	11898	252	106	0.787	7.534E-24	42	105	114	11707	11898	192	11677	11907
1230026	1	285	5.788E-75	3	10691	12049	245	151	0.355	4.473E-36	21	213	409	10691	11455	765	10655	11458
1230026	1	285	5.788E-75	3	10691	12049	252	115	0.827	3.743E-27	253	318	409	11701	11898	198	11677	11907
1230026	1	285	5.788E-75	3	10691	12049	256	56	0.831	8.036E-07	319	349	409	11957	12049	93	11903	12082
5068605	1	256	3.108E-66	3	14481	15358	320	113	0.471	6.139E-24	188	316	470	14481	14861	381	14238	14924
5068605	1	256	3.108E-66	3	14481	15358	322	59	0.488	7.264E-08	319	380	470	14928	15080	153	14928	15116
5068605	1	256	3.108E-66	3	14481	15358	327	85	0.499	1.014E-16	380	468	470	15143	15358	216	15113	15358
11142989	1	141	1.291E-31	1	10661	11269	245	141	0.397	7.783E-33	7	197	199	10661	11269	609	10655	11458
12935278	1	257	1.554E-66	4	11522	12344	251	53	0.603	3.554E-05	36	78	228	11522	11650	129	11516	11824
12935278	1	257	1.554E-66	4	11522	12344	252	109	0.797	5.965E-25	74	138	228	11704	11898	195	11677	11907
12935278	1	257	1.554E-66	4	11522	12344	256	55	0.826	1.106E-06	139	169	228	11957	12049	93	11903	12082
12935278	1	257	1.554E-66	4	11522	12344	261	63	0.830	2.770E-09	192	226	228	12240	12344	105	12183	12347
15199217	1	201	1.120E-49	3	11707	12344	252	106	0.789	5.487E-24	61	124	213	11707	11898	192	11677	11907
15199217	1	201	1.120E-49	3	11707	12344	256	57	0.848	3.087E-07	125	155	213	11957	12049	93	11903	12082
15199217	1	201	1.120E-49	3	11707	12344	261	58	0.771	1.270E-07	178	212	213	12240	12344	105	12183	12347
15229754	1	239	4.073E-61	4	11516	12344	251	48	0.589	4.052E-03	45	83	240	11516	11632	117	11516	11824
15229754	1	239	4.073E-61	4	11516	12344	252	102	0.657	1.795E-22	75	150	240	11680	11907	228	11677	11907
15229754	1	239	4.073E-61	4	11516	12344	256	55	0.820	1.521E-06	153	183	240	11963	12055	93	11903	12082
15229754	1	239	4.073E-61	4	11516	12344	261	61	0.805	1.363E-08	204	238	240	12240	12344	105	12183	12347
15286918	1	168	9.618E-40	3	11516	12344	251	51	0.637	3.244E-04	35	72	233	11516	11629	114	11516	11824
15286918	1	168	9.618E-40	3	11516	12344	252	105	0.751	1.420E-23	74	140	233	11707	11907	201	11677	11907
15286918	1	168	9.618E-40	3	11516	12344	261	58	0.771	1.270E-07	189	223	233	12240	12344	105	12183	12347
15319926	1	158	9.848E-37	1	10679	11248	245	158	0.454	1.645E-38	13	181	183	10679	11248	570	10655	11458
15347895	1	98	1.135E-18	1	14250	14483	320	98	0.621	1.473E-18	26	103	111	14250	14483	234	14238	14924
15363714	1	192	5.733E-47	2	13940	14639	308	90	0.561	2.340E-17	20	100	389	13940	14182	243	13820	14203
15363714	1	192	5.733E-47	2	13940	14639	320	104	0.440	1.047E-20	104	229	389	14253	14639	387	14238	14924
15490752	1	74	1.905E-11	1	14286	14495	320	74	0.536	1.425E-10	32	101	126	14286	14495	210	14238	14924
15507209	1	164	1.539E-38	1	10679	11299	245	164	0.439	8.206E-41	13	198	210	10679	11299	621	10655	11458
15598130	1	145	8.068E-33	1	10721	11263	245	145	0.442	2.551E-34	5	168	261	10721	11263	543	10655	11458
15766299	1	91	1.453E-16	1	10880	11269	245	91	0.395	7.314E-16	0	112	114	10880	11269	390	10655	11458
20654815	1	114	1.733E-23	2	14934	15358	322	43	0.375	2.552E-02	81	143	217	14934	15080	147	14928	15116
20654815	1	114	1.733E-23	2	14934	15358	327	70	0.498	3.313E-11	144	215	217	15143	15358	216	15113	15358
24228834	1	295	5.653E-78	3	14469	15349	320	133	0.539	1.062E-30	9	136	269	14469	14846	378	14238	14924
24228834	1	295	5.653E-78	3	14469	15349	322	69	0.653	2.534E-11	147	197	269	14934	15080	147	14928	15116
24228834	1	295	5.653E-78	3	14469	15349	327	102	0.718	1.212E-22	197	264	269	15143	15349	207	15113	15358
28901769	1	260	1.942E-67	4	11707	12344	252	105	0.781	1.420E-23	68	131	221	11707	11898	192	11677	11907
28901769	1	260	1.942E-67	4	11707	12344	256	61	0.859	9.262E-09	132	164	221	11957	12055	99	11903	12082
28901769	1	260	1.942E-67	4	11707	12344	259	32	0.693	6.434E+01	164	184	221	12112	12174	63	12094	12213
28901769	1	260	1.942E-67	4	11707	12344	261	59	0.781	6.712E-08	185	219	221	12240	12344	105	12183	12347
29400140	1	250	1.989E-64	4	11516	12344	251	47	0.584	5.554E-03	45	83	241	11516	11632	117	11516	11824
29400140	1	250	1.989E-64	4	11516	12344	252	102	0.763	1.307E-22	85	148	241	11707	11898	192	11677	11907
29400140	1	250	1.989E-64	4	11516	12344	256	53	0.650	7.500E-06	154	192	241	11963	12079	117	11903	12082
29400140	1	250	1.989E-64	4	11516	12344	261	61	0.810	9.910E-09	205	239	241	12240	12344	105	12183	12347
29551615	1	199	4.479E-49	3	11707	12344	252	105	0.784	1.035E-23	79	142	251	11707	11898	192	11677	11907
29551615	1	199	4.479E-49	3	11707	12344	256	55	0.839	2.093E-06	144	173	251	11960	12049	90	11903	12082
29551615	1	199	4.479E-49	3	11707	12344	261	59	0.791	3.547E-08	196	230	251	12240	12344	105	12183	12347
29702306	1	234	1.303E-59	4	11522	12344	251	44	0.442	5.047E-02	36	87	227	11522	11677	156	11516	11824
29702306	1	234	1.303E-59	4	11522	12344	252	100	0.752	4.648E-22	74	137	227	11707	11898	192	11677	11907
29702306	1	234	1.303E-59	4	11522	12344	256	57	0.853	2.244E-07	138	168	227	11957	12049	93	11903	12082
29702306	1	234	1.303E-59	4	11522	12344	261	65	0.864	2.978E-10	191	225	227	12240	12344	105	12183	12347
29779517	1	240	2.037E-61	4	11516	12344	251	48	0.589	4.052E-03	45	83	240	11516	11632	117	11516	11824
29779517	1	240	2.037E-61	4	11516	12344	252	103	0.666	5.049E-23	75	150	240	11680	11907	228	11677	11907
29779517	1	240	2.037E-61	4	11516	12344	256	55	0.820	1.521E-06	153	183	240	11963	12055	93	11903	12082
29779517	1	240	2.037E-61	4	11516	12344	261	61	0.805	1.363E-08	204	238	240	12240	12344	105	12183	12347
29861965	1	179	4.696E-43	1	10691	11281	245	179	0.487	7.874E-46	4	179	384	10691	11281	591	10655	11458
29868534	1	167	1.924E-39	2	11680	12049	252	109	0.721	5.965E-25	40	112	203	11680	11898	219	11677	11907
29868534	1	167	1.924E-39	2	11680	12049	256	57	0.879	2.244E-07	114	143	203	11960	12049	90	11903	12082
29888288	1	96	4.542E-18	1	10664	11263	245	96	0.307	1.035E-17	4	198	334	10664	11263	600	10655	11458
29941345	1	112	6.930E-23	1	14253	14840	320	112	0.316	1.558E-23	20	243	355	14253	14840	588	14238	14924
29968599	1	80	2.977E-13	1	14253	14483	320	80	0.532	1.091E-12	30	105	106	14253	14483	231	14238	14924
30016459	1	96	4.542E-18	1	14250	14480	320	96	0.621	3.718E-18	14	90	99	14250	14480	231	14238	14924
30048681	1	96	4.542E-18	1	14250	14501	320	96	0.574	6.890E-18	26	109	162	14250	14501	252	14238	14924
30049550	1	177	1.878E-42	3	10754	12344	245	176	0.423	7.019E-45	2	171	367	10754	11455	702	10655	11458
30049550	1	177	1.878E-42	3	10754	12344	256	62	0.894	4.897E-09	278	309	367	11960	12055	96	11903	12082
30049550	1	177	1.878E-42	3	10754	12344	261	57	0.664	2.404E-07	324	364	367	12222	12344	123	12183	12347
30136540	1	109	5.544E-22	1	14250	14675	320	109	0.410	1.865E-22	0	148	265	14250	14675	426	14238	14924
30138089	1	92	7.267E-17	1	10973	11455	245	92	0.343	2.941E-16	10	123	318	10973	11455	483	10655	11458
30350091	1	145	8.068E-33	1	10721	11269	245	145	0.438	2.551E-34	28	197	199	10721	11269	549	10655	11458
33465755	1	214	1.367E-53	3	14532	15358	320	80	0.391	1.480E-12	80	194	339	14532	14846	315	14238	14924
33465755	1	214	1.367E-53	3	14532	15358	322	51	0.448	3.111E-05	204	263	339	14937	15080	144	14928	15116
33465755	1	214	1.367E-53	3	14532	15358	327	91	0.624	1.195E-18	263	334	339	15143	15358	216	15113	15358
34153368	1	256	3.108E-66	3	14490	15358	320	117	0.496	5.111E-25	190	313	471	14490	14846	357	14238	14924
34153368	1	256	3.108E-66	3	14490	15358	322	58	0.483	1.374E-07	320	381	471	14928	15080	153	14928	15116
34153368	1	256	3.108E-66	3	14490	15358	327	86	0.503	5.376E-17	381	469	471	15143	15358	216	15113	15358
37101944	1	254	1.243E-65	4	11707	12344	252	109	0.808	5.965E-25	73	136	225	11707	11898	192	11677	11907
37101944	1	254	1.243E-65	4	11707	12344	256	54	0.631	3.961E-06	138	178	225	11960	12079	120	11903	12082
37101944	1	254	1.243E-65	4	11707	12344	259	36	0.752	1.858E+00	168	189	225	12109	12174	66	12094	12213
37101944	1	254	1.243E-65	4	11707	12344	261	62	0.820	5.239E-09	190	224	225	12240	12344	105	12183	12347
40688919	1	257	1.554E-66	4	11522	12344	251	53	0.603	3.554E-05	36	78	228	11522	11650	129	11516	11824
40688919	1	257	1.554E-66	4	11522	12344	252	109	0.797	5.965E-25	74	138	228	11704	11898	195	11677	11907
40688919	1	257	1.554E-66	4	11522	12344	256	55	0.826	1.106E-06	139	169	228	11957	12049	93	11903	12082
40688919	1	257	1.554E-66	4	11522	12344	261	63	0.830	2.770E-09	192	226	228	12240	12344	105	12183	12347
43839754	1	133	3.305E-29	2	11522	11898	251	44	0.442	5.047E-02	7	58	123	11522	11677	156	11516	11824
43839754	1	133	3.305E-29	2	11522	11898	252	102	0.765	9.520E-23	45	108	123	11707	11898	192	11677	11907
44364242	1	201	1.120E-49	3	11707	12344	252	105	0.784	1.035E-23	79	142	233	11707	11898	192	11677	11907
44364242	1	201	1.120E-49	3	11707	12344	256	56	0.837	5.841E-07	143	173	233	11957	12049	93	11903	12082
44364242	1	201	1.120E-49	3	11707	12344	261	60	0.795	2.579E-08	196	230	233	12240	12344	105	12183	12347
44453578	1	66	4.877E-09	1	14253	14408	320	66	0.623	4.457E-08	9	60	61	14253	14408	156	14238	14924
44453882	1	141	1.291E-31	1	10706	11269	245	141	0.420	7.783E-33	102	272	276	10706	11269	564	10655	11458
44523655	1	721	3.262E-206	4	13883	15358	308	150	0.735	3.346E-38	0	97	421	13883	14179	297	13820	14203
44523655	1	721	3.262E-206	4	13883	15358	320	334	0.794	4.758E-100	98	298	421	14244	14855	612	14238	14924
44523655	1	721	3.262E-206	4	13883	15358	322	99	0.905	8.265E-22	299	349	421	14928	15080	153	14928	15116
44523655	1	721	3.262E-206	4	13883	15358	327	135	0.883	6.328E-34	349	420	421	15143	15358	216	15113	15358
44678741	1	159	4.924E-37	1	10721	11263	245	159	0.474	4.728E-39	162	325	330	10721	11263	543	10655	11458
55750637	1	290	1.809E-76	3	14508	15352	320	138	0.591	3.427E-32	20	137	270	14508	14846	339	14238	14924
55750637	1	290	1.809E-76	3	14508	15352	322	61	0.575	2.031E-08	148	199	270	14934	15083	150	14928	15116
55750637	1	290	1.809E-76	3	14508	15352	327	101	0.702	3.138E-22	198	266	270	15143	15352	210	15113	15358
58475746	1	153	3.152E-35	2	11516	11898	251	44	0.561	6.917E-02	1	38	112	11516	11629	114	11516	11824
58475746	1	153	3.152E-35	2	11516	11898	252	108	0.805	8.190E-25	40	103	112	11707	11898	192	11677	11907
58505298	1	143	3.227E-32	2	11522	11907	251	48	0.474	2.156E-03	3	54	113	11522	11677	156	11516	11824
58505298	1	143	3.227E-32	2	11522	11907	252	108	0.773	8.190E-25	41	107	113	11707	11907	201	11677	11907
58576389	1	256	3.108E-66	4	11522	12344	251	51	0.677	1.725E-04	36	71	226	11522	11629	108	11516	11824
58576389	1	256	3.108E-66	4	11522	12344	252	106	0.789	5.487E-24	73	136	226	11707	11898	192	11677	11907
58576389	1	256	3.108E-66	4	11522	12344	256	57	0.853	2.244E-07	137	167	226	11957	12049	93	11903	12082
58576389	1	256	3.108E-66	4	11522	12344	261	60	0.800	1.875E-08	190	224	226	12240	12344	105	12183	12347
58586510	1	108	1.109E-21	1	11707	11898	252	108	0.802	1.124E-24	41	104	113	11707	11898	192	11677	11907
58971231	1	153	3.152E-35	1	10679	11278	245	153	0.427	5.061E-37	13	191	215	10679	11278	600	10655	11458
59144215	1	107	2.218E-21	1	11683	11907	252	107	0.695	2.120E-24	34	108	114	11683	11907	225	11677	11907
59463630	1	205	6.998E-51	3	11707	12344	252	104	0.756	2.678E-23	74	139	229	11707	11904	198	11677	11907
59463630	1	205	6.998E-51	3	11707	12344	256	62	0.947	4.897E-09	139	168	229	11960	12049	90	11903	12082
59463630	1	205	6.998E-51	3	11707	12344	261	60	0.800	1.875E-08	191	225	229	12240	12344	105	12183	12347
65271731	1	257	1.554E-66	4	11522	12344	251	53	0.603	3.554E-05	36	78	228	11522	11650	129	11516	11824
65271731	1	257	1.554E-66	4	11522	12344	252	109	0.797	5.965E-25	74	138	228	11704	11898	195	11677	11907
65271731	1	257	1.554E-66	4	11522	12344	256	55	0.826	1.106E-06	139	169	228	11957	12049	93	11903	12082
65271731	1	257	1.554E-66	4	11522	12344	261	63	0.830	2.770E-09	192	226	228	12240	12344	105	12183	12347
68313418	1	205	6.998E-51	3	11707	12344	252	106	0.789	5.487E-24	76	139	229	11707	11898	192	11677	11907
68313418	1	205	6.998E-51	3	11707	12344	256	55	0.815	2.093E-06	140	170	229	11957	12049	93	11903	12082
68313418	1	205	6.998E-51	3	11707	12344	261	64	0.844	1.065E-09	193	227	229	12240	12344	105	12183	12347
71928502	1	138	1.033E-30	1	10670	11260	245	138	0.398	1.272E-31	7	188	193	10670	11260	591	10655	11458
72952662	1	205	6.998E-51	3	11707	12344	252	106	0.789	5.487E-24	76	139	229	11707	11898	192	11677	11907
72952662	1	205	6.998E-51	3	11707	12344	256	55	0.815	2.093E-06	140	170	229	11957	12049	93	11903	12082
72952662	1	205	6.998E-51	3	11707	12344	261	64	0.844	1.065E-09	193	227	229	12240	12344	105	12183	12347
73145220	1	170	2.404E-40	3	11516	12344	251	56	0.684	3.891E-06	35	73	232	11516	11632	117	11516	11824
73145220	1	170	2.404E-40	3	11516	12344	252	108	0.800	1.544E-24	74	137	232	11707	11898	192	11677	11907
73145220	1	170	2.404E-40	3	11516	12344	261	57	0.757	3.308E-07	191	225	232	12240	12344	105	12183	12347
73229281	1	150	2.521E-34	2	11516	11898	251	54	0.504	2.591E-05	1	54	113	11516	11677	162	11516	11824
73229281	1	150	2.521E-34	2	11516	11898	252	109	0.810	4.345E-25	41	104	113	11707	11898	192	11677	11907
73300008	1	143	3.227E-32	3	11522	12347	251	49	0.312	8.363E-04	20	115	212	11522	11728	207	11516	11824
73300008	1	143	3.227E-32	3	11522	12347	256	57	0.842	4.246E-07	121	151	212	11957	12049	93	11903	12082
73300008	1	143	3.227E-32	3	11522	12347	261	61	0.767	1.363E-08	173	209	212	12240	12347	108	12183	12347
73339029	1	246	3.182E-63	4	11516	12344	251	55	0.510	1.377E-05	35	88	228	11516	11677	162	11516	11824
73339029	1	246	3.182E-63	4	11516	12344	252	104	0.773	3.677E-23	75	138	228	11707	11898	192	11677	11907
73339029	1	246	3.182E-63	4	11516	12344	256	61	0.897	1.752E-08	139	169	228	11957	12049	93	11903	12082
73339029	1	246	3.182E-63	4	11516	12344	261	58	0.771	1.270E-07	192	226	228	12240	12344	105	12183	12347
73461784	1	106	4.435E-21	1	11680	11907	252	106	0.683	3.996E-24	34	109	115	11680	11907	228	11677	11907
73520879	1	87	2.325E-15	1	10691	10975	245	87	0.480	2.049E-14	10	104	143	10691	10975	285	10655	11458
73685808	1	108	1.109E-21	1	11683	11907	252	108	0.700	1.124E-24	34	108	114	11683	11907	225	11677	11907
73888654	1	154	1.576E-35	3	11522	12347	251	44	0.561	6.917E-02	87	124	276	11522	11635	114	11516	11824
73888654	1	154	1.576E-35	3	11522	12347	252	107	0.693	2.911E-24	116	190	276	11683	11907	225	11677	11907
73888654	1	154	1.576E-35	3	11522	12347	261	59	0.771	3.547E-08	240	275	276	12240	12347	108	12183	12347
73920739	1	203	2.799E-50	3	11680	12347	252	109	0.721	5.965E-25	40	112	203	11680	11898	219	11677	11907
73920739	1	203	2.799E-50	3	11680	12347	256	57	0.879	2.244E-07	114	143	203	11960	12049	90	11903	12082
73920739	1	203	2.799E-50	3	11680	12347	261	57	0.738	3.308E-07	166	201	203	12240	12347	108	12183	12347
74788039	1	74	1.905E-11	1	10802	11203	245	74	0.331	4.145E-10	31	134	224	10802	11203	402	10655	11458
77776004	1	256	3.108E-66	3	14508	15358	320	109	0.469	2.544E-22	201	324	473	14508	14864	357	14238	14924
77776004	1	256	3.108E-66	3	14508	15358	322	61	0.505	1.074E-08	322	383	473	14928	15080	153	14928	15116
77776004	1	256	3.108E-66	3	14508	15358	327	88	0.510	1.511E-17	383	471	473	15143	15358	216	15113	15358
83204429	1	139	5.163E-31	1	10691	11269	245	139	0.409	2.695E-32	14	193	195	10691	11269	579	10655	11458
84530030	1	207	1.749E-51	3	11707	12344	252	109	0.808	5.965E-25	76	139	230	11707	11898	192	11677	11907
84530030	1	207	1.749E-51	3	11707	12344	256	58	0.864	1.186E-07	140	170	230	11957	12049	93	11903	12082
84530030	1	207	1.749E-51	3	11707	12344	261	60	0.795	2.579E-08	193	227	230	12240	12344	105	12183	12347
87513701	1	155	7.879E-36	2	11516	11907	251	49	0.619	1.147E-03	1	38	112	11516	11629	114	11516	11824
87513701	1	155	7.879E-36	2	11516	11907	252	105	0.751	1.420E-23	40	106	112	11707	11907	201	11677	11907
87638501	1	157	1.970E-36	3	11516	12174	251	49	0.619	1.147E-03	34	71	234	11516	11629	114	11516	11824
87638501	1	157	1.970E-36	3	11516	12174	252	104	0.776	2.678E-23	73	136	234	11707	11898	192	11677	11907
87638501	1	157	1.970E-36	3	11516	12174	259	32	0.693	6.434E+01	167	187	234	12112	12174	63	12094	12213
87681829	1	249	3.978E-64	4	11516	12344	251	55	0.517	7.321E-06	33	86	226	11516	11677	162	11516	11824
87681829	1	249	3.978E-64	4	11516	12344	252	108	0.802	1.124E-24	73	136	226	11707	11898	192	11677	11907
87681829	1	249	3.978E-64	4	11516	12344	256	58	0.859	1.631E-07	137	167	226	11957	12049	93	11903	12082
87681829	1	249	3.978E-64	4	11516	12344	261	60	0.800	1.875E-08	190	224	226	12240	12344	105	12183	12347
88069229	1	88	1.163E-15	1	14253	14705	320	88	0.348	2.386E-15	27	172	224	14253	14705	453	14238	14924
88136013	1	81	1.488E-13	1	14253	14483	320	81	0.534	8.038E-13	30	105	106	14253	14483	231	14238	14924
88302892	1	132	6.609E-29	1	10805	11263	245	132	0.467	7.163E-30	11	146	214	10805	11263	459	10655	11458
96411637	1	258	7.769E-67	4	11707	12344	252	105	0.784	1.035E-23	68	131	221	11707	11898	192	11677	11907
96411637	1	258	7.769E-67	4	11707	12344	256	56	0.792	5.841E-07	132	164	221	11957	12055	99	11903	12082
96411637	1	258	7.769E-67	4	11707	12344	259	33	0.710	3.374E+01	164	184	221	12112	12174	63	12094	12213
96411637	1	258	7.769E-67	4	11707	12344	261	61	0.805	1.363E-08	185	219	221	12240	12344	105	12183	12347
102210094	1	200	2.239E-49	3	11707	12344	252	105	0.784	1.035E-23	77	140	231	11707	11898	192	11677	11907
102210094	1	200	2.239E-49	3	11707	12344	256	55	0.826	1.106E-06	141	171	231	11957	12049	93	11903	12082
102210094	1	200	2.239E-49	3	11707	12344	261	60	0.795	2.579E-08	194	228	231	12240	12344	105	12183	12347
102261815	1	169	4.809E-40	3	11707	12344	252	109	0.810	4.345E-25	71	134	223	11707	11898	192	11677	11907
102261815	1	169	4.809E-40	3	11707	12344	259	33	0.732	4.659E+01	167	186	223	12115	12174	60	12094	12213
102261815	1	169	4.809E-40	3	11707	12344	261	57	0.757	3.308E-07	187	221	223	12240	12344	105	12183	12347
102357855	1	176	3.757E-42	3	11707	12344	252	110	0.818	1.679E-25	71	134	223	11707	11898	192	11677	11907
102357855	1	176	3.757E-42	3	11707	12344	259	34	0.713	9.292E+00	166	187	223	12109	12174	66	12094	12213
102357855	1	176	3.757E-42	3	11707	12344	261	61	0.815	7.206E-09	188	222	223	12240	12344	105	12183	12347
102472171	1	159	4.924E-37	3	11516	12174	251	50	0.633	4.448E-04	34	71	234	11516	11629	114	11516	11824
102472171	1	159	4.924E-37	3	11516	12174	252	104	0.773	3.677E-23	73	136	234	11707	11898	192	11677	11907
102472171	1	159	4.924E-37	3	11516	12174	259	33	0.701	4.659E+01	167	187	234	12112	12174	63	12094	12213
102493970	1	281	9.261E-74	4	11522	12344	251	48	0.634	2.955E-03	20	55	210	11522	11629	108	11516	11824
102493970	1	281	9.261E-74	4	11522	12344	252	115	0.751	2.726E-27	49	122	210	11683	11904	222	11677	11907
102493970	1	281	9.261E-74	4	11522	12344	256	65	0.987	5.268E-10	122	151	210	11960	12049	90	11903	12082
102493970	1	281	9.261E-74	4	11522	12344	261	65	0.634	2.978E-10	160	208	210	12195	12344	150	12183	12347
102689627	1	362	3.830E-98	3	14412	15349	320	169	0.559	4.572E-43	21	176	318	14412	14864	453	14238	14924
102689627	1	362	3.830E-98	3	14412	15349	322	89	0.746	2.311E-18	176	232	318	14934	15104	171	14928	15116
102689627	1	362	3.830E-98	3	14412	15349	327	112	0.776	6.027E-26	224	292	318	15143	15349	207	15113	15358
102738008	1	360	1.532E-97	3	14502	15358	320	165	0.644	1.051E-41	16	143	261	14502	14870	369	14238	14924
102738008	1	360	1.532E-97	3	14502	15358	322	87	0.802	1.553E-17	139	188	261	14928	15080	153	14928	15116
102738008	1	360	1.532E-97	3	14502	15358	327	112	0.748	6.027E-26	188	259	261	15143	15358	216	15113	15358
103004081	1	167	1.924E-39	2	11680	12049	252	109	0.721	5.965E-25	40	112	203	11680	11898	219	11677	11907
103004081	1	167	1.924E-39	2	11680	12049	256	57	0.879	2.244E-07	114	143	203	11960	12049	90	11903	12082
103004395	1	167	1.924E-39	2	11680	12049	252	109	0.721	5.965E-25	40	112	203	11680	11898	219	11677	11907
103004395	1	167	1.924E-39	2	11680	12049	256	57	0.879	2.244E-07	114	143	203	11960	12049	90	11903	12082
106869883	1	252	4.972E-65	3	14490	15358	320	111	0.480	3.954E-23	2	124	282	14490	14846	357	14238	14924
106869883	1	252	4.972E-65	3	14490	15358	322	58	0.483	1.374E-07	131	192	282	14928	15080	153	14928	15116
106869883	1	252	4.972E-65	3	14490	15358	327	88	0.513	1.100E-17	192	280	282	15143	15358	216	15113	15358
110991163	1	167	1.924E-39	3	11516	12347	251	51	0.637	3.244E-04	36	73	238	11516	11629	114	11516	11824
110991163	1	167	1.924E-39	3	11516	12347	252	106	0.792	3.996E-24	75	138	238	11707	11898	192	11677	11907
110991163	1	167	1.924E-39	3	11516	12347	261	61	0.795	7.206E-09	192	227	238	12240	12347	108	12183	12347
111946547	1	311	8.625E-83	5	11522	12344	251	49	0.559	1.147E-03	144	184	334	11522	11650	129	11516	11824
111946547	1	311	8.625E-83	5	11522	12344	252	112	0.748	4.724E-26	173	244	334	11683	11898	216	11677	11907
111946547	1	311	8.625E-83	5	11522	12344	256	65	0.993	3.831E-10	246	275	334	11960	12049	90	11903	12082
111946547	1	311	8.625E-83	5	11522	12344	259	32	0.685	8.886E+01	277	297	334	12112	12174	63	12094	12213
111946547	1	311	8.625E-83	5	11522	12344	261	59	0.781	6.712E-08	298	332	334	12240	12344	105	12183	12347
116624233	1	158	9.848E-37	3	11516	12174	251	51	0.642	2.365E-04	34	71	234	11516	11629	114	11516	11824
116624233	1	158	9.848E-37	3	11516	12174	252	103	0.771	5.049E-23	73	136	234	11707	11898	192	11677	11907
116624233	1	158	9.848E-37	3	11516	12174	259	32	0.693	6.434E+01	167	187	234	12112	12174	63	12094	12213
116677672	1	196	3.583E-48	3	11707	12344	252	104	0.779	1.950E-23	76	139	258	11707	11898	192	11677	11907
116677672	1	196	3.583E-48	3	11707	12344	256	55	0.820	1.521E-06	140	170	258	11957	12049	93	11903	12082
116677672	1	196	3.583E-48	3	11707	12344	261	57	0.757	3.308E-07	193	227	258	12240	12344	105	12183	12347
116932930	1	262	4.856E-68	4	11710	12338	252	103	0.790	6.933E-23	59	120	221	11710	11895	186	11677	11907
116932930	1	262	4.856E-68	4	11710	12338	256	61	0.936	9.262E-09	123	152	221	11960	12049	90	11903	12082
116932930	1	262	4.856E-68	4	11710	12338	259	39	0.808	1.959E-01	153	174	221	12109	12174	66	12094	12213
116932930	1	262	4.856E-68	4	11710	12338	261	57	0.807	1.748E-07	175	207	221	12240	12338	99	12183	12347
117085459	1	168	9.618E-40	3	11516	12344	251	47	0.592	7.614E-03	34	71	233	11516	11629	114	11516	11824
117085459	1	168	9.618E-40	3	11516	12344	252	108	0.805	8.190E-25	73	136	233	11707	11898	192	11677	11907
117085459	1	168	9.618E-40	3	11516	12344	261	61	0.810	9.910E-09	187	221	233	12240	12344	105	12183	12347
117110913	1	112	6.930E-23	1	11707	11898	252	112	0.829	4.724E-26	42	105	114	11707	11898	192	11677	11907
117111370	1	93	3.633E-17	1	14253	14486	320	93	0.597	4.378E-17	12	89	93	14253	14486	234	14238	14924
117127374	1	162	6.155E-38	1	10721	11266	245	162	0.480	3.904E-40	62	220	221	10721	11266	546	10655	11458
117136877	1	130	2.644E-28	1	10805	11275	245	130	0.450	6.262E-29	7	147	156	10805	11275	471	10655	11458
117232168	1	174	1.503E-41	1	2937	3464	69	174	0.520	3.297E-44	1	169	212	2937	3464	528	2772	3548
117239531	1	139	5.163E-31	1	10691	11269	245	139	0.408	3.676E-32	10	174	255	10691	11269	579	10655	11458
117278586	1	282	4.631E-74	3	14664	15358	320	100	0.705	1.695E-19	2	70	189	14664	14870	207	14238	14924
117278586	1	282	4.631E-74	3	14664	15358	322	76	0.742	6.016E-14	68	116	189	14934	15080	147	14928	15116
117278586	1	282	4.631E-74	3	14664	15358	327	108	0.725	1.434E-24	116	187	189	15143	15358	216	15113	15358
117457407	1	138	1.033E-30	1	10727	11269	245	138	0.424	1.272E-31	30	188	190	10727	11269	543	10655	11458
117562091	1	74	1.905E-11	1	11036	11455	245	74	0.323	3.076E-10	50	149	177	11036	11455	420	10655	11458
121411162	1	256	3.108E-66	3	14490	15358	320	116	0.495	6.974E-25	190	313	471	14490	14846	357	14238	14924
121411162	1	256	3.108E-66	3	14490	15358	322	59	0.488	7.264E-08	320	381	471	14928	15080	153	14928	15116
121411162	1	256	3.108E-66	3	14490	15358	327	86	0.501	7.383E-17	381	469	471	15143	15358	216	15113	15358
131082726	1	216	3.417E-54	3	11707	12344	252	116	0.855	1.986E-27	74	137	227	11707	11898	192	11677	11907
131082726	1	216	3.417E-54	3	11707	12344	256	59	0.881	4.558E-08	138	168	227	11957	12049	93	11903	12082
131082726	1	216	3.417E-54	3	11707	12344	261	61	0.810	9.910E-09	191	225	227	12240	12344	105	12183	12347
131409241	1	202	5.598E-50	3	11707	12344	252	106	0.789	5.487E-24	81	144	235	11707	11898	192	11677	11907
131409241	1	202	5.598E-50	3	11707	12344	256	56	0.831	8.036E-07	145	175	235	11957	12049	93	11903	12082
131409241	1	202	5.598E-50	3	11707	12344	261	60	0.800	1.875E-08	198	232	235	12240	12344	105	12183	12347
131428678	1	204	1.400E-50	3	11704	12344	252	108	0.794	8.190E-25	45	109	199	11704	11898	195	11677	11907
131428678	1	204	1.400E-50	3	11704	12344	256	56	0.856	8.036E-07	111	140	199	11960	12049	90	11903	12082
131428678	1	204	1.400E-50	3	11704	12344	261	60	0.800	1.875E-08	163	197	199	12240	12344	105	12183	12347
131546731	1	103	3.548E-20	1	11707	11898	252	103	0.771	5.049E-23	41	104	113	11707	11898	192	11677	11907
131639499	1	60	3.121E-07	1	11030	11266	245	60	0.407	1.287E-05	37	116	120	11030	11266	237	10655	11458
131652741	1	93	3.633E-17	1	11018	11281	245	93	0.538	2.170E-16	5	91	102	11018	11281	264	10655	11458
131678806	1	233	2.607E-59	2	10721	14486	245	157	0.470	2.246E-38	123	286	379	10721	11263	543	10655	11458
131678806	1	233	2.607E-59	2	10721	14486	320	87	0.565	4.410E-15	299	376	379	14253	14486	234	14238	14924
131839113	1	155	7.879E-36	3	10835	12344	245	154	0.418	2.715E-37	1	143	339	10835	11455	621	10655	11458
131839113	1	155	7.879E-36	3	10835	12344	256	62	0.894	4.897E-09	250	281	339	11960	12055	96	11903	12082
131839113	1	155	7.879E-36	3	10835	12344	261	57	0.664	2.404E-07	296	336	339	12222	12344	123	12183	12347
131933519	1	101	1.419E-19	1	14250	14636	320	101	0.431	9.134E-20	26	138	220	14250	14636	387	14238	14924
132054490	1	87	2.325E-15	1	14286	14705	320	87	0.361	8.146E-15	2	137	189	14286	14705	420	14238	14924
136817995	1	60	3.121E-07	1	15233	15358	327	60	0.679	9.323E-08	0	41	46	15233	15358	126	15113	15358
145646170	1	167	1.924E-39	3	11516	12347	251	47	0.592	7.614E-03	30	67	220	11516	11629	114	11516	11824
145646170	1	167	1.924E-39	3	11516	12347	252	107	0.718	2.911E-24	61	132	220	11683	11898	216	11677	11907
145646170	1	167	1.924E-39	3	11516	12347	261	69	0.885	1.696E-11	184	219	220	12240	12347	108	12183	12347
145660679	1	248	7.956E-64	4	11522	12344	251	46	0.458	1.044E-02	36	87	227	11522	11677	156	11516	11824
145660679	1	248	7.956E-64	4	11522	12344	252	111	0.826	6.486E-26	74	137	227	11707	11898	192	11677	11907
145660679	1	248	7.956E-64	4	11522	12344	256	60	0.919	2.409E-08	139	168	227	11960	12049	90	11903	12082
145660679	1	248	7.956E-64	4	11522	12344	261	63	0.839	1.464E-09	191	225	227	12240	12344	105	12183	12347
145712688	1	176	3.757E-42	3	11683	12344	252	111	0.741	1.223E-25	65	136	227	11683	11898	216	11677	11907
145712688	1	176	3.757E-42	3	11683	12344	259	32	0.658	8.886E+01	169	190	227	12109	12174	66	12094	12213
145712688	1	176	3.757E-42	3	11683	12344	261	63	0.839	1.464E-09	191	225	227	12240	12344	105	12183	12347
145874576	1	202	5.598E-50	3	11516	12049	251	51	0.482	2.365E-04	33	86	226	11516	11677	162	11516	11824
145874576	1	202	5.598E-50	3	11516	12049	252	104	0.779	1.950E-23	73	136	226	11707	11898	192	11677	11907
145874576	1	202	5.598E-50	3	11516	12049	256	59	0.870	8.622E-08	137	167	226	11957	12049	93	11903	12082
145972856	1	312	4.313E-83	5	11516	12347	251	47	0.592	7.614E-03	37	74	230	11516	11629	114	11516	11824
145972856	1	312	4.313E-83	5	11516	12347	252	110	0.815	2.305E-25	76	139	230	11707	11898	192	11677	11907
145972856	1	312	4.313E-83	5	11516	12347	256	57	0.879	2.244E-07	141	170	230	11960	12049	90	11903	12082
145972856	1	312	4.313E-83	5	11516	12347	259	33	0.710	3.374E+01	172	192	230	12112	12174	63	12094	12213
145972856	1	312	4.313E-83	5	11516	12347	261	59	0.771	3.547E-08	193	228	230	12240	12347	108	12183	12347
146219985	1	97	2.271E-18	1	14250	14675	320	97	0.375	2.731E-18	26	174	193	14250	14675	426	14238	14924
146352790	1	130	2.644E-28	1	10805	11275	245	130	0.450	6.262E-29	7	147	156	10805	11275	471	10655	11458
146380813	1	177	1.878E-42	1	10721	11269	245	177	0.510	3.757E-45	27	188	296	10721	11269	549	10655	11458
146469383	1	98	1.135E-18	1	14250	14486	320	98	0.619	7.944E-19	0	78	85	14250	14486	237	14238	14924
146469721	1	171	1.202E-40	2	13946	14504	308	90	0.604	2.340E-17	19	92	273	13946	14167	222	13820	14203
146469721	1	171	1.202E-40	2	13946	14504	320	91	0.529	3.775E-16	104	191	273	14250	14504	255	14238	14924
146472641	1	127	2.115E-27	1	10817	11275	245	127	0.451	5.464E-28	2	137	146	10817	11275	459	10655	11458
146475064	1	156	3.939E-36	1	10721	11275	245	156	0.458	7.811E-38	17	184	185	10721	11275	555	10655	11458
146658541	1	142	6.454E-32	1	10712	11260	245	142	0.430	4.182E-33	26	202	221	10712	11260	549	10655	11458
150795930	1	256	3.108E-66	3	14490	15358	320	117	0.496	5.111E-25	190	313	471	14490	14846	357	14238	14924
150795930	1	256	3.108E-66	3	14490	15358	322	58	0.483	1.374E-07	320	381	471	14928	15080	153	14928	15116
150795930	1	256	3.108E-66	3	14490	15358	327	86	0.501	7.383E-17	381	469	471	15143	15358	216	15113	15358
154800594	1	103	3.548E-20	1	10691	11212	245	103	0.352	7.807E-20	8	153	231	10691	11212	522	10655	11458
160446811	1	250	1.989E-64	4	11516	12344	251	49	0.539	1.147E-03	136	179	334	11516	11650	135	11516	11824
160446811	1	250	1.989E-64	4	11516	12344	252	110	0.807	1.679E-25	175	239	334	11704	11898	195	11677	11907
160446811	1	250	1.989E-64	4	11516	12344	256	59	0.851	6.269E-08	244	275	334	11954	12049	96	11903	12082
160446811	1	250	1.989E-64	4	11516	12344	261	59	0.781	6.712E-08	298	332	334	12240	12344	105	12183	12347
160473701	1	257	1.554E-66	4	11516	12347	251	46	0.588	1.044E-02	131	168	324	11516	11629	114	11516	11824
160473701	1	257	1.554E-66	4	11516	12347	252	109	0.779	4.345E-25	170	236	324	11707	11907	201	11677	11907
160473701	1	257	1.554E-66	4	11516	12347	256	61	0.924	1.752E-08	235	264	324	11960	12049	90	11903	12082
160473701	1	257	1.554E-66	4	11516	12347	261	61	0.785	1.363E-08	287	322	324	12240	12347	108	12183	12347
160604432	1	164	1.539E-38	3	11522	12344	251	51	0.497	2.365E-04	83	134	274	11522	11677	156	11516	11824
160604432	1	164	1.539E-38	3	11522	12344	252	115	0.847	5.138E-27	121	184	274	11707	11898	192	11677	11907
160604432	1	164	1.539E-38	3	11522	12344	261	63	0.839	1.464E-09	238	272	274	12240	12344	105	12183	12347
160693978	1	269	3.793E-70	4	11707	12344	252	107	0.794	2.911E-24	73	136	225	11707	11898	192	11677	11907
160693978	1	269	3.793E-70	4	11707	12344	256	57	0.867	4.246E-07	138	167	225	11960	12049	90	11903	12082
160693978	1	269	3.793E-70	4	11707	12344	259	33	0.673	4.659E+01	168	189	225	12109	12174	66	12094	12213
160693978	1	269	3.793E-70	4	11707	12344	261	68	0.893	4.407E-11	190	224	225	12240	12344	105	12183	12347
160817377	1	141	1.291E-31	1	10691	11266	245	141	0.414	5.705E-33	48	225	285	10691	11266	576	10655	11458
160857451	1	367	1.197E-99	5	11516	12344	251	58	0.552	1.099E-06	41	92	235	11516	11668	153	11516	11824
160857451	1	367	1.197E-99	5	11516	12344	252	126	0.926	3.826E-31	82	145	235	11707	11898	192	11677	11907
160857451	1	367	1.197E-99	5	11516	12344	256	70	1.000	1.155E-11	146	176	235	11957	12049	93	11903	12082
160857451	1	367	1.197E-99	5	11516	12344	259	41	0.839	5.424E-02	177	198	235	12109	12174	66	12094	12213
160857451	1	367	1.197E-99	5	11516	12344	261	77	1.000	2.923E-14	199	233	235	12240	12344	105	12183	12347
161014675	1	155	7.879E-36	1	10727	11263	245	155	0.469	1.067E-37	37	198	203	10727	11263	537	10655	11458
161170233	1	165	7.694E-39	2	11680	12049	252	109	0.721	5.965E-25	40	112	203	11680	11898	219	11677	11907
161170233	1	165	7.694E-39	2	11680	12049	256	55	0.850	1.106E-06	114	143	203	11960	12049	90	11903	12082
161170339	1	167	1.924E-39	2	11680	12049	252	109	0.721	5.965E-25	40	112	203	11680	11898	219	11677	11907
161170339	1	167	1.924E-39	2	11680	12049	256	57	0.879	2.244E-07	114	143	203	11960	12049	90	11903	12082
171449091	1	170	2.404E-40	3	11522	12344	251	53	0.603	3.554E-05	36	78	228	11522	11650	129	11516	11824
171449091	1	170	2.404E-40	3	11522	12344	252	110	0.804	2.305E-25	74	138	228	11704	11898	195	11677	11907
171449091	1	170	2.404E-40	3	11522	12344	261	63	0.830	2.770E-09	192	226	228	12240	12344	105	12183	12347
174724159	1	262	4.856E-68	4	11704	12344	252	108	0.792	1.124E-24	71	135	224	11704	11898	195	11677	11907
174724159	1	262	4.856E-68	4	11704	12344	256	55	0.845	1.521E-06	137	166	224	11960	12049	90	11903	12082
174724159	1	262	4.856E-68	4	11704	12344	259	33	0.673	4.659E+01	167	188	224	12109	12174	66	12094	12213
174724159	1	262	4.856E-68	4	11704	12344	261	62	0.820	5.239E-09	189	223	224	12240	12344	105	12183	12347
174811837	1	108	1.109E-21	1	11707	11898	252	108	0.802	1.124E-24	40	103	112	11707	11898	192	11677	11907
174832030	1	139	5.163E-31	2	11522	11898	251	47	0.461	7.614E-03	3	54	113	11522	11677	156	11516	11824
174832030	1	139	5.163E-31	2	11522	11898	252	105	0.784	1.035E-23	41	104	113	11707	11898	192	11677	11907
174839058	1	146	4.034E-33	2	11516	11898	251	55	0.517	7.321E-06	1	54	113	11516	11677	162	11516	11824
174839058	1	146	4.034E-33	2	11516	11898	252	104	0.773	3.677E-23	41	104	113	11707	11898	192	11677	11907
175056165	1	99	5.677E-19	1	10754	11200	245	99	0.382	1.223E-18	20	152	168	10754	11200	447	10655	11458
175106305	1	180	2.348E-43	3	11707	12344	252	111	0.823	8.905E-26	73	136	225	11707	11898	192	11677	11907
175106305	1	180	2.348E-43	3	11707	12344	259	36	0.752	1.858E+00	168	189	225	12109	12174	66	12094	12213
175106305	1	180	2.348E-43	3	11707	12344	261	62	0.820	5.239E-09	190	224	225	12240	12344	105	12183	12347
175251528	1	152	6.303E-35	2	11522	11898	251	51	0.583	1.725E-04	3	45	114	11522	11650	129	11516	11824
175251528	1	152	6.303E-35	2	11522	11898	252	104	0.773	3.677E-23	42	105	114	11707	11898	192	11677	11907
175278865	1	96	4.542E-18	1	10658	10960	245	96	0.481	1.903E-17	2	106	111	10658	10960	303	10655	11458
175321551	1	149	5.042E-34	1	10721	11275	245	149	0.442	2.120E-35	105	272	281	10721	11275	555	10655	11458
175330631	1	81	1.488E-13	1	11036	11323	245	81	0.454	1.035E-12	9	94	185	11036	11323	288	10655	11458
175358146	1	135	8.261E-30	1	10805	11266	245	135	0.471	1.115E-30	52	190	301	10805	11266	462	10655	11458
175434039	1	178	9.392E-43	1	10679	11458	245	178	0.395	1.471E-45	13	208	403	10679	11458	780	10655	11458
179567099	1	259	3.885E-67	3	14490	15358	320	116	0.483	6.974E-25	190	317	471	14490	14861	372	14238	14924
179567099	1	259	3.885E-67	3	14490	15358	322	58	0.483	1.374E-07	320	381	471	14928	15080	153	14928	15116
179567099	1	259	3.885E-67	3	14490	15358	327	86	0.501	7.383E-17	381	469	471	15143	15358	216	15113	15358
183124229	1	307	1.380E-81	4	11516	12186	251	69	0.626	1.139E-10	73	126	239	11516	11677	162	11516	11824
183124229	1	307	1.380E-81	4	11516	12186	252	128	0.923	1.078E-31	112	176	239	11704	11898	195	11677	11907
183124229	1	307	1.380E-81	4	11516	12186	256	74	1.000	4.796E-13	177	207	239	11957	12049	93	11903	12082
183124229	1	307	1.380E-81	4	11516	12186	259	47	0.829	3.221E-04	208	233	239	12109	12186	78	12094	12213
184787864	1	787	4.421E-226	4	13883	15358	308	157	0.759	1.135E-40	0	99	424	13883	14179	297	13820	14203
184787864	1	787	4.421E-226	4	13883	15358	320	368	0.847	5.864E-112	99	304	424	14238	14864	627	14238	14924
184787864	1	787	4.421E-226	4	13883	15358	322	108	1.000	4.080E-25	304	352	424	14934	15080	147	14928	15116
184787864	1	787	4.421E-226	4	13883	15358	327	153	0.991	2.999E-40	352	423	424	15143	15358	216	15113	15358
184926251	1	228	8.342E-58	3	10982	12079	245	92	0.347	3.985E-16	16	130	323	10982	11455	474	10655	11458
184926251	1	228	8.342E-58	3	10982	12079	252	115	0.841	2.726E-27	169	233	323	11704	11898	195	11677	11907
184926251	1	228	8.342E-58	3	10982	12079	256	57	0.668	2.244E-07	234	274	323	11957	12079	123	11903	12082
187589194	1	302	4.416E-80	3	14508	15349	320	149	0.624	2.897E-36	18	137	268	14508	14852	345	14238	14924
187589194	1	302	4.416E-80	3	14508	15349	322	64	0.582	1.589E-09	144	197	268	14928	15083	156	14928	15116
187589194	1	302	4.416E-80	3	14508	15349	327	95	0.671	5.011E-20	196	263	268	15143	15349	207	15113	15358
189307308	1	210	2.187E-52	3	11704	12344	252	107	0.784	2.911E-24	86	150	239	11704	11898	195	11677	11907
189307308	1	210	2.187E-52	3	11704	12344	256	62	0.920	4.897E-09	153	183	239	11963	12055	93	11903	12082
189307308	1	210	2.187E-52	3	11704	12344	261	61	0.810	9.910E-09	204	238	239	12240	12344	105	12183	12347
189471204	1	157	1.970E-36	3	11522	12344	251	51	0.497	2.365E-04	36	86	227	11522	11677	156	11516	11824
189471204	1	157	1.970E-36	3	11522	12344	252	109	0.813	3.164E-25	73	136	227	11707	11898	192	11677	11907
189471204	1	157	1.970E-36	3	11522	12344	261	63	0.839	1.464E-09	191	225	227	12240	12344	105	12183	12347
189846311	1	238	8.146E-61	2	10721	14486	245	162	0.480	7.283E-40	123	286	379	10721	11263	543	10655	11458
189846311	1	238	8.146E-61	2	10721	14486	320	87	0.565	4.410E-15	299	376	379	14253	14486	234	14238	14924
189895687	1	82	7.441E-14	1	14253	14603	320	82	0.392	2.367E-13	19	136	162	14253	14603	351	14238	14924
189939284	1	435	4.056E-120	3	14466	15358	320	197	0.702	1.312E-52	7	144	264	14466	14864	399	14238	14924
189939284	1	435	4.056E-120	3	14466	15358	322	104	0.983	1.336E-23	144	192	264	14934	15080	147	14928	15116
189939284	1	435	4.056E-120	3	14466	15358	327	134	0.881	8.685E-34	192	263	264	15143	15358	216	15113	15358
189972821	1	96	4.542E-18	1	14250	14570	320	96	0.476	5.061E-18	26	132	161	14250	14570	321	14238	14924
190019102	1	108	1.109E-21	1	11683	11907	252	108	0.700	1.124E-24	34	108	114	11683	11907	225	11677	11907
190096110	1	100	2.839E-19	1	14253	14543	320	100	0.531	2.309E-19	27	123	141	14253	14543	291	14238	14924
190280213	1	81	1.488E-13	1	10691	11122	245	81	0.339	1.035E-12	10	150	271	10691	11122	432	10655	11458
199417585	1	166	3.847E-39	3	11516	12347	251	47	0.592	7.614E-03	30	67	220	11516	11629	114	11516	11824
199417585	1	166	3.847E-39	3	11516	12347	252	105	0.706	1.420E-23	61	132	220	11683	11898	216	11677	11907
199417585	1	166	3.847E-39	3	11516	12347	261	70	0.894	8.971E-12	184	219	220	12240	12347	108	12183	12347
202802534	1	261	9.711E-68	4	11522	12344	251	55	0.614	1.377E-05	36	78	228	11522	11650	129	11516	11824
202802534	1	261	9.711E-68	4	11522	12344	252	111	0.810	1.223E-25	74	138	228	11704	11898	195	11677	11907
202802534	1	261	9.711E-68	4	11522	12344	256	55	0.826	1.106E-06	139	169	228	11957	12049	93	11903	12082
202802534	1	261	9.711E-68	4	11522	12344	261	63	0.830	2.770E-09	192	226	228	12240	12344	105	12183	12347
203866226	1	242	5.092E-62	4	11522	12344	251	49	0.484	8.363E-04	36	87	227	11522	11677	156	11516	11824
203866226	1	242	5.092E-62	4	11522	12344	252	104	0.776	2.678E-23	74	137	227	11707	11898	192	11677	11907
203866226	1	242	5.092E-62	4	11522	12344	256	61	0.897	1.752E-08	138	168	227	11957	12049	93	11903	12082
203866226	1	242	5.092E-62	4	11522	12344	261	60	0.795	2.579E-08	191	225	227	12240	12344	105	12183	12347
203966184	1	222	5.339E-56	3	11522	12049	251	54	0.610	1.889E-05	35	77	232	11522	11650	129	11516	11824
203966184	1	222	5.339E-56	3	11522	12049	252	111	0.821	1.223E-25	74	137	232	11707	11898	192	11677	11907
203966184	1	222	5.339E-56	3	11522	12049	256	59	0.870	8.622E-08	138	168	232	11957	12049	93	11903	12082
204131413	1	158	9.848E-37	3	11516	12347	251	45	0.570	3.683E-02	34	71	234	11516	11629	114	11516	11824
204131413	1	158	9.848E-37	3	11516	12347	252	104	0.758	1.950E-23	73	138	234	11707	11904	198	11677	11907
204131413	1	158	9.848E-37	3	11516	12347	261	58	0.757	9.234E-08	190	225	234	12240	12347	108	12183	12347
204154750	1	207	1.749E-51	3	11522	12049	251	49	0.477	1.572E-03	36	87	227	11522	11677	156	11516	11824
204154750	1	207	1.749E-51	3	11522	12049	252	106	0.792	3.996E-24	74	137	227	11707	11898	192	11677	11907
204154750	1	207	1.749E-51	3	11522	12049	256	64	0.942	1.370E-09	138	168	227	11957	12049	93	11903	12082
204336144	1	206	3.499E-51	3	11707	12174	252	109	0.810	4.345E-25	76	139	229	11707	11898	192	11677	11907
204336144	1	206	3.499E-51	3	11707	12174	256	60	0.886	3.314E-08	140	170	229	11957	12049	93	11903	12082
204336144	1	206	3.499E-51	3	11707	12174	259	35	0.721	6.733E+00	171	192	229	12109	12174	66	12094	12213
204545098	1	102	7.097E-20	1	14253	14675	320	102	0.366	3.612E-20	12	175	249	14253	14675	423	14238	14924
204639154	1	145	8.068E-33	1	10721	11263	245	145	0.442	2.551E-34	5	168	261	10721	11263	543	10655	11458
204660705	1	105	8.871E-21	1	11707	11904	252	105	0.761	1.420E-23	42	107	114	11707	11904	198	11677	11907
204761062	1	89	5.813E-16	1	14253	14513	320	89	0.524	1.755E-15	10	95	98	14253	14513	261	14238	14924
214534035	1	205	6.998E-51	3	11707	12344	252	106	0.789	5.487E-24	76	139	229	11707	11898	192	11677	11907
214534035	1	205	6.998E-51	3	11707	12344	256	55	0.815	2.093E-06	140	170	229	11957	12049	93	11903	12082
214534035	1	205	6.998E-51	3	11707	12344	261	64	0.844	1.065E-09	193	227	229	12240	12344	105	12183	12347
218331057	1	256	3.108E-66	4	11522	12344	251	51	0.677	1.725E-04	36	71	226	11522	11629	108	11516	11824
218331057	1	256	3.108E-66	4	11522	12344	252	106	0.789	5.487E-24	73	136	226	11707	11898	192	11677	11907
218331057	1	256	3.108E-66	4	11522	12344	256	57	0.853	2.244E-07	137	167	226	11957	12049	93	11903	12082
218331057	1	256	3.108E-66	4	11522	12344	261	60	0.800	1.875E-08	190	224	226	12240	12344	105	12183	12347
218383584	1	201	1.120E-49	3	11707	12344	252	103	0.771	5.049E-23	75	138	228	11707	11898	192	11677	11907
218383584	1	201	1.120E-49	3	11707	12344	256	56	0.837	5.841E-07	139	169	228	11957	12049	93	11903	12082
218383584	1	201	1.120E-49	3	11707	12344	261	62	0.825	3.809E-09	192	226	228	12240	12344	105	12183	12347
218760896	1	206	3.499E-51	3	11707	12344	252	107	0.794	2.911E-24	77	140	231	11707	11898	192	11677	11907
218760896	1	206	3.499E-51	3	11707	12344	256	57	0.853	2.244E-07	141	171	231	11957	12049	93	11903	12082
218760896	1	206	3.499E-51	3	11707	12344	261	62	0.825	3.809E-09	194	228	231	12240	12344	105	12183	12347
218852919	1	142	6.454E-32	2	11522	11898	251	45	0.445	3.683E-02	3	54	113	11522	11677	156	11516	11824
218852919	1	142	6.454E-32	2	11522	11898	252	111	0.812	8.905E-26	40	104	113	11704	11898	195	11677	11907
218891089	1	141	1.291E-31	1	10706	11269	245	141	0.419	1.062E-32	102	272	276	10706	11269	564	10655	11458
218894779	1	202	5.598E-50	3	11683	12347	252	104	0.678	2.678E-23	61	135	228	11683	11907	225	11677	11907
218894779	1	202	5.598E-50	3	11683	12347	256	61	0.897	1.752E-08	133	163	228	11957	12049	93	11903	12082
218894779	1	202	5.598E-50	3	11683	12347	261	60	0.776	2.579E-08	186	221	228	12240	12347	108	12183	12347
218915218	1	137	2.065E-30	1	10727	11269	245	137	0.422	2.366E-31	105	268	272	10727	11269	543	10655	11458
218915505	1	162	6.155E-38	1	10721	11266	245	162	0.480	3.904E-40	17	175	176	10721	11266	546	10655	11458
219088077	1	105	8.871E-21	2	11960	12344	256	59	0.856	4.558E-08	1	32	90	11960	12055	96	11903	12082
219088077	1	105	8.871E-21	2	11960	12344	261	59	0.689	3.547E-08	47	87	90	12222	12344	123	12183	12347
219088640	1	171	1.202E-40	1	10679	11287	245	171	0.459	5.565E-43	13	194	227	10679	11287	609	10655	11458
219200564	1	373	1.870E-101	3	14508	15358	320	168	0.684	1.602E-42	20	140	274	14508	14855	348	14238	14924
219200564	1	373	1.870E-101	3	14508	15358	322	91	0.866	6.488E-19	153	201	274	14934	15080	147	14928	15116
219200564	1	373	1.870E-101	3	14508	15358	327	125	0.827	1.265E-30	201	272	274	15143	15358	216	15113	15358
219363081	1	132	6.609E-29	1	10721	11266	245	132	0.410	7.163E-30	165	329	333	10721	11266	546	10655	11458
219974565	1	71	1.524E-10	1	10760	11236	245	71	0.250	3.332E-09	47	250	259	10760	11236	477	10655	11458
227894257	1	138	1.033E-30	1	10691	11260	245	138	0.411	6.838E-32	14	188	193	10691	11260	570	10655	11458
230312778	1	317	1.348E-84	5	11522	12347	251	57	0.638	2.067E-06	139	179	330	11522	11650	129	11516	11824
230312778	1	317	1.348E-84	5	11522	12347	252	111	0.746	6.486E-26	167	238	330	11680	11895	216	11677	11907
230312778	1	317	1.348E-84	5	11522	12347	256	62	0.947	4.897E-09	241	270	330	11960	12049	90	11903	12082
230312778	1	317	1.348E-84	5	11522	12347	259	33	0.710	3.374E+01	272	292	330	12112	12174	63	12094	12213
230312778	1	317	1.348E-84	5	11522	12347	261	63	0.819	1.464E-09	293	328	330	12240	12347	108	12183	12347
232881884	1	207	1.749E-51	3	11680	12344	252	110	0.728	2.305E-25	62	134	222	11680	11898	219	11677	11907
232881884	1	207	1.749E-51	3	11680	12344	256	54	0.910	3.961E-06	135	161	222	11957	12037	81	11903	12082
232881884	1	207	1.749E-51	3	11680	12344	261	65	0.859	4.095E-10	186	220	222	12240	12344	105	12183	12347
232912095	1	167	1.924E-39	3	11522	12344	251	46	0.615	1.044E-02	53	88	249	11522	11629	108	11516	11824
232912095	1	167	1.924E-39	3	11522	12344	252	102	0.731	1.795E-22	90	156	249	11707	11907	201	11677	11907
232912095	1	167	1.924E-39	3	11522	12344	261	65	0.859	4.095E-10	205	239	249	12240	12344	105	12183	12347
233012194	1	154	1.576E-35	3	11516	12344	251	52	0.492	9.170E-05	34	86	236	11516	11677	162	11516	11824
233012194	1	154	1.576E-35	3	11516	12344	252	108	0.764	8.190E-25	72	139	236	11704	11907	204	11677	11907
233012194	1	154	1.576E-35	3	11516	12344	261	57	0.757	3.308E-07	190	224	236	12240	12344	105	12183	12347
233033128	1	166	3.847E-39	3	11516	12347	251	48	0.610	2.156E-03	34	71	231	11516	11629	114	11516	11824
233033128	1	166	3.847E-39	3	11516	12347	252	103	0.781	5.049E-23	73	135	231	11707	11895	189	11677	11907
233033128	1	166	3.847E-39	3	11516	12347	261	64	0.828	7.744E-10	187	222	231	12240	12347	108	12183	12347
233131961	1	201	1.120E-49	3	11516	12049	251	48	0.528	2.955E-03	37	79	235	11516	11650	135	11516	11824
233131961	1	201	1.120E-49	3	11516	12049	252	106	0.697	5.487E-24	69	142	235	11686	11907	222	11677	11907
233131961	1	201	1.120E-49	3	11516	12049	256	59	0.870	8.622E-08	140	170	235	11957	12049	93	11903	12082
233160664	1	142	6.454E-32	2	11522	11898	251	46	0.606	1.961E-02	7	42	122	11522	11629	108	11516	11824
233160664	1	142	6.454E-32	2	11522	11898	252	102	0.687	1.795E-22	36	107	122	11683	11898	216	11677	11907
233334472	1	210	2.187E-52	3	11522	12049	251	51	0.579	2.365E-04	34	76	228	11522	11650	129	11516	11824
233334472	1	210	2.187E-52	3	11522	12049	252	102	0.763	1.307E-22	73	136	228	11707	11898	192	11677	11907
233334472	1	210	2.187E-52	3	11522	12049	256	59	0.875	6.269E-08	137	167	228	11957	12049	93	11903	12082
233408329	1	211	1.093E-52	3	11707	12344	252	111	0.826	6.486E-26	77	140	232	11707	11898	192	11677	11907
233408329	1	211	1.093E-52	3	11707	12344	256	60	0.892	2.409E-08	141	171	232	11957	12049	93	11903	12082
233408329	1	211	1.093E-52	3	11707	12344	261	60	0.800	1.875E-08	194	228	232	12240	12344	105	12183	12347
233571354	1	115	8.663E-24	1	10727	11266	245	115	0.374	4.219E-24	22	172	184	10727	11266	540	10655	11458
233629234	1	167	1.924E-39	1	10679	11287	245	167	0.451	1.262E-41	13	194	214	10679	11287	609	10655	11458
233638127	1	158	9.848E-37	1	10721	11266	245	158	0.469	1.645E-38	145	303	304	10721	11266	546	10655	11458
233720697	1	156	3.939E-36	1	10721	11275	245	156	0.458	7.811E-38	54	221	222	10721	11275	555	10655	11458
233722451	1	154	1.576E-35	1	10721	11266	245	154	0.461	1.988E-37	0	164	165	10721	11266	546	10655	11458
233847187	1	86	4.651E-15	1	14253	14513	320	86	0.512	1.107E-14	10	95	136	14253	14513	261	14238	14924
233878324	1	164	1.539E-38	2	11680	12049	252	106	0.702	7.534E-24	40	112	203	11680	11898	219	11677	11907
233878324	1	164	1.539E-38	2	11680	12049	256	57	0.879	2.244E-07	114	143	203	11960	12049	90	11903	12082
234444441	1	82	7.441E-14	1	10760	11200	245	82	0.336	7.659E-13	16	131	227	10760	11200	441	10655	11458
234642497	1	68	1.219E-09	1	11000	11266	245	68	0.417	2.659E-08	21	100	169	11000	11266	267	10655	11458
238596064	1	289	3.618E-76	3	14514	15358	320	136	0.595	8.745E-32	47	162	292	14514	14846	333	14238	14924
238596064	1	289	3.618E-76	3	14514	15358	322	80	0.762	2.505E-15	169	218	292	14934	15080	147	14928	15116
238596064	1	289	3.618E-76	3	14514	15358	327	78	0.547	4.213E-14	218	287	292	15143	15358	216	15113	15358
244149897	1	245	6.364E-63	3	14508	15352	320	118	0.532	1.473E-25	19	133	273	14508	14852	345	14238	14924
244149897	1	245	6.364E-63	3	14508	15352	322	51	0.485	3.111E-05	140	193	273	14928	15083	156	14928	15116
244149897	1	245	6.364E-63	3	14508	15352	327	82	0.535	1.763E-15	192	269	273	15143	15352	210	15113	15358
247660140	1	201	1.120E-49	3	11707	12344	252	106	0.789	5.487E-24	67	130	221	11707	11898	192	11677	11907
247660140	1	201	1.120E-49	3	11707	12344	256	57	0.848	3.087E-07	131	161	221	11957	12049	93	11903	12082
247660140	1	201	1.120E-49	3	11707	12344	261	58	0.771	1.270E-07	184	218	221	12240	12344	105	12183	12347
248170537	1	153	3.152E-35	1	10694	11275	245	153	0.435	9.434E-37	0	174	175	10694	11275	582	10655	11458
248172776	1	175	7.514E-42	1	10754	11455	245	175	0.420	2.449E-44	2	171	367	10754	11455	702	10655	11458
248809207	1	55	9.988E-06	1	13973	14167	308	55	0.447	1.798E-05	48	107	113	13973	14167	195	13820	14203
248919070	1	58	1.248E-06	1	11042	11404	245	58	0.301	4.140E-05	1	112	228	11042	11404	363	10655	11458
254900121	1	263	2.428E-68	4	11707	12344	252	102	0.765	9.520E-23	73	136	225	11707	11898	192	11677	11907
254900121	1	263	2.428E-68	4	11707	12344	256	57	0.853	2.244E-07	137	167	225	11957	12049	93	11903	12082
254900121	1	263	2.428E-68	4	11707	12344	259	33	0.673	4.659E+01	168	189	225	12109	12174	66	12094	12213
254900121	1	263	2.428E-68	4	11707	12344	261	67	0.883	8.331E-11	190	224	225	12240	12344	105	12183	12347
255600034	1	371	7.481E-101	3	14496	15358	320	164	0.640	2.691E-41	15	142	265	14496	14864	369	14238	14924
255600034	1	371	7.481E-101	3	14496	15358	322	90	0.859	1.224E-18	142	190	265	14934	15080	147	14928	15116
255600034	1	371	7.481E-101	3	14496	15358	327	117	0.778	9.800E-28	190	261	265	15143	15358	216	15113	15358
255753510	1	790	5.526E-227	4	13883	15358	308	157	0.759	1.135E-40	0	99	424	13883	14179	297	13820	14203
255753510	1	790	5.526E-227	4	13883	15358	320	370	0.851	1.212E-112	99	304	424	14238	14864	627	14238	14924
255753510	1	790	5.526E-227	4	13883	15358	322	108	1.000	4.080E-25	304	352	424	14934	15080	147	14928	15116
255753510	1	790	5.526E-227	4	13883	15358	327	154	1.000	8.456E-41	352	423	424	15143	15358	216	15113	15358
256598776	1	257	1.554E-66	4	11522	12344	251	53	0.603	3.554E-05	36	78	228	11522	11650	129	11516	11824
256598776	1	257	1.554E-66	4	11522	12344	252	109	0.797	5.965E-25	74	138	228	11704	11898	195	11677	11907
256598776	1	257	1.554E-66	4	11522	12344	256	55	0.826	1.106E-06	139	169	228	11957	12049	93	11903	12082
256598776	1	257	1.554E-66	4	11522	12344	261	63	0.830	2.770E-09	192	226	228	12240	12344	105	12183	12347
257781383	1	208	8.747E-52	3	11707	12344	252	109	0.808	5.965E-25	76	139	230	11707	11898	192	11677	11907
257781383	1	208	8.747E-52	3	11707	12344	256	59	0.875	6.269E-08	140	170	230	11957	12049	93	11903	12082
257781383	1	208	8.747E-52	3	11707	12344	261	60	0.795	2.579E-08	193	227	230	12240	12344	105	12183	12347
258331549	1	71	1.524E-10	1	14493	14879	320	71	0.327	1.190E-09	22	153	251	14493	14879	387	14238	14924
262098310	1	198	8.957E-49	3	11522	12049	251	47	0.461	7.614E-03	38	89	234	11522	11677	156	11516	11824
262098310	1	198	8.957E-49	3	11522	12049	252	103	0.768	6.933E-23	76	139	234	11707	11898	192	11677	11907
262098310	1	198	8.957E-49	3	11522	12049	256	60	0.886	3.314E-08	140	170	234	11957	12049	93	11903	12082
262208791	1	102	7.097E-20	1	11707	11898	252	102	0.763	1.307E-22	41	104	113	11707	11898	192	11677	11907
262281244	1	203	2.799E-50	3	11522	12049	251	48	0.468	4.052E-03	37	88	233	11522	11677	156	11516	11824
262281244	1	203	2.799E-50	3	11522	12049	252	109	0.808	5.965E-25	75	138	233	11707	11898	192	11677	11907
262281244	1	203	2.799E-50	3	11522	12049	256	58	0.884	1.631E-07	140	169	233	11960	12049	90	11903	12082
262469357	1	320	1.685E-85	5	11522	12344	251	51	0.656	2.365E-04	179	215	369	11522	11632	111	11516	11824
262469357	1	320	1.685E-85	5	11522	12344	252	113	0.851	1.330E-26	217	279	369	11710	11898	189	11677	11907
262469357	1	320	1.685E-85	5	11522	12344	256	59	0.828	6.269E-08	280	312	369	11957	12055	99	11903	12082
262469357	1	320	1.685E-85	5	11522	12344	259	32	0.693	6.434E+01	312	332	369	12112	12174	63	12094	12213
262469357	1	320	1.685E-85	5	11522	12344	261	60	0.795	2.579E-08	333	367	369	12240	12344	105	12183	12347
262713710	1	177	1.878E-42	1	10721	11269	245	177	0.510	3.757E-45	27	188	253	10721	11269	549	10655	11458
262714397	1	161	1.231E-37	1	10721	11275	245	161	0.471	9.948E-40	87	251	252	10721	11275	555	10655	11458
262972250	1	142	6.454E-32	1	10670	11269	245	142	0.403	4.182E-33	7	193	195	10670	11269	600	10655	11458
263350785	1	66	4.877E-09	1	13973	14164	308	66	0.521	5.160E-09	48	106	110	13973	14164	192	13820	14203
264512593	1	291	9.044E-77	3	14514	15358	320	139	0.606	7.187E-33	47	162	292	14514	14846	333	14238	14924
264512593	1	291	9.044E-77	3	14514	15358	322	79	0.752	6.500E-15	169	218	292	14934	15080	147	14928	15116
264512593	1	291	9.044E-77	3	14514	15358	327	78	0.547	4.213E-14	218	287	292	15143	15358	216	15113	15358
275892364	1	205	6.998E-51	3	11707	12344	252	106	0.789	5.487E-24	76	139	229	11707	11898	192	11677	11907
275892364	1	205	6.998E-51	3	11707	12344	256	55	0.815	2.093E-06	140	170	229	11957	12049	93	11903	12082
275892364	1	205	6.998E-51	3	11707	12344	261	64	0.844	1.065E-09	193	227	229	12240	12344	105	12183	12347
276551495	1	213	2.733E-53	3	11707	12344	252	106	0.766	7.534E-24	78	143	229	11707	11904	198	11677	11907
276551495	1	213	2.733E-53	3	11707	12344	256	61	0.924	1.752E-08	143	172	229	11960	12049	90	11903	12082
276551495	1	213	2.733E-53	3	11707	12344	261	66	0.873	1.575E-10	194	228	229	12240	12344	105	12183	12347
276733588	1	176	3.757E-42	3	11707	12344	252	106	0.756	7.534E-24	75	141	238	11707	11907	201	11677	11907
276733588	1	176	3.757E-42	3	11707	12344	259	34	0.713	9.292E+00	170	191	238	12109	12174	66	12094	12213
276733588	1	176	3.757E-42	3	11707	12344	261	62	0.825	3.809E-09	192	226	238	12240	12344	105	12183	12347
276775801	1	99	5.677E-19	1	14250	14840	320	99	0.287	5.833E-19	13	241	380	14250	14840	591	14238	14924
276824222	1	207	1.749E-51	3	11707	12344	252	108	0.771	1.124E-24	60	126	216	11707	11907	201	11677	11907
276824222	1	207	1.749E-51	3	11707	12344	256	57	0.873	3.087E-07	125	154	216	11960	12049	90	11903	12082
276824222	1	207	1.749E-51	3	11707	12344	261	64	0.844	1.065E-09	177	211	216	12240	12344	105	12183	12347
276851491	1	224	1.335E-56	4	11516	12347	251	50	0.633	4.448E-04	35	72	232	11516	11629	114	11516	11824
276851491	1	224	1.335E-56	4	11516	12347	252	103	0.781	5.049E-23	74	136	232	11707	11895	189	11677	11907
276851491	1	224	1.335E-56	4	11516	12347	259	33	0.689	2.444E+01	166	187	232	12109	12174	66	12094	12213
276851491	1	224	1.335E-56	4	11516	12347	261	63	0.814	2.014E-09	188	223	232	12240	12347	108	12183	12347
276937126	1	105	8.871E-21	1	11707	11907	252	105	0.753	1.035E-23	43	109	115	11707	11907	201	11677	11907
277117313	1	141	1.291E-31	1	10706	11269	245	141	0.420	7.783E-33	102	272	276	10706	11269	564	10655	11458
277224137	1	94	1.817E-17	1	10736	10960	245	94	0.619	8.718E-17	0	74	140	10736	10960	225	10655	11458
277224510	1	177	1.878E-42	1	10679	11281	245	177	0.475	5.135E-45	13	190	395	10679	11281	603	10655	11458
277254193	1	177	1.878E-42	1	10721	11269	245	177	0.510	3.757E-45	27	188	225	10721	11269	549	10655	11458
277412077	1	84	1.860E-14	1	10880	11269	245	84	0.373	1.255E-13	0	112	115	10880	11269	390	10655	11458
277519781	1	141	1.291E-31	1	10721	11272	245	141	0.426	1.062E-32	21	176	300	10721	11272	552	10655	11458
283356773	1	207	1.749E-51	3	11707	12344	252	109	0.808	5.965E-25	76	139	230	11707	11898	192	11677	11907
283356773	1	207	1.749E-51	3	11707	12344	256	58	0.864	1.186E-07	140	170	230	11957	12049	93	11903	12082
283356773	1	207	1.749E-51	3	11707	12344	261	60	0.795	2.579E-08	193	227	230	12240	12344	105	12183	12347
291180144	1	255	6.215E-66	4	11516	12344	251	57	0.713	1.507E-06	53	90	245	11516	11629	114	11516	11824
291180144	1	255	6.215E-66	4	11516	12344	252	101	0.728	2.465E-22	91	157	245	11704	11904	201	11677	11907
291180144	1	255	6.215E-66	4	11516	12344	256	53	0.810	1.032E-05	157	186	245	11960	12049	90	11903	12082
291180144	1	255	6.215E-66	4	11516	12344	261	63	0.834	2.014E-09	209	243	245	12240	12344	105	12183	12347
291298428	1	257	1.554E-66	4	11707	12344	252	111	0.823	8.905E-26	73	136	225	11707	11898	192	11677	11907
291298428	1	257	1.554E-66	4	11707	12344	256	54	0.631	3.961E-06	138	178	225	11960	12079	120	11903	12082
291298428	1	257	1.554E-66	4	11707	12344	259	36	0.752	1.858E+00	168	189	225	12109	12174	66	12094	12213
291298428	1	257	1.554E-66	4	11707	12344	261	63	0.830	2.770E-09	190	224	225	12240	12344	105	12183	12347
291321523	1	249	3.978E-64	4	11516	12344	251	51	0.628	2.365E-04	43	81	240	11516	11632	117	11516	11824
291321523	1	249	3.978E-64	4	11516	12344	252	112	0.742	3.441E-26	73	145	240	11680	11898	219	11677	11907
291321523	1	249	3.978E-64	4	11516	12344	256	59	0.856	4.558E-08	150	181	240	11954	12049	96	11903	12082
291321523	1	249	3.978E-64	4	11516	12344	261	58	0.771	1.270E-07	204	238	240	12240	12344	105	12183	12347
291332362	1	237	1.629E-60	4	11522	12344	251	46	0.451	1.961E-02	35	86	226	11522	11677	156	11516	11824
291332362	1	237	1.629E-60	4	11522	12344	252	107	0.797	2.120E-24	73	136	226	11707	11898	192	11677	11907
291332362	1	237	1.629E-60	4	11522	12344	256	59	0.881	4.558E-08	137	167	226	11957	12049	93	11903	12082
291332362	1	237	1.629E-60	4	11522	12344	261	57	0.761	2.404E-07	190	224	226	12240	12344	105	12183	12347
291412016	1	197	1.791E-48	3	11707	12344	252	107	0.766	2.120E-24	79	145	260	11707	11907	201	11677	11907
291412016	1	197	1.791E-48	3	11707	12344	256	55	0.839	2.093E-06	144	173	260	11960	12049	90	11903	12082
291412016	1	197	1.791E-48	3	11707	12344	261	57	0.757	3.308E-07	196	230	260	12240	12344	105	12183	12347
291610786	1	96	4.542E-18	1	10658	10960	245	96	0.483	1.403E-17	2	106	111	10658	10960	303	10655	11458
291796171	1	161	1.231E-37	1	10721	11275	245	161	0.471	9.948E-40	62	226	227	10721	11275	555	10655	11458
291798260	1	76	4.762E-12	1	11090	11455	245	76	0.361	6.906E-11	0	78	217	11090	11455	366	10655	11458
292094855	1	143	3.227E-32	1	10754	11269	245	143	0.453	2.247E-33	44	198	200	10754	11269	516	10655	11458
297784725	1	257	1.554E-66	4	11522	12344	251	53	0.603	3.554E-05	36	78	228	11522	11650	129	11516	11824
297784725	1	257	1.554E-66	4	11522	12344	252	109	0.797	5.965E-25	74	138	228	11704	11898	195	11677	11907
297784725	1	257	1.554E-66	4	11522	12344	256	55	0.826	1.106E-06	139	169	228	11957	12049	93	11903	12082
297784725	1	257	1.554E-66	4	11522	12344	261	63	0.830	2.770E-09	192	226	228	12240	12344	105	12183	12347
301576561	1	280	1.852E-73	4	11516	12174	251	52	0.651	1.258E-04	43	80	241	11516	11629	114	11516	11824
301576561	1	280	1.852E-73	4	11516	12174	252	120	0.884	6.084E-29	82	145	241	11707	11898	192	11677	11907
301576561	1	280	1.852E-73	4	11516	12174	256	63	0.936	1.883E-09	146	176	241	11957	12049	93	11903	12082
301576561	1	280	1.852E-73	4	11516	12174	259	41	0.847	3.936E-02	177	198	241	12109	12174	66	12094	12213
305626437	1	262	4.856E-68	4	11707	12344	252	106	0.792	3.996E-24	73	136	226	11707	11898	192	11677	11907
305626437	1	262	4.856E-68	4	11707	12344	256	55	0.845	1.521E-06	138	167	226	11960	12049	90	11903	12082
305626437	1	262	4.856E-68	4	11707	12344	259	35	0.721	6.733E+00	168	189	226	12109	12174	66	12094	12213
305626437	1	262	4.856E-68	4	11707	12344	261	62	0.820	5.239E-09	190	224	226	12240	12344	105	12183	12347
305658652	1	219	4.271E-55	3	11707	12344	252	112	0.831	3.441E-26	74	137	227	11707	11898	192	11677	11907
305658652	1	219	4.271E-55	3	11707	12344	256	63	0.936	1.883E-09	138	168	227	11957	12049	93	11903	12082
305658652	1	219	4.271E-55	3	11707	12344	261	64	0.854	5.631E-10	191	225	227	12240	12344	105	12183	12347
305871205	1	248	7.956E-64	4	11522	12344	251	47	0.461	7.614E-03	36	87	227	11522	11677	156	11516	11824
305871205	1	248	7.956E-64	4	11522	12344	252	110	0.818	1.679E-25	74	137	227	11707	11898	192	11677	11907
305871205	1	248	7.956E-64	4	11522	12344	256	60	0.892	2.409E-08	138	168	227	11957	12049	93	11903	12082
305871205	1	248	7.956E-64	4	11522	12344	261	63	0.834	2.014E-09	191	225	227	12240	12344	105	12183	12347
305930434	1	193	2.866E-47	3	11522	12049	251	44	0.591	5.047E-02	35	70	225	11522	11629	108	11516	11824
305930434	1	193	2.866E-47	3	11522	12049	252	100	0.678	6.382E-22	64	135	225	11683	11898	216	11677	11907
305930434	1	193	2.866E-47	3	11522	12049	256	54	0.804	3.961E-06	136	166	225	11957	12049	93	11903	12082
305998288	1	109	5.544E-22	1	11707	11907	252	109	0.779	4.345E-25	43	109	115	11707	11907	201	11677	11907
306048265	1	251	9.944E-65	4	11522	12344	251	49	0.481	1.147E-03	36	87	227	11522	11677	156	11516	11824
306048265	1	251	9.944E-65	4	11522	12344	252	110	0.818	1.679E-25	74	137	227	11707	11898	192	11677	11907
306048265	1	251	9.944E-65	4	11522	12344	256	60	0.892	2.409E-08	138	168	227	11957	12049	93	11903	12082
306048265	1	251	9.944E-65	4	11522	12344	261	64	0.844	1.065E-09	191	225	227	12240	12344	105	12183	12347
306066891	1	137	2.065E-30	2	11704	12344	252	115	0.838	3.743E-27	73	137	228	11704	11898	195	11677	11907
306066891	1	137	2.065E-30	2	11704	12344	261	60	0.600	1.875E-08	177	225	228	12198	12344	147	12183	12347
306144789	1	202	5.598E-50	3	11683	12347	252	104	0.678	2.678E-23	61	135	228	11683	11907	225	11677	11907
306144789	1	202	5.598E-50	3	11683	12347	256	61	0.897	1.752E-08	133	163	228	11957	12049	93	11903	12082
306144789	1	202	5.598E-50	3	11683	12347	261	60	0.776	2.579E-08	186	221	228	12240	12347	108	12183	12347
306194957	1	82	7.441E-14	1	11021	11263	245	82	0.521	5.667E-13	22	101	120	11021	11263	243	10655	11458
306194974	1	89	5.813E-16	1	10754	11122	245	89	0.395	3.332E-15	2	128	230	10754	11122	369	10655	11458
306229933	1	141	1.291E-31	1	10721	11248	245	141	0.440	1.062E-32	154	308	323	10721	11248	528	10655	11458
306279768	1	131	1.322E-28	1	10709	11266	245	131	0.401	1.814E-29	57	214	221	10709	11266	558	10655	11458
306552061	1	154	1.576E-35	3	11522	12347	251	44	0.561	6.917E-02	75	112	264	11522	11635	114	11516	11824
306552061	1	154	1.576E-35	3	11522	12347	252	107	0.693	2.911E-24	104	178	264	11683	11907	225	11677	11907
306552061	1	154	1.576E-35	3	11522	12347	261	59	0.771	3.547E-08	228	263	264	12240	12347	108	12183	12347
306615500	1	137	2.065E-30	1	10721	11266	245	137	0.421	1.735E-31	118	282	286	10721	11266	546	10655	11458
307998994	1	305	5.520E-81	3	14484	15358	320	144	0.585	2.310E-34	51	175	305	14484	14846	363	14238	14924
307998994	1	305	5.520E-81	3	14484	15358	322	78	0.739	2.318E-14	182	231	305	14934	15080	147	14928	15116
307998994	1	305	5.520E-81	3	14484	15358	327	88	0.608	1.100E-17	231	300	305	15143	15358	216	15113	15358
308322537	1	260	1.942E-67	3	14508	15358	320	115	0.518	1.298E-24	195	310	460	14508	14855	348	14238	14924
308322537	1	260	1.942E-67	3	14508	15358	322	64	0.563	8.403E-10	314	370	460	14928	15080	153	14928	15116
308322537	1	260	1.942E-67	3	14508	15358	327	83	0.488	6.805E-16	370	458	460	15143	15358	216	15113	15358
314762870	1	138	1.033E-30	1	10691	11269	245	138	0.406	6.838E-32	14	193	195	10691	11269	579	10655	11458
314888522	1	194	1.433E-47	3	11707	12344	252	101	0.758	2.465E-22	82	145	235	11707	11898	192	11677	11907
314888522	1	194	1.433E-47	3	11707	12344	256	53	0.798	5.451E-06	146	176	235	11957	12049	93	11903	12082
314888522	1	194	1.433E-47	3	11707	12344	261	60	0.800	1.875E-08	199	233	235	12240	12344	105	12183	12347
314988269	1	502	2.748E-140	3	14253	15358	320	282	0.664	2.922E-82	18	230	350	14253	14864	612	14238	14924
314988269	1	502	2.748E-140	3	14253	15358	322	98	0.902	1.135E-21	228	278	350	14928	15080	153	14928	15116
314988269	1	502	2.748E-140	3	14253	15358	327	124	0.820	3.272E-30	278	349	350	15143	15358	216	15113	15358
315911244	1	112	6.930E-23	2	11960	12344	256	56	0.856	8.036E-07	17	46	105	11960	12049	90	11903	12082
315911244	1	112	6.930E-23	2	11960	12344	261	63	0.614	2.014E-09	55	103	105	12195	12344	150	12183	12347
320118937	1	256	3.108E-66	4	11522	12344	251	51	0.677	1.725E-04	36	71	226	11522	11629	108	11516	11824
320118937	1	256	3.108E-66	4	11522	12344	252	106	0.789	5.487E-24	73	136	226	11707	11898	192	11677	11907
320118937	1	256	3.108E-66	4	11522	12344	256	57	0.853	2.244E-07	137	167	226	11957	12049	93	11903	12082
320118937	1	256	3.108E-66	4	11522	12344	261	60	0.800	1.875E-08	190	224	226	12240	12344	105	12183	12347
320489279	1	254	1.243E-65	4	11522	12344	251	48	0.629	4.052E-03	36	71	226	11522	11629	108	11516	11824
320489279	1	254	1.243E-65	4	11522	12344	252	108	0.805	8.190E-25	73	136	226	11707	11898	192	11677	11907
320489279	1	254	1.243E-65	4	11522	12344	256	56	0.837	5.841E-07	137	167	226	11957	12049	93	11903	12082
320489279	1	254	1.243E-65	4	11522	12344	261	60	0.795	2.579E-08	190	224	226	12240	12344	105	12183	12347
320727767	1	72	7.620E-11	1	14331	14639	320	72	0.393	4.795E-10	32	125	173	14331	14639	309	14238	14924
320735390	1	156	3.939E-36	1	10691	11266	245	156	0.447	5.720E-38	17	186	196	10691	11266	576	10655	11458
320846707	1	157	1.970E-36	1	10805	11458	245	157	0.408	3.068E-38	1	154	349	10805	11458	654	10655	11458
320864104	1	128	1.057E-27	1	10721	11266	245	128	0.399	2.943E-28	174	333	334	10721	11266	546	10655	11458
320864925	1	99	5.677E-19	1	14331	14708	320	99	0.408	4.283E-19	9	144	174	14331	14708	378	14238	14924
320969035	1	91	1.453E-16	1	11033	11356	245	91	0.454	5.399E-16	11	116	182	11033	11356	324	10655	11458
320971490	1	109	5.544E-22	1	14250	14675	320	109	0.411	1.368E-22	0	148	265	14250	14675	426	14238	14924
321128310	1	105	8.871E-21	1	11707	11904	252	105	0.761	1.420E-23	42	107	114	11707	11904	198	11677	11907
321386798	1	64	1.951E-08	1	11000	11404	245	64	0.301	3.795E-07	21	144	260	11000	11404	405	10655	11458
321589840	1	74	1.905E-11	1	15185	15343	327	74	0.671	1.384E-12	37	89	103	15185	15343	159	15113	15358
322017889	1	292	4.522E-77	3	14514	15358	320	139	0.606	7.187E-33	25	140	270	14514	14846	333	14238	14924
322017889	1	292	4.522E-77	3	14514	15358	322	80	0.762	2.505E-15	147	196	270	14934	15080	147	14928	15116
322017889	1	292	4.522E-77	3	14514	15358	327	78	0.545	5.787E-14	196	265	270	15143	15358	216	15113	15358
324968026	1	236	3.259E-60	3	14496	15358	320	100	0.423	1.695E-19	71	201	345	14496	14852	357	14238	14924
324968026	1	236	3.259E-60	3	14496	15358	322	48	0.401	4.001E-04	206	270	345	14928	15080	153	14928	15116
324968026	1	236	3.259E-60	3	14496	15358	327	91	0.627	8.700E-19	270	341	345	15143	15358	216	15113	15358
329722987	1	136	4.131E-30	1	10691	11269	245	136	0.402	3.226E-31	14	189	191	10691	11269	579	10655	11458
329782281	1	82	7.441E-14	1	11036	11338	245	82	0.426	7.659E-13	24	128	140	11036	11338	303	10655	11458
330936163	1	260	1.942E-67	4	11707	12344	252	103	0.771	5.049E-23	84	147	237	11707	11898	192	11677	11907
330936163	1	260	1.942E-67	4	11707	12344	256	61	0.854	1.274E-08	148	180	237	11957	12055	99	11903	12082
330936163	1	260	1.942E-67	4	11707	12344	259	33	0.718	2.444E+01	180	200	237	12112	12174	63	12094	12213
330936163	1	260	1.942E-67	4	11707	12344	261	60	0.800	1.875E-08	201	235	237	12240	12344	105	12183	12347
332394898	1	248	7.956E-64	3	14523	15358	320	107	0.507	1.198E-21	1	110	268	14523	14846	324	14238	14924
332394898	1	248	7.956E-64	3	14523	15358	322	58	0.483	1.374E-07	117	178	268	14928	15080	153	14928	15116
332394898	1	248	7.956E-64	3	14523	15358	327	88	0.513	1.100E-17	178	266	268	15143	15358	216	15113	15358
334049347	1	734	3.982E-210	3	2193	6584	48	46	0.802	1.292E-03	29	54	600	2193	2270	78	2190	2315
334049347	1	734	3.982E-210	3	2193	6584	69	272	0.675	3.826E-78	40	238	600	2913	3515	603	2772	3548
334049347	1	734	3.982E-210	3	2193	6584	137	451	0.666	2.648E-138	261	599	600	5565	6584	1020	5553	6584
334434260	1	141	1.291E-31	1	10670	11269	245	141	0.402	5.705E-33	7	193	195	10670	11269	600	10655	11458
334694323	1	246	3.182E-63	4	11516	12344	251	51	0.482	2.365E-04	33	86	226	11516	11677	162	11516	11824
334694323	1	246	3.182E-63	4	11516	12344	252	107	0.797	2.120E-24	73	136	226	11707	11898	192	11677	11907
334694323	1	246	3.182E-63	4	11516	12344	256	58	0.859	1.631E-07	137	167	226	11957	12049	93	11903	12082
334694323	1	246	3.182E-63	4	11516	12344	261	62	0.820	5.239E-09	190	224	226	12240	12344	105	12183	12347
334812940	1	147	2.017E-33	2	11522	11898	251	50	0.490	4.448E-04	3	54	113	11522	11677	156	11516	11824
334812940	1	147	2.017E-33	2	11522	11898	252	110	0.818	1.679E-25	41	104	113	11707	11898	192	11677	11907
334839321	1	249	3.978E-64	4	11522	12344	251	49	0.484	8.363E-04	36	87	227	11522	11677	156	11516	11824
334839321	1	249	3.978E-64	4	11522	12344	252	107	0.794	2.911E-24	74	137	227	11707	11898	192	11677	11907
334839321	1	249	3.978E-64	4	11522	12344	256	64	0.947	9.960E-10	138	168	227	11957	12049	93	11903	12082
334839321	1	249	3.978E-64	4	11522	12344	261	61	0.810	9.910E-09	191	225	227	12240	12344	105	12183	12347
334879219	1	146	4.034E-33	2	11516	11898	251	49	0.464	1.572E-03	1	54	113	11516	11677	162	11516	11824
334879219	1	146	4.034E-33	2	11516	11898	252	110	0.815	2.305E-25	41	104	113	11707	11898	192	11677	11907
334986280	1	158	9.848E-37	3	11516	12174	251	50	0.633	4.448E-04	34	71	234	11516	11629	114	11516	11824
334986280	1	158	9.848E-37	3	11516	12174	252	103	0.768	6.933E-23	73	136	234	11707	11898	192	11677	11907
334986280	1	158	9.848E-37	3	11516	12174	259	33	0.718	2.444E+01	167	187	234	12112	12174	63	12094	12213
335013109	1	62	7.803E-08	1	10691	11191	245	62	0.259	2.217E-06	6	152	292	10691	11191	501	10655	11458
335246064	1	141	1.291E-31	1	10706	11269	245	141	0.420	7.783E-33	102	272	276	10706	11269	564	10655	11458
335277739	1	153	3.152E-35	1	10727	11275	245	153	0.456	6.910E-37	37	202	203	10727	11275	549	10655	11458
335280752	1	192	5.733E-47	2	13940	14639	308	91	0.567	9.082E-18	20	100	389	13940	14182	243	13820	14203
335280752	1	192	5.733E-47	2	13940	14639	320	103	0.436	2.651E-20	104	229	389	14253	14639	387	14238	14924
335312788	1	128	1.057E-27	1	10691	11218	245	128	0.409	2.943E-28	42	203	204	10691	11218	528	10655	11458
335389778	1	84	1.860E-14	1	11042	11242	245	84	0.618	1.697E-13	1	67	71	11042	11242	201	10655	11458
335402870	1	340	1.607E-91	5	11516	12344	251	49	0.624	8.363E-04	31	68	224	11516	11629	114	11516	11824
335402870	1	340	1.607E-91	5	11516	12344	252	126	0.923	5.252E-31	70	133	224	11707	11898	192	11677	11907
335402870	1	340	1.607E-91	5	11516	12344	256	67	0.991	7.798E-11	134	164	224	11957	12049	93	11903	12082
335402870	1	340	1.607E-91	5	11516	12344	259	33	0.648	4.659E+01	166	188	224	12112	12180	69	12094	12213
335402870	1	340	1.607E-91	5	11516	12344	261	61	0.810	9.910E-09	187	221	224	12240	12344	105	12183	12347
335419798	1	93	3.633E-17	1	11045	11455	245	93	0.386	1.602E-16	0	95	209	11045	11455	411	10655	11458
335421677	1	148	1.008E-33	1	10682	11296	245	148	0.408	3.949E-35	4	191	372	10682	11296	615	10655	11458
335429343	1	97	2.271E-18	1	14241	14501	320	97	0.566	2.006E-18	13	98	139	14241	14501	261	14238	14924
335435755	1	105	8.871E-21	1	11683	11907	252	105	0.684	1.035E-23	34	108	114	11683	11907	225	11677	11907
335511359	1	110	2.772E-22	1	14250	14648	320	110	0.432	1.003E-22	26	165	174	14250	14648	399	14238	14924
335532761	1	357	1.226E-96	3	14508	15358	320	159	0.646	1.156E-39	15	137	259	14508	14861	354	14238	14924
335532761	1	357	1.226E-96	3	14508	15358	322	86	0.824	2.932E-17	138	186	259	14934	15080	147	14928	15116
335532761	1	357	1.226E-96	3	14508	15358	327	111	0.743	1.136E-25	186	257	259	15143	15358	216	15113	15358
339529403	1	256	3.108E-66	3	14490	15358	320	117	0.496	5.111E-25	190	313	471	14490	14846	357	14238	14924
339529403	1	256	3.108E-66	3	14490	15358	322	58	0.480	1.890E-07	320	381	471	14928	15080	153	14928	15116
339529403	1	256	3.108E-66	3	14490	15358	327	86	0.501	7.383E-17	381	469	471	15143	15358	216	15113	15358
345985433	1	169	4.809E-40	3	11522	12344	251	53	0.603	3.554E-05	36	78	228	11522	11650	129	11516	11824
345985433	1	169	4.809E-40	3	11522	12344	252	109	0.797	5.965E-25	74	138	228	11704	11898	195	11677	11907
345985433	1	169	4.809E-40	3	11522	12344	261	63	0.830	2.770E-09	192	226	228	12240	12344	105	12183	12347
348401258	1	727	5.097E-208	6	10664	12344	245	342	0.652	3.643E-102	0	235	428	10664	11455	792	10655	11458
348401258	1	727	5.097E-208	6	10664	12344	251	68	0.620	2.145E-10	235	288	428	11516	11677	162	11516	11824
348401258	1	727	5.097E-208	6	10664	12344	252	130	0.939	1.611E-32	274	338	428	11704	11898	195	11677	11907
348401258	1	727	5.097E-208	6	10664	12344	256	74	1.000	4.796E-13	339	369	428	11957	12049	93	11903	12082
348401258	1	727	5.097E-208	6	10664	12344	259	45	0.926	1.596E-03	370	391	428	12109	12174	66	12094	12213
348401258	1	727	5.097E-208	6	10664	12344	261	76	1.000	4.017E-14	392	426	428	12240	12344	105	12183	12347
349251199	1	196	3.583E-48	3	11516	12344	251	57	0.693	2.067E-06	37	75	217	11516	11632	117	11516	11824
349251199	1	196	3.583E-48	3	11516	12344	252	105	0.784	1.035E-23	76	139	217	11707	11898	192	11677	11907
349251199	1	196	3.583E-48	3	11516	12344	261	59	0.586	6.712E-08	167	214	217	12198	12344	147	12183	12347
349389368	1	156	3.939E-36	2	11516	11907	251	49	0.615	1.572E-03	1	38	112	11516	11629	114	11516	11824
349389368	1	156	3.939E-36	2	11516	11907	252	106	0.756	7.534E-24	40	106	112	11707	11907	201	11677	11907
349557821	1	158	9.848E-37	3	11516	12174	251	49	0.624	8.363E-04	10	47	201	11516	11629	114	11516	11824
349557821	1	158	9.848E-37	3	11516	12174	252	106	0.787	7.534E-24	49	112	201	11707	11898	192	11677	11907
349557821	1	158	9.848E-37	3	11516	12174	259	33	0.741	3.374E+01	145	164	201	12115	12174	60	12094	12213
349708029	1	200	2.239E-49	3	11522	12049	251	48	0.468	4.052E-03	36	87	232	11522	11677	156	11516	11824
349708029	1	200	2.239E-49	3	11522	12049	252	106	0.789	5.487E-24	74	137	232	11707	11898	192	11677	11907
349708029	1	200	2.239E-49	3	11522	12049	256	58	0.864	1.186E-07	138	168	232	11957	12049	93	11903	12082
349802150	1	210	2.187E-52	3	11680	12344	252	107	0.688	2.120E-24	69	144	232	11680	11907	228	11677	11907
349802150	1	210	2.187E-52	3	11680	12344	256	57	0.674	4.246E-07	143	182	232	11960	12079	120	11903	12082
349802150	1	210	2.187E-52	3	11680	12344	261	58	0.776	9.234E-08	195	229	232	12240	12344	105	12183	12347
349818720	1	94	1.817E-17	1	10721	10951	245	94	0.608	6.431E-17	18	94	100	10721	10951	231	10655	11458
349823474	1	191	1.147E-46	2	13940	14639	308	90	0.563	1.707E-17	20	100	389	13940	14182	243	13820	14203
349823474	1	191	1.147E-46	2	13940	14639	320	103	0.437	1.945E-20	104	229	389	14253	14639	387	14238	14924
349929808	1	111	1.386E-22	1	10679	11089	245	111	0.442	1.245E-22	13	126	127	10679	11089	411	10655	11458
349931787	1	179	4.696E-43	1	10679	11281	245	179	0.480	7.874E-46	13	190	395	10679	11281	603	10655	11458
350022308	1	101	1.419E-19	1	11683	11898	252	101	0.685	2.465E-22	34	105	114	11683	11898	216	11677	11907
350050510	1	164	1.539E-38	1	10721	11263	245	164	0.485	1.121E-40	27	186	199	10721	11263	543	10655	11458
350055443	1	101	1.419E-19	1	14250	14636	320	101	0.431	9.134E-20	26	138	220	14250	14636	387	14238	14924
350238136	1	142	6.454E-32	1	10712	11317	245	142	0.401	3.065E-33	26	220	238	10712	11317	606	10655	11458
356144192	1	149	5.042E-34	2	14508	15083	320	113	0.600	6.139E-24	18	112	215	14508	14777	270	14238	14924
356144192	1	149	5.042E-34	2	14508	15083	322	61	0.587	1.477E-08	139	189	215	14937	15083	147	14928	15116
362382482	1	228	8.342E-58	3	11522	12049	251	55	0.707	7.321E-06	37	73	227	11522	11632	111	11516	11824
362382482	1	228	8.342E-58	3	11522	12049	252	107	0.794	2.911E-24	74	137	227	11707	11898	192	11677	11907
362382482	1	228	8.342E-58	3	11522	12049	256	64	0.942	1.370E-09	138	168	227	11957	12049	93	11903	12082
363447646	1	282	4.631E-74	3	14508	15349	320	128	0.558	4.487E-29	19	136	267	14508	14846	339	14238	14924
363447646	1	282	4.631E-74	3	14508	15349	322	68	0.626	4.789E-11	145	197	267	14928	15083	156	14928	15116
363447646	1	282	4.631E-74	3	14508	15349	327	94	0.669	6.880E-20	196	263	267	15143	15349	207	15113	15358
363851692	1	205	6.998E-51	3	11707	12344	252	106	0.789	5.487E-24	76	139	229	11707	11898	192	11677	11907
363851692	1	205	6.998E-51	3	11707	12344	256	55	0.815	2.093E-06	140	170	229	11957	12049	93	11903	12082
363851692	1	205	6.998E-51	3	11707	12344	261	64	0.844	1.065E-09	193	227	229	12240	12344	105	12183	12347
363906908	1	202	5.598E-50	3	11707	12344	252	104	0.773	3.677E-23	77	140	231	11707	11898	192	11677	11907
363906908	1	202	5.598E-50	3	11707	12344	256	57	0.848	3.087E-07	141	171	231	11957	12049	93	11903	12082
363906908	1	202	5.598E-50	3	11707	12344	261	61	0.815	7.206E-09	194	228	231	12240	12344	105	12183	12347
363988550	1	149	5.042E-34	2	11516	11898	251	52	0.489	1.258E-04	1	54	113	11516	11677	162	11516	11824
363988550	1	149	5.042E-34	2	11516	11898	252	110	0.815	2.305E-25	41	104	113	11707	11898	192	11677	11907
364033396	1	136	4.131E-30	2	11522	11898	251	45	0.445	3.683E-02	7	58	123	11522	11677	156	11516	11824
364033396	1	136	4.131E-30	2	11522	11898	252	104	0.776	2.678E-23	45	108	123	11707	11898	192	11677	11907
364049670	1	258	7.769E-67	4	11707	12344	252	104	0.776	2.678E-23	75	138	228	11707	11898	192	11677	11907
364049670	1	258	7.769E-67	4	11707	12344	256	55	0.820	1.521E-06	139	169	228	11957	12049	93	11903	12082
364049670	1	258	7.769E-67	4	11707	12344	259	32	0.658	8.886E+01	170	191	228	12109	12174	66	12094	12213
364049670	1	258	7.769E-67	4	11707	12344	261	63	0.834	2.014E-09	192	226	228	12240	12344	105	12183	12347
364114483	1	242	5.092E-62	4	11522	12344	251	46	0.451	1.961E-02	37	88	233	11522	11677	156	11516	11824
364114483	1	242	5.092E-62	4	11522	12344	252	111	0.826	6.486E-26	75	138	233	11707	11898	192	11677	11907
364114483	1	242	5.092E-62	4	11522	12344	256	60	0.886	3.314E-08	139	169	233	11957	12049	93	11903	12082
364114483	1	242	5.092E-62	4	11522	12344	261	57	0.766	1.748E-07	192	226	233	12240	12344	105	12183	12347
364359102	1	146	4.034E-33	1	10721	11275	245	146	0.437	1.370E-34	105	272	281	10721	11275	555	10655	11458
364359189	1	147	2.017E-33	1	10721	11266	245	147	0.443	1.004E-34	123	287	299	10721	11266	546	10655	11458
364360295	1	92	7.267E-17	1	10973	11455	245	92	0.343	2.941E-16	10	123	318	10973	11455	483	10655	11458
364361421	1	154	1.576E-35	1	10691	11266	245	154	0.442	2.715E-37	17	186	196	10691	11266	576	10655	11458
364439326	1	121	1.354E-25	1	11698	11898	252	121	0.856	2.352E-29	58	124	125	11698	11898	201	11677	11907
364503751	1	161	1.231E-37	1	10721	11275	245	161	0.471	9.948E-40	95	259	260	10721	11275	555	10655	11458
364592446	1	133	3.305E-29	1	10805	11263	245	133	0.468	5.255E-30	18	153	212	10805	11263	459	10655	11458
368802681	1	251	9.944E-65	3	14508	15358	320	113	0.504	6.139E-24	202	319	469	14508	14855	348	14238	14924
368802681	1	251	9.944E-65	3	14508	15358	322	59	0.537	7.264E-08	325	379	469	14934	15080	147	14928	15116
368802681	1	251	9.944E-65	3	14508	15358	327	83	0.486	9.346E-16	379	467	469	15143	15358	216	15113	15358
370354440	1	121	1.354E-25	2	11680	12344	252	105	0.677	1.035E-23	47	122	217	11680	11907	228	11677	11907
370354440	1	121	1.354E-25	2	11680	12344	261	62	0.820	5.239E-09	170	204	217	12240	12344	105	12183	12347
372666863	1	329	3.290E-88	4	10721	12344	245	138	0.343	9.327E-32	10	200	393	10721	11455	735	10655	11458
372666863	1	329	3.290E-88	4	10721	12344	252	118	0.774	4.072E-28	231	303	393	11680	11898	219	11677	11907
372666863	1	329	3.290E-88	4	10721	12344	256	56	0.656	5.841E-07	304	344	393	11957	12079	123	11903	12082
372666863	1	329	3.290E-88	4	10721	12344	261	55	0.742	8.615E-07	357	391	393	12240	12344	105	12183	12347
378354847	1	316	2.695E-84	5	11522	12347	251	56	0.630	3.891E-06	149	189	340	11522	11650	129	11516	11824
378354847	1	316	2.695E-84	5	11522	12347	252	111	0.743	8.905E-26	177	248	340	11680	11895	216	11677	11907
378354847	1	316	2.695E-84	5	11522	12347	256	62	0.947	4.897E-09	251	280	340	11960	12049	90	11903	12082
378354847	1	316	2.695E-84	5	11522	12347	259	33	0.710	3.374E+01	282	302	340	12112	12174	63	12094	12213
378354847	1	316	2.695E-84	5	11522	12347	261	63	0.819	1.464E-09	303	338	340	12240	12347	108	12183	12347
378578772	1	181	1.174E-43	3	11516	12344	251	48	0.610	2.156E-03	29	66	220	11516	11629	114	11516	11824
378578772	1	181	1.174E-43	3	11516	12344	252	108	0.768	1.544E-24	68	134	220	11707	11907	201	11677	11907
378578772	1	181	1.174E-43	3	11516	12344	261	59	0.590	4.880E-08	171	218	220	12198	12344	147	12183	12347
378711609	1	197	1.791E-48	3	11707	12338	252	103	0.768	6.933E-23	69	132	219	11707	11898	192	11677	11907
378711609	1	197	1.791E-48	3	11707	12338	256	55	0.820	1.521E-06	133	163	219	11957	12049	93	11903	12082
378711609	1	197	1.791E-48	3	11707	12338	261	59	0.828	4.880E-08	186	218	219	12240	12338	99	12183	12347
378848779	1	85	9.302E-15	1	14253	14483	320	85	0.556	3.772E-14	9	79	90	14253	14483	231	14238	14924
378893520	1	142	6.454E-32	1	10712	11260	245	142	0.431	3.065E-33	27	203	222	10712	11260	549	10655	11458
378900377	1	98	1.135E-18	1	14253	14486	320	98	0.623	1.082E-18	12	89	93	14253	14486	234	14238	14924
378903374	1	147	2.017E-33	1	10721	11266	245	147	0.443	1.004E-34	123	287	299	10721	11266	546	10655	11458
378981378	1	521	5.242E-146	3	14253	15358	320	298	0.703	9.853E-88	54	263	383	14253	14864	612	14238	14924
378981378	1	521	5.242E-146	3	14253	15358	322	98	0.915	1.559E-21	263	312	383	14934	15083	150	14928	15116
378981378	1	521	5.242E-146	3	14253	15358	327	126	0.834	4.892E-31	311	382	383	15143	15358	216	15113	15358
379014987	1	81	1.488E-13	1	14286	14459	320	81	0.674	8.038E-13	2	59	63	14286	14459	174	14238	14924
379019166	1	179	4.696E-43	1	10679	11458	245	179	0.397	5.760E-46	13	208	403	10679	11458	780	10655	11458
379045948	1	97	2.271E-18	1	10679	10963	245	97	0.519	5.623E-18	8	104	114	10679	10963	285	10655	11458
379052886	1	141	1.291E-31	1	10706	11269	245	141	0.420	7.783E-33	102	272	276	10706	11269	564	10655	11458
379311058	1	221	1.068E-55	3	11036	12049	245	89	0.370	2.461E-15	29	129	324	11036	11455	420	10655	11458
379311058	1	221	1.068E-55	3	11036	12049	252	115	0.830	2.726E-27	169	234	324	11701	11898	198	11677	11907
379311058	1	221	1.068E-55	3	11036	12049	256	54	0.809	2.879E-06	235	265	324	11957	12049	93	11903	12082
379376633	1	272	4.742E-71	4	11707	12344	252	111	0.799	1.223E-25	74	139	229	11707	11904	198	11677	11907
379376633	1	272	4.742E-71	4	11707	12344	256	63	0.904	2.590E-09	139	170	229	11960	12055	96	11903	12082
379376633	1	272	4.742E-71	4	11707	12344	259	33	0.718	2.444E+01	170	190	229	12112	12174	63	12094	12213
379376633	1	272	4.742E-71	4	11707	12344	261	63	0.834	2.014E-09	191	225	229	12240	12344	105	12183	12347
391067788	1	223	2.669E-56	3	11522	12055	251	53	0.691	6.686E-05	36	71	226	11522	11629	108	11516	11824
391067788	1	223	2.669E-56	3	11522	12055	252	111	0.823	8.905E-26	73	136	226	11707	11898	192	11677	11907
391067788	1	223	2.669E-56	3	11522	12055	256	57	0.797	4.246E-07	137	169	226	11957	12055	99	11903	12082
391650812	1	238	8.146E-61	3	11683	12347	252	125	0.827	9.896E-31	61	132	223	11683	11898	216	11677	11907
391650812	1	238	8.146E-61	3	11683	12347	256	63	0.722	3.561E-09	133	173	223	11957	12079	123	11903	12082
391650812	1	238	8.146E-61	3	11683	12347	261	60	0.781	1.875E-08	186	221	223	12240	12347	108	12183	12347
392849055	1	264	1.214E-68	4	11707	12344	252	107	0.763	2.911E-24	74	140	226	11707	11907	201	11677	11907
392849055	1	264	1.214E-68	4	11707	12344	256	57	0.873	3.087E-07	139	168	226	11960	12049	90	11903	12082
392849055	1	264	1.214E-68	4	11707	12344	259	33	0.673	4.659E+01	169	190	226	12109	12174	66	12094	12213
392849055	1	264	1.214E-68	4	11707	12344	261	65	0.864	2.978E-10	191	225	226	12240	12344	105	12183	12347
392906310	1	202	5.598E-50	3	11707	12344	252	100	0.752	4.648E-22	74	137	227	11707	11898	192	11677	11907
392906310	1	202	5.598E-50	3	11707	12344	256	57	0.853	2.244E-07	138	168	227	11957	12049	93	11903	12082
392906310	1	202	5.598E-50	3	11707	12344	261	65	0.859	4.095E-10	191	225	227	12240	12344	105	12183	12347
393116632	1	104	1.774E-20	1	11707	11898	252	104	0.776	2.678E-23	45	108	123	11707	11898	192	11677	11907
393380609	1	159	4.924E-37	3	11516	12174	251	47	0.597	5.554E-03	34	71	234	11516	11629	114	11516	11824
393380609	1	159	4.924E-37	3	11516	12174	252	108	0.800	1.544E-24	73	136	234	11707	11898	192	11677	11907
393380609	1	159	4.924E-37	3	11516	12174	259	32	0.693	6.434E+01	167	187	234	12112	12174	63	12094	12213
393448084	1	180	2.348E-43	3	10691	12347	245	172	0.391	1.596E-43	17	207	402	10691	11455	765	10655	11458
393448084	1	180	2.348E-43	3	10691	12347	256	62	0.672	6.735E-09	304	345	402	11927	12058	132	11903	12082
393448084	1	180	2.348E-43	3	10691	12347	261	59	0.762	6.712E-08	365	400	402	12240	12347	108	12183	12347
393555098	1	177	1.878E-42	1	10679	11281	245	177	0.475	5.135E-45	13	190	395	10679	11281	603	10655	11458
393589421	1	156	3.939E-36	1	10805	11281	245	156	0.516	5.720E-38	7	144	147	10805	11281	477	10655	11458
393678316	1	144	1.614E-32	1	10721	11275	245	144	0.432	6.482E-34	188	355	364	10721	11275	555	10655	11458
393835447	1	167	1.924E-39	2	11680	12049	252	109	0.721	5.965E-25	40	112	203	11680	11898	219	11677	11907
393835447	1	167	1.924E-39	2	11680	12049	256	57	0.879	2.244E-07	114	143	203	11960	12049	90	11903	12082
393835740	1	167	1.924E-39	2	11680	12049	252	109	0.721	5.965E-25	40	112	203	11680	11898	219	11677	11907
393835740	1	167	1.924E-39	2	11680	12049	256	57	0.879	2.244E-07	114	143	203	11960	12049	90	11903	12082
393835834	1	167	1.924E-39	2	11680	12049	252	109	0.721	5.965E-25	40	112	203	11680	11898	219	11677	11907
393835834	1	167	1.924E-39	2	11680	12049	256	57	0.879	2.244E-07	114	143	203	11960	12049	90	11903	12082
397695124	1	230	2.085E-58	3	14382	15358	320	104	0.373	1.427E-20	155	315	474	14382	14846	465	14238	14924
397695124	1	230	2.085E-58	3	14382	15358	322	56	0.472	9.306E-07	324	384	474	14934	15080	147	14928	15116
397695124	1	230	2.085E-58	3	14382	15358	327	77	0.460	7.948E-14	384	472	474	15143	15358	216	15113	15358
400363080	1	169	4.809E-40	3	11516	12347	251	47	0.597	5.554E-03	35	72	225	11516	11629	114	11516	11824
400363080	1	169	4.809E-40	3	11516	12347	252	108	0.792	1.124E-24	73	137	225	11704	11898	195	11677	11907
400363080	1	169	4.809E-40	3	11516	12347	261	63	0.814	2.014E-09	189	224	225	12240	12347	108	12183	12347
400960745	1	252	4.972E-65	4	11707	12344	252	103	0.771	5.049E-23	84	147	237	11707	11898	192	11677	11907
400960745	1	252	4.972E-65	4	11707	12344	256	62	0.714	6.735E-09	148	188	237	11957	12079	123	11903	12082
400960745	1	252	4.972E-65	4	11707	12344	259	32	0.685	8.886E+01	180	200	237	12112	12174	63	12094	12213
400960745	1	252	4.972E-65	4	11707	12344	261	60	0.800	1.875E-08	201	235	237	12240	12344	105	12183	12347
402242536	1	138	1.033E-30	1	10691	11269	245	138	0.405	9.327E-32	14	193	195	10691	11269	579	10655	11458
403616787	1	314	1.078E-83	5	11516	12347	251	47	0.597	5.554E-03	37	74	230	11516	11629	114	11516	11824
403616787	1	314	1.078E-83	5	11516	12347	252	111	0.826	6.486E-26	76	139	230	11707	11898	192	11677	11907
403616787	1	314	1.078E-83	5	11516	12347	256	57	0.879	2.244E-07	141	170	230	11960	12049	90	11903	12082
403616787	1	314	1.078E-83	5	11516	12347	259	34	0.735	1.282E+01	172	192	230	12112	12174	63	12094	12213
403616787	1	314	1.078E-83	5	11516	12347	261	59	0.771	3.547E-08	193	228	230	12240	12347	108	12183	12347
407412540	1	209	4.374E-52	3	11707	12344	252	108	0.805	8.190E-25	70	133	222	11707	11898	192	11677	11907
407412540	1	209	4.374E-52	3	11707	12344	256	55	0.839	2.093E-06	135	164	222	11960	12049	90	11903	12082
407412540	1	209	4.374E-52	3	11707	12344	261	66	0.873	1.575E-10	187	221	222	12240	12344	105	12183	12347
407510295	1	237	1.629E-60	4	11522	12344	251	49	0.477	1.572E-03	37	88	233	11522	11677	156	11516	11824
407510295	1	237	1.629E-60	4	11522	12344	252	102	0.765	9.520E-23	75	138	233	11707	11898	192	11677	11907
407510295	1	237	1.629E-60	4	11522	12344	256	59	0.875	6.269E-08	139	169	233	11957	12049	93	11903	12082
407510295	1	237	1.629E-60	4	11522	12344	261	59	0.786	4.880E-08	192	226	233	12240	12344	105	12183	12347
407551167	1	248	7.956E-64	4	11522	12344	251	50	0.490	4.448E-04	36	87	232	11522	11677	156	11516	11824
407551167	1	248	7.956E-64	4	11522	12344	252	113	0.834	2.506E-26	74	137	232	11707	11898	192	11677	11907
407551167	1	248	7.956E-64	4	11522	12344	256	58	0.884	1.631E-07	139	168	232	11960	12049	90	11903	12082
407551167	1	248	7.956E-64	4	11522	12344	261	59	0.781	6.712E-08	191	225	232	12240	12344	105	12183	12347
407597886	1	157	1.970E-36	3	11522	12344	251	51	0.497	2.365E-04	36	86	227	11522	11677	156	11516	11824
407597886	1	157	1.970E-36	3	11522	12344	252	109	0.813	3.164E-25	73	136	227	11707	11898	192	11677	11907
407597886	1	157	1.970E-36	3	11522	12344	261	63	0.839	1.464E-09	191	225	227	12240	12344	105	12183	12347
407602232	1	138	1.033E-30	2	11704	12347	252	106	0.781	3.996E-24	73	137	225	11704	11898	195	11677	11907
407602232	1	138	1.033E-30	2	11704	12347	261	65	0.601	4.095E-10	172	224	225	12192	12347	156	12183	12347
407670644	1	198	8.957E-49	3	11707	12344	252	104	0.779	1.950E-23	77	140	249	11707	11898	192	11677	11907
407670644	1	198	8.957E-49	3	11707	12344	256	55	0.845	1.521E-06	142	171	249	11960	12049	90	11903	12082
407670644	1	198	8.957E-49	3	11707	12344	261	59	0.781	6.712E-08	194	228	249	12240	12344	105	12183	12347
407765860	1	197	1.791E-48	3	11707	12344	252	102	0.763	1.307E-22	78	141	231	11707	11898	192	11677	11907
407765860	1	197	1.791E-48	3	11707	12344	256	53	0.787	1.032E-05	142	172	231	11957	12049	93	11903	12082
407765860	1	197	1.791E-48	3	11707	12344	261	62	0.820	5.239E-09	195	229	231	12240	12344	105	12183	12347
407816908	1	203	2.799E-50	3	11707	12344	252	104	0.773	3.677E-23	73	136	225	11707	11898	192	11677	11907
407816908	1	203	2.799E-50	3	11707	12344	256	55	0.845	1.521E-06	138	167	225	11960	12049	90	11903	12082
407816908	1	203	2.799E-50	3	11707	12344	261	64	0.849	7.744E-10	190	224	225	12240	12344	105	12183	12347
407844335	1	194	1.433E-47	3	11522	12049	251	44	0.442	5.047E-02	36	87	232	11522	11677	156	11516	11824
407844335	1	194	1.433E-47	3	11522	12049	252	102	0.763	1.307E-22	74	137	232	11707	11898	192	11677	11907
407844335	1	194	1.433E-47	3	11522	12049	256	60	0.892	2.409E-08	138	168	232	11957	12049	93	11903	12082
407957778	1	101	1.419E-19	2	11960	12347	256	62	0.894	4.897E-09	38	69	128	11960	12055	96	11903	12082
407957778	1	101	1.419E-19	2	11960	12347	261	58	0.752	1.270E-07	90	125	128	12240	12347	108	12183	12347
407980946	1	95	9.084E-18	1	10937	11455	245	95	0.334	3.499E-17	1	112	305	10937	11455	519	10655	11458
407988056	1	84	1.860E-14	1	10682	11038	245	84	0.397	1.255E-13	9	124	153	10682	11038	357	10655	11458
408050029	1	81	1.488E-13	1	14253	14483	320	81	0.534	8.038E-13	30	105	106	14253	14483	231	14238	14924
408096103	1	161	1.231E-37	2	13940	14480	308	79	0.528	8.491E-14	14	90	203	13940	14170	231	13820	14203
408096103	1	161	1.231E-37	2	13940	14480	320	88	0.582	2.386E-15	98	173	203	14253	14480	228	14238	14924
408097565	1	97	2.271E-18	1	14250	14675	320	97	0.375	2.731E-18	26	174	193	14250	14675	426	14238	14924
408098921	1	178	9.392E-43	1	10679	11458	245	178	0.394	2.011E-45	13	208	403	10679	11458	780	10655	11458
408113571	1	153	3.152E-35	1	14253	14840	320	153	0.408	2.369E-37	18	229	342	14253	14840	588	14238	14924
408143015	1	108	1.109E-21	1	11683	11907	252	108	0.700	1.124E-24	34	108	114	11683	11907	225	11677	11907
408218033	1	107	2.218E-21	1	10745	11275	245	107	0.357	3.647E-21	1	173	175	10745	11275	531	10655	11458
408223282	1	144	1.614E-32	1	10721	11275	245	144	0.432	6.482E-34	188	355	364	10721	11275	555	10655	11458
410461968	1	303	2.208E-80	3	14484	15358	320	144	0.585	2.310E-34	29	153	283	14484	14846	363	14238	14924
410461968	1	303	2.208E-80	3	14484	15358	322	81	0.773	9.657E-16	160	209	283	14934	15080	147	14928	15116
410461968	1	303	2.208E-80	3	14484	15358	327	83	0.580	4.954E-16	209	278	283	15143	15358	216	15113	15358
414406625	1	385	4.566E-105	3	14508	15358	320	169	0.676	3.341E-43	20	143	264	14508	14864	357	14238	14924
414406625	1	385	4.566E-105	3	14508	15358	322	91	0.866	6.488E-19	143	191	264	14934	15080	147	14928	15116
414406625	1	385	4.566E-105	3	14508	15358	327	125	0.827	1.265E-30	191	262	264	15143	15358	216	15113	15358
416060452	1	207	1.749E-51	3	11707	12344	252	109	0.808	5.965E-25	76	139	230	11707	11898	192	11677	11907
416060452	1	207	1.749E-51	3	11707	12344	256	58	0.864	1.186E-07	140	170	230	11957	12049	93	11903	12082
416060452	1	207	1.749E-51	3	11707	12344	261	60	0.800	1.875E-08	193	227	230	12240	12344	105	12183	12347
419941384	1	735	1.991E-210	3	2193	6584	48	46	0.802	1.292E-03	29	54	600	2193	2270	78	2190	2315
419941384	1	735	1.991E-210	3	2193	6584	69	273	0.676	2.793E-78	40	238	600	2913	3515	603	2772	3548
419941384	1	735	1.991E-210	3	2193	6584	137	451	0.666	1.933E-138	261	599	600	5565	6584	1020	5553	6584
420705775	1	316	2.695E-84	4	10982	12079	245	92	0.347	3.985E-16	11	125	318	10982	11455	474	10655	11458
420705775	1	316	2.695E-84	4	10982	12079	251	54	0.584	2.591E-05	125	168	318	11516	11650	135	11516	11824
420705775	1	316	2.695E-84	4	10982	12079	252	115	0.841	2.726E-27	164	228	318	11704	11898	195	11677	11907
420705775	1	316	2.695E-84	4	10982	12079	256	57	0.668	2.244E-07	229	269	318	11957	12079	123	11903	12082
422184405	1	108	1.109E-21	1	11680	11904	252	108	0.654	1.544E-24	61	141	147	11680	11904	225	11677	11907
422329790	1	98	1.135E-18	1	11707	11898	252	98	0.737	3.116E-21	45	108	117	11707	11898	192	11677	11907
422639498	1	179	4.696E-43	1	10679	11281	245	179	0.479	1.076E-45	13	190	395	10679	11281	603	10655	11458
422643207	1	161	1.231E-37	2	13940	14480	308	79	0.528	8.491E-14	14	90	208	13940	14170	231	13820	14203
422643207	1	161	1.231E-37	2	13940	14480	320	88	0.582	2.386E-15	98	173	208	14253	14480	228	14238	14924
422677053	1	129	5.287E-28	1	10691	11266	245	129	0.387	1.163E-28	4	183	277	10691	11266	576	10655	11458
422680277	1	94	1.817E-17	1	11036	11266	245	94	0.610	4.744E-17	18	94	95	11036	11266	231	10655	11458
422762332	1	92	7.267E-17	1	10973	11455	245	92	0.343	2.941E-16	10	123	318	10973	11455	483	10655	11458
430443642	1	193	2.866E-47	3	11680	12174	252	100	0.668	8.763E-22	59	131	221	11680	11898	219	11677	11907
430443642	1	193	2.866E-47	3	11680	12174	256	59	0.833	4.558E-08	132	164	221	11957	12055	99	11903	12082
430443642	1	193	2.866E-47	3	11680	12174	259	33	0.710	3.374E+01	164	184	221	12112	12174	63	12094	12213
430921338	1	194	1.433E-47	3	11707	12344	252	101	0.755	3.385E-22	77	140	249	11707	11898	192	11677	11907
430921338	1	194	1.433E-47	3	11707	12344	256	54	0.827	3.961E-06	142	171	249	11960	12049	90	11903	12082
430921338	1	194	1.433E-47	3	11707	12344	261	59	0.781	6.712E-08	194	228	249	12240	12344	105	12183	12347
436051336	1	196	3.583E-48	3	11707	12344	252	103	0.768	6.933E-23	77	140	230	11707	11898	192	11677	11907
436051336	1	196	3.583E-48	3	11707	12344	256	54	0.804	3.961E-06	141	171	230	11957	12049	93	11903	12082
436051336	1	196	3.583E-48	3	11707	12344	261	59	0.781	6.712E-08	194	228	230	12240	12344	105	12183	12347
436494713	1	152	6.303E-35	2	11516	11907	251	43	0.548	1.779E-01	1	38	112	11516	11629	114	11516	11824
436494713	1	152	6.303E-35	2	11516	11907	252	108	0.771	1.124E-24	40	106	112	11707	11907	201	11677	11907
436499283	1	205	6.998E-51	3	11707	12344	252	105	0.781	1.420E-23	74	137	227	11707	11898	192	11677	11907
436499283	1	205	6.998E-51	3	11707	12344	256	61	0.908	9.262E-09	138	168	227	11957	12049	93	11903	12082
436499283	1	205	6.998E-51	3	11707	12344	261	59	0.781	6.712E-08	191	225	227	12240	12344	105	12183	12347
436701488	1	135	8.261E-30	2	11680	12347	252	104	0.693	2.678E-23	62	134	222	11680	11898	219	11677	11907
436701488	1	135	8.261E-30	2	11680	12347	261	64	0.594	7.744E-10	169	221	222	12192	12347	156	12183	12347
436769733	1	248	7.956E-64	4	11516	12344	251	54	0.507	1.889E-05	33	86	226	11516	11677	162	11516	11824
436769733	1	248	7.956E-64	4	11516	12344	252	108	0.802	1.124E-24	73	136	226	11707	11898	192	11677	11907
436769733	1	248	7.956E-64	4	11516	12344	256	58	0.859	1.631E-07	137	167	226	11957	12049	93	11903	12082
436769733	1	248	7.956E-64	4	11516	12344	261	60	0.800	1.875E-08	190	224	226	12240	12344	105	12183	12347
436832028	1	208	8.747E-52	3	11522	12049	251	52	0.496	1.258E-04	34	86	232	11522	11677	156	11516	11824
436832028	1	208	8.747E-52	3	11522	12049	252	105	0.781	1.420E-23	73	136	232	11707	11898	192	11677	11907
436832028	1	208	8.747E-52	3	11522	12049	256	63	0.925	3.561E-09	137	167	232	11957	12049	93	11903	12082
436854187	1	200	2.239E-49	3	11707	12344	252	106	0.787	7.534E-24	75	138	247	11707	11898	192	11677	11907
436854187	1	200	2.239E-49	3	11707	12344	256	55	0.845	1.521E-06	140	169	247	11960	12049	90	11903	12082
436854187	1	200	2.239E-49	3	11707	12344	261	59	0.781	6.712E-08	192	226	247	12240	12344	105	12183	12347
436915333	1	264	1.214E-68	4	11707	12344	252	107	0.763	2.911E-24	74	140	226	11707	11907	201	11677	11907
436915333	1	264	1.214E-68	4	11707	12344	256	57	0.873	3.087E-07	139	168	226	11960	12049	90	11903	12082
436915333	1	264	1.214E-68	4	11707	12344	259	33	0.673	4.659E+01	169	190	226	12109	12174	66	12094	12213
436915333	1	264	1.214E-68	4	11707	12344	261	65	0.864	2.978E-10	191	225	226	12240	12344	105	12183	12347
437194268	1	337	1.285E-90	3	14502	15358	320	156	0.616	1.035E-38	18	145	263	14502	14870	369	14238	14924
437194268	1	337	1.285E-90	3	14502	15358	322	76	0.710	1.136E-13	141	190	263	14928	15080	153	14928	15116
437194268	1	337	1.285E-90	3	14502	15358	327	109	0.732	5.540E-25	190	261	263	15143	15358	216	15113	15358
437210867	1	106	4.435E-21	1	14253	14675	320	106	0.404	1.634E-21	27	174	279	14253	14675	423	14238	14924
437304403	1	145	8.068E-33	1	10766	11266	245	145	0.470	2.551E-34	0	149	150	10766	11266	501	10655	11458
437324407	1	429	2.596E-118	6	11030	12347	245	102	0.403	1.955E-19	20	122	315	11030	11455	426	10655	11458
437324407	1	429	2.596E-118	6	11030	12347	251	52	0.655	9.170E-05	122	159	315	11516	11629	114	11516	11824
437324407	1	429	2.596E-118	6	11030	12347	252	106	0.771	3.996E-24	161	226	315	11707	11904	198	11677	11907
437324407	1	429	2.596E-118	6	11030	12347	256	63	0.964	1.883E-09	226	255	315	11960	12049	90	11903	12082
437324407	1	429	2.596E-118	6	11030	12347	259	35	0.729	4.879E+00	256	277	315	12109	12174	66	12094	12213
437324407	1	429	2.596E-118	6	11030	12347	261	65	0.838	4.095E-10	278	313	315	12240	12347	108	12183	12347
437487410	1	79	5.953E-13	1	11036	11266	245	79	0.528	4.652E-12	24	100	101	11036	11266	231	10655	11458
437543565	1	213	2.733E-53	3	11707	12344	252	108	0.779	1.544E-24	73	138	228	11707	11904	198	11677	11907
437543565	1	213	2.733E-53	3	11707	12344	256	62	0.947	4.897E-09	138	167	228	11960	12049	90	11903	12082
437543565	1	213	2.733E-53	3	11707	12344	261	64	0.844	1.065E-09	190	224	228	12240	12344	105	12183	12347
448128290	1	87	2.325E-15	1	15140	15358	327	87	0.504	2.075E-17	0	89	91	15140	15358	219	15113	15358
451055598	1	213	2.733E-53	3	11707	12344	252	113	0.836	1.826E-26	77	140	232	11707	11898	192	11677	11907
451055598	1	213	2.733E-53	3	11707	12344	256	60	0.892	2.409E-08	141	171	232	11957	12049	93	11903	12082
451055598	1	213	2.733E-53	3	11707	12344	261	60	0.800	1.875E-08	194	228	232	12240	12344	105	12183	12347
451105199	1	112	6.930E-23	2	11710	12344	252	106	0.803	3.996E-24	31	93	188	11710	11898	189	11677	11907
451105199	1	112	6.930E-23	2	11710	12344	261	61	0.810	9.910E-09	150	184	188	12240	12344	105	12183	12347
451248408	1	262	4.856E-68	4	11707	12344	252	107	0.794	2.911E-24	75	138	238	11707	11898	192	11677	11907
451248408	1	262	4.856E-68	4	11707	12344	256	56	0.856	8.036E-07	140	169	238	11960	12049	90	11903	12082
451248408	1	262	4.856E-68	4	11707	12344	259	34	0.713	9.292E+00	170	191	238	12109	12174	66	12094	12213
451248408	1	262	4.856E-68	4	11707	12344	261	61	0.805	1.363E-08	192	226	238	12240	12344	105	12183	12347
451378275	1	138	1.033E-30	2	11522	11898	251	46	0.451	1.961E-02	3	54	113	11522	11677	156	11516	11824
451378275	1	138	1.033E-30	2	11522	11898	252	105	0.781	1.420E-23	41	104	113	11707	11898	192	11677	11907
451479443	1	168	9.618E-40	3	11516	12347	251	47	0.592	7.614E-03	30	67	220	11516	11629	114	11516	11824
451479443	1	168	9.618E-40	3	11516	12347	252	107	0.718	2.911E-24	61	132	220	11683	11898	216	11677	11907
451479443	1	168	9.618E-40	3	11516	12347	261	70	0.894	8.971E-12	184	219	220	12240	12347	108	12183	12347
451492189	1	205	6.998E-51	3	11522	12049	251	49	0.484	8.363E-04	37	88	233	11522	11677	156	11516	11824
451492189	1	205	6.998E-51	3	11522	12049	252	110	0.815	2.305E-25	75	138	233	11707	11898	192	11677	11907
451492189	1	205	6.998E-51	3	11522	12049	256	58	0.859	1.631E-07	139	169	233	11957	12049	93	11903	12082
451603911	1	195	7.166E-48	3	11707	12174	252	104	0.743	3.677E-23	67	133	219	11707	11907	201	11677	11907
451603911	1	195	7.166E-48	3	11707	12174	256	61	0.872	1.752E-08	132	163	219	11960	12055	96	11903	12082
451603911	1	195	7.166E-48	3	11707	12174	259	32	0.666	6.434E+01	162	183	219	12109	12174	66	12094	12213
451671604	1	81	1.488E-13	1	14253	14483	320	81	0.534	8.038E-13	29	104	105	14253	14483	231	14238	14924
462338864	1	292	4.522E-77	3	14514	15358	320	139	0.606	7.187E-33	43	158	288	14514	14846	333	14238	14924
462338864	1	292	4.522E-77	3	14514	15358	322	80	0.762	2.505E-15	165	214	288	14934	15080	147	14928	15116
462338864	1	292	4.522E-77	3	14514	15358	327	78	0.545	5.787E-14	214	283	288	15143	15358	216	15113	15358
 