234171	-1	172	6.011E-41	3	16403	17726	1304	39	0.674	1.246E-01	7	33	231	-17726	-17646	81	17726	17631
234171	-1	172	6.011E-41	3	16403	17726	1333	114	0.844	1.525E-26	73	136	231	-16760	-16569	192	16805	16527
234171	-1	172	6.011E-41	3	16403	17726	1335	56	0.792	1.664E-07	138	170	231	-16501	-16403	99	16504	16397
501168	-1	250	1.989E-64	3	16172	16760	1333	109	0.810	9.358E-25	75	138	238	-16760	-16569	192	16805	16527
501168	-1	250	1.989E-64	3	16172	16760	1335	53	0.755	1.554E-06	140	172	238	-16501	-16403	99	16504	16397
501168	-1	250	1.989E-64	3	16172	16760	1338	88	0.752	3.943E-18	171	226	238	-16339	-16172	168	16351	16169
613230	-1	254	1.243E-65	3	16169	16763	1333	111	0.812	1.921E-25	75	139	229	-16763	-16569	195	16805	16527
613230	-1	254	1.243E-65	3	16169	16763	1335	52	0.721	4.050E-06	140	173	229	-16504	-16403	102	16504	16397
613230	-1	254	1.243E-65	3	16169	16763	1338	91	0.761	4.270E-19	172	228	229	-16339	-16169	171	16351	16169
704314	-1	255	6.215E-66	3	16172	16760	1333	106	0.787	1.619E-23	72	135	225	-16760	-16569	192	16805	16527
704314	-1	255	6.215E-66	3	16172	16760	1335	57	0.776	1.209E-07	136	169	225	-16504	-16403	102	16504	16397
704314	-1	255	6.215E-66	3	16172	16760	1338	93	0.776	8.730E-20	167	223	225	-16342	-16172	171	16351	16169
774899	-1	319	3.369E-85	1	34993	35775	902	319	0.621	4.567E-94	9	269	488	-35775	-34993	783	35817	34987
807381	-1	647	6.162E-184	2	34288	35775	902	345	0.663	5.972E-103	11	271	489	-35775	-34993	783	35817	34987
807381	-1	647	6.162E-184	2	34288	35775	915	301	0.697	1.418E-88	272	485	489	-34929	-34288	642	34983	34279
815487	-1	328	6.581E-88	1	34993	35772	902	328	0.637	4.501E-97	0	259	336	-35772	-34993	780	35817	34987
820082	-1	209	4.374E-52	3	16172	16949	1325	46	0.552	8.433E-04	95	133	286	-16949	-16827	123	16952	16815
820082	-1	209	4.374E-52	3	16172	16949	1333	106	0.776	1.619E-23	131	195	286	-16763	-16569	195	16805	16527
820082	-1	209	4.374E-52	3	16172	16949	1338	91	0.773	4.270E-19	229	284	286	-16339	-16172	168	16351	16169
840593	1	233	2.607E-59	2	36425	37196	819	184	0.523	1.731E-48	26	209	274	36425	36979	555	36338	36982
840593	1	233	2.607E-59	2	36425	37196	824	48	0.464	6.649E-04	210	262	274	37041	37196	156	37023	37223
853217	-1	337	1.285E-90	1	34993	35775	902	337	0.650	3.235E-100	14	274	504	-35775	-34993	783	35817	34987
898178	-1	187	1.834E-45	3	16569	17714	1304	34	0.686	5.889E+00	7	29	222	-17714	-17646	69	17726	17631
898178	-1	187	1.834E-45	3	16569	17714	1325	44	0.518	5.761E-03	30	71	222	-16952	-16827	126	16952	16815
898178	-1	187	1.834E-45	3	16569	17714	1333	109	0.808	1.284E-24	70	133	222	-16760	-16569	192	16805	16527
908805	-1	618	3.308E-175	2	34288	35775	902	331	0.641	2.651E-98	12	272	488	-35775	-34993	783	35817	34987
908805	-1	618	3.308E-175	2	34288	35775	915	286	0.669	1.631E-83	273	486	488	-34929	-34288	642	34983	34279
930464	-1	166	3.847E-39	2	25880	26610	1105	82	0.637	1.763E-15	174	236	409	-26610	-26422	189	26640	26395
930464	-1	166	3.847E-39	2	25880	26610	1112	91	0.350	3.298E-17	245	398	409	-26311	-25880	432	26329	25871
975542	1	232	5.214E-59	2	36377	37196	819	183	0.488	4.445E-48	22	218	284	36377	36979	603	36338	36982
975542	1	232	5.214E-59	2	36377	37196	824	48	0.460	4.832E-04	219	272	284	37041	37196	156	37023	37223
978094	-1	109	5.544E-22	1	16569	16763	1333	109	0.797	1.284E-24	41	105	114	-16763	-16569	195	16805	16527
979806	-1	331	8.226E-89	1	34993	35775	902	331	0.641	2.651E-98	11	271	442	-35775	-34993	783	35817	34987
982139	-1	333	2.056E-89	1	34987	35775	902	333	0.639	7.528E-99	11	273	488	-35775	-34987	789	35817	34987
1001427	-1	83	3.721E-14	1	10625	10903	1462	83	0.474	1.029E-15	10	102	111	-10903	-10625	279	10912	10619
1005065	-1	607	6.775E-172	2	34279	35805	902	322	0.603	5.048E-95	0	272	488	-35805	-34987	819	35817	34987
1005065	-1	607	6.775E-172	2	34279	35805	915	286	0.659	3.063E-83	271	487	488	-34929	-34279	651	34983	34279
1010923	1	124	1.692E-26	1	36377	36868	819	124	0.421	8.553E-28	19	180	182	36377	36868	492	36338	36982
1113117	-1	80	2.977E-13	1	10667	10912	1462	80	0.499	1.780E-14	7	89	110	-10912	-10667	246	10912	10619
1113202	-1	68	1.219E-09	1	10760	10912	1462	68	0.647	2.387E-10	34	84	85	-10912	-10760	153	10912	10619
1114404	-1	69	6.096E-10	1	10757	10906	1462	69	0.668	9.227E-11	21	70	85	-10906	-10757	150	10912	10619
1114688	-1	70	3.048E-10	1	10754	10909	1462	70	0.653	4.897E-11	21	72	76	-10909	-10754	156	10912	10619
1115135	-1	106	4.435E-21	1	10619	10912	1462	106	0.548	1.488E-23	7	105	111	-10912	-10619	294	10912	10619
1115321	-1	71	1.524E-10	1	10916	11101	1456	71	0.565	1.067E-11	12	74	107	-11101	-10916	186	11170	10916
1115386	-1	96	4.542E-18	1	10619	10912	1462	96	0.507	2.973E-20	24	122	128	-10912	-10619	294	10912	10619
1115602	-1	94	1.817E-17	1	10661	10912	1462	94	0.561	1.988E-19	7	91	95	-10912	-10661	252	10912	10619
1116226	-1	78	1.191E-12	1	10637	10912	1462	78	0.417	1.191E-13	7	108	124	-10912	-10637	276	10912	10619
1116383	-1	91	1.453E-16	1	10619	10912	1462	91	0.485	1.825E-18	7	105	111	-10912	-10619	294	10912	10619
1134647	-1	317	1.348E-84	2	31881	32797	963	252	0.546	1.800E-71	49	287	341	-32797	-32075	723	32797	32069
1134647	-1	317	1.348E-84	2	31881	32797	967	64	0.673	3.722E-10	289	334	341	-32018	-31881	138	32018	31878
1212532	-1	636	1.262E-180	2	34282	35772	902	339	0.656	4.896E-101	0	259	477	-35772	-34993	780	35817	34987
1212532	-1	636	1.262E-180	2	34282	35772	915	296	0.682	8.510E-87	260	475	477	-34929	-34282	648	34983	34279
1213590	-1	113	3.465E-23	1	16569	16760	1333	113	0.834	5.411E-26	42	105	114	-16760	-16569	192	16805	16527
1228404	-1	613	1.059E-173	2	34282	35775	902	339	0.654	4.896E-101	11	271	489	-35775	-34993	783	35817	34987
1228404	-1	613	1.059E-173	2	34282	35775	915	274	0.637	2.831E-79	271	487	489	-34932	-34282	651	34983	34279
1255877	-1	308	6.900E-82	2	31878	32797	963	246	0.537	1.471E-69	58	296	369	-32797	-32075	723	32797	32069
1255877	-1	308	6.900E-82	2	31878	32797	967	61	0.628	6.554E-09	298	344	369	-32018	-31878	141	32018	31878
1273620	1	237	1.629E-60	2	36377	37193	819	194	0.512	4.883E-52	15	211	277	36377	36979	603	36338	36982
1273620	1	237	1.629E-60	2	36377	37193	824	42	0.419	1.103E-01	213	264	277	37044	37193	150	37023	37223
1274835	-1	317	1.348E-84	1	34993	35775	902	317	0.618	2.202E-93	18	278	496	-35775	-34993	783	35817	34987
1279350	-1	321	8.423E-86	1	34993	35775	902	321	0.625	6.914E-95	9	269	488	-35775	-34993	783	35817	34987
1327835	1	176	3.757E-42	1	36377	36976	819	176	0.475	1.271E-45	114	312	380	36377	36976	600	36338	36982
1375086	-1	67	2.438E-09	1	25880	26305	1112	67	0.299	3.458E-09	127	269	278	-26305	-25880	426	26329	25871
1428135	1	175	7.514E-42	1	36377	36976	819	175	0.472	3.260E-45	43	241	288	36377	36976	600	36338	36982
1566431	1	60	3.121E-07	1	34970	35212	783	60	0.403	1.379E-07	1	80	120	34970	35212	243	34958	35230
4268273	-1	256	3.108E-66	1	32075	32767	963	256	0.573	5.653E-73	44	272	326	-32767	-32075	693	32797	32069
5239334	-1	297	1.413E-78	2	31881	32797	963	247	0.538	7.842E-70	43	281	344	-32797	-32075	723	32797	32069
5239334	-1	297	1.413E-78	2	31881	32797	967	49	0.533	6.876E-05	283	328	344	-32018	-31881	138	32018	31878
5432262	-1	309	3.450E-82	2	31881	32797	963	250	0.543	8.674E-71	44	282	336	-32797	-32075	723	32797	32069
5432262	-1	309	3.450E-82	2	31881	32797	967	58	0.614	6.110E-08	284	329	336	-32018	-31881	138	32018	31878
6308831	1	49	6.392E-04	1	35255	35380	786	49	0.566	1.447E-04	2	43	64	35255	35380	126	35234	35380
6438018	1	175	7.514E-42	1	36377	36976	819	175	0.473	2.381E-45	18	217	278	36377	36976	600	36338	36982
6475514	1	147	2.017E-33	2	30841	31215	696	76	0.637	1.454E-13	55	112	182	30841	31014	174	30826	31029
6475514	1	147	2.017E-33	2	30841	31215	699	78	0.664	3.661E-14	105	161	182	31045	31215	171	31039	31275
6501303	1	171	1.202E-40	1	36377	36976	819	171	0.466	4.022E-44	18	217	273	36377	36976	600	36338	36982
6512880	1	182	5.870E-44	1	36377	36979	819	182	0.484	1.141E-47	22	223	283	36377	36979	603	36338	36982
6514860	1	66	4.877E-09	3	30577	31527	686	41	0.776	3.260E-02	3	26	233	30577	30648	72	30556	30648
6514860	1	66	4.877E-09	3	30577	31527	696	74	0.712	3.772E-13	52	101	233	30841	30990	150	30826	31029
6514860	1	66	4.877E-09	3	30577	31527	706	42	0.372	7.974E-01	170	231	233	31342	31527	186	31285	31680
6601647	-1	256	3.108E-66	1	32075	32797	963	256	0.552	1.061E-72	43	281	336	-32797	-32075	723	32797	32069
6656669	1	168	9.618E-40	3	30577	31215	686	40	0.762	6.190E-02	3	26	234	30577	30648	72	30556	30648
6656669	1	168	9.618E-40	3	30577	31215	696	74	0.705	7.124E-13	52	101	234	30841	30990	150	30826	31029
6656669	1	168	9.618E-40	3	30577	31215	699	77	0.658	6.909E-14	102	158	234	31045	31215	171	31039	31275
6690917	-1	255	6.215E-66	1	32075	32797	963	255	0.552	1.453E-72	43	281	336	-32797	-32075	723	32797	32069
6720540	1	180	2.348E-43	1	36377	36979	819	180	0.480	4.010E-47	18	219	279	36377	36979	603	36338	36982
6921176	-1	257	1.554E-66	1	32075	32797	963	257	0.555	4.127E-73	58	296	357	-32797	-32075	723	32797	32069
7167014	-1	82	7.441E-14	1	25889	26311	1112	82	0.345	2.394E-14	122	263	272	-26311	-25889	423	26329	25871
7262578	-1	53	3.995E-05	1	25895	26305	1112	53	0.265	1.806E-04	129	254	261	-26305	-25895	411	26329	25871
7305891	1	159	4.924E-37	1	36392	36979	819	159	0.443	6.766E-40	3	200	264	36392	36979	588	36338	36982
7311907	1	221	1.068E-55	2	36353	37190	819	171	0.450	5.506E-44	6	210	273	36353	36979	627	36338	36982
7311907	1	221	1.068E-55	2	36353	37190	824	53	0.573	1.445E-05	215	259	273	37056	37190	135	37023	37223
7563448	-1	618	3.308E-175	2	34294	35775	902	339	0.654	4.896E-101	11	271	487	-35775	-34993	783	35817	34987
7563448	-1	618	3.308E-175	2	34294	35775	915	278	0.657	1.215E-80	272	483	487	-34929	-34294	636	34983	34279
8065442	-1	223	2.669E-56	3	25880	26725	1101	34	0.661	6.418E+01	55	78	299	-26725	-26654	72	26806	26561
8065442	-1	223	2.669E-56	3	25880	26725	1105	98	0.734	5.444E-21	75	138	299	-26610	-26419	192	26640	26395
8065442	-1	223	2.669E-56	3	25880	26725	1112	102	0.398	3.637E-21	148	292	299	-26305	-25880	426	26329	25871
8074055	1	218	8.542E-55	2	36377	37211	819	171	0.464	7.537E-44	18	217	278	36377	36976	600	36338	36982
8074055	1	218	8.542E-55	2	36377	37211	824	46	0.424	3.282E-03	219	267	278	37041	37211	171	37023	37223
8170841	1	182	5.870E-44	1	36377	36982	819	182	0.484	1.141E-47	32	233	292	36377	36982	606	36338	36982
8277378	-1	637	6.310E-181	2	34282	35775	902	341	0.656	1.390E-101	11	271	489	-35775	-34993	783	35817	34987
8277378	-1	637	6.310E-181	2	34282	35775	915	295	0.681	1.166E-86	272	487	489	-34929	-34282	648	34983	34279
8526138	-1	608	3.387E-172	2	34288	35790	902	322	0.606	3.685E-95	2	273	489	-35790	-34987	804	35817	34987
8526138	-1	608	3.387E-172	2	34288	35790	915	288	0.670	3.379E-84	271	485	489	-34932	-34288	645	34983	34279
9248080	-1	618	3.308E-175	2	34288	35775	902	344	0.662	8.181E-103	11	271	489	-35775	-34993	783	35817	34987
9248080	-1	618	3.308E-175	2	34288	35775	915	274	0.643	2.066E-79	271	485	489	-34932	-34288	645	34983	34279
9620107	-1	633	1.010E-179	2	34279	35775	902	339	0.654	4.896E-101	11	271	489	-35775	-34993	783	35817	34987
9620107	-1	633	1.010E-179	2	34279	35775	915	293	0.673	1.057E-85	272	488	489	-34929	-34279	651	34983	34279
10071303	-1	282	4.631E-74	2	32075	32939	953	42	0.616	4.892E-01	19	50	339	-32939	-32844	96	32939	32625
10071303	-1	282	4.631E-74	2	32075	32939	963	247	0.538	7.842E-70	43	281	339	-32797	-32075	723	32797	32069
10122272	-1	335	5.141E-90	1	34987	35775	902	335	0.643	1.139E-99	11	273	487	-35775	-34987	789	35817	34987
10212028	-1	71	1.524E-10	1	25880	26311	1112	71	0.307	2.086E-10	107	251	259	-26311	-25880	432	26329	25871
10236215	1	230	2.085E-58	2	36377	37193	819	182	0.487	1.141E-47	18	217	278	36377	36976	600	36338	36982
10236215	1	230	2.085E-58	2	36377	37193	824	47	0.471	1.259E-03	219	265	278	37041	37193	153	37023	37223
10380313	1	186	3.669E-45	1	36377	36979	819	186	0.494	3.597E-49	13	209	275	36377	36979	603	36338	36982
10420633	1	171	1.202E-40	1	36341	36976	819	171	0.446	4.022E-44	50	261	322	36341	36976	636	36338	36982
10610776	-1	610	8.469E-173	2	34279	35775	902	338	0.652	9.187E-101	10	270	489	-35775	-34993	783	35817	34987
10610776	-1	610	8.469E-173	2	34279	35775	915	271	0.632	2.565E-78	271	487	489	-34929	-34279	651	34983	34279
10716451	-1	334	1.028E-89	1	34993	35775	902	334	0.645	2.929E-99	10	270	488	-35775	-34993	783	35817	34987
10956665	1	174	1.503E-41	1	36377	36982	819	174	0.467	6.110E-45	18	218	285	36377	36982	606	36338	36982
11198846	-1	67	2.438E-09	1	10916	11119	1456	67	0.501	2.551E-10	42	110	115	-11119	-10916	204	11170	10916
11752344	-1	324	1.053E-86	1	34993	35775	902	324	0.629	1.047E-95	9	269	488	-35775	-34993	783	35817	34987
11944156	1	175	7.514E-42	1	36377	36976	819	175	0.473	2.381E-45	18	216	296	36377	36976	600	36338	36982
12096466	-1	317	1.348E-84	1	34993	35775	902	317	0.618	2.202E-93	9	269	488	-35775	-34993	783	35817	34987
12430922	-1	184	1.468E-44	2	25880	26613	1105	83	0.637	6.805E-16	77	140	310	-26613	-26422	192	26640	26395
12430922	-1	184	1.468E-44	2	25880	26613	1112	108	0.403	3.247E-23	149	299	310	-26311	-25880	432	26329	25871
12935278	-1	258	7.769E-67	3	16172	16760	1333	112	0.829	1.019E-25	75	138	228	-16760	-16569	192	16805	16527
12935278	-1	258	7.769E-67	3	16172	16760	1335	53	0.736	1.554E-06	139	172	228	-16504	-16403	102	16504	16397
12935278	-1	258	7.769E-67	3	16172	16760	1338	93	0.785	1.199E-19	171	226	228	-16339	-16172	168	16351	16169
13082958	-1	263	2.428E-68	1	32075	32797	963	263	0.566	2.688E-75	48	286	341	-32797	-32075	723	32797	32069
15229754	-1	210	2.187E-52	3	16403	16952	1325	48	0.551	1.703E-04	46	86	240	-16952	-16824	129	16952	16815
15229754	-1	210	2.187E-52	3	16403	16952	1333	109	0.813	6.817E-25	84	147	240	-16760	-16569	192	16805	16527
15229754	-1	210	2.187E-52	3	16403	16952	1335	59	0.845	2.454E-08	153	184	240	-16498	-16403	96	16504	16397
15276591	-1	247	1.591E-63	3	16172	16760	1333	106	0.789	1.179E-23	82	145	235	-16760	-16569	192	16805	16527
15276591	-1	247	1.591E-63	3	16172	16760	1335	54	0.741	1.129E-06	146	179	235	-16504	-16403	102	16504	16397
15276591	-1	247	1.591E-63	3	16172	16760	1338	87	0.743	1.022E-17	178	233	235	-16339	-16172	168	16351	16169
15310719	1	245	6.364E-63	2	36377	37193	819	196	0.514	1.901E-52	23	221	287	36377	36979	603	36338	36982
15310719	1	245	6.364E-63	2	36377	37193	824	48	0.467	4.832E-04	222	274	287	37041	37193	153	37023	37223
15323632	-1	284	1.158E-74	1	32075	32794	963	284	0.603	2.097E-82	48	283	339	-32794	-32075	720	32797	32069
15406245	-1	616	1.323E-174	2	34282	35775	902	342	0.658	7.407E-102	11	271	489	-35775	-34993	783	35817	34987
15406245	-1	616	1.323E-174	2	34282	35775	915	274	0.637	2.831E-79	271	487	489	-34932	-34282	651	34983	34279
15406718	-1	263	2.428E-68	1	32075	32797	963	263	0.565	3.681E-75	54	292	348	-32797	-32075	723	32797	32069
15416715	-1	78	1.191E-12	1	26395	26625	1105	78	0.519	4.213E-14	0	76	125	-26625	-26395	231	26640	26395
15461432	-1	328	6.581E-88	1	34993	35775	902	328	0.636	3.286E-97	14	274	493	-35775	-34993	783	35817	34987
15462186	-1	271	9.484E-71	1	32078	32797	963	271	0.582	3.625E-78	48	285	342	-32797	-32078	720	32797	32069
15496664	-1	327	1.316E-87	1	34993	35775	902	327	0.635	6.166E-97	11	271	485	-35775	-34993	783	35817	34987
15524711	-1	139	5.163E-31	2	25895	26613	1105	72	0.573	3.588E-12	89	151	315	-26613	-26425	189	26640	26395
15524711	-1	139	5.163E-31	2	25895	26613	1112	76	0.324	2.624E-12	162	305	315	-26308	-25895	414	26329	25871
15544875	1	196	3.583E-48	1	36377	36979	819	196	0.516	1.014E-52	16	212	278	36377	36979	603	36338	36982
15554050	-1	351	7.845E-95	1	34993	35775	902	351	0.672	5.315E-105	11	271	488	-35775	-34993	783	35817	34987
15565158	-1	329	3.290E-88	1	34993	35775	902	329	0.637	1.751E-97	15	275	493	-35775	-34993	783	35817	34987
15565493	-1	155	7.879E-36	2	25871	26628	1105	69	0.563	6.253E-11	64	124	289	-26628	-26446	183	26640	26395
15565493	-1	155	7.879E-36	2	25871	26628	1112	101	0.391	6.821E-21	141	286	289	-26311	-25871	441	26329	25871
15567012	-1	149	5.042E-34	2	25874	26607	1105	71	0.639	1.278E-11	71	124	289	-26607	-26446	162	26640	26395
15567012	-1	149	5.042E-34	2	25874	26607	1112	93	0.369	5.012E-18	141	286	289	-26311	-25874	438	26329	25871
15576452	-1	303	2.208E-80	2	31881	32785	963	246	0.544	1.471E-69	9	243	298	-32785	-32075	711	32797	32069
15576452	-1	303	2.208E-80	2	31881	32785	967	56	0.585	3.012E-07	245	291	298	-32018	-31881	138	32018	31878
15597839	1	126	4.230E-27	1	36605	36982	819	126	0.522	1.794E-28	47	172	226	36605	36982	378	36338	36982
15627567	-1	269	3.793E-70	2	32075	33065	949	43	1.000	1.284E-02	0	18	355	-33065	-33009	57	33071	32943
15627567	-1	269	3.793E-70	2	32075	33065	963	253	0.555	9.593E-72	47	281	355	-32785	-32075	711	32797	32069
15650406	-1	331	8.226E-89	1	34993	35772	902	331	0.642	3.631E-98	0	259	336	-35772	-34993	780	35817	34987
15654850	-1	102	7.097E-20	1	10619	10909	1462	102	0.534	4.845E-22	20	117	123	-10909	-10619	291	10912	10619
15655452	-1	94	1.817E-17	1	10649	10912	1462	94	0.539	2.729E-19	3	91	137	-10912	-10649	264	10912	10619
15655516	-1	73	3.810E-11	1	10754	10912	1462	73	0.668	3.884E-12	19	71	80	-10912	-10754	159	10912	10619
15655610	-1	67	2.438E-09	1	10751	10912	1462	67	0.610	4.497E-10	3	56	68	-10912	-10751	162	10912	10619
15655742	-1	77	2.381E-12	1	10709	10912	1462	77	0.559	2.245E-13	7	75	79	-10912	-10709	204	10912	10619
15678873	-1	633	1.010E-179	2	34288	35775	902	340	0.655	2.609E-101	11	271	494	-35775	-34993	783	35817	34987
15678873	-1	633	1.010E-179	2	34288	35775	915	292	0.680	1.449E-85	272	485	494	-34929	-34288	642	34983	34279
17110033	-1	60	3.121E-07	1	25880	26305	1112	60	0.278	1.276E-06	130	260	263	-26305	-25880	426	26329	25871
17259146	-1	300	1.766E-79	2	31881	32797	963	246	0.536	2.015E-69	45	283	347	-32797	-32075	723	32797	32069
17259146	-1	300	1.766E-79	2	31881	32797	967	53	0.563	5.332E-06	285	330	347	-32018	-31881	138	32018	31878
17342678	-1	297	1.413E-78	2	31881	32797	963	245	0.534	5.176E-69	44	282	351	-32797	-32075	723	32797	32069
17342678	-1	297	1.413E-78	2	31881	32797	967	51	0.548	1.914E-05	284	329	351	-32018	-31881	138	32018	31878
20779915	1	176	3.757E-42	1	36377	36976	819	176	0.476	9.280E-46	21	219	287	36377	36976	600	36338	36982
20838139	-1	250	1.989E-64	1	32075	32767	963	250	0.561	1.188E-70	53	281	335	-32767	-32075	693	32797	32069
20967876	1	180	2.348E-43	1	36377	36976	819	180	0.483	5.490E-47	18	217	278	36377	36976	600	36338	36982
21010512	1	193	2.866E-47	1	36377	36976	819	193	0.510	1.718E-51	16	215	276	36377	36976	600	36338	36982
21014005	1	224	1.335E-56	2	36341	37193	819	177	0.456	6.778E-46	21	232	293	36341	36976	636	36338	36982
21014005	1	224	1.335E-56	2	36341	37193	824	46	0.465	2.385E-03	234	280	293	37041	37193	153	37023	37223
21080075	1	164	1.539E-38	1	36431	36976	819	164	0.482	2.144E-41	16	197	266	36431	36976	546	36338	36982
21192088	1	181	1.174E-43	1	36377	36976	819	181	0.486	1.562E-47	18	217	278	36377	36976	600	36338	36982
21294215	-1	258	7.769E-67	1	32075	32797	963	258	0.557	1.173E-73	19	257	312	-32797	-32075	723	32797	32069
21297254	1	183	2.935E-44	1	36338	36982	819	183	0.462	4.445E-48	13	228	293	36338	36982	645	36338	36982
21299871	-1	250	1.989E-64	1	32075	32797	963	250	0.543	8.674E-71	46	284	339	-32797	-32075	723	32797	32069
21364280	-1	159	4.924E-37	2	25889	26610	1105	84	0.650	3.607E-16	81	143	302	-26610	-26422	189	26640	26395
21364280	-1	159	4.924E-37	2	25889	26610	1112	82	0.345	2.394E-14	152	293	302	-26311	-25889	423	26329	25871
21397003	-1	258	7.769E-67	1	32075	32797	963	258	0.556	2.200E-73	42	280	335	-32797	-32075	723	32797	32069
21604498	1	231	1.043E-58	2	36377	37196	819	187	0.497	1.401E-49	15	213	278	36377	36979	603	36338	36982
21604498	1	231	1.043E-58	2	36377	37196	824	43	0.429	4.229E-02	214	265	278	37041	37196	156	37023	37223
21949526	-1	247	1.591E-63	1	32075	32797	963	247	0.537	1.074E-69	43	281	336	-32797	-32075	723	32797	32069
22142555	-1	51	1.598E-04	1	25895	26305	1112	51	0.259	8.442E-04	129	254	261	-26305	-25895	411	26329	25871
22194831	-1	260	1.942E-67	1	32075	32797	963	260	0.561	2.432E-74	43	281	336	-32797	-32075	723	32797	32069
22263830	-1	252	4.972E-65	1	32075	32785	963	252	0.553	2.465E-71	47	281	336	-32785	-32075	711	32797	32069
22467202	1	165	7.694E-39	1	36377	36979	819	165	0.446	8.363E-42	18	220	284	36377	36979	603	36338	36982
22981030	1	194	1.433E-47	1	36377	36976	819	194	0.513	6.687E-52	16	215	276	36377	36976	600	36338	36982
23390707	-1	353	1.961E-95	3	31881	32939	953	42	0.621	3.573E-01	22	53	355	-32939	-32844	96	32939	32625
23390707	-1	353	1.961E-95	3	31881	32939	963	260	0.560	3.331E-74	46	284	355	-32797	-32075	723	32797	32069
23390707	-1	353	1.961E-95	3	31881	32939	967	57	0.596	1.157E-07	286	332	355	-32018	-31881	138	32018	31878
23563828	-1	297	1.413E-78	2	32075	32939	953	43	0.637	1.391E-01	21	52	344	-32939	-32844	96	32939	32625
23563828	-1	297	1.413E-78	2	32075	32939	963	257	0.563	3.013E-73	49	283	344	-32785	-32075	711	32797	32069
23674451	-1	318	6.739E-85	1	34993	35775	902	318	0.620	8.568E-94	9	269	331	-35775	-34993	783	35817	34987
24061460	-1	265	6.070E-69	1	32075	32797	963	265	0.568	7.633E-76	45	283	351	-32797	-32075	723	32797	32069
24067889	-1	290	1.809E-76	2	32075	32939	953	42	0.626	2.609E-01	71	102	388	-32939	-32844	96	32939	32625
24067889	-1	290	1.809E-76	2	32075	32939	963	255	0.551	1.990E-72	95	333	388	-32797	-32075	723	32797	32069
24081691	-1	253	2.486E-65	1	32075	32797	963	253	0.548	7.003E-72	63	301	356	-32797	-32075	723	32797	32069
24316633	-1	634	5.048E-180	2	34282	35775	902	342	0.659	3.947E-102	11	271	489	-35775	-34993	783	35817	34987
24316633	-1	634	5.048E-180	2	34282	35775	915	291	0.673	3.727E-85	272	487	489	-34929	-34282	648	34983	34279
24776587	-1	188	9.172E-46	2	25880	26610	1105	85	0.658	1.393E-16	94	156	319	-26610	-26422	189	26640	26395
24776587	-1	188	9.172E-46	2	25880	26610	1112	110	0.418	4.914E-24	165	311	319	-26311	-25880	432	26329	25871
24819509	-1	168	9.618E-40	2	25880	26610	1105	82	0.637	1.763E-15	175	237	410	-26610	-26422	189	26640	26395
24819509	-1	168	9.618E-40	2	25880	26610	1112	93	0.355	6.862E-18	246	399	410	-26311	-25880	432	26329	25871
25203139	-1	174	1.503E-41	2	25871	26616	1105	86	0.655	7.383E-17	76	139	302	-26616	-26425	192	26640	26395
25203139	-1	174	1.503E-41	2	25871	26616	1112	96	0.368	4.060E-19	149	300	302	-26311	-25871	441	26329	25871
25233135	-1	256	3.108E-66	1	32075	32782	963	256	0.563	5.653E-73	133	366	431	-32782	-32075	708	32797	32069
25416748	-1	283	2.315E-74	2	32075	32939	953	41	0.605	9.170E-01	6	37	326	-32939	-32844	96	32939	32625
25416748	-1	283	2.315E-74	2	32075	32939	963	249	0.541	2.229E-70	30	268	326	-32797	-32075	723	32797	32069
26717651	-1	248	7.956E-64	3	25874	26764	1101	46	0.584	6.346E-03	19	56	287	-26764	-26654	111	26806	26561
26717651	-1	248	7.956E-64	3	25874	26764	1105	92	0.631	4.613E-19	53	124	287	-26610	-26395	216	26640	26395
26717651	-1	248	7.956E-64	3	25874	26764	1112	113	0.407	5.426E-25	124	279	287	-26311	-25874	438	26329	25871
27092892	-1	619	1.654E-175	2	34288	35769	902	345	0.668	4.359E-103	13	271	490	-35769	-34993	777	35817	34987
27092892	-1	619	1.654E-175	2	34288	35769	915	273	0.643	5.313E-79	272	485	490	-34929	-34288	642	34983	34279
27846518	-1	351	7.845E-95	1	34987	35775	902	351	0.668	5.315E-105	11	273	485	-35775	-34987	789	35817	34987
27900924	-1	250	1.989E-64	1	32075	32797	963	250	0.542	1.188E-70	43	281	336	-32797	-32075	723	32797	32069
27912096	-1	326	2.632E-87	1	34993	35799	902	326	0.611	2.171E-96	6	277	495	-35799	-34993	807	35817	34987
27978059	-1	53	3.995E-05	1	25880	26305	1112	53	0.259	1.806E-04	129	259	263	-26305	-25880	426	26329	25871
28067737	-1	334	1.028E-89	1	34993	35775	902	334	0.645	2.929E-99	11	271	485	-35775	-34993	783	35817	34987
28232234	-1	248	7.956E-64	1	32075	32797	963	248	0.540	3.052E-70	43	281	336	-32797	-32075	723	32797	32069
28560641	-1	246	3.182E-63	1	32075	32785	963	246	0.543	2.015E-69	47	281	327	-32785	-32075	711	32797	32069
28901769	-1	283	2.315E-74	3	16172	16760	1333	114	0.842	2.093E-26	68	131	221	-16760	-16569	192	16805	16527
28901769	-1	283	2.315E-74	3	16172	16760	1335	62	0.841	1.916E-09	132	165	221	-16504	-16403	102	16504	16397
28901769	-1	283	2.315E-74	3	16172	16760	1338	108	0.885	6.952E-25	163	219	221	-16342	-16172	171	16351	16169
29400140	-1	299	3.533E-79	4	16172	16952	1325	47	0.539	4.446E-04	46	87	241	-16952	-16824	129	16952	16815
29400140	-1	299	3.533E-79	4	16172	16952	1333	110	0.784	4.967E-25	85	151	241	-16760	-16560	201	16805	16527
29400140	-1	299	3.533E-79	4	16172	16952	1335	56	0.813	1.664E-07	154	185	241	-16498	-16403	96	16504	16397
29400140	-1	299	3.533E-79	4	16172	16952	1338	90	0.752	1.107E-18	183	239	241	-16342	-16172	171	16351	16169
29513841	-1	165	7.694E-39	2	16172	16760	1333	106	0.789	1.179E-23	73	136	227	-16760	-16569	192	16805	16527
29513841	-1	165	7.694E-39	2	16172	16760	1338	90	0.755	8.058E-19	169	225	227	-16342	-16172	171	16351	16169
29551615	-1	248	7.956E-64	3	16172	16763	1333	108	0.792	2.420E-24	78	142	251	-16763	-16569	195	16805	16527
29551615	-1	248	7.956E-64	3	16172	16763	1335	53	0.745	2.943E-06	144	176	251	-16501	-16403	99	16504	16397
29551615	-1	248	7.956E-64	3	16172	16763	1338	87	0.740	1.405E-17	175	230	251	-16339	-16172	168	16351	16169
29623291	1	64	1.951E-08	1	35018	35227	783	64	0.478	3.065E-09	2	71	131	35018	35227	210	34958	35230
29702306	-1	248	7.956E-64	3	16172	16760	1333	104	0.779	4.187E-23	74	137	227	-16760	-16569	192	16805	16527
29702306	-1	248	7.956E-64	3	16172	16760	1335	56	0.766	2.289E-07	138	171	227	-16504	-16403	102	16504	16397
29702306	-1	248	7.956E-64	3	16172	16760	1338	88	0.752	3.943E-18	170	225	227	-16339	-16172	168	16351	16169
29776453	-1	251	9.944E-65	3	16172	16763	1333	105	0.771	3.050E-23	80	144	243	-16763	-16569	195	16805	16527
29776453	-1	251	9.944E-65	3	16172	16763	1335	58	0.791	4.644E-08	145	178	243	-16504	-16403	102	16504	16397
29776453	-1	251	9.944E-65	3	16172	16763	1338	88	0.752	3.943E-18	177	232	243	-16339	-16172	168	16351	16169
29779517	-1	212	5.467E-53	3	16403	16952	1325	48	0.551	1.703E-04	46	86	240	-16952	-16824	129	16952	16815
29779517	-1	212	5.467E-53	3	16403	16952	1333	111	0.823	1.921E-25	84	147	240	-16760	-16569	192	16805	16527
29779517	-1	212	5.467E-53	3	16403	16952	1335	59	0.845	2.454E-08	153	184	240	-16498	-16403	96	16504	16397
29822532	-1	203	2.799E-50	3	16412	16952	1325	49	0.570	8.981E-05	47	86	241	-16952	-16827	126	16952	16815
29822532	-1	203	2.799E-50	3	16412	16952	1333	104	0.773	7.888E-23	85	148	241	-16760	-16569	192	16805	16527
29822532	-1	203	2.799E-50	3	16412	16952	1335	55	0.865	5.963E-07	154	182	241	-16498	-16412	87	16504	16397
29865108	-1	317	1.348E-84	1	34993	35775	902	317	0.618	2.202E-93	18	278	499	-35775	-34993	783	35817	34987
29868534	-1	261	9.711E-68	3	16172	16763	1333	109	0.797	1.284E-24	48	112	203	-16763	-16569	195	16805	16527
29868534	-1	261	9.711E-68	3	16172	16763	1335	59	0.828	1.784E-08	114	146	203	-16501	-16403	99	16504	16397
29868534	-1	261	9.711E-68	3	16172	16763	1338	93	0.785	1.199E-19	145	200	203	-16339	-16172	168	16351	16169
29869147	-1	257	1.554E-66	3	16169	16763	1333	106	0.779	1.179E-23	68	132	224	-16763	-16569	195	16805	16527
29869147	-1	257	1.554E-66	3	16169	16763	1335	58	0.817	3.376E-08	134	166	224	-16501	-16403	99	16504	16397
29869147	-1	257	1.554E-66	3	16169	16763	1338	94	0.776	2.452E-20	164	221	224	-16342	-16169	174	16351	16169
29979977	-1	353	1.961E-95	1	34993	35775	902	353	0.676	8.040E-106	11	271	488	-35775	-34993	783	35817	34987
29986024	1	216	3.417E-54	1	36377	36979	819	216	0.557	2.048E-59	22	221	274	36377	36979	603	36338	36982
29996972	1	199	4.479E-49	1	36377	36979	819	199	0.521	1.536E-53	13	209	275	36377	36979	603	36338	36982
30014475	-1	330	1.645E-88	2	31881	32797	963	274	0.586	2.923E-79	48	286	342	-32797	-32075	723	32797	32069
30014475	-1	330	1.645E-88	2	31881	32797	967	55	0.574	7.849E-07	288	334	342	-32018	-31881	138	32018	31878
30023061	-1	159	4.924E-37	2	25889	26610	1105	84	0.650	3.607E-16	76	138	297	-26610	-26422	189	26640	26395
30023061	-1	159	4.924E-37	2	25889	26610	1112	82	0.345	2.394E-14	147	288	297	-26311	-25889	423	26329	25871
30070049	-1	163	3.078E-38	2	25910	26610	1105	83	0.642	9.346E-16	146	208	355	-26610	-26422	189	26640	26395
30070049	-1	163	3.078E-38	2	25910	26610	1112	87	0.368	5.559E-16	217	353	355	-26311	-25910	402	26329	25871
30106959	-1	328	6.581E-88	1	34993	35772	902	328	0.638	3.286E-97	13	272	492	-35772	-34993	780	35817	34987
30108426	-1	136	4.131E-30	2	25895	26613	1105	70	0.554	3.313E-11	90	152	316	-26613	-26425	189	26640	26395
30108426	-1	136	4.131E-30	2	25895	26613	1112	75	0.320	9.170E-12	163	306	316	-26308	-25895	414	26329	25871
30161247	1	233	2.607E-59	2	36428	37193	819	184	0.524	1.264E-48	37	221	287	36428	36979	552	36338	36982
30161247	1	233	2.607E-59	2	36428	37193	824	48	0.464	6.649E-04	222	274	287	37041	37193	153	37023	37223
30196211	-1	93	3.633E-17	1	10661	10912	1462	93	0.557	3.745E-19	19	103	106	-10912	-10661	252	10912	10619
30196875	-1	99	5.677E-19	1	10640	10912	1462	99	0.550	3.239E-21	20	111	112	-10912	-10640	273	10912	10619
30197306	-1	105	8.871E-21	1	10622	10912	1462	105	0.549	2.803E-23	20	117	123	-10912	-10622	291	10912	10619
30197905	-1	76	4.762E-12	1	10640	10912	1462	76	0.434	3.081E-13	67	161	165	-10912	-10640	273	10912	10619
30198145	-1	85	9.302E-15	1	10685	10912	1462	85	0.556	3.978E-16	7	83	104	-10912	-10685	228	10912	10619
30198236	-1	102	7.097E-20	1	10619	10912	1462	102	0.531	3.530E-22	7	105	111	-10912	-10619	294	10912	10619
30198880	-1	71	1.524E-10	1	10754	10912	1462	71	0.649	2.599E-11	3	55	101	-10912	-10754	159	10912	10619
30199090	-1	91	1.453E-16	1	10649	10912	1462	91	0.528	1.825E-18	25	113	147	-10912	-10649	264	10912	10619
30232266	-1	340	1.607E-91	1	34993	35775	902	340	0.656	1.904E-101	13	273	492	-35775	-34993	783	35817	34987
30239716	-1	167	1.924E-39	2	25880	26610	1105	72	0.530	4.929E-12	70	135	288	-26610	-26404	207	26640	26395
30239716	-1	167	1.924E-39	2	25880	26610	1112	99	0.392	3.285E-20	141	282	288	-26311	-25880	432	26329	25871
30241387	1	201	1.120E-49	1	36377	36979	819	201	0.526	2.327E-54	18	214	280	36377	36979	603	36338	36982
30285837	-1	182	5.870E-44	2	10619	11101	1456	85	0.661	1.167E-16	46	108	215	-11101	-10916	186	11170	10916
30285837	-1	182	5.870E-44	2	10619	11101	1462	99	0.528	3.239E-21	112	208	215	-10906	-10619	288	10912	10619
30297193	-1	318	6.739E-85	1	34993	35775	902	318	0.620	8.568E-94	11	271	426	-35775	-34993	783	35817	34987
30341362	-1	117	2.166E-24	2	25874	26613	1105	72	0.552	3.588E-12	82	147	282	-26613	-26416	198	26640	26395
30341362	-1	117	2.166E-24	2	25874	26613	1112	61	0.323	3.684E-07	165	278	282	-26218	-25874	345	26329	25871
30497838	-1	72	7.620E-11	1	25880	26305	1112	72	0.312	1.117E-10	127	269	277	-26305	-25880	426	26329	25871
32067019	-1	65	9.753E-09	1	25889	26308	1112	65	0.296	2.242E-08	132	265	275	-26308	-25889	420	26329	25871
34025673	-1	279	3.705E-73	2	32075	33065	949	41	0.960	6.385E-02	3	21	339	-33065	-33009	57	33071	32943
34025673	-1	279	3.705E-73	2	32075	33065	963	261	0.563	9.462E-75	46	284	339	-32797	-32075	723	32797	32069
34858303	-1	295	5.653E-78	2	31881	32782	963	248	0.549	3.052E-70	48	281	335	-32782	-32075	708	32797	32069
34858303	-1	295	5.653E-78	2	31881	32782	967	46	0.504	8.888E-04	283	328	335	-32018	-31881	138	32018	31878
35393210	1	56	4.994E-06	1	35240	35380	786	56	0.585	3.345E-07	2	48	69	35240	35380	141	35234	35380
35448799	1	222	5.339E-56	2	36377	37193	819	184	0.488	2.371E-48	18	219	279	36377	36979	603	36338	36982
35448799	1	222	5.339E-56	2	36377	37193	824	37	0.394	3.724E+00	221	266	279	37044	37193	150	37023	37223
35452547	1	194	1.433E-47	1	36377	36976	819	194	0.513	6.687E-52	16	215	276	36377	36976	600	36338	36982
35468089	-1	244	1.273E-62	1	32075	32797	963	244	0.533	7.089E-69	17	255	318	-32797	-32075	723	32797	32069
35501549	1	168	9.618E-40	1	36377	36979	819	168	0.453	6.788E-43	21	223	279	36377	36979	603	36338	36982
35580819	1	163	3.078E-38	1	36377	36979	819	163	0.443	2.935E-41	10	212	277	36377	36979	603	36338	36982
35614914	1	184	1.468E-44	1	36377	36976	819	184	0.491	2.371E-48	18	217	278	36377	36976	600	36338	36982
35774847	1	185	7.338E-45	1	36377	36976	819	185	0.495	6.744E-49	18	217	278	36377	36976	600	36338	36982
35781667	1	194	1.433E-47	2	36527	37202	819	155	0.535	1.558E-38	2	152	211	36527	36979	453	36338	36982
35781667	1	194	1.433E-47	2	36527	37202	824	43	0.435	4.229E-02	158	208	211	37056	37202	147	37023	37223
35840845	-1	67	2.438E-09	1	25889	26311	1112	67	0.300	4.723E-09	133	270	272	-26311	-25889	423	26329	25871
38017401	-1	255	6.215E-66	3	16169	16763	1333	106	0.781	8.591E-24	79	143	252	-16763	-16569	195	16805	16527
38017401	-1	255	6.215E-66	3	16169	16763	1335	58	0.796	3.376E-08	144	177	252	-16504	-16403	102	16504	16397
38017401	-1	255	6.215E-66	3	16169	16763	1338	91	0.761	4.270E-19	176	232	252	-16339	-16169	171	16351	16169
38643476	1	183	2.935E-44	1	36377	36979	819	183	0.486	4.445E-48	18	219	285	36377	36979	603	36338	36982
39077756	-1	701	3.420E-200	4	31878	33065	949	48	1.000	1.451E-04	0	18	332	-33065	-33009	57	33071	32943
39077756	-1	701	3.420E-200	4	31878	33065	953	76	1.000	5.713E-13	19	51	332	-32939	-32841	99	32939	32625
39077756	-1	701	3.420E-200	4	31878	33065	963	487	0.957	6.884E-153	45	284	332	-32794	-32072	723	32797	32069
39077756	-1	701	3.420E-200	4	31878	33065	967	93	0.920	4.239E-20	285	331	332	-32018	-31878	141	32018	31878
39087924	-1	139	5.163E-31	2	25907	26613	1105	71	0.565	9.301E-12	89	151	315	-26613	-26425	189	26640	26395
39087924	-1	139	5.163E-31	2	25907	26613	1112	77	0.332	1.919E-12	162	301	315	-26308	-25907	402	26329	25871
39163922	-1	348	6.276E-94	1	34993	35778	902	348	0.666	4.814E-104	10	271	486	-35778	-34993	786	35817	34987
39164908	1	196	3.583E-48	1	36341	36976	819	196	0.493	1.901E-52	4	215	276	36341	36976	636	36338	36982
39928432	-1	316	2.695E-84	1	34993	35775	902	316	0.617	4.131E-93	15	275	492	-35775	-34993	783	35817	34987
39961796	-1	322	4.212E-86	3	32075	33065	949	40	0.942	1.213E-01	0	18	289	-33065	-33009	57	33071	32943
39961796	-1	322	4.212E-86	3	32075	33065	953	40	0.589	2.352E+00	19	50	289	-32939	-32844	96	32939	32625
39961796	-1	322	4.212E-86	3	32075	33065	963	248	0.539	4.181E-70	43	281	289	-32797	-32075	723	32797	32069
40061000	-1	246	3.182E-63	1	32075	32767	963	246	0.555	1.471E-69	53	281	336	-32767	-32075	693	32797	32069
40084749	-1	332	4.113E-89	1	34993	35775	902	332	0.642	1.935E-98	8	268	484	-35775	-34993	783	35817	34987
40198690	-1	51	1.598E-04	1	25880	26305	1112	51	0.252	8.442E-04	129	259	261	-26305	-25880	426	26329	25871
40258808	1	198	8.957E-49	2	36377	37190	819	165	0.446	8.363E-42	18	220	284	36377	36979	603	36338	36982
40258808	1	198	8.957E-49	2	36377	37190	824	38	0.370	1.963E+00	215	270	284	37029	37190	162	37023	37223
40326765	1	212	5.467E-53	2	36377	37193	819	173	0.466	1.568E-44	37	235	298	36377	36979	603	36338	36982
40326765	1	212	5.467E-53	2	36377	37193	824	44	0.415	1.621E-02	230	285	298	37029	37193	165	37023	37223
40643530	-1	276	2.964E-72	1	34291	34932	915	276	0.648	8.034E-80	201	414	416	-34932	-34291	642	34983	34279
40670898	-1	638	3.155E-181	2	34279	35775	902	334	0.650	2.929E-99	11	269	493	-35775	-34999	777	35817	34987
40670898	-1	638	3.155E-181	2	34279	35775	915	303	0.691	2.935E-89	271	488	493	-34932	-34279	654	34983	34279
40688919	-1	258	7.769E-67	3	16172	16760	1333	112	0.829	1.019E-25	75	138	228	-16760	-16569	192	16805	16527
40688919	-1	258	7.769E-67	3	16172	16760	1335	53	0.736	1.554E-06	139	172	228	-16504	-16403	102	16504	16397
40688919	-1	258	7.769E-67	3	16172	16760	1338	93	0.785	1.199E-19	171	226	228	-16339	-16172	168	16351	16169
40801876	-1	602	2.168E-170	2	34279	35793	902	314	0.599	1.991E-92	5	273	489	-35793	-34987	807	35817	34987
40801876	-1	602	2.168E-170	2	34279	35793	915	292	0.665	1.449E-85	269	488	489	-34938	-34279	660	34983	34279
41043454	-1	298	7.066E-79	2	31881	32797	963	244	0.533	7.089E-69	48	286	341	-32797	-32075	723	32797	32069
41043454	-1	298	7.066E-79	2	31881	32797	967	53	0.570	2.815E-06	288	333	341	-32018	-31881	138	32018	31878
41092536	-1	245	6.364E-63	1	32075	32797	963	245	0.535	3.779E-69	44	282	338	-32797	-32075	723	32797	32069
41318787	-1	50	3.196E-04	1	25895	26305	1112	50	0.254	2.892E-03	129	254	261	-26305	-25895	411	26329	25871
41403290	-1	265	6.070E-69	2	32069	33065	949	40	0.942	1.213E-01	0	18	297	-33065	-33009	57	33071	32943
41403290	-1	265	6.070E-69	2	32069	33065	963	248	0.536	3.052E-70	43	283	297	-32797	-32069	729	32797	32069
41615945	-1	287	1.447E-75	2	32075	32939	953	39	0.578	4.405E+00	19	50	319	-32939	-32844	96	32939	32625
41615945	-1	287	1.447E-75	2	32075	32939	963	255	0.551	1.990E-72	43	281	319	-32797	-32075	723	32797	32069
41644404	-1	246	3.182E-63	1	32075	32767	963	246	0.554	2.015E-69	53	281	303	-32767	-32075	693	32797	32069
42116193	-1	249	3.978E-64	1	32075	32785	963	249	0.549	1.627E-70	47	281	336	-32785	-32075	711	32797	32069
42125501	-1	189	4.586E-46	2	25880	26610	1105	91	0.661	1.641E-18	84	150	308	-26610	-26410	201	26640	26395
42125501	-1	189	4.586E-46	2	25880	26610	1112	101	0.391	6.821E-21	155	301	308	-26311	-25880	432	26329	25871
42492037	1	171	1.202E-40	1	36341	36976	819	171	0.446	4.022E-44	6	217	278	36341	36976	636	36338	36982
42859427	-1	273	2.371E-71	2	32075	33065	949	41	0.960	6.385E-02	3	21	339	-33065	-33009	57	33071	32943
42859427	-1	273	2.371E-71	2	32075	33065	963	255	0.551	1.990E-72	46	284	339	-32797	-32075	723	32797	32069
43060469	-1	342	4.017E-92	1	34993	35775	902	342	0.659	3.947E-102	9	269	487	-35775	-34993	783	35817	34987
43145344	-1	271	9.484E-71	2	32075	33065	949	41	0.960	6.385E-02	3	21	339	-33065	-33009	57	33071	32943
43145344	-1	271	9.484E-71	2	32075	33065	963	253	0.548	7.003E-72	46	284	339	-32797	-32075	723	32797	32069
43435647	-1	265	6.070E-69	2	32069	33065	949	40	0.942	1.213E-01	0	18	310	-33065	-33009	57	33071	32943
43435647	-1	265	6.070E-69	2	32069	33065	963	248	0.535	5.726E-70	43	283	310	-32797	-32069	729	32797	32069
43489487	-1	323	2.106E-86	1	34993	35775	902	323	0.627	2.690E-95	9	269	488	-35775	-34993	783	35817	34987
43560361	-1	655	2.407E-186	2	34288	35775	902	346	0.664	3.182E-103	11	271	489	-35775	-34993	783	35817	34987
43560361	-1	655	2.407E-186	2	34288	35775	915	308	0.711	6.699E-91	272	485	489	-34929	-34288	642	34983	34279
43839754	-1	104	1.774E-20	1	16569	16760	1333	104	0.779	4.187E-23	45	108	123	-16760	-16569	192	16805	16527
44364242	-1	255	6.215E-66	3	16172	16763	1333	111	0.812	1.921E-25	78	142	233	-16763	-16569	195	16805	16527
44364242	-1	255	6.215E-66	3	16172	16763	1335	55	0.761	3.150E-07	143	176	233	-16504	-16403	102	16504	16397
44364242	-1	255	6.215E-66	3	16172	16763	1338	89	0.758	2.089E-18	175	230	233	-16339	-16172	168	16351	16169
44401845	-1	317	1.348E-84	1	34993	35775	902	317	0.619	1.607E-93	14	274	493	-35775	-34993	783	35817	34987
44447300	-1	211	1.093E-52	3	16172	16949	1325	46	0.552	8.433E-04	95	133	286	-16949	-16827	123	16952	16815
44447300	-1	211	1.093E-52	3	16172	16949	1333	106	0.776	1.619E-23	131	195	286	-16763	-16569	195	16805	16527
44447300	-1	211	1.093E-52	3	16172	16949	1338	93	0.785	1.199E-19	229	284	286	-16339	-16172	168	16351	16169
44491030	1	232	5.214E-59	2	36425	37220	819	192	0.538	4.411E-51	37	221	299	36425	36982	558	36338	36982
44491030	1	232	5.214E-59	2	36425	37220	824	49	0.382	3.512E-04	212	281	299	37023	37220	198	37023	37223
44508860	-1	145	8.068E-33	2	25880	26610	1105	83	0.642	9.346E-16	159	221	375	-26610	-26422	189	26640	26395
44508860	-1	145	8.068E-33	2	25880	26610	1112	79	0.363	4.013E-13	240	365	375	-26257	-25880	378	26329	25871
44521980	-1	329	3.290E-88	1	34993	35775	902	329	0.638	1.278E-97	12	272	491	-35775	-34993	783	35817	34987
44597214	-1	85	9.302E-15	1	10661	10912	1462	85	0.519	3.978E-16	37	120	121	-10912	-10661	252	10912	10619
44617833	-1	277	1.482E-72	1	34288	34956	915	277	0.629	2.280E-80	8	230	234	-34956	-34288	669	34983	34279
44635399	-1	649	1.540E-184	2	34288	35796	902	347	0.653	6.595E-104	7	273	491	-35796	-34993	804	35817	34987
44635399	-1	649	1.540E-184	2	34288	35796	915	301	0.697	1.418E-88	274	487	491	-34929	-34288	642	34983	34279
44644737	-1	621	4.135E-176	2	34288	35775	902	347	0.666	9.034E-104	11	271	489	-35775	-34993	783	35817	34987
44644737	-1	621	4.135E-176	2	34288	35775	915	274	0.642	2.831E-79	271	485	489	-34932	-34288	645	34983	34279
44645328	1	235	6.517E-60	2	36425	37190	819	194	0.545	9.158E-52	33	216	281	36425	36979	555	36338	36982
44645328	1	235	6.517E-60	2	36425	37190	824	40	0.415	2.880E-01	217	267	281	37041	37190	150	37023	37223
44645561	-1	201	1.120E-49	3	25880	26788	1101	34	0.393	6.418E+01	117	162	387	-26788	-26654	135	26806	26561
44645561	-1	201	1.120E-49	3	25880	26788	1105	83	0.639	4.954E-16	158	221	387	-26613	-26422	192	26640	26395
44645561	-1	201	1.120E-49	3	25880	26788	1112	95	0.372	1.042E-18	230	377	387	-26311	-25880	432	26329	25871
44666219	1	190	2.293E-46	1	36374	36979	819	190	0.500	2.124E-50	32	229	281	36374	36979	606	36338	36982
44729325	-1	282	4.631E-74	1	34279	34929	915	282	0.653	3.804E-82	203	419	420	-34929	-34279	651	34983	34279
44738456	-1	108	1.109E-21	1	10619	10912	1462	108	0.555	4.193E-24	20	118	124	-10912	-10619	294	10912	10619
44739002	-1	107	2.218E-21	1	10619	10912	1462	107	0.551	7.899E-24	7	105	111	-10912	-10619	294	10912	10619
44739296	-1	98	1.135E-18	1	10619	10912	1462	98	0.516	6.102E-21	31	129	135	-10912	-10619	294	10912	10619
44740501	-1	102	7.097E-20	1	10622	10912	1462	102	0.535	3.530E-22	3	100	107	-10912	-10622	291	10912	10619
44740577	-1	99	5.677E-19	1	10619	10912	1462	99	0.519	3.239E-21	31	129	135	-10912	-10619	294	10912	10619
44740997	-1	81	1.488E-13	1	10685	10909	1462	81	0.540	9.449E-15	8	83	85	-10909	-10685	225	10912	10619
44741323	-1	100	2.839E-19	1	10619	10912	1462	100	0.521	2.360E-21	86	184	190	-10912	-10619	294	10912	10619
44752062	-1	115	8.663E-24	1	10619	10912	1462	115	0.585	1.405E-26	16	114	120	-10912	-10619	294	10912	10619
44774175	-1	600	8.672E-170	2	34288	35814	902	323	0.604	1.434E-95	1	274	492	-35814	-34993	822	35817	34987
44774175	-1	600	8.672E-170	2	34288	35814	915	276	0.648	8.034E-80	275	488	492	-34929	-34288	642	34983	34279
44779528	-1	259	3.885E-67	1	32075	32782	963	259	0.569	4.562E-74	85	318	396	-32782	-32075	708	32797	32069
44808108	1	139	5.163E-31	1	36596	36982	819	139	0.553	8.091E-33	23	149	214	36596	36982	387	36338	36982
44814429	1	234	1.303E-59	2	36377	37190	819	188	0.498	1.023E-49	14	210	276	36377	36979	603	36338	36982
44814429	1	234	1.303E-59	2	36377	37190	824	45	0.445	8.557E-03	211	262	276	37041	37190	150	37023	37223
44839303	-1	604	5.420E-171	2	34315	35772	902	327	0.631	1.157E-96	22	283	508	-35772	-34987	786	35817	34987
44839303	-1	604	5.420E-171	2	34315	35772	915	278	0.677	8.866E-81	282	486	508	-34929	-34315	615	34983	34279
44847314	-1	329	3.290E-88	1	34993	35775	902	329	0.638	1.278E-97	8	268	484	-35775	-34993	783	35817	34987
44849855	-1	281	9.261E-74	1	34291	34932	915	281	0.659	9.783E-82	121	334	339	-34932	-34291	642	34983	34279
44861446	-1	329	3.290E-88	1	34993	35772	902	329	0.639	2.399E-97	13	272	492	-35772	-34993	780	35817	34987
44869257	-1	318	6.739E-85	1	34993	35775	902	318	0.619	1.174E-93	12	272	493	-35775	-34993	783	35817	34987
45958908	-1	248	7.956E-64	1	32075	32782	963	248	0.548	4.181E-70	58	291	350	-32782	-32075	708	32797	32069
46251819	-1	51	1.598E-04	1	25895	26305	1112	51	0.257	1.149E-03	129	254	261	-26305	-25895	411	26329	25871
46736206	-1	319	3.369E-85	3	31881	33065	949	40	0.951	8.801E-02	0	18	335	-33065	-33009	57	33071	32943
46736206	-1	319	3.369E-85	3	31881	33065	963	250	0.543	6.333E-71	43	281	335	-32797	-32075	723	32797	32069
46736206	-1	319	3.369E-85	3	31881	33065	967	51	0.548	1.914E-05	283	328	335	-32018	-31881	138	32018	31878
46826563	-1	290	1.809E-76	2	31878	32767	963	238	0.539	1.487E-66	56	284	338	-32767	-32075	693	32797	32069
46826563	-1	290	1.809E-76	2	31878	32767	967	51	0.535	2.635E-05	286	332	338	-32018	-31878	141	32018	31878
47327385	-1	251	9.944E-65	1	32072	32794	963	251	0.544	4.624E-71	47	285	332	-32794	-32072	723	32797	32069
47497649	-1	248	7.956E-64	1	32075	32767	963	248	0.559	3.052E-70	57	285	341	-32767	-32075	693	32797	32069
49399527	-1	245	6.364E-63	1	32075	32797	963	245	0.535	3.779E-69	43	281	335	-32797	-32075	723	32797	32069
49400778	-1	324	1.053E-86	3	31881	33065	949	42	0.978	3.361E-02	0	18	335	-33065	-33009	57	33071	32943
49400778	-1	324	1.053E-86	3	31881	33065	963	251	0.544	4.624E-71	43	281	335	-32797	-32075	723	32797	32069
49400778	-1	324	1.053E-86	3	31881	33065	967	53	0.570	2.815E-06	283	328	335	-32018	-31881	138	32018	31878
49543327	-1	255	6.215E-66	1	32075	32767	963	255	0.570	1.990E-72	61	289	344	-32767	-32075	693	32797	32069
49882427	1	50	3.196E-04	1	35243	35371	786	50	0.571	4.027E-05	22	64	68	35243	35371	129	35234	35380
49921829	-1	51	1.598E-04	1	31881	32018	967	51	0.548	1.914E-05	35	80	87	-32018	-31881	138	32018	31878
49996464	1	194	1.433E-47	1	36377	36976	819	194	0.512	9.158E-52	29	228	289	36377	36976	600	36338	36982
50000028	1	172	6.011E-41	4	30577	31602	686	41	0.783	2.366E-02	6	29	287	30577	30648	72	30556	30648
50000028	1	172	6.011E-41	4	30577	31602	696	76	0.597	1.058E-13	55	116	287	30841	31029	189	30826	31029
50000028	1	172	6.011E-41	4	30577	31602	699	81	0.632	2.888E-15	105	167	287	31045	31233	189	31039	31275
50000028	1	172	6.011E-41	4	30577	31602	706	40	0.371	3.724E+00	201	259	287	31426	31602	177	31285	31680
50115020	1	184	1.468E-44	1	36377	36976	819	184	0.492	1.731E-48	22	221	273	36377	36976	600	36338	36982
50167871	1	163	3.078E-38	3	30577	31260	686	41	0.783	2.366E-02	6	29	177	30577	30648	72	30556	30648
50167871	1	163	3.078E-38	3	30577	31260	696	79	0.616	1.144E-14	55	116	177	30841	31029	189	30826	31029
50167871	1	163	3.078E-38	3	30577	31260	699	78	0.550	2.665E-14	105	174	177	31045	31260	216	31039	31275
50171759	1	168	9.618E-40	4	30577	31602	686	41	0.783	2.366E-02	6	29	287	30577	30648	72	30556	30648
50171759	1	168	9.618E-40	4	30577	31602	696	79	0.616	1.144E-14	55	116	287	30841	31029	189	30826	31029
50171759	1	168	9.618E-40	4	30577	31602	699	78	0.664	3.661E-14	105	161	287	31045	31215	171	31039	31275
50171759	1	168	9.618E-40	4	30577	31602	706	42	0.382	1.086E+00	201	259	287	31426	31602	177	31285	31680
50241138	-1	69	6.096E-10	1	25889	26311	1112	69	0.308	7.271E-10	135	272	274	-26311	-25889	423	26329	25871
50267028	-1	247	1.591E-63	1	32075	32797	963	247	0.538	7.842E-70	23	261	316	-32797	-32075	723	32797	32069
50273101	-1	255	6.215E-66	1	32075	32785	963	255	0.559	1.453E-72	63	297	352	-32785	-32075	711	32797	32069
50306944	1	207	1.749E-51	2	36383	37193	819	169	0.421	1.933E-43	1	226	292	36383	36979	597	36338	36982
50306944	1	207	1.749E-51	2	36383	37193	824	37	0.378	3.724E+00	227	279	292	37041	37193	153	37023	37223
50309342	-1	70	3.048E-10	1	25889	26311	1112	70	0.309	5.322E-10	104	241	251	-26311	-25889	423	26329	25871
50351690	-1	254	1.243E-65	1	32075	32797	963	254	0.550	2.725E-72	45	283	338	-32797	-32075	723	32797	32069
50355431	1	177	1.878E-42	1	36377	36979	819	177	0.474	4.951E-46	32	233	299	36377	36979	603	36338	36982
50411617	-1	250	1.989E-64	1	32075	32797	963	250	0.543	6.333E-71	43	281	336	-32797	-32075	723	32797	32069
50587502	-1	318	6.739E-85	1	34993	35775	902	318	0.619	1.174E-93	9	269	488	-35775	-34993	783	35817	34987
51353661	-1	307	1.380E-81	4	16172	16949	1325	38	0.499	5.142E-01	165	201	356	-16949	-16836	114	16952	16815
51353661	-1	307	1.380E-81	4	16172	16949	1333	118	0.880	8.820E-28	204	266	356	-16757	-16569	189	16805	16527
51353661	-1	307	1.380E-81	4	16172	16949	1335	57	0.786	6.389E-08	267	300	356	-16504	-16403	102	16504	16397
51353661	-1	307	1.380E-81	4	16172	16949	1338	95	0.791	1.785E-20	298	354	356	-16342	-16172	171	16351	16169
51453099	-1	612	2.117E-173	2	34288	35775	902	338	0.651	1.724E-100	19	279	496	-35775	-34993	783	35817	34987
51453099	-1	612	2.117E-173	2	34288	35775	915	273	0.643	5.313E-79	280	492	496	-34929	-34288	642	34983	34279
51494725	-1	614	5.293E-174	2	34279	35775	902	321	0.621	6.914E-95	10	272	488	-35775	-34987	789	35817	34987
51494725	-1	614	5.293E-174	2	34279	35775	915	294	0.676	4.110E-86	271	487	488	-34929	-34279	651	34983	34279
51731608	1	171	1.202E-40	1	36377	36979	819	171	0.461	5.506E-44	32	233	299	36377	36979	603	36338	36982
51973513	-1	337	1.285E-90	1	34993	35775	902	337	0.650	3.235E-100	11	271	478	-35775	-34993	783	35817	34987
52483271	-1	322	4.212E-86	3	32075	33065	949	40	0.942	1.213E-01	0	18	336	-33065	-33009	57	33071	32943
52483271	-1	322	4.212E-86	3	32075	33065	953	40	0.589	2.352E+00	19	50	336	-32939	-32844	96	32939	32625
52483271	-1	322	4.212E-86	3	32075	33065	963	248	0.539	4.181E-70	43	281	336	-32797	-32075	723	32797	32069
52506613	-1	55	9.988E-06	1	25880	26305	1112	55	0.263	7.151E-05	129	259	262	-26305	-25880	426	26329	25871
52576084	-1	634	5.048E-180	2	34279	35775	902	343	0.660	2.103E-102	11	271	490	-35775	-34993	783	35817	34987
52576084	-1	634	5.048E-180	2	34279	35775	915	290	0.669	6.996E-85	272	488	490	-34929	-34279	651	34983	34279
52700255	1	175	7.514E-42	1	36359	36976	819	175	0.463	2.381E-45	14	217	380	36359	36976	618	36338	36982
52980729	1	160	2.462E-37	1	36377	36979	819	160	0.436	4.944E-40	18	220	295	36377	36979	603	36338	36982
53638818	1	204	1.400E-50	1	36377	36982	819	204	0.530	2.574E-55	23	220	279	36377	36982	606	36338	36982
53854747	-1	252	4.972E-65	1	32075	32797	963	252	0.546	2.465E-71	58	296	360	-32797	-32075	723	32797	32069
54724744	1	184	1.468E-44	1	36344	36976	819	184	0.473	1.264E-48	40	250	311	36344	36976	633	36338	36982
54893702	1	150	2.521E-34	1	36509	36979	819	150	0.505	9.180E-37	23	179	239	36509	36979	471	36338	36982
55011189	-1	242	5.092E-62	1	32075	32797	963	242	0.528	6.406E-68	44	282	338	-32797	-32075	723	32797	32069
55013313	-1	628	3.230E-178	2	34279	35775	902	331	0.640	4.974E-98	11	271	489	-35775	-34993	783	35817	34987
55013313	-1	628	3.230E-178	2	34279	35775	915	296	0.679	8.510E-87	272	488	489	-34929	-34279	651	34983	34279
55021568	1	179	4.696E-43	1	36377	36979	819	179	0.480	7.517E-47	18	214	280	36377	36979	603	36338	36982
55280498	1	195	7.166E-48	3	30841	31605	696	74	0.708	5.184E-13	52	101	289	30841	30990	150	30826	31029
55280498	1	195	7.166E-48	3	30841	31605	699	77	0.658	6.909E-14	102	158	289	31045	31215	171	31039	31275
55280498	1	195	7.166E-48	3	30841	31605	706	53	0.348	1.334E-04	170	257	289	31342	31605	264	31285	31680
55429906	1	149	5.042E-34	1	36377	36979	819	149	0.414	2.351E-36	116	318	382	36377	36979	603	36338	36982
55525718	1	226	3.337E-57	2	36377	37193	819	179	0.481	1.029E-46	58	257	318	36377	36976	600	36338	36982
55525718	1	226	3.337E-57	2	36377	37193	824	46	0.465	2.385E-03	259	305	318	37041	37193	153	37023	37223
56189794	1	175	7.514E-42	4	30577	31602	686	42	0.790	1.717E-02	6	29	287	30577	30648	72	30556	30648
56189794	1	175	7.514E-42	4	30577	31602	696	79	0.621	6.058E-15	55	116	287	30841	31029	189	30826	31029
56189794	1	175	7.514E-42	4	30577	31602	699	79	0.621	1.028E-14	105	167	287	31045	31233	189	31039	31275
56189794	1	175	7.514E-42	4	30577	31602	706	41	0.379	1.478E+00	201	259	287	31426	31602	177	31285	31680
56764099	-1	246	3.182E-63	1	32075	32767	963	246	0.554	2.759E-69	53	281	336	-32767	-32075	693	32797	32069
56897101	-1	51	1.598E-04	1	25880	26305	1112	51	0.252	1.149E-03	129	259	261	-26305	-25880	426	26329	25871
56938727	-1	318	6.739E-85	1	34993	35775	902	318	0.619	1.174E-93	9	269	489	-35775	-34993	783	35817	34987
57017729	-1	638	3.155E-181	2	34288	35775	902	336	0.649	6.071E-100	11	271	489	-35775	-34993	783	35817	34987
57017729	-1	638	3.155E-181	2	34288	35775	915	301	0.698	1.035E-88	272	485	489	-34929	-34288	642	34983	34279
57033153	-1	619	1.654E-175	2	34279	35775	902	332	0.638	1.413E-98	10	272	488	-35775	-34987	789	35817	34987
57033153	-1	619	1.654E-175	2	34279	35775	915	288	0.665	3.379E-84	271	487	488	-34929	-34279	651	34983	34279
57139526	-1	177	1.878E-42	3	16169	17717	1304	38	0.726	3.264E-01	10	33	303	-17717	-17646	72	17726	17631
57139526	-1	177	1.878E-42	3	16169	17717	1333	104	0.712	4.187E-23	72	142	303	-16760	-16548	213	16805	16527
57139526	-1	177	1.878E-42	3	16169	17717	1338	93	0.776	8.730E-20	165	221	303	-16339	-16169	171	16351	16169
57560883	-1	286	2.894E-75	2	32075	32939	953	41	0.610	6.698E-01	19	50	336	-32939	-32844	96	32939	32625
57560883	-1	286	2.894E-75	2	32075	32939	963	252	0.546	2.465E-71	43	281	336	-32797	-32075	723	32797	32069
57879310	-1	318	6.739E-85	1	34993	35775	902	318	0.619	1.174E-93	9	269	488	-35775	-34993	783	35817	34987
58383190	-1	171	1.202E-40	2	16172	16760	1333	109	0.810	9.358E-25	73	136	227	-16760	-16569	192	16805	16527
58383190	-1	171	1.202E-40	2	16172	16760	1338	93	0.776	8.730E-20	169	225	227	-16342	-16172	171	16351	16169
58475746	-1	112	6.930E-23	1	16569	16763	1333	112	0.817	1.019E-25	39	103	112	-16763	-16569	195	16805	16527
58505298	-1	112	6.930E-23	1	16569	16763	1333	112	0.817	1.019E-25	40	104	113	-16763	-16569	195	16805	16527
58576389	-1	258	7.769E-67	3	16172	16763	1333	110	0.804	4.967E-25	72	136	226	-16763	-16569	195	16805	16527
58576389	-1	258	7.769E-67	3	16172	16763	1335	54	0.741	1.129E-06	137	170	226	-16504	-16403	102	16504	16397
58576389	-1	258	7.769E-67	3	16172	16763	1338	94	0.794	4.627E-20	169	224	226	-16339	-16172	168	16351	16169
58586510	-1	112	6.930E-23	1	16569	16760	1333	112	0.829	1.019E-25	41	104	113	-16760	-16569	192	16805	16527
58621586	-1	252	4.972E-65	3	16169	16751	1333	106	0.823	1.179E-23	1	61	229	-16751	-16569	183	16805	16527
58621586	-1	252	4.972E-65	3	16169	16751	1335	51	0.729	7.671E-06	63	95	229	-16501	-16403	99	16504	16397
58621586	-1	252	4.972E-65	3	16169	16751	1338	96	0.791	5.015E-21	93	150	229	-16342	-16169	174	16351	16169
59007866	1	183	2.935E-44	1	36377	36976	819	183	0.490	4.445E-48	15	211	277	36377	36976	600	36338	36982
59016926	-1	635	2.524E-180	2	34279	35775	902	339	0.650	4.896E-101	56	318	534	-35775	-34987	789	35817	34987
59016926	-1	635	2.524E-180	2	34279	35775	915	297	0.681	4.533E-87	317	533	534	-34929	-34279	651	34983	34279
59086078	-1	637	6.310E-181	2	34279	35775	902	340	0.655	2.609E-101	11	271	489	-35775	-34993	783	35817	34987
59086078	-1	637	6.310E-181	2	34279	35775	915	296	0.679	8.510E-87	272	488	489	-34929	-34279	651	34983	34279
59137595	-1	629	1.615E-178	2	34282	35775	902	333	0.644	7.528E-99	9	269	487	-35775	-34993	783	35817	34987
59137595	-1	629	1.615E-178	2	34282	35775	915	299	0.677	9.385E-88	266	485	487	-34941	-34282	660	34983	34279
59144215	-1	109	5.544E-22	1	16569	16763	1333	109	0.797	1.284E-24	41	105	114	-16763	-16569	195	16805	16527
59156378	-1	625	2.584E-177	2	34288	35775	902	336	0.648	8.317E-100	11	271	489	-35775	-34993	783	35817	34987
59156378	-1	625	2.584E-177	2	34288	35775	915	289	0.671	2.466E-84	271	485	489	-34932	-34288	645	34983	34279
59157694	-1	166	3.847E-39	2	25880	26610	1105	79	0.618	1.626E-14	69	131	292	-26610	-26422	189	26640	26395
59157694	-1	166	3.847E-39	2	25880	26610	1112	94	0.370	2.674E-18	140	286	292	-26311	-25880	432	26329	25871
59178208	-1	169	4.809E-40	2	25880	26610	1105	82	0.637	1.763E-15	174	236	409	-26610	-26422	189	26640	26395
59178208	-1	169	4.809E-40	2	25880	26610	1112	94	0.358	2.674E-18	245	398	409	-26311	-25880	432	26329	25871
59179379	-1	168	9.618E-40	2	25880	26628	1105	70	0.528	3.313E-11	62	128	293	-26628	-26431	198	26640	26395
59179379	-1	168	9.618E-40	2	25880	26628	1112	108	0.410	2.370E-23	140	287	293	-26311	-25880	432	26329	25871
59183106	-1	342	4.017E-92	1	34993	35775	902	342	0.658	5.407E-102	11	271	489	-35775	-34993	783	35817	34987
59190294	-1	180	2.348E-43	2	25880	26607	1105	83	0.591	6.805E-16	69	135	295	-26607	-26398	210	26640	26395
59190294	-1	180	2.348E-43	2	25880	26607	1112	101	0.398	9.342E-21	141	283	295	-26305	-25880	426	26329	25871
59210254	-1	325	5.265E-87	1	34993	35772	902	325	0.632	5.579E-96	0	259	478	-35772	-34993	780	35817	34987
59245117	-1	49	6.392E-04	1	12191	12415	1433	49	0.364	7.090E-03	21	95	103	-12415	-12191	225	12529	12074
59264752	1	194	1.433E-47	1	36425	36979	819	194	0.545	9.158E-52	27	211	276	36425	36979	555	36338	36982
59279588	-1	87	2.325E-15	1	10625	10900	1462	87	0.492	8.164E-17	11	102	119	-10900	-10625	276	10912	10619
59279676	-1	100	2.839E-19	1	10619	10912	1462	100	0.523	1.719E-21	28	126	132	-10912	-10619	294	10912	10619
59280022	-1	83	3.721E-14	1	10673	10912	1462	83	0.526	1.412E-15	3	83	91	-10912	-10673	240	10912	10619
59280282	-1	110	2.772E-22	1	10619	10912	1462	110	0.565	6.274E-25	31	129	135	-10912	-10619	294	10912	10619
59280303	-1	70	3.048E-10	1	10757	10912	1462	70	0.649	6.722E-11	7	57	72	-10912	-10757	156	10912	10619
59280991	-1	95	9.084E-18	1	10619	10888	1462	95	0.535	1.055E-19	48	138	144	-10888	-10619	270	10912	10619
59281344	-1	91	1.453E-16	1	10667	10912	1462	91	0.556	2.505E-18	31	113	114	-10912	-10667	246	10912	10619
59281938	-1	71	1.524E-10	1	10754	10912	1462	71	0.649	2.599E-11	7	59	73	-10912	-10754	159	10912	10619
59282694	-1	74	1.905E-11	1	10754	10912	1462	74	0.671	2.830E-12	20	72	102	-10912	-10754	159	10912	10619
59282832	-1	67	2.438E-09	1	10754	10912	1462	67	0.620	4.497E-10	28	80	84	-10912	-10754	159	10912	10619
59324228	-1	201	1.120E-49	2	25880	26610	1105	91	0.666	8.700E-19	74	140	297	-26610	-26410	201	26640	26395
59324228	-1	201	1.120E-49	2	25880	26610	1112	113	0.426	5.426E-25	145	291	297	-26311	-25880	432	26329	25871
59330884	-1	72	7.620E-11	1	10754	10912	1462	72	0.655	1.379E-11	7	59	81	-10912	-10754	159	10912	10619
59399605	1	223	2.669E-56	2	36377	37196	819	171	0.463	5.506E-44	14	210	274	36377	36979	603	36338	36982
59399605	1	223	2.669E-56	2	36377	37196	824	51	0.508	3.763E-05	212	262	274	37044	37196	153	37023	37223
59426906	-1	332	4.113E-89	1	34993	35775	902	332	0.643	1.031E-98	8	268	484	-35775	-34993	783	35817	34987
61164969	-1	244	1.273E-62	1	32075	32797	963	244	0.532	1.330E-68	44	282	336	-32797	-32075	723	32797	32069
61881394	1	79	5.953E-13	2	35081	35380	783	36	0.418	3.431E+01	1	44	121	35081	35212	132	34958	35230
61881394	1	79	5.953E-13	2	35081	35380	786	53	0.580	3.125E-06	56	100	121	35246	35380	135	35234	35380
62519263	1	53	3.995E-05	1	34997	35200	783	53	0.418	3.031E-05	17	83	93	34997	35200	204	34958	35230
63665213	-1	250	1.989E-64	1	32075	32797	963	250	0.542	1.188E-70	44	282	338	-32797	-32075	723	32797	32069
63871344	-1	259	3.885E-67	1	32072	32797	963	259	0.557	6.249E-74	44	283	333	-32797	-32072	726	32797	32069
64260367	-1	56	4.994E-06	1	25880	26305	1112	56	0.266	2.828E-05	130	260	263	-26305	-25880	426	26329	25871
64404922	-1	281	9.261E-74	2	32075	32939	953	41	0.610	6.698E-01	19	50	339	-32939	-32844	96	32939	32625
64404922	-1	281	9.261E-74	2	32075	32939	963	247	0.537	1.074E-69	43	281	339	-32797	-32075	723	32797	32069
64684922	-1	264	1.214E-68	2	32075	33068	949	42	0.933	3.361E-02	6	25	343	-33068	-33009	60	33071	32943
64684922	-1	264	1.214E-68	2	32075	33068	963	245	0.535	3.779E-69	50	288	343	-32797	-32075	723	32797	32069
64688715	1	182	5.870E-44	1	36344	36976	819	182	0.468	8.333E-48	7	217	278	36344	36976	633	36338	36982
64693087	-1	258	7.769E-67	1	32069	32785	963	258	0.560	1.606E-73	47	283	288	-32785	-32069	717	32797	32069
64771123	-1	256	3.108E-66	1	32075	32797	963	256	0.552	1.061E-72	28	266	321	-32797	-32075	723	32797	32069
64811432	-1	249	3.978E-64	2	32075	33068	949	42	0.933	3.361E-02	25	44	379	-33068	-33009	60	33071	32943
64811432	-1	249	3.978E-64	2	32075	33068	963	247	0.538	7.842E-70	86	324	379	-32797	-32075	723	32797	32069
64835043	1	170	2.404E-40	3	30577	31215	686	40	0.769	4.492E-02	3	26	248	30577	30648	72	30556	30648
64835043	1	170	2.404E-40	3	30577	31215	696	76	0.729	7.698E-14	52	101	248	30841	30990	150	30826	31029
64835043	1	170	2.404E-40	3	30577	31215	699	77	0.658	6.909E-14	102	158	248	31045	31215	171	31039	31275
64850098	1	177	1.878E-42	1	36377	36979	819	177	0.474	4.951E-46	17	218	302	36377	36979	603	36338	36982
64856242	-1	248	7.956E-64	1	32075	32797	963	248	0.539	4.181E-70	43	281	303	-32797	-32075	723	32797	32069
64889501	1	183	2.935E-44	1	36377	36979	819	183	0.485	6.086E-48	26	227	287	36377	36979	603	36338	36982
64890352	1	183	2.935E-44	1	36377	36979	819	183	0.485	6.086E-48	25	226	286	36377	36979	603	36338	36982
64927238	1	177	1.878E-42	1	36377	36976	819	177	0.476	6.778E-46	18	217	278	36377	36976	600	36338	36982
65144016	-1	308	6.900E-82	2	31884	32758	963	252	0.570	2.465E-71	55	280	328	-32758	-32075	684	32797	32069
65144016	-1	308	6.900E-82	2	31884	32758	967	55	0.599	5.704E-07	282	326	328	-32018	-31884	135	32018	31878
65147442	1	220	2.136E-55	2	36377	37211	819	172	0.467	2.146E-44	18	217	278	36377	36976	600	36338	36982
65147442	1	220	2.136E-55	2	36377	37211	824	47	0.433	1.259E-03	219	267	278	37041	37211	171	37023	37223
65271731	-1	258	7.769E-67	3	16172	16760	1333	112	0.829	1.019E-25	75	138	228	-16760	-16569	192	16805	16527
65271731	-1	258	7.769E-67	3	16172	16760	1335	53	0.736	1.554E-06	139	172	228	-16504	-16403	102	16504	16397
65271731	-1	258	7.769E-67	3	16172	16760	1338	93	0.785	1.199E-19	171	226	228	-16339	-16172	168	16351	16169
65527910	-1	281	9.261E-74	2	32075	32939	953	41	0.610	6.698E-01	19	50	336	-32939	-32844	96	32939	32625
65527910	-1	281	9.261E-74	2	32075	32939	963	247	0.538	7.842E-70	43	281	336	-32797	-32075	723	32797	32069
66084822	-1	53	3.995E-05	1	25880	26305	1112	53	0.257	3.348E-04	129	259	263	-26305	-25880	426	26329	25871
66170537	1	61	1.561E-07	2	30841	31605	696	76	0.725	1.058E-13	25	74	258	30841	30990	150	30826	31029
66170537	1	61	1.561E-07	2	30841	31605	706	52	0.344	2.490E-04	143	230	258	31342	31605	264	31285	31680
66560500	-1	53	3.995E-05	1	25880	26305	1112	53	0.258	2.460E-04	129	259	262	-26305	-25880	426	26329	25871
66588924	-1	53	3.995E-05	1	25880	26305	1112	53	0.259	1.806E-04	129	259	262	-26305	-25880	426	26329	25871
67183030	-1	261	9.711E-68	2	32075	33065	949	40	0.942	1.213E-01	0	18	336	-33065	-33009	57	33071	32943
67183030	-1	261	9.711E-68	2	32075	33065	963	244	0.532	1.330E-68	43	281	336	-32797	-32075	723	32797	32069
67243373	-1	608	3.387E-172	2	34291	35808	902	334	0.623	2.138E-99	18	290	508	-35808	-34993	816	35817	34987
67243373	-1	608	3.387E-172	2	34291	35808	915	274	0.645	2.831E-79	290	503	508	-34932	-34291	642	34983	34279
67370412	1	173	3.006E-41	1	36377	36976	819	173	0.469	1.145E-44	20	219	280	36377	36976	600	36338	36982
67567820	-1	58	1.248E-06	1	25880	26314	1112	58	0.270	4.411E-06	129	269	281	-26314	-25880	435	26329	25871
67726630	-1	256	3.108E-66	1	32075	32752	963	256	0.582	7.743E-73	61	284	337	-32752	-32075	678	32797	32069
67758769	-1	54	1.998E-05	1	25880	26305	1112	54	0.260	1.327E-04	129	259	262	-26305	-25880	426	26329	25871
68020807	-1	339	3.213E-91	1	34993	35775	902	339	0.654	4.896E-101	11	271	489	-35775	-34993	783	35817	34987
68136223	-1	284	1.158E-74	2	32075	32939	953	41	0.610	6.698E-01	19	50	339	-32939	-32844	96	32939	32625
68136223	-1	284	1.158E-74	2	32075	32939	963	250	0.543	8.674E-71	43	281	339	-32797	-32075	723	32797	32069
68245581	1	187	1.834E-45	1	36377	36976	819	187	0.499	1.401E-49	18	216	285	36377	36976	600	36338	36982
68313418	-1	254	1.243E-65	3	16169	16763	1333	111	0.812	1.921E-25	75	139	229	-16763	-16569	195	16805	16527
68313418	-1	254	1.243E-65	3	16169	16763	1335	52	0.721	4.050E-06	140	173	229	-16504	-16403	102	16504	16397
68313418	-1	254	1.243E-65	3	16169	16763	1338	91	0.761	4.270E-19	172	228	229	-16339	-16169	171	16351	16169
68571002	-1	312	4.313E-83	2	31881	32767	963	250	0.561	1.188E-70	53	281	367	-32767	-32075	693	32797	32069
68571002	-1	312	4.313E-83	2	31881	32767	967	63	0.655	1.831E-09	284	329	367	-32015	-31881	135	32018	31878
68700318	-1	322	4.212E-86	1	34993	35775	902	322	0.626	5.048E-95	9	269	488	-35775	-34993	783	35817	34987
68780108	-1	51	1.598E-04	1	25895	26305	1112	51	0.259	8.442E-04	129	254	261	-26305	-25895	411	26329	25871
69048383	-1	324	1.053E-86	1	34993	35775	902	324	0.629	1.047E-95	15	275	494	-35775	-34993	783	35817	34987
69302578	-1	633	1.010E-179	2	34279	35790	902	338	0.642	1.259E-100	6	271	489	-35790	-34993	798	35817	34987
69302578	-1	633	1.010E-179	2	34279	35790	915	297	0.675	2.414E-87	269	488	489	-34938	-34279	660	34983	34279
69344229	-1	142	6.454E-32	2	25889	26610	1105	68	0.553	8.590E-11	78	139	305	-26610	-26425	186	26640	26395
69344229	-1	142	6.454E-32	2	25889	26610	1112	83	0.338	1.750E-14	150	296	305	-26308	-25889	420	26329	25871
69395431	-1	639	1.577E-181	2	34288	35775	902	341	0.656	1.390E-101	11	271	489	-35775	-34993	783	35817	34987
69395431	-1	639	1.577E-181	2	34288	35775	915	297	0.689	4.533E-87	272	485	489	-34929	-34288	642	34983	34279
69432474	1	180	2.348E-43	1	36377	36979	819	180	0.479	5.490E-47	18	219	285	36377	36979	603	36338	36982
69670631	-1	389	2.854E-106	4	31881	33065	949	40	0.932	1.672E-01	2	20	349	-33065	-33009	57	33071	32943
69670631	-1	389	2.854E-106	4	31881	33065	953	44	0.648	7.413E-02	21	52	349	-32939	-32844	96	32939	32625
69670631	-1	389	2.854E-106	4	31881	33065	963	245	0.552	5.176E-69	55	283	349	-32767	-32075	693	32797	32069
69670631	-1	389	2.854E-106	4	31881	33065	967	58	0.603	6.110E-08	285	331	349	-32018	-31881	138	32018	31878
70078524	-1	249	3.978E-64	1	32075	32797	963	249	0.541	2.229E-70	28	266	321	-32797	-32075	723	32797	32069
70090611	-1	644	4.929E-183	2	34282	35775	902	353	0.676	8.040E-106	80	340	558	-35775	-34993	783	35817	34987
70090611	-1	644	4.929E-183	2	34282	35775	915	290	0.670	9.586E-85	341	556	558	-34929	-34282	648	34983	34279
70091670	-1	75	9.525E-12	1	25880	26317	1112	75	0.303	9.170E-12	129	285	292	-26317	-25880	438	26329	25871
70583835	1	185	7.338E-45	1	36377	36979	819	185	0.491	6.744E-49	21	222	288	36377	36979	603	36338	36982
70644343	-1	51	1.598E-04	1	25895	26305	1112	51	0.259	8.442E-04	129	254	261	-26305	-25895	411	26329	25871
70854020	-1	329	3.290E-88	1	34993	35799	902	329	0.621	2.399E-97	6	274	493	-35799	-34993	807	35817	34987
70912472	1	169	4.809E-40	1	36377	36979	819	169	0.456	1.933E-43	17	219	283	36377	36979	603	36338	36982
71536057	-1	612	2.117E-173	2	34279	35775	902	327	0.630	8.446E-97	10	272	488	-35775	-34987	789	35817	34987
71536057	-1	612	2.117E-173	2	34279	35775	915	286	0.660	2.235E-83	271	487	488	-34929	-34279	651	34983	34279
71879765	-1	327	1.316E-87	1	34993	35775	902	327	0.634	8.446E-97	9	269	488	-35775	-34993	783	35817	34987
72119079	-1	51	1.598E-04	1	25895	26305	1112	51	0.259	8.442E-04	129	254	261	-26305	-25895	411	26329	25871
72355269	-1	253	2.486E-65	1	32075	32797	963	253	0.548	7.003E-72	44	282	338	-32797	-32075	723	32797	32069
72448183	-1	239	4.073E-61	1	32075	32797	963	239	0.523	5.789E-67	44	282	338	-32797	-32075	723	32797	32069
72539219	-1	305	5.520E-81	2	31881	32752	963	249	0.570	1.627E-70	57	280	328	-32752	-32075	678	32797	32069
72539219	-1	305	5.520E-81	2	31881	32752	967	55	0.581	1.080E-06	282	327	328	-32018	-31881	138	32018	31878
72591782	1	181	1.174E-43	1	36377	36979	819	181	0.481	2.929E-47	18	219	279	36377	36979	603	36338	36982
72610394	1	223	2.669E-56	2	36377	37193	819	176	0.476	9.280E-46	18	217	278	36377	36976	600	36338	36982
72610394	1	223	2.669E-56	2	36377	37193	824	46	0.465	2.385E-03	219	265	278	37041	37193	153	37023	37223
72921382	-1	175	7.514E-42	2	16172	16760	1333	107	0.797	4.560E-24	73	136	226	-16760	-16569	192	16805	16527
72921382	-1	175	7.514E-42	2	16172	16760	1338	98	0.817	1.026E-21	168	224	226	-16342	-16172	171	16351	16169
72952662	-1	254	1.243E-65	3	16169	16763	1333	111	0.812	1.921E-25	75	139	229	-16763	-16569	195	16805	16527
72952662	-1	254	1.243E-65	3	16169	16763	1335	52	0.721	4.050E-06	140	173	229	-16504	-16403	102	16504	16397
72952662	-1	254	1.243E-65	3	16169	16763	1338	91	0.761	4.270E-19	172	228	229	-16339	-16169	171	16351	16169
73167987	-1	254	1.243E-65	3	16169	16760	1333	110	0.818	3.618E-25	75	138	234	-16760	-16569	192	16805	16527
73167987	-1	254	1.243E-65	3	16169	16760	1335	57	0.781	8.790E-08	139	172	234	-16504	-16403	102	16504	16397
73167987	-1	254	1.243E-65	3	16169	16760	1338	87	0.732	1.022E-17	171	227	234	-16339	-16169	171	16351	16169
73229281	-1	114	1.733E-23	1	16569	16763	1333	114	0.833	1.525E-26	40	104	113	-16763	-16569	195	16805	16527
73339029	-1	255	6.215E-66	3	16172	16763	1333	110	0.804	4.967E-25	74	138	228	-16763	-16569	195	16805	16527
73339029	-1	255	6.215E-66	3	16172	16763	1335	57	0.786	6.389E-08	139	172	228	-16504	-16403	102	16504	16397
73339029	-1	255	6.215E-66	3	16172	16763	1338	88	0.749	5.417E-18	171	226	228	-16339	-16172	168	16351	16169
73479621	-1	249	3.978E-64	3	16169	16763	1333	106	0.781	8.591E-24	68	132	231	-16763	-16569	195	16805	16527
73479621	-1	249	3.978E-64	3	16169	16763	1335	57	0.802	8.790E-08	134	166	231	-16501	-16403	99	16504	16397
73479621	-1	249	3.978E-64	3	16169	16763	1338	87	0.718	1.405E-17	164	221	231	-16342	-16169	174	16351	16169
73521779	-1	346	2.510E-93	1	34987	35775	902	346	0.660	2.323E-103	11	273	487	-35775	-34987	789	35817	34987
73525636	-1	654	4.814E-186	2	34279	35775	902	336	0.648	8.317E-100	11	271	489	-35775	-34993	783	35817	34987
73525636	-1	654	4.814E-186	2	34279	35775	915	317	0.722	2.544E-94	272	488	489	-34929	-34279	651	34983	34279
73575474	-1	246	3.182E-63	1	32075	32797	963	246	0.537	1.471E-69	48	286	336	-32797	-32075	723	32797	32069
73592487	1	213	2.733E-53	2	36377	37196	819	178	0.472	2.641E-46	13	216	278	36377	36979	603	36338	36982
73592487	1	213	2.733E-53	2	36377	37196	824	39	0.427	1.035E+00	222	264	278	37056	37196	141	37023	37223
73611501	-1	342	4.017E-92	1	34993	35769	902	342	0.663	3.947E-102	13	271	295	-35769	-34993	777	35817	34987
73615637	1	240	2.037E-61	2	36377	37193	819	194	0.510	9.158E-52	14	210	276	36377	36979	603	36338	36982
73615637	1	240	2.037E-61	2	36377	37193	824	45	0.438	8.557E-03	211	263	276	37041	37193	153	37023	37223
73636918	-1	337	1.285E-90	1	34993	35775	902	337	0.651	2.362E-100	10	270	314	-35775	-34993	783	35817	34987
73638937	-1	620	8.270E-176	2	34288	35775	902	346	0.665	2.323E-103	11	271	489	-35775	-34993	783	35817	34987
73638937	-1	620	8.270E-176	2	34288	35775	915	274	0.643	2.066E-79	271	485	489	-34932	-34288	645	34983	34279
73659989	-1	169	4.809E-40	2	25880	26613	1105	67	0.538	2.228E-10	68	130	291	-26613	-26425	189	26640	26395
73659989	-1	169	4.809E-40	2	25880	26613	1112	110	0.418	4.914E-24	140	286	291	-26311	-25880	432	26329	25871
73724797	-1	277	1.482E-72	1	34279	34932	915	277	0.640	3.124E-80	136	353	355	-34932	-34279	654	34983	34279
73733851	-1	106	4.435E-21	1	16569	16763	1333	106	0.781	8.591E-24	41	105	114	-16763	-16569	195	16805	16527
73734736	1	143	3.227E-32	1	36425	36979	819	143	0.369	1.889E-34	10	238	320	36425	36979	555	36338	36982
73785356	-1	326	2.632E-87	1	34993	35775	902	326	0.633	1.585E-96	11	271	485	-35775	-34993	783	35817	34987
73821167	-1	100	2.839E-19	1	10619	10912	1462	100	0.523	1.719E-21	45	143	149	-10912	-10619	294	10912	10619
73821513	-1	69	6.096E-10	1	10754	10906	1462	69	0.657	9.227E-11	5	55	76	-10906	-10754	153	10912	10619
73822052	-1	98	1.135E-18	1	10619	10912	1462	98	0.516	6.102E-21	7	105	111	-10912	-10619	294	10912	10619
73822204	-1	98	1.135E-18	1	10619	10879	1462	98	0.565	8.375E-21	7	94	100	-10879	-10619	261	10912	10619
73823864	-1	104	1.774E-20	1	10619	10912	1462	104	0.542	9.946E-23	3	99	106	-10912	-10619	294	10912	10619
73823894	-1	94	1.817E-17	1	10622	10912	1462	94	0.499	2.729E-19	3	100	107	-10912	-10622	291	10912	10619
73824128	-1	75	9.525E-12	1	10685	10912	1462	75	0.509	7.969E-13	20	89	135	-10912	-10685	228	10912	10619
73824272	-1	72	7.620E-11	1	10649	10912	1462	72	0.437	1.379E-11	20	106	126	-10912	-10649	264	10912	10619
73832318	-1	79	5.953E-13	1	25880	26305	1112	79	0.333	4.013E-13	78	220	226	-26305	-25880	426	26329	25871
73875102	-1	620	8.270E-176	2	34288	35775	902	346	0.665	2.323E-103	11	271	489	-35775	-34993	783	35817	34987
73875102	-1	620	8.270E-176	2	34288	35775	915	274	0.642	2.831E-79	271	485	489	-34932	-34288	645	34983	34279
73920739	-1	262	4.856E-68	3	16169	16763	1333	109	0.797	1.284E-24	48	112	203	-16763	-16569	195	16805	16527
73920739	-1	262	4.856E-68	3	16169	16763	1335	59	0.828	1.784E-08	114	146	203	-16501	-16403	99	16504	16397
73920739	-1	262	4.856E-68	3	16169	16763	1338	94	0.785	3.368E-20	145	201	203	-16339	-16169	171	16351	16169
73930833	-1	611	4.234E-173	2	34279	35775	902	339	0.654	4.896E-101	10	270	489	-35775	-34993	783	35817	34987
73930833	-1	611	4.234E-173	2	34279	35775	915	271	0.632	2.565E-78	271	487	489	-34929	-34279	651	34983	34279
73952233	-1	289	3.618E-76	2	32075	32939	953	40	0.594	1.718E+00	21	52	342	-32939	-32844	96	32939	32625
73952233	-1	289	3.618E-76	2	32075	32939	963	256	0.553	7.743E-73	45	283	342	-32797	-32075	723	32797	32069
75228294	-1	309	3.450E-82	2	31887	32752	963	254	0.578	5.113E-72	57	280	328	-32752	-32075	678	32797	32069
75228294	-1	309	3.450E-82	2	31887	32752	967	54	0.599	1.486E-06	282	325	328	-32018	-31887	132	32018	31878
75888327	-1	296	2.826E-78	2	31881	32797	963	244	0.532	1.330E-68	48	286	348	-32797	-32075	723	32797	32069
75888327	-1	296	2.826E-78	2	31881	32797	967	51	0.548	1.914E-05	288	333	348	-32018	-31881	138	32018	31878
76495077	-1	50	3.196E-04	1	25880	26305	1112	50	0.250	2.126E-03	129	259	261	-26305	-25880	426	26329	25871
78944058	-1	283	2.315E-74	2	32075	32939	953	41	0.610	6.698E-01	19	50	339	-32939	-32844	96	32939	32625
78944058	-1	283	2.315E-74	2	32075	32939	963	249	0.541	1.627E-70	43	281	339	-32797	-32075	723	32797	32069
79005182	-1	248	7.956E-64	1	32075	32797	963	248	0.539	5.726E-70	43	281	336	-32797	-32075	723	32797	32069
79088335	-1	290	1.809E-76	2	32075	32939	953	42	0.626	2.609E-01	19	50	336	-32939	-32844	96	32939	32625
79088335	-1	290	1.809E-76	2	32075	32939	963	255	0.552	1.453E-72	43	281	336	-32797	-32075	723	32797	32069
79192311	1	82	7.441E-14	3	30577	31605	686	41	0.783	2.366E-02	3	26	285	30577	30648	72	30556	30648
79192311	1	82	7.441E-14	3	30577	31605	696	74	0.708	5.184E-13	52	101	285	30841	30990	150	30826	31029
79192311	1	82	7.441E-14	3	30577	31605	706	58	0.371	3.140E-06	170	256	285	31342	31605	264	31285	31680
79200524	1	175	7.514E-42	1	36377	36976	819	175	0.472	3.260E-45	31	230	291	36377	36976	600	36338	36982
79207462	-1	249	3.978E-64	1	32075	32797	963	249	0.541	1.627E-70	43	281	338	-32797	-32075	723	32797	32069
79241816	1	158	9.848E-37	1	36509	36979	819	158	0.516	1.734E-39	3	163	229	36509	36979	471	36338	36982
79257481	1	175	7.514E-42	1	36377	36976	819	175	0.473	2.381E-45	89	288	349	36377	36976	600	36338	36982
79319567	1	179	4.696E-43	1	36377	36979	819	179	0.479	7.517E-47	18	219	279	36377	36979	603	36338	36982
79394623	1	175	7.514E-42	1	36341	36976	819	175	0.453	2.381E-45	6	217	278	36341	36976	636	36338	36982
79474735	1	203	2.799E-50	2	36377	37190	819	166	0.449	3.261E-42	0	202	268	36377	36979	603	36338	36982
79474735	1	203	2.799E-50	2	36377	37190	824	41	0.464	1.519E-01	208	252	268	37056	37190	135	37023	37223
79488352	1	169	4.809E-40	3	30577	31215	686	40	0.762	6.190E-02	3	26	233	30577	30648	72	30556	30648
79488352	1	169	4.809E-40	3	30577	31215	696	74	0.712	3.772E-13	52	101	233	30841	30990	150	30826	31029
79488352	1	169	4.809E-40	3	30577	31215	699	78	0.661	5.029E-14	102	158	233	31045	31215	171	31039	31275
79811931	1	205	6.998E-51	1	36377	36982	819	205	0.531	1.372E-55	23	220	306	36377	36982	606	36338	36982
80004828	1	176	3.757E-42	1	36377	36976	819	176	0.476	9.280E-46	18	217	278	36377	36976	600	36338	36982
80040095	1	191	1.147E-46	1	36395	36976	819	191	0.519	6.041E-51	24	217	278	36395	36976	582	36338	36982
80084247	-1	53	3.995E-05	1	25895	26305	1112	53	0.262	3.348E-04	130	255	263	-26305	-25895	411	26329	25871
80208179	1	185	7.338E-45	1	36353	36979	819	185	0.477	9.234E-49	13	219	279	36353	36979	627	36338	36982
80523137	-1	297	1.413E-78	2	31881	32797	963	246	0.536	2.015E-69	47	285	351	-32797	-32075	723	32797	32069
80523137	-1	297	1.413E-78	2	31881	32797	967	50	0.537	4.994E-05	287	332	351	-32018	-31881	138	32018	31878
80577916	-1	53	3.995E-05	1	25880	26305	1112	53	0.258	2.460E-04	129	259	261	-26305	-25880	426	26329	25871
80618263	-1	246	3.182E-63	1	32075	32797	963	246	0.536	2.015E-69	30	268	323	-32797	-32075	723	32797	32069
80854272	-1	53	3.995E-05	1	25880	26305	1112	53	0.257	3.348E-04	129	259	262	-26305	-25880	426	26329	25871
80900839	-1	635	2.524E-180	2	34279	35775	902	351	0.669	3.880E-105	11	273	489	-35775	-34987	789	35817	34987
80900839	-1	635	2.524E-180	2	34279	35775	915	285	0.659	4.196E-83	272	488	489	-34929	-34279	651	34983	34279
81188317	-1	256	3.108E-66	1	32075	32782	963	256	0.562	1.061E-72	48	281	344	-32782	-32075	708	32797	32069
81262248	-1	319	3.369E-85	1	34993	35775	902	319	0.621	6.255E-94	9	269	488	-35775	-34993	783	35817	34987
81432480	-1	333	2.056E-89	1	34993	35775	902	333	0.644	5.495E-99	9	269	488	-35775	-34993	783	35817	34987
81993444	-1	246	3.182E-63	1	32075	32767	963	246	0.554	2.015E-69	38	266	321	-32767	-32075	693	32797	32069
81994058	-1	246	3.182E-63	1	32075	32797	963	246	0.537	1.471E-69	43	281	336	-32797	-32075	723	32797	32069
82145238	-1	249	3.978E-64	3	16169	16763	1333	109	0.799	9.358E-25	76	140	241	-16763	-16569	195	16805	16527
82145238	-1	249	3.978E-64	3	16169	16763	1335	53	0.745	2.943E-06	142	174	241	-16501	-16403	99	16504	16397
82145238	-1	249	3.978E-64	3	16169	16763	1338	87	0.732	1.022E-17	173	229	241	-16339	-16169	171	16351	16169
82689713	1	229	4.171E-58	2	36377	37193	819	190	0.503	1.551E-50	13	209	275	36377	36979	603	36338	36982
82689713	1	229	4.171E-58	2	36377	37193	824	44	0.399	1.621E-02	204	262	275	37032	37193	162	37023	37223
82939655	-1	640	7.887E-182	2	34279	35775	902	349	0.670	1.872E-104	11	271	489	-35775	-34993	783	35817	34987
82939655	-1	640	7.887E-182	2	34279	35775	915	290	0.668	9.586E-85	272	488	489	-34929	-34279	651	34983	34279
83054802	-1	325	5.265E-87	1	34993	35775	902	325	0.631	4.073E-96	9	269	488	-35775	-34993	783	35817	34987
83149232	-1	303	2.208E-80	2	31881	32767	963	246	0.554	2.015E-69	59	287	341	-32767	-32075	693	32797	32069
83149232	-1	303	2.208E-80	2	31881	32767	967	59	0.641	4.441E-08	291	334	341	-32012	-31881	132	32018	31878
83510961	-1	320	1.685E-85	1	34993	35775	902	320	0.623	2.434E-94	9	269	488	-35775	-34993	783	35817	34987
83643546	-1	323	2.106E-86	1	34993	35775	902	323	0.628	1.964E-95	9	269	488	-35775	-34993	783	35817	34987
84126690	1	119	5.414E-25	1	36605	36979	819	119	0.500	6.755E-26	57	181	245	36605	36979	375	36338	36982
84438264	1	183	2.935E-44	1	36377	36976	819	183	0.491	3.246E-48	18	217	278	36377	36976	600	36338	36982
84530030	-1	253	2.486E-65	3	16169	16763	1333	109	0.799	9.358E-25	75	139	230	-16763	-16569	195	16805	16527
84530030	-1	253	2.486E-65	3	16169	16763	1335	56	0.766	2.289E-07	140	173	230	-16504	-16403	102	16504	16397
84530030	-1	253	2.486E-65	3	16169	16763	1338	88	0.738	5.417E-18	172	228	230	-16339	-16169	171	16351	16169
84724102	1	213	2.733E-53	1	36377	36982	819	213	0.546	1.853E-58	14	216	280	36377	36982	606	36338	36982
84795139	1	179	4.696E-43	1	36377	36976	819	179	0.481	1.409E-46	18	217	278	36377	36976	600	36338	36982
85188896	-1	331	8.226E-89	1	34993	35775	902	331	0.640	3.631E-98	14	274	493	-35775	-34993	783	35817	34987
85395177	-1	632	2.019E-179	2	34279	35772	902	341	0.659	1.015E-101	5	264	483	-35772	-34993	780	35817	34987
85395177	-1	632	2.019E-179	2	34279	35772	915	290	0.669	6.996E-85	265	481	483	-34929	-34279	651	34983	34279
86348734	-1	631	4.038E-179	2	34279	35799	902	343	0.639	2.881E-102	3	273	489	-35799	-34987	813	35817	34987
86348734	-1	631	4.038E-179	2	34279	35799	915	292	0.665	1.449E-85	269	488	489	-34938	-34279	660	34983	34279
86965067	-1	53	3.995E-05	1	25880	26305	1112	53	0.258	2.460E-04	129	259	262	-26305	-25880	426	26329	25871
87110998	-1	246	3.182E-63	1	32075	32797	963	246	0.536	2.015E-69	43	281	336	-32797	-32075	723	32797	32069
87681747	-1	171	1.202E-40	2	16172	16760	1333	109	0.810	9.358E-25	73	136	227	-16760	-16569	192	16805	16527
87681747	-1	171	1.202E-40	2	16172	16760	1338	93	0.776	8.730E-20	169	225	227	-16342	-16172	171	16351	16169
87681829	-1	261	9.711E-68	3	16172	16763	1333	112	0.820	7.427E-26	72	136	226	-16763	-16569	195	16805	16527
87681829	-1	261	9.711E-68	3	16172	16763	1335	59	0.801	2.454E-08	137	170	226	-16504	-16403	102	16504	16397
87681829	-1	261	9.711E-68	3	16172	16763	1338	91	0.761	4.270E-19	168	224	226	-16342	-16172	171	16351	16169
88018909	-1	328	6.581E-88	3	31878	33065	949	43	1.000	1.284E-02	0	18	353	-33065	-33009	57	33071	32943
88018909	-1	328	6.581E-88	3	31878	33065	963	258	0.575	2.200E-73	53	281	353	-32767	-32075	693	32797	32069
88018909	-1	328	6.581E-88	3	31878	33065	967	59	0.596	4.441E-08	283	330	353	-32018	-31878	141	32018	31878
88084163	-1	312	4.313E-83	1	34993	35775	902	312	0.609	1.801E-91	9	269	488	-35775	-34993	783	35817	34987
88088916	-1	320	1.685E-85	1	34993	35775	902	320	0.623	1.777E-94	14	274	493	-35775	-34993	783	35817	34987
88130344	-1	620	8.270E-176	2	34288	35769	902	345	0.668	4.359E-103	124	382	601	-35769	-34993	777	35817	34987
88130344	-1	620	8.270E-176	2	34288	35769	915	274	0.645	2.831E-79	383	596	601	-34929	-34288	642	34983	34279
88130753	-1	250	1.989E-64	1	32075	32767	963	250	0.561	8.674E-71	62	292	348	-32767	-32075	693	32797	32069
88150894	-1	320	1.685E-85	2	31890	32767	963	265	0.589	5.573E-76	55	283	331	-32767	-32075	693	32797	32069
88150894	-1	320	1.685E-85	2	31890	32767	967	54	0.606	2.045E-06	285	327	331	-32018	-31890	129	32018	31878
88179314	-1	604	5.420E-171	2	34288	35775	902	347	0.662	9.034E-104	11	273	510	-35775	-34987	789	35817	34987
88179314	-1	604	5.420E-171	2	34288	35775	915	274	0.643	2.066E-79	292	506	510	-34932	-34288	645	34983	34279
88222068	-1	74	1.905E-11	1	10916	11116	1456	74	0.551	8.419E-13	41	108	132	-11116	-10916	201	11170	10916
88243864	1	231	1.043E-58	2	36428	37193	819	181	0.517	1.562E-47	33	216	281	36428	36982	555	36338	36982
88243864	1	231	1.043E-58	2	36428	37193	824	49	0.484	1.855E-04	217	268	281	37044	37193	150	37023	37223
88256197	-1	98	1.135E-18	1	25880	26311	1112	98	0.381	1.155E-19	0	146	153	-26311	-25880	432	26329	25871
88309126	-1	326	2.632E-87	1	34993	35775	902	326	0.633	1.585E-96	11	271	485	-35775	-34993	783	35817	34987
88309244	-1	277	1.482E-72	1	34294	34938	915	277	0.648	2.280E-80	37	251	256	-34938	-34294	645	34983	34279
88311079	-1	142	6.454E-32	2	25880	26598	1105	77	0.645	1.092E-13	75	132	288	-26598	-26425	174	26640	26395
88311079	-1	142	6.454E-32	2	25880	26598	1112	70	0.307	2.851E-10	139	282	288	-26311	-25880	432	26329	25871
88363699	-1	98	1.135E-18	1	10619	10912	1462	98	0.516	6.102E-21	20	118	124	-10912	-10619	294	10912	10619
88364825	-1	100	2.839E-19	1	10619	10912	1462	100	0.523	1.719E-21	20	118	133	-10912	-10619	294	10912	10619
88365307	-1	97	2.271E-18	1	10619	10912	1462	97	0.510	1.578E-20	20	118	124	-10912	-10619	294	10912	10619
88365555	-1	93	3.633E-17	1	10619	10912	1462	93	0.490	7.056E-19	3	101	107	-10912	-10619	294	10912	10619
88373334	-1	142	6.454E-32	2	25916	26604	1105	78	0.633	5.787E-14	92	151	315	-26604	-26425	180	26640	26395
88373334	-1	142	6.454E-32	2	25916	26604	1112	74	0.331	1.254E-11	163	298	315	-26305	-25916	390	26329	25871
88398358	-1	316	2.695E-84	1	34993	35775	902	316	0.616	5.658E-93	12	272	490	-35775	-34993	783	35817	34987
88411312	-1	398	5.574E-109	4	31878	33065	949	43	1.000	1.284E-02	0	18	353	-33065	-33009	57	33071	32943
88411312	-1	398	5.574E-109	4	31878	33065	953	40	0.589	2.352E+00	19	50	353	-32939	-32844	96	32939	32625
88411312	-1	398	5.574E-109	4	31878	33065	963	255	0.571	1.453E-72	53	281	353	-32767	-32075	693	32797	32069
88411312	-1	398	5.574E-109	4	31878	33065	967	58	0.593	6.110E-08	283	330	353	-32018	-31878	141	32018	31878
88421081	-1	602	2.168E-170	2	34288	35799	902	321	0.610	6.914E-95	7	273	491	-35799	-34993	807	35817	34987
88421081	-1	602	2.168E-170	2	34288	35799	915	280	0.657	1.836E-81	274	487	491	-34929	-34288	642	34983	34279
88421140	-1	315	5.391E-84	1	34993	35775	902	315	0.615	1.061E-92	33	293	514	-35775	-34993	783	35817	34987
88434336	-1	347	1.255E-93	1	34987	35775	902	347	0.662	1.238E-103	11	273	488	-35775	-34987	789	35817	34987
88486137	-1	630	8.076E-179	2	34279	35775	902	342	0.653	7.407E-102	11	273	489	-35775	-34987	789	35817	34987
88486137	-1	630	8.076E-179	2	34279	35775	915	289	0.666	2.466E-84	272	488	489	-34929	-34279	651	34983	34279
88509920	-1	313	2.156E-83	3	31881	33065	949	40	0.942	1.213E-01	0	18	348	-33065	-33009	57	33071	32943
88509920	-1	313	2.156E-83	3	31881	33065	963	246	0.554	2.015E-69	54	282	348	-32767	-32075	693	32797	32069
88509920	-1	313	2.156E-83	3	31881	33065	967	60	0.632	1.240E-08	284	329	348	-32018	-31881	138	32018	31878
88510334	-1	613	1.059E-173	2	34279	35775	902	336	0.649	4.432E-100	10	270	489	-35775	-34993	783	35817	34987
88510334	-1	613	1.059E-173	2	34279	35775	915	276	0.642	4.280E-80	271	487	489	-34929	-34279	651	34983	34279
89558559	1	65	9.753E-09	1	34979	35215	783	65	0.441	1.625E-09	7	84	123	34979	35215	237	34958	35230
91455315	-1	323	2.106E-86	3	31884	33065	949	40	0.932	1.672E-01	0	18	329	-33065	-33009	57	33071	32943
91455315	-1	323	2.106E-86	3	31884	33065	963	251	0.554	3.376E-71	48	281	329	-32782	-32075	708	32797	32069
91455315	-1	323	2.106E-86	3	31884	33065	967	59	0.618	4.441E-08	283	328	329	-32018	-31884	135	32018	31878
91600701	-1	246	3.182E-63	1	32075	32755	963	246	0.561	2.759E-69	56	280	332	-32755	-32075	681	32797	32069
92672283	-1	306	2.760E-81	2	31878	32797	963	250	0.543	6.333E-71	42	280	336	-32797	-32075	723	32797	32069
92672283	-1	306	2.760E-81	2	31878	32797	967	55	0.574	7.849E-07	282	328	336	-32018	-31878	141	32018	31878
92769102	-1	300	1.766E-79	2	31911	32752	963	249	0.569	2.229E-70	57	280	320	-32752	-32075	678	32797	32069
92769102	-1	300	1.766E-79	2	31911	32752	967	50	0.658	4.994E-05	282	317	320	-32018	-31911	108	32018	31878
93616549	-1	244	1.273E-62	1	32075	32797	963	244	0.532	9.709E-69	43	281	337	-32797	-32075	723	32797	32069
93631374	-1	244	1.273E-62	1	32075	32797	963	244	0.533	7.089E-69	43	281	359	-32797	-32075	723	32797	32069
93813540	-1	250	1.989E-64	1	32075	32785	963	250	0.551	6.333E-71	32	266	321	-32785	-32075	711	32797	32069
93884075	-1	246	3.182E-63	1	32075	32797	963	246	0.537	1.471E-69	11	249	304	-32797	-32075	723	32797	32069
93889565	1	173	3.006E-41	1	36377	36976	819	173	0.468	1.568E-44	18	217	278	36377	36976	600	36338	36982
93916716	1	170	2.404E-40	3	30577	31215	686	40	0.769	4.492E-02	3	26	254	30577	30648	72	30556	30648
93916716	1	170	2.404E-40	3	30577	31215	696	76	0.729	7.698E-14	52	101	254	30841	30990	150	30826	31029
93916716	1	170	2.404E-40	3	30577	31215	699	77	0.658	6.909E-14	102	158	254	31045	31215	171	31039	31275
93932771	1	221	1.068E-55	2	36383	37193	819	183	0.489	6.086E-48	1	200	266	36383	36979	597	36338	36982
93932771	1	221	1.068E-55	2	36383	37193	824	37	0.378	3.724E+00	201	253	266	37041	37193	153	37023	37223
93954813	1	73	3.810E-11	3	30577	31605	686	40	0.762	6.190E-02	3	26	285	30577	30648	72	30556	30648
93954813	1	73	3.810E-11	3	30577	31605	696	74	0.712	3.772E-13	52	101	285	30841	30990	150	30826	31029
93954813	1	73	3.810E-11	3	30577	31605	706	50	0.332	1.615E-03	170	257	285	31342	31605	264	31285	31680
93968856	-1	288	7.235E-76	2	32075	32939	953	41	0.610	6.698E-01	19	50	316	-32939	-32844	96	32939	32625
93968856	-1	288	7.235E-76	2	32075	32939	963	254	0.550	3.733E-72	43	281	316	-32797	-32075	723	32797	32069
94161380	-1	325	5.265E-87	1	34993	35775	902	325	0.631	2.974E-96	9	269	488	-35775	-34993	783	35817	34987
95073026	1	174	1.503E-41	1	36377	36976	819	174	0.471	4.463E-45	18	217	278	36377	36976	600	36338	36982
95391870	-1	334	1.028E-89	1	34993	35775	902	334	0.645	4.012E-99	11	271	485	-35775	-34993	783	35817	34987
95455904	-1	313	2.156E-83	1	34993	35775	902	313	0.612	5.117E-92	9	269	488	-35775	-34993	783	35817	34987
95461976	-1	618	3.308E-175	2	34288	35775	902	341	0.657	1.015E-101	11	271	488	-35775	-34993	783	35817	34987
95461976	-1	618	3.308E-175	2	34288	35775	915	276	0.648	5.864E-80	272	485	488	-34929	-34288	642	34983	34279
95530784	-1	49	6.392E-04	1	25880	26305	1112	49	0.247	3.932E-03	129	259	261	-26305	-25880	426	26329	25871
95608051	1	179	4.696E-43	1	36377	36979	819	179	0.478	1.029E-46	18	219	285	36377	36979	603	36338	36982
95649556	1	199	4.479E-49	1	36428	36982	819	199	0.557	1.122E-53	26	208	267	36428	36982	555	36338	36982
95794649	-1	318	6.739E-85	1	34993	35775	902	318	0.620	8.568E-94	9	269	488	-35775	-34993	783	35817	34987
96411637	-1	319	3.369E-85	4	16172	16952	1325	41	0.480	5.434E-02	30	70	221	-16952	-16824	129	16952	16815
96411637	-1	319	3.369E-85	4	16172	16952	1333	116	0.843	4.296E-27	67	131	221	-16763	-16569	195	16805	16527
96411637	-1	319	3.369E-85	4	16172	16952	1335	58	0.796	3.376E-08	132	165	221	-16504	-16403	102	16504	16397
96411637	-1	319	3.369E-85	4	16172	16952	1338	107	0.880	1.311E-24	163	219	221	-16342	-16172	171	16351	16169
96477260	-1	317	1.348E-84	1	34993	35775	902	317	0.618	2.202E-93	9	269	488	-35775	-34993	783	35817	34987
96620532	-1	51	1.598E-04	1	25880	26305	1112	51	0.252	1.149E-03	129	259	261	-26305	-25880	426	26329	25871
96638037	-1	616	1.323E-174	2	34288	35775	902	338	0.648	1.259E-100	11	273	489	-35775	-34987	789	35817	34987
96638037	-1	616	1.323E-174	2	34288	35775	915	279	0.654	6.471E-81	272	485	489	-34929	-34288	642	34983	34279
96998576	1	157	1.970E-36	1	36527	36979	819	157	0.540	4.444E-39	29	179	245	36527	36979	453	36338	36982
97331945	-1	72	7.620E-11	1	25880	26305	1112	72	0.313	8.175E-11	109	251	259	-26305	-25880	426	26329	25871
97365564	-1	640	7.887E-182	2	34282	35775	902	342	0.658	5.407E-102	11	271	489	-35775	-34993	783	35817	34987
97365564	-1	640	7.887E-182	2	34282	35775	915	297	0.685	2.414E-87	272	487	489	-34929	-34282	648	34983	34279
97537504	-1	605	2.710E-171	2	34279	35793	902	316	0.601	7.750E-93	5	273	489	-35793	-34987	807	35817	34987
97537504	-1	605	2.710E-171	2	34279	35793	915	293	0.667	5.632E-86	269	488	489	-34938	-34279	660	34983	34279
97777043	-1	246	3.182E-63	1	32075	32785	963	246	0.543	2.015E-69	47	281	336	-32785	-32075	711	32797	32069
97918433	1	204	1.400E-50	1	36377	36979	819	204	0.533	1.879E-55	13	211	277	36377	36979	603	36338	36982
98303121	1	159	4.924E-37	1	36377	36979	819	159	0.434	9.260E-40	18	220	284	36377	36979	603	36338	36982
98339317	1	226	3.337E-57	2	36338	37193	819	188	0.474	1.023E-49	25	236	302	36338	36979	642	36338	36982
98339317	1	226	3.337E-57	2	36338	37193	824	37	0.378	3.724E+00	237	289	302	37041	37193	153	37023	37223
98493695	-1	81	1.488E-13	1	33902	34141	923	81	0.522	6.806E-15	10	89	90	-34141	-33902	240	34183	33869
98590027	-1	619	1.654E-175	2	34288	35772	902	338	0.653	1.724E-100	4	263	481	-35772	-34993	780	35817	34987
98590027	-1	619	1.654E-175	2	34288	35772	915	280	0.656	2.516E-81	264	477	481	-34929	-34288	642	34983	34279
98686752	1	175	7.514E-42	1	36377	36976	819	175	0.472	3.260E-45	18	217	278	36377	36976	600	36338	36982
98694257	-1	309	3.450E-82	1	34993	35775	902	309	0.605	1.628E-90	16	276	495	-35775	-34993	783	35817	34987
99309667	-1	608	3.387E-172	2	34282	35775	902	320	0.623	2.434E-94	10	270	488	-35775	-34993	783	35817	34987
99309667	-1	608	3.387E-172	2	34282	35775	915	287	0.665	8.691E-84	271	486	488	-34929	-34282	648	34983	34279
99405774	1	175	7.514E-42	1	36377	36976	819	175	0.472	3.260E-45	18	217	286	36377	36976	600	36338	36982
99425765	-1	194	1.433E-47	2	25880	26610	1105	91	0.666	8.700E-19	75	141	299	-26610	-26410	201	26640	26395
99425765	-1	194	1.433E-47	2	25880	26610	1112	106	0.406	1.143E-22	146	292	299	-26311	-25880	432	26329	25871
99679105	-1	632	2.019E-179	2	34282	35817	902	335	0.616	1.139E-99	31	307	523	-35817	-34987	831	35817	34987
99679105	-1	632	2.019E-179	2	34282	35817	915	301	0.683	1.943E-88	303	521	523	-34938	-34282	657	34983	34279
99824174	1	117	2.166E-24	2	31045	31605	699	77	0.655	9.491E-14	102	158	285	31045	31215	171	31039	31275
99824174	1	117	2.166E-24	2	31045	31605	706	50	0.332	1.615E-03	170	257	285	31342	31605	264	31285	31680
100072652	-1	52	7.990E-05	1	25880	26305	1112	52	0.256	4.558E-04	132	267	269	-26305	-25880	426	26329	25871
100419080	-1	246	3.182E-63	1	32075	32767	963	246	0.554	2.015E-69	53	281	336	-32767	-32075	693	32797	32069
100557709	-1	49	6.392E-04	1	25880	26305	1112	49	0.246	5.347E-03	129	259	261	-26305	-25880	426	26329	25871
100832997	-1	51	1.598E-04	1	25895	26305	1112	51	0.259	8.442E-04	129	254	261	-26305	-25895	411	26329	25871
101144390	-1	51	1.598E-04	1	25895	26305	1112	51	0.259	8.442E-04	129	254	261	-26305	-25895	411	26329	25871
102211118	-1	171	1.202E-40	2	16169	16763	1333	111	0.812	1.921E-25	75	139	229	-16763	-16569	195	16805	16527
102211118	-1	171	1.202E-40	2	16169	16763	1338	91	0.761	4.270E-19	172	228	229	-16339	-16169	171	16351	16169
102563139	-1	256	3.108E-66	1	32075	32797	963	256	0.553	7.743E-73	49	287	342	-32797	-32075	723	32797	32069
102594641	-1	141	1.291E-31	2	25874	26610	1105	78	0.550	3.067E-14	71	142	297	-26610	-26395	216	26640	26395
102594641	-1	141	1.291E-31	2	25874	26610	1112	68	0.285	1.854E-09	137	293	297	-26326	-25874	453	26329	25871
102655685	-1	314	1.078E-83	1	34993	35775	902	314	0.613	2.728E-92	12	272	496	-35775	-34993	783	35817	34987
102672817	-1	273	2.371E-71	1	34288	34932	915	273	0.640	7.279E-79	202	416	420	-34932	-34288	645	34983	34279
102734977	-1	258	7.769E-67	1	32075	32782	963	258	0.565	2.200E-73	48	281	344	-32782	-32075	708	32797	32069
102890880	-1	335	5.141E-90	1	34993	35796	902	335	0.633	1.139E-99	34	299	524	-35796	-34993	804	35817	34987
102904208	-1	76	4.762E-12	1	10754	10912	1462	76	0.690	4.229E-13	20	72	79	-10912	-10754	159	10912	10619
102904226	-1	100	2.839E-19	1	10619	10912	1462	100	0.523	1.719E-21	20	118	135	-10912	-10619	294	10912	10619
102905672	-1	90	2.907E-16	1	10646	10912	1462	90	0.517	4.719E-18	40	129	138	-10912	-10646	267	10912	10619
102906306	-1	100	2.839E-19	1	10619	10912	1462	100	0.523	1.719E-21	22	120	126	-10912	-10619	294	10912	10619
102906957	-1	94	1.817E-17	1	10619	10912	1462	94	0.495	2.729E-19	3	101	107	-10912	-10619	294	10912	10619
102907540	-1	106	4.435E-21	1	10619	10912	1462	106	0.546	2.042E-23	7	105	106	-10912	-10619	294	10912	10619
102907584	-1	73	3.810E-11	1	10916	11131	1456	73	0.517	2.996E-12	1	72	96	-11131	-10916	216	11170	10916
102938500	1	197	1.791E-48	1	36377	36979	819	197	0.518	5.404E-53	11	211	276	36377	36979	603	36338	36982
102945949	-1	319	3.369E-85	1	34993	35775	902	319	0.622	3.334E-94	9	269	488	-35775	-34993	783	35817	34987
103004081	-1	262	4.856E-68	3	16169	16763	1333	109	0.797	1.284E-24	48	112	203	-16763	-16569	195	16805	16527
103004081	-1	262	4.856E-68	3	16169	16763	1335	59	0.828	1.784E-08	114	146	203	-16501	-16403	99	16504	16397
103004081	-1	262	4.856E-68	3	16169	16763	1338	94	0.782	4.627E-20	145	201	203	-16339	-16169	171	16351	16169
103004395	-1	262	4.856E-68	3	16169	16763	1333	109	0.797	1.284E-24	48	112	203	-16763	-16569	195	16805	16527
103004395	-1	262	4.856E-68	3	16169	16763	1335	59	0.828	1.784E-08	114	146	203	-16501	-16403	99	16504	16397
103004395	-1	262	4.856E-68	3	16169	16763	1338	94	0.785	3.368E-20	145	201	203	-16339	-16169	171	16351	16169
103016485	-1	155	7.879E-36	2	25907	26613	1105	72	0.509	3.588E-12	112	184	338	-26613	-26395	219	26640	26395
103016485	-1	155	7.879E-36	2	25907	26613	1112	82	0.356	3.275E-14	186	320	338	-26305	-25907	399	26329	25871
103041732	-1	643	9.859E-183	2	34288	35772	902	342	0.661	3.947E-102	0	259	477	-35772	-34993	780	35817	34987
103041732	-1	643	9.859E-183	2	34288	35772	915	300	0.695	3.648E-88	260	473	477	-34929	-34288	642	34983	34279
103066138	-1	252	4.972E-65	1	32075	32797	963	252	0.546	1.800E-71	48	286	340	-32797	-32075	723	32797	32069
103093958	-1	620	8.270E-176	2	34279	35793	902	329	0.622	1.751E-97	5	273	489	-35793	-34987	807	35817	34987
103093958	-1	620	8.270E-176	2	34279	35793	915	295	0.671	1.166E-86	269	488	489	-34938	-34279	660	34983	34279
103161728	1	177	1.878E-42	1	36377	36976	819	177	0.478	3.616E-46	18	216	284	36377	36976	600	36338	36982
104171348	-1	267	1.517E-69	1	32075	32797	963	267	0.572	1.583E-76	44	282	335	-32797	-32075	723	32797	32069
104514496	-1	300	1.766E-79	2	31881	32797	963	247	0.537	1.074E-69	55	293	349	-32797	-32075	723	32797	32069
104514496	-1	300	1.766E-79	2	31881	32797	967	52	0.559	7.340E-06	295	340	349	-32018	-31881	138	32018	31878
104684959	-1	50	3.196E-04	1	25895	26317	1112	50	0.250	2.892E-03	125	254	261	-26317	-25895	423	26329	25871
105123741	-1	253	2.486E-65	1	32075	32797	963	253	0.548	7.003E-72	46	284	339	-32797	-32075	723	32797	32069
105179268	-1	299	3.533E-79	2	31881	32797	963	248	0.540	3.052E-70	47	285	351	-32797	-32075	723	32797	32069
105179268	-1	299	3.533E-79	2	31881	32797	967	50	0.537	4.994E-05	287	332	351	-32018	-31881	138	32018	31878
106200479	-1	268	7.587E-70	2	32075	33065	949	40	1.000	8.801E-02	3	20	339	-33065	-33012	54	33071	32943
106200479	-1	268	7.587E-70	2	32075	33065	963	252	0.546	2.465E-71	46	284	339	-32797	-32075	723	32797	32069
107225082	-1	305	5.520E-81	2	31881	32755	963	256	0.580	7.743E-73	57	281	329	-32755	-32075	681	32797	32069
107225082	-1	305	5.520E-81	2	31881	32755	967	48	0.522	1.795E-04	283	328	329	-32018	-31881	138	32018	31878
108167460	1	183	2.935E-44	1	36377	36976	819	183	0.489	6.086E-48	18	217	278	36377	36976	600	36338	36982
108281719	1	184	1.468E-44	1	36377	36976	819	184	0.492	1.731E-48	46	245	297	36377	36976	600	36338	36982
108409550	-1	248	7.956E-64	1	32075	32785	963	248	0.547	3.052E-70	13	247	302	-32785	-32075	711	32797	32069
108440613	-1	250	1.989E-64	1	32075	32797	963	250	0.542	1.188E-70	43	281	338	-32797	-32075	723	32797	32069
108442414	1	194	1.433E-47	1	36377	36979	819	194	0.510	6.687E-52	17	217	283	36377	36979	603	36338	36982
108539768	1	225	6.674E-57	2	36377	37193	819	175	0.472	3.260E-45	19	218	279	36377	36976	600	36338	36982
108539768	1	225	6.674E-57	2	36377	37193	824	49	0.485	3.512E-04	220	266	279	37041	37193	153	37023	37223
108549950	-1	247	1.591E-63	1	32069	32797	963	247	0.534	7.842E-70	43	283	325	-32797	-32069	729	32797	32069
108839088	-1	68	1.219E-09	1	25880	26311	1112	68	0.299	2.532E-09	133	273	280	-26311	-25880	432	26329	25871
108845188	-1	332	4.113E-89	1	34993	35775	902	332	0.642	1.935E-98	11	271	485	-35775	-34993	783	35817	34987
108889251	-1	252	4.972E-65	1	32075	32797	963	252	0.546	1.800E-71	43	281	336	-32797	-32075	723	32797	32069
108974220	1	180	2.348E-43	1	36401	36979	819	180	0.491	5.490E-47	28	223	283	36401	36979	579	36338	36982
109008306	1	224	1.335E-56	2	36344	37211	819	177	0.458	4.951E-46	8	218	279	36344	36976	633	36338	36982
109008306	1	224	1.335E-56	2	36344	37211	824	46	0.427	2.385E-03	220	268	279	37041	37211	171	37023	37223
109559584	-1	250	1.989E-64	1	32075	32797	963	250	0.542	1.188E-70	43	281	375	-32797	-32075	723	32797	32069
109874968	1	190	2.293E-46	1	36377	36979	819	190	0.504	1.133E-50	14	210	276	36377	36979	603	36338	36982
109958577	1	193	2.866E-47	2	36377	37190	819	159	0.434	9.260E-40	18	220	284	36377	36979	603	36338	36982
109958577	1	193	2.866E-47	2	36377	37190	824	39	0.376	1.035E+00	215	270	284	37029	37190	162	37023	37223
110150897	1	169	4.809E-40	4	30577	31602	686	42	0.790	1.717E-02	6	29	287	30577	30648	72	30556	30648
110150897	1	169	4.809E-40	4	30577	31602	696	79	0.621	6.058E-15	55	116	287	30841	31029	189	30826	31029
110150897	1	169	4.809E-40	4	30577	31602	699	79	0.670	1.940E-14	105	161	287	31045	31215	171	31039	31275
110150897	1	169	4.809E-40	4	30577	31602	706	41	0.379	1.478E+00	201	259	287	31426	31602	177	31285	31680
110370806	1	188	9.172E-46	1	36377	36979	819	188	0.497	7.470E-50	18	219	285	36377	36979	603	36338	36982
110591490	-1	619	1.654E-175	2	34279	35805	902	327	0.612	6.166E-97	0	272	488	-35805	-34987	819	35817	34987
110591490	-1	619	1.654E-175	2	34279	35805	915	293	0.674	7.717E-86	271	487	488	-34929	-34279	651	34983	34279
111091978	-1	250	1.989E-64	1	32069	32797	963	250	0.540	6.333E-71	43	283	284	-32797	-32069	729	32797	32069
111238824	1	165	7.694E-39	1	36392	36979	819	165	0.458	8.363E-42	28	223	287	36392	36979	588	36338	36982
111353382	-1	53	3.995E-05	1	25880	26305	1112	53	0.259	1.806E-04	129	259	262	-26305	-25880	426	26329	25871
111497230	1	226	3.337E-57	2	36377	37193	819	177	0.477	4.951E-46	18	217	278	36377	36976	600	36338	36982
111497230	1	226	3.337E-57	2	36377	37193	824	48	0.475	9.150E-04	219	265	278	37041	37193	153	37023	37223
112022070	-1	592	2.220E-167	2	34279	35775	902	317	0.619	1.607E-93	12	272	490	-35775	-34993	783	35817	34987
112022070	-1	592	2.220E-167	2	34279	35775	915	274	0.638	2.066E-79	273	489	490	-34929	-34279	651	34983	34279
112155975	-1	653	9.628E-186	2	34291	35775	902	340	0.654	3.574E-101	11	271	489	-35775	-34993	783	35817	34987
112155975	-1	653	9.628E-186	2	34291	35775	915	313	0.721	1.115E-92	271	484	489	-34932	-34291	642	34983	34279
112441035	-1	251	9.944E-65	3	16169	16763	1333	109	0.799	9.358E-25	75	139	256	-16763	-16569	195	16805	16527
112441035	-1	251	9.944E-65	3	16169	16763	1335	53	0.736	1.554E-06	140	173	256	-16504	-16403	102	16504	16397
112441035	-1	251	9.944E-65	3	16169	16763	1338	89	0.749	1.521E-18	172	228	256	-16339	-16169	171	16351	16169
112441734	1	182	5.870E-44	1	36344	36976	819	182	0.468	1.141E-47	10	220	281	36344	36976	633	36338	36982
112528089	1	179	4.696E-43	1	36377	36979	819	179	0.477	1.409E-46	17	218	284	36377	36979	603	36338	36982
113057644	1	180	2.348E-43	1	36377	36979	819	180	0.481	5.490E-47	18	218	283	36377	36979	603	36338	36982
113061582	1	174	1.503E-41	1	36377	36976	819	174	0.471	4.463E-45	18	217	278	36377	36976	600	36338	36982
113582349	-1	638	3.155E-181	2	34279	35790	902	340	0.645	1.904E-101	6	271	489	-35790	-34993	798	35817	34987
113582349	-1	638	3.155E-181	2	34279	35790	915	300	0.679	3.648E-88	269	488	489	-34938	-34279	660	34983	34279
113911745	-1	138	1.033E-30	2	25895	26613	1105	70	0.554	3.313E-11	90	152	316	-26613	-26425	189	26640	26395
113911745	-1	138	1.033E-30	2	25895	26613	1112	77	0.327	1.404E-12	163	306	316	-26308	-25895	414	26329	25871
114239986	1	219	4.271E-55	2	36341	37193	819	176	0.454	1.271E-45	6	217	278	36341	36976	636	36338	36982
114239986	1	219	4.271E-55	2	36341	37193	824	42	0.432	5.821E-02	219	265	278	37041	37193	153	37023	37223
114300511	1	188	9.172E-46	1	36377	36979	819	188	0.496	1.023E-49	18	219	285	36377	36979	603	36338	36982
114591509	1	194	1.433E-47	1	36377	36979	819	194	0.509	6.687E-52	17	218	284	36377	36979	603	36338	36982
114839471	-1	312	4.313E-83	2	31887	32752	963	252	0.576	1.314E-71	57	280	327	-32752	-32075	678	32797	32069
114839471	-1	312	4.313E-83	2	31887	32752	967	59	0.649	2.347E-08	282	325	327	-32018	-31887	132	32018	31878
114974343	1	169	4.809E-40	1	36377	36982	819	169	0.453	3.623E-43	18	221	309	36377	36982	606	36338	36982
114988798	1	223	2.669E-56	2	36377	37193	819	178	0.477	2.641E-46	19	219	282	36377	36979	603	36338	36982
114988798	1	223	2.669E-56	2	36377	37193	824	48	0.522	4.832E-04	224	269	282	37056	37193	138	37023	37223
115042115	-1	346	2.510E-93	3	31881	32939	953	40	0.600	1.255E+00	19	50	349	-32939	-32844	96	32939	32625
115042115	-1	346	2.510E-93	3	31881	32939	963	249	0.541	1.627E-70	43	281	349	-32797	-32075	723	32797	32069
115042115	-1	346	2.510E-93	3	31881	32939	967	63	0.643	1.831E-09	283	329	349	-32018	-31881	138	32018	31878
115541584	-1	159	4.924E-37	2	25889	26610	1105	84	0.650	3.607E-16	96	158	317	-26610	-26422	189	26640	26395
115541584	-1	159	4.924E-37	2	25889	26610	1112	82	0.345	2.394E-14	167	308	317	-26311	-25889	423	26329	25871
115810582	-1	282	4.631E-74	2	32075	32939	953	41	0.610	6.698E-01	19	50	336	-32939	-32844	96	32939	32625
115810582	-1	282	4.631E-74	2	32075	32939	963	248	0.539	5.726E-70	43	281	336	-32797	-32075	723	32797	32069
115939355	-1	181	1.174E-43	2	25880	26610	1105	90	0.691	3.094E-18	84	146	305	-26610	-26422	189	26640	26395
115939355	-1	181	1.174E-43	2	25880	26610	1112	98	0.381	1.155E-19	155	301	305	-26311	-25880	432	26329	25871
116177312	1	181	1.174E-43	1	36377	36976	819	181	0.486	2.139E-47	18	217	278	36377	36976	600	36338	36982
116624233	-1	171	1.202E-40	2	16169	16760	1333	107	0.794	6.259E-24	73	136	234	-16760	-16569	192	16805	16527
116624233	-1	171	1.202E-40	2	16169	16760	1338	92	0.756	2.263E-19	166	223	234	-16342	-16169	174	16351	16169
116690867	-1	246	3.182E-63	3	16169	16763	1333	105	0.771	3.050E-23	77	141	231	-16763	-16569	195	16805	16527
116690867	-1	246	3.182E-63	3	16169	16763	1335	52	0.716	5.574E-06	142	175	231	-16504	-16403	102	16504	16397
116690867	-1	246	3.182E-63	3	16169	16763	1338	89	0.746	2.089E-18	174	230	231	-16339	-16169	171	16351	16169
116770244	-1	251	9.944E-65	3	16169	16763	1333	106	0.779	1.179E-23	75	139	257	-16763	-16569	195	16805	16527
116770244	-1	251	9.944E-65	3	16169	16763	1335	56	0.771	1.664E-07	140	173	257	-16504	-16403	102	16504	16397
116770244	-1	251	9.944E-65	3	16169	16763	1338	89	0.743	2.870E-18	172	228	257	-16339	-16169	171	16351	16169
117085459	-1	176	3.757E-42	2	16169	16763	1333	110	0.807	3.618E-25	72	136	233	-16763	-16569	195	16805	16527
117085459	-1	176	3.757E-42	2	16169	16763	1338	93	0.767	6.355E-20	165	222	233	-16342	-16169	174	16351	16169
117101575	-1	620	8.270E-176	2	34282	35775	902	344	0.661	1.535E-102	11	271	489	-35775	-34993	783	35817	34987
117101575	-1	620	8.270E-176	2	34282	35775	915	276	0.642	4.280E-80	271	487	489	-34932	-34282	651	34983	34279
117110913	-1	119	5.414E-25	1	16569	16760	1333	119	0.876	3.411E-28	42	105	114	-16760	-16569	192	16805	16527
117237495	-1	337	1.285E-90	1	34993	35769	902	337	0.655	2.362E-100	13	271	295	-35769	-34993	777	35817	34987
117241114	-1	339	3.213E-91	1	34993	35775	902	339	0.653	6.706E-101	11	271	442	-35775	-34993	783	35817	34987
117243021	-1	95	9.084E-18	1	10643	10912	1462	95	0.535	1.055E-19	31	121	137	-10912	-10643	270	10912	10619
117308233	1	232	5.214E-59	2	36377	37196	819	183	0.488	4.445E-48	19	215	281	36377	36979	603	36338	36982
117308233	1	232	5.214E-59	2	36377	37196	824	48	0.460	4.832E-04	216	269	281	37041	37196	156	37023	37223
117316555	-1	123	3.384E-26	2	25874	26610	1105	67	0.519	2.228E-10	68	133	294	-26610	-26413	198	26640	26395
117316555	-1	123	3.384E-26	2	25874	26610	1112	66	0.292	8.808E-09	145	290	294	-26293	-25874	420	26329	25871
117334881	-1	361	7.661E-98	3	31881	32939	953	43	0.637	1.391E-01	97	128	419	-32939	-32844	96	32939	32625
117334881	-1	361	7.661E-98	3	31881	32939	963	262	0.564	5.043E-75	121	359	419	-32797	-32075	723	32797	32069
117334881	-1	361	7.661E-98	3	31881	32939	967	62	0.636	3.464E-09	361	407	419	-32018	-31881	138	32018	31878
117356095	-1	155	7.879E-36	2	25871	26604	1105	66	0.610	5.777E-10	58	110	275	-26604	-26446	159	26640	26395
117356095	-1	155	7.879E-36	2	25871	26604	1112	104	0.399	7.547E-22	127	272	275	-26311	-25871	441	26329	25871
117413651	-1	160	2.462E-37	4	16172	17720	1304	38	0.693	4.500E-01	2	26	218	-17720	-17646	75	17726	17631
117413651	-1	160	2.462E-37	4	16172	17720	1325	40	0.521	1.032E-01	28	63	218	-16949	-16836	114	16952	16815
117413651	-1	160	2.462E-37	4	16172	17720	1335	56	0.786	2.289E-07	130	162	218	-16501	-16403	99	16504	16397
117413651	-1	160	2.462E-37	4	16172	17720	1338	91	0.764	3.109E-19	160	216	218	-16342	-16172	171	16351	16169
117445704	-1	72	7.620E-11	1	10685	10912	1462	72	0.493	7.319E-12	3	78	104	-10912	-10685	228	10912	10619
117445713	-1	96	4.542E-18	1	10640	10912	1462	96	0.542	2.973E-20	3	93	118	-10912	-10640	273	10912	10619
117445905	-1	97	2.271E-18	1	10640	10912	1462	97	0.541	1.578E-20	85	176	180	-10912	-10640	273	10912	10619
117445969	-1	75	9.525E-12	1	10754	10912	1462	75	0.680	1.094E-12	20	72	86	-10912	-10754	159	10912	10619
117447884	-1	92	7.267E-17	1	10619	10912	1462	92	0.489	9.685E-19	37	135	141	-10912	-10619	294	10912	10619
117448143	-1	99	5.677E-19	1	10619	10912	1462	99	0.517	4.446E-21	20	118	124	-10912	-10619	294	10912	10619
117448654	-1	92	7.267E-17	1	10619	10909	1462	92	0.493	9.685E-19	32	129	135	-10909	-10619	291	10912	10619
117460747	-1	113	3.465E-23	1	10619	10912	1462	113	0.578	4.984E-26	27	125	131	-10912	-10619	294	10912	10619
117476427	1	213	2.733E-53	2	36377	37193	819	176	0.474	9.280E-46	19	217	280	36377	36979	603	36338	36982
117476427	1	213	2.733E-53	2	36377	37193	824	42	0.403	5.821E-02	212	267	280	37029	37193	165	37023	37223
117502666	-1	166	3.847E-39	2	25880	26610	1105	81	0.632	3.326E-15	79	141	314	-26610	-26422	189	26640	26395
117502666	-1	166	3.847E-39	2	25880	26610	1112	92	0.354	9.393E-18	150	303	314	-26311	-25880	432	26329	25871
117563631	-1	633	1.010E-179	2	34279	35775	902	333	0.644	5.495E-99	11	271	489	-35775	-34993	783	35817	34987
117563631	-1	633	1.010E-179	2	34279	35775	915	299	0.686	6.849E-88	272	488	489	-34929	-34279	651	34983	34279
117632312	-1	276	2.964E-72	1	34288	34929	915	276	0.649	4.280E-80	10	223	227	-34929	-34288	642	34983	34279
117669489	1	172	6.011E-41	1	36377	36976	819	172	0.466	2.938E-44	18	215	283	36377	36976	600	36338	36982
117709045	-1	72	7.620E-11	1	25880	26305	1112	72	0.313	8.175E-11	127	269	278	-26305	-25880	426	26329	25871
118976251	-1	51	1.598E-04	1	25895	26305	1112	51	0.259	8.442E-04	129	254	261	-26305	-25895	411	26329	25871
119479951	1	85	9.302E-15	2	35018	35377	783	43	0.349	8.393E-02	45	113	164	35018	35227	210	34958	35230
119479951	1	85	9.302E-15	2	35018	35377	786	46	0.522	9.865E-04	119	162	164	35246	35377	132	35234	35380
120013203	-1	300	1.766E-79	2	31881	32797	963	247	0.537	1.074E-69	48	286	341	-32797	-32075	723	32797	32069
120013203	-1	300	1.766E-79	2	31881	32797	967	52	0.559	7.340E-06	288	333	341	-32018	-31881	138	32018	31878
120487907	-1	252	4.972E-65	1	32075	32797	963	252	0.547	1.314E-71	44	282	338	-32797	-32075	723	32797	32069
121050128	-1	249	3.978E-64	2	32111	33065	949	41	0.969	4.632E-02	0	18	348	-33065	-33009	57	33071	32943
121050128	-1	249	3.978E-64	2	32111	33065	963	241	0.569	8.774E-68	53	269	348	-32767	-32111	657	32797	32069
121688422	-1	262	4.856E-68	2	32075	33065	949	40	0.942	1.213E-01	0	18	337	-33065	-33009	57	33071	32943
121688422	-1	262	4.856E-68	2	32075	33065	963	250	0.552	8.674E-71	48	281	337	-32782	-32075	708	32797	32069
122754325	1	171	1.202E-40	1	36377	36976	819	171	0.466	4.022E-44	18	217	313	36377	36976	600	36338	36982
122828571	1	175	7.514E-42	1	36377	36976	819	175	0.472	3.260E-45	31	230	291	36377	36976	600	36338	36982
122885554	-1	247	1.591E-63	1	32075	32797	963	247	0.538	7.842E-70	43	281	339	-32797	-32075	723	32797	32069
122935619	1	184	1.468E-44	1	36377	36979	819	184	0.488	1.731E-48	18	219	285	36377	36979	603	36338	36982
122945497	-1	283	2.315E-74	2	32075	32939	953	41	0.610	6.698E-01	3	34	320	-32939	-32844	96	32939	32625
122945497	-1	283	2.315E-74	2	32075	32939	963	249	0.541	1.627E-70	27	265	320	-32797	-32075	723	32797	32069
123069146	1	191	1.147E-46	1	36377	36976	819	191	0.505	8.273E-51	16	215	276	36377	36976	600	36338	36982
123076492	1	188	9.172E-46	1	36377	36979	819	188	0.497	7.470E-50	18	219	285	36377	36979	603	36338	36982
123097330	-1	250	1.989E-64	1	32075	32767	963	250	0.562	6.333E-71	45	273	328	-32767	-32075	693	32797	32069
123118101	-1	252	4.972E-65	1	32069	32797	963	252	0.542	2.465E-71	43	283	336	-32797	-32069	729	32797	32069
123552556	-1	258	7.769E-67	1	32075	32797	963	258	0.556	2.200E-73	47	285	340	-32797	-32075	723	32797	32069
123597038	1	183	2.935E-44	1	36377	36979	819	183	0.486	4.445E-48	16	217	277	36377	36979	603	36338	36982
123918014	-1	51	1.598E-04	1	25895	26305	1112	51	0.257	1.149E-03	129	254	261	-26305	-25895	411	26329	25871
124660361	1	185	7.338E-45	1	36377	36976	819	185	0.495	6.744E-49	18	217	278	36377	36976	600	36338	36982
124771267	-1	622	2.068E-176	2	34279	35775	902	340	0.656	1.904E-101	11	271	489	-35775	-34993	783	35817	34987
124771267	-1	622	2.068E-176	2	34279	35775	915	282	0.651	3.804E-82	271	488	489	-34932	-34279	654	34983	34279
124813845	-1	72	7.620E-11	1	25880	26305	1112	72	0.313	8.175E-11	130	272	280	-26305	-25880	426	26329	25871
125013696	-1	316	2.695E-84	1	34993	35775	902	316	0.617	4.131E-93	9	269	488	-35775	-34993	783	35817	34987
125341892	-1	254	1.243E-65	1	32075	32797	963	254	0.549	5.113E-72	28	266	321	-32797	-32075	723	32797	32069
125885928	-1	250	1.989E-64	1	32075	32797	963	250	0.542	1.188E-70	43	281	338	-32797	-32075	723	32797	32069
126085569	-1	51	1.598E-04	1	25889	26305	1112	51	0.256	8.442E-04	129	256	261	-26305	-25889	417	26329	25871
126113532	-1	318	6.739E-85	1	34993	35775	902	318	0.620	8.568E-94	13	273	492	-35775	-34993	783	35817	34987
126198194	1	180	2.348E-43	1	36377	36979	819	180	0.480	4.010E-47	47	248	308	36377	36979	603	36338	36982
126226596	-1	50	3.196E-04	1	25895	26305	1112	50	0.255	2.126E-03	129	254	261	-26305	-25895	411	26329	25871
126430010	-1	53	3.995E-05	1	25880	26305	1112	53	0.258	2.460E-04	129	259	261	-26305	-25880	426	26329	25871
126717336	1	205	6.998E-51	1	36377	36979	819	205	0.533	1.372E-55	13	211	277	36377	36979	603	36338	36982
126759928	-1	251	9.944E-65	3	25874	26782	1101	49	0.545	6.849E-04	33	76	307	-26782	-26654	129	26806	26561
126759928	-1	251	9.944E-65	3	25874	26782	1105	92	0.631	4.613E-19	73	144	307	-26610	-26395	216	26640	26395
126759928	-1	251	9.944E-65	3	25874	26782	1112	113	0.407	5.426E-25	144	299	307	-26311	-25874	438	26329	25871
126784208	-1	616	1.323E-174	2	34282	35775	902	328	0.631	4.501E-97	11	273	509	-35775	-34987	789	35817	34987
126784208	-1	616	1.323E-174	2	34282	35775	915	289	0.669	1.800E-84	272	487	509	-34929	-34282	648	34983	34279
126820261	-1	283	2.315E-74	2	32075	32939	953	42	0.626	2.609E-01	19	50	339	-32939	-32844	96	32939	32625
126820261	-1	283	2.315E-74	2	32075	32939	963	248	0.540	3.052E-70	43	281	339	-32797	-32075	723	32797	32069
127161976	-1	618	3.308E-175	2	34279	35805	902	322	0.604	3.685E-95	23	295	511	-35805	-34987	819	35817	34987
127161976	-1	618	3.308E-175	2	34279	35805	915	297	0.681	4.533E-87	294	510	511	-34929	-34279	651	34983	34279
127351388	-1	255	6.215E-66	1	32075	32785	963	255	0.559	1.453E-72	47	281	336	-32785	-32075	711	32797	32069
127390139	-1	254	1.243E-65	1	32075	32797	963	254	0.550	3.733E-72	44	282	373	-32797	-32075	723	32797	32069
127699256	-1	56	4.994E-06	1	25880	26305	1112	56	0.266	2.828E-05	129	259	261	-26305	-25880	426	26329	25871
128056064	1	185	7.338E-45	1	36377	36979	819	185	0.492	9.234E-49	59	259	343	36377	36979	603	36338	36982
128201620	1	183	2.935E-44	1	36377	36976	819	183	0.489	6.086E-48	18	217	278	36377	36976	600	36338	36982
128769286	1	72	7.620E-11	2	30841	31602	696	76	0.642	7.698E-14	55	112	287	30841	31014	174	30826	31029
128769286	1	72	7.620E-11	2	30841	31602	706	45	0.291	6.714E-02	163	259	287	31321	31602	282	31285	31680
129041925	1	182	5.870E-44	1	36377	36976	819	182	0.487	1.141E-47	18	217	278	36377	36976	600	36338	36982
129403568	-1	289	3.618E-76	2	32075	32939	953	42	0.621	3.573E-01	10	41	327	-32939	-32844	96	32939	32625
129403568	-1	289	3.618E-76	2	32075	32939	963	254	0.549	5.113E-72	34	272	327	-32797	-32075	723	32797	32069
129425572	-1	343	2.008E-92	1	34993	35775	902	343	0.659	2.881E-102	11	271	489	-35775	-34993	783	35817	34987
129457548	-1	249	3.978E-64	1	32075	32797	963	249	0.541	1.627E-70	43	281	336	-32797	-32075	723	32797	32069
129656262	-1	190	2.293E-46	2	25880	26610	1105	85	0.623	1.912E-16	74	140	297	-26610	-26410	201	26640	26395
129656262	-1	190	2.293E-46	2	25880	26610	1112	108	0.410	4.447E-23	145	291	297	-26311	-25880	432	26329	25871
129803604	-1	106	4.435E-21	1	10622	10897	1462	106	0.581	1.488E-23	68	159	165	-10897	-10622	276	10912	10619
129933128	-1	263	2.428E-68	2	32075	33065	949	40	0.942	1.213E-01	0	18	336	-33065	-33009	57	33071	32943
129933128	-1	263	2.428E-68	2	32075	33065	963	246	0.536	2.015E-69	43	281	336	-32797	-32075	723	32797	32069
130041884	-1	247	1.591E-63	1	32075	32785	963	247	0.545	7.842E-70	49	283	336	-32785	-32075	711	32797	32069
130531623	1	177	1.878E-42	1	36377	36979	819	177	0.474	3.616E-46	18	219	285	36377	36979	603	36338	36982
130601584	1	168	9.618E-40	1	36377	36979	819	168	0.456	9.291E-43	19	219	284	36377	36979	603	36338	36982
130622928	-1	319	3.369E-85	1	34993	35799	902	319	0.601	3.334E-94	4	275	492	-35799	-34993	807	35817	34987
130686015	-1	259	3.885E-67	1	32075	32797	963	259	0.559	6.249E-74	45	283	360	-32797	-32075	723	32797	32069
130686218	-1	327	1.316E-87	1	34993	35775	902	327	0.635	6.166E-97	8	268	488	-35775	-34993	783	35817	34987
130797415	-1	313	2.156E-83	2	31881	32797	963	251	0.545	3.376E-71	45	283	388	-32797	-32075	723	32797	32069
130797415	-1	313	2.156E-83	2	31881	32797	967	61	0.625	9.016E-09	285	331	388	-32018	-31881	138	32018	31878
130862732	1	181	1.174E-43	1	36377	36979	819	181	0.483	1.562E-47	18	219	285	36377	36979	603	36338	36982
131082726	-1	262	4.856E-68	3	16172	16763	1333	114	0.830	2.093E-26	73	137	227	-16763	-16569	195	16805	16527
131082726	-1	262	4.856E-68	3	16172	16763	1335	57	0.786	6.389E-08	138	171	227	-16504	-16403	102	16504	16397
131082726	-1	262	4.856E-68	3	16172	16763	1338	91	0.770	5.866E-19	170	225	227	-16339	-16172	168	16351	16169
131245773	-1	252	4.972E-65	3	16172	16763	1333	107	0.784	6.259E-24	77	141	250	-16763	-16569	195	16805	16527
131245773	-1	252	4.972E-65	3	16172	16763	1335	55	0.771	5.963E-07	143	175	250	-16501	-16403	99	16504	16397
131245773	-1	252	4.972E-65	3	16172	16763	1338	90	0.764	1.107E-18	174	229	250	-16339	-16172	168	16351	16169
131546731	-1	104	1.774E-20	1	16569	16760	1333	104	0.779	4.187E-23	41	104	113	-16760	-16569	192	16805	16527
131663158	1	184	1.468E-44	1	36377	36982	819	184	0.488	2.371E-48	14	212	271	36377	36982	606	36338	36982
131756145	-1	624	5.169E-177	2	34279	35781	902	336	0.645	6.071E-100	34	296	514	-35781	-34993	789	35817	34987
131756145	-1	624	5.169E-177	2	34279	35781	915	287	0.663	8.691E-84	297	513	514	-34929	-34279	651	34983	34279
131764041	-1	319	3.369E-85	1	34993	35775	902	319	0.621	6.255E-94	14	274	493	-35775	-34993	783	35817	34987
131771691	-1	630	8.076E-179	4	31881	33065	949	43	1.000	9.321E-03	0	18	332	-33065	-33009	57	33071	32943
131771691	-1	630	8.076E-179	4	31881	33065	953	72	0.999	1.352E-11	19	51	332	-32939	-32841	99	32939	32625
131771691	-1	630	8.076E-179	4	31881	33065	963	432	0.860	1.017E-133	45	284	332	-32794	-32072	723	32797	32069
131771691	-1	630	8.076E-179	4	31881	33065	967	86	0.872	1.289E-17	285	330	332	-32018	-31881	138	32018	31878
131782769	-1	323	2.106E-86	1	34993	35775	902	323	0.627	2.690E-95	9	269	488	-35775	-34993	783	35817	34987
131787947	-1	76	4.762E-12	1	12155	12478	1433	76	0.395	2.535E-12	34	140	151	-12478	-12155	324	12529	12074
131788642	-1	115	8.663E-24	1	10619	10912	1462	115	0.585	1.405E-26	7	105	111	-10912	-10619	294	10912	10619
131859013	-1	139	5.163E-31	2	25895	26613	1105	72	0.573	3.588E-12	89	151	315	-26613	-26425	189	26640	26395
131859013	-1	139	5.163E-31	2	25895	26613	1112	76	0.322	4.906E-12	162	305	315	-26308	-25895	414	26329	25871
131879635	-1	248	7.956E-64	1	32075	32785	963	248	0.546	5.726E-70	54	290	341	-32785	-32075	711	32797	32069
131897873	-1	624	5.169E-177	2	34279	35775	902	340	0.654	3.574E-101	11	271	489	-35775	-34993	783	35817	34987
131897873	-1	624	5.169E-177	2	34279	35775	915	284	0.654	1.079E-82	271	488	489	-34932	-34279	654	34983	34279
131974076	-1	321	8.423E-86	1	34993	35775	902	321	0.624	1.297E-94	12	272	468	-35775	-34993	783	35817	34987
131987774	-1	108	1.109E-21	1	10619	10912	1462	108	0.556	3.055E-24	20	118	124	-10912	-10619	294	10912	10619
131988262	-1	60	3.121E-07	1	10916	11161	1456	60	0.395	7.748E-08	5	88	112	-11161	-10916	246	11170	10916
131989089	-1	99	5.677E-19	1	10619	10912	1462	99	0.517	4.446E-21	20	118	124	-10912	-10619	294	10912	10619
131989932	-1	96	4.542E-18	1	10619	10912	1462	96	0.505	4.080E-20	19	117	123	-10912	-10619	294	10912	10619
131990109	-1	102	7.097E-20	1	10622	10912	1462	102	0.537	2.572E-22	3	100	107	-10912	-10622	291	10912	10619
131990629	-1	99	5.677E-19	1	10619	10912	1462	99	0.517	4.446E-21	20	118	124	-10912	-10619	294	10912	10619
131998718	-1	139	5.163E-31	2	25916	26604	1105	78	0.633	5.787E-14	92	151	315	-26604	-26425	180	26640	26395
131998718	-1	139	5.163E-31	2	25916	26604	1112	71	0.321	1.527E-10	163	298	315	-26305	-25916	390	26329	25871
132037389	1	200	2.239E-49	1	36377	36979	819	200	0.524	4.366E-54	13	209	275	36377	36979	603	36338	36982
132049571	-1	198	8.957E-49	2	25880	26610	1105	89	0.683	8.013E-18	82	144	305	-26610	-26422	189	26640	26395
132049571	-1	198	8.957E-49	2	25880	26610	1112	116	0.433	5.988E-26	153	299	305	-26311	-25880	432	26329	25871
132055017	1	194	1.433E-47	1	36377	36979	819	194	0.510	6.687E-52	11	207	273	36377	36979	603	36338	36982
132068853	-1	622	2.068E-176	2	34279	35775	902	334	0.645	4.012E-99	33	293	511	-35775	-34993	783	35817	34987
132068853	-1	622	2.068E-176	2	34279	35775	915	287	0.663	8.691E-84	294	510	511	-34929	-34279	651	34983	34279
132094593	-1	259	3.885E-67	1	32075	32794	963	259	0.561	6.249E-74	69	306	361	-32794	-32075	720	32797	32069
132099390	-1	319	3.369E-85	1	34993	35775	902	319	0.621	6.255E-94	9	269	488	-35775	-34993	783	35817	34987
133808370	1	100	2.839E-19	2	35018	35371	783	43	0.353	1.152E-01	2	68	120	35018	35221	204	34958	35230
133808370	1	100	2.839E-19	2	35018	35371	786	59	0.618	4.931E-08	72	117	120	35234	35371	138	35234	35380
134454183	-1	253	2.486E-65	1	32075	32797	963	253	0.548	9.593E-72	45	283	348	-32797	-32075	723	32797	32069
134775127	-1	322	4.212E-86	3	31881	33071	949	40	0.867	8.801E-02	10	30	349	-33071	-33009	63	33071	32943
134775127	-1	322	4.212E-86	3	31881	33071	963	251	0.545	3.376E-71	55	293	349	-32797	-32075	723	32797	32069
134775127	-1	322	4.212E-86	3	31881	33071	967	53	0.566	3.874E-06	295	340	349	-32018	-31881	138	32018	31878
137184452	1	80	2.977E-13	2	35081	35380	783	36	0.429	2.501E+01	1	43	121	35081	35209	129	34958	35230
137184452	1	80	2.977E-13	2	35081	35380	786	52	0.536	1.122E-05	53	100	121	35237	35380	144	35234	35380
137184813	1	49	6.392E-04	1	35237	35380	786	49	0.508	1.447E-04	1	48	69	35237	35380	144	35234	35380
137239735	1	225	6.674E-57	2	36377	37193	819	180	0.484	4.010E-47	18	217	278	36377	36976	600	36338	36982
137239735	1	225	6.674E-57	2	36377	37193	824	44	0.445	1.621E-02	219	265	278	37041	37193	153	37023	37223
137449714	-1	250	1.989E-64	1	32075	32797	963	250	0.542	1.188E-70	43	281	336	-32797	-32075	723	32797	32069
137511290	1	173	3.006E-41	1	36377	36976	819	173	0.468	1.568E-44	18	217	312	36377	36976	600	36338	36982
137537580	1	155	7.879E-36	2	30841	31218	696	76	0.725	1.058E-13	52	101	161	30841	30990	150	30826	31029
137537580	1	155	7.879E-36	2	30841	31218	699	78	0.654	3.661E-14	102	159	161	31045	31218	174	31039	31275
137546912	1	162	6.155E-38	1	36377	36979	819	162	0.441	7.524E-41	17	219	291	36377	36979	603	36338	36982
137626900	1	86	4.651E-15	2	30698	31215	692	53	0.793	4.083E-06	2	32	140	30698	30790	93	30686	30829
137626900	1	86	4.651E-15	2	30698	31215	699	79	0.675	1.028E-14	80	136	140	31045	31215	171	31039	31275
137643934	-1	254	1.243E-65	1	32075	32797	963	254	0.550	3.733E-72	43	281	336	-32797	-32075	723	32797	32069
137920718	-1	604	5.420E-171	2	34279	35775	902	323	0.627	2.690E-95	11	271	490	-35775	-34993	783	35817	34987
137920718	-1	604	5.420E-171	2	34279	35775	915	280	0.650	1.836E-81	272	488	490	-34929	-34279	651	34983	34279
138321187	1	179	4.696E-43	1	36377	36979	819	179	0.479	7.517E-47	18	219	285	36377	36979	603	36338	36982
138434819	-1	329	3.290E-88	1	34993	35775	902	329	0.638	1.278E-97	8	268	484	-35775	-34993	783	35817	34987
138869197	-1	593	1.110E-167	2	34288	35775	902	319	0.625	4.567E-94	11	269	491	-35775	-34999	777	35817	34987
138869197	-1	593	1.110E-167	2	34288	35775	915	276	0.648	5.864E-80	273	486	491	-34929	-34288	642	34983	34279
139066630	1	171	1.202E-40	1	36377	36979	819	171	0.460	5.506E-44	19	221	285	36377	36979	603	36338	36982
139100459	-1	290	1.809E-76	2	32075	32939	953	42	0.626	2.609E-01	19	50	336	-32939	-32844	96	32939	32625
139100459	-1	290	1.809E-76	2	32075	32939	963	255	0.551	1.990E-72	43	281	336	-32797	-32075	723	32797	32069
139213870	1	177	1.878E-42	1	36377	36976	819	177	0.476	6.778E-46	18	216	285	36377	36976	600	36338	36982
139270975	-1	629	1.615E-178	2	34288	35805	902	335	0.624	1.139E-99	2	274	489	-35805	-34987	819	35817	34987
139270975	-1	629	1.615E-178	2	34288	35805	915	295	0.686	1.598E-86	273	486	489	-34929	-34288	642	34983	34279
139539625	-1	169	4.809E-40	2	25880	26610	1105	82	0.637	1.763E-15	177	239	412	-26610	-26422	189	26640	26395
139539625	-1	169	4.809E-40	2	25880	26610	1112	94	0.358	2.674E-18	248	401	412	-26311	-25880	432	26329	25871
139656567	-1	642	1.972E-182	2	34279	35775	902	351	0.672	5.315E-105	95	355	573	-35775	-34993	783	35817	34987
139656567	-1	642	1.972E-182	2	34279	35775	915	290	0.668	9.586E-85	356	572	573	-34929	-34279	651	34983	34279
139761660	-1	246	3.182E-63	1	32075	32797	963	246	0.535	2.759E-69	59	297	361	-32797	-32075	723	32797	32069
139773946	1	160	2.462E-37	1	36377	36979	819	160	0.436	4.944E-40	18	220	277	36377	36979	603	36338	36982
139847955	-1	618	3.308E-175	2	34279	35775	902	340	0.651	2.609E-101	11	273	489	-35775	-34987	789	35817	34987
139847955	-1	618	3.308E-175	2	34279	35775	915	279	0.647	4.723E-81	272	488	489	-34929	-34279	651	34983	34279
140030758	-1	327	1.316E-87	1	34993	35775	902	327	0.633	1.157E-96	9	269	439	-35775	-34993	783	35817	34987
140640493	-1	319	3.369E-85	1	34993	35775	902	319	0.621	6.255E-94	9	269	488	-35775	-34993	783	35817	34987
140918054	1	174	1.503E-41	1	36377	36976	819	174	0.471	6.110E-45	18	217	278	36377	36976	600	36338	36982
140982603	1	179	4.696E-43	1	36377	36976	819	179	0.481	1.409E-46	30	229	290	36377	36976	600	36338	36982
141289086	-1	365	4.788E-99	3	31881	32939	953	42	0.621	3.573E-01	19	50	374	-32939	-32844	96	32939	32625
141289086	-1	365	4.788E-99	3	31881	32939	963	264	0.568	1.046E-75	43	281	374	-32797	-32075	723	32797	32069
141289086	-1	365	4.788E-99	3	31881	32939	967	65	0.668	1.968E-10	283	329	374	-32018	-31881	138	32018	31878
141409701	-1	627	6.461E-178	2	34279	35775	902	344	0.661	1.121E-102	11	271	489	-35775	-34993	783	35817	34987
141409701	-1	627	6.461E-178	2	34279	35775	915	283	0.652	2.776E-82	271	488	489	-34932	-34279	654	34983	34279
141551340	-1	612	2.117E-173	2	34288	35775	902	322	0.626	5.048E-95	11	271	489	-35775	-34993	783	35817	34987
141551340	-1	612	2.117E-173	2	34288	35775	915	289	0.675	1.313E-84	272	485	489	-34929	-34288	642	34983	34279
142039607	-1	621	4.135E-176	2	34288	35775	902	339	0.649	6.706E-101	10	272	487	-35775	-34987	789	35817	34987
142039607	-1	621	4.135E-176	2	34288	35775	915	286	0.660	2.235E-83	268	484	487	-34938	-34288	651	34983	34279
142092888	-1	644	4.929E-183	2	34279	35775	902	337	0.650	3.235E-100	11	271	489	-35775	-34993	783	35817	34987
142092888	-1	644	4.929E-183	2	34279	35775	915	306	0.699	3.236E-90	272	488	489	-34929	-34279	651	34983	34279
142177822	-1	282	4.631E-74	2	32075	32939	953	41	0.610	6.698E-01	19	50	339	-32939	-32844	96	32939	32625
142177822	-1	282	4.631E-74	2	32075	32939	963	248	0.539	4.181E-70	43	281	339	-32797	-32075	723	32797	32069
142316771	-1	282	4.631E-74	2	32075	32939	953	41	0.610	6.698E-01	19	50	292	-32939	-32844	96	32939	32625
142316771	-1	282	4.631E-74	2	32075	32939	963	248	0.540	3.052E-70	43	281	292	-32797	-32075	723	32797	32069
142559062	-1	632	2.019E-179	2	34279	35775	902	349	0.669	2.565E-104	11	271	490	-35775	-34993	783	35817	34987
142559062	-1	632	2.019E-179	2	34279	35775	915	282	0.653	5.211E-82	272	488	490	-34929	-34279	651	34983	34279
142901090	1	212	5.467E-53	2	36425	37193	819	175	0.501	1.739E-45	32	217	280	36425	36979	555	36338	36982
142901090	1	212	5.467E-53	2	36425	37193	824	42	0.403	5.821E-02	212	267	280	37029	37193	165	37023	37223
143527127	-1	329	3.290E-88	1	34993	35775	902	329	0.638	1.278E-97	11	271	337	-35775	-34993	783	35817	34987
143800496	-1	51	1.598E-04	1	25895	26305	1112	51	0.256	1.563E-03	130	255	265	-26305	-25895	411	26329	25871
144292323	1	177	1.878E-42	1	36371	36976	819	177	0.474	3.616E-46	23	224	285	36371	36976	606	36338	36982
144600847	-1	121	1.354E-25	2	25880	26610	1105	81	0.626	2.421E-15	70	133	321	-26610	-26419	192	26640	26395
144600847	-1	121	1.354E-25	2	25880	26610	1112	72	0.308	8.175E-11	167	313	321	-26317	-25880	438	26329	25871
144714366	1	172	6.011E-41	1	36377	36979	819	172	0.461	2.938E-44	20	222	286	36377	36979	603	36338	36982
144999734	-1	599	1.734E-169	2	34291	35775	902	327	0.633	1.157E-96	11	271	487	-35775	-34993	783	35817	34987
144999734	-1	599	1.734E-169	2	34291	35775	915	272	0.641	1.366E-78	271	484	487	-34932	-34291	642	34983	34279
145056276	-1	284	1.158E-74	2	32075	32939	953	41	0.610	6.698E-01	19	50	339	-32939	-32844	96	32939	32625
145056276	-1	284	1.158E-74	2	32075	32939	963	250	0.542	1.188E-70	43	281	339	-32797	-32075	723	32797	32069
145057862	-1	81	1.488E-13	1	12125	12517	1433	81	0.342	8.092E-14	98	238	240	-12517	-12125	393	12529	12074
145082655	-1	633	1.010E-179	2	34288	35775	902	349	0.666	1.367E-104	11	273	489	-35775	-34987	789	35817	34987
145082655	-1	633	1.010E-179	2	34288	35775	915	285	0.666	4.196E-83	272	485	489	-34929	-34288	642	34983	34279
145660679	-1	268	7.587E-70	3	16169	16760	1333	116	0.857	3.130E-27	74	137	227	-16760	-16569	192	16805	16527
145660679	-1	268	7.587E-70	3	16169	16760	1335	58	0.812	4.644E-08	139	171	227	-16501	-16403	99	16504	16397
145660679	-1	268	7.587E-70	3	16169	16760	1338	94	0.788	2.452E-20	170	226	227	-16339	-16169	171	16351	16169
145712688	-1	167	1.924E-39	2	16172	16760	1333	111	0.821	2.636E-25	73	136	227	-16760	-16569	192	16805	16527
145712688	-1	167	1.924E-39	2	16172	16760	1338	88	0.749	5.417E-18	170	225	227	-16339	-16172	168	16351	16169
145972856	-1	261	9.711E-68	3	16169	16760	1333	112	0.831	7.427E-26	76	139	230	-16760	-16569	192	16805	16527
145972856	-1	261	9.711E-68	3	16169	16760	1335	58	0.817	3.376E-08	141	173	230	-16501	-16403	99	16504	16397
145972856	-1	261	9.711E-68	3	16169	16760	1338	91	0.758	5.866E-19	172	228	230	-16339	-16169	171	16351	16169
146025315	-1	168	9.618E-40	2	16169	16763	1333	108	0.792	2.420E-24	72	136	226	-16763	-16569	195	16805	16527
146025315	-1	168	9.618E-40	2	16169	16763	1338	91	0.761	4.270E-19	169	225	226	-16339	-16169	171	16351	16169
146042549	-1	166	3.847E-39	2	16169	16763	1333	108	0.794	1.763E-24	77	141	231	-16763	-16569	195	16805	16527
146042549	-1	166	3.847E-39	2	16169	16763	1338	89	0.746	2.089E-18	174	230	231	-16339	-16169	171	16351	16169
146069873	-1	256	3.108E-66	3	16169	16760	1333	110	0.827	4.967E-25	77	139	280	-16760	-16572	189	16805	16527
146069873	-1	256	3.108E-66	3	16169	16760	1335	56	0.792	1.664E-07	142	174	280	-16501	-16403	99	16504	16397
146069873	-1	256	3.108E-66	3	16169	16760	1338	93	0.761	1.199E-19	172	229	280	-16342	-16169	174	16351	16169
146215861	-1	296	2.826E-78	2	32075	32939	953	46	0.669	2.104E-02	22	53	340	-32939	-32844	96	32939	32625
146215861	-1	296	2.826E-78	2	32075	32939	963	251	0.563	4.624E-71	56	284	340	-32767	-32075	693	32797	32069
146229181	-1	643	9.859E-183	2	34288	35775	902	340	0.656	1.904E-101	11	271	489	-35775	-34993	783	35817	34987
146229181	-1	643	9.859E-183	2	34288	35775	915	302	0.699	7.552E-89	272	485	489	-34929	-34288	642	34983	34279
146267966	-1	155	7.879E-36	2	25922	26610	1105	73	0.519	1.901E-12	111	182	336	-26610	-26395	216	26640	26395
146267966	-1	155	7.879E-36	2	25922	26610	1112	81	0.363	6.129E-14	184	313	336	-26305	-25922	384	26329	25871
146285242	-1	265	6.070E-69	1	32075	32794	963	265	0.571	5.573E-76	48	285	340	-32794	-32075	720	32797	32069
146290062	-1	643	9.859E-183	2	34279	35775	902	350	0.671	9.976E-105	11	271	489	-35775	-34993	783	35817	34987
146290062	-1	643	9.859E-183	2	34279	35775	915	292	0.672	1.985E-85	272	488	489	-34929	-34279	651	34983	34279
146321269	-1	349	3.138E-94	1	34993	35775	902	349	0.670	1.367E-104	4	264	435	-35775	-34993	783	35817	34987
146344696	-1	60	3.121E-07	1	10916	11116	1456	60	0.462	7.748E-08	32	99	106	-11116	-10916	201	11170	10916
146529126	-1	94	1.817E-17	1	10619	10912	1462	94	0.501	1.988E-19	20	117	121	-10912	-10619	294	10912	10619
146529278	-1	84	1.860E-14	1	10685	10912	1462	84	0.552	7.496E-16	3	79	81	-10912	-10685	228	10912	10619
146530015	-1	66	4.877E-09	1	10757	10912	1462	66	0.623	8.473E-10	31	82	83	-10912	-10757	156	10912	10619
146530196	-1	107	2.218E-21	1	10619	10912	1462	107	0.553	5.755E-24	7	105	111	-10912	-10619	294	10912	10619
146530362	-1	100	2.839E-19	1	10619	10912	1462	100	0.523	1.719E-21	42	140	146	-10912	-10619	294	10912	10619
146530431	-1	106	4.435E-21	1	10619	10912	1462	106	0.546	2.042E-23	20	118	124	-10912	-10619	294	10912	10619
146531325	-1	100	2.839E-19	1	10619	10912	1462	100	0.523	1.719E-21	23	121	127	-10912	-10619	294	10912	10619
146531485	-1	68	1.219E-09	1	10694	10906	1462	68	0.467	3.276E-10	3	78	119	-10906	-10694	213	10912	10619
146531838	-1	85	9.302E-15	1	10619	10912	1462	85	0.464	2.111E-16	7	97	103	-10912	-10619	294	10912	10619
146532341	-1	92	7.267E-17	1	10619	10912	1462	92	0.487	1.329E-18	7	105	111	-10912	-10619	294	10912	10619
146553732	-1	318	6.739E-85	1	34993	35775	902	318	0.620	8.568E-94	9	269	489	-35775	-34993	783	35817	34987
146623918	1	144	1.614E-32	1	36425	36940	819	144	0.428	1.381E-34	27	213	214	36425	36940	516	36338	36982
146627487	1	252	4.972E-65	2	36377	37193	819	206	0.534	5.339E-56	12	208	267	36377	36982	606	36338	36982
146627487	1	252	4.972E-65	2	36377	37193	824	45	0.462	6.217E-03	209	254	267	37044	37193	150	37023	37223
146652027	-1	316	2.695E-84	1	34993	35775	902	316	0.616	5.658E-93	9	269	488	-35775	-34993	783	35817	34987
146683313	-1	321	8.423E-86	1	34993	35775	902	321	0.624	9.471E-95	12	272	491	-35775	-34993	783	35817	34987
146698052	-1	620	8.270E-176	2	34288	35775	902	345	0.663	4.359E-103	11	271	489	-35775	-34993	783	35817	34987
146698052	-1	620	8.270E-176	2	34288	35775	915	275	0.644	1.101E-79	271	485	489	-34932	-34288	645	34983	34279
146716451	-1	643	9.859E-183	2	34279	35775	902	346	0.661	1.696E-103	11	273	489	-35775	-34987	789	35817	34987
146716451	-1	643	9.859E-183	2	34279	35775	915	296	0.685	8.510E-87	274	488	489	-34923	-34279	645	34983	34279
150935114	-1	305	5.520E-81	2	31881	32797	963	254	0.550	3.733E-72	51	289	345	-32797	-32075	723	32797	32069
150935114	-1	305	5.520E-81	2	31881	32797	967	50	0.540	3.628E-05	291	336	345	-32018	-31881	138	32018	31878
151656601	-1	252	4.972E-65	1	32075	32797	963	252	0.547	1.314E-71	5	243	302	-32797	-32075	723	32797	32069
151787904	1	190	2.293E-46	1	36377	36976	819	190	0.505	1.133E-50	16	215	276	36377	36976	600	36338	36982
151798515	-1	244	1.273E-62	1	32075	32797	963	244	0.533	7.089E-69	38	276	326	-32797	-32075	723	32797	32069
151826378	1	175	7.514E-42	1	36359	36976	819	175	0.463	2.381E-45	14	217	278	36359	36976	618	36338	36982
151859041	-1	254	1.243E-65	1	32075	32797	963	254	0.550	2.725E-72	45	283	338	-32797	-32075	723	32797	32069
151864640	1	182	5.870E-44	1	36377	36982	819	182	0.484	8.333E-48	18	219	278	36377	36982	606	36338	36982
151875637	1	171	1.202E-40	3	30577	31266	686	40	0.762	6.190E-02	3	26	286	30577	30648	72	30556	30648
151875637	1	171	1.202E-40	3	30577	31266	696	76	0.725	1.058E-13	52	101	286	30841	30990	150	30826	31029
151875637	1	171	1.202E-40	3	30577	31266	699	78	0.478	2.665E-14	102	187	286	31045	31266	222	31039	31275
151933451	-1	69	6.096E-10	1	25889	26311	1112	69	0.306	9.934E-10	143	280	282	-26311	-25889	423	26329	25871
152035327	1	181	1.174E-43	1	36383	36979	819	181	0.485	2.929E-47	1	200	266	36383	36979	597	36338	36982
152054678	1	173	3.006E-41	1	36374	36976	819	173	0.468	8.365E-45	16	216	277	36374	36976	603	36338	36982
152090924	-1	249	3.978E-64	1	32075	32797	963	249	0.541	2.229E-70	13	251	306	-32797	-32075	723	32797	32069
152445917	-1	318	6.739E-85	1	34993	35775	902	318	0.620	8.568E-94	41	301	520	-35775	-34993	783	35817	34987
152781147	-1	298	7.066E-79	2	31878	32797	963	245	0.535	3.779E-69	48	286	349	-32797	-32075	723	32797	32069
152781147	-1	298	7.066E-79	2	31878	32797	967	52	0.546	1.010E-05	288	334	349	-32018	-31878	141	32018	31878
153221698	1	183	2.935E-44	1	36377	36979	819	183	0.485	6.086E-48	18	219	279	36377	36979	603	36338	36982
153325571	-1	248	7.956E-64	1	32075	32797	963	248	0.539	4.181E-70	43	281	336	-32797	-32075	723	32797	32069
153544711	-1	51	1.598E-04	1	25895	26305	1112	51	0.257	1.149E-03	129	254	261	-26305	-25895	411	26329	25871
153635575	1	238	8.146E-61	2	36428	37196	819	184	0.526	1.264E-48	26	208	274	36428	36979	552	36338	36982
153635575	1	238	8.146E-61	2	36428	37196	824	53	0.495	1.445E-05	209	262	274	37041	37196	156	37023	37223
153963077	-1	301	8.832E-80	2	31881	32797	963	248	0.539	4.181E-70	44	282	337	-32797	-32075	723	32797	32069
153963077	-1	301	8.832E-80	2	31881	32797	967	52	0.555	1.010E-05	284	329	337	-32018	-31881	138	32018	31878
154197683	1	172	6.011E-41	1	36377	36979	819	172	0.462	2.146E-44	21	223	287	36377	36979	603	36338	36982
154424742	1	179	4.696E-43	1	36377	36979	819	179	0.478	1.029E-46	18	219	279	36377	36979	603	36338	36982
154682925	-1	317	1.348E-84	1	34993	35775	902	317	0.617	3.016E-93	12	272	492	-35775	-34993	783	35817	34987
154760463	-1	324	1.053E-86	1	34993	35775	902	324	0.630	7.642E-96	9	269	488	-35775	-34993	783	35817	34987
154999744	-1	623	1.034E-176	2	34279	35775	902	341	0.656	1.390E-101	11	271	489	-35775	-34993	783	35817	34987
154999744	-1	623	1.034E-176	2	34279	35775	915	282	0.650	5.211E-82	271	488	489	-34932	-34279	654	34983	34279
155048872	-1	157	1.970E-36	2	25922	26610	1105	74	0.524	1.008E-12	111	182	336	-26610	-26395	216	26640	26395
155048872	-1	157	1.970E-36	2	25922	26610	1112	82	0.365	3.275E-14	184	313	336	-26305	-25922	384	26329	25871
155065709	-1	242	5.092E-62	3	25874	26764	1101	46	0.588	4.617E-03	39	76	320	-26764	-26654	111	26806	26561
155065709	-1	242	5.092E-62	3	25874	26764	1105	93	0.636	2.446E-19	73	144	320	-26610	-26395	216	26640	26395
155065709	-1	242	5.092E-62	3	25874	26764	1112	106	0.389	1.143E-22	144	299	320	-26311	-25874	438	26329	25871
155311005	-1	252	4.972E-65	1	32075	32797	963	252	0.546	1.800E-71	43	281	336	-32797	-32075	723	32797	32069
155324550	-1	605	2.710E-171	2	34291	35775	902	327	0.633	1.157E-96	11	271	487	-35775	-34993	783	35817	34987
155324550	-1	605	2.710E-171	2	34291	35775	915	278	0.652	1.664E-80	271	484	487	-34932	-34291	642	34983	34279
155574777	-1	249	3.978E-64	1	32075	32797	963	249	0.541	2.229E-70	43	281	336	-32797	-32075	723	32797	32069
155626576	1	227	1.668E-57	2	36377	37193	819	180	0.484	4.010E-47	18	217	278	36377	36976	600	36338	36982
155626576	1	227	1.668E-57	2	36377	37193	824	46	0.465	2.385E-03	219	265	278	37041	37193	153	37023	37223
155644038	1	210	2.187E-52	2	36425	37193	819	175	0.500	2.381E-45	32	217	280	36425	36979	555	36338	36982
155644038	1	210	2.187E-52	2	36425	37193	824	40	0.388	2.880E-01	212	267	280	37029	37193	165	37023	37223
155803299	-1	643	9.859E-183	2	34288	35775	902	342	0.658	5.407E-102	11	271	489	-35775	-34993	783	35817	34987
155803299	-1	643	9.859E-183	2	34288	35775	915	301	0.696	1.035E-88	271	485	489	-34932	-34288	645	34983	34279
156060085	-1	252	4.972E-65	1	32075	32767	963	252	0.564	2.465E-71	53	281	341	-32767	-32075	693	32797	32069
156626497	-1	50	3.196E-04	1	25880	26305	1112	50	0.250	2.126E-03	129	259	261	-26305	-25880	426	26329	25871
156732412	1	204	1.400E-50	1	36377	36982	819	204	0.530	2.574E-55	23	220	283	36377	36982	606	36338	36982
156868158	1	205	6.998E-51	1	36377	36982	819	205	0.531	1.372E-55	23	220	312	36377	36982	606	36338	36982
157449358	-1	309	3.450E-82	2	31878	32797	963	254	0.550	2.725E-72	49	287	341	-32797	-32075	723	32797	32069
157449358	-1	309	3.450E-82	2	31878	32797	967	57	0.610	2.189E-07	291	335	341	-32012	-31878	135	32018	31878
157458253	1	119	5.414E-25	2	31045	31605	699	77	0.658	6.909E-14	102	158	286	31045	31215	171	31039	31275
157458253	1	119	5.414E-25	2	31045	31605	706	52	0.344	2.490E-04	170	257	286	31342	31605	264	31285	31680
157668007	1	179	4.696E-43	1	36377	36976	819	179	0.481	1.409E-46	18	217	278	36377	36976	600	36338	36982
157904053	-1	285	5.788E-75	2	32075	32939	953	40	0.605	2.352E+00	12	42	373	-32939	-32847	93	32939	32625
157904053	-1	285	5.788E-75	2	32075	32939	963	251	0.544	4.624E-71	36	274	373	-32797	-32075	723	32797	32069
158103331	-1	323	2.106E-86	3	32075	33068	949	40	0.898	1.213E-01	2	21	371	-33068	-33009	60	33071	32943
158103331	-1	323	2.106E-86	3	32075	33068	953	40	0.600	1.255E+00	22	53	371	-32939	-32844	96	32939	32625
158103331	-1	323	2.106E-86	3	32075	33068	963	249	0.541	1.627E-70	46	284	371	-32797	-32075	723	32797	32069
158197806	-1	283	2.315E-74	2	32075	33065	949	42	0.978	3.361E-02	0	18	336	-33065	-33009	57	33071	32943
158197806	-1	283	2.315E-74	2	32075	33065	963	264	0.568	1.046E-75	43	281	336	-32797	-32075	723	32797	32069
158290451	-1	281	9.261E-74	2	32075	33065	949	41	0.960	6.385E-02	3	21	339	-33065	-33009	57	33071	32943
158290451	-1	281	9.261E-74	2	32075	33065	963	263	0.565	3.681E-75	46	284	339	-32797	-32075	723	32797	32069
158460376	-1	628	3.230E-178	2	34279	35775	902	346	0.660	3.182E-103	58	320	536	-35775	-34987	789	35817	34987
158460376	-1	628	3.230E-178	2	34279	35775	915	283	0.654	2.776E-82	319	535	536	-34929	-34279	651	34983	34279
158829621	-1	319	3.369E-85	1	34993	35775	902	319	0.622	3.334E-94	9	269	488	-35775	-34993	783	35817	34987
159342786	1	251	9.944E-65	2	36428	37193	819	204	0.568	2.574E-55	26	208	267	36428	36982	555	36338	36982
159342786	1	251	9.944E-65	2	36428	37193	824	46	0.465	4.517E-03	209	254	267	37044	37193	150	37023	37223
159368547	-1	249	3.978E-64	3	3693	4287	1626	106	0.792	8.591E-24	77	140	260	-4287	-4096	192	4329	4051
159368547	-1	249	3.978E-64	3	3693	4287	1628	54	0.746	8.205E-07	142	175	260	-4028	-3927	102	4028	3921
159368547	-1	249	3.978E-64	3	3693	4287	1631	89	0.746	2.089E-18	174	230	260	-3863	-3693	171	3875	3693
159561867	-1	610	8.469E-173	2	34279	35775	902	336	0.649	4.432E-100	10	270	489	-35775	-34993	783	35817	34987
159561867	-1	610	8.469E-173	2	34279	35775	915	273	0.634	9.973E-79	271	487	489	-34929	-34279	651	34983	34279
159579111	-1	628	3.230E-178	2	34279	35775	902	338	0.651	1.724E-100	11	271	490	-35775	-34993	783	35817	34987
159579111	-1	628	3.230E-178	2	34279	35775	915	289	0.666	2.466E-84	272	488	490	-34929	-34279	651	34983	34279
159779178	-1	633	1.010E-179	2	34288	35775	902	340	0.655	2.609E-101	11	271	489	-35775	-34993	783	35817	34987
159779178	-1	633	1.010E-179	2	34288	35775	915	293	0.680	5.632E-86	271	485	489	-34932	-34288	645	34983	34279
159797103	1	170	2.404E-40	1	36377	36979	819	170	0.461	1.412E-43	20	220	284	36377	36979	603	36338	36982
160473701	-1	298	7.066E-79	4	16169	16952	1325	41	0.489	5.434E-02	132	171	324	-16952	-16827	126	16952	16815
160473701	-1	298	7.066E-79	4	16169	16952	1333	110	0.818	3.618E-25	169	232	324	-16763	-16572	192	16805	16527
160473701	-1	298	7.066E-79	4	16169	16952	1335	59	0.823	2.454E-08	235	267	324	-16501	-16403	99	16504	16397
160473701	-1	298	7.066E-79	4	16169	16952	1338	91	0.758	5.866E-19	266	322	324	-16339	-16169	171	16351	16169
160854841	-1	319	3.369E-85	1	34993	35775	902	319	0.621	6.255E-94	17	277	496	-35775	-34993	783	35817	34987
160862816	-1	313	2.156E-83	3	31881	33065	949	41	0.960	6.385E-02	0	18	350	-33065	-33009	57	33071	32943
160862816	-1	313	2.156E-83	3	31881	33065	963	250	0.566	6.333E-71	55	281	350	-32761	-32075	687	32797	32069
160862816	-1	313	2.156E-83	3	31881	33065	967	56	0.585	3.012E-07	283	329	350	-32018	-31881	138	32018	31878
160977100	-1	616	1.323E-174	2	34288	35775	902	338	0.648	1.259E-100	11	273	489	-35775	-34987	789	35817	34987
160977100	-1	616	1.323E-174	2	34288	35775	915	279	0.654	6.471E-81	272	485	489	-34929	-34288	642	34983	34279
161005013	-1	326	2.632E-87	1	34993	35775	902	326	0.632	2.171E-96	11	271	485	-35775	-34993	783	35817	34987
161028240	-1	170	2.404E-40	2	25880	26610	1105	83	0.645	6.805E-16	157	219	385	-26610	-26422	189	26640	26395
161028240	-1	170	2.404E-40	2	25880	26610	1112	94	0.370	1.427E-18	228	375	385	-26311	-25880	432	26329	25871
161035361	-1	329	3.290E-88	1	34993	35775	902	329	0.637	2.399E-97	11	271	489	-35775	-34993	783	35817	34987
161039261	-1	312	4.313E-83	2	31881	32767	963	248	0.558	4.181E-70	55	283	349	-32767	-32075	693	32797	32069
161039261	-1	312	4.313E-83	2	31881	32767	967	63	0.658	1.332E-09	285	330	349	-32018	-31881	138	32018	31878
161070909	-1	97	2.271E-18	1	10619	10912	1462	97	0.509	2.166E-20	64	162	168	-10912	-10619	294	10912	10619
161071872	-1	97	2.271E-18	1	10619	10897	1462	97	0.530	2.166E-20	11	104	110	-10897	-10619	279	10912	10619
161072078	-1	74	1.905E-11	1	10667	10912	1462	74	0.451	1.502E-12	7	94	130	-10912	-10667	246	10912	10619
161072217	-1	100	2.839E-19	1	10619	10912	1462	100	0.521	2.360E-21	7	105	111	-10912	-10619	294	10912	10619
161072260	-1	97	2.271E-18	1	10619	10912	1462	97	0.510	1.578E-20	20	118	124	-10912	-10619	294	10912	10619
161072475	-1	76	4.762E-12	1	10637	10912	1462	76	0.443	4.229E-13	20	108	109	-10912	-10637	276	10912	10619
161072575	-1	80	2.977E-13	1	10679	10912	1462	80	0.521	1.297E-14	30	108	119	-10912	-10679	234	10912	10619
161072779	-1	88	1.163E-15	1	10628	10912	1462	88	0.485	3.156E-17	20	112	115	-10912	-10628	285	10912	10619
161073023	-1	74	1.905E-11	1	10622	10912	1462	74	0.417	2.061E-12	3	88	90	-10912	-10622	291	10912	10619
161073164	-1	64	1.951E-08	1	10766	10903	1462	64	0.666	7.780E-09	44	89	91	-10903	-10766	138	10912	10619
161073752	-1	96	4.542E-18	1	10619	10900	1462	96	0.522	4.080E-20	19	113	119	-10900	-10619	282	10912	10619
161073944	-1	100	2.839E-19	1	10619	10912	1462	100	0.523	1.719E-21	20	118	124	-10912	-10619	294	10912	10619
161084133	-1	64	1.951E-08	1	10916	11101	1456	64	0.520	2.355E-09	2	64	118	-11101	-10916	186	11170	10916
161087150	-1	626	1.292E-177	2	34279	35772	902	338	0.655	9.187E-101	42	301	519	-35772	-34993	780	35817	34987
161087150	-1	626	1.292E-177	2	34279	35772	915	287	0.663	8.691E-84	302	518	519	-34929	-34279	651	34983	34279
161088753	-1	159	4.924E-37	2	25913	26613	1105	76	0.530	2.060E-13	72	144	298	-26613	-26395	219	26640	26395
161088753	-1	159	4.924E-37	2	25913	26613	1112	82	0.361	2.394E-14	146	278	298	-26305	-25913	393	26329	25871
161094930	-1	637	6.310E-181	2	34279	35775	902	340	0.655	2.609E-101	11	271	489	-35775	-34993	783	35817	34987
161094930	-1	637	6.310E-181	2	34279	35775	915	296	0.679	8.510E-87	272	488	489	-34929	-34279	651	34983	34279
161151806	-1	616	1.323E-174	2	34279	35805	902	329	0.613	2.399E-97	47	319	535	-35805	-34987	819	35817	34987
161151806	-1	616	1.323E-174	2	34279	35805	915	288	0.664	4.629E-84	318	534	535	-34929	-34279	651	34983	34279
161170233	-1	260	1.942E-67	3	16169	16763	1333	109	0.797	1.284E-24	48	112	203	-16763	-16569	195	16805	16527
161170233	-1	260	1.942E-67	3	16169	16763	1335	57	0.802	8.790E-08	114	146	203	-16501	-16403	99	16504	16397
161170233	-1	260	1.942E-67	3	16169	16763	1338	94	0.788	2.452E-20	145	201	203	-16339	-16169	171	16351	16169
161170339	-1	262	4.856E-68	3	16169	16763	1333	109	0.797	1.284E-24	48	112	203	-16763	-16569	195	16805	16527
161170339	-1	262	4.856E-68	3	16169	16763	1335	59	0.828	1.784E-08	114	146	203	-16501	-16403	99	16504	16397
161170339	-1	262	4.856E-68	3	16169	16763	1338	94	0.788	2.452E-20	145	201	203	-16339	-16169	171	16351	16169
161217971	-1	630	8.076E-179	2	34279	35775	902	342	0.653	7.407E-102	11	273	489	-35775	-34987	789	35817	34987
161217971	-1	630	8.076E-179	2	34279	35775	915	289	0.666	2.466E-84	272	488	489	-34929	-34279	651	34983	34279
161381816	-1	70	3.048E-10	1	25880	26305	1112	70	0.306	5.322E-10	105	247	255	-26305	-25880	426	26329	25871
165376556	-1	302	4.416E-80	2	31881	32752	963	252	0.574	2.465E-71	57	280	335	-32752	-32075	678	32797	32069
165376556	-1	302	4.416E-80	2	31881	32752	967	51	0.558	1.914E-05	283	327	335	-32015	-31881	135	32018	31878
165481085	-1	296	2.826E-78	2	31881	32797	963	247	0.537	1.074E-69	44	282	336	-32797	-32075	723	32797	32069
165481085	-1	296	2.826E-78	2	31881	32797	967	48	0.522	1.795E-04	284	329	336	-32018	-31881	138	32018	31878
166191059	-1	288	7.235E-76	2	32075	32939	953	43	0.637	1.391E-01	19	50	336	-32939	-32844	96	32939	32625
166191059	-1	288	7.235E-76	2	32075	32939	963	252	0.547	1.314E-71	43	281	336	-32797	-32075	723	32797	32069
166267174	1	50	3.196E-04	1	35255	35380	786	50	0.578	5.544E-05	2	43	64	35255	35380	126	35234	35380
166391356	-1	258	7.769E-67	1	32075	32797	963	258	0.556	2.200E-73	47	285	325	-32797	-32075	723	32797	32069
166441223	-1	261	9.711E-68	1	32075	32797	963	261	0.563	9.462E-75	43	281	336	-32797	-32075	723	32797	32069
166479937	1	229	4.171E-58	2	36341	37202	819	180	0.462	5.490E-47	6	217	291	36341	36976	636	36338	36982
166479937	1	229	4.171E-58	2	36341	37202	824	48	0.460	4.832E-04	219	268	291	37041	37202	162	37023	37223
166484444	1	179	4.696E-43	1	36377	36979	819	179	0.479	7.517E-47	18	219	279	36377	36979	603	36338	36982
166484473	-1	250	1.989E-64	1	32075	32797	963	250	0.542	1.188E-70	43	281	336	-32797	-32075	723	32797	32069
166582119	-1	250	1.989E-64	1	32075	32797	963	250	0.543	8.674E-71	50	288	343	-32797	-32075	723	32797	32069
166635077	-1	248	7.956E-64	1	32075	32797	963	248	0.539	4.181E-70	43	281	336	-32797	-32075	723	32797	32069
166635358	-1	290	1.809E-76	2	32075	32939	953	42	0.626	2.609E-01	19	50	336	-32939	-32844	96	32939	32625
166635358	-1	290	1.809E-76	2	32075	32939	963	255	0.551	1.990E-72	43	281	336	-32797	-32075	723	32797	32069
167038291	1	195	7.166E-48	1	36341	36976	819	195	0.492	3.566E-52	4	215	276	36341	36976	636	36338	36982
167136752	-1	628	3.230E-178	2	34279	35775	902	344	0.661	1.535E-102	11	271	489	-35775	-34993	783	35817	34987
167136752	-1	628	3.230E-178	2	34279	35775	915	284	0.654	1.079E-82	271	488	489	-34932	-34279	654	34983	34279
167421677	1	212	5.467E-53	2	36377	37190	819	173	0.468	8.365E-45	169	369	433	36377	36979	603	36338	36982
167421677	1	212	5.467E-53	2	36377	37190	824	44	0.418	1.178E-02	364	419	433	37029	37190	162	37023	37223
167549741	-1	341	8.033E-92	1	34993	35775	902	341	0.656	1.390E-101	11	271	489	-35775	-34993	783	35817	34987
167857638	1	178	9.392E-43	1	36377	36976	819	178	0.480	1.929E-46	18	217	278	36377	36976	600	36338	36982
167996750	-1	171	1.202E-40	2	25880	26610	1105	72	0.512	4.929E-12	70	138	288	-26610	-26395	216	26640	26395
167996750	-1	171	1.202E-40	2	25880	26610	1112	100	0.394	1.752E-20	141	282	288	-26311	-25880	432	26329	25871
168094170	-1	629	1.615E-178	2	34279	35775	902	347	0.662	1.238E-103	11	273	489	-35775	-34987	789	35817	34987
168094170	-1	629	1.615E-178	2	34279	35775	915	283	0.655	2.026E-82	272	488	489	-34929	-34279	651	34983	34279
168550582	-1	179	4.696E-43	2	25880	26610	1105	87	0.649	2.075E-17	75	140	301	-26610	-26413	198	26640	26395
168550582	-1	179	4.696E-43	2	25880	26610	1112	98	0.387	6.161E-20	148	292	301	-26305	-25880	426	26329	25871
168555684	1	178	9.392E-43	1	36377	36979	819	178	0.476	1.929E-46	32	233	299	36377	36979	603	36338	36982
168660155	-1	248	7.956E-64	1	32075	32797	963	248	0.540	3.052E-70	43	281	336	-32797	-32075	723	32797	32069
168676796	1	175	7.514E-42	1	36371	36976	819	175	0.470	2.381E-45	23	224	285	36371	36976	606	36338	36982
168864815	-1	253	2.486E-65	1	32075	32785	963	253	0.555	9.593E-72	47	281	336	-32785	-32075	711	32797	32069
169542599	-1	51	1.598E-04	1	25880	26305	1112	51	0.250	1.563E-03	129	259	263	-26305	-25880	426	26329	25871
169730374	-1	620	8.270E-176	2	34282	35775	902	344	0.661	1.535E-102	11	271	489	-35775	-34993	783	35817	34987
169730374	-1	620	8.270E-176	2	34282	35775	915	276	0.642	4.280E-80	271	487	489	-34932	-34282	651	34983	34279
169955031	-1	265	6.070E-69	2	32075	33065	949	40	0.942	1.213E-01	0	18	355	-33065	-33009	57	33071	32943
169955031	-1	265	6.070E-69	2	32075	33065	963	248	0.539	4.181E-70	43	281	355	-32797	-32075	723	32797	32069
169967745	1	198	8.957E-49	1	36377	36982	819	198	0.517	2.881E-53	12	208	267	36377	36982	606	36338	36982
170028165	1	545	3.124E-153	3	36260	37196	810	37	0.828	8.147E+00	0	19	283	36260	36319	60	36101	36334
170028165	1	545	3.124E-153	3	36260	37196	819	403	0.949	2.723E-124	18	218	283	36377	36979	603	36338	36982
170028165	1	545	3.124E-153	3	36260	37196	824	105	0.938	8.666E-24	219	270	283	37041	37196	156	37023	37223
170361935	-1	321	8.423E-86	1	34993	35775	902	321	0.624	9.471E-95	9	269	488	-35775	-34993	783	35817	34987
170442299	-1	612	2.117E-173	2	34294	35775	902	334	0.645	2.929E-99	11	271	489	-35775	-34993	783	35817	34987
170442299	-1	612	2.117E-173	2	34294	35775	915	280	0.655	1.836E-81	269	483	489	-34938	-34294	645	34983	34279
170538570	-1	262	4.856E-68	1	32075	32797	963	262	0.563	6.907E-75	39	277	332	-32797	-32075	723	32797	32069
170922880	1	195	7.166E-48	1	36377	36976	819	195	0.516	2.604E-52	16	215	276	36377	36976	600	36338	36982
171444051	1	187	1.834E-45	1	36377	36976	819	187	0.498	1.918E-49	18	217	315	36377	36976	600	36338	36982
171449091	-1	257	1.554E-66	3	16172	16760	1333	111	0.821	2.636E-25	75	138	228	-16760	-16569	192	16805	16527
171449091	-1	257	1.554E-66	3	16172	16760	1335	53	0.736	1.554E-06	139	172	228	-16504	-16403	102	16504	16397
171449091	-1	257	1.554E-66	3	16172	16760	1338	93	0.785	1.199E-19	171	226	228	-16339	-16172	168	16351	16169
172471336	1	179	4.696E-43	1	36377	36976	819	179	0.482	7.517E-47	11	210	271	36377	36976	600	36338	36982
172626867	-1	138	1.033E-30	2	25895	26613	1105	72	0.573	3.588E-12	89	151	315	-26613	-26425	189	26640	26395
172626867	-1	138	1.033E-30	2	25895	26613	1112	75	0.320	9.170E-12	162	305	315	-26308	-25895	414	26329	25871
172932006	1	192	5.733E-47	2	36377	37193	819	160	0.436	4.944E-40	18	220	284	36377	36979	603	36338	36982
172932006	1	192	5.733E-47	2	36377	37193	824	37	0.359	3.724E+00	215	271	284	37029	37193	165	37023	37223
173194088	-1	324	1.053E-86	1	34993	35775	902	324	0.629	1.047E-95	15	275	494	-35775	-34993	783	35817	34987
173267995	-1	157	1.970E-36	2	25922	26610	1105	74	0.524	1.008E-12	111	182	336	-26610	-26395	216	26640	26395
173267995	-1	157	1.970E-36	2	25922	26610	1112	82	0.365	3.275E-14	184	313	336	-26305	-25922	384	26329	25871
173497836	1	178	9.392E-43	1	36377	36979	819	178	0.476	1.929E-46	20	221	281	36377	36979	603	36338	36982
173726450	-1	247	1.591E-63	1	32075	32797	963	247	0.537	1.074E-69	43	281	336	-32797	-32075	723	32797	32069
174019149	-1	263	2.428E-68	2	32075	33065	949	40	0.942	1.213E-01	0	18	336	-33065	-33009	57	33071	32943
174019149	-1	263	2.428E-68	2	32075	33065	963	246	0.535	2.759E-69	43	281	336	-32797	-32075	723	32797	32069
174070151	-1	333	2.056E-89	1	34993	35775	902	333	0.644	5.495E-99	11	271	488	-35775	-34993	783	35817	34987
174452661	-1	51	1.598E-04	1	25889	26305	1112	51	0.256	8.442E-04	129	256	261	-26305	-25889	417	26329	25871
174811837	-1	110	2.772E-22	1	16569	16763	1333	110	0.807	3.618E-25	39	103	112	-16763	-16569	195	16805	16527
174832030	-1	106	4.435E-21	1	16569	16760	1333	106	0.789	1.179E-23	41	104	113	-16760	-16569	192	16805	16527
174839058	-1	111	1.386E-22	1	16569	16763	1333	111	0.812	1.921E-25	40	104	113	-16763	-16569	195	16805	16527
174873243	-1	258	7.769E-67	1	32075	32782	963	258	0.567	1.173E-73	60	293	348	-32782	-32075	708	32797	32069
175270666	-1	248	7.956E-64	3	16169	16763	1333	106	0.781	8.591E-24	68	132	230	-16763	-16569	195	16805	16527
175270666	-1	248	7.956E-64	3	16169	16763	1335	56	0.786	2.289E-07	134	166	230	-16501	-16403	99	16504	16397
175270666	-1	248	7.956E-64	3	16169	16763	1338	87	0.724	7.442E-18	164	221	230	-16342	-16169	174	16351	16169
175306266	-1	321	8.423E-86	1	34993	35775	902	321	0.624	9.471E-95	9	269	488	-35775	-34993	783	35817	34987
175330774	-1	646	1.232E-183	2	34279	35775	902	344	0.661	1.121E-102	9	269	487	-35775	-34993	783	35817	34987
175330774	-1	646	1.232E-183	2	34279	35775	915	301	0.689	1.943E-88	270	486	487	-34929	-34279	651	34983	34279
175341679	1	183	2.935E-44	1	36377	36979	819	183	0.489	3.246E-48	16	212	278	36377	36979	603	36338	36982
175353563	-1	323	2.106E-86	1	34993	35772	902	323	0.630	1.434E-95	7	266	485	-35772	-34993	780	35817	34987
175374513	-1	108	1.109E-21	1	10619	10912	1462	108	0.563	2.226E-24	17	113	120	-10912	-10619	294	10912	10619
175408110	-1	323	2.106E-86	1	34993	35775	902	323	0.627	2.690E-95	14	274	493	-35775	-34993	783	35817	34987
175470680	-1	634	5.048E-180	2	34282	35775	902	336	0.649	4.432E-100	9	269	487	-35775	-34993	783	35817	34987
175470680	-1	634	5.048E-180	2	34282	35775	915	301	0.681	1.418E-88	266	485	487	-34941	-34282	660	34983	34279
175562647	-1	616	1.323E-174	2	34288	35775	902	343	0.660	2.103E-102	11	271	489	-35775	-34993	783	35817	34987
175562647	-1	616	1.323E-174	2	34288	35775	915	273	0.640	7.279E-79	271	485	489	-34932	-34288	645	34983	34279
175592282	-1	181	1.174E-43	2	25880	26610	1105	83	0.648	4.954E-16	154	216	380	-26610	-26422	189	26640	26395
175592282	-1	181	1.174E-43	2	25880	26610	1112	105	0.403	2.937E-22	225	371	380	-26311	-25880	432	26329	25871
175601144	1	188	9.172E-46	1	36377	36979	819	188	0.499	5.455E-50	20	220	306	36377	36979	603	36338	36982
175609461	1	123	3.384E-26	1	36605	36982	819	123	0.510	2.182E-27	0	123	124	36605	36982	378	36338	36982
175612104	-1	97	2.271E-18	1	10619	10912	1462	97	0.510	1.578E-20	7	105	111	-10912	-10619	294	10912	10619
175613108	-1	100	2.839E-19	1	10619	10912	1462	100	0.524	1.253E-21	70	168	174	-10912	-10619	294	10912	10619
175614550	-1	72	7.620E-11	1	10721	10912	1462	72	0.504	7.319E-12	3	76	104	-10912	-10721	192	10912	10619
175614846	-1	79	5.953E-13	1	10715	10912	1462	79	0.593	4.605E-14	7	72	103	-10912	-10715	198	10912	10619
175615248	-1	103	3.548E-20	1	10619	10912	1462	103	0.536	1.365E-22	3	101	107	-10912	-10619	294	10912	10619
175629995	-1	319	3.369E-85	1	34993	35775	902	319	0.621	4.567E-94	9	269	500	-35775	-34993	783	35817	34987
175648090	-1	398	5.574E-109	4	31878	33071	949	43	0.925	9.321E-03	48	68	405	-33071	-33009	63	33071	32943
175648090	-1	398	5.574E-109	4	31878	33071	953	42	0.616	4.892E-01	69	100	405	-32939	-32844	96	32939	32625
175648090	-1	398	5.574E-109	4	31878	33071	963	249	0.549	1.627E-70	97	331	405	-32785	-32075	711	32797	32069
175648090	-1	398	5.574E-109	4	31878	33071	967	64	0.642	7.040E-10	333	380	405	-32018	-31878	141	32018	31878
175660746	-1	319	3.369E-85	1	34993	35775	902	319	0.621	6.255E-94	9	269	488	-35775	-34993	783	35817	34987
175700384	-1	325	5.265E-87	1	34993	35775	902	325	0.630	5.579E-96	13	273	492	-35775	-34993	783	35817	34987
175702967	-1	158	9.848E-37	2	25913	26613	1105	74	0.521	7.335E-13	72	144	298	-26613	-26395	219	26640	26395
175702967	-1	158	9.848E-37	2	25913	26613	1112	83	0.362	1.750E-14	146	278	298	-26305	-25913	393	26329	25871
175707094	1	85	9.302E-15	1	35000	35230	783	85	0.558	2.113E-16	34	110	111	35000	35230	231	34958	35230
175724513	-1	323	2.106E-86	1	34993	35775	902	323	0.627	2.690E-95	10	270	489	-35775	-34993	783	35817	34987
175749283	-1	637	6.310E-181	2	34282	35772	902	342	0.660	7.407E-102	0	259	477	-35772	-34993	780	35817	34987
175749283	-1	637	6.310E-181	2	34282	35772	915	294	0.678	4.110E-86	260	475	477	-34929	-34282	648	34983	34279
175876753	-1	54	1.998E-05	1	25994	26305	1112	54	0.315	1.327E-04	48	151	192	-26305	-25994	312	26329	25871
177390970	-1	53	3.995E-05	1	25889	26314	1112	53	0.257	3.348E-04	126	256	261	-26314	-25889	426	26329	25871
177492417	-1	245	6.364E-63	1	32075	32791	963	245	0.538	3.779E-69	49	281	359	-32791	-32075	717	32797	32069
177753618	-1	242	5.092E-62	1	32075	32797	963	242	0.528	6.406E-68	44	282	337	-32797	-32075	723	32797	32069
179633369	-1	242	5.092E-62	1	32075	32797	963	242	0.528	6.406E-68	44	282	338	-32797	-32075	723	32797	32069
179802282	-1	241	1.018E-61	1	32075	32797	963	241	0.528	8.774E-68	44	282	338	-32797	-32075	723	32797	32069
179934460	-1	246	3.182E-63	1	32075	32797	963	246	0.535	2.759E-69	44	282	337	-32797	-32075	723	32797	32069
180742564	-1	289	3.618E-76	2	32075	32939	953	42	0.621	3.573E-01	19	50	336	-32939	-32844	96	32939	32625
180742564	-1	289	3.618E-76	2	32075	32939	963	254	0.549	5.113E-72	43	281	336	-32797	-32075	723	32797	32069
180809676	1	51	1.598E-04	1	35237	35380	786	51	0.533	1.544E-05	26	73	94	35237	35380	144	35234	35380
180873293	1	162	6.155E-38	1	36377	36979	819	162	0.440	1.030E-40	17	219	283	36377	36979	603	36338	36982
180926894	-1	244	1.273E-62	1	32075	32797	963	244	0.532	1.330E-68	43	281	336	-32797	-32075	723	32797	32069
180993046	1	168	9.618E-40	4	30577	31602	686	41	0.783	2.366E-02	6	29	287	30577	30648	72	30556	30648
180993046	1	168	9.618E-40	4	30577	31602	696	79	0.616	1.144E-14	55	116	287	30841	31029	189	30826	31029
180993046	1	168	9.618E-40	4	30577	31602	699	79	0.670	1.940E-14	105	161	287	31045	31215	171	31039	31275
180993046	1	168	9.618E-40	4	30577	31602	706	41	0.379	1.478E+00	201	259	287	31426	31602	177	31285	31680
181026104	-1	255	6.215E-66	1	32075	32785	963	255	0.558	1.990E-72	9	243	298	-32785	-32075	711	32797	32069
181068163	1	188	9.172E-46	1	36377	36982	819	188	0.494	1.023E-49	53	255	256	36377	36982	606	36338	36982
181081836	1	181	1.174E-43	1	36377	36976	819	181	0.485	2.929E-47	18	217	278	36377	36976	600	36338	36982
181192572	1	182	5.870E-44	1	36377	36976	819	182	0.487	1.141E-47	18	217	278	36377	36976	600	36338	36982
181344402	1	229	4.171E-58	4	30577	31215	686	39	0.747	1.176E-01	4	27	238	30577	30648	72	30556	30648
181344402	1	229	4.171E-58	4	30577	31215	692	53	0.745	5.619E-06	23	55	238	30692	30790	99	30686	30829
181344402	1	229	4.171E-58	4	30577	31215	696	75	0.589	2.745E-13	53	114	238	30841	31029	189	30826	31029
181344402	1	229	4.171E-58	4	30577	31215	699	78	0.664	3.661E-14	103	159	238	31045	31215	171	31039	31275
182096991	-1	156	3.939E-36	2	25880	26610	1105	86	0.666	5.376E-17	65	127	285	-26610	-26422	189	26640	26395
182096991	-1	156	3.939E-36	2	25880	26610	1112	77	0.325	1.404E-12	136	280	285	-26311	-25880	432	26329	25871
182189688	-1	249	3.978E-64	1	32075	32785	963	249	0.548	2.229E-70	79	313	368	-32785	-32075	711	32797	32069
182291925	-1	630	8.076E-179	2	34288	35775	902	338	0.651	1.724E-100	11	271	494	-35775	-34993	783	35817	34987
182291925	-1	630	8.076E-179	2	34288	35775	915	291	0.677	5.106E-85	272	485	494	-34929	-34288	642	34983	34279
183360503	1	202	5.598E-50	1	36377	36979	819	202	0.522	9.058E-55	15	218	286	36377	36979	603	36338	36982
184013991	-1	262	4.856E-68	1	32075	32797	963	262	0.563	6.907E-75	43	281	336	-32797	-32075	723	32797	32069
184275362	1	206	3.499E-51	2	36377	37211	819	172	0.465	2.938E-44	20	220	284	36377	36979	603	36338	36982
184275362	1	206	3.499E-51	2	36377	37211	824	39	0.356	7.518E-01	215	273	284	37029	37211	183	37023	37223
184830638	-1	132	6.609E-29	2	26003	26607	1105	71	0.562	1.278E-11	87	149	292	-26607	-26419	189	26640	26395
184830638	-1	132	6.609E-29	2	26003	26607	1112	68	0.367	1.357E-09	158	264	292	-26308	-26003	306	26329	25871
185289080	-1	622	2.068E-176	2	34279	35775	902	324	0.629	1.047E-95	11	271	489	-35775	-34993	783	35817	34987
185289080	-1	622	2.068E-176	2	34279	35775	915	297	0.682	2.414E-87	272	488	489	-34929	-34279	651	34983	34279
185394420	1	199	4.479E-49	2	36377	37193	819	164	0.446	1.145E-41	18	220	284	36377	36979	603	36338	36982
185394420	1	199	4.479E-49	2	36377	37193	824	40	0.377	5.460E-01	215	271	284	37029	37193	165	37023	37223
185835670	1	177	1.878E-42	1	36377	36976	819	177	0.477	4.951E-46	115	313	382	36377	36976	600	36338	36982
185835845	-1	616	1.323E-174	2	34288	35775	902	340	0.651	1.904E-101	11	273	489	-35775	-34987	789	35817	34987
185835845	-1	616	1.323E-174	2	34288	35775	915	277	0.651	2.280E-80	272	485	489	-34929	-34288	642	34983	34279
185868754	1	181	1.174E-43	1	36377	36979	819	181	0.481	2.929E-47	18	219	279	36377	36979	603	36338	36982
186238311	-1	267	1.517E-69	2	32069	33065	949	40	0.942	1.213E-01	0	18	290	-33065	-33009	57	33071	32943
186238311	-1	267	1.517E-69	2	32069	33065	963	250	0.540	6.333E-71	43	283	290	-32797	-32069	729	32797	32069
186418286	-1	254	1.243E-65	1	32078	32767	963	254	0.571	3.733E-72	52	279	331	-32767	-32078	690	32797	32069
186833399	1	183	2.935E-44	1	36377	36979	819	183	0.485	6.086E-48	18	219	279	36377	36979	603	36338	36982
186939039	1	188	9.172E-46	1	36338	36976	819	188	0.478	5.455E-50	5	217	278	36338	36976	639	36338	36982
187550826	-1	194	1.433E-47	2	25880	26610	1105	91	0.666	8.700E-19	75	141	299	-26610	-26410	201	26640	26395
187550826	-1	194	1.433E-47	2	25880	26610	1112	106	0.406	1.143E-22	146	292	299	-26311	-25880	432	26329	25871
187582986	-1	332	4.113E-89	1	34993	35775	902	332	0.643	1.031E-98	8	268	484	-35775	-34993	783	35817	34987
187847375	-1	282	4.631E-74	2	32075	32939	953	42	0.626	2.609E-01	19	50	336	-32939	-32844	96	32939	32625
187847375	-1	282	4.631E-74	2	32075	32939	963	247	0.537	1.074E-69	43	281	336	-32797	-32075	723	32797	32069
187956905	1	176	3.757E-42	4	30580	31602	686	40	0.784	8.531E-02	7	29	290	30580	30648	69	30556	30648
187956905	1	176	3.757E-42	4	30580	31602	696	75	0.715	2.745E-13	55	104	290	30841	30990	150	30826	31029
187956905	1	176	3.757E-42	4	30580	31602	699	84	0.711	2.279E-16	105	161	290	31045	31215	171	31039	31275
187956905	1	176	3.757E-42	4	30580	31602	706	40	0.373	2.737E+00	204	262	290	31426	31602	177	31285	31680
187979712	-1	142	6.454E-32	2	25916	26604	1105	78	0.633	5.787E-14	92	151	315	-26604	-26425	180	26640	26395
187979712	-1	142	6.454E-32	2	25916	26604	1112	74	0.331	1.254E-11	163	298	315	-26305	-25916	390	26329	25871
188037210	-1	645	2.465E-183	2	34282	35775	902	344	0.661	1.535E-102	11	271	489	-35775	-34993	783	35817	34987
188037210	-1	645	2.465E-183	2	34282	35775	915	300	0.690	3.648E-88	272	487	489	-34929	-34282	648	34983	34279
188265979	-1	174	1.503E-41	2	25880	26610	1105	79	0.621	1.184E-14	152	214	378	-26610	-26422	189	26640	26395
188265979	-1	174	1.503E-41	2	25880	26610	1112	102	0.395	2.656E-21	223	369	378	-26311	-25880	432	26329	25871
188340181	1	162	6.155E-38	1	36377	36979	819	162	0.441	7.524E-41	17	219	283	36377	36979	603	36338	36982
188345264	-1	633	1.010E-179	2	34288	35775	902	331	0.640	3.631E-98	11	271	489	-35775	-34993	783	35817	34987
188345264	-1	633	1.010E-179	2	34288	35775	915	302	0.696	7.552E-89	271	485	489	-34932	-34288	645	34983	34279
189066817	-1	307	1.380E-81	2	31881	32770	963	253	0.563	7.003E-72	24	254	307	-32770	-32072	699	32797	32069
189066817	-1	307	1.380E-81	2	31881	32770	967	53	0.563	5.332E-06	255	300	307	-32018	-31881	138	32018	31878
189270224	-1	248	7.956E-64	3	16172	16760	1333	105	0.784	2.222E-23	74	137	227	-16760	-16569	192	16805	16527
189270224	-1	248	7.956E-64	3	16172	16760	1335	54	0.741	1.129E-06	138	171	227	-16504	-16403	102	16504	16397
189270224	-1	248	7.956E-64	3	16172	16760	1338	89	0.755	2.870E-18	170	225	227	-16339	-16172	168	16351	16169
189307308	-1	208	8.747E-52	3	16403	16952	1325	42	0.484	3.943E-02	50	89	239	-16952	-16824	129	16952	16815
189307308	-1	208	8.747E-52	3	16403	16952	1333	109	0.810	9.358E-25	87	150	239	-16760	-16569	192	16805	16527
189307308	-1	208	8.747E-52	3	16403	16952	1335	60	0.861	9.429E-09	153	184	239	-16498	-16403	96	16504	16397
189471204	-1	165	7.694E-39	2	16172	16760	1333	109	0.813	6.817E-25	73	136	227	-16760	-16569	192	16805	16527
189471204	-1	165	7.694E-39	2	16172	16760	1338	87	0.735	7.442E-18	169	225	227	-16342	-16172	171	16351	16169
189471315	-1	169	4.809E-40	2	16172	16760	1333	107	0.797	4.560E-24	73	136	227	-16760	-16569	192	16805	16527
189471315	-1	169	4.809E-40	2	16172	16760	1338	93	0.776	8.730E-20	169	225	227	-16342	-16172	171	16351	16169
189477065	-1	254	1.243E-65	3	16169	16763	1333	110	0.804	4.967E-25	75	139	229	-16763	-16569	195	16805	16527
189477065	-1	254	1.243E-65	3	16169	16763	1335	53	0.731	2.138E-06	140	173	229	-16504	-16403	102	16504	16397
189477065	-1	254	1.243E-65	3	16169	16763	1338	91	0.761	4.270E-19	172	228	229	-16339	-16169	171	16351	16169
189536150	1	52	7.990E-05	1	35234	35380	786	52	0.531	8.148E-06	18	66	67	35234	35380	147	35234	35380
189689966	-1	169	4.809E-40	2	16403	16751	1333	108	0.800	3.322E-24	1	64	119	-16751	-16560	192	16805	16527
189689966	-1	169	4.809E-40	2	16403	16751	1335	62	0.888	1.916E-09	67	98	119	-16498	-16403	96	16504	16397
189940562	-1	410	1.361E-112	1	34993	35775	902	410	0.768	1.188E-125	11	271	363	-35775	-34993	783	35817	34987
189941824	-1	601	4.336E-170	2	34294	35775	902	333	0.644	5.495E-99	11	271	488	-35775	-34993	783	35817	34987
189941824	-1	601	4.336E-170	2	34294	35775	915	270	0.634	9.035E-78	269	483	488	-34938	-34294	645	34983	34279
189954961	-1	187	1.834E-45	2	25880	26610	1105	91	0.661	1.641E-18	85	151	309	-26610	-26410	201	26640	26395
189954961	-1	187	1.834E-45	2	25880	26610	1112	99	0.385	4.499E-20	156	302	309	-26311	-25880	432	26329	25871
190019102	-1	108	1.109E-21	1	16569	16763	1333	108	0.794	1.763E-24	41	105	114	-16763	-16569	195	16805	16527
190020486	-1	600	8.672E-170	2	34291	35805	902	327	0.614	1.157E-96	0	270	487	-35805	-34993	813	35817	34987
190020486	-1	600	8.672E-170	2	34291	35805	915	272	0.642	1.872E-78	271	483	487	-34929	-34291	639	34983	34279
190021943	-1	53	3.995E-05	1	12191	12430	1433	53	0.371	2.394E-04	66	145	153	-12430	-12191	240	12529	12074
190027002	-1	339	3.213E-91	1	34993	35775	902	339	0.654	4.896E-101	21	281	499	-35775	-34993	783	35817	34987
190032431	-1	325	5.265E-87	1	34993	35811	902	325	0.607	5.579E-96	38	310	542	-35811	-34993	819	35817	34987
190057264	-1	331	8.226E-89	1	34993	35772	902	331	0.642	4.974E-98	13	272	493	-35772	-34993	780	35817	34987
190081064	-1	75	9.525E-12	1	25883	26305	1112	75	0.324	6.708E-12	50	191	227	-26305	-25883	423	26329	25871
190135782	1	73	3.810E-11	2	35483	35773	793	36	0.387	4.460E+00	8	57	128	35483	35632	150	35462	35632
190135782	1	73	3.810E-11	2	35483	35773	799	38	0.434	3.132E+00	60	104	128	35639	35773	135	35636	35869
190153949	-1	95	9.084E-18	1	10640	10912	1462	95	0.532	7.687E-20	7	98	100	-10912	-10640	273	10912	10619
190154510	-1	102	7.097E-20	1	10619	10912	1462	102	0.531	3.530E-22	20	118	124	-10912	-10619	294	10912	10619
190154797	-1	73	3.810E-11	1	10751	10912	1462	73	0.657	3.884E-12	7	60	66	-10912	-10751	162	10912	10619
190154962	-1	106	4.435E-21	1	10619	10912	1462	106	0.548	1.488E-23	3	101	107	-10912	-10619	294	10912	10619
190156346	-1	108	1.109E-21	1	10619	10912	1462	108	0.555	4.193E-24	31	129	154	-10912	-10619	294	10912	10619
190156425	-1	85	9.302E-15	1	10667	10912	1462	85	0.526	2.898E-16	20	102	103	-10912	-10667	246	10912	10619
190157100	-1	76	4.762E-12	1	10712	10912	1462	76	0.558	5.806E-13	31	98	101	-10912	-10712	201	10912	10619
190157113	-1	79	5.953E-13	1	10709	10912	1462	79	0.574	3.355E-14	20	88	92	-10912	-10709	204	10912	10619
190185877	-1	617	6.616E-175	2	34288	35775	902	346	0.665	2.323E-103	11	271	489	-35775	-34993	783	35817	34987
190185877	-1	617	6.616E-175	2	34288	35775	915	271	0.637	2.565E-78	271	485	489	-34932	-34288	645	34983	34279
190283868	-1	392	3.567E-107	4	31878	33065	949	43	1.000	1.284E-02	0	18	354	-33065	-33009	57	33071	32943
190283868	-1	392	3.567E-107	4	31878	33065	953	40	0.600	1.255E+00	19	50	354	-32939	-32844	96	32939	32625
190283868	-1	392	3.567E-107	4	31878	33065	963	248	0.558	4.181E-70	53	281	354	-32767	-32075	693	32797	32069
190283868	-1	392	3.567E-107	4	31878	33065	967	62	0.647	3.464E-09	285	330	354	-32012	-31878	135	32018	31878
190289956	-1	607	6.775E-172	2	34294	35775	902	336	0.649	6.071E-100	13	273	487	-35775	-34993	783	35817	34987
190289956	-1	607	6.775E-172	2	34294	35775	915	273	0.641	5.313E-79	271	485	487	-34938	-34294	645	34983	34279
190435587	1	240	2.037E-61	4	30580	31215	686	40	0.784	8.531E-02	4	26	286	30580	30648	69	30556	30648
190435587	1	240	2.037E-61	4	30580	31215	692	55	0.771	1.138E-06	22	54	286	30692	30790	99	30686	30829
190435587	1	240	2.037E-61	4	30580	31215	696	72	0.692	2.541E-12	52	101	286	30841	30990	150	30826	31029
190435587	1	240	2.037E-61	4	30580	31215	699	77	0.658	6.909E-14	102	158	286	31045	31215	171	31039	31275
190435890	-1	283	2.315E-74	2	32069	32939	953	42	0.616	4.892E-01	19	50	318	-32939	-32844	96	32939	32625
190435890	-1	283	2.315E-74	2	32069	32939	963	248	0.536	3.052E-70	43	283	318	-32797	-32069	729	32797	32069
191863361	-1	57	2.497E-06	1	25880	26305	1112	57	0.271	8.198E-06	129	259	261	-26305	-25880	426	26329	25871
192686758	1	90	2.907E-16	2	35063	35377	783	49	0.439	9.922E-04	6	63	145	35063	35227	165	34958	35230
192686758	1	90	2.907E-16	2	35063	35377	786	43	0.487	1.762E-02	67	110	145	35246	35377	132	35234	35380
193070036	-1	247	1.591E-63	1	32075	32782	963	247	0.547	7.842E-70	48	281	309	-32782	-32075	708	32797	32069
193198589	-1	310	1.725E-82	2	31878	32752	963	248	0.568	4.181E-70	57	280	330	-32752	-32075	678	32797	32069
193198589	-1	310	1.725E-82	2	31878	32752	967	61	0.625	9.016E-09	282	328	330	-32018	-31878	141	32018	31878
193631934	-1	60	3.121E-07	1	25880	26305	1112	60	0.279	9.352E-07	129	259	262	-26305	-25880	426	26329	25871
193773798	-1	248	7.956E-64	1	32111	32767	963	248	0.582	5.726E-70	52	268	330	-32767	-32111	657	32797	32069
194033050	-1	244	1.273E-62	1	32075	32767	963	244	0.541	1.330E-68	53	288	348	-32767	-32075	693	32797	32069
194465996	-1	251	9.944E-65	1	32075	32797	963	251	0.544	4.624E-71	43	281	343	-32797	-32075	723	32797	32069
195295400	-1	248	7.956E-64	1	32075	32797	963	248	0.539	5.726E-70	28	266	321	-32797	-32075	723	32797	32069
195472591	-1	287	1.447E-75	2	32075	32939	953	42	0.616	4.892E-01	19	50	336	-32939	-32844	96	32939	32625
195472591	-1	287	1.447E-75	2	32075	32939	963	252	0.546	1.800E-71	43	281	336	-32797	-32075	723	32797	32069
195534142	1	173	3.006E-41	1	36368	36976	819	173	0.464	8.365E-45	21	223	284	36368	36976	609	36338	36982
195596627	1	176	3.757E-42	1	36347	36976	819	176	0.457	1.271E-45	6	215	276	36347	36976	630	36338	36982
195606542	-1	288	7.235E-76	2	32075	32939	953	40	0.610	1.718E+00	57	87	374	-32939	-32847	93	32939	32625
195606542	-1	288	7.235E-76	2	32075	32939	963	250	0.551	6.333E-71	85	319	374	-32785	-32075	711	32797	32069
195613746	1	153	3.152E-35	2	30829	31269	696	76	0.679	1.058E-13	6	59	245	30829	30990	162	30826	31029
195613746	1	153	3.152E-35	2	30829	31269	699	76	0.519	1.791E-13	60	131	245	31045	31269	225	31039	31275
195647500	-1	269	3.793E-70	1	34279	34929	915	269	0.628	1.238E-77	179	395	397	-34929	-34279	651	34983	34279
195671905	1	175	7.514E-42	1	36377	36976	819	175	0.472	3.260E-45	18	217	278	36377	36976	600	36338	36982
195695692	1	183	2.935E-44	1	36377	36979	819	183	0.487	3.246E-48	18	219	279	36377	36979	603	36338	36982
195786868	1	186	3.669E-45	1	36377	36976	819	186	0.496	3.597E-49	49	248	309	36377	36976	600	36338	36982
195859764	-1	266	3.035E-69	2	32075	33065	949	40	0.942	1.213E-01	0	18	334	-33065	-33009	57	33071	32943
195859764	-1	266	3.035E-69	2	32075	33065	963	249	0.541	2.229E-70	43	281	334	-32797	-32075	723	32797	32069
195971032	1	251	9.944E-65	2	36377	37193	819	199	0.523	8.189E-54	11	206	272	36377	36979	603	36338	36982
195971032	1	251	9.944E-65	2	36377	37193	824	51	0.486	7.122E-05	207	259	272	37041	37193	153	37023	37223
196048959	-1	279	3.705E-73	3	16172	16760	1333	114	0.842	2.093E-26	84	147	237	-16760	-16569	192	16805	16527
196048959	-1	279	3.705E-73	3	16172	16760	1335	60	0.816	9.429E-09	148	181	237	-16504	-16403	102	16504	16397
196048959	-1	279	3.705E-73	3	16172	16760	1338	106	0.877	1.800E-24	179	235	237	-16342	-16172	171	16351	16169
196194865	-1	261	9.711E-68	2	32075	33065	949	40	0.942	1.213E-01	0	18	336	-33065	-33009	57	33071	32943
196194865	-1	261	9.711E-68	2	32075	33065	963	244	0.532	1.330E-68	43	281	336	-32797	-32075	723	32797	32069
196368793	1	179	4.696E-43	1	36377	36976	819	179	0.481	1.029E-46	18	217	278	36377	36976	600	36338	36982
196768969	-1	611	4.234E-173	2	34294	35775	902	321	0.629	6.914E-95	11	269	487	-35775	-34999	777	35817	34987
196768969	-1	611	4.234E-173	2	34294	35775	915	290	0.674	6.996E-85	269	483	487	-34938	-34294	645	34983	34279
196928542	1	188	9.172E-46	1	36428	36982	819	188	0.525	1.023E-49	25	212	276	36428	36982	555	36338	36982
197121007	-1	617	6.616E-175	2	34288	35775	902	336	0.645	4.432E-100	11	273	495	-35775	-34987	789	35817	34987
197121007	-1	617	6.616E-175	2	34288	35775	915	285	0.658	5.750E-83	269	485	495	-34938	-34288	651	34983	34279
197337107	-1	262	4.856E-68	2	32075	33065	949	40	0.942	1.213E-01	0	18	336	-33065	-33009	57	33071	32943
197337107	-1	262	4.856E-68	2	32075	33065	963	245	0.534	5.176E-69	43	281	336	-32797	-32075	723	32797	32069
197646025	1	210	2.187E-52	2	36428	37193	819	171	0.493	7.537E-44	115	299	362	36428	36979	552	36338	36982
197646025	1	210	2.187E-52	2	36428	37193	824	44	0.415	1.621E-02	294	349	362	37029	37193	165	37023	37223
197709631	1	177	1.878E-42	1	36377	36976	819	177	0.478	3.616E-46	18	217	278	36377	36976	600	36338	36982
198513534	-1	642	1.972E-182	2	34282	35775	902	344	0.661	1.121E-102	11	271	489	-35775	-34993	783	35817	34987
198513534	-1	642	1.972E-182	2	34282	35775	915	297	0.685	2.414E-87	272	487	489	-34929	-34282	648	34983	34279
198586542	-1	346	2.510E-93	1	34993	35775	902	346	0.665	2.323E-103	11	271	489	-35775	-34993	783	35817	34987
199039330	1	173	3.006E-41	1	36377	36976	819	173	0.468	1.568E-44	22	221	233	36377	36976	600	36338	36982
199064689	1	217	1.708E-54	2	36377	37193	819	177	0.474	3.616E-46	18	219	279	36377	36979	603	36338	36982
199064689	1	217	1.708E-54	2	36377	37193	824	39	0.402	1.035E+00	220	266	279	37041	37193	153	37023	37223
199073966	1	178	9.392E-43	1	36377	36976	819	178	0.480	1.929E-46	33	232	293	36377	36976	600	36338	36982
199655774	-1	622	2.068E-176	2	34282	35775	902	346	0.664	3.182E-103	11	271	489	-35775	-34993	783	35817	34987
199655774	-1	622	2.068E-176	2	34282	35775	915	276	0.641	5.864E-80	271	487	489	-34932	-34282	651	34983	34279
199718062	-1	67	2.438E-09	1	25889	26305	1112	67	0.303	3.458E-09	101	240	263	-26305	-25889	417	26329	25871
199732616	-1	141	1.291E-31	2	25907	26613	1105	72	0.573	3.588E-12	89	151	315	-26613	-26425	189	26640	26395
199732616	-1	141	1.291E-31	2	25907	26613	1112	78	0.334	1.026E-12	162	301	315	-26308	-25907	402	26329	25871
199741405	1	174	1.503E-41	1	36377	36976	819	174	0.471	6.110E-45	18	217	278	36377	36976	600	36338	36982
199748844	1	171	1.202E-40	1	36377	36979	819	171	0.459	7.537E-44	78	280	344	36377	36979	603	36338	36982
199798523	-1	248	7.956E-64	1	32075	32797	963	248	0.539	5.726E-70	42	280	335	-32797	-32075	723	32797	32069
199923594	-1	610	8.469E-173	2	34279	35775	902	319	0.621	4.567E-94	10	270	488	-35775	-34993	783	35817	34987
199923594	-1	610	8.469E-173	2	34279	35775	915	290	0.669	6.996E-85	271	487	488	-34929	-34279	651	34983	34279
200446644	-1	248	7.956E-64	1	32075	32797	963	248	0.539	4.181E-70	38	276	331	-32797	-32075	723	32797	32069
200873302	-1	327	1.316E-87	1	34993	35796	902	327	0.614	1.157E-96	5	275	494	-35796	-34993	804	35817	34987
201042231	-1	316	2.695E-84	3	32075	33065	949	40	0.889	1.672E-01	0	19	340	-33065	-33006	60	33071	32943
201042231	-1	316	2.695E-84	3	32075	33065	953	40	0.594	1.718E+00	23	54	340	-32939	-32844	96	32939	32625
201042231	-1	316	2.695E-84	3	32075	33065	963	245	0.534	5.176E-69	47	285	340	-32797	-32075	723	32797	32069
201138843	-1	57	2.497E-06	1	25880	26305	1112	57	0.271	8.198E-06	129	259	261	-26305	-25880	426	26329	25871
201480841	-1	327	1.316E-87	1	34993	35796	902	327	0.614	1.157E-96	5	275	494	-35796	-34993	804	35817	34987
201834399	1	180	2.348E-43	1	36377	36976	819	180	0.483	5.490E-47	20	219	280	36377	36976	600	36338	36982
201834450	1	178	9.392E-43	1	36377	36976	819	178	0.479	2.641E-46	18	217	278	36377	36976	600	36338	36982
202001295	1	172	6.011E-41	1	36344	36976	819	172	0.448	2.938E-44	34	244	305	36344	36976	633	36338	36982
202011247	1	171	1.202E-40	1	36377	36976	819	171	0.463	5.506E-44	18	218	279	36377	36976	600	36338	36982
202802534	-1	260	1.942E-67	3	16172	16760	1333	114	0.842	2.093E-26	75	138	228	-16760	-16569	192	16805	16527
202802534	-1	260	1.942E-67	3	16172	16760	1335	53	0.736	1.554E-06	139	172	228	-16504	-16403	102	16504	16397
202802534	-1	260	1.942E-67	3	16172	16760	1338	93	0.785	1.199E-19	171	226	228	-16339	-16172	168	16351	16169
202878674	-1	241	1.018E-61	1	32075	32797	963	241	0.528	8.774E-68	44	282	338	-32797	-32075	723	32797	32069
203071913	1	230	2.085E-58	2	36377	37193	819	183	0.489	6.086E-48	28	227	288	36377	36976	600	36338	36982
203071913	1	230	2.085E-58	2	36377	37193	824	46	0.461	3.282E-03	229	275	288	37041	37193	153	37023	37223
203215870	-1	286	2.894E-75	2	32075	32939	953	40	0.605	2.352E+00	55	85	416	-32939	-32847	93	32939	32625
203215870	-1	286	2.894E-75	2	32075	32939	963	252	0.546	1.800E-71	79	317	416	-32797	-32075	723	32797	32069
203270906	-1	257	1.554E-66	1	32075	32797	963	257	0.555	4.127E-73	43	281	369	-32797	-32075	723	32797	32069
203966184	-1	252	4.972E-65	3	16169	16760	1333	106	0.792	8.591E-24	74	137	232	-16760	-16569	192	16805	16527
203966184	-1	252	4.972E-65	3	16169	16760	1335	59	0.806	1.784E-08	138	171	232	-16504	-16403	102	16504	16397
203966184	-1	252	4.972E-65	3	16169	16760	1338	88	0.727	5.417E-18	169	226	232	-16342	-16169	174	16351	16169
204143777	1	50	3.196E-04	1	34994	35212	783	50	0.377	2.791E-04	9	82	146	34994	35212	219	34958	35230
204154750	-1	262	4.856E-68	3	16172	16760	1333	111	0.823	1.921E-25	74	137	227	-16760	-16569	192	16805	16527
204154750	-1	262	4.856E-68	3	16172	16760	1335	57	0.786	6.389E-08	138	171	227	-16504	-16403	102	16504	16397
204154750	-1	262	4.856E-68	3	16172	16760	1338	94	0.800	2.452E-20	170	225	227	-16339	-16172	168	16351	16169
204336144	-1	261	9.711E-68	3	16169	16763	1333	113	0.828	2.872E-26	75	139	229	-16763	-16569	195	16805	16527
204336144	-1	261	9.711E-68	3	16169	16763	1335	59	0.811	1.297E-08	140	173	229	-16504	-16403	102	16504	16397
204336144	-1	261	9.711E-68	3	16169	16763	1338	89	0.746	2.089E-18	172	228	229	-16339	-16169	171	16351	16169
204366385	1	125	8.460E-27	2	30707	30990	692	55	0.839	1.138E-06	14	43	89	30707	30796	90	30686	30829
204366385	1	125	8.460E-27	2	30707	30990	696	74	0.705	7.124E-13	39	88	89	30841	30990	150	30826	31029
204450883	-1	104	1.774E-20	1	10619	10912	1462	104	0.541	5.280E-23	7	105	111	-10912	-10619	294	10912	10619
204463103	-1	241	1.018E-61	1	32075	32773	963	241	0.542	8.774E-68	57	289	340	-32773	-32075	699	32797	32069
204477983	1	230	2.085E-58	2	36377	37196	819	180	0.481	5.490E-47	14	210	274	36377	36979	603	36338	36982
204477983	1	230	2.085E-58	2	36377	37196	824	49	0.481	2.552E-04	211	262	274	37041	37196	156	37023	37223
204480111	1	443	1.584E-122	5	30571	31680	686	53	0.935	1.173E-06	0	25	284	30571	30648	78	30556	30648
204480111	1	443	1.584E-122	5	30571	31680	692	57	0.766	1.219E-07	21	55	284	30692	30796	105	30686	30829
204480111	1	443	1.584E-122	5	30571	31680	696	89	0.661	2.158E-18	48	112	284	30832	31029	198	30826	31029
204480111	1	443	1.584E-122	5	30571	31680	699	101	0.717	3.729E-22	101	165	284	31045	31248	204	31039	31275
204480111	1	443	1.584E-122	5	30571	31680	706	167	0.676	5.068E-44	161	281	284	31315	31680	366	31285	31680
204486040	1	250	1.989E-64	2	36377	37193	819	200	0.526	5.979E-54	40	235	300	36377	36976	600	36338	36982
204486040	1	250	1.989E-64	2	36377	37193	824	49	0.484	1.855E-04	236	287	300	37038	37193	156	37023	37223
204492615	-1	78	1.191E-12	1	10661	10879	1462	78	0.536	8.677E-14	7	80	105	-10879	-10661	219	10912	10619
204553560	-1	356	2.451E-96	1	34993	35799	902	356	0.664	8.876E-107	3	271	490	-35799	-34993	807	35817	34987
204589389	1	49	6.392E-04	1	35234	35368	786	49	0.543	7.632E-05	39	83	84	35234	35368	135	35234	35380
204660705	-1	112	6.930E-23	1	16530	16760	1333	112	0.706	1.019E-25	42	113	114	-16760	-16530	231	16805	16527
204669342	-1	57	2.497E-06	1	10916	11047	1456	57	0.626	9.835E-07	3	46	85	-11047	-10916	132	11170	10916
204674161	-1	613	1.059E-173	2	34288	35775	902	320	0.623	1.777E-94	10	270	488	-35775	-34993	783	35817	34987
204674161	-1	613	1.059E-173	2	34288	35775	915	293	0.678	1.057E-85	270	484	488	-34932	-34288	645	34983	34279
204674259	-1	627	6.461E-178	2	34279	35775	902	332	0.643	1.031E-98	12	272	490	-35775	-34993	783	35817	34987
204674259	-1	627	6.461E-178	2	34279	35775	915	294	0.676	3.000E-86	273	489	490	-34929	-34279	651	34983	34279
204695171	-1	92	7.267E-17	1	10640	10912	1462	92	0.516	1.329E-18	6	97	98	-10912	-10640	273	10912	10619
204695409	-1	96	4.542E-18	1	10619	10909	1462	96	0.510	2.973E-20	3	100	125	-10909	-10619	291	10912	10619
204696724	-1	106	4.435E-21	1	10619	10912	1462	106	0.548	1.488E-23	20	118	124	-10912	-10619	294	10912	10619
204696852	-1	74	1.905E-11	1	10754	10912	1462	74	0.671	2.830E-12	7	59	91	-10912	-10754	159	10912	10619
204697135	-1	97	2.271E-18	1	10619	10906	1462	97	0.519	1.578E-20	10	106	121	-10906	-10619	288	10912	10619
204697182	-1	99	5.677E-19	1	10619	10912	1462	99	0.519	3.239E-21	7	105	111	-10912	-10619	294	10912	10619
204697649	-1	70	3.048E-10	1	10625	10897	1462	70	0.421	3.567E-11	12	102	110	-10897	-10625	273	10912	10619
204698154	-1	70	3.048E-10	1	10754	10912	1462	70	0.642	4.897E-11	7	59	106	-10912	-10754	159	10912	10619
204698461	-1	94	1.817E-17	1	10619	10912	1462	94	0.499	1.448E-19	20	118	119	-10912	-10619	294	10912	10619
204698484	-1	100	2.839E-19	1	10619	10912	1462	100	0.523	1.719E-21	24	122	128	-10912	-10619	294	10912	10619
204745022	-1	104	1.774E-20	1	10619	10912	1462	104	0.541	5.280E-23	75	173	179	-10912	-10619	294	10912	10619
204806920	-1	155	7.879E-36	2	25907	26613	1105	72	0.509	3.588E-12	80	152	306	-26613	-26395	219	26640	26395
204806920	-1	155	7.879E-36	2	25907	26613	1112	82	0.356	3.275E-14	154	288	306	-26305	-25907	399	26329	25871
204810462	-1	245	6.364E-63	1	32075	32797	963	245	0.535	3.779E-69	49	287	345	-32797	-32075	723	32797	32069
204996179	-1	279	3.705E-73	2	32075	32939	953	40	0.589	2.352E+00	19	50	336	-32939	-32844	96	32939	32625
204996179	-1	279	3.705E-73	2	32075	32939	963	246	0.536	2.015E-69	43	281	336	-32797	-32075	723	32797	32069
206468951	-1	240	2.037E-61	1	32075	32797	963	240	0.525	3.086E-67	44	282	338	-32797	-32075	723	32797	32069
207787098	-1	258	7.769E-67	2	32075	33065	949	41	0.960	6.385E-02	0	18	346	-33065	-33009	57	33071	32943
207787098	-1	258	7.769E-67	2	32075	33065	963	246	0.536	2.015E-69	49	287	346	-32797	-32075	723	32797	32069
209364893	-1	252	4.972E-65	1	32075	32767	963	252	0.565	1.800E-71	53	281	335	-32767	-32075	693	32797	32069
209833851	-1	287	1.447E-75	2	32075	32939	953	42	0.621	3.573E-01	19	50	336	-32939	-32844	96	32939	32625
209833851	-1	287	1.447E-75	2	32075	32939	963	252	0.546	2.465E-71	43	281	336	-32797	-32075	723	32797	32069
209836587	-1	248	7.956E-64	1	32075	32797	963	248	0.539	5.726E-70	40	278	333	-32797	-32075	723	32797	32069
209954361	1	193	2.866E-47	1	36377	36976	819	193	0.510	1.718E-51	28	227	288	36377	36976	600	36338	36982
209969179	-1	245	6.364E-63	1	32075	32797	963	245	0.535	3.779E-69	43	281	336	-32797	-32075	723	32797	32069
209992064	1	175	7.514E-42	1	36353	36976	819	175	0.458	3.260E-45	15	222	282	36353	36976	624	36338	36982
209994716	1	175	7.514E-42	1	36353	36976	819	175	0.458	3.260E-45	15	222	283	36353	36976	624	36338	36982
210015417	1	174	1.503E-41	1	36377	36979	819	174	0.468	4.463E-45	18	219	279	36377	36979	603	36338	36982
210041225	1	195	7.166E-48	1	36377	36976	819	195	0.515	3.566E-52	16	215	276	36377	36976	600	36338	36982
210087422	1	183	2.935E-44	1	36341	36976	819	183	0.468	4.445E-48	6	217	278	36341	36976	636	36338	36982
210146205	1	192	5.733E-47	1	36380	36979	819	192	0.508	4.411E-51	21	220	291	36380	36979	600	36338	36982
210233601	1	177	1.878E-42	1	36377	36979	819	177	0.473	6.778E-46	32	233	299	36377	36979	603	36338	36982
210321409	1	186	3.669E-45	1	36377	36976	819	186	0.496	4.925E-49	78	277	352	36377	36976	600	36338	36982
210347507	-1	250	1.989E-64	1	32075	32767	963	250	0.562	6.333E-71	64	292	347	-32767	-32075	693	32797	32069
210361108	1	179	4.696E-43	1	36377	36979	819	179	0.479	7.517E-47	32	233	293	36377	36979	603	36338	36982
210657852	-1	323	2.106E-86	1	34993	35775	902	323	0.628	1.434E-95	9	269	487	-35775	-34993	783	35817	34987
211076852	-1	254	1.243E-65	1	32075	32797	963	254	0.550	2.725E-72	45	283	338	-32797	-32075	723	32797	32069
211086415	-1	327	1.316E-87	1	34993	35775	902	327	0.633	1.157E-96	15	275	494	-35775	-34993	783	35817	34987
211138837	1	250	1.989E-64	2	36377	37196	819	196	0.510	1.388E-52	1	203	270	36377	36976	600	36338	36982
211138837	1	250	1.989E-64	2	36377	37196	824	53	0.494	7.637E-06	204	258	270	37038	37196	159	37023	37223
211509870	-1	298	7.066E-79	2	31881	32797	963	248	0.540	3.052E-70	47	285	346	-32797	-32075	723	32797	32069
211509870	-1	298	7.066E-79	2	31881	32797	967	49	0.526	1.303E-04	287	332	346	-32018	-31881	138	32018	31878
211712179	1	191	1.147E-46	1	36377	36979	819	191	0.504	8.273E-51	13	209	274	36377	36979	603	36338	36982
212023999	-1	646	1.232E-183	2	34282	35775	902	343	0.659	2.881E-102	11	271	489	-35775	-34993	783	35817	34987
212023999	-1	646	1.232E-183	2	34282	35775	915	302	0.694	7.552E-89	272	487	489	-34929	-34282	648	34983	34279
212146476	-1	151	1.261E-34	2	25880	26610	1105	69	0.516	6.253E-11	105	172	340	-26610	-26407	204	26640	26395
212146476	-1	151	1.261E-34	2	25880	26610	1112	86	0.356	1.425E-15	178	319	340	-26305	-25880	426	26329	25871
212157691	-1	251	9.944E-65	1	32069	32797	963	251	0.541	4.624E-71	43	283	285	-32797	-32069	729	32797	32069
212260443	-1	242	5.092E-62	1	32075	32797	963	242	0.528	6.406E-68	44	282	338	-32797	-32075	723	32797	32069
212411204	1	169	4.809E-40	1	36377	36979	819	169	0.458	1.933E-43	18	219	240	36377	36979	603	36338	36982
212518638	-1	642	1.972E-182	2	34288	35775	902	342	0.659	3.947E-102	11	271	489	-35775	-34993	783	35817	34987
212518638	-1	642	1.972E-182	2	34288	35775	915	300	0.693	2.662E-88	271	485	489	-34932	-34288	645	34983	34279
212659288	-1	258	7.769E-67	1	32075	32794	963	258	0.558	1.606E-73	48	285	340	-32794	-32075	720	32797	32069
212758701	-1	248	7.956E-64	1	32075	32767	963	248	0.558	4.181E-70	53	281	336	-32767	-32075	693	32797	32069
212859966	-1	140	2.582E-31	2	25895	26613	1105	72	0.573	3.588E-12	89	151	315	-26613	-26425	189	26640	26395
212859966	-1	140	2.582E-31	2	25895	26613	1112	77	0.327	1.404E-12	162	305	315	-26308	-25895	414	26329	25871
212947027	1	236	3.259E-60	2	36377	37193	819	195	0.513	3.566E-52	16	214	277	36377	36979	603	36338	36982
212947027	1	236	3.259E-60	2	36377	37193	824	44	0.482	1.621E-02	219	264	277	37056	37193	138	37023	37223
213053195	-1	51	1.598E-04	1	25895	26305	1112	51	0.257	1.149E-03	129	254	261	-26305	-25895	411	26329	25871
213117262	-1	268	7.587E-70	2	32075	33065	949	40	0.951	8.801E-02	0	18	347	-33065	-33009	57	33071	32943
213117262	-1	268	7.587E-70	2	32075	33065	963	251	0.545	3.376E-71	43	281	347	-32797	-32075	723	32797	32069
213696312	-1	321	8.423E-86	1	34993	35775	902	321	0.625	6.914E-95	9	269	488	-35775	-34993	783	35817	34987
213814933	1	194	1.433E-47	1	36341	36976	819	194	0.491	4.883E-52	32	243	304	36341	36976	636	36338	36982
213864838	-1	320	1.685E-85	1	34993	35775	902	320	0.623	1.777E-94	10	270	488	-35775	-34993	783	35817	34987
213923453	-1	253	2.486E-65	1	32075	32797	963	253	0.548	7.003E-72	48	286	341	-32797	-32075	723	32797	32069
214044593	-1	308	6.900E-82	4	16172	16949	1325	36	0.472	3.540E+00	31	66	221	-16949	-16836	114	16952	16815
214044593	-1	308	6.900E-82	4	16172	16949	1333	107	0.797	4.560E-24	68	131	221	-16760	-16569	192	16805	16527
214044593	-1	308	6.900E-82	4	16172	16949	1335	58	0.791	4.644E-08	132	165	221	-16504	-16403	102	16504	16397
214044593	-1	308	6.900E-82	4	16172	16949	1338	106	0.871	3.395E-24	163	219	221	-16342	-16172	171	16351	16169
214121394	-1	248	7.956E-64	1	32075	32797	963	248	0.539	4.181E-70	25	263	318	-32797	-32075	723	32797	32069
214250290	-1	619	1.654E-175	2	34279	35805	902	327	0.612	6.166E-97	0	272	488	-35805	-34987	819	35817	34987
214250290	-1	619	1.654E-175	2	34279	35805	915	293	0.673	1.057E-85	271	487	488	-34929	-34279	651	34983	34279
214534035	-1	254	1.243E-65	3	16169	16763	1333	111	0.812	1.921E-25	75	139	229	-16763	-16569	195	16805	16527
214534035	-1	254	1.243E-65	3	16169	16763	1335	52	0.721	4.050E-06	140	173	229	-16504	-16403	102	16504	16397
214534035	-1	254	1.243E-65	3	16169	16763	1338	91	0.761	4.270E-19	172	228	229	-16339	-16169	171	16351	16169
214680147	-1	262	4.856E-68	2	32075	33065	949	40	0.942	1.213E-01	0	18	336	-33065	-33009	57	33071	32943
214680147	-1	262	4.856E-68	2	32075	33065	963	245	0.535	3.779E-69	43	281	336	-32797	-32075	723	32797	32069
214729097	-1	327	1.316E-87	1	34993	35775	902	327	0.635	6.166E-97	11	271	485	-35775	-34993	783	35817	34987
214876292	-1	315	5.391E-84	2	31878	32782	963	259	0.569	4.562E-74	48	281	337	-32782	-32075	708	32797	32069
214876292	-1	315	5.391E-84	2	31878	32782	967	55	0.571	1.080E-06	283	329	337	-32018	-31878	141	32018	31878
215005833	1	191	1.147E-46	1	36371	36979	819	191	0.501	8.273E-51	12	210	276	36371	36979	609	36338	36982
215093984	-1	51	1.598E-04	1	25880	26305	1112	51	0.250	1.563E-03	129	259	261	-26305	-25880	426	26329	25871
216126328	1	186	3.669E-45	1	36377	36979	819	186	0.495	2.627E-49	18	218	284	36377	36979	603	36338	36982
216369170	-1	330	1.645E-88	2	31881	32794	963	276	0.590	1.137E-79	48	283	340	-32794	-32075	720	32797	32069
216369170	-1	330	1.645E-88	2	31881	32794	967	53	0.563	5.332E-06	285	330	340	-32018	-31881	138	32018	31878
216447649	1	179	4.696E-43	1	36377	36979	819	179	0.479	7.517E-47	17	218	284	36377	36979	603	36338	36982
216472703	-1	313	2.156E-83	2	31887	32752	963	259	0.585	8.560E-74	57	281	329	-32752	-32072	681	32797	32069
216472703	-1	313	2.156E-83	2	31887	32752	967	53	0.591	2.815E-06	282	325	329	-32018	-31887	132	32018	31878
216505322	-1	268	7.587E-70	2	32075	33065	949	40	0.951	8.801E-02	0	18	303	-33065	-33009	57	33071	32943
216505322	-1	268	7.587E-70	2	32075	33065	963	251	0.545	3.376E-71	43	281	303	-32797	-32075	723	32797	32069
216556208	-1	336	2.571E-90	1	34993	35775	902	336	0.648	8.317E-100	11	271	489	-35775	-34993	783	35817	34987
216570849	-1	244	1.273E-62	1	32075	32797	963	244	0.532	9.709E-69	43	281	336	-32797	-32075	723	32797	32069
216707800	-1	52	7.990E-05	1	25880	26305	1112	52	0.255	6.204E-04	129	259	261	-26305	-25880	426	26329	25871
217258350	1	177	1.878E-42	1	36377	36979	819	177	0.476	3.616E-46	19	217	280	36377	36979	603	36338	36982
217583077	1	179	4.696E-43	1	36377	36979	819	179	0.479	7.517E-47	47	248	308	36377	36979	603	36338	36982
218049510	-1	618	3.308E-175	2	34279	35805	902	325	0.607	5.579E-96	0	272	488	-35805	-34987	819	35817	34987
218049510	-1	618	3.308E-175	2	34279	35805	915	294	0.676	4.110E-86	271	487	488	-34929	-34279	651	34983	34279
218331057	-1	258	7.769E-67	3	16172	16763	1333	110	0.804	4.967E-25	72	136	226	-16763	-16569	195	16805	16527
218331057	-1	258	7.769E-67	3	16172	16763	1335	54	0.741	1.129E-06	137	170	226	-16504	-16403	102	16504	16397
218331057	-1	258	7.769E-67	3	16172	16763	1338	94	0.794	4.627E-20	169	224	226	-16339	-16172	168	16351	16169
218383584	-1	253	2.486E-65	3	16169	16760	1333	108	0.805	1.763E-24	75	138	228	-16760	-16569	192	16805	16527
218383584	-1	253	2.486E-65	3	16169	16760	1335	55	0.761	3.150E-07	139	172	228	-16504	-16403	102	16504	16397
218383584	-1	253	2.486E-65	3	16169	16760	1338	90	0.752	1.107E-18	171	227	228	-16339	-16169	171	16351	16169
218852919	-1	110	2.772E-22	1	16569	16760	1333	110	0.815	4.967E-25	41	104	113	-16760	-16569	192	16805	16527
218931093	-1	317	1.348E-84	1	34993	35775	902	317	0.617	3.016E-93	12	272	497	-35775	-34993	783	35817	34987
218931512	-1	317	1.348E-84	1	34993	35775	902	317	0.618	2.202E-93	9	269	488	-35775	-34993	783	35817	34987
218940791	-1	632	2.019E-179	2	34288	35775	902	340	0.655	2.609E-101	11	271	489	-35775	-34993	783	35817	34987
218940791	-1	632	2.019E-179	2	34288	35775	915	292	0.678	1.449E-85	271	485	489	-34932	-34288	645	34983	34279
218975145	-1	155	7.879E-36	2	25922	26610	1105	73	0.519	1.901E-12	83	154	308	-26610	-26395	216	26640	26395
218975145	-1	155	7.879E-36	2	25922	26610	1112	81	0.363	6.129E-14	156	285	308	-26305	-25922	384	26329	25871
218990257	-1	168	9.618E-40	2	25880	26610	1105	82	0.637	1.763E-15	174	236	409	-26610	-26422	189	26640	26395
218990257	-1	168	9.618E-40	2	25880	26610	1112	93	0.356	5.012E-18	245	398	409	-26311	-25880	432	26329	25871
219020443	-1	811	2.635E-233	2	34279	35775	902	438	0.813	3.144E-135	11	271	489	-35775	-34993	783	35817	34987
219020443	-1	811	2.635E-233	2	34279	35775	915	372	0.827	4.527E-113	272	488	489	-34929	-34279	651	34983	34279
219032039	-1	319	3.369E-85	1	34993	35775	902	319	0.621	6.255E-94	9	269	489	-35775	-34993	783	35817	34987
219034638	-1	103	3.548E-20	1	10619	10912	1462	103	0.539	1.874E-22	7	104	110	-10912	-10619	294	10912	10619
219096963	-1	76	4.762E-12	1	10919	11125	1456	76	0.557	1.722E-13	39	107	112	-11125	-10919	207	11170	10916
219103731	-1	624	5.169E-177	2	34288	35775	902	351	0.673	2.832E-105	11	271	488	-35775	-34993	783	35817	34987
219103731	-1	624	5.169E-177	2	34288	35775	915	272	0.641	1.366E-78	272	485	488	-34929	-34288	642	34983	34279
219116515	-1	317	1.348E-84	1	34993	35772	902	317	0.619	3.016E-93	7	266	484	-35772	-34993	780	35817	34987
219143925	-1	319	3.369E-85	1	34993	35775	902	319	0.621	6.255E-94	14	274	482	-35775	-34993	783	35817	34987
219147691	-1	637	6.310E-181	2	34291	35775	902	353	0.677	5.869E-106	11	271	490	-35775	-34993	783	35817	34987
219147691	-1	637	6.310E-181	2	34291	35775	915	283	0.664	2.776E-82	272	484	490	-34929	-34291	639	34983	34279
219209648	-1	323	2.106E-86	1	34993	35775	902	323	0.628	1.434E-95	9	269	494	-35775	-34993	783	35817	34987
219219994	-1	89	5.813E-16	1	10619	10912	1462	89	0.479	1.220E-17	7	104	116	-10912	-10619	294	10912	10619
219227577	-1	594	5.550E-168	2	34279	35775	902	314	0.613	2.728E-92	12	272	491	-35775	-34993	783	35817	34987
219227577	-1	594	5.550E-168	2	34279	35775	915	279	0.647	4.723E-81	273	489	491	-34929	-34279	651	34983	34279
219236986	-1	96	4.542E-18	1	10622	10912	1462	96	0.510	4.080E-20	7	104	111	-10912	-10622	291	10912	10619
219237106	-1	78	1.191E-12	1	10643	10912	1462	78	0.458	6.321E-14	7	97	105	-10912	-10643	270	10912	10619
219237539	-1	72	7.620E-11	1	10754	10906	1462	72	0.677	1.379E-11	4	54	93	-10906	-10754	153	10912	10619
219237740	-1	68	1.219E-09	1	10760	10912	1462	68	0.644	3.276E-10	20	70	71	-10912	-10760	153	10912	10619
219239597	-1	99	5.677E-19	1	10619	10912	1462	99	0.519	3.239E-21	26	124	131	-10912	-10619	294	10912	10619
219239790	-1	100	2.839E-19	1	10619	10912	1462	100	0.523	1.719E-21	44	142	148	-10912	-10619	294	10912	10619
219240195	-1	100	2.839E-19	1	10619	10912	1462	100	0.523	1.719E-21	20	118	124	-10912	-10619	294	10912	10619
219244188	-1	633	1.010E-179	2	34288	35775	902	329	0.637	1.751E-97	4	264	481	-35775	-34993	783	35817	34987
219244188	-1	633	1.010E-179	2	34288	35775	915	303	0.701	2.935E-89	265	478	481	-34929	-34288	642	34983	34279
219250654	-1	155	7.879E-36	2	25922	26610	1105	74	0.524	1.008E-12	111	182	336	-26610	-26395	216	26640	26395
219250654	-1	155	7.879E-36	2	25922	26610	1112	80	0.359	1.569E-13	184	313	336	-26305	-25922	384	26329	25871
219265756	1	219	4.271E-55	2	36377	37196	819	169	0.459	2.646E-43	14	210	274	36377	36979	603	36338	36982
219265756	1	219	4.271E-55	2	36377	37196	824	49	0.491	1.855E-04	212	262	274	37044	37196	153	37023	37223
219295266	-1	614	5.293E-174	2	34279	35805	902	318	0.598	8.568E-94	0	272	488	-35805	-34987	819	35817	34987
219295266	-1	614	5.293E-174	2	34279	35805	915	297	0.682	3.308E-87	271	487	488	-34929	-34279	651	34983	34279
219299037	-1	187	1.834E-45	2	25880	26610	1105	91	0.661	1.641E-18	84	150	308	-26610	-26410	201	26640	26395
219299037	-1	187	1.834E-45	2	25880	26610	1112	99	0.386	3.285E-20	155	301	308	-26311	-25880	432	26329	25871
219301655	-1	391	7.135E-107	4	31881	33065	949	41	0.960	6.385E-02	0	18	339	-33065	-33009	57	33071	32943
219301655	-1	391	7.135E-107	4	31881	33065	953	42	0.621	3.573E-01	19	50	339	-32939	-32844	96	32939	32625
219301655	-1	391	7.135E-107	4	31881	33065	963	249	0.541	2.229E-70	43	281	339	-32797	-32075	723	32797	32069
219301655	-1	391	7.135E-107	4	31881	33065	967	63	0.658	1.332E-09	283	328	339	-32018	-31881	138	32018	31878
219309775	-1	325	5.265E-87	1	34993	35775	902	325	0.630	5.579E-96	9	269	488	-35775	-34993	783	35817	34987
219313863	-1	156	3.939E-36	2	25913	26613	1105	74	0.516	1.384E-12	109	181	334	-26613	-26395	219	26640	26395
219313863	-1	156	3.939E-36	2	25913	26613	1112	81	0.358	4.480E-14	183	315	334	-26305	-25913	393	26329	25871
219403900	-1	315	5.391E-84	1	34993	35775	902	315	0.614	1.454E-92	9	269	488	-35775	-34993	783	35817	34987
221017125	-1	55	9.988E-06	1	25880	26308	1112	55	0.263	5.250E-05	129	260	263	-26308	-25880	429	26329	25871
221959462	-1	51	1.598E-04	1	25880	26305	1112	51	0.252	1.149E-03	129	259	261	-26305	-25880	426	26329	25871
224351385	-1	286	2.894E-75	2	32075	32939	953	41	0.605	9.170E-01	10	41	327	-32939	-32844	96	32939	32625
224351385	-1	286	2.894E-75	2	32075	32939	963	252	0.546	2.465E-71	34	272	327	-32797	-32075	723	32797	32069
224593624	1	119	5.414E-25	2	31045	31605	699	78	0.661	5.029E-14	102	158	286	31045	31215	171	31039	31275
224593624	1	119	5.414E-25	2	31045	31605	706	51	0.336	8.663E-04	170	257	286	31342	31605	264	31285	31680
224593648	1	193	2.866E-47	1	36377	36976	819	193	0.510	1.718E-51	29	228	289	36377	36976	600	36338	36982
224626695	1	178	9.392E-43	1	36377	36976	819	178	0.480	1.929E-46	18	217	278	36377	36976	600	36338	36982
224803065	-1	249	3.978E-64	1	32075	32785	963	249	0.549	1.627E-70	25	259	314	-32785	-32075	711	32797	32069
224861782	-1	70	3.048E-10	1	25889	26311	1112	70	0.309	5.322E-10	133	270	272	-26311	-25889	423	26329	25871
225342649	1	184	1.468E-44	1	36377	36976	819	184	0.491	2.371E-48	18	217	278	36377	36976	600	36338	36982
225416019	-1	71	1.524E-10	1	25880	26326	1112	71	0.293	2.086E-10	127	282	290	-26326	-25880	447	26329	25871
225433580	-1	52	7.990E-05	1	25910	26305	1112	52	0.265	6.204E-04	129	249	263	-26305	-25910	396	26329	25871
225535711	1	175	7.514E-42	1	36377	36976	819	175	0.473	2.381E-45	89	288	312	36377	36976	600	36338	36982
225571872	-1	50	3.196E-04	1	25880	26305	1112	50	0.250	2.126E-03	129	259	261	-26305	-25880	426	26329	25871
226003618	-1	315	5.391E-84	1	34993	35775	902	315	0.615	1.061E-92	9	269	488	-35775	-34993	783	35817	34987
226116893	1	209	4.374E-52	2	36377	37193	819	169	0.458	1.933E-43	18	219	273	36377	36979	603	36338	36982
226116893	1	209	4.374E-52	2	36377	37193	824	39	0.405	7.518E-01	220	266	273	37041	37193	153	37023	37223
226486197	-1	627	6.461E-178	2	34279	35775	902	343	0.659	2.881E-102	11	271	489	-35775	-34993	783	35817	34987
226486197	-1	627	6.461E-178	2	34279	35775	915	284	0.654	1.079E-82	271	488	489	-34932	-34279	654	34983	34279
226562440	-1	624	5.169E-177	2	34288	35775	902	339	0.653	6.706E-101	14	274	492	-35775	-34993	783	35817	34987
226562440	-1	624	5.169E-177	2	34288	35775	915	284	0.663	1.479E-82	275	488	492	-34929	-34288	642	34983	34279
226784730	-1	632	2.019E-179	2	34282	35817	902	335	0.616	1.139E-99	40	316	532	-35817	-34987	831	35817	34987
226784730	-1	632	2.019E-179	2	34282	35817	915	301	0.683	1.943E-88	312	530	532	-34938	-34282	657	34983	34279
226804381	1	231	1.043E-58	2	36428	37193	819	181	0.517	1.562E-47	33	216	281	36428	36982	555	36338	36982
226804381	1	231	1.043E-58	2	36428	37193	824	49	0.484	1.855E-04	217	268	281	37044	37193	150	37023	37223
227049310	-1	141	1.291E-31	2	25871	26607	1105	71	0.562	1.278E-11	87	149	313	-26607	-26419	189	26640	26395
227049310	-1	141	1.291E-31	2	25871	26607	1112	77	0.317	1.404E-12	158	308	313	-26308	-25871	438	26329	25871
227209837	-1	51	1.598E-04	1	25895	26305	1112	51	0.259	8.442E-04	129	254	261	-26305	-25895	411	26329	25871
227289348	-1	281	9.261E-74	2	32075	32939	953	42	0.616	4.892E-01	19	50	336	-32939	-32844	96	32939	32625
227289348	-1	281	9.261E-74	2	32075	32939	963	246	0.536	2.015E-69	43	281	336	-32797	-32075	723	32797	32069
227556802	1	186	3.669E-45	1	36377	36979	819	186	0.494	3.597E-49	9	205	271	36377	36979	603	36338	36982
227793863	-1	287	1.447E-75	2	32075	32939	953	40	0.600	1.255E+00	19	50	336	-32939	-32844	96	32939	32625
227793863	-1	287	1.447E-75	2	32075	32939	963	250	0.551	6.333E-71	47	281	336	-32785	-32075	711	32797	32069
227916883	-1	51	1.598E-04	1	25880	26317	1112	51	0.250	8.442E-04	125	259	261	-26317	-25880	438	26329	25871
227947971	-1	250	1.989E-64	1	32075	32797	963	250	0.542	1.188E-70	43	281	336	-32797	-32075	723	32797	32069
228097568	-1	319	3.369E-85	1	34993	35775	902	319	0.621	4.567E-94	9	269	488	-35775	-34993	783	35817	34987
228129206	1	199	4.479E-49	1	36428	36982	819	199	0.557	1.122E-53	26	208	267	36428	36982	555	36338	36982
228135406	-1	243	2.546E-62	1	32075	32797	963	243	0.530	2.494E-68	44	282	337	-32797	-32075	723	32797	32069
228154135	1	177	1.878E-42	1	36377	36976	819	177	0.476	6.778E-46	36	234	375	36377	36976	600	36338	36982
228518156	-1	240	2.037E-61	1	32075	32797	963	240	0.526	2.254E-67	44	282	337	-32797	-32075	723	32797	32069
228751007	-1	143	3.227E-32	2	25904	26613	1105	72	0.568	6.771E-12	87	149	313	-26613	-26425	189	26640	26395
228751007	-1	143	3.227E-32	2	25904	26613	1112	80	0.339	1.147E-13	160	301	313	-26308	-25904	405	26329	25871
229237660	1	184	1.468E-44	1	36344	36976	819	184	0.473	1.264E-48	10	220	281	36344	36976	633	36338	36982
229638377	-1	254	1.243E-65	1	32075	32797	963	254	0.550	2.725E-72	42	280	335	-32797	-32075	723	32797	32069
229841547	-1	319	3.369E-85	1	34993	35775	902	319	0.621	6.255E-94	19	279	496	-35775	-34993	783	35817	34987
229918112	-1	630	8.076E-179	2	34288	35775	902	338	0.651	1.724E-100	11	271	518	-35775	-34993	783	35817	34987
229918112	-1	630	8.076E-179	2	34288	35775	915	291	0.677	5.106E-85	272	485	518	-34929	-34288	642	34983	34279
230312778	-1	308	6.900E-82	4	16169	16949	1325	46	0.584	1.161E-03	139	174	330	-16949	-16836	114	16952	16815
230312778	-1	308	6.900E-82	4	16169	16949	1333	110	0.754	4.967E-25	177	244	330	-16757	-16548	210	16805	16527
230312778	-1	308	6.900E-82	4	16169	16949	1335	64	0.895	2.832E-10	241	273	330	-16501	-16403	99	16504	16397
230312778	-1	308	6.900E-82	4	16169	16949	1338	92	0.770	1.647E-19	272	328	330	-16339	-16169	171	16351	16169
230695553	-1	316	2.695E-84	2	31881	32797	963	254	0.549	5.113E-72	5	243	350	-32797	-32075	723	32797	32069
230695553	-1	316	2.695E-84	2	31881	32797	967	61	0.625	9.016E-09	245	291	350	-32018	-31881	138	32018	31878
230747343	1	238	8.146E-61	2	36377	37196	819	196	0.514	1.901E-52	15	211	275	36377	36979	603	36338	36982
230747343	1	238	8.146E-61	2	36377	37196	824	41	0.416	1.519E-01	212	263	275	37041	37196	156	37023	37223
233033128	-1	175	7.514E-42	2	16169	16760	1333	106	0.724	8.591E-24	73	141	231	-16760	-16548	213	16805	16527
233033128	-1	175	7.514E-42	2	16169	16760	1338	92	0.770	1.647E-19	166	222	231	-16339	-16169	171	16351	16169
233120043	-1	255	6.215E-66	5	3696	17690	1304	32	0.930	5.616E+01	23	37	235	-17690	-17646	45	17726	17631
233120043	-1	255	6.215E-66	5	3696	17690	1609	32	0.930	5.616E+01	23	37	235	-4812	-4768	45	4848	4753
233120043	-1	255	6.215E-66	5	3696	17690	1626	104	0.773	7.888E-23	82	145	235	-4284	-4093	192	4329	4051
233120043	-1	255	6.215E-66	5	3696	17690	1628	54	0.741	1.129E-06	146	179	235	-4028	-3927	102	4028	3921
233120043	-1	255	6.215E-66	5	3696	17690	1631	88	0.752	3.943E-18	178	233	235	-3863	-3696	168	3875	3693
233160664	-1	105	8.871E-21	1	16569	16760	1333	105	0.781	3.050E-23	44	107	122	-16760	-16569	192	16805	16527
233193979	-1	105	8.871E-21	1	16569	16760	1333	105	0.781	3.050E-23	40	103	112	-16760	-16569	192	16805	16527
233450386	1	126	4.230E-27	2	30707	30990	692	55	0.839	1.138E-06	14	43	89	30707	30796	90	30686	30829
233450386	1	126	4.230E-27	2	30707	30990	696	75	0.715	2.745E-13	39	88	89	30841	30990	150	30826	31029
233451958	-1	57	2.497E-06	1	12254	12478	1433	57	0.409	1.480E-05	34	107	134	-12478	-12254	225	12529	12074
233476952	-1	621	4.135E-176	2	34291	35805	902	332	0.623	1.031E-98	0	270	486	-35805	-34993	813	35817	34987
233476952	-1	621	4.135E-176	2	34291	35805	915	288	0.674	4.629E-84	271	483	486	-34929	-34291	639	34983	34279
233497183	-1	625	2.584E-177	2	34279	35775	902	334	0.645	2.929E-99	9	269	487	-35775	-34993	783	35817	34987
233497183	-1	625	2.584E-177	2	34279	35775	915	291	0.668	2.720E-85	269	486	487	-34932	-34279	654	34983	34279
233529673	-1	323	2.106E-86	1	34993	35775	902	323	0.628	1.964E-95	14	274	470	-35775	-34993	783	35817	34987
233540311	-1	114	1.733E-23	1	10619	10912	1462	114	0.582	2.646E-26	31	129	136	-10912	-10619	294	10912	10619
233540651	-1	85	9.302E-15	1	10715	10912	1462	85	0.623	3.978E-16	17	83	102	-10912	-10715	198	10912	10619
233577052	-1	187	1.834E-45	2	25880	26610	1105	91	0.661	1.641E-18	43	109	267	-26610	-26410	201	26640	26395
233577052	-1	187	1.834E-45	2	25880	26610	1112	99	0.385	4.499E-20	114	260	267	-26311	-25880	432	26329	25871
233595440	1	188	9.172E-46	1	36428	36982	819	188	0.525	1.023E-49	18	205	269	36428	36982	555	36338	36982
233638001	-1	105	8.871E-21	1	10619	10912	1462	105	0.543	3.847E-23	3	101	113	-10912	-10619	294	10912	10619
233677819	-1	701	3.420E-200	2	34279	35775	902	387	0.730	1.914E-117	11	271	489	-35775	-34993	783	35817	34987
233677819	-1	701	3.420E-200	2	34279	35775	915	314	0.711	5.940E-93	271	488	489	-34932	-34279	654	34983	34279
233727569	-1	321	8.423E-86	1	34993	35775	902	321	0.625	6.914E-95	9	269	488	-35775	-34993	783	35817	34987
233779101	-1	79	5.953E-13	1	10709	10912	1462	79	0.576	2.444E-14	7	75	114	-10912	-10709	204	10912	10619
233779679	-1	96	4.542E-18	1	10619	10912	1462	96	0.505	4.080E-20	7	105	111	-10912	-10619	294	10912	10619
233779749	-1	97	2.271E-18	1	10619	10909	1462	97	0.513	2.166E-20	7	104	120	-10909	-10619	291	10912	10619
233781471	-1	99	5.677E-19	1	10649	10912	1462	99	0.565	3.239E-21	3	91	111	-10912	-10649	264	10912	10619
233781879	-1	104	1.774E-20	1	10622	10912	1462	104	0.544	7.247E-23	20	117	123	-10912	-10622	291	10912	10619
233813356	-1	184	1.468E-44	2	25880	26613	1105	83	0.637	6.805E-16	153	216	380	-26613	-26422	192	26640	26395
233813356	-1	184	1.468E-44	2	25880	26613	1112	108	0.412	2.370E-23	225	371	380	-26311	-25880	432	26329	25871
233827556	-1	66	4.877E-09	1	10916	11101	1456	66	0.533	4.814E-10	52	114	123	-11101	-10916	186	11170	10916
233827686	-1	135	8.261E-30	2	10727	11101	1456	69	0.549	7.165E-11	60	122	185	-11101	-10916	186	11170	10916
233827686	-1	135	8.261E-30	2	10727	11101	1462	69	0.613	1.267E-10	127	181	185	-10888	-10727	162	10912	10619
233838111	-1	98	1.135E-18	1	10625	10912	1462	98	0.527	8.375E-21	46	141	147	-10912	-10625	288	10912	10619
233867957	-1	322	4.212E-86	2	31881	32797	963	258	0.557	1.173E-73	45	283	358	-32797	-32075	723	32797	32069
233867957	-1	322	4.212E-86	2	31881	32797	967	63	0.643	1.831E-09	285	331	358	-32018	-31881	138	32018	31878
233878324	-1	259	3.885E-67	3	16169	16763	1333	106	0.776	1.619E-23	48	112	203	-16763	-16569	195	16805	16527
233878324	-1	259	3.885E-67	3	16169	16763	1335	59	0.828	1.784E-08	114	146	203	-16501	-16403	99	16504	16397
233878324	-1	259	3.885E-67	3	16169	16763	1338	94	0.785	3.368E-20	145	201	203	-16339	-16169	171	16351	16169
233922926	1	68	1.219E-09	1	35000	35167	783	68	0.598	1.765E-10	23	78	79	35000	35167	168	34958	35230
234065478	-1	273	2.371E-71	2	32075	33065	949	40	0.942	1.213E-01	0	18	321	-33065	-33009	57	33071	32943
234065478	-1	273	2.371E-71	2	32075	33065	963	241	0.528	8.774E-68	28	266	321	-32797	-32075	723	32797	32069
235589785	1	94	1.817E-17	2	35018	35362	783	43	0.353	1.152E-01	2	68	134	35018	35221	204	34958	35230
235589785	1	94	1.817E-17	2	35018	35362	786	53	0.599	4.301E-06	72	114	134	35234	35362	129	35234	35380
235656121	-1	54	1.998E-05	1	25880	26305	1112	54	0.262	9.740E-05	129	259	263	-26305	-25880	426	26329	25871
236525834	-1	52	7.990E-05	1	25880	26305	1112	52	0.256	4.558E-04	129	259	261	-26305	-25880	426	26329	25871
236746525	-1	61	1.561E-07	1	25895	26305	1112	61	0.288	5.026E-07	129	254	263	-26305	-25895	411	26329	25871
237071878	-1	49	6.392E-04	1	25895	26305	1112	49	0.250	5.347E-03	129	254	261	-26305	-25895	411	26329	25871
237078638	-1	244	1.273E-62	1	32075	32797	963	244	0.532	9.709E-69	47	285	341	-32797	-32075	723	32797	32069
238186408	-1	301	8.832E-80	2	31881	32797	963	248	0.540	3.052E-70	55	293	349	-32797	-32075	723	32797	32069
238186408	-1	301	8.832E-80	2	31881	32797	967	52	0.559	7.340E-06	295	340	349	-32018	-31881	138	32018	31878
238367956	-1	246	3.182E-63	1	32072	32794	963	246	0.537	1.471E-69	47	285	332	-32794	-32072	723	32797	32069
238368651	-1	285	5.788E-75	2	31881	32770	963	239	0.539	7.928E-67	52	281	337	-32770	-32075	696	32797	32069
238368651	-1	285	5.788E-75	2	31881	32770	967	48	0.533	3.403E-04	285	328	337	-32012	-31881	132	32018	31878
238739199	-1	240	2.037E-61	1	32075	32797	963	240	0.526	2.254E-67	44	282	338	-32797	-32075	723	32797	32069
238902402	-1	249	3.978E-64	1	32075	32797	963	249	0.541	1.627E-70	28	266	324	-32797	-32075	723	32797	32069
238919397	-1	282	4.631E-74	2	32075	32939	953	41	0.610	6.698E-01	19	50	337	-32939	-32844	96	32939	32625
238919397	-1	282	4.631E-74	2	32075	32939	963	248	0.539	5.726E-70	43	281	337	-32797	-32075	723	32797	32069
239302003	1	171	1.202E-40	1	36380	36976	819	171	0.466	7.537E-44	10	208	269	36380	36976	597	36338	36982
239349132	1	226	3.337E-57	2	36341	37193	819	178	0.458	2.641E-46	6	217	278	36341	36976	636	36338	36982
239349132	1	226	3.337E-57	2	36341	37193	824	47	0.471	1.259E-03	219	265	278	37041	37193	153	37023	37223
239413864	1	176	3.757E-42	1	36377	36976	819	176	0.476	9.280E-46	59	258	319	36377	36976	600	36338	36982
239441692	1	177	1.878E-42	1	36377	36979	819	177	0.474	4.951E-46	17	218	277	36377	36979	603	36338	36982
239579845	-1	620	8.270E-176	2	34288	35775	902	339	0.654	4.896E-101	11	271	489	-35775	-34993	783	35817	34987
239579845	-1	620	8.270E-176	2	34288	35775	915	280	0.656	2.516E-81	272	485	489	-34929	-34288	642	34983	34279
240240451	-1	305	5.520E-81	2	31881	32797	963	240	0.525	3.086E-67	45	283	338	-32797	-32075	723	32797	32069
240240451	-1	305	5.520E-81	2	31881	32797	967	64	0.666	7.040E-10	285	330	338	-32018	-31881	138	32018	31878
240321283	-1	322	4.212E-86	1	34993	35775	902	322	0.626	3.685E-95	14	274	492	-35775	-34993	783	35817	34987
240710349	-1	282	4.631E-74	2	32075	32939	953	42	0.616	4.892E-01	19	50	336	-32939	-32844	96	32939	32625
240710349	-1	282	4.631E-74	2	32075	32939	963	247	0.537	1.074E-69	43	281	336	-32797	-32075	723	32797	32069
240837492	1	204	1.400E-50	1	36377	36982	819	204	0.530	2.574E-55	23	220	281	36377	36982	606	36338	36982
241146493	-1	281	9.261E-74	2	32075	32939	953	42	0.616	4.892E-01	19	50	339	-32939	-32844	96	32939	32625
241146493	-1	281	9.261E-74	2	32075	32939	963	246	0.536	2.015E-69	43	281	339	-32797	-32075	723	32797	32069
241584382	-1	320	1.685E-85	1	34993	35775	902	320	0.623	2.434E-94	11	271	485	-35775	-34993	783	35817	34987
242055807	1	205	6.998E-51	1	36377	36982	819	205	0.531	1.372E-55	23	220	283	36377	36982	606	36338	36982
242173920	-1	639	1.577E-181	2	34279	35775	902	348	0.668	4.814E-104	11	271	489	-35775	-34993	783	35817	34987
242173920	-1	639	1.577E-181	2	34279	35775	915	290	0.669	6.996E-85	272	488	489	-34929	-34279	651	34983	34279
242271497	-1	261	9.711E-68	2	32075	33065	949	40	0.942	1.213E-01	0	18	336	-33065	-33009	57	33071	32943
242271497	-1	261	9.711E-68	2	32075	33065	963	244	0.532	9.709E-69	43	281	336	-32797	-32075	723	32797	32069
242517925	1	188	9.172E-46	1	36371	36976	819	188	0.498	5.455E-50	18	214	279	36371	36976	606	36338	36982
242905391	1	177	1.878E-42	1	36377	36976	819	177	0.477	4.951E-46	57	256	317	36377	36976	600	36338	36982
242954688	-1	187	1.834E-45	2	25880	26610	1105	91	0.661	1.641E-18	83	149	307	-26610	-26410	201	26640	26395
242954688	-1	187	1.834E-45	2	25880	26610	1112	99	0.386	3.285E-20	154	300	307	-26311	-25880	432	26329	25871
242994361	-1	55	9.988E-06	1	25880	26305	1112	55	0.263	7.151E-05	129	259	261	-26305	-25880	426	26329	25871
243684060	1	183	2.935E-44	1	36377	36976	819	183	0.489	6.086E-48	18	216	285	36377	36976	600	36338	36982
243743482	-1	244	1.273E-62	1	32075	32797	963	244	0.532	9.709E-69	43	281	336	-32797	-32075	723	32797	32069
243881298	1	175	7.514E-42	1	36377	36979	819	175	0.469	3.260E-45	18	219	279	36377	36979	603	36338	36982
243896636	1	195	7.166E-48	2	36377	37193	819	162	0.440	1.030E-40	7	209	273	36377	36979	603	36338	36982
243896636	1	195	7.166E-48	2	36377	37193	824	38	0.362	2.704E+00	204	260	273	37029	37193	165	37023	37223
244044911	-1	280	1.852E-73	2	32075	32939	953	41	0.610	6.698E-01	19	50	336	-32939	-32844	96	32939	32625
244044911	-1	280	1.852E-73	2	32075	32939	963	246	0.536	2.015E-69	43	281	336	-32797	-32075	723	32797	32069
244785842	-1	630	8.076E-179	2	34279	35775	902	335	0.647	1.561E-99	12	272	490	-35775	-34993	783	35817	34987
244785842	-1	630	8.076E-179	2	34279	35775	915	294	0.676	3.000E-86	273	489	490	-34929	-34279	651	34983	34279
244972185	-1	50	3.196E-04	1	25880	26305	1112	50	0.249	2.892E-03	129	259	261	-26305	-25880	426	26329	25871
245122179	1	231	1.043E-58	2	36428	37193	819	181	0.516	2.139E-47	34	217	282	36428	36982	555	36338	36982
245122179	1	231	1.043E-58	2	36428	37193	824	49	0.484	1.855E-04	218	269	282	37044	37193	150	37023	37223
245181430	1	179	4.696E-43	1	36377	36976	819	179	0.481	1.409E-46	18	217	278	36377	36976	600	36338	36982
245206462	-1	287	1.447E-75	2	32075	32939	953	42	0.621	3.573E-01	10	41	327	-32939	-32844	96	32939	32625
245206462	-1	287	1.447E-75	2	32075	32939	963	252	0.546	2.465E-71	34	272	327	-32797	-32075	723	32797	32069
245753266	-1	259	3.885E-67	1	32075	32797	963	259	0.559	6.249E-74	45	283	360	-32797	-32075	723	32797	32069
246591447	-1	298	7.066E-79	2	31881	32797	963	248	0.539	5.726E-70	47	285	351	-32797	-32075	723	32797	32069
246591447	-1	298	7.066E-79	2	31881	32797	967	49	0.533	6.876E-05	287	332	351	-32018	-31881	138	32018	31878
247660140	-1	253	2.486E-65	3	16169	16763	1333	112	0.817	1.019E-25	66	130	221	-16763	-16569	195	16805	16527
247660140	-1	253	2.486E-65	3	16169	16763	1335	54	0.741	1.129E-06	131	164	221	-16504	-16403	102	16504	16397
247660140	-1	253	2.486E-65	3	16169	16763	1338	87	0.729	1.405E-17	163	219	221	-16339	-16169	171	16351	16169
247683266	-1	246	3.182E-63	3	16172	16763	1333	106	0.781	8.591E-24	72	136	245	-16763	-16569	195	16805	16527
247683266	-1	246	3.182E-63	3	16172	16763	1335	53	0.745	2.943E-06	138	170	245	-16501	-16403	99	16504	16397
247683266	-1	246	3.182E-63	3	16172	16763	1338	87	0.746	7.442E-18	169	224	245	-16339	-16172	168	16351	16169
247684532	-1	251	9.944E-65	3	16172	16760	1333	105	0.781	3.050E-23	74	137	227	-16760	-16569	192	16805	16527
247684532	-1	251	9.944E-65	3	16172	16760	1335	56	0.766	2.289E-07	138	171	227	-16504	-16403	102	16504	16397
247684532	-1	251	9.944E-65	3	16172	16760	1338	90	0.767	8.058E-19	170	225	227	-16339	-16172	168	16351	16169
247698582	-1	309	3.450E-82	4	16172	16949	1325	40	0.486	1.423E-01	171	210	362	-16949	-16827	123	16952	16815
247698582	-1	309	3.450E-82	4	16172	16949	1333	119	0.867	2.485E-28	208	272	362	-16763	-16569	195	16805	16527
247698582	-1	309	3.450E-82	4	16172	16949	1335	57	0.786	6.389E-08	273	306	362	-16504	-16403	102	16504	16397
247698582	-1	309	3.450E-82	4	16172	16949	1338	95	0.791	1.785E-20	304	360	362	-16342	-16172	171	16351	16169
248032813	-1	289	3.618E-76	1	34288	34932	915	289	0.672	1.313E-84	129	343	344	-34932	-34288	645	34983	34279
248043656	-1	104	1.774E-20	1	10619	10912	1462	104	0.541	5.280E-23	36	134	137	-10912	-10619	294	10912	10619
248068314	-1	603	1.084E-170	2	34291	35775	902	323	0.628	1.434E-95	12	272	486	-35775	-34993	783	35817	34987
248068314	-1	603	1.084E-170	2	34291	35775	915	279	0.656	6.471E-81	273	485	486	-34929	-34291	639	34983	34279
248071720	-1	646	1.232E-183	2	34288	35775	902	344	0.662	8.181E-103	11	271	489	-35775	-34993	783	35817	34987
248071720	-1	646	1.232E-183	2	34288	35775	915	301	0.697	1.418E-88	272	485	489	-34929	-34288	642	34983	34279
248109485	-1	79	5.953E-13	1	25880	26311	1112	79	0.331	4.013E-13	39	182	188	-26311	-25880	432	26329	25871
248133671	-1	60	3.121E-07	1	10916	11116	1456	60	0.460	1.064E-07	39	106	110	-11116	-10916	201	11170	10916
248150734	-1	327	1.316E-87	1	34993	35775	902	327	0.635	6.166E-97	10	270	488	-35775	-34993	783	35817	34987
248154936	-1	617	6.616E-175	2	34279	35775	902	334	0.645	2.929E-99	10	270	488	-35775	-34993	783	35817	34987
248154936	-1	617	6.616E-175	2	34279	35775	915	282	0.652	7.140E-82	271	487	488	-34929	-34279	651	34983	34279
248230476	-1	95	9.084E-18	1	25874	26311	1112	95	0.376	7.612E-19	141	286	289	-26311	-25874	438	26329	25871
248246718	-1	308	6.900E-82	2	31881	32767	963	252	0.564	2.465E-71	53	281	349	-32767	-32075	693	32797	32069
248246718	-1	308	6.900E-82	2	31881	32767	967	55	0.574	7.849E-07	283	329	349	-32018	-31881	138	32018	31878
248294491	1	201	1.120E-49	1	36377	36982	819	201	0.524	2.327E-54	16	213	278	36377	36982	606	36338	36982
248320046	-1	85	9.302E-15	1	10685	10912	1462	85	0.558	2.898E-16	50	126	128	-10912	-10685	228	10912	10619
248320128	-1	107	2.218E-21	1	10619	10912	1462	107	0.553	5.755E-24	3	101	107	-10912	-10619	294	10912	10619
248320144	-1	83	3.721E-14	1	10667	10912	1462	83	0.518	1.029E-15	31	113	147	-10912	-10667	246	10912	10619
248320291	-1	59	6.242E-07	1	10916	11167	1456	59	0.389	2.009E-07	16	98	113	-11167	-10916	252	11170	10916
248320405	-1	51	1.598E-04	1	10916	11059	1456	51	0.533	8.403E-05	11	58	92	-11059	-10916	144	11170	10916
248321412	-1	70	3.048E-10	1	10754	10912	1462	70	0.639	6.722E-11	3	55	79	-10912	-10754	159	10912	10619
248321427	-1	106	4.435E-21	1	10619	10912	1462	106	0.546	2.042E-23	7	105	112	-10912	-10619	294	10912	10619
248321476	-1	72	7.620E-11	1	10619	10912	1462	72	0.406	1.005E-11	20	110	116	-10912	-10619	294	10912	10619
248322381	-1	104	1.774E-20	1	10619	10912	1462	104	0.539	7.247E-23	31	129	132	-10912	-10619	294	10912	10619
248322531	-1	90	2.907E-16	1	10640	10912	1462	90	0.508	4.719E-18	31	122	141	-10912	-10640	273	10912	10619
248486798	-1	627	6.461E-178	2	34288	35775	902	350	0.671	9.976E-105	19	279	496	-35775	-34993	783	35817	34987
248486798	-1	627	6.461E-178	2	34288	35775	915	276	0.649	4.280E-80	280	493	496	-34929	-34288	642	34983	34279
248506323	-1	632	2.019E-179	2	34288	35775	902	339	0.654	4.896E-101	11	271	494	-35775	-34993	783	35817	34987
248506323	-1	632	2.019E-179	2	34288	35775	915	292	0.680	1.449E-85	272	485	494	-34929	-34288	642	34983	34279
248557440	1	177	1.878E-42	1	36374	36976	819	177	0.475	4.951E-46	34	233	288	36374	36976	603	36338	36982
248601783	-1	283	2.315E-74	2	32075	32939	953	42	0.616	4.892E-01	19	50	286	-32939	-32844	96	32939	32625
248601783	-1	283	2.315E-74	2	32075	32939	963	248	0.539	5.726E-70	43	281	286	-32797	-32075	723	32797	32069
249295826	1	84	1.860E-14	2	35018	35371	783	43	0.349	8.393E-02	19	87	137	35018	35227	210	34958	35230
249295826	1	84	1.860E-14	2	35018	35371	786	45	0.530	2.578E-03	93	134	137	35246	35371	126	35234	35380
250285094	-1	289	3.618E-76	2	32075	32939	953	46	0.688	2.104E-02	19	49	335	-32939	-32847	93	32939	32625
250285094	-1	289	3.618E-76	2	32075	32939	963	245	0.541	5.176E-69	47	281	335	-32785	-32075	711	32797	32069
251496700	-1	54	1.998E-05	1	25880	26305	1112	54	0.262	9.740E-05	129	259	262	-26305	-25880	426	26329	25871
252919273	-1	254	1.243E-65	1	32075	32797	963	254	0.549	5.113E-72	44	282	331	-32797	-32075	723	32797	32069
252982159	-1	82	7.441E-14	2	32847	33065	949	40	0.942	1.213E-01	0	18	60	-33065	-33009	57	33071	32943
252982159	-1	82	7.441E-14	2	32847	33065	953	41	0.627	6.698E-01	19	49	60	-32939	-32847	93	32939	32625
253453090	-1	279	3.705E-73	2	32075	32939	953	41	0.610	6.698E-01	19	50	336	-32939	-32844	96	32939	32625
253453090	-1	279	3.705E-73	2	32075	32939	963	245	0.535	3.779E-69	43	281	336	-32797	-32075	723	32797	32069
253464113	1	49	6.392E-04	1	35246	35368	786	49	0.586	7.632E-05	9	49	50	35246	35368	123	35234	35380
253470816	1	53	3.995E-05	1	34979	35227	783	53	0.362	3.031E-05	21	102	133	34979	35227	249	34958	35230
253579878	1	229	4.171E-58	2	36377	37193	819	181	0.485	2.929E-47	18	217	278	36377	36976	600	36338	36982
253579878	1	229	4.171E-58	2	36377	37193	824	47	0.468	1.733E-03	219	265	278	37041	37193	153	37023	37223
253699866	1	175	7.514E-42	1	36377	36976	819	175	0.472	3.260E-45	31	230	299	36377	36976	600	36338	36982
253709842	-1	68	1.219E-09	1	25889	26311	1112	68	0.303	2.532E-09	138	275	277	-26311	-25889	423	26329	25871
253772613	-1	245	6.364E-63	1	32075	32797	963	245	0.535	3.779E-69	43	281	336	-32797	-32075	723	32797	32069
253780301	-1	252	4.972E-65	1	32075	32797	963	252	0.546	2.465E-71	43	281	336	-32797	-32075	723	32797	32069
253806792	1	177	1.878E-42	1	36377	36976	819	177	0.477	4.951E-46	21	220	281	36377	36976	600	36338	36982
253851611	-1	58	1.248E-06	1	10916	11125	1456	58	0.438	5.210E-07	21	90	102	-11125	-10916	210	11170	10916
253862666	-1	66	4.877E-09	1	25880	26293	1112	66	0.301	1.203E-08	132	267	274	-26293	-25880	414	26329	25871
253869210	-1	249	3.978E-64	1	32075	32797	963	249	0.541	2.229E-70	43	281	336	-32797	-32075	723	32797	32069
253929952	-1	262	4.856E-68	2	32075	33068	949	42	0.933	3.361E-02	6	25	343	-33068	-33009	60	33071	32943
253929952	-1	262	4.856E-68	2	32075	33068	963	243	0.530	3.416E-68	50	288	343	-32797	-32075	723	32797	32069
253987519	1	197	1.791E-48	4	30577	31605	686	40	0.762	6.190E-02	3	26	286	30577	30648	72	30556	30648
253987519	1	197	1.791E-48	4	30577	31605	696	75	0.589	2.745E-13	52	113	286	30841	31029	189	30826	31029
253987519	1	197	1.791E-48	4	30577	31605	699	81	0.684	3.967E-15	102	158	286	31045	31215	171	31039	31275
253987519	1	197	1.791E-48	4	30577	31605	706	45	0.308	9.153E-02	170	257	286	31342	31605	264	31285	31680
253990065	1	183	2.935E-44	1	36344	36976	819	183	0.471	3.246E-48	7	217	274	36344	36976	633	36338	36982
254073349	1	225	6.674E-57	2	36377	37193	819	182	0.484	8.333E-48	32	233	292	36377	36982	606	36338	36982
254073349	1	225	6.674E-57	2	36377	37193	824	42	0.438	5.821E-02	234	279	292	37044	37193	150	37023	37223
254154714	-1	265	6.070E-69	2	32075	33065	949	40	0.942	1.213E-01	0	18	361	-33065	-33009	57	33071	32943
254154714	-1	265	6.070E-69	2	32075	33065	963	248	0.539	4.181E-70	43	281	361	-32797	-32075	723	32797	32069
254264138	1	163	3.078E-38	1	36377	36979	819	163	0.442	4.017E-41	17	219	283	36377	36979	603	36338	36982
254753210	-1	334	1.028E-89	1	34987	35775	902	334	0.641	2.929E-99	11	273	488	-35775	-34987	789	35817	34987
254900121	-1	250	1.989E-64	3	16172	16763	1333	105	0.773	2.222E-23	72	136	225	-16763	-16569	195	16805	16527
254900121	-1	250	1.989E-64	3	16172	16763	1335	54	0.746	8.205E-07	137	170	225	-16504	-16403	102	16504	16397
254900121	-1	250	1.989E-64	3	16172	16763	1338	91	0.770	5.866E-19	169	224	225	-16339	-16172	168	16351	16169
255006424	-1	638	3.155E-181	2	34288	35775	902	342	0.662	7.407E-102	11	269	489	-35775	-34999	777	35817	34987
255006424	-1	638	3.155E-181	2	34288	35775	915	295	0.682	2.189E-86	271	485	489	-34932	-34288	645	34983	34279
255111765	-1	323	2.106E-86	1	34993	35775	902	323	0.628	1.434E-95	9	269	488	-35775	-34993	783	35817	34987
255161328	-1	68	1.219E-09	1	25880	26305	1112	68	0.301	1.854E-09	132	274	282	-26305	-25880	426	26329	25871
255502604	-1	319	3.369E-85	1	34993	35775	902	319	0.622	3.334E-94	9	269	487	-35775	-34993	783	35817	34987
255530986	1	169	4.809E-40	1	36377	36979	819	169	0.456	1.933E-43	17	219	275	36377	36979	603	36338	36982
255538890	-1	604	5.420E-171	2	34294	35775	902	330	0.639	6.813E-98	11	271	489	-35775	-34993	783	35817	34987
255538890	-1	604	5.420E-171	2	34294	35775	915	276	0.647	4.280E-80	269	483	489	-34938	-34294	645	34983	34279
255591239	-1	352	3.922E-95	3	31881	32939	953	42	0.616	4.892E-01	21	52	349	-32939	-32844	96	32939	32625
255591239	-1	352	3.922E-95	3	31881	32939	963	255	0.551	1.990E-72	45	283	349	-32797	-32075	723	32797	32069
255591239	-1	352	3.922E-95	3	31881	32939	967	61	0.632	4.765E-09	285	331	349	-32018	-31881	138	32018	31878
255781531	1	184	1.468E-44	1	36377	36979	819	184	0.491	1.264E-48	13	209	274	36377	36979	603	36338	36982
256069557	1	177	1.878E-42	1	36341	36976	819	177	0.457	4.951E-46	6	217	278	36341	36976	636	36338	36982
256083290	-1	289	3.618E-76	2	32075	32939	953	42	0.626	2.609E-01	19	50	336	-32939	-32844	96	32939	32625
256083290	-1	289	3.618E-76	2	32075	32939	963	254	0.550	2.725E-72	43	281	336	-32797	-32075	723	32797	32069
256095445	-1	621	4.135E-176	2	34279	35775	902	346	0.661	1.696E-103	11	273	489	-35775	-34987	789	35817	34987
256095445	-1	621	4.135E-176	2	34279	35775	915	276	0.640	8.034E-80	272	488	489	-34929	-34279	651	34983	34279
256468475	-1	613	1.059E-173	2	34291	35775	902	331	0.636	3.631E-98	11	273	489	-35775	-34987	789	35817	34987
256468475	-1	613	1.059E-173	2	34291	35775	915	284	0.664	1.079E-82	271	484	489	-34932	-34291	642	34983	34279
256543442	-1	323	2.106E-86	1	34993	35775	902	323	0.628	1.964E-95	9	269	488	-35775	-34993	783	35817	34987
256598776	-1	258	7.769E-67	3	16172	16760	1333	112	0.829	1.019E-25	75	138	228	-16760	-16569	192	16805	16527
256598776	-1	258	7.769E-67	3	16172	16760	1335	53	0.736	1.554E-06	139	172	228	-16504	-16403	102	16504	16397
256598776	-1	258	7.769E-67	3	16172	16760	1338	93	0.785	1.199E-19	171	226	228	-16339	-16172	168	16351	16169
257090750	-1	83	3.721E-14	1	33896	34141	923	83	0.520	1.919E-15	10	91	108	-34141	-33896	246	34183	33869
257320235	1	188	9.172E-46	1	36428	36979	819	188	0.533	5.455E-50	11	195	261	36428	36979	552	36338	36982
257708024	1	185	7.338E-45	1	36377	36979	819	185	0.490	9.234E-49	19	220	286	36377	36979	603	36338	36982
257781383	-1	253	2.486E-65	3	16169	16763	1333	109	0.799	9.358E-25	75	139	230	-16763	-16569	195	16805	16527
257781383	-1	253	2.486E-65	3	16169	16763	1335	56	0.766	2.289E-07	140	173	230	-16504	-16403	102	16504	16397
257781383	-1	253	2.486E-65	3	16169	16763	1338	88	0.738	5.417E-18	172	228	230	-16339	-16169	171	16351	16169
257811872	1	150	2.521E-34	3	30841	31602	696	79	0.618	8.323E-15	55	116	287	30841	31029	189	30826	31029
257811872	1	150	2.521E-34	3	30841	31602	699	79	0.670	1.940E-14	105	161	287	31045	31215	171	31039	31275
257811872	1	150	2.521E-34	3	30841	31602	706	41	0.379	1.478E+00	201	259	287	31426	31602	177	31285	31680
258221924	-1	251	9.944E-65	1	32075	32767	963	251	0.564	3.376E-71	53	281	336	-32767	-32075	693	32797	32069
258233537	1	167	1.924E-39	4	30577	31602	686	41	0.783	2.366E-02	6	29	287	30577	30648	72	30556	30648
258233537	1	167	1.924E-39	4	30577	31602	696	79	0.616	1.144E-14	55	116	287	30841	31029	189	30826	31029
258233537	1	167	1.924E-39	4	30577	31602	699	78	0.664	3.661E-14	105	161	287	31045	31215	171	31039	31275
258233537	1	167	1.924E-39	4	30577	31602	706	41	0.379	1.478E+00	201	259	287	31426	31602	177	31285	31680
258377575	-1	307	1.380E-81	2	31878	32770	963	255	0.569	1.453E-72	53	282	337	-32770	-32075	696	32797	32069
258377575	-1	307	1.380E-81	2	31878	32770	967	51	0.535	2.635E-05	284	330	337	-32018	-31878	141	32018	31878
258403316	-1	68	1.219E-09	1	25880	26293	1112	68	0.309	1.357E-09	97	233	240	-26293	-25880	414	26329	25871
258573840	-1	282	4.631E-74	2	32075	32939	953	41	0.610	6.698E-01	19	50	303	-32939	-32844	96	32939	32625
258573840	-1	282	4.631E-74	2	32075	32939	963	248	0.540	3.052E-70	43	281	303	-32797	-32075	723	32797	32069
258730612	-1	51	1.598E-04	1	25880	26305	1112	51	0.252	1.149E-03	129	259	262	-26305	-25880	426	26329	25871
259111968	1	175	7.514E-42	1	36377	36976	819	175	0.474	1.739E-45	18	217	278	36377	36976	600	36338	36982
259414452	-1	332	4.113E-89	1	34993	35775	902	332	0.642	1.413E-98	17	277	495	-35775	-34993	783	35817	34987
259559698	-1	632	2.019E-179	2	34282	35817	902	335	0.616	1.139E-99	41	317	533	-35817	-34987	831	35817	34987
259559698	-1	632	2.019E-179	2	34282	35817	915	301	0.683	1.943E-88	313	531	533	-34938	-34282	657	34983	34279
259687487	-1	643	9.859E-183	2	34279	35775	902	345	0.663	5.972E-103	17	277	495	-35775	-34993	783	35817	34987
259687487	-1	643	9.859E-183	2	34279	35775	915	301	0.680	1.035E-88	274	494	495	-34941	-34279	663	34983	34279
259794461	1	178	9.392E-43	1	36377	36976	819	178	0.480	1.929E-46	18	217	278	36377	36976	600	36338	36982
259951030	-1	623	1.034E-176	2	34288	35775	902	338	0.652	9.187E-101	10	270	488	-35775	-34993	783	35817	34987
259951030	-1	623	1.034E-176	2	34288	35775	915	284	0.663	1.479E-82	271	484	488	-34929	-34288	642	34983	34279
259991424	-1	317	1.348E-84	1	34993	35775	902	317	0.618	2.202E-93	9	269	488	-35775	-34993	783	35817	34987
260074109	-1	325	5.265E-87	1	34993	35775	902	325	0.631	2.974E-96	11	271	490	-35775	-34993	783	35817	34987
260116661	1	234	1.303E-59	2	36428	37193	819	185	0.526	6.744E-49	37	221	287	36428	36979	552	36338	36982
260116661	1	234	1.303E-59	2	36428	37193	824	48	0.464	6.649E-04	222	274	287	37041	37193	153	37023	37223
260305117	1	171	1.202E-40	1	36377	36979	819	171	0.460	5.506E-44	18	220	284	36377	36979	603	36338	36982
260735159	1	177	1.878E-42	1	36377	36976	819	177	0.476	6.778E-46	47	246	307	36377	36976	600	36338	36982
260759994	-1	351	7.845E-95	3	31881	32939	953	44	0.642	1.015E-01	21	52	351	-32939	-32844	96	32939	32625
260759994	-1	351	7.845E-95	3	31881	32939	963	254	0.549	5.113E-72	45	283	351	-32797	-32075	723	32797	32069
260759994	-1	351	7.845E-95	3	31881	32939	967	59	0.610	3.228E-08	285	331	351	-32018	-31881	138	32018	31878
260935494	1	196	3.583E-48	1	36377	36976	819	196	0.518	1.014E-52	38	233	236	36377	36976	600	36338	36982
260951809	-1	335	5.141E-90	1	34993	35805	902	335	0.628	1.139E-99	0	270	488	-35805	-34993	813	35817	34987
261111933	-1	248	7.956E-64	1	32075	32797	963	248	0.539	5.726E-70	43	281	336	-32797	-32075	723	32797	32069
261309221	1	223	2.669E-56	2	36377	37193	819	178	0.477	2.641E-46	19	219	304	36377	36979	603	36338	36982
261309221	1	223	2.669E-56	2	36377	37193	824	48	0.522	4.832E-04	224	269	304	37056	37193	138	37023	37223
261405632	-1	635	2.524E-180	2	34288	35775	902	342	0.658	7.407E-102	11	271	494	-35775	-34993	783	35817	34987
261405632	-1	635	2.524E-180	2	34288	35775	915	292	0.680	1.449E-85	272	485	494	-34929	-34288	642	34983	34279
261428855	-1	175	7.514E-42	2	25904	26613	1105	87	0.652	3.914E-17	67	131	289	-26613	-26419	195	26640	26395
261428855	-1	175	7.514E-42	2	25904	26613	1112	96	0.397	5.559E-19	141	276	289	-26305	-25904	402	26329	25871
262175589	-1	170	2.404E-40	2	16169	16763	1333	111	0.812	1.921E-25	75	139	230	-16763	-16569	195	16805	16527
262175589	-1	170	2.404E-40	2	16169	16763	1338	91	0.761	4.270E-19	173	229	230	-16339	-16169	171	16351	16169
262208791	-1	106	4.435E-21	1	16569	16763	1333	106	0.781	8.591E-24	40	104	113	-16763	-16569	195	16805	16527
262469357	-1	301	8.832E-80	4	16169	16949	1325	38	0.490	9.779E-01	179	214	369	-16949	-16836	114	16952	16815
262469357	-1	301	8.832E-80	4	16169	16949	1333	119	0.891	2.485E-28	217	279	369	-16757	-16569	189	16805	16527
262469357	-1	301	8.832E-80	4	16169	16949	1335	55	0.756	4.334E-07	280	313	369	-16504	-16403	102	16504	16397
262469357	-1	301	8.832E-80	4	16169	16949	1338	90	0.744	8.058E-19	311	368	369	-16342	-16169	174	16351	16169
262527012	1	199	4.479E-49	1	36377	36979	819	199	0.521	1.536E-53	13	209	275	36377	36979	603	36338	36982
262555874	-1	646	1.232E-183	2	34288	35775	902	341	0.656	1.390E-101	11	271	489	-35775	-34993	783	35817	34987
262555874	-1	646	1.232E-183	2	34288	35775	915	304	0.704	8.327E-90	272	485	489	-34929	-34288	642	34983	34279
262562384	-1	317	1.348E-84	1	34993	35775	902	317	0.618	2.202E-93	16	276	494	-35775	-34993	783	35817	34987
262567058	-1	629	1.615E-178	2	34288	35775	902	339	0.654	4.896E-101	11	271	494	-35775	-34993	783	35817	34987
262567058	-1	629	1.615E-178	2	34288	35775	915	289	0.675	1.313E-84	272	485	494	-34929	-34288	642	34983	34279
262603225	-1	326	2.632E-87	1	34993	35775	902	326	0.632	2.171E-96	9	269	460	-35775	-34993	783	35817	34987
262616198	-1	109	5.544E-22	1	10619	10912	1462	109	0.560	1.622E-24	31	129	134	-10912	-10619	294	10912	10619
262616362	-1	312	4.313E-83	1	34993	35775	902	312	0.610	9.600E-92	12	272	324	-35775	-34993	783	35817	34987
262623425	-1	111	1.386E-22	1	10619	10909	1462	111	0.575	2.427E-25	32	129	136	-10909	-10619	291	10912	10619
262655231	-1	309	3.450E-82	1	34993	35775	902	309	0.605	1.189E-90	15	275	494	-35775	-34993	783	35817	34987
262672330	-1	629	1.615E-178	2	34279	35787	902	341	0.649	1.015E-101	38	302	520	-35787	-34993	795	35817	34987
262672330	-1	629	1.615E-178	2	34279	35787	915	287	0.663	8.691E-84	303	519	520	-34929	-34279	651	34983	34279
262677248	-1	93	3.633E-17	1	10622	10912	1462	93	0.492	5.141E-19	7	105	114	-10912	-10622	291	10912	10619
262678861	-1	273	2.371E-71	2	32075	33071	949	41	0.884	4.632E-02	25	45	369	-33071	-33009	63	33071	32943
262678861	-1	273	2.371E-71	2	32075	33071	963	255	0.552	1.453E-72	70	308	369	-32797	-32075	723	32797	32069
262685527	-1	210	2.187E-52	3	16172	16949	1325	46	0.579	1.600E-03	96	131	287	-16949	-16836	114	16952	16815
262685527	-1	210	2.187E-52	3	16172	16949	1333	105	0.792	3.050E-23	134	196	287	-16757	-16569	189	16805	16527
262685527	-1	210	2.187E-52	3	16172	16949	1338	92	0.782	1.647E-19	230	285	287	-16339	-16172	168	16351	16169
262690354	1	156	3.939E-36	1	36461	36979	819	156	0.484	6.081E-39	12	184	234	36461	36979	519	36338	36982
262737054	-1	184	1.468E-44	2	25880	26610	1105	83	0.642	9.346E-16	145	207	373	-26610	-26422	189	26640	26395
262737054	-1	184	1.468E-44	2	25880	26610	1112	108	0.407	3.247E-23	216	364	373	-26311	-25880	432	26329	25871
262772297	-1	321	8.423E-86	1	34993	35775	902	321	0.625	6.914E-95	11	271	489	-35775	-34993	783	35817	34987
262861937	-1	94	1.817E-17	1	10661	10912	1462	94	0.559	2.729E-19	7	91	95	-10912	-10661	252	10912	10619
262862123	-1	86	4.651E-15	1	10622	10912	1462	86	0.469	1.538E-16	20	116	121	-10912	-10622	291	10912	10619
262862281	-1	82	7.441E-14	1	10625	10912	1462	82	0.452	3.653E-15	7	103	118	-10912	-10625	288	10912	10619
262862748	-1	95	9.084E-18	1	10661	10912	1462	95	0.565	1.055E-19	7	91	126	-10912	-10661	252	10912	10619
262863310	-1	70	3.048E-10	1	10754	10912	1462	70	0.639	6.722E-11	31	83	100	-10912	-10754	159	10912	10619
262863711	-1	78	1.191E-12	1	10667	10912	1462	78	0.496	6.321E-14	20	99	153	-10912	-10667	246	10912	10619
262863958	-1	68	1.219E-09	1	10727	10912	1462	68	0.546	1.739E-10	31	93	110	-10912	-10727	186	10912	10619
262864278	-1	94	1.817E-17	1	10619	10912	1462	94	0.495	2.729E-19	7	105	111	-10912	-10619	294	10912	10619
262864521	-1	83	3.721E-14	1	10685	10912	1462	83	0.539	1.939E-15	3	80	82	-10912	-10685	228	10912	10619
262879174	-1	320	1.685E-85	1	34993	35775	902	320	0.623	1.777E-94	15	275	494	-35775	-34993	783	35817	34987
262904786	-1	201	1.120E-49	2	25880	26610	1105	91	0.666	8.700E-19	74	140	297	-26610	-26410	201	26640	26395
262904786	-1	201	1.120E-49	2	25880	26610	1112	113	0.427	3.960E-25	145	291	297	-26311	-25880	432	26329	25871
262966100	-1	49	6.392E-04	1	31881	32018	967	49	0.526	1.303E-04	3	48	55	-32018	-31881	138	32018	31878
262973907	-1	321	8.423E-86	1	34993	35775	902	321	0.624	9.471E-95	9	269	488	-35775	-34993	783	35817	34987
262998590	-1	618	3.308E-175	2	34288	35775	902	344	0.661	1.121E-102	11	271	489	-35775	-34993	783	35817	34987
262998590	-1	618	3.308E-175	2	34288	35775	915	274	0.643	2.066E-79	271	485	489	-34932	-34288	645	34983	34279
263013233	-1	132	6.609E-29	2	25907	26604	1105	72	0.596	3.588E-12	92	151	315	-26604	-26425	180	26640	26395
263013233	-1	132	6.609E-29	2	25907	26604	1112	69	0.309	7.271E-10	162	301	315	-26308	-25907	402	26329	25871
263165666	-1	63	3.901E-08	1	25880	26293	1112	63	0.290	1.450E-07	116	254	262	-26293	-25880	414	26329	25871
264467429	-1	241	1.018E-61	1	32075	32797	963	241	0.526	1.646E-67	44	282	338	-32797	-32075	723	32797	32069
264521638	-1	281	9.261E-74	2	32075	33065	949	41	0.960	6.385E-02	3	21	339	-33065	-33009	57	33071	32943
264521638	-1	281	9.261E-74	2	32075	33065	963	263	0.566	1.962E-75	46	284	339	-32797	-32075	723	32797	32069
264795387	-1	311	8.625E-83	2	31878	32797	963	258	0.557	1.173E-73	52	290	344	-32797	-32075	723	32797	32069
264795387	-1	311	8.625E-83	2	31878	32797	967	52	0.546	1.010E-05	292	338	344	-32018	-31878	141	32018	31878
266293665	-1	252	4.972E-65	1	32075	32797	963	252	0.546	1.800E-71	45	283	345	-32797	-32075	723	32797	32069
267023507	-1	310	1.725E-82	2	31887	32767	963	253	0.566	9.593E-72	53	281	329	-32767	-32075	693	32797	32069
267023507	-1	310	1.725E-82	2	31887	32767	967	56	0.614	4.145E-07	283	326	329	-32018	-31887	132	32018	31878
267462232	-1	256	3.108E-66	1	32075	32797	963	256	0.554	5.653E-73	44	282	331	-32797	-32075	723	32797	32069
268059137	1	54	1.998E-05	1	35237	35380	786	54	0.558	1.650E-06	9	56	77	35237	35380	144	35234	35380
268134219	1	177	1.878E-42	1	36377	36979	819	177	0.473	6.778E-46	18	219	221	36377	36979	603	36338	36982
268138434	1	193	2.866E-47	1	36377	36976	819	193	0.510	1.718E-51	16	215	276	36377	36976	600	36338	36982
268198122	1	224	1.335E-56	2	36377	37211	819	177	0.476	6.778E-46	19	218	279	36377	36976	600	36338	36982
268198122	1	224	1.335E-56	2	36377	37211	824	46	0.427	2.385E-03	220	268	279	37041	37211	171	37023	37223
268242569	1	175	7.514E-42	1	36377	36976	819	175	0.472	3.260E-45	31	230	285	36377	36976	600	36338	36982
268267291	1	53	3.995E-05	2	30841	31602	696	83	0.642	4.770E-16	31	92	265	30841	31029	189	30826	31029
268267291	1	53	3.995E-05	2	30841	31602	706	39	0.316	6.890E+00	163	235	265	31387	31602	216	31285	31680
268355440	1	120	2.707E-25	2	31045	31605	699	77	0.658	6.909E-14	102	158	261	31045	31215	171	31039	31275
268355440	1	120	2.707E-25	2	31045	31605	706	53	0.346	1.823E-04	170	257	261	31342	31605	264	31285	31680
268368494	1	161	1.231E-37	1	36377	36979	819	161	0.438	1.929E-40	0	202	268	36377	36979	603	36338	36982
268377050	-1	262	4.856E-68	2	32075	33065	949	40	0.942	1.213E-01	0	18	336	-33065	-33009	57	33071	32943
268377050	-1	262	4.856E-68	2	32075	33065	963	245	0.534	5.176E-69	43	281	336	-32797	-32075	723	32797	32069
268400236	-1	317	1.348E-84	3	32075	33065	949	40	0.942	1.213E-01	0	18	336	-33065	-33009	57	33071	32943
268400236	-1	317	1.348E-84	3	32075	33065	953	40	0.594	1.718E+00	19	50	336	-32939	-32844	96	32939	32625
268400236	-1	317	1.348E-84	3	32075	33065	963	243	0.531	1.821E-68	43	281	336	-32797	-32075	723	32797	32069
268435045	-1	254	1.243E-65	1	32075	32797	963	254	0.550	3.733E-72	43	281	336	-32797	-32075	723	32797	32069
268458758	-1	247	1.591E-63	1	32075	32797	963	247	0.537	1.074E-69	27	265	320	-32797	-32075	723	32797	32069
268467465	-1	245	6.364E-63	1	32075	32797	963	245	0.535	3.779E-69	43	281	336	-32797	-32075	723	32797	32069
268515917	1	182	5.870E-44	1	36380	36979	819	182	0.486	8.333E-48	17	217	280	36380	36979	600	36338	36982
268516397	-1	252	4.972E-65	1	32075	32797	963	252	0.547	1.314E-71	5	243	298	-32797	-32075	723	32797	32069
268702255	-1	55	9.988E-06	1	25880	26305	1112	55	0.265	3.853E-05	130	260	263	-26305	-25880	426	26329	25871
269234970	-1	178	9.392E-43	2	25880	26616	1105	84	0.634	3.607E-16	160	224	394	-26616	-26422	195	26640	26395
269234970	-1	178	9.392E-43	2	25880	26616	1112	101	0.383	9.342E-21	233	383	394	-26311	-25880	432	26329	25871
269564034	-1	251	9.944E-65	1	32069	32797	963	251	0.541	4.624E-71	43	283	284	-32797	-32069	729	32797	32069
269587622	-1	248	7.956E-64	1	32075	32797	963	248	0.539	5.726E-70	43	281	336	-32797	-32075	723	32797	32069
270069688	1	226	3.337E-57	2	36377	37193	819	179	0.482	7.517E-47	18	217	278	36377	36976	600	36338	36982
270069688	1	226	3.337E-57	2	36377	37193	824	46	0.465	2.385E-03	219	265	278	37041	37193	153	37023	37223
270235155	1	180	2.348E-43	1	36377	36979	819	180	0.480	4.010E-47	58	259	319	36377	36979	603	36338	36982
270371824	-1	255	6.215E-66	3	16169	16760	1333	108	0.800	3.322E-24	75	138	228	-16760	-16569	192	16805	16527
270371824	-1	255	6.215E-66	3	16169	16760	1335	58	0.796	3.376E-08	139	172	228	-16504	-16403	102	16504	16397
270371824	-1	255	6.215E-66	3	16169	16760	1338	90	0.741	1.107E-18	170	227	228	-16342	-16169	174	16351	16169
270994207	-1	628	3.230E-178	2	34288	35775	902	331	0.640	4.974E-98	11	271	489	-35775	-34993	783	35817	34987
270994207	-1	628	3.230E-178	2	34288	35775	915	297	0.688	2.414E-87	271	485	489	-34932	-34288	645	34983	34279
271362329	-1	258	7.769E-67	1	32075	32794	963	258	0.558	1.606E-73	48	285	343	-32794	-32075	720	32797	32069
271561663	-1	69	6.096E-10	1	25889	26326	1112	69	0.286	9.934E-10	126	283	285	-26326	-25889	438	26329	25871
271653931	1	180	2.348E-43	1	36377	36979	819	180	0.480	4.010E-47	18	219	285	36377	36979	603	36338	36982
271752706	-1	310	1.725E-82	1	34993	35775	902	310	0.607	6.338E-91	9	269	488	-35775	-34993	783	35817	34987
272021147	1	240	2.037E-61	2	36425	37190	819	193	0.543	1.718E-51	37	220	285	36425	36979	555	36338	36982
272021147	1	240	2.037E-61	2	36425	37190	824	53	0.474	7.637E-06	214	271	285	37029	37190	162	37023	37223
272282423	-1	309	3.450E-82	1	34993	35775	902	309	0.605	1.189E-90	9	269	488	-35775	-34993	783	35817	34987
272315848	-1	196	3.583E-48	3	16569	17720	1304	36	0.673	1.180E+00	6	30	223	-17720	-17646	75	17726	17631
272315848	-1	196	3.583E-48	3	16569	17720	1325	44	0.522	4.182E-03	31	72	223	-16952	-16827	126	16952	16815
272315848	-1	196	3.583E-48	3	16569	17720	1333	117	0.851	1.661E-27	70	134	223	-16763	-16569	195	16805	16527
272362210	-1	52	7.990E-05	1	25880	26305	1112	52	0.256	4.558E-04	129	259	261	-26305	-25880	426	26329	25871
272434587	1	185	7.338E-45	1	36377	36979	819	185	0.491	6.744E-49	18	219	285	36377	36979	603	36338	36982
272445490	1	178	9.392E-43	1	36377	36979	819	178	0.476	1.929E-46	18	219	285	36377	36979	603	36338	36982
272487004	-1	49	6.392E-04	1	25889	26305	1112	49	0.249	5.347E-03	129	256	261	-26305	-25889	417	26329	25871
272966892	-1	245	6.364E-63	1	32075	32767	963	245	0.553	3.779E-69	53	281	336	-32767	-32075	693	32797	32069
273202626	-1	616	1.323E-174	2	34282	35775	902	342	0.658	5.407E-102	11	271	489	-35775	-34993	783	35817	34987
273202626	-1	616	1.323E-174	2	34282	35775	915	274	0.637	2.831E-79	271	487	489	-34932	-34282	651	34983	34279
273233119	-1	315	5.391E-84	1	34993	35778	902	315	0.612	1.454E-92	8	269	487	-35778	-34993	786	35817	34987
273309479	-1	54	1.998E-05	1	25880	26305	1112	54	0.262	9.740E-05	129	259	262	-26305	-25880	426	26329	25871
273507432	1	178	9.392E-43	1	36377	36979	819	178	0.476	1.929E-46	32	233	293	36377	36979	603	36338	36982
273559707	-1	181	1.174E-43	2	25880	26610	1105	73	0.583	2.612E-12	69	130	293	-26610	-26425	186	26640	26395
273559707	-1	181	1.174E-43	2	25880	26610	1112	116	0.433	5.988E-26	140	286	293	-26311	-25880	432	26329	25871
273608093	1	179	4.696E-43	1	36377	36979	819	179	0.479	7.517E-47	44	245	305	36377	36979	603	36338	36982
273826615	1	178	9.392E-43	2	36605	37193	819	128	0.530	2.753E-29	14	137	202	36605	36982	378	36338	36982
273826615	1	178	9.392E-43	2	36605	37193	824	49	0.484	1.855E-04	138	189	202	37044	37193	150	37023	37223
273864807	1	222	5.339E-56	2	36377	37193	819	184	0.489	1.264E-48	17	218	284	36377	36979	603	36338	36982
273864807	1	222	5.339E-56	2	36377	37193	824	37	0.378	3.724E+00	219	271	284	37041	37193	153	37023	37223
274298276	-1	633	1.010E-179	2	34279	35775	902	341	0.652	1.390E-101	11	273	489	-35775	-34987	789	35817	34987
274298276	-1	633	1.010E-179	2	34279	35775	915	293	0.673	1.057E-85	272	488	489	-34929	-34279	651	34983	34279
274299625	-1	312	4.313E-83	1	34993	35775	902	312	0.610	1.315E-91	19	279	496	-35775	-34993	783	35817	34987
274753835	1	179	4.696E-43	1	36377	36976	819	179	0.481	1.409E-46	18	217	278	36377	36976	600	36338	36982
275076638	-1	252	4.972E-65	1	32075	32767	963	252	0.566	1.314E-71	15	243	298	-32767	-32075	693	32797	32069
275892364	-1	254	1.243E-65	3	16169	16763	1333	111	0.812	1.921E-25	75	139	229	-16763	-16569	195	16805	16527
275892364	-1	254	1.243E-65	3	16169	16763	1335	52	0.721	4.050E-06	140	173	229	-16504	-16403	102	16504	16397
275892364	-1	254	1.243E-65	3	16169	16763	1338	91	0.761	4.270E-19	172	228	229	-16339	-16169	171	16351	16169
275962810	-1	265	6.070E-69	2	32075	33065	949	40	0.942	1.213E-01	0	18	285	-33065	-33009	57	33071	32943
275962810	-1	265	6.070E-69	2	32075	33065	963	248	0.539	4.181E-70	43	281	285	-32797	-32075	723	32797	32069
276677665	-1	259	3.885E-67	3	16169	16763	1333	109	0.797	1.284E-24	76	140	306	-16763	-16569	195	16805	16527
276677665	-1	259	3.885E-67	3	16169	16763	1335	52	0.740	4.050E-06	142	174	306	-16501	-16403	99	16504	16397
276677665	-1	259	3.885E-67	3	16169	16763	1338	99	0.811	5.439E-22	172	229	306	-16342	-16169	174	16351	16169
276733588	-1	171	1.202E-40	2	16172	16760	1333	106	0.789	1.179E-23	75	138	238	-16760	-16569	192	16805	16527
276733588	-1	171	1.202E-40	2	16172	16760	1338	96	0.809	9.462E-21	171	226	238	-16339	-16172	168	16351	16169
276803390	-1	175	7.514E-42	2	16169	16763	1333	107	0.718	6.259E-24	73	142	232	-16763	-16548	216	16805	16527
276803390	-1	175	7.514E-42	2	16169	16763	1338	91	0.758	5.866E-19	167	223	232	-16339	-16169	171	16351	16169
276824222	-1	253	2.486E-65	3	16169	16760	1333	106	0.803	8.591E-24	60	122	216	-16760	-16572	189	16805	16527
276824222	-1	253	2.486E-65	3	16169	16760	1335	56	0.786	2.289E-07	125	157	216	-16501	-16403	99	16504	16397
276824222	-1	253	2.486E-65	3	16169	16760	1338	94	0.770	4.627E-20	155	212	216	-16342	-16169	174	16351	16169
276844479	-1	251	9.944E-65	3	16172	16760	1333	105	0.781	3.050E-23	74	137	227	-16760	-16569	192	16805	16527
276844479	-1	251	9.944E-65	3	16172	16760	1335	56	0.766	2.289E-07	138	171	227	-16504	-16403	102	16504	16397
276844479	-1	251	9.944E-65	3	16172	16760	1338	90	0.767	8.058E-19	170	225	227	-16339	-16172	168	16351	16169
276851491	-1	172	6.011E-41	2	16169	16760	1333	106	0.724	8.591E-24	74	142	232	-16760	-16548	213	16805	16527
276851491	-1	172	6.011E-41	2	16169	16760	1338	89	0.749	1.521E-18	167	223	232	-16339	-16169	171	16351	16169
277075114	-1	633	1.010E-179	2	34288	35775	902	340	0.654	3.574E-101	11	271	489	-35775	-34993	783	35817	34987
277075114	-1	633	1.010E-179	2	34288	35775	915	293	0.679	7.717E-86	271	485	489	-34932	-34288	645	34983	34279
277086100	-1	284	1.158E-74	2	32075	32939	953	40	0.605	2.352E+00	21	51	383	-32939	-32847	93	32939	32625
277086100	-1	284	1.158E-74	2	32075	32939	963	250	0.543	6.333E-71	45	283	383	-32797	-32075	723	32797	32069
277105194	-1	190	2.293E-46	2	25880	26610	1105	82	0.637	1.763E-15	79	141	305	-26610	-26422	189	26640	26395
277105194	-1	190	2.293E-46	2	25880	26610	1112	115	0.426	1.540E-25	150	298	305	-26311	-25880	432	26329	25871
277155085	-1	591	4.440E-167	2	34279	35775	902	314	0.613	2.728E-92	12	272	491	-35775	-34993	783	35817	34987
277155085	-1	591	4.440E-167	2	34279	35775	915	276	0.642	4.280E-80	273	489	491	-34929	-34279	651	34983	34279
277187663	-1	314	1.078E-83	1	34993	35775	902	314	0.612	3.736E-92	9	269	488	-35775	-34993	783	35817	34987
277187820	-1	652	1.926E-185	2	34288	35775	902	337	0.650	3.235E-100	11	271	489	-35775	-34993	783	35817	34987
277187820	-1	652	1.926E-185	2	34288	35775	915	314	0.722	5.940E-93	272	485	489	-34929	-34288	642	34983	34279
277221306	-1	590	8.880E-167	2	34279	35775	902	320	0.623	1.777E-94	14	274	493	-35775	-34993	783	35817	34987
277221306	-1	590	8.880E-167	2	34279	35775	915	269	0.627	1.696E-77	275	491	493	-34929	-34279	651	34983	34279
277242813	-1	250	1.989E-64	1	32075	32797	963	250	0.543	6.333E-71	52	290	344	-32797	-32075	723	32797	32069
277313915	-1	177	1.878E-42	2	25880	26607	1105	83	0.621	6.805E-16	69	134	290	-26607	-26410	198	26640	26395
277313915	-1	177	1.878E-42	2	25880	26607	1112	99	0.393	3.285E-20	141	283	290	-26305	-25880	426	26329	25871
277361198	-1	610	8.469E-173	2	34279	35775	902	322	0.626	5.048E-95	10	270	488	-35775	-34993	783	35817	34987
277361198	-1	610	8.469E-173	2	34279	35775	915	287	0.662	1.191E-83	271	487	488	-34929	-34279	651	34983	34279
277386864	-1	311	8.625E-83	1	34993	35775	902	311	0.608	2.467E-91	9	269	488	-35775	-34993	783	35817	34987
277404327	-1	81	1.488E-13	1	10667	10912	1462	81	0.508	9.449E-15	7	88	119	-10912	-10667	246	10912	10619
277404988	-1	92	7.267E-17	1	10619	10912	1462	92	0.493	9.685E-19	34	130	136	-10912	-10619	294	10912	10619
277405001	-1	79	5.953E-13	1	10685	10912	1462	79	0.523	4.605E-14	20	96	121	-10912	-10685	228	10912	10619
277405804	-1	93	3.633E-17	1	10640	10912	1462	93	0.521	5.141E-19	31	122	129	-10912	-10640	273	10912	10619
277406141	-1	91	1.453E-16	1	10625	10912	1462	91	0.497	1.825E-18	20	112	125	-10912	-10625	288	10912	10619
277406598	-1	100	2.839E-19	1	10619	10912	1462	100	0.521	2.360E-21	31	129	135	-10912	-10619	294	10912	10619
277406617	-1	74	1.905E-11	1	10754	10912	1462	74	0.671	2.830E-12	20	72	78	-10912	-10754	159	10912	10619
277412669	1	186	3.669E-45	1	36377	36979	819	186	0.495	2.627E-49	13	210	275	36377	36979	603	36338	36982
277440060	1	239	4.073E-61	2	36377	37193	819	194	0.510	9.158E-52	16	212	278	36377	36979	603	36338	36982
277440060	1	239	4.073E-61	2	36377	37193	824	44	0.432	1.621E-02	213	265	278	37041	37193	153	37023	37223
277455112	-1	85	9.302E-15	1	10619	10912	1462	85	0.464	2.111E-16	7	93	99	-10912	-10619	294	10912	10619
277514808	-1	155	7.879E-36	2	25907	26613	1105	72	0.509	3.588E-12	115	187	341	-26613	-26395	219	26640	26395
277514808	-1	155	7.879E-36	2	25907	26613	1112	82	0.356	3.275E-14	189	323	341	-26305	-25907	399	26329	25871
277542610	-1	167	1.924E-39	2	25880	26610	1105	81	0.634	2.421E-15	172	234	407	-26610	-26422	189	26640	26395
277542610	-1	167	1.924E-39	2	25880	26610	1112	93	0.356	5.012E-18	243	396	407	-26311	-25880	432	26329	25871
279210621	1	57	2.497E-06	1	35234	35371	786	57	0.599	2.431E-07	15	60	64	35234	35371	138	35234	35380
282073256	-1	245	6.364E-63	1	32075	32797	963	245	0.535	3.779E-69	43	281	335	-32797	-32075	723	32797	32069
282659023	-1	250	1.989E-64	1	32075	32797	963	250	0.542	1.188E-70	43	281	336	-32797	-32075	723	32797	32069
282661379	-1	247	1.591E-63	1	32075	32797	963	247	0.537	1.074E-69	43	281	336	-32797	-32075	723	32797	32069
282780820	1	184	1.468E-44	1	36377	36976	819	184	0.492	1.731E-48	20	219	280	36377	36976	600	36338	36982
282811276	1	228	8.342E-58	2	36341	37193	819	180	0.462	5.490E-47	6	217	278	36341	36976	636	36338	36982
282811276	1	228	8.342E-58	2	36341	37193	824	47	0.471	1.259E-03	219	265	278	37041	37193	153	37023	37223
282821272	-1	257	1.554E-66	1	32075	32785	963	257	0.562	4.127E-73	47	281	336	-32785	-32075	711	32797	32069
282834442	-1	244	1.273E-62	1	32075	32797	963	244	0.533	7.089E-69	43	281	336	-32797	-32075	723	32797	32069
282847498	-1	319	3.369E-85	3	32075	33065	949	40	0.942	1.213E-01	0	18	336	-33065	-33009	57	33071	32943
282847498	-1	319	3.369E-85	3	32075	33065	953	40	0.594	1.718E+00	19	50	336	-32939	-32844	96	32939	32625
282847498	-1	319	3.369E-85	3	32075	33065	963	245	0.534	5.176E-69	43	281	336	-32797	-32075	723	32797	32069
282877804	1	192	5.733E-47	1	36377	36976	819	192	0.509	3.221E-51	16	215	276	36377	36976	600	36338	36982
282896967	-1	68	1.219E-09	1	25889	26326	1112	68	0.283	1.854E-09	117	274	276	-26326	-25889	438	26329	25871
283356773	-1	252	4.972E-65	3	16169	16763	1333	109	0.799	9.358E-25	75	139	230	-16763	-16569	195	16805	16527
283356773	-1	252	4.972E-65	3	16169	16763	1335	56	0.766	2.289E-07	140	173	230	-16504	-16403	102	16504	16397
283356773	-1	252	4.972E-65	3	16169	16763	1338	87	0.732	1.022E-17	172	228	230	-16339	-16169	171	16351	16169
284003571	-1	55	9.988E-06	1	25880	26305	1112	55	0.263	7.151E-05	129	259	261	-26305	-25880	426	26329	25871
285206020	-1	610	8.469E-173	2	34279	35805	902	326	0.609	2.171E-96	0	272	488	-35805	-34987	819	35817	34987
285206020	-1	610	8.469E-173	2	34279	35805	915	285	0.658	5.750E-83	271	487	488	-34929	-34279	651	34983	34279
285224946	-1	319	3.369E-85	1	34993	35775	902	319	0.621	6.255E-94	8	268	487	-35775	-34993	783	35817	34987
285414769	-1	51	1.598E-04	1	25880	26305	1112	51	0.252	1.149E-03	129	259	262	-26305	-25880	426	26329	25871
285608111	1	239	4.073E-61	2	36377	37196	819	186	0.494	3.597E-49	14	210	287	36377	36979	603	36338	36982
285608111	1	239	4.073E-61	2	36377	37196	824	52	0.489	2.735E-05	211	264	287	37041	37196	156	37023	37223
285953734	-1	312	4.313E-83	1	34993	35775	902	312	0.610	1.315E-91	16	276	497	-35775	-34993	783	35817	34987
286640885	-1	168	9.618E-40	2	25916	26613	1105	85	0.639	1.912E-16	67	131	289	-26613	-26419	195	26640	26395
286640885	-1	168	9.618E-40	2	25916	26613	1112	91	0.396	1.760E-17	141	270	289	-26305	-25916	390	26329	25871
287470432	1	229	4.171E-58	2	36377	37190	819	190	0.503	1.551E-50	24	221	284	36377	36979	603	36338	36982
287470432	1	229	4.171E-58	2	36377	37190	824	42	0.467	1.103E-01	226	270	284	37056	37190	135	37023	37223
287634250	1	183	2.935E-44	1	36377	36976	819	183	0.491	3.246E-48	131	330	399	36377	36976	600	36338	36982
287716919	-1	248	7.956E-64	1	32075	32797	963	248	0.539	4.181E-70	43	281	336	-32797	-32075	723	32797	32069
287743000	-1	64	1.951E-08	1	10916	11137	1456	64	0.454	2.355E-09	45	119	147	-11137	-10916	222	11170	10916
287964559	-1	319	3.369E-85	1	34993	35775	902	319	0.622	3.334E-94	12	272	493	-35775	-34993	783	35817	34987
288612173	-1	80	2.977E-13	1	25922	26308	1112	80	0.348	1.569E-13	74	209	233	-26308	-25922	387	26329	25871
288764905	-1	315	5.391E-84	1	34993	35775	902	315	0.615	1.061E-92	9	269	488	-35775	-34993	783	35817	34987
288879241	1	172	6.011E-41	1	36377	36976	819	172	0.467	2.146E-44	22	221	282	36377	36976	600	36338	36982
289212463	-1	287	1.447E-75	2	32075	32939	953	42	0.621	3.573E-01	19	50	336	-32939	-32844	96	32939	32625
289212463	-1	287	1.447E-75	2	32075	32939	963	252	0.546	2.465E-71	43	281	336	-32797	-32075	723	32797	32069
289460247	-1	326	2.632E-87	1	34993	35775	902	326	0.632	2.171E-96	8	268	487	-35775	-34993	783	35817	34987
289738080	1	209	4.374E-52	2	36368	37193	819	169	0.453	3.623E-43	0	201	264	36368	36979	612	36338	36982
289738080	1	209	4.374E-52	2	36368	37193	824	43	0.474	3.072E-02	206	251	264	37056	37193	138	37023	37223
289890562	-1	247	1.591E-63	1	32075	32797	963	247	0.537	1.074E-69	28	266	321	-32797	-32075	723	32797	32069
289981632	-1	180	2.348E-43	2	25880	26610	1105	91	0.689	1.195E-18	75	138	297	-26610	-26419	192	26640	26395
289981632	-1	180	2.348E-43	2	25880	26610	1112	97	0.383	2.166E-19	148	292	297	-26305	-25880	426	26329	25871
289995129	-1	256	3.108E-66	1	32075	32797	963	256	0.552	1.061E-72	43	281	336	-32797	-32075	723	32797	32069
290002725	-1	279	3.705E-73	2	32075	33065	949	41	0.960	6.385E-02	3	21	339	-33065	-33009	57	33071	32943
290002725	-1	279	3.705E-73	2	32075	33065	963	261	0.561	1.775E-74	46	284	339	-32797	-32075	723	32797	32069
290047287	-1	782	1.415E-224	2	34291	35775	902	422	0.787	9.341E-130	11	271	490	-35775	-34993	783	35817	34987
290047287	-1	782	1.415E-224	2	34291	35775	915	359	0.816	7.928E-109	272	484	490	-34929	-34291	639	34983	34279
290235911	-1	290	1.809E-76	2	32069	32939	953	41	0.610	6.698E-01	19	50	295	-32939	-32844	96	32939	32625
290235911	-1	290	1.809E-76	2	32069	32939	963	256	0.549	7.743E-73	43	283	295	-32797	-32069	729	32797	32069
290449145	-1	243	2.546E-62	1	32075	32797	963	243	0.531	1.821E-68	44	282	338	-32797	-32075	723	32797	32069
290471606	1	182	5.870E-44	1	36377	36979	819	182	0.484	1.141E-47	18	219	285	36377	36979	603	36338	36982
290734085	-1	306	2.760E-81	1	34993	35775	902	306	0.601	1.075E-89	15	275	492	-35775	-34993	783	35817	34987
290744671	1	241	1.018E-61	2	36377	37193	819	193	0.507	1.254E-51	14	211	276	36377	36982	606	36338	36982
290744671	1	241	1.018E-61	2	36377	37193	824	47	0.461	1.733E-03	212	263	276	37044	37193	150	37023	37223
290831788	-1	281	9.261E-74	2	32075	32939	953	41	0.605	9.170E-01	19	50	336	-32939	-32844	96	32939	32625
290831788	-1	281	9.261E-74	2	32075	32939	963	247	0.537	1.074E-69	43	281	336	-32797	-32075	723	32797	32069
291121672	-1	170	2.404E-40	2	16169	16763	1333	111	0.812	1.921E-25	75	139	230	-16763	-16569	195	16805	16527
291121672	-1	170	2.404E-40	2	16169	16763	1338	91	0.761	4.270E-19	173	229	230	-16339	-16169	171	16351	16169
291321523	-1	224	1.335E-56	3	3936	16952	1325	48	0.593	2.345E-04	44	80	240	-16952	-16836	117	16952	16815
291321523	-1	224	1.335E-56	3	3936	16952	1626	117	0.785	2.280E-27	82	152	240	-4284	-4072	213	4329	4051
291321523	-1	224	1.335E-56	3	3936	16952	1628	59	0.875	1.784E-08	151	181	240	-4028	-3936	93	4028	3921
291332362	-1	255	6.215E-66	3	16169	16760	1333	107	0.797	4.560E-24	73	136	226	-16760	-16569	192	16805	16527
291332362	-1	255	6.215E-66	3	16169	16760	1335	57	0.776	1.209E-07	137	170	226	-16504	-16403	102	16504	16397
291332362	-1	255	6.215E-66	3	16169	16760	1338	91	0.764	3.109E-19	169	225	226	-16339	-16169	171	16351	16169
291412016	-1	241	1.018E-61	3	16172	16760	1333	105	0.784	2.222E-23	79	142	260	-16760	-16569	192	16805	16527
291412016	-1	241	1.018E-61	3	16172	16760	1335	51	0.729	7.671E-06	144	176	260	-16501	-16403	99	16504	16397
291412016	-1	241	1.018E-61	3	16172	16760	1338	85	0.728	5.005E-17	175	230	260	-16339	-16172	168	16351	16169
291594723	-1	291	9.044E-77	2	32075	32939	953	41	0.590	9.170E-01	19	51	340	-32939	-32841	99	32939	32625
291594723	-1	291	9.044E-77	2	32075	32939	963	254	0.557	3.733E-72	47	281	340	-32785	-32075	711	32797	32069
291601428	-1	644	4.929E-183	2	34288	35775	902	342	0.659	3.947E-102	11	271	489	-35775	-34993	783	35817	34987
291601428	-1	644	4.929E-183	2	34288	35775	915	301	0.697	1.943E-88	272	485	489	-34929	-34288	642	34983	34279
291601699	-1	264	1.214E-68	3	16169	16760	1333	106	0.787	1.619E-23	69	132	225	-16760	-16569	192	16805	16527
291601699	-1	264	1.214E-68	3	16169	16760	1335	59	0.833	1.297E-08	134	166	225	-16501	-16403	99	16504	16397
291601699	-1	264	1.214E-68	3	16169	16760	1338	99	0.823	5.439E-22	165	221	225	-16339	-16169	171	16351	16169
291637771	-1	123	3.384E-26	2	25874	26610	1105	67	0.519	2.228E-10	68	133	294	-26610	-26413	198	26640	26395
291637771	-1	123	3.384E-26	2	25874	26610	1112	66	0.293	6.450E-09	145	290	294	-26293	-25874	420	26329	25871
291692841	-1	324	1.053E-86	3	32075	33068	949	40	0.898	1.213E-01	2	21	371	-33068	-33009	60	33071	32943
291692841	-1	324	1.053E-86	3	32075	33068	953	40	0.600	1.255E+00	22	53	371	-32939	-32844	96	32939	32625
291692841	-1	324	1.053E-86	3	32075	33068	963	250	0.543	8.674E-71	46	284	371	-32797	-32075	723	32797	32069
291695900	-1	616	1.323E-174	2	34282	35775	902	342	0.658	7.407E-102	11	271	489	-35775	-34993	783	35817	34987
291695900	-1	616	1.323E-174	2	34282	35775	915	274	0.637	2.831E-79	271	487	489	-34932	-34282	651	34983	34279
291696525	-1	318	6.739E-85	1	34993	35775	902	318	0.620	8.568E-94	9	269	489	-35775	-34993	783	35817	34987
291782340	-1	708	2.672E-202	2	34279	35775	902	369	0.701	2.729E-111	11	271	489	-35775	-34993	783	35817	34987
291782340	-1	708	2.672E-202	2	34279	35775	915	338	0.762	1.423E-101	272	488	489	-34929	-34279	651	34983	34279
291803101	-1	634	5.048E-180	2	34282	35772	902	336	0.651	6.071E-100	1	260	478	-35772	-34993	780	35817	34987
291803101	-1	634	5.048E-180	2	34282	35772	915	301	0.682	1.035E-88	257	476	478	-34941	-34282	660	34983	34279
291809069	-1	604	5.420E-171	2	34279	35805	902	317	0.596	1.607E-93	0	272	488	-35805	-34987	819	35817	34987
291809069	-1	604	5.420E-171	2	34279	35805	915	288	0.664	4.629E-84	271	487	488	-34929	-34279	651	34983	34279
291828580	-1	84	1.860E-14	1	10625	10903	1462	84	0.475	7.496E-16	10	102	119	-10903	-10625	279	10912	10619
291835083	-1	346	2.510E-93	3	31941	32939	953	43	0.637	1.391E-01	19	50	351	-32939	-32844	96	32939	32625
291835083	-1	346	2.510E-93	3	31941	32939	963	261	0.562	1.296E-74	43	281	351	-32797	-32075	723	32797	32069
291835083	-1	346	2.510E-93	3	31941	32939	967	48	0.849	1.795E-04	283	308	351	-32018	-31941	78	32018	31878
291838803	-1	51	1.598E-04	1	12188	12385	1433	51	0.414	1.119E-03	0	65	69	-12385	-12188	198	12529	12074
291851866	-1	320	1.685E-85	1	34993	35775	902	320	0.623	2.434E-94	9	269	488	-35775	-34993	783	35817	34987
291893714	-1	639	1.577E-181	2	34288	35778	902	335	0.645	1.139E-99	0	261	479	-35778	-34993	786	35817	34987
291893714	-1	639	1.577E-181	2	34288	35778	915	304	0.700	1.563E-89	261	475	479	-34932	-34288	645	34983	34279
291894057	-1	316	2.695E-84	1	34993	35775	902	316	0.617	4.131E-93	9	269	488	-35775	-34993	783	35817	34987
291928311	-1	616	1.323E-174	2	34279	35805	902	329	0.614	1.751E-97	0	272	488	-35805	-34987	819	35817	34987
291928311	-1	616	1.323E-174	2	34279	35805	915	288	0.664	4.629E-84	271	487	488	-34929	-34279	651	34983	34279
291945736	-1	100	2.839E-19	1	10619	10912	1462	100	0.523	1.719E-21	7	105	111	-10912	-10619	294	10912	10619
291946304	-1	102	7.097E-20	1	10619	10912	1462	102	0.531	3.530E-22	31	129	135	-10912	-10619	294	10912	10619
291946318	-1	72	7.620E-11	1	10754	10912	1462	72	0.658	1.005E-11	7	59	76	-10912	-10754	159	10912	10619
291946683	-1	104	1.774E-20	1	10619	10909	1462	104	0.546	5.280E-23	21	118	124	-10909	-10619	291	10912	10619
291946729	-1	95	9.084E-18	1	10625	10912	1462	95	0.510	7.687E-20	43	139	140	-10912	-10625	288	10912	10619
291946781	-1	82	7.441E-14	1	10679	10912	1462	82	0.532	2.661E-15	31	109	111	-10912	-10679	234	10912	10619
291946787	-1	97	2.271E-18	1	10622	10912	1462	97	0.515	1.578E-20	7	104	111	-10912	-10622	291	10912	10619
291946805	-1	104	1.774E-20	1	10619	10912	1462	104	0.538	9.946E-23	3	101	107	-10912	-10619	294	10912	10619
291946833	-1	100	2.839E-19	1	10619	10912	1462	100	0.524	1.253E-21	20	118	124	-10912	-10619	294	10912	10619
291946995	-1	72	7.620E-11	1	10754	10912	1462	72	0.661	7.319E-12	7	59	78	-10912	-10754	159	10912	10619
291947012	-1	106	4.435E-21	1	10619	10912	1462	106	0.550	1.084E-23	41	139	145	-10912	-10619	294	10912	10619
291966544	-1	610	8.469E-173	2	34279	35805	902	321	0.601	1.297E-94	0	272	488	-35805	-34987	819	35817	34987
291966544	-1	610	8.469E-173	2	34279	35805	915	290	0.668	9.586E-85	271	487	488	-34929	-34279	651	34983	34279
291995056	-1	98	1.135E-18	1	10619	10912	1462	98	0.512	1.150E-20	7	105	111	-10912	-10619	294	10912	10619
292018344	1	190	2.293E-46	1	36377	36979	819	190	0.503	1.551E-50	14	212	277	36377	36979	603	36338	36982
292059904	-1	645	2.465E-183	2	34288	35772	902	342	0.661	3.947E-102	66	325	543	-35772	-34993	780	35817	34987
292059904	-1	645	2.465E-183	2	34288	35772	915	302	0.700	5.512E-89	326	539	543	-34929	-34288	642	34983	34279
292061056	1	193	2.866E-47	1	36377	36979	819	193	0.500	1.254E-51	14	219	284	36377	36979	603	36338	36982
292092656	-1	330	1.645E-88	1	34993	35775	902	330	0.638	9.333E-98	8	268	484	-35775	-34993	783	35817	34987
292226736	-1	283	2.315E-74	2	32075	32939	953	42	0.616	4.892E-01	19	50	336	-32939	-32844	96	32939	32625
292226736	-1	283	2.315E-74	2	32075	32939	963	248	0.539	5.726E-70	43	281	336	-32797	-32075	723	32797	32069
292255115	1	175	7.514E-42	1	36377	36976	819	175	0.473	2.381E-45	18	216	284	36377	36976	600	36338	36982
293951459	-1	314	1.078E-83	3	31881	33065	949	43	1.000	9.321E-03	0	18	336	-33065	-33009	57	33071	32943
293951459	-1	314	1.078E-83	3	31881	33065	963	244	0.532	1.330E-68	43	281	336	-32797	-32075	723	32797	32069
293951459	-1	314	1.078E-83	3	31881	33065	967	49	0.526	1.303E-04	283	328	336	-32018	-31881	138	32018	31878
294826929	-1	281	9.261E-74	2	32075	32939	953	41	0.590	9.170E-01	22	54	343	-32939	-32841	99	32939	32625
294826929	-1	281	9.261E-74	2	32075	32939	963	243	0.539	2.494E-68	51	284	343	-32782	-32075	708	32797	32069
296368696	1	51	1.598E-04	1	35237	35371	786	51	0.561	1.544E-05	12	56	66	35237	35371	135	35234	35380
296617052	-1	245	6.364E-63	1	32075	32797	963	245	0.534	5.176E-69	43	281	335	-32797	-32075	723	32797	32069
297065480	1	175	7.514E-42	1	36377	36976	819	175	0.472	3.260E-45	18	216	284	36377	36976	600	36338	36982
297232853	-1	249	3.978E-64	1	32075	32797	963	249	0.541	2.229E-70	43	281	336	-32797	-32075	723	32797	32069
297318255	1	176	3.757E-42	1	36341	36976	819	176	0.454	1.271E-45	6	217	278	36341	36976	636	36338	36982
297358368	1	229	4.171E-58	4	30577	31215	686	40	0.762	6.190E-02	23	46	285	30577	30648	72	30556	30648
297358368	1	229	4.171E-58	4	30577	31215	692	53	0.755	2.967E-06	42	74	285	30692	30790	99	30686	30829
297358368	1	229	4.171E-58	4	30577	31215	696	73	0.576	1.346E-12	72	133	285	30841	31029	189	30826	31029
297358368	1	229	4.171E-58	4	30577	31215	699	79	0.670	1.940E-14	122	178	285	31045	31215	171	31039	31275
297365654	1	194	1.433E-47	1	36377	36976	819	194	0.513	6.687E-52	16	215	300	36377	36976	600	36338	36982
297397575	-1	250	1.989E-64	1	32075	32785	963	250	0.551	6.333E-71	85	319	341	-32785	-32075	711	32797	32069
297400505	1	183	2.935E-44	1	36377	36979	819	183	0.487	3.246E-48	18	219	279	36377	36979	603	36338	36982
297428523	1	225	6.674E-57	2	36377	37193	819	177	0.478	3.616E-46	18	217	278	36377	36976	600	36338	36982
297428523	1	225	6.674E-57	2	36377	37193	824	47	0.471	1.259E-03	219	265	278	37041	37193	153	37023	37223
297460753	1	184	1.468E-44	1	36344	36976	819	184	0.473	1.264E-48	20	230	291	36344	36976	633	36338	36982
297472964	1	179	4.696E-43	1	36377	36976	819	179	0.481	1.029E-46	18	217	278	36377	36976	600	36338	36982
297476348	-1	59	6.242E-07	1	10916	11095	1456	59	0.494	2.009E-07	16	76	108	-11095	-10916	180	11170	10916
297519630	1	182	5.870E-44	1	36344	36976	819	182	0.468	8.333E-48	7	217	238	36344	36976	633	36338	36982
297757401	1	168	9.618E-40	4	30577	31602	686	41	0.783	2.366E-02	6	29	287	30577	30648	72	30556	30648
297757401	1	168	9.618E-40	4	30577	31602	696	78	0.608	2.967E-14	55	116	287	30841	31029	189	30826	31029
297757401	1	168	9.618E-40	4	30577	31602	699	79	0.673	1.412E-14	105	161	287	31045	31215	171	31039	31275
297757401	1	168	9.618E-40	4	30577	31602	706	42	0.385	7.974E-01	201	259	287	31426	31602	177	31285	31680
297784725	-1	258	7.769E-67	3	16172	16760	1333	112	0.829	1.019E-25	75	138	228	-16760	-16569	192	16805	16527
297784725	-1	258	7.769E-67	3	16172	16760	1335	53	0.736	1.554E-06	139	172	228	-16504	-16403	102	16504	16397
297784725	-1	258	7.769E-67	3	16172	16760	1338	93	0.785	1.199E-19	171	226	228	-16339	-16172	168	16351	16169
297839946	-1	254	1.243E-65	1	32075	32767	963	254	0.568	5.113E-72	53	281	341	-32767	-32075	693	32797	32069
298535897	1	147	2.017E-33	1	36509	36979	819	147	0.498	8.234E-36	23	179	239	36509	36979	471	36338	36982
299033759	1	177	1.878E-42	1	36377	36979	819	177	0.474	4.951E-46	18	219	279	36377	36979	603	36338	36982
299169188	-1	309	3.450E-82	2	31878	32797	963	251	0.544	4.624E-71	49	287	341	-32797	-32075	723	32797	32069
299169188	-1	309	3.450E-82	2	31878	32797	967	60	0.641	1.706E-08	291	335	341	-32012	-31878	135	32018	31878
299339691	-1	311	8.625E-83	3	25880	26764	1101	51	0.661	7.393E-05	34	70	290	-26764	-26654	111	26806	26561
299339691	-1	311	8.625E-83	3	25880	26764	1105	100	0.709	1.115E-21	66	133	290	-26613	-26410	204	26640	26395
299339691	-1	311	8.625E-83	3	25880	26764	1112	168	0.596	5.063E-44	139	281	290	-26308	-25880	429	26329	25871
299589779	-1	323	2.106E-86	1	34993	35775	902	323	0.628	1.964E-95	15	275	494	-35775	-34993	783	35817	34987
299845300	-1	316	2.695E-84	1	34993	35775	902	316	0.617	4.131E-93	11	271	488	-35775	-34993	783	35817	34987
300135968	-1	142	6.454E-32	2	25880	26598	1105	77	0.645	1.092E-13	75	132	288	-26598	-26425	174	26640	26395
300135968	-1	142	6.454E-32	2	25880	26598	1112	70	0.307	2.851E-10	139	282	288	-26311	-25880	432	26329	25871
300336204	-1	49	6.392E-04	1	25880	26305	1112	49	0.247	3.932E-03	129	259	261	-26305	-25880	426	26329	25871
300377793	-1	284	1.158E-74	2	32075	32939	953	42	0.621	3.573E-01	19	50	303	-32939	-32844	96	32939	32625
300377793	-1	284	1.158E-74	2	32075	32939	963	249	0.541	2.229E-70	43	281	303	-32797	-32075	723	32797	32069
300859523	-1	617	6.616E-175	2	34279	35775	902	327	0.631	6.166E-97	10	272	488	-35775	-34987	789	35817	34987
300859523	-1	617	6.616E-175	2	34279	35775	915	291	0.671	2.720E-85	271	487	488	-34929	-34279	651	34983	34279
300863579	1	186	3.669E-45	1	36425	36979	819	186	0.528	3.597E-49	26	203	268	36425	36979	555	36338	36982
301470306	-1	604	5.420E-171	2	34294	35775	902	334	0.646	2.138E-99	11	271	488	-35775	-34993	783	35817	34987
301470306	-1	604	5.420E-171	2	34294	35775	915	272	0.638	1.366E-78	269	483	488	-34938	-34294	645	34983	34279
301576561	-1	336	2.571E-90	4	16169	16952	1325	57	0.638	1.510E-07	44	84	241	-16952	-16824	129	16952	16815
301576561	-1	336	2.571E-90	4	16169	16952	1333	126	0.921	1.568E-30	82	145	241	-16760	-16569	192	16805	16527
301576561	-1	336	2.571E-90	4	16169	16952	1335	63	0.851	1.013E-09	146	179	241	-16504	-16403	102	16504	16397
301576561	-1	336	2.571E-90	4	16169	16952	1338	91	0.761	4.270E-19	178	234	241	-16339	-16169	171	16351	16169
301624924	-1	65	9.753E-09	1	25880	26293	1112	65	0.299	2.242E-08	132	267	274	-26293	-25880	414	26329	25871
301781732	-1	319	3.369E-85	1	34993	35775	902	319	0.621	4.567E-94	15	275	494	-35775	-34993	783	35817	34987
301956101	-1	325	5.265E-87	1	34993	35775	902	325	0.630	5.579E-96	9	269	488	-35775	-34993	783	35817	34987
302027723	1	167	1.924E-39	1	36377	36976	819	167	0.437	1.272E-42	21	232	300	36377	36976	600	36338	36982
302242837	-1	241	1.018E-61	1	32075	32797	963	241	0.526	1.646E-67	44	282	338	-32797	-32075	723	32797	32069
302652535	-1	283	2.315E-74	2	32075	32939	953	41	0.610	6.698E-01	19	50	336	-32939	-32844	96	32939	32625
302652535	-1	283	2.315E-74	2	32075	32939	963	249	0.541	1.627E-70	43	281	336	-32797	-32075	723	32797	32069
302766296	1	212	5.467E-53	2	36377	37193	819	165	0.452	6.110E-42	17	216	277	36377	36976	600	36338	36982
302766296	1	212	5.467E-53	2	36377	37193	824	48	0.485	6.649E-04	219	264	277	37044	37193	150	37023	37223
302872209	1	177	1.878E-42	1	36377	36979	819	177	0.476	3.616E-46	18	214	280	36377	36979	603	36338	36982
302882481	-1	632	2.019E-179	2	34282	35817	902	335	0.616	1.139E-99	30	306	522	-35817	-34987	831	35817	34987
302882481	-1	632	2.019E-179	2	34282	35817	915	301	0.683	1.943E-88	302	520	522	-34938	-34282	657	34983	34279
302906477	1	218	8.542E-55	2	36377	37211	819	171	0.464	7.537E-44	18	217	278	36377	36976	600	36338	36982
302906477	1	218	8.542E-55	2	36377	37211	824	46	0.424	3.282E-03	219	267	278	37041	37211	171	37023	37223
303116667	-1	609	1.694E-172	2	34279	35775	902	318	0.620	8.568E-94	10	270	488	-35775	-34993	783	35817	34987
303116667	-1	609	1.694E-172	2	34279	35775	915	290	0.669	6.996E-85	271	487	488	-34929	-34279	651	34983	34279
304253647	-1	49	6.392E-04	1	25880	26305	1112	49	0.247	3.932E-03	129	259	261	-26305	-25880	426	26329	25871
304645317	1	177	1.878E-42	1	36377	36982	819	177	0.473	6.778E-46	18	218	289	36377	36982	606	36338	36982
305052643	-1	51	1.598E-04	1	25880	26305	1112	51	0.252	8.442E-04	130	260	262	-26305	-25880	426	26329	25871
305099731	-1	635	2.524E-180	2	34282	35775	902	339	0.658	4.896E-101	11	269	489	-35775	-34999	777	35817	34987
305099731	-1	635	2.524E-180	2	34282	35775	915	296	0.674	8.510E-87	269	487	489	-34938	-34282	657	34983	34279
305619035	-1	103	3.548E-20	1	16569	16763	1333	103	0.758	1.486E-22	40	104	113	-16763	-16569	195	16805	16527
305658652	-1	266	3.035E-69	3	16172	16763	1333	113	0.828	2.872E-26	73	137	227	-16763	-16569	195	16805	16527
305658652	-1	266	3.035E-69	3	16172	16763	1335	63	0.851	1.013E-09	138	171	227	-16504	-16403	102	16504	16397
305658652	-1	266	3.035E-69	3	16172	16763	1338	91	0.758	5.866E-19	169	225	227	-16342	-16172	171	16351	16169
305871205	-1	260	1.942E-67	3	16172	16760	1333	115	0.850	8.093E-27	74	137	227	-16760	-16569	192	16805	16527
305871205	-1	260	1.942E-67	3	16172	16760	1335	57	0.776	1.209E-07	138	171	227	-16504	-16403	102	16504	16397
305871205	-1	260	1.942E-67	3	16172	16760	1338	88	0.749	5.417E-18	170	225	227	-16339	-16172	168	16351	16169
305930434	-1	248	7.956E-64	3	16169	16763	1333	106	0.781	8.591E-24	71	135	225	-16763	-16569	195	16805	16527
305930434	-1	248	7.956E-64	3	16169	16763	1335	52	0.716	5.574E-06	136	169	225	-16504	-16403	102	16504	16397
305930434	-1	248	7.956E-64	3	16169	16763	1338	90	0.752	1.107E-18	168	224	225	-16339	-16169	171	16351	16169
305998288	-1	108	1.109E-21	1	16572	16760	1333	108	0.816	1.763E-24	43	105	115	-16760	-16572	189	16805	16527
306048265	-1	262	4.856E-68	3	16172	16763	1333	116	0.843	4.296E-27	73	137	227	-16763	-16569	195	16805	16527
306048265	-1	262	4.856E-68	3	16172	16763	1335	57	0.776	1.209E-07	138	171	227	-16504	-16403	102	16504	16397
306048265	-1	262	4.856E-68	3	16172	16763	1338	89	0.761	1.521E-18	170	225	227	-16339	-16172	168	16351	16169
306144789	-1	259	3.885E-67	3	16169	16763	1333	105	0.773	2.222E-23	68	132	228	-16763	-16569	195	16805	16527
306144789	-1	259	3.885E-67	3	16169	16763	1335	59	0.801	2.454E-08	133	166	228	-16504	-16403	102	16504	16397
306144789	-1	259	3.885E-67	3	16169	16763	1338	96	0.785	9.462E-21	164	221	228	-16342	-16169	174	16351	16169
306187042	-1	340	1.607E-91	1	34993	35775	902	340	0.655	2.609E-101	11	271	489	-35775	-34993	783	35817	34987
306212117	-1	276	2.964E-72	1	32075	32797	963	276	0.588	1.137E-79	48	286	357	-32797	-32075	723	32797	32069
306224179	-1	327	1.316E-87	1	34993	35775	902	327	0.634	8.446E-97	9	269	488	-35775	-34993	783	35817	34987
306227056	-1	625	2.584E-177	2	34279	35775	902	330	0.635	6.813E-98	11	273	489	-35775	-34987	789	35817	34987
306227056	-1	625	2.584E-177	2	34279	35775	915	299	0.677	9.385E-88	269	488	489	-34938	-34279	660	34983	34279
306238256	-1	323	2.106E-86	1	34993	35775	902	323	0.628	1.964E-95	14	274	508	-35775	-34993	783	35817	34987
306248245	-1	102	7.097E-20	1	10625	10912	1462	102	0.538	4.845E-22	30	126	137	-10912	-10625	288	10912	10619
306255179	-1	251	9.944E-65	1	32075	32767	963	251	0.564	3.376E-71	62	292	348	-32767	-32075	693	32797	32069
306270875	-1	344	1.004E-92	1	34993	35775	902	344	0.661	1.535E-102	10	270	489	-35775	-34993	783	35817	34987
306363393	-1	349	3.138E-94	1	34993	35775	902	349	0.670	1.367E-104	11	271	478	-35775	-34993	783	35817	34987
306386485	-1	147	2.017E-33	2	25880	26610	1105	76	0.602	2.830E-13	70	131	289	-26610	-26425	186	26640	26395
306386485	-1	147	2.017E-33	2	25880	26610	1112	79	0.331	4.013E-13	141	284	289	-26311	-25880	432	26329	25871
306391714	-1	144	1.614E-32	2	25919	26607	1105	68	0.561	8.590E-11	79	139	307	-26607	-26425	183	26640	26395
306391714	-1	144	1.614E-32	2	25919	26607	1112	86	0.364	1.425E-15	151	287	307	-26305	-25919	387	26329	25871
306399037	-1	138	1.033E-30	2	25895	26613	1105	70	0.554	3.313E-11	92	154	318	-26613	-26425	189	26640	26395
306399037	-1	138	1.033E-30	2	25895	26613	1112	77	0.327	1.404E-12	165	308	318	-26308	-25895	414	26329	25871
306477351	-1	265	6.070E-69	1	32075	32797	963	265	0.568	7.633E-76	58	296	352	-32797	-32075	723	32797	32069
306486647	-1	82	7.441E-14	1	10643	10912	1462	82	0.476	2.661E-15	31	121	151	-10912	-10643	270	10912	10619
306487228	-1	95	9.084E-18	1	10619	10912	1462	95	0.501	7.687E-20	31	129	135	-10912	-10619	294	10912	10619
306487592	-1	72	7.620E-11	1	10739	10912	1462	72	0.610	1.005E-11	3	60	66	-10912	-10739	174	10912	10619
306487718	-1	72	7.620E-11	1	10754	10912	1462	72	0.655	1.379E-11	31	83	94	-10912	-10754	159	10912	10619
306488060	-1	101	1.419E-19	1	10619	10912	1462	101	0.528	6.649E-22	52	150	156	-10912	-10619	294	10912	10619
306488212	-1	98	1.135E-18	1	10619	10912	1462	98	0.516	6.102E-21	20	118	124	-10912	-10619	294	10912	10619
306489126	-1	105	8.871E-21	1	10619	10912	1462	105	0.544	2.803E-23	19	117	123	-10912	-10619	294	10912	10619
306489518	-1	77	2.381E-12	1	10754	10912	1462	77	0.696	2.245E-13	3	55	87	-10912	-10754	159	10912	10619
306549780	-1	197	1.791E-48	2	25880	26610	1105	91	0.701	8.700E-19	82	144	305	-26610	-26422	189	26640	26395
306549780	-1	197	1.791E-48	2	25880	26610	1112	113	0.424	7.433E-25	153	299	305	-26311	-25880	432	26329	25871
306574783	-1	606	1.355E-171	2	34279	35805	902	320	0.600	2.434E-94	0	272	488	-35805	-34987	819	35817	34987
306574783	-1	606	1.355E-171	2	34279	35805	915	287	0.663	6.343E-84	271	487	488	-34929	-34279	651	34983	34279
306586653	-1	255	6.215E-66	3	16169	16763	1333	104	0.763	7.888E-23	138	202	294	-16763	-16569	195	16805	16527
306586653	-1	255	6.215E-66	3	16169	16763	1335	61	0.836	2.635E-09	203	236	294	-16504	-16403	102	16504	16397
306586653	-1	255	6.215E-66	3	16169	16763	1338	91	0.753	3.109E-19	234	291	294	-16342	-16169	174	16351	16169
306601532	-1	161	1.231E-37	2	25922	26604	1105	74	0.542	1.008E-12	87	152	309	-26604	-26398	207	26640	26395
306601532	-1	161	1.231E-37	2	25922	26604	1112	91	0.388	2.410E-17	158	290	309	-26305	-25922	384	26329	25871
306623552	-1	624	5.169E-177	2	34279	35775	902	343	0.660	2.103E-102	11	271	489	-35775	-34993	783	35817	34987
306623552	-1	624	5.169E-177	2	34279	35775	915	281	0.648	1.340E-81	271	488	489	-34932	-34279	654	34983	34279
306635121	-1	601	4.336E-170	2	34279	35775	902	320	0.623	1.777E-94	10	270	489	-35775	-34993	783	35817	34987
306635121	-1	601	4.336E-170	2	34279	35775	915	280	0.648	3.447E-81	271	487	489	-34929	-34279	651	34983	34279
306670630	-1	168	9.618E-40	2	25880	26610	1105	82	0.637	1.763E-15	175	237	410	-26610	-26422	189	26640	26395
306670630	-1	168	9.618E-40	2	25880	26610	1112	93	0.355	6.862E-18	246	399	410	-26311	-25880	432	26329	25871
306693877	1	179	4.696E-43	1	36377	36976	819	179	0.481	1.029E-46	18	216	284	36377	36976	600	36338	36982
306750994	-1	67	2.438E-09	1	25889	26305	1112	67	0.302	4.723E-09	48	187	231	-26305	-25889	417	26329	25871
308089246	-1	241	1.018E-61	1	32075	32797	963	241	0.528	8.774E-68	44	282	338	-32797	-32075	723	32797	32069
309465189	-1	53	3.995E-05	1	25880	26305	1112	53	0.258	2.460E-04	129	259	261	-26305	-25880	426	26329	25871
309575822	1	51	1.598E-04	1	34985	35200	783	51	0.386	2.032E-04	34	104	114	34985	35200	216	34958	35230
310486383	-1	53	3.995E-05	1	25880	26305	1112	53	0.259	1.806E-04	129	259	262	-26305	-25880	426	26329	25871
311086139	-1	246	3.182E-63	1	32072	32794	963	246	0.535	2.759E-69	47	285	332	-32794	-32072	723	32797	32069
311324645	-1	320	1.685E-85	2	31887	32767	963	256	0.572	1.061E-72	56	284	332	-32767	-32075	693	32797	32069
311324645	-1	320	1.685E-85	2	31887	32767	967	63	0.684	1.332E-09	286	329	332	-32018	-31887	132	32018	31878
311738913	1	177	1.878E-42	1	36377	36979	819	177	0.474	4.951E-46	17	218	284	36377	36979	603	36338	36982
311739340	-1	244	1.273E-62	1	32075	32797	963	244	0.533	7.089E-69	43	281	336	-32797	-32075	723	32797	32069
311750440	1	177	1.878E-42	1	36377	36979	819	177	0.474	4.951E-46	17	218	284	36377	36979	603	36338	36982
311944446	1	170	2.404E-40	3	30577	31215	686	40	0.762	6.190E-02	3	26	237	30577	30648	72	30556	30648
311944446	1	170	2.404E-40	3	30577	31215	696	76	0.729	7.698E-14	52	101	237	30841	30990	150	30826	31029
311944446	1	170	2.404E-40	3	30577	31215	699	77	0.658	6.909E-14	102	158	237	31045	31215	171	31039	31275
311966148	1	225	6.674E-57	2	36377	37193	819	176	0.476	9.280E-46	68	267	328	36377	36976	600	36338	36982
311966148	1	225	6.674E-57	2	36377	37193	824	48	0.478	6.649E-04	269	315	328	37041	37193	153	37023	37223
311984676	-1	283	2.315E-74	2	32075	32939	953	41	0.610	6.698E-01	19	50	336	-32939	-32844	96	32939	32625
311984676	-1	283	2.315E-74	2	32075	32939	963	249	0.541	1.627E-70	43	281	336	-32797	-32075	723	32797	32069
312008223	-1	246	3.182E-63	1	32075	32797	963	246	0.537	1.471E-69	54	292	347	-32797	-32075	723	32797	32069
312011095	1	173	3.006E-41	1	36377	36976	819	173	0.469	1.145E-44	18	217	278	36377	36976	600	36338	36982
312028733	-1	250	1.989E-64	1	32075	32797	963	250	0.542	1.188E-70	43	281	336	-32797	-32075	723	32797	32069
312107806	1	182	5.870E-44	1	36353	36976	819	182	0.463	1.141E-47	18	231	298	36353	36976	624	36338	36982
312154320	1	158	9.848E-37	2	30841	31215	696	76	0.725	1.058E-13	25	74	183	30841	30990	150	30826	31029
312154320	1	158	9.848E-37	2	30841	31215	699	81	0.684	3.967E-15	75	131	183	31045	31215	171	31039	31275
312635427	-1	69	6.096E-10	1	25880	26293	1112	69	0.311	9.934E-10	115	250	257	-26293	-25880	414	26329	25871
312687147	-1	331	8.226E-89	3	31878	33065	949	40	0.942	1.213E-01	3	21	341	-33065	-33009	57	33071	32943
312687147	-1	331	8.226E-89	3	31878	33065	963	259	0.559	6.249E-74	49	287	341	-32797	-32075	723	32797	32069
312687147	-1	331	8.226E-89	3	31878	33065	967	57	0.592	1.591E-07	289	335	341	-32018	-31878	141	32018	31878
313421217	1	179	4.696E-43	1	36377	36979	819	179	0.479	7.517E-47	18	219	279	36377	36979	603	36338	36982
313660551	1	180	2.348E-43	1	36401	36979	819	180	0.491	5.490E-47	31	226	286	36401	36979	579	36338	36982
313746808	-1	305	5.520E-81	2	31878	32797	963	246	0.537	1.471E-69	43	281	335	-32797	-32075	723	32797	32069
313746808	-1	305	5.520E-81	2	31878	32797	967	58	0.600	8.406E-08	283	329	335	-32018	-31878	141	32018	31878
313900744	-1	247	1.591E-63	1	32069	32797	963	247	0.534	1.074E-69	43	283	302	-32797	-32069	729	32797	32069
314005801	-1	624	5.169E-177	2	34279	35775	902	342	0.659	3.947E-102	11	271	489	-35775	-34993	783	35817	34987
314005801	-1	624	5.169E-177	2	34279	35775	915	282	0.649	7.140E-82	271	488	489	-34932	-34279	654	34983	34279
314052457	-1	282	4.631E-74	2	32075	32939	953	42	0.621	3.573E-01	19	50	363	-32939	-32844	96	32939	32625
314052457	-1	282	4.631E-74	2	32075	32939	963	247	0.538	7.842E-70	43	281	363	-32797	-32075	723	32797	32069
314417546	-1	297	1.413E-78	2	31881	32797	963	247	0.538	7.842E-70	57	295	358	-32797	-32075	723	32797	32069
314417546	-1	297	1.413E-78	2	31881	32797	967	49	0.533	6.876E-05	297	342	358	-32018	-31881	138	32018	31878
314888522	-1	246	3.182E-63	3	16172	16760	1333	104	0.773	7.888E-23	82	145	235	-16760	-16569	192	16805	16527
314888522	-1	246	3.182E-63	3	16172	16760	1335	54	0.741	1.129E-06	146	179	235	-16504	-16403	102	16504	16397
314888522	-1	246	3.182E-63	3	16172	16760	1338	88	0.752	3.943E-18	178	233	235	-16339	-16172	168	16351	16169
315069913	1	157	1.970E-36	2	30841	31224	696	75	0.719	1.998E-13	29	78	154	30841	30990	150	30826	31029
315069913	1	157	1.970E-36	2	30841	31224	699	81	0.629	3.967E-15	79	141	154	31045	31224	180	31039	31275
315148700	-1	639	1.577E-181	2	34288	35775	902	337	0.650	3.235E-100	11	271	489	-35775	-34993	783	35817	34987
315148700	-1	639	1.577E-181	2	34288	35775	915	301	0.697	1.943E-88	272	485	489	-34929	-34288	642	34983	34279
315232027	-1	283	2.315E-74	2	32075	33065	949	40	0.951	8.801E-02	0	18	332	-33065	-33009	57	33071	32943
315232027	-1	283	2.315E-74	2	32075	33065	963	251	0.545	3.376E-71	28	266	332	-32797	-32075	723	32797	32069
315651083	1	209	4.374E-52	2	36377	37193	819	169	0.458	1.933E-43	18	219	279	36377	36979	603	36338	36982
315651083	1	209	4.374E-52	2	36377	37193	824	39	0.405	7.518E-01	220	266	279	37041	37193	153	37023	37223
315808584	1	195	7.166E-48	2	36377	37190	819	162	0.441	7.524E-41	29	231	295	36377	36979	603	36338	36982
315808584	1	195	7.166E-48	2	36377	37190	824	38	0.373	1.426E+00	226	281	295	37029	37190	162	37023	37223
315932379	1	197	1.791E-48	1	36377	36979	819	197	0.517	7.401E-53	17	217	277	36377	36979	603	36338	36982
315976699	1	175	7.514E-42	1	36377	36976	819	175	0.473	2.381E-45	18	216	284	36377	36976	600	36338	36982
316404376	1	194	1.433E-47	1	36377	36979	819	194	0.510	9.158E-52	14	210	252	36377	36979	603	36338	36982
316590396	-1	321	8.423E-86	1	34993	35775	902	321	0.624	9.471E-95	9	269	488	-35775	-34993	783	35817	34987
317738968	1	219	4.271E-55	2	36377	37193	819	173	0.468	1.568E-44	26	225	286	36377	36976	600	36338	36982
317738968	1	219	4.271E-55	2	36377	37193	824	45	0.455	6.217E-03	227	273	286	37041	37193	153	37023	37223
317825856	1	228	8.342E-58	2	36377	37196	819	188	0.499	5.455E-50	14	209	273	36377	36979	603	36338	36982
317825856	1	228	8.342E-58	2	36377	37196	824	45	0.413	6.217E-03	204	261	273	37029	37196	168	37023	37223
318407445	-1	263	2.428E-68	2	32075	33065	949	40	0.942	1.213E-01	0	18	303	-33065	-33009	57	33071	32943
318407445	-1	263	2.428E-68	2	32075	33065	963	246	0.536	2.015E-69	43	281	303	-32797	-32075	723	32797	32069
318653711	-1	55	9.988E-06	1	25880	26305	1112	55	0.265	3.853E-05	129	259	262	-26305	-25880	426	26329	25871
318763830	-1	268	7.587E-70	1	32075	32797	963	268	0.574	6.157E-77	48	286	341	-32797	-32075	723	32797	32069
319141607	-1	316	2.695E-84	2	31881	32797	963	259	0.559	6.249E-74	50	288	352	-32797	-32075	723	32797	32069
319141607	-1	316	2.695E-84	2	31881	32797	967	56	0.592	4.145E-07	290	335	352	-32018	-31881	138	32018	31878
319343984	-1	354	9.806E-96	3	31881	32939	953	42	0.626	2.609E-01	19	50	373	-32939	-32844	96	32939	32625
319343984	-1	354	9.806E-96	3	31881	32939	963	256	0.554	5.653E-73	43	281	373	-32797	-32075	723	32797	32069
319343984	-1	354	9.806E-96	3	31881	32939	967	62	0.639	2.519E-09	283	329	373	-32018	-31881	138	32018	31878
319914946	-1	282	4.631E-74	2	32075	32939	953	41	0.610	6.698E-01	19	50	336	-32939	-32844	96	32939	32625
319914946	-1	282	4.631E-74	2	32075	32939	963	248	0.539	5.726E-70	43	281	336	-32797	-32075	723	32797	32069
320118937	-1	258	7.769E-67	3	16172	16763	1333	110	0.804	4.967E-25	72	136	226	-16763	-16569	195	16805	16527
320118937	-1	258	7.769E-67	3	16172	16763	1335	54	0.741	1.129E-06	137	170	226	-16504	-16403	102	16504	16397
320118937	-1	258	7.769E-67	3	16172	16763	1338	94	0.794	4.627E-20	169	224	226	-16339	-16172	168	16351	16169
320266945	-1	180	2.348E-43	2	16172	16760	1333	107	0.729	4.560E-24	99	167	258	-16760	-16548	213	16805	16527
320266945	-1	180	2.348E-43	2	16172	16760	1338	93	0.742	8.730E-20	189	248	258	-16351	-16172	180	16351	16169
320698346	1	244	1.273E-62	2	36428	37193	819	197	0.553	5.404E-53	26	208	267	36428	36982	555	36338	36982
320698346	1	244	1.273E-62	2	36428	37193	824	46	0.465	4.517E-03	209	254	267	37044	37193	150	37023	37223
320716349	1	179	4.696E-43	1	36377	36979	819	179	0.479	1.409E-46	14	211	274	36377	36979	603	36338	36982
320728940	-1	611	4.234E-173	2	34288	35775	902	329	0.642	1.278E-97	12	270	491	-35775	-34999	777	35817	34987
320728940	-1	611	4.234E-173	2	34288	35775	915	284	0.664	1.079E-82	274	487	491	-34929	-34288	642	34983	34279
320766553	-1	137	2.065E-30	2	10625	11140	1456	56	0.383	2.551E-06	50	130	238	-11140	-10916	225	11170	10916
320766553	-1	137	2.065E-30	2	10625	11140	1462	83	0.470	1.029E-15	134	227	238	-10906	-10625	282	10912	10619
320776088	-1	602	2.168E-170	2	34291	35775	902	323	0.628	1.434E-95	12	272	486	-35775	-34993	783	35817	34987
320776088	-1	602	2.168E-170	2	34291	35775	915	278	0.656	8.866E-81	273	485	486	-34929	-34291	639	34983	34279
320795604	-1	641	3.943E-182	2	34288	35772	902	343	0.662	2.881E-102	0	259	477	-35772	-34993	780	35817	34987
320795604	-1	641	3.943E-182	2	34288	35772	915	297	0.690	3.308E-87	260	473	477	-34929	-34288	642	34983	34279
320828909	-1	112	6.930E-23	1	10619	10912	1462	112	0.575	9.388E-26	20	118	124	-10912	-10619	294	10912	10619
320858513	-1	294	1.131E-77	1	34291	34929	915	294	0.687	3.000E-86	130	342	345	-34929	-34291	639	34983	34279
320858940	-1	338	6.426E-91	1	34993	35772	902	338	0.653	1.724E-100	1	260	456	-35772	-34993	780	35817	34987
320912241	1	177	1.878E-42	1	36377	36982	819	177	0.474	4.951E-46	19	218	287	36377	36982	606	36338	36982
320913498	-1	74	1.905E-11	1	10643	10846	1462	74	0.542	2.061E-12	2	70	109	-10846	-10643	204	10912	10619
320938529	-1	149	5.042E-34	2	25874	26607	1105	71	0.639	1.278E-11	112	165	330	-26607	-26446	162	26640	26395
320938529	-1	149	5.042E-34	2	25874	26607	1112	93	0.369	5.012E-18	182	327	330	-26311	-25874	438	26329	25871
320997143	-1	325	5.265E-87	1	34993	35775	902	325	0.631	4.073E-96	12	272	491	-35775	-34993	783	35817	34987
321027913	-1	99	5.677E-19	1	10619	10912	1462	99	0.523	3.239E-21	20	117	123	-10912	-10619	294	10912	10619
321028249	-1	73	3.810E-11	1	10754	10912	1462	73	0.668	3.884E-12	20	72	82	-10912	-10754	159	10912	10619
321028467	-1	70	3.048E-10	1	10760	10912	1462	70	0.667	3.567E-11	3	53	69	-10912	-10760	153	10912	10619
321028503	-1	71	1.524E-10	1	10754	10912	1462	71	0.649	2.599E-11	7	59	73	-10912	-10754	159	10912	10619
321028588	-1	108	1.109E-21	1	10619	10912	1462	108	0.555	4.193E-24	7	105	111	-10912	-10619	294	10912	10619
321029356	-1	97	2.271E-18	1	10619	10912	1462	97	0.510	1.578E-20	31	129	135	-10912	-10619	294	10912	10619
321029879	-1	98	1.135E-18	1	10619	10912	1462	98	0.516	6.102E-21	7	105	111	-10912	-10619	294	10912	10619
321029944	-1	109	5.544E-22	1	10619	10912	1462	109	0.561	1.182E-24	20	118	124	-10912	-10619	294	10912	10619
321030432	-1	80	2.977E-13	1	10706	10912	1462	80	0.572	1.780E-14	23	92	94	-10912	-10706	207	10912	10619
321030904	-1	69	6.096E-10	1	10754	10912	1462	69	0.636	9.227E-11	20	72	86	-10912	-10754	159	10912	10619
321031093	-1	72	7.620E-11	1	10739	10912	1462	72	0.607	1.379E-11	7	64	81	-10912	-10739	174	10912	10619
321063382	-1	340	1.607E-91	1	34993	35775	902	340	0.656	1.904E-101	13	273	492	-35775	-34993	783	35817	34987
321069134	-1	639	1.577E-181	2	34288	35772	902	342	0.660	5.407E-102	24	283	501	-35772	-34993	780	35817	34987
321069134	-1	639	1.577E-181	2	34288	35772	915	299	0.686	6.849E-88	281	497	501	-34938	-34288	651	34983	34279
321092458	-1	347	1.255E-93	1	34987	35775	902	347	0.662	9.034E-104	11	273	487	-35775	-34987	789	35817	34987
321119869	-1	275	5.927E-72	2	32075	33065	949	40	0.951	8.801E-02	0	18	321	-33065	-33009	57	33071	32943
321119869	-1	275	5.927E-72	2	32075	33065	963	263	0.575	2.688E-75	48	281	321	-32782	-32075	708	32797	32069
321128310	-1	112	6.930E-23	1	16530	16760	1333	112	0.706	1.019E-25	42	113	114	-16760	-16530	231	16805	16527
321152374	-1	632	2.019E-179	2	34279	35805	902	335	0.624	1.139E-99	0	272	488	-35805	-34987	819	35817	34987
321152374	-1	632	2.019E-179	2	34279	35805	915	298	0.684	1.286E-87	271	487	488	-34929	-34279	651	34983	34279
321170211	-1	137	2.065E-30	2	25874	26613	1105	72	0.552	3.588E-12	71	136	291	-26613	-26416	198	26640	26395
321170211	-1	137	2.065E-30	2	25874	26613	1112	68	0.297	1.357E-09	141	287	291	-26311	-25874	438	26329	25871
321196856	-1	648	3.081E-184	2	34288	35775	902	346	0.665	1.696E-103	19	279	497	-35775	-34993	783	35817	34987
321196856	-1	648	3.081E-184	2	34288	35775	915	301	0.698	1.035E-88	280	493	497	-34929	-34288	642	34983	34279
321220307	-1	191	1.147E-46	2	25880	26610	1105	83	0.634	9.346E-16	79	142	308	-26610	-26419	192	26640	26395
321220307	-1	191	1.147E-46	2	25880	26610	1112	114	0.416	2.110E-25	150	302	308	-26311	-25880	432	26329	25871
322227217	-1	324	1.053E-86	3	31881	33065	949	42	0.978	3.361E-02	0	18	335	-33065	-33009	57	33071	32943
322227217	-1	324	1.053E-86	3	31881	33065	963	256	0.554	5.653E-73	43	281	335	-32797	-32075	723	32797	32069
322227217	-1	324	1.053E-86	3	31881	33065	967	51	0.568	1.914E-05	285	328	335	-32012	-31881	132	32018	31878
323398138	-1	263	2.428E-68	2	32072	33065	949	38	0.905	4.384E-01	0	18	368	-33065	-33009	57	33071	32943
323398138	-1	263	2.428E-68	2	32072	33065	963	248	0.538	4.181E-70	43	282	368	-32797	-32072	726	32797	32069
324289275	-1	258	7.769E-67	2	32075	33062	949	39	0.971	2.306E-01	11	28	350	-33062	-33009	54	33071	32943
324289275	-1	258	7.769E-67	2	32075	33062	963	247	0.547	7.842E-70	58	291	350	-32782	-32075	708	32797	32069
325080200	1	96	4.542E-18	2	35018	35374	783	45	0.355	2.363E-02	2	71	152	35018	35230	213	34958	35230
325080200	1	96	4.542E-18	2	35018	35374	786	52	0.559	8.148E-06	74	119	152	35237	35374	138	35234	35380
325341143	-1	297	1.413E-78	2	31881	32797	963	246	0.535	2.759E-69	42	280	337	-32797	-32075	723	32797	32069
325341143	-1	297	1.413E-78	2	31881	32797	967	50	0.537	4.994E-05	282	327	337	-32018	-31881	138	32018	31878
325621623	-1	303	2.208E-80	2	31881	32797	963	251	0.544	4.624E-71	43	281	331	-32797	-32075	723	32797	32069
325621623	-1	303	2.208E-80	2	31881	32797	967	51	0.552	1.391E-05	283	328	331	-32018	-31881	138	32018	31878
325698068	-1	306	2.760E-81	2	31878	32797	963	253	0.548	9.593E-72	20	258	312	-32797	-32075	723	32797	32069
325698068	-1	306	2.760E-81	2	31878	32797	967	52	0.549	7.340E-06	260	306	312	-32018	-31878	141	32018	31878
326142513	-1	286	2.894E-75	2	32075	32939	953	41	0.605	9.170E-01	19	50	336	-32939	-32844	96	32939	32625
326142513	-1	286	2.894E-75	2	32075	32939	963	252	0.546	2.465E-71	43	281	336	-32797	-32075	723	32797	32069
326283330	-1	258	7.769E-67	1	32075	32797	963	258	0.557	1.173E-73	43	281	336	-32797	-32075	723	32797	32069
326321405	-1	270	1.897E-70	1	34279	34929	915	270	0.629	9.035E-78	97	313	315	-34929	-34279	651	34983	34279
326371207	1	184	1.468E-44	1	36377	36967	819	184	0.499	1.264E-48	16	212	263	36377	36967	591	36338	36982
326445440	1	175	7.514E-42	1	36377	36979	819	175	0.470	2.381E-45	18	219	285	36377	36979	603	36338	36982
326461139	-1	244	1.273E-62	1	32075	32797	963	244	0.533	7.089E-69	54	292	347	-32797	-32075	723	32797	32069
326472311	1	214	1.367E-53	4	30577	31605	686	40	0.762	6.190E-02	3	26	286	30577	30648	72	30556	30648
326472311	1	214	1.367E-53	4	30577	31605	696	74	0.708	5.184E-13	52	101	286	30841	30990	150	30826	31029
326472311	1	214	1.367E-53	4	30577	31605	699	79	0.670	1.940E-14	102	158	286	31045	31215	171	31039	31275
326472311	1	214	1.367E-53	4	30577	31605	706	53	0.350	9.767E-05	170	257	286	31342	31605	264	31285	31680
326497330	-1	280	1.852E-73	2	32075	32939	953	41	0.605	9.170E-01	19	50	336	-32939	-32844	96	32939	32625
326497330	-1	280	1.852E-73	2	32075	32939	963	246	0.535	2.759E-69	43	281	336	-32797	-32075	723	32797	32069
326535189	-1	300	1.766E-79	2	31878	32797	963	245	0.535	3.779E-69	43	281	335	-32797	-32075	723	32797	32069
326535189	-1	300	1.766E-79	2	31878	32797	967	54	0.564	2.045E-06	283	329	335	-32018	-31878	141	32018	31878
326538107	1	219	4.271E-55	2	36410	37193	819	171	0.485	5.506E-44	19	207	350	36410	36976	567	36338	36982
326538107	1	219	4.271E-55	2	36410	37193	824	47	0.471	1.259E-03	209	255	350	37041	37193	153	37023	37223
326578021	-1	71	1.524E-10	1	25889	26311	1112	71	0.314	1.527E-10	136	273	275	-26311	-25889	423	26329	25871
326781240	-1	243	2.546E-62	1	32075	32797	963	243	0.530	3.416E-68	37	275	330	-32797	-32075	723	32797	32069
326810643	-1	630	8.076E-179	2	34291	35805	902	334	0.623	2.138E-99	2	274	489	-35805	-34987	819	35817	34987
326810643	-1	630	8.076E-179	2	34291	35805	915	297	0.692	3.308E-87	273	485	489	-34929	-34291	639	34983	34279
326886554	-1	325	5.265E-87	1	34993	35775	902	325	0.631	2.974E-96	11	271	490	-35775	-34993	783	35817	34987
327150153	-1	622	2.068E-176	2	34282	35775	902	334	0.646	2.138E-99	9	269	487	-35775	-34993	783	35817	34987
327150153	-1	622	2.068E-176	2	34282	35775	915	287	0.664	1.191E-83	270	485	487	-34929	-34282	648	34983	34279
327290349	1	205	6.998E-51	2	36377	37190	819	171	0.460	5.506E-44	18	220	284	36377	36979	603	36338	36982
327290349	1	205	6.998E-51	2	36377	37190	824	38	0.430	2.704E+00	226	270	284	37056	37190	135	37023	37223
327330890	-1	240	2.037E-61	1	32075	32797	963	240	0.526	2.254E-67	44	282	337	-32797	-32075	723	32797	32069
327469704	-1	646	1.232E-183	2	34288	35775	902	343	0.659	2.881E-102	11	271	489	-35775	-34993	783	35817	34987
327469704	-1	646	1.232E-183	2	34288	35775	915	302	0.700	5.512E-89	272	485	489	-34929	-34288	642	34983	34279
327820715	-1	612	2.117E-173	2	34279	35775	902	321	0.624	9.471E-95	10	270	488	-35775	-34993	783	35817	34987
327820715	-1	612	2.117E-173	2	34279	35775	915	290	0.669	6.996E-85	271	487	488	-34929	-34279	651	34983	34279
327861826	1	184	1.468E-44	1	36377	36979	819	184	0.487	1.731E-48	18	220	286	36377	36979	603	36338	36982
327983988	-1	246	3.182E-63	1	32075	32767	963	246	0.555	1.471E-69	53	281	336	-32767	-32075	693	32797	32069
328236186	-1	338	6.426E-91	1	34993	35775	902	338	0.652	9.187E-101	10	270	489	-35775	-34993	783	35817	34987
328265671	1	171	1.202E-40	1	36377	36982	819	171	0.462	4.022E-44	19	220	227	36377	36982	606	36338	36982
328298782	-1	622	2.068E-176	2	34288	35775	902	339	0.649	6.706E-101	10	272	487	-35775	-34987	789	35817	34987
328298782	-1	622	2.068E-176	2	34288	35775	915	287	0.663	8.691E-84	268	484	487	-34938	-34288	651	34983	34279
328647263	1	156	3.939E-36	1	36440	36976	819	156	0.470	6.081E-39	21	200	261	36440	36976	537	36338	36982
329248615	-1	75	9.525E-12	1	25880	26317	1112	75	0.303	9.170E-12	84	240	247	-26317	-25880	438	26329	25871
329251173	1	178	9.392E-43	1	36377	36976	819	178	0.479	2.641E-46	18	216	328	36377	36976	600	36338	36982
329501171	-1	70	3.048E-10	1	25874	26326	1112	70	0.282	5.322E-10	126	288	295	-26326	-25874	453	26329	25871
329607581	-1	324	1.053E-86	1	34993	35775	902	324	0.630	7.642E-96	9	269	487	-35775	-34993	783	35817	34987
329667740	-1	311	8.625E-83	3	31881	33065	949	39	0.923	2.306E-01	3	21	339	-33065	-33009	57	33071	32943
329667740	-1	311	8.625E-83	3	31881	33065	963	250	0.542	1.188E-70	46	284	339	-32797	-32075	723	32797	32069
329667740	-1	311	8.625E-83	3	31881	33065	967	47	0.530	4.686E-04	288	331	339	-32012	-31881	132	32018	31878
330537815	-1	202	5.598E-50	2	25880	26610	1105	92	0.668	6.335E-19	74	140	297	-26610	-26410	201	26640	26395
330537815	-1	202	5.598E-50	2	25880	26610	1112	115	0.437	8.205E-26	147	291	297	-26305	-25880	426	26329	25871
330542592	-1	240	2.037E-61	1	32075	32797	963	240	0.525	3.086E-67	44	282	337	-32797	-32075	723	32797	32069
330936163	-1	314	1.078E-83	4	16172	16949	1325	33	0.412	4.659E+01	47	85	237	-16949	-16827	123	16952	16815
330936163	-1	314	1.078E-83	4	16172	16949	1333	109	0.813	6.817E-25	84	147	237	-16760	-16569	192	16805	16527
330936163	-1	314	1.078E-83	4	16172	16949	1335	63	0.856	7.365E-10	148	181	237	-16504	-16403	102	16504	16397
330936163	-1	314	1.078E-83	4	16172	16949	1338	110	0.903	1.037E-25	179	235	237	-16342	-16172	171	16351	16169
331005415	-1	351	7.845E-95	3	31881	32939	953	40	0.605	2.352E+00	1	31	369	-32939	-32847	93	32939	32625
331005415	-1	351	7.845E-95	3	31881	32939	963	254	0.550	3.733E-72	25	263	369	-32797	-32075	723	32797	32069
331005415	-1	351	7.845E-95	3	31881	32939	967	62	0.636	3.464E-09	265	311	369	-32018	-31881	138	32018	31878
331056751	-1	163	3.078E-38	2	25880	26610	1105	86	0.655	7.383E-17	90	153	314	-26610	-26419	192	26640	26395
331056751	-1	163	3.078E-38	2	25880	26610	1112	85	0.345	3.650E-15	163	308	314	-26305	-25880	426	26329	25871
331100647	-1	287	1.447E-75	2	32075	32939	953	39	0.578	4.405E+00	19	50	336	-32939	-32844	96	32939	32625
331100647	-1	287	1.447E-75	2	32075	32939	963	255	0.551	1.990E-72	43	281	336	-32797	-32075	723	32797	32069
331218420	-1	248	7.956E-64	1	32075	32785	963	248	0.547	3.052E-70	47	281	336	-32785	-32075	711	32797	32069
331444249	-1	639	1.577E-181	2	34279	35775	902	349	0.670	1.872E-104	11	271	489	-35775	-34993	783	35817	34987
331444249	-1	639	1.577E-181	2	34279	35775	915	289	0.666	2.466E-84	272	488	489	-34929	-34279	651	34983	34279
331763294	-1	67	2.438E-09	1	25889	26305	1112	67	0.303	3.458E-09	101	240	272	-26305	-25889	417	26329	25871
331831426	1	224	1.335E-56	2	36377	37196	819	181	0.483	2.929E-47	15	211	277	36377	36979	603	36338	36982
331831426	1	224	1.335E-56	2	36377	37196	824	48	0.420	9.150E-04	206	265	277	37032	37196	165	37023	37223
331947673	-1	121	1.354E-25	2	25880	26616	1105	81	0.608	3.326E-15	67	132	320	-26616	-26419	198	26640	26395
331947673	-1	121	1.354E-25	2	25880	26616	1112	72	0.308	8.175E-11	166	312	320	-26317	-25880	438	26329	25871
332241542	-1	640	7.887E-182	2	34288	35775	902	338	0.652	1.259E-100	11	271	489	-35775	-34993	783	35817	34987
332241542	-1	640	7.887E-182	2	34288	35775	915	301	0.697	1.943E-88	272	485	489	-34929	-34288	642	34983	34279
332345529	-1	173	3.006E-41	2	25892	26610	1105	81	0.632	3.326E-15	154	216	388	-26610	-26422	189	26640	26395
332345529	-1	173	3.006E-41	2	25892	26610	1112	99	0.388	3.285E-20	225	370	388	-26311	-25892	420	26329	25871
332470017	-1	249	3.978E-64	1	32075	32797	963	249	0.541	2.229E-70	43	281	336	-32797	-32075	723	32797	32069
332600486	1	191	1.147E-46	1	36377	36979	819	191	0.501	8.273E-51	17	218	284	36377	36979	603	36338	36982
332717857	-1	53	3.995E-05	1	25895	26305	1112	53	0.265	1.806E-04	129	254	261	-26305	-25895	411	26329	25871
333085666	-1	632	2.019E-179	2	34291	35805	902	335	0.624	1.139E-99	2	274	489	-35805	-34987	819	35817	34987
333085666	-1	632	2.019E-179	2	34291	35805	915	298	0.695	1.286E-87	273	485	489	-34929	-34291	639	34983	34279
333221499	1	191	1.147E-46	1	36377	36979	819	191	0.505	6.041E-51	14	212	277	36377	36979	603	36338	36982
333258325	-1	323	2.106E-86	1	34993	35775	902	323	0.628	1.434E-95	12	272	493	-35775	-34993	783	35817	34987
333366179	-1	282	4.631E-74	2	32075	32939	953	41	0.610	6.698E-01	19	50	336	-32939	-32844	96	32939	32625
333366179	-1	282	4.631E-74	2	32075	32939	963	248	0.540	3.052E-70	43	281	336	-32797	-32075	723	32797	32069
334301557	1	220	2.136E-55	2	36377	37193	819	173	0.468	1.568E-44	18	217	278	36377	36976	600	36338	36982
334301557	1	220	2.136E-55	2	36377	37193	824	46	0.461	3.282E-03	219	265	278	37041	37193	153	37023	37223
334694323	-1	264	1.214E-68	3	16172	16763	1333	115	0.836	1.111E-26	72	136	226	-16763	-16569	195	16805	16527
334694323	-1	264	1.214E-68	3	16172	16763	1335	59	0.801	2.454E-08	137	170	226	-16504	-16403	102	16504	16397
334694323	-1	264	1.214E-68	3	16172	16763	1338	91	0.761	4.270E-19	168	224	226	-16342	-16172	171	16351	16169
334812940	-1	116	4.331E-24	1	16569	16763	1333	116	0.843	4.296E-27	40	104	113	-16763	-16569	195	16805	16527
334879219	-1	119	5.414E-25	1	16569	16760	1333	119	0.873	4.682E-28	41	104	113	-16760	-16569	192	16805	16527
335226308	-1	173	3.006E-41	2	25892	26610	1105	82	0.637	1.763E-15	154	216	383	-26610	-26422	189	26640	26395
335226308	-1	173	3.006E-41	2	25892	26610	1112	98	0.385	6.161E-20	225	370	383	-26311	-25892	420	26329	25871
335241539	-1	331	8.226E-89	1	34993	35772	902	331	0.642	4.974E-98	13	272	493	-35772	-34993	780	35817	34987
335242901	-1	78	1.191E-12	1	12125	12478	1433	78	0.377	7.249E-13	34	150	151	-12478	-12125	354	12529	12074
335319919	-1	91	1.453E-16	1	10619	10912	1462	91	0.486	3.438E-18	29	126	132	-10912	-10619	294	10912	10619
335331274	-1	95	9.084E-18	1	10622	10912	1462	95	0.505	1.055E-19	31	128	129	-10912	-10622	291	10912	10619
335344175	-1	109	5.544E-22	1	16569	16763	1333	109	0.802	6.817E-25	40	104	113	-16763	-16569	195	16805	16527
335356704	1	425	4.153E-117	2	36377	37196	819	337	0.811	2.017E-101	20	220	285	36377	36979	603	36338	36982
335356704	1	425	4.153E-117	2	36377	37196	824	87	0.792	1.380E-17	221	272	285	37041	37196	156	37023	37223
335382729	-1	604	5.420E-171	2	34291	35775	902	323	0.628	1.434E-95	12	272	486	-35775	-34993	783	35817	34987
335382729	-1	604	5.420E-171	2	34291	35775	915	280	0.658	3.447E-81	273	485	486	-34929	-34291	639	34983	34279
335400552	-1	628	3.230E-178	2	34282	35778	902	347	0.664	9.034E-104	4	265	483	-35778	-34993	786	35817	34987
335400552	-1	628	3.230E-178	2	34282	35778	915	280	0.652	1.836E-81	266	481	483	-34929	-34282	648	34983	34279
335402870	-1	273	2.371E-71	4	16403	17717	1304	34	0.551	1.121E+01	3	31	224	-17717	-17646	72	17726	17631
335402870	-1	273	2.371E-71	4	16403	17717	1325	55	0.588	5.411E-07	32	75	224	-16952	-16815	138	16952	16815
335402870	-1	273	2.371E-71	4	16403	17717	1333	121	0.892	5.103E-29	70	133	224	-16760	-16569	192	16805	16527
335402870	-1	273	2.371E-71	4	16403	17717	1335	65	0.886	1.089E-10	134	167	224	-16504	-16403	102	16504	16397
335481664	-1	142	6.454E-32	2	25919	26607	1105	68	0.561	8.590E-11	79	139	307	-26607	-26425	183	26640	26395
335481664	-1	142	6.454E-32	2	25919	26607	1112	84	0.358	6.833E-15	151	287	307	-26305	-25919	387	26329	25871
335483063	-1	335	5.141E-90	1	34993	35775	902	335	0.647	1.561E-99	9	269	332	-35775	-34993	783	35817	34987
335557065	1	188	9.172E-46	1	36377	36979	819	188	0.499	5.455E-50	20	220	289	36377	36979	603	36338	36982
335569704	-1	76	4.762E-12	1	10706	10912	1462	76	0.550	3.081E-13	7	76	120	-10912	-10706	207	10912	10619
335569874	-1	100	2.839E-19	1	10619	10912	1462	100	0.523	1.719E-21	42	140	146	-10912	-10619	294	10912	10619
335570349	-1	95	9.084E-18	1	10625	10912	1462	95	0.509	1.055E-19	7	103	115	-10912	-10625	288	10912	10619
335571209	-1	65	9.753E-09	1	10916	11101	1456	65	0.525	1.248E-09	37	99	115	-11101	-10916	186	11170	10916
335571673	-1	79	5.953E-13	1	10637	10912	1462	79	0.458	3.355E-14	3	89	90	-10912	-10637	276	10912	10619
335572316	-1	98	1.135E-18	1	10649	10912	1462	98	0.560	8.375E-21	31	119	137	-10912	-10649	264	10912	10619
335620061	-1	118	1.083E-24	1	10619	10912	1462	118	0.600	8.134E-28	92	190	196	-10912	-10619	294	10912	10619
335669239	-1	264	1.214E-68	3	16169	16760	1333	109	0.813	6.817E-25	69	132	225	-16760	-16569	192	16805	16527
335669239	-1	264	1.214E-68	3	16169	16760	1335	61	0.848	4.984E-09	134	166	225	-16501	-16403	99	16504	16397
335669239	-1	264	1.214E-68	3	16169	16760	1338	94	0.788	2.452E-20	165	221	225	-16339	-16169	171	16351	16169
335685100	-1	322	4.212E-86	1	34993	35775	902	322	0.626	5.048E-95	9	269	488	-35775	-34993	783	35817	34987
335693774	-1	161	1.231E-37	2	25901	26613	1105	76	0.530	2.060E-13	110	182	336	-26613	-26395	219	26640	26395
335693774	-1	161	1.231E-37	2	25901	26613	1112	84	0.358	4.994E-15	184	321	336	-26305	-25901	405	26329	25871
335699827	-1	323	2.106E-86	1	34993	35775	902	323	0.627	2.690E-95	9	269	489	-35775	-34993	783	35817	34987
335708311	-1	178	9.392E-43	2	25880	26613	1105	82	0.631	1.284E-15	153	216	380	-26613	-26422	192	26640	26395
335708311	-1	178	9.392E-43	2	25880	26613	1112	103	0.396	1.939E-21	225	371	380	-26311	-25880	432	26329	25871
335723494	-1	618	3.308E-175	2	34279	35805	902	323	0.605	1.964E-95	0	272	488	-35805	-34987	819	35817	34987
335723494	-1	618	3.308E-175	2	34279	35805	915	296	0.679	8.510E-87	271	487	488	-34929	-34279	651	34983	34279
335851592	-1	283	2.315E-74	2	32075	32939	953	42	0.616	4.892E-01	19	50	303	-32939	-32844	96	32939	32625
335851592	-1	283	2.315E-74	2	32075	32939	963	248	0.539	5.726E-70	43	281	303	-32797	-32075	723	32797	32069
337274553	-1	53	3.995E-05	1	25880	26305	1112	53	0.257	3.348E-04	129	259	261	-26305	-25880	426	26329	25871
337683768	-1	313	2.156E-83	3	31881	33065	949	39	0.923	2.306E-01	3	21	339	-33065	-33009	57	33071	32943
337683768	-1	313	2.156E-83	3	31881	33065	963	252	0.546	1.800E-71	46	284	339	-32797	-32075	723	32797	32069
337683768	-1	313	2.156E-83	3	31881	33065	967	47	0.530	4.686E-04	288	331	339	-32012	-31881	132	32018	31878
339881416	-1	313	2.156E-83	2	31881	32752	963	252	0.575	1.800E-71	57	280	328	-32752	-32075	678	32797	32069
339881416	-1	313	2.156E-83	2	31881	32752	967	60	0.629	1.706E-08	282	327	328	-32018	-31881	138	32018	31878
340898466	-1	249	3.978E-64	1	32075	32797	963	249	0.541	2.229E-70	43	281	336	-32797	-32075	723	32797	32069
340921518	-1	89	5.813E-16	1	10634	10912	1462	89	0.496	8.891E-18	1	94	108	-10912	-10634	279	10912	10619
340967997	1	179	4.696E-43	1	36377	36976	819	179	0.481	1.409E-46	18	217	291	36377	36976	600	36338	36982
340984525	-1	255	6.215E-66	1	32075	32785	963	255	0.558	1.990E-72	9	243	265	-32785	-32075	711	32797	32069
341062488	1	195	7.166E-48	1	36341	36976	819	195	0.493	2.604E-52	4	215	276	36341	36976	636	36338	36982
341138393	1	170	2.404E-40	1	36341	36976	819	170	0.442	1.412E-43	19	230	291	36341	36976	636	36338	36982
341200225	-1	245	6.364E-63	1	32075	32797	963	245	0.534	5.176E-69	43	281	336	-32797	-32075	723	32797	32069
341208514	1	123	3.384E-26	1	36608	36979	819	123	0.519	1.597E-27	17	140	169	36608	36979	372	36338	36982
341218021	1	175	7.514E-42	1	36377	36979	819	175	0.469	3.260E-45	18	219	279	36377	36979	603	36338	36982
341225477	1	90	2.907E-16	2	30577	30990	686	40	0.762	6.190E-02	3	26	147	30577	30648	72	30556	30648
341225477	1	90	2.907E-16	2	30577	30990	696	74	0.708	5.184E-13	52	101	147	30841	30990	150	30826	31029
341518791	-1	244	1.273E-62	1	32075	32797	963	244	0.533	7.089E-69	16	254	308	-32797	-32075	723	32797	32069
341651155	1	165	7.694E-39	1	36377	36979	819	165	0.447	6.110E-42	21	223	287	36377	36979	603	36338	36982
341701011	-1	302	4.416E-80	2	31881	32767	963	248	0.559	3.052E-70	53	281	332	-32767	-32075	693	32797	32069
341701011	-1	302	4.416E-80	2	31881	32767	967	53	0.570	2.815E-06	283	328	332	-32018	-31881	138	32018	31878
342070614	1	181	1.174E-43	1	36377	36976	819	181	0.485	2.929E-47	12	211	272	36377	36976	600	36338	36982
342165101	-1	149	5.042E-34	2	25874	26607	1105	71	0.639	1.278E-11	71	124	289	-26607	-26446	162	26640	26395
342165101	-1	149	5.042E-34	2	25874	26607	1112	93	0.369	5.012E-18	141	286	289	-26311	-25874	438	26329	25871
343086435	1	195	7.166E-48	1	36377	36979	819	195	0.513	3.566E-52	13	211	277	36377	36979	603	36338	36982
343274173	-1	320	1.685E-85	3	32075	33065	949	40	0.942	1.213E-01	0	18	336	-33065	-33009	57	33071	32943
343274173	-1	320	1.685E-85	3	32075	33065	953	44	0.642	1.015E-01	19	50	336	-32939	-32844	96	32939	32625
343274173	-1	320	1.685E-85	3	32075	33065	963	242	0.528	6.406E-68	43	281	336	-32797	-32075	723	32797	32069
343681945	-1	321	8.423E-86	1	34993	35775	902	321	0.624	1.297E-94	18	278	496	-35775	-34993	783	35817	34987
343850415	-1	180	2.348E-43	2	25880	26610	1105	81	0.634	2.421E-15	152	214	378	-26610	-26422	189	26640	26395
343850415	-1	180	2.348E-43	2	25880	26610	1112	106	0.404	2.144E-22	223	369	378	-26311	-25880	432	26329	25871
344185849	1	183	2.935E-44	1	36377	36976	819	183	0.487	6.086E-48	18	218	285	36377	36976	600	36338	36982
344382501	1	185	7.338E-45	1	36338	36976	819	185	0.471	6.744E-49	5	217	278	36338	36976	639	36338	36982
344481258	-1	68	1.219E-09	1	25880	26305	1112	68	0.303	1.357E-09	129	271	280	-26305	-25880	426	26329	25871
344817383	-1	245	6.364E-63	1	32075	32797	963	245	0.534	5.176E-69	13	251	306	-32797	-32075	723	32797	32069
344823810	1	170	2.404E-40	1	36377	36976	819	170	0.462	1.412E-43	18	217	278	36377	36976	600	36338	36982
345376972	1	199	4.479E-49	1	36428	36982	819	199	0.557	1.122E-53	26	208	227	36428	36982	555	36338	36982
345480562	1	189	4.586E-46	1	36392	36979	819	189	0.510	3.984E-50	8	202	267	36392	36979	588	36338	36982
345618296	1	558	3.814E-157	5	30571	31677	686	52	0.915	3.057E-06	0	25	282	30571	30648	78	30556	30648
345618296	1	558	3.814E-157	5	30571	31677	692	60	0.800	1.307E-08	21	55	282	30692	30796	105	30686	30829
345618296	1	558	3.814E-157	5	30571	31677	696	107	0.992	1.359E-24	51	100	282	30841	30990	150	30826	31029
345618296	1	558	3.814E-157	5	30571	31677	699	119	0.817	2.384E-28	101	167	282	31045	31251	207	31039	31275
345618296	1	558	3.814E-157	5	30571	31677	706	231	0.907	1.615E-66	161	281	282	31315	31677	363	31285	31680
345985433	-1	258	7.769E-67	3	16172	16760	1333	112	0.829	1.019E-25	75	138	228	-16760	-16569	192	16805	16527
345985433	-1	258	7.769E-67	3	16172	16760	1335	53	0.736	1.554E-06	139	172	228	-16504	-16403	102	16504	16397
345985433	-1	258	7.769E-67	3	16172	16760	1338	93	0.785	1.199E-19	171	226	228	-16339	-16172	168	16351	16169
346192456	-1	638	3.155E-181	2	34279	35775	902	343	0.660	2.103E-102	11	271	489	-35775	-34993	783	35817	34987
346192456	-1	638	3.155E-181	2	34279	35775	915	294	0.676	3.000E-86	272	488	489	-34929	-34279	651	34983	34279
346548518	1	220	2.136E-55	2	36377	37193	819	180	0.479	5.490E-47	17	218	284	36377	36979	603	36338	36982
346548518	1	220	2.136E-55	2	36377	37193	824	39	0.391	1.035E+00	219	271	284	37041	37193	153	37023	37223
346698081	1	176	3.757E-42	1	36377	36976	819	176	0.476	9.280E-46	18	217	278	36377	36976	600	36338	36982
347438049	-1	358	6.129E-97	3	31881	32939	953	43	0.637	1.391E-01	22	53	360	-32939	-32844	96	32939	32625
347438049	-1	358	6.129E-97	3	31881	32939	963	251	0.544	4.624E-71	46	284	360	-32797	-32075	723	32797	32069
347438049	-1	358	6.129E-97	3	31881	32939	967	70	0.711	4.310E-12	286	332	360	-32018	-31881	138	32018	31878
347694339	-1	56	4.994E-06	1	25880	26305	1112	56	0.266	2.828E-05	129	259	261	-26305	-25880	426	26329	25871
347891920	-1	600	8.672E-170	2	34282	35775	902	325	0.631	2.974E-96	11	271	489	-35775	-34993	783	35817	34987
347891920	-1	600	8.672E-170	2	34282	35775	915	274	0.640	2.066E-79	272	487	489	-34929	-34282	648	34983	34279
348141294	1	185	7.338E-45	1	36377	36979	819	185	0.491	6.744E-49	33	234	300	36377	36979	603	36338	36982
348272851	1	168	9.618E-40	1	36377	36979	819	168	0.454	4.959E-43	18	220	284	36377	36979	603	36338	36982
348327234	-1	944	2.420E-273	2	34279	35775	902	503	0.919	6.014E-158	11	271	489	-35775	-34993	783	35817	34987
348327234	-1	944	2.420E-273	2	34279	35775	915	440	0.960	6.805E-137	272	488	489	-34929	-34279	651	34983	34279
348575270	-1	627	6.461E-178	2	34279	35802	902	328	0.618	4.501E-97	2	271	489	-35802	-34993	810	35817	34987
348575270	-1	627	6.461E-178	2	34279	35802	915	302	0.680	7.552E-89	268	488	489	-34941	-34279	663	34983	34279
348595619	1	176	3.757E-42	1	36377	36976	819	176	0.475	1.271E-45	18	217	278	36377	36976	600	36338	36982
348723609	-1	639	1.577E-181	2	34279	35775	902	327	0.633	1.157E-96	11	271	489	-35775	-34993	783	35817	34987
348723609	-1	639	1.577E-181	2	34279	35775	915	311	0.709	3.933E-92	272	488	489	-34929	-34279	651	34983	34279
349389368	-1	106	4.435E-21	1	4093	4284	1626	106	0.787	1.619E-23	40	103	112	-4284	-4093	192	4329	4051
349708029	-1	258	7.769E-67	3	16169	16760	1333	113	0.836	3.942E-26	74	137	232	-16760	-16569	192	16805	16527
349708029	-1	258	7.769E-67	3	16169	16760	1335	57	0.781	8.790E-08	138	171	232	-16504	-16403	102	16504	16397
349708029	-1	258	7.769E-67	3	16169	16760	1338	89	0.738	1.521E-18	169	226	232	-16342	-16169	174	16351	16169
349761233	-1	299	3.533E-79	2	32075	32939	953	43	0.632	1.905E-01	19	50	340	-32939	-32844	96	32939	32625
349761233	-1	299	3.533E-79	2	32075	32939	963	259	0.566	6.249E-74	47	281	340	-32785	-32075	711	32797	32069
349777393	-1	322	4.212E-86	1	34987	35772	902	322	0.624	3.685E-95	0	261	273	-35772	-34987	786	35817	34987
349783853	-1	262	4.856E-68	3	16169	16763	1333	109	0.797	1.284E-24	67	131	224	-16763	-16569	195	16805	16527
349783853	-1	262	4.856E-68	3	16169	16763	1335	59	0.828	1.784E-08	133	165	224	-16501	-16403	99	16504	16397
349783853	-1	262	4.856E-68	3	16169	16763	1338	94	0.785	3.368E-20	164	220	224	-16339	-16169	171	16351	16169
349797818	-1	624	5.169E-177	2	34279	35805	902	324	0.606	1.047E-95	0	272	488	-35805	-34987	819	35817	34987
349797818	-1	624	5.169E-177	2	34279	35805	915	301	0.689	1.943E-88	271	487	488	-34929	-34279	651	34983	34279
349799188	-1	53	3.995E-05	1	10916	11044	1456	53	0.599	2.358E-05	2	44	57	-11044	-10916	129	11170	10916
349842786	1	240	2.037E-61	2	36428	37193	819	191	0.538	8.273E-51	37	221	287	36428	36979	552	36338	36982
349842786	1	240	2.037E-61	2	36428	37193	824	48	0.461	9.150E-04	222	274	287	37041	37193	153	37023	37223
349865283	-1	252	4.972E-65	1	32075	32797	963	252	0.546	1.800E-71	46	284	333	-32797	-32075	723	32797	32069
349867718	-1	303	2.208E-80	2	31881	32767	963	248	0.559	3.052E-70	59	287	341	-32767	-32075	693	32797	32069
349867718	-1	303	2.208E-80	2	31881	32767	967	57	0.622	2.189E-07	291	334	341	-32012	-31881	132	32018	31878
349897242	-1	312	4.313E-83	3	25871	26770	1101	56	0.680	2.239E-06	32	70	277	-26770	-26654	117	26806	26561
349897242	-1	312	4.313E-83	3	25871	26770	1105	97	0.712	7.475E-21	66	131	277	-26613	-26416	198	26640	26395
349897242	-1	312	4.313E-83	3	25871	26770	1112	166	0.572	1.788E-43	128	276	277	-26317	-25871	447	26329	25871
349899122	-1	619	1.654E-175	2	34279	35775	902	327	0.634	8.446E-97	11	271	490	-35775	-34993	783	35817	34987
349899122	-1	619	1.654E-175	2	34279	35775	915	291	0.671	2.720E-85	272	488	490	-34929	-34279	651	34983	34279
349906388	-1	632	2.019E-179	2	34288	35775	902	339	0.653	6.706E-101	11	271	489	-35775	-34993	783	35817	34987
349906388	-1	632	2.019E-179	2	34288	35775	915	293	0.679	7.717E-86	271	485	489	-34932	-34288	645	34983	34279
349950957	-1	348	6.276E-94	1	34993	35775	902	348	0.668	3.514E-104	11	271	489	-35775	-34993	783	35817	34987
349953182	-1	142	6.454E-32	2	25880	26598	1105	77	0.648	7.948E-14	75	132	288	-26598	-26425	174	26640	26395
349953182	-1	142	6.454E-32	2	25880	26598	1112	70	0.306	3.895E-10	139	282	288	-26311	-25880	432	26329	25871
349972587	1	232	5.214E-59	2	36377	37196	819	183	0.488	4.445E-48	21	217	283	36377	36979	603	36338	36982
349972587	1	232	5.214E-59	2	36377	37196	824	48	0.460	4.832E-04	218	271	283	37041	37196	156	37023	37223
349989340	-1	205	6.998E-51	2	25874	26619	1105	100	0.688	5.916E-22	70	140	300	-26619	-26410	210	26640	26395
349989340	-1	205	6.998E-51	2	25874	26619	1112	108	0.403	3.247E-23	145	295	300	-26311	-25874	438	26329	25871
350010572	-1	676	1.148E-192	2	34288	35775	902	370	0.704	7.746E-112	18	278	501	-35775	-34993	783	35817	34987
350010572	-1	676	1.148E-192	2	34288	35775	915	306	0.706	1.724E-90	278	492	501	-34932	-34288	645	34983	34279
350022308	-1	106	4.435E-21	1	16569	16763	1333	106	0.781	8.591E-24	41	105	114	-16763	-16569	195	16805	16527
350081720	1	254	1.243E-65	2	36377	37193	819	204	0.530	1.879E-55	12	208	267	36377	36982	606	36338	36982
350081720	1	254	1.243E-65	2	36377	37193	824	49	0.492	3.512E-04	209	254	267	37044	37193	150	37023	37223
350111625	-1	72	7.620E-11	1	10664	10912	1462	72	0.459	1.005E-11	20	97	104	-10912	-10664	249	10912	10619
350112154	-1	69	6.096E-10	1	10760	10912	1462	69	0.653	1.267E-10	31	81	82	-10912	-10760	153	10912	10619
350112205	-1	98	1.135E-18	1	10622	10912	1462	98	0.520	6.102E-21	20	117	124	-10912	-10622	291	10912	10619
350113035	-1	96	4.542E-18	1	10619	10912	1462	96	0.500	5.600E-20	20	119	125	-10912	-10619	294	10912	10619
350114511	-1	88	1.163E-15	1	10619	10912	1462	88	0.472	2.300E-17	3	101	107	-10912	-10619	294	10912	10619
350152171	-1	641	3.943E-182	2	34288	35775	902	344	0.662	8.181E-103	11	271	489	-35775	-34993	783	35817	34987
350152171	-1	641	3.943E-182	2	34288	35775	915	299	0.686	6.849E-88	269	485	489	-34938	-34288	651	34983	34279
350177672	-1	95	9.084E-18	1	25874	26305	1112	95	0.377	1.042E-18	136	280	285	-26305	-25874	432	26329	25871
350211711	-1	637	6.310E-181	2	34279	35772	902	333	0.650	5.495E-99	111	368	588	-35772	-34999	774	35817	34987
350211711	-1	637	6.310E-181	2	34279	35772	915	303	0.691	2.142E-89	370	587	588	-34932	-34279	654	34983	34279
350216980	1	179	4.696E-43	1	36377	36982	819	179	0.479	7.517E-47	19	218	227	36377	36982	606	36338	36982
350218889	-1	53	3.995E-05	1	25880	26326	1112	53	0.252	1.806E-04	33	174	181	-26326	-25880	447	26329	25871
350254497	-1	321	8.423E-86	1	34993	35775	902	321	0.624	1.297E-94	9	269	488	-35775	-34993	783	35817	34987
350257192	1	196	3.583E-48	1	36377	36982	819	196	0.512	1.014E-52	14	216	280	36377	36982	606	36338	36982
350291932	-1	345	5.021E-93	1	34993	35775	902	345	0.663	5.972E-103	11	271	489	-35775	-34993	783	35817	34987
351126071	-1	312	4.313E-83	2	31878	32797	963	254	0.550	3.733E-72	43	281	337	-32797	-32075	723	32797	32069
351126071	-1	312	4.313E-83	2	31878	32797	967	57	0.592	1.591E-07	283	329	337	-32018	-31878	141	32018	31878
351782565	-1	53	3.995E-05	1	25880	26305	1112	53	0.257	3.348E-04	129	259	261	-26305	-25880	426	26329	25871
353410031	-1	304	1.104E-80	2	31881	32797	963	251	0.544	4.624E-71	55	293	349	-32797	-32075	723	32797	32069
353410031	-1	304	1.104E-80	2	31881	32797	967	52	0.559	7.340E-06	295	340	349	-32018	-31881	138	32018	31878
354352035	-1	244	1.273E-62	1	32075	32767	963	244	0.551	9.709E-69	57	285	341	-32767	-32075	693	32797	32069
355187698	-1	246	3.182E-63	1	32075	32767	963	246	0.554	2.759E-69	53	281	347	-32767	-32075	693	32797	32069
355308842	1	71	1.524E-10	2	35087	35371	783	39	0.469	1.992E+00	2	43	97	35087	35212	126	34958	35230
355308842	1	71	1.524E-10	2	35087	35371	786	42	0.501	2.428E-02	55	96	97	35246	35371	126	35234	35380
355406063	1	168	9.618E-40	4	30577	31602	686	41	0.783	2.366E-02	6	29	287	30577	30648	72	30556	30648
355406063	1	168	9.618E-40	4	30577	31602	696	79	0.621	6.058E-15	55	116	287	30841	31029	189	30826	31029
355406063	1	168	9.618E-40	4	30577	31602	699	79	0.670	1.940E-14	105	161	287	31045	31215	171	31039	31275
355406063	1	168	9.618E-40	4	30577	31602	706	41	0.379	1.478E+00	201	259	287	31426	31602	177	31285	31680
355413145	1	191	1.147E-46	1	36377	36979	819	191	0.501	8.273E-51	17	218	284	36377	36979	603	36338	36982
355509043	1	170	2.404E-40	1	36377	36979	819	170	0.457	1.412E-43	0	202	254	36377	36979	603	36338	36982
355531633	1	186	3.669E-45	1	36377	36979	819	186	0.493	2.627E-49	17	218	284	36377	36979	603	36338	36982
355627020	1	184	1.468E-44	1	36344	36976	819	184	0.473	1.264E-48	10	220	271	36344	36976	633	36338	36982
355678703	-1	249	3.978E-64	1	32075	32785	963	249	0.549	1.627E-70	47	281	336	-32785	-32075	711	32797	32069
355708102	-1	247	1.591E-63	1	32075	32797	963	247	0.537	1.074E-69	51	289	344	-32797	-32075	723	32797	32069
355727208	-1	248	7.956E-64	1	32075	32797	963	248	0.539	5.726E-70	43	281	338	-32797	-32075	723	32797	32069
355742418	1	183	2.935E-44	1	36377	36976	819	183	0.490	4.445E-48	46	245	306	36377	36976	600	36338	36982
356372096	-1	632	2.019E-179	2	34288	35775	902	347	0.666	1.238E-103	11	271	489	-35775	-34993	783	35817	34987
356372096	-1	632	2.019E-179	2	34288	35775	915	284	0.665	7.878E-83	272	485	489	-34929	-34288	642	34983	34279
356510389	-1	332	4.113E-89	1	34993	35805	902	332	0.617	1.413E-98	0	273	491	-35805	-34993	813	35817	34987
356932275	-1	65	9.753E-09	1	10916	11116	1456	65	0.492	1.714E-09	39	106	121	-11116	-10916	201	11170	10916
357545135	-1	249	3.978E-64	1	32075	32797	963	249	0.541	1.627E-70	43	281	336	-32797	-32075	723	32797	32069
357675211	1	193	2.866E-47	1	36377	36976	819	193	0.510	1.718E-51	16	215	276	36377	36976	600	36338	36982
357706200	-1	331	8.226E-89	1	34999	35775	902	331	0.644	4.974E-98	11	269	488	-35775	-34999	777	35817	34987
358348901	-1	338	6.426E-91	1	34993	35775	902	338	0.652	1.259E-100	19	279	496	-35775	-34993	783	35817	34987
358419181	-1	249	3.978E-64	1	32075	32797	963	249	0.541	2.229E-70	66	304	396	-32797	-32075	723	32797	32069
358497288	1	180	2.348E-43	1	36377	36976	819	180	0.484	4.010E-47	18	217	278	36377	36976	600	36338	36982
358584946	-1	634	5.048E-180	2	34288	35775	902	336	0.649	4.432E-100	11	271	489	-35775	-34993	783	35817	34987
358584946	-1	634	5.048E-180	2	34288	35775	915	297	0.690	2.414E-87	272	485	489	-34929	-34288	642	34983	34279
359230657	-1	244	1.273E-62	1	32075	32785	963	244	0.539	1.330E-68	47	281	336	-32785	-32075	711	32797	32069
359273516	1	161	1.231E-37	1	36377	36979	819	161	0.439	1.409E-40	3	205	269	36377	36979	603	36338	36982
359294210	-1	621	4.135E-176	2	34288	35775	902	340	0.654	3.574E-101	11	271	489	-35775	-34993	783	35817	34987
359294210	-1	621	4.135E-176	2	34288	35775	915	280	0.656	2.516E-81	272	485	489	-34929	-34288	642	34983	34279
359393589	-1	121	1.354E-25	2	25880	26610	1105	81	0.626	2.421E-15	68	131	319	-26610	-26419	192	26640	26395
359393589	-1	121	1.354E-25	2	25880	26610	1112	72	0.308	8.175E-11	165	311	319	-26317	-25880	438	26329	25871
359470916	-1	253	2.486E-65	1	32075	32767	963	253	0.566	9.593E-72	57	285	350	-32767	-32075	693	32797	32069
359517679	1	242	5.092E-62	4	30577	31215	686	42	0.790	1.717E-02	3	26	286	30577	30648	72	30556	30648
359517679	1	242	5.092E-62	4	30577	31215	692	51	0.729	1.465E-05	22	54	286	30692	30790	99	30686	30829
359517679	1	242	5.092E-62	4	30577	31215	696	76	0.722	1.454E-13	52	101	286	30841	30990	150	30826	31029
359517679	1	242	5.092E-62	4	30577	31215	699	77	0.658	6.909E-14	102	158	286	31045	31215	171	31039	31275
360167298	-1	611	4.234E-173	2	34279	35775	902	321	0.625	6.914E-95	10	270	488	-35775	-34993	783	35817	34987
360167298	-1	611	4.234E-173	2	34279	35775	915	289	0.666	1.800E-84	271	487	488	-34929	-34279	651	34983	34279
360364476	1	164	1.539E-38	1	36377	36979	819	164	0.445	1.567E-41	17	219	283	36377	36979	603	36338	36982
360549314	1	167	1.924E-39	1	36377	36907	819	167	0.501	1.272E-42	16	192	193	36377	36907	531	36338	36982
360916054	-1	302	4.416E-80	2	31881	32767	963	245	0.553	3.779E-69	59	287	341	-32767	-32075	693	32797	32069
360916054	-1	302	4.416E-80	2	31881	32767	967	59	0.649	2.347E-08	291	334	341	-32012	-31881	132	32018	31878
361223779	1	180	2.348E-43	1	36377	36979	819	180	0.479	5.490E-47	26	227	258	36377	36979	603	36338	36982
361362402	-1	621	4.135E-176	2	34288	35775	902	344	0.661	1.535E-102	11	271	489	-35775	-34993	783	35817	34987
361362402	-1	621	4.135E-176	2	34288	35775	915	277	0.648	3.124E-80	271	485	489	-34932	-34288	645	34983	34279
361707326	1	240	2.037E-61	2	36377	37193	819	194	0.510	6.687E-52	14	210	276	36377	36979	603	36338	36982
361707326	1	240	2.037E-61	2	36377	37193	824	45	0.438	8.557E-03	211	263	276	37041	37193	153	37023	37223
361970608	-1	354	9.806E-96	1	34993	35802	902	354	0.659	3.127E-106	2	271	490	-35802	-34993	810	35817	34987
362054227	1	252	4.972E-65	2	36377	37193	819	200	0.523	5.979E-54	11	207	273	36377	36979	603	36338	36982
362054227	1	252	4.972E-65	2	36377	37193	824	51	0.489	5.176E-05	208	260	273	37041	37193	153	37023	37223
362068873	-1	51	1.598E-04	1	25895	26305	1112	51	0.257	1.149E-03	129	254	261	-26305	-25895	411	26329	25871
362121666	-1	289	3.618E-76	2	32075	32939	953	44	0.642	1.015E-01	10	41	327	-32939	-32844	96	32939	32625
362121666	-1	289	3.618E-76	2	32075	32939	963	252	0.547	1.314E-71	34	272	327	-32797	-32075	723	32797	32069
362196439	-1	289	3.618E-76	2	32075	32939	953	44	0.642	1.015E-01	19	50	336	-32939	-32844	96	32939	32625
362196439	-1	289	3.618E-76	2	32075	32939	963	252	0.547	1.314E-71	43	281	336	-32797	-32075	723	32797	32069
362211984	1	192	5.733E-47	1	36377	36979	819	192	0.504	4.411E-51	18	219	285	36377	36979	603	36338	36982
362346883	1	182	5.870E-44	1	36344	36976	819	182	0.468	1.141E-47	36	246	307	36344	36976	633	36338	36982
362367175	-1	618	3.308E-175	2	34288	35775	902	341	0.656	1.390E-101	11	271	488	-35775	-34993	783	35817	34987
362367175	-1	618	3.308E-175	2	34288	35775	915	276	0.649	4.280E-80	272	485	488	-34929	-34288	642	34983	34279
362382482	-1	266	3.035E-69	3	16169	16760	1333	114	0.844	1.525E-26	74	137	227	-16760	-16569	192	16805	16527
362382482	-1	266	3.035E-69	3	16169	16760	1335	63	0.856	7.365E-10	138	171	227	-16504	-16403	102	16504	16397
362382482	-1	266	3.035E-69	3	16169	16760	1338	89	0.749	1.521E-18	170	226	227	-16339	-16169	171	16351	16169
362607436	-1	260	1.942E-67	2	32075	33065	949	38	0.905	4.384E-01	0	18	335	-33065	-33009	57	33071	32943
362607436	-1	260	1.942E-67	2	32075	33065	963	249	0.549	1.627E-70	47	281	335	-32785	-32075	711	32797	32069
362621332	1	227	1.668E-57	2	36377	37193	819	178	0.479	2.641E-46	18	217	278	36377	36976	600	36338	36982
362621332	1	227	1.668E-57	2	36377	37193	824	48	0.475	9.150E-04	219	265	278	37041	37193	153	37023	37223
362878552	-1	340	1.607E-91	1	34993	35775	902	340	0.654	3.574E-101	11	271	489	-35775	-34993	783	35817	34987
362950430	-1	173	3.006E-41	2	25892	26610	1105	82	0.637	1.763E-15	155	217	391	-26610	-26422	189	26640	26395
362950430	-1	173	3.006E-41	2	25892	26610	1112	98	0.383	1.155E-19	226	371	391	-26311	-25892	420	26329	25871
363415448	1	168	9.618E-40	1	36377	36979	819	168	0.452	9.291E-43	18	220	284	36377	36979	603	36338	36982
363540306	1	195	7.166E-48	1	36377	36976	819	195	0.515	3.566E-52	16	215	276	36377	36976	600	36338	36982
363851692	-1	254	1.243E-65	3	16169	16763	1333	111	0.812	1.921E-25	75	139	229	-16763	-16569	195	16805	16527
363851692	-1	254	1.243E-65	3	16169	16763	1335	52	0.721	4.050E-06	140	173	229	-16504	-16403	102	16504	16397
363851692	-1	254	1.243E-65	3	16169	16763	1338	91	0.761	4.270E-19	172	228	229	-16339	-16169	171	16351	16169
363969132	-1	172	6.011E-41	2	16172	16760	1333	109	0.813	6.817E-25	73	136	227	-16760	-16569	192	16805	16527
363969132	-1	172	6.011E-41	2	16172	16760	1338	94	0.785	3.368E-20	169	225	227	-16342	-16172	171	16351	16169
363988550	-1	118	1.083E-24	1	16569	16763	1333	118	0.859	6.426E-28	40	104	113	-16763	-16569	195	16805	16527
364033396	-1	106	4.435E-21	1	16569	16760	1333	106	0.789	1.179E-23	45	108	123	-16760	-16569	192	16805	16527
364049670	-1	248	7.956E-64	3	16169	16760	1333	104	0.779	4.187E-23	75	138	228	-16760	-16569	192	16805	16527
364049670	-1	248	7.956E-64	3	16169	16760	1335	54	0.746	8.205E-07	139	172	228	-16504	-16403	102	16504	16397
364049670	-1	248	7.956E-64	3	16169	16760	1338	90	0.752	1.107E-18	171	227	228	-16339	-16169	171	16351	16169
364114483	-1	263	2.428E-68	3	16172	16760	1333	114	0.844	1.525E-26	75	138	233	-16760	-16569	192	16805	16527
364114483	-1	263	2.428E-68	3	16172	16760	1335	58	0.796	3.376E-08	139	172	233	-16504	-16403	102	16504	16397
364114483	-1	263	2.428E-68	3	16172	16760	1338	91	0.776	3.109E-19	171	226	233	-16339	-16172	168	16351	16169
364134340	1	70	3.048E-10	1	34991	35215	783	70	0.483	4.962E-11	12	85	124	34991	35215	225	34958	35230
364384632	-1	312	4.313E-83	2	31881	32797	963	251	0.545	3.376E-71	43	281	346	-32797	-32075	723	32797	32069
364384632	-1	312	4.313E-83	2	31881	32797	967	60	0.618	1.706E-08	283	329	346	-32018	-31881	138	32018	31878
364394378	-1	296	2.826E-78	2	32069	32939	953	42	0.621	3.573E-01	22	53	289	-32939	-32844	96	32939	32625
364394378	-1	296	2.826E-78	2	32069	32939	963	261	0.559	9.462E-75	46	286	289	-32797	-32069	729	32797	32069
364415176	-1	177	1.878E-42	2	10619	11101	1456	69	0.549	7.165E-11	53	115	222	-11101	-10916	186	11170	10916
364415176	-1	177	1.878E-42	2	10619	11101	1462	109	0.566	1.182E-24	118	215	222	-10909	-10619	291	10912	10619
364420537	-1	623	1.034E-176	2	34279	35781	902	338	0.648	9.187E-101	34	296	514	-35781	-34993	789	35817	34987
364420537	-1	623	1.034E-176	2	34279	35781	915	284	0.656	1.079E-82	297	513	514	-34929	-34279	651	34983	34279
364428234	-1	262	4.856E-68	3	16169	16760	1333	106	0.787	1.619E-23	50	113	204	-16760	-16569	192	16805	16527
364428234	-1	262	4.856E-68	3	16169	16760	1335	59	0.833	1.297E-08	115	147	204	-16501	-16403	99	16504	16397
364428234	-1	262	4.856E-68	3	16169	16760	1338	97	0.809	2.658E-21	146	202	204	-16339	-16169	171	16351	16169
364439326	-1	148	1.008E-33	2	4093	17723	1304	40	0.703	9.042E-02	3	28	125	-17723	-17646	78	17726	17631
364439326	-1	148	1.008E-33	2	4093	17723	1626	130	0.847	3.512E-32	52	124	125	-4311	-4093	219	4329	4051
364502086	-1	622	2.068E-176	2	34279	35793	902	331	0.625	3.631E-98	5	273	500	-35793	-34987	807	35817	34987
364502086	-1	622	2.068E-176	2	34279	35793	915	294	0.664	3.000E-86	278	499	500	-34944	-34279	666	34983	34279
364521516	-1	324	1.053E-86	1	34993	35799	902	324	0.609	7.642E-96	6	277	495	-35799	-34993	807	35817	34987
364546704	1	162	6.155E-38	1	36377	36976	819	162	0.438	5.498E-41	19	223	299	36377	36976	600	36338	36982
364559807	-1	639	1.577E-181	2	34288	35775	902	338	0.652	9.187E-101	11	271	489	-35775	-34993	783	35817	34987
364559807	-1	639	1.577E-181	2	34288	35775	915	300	0.696	2.662E-88	272	485	489	-34929	-34288	642	34983	34279
364574850	-1	248	7.956E-64	1	32069	32785	963	248	0.543	4.181E-70	9	245	290	-32785	-32069	717	32797	32069
364582778	-1	340	1.607E-91	1	34999	35775	902	340	0.660	1.904E-101	13	271	492	-35775	-34999	777	35817	34987
364619887	-1	281	9.261E-74	1	34279	34932	915	281	0.648	1.340E-81	109	326	327	-34932	-34279	654	34983	34279
364637270	-1	287	1.447E-75	2	32075	32939	953	40	0.589	2.352E+00	21	52	346	-32939	-32844	96	32939	32625
364637270	-1	287	1.447E-75	2	32075	32939	963	254	0.550	3.733E-72	45	283	346	-32797	-32075	723	32797	32069
364652837	-1	70	3.048E-10	1	10760	10912	1462	70	0.663	4.897E-11	31	81	82	-10912	-10760	153	10912	10619
364653221	-1	92	7.267E-17	1	10625	10912	1462	92	0.495	1.329E-18	20	116	118	-10912	-10625	288	10912	10619
364653258	-1	78	1.191E-12	1	10694	10912	1462	78	0.533	1.191E-13	31	104	122	-10912	-10694	219	10912	10619
364653641	-1	73	3.810E-11	1	10754	10912	1462	73	0.665	5.332E-12	19	71	78	-10912	-10754	159	10912	10619
364653856	-1	98	1.135E-18	1	10619	10912	1462	98	0.516	6.102E-21	20	118	124	-10912	-10619	294	10912	10619
364653889	-1	100	2.839E-19	1	10619	10912	1462	100	0.528	1.253E-21	26	123	129	-10912	-10619	294	10912	10619
364654645	-1	100	2.839E-19	1	10619	10912	1462	100	0.524	1.253E-21	7	105	111	-10912	-10619	294	10912	10619
364654826	-1	98	1.135E-18	1	10619	10903	1462	98	0.528	6.102E-21	32	127	133	-10903	-10619	285	10912	10619
364655301	-1	99	5.677E-19	1	10619	10912	1462	99	0.519	3.239E-21	31	129	135	-10912	-10619	294	10912	10619
364655621	-1	82	7.441E-14	1	10712	10912	1462	82	0.601	2.661E-15	20	87	124	-10912	-10712	201	10912	10619
364655683	-1	69	6.096E-10	1	10766	10912	1462	69	0.676	1.267E-10	41	89	95	-10912	-10766	147	10912	10619
364655909	-1	75	9.525E-12	1	10694	10912	1462	75	0.525	7.969E-13	7	75	119	-10912	-10694	219	10912	10619
364694211	-1	648	3.081E-184	2	34279	35775	902	335	0.647	1.139E-99	11	271	489	-35775	-34993	783	35817	34987
364694211	-1	648	3.081E-184	2	34279	35775	915	313	0.710	8.140E-93	271	488	489	-34932	-34279	654	34983	34279
364696364	-1	77	2.381E-12	1	10619	10903	1462	77	0.436	2.245E-13	10	104	111	-10903	-10619	285	10912	10619
364704450	-1	72	7.620E-11	1	10619	10912	1462	72	0.406	1.005E-11	7	104	160	-10912	-10619	294	10912	10619
364711200	-1	338	6.426E-91	1	34993	35775	902	338	0.651	1.724E-100	19	279	496	-35775	-34993	783	35817	34987
364765194	-1	155	7.879E-36	2	25907	26613	1105	72	0.509	3.588E-12	81	153	307	-26613	-26395	219	26640	26395
364765194	-1	155	7.879E-36	2	25907	26613	1112	82	0.356	3.275E-14	155	289	307	-26305	-25907	399	26329	25871
364824421	1	252	4.972E-65	2	36377	37193	819	214	0.554	5.264E-59	15	212	272	36377	36979	603	36338	36982
364824421	1	252	4.972E-65	2	36377	37193	824	37	0.388	3.724E+00	213	259	272	37041	37193	153	37023	37223
364834519	-1	645	2.465E-183	2	34288	35775	902	343	0.659	2.881E-102	11	271	489	-35775	-34993	783	35817	34987
364834519	-1	645	2.465E-183	2	34288	35775	915	301	0.697	1.418E-88	272	485	489	-34929	-34288	642	34983	34279
364967920	-1	53	3.995E-05	1	25880	26305	1112	53	0.259	1.806E-04	156	276	284	-26305	-25880	426	26329	25871
365363403	1	75	9.525E-12	1	34991	35215	783	75	0.512	8.038E-13	2	76	81	34991	35215	225	34958	35230
366315615	-1	248	7.956E-64	1	32075	32767	963	248	0.557	5.726E-70	53	281	343	-32767	-32075	693	32797	32069
366622291	-1	296	2.826E-78	2	31881	32797	963	246	0.537	1.471E-69	43	281	335	-32797	-32075	723	32797	32069
366622291	-1	296	2.826E-78	2	31881	32797	967	49	0.533	6.876E-05	283	328	335	-32018	-31881	138	32018	31878
367234336	-1	54	1.998E-05	1	25880	26305	1112	54	0.262	9.740E-05	129	259	262	-26305	-25880	426	26329	25871
367746368	-1	326	2.632E-87	3	31884	33065	949	40	0.932	1.672E-01	0	18	329	-33065	-33009	57	33071	32943
367746368	-1	326	2.632E-87	3	31884	33065	963	254	0.559	3.733E-72	48	281	329	-32782	-32075	708	32797	32069
367746368	-1	326	2.632E-87	3	31884	33065	967	59	0.618	4.441E-08	283	328	329	-32018	-31884	135	32018	31878
369953900	1	179	4.696E-43	1	36377	36979	819	179	0.479	7.517E-47	18	219	285	36377	36979	603	36338	36982
370075574	-1	293	2.261E-77	2	32075	32939	953	40	0.589	2.352E+00	19	50	336	-32939	-32844	96	32939	32625
370075574	-1	293	2.261E-77	2	32075	32939	963	260	0.561	2.432E-74	43	281	336	-32797	-32075	723	32797	32069
370078296	1	164	1.539E-38	1	36431	36976	819	164	0.482	2.144E-41	17	198	259	36431	36976	546	36338	36982
370157055	1	204	1.400E-50	4	30577	31605	686	42	0.790	1.717E-02	3	26	286	30577	30648	72	30556	30648
370157055	1	204	1.400E-50	4	30577	31605	696	76	0.600	7.698E-14	52	113	286	30841	31029	189	30826	31029
370157055	1	204	1.400E-50	4	30577	31605	699	78	0.661	5.029E-14	102	158	286	31045	31215	171	31039	31275
370157055	1	204	1.400E-50	4	30577	31605	706	52	0.342	3.401E-04	170	257	286	31342	31605	264	31285	31680
370164504	-1	261	9.711E-68	1	32075	32797	963	261	0.562	1.296E-74	43	281	336	-32797	-32075	723	32797	32069
370170619	1	175	7.514E-42	1	36377	36976	819	175	0.472	3.260E-45	18	217	286	36377	36976	600	36338	36982
370175886	-1	246	3.182E-63	1	32075	32797	963	246	0.537	1.471E-69	43	281	336	-32797	-32075	723	32797	32069
370178392	-1	248	7.956E-64	1	32069	32797	963	248	0.535	5.726E-70	43	283	318	-32797	-32069	729	32797	32069
370278220	1	183	2.935E-44	1	36377	36976	819	183	0.489	6.086E-48	18	217	278	36377	36976	600	36338	36982
370295750	-1	246	3.182E-63	1	32075	32797	963	246	0.536	2.015E-69	42	280	335	-32797	-32075	723	32797	32069
370354440	-1	180	2.348E-43	2	16169	16763	1333	104	0.766	5.747E-23	55	119	217	-16763	-16569	195	16805	16527
370354440	-1	180	2.348E-43	2	16169	16763	1338	103	0.840	2.278E-23	148	205	217	-16342	-16169	174	16351	16169
370454218	-1	345	5.021E-93	1	34993	35775	902	345	0.663	4.359E-103	11	271	489	-35775	-34993	783	35817	34987
370581674	-1	253	2.486E-65	1	32075	32767	963	253	0.567	7.003E-72	57	285	340	-32767	-32075	693	32797	32069
371134180	-1	139	5.163E-31	2	25895	26613	1105	72	0.573	3.588E-12	89	151	315	-26613	-26425	189	26640	26395
371134180	-1	139	5.163E-31	2	25895	26613	1112	76	0.323	3.588E-12	162	305	315	-26308	-25895	414	26329	25871
371487808	-1	325	5.265E-87	1	34993	35775	902	325	0.631	4.073E-96	8	268	486	-35775	-34993	783	35817	34987
371689928	-1	620	8.270E-176	2	34279	35805	902	334	0.622	2.929E-99	0	272	488	-35805	-34987	819	35817	34987
371689928	-1	620	8.270E-176	2	34279	35805	915	287	0.662	1.191E-83	271	487	488	-34929	-34279	651	34983	34279
371751846	1	212	5.467E-53	2	36377	37193	819	179	0.477	1.409E-46	18	219	279	36377	36979	603	36338	36982
371751846	1	212	5.467E-53	2	36377	37193	824	38	0.377	1.426E+00	214	266	279	37029	37193	165	37023	37223
371849273	-1	159	4.924E-37	2	25889	26610	1105	84	0.650	3.607E-16	93	155	314	-26610	-26422	189	26640	26395
371849273	-1	159	4.924E-37	2	25889	26610	1112	82	0.345	2.394E-14	164	305	314	-26311	-25889	423	26329	25871
373175807	1	193	2.866E-47	1	36341	36976	819	193	0.488	1.718E-51	32	243	304	36341	36976	636	36338	36982
373568945	-1	268	7.587E-70	2	32075	33065	949	40	0.951	8.801E-02	0	18	336	-33065	-33009	57	33071	32943
373568945	-1	268	7.587E-70	2	32075	33065	963	251	0.545	3.376E-71	43	281	336	-32797	-32075	723	32797	32069
373899042	1	161	1.231E-37	3	30577	30990	686	40	0.769	4.492E-02	3	26	126	30577	30648	72	30556	30648
373899042	1	161	1.231E-37	3	30577	30990	692	51	0.729	1.465E-05	22	54	126	30692	30790	99	30686	30829
373899042	1	161	1.231E-37	3	30577	30990	696	76	0.725	1.058E-13	52	101	126	30841	30990	150	30826	31029
374164115	-1	313	2.156E-83	2	31887	32767	963	251	0.564	3.376E-71	56	284	333	-32767	-32075	693	32797	32069
374164115	-1	313	2.156E-83	2	31887	32767	967	61	0.668	4.765E-09	286	329	333	-32018	-31887	132	32018	31878
374401759	-1	285	5.788E-75	2	32075	33065	949	42	0.988	2.439E-02	0	18	336	-33065	-33009	57	33071	32943
374401759	-1	285	5.788E-75	2	32075	33065	963	266	0.571	2.168E-76	43	281	336	-32797	-32075	723	32797	32069
374637028	1	177	1.878E-42	1	36341	36976	819	177	0.457	3.616E-46	6	217	278	36341	36976	636	36338	36982
374735493	-1	57	2.497E-06	1	25880	26305	1112	57	0.269	1.523E-05	129	259	261	-26305	-25880	426	26329	25871
374747484	-1	320	1.685E-85	1	34993	35775	902	320	0.623	1.777E-94	9	269	488	-35775	-34993	783	35817	34987
374762047	-1	241	1.018E-61	1	32075	32797	963	241	0.526	1.646E-67	44	282	337	-32797	-32075	723	32797	32069
375027179	1	141	1.291E-31	1	36527	36979	819	141	0.497	9.042E-34	31	181	245	36527	36979	453	36338	36982
376322443	-1	55	9.988E-06	1	25880	26305	1112	55	0.263	7.151E-05	129	259	262	-26305	-25880	426	26329	25871
376445584	1	203	2.799E-50	1	36377	36982	819	203	0.528	4.829E-55	12	208	267	36377	36982	606	36338	36982
376464470	-1	624	5.169E-177	2	34288	35775	902	332	0.642	1.935E-98	11	271	486	-35775	-34993	783	35817	34987
376464470	-1	624	5.169E-177	2	34288	35775	915	291	0.677	5.106E-85	272	485	486	-34929	-34288	642	34983	34279
376760848	-1	640	7.887E-182	2	34279	35805	902	342	0.634	7.407E-102	0	272	488	-35805	-34987	819	35817	34987
376760848	-1	640	7.887E-182	2	34279	35805	915	302	0.683	7.552E-89	268	487	488	-34938	-34279	660	34983	34279
377947588	1	184	1.468E-44	1	36377	36976	819	184	0.491	2.371E-48	18	217	275	36377	36976	600	36338	36982
378354847	-1	307	1.380E-81	4	16169	16949	1325	46	0.588	8.433E-04	149	184	340	-16949	-16836	114	16952	16815
378354847	-1	307	1.380E-81	4	16169	16949	1333	109	0.752	6.817E-25	187	254	340	-16757	-16548	210	16805	16527
378354847	-1	307	1.380E-81	4	16169	16949	1335	64	0.895	2.832E-10	251	283	340	-16501	-16403	99	16504	16397
378354847	-1	307	1.380E-81	4	16169	16949	1338	92	0.770	1.647E-19	282	338	340	-16339	-16169	171	16351	16169
378711609	-1	252	4.972E-65	3	16178	16760	1333	109	0.808	1.284E-24	69	132	219	-16760	-16569	192	16805	16527
378711609	-1	252	4.972E-65	3	16178	16760	1335	56	0.766	2.289E-07	133	166	219	-16504	-16403	102	16504	16397
378711609	-1	252	4.972E-65	3	16178	16760	1338	87	0.770	7.442E-18	165	218	219	-16339	-16178	162	16351	16169
378801699	-1	106	4.435E-21	1	16569	16760	1333	106	0.787	1.619E-23	41	104	113	-16760	-16569	192	16805	16527
378867349	-1	262	4.856E-68	3	16169	16763	1333	109	0.797	1.284E-24	67	131	224	-16763	-16569	195	16805	16527
378867349	-1	262	4.856E-68	3	16169	16763	1335	59	0.828	1.784E-08	133	165	224	-16501	-16403	99	16504	16397
378867349	-1	262	4.856E-68	3	16169	16763	1338	94	0.788	2.452E-20	164	220	224	-16339	-16169	171	16351	16169
378877745	-1	101	1.419E-19	1	10619	10912	1462	101	0.530	9.126E-22	7	104	111	-10912	-10619	294	10912	10619
378903291	-1	207	1.749E-51	3	16172	16949	1325	47	0.557	6.123E-04	98	136	287	-16949	-16827	123	16952	16815
378903291	-1	207	1.749E-51	3	16172	16949	1333	106	0.779	1.179E-23	134	198	287	-16763	-16569	195	16805	16527
378903291	-1	207	1.749E-51	3	16172	16949	1338	86	0.737	1.930E-17	230	285	287	-16339	-16172	168	16351	16169
378931587	-1	630	8.076E-179	2	34294	35775	902	339	0.649	6.706E-101	241	503	828	-35775	-34987	789	35817	34987
378931587	-1	630	8.076E-179	2	34294	35775	915	295	0.683	1.598E-86	499	713	828	-34938	-34294	645	34983	34279
378989054	1	205	6.998E-51	1	36377	36982	819	205	0.532	1.002E-55	23	220	283	36377	36982	606	36338	36982
378993768	-1	111	1.386E-22	1	10619	10912	1462	111	0.568	3.331E-25	7	105	111	-10912	-10619	294	10912	10619
379027001	-1	338	6.426E-91	1	34993	35775	902	338	0.652	1.259E-100	9	269	282	-35775	-34993	783	35817	34987
379033633	-1	336	2.571E-90	1	34987	35775	902	336	0.644	8.317E-100	11	273	489	-35775	-34987	789	35817	34987
379056003	-1	248	7.956E-64	1	32075	32761	963	248	0.562	3.052E-70	60	286	340	-32761	-32075	687	32797	32069
379087052	-1	630	8.076E-179	2	34288	35775	902	338	0.652	1.259E-100	11	271	489	-35775	-34993	783	35817	34987
379087052	-1	630	8.076E-179	2	34288	35775	915	292	0.678	1.449E-85	271	485	489	-34932	-34288	645	34983	34279
379126777	1	141	1.291E-31	1	36425	36979	819	141	0.425	1.237E-33	31	192	243	36425	36979	555	36338	36982
379158880	-1	345	5.021E-93	3	31881	32939	953	40	0.600	1.255E+00	19	50	349	-32939	-32844	96	32939	32625
379158880	-1	345	5.021E-93	3	31881	32939	963	250	0.542	1.188E-70	43	281	349	-32797	-32075	723	32797	32069
379158880	-1	345	5.021E-93	3	31881	32939	967	61	0.625	9.016E-09	283	329	349	-32018	-31881	138	32018	31878
379165776	-1	323	2.106E-86	1	34993	35775	902	323	0.628	1.434E-95	27	287	487	-35775	-34993	783	35817	34987
379195687	-1	89	5.813E-16	1	10622	10912	1462	89	0.481	8.891E-18	20	117	118	-10912	-10622	291	10912	10619
379195745	-1	84	1.860E-14	1	10670	10906	1462	84	0.542	5.461E-16	1	75	109	-10906	-10670	237	10912	10619
379196256	-1	102	7.097E-20	1	10622	10912	1462	102	0.537	2.572E-22	20	117	124	-10912	-10622	291	10912	10619
379196451	-1	72	7.620E-11	1	10715	10912	1462	72	0.545	7.319E-12	7	73	112	-10912	-10715	198	10912	10619
379196909	-1	101	1.419E-19	1	10619	10912	1462	101	0.526	9.126E-22	31	129	135	-10912	-10619	294	10912	10619
379196957	-1	98	1.135E-18	1	10619	10912	1462	98	0.516	6.102E-21	7	105	146	-10912	-10619	294	10912	10619
379197438	-1	89	5.813E-16	1	10655	10912	1462	89	0.526	1.220E-17	20	106	117	-10912	-10655	258	10912	10619
379199271	-1	629	1.615E-178	2	34288	35772	902	341	0.659	1.015E-101	0	259	477	-35772	-34993	780	35817	34987
379199271	-1	629	1.615E-178	2	34288	35772	915	287	0.671	6.343E-84	260	473	477	-34929	-34288	642	34983	34279
379256304	-1	197	1.791E-48	2	25880	26610	1105	91	0.701	8.700E-19	82	144	305	-26610	-26422	189	26640	26395
379256304	-1	197	1.791E-48	2	25880	26610	1112	113	0.427	3.960E-25	153	299	305	-26311	-25880	432	26329	25871
379256396	-1	355	4.903E-96	3	31881	32939	953	41	0.610	6.698E-01	270	301	593	-32939	-32844	96	32939	32625
379256396	-1	355	4.903E-96	3	31881	32939	963	255	0.558	1.990E-72	298	532	593	-32785	-32075	711	32797	32069
379256396	-1	355	4.903E-96	3	31881	32939	967	61	0.628	6.554E-09	534	580	593	-32018	-31881	138	32018	31878
379256493	-1	633	1.010E-179	2	34288	35775	902	340	0.654	3.574E-101	11	271	489	-35775	-34993	783	35817	34987
379256493	-1	633	1.010E-179	2	34288	35775	915	293	0.678	1.057E-85	271	485	489	-34932	-34288	645	34983	34279
379295410	-1	627	6.461E-178	2	34279	35805	902	330	0.615	9.333E-98	0	272	488	-35805	-34987	819	35817	34987
379295410	-1	627	6.461E-178	2	34279	35805	915	298	0.683	1.762E-87	271	487	488	-34929	-34279	651	34983	34279
379342342	-1	322	4.212E-86	1	34993	35775	902	322	0.626	5.048E-95	12	272	491	-35775	-34993	783	35817	34987
379376633	-1	283	2.315E-74	3	16169	16760	1333	115	0.830	5.896E-27	74	139	229	-16760	-16563	198	16805	16527
379376633	-1	283	2.315E-74	3	16169	16760	1335	63	0.874	1.013E-09	139	171	229	-16501	-16403	99	16504	16397
379376633	-1	283	2.315E-74	3	16169	16760	1338	107	0.866	1.311E-24	169	226	229	-16342	-16169	174	16351	16169
379381569	-1	636	1.262E-180	2	34279	35775	902	339	0.654	4.896E-101	11	271	489	-35775	-34993	783	35817	34987
379381569	-1	636	1.262E-180	2	34279	35775	915	296	0.679	8.510E-87	272	488	489	-34929	-34279	651	34983	34279
379389281	-1	68	1.219E-09	1	25880	26305	1112	68	0.300	2.532E-09	127	269	278	-26305	-25880	426	26329	25871
380335028	-1	249	3.978E-64	1	32075	32767	963	249	0.559	2.229E-70	57	285	313	-32767	-32075	693	32797	32069
380414753	-1	259	3.885E-67	2	32075	33062	949	39	0.971	2.306E-01	11	28	350	-33062	-33009	54	33071	32943
380414753	-1	259	3.885E-67	2	32075	33062	963	248	0.548	4.181E-70	58	291	350	-32782	-32075	708	32797	32069
381572337	-1	252	4.972E-65	1	32075	32782	963	252	0.555	1.800E-71	48	281	299	-32782	-32075	708	32797	32069
381650851	-1	55	9.988E-06	1	25880	26305	1112	55	0.264	5.250E-05	129	259	263	-26305	-25880	426	26329	25871
383504961	-1	301	8.832E-80	2	31878	32797	963	249	0.541	1.627E-70	51	289	356	-32797	-32075	723	32797	32069
383504961	-1	301	8.832E-80	2	31878	32797	967	51	0.542	1.391E-05	291	337	356	-32018	-31878	141	32018	31878
383863745	-1	324	1.053E-86	3	31881	33065	949	42	0.978	3.361E-02	0	18	335	-33065	-33009	57	33071	32943
383863745	-1	324	1.053E-86	3	31881	33065	963	251	0.544	4.624E-71	43	281	335	-32797	-32075	723	32797	32069
383863745	-1	324	1.053E-86	3	31881	33065	967	53	0.570	2.815E-06	283	328	335	-32018	-31881	138	32018	31878
384462524	1	186	3.669E-45	2	36452	37193	819	152	0.467	2.620E-37	65	236	430	36452	36979	528	36338	36982
384462524	1	186	3.669E-45	2	36452	37193	824	39	0.374	7.518E-01	231	287	430	37029	37193	165	37023	37223
384466124	-1	286	2.894E-75	2	32075	32939	953	41	0.610	6.698E-01	19	50	336	-32939	-32844	96	32939	32625
384466124	-1	286	2.894E-75	2	32075	32939	963	252	0.547	1.314E-71	43	281	336	-32797	-32075	723	32797	32069
384500612	-1	246	3.182E-63	1	32075	32797	963	246	0.536	2.015E-69	10	248	303	-32797	-32075	723	32797	32069
384590131	1	163	3.078E-38	1	36377	36979	819	163	0.442	4.017E-41	21	223	287	36377	36979	603	36338	36982
384760581	-1	257	1.554E-66	1	32075	32785	963	257	0.563	3.013E-73	47	281	336	-32785	-32075	711	32797	32069
384950414	1	198	8.957E-49	1	36377	36982	819	198	0.517	2.881E-53	15	216	217	36377	36982	606	36338	36982
385336741	1	205	6.998E-51	1	36377	36979	819	205	0.533	1.372E-55	13	211	280	36377	36979	603	36338	36982
385515320	-1	52	7.990E-05	1	25895	26305	1112	52	0.261	4.558E-04	129	254	261	-26305	-25895	411	26329	25871
386046174	-1	621	4.135E-176	2	34291	35805	902	331	0.617	3.631E-98	2	274	489	-35805	-34987	819	35817	34987
386046174	-1	621	4.135E-176	2	34291	35805	915	291	0.681	2.720E-85	273	485	489	-34929	-34291	639	34983	34279
386231227	-1	260	1.942E-67	1	32075	32797	963	260	0.561	2.432E-74	4	242	297	-32797	-32075	723	32797	32069
386581226	-1	251	9.944E-65	1	32069	32797	963	251	0.541	4.624E-71	43	283	311	-32797	-32069	729	32797	32069
387129861	-1	51	1.598E-04	1	25910	26305	1112	51	0.264	8.442E-04	129	249	263	-26305	-25910	396	26329	25871
387152990	-1	355	4.903E-96	3	31881	32939	953	41	0.610	6.698E-01	21	52	344	-32939	-32844	96	32939	32625
387152990	-1	355	4.903E-96	3	31881	32939	963	255	0.558	1.990E-72	49	283	344	-32785	-32075	711	32797	32069
387152990	-1	355	4.903E-96	3	31881	32939	967	61	0.628	6.554E-09	285	331	344	-32018	-31881	138	32018	31878
387164146	1	175	7.514E-42	1	36377	36976	819	175	0.474	1.739E-45	18	217	262	36377	36976	600	36338	36982
387168431	1	251	9.944E-65	2	36428	37193	819	204	0.568	2.574E-55	26	208	267	36428	36982	555	36338	36982
387168431	1	251	9.944E-65	2	36428	37193	824	46	0.465	4.517E-03	209	254	267	37044	37193	150	37023	37223
387314261	-1	635	2.524E-180	2	34288	35775	902	340	0.654	3.574E-101	11	271	489	-35775	-34993	783	35817	34987
387314261	-1	635	2.524E-180	2	34288	35775	915	295	0.682	2.189E-86	271	485	489	-34932	-34288	645	34983	34279
387383619	-1	254	1.243E-65	1	32075	32785	963	254	0.558	2.725E-72	51	285	340	-32785	-32075	711	32797	32069
387845205	1	160	2.462E-37	3	30577	31215	686	40	0.762	6.190E-02	3	26	235	30577	30648	72	30556	30648
387845205	1	160	2.462E-37	3	30577	31215	696	75	0.589	2.745E-13	52	113	235	30841	31029	189	30826	31029
387845205	1	160	2.462E-37	3	30577	31215	699	80	0.678	7.485E-15	102	158	235	31045	31215	171	31039	31275
387916310	-1	52	7.990E-05	1	25895	26305	1112	52	0.261	4.558E-04	129	254	261	-26305	-25895	411	26329	25871
387981546	-1	250	1.989E-64	1	32075	32797	963	250	0.542	1.188E-70	43	281	336	-32797	-32075	723	32797	32069
388234694	-1	282	4.631E-74	2	32075	33065	949	42	0.988	2.439E-02	0	18	336	-33065	-33009	57	33071	32943
388234694	-1	282	4.631E-74	2	32075	33065	963	263	0.566	1.962E-75	43	281	336	-32797	-32075	723	32797	32069
388495997	-1	323	2.106E-86	1	34993	35775	902	323	0.627	2.690E-95	15	275	492	-35775	-34993	783	35817	34987
388627927	-1	197	1.791E-48	2	25880	26610	1105	96	0.733	1.935E-20	82	144	305	-26610	-26422	189	26640	26395
388627927	-1	197	1.791E-48	2	25880	26610	1112	108	0.412	2.370E-23	153	299	305	-26311	-25880	432	26329	25871
388918452	-1	59	6.242E-07	1	12134	12433	1433	59	0.340	3.142E-06	84	184	192	-12433	-12134	300	12529	12074
388961543	-1	249	3.978E-64	1	32075	32797	963	249	0.541	2.229E-70	55	293	348	-32797	-32075	723	32797	32069
388974070	1	204	1.400E-50	2	36377	37190	819	171	0.459	7.537E-44	20	222	286	36377	36979	603	36338	36982
388974070	1	204	1.400E-50	2	36377	37190	824	38	0.373	1.426E+00	217	272	286	37029	37190	162	37023	37223
389153073	1	204	1.400E-50	1	36377	36979	819	204	0.533	1.879E-55	13	211	271	36377	36979	603	36338	36982
389398993	1	166	3.847E-39	1	36377	36979	819	166	0.449	3.261E-42	18	220	284	36377	36979	603	36338	36982
389535640	-1	630	8.076E-179	2	34288	35775	902	338	0.651	1.724E-100	11	271	512	-35775	-34993	783	35817	34987
389535640	-1	630	8.076E-179	2	34288	35775	915	291	0.677	5.106E-85	272	485	512	-34929	-34288	642	34983	34279
389986957	-1	56	4.994E-06	1	25880	26305	1112	56	0.266	2.828E-05	129	259	261	-26305	-25880	426	26329	25871
390854574	-1	616	1.323E-174	2	34279	35805	902	322	0.603	5.048E-95	0	272	488	-35805	-34987	819	35817	34987
390854574	-1	616	1.323E-174	2	34279	35805	915	295	0.679	1.166E-86	271	487	488	-34929	-34279	651	34983	34279
391042252	-1	50	3.196E-04	1	25880	26305	1112	50	0.250	2.126E-03	129	259	261	-26305	-25880	426	26329	25871
391067788	-1	260	1.942E-67	3	16172	16760	1333	117	0.860	2.280E-27	73	136	226	-16760	-16569	192	16805	16527
391067788	-1	260	1.942E-67	3	16172	16760	1335	53	0.736	1.554E-06	137	170	226	-16504	-16403	102	16504	16397
391067788	-1	260	1.942E-67	3	16172	16760	1338	90	0.767	8.058E-19	169	224	226	-16339	-16172	168	16351	16169
391199941	1	243	2.546E-62	4	30556	31266	686	43	0.655	4.769E-03	0	28	282	30556	30648	93	30556	30648
391199941	1	243	2.546E-62	4	30556	31266	692	55	0.732	1.138E-06	24	58	282	30692	30796	105	30686	30829
391199941	1	243	2.546E-62	4	30556	31266	696	79	0.621	6.058E-15	54	115	282	30841	31029	189	30826	31029
391199941	1	243	2.546E-62	4	30556	31266	699	84	0.572	2.279E-16	104	174	282	31045	31266	222	31039	31275
391332927	1	157	1.970E-36	1	36527	36979	819	157	0.540	4.444E-39	32	182	248	36527	36979	453	36338	36982
391472241	-1	344	1.004E-92	1	34993	35775	902	344	0.661	1.535E-102	11	271	489	-35775	-34993	783	35817	34987
391650812	-1	471	5.902E-131	5	16169	17723	1304	55	0.961	3.464E-07	3	28	223	-17723	-17646	78	17726	17631
391650812	-1	471	5.902E-131	5	16169	17723	1325	79	0.855	3.732E-15	29	71	223	-16952	-16824	129	16952	16815
391650812	-1	471	5.902E-131	5	16169	17723	1333	148	1.000	3.146E-38	69	132	223	-16760	-16569	192	16805	16527
391650812	-1	471	5.902E-131	5	16169	17723	1335	68	0.922	1.172E-11	133	166	223	-16504	-16403	102	16504	16397
391650812	-1	471	5.902E-131	5	16169	17723	1338	121	0.968	1.986E-29	164	221	223	-16342	-16169	174	16351	16169
392515730	1	164	1.539E-38	1	36377	36982	819	164	0.444	1.145E-41	17	220	266	36377	36982	606	36338	36982
392596146	-1	155	7.879E-36	2	25871	26604	1105	66	0.610	5.777E-10	72	124	289	-26604	-26446	159	26640	26395
392596146	-1	155	7.879E-36	2	25871	26604	1112	104	0.399	7.547E-22	141	286	289	-26311	-25871	441	26329	25871
393116632	-1	106	4.435E-21	1	16569	16760	1333	106	0.789	1.179E-23	45	108	123	-16760	-16569	192	16805	16527
393380609	-1	174	1.503E-41	2	16169	16763	1333	109	0.799	9.358E-25	72	136	234	-16763	-16569	195	16805	16527
393380609	-1	174	1.503E-41	2	16169	16763	1338	93	0.767	6.355E-20	166	223	234	-16342	-16169	174	16351	16169
393481628	1	175	7.514E-42	1	36377	36979	819	175	0.470	3.260E-45	12	211	279	36377	36979	603	36338	36982
393493410	1	198	8.957E-49	1	36425	36979	819	198	0.556	2.104E-53	26	209	274	36425	36979	555	36338	36982
393519554	-1	751	3.038E-215	2	34291	35775	902	401	0.754	1.663E-122	11	271	487	-35775	-34993	783	35817	34987
393519554	-1	751	3.038E-215	2	34291	35775	915	349	0.795	3.933E-105	272	484	487	-34929	-34291	639	34983	34279
393542906	-1	633	1.010E-179	2	34288	35775	902	340	0.655	2.609E-101	11	271	494	-35775	-34993	783	35817	34987
393542906	-1	633	1.010E-179	2	34288	35775	915	292	0.680	1.449E-85	272	485	494	-34929	-34288	642	34983	34279
393556926	-1	210	2.187E-52	3	16172	16949	1325	46	0.579	1.600E-03	96	131	287	-16949	-16836	114	16952	16815
393556926	-1	210	2.187E-52	3	16172	16949	1333	105	0.792	3.050E-23	134	196	287	-16757	-16569	189	16805	16527
393556926	-1	210	2.187E-52	3	16172	16949	1338	92	0.782	1.647E-19	230	285	287	-16339	-16172	168	16351	16169
393561916	-1	622	2.068E-176	2	34282	35775	902	334	0.645	2.929E-99	43	303	521	-35775	-34993	783	35817	34987
393561916	-1	622	2.068E-176	2	34282	35775	915	287	0.665	8.691E-84	304	519	521	-34929	-34282	648	34983	34279
393608836	-1	320	1.685E-85	1	34993	35775	902	320	0.623	2.434E-94	12	272	493	-35775	-34993	783	35817	34987
393631091	-1	75	9.525E-12	1	25880	26218	1112	75	0.376	6.708E-12	8	121	128	-26218	-25880	339	26329	25871
393659395	1	219	4.271E-55	2	36377	37193	819	171	0.462	7.537E-44	31	231	294	36377	36979	603	36338	36982
393659395	1	219	4.271E-55	2	36377	37193	824	51	0.544	7.122E-05	236	281	294	37056	37193	138	37023	37223
393685024	-1	110	2.772E-22	1	10625	10912	1462	110	0.579	6.274E-25	82	177	186	-10912	-10625	288	10912	10619
393735862	-1	88	1.163E-15	1	10625	10912	1462	88	0.479	2.300E-17	44	140	145	-10912	-10625	288	10912	10619
393736899	-1	91	1.453E-16	1	10619	10912	1462	91	0.489	1.825E-18	7	104	110	-10912	-10619	294	10912	10619
393737089	-1	59	6.242E-07	1	10916	11083	1456	59	0.522	2.009E-07	3	59	99	-11083	-10916	168	11170	10916
393737219	-1	76	4.762E-12	1	10754	10912	1462	76	0.690	4.229E-13	31	83	103	-10912	-10754	159	10912	10619
393737341	-1	96	4.542E-18	1	10619	10912	1462	96	0.505	4.080E-20	20	118	124	-10912	-10619	294	10912	10619
393737886	-1	108	1.109E-21	1	10619	10912	1462	108	0.555	4.193E-24	39	137	143	-10912	-10619	294	10912	10619
393738252	-1	98	1.135E-18	1	10619	10912	1462	98	0.512	1.150E-20	20	118	124	-10912	-10619	294	10912	10619
393738436	-1	69	6.096E-10	1	10781	10912	1462	69	0.741	1.267E-10	20	63	74	-10912	-10781	132	10912	10619
393738654	-1	98	1.135E-18	1	10619	10912	1462	98	0.512	1.150E-20	20	118	124	-10912	-10619	294	10912	10619
393741035	-1	625	2.584E-177	2	34279	35775	902	330	0.635	6.813E-98	11	273	489	-35775	-34987	789	35817	34987
393741035	-1	625	2.584E-177	2	34279	35775	915	299	0.677	9.385E-88	269	488	489	-34938	-34279	660	34983	34279
393742210	-1	332	4.113E-89	1	34993	35775	902	332	0.642	1.413E-98	8	268	495	-35775	-34993	783	35817	34987
393742232	1	199	4.479E-49	1	36377	36979	819	199	0.522	1.122E-53	13	209	275	36377	36979	603	36338	36982
393743306	-1	59	6.242E-07	1	10916	11047	1456	59	0.645	2.009E-07	7	50	87	-11047	-10916	132	11170	10916
393752555	1	233	2.607E-59	2	36377	37193	819	190	0.504	1.133E-50	14	210	266	36377	36979	603	36338	36982
393752555	1	233	2.607E-59	2	36377	37193	824	48	0.431	4.832E-04	205	263	266	37029	37193	165	37023	37223
393767076	-1	647	6.162E-184	2	34282	35778	902	345	0.661	5.972E-103	0	261	479	-35778	-34993	786	35817	34987
393767076	-1	647	6.162E-184	2	34282	35778	915	301	0.693	1.035E-88	262	477	479	-34929	-34282	648	34983	34279
393835447	-1	262	4.856E-68	3	16169	16763	1333	109	0.797	1.284E-24	48	112	203	-16763	-16569	195	16805	16527
393835447	-1	262	4.856E-68	3	16169	16763	1335	59	0.828	1.784E-08	114	146	203	-16501	-16403	99	16504	16397
393835447	-1	262	4.856E-68	3	16169	16763	1338	94	0.785	3.368E-20	145	201	203	-16339	-16169	171	16351	16169
393835740	-1	257	1.554E-66	3	16169	16763	1333	109	0.797	1.284E-24	48	112	203	-16763	-16569	195	16805	16527
393835740	-1	257	1.554E-66	3	16169	16763	1335	59	0.828	1.784E-08	114	146	203	-16501	-16403	99	16504	16397
393835740	-1	257	1.554E-66	3	16169	16763	1338	89	0.749	1.521E-18	145	201	203	-16339	-16169	171	16351	16169
393835834	-1	259	3.885E-67	3	16169	16763	1333	109	0.797	1.284E-24	48	112	203	-16763	-16569	195	16805	16527
393835834	-1	259	3.885E-67	3	16169	16763	1335	59	0.828	1.784E-08	114	146	203	-16501	-16403	99	16504	16397
393835834	-1	259	3.885E-67	3	16169	16763	1338	91	0.764	3.109E-19	145	201	203	-16339	-16169	171	16351	16169
393871701	1	192	5.733E-47	1	36377	36982	819	192	0.505	3.221E-51	14	214	278	36377	36982	606	36338	36982
393878107	-1	346	2.510E-93	3	31881	32939	953	40	0.600	1.255E+00	19	50	348	-32939	-32844	96	32939	32625
393878107	-1	346	2.510E-93	3	31881	32939	963	252	0.547	1.314E-71	43	281	348	-32797	-32075	723	32797	32069
393878107	-1	346	2.510E-93	3	31881	32939	967	60	0.621	1.240E-08	283	329	348	-32018	-31881	138	32018	31878
393882342	1	245	6.364E-63	2	36377	37193	819	196	0.515	1.388E-52	23	221	321	36377	36979	603	36338	36982
393882342	1	245	6.364E-63	2	36377	37193	824	48	0.467	4.832E-04	222	274	321	37041	37193	153	37023	37223
393920282	-1	614	5.293E-174	2	34288	35772	902	334	0.652	2.929E-99	7	264	485	-35772	-34999	774	35817	34987
393920282	-1	614	5.293E-174	2	34288	35772	915	281	0.655	1.340E-81	267	481	485	-34932	-34288	645	34983	34279
395563710	-1	295	5.653E-78	2	31881	32797	963	245	0.534	5.176E-69	59	297	365	-32797	-32075	723	32797	32069
395563710	-1	295	5.653E-78	2	31881	32797	967	49	0.526	1.303E-04	299	344	365	-32018	-31881	138	32018	31878
395697131	-1	248	7.956E-64	1	32075	32767	963	248	0.557	5.726E-70	60	288	350	-32767	-32075	693	32797	32069
395848121	-1	257	1.554E-66	1	32075	32797	963	257	0.555	3.013E-73	20	258	313	-32797	-32075	723	32797	32069
396879666	-1	54	1.998E-05	1	25895	26305	1112	54	0.267	9.740E-05	129	254	261	-26305	-25895	411	26329	25871
397147878	-1	51	1.598E-04	1	25880	26305	1112	51	0.250	1.563E-03	129	259	261	-26305	-25880	426	26329	25871
398054074	-1	244	1.273E-62	1	32075	32767	963	244	0.551	7.089E-69	53	281	336	-32767	-32075	693	32797	32069
398118952	-1	310	1.725E-82	2	31878	32797	963	254	0.550	3.733E-72	39	277	331	-32797	-32075	723	32797	32069
398118952	-1	310	1.725E-82	2	31878	32797	967	55	0.571	1.080E-06	279	325	331	-32018	-31878	141	32018	31878
398151396	-1	260	1.942E-67	1	32075	32767	963	260	0.579	3.331E-74	54	282	333	-32767	-32075	693	32797	32069
398407381	-1	293	2.261E-77	2	32072	32939	953	47	0.704	8.179E-03	19	49	335	-32939	-32847	93	32939	32625
398407381	-1	293	2.261E-77	2	32072	32939	963	252	0.544	2.465E-71	43	282	335	-32797	-32072	726	32797	32069
398861496	-1	282	4.631E-74	2	32069	32939	953	41	0.610	6.698E-01	19	50	290	-32939	-32844	96	32939	32625
398861496	-1	282	4.631E-74	2	32069	32939	963	248	0.536	4.181E-70	43	283	290	-32797	-32069	729	32797	32069
399015476	1	211	1.093E-52	4	30577	31605	686	40	0.762	6.190E-02	3	26	286	30577	30648	72	30556	30648
399015476	1	211	1.093E-52	4	30577	31605	696	74	0.712	3.772E-13	52	101	286	30841	30990	150	30826	31029
399015476	1	211	1.093E-52	4	30577	31605	699	79	0.670	1.940E-14	102	158	286	31045	31215	171	31039	31275
399015476	1	211	1.093E-52	4	30577	31605	706	50	0.334	1.183E-03	170	257	286	31342	31605	264	31285	31680
399031173	1	173	3.006E-41	3	30577	31215	686	41	0.776	3.260E-02	3	26	233	30577	30648	72	30556	30648
399031173	1	173	3.006E-41	3	30577	31215	696	76	0.725	1.058E-13	52	101	233	30841	30990	150	30826	31029
399031173	1	173	3.006E-41	3	30577	31215	699	79	0.670	1.940E-14	102	158	233	31045	31215	171	31039	31275
399054123	1	175	7.514E-42	1	36377	36976	819	175	0.472	3.260E-45	18	217	278	36377	36976	600	36338	36982
399076590	-1	247	1.591E-63	1	32075	32785	963	247	0.545	7.842E-70	47	281	336	-32785	-32075	711	32797	32069
399173152	1	173	3.006E-41	1	36368	36976	819	173	0.464	1.145E-44	21	223	284	36368	36976	609	36338	36982
399354270	1	194	1.433E-47	1	36377	36976	819	194	0.514	4.883E-52	16	215	276	36377	36976	600	36338	36982
399381556	1	209	4.374E-52	4	30577	31605	686	40	0.762	6.190E-02	3	26	285	30577	30648	72	30556	30648
399381556	1	209	4.374E-52	4	30577	31605	696	74	0.712	3.772E-13	52	101	285	30841	30990	150	30826	31029
399381556	1	209	4.374E-52	4	30577	31605	699	79	0.670	1.940E-14	102	158	285	31045	31215	171	31039	31275
399381556	1	209	4.374E-52	4	30577	31605	706	48	0.325	5.605E-03	170	257	285	31342	31605	264	31285	31680
399592890	1	184	1.468E-44	1	36377	36976	819	184	0.492	1.731E-48	18	217	278	36377	36976	600	36338	36982
399618098	-1	641	3.943E-182	2	34288	35775	902	342	0.658	5.407E-102	11	271	489	-35775	-34993	783	35817	34987
399618098	-1	641	3.943E-182	2	34288	35775	915	299	0.692	4.999E-88	271	485	489	-34932	-34288	645	34983	34279
399941844	1	187	1.834E-45	1	36377	36982	819	187	0.494	1.918E-49	13	210	275	36377	36982	606	36338	36982
400185752	-1	319	3.369E-85	1	34993	35775	902	319	0.621	4.567E-94	9	269	487	-35775	-34993	783	35817	34987
400383571	-1	326	2.632E-87	1	34993	35775	902	326	0.633	1.585E-96	16	276	494	-35775	-34993	783	35817	34987
400741664	-1	250	1.989E-64	1	32069	32797	963	250	0.540	6.333E-71	43	283	284	-32797	-32069	729	32797	32069
400793434	-1	71	1.524E-10	1	33896	34096	923	71	0.535	3.492E-11	0	66	83	-34096	-33896	201	34183	33869
400960745	-1	318	6.739E-85	4	16172	16949	1325	33	0.412	4.659E+01	47	85	237	-16949	-16827	123	16952	16815
400960745	-1	318	6.739E-85	4	16172	16949	1333	109	0.813	6.817E-25	84	147	237	-16760	-16569	192	16805	16527
400960745	-1	318	6.739E-85	4	16172	16949	1335	63	0.856	7.365E-10	148	181	237	-16504	-16403	102	16504	16397
400960745	-1	318	6.739E-85	4	16172	16949	1338	114	0.936	3.168E-27	179	235	237	-16342	-16172	171	16351	16169
401119193	-1	314	1.078E-83	3	31881	33065	949	39	0.923	2.306E-01	3	21	338	-33065	-33009	57	33071	32943
401119193	-1	314	1.078E-83	3	31881	33065	963	252	0.547	1.314E-71	46	284	338	-32797	-32075	723	32797	32069
401119193	-1	314	1.078E-83	3	31881	33065	967	48	0.537	2.471E-04	288	331	338	-32012	-31881	132	32018	31878
401742801	1	195	7.166E-48	1	36377	36976	819	195	0.516	2.604E-52	16	215	276	36377	36976	600	36338	36982
401833715	1	171	1.202E-40	1	36377	36979	819	171	0.461	5.506E-44	18	219	285	36377	36979	603	36338	36982
402155876	-1	326	2.632E-87	1	34993	35775	902	326	0.633	1.585E-96	15	275	494	-35775	-34993	783	35817	34987
402281065	-1	640	7.887E-182	2	34279	35775	902	349	0.670	1.872E-104	11	271	489	-35775	-34993	783	35817	34987
402281065	-1	640	7.887E-182	2	34279	35775	915	290	0.668	9.586E-85	272	488	489	-34929	-34279	651	34983	34279
402434504	-1	246	3.182E-63	1	32075	32767	963	246	0.555	1.471E-69	53	281	336	-32767	-32075	693	32797	32069
402519055	1	180	2.348E-43	1	36377	36979	819	180	0.480	4.010E-47	22	223	283	36377	36979	603	36338	36982
402563950	-1	310	1.725E-82	2	31881	32767	963	251	0.564	3.376E-71	121	349	403	-32767	-32075	693	32797	32069
402563950	-1	310	1.725E-82	2	31881	32767	967	61	0.664	6.554E-09	353	396	403	-32012	-31881	132	32018	31878
402625021	-1	53	3.995E-05	1	25880	26305	1112	53	0.258	2.460E-04	129	259	261	-26305	-25880	426	26329	25871
403414874	-1	51	1.598E-04	1	25895	26305	1112	51	0.259	8.442E-04	129	254	261	-26305	-25895	411	26329	25871
403583127	1	176	3.757E-42	1	36377	36976	819	176	0.476	9.280E-46	18	217	278	36377	36976	600	36338	36982
403616787	-1	263	2.428E-68	3	16169	16760	1333	114	0.842	2.093E-26	76	139	230	-16760	-16569	192	16805	16527
403616787	-1	263	2.428E-68	3	16169	16760	1335	58	0.817	3.376E-08	141	173	230	-16501	-16403	99	16504	16397
403616787	-1	263	2.428E-68	3	16169	16760	1338	91	0.758	5.866E-19	172	228	230	-16339	-16169	171	16351	16169
404115077	-1	55	9.988E-06	1	25880	26305	1112	55	0.263	7.151E-05	129	259	262	-26305	-25880	426	26329	25871
404426249	-1	242	5.092E-62	1	32075	32797	963	242	0.528	6.406E-68	44	282	337	-32797	-32075	723	32797	32069
404633501	1	223	2.669E-56	2	36377	37193	819	178	0.477	2.641E-46	19	219	323	36377	36979	603	36338	36982
404633501	1	223	2.669E-56	2	36377	37193	824	48	0.522	4.832E-04	224	269	323	37056	37193	138	37023	37223
404752990	-1	325	5.265E-87	1	34993	35775	902	325	0.631	4.073E-96	12	272	491	-35775	-34993	783	35817	34987
405014569	-1	50	3.196E-04	1	25880	26305	1112	50	0.250	2.126E-03	129	259	261	-26305	-25880	426	26329	25871
405071695	-1	319	3.369E-85	1	34993	35775	902	319	0.621	6.255E-94	9	269	487	-35775	-34993	783	35817	34987
405286527	-1	259	3.885E-67	1	32075	32797	963	259	0.559	6.249E-74	43	281	336	-32797	-32075	723	32797	32069
405708191	-1	281	9.261E-74	1	34288	34929	915	281	0.659	9.783E-82	194	407	411	-34929	-34288	642	34983	34279
405746353	-1	55	9.988E-06	1	25880	26305	1112	55	0.263	7.151E-05	129	259	262	-26305	-25880	426	26329	25871
405751961	-1	603	1.084E-170	2	34279	35805	902	323	0.609	1.964E-95	0	270	489	-35805	-34993	813	35817	34987
405751961	-1	603	1.084E-170	2	34279	35805	915	279	0.647	4.723E-81	271	487	489	-34929	-34279	651	34983	34279
405846479	1	172	6.011E-41	1	36377	36979	819	172	0.465	2.938E-44	19	217	303	36377	36979	603	36338	36982
406159499	-1	620	8.270E-176	2	34288	35772	902	337	0.652	3.235E-100	54	313	531	-35772	-34993	780	35817	34987
406159499	-1	620	8.270E-176	2	34288	35772	915	282	0.659	7.140E-82	314	527	531	-34929	-34288	642	34983	34279
406357735	-1	254	1.243E-65	1	32075	32797	963	254	0.550	3.733E-72	45	283	389	-32797	-32075	723	32797	32069
406364706	-1	615	2.646E-174	2	34288	35775	902	324	0.629	1.047E-95	11	271	489	-35775	-34993	783	35817	34987
406364706	-1	615	2.646E-174	2	34288	35775	915	290	0.676	9.586E-85	272	485	489	-34929	-34288	642	34983	34279
406637614	1	185	7.338E-45	1	36377	36979	819	185	0.493	6.744E-49	12	206	271	36377	36979	603	36338	36982
406686192	-1	602	2.168E-170	2	34288	35805	902	319	0.597	4.567E-94	0	273	491	-35805	-34993	813	35817	34987
406686192	-1	602	2.168E-170	2	34288	35805	915	282	0.660	5.211E-82	274	487	491	-34929	-34288	642	34983	34279
406732987	-1	176	3.757E-42	2	25880	26610	1105	88	0.606	1.511E-17	154	222	383	-26610	-26395	216	26640	26395
406732987	-1	176	3.757E-42	2	25880	26610	1112	91	0.360	2.410E-17	227	374	383	-26305	-25880	426	26329	25871
407044916	1	180	2.348E-43	1	36377	36979	819	180	0.479	5.490E-47	26	227	293	36377	36979	603	36338	36982
407412540	-1	246	3.182E-63	3	16172	16760	1333	105	0.784	2.222E-23	70	133	222	-16760	-16569	192	16805	16527
407412540	-1	246	3.182E-63	3	16172	16760	1335	55	0.771	5.963E-07	135	167	222	-16501	-16403	99	16504	16397
407412540	-1	246	3.182E-63	3	16172	16760	1338	86	0.737	1.930E-17	166	221	222	-16339	-16172	168	16351	16169
407480346	-1	166	3.847E-39	2	16169	16763	1333	106	0.781	8.591E-24	72	136	234	-16763	-16569	195	16805	16527
407480346	-1	166	3.847E-39	2	16169	16763	1338	88	0.727	5.417E-18	166	223	234	-16342	-16169	174	16351	16169
407551167	-1	254	1.243E-65	3	16169	16763	1333	110	0.807	3.618E-25	73	137	232	-16763	-16569	195	16805	16527
407551167	-1	254	1.243E-65	3	16169	16763	1335	58	0.817	3.376E-08	139	171	232	-16501	-16403	99	16504	16397
407551167	-1	254	1.243E-65	3	16169	16763	1338	87	0.724	7.442E-18	169	226	232	-16342	-16169	174	16351	16169
407585147	-1	163	3.078E-38	2	16169	16760	1333	111	0.821	2.636E-25	79	142	239	-16760	-16569	192	16805	16527
407585147	-1	163	3.078E-38	2	16169	16760	1338	87	0.732	1.022E-17	179	235	239	-16339	-16169	171	16351	16169
407597886	-1	165	7.694E-39	2	16172	16760	1333	109	0.813	6.817E-25	73	136	227	-16760	-16569	192	16805	16527
407597886	-1	165	7.694E-39	2	16172	16760	1338	87	0.735	7.442E-18	169	225	227	-16342	-16172	171	16351	16169
407670644	-1	254	1.243E-65	3	16172	16763	1333	108	0.792	2.420E-24	76	140	249	-16763	-16569	195	16805	16527
407670644	-1	254	1.243E-65	3	16172	16763	1335	53	0.750	2.138E-06	142	174	249	-16501	-16403	99	16504	16397
407670644	-1	254	1.243E-65	3	16172	16763	1338	93	0.788	8.730E-20	173	228	249	-16339	-16172	168	16351	16169
407755511	1	55	9.988E-06	1	34979	35209	783	55	0.393	6.205E-06	7	82	140	34979	35209	231	34958	35230
407844335	-1	247	1.591E-63	3	16169	16760	1333	104	0.776	5.747E-23	74	137	232	-16760	-16569	192	16805	16527
407844335	-1	247	1.591E-63	3	16169	16760	1335	57	0.786	6.389E-08	138	171	232	-16504	-16403	102	16504	16397
407844335	-1	247	1.591E-63	3	16169	16760	1338	87	0.724	7.442E-18	169	226	232	-16342	-16169	174	16351	16169
407957778	-1	149	5.042E-34	2	16169	16501	1335	61	0.854	3.624E-09	38	70	128	-16501	-16403	99	16504	16397
407957778	-1	149	5.042E-34	2	16169	16501	1338	90	0.741	1.107E-18	68	125	128	-16342	-16169	174	16351	16169
407964100	-1	605	2.710E-171	2	34294	35775	902	331	0.641	2.651E-98	11	271	489	-35775	-34993	783	35817	34987
407964100	-1	605	2.710E-171	2	34294	35775	915	276	0.645	8.034E-80	269	483	489	-34938	-34294	645	34983	34279
408022336	1	141	1.291E-31	1	36566	36982	819	141	0.529	1.237E-33	5	143	202	36566	36982	417	36338	36982
408038382	-1	321	8.423E-86	1	34993	35775	902	321	0.624	1.297E-94	9	269	488	-35775	-34993	783	35817	34987
408103434	-1	630	8.076E-179	2	34282	35775	902	334	0.646	2.138E-99	9	269	487	-35775	-34993	783	35817	34987
408103434	-1	630	8.076E-179	2	34282	35775	915	295	0.680	1.598E-86	270	485	487	-34929	-34282	648	34983	34279
408117278	-1	649	1.540E-184	2	34282	35805	902	349	0.644	1.367E-104	0	273	491	-35805	-34993	813	35817	34987
408117278	-1	649	1.540E-184	2	34282	35805	915	299	0.687	9.385E-88	274	489	491	-34929	-34282	648	34983	34279
408143015	-1	108	1.109E-21	1	16569	16763	1333	108	0.794	1.763E-24	41	105	114	-16763	-16569	195	16805	16527
408167393	1	198	8.957E-49	1	36374	36979	819	198	0.517	2.881E-53	22	219	285	36374	36979	606	36338	36982
408172241	-1	188	9.172E-46	2	25880	26610	1105	91	0.663	1.195E-18	81	147	305	-26610	-26410	201	26640	26395
408172241	-1	188	9.172E-46	2	25880	26610	1112	100	0.387	2.399E-20	152	298	305	-26311	-25880	432	26329	25871
408199202	-1	253	2.486E-65	1	32075	32797	963	253	0.548	9.593E-72	91	329	383	-32797	-32075	723	32797	32069
408203008	-1	151	1.261E-34	2	25880	26610	1105	71	0.529	1.278E-11	69	136	305	-26610	-26407	204	26640	26395
408203008	-1	151	1.261E-34	2	25880	26610	1112	84	0.349	4.994E-15	142	284	305	-26305	-25880	426	26329	25871
408244287	1	248	7.956E-64	2	36377	37193	819	192	0.505	4.411E-51	12	212	276	36377	36979	603	36338	36982
408244287	1	248	7.956E-64	2	36377	37193	824	55	0.541	1.551E-06	213	263	276	37041	37193	153	37023	37223
408262023	-1	332	4.113E-89	1	34993	35775	902	332	0.642	1.935E-98	11	271	486	-35775	-34993	783	35817	34987
408277356	-1	98	1.135E-18	1	10619	10912	1462	98	0.516	6.102E-21	7	105	111	-10912	-10619	294	10912	10619
408277424	-1	98	1.135E-18	1	10619	10912	1462	98	0.512	1.150E-20	20	118	124	-10912	-10619	294	10912	10619
408278351	-1	105	8.871E-21	1	10619	10912	1462	105	0.543	3.847E-23	7	105	111	-10912	-10619	294	10912	10619
408278627	-1	74	1.905E-11	1	10709	10912	1462	74	0.540	2.830E-12	20	88	92	-10912	-10709	204	10912	10619
408279428	-1	74	1.905E-11	1	10751	10912	1462	74	0.660	2.830E-12	20	73	76	-10912	-10751	162	10912	10619
408279545	-1	85	9.302E-15	1	10685	10912	1462	85	0.556	3.978E-16	3	79	82	-10912	-10685	228	10912	10619
408280419	-1	98	1.135E-18	1	10619	10912	1462	98	0.516	6.102E-21	7	105	112	-10912	-10619	294	10912	10619
408285896	-1	68	1.219E-09	1	10916	11101	1456	68	0.544	1.352E-10	46	108	122	-11101	-10916	186	11170	10916
408318726	-1	265	6.070E-69	1	32075	32797	963	265	0.570	4.068E-76	48	286	341	-32797	-32075	723	32797	32069
408323942	-1	85	9.302E-15	1	12131	12478	1433	85	0.406	3.520E-15	101	216	226	-12478	-12131	348	12529	12074
408324704	-1	337	1.285E-90	1	34987	35772	902	337	0.648	2.362E-100	0	261	429	-35772	-34987	786	35817	34987
409048557	1	59	6.242E-07	1	34994	35209	783	59	0.412	3.572E-07	33	109	112	34994	35209	216	34958	35230
410370833	-1	286	2.894E-75	2	31887	32767	963	236	0.536	7.161E-66	56	284	335	-32767	-32075	693	32797	32069
410370833	-1	286	2.894E-75	2	31887	32767	967	49	0.545	1.303E-04	286	329	335	-32018	-31887	132	32018	31878
411368878	-1	258	7.769E-67	2	32075	33065	949	41	0.960	6.385E-02	0	18	346	-33065	-33009	57	33071	32943
411368878	-1	258	7.769E-67	2	32075	33065	963	246	0.535	2.759E-69	49	287	346	-32797	-32075	723	32797	32069
411374254	-1	335	5.141E-90	3	31887	33065	949	43	1.000	1.284E-02	0	18	337	-33065	-33009	57	33071	32943
411374254	-1	335	5.141E-90	3	31887	33065	963	259	0.558	8.560E-74	43	281	337	-32797	-32075	723	32797	32069
411374254	-1	335	5.141E-90	3	31887	33065	967	55	0.595	7.849E-07	283	327	337	-32018	-31887	132	32018	31878
411703070	-1	51	1.598E-04	1	25880	26305	1112	51	0.252	1.149E-03	129	259	261	-26305	-25880	426	26329	25871
412583619	-1	313	2.156E-83	2	31887	32758	963	256	0.579	5.653E-73	55	280	328	-32758	-32075	684	32797	32069
412583619	-1	313	2.156E-83	2	31887	32758	967	56	0.618	3.012E-07	282	325	328	-32018	-31887	132	32018	31878
412659461	-1	240	2.037E-61	1	32075	32797	963	240	0.526	2.254E-67	44	282	338	-32797	-32075	723	32797	32069
413320458	-1	56	4.994E-06	1	25880	26305	1112	56	0.267	2.075E-05	129	259	263	-26305	-25880	426	26329	25871
413403785	-1	286	2.894E-75	2	32075	32939	953	42	0.621	3.573E-01	19	50	336	-32939	-32844	96	32939	32625
413403785	-1	286	2.894E-75	2	32075	32939	963	251	0.544	4.624E-71	43	281	336	-32797	-32075	723	32797	32069
413453925	-1	165	7.694E-39	2	16169	16760	1333	105	0.781	3.050E-23	74	137	232	-16760	-16569	192	16805	16527
413453925	-1	165	7.694E-39	2	16169	16760	1338	87	0.721	1.022E-17	166	223	232	-16342	-16169	174	16351	16169
413539783	1	172	6.011E-41	4	30577	31602	686	41	0.783	2.366E-02	6	29	287	30577	30648	72	30556	30648
413539783	1	172	6.011E-41	4	30577	31602	696	76	0.597	1.058E-13	55	116	287	30841	31029	189	30826	31029
413539783	1	172	6.011E-41	4	30577	31602	699	81	0.629	3.967E-15	105	167	287	31045	31233	189	31039	31275
413539783	1	172	6.011E-41	4	30577	31602	706	40	0.371	3.724E+00	201	259	287	31426	31602	177	31285	31680
413549131	-1	244	1.273E-62	1	32075	32797	963	244	0.533	7.089E-69	43	281	329	-32797	-32075	723	32797	32069
413599932	-1	69	6.096E-10	1	25889	26311	1112	69	0.306	9.934E-10	138	275	277	-26311	-25889	423	26329	25871
413655842	-1	67	2.438E-09	1	25889	26326	1112	67	0.275	4.723E-09	85	247	249	-26326	-25889	438	26329	25871
413717608	-1	249	3.978E-64	1	32075	32797	963	249	0.541	1.627E-70	27	265	320	-32797	-32075	723	32797	32069
413724720	-1	259	3.885E-67	1	32075	32797	963	259	0.559	6.249E-74	4	242	370	-32797	-32075	723	32797	32069
413728233	-1	248	7.956E-64	1	32075	32797	963	248	0.539	4.181E-70	43	281	339	-32797	-32075	723	32797	32069
413748615	1	182	5.870E-44	1	36377	36976	819	182	0.487	1.141E-47	18	217	278	36377	36976	600	36338	36982
413875596	-1	247	1.591E-63	1	32075	32797	963	247	0.537	1.074E-69	51	289	344	-32797	-32075	723	32797	32069
413889082	1	105	8.871E-21	2	31045	31599	699	78	0.664	3.661E-14	77	133	259	31045	31215	171	31039	31275
413889082	1	105	8.871E-21	2	31045	31599	706	40	0.297	2.737E+00	148	230	259	31354	31599	246	31285	31680
413941369	-1	254	1.243E-65	1	32075	32797	963	254	0.550	2.725E-72	43	281	336	-32797	-32075	723	32797	32069
414162557	-1	294	1.131E-77	2	32075	32939	953	42	0.626	2.609E-01	19	50	336	-32939	-32844	96	32939	32625
414162557	-1	294	1.131E-77	2	32075	32939	963	259	0.559	4.562E-74	43	281	336	-32797	-32075	723	32797	32069
414441564	-1	642	1.972E-182	2	34279	35775	902	350	0.667	7.282E-105	47	309	525	-35775	-34987	789	35817	34987
414441564	-1	642	1.972E-182	2	34279	35775	915	293	0.673	1.057E-85	308	524	525	-34929	-34279	651	34983	34279
414473542	1	201	1.120E-49	1	36377	36982	819	201	0.523	3.187E-54	12	208	267	36377	36982	606	36338	36982
414906411	-1	653	9.628E-186	2	34279	35775	902	349	0.670	1.872E-104	11	271	489	-35775	-34993	783	35817	34987
414906411	-1	653	9.628E-186	2	34279	35775	915	303	0.694	2.142E-89	272	488	489	-34929	-34279	651	34983	34279
414928977	1	186	3.669E-45	1	36377	36979	819	186	0.493	2.627E-49	17	218	284	36377	36979	603	36338	36982
415082238	-1	108	1.109E-21	2	25880	26610	1105	70	0.620	3.313E-11	85	139	326	-26610	-26446	165	26640	26395
415082238	-1	108	1.109E-21	2	25880	26610	1112	55	0.252	5.250E-05	158	310	326	-26305	-25880	426	26329	25871
415206999	-1	251	9.944E-65	1	32069	32797	963	251	0.541	3.376E-71	43	283	285	-32797	-32069	729	32797	32069
415291153	-1	652	1.926E-185	2	34288	35775	902	346	0.665	1.696E-103	25	285	503	-35775	-34993	783	35817	34987
415291153	-1	652	1.926E-185	2	34288	35775	915	305	0.706	4.435E-90	286	499	503	-34929	-34288	642	34983	34279
415524173	-1	323	2.106E-86	1	34993	35775	902	323	0.627	2.690E-95	15	275	494	-35775	-34993	783	35817	34987
415872175	1	183	2.935E-44	1	36377	36976	819	183	0.489	6.086E-48	18	217	275	36377	36976	600	36338	36982
416060452	-1	253	2.486E-65	3	16169	16763	1333	109	0.799	9.358E-25	75	139	230	-16763	-16569	195	16805	16527
416060452	-1	253	2.486E-65	3	16169	16763	1335	56	0.766	2.289E-07	140	173	230	-16504	-16403	102	16504	16397
416060452	-1	253	2.486E-65	3	16169	16763	1338	88	0.741	3.943E-18	172	228	230	-16339	-16169	171	16351	16169
416242628	1	237	1.629E-60	2	36377	37196	819	195	0.513	3.566E-52	15	211	275	36377	36979	603	36338	36982
416242628	1	237	1.629E-60	2	36377	37196	824	41	0.416	1.519E-01	212	263	275	37041	37196	156	37023	37223
416621290	-1	260	1.942E-67	2	32075	33065	949	40	0.951	8.801E-02	0	18	348	-33065	-33009	57	33071	32943
416621290	-1	260	1.942E-67	2	32075	33065	963	253	0.566	9.593E-72	53	281	348	-32767	-32075	693	32797	32069
416788592	-1	177	1.878E-42	2	25880	26610	1105	87	0.601	2.850E-17	156	224	385	-26610	-26395	216	26640	26395
416788592	-1	177	1.878E-42	2	25880	26610	1112	93	0.365	6.862E-18	229	376	385	-26305	-25880	426	26329	25871
417266277	-1	321	8.423E-86	1	34993	35775	902	321	0.624	1.297E-94	18	278	499	-35775	-34993	783	35817	34987
417281041	-1	627	6.461E-178	2	34288	35775	902	335	0.647	1.139E-99	11	271	486	-35775	-34993	783	35817	34987
417281041	-1	627	6.461E-178	2	34288	35775	915	291	0.679	2.720E-85	272	485	486	-34929	-34288	642	34983	34279
417460332	-1	173	3.006E-41	2	25892	26610	1105	82	0.637	1.763E-15	154	216	383	-26610	-26422	189	26640	26395
417460332	-1	173	3.006E-41	2	25892	26610	1112	98	0.383	1.155E-19	225	370	383	-26311	-25892	420	26329	25871
417791799	-1	627	6.461E-178	2	34279	35802	902	332	0.625	1.031E-98	2	271	489	-35802	-34993	810	35817	34987
417791799	-1	627	6.461E-178	2	34279	35802	915	298	0.673	1.762E-87	268	488	489	-34941	-34279	663	34983	34279
418275603	-1	352	3.922E-95	1	34993	35802	902	352	0.655	2.067E-105	2	271	490	-35802	-34993	810	35817	34987
418717528	-1	82	7.441E-14	1	25889	26311	1112	82	0.345	2.394E-14	119	260	269	-26311	-25889	423	26329	25871
418838982	-1	155	7.879E-36	2	25871	26628	1105	69	0.563	6.253E-11	64	124	289	-26628	-26446	183	26640	26395
418838982	-1	155	7.879E-36	2	25871	26628	1112	101	0.391	6.821E-21	141	286	289	-26311	-25871	441	26329	25871
419520092	1	196	3.583E-48	1	36377	36976	819	196	0.518	1.014E-52	30	229	290	36377	36976	600	36338	36982
419747368	1	243	2.546E-62	2	36377	37193	819	193	0.509	1.718E-51	11	206	272	36377	36979	603	36338	36982
419747368	1	243	2.546E-62	2	36377	37193	824	49	0.477	1.855E-04	207	259	272	37041	37193	153	37023	37223
419896026	-1	159	4.924E-37	2	25889	26610	1105	84	0.650	3.607E-16	75	137	296	-26610	-26422	189	26640	26395
419896026	-1	159	4.924E-37	2	25889	26610	1112	82	0.345	2.394E-14	146	287	296	-26311	-25889	423	26329	25871
420048130	-1	323	2.106E-86	1	34993	35775	902	323	0.628	1.434E-95	9	269	488	-35775	-34993	783	35817	34987
420122941	-1	342	4.017E-92	1	34993	35775	902	342	0.658	7.407E-102	11	271	467	-35775	-34993	783	35817	34987
420452516	-1	327	1.316E-87	1	34993	35796	902	327	0.614	1.157E-96	5	275	494	-35796	-34993	804	35817	34987
420472510	-1	615	2.646E-174	2	34288	35775	902	334	0.645	2.929E-99	11	271	489	-35775	-34993	783	35817	34987
420472510	-1	615	2.646E-174	2	34288	35775	915	280	0.657	1.836E-81	272	485	489	-34929	-34288	642	34983	34279
420930376	1	192	5.733E-47	1	36377	36976	819	192	0.509	3.221E-51	16	215	276	36377	36976	600	36338	36982
421111233	1	187	1.834E-45	1	36377	36976	819	187	0.498	1.918E-49	18	217	284	36377	36976	600	36338	36982
421139144	1	164	1.539E-38	1	36371	36898	819	164	0.497	1.145E-41	35	210	211	36371	36898	528	36338	36982
421482020	-1	159	4.924E-37	2	25889	26610	1105	84	0.650	3.607E-16	70	132	291	-26610	-26422	189	26640	26395
421482020	-1	159	4.924E-37	2	25889	26610	1112	82	0.345	2.394E-14	141	282	291	-26311	-25889	423	26329	25871
422164978	1	54	1.998E-05	1	34994	35227	783	54	0.385	1.170E-05	1	77	112	34994	35227	234	34958	35230
422242881	-1	246	3.182E-63	3	16172	16760	1333	105	0.781	3.050E-23	77	140	236	-16760	-16569	192	16805	16527
422242881	-1	246	3.182E-63	3	16172	16760	1335	50	0.714	2.001E-05	142	174	236	-16501	-16403	99	16504	16397
422242881	-1	246	3.182E-63	3	16172	16760	1338	91	0.770	5.866E-19	173	228	236	-16339	-16172	168	16351	16169
422310890	-1	254	1.243E-65	3	16169	16778	1333	107	0.735	6.259E-24	74	143	266	-16778	-16569	210	16805	16527
422310890	-1	254	1.243E-65	3	16169	16778	1335	55	0.761	3.150E-07	144	177	266	-16504	-16403	102	16504	16397
422310890	-1	254	1.243E-65	3	16169	16778	1338	93	0.764	8.730E-20	175	232	266	-16342	-16169	174	16351	16169
422395823	-1	246	3.182E-63	3	16172	16760	1333	105	0.781	3.050E-23	77	140	236	-16760	-16569	192	16805	16527
422395823	-1	246	3.182E-63	3	16172	16760	1335	50	0.714	2.001E-05	142	174	236	-16501	-16403	99	16504	16397
422395823	-1	246	3.182E-63	3	16172	16760	1338	91	0.770	5.866E-19	173	228	236	-16339	-16172	168	16351	16169
422505756	-1	645	2.465E-183	2	34282	35775	902	344	0.661	1.535E-102	11	271	489	-35775	-34993	783	35817	34987
422505756	-1	645	2.465E-183	2	34282	35775	915	300	0.690	3.648E-88	272	487	489	-34929	-34282	648	34983	34279
422522841	-1	617	6.616E-175	2	34294	35775	902	341	0.656	1.390E-101	11	271	485	-35775	-34993	783	35817	34987
422522841	-1	617	6.616E-175	2	34294	35775	915	278	0.650	1.215E-80	269	483	485	-34938	-34294	645	34983	34279
422541281	-1	159	4.924E-37	2	25907	26613	1105	75	0.523	5.339E-13	110	182	336	-26613	-26395	219	26640	26395
422541281	-1	159	4.924E-37	2	25907	26613	1112	83	0.358	1.750E-14	184	318	336	-26305	-25907	399	26329	25871
422572264	1	228	8.342E-58	2	36425	37190	819	192	0.538	4.411E-51	37	221	285	36425	36982	558	36338	36982
422572264	1	228	8.342E-58	2	36425	37190	824	45	0.400	8.557E-03	212	271	285	37023	37190	168	37023	37223
422580840	-1	110	2.772E-22	1	10625	10912	1462	110	0.574	6.274E-25	79	175	188	-10912	-10625	288	10912	10619
422610975	1	201	1.120E-49	1	36377	36982	819	201	0.525	1.699E-54	40	237	291	36377	36982	606	36338	36982
422616329	1	241	1.018E-61	2	36377	37193	819	191	0.501	8.273E-51	32	229	306	36377	36982	606	36338	36982
422616329	1	241	1.018E-61	2	36377	37193	824	49	0.481	2.552E-04	230	281	306	37044	37193	150	37023	37223
422616974	1	231	1.043E-58	2	36428	37193	819	181	0.517	1.562E-47	33	216	281	36428	36982	555	36338	36982
422616974	1	231	1.043E-58	2	36428	37193	824	49	0.484	1.855E-04	217	268	281	37044	37193	150	37023	37223
422632173	-1	610	8.469E-173	2	34291	35775	902	333	0.644	7.528E-99	12	272	486	-35775	-34993	783	35817	34987
422632173	-1	610	8.469E-173	2	34291	35775	915	276	0.652	4.280E-80	273	485	486	-34929	-34291	639	34983	34279
422656571	-1	650	7.702E-185	2	34288	35775	902	356	0.680	8.876E-107	11	271	489	-35775	-34993	783	35817	34987
422656571	-1	650	7.702E-185	2	34288	35775	915	293	0.683	5.632E-86	272	485	489	-34929	-34288	642	34983	34279
422661006	-1	607	6.775E-172	2	34294	35775	902	331	0.644	4.974E-98	11	269	488	-35775	-34999	777	35817	34987
422661006	-1	607	6.775E-172	2	34294	35775	915	276	0.645	8.034E-80	269	483	488	-34938	-34294	645	34983	34279
422666183	-1	643	9.859E-183	2	34282	35775	902	348	0.663	4.814E-104	11	273	489	-35775	-34987	789	35817	34987
422666183	-1	643	9.859E-183	2	34282	35775	915	296	0.683	6.211E-87	272	487	489	-34929	-34282	648	34983	34279
422685475	-1	620	8.270E-176	2	34291	35775	902	340	0.656	1.904E-101	11	271	489	-35775	-34993	783	35817	34987
422685475	-1	620	8.270E-176	2	34291	35775	915	280	0.657	1.836E-81	271	484	489	-34932	-34291	642	34983	34279
422692319	-1	339	3.213E-91	1	34993	35775	902	339	0.654	4.896E-101	11	271	489	-35775	-34993	783	35817	34987
422787971	-1	345	5.021E-93	3	31881	32939	953	42	0.616	4.892E-01	19	50	335	-32939	-32844	96	32939	32625
422787971	-1	345	5.021E-93	3	31881	32939	963	245	0.536	5.176E-69	44	281	335	-32794	-32075	720	32797	32069
422787971	-1	345	5.021E-93	3	31881	32939	967	63	0.658	1.332E-09	283	328	335	-32018	-31881	138	32018	31878
422818946	-1	96	4.542E-18	1	10640	10912	1462	96	0.534	5.600E-20	19	110	126	-10912	-10640	273	10912	10619
422819179	-1	78	1.191E-12	1	10694	10912	1462	78	0.536	8.677E-14	31	104	113	-10912	-10694	219	10912	10619
422819734	-1	70	3.048E-10	1	10754	10912	1462	70	0.642	4.897E-11	31	83	85	-10912	-10754	159	10912	10619
422819778	-1	72	7.620E-11	1	10688	10906	1462	72	0.505	1.379E-11	11	83	85	-10906	-10688	219	10912	10619
422820015	-1	107	2.218E-21	1	10619	10912	1462	107	0.551	7.899E-24	31	129	135	-10912	-10619	294	10912	10619
422820057	-1	72	7.620E-11	1	10754	10912	1462	72	0.658	1.005E-11	7	59	94	-10912	-10754	159	10912	10619
422820472	-1	101	1.419E-19	1	10619	10912	1462	101	0.528	6.649E-22	20	118	124	-10912	-10619	294	10912	10619
422820868	-1	74	1.905E-11	1	10718	10912	1462	74	0.559	2.830E-12	31	96	97	-10912	-10718	195	10912	10619
422821013	-1	94	1.817E-17	1	10622	10912	1462	94	0.386	1.988E-19	20	158	169	-10912	-10622	291	10912	10619
422821131	-1	108	1.109E-21	1	10619	10912	1462	108	0.558	2.226E-24	7	105	111	-10912	-10619	294	10912	10619
422821563	-1	89	5.813E-16	1	10661	10912	1462	89	0.537	8.891E-18	7	91	95	-10912	-10661	252	10912	10619
422821885	-1	100	2.839E-19	1	10619	10912	1462	100	0.523	1.719E-21	20	118	124	-10912	-10619	294	10912	10619
422822150	-1	100	2.839E-19	1	10619	10912	1462	100	0.523	1.719E-21	20	118	124	-10912	-10619	294	10912	10619
422822202	-1	106	4.435E-21	1	10619	10912	1462	106	0.548	1.488E-23	25	123	129	-10912	-10619	294	10912	10619
422829829	-1	63	3.901E-08	1	10916	11101	1456	63	0.509	8.388E-09	0	62	85	-11101	-10916	186	11170	10916
422929564	1	182	5.870E-44	1	36377	36979	819	182	0.486	8.333E-48	14	211	281	36377	36979	603	36338	36982
422936195	-1	173	3.006E-41	2	25892	26610	1105	81	0.632	3.326E-15	155	217	389	-26610	-26422	189	26640	26395
422936195	-1	173	3.006E-41	2	25892	26610	1112	99	0.388	3.285E-20	226	371	389	-26311	-25892	420	26329	25871
422955207	-1	597	6.937E-169	2	34291	35775	902	323	0.628	1.434E-95	11	271	489	-35775	-34993	783	35817	34987
422955207	-1	597	6.937E-169	2	34291	35775	915	274	0.645	2.066E-79	271	484	489	-34932	-34291	642	34983	34279
422974912	-1	70	3.048E-10	1	10919	11125	1456	70	0.510	3.797E-11	6	75	76	-11125	-10919	207	11170	10916
423100744	-1	284	1.158E-74	2	32069	32939	953	42	0.616	4.892E-01	19	50	291	-32939	-32844	96	32939	32625
423100744	-1	284	1.158E-74	2	32069	32939	963	249	0.537	2.229E-70	43	283	291	-32797	-32069	729	32797	32069
423877670	-1	322	4.212E-86	3	31881	33071	949	40	0.867	8.801E-02	10	30	349	-33071	-33009	63	33071	32943
423877670	-1	322	4.212E-86	3	31881	33071	963	251	0.545	3.376E-71	55	293	349	-32797	-32075	723	32797	32069
423877670	-1	322	4.212E-86	3	31881	33071	967	53	0.566	3.874E-06	295	340	349	-32018	-31881	138	32018	31878
424478385	-1	281	9.261E-74	2	32075	33065	949	41	0.960	6.385E-02	3	21	339	-33065	-33009	57	33071	32943
424478385	-1	281	9.261E-74	2	32075	33065	963	263	0.565	3.681E-75	46	284	339	-32797	-32075	723	32797	32069
425220773	-1	53	3.995E-05	1	25895	26305	1112	53	0.262	3.348E-04	129	254	262	-26305	-25895	411	26329	25871
425818427	-1	276	2.964E-72	2	32075	33065	949	41	0.960	6.385E-02	3	21	338	-33065	-33009	57	33071	32943
425818427	-1	276	2.964E-72	2	32075	33065	963	258	0.556	2.200E-73	46	284	338	-32797	-32075	723	32797	32069
427125509	-1	299	3.533E-79	2	31881	32767	963	251	0.564	3.376E-71	52	280	330	-32767	-32075	693	32797	32069
427125509	-1	299	3.533E-79	2	31881	32767	967	47	0.501	4.686E-04	281	327	330	-32018	-31881	138	32018	31878
428081488	1	184	1.468E-44	1	36353	36979	819	184	0.475	2.371E-48	13	219	285	36353	36979	627	36338	36982
428084846	-1	295	5.653E-78	2	32075	32939	953	42	0.626	2.609E-01	19	50	336	-32939	-32844	96	32939	32625
428084846	-1	295	5.653E-78	2	32075	32939	963	260	0.560	3.331E-74	43	281	336	-32797	-32075	723	32797	32069
428086335	1	183	2.935E-44	1	36377	36979	819	183	0.487	3.246E-48	18	219	279	36377	36979	603	36338	36982
428133268	1	211	1.093E-52	4	30577	31605	686	42	0.805	9.050E-03	3	26	286	30577	30648	72	30556	30648
428133268	1	211	1.093E-52	4	30577	31605	696	74	0.708	5.184E-13	52	101	286	30841	30990	150	30826	31029
428133268	1	211	1.093E-52	4	30577	31605	699	77	0.658	6.909E-14	102	158	286	31045	31215	171	31039	31275
428133268	1	211	1.093E-52	4	30577	31605	706	50	0.334	1.183E-03	170	257	286	31342	31605	264	31285	31680
428166321	-1	70	3.048E-10	1	25889	26311	1112	70	0.310	3.895E-10	133	270	272	-26311	-25889	423	26329	25871
428218185	-1	271	9.484E-71	1	34279	34929	915	271	0.632	2.565E-78	76	292	294	-34929	-34279	651	34983	34279
428243004	1	164	1.539E-38	1	36431	36976	819	164	0.482	2.144E-41	2	183	252	36431	36976	546	36338	36982
428262389	1	176	3.757E-42	1	36374	36976	819	176	0.473	1.271E-45	72	272	333	36374	36976	603	36338	36982
428273564	1	185	7.338E-45	1	36377	36976	819	185	0.495	6.744E-49	53	252	318	36377	36976	600	36338	36982
428324372	-1	264	1.214E-68	2	32075	33068	949	42	0.933	3.361E-02	0	19	337	-33068	-33009	60	33071	32943
428324372	-1	264	1.214E-68	2	32075	33068	963	245	0.535	3.779E-69	44	282	337	-32797	-32075	723	32797	32069
428401063	1	205	6.998E-51	2	36377	37193	819	168	0.454	4.959E-43	10	212	264	36377	36979	603	36338	36982
428401063	1	205	6.998E-51	2	36377	37193	824	42	0.397	5.821E-02	207	263	264	37029	37193	165	37023	37223
428467868	-1	250	1.989E-64	1	32075	32785	963	250	0.550	8.674E-71	47	281	336	-32785	-32075	711	32797	32069
428472419	1	167	1.924E-39	1	36377	36979	819	167	0.451	1.741E-42	18	220	285	36377	36979	603	36338	36982
428586619	-1	181	1.174E-43	2	25880	26613	1105	82	0.631	1.284E-15	78	141	305	-26613	-26422	192	26640	26395
428586619	-1	181	1.174E-43	2	25880	26613	1112	106	0.400	2.144E-22	150	298	305	-26311	-25880	432	26329	25871
428763923	-1	239	4.073E-61	1	32075	32797	963	239	0.523	5.789E-67	44	282	338	-32797	-32075	723	32797	32069
430123954	1	180	2.348E-43	1	36377	36979	819	180	0.480	4.010E-47	18	219	285	36377	36979	603	36338	36982
430273998	1	183	2.935E-44	1	36377	36976	819	183	0.484	4.445E-48	18	220	287	36377	36976	600	36338	36982
430361028	1	223	2.669E-56	2	36377	37211	819	175	0.473	2.381E-45	18	217	278	36377	36976	600	36338	36982
430361028	1	223	2.669E-56	2	36377	37211	824	47	0.433	1.259E-03	219	267	278	37041	37211	171	37023	37223
430443642	-1	323	2.106E-86	4	16172	16952	1325	40	0.481	1.032E-01	30	69	221	-16952	-16827	126	16952	16815
430443642	-1	323	2.106E-86	4	16172	16952	1333	114	0.844	1.525E-26	68	131	221	-16760	-16569	192	16805	16527
430443642	-1	323	2.106E-86	4	16172	16952	1335	63	0.851	1.013E-09	132	165	221	-16504	-16403	102	16504	16397
430443642	-1	323	2.106E-86	4	16172	16952	1338	107	0.882	9.547E-25	163	219	221	-16342	-16172	171	16351	16169
430531991	-1	290	1.809E-76	2	32075	32939	953	42	0.626	2.609E-01	69	100	386	-32939	-32844	96	32939	32625
430531991	-1	290	1.809E-76	2	32075	32939	963	255	0.551	1.990E-72	93	331	386	-32797	-32075	723	32797	32069
430631677	-1	590	8.880E-167	4	25871	26942	1098	77	0.911	9.946E-14	1	39	291	-26942	-26826	117	26948	26709
430631677	-1	590	8.880E-167	4	25871	26942	1101	72	0.854	6.771E-12	38	76	291	-26770	-26654	117	26806	26561
430631677	-1	590	8.880E-167	4	25871	26942	1105	153	0.976	4.115E-40	72	144	291	-26613	-26395	219	26640	26395
430631677	-1	590	8.880E-167	4	25871	26942	1112	292	0.939	4.605E-87	144	290	291	-26311	-25871	441	26329	25871
430921338	-1	249	3.978E-64	3	16172	16763	1333	104	0.768	4.187E-23	76	140	249	-16763	-16569	195	16805	16527
430921338	-1	249	3.978E-64	3	16172	16763	1335	53	0.750	2.138E-06	142	174	249	-16501	-16403	99	16504	16397
430921338	-1	249	3.978E-64	3	16172	16763	1338	92	0.782	1.647E-19	173	228	249	-16339	-16172	168	16351	16169
431059395	-1	632	2.019E-179	2	34288	35775	902	344	0.661	1.121E-102	11	271	494	-35775	-34993	783	35817	34987
431059395	-1	632	2.019E-179	2	34288	35775	915	287	0.671	6.343E-84	272	485	494	-34929	-34288	642	34983	34279
431419303	-1	386	2.283E-105	4	31881	33065	949	41	0.960	6.385E-02	0	18	339	-33065	-33009	57	33071	32943
431419303	-1	386	2.283E-105	4	31881	33065	953	42	0.626	2.609E-01	19	50	339	-32939	-32844	96	32939	32625
431419303	-1	386	2.283E-105	4	31881	33065	963	246	0.537	1.471E-69	43	281	339	-32797	-32075	723	32797	32069
431419303	-1	386	2.283E-105	4	31881	33065	967	61	0.636	9.016E-09	283	328	339	-32018	-31881	138	32018	31878
431597988	-1	249	3.978E-64	1	32075	32797	963	249	0.541	1.627E-70	43	281	338	-32797	-32075	723	32797	32069
431686142	-1	138	1.033E-30	2	25895	26613	1105	71	0.562	1.278E-11	89	151	315	-26613	-26425	189	26640	26395
431686142	-1	138	1.033E-30	2	25895	26613	1112	76	0.323	3.588E-12	162	305	315	-26308	-25895	414	26329	25871
431931155	1	250	1.989E-64	2	36377	37196	819	196	0.510	1.388E-52	11	213	280	36377	36976	600	36338	36982
431931155	1	250	1.989E-64	2	36377	37196	824	53	0.494	7.637E-06	214	268	280	37038	37196	159	37023	37223
432150920	1	171	1.202E-40	3	30577	31215	686	41	0.783	2.366E-02	3	26	260	30577	30648	72	30556	30648
432150920	1	171	1.202E-40	3	30577	31215	696	76	0.722	1.454E-13	52	101	260	30841	30990	150	30826	31029
432150920	1	171	1.202E-40	3	30577	31215	699	77	0.658	6.909E-14	102	158	260	31045	31215	171	31039	31275
432246609	-1	248	7.956E-64	1	32075	32797	963	248	0.539	5.726E-70	43	281	336	-32797	-32075	723	32797	32069
432280235	-1	243	2.546E-62	1	32075	32797	963	243	0.530	2.494E-68	44	282	338	-32797	-32075	723	32797	32069
432311809	1	206	3.499E-51	2	36377	37211	819	172	0.465	2.938E-44	20	220	284	36377	36979	603	36338	36982
432311809	1	206	3.499E-51	2	36377	37211	824	39	0.356	7.518E-01	215	273	284	37029	37211	183	37023	37223
432511393	-1	622	2.068E-176	2	34288	35775	902	346	0.665	2.323E-103	11	271	489	-35775	-34993	783	35817	34987
432511393	-1	622	2.068E-176	2	34288	35775	915	276	0.646	5.864E-80	271	485	489	-34932	-34288	645	34983	34279
432556737	-1	331	8.226E-89	1	34999	35775	902	331	0.645	2.651E-98	9	267	488	-35775	-34999	777	35817	34987
432886801	1	179	4.696E-43	1	36377	36976	819	179	0.482	7.517E-47	18	217	278	36377	36976	600	36338	36982
434024487	-1	645	2.465E-183	2	34288	35775	902	343	0.660	2.103E-102	11	271	489	-35775	-34993	783	35817	34987
434024487	-1	645	2.465E-183	2	34288	35775	915	301	0.697	1.418E-88	272	485	489	-34929	-34288	642	34983	34279
434184297	-1	52	7.990E-05	1	25880	26305	1112	52	0.255	6.204E-04	129	259	261	-26305	-25880	426	26329	25871
434216209	1	220	2.136E-55	2	36341	37193	819	172	0.447	2.146E-44	41	252	313	36341	36976	636	36338	36982
434216209	1	220	2.136E-55	2	36341	37193	824	47	0.471	1.259E-03	254	300	313	37041	37193	153	37023	37223
434881471	1	225	6.674E-57	2	36377	37193	819	188	0.497	7.470E-50	17	218	284	36377	36979	603	36338	36982
434881471	1	225	6.674E-57	2	36377	37193	824	41	0.438	2.091E-01	224	271	284	37056	37193	138	37023	37223
434926898	-1	261	9.711E-68	1	32072	32797	963	261	0.561	9.462E-75	43	282	339	-32797	-32072	726	32797	32069
435234504	1	171	1.202E-40	1	36341	36976	819	171	0.444	7.537E-44	50	261	322	36341	36976	636	36338	36982
435386899	-1	246	3.182E-63	1	32075	32785	963	246	0.543	2.015E-69	49	283	336	-32785	-32075	711	32797	32069
435464555	1	181	1.174E-43	1	36377	36976	819	181	0.486	2.139E-47	18	217	278	36377	36976	600	36338	36982
435654176	-1	618	3.308E-175	2	34288	35775	902	325	0.631	4.073E-96	11	271	486	-35775	-34993	783	35817	34987
435654176	-1	618	3.308E-175	2	34288	35775	915	292	0.680	1.985E-85	272	485	486	-34929	-34288	642	34983	34279
435890534	-1	72	7.620E-11	1	25880	26305	1112	72	0.313	8.175E-11	119	261	269	-26305	-25880	426	26329	25871
436051336	-1	251	9.944E-65	3	16169	16763	1333	109	0.802	6.817E-25	76	140	230	-16763	-16569	195	16805	16527
436051336	-1	251	9.944E-65	3	16169	16763	1335	53	0.731	2.138E-06	141	174	230	-16504	-16403	102	16504	16397
436051336	-1	251	9.944E-65	3	16169	16763	1338	89	0.749	1.521E-18	173	229	230	-16339	-16169	171	16351	16169
436248201	1	179	4.696E-43	1	36377	36979	819	179	0.478	1.029E-46	17	218	284	36377	36979	603	36338	36982
436470505	-1	252	4.972E-65	3	16169	16763	1333	109	0.797	1.284E-24	75	139	256	-16763	-16569	195	16805	16527
436470505	-1	252	4.972E-65	3	16169	16763	1335	53	0.736	1.554E-06	140	173	256	-16504	-16403	102	16504	16397
436470505	-1	252	4.972E-65	3	16169	16763	1338	90	0.755	8.058E-19	172	228	256	-16339	-16169	171	16351	16169
436558224	-1	260	1.942E-67	3	16172	16763	1333	112	0.820	7.427E-26	74	138	247	-16763	-16569	195	16805	16527
436558224	-1	260	1.942E-67	3	16172	16763	1335	54	0.760	1.129E-06	140	172	247	-16501	-16403	99	16504	16397
436558224	-1	260	1.942E-67	3	16172	16763	1338	94	0.794	4.627E-20	171	226	247	-16339	-16172	168	16351	16169
436769733	-1	261	9.711E-68	3	16172	16763	1333	112	0.820	7.427E-26	72	136	226	-16763	-16569	195	16805	16527
436769733	-1	261	9.711E-68	3	16172	16763	1335	59	0.801	2.454E-08	137	170	226	-16504	-16403	102	16504	16397
436769733	-1	261	9.711E-68	3	16172	16763	1338	91	0.761	4.270E-19	168	224	226	-16342	-16172	171	16351	16169
436854187	-1	247	1.591E-63	3	16172	16763	1333	105	0.773	2.222E-23	74	138	247	-16763	-16569	195	16805	16527
436854187	-1	247	1.591E-63	3	16172	16763	1335	53	0.755	1.554E-06	140	172	247	-16501	-16403	99	16504	16397
436854187	-1	247	1.591E-63	3	16172	16763	1338	89	0.761	1.521E-18	171	226	247	-16339	-16172	168	16351	16169
436912441	-1	248	7.956E-64	3	16172	16763	1333	107	0.784	6.259E-24	76	140	243	-16763	-16569	195	16805	16527
436912441	-1	248	7.956E-64	3	16172	16763	1335	53	0.745	2.943E-06	142	174	243	-16501	-16403	99	16504	16397
436912441	-1	248	7.956E-64	3	16172	16763	1338	88	0.752	3.943E-18	173	228	243	-16339	-16172	168	16351	16169
437022003	-1	319	3.369E-85	1	34993	35775	902	319	0.621	4.567E-94	9	269	513	-35775	-34993	783	35817	34987
437047368	-1	344	1.004E-92	1	34993	35769	902	344	0.665	1.535E-102	13	271	490	-35769	-34993	777	35817	34987
437049711	-1	644	4.929E-183	2	34288	35775	902	344	0.661	1.535E-102	11	271	489	-35775	-34993	783	35817	34987
437049711	-1	644	4.929E-183	2	34288	35775	915	299	0.694	6.849E-88	272	485	489	-34929	-34288	642	34983	34279
437079844	-1	334	1.028E-89	1	34993	35775	902	334	0.645	2.929E-99	9	269	340	-35775	-34993	783	35817	34987
437086188	-1	257	1.554E-66	2	32075	33065	949	41	0.960	6.385E-02	0	18	355	-33065	-33009	57	33071	32943
437086188	-1	257	1.554E-66	2	32075	33065	963	249	0.560	1.627E-70	53	281	355	-32767	-32075	693	32797	32069
437128952	-1	242	5.092E-62	1	32075	32773	963	242	0.543	6.406E-68	57	289	340	-32773	-32075	699	32797	32069
437144360	-1	319	3.369E-85	1	34993	35775	902	319	0.621	4.567E-94	20	280	499	-35775	-34993	783	35817	34987
437158810	-1	113	3.465E-23	1	10619	10912	1462	113	0.578	4.984E-26	7	105	111	-10912	-10619	294	10912	10619
437240370	-1	320	1.685E-85	1	34993	35781	902	320	0.619	1.777E-94	1	263	482	-35781	-34993	789	35817	34987
437253367	-1	605	2.710E-171	2	34294	35772	902	330	0.645	6.813E-98	17	274	493	-35772	-34999	774	35817	34987
437253367	-1	605	2.710E-171	2	34294	35772	915	275	0.644	1.508E-79	274	488	493	-34938	-34294	645	34983	34279
437264099	-1	636	1.262E-180	2	34288	35775	902	341	0.656	1.390E-101	39	299	517	-35775	-34993	783	35817	34987
437264099	-1	636	1.262E-180	2	34288	35775	915	294	0.684	3.000E-86	300	513	517	-34929	-34288	642	34983	34279
437287139	1	171	1.202E-40	1	36428	36976	819	171	0.491	5.506E-44	31	216	282	36428	36976	549	36338	36982
437360393	-1	97	2.271E-18	1	10619	10912	1462	97	0.510	1.578E-20	31	129	135	-10912	-10619	294	10912	10619
437360859	-1	104	1.774E-20	1	10619	10912	1462	104	0.538	9.946E-23	7	105	111	-10912	-10619	294	10912	10619
437360892	-1	85	9.302E-15	1	10667	10909	1462	85	0.531	2.898E-16	31	112	118	-10909	-10667	243	10912	10619
437362117	-1	104	1.774E-20	1	10619	10912	1462	104	0.539	7.247E-23	7	105	111	-10912	-10619	294	10912	10619
437362331	-1	90	2.907E-16	1	10667	10912	1462	90	0.552	4.719E-18	20	102	103	-10912	-10667	246	10912	10619
437362661	-1	106	4.435E-21	1	10619	10912	1462	106	0.550	1.084E-23	3	101	107	-10912	-10619	294	10912	10619
437362973	-1	91	1.453E-16	1	10640	10912	1462	91	0.512	2.505E-18	7	98	101	-10912	-10640	273	10912	10619
437363692	-1	89	5.813E-16	1	10625	10912	1462	89	0.484	8.891E-18	15	111	119	-10912	-10625	288	10912	10619
437432105	-1	319	3.369E-85	1	34993	35775	902	319	0.621	4.567E-94	9	269	488	-35775	-34993	783	35817	34987
437445521	-1	631	4.038E-179	2	34279	35775	902	340	0.655	2.609E-101	11	271	507	-35775	-34993	783	35817	34987
437445521	-1	631	4.038E-179	2	34279	35775	915	294	0.635	4.110E-86	276	506	507	-34980	-34279	702	34983	34279
437490865	-1	323	2.106E-86	1	34993	35775	902	323	0.627	2.690E-95	9	269	483	-35775	-34993	783	35817	34987
437492911	1	203	2.799E-50	1	36377	36979	819	203	0.531	3.525E-55	13	209	275	36377	36979	603	36338	36982
437532058	-1	176	3.757E-42	2	25880	26610	1105	83	0.645	6.805E-16	75	137	309	-26610	-26422	189	26640	26395
437532058	-1	176	3.757E-42	2	25880	26610	1112	100	0.378	2.399E-20	146	297	309	-26311	-25880	432	26329	25871
437533164	-1	323	2.106E-86	1	34993	35775	902	323	0.628	1.434E-95	9	269	494	-35775	-34993	783	35817	34987
437543565	-1	261	9.711E-68	3	16169	16760	1333	110	0.796	3.618E-25	73	138	228	-16760	-16563	198	16805	16527
437543565	-1	261	9.711E-68	3	16169	16760	1335	61	0.854	3.624E-09	138	170	228	-16501	-16403	99	16504	16397
437543565	-1	261	9.711E-68	3	16169	16760	1338	91	0.764	3.109E-19	169	225	228	-16339	-16169	171	16351	16169
439291183	-1	311	8.625E-83	2	31878	32797	963	259	0.558	8.560E-74	43	281	336	-32797	-32075	723	32797	32069
439291183	-1	311	8.625E-83	2	31878	32797	967	51	0.535	2.635E-05	283	329	336	-32018	-31878	141	32018	31878
440521747	-1	283	2.315E-74	3	16172	16760	1333	114	0.842	2.093E-26	84	147	237	-16760	-16569	192	16805	16527
440521747	-1	283	2.315E-74	3	16172	16760	1335	62	0.841	1.916E-09	148	181	237	-16504	-16403	102	16504	16397
440521747	-1	283	2.315E-74	3	16172	16760	1338	108	0.885	6.952E-25	179	235	237	-16342	-16172	171	16351	16169
440523036	-1	54	1.998E-05	1	25880	26305	1112	54	0.262	9.740E-05	129	259	262	-26305	-25880	426	26329	25871
440698147	-1	243	2.546E-62	1	32075	32797	963	243	0.531	1.821E-68	46	284	340	-32797	-32075	723	32797	32069
441483378	-1	261	9.711E-68	1	32072	32767	963	261	0.580	1.296E-74	54	283	338	-32767	-32072	696	32797	32069
442631974	1	228	8.342E-58	2	36377	37193	819	183	0.490	4.445E-48	18	217	278	36377	36976	600	36338	36982
442631974	1	228	8.342E-58	2	36377	37193	824	44	0.445	1.621E-02	219	265	278	37041	37193	153	37023	37223
442632105	-1	244	1.273E-62	1	32075	32797	963	244	0.533	7.089E-69	16	254	332	-32797	-32075	723	32797	32069
442659783	1	150	2.521E-34	3	30841	31602	696	79	0.621	6.058E-15	34	95	266	30841	31029	189	30826	31029
442659783	1	150	2.521E-34	3	30841	31602	699	79	0.670	1.940E-14	84	140	266	31045	31215	171	31039	31275
442659783	1	150	2.521E-34	3	30841	31602	706	41	0.379	1.478E+00	180	238	266	31426	31602	177	31285	31680
442741212	1	175	7.514E-42	1	36377	36976	819	175	0.472	3.260E-45	31	230	291	36377	36976	600	36338	36982
442761606	1	179	4.696E-43	1	36377	36976	819	179	0.481	1.409E-46	18	217	278	36377	36976	600	36338	36982
442783993	1	177	1.878E-42	1	36377	36979	819	177	0.474	4.951E-46	25	226	286	36377	36979	603	36338	36982
442808003	-1	249	3.978E-64	1	32075	32797	963	249	0.541	2.229E-70	43	281	336	-32797	-32075	723	32797	32069
442841116	1	170	2.404E-40	3	30577	31215	686	41	0.776	3.260E-02	3	26	233	30577	30648	72	30556	30648
442841116	1	170	2.404E-40	3	30577	31215	696	74	0.712	3.772E-13	52	101	233	30841	30990	150	30826	31029
442841116	1	170	2.404E-40	3	30577	31215	699	78	0.661	5.029E-14	102	158	233	31045	31215	171	31039	31275
442846344	1	167	1.924E-39	1	36377	36982	819	167	0.450	1.272E-42	0	203	208	36377	36982	606	36338	36982
442871299	-1	242	5.092E-62	1	32075	32797	963	242	0.528	6.406E-68	43	281	336	-32797	-32075	723	32797	32069
442895452	1	178	9.392E-43	1	36377	36976	819	178	0.480	1.929E-46	18	217	278	36377	36976	600	36338	36982
442897011	-1	244	1.273E-62	1	32075	32797	963	244	0.532	1.330E-68	43	281	336	-32797	-32075	723	32797	32069
442919858	1	162	6.155E-38	1	36377	36979	819	162	0.441	7.524E-41	17	219	283	36377	36979	603	36338	36982
442948017	1	155	7.879E-36	2	30841	31215	696	76	0.725	1.058E-13	25	74	206	30841	30990	150	30826	31029
442948017	1	155	7.879E-36	2	30841	31215	699	78	0.661	5.029E-14	75	131	206	31045	31215	171	31039	31275
442964142	1	192	5.733E-47	1	36377	36976	819	192	0.509	3.221E-51	28	227	288	36377	36976	600	36338	36982
443147828	-1	159	4.924E-37	2	25889	26610	1105	84	0.650	3.607E-16	42	104	263	-26610	-26422	189	26640	26395
443147828	-1	159	4.924E-37	2	25889	26610	1112	82	0.345	2.394E-14	113	254	263	-26311	-25889	423	26329	25871
443290485	-1	291	9.044E-77	2	32075	32939	953	44	0.642	1.015E-01	21	52	351	-32939	-32844	96	32939	32625
443290485	-1	291	9.044E-77	2	32075	32939	963	254	0.549	5.113E-72	45	283	351	-32797	-32075	723	32797	32069
443985062	-1	632	2.019E-179	2	34282	35775	902	339	0.654	4.896E-101	11	271	489	-35775	-34993	783	35817	34987
443985062	-1	632	2.019E-179	2	34282	35775	915	295	0.672	2.189E-86	269	487	489	-34938	-34282	657	34983	34279
444434609	1	176	3.757E-42	1	36377	36979	819	176	0.473	1.271E-45	20	220	284	36377	36979	603	36338	36982
444574879	-1	250	1.989E-64	1	32075	32797	963	250	0.542	1.188E-70	43	281	336	-32797	-32075	723	32797	32069
444788907	-1	173	3.006E-41	2	25889	26613	1105	83	0.569	9.346E-16	58	130	273	-26613	-26395	219	26640	26395
444788907	-1	173	3.006E-41	2	25889	26613	1112	90	0.367	6.179E-17	130	271	273	-26311	-25889	423	26329	25871
444811420	-1	68	1.219E-09	1	25880	26317	1112	68	0.286	1.357E-09	129	285	292	-26317	-25880	438	26329	25871
444993529	-1	245	6.364E-63	1	32075	32797	963	245	0.535	3.779E-69	43	281	336	-32797	-32075	723	32797	32069
445018426	-1	289	3.618E-76	2	32075	32939	953	42	0.616	4.892E-01	21	52	349	-32939	-32844	96	32939	32625
445018426	-1	289	3.618E-76	2	32075	32939	963	254	0.549	5.113E-72	45	283	349	-32797	-32075	723	32797	32069
445309776	1	245	6.364E-63	2	36353	37193	819	198	0.503	3.946E-53	8	211	277	36353	36979	627	36338	36982
445309776	1	245	6.364E-63	2	36353	37193	824	46	0.455	3.282E-03	213	264	277	37044	37193	150	37023	37223
445672229	-1	51	1.598E-04	1	25895	26305	1112	51	0.259	8.442E-04	129	254	261	-26305	-25895	411	26329	25871
446647007	-1	274	1.185E-71	2	32075	33065	949	40	0.942	1.213E-01	0	18	336	-33065	-33009	57	33071	32943
446647007	-1	274	1.185E-71	2	32075	33065	963	257	0.555	3.013E-73	43	281	336	-32797	-32075	723	32797	32069
447316248	-1	248	7.956E-64	1	32075	32797	963	248	0.540	3.052E-70	43	281	336	-32797	-32075	723	32797	32069
447345468	1	186	3.669E-45	1	36377	36979	819	186	0.492	4.925E-49	36	237	303	36377	36979	603	36338	36982
448353690	1	246	3.182E-63	2	36377	37193	819	199	0.520	1.122E-53	42	238	297	36377	36982	606	36338	36982
448353690	1	246	3.182E-63	2	36377	37193	824	46	0.465	4.517E-03	239	284	297	37044	37193	150	37023	37223
448494054	-1	638	3.155E-181	2	34279	35790	902	340	0.644	3.574E-101	6	271	489	-35790	-34993	798	35817	34987
448494054	-1	638	3.155E-181	2	34279	35790	915	300	0.679	3.648E-88	269	488	489	-34938	-34279	660	34983	34279
448590687	-1	68	1.219E-09	1	25880	26305	1112	68	0.301	1.854E-09	132	274	282	-26305	-25880	426	26329	25871
448609579	-1	636	1.262E-180	2	34279	35775	902	333	0.644	7.528E-99	9	269	487	-35775	-34993	783	35817	34987
448609579	-1	636	1.262E-180	2	34279	35775	915	303	0.691	2.935E-89	269	486	487	-34932	-34279	654	34983	34279
448612306	-1	325	5.265E-87	2	31884	32797	963	262	0.563	6.907E-75	48	286	340	-32797	-32075	723	32797	32069
448612306	-1	325	5.265E-87	2	31884	32797	967	62	0.663	2.519E-09	288	332	340	-32018	-31884	135	32018	31878
448717440	-1	252	4.972E-65	1	32075	32797	963	252	0.546	1.800E-71	36	274	329	-32797	-32075	723	32797	32069
448906720	1	177	1.878E-42	1	36377	36979	819	177	0.474	4.951E-46	25	226	286	36377	36979	603	36338	36982
449302551	-1	317	1.348E-84	1	34993	35775	902	317	0.617	3.016E-93	9	269	489	-35775	-34993	783	35817	34987
449314174	-1	52	7.990E-05	1	25880	26305	1112	52	0.255	6.204E-04	129	259	261	-26305	-25880	426	26329	25871
449352915	-1	249	3.978E-64	1	32075	32797	963	249	0.541	1.627E-70	66	304	396	-32797	-32075	723	32797	32069
449499067	1	193	2.866E-47	1	36377	36979	819	193	0.509	1.718E-51	35	231	297	36377	36979	603	36338	36982
450143984	-1	611	4.234E-173	2	34291	35775	902	336	0.649	4.432E-100	11	271	489	-35775	-34993	783	35817	34987
450143984	-1	611	4.234E-173	2	34291	35775	915	274	0.646	3.878E-79	272	484	489	-34929	-34291	639	34983	34279
450704038	1	183	2.935E-44	1	36377	36979	819	183	0.485	6.086E-48	18	219	267	36377	36979	603	36338	36982
451194386	-1	255	6.215E-66	3	16169	16760	1333	106	0.789	1.179E-23	74	137	232	-16760	-16569	192	16805	16527
451194386	-1	255	6.215E-66	3	16169	16760	1335	57	0.786	6.389E-08	138	171	232	-16504	-16403	102	16504	16397
451194386	-1	255	6.215E-66	3	16169	16760	1338	92	0.767	2.263E-19	170	226	232	-16339	-16169	171	16351	16169
451218298	-1	170	2.404E-40	2	16172	16760	1333	104	0.789	4.187E-23	73	135	232	-16760	-16572	189	16805	16527
451218298	-1	170	2.404E-40	2	16172	16760	1338	92	0.734	2.263E-19	163	222	232	-16351	-16172	180	16351	16169
451248408	-1	250	1.989E-64	3	16172	16760	1333	109	0.808	1.284E-24	75	138	238	-16760	-16569	192	16805	16527
451248408	-1	250	1.989E-64	3	16172	16760	1335	53	0.755	1.554E-06	140	172	238	-16501	-16403	99	16504	16397
451248408	-1	250	1.989E-64	3	16172	16760	1338	88	0.752	3.943E-18	171	226	238	-16339	-16172	168	16351	16169
451262557	-1	183	2.935E-44	2	16172	16760	1333	109	0.743	6.817E-25	73	141	232	-16760	-16548	213	16805	16527
451262557	-1	183	2.935E-44	2	16172	16760	1338	94	0.754	2.452E-20	163	222	232	-16351	-16172	180	16351	16169
451328049	-1	165	7.694E-39	2	16172	16760	1333	105	0.781	3.050E-23	77	140	236	-16760	-16569	192	16805	16527
451328049	-1	165	7.694E-39	2	16172	16760	1338	91	0.770	5.866E-19	173	228	236	-16339	-16172	168	16351	16169
451445978	-1	250	1.989E-64	3	16169	16763	1333	105	0.773	2.222E-23	75	139	256	-16763	-16569	195	16805	16527
451445978	-1	250	1.989E-64	3	16169	16763	1335	55	0.761	3.150E-07	140	173	256	-16504	-16403	102	16504	16397
451445978	-1	250	1.989E-64	3	16169	16763	1338	90	0.755	8.058E-19	172	228	256	-16339	-16169	171	16351	16169
451557853	-1	624	5.169E-177	2	34291	35805	902	334	0.623	2.138E-99	2	274	489	-35805	-34987	819	35817	34987
451557853	-1	624	5.169E-177	2	34291	35805	915	291	0.680	5.106E-85	273	485	489	-34929	-34291	639	34983	34279
451575052	-1	266	3.035E-69	3	16169	16760	1333	109	0.813	6.817E-25	69	132	225	-16760	-16569	192	16805	16527
451575052	-1	266	3.035E-69	3	16169	16760	1335	61	0.848	4.984E-09	134	166	225	-16501	-16403	99	16504	16397
451575052	-1	266	3.035E-69	3	16169	16760	1338	96	0.800	6.889E-21	165	221	225	-16339	-16169	171	16351	16169
451588804	-1	626	1.292E-177	2	34282	35775	902	337	0.651	2.362E-100	10	270	487	-35775	-34993	783	35817	34987
451588804	-1	626	1.292E-177	2	34282	35775	915	288	0.667	4.629E-84	271	486	487	-34929	-34282	648	34983	34279
451596645	-1	620	8.270E-176	2	34288	35775	902	346	0.665	2.323E-103	26	286	504	-35775	-34993	783	35817	34987
451596645	-1	620	8.270E-176	2	34288	35775	915	274	0.643	2.066E-79	286	500	504	-34932	-34288	645	34983	34279
451607066	-1	189	4.586E-46	2	25880	26610	1105	91	0.661	1.641E-18	83	149	307	-26610	-26410	201	26640	26395
451607066	-1	189	4.586E-46	2	25880	26610	1112	101	0.390	9.342E-21	154	300	307	-26311	-25880	432	26329	25871
451607426	-1	329	3.290E-88	1	34993	35772	902	329	0.639	2.399E-97	13	272	492	-35772	-34993	780	35817	34987
451678109	1	125	8.460E-27	2	35000	35329	783	87	0.569	4.332E-17	23	99	133	35000	35230	231	34958	35230
451678109	1	125	8.460E-27	2	35000	35329	786	42	0.702	2.428E-02	105	132	133	35246	35329	84	35234	35380
451694926	-1	306	2.760E-81	2	31881	32797	963	242	0.528	6.406E-68	45	283	428	-32797	-32075	723	32797	32069
451694926	-1	306	2.760E-81	2	31881	32797	967	63	0.662	9.682E-10	285	330	428	-32018	-31881	138	32018	31878
451699881	-1	160	2.462E-37	2	25913	26610	1105	76	0.538	1.500E-13	112	183	337	-26610	-26395	216	26640	26395
451699881	-1	160	2.462E-37	2	25913	26610	1112	83	0.363	1.279E-14	185	317	337	-26305	-25913	393	26329	25871
451760253	-1	634	5.048E-180	2	34282	35775	902	336	0.649	4.432E-100	9	269	487	-35775	-34993	783	35817	34987
451760253	-1	634	5.048E-180	2	34282	35775	915	301	0.682	1.035E-88	266	485	487	-34941	-34282	660	34983	34279
451762335	-1	67	2.438E-09	1	10916	11137	1456	67	0.469	2.551E-10	0	74	114	-11137	-10916	222	11170	10916
451766719	-1	630	8.076E-179	2	34291	35805	902	335	0.624	1.139E-99	0	272	487	-35805	-34987	819	35817	34987
451766719	-1	630	8.076E-179	2	34291	35805	915	296	0.691	6.211E-87	271	483	487	-34929	-34291	639	34983	34279
451799458	-1	622	2.068E-176	2	34288	35775	902	346	0.665	2.323E-103	26	286	504	-35775	-34993	783	35817	34987
451799458	-1	622	2.068E-176	2	34288	35775	915	276	0.645	8.034E-80	286	500	504	-34932	-34288	645	34983	34279
451802047	-1	143	3.227E-32	2	25895	26610	1105	75	0.600	3.887E-13	72	133	292	-26610	-26425	186	26640	26395
451802047	-1	143	3.227E-32	2	25895	26610	1112	76	0.332	2.624E-12	143	281	292	-26311	-25895	417	26329	25871
451868491	-1	49	6.392E-04	1	12191	12415	1433	49	0.364	7.090E-03	32	106	114	-12415	-12191	225	12529	12074
451869999	-1	159	4.924E-37	4	16172	17714	1304	34	0.678	8.124E+00	4	26	219	-17714	-17646	69	17726	17631
451869999	-1	159	4.924E-37	4	16172	17714	1325	41	0.499	5.434E-02	28	68	219	-16949	-16827	123	16952	16815
451869999	-1	159	4.924E-37	4	16172	17714	1335	53	0.750	2.138E-06	131	163	219	-16501	-16403	99	16504	16397
451869999	-1	159	4.924E-37	4	16172	17714	1338	92	0.767	2.263E-19	161	217	219	-16342	-16172	171	16351	16169
451902103	-1	77	2.381E-12	1	10637	10912	1462	77	0.448	1.635E-13	7	84	85	-10912	-10637	276	10912	10619
451902167	-1	84	1.860E-14	1	10688	10912	1462	84	0.560	5.461E-16	31	106	114	-10912	-10688	225	10912	10619
451902623	-1	102	7.097E-20	1	10619	10912	1462	102	0.537	2.572E-22	20	117	123	-10912	-10619	294	10912	10619
451902995	-1	96	4.542E-18	1	10619	10912	1462	96	0.505	4.080E-20	31	129	135	-10912	-10619	294	10912	10619
451904053	-1	92	7.267E-17	1	10619	10912	1462	92	0.464	9.685E-19	31	136	142	-10912	-10619	294	10912	10619
451904201	-1	96	4.542E-18	1	10619	10912	1462	96	0.507	2.973E-20	20	118	124	-10912	-10619	294	10912	10619
451905255	-1	91	1.453E-16	1	10619	10912	1462	91	0.484	2.505E-18	20	118	144	-10912	-10619	294	10912	10619
451905303	-1	100	2.839E-19	1	10619	10912	1462	100	0.523	1.719E-21	45	143	149	-10912	-10619	294	10912	10619
451905400	-1	98	1.135E-18	1	10619	10912	1462	98	0.516	6.102E-21	7	105	111	-10912	-10619	294	10912	10619
451905428	-1	82	7.441E-14	1	10649	10912	1462	82	0.482	3.653E-15	31	119	130	-10912	-10649	264	10912	10619
451946788	-1	79	5.953E-13	1	12119	12478	1433	79	0.375	3.875E-13	111	229	231	-12478	-12119	360	12529	12074
451951731	-1	58	1.248E-06	1	10916	11098	1456	58	0.477	3.792E-07	11	73	100	-11098	-10916	183	11170	10916
451960217	-1	637	6.310E-181	2	34279	35775	902	339	0.653	6.706E-101	11	271	489	-35775	-34993	783	35817	34987
451960217	-1	637	6.310E-181	2	34279	35775	915	300	0.679	3.648E-88	269	488	489	-34938	-34279	660	34983	34279
451963394	-1	642	1.972E-182	2	34282	35775	902	343	0.659	2.881E-102	11	271	489	-35775	-34993	783	35817	34987
451963394	-1	642	1.972E-182	2	34282	35775	915	301	0.683	1.943E-88	269	487	489	-34938	-34282	657	34983	34279
452003166	-1	636	1.262E-180	2	34279	35772	902	333	0.650	5.495E-99	111	368	588	-35772	-34999	774	35817	34987
452003166	-1	636	1.262E-180	2	34279	35772	915	302	0.689	5.512E-89	370	587	588	-34932	-34279	654	34983	34279
452003221	-1	282	4.631E-74	2	32075	32939	953	41	0.627	6.698E-01	23	53	345	-32939	-32847	93	32939	32625
452003221	-1	282	4.631E-74	2	32075	32939	963	243	0.537	2.494E-68	51	285	345	-32785	-32075	711	32797	32069
452028776	-1	142	6.454E-32	2	25919	26607	1105	68	0.561	8.590E-11	79	139	307	-26607	-26425	183	26640	26395
452028776	-1	142	6.454E-32	2	25919	26607	1112	84	0.358	6.833E-15	151	287	307	-26305	-25919	387	26329	25871
452039062	-1	623	1.034E-176	2	34288	35775	902	346	0.665	2.323E-103	11	271	489	-35775	-34993	783	35817	34987
452039062	-1	623	1.034E-176	2	34288	35775	915	277	0.648	3.124E-80	271	485	489	-34932	-34288	645	34983	34279
452045665	-1	137	2.065E-30	2	25874	26613	1105	72	0.552	3.588E-12	81	146	301	-26613	-26416	198	26640	26395
452045665	-1	137	2.065E-30	2	25874	26613	1112	68	0.297	1.357E-09	151	297	301	-26311	-25874	438	26329	25871
452140463	1	177	1.878E-42	1	36377	36976	819	177	0.476	6.778E-46	36	234	289	36377	36976	600	36338	36982
456148900	-1	245	6.364E-63	1	32075	32770	963	245	0.550	5.176E-69	67	296	360	-32770	-32075	696	32797	32069
456211067	-1	313	2.156E-83	2	31881	32758	963	252	0.571	1.800E-71	55	280	328	-32758	-32075	684	32797	32069
456211067	-1	313	2.156E-83	2	31881	32758	967	60	0.629	1.706E-08	282	327	328	-32018	-31881	138	32018	31878
456288138	-1	254	1.243E-65	1	32075	32797	963	254	0.549	5.113E-72	45	283	360	-32797	-32075	723	32797	32069
457004478	-1	51	1.598E-04	1	25910	26305	1112	51	0.263	1.149E-03	130	250	264	-26305	-25910	396	26329	25871
457267485	1	162	6.155E-38	3	30841	31602	696	75	0.715	2.745E-13	55	104	287	30841	30990	150	30826	31029
457267485	1	162	6.155E-38	3	30841	31602	699	84	0.711	2.279E-16	105	161	287	31045	31215	171	31039	31275
457267485	1	162	6.155E-38	3	30841	31602	706	40	0.373	2.737E+00	201	259	287	31426	31602	177	31285	31680
457271971	1	92	7.267E-17	2	30577	30990	686	41	0.783	2.366E-02	3	26	147	30577	30648	72	30556	30648
457271971	1	92	7.267E-17	2	30577	30990	696	75	0.719	1.998E-13	52	101	147	30841	30990	150	30826	31029
457298072	1	175	7.514E-42	3	30841	31599	696	76	0.637	1.454E-13	40	97	272	30841	31014	174	30826	31029
457298072	1	175	7.514E-42	3	30841	31599	699	78	0.664	3.661E-14	90	146	272	31045	31215	171	31039	31275
457298072	1	175	7.514E-42	3	30841	31599	706	41	0.299	2.012E+00	161	243	272	31354	31599	246	31285	31680
457312137	1	53	3.995E-05	2	30841	31599	696	77	0.645	5.602E-14	35	92	267	30841	31014	174	30826	31029
457312137	1	53	3.995E-05	2	30841	31599	706	38	0.283	2.352E+01	156	238	267	31354	31599	246	31285	31680
457511418	1	184	1.468E-44	1	36374	36979	819	184	0.487	1.731E-48	55	257	317	36374	36979	606	36338	36982
457749216	-1	147	2.017E-33	2	25880	26598	1105	73	0.616	2.612E-12	75	132	288	-26598	-26425	174	26640	26395
457749216	-1	147	2.017E-33	2	25880	26598	1112	79	0.332	2.934E-13	139	282	288	-26311	-25880	432	26329	25871
457895459	-1	283	2.315E-74	2	32075	32939	953	42	0.616	4.892E-01	21	52	338	-32939	-32844	96	32939	32625
457895459	-1	283	2.315E-74	2	32075	32939	963	248	0.539	5.726E-70	45	283	338	-32797	-32075	723	32797	32069
458020283	1	175	7.514E-42	1	36377	36979	819	175	0.470	3.260E-45	19	217	280	36377	36979	603	36338	36982
458239484	1	199	4.479E-49	1	36377	36982	819	199	0.520	1.122E-53	13	210	274	36377	36982	606	36338	36982
458291072	1	177	1.878E-42	1	36362	36976	819	177	0.469	3.616E-46	29	232	301	36362	36976	615	36338	36982
458584660	-1	635	2.524E-180	2	34279	35775	902	342	0.659	3.947E-102	11	271	489	-35775	-34993	783	35817	34987
458584660	-1	635	2.524E-180	2	34279	35775	915	293	0.671	1.057E-85	271	488	489	-34932	-34279	654	34983	34279
458696328	-1	180	2.348E-43	2	25880	26610	1105	83	0.648	4.954E-16	154	216	380	-26610	-26422	189	26640	26395
458696328	-1	180	2.348E-43	2	25880	26610	1112	104	0.398	1.034E-21	225	371	380	-26311	-25880	432	26329	25871
458923326	-1	241	1.018E-61	1	32075	32797	963	241	0.526	1.646E-67	44	282	337	-32797	-32075	723	32797	32069
459116554	1	188	9.172E-46	1	36377	36976	819	188	0.501	7.470E-50	16	215	276	36377	36976	600	36338	36982
459238647	1	90	2.907E-16	2	30841	31605	696	74	0.708	5.184E-13	52	101	259	30841	30990	150	30826	31029
459238647	1	90	2.907E-16	2	30841	31605	706	53	0.348	1.334E-04	140	227	259	31342	31605	264	31285	31680
459318390	1	174	1.503E-41	1	36377	36979	819	174	0.468	4.463E-45	37	238	304	36377	36979	603	36338	36982
459664738	1	230	2.085E-58	2	36377	37193	819	190	0.500	2.124E-50	17	218	284	36377	36979	603	36338	36982
459664738	1	230	2.085E-58	2	36377	37193	824	39	0.394	7.518E-01	219	271	284	37041	37193	153	37023	37223
459792994	1	231	1.043E-58	2	36377	37193	819	198	0.516	3.946E-53	33	234	299	36377	36982	606	36338	36982
459792994	1	231	1.043E-58	2	36377	37193	824	35	0.383	1.847E+01	238	286	299	37053	37193	141	37023	37223
460418026	-1	257	1.554E-66	1	32075	32797	963	257	0.555	4.127E-73	94	332	393	-32797	-32075	723	32797	32069
460446291	-1	262	4.856E-68	1	32075	32770	963	262	0.581	6.907E-75	53	282	337	-32770	-32075	696	32797	32069
460517432	-1	337	1.285E-90	1	34993	35775	902	337	0.650	3.235E-100	11	271	474	-35775	-34993	783	35817	34987
460639861	-1	254	1.243E-65	1	32075	32785	963	254	0.556	5.113E-72	47	281	336	-32785	-32075	711	32797	32069
461081319	-1	636	1.262E-180	2	34279	35775	902	342	0.659	3.947E-102	11	271	489	-35775	-34993	783	35817	34987
461081319	-1	636	1.262E-180	2	34279	35775	915	293	0.674	7.717E-86	272	488	489	-34929	-34279	651	34983	34279
461748414	-1	329	3.290E-88	1	34993	35775	902	329	0.637	2.399E-97	9	269	488	-35775	-34993	783	35817	34987
461845576	-1	608	3.387E-172	2	34279	35805	902	323	0.606	1.434E-95	31	303	519	-35805	-34987	819	35817	34987
461845576	-1	608	3.387E-172	2	34279	35805	915	286	0.659	3.063E-83	302	518	519	-34929	-34279	651	34983	34279
461866334	-1	287	1.447E-75	2	32075	32939	953	42	0.616	4.892E-01	19	50	336	-32939	-32844	96	32939	32625
461866334	-1	287	1.447E-75	2	32075	32939	963	252	0.546	1.800E-71	43	281	336	-32797	-32075	723	32797	32069
461874732	1	231	1.043E-58	2	36428	37193	819	181	0.516	2.139E-47	33	216	281	36428	36982	555	36338	36982
461874732	1	231	1.043E-58	2	36428	37193	824	49	0.484	1.855E-04	217	268	281	37044	37193	150	37023	37223
462397650	1	164	1.539E-38	1	36377	36979	819	164	0.445	1.567E-41	18	220	284	36377	36979	603	36338	36982
462506578	-1	639	1.577E-181	2	34279	35775	902	346	0.664	3.182E-103	11	271	490	-35775	-34993	783	35817	34987
462506578	-1	639	1.577E-181	2	34279	35775	915	292	0.673	1.449E-85	272	488	490	-34929	-34279	651	34983	34279
462515552	-1	262	4.856E-68	1	32075	32797	963	262	0.563	6.907E-75	43	281	303	-32797	-32075	723	32797	32069
462549045	1	213	2.733E-53	1	36377	36982	819	213	0.546	1.853E-58	14	216	314	36377	36982	606	36338	36982
462630367	1	179	4.696E-43	1	36377	36979	819	179	0.479	7.517E-47	52	253	313	36377	36979	603	36338	36982
462725941	-1	308	6.900E-82	2	31881	32797	963	246	0.536	2.015E-69	43	281	335	-32797	-32075	723	32797	32069
462725941	-1	308	6.900E-82	2	31881	32797	967	61	0.640	6.554E-09	283	328	335	-32018	-31881	138	32018	31878
462820554	1	223	2.669E-56	2	36377	37193	819	185	0.490	9.234E-49	17	218	284	36377	36979	603	36338	36982
462820554	1	223	2.669E-56	2	36377	37193	824	37	0.378	3.724E+00	219	271	284	37041	37193	153	37023	37223
462871136	-1	296	2.826E-78	2	31881	32797	963	244	0.533	7.089E-69	48	286	345	-32797	-32075	723	32797	32069
462871136	-1	296	2.826E-78	2	31881	32797	967	51	0.548	1.914E-05	288	333	345	-32018	-31881	138	32018	31878
463403182	1	190	2.293E-46	1	36425	36979	819	190	0.537	1.551E-50	31	214	279	36425	36979	555	36338	36982
463432187	-1	316	2.695E-84	2	31881	32767	963	251	0.564	3.376E-71	56	284	365	-32767	-32075	693	32797	32069
463432187	-1	316	2.695E-84	2	31881	32767	967	64	0.657	5.119E-10	286	332	365	-32018	-31881	138	32018	31878
463489861	1	253	2.486E-65	2	36365	37196	819	199	0.510	1.122E-53	1	207	274	36365	36976	612	36338	36982
463489861	1	253	2.486E-65	2	36365	37196	824	53	0.494	7.637E-06	208	262	274	37038	37196	159	37023	37223
463723711	-1	51	1.598E-04	1	25895	26305	1112	51	0.259	8.442E-04	129	254	261	-26305	-25895	411	26329	25871
464776770	-1	59	6.242E-07	1	10916	11101	1456	59	0.486	2.760E-07	4	60	123	-11101	-10916	186	11170	10916
465078902	-1	265	6.070E-69	2	32075	33065	949	40	0.942	1.213E-01	0	18	336	-33065	-33009	57	33071	32943
465078902	-1	265	6.070E-69	2	32075	33065	963	248	0.539	4.181E-70	43	281	336	-32797	-32075	723	32797	32069
 