222085	1	253	2.486E-65	4	20300	23998	461	98	0.824	2.489E-21	73	128	226	20300	20467	168	20294	20491
222085	1	253	2.486E-65	4	20300	23998	532	55	0.781	3.715E-07	135	167	226	23575	23673	99	23560	23676
222085	1	253	2.486E-65	4	20300	23998	536	35	0.675	7.100E+00	166	189	226	23754	23825	72	23724	23864
222085	1	253	2.486E-65	4	20300	23998	538	69	0.885	2.183E-11	190	225	226	23891	23998	108	23819	23998
234171	1	237	1.629E-60	4	20116	23995	457	46	0.597	3.437E-03	35	71	231	20116	20226	111	20113	20316
234171	1	237	1.629E-60	4	20116	23995	461	98	0.824	2.489E-21	73	128	231	20300	20467	168	20294	20491
234171	1	237	1.629E-60	4	20116	23995	532	58	0.817	3.981E-08	135	167	231	23575	23673	99	23560	23676
234171	1	237	1.629E-60	4	20116	23995	538	59	0.781	8.622E-08	190	224	231	23891	23995	105	23819	23998
234607	-1	182	5.870E-44	1	35168	36115	1160	182	0.350	2.324E-45	295	562	566	-36115	-35168	948	36214	35117
272375	-1	290	1.809E-76	2	35357	36902	1141	148	0.424	4.236E-36	104	297	577	-36902	-36318	585	36905	36264
272375	-1	290	1.809E-76	2	35357	36902	1160	152	0.330	3.262E-35	287	572	577	-36214	-35357	858	36214	35117
273585	-1	120	2.707E-25	1	35180	36085	1160	120	0.274	1.549E-24	242	543	551	-36085	-35180	906	36214	35117
274070	-1	78	1.191E-12	1	36522	36872	1141	78	0.381	3.463E-12	18	134	143	-36872	-36522	351	36905	36264
408774	-1	180	2.348E-43	2	35156	36893	1141	92	0.313	7.197E-17	58	237	630	-36893	-36339	555	36905	36264
408774	-1	180	2.348E-43	2	35156	36893	1160	139	0.284	4.176E-31	290	622	630	-36085	-35156	930	36214	35117
457876	1	200	2.239E-49	3	20116	23673	457	47	0.610	1.319E-03	38	74	234	20116	20226	111	20113	20316
457876	1	200	2.239E-49	3	20116	23673	461	96	0.815	6.450E-21	76	131	234	20300	20467	168	20294	20491
457876	1	200	2.239E-49	3	20116	23673	532	61	0.854	4.271E-09	138	170	234	23575	23673	99	23560	23676
501168	1	243	2.546E-62	4	20300	23998	461	98	0.824	2.489E-21	75	130	238	20300	20467	168	20294	20491
501168	1	243	2.546E-62	4	20300	23998	532	53	0.755	1.833E-06	137	169	238	23575	23673	99	23560	23676
501168	1	243	2.546E-62	4	20300	23998	536	35	0.675	7.100E+00	168	191	238	23754	23825	72	23724	23864
501168	1	243	2.546E-62	4	20300	23998	538	61	0.790	1.274E-08	192	227	238	23891	23998	108	23819	23998
504146	-1	125	8.460E-27	1	35174	35818	1160	125	0.342	3.088E-26	0	221	225	-35818	-35174	645	36214	35117
559690	-1	68	1.219E-09	1	35171	35419	1160	68	0.437	1.028E-07	9	90	102	-35419	-35171	249	36214	35117
704314	1	296	2.826E-78	5	20113	23998	457	47	0.606	1.815E-03	34	70	225	20113	20223	111	20113	20316
704314	1	296	2.826E-78	5	20113	23998	461	98	0.824	2.489E-21	72	127	225	20300	20467	168	20294	20491
704314	1	296	2.826E-78	5	20113	23998	532	53	0.750	2.523E-06	134	166	225	23575	23673	99	23560	23676
704314	1	296	2.826E-78	5	20113	23998	536	34	0.726	2.576E+01	168	188	225	23763	23825	63	23724	23864
704314	1	296	2.826E-78	5	20113	23998	538	64	0.823	1.370E-09	189	224	225	23891	23998	108	23819	23998
821816	1	96	4.542E-18	1	24718	24960	565	96	0.592	8.378E-18	12	92	93	24718	24960	243	24685	25392
936173	1	246	3.182E-63	3	19329	24945	444	86	0.581	2.713E-16	37	110	291	19329	19550	222	19248	19580
936173	1	246	3.182E-63	3	19329	24945	452	89	0.576	1.502E-16	121	198	291	19652	19885	234	19559	20065
936173	1	246	3.182E-63	3	19329	24945	565	91	0.597	3.348E-16	211	286	291	24718	24945	228	24685	25392
1051057	1	112	6.930E-23	1	2707	3129	67	112	0.434	6.146E-24	22	163	181	2707	3129	423	2536	3138
1136480	-1	81	1.488E-13	1	35732	36085	1160	81	0.388	5.860E-12	16	133	148	-36085	-35732	354	36214	35117
1605392	-1	100	2.839E-19	1	35162	36127	1160	100	0.231	3.454E-18	242	584	612	-36127	-35162	966	36214	35117
1646341	-1	80	2.977E-13	1	35177	36121	1160	80	0.213	1.045E-11	216	535	574	-36121	-35177	945	36214	35117
1913518	-1	99	5.677E-19	1	36321	36851	1141	99	0.339	2.729E-19	2	178	263	-36851	-36321	531	36905	36264
1963307	1	80	2.977E-13	1	2698	3111	67	80	0.344	7.134E-13	20	157	162	2698	3111	414	2536	3138
5068605	1	255	6.215E-66	3	24934	25802	565	115	0.488	2.214E-24	188	312	470	24934	25302	369	24685	25392
5068605	1	255	6.215E-66	3	24934	25802	567	61	0.499	1.434E-08	319	380	470	25373	25525	153	25373	25540
5068605	1	255	6.215E-66	3	24934	25802	572	84	0.492	2.713E-16	380	468	470	25587	25802	216	25575	25802
6654491	1	128	1.057E-27	1	2713	3138	67	128	0.477	3.100E-29	5	147	149	2713	3138	426	2536	3138
10691106	-1	69	6.096E-10	1	35168	35689	1160	69	0.247	3.279E-08	7	211	243	-35689	-35168	522	36214	35117
11142989	1	81	1.488E-13	1	19263	19562	444	81	0.424	8.787E-15	7	111	199	19263	19562	300	19248	19580
11208806	1	118	1.083E-24	1	2707	3135	67	118	0.445	5.662E-26	3	147	152	2707	3135	429	2536	3138
12935278	1	238	8.146E-61	4	20116	23998	457	46	0.552	2.497E-03	36	76	228	20116	20238	123	20113	20316
12935278	1	238	8.146E-61	4	20116	23998	461	97	0.806	4.696E-21	74	130	228	20297	20467	171	20294	20491
12935278	1	238	8.146E-61	4	20116	23998	532	56	0.786	2.700E-07	137	169	228	23575	23673	99	23560	23676
12935278	1	238	8.146E-61	4	20116	23998	538	66	0.847	2.786E-10	192	227	228	23891	23998	108	23819	23998
14774283	-1	70	3.048E-10	1	35171	35419	1160	70	0.449	1.851E-08	8	90	95	-35419	-35171	249	36214	35117
14775719	-1	182	5.870E-44	1	35168	36115	1160	182	0.350	2.324E-45	267	534	538	-36115	-35168	948	36214	35117
14776271	-1	87	2.325E-15	1	35321	36127	1160	87	0.243	7.499E-14	219	473	488	-36127	-35321	807	36214	35117
14776591	-1	313	2.156E-83	2	35177	36902	1141	130	0.386	1.040E-29	101	288	621	-36902	-36321	582	36905	36264
14776591	-1	313	2.156E-83	2	35177	36902	1160	183	0.346	6.757E-46	288	611	621	-36127	-35177	951	36214	35117
14815954	-1	148	1.008E-33	1	36318	36902	1141	148	0.424	4.236E-36	44	237	269	-36902	-36318	585	36905	36264
14816513	-1	145	8.068E-33	1	36315	36902	1141	145	0.417	3.799E-35	95	290	356	-36902	-36315	588	36905	36264
14848833	-1	199	4.479E-49	2	35168	36902	1141	97	0.314	1.286E-18	123	313	595	-36902	-36318	585	36905	36264
14848833	-1	199	4.479E-49	2	35168	36902	1160	115	0.275	4.206E-23	328	593	595	-36034	-35168	867	36214	35117
14927851	-1	72	7.620E-11	1	35201	35419	1160	72	0.509	3.320E-09	45	117	134	-35419	-35201	219	36214	35117
14974140	1	133	3.305E-29	3	20116	23825	457	45	0.570	8.958E-03	34	71	204	20116	20229	114	20113	20316
14974140	1	133	3.305E-29	3	20116	23825	461	96	0.812	8.859E-21	71	126	204	20300	20467	168	20294	20491
14974140	1	133	3.305E-29	3	20116	23825	536	32	0.693	9.358E+01	168	188	204	23763	23825	63	23724	23864
15045956	-1	135	8.261E-30	1	36309	36887	1141	135	0.399	1.304E-31	98	289	362	-36887	-36309	579	36905	36264
15229754	1	223	2.669E-56	4	20113	23998	457	51	0.623	7.463E-05	46	84	240	20113	20229	117	20113	20316
15229754	1	223	2.669E-56	4	20113	23998	461	92	0.794	2.117E-19	84	138	240	20300	20464	165	20294	20491
15229754	1	223	2.669E-56	4	20113	23998	532	54	0.853	1.332E-06	153	181	240	23587	23673	87	23560	23676
15229754	1	223	2.669E-56	4	20113	23998	538	57	0.709	3.087E-07	202	239	240	23885	23998	114	23819	23998
15286918	1	142	6.454E-32	3	20113	23995	457	46	0.597	3.437E-03	36	72	233	20113	20223	111	20113	20316
15286918	1	142	6.454E-32	3	20113	23995	461	91	0.773	5.488E-19	74	129	233	20300	20467	168	20294	20491
15286918	1	142	6.454E-32	3	20113	23995	538	59	0.727	8.622E-08	186	223	233	23882	23995	114	23819	23998
15319926	1	96	4.542E-18	1	19281	19562	444	96	0.527	7.288E-20	13	106	183	19281	19562	282	19248	19580
15347895	1	102	7.097E-20	1	24715	24948	565	102	0.647	4.437E-20	26	103	111	24715	24948	234	24685	25392
15407832	1	123	3.384E-26	1	2545	3135	67	123	0.365	1.814E-27	93	290	294	2545	3135	591	2536	3138
15440112	-1	168	9.618E-40	1	35168	36175	1160	168	0.302	1.125E-40	69	433	463	-36175	-35168	1008	36214	35117
15490752	1	69	6.096E-10	1	24397	24654	553	69	0.419	1.518E-10	11	100	126	24397	24654	258	24352	24681
15598130	1	88	1.163E-15	1	24712	25119	565	88	0.353	3.890E-15	3	149	261	24712	25119	408	24685	25392
15617533	-1	235	6.517E-60	2	35174	36902	1141	124	0.371	1.129E-27	97	290	592	-36902	-36318	585	36905	36264
15617533	-1	235	6.517E-60	2	35174	36902	1160	114	0.248	1.394E-22	287	571	592	-36202	-35174	1029	36214	35117
15697109	1	115	8.663E-24	1	2689	3135	67	115	0.418	5.049E-25	12	165	168	2689	3135	447	2536	3138
15766299	1	79	5.953E-13	1	19272	19553	444	79	0.452	4.269E-14	19	111	114	19272	19553	282	19248	19580
16007700	1	79	5.953E-13	1	2692	3111	67	79	0.340	9.712E-13	17	156	161	2692	3111	420	2536	3138
20654815	1	112	6.930E-23	2	25379	25802	567	44	0.370	1.322E-02	81	145	217	25379	25531	153	25373	25540
20654815	1	112	6.930E-23	2	25379	25802	572	69	0.494	4.737E-11	144	215	217	25587	25802	216	25575	25802
21031052	1	127	2.115E-27	1	2713	3138	67	127	0.475	5.798E-29	7	149	184	2713	3138	426	2536	3138
21226003	1	123	3.384E-26	1	2710	3135	67	123	0.460	1.814E-27	16	159	208	2710	3135	426	2536	3138
22280072	1	94	1.817E-17	1	2803	3135	67	94	0.454	7.540E-18	8	119	124	2803	3135	333	2536	3138
23090307	1	124	1.692E-26	1	2704	3135	67	124	0.459	7.095E-28	13	158	163	2704	3135	432	2536	3138
24042873	1	455	3.868E-126	2	2358	3138	59	68	0.854	4.789E-11	0	36	233	2358	2468	111	2331	2519
24042873	1	455	3.868E-126	2	2358	3138	67	387	0.932	4.241E-119	36	232	233	2548	3138	591	2536	3138
24228834	1	298	7.066E-79	3	24964	25793	565	133	0.578	1.848E-30	20	136	269	24964	25302	339	24685	25392
24228834	1	298	7.066E-79	3	24964	25793	567	71	0.649	3.633E-12	145	197	269	25373	25525	153	25373	25540
24228834	1	298	7.066E-79	3	24964	25793	572	101	0.710	2.348E-22	197	264	269	25587	25793	207	25575	25802
25635948	-1	76	4.762E-12	1	35177	35719	1160	76	0.260	1.875E-10	15	221	267	-35719	-35177	543	36214	35117
27140549	1	131	1.322E-28	1	2713	3135	67	131	0.469	2.529E-30	19	168	171	2713	3135	423	2536	3138
28081580	-1	93	3.633E-17	1	35168	35971	1160	93	0.239	6.949E-16	0	298	330	-35971	-35168	804	36214	35117
28901769	1	233	2.607E-59	4	20116	23825	457	44	0.591	1.233E-02	31	66	221	20116	20223	108	20113	20316
28901769	1	233	2.607E-59	4	20116	23825	461	97	0.821	3.419E-21	68	123	221	20300	20467	168	20294	20491
28901769	1	233	2.607E-59	4	20116	23825	532	59	0.828	2.103E-08	130	162	221	23575	23673	99	23560	23676
28901769	1	233	2.607E-59	4	20116	23825	536	35	0.751	9.797E+00	164	184	221	23763	23825	63	23724	23864
29315992	-1	242	5.092E-62	2	35180	36905	1141	109	0.403	8.460E-23	130	279	541	-36905	-36447	459	36905	36264
29315992	-1	242	5.092E-62	2	35180	36905	1160	141	0.290	1.676E-31	271	533	541	-36154	-35180	975	36214	35117
29316533	-1	156	3.939E-36	1	35183	36160	1160	156	0.310	8.279E-37	157	449	450	-36160	-35183	978	36214	35117
29316680	-1	162	6.155E-38	2	35183	36809	1141	96	0.348	4.441E-18	0	136	335	-36809	-36318	492	36905	36264
29316680	-1	162	6.155E-38	2	35183	36809	1160	91	0.258	4.036E-15	163	334	335	-35941	-35183	759	36214	35117
29400140	1	149	5.042E-34	3	20113	23998	457	55	0.682	3.077E-06	46	83	241	20113	20226	114	20113	20316
29400140	1	149	5.042E-34	3	20113	23998	461	94	0.813	3.153E-20	85	139	241	20300	20464	165	20294	20491
29400140	1	149	5.042E-34	3	20113	23998	538	61	0.749	1.752E-08	203	240	241	23885	23998	114	23819	23998
29473108	-1	71	1.524E-10	1	35174	35419	1160	71	0.457	1.044E-08	12	89	102	-35419	-35174	246	36214	35117
29513841	1	146	4.034E-33	3	20116	23998	457	47	0.592	1.815E-03	36	73	227	20116	20229	114	20113	20316
29513841	1	146	4.034E-33	3	20116	23998	461	98	0.827	1.813E-21	73	128	227	20300	20467	168	20294	20491
29513841	1	146	4.034E-33	3	20116	23998	538	62	0.800	6.735E-09	191	226	227	23891	23998	108	23819	23998
29514432	1	135	8.261E-30	3	20116	23995	457	45	0.575	6.509E-03	34	71	225	20116	20229	114	20113	20316
29514432	1	135	8.261E-30	3	20116	23995	461	96	0.812	8.859E-21	71	126	225	20300	20467	168	20294	20491
29514432	1	135	8.261E-30	3	20116	23995	538	55	0.742	1.106E-06	189	223	225	23891	23995	105	23819	23998
29560990	-1	119	5.414E-25	1	35180	36127	1160	119	0.257	2.092E-24	164	500	522	-36127	-35180	948	36214	35117
29702306	1	239	4.073E-61	4	20116	23995	457	49	0.615	3.679E-04	36	73	227	20116	20229	114	20113	20316
29702306	1	239	4.073E-61	4	20116	23995	461	93	0.791	8.170E-20	74	129	227	20300	20467	168	20294	20491
29702306	1	239	4.073E-61	4	20116	23995	532	58	0.812	5.476E-08	136	168	227	23575	23673	99	23560	23676
29702306	1	239	4.073E-61	4	20116	23995	538	63	0.839	1.883E-09	191	225	227	23891	23995	105	23819	23998
29779517	1	225	6.674E-57	4	20113	23998	457	51	0.623	7.463E-05	46	84	240	20113	20229	117	20113	20316
29779517	1	225	6.674E-57	4	20113	23998	461	94	0.807	5.948E-20	84	138	240	20300	20464	165	20294	20491
29779517	1	225	6.674E-57	4	20113	23998	532	54	0.853	1.332E-06	153	181	240	23587	23673	87	23560	23676
29779517	1	225	6.674E-57	4	20113	23998	538	57	0.709	3.087E-07	202	239	240	23885	23998	114	23819	23998
29840231	-1	103	3.548E-20	1	35174	35971	1160	103	0.257	5.844E-19	0	288	306	-35971	-35174	798	36214	35117
29868534	1	179	4.696E-43	3	20300	23995	461	91	0.773	5.488E-19	49	104	203	20300	20467	168	20294	20491
29868534	1	179	4.696E-43	3	20300	23995	532	55	0.776	5.112E-07	111	143	203	23575	23673	99	23560	23676
29868534	1	179	4.696E-43	3	20300	23995	538	59	0.791	4.558E-08	166	200	203	23891	23995	105	23819	23998
29925302	1	117	2.166E-24	1	2710	3135	67	117	0.445	1.058E-25	135	278	282	2710	3135	426	2536	3138
29940035	1	137	2.065E-30	1	29522	29818	648	137	0.670	1.172E-33	25	125	138	29522	29818	297	29456	29863
29940035	-1	121	1.354E-25	1	29098	29346	1280	121	0.711	1.548E-28	25	107	138	-29346	-29098	249	29421	29071
29940177	1	138	1.033E-30	1	29498	29818	648	138	0.630	8.549E-34	25	133	146	29498	29818	321	29456	29863
29940177	-1	122	6.768E-26	1	29098	29370	1280	122	0.660	1.129E-28	25	115	146	-29370	-29098	273	29421	29071
29941345	1	118	1.083E-24	1	24718	25296	565	118	0.327	1.848E-25	20	243	355	24718	25296	579	24685	25392
29968599	1	80	2.977E-13	1	24691	24948	565	80	0.486	1.747E-12	21	105	106	24691	24948	258	24685	25392
29982410	-1	239	4.073E-61	2	36273	37072	1130	34	0.654	2.925E+01	58	81	303	-37072	-37001	72	37093	36926
29982410	-1	239	4.073E-61	2	36273	37072	1141	217	0.541	5.574E-60	95	298	303	-36902	-36273	630	36905	36264
30016459	1	101	1.419E-19	1	24715	24945	565	101	0.647	1.120E-19	14	90	99	24715	24945	231	24685	25392
30048681	1	90	2.907E-16	1	19281	19562	444	90	0.500	8.371E-18	13	106	162	19281	19562	282	19248	19580
30049550	1	234	1.303E-59	4	19658	23995	452	95	0.400	1.374E-18	75	171	367	19658	20059	402	19559	20065
30049550	1	234	1.303E-59	4	19658	23995	461	90	0.776	1.422E-18	213	267	367	20300	20464	165	20294	20491
30049550	1	234	1.303E-59	4	19658	23995	532	59	0.823	2.894E-08	275	307	367	23575	23673	99	23560	23676
30049550	1	234	1.303E-59	4	19658	23995	538	56	0.752	5.841E-07	330	364	367	23891	23995	105	23819	23998
30136540	1	108	1.109E-21	1	24715	25119	565	108	0.416	4.297E-22	0	144	265	24715	25119	405	24685	25392
30160298	-1	288	7.235E-76	2	35174	36902	1141	144	0.391	9.725E-35	95	303	663	-36902	-36267	636	36905	36264
30160298	-1	288	7.235E-76	2	35174	36902	1160	147	0.294	1.732E-33	308	638	663	-36163	-35174	990	36214	35117
30206237	1	118	1.083E-24	1	2707	3135	67	118	0.439	7.740E-26	2	148	167	2707	3135	429	2536	3138
30350091	1	77	2.381E-12	1	24712	25125	565	77	0.309	1.468E-11	26	182	199	24712	25125	414	24685	25392
30549535	1	80	2.977E-13	1	2692	3111	67	80	0.341	7.134E-13	17	156	161	2692	3111	420	2536	3138
33465755	1	211	1.093E-52	3	25099	25802	565	77	0.518	1.988E-11	119	194	339	25099	25302	204	24685	25392
33465755	1	211	1.093E-52	3	25099	25802	567	49	0.434	1.090E-04	204	263	339	25382	25525	144	25373	25540
33465755	1	211	1.093E-52	3	25099	25802	572	93	0.636	1.834E-19	263	334	339	25587	25802	216	25575	25802
34153368	1	252	4.972E-65	3	24955	25802	565	113	0.501	1.423E-23	196	313	471	24955	25302	348	24685	25392
34153368	1	252	4.972E-65	3	24955	25802	567	59	0.488	5.133E-08	320	381	471	25373	25525	153	25373	25540
34153368	1	252	4.972E-65	3	24955	25802	572	85	0.496	1.438E-16	381	469	471	25587	25802	216	25575	25802
35822695	1	124	1.692E-26	1	2704	3138	67	124	0.459	7.095E-28	2	147	150	2704	3138	435	2536	3138
37101944	1	242	5.092E-62	4	20300	23995	461	95	0.806	1.671E-20	73	128	225	20300	20467	168	20294	20491
37101944	1	242	5.092E-62	4	20300	23995	532	54	0.760	1.332E-06	135	167	225	23575	23673	99	23560	23676
37101944	1	242	5.092E-62	4	20300	23995	536	36	0.697	2.704E+00	166	189	225	23754	23825	72	23724	23864
37101944	1	242	5.092E-62	4	20300	23995	538	61	0.810	1.274E-08	190	224	225	23891	23995	105	23819	23998
38080461	1	78	1.191E-12	1	2728	3111	67	78	0.356	3.333E-12	39	166	171	2728	3111	384	2536	3138
40688919	1	238	8.146E-61	4	20116	23998	457	46	0.552	2.497E-03	36	76	228	20116	20238	123	20113	20316
40688919	1	238	8.146E-61	4	20116	23998	461	97	0.806	4.696E-21	74	130	228	20297	20467	171	20294	20491
40688919	1	238	8.146E-61	4	20116	23998	532	56	0.786	2.700E-07	137	169	228	23575	23673	99	23560	23676
40688919	1	238	8.146E-61	4	20116	23998	538	66	0.847	2.786E-10	192	227	228	23891	23998	108	23819	23998
42051395	-1	117	2.166E-24	1	35324	36175	1160	117	0.265	1.711E-23	236	546	547	-36175	-35324	852	36214	35117
43858003	-1	114	1.733E-23	1	35171	36133	1160	114	0.257	1.394E-22	39	336	346	-36133	-35171	963	36214	35117
43858094	-1	221	1.068E-55	2	35171	36905	1141	105	0.390	3.534E-21	101	250	519	-36905	-36447	459	36905	36264
43858094	-1	221	1.068E-55	2	35171	36905	1160	124	0.268	4.175E-26	242	514	519	-36154	-35171	984	36214	35117
43899830	-1	130	2.644E-28	1	35363	36214	1160	130	0.296	4.489E-28	265	555	556	-36214	-35363	852	36214	35117
44129632	-1	87	2.325E-15	1	35177	35734	1160	87	0.300	1.004E-13	16	184	193	-35734	-35177	558	36214	35117
44165234	-1	67	2.438E-09	1	35180	35419	1160	67	0.445	1.818E-07	45	124	136	-35419	-35180	240	36214	35117
44231032	-1	135	8.261E-30	1	35171	36169	1160	135	0.269	1.181E-29	99	452	463	-36169	-35171	999	36214	35117
44306539	1	90	2.907E-16	1	2665	3114	67	90	0.353	2.292E-16	110	260	264	2665	3114	450	2536	3138
44364242	1	185	7.338E-45	3	20300	23998	461	94	0.800	3.153E-20	79	134	233	20300	20467	168	20294	20491
44364242	1	185	7.338E-45	3	20300	23998	532	54	0.760	1.332E-06	141	173	233	23575	23673	99	23560	23676
44364242	1	185	7.338E-45	3	20300	23998	538	63	0.809	3.561E-09	196	231	233	23891	23998	108	23819	23998
44453578	1	59	6.242E-07	1	24718	24873	565	59	0.565	1.100E-05	9	60	61	24718	24873	156	24685	25392
44499195	-1	112	6.930E-23	1	36291	36764	1141	112	0.400	1.306E-23	7	157	188	-36764	-36291	474	36905	36264
44523655	1	728	2.548E-208	4	24358	25802	553	146	0.714	2.507E-37	0	99	421	24358	24657	300	24352	24681
44523655	1	728	2.548E-208	4	24358	25802	565	349	0.848	2.191E-105	101	298	421	24718	25311	594	24685	25392
44523655	1	728	2.548E-208	4	24358	25802	567	96	0.879	7.332E-21	299	349	421	25373	25525	153	25373	25540
44523655	1	728	2.548E-208	4	24358	25802	572	134	0.881	6.457E-34	349	420	421	25587	25802	216	25575	25802
44524372	-1	191	1.147E-46	1	36486	36905	1141	191	0.677	5.798E-51	68	207	225	-36905	-36486	420	36905	36264
44524475	-1	160	2.462E-37	1	36267	36905	1141	160	0.421	3.475E-40	75	284	424	-36905	-36267	639	36905	36264
44559725	1	207	1.749E-51	3	19658	23673	452	101	0.415	1.709E-20	2	101	296	19658	20062	405	19559	20065
44559725	1	207	1.749E-51	3	19658	23673	461	91	0.770	7.538E-19	141	196	296	20297	20464	168	20294	20491
44559725	1	207	1.749E-51	3	19658	23673	532	59	0.823	2.894E-08	204	236	296	23575	23673	99	23560	23676
44888160	-1	115	8.663E-24	1	35174	36133	1160	115	0.249	7.658E-23	52	394	437	-36133	-35174	960	36214	35117
45084857	1	77	2.381E-12	1	2728	3114	67	77	0.352	6.170E-12	33	161	165	2728	3114	387	2536	3138
45481711	-1	118	1.083E-24	1	35174	36124	1160	118	0.256	6.956E-24	268	601	609	-36124	-35174	951	36214	35117
45483786	1	82	7.441E-14	1	2728	3114	67	82	0.367	1.524E-13	31	159	163	2728	3114	387	2536	3138
45648647	1	97	2.271E-18	1	2677	3111	67	97	0.381	1.168E-18	19	164	177	2677	3111	435	2536	3138
45663418	-1	77	2.381E-12	1	35174	36115	1160	77	0.200	1.406E-10	38	387	420	-36115	-35174	942	36214	35117
55750637	1	281	9.261E-74	3	24964	25799	565	129	0.561	3.051E-29	20	137	270	24964	25302	339	24685	25392
55750637	1	281	9.261E-74	3	24964	25799	567	63	0.588	1.541E-09	147	199	270	25376	25528	153	25373	25540
55750637	1	281	9.261E-74	3	24964	25799	572	99	0.673	1.146E-21	197	267	270	25584	25799	216	25575	25802
58377414	1	210	2.187E-52	4	20113	23995	457	44	0.578	1.233E-02	36	72	232	20113	20223	111	20113	20316
58377414	1	210	2.187E-52	4	20113	23995	461	97	0.818	4.696E-21	74	129	232	20300	20467	168	20294	20491
58377414	1	210	2.187E-52	4	20113	23995	536	35	0.729	7.100E+00	166	187	232	23760	23825	66	23724	23864
58377414	1	210	2.187E-52	4	20113	23995	538	66	0.878	1.474E-10	188	222	232	23891	23995	105	23819	23998
58383190	1	145	8.068E-33	3	20116	23998	457	47	0.592	1.815E-03	36	73	227	20116	20229	114	20113	20316
58383190	1	145	8.068E-33	3	20116	23998	461	99	0.833	9.609E-22	73	128	227	20300	20467	168	20294	20491
58383190	1	145	8.068E-33	3	20116	23998	538	60	0.781	2.409E-08	191	226	227	23891	23998	108	23819	23998
58400952	-1	327	1.316E-87	2	35177	36902	1141	134	0.394	4.559E-31	101	288	621	-36902	-36321	582	36905	36264
58400952	-1	327	1.316E-87	2	35177	36902	1160	193	0.359	2.968E-49	288	611	621	-36127	-35177	951	36214	35117
58401320	-1	134	1.652E-29	1	35171	36127	1160	134	0.282	2.168E-29	291	614	624	-36127	-35171	957	36214	35117
58436568	-1	104	1.774E-20	1	35180	35818	1160	104	0.288	3.230E-19	0	239	247	-35818	-35180	639	36214	35117
58437238	-1	373	1.870E-101	2	35174	36902	1141	146	0.418	2.030E-35	82	276	614	-36902	-36315	588	36905	36264
58437238	-1	373	1.870E-101	2	35174	36902	1160	229	0.400	2.171E-61	280	608	614	-36160	-35174	987	36214	35117
58442209	-1	124	1.692E-26	1	36321	36905	1141	124	0.373	6.043E-28	93	285	369	-36905	-36321	585	36905	36264
58475746	1	98	1.135E-18	1	20300	20467	461	98	0.827	1.813E-21	40	95	112	20300	20467	168	20294	20491
58505298	1	152	6.303E-35	2	20116	20467	457	53	0.664	1.101E-05	3	40	113	20116	20229	114	20113	20316
58505298	1	152	6.303E-35	2	20116	20467	461	98	0.827	1.813E-21	41	96	113	20300	20467	168	20294	20491
58507140	-1	98	1.135E-18	1	35159	35458	1160	98	0.510	2.033E-17	19	118	120	-35458	-35159	300	36214	35117
58576389	1	230	2.085E-58	4	20116	23998	457	44	0.557	2.336E-02	36	73	226	20116	20229	114	20113	20316
58576389	1	230	2.085E-58	4	20116	23998	461	93	0.788	1.122E-19	73	128	226	20300	20467	168	20294	20491
58576389	1	230	2.085E-58	4	20116	23998	532	55	0.776	5.112E-07	135	167	226	23575	23673	99	23560	23676
58576389	1	230	2.085E-58	4	20116	23998	538	63	0.819	1.883E-09	190	225	226	23891	23998	108	23819	23998
58586510	1	143	3.227E-32	2	20116	20467	457	46	0.592	4.730E-03	3	39	113	20116	20226	111	20113	20316
58586510	1	143	3.227E-32	2	20116	20467	461	96	0.812	8.859E-21	41	96	113	20300	20467	168	20294	20491
58670801	-1	98	1.135E-18	1	36474	36887	1141	98	0.401	5.074E-19	98	234	249	-36887	-36474	414	36905	36264
58677074	-1	169	4.809E-40	1	35168	36019	1160	169	0.358	4.468E-41	5	284	288	-36019	-35168	852	36214	35117
58776793	-1	73	3.810E-11	1	35174	35929	1160	73	0.217	1.870E-09	43	322	371	-35929	-35174	756	36214	35117
58971231	1	159	4.924E-37	2	19293	24660	444	86	0.508	1.977E-16	17	104	215	19293	19556	264	19248	19580
58971231	1	159	4.924E-37	2	19293	24660	553	78	0.491	1.057E-13	111	193	215	24412	24660	249	24352	24681
59025006	1	100	2.839E-19	1	2713	3135	67	100	0.400	9.695E-20	8	148	149	2713	3135	423	2536	3138
59100105	1	204	1.400E-50	3	19658	23673	452	104	0.427	1.391E-21	6	105	300	19658	20059	402	19559	20065
59100105	1	204	1.400E-50	3	19658	23673	461	91	0.776	3.995E-19	145	200	300	20297	20464	168	20294	20491
59100105	1	204	1.400E-50	3	19658	23673	532	53	0.755	1.833E-06	208	240	300	23575	23673	99	23560	23676
59901238	-1	96	4.542E-18	1	35168	36133	1160	96	0.233	8.873E-17	228	548	572	-36133	-35168	966	36214	35117
60179915	-1	79	5.953E-13	1	36336	36896	1141	79	0.282	1.875E-12	88	244	331	-36896	-36336	561	36905	36264
65271731	1	238	8.146E-61	4	20116	23998	457	46	0.552	2.497E-03	36	76	228	20116	20238	123	20113	20316
65271731	1	238	8.146E-61	4	20116	23998	461	97	0.806	4.696E-21	74	130	228	20297	20467	171	20294	20491
65271731	1	238	8.146E-61	4	20116	23998	532	56	0.786	2.700E-07	137	169	228	23575	23673	99	23560	23676
65271731	1	238	8.146E-61	4	20116	23998	538	66	0.847	2.786E-10	192	227	228	23891	23998	108	23819	23998
67932074	1	628	3.230E-178	3	42701	43914	954	385	0.817	2.742E-117	0	227	554	42701	43384	684	42644	43414
67932074	1	628	3.230E-178	3	42701	43914	960	161	0.776	1.924E-41	214	313	554	43410	43709	300	43389	43865
67932074	1	628	3.230E-178	3	42701	43914	961	99	0.921	3.071E-21	309	358	554	43765	43914	150	43702	43971
71284213	-1	657	6.017E-187	1	35144	36187	1160	657	0.901	1.583E-209	0	348	360	-36187	-35144	1044	36214	35117
71928502	1	87	2.325E-15	1	19272	19574	444	87	0.436	1.441E-16	7	114	193	19272	19574	303	19248	19580
72921382	1	137	2.065E-30	3	20116	23998	457	43	0.548	4.425E-02	36	73	226	20116	20229	114	20113	20316
72921382	1	137	2.065E-30	3	20116	23998	461	93	0.804	8.170E-20	73	127	226	20300	20464	165	20294	20491
72921382	1	137	2.065E-30	3	20116	23998	538	62	0.804	4.897E-09	190	225	226	23891	23998	108	23819	23998
72924744	1	144	1.614E-32	3	20116	23998	457	48	0.601	9.584E-04	36	73	227	20116	20229	114	20113	20316
72924744	1	144	1.614E-32	3	20116	23998	461	97	0.818	4.696E-21	73	128	227	20300	20467	168	20294	20491
72924744	1	144	1.614E-32	3	20116	23998	538	60	0.781	2.409E-08	191	226	227	23891	23998	108	23819	23998
72940833	-1	114	1.733E-23	1	35393	36025	1160	114	0.332	1.394E-22	176	385	386	-36025	-35393	633	36214	35117
72942680	-1	327	1.316E-87	2	35177	36902	1141	134	0.394	4.559E-31	101	288	621	-36902	-36321	582	36905	36264
72942680	-1	327	1.316E-87	2	35177	36902	1160	193	0.358	4.045E-49	288	611	621	-36127	-35177	951	36214	35117
72942874	-1	184	1.468E-44	2	35741	36863	1141	116	0.446	4.240E-25	84	224	393	-36863	-36438	426	36905	36264
72942874	-1	184	1.468E-44	2	35741	36863	1160	84	0.357	7.694E-13	242	379	393	-36154	-35741	414	36214	35117
72978427	-1	223	2.669E-56	2	35543	36875	1141	122	0.379	5.377E-27	122	306	529	-36875	-36318	558	36905	36264
72978427	-1	223	2.669E-56	2	35543	36875	1160	102	0.299	1.421E-18	305	525	529	-36127	-35543	585	36214	35117
72979633	-1	138	1.033E-30	1	36270	36866	1141	138	0.397	1.067E-32	10	205	225	-36866	-36270	597	36905	36264
72982306	-1	70	3.048E-10	1	35201	35419	1160	70	0.493	2.464E-08	12	84	99	-35419	-35201	219	36214	35117
73014900	-1	96	4.542E-18	1	36318	36902	1141	96	0.311	4.441E-18	139	329	360	-36902	-36318	585	36905	36264
73037015	-1	113	3.465E-23	1	35165	36127	1160	113	0.255	3.419E-22	307	618	625	-36127	-35165	963	36214	35117
73095489	-1	123	3.384E-26	1	35393	36106	1160	123	0.323	1.884E-25	0	213	221	-36106	-35393	714	36214	35117
73145220	1	147	2.017E-33	3	20113	23995	457	51	0.628	5.425E-05	36	74	232	20113	20229	117	20113	20316
73145220	1	147	2.017E-33	3	20113	23995	461	95	0.803	2.295E-20	74	129	232	20300	20467	168	20294	20491
73145220	1	147	2.017E-33	3	20113	23995	538	59	0.748	6.269E-08	189	225	232	23885	23995	111	23819	23998
73167987	1	193	2.866E-47	3	20116	23673	457	45	0.583	8.958E-03	37	73	234	20116	20226	111	20113	20316
73167987	1	193	2.866E-47	3	20116	23673	461	93	0.788	1.122E-19	75	130	234	20300	20467	168	20294	20491
73167987	1	193	2.866E-47	3	20116	23673	532	59	0.828	2.103E-08	137	169	234	23575	23673	99	23560	23676
73211356	-1	185	7.338E-45	2	35180	36875	1141	90	0.314	3.375E-16	88	264	600	-36875	-36336	540	36905	36264
73211356	-1	185	7.338E-45	2	35180	36875	1160	120	0.274	1.549E-24	291	592	600	-36085	-35180	906	36214	35117
73213955	-1	221	1.068E-55	1	35174	36160	1160	221	0.390	1.094E-58	211	539	547	-36160	-35174	987	36214	35117
73229281	1	152	6.303E-35	2	20113	20464	457	55	0.667	3.077E-06	2	40	113	20113	20229	117	20113	20316
73229281	1	152	6.303E-35	2	20113	20464	461	96	0.828	6.450E-21	41	95	113	20300	20464	165	20294	20491
73248250	-1	127	2.115E-27	1	35159	36124	1160	127	0.268	6.826E-27	163	495	500	-36124	-35159	966	36214	35117
73253247	-1	124	1.692E-26	1	35354	36106	1160	124	0.314	7.631E-26	0	245	246	-36106	-35354	753	36214	35117
73339029	1	248	7.956E-64	4	20113	23998	457	53	0.650	1.101E-05	36	74	228	20113	20229	117	20113	20316
73339029	1	248	7.956E-64	4	20113	23998	461	96	0.809	1.217E-20	75	130	228	20300	20467	168	20294	20491
73339029	1	248	7.956E-64	4	20113	23998	532	61	0.854	4.271E-09	137	169	228	23575	23673	99	23560	23676
73339029	1	248	7.956E-64	4	20113	23998	538	62	0.800	6.735E-09	192	227	228	23891	23998	108	23819	23998
73520879	1	90	2.907E-16	1	19658	19888	452	90	0.584	1.099E-16	20	95	143	19658	19888	231	19559	20065
73606088	-1	160	2.462E-37	3	36660	37243	1125	44	0.569	4.054E-01	32	66	186	-37243	-37133	111	37597	37133
73606088	-1	160	2.462E-37	3	36660	37243	1130	37	0.686	2.236E+00	67	91	186	-37072	-36998	75	37093	36926
73606088	-1	160	2.462E-37	3	36660	37243	1141	90	0.563	3.375E-16	105	185	186	-36902	-36660	243	36905	36264
73641242	1	189	4.586E-46	3	19703	23673	452	89	0.414	2.053E-16	0	84	279	19703	20059	357	19559	20065
73641242	1	189	4.586E-46	3	19703	23673	461	91	0.776	3.995E-19	124	179	279	20297	20464	168	20294	20491
73641242	1	189	4.586E-46	3	19703	23673	532	53	0.755	1.833E-06	187	219	279	23575	23673	99	23560	23676
73673673	1	200	2.239E-49	3	19658	23673	452	100	0.414	4.377E-20	24	122	317	19658	20059	402	19559	20065
73673673	1	200	2.239E-49	3	19658	23673	461	91	0.776	3.995E-19	162	217	317	20297	20464	168	20294	20491
73673673	1	200	2.239E-49	3	19658	23673	532	53	0.750	2.523E-06	225	257	317	23575	23673	99	23560	23676
73937794	1	139	5.163E-31	1	2629	3135	67	139	0.450	3.501E-33	29	192	200	2629	3135	507	2536	3138
74227317	-1	102	7.097E-20	1	35174	36133	1160	102	0.236	7.861E-19	114	449	475	-36133	-35174	960	36214	35117
74312719	-1	101	1.419E-19	1	35162	36127	1160	101	0.232	2.569E-18	237	579	607	-36127	-35162	966	36214	35117
74603586	1	100	2.839E-19	1	2716	3114	67	100	0.416	1.323E-19	50	181	185	2716	3114	399	2536	3138
77776004	1	253	2.486E-65	3	24958	25802	565	109	0.493	1.697E-22	199	315	473	24958	25302	345	24685	25392
77776004	1	253	2.486E-65	3	24958	25802	567	63	0.515	2.119E-09	322	383	473	25373	25525	153	25373	25540
77776004	1	253	2.486E-65	3	24958	25802	572	86	0.503	4.040E-17	383	471	473	25587	25802	216	25575	25802
84530030	1	182	5.870E-44	3	20300	23995	461	94	0.794	5.948E-20	76	131	230	20300	20467	168	20294	20491
84530030	1	182	5.870E-44	3	20300	23995	532	56	0.786	2.700E-07	138	170	230	23575	23673	99	23560	23676
84530030	1	182	5.870E-44	3	20300	23995	538	58	0.771	1.631E-07	193	227	230	23891	23995	105	23819	23998
85401719	1	134	1.652E-29	1	2662	3135	67	134	0.455	2.062E-31	56	215	246	2662	3135	474	2536	3138
87135167	-1	85	9.302E-15	1	35171	36127	1160	85	0.218	2.405E-13	234	560	593	-36127	-35171	957	36214	35117
87483302	-1	133	3.305E-29	1	35171	36127	1160	133	0.280	7.292E-29	112	435	443	-36127	-35171	957	36214	35117
87513701	1	136	4.131E-30	2	20113	20467	457	44	0.578	1.233E-02	2	38	112	20113	20223	111	20113	20316
87513701	1	136	4.131E-30	2	20113	20467	461	91	0.773	5.488E-19	40	95	112	20300	20467	168	20294	20491
87643443	-1	66	4.877E-09	1	35180	35482	1160	66	0.370	4.275E-07	22	117	138	-35482	-35180	303	36214	35117
87681747	1	145	8.068E-33	3	20116	23998	457	47	0.592	1.815E-03	36	73	227	20116	20229	114	20113	20316
87681747	1	145	8.068E-33	3	20116	23998	461	99	0.833	9.609E-22	73	128	227	20300	20467	168	20294	20491
87681747	1	145	8.068E-33	3	20116	23998	538	60	0.781	2.409E-08	191	226	227	23891	23998	108	23819	23998
87681829	1	253	2.486E-65	4	20113	23998	457	59	0.715	9.245E-08	34	72	226	20113	20229	117	20113	20316
87681829	1	253	2.486E-65	4	20113	23998	461	99	0.836	6.997E-22	73	128	226	20300	20467	168	20294	20491
87681829	1	253	2.486E-65	4	20113	23998	532	58	0.817	3.981E-08	135	167	226	23575	23673	99	23560	23676
87681829	1	253	2.486E-65	4	20113	23998	538	61	0.785	1.752E-08	190	225	226	23891	23998	108	23819	23998
87720647	-1	119	5.414E-25	1	36276	36902	1141	119	0.345	3.498E-26	90	297	332	-36902	-36276	627	36905	36264
87752509	-1	135	8.261E-30	1	35171	36127	1160	135	0.286	1.181E-29	322	626	630	-36127	-35171	957	36214	35117
87754389	-1	174	1.503E-41	1	35168	36019	1160	174	0.365	8.157E-43	5	284	288	-36019	-35168	852	36214	35117
87759416	-1	109	5.544E-22	1	35177	35971	1160	109	0.280	5.023E-21	0	224	233	-35971	-35177	795	36214	35117
87761357	-1	70	3.048E-10	1	35180	35347	1160	70	0.616	1.391E-08	3	58	59	-35347	-35180	168	36214	35117
87993039	1	200	2.239E-49	3	20116	23673	457	47	0.610	1.319E-03	37	73	233	20116	20226	111	20113	20316
87993039	1	200	2.239E-49	3	20116	23673	461	98	0.830	1.320E-21	75	130	233	20300	20467	168	20294	20491
87993039	1	200	2.239E-49	3	20116	23673	532	59	0.833	1.529E-08	137	169	233	23575	23673	99	23560	23676
88106180	1	136	4.131E-30	1	29498	29818	648	136	0.624	3.022E-33	57	165	178	29498	29818	321	29456	29863
88106180	-1	120	2.707E-25	1	29098	29370	1280	120	0.653	3.997E-28	57	147	178	-29370	-29098	273	29421	29071
88108852	1	110	2.772E-22	1	2692	3138	67	110	0.413	2.928E-23	1	149	159	2692	3138	447	2536	3138
88136013	1	81	1.488E-13	1	24691	24948	565	81	0.490	9.504E-13	21	105	106	24691	24948	258	24685	25392
88148485	-1	139	5.163E-31	1	36267	36758	1141	139	0.460	5.702E-33	68	225	292	-36758	-36267	492	36905	36264
88149724	-1	154	1.576E-35	1	35168	36175	1160	154	0.287	3.830E-36	69	432	463	-36175	-35168	1008	36214	35117
88321702	-1	124	1.692E-26	1	35177	36142	1160	124	0.260	4.175E-26	289	634	644	-36142	-35177	966	36214	35117
88323059	-1	212	5.467E-53	2	35177	36902	1141	100	0.321	1.467E-19	138	326	703	-36902	-36321	582	36905	36264
88323059	-1	212	5.467E-53	2	35177	36902	1160	128	0.262	3.730E-27	344	693	703	-36142	-35177	966	36214	35117
88326282	-1	230	2.085E-58	2	35168	36902	1141	141	0.407	1.630E-33	142	336	670	-36902	-36315	588	36905	36264
88326282	-1	230	2.085E-58	2	35168	36902	1160	116	0.279	2.310E-23	365	649	670	-35974	-35168	807	36214	35117
89212122	1	76	4.762E-12	1	2692	3111	67	76	0.329	1.554E-11	18	157	162	2692	3111	420	2536	3138
89280549	-1	89	5.813E-16	1	35171	36007	1160	89	0.232	2.334E-14	81	380	442	-36007	-35171	837	36214	35117
93683527	1	113	3.465E-23	1	2680	3108	67	113	0.434	3.291E-24	11	152	154	2680	3108	429	2536	3138
93740461	1	127	2.115E-27	1	2713	3138	67	127	0.475	5.798E-29	7	149	184	2713	3138	426	2536	3138
96411637	1	151	1.261E-34	3	20300	23998	461	97	0.831	4.696E-21	68	122	221	20300	20464	165	20294	20491
96411637	1	151	1.261E-34	3	20300	23998	536	35	0.751	9.797E+00	164	184	221	23763	23825	63	23724	23864
96411637	1	151	1.261E-34	3	20300	23998	538	58	0.752	1.631E-07	185	220	221	23891	23998	108	23819	23998
97023527	-1	72	7.620E-11	1	35174	35635	1160	72	0.283	5.890E-09	4	170	179	-35635	-35174	462	36214	35117
99163835	1	131	1.322E-28	1	2713	3135	67	131	0.469	2.529E-30	23	172	175	2713	3135	423	2536	3138
99892218	-1	101	1.419E-19	1	35156	36025	1160	101	0.252	2.569E-18	99	363	426	-36025	-35156	870	36214	35117
100264389	1	84	1.860E-14	1	2689	3111	67	84	0.351	3.251E-14	6	146	151	2689	3111	423	2536	3138
102026227	-1	76	4.762E-12	1	35180	35404	1160	76	0.516	3.335E-10	13	87	93	-35404	-35180	225	36214	35117
102036600	1	94	1.817E-17	1	20300	20467	461	94	0.794	5.948E-20	40	95	112	20300	20467	168	20294	20491
102065226	-1	92	7.267E-17	1	35543	36127	1160	92	0.280	1.676E-15	53	274	278	-36127	-35543	585	36214	35117
102134047	-1	153	3.152E-35	1	35174	36121	1160	153	0.311	1.769E-35	147	441	442	-36121	-35174	948	36214	35117
102302140	-1	117	2.166E-24	1	35180	36118	1160	117	0.265	1.268E-23	34	302	310	-36118	-35180	939	36214	35117
102341232	-1	102	7.097E-20	1	36321	36887	1141	102	0.319	2.279E-20	17	217	268	-36887	-36321	567	36905	36264
102357855	1	242	5.092E-62	4	20300	23995	461	97	0.818	4.696E-21	71	126	223	20300	20467	168	20294	20491
102357855	1	242	5.092E-62	4	20300	23995	532	55	0.771	7.034E-07	133	165	223	23575	23673	99	23560	23676
102357855	1	242	5.092E-62	4	20300	23995	536	35	0.675	7.100E+00	164	187	223	23754	23825	72	23724	23864
102357855	1	242	5.092E-62	4	20300	23995	538	59	0.791	4.558E-08	188	222	223	23891	23995	105	23819	23998
102472171	1	137	2.065E-30	3	20113	23995	457	44	0.554	1.233E-02	35	73	234	20113	20229	117	20113	20316
102472171	1	137	2.065E-30	3	20113	23995	461	93	0.791	8.170E-20	73	128	234	20300	20467	168	20294	20491
102472171	1	137	2.065E-30	3	20113	23995	538	58	0.771	1.631E-07	188	222	234	23891	23995	105	23819	23998
102493970	1	253	2.486E-65	4	20116	23995	457	49	0.648	2.674E-04	20	55	210	20116	20223	108	20113	20316
102493970	1	253	2.486E-65	4	20116	23995	461	105	0.878	8.243E-24	56	111	210	20297	20464	168	20294	20491
102493970	1	253	2.486E-65	4	20116	23995	532	63	0.885	6.311E-10	119	151	210	23575	23673	99	23560	23676
102493970	1	253	2.486E-65	4	20116	23995	538	61	0.805	1.752E-08	174	208	210	23891	23995	105	23819	23998
102538063	-1	79	5.953E-13	1	35171	35818	1160	79	0.247	3.323E-11	0	234	248	-35818	-35171	648	36214	35117
102646788	1	200	2.239E-49	1	29489	29863	648	200	0.769	1.834E-55	24	149	150	29489	29863	375	29456	29863
102646788	-1	165	7.694E-39	1	29077	29379	1280	165	0.788	8.942E-44	24	124	150	-29379	-29077	303	29421	29071
102648290	1	136	4.131E-30	1	29498	29818	648	136	0.624	3.022E-33	25	133	146	29498	29818	321	29456	29863
102648290	-1	120	2.707E-25	1	29098	29370	1280	120	0.653	3.997E-28	25	115	146	-29370	-29098	273	29421	29071
102651829	1	196	3.583E-48	1	29489	29863	648	196	0.755	5.916E-54	24	149	150	29489	29863	375	29456	29863
102651829	-1	158	9.848E-37	1	29077	29379	1280	158	0.759	1.928E-41	24	124	150	-29379	-29077	303	29421	29071
102689627	1	372	3.741E-101	3	24946	25793	565	165	0.644	1.370E-41	47	174	318	24946	25314	369	24685	25392
102689627	1	372	3.741E-101	3	24946	25793	567	91	0.857	2.410E-19	175	224	318	25376	25525	150	25373	25540
102689627	1	372	3.741E-101	3	24946	25793	572	116	0.793	1.377E-27	223	292	318	25584	25793	210	25575	25802
102690304	-1	156	3.939E-36	1	35168	36178	1160	156	0.288	1.528E-36	203	567	595	-36178	-35168	1011	36214	35117
102738008	1	371	7.481E-101	3	24934	25802	565	165	0.635	1.875E-41	8	137	261	24934	25308	375	24685	25392
102738008	1	371	7.481E-101	3	24934	25802	567	88	0.812	4.201E-18	139	188	261	25373	25525	153	25373	25540
102738008	1	371	7.481E-101	3	24934	25802	572	118	0.774	3.876E-28	187	259	261	25584	25802	219	25575	25802
102755622	1	153	3.152E-35	2	19658	20464	452	99	0.411	8.193E-20	24	122	317	19658	20059	402	19559	20065
102755622	1	153	3.152E-35	2	19658	20464	461	92	0.779	2.908E-19	162	217	317	20297	20464	168	20294	20491
102765925	1	159	4.924E-37	1	29468	29818	648	159	0.662	3.366E-41	12	130	144	29468	29818	351	29456	29863
102765925	-1	139	5.163E-31	1	29071	29379	1280	139	0.655	1.410E-34	19	123	144	-29379	-29071	309	29421	29071
102766208	1	166	3.847E-39	1	29468	29851	648	166	0.633	1.569E-43	12	142	143	29468	29851	384	29456	29863
102766208	-1	145	8.068E-33	1	29071	29379	1280	145	0.679	1.230E-36	19	123	143	-29379	-29071	309	29421	29071
103004081	1	178	9.392E-43	3	20300	23995	461	91	0.773	5.488E-19	49	104	203	20300	20467	168	20294	20491
103004081	1	178	9.392E-43	3	20300	23995	532	55	0.776	5.112E-07	111	143	203	23575	23673	99	23560	23676
103004081	1	178	9.392E-43	3	20300	23995	538	58	0.771	1.631E-07	166	200	203	23891	23995	105	23819	23998
103004395	1	179	4.696E-43	3	20300	23995	461	91	0.773	5.488E-19	49	104	203	20300	20467	168	20294	20491
103004395	1	179	4.696E-43	3	20300	23995	532	55	0.776	5.112E-07	111	143	203	23575	23673	99	23560	23676
103004395	1	179	4.696E-43	3	20300	23995	538	59	0.791	4.558E-08	166	200	203	23891	23995	105	23819	23998
103021394	-1	100	2.839E-19	1	35174	36079	1160	100	0.247	3.454E-18	52	349	367	-36079	-35174	906	36214	35117
103372262	-1	85	9.302E-15	1	35135	35923	1160	85	0.232	2.405E-13	5	291	335	-35923	-35135	789	36214	35117
103506345	-1	84	1.860E-14	1	35168	35971	1160	84	0.225	7.694E-13	0	300	341	-35971	-35168	804	36214	35117
103533126	-1	69	6.096E-10	1	35168	35476	1160	69	0.375	3.279E-08	58	162	202	-35476	-35168	309	36214	35117
103567296	1	80	2.977E-13	1	2701	3111	67	80	0.347	5.240E-13	21	157	162	2701	3111	411	2536	3138
103646932	-1	70	3.048E-10	1	35177	35689	1160	70	0.258	2.464E-08	56	245	257	-35689	-35177	513	36214	35117
103729122	1	92	7.267E-17	1	2728	3135	67	92	0.385	6.627E-17	96	231	250	2728	3135	408	2536	3138
106869883	1	250	1.989E-64	3	24958	25802	565	108	0.488	5.855E-22	8	124	282	24958	25302	345	24685	25392
106869883	1	250	1.989E-64	3	24958	25802	567	60	0.494	2.713E-08	131	192	282	25373	25525	153	25373	25540
106869883	1	250	1.989E-64	3	24958	25802	572	87	0.505	2.941E-17	192	280	282	25587	25802	216	25575	25802
110991163	1	142	6.454E-32	3	20113	23995	457	48	0.620	6.965E-04	37	73	238	20113	20223	111	20113	20316
110991163	1	142	6.454E-32	3	20113	23995	461	95	0.806	1.671E-20	75	130	238	20300	20467	168	20294	20491
110991163	1	142	6.454E-32	3	20113	23995	538	58	0.776	1.186E-07	192	226	238	23891	23995	105	23819	23998
111338029	-1	75	9.525E-12	1	36498	36896	1141	75	0.338	4.014E-11	88	220	237	-36896	-36498	399	36905	36264
116606915	-1	116	4.331E-24	1	36327	36875	1141	116	0.370	5.792E-25	47	228	320	-36875	-36327	549	36905	36264
116637148	-1	98	1.135E-18	1	36318	36902	1141	98	0.317	5.074E-19	29	219	250	-36902	-36318	585	36905	36264
116639402	-1	75	9.525E-12	1	35180	35458	1160	75	0.434	5.928E-10	41	133	140	-35458	-35180	279	36214	35117
116672951	-1	171	1.202E-40	1	35174	35971	1160	171	0.377	1.305E-41	0	263	269	-35971	-35174	798	36214	35117
116837510	-1	72	7.620E-11	1	35174	35638	1160	72	0.293	3.320E-09	58	217	221	-35638	-35174	465	36214	35117
116839178	-1	132	6.609E-29	1	35165	35689	1160	132	0.421	1.337E-28	2	174	176	-35689	-35165	525	36214	35117
116872555	-1	74	1.905E-11	1	35180	35722	1160	74	0.274	7.902E-10	8	191	203	-35722	-35180	543	36214	35117
116879406	-1	90	2.907E-16	1	35171	35950	1160	90	0.252	9.712E-15	0	243	246	-35950	-35171	780	36214	35117
116982800	-1	77	2.381E-12	1	35168	35632	1160	77	0.292	1.406E-10	9	179	186	-35632	-35168	465	36214	35117
117111370	1	92	7.267E-17	1	24718	24957	565	92	0.579	1.333E-16	12	91	93	24718	24957	240	24685	25392
117127374	1	170	2.404E-40	2	19649	24642	452	92	0.565	2.299E-17	59	140	221	19649	19894	246	19559	20065
117127374	1	170	2.404E-40	2	19649	24642	553	82	0.552	6.140E-15	146	220	221	24418	24642	225	24352	24681
117136877	1	78	1.191E-12	1	19658	19891	452	78	0.508	1.283E-12	67	145	156	19658	19891	234	19559	20065
117232168	1	195	7.166E-48	1	13252	13761	327	195	0.587	1.451E-52	3	166	212	13252	13761	510	13252	13854
117232311	-1	352	3.922E-95	3	36267	37234	1125	49	0.681	5.620E-03	48	81	332	-37234	-37133	102	37597	37133
117232311	-1	352	3.922E-95	3	36267	37234	1130	38	0.494	1.176E+00	82	119	332	-37072	-36959	114	37093	36926
117232311	-1	352	3.922E-95	3	36267	37234	1141	264	0.628	2.959E-76	119	331	332	-36905	-36267	639	36905	36264
117239531	1	158	9.848E-37	2	19658	24996	452	80	0.532	1.977E-13	20	94	255	19658	19888	231	19559	20065
117239531	1	158	9.848E-37	2	19658	24996	565	79	0.445	4.353E-12	97	190	255	24712	24996	285	24685	25392
117278586	1	285	5.788E-75	3	25117	25802	565	96	0.726	4.527E-18	1	64	189	25117	25308	192	24685	25392
117278586	1	285	5.788E-75	3	25117	25802	567	78	0.746	8.623E-15	67	116	189	25376	25525	150	25373	25540
117278586	1	285	5.788E-75	3	25117	25802	572	113	0.744	2.386E-26	115	187	189	25584	25802	219	25575	25802
117457407	1	145	8.068E-33	2	19266	24642	444	81	0.430	8.787E-15	0	102	190	19266	19562	297	19248	19580
117457407	1	145	8.068E-33	2	19266	24642	553	70	0.473	5.883E-11	110	187	190	24418	24642	225	24352	24681
117797820	1	81	1.488E-13	1	2692	3111	67	81	0.346	2.076E-13	17	156	161	2692	3111	420	2536	3138
117904649	-1	95	9.084E-18	1	36333	36902	1141	95	0.315	6.054E-18	98	285	286	-36902	-36333	570	36905	36264
117906653	-1	101	1.419E-19	1	36279	36902	1141	101	0.310	5.784E-20	42	249	389	-36902	-36279	624	36905	36264
117937354	-1	124	1.692E-26	1	35168	36127	1160	124	0.263	4.175E-26	41	379	416	-36127	-35168	960	36214	35117
118052252	1	80	2.977E-13	1	2692	3111	67	80	0.342	5.240E-13	17	156	161	2692	3111	420	2536	3138
118397894	1	84	1.860E-14	1	2695	3114	67	84	0.354	2.387E-14	44	183	187	2695	3114	420	2536	3138
120138186	1	86	4.651E-15	1	2737	3117	67	86	0.386	5.081E-15	42	168	171	2737	3117	381	2536	3138
121411162	1	253	2.486E-65	3	24955	25802	565	114	0.507	4.117E-24	196	313	471	24955	25302	348	24685	25392
121411162	1	253	2.486E-65	3	24955	25802	567	60	0.494	2.713E-08	320	381	471	25373	25525	153	25373	25540
121411162	1	253	2.486E-65	3	24955	25802	572	84	0.494	1.975E-16	381	469	471	25587	25802	216	25575	25802
123743352	-1	114	1.733E-23	1	35147	36133	1160	114	0.241	1.033E-22	274	635	657	-36133	-35147	987	36214	35117
125212770	1	123	3.384E-26	1	2710	3135	67	123	0.455	9.702E-28	7	153	176	2710	3135	426	2536	3138
129743321	1	113	3.465E-23	1	2713	3138	67	113	0.437	3.291E-24	25	166	195	2713	3138	426	2536	3138
131082726	1	244	1.273E-62	4	20116	23998	457	45	0.575	6.509E-03	36	73	227	20116	20229	114	20113	20316
131082726	1	244	1.273E-62	4	20116	23998	461	101	0.851	1.432E-22	74	129	227	20300	20467	168	20294	20491
131082726	1	244	1.273E-62	4	20116	23998	532	60	0.838	1.112E-08	136	168	227	23575	23673	99	23560	23676
131082726	1	244	1.273E-62	4	20116	23998	538	62	0.804	4.897E-09	191	226	227	23891	23998	108	23819	23998
131107886	-1	300	1.766E-79	2	35180	36875	1141	124	0.380	6.043E-28	124	311	627	-36875	-36306	570	36905	36264
131107886	-1	300	1.766E-79	2	35180	36875	1160	177	0.347	6.925E-44	310	621	627	-36115	-35180	936	36214	35117
131108904	-1	263	2.428E-68	2	35168	36902	1141	153	0.434	1.347E-37	73	266	520	-36902	-36318	585	36905	36264
131108904	-1	263	2.428E-68	2	35168	36902	1160	132	0.283	1.810E-28	290	516	520	-36115	-35168	948	36214	35117
131109146	-1	189	4.586E-46	2	35726	36875	1141	91	0.405	1.336E-16	72	197	350	-36875	-36498	378	36905	36264
131109146	-1	189	4.586E-46	2	35726	36875	1160	99	0.423	1.126E-17	200	328	350	-36109	-35726	384	36214	35117
131109205	-1	119	5.414E-25	1	35177	36124	1160	119	0.267	2.092E-24	291	565	572	-36124	-35177	948	36214	35117
131145992	-1	181	1.174E-43	2	35207	36692	1141	106	0.441	1.391E-21	54	183	424	-36692	-36300	393	36905	36264
131145992	-1	181	1.174E-43	2	35207	36692	1160	89	0.316	1.743E-14	199	374	424	-35734	-35207	528	36214	35117
131150690	-1	127	2.115E-27	1	35177	36127	1160	127	0.276	6.826E-27	262	554	563	-36127	-35177	951	36214	35117
131212703	-1	153	3.152E-35	1	35174	36121	1160	153	0.311	1.303E-35	159	474	475	-36121	-35174	948	36214	35117
131245773	1	180	2.348E-43	3	20300	23998	461	93	0.791	8.170E-20	78	133	250	20300	20467	168	20294	20491
131245773	1	180	2.348E-43	3	20300	23998	532	56	0.792	1.962E-07	140	172	250	23575	23673	99	23560	23676
131245773	1	180	2.348E-43	3	20300	23998	538	57	0.738	4.246E-07	195	230	250	23891	23998	108	23819	23998
131380109	-1	124	1.692E-26	1	35444	36214	1160	124	0.305	4.175E-26	236	499	500	-36214	-35444	771	36214	35117
131380446	-1	141	1.291E-31	1	35174	35950	1160	141	0.335	1.676E-31	0	258	259	-35950	-35174	777	36214	35117
131383368	-1	128	1.057E-27	1	35171	35908	1160	128	0.311	2.038E-27	4	268	276	-35908	-35171	738	36214	35117
131409241	1	180	2.348E-43	3	20300	23998	461	91	0.776	3.995E-19	81	136	235	20300	20467	168	20294	20491
131409241	1	180	2.348E-43	3	20300	23998	532	54	0.760	1.332E-06	143	175	235	23575	23673	99	23560	23676
131409241	1	180	2.348E-43	3	20300	23998	538	61	0.795	9.262E-09	198	233	235	23891	23998	108	23819	23998
131428678	1	228	8.342E-58	4	20116	23995	457	44	0.532	1.233E-02	7	47	199	20116	20238	123	20113	20316
131428678	1	228	8.342E-58	4	20116	23995	461	94	0.782	5.948E-20	45	101	199	20297	20467	171	20294	20491
131428678	1	228	8.342E-58	4	20116	23995	532	56	0.792	1.962E-07	108	140	199	23575	23673	99	23560	23676
131428678	1	228	8.342E-58	4	20116	23995	538	61	0.810	1.274E-08	163	197	199	23891	23995	105	23819	23998
131639499	1	60	3.121E-07	1	19631	19888	452	60	0.383	1.998E-06	30	116	120	19631	19888	258	19559	20065
131652741	1	91	1.453E-16	1	19625	19891	452	91	0.524	5.877E-17	1	87	102	19625	19891	267	19559	20065
131678806	1	241	1.018E-61	3	19323	24645	444	89	0.588	1.576E-17	123	198	379	19323	19550	228	19248	19580
131678806	1	241	1.018E-61	3	19323	24645	452	88	0.570	3.837E-16	209	286	379	19652	19885	234	19559	20065
131678806	1	241	1.018E-61	3	19323	24645	553	81	0.515	1.156E-14	296	376	379	24403	24645	243	24352	24681
131773736	-1	201	1.120E-49	1	36300	36869	1141	201	0.550	2.232E-54	180	363	370	-36869	-36300	570	36905	36264
131811902	1	184	1.468E-44	3	19736	23673	452	78	0.397	1.752E-12	4	77	272	19736	20062	327	19559	20065
131811902	1	184	1.468E-44	3	19736	23673	461	91	0.770	7.538E-19	117	172	272	20297	20464	168	20294	20491
131811902	1	184	1.468E-44	3	19736	23673	532	59	0.823	2.894E-08	180	212	272	23575	23673	99	23560	23676
131839113	1	234	1.303E-59	4	19658	23995	452	95	0.400	1.374E-18	47	143	339	19658	20059	402	19559	20065
131839113	1	234	1.303E-59	4	19658	23995	461	90	0.776	1.422E-18	185	239	339	20300	20464	165	20294	20491
131839113	1	234	1.303E-59	4	19658	23995	532	59	0.823	2.894E-08	247	279	339	23575	23673	99	23560	23676
131839113	1	234	1.303E-59	4	19658	23995	538	56	0.752	5.841E-07	302	336	339	23891	23995	105	23819	23998
132001228	-1	91	1.453E-16	1	35168	35623	1160	91	0.350	5.409E-15	2	155	183	-35623	-35168	456	36214	35117
132038752	1	120	2.707E-25	1	2680	3135	67	120	0.421	1.185E-26	130	288	292	2680	3135	456	2536	3138
132499805	1	88	1.163E-15	1	2728	3102	67	88	0.397	1.080E-15	31	155	174	2728	3102	375	2536	3138
136817995	1	60	3.121E-07	1	25677	25802	572	60	0.683	5.172E-08	0	41	46	25677	25802	126	25575	25802
137365928	1	127	2.115E-27	1	2713	3138	67	127	0.476	4.239E-29	6	148	167	2713	3138	426	2536	3138
140958105	1	79	5.953E-13	1	2692	3111	67	79	0.338	1.799E-12	23	158	163	2692	3111	420	2536	3138
141834638	1	124	1.692E-26	1	2713	3138	67	124	0.468	3.794E-28	5	147	151	2713	3138	426	2536	3138
142215621	-1	90	2.907E-16	1	35312	36115	1160	90	0.236	9.712E-15	120	413	424	-36115	-35312	804	36214	35117
144861633	1	115	8.663E-24	1	2695	3135	67	115	0.428	5.049E-25	17	165	191	2695	3135	441	2536	3138
145649454	-1	134	1.652E-29	1	35171	36127	1160	134	0.284	2.936E-29	246	550	554	-36127	-35171	957	36214	35117
145660679	1	196	3.583E-48	3	20300	23995	461	100	0.839	5.094E-22	74	129	227	20300	20467	168	20294	20491
145660679	1	196	3.583E-48	3	20300	23995	532	58	0.812	5.476E-08	136	168	227	23575	23673	99	23560	23676
145660679	1	196	3.583E-48	3	20300	23995	538	64	0.854	7.243E-10	191	225	227	23891	23995	105	23819	23998
145688006	-1	80	2.977E-13	1	35180	35377	1160	80	0.600	1.396E-11	63	128	129	-35377	-35180	198	36214	35117
145692438	-1	228	8.342E-58	2	35315	36875	1141	100	0.355	1.076E-19	124	287	569	-36875	-36372	504	36905	36264
145692438	-1	228	8.342E-58	2	35315	36875	1160	136	0.304	8.722E-30	279	568	569	-36106	-35315	792	36214	35117
145693010	-1	156	3.939E-36	1	36318	36902	1141	156	0.441	1.096E-38	45	238	281	-36902	-36318	585	36905	36264
145712688	1	211	1.093E-52	4	20116	23998	457	44	0.582	2.336E-02	36	71	227	20116	20223	108	20113	20316
145712688	1	211	1.093E-52	4	20116	23998	461	104	0.869	2.135E-23	73	128	227	20300	20467	168	20294	20491
145712688	1	211	1.093E-52	4	20116	23998	536	33	0.639	3.555E+01	167	190	227	23754	23825	72	23724	23864
145712688	1	211	1.093E-52	4	20116	23998	538	64	0.823	1.370E-09	191	226	227	23891	23998	108	23819	23998
145720279	-1	100	2.839E-19	1	36318	36902	1141	100	0.320	1.467E-19	139	329	360	-36902	-36318	585	36905	36264
145852711	-1	81	1.488E-13	1	36498	36764	1141	81	0.481	2.970E-13	1	89	93	-36764	-36498	267	36905	36264
145874576	1	250	1.989E-64	4	20113	23998	457	55	0.671	2.237E-06	34	72	226	20113	20229	117	20113	20316
145874576	1	250	1.989E-64	4	20113	23998	461	99	0.833	9.609E-22	73	128	226	20300	20467	168	20294	20491
145874576	1	250	1.989E-64	4	20113	23998	532	59	0.828	2.103E-08	135	167	226	23575	23673	99	23560	23676
145874576	1	250	1.989E-64	4	20113	23998	538	61	0.790	1.274E-08	190	225	226	23891	23998	108	23819	23998
145921019	-1	77	2.381E-12	1	35168	35971	1160	77	0.226	1.054E-10	0	272	276	-35971	-35168	804	36214	35117
145972856	1	232	5.214E-59	4	20113	23825	457	45	0.587	6.509E-03	38	74	230	20113	20223	111	20113	20316
145972856	1	232	5.214E-59	4	20113	23825	461	99	0.836	6.997E-22	76	131	230	20300	20467	168	20294	20491
145972856	1	232	5.214E-59	4	20113	23825	532	58	0.812	5.476E-08	138	170	230	23575	23673	99	23560	23676
145972856	1	232	5.214E-59	4	20113	23825	536	34	0.646	2.576E+01	169	192	230	23754	23825	72	23724	23864
145974785	-1	141	1.291E-31	1	35180	35818	1160	141	0.385	9.117E-32	1	212	215	-35818	-35180	639	36214	35117
146174093	-1	69	6.096E-10	1	35180	35629	1160	69	0.294	4.364E-08	26	176	209	-35629	-35180	450	36214	35117
146219985	1	93	3.633E-17	1	24715	25104	565	93	0.379	9.804E-17	26	165	193	24715	25104	390	24685	25392
146290844	-1	113	3.465E-23	1	36315	36764	1141	113	0.418	7.007E-24	7	151	242	-36764	-36315	450	36905	36264
146312434	1	124	1.692E-26	1	2566	3135	67	124	0.378	7.095E-28	97	273	277	2566	3135	570	2536	3138
146314721	-1	243	2.546E-62	2	36300	37072	1130	37	0.679	3.083E+00	1	25	292	-37072	-36998	75	37093	36926
146314721	-1	243	2.546E-62	2	36300	37072	1141	217	0.560	5.574E-60	38	232	292	-36902	-36300	603	36905	36264
146352790	1	79	5.953E-13	1	19625	19891	452	79	0.463	6.879E-13	56	145	156	19625	19891	267	19559	20065
146382187	1	173	3.006E-41	3	19712	23673	452	70	0.354	4.723E-10	0	78	274	19712	20059	348	19559	20065
146382187	1	173	3.006E-41	3	19712	23673	461	90	0.776	1.422E-18	120	174	274	20300	20464	165	20294	20491
146382187	1	173	3.006E-41	3	19712	23673	532	59	0.823	2.894E-08	182	214	274	23575	23673	99	23560	23676
146469128	1	189	4.586E-46	2	19649	25164	452	98	0.617	1.533E-19	159	237	418	19649	19885	237	19559	20065
146469128	1	189	4.586E-46	2	19649	25164	565	99	0.376	7.129E-19	247	363	418	24709	25164	456	24685	25392
146469383	1	102	7.097E-20	1	24715	24948	565	102	0.647	4.437E-20	0	77	85	24715	24948	234	24685	25392
146472641	1	94	1.817E-17	1	24709	24978	565	94	0.536	2.868E-17	55	144	146	24709	24978	270	24685	25392
146473942	1	69	6.096E-10	1	19772	20059	452	69	0.398	1.634E-09	1	58	165	19772	20059	288	19559	20065
146475064	1	177	1.878E-42	2	19323	19891	444	85	0.513	3.721E-16	17	102	185	19323	19574	252	19248	19580
146475064	1	177	1.878E-42	2	19323	19891	452	91	0.571	5.877E-17	103	182	185	19652	19891	240	19559	20065
146593045	1	78	1.191E-12	1	43446	43700	960	78	0.480	9.220E-13	2	86	93	43446	43700	255	43389	43865
147130067	-1	93	3.633E-17	1	35168	35971	1160	93	0.238	9.320E-16	0	298	326	-35971	-35168	804	36214	35117
147239551	-1	103	3.548E-20	1	35174	36127	1160	103	0.238	4.345E-19	216	549	574	-36127	-35174	954	36214	35117
150795930	1	253	2.486E-65	3	24955	25802	565	115	0.508	3.019E-24	196	313	471	24955	25302	348	24685	25392
150795930	1	253	2.486E-65	3	24955	25802	567	59	0.488	5.133E-08	320	381	471	25373	25525	153	25373	25540
150795930	1	253	2.486E-65	3	24955	25802	572	84	0.494	1.975E-16	381	469	471	25587	25802	216	25575	25802
152056185	-1	85	9.302E-15	1	36315	36878	1141	85	0.294	1.862E-14	7	185	244	-36878	-36315	564	36905	36264
153215662	1	116	4.331E-24	1	2713	3138	67	116	0.442	3.694E-25	5	147	169	2713	3138	426	2536	3138
154183829	-1	106	4.435E-21	1	35156	36127	1160	106	0.236	7.318E-20	180	527	553	-36127	-35156	972	36214	35117
155486585	1	209	4.374E-52	4	20113	23995	457	52	0.641	2.084E-05	47	85	238	20113	20229	117	20113	20316
155486585	1	209	4.374E-52	4	20113	23995	461	98	0.840	1.813E-21	86	140	238	20300	20464	165	20294	20491
155486585	1	209	4.374E-52	4	20113	23995	536	33	0.639	3.555E+01	178	201	238	23754	23825	72	23724	23864
155486585	1	209	4.374E-52	4	20113	23995	538	59	0.786	6.269E-08	202	236	238	23891	23995	105	23819	23998
160191217	-1	296	2.826E-78	2	35180	36875	1141	121	0.373	7.347E-27	117	304	620	-36875	-36306	570	36905	36264
160191217	-1	296	2.826E-78	2	35180	36875	1160	176	0.345	1.747E-43	303	614	620	-36115	-35180	936	36214	35117
160250637	-1	97	2.271E-18	1	36330	36899	1141	97	0.315	1.753E-18	84	276	311	-36899	-36330	570	36905	36264
160387012	-1	74	1.905E-11	1	35174	35719	1160	74	0.267	7.902E-10	85	276	313	-35719	-35174	546	36214	35117
160428829	-1	85	9.302E-15	1	35540	36106	1160	85	0.279	4.302E-13	76	279	294	-36106	-35540	567	36214	35117
160501025	-1	70	3.048E-10	1	35144	35464	1160	70	0.367	1.391E-08	10	119	120	-35464	-35144	321	36214	35117
160501551	-1	97	2.271E-18	1	35144	36115	1160	97	0.234	4.923E-17	72	347	348	-36115	-35144	972	36214	35117
160693978	1	241	1.018E-61	4	20300	23995	461	93	0.791	8.170E-20	73	128	225	20300	20467	168	20294	20491
160693978	1	241	1.018E-61	4	20300	23995	532	54	0.766	9.679E-07	135	167	225	23575	23673	99	23560	23676
160693978	1	241	1.018E-61	4	20300	23995	536	34	0.646	2.576E+01	166	189	225	23754	23825	72	23724	23864
160693978	1	241	1.018E-61	4	20300	23995	538	64	0.844	1.370E-09	190	224	225	23891	23995	105	23819	23998
160857451	1	357	1.226E-96	5	20113	23995	457	66	0.780	2.183E-10	42	81	235	20113	20229	117	20113	20316
160857451	1	357	1.226E-96	5	20113	23995	461	113	0.954	1.451E-26	82	136	235	20300	20464	165	20294	20491
160857451	1	357	1.226E-96	5	20113	23995	532	67	0.936	2.611E-11	144	176	235	23575	23673	99	23560	23676
160857451	1	357	1.226E-96	5	20113	23995	536	43	0.819	1.153E-02	175	198	235	23754	23825	72	23724	23864
160857451	1	357	1.226E-96	5	20113	23995	538	71	0.937	3.235E-12	199	233	235	23891	23995	105	23819	23998
161014675	1	96	4.542E-18	1	24709	25059	565	96	0.446	4.527E-18	32	148	203	24709	25059	351	24685	25392
161084232	-1	79	5.953E-13	1	35126	35608	1160	79	0.309	2.489E-11	15	170	182	-35608	-35126	483	36214	35117
161130550	-1	82	7.441E-14	1	35732	36160	1160	82	0.336	2.457E-12	67	214	250	-36160	-35732	429	36214	35117
161170979	1	137	2.065E-30	1	29498	29818	648	137	0.627	1.607E-33	25	133	146	29498	29818	321	29456	29863
161170979	-1	121	1.354E-25	1	29098	29370	1280	121	0.656	2.124E-28	25	115	146	-29370	-29098	273	29421	29071
161263040	-1	108	1.109E-21	1	35267	36178	1160	108	0.250	9.116E-21	239	557	564	-36178	-35267	912	36214	35117
161549626	1	85	9.302E-15	1	2692	3111	67	85	0.358	9.435E-15	6	141	146	2692	3111	420	2536	3138
161614026	1	76	4.762E-12	1	2728	3111	67	76	0.351	1.142E-11	60	187	248	2728	3111	384	2536	3138
161938180	-1	83	3.721E-14	1	35177	36010	1160	83	0.222	1.029E-12	125	430	473	-36010	-35177	834	36214	35117
166392705	-1	80	2.977E-13	1	36453	36878	1141	80	0.339	7.465E-13	7	148	273	-36878	-36453	426	36905	36264
166619554	1	125	8.460E-27	1	2713	3138	67	125	0.470	2.029E-28	5	147	151	2713	3138	426	2536	3138
167274902	1	117	2.166E-24	1	2737	3135	67	117	0.457	1.977E-25	11	148	151	2737	3135	399	2536	3138
167879722	1	90	2.907E-16	1	2686	3117	67	90	0.350	3.126E-16	23	174	177	2686	3117	432	2536	3138
171449091	1	237	1.629E-60	4	20116	23998	457	46	0.552	2.497E-03	36	76	228	20116	20238	123	20113	20316
171449091	1	237	1.629E-60	4	20116	23998	461	96	0.797	1.217E-20	74	130	228	20297	20467	171	20294	20491
171449091	1	237	1.629E-60	4	20116	23998	532	56	0.786	2.700E-07	137	169	228	23575	23673	99	23560	23676
171449091	1	237	1.629E-60	4	20116	23998	538	66	0.847	2.786E-10	192	227	228	23891	23998	108	23819	23998
171897678	-1	74	1.905E-11	1	35168	35689	1160	74	0.256	1.053E-09	7	211	242	-35689	-35168	522	36214	35117
173945809	1	116	4.331E-24	1	2713	3135	67	116	0.432	2.702E-25	3	150	153	2713	3135	423	2536	3138
174724159	1	239	4.073E-61	4	20297	23995	461	96	0.803	6.450E-21	71	127	224	20297	20467	171	20294	20491
174724159	1	239	4.073E-61	4	20297	23995	532	55	0.781	3.715E-07	134	166	224	23575	23673	99	23560	23676
174724159	1	239	4.073E-61	4	20297	23995	536	33	0.639	3.555E+01	165	188	224	23754	23825	72	23724	23864
174724159	1	239	4.073E-61	4	20297	23995	538	59	0.791	4.558E-08	189	223	224	23891	23995	105	23819	23998
174771467	-1	109	5.544E-22	1	36438	36902	1141	109	0.400	8.460E-23	36	190	238	-36902	-36438	465	36905	36264
174771626	-1	111	1.386E-22	1	36324	36863	1141	111	0.363	2.435E-23	43	207	210	-36863	-36324	540	36905	36264
174771720	-1	125	8.460E-27	1	36318	36830	1141	125	0.412	3.236E-28	7	176	208	-36830	-36318	513	36905	36264
174811837	1	98	1.135E-18	1	20300	20467	461	98	0.824	2.489E-21	40	95	112	20300	20467	168	20294	20491
174839058	1	158	9.848E-37	2	20113	20467	457	59	0.715	9.245E-08	2	40	113	20113	20229	117	20113	20316
174839058	1	158	9.848E-37	2	20113	20467	461	98	0.824	2.489E-21	41	96	113	20300	20467	168	20294	20491
174931654	1	134	1.652E-29	3	20116	23825	457	45	0.575	6.509E-03	34	71	204	20116	20229	114	20113	20316
174931654	1	134	1.652E-29	3	20116	23825	461	96	0.812	8.859E-21	71	126	204	20300	20467	168	20294	20491
174931654	1	134	1.652E-29	3	20116	23825	536	33	0.701	6.777E+01	168	188	204	23763	23825	63	23724	23864
175003700	-1	75	9.525E-12	1	36318	36614	1141	75	0.416	4.014E-11	11	109	155	-36614	-36318	297	36905	36264
175004581	-1	81	1.488E-13	1	35171	35347	1160	81	0.668	5.860E-12	18	76	77	-35347	-35171	177	36214	35117
175008203	-1	67	2.438E-09	1	35171	35362	1160	67	0.529	1.818E-07	2	65	73	-35362	-35171	192	36214	35117
175016422	-1	66	4.877E-09	1	35180	35362	1160	66	0.541	4.275E-07	2	62	77	-35362	-35180	183	36214	35117
175106305	1	246	3.182E-63	4	20300	23995	461	99	0.836	6.997E-22	73	128	225	20300	20467	168	20294	20491
175106305	1	246	3.182E-63	4	20300	23995	532	54	0.766	9.679E-07	135	167	225	23575	23673	99	23560	23676
175106305	1	246	3.182E-63	4	20300	23995	536	36	0.697	2.704E+00	166	189	225	23754	23825	72	23724	23864
175106305	1	246	3.182E-63	4	20300	23995	538	61	0.810	1.274E-08	190	224	225	23891	23995	105	23819	23998
175163566	-1	97	2.271E-18	1	36330	36899	1141	97	0.315	1.753E-18	148	340	341	-36899	-36330	570	36905	36264
175198533	-1	69	6.096E-10	1	35144	35374	1160	69	0.471	3.279E-08	12	87	98	-35374	-35144	231	36214	35117
175278865	1	96	4.542E-18	1	19266	19562	444	96	0.490	7.288E-20	4	106	111	19266	19562	297	19248	19580
175397048	-1	207	1.749E-51	2	36408	37072	1130	36	0.682	8.082E+00	78	101	286	-37072	-37001	72	37093	36926
175397048	-1	207	1.749E-51	2	36408	37072	1141	183	0.570	4.268E-48	115	279	286	-36902	-36408	495	36905	36264
175398988	-1	127	2.115E-27	1	36267	36509	1141	127	0.757	6.784E-29	0	80	114	-36509	-36267	243	36905	36264
175434039	1	304	1.104E-80	4	19293	23673	444	92	0.525	2.363E-18	17	106	403	19293	19562	270	19248	19580
175434039	1	304	1.104E-80	4	19293	23673	452	104	0.419	1.903E-21	107	208	403	19652	20062	411	19559	20065
175434039	1	304	1.104E-80	4	19293	23673	461	91	0.770	7.538E-19	248	303	403	20297	20464	168	20294	20491
175434039	1	304	1.104E-80	4	19293	23673	532	59	0.823	2.894E-08	311	343	403	23575	23673	99	23560	23676
175437157	1	123	3.384E-26	1	2566	3135	67	123	0.376	1.814E-27	97	279	283	2566	3135	570	2536	3138
175481472	-1	132	6.609E-29	1	35171	36208	1160	132	0.262	9.874E-29	219	581	592	-36208	-35171	1038	36214	35117
176079702	1	79	5.953E-13	1	2698	3111	67	79	0.334	1.799E-12	70	211	217	2698	3111	414	2536	3138
176144987	-1	89	5.813E-16	1	35171	36142	1160	89	0.212	2.334E-14	147	505	551	-36142	-35171	972	36214	35117
176238835	-1	81	1.488E-13	1	35159	36127	1160	81	0.206	7.828E-12	102	447	465	-36127	-35159	969	36214	35117
176307837	-1	123	3.384E-26	1	35168	36127	1160	123	0.261	1.032E-25	265	604	639	-36127	-35168	960	36214	35117
176381031	-1	77	2.381E-12	1	36471	36902	1141	77	0.324	8.685E-12	131	276	283	-36902	-36471	432	36905	36264
176554262	-1	65	9.753E-09	1	35174	35428	1160	65	0.408	7.555E-07	46	132	162	-35428	-35174	255	36214	35117
179567099	1	251	9.944E-65	3	24955	25802	565	113	0.501	1.423E-23	196	313	471	24955	25302	348	24685	25392
179567099	1	251	9.944E-65	3	24955	25802	567	59	0.488	5.133E-08	320	381	471	25373	25525	153	25373	25540
179567099	1	251	9.944E-65	3	24955	25802	572	84	0.494	1.975E-16	381	469	471	25587	25802	216	25575	25802
181248705	1	127	2.115E-27	1	2698	3138	67	127	0.463	5.798E-29	3	150	176	2698	3138	441	2536	3138
181349276	-1	101	1.419E-19	1	35156	36127	1160	101	0.230	2.569E-18	258	605	631	-36127	-35156	972	36214	35117
183124229	1	453	1.547E-125	5	19838	23837	452	123	0.796	2.880E-28	0	73	239	19838	20059	222	19559	20065
183124229	1	453	1.547E-125	5	19838	23837	457	81	0.959	1.700E-15	74	112	239	20113	20229	117	20113	20316
183124229	1	453	1.547E-125	5	19838	23837	461	125	1.000	7.839E-31	112	167	239	20297	20464	168	20294	20491
183124229	1	453	1.547E-125	5	19838	23837	532	74	1.000	1.167E-13	175	207	239	23575	23673	99	23560	23676
183124229	1	453	1.547E-125	5	19838	23837	536	54	0.886	1.486E-06	206	233	239	23754	23837	84	23724	23864
184787864	1	885	1.395E-255	4	24358	25802	553	188	0.891	6.995E-52	0	99	424	24358	24651	294	24352	24681
184787864	1	885	1.395E-255	4	24358	25802	565	419	0.958	1.767E-129	95	301	424	24691	25311	621	24685	25392
184787864	1	885	1.395E-255	4	24358	25802	567	116	1.000	5.024E-28	302	352	424	25373	25525	153	25373	25540
184787864	1	885	1.395E-255	4	24358	25802	572	164	1.000	3.151E-44	352	423	424	25587	25802	216	25575	25802
184926251	1	332	4.113E-89	5	19658	23998	452	89	0.379	2.807E-16	34	130	323	19658	20059	402	19559	20065
184926251	1	332	4.113E-89	5	19658	23998	457	54	0.623	4.232E-06	131	171	323	20113	20238	126	20113	20316
184926251	1	332	4.113E-89	5	19658	23998	461	101	0.851	1.432E-22	169	224	323	20297	20464	168	20294	20491
184926251	1	332	4.113E-89	5	19658	23998	532	53	0.745	3.472E-06	232	264	323	23575	23673	99	23560	23676
184926251	1	332	4.113E-89	5	19658	23998	538	61	0.795	9.262E-09	287	322	323	23891	23998	108	23819	23998
185669203	-1	204	1.400E-50	2	35174	36884	1141	102	0.317	3.109E-20	332	533	869	-36884	-36279	606	36905	36264
185669203	-1	204	1.400E-50	2	35174	36884	1160	112	0.248	6.217E-22	523	859	869	-36115	-35174	942	36214	35117
187589194	1	306	2.760E-81	3	24931	25793	565	153	0.581	3.064E-37	7	140	268	24931	25317	387	24685	25392
187589194	1	306	2.760E-81	3	24931	25793	567	63	0.607	1.541E-09	147	197	268	25382	25528	147	25373	25540
187589194	1	306	2.760E-81	3	24931	25793	572	96	0.676	1.991E-20	196	263	268	25587	25793	207	25575	25802
188675992	-1	66	4.877E-09	1	35174	35470	1160	66	0.370	4.275E-07	2	102	139	-35470	-35174	297	36214	35117
189270224	1	238	8.146E-61	4	20116	23995	457	48	0.601	9.584E-04	36	73	227	20116	20229	114	20113	20316
189270224	1	238	8.146E-61	4	20116	23995	461	95	0.803	2.295E-20	74	129	227	20300	20467	168	20294	20491
189270224	1	238	8.146E-61	4	20116	23995	532	57	0.807	7.534E-08	136	168	227	23575	23673	99	23560	23676
189270224	1	238	8.146E-61	4	20116	23995	538	62	0.825	4.897E-09	191	225	227	23891	23995	105	23819	23998
189274437	-1	183	2.935E-44	1	35204	36115	1160	183	0.361	6.757E-46	263	563	578	-36115	-35204	912	36214	35117
189307308	1	194	1.433E-47	3	20297	23995	461	98	0.830	1.320E-21	86	141	239	20297	20464	168	20294	20491
189307308	1	194	1.433E-47	3	20297	23995	532	59	0.801	2.894E-08	149	182	239	23575	23676	102	23560	23676
189307308	1	194	1.433E-47	3	20297	23995	538	61	0.771	1.274E-08	202	238	239	23885	23995	111	23819	23998
189471204	1	153	3.152E-35	3	20116	23998	457	48	0.606	6.965E-04	36	73	227	20116	20229	114	20113	20316
189471204	1	153	3.152E-35	3	20116	23998	461	102	0.854	1.043E-22	73	128	227	20300	20467	168	20294	20491
189471204	1	153	3.152E-35	3	20116	23998	538	64	0.828	9.960E-10	191	226	227	23891	23998	108	23819	23998
189471315	1	143	3.227E-32	3	20116	23998	457	47	0.592	1.815E-03	36	73	227	20116	20229	114	20113	20316
189471315	1	143	3.227E-32	3	20116	23998	461	97	0.818	4.696E-21	73	128	227	20300	20467	168	20294	20491
189471315	1	143	3.227E-32	3	20116	23998	538	60	0.781	2.409E-08	191	226	227	23891	23998	108	23819	23998
189548999	-1	77	2.381E-12	1	35171	35341	1160	77	0.658	1.054E-10	0	56	57	-35341	-35171	171	36214	35117
189701276	-1	65	9.753E-09	1	35174	35362	1160	65	0.522	7.555E-07	19	81	91	-35362	-35174	189	36214	35117
189732131	-1	95	9.084E-18	1	35180	35971	1160	95	0.247	1.599E-16	0	285	305	-35971	-35180	792	36214	35117
189846311	1	243	2.546E-62	3	19323	24645	444	89	0.588	1.576E-17	123	198	379	19323	19550	228	19248	19580
189846311	1	243	2.546E-62	3	19323	24645	452	90	0.578	1.099E-16	209	286	379	19652	19885	234	19559	20065
189846311	1	243	2.546E-62	3	19323	24645	553	81	0.515	1.156E-14	296	376	379	24403	24645	243	24352	24681
189895687	1	84	1.860E-14	1	19643	19891	452	84	0.522	8.728E-15	14	95	162	19643	19891	249	19559	20065
189939284	1	424	8.306E-117	3	24964	25802	565	183	0.736	1.403E-47	21	141	264	24964	25311	348	24685	25392
189939284	1	424	8.306E-117	3	24964	25802	567	103	0.958	1.764E-23	143	192	264	25376	25525	150	25373	25540
189939284	1	424	8.306E-117	3	24964	25802	572	137	0.895	9.656E-35	192	263	264	25587	25802	216	25575	25802
189940422	-1	338	6.426E-91	1	36270	36905	1141	338	0.776	1.025E-101	20	227	228	-36905	-36270	636	36905	36264
189940593	-1	199	4.479E-49	1	36294	36905	1141	199	0.515	1.474E-53	94	293	362	-36905	-36294	612	36905	36264
189972821	1	90	2.907E-16	1	24715	25017	565	90	0.462	6.185E-16	26	129	161	24715	25017	303	24685	25392
190096110	1	100	2.839E-19	1	19658	20059	452	100	0.414	4.377E-20	27	122	141	19658	20059	402	19559	20065
190116606	-1	392	3.567E-107	2	35174	36905	1141	160	0.414	3.475E-40	116	333	669	-36905	-36276	630	36905	36264
190116606	-1	392	3.567E-107	2	35174	36905	1160	231	0.402	4.577E-62	335	664	669	-36160	-35174	987	36214	35117
190168030	-1	70	3.048E-10	1	35171	35368	1160	70	0.537	1.851E-08	37	102	128	-35368	-35171	198	36214	35117
190253265	1	138	1.033E-30	1	29489	29818	648	138	0.619	4.547E-34	22	133	146	29489	29818	330	29456	29863
190253265	-1	123	3.384E-26	1	29098	29379	1280	123	0.646	5.998E-29	22	115	146	-29379	-29098	282	29421	29071
191001163	-1	104	1.774E-20	1	36276	36902	1141	104	0.309	6.579E-21	40	254	395	-36902	-36276	627	36905	36264
195408279	1	129	5.287E-28	1	2695	3138	67	129	0.466	1.211E-29	0	148	174	2695	3138	444	2536	3138
196048959	1	244	1.273E-62	4	20300	23998	461	99	0.833	9.609E-22	84	139	237	20300	20467	168	20294	20491
196048959	1	244	1.273E-62	4	20300	23998	532	55	0.776	5.112E-07	146	178	237	23575	23673	99	23560	23676
196048959	1	244	1.273E-62	4	20300	23998	536	34	0.735	1.866E+01	180	200	237	23763	23825	63	23724	23864
196048959	1	244	1.273E-62	4	20300	23998	538	58	0.757	1.186E-07	201	236	237	23891	23998	108	23819	23998
197573429	1	121	1.354E-25	1	2713	3135	67	121	0.461	8.670E-27	7	146	153	2713	3135	423	2536	3138
202802534	1	241	1.018E-61	4	20116	23998	457	48	0.565	9.584E-04	36	76	228	20116	20238	123	20113	20316
202802534	1	241	1.018E-61	4	20116	23998	461	98	0.814	1.813E-21	74	130	228	20297	20467	171	20294	20491
202802534	1	241	1.018E-61	4	20116	23998	532	56	0.786	2.700E-07	137	169	228	23575	23673	99	23560	23676
202802534	1	241	1.018E-61	4	20116	23998	538	66	0.847	2.786E-10	192	227	228	23891	23998	108	23819	23998
203819471	-1	79	5.953E-13	1	35675	36091	1160	79	0.337	2.489E-11	5	145	171	-36091	-35675	417	36214	35117
203857042	-1	191	1.147E-46	2	35519	36887	1141	102	0.336	4.241E-20	129	309	549	-36887	-36336	552	36905	36264
203857042	-1	191	1.147E-46	2	35519	36887	1160	89	0.284	2.334E-14	309	509	549	-36142	-35519	624	36214	35117
203857771	-1	180	2.348E-43	2	35519	36875	1141	79	0.345	1.379E-12	122	258	519	-36875	-36471	405	36905	36264
203857771	-1	180	2.348E-43	2	35519	36875	1160	100	0.290	3.454E-18	260	488	519	-36127	-35519	609	36214	35117
203858825	-1	106	4.435E-21	1	36318	36872	1141	106	0.344	1.898E-21	18	185	232	-36872	-36318	555	36905	36264
203866226	1	235	6.517E-60	4	20116	23998	457	44	0.569	2.336E-02	36	72	227	20116	20226	111	20113	20316
203866226	1	235	6.517E-60	4	20116	23998	461	92	0.782	2.117E-19	74	129	227	20300	20467	168	20294	20491
203866226	1	235	6.517E-60	4	20116	23998	532	61	0.854	4.271E-09	136	168	227	23575	23673	99	23560	23676
203866226	1	235	6.517E-60	4	20116	23998	538	62	0.800	6.735E-09	191	226	227	23891	23998	108	23819	23998
203966184	1	194	1.433E-47	3	20116	23673	457	46	0.548	3.437E-03	35	75	232	20116	20238	123	20113	20316
203966184	1	194	1.433E-47	3	20116	23673	461	95	0.806	1.671E-20	74	129	232	20300	20467	168	20294	20491
203966184	1	194	1.433E-47	3	20116	23673	532	59	0.828	2.103E-08	136	168	232	23575	23673	99	23560	23676
204014166	1	154	1.576E-35	2	20116	20467	457	52	0.686	2.084E-05	35	70	138	20116	20223	108	20113	20316
204014166	1	154	1.576E-35	2	20116	20467	461	101	0.851	1.432E-22	72	127	138	20300	20467	168	20294	20491
204126938	-1	125	8.460E-27	1	35171	36109	1160	125	0.276	2.284E-26	275	562	567	-36109	-35171	939	36214	35117
204154750	1	238	8.146E-61	4	20116	23998	457	49	0.629	3.679E-04	36	72	227	20116	20226	111	20113	20316
204154750	1	238	8.146E-61	4	20116	23998	461	94	0.800	3.153E-20	74	129	227	20300	20467	168	20294	20491
204154750	1	238	8.146E-61	4	20116	23998	532	61	0.859	3.105E-09	136	168	227	23575	23673	99	23560	23676
204154750	1	238	8.146E-61	4	20116	23998	538	58	0.757	1.186E-07	191	226	227	23891	23998	108	23819	23998
204360678	1	198	8.957E-49	3	19658	23673	452	97	0.406	2.869E-19	24	122	317	19658	20059	402	19559	20065
204360678	1	198	8.957E-49	3	19658	23673	461	92	0.779	2.908E-19	162	217	317	20297	20464	168	20294	20491
204360678	1	198	8.957E-49	3	19658	23673	532	53	0.750	2.523E-06	225	257	317	23575	23673	99	23560	23676
204480460	-1	154	1.576E-35	1	36270	36830	1141	154	0.452	2.808E-38	77	257	267	-36830	-36270	561	36905	36264
204480658	-1	371	7.481E-101	3	35264	37072	1130	34	0.474	4.035E+01	68	102	560	-37072	-36968	105	37093	36926
204480658	-1	371	7.481E-101	3	35264	37072	1141	184	0.491	1.214E-48	107	302	560	-36905	-36303	603	36905	36264
204480658	-1	371	7.481E-101	3	35264	37072	1160	190	0.370	2.589E-48	338	559	560	-36178	-35264	915	36214	35117
204480680	-1	225	6.674E-57	2	36276	37072	1130	44	0.561	9.600E-03	76	112	318	-37072	-36959	114	37093	36926
204480680	-1	225	6.674E-57	2	36276	37072	1141	181	0.469	1.500E-47	112	315	318	-36905	-36276	630	36905	36264
204482531	-1	227	1.668E-57	1	35159	35590	1160	227	0.762	7.539E-61	0	144	159	-35590	-35159	432	36214	35117
204545098	1	96	4.542E-18	1	24718	25131	565	96	0.349	6.158E-18	12	175	249	24718	25131	414	24685	25392
204639154	1	88	1.163E-15	1	24712	25119	565	88	0.353	3.890E-15	3	149	261	24712	25119	408	24685	25392
204708953	-1	78	1.191E-12	1	35741	36088	1160	78	0.380	7.897E-11	2	117	120	-36088	-35741	348	36214	35117
204761062	1	88	1.163E-15	1	19658	19906	452	88	0.542	3.837E-16	10	91	98	19658	19906	249	19559	20065
204777809	1	118	1.083E-24	1	2650	3135	67	118	0.409	7.740E-26	152	312	315	2650	3135	486	2536	3138
205274605	-1	95	9.084E-18	1	35174	36013	1160	95	0.245	2.145E-16	25	313	359	-36013	-35174	840	36214	35117
205302370	1	79	5.953E-13	1	2692	3111	67	79	0.338	1.799E-12	17	156	161	2692	3111	420	2536	3138
205437797	-1	97	2.271E-18	1	35177	36007	1160	97	0.244	4.923E-17	123	421	477	-36007	-35177	831	36214	35117
213503359	-1	124	1.692E-26	1	35177	36115	1160	124	0.260	7.631E-26	7	348	364	-36115	-35177	939	36214	35117
214044593	1	225	6.674E-57	4	20116	23825	457	45	0.526	8.958E-03	31	70	221	20116	20241	126	20113	20316
214044593	1	225	6.674E-57	4	20116	23825	461	96	0.803	6.450E-21	67	123	221	20297	20467	171	20294	20491
214044593	1	225	6.674E-57	4	20116	23825	532	58	0.864	3.981E-08	132	162	221	23581	23673	93	23560	23676
214044593	1	225	6.674E-57	4	20116	23825	536	34	0.735	1.866E+01	164	184	221	23763	23825	63	23724	23864
215835544	1	78	1.191E-12	1	2728	3114	67	78	0.354	3.333E-12	45	173	177	2728	3114	387	2536	3138
218331057	1	230	2.085E-58	4	20116	23998	457	44	0.557	2.336E-02	36	73	226	20116	20229	114	20113	20316
218331057	1	230	2.085E-58	4	20116	23998	461	93	0.788	1.122E-19	73	128	226	20300	20467	168	20294	20491
218331057	1	230	2.085E-58	4	20116	23998	532	55	0.776	5.112E-07	135	167	226	23575	23673	99	23560	23676
218331057	1	230	2.085E-58	4	20116	23998	538	63	0.819	1.883E-09	190	225	226	23891	23998	108	23819	23998
218356436	-1	302	4.416E-80	2	35177	36830	1141	115	0.387	1.475E-24	85	249	582	-36830	-36321	510	36905	36264
218356436	-1	302	4.416E-80	2	35177	36830	1160	187	0.351	3.074E-47	249	572	582	-36127	-35177	951	36214	35117
218358235	-1	295	5.653E-78	2	35177	36902	1141	124	0.373	1.129E-27	101	288	602	-36902	-36321	582	36905	36264
218358235	-1	295	5.653E-78	2	35177	36902	1160	171	0.335	7.047E-42	288	592	602	-36127	-35177	951	36214	35117
218358629	-1	89	5.813E-16	1	35180	35494	1160	89	0.456	1.301E-14	15	119	122	-35494	-35180	315	36214	35117
218383584	1	189	4.586E-46	3	20300	23995	461	93	0.788	1.122E-19	75	130	228	20300	20467	168	20294	20491
218383584	1	189	4.586E-46	3	20300	23995	532	54	0.760	1.332E-06	137	169	228	23575	23673	99	23560	23676
218383584	1	189	4.586E-46	3	20300	23995	538	66	0.827	2.786E-10	190	226	228	23885	23995	111	23819	23998
218429980	-1	146	4.034E-33	1	35144	36127	1160	146	0.295	3.189E-33	213	523	526	-36127	-35144	984	36214	35117
218478850	-1	73	3.810E-11	1	35180	35491	1160	73	0.386	2.492E-09	65	170	171	-35491	-35180	312	36214	35117
218533742	-1	114	1.733E-23	1	35273	36085	1160	114	0.275	1.033E-22	241	526	527	-36085	-35273	813	36214	35117
218600705	-1	81	1.488E-13	1	35180	35911	1160	81	0.246	5.860E-12	110	349	369	-35911	-35180	732	36214	35117
218665244	-1	72	7.620E-11	1	35171	35455	1160	72	0.404	5.890E-09	41	138	153	-35455	-35171	285	36214	35117
218722218	-1	110	2.772E-22	1	35177	36085	1160	110	0.260	2.766E-21	286	585	598	-36085	-35177	909	36214	35117
218852919	1	141	1.291E-31	2	20116	20467	457	46	0.592	4.730E-03	3	39	113	20116	20226	111	20113	20316
218852919	1	141	1.291E-31	2	20116	20467	461	94	0.785	4.330E-20	40	96	113	20297	20467	171	20294	20491
218915505	1	170	2.404E-40	2	19649	24642	452	92	0.565	2.299E-17	14	95	176	19649	19894	246	19559	20065
218915505	1	170	2.404E-40	2	19649	24642	553	82	0.552	6.140E-15	101	175	176	24418	24642	225	24352	24681
218998833	-1	100	2.839E-19	1	35165	36163	1160	100	0.234	4.642E-18	124	372	373	-36163	-35165	999	36214	35117
218999503	-1	113	3.465E-23	1	36291	36764	1141	113	0.404	5.131E-24	7	157	313	-36764	-36291	474	36905	36264
219047908	-1	76	4.762E-12	1	35729	36178	1160	76	0.308	3.335E-10	30	183	238	-36178	-35729	450	36214	35117
219144709	1	121	1.354E-25	1	2566	3135	67	121	0.372	6.341E-27	97	273	277	2566	3135	570	2536	3138
219200375	-1	248	7.956E-64	2	35174	36902	1141	121	0.365	1.372E-26	97	290	652	-36902	-36318	585	36905	36264
219200375	-1	248	7.956E-64	2	35174	36902	1160	130	0.267	4.489E-28	287	631	652	-36202	-35174	1029	36214	35117
219200564	1	383	1.826E-104	3	24964	25802	565	164	0.623	4.796E-41	20	151	274	24964	25344	381	24685	25392
219200564	1	383	1.826E-104	3	24964	25802	567	89	0.837	1.620E-18	152	201	274	25376	25525	150	25373	25540
219200564	1	383	1.826E-104	3	24964	25802	572	129	0.851	3.965E-32	201	272	274	25587	25802	216	25575	25802
219336807	1	136	4.131E-30	1	29498	29818	648	136	0.623	4.144E-33	52	160	173	29498	29818	321	29456	29863
219336807	-1	117	2.166E-24	1	29098	29370	1280	117	0.640	3.654E-27	52	142	173	-29370	-29098	273	29421	29071
219705655	1	79	5.953E-13	1	2698	3111	67	79	0.334	1.799E-12	70	211	217	2698	3111	414	2536	3138
219981043	-1	98	1.135E-18	1	35129	36187	1160	98	0.226	1.513E-17	78	406	407	-36187	-35129	1059	36214	35117
220179702	-1	74	1.905E-11	1	35174	35848	1160	74	0.236	1.404E-09	4	240	254	-35848	-35174	675	36214	35117
224491174	1	121	1.354E-25	1	2713	3129	67	121	0.464	8.670E-27	6	145	157	2713	3129	417	2536	3138
225636185	1	80	2.977E-13	1	2728	3111	67	80	0.363	7.134E-13	54	181	256	2728	3111	384	2536	3138
225809161	-1	74	1.905E-11	1	35177	36010	1160	74	0.211	7.902E-10	1	301	348	-36010	-35177	834	36214	35117
227894257	1	86	4.651E-15	1	19272	19574	444	86	0.432	2.713E-16	7	114	193	19272	19574	303	19248	19580
230312778	1	296	2.826E-78	5	20116	23995	457	49	0.653	1.943E-04	139	174	330	20116	20223	108	20113	20316
230312778	1	296	2.826E-78	5	20116	23995	461	94	0.794	5.948E-20	175	230	330	20297	20464	168	20294	20491
230312778	1	296	2.826E-78	5	20116	23995	532	61	0.848	5.875E-09	238	270	330	23575	23673	99	23560	23676
230312778	1	296	2.826E-78	5	20116	23995	536	34	0.646	2.576E+01	269	292	330	23754	23825	72	23724	23864
230312778	1	296	2.826E-78	5	20116	23995	538	61	0.815	9.262E-09	293	327	330	23891	23995	105	23819	23998
230690938	-1	80	2.977E-13	1	35156	35890	1160	80	0.232	1.396E-11	102	370	396	-35890	-35156	735	36214	35117
232879439	-1	74	1.905E-11	1	36636	36902	1141	74	0.445	1.004E-10	12	100	101	-36902	-36636	267	36905	36264
232881884	1	175	7.514E-42	3	20297	23998	461	90	0.764	1.422E-18	70	125	222	20297	20464	168	20294	20491
232881884	1	175	7.514E-42	3	20297	23998	532	55	0.877	3.715E-07	133	161	222	23575	23661	87	23560	23676
232881884	1	175	7.514E-42	3	20297	23998	538	59	0.767	6.269E-08	186	221	222	23891	23998	108	23819	23998
232898050	-1	138	1.033E-30	1	35177	36124	1160	138	0.292	1.040E-30	35	338	345	-36124	-35177	948	36214	35117
232898786	-1	106	4.435E-21	1	35177	36118	1160	106	0.250	4.038E-20	206	489	496	-36118	-35177	942	36214	35117
232898857	-1	132	6.609E-29	1	35171	36127	1160	132	0.279	1.337E-28	241	564	572	-36127	-35171	957	36214	35117
232900324	-1	199	4.479E-49	2	35555	36875	1141	123	0.376	2.880E-27	109	296	474	-36875	-36306	570	36905	36264
232900324	-1	199	4.479E-49	2	35555	36875	1160	85	0.322	2.405E-13	307	470	474	-36043	-35555	489	36214	35117
232912095	1	145	8.068E-33	3	20116	23998	457	43	0.552	3.215E-02	53	90	249	20116	20229	114	20113	20316
232912095	1	145	8.068E-33	3	20116	23998	461	95	0.803	2.295E-20	90	145	249	20300	20467	168	20294	20491
232912095	1	145	8.068E-33	3	20116	23998	538	65	0.842	3.831E-10	205	240	249	23891	23998	108	23819	23998
232940106	-1	98	1.135E-18	1	35180	35635	1160	98	0.372	2.730E-17	77	228	236	-35635	-35180	456	36214	35117
232940742	-1	232	5.214E-59	2	35180	36875	1141	120	0.379	2.560E-26	17	198	494	-36875	-36327	549	36905	36264
232940742	-1	232	5.214E-59	2	35180	36875	1160	127	0.304	5.046E-27	215	486	494	-35917	-35180	738	36214	35117
233033128	1	209	4.374E-52	4	20113	23995	457	44	0.578	1.233E-02	35	71	231	20113	20223	111	20113	20316
233033128	1	209	4.374E-52	4	20113	23995	461	98	0.827	1.813E-21	73	128	231	20300	20467	168	20294	20491
233033128	1	209	4.374E-52	4	20113	23995	536	33	0.681	4.908E+01	165	186	231	23760	23825	66	23724	23864
233033128	1	209	4.374E-52	4	20113	23995	538	66	0.873	2.027E-10	187	221	231	23891	23995	105	23819	23998
233131961	1	186	3.669E-45	3	20113	23673	457	44	0.569	2.336E-02	38	74	235	20113	20223	111	20113	20316
233131961	1	186	3.669E-45	3	20113	23673	461	90	0.755	1.036E-18	75	131	235	20297	20467	171	20294	20491
233131961	1	186	3.669E-45	3	20113	23673	532	56	0.792	1.962E-07	138	170	235	23575	23673	99	23560	23676
233193979	1	92	7.267E-17	1	20300	20467	461	92	0.782	2.117E-19	40	95	112	20300	20467	168	20294	20491
233224329	-1	89	5.813E-16	1	36504	36884	1141	89	0.390	6.260E-16	81	210	211	-36884	-36504	381	36905	36264
233408329	1	194	1.433E-47	3	20300	23995	461	98	0.827	1.813E-21	77	132	232	20300	20467	168	20294	20491
233408329	1	194	1.433E-47	3	20300	23995	532	61	0.848	5.875E-09	139	171	232	23575	23673	99	23560	23676
233408329	1	194	1.433E-47	3	20300	23995	538	61	0.810	1.274E-08	194	228	232	23891	23995	105	23819	23998
233571354	1	71	1.524E-10	1	19272	19553	444	71	0.415	3.257E-11	0	93	184	19272	19553	282	19248	19580
233629234	1	182	5.870E-44	2	19281	19903	444	92	0.509	1.722E-18	13	106	214	19281	19562	282	19248	19580
233629234	1	182	5.870E-44	2	19281	19903	452	91	0.551	4.298E-17	109	192	214	19652	19903	252	19559	20065
233720697	1	177	1.878E-42	2	19323	19891	444	85	0.513	3.721E-16	54	139	222	19323	19574	252	19248	19580
233720697	1	177	1.878E-42	2	19323	19891	452	91	0.571	5.877E-17	140	219	222	19652	19891	240	19559	20065
233847187	1	86	4.651E-15	1	19658	19906	452	86	0.530	2.502E-15	10	91	136	19658	19906	249	19559	20065
233925043	-1	68	1.219E-09	1	35180	35419	1160	68	0.451	7.726E-08	14	93	110	-35419	-35180	240	36214	35117
234146223	1	79	5.953E-13	1	2692	3111	67	79	0.340	9.712E-13	17	156	161	2692	3111	420	2536	3138
234150746	-1	102	7.097E-20	1	35168	36142	1160	102	0.231	1.421E-18	294	642	648	-36142	-35168	975	36214	35117
234642497	1	53	3.995E-05	1	19320	19574	444	53	0.354	8.994E-05	32	109	169	19320	19574	255	19248	19580
238596064	1	286	2.894E-75	3	24970	25802	565	131	0.576	6.427E-30	47	162	292	24970	25302	333	24685	25392
238596064	1	286	2.894E-75	3	24970	25802	567	79	0.740	4.566E-15	168	218	292	25376	25525	150	25373	25540
238596064	1	286	2.894E-75	3	24970	25802	572	81	0.558	3.440E-15	217	287	292	25584	25802	219	25575	25802
240645872	1	117	2.166E-24	1	2707	3135	67	117	0.437	1.446E-25	1	147	204	2707	3135	429	2536	3138
244149897	1	239	4.073E-61	3	24964	25799	565	111	0.504	6.702E-23	19	133	273	24964	25308	345	24685	25392
244149897	1	239	4.073E-61	3	24964	25799	567	52	0.492	1.165E-05	140	193	273	25373	25528	156	25373	25540
244149897	1	239	4.073E-61	3	24964	25799	572	83	0.533	3.727E-16	191	270	273	25584	25799	216	25575	25802
246460694	-1	70	3.048E-10	1	35174	35689	1160	70	0.263	2.464E-08	10	193	223	-35689	-35174	516	36214	35117
246572447	1	455	3.868E-126	2	2358	3138	59	68	0.854	4.789E-11	0	36	233	2358	2468	111	2331	2519
246572447	1	455	3.868E-126	2	2358	3138	67	387	0.931	5.814E-119	36	232	233	2548	3138	591	2536	3138
246657294	1	124	1.692E-26	1	2713	3138	67	124	0.468	3.794E-28	5	147	179	2713	3138	426	2536	3138
247439753	-1	136	4.131E-30	1	36300	36905	1141	136	0.389	5.101E-32	32	206	403	-36905	-36300	606	36905	36264
247440379	-1	174	1.503E-41	1	35180	36115	1160	174	0.342	8.157E-43	266	578	584	-36115	-35180	936	36214	35117
247440699	-1	232	5.214E-59	2	35588	36902	1141	132	0.392	1.165E-30	101	288	482	-36902	-36321	582	36905	36264
247440699	-1	232	5.214E-59	2	35588	36902	1160	100	0.324	3.454E-18	288	479	482	-36127	-35588	540	36214	35117
247441043	-1	93	3.633E-17	1	35177	36019	1160	93	0.247	6.949E-16	96	348	355	-36019	-35177	843	36214	35117
247441635	-1	115	8.663E-24	1	35171	36127	1160	115	0.259	7.658E-23	112	399	401	-36127	-35171	957	36214	35117
247574477	1	95	9.084E-18	1	2665	3114	67	95	0.366	5.526E-18	110	260	264	2665	3114	450	2536	3138
247634880	1	148	1.008E-33	3	20116	23998	457	47	0.592	1.815E-03	36	73	223	20116	20229	114	20113	20316
247634880	1	148	1.008E-33	3	20116	23998	461	98	0.827	1.813E-21	73	128	223	20300	20467	168	20294	20491
247634880	1	148	1.008E-33	3	20116	23998	538	60	0.781	2.409E-08	187	222	223	23891	23998	108	23819	23998
247684532	1	236	3.259E-60	4	20116	23995	457	48	0.606	6.965E-04	36	73	227	20116	20229	114	20113	20316
247684532	1	236	3.259E-60	4	20116	23995	461	91	0.776	3.995E-19	74	129	227	20300	20467	168	20294	20491
247684532	1	236	3.259E-60	4	20116	23995	532	58	0.812	5.476E-08	136	168	227	23575	23673	99	23560	23676
247684532	1	236	3.259E-60	4	20116	23995	538	63	0.839	1.883E-09	191	225	227	23891	23995	105	23819	23998
247711536	-1	275	5.927E-72	2	35180	36884	1141	112	0.409	9.568E-24	1	153	503	-36884	-36423	462	36905	36264
247711536	-1	275	5.927E-72	2	35180	36884	1160	164	0.311	1.789E-39	156	495	503	-36118	-35180	939	36214	35117
247712571	-1	68	1.219E-09	1	35174	35446	1160	68	0.412	5.807E-08	45	135	140	-35446	-35174	273	36214	35117
247757934	-1	84	1.860E-14	1	35195	35818	1160	84	0.265	5.754E-13	0	221	369	-35818	-35195	624	36214	35117
247816824	-1	66	4.877E-09	1	35171	35365	1160	66	0.520	2.418E-07	6	70	87	-35365	-35171	195	36214	35117
247907694	-1	64	1.951E-08	1	35180	35374	1160	64	0.504	1.335E-06	15	79	88	-35374	-35180	195	36214	35117
248064813	1	139	5.163E-31	1	29522	29818	648	139	0.677	3.316E-34	25	125	138	29522	29818	297	29456	29863
248064813	-1	123	3.384E-26	1	29098	29346	1280	123	0.719	4.373E-29	25	107	138	-29346	-29098	249	29421	29071
248065994	1	138	1.033E-30	1	29498	29818	648	138	0.630	8.549E-34	25	133	146	29498	29818	321	29456	29863
248065994	-1	119	5.414E-25	1	29098	29370	1280	119	0.649	7.522E-28	25	115	146	-29370	-29098	273	29421	29071
248105136	-1	183	2.935E-44	3	36765	37210	1125	46	0.831	8.832E-02	0	24	109	-37210	-37136	75	37597	37133
248105136	-1	183	2.935E-44	3	36765	37210	1130	56	0.695	6.585E-07	26	62	109	-37072	-36959	114	37093	36926
248105136	-1	183	2.935E-44	3	36765	37210	1141	80	0.805	7.465E-13	62	108	109	-36905	-36765	141	36905	36264
248107023	-1	88	1.163E-15	2	36729	37243	1125	41	0.575	3.393E+00	37	68	156	-37243	-37142	102	37597	37133
248107023	-1	88	1.163E-15	2	36729	37243	1141	74	0.628	7.398E-11	97	154	156	-36902	-36729	174	36905	36264
248170537	1	169	4.809E-40	2	19293	24948	444	82	0.482	6.405E-15	0	88	175	19293	19559	267	19248	19580
248170537	1	169	4.809E-40	2	19293	24948	565	91	0.585	3.348E-16	94	171	175	24715	24948	234	24685	25392
248172776	1	229	4.171E-58	4	19658	23995	452	94	0.395	4.807E-18	75	171	367	19658	20059	402	19559	20065
248172776	1	229	4.171E-58	4	19658	23995	461	89	0.767	3.687E-18	213	267	367	20300	20464	165	20294	20491
248172776	1	229	4.171E-58	4	19658	23995	532	56	0.786	2.700E-07	275	307	367	23575	23673	99	23560	23676
248172776	1	229	4.171E-58	4	19658	23995	538	56	0.752	5.841E-07	330	364	367	23891	23995	105	23819	23998
248809207	1	57	2.497E-06	1	19356	19550	444	57	0.460	2.049E-06	48	107	113	19356	19550	195	19248	19580
248928311	1	85	9.302E-15	1	2698	3111	67	85	0.359	1.752E-14	20	157	162	2698	3111	414	2536	3138
249211028	-1	106	4.435E-21	1	36279	36902	1141	106	0.320	1.019E-21	122	329	380	-36902	-36279	624	36905	36264
249237773	-1	92	7.267E-17	1	36327	36905	1141	92	0.302	7.197E-17	28	223	300	-36905	-36327	579	36905	36264
249262745	-1	97	2.271E-18	1	36321	36863	1141	97	0.330	1.286E-18	21	200	281	-36863	-36321	543	36905	36264
253626143	1	117	2.166E-24	1	2692	3138	67	117	0.429	1.977E-25	8	157	170	2692	3138	447	2536	3138
253656713	-1	85	9.302E-15	1	36315	36878	1141	85	0.295	1.369E-14	21	199	376	-36878	-36315	564	36905	36264
255600034	1	371	7.481E-101	3	24964	25802	565	158	0.646	3.839E-39	19	140	265	24964	25314	351	24685	25392
255600034	1	371	7.481E-101	3	24964	25802	567	93	0.874	4.926E-20	141	190	265	25376	25525	150	25373	25540
255600034	1	371	7.481E-101	3	24964	25802	572	120	0.785	7.950E-29	189	261	265	25584	25802	219	25575	25802
255753510	1	887	3.487E-256	4	24358	25802	553	188	0.891	6.995E-52	0	99	424	24358	24651	294	24352	24681
255753510	1	887	3.487E-256	4	24358	25802	565	419	0.958	1.289E-129	95	301	424	24691	25311	621	24685	25392
255753510	1	887	3.487E-256	4	24358	25802	567	116	1.000	5.024E-28	302	352	424	25373	25525	153	25373	25540
255753510	1	887	3.487E-256	4	24358	25802	572	166	1.000	8.886E-45	352	423	424	25587	25802	216	25575	25802
256178989	-1	72	7.620E-11	1	35180	35719	1160	72	0.269	4.422E-09	2	184	203	-35719	-35180	540	36214	35117
256598776	1	238	8.146E-61	4	20116	23998	457	46	0.552	2.497E-03	36	76	228	20116	20238	123	20113	20316
256598776	1	238	8.146E-61	4	20116	23998	461	97	0.806	4.696E-21	74	130	228	20297	20467	171	20294	20491
256598776	1	238	8.146E-61	4	20116	23998	532	56	0.786	2.700E-07	137	169	228	23575	23673	99	23560	23676
256598776	1	238	8.146E-61	4	20116	23998	538	66	0.847	2.786E-10	192	227	228	23891	23998	108	23819	23998
256903712	-1	71	1.524E-10	1	35174	35689	1160	71	0.267	7.844E-09	7	190	219	-35689	-35174	516	36214	35117
257781383	1	183	2.935E-44	3	20300	23995	461	94	0.794	5.948E-20	76	131	230	20300	20467	168	20294	20491
257781383	1	183	2.935E-44	3	20300	23995	532	57	0.797	1.426E-07	138	170	230	23575	23673	99	23560	23676
257781383	1	183	2.935E-44	3	20300	23995	538	58	0.771	1.631E-07	193	227	230	23891	23995	105	23819	23998
258801066	-1	200	2.239E-49	1	36267	36809	1141	200	0.569	5.735E-54	0	180	190	-36809	-36267	543	36905	36264
258956481	1	154	1.576E-35	1	2551	2880	67	154	0.689	2.315E-38	37	146	159	2551	2880	330	2536	3138
259128351	1	114	1.733E-23	1	2695	3135	67	114	0.425	1.289E-24	17	165	191	2695	3135	441	2536	3138
259927921	1	111	1.386E-22	1	2695	3135	67	111	0.415	2.143E-23	17	165	192	2695	3135	441	2536	3138
262025094	-1	139	5.163E-31	1	36318	36905	1141	139	0.404	4.169E-33	143	337	357	-36905	-36318	588	36905	36264
262160365	-1	76	4.762E-12	1	35174	35596	1160	76	0.323	1.875E-10	9	153	225	-35596	-35174	423	36214	35117
262194244	1	151	1.261E-34	3	20113	23998	457	54	0.658	5.821E-06	10	48	218	20113	20229	117	20113	20316
262194244	1	151	1.261E-34	3	20113	23998	461	95	0.794	1.671E-20	47	103	218	20297	20467	171	20294	20491
262194244	1	151	1.261E-34	3	20113	23998	538	59	0.719	4.558E-08	161	199	218	23882	23998	117	23819	23998
262258514	-1	115	8.663E-24	1	35180	35635	1160	115	0.422	4.206E-23	3	153	156	-35635	-35180	456	36214	35117
262281244	1	195	7.166E-48	3	20116	23673	457	48	0.601	9.584E-04	37	74	233	20116	20229	114	20113	20316
262281244	1	195	7.166E-48	3	20116	23673	461	94	0.810	4.330E-20	75	129	233	20300	20464	165	20294	20491
262281244	1	195	7.166E-48	3	20116	23673	532	58	0.817	3.981E-08	137	169	233	23575	23673	99	23560	23676
262299703	-1	68	1.219E-09	1	35171	35341	1160	68	0.587	1.028E-07	3	59	60	-35341	-35171	171	36214	35117
262321367	1	131	1.322E-28	3	20116	23825	457	45	0.575	6.509E-03	34	71	225	20116	20229	114	20113	20316
262321367	1	131	1.322E-28	3	20116	23825	461	94	0.797	4.330E-20	71	126	225	20300	20467	168	20294	20491
262321367	1	131	1.322E-28	3	20116	23825	536	32	0.693	9.358E+01	168	188	225	23763	23825	63	23724	23864
262820788	-1	159	4.924E-37	2	35741	36902	1141	100	0.321	1.467E-19	138	326	522	-36902	-36321	582	36905	36264
262820788	-1	159	4.924E-37	2	35741	36902	1160	75	0.332	5.928E-10	344	479	522	-36142	-35741	402	36214	35117
262868001	1	100	2.839E-19	1	2686	3135	67	100	0.372	7.101E-20	18	174	180	2686	3135	450	2536	3138
262875640	-1	187	1.834E-45	2	35165	36905	1141	115	0.351	1.475E-24	101	288	683	-36905	-36318	588	36905	36264
262875640	-1	187	1.834E-45	2	35165	36905	1160	133	0.286	5.385E-29	351	663	683	-36109	-35165	945	36214	35117
263350785	1	68	1.219E-09	1	19347	19547	444	68	0.518	4.078E-10	45	106	110	19347	19547	201	19248	19580
263353749	-1	66	4.877E-09	1	35141	35392	1160	66	0.427	2.418E-07	31	112	137	-35392	-35141	252	36214	35117
263482658	-1	100	2.839E-19	1	35168	36133	1160	100	0.239	3.454E-18	88	401	440	-36133	-35168	966	36214	35117
264512593	1	288	7.235E-76	3	24970	25802	565	134	0.587	5.310E-31	47	162	292	24970	25302	333	24685	25392
264512593	1	288	7.235E-76	3	24970	25802	567	78	0.730	1.185E-14	168	218	292	25376	25525	150	25373	25540
264512593	1	288	7.235E-76	3	24970	25802	572	81	0.558	3.440E-15	217	287	292	25584	25802	219	25575	25802
266009750	1	93	3.633E-17	1	2728	3117	67	93	0.400	1.914E-17	31	161	164	2728	3117	390	2536	3138
270371824	1	243	2.546E-62	4	20113	23995	457	52	0.637	2.866E-05	36	74	228	20113	20229	117	20113	20316
270371824	1	243	2.546E-62	4	20113	23995	461	94	0.800	3.153E-20	75	130	228	20300	20467	168	20294	20491
270371824	1	243	2.546E-62	4	20113	23995	532	60	0.838	1.112E-08	137	169	228	23575	23673	99	23560	23676
270371824	1	243	2.546E-62	4	20113	23995	538	61	0.805	1.752E-08	192	226	228	23891	23995	105	23819	23998
270411886	1	115	8.663E-24	1	2707	3138	67	115	0.439	5.049E-25	3	145	147	2707	3138	432	2536	3138
270580639	-1	68	1.219E-09	1	35180	35446	1160	68	0.415	5.807E-08	9	98	110	-35446	-35180	267	36214	35117
270870125	1	117	2.166E-24	1	2737	3135	67	117	0.457	1.977E-25	11	148	151	2737	3135	399	2536	3138
272913817	-1	83	3.721E-14	1	35666	36202	1160	83	0.295	1.029E-12	114	297	300	-36202	-35666	537	36214	35117
273744509	1	88	1.163E-15	1	2695	3114	67	88	0.366	1.080E-15	32	171	175	2695	3114	420	2536	3138
275944906	-1	111	1.386E-22	1	36315	36764	1141	111	0.414	2.435E-23	7	152	283	-36764	-36315	450	36905	36264
276522810	-1	99	5.677E-19	1	35171	36043	1160	99	0.250	1.126E-17	296	506	511	-36043	-35171	873	36214	35117
276523248	-1	93	3.633E-17	1	35171	35932	1160	93	0.255	1.250E-15	0	262	270	-35932	-35171	762	36214	35117
276523703	-1	83	3.721E-14	1	35180	35452	1160	83	0.476	1.375E-12	75	166	172	-35452	-35180	273	36214	35117
276524038	-1	114	1.733E-23	1	35171	36127	1160	114	0.258	1.033E-22	283	566	574	-36127	-35171	957	36214	35117
276551495	1	193	2.866E-47	3	20300	23995	461	94	0.797	4.330E-20	78	133	229	20300	20467	168	20294	20491
276551495	1	193	2.866E-47	3	20300	23995	532	61	0.848	5.875E-09	140	172	229	23575	23673	99	23560	23676
276551495	1	193	2.866E-47	3	20300	23995	538	63	0.830	3.561E-09	194	228	229	23891	23995	105	23819	23998
276587044	1	132	6.609E-29	3	20116	23825	457	45	0.575	6.509E-03	34	71	225	20116	20229	114	20113	20316
276587044	1	132	6.609E-29	3	20116	23825	461	94	0.797	4.330E-20	71	126	225	20300	20467	168	20294	20491
276587044	1	132	6.609E-29	3	20116	23825	536	33	0.701	6.777E+01	168	188	225	23763	23825	63	23724	23864
276694635	-1	94	1.817E-17	1	36348	36899	1141	94	0.316	1.532E-17	31	217	268	-36899	-36348	552	36905	36264
276699983	-1	132	6.609E-29	2	35582	36893	1141	97	0.325	1.286E-18	125	304	556	-36893	-36339	555	36905	36264
276699983	-1	132	6.609E-29	2	35582	36893	1160	86	0.312	1.797E-13	357	529	556	-36085	-35582	504	36214	35117
276700546	-1	117	2.166E-24	1	35273	36085	1160	117	0.279	1.711E-23	241	526	527	-36085	-35273	813	36214	35117
276775801	1	103	3.548E-20	1	24724	25296	565	103	0.297	3.259E-20	16	241	380	24724	25296	573	24685	25392
276796654	-1	76	4.762E-12	1	35240	35635	1160	76	0.344	1.875E-10	3	134	135	-35635	-35240	396	36214	35117
276799633	-1	68	1.219E-09	1	35171	35338	1160	68	0.595	1.028E-07	5	60	62	-35338	-35171	168	36214	35117
276800160	-1	74	1.905E-11	1	35180	35419	1160	74	0.478	1.053E-09	5	85	93	-35419	-35180	240	36214	35117
276803390	1	209	4.374E-52	4	20113	23995	457	45	0.558	8.958E-03	36	74	232	20113	20229	117	20113	20316
276803390	1	209	4.374E-52	4	20113	23995	461	97	0.818	4.696E-21	74	129	232	20300	20467	168	20294	20491
276803390	1	209	4.374E-52	4	20113	23995	536	36	0.737	5.146E+00	166	187	232	23760	23825	66	23724	23864
276803390	1	209	4.374E-52	4	20113	23995	538	64	0.854	7.243E-10	188	222	232	23891	23995	105	23819	23998
276824222	1	185	7.338E-45	3	20300	23995	461	96	0.809	1.217E-20	60	115	216	20300	20467	168	20294	20491
276824222	1	185	7.338E-45	3	20300	23995	532	57	0.807	7.534E-08	122	154	216	23575	23673	99	23560	23676
276824222	1	185	7.338E-45	3	20300	23995	538	58	0.776	1.186E-07	177	211	216	23891	23995	105	23819	23998
276851303	1	94	1.817E-17	1	2665	3114	67	94	0.365	7.540E-18	110	260	264	2665	3114	450	2536	3138
276851491	1	212	5.467E-53	4	20113	23995	457	46	0.601	2.497E-03	36	72	232	20113	20223	111	20113	20316
276851491	1	212	5.467E-53	4	20113	23995	461	98	0.827	1.813E-21	74	129	232	20300	20467	168	20294	20491
276851491	1	212	5.467E-53	4	20113	23995	536	35	0.729	7.100E+00	166	187	232	23760	23825	66	23724	23864
276851491	1	212	5.467E-53	4	20113	23995	538	65	0.859	5.268E-10	188	222	232	23891	23995	105	23819	23998
276891515	-1	107	2.218E-21	1	36318	36875	1141	107	0.333	5.471E-22	50	246	281	-36875	-36318	558	36905	36264
277134776	1	118	1.083E-24	1	2710	3129	67	118	0.456	7.740E-26	39	178	183	2710	3129	420	2536	3138
277188438	-1	142	6.454E-32	1	35165	36121	1160	142	0.275	6.724E-32	221	577	603	-36121	-35165	957	36214	35117
277189198	-1	151	1.261E-34	1	36273	36767	1141	151	0.488	4.721E-37	0	159	221	-36767	-36273	495	36905	36264
277224137	1	90	2.907E-16	1	19338	19562	444	90	0.597	1.148E-17	0	74	140	19338	19562	225	19248	19580
277254193	1	103	3.548E-20	1	24715	25059	565	103	0.475	3.259E-20	26	136	225	24715	25059	345	24685	25392
277366016	-1	187	1.834E-45	2	35174	36899	1141	77	0.271	1.180E-11	168	330	689	-36899	-36318	582	36905	36264
277366016	-1	187	1.834E-45	2	35174	36899	1160	128	0.278	2.757E-27	350	665	689	-36121	-35174	948	36214	35117
277412077	1	82	7.441E-14	1	19299	19553	444	82	0.484	4.669E-15	23	111	115	19299	19553	255	19248	19580
277418744	-1	91	1.453E-16	1	35174	35827	1160	91	0.281	4.036E-15	1	216	244	-35827	-35174	654	36214	35117
277418835	-1	142	6.454E-32	1	35174	36109	1160	142	0.298	4.958E-32	205	518	542	-36109	-35174	936	36214	35117
277502778	1	134	1.652E-29	1	29498	29818	648	134	0.617	1.465E-32	24	132	145	29498	29818	321	29456	29863
277502778	-1	118	1.083E-24	1	29098	29370	1280	118	0.644	1.942E-27	24	114	145	-29370	-29098	273	29421	29071
277519781	1	172	6.011E-41	2	24403	25113	553	85	0.545	6.712E-16	18	95	300	24403	24639	237	24352	24681
277519781	1	172	6.011E-41	2	24403	25113	565	86	0.355	1.324E-14	96	238	300	24709	25113	405	24685	25392
277520110	-1	79	5.953E-13	1	35171	35971	1160	79	0.221	1.864E-11	0	294	297	-35971	-35171	801	36214	35117
277755215	1	80	2.977E-13	1	2692	3111	67	80	0.341	7.134E-13	18	157	162	2692	3111	420	2536	3138
277853415	1	98	1.135E-18	1	2716	3114	67	98	0.412	3.366E-19	50	181	185	2716	3114	399	2536	3138
277882172	1	79	5.953E-13	1	2692	3114	67	79	0.338	9.712E-13	28	164	168	2692	3114	423	2536	3138
278003342	-1	79	5.953E-13	1	35168	35896	1160	79	0.229	1.864E-11	2	275	301	-35896	-35168	729	36214	35117
278159606	-1	67	2.438E-09	1	35156	35407	1160	67	0.404	1.818E-07	1	91	159	-35407	-35156	252	36214	35117
283356773	1	182	5.870E-44	3	20300	23995	461	94	0.794	5.948E-20	76	131	230	20300	20467	168	20294	20491
283356773	1	182	5.870E-44	3	20300	23995	532	56	0.786	2.700E-07	138	170	230	23575	23673	99	23560	23676
283356773	1	182	5.870E-44	3	20300	23995	538	58	0.771	1.631E-07	193	227	230	23891	23995	105	23819	23998
285705674	1	102	7.097E-20	1	2713	3138	67	102	0.404	2.044E-20	18	159	188	2713	3138	426	2536	3138
286326598	-1	108	1.109E-21	1	35180	36043	1160	108	0.255	9.116E-21	132	441	455	-36043	-35180	864	36214	35117
286993342	1	111	1.386E-22	1	2695	3135	67	111	0.415	2.143E-23	17	165	192	2695	3135	441	2536	3138
287480247	-1	181	1.174E-43	2	35171	36875	1141	86	0.298	1.006E-14	126	306	665	-36875	-36318	558	36905	36264
287480247	-1	181	1.174E-43	2	35171	36875	1160	96	0.231	8.873E-17	305	632	665	-36127	-35171	957	36214	35117
291064779	-1	230	2.085E-58	2	35171	36902	1141	131	0.389	2.978E-30	101	288	528	-36902	-36321	582	36905	36264
291064779	-1	230	2.085E-58	2	35171	36902	1160	104	0.299	2.401E-19	295	520	528	-35827	-35171	657	36214	35117
291066587	-1	139	5.163E-31	1	35171	36127	1160	139	0.288	7.673E-31	298	620	627	-36127	-35171	957	36214	35117
291103826	-1	130	2.644E-28	2	36318	37072	1130	41	0.494	1.246E-01	133	171	372	-37072	-36950	123	37093	36926
291103826	-1	130	2.644E-28	2	36318	37072	1141	106	0.395	1.391E-21	190	341	372	-36773	-36318	456	36905	36264
291106222	-1	81	1.488E-13	1	35171	35701	1160	81	0.296	5.860E-12	55	231	236	-35701	-35171	531	36214	35117
291180144	1	145	8.068E-33	3	20113	23998	457	53	0.684	8.006E-06	54	90	245	20113	20223	111	20113	20316
291180144	1	145	8.068E-33	3	20113	23998	461	88	0.752	5.065E-18	91	146	245	20297	20464	168	20294	20491
291180144	1	145	8.068E-33	3	20113	23998	538	64	0.823	1.370E-09	209	244	245	23891	23998	108	23819	23998
291241816	-1	191	1.147E-46	2	35156	36893	1141	97	0.324	1.753E-18	125	304	697	-36893	-36339	555	36905	36264
291241816	-1	191	1.147E-46	2	35156	36893	1160	145	0.291	5.870E-33	357	689	697	-36085	-35156	930	36214	35117
291298428	1	243	2.546E-62	4	20300	23995	461	98	0.827	1.813E-21	73	128	225	20300	20467	168	20294	20491
291298428	1	243	2.546E-62	4	20300	23995	532	54	0.760	1.332E-06	135	167	225	23575	23673	99	23560	23676
291298428	1	243	2.546E-62	4	20300	23995	536	36	0.682	5.146E+00	166	189	225	23754	23825	72	23724	23864
291298428	1	243	2.546E-62	4	20300	23995	538	59	0.786	6.269E-08	190	224	225	23891	23995	105	23819	23998
291321523	1	241	1.018E-61	4	20113	23998	457	57	0.693	4.546E-07	44	82	240	20113	20229	117	20113	20316
291321523	1	241	1.018E-61	4	20113	23998	461	100	0.856	3.709E-22	82	136	240	20300	20464	165	20294	20491
291321523	1	241	1.018E-61	4	20113	23998	532	59	0.851	2.103E-08	150	181	240	23578	23673	96	23560	23676
291321523	1	241	1.018E-61	4	20113	23998	538	57	0.743	3.087E-07	204	239	240	23891	23998	108	23819	23998
291332362	1	234	1.303E-59	4	20116	23995	457	46	0.579	4.730E-03	35	72	226	20116	20229	114	20113	20316
291332362	1	234	1.303E-59	4	20116	23995	461	94	0.797	4.330E-20	73	128	226	20300	20467	168	20294	20491
291332362	1	234	1.303E-59	4	20116	23995	532	60	0.838	1.112E-08	135	167	226	23575	23673	99	23560	23676
291332362	1	234	1.303E-59	4	20116	23995	538	58	0.771	1.631E-07	190	224	226	23891	23995	105	23819	23998
291336507	-1	83	3.721E-14	1	35177	35719	1160	83	0.291	1.029E-12	9	196	205	-35719	-35177	543	36214	35117
291375542	-1	73	3.810E-11	1	35171	35419	1160	73	0.463	2.492E-09	43	124	143	-35419	-35171	249	36214	35117
291389007	-1	93	3.633E-17	1	35177	35719	1160	93	0.293	1.250E-15	10	216	226	-35719	-35177	543	36214	35117
291571639	1	223	2.669E-56	4	20113	23995	457	53	0.679	1.101E-05	46	82	240	20113	20223	111	20113	20316
291571639	1	223	2.669E-56	4	20113	23995	461	89	0.761	1.954E-18	83	138	240	20297	20464	168	20294	20491
291571639	1	223	2.669E-56	4	20113	23995	532	53	0.835	3.472E-06	153	181	240	23587	23673	87	23560	23676
291571639	1	223	2.669E-56	4	20113	23995	538	58	0.735	1.631E-07	202	238	240	23885	23995	111	23819	23998
291610786	1	97	2.271E-18	1	19266	19562	444	97	0.495	2.822E-20	4	106	111	19266	19562	297	19248	19580
291684069	1	108	1.109E-21	1	2710	3132	67	108	0.422	1.394E-22	6	147	266	2710	3132	423	2536	3138
291798260	1	171	1.202E-40	3	19712	23673	452	72	0.360	1.364E-10	0	78	217	19712	20059	348	19559	20065
291798260	1	171	1.202E-40	3	19712	23673	461	89	0.767	3.687E-18	120	174	217	20300	20464	165	20294	20491
291798260	1	171	1.202E-40	3	19712	23673	532	56	0.786	2.700E-07	182	214	217	23575	23673	99	23560	23676
291850228	1	95	9.084E-18	1	2749	3135	67	95	0.403	5.526E-18	1	132	145	2749	3135	387	2536	3138
291904376	-1	170	2.404E-40	2	35546	36902	1141	105	0.332	3.534E-21	127	315	613	-36902	-36321	582	36905	36264
291904376	-1	170	2.404E-40	2	35546	36902	1160	81	0.266	4.386E-12	333	545	613	-36142	-35546	597	36214	35117
291904585	-1	68	1.219E-09	1	35177	35419	1160	68	0.447	7.726E-08	5	85	95	-35419	-35177	243	36214	35117
291908317	-1	128	1.057E-27	1	35165	36175	1160	128	0.268	2.757E-27	166	477	511	-36175	-35165	1011	36214	35117
292094855	1	150	2.521E-34	2	19347	24942	444	83	0.578	2.481E-15	41	112	200	19347	19562	216	19248	19580
292094855	1	150	2.521E-34	2	19347	24942	565	70	0.433	3.402E-09	109	195	200	24691	24942	252	24685	25392
292477672	-1	89	5.813E-16	1	35171	36142	1160	89	0.213	1.301E-14	214	572	618	-36142	-35171	972	36214	35117
297580535	1	126	4.230E-27	1	2704	3138	67	126	0.464	1.483E-28	1	146	167	2704	3138	435	2536	3138
297784725	1	240	2.037E-61	4	20116	23998	457	48	0.573	5.062E-04	36	76	228	20116	20238	123	20113	20316
297784725	1	240	2.037E-61	4	20116	23998	461	97	0.806	4.696E-21	74	130	228	20297	20467	171	20294	20491
297784725	1	240	2.037E-61	4	20116	23998	532	56	0.786	2.700E-07	137	169	228	23575	23673	99	23560	23676
297784725	1	240	2.037E-61	4	20116	23998	538	66	0.847	2.786E-10	192	227	228	23891	23998	108	23819	23998
301128761	-1	74	1.905E-11	1	35174	35689	1160	74	0.273	1.053E-09	10	193	223	-35689	-35174	516	36214	35117
301576561	1	305	5.520E-81	5	20113	23995	457	49	0.602	3.679E-04	44	82	241	20113	20229	117	20113	20316
301576561	1	305	5.520E-81	5	20113	23995	461	97	0.834	3.419E-21	82	136	241	20300	20464	165	20294	20491
301576561	1	305	5.520E-81	5	20113	23995	532	64	0.890	4.589E-10	144	176	241	23575	23673	99	23560	23676
301576561	1	305	5.520E-81	5	20113	23995	536	44	0.769	8.365E-03	173	198	241	23748	23825	78	23724	23864
301576561	1	305	5.520E-81	5	20113	23995	538	57	0.766	2.244E-07	199	233	241	23891	23995	105	23819	23998
301916508	1	130	2.644E-28	1	29519	29818	648	130	0.637	2.510E-31	34	135	148	29519	29818	300	29456	29863
301916508	-1	115	8.663E-24	1	29098	29349	1280	115	0.670	3.340E-26	34	117	148	-29349	-29098	252	29421	29071
305377762	1	143	3.227E-32	3	20113	23995	457	45	0.575	6.509E-03	13	50	213	20113	20226	114	20113	20316
305377762	1	143	3.227E-32	3	20113	23995	461	91	0.776	3.995E-19	52	107	213	20300	20467	168	20294	20491
305377762	1	143	3.227E-32	3	20113	23995	538	63	0.830	3.561E-09	166	200	213	23891	23995	105	23819	23998
305608283	-1	150	2.521E-34	1	35168	36076	1160	150	0.315	1.505E-34	73	304	308	-36076	-35168	909	36214	35117
305626437	1	251	9.944E-65	4	20300	23998	461	96	0.809	1.217E-20	73	128	226	20300	20467	168	20294	20491
305626437	1	251	9.944E-65	4	20300	23998	532	55	0.781	3.715E-07	135	167	226	23575	23673	99	23560	23676
305626437	1	251	9.944E-65	4	20300	23998	536	36	0.682	5.146E+00	166	189	226	23754	23825	72	23724	23864
305626437	1	251	9.944E-65	4	20300	23998	538	68	0.875	4.126E-11	190	225	226	23891	23998	108	23819	23998
305658652	1	244	1.273E-62	4	20116	23995	457	48	0.610	5.062E-04	36	73	227	20116	20229	114	20113	20316
305658652	1	244	1.273E-62	4	20116	23995	461	96	0.809	1.217E-20	74	129	227	20300	20467	168	20294	20491
305658652	1	244	1.273E-62	4	20116	23995	532	64	0.890	4.589E-10	136	168	227	23575	23673	99	23560	23676
305658652	1	244	1.273E-62	4	20116	23995	538	60	0.800	2.409E-08	191	225	227	23891	23995	105	23819	23998
305668679	-1	82	7.441E-14	1	35174	36028	1160	82	0.209	3.283E-12	102	443	492	-36028	-35174	855	36214	35117
305871205	1	246	3.182E-63	4	20116	23998	457	47	0.597	1.319E-03	36	73	227	20116	20229	114	20113	20316
305871205	1	246	3.182E-63	4	20116	23998	461	98	0.824	2.489E-21	74	129	227	20300	20467	168	20294	20491
305871205	1	246	3.182E-63	4	20116	23998	532	61	0.848	5.875E-09	136	168	227	23575	23673	99	23560	23676
305871205	1	246	3.182E-63	4	20116	23998	538	64	0.828	9.960E-10	191	226	227	23891	23998	108	23819	23998
305884163	-1	79	5.953E-13	1	35177	35818	1160	79	0.261	2.489E-11	0	171	180	-35818	-35177	642	36214	35117
305951121	1	189	4.586E-46	3	20116	23673	457	44	0.569	2.336E-02	37	73	233	20116	20226	111	20113	20316
305951121	1	189	4.586E-46	3	20116	23673	461	92	0.794	2.117E-19	75	129	233	20300	20464	165	20294	20491
305951121	1	189	4.586E-46	3	20116	23673	532	58	0.817	3.981E-08	137	169	233	23575	23673	99	23560	23676
306048265	1	252	4.972E-65	4	20116	23998	457	51	0.646	3.943E-05	36	73	227	20116	20229	114	20113	20316
306048265	1	252	4.972E-65	4	20116	23998	461	100	0.842	3.709E-22	74	129	227	20300	20467	168	20294	20491
306048265	1	252	4.972E-65	4	20116	23998	532	61	0.848	5.875E-09	136	168	227	23575	23673	99	23560	23676
306048265	1	252	4.972E-65	4	20116	23998	538	64	0.833	7.243E-10	191	226	227	23891	23998	108	23819	23998
306144789	1	180	2.348E-43	3	20300	23995	461	91	0.776	3.995E-19	69	124	228	20300	20467	168	20294	20491
306144789	1	180	2.348E-43	3	20300	23995	532	58	0.817	3.981E-08	131	163	228	23575	23673	99	23560	23676
306144789	1	180	2.348E-43	3	20300	23995	538	57	0.766	2.244E-07	186	220	228	23891	23995	105	23819	23998
306153569	1	182	5.870E-44	3	19685	23673	452	83	0.379	2.227E-14	0	87	282	19685	20059	375	19559	20065
306153569	1	182	5.870E-44	3	19685	23673	461	88	0.752	5.065E-18	127	182	282	20297	20464	168	20294	20491
306153569	1	182	5.870E-44	3	19685	23673	532	55	0.781	3.715E-07	190	222	282	23575	23673	99	23560	23676
306194957	1	83	3.721E-14	1	24703	24945	565	83	0.526	1.525E-13	22	101	120	24703	24945	243	24685	25392
306272314	-1	115	8.663E-24	2	36648	37072	1130	37	0.679	3.083E+00	79	103	203	-37072	-36998	75	37093	36926
306272314	-1	115	8.663E-24	2	36648	37072	1141	89	0.537	6.260E-16	116	200	203	-36902	-36648	255	36905	36264
306279768	1	74	1.905E-11	1	24751	25119	565	74	0.349	1.660E-10	71	195	221	24751	25119	369	24685	25392
306428346	1	224	1.335E-56	4	19685	23995	452	86	0.390	1.831E-15	0	87	282	19685	20059	375	19559	20065
306428346	1	224	1.335E-56	4	19685	23995	461	90	0.767	1.036E-18	127	182	282	20297	20464	168	20294	20491
306428346	1	224	1.335E-56	4	19685	23995	532	55	0.781	3.715E-07	190	222	282	23575	23673	99	23560	23676
306428346	1	224	1.335E-56	4	19685	23995	538	57	0.761	3.087E-07	245	279	282	23891	23995	105	23819	23998
306449574	-1	186	3.669E-45	2	35168	36905	1141	107	0.325	7.467E-22	78	280	618	-36905	-36294	612	36905	36264
306449574	-1	186	3.669E-45	2	35168	36905	1160	119	0.280	3.815E-24	322	596	618	-36031	-35168	864	36214	35117
306511422	-1	75	9.525E-12	1	35171	36166	1160	75	0.203	4.446E-10	62	352	355	-36166	-35171	996	36214	35117
306997147	-1	102	7.097E-20	1	35168	36202	1160	102	0.222	7.861E-19	32	411	444	-36202	-35168	1035	36214	35117
307097210	-1	87	2.325E-15	1	36318	36851	1141	87	0.309	3.988E-15	2	179	295	-36851	-36318	534	36905	36264
307407164	-1	102	7.097E-20	1	35168	36133	1160	102	0.237	1.421E-18	284	614	627	-36133	-35168	966	36214	35117
307998994	1	302	4.416E-80	3	24970	25802	565	140	0.609	4.930E-33	60	175	305	24970	25302	333	24685	25392
307998994	1	302	4.416E-80	3	24970	25802	567	76	0.716	4.228E-14	181	231	305	25376	25525	150	25373	25540
307998994	1	302	4.416E-80	3	24970	25802	572	91	0.617	8.963E-19	230	300	305	25584	25802	219	25575	25802
308322537	1	259	3.885E-67	3	24955	25802	565	115	0.508	1.623E-24	192	310	460	24955	25311	357	24685	25392
308322537	1	259	3.885E-67	3	24955	25802	567	64	0.557	1.120E-09	314	370	460	25373	25525	153	25373	25540
308322537	1	259	3.885E-67	3	24955	25802	572	82	0.484	9.661E-16	370	458	460	25587	25802	216	25575	25802
310852042	1	101	1.419E-19	1	2704	3111	67	101	0.411	5.202E-20	29	165	170	2704	3111	408	2536	3138
311794261	1	116	4.331E-24	1	2710	3138	67	116	0.441	2.702E-25	8	151	164	2710	3138	429	2536	3138
311992681	1	117	2.166E-24	1	2680	3135	67	117	0.426	1.446E-25	8	159	167	2680	3135	456	2536	3138
313086294	1	113	3.465E-23	1	2713	3138	67	113	0.437	3.291E-24	23	164	193	2713	3138	426	2536	3138
314526347	-1	64	1.951E-08	1	35174	35392	1160	64	0.461	1.335E-06	1	73	111	-35392	-35174	219	36214	35117
314762870	1	139	5.163E-31	2	19287	19888	444	79	0.447	5.856E-14	10	104	195	19287	19553	267	19248	19580
314762870	1	139	5.163E-31	2	19287	19888	452	78	0.569	9.395E-13	124	192	195	19682	19888	207	19559	20065
314988269	1	518	4.193E-145	3	24691	25802	565	293	0.669	8.065E-86	9	227	350	24691	25311	621	24685	25392
314988269	1	518	4.193E-145	3	24691	25802	567	99	0.905	5.787E-22	228	278	350	25373	25525	153	25373	25540
314988269	1	518	4.193E-145	3	24691	25802	572	128	0.816	7.471E-32	275	349	350	25578	25802	225	25575	25802
316916044	1	96	4.542E-18	1	2677	3111	67	96	0.377	2.968E-18	19	164	177	2677	3111	435	2536	3138
318772142	-1	92	7.267E-17	1	35174	36007	1160	92	0.246	2.247E-15	79	328	330	-36007	-35174	834	36214	35117
318844266	-1	74	1.905E-11	1	35177	36010	1160	74	0.211	7.902E-10	1	301	347	-36010	-35177	834	36214	35117
320118937	1	185	7.338E-45	3	20300	23998	461	93	0.788	1.122E-19	73	128	226	20300	20467	168	20294	20491
320118937	1	185	7.338E-45	3	20300	23998	532	55	0.776	5.112E-07	135	167	226	23575	23673	99	23560	23676
320118937	1	185	7.338E-45	3	20300	23998	538	63	0.819	1.883E-09	190	225	226	23891	23998	108	23819	23998
320137682	1	91	1.453E-16	1	2716	3114	67	91	0.388	1.233E-16	6	138	142	2716	3114	399	2536	3138
320148477	-1	128	1.057E-27	1	36297	36902	1141	128	0.371	4.963E-29	101	292	297	-36902	-36297	606	36905	36264
320150192	-1	139	5.163E-31	1	35180	35971	1160	139	0.328	7.673E-31	0	263	264	-35971	-35180	792	36214	35117
320189674	-1	130	2.644E-28	2	36318	37072	1130	41	0.494	1.246E-01	133	171	377	-37072	-36950	123	37093	36926
320189674	-1	130	2.644E-28	2	36318	37072	1141	106	0.395	1.391E-21	190	341	377	-36773	-36318	456	36905	36264
320457983	-1	66	4.877E-09	1	35174	35419	1160	66	0.433	3.215E-07	53	134	144	-35419	-35174	246	36214	35117
320489279	1	188	9.172E-46	3	20300	23998	461	96	0.815	6.450E-21	73	128	226	20300	20467	168	20294	20491
320489279	1	188	9.172E-46	3	20300	23998	532	57	0.797	1.426E-07	135	167	226	23575	23673	99	23560	23676
320489279	1	188	9.172E-46	3	20300	23998	538	61	0.790	1.274E-08	190	225	226	23891	23998	108	23819	23998
320525009	-1	65	9.753E-09	1	35174	35395	1160	65	0.463	5.683E-07	18	91	140	-35395	-35174	222	36214	35117
320727767	1	66	4.877E-09	1	24796	25095	565	66	0.376	5.096E-08	32	125	173	24796	25095	300	24685	25392
320735390	1	175	7.514E-42	2	19658	24642	452	93	0.600	1.229E-17	27	103	196	19658	19888	231	19559	20065
320735390	1	175	7.514E-42	2	19658	24642	553	87	0.567	1.381E-16	110	186	196	24412	24642	231	24352	24681
320789207	-1	212	5.467E-53	2	35171	36764	1141	109	0.393	1.155E-22	7	157	526	-36764	-36291	474	36905	36264
320789207	-1	212	5.467E-53	2	35171	36764	1160	109	0.236	5.023E-21	165	525	526	-36163	-35171	993	36214	35117
320864925	1	97	2.271E-18	1	24796	25164	565	97	0.402	2.445E-18	9	144	174	24796	25164	369	24685	25392
320971490	1	109	5.544E-22	1	24715	25119	565	109	0.417	3.153E-22	0	144	265	24715	25119	405	24685	25392
320991653	-1	315	5.391E-84	3	35501	37072	1130	33	0.404	7.681E+01	65	106	566	-37072	-36947	126	37093	36926
320991653	-1	315	5.391E-84	3	35501	37072	1141	153	0.416	9.843E-38	118	324	566	-36902	-36300	603	36905	36264
320991653	-1	315	5.391E-84	3	35501	37072	1160	145	0.383	5.870E-33	332	550	566	-36160	-35501	660	36214	35117
321390466	1	99	5.677E-19	1	2716	3114	67	99	0.415	1.807E-19	50	181	185	2716	3114	399	2536	3138
321393701	-1	89	5.813E-16	1	35177	36031	1160	89	0.225	1.301E-14	14	333	380	-36031	-35177	855	36214	35117
321487511	-1	93	3.633E-17	1	36339	36902	1141	93	0.313	2.846E-17	87	274	312	-36902	-36339	564	36905	36264
321589840	1	74	1.905E-11	1	25629	25787	572	74	0.677	5.540E-13	37	89	103	25629	25787	159	25575	25802
321691083	1	80	2.977E-13	1	2692	3111	67	80	0.341	7.134E-13	17	156	161	2692	3111	420	2536	3138
321723720	-1	113	3.465E-23	1	35138	36133	1160	113	0.240	1.880E-22	284	646	664	-36133	-35138	996	36214	35117
322017889	1	289	3.618E-76	3	24970	25802	565	134	0.587	5.310E-31	25	140	270	24970	25302	333	24685	25392
322017889	1	289	3.618E-76	3	24970	25802	567	79	0.740	4.566E-15	146	196	270	25376	25525	150	25373	25540
322017889	1	289	3.618E-76	3	24970	25802	572	81	0.558	3.440E-15	195	265	270	25584	25802	219	25575	25802
324968026	1	232	5.214E-59	3	24982	25802	565	94	0.436	2.108E-17	84	201	345	24982	25308	327	24685	25392
324968026	1	232	5.214E-59	3	24982	25802	567	48	0.401	2.844E-04	206	270	345	25373	25525	153	25373	25540
324968026	1	232	5.214E-59	3	24982	25802	572	93	0.636	1.834E-19	270	341	345	25587	25802	216	25575	25802
326008209	1	224	1.335E-56	3	24934	25802	565	94	0.401	3.900E-17	176	306	465	24934	25302	369	24685	25392
326008209	1	224	1.335E-56	3	24934	25802	567	60	0.490	1.972E-08	314	376	465	25376	25528	153	25373	25540
326008209	1	224	1.335E-56	3	24934	25802	572	77	0.458	8.237E-14	375	463	465	25587	25802	216	25575	25802
326405843	1	129	5.287E-28	1	2695	3138	67	129	0.466	1.211E-29	0	148	167	2695	3138	444	2536	3138
329782281	1	79	5.953E-13	1	19287	19553	444	79	0.447	5.856E-14	10	104	140	19287	19553	267	19248	19580
332310154	1	124	1.692E-26	1	2704	3135	67	124	0.459	7.095E-28	7	152	157	2704	3135	432	2536	3138
332394898	1	245	6.364E-63	3	24979	25802	565	103	0.492	3.259E-20	1	110	268	24979	25302	324	24685	25392
332394898	1	245	6.364E-63	3	24979	25802	567	60	0.494	2.713E-08	117	178	268	25373	25525	153	25373	25540
332394898	1	245	6.364E-63	3	24979	25802	572	87	0.505	2.941E-17	178	266	268	25587	25802	216	25575	25802
332549517	1	87	2.325E-15	1	2665	3114	67	87	0.345	3.728E-15	25	169	173	2665	3114	450	2536	3138
334049347	1	1038	1.222E-301	5	12764	15860	308	33	0.805	1.588E+01	0	17	600	12764	12817	54	12752	12817
334049347	1	1038	1.222E-301	5	12764	15860	317	52	0.978	3.540E-06	29	52	600	13041	13112	72	13038	13121
334049347	1	1038	1.222E-301	5	12764	15860	327	340	0.866	8.470E-103	51	238	600	13252	13806	555	13252	13854
334049347	1	1038	1.222E-301	5	12764	15860	329	39	0.721	4.277E-01	239	262	600	13887	13961	75	13884	14048
334049347	1	1038	1.222E-301	5	12764	15860	360	583	0.830	2.317E-183	261	599	600	14841	15860	1020	14694	15860
334434260	1	144	1.614E-32	2	19272	19888	444	82	0.450	4.669E-15	7	104	195	19272	19553	282	19248	19580
334434260	1	144	1.614E-32	2	19272	19888	452	80	0.579	2.701E-13	124	192	195	19682	19888	207	19559	20065
334690171	-1	200	2.239E-49	1	35183	36115	1160	200	0.377	1.533E-51	295	606	607	-36115	-35183	933	36214	35117
334690271	-1	83	3.721E-14	1	35180	35452	1160	83	0.476	1.375E-12	17	108	114	-35452	-35180	273	36214	35117
334694323	1	250	1.989E-64	4	20113	23998	457	55	0.667	3.077E-06	34	72	226	20113	20229	117	20113	20316
334694323	1	250	1.989E-64	4	20113	23998	461	102	0.854	1.043E-22	73	128	226	20300	20467	168	20294	20491
334694323	1	250	1.989E-64	4	20113	23998	532	58	0.817	3.981E-08	135	167	226	23575	23673	99	23560	23676
334694323	1	250	1.989E-64	4	20113	23998	538	59	0.767	6.269E-08	190	225	226	23891	23998	108	23819	23998
334727053	-1	198	8.957E-49	1	35171	36214	1160	198	0.343	7.220E-51	265	619	624	-36214	-35171	1044	36214	35117
334730326	-1	115	8.663E-24	1	36471	36902	1141	115	0.439	7.910E-25	125	267	272	-36902	-36471	432	36905	36264
334730597	-1	114	1.733E-23	1	35207	36214	1160	114	0.250	1.394E-22	149	435	470	-36214	-35207	1008	36214	35117
334812940	1	154	1.576E-35	2	20116	20467	457	53	0.660	1.515E-05	3	40	113	20116	20229	114	20113	20316
334812940	1	154	1.576E-35	2	20116	20467	461	100	0.842	3.709E-22	41	96	113	20300	20467	168	20294	20491
334839321	1	194	1.433E-47	3	20300	23998	461	95	0.803	2.295E-20	74	129	227	20300	20467	168	20294	20491
334839321	1	194	1.433E-47	3	20300	23998	532	64	0.900	2.426E-10	136	168	227	23575	23673	99	23560	23676
334839321	1	194	1.433E-47	3	20300	23998	538	61	0.785	1.752E-08	191	226	227	23891	23998	108	23819	23998
334879219	1	157	1.970E-36	2	20113	20464	457	53	0.669	8.006E-06	2	39	113	20113	20226	114	20113	20316
334879219	1	157	1.970E-36	2	20113	20464	461	103	0.877	4.026E-23	41	95	113	20300	20464	165	20294	20491
334959810	-1	145	8.068E-33	1	36315	36902	1141	145	0.417	3.799E-35	27	222	274	-36902	-36315	588	36905	36264
334964412	-1	96	4.542E-18	1	35174	35470	1160	96	0.503	6.610E-17	50	149	157	-35470	-35174	297	36214	35117
334964413	-1	85	9.302E-15	1	35171	35479	1160	85	0.445	3.217E-13	17	119	124	-35479	-35171	309	36214	35117
335249024	1	136	4.131E-30	1	29498	29818	648	136	0.624	3.022E-33	25	133	146	29498	29818	321	29456	29863
335249024	-1	120	2.707E-25	1	29098	29370	1280	120	0.653	3.997E-28	25	115	146	-29370	-29098	273	29421	29071
335277739	1	173	3.006E-41	2	19299	19891	444	81	0.468	8.787E-15	30	120	203	19299	19574	276	19248	19580
335277739	1	173	3.006E-41	2	19299	19891	452	91	0.571	5.877E-17	121	200	203	19652	19891	240	19559	20065
335356532	-1	123	3.384E-26	1	35165	36121	1160	123	0.269	1.884E-25	26	301	326	-36121	-35165	957	36214	35117
335389778	1	83	3.721E-14	1	24724	24924	565	83	0.615	1.124E-13	1	67	71	24724	24924	201	24685	25392
335402870	1	299	3.533E-79	5	20113	23995	457	47	0.610	1.319E-03	32	68	224	20113	20223	111	20113	20316
335402870	1	299	3.533E-79	5	20113	23995	461	100	0.859	2.701E-22	70	124	224	20300	20464	165	20294	20491
335402870	1	299	3.533E-79	5	20113	23995	532	65	0.905	1.765E-10	132	164	224	23575	23673	99	23560	23676
335402870	1	299	3.533E-79	5	20113	23995	536	33	0.656	4.908E+01	166	188	224	23763	23831	69	23724	23864
335402870	1	299	3.533E-79	5	20113	23995	538	57	0.757	4.246E-07	187	221	224	23891	23995	105	23819	23998
335419798	1	145	8.068E-33	2	19676	20464	452	92	0.402	2.299E-17	3	95	209	19676	20059	384	19559	20065
335419798	1	145	8.068E-33	2	19676	20464	461	91	0.776	3.995E-19	135	190	209	20297	20464	168	20294	20491
335429343	1	94	1.817E-17	1	19649	19888	452	94	0.589	3.515E-18	14	93	139	19649	19888	240	19559	20065
335511359	1	111	1.386E-22	1	24697	25119	565	111	0.411	6.702E-23	20	170	174	24697	25119	423	24685	25392
335532761	1	355	4.903E-96	3	24946	25802	565	155	0.620	3.431E-38	9	134	259	24946	25308	363	24685	25392
335532761	1	355	4.903E-96	3	24946	25802	567	87	0.823	5.772E-18	137	186	259	25376	25525	150	25373	25540
335532761	1	355	4.903E-96	3	24946	25802	572	115	0.758	3.563E-27	185	257	259	25584	25802	219	25575	25802
335554420	-1	231	1.043E-58	2	35822	36902	1141	143	0.395	3.404E-34	97	303	426	-36902	-36300	603	36905	36264
335554420	-1	231	1.043E-58	2	35822	36902	1160	89	0.408	2.334E-14	302	422	426	-36163	-35822	342	36214	35117
335583204	-1	84	1.860E-14	1	35165	35656	1160	84	0.301	7.694E-13	96	274	300	-35656	-35165	492	36214	35117
335637488	-1	111	1.386E-22	1	35171	36067	1160	111	0.264	8.381E-22	250	544	556	-36067	-35171	897	36214	35117
335725726	-1	76	4.762E-12	1	35747	36115	1160	76	0.359	2.501E-10	0	122	123	-36115	-35747	369	36214	35117
335948542	1	76	4.762E-12	1	2728	3114	67	76	0.348	1.554E-11	32	160	175	2728	3114	387	2536	3138
336060680	-1	67	2.438E-09	1	35141	35461	1160	67	0.353	1.367E-07	2	112	137	-35461	-35141	321	36214	35117
339529403	1	250	1.989E-64	3	24955	25802	565	115	0.508	3.019E-24	196	313	471	24955	25302	348	24685	25392
339529403	1	250	1.989E-64	3	24955	25802	567	56	0.469	4.786E-07	320	381	471	25373	25525	153	25373	25540
339529403	1	250	1.989E-64	3	24955	25802	572	84	0.494	1.975E-16	381	469	471	25587	25802	216	25575	25802
340882547	1	128	1.057E-27	1	2707	3138	67	128	0.474	2.266E-29	8	152	154	2707	3138	432	2536	3138
343295414	-1	76	4.762E-12	1	35573	36214	1160	76	0.252	2.501E-10	103	320	384	-36214	-35573	642	36214	35117
343637113	-1	88	1.163E-15	1	35174	35971	1160	88	0.236	3.125E-14	0	286	296	-35971	-35174	798	36214	35117
344605040	1	91	1.453E-16	1	2728	3117	67	91	0.377	1.681E-16	42	179	182	2728	3117	390	2536	3138
345985433	1	238	8.146E-61	4	20116	23998	457	46	0.552	2.497E-03	36	76	228	20116	20238	123	20113	20316
345985433	1	238	8.146E-61	4	20116	23998	461	97	0.806	4.696E-21	74	130	228	20297	20467	171	20294	20491
345985433	1	238	8.146E-61	4	20116	23998	532	56	0.786	2.700E-07	137	169	228	23575	23673	99	23560	23676
345985433	1	238	8.146E-61	4	20116	23998	538	66	0.847	2.786E-10	192	227	228	23891	23998	108	23819	23998
345995481	-1	209	4.374E-52	1	35174	35812	1160	209	0.518	1.222E-54	0	211	213	-35812	-35174	639	36214	35117
348401258	1	859	9.361E-248	7	19266	23998	444	191	0.882	5.855E-53	0	102	428	19266	19574	309	19248	19580
348401258	1	859	9.361E-248	7	19266	23998	452	255	0.880	7.478E-74	98	235	428	19646	20059	414	19559	20065
348401258	1	859	9.361E-248	7	19266	23998	457	81	0.959	1.700E-15	236	274	428	20113	20229	117	20113	20316
348401258	1	859	9.361E-248	7	19266	23998	461	127	1.000	1.171E-31	274	329	428	20297	20464	168	20294	20491
348401258	1	859	9.361E-248	7	19266	23998	532	74	1.000	1.167E-13	337	369	428	23575	23673	99	23560	23676
348401258	1	859	9.361E-248	7	19266	23998	536	52	0.985	7.340E-06	368	391	428	23754	23825	72	23724	23864
348401258	1	859	9.361E-248	7	19266	23998	538	84	1.000	1.234E-16	392	427	428	23891	23998	108	23819	23998
349231884	-1	112	6.930E-23	1	36303	36713	1141	112	0.444	9.568E-24	108	245	268	-36713	-36303	411	36905	36264
349231901	-1	129	5.287E-28	1	35171	36127	1160	129	0.276	1.113E-27	160	483	491	-36127	-35171	957	36214	35117
349231987	-1	180	2.348E-43	2	35867	36875	1141	112	0.368	9.568E-24	109	285	359	-36875	-36339	537	36905	36264
349231987	-1	180	2.348E-43	2	35867	36875	1160	74	0.480	1.404E-09	279	358	359	-36106	-35867	240	36214	35117
349232340	-1	121	1.354E-25	1	36306	36875	1141	121	0.372	1.004E-26	109	296	341	-36875	-36306	570	36905	36264
349269405	-1	104	1.774E-20	1	36447	36902	1141	104	0.390	6.579E-21	47	195	240	-36902	-36447	456	36905	36264
349271967	-1	146	4.034E-33	1	36342	36902	1141	146	0.433	2.030E-35	147	332	333	-36902	-36342	561	36905	36264
349272938	-1	94	1.817E-17	1	35675	36115	1160	94	0.365	2.879E-16	27	177	193	-36115	-35675	441	36214	35117
349274250	-1	99	5.677E-19	1	35543	36127	1160	99	0.294	1.126E-17	53	273	309	-36127	-35543	585	36214	35117
349274615	-1	185	7.338E-45	2	35750	36887	1141	102	0.336	4.241E-20	130	310	452	-36887	-36336	552	36905	36264
349274615	-1	185	7.338E-45	2	35750	36887	1160	83	0.366	1.838E-12	310	440	452	-36142	-35750	393	36214	35117
349300827	-1	74	1.905E-11	1	35144	35458	1160	74	0.387	1.404E-09	41	147	150	-35458	-35144	315	36214	35117
349389368	1	137	2.065E-30	2	20113	20467	457	44	0.574	1.697E-02	2	38	112	20113	20223	111	20113	20316
349389368	1	137	2.065E-30	2	20113	20467	461	92	0.779	2.908E-19	40	95	112	20300	20467	168	20294	20491
349504002	-1	145	8.068E-33	1	35168	35839	1160	145	0.377	7.964E-33	11	233	237	-35839	-35168	672	36214	35117
349557821	1	149	5.042E-34	3	20300	23998	461	94	0.794	5.948E-20	49	104	201	20300	20467	168	20294	20491
349557821	1	149	5.042E-34	3	20300	23998	536	36	0.802	5.146E+00	145	164	201	23766	23825	60	23724	23864
349557821	1	149	5.042E-34	3	20300	23998	538	57	0.738	4.246E-07	165	200	201	23891	23998	108	23819	23998
349696310	-1	128	1.057E-27	1	35159	36154	1160	128	0.268	2.038E-27	11	347	350	-36154	-35159	996	36214	35117
349708029	1	199	4.479E-49	3	20116	23673	457	47	0.592	1.815E-03	36	73	232	20116	20229	114	20113	20316
349708029	1	199	4.479E-49	3	20116	23673	461	97	0.821	3.419E-21	74	129	232	20300	20467	168	20294	20491
349708029	1	199	4.479E-49	3	20116	23673	532	59	0.823	2.894E-08	136	168	232	23575	23673	99	23560	23676
349748152	1	136	4.131E-30	2	20113	20467	457	45	0.562	6.509E-03	2	40	112	20113	20229	117	20113	20316
349748152	1	136	4.131E-30	2	20113	20467	461	91	0.770	7.538E-19	40	95	112	20300	20467	168	20294	20491
349818720	1	96	4.542E-18	1	24412	24645	553	96	0.615	5.084E-20	18	95	100	24412	24645	234	24352	24681
349823474	1	198	8.957E-49	2	19281	25095	444	101	0.543	1.638E-21	6	100	389	19281	19565	285	19248	19580
349823474	1	198	8.957E-49	2	19281	25095	565	99	0.432	5.238E-19	104	229	389	24718	25095	378	24685	25392
349896335	-1	331	8.226E-89	3	36294	37243	1125	44	0.569	4.054E-01	32	66	338	-37243	-37133	111	37597	37133
349896335	-1	331	8.226E-89	3	36294	37243	1130	37	0.686	2.236E+00	67	91	338	-37072	-36998	75	37093	36926
349896335	-1	331	8.226E-89	3	36294	37243	1141	261	0.646	5.042E-75	105	307	338	-36902	-36294	609	36905	36264
349929808	1	99	5.677E-19	1	24718	24948	565	99	0.634	7.129E-19	27	103	127	24718	24948	231	24685	25392
349930739	1	202	5.598E-50	3	19658	23673	452	102	0.422	4.876E-21	107	206	401	19658	20059	402	19559	20065
349930739	1	202	5.598E-50	3	19658	23673	461	91	0.776	3.995E-19	246	301	401	20297	20464	168	20294	20491
349930739	1	202	5.598E-50	3	19658	23673	532	53	0.745	3.472E-06	309	341	401	23575	23673	99	23560	23676
350074648	-1	242	5.092E-62	2	35168	36902	1141	95	0.299	6.054E-18	110	283	586	-36902	-36285	618	36905	36264
350074648	-1	242	5.092E-62	2	35168	36902	1160	150	0.308	1.108E-34	288	582	586	-36115	-35168	948	36214	35117
350228027	-1	121	1.354E-25	1	36264	36878	1141	121	0.352	1.372E-26	2	199	210	-36878	-36264	615	36905	36264
350603180	-1	73	3.810E-11	1	35168	35692	1160	73	0.264	1.870E-09	9	200	237	-35692	-35168	525	36214	35117
351019371	-1	97	2.271E-18	1	35174	35881	1160	97	0.272	3.666E-17	30	276	291	-35881	-35174	708	36214	35117
355415189	1	124	1.692E-26	1	2548	3135	67	124	0.353	7.095E-28	176	385	390	2548	3135	588	2536	3138
355627706	1	121	1.354E-25	1	2677	3135	67	121	0.435	6.341E-27	30	182	188	2677	3135	459	2536	3138
355667678	-1	84	1.860E-14	1	36315	36863	1141	84	0.296	4.691E-14	1	174	287	-36863	-36315	549	36905	36264
356144192	1	160	2.462E-37	2	24931	25528	565	121	0.582	2.865E-26	7	111	215	24931	25230	300	24685	25392
356144192	1	160	2.462E-37	2	24931	25528	567	63	0.588	1.541E-09	137	189	215	25376	25528	153	25373	25540
356403565	1	115	8.663E-24	1	2695	3135	67	115	0.427	6.901E-25	17	165	191	2695	3135	441	2536	3138
359376108	1	629	1.615E-178	3	42701	43914	954	385	0.816	3.758E-117	0	227	554	42701	43384	684	42644	43414
359376108	1	629	1.615E-178	3	42701	43914	960	163	0.784	3.977E-42	214	313	554	43410	43709	300	43389	43865
359376108	1	629	1.615E-178	3	42701	43914	961	98	0.918	4.216E-21	309	358	554	43765	43914	150	43702	43971
359482650	-1	85	9.302E-15	1	35144	36127	1160	85	0.201	3.217E-13	112	499	521	-36127	-35144	984	36214	35117
360412742	1	113	3.465E-23	1	2689	3135	67	113	0.419	3.291E-24	13	162	219	2689	3135	447	2536	3138
361585841	-1	74	1.905E-11	1	35165	36142	1160	74	0.203	1.053E-09	106	408	442	-36142	-35165	978	36214	35117
362382482	1	243	2.546E-62	4	20116	23995	457	48	0.601	9.584E-04	37	74	227	20116	20229	114	20113	20316
362382482	1	243	2.546E-62	4	20116	23995	461	99	0.847	9.609E-22	74	128	227	20300	20464	165	20294	20491
362382482	1	243	2.546E-62	4	20116	23995	532	64	0.895	3.337E-10	136	168	227	23575	23673	99	23560	23676
362382482	1	243	2.546E-62	4	20116	23995	538	58	0.771	1.631E-07	191	225	227	23891	23995	105	23819	23998
363337349	1	116	4.331E-24	1	2713	3138	67	116	0.442	3.694E-25	5	147	149	2713	3138	426	2536	3138
363447646	1	284	1.158E-74	3	24964	25793	565	127	0.552	1.976E-28	19	136	267	24964	25302	339	24685	25392
363447646	1	284	1.158E-74	3	24964	25793	567	69	0.636	1.298E-11	145	197	267	25373	25528	156	25373	25540
363447646	1	284	1.158E-74	3	24964	25793	572	96	0.679	1.450E-20	196	263	267	25587	25793	207	25575	25802
363772485	-1	103	3.548E-20	1	35174	36160	1160	103	0.239	5.844E-19	184	416	422	-36160	-35174	987	36214	35117
363810203	-1	140	2.582E-31	1	36318	36905	1141	140	0.406	2.229E-33	113	307	341	-36905	-36318	588	36905	36264
363810379	1	185	7.338E-45	3	20300	23998	461	95	0.806	1.671E-20	76	131	248	20300	20467	168	20294	20491
363810379	1	185	7.338E-45	3	20300	23998	532	55	0.771	7.034E-07	138	170	248	23575	23673	99	23560	23676
363810379	1	185	7.338E-45	3	20300	23998	538	61	0.790	1.274E-08	193	228	248	23891	23998	108	23819	23998
363812461	-1	258	7.769E-67	2	35171	36905	1141	151	0.418	6.459E-37	157	357	572	-36905	-36300	606	36905	36264
363812461	-1	258	7.769E-67	2	35171	36905	1160	109	0.339	3.728E-21	361	555	572	-35758	-35171	588	36214	35117
363851692	1	181	1.174E-43	3	20300	23995	461	94	0.797	4.330E-20	76	131	229	20300	20467	168	20294	20491
363851692	1	181	1.174E-43	3	20300	23995	532	52	0.740	4.779E-06	138	170	229	23575	23673	99	23560	23676
363851692	1	181	1.174E-43	3	20300	23995	538	61	0.805	1.752E-08	193	227	229	23891	23995	105	23819	23998
363878623	-1	107	2.218E-21	1	35174	35839	1160	107	0.308	2.227E-20	11	198	204	-35839	-35174	666	36214	35117
363906908	1	183	2.935E-44	3	20300	23995	461	93	0.785	1.541E-19	77	132	231	20300	20467	168	20294	20491
363906908	1	183	2.935E-44	3	20300	23995	532	55	0.771	7.034E-07	139	171	231	23575	23673	99	23560	23676
363906908	1	183	2.935E-44	3	20300	23995	538	61	0.815	9.262E-09	194	228	231	23891	23995	105	23819	23998
363969132	1	146	4.034E-33	3	20116	23998	457	45	0.570	8.958E-03	36	73	227	20116	20229	114	20113	20316
363969132	1	146	4.034E-33	3	20116	23998	461	102	0.857	7.593E-23	73	128	227	20300	20467	168	20294	20491
363969132	1	146	4.034E-33	3	20116	23998	538	60	0.781	2.409E-08	191	226	227	23891	23998	108	23819	23998
363988550	1	156	3.939E-36	2	20113	20464	457	53	0.654	8.006E-06	2	40	113	20113	20229	117	20113	20316
363988550	1	156	3.939E-36	2	20113	20464	461	102	0.874	5.529E-23	41	95	113	20300	20464	165	20294	20491
364042797	-1	175	7.514E-42	1	35291	36115	1160	175	0.375	4.404E-43	36	310	312	-36115	-35291	825	36214	35117
364045602	-1	134	1.652E-29	1	35171	36127	1160	134	0.284	2.168E-29	195	514	519	-36127	-35171	957	36214	35117
364048002	-1	69	6.096E-10	1	35183	35377	1160	69	0.535	4.364E-08	1	65	66	-35377	-35183	195	36214	35117
364114483	1	236	3.259E-60	4	20116	23995	457	45	0.587	6.509E-03	37	73	233	20116	20226	111	20113	20316
364114483	1	236	3.259E-60	4	20116	23995	461	100	0.842	3.709E-22	75	130	233	20300	20467	168	20294	20491
364114483	1	236	3.259E-60	4	20116	23995	532	57	0.807	7.534E-08	137	169	233	23575	23673	99	23560	23676
364114483	1	236	3.259E-60	4	20116	23995	538	58	0.776	1.186E-07	192	226	233	23891	23995	105	23819	23998
364345086	1	79	5.953E-13	1	24412	24645	553	79	0.513	7.705E-14	67	145	156	24412	24645	234	24352	24681
364361421	1	184	1.468E-44	2	19658	24951	452	92	0.597	1.681E-17	27	103	196	19658	19888	231	19559	20065
364361421	1	184	1.468E-44	2	19658	24951	565	96	0.604	8.378E-18	109	187	196	24715	24951	237	24685	25392
364440219	-1	157	1.970E-36	1	36315	36680	1141	157	0.638	4.276E-39	1	123	160	-36680	-36315	366	36905	36264
364667958	-1	174	1.503E-41	2	35858	36875	1141	104	0.367	6.579E-21	7	172	278	-36875	-36378	498	36905	36264
364667958	-1	174	1.503E-41	2	35858	36875	1160	83	0.484	1.375E-12	187	276	278	-36127	-35858	270	36214	35117
364763503	-1	66	4.877E-09	1	35174	35368	1160	66	0.520	2.418E-07	0	64	68	-35368	-35174	195	36214	35117
364805779	-1	74	1.905E-11	1	35174	35443	1160	74	0.436	7.902E-10	33	124	169	-35443	-35174	270	36214	35117
365143871	-1	101	1.419E-19	1	35141	36142	1160	101	0.228	2.569E-18	3	357	382	-36142	-35141	1002	36214	35117
365144225	-1	69	6.096E-10	1	35141	35434	1160	69	0.382	3.279E-08	11	112	133	-35434	-35141	294	36214	35117
365231887	1	89	5.813E-16	1	2668	3111	67	89	0.336	5.810E-16	79	238	244	2668	3111	444	2536	3138
368802681	1	248	7.956E-64	3	24955	25802	565	108	0.474	7.979E-22	199	319	469	24955	25311	357	24685	25392
368802681	1	248	7.956E-64	3	24955	25802	567	59	0.532	3.731E-08	324	379	469	25376	25525	150	25373	25540
368802681	1	248	7.956E-64	3	24955	25802	572	84	0.494	1.975E-16	379	467	469	25587	25802	216	25575	25802
369907450	1	127	2.115E-27	1	2695	3138	67	127	0.460	5.798E-29	4	152	178	2695	3138	444	2536	3138
369973742	1	116	4.331E-24	1	2713	3135	67	116	0.445	3.694E-25	11	152	184	2713	3135	423	2536	3138
370190772	1	112	6.930E-23	1	2704	3135	67	112	0.425	6.146E-24	18	163	217	2704	3135	432	2536	3138
370288194	1	127	2.115E-27	1	2704	3138	67	127	0.468	5.798E-29	1	146	172	2704	3138	435	2536	3138
370354440	1	137	2.065E-30	3	20113	23995	457	43	0.541	3.215E-02	18	56	217	20113	20229	117	20113	20316
370354440	1	137	2.065E-30	3	20113	23995	461	93	0.788	1.122E-19	56	111	217	20300	20467	168	20294	20491
370354440	1	137	2.065E-30	3	20113	23995	538	58	0.776	1.186E-07	170	204	217	23891	23995	105	23819	23998
372666863	1	313	2.156E-83	5	19293	23998	444	79	0.486	5.856E-14	2	83	393	19293	19547	255	19248	19580
372666863	1	313	2.156E-83	5	19293	23998	452	79	0.348	6.879E-13	88	200	393	19658	20059	402	19559	20065
372666863	1	313	2.156E-83	5	19293	23998	461	105	0.878	8.243E-24	239	294	393	20297	20464	168	20294	20491
372666863	1	313	2.156E-83	5	19293	23998	532	53	0.750	2.523E-06	302	334	393	23575	23673	99	23560	23676
372666863	1	313	2.156E-83	5	19293	23998	538	62	0.800	6.735E-09	357	392	393	23891	23998	108	23819	23998
373326113	-1	104	1.774E-20	1	35156	36127	1160	104	0.234	1.784E-19	258	605	631	-36127	-35156	972	36214	35117
373591708	-1	74	1.905E-11	1	35144	35728	1160	74	0.263	1.404E-09	21	213	214	-35728	-35144	585	36214	35117
377064565	-1	105	8.871E-21	1	35177	36127	1160	105	0.239	1.326E-19	205	540	578	-36127	-35177	951	36214	35117
377137211	-1	84	1.860E-14	1	36498	36905	1141	84	0.357	4.691E-14	52	189	191	-36905	-36498	408	36905	36264
378313966	-1	183	2.935E-44	1	35204	36115	1160	183	0.361	6.757E-46	285	585	600	-36115	-35204	912	36214	35117
378314609	-1	295	5.653E-78	2	35297	36902	1141	154	0.438	2.808E-38	101	294	599	-36902	-36318	585	36905	36264
378314609	-1	295	5.653E-78	2	35297	36902	1160	163	0.357	6.113E-39	318	591	599	-36115	-35297	819	36214	35117
378315107	-1	109	5.544E-22	1	35183	35713	1160	109	0.362	6.767E-21	19	192	193	-35713	-35183	531	36214	35117
378315869	-1	125	8.460E-27	1	35171	36127	1160	125	0.272	3.088E-26	322	621	625	-36127	-35171	957	36214	35117
378316055	-1	134	1.652E-29	1	36303	36905	1141	134	0.384	4.559E-31	19	197	226	-36905	-36303	603	36905	36264
378353731	-1	355	4.903E-96	2	35180	36902	1141	145	0.415	7.109E-35	68	262	593	-36902	-36315	588	36905	36264
378353731	-1	355	4.903E-96	2	35180	36902	1160	212	0.381	1.020E-55	266	592	593	-36160	-35180	981	36214	35117
378354180	-1	181	1.174E-43	1	35174	36094	1160	181	0.356	4.309E-45	169	472	484	-36094	-35174	921	36214	35117
378354847	1	297	1.413E-78	5	20116	23995	457	50	0.658	1.413E-04	149	184	340	20116	20223	108	20113	20316
378354847	1	297	1.413E-78	5	20116	23995	461	94	0.797	4.330E-20	185	240	340	20297	20464	168	20294	20491
378354847	1	297	1.413E-78	5	20116	23995	532	61	0.848	5.875E-09	248	280	340	23575	23673	99	23560	23676
378354847	1	297	1.413E-78	5	20116	23995	536	34	0.646	2.576E+01	279	302	340	23754	23825	72	23724	23864
378354847	1	297	1.413E-78	5	20116	23995	538	61	0.815	9.262E-09	303	337	340	23891	23995	105	23819	23998
378492873	-1	69	6.096E-10	1	35168	35407	1160	69	0.457	3.279E-08	3	82	111	-35407	-35168	240	36214	35117
378588101	-1	133	3.305E-29	1	36366	36902	1141	133	0.417	6.233E-31	96	273	274	-36902	-36366	537	36905	36264
378702079	-1	69	6.096E-10	1	35174	35419	1160	69	0.447	4.364E-08	1	81	91	-35419	-35174	246	36214	35117
378848779	1	78	1.191E-12	1	24718	24948	565	78	0.521	5.900E-12	9	79	90	24718	24948	231	24685	25392
378893520	1	124	1.692E-26	2	19658	24636	452	79	0.537	5.037E-13	30	104	222	19658	19882	225	19559	20065
378893520	1	124	1.692E-26	2	19658	24636	553	67	0.462	1.011E-09	128	203	222	24409	24636	228	24352	24681
378900377	1	98	1.135E-18	1	24718	24960	565	98	0.602	1.797E-18	12	92	93	24718	24960	243	24685	25392
378981378	1	523	1.310E-146	3	24718	25802	565	297	0.708	4.738E-87	54	260	383	24718	25311	594	24685	25392
378981378	1	523	1.310E-146	3	24718	25802	567	98	0.902	7.948E-22	262	312	383	25376	25528	153	25373	25540
378981378	1	523	1.310E-146	3	24718	25802	572	128	0.841	1.408E-31	311	382	383	25587	25802	216	25575	25802
379014987	1	83	3.721E-14	1	24751	24924	565	83	0.695	1.124E-13	2	59	63	24751	24924	174	24685	25392
379015393	1	205	6.998E-51	2	19281	25104	444	98	0.524	1.093E-20	13	108	419	19281	19571	291	19248	19580
379015393	1	205	6.998E-51	2	19281	25104	565	108	0.420	7.979E-22	111	252	419	24718	25104	387	24685	25392
379019166	1	197	1.791E-48	2	19290	20062	444	93	0.524	1.255E-18	16	106	403	19290	19562	273	19248	19580
379019166	1	197	1.791E-48	2	19290	20062	452	103	0.417	3.564E-21	107	208	403	19652	20062	411	19559	20065
379044179	1	232	5.214E-59	4	19658	23995	452	93	0.394	6.574E-18	14	110	306	19658	20059	402	19559	20065
379044179	1	232	5.214E-59	4	19658	23995	461	90	0.776	1.422E-18	152	206	306	20300	20464	165	20294	20491
379044179	1	232	5.214E-59	4	19658	23995	532	59	0.823	2.894E-08	214	246	306	23575	23673	99	23560	23676
379044179	1	232	5.214E-59	4	19658	23995	538	56	0.752	5.841E-07	269	303	306	23891	23995	105	23819	23998
379045948	1	94	1.817E-17	1	19293	19565	444	94	0.522	3.543E-19	12	104	114	19293	19565	273	19248	19580
379061517	-1	77	2.381E-12	1	36462	36899	1141	77	0.323	1.180E-11	122	267	271	-36899	-36462	438	36905	36264
379158006	-1	267	1.517E-69	2	35174	36899	1141	109	0.338	1.576E-22	112	283	640	-36899	-36312	588	36905	36264
379158006	-1	267	1.517E-69	2	35174	36899	1160	174	0.329	8.157E-43	301	632	640	-36118	-35174	945	36214	35117
379209348	-1	192	5.733E-47	2	35165	36905	1141	120	0.362	1.874E-26	101	295	690	-36905	-36318	588	36905	36264
379209348	-1	192	5.733E-47	2	35165	36905	1160	133	0.286	5.385E-29	358	670	690	-36109	-35165	945	36214	35117
379311058	1	201	1.120E-49	3	19652	23658	452	85	0.365	3.420E-15	27	129	324	19652	20059	408	19559	20065
379311058	1	201	1.120E-49	3	19652	23658	461	105	0.865	8.243E-24	169	225	324	20294	20464	171	20294	20491
379311058	1	201	1.120E-49	3	19652	23658	532	55	0.893	7.034E-07	233	260	324	23575	23658	84	23560	23676
379376633	1	196	3.583E-48	3	20300	23995	461	100	0.859	2.701E-22	74	128	229	20300	20464	165	20294	20491
379376633	1	196	3.583E-48	3	20300	23995	532	60	0.838	1.112E-08	136	168	229	23575	23673	99	23560	23676
379376633	1	196	3.583E-48	3	20300	23995	538	63	0.839	1.883E-09	191	225	229	23891	23995	105	23819	23998
379595287	1	78	1.191E-12	1	2728	3111	67	78	0.356	3.333E-12	92	219	224	2728	3111	384	2536	3138
384710712	1	134	1.652E-29	1	2662	3135	67	134	0.455	2.062E-31	57	216	224	2662	3135	474	2536	3138
390493506	-1	106	4.435E-21	1	35186	35971	1160	106	0.276	7.318E-20	0	257	259	-35971	-35186	786	36214	35117
391067788	1	242	5.092E-62	4	20116	23998	457	49	0.644	3.679E-04	36	71	226	20116	20223	108	20113	20316
391067788	1	242	5.092E-62	4	20116	23998	461	99	0.836	6.997E-22	73	128	226	20300	20467	168	20294	20491
391067788	1	242	5.092E-62	4	20116	23998	532	57	0.797	1.426E-07	135	167	226	23575	23673	99	23560	23676
391067788	1	242	5.092E-62	4	20116	23998	538	61	0.795	9.262E-09	190	225	226	23891	23998	108	23819	23998
391650812	1	254	1.243E-65	4	20297	23995	461	104	0.872	1.554E-23	68	123	223	20297	20464	168	20294	20491
391650812	1	254	1.243E-65	4	20297	23995	532	59	0.828	2.103E-08	131	163	223	23575	23673	99	23560	23676
391650812	1	254	1.243E-65	4	20297	23995	536	33	0.710	4.908E+01	165	185	223	23763	23825	63	23724	23864
391650812	1	254	1.243E-65	4	20297	23995	538	61	0.805	1.752E-08	186	220	223	23891	23995	105	23819	23998
392849055	1	241	1.018E-61	4	20300	23995	461	94	0.800	3.153E-20	74	129	226	20300	20467	168	20294	20491
392849055	1	241	1.018E-61	4	20300	23995	532	55	0.771	7.034E-07	136	168	226	23575	23673	99	23560	23676
392849055	1	241	1.018E-61	4	20300	23995	536	33	0.639	3.555E+01	167	190	226	23754	23825	72	23724	23864
392849055	1	241	1.018E-61	4	20300	23995	538	63	0.834	2.590E-09	191	225	226	23891	23995	105	23819	23998
392892855	-1	197	1.791E-48	1	35180	36172	1160	197	0.358	1.829E-50	258	587	595	-36172	-35180	993	36214	35117
392895377	-1	161	1.231E-37	1	35177	36127	1160	161	0.314	2.838E-38	282	609	618	-36127	-35177	951	36214	35117
392906310	1	238	8.146E-61	4	20116	23995	457	48	0.610	5.062E-04	36	73	227	20116	20229	114	20113	20316
392906310	1	238	8.146E-61	4	20116	23995	461	93	0.791	8.170E-20	74	129	227	20300	20467	168	20294	20491
392906310	1	238	8.146E-61	4	20116	23995	532	58	0.812	5.476E-08	136	168	227	23575	23673	99	23560	23676
392906310	1	238	8.146E-61	4	20116	23995	538	63	0.830	3.561E-09	191	225	227	23891	23995	105	23819	23998
393055783	1	135	8.261E-30	3	20116	23995	457	45	0.575	6.509E-03	34	71	225	20116	20229	114	20113	20316
393055783	1	135	8.261E-30	3	20116	23995	461	96	0.812	8.859E-21	71	126	225	20300	20467	168	20294	20491
393055783	1	135	8.261E-30	3	20116	23995	538	55	0.742	1.106E-06	189	223	225	23891	23995	105	23819	23998
393096563	-1	103	3.548E-20	1	36429	36854	1141	103	0.406	1.671E-20	86	222	225	-36854	-36429	426	36905	36264
393125859	-1	106	4.435E-21	1	35174	35818	1160	106	0.312	5.437E-20	3	172	180	-35818	-35174	645	36214	35117
393164271	-1	96	4.542E-18	1	35207	35611	1160	96	0.400	8.873E-17	114	247	250	-35611	-35207	405	36214	35117
393168684	-1	68	1.219E-09	1	35144	35419	1160	68	0.407	7.726E-08	14	105	106	-35419	-35144	276	36214	35117
393439517	1	145	8.068E-33	2	20297	23673	461	94	0.800	3.153E-20	45	100	159	20297	20464	168	20294	20491
393439517	1	145	8.068E-33	2	20297	23673	532	57	0.807	7.534E-08	108	140	159	23575	23673	99	23560	23676
393448084	1	327	1.316E-87	5	19281	23995	444	93	0.523	6.669E-19	13	104	402	19281	19556	276	19248	19580
393448084	1	327	1.316E-87	5	19281	23995	452	98	0.403	2.098E-19	109	207	402	19652	20059	408	19559	20065
393448084	1	327	1.316E-87	5	19281	23995	461	90	0.767	1.036E-18	247	302	402	20297	20464	168	20294	20491
393448084	1	327	1.316E-87	5	19281	23995	532	55	0.781	3.715E-07	310	342	402	23575	23673	99	23560	23676
393448084	1	327	1.316E-87	5	19281	23995	538	57	0.761	3.087E-07	365	399	402	23891	23995	105	23819	23998
393522505	-1	375	4.676E-102	2	35174	36905	1141	248	0.593	1.203E-70	146	359	495	-36905	-36273	633	36905	36264
393522505	-1	375	4.676E-102	2	35174	36905	1160	141	0.613	9.117E-32	375	489	495	-35521	-35174	348	36214	35117
393587117	1	200	2.239E-49	3	19658	23673	452	99	0.411	8.193E-20	24	122	317	19658	20059	402	19559	20065
393587117	1	200	2.239E-49	3	19658	23673	461	92	0.779	2.908E-19	162	217	317	20297	20464	168	20294	20491
393587117	1	200	2.239E-49	3	19658	23673	532	53	0.750	2.523E-06	225	257	317	23575	23673	99	23560	23676
393589421	1	90	2.907E-16	1	19658	19894	452	90	0.574	8.035E-17	63	141	147	19658	19894	237	19559	20065
393887330	-1	110	2.772E-22	1	35585	36121	1160	110	0.359	2.766E-21	140	320	322	-36121	-35585	537	36214	35117
394204104	-1	210	2.187E-52	2	35135	36863	1141	92	0.317	7.197E-17	181	362	762	-36863	-36327	537	36905	36264
394204104	-1	210	2.187E-52	2	35135	36863	1160	117	0.247	1.268E-23	364	718	762	-36127	-35135	993	36214	35117
394228025	-1	68	1.219E-09	1	35141	35461	1160	68	0.354	1.028E-07	2	112	137	-35461	-35141	321	36214	35117
394244483	-1	93	3.633E-17	1	35168	36133	1160	93	0.219	6.949E-16	187	542	566	-36133	-35168	966	36214	35117
394268562	-1	89	5.813E-16	1	35171	36142	1160	89	0.212	2.334E-14	123	481	527	-36142	-35171	972	36214	35117
394657815	-1	106	4.435E-21	1	35168	36133	1160	106	0.234	5.437E-20	240	594	608	-36133	-35168	966	36214	35117
394678459	-1	74	1.905E-11	1	35174	35848	1160	74	0.236	1.404E-09	4	240	270	-35848	-35174	675	36214	35117
397695124	1	226	3.337E-57	3	24940	25802	565	96	0.422	8.378E-18	191	315	474	24940	25302	363	24685	25392
397695124	1	226	3.337E-57	3	24940	25802	567	57	0.475	2.529E-07	323	384	474	25376	25525	150	25373	25540
397695124	1	226	3.337E-57	3	24940	25802	572	79	0.469	1.225E-14	384	472	474	25587	25802	216	25575	25802
399295666	1	117	2.166E-24	1	2713	3138	67	117	0.449	1.058E-25	5	145	147	2713	3138	426	2536	3138
399760528	-1	93	3.633E-17	1	35168	35971	1160	93	0.238	9.320E-16	0	298	327	-35971	-35168	804	36214	35117
399891463	-1	69	6.096E-10	1	36630	36905	1141	69	0.410	5.285E-09	32	123	124	-36905	-36630	276	36905	36264
400465347	-1	71	1.524E-10	1	35180	36127	1160	71	0.202	1.044E-08	158	407	414	-36127	-35180	948	36214	35117
401753568	1	131	1.322E-28	1	2713	3135	67	131	0.469	2.529E-30	27	176	179	2713	3135	423	2536	3138
403616787	1	232	5.214E-59	4	20113	23825	457	46	0.592	4.730E-03	38	74	230	20113	20223	111	20113	20316
403616787	1	232	5.214E-59	4	20113	23825	461	98	0.827	1.813E-21	76	131	230	20300	20467	168	20294	20491
403616787	1	232	5.214E-59	4	20113	23825	532	58	0.812	5.476E-08	138	170	230	23575	23673	99	23560	23676
403616787	1	232	5.214E-59	4	20113	23825	536	34	0.654	1.866E+01	169	192	230	23754	23825	72	23724	23864
404820522	-1	83	3.721E-14	1	36450	36902	1141	83	0.334	6.381E-14	19	168	218	-36902	-36450	453	36905	36264
404970731	1	94	1.817E-17	1	2788	3132	67	94	0.432	1.029E-17	44	162	177	2788	3132	345	2536	3138
406671372	-1	181	1.174E-43	2	35171	36875	1141	86	0.298	1.006E-14	155	335	694	-36875	-36318	558	36905	36264
406671372	-1	181	1.174E-43	2	35171	36875	1160	96	0.231	8.873E-17	334	661	694	-36127	-35171	957	36214	35117
407380834	-1	342	4.017E-92	2	35171	36902	1141	148	0.410	5.796E-36	96	299	632	-36902	-36300	603	36905	36264
407380834	-1	342	4.017E-92	2	35171	36902	1160	200	0.368	1.125E-51	307	621	632	-36142	-35171	972	36214	35117
407397053	-1	210	2.187E-52	2	35171	36773	1141	126	0.436	1.732E-28	16	173	401	-36773	-36297	477	36905	36264
407397053	-1	210	2.187E-52	2	35171	36773	1160	88	0.221	3.125E-14	169	396	401	-36154	-35171	984	36214	35117
407411396	-1	98	1.135E-18	1	36330	36899	1141	98	0.319	5.074E-19	159	351	367	-36899	-36330	570	36905	36264
407412540	1	189	4.586E-46	3	20300	23995	461	97	0.818	4.696E-21	70	125	222	20300	20467	168	20294	20491
407412540	1	189	4.586E-46	3	20300	23995	532	55	0.776	5.112E-07	132	164	222	23575	23673	99	23560	23676
407412540	1	189	4.586E-46	3	20300	23995	538	63	0.830	3.561E-09	187	221	222	23891	23995	105	23819	23998
407518409	-1	94	1.817E-17	1	36408	36857	1141	94	0.365	2.088E-17	27	167	225	-36857	-36408	450	36905	36264
407551167	1	238	8.146E-61	4	20116	23995	457	50	0.628	1.413E-04	36	73	232	20116	20229	114	20113	20316
407551167	1	238	8.146E-61	4	20116	23995	461	94	0.810	4.330E-20	74	128	232	20300	20464	165	20294	20491
407551167	1	238	8.146E-61	4	20116	23995	532	58	0.817	3.981E-08	136	168	232	23575	23673	99	23560	23676
407551167	1	238	8.146E-61	4	20116	23995	538	61	0.805	1.752E-08	191	225	232	23891	23995	105	23819	23998
407597886	1	153	3.152E-35	3	20116	23998	457	48	0.606	6.965E-04	36	73	227	20116	20229	114	20113	20316
407597886	1	153	3.152E-35	3	20116	23998	461	102	0.854	1.043E-22	73	128	227	20300	20467	168	20294	20491
407597886	1	153	3.152E-35	3	20116	23998	538	64	0.828	9.960E-10	191	226	227	23891	23998	108	23819	23998
407602232	1	213	2.733E-53	4	20113	23995	457	42	0.551	8.385E-02	36	72	225	20113	20223	111	20113	20316
407602232	1	213	2.733E-53	4	20113	23995	461	89	0.761	1.954E-18	73	128	225	20297	20464	168	20294	20491
407602232	1	213	2.733E-53	4	20113	23995	532	50	0.800	2.361E-05	136	164	225	23575	23661	87	23560	23676
407602232	1	213	2.733E-53	4	20113	23995	538	59	0.791	4.558E-08	189	223	225	23891	23995	105	23819	23998
407641847	-1	108	1.109E-21	1	35180	36118	1160	108	0.246	1.654E-20	104	431	452	-36118	-35180	939	36214	35117
407664876	1	225	6.674E-57	4	20113	23995	457	48	0.593	6.965E-04	34	72	307	20113	20229	117	20113	20316
407664876	1	225	6.674E-57	4	20113	23995	461	94	0.797	4.330E-20	72	127	307	20300	20467	168	20294	20491
407664876	1	225	6.674E-57	4	20113	23995	532	50	0.882	2.361E-05	134	159	307	23575	23652	78	23560	23676
407664876	1	225	6.674E-57	4	20113	23995	538	62	0.825	4.897E-09	186	220	307	23891	23995	105	23819	23998
407670644	1	181	1.174E-43	3	20300	23998	461	94	0.794	5.948E-20	77	132	249	20300	20467	168	20294	20491
407670644	1	181	1.174E-43	3	20300	23998	532	55	0.781	3.715E-07	139	171	249	23575	23673	99	23560	23676
407670644	1	181	1.174E-43	3	20300	23998	538	58	0.757	1.186E-07	194	229	249	23891	23998	108	23819	23998
407679968	1	95	9.084E-18	1	2665	3114	67	95	0.366	5.526E-18	109	259	263	2665	3114	450	2536	3138
407684566	-1	64	1.951E-08	1	35171	35341	1160	64	0.560	1.335E-06	3	59	71	-35341	-35171	171	36214	35117
407705181	-1	106	4.435E-21	1	35201	36106	1160	106	0.255	5.437E-20	0	244	245	-36106	-35201	906	36214	35117
407765860	1	179	4.696E-43	3	20300	23995	461	91	0.776	3.995E-19	78	133	231	20300	20467	168	20294	20491
407765860	1	179	4.696E-43	3	20300	23995	532	53	0.750	2.523E-06	140	172	231	23575	23673	99	23560	23676
407765860	1	179	4.696E-43	3	20300	23995	538	61	0.805	1.752E-08	195	229	231	23891	23995	105	23819	23998
407816908	1	240	2.037E-61	4	20300	23995	461	95	0.806	1.671E-20	73	128	225	20300	20467	168	20294	20491
407816908	1	240	2.037E-61	4	20300	23995	532	55	0.781	3.715E-07	135	167	225	23575	23673	99	23560	23676
407816908	1	240	2.037E-61	4	20300	23995	536	32	0.618	9.358E+01	166	189	225	23754	23825	72	23724	23864
407816908	1	240	2.037E-61	4	20300	23995	538	62	0.820	6.735E-09	190	224	225	23891	23995	105	23819	23998
407980946	1	231	1.043E-58	4	19658	23825	452	94	0.397	2.570E-18	16	112	305	19658	20059	402	19559	20065
407980946	1	231	1.043E-58	4	19658	23825	461	88	0.749	6.959E-18	152	207	305	20297	20464	168	20294	20491
407980946	1	231	1.043E-58	4	19658	23825	532	55	0.771	7.034E-07	215	247	305	23575	23673	99	23560	23676
407980946	1	231	1.043E-58	4	19658	23825	536	38	0.726	7.473E-01	246	269	305	23754	23825	72	23724	23864
407988056	1	83	3.721E-14	1	19637	19888	452	83	0.513	1.630E-14	20	102	153	19637	19888	252	19559	20065
408050029	1	81	1.488E-13	1	24691	24948	565	81	0.490	9.504E-13	21	105	106	24691	24948	258	24685	25392
408096103	1	159	4.924E-37	2	19658	24945	452	82	0.543	4.156E-14	14	90	203	19658	19888	231	19559	20065
408096103	1	159	4.924E-37	2	19658	24945	565	81	0.481	9.504E-13	86	173	203	24691	24945	255	24685	25392
408097565	1	93	3.633E-17	1	24715	25104	565	93	0.379	9.804E-17	26	165	193	24715	25104	390	24685	25392
408098921	1	209	4.374E-52	3	19652	23673	452	103	0.417	3.564E-21	107	208	403	19652	20062	411	19559	20065
408098921	1	209	4.374E-52	3	19652	23673	461	91	0.770	7.538E-19	248	303	403	20297	20464	168	20294	20491
408098921	1	209	4.374E-52	3	19652	23673	532	59	0.823	2.894E-08	311	343	403	23575	23673	99	23560	23676
408113571	1	145	8.068E-33	1	24718	25296	565	145	0.394	8.507E-35	18	229	342	24718	25296	579	24685	25392
408240807	-1	348	6.276E-94	3	35345	37066	1130	34	0.386	4.035E+01	56	101	615	-37066	-36929	138	37093	36926
408240807	-1	348	6.276E-94	3	35345	37066	1141	155	0.420	2.052E-38	105	311	615	-36902	-36300	603	36905	36264
408240807	-1	348	6.276E-94	3	35345	37066	1160	167	0.364	2.080E-40	319	592	615	-36160	-35345	816	36214	35117
408344357	1	53	3.995E-05	1	24481	24657	553	53	0.465	6.330E-05	2	60	118	24481	24657	177	24352	24681
408625398	-1	91	1.453E-16	1	35168	35971	1160	91	0.235	5.409E-15	0	298	323	-35971	-35168	804	36214	35117
408681449	1	78	1.191E-12	1	2734	3111	67	78	0.359	4.535E-12	56	181	199	2734	3111	378	2536	3138
408769279	-1	67	2.438E-09	1	35141	35461	1160	67	0.351	1.818E-07	2	112	137	-35461	-35141	321	36214	35117
408938737	-1	66	4.877E-09	1	35165	35419	1160	66	0.412	2.418E-07	29	116	143	-35419	-35165	255	36214	35117
409030309	1	91	1.453E-16	1	2674	3114	67	91	0.361	1.681E-16	13	159	173	2674	3114	441	2536	3138
409183030	-1	115	8.663E-24	1	36315	36902	1141	115	0.352	7.910E-25	100	294	318	-36902	-36315	588	36905	36264
410461968	1	299	3.533E-79	3	24970	25802	565	138	0.599	4.380E-32	38	153	283	24970	25302	333	24685	25392
410461968	1	299	3.533E-79	3	24970	25802	567	80	0.750	1.759E-15	159	209	283	25376	25525	150	25373	25540
410461968	1	299	3.533E-79	3	24970	25802	572	86	0.590	4.040E-17	208	278	283	25584	25802	219	25575	25802
413596016	1	101	1.419E-19	1	2710	3129	67	101	0.400	5.202E-20	2	143	163	2710	3129	420	2536	3138
413980737	1	143	3.227E-32	3	20113	23995	457	45	0.575	6.509E-03	13	50	210	20113	20226	114	20113	20316
413980737	1	143	3.227E-32	3	20113	23995	461	91	0.776	3.995E-19	52	107	210	20300	20467	168	20294	20491
413980737	1	143	3.227E-32	3	20113	23995	538	63	0.830	3.561E-09	166	200	210	23891	23995	105	23819	23998
414406625	1	382	3.653E-104	3	24964	25802	565	163	0.667	8.972E-41	20	140	264	24964	25311	348	24685	25392
414406625	1	382	3.653E-104	3	24964	25802	567	89	0.837	1.620E-18	142	191	264	25376	25525	150	25373	25540
414406625	1	382	3.653E-104	3	24964	25802	572	129	0.851	3.965E-32	191	262	264	25587	25802	216	25575	25802
415846308	-1	105	8.871E-21	1	35186	35971	1160	105	0.275	1.326E-19	0	253	255	-35971	-35186	786	36214	35117
416060452	1	183	2.935E-44	3	20300	23995	461	94	0.794	5.948E-20	76	131	230	20300	20467	168	20294	20491
416060452	1	183	2.935E-44	3	20300	23995	532	56	0.786	2.700E-07	138	170	230	23575	23673	99	23560	23676
416060452	1	183	2.935E-44	3	20300	23995	538	59	0.786	6.269E-08	193	227	230	23891	23995	105	23819	23998
417153567	1	125	8.460E-27	1	2713	3138	67	125	0.470	2.029E-28	5	147	151	2713	3138	426	2536	3138
417620800	-1	75	9.525E-12	1	35171	36061	1160	75	0.207	5.928E-10	184	501	503	-36061	-35171	891	36214	35117
419941384	1	1039	6.109E-302	5	12764	15860	308	33	0.805	1.588E+01	0	17	600	12764	12817	54	12752	12817
419941384	1	1039	6.109E-302	5	12764	15860	317	52	0.978	3.540E-06	29	52	600	13041	13112	72	13038	13121
419941384	1	1039	6.109E-302	5	12764	15860	327	340	0.866	8.470E-103	51	238	600	13252	13806	555	13252	13854
419941384	1	1039	6.109E-302	5	12764	15860	329	40	0.742	1.634E-01	239	262	600	13887	13961	75	13884	14048
419941384	1	1039	6.109E-302	5	12764	15860	360	584	0.829	1.234E-183	260	599	600	14838	15860	1023	14694	15860
420705775	1	332	4.113E-89	5	19658	23998	452	89	0.379	2.807E-16	29	125	318	19658	20059	402	19559	20065
420705775	1	332	4.113E-89	5	19658	23998	457	54	0.623	4.232E-06	126	166	318	20113	20238	126	20113	20316
420705775	1	332	4.113E-89	5	19658	23998	461	101	0.851	1.432E-22	164	219	318	20297	20464	168	20294	20491
420705775	1	332	4.113E-89	5	19658	23998	532	53	0.745	3.472E-06	227	259	318	23575	23673	99	23560	23676
420705775	1	332	4.113E-89	5	19658	23998	538	61	0.795	9.262E-09	282	317	318	23891	23998	108	23819	23998
421938732	-1	132	6.609E-29	1	35171	36127	1160	132	0.279	1.337E-28	283	606	616	-36127	-35171	957	36214	35117
421938867	-1	70	3.048E-10	1	35186	35479	1160	70	0.397	1.851E-08	22	119	121	-35479	-35186	294	36214	35117
421968778	1	93	3.633E-17	1	2665	3114	67	93	0.362	1.914E-17	110	260	264	2665	3114	450	2536	3138
421998900	-1	78	1.191E-12	1	36330	36773	1141	78	0.322	6.393E-12	11	158	191	-36773	-36330	444	36905	36264
422045852	-1	138	1.033E-30	1	35174	35971	1160	138	0.325	1.040E-30	0	231	237	-35971	-35174	798	36214	35117
422251141	-1	98	1.135E-18	1	35174	36046	1160	98	0.245	1.513E-17	0	300	310	-36046	-35174	873	36214	35117
422496768	1	202	5.598E-50	1	29489	29863	648	202	0.776	3.780E-56	24	149	150	29489	29863	375	29456	29863
422496768	-1	167	1.924E-39	1	29077	29379	1280	167	0.794	2.526E-44	24	124	150	-29379	-29077	303	29421	29071
422605637	-1	472	2.951E-131	3	35165	37072	1130	33	0.689	5.567E+01	75	96	518	-37072	-37007	66	37093	36926
422605637	-1	472	2.951E-131	3	35165	37072	1141	253	0.628	2.004E-72	113	316	518	-36902	-36291	612	36905	36264
422605637	-1	472	2.951E-131	3	35165	37072	1160	204	0.552	5.062E-53	321	512	518	-35740	-35165	576	36214	35117
422643207	1	162	6.155E-38	2	19281	19972	444	81	0.459	1.205E-14	0	93	208	19281	19562	282	19248	19580
422643207	1	162	6.155E-38	2	19281	19972	452	84	0.423	8.728E-15	98	206	208	19658	19972	315	19559	20065
422680277	1	91	1.453E-16	1	19652	19888	452	91	0.581	3.144E-17	16	94	95	19652	19888	237	19559	20065
422712378	-1	177	1.878E-42	2	35171	36887	1141	113	0.347	5.131E-24	107	297	681	-36887	-36300	588	36905	36264
422712378	-1	177	1.878E-42	2	35171	36887	1160	114	0.254	1.033E-22	349	678	681	-36115	-35171	945	36214	35117
423223927	-1	72	7.620E-11	1	35174	35740	1160	72	0.245	4.422E-09	9	225	274	-35740	-35174	567	36214	35117
423225995	-1	71	1.524E-10	1	35177	35719	1160	71	0.249	7.844E-09	76	283	329	-35719	-35177	543	36214	35117
423419895	-1	79	5.953E-13	1	35168	35896	1160	79	0.229	1.864E-11	2	275	298	-35896	-35168	729	36214	35117
423664877	1	100	2.839E-19	1	2716	3114	67	100	0.417	9.695E-20	50	181	185	2716	3114	399	2536	3138
426547306	-1	111	1.386E-22	1	35258	36133	1160	111	0.267	1.523E-21	13	291	300	-36133	-35258	876	36214	35117
428535267	1	301	8.832E-80	1	2551	3138	67	301	0.751	3.064E-89	37	230	231	2551	3138	588	2536	3138
430002927	-1	66	4.877E-09	1	35180	35437	1160	66	0.416	4.275E-07	23	106	113	-35437	-35180	258	36214	35117
430443642	1	288	7.235E-76	5	20113	23998	457	44	0.569	2.336E-02	30	66	221	20113	20223	111	20113	20316
430443642	1	288	7.235E-76	5	20113	23998	461	96	0.822	1.217E-20	68	122	221	20300	20464	165	20294	20491
430443642	1	288	7.235E-76	5	20113	23998	532	57	0.781	1.037E-07	129	162	221	23572	23673	102	23560	23676
430443642	1	288	7.235E-76	5	20113	23998	536	32	0.693	9.358E+01	164	184	221	23763	23825	63	23724	23864
430443642	1	288	7.235E-76	5	20113	23998	538	59	0.762	8.622E-08	185	220	221	23891	23998	108	23819	23998
430921338	1	178	9.392E-43	3	20300	23998	461	91	0.773	5.488E-19	77	132	249	20300	20467	168	20294	20491
430921338	1	178	9.392E-43	3	20300	23998	532	54	0.766	9.679E-07	139	171	249	23575	23673	99	23560	23676
430921338	1	178	9.392E-43	3	20300	23998	538	59	0.771	4.558E-08	194	229	249	23891	23998	108	23819	23998
433589045	1	57	2.497E-06	1	19278	19568	444	57	0.332	3.850E-06	17	117	169	19278	19568	291	19248	19580
434913951	-1	105	8.871E-21	1	35171	36115	1160	105	0.248	1.326E-19	171	483	486	-36115	-35171	945	36214	35117
435812827	1	107	2.218E-21	1	2710	3129	67	107	0.423	3.554E-22	4	142	146	2710	3129	420	2536	3138
436051336	1	176	3.757E-42	3	20300	23995	461	91	0.776	3.995E-19	77	132	230	20300	20467	168	20294	20491
436051336	1	176	3.757E-42	3	20300	23995	532	51	0.729	9.053E-06	139	171	230	23575	23673	99	23560	23676
436051336	1	176	3.757E-42	3	20300	23995	538	60	0.795	3.314E-08	194	228	230	23891	23995	105	23819	23998
436494713	1	95	9.084E-18	1	20300	20467	461	95	0.803	2.295E-20	40	95	112	20300	20467	168	20294	20491
436499283	1	195	7.166E-48	3	20116	23673	457	44	0.566	1.233E-02	36	73	227	20116	20229	114	20113	20316
436499283	1	195	7.166E-48	3	20116	23673	461	96	0.809	1.217E-20	74	129	227	20300	20467	168	20294	20491
436499283	1	195	7.166E-48	3	20116	23673	532	59	0.828	2.103E-08	136	168	227	23575	23673	99	23560	23676
436525573	-1	79	5.953E-13	1	36618	36899	1141	79	0.452	1.379E-12	87	180	181	-36899	-36618	282	36905	36264
436597192	-1	112	6.930E-23	1	35165	35764	1160	112	0.341	4.611E-22	3	195	201	-35764	-35165	600	36214	35117
436636946	-1	79	5.953E-13	1	35174	35419	1160	79	0.498	3.323E-11	18	98	111	-35419	-35174	246	36214	35117
436769733	1	252	4.972E-65	4	20113	23998	457	58	0.702	2.404E-07	34	72	226	20113	20229	117	20113	20316
436769733	1	252	4.972E-65	4	20113	23998	461	99	0.836	6.997E-22	73	128	226	20300	20467	168	20294	20491
436769733	1	252	4.972E-65	4	20113	23998	532	58	0.817	3.981E-08	135	167	226	23575	23673	99	23560	23676
436769733	1	252	4.972E-65	4	20113	23998	538	61	0.785	1.752E-08	190	225	226	23891	23998	108	23819	23998
436854187	1	184	1.468E-44	3	20300	23998	461	96	0.812	8.859E-21	75	130	247	20300	20467	168	20294	20491
436854187	1	184	1.468E-44	3	20300	23998	532	55	0.781	3.715E-07	137	169	247	23575	23673	99	23560	23676
436854187	1	184	1.468E-44	3	20300	23998	538	59	0.771	4.558E-08	192	227	247	23891	23998	108	23819	23998
436854306	1	93	3.633E-17	1	2644	3114	67	93	0.351	2.611E-17	53	202	206	2644	3114	471	2536	3138
436915333	1	241	1.018E-61	4	20300	23995	461	94	0.800	3.153E-20	74	129	226	20300	20467	168	20294	20491
436915333	1	241	1.018E-61	4	20300	23995	532	55	0.771	7.034E-07	136	168	226	23575	23673	99	23560	23676
436915333	1	241	1.018E-61	4	20300	23995	536	33	0.639	3.555E+01	167	190	226	23754	23825	72	23724	23864
436915333	1	241	1.018E-61	4	20300	23995	538	63	0.834	2.590E-09	191	225	226	23891	23995	105	23819	23998
437059660	1	197	1.791E-48	3	19640	23673	452	97	0.392	3.925E-19	20	127	323	19640	20059	420	19559	20065
437059660	1	197	1.791E-48	3	19640	23673	461	90	0.779	1.036E-18	168	222	323	20300	20464	165	20294	20491
437059660	1	197	1.791E-48	3	19640	23673	532	55	0.771	7.034E-07	230	262	323	23575	23673	99	23560	23676
437147872	-1	89	5.813E-16	2	36693	37072	1130	36	0.682	8.082E+00	61	84	169	-37072	-37001	72	37093	36926
437147872	-1	89	5.813E-16	2	36693	37072	1141	65	0.481	1.099E-07	98	167	169	-36902	-36693	210	36905	36264
437194268	1	342	4.017E-92	3	24952	25802	565	153	0.618	3.064E-37	16	139	263	24952	25308	357	24685	25392
437194268	1	342	4.017E-92	3	24952	25802	567	78	0.733	8.623E-15	141	190	263	25373	25525	153	25373	25540
437194268	1	342	4.017E-92	3	24952	25802	572	111	0.735	8.479E-26	189	261	263	25584	25802	219	25575	25802
437196049	1	64	1.951E-08	1	19266	19550	444	64	0.381	6.995E-09	0	92	147	19266	19550	285	19248	19580
437304403	1	94	1.817E-17	1	24718	24948	565	94	0.610	2.108E-17	73	149	150	24718	24948	231	24685	25392
437324407	1	398	5.574E-109	6	19643	23995	452	95	0.388	1.879E-18	17	122	315	19643	20059	417	19559	20065
437324407	1	398	5.574E-109	6	19643	23995	457	53	0.645	1.515E-05	123	161	315	20113	20229	117	20113	20316
437324407	1	398	5.574E-109	6	19643	23995	461	93	0.804	8.170E-20	161	215	315	20300	20464	165	20294	20491
437324407	1	398	5.574E-109	6	19643	23995	532	61	0.848	5.875E-09	223	255	315	23575	23673	99	23560	23676
437324407	1	398	5.574E-109	6	19643	23995	536	35	0.675	7.100E+00	254	277	315	23754	23825	72	23724	23864
437324407	1	398	5.574E-109	6	19643	23995	538	63	0.830	3.561E-09	278	312	315	23891	23995	105	23819	23998
437487410	1	85	9.302E-15	1	19643	19888	452	85	0.529	6.387E-15	19	100	101	19643	19888	246	19559	20065
437543565	1	188	9.172E-46	3	20300	23995	461	94	0.807	5.948E-20	73	127	228	20300	20464	165	20294	20491
437543565	1	188	9.172E-46	3	20300	23995	532	59	0.833	1.529E-08	135	167	228	23575	23673	99	23560	23676
437543565	1	188	9.172E-46	3	20300	23995	538	62	0.825	4.897E-09	190	224	228	23891	23995	105	23819	23998
437715172	1	85	9.302E-15	1	2698	3111	67	85	0.360	1.286E-14	20	157	162	2698	3111	414	2536	3138
439169006	1	102	7.097E-20	1	2662	3111	67	102	0.388	2.044E-20	126	269	274	2662	3111	450	2536	3138
440521747	1	233	2.607E-59	4	20116	23825	457	44	0.591	1.233E-02	47	82	237	20116	20223	108	20113	20316
440521747	1	233	2.607E-59	4	20116	23825	461	97	0.821	3.419E-21	84	139	237	20300	20467	168	20294	20491
440521747	1	233	2.607E-59	4	20116	23825	532	59	0.828	2.103E-08	146	178	237	23575	23673	99	23560	23676
440521747	1	233	2.607E-59	4	20116	23825	536	35	0.751	9.797E+00	180	200	237	23763	23825	63	23724	23864
442968882	-1	84	1.860E-14	1	36315	36878	1141	84	0.292	4.691E-14	16	194	304	-36878	-36315	564	36905	36264
448128290	1	91	1.453E-16	1	25584	25802	572	91	0.519	1.231E-18	0	89	91	25584	25802	219	25575	25802
449505738	1	116	4.331E-24	1	2701	3132	67	116	0.432	2.702E-25	65	212	227	2701	3132	432	2536	3138
451022887	-1	305	5.520E-81	2	35180	36875	1141	120	0.369	2.560E-26	126	313	624	-36875	-36306	570	36905	36264
451022887	-1	305	5.520E-81	2	35180	36875	1160	186	0.359	7.770E-47	312	623	624	-36115	-35180	936	36214	35117
451023119	-1	134	1.652E-29	1	35171	36127	1160	134	0.284	2.936E-29	298	602	606	-36127	-35171	957	36214	35117
451024023	-1	179	4.696E-43	2	35177	36875	1141	96	0.421	3.258E-18	36	161	443	-36875	-36498	378	36905	36264
451024023	-1	179	4.696E-43	2	35177	36875	1160	99	0.269	1.126E-17	179	433	443	-35920	-35177	744	36214	35117
451055598	1	198	8.957E-49	3	20300	23995	461	100	0.845	2.701E-22	77	132	232	20300	20467	168	20294	20491
451055598	1	198	8.957E-49	3	20300	23995	532	61	0.848	5.875E-09	139	171	232	23575	23673	99	23560	23676
451055598	1	198	8.957E-49	3	20300	23995	538	63	0.830	3.561E-09	194	228	232	23891	23995	105	23819	23998
451127161	-1	71	1.524E-10	1	35171	35407	1160	71	0.470	1.044E-08	26	103	109	-35407	-35171	237	36214	35117
451161919	1	137	2.065E-30	3	20116	23995	457	43	0.552	3.215E-02	34	71	222	20116	20229	114	20113	20316
451161919	1	137	2.065E-30	3	20116	23995	461	92	0.779	2.908E-19	71	126	222	20300	20467	168	20294	20491
451161919	1	137	2.065E-30	3	20116	23995	538	60	0.795	3.314E-08	186	220	222	23891	23995	105	23819	23998
451233946	1	170	2.404E-40	3	20113	23998	457	55	0.671	2.237E-06	32	70	242	20113	20229	117	20113	20316
451233946	1	170	2.404E-40	3	20113	23998	461	98	0.814	1.813E-21	69	125	242	20297	20467	171	20294	20491
451233946	1	170	2.404E-40	3	20113	23998	538	63	0.759	2.590E-09	172	210	242	23882	23998	117	23819	23998
451248408	1	242	5.092E-62	4	20300	23998	461	97	0.821	3.419E-21	75	130	238	20300	20467	168	20294	20491
451248408	1	242	5.092E-62	4	20300	23998	532	53	0.755	1.833E-06	137	169	238	23575	23673	99	23560	23676
451248408	1	242	5.092E-62	4	20300	23998	536	35	0.675	7.100E+00	168	191	238	23754	23825	72	23724	23864
451248408	1	242	5.092E-62	4	20300	23998	538	61	0.790	1.274E-08	192	227	238	23891	23998	108	23819	23998
451294560	-1	72	7.620E-11	1	35174	35389	1160	72	0.496	4.422E-09	6	80	84	-35389	-35174	216	36214	35117
451308767	-1	68	1.219E-09	1	35180	35362	1160	68	0.558	7.726E-08	2	62	77	-35362	-35180	183	36214	35117
451492189	1	191	1.147E-46	3	20116	23673	457	44	0.569	2.336E-02	37	73	233	20116	20226	111	20113	20316
451492189	1	191	1.147E-46	3	20116	23673	461	93	0.791	8.170E-20	75	130	233	20300	20467	168	20294	20491
451492189	1	191	1.147E-46	3	20116	23673	532	58	0.817	3.981E-08	137	169	233	23575	23673	99	23560	23676
451603911	1	179	4.696E-43	3	20300	23825	461	93	0.804	8.170E-20	67	121	219	20300	20464	165	20294	20491
451603911	1	179	4.696E-43	3	20300	23825	532	57	0.802	1.037E-07	129	161	219	23575	23673	99	23560	23676
451603911	1	179	4.696E-43	3	20300	23825	536	36	0.690	3.730E+00	160	183	219	23754	23825	72	23724	23864
451646379	1	136	4.131E-30	1	29498	29818	648	136	0.624	3.022E-33	25	133	146	29498	29818	321	29456	29863
451646379	-1	120	2.707E-25	1	29098	29370	1280	120	0.653	3.997E-28	25	115	146	-29370	-29098	273	29421	29071
451671604	1	81	1.488E-13	1	24691	24948	565	81	0.490	9.504E-13	20	104	105	24691	24948	258	24685	25392
451689535	-1	204	1.400E-50	1	36267	36902	1141	204	0.510	2.469E-55	4	210	213	-36902	-36267	636	36905	36264
451689772	-1	250	1.989E-64	2	35174	36905	1141	124	0.351	1.129E-27	103	314	703	-36905	-36294	612	36905	36264
451689772	-1	250	1.989E-64	2	35174	36905	1160	141	0.278	9.117E-32	331	680	703	-36121	-35174	948	36214	35117
451860671	-1	133	3.305E-29	1	35177	36142	1160	133	0.268	5.385E-29	121	470	480	-36142	-35177	966	36214	35117
451865216	-1	114	1.733E-23	1	35147	36187	1160	114	0.247	1.033E-22	139	437	457	-36187	-35147	1041	36214	35117
452393580	-1	102	7.097E-20	1	35168	36142	1160	102	0.231	1.421E-18	294	642	648	-36142	-35168	975	36214	35117
452595867	1	83	3.721E-14	1	2728	3114	67	83	0.372	4.429E-14	48	176	180	2728	3114	387	2536	3138
452728347	-1	95	9.084E-18	1	35168	36133	1160	95	0.224	2.145E-16	265	607	639	-36133	-35168	966	36214	35117
458490599	-1	324	1.053E-86	3	35501	37072	1130	34	0.374	4.035E+01	65	112	564	-37072	-36929	144	37093	36926
458490599	-1	324	1.053E-86	3	35501	37072	1141	153	0.416	9.843E-38	116	322	564	-36902	-36300	603	36905	36264
458490599	-1	324	1.053E-86	3	35501	37072	1160	145	0.383	5.870E-33	330	548	564	-36160	-35501	660	36214	35117
460213424	-1	71	1.524E-10	1	35177	35692	1160	71	0.255	1.044E-08	6	203	248	-35692	-35177	516	36214	35117
460794341	1	120	2.707E-25	1	2680	3135	67	120	0.421	1.185E-26	130	288	292	2680	3135	456	2536	3138
462338864	1	289	3.618E-76	3	24970	25802	565	134	0.587	5.310E-31	43	158	288	24970	25302	333	24685	25392
462338864	1	289	3.618E-76	3	24970	25802	567	79	0.740	4.566E-15	164	214	288	25376	25525	150	25373	25540
462338864	1	289	3.618E-76	3	24970	25802	572	81	0.558	3.440E-15	213	283	288	25584	25802	219	25575	25802
463737270	1	113	3.465E-23	1	2713	3135	67	113	0.428	3.291E-24	3	148	151	2713	3135	423	2536	3138
464320706	1	115	8.663E-24	1	2707	3135	67	115	0.434	9.433E-25	3	147	152	2707	3135	429	2536	3138
 