#gene_id	taxID	e_value	fasta_id
None-gene-2	7148	1.05e-25	None-gene-2-0
None-gene-910	7147	2.37e-08	None-gene-910-0
None-gene-3818	35572	3.40e-70	None-gene-3818-0
None-gene-9933	33392	2.85e-45	None-gene-9933-0
None-gene-14790	35571	2.79e-29	None-gene-14790-0
None-gene-16425	7184	4.73e-33	None-gene-16425-0
None-gene-17762	1913989	1.24e-84	None-gene-17762-0
None-gene-19488	7148	1.05e-53	None-gene-19488-0
None-gene-20450	35571	2.47e-22	None-gene-20450-0
None-gene-22386	2794478	2.19e-15	None-gene-22386-0
None-gene-35903	35571	2.69e-19	None-gene-35903-0
None-gene-36827	7148	1.67e-08	None-gene-36827-0
None-gene-37011	67767	4.04e-63	None-gene-37011-0
None-gene-37739	7147	1.58e-05	None-gene-37739-0
None-gene-40008	41830	1.17e-30	None-gene-40008-0
None-gene-41109	7184	5.21e-37	None-gene-41109-0
None-gene-41581	7147	2.54e-36	None-gene-41581-0
None-gene-42033	7148	6.86e-82	None-gene-42033-0
None-gene-42349	6333	1.48e-05	None-gene-42349-0
None-gene-44266	33392	4.93e-34	None-gene-44266-0
None-gene-45189	35571	6.46e-44	None-gene-45189-0
None-gene-51765	35571	1.84e-32	None-gene-51765-0
None-gene-52471	7148	6.08e-59	None-gene-52471-0
None-gene-54040	41830	5.34e-19	None-gene-54040-0
None-gene-58937	7147	6.43e-08	None-gene-58937-0
None-gene-59553			None-gene-59553-0
None-gene-60944	7147	1.19e-27	None-gene-60944-0
None-gene-66186	35572	4.08e-23	None-gene-66186-0
None-gene-67085	33392	6.60e-12	None-gene-67085-0
None-gene-68920	33392	2.17e-11	None-gene-68920-0
None-gene-69991	7186	1.55e-242	None-gene-69991-0
None-gene-72052	35571	6.43e-55	None-gene-72052-0
None-gene-73715	7186	5.99e-138	None-gene-73715-0
None-gene-75179	33340	2.18e-33	None-gene-75179-0
None-gene-84922	33392	5.87e-29	None-gene-84922-0
None-gene-86763	7148	2.61e-18	None-gene-86763-0
None-gene-87106	35572	4.56e-38	None-gene-87106-0
None-gene-89599	7147	9.05e-36	None-gene-89599-0
None-gene-90952	7147	5.55e-20	None-gene-90952-0
None-gene-92377	149990	2.01e-22	None-gene-92377-0
None-gene-97726	7148	2.71e-15	None-gene-97726-0
None-gene-100444	33392	4.69e-10	None-gene-100444-0
None-gene-102234	33392	2.63e-11	None-gene-102234-0
None-gene-102989	35572	7.30e-20	None-gene-102989-0
None-gene-110762	35572	7.43e-21	None-gene-110762-0
None-gene-122583	35571	6.63e-11	None-gene-122583-0
None-gene-125755	41830	3.28e-31	None-gene-125755-0
None-gene-126676	2	8.11e-24	None-gene-126676-0
None-gene-127918	41830	1.10e-29	None-gene-127918-0
None-gene-128526	35571	8.09e-118	None-gene-128526-0
None-gene-129874	35571	4.60e-08	None-gene-129874-0
None-gene-133584	1604231	1.12e-35	None-gene-133584-0
None-gene-134490	1236	7.98e-20	None-gene-134490-0
None-gene-135039	35571	2.26e-220	None-gene-135039-0
None-gene-135235	1965070	1.75e-27	None-gene-135235-0
None-gene-136411	35571	3.19e-55	None-gene-136411-0
None-gene-137119	35571	1.36e-43	None-gene-137119-0
None-gene-138018	35571	6.94e-124	None-gene-138018-0
None-gene-138825	35571	2.66e-313	None-gene-138825-0
None-gene-141026	7010	5.75e-17	None-gene-141026-0
None-gene-141031	35571	3.29e-50	None-gene-141031-0
None-gene-141537	35571	2.70e-145	None-gene-141537-0
None-gene-142268	35571	2.50e-120	None-gene-142268-0
None-gene-142951			None-gene-142951-0
None-gene-145368	35572	3.01e-29	None-gene-145368-0
None-gene-146809	7147	8.07e-08	None-gene-146809-0
None-gene-147084	239	6.84e-122	None-gene-147084-0
None-gene-150884	35571	8.33e-36	None-gene-150884-0
None-gene-167595	7148	1.65e-206	None-gene-167595-0
None-gene-169583			None-gene-169583-0
None-gene-170081			None-gene-170081-0
None-gene-175655	33340	1.03e-24	None-gene-175655-0
None-gene-204685	7148	3.27e-52	None-gene-204685-0
None-gene-205111	93504	1.11e-04	None-gene-205111-0
None-gene-206211	6447	5.69e-10	None-gene-206211-0
None-gene-209835	6101	3.14e-32	None-gene-209835-0
None-gene-210497	33392	4.64e-15	None-gene-210497-0
None-gene-215058	7148	2.94e-31	None-gene-215058-0
None-gene-217138	7148	2.15e-09	None-gene-217138-0
None-gene-222662	35571	1.37e-64	None-gene-222662-0
None-gene-226965	35571	1.77e-113	None-gene-226965-0
None-gene-228437	35571	8.83e-57	None-gene-228437-0
None-gene-235011	7198	1.13e-06	None-gene-235011-0
None-gene-245331	7148	5.71e-10	None-gene-245331-0
None-gene-245334	33392	2.03e-22	None-gene-245334-0
None-gene-265857	33392	2.48e-19	None-gene-265857-0
None-gene-266600	33392	1.13e-35	None-gene-266600-0
None-gene-300864	7148	3.57e-13	None-gene-300864-0
None-gene-303395	35571	4.20e-28	None-gene-303395-0
None-gene-303973	33392	7.76e-42	None-gene-303973-0
None-gene-305096	33392	1.76e-46	None-gene-305096-0
None-gene-313080	35571	8.84e-21	None-gene-313080-0
None-gene-316064	7148	4.21e-26	None-gene-316064-0
None-gene-317887	35571	2.68e-168	None-gene-317887-0
None-gene-325152	35571	7.00e-47	None-gene-325152-0
None-gene-338553	35571	9.95e-41	None-gene-338553-0
None-gene-344395	35571	9.55e-20	None-gene-344395-0
None-gene-346092			None-gene-346092-0
None-gene-348590	33392	1.86e-97	None-gene-348590-0
None-gene-356525	35571	1.73e-43	None-gene-356525-0
None-gene-362686	35571	2.59e-20	None-gene-362686-0
None-gene-363270	35571	1.95e-121	None-gene-363270-0
None-gene-365952	35571	1.67e-53	None-gene-365952-0
None-gene-367241	7148	1.17e-88	None-gene-367241-0
None-gene-381573	35571	5.17e-09	None-gene-381573-0
None-gene-384910	35571	7.08e-39	None-gene-384910-0
None-gene-394341	35571	1.33e-162	None-gene-394341-0
None-gene-413567	33392	2.35e-82	None-gene-413567-0
None-gene-421674	35571	4.77e-26	None-gene-421674-0
None-gene-428322			None-gene-428322-0
None-gene-428969	35571	2.23e-136	None-gene-428969-0
None-gene-437159	37567	5.62e-13	None-gene-437159-0
None-gene-437832	35571	3.90e-06	None-gene-437832-0
None-gene-439174	35571	1.82e-96	None-gene-439174-0
None-gene-447389	35571	3.00e-164	None-gene-447389-0
None-gene-452120			None-gene-452120-0
None-gene-455973	35571	2.65e-121	None-gene-455973-0
None-gene-456095	77166	6.39e-19	None-gene-456095-0
None-gene-458041	33392	1.92e-31	None-gene-458041-0
None-gene-480290	33392	1.41e-74	None-gene-480290-0
None-gene-481540	33392	4.51e-08	None-gene-481540-0
None-gene-483700	41830	3.92e-15	None-gene-483700-0
None-gene-488588	35571	2.02e-109	None-gene-488588-0
None-gene-489408	348720	1.11e-06	None-gene-489408-0
None-gene-497188	35571	1.37e-54	None-gene-497188-0
None-gene-514443	35571	3.16e-14	None-gene-514443-0
None-gene-522864	35571	2.47e-92	None-gene-522864-0
None-gene-524320	35571	7.43e-258	None-gene-524320-0
None-gene-533678	35571	1.46e-183	None-gene-533678-0
None-gene-537039	33340	1.16e-05	None-gene-537039-0
None-gene-541513	35571	1.98e-90	None-gene-541513-0
None-gene-577426	35571	6.00e-20	None-gene-577426-0
None-gene-582261	33392	5.01e-22	None-gene-582261-0
None-gene-582503	33392	7.22e-40	None-gene-582503-0
None-gene-583236	7148	1.60e-19	None-gene-583236-0
None-gene-587580	35571	5.28e-28	None-gene-587580-0
None-gene-598870	35571	3.02e-18	None-gene-598870-0
None-gene-600071	35571	3.78e-28	None-gene-600071-0
None-gene-638976			None-gene-638976-0
None-gene-645714	35571	2.35e-10	None-gene-645714-0
None-gene-660796	7148	8.64e-78	None-gene-660796-0
None-gene-682749	35571	2.35e-05	None-gene-682749-0
None-gene-690976	7148	4.91e-95	None-gene-690976-0
None-gene-699493	35571	6.46e-53	None-gene-699493-0
None-gene-732889	35571	4.32e-59	None-gene-732889-0
None-gene-741569	35571	4.16e-17	None-gene-741569-0
None-gene-743431	33392	1.79e-17	None-gene-743431-0
None-gene-746599	35571	2.31e-198	None-gene-746599-0
None-gene-756803	35571	6.38e-113	None-gene-756803-0
None-gene-759469	35571	1.00e-119	None-gene-759469-0
None-gene-769913	286706	5.70e-09	None-gene-769913-0
None-gene-770001	35571	4.23e-64	None-gene-770001-0
None-gene-784098	35571	7.67e-31	None-gene-784098-0
None-gene-787114	39272	2.43e-171	None-gene-787114-0
None-gene-791717	35571	3.28e-23	None-gene-791717-0
None-gene-806571	35571	0.0	None-gene-806571-0
None-gene-819197	35571	3.73e-36	None-gene-819197-0
None-gene-822641	35571	5.22e-107	None-gene-822641-0
None-gene-827971	33392	1.91e-96	None-gene-827971-0
None-gene-840992	35572	2.71e-24	None-gene-840992-0
None-gene-875482	35572	1.21e-54	None-gene-875482-0
None-gene-902696	35571	9.97e-249	None-gene-902696-0
None-gene-916260	35572	7.82e-38	None-gene-916260-0
None-gene-940667	41830	3.80e-09	None-gene-940667-0
None-gene-957636	35571	2.48e-56	None-gene-957636-0
None-gene-978885	37567	1.19e-19	None-gene-978885-0
None-gene-1116969	33392	1.63e-63	None-gene-1116969-0
None-gene-1165886	35572	4.04e-36	None-gene-1165886-0
None-gene-1171179	35571	2.63e-81	None-gene-1171179-0
None-gene-1205408	33392	2.93e-17	None-gene-1205408-0
None-gene-1222234	7148	2.50e-06	None-gene-1222234-0
None-gene-1231557	35571	1.95e-45	None-gene-1231557-0
None-gene-1242600	35571	1.38e-39	None-gene-1242600-0
None-gene-1253022	35571	2.83e-88	None-gene-1253022-0
None-gene-1253087	7176	3.18e-34	None-gene-1253087-0
None-gene-1266218	35571	8.86e-99	None-gene-1266218-0
None-gene-1276498	35571	1.82e-33	None-gene-1276498-0
None-gene-1284045	35571	6.24e-98	None-gene-1284045-0
None-gene-1301253	35571	7.20e-140	None-gene-1301253-0
None-gene-1305331	35571	4.67e-11	None-gene-1305331-0
None-gene-1311173	35571	2.60e-58	None-gene-1311173-0
None-gene-1316306	33392	5.62e-43	None-gene-1316306-0
None-gene-1316955	33392	1.85e-40	None-gene-1316955-0
None-gene-1318771	35571	5.13e-15	None-gene-1318771-0
None-gene-1319087	35571	4.11e-29	None-gene-1319087-0
None-gene-1329426	35571	8.66e-39	None-gene-1329426-0
None-gene-1329769			None-gene-1329769-0
None-gene-1344157	35571	4.28e-199	None-gene-1344157-0
None-gene-1358602	35571	3.34e-81	None-gene-1358602-0
None-gene-1375723	33392	5.42e-55	None-gene-1375723-0
None-gene-1383878	35571	6.44e-73	None-gene-1383878-0
None-gene-1414994	35571	5.82e-111	None-gene-1414994-0
None-gene-1418158	35572	1.92e-04	None-gene-1418158-0
None-gene-1423507	35571	1.75e-186	None-gene-1423507-0
None-gene-1425095			None-gene-1425095-0
None-gene-1440147	35572	1.73e-21	None-gene-1440147-0
None-gene-1446045	35571	8.24e-127	None-gene-1446045-0
None-gene-1458147	7184	9.25e-38	None-gene-1458147-0
None-gene-1459598	7184	3.00e-40	None-gene-1459598-0
None-gene-1463171	35571	2.03e-60	None-gene-1463171-0
None-gene-1463794	13818	3.96e-12	None-gene-1463794-0
None-gene-1520079	35571	1.12e-56	None-gene-1520079-0
None-gene-1546401	35571	1.99e-119	None-gene-1546401-0
None-gene-1553524	7148	7.62e-46	None-gene-1553524-0
None-gene-1558787	35571	0.0	None-gene-1558787-0
None-gene-1573271	35572	2.92e-22	None-gene-1573271-0
None-gene-1579643	35572	7.48e-25	None-gene-1579643-0
None-gene-1592499	35571	0.0	None-gene-1592499-0
None-gene-1606372	35571	0.0	None-gene-1606372-0
None-gene-1613172	35571	4.61e-258	None-gene-1613172-0
None-gene-1613737			None-gene-1613737-0
None-gene-1617772	35572	3.09e-23	None-gene-1617772-0
None-gene-1620643	35571	4.47e-94	None-gene-1620643-0
None-gene-1624872	35571	4.82e-55	None-gene-1624872-0
None-gene-1630148	35571	1.27e-114	None-gene-1630148-0
None-gene-1633923	7148	4.20e-39	None-gene-1633923-0
None-gene-1636101	35571	4.70e-132	None-gene-1636101-0
None-gene-1641575	35571	2.60e-59	None-gene-1641575-0
None-gene-1644988	702717	7.95e-15	None-gene-1644988-0
None-gene-1645369	7148	2.01e-31	None-gene-1645369-0
None-gene-1646612	33392	1.14e-15	None-gene-1646612-0
None-gene-1646914	33392	1.62e-20	None-gene-1646914-0
None-gene-1647135	41088	8.65e-34	None-gene-1647135-0
None-gene-1680404	35571	9.08e-70	None-gene-1680404-0
None-gene-1724997	35571	0.0	None-gene-1724997-0
None-gene-1730723	35571	1.20e-48	None-gene-1730723-0
None-gene-1735854	35572	1.16e-13	None-gene-1735854-0
None-gene-1748876	35571	1.71e-13	None-gene-1748876-0
None-gene-1751049	33392	5.04e-189	None-gene-1751049-0
None-gene-1767081	35571	2.57e-46	None-gene-1767081-0
None-gene-1774038	35571	1.28e-225	None-gene-1774038-0
None-gene-1781849	35571	2.99e-53	None-gene-1781849-0
None-gene-1782488			None-gene-1782488-0
None-gene-1783681	7148	5.58e-45	None-gene-1783681-0
None-gene-1811444	35571	8.61e-68	None-gene-1811444-0
None-gene-1842052	35571	1.78e-61	None-gene-1842052-0
None-gene-1863303	35571	7.53e-105	None-gene-1863303-0
None-gene-1895704	35571	6.10e-73	None-gene-1895704-0
None-gene-1899343	35571	3.18e-07	None-gene-1899343-0
None-gene-1902470	35571	3.87e-38	None-gene-1902470-0
None-gene-1907108	35572	5.86e-35	None-gene-1907108-0
None-gene-1925672	35571	3.97e-49	None-gene-1925672-0
None-gene-1930998	35571	1.03e-19	None-gene-1930998-0
None-gene-1932490	35571	1.15e-46	None-gene-1932490-0
None-gene-1936888	35571	1.09e-303	None-gene-1936888-0
None-gene-1950606	35571	1.10e-20	None-gene-1950606-0
None-gene-1952472	33392	4.46e-09	None-gene-1952472-0
None-gene-1961570	35571	7.41e-130	None-gene-1961570-0
None-gene-1967611	35571	8.68e-41	None-gene-1967611-0
None-gene-1978493	35571	1.10e-25	None-gene-1978493-0
None-gene-1986082	7067	2.72e-86	None-gene-1986082-0
None-gene-2000211	35571	8.39e-30	None-gene-2000211-0
None-gene-2031944	33392	2.50e-07	None-gene-2031944-0
None-gene-2042878	35571	4.54e-23	None-gene-2042878-0
None-gene-2045357	33392	1.25e-12	None-gene-2045357-0
None-gene-2057413			None-gene-2057413-0
None-gene-2063303	35572	1.93e-21	None-gene-2063303-0
None-gene-2101786	33392	4.92e-34	None-gene-2101786-0
None-gene-2102475	35571	9.65e-40	None-gene-2102475-0
None-gene-2119160	35571	3.16e-27	None-gene-2119160-0
None-gene-2137512	35571	7.02e-29	None-gene-2137512-0
None-gene-2166666	7157	5.64e-05	None-gene-2166666-0
None-gene-2194503	7148	2.45e-13	None-gene-2194503-0
None-gene-2194760	33392	1.95e-22	None-gene-2194760-0
None-gene-2229521	35571	3.12e-68	None-gene-2229521-0
None-gene-2280648	33392	2.09e-80	None-gene-2280648-0
None-gene-2282972	35571	2.08e-19	None-gene-2282972-0
None-gene-2283533	7400	6.87e-11	None-gene-2283533-0
None-gene-2289720	35571	2.55e-104	None-gene-2289720-0
None-gene-2307034			None-gene-2307034-0
None-gene-2313170	7184	3.43e-29	None-gene-2313170-0
None-gene-2314061			None-gene-2314061-0
None-gene-2315810			None-gene-2315810-0
None-gene-2323984	35571	3.35e-83	None-gene-2323984-0
None-gene-2328337	35571	7.37e-37	None-gene-2328337-0
None-gene-2335516	7148	1.21e-23	None-gene-2335516-0
None-gene-2336463			None-gene-2336463-0
None-gene-2340843			None-gene-2340843-0
None-gene-2345891	35571	1.09e-108	None-gene-2345891-0
None-gene-2372068	35571	4.68e-11	None-gene-2372068-0
None-gene-2374121	7148	2.61e-48	None-gene-2374121-0
None-gene-2376270	35571	7.48e-92	None-gene-2376270-0
None-gene-2376284			None-gene-2376284-0
None-gene-2418876	35571	1.14e-41	None-gene-2418876-0
None-gene-2419046			None-gene-2419046-0
None-gene-2428242	35571	1.91e-25	None-gene-2428242-0
None-gene-2428684	2	3.68e-17	None-gene-2428684-0
None-gene-2429332	35571	1.56e-16	None-gene-2429332-0
None-gene-2440146	35571	1.07e-233	None-gene-2440146-0
None-gene-2440211	2035417	5.66e-19	None-gene-2440211-0
None-gene-2449158	35571	2.05e-42	None-gene-2449158-0
None-gene-2456418	35571	8.53e-22	None-gene-2456418-0
None-gene-2465470	35571	7.40e-147	None-gene-2465470-0
None-gene-2484345	35571	5.13e-68	None-gene-2484345-0
None-gene-2495196			None-gene-2495196-0
None-gene-2521898	35571	4.91e-77	None-gene-2521898-0
None-gene-2530079			None-gene-2530079-0
None-gene-2568316	35572	5.44e-06	None-gene-2568316-0
None-gene-2602110	7148	2.31e-46	None-gene-2602110-0
None-gene-2652853	7147	1.02e-32	None-gene-2652853-0
None-gene-2653439	7147	5.83e-13	None-gene-2653439-0
None-gene-2654042	35571	7.01e-146	None-gene-2654042-0
None-gene-2657771	35571	2.35e-28	None-gene-2657771-0
None-gene-2676413	33392	8.28e-167	None-gene-2676413-0
None-gene-2681182	35571	1.25e-05	None-gene-2681182-0
None-gene-2682856	33392	1.30e-27	None-gene-2682856-0
None-gene-2692007	35571	1.43e-56	None-gene-2692007-0
None-gene-2709458	35571	3.24e-67	None-gene-2709458-0
None-gene-2710154	3818	2.96e-10	None-gene-2710154-0
None-gene-2711828			None-gene-2711828-0
None-gene-2721144	35572	3.57e-29	None-gene-2721144-0
None-gene-2731571	41830	1.49e-25	None-gene-2731571-0
None-gene-2751311	33392	7.33e-41	None-gene-2751311-0
None-gene-2753220	33392	7.01e-22	None-gene-2753220-0
None-gene-2767923			None-gene-2767923-0
None-gene-2784958	7148	4.96e-14	None-gene-2784958-0
None-gene-2788379	35571	4.04e-123	None-gene-2788379-0
None-gene-2797121	35571	8.94e-05	None-gene-2797121-0
None-gene-2799939			None-gene-2799939-0
None-gene-2799940	689277	1.43e-15	None-gene-2799940-0
None-gene-2805414	35571	3.92e-86	None-gene-2805414-0
None-gene-2813706	35572	6.38e-05	None-gene-2813706-0
None-gene-2814210			None-gene-2814210-0
None-gene-2816047	7148	2.06e-132	None-gene-2816047-0
None-gene-2818803	7147	9.06e-31	None-gene-2818803-0
None-gene-2823254	35572	3.10e-17	None-gene-2823254-0
None-gene-2832819	35571	1.72e-146	None-gene-2832819-0
None-gene-2849677	7148	1.20e-54	None-gene-2849677-0
None-gene-2851525	35572	1.29e-05	None-gene-2851525-0
None-gene-2859983	33392	8.89e-35	None-gene-2859983-0
None-gene-2911498	7147	8.19e-47	None-gene-2911498-0
None-gene-2915527	35572	4.41e-13	None-gene-2915527-0
None-gene-2916816	37567	5.17e-40	None-gene-2916816-0
None-gene-2919004	7147	5.00e-21	None-gene-2919004-0
None-gene-2919420	7148	4.13e-87	None-gene-2919420-0
None-gene-2928423	35571	1.61e-51	None-gene-2928423-0
None-gene-2928530	702717	9.51e-11	None-gene-2928530-0
None-gene-2929681	35571	3.84e-77	None-gene-2929681-0
None-gene-3056459	35571	1.73e-09	None-gene-3056459-0
None-gene-3078063	35571	6.46e-24	None-gene-3078063-0
None-gene-3092852	35571	2.50e-76	None-gene-3092852-0
None-gene-3110166	33392	5.27e-21	None-gene-3110166-0
None-gene-3149072			None-gene-3149072-0
None-gene-3151184	35571	7.72e-31	None-gene-3151184-0
None-gene-3163227	35571	5.11e-31	None-gene-3163227-0
None-gene-3185628	35571	4.36e-142	None-gene-3185628-0
None-gene-3202292	35571	2.67e-24	None-gene-3202292-0
None-gene-3213941	35571	2.90e-50	None-gene-3213941-0
None-gene-3224924	35571	7.17e-45	None-gene-3224924-0
None-gene-3236553	71814	2.72e-68	None-gene-3236553-0
None-gene-3253759	41830	2.12e-27	None-gene-3253759-0
None-gene-3253871			None-gene-3253871-0
None-gene-3320873	35571	4.58e-25	None-gene-3320873-0
None-gene-3322629	7147	2.94e-09	None-gene-3322629-0
None-gene-3326431	33392	9.75e-24	None-gene-3326431-0
None-gene-3330321	7148	1.86e-06	None-gene-3330321-0
None-gene-3330687	35571	7.76e-52	None-gene-3330687-0
None-gene-3333889	35571	2.70e-24	None-gene-3333889-0
None-gene-3336718	33392	2.43e-28	None-gene-3336718-0
None-gene-3337364	35571	9.37e-57	None-gene-3337364-0
None-gene-3338318	7160	1.24e-14	None-gene-3338318-0
None-gene-3350649	7184	6.91e-212	None-gene-3350649-0
None-gene-3379219	35571	6.76e-22	None-gene-3379219-0
None-gene-3415483	35571	1.85e-35	None-gene-3415483-0
None-gene-3459465	35571	9.34e-121	None-gene-3459465-0
None-gene-3465976			None-gene-3465976-0
None-gene-3472216	35571	1.87e-14	None-gene-3472216-0
None-gene-3474927	35571	7.90e-30	None-gene-3474927-0
None-gene-3478340	35571	3.97e-47	None-gene-3478340-0
None-gene-3488762	35571	6.82e-117	None-gene-3488762-0
None-gene-3498468			None-gene-3498468-0
None-gene-3501058	35572	3.44e-97	None-gene-3501058-0
None-gene-3516019	7184	4.26e-08	None-gene-3516019-0
None-gene-3519841	35571	1.36e-59	None-gene-3519841-0
None-gene-3546230	35571	1.89e-183	None-gene-3546230-0
None-gene-3548000	33392	1.04e-178	None-gene-3548000-0
None-gene-3550675	7147	4.25e-42	None-gene-3550675-0
None-gene-3568633	7148	1.49e-10	None-gene-3568633-0
None-gene-3583001	33392	3.02e-08	None-gene-3583001-0
None-gene-3589169	35572	1.70e-94	None-gene-3589169-0
None-gene-3622669	35571	7.32e-46	None-gene-3622669-0
None-gene-3634361	35572	2.54e-109	None-gene-3634361-0
None-gene-3641556	35571	2.30e-19	None-gene-3641556-0
None-gene-3643601	7148	3.24e-136	None-gene-3643601-0
None-gene-3651699	35571	3.85e-30	None-gene-3651699-0
None-gene-3663234	35572	2.74e-17	None-gene-3663234-0
None-gene-3663254	35572	2.85e-20	None-gene-3663254-0
None-gene-3679895	7147	1.88e-09	None-gene-3679895-0
None-gene-3686827	35571	9.04e-68	None-gene-3686827-0
None-gene-3690615	35571	3.88e-63	None-gene-3690615-0
None-gene-3690725			None-gene-3690725-0
None-gene-3697481	35571	1.06e-99	None-gene-3697481-0
None-gene-3698799	35571	1.78e-53	None-gene-3698799-0
None-gene-3711171	35571	2.33e-85	None-gene-3711171-0
None-gene-3727086	33392	6.44e-81	None-gene-3727086-0
None-gene-3736701	35571	1.67e-35	None-gene-3736701-0
None-gene-3739178	35571	3.31e-18	None-gene-3739178-0
None-gene-3741036	7148	1.96e-26	None-gene-3741036-0
None-gene-3742506	7148	7.62e-09	None-gene-3742506-0
None-gene-3751730			None-gene-3751730-0
None-gene-3754197	35571	3.66e-102	None-gene-3754197-0
None-gene-3759944	33392	4.07e-25	None-gene-3759944-0
None-gene-3762339	35572	4.58e-33	None-gene-3762339-0
None-gene-3779162	35571	1.92e-46	None-gene-3779162-0
None-gene-3779763	35571	1.46e-08	None-gene-3779763-0
None-gene-3793797	35571	6.38e-06	None-gene-3793797-0
None-gene-3810093	35571	6.42e-97	None-gene-3810093-0
None-gene-3811332			None-gene-3811332-0
None-gene-3815500	35571	7.24e-74	None-gene-3815500-0
None-gene-3816589	35572	5.04e-24	None-gene-3816589-0
None-gene-3817590	123851	7.93e-11	None-gene-3817590-0
None-gene-3818252	35572	1.65e-61	None-gene-3818252-0
None-gene-3821418	35571	8.07e-08	None-gene-3821418-0
None-gene-3822658			None-gene-3822658-0
None-gene-3825328	35571	2.28e-38	None-gene-3825328-0
None-gene-3827247	35571	1.52e-145	None-gene-3827247-0
None-gene-3829803	35571	8.82e-65	None-gene-3829803-0
None-gene-3840538	35571	9.96e-143	None-gene-3840538-0
None-gene-3877369	33392	3.85e-06	None-gene-3877369-0
None-gene-3881329	35571	7.00e-207	None-gene-3881329-0
None-gene-3891948	7375	2.37e-32	None-gene-3891948-0
None-gene-3925920	35571	2.73e-35	None-gene-3925920-0
None-gene-3943363	35571	2.47e-43	None-gene-3943363-0
None-gene-3959248	33392	6.27e-09	None-gene-3959248-0
None-gene-4120819	33392	3.99e-30	None-gene-4120819-0
None-gene-4128049	7147	0.0	None-gene-4128049-0
None-gene-4128642	7147	1.51e-07	None-gene-4128642-0
None-gene-4155260	35571	3.16e-06	None-gene-4155260-0
None-gene-4177031			None-gene-4177031-0
None-gene-4177059	7148	4.72e-42	None-gene-4177059-0
None-gene-4184276	35571	1.09e-132	None-gene-4184276-0
None-gene-4192937	33392	1.59e-16	None-gene-4192937-0
None-gene-4196355	35571	9.89e-88	None-gene-4196355-0
None-gene-4196727			None-gene-4196727-0
None-gene-4199906	35571	7.82e-11	None-gene-4199906-0
None-gene-4206153			None-gene-4206153-0
None-gene-4216361	35571	4.00e-186	None-gene-4216361-0
None-gene-4236470	35571	0.0	None-gene-4236470-0
None-gene-4245991	35571	1.31e-05	None-gene-4245991-0
None-gene-4249738	35571	1.82e-25	None-gene-4249738-0
None-gene-4259368	35571	1.08e-244	None-gene-4259368-0
None-gene-4265967	35571	0.0	None-gene-4265967-0
None-gene-4282973	35571	9.42e-102	None-gene-4282973-0
None-gene-4287267	35571	1.17e-58	None-gene-4287267-0
None-gene-4289234	35571	6.11e-84	None-gene-4289234-0
None-gene-4292069	35571	1.47e-06	None-gene-4292069-0
None-gene-4294306	35572	1.98e-50	None-gene-4294306-0
None-gene-4298778			None-gene-4298778-0
None-gene-4310948	35571	1.27e-195	None-gene-4310948-0
None-gene-4320617	35571	7.36e-111	None-gene-4320617-0
None-gene-4321454	197562	1.75e-13	None-gene-4321454-0
None-gene-4324893	35571	1.63e-110	None-gene-4324893-0
None-gene-4329881	35571	4.04e-09	None-gene-4329881-0
None-gene-4331643	35571	8.84e-91	None-gene-4331643-0
None-gene-4334307			None-gene-4334307-0
None-gene-4336869	35571	1.04e-72	None-gene-4336869-0
None-gene-4338958	121845	7.23e-07	None-gene-4338958-0
None-gene-4342126	35571	7.92e-162	None-gene-4342126-0
None-gene-4342854			None-gene-4342854-0
None-gene-4403487	35572	1.13e-49	None-gene-4403487-0
None-gene-4406275			None-gene-4406275-0
None-gene-4413608	35571	1.01e-19	None-gene-4413608-0
None-gene-4426468	35571	4.00e-19	None-gene-4426468-0
None-gene-4431252	35571	2.81e-18	None-gene-4431252-0
None-gene-4448520			None-gene-4448520-0
None-gene-4462575	35571	2.32e-19	None-gene-4462575-0
None-gene-4508616			None-gene-4508616-0
None-gene-4509639			None-gene-4509639-0
None-gene-4516057	35571	2.69e-22	None-gene-4516057-0
None-gene-4543083	35571	1.10e-19	None-gene-4543083-0
None-gene-4601547	7148	1.30e-26	None-gene-4601547-0
None-gene-4611802	7148	6.79e-13	None-gene-4611802-0
None-gene-4612451	7148	4.31e-24	None-gene-4612451-0
None-gene-4616877	35571	1.48e-15	None-gene-4616877-0
None-gene-4663414	7148	2.00e-40	None-gene-4663414-0
None-gene-4736321	35571	3.24e-23	None-gene-4736321-0
None-gene-4738884			None-gene-4738884-0
None-gene-4746734	33392	1.12e-06	None-gene-4746734-0
None-gene-4761162			None-gene-4761162-0
None-gene-4782418	35571	4.65e-87	None-gene-4782418-0
None-gene-4829762	7148	3.45e-33	None-gene-4829762-0
None-gene-4835294	33392	6.20e-17	None-gene-4835294-0
None-gene-4843650	33392	5.81e-43	None-gene-4843650-0
None-gene-4864740	33392	2.42e-10	None-gene-4864740-0
None-gene-4877604	33392	1.02e-09	None-gene-4877604-0
None-gene-4892909	33340	9.09e-49	None-gene-4892909-0
None-gene-4893923	33392	4.06e-41	None-gene-4893923-0
None-gene-4894201	7184	4.19e-04	None-gene-4894201-0
None-gene-4913135	7147	9.39e-22	None-gene-4913135-0
None-gene-4921976	35571	4.54e-26	None-gene-4921976-0
None-gene-4931985	35571	1.66e-53	None-gene-4931985-0
None-gene-4942264			None-gene-4942264-0
None-gene-4966383	7148	6.54e-106	None-gene-4966383-0
None-gene-4976649	35571	8.71e-13	None-gene-4976649-0
None-gene-4982141	35571	8.11e-31	None-gene-4982141-0
None-gene-4986572	35571	1.27e-13	None-gene-4986572-0
None-gene-4988756	30001	2.90e-21	None-gene-4988756-0
None-gene-4990746			None-gene-4990746-0
None-gene-4992085	35571	2.79e-155	None-gene-4992085-0
None-gene-4993374	33154	8.65e-10	None-gene-4993374-0
None-gene-5010762	33392	1.79e-51	None-gene-5010762-0
None-gene-5020784	35571	5.61e-65	None-gene-5020784-0
None-gene-5024927	35571	1.36e-60	None-gene-5024927-0
None-gene-5029090	33392	1.48e-13	None-gene-5029090-0
None-gene-5033212	7184	2.24e-22	None-gene-5033212-0
None-gene-5068454	33392	2.28e-81	None-gene-5068454-0
None-gene-5086393	35571	0.0	None-gene-5086393-0
None-gene-5092325	35571	9.70e-15	None-gene-5092325-0
None-gene-5092330	7148	9.44e-09	None-gene-5092330-0
None-gene-5117048	35571	1.84e-19	None-gene-5117048-0
None-gene-5118343			None-gene-5118343-0
None-gene-5128521	35571	2.54e-176	None-gene-5128521-0
None-gene-5133537	35571	4.23e-54	None-gene-5133537-0
None-gene-5139921	35572	2.86e-12	None-gene-5139921-0
None-gene-5144665	35571	1.06e-05	None-gene-5144665-0
None-gene-5150190	35571	1.53e-130	None-gene-5150190-0
None-gene-5157185	35571	4.57e-27	None-gene-5157185-0
None-gene-5163483	35571	2.12e-66	None-gene-5163483-0
None-gene-5179632	35571	1.06e-61	None-gene-5179632-0
None-gene-5210227	35571	2.16e-63	None-gene-5210227-0
None-gene-5213655	35571	3.74e-12	None-gene-5213655-0
None-gene-5235048	35571	2.43e-292	None-gene-5235048-0
None-gene-5246463			None-gene-5246463-0
None-gene-5270529	35571	1.23e-202	None-gene-5270529-0
None-gene-5274068	35571	1.06e-73	None-gene-5274068-0
None-gene-5277890	35572	5.48e-17	None-gene-5277890-0
None-gene-5279935	35571	1.45e-85	None-gene-5279935-0
None-gene-5284900	35571	7.36e-166	None-gene-5284900-0
None-gene-5288173	35571	1.35e-59	None-gene-5288173-0
None-gene-5299502	35571	1.84e-44	None-gene-5299502-0
None-gene-5311998	35571	2.87e-18	None-gene-5311998-0
None-gene-5345778	35571	5.56e-04	None-gene-5345778-0
None-gene-5346980	35571	3.89e-41	None-gene-5346980-0
None-gene-5352915	35571	1.37e-121	None-gene-5352915-0
None-gene-5356386	35571	1.13e-40	None-gene-5356386-0
None-gene-5357613			None-gene-5357613-0
None-gene-5360333	33392	1.51e-07	None-gene-5360333-0
None-gene-5373837	35571	0.0	None-gene-5373837-0
None-gene-5405462	35571	5.36e-163	None-gene-5405462-0
None-gene-5412398	7184	4.93e-44	None-gene-5412398-0
None-gene-5413356			None-gene-5413356-0
None-gene-5420917	35571	4.73e-100	None-gene-5420917-0
None-gene-5421817	35571	8.08e-103	None-gene-5421817-0
None-gene-5425811	35571	2.11e-231	None-gene-5425811-0
None-gene-5429786	35571	1.55e-88	None-gene-5429786-0
None-gene-5431302	33392	3.01e-16	None-gene-5431302-0
None-gene-5431917	35571	1.59e-52	None-gene-5431917-0
None-gene-5443725	35571	2.93e-17	None-gene-5443725-0
None-gene-5458064	35571	1.61e-14	None-gene-5458064-0
None-gene-5460369	35571	2.82e-114	None-gene-5460369-0
None-gene-5467338	35571	2.09e-60	None-gene-5467338-0
None-gene-5516133	158441	8.63e-115	None-gene-5516133-0
None-gene-5528110	35571	1.86e-12	None-gene-5528110-0
None-gene-5550267	35571	1.21e-129	None-gene-5550267-0
None-gene-5550392	7396	3.87e-13	None-gene-5550392-0
None-gene-5559971	35571	4.61e-47	None-gene-5559971-0
None-gene-5560700			None-gene-5560700-0
None-gene-5568092	35571	2.38e-193	None-gene-5568092-0
None-gene-5570953	30066	1.75e-21	None-gene-5570953-0
None-gene-5572601	35571	5.46e-173	None-gene-5572601-0
None-gene-5589858	33392	1.33e-20	None-gene-5589858-0
None-gene-5594073	35571	0.0	None-gene-5594073-0
None-gene-5596892			None-gene-5596892-0
None-gene-5601041	35571	3.09e-151	None-gene-5601041-0
None-gene-5609493	35572	4.46e-18	None-gene-5609493-0
None-gene-5622080	71814	3.80e-10	None-gene-5622080-0
None-gene-5639454	35571	0.0	None-gene-5639454-0
None-gene-5655139	35571	1.35e-211	None-gene-5655139-0
None-gene-5672769	35571	7.98e-144	None-gene-5672769-0
None-gene-5697048	35571	9.54e-111	None-gene-5697048-0
None-gene-5702220	6960	6.82e-31	None-gene-5702220-0
None-gene-5707390	33392	3.25e-29	None-gene-5707390-0
None-gene-5710740	35571	8.16e-24	None-gene-5710740-0
None-gene-5733188	35571	4.94e-38	None-gene-5733188-0
None-gene-5744452			None-gene-5744452-0
None-gene-5750396	35571	7.31e-28	None-gene-5750396-0
None-gene-5758834	35571	2.52e-104	None-gene-5758834-0
None-gene-5763760	35571	4.11e-80	None-gene-5763760-0
None-gene-5766775	33392	3.16e-06	None-gene-5766775-0
None-gene-5768427	35571	1.72e-214	None-gene-5768427-0
None-gene-5789634	35571	5.92e-04	None-gene-5789634-0
None-gene-5794372	7184	4.49e-14	None-gene-5794372-0
None-gene-5794532	7396	1.10e-26	None-gene-5794532-0
None-gene-5846369	33392	1.52e-29	None-gene-5846369-0
None-gene-5857793	7184	3.91e-19	None-gene-5857793-0
None-gene-5873591	35572	1.03e-83	None-gene-5873591-0
None-gene-5880432	41084	7.77e-59	None-gene-5880432-0
None-gene-5902672	7147	6.30e-38	None-gene-5902672-0
None-gene-5931133			None-gene-5931133-0
None-gene-5934352	33392	1.14e-68	None-gene-5934352-0
None-gene-5935636	41830	8.90e-17	None-gene-5935636-0
None-gene-5940926			None-gene-5940926-0
None-gene-5948231	35571	1.42e-154	None-gene-5948231-0
None-gene-5952757			None-gene-5952757-0
None-gene-5961797	35572	2.11e-93	None-gene-5961797-0
None-gene-5970838	35571	3.68e-71	None-gene-5970838-0
None-gene-5976956			None-gene-5976956-0
None-gene-5986254	35571	4.64e-31	None-gene-5986254-0
None-gene-5991192	35571	9.13e-24	None-gene-5991192-0
None-gene-6009497	35572	3.60e-27	None-gene-6009497-0
None-gene-6011946	35571	2.19e-57	None-gene-6011946-0
None-gene-6014802	166423	4.32e-11	None-gene-6014802-0
None-gene-6018525	35571	4.88e-130	None-gene-6018525-0
None-gene-6025269	35571	1.11e-249	None-gene-6025269-0
None-gene-6028268	35572	4.25e-116	None-gene-6028268-0
None-gene-6043119	35571	7.01e-155	None-gene-6043119-0
None-gene-6043778			None-gene-6043778-0
None-gene-6049106	7107	2.01e-13	None-gene-6049106-0
None-gene-6051996	35571	3.38e-21	None-gene-6051996-0
None-gene-6055850	471704	3.98e-31	None-gene-6055850-0
None-gene-6055852	41830	1.53e-37	None-gene-6055852-0
None-gene-6058109			None-gene-6058109-0
None-gene-6058406			None-gene-6058406-0
None-gene-6064430	35572	3.66e-30	None-gene-6064430-0
None-gene-6073029	35571	1.35e-89	None-gene-6073029-0
None-gene-6088045	35571	1.79e-122	None-gene-6088045-0
None-gene-6091790	35571	1.61e-32	None-gene-6091790-0
None-gene-6100170	35571	3.06e-53	None-gene-6100170-0
None-gene-6109149	35572	8.45e-14	None-gene-6109149-0
None-gene-6114353	35571	2.13e-104	None-gene-6114353-0
None-gene-6123862	35572	1.86e-37	None-gene-6123862-0
None-gene-6130450	35571	2.36e-18	None-gene-6130450-0
None-gene-6141814	35571	8.40e-26	None-gene-6141814-0
None-gene-6142680			None-gene-6142680-0
None-gene-6150443	35571	1.29e-37	None-gene-6150443-0
None-gene-6152093	35571	4.21e-50	None-gene-6152093-0
None-gene-6157541	35571	1.75e-259	None-gene-6157541-0
None-gene-6160793	33392	5.62e-13	None-gene-6160793-0
None-gene-6160822			None-gene-6160822-0
None-gene-6161991	33392	8.94e-10	None-gene-6161991-0
None-gene-6162477	33392	4.71e-14	None-gene-6162477-0
None-gene-6162905	35571	4.96e-96	None-gene-6162905-0
None-gene-6181156	35572	1.24e-19	None-gene-6181156-0
None-gene-6185371	35571	2.87e-200	None-gene-6185371-0
None-gene-6187330			None-gene-6187330-0
None-gene-6189256			None-gene-6189256-0
None-gene-6193281	35572	1.39e-64	None-gene-6193281-0
None-gene-6198975	35571	1.32e-50	None-gene-6198975-0
None-gene-6201196	35571	2.55e-06	None-gene-6201196-0
None-gene-6203991	41830	8.44e-07	None-gene-6203991-0
None-gene-6206689	35571	2.10e-11	None-gene-6206689-0
None-gene-6209283	35572	1.65e-103	None-gene-6209283-0
None-gene-6214818	35571	2.54e-24	None-gene-6214818-0
None-gene-6215413	2	8.15e-12	None-gene-6215413-0
None-gene-6223246	35571	1.86e-103	None-gene-6223246-0
None-gene-6231473			None-gene-6231473-0
None-gene-6234337			None-gene-6234337-0
None-gene-6237589	35571	7.86e-83	None-gene-6237589-0
None-gene-6239730	7148	5.54e-49	None-gene-6239730-0
None-gene-6241426	35571	1.91e-13	None-gene-6241426-0
None-gene-6243869	35571	4.93e-96	None-gene-6243869-0
None-gene-6245104	35572	8.37e-19	None-gene-6245104-0
None-gene-6247692	35571	1.59e-216	None-gene-6247692-0
None-gene-6271731	35571	2.85e-43	None-gene-6271731-0
None-gene-6275378			None-gene-6275378-0
None-gene-6309100	34508	8.68e-73	None-gene-6309100-0
None-gene-6309338	40697	2.28e-46	None-gene-6309338-0
None-gene-6309347	35571	2.21e-179	None-gene-6309347-0
None-gene-6316796	35571	1.82e-151	None-gene-6316796-0
None-gene-6322635	35572	2.90e-23	None-gene-6322635-0
None-gene-6323055	35571	2.21e-10	None-gene-6323055-0
None-gene-6324373	35571	9.51e-155	None-gene-6324373-0
None-gene-6325124	35571	3.94e-54	None-gene-6325124-0
None-gene-6326894	35572	1.17e-21	None-gene-6326894-0
None-gene-6333557	35571	1.32e-31	None-gene-6333557-0
None-gene-6341766	35571	1.18e-48	None-gene-6341766-0
None-gene-6349188	35572	3.74e-119	None-gene-6349188-0
None-gene-6355384	35571	7.28e-46	None-gene-6355384-0
None-gene-6355882	35571	5.56e-50	None-gene-6355882-0
None-gene-6427447	7147	4.03e-13	None-gene-6427447-0
None-gene-6427793	33392	2.47e-36	None-gene-6427793-0
None-gene-6440657	35572	4.38e-89	None-gene-6440657-0
None-gene-6458734	7184	1.29e-66	None-gene-6458734-0
None-gene-6486267	35571	4.07e-119	None-gene-6486267-0
None-gene-6510432	35572	9.09e-43	None-gene-6510432-0
None-gene-6526076	35571	5.38e-85	None-gene-6526076-0
None-gene-6543433	39272	4.89e-40	None-gene-6543433-0
None-gene-6548577	35571	7.56e-21	None-gene-6548577-0
None-gene-6551006	158441	2.18e-75	None-gene-6551006-0
None-gene-6553230			None-gene-6553230-0
None-gene-6571734	35571	4.14e-29	None-gene-6571734-0
None-gene-6618058	35571	3.60e-39	None-gene-6618058-0
None-gene-6634232	7148	6.83e-35	None-gene-6634232-0
None-gene-6649519	35571	7.01e-51	None-gene-6649519-0
None-gene-6683692	35571	2.18e-63	None-gene-6683692-0
None-gene-6694863	35571	4.27e-12	None-gene-6694863-0
None-gene-6701361	7203	4.98e-39	None-gene-6701361-0
None-gene-6707090	35571	5.61e-14	None-gene-6707090-0
None-gene-6710695			None-gene-6710695-0
None-gene-6712537	35571	3.40e-19	None-gene-6712537-0
None-gene-6714842	35571	3.10e-242	None-gene-6714842-0
None-gene-6720422	35571	3.85e-132	None-gene-6720422-0
None-gene-6721592	33392	9.31e-09	None-gene-6721592-0
None-gene-6726996	7148	3.52e-19	None-gene-6726996-0
None-gene-6728662	35571	2.20e-65	None-gene-6728662-0
None-gene-6733389	35571	6.15e-69	None-gene-6733389-0
None-gene-6752394	35571	3.49e-52	None-gene-6752394-0
None-gene-6783685	6333	9.89e-14	None-gene-6783685-0
None-gene-6784326	33392	1.64e-67	None-gene-6784326-0
None-gene-6801177	35571	2.62e-69	None-gene-6801177-0
None-gene-6803534			None-gene-6803534-0
None-gene-6804519	64391	5.58e-17	None-gene-6804519-0
None-gene-6809520	35571	3.27e-87	None-gene-6809520-0
None-gene-6814940	35571	1.76e-279	None-gene-6814940-0
None-gene-6817917	158441	8.15e-47	None-gene-6817917-0
None-gene-6828107	35571	6.88e-40	None-gene-6828107-0
None-gene-6831380	35572	3.74e-43	None-gene-6831380-0
None-gene-6835031	35572	8.82e-58	None-gene-6835031-0
None-gene-6837446	35572	1.04e-171	None-gene-6837446-0
None-gene-6839911	33392	5.01e-07	None-gene-6839911-0
None-gene-6843260	35571	6.56e-35	None-gene-6843260-0
None-gene-6862222	35571	1.49e-37	None-gene-6862222-0
None-gene-6892629	35571	2.80e-178	None-gene-6892629-0
None-gene-6903447	35571	2.17e-23	None-gene-6903447-0
None-gene-6930922	35571	1.24e-10	None-gene-6930922-0
None-gene-6934575	35571	4.90e-222	None-gene-6934575-0
None-gene-6936895	35571	2.87e-16	None-gene-6936895-0
None-gene-6939767	35571	4.01e-48	None-gene-6939767-0
None-gene-6941560	35571	5.92e-39	None-gene-6941560-0
None-gene-6996997	37567	1.22e-47	None-gene-6996997-0
None-gene-7006724	41830	0.0	None-gene-7006724-0
None-gene-7016453			None-gene-7016453-0
None-gene-7027577	35571	3.73e-22	None-gene-7027577-0
None-gene-7031073	33154	3.57e-09	None-gene-7031073-0
None-gene-7035005	35571	1.41e-25	None-gene-7035005-0
None-gene-7045694	35571	1.10e-27	None-gene-7045694-0
None-gene-7050372			None-gene-7050372-0
None-gene-7065975	35571	0.0	None-gene-7065975-0
None-gene-7070184	33340	1.95e-10	None-gene-7070184-0
None-gene-7090582	33392	2.59e-27	None-gene-7090582-0
None-gene-7127986	35571	2.79e-60	None-gene-7127986-0
None-gene-7169419	33392	1.18e-30	None-gene-7169419-0
None-gene-7198927			None-gene-7198927-0
None-gene-7214959	35571	7.80e-39	None-gene-7214959-0
None-gene-7220825	35571	1.54e-10	None-gene-7220825-0
None-gene-7233715	35571	6.38e-10	None-gene-7233715-0
None-gene-7236184	35572	4.65e-34	None-gene-7236184-0
None-gene-7243928	35571	1.46e-205	None-gene-7243928-0
None-gene-7251411	35571	3.19e-58	None-gene-7251411-0
None-gene-7255885	35572	2.25e-13	None-gene-7255885-0
None-gene-7263314	35571	3.57e-141	None-gene-7263314-0
None-gene-7266702	33392	2.17e-32	None-gene-7266702-0
None-gene-7270785	35571	6.25e-69	None-gene-7270785-0
None-gene-7275240	35571	1.39e-22	None-gene-7275240-0
None-gene-7276876	33392	9.95e-25	None-gene-7276876-0
None-gene-7278050	35571	6.22e-23	None-gene-7278050-0
None-gene-7309378	35571	3.24e-85	None-gene-7309378-0
None-gene-7387444	35572	1.47e-92	None-gene-7387444-0
None-gene-7396762	35571	8.66e-92	None-gene-7396762-0
None-gene-7401437	35571	5.37e-19	None-gene-7401437-0
None-gene-7406911	35571	1.37e-12	None-gene-7406911-0
None-gene-7416865	35571	1.59e-182	None-gene-7416865-0
None-gene-7431180	35571	4.86e-225	None-gene-7431180-0
None-gene-7493234	35571	2.58e-32	None-gene-7493234-0
None-gene-7500197	35571	4.67e-73	None-gene-7500197-0
None-gene-7502085	33392	2.21e-40	None-gene-7502085-0
None-gene-7509171	35571	7.55e-252	None-gene-7509171-0
None-gene-7512043	48269	1.33e-07	None-gene-7512043-0
None-gene-7512796	33392	4.49e-15	None-gene-7512796-0
None-gene-7514994	35571	6.84e-47	None-gene-7514994-0
None-gene-7529015	35571	5.31e-57	None-gene-7529015-0
None-gene-7530598	35571	1.20e-96	None-gene-7530598-0
None-gene-7541772	7147	1.49e-28	None-gene-7541772-0
None-gene-7543626	407821	1.21e-09	None-gene-7543626-0
None-gene-7574922	35571	2.20e-163	None-gene-7574922-0
None-gene-7602693	35571	3.87e-141	None-gene-7602693-0
None-gene-7612581	35571	1.57e-37	None-gene-7612581-0
None-gene-7620472	35571	2.02e-174	None-gene-7620472-0
None-gene-7640716	35571	1.66e-15	None-gene-7640716-0
None-gene-7663394	35571	2.39e-126	None-gene-7663394-0
None-gene-7665805			None-gene-7665805-0
None-gene-7675846	35571	1.90e-17	None-gene-7675846-0
None-gene-7678089	35571	2.16e-62	None-gene-7678089-0
None-gene-7679092	33392	3.23e-17	None-gene-7679092-0
None-gene-7699130	35572	1.37e-17	None-gene-7699130-0
None-gene-7710461	71814	6.51e-14	None-gene-7710461-0
None-gene-7719976	35571	4.83e-21	None-gene-7719976-0
None-gene-7732478			None-gene-7732478-0
None-gene-7732710	41830	3.02e-99	None-gene-7732710-0
None-gene-7734313	7148	1.58e-21	None-gene-7734313-0
None-gene-7755366	35571	1.85e-59	None-gene-7755366-0
None-gene-7784584	35571	4.34e-36	None-gene-7784584-0
None-gene-7798210	7148	1.52e-29	None-gene-7798210-0
None-gene-7798922	33392	8.63e-18	None-gene-7798922-0
None-gene-7801186	35572	7.33e-65	None-gene-7801186-0
None-gene-7807236	35571	6.92e-25	None-gene-7807236-0
None-gene-7817483	35571	2.20e-82	None-gene-7817483-0
None-gene-7875920	35571	3.11e-25	None-gene-7875920-0
None-gene-7898122	35571	9.66e-65	None-gene-7898122-0
None-gene-7903669	7184	2.16e-32	None-gene-7903669-0
None-gene-7908924	35571	1.86e-168	None-gene-7908924-0
None-gene-7909647	307491	2.47e-14	None-gene-7909647-0
None-gene-7916543	35571	3.20e-260	None-gene-7916543-0
None-gene-7951537	7184	5.02e-20	None-gene-7951537-0
None-gene-7974048	35571	6.91e-10	None-gene-7974048-0
None-gene-7979483	35571	7.40e-67	None-gene-7979483-0
None-gene-8019889	35571	1.04e-131	None-gene-8019889-0
None-gene-8021425	35571	2.32e-06	None-gene-8021425-0
None-gene-8031510	35571	1.06e-50	None-gene-8031510-0
None-gene-8036927	41830	5.35e-07	None-gene-8036927-0
None-gene-8045133	35572	3.28e-07	None-gene-8045133-0
None-gene-8047104	35571	4.67e-84	None-gene-8047104-0
None-gene-8048418			None-gene-8048418-0
None-gene-8049711	35572	3.07e-05	None-gene-8049711-0
None-gene-8075106	35571	5.51e-109	None-gene-8075106-0
None-gene-8092399	35571	1.52e-11	None-gene-8092399-0
None-gene-8102872	35571	6.32e-49	None-gene-8102872-0
None-gene-8109131	7148	2.43e-10	None-gene-8109131-0
None-gene-8117528	35571	1.55e-51	None-gene-8117528-0
None-gene-8121221	35571	2.63e-12	None-gene-8121221-0
None-gene-8140276	7184	1.86e-30	None-gene-8140276-0
None-gene-8144573			None-gene-8144573-0
None-gene-8149333	35571	7.97e-69	None-gene-8149333-0
None-gene-8152811	35571	0.0	None-gene-8152811-0
None-gene-8152926	7130	1.53e-27	None-gene-8152926-0
None-gene-8202460	35571	2.72e-221	None-gene-8202460-0
None-gene-8215693	7148	6.15e-124	None-gene-8215693-0
None-gene-8218808	35572	4.41e-86	None-gene-8218808-0
None-gene-8225983	35571	4.12e-43	None-gene-8225983-0
None-gene-8271346	35571	1.94e-17	None-gene-8271346-0
None-gene-8297291	41830	9.90e-42	None-gene-8297291-0
None-gene-8309063	7148	1.67e-34	None-gene-8309063-0
None-gene-8319346	35571	4.62e-51	None-gene-8319346-0
None-gene-8327852	35571	1.43e-102	None-gene-8327852-0
None-gene-8341605			None-gene-8341605-0
None-gene-8350871	35572	7.61e-240	None-gene-8350871-0
None-gene-8361045	35571	2.19e-10	None-gene-8361045-0
None-gene-8368654	35571	8.52e-88	None-gene-8368654-0
None-gene-8401618	35571	1.21e-05	None-gene-8401618-0
None-gene-8405392	35571	1.51e-48	None-gene-8405392-0
None-gene-8428780	33392	1.56e-13	None-gene-8428780-0
None-gene-8429058	35571	6.97e-125	None-gene-8429058-0
None-gene-8440854	35572	4.60e-36	None-gene-8440854-0
None-gene-8443524			None-gene-8443524-0
None-gene-8450899	33392	4.77e-60	None-gene-8450899-0
None-gene-8484488	35571	3.92e-08	None-gene-8484488-0
None-gene-8518109	35571	1.60e-86	None-gene-8518109-0
None-gene-8524147	35571	1.26e-88	None-gene-8524147-0
None-gene-8553958	35571	5.98e-41	None-gene-8553958-0
None-gene-8561846	35571	3.11e-245	None-gene-8561846-0
None-gene-8567065	35571	2.21e-57	None-gene-8567065-0
None-gene-8574161	35571	5.41e-107	None-gene-8574161-0
None-gene-8577594	35571	5.35e-17	None-gene-8577594-0
None-gene-8579457	35572	4.34e-49	None-gene-8579457-0
None-gene-8586414	35571	1.43e-173	None-gene-8586414-0
None-gene-8593188	35572	7.46e-08	None-gene-8593188-0
None-gene-8714684	7203	1.52e-04	None-gene-8714684-0
None-gene-8724690	35571	6.81e-23	None-gene-8724690-0
None-gene-8786136	35571	1.89e-19	None-gene-8786136-0
None-gene-8818694	35571	0.0	None-gene-8818694-0
None-gene-8844762			None-gene-8844762-0
None-gene-8887453	35572	2.43e-103	None-gene-8887453-0
None-gene-8896683	35572	1.51e-154	None-gene-8896683-0
None-gene-8925814	35571	2.10e-26	None-gene-8925814-0
None-gene-8936409	35572	7.60e-91	None-gene-8936409-0
None-gene-8940452	471704	1.31e-08	None-gene-8940452-0
None-gene-8946768	35571	2.16e-91	None-gene-8946768-0
None-gene-8947750	35571	3.67e-57	None-gene-8947750-0
None-gene-8966312	35571	9.17e-55	None-gene-8966312-0
None-gene-8990989	35571	2.08e-21	None-gene-8990989-0
None-gene-9045356	35571	8.49e-93	None-gene-9045356-0
None-gene-9050243	35571	2.05e-276	None-gene-9050243-0
None-gene-9063399	35571	5.33e-83	None-gene-9063399-0
None-gene-9066861	35571	2.20e-42	None-gene-9066861-0
None-gene-9088573	41830	5.35e-62	None-gene-9088573-0
None-gene-9102784	35571	1.83e-61	None-gene-9102784-0
None-gene-9126505	7147	1.36e-10	None-gene-9126505-0
None-gene-9147290	7148	1.13e-11	None-gene-9147290-0
None-gene-9187227	33392	4.04e-31	None-gene-9187227-0
None-gene-9187957	33392	6.45e-46	None-gene-9187957-0
None-gene-9188049	33392	9.63e-06	None-gene-9188049-0
None-gene-9193047	35571	6.81e-41	None-gene-9193047-0
None-gene-9208988	35571	7.26e-144	None-gene-9208988-0
None-gene-9218872	35571	3.49e-230	None-gene-9218872-0
None-gene-9219071			None-gene-9219071-0
None-gene-9255179	7148	1.51e-15	None-gene-9255179-0
None-gene-9274927	41830	1.74e-15	None-gene-9274927-0
None-gene-9277185	35572	3.56e-29	None-gene-9277185-0
None-gene-9282924			None-gene-9282924-0
None-gene-9290542	33392	1.77e-15	None-gene-9290542-0
None-gene-9317810	35571	3.70e-125	None-gene-9317810-0
None-gene-9320752	35571	7.65e-53	None-gene-9320752-0
None-gene-9333474			None-gene-9333474-0
None-gene-9335984	41830	3.51e-07	None-gene-9335984-0
None-gene-9337553	39758	1.30e-33	None-gene-9337553-0
None-gene-9351080	35571	1.01e-41	None-gene-9351080-0
None-gene-9382175	35571	7.82e-20	None-gene-9382175-0
None-gene-9398663	35572	1.49e-37	None-gene-9398663-0
None-gene-9401076	33392	1.60e-11	None-gene-9401076-0
None-gene-9423974	33392	1.14e-72	None-gene-9423974-0
None-gene-9428693	41830	1.80e-25	None-gene-9428693-0
None-gene-9435543	35572	5.96e-51	None-gene-9435543-0
None-gene-9474410	35571	1.78e-108	None-gene-9474410-0
None-gene-9492041	35571	4.36e-06	None-gene-9492041-0
None-gene-9492915	6956	2.17e-12	None-gene-9492915-0
None-gene-9495246	33392	2.04e-04	None-gene-9495246-0
None-gene-9505676	35572	4.31e-178	None-gene-9505676-0
None-gene-9574179	35571	2.14e-191	None-gene-9574179-0
None-gene-9579697	35571	1.46e-17	None-gene-9579697-0
None-gene-9580012			None-gene-9580012-0
None-gene-9583718	35571	4.38e-125	None-gene-9583718-0
None-gene-9595928	35571	8.39e-46	None-gene-9595928-0
None-gene-9600623	35571	1.96e-91	None-gene-9600623-0
None-gene-9601256	200917	4.02e-21	None-gene-9601256-0
None-gene-9618111	35571	3.22e-34	None-gene-9618111-0
None-gene-9638408	35572	9.50e-13	None-gene-9638408-0
None-gene-9643846	35571	7.67e-70	None-gene-9643846-0
None-gene-9646963	35571	3.26e-137	None-gene-9646963-0
None-gene-9651410	35572	6.38e-36	None-gene-9651410-0
None-gene-9654296	35571	2.12e-73	None-gene-9654296-0
None-gene-9660373			None-gene-9660373-0
None-gene-9660755	35572	2.41e-126	None-gene-9660755-0
None-gene-9662075	35572	1.20e-120	None-gene-9662075-0
None-gene-9665061	611301	2.37e-16	None-gene-9665061-0
None-gene-9666906	35571	2.44e-19	None-gene-9666906-0
None-gene-9670745	35571	1.45e-32	None-gene-9670745-0
None-gene-9674793	35571	2.50e-162	None-gene-9674793-0
None-gene-9677067	35571	6.77e-97	None-gene-9677067-0
None-gene-9679489	35571	4.45e-47	None-gene-9679489-0
None-gene-9695524	7148	2.91e-04	None-gene-9695524-0
None-gene-9697321	35571	6.13e-90	None-gene-9697321-0
None-gene-9701180			None-gene-9701180-0
None-gene-9725649			None-gene-9725649-0
None-gene-9737747	158441	3.94e-139	None-gene-9737747-0
None-gene-9742675	7148	2.01e-06	None-gene-9742675-0
None-gene-9753119	35571	1.75e-25	None-gene-9753119-0
None-gene-9763699	7149	1.11e-80	None-gene-9763699-0
None-gene-9767883	35571	3.73e-57	None-gene-9767883-0
None-gene-9807915	7148	8.13e-07	None-gene-9807915-0
None-gene-9818546	158441	5.07e-51	None-gene-9818546-0
None-gene-9819020	33392	2.73e-21	None-gene-9819020-0
None-gene-9819530	33392	1.41e-22	None-gene-9819530-0
None-gene-9858049	35571	6.23e-140	None-gene-9858049-0
None-gene-9867470	35572	2.55e-26	None-gene-9867470-0
None-gene-9867781	7227	9.69e-04	None-gene-9867781-0
None-gene-9930096	7370	9.95e-50	None-gene-9930096-0
None-gene-9956213	35571	2.48e-48	None-gene-9956213-0
None-gene-9995195	35571	2.60e-105	None-gene-9995195-0
None-gene-9996362	37567	4.67e-36	None-gene-9996362-0
None-gene-10012535	35571	1.35e-96	None-gene-10012535-0
None-gene-10073896	35572	1.04e-06	None-gene-10073896-0
None-gene-10080009	35571	1.19e-51	None-gene-10080009-0
None-gene-10081587	35571	2.55e-36	None-gene-10081587-0
None-gene-10085791	7184	1.76e-55	None-gene-10085791-0
None-gene-10106516	35571	3.14e-17	None-gene-10106516-0
None-gene-10135725	33392	2.62e-35	None-gene-10135725-0
None-gene-10166531	35571	5.56e-88	None-gene-10166531-0
None-gene-10216544	35571	6.72e-121	None-gene-10216544-0
None-gene-10218032			None-gene-10218032-0
None-gene-10219342	35571	1.24e-90	None-gene-10219342-0
None-gene-10221840	35571	3.59e-14	None-gene-10221840-0
None-gene-10228290	35571	1.64e-103	None-gene-10228290-0
None-gene-10229937	33392	9.41e-22	None-gene-10229937-0
None-gene-10231933	35571	8.84e-13	None-gene-10231933-0
None-gene-10245466	35571	1.27e-42	None-gene-10245466-0
None-gene-10250345			None-gene-10250345-0
None-gene-10256653	35572	1.53e-33	None-gene-10256653-0
None-gene-10266566	35571	2.49e-79	None-gene-10266566-0
None-gene-10275245	35571	1.18e-72	None-gene-10275245-0
None-gene-10281865	35571	4.19e-27	None-gene-10281865-0
None-gene-10316891	35571	3.18e-60	None-gene-10316891-0
None-gene-10327039			None-gene-10327039-0
None-gene-10335409	35571	3.77e-69	None-gene-10335409-0
None-gene-10338528	35571	2.35e-201	None-gene-10338528-0
None-gene-10340592	35571	5.58e-264	None-gene-10340592-0
None-gene-10346975	35571	1.27e-282	None-gene-10346975-0
None-gene-10365908	35571	1.53e-65	None-gene-10365908-0
None-gene-10369125	35571	5.39e-32	None-gene-10369125-0
None-gene-10370242	35571	1.23e-10	None-gene-10370242-0
None-gene-10375357	35571	1.46e-34	None-gene-10375357-0
None-gene-10383774	35571	9.36e-80	None-gene-10383774-0
None-gene-10396556	35571	3.35e-52	None-gene-10396556-0
None-gene-10397701	35571	6.59e-131	None-gene-10397701-0
None-gene-10401687			None-gene-10401687-0
None-gene-10419429	35571	6.53e-121	None-gene-10419429-0
None-gene-10439714	35571	2.14e-47	None-gene-10439714-0
None-gene-10449902			None-gene-10449902-0
None-gene-10453534	41830	3.46e-18	None-gene-10453534-0
None-gene-10455131	35571	4.19e-24	None-gene-10455131-0
None-gene-10456014	7375	1.06e-10	None-gene-10456014-0
None-gene-10457613	35571	7.33e-211	None-gene-10457613-0
None-gene-10459504	35571	7.29e-13	None-gene-10459504-0
None-gene-10472970	35571	1.23e-15	None-gene-10472970-0
None-gene-10474831	33392	4.18e-118	None-gene-10474831-0
None-gene-10478924	35571	1.96e-81	None-gene-10478924-0
None-gene-10479797			None-gene-10479797-0
None-gene-10480206	35571	7.73e-61	None-gene-10480206-0
None-gene-10480714	429701	1.59e-19	None-gene-10480714-0
None-gene-10480954	63057	4.06e-40	None-gene-10480954-0
None-gene-10481770	599730	6.24e-31	None-gene-10481770-0
None-gene-10488595	35571	1.60e-86	None-gene-10488595-0
None-gene-10494670	35571	8.18e-82	None-gene-10494670-0
None-gene-10494689	33392	7.06e-49	None-gene-10494689-0
None-gene-10519856	35571	1.25e-185	None-gene-10519856-0
None-gene-10525580	7385	3.08e-20	None-gene-10525580-0
None-gene-10531835	35571	1.64e-28	None-gene-10531835-0
None-gene-10532675	35571	8.35e-103	None-gene-10532675-0
None-gene-10532677	35572	6.83e-10	None-gene-10532677-0
None-gene-10558256	35572	3.39e-16	None-gene-10558256-0
None-gene-10586226	7184	5.06e-05	None-gene-10586226-0
None-gene-10667802	35571	5.03e-15	None-gene-10667802-0
None-gene-10675717	7148	4.57e-18	None-gene-10675717-0
None-gene-10676568	33392	8.27e-14	None-gene-10676568-0
None-gene-10690064	35572	4.68e-15	None-gene-10690064-0
None-gene-10698610	33392	3.94e-31	None-gene-10698610-0
None-gene-10703729			None-gene-10703729-0
None-gene-10706988	35571	1.72e-65	None-gene-10706988-0
None-gene-10716586	35571	2.16e-250	None-gene-10716586-0
None-gene-10721551	35571	6.86e-98	None-gene-10721551-0
None-gene-10725118	33392	5.16e-19	None-gene-10725118-0
None-gene-10729066	7184	5.79e-09	None-gene-10729066-0
None-gene-10731390	7148	2.49e-13	None-gene-10731390-0
None-gene-10741360	35571	3.03e-40	None-gene-10741360-0
None-gene-10747143	33392	1.74e-12	None-gene-10747143-0
None-gene-10747747	33392	2.10e-11	None-gene-10747747-0
None-gene-10754081	33392	4.51e-15	None-gene-10754081-0
None-gene-10754287	7148	7.41e-41	None-gene-10754287-0
None-gene-10757272	35571	1.95e-257	None-gene-10757272-0
None-gene-10757940			None-gene-10757940-0
None-gene-10780878	35571	2.31e-05	None-gene-10780878-0
None-gene-10817226	35571	7.80e-232	None-gene-10817226-0
None-gene-10824803	35571	1.01e-59	None-gene-10824803-0
None-gene-10826651	35571	4.72e-280	None-gene-10826651-0
None-gene-10831485	35571	3.77e-95	None-gene-10831485-0
None-gene-10831547			None-gene-10831547-0
None-gene-10833561	35572	1.56e-18	None-gene-10833561-0
None-gene-10837393	35571	1.82e-167	None-gene-10837393-0
None-gene-10856482	33392	1.39e-14	None-gene-10856482-0
None-gene-10858190	35572	2.51e-09	None-gene-10858190-0
None-gene-10861552	7147	5.83e-33	None-gene-10861552-0
None-gene-10879185	35571	1.09e-52	None-gene-10879185-0
None-gene-10967024	35571	4.30e-11	None-gene-10967024-0
None-gene-10983561			None-gene-10983561-0
None-gene-11002538	35571	8.18e-51	None-gene-11002538-0
None-gene-11016421	35571	1.59e-122	None-gene-11016421-0
None-gene-11032956	35571	1.80e-12	None-gene-11032956-0
None-gene-11055878	35571	1.99e-20	None-gene-11055878-0
None-gene-11063553	35571	4.24e-148	None-gene-11063553-0
None-gene-11068791	35571	1.62e-41	None-gene-11068791-0
None-gene-11076421	35571	1.12e-88	None-gene-11076421-0
None-gene-11081536	7148	2.99e-17	None-gene-11081536-0
None-gene-11164792	35572	4.05e-162	None-gene-11164792-0
None-gene-11228339	35571	2.06e-48	None-gene-11228339-0
None-gene-11270140	35571	0.0	None-gene-11270140-0
None-gene-11278806	30019	1.35e-20	None-gene-11278806-0
None-gene-11278812	7184	6.66e-85	None-gene-11278812-0
None-gene-11281007	1760	1.16e-05	None-gene-11281007-0
None-gene-11289296			None-gene-11289296-0
None-gene-11291600	7375	2.61e-31	None-gene-11291600-0
None-gene-11291618	7184	1.09e-75	None-gene-11291618-0
None-gene-11297402	35571	9.03e-91	None-gene-11297402-0
None-gene-11300538	7184	2.61e-83	None-gene-11300538-0
None-gene-11303659	35571	8.02e-48	None-gene-11303659-0
None-gene-11305662			None-gene-11305662-0
None-gene-11307059	35571	2.85e-10	None-gene-11307059-0
None-gene-11314396	35571	5.59e-169	None-gene-11314396-0
None-gene-11315309	35571	7.58e-176	None-gene-11315309-0
None-gene-11324019	35571	9.00e-50	None-gene-11324019-0
None-gene-11329693	35571	6.84e-25	None-gene-11329693-0
None-gene-11342569	35571	1.40e-129	None-gene-11342569-0
None-gene-11346076	35571	3.03e-75	None-gene-11346076-0
None-gene-11354222	35571	2.73e-59	None-gene-11354222-0
None-gene-11361348	41088	6.58e-75	None-gene-11361348-0
None-gene-11364740	35571	4.90e-13	None-gene-11364740-0
None-gene-11367001	35571	1.37e-16	None-gene-11367001-0
None-gene-11368158	35571	6.32e-92	None-gene-11368158-0
None-gene-11374203	35571	1.78e-129	None-gene-11374203-0
None-gene-11391029	35571	4.32e-73	None-gene-11391029-0
None-gene-11396814	35571	5.36e-53	None-gene-11396814-0
None-gene-11415625	35571	0.0	None-gene-11415625-0
None-gene-11427688	35571	1.09e-54	None-gene-11427688-0
None-gene-11429714	35571	3.27e-171	None-gene-11429714-0
None-gene-11432444	35571	3.49e-26	None-gene-11432444-0
None-gene-11433115			None-gene-11433115-0
None-gene-11440271	35571	1.03e-178	None-gene-11440271-0
None-gene-11449495	35571	1.33e-83	None-gene-11449495-0
None-gene-11452666	35571	1.17e-123	None-gene-11452666-0
None-gene-11452968			None-gene-11452968-0
None-gene-11455227	35571	2.08e-10	None-gene-11455227-0
None-gene-11462734	35571	1.00e-99	None-gene-11462734-0
None-gene-11466217	35571	2.41e-271	None-gene-11466217-0
None-gene-11476328	35571	7.20e-19	None-gene-11476328-0
None-gene-11491510	35571	2.15e-45	None-gene-11491510-0
None-gene-11514305	35572	1.14e-30	None-gene-11514305-0
None-gene-11534722	35571	3.14e-24	None-gene-11534722-0
None-gene-11547097	35571	2.95e-25	None-gene-11547097-0
None-gene-11552773	41830	1.76e-39	None-gene-11552773-0
None-gene-11560487	35571	4.21e-51	None-gene-11560487-0
None-gene-11568464			None-gene-11568464-0
None-gene-11627735	7148	4.08e-11	None-gene-11627735-0
None-gene-11628249	41830	3.82e-08	None-gene-11628249-0
None-gene-11637266	35572	1.00e-54	None-gene-11637266-0
None-gene-11646728	7148	1.27e-26	None-gene-11646728-0
None-gene-11720409	33340	1.33e-17	None-gene-11720409-0
None-gene-11821242	7148	1.95e-25	None-gene-11821242-0
None-gene-11822449	33392	1.97e-15	None-gene-11822449-0
None-gene-11823565	35571	2.14e-54	None-gene-11823565-0
None-gene-11826154	35572	6.83e-210	None-gene-11826154-0
None-gene-11863436	7148	3.80e-62	None-gene-11863436-0
None-gene-11872335	35571	1.47e-48	None-gene-11872335-0
None-gene-11882879	35571	2.71e-21	None-gene-11882879-0
None-gene-11897354	35571	8.08e-227	None-gene-11897354-0
None-gene-11911673	33392	6.65e-11	None-gene-11911673-0
None-gene-11948162	33392	9.68e-15	None-gene-11948162-0
None-gene-11960465	35571	2.04e-72	None-gene-11960465-0
None-gene-11976027	71814	1.59e-93	None-gene-11976027-0
None-gene-11995686	35571	2.35e-10	None-gene-11995686-0
None-gene-11995855	28610	1.23e-20	None-gene-11995855-0
None-gene-12000917	35571	1.08e-265	None-gene-12000917-0
None-gene-12009835	33392	1.98e-32	None-gene-12009835-0
None-gene-12013515	41088	3.49e-07	None-gene-12013515-0
None-gene-12013570			None-gene-12013570-0
None-gene-12014364	33392	2.14e-36	None-gene-12014364-0
None-gene-12037618			None-gene-12037618-0
None-gene-12042974			None-gene-12042974-0
None-gene-12110306	7147	5.88e-49	None-gene-12110306-0
None-gene-12137896	35571	3.99e-125	None-gene-12137896-0
None-gene-12165292	35571	5.28e-18	None-gene-12165292-0
None-gene-12191262	35571	1.20e-17	None-gene-12191262-0
None-gene-12266739	35571	9.69e-28	None-gene-12266739-0
None-gene-12349274	35572	4.25e-16	None-gene-12349274-0
None-gene-12351465	41830	4.41e-10	None-gene-12351465-0
None-gene-12361366	35572	1.56e-37	None-gene-12361366-0
None-gene-12362093	35572	6.49e-11	None-gene-12362093-0
None-gene-12362568	33392	1.35e-47	None-gene-12362568-0
None-gene-12364085	7184	4.88e-19	None-gene-12364085-0
None-gene-12383908	33392	1.88e-14	None-gene-12383908-0
None-gene-12418220	33392	8.27e-134	None-gene-12418220-0
None-gene-12431175	35571	7.16e-37	None-gene-12431175-0
None-gene-12439625	35571	1.41e-106	None-gene-12439625-0
None-gene-12443193	7184	3.06e-28	None-gene-12443193-0
None-gene-12471456	35571	1.65e-73	None-gene-12471456-0
None-gene-12575755	35571	7.59e-42	None-gene-12575755-0
None-gene-12576958	35571	4.46e-26	None-gene-12576958-0
None-gene-12580668	7148	5.41e-27	None-gene-12580668-0
None-gene-12582056			None-gene-12582056-0
None-gene-12584681	35571	7.87e-250	None-gene-12584681-0
None-gene-12584803	210409	1.15e-10	None-gene-12584803-0
None-gene-12586176	35571	4.21e-170	None-gene-12586176-0
None-gene-12588743	35571	9.15e-79	None-gene-12588743-0
None-gene-12608705	33392	3.76e-14	None-gene-12608705-0
None-gene-12612318	33392	1.54e-37	None-gene-12612318-0
None-gene-12614657	35571	3.48e-88	None-gene-12614657-0
None-gene-12619034	35571	5.34e-132	None-gene-12619034-0
None-gene-12622863	7184	1.06e-07	None-gene-12622863-0
None-gene-12638280	35571	1.01e-10	None-gene-12638280-0
None-gene-12645167	35571	1.28e-142	None-gene-12645167-0
None-gene-12645537			None-gene-12645537-0
None-gene-12660452	7148	2.38e-33	None-gene-12660452-0
None-gene-12661279	35571	1.28e-13	None-gene-12661279-0
None-gene-12668664			None-gene-12668664-0
None-gene-12676103	35571	5.97e-262	None-gene-12676103-0
None-gene-12677064			None-gene-12677064-0
None-gene-12683273	35571	7.33e-101	None-gene-12683273-0
None-gene-12705152	35571	7.67e-58	None-gene-12705152-0
None-gene-12706722	35571	1.32e-283	None-gene-12706722-0
None-gene-12712383	35571	0.0	None-gene-12712383-0
None-gene-12716061	35571	1.43e-284	None-gene-12716061-0
None-gene-12728522	7184	1.75e-42	None-gene-12728522-0
None-gene-12729186			None-gene-12729186-0
None-gene-12729779	35572	1.66e-22	None-gene-12729779-0
None-gene-12733264	35571	1.11e-46	None-gene-12733264-0
None-gene-12735979	35571	4.14e-47	None-gene-12735979-0
None-gene-12738330	35571	4.85e-50	None-gene-12738330-0
None-gene-12742236	35571	3.85e-26	None-gene-12742236-0
None-gene-12770097	35571	1.80e-79	None-gene-12770097-0
None-gene-12771730	35571	1.78e-129	None-gene-12771730-0
None-gene-12780760	33392	3.27e-24	None-gene-12780760-0
None-gene-12782391	2607531	1.45e-14	None-gene-12782391-0
None-gene-12782492			None-gene-12782492-0
None-gene-12787567	35571	7.03e-24	None-gene-12787567-0
None-gene-12794174	35571	8.55e-60	None-gene-12794174-0
None-gene-12802234	35571	1.92e-79	None-gene-12802234-0
None-gene-12805157	35571	1.59e-94	None-gene-12805157-0
None-gene-12815424	33392	2.96e-12	None-gene-12815424-0
None-gene-12816543	35571	6.75e-126	None-gene-12816543-0
None-gene-12822715	35571	5.23e-83	None-gene-12822715-0
None-gene-12828169	35571	2.25e-181	None-gene-12828169-0
None-gene-12832102	35571	2.79e-119	None-gene-12832102-0
None-gene-12838666	35571	7.63e-24	None-gene-12838666-0
None-gene-12839751	35571	4.17e-90	None-gene-12839751-0
None-gene-12933662	35572	1.45e-44	None-gene-12933662-0
None-gene-12995202	35571	1.29e-49	None-gene-12995202-0
None-gene-12998496	7148	2.31e-10	None-gene-12998496-0
None-gene-13016835	2021370	0.0	None-gene-13016835-0
None-gene-13020359	7148	1.39e-04	None-gene-13020359-0
None-gene-13033590	33392	6.16e-09	None-gene-13033590-0
None-gene-13034596	7148	6.25e-12	None-gene-13034596-0
None-gene-13042049	33392	7.11e-14	None-gene-13042049-0
None-gene-13057561	33392	3.30e-34	None-gene-13057561-0
None-gene-13060238	35571	5.97e-172	None-gene-13060238-0
None-gene-13071032	33317	1.73e-14	None-gene-13071032-0
None-gene-13074841	33392	9.98e-23	None-gene-13074841-0
None-gene-13078833	35571	1.06e-181	None-gene-13078833-0
None-gene-13084225	35571	8.73e-137	None-gene-13084225-0
None-gene-13094837	35571	2.49e-298	None-gene-13094837-0
None-gene-13100903	35571	2.95e-108	None-gene-13100903-0
None-gene-13106808	35571	8.77e-239	None-gene-13106808-0
None-gene-13111687	35571	2.00e-206	None-gene-13111687-0
None-gene-13116190	35571	1.64e-196	None-gene-13116190-0
None-gene-13124569	35571	9.51e-46	None-gene-13124569-0
None-gene-13158526	35571	8.42e-78	None-gene-13158526-0
None-gene-13175380			None-gene-13175380-0
None-gene-13175867	407821	2.57e-05	None-gene-13175867-0
None-gene-13183972	35571	1.96e-23	None-gene-13183972-0
None-gene-13194066	35571	5.94e-119	None-gene-13194066-0
None-gene-13208114	35571	1.66e-46	None-gene-13208114-0
None-gene-13215961	35571	9.56e-143	None-gene-13215961-0
None-gene-13227167			None-gene-13227167-0
None-gene-13231551	35571	3.12e-13	None-gene-13231551-0
None-gene-13238113	35571	6.63e-109	None-gene-13238113-0
None-gene-13241551	35571	0.0	None-gene-13241551-0
None-gene-13249423	35571	3.72e-08	None-gene-13249423-0
None-gene-13255056	35571	3.59e-138	None-gene-13255056-0
None-gene-13255765			None-gene-13255765-0
None-gene-13266827	7157	7.69e-21	None-gene-13266827-0
None-gene-13268089	35571	3.06e-82	None-gene-13268089-0
None-gene-13268550	33392	1.52e-05	None-gene-13268550-0
None-gene-13269287	33392	4.49e-32	None-gene-13269287-0
None-gene-13272123	35572	1.04e-04	None-gene-13272123-0
None-gene-13276352	35571	4.67e-196	None-gene-13276352-0
None-gene-13280723	41088	6.87e-19	None-gene-13280723-0
None-gene-13280937	33392	1.35e-33	None-gene-13280937-0
None-gene-13305369	71814	1.13e-05	None-gene-13305369-0
None-gene-13319707	7148	1.26e-06	None-gene-13319707-0
None-gene-13321054	35571	5.53e-44	None-gene-13321054-0
None-gene-13331124	35571	1.94e-160	None-gene-13331124-0
None-gene-13334186	35571	0.0	None-gene-13334186-0
None-gene-13334715	35571	3.48e-45	None-gene-13334715-0
None-gene-13340201			None-gene-13340201-0
None-gene-13340581			None-gene-13340581-0
None-gene-13342156			None-gene-13342156-0
None-gene-13343977	35571	3.07e-134	None-gene-13343977-0
None-gene-13370333	35571	2.27e-33	None-gene-13370333-0
None-gene-13381738			None-gene-13381738-0
None-gene-13389111	35571	2.05e-137	None-gene-13389111-0
None-gene-13406642	35571	8.00e-309	None-gene-13406642-0
None-gene-13412786	35571	2.81e-120	None-gene-13412786-0
None-gene-13416438	35572	1.06e-05	None-gene-13416438-0
None-gene-13423965	7184	3.56e-66	None-gene-13423965-0
None-gene-13423990	143999	1.00e-12	None-gene-13423990-0
None-gene-13424687	2015173	3.57e-33	None-gene-13424687-0
None-gene-13428614	35571	3.27e-59	None-gene-13428614-0
None-gene-13458712	7184	5.47e-56	None-gene-13458712-0
None-gene-13527213	35572	2.98e-34	None-gene-13527213-0
None-gene-13528473	35571	4.50e-120	None-gene-13528473-0
None-gene-13539071	35571	2.39e-176	None-gene-13539071-0
None-gene-13546102	35571	1.06e-34	None-gene-13546102-0
None-gene-13565448	35571	5.53e-131	None-gene-13565448-0
None-gene-13584101	7184	1.72e-13	None-gene-13584101-0
None-gene-13600533	35571	3.64e-22	None-gene-13600533-0
None-gene-13625350	35571	3.90e-57	None-gene-13625350-0
None-gene-13626848	35571	8.07e-107	None-gene-13626848-0
None-gene-13636537	35571	1.75e-103	None-gene-13636537-0
None-gene-13646335	35571	9.93e-116	None-gene-13646335-0
None-gene-13650014	35571	1.35e-107	None-gene-13650014-0
None-gene-13709082	35572	7.63e-45	None-gene-13709082-0
None-gene-13710702	2	5.50e-11	None-gene-13710702-0
None-gene-13781408	7147	1.19e-08	None-gene-13781408-0
None-gene-13812569	35571	8.23e-09	None-gene-13812569-0
None-gene-13822749	35571	4.41e-206	None-gene-13822749-0
None-gene-13857920	35571	2.33e-85	None-gene-13857920-0
None-gene-13866669	41830	3.52e-24	None-gene-13866669-0
None-gene-13871560	35571	6.80e-10	None-gene-13871560-0
None-gene-13875445	7147	2.09e-22	None-gene-13875445-0
None-gene-13893791	35571	2.27e-141	None-gene-13893791-0
None-gene-13916820	35572	0.0	None-gene-13916820-0
None-gene-13981125	33392	2.53e-25	None-gene-13981125-0
None-gene-14037623	35571	1.91e-66	None-gene-14037623-0
None-gene-14070833	33392	1.74e-73	None-gene-14070833-0
None-gene-14079360	7184	8.89e-42	None-gene-14079360-0
None-gene-14090317	35571	3.58e-68	None-gene-14090317-0
None-gene-14094202	35571	2.68e-43	None-gene-14094202-0
None-gene-14095296	35571	7.61e-27	None-gene-14095296-0
None-gene-14100304	35571	1.01e-67	None-gene-14100304-0
None-gene-14109243	35571	1.41e-71	None-gene-14109243-0
None-gene-14131729			None-gene-14131729-0
None-gene-14151305	35571	2.98e-213	None-gene-14151305-0
None-gene-14154226	7148	2.50e-12	None-gene-14154226-0
None-gene-14157815	35571	1.06e-36	None-gene-14157815-0
None-gene-14160659	35571	6.94e-05	None-gene-14160659-0
None-gene-14163679	35571	1.18e-282	None-gene-14163679-0
None-gene-14168084	35571	3.19e-109	None-gene-14168084-0
None-gene-14169807	7147	1.65e-08	None-gene-14169807-0
None-gene-14193498	35571	2.10e-55	None-gene-14193498-0
None-gene-14209722	35571	6.70e-63	None-gene-14209722-0
None-gene-14213099	35571	2.09e-28	None-gene-14213099-0
None-gene-14218084	35571	3.39e-70	None-gene-14218084-0
None-gene-14239295	35571	5.70e-104	None-gene-14239295-0
None-gene-14260838	35571	1.73e-60	None-gene-14260838-0
None-gene-14270248	35571	2.41e-269	None-gene-14270248-0
None-gene-14303802	33340	1.78e-23	None-gene-14303802-0
None-gene-14313585	7148	8.29e-35	None-gene-14313585-0
None-gene-14320105	33392	7.52e-109	None-gene-14320105-0
None-gene-14349050	35572	1.48e-15	None-gene-14349050-0
None-gene-14397205	35571	1.04e-23	None-gene-14397205-0
None-gene-14400107	1346257	5.22e-07	None-gene-14400107-0
None-gene-14406518	35571	6.99e-233	None-gene-14406518-0
None-gene-14429400	35572	3.84e-11	None-gene-14429400-0
None-gene-14433051	35571	1.85e-24	None-gene-14433051-0
None-gene-14453527	35571	5.94e-50	None-gene-14453527-0
None-gene-14464178	35571	1.10e-14	None-gene-14464178-0
None-gene-14464423	35571	2.15e-41	None-gene-14464423-0
None-gene-14472174	35571	2.11e-102	None-gene-14472174-0
None-gene-14496834	35572	2.99e-11	None-gene-14496834-0
None-gene-14507122	35571	1.03e-144	None-gene-14507122-0
None-gene-14519518	35571	4.09e-209	None-gene-14519518-0
None-gene-14521413	35571	5.81e-47	None-gene-14521413-0
None-gene-14522695			None-gene-14522695-0
None-gene-14531754	35571	2.51e-64	None-gene-14531754-0
None-gene-14537511	35572	1.73e-05	None-gene-14537511-0
None-gene-14556273	41830	4.85e-54	None-gene-14556273-0
None-gene-14566015			None-gene-14566015-0
None-gene-14580626	35572	6.84e-68	None-gene-14580626-0
None-gene-14595535	7184	2.65e-23	None-gene-14595535-0
None-gene-14601118	39758	2.26e-23	None-gene-14601118-0
None-gene-14629967	35571	1.04e-08	None-gene-14629967-0
None-gene-14634853			None-gene-14634853-0
None-gene-14638384	35571	0.0	None-gene-14638384-0
None-gene-14642802	35571	1.97e-40	None-gene-14642802-0
None-gene-14646911	35572	1.69e-47	None-gene-14646911-0
None-gene-14656872	35571	2.06e-104	None-gene-14656872-0
None-gene-14656939			None-gene-14656939-0
None-gene-14666469			None-gene-14666469-0
None-gene-14673886	35571	1.92e-31	None-gene-14673886-0
None-gene-14673937	33340	4.29e-31	None-gene-14673937-0
None-gene-14683491	33340	1.37e-15	None-gene-14683491-0
None-gene-14695653	35571	5.21e-49	None-gene-14695653-0
None-gene-14703619	35571	4.99e-205	None-gene-14703619-0
None-gene-14734579	35572	1.09e-252	None-gene-14734579-0
None-gene-14754633	35571	7.31e-64	None-gene-14754633-0
None-gene-14758407			None-gene-14758407-0
None-gene-14761038	7148	2.30e-11	None-gene-14761038-0
None-gene-14787961	149990	9.90e-14	None-gene-14787961-0
None-gene-14800778			None-gene-14800778-0
None-gene-14820253	35572	4.69e-53	None-gene-14820253-0
None-gene-14894522			None-gene-14894522-0
None-gene-14899096			None-gene-14899096-0
None-gene-14922553	35571	2.49e-48	None-gene-14922553-0
None-gene-14929052	35571	3.34e-100	None-gene-14929052-0
None-gene-14934029			None-gene-14934029-0
None-gene-14936565	35571	2.42e-29	None-gene-14936565-0
None-gene-14945774	33392	4.83e-28	None-gene-14945774-0
None-gene-14966749			None-gene-14966749-0
None-gene-14985760	7067	2.00e-20	None-gene-14985760-0
None-gene-14987066	35571	5.97e-14	None-gene-14987066-0
None-gene-14989399	35571	1.51e-39	None-gene-14989399-0
None-gene-15014516	35571	6.69e-75	None-gene-15014516-0
None-gene-15042049			None-gene-15042049-0
None-gene-15049557	35571	1.83e-46	None-gene-15049557-0
None-gene-15076102	410274	1.02e-15	None-gene-15076102-0
None-gene-15098555	35571	6.97e-72	None-gene-15098555-0
None-gene-15189563	33392	1.20e-40	None-gene-15189563-0
None-gene-15198578	7184	5.99e-33	None-gene-15198578-0
None-gene-15199880			None-gene-15199880-0
None-gene-15210341	41830	8.07e-07	None-gene-15210341-0
None-gene-15219371	35571	1.31e-138	None-gene-15219371-0
None-gene-15272711	35571	7.53e-107	None-gene-15272711-0
None-gene-15274922	7147	1.17e-27	None-gene-15274922-0
None-gene-15283014	35571	2.92e-26	None-gene-15283014-0
None-gene-15285120	35571	1.69e-261	None-gene-15285120-0
None-gene-15290274	35571	7.13e-58	None-gene-15290274-0
None-gene-15290728	35571	1.33e-109	None-gene-15290728-0
None-gene-15292157	35571	5.86e-78	None-gene-15292157-0
None-gene-15296385	35571	1.04e-79	None-gene-15296385-0
None-gene-15304833	35571	1.00e-249	None-gene-15304833-0
None-gene-15305206			None-gene-15305206-0
None-gene-15309735	35571	1.06e-68	None-gene-15309735-0
None-gene-15311064	35571	1.00e-163	None-gene-15311064-0
None-gene-15321551	35571	0.0	None-gene-15321551-0
None-gene-15332687	35571	3.29e-99	None-gene-15332687-0
None-gene-15333327	35571	1.55e-35	None-gene-15333327-0
None-gene-15335075	35571	5.95e-11	None-gene-15335075-0
None-gene-15337686	35571	7.55e-55	None-gene-15337686-0
None-gene-15340306	35571	2.62e-130	None-gene-15340306-0
None-gene-15340512	10195	1.40e-09	None-gene-15340512-0
None-gene-15344312	35571	1.28e-84	None-gene-15344312-0
None-gene-15347323	35571	2.79e-41	None-gene-15347323-0
None-gene-15357281	1206794	5.81e-07	None-gene-15357281-0
None-gene-15362026			None-gene-15362026-0
None-gene-15379696	35571	0.0	None-gene-15379696-0
None-gene-15391861	35571	8.84e-35	None-gene-15391861-0
None-gene-15420784	35571	1.75e-53	None-gene-15420784-0
None-gene-15429236	35571	1.62e-99	None-gene-15429236-0
None-gene-15442378	35571	6.06e-12	None-gene-15442378-0
None-gene-15453035	7147	6.42e-44	None-gene-15453035-0
None-gene-15455559	33392	2.66e-07	None-gene-15455559-0
None-gene-15461365	35571	1.01e-71	None-gene-15461365-0
None-gene-15518531	35571	2.54e-19	None-gene-15518531-0
None-gene-15549359	35571	3.44e-15	None-gene-15549359-0
None-gene-15570494	35571	1.15e-60	None-gene-15570494-0
None-gene-15584506	35571	2.14e-64	None-gene-15584506-0
None-gene-15585568			None-gene-15585568-0
None-gene-15587146	67767	1.99e-43	None-gene-15587146-0
None-gene-15594854	35571	5.81e-65	None-gene-15594854-0
None-gene-15595402	35571	8.95e-77	None-gene-15595402-0
None-gene-15610389	35571	8.10e-14	None-gene-15610389-0
None-gene-15619382	35571	2.60e-46	None-gene-15619382-0
None-gene-15620930	33340	3.87e-11	None-gene-15620930-0
None-gene-15624757	35571	2.72e-40	None-gene-15624757-0
None-gene-15643402	35571	3.05e-34	None-gene-15643402-0
None-gene-15666272	35571	4.63e-136	None-gene-15666272-0
None-gene-15682374	64391	2.16e-07	None-gene-15682374-0
None-gene-15682387	35571	1.49e-46	None-gene-15682387-0
None-gene-15682819	35571	3.06e-14	None-gene-15682819-0
None-gene-15724446	35571	2.39e-22	None-gene-15724446-0
None-gene-15755254	33392	4.38e-57	None-gene-15755254-0
None-gene-15755339	8355	5.59e-09	None-gene-15755339-0
None-gene-15757897	35572	1.82e-47	None-gene-15757897-0
None-gene-15760939	197562	3.62e-85	None-gene-15760939-0
None-gene-15809362	35571	0.0	None-gene-15809362-0
None-gene-15824954			None-gene-15824954-0
None-gene-15852625	35571	3.27e-72	None-gene-15852625-0
None-gene-15875142	7148	6.94e-91	None-gene-15875142-0
None-gene-15882412	35571	3.95e-27	None-gene-15882412-0
None-gene-15900285	265458	4.82e-83	None-gene-15900285-0
None-gene-15901388	7148	1.75e-18	None-gene-15901388-0
None-gene-15907899	7148	9.62e-18	None-gene-15907899-0
None-gene-15922146	35572	3.82e-18	None-gene-15922146-0
None-gene-15927758	41088	4.44e-65	None-gene-15927758-0
None-gene-15933031	41830	4.66e-16	None-gene-15933031-0
None-gene-15945289	33392	2.02e-13	None-gene-15945289-0
None-gene-15946130	33392	3.32e-24	None-gene-15946130-0
None-gene-15962768	33340	4.15e-09	None-gene-15962768-0
None-gene-16009799	35572	2.66e-30	None-gene-16009799-0
None-gene-16040621	35571	1.07e-88	None-gene-16040621-0
None-gene-16062727	35571	8.73e-18	None-gene-16062727-0
None-gene-16076828	7184	4.62e-121	None-gene-16076828-0
None-gene-16076959	33392	6.25e-07	None-gene-16076959-0
None-gene-16086896	35571	4.51e-63	None-gene-16086896-0
None-gene-16099136	33317	5.97e-11	None-gene-16099136-0
None-gene-16099141	35571	1.88e-37	None-gene-16099141-0
None-gene-16111102	35571	2.06e-69	None-gene-16111102-0
None-gene-16128981	35572	3.75e-65	None-gene-16128981-0
None-gene-16135487	35571	5.73e-71	None-gene-16135487-0
None-gene-16146941	35571	1.62e-71	None-gene-16146941-0
None-gene-16163879	35571	2.80e-190	None-gene-16163879-0
None-gene-16213263	35572	1.89e-96	None-gene-16213263-0
None-gene-16218865	392030	6.99e-07	None-gene-16218865-0
None-gene-16237492	7148	2.23e-34	None-gene-16237492-0
None-gene-16237976	7148	2.00e-38	None-gene-16237976-0
None-gene-16250820			None-gene-16250820-0
None-gene-16263080			None-gene-16263080-0
None-gene-16269492	35571	1.74e-40	None-gene-16269492-0
None-gene-16275161	35571	2.74e-17	None-gene-16275161-0
None-gene-16311911	35571	2.39e-61	None-gene-16311911-0
None-gene-16329764	7147	2.28e-13	None-gene-16329764-0
None-gene-16332260	35571	1.07e-45	None-gene-16332260-0
None-gene-16334611	7184	2.65e-77	None-gene-16334611-0
None-gene-16341603	35571	1.75e-182	None-gene-16341603-0
None-gene-16374488	35571	2.95e-49	None-gene-16374488-0
None-gene-16383125			None-gene-16383125-0
None-gene-16398622	35572	8.56e-22	None-gene-16398622-0
None-gene-16406715	35571	7.26e-93	None-gene-16406715-0
None-gene-16420137	35572	1.25e-48	None-gene-16420137-0
None-gene-16420893	543	1.98e-24	None-gene-16420893-0
None-gene-16437411	33392	1.22e-68	None-gene-16437411-0
None-gene-16437479	51655	6.59e-09	None-gene-16437479-0
None-gene-16439269	35572	7.12e-32	None-gene-16439269-0
None-gene-16449042	35571	0.0	None-gene-16449042-0
None-gene-16456351	35571	1.71e-213	None-gene-16456351-0
None-gene-16459336	35571	4.74e-42	None-gene-16459336-0
None-gene-16462776	35571	2.02e-90	None-gene-16462776-0
None-gene-16467905	35571	1.68e-82	None-gene-16467905-0
None-gene-16470540	35571	1.30e-144	None-gene-16470540-0
None-gene-16473835	35571	1.40e-237	None-gene-16473835-0
None-gene-16482003	35571	2.03e-46	None-gene-16482003-0
None-gene-16488743	7396	2.49e-08	None-gene-16488743-0
None-gene-16510158	35571	3.14e-36	None-gene-16510158-0
None-gene-16548707	7148	6.32e-18	None-gene-16548707-0
None-gene-16551934	35571	1.17e-306	None-gene-16551934-0
None-gene-16577467	50385	8.46e-56	None-gene-16577467-0
None-gene-16578596	263140	4.94e-63	None-gene-16578596-0
None-gene-16584582	263140	5.90e-45	None-gene-16584582-0
None-gene-16619871	7148	4.43e-09	None-gene-16619871-0
None-gene-16629413	35571	5.88e-32	None-gene-16629413-0
None-gene-16644277	35571	1.13e-63	None-gene-16644277-0
None-gene-16662351	35571	1.18e-66	None-gene-16662351-0
None-gene-16688649	35571	1.64e-55	None-gene-16688649-0
None-gene-16708746	35571	5.82e-41	None-gene-16708746-0
None-gene-16730071	35571	1.27e-47	None-gene-16730071-0
None-gene-16762924			None-gene-16762924-0
None-gene-16766574	50390	8.09e-16	None-gene-16766574-0
None-gene-16784663	33392	5.08e-47	None-gene-16784663-0
None-gene-16791746	33392	2.89e-16	None-gene-16791746-0
None-gene-16803206			None-gene-16803206-0
None-gene-16818635	35571	2.51e-48	None-gene-16818635-0
None-gene-16823370	35572	5.62e-04	None-gene-16823370-0
None-gene-16839625	158441	2.22e-81	None-gene-16839625-0
None-gene-16862239	35572	4.74e-180	None-gene-16862239-0
None-gene-16862371	143999	2.19e-12	None-gene-16862371-0
None-gene-16990196	35572	5.11e-69	None-gene-16990196-0
None-gene-17027029			None-gene-17027029-0
None-gene-17029304	7148	7.74e-33	None-gene-17029304-0
None-gene-17033808	35571	2.22e-116	None-gene-17033808-0
None-gene-17038011	35571	9.68e-19	None-gene-17038011-0
None-gene-17047435	7147	3.11e-18	None-gene-17047435-0
None-gene-17080502	33392	6.86e-11	None-gene-17080502-0
None-gene-17151410	35571	5.56e-59	None-gene-17151410-0
None-gene-17159807	35571	8.28e-30	None-gene-17159807-0
None-gene-17184067	33392	1.59e-22	None-gene-17184067-0
None-gene-17190444	35571	1.30e-285	None-gene-17190444-0
None-gene-17193316	35571	6.66e-07	None-gene-17193316-0
None-gene-17193338			None-gene-17193338-0
None-gene-17196440	33392	3.95e-41	None-gene-17196440-0
None-gene-17198735	35571	3.18e-227	None-gene-17198735-0
None-gene-17202319	41830	9.21e-94	None-gene-17202319-0
None-gene-17202566			None-gene-17202566-0
None-gene-17204889	35571	1.55e-186	None-gene-17204889-0
None-gene-17209151	35571	1.52e-40	None-gene-17209151-0
None-gene-17216369	200917	9.59e-21	None-gene-17216369-0
None-gene-17243744	35571	6.39e-196	None-gene-17243744-0
None-gene-17249305	35571	6.55e-214	None-gene-17249305-0
None-gene-17257149	35571	3.62e-52	None-gene-17257149-0
None-gene-17262695	35571	8.99e-04	None-gene-17262695-0
None-gene-17267982	35571	6.73e-79	None-gene-17267982-0
None-gene-17270038	35571	4.35e-05	None-gene-17270038-0
None-gene-17270323	33392	3.61e-09	None-gene-17270323-0
None-gene-17273012	35571	1.29e-184	None-gene-17273012-0
None-gene-17274068	35571	2.84e-170	None-gene-17274068-0
None-gene-17288564	35571	1.11e-59	None-gene-17288564-0
None-gene-17301275	35571	2.64e-28	None-gene-17301275-0
None-gene-17303802	35572	7.06e-76	None-gene-17303802-0
None-gene-17317205			None-gene-17317205-0
None-gene-17319994			None-gene-17319994-0
None-gene-17326668	35571	1.14e-105	None-gene-17326668-0
None-gene-17327156	35571	2.40e-13	None-gene-17327156-0
None-gene-17330263	35571	1.92e-51	None-gene-17330263-0
None-gene-17336343	35571	1.15e-61	None-gene-17336343-0
None-gene-17337372	35571	9.12e-37	None-gene-17337372-0
None-gene-17342306			None-gene-17342306-0
None-gene-17348982	35571	2.38e-145	None-gene-17348982-0
None-gene-17350443	33154	5.85e-21	None-gene-17350443-0
None-gene-17351595	7147	2.04e-23	None-gene-17351595-0
None-gene-17356053	35571	0.0	None-gene-17356053-0
None-gene-17368634	35571	3.81e-158	None-gene-17368634-0
None-gene-17376189	35571	0.0	None-gene-17376189-0
None-gene-17387715	35571	5.02e-25	None-gene-17387715-0
None-gene-17391913	35571	8.65e-174	None-gene-17391913-0
None-gene-17393887	158441	2.65e-10	None-gene-17393887-0
None-gene-17396455	35571	1.99e-33	None-gene-17396455-0
None-gene-17408188	35571	3.06e-11	None-gene-17408188-0
None-gene-17408410	573	5.88e-05	None-gene-17408410-0
None-gene-17410144			None-gene-17410144-0
None-gene-17410244	33392	2.94e-04	None-gene-17410244-0
None-gene-17423948	35571	1.07e-53	None-gene-17423948-0
None-gene-17431758	33392	1.09e-54	None-gene-17431758-0
None-gene-17432871	35572	1.64e-69	None-gene-17432871-0
None-gene-17434649	35571	1.11e-238	None-gene-17434649-0
None-gene-17440097	35571	5.53e-87	None-gene-17440097-0
None-gene-17470816	7148	9.34e-21	None-gene-17470816-0
None-gene-17530222	7148	5.78e-68	None-gene-17530222-0
None-gene-17536760	33392	2.66e-16	None-gene-17536760-0
None-gene-17563885	33392	1.11e-67	None-gene-17563885-0
None-gene-17567877	37567	7.31e-24	None-gene-17567877-0
None-gene-17585648	33392	8.22e-33	None-gene-17585648-0
None-gene-17586184	33340	2.32e-15	None-gene-17586184-0
None-gene-17604019	35571	3.49e-31	None-gene-17604019-0
None-gene-17653239	7148	2.36e-32	None-gene-17653239-0
None-gene-17680974	35571	1.66e-47	None-gene-17680974-0
None-gene-17699089	7148	1.17e-51	None-gene-17699089-0
None-gene-17699169	35525	1.61e-05	None-gene-17699169-0
None-gene-17700304	35571	2.93e-27	None-gene-17700304-0
None-gene-17705583	35571	2.66e-37	None-gene-17705583-0
None-gene-17707945	7184	7.78e-40	None-gene-17707945-0
None-gene-17719293	35571	3.60e-11	None-gene-17719293-0
None-gene-17719408	94128	7.10e-08	None-gene-17719408-0
None-gene-17745704	33392	2.00e-16	None-gene-17745704-0
None-gene-17746973	2	1.68e-09	None-gene-17746973-0
None-gene-17747287	7148	6.51e-12	None-gene-17747287-0
None-gene-17753761	35571	3.81e-44	None-gene-17753761-0
None-gene-17777992	35572	7.80e-26	None-gene-17777992-0
None-gene-17812557	35571	2.52e-19	None-gene-17812557-0
None-gene-17820614			None-gene-17820614-0
None-gene-17823482	35571	2.93e-41	None-gene-17823482-0
None-gene-17834903	35572	0.0	None-gene-17834903-0
None-gene-17843235	35572	6.22e-32	None-gene-17843235-0
None-gene-17853567	35571	3.63e-32	None-gene-17853567-0
None-gene-17855201	123368	5.41e-17	None-gene-17855201-0
None-gene-17863477	35571	1.24e-17	None-gene-17863477-0
None-gene-17864310	35571	1.12e-156	None-gene-17864310-0
None-gene-17864660	5518	7.72e-18	None-gene-17864660-0
None-gene-17867991	35571	8.03e-102	None-gene-17867991-0
None-gene-17872336	35572	1.74e-48	None-gene-17872336-0
None-gene-17875718	33392	5.68e-06	None-gene-17875718-0
None-gene-17882464	35571	3.98e-39	None-gene-17882464-0
None-gene-17882975	210409	9.76e-12	None-gene-17882975-0
None-gene-17887251			None-gene-17887251-0
None-gene-17909792	35571	5.53e-146	None-gene-17909792-0
None-gene-17957543	7147	3.33e-16	None-gene-17957543-0
None-gene-17980766	35571	6.50e-140	None-gene-17980766-0
None-gene-17996688	35571	1.15e-54	None-gene-17996688-0
None-gene-18010295	35572	1.11e-18	None-gene-18010295-0
None-gene-18025593	35571	1.33e-109	None-gene-18025593-0
None-gene-18031333	35571	2.77e-189	None-gene-18031333-0
None-gene-18043792	35571	9.00e-115	None-gene-18043792-0
None-gene-18070567	35571	7.74e-88	None-gene-18070567-0
None-gene-18087343	35571	4.70e-237	None-gene-18087343-0
None-gene-18093704	35571	8.15e-202	None-gene-18093704-0
None-gene-18108813	35571	0.0	None-gene-18108813-0
None-gene-18126073	35571	1.12e-115	None-gene-18126073-0
None-gene-18128623	35571	4.45e-60	None-gene-18128623-0
None-gene-18146514	41830	9.63e-36	None-gene-18146514-0
None-gene-18161567	7184	9.95e-82	None-gene-18161567-0
None-gene-18161695	10195	8.09e-09	None-gene-18161695-0
None-gene-18170844	35571	1.04e-37	None-gene-18170844-0
None-gene-18173812	35571	2.33e-108	None-gene-18173812-0
None-gene-18175862			None-gene-18175862-0
None-gene-18176968	35571	3.02e-76	None-gene-18176968-0
None-gene-18181204	35571	2.98e-96	None-gene-18181204-0
None-gene-18186617	35571	7.07e-14	None-gene-18186617-0
None-gene-18189064	35571	5.82e-40	None-gene-18189064-0
None-gene-18190196	35571	2.68e-24	None-gene-18190196-0
None-gene-18191932	35571	1.26e-09	None-gene-18191932-0
None-gene-18192261			None-gene-18192261-0
None-gene-18194803	35571	1.64e-74	None-gene-18194803-0
None-gene-18196098	7147	2.17e-08	None-gene-18196098-0
None-gene-18199211			None-gene-18199211-0
None-gene-18204082	35572	2.19e-17	None-gene-18204082-0
None-gene-18224330	35571	2.37e-36	None-gene-18224330-0
None-gene-18224338			None-gene-18224338-0
None-gene-18240430	35571	3.46e-30	None-gene-18240430-0
None-gene-18254712	35571	2.13e-149	None-gene-18254712-0
None-gene-18262866	35571	1.46e-56	None-gene-18262866-0
None-gene-18276220	35571	1.72e-101	None-gene-18276220-0
None-gene-18285735	35571	1.27e-153	None-gene-18285735-0
None-gene-18291512	35571	3.10e-158	None-gene-18291512-0
None-gene-18293248	35571	5.11e-33	None-gene-18293248-0
None-gene-18302061	35572	2.09e-269	None-gene-18302061-0
None-gene-18352892	35572	7.82e-115	None-gene-18352892-0
None-gene-18353236	2759	1.63e-08	None-gene-18353236-0
None-gene-18354609	2478892	4.22e-04	None-gene-18354609-0
None-gene-18357660	35571	2.64e-55	None-gene-18357660-0
None-gene-18359613	35572	1.65e-12	None-gene-18359613-0
None-gene-18362701	33392	1.22e-10	None-gene-18362701-0
None-gene-18364982	35571	1.28e-36	None-gene-18364982-0
None-gene-18372391	7184	1.44e-69	None-gene-18372391-0
None-gene-18390277	35571	5.56e-46	None-gene-18390277-0
None-gene-18392101			None-gene-18392101-0
None-gene-18400504	41830	3.10e-65	None-gene-18400504-0
None-gene-18402208	35571	4.62e-19	None-gene-18402208-0
None-gene-18409310	35572	6.36e-09	None-gene-18409310-0
None-gene-18409744	48269	3.74e-15	None-gene-18409744-0
None-gene-18412800	35571	1.03e-84	None-gene-18412800-0
None-gene-18417612	6656	1.88e-10	None-gene-18417612-0
None-gene-18432250	35571	1.86e-49	None-gene-18432250-0
None-gene-18442643	35571	5.40e-162	None-gene-18442643-0
None-gene-18451574	35571	2.69e-178	None-gene-18451574-0
None-gene-18453471	35571	2.51e-132	None-gene-18453471-0
None-gene-18457655	35571	0.0	None-gene-18457655-0
None-gene-18471622	35571	5.94e-38	None-gene-18471622-0
None-gene-18493341	35571	1.15e-31	None-gene-18493341-0
None-gene-18494103			None-gene-18494103-0
None-gene-18497483	35571	5.22e-192	None-gene-18497483-0
None-gene-18502272	35571	1.83e-15	None-gene-18502272-0
None-gene-18507504	35571	5.45e-273	None-gene-18507504-0
None-gene-18510492	35571	2.54e-31	None-gene-18510492-0
None-gene-18513535	35571	1.14e-06	None-gene-18513535-0
None-gene-18514784	35571	2.38e-45	None-gene-18514784-0
None-gene-18517257	7148	3.91e-15	None-gene-18517257-0
None-gene-18520555	35572	2.49e-17	None-gene-18520555-0
None-gene-18526468	35572	7.00e-09	None-gene-18526468-0
None-gene-18530832	35571	3.94e-22	None-gene-18530832-0
None-gene-18531529	35571	3.59e-49	None-gene-18531529-0
None-gene-18544637	35571	3.33e-51	None-gene-18544637-0
None-gene-18546549	35571	3.76e-19	None-gene-18546549-0
None-gene-18551392	35571	3.38e-24	None-gene-18551392-0
None-gene-18562570	35571	3.58e-73	None-gene-18562570-0
None-gene-18586283	35571	4.15e-29	None-gene-18586283-0
None-gene-18593608	35571	2.30e-41	None-gene-18593608-0
None-gene-18688213	35572	1.63e-23	None-gene-18688213-0
None-gene-18712973	35571	9.18e-34	None-gene-18712973-0
None-gene-18723749	35571	2.45e-103	None-gene-18723749-0
None-gene-18750767			None-gene-18750767-0
None-gene-18815852	35571	7.59e-35	None-gene-18815852-0
None-gene-18882280	33392	1.01e-14	None-gene-18882280-0
None-gene-18884344	7148	3.55e-10	None-gene-18884344-0
None-gene-18885300	33392	9.03e-09	None-gene-18885300-0
None-gene-18957486	35571	3.55e-43	None-gene-18957486-0
None-gene-18986324	35572	9.48e-11	None-gene-18986324-0
None-gene-19023381	7148	1.97e-58	None-gene-19023381-0
None-gene-19026187	33392	6.14e-19	None-gene-19026187-0
None-gene-19026950	33392	6.02e-26	None-gene-19026950-0
None-gene-19032203	35571	1.08e-49	None-gene-19032203-0
None-gene-19044873	35571	3.59e-116	None-gene-19044873-0
None-gene-19051215	7148	1.90e-84	None-gene-19051215-0
None-gene-19053843	35571	8.23e-18	None-gene-19053843-0
None-gene-19056826	7148	5.33e-25	None-gene-19056826-0
None-gene-19057426	33392	2.66e-11	None-gene-19057426-0
None-gene-19066362	35571	1.22e-116	None-gene-19066362-0
None-gene-19068298			None-gene-19068298-0
None-gene-19071480	407821	1.78e-09	None-gene-19071480-0
None-gene-19083189	35571	1.35e-86	None-gene-19083189-0
None-gene-19112640	41830	1.12e-12	None-gene-19112640-0
None-gene-19112707			None-gene-19112707-0
None-gene-19145522	33392	1.41e-11	None-gene-19145522-0
None-gene-19147601	33340	3.21e-06	None-gene-19147601-0
None-gene-19150505	35572	1.67e-12	None-gene-19150505-0
None-gene-19155754	35572	2.95e-31	None-gene-19155754-0
None-gene-19161279	35571	4.18e-40	None-gene-19161279-0
None-gene-19166939	71814	6.69e-10	None-gene-19166939-0
None-gene-19170989	35571	5.93e-137	None-gene-19170989-0
None-gene-19172336	13347	3.09e-06	None-gene-19172336-0
None-gene-19173635	35571	6.50e-129	None-gene-19173635-0
None-gene-19203148	35571	9.15e-26	None-gene-19203148-0
None-gene-19217426	35572	4.46e-34	None-gene-19217426-0
None-gene-19286796	7147	5.44e-13	None-gene-19286796-0
None-gene-19286964	33392	1.76e-94	None-gene-19286964-0
None-gene-19314066	33392	9.50e-205	None-gene-19314066-0
None-gene-19327585	35571	8.16e-36	None-gene-19327585-0
None-gene-19338990	7148	7.69e-18	None-gene-19338990-0
None-gene-19344651	35571	2.20e-21	None-gene-19344651-0
None-gene-19345231			None-gene-19345231-0
None-gene-19376368	35571	5.66e-20	None-gene-19376368-0
None-gene-19386309	35571	1.07e-148	None-gene-19386309-0
None-gene-19390185	35571	3.39e-47	None-gene-19390185-0
None-gene-19393849			None-gene-19393849-0
None-gene-19409382	35572	2.51e-155	None-gene-19409382-0
None-gene-19411834	7198	5.15e-66	None-gene-19411834-0
None-gene-19416906	35571	1.12e-20	None-gene-19416906-0
None-gene-19419256	35571	7.66e-43	None-gene-19419256-0
None-gene-19421085	35571	3.49e-99	None-gene-19421085-0
None-gene-19422550	35572	8.71e-24	None-gene-19422550-0
None-gene-19429410	35571	6.75e-48	None-gene-19429410-0
None-gene-19440394	35571	2.48e-93	None-gene-19440394-0
None-gene-19475762	35571	3.42e-216	None-gene-19475762-0
None-gene-19484206	35571	1.77e-165	None-gene-19484206-0
None-gene-19488157	35572	1.44e-37	None-gene-19488157-0
None-gene-19492395	35571	4.80e-177	None-gene-19492395-0
None-gene-19509423	33392	4.71e-12	None-gene-19509423-0
None-gene-19514198	35572	8.93e-139	None-gene-19514198-0
None-gene-19519227	35571	4.43e-104	None-gene-19519227-0
None-gene-19532696	35571	6.02e-99	None-gene-19532696-0
None-gene-19539126	35571	3.00e-63	None-gene-19539126-0
None-gene-19543542			None-gene-19543542-0
None-gene-19545222	7148	2.44e-30	None-gene-19545222-0
None-gene-19577607	35571	6.73e-82	None-gene-19577607-0
None-gene-19618973	35571	3.03e-28	None-gene-19618973-0
None-gene-19629464	28612	1.27e-21	None-gene-19629464-0
None-gene-19662440	35571	1.76e-10	None-gene-19662440-0
None-gene-19725453	35571	7.88e-15	None-gene-19725453-0
None-gene-19877670	35571	1.14e-110	None-gene-19877670-0
None-gene-19887874	35571	6.17e-191	None-gene-19887874-0
None-gene-19890925	35571	1.15e-178	None-gene-19890925-0
None-gene-19904770	7148	2.94e-38	None-gene-19904770-0
None-gene-19910294	35571	5.61e-75	None-gene-19910294-0
None-gene-20008866	35571	0.0	None-gene-20008866-0
None-gene-20013245	33392	7.16e-15	None-gene-20013245-0
None-gene-20015385	7184	2.88e-06	None-gene-20015385-0
None-gene-20034079	33392	9.95e-39	None-gene-20034079-0
None-gene-20040550	35572	2.06e-70	None-gene-20040550-0
None-gene-20046410	35571	1.25e-194	None-gene-20046410-0
None-gene-20082697	33392	2.93e-67	None-gene-20082697-0
None-gene-20088286	35571	2.61e-41	None-gene-20088286-0
None-gene-20104735	33392	8.40e-09	None-gene-20104735-0
None-gene-20119045	35571	4.00e-10	None-gene-20119045-0
None-gene-20119221	33392	4.00e-26	None-gene-20119221-0
None-gene-20125392			None-gene-20125392-0
None-gene-20127403	35571	7.08e-105	None-gene-20127403-0
None-gene-20138147	35571	3.11e-186	None-gene-20138147-0
None-gene-20149615	35571	6.44e-45	None-gene-20149615-0
None-gene-20165174	33392	1.66e-09	None-gene-20165174-0
None-gene-20193385			None-gene-20193385-0
None-gene-20205683	35571	1.00e-108	None-gene-20205683-0
None-gene-20210388	33392	1.06e-12	None-gene-20210388-0
None-gene-20235144	33392	2.80e-23	None-gene-20235144-0
None-gene-20247169	33392	5.87e-24	None-gene-20247169-0
None-gene-20248001	33392	4.48e-14	None-gene-20248001-0
None-gene-20266248	35571	2.71e-55	None-gene-20266248-0
None-gene-20296650	35572	7.96e-151	None-gene-20296650-0
None-gene-20367470	158441	1.21e-23	None-gene-20367470-0
None-gene-20386710	41830	1.55e-32	None-gene-20386710-0
None-gene-20389861	35571	8.47e-14	None-gene-20389861-0
None-gene-20408317	158441	1.14e-42	None-gene-20408317-0
None-gene-20408821	35571	3.53e-151	None-gene-20408821-0
None-gene-20415728	35571	1.14e-15	None-gene-20415728-0
None-gene-20429578	35571	1.05e-04	None-gene-20429578-0
None-gene-20441321			None-gene-20441321-0
None-gene-20456277	35571	3.77e-76	None-gene-20456277-0
None-gene-20458284	7148	4.51e-09	None-gene-20458284-0
None-gene-20463217	35571	1.94e-77	None-gene-20463217-0
None-gene-20475073	7148	1.09e-36	None-gene-20475073-0
None-gene-20480840	35572	1.09e-312	None-gene-20480840-0
None-gene-20494444	35571	6.41e-124	None-gene-20494444-0
None-gene-20499662	35571	1.06e-32	None-gene-20499662-0
None-gene-20512234	7184	8.11e-60	None-gene-20512234-0
None-gene-20516782	35571	8.72e-58	None-gene-20516782-0
None-gene-20527609	35571	2.77e-52	None-gene-20527609-0
None-gene-20537793	35571	3.17e-81	None-gene-20537793-0
None-gene-20543176	7184	9.01e-104	None-gene-20543176-0
None-gene-20543480			None-gene-20543480-0
None-gene-20553755	35571	1.40e-30	None-gene-20553755-0
None-gene-20557697	35572	2.96e-15	None-gene-20557697-0
None-gene-20561249	2943436	1.42e-30	None-gene-20561249-0
None-gene-20660698	35571	7.28e-206	None-gene-20660698-0
None-gene-20661383	1265417	1.96e-08	None-gene-20661383-0
None-gene-20670719			None-gene-20670719-0
None-gene-20680886	35571	4.30e-41	None-gene-20680886-0
None-gene-20681435	35571	1.81e-37	None-gene-20681435-0
None-gene-20681513			None-gene-20681513-0
None-gene-20682507	35571	1.68e-122	None-gene-20682507-0
None-gene-20685289	35571	3.95e-43	None-gene-20685289-0
None-gene-20701522			None-gene-20701522-0
None-gene-20718129	35571	9.13e-157	None-gene-20718129-0
None-gene-20745910	35571	1.95e-113	None-gene-20745910-0
None-gene-20781042	33392	1.32e-17	None-gene-20781042-0
None-gene-20781231	33392	5.15e-37	None-gene-20781231-0
None-gene-20781622	33340	1.57e-09	None-gene-20781622-0
None-gene-20790473	33392	4.56e-25	None-gene-20790473-0
None-gene-20791698	35571	1.49e-26	None-gene-20791698-0
None-gene-20818623	35571	3.33e-26	None-gene-20818623-0
None-gene-20832665	35571	0.0	None-gene-20832665-0
None-gene-20841852	35571	8.59e-232	None-gene-20841852-0
None-gene-20847912	35571	9.11e-61	None-gene-20847912-0
None-gene-20865979	33392	5.13e-28	None-gene-20865979-0
None-gene-20868710			None-gene-20868710-0
None-gene-20873092	30033	5.13e-04	None-gene-20873092-0
None-gene-20875076	35571	1.14e-21	None-gene-20875076-0
None-gene-20886964	35571	2.59e-23	None-gene-20886964-0
None-gene-20892239	35571	4.68e-169	None-gene-20892239-0
None-gene-20894081	35571	1.03e-11	None-gene-20894081-0
None-gene-20895966	35571	2.94e-09	None-gene-20895966-0
None-gene-20898869	71814	1.97e-12	None-gene-20898869-0
None-gene-20901312	37567	3.81e-42	None-gene-20901312-0
None-gene-20902245	7147	1.54e-59	None-gene-20902245-0
None-gene-20910867	35571	5.52e-305	None-gene-20910867-0
None-gene-20982765			None-gene-20982765-0
None-gene-20986201	35571	3.83e-196	None-gene-20986201-0
None-gene-20991825	35572	3.50e-13	None-gene-20991825-0
None-gene-20994860			None-gene-20994860-0
None-gene-20998344	1869227	1.97e-63	None-gene-20998344-0
None-gene-21006263	35572	5.21e-21	None-gene-21006263-0
None-gene-21015296	35571	1.75e-134	None-gene-21015296-0
None-gene-21017424	35572	3.25e-280	None-gene-21017424-0
None-gene-21025851	35571	4.69e-14	None-gene-21025851-0
None-gene-21030060	35571	0.0	None-gene-21030060-0
None-gene-21075422	35571	7.80e-75	None-gene-21075422-0
None-gene-21082565	41830	1.21e-15	None-gene-21082565-0
None-gene-21090783	35571	1.47e-114	None-gene-21090783-0
None-gene-21092749			None-gene-21092749-0
None-gene-21096538	35571	1.24e-23	None-gene-21096538-0
None-gene-21099859	35572	7.42e-60	None-gene-21099859-0
None-gene-21116075	35571	1.69e-28	None-gene-21116075-0
None-gene-21146047	33392	2.86e-20	None-gene-21146047-0
None-gene-21146868	35571	9.59e-122	None-gene-21146868-0
None-gene-21149079	35571	2.13e-23	None-gene-21149079-0
None-gene-21154489	35571	2.20e-79	None-gene-21154489-0
None-gene-21161209	35572	3.51e-66	None-gene-21161209-0
None-gene-21175934	35571	3.84e-29	None-gene-21175934-0
None-gene-21182950	33392	4.40e-26	None-gene-21182950-0
None-gene-21197381	35571	2.88e-48	None-gene-21197381-0
None-gene-21198722			None-gene-21198722-0
None-gene-21205490	41830	7.45e-11	None-gene-21205490-0
None-gene-21206542	35571	4.31e-88	None-gene-21206542-0
None-gene-21210055			None-gene-21210055-0
None-gene-21233579			None-gene-21233579-0
None-gene-21236265	35571	3.36e-173	None-gene-21236265-0
None-gene-21238865	35571	6.57e-11	None-gene-21238865-0
None-gene-21240614	7184	3.90e-96	None-gene-21240614-0
None-gene-21252281	35571	3.53e-259	None-gene-21252281-0
None-gene-21276432			None-gene-21276432-0
None-gene-21289506	33392	2.19e-08	None-gene-21289506-0
None-gene-21304430	33392	9.36e-38	None-gene-21304430-0
None-gene-21304929	33392	1.60e-14	None-gene-21304929-0
None-gene-21305495	33392	1.83e-39	None-gene-21305495-0
None-gene-21349977	7148	1.39e-13	None-gene-21349977-0
None-gene-21387671	7148	6.06e-12	None-gene-21387671-0
None-gene-21390567	7184	3.00e-13	None-gene-21390567-0
None-gene-21394541	174621	1.46e-17	None-gene-21394541-0
None-gene-21395763	35571	4.70e-26	None-gene-21395763-0
None-gene-21441329	35571	1.54e-08	None-gene-21441329-0
None-gene-21443351	35571	3.47e-33	None-gene-21443351-0
None-gene-21444218	7184	7.56e-21	None-gene-21444218-0
None-gene-21444457			None-gene-21444457-0
None-gene-21465821	35571	6.08e-78	None-gene-21465821-0
None-gene-21485802	35571	4.05e-33	None-gene-21485802-0
None-gene-21498131	35571	1.87e-104	None-gene-21498131-0
None-gene-21502607	35571	6.01e-173	None-gene-21502607-0
None-gene-21518108	35571	1.17e-97	None-gene-21518108-0
None-gene-21518617	355587	7.32e-07	None-gene-21518617-0
None-gene-21527083	35572	4.74e-46	None-gene-21527083-0
None-gene-21533644			None-gene-21533644-0
None-gene-21541881	7184	1.23e-14	None-gene-21541881-0
None-gene-21548163	35571	3.62e-28	None-gene-21548163-0
None-gene-21576438	35571	6.57e-73	None-gene-21576438-0
None-gene-21583641	28609	1.49e-14	None-gene-21583641-0
None-gene-21584042	7148	1.59e-08	None-gene-21584042-0
None-gene-21600504	35571	1.82e-156	None-gene-21600504-0
None-gene-21600781	520822	2.27e-19	None-gene-21600781-0
None-gene-21611830	35571	3.75e-89	None-gene-21611830-0
None-gene-21612413			None-gene-21612413-0
None-gene-21628288	7148	2.49e-58	None-gene-21628288-0
None-gene-21629215	33392	2.50e-07	None-gene-21629215-0
None-gene-21661102	33392	3.99e-127	None-gene-21661102-0
None-gene-21671734			None-gene-21671734-0
None-gene-21673037	35571	2.44e-54	None-gene-21673037-0
None-gene-21673498			None-gene-21673498-0
None-gene-21678562	35571	1.04e-05	None-gene-21678562-0
None-gene-21682306	35571	1.61e-89	None-gene-21682306-0
None-gene-21682981	35571	8.90e-62	None-gene-21682981-0
None-gene-21683255	35571	6.37e-67	None-gene-21683255-0
None-gene-21690693	35571	6.92e-38	None-gene-21690693-0
None-gene-21698142			None-gene-21698142-0
None-gene-21698484			None-gene-21698484-0
None-gene-21699735			None-gene-21699735-0
None-gene-21701373			None-gene-21701373-0
None-gene-21702441	10195	5.91e-09	None-gene-21702441-0
None-gene-21715661	35571	2.37e-23	None-gene-21715661-0
None-gene-21726567	35571	1.36e-53	None-gene-21726567-0
None-gene-21730325	35571	3.07e-48	None-gene-21730325-0
None-gene-21736061	33392	7.05e-78	None-gene-21736061-0
None-gene-21738653	35571	2.04e-36	None-gene-21738653-0
None-gene-21744209	35571	2.22e-49	None-gene-21744209-0
None-gene-21750985	35571	3.66e-102	None-gene-21750985-0
None-gene-21756260	33392	1.04e-10	None-gene-21756260-0
None-gene-21756592	33392	2.48e-26	None-gene-21756592-0
None-gene-21770150	35571	8.76e-182	None-gene-21770150-0
None-gene-21777901	7184	4.75e-11	None-gene-21777901-0
None-gene-21803412	7184	9.46e-31	None-gene-21803412-0
None-gene-21805855	35571	1.01e-252	None-gene-21805855-0
None-gene-21813765	33392	2.05e-26	None-gene-21813765-0
None-gene-21816843	35571	4.91e-229	None-gene-21816843-0
None-gene-21822453	35571	4.78e-128	None-gene-21822453-0
None-gene-21825584	33392	9.17e-26	None-gene-21825584-0
None-gene-21828221	35571	1.36e-119	None-gene-21828221-0
None-gene-21833259	35572	3.68e-36	None-gene-21833259-0
None-gene-21840304	35571	1.36e-222	None-gene-21840304-0
None-gene-21852875	35571	2.75e-151	None-gene-21852875-0
None-gene-21853057	33392	2.69e-25	None-gene-21853057-0
None-gene-21854015	35571	4.91e-46	None-gene-21854015-0
None-gene-21856980	7184	2.46e-14	None-gene-21856980-0
None-gene-21866003	7184	6.30e-58	None-gene-21866003-0
None-gene-21890021	35571	2.27e-35	None-gene-21890021-0
None-gene-21893170	35571	1.69e-14	None-gene-21893170-0
None-gene-21899549	35571	2.94e-91	None-gene-21899549-0
None-gene-21902421	35571	2.51e-35	None-gene-21902421-0
None-gene-21904305			None-gene-21904305-0
None-gene-21905200	35571	3.95e-162	None-gene-21905200-0
None-gene-21915227	7148	1.34e-11	None-gene-21915227-0
None-gene-21927925	35572	5.76e-113	None-gene-21927925-0
None-gene-21928698			None-gene-21928698-0
None-gene-21935371	35571	2.24e-27	None-gene-21935371-0
None-gene-21935785	33392	6.33e-19	None-gene-21935785-0
None-gene-21951258	1586481	8.40e-04	None-gene-21951258-0
None-gene-21955446			None-gene-21955446-0
None-gene-21957963	35571	5.91e-09	None-gene-21957963-0
None-gene-21972333	35571	6.03e-71	None-gene-21972333-0
None-gene-21972491	323802	1.86e-06	None-gene-21972491-0
None-gene-21976552	35571	9.40e-228	None-gene-21976552-0
None-gene-21982104	2	1.78e-07	None-gene-21982104-0
None-gene-21983511	35571	8.92e-38	None-gene-21983511-0
None-gene-21989387	35571	6.70e-39	None-gene-21989387-0
None-gene-21993003	6656	2.78e-13	None-gene-21993003-0
None-gene-21994815	35571	1.57e-79	None-gene-21994815-0
None-gene-22002817	35571	0.0	None-gene-22002817-0
None-gene-22010163	568069	1.68e-30	None-gene-22010163-0
None-gene-22022826	33392	1.96e-06	None-gene-22022826-0
None-gene-22032127	7184	4.83e-29	None-gene-22032127-0
None-gene-22032170	33392	1.38e-15	None-gene-22032170-0
None-gene-22035725	7148	1.60e-27	None-gene-22035725-0
None-gene-22048669			None-gene-22048669-0
None-gene-22054345	7148	1.47e-15	None-gene-22054345-0
None-gene-22055452	7148	3.77e-28	None-gene-22055452-0
None-gene-22076029	568069	6.33e-27	None-gene-22076029-0
None-gene-22085604	35571	1.78e-293	None-gene-22085604-0
None-gene-22091791			None-gene-22091791-0
None-gene-22099392	35571	2.34e-25	None-gene-22099392-0
None-gene-22102002	35572	9.83e-74	None-gene-22102002-0
None-gene-22116415	35571	7.06e-81	None-gene-22116415-0
None-gene-22138199	35571	2.54e-21	None-gene-22138199-0
None-gene-22140047	35571	1.12e-28	None-gene-22140047-0
None-gene-22151887	7148	6.28e-50	None-gene-22151887-0
None-gene-22158856	7148	2.52e-24	None-gene-22158856-0
None-gene-22178184	7184	2.13e-08	None-gene-22178184-0
None-gene-22195141	35571	7.96e-185	None-gene-22195141-0
None-gene-22198863	33392	1.76e-41	None-gene-22198863-0
None-gene-22203086	33392	2.45e-10	None-gene-22203086-0
None-gene-22203108	471704	8.95e-06	None-gene-22203108-0
None-gene-22203216	33392	7.63e-110	None-gene-22203216-0
None-gene-22207447	35572	4.58e-140	None-gene-22207447-0
None-gene-22214557	35571	2.44e-112	None-gene-22214557-0
None-gene-22223924	35571	1.53e-82	None-gene-22223924-0
None-gene-22238069	35571	2.90e-20	None-gene-22238069-0
None-gene-22255492	35571	1.01e-163	None-gene-22255492-0
None-gene-22260183	41830	1.02e-35	None-gene-22260183-0
None-gene-22263413	35571	6.08e-108	None-gene-22263413-0
None-gene-22277225	35571	6.19e-13	None-gene-22277225-0
None-gene-22279646	35571	3.96e-114	None-gene-22279646-0
None-gene-22281608	35571	2.08e-10	None-gene-22281608-0
None-gene-22285136	35571	5.67e-105	None-gene-22285136-0
None-gene-22288368	35571	1.04e-37	None-gene-22288368-0
None-gene-22289340	35571	6.59e-11	None-gene-22289340-0
None-gene-22303726	35571	2.40e-32	None-gene-22303726-0
None-gene-22306263	35571	2.75e-40	None-gene-22306263-0
None-gene-22330833	2038154	1.19e-13	None-gene-22330833-0
None-gene-22331226	37567	6.25e-13	None-gene-22331226-0
None-gene-22334359	35572	8.05e-14	None-gene-22334359-0
None-gene-22341233	35571	1.15e-100	None-gene-22341233-0
None-gene-22341318	33213	1.14e-11	None-gene-22341318-0
None-gene-22341681	59511	2.81e-22	None-gene-22341681-0
None-gene-22344021			None-gene-22344021-0
None-gene-22345396			None-gene-22345396-0
None-gene-22349399	35571	1.57e-47	None-gene-22349399-0
None-gene-22361319	35572	2.33e-136	None-gene-22361319-0
None-gene-22366156	7149	5.40e-152	None-gene-22366156-0
None-gene-22381138	35571	5.06e-302	None-gene-22381138-0
None-gene-22388811			None-gene-22388811-0
None-gene-22395239	7148	6.83e-30	None-gene-22395239-0
None-gene-22408093	33392	8.18e-19	None-gene-22408093-0
None-gene-22410745	33392	7.68e-11	None-gene-22410745-0
None-gene-22410864	35572	3.63e-08	None-gene-22410864-0
None-gene-22425728	35572	2.75e-44	None-gene-22425728-0
None-gene-22449770	35571	7.10e-237	None-gene-22449770-0
None-gene-22456319	35571	8.39e-40	None-gene-22456319-0
None-gene-22461427	35571	1.18e-26	None-gene-22461427-0
None-gene-22468130			None-gene-22468130-0
None-gene-22473632	35571	0.0	None-gene-22473632-0
None-gene-22485214			None-gene-22485214-0
None-gene-22496001	35571	1.54e-101	None-gene-22496001-0
None-gene-22499378	35571	4.03e-89	None-gene-22499378-0
None-gene-22503233	158441	7.88e-128	None-gene-22503233-0
None-gene-22524664	35571	4.41e-37	None-gene-22524664-0
None-gene-22535474	33392	1.32e-16	None-gene-22535474-0
None-gene-22536229	67767	3.23e-115	None-gene-22536229-0
None-gene-22553502	35571	1.15e-31	None-gene-22553502-0
None-gene-22576607	35571	6.62e-06	None-gene-22576607-0
None-gene-22586512	35571	6.28e-60	None-gene-22586512-0
None-gene-22587697	35572	1.22e-73	None-gene-22587697-0
None-gene-22589908	35571	2.37e-67	None-gene-22589908-0
None-gene-22592525	35572	1.28e-23	None-gene-22592525-0
None-gene-22600161	35571	3.15e-85	None-gene-22600161-0
None-gene-22600877	35571	2.37e-81	None-gene-22600877-0
None-gene-22604705	35571	3.11e-31	None-gene-22604705-0
None-gene-22606754	35571	1.53e-23	None-gene-22606754-0
None-gene-22614063	35571	9.55e-75	None-gene-22614063-0
None-gene-22622181	35571	0.0	None-gene-22622181-0
None-gene-22623824	136037	5.70e-06	None-gene-22623824-0
None-gene-22630411	41830	2.90e-40	None-gene-22630411-0
None-gene-22630457	7148	4.10e-26	None-gene-22630457-0
None-gene-22633107	35571	0.0	None-gene-22633107-0
None-gene-22640583	35571	1.28e-63	None-gene-22640583-0
None-gene-22642470	35571	1.17e-10	None-gene-22642470-0
None-gene-22709705	71814	2.09e-11	None-gene-22709705-0
None-gene-22747083	35572	1.49e-51	None-gene-22747083-0
None-gene-22756139	35571	1.04e-153	None-gene-22756139-0
None-gene-22762476	35571	1.31e-83	None-gene-22762476-0
None-gene-22786907	35571	2.78e-135	None-gene-22786907-0
None-gene-22797103	6656	3.32e-25	None-gene-22797103-0
None-gene-22807142	35571	5.33e-24	None-gene-22807142-0
None-gene-22837249	35571	2.88e-102	None-gene-22837249-0
None-gene-22848679	35571	8.07e-19	None-gene-22848679-0
None-gene-22902665	35571	8.87e-156	None-gene-22902665-0
None-gene-22902796	151549	1.15e-04	None-gene-22902796-0
None-gene-22911603	33392	3.69e-264	None-gene-22911603-0
None-gene-22918386	7184	1.83e-29	None-gene-22918386-0
None-gene-22967568	35571	0.0	None-gene-22967568-0
None-gene-22968394	189913	7.28e-19	None-gene-22968394-0
None-gene-23004408	35571	1.44e-08	None-gene-23004408-0
None-gene-23005440	35571	8.06e-28	None-gene-23005440-0
None-gene-23007346	35571	3.20e-37	None-gene-23007346-0
None-gene-23013933	35572	1.24e-63	None-gene-23013933-0
None-gene-23022998	7148	1.28e-22	None-gene-23022998-0
None-gene-23075763	35571	1.53e-73	None-gene-23075763-0
None-gene-23077944	35572	4.23e-125	None-gene-23077944-0
None-gene-23089739	35571	3.57e-67	None-gene-23089739-0
None-gene-23091545	7147	8.95e-23	None-gene-23091545-0
None-gene-23093467	35571	3.86e-174	None-gene-23093467-0
None-gene-23139160	7148	3.71e-05	None-gene-23139160-0
None-gene-23140947	35571	5.80e-58	None-gene-23140947-0
None-gene-23148709	35571	2.78e-48	None-gene-23148709-0
None-gene-23165174	35571	1.40e-05	None-gene-23165174-0
None-gene-23170226	35571	5.16e-28	None-gene-23170226-0
None-gene-23174772	35571	6.15e-154	None-gene-23174772-0
None-gene-23179412	35571	6.04e-85	None-gene-23179412-0
None-gene-23182250	35571	2.86e-234	None-gene-23182250-0
None-gene-23186260			None-gene-23186260-0
None-gene-23192667	35572	1.71e-191	None-gene-23192667-0
None-gene-23208336	35571	2.25e-49	None-gene-23208336-0
None-gene-23217826	35571	7.21e-187	None-gene-23217826-0
None-gene-23218721	33392	1.75e-13	None-gene-23218721-0
None-gene-23225649	35571	3.94e-154	None-gene-23225649-0
None-gene-23230346			None-gene-23230346-0
None-gene-23234295	35571	1.05e-12	None-gene-23234295-0
None-gene-23247782	41830	8.53e-18	None-gene-23247782-0
None-gene-23257381	35572	2.15e-04	None-gene-23257381-0
None-gene-23268394	35572	3.86e-08	None-gene-23268394-0
None-gene-23272279	35572	3.39e-14	None-gene-23272279-0
None-gene-23282008	35571	5.54e-172	None-gene-23282008-0
None-gene-23285909	35571	5.33e-68	None-gene-23285909-0
None-gene-23289750	35571	3.92e-89	None-gene-23289750-0
None-gene-23302031	35571	7.07e-156	None-gene-23302031-0
None-gene-23328352	35571	0.0	None-gene-23328352-0
None-gene-23329249	210409	9.71e-08	None-gene-23329249-0
None-gene-23331825	35572	1.38e-12	None-gene-23331825-0
None-gene-23339675	35571	7.23e-28	None-gene-23339675-0
None-gene-23348075	35572	4.01e-94	None-gene-23348075-0
None-gene-23356481	35571	2.13e-128	None-gene-23356481-0
None-gene-23362654	35571	2.76e-119	None-gene-23362654-0
None-gene-23424652	33392	3.72e-16	None-gene-23424652-0
None-gene-23435459			None-gene-23435459-0
None-gene-23580874	7184	1.29e-158	None-gene-23580874-0
None-gene-23588928	35571	2.53e-72	None-gene-23588928-0
None-gene-23603880	7147	3.06e-26	None-gene-23603880-0
None-gene-23604359	7147	3.55e-15	None-gene-23604359-0
None-gene-23605926	35571	1.43e-112	None-gene-23605926-0
None-gene-23610039	35571	1.20e-27	None-gene-23610039-0
None-gene-23625833	33392	3.18e-74	None-gene-23625833-0
None-gene-23632621	446045	1.67e-23	None-gene-23632621-0
None-gene-23637733	35571	7.28e-37	None-gene-23637733-0
None-gene-23661546	35571	3.08e-135	None-gene-23661546-0
None-gene-23668723	35571	3.67e-96	None-gene-23668723-0
None-gene-23674067	63057	4.90e-21	None-gene-23674067-0
None-gene-23683519	35571	2.18e-30	None-gene-23683519-0
None-gene-23693432			None-gene-23693432-0
None-gene-23696739	35571	4.09e-52	None-gene-23696739-0
None-gene-23699490	7148	1.12e-95	None-gene-23699490-0
None-gene-23701657	7148	1.91e-14	None-gene-23701657-0
None-gene-23703367	35571	2.45e-39	None-gene-23703367-0
None-gene-23712248	35571	4.85e-12	None-gene-23712248-0
None-gene-23717803	33392	4.74e-16	None-gene-23717803-0
None-gene-23720410	35571	4.35e-132	None-gene-23720410-0
None-gene-23724327	35571	4.40e-60	None-gene-23724327-0
None-gene-23728185	35571	3.22e-26	None-gene-23728185-0
None-gene-23732865	35571	1.30e-118	None-gene-23732865-0
None-gene-23753622	35571	1.53e-18	None-gene-23753622-0
None-gene-23759205			None-gene-23759205-0
None-gene-23762826	35571	1.33e-41	None-gene-23762826-0
None-gene-23766668	35571	6.99e-61	None-gene-23766668-0
None-gene-23776907	35571	2.18e-31	None-gene-23776907-0
None-gene-23787906			None-gene-23787906-0
None-gene-23795865	35571	8.31e-109	None-gene-23795865-0
None-gene-23798465	35572	6.57e-25	None-gene-23798465-0
None-gene-23824263	7054	2.29e-49	None-gene-23824263-0
None-gene-23828039	35571	9.20e-19	None-gene-23828039-0
None-gene-23835327	35572	2.97e-41	None-gene-23835327-0
None-gene-23839742			None-gene-23839742-0
None-gene-23842889	35571	1.54e-83	None-gene-23842889-0
None-gene-23856338			None-gene-23856338-0
None-gene-23858333	35571	1.39e-66	None-gene-23858333-0
None-gene-23864092	35571	3.17e-68	None-gene-23864092-0
None-gene-23906213	35571	4.25e-37	None-gene-23906213-0
None-gene-23923842	35571	1.92e-23	None-gene-23923842-0
None-gene-23931261	35571	7.64e-224	None-gene-23931261-0
None-gene-23946013	35571	1.95e-186	None-gene-23946013-0
None-gene-23949446	35571	4.57e-41	None-gene-23949446-0
None-gene-23950875	33392	7.70e-29	None-gene-23950875-0
None-gene-23953405	35571	4.77e-78	None-gene-23953405-0
None-gene-23954967	7184	5.78e-49	None-gene-23954967-0
None-gene-23955924	35571	8.02e-14	None-gene-23955924-0
None-gene-23957364	35571	3.95e-89	None-gene-23957364-0
None-gene-23968289	35571	4.34e-05	None-gene-23968289-0
None-gene-23970980			None-gene-23970980-0
None-gene-23978726	35571	5.05e-04	None-gene-23978726-0
None-gene-23981436	188477	5.26e-16	None-gene-23981436-0
None-gene-23990082	35571	1.30e-05	None-gene-23990082-0
None-gene-23992314	35571	1.15e-62	None-gene-23992314-0
None-gene-24001408	7184	4.62e-27	None-gene-24001408-0
None-gene-24002985	33392	1.83e-12	None-gene-24002985-0
None-gene-24005643	35571	1.14e-173	None-gene-24005643-0
None-gene-24011877	35571	0.0	None-gene-24011877-0
None-gene-24014591	7375	3.36e-17	None-gene-24014591-0
None-gene-24021911	7148	2.66e-40	None-gene-24021911-0
None-gene-24022403	7148	1.22e-20	None-gene-24022403-0
None-gene-24024077	35572	1.14e-41	None-gene-24024077-0
None-gene-24024951	35571	1.43e-262	None-gene-24024951-0
None-gene-24029983	35572	1.87e-35	None-gene-24029983-0
None-gene-24035921	35571	9.24e-32	None-gene-24035921-0
None-gene-24064947	41088	4.71e-46	None-gene-24064947-0
None-gene-24072543	35571	3.04e-172	None-gene-24072543-0
None-gene-24082049	35571	3.02e-138	None-gene-24082049-0
None-gene-24089819	35571	4.51e-83	None-gene-24089819-0
None-gene-24096014	35571	1.67e-35	None-gene-24096014-0
None-gene-24103892	35571	9.01e-07	None-gene-24103892-0
None-gene-24126105	33392	2.09e-09	None-gene-24126105-0
None-gene-24129281	35571	0.0	None-gene-24129281-0
None-gene-24136583	35571	2.27e-21	None-gene-24136583-0
None-gene-24146537	35572	1.99e-54	None-gene-24146537-0
None-gene-24158477	33392	9.26e-38	None-gene-24158477-0
None-gene-24165100	33392	1.72e-07	None-gene-24165100-0
None-gene-24165247	7148	1.47e-33	None-gene-24165247-0
None-gene-24168563	239	1.37e-10	None-gene-24168563-0
None-gene-24168870	7147	1.79e-75	None-gene-24168870-0
None-gene-24168910	6333	7.38e-17	None-gene-24168910-0
None-gene-24182868	35572	9.85e-59	None-gene-24182868-0
None-gene-24251368	35572	2.98e-14	None-gene-24251368-0
None-gene-24392606	7184	6.64e-10	None-gene-24392606-0
None-gene-24400807	35571	2.37e-88	None-gene-24400807-0
None-gene-24407569	41830	4.26e-35	None-gene-24407569-0
None-gene-24408943	35571	1.14e-23	None-gene-24408943-0
None-gene-24410954	35571	1.54e-73	None-gene-24410954-0
None-gene-24416376	33392	7.18e-83	None-gene-24416376-0
None-gene-24418517	35571	1.40e-39	None-gene-24418517-0
None-gene-24434953	35571	6.13e-79	None-gene-24434953-0
None-gene-24441027	35571	3.61e-129	None-gene-24441027-0
None-gene-24442642			None-gene-24442642-0
None-gene-24447512	33392	1.35e-18	None-gene-24447512-0
None-gene-24447868	33392	3.37e-28	None-gene-24447868-0
None-gene-24452730	35571	6.24e-243	None-gene-24452730-0
None-gene-24460587	33392	3.57e-35	None-gene-24460587-0
None-gene-24468684	35571	3.05e-39	None-gene-24468684-0
None-gene-24480109	7184	1.05e-59	None-gene-24480109-0
None-gene-24481515			None-gene-24481515-0
None-gene-24486135	41830	5.10e-22	None-gene-24486135-0
None-gene-24486491	74926	1.34e-08	None-gene-24486491-0
None-gene-24492109	35571	3.81e-34	None-gene-24492109-0
None-gene-24503524	35571	1.77e-73	None-gene-24503524-0
None-gene-24509687	35571	4.32e-74	None-gene-24509687-0
None-gene-24509779	7396	1.31e-07	None-gene-24509779-0
None-gene-24516318	35572	1.50e-72	None-gene-24516318-0
None-gene-24525665	7148	4.42e-08	None-gene-24525665-0
None-gene-24575806	35571	2.33e-32	None-gene-24575806-0
None-gene-24585453	35571	1.55e-25	None-gene-24585453-0
None-gene-24589487	7184	6.94e-48	None-gene-24589487-0
None-gene-24590948	623744	7.66e-07	None-gene-24590948-0
None-gene-24594562			None-gene-24594562-0
None-gene-24595138			None-gene-24595138-0
None-gene-24603959	35571	2.36e-151	None-gene-24603959-0
None-gene-24615395	7184	1.48e-27	None-gene-24615395-0
None-gene-24629395	35571	3.39e-33	None-gene-24629395-0
None-gene-24635572	35571	1.06e-174	None-gene-24635572-0
None-gene-24639935	35571	2.21e-107	None-gene-24639935-0
None-gene-24641183	33392	3.90e-37	None-gene-24641183-0
None-gene-24642601	7148	6.04e-07	None-gene-24642601-0
None-gene-24645421	35571	4.99e-24	None-gene-24645421-0
None-gene-24646401	35571	2.03e-22	None-gene-24646401-0
None-gene-24654357	35571	9.45e-156	None-gene-24654357-0
None-gene-24656232	35571	3.98e-212	None-gene-24656232-0
None-gene-24657675			None-gene-24657675-0
None-gene-24661251	35571	1.35e-23	None-gene-24661251-0
None-gene-24670952	35571	2.88e-203	None-gene-24670952-0
None-gene-24684214			None-gene-24684214-0
None-gene-24684790	1213189	3.37e-04	None-gene-24684790-0
None-gene-24688417	35571	7.85e-51	None-gene-24688417-0
None-gene-24691525	35572	8.36e-99	None-gene-24691525-0
None-gene-24715415	35571	1.14e-249	None-gene-24715415-0
None-gene-24727026	7148	1.21e-27	None-gene-24727026-0
None-gene-24727464	317549	2.18e-04	None-gene-24727464-0
None-gene-24728221	33213	4.32e-05	None-gene-24728221-0
None-gene-24729139	35571	1.06e-43	None-gene-24729139-0
None-gene-24743807			None-gene-24743807-0
None-gene-24744652	33392	1.10e-24	None-gene-24744652-0
None-gene-24761044	33392	1.39e-43	None-gene-24761044-0
None-gene-24764853	174621	6.07e-11	None-gene-24764853-0
None-gene-24770171	7375	9.54e-51	None-gene-24770171-0
None-gene-24814511	35571	2.30e-306	None-gene-24814511-0
None-gene-24822012	35571	2.45e-27	None-gene-24822012-0
None-gene-24827108	35572	2.09e-21	None-gene-24827108-0
None-gene-24829691	35571	7.49e-27	None-gene-24829691-0
None-gene-24841183	35571	6.62e-55	None-gene-24841183-0
None-gene-24846143	35572	6.61e-43	None-gene-24846143-0
None-gene-24874961	35571	2.09e-68	None-gene-24874961-0
None-gene-24887608	103775	3.01e-18	None-gene-24887608-0
None-gene-24907226	35572	1.28e-23	None-gene-24907226-0
None-gene-24908452	35571	1.79e-17	None-gene-24908452-0
None-gene-24934083	35571	3.97e-24	None-gene-24934083-0
None-gene-24955415	35571	2.79e-34	None-gene-24955415-0
None-gene-24980892	33392	9.62e-28	None-gene-24980892-0
None-gene-24994127	35571	3.12e-11	None-gene-24994127-0
None-gene-25010388	7148	6.22e-24	None-gene-25010388-0
None-gene-25042054	41830	2.90e-06	None-gene-25042054-0
None-gene-25046493	33392	1.45e-127	None-gene-25046493-0
None-gene-25046906	197043	4.77e-11	None-gene-25046906-0
None-gene-25050477	35571	1.45e-32	None-gene-25050477-0
None-gene-25051604	33392	8.51e-157	None-gene-25051604-0
None-gene-25052082	33392	1.69e-04	None-gene-25052082-0
None-gene-25062978	33392	4.81e-33	None-gene-25062978-0
None-gene-25063659	33392	6.01e-09	None-gene-25063659-0
None-gene-25066237	33392	5.93e-15	None-gene-25066237-0
None-gene-25071398	35571	2.13e-221	None-gene-25071398-0
None-gene-25074645	7148	1.73e-20	None-gene-25074645-0
None-gene-25075239	33392	1.19e-05	None-gene-25075239-0
None-gene-25078341	35572	5.55e-21	None-gene-25078341-0
None-gene-25081213	35571	1.67e-25	None-gene-25081213-0
None-gene-25089661			None-gene-25089661-0
None-gene-25111225	35571	4.88e-100	None-gene-25111225-0
None-gene-25115369	35571	1.43e-168	None-gene-25115369-0
None-gene-25120980	35571	1.47e-242	None-gene-25120980-0
None-gene-25124436	41830	5.12e-40	None-gene-25124436-0
None-gene-25124464	33392	1.69e-18	None-gene-25124464-0
None-gene-25128418	35571	3.69e-46	None-gene-25128418-0
None-gene-25156579	35571	7.76e-127	None-gene-25156579-0
None-gene-25162818			None-gene-25162818-0
None-gene-25171988	35572	5.68e-12	None-gene-25171988-0
None-gene-25180947	35572	6.15e-05	None-gene-25180947-0
None-gene-25180993	95170	8.07e-19	None-gene-25180993-0
None-gene-25188304	33392	3.70e-14	None-gene-25188304-0
None-gene-25189700			None-gene-25189700-0
None-gene-25192727	35571	2.97e-16	None-gene-25192727-0
None-gene-25206621			None-gene-25206621-0
None-gene-25250376	35571	4.47e-29	None-gene-25250376-0
None-gene-25256951	33392	4.13e-53	None-gene-25256951-0
None-gene-25257689	37567	3.03e-05	None-gene-25257689-0
None-gene-25275370	35571	4.09e-78	None-gene-25275370-0
None-gene-25309147	7184	6.35e-53	None-gene-25309147-0
None-gene-25309573			None-gene-25309573-0
None-gene-25313679	41830	2.61e-21	None-gene-25313679-0
None-gene-25338005	35572	1.10e-27	None-gene-25338005-0
None-gene-25353481	35572	1.89e-56	None-gene-25353481-0
None-gene-25361792	35571	3.04e-33	None-gene-25361792-0
None-gene-25483083	35572	1.18e-34	None-gene-25483083-0
None-gene-25500075	35571	3.09e-62	None-gene-25500075-0
None-gene-25511509	35571	2.41e-17	None-gene-25511509-0
None-gene-25517713	35571	2.64e-80	None-gene-25517713-0
None-gene-25573795	41830	5.17e-42	None-gene-25573795-0
None-gene-25583461	33340	7.90e-12	None-gene-25583461-0
None-gene-25583782	85823	2.03e-09	None-gene-25583782-0
None-gene-25601921			None-gene-25601921-0
None-gene-25645248	35572	7.20e-08	None-gene-25645248-0
None-gene-25647596	158441	1.02e-42	None-gene-25647596-0
None-gene-25649234	35571	1.29e-53	None-gene-25649234-0
None-gene-25651610	35571	3.41e-288	None-gene-25651610-0
None-gene-25657086	35571	5.10e-54	None-gene-25657086-0
None-gene-25671887	35572	1.27e-68	None-gene-25671887-0
None-gene-25672359	33392	2.32e-12	None-gene-25672359-0
None-gene-25687884	107213	9.35e-25	None-gene-25687884-0
None-gene-25696688	35571	1.36e-37	None-gene-25696688-0
None-gene-25729190	33392	3.74e-13	None-gene-25729190-0
None-gene-25761094	35572	1.41e-104	None-gene-25761094-0
None-gene-25769712	35571	3.01e-28	None-gene-25769712-0
None-gene-25793098	35572	1.64e-178	None-gene-25793098-0
None-gene-25839060	35572	3.27e-08	None-gene-25839060-0
None-gene-25857293	35571	1.78e-109	None-gene-25857293-0
None-gene-25870191	35571	1.53e-35	None-gene-25870191-0
None-gene-25875885	35572	2.86e-97	None-gene-25875885-0
None-gene-25876623	35571	7.02e-04	None-gene-25876623-0
None-gene-25883733	35571	6.90e-74	None-gene-25883733-0
None-gene-25891245	35571	8.69e-24	None-gene-25891245-0
None-gene-25893654	35571	0.0	None-gene-25893654-0
None-gene-25898782	35571	1.30e-164	None-gene-25898782-0
None-gene-25902447	35571	0.0	None-gene-25902447-0
None-gene-25909309	7148	3.27e-274	None-gene-25909309-0
None-gene-25923105	35572	1.80e-31	None-gene-25923105-0
None-gene-25935185	35572	8.23e-94	None-gene-25935185-0
None-gene-25936051	1762	1.11e-04	None-gene-25936051-0
None-gene-25941511	35572	6.22e-21	None-gene-25941511-0
None-gene-25966625	35571	1.19e-17	None-gene-25966625-0
None-gene-25966911	37567	3.32e-20	None-gene-25966911-0
None-gene-25977949	35571	1.05e-17	None-gene-25977949-0
None-gene-26008017	35572	2.23e-64	None-gene-26008017-0
None-gene-26036597	35571	3.15e-279	None-gene-26036597-0
None-gene-26052756	35571	3.42e-41	None-gene-26052756-0
None-gene-26056697	35571	9.85e-33	None-gene-26056697-0
None-gene-26057152	7147	2.36e-33	None-gene-26057152-0
None-gene-26058555	35571	1.50e-39	None-gene-26058555-0
None-gene-26068060	35571	4.66e-76	None-gene-26068060-0
None-gene-26081243	35571	1.97e-33	None-gene-26081243-0
None-gene-26087054	35571	3.79e-27	None-gene-26087054-0
None-gene-26134468	35571	6.61e-91	None-gene-26134468-0
None-gene-26171910	35571	2.41e-114	None-gene-26171910-0
None-gene-26183503	33392	1.22e-15	None-gene-26183503-0
None-gene-26196242	7148	1.04e-37	None-gene-26196242-0
None-gene-26243670	1979941	2.16e-67	None-gene-26243670-0
None-gene-26291493	33392	6.58e-33	None-gene-26291493-0
None-gene-26291557	37567	6.16e-09	None-gene-26291557-0
None-gene-26292326	33392	5.13e-18	None-gene-26292326-0
None-gene-26307790	7148	1.31e-06	None-gene-26307790-0
None-gene-26328206	41830	1.08e-17	None-gene-26328206-0
None-gene-26350073	35571	1.10e-24	None-gene-26350073-0
None-gene-26371917	35571	6.32e-45	None-gene-26371917-0
None-gene-26388227	33392	2.51e-23	None-gene-26388227-0
None-gene-26426483	35571	3.17e-98	None-gene-26426483-0
None-gene-26432455	33392	7.01e-19	None-gene-26432455-0
None-gene-26445631	35571	1.27e-122	None-gene-26445631-0
None-gene-26473655	35571	1.86e-08	None-gene-26473655-0
None-gene-26486358	35571	5.78e-181	None-gene-26486358-0
None-gene-26491342	35571	7.12e-38	None-gene-26491342-0
None-gene-26501234	35571	1.76e-227	None-gene-26501234-0
None-gene-26512240	35571	1.66e-200	None-gene-26512240-0
None-gene-26528088			None-gene-26528088-0
None-gene-26532520	35571	2.18e-142	None-gene-26532520-0
None-gene-26536785			None-gene-26536785-0
None-gene-26537192	35571	2.21e-11	None-gene-26537192-0
None-gene-26540795	35571	1.31e-146	None-gene-26540795-0
None-gene-26557549	35571	2.69e-60	None-gene-26557549-0
None-gene-26563733	35571	5.18e-06	None-gene-26563733-0
None-gene-26567309	35571	5.24e-16	None-gene-26567309-0
None-gene-26572824	35571	1.06e-12	None-gene-26572824-0
None-gene-26578672	6656	6.76e-121	None-gene-26578672-0
None-gene-26579614	6656	1.38e-31	None-gene-26579614-0
None-gene-26601151	35571	2.86e-92	None-gene-26601151-0
None-gene-26611961	35571	2.61e-106	None-gene-26611961-0
None-gene-26626637	35571	3.22e-41	None-gene-26626637-0
None-gene-26720332	35571	8.05e-221	None-gene-26720332-0
None-gene-26731652	35571	4.68e-19	None-gene-26731652-0
None-gene-26732158	35571	8.31e-35	None-gene-26732158-0
None-gene-26741511	35571	1.15e-32	None-gene-26741511-0
None-gene-26742847	35572	6.55e-04	None-gene-26742847-0
None-gene-26750520	35571	1.07e-07	None-gene-26750520-0
None-gene-26761117	35571	1.34e-112	None-gene-26761117-0
None-gene-26783664	35571	1.90e-18	None-gene-26783664-0
None-gene-26798331	35571	1.23e-71	None-gene-26798331-0
None-gene-26800612	163118	1.05e-33	None-gene-26800612-0
None-gene-26804001	200917	1.04e-24	None-gene-26804001-0
None-gene-26815953	34720	1.94e-13	None-gene-26815953-0
None-gene-26832318	35571	1.20e-136	None-gene-26832318-0
None-gene-26869307	780	8.37e-07	None-gene-26869307-0
None-gene-26893186	35571	7.37e-20	None-gene-26893186-0
None-gene-26915361	35571	1.07e-18	None-gene-26915361-0
None-gene-26930544			None-gene-26930544-0
None-gene-26939112	35571	7.36e-30	None-gene-26939112-0
None-gene-26945568	35571	1.02e-108	None-gene-26945568-0
None-gene-26947277			None-gene-26947277-0
None-gene-26961722	35571	6.29e-48	None-gene-26961722-0
None-gene-27107465	72530	1.26e-43	None-gene-27107465-0
None-gene-27143754	35571	8.05e-75	None-gene-27143754-0
None-gene-27178829	35571	8.69e-28	None-gene-27178829-0
None-gene-27196319	35571	7.75e-10	None-gene-27196319-0
None-gene-27198948	33392	5.92e-15	None-gene-27198948-0
None-gene-27222178	35571	2.10e-17	None-gene-27222178-0
None-gene-27240989	35572	0.0	None-gene-27240989-0
None-gene-27252675			None-gene-27252675-0
None-gene-27253083			None-gene-27253083-0
None-gene-27254563	7396	6.17e-08	None-gene-27254563-0
None-gene-27263687	35571	1.19e-25	None-gene-27263687-0
None-gene-27268264	35572	5.84e-20	None-gene-27268264-0
None-gene-27271574	35571	7.62e-20	None-gene-27271574-0
None-gene-27278438	35571	6.23e-66	None-gene-27278438-0
None-gene-27281644			None-gene-27281644-0
None-gene-27328386	35571	1.22e-76	None-gene-27328386-0
None-gene-27337772	35572	5.87e-45	None-gene-27337772-0
None-gene-27355799	35571	6.55e-60	None-gene-27355799-0
None-gene-27374315	263140	3.24e-21	None-gene-27374315-0
None-gene-27378376	263140	5.11e-55	None-gene-27378376-0
None-gene-27380395	35572	1.58e-60	None-gene-27380395-0
None-gene-27381661	35572	5.21e-98	None-gene-27381661-0
None-gene-27426710			None-gene-27426710-0
None-gene-27538870	7184	9.20e-27	None-gene-27538870-0
None-gene-27554826	7148	1.06e-14	None-gene-27554826-0
None-gene-27567992	35571	4.34e-134	None-gene-27567992-0
None-gene-27584941	35571	3.88e-55	None-gene-27584941-0
None-gene-27586074	143999	5.99e-12	None-gene-27586074-0
None-gene-27587771			None-gene-27587771-0
None-gene-27597281	35571	1.41e-278	None-gene-27597281-0
None-gene-27609006	35571	7.50e-42	None-gene-27609006-0
None-gene-27612007	35572	2.07e-30	None-gene-27612007-0
None-gene-27616853	35571	2.84e-66	None-gene-27616853-0
None-gene-27617876	35571	1.23e-31	None-gene-27617876-0
None-gene-27621282	35571	4.31e-191	None-gene-27621282-0
None-gene-27632183	35571	6.39e-311	None-gene-27632183-0
None-gene-27643396	35571	9.06e-17	None-gene-27643396-0
None-gene-27654527	35571	0.0	None-gene-27654527-0
None-gene-27668130	35571	1.65e-146	None-gene-27668130-0
None-gene-27674313	35571	3.58e-85	None-gene-27674313-0
None-gene-27683556			None-gene-27683556-0
None-gene-27688753	35571	8.62e-91	None-gene-27688753-0
None-gene-27710316	35571	2.43e-20	None-gene-27710316-0
None-gene-27716542	35571	2.50e-257	None-gene-27716542-0
None-gene-27746993	35571	1.10e-96	None-gene-27746993-0
None-gene-27757688	35571	9.92e-29	None-gene-27757688-0
None-gene-27817944	35571	6.50e-79	None-gene-27817944-0
None-gene-27832034	35571	0.0	None-gene-27832034-0
None-gene-27846165	35571	1.48e-81	None-gene-27846165-0
None-gene-27846750	35571	1.62e-08	None-gene-27846750-0
None-gene-27851004	35571	4.73e-37	None-gene-27851004-0
None-gene-27858611	35571	2.96e-211	None-gene-27858611-0
None-gene-27859472	7148	1.04e-38	None-gene-27859472-0
None-gene-27860734	7147	6.66e-09	None-gene-27860734-0
None-gene-27871798	35571	1.33e-33	None-gene-27871798-0
None-gene-27876461	35571	1.33e-40	None-gene-27876461-0
None-gene-27881752	35571	1.15e-215	None-gene-27881752-0
None-gene-27891700	35571	1.02e-59	None-gene-27891700-0
None-gene-27900153	35571	6.13e-46	None-gene-27900153-0
None-gene-27905483	35571	1.33e-105	None-gene-27905483-0
None-gene-27906165			None-gene-27906165-0
None-gene-27907109	35571	8.19e-75	None-gene-27907109-0
None-gene-27919733	2038154	1.20e-20	None-gene-27919733-0
None-gene-27921834	35571	1.95e-54	None-gene-27921834-0
None-gene-27928359	35572	9.45e-106	None-gene-27928359-0
None-gene-27934092	35571	1.35e-44	None-gene-27934092-0
None-gene-27939883	35571	7.87e-269	None-gene-27939883-0
None-gene-27940150			None-gene-27940150-0
None-gene-27941268	210409	6.79e-11	None-gene-27941268-0
None-gene-27943145	33392	7.85e-13	None-gene-27943145-0
None-gene-27960466	35571	0.0	None-gene-27960466-0
None-gene-27962809	35571	4.90e-56	None-gene-27962809-0
None-gene-27966385	35572	4.64e-27	None-gene-27966385-0
None-gene-27976019	35571	0.0	None-gene-27976019-0
None-gene-27976219	51543	4.55e-08	None-gene-27976219-0
None-gene-27977844	369265	2.77e-08	None-gene-27977844-0
None-gene-27978630	2594250	7.33e-33	None-gene-27978630-0
None-gene-27989530	35572	2.34e-37	None-gene-27989530-0
None-gene-28017703	7148	7.10e-33	None-gene-28017703-0
None-gene-28025920	35571	3.34e-71	None-gene-28025920-0
None-gene-28040566	35571	3.55e-41	None-gene-28040566-0
None-gene-28046803	35571	1.47e-45	None-gene-28046803-0
None-gene-28051236	35571	1.35e-40	None-gene-28051236-0
None-gene-28053939	33392	2.88e-18	None-gene-28053939-0
None-gene-28058291	35571	2.85e-279	None-gene-28058291-0
None-gene-28059348	10195	8.32e-06	None-gene-28059348-0
None-gene-28059975	256729	2.19e-12	None-gene-28059975-0
None-gene-28073501	35571	2.81e-38	None-gene-28073501-0
None-gene-28081865	35571	5.80e-39	None-gene-28081865-0
None-gene-28085198	35572	4.90e-30	None-gene-28085198-0
None-gene-28087175	35571	2.82e-73	None-gene-28087175-0
None-gene-28090361	35571	2.41e-16	None-gene-28090361-0
None-gene-28092251	35571	1.39e-28	None-gene-28092251-0
None-gene-28093798			None-gene-28093798-0
None-gene-28130701	35571	3.54e-27	None-gene-28130701-0
None-gene-28133225	35571	5.53e-27	None-gene-28133225-0
None-gene-28168570			None-gene-28168570-0
None-gene-28209826	6978	1.74e-39	None-gene-28209826-0
None-gene-28245401	35572	1.64e-130	None-gene-28245401-0
None-gene-28287175	35571	2.48e-52	None-gene-28287175-0
None-gene-28292244	197043	1.72e-09	None-gene-28292244-0
None-gene-28327705	35571	1.00e-129	None-gene-28327705-0
None-gene-28333448			None-gene-28333448-0
None-gene-28339913	35571	1.57e-37	None-gene-28339913-0
None-gene-28352620	33317	2.60e-05	None-gene-28352620-0
None-gene-28360162	35571	2.29e-53	None-gene-28360162-0
None-gene-28360344	71275	4.54e-12	None-gene-28360344-0
None-gene-28378089	7147	4.07e-45	None-gene-28378089-0
None-gene-28405707	265458	7.22e-103	None-gene-28405707-0
None-gene-28407076	35571	3.19e-28	None-gene-28407076-0
None-gene-28413588	7184	1.06e-12	None-gene-28413588-0
None-gene-28431889	35571	3.44e-14	None-gene-28431889-0
None-gene-28434265	50385	2.85e-65	None-gene-28434265-0
None-gene-28435078	33392	1.04e-63	None-gene-28435078-0
None-gene-28452452	35571	4.07e-118	None-gene-28452452-0
None-gene-28504171	35571	2.26e-76	None-gene-28504171-0
None-gene-28507069	35571	2.16e-97	None-gene-28507069-0
None-gene-28522256	7184	2.14e-31	None-gene-28522256-0
None-gene-28522327	2	5.76e-08	None-gene-28522327-0
None-gene-28535769	7496	3.63e-09	None-gene-28535769-0
None-gene-28539285	35572	4.57e-60	None-gene-28539285-0
None-gene-28545693	35571	4.13e-27	None-gene-28545693-0
None-gene-28556328	35571	2.83e-48	None-gene-28556328-0
None-gene-28556413	52283	1.76e-12	None-gene-28556413-0
None-gene-28563071	35571	8.61e-262	None-gene-28563071-0
None-gene-28563088	471704	1.43e-12	None-gene-28563088-0
None-gene-28563686			None-gene-28563686-0
None-gene-28566102			None-gene-28566102-0
None-gene-28585318	35571	4.48e-98	None-gene-28585318-0
None-gene-28600588	35571	4.00e-119	None-gene-28600588-0
None-gene-28618959	35571	1.56e-22	None-gene-28618959-0
None-gene-28629664	35571	1.12e-168	None-gene-28629664-0
None-gene-28641811	35571	1.91e-31	None-gene-28641811-0
None-gene-28666595	35571	1.48e-15	None-gene-28666595-0
None-gene-28667470	307491	1.13e-26	None-gene-28667470-0
None-gene-28674910	35571	1.19e-18	None-gene-28674910-0
None-gene-28677121	35571	9.59e-08	None-gene-28677121-0
None-gene-28707248	35572	1.32e-32	None-gene-28707248-0
None-gene-28723757	7148	1.25e-12	None-gene-28723757-0
None-gene-28732926	35572	6.03e-45	None-gene-28732926-0
None-gene-28737544			None-gene-28737544-0
None-gene-28739853	35571	1.97e-98	None-gene-28739853-0
None-gene-28742918	545124	1.88e-13	None-gene-28742918-0
None-gene-28765176	35571	5.44e-74	None-gene-28765176-0
None-gene-28782760	35571	4.73e-100	None-gene-28782760-0
None-gene-28790603			None-gene-28790603-0
None-gene-28794315	35571	7.75e-43	None-gene-28794315-0
None-gene-28798257	35571	4.79e-66	None-gene-28798257-0
None-gene-28810115			None-gene-28810115-0
None-gene-28811627	35571	1.32e-153	None-gene-28811627-0
None-gene-28828959			None-gene-28828959-0
None-gene-28841338	35571	5.97e-138	None-gene-28841338-0
None-gene-28845362	35571	3.10e-62	None-gene-28845362-0
None-gene-28850131	35571	1.21e-245	None-gene-28850131-0
None-gene-28888260	33392	5.15e-30	None-gene-28888260-0
None-gene-28891948	33392	1.02e-17	None-gene-28891948-0
None-gene-28896729	35571	1.56e-36	None-gene-28896729-0
None-gene-28933385	35571	2.07e-86	None-gene-28933385-0
None-gene-28963921	35571	2.11e-54	None-gene-28963921-0
None-gene-28974582	33392	9.95e-27	None-gene-28974582-0
None-gene-28975047	7184	8.38e-20	None-gene-28975047-0
None-gene-28997266	35571	4.78e-89	None-gene-28997266-0
None-gene-28999904	35571	9.53e-67	None-gene-28999904-0
None-gene-29004824	33392	1.74e-10	None-gene-29004824-0
None-gene-29012390	35571	7.59e-195	None-gene-29012390-0
None-gene-29013337	200917	1.86e-18	None-gene-29013337-0
None-gene-29018295	33392	1.69e-15	None-gene-29018295-0
None-gene-29026714	35571	9.37e-218	None-gene-29026714-0
None-gene-29029977	33392	1.19e-04	None-gene-29029977-0
None-gene-29031432	35571	3.76e-136	None-gene-29031432-0
None-gene-29034741	35571	8.54e-43	None-gene-29034741-0
None-gene-29037081	35571	2.30e-26	None-gene-29037081-0
None-gene-29038524	35571	1.98e-18	None-gene-29038524-0
None-gene-29038809	369265	5.30e-06	None-gene-29038809-0
None-gene-29039859			None-gene-29039859-0
None-gene-29042823	35571	2.80e-26	None-gene-29042823-0
None-gene-29043849	6934	3.72e-10	None-gene-29043849-0
None-gene-29044725	35571	2.30e-29	None-gene-29044725-0
None-gene-29046599	1265417	9.77e-10	None-gene-29046599-0
None-gene-29053346	35571	1.62e-18	None-gene-29053346-0
None-gene-29108884	7148	2.01e-31	None-gene-29108884-0
None-gene-29134411	71814	9.98e-21	None-gene-29134411-0
None-gene-29161510	33392	3.25e-49	None-gene-29161510-0
None-gene-29170576	35571	1.60e-11	None-gene-29170576-0
None-gene-29174767	35572	9.46e-15	None-gene-29174767-0
None-gene-29200944	33392	3.64e-07	None-gene-29200944-0
None-gene-29201097	33392	7.78e-08	None-gene-29201097-0
None-gene-29201233	33392	6.93e-59	None-gene-29201233-0
None-gene-29229949	7184	2.19e-09	None-gene-29229949-0
None-gene-29241907	7184	4.36e-14	None-gene-29241907-0
None-gene-29250972	35571	0.0	None-gene-29250972-0
None-gene-29259546	35571	1.50e-113	None-gene-29259546-0
None-gene-29260708	35571	3.37e-267	None-gene-29260708-0
None-gene-29264405	35571	1.03e-36	None-gene-29264405-0
None-gene-29271862	35572	1.25e-77	None-gene-29271862-0
None-gene-29290220	35571	6.09e-40	None-gene-29290220-0
None-gene-29316637	35571	8.50e-160	None-gene-29316637-0
None-gene-29327453	7148	1.94e-14	None-gene-29327453-0
None-gene-29349937	35571	4.70e-28	None-gene-29349937-0
None-gene-29386369	41830	6.85e-15	None-gene-29386369-0
None-gene-29387562	33392	5.30e-26	None-gene-29387562-0
None-gene-29416735	35571	4.84e-112	None-gene-29416735-0
None-gene-29490656	41830	3.03e-13	None-gene-29490656-0
None-gene-29494323	35571	1.58e-88	None-gene-29494323-0
None-gene-29495944	35571	1.21e-46	None-gene-29495944-0
None-gene-29500426	35571	1.76e-66	None-gene-29500426-0
None-gene-29507055	41830	2.71e-294	None-gene-29507055-0
None-gene-29507683			None-gene-29507683-0
None-gene-29550198	35572	1.24e-66	None-gene-29550198-0
None-gene-29560106	6072	3.17e-48	None-gene-29560106-0
None-gene-29561250	33340	2.05e-11	None-gene-29561250-0
None-gene-29568541	33392	9.05e-28	None-gene-29568541-0
None-gene-29568898	33392	9.94e-12	None-gene-29568898-0
None-gene-29599046	35571	4.05e-39	None-gene-29599046-0
None-gene-29622975	33392	1.43e-12	None-gene-29622975-0
None-gene-29635135	33392	1.91e-59	None-gene-29635135-0
None-gene-29638812	158441	3.41e-62	None-gene-29638812-0
None-gene-29724613	71814	2.76e-30	None-gene-29724613-0
None-gene-29765872	7147	1.22e-06	None-gene-29765872-0
None-gene-29770449	37567	5.51e-74	None-gene-29770449-0
None-gene-29817686	35571	2.78e-248	None-gene-29817686-0
None-gene-29842390	35571	2.77e-23	None-gene-29842390-0
None-gene-29863988	35571	1.65e-35	None-gene-29863988-0
None-gene-29868956	35571	1.26e-45	None-gene-29868956-0
None-gene-29879358	35571	1.83e-96	None-gene-29879358-0
None-gene-29887596	35571	4.78e-17	None-gene-29887596-0
None-gene-29891457	7148	7.92e-18	None-gene-29891457-0
None-gene-29896162	35571	5.57e-56	None-gene-29896162-0
None-gene-29898922			None-gene-29898922-0
None-gene-29912773	35571	7.17e-13	None-gene-29912773-0
None-gene-29915431	35571	1.05e-12	None-gene-29915431-0
None-gene-29919094	35571	5.77e-06	None-gene-29919094-0
None-gene-29930422	35572	1.34e-20	None-gene-29930422-0
None-gene-29938126	35571	0.0	None-gene-29938126-0
None-gene-29962903	7148	9.93e-15	None-gene-29962903-0
None-gene-29967015	41830	2.17e-14	None-gene-29967015-0
None-gene-29967346	41830	6.37e-11	None-gene-29967346-0
None-gene-29975523	33392	1.78e-24	None-gene-29975523-0
None-gene-29982913	35571	2.46e-47	None-gene-29982913-0
None-gene-29996590	35571	8.68e-17	None-gene-29996590-0
None-gene-30037853	35571	1.95e-226	None-gene-30037853-0
None-gene-30047777	35571	4.36e-35	None-gene-30047777-0
None-gene-30062768	35571	3.10e-95	None-gene-30062768-0
None-gene-30078034	35572	7.99e-73	None-gene-30078034-0
None-gene-30084398	35572	1.10e-58	None-gene-30084398-0
None-gene-30087658	35572	2.90e-114	None-gene-30087658-0
None-gene-30090410	35572	5.85e-16	None-gene-30090410-0
None-gene-30096854	35571	3.80e-82	None-gene-30096854-0
None-gene-30098360			None-gene-30098360-0
None-gene-30105366	35571	6.77e-17	None-gene-30105366-0
None-gene-30108662	35571	7.02e-52	None-gene-30108662-0
None-gene-30123251	35571	0.0	None-gene-30123251-0
None-gene-30146795	7184	1.66e-18	None-gene-30146795-0
None-gene-30175663	41830	6.18e-203	None-gene-30175663-0
None-gene-30176481	10195	1.72e-15	None-gene-30176481-0
None-gene-30176887	197562	6.56e-27	None-gene-30176887-0
None-gene-30179279			None-gene-30179279-0
None-gene-30184696	35571	4.31e-81	None-gene-30184696-0
None-gene-30187213	35571	3.98e-97	None-gene-30187213-0
None-gene-30198522	35571	1.49e-153	None-gene-30198522-0
None-gene-30199005			None-gene-30199005-0
None-gene-30211269			None-gene-30211269-0
None-gene-30227134	265458	1.50e-28	None-gene-30227134-0
None-gene-30236298	35571	3.25e-93	None-gene-30236298-0
None-gene-30240854	35571	5.03e-30	None-gene-30240854-0
None-gene-30244174	35571	7.49e-103	None-gene-30244174-0
None-gene-30247777	35571	3.25e-113	None-gene-30247777-0
None-gene-30254167			None-gene-30254167-0
None-gene-30290467	35571	2.27e-230	None-gene-30290467-0
None-gene-30297766	7148	8.00e-29	None-gene-30297766-0
None-gene-30302069	35571	1.90e-248	None-gene-30302069-0
None-gene-30309114	35572	1.72e-21	None-gene-30309114-0
None-gene-30313505	35571	5.40e-22	None-gene-30313505-0
None-gene-30314550	35571	4.72e-44	None-gene-30314550-0
None-gene-30321698	35571	2.13e-39	None-gene-30321698-0
None-gene-30348472	35571	1.26e-11	None-gene-30348472-0
None-gene-30351768	35571	4.82e-205	None-gene-30351768-0
None-gene-30354381	35571	1.79e-74	None-gene-30354381-0
None-gene-30355060	35571	3.46e-260	None-gene-30355060-0
None-gene-30366058	35571	3.26e-17	None-gene-30366058-0
None-gene-30366865	7184	7.07e-131	None-gene-30366865-0
None-gene-30367212			None-gene-30367212-0
None-gene-30368876			None-gene-30368876-0
None-gene-30369601	210409	2.41e-08	None-gene-30369601-0
None-gene-30374427	35571	7.76e-116	None-gene-30374427-0
None-gene-30380755	35571	2.03e-23	None-gene-30380755-0
None-gene-30386591	35571	4.25e-191	None-gene-30386591-0
None-gene-30396577	35571	2.07e-53	None-gene-30396577-0
None-gene-30401440			None-gene-30401440-0
None-gene-30408719	35571	3.98e-13	None-gene-30408719-0
None-gene-30408739			None-gene-30408739-0
None-gene-30415840	35571	1.92e-75	None-gene-30415840-0
None-gene-30433549	35571	1.06e-239	None-gene-30433549-0
None-gene-30453551	35571	1.45e-17	None-gene-30453551-0
None-gene-30491703	35571	1.03e-53	None-gene-30491703-0
None-gene-30514265	35571	3.89e-33	None-gene-30514265-0
None-gene-30536838	35571	1.09e-182	None-gene-30536838-0
None-gene-30538230	7184	1.57e-14	None-gene-30538230-0
None-gene-30578692	33392	6.29e-07	None-gene-30578692-0
None-gene-30584651	263140	1.69e-12	None-gene-30584651-0
None-gene-30609112	35571	3.31e-170	None-gene-30609112-0
None-gene-30619703	35571	1.78e-51	None-gene-30619703-0
None-gene-30648246	35571	5.23e-34	None-gene-30648246-0
None-gene-30656161			None-gene-30656161-0
None-gene-30675146	35571	4.18e-11	None-gene-30675146-0
None-gene-30779640	35571	3.51e-141	None-gene-30779640-0
None-gene-30783849	35571	5.44e-114	None-gene-30783849-0
None-gene-30786354			None-gene-30786354-0
None-gene-30787412	35571	2.96e-180	None-gene-30787412-0
None-gene-30795494	35571	2.52e-149	None-gene-30795494-0
None-gene-30799375	33392	9.46e-62	None-gene-30799375-0
None-gene-30811333	35571	4.38e-158	None-gene-30811333-0
None-gene-30830358	35571	1.54e-127	None-gene-30830358-0
None-gene-30833917	33392	1.57e-89	None-gene-30833917-0
None-gene-30842159	35571	5.03e-11	None-gene-30842159-0
None-gene-30852643	35571	3.96e-107	None-gene-30852643-0
None-gene-30859263	35571	7.40e-155	None-gene-30859263-0
None-gene-30864564	35571	2.41e-53	None-gene-30864564-0
None-gene-30864592			None-gene-30864592-0
None-gene-30865458	71814	8.61e-45	None-gene-30865458-0
None-gene-30895904	7148	1.37e-05	None-gene-30895904-0
None-gene-30910539	35571	6.70e-04	None-gene-30910539-0
None-gene-30922958	35572	1.49e-26	None-gene-30922958-0
None-gene-30933066	35571	9.96e-141	None-gene-30933066-0
None-gene-30946378	7148	2.09e-22	None-gene-30946378-0
None-gene-30947467	35571	8.53e-132	None-gene-30947467-0
None-gene-30958834	35571	9.35e-58	None-gene-30958834-0
None-gene-30972165	35572	1.86e-33	None-gene-30972165-0
None-gene-31006531	7148	1.19e-61	None-gene-31006531-0
None-gene-31028960	41830	3.77e-74	None-gene-31028960-0
None-gene-31039368	35571	1.51e-29	None-gene-31039368-0
None-gene-31040105	35571	7.20e-169	None-gene-31040105-0
None-gene-31046698			None-gene-31046698-0
None-gene-31046705	35571	4.87e-48	None-gene-31046705-0
None-gene-31066954	35571	4.10e-57	None-gene-31066954-0
None-gene-31066955			None-gene-31066955-0
None-gene-31084391	7148	1.39e-30	None-gene-31084391-0
None-gene-31085232	35571	1.15e-20	None-gene-31085232-0
None-gene-31092267	35571	7.55e-72	None-gene-31092267-0
None-gene-31112158	7148	7.13e-17	None-gene-31112158-0
None-gene-31115634	35571	2.39e-27	None-gene-31115634-0
None-gene-31116190	35571	5.55e-33	None-gene-31116190-0
None-gene-31116245			None-gene-31116245-0
None-gene-31128623	35572	1.98e-12	None-gene-31128623-0
None-gene-31132173	35571	4.25e-67	None-gene-31132173-0
None-gene-31137865	35571	2.02e-27	None-gene-31137865-0
None-gene-31139291	35571	1.46e-46	None-gene-31139291-0
None-gene-31141256	71814	1.40e-28	None-gene-31141256-0
None-gene-31146460	35571	2.35e-28	None-gene-31146460-0
None-gene-31153237	35571	2.96e-35	None-gene-31153237-0
None-gene-31187992			None-gene-31187992-0
None-gene-31188461	33392	4.39e-09	None-gene-31188461-0
None-gene-31206019	35571	2.52e-87	None-gene-31206019-0
None-gene-31234701	35571	3.80e-52	None-gene-31234701-0
None-gene-31244509	35571	3.03e-20	None-gene-31244509-0
None-gene-31253356	35571	5.24e-65	None-gene-31253356-0
None-gene-31271530	35571	2.88e-22	None-gene-31271530-0
None-gene-31279694	35572	2.11e-13	None-gene-31279694-0
None-gene-31283353			None-gene-31283353-0
None-gene-31284888	35572	6.36e-225	None-gene-31284888-0
None-gene-31289835	7184	1.97e-95	None-gene-31289835-0
None-gene-31296817	35572	2.74e-20	None-gene-31296817-0
None-gene-31299741	35571	3.92e-17	None-gene-31299741-0
None-gene-31312735	41830	8.85e-08	None-gene-31312735-0
None-gene-31313664	7184	5.72e-98	None-gene-31313664-0
None-gene-31328671	35572	7.80e-74	None-gene-31328671-0
None-gene-31329659	35572	1.52e-145	None-gene-31329659-0
None-gene-31334052	7184	4.16e-208	None-gene-31334052-0
None-gene-31334255			None-gene-31334255-0
None-gene-31334517			None-gene-31334517-0
None-gene-31334675	1262450	2.04e-58	None-gene-31334675-0
None-gene-31335522			None-gene-31335522-0
None-gene-31391913	7148	9.54e-13	None-gene-31391913-0
None-gene-31401283	33392	7.25e-60	None-gene-31401283-0
None-gene-31446720	7148	2.71e-32	None-gene-31446720-0
None-gene-31450939	50385	5.39e-04	None-gene-31450939-0
None-gene-31453617	35571	8.50e-79	None-gene-31453617-0
None-gene-31577269	2943436	1.59e-15	None-gene-31577269-0
None-gene-31580636	35571	3.82e-58	None-gene-31580636-0
None-gene-31588980	35571	4.13e-30	None-gene-31588980-0
None-gene-31596688	35571	2.86e-29	None-gene-31596688-0
None-gene-31596991	35571	5.73e-53	None-gene-31596991-0
None-gene-31604587	35571	4.92e-92	None-gene-31604587-0
None-gene-31772076	7148	1.27e-40	None-gene-31772076-0
None-gene-31776414	35571	3.31e-19	None-gene-31776414-0
None-gene-31834892	35571	2.27e-11	None-gene-31834892-0
None-gene-31849816	13686	7.71e-35	None-gene-31849816-0
None-gene-31849896	157069	1.17e-04	None-gene-31849896-0
None-gene-31850185	33392	1.09e-266	None-gene-31850185-0
None-gene-31851216	8355	2.52e-12	None-gene-31851216-0
None-gene-31852221	51655	3.86e-14	None-gene-31852221-0
None-gene-31874546	35572	2.48e-14	None-gene-31874546-0
None-gene-31874946	43786	5.46e-17	None-gene-31874946-0
None-gene-31898855	33317	3.25e-07	None-gene-31898855-0
None-gene-31899202	33392	1.57e-17	None-gene-31899202-0
None-gene-31917225	35571	2.51e-42	None-gene-31917225-0
None-gene-31934791	35571	1.67e-42	None-gene-31934791-0
None-gene-31967944	33392	4.48e-17	None-gene-31967944-0
None-gene-31969588	7148	2.59e-09	None-gene-31969588-0
None-gene-31969826	7160	1.23e-79	None-gene-31969826-0
None-gene-32002888	35571	4.65e-34	None-gene-32002888-0
None-gene-32017183	33415	1.01e-97	None-gene-32017183-0
None-gene-32020091	33392	3.10e-10	None-gene-32020091-0
None-gene-32045687	35571	4.79e-186	None-gene-32045687-0
None-gene-32055681	33392	1.31e-59	None-gene-32055681-0
None-gene-32056882	33392	5.58e-41	None-gene-32056882-0
None-gene-32069905	35572	2.20e-12	None-gene-32069905-0
None-gene-32070594	33392	2.07e-09	None-gene-32070594-0
None-gene-32074887	35571	1.97e-56	None-gene-32074887-0
None-gene-32084045	7184	2.88e-10	None-gene-32084045-0
None-gene-32084829	35571	8.46e-08	None-gene-32084829-0
None-gene-32089094	35571	2.13e-37	None-gene-32089094-0
None-gene-32091750	35571	2.53e-155	None-gene-32091750-0
None-gene-32093274	33392	5.29e-23	None-gene-32093274-0
None-gene-32093675	50385	3.86e-17	None-gene-32093675-0
None-gene-32102014			None-gene-32102014-0
None-gene-32108486	41830	2.16e-23	None-gene-32108486-0
None-gene-32112278	33392	1.56e-15	None-gene-32112278-0
None-gene-32113176			None-gene-32113176-0
None-gene-32143551	37567	1.58e-06	None-gene-32143551-0
None-gene-32151844	35571	1.30e-98	None-gene-32151844-0
None-gene-32165592	35571	8.38e-190	None-gene-32165592-0
None-gene-32165630	230148	5.74e-19	None-gene-32165630-0
None-gene-32179133	35571	1.79e-87	None-gene-32179133-0
None-gene-32182589			None-gene-32182589-0
None-gene-32187911	35571	3.38e-27	None-gene-32187911-0
None-gene-32192388	35571	2.67e-49	None-gene-32192388-0
None-gene-32204235			None-gene-32204235-0
None-gene-32211879	41830	1.16e-109	None-gene-32211879-0
None-gene-32215052	7184	3.89e-225	None-gene-32215052-0
None-gene-32220566			None-gene-32220566-0
None-gene-32227049	35571	1.06e-277	None-gene-32227049-0
None-gene-32252331	35571	4.76e-29	None-gene-32252331-0
None-gene-32269795	35571	3.88e-153	None-gene-32269795-0
None-gene-32277977	35571	5.48e-266	None-gene-32277977-0
None-gene-32278371	33392	2.38e-07	None-gene-32278371-0
None-gene-32278524	33392	8.71e-09	None-gene-32278524-0
None-gene-32285272	35572	1.62e-30	None-gene-32285272-0
None-gene-32291428	35571	3.99e-226	None-gene-32291428-0
None-gene-32295460	35571	6.78e-23	None-gene-32295460-0
None-gene-32295902	7184	1.29e-109	None-gene-32295902-0
None-gene-32318797	2023360	1.79e-17	None-gene-32318797-0
None-gene-32329082	33317	1.42e-06	None-gene-32329082-0
None-gene-32336079	7213	2.37e-20	None-gene-32336079-0
None-gene-32337165	35572	2.49e-88	None-gene-32337165-0
None-gene-32337500			None-gene-32337500-0
None-gene-32359292	35571	7.22e-19	None-gene-32359292-0
None-gene-32376003	35571	2.15e-13	None-gene-32376003-0
None-gene-32383498	35571	2.66e-137	None-gene-32383498-0
None-gene-32390518	903466	8.55e-27	None-gene-32390518-0
None-gene-32399788	35571	6.98e-275	None-gene-32399788-0
None-gene-32426042	35571	5.88e-33	None-gene-32426042-0
None-gene-32465624	7148	5.47e-10	None-gene-32465624-0
None-gene-32477258	35571	5.60e-41	None-gene-32477258-0
None-gene-32491361	35571	1.64e-22	None-gene-32491361-0
None-gene-32503818	35572	1.73e-10	None-gene-32503818-0
None-gene-32531296	35571	4.29e-13	None-gene-32531296-0
None-gene-32546668	35571	1.94e-129	None-gene-32546668-0
None-gene-32549014	33392	8.21e-10	None-gene-32549014-0
None-gene-32556499	7147	8.00e-08	None-gene-32556499-0
None-gene-32557123	33392	2.58e-25	None-gene-32557123-0
None-gene-32570868	35571	8.60e-27	None-gene-32570868-0
None-gene-32637729	33392	2.44e-08	None-gene-32637729-0
None-gene-32640319	35571	6.40e-12	None-gene-32640319-0
None-gene-32642407	35571	1.45e-26	None-gene-32642407-0
None-gene-32642628	35571	1.26e-129	None-gene-32642628-0
None-gene-32661468	35571	8.38e-25	None-gene-32661468-0
None-gene-32676289	35571	4.70e-12	None-gene-32676289-0
None-gene-32685057	35571	9.60e-60	None-gene-32685057-0
None-gene-32685800	35571	9.86e-30	None-gene-32685800-0
None-gene-32690633	35571	2.85e-247	None-gene-32690633-0
None-gene-32693977	35571	1.84e-76	None-gene-32693977-0
None-gene-32706023	35572	1.88e-35	None-gene-32706023-0
None-gene-32717009	33392	4.44e-43	None-gene-32717009-0
None-gene-32719352	35571	3.77e-72	None-gene-32719352-0
None-gene-32723108	35571	4.66e-186	None-gene-32723108-0
None-gene-32728590	35571	3.87e-231	None-gene-32728590-0
None-gene-32732797	158441	7.53e-77	None-gene-32732797-0
None-gene-32734158	35571	2.31e-197	None-gene-32734158-0
None-gene-32741483	39272	1.46e-15	None-gene-32741483-0
None-gene-32747283	35571	2.84e-171	None-gene-32747283-0
None-gene-32751100	33392	1.86e-24	None-gene-32751100-0
None-gene-32757857	35571	8.03e-150	None-gene-32757857-0
None-gene-32762551	7148	7.71e-12	None-gene-32762551-0
None-gene-32763484	72530	5.42e-07	None-gene-32763484-0
None-gene-32778970	7148	7.58e-18	None-gene-32778970-0
None-gene-32789894	35571	1.68e-64	None-gene-32789894-0
None-gene-32817202	35571	4.52e-48	None-gene-32817202-0
None-gene-32822428	33392	6.58e-12	None-gene-32822428-0
None-gene-32824444			None-gene-32824444-0
None-gene-32859496	33392	9.32e-176	None-gene-32859496-0
None-gene-32910971	35572	3.82e-41	None-gene-32910971-0
None-gene-32944283	35571	2.67e-52	None-gene-32944283-0
None-gene-32966611	35572	1.90e-08	None-gene-32966611-0
None-gene-32993710	33392	3.40e-28	None-gene-32993710-0
None-gene-32994504	7148	6.14e-09	None-gene-32994504-0
None-gene-33017973	35571	1.40e-15	None-gene-33017973-0
None-gene-33032134	35571	2.44e-41	None-gene-33032134-0
None-gene-33051478	7148	4.79e-10	None-gene-33051478-0
None-gene-33064209	35571	2.47e-18	None-gene-33064209-0
None-gene-33083921			None-gene-33083921-0
None-gene-33161030	7203	6.84e-18	None-gene-33161030-0
None-gene-33162209			None-gene-33162209-0
None-gene-33164516	35571	2.99e-135	None-gene-33164516-0
None-gene-33187389	35571	7.42e-19	None-gene-33187389-0
None-gene-33203492	35571	4.63e-49	None-gene-33203492-0
None-gene-33206810	35571	1.25e-65	None-gene-33206810-0
None-gene-33212443	35572	1.07e-147	None-gene-33212443-0
None-gene-33217226	35571	4.94e-18	None-gene-33217226-0
None-gene-33223695	35571	3.33e-48	None-gene-33223695-0
None-gene-33225704			None-gene-33225704-0
None-gene-33234625			None-gene-33234625-0
None-gene-33250059	35571	1.27e-40	None-gene-33250059-0
None-gene-33267216	35571	1.19e-12	None-gene-33267216-0
None-gene-33286535			None-gene-33286535-0
None-gene-33286860	51655	7.67e-07	None-gene-33286860-0
None-gene-33289280	197562	2.49e-10	None-gene-33289280-0
None-gene-33293121	35571	4.41e-112	None-gene-33293121-0
None-gene-33294067	35571	2.84e-120	None-gene-33294067-0
None-gene-33302563			None-gene-33302563-0
None-gene-33307743	35571	1.10e-13	None-gene-33307743-0
None-gene-33315424	35572	3.77e-34	None-gene-33315424-0
None-gene-33319262	35571	7.07e-97	None-gene-33319262-0
None-gene-33327623	7147	2.37e-22	None-gene-33327623-0
None-gene-33328925	35571	6.78e-31	None-gene-33328925-0
None-gene-33407981	35571	4.60e-50	None-gene-33407981-0
None-gene-33417419	35571	2.01e-76	None-gene-33417419-0
None-gene-33456351			None-gene-33456351-0
None-gene-33501277	50385	5.17e-04	None-gene-33501277-0
None-gene-33516897	33392	5.92e-13	None-gene-33516897-0
None-gene-33528449	33392	1.19e-68	None-gene-33528449-0
None-gene-33573948	35571	1.15e-17	None-gene-33573948-0
None-gene-33589219	7147	7.78e-44	None-gene-33589219-0
None-gene-33596890	7148	3.67e-11	None-gene-33596890-0
None-gene-33613168	33392	4.67e-09	None-gene-33613168-0
None-gene-33613863	7184	4.15e-13	None-gene-33613863-0
None-gene-33629995	7148	1.11e-22	None-gene-33629995-0
None-gene-33648831	7147	1.55e-11	None-gene-33648831-0
None-gene-33701301	7148	1.03e-11	None-gene-33701301-0
None-gene-33744513	35571	1.24e-168	None-gene-33744513-0
None-gene-33821813	7147	8.67e-17	None-gene-33821813-0
None-gene-33822051	7147	1.21e-37	None-gene-33822051-0
None-gene-33871248	121845	2.65e-46	None-gene-33871248-0
None-gene-33888479	33340	2.00e-29	None-gene-33888479-0
None-gene-33893075	35571	2.47e-90	None-gene-33893075-0
None-gene-33922448	35571	6.99e-190	None-gene-33922448-0
None-gene-33957039	41088	1.45e-75	None-gene-33957039-0
None-gene-33970559	7184	1.95e-09	None-gene-33970559-0
None-gene-33991510			None-gene-33991510-0
None-gene-34043455	35571	4.75e-105	None-gene-34043455-0
None-gene-34050662	35571	4.26e-41	None-gene-34050662-0
None-gene-34055128	33392	1.32e-10	None-gene-34055128-0
None-gene-34069672	7184	8.96e-10	None-gene-34069672-0
None-gene-34080827	35571	2.68e-165	None-gene-34080827-0
None-gene-34093506	35571	9.11e-15	None-gene-34093506-0
None-gene-34104426	35571	1.01e-31	None-gene-34104426-0
None-gene-34110736	35572	2.92e-43	None-gene-34110736-0
None-gene-34118324	35571	5.45e-138	None-gene-34118324-0
None-gene-34123818			None-gene-34123818-0
None-gene-34129402	35571	2.69e-26	None-gene-34129402-0
None-gene-34137114	35571	8.46e-41	None-gene-34137114-0
None-gene-34151232	35571	1.27e-30	None-gene-34151232-0
None-gene-34159529	35571	3.15e-151	None-gene-34159529-0
None-gene-34174042	35571	7.99e-78	None-gene-34174042-0
None-gene-34178811	35571	3.75e-72	None-gene-34178811-0
None-gene-34182039	35572	1.41e-14	None-gene-34182039-0
None-gene-34189819			None-gene-34189819-0
None-gene-34196767			None-gene-34196767-0
None-gene-34197611	35571	9.64e-50	None-gene-34197611-0
None-gene-34205887	35571	9.16e-130	None-gene-34205887-0
None-gene-34231159			None-gene-34231159-0
None-gene-34233224	35571	3.07e-23	None-gene-34233224-0
None-gene-34243771	35571	2.19e-181	None-gene-34243771-0
None-gene-34249362	35571	9.74e-218	None-gene-34249362-0
None-gene-34282646	33392	3.05e-15	None-gene-34282646-0
None-gene-34285425	35571	2.92e-68	None-gene-34285425-0
None-gene-34297772	35571	8.87e-107	None-gene-34297772-0
None-gene-34300051	7203	1.99e-62	None-gene-34300051-0
None-gene-34308592	35571	0.0	None-gene-34308592-0
None-gene-34317702	35571	9.88e-189	None-gene-34317702-0
None-gene-34328115	35571	3.58e-07	None-gene-34328115-0
None-gene-34328846	7160	6.78e-72	None-gene-34328846-0
None-gene-34332834			None-gene-34332834-0
None-gene-34334010	35571	3.54e-38	None-gene-34334010-0
None-gene-34335397	33392	2.43e-104	None-gene-34335397-0
None-gene-34336023	33392	9.55e-107	None-gene-34336023-0
None-gene-34338458	35571	1.22e-110	None-gene-34338458-0
None-gene-34344065	35571	4.53e-72	None-gene-34344065-0
None-gene-34345788	7375	1.05e-15	None-gene-34345788-0
None-gene-34366066	7148	8.60e-15	None-gene-34366066-0
None-gene-34380216	35571	4.09e-99	None-gene-34380216-0
None-gene-34419115	35571	4.95e-18	None-gene-34419115-0
None-gene-34425038			None-gene-34425038-0
None-gene-34429470	35571	3.70e-54	None-gene-34429470-0
None-gene-34431966	33392	1.74e-19	None-gene-34431966-0
None-gene-34433445	35571	6.80e-04	None-gene-34433445-0
None-gene-34433497	143999	1.33e-04	None-gene-34433497-0
None-gene-34437072	35571	2.91e-133	None-gene-34437072-0
None-gene-34440019	35571	2.14e-203	None-gene-34440019-0
None-gene-34440222	7375	1.20e-12	None-gene-34440222-0
None-gene-34446962	35571	6.13e-60	None-gene-34446962-0
None-gene-34450047	35571	1.83e-68	None-gene-34450047-0
None-gene-34450057	230148	3.75e-06	None-gene-34450057-0
None-gene-34454044	35571	1.96e-169	None-gene-34454044-0
None-gene-34457163			None-gene-34457163-0
None-gene-34457175	1206794	2.60e-06	None-gene-34457175-0
None-gene-34464750	33392	2.35e-14	None-gene-34464750-0
None-gene-34475993	35571	9.39e-92	None-gene-34475993-0
None-gene-34488051	35571	1.32e-17	None-gene-34488051-0
None-gene-34489513			None-gene-34489513-0
None-gene-34496359	35571	1.80e-77	None-gene-34496359-0
None-gene-34503253	35571	7.80e-35	None-gene-34503253-0
None-gene-34549738	35571	5.23e-40	None-gene-34549738-0
None-gene-34565017	7147	2.16e-19	None-gene-34565017-0
None-gene-34573487	35571	4.11e-57	None-gene-34573487-0
None-gene-34586268	35571	8.44e-30	None-gene-34586268-0
None-gene-34593633	2740835	5.11e-13	None-gene-34593633-0
None-gene-34601046	7147	4.78e-38	None-gene-34601046-0
None-gene-34614893			None-gene-34614893-0
None-gene-34627963	35571	2.27e-54	None-gene-34627963-0
None-gene-34650041	35571	5.69e-182	None-gene-34650041-0
None-gene-34662659	35571	2.02e-13	None-gene-34662659-0
None-gene-34738464	35572	9.50e-12	None-gene-34738464-0
None-gene-34743115	35571	1.70e-60	None-gene-34743115-0
None-gene-34747289	35571	5.42e-21	None-gene-34747289-0
None-gene-34748502	35571	0.0	None-gene-34748502-0
None-gene-34760139	35571	6.23e-104	None-gene-34760139-0
None-gene-34763754	7147	1.00e-10	None-gene-34763754-0
None-gene-34764183			None-gene-34764183-0
None-gene-34774509	35571	2.69e-169	None-gene-34774509-0
None-gene-34801520	35571	7.19e-269	None-gene-34801520-0
None-gene-34804244			None-gene-34804244-0
None-gene-34806368	35571	1.38e-27	None-gene-34806368-0
None-gene-34809294	35572	3.09e-211	None-gene-34809294-0
None-gene-34818991	35572	1.96e-14	None-gene-34818991-0
None-gene-34823001	35571	3.01e-42	None-gene-34823001-0
None-gene-34842870	35571	6.12e-65	None-gene-34842870-0
None-gene-34887442	35571	2.52e-56	None-gene-34887442-0
None-gene-34899469	345717	1.29e-29	None-gene-34899469-0
None-gene-34909574	35571	6.23e-07	None-gene-34909574-0
None-gene-34924146	35571	2.90e-82	None-gene-34924146-0
None-gene-34926812	35571	4.18e-119	None-gene-34926812-0
None-gene-34927023			None-gene-34927023-0
None-gene-34930118	35571	1.45e-17	None-gene-34930118-0
None-gene-34935461	35571	1.55e-31	None-gene-34935461-0
None-gene-34939428	35571	7.43e-60	None-gene-34939428-0
None-gene-34952215			None-gene-34952215-0
None-gene-34968109	33392	1.35e-30	None-gene-34968109-0
None-gene-34972401	35571	6.71e-22	None-gene-34972401-0
None-gene-34985194	7148	3.69e-29	None-gene-34985194-0
None-gene-35048348	7184	4.27e-27	None-gene-35048348-0
None-gene-35118082	35571	2.15e-18	None-gene-35118082-0
None-gene-35202518	35571	1.47e-28	None-gene-35202518-0
None-gene-35282211	7184	1.28e-15	None-gene-35282211-0
None-gene-35345241	35571	7.49e-106	None-gene-35345241-0
None-gene-35347063	35571	2.03e-41	None-gene-35347063-0
None-gene-35347375	35571	2.66e-14	None-gene-35347375-0
None-gene-35351052	35571	7.42e-10	None-gene-35351052-0
None-gene-35353638	35571	6.17e-181	None-gene-35353638-0
None-gene-35356708	33392	3.84e-11	None-gene-35356708-0
None-gene-35362922	35571	7.11e-30	None-gene-35362922-0
None-gene-35364889	35571	9.63e-264	None-gene-35364889-0
None-gene-35365503	1378263	1.22e-10	None-gene-35365503-0
None-gene-35368546	35571	8.86e-108	None-gene-35368546-0
None-gene-35369587			None-gene-35369587-0
None-gene-35390959	35571	1.05e-26	None-gene-35390959-0
None-gene-35410474	35572	8.89e-92	None-gene-35410474-0
None-gene-35425416	35571	1.94e-73	None-gene-35425416-0
None-gene-35436041	35571	5.09e-102	None-gene-35436041-0
None-gene-35446073	33392	6.89e-13	None-gene-35446073-0
None-gene-35449946	35571	3.73e-147	None-gene-35449946-0
None-gene-35454911			None-gene-35454911-0
None-gene-35457771	35571	3.00e-54	None-gene-35457771-0
None-gene-35464530	35571	8.60e-167	None-gene-35464530-0
None-gene-35471849	35571	2.09e-62	None-gene-35471849-0
None-gene-35477048	35572	4.00e-44	None-gene-35477048-0
None-gene-35491265	35571	1.71e-102	None-gene-35491265-0
None-gene-35501157	35571	2.66e-277	None-gene-35501157-0
None-gene-35530098	35571	1.26e-64	None-gene-35530098-0
None-gene-35534390	35571	5.74e-64	None-gene-35534390-0
None-gene-35542125	35571	1.04e-87	None-gene-35542125-0
None-gene-35550687	35571	1.40e-19	None-gene-35550687-0
None-gene-35566013	35571	3.02e-23	None-gene-35566013-0
None-gene-35573972	35571	6.14e-240	None-gene-35573972-0
None-gene-35586585	35571	4.02e-91	None-gene-35586585-0
None-gene-35591871	35571	4.17e-170	None-gene-35591871-0
None-gene-35601710	35571	1.96e-104	None-gene-35601710-0
None-gene-35602965	35571	3.40e-54	None-gene-35602965-0
None-gene-35607331			None-gene-35607331-0
None-gene-35625464	7184	7.25e-14	None-gene-35625464-0
None-gene-35631529	35571	1.67e-14	None-gene-35631529-0
None-gene-35635421	35571	3.93e-244	None-gene-35635421-0
None-gene-35716191	35572	1.79e-158	None-gene-35716191-0
None-gene-35746303	35571	9.08e-23	None-gene-35746303-0
None-gene-35749750	7147	5.95e-19	None-gene-35749750-0
None-gene-35767124	7148	7.20e-28	None-gene-35767124-0
None-gene-35778518	35571	3.31e-32	None-gene-35778518-0
None-gene-35779068	33340	1.70e-09	None-gene-35779068-0
None-gene-35780395	7184	3.01e-75	None-gene-35780395-0
None-gene-35780435	33392	6.20e-14	None-gene-35780435-0
None-gene-35781415	35571	0.0	None-gene-35781415-0
None-gene-35785613	35571	5.85e-206	None-gene-35785613-0
None-gene-35789223	35572	2.30e-09	None-gene-35789223-0
None-gene-35794034	35571	0.0	None-gene-35794034-0
None-gene-35798506	35572	2.44e-40	None-gene-35798506-0
None-gene-35804255	35571	3.63e-52	None-gene-35804255-0
None-gene-35815117	35571	9.67e-81	None-gene-35815117-0
None-gene-35823722	35571	6.00e-255	None-gene-35823722-0
None-gene-35835581	35571	3.97e-15	None-gene-35835581-0
None-gene-35843224	35572	8.10e-16	None-gene-35843224-0
None-gene-35849069	35571	3.18e-15	None-gene-35849069-0
None-gene-35853660	35571	4.95e-118	None-gene-35853660-0
None-gene-35869017	35571	1.54e-222	None-gene-35869017-0
None-gene-35893064	35571	1.84e-19	None-gene-35893064-0
None-gene-35899238			None-gene-35899238-0
None-gene-35901934	35572	1.69e-10	None-gene-35901934-0
None-gene-35901963	7184	6.08e-12	None-gene-35901963-0
None-gene-35906489	35571	2.14e-146	None-gene-35906489-0
None-gene-35917515	76066	5.49e-23	None-gene-35917515-0
None-gene-35919566	35572	2.54e-15	None-gene-35919566-0
None-gene-35921079	35571	4.45e-39	None-gene-35921079-0
None-gene-35930333	35571	3.07e-62	None-gene-35930333-0
None-gene-35969008	71814	1.02e-12	None-gene-35969008-0
None-gene-35976505	33340	9.23e-20	None-gene-35976505-0
None-gene-35989571	33392	2.57e-61	None-gene-35989571-0
None-gene-35992398			None-gene-35992398-0
None-gene-35993543			None-gene-35993543-0
None-gene-36080158	35571	2.28e-21	None-gene-36080158-0
None-gene-36090117	41830	5.01e-34	None-gene-36090117-0
None-gene-36109192			None-gene-36109192-0
None-gene-36116364	35571	2.36e-07	None-gene-36116364-0
None-gene-36126440	35571	4.77e-310	None-gene-36126440-0
None-gene-36127337			None-gene-36127337-0
None-gene-36180496	35571	1.21e-73	None-gene-36180496-0
None-gene-36189464	35571	6.40e-25	None-gene-36189464-0
None-gene-36209374	149990	1.45e-15	None-gene-36209374-0
None-gene-36211667	35571	8.70e-26	None-gene-36211667-0
None-gene-36226273	35571	3.03e-63	None-gene-36226273-0
None-gene-36241869	35571	2.44e-94	None-gene-36241869-0
None-gene-36245088	35571	1.75e-20	None-gene-36245088-0
None-gene-36247432	35571	5.92e-140	None-gene-36247432-0
None-gene-36250032	35571	3.65e-76	None-gene-36250032-0
None-gene-36250221	166423	3.28e-04	None-gene-36250221-0
None-gene-36251840	35571	2.49e-105	None-gene-36251840-0
None-gene-36255446	35571	6.41e-97	None-gene-36255446-0
None-gene-36282970	35571	1.47e-60	None-gene-36282970-0
None-gene-36318499	35571	2.24e-33	None-gene-36318499-0
None-gene-36320343	33392	9.51e-17	None-gene-36320343-0
None-gene-36325804	35572	1.58e-18	None-gene-36325804-0
None-gene-36332306	35572	7.22e-41	None-gene-36332306-0
None-gene-36348136	35571	4.98e-65	None-gene-36348136-0
None-gene-36357778	35571	1.00e-86	None-gene-36357778-0
None-gene-36367880	35571	1.71e-20	None-gene-36367880-0
None-gene-36368903	7147	7.95e-06	None-gene-36368903-0
None-gene-36374380	35571	8.74e-30	None-gene-36374380-0
None-gene-36379619			None-gene-36379619-0
None-gene-36382909	35571	1.38e-10	None-gene-36382909-0
None-gene-36383852	35571	3.37e-36	None-gene-36383852-0
None-gene-36389930	35571	1.36e-33	None-gene-36389930-0
None-gene-36393206	343691	2.38e-06	None-gene-36393206-0
None-gene-36401230	35571	1.02e-20	None-gene-36401230-0
None-gene-36417164	7148	3.27e-15	None-gene-36417164-0
None-gene-36431407	35571	5.98e-08	None-gene-36431407-0
None-gene-36458660	35571	1.06e-60	None-gene-36458660-0
None-gene-36538282	104431	1.08e-18	None-gene-36538282-0
None-gene-36560708	35571	2.14e-195	None-gene-36560708-0
None-gene-36567024	35571	2.64e-36	None-gene-36567024-0
None-gene-36574704	35572	1.52e-20	None-gene-36574704-0
None-gene-36578267	33392	3.85e-39	None-gene-36578267-0
None-gene-36579932	35571	3.91e-31	None-gene-36579932-0
None-gene-36594609			None-gene-36594609-0
None-gene-36604923	7147	2.16e-16	None-gene-36604923-0
None-gene-36654297			None-gene-36654297-0
None-gene-36722392	35571	1.31e-27	None-gene-36722392-0
None-gene-36743334	7198	1.45e-06	None-gene-36743334-0
None-gene-36751009	7148	2.86e-71	None-gene-36751009-0
None-gene-36753631	35571	1.07e-152	None-gene-36753631-0
None-gene-36770964	35571	3.69e-24	None-gene-36770964-0
None-gene-36784038	7184	7.46e-61	None-gene-36784038-0
None-gene-36796536	35571	1.79e-111	None-gene-36796536-0
None-gene-36800199	35572	1.24e-270	None-gene-36800199-0
None-gene-36830751	35571	3.57e-45	None-gene-36830751-0
None-gene-36842011	35571	0.0	None-gene-36842011-0
None-gene-36923032	35571	7.60e-101	None-gene-36923032-0
None-gene-36935288	33392	1.01e-12	None-gene-36935288-0
None-gene-36943160	35571	1.68e-47	None-gene-36943160-0
None-gene-36980350	35571	1.78e-49	None-gene-36980350-0
None-gene-36981338	33392	2.14e-62	None-gene-36981338-0
None-gene-36981562	7141	2.20e-08	None-gene-36981562-0
None-gene-36982163	33392	1.41e-20	None-gene-36982163-0
None-gene-36989148	7148	4.56e-23	None-gene-36989148-0
None-gene-37039351	35571	9.16e-42	None-gene-37039351-0
None-gene-37056291	35571	4.93e-20	None-gene-37056291-0
None-gene-37091305	7148	1.37e-13	None-gene-37091305-0
None-gene-37092745			None-gene-37092745-0
None-gene-37129292	35571	4.63e-50	None-gene-37129292-0
None-gene-37134442	33392	2.33e-49	None-gene-37134442-0
None-gene-37177511	35571	1.89e-26	None-gene-37177511-0
None-gene-37256796	35571	1.15e-203	None-gene-37256796-0
None-gene-37260116	33392	4.16e-28	None-gene-37260116-0
None-gene-37265928	35571	5.79e-49	None-gene-37265928-0
None-gene-37272438	7148	3.95e-107	None-gene-37272438-0
None-gene-37281300	35571	2.59e-05	None-gene-37281300-0
None-gene-37307997	35571	3.62e-61	None-gene-37307997-0
None-gene-37311977	1797638	1.22e-06	None-gene-37311977-0
None-gene-37319716	33340	1.25e-12	None-gene-37319716-0
None-gene-37321114	35572	1.64e-218	None-gene-37321114-0
None-gene-37323672	230148	5.83e-18	None-gene-37323672-0
None-gene-37324570	35571	2.19e-42	None-gene-37324570-0
None-gene-37331533	35571	7.54e-155	None-gene-37331533-0
None-gene-37336382	35571	0.0	None-gene-37336382-0
None-gene-37340880	35571	1.68e-123	None-gene-37340880-0
None-gene-37350648	35571	3.64e-22	None-gene-37350648-0
None-gene-37358693	35571	9.71e-111	None-gene-37358693-0
None-gene-37381262	7148	3.71e-23	None-gene-37381262-0
None-gene-37396396	35571	3.05e-44	None-gene-37396396-0
None-gene-37404820	35571	5.17e-147	None-gene-37404820-0
None-gene-37415952	35571	1.58e-34	None-gene-37415952-0
None-gene-37428385	35571	2.17e-57	None-gene-37428385-0
None-gene-37435497	35571	1.33e-158	None-gene-37435497-0
None-gene-37441348	355587	9.57e-10	None-gene-37441348-0
None-gene-37452242	35572	1.60e-45	None-gene-37452242-0
None-gene-37456563	35571	5.58e-83	None-gene-37456563-0
None-gene-37461722	7184	3.24e-35	None-gene-37461722-0
None-gene-37468118	35571	9.85e-74	None-gene-37468118-0
None-gene-37469850	35572	5.09e-83	None-gene-37469850-0
None-gene-37474753	35571	1.24e-15	None-gene-37474753-0
None-gene-37481674	35571	4.97e-91	None-gene-37481674-0
None-gene-37483832	35571	4.44e-76	None-gene-37483832-0
None-gene-37499471	35571	7.55e-34	None-gene-37499471-0
None-gene-37506383	35571	1.25e-87	None-gene-37506383-0
None-gene-37506774	33340	3.51e-37	None-gene-37506774-0
None-gene-37516906	35571	3.26e-14	None-gene-37516906-0
None-gene-37518421	35571	1.35e-85	None-gene-37518421-0
None-gene-37518452			None-gene-37518452-0
None-gene-37518928	35572	8.08e-28	None-gene-37518928-0
None-gene-37552472			None-gene-37552472-0
None-gene-37564686	35572	3.53e-60	None-gene-37564686-0
None-gene-37566941	35572	6.77e-13	None-gene-37566941-0
None-gene-37572650	35571	8.43e-128	None-gene-37572650-0
None-gene-37572972	33154	1.04e-04	None-gene-37572972-0
None-gene-37573481	35571	3.88e-110	None-gene-37573481-0
None-gene-37606030	35571	2.72e-112	None-gene-37606030-0
None-gene-37628916	35571	2.22e-20	None-gene-37628916-0
None-gene-37629182	35571	1.66e-27	None-gene-37629182-0
None-gene-37635260	33392	4.21e-37	None-gene-37635260-0
None-gene-37635276	37567	1.19e-04	None-gene-37635276-0
None-gene-37635910	35572	6.95e-41	None-gene-37635910-0
None-gene-37636632	7184	1.01e-31	None-gene-37636632-0
None-gene-37638023	35572	5.89e-07	None-gene-37638023-0
None-gene-37657711	35571	5.55e-06	None-gene-37657711-0
None-gene-37660815	35571	1.52e-38	None-gene-37660815-0
None-gene-37674710	35571	7.15e-65	None-gene-37674710-0
None-gene-37681088	35571	1.03e-09	None-gene-37681088-0
None-gene-37684626	7184	3.58e-05	None-gene-37684626-0
None-gene-37703719	35571	1.25e-40	None-gene-37703719-0
None-gene-37708070	35571	2.64e-13	None-gene-37708070-0
None-gene-37714455	35571	5.60e-13	None-gene-37714455-0
None-gene-37717683	35571	1.05e-63	None-gene-37717683-0
None-gene-37719262	629360	3.84e-07	None-gene-37719262-0
None-gene-37721121	35571	8.79e-18	None-gene-37721121-0
None-gene-37723390			None-gene-37723390-0
None-gene-37770431	7184	1.24e-05	None-gene-37770431-0
None-gene-37855778	35571	4.47e-140	None-gene-37855778-0
None-gene-37860931	7148	1.86e-170	None-gene-37860931-0
None-gene-37877086	7148	8.85e-44	None-gene-37877086-0
None-gene-37903350	35571	1.07e-49	None-gene-37903350-0
None-gene-37911559	33392	1.85e-14	None-gene-37911559-0
None-gene-37915988	35571	1.99e-28	None-gene-37915988-0
None-gene-38016921	7184	3.14e-116	None-gene-38016921-0
None-gene-38018357	7184	6.42e-26	None-gene-38018357-0
None-gene-38102977	35571	9.77e-51	None-gene-38102977-0
None-gene-38117626	158441	5.61e-32	None-gene-38117626-0
None-gene-38184462	35571	3.00e-05	None-gene-38184462-0
None-gene-38190719	35571	0.0	None-gene-38190719-0
None-gene-38199202	35571	2.93e-149	None-gene-38199202-0
None-gene-38212586	35571	1.57e-143	None-gene-38212586-0
None-gene-38219236	35572	3.00e-119	None-gene-38219236-0
None-gene-38242848	35571	7.12e-33	None-gene-38242848-0
None-gene-38248462	7184	4.28e-28	None-gene-38248462-0
None-gene-38258336			None-gene-38258336-0
None-gene-38265934	35571	2.48e-30	None-gene-38265934-0
None-gene-38286200	35571	9.67e-100	None-gene-38286200-0
None-gene-38295252	286459	2.61e-31	None-gene-38295252-0
None-gene-38296930			None-gene-38296930-0
None-gene-38303566	35571	3.41e-54	None-gene-38303566-0
None-gene-38311421	35571	2.91e-203	None-gene-38311421-0
None-gene-38311917			None-gene-38311917-0
None-gene-38312747	35571	9.39e-25	None-gene-38312747-0
None-gene-38318030	35571	1.13e-224	None-gene-38318030-0
None-gene-38333425			None-gene-38333425-0
None-gene-38340446	35571	2.33e-270	None-gene-38340446-0
None-gene-38373449	35571	0.0	None-gene-38373449-0
None-gene-38416539	35571	2.61e-09	None-gene-38416539-0
None-gene-38433542	35571	2.52e-123	None-gene-38433542-0
None-gene-38445099	35571	1.81e-23	None-gene-38445099-0
None-gene-38448598	197562	6.37e-20	None-gene-38448598-0
None-gene-38449942			None-gene-38449942-0
None-gene-38459170	33392	1.14e-17	None-gene-38459170-0
None-gene-38459911	35571	1.00e-14	None-gene-38459911-0
None-gene-38461376	35571	4.69e-43	None-gene-38461376-0
None-gene-38473395	7148	2.09e-14	None-gene-38473395-0
None-gene-38484961			None-gene-38484961-0
None-gene-38522127	35571	8.18e-60	None-gene-38522127-0
None-gene-38532902	35571	3.22e-95	None-gene-38532902-0
None-gene-38532969			None-gene-38532969-0
None-gene-38545921	35571	9.44e-14	None-gene-38545921-0
None-gene-38556465	35571	1.72e-76	None-gene-38556465-0
None-gene-38559208	35571	2.12e-15	None-gene-38559208-0
None-gene-38560469	7184	1.95e-241	None-gene-38560469-0
None-gene-38560909	1206794	1.12e-21	None-gene-38560909-0
None-gene-38562145			None-gene-38562145-0
None-gene-38563741	35572	3.48e-134	None-gene-38563741-0
None-gene-38565414	7148	9.70e-68	None-gene-38565414-0
None-gene-38567623	7148	1.37e-08	None-gene-38567623-0
None-gene-38571662	35571	6.36e-45	None-gene-38571662-0
None-gene-38574926	35571	2.92e-46	None-gene-38574926-0
None-gene-38579382	35571	1.60e-07	None-gene-38579382-0
None-gene-38581705	35571	3.41e-35	None-gene-38581705-0
None-gene-38586709	35571	8.32e-41	None-gene-38586709-0
None-gene-38594544	35571	2.80e-79	None-gene-38594544-0
None-gene-38599624	35572	4.18e-04	None-gene-38599624-0
None-gene-38616274	35571	1.27e-159	None-gene-38616274-0
None-gene-38619245			None-gene-38619245-0
None-gene-38619532			None-gene-38619532-0
None-gene-38646551	35571	5.34e-21	None-gene-38646551-0
None-gene-38662116	35571	5.40e-36	None-gene-38662116-0
None-gene-38670648	27506	4.93e-08	None-gene-38670648-0
None-gene-38673303	35572	3.72e-180	None-gene-38673303-0
None-gene-38690357	35572	9.84e-135	None-gene-38690357-0
None-gene-38697456	35571	3.42e-136	None-gene-38697456-0
None-gene-38698565	74499	5.05e-12	None-gene-38698565-0
None-gene-38701757	35571	0.0	None-gene-38701757-0
None-gene-38702883			None-gene-38702883-0
None-gene-38719596			None-gene-38719596-0
None-gene-38723524	35571	2.72e-189	None-gene-38723524-0
None-gene-38729824	7148	7.81e-08	None-gene-38729824-0
None-gene-38732670	35571	2.04e-101	None-gene-38732670-0
None-gene-38735004	35571	9.52e-219	None-gene-38735004-0
None-gene-38744517	35571	1.69e-154	None-gene-38744517-0
None-gene-38749538	35571	2.02e-149	None-gene-38749538-0
None-gene-38779107	35571	1.26e-24	None-gene-38779107-0
None-gene-38792919	33392	1.40e-10	None-gene-38792919-0
None-gene-38794287	41830	5.02e-09	None-gene-38794287-0
None-gene-38796098	35571	1.66e-78	None-gene-38796098-0
None-gene-38799022	35571	2.91e-123	None-gene-38799022-0
None-gene-38800398	41830	1.47e-43	None-gene-38800398-0
None-gene-38815984	35571	4.48e-69	None-gene-38815984-0
None-gene-38824535	35571	6.96e-134	None-gene-38824535-0
None-gene-38833721	33392	6.28e-12	None-gene-38833721-0
None-gene-38834469	33392	3.17e-65	None-gene-38834469-0
None-gene-38838983	35571	1.50e-231	None-gene-38838983-0
None-gene-38845445	35571	7.15e-88	None-gene-38845445-0
None-gene-38845726			None-gene-38845726-0
None-gene-38852259	35571	4.56e-257	None-gene-38852259-0
None-gene-38858036	35571	3.70e-22	None-gene-38858036-0
None-gene-38861365	41088	6.93e-49	None-gene-38861365-0
None-gene-38861729	33392	1.17e-18	None-gene-38861729-0
None-gene-38862664	35571	1.54e-144	None-gene-38862664-0
None-gene-38865055			None-gene-38865055-0
None-gene-38876578	35571	2.66e-26	None-gene-38876578-0
None-gene-38880415			None-gene-38880415-0
None-gene-38881170	35571	7.75e-25	None-gene-38881170-0
None-gene-38881831	7148	1.23e-68	None-gene-38881831-0
None-gene-38884814	35571	9.05e-162	None-gene-38884814-0
None-gene-38897144	35571	8.34e-67	None-gene-38897144-0
None-gene-38909026	35571	4.65e-152	None-gene-38909026-0
None-gene-38910932	35572	5.02e-32	None-gene-38910932-0
None-gene-38929842	35571	1.48e-208	None-gene-38929842-0
None-gene-38932979	6181	1.58e-07	None-gene-38932979-0
None-gene-38933490	210409	1.71e-08	None-gene-38933490-0
None-gene-38935252	7147	6.40e-39	None-gene-38935252-0
None-gene-38935347	197562	1.75e-07	None-gene-38935347-0
None-gene-38947405	35571	2.06e-52	None-gene-38947405-0
None-gene-39004037	33392	2.27e-15	None-gene-39004037-0
None-gene-39019041	35571	6.70e-56	None-gene-39019041-0
None-gene-39025514	35571	9.07e-87	None-gene-39025514-0
None-gene-39027409	35571	7.06e-102	None-gene-39027409-0
None-gene-39037363	35572	0.0	None-gene-39037363-0
None-gene-39064960	35571	1.03e-126	None-gene-39064960-0
None-gene-39068563	35571	2.38e-310	None-gene-39068563-0
None-gene-39073147	7184	6.04e-258	None-gene-39073147-0
None-gene-39076249	35571	9.34e-20	None-gene-39076249-0
None-gene-39083837	35571	1.13e-35	None-gene-39083837-0
None-gene-39091379			None-gene-39091379-0
None-gene-39105907	41830	2.75e-117	None-gene-39105907-0
None-gene-39106447			None-gene-39106447-0
None-gene-39168283	35572	1.04e-08	None-gene-39168283-0
None-gene-39175654	35571	2.03e-14	None-gene-39175654-0
None-gene-39177871	35572	9.76e-33	None-gene-39177871-0
None-gene-39191217	35571	9.28e-149	None-gene-39191217-0
None-gene-39220780	35571	1.14e-71	None-gene-39220780-0
None-gene-39233046	35572	3.34e-143	None-gene-39233046-0
None-gene-39241144	35571	1.83e-124	None-gene-39241144-0
None-gene-39241595	7375	7.53e-08	None-gene-39241595-0
None-gene-39253900	35571	3.03e-129	None-gene-39253900-0
None-gene-39256818	35571	1.22e-68	None-gene-39256818-0
None-gene-39259894	33392	8.68e-27	None-gene-39259894-0
None-gene-39262994	35571	2.36e-70	None-gene-39262994-0
None-gene-39299530	35571	7.96e-47	None-gene-39299530-0
None-gene-39339693	43817	1.73e-39	None-gene-39339693-0
None-gene-39340470	35571	1.97e-25	None-gene-39340470-0
None-gene-39354816	35572	4.60e-22	None-gene-39354816-0
None-gene-39377742	7148	2.93e-14	None-gene-39377742-0
None-gene-39392955	35571	2.89e-18	None-gene-39392955-0
None-gene-39475313	35571	1.90e-37	None-gene-39475313-0
None-gene-39548485	35571	3.26e-81	None-gene-39548485-0
None-gene-39553190	7147	5.02e-35	None-gene-39553190-0
None-gene-39554217	35571	5.87e-33	None-gene-39554217-0
None-gene-39560415	35571	2.67e-20	None-gene-39560415-0
None-gene-39571379	35571	4.51e-49	None-gene-39571379-0
None-gene-39571691	35571	1.08e-19	None-gene-39571691-0
None-gene-39575324			None-gene-39575324-0
None-gene-39576283	35571	8.45e-285	None-gene-39576283-0
None-gene-39578713	35571	4.07e-208	None-gene-39578713-0
None-gene-39580920	35571	5.00e-36	None-gene-39580920-0
None-gene-39585452	35571	3.31e-26	None-gene-39585452-0
None-gene-39585831	7148	5.77e-85	None-gene-39585831-0
None-gene-39587798	35571	1.06e-168	None-gene-39587798-0
None-gene-39592298	35571	4.81e-124	None-gene-39592298-0
None-gene-39601363	35572	6.35e-17	None-gene-39601363-0
None-gene-39602635	35571	7.08e-122	None-gene-39602635-0
None-gene-39606810	35571	2.59e-170	None-gene-39606810-0
None-gene-39638974	35571	9.66e-13	None-gene-39638974-0
None-gene-39650925	35571	9.13e-53	None-gene-39650925-0
None-gene-39658524	33392	1.94e-10	None-gene-39658524-0
None-gene-39663085	35571	3.31e-100	None-gene-39663085-0
None-gene-39672164	35572	2.89e-101	None-gene-39672164-0
None-gene-39680425	35571	4.47e-61	None-gene-39680425-0
None-gene-39682916	33154	1.16e-04	None-gene-39682916-0
None-gene-39683803	395501	4.25e-06	None-gene-39683803-0
None-gene-39684946	35571	4.52e-75	None-gene-39684946-0
None-gene-39688610	33392	2.70e-42	None-gene-39688610-0
None-gene-39688645	33317	7.62e-08	None-gene-39688645-0
None-gene-39689845	35571	4.95e-149	None-gene-39689845-0
None-gene-39699416	35571	7.54e-68	None-gene-39699416-0
None-gene-39700362	35571	7.04e-27	None-gene-39700362-0
None-gene-39712293	35572	2.02e-134	None-gene-39712293-0
None-gene-39724586	35571	1.26e-65	None-gene-39724586-0
None-gene-39726662	35571	7.20e-38	None-gene-39726662-0
None-gene-39729953	35571	4.41e-83	None-gene-39729953-0
None-gene-39785270	7184	1.98e-22	None-gene-39785270-0
None-gene-39801088	33392	5.01e-19	None-gene-39801088-0
None-gene-39807201	35571	8.47e-13	None-gene-39807201-0
None-gene-39814728	35571	9.18e-20	None-gene-39814728-0
None-gene-39826490	35571	1.29e-147	None-gene-39826490-0
None-gene-39829685	35571	1.07e-128	None-gene-39829685-0
None-gene-39833082	35571	7.35e-100	None-gene-39833082-0
None-gene-39835670	35571	3.33e-187	None-gene-39835670-0
None-gene-39842603	35571	4.81e-36	None-gene-39842603-0
None-gene-39876951	35572	2.10e-25	None-gene-39876951-0
None-gene-39878855	35571	3.89e-60	None-gene-39878855-0
None-gene-39892706	35571	1.04e-61	None-gene-39892706-0
None-gene-39893792			None-gene-39893792-0
None-gene-39897746	35571	1.77e-39	None-gene-39897746-0
None-gene-39899962	35571	1.77e-83	None-gene-39899962-0
None-gene-39905885	35571	1.77e-31	None-gene-39905885-0
None-gene-39914376	35571	1.70e-16	None-gene-39914376-0
None-gene-39916030	35571	4.29e-232	None-gene-39916030-0
None-gene-39917307	35571	2.07e-32	None-gene-39917307-0
None-gene-39928889	35571	2.40e-43	None-gene-39928889-0
None-gene-39930924	35571	8.68e-97	None-gene-39930924-0
None-gene-39931662	35571	3.70e-06	None-gene-39931662-0
None-gene-39932485	7496	2.93e-18	None-gene-39932485-0
None-gene-39932977	33154	7.41e-11	None-gene-39932977-0
None-gene-39934648	2	5.42e-08	None-gene-39934648-0
None-gene-39935090	33392	6.58e-10	None-gene-39935090-0
None-gene-39951855	33392	2.07e-29	None-gene-39951855-0
None-gene-39955460	35571	6.73e-42	None-gene-39955460-0
None-gene-39956931	33154	5.67e-09	None-gene-39956931-0
None-gene-39957948			None-gene-39957948-0
None-gene-39961271	35571	1.00e-146	None-gene-39961271-0
None-gene-39968411	33392	3.95e-58	None-gene-39968411-0
None-gene-39981739	343691	2.32e-50	None-gene-39981739-0
None-gene-39994464	35571	1.80e-39	None-gene-39994464-0
None-gene-40011403	35571	2.07e-201	None-gene-40011403-0
None-gene-40011828	307491	7.34e-12	None-gene-40011828-0
None-gene-40015687	35571	3.88e-47	None-gene-40015687-0
None-gene-40033629	35571	6.32e-70	None-gene-40033629-0
None-gene-40041647	35572	3.00e-22	None-gene-40041647-0
None-gene-40044252	35572	2.35e-215	None-gene-40044252-0
None-gene-40057190	35571	6.88e-188	None-gene-40057190-0
None-gene-40064766	7148	1.01e-15	None-gene-40064766-0
None-gene-40073277	35571	2.87e-64	None-gene-40073277-0
None-gene-40084501	35571	4.65e-128	None-gene-40084501-0
None-gene-40117651	7067	2.31e-116	None-gene-40117651-0
None-gene-40124186	35571	1.54e-66	None-gene-40124186-0
None-gene-40127789	35571	1.74e-117	None-gene-40127789-0
None-gene-40131828	35571	3.27e-37	None-gene-40131828-0
None-gene-40143185	35571	0.0	None-gene-40143185-0
None-gene-40148508	35571	5.40e-128	None-gene-40148508-0
None-gene-40151043			None-gene-40151043-0
None-gene-40152413	35571	9.95e-116	None-gene-40152413-0
None-gene-40160617	35571	1.10e-84	None-gene-40160617-0
None-gene-40164051	35571	1.42e-40	None-gene-40164051-0
None-gene-40167394	35571	2.41e-50	None-gene-40167394-0
None-gene-40176843	7396	1.91e-06	None-gene-40176843-0
None-gene-40177202	35571	1.53e-47	None-gene-40177202-0
None-gene-40180607	36668	1.09e-07	None-gene-40180607-0
None-gene-40186740	35572	9.09e-73	None-gene-40186740-0
None-gene-40196839	35571	4.14e-21	None-gene-40196839-0
None-gene-40221617	35571	4.21e-30	None-gene-40221617-0
None-gene-40258612	33340	3.28e-11	None-gene-40258612-0
None-gene-40275302	33392	6.26e-20	None-gene-40275302-0
None-gene-40276039	35571	8.37e-13	None-gene-40276039-0
None-gene-40276223	35571	2.08e-15	None-gene-40276223-0
None-gene-40277752	263631	4.91e-26	None-gene-40277752-0
None-gene-40283686	7148	5.19e-06	None-gene-40283686-0
None-gene-40285633	33392	1.55e-17	None-gene-40285633-0
None-gene-40302978	35572	1.08e-14	None-gene-40302978-0
None-gene-40317941	35571	5.88e-15	None-gene-40317941-0
None-gene-40352033	231623	4.53e-27	None-gene-40352033-0
None-gene-40386919	35571	2.87e-22	None-gene-40386919-0
None-gene-40399741	33392	1.34e-16	None-gene-40399741-0
None-gene-40424194	35572	2.87e-25	None-gene-40424194-0
None-gene-40492845	41830	8.90e-66	None-gene-40492845-0
None-gene-40503627	35571	4.20e-223	None-gene-40503627-0
None-gene-40516933	7148	3.05e-26	None-gene-40516933-0
None-gene-40523932	35571	6.88e-51	None-gene-40523932-0
None-gene-40581813	35571	1.42e-21	None-gene-40581813-0
None-gene-40600601	35571	1.37e-24	None-gene-40600601-0
None-gene-40634598	33392	5.30e-33	None-gene-40634598-0
None-gene-40634690	37567	7.32e-06	None-gene-40634690-0
None-gene-40662098	35571	2.44e-34	None-gene-40662098-0
None-gene-40674596	35571	1.95e-16	None-gene-40674596-0
None-gene-40681397	35571	1.62e-127	None-gene-40681397-0
None-gene-40683208	35571	1.11e-152	None-gene-40683208-0
None-gene-40690023	35571	1.47e-31	None-gene-40690023-0
None-gene-40695529	35571	1.25e-178	None-gene-40695529-0
None-gene-40698801	35572	3.59e-23	None-gene-40698801-0
None-gene-40699396	35571	7.31e-16	None-gene-40699396-0
None-gene-40703650	35571	9.92e-163	None-gene-40703650-0
None-gene-40713819	35571	7.72e-44	None-gene-40713819-0
None-gene-40715125	3042114	1.56e-06	None-gene-40715125-0
None-gene-40718062	7184	6.59e-21	None-gene-40718062-0
None-gene-40724294	35572	1.49e-15	None-gene-40724294-0
None-gene-40729406	35572	1.85e-27	None-gene-40729406-0
None-gene-40729494			None-gene-40729494-0
None-gene-40736545	35572	1.61e-07	None-gene-40736545-0
None-gene-40737767			None-gene-40737767-0
None-gene-40743405	35572	3.06e-09	None-gene-40743405-0
None-gene-40744946	41830	1.31e-229	None-gene-40744946-0
None-gene-40750099	35572	0.0	None-gene-40750099-0
None-gene-40753320	35572	6.43e-27	None-gene-40753320-0
None-gene-40757181	7148	3.07e-16	None-gene-40757181-0
None-gene-40760995	35572	1.37e-57	None-gene-40760995-0
None-gene-40762695	7184	6.14e-117	None-gene-40762695-0
None-gene-40773590	33392	1.10e-16	None-gene-40773590-0
None-gene-40787584	35572	1.50e-91	None-gene-40787584-0
None-gene-40794823	33392	3.60e-87	None-gene-40794823-0
None-gene-40804923	35572	2.80e-33	None-gene-40804923-0
None-gene-40808924	7184	1.60e-53	None-gene-40808924-0
None-gene-40819768	35571	0.0	None-gene-40819768-0
None-gene-40824789	7148	1.08e-11	None-gene-40824789-0
None-gene-40839414	35572	8.61e-14	None-gene-40839414-0
None-gene-40848454	35572	2.77e-27	None-gene-40848454-0
None-gene-40849504	33392	1.41e-09	None-gene-40849504-0
None-gene-40860609	7184	2.02e-17	None-gene-40860609-0
None-gene-40870695	35572	4.72e-19	None-gene-40870695-0
None-gene-40870709	35572	5.99e-07	None-gene-40870709-0
None-gene-40873945	35571	2.90e-74	None-gene-40873945-0
None-gene-40876208	35571	9.97e-80	None-gene-40876208-0
None-gene-40880546	7147	2.55e-21	None-gene-40880546-0
None-gene-40890226	35571	5.79e-149	None-gene-40890226-0
None-gene-40922642	35571	1.47e-209	None-gene-40922642-0
None-gene-40938829	35571	6.13e-49	None-gene-40938829-0
None-gene-40959748	35571	1.00e-51	None-gene-40959748-0
None-gene-41007523	33392	3.53e-21	None-gene-41007523-0
None-gene-41030256	33392	2.59e-15	None-gene-41030256-0
None-gene-41036365	41830	2.14e-22	None-gene-41036365-0
None-gene-41062255	41830	2.45e-19	None-gene-41062255-0
None-gene-41114242	35571	9.77e-184	None-gene-41114242-0
None-gene-41114724	1224	6.84e-12	None-gene-41114724-0
None-gene-41163430	35571	4.84e-66	None-gene-41163430-0
None-gene-41164128			None-gene-41164128-0
None-gene-41171162	35571	6.96e-12	None-gene-41171162-0
None-gene-41172402			None-gene-41172402-0
None-gene-41184488	6960	1.54e-127	None-gene-41184488-0
None-gene-41189505	35572	6.55e-246	None-gene-41189505-0
None-gene-41195093	118510	3.31e-11	None-gene-41195093-0
None-gene-41205670	35571	1.20e-247	None-gene-41205670-0
None-gene-41207957	35571	2.73e-53	None-gene-41207957-0
None-gene-41210786	35571	0.0	None-gene-41210786-0
None-gene-41217440	35571	2.41e-104	None-gene-41217440-0
None-gene-41226564	35571	7.26e-29	None-gene-41226564-0
None-gene-41227429	1979941	5.97e-08	None-gene-41227429-0
None-gene-41230983	35571	2.13e-05	None-gene-41230983-0
None-gene-41244200	7184	4.09e-23	None-gene-41244200-0
None-gene-41252454	35571	0.0	None-gene-41252454-0
None-gene-41292001	33340	5.72e-35	None-gene-41292001-0
None-gene-41297244	35572	1.59e-14	None-gene-41297244-0
None-gene-41360633	35571	0.0	None-gene-41360633-0
None-gene-41367428	614101	5.84e-13	None-gene-41367428-0
None-gene-41384545	44578	5.53e-85	None-gene-41384545-0
None-gene-41391656	35571	4.77e-54	None-gene-41391656-0
None-gene-41398235	6978	3.77e-28	None-gene-41398235-0
None-gene-41398781			None-gene-41398781-0
None-gene-41401807	35571	1.35e-272	None-gene-41401807-0
None-gene-41405585	35572	4.87e-33	None-gene-41405585-0
None-gene-41407563	35571	9.26e-130	None-gene-41407563-0
None-gene-41414137	35571	2.35e-212	None-gene-41414137-0
None-gene-41434861	7184	1.27e-64	None-gene-41434861-0
None-gene-41441687	35571	5.09e-16	None-gene-41441687-0
None-gene-41448182	35572	1.03e-85	None-gene-41448182-0
None-gene-41452826	7396	4.03e-08	None-gene-41452826-0
None-gene-41471275	35571	1.53e-160	None-gene-41471275-0
None-gene-41480666			None-gene-41480666-0
None-gene-41484994	35571	1.21e-260	None-gene-41484994-0
None-gene-41509330	35571	3.53e-103	None-gene-41509330-0
None-gene-41515814	35571	2.07e-21	None-gene-41515814-0
None-gene-41526126	35572	9.37e-56	None-gene-41526126-0
None-gene-41530845	35572	1.95e-33	None-gene-41530845-0
None-gene-41532418	35572	4.39e-74	None-gene-41532418-0
None-gene-41540057	35571	2.08e-40	None-gene-41540057-0
None-gene-41542983	245174	1.42e-09	None-gene-41542983-0
None-gene-41542984	7184	7.72e-95	None-gene-41542984-0
None-gene-41545028	35571	1.39e-152	None-gene-41545028-0
None-gene-41548827	7184	5.30e-53	None-gene-41548827-0
None-gene-41585860	35571	4.45e-112	None-gene-41585860-0
None-gene-41612608	35571	2.28e-46	None-gene-41612608-0
None-gene-41632220	35571	8.28e-21	None-gene-41632220-0
None-gene-41643503	35571	1.80e-28	None-gene-41643503-0
None-gene-41645432	7184	1.20e-08	None-gene-41645432-0
None-gene-41646767	33392	7.12e-10	None-gene-41646767-0
None-gene-41647032	33392	2.13e-05	None-gene-41647032-0
None-gene-41647867	35571	1.64e-10	None-gene-41647867-0
None-gene-41649011	35571	3.84e-217	None-gene-41649011-0
None-gene-41652613	35571	7.19e-64	None-gene-41652613-0
None-gene-41654827	35571	1.12e-226	None-gene-41654827-0
None-gene-41660172	35571	5.11e-176	None-gene-41660172-0
None-gene-41694924	33392	3.72e-16	None-gene-41694924-0
None-gene-41759274	35571	2.75e-32	None-gene-41759274-0
None-gene-41776405	35572	4.87e-31	None-gene-41776405-0
None-gene-41789084	35571	1.56e-40	None-gene-41789084-0
None-gene-41808584	33392	9.65e-09	None-gene-41808584-0
None-gene-41876078	33392	1.14e-62	None-gene-41876078-0
None-gene-41922647	7147	2.28e-17	None-gene-41922647-0
None-gene-41945485	35571	1.78e-37	None-gene-41945485-0
None-gene-41981863	35571	1.30e-34	None-gene-41981863-0
None-gene-42050860			None-gene-42050860-0
None-gene-42090758	35571	9.74e-66	None-gene-42090758-0
None-gene-42136239	7148	9.81e-30	None-gene-42136239-0
None-gene-42175650	35571	5.99e-57	None-gene-42175650-0
None-gene-42192341	7184	6.83e-56	None-gene-42192341-0
None-gene-42229185	33392	5.62e-52	None-gene-42229185-0
None-gene-42386569	35572	3.64e-151	None-gene-42386569-0
None-gene-42415236	7184	1.38e-14	None-gene-42415236-0
None-gene-42434868	35571	1.30e-211	None-gene-42434868-0
None-gene-42466766	467358	6.18e-09	None-gene-42466766-0
None-gene-42474969	35571	1.31e-07	None-gene-42474969-0
None-gene-42490158			None-gene-42490158-0
None-gene-42504149	33392	1.53e-40	None-gene-42504149-0
None-gene-42504186	45954	2.23e-12	None-gene-42504186-0
None-gene-42505388	33392	1.33e-34	None-gene-42505388-0
None-gene-42515502	35572	1.13e-119	None-gene-42515502-0
None-gene-42552045	7184	7.97e-38	None-gene-42552045-0
None-gene-42573394	33392	5.95e-22	None-gene-42573394-0
None-gene-42575871			None-gene-42575871-0
None-gene-42577335			None-gene-42577335-0
None-gene-42587866	35572	3.29e-72	None-gene-42587866-0
None-gene-42602016	7184	2.61e-10	None-gene-42602016-0
None-gene-42603104	33340	2.09e-09	None-gene-42603104-0
None-gene-42603389	33392	8.97e-15	None-gene-42603389-0
None-gene-42610175	35571	2.41e-29	None-gene-42610175-0
None-gene-42619504	41830	7.43e-47	None-gene-42619504-0
None-gene-42638938	71814	2.12e-100	None-gene-42638938-0
None-gene-42675252	35571	9.80e-08	None-gene-42675252-0
None-gene-42677803	36200	1.19e-04	None-gene-42677803-0
None-gene-42697094	35571	9.09e-35	None-gene-42697094-0
None-gene-42701400	7148	2.06e-18	None-gene-42701400-0
None-gene-42703624	7148	7.59e-148	None-gene-42703624-0
None-gene-42704318	33392	7.87e-10	None-gene-42704318-0
None-gene-42705676			None-gene-42705676-0
None-gene-42718882	35571	1.35e-19	None-gene-42718882-0
None-gene-42727937	33392	1.68e-21	None-gene-42727937-0
None-gene-42739318	41084	3.95e-37	None-gene-42739318-0
None-gene-42757651	35572	1.96e-75	None-gene-42757651-0
None-gene-42811432	35571	3.10e-07	None-gene-42811432-0
None-gene-42821405	35572	3.79e-28	None-gene-42821405-0
None-gene-42879236	35572	1.04e-54	None-gene-42879236-0
None-gene-42892198	35571	1.44e-156	None-gene-42892198-0
None-gene-42911813	35571	3.74e-22	None-gene-42911813-0
None-gene-42912966	35571	8.20e-60	None-gene-42912966-0
None-gene-42925317	35572	1.71e-250	None-gene-42925317-0
None-gene-42926599	35572	1.93e-27	None-gene-42926599-0
None-gene-42929454	355587	2.57e-15	None-gene-42929454-0
None-gene-42954690	35571	8.99e-177	None-gene-42954690-0
None-gene-42971846	35572	2.37e-24	None-gene-42971846-0
None-gene-42988378	35572	3.85e-36	None-gene-42988378-0
None-gene-43013758	35571	6.14e-30	None-gene-43013758-0
None-gene-43021735	35571	1.07e-18	None-gene-43021735-0
None-gene-43080826			None-gene-43080826-0
None-gene-43083896	35572	1.52e-12	None-gene-43083896-0
None-gene-43094118			None-gene-43094118-0
None-gene-43096528			None-gene-43096528-0
None-gene-43099455	35572	6.04e-07	None-gene-43099455-0
None-gene-43107739	7148	1.90e-29	None-gene-43107739-0
None-gene-43109562	35571	1.76e-305	None-gene-43109562-0
None-gene-43112700	35571	3.70e-81	None-gene-43112700-0
None-gene-43125728	35571	5.46e-13	None-gene-43125728-0
None-gene-43129578	41830	1.24e-15	None-gene-43129578-0
None-gene-43138224	35571	2.66e-129	None-gene-43138224-0
None-gene-43143241	35571	4.21e-142	None-gene-43143241-0
None-gene-43150165	35571	3.57e-26	None-gene-43150165-0
None-gene-43179036	35571	3.11e-18	None-gene-43179036-0
None-gene-43230766	35572	9.00e-95	None-gene-43230766-0
None-gene-43284385	41830	1.98e-48	None-gene-43284385-0
None-gene-43308827	35571	2.80e-83	None-gene-43308827-0
None-gene-43317608			None-gene-43317608-0
None-gene-43337789	35571	8.43e-17	None-gene-43337789-0
None-gene-43362670	35571	3.14e-16	None-gene-43362670-0
None-gene-43365768	35571	8.45e-229	None-gene-43365768-0
None-gene-43368072	35571	1.24e-54	None-gene-43368072-0
None-gene-43376800	35571	1.43e-102	None-gene-43376800-0
None-gene-43378892	35571	3.54e-13	None-gene-43378892-0
None-gene-43385185	35572	7.35e-38	None-gene-43385185-0
None-gene-43392543	35571	2.33e-101	None-gene-43392543-0
None-gene-43393478			None-gene-43393478-0
None-gene-43421446	35571	6.60e-22	None-gene-43421446-0
None-gene-43428707	35571	2.04e-124	None-gene-43428707-0
None-gene-43429521	35571	2.06e-135	None-gene-43429521-0
None-gene-43433736	35571	1.85e-187	None-gene-43433736-0
None-gene-43438216	35571	5.04e-124	None-gene-43438216-0
None-gene-43442873	33392	3.15e-24	None-gene-43442873-0
None-gene-43444063	35571	1.18e-37	None-gene-43444063-0
None-gene-43451414	35571	2.94e-120	None-gene-43451414-0
None-gene-43462365	35571	1.54e-53	None-gene-43462365-0
None-gene-43475052			None-gene-43475052-0
None-gene-43479861			None-gene-43479861-0
None-gene-43500612	35571	2.37e-18	None-gene-43500612-0
None-gene-43501433	35572	9.83e-61	None-gene-43501433-0
None-gene-43523242	35571	7.44e-25	None-gene-43523242-0
None-gene-43632990	35571	2.09e-24	None-gene-43632990-0
None-gene-43647280	7148	1.80e-12	None-gene-43647280-0
None-gene-43655000	35571	1.33e-166	None-gene-43655000-0
None-gene-43667628	35571	4.18e-44	None-gene-43667628-0
None-gene-43683991	35571	4.86e-281	None-gene-43683991-0
None-gene-43702255	35571	2.93e-72	None-gene-43702255-0
None-gene-43703820	35571	3.86e-72	None-gene-43703820-0
None-gene-43705218	35571	4.58e-19	None-gene-43705218-0
None-gene-43708527	35572	1.11e-19	None-gene-43708527-0
None-gene-43715201	35572	8.51e-57	None-gene-43715201-0
None-gene-43718459	35571	2.10e-25	None-gene-43718459-0
None-gene-43726537	35571	0.0	None-gene-43726537-0
None-gene-43735078	35571	6.09e-75	None-gene-43735078-0
None-gene-43748048	35572	1.14e-68	None-gene-43748048-0
None-gene-43748236			None-gene-43748236-0
None-gene-43758925	35571	0.0	None-gene-43758925-0
None-gene-43762283	35571	1.73e-196	None-gene-43762283-0
None-gene-43767739	35572	7.99e-128	None-gene-43767739-0
None-gene-43776163	35571	1.16e-133	None-gene-43776163-0
None-gene-43801923	35571	1.64e-228	None-gene-43801923-0
None-gene-43814390	35571	5.21e-12	None-gene-43814390-0
None-gene-43821283	41830	1.26e-34	None-gene-43821283-0
None-gene-43823621	35572	3.78e-24	None-gene-43823621-0
None-gene-43824143	158441	6.80e-181	None-gene-43824143-0
None-gene-43842434	67767	6.72e-27	None-gene-43842434-0
None-gene-43842694	7148	7.58e-09	None-gene-43842694-0
None-gene-43895205	35571	0.0	None-gene-43895205-0
None-gene-43913243	35571	4.79e-25	None-gene-43913243-0
None-gene-43935362	35571	2.45e-108	None-gene-43935362-0
None-gene-43941447	41830	6.77e-16	None-gene-43941447-0
None-gene-43945488	35571	2.32e-28	None-gene-43945488-0
None-gene-43952914	35571	0.0	None-gene-43952914-0
None-gene-43960533	35571	8.44e-13	None-gene-43960533-0
None-gene-43963080	35571	7.99e-110	None-gene-43963080-0
None-gene-43963646	35571	5.95e-68	None-gene-43963646-0
None-gene-43968605	35571	2.78e-132	None-gene-43968605-0
None-gene-43983823	35571	1.27e-202	None-gene-43983823-0
None-gene-43989122	35571	1.67e-123	None-gene-43989122-0
None-gene-43997540			None-gene-43997540-0
None-gene-44017878	35571	4.51e-167	None-gene-44017878-0
None-gene-44039142	35571	2.07e-31	None-gene-44039142-0
None-gene-44043026	35571	5.01e-29	None-gene-44043026-0
None-gene-44050776	35571	7.98e-28	None-gene-44050776-0
None-gene-44056573	35571	1.50e-36	None-gene-44056573-0
None-gene-44071237			None-gene-44071237-0
None-gene-44073523			None-gene-44073523-0
None-gene-44079448	35571	7.85e-09	None-gene-44079448-0
None-gene-44089924	35571	4.95e-70	None-gene-44089924-0
None-gene-44094383	35571	2.12e-196	None-gene-44094383-0
None-gene-44113025	35571	2.46e-33	None-gene-44113025-0
None-gene-44121418	37567	1.77e-107	None-gene-44121418-0
None-gene-44126705	35572	1.15e-18	None-gene-44126705-0
None-gene-44137737	35571	3.50e-18	None-gene-44137737-0
None-gene-44149132	35571	1.08e-04	None-gene-44149132-0
None-gene-44156588	35571	3.73e-41	None-gene-44156588-0
None-gene-44171300	35571	5.96e-15	None-gene-44171300-0
None-gene-44176571	35572	8.54e-79	None-gene-44176571-0
None-gene-44182382	35571	1.65e-208	None-gene-44182382-0
None-gene-44183739	65129	1.82e-04	None-gene-44183739-0
None-gene-44204952	33392	2.29e-31	None-gene-44204952-0
None-gene-44207288	35572	1.49e-93	None-gene-44207288-0
None-gene-44216053	35571	5.30e-22	None-gene-44216053-0
None-gene-44219756	35572	4.20e-57	None-gene-44219756-0
None-gene-44223191	35571	4.30e-67	None-gene-44223191-0
None-gene-44230006	35571	0.0	None-gene-44230006-0
None-gene-44245614			None-gene-44245614-0
None-gene-44301027	35571	3.24e-50	None-gene-44301027-0
None-gene-44307223	35571	1.65e-61	None-gene-44307223-0
None-gene-44308471	7148	1.32e-268	None-gene-44308471-0
None-gene-44314827	35571	1.51e-156	None-gene-44314827-0
None-gene-44315694	35571	1.62e-78	None-gene-44315694-0
None-gene-44325329	35571	1.21e-43	None-gene-44325329-0
None-gene-44327164			None-gene-44327164-0
None-gene-44381844	35571	5.25e-58	None-gene-44381844-0
None-gene-44432704	35571	2.09e-71	None-gene-44432704-0
None-gene-44458419	35571	6.47e-35	None-gene-44458419-0
None-gene-44533790	35571	3.99e-37	None-gene-44533790-0
None-gene-44542632	158441	2.69e-106	None-gene-44542632-0
None-gene-44562308			None-gene-44562308-0
None-gene-44566970	41830	7.72e-16	None-gene-44566970-0
None-gene-44578749	7148	6.26e-06	None-gene-44578749-0
None-gene-44590589	35572	6.13e-113	None-gene-44590589-0
None-gene-44591086	7147	2.52e-11	None-gene-44591086-0
None-gene-44608824	33392	1.44e-38	None-gene-44608824-0
None-gene-44609187	35572	4.93e-06	None-gene-44609187-0
None-gene-44625552	71814	8.71e-30	None-gene-44625552-0
None-gene-44629536	35571	1.01e-20	None-gene-44629536-0
None-gene-44640836	35571	0.0	None-gene-44640836-0
None-gene-44674965	35572	2.59e-35	None-gene-44674965-0
None-gene-44677903	35572	1.28e-04	None-gene-44677903-0
None-gene-44680470	35571	2.55e-45	None-gene-44680470-0
None-gene-44684619	35571	2.69e-174	None-gene-44684619-0
None-gene-44711898	35571	3.54e-36	None-gene-44711898-0
None-gene-44725816	35571	7.02e-18	None-gene-44725816-0
None-gene-44729601			None-gene-44729601-0
None-gene-44729783	35571	8.78e-30	None-gene-44729783-0
None-gene-44757727	35572	5.60e-72	None-gene-44757727-0
None-gene-44771894	35571	1.59e-12	None-gene-44771894-0
None-gene-44787274	35571	6.38e-47	None-gene-44787274-0
None-gene-44821005	35571	4.43e-64	None-gene-44821005-0
None-gene-44844596	7184	6.96e-39	None-gene-44844596-0
None-gene-44844636	51543	3.47e-08	None-gene-44844636-0
None-gene-44925923	35571	4.45e-122	None-gene-44925923-0
None-gene-44957654			None-gene-44957654-0
None-gene-44961726	35572	1.37e-94	None-gene-44961726-0
None-gene-44981092	35571	2.91e-75	None-gene-44981092-0
None-gene-44993001	35571	2.95e-112	None-gene-44993001-0
None-gene-44995103	35571	1.48e-33	None-gene-44995103-0
None-gene-45007220	35571	4.61e-17	None-gene-45007220-0
None-gene-45025876	35571	0.0	None-gene-45025876-0
None-gene-45054895	35572	2.26e-100	None-gene-45054895-0
None-gene-45055406	7375	3.25e-08	None-gene-45055406-0
None-gene-45056911	35572	2.92e-96	None-gene-45056911-0
None-gene-45059489	7184	1.72e-14	None-gene-45059489-0
None-gene-45062104	35572	5.02e-40	None-gene-45062104-0
None-gene-45066652	35571	4.79e-61	None-gene-45066652-0
None-gene-45074958	35571	1.92e-206	None-gene-45074958-0
None-gene-45082954	35571	1.12e-58	None-gene-45082954-0
None-gene-45091983	35571	6.71e-16	None-gene-45091983-0
None-gene-45097574	35571	1.52e-76	None-gene-45097574-0
None-gene-45106878			None-gene-45106878-0
None-gene-45124233	35571	7.19e-15	None-gene-45124233-0
None-gene-45157860	35571	5.85e-85	None-gene-45157860-0
None-gene-45161748	35571	2.75e-75	None-gene-45161748-0
None-gene-45207526	35571	1.00e-14	None-gene-45207526-0
None-gene-45237493			None-gene-45237493-0
None-gene-45238538	35571	3.95e-194	None-gene-45238538-0
None-gene-45241988			None-gene-45241988-0
None-gene-45266771	35571	1.68e-212	None-gene-45266771-0
None-gene-45275002	35571	5.13e-93	None-gene-45275002-0
None-gene-45310251	7148	3.52e-22	None-gene-45310251-0
None-gene-45335732			None-gene-45335732-0
None-gene-45342883	35572	4.62e-26	None-gene-45342883-0
None-gene-45359904	35572	8.34e-21	None-gene-45359904-0
None-gene-45395778	7184	1.81e-05	None-gene-45395778-0
None-gene-45460315	35571	0.0	None-gene-45460315-0
None-gene-45467474	7148	1.38e-27	None-gene-45467474-0
None-gene-45474218	35571	1.09e-43	None-gene-45474218-0
None-gene-45479507	35571	1.54e-107	None-gene-45479507-0
None-gene-45485536	35571	9.45e-115	None-gene-45485536-0
None-gene-45489617	35571	3.15e-15	None-gene-45489617-0
None-gene-45491655	35571	1.93e-30	None-gene-45491655-0
None-gene-45495692	35571	6.43e-41	None-gene-45495692-0
None-gene-45499684	35571	4.74e-04	None-gene-45499684-0
None-gene-45501731	35571	0.0	None-gene-45501731-0
None-gene-45508944	35571	2.23e-31	None-gene-45508944-0
None-gene-45511909			None-gene-45511909-0
None-gene-45519392	35571	8.01e-304	None-gene-45519392-0
None-gene-45541729	7184	6.39e-71	None-gene-45541729-0
None-gene-45541794			None-gene-45541794-0
None-gene-45543368			None-gene-45543368-0
None-gene-45546799	35571	7.01e-120	None-gene-45546799-0
None-gene-45548785	300112	7.23e-11	None-gene-45548785-0
None-gene-45551800	35571	5.77e-107	None-gene-45551800-0
None-gene-45555629	35571	4.29e-165	None-gene-45555629-0
None-gene-45558093	35571	1.61e-107	None-gene-45558093-0
None-gene-45562108	35571	1.17e-08	None-gene-45562108-0
None-gene-45575909	35571	1.66e-148	None-gene-45575909-0
None-gene-45593589	35571	7.97e-192	None-gene-45593589-0
None-gene-45647086	35571	1.37e-22	None-gene-45647086-0
None-gene-45650241	33392	2.05e-35	None-gene-45650241-0
None-gene-45691404	35571	6.05e-18	None-gene-45691404-0
None-gene-45715674	35571	1.74e-186	None-gene-45715674-0
None-gene-45731480	35571	1.96e-79	None-gene-45731480-0
None-gene-45734897	35571	1.30e-294	None-gene-45734897-0
None-gene-45739232	35571	5.90e-164	None-gene-45739232-0
None-gene-45755630	35571	3.99e-23	None-gene-45755630-0
None-gene-45758762	35571	4.14e-72	None-gene-45758762-0
None-gene-45761898	7148	6.26e-16	None-gene-45761898-0
None-gene-45781291	35571	1.72e-19	None-gene-45781291-0
None-gene-45788192	7184	3.70e-67	None-gene-45788192-0
None-gene-45791882	35571	2.48e-57	None-gene-45791882-0
None-gene-45795455	33392	3.16e-07	None-gene-45795455-0
None-gene-45812356	35571	1.68e-56	None-gene-45812356-0
None-gene-45935121	33392	6.83e-22	None-gene-45935121-0
None-gene-45936354	7148	6.37e-19	None-gene-45936354-0
None-gene-45939626	35571	1.12e-61	None-gene-45939626-0
None-gene-45952211	35571	4.26e-27	None-gene-45952211-0
None-gene-45969227	35571	9.05e-05	None-gene-45969227-0
None-gene-45977613	35571	1.42e-53	None-gene-45977613-0
None-gene-45982192	35571	1.09e-162	None-gene-45982192-0
None-gene-45987781	35572	1.15e-22	None-gene-45987781-0
None-gene-46014448	41830	3.28e-10	None-gene-46014448-0
None-gene-46020726			None-gene-46020726-0
None-gene-46023332			None-gene-46023332-0
None-gene-46028102	35571	1.17e-121	None-gene-46028102-0
None-gene-46033019	35571	3.74e-112	None-gene-46033019-0
None-gene-46037773	35571	7.95e-47	None-gene-46037773-0
None-gene-46042364	35571	8.55e-35	None-gene-46042364-0
None-gene-46046846	35572	3.48e-14	None-gene-46046846-0
None-gene-46049800	7147	3.32e-45	None-gene-46049800-0
None-gene-46051098	35572	3.75e-56	None-gene-46051098-0
None-gene-46082820	265458	4.56e-17	None-gene-46082820-0
None-gene-46086349	35571	2.31e-162	None-gene-46086349-0
None-gene-46088054	35571	1.25e-08	None-gene-46088054-0
None-gene-46091050	35571	1.29e-72	None-gene-46091050-0
None-gene-46092249	35571	6.41e-127	None-gene-46092249-0
None-gene-46093415	7148	7.58e-69	None-gene-46093415-0
None-gene-46104616	35571	1.08e-07	None-gene-46104616-0
None-gene-46110151	35572	7.11e-235	None-gene-46110151-0
None-gene-46114250	35572	3.35e-17	None-gene-46114250-0
None-gene-46125861	35571	4.08e-189	None-gene-46125861-0
None-gene-46126772	35571	2.63e-97	None-gene-46126772-0
None-gene-46129876	35571	8.76e-57	None-gene-46129876-0
None-gene-46135288	35572	6.32e-30	None-gene-46135288-0
None-gene-46144600	33392	1.40e-21	None-gene-46144600-0
None-gene-46145686			None-gene-46145686-0
None-gene-46148783	35571	8.19e-89	None-gene-46148783-0
None-gene-46170954	35571	6.86e-71	None-gene-46170954-0
None-gene-46188502	35571	1.43e-15	None-gene-46188502-0
None-gene-46193509	35571	2.32e-70	None-gene-46193509-0
None-gene-46200013	35571	7.21e-158	None-gene-46200013-0
None-gene-46213804	35572	3.51e-47	None-gene-46213804-0
None-gene-46219082	35572	2.21e-23	None-gene-46219082-0
None-gene-46227221	35571	4.12e-108	None-gene-46227221-0
None-gene-46250963	35571	3.11e-18	None-gene-46250963-0
None-gene-46265637	7148	2.11e-07	None-gene-46265637-0
None-gene-46284121	35571	5.11e-200	None-gene-46284121-0
None-gene-46285518	343691	1.62e-10	None-gene-46285518-0
None-gene-46287150	33392	4.13e-04	None-gene-46287150-0
None-gene-46297442	35571	6.23e-12	None-gene-46297442-0
None-gene-46320617	35571	2.16e-106	None-gene-46320617-0
None-gene-46323432	33392	4.73e-15	None-gene-46323432-0
None-gene-46326194	35571	1.82e-48	None-gene-46326194-0
None-gene-46347728	35571	4.95e-42	None-gene-46347728-0
None-gene-46356078	35571	9.81e-49	None-gene-46356078-0
None-gene-46368779	35571	1.86e-142	None-gene-46368779-0
None-gene-46370739			None-gene-46370739-0
None-gene-46387816	35571	3.83e-86	None-gene-46387816-0
None-gene-46390487	35571	1.92e-148	None-gene-46390487-0
None-gene-46393963	35571	2.75e-63	None-gene-46393963-0
None-gene-46401603	6956	1.94e-19	None-gene-46401603-0
None-gene-46401619	41830	8.80e-49	None-gene-46401619-0
None-gene-46403842	35571	7.92e-39	None-gene-46403842-0
None-gene-46404985			None-gene-46404985-0
None-gene-46407845	35571	3.10e-131	None-gene-46407845-0
None-gene-46416423	35571	8.39e-57	None-gene-46416423-0
None-gene-46419068	35571	9.73e-23	None-gene-46419068-0
None-gene-46426807	7184	3.17e-12	None-gene-46426807-0
None-gene-46601390	7198	8.73e-28	None-gene-46601390-0
None-gene-46612095	35572	2.68e-19	None-gene-46612095-0
None-gene-46646998	115081	3.16e-16	None-gene-46646998-0
None-gene-46673743	35572	9.90e-09	None-gene-46673743-0
None-gene-46680023	35571	1.35e-64	None-gene-46680023-0
None-gene-46705855	33392	3.11e-66	None-gene-46705855-0
None-gene-46731555	35572	1.56e-31	None-gene-46731555-0
None-gene-46734587	35571	1.70e-169	None-gene-46734587-0
None-gene-46741627			None-gene-46741627-0
None-gene-46746605			None-gene-46746605-0
None-gene-46760098	35572	1.24e-24	None-gene-46760098-0
None-gene-46773015	35572	1.28e-88	None-gene-46773015-0
None-gene-46779553	33392	1.52e-40	None-gene-46779553-0
None-gene-46796697	35571	5.55e-157	None-gene-46796697-0
None-gene-46797963	35572	1.53e-10	None-gene-46797963-0
None-gene-46800658			None-gene-46800658-0
None-gene-46801606	35572	5.28e-16	None-gene-46801606-0
None-gene-46816777	35571	4.95e-73	None-gene-46816777-0
None-gene-46831630	35571	3.20e-23	None-gene-46831630-0
None-gene-46850728			None-gene-46850728-0
None-gene-46851417	35571	1.28e-45	None-gene-46851417-0
None-gene-46853986	35571	1.55e-04	None-gene-46853986-0
None-gene-46856042	35571	7.52e-57	None-gene-46856042-0
None-gene-46858737	35572	7.17e-199	None-gene-46858737-0
None-gene-46860834	35571	1.95e-64	None-gene-46860834-0
None-gene-46864994	33392	3.78e-46	None-gene-46864994-0
None-gene-46866249	7184	9.47e-207	None-gene-46866249-0
None-gene-46870682	35571	4.19e-152	None-gene-46870682-0
None-gene-46874871	35571	3.36e-43	None-gene-46874871-0
None-gene-46883566	35571	0.0	None-gene-46883566-0
None-gene-46884276	33317	3.61e-11	None-gene-46884276-0
None-gene-46886783	35571	5.84e-101	None-gene-46886783-0
None-gene-46890350	35571	7.51e-169	None-gene-46890350-0
None-gene-46895178			None-gene-46895178-0
None-gene-46901727	35571	3.89e-45	None-gene-46901727-0
None-gene-46909635	35571	1.31e-147	None-gene-46909635-0
None-gene-46910325	4892	1.23e-27	None-gene-46910325-0
None-gene-46917645	35571	5.48e-245	None-gene-46917645-0
None-gene-46918117	7137	2.17e-11	None-gene-46918117-0
None-gene-46933959	35571	1.36e-13	None-gene-46933959-0
None-gene-46949853	7184	1.33e-10	None-gene-46949853-0
None-gene-46982038	35571	7.59e-45	None-gene-46982038-0
None-gene-46989538	35571	1.17e-15	None-gene-46989538-0
None-gene-46996940	35571	2.64e-56	None-gene-46996940-0
None-gene-46999071			None-gene-46999071-0
None-gene-47000099	35571	6.20e-80	None-gene-47000099-0
None-gene-47006497	35572	7.37e-21	None-gene-47006497-0
None-gene-47009405	35571	3.22e-126	None-gene-47009405-0
None-gene-47014707	35571	1.60e-05	None-gene-47014707-0
None-gene-47017662	197562	6.45e-08	None-gene-47017662-0
None-gene-47024234	33392	1.10e-27	None-gene-47024234-0
None-gene-47027635	35572	7.27e-55	None-gene-47027635-0
None-gene-47032355	7198	1.29e-66	None-gene-47032355-0
None-gene-47042930	35571	1.61e-38	None-gene-47042930-0
None-gene-47047411	7148	4.21e-116	None-gene-47047411-0
None-gene-47055049	35571	1.28e-28	None-gene-47055049-0
None-gene-47065802	35571	7.63e-67	None-gene-47065802-0
None-gene-47067441	6954	1.88e-09	None-gene-47067441-0
None-gene-47067759			None-gene-47067759-0
None-gene-47076387	35571	2.38e-89	None-gene-47076387-0
None-gene-47103267	35571	6.85e-103	None-gene-47103267-0
None-gene-47104597	35571	2.80e-23	None-gene-47104597-0
None-gene-47146641	35571	1.61e-110	None-gene-47146641-0
None-gene-47155330	35571	8.83e-204	None-gene-47155330-0
None-gene-47159596	35571	2.97e-18	None-gene-47159596-0
None-gene-47164229	35571	7.89e-50	None-gene-47164229-0
None-gene-47166774	104431	1.89e-45	None-gene-47166774-0
None-gene-47195472	35571	1.02e-74	None-gene-47195472-0
None-gene-47205427	35571	7.62e-97	None-gene-47205427-0
None-gene-47205583			None-gene-47205583-0
None-gene-47211278			None-gene-47211278-0
None-gene-47213498	35571	1.11e-27	None-gene-47213498-0
None-gene-47224573	7184	2.06e-50	None-gene-47224573-0
None-gene-47225917			None-gene-47225917-0
None-gene-47229238	35572	4.53e-09	None-gene-47229238-0
None-gene-47238878	35572	6.76e-05	None-gene-47238878-0
None-gene-47302577	7148	1.62e-68	None-gene-47302577-0
None-gene-47307525	35571	2.81e-94	None-gene-47307525-0
None-gene-47314673	35571	4.12e-167	None-gene-47314673-0
None-gene-47329268	35571	1.36e-07	None-gene-47329268-0
None-gene-47336866	35571	4.32e-169	None-gene-47336866-0
None-gene-47339570	35571	1.16e-34	None-gene-47339570-0
None-gene-47343776	35571	5.16e-190	None-gene-47343776-0
None-gene-47347901	35571	1.85e-61	None-gene-47347901-0
None-gene-47348149			None-gene-47348149-0
None-gene-47352082	35571	6.60e-30	None-gene-47352082-0
None-gene-47354420	35571	7.87e-24	None-gene-47354420-0
None-gene-47361019	35571	1.02e-127	None-gene-47361019-0
None-gene-47363577	35571	2.61e-45	None-gene-47363577-0
None-gene-47367154	35571	2.44e-216	None-gene-47367154-0
None-gene-47374431	35571	1.21e-173	None-gene-47374431-0
None-gene-47376840	7184	3.22e-54	None-gene-47376840-0
None-gene-47415500	35571	5.36e-110	None-gene-47415500-0
None-gene-47422612	35571	1.96e-177	None-gene-47422612-0
None-gene-47426486	35572	0.0	None-gene-47426486-0
None-gene-47429157			None-gene-47429157-0
None-gene-47429442	35572	1.93e-16	None-gene-47429442-0
None-gene-47436462	35571	1.03e-198	None-gene-47436462-0
None-gene-47452586	35571	2.67e-89	None-gene-47452586-0
None-gene-47467930	35571	8.00e-76	None-gene-47467930-0
None-gene-47482661	35571	1.51e-199	None-gene-47482661-0
None-gene-47484385			None-gene-47484385-0
None-gene-47494828	35571	4.31e-31	None-gene-47494828-0
None-gene-47503630	35571	1.37e-128	None-gene-47503630-0
None-gene-47504568	158441	6.50e-12	None-gene-47504568-0
None-gene-47513023			None-gene-47513023-0
None-gene-47521993	35571	5.24e-112	None-gene-47521993-0
None-gene-47531653			None-gene-47531653-0
None-gene-47532584	35571	3.98e-16	None-gene-47532584-0
None-gene-47533858	35571	4.55e-272	None-gene-47533858-0
None-gene-47536358	35571	5.72e-99	None-gene-47536358-0
None-gene-47541285	35571	1.52e-79	None-gene-47541285-0
None-gene-47551408	35571	1.81e-175	None-gene-47551408-0
None-gene-47555094	230148	2.19e-06	None-gene-47555094-0
None-gene-47565116	35572	0.0	None-gene-47565116-0
None-gene-47590653	35571	6.13e-15	None-gene-47590653-0
None-gene-47596523	343691	1.61e-15	None-gene-47596523-0
None-gene-47620043	35571	5.28e-08	None-gene-47620043-0
None-gene-47642311	7184	3.85e-06	None-gene-47642311-0
None-gene-47652465	35571	5.92e-75	None-gene-47652465-0
None-gene-47653309			None-gene-47653309-0
None-gene-47654043	35571	9.17e-43	None-gene-47654043-0
None-gene-47657356			None-gene-47657356-0
None-gene-47660305	35571	1.50e-36	None-gene-47660305-0
None-gene-47666825	35571	9.51e-05	None-gene-47666825-0
None-gene-47691127	35571	3.99e-09	None-gene-47691127-0
None-gene-47697814	35571	5.47e-218	None-gene-47697814-0
None-gene-47712334	35571	1.17e-29	None-gene-47712334-0
None-gene-47722150	33392	7.48e-11	None-gene-47722150-0
None-gene-47734136	35572	1.35e-12	None-gene-47734136-0
None-gene-47758104	35571	3.09e-89	None-gene-47758104-0
None-gene-47780795	35571	1.03e-178	None-gene-47780795-0
None-gene-47820462			None-gene-47820462-0
None-gene-47831255	35571	2.38e-176	None-gene-47831255-0
None-gene-47831262			None-gene-47831262-0
None-gene-47846515	7148	1.24e-11	None-gene-47846515-0
None-gene-47889359	35571	3.42e-85	None-gene-47889359-0
None-gene-47895142	35571	7.26e-147	None-gene-47895142-0
None-gene-47910638	35571	1.16e-142	None-gene-47910638-0
None-gene-47912793	35571	1.25e-89	None-gene-47912793-0
None-gene-47915030	35571	1.60e-242	None-gene-47915030-0
None-gene-47919559	35571	7.33e-10	None-gene-47919559-0
None-gene-47923889	35571	8.24e-04	None-gene-47923889-0
None-gene-47925367	35571	1.01e-06	None-gene-47925367-0
None-gene-47930153	35571	1.68e-159	None-gene-47930153-0
None-gene-47937907	35571	7.39e-65	None-gene-47937907-0
None-gene-47939415	35571	2.36e-49	None-gene-47939415-0
None-gene-47942091	35571	1.32e-184	None-gene-47942091-0
None-gene-47948464	35571	4.69e-71	None-gene-47948464-0
None-gene-47959262	35571	2.38e-66	None-gene-47959262-0
None-gene-47962651	35571	2.22e-17	None-gene-47962651-0
None-gene-47970626	35571	2.52e-12	None-gene-47970626-0
None-gene-47972248	35571	1.73e-41	None-gene-47972248-0
None-gene-47977857	35571	3.66e-44	None-gene-47977857-0
None-gene-47984514	33340	3.48e-115	None-gene-47984514-0
None-gene-47985074			None-gene-47985074-0
None-gene-47988678			None-gene-47988678-0
None-gene-47990087	33392	7.55e-40	None-gene-47990087-0
None-gene-47993856	71814	5.56e-63	None-gene-47993856-0
None-gene-48000733	71814	9.17e-74	None-gene-48000733-0
None-gene-48003220	35571	0.0	None-gene-48003220-0
None-gene-48020676	35571	3.19e-277	None-gene-48020676-0
None-gene-48022118	35571	2.28e-54	None-gene-48022118-0
None-gene-48059624	35571	2.09e-31	None-gene-48059624-0
None-gene-48059860	35571	3.52e-32	None-gene-48059860-0
None-gene-48060362	35571	2.30e-254	None-gene-48060362-0
None-gene-48067175	41830	1.47e-08	None-gene-48067175-0
None-gene-48071434	41830	1.65e-42	None-gene-48071434-0
None-gene-48074095	35571	5.07e-200	None-gene-48074095-0
None-gene-48094064	35572	3.40e-147	None-gene-48094064-0
None-gene-48104965	35571	1.95e-39	None-gene-48104965-0
None-gene-48110757	35571	2.10e-27	None-gene-48110757-0
None-gene-48146361	35571	3.24e-111	None-gene-48146361-0
None-gene-48171494	35571	9.71e-75	None-gene-48171494-0
None-gene-48172585	35571	6.59e-167	None-gene-48172585-0
None-gene-48179958	35571	8.98e-67	None-gene-48179958-0
None-gene-48183855	35571	1.07e-218	None-gene-48183855-0
None-gene-48192440	35571	6.42e-47	None-gene-48192440-0
None-gene-48198086	35571	4.56e-68	None-gene-48198086-0
None-gene-48199029			None-gene-48199029-0
None-gene-48199213			None-gene-48199213-0
None-gene-48200455	35571	4.32e-182	None-gene-48200455-0
None-gene-48209661	7159	7.83e-59	None-gene-48209661-0
None-gene-48220198	35571	0.0	None-gene-48220198-0
None-gene-48231139	35571	3.80e-94	None-gene-48231139-0
None-gene-48237366	35571	8.35e-151	None-gene-48237366-0
None-gene-48238329	35571	1.89e-75	None-gene-48238329-0
None-gene-48241371	33392	1.34e-08	None-gene-48241371-0
None-gene-48241975			None-gene-48241975-0
None-gene-48246484	35572	1.06e-143	None-gene-48246484-0
None-gene-48249162			None-gene-48249162-0
None-gene-48253230	35571	3.52e-219	None-gene-48253230-0
None-gene-48256578	35571	2.42e-78	None-gene-48256578-0
None-gene-48260099	35571	1.89e-135	None-gene-48260099-0
None-gene-48261822	35571	0.0	None-gene-48261822-0
None-gene-48267249	136037	1.04e-18	None-gene-48267249-0
None-gene-48278193	33392	9.69e-13	None-gene-48278193-0
None-gene-48289632	35571	1.52e-53	None-gene-48289632-0
None-gene-48290405			None-gene-48290405-0
None-gene-48308882	35571	4.40e-22	None-gene-48308882-0
None-gene-48328858	35571	2.08e-73	None-gene-48328858-0
None-gene-48351314	35571	1.07e-24	None-gene-48351314-0
None-gene-48356475	35571	1.08e-78	None-gene-48356475-0
None-gene-48359084			None-gene-48359084-0
None-gene-48362247	35571	4.13e-112	None-gene-48362247-0
None-gene-48363251	35571	9.44e-13	None-gene-48363251-0
None-gene-48363405	33213	1.80e-07	None-gene-48363405-0
None-gene-48364827	35571	4.64e-21	None-gene-48364827-0
None-gene-48364995	210409	5.02e-09	None-gene-48364995-0
None-gene-48366202	230148	1.27e-04	None-gene-48366202-0
None-gene-48374835	35572	3.43e-24	None-gene-48374835-0
None-gene-48397396	35571	1.28e-41	None-gene-48397396-0
None-gene-48409874	35571	2.68e-285	None-gene-48409874-0
None-gene-48410413	307492	5.89e-49	None-gene-48410413-0
None-gene-48410834	33340	6.03e-08	None-gene-48410834-0
None-gene-48411592	35571	4.37e-78	None-gene-48411592-0
None-gene-48415130	35571	5.13e-115	None-gene-48415130-0
None-gene-48452128	35571	1.17e-30	None-gene-48452128-0
None-gene-48458055	7396	7.53e-17	None-gene-48458055-0
None-gene-48460395			None-gene-48460395-0
None-gene-48474985	35571	5.36e-27	None-gene-48474985-0
None-gene-48477304	35571	2.42e-37	None-gene-48477304-0
None-gene-48478356	35572	1.28e-07	None-gene-48478356-0
None-gene-48479365	35571	6.00e-41	None-gene-48479365-0
None-gene-48481736	35571	1.20e-27	None-gene-48481736-0
None-gene-48483217	35571	9.56e-61	None-gene-48483217-0
None-gene-48490809	35571	3.53e-24	None-gene-48490809-0
None-gene-48500579	35571	1.02e-37	None-gene-48500579-0
None-gene-48518676	35572	1.89e-67	None-gene-48518676-0
None-gene-48526528	35571	2.90e-85	None-gene-48526528-0
None-gene-48526675			None-gene-48526675-0
None-gene-48531492	35571	0.0	None-gene-48531492-0
None-gene-48542412	35571	4.32e-41	None-gene-48542412-0
None-gene-48543428			None-gene-48543428-0
None-gene-48544440	35571	2.23e-52	None-gene-48544440-0
None-gene-48560006	37567	1.67e-38	None-gene-48560006-0
None-gene-48591079	35571	9.85e-146	None-gene-48591079-0
None-gene-48607392	35571	3.10e-40	None-gene-48607392-0
None-gene-48614610	35571	2.06e-156	None-gene-48614610-0
None-gene-48619853	35571	2.71e-45	None-gene-48619853-0
None-gene-48647985	35571	4.44e-36	None-gene-48647985-0
None-gene-48671265	7198	1.95e-22	None-gene-48671265-0
None-gene-48686694	7148	1.80e-09	None-gene-48686694-0
None-gene-48726698	35571	1.47e-38	None-gene-48726698-0
None-gene-48739588	7148	9.56e-44	None-gene-48739588-0
None-gene-48749014	7148	1.17e-08	None-gene-48749014-0
None-gene-48749256	7148	1.24e-06	None-gene-48749256-0
None-gene-48766153			None-gene-48766153-0
None-gene-48773023	7184	3.02e-28	None-gene-48773023-0
None-gene-48773048	7147	3.94e-08	None-gene-48773048-0
None-gene-48777578	35571	4.07e-187	None-gene-48777578-0
None-gene-48788575	35571	6.61e-93	None-gene-48788575-0
None-gene-48809972	35571	2.41e-08	None-gene-48809972-0
None-gene-48834870			None-gene-48834870-0
None-gene-48836860	35571	6.76e-24	None-gene-48836860-0
None-gene-48844379	35571	1.93e-98	None-gene-48844379-0
None-gene-48859964	35571	3.51e-26	None-gene-48859964-0
None-gene-48864335	35571	1.17e-138	None-gene-48864335-0
None-gene-48870859	35571	6.48e-70	None-gene-48870859-0
None-gene-48873744	33392	3.49e-10	None-gene-48873744-0
None-gene-48874019	7148	1.19e-18	None-gene-48874019-0
None-gene-48886533	41830	2.55e-15	None-gene-48886533-0
None-gene-48905938	35571	0.0	None-gene-48905938-0
None-gene-48918255	35571	2.89e-142	None-gene-48918255-0
None-gene-48926733	35571	5.06e-32	None-gene-48926733-0
None-gene-48926989			None-gene-48926989-0
None-gene-48928691	976	1.40e-16	None-gene-48928691-0
None-gene-48932226	35571	6.09e-17	None-gene-48932226-0
None-gene-48937270	35571	4.27e-133	None-gene-48937270-0
None-gene-48937524	35688	5.83e-10	None-gene-48937524-0
None-gene-48940168	35571	1.28e-125	None-gene-48940168-0
None-gene-48943903	35571	0.0	None-gene-48943903-0
None-gene-48955734	71814	1.11e-08	None-gene-48955734-0
None-gene-48963018	7148	3.22e-10	None-gene-48963018-0
None-gene-48964147	35571	8.32e-86	None-gene-48964147-0
None-gene-48967053	35571	3.29e-193	None-gene-48967053-0
None-gene-48971030	35571	6.34e-129	None-gene-48971030-0
None-gene-48974457	35571	3.36e-106	None-gene-48974457-0
None-gene-48977522	35572	1.85e-47	None-gene-48977522-0
None-gene-48986552	35572	4.29e-04	None-gene-48986552-0
None-gene-49001450	35571	6.73e-62	None-gene-49001450-0
None-gene-49014013	35571	7.09e-61	None-gene-49014013-0
None-gene-49018090	35571	4.70e-29	None-gene-49018090-0
None-gene-49021342			None-gene-49021342-0
None-gene-49067304			None-gene-49067304-0
None-gene-49070572	35572	1.05e-110	None-gene-49070572-0
None-gene-49071859	35571	1.32e-103	None-gene-49071859-0
None-gene-49076416	35571	1.50e-148	None-gene-49076416-0
None-gene-49077383	2755281	2.87e-12	None-gene-49077383-0
None-gene-49086893	33392	1.75e-16	None-gene-49086893-0
None-gene-49093349	33392	9.22e-13	None-gene-49093349-0
None-gene-49100150	7147	1.31e-14	None-gene-49100150-0
None-gene-49122265			None-gene-49122265-0
None-gene-49152303	35571	3.04e-57	None-gene-49152303-0
None-gene-49194782	33392	2.42e-16	None-gene-49194782-0
None-gene-49223397	35571	2.18e-40	None-gene-49223397-0
None-gene-49284300	33392	4.66e-64	None-gene-49284300-0
None-gene-49294427	33392	4.39e-38	None-gene-49294427-0
None-gene-49299988	33392	3.28e-46	None-gene-49299988-0
None-gene-49315873	35572	2.00e-88	None-gene-49315873-0
None-gene-49346994	35572	6.15e-17	None-gene-49346994-0
None-gene-49351042	35571	1.65e-14	None-gene-49351042-0
None-gene-49370814	35571	1.43e-45	None-gene-49370814-0
None-gene-49385356	33392	7.53e-12	None-gene-49385356-0
None-gene-49393289	35571	0.0	None-gene-49393289-0
None-gene-49393984	45954	1.37e-04	None-gene-49393984-0
None-gene-49396816			None-gene-49396816-0
None-gene-49417304	35571	5.08e-99	None-gene-49417304-0
None-gene-49434239	7148	1.47e-18	None-gene-49434239-0
None-gene-49445550	35571	1.26e-20	None-gene-49445550-0
None-gene-49476791	7148	9.82e-25	None-gene-49476791-0
None-gene-49478771	35571	8.59e-24	None-gene-49478771-0
None-gene-49516970	35571	1.94e-131	None-gene-49516970-0
None-gene-49540029	35571	1.47e-17	None-gene-49540029-0
None-gene-49541618	35571	1.80e-29	None-gene-49541618-0
None-gene-49545548	35571	7.31e-15	None-gene-49545548-0
None-gene-49608419	35571	8.42e-123	None-gene-49608419-0
None-gene-49628422	35571	2.14e-204	None-gene-49628422-0
None-gene-49629921	35571	1.10e-56	None-gene-49629921-0
None-gene-49662927	7147	8.69e-08	None-gene-49662927-0
None-gene-49664042	35572	8.52e-15	None-gene-49664042-0
None-gene-49693320	35572	8.57e-99	None-gene-49693320-0
None-gene-49709035	35571	8.86e-61	None-gene-49709035-0
None-gene-49748831	35571	4.51e-10	None-gene-49748831-0
None-gene-49759641	35571	1.97e-19	None-gene-49759641-0
None-gene-49772142	6960	5.92e-13	None-gene-49772142-0
None-gene-49783220	35571	1.86e-11	None-gene-49783220-0
None-gene-49791428	7148	2.90e-08	None-gene-49791428-0
None-gene-49792524	35571	1.29e-50	None-gene-49792524-0
None-gene-49823764	33392	1.66e-22	None-gene-49823764-0
None-gene-49832072	35571	9.23e-31	None-gene-49832072-0
None-gene-49834620	35571	1.50e-51	None-gene-49834620-0
None-gene-49836791	35571	1.28e-28	None-gene-49836791-0
None-gene-49847778	35571	2.39e-232	None-gene-49847778-0
None-gene-49863435	7148	4.88e-11	None-gene-49863435-0
None-gene-49888779	197562	4.37e-23	None-gene-49888779-0
None-gene-49897438	35572	1.10e-22	None-gene-49897438-0
None-gene-49936612	33392	4.01e-17	None-gene-49936612-0
None-gene-49938375	35571	3.41e-227	None-gene-49938375-0
None-gene-49940886	33392	8.54e-12	None-gene-49940886-0
None-gene-49942985	35572	2.29e-38	None-gene-49942985-0
None-gene-49947968	35571	8.97e-64	None-gene-49947968-0
None-gene-49987132	33392	9.19e-63	None-gene-49987132-0
None-gene-49993429	35571	1.54e-50	None-gene-49993429-0
None-gene-49995023			None-gene-49995023-0
None-gene-50001451	35571	1.83e-49	None-gene-50001451-0
None-gene-50006422	33392	2.68e-57	None-gene-50006422-0
None-gene-50011171	35572	4.19e-10	None-gene-50011171-0
None-gene-50014133	35571	4.20e-34	None-gene-50014133-0
None-gene-50034226	35571	2.91e-12	None-gene-50034226-0
None-gene-50035571	68888	9.35e-11	None-gene-50035571-0
None-gene-50036299	35571	1.29e-182	None-gene-50036299-0
None-gene-50037317	35571	2.62e-68	None-gene-50037317-0
None-gene-50039659	35571	0.0	None-gene-50039659-0
None-gene-50047929	35571	7.89e-07	None-gene-50047929-0
None-gene-50048581	6656	5.51e-10	None-gene-50048581-0
None-gene-50049019			None-gene-50049019-0
None-gene-50049680	35571	9.96e-11	None-gene-50049680-0
None-gene-50054039	35571	9.53e-105	None-gene-50054039-0
None-gene-50057885	35571	1.25e-40	None-gene-50057885-0
None-gene-50059131	7148	2.43e-05	None-gene-50059131-0
None-gene-50060666	35571	2.60e-77	None-gene-50060666-0
None-gene-50063044	35572	1.47e-15	None-gene-50063044-0
None-gene-50074185	35572	5.44e-26	None-gene-50074185-0
None-gene-50090619			None-gene-50090619-0
None-gene-50096115	35571	6.18e-219	None-gene-50096115-0
None-gene-50103423	33340	1.55e-07	None-gene-50103423-0
None-gene-50104145			None-gene-50104145-0
None-gene-50206723			None-gene-50206723-0
None-gene-50212344	456900	5.85e-80	None-gene-50212344-0
None-gene-50215081	8355	8.49e-06	None-gene-50215081-0
None-gene-50247708	35572	2.16e-27	None-gene-50247708-0
None-gene-50259178	35572	6.04e-49	None-gene-50259178-0
None-gene-50269437	1437201	4.55e-26	None-gene-50269437-0
None-gene-50297738	35571	1.11e-08	None-gene-50297738-0
None-gene-50325470	35571	7.94e-79	None-gene-50325470-0
None-gene-50326767			None-gene-50326767-0
None-gene-50349974			None-gene-50349974-0
None-gene-50388430	35571	2.71e-32	None-gene-50388430-0
None-gene-50393152	35571	8.83e-93	None-gene-50393152-0
None-gene-50405075	7148	5.48e-69	None-gene-50405075-0
None-gene-50409936	33392	1.93e-14	None-gene-50409936-0
None-gene-50439213	7148	2.70e-52	None-gene-50439213-0
None-gene-50472749	35571	3.31e-233	None-gene-50472749-0
None-gene-50473461	7159	7.72e-09	None-gene-50473461-0
None-gene-50485771			None-gene-50485771-0
None-gene-50532122	35571	6.79e-152	None-gene-50532122-0
None-gene-50534689	35571	1.50e-09	None-gene-50534689-0
None-gene-50582894	7184	4.57e-17	None-gene-50582894-0
None-gene-50595235	33392	2.10e-59	None-gene-50595235-0
None-gene-50595402			None-gene-50595402-0
None-gene-50600354	35571	8.71e-04	None-gene-50600354-0
None-gene-50609615	35571	2.95e-19	None-gene-50609615-0
None-gene-50611212	35571	1.79e-54	None-gene-50611212-0
None-gene-50626107	35571	1.55e-41	None-gene-50626107-0
None-gene-50628778	35571	4.79e-65	None-gene-50628778-0
None-gene-50632733	35571	1.50e-18	None-gene-50632733-0
None-gene-50639493	35571	5.06e-101	None-gene-50639493-0
None-gene-50647377	7184	1.04e-71	None-gene-50647377-0
None-gene-50649907	35571	9.40e-60	None-gene-50649907-0
None-gene-50655268	35572	6.53e-83	None-gene-50655268-0
None-gene-50657160	7147	9.83e-12	None-gene-50657160-0
None-gene-50660688	35571	1.08e-246	None-gene-50660688-0
None-gene-50668633			None-gene-50668633-0
None-gene-50684673	35571	1.45e-18	None-gene-50684673-0
None-gene-50703897	35571	2.30e-71	None-gene-50703897-0
None-gene-50714491	7148	1.75e-29	None-gene-50714491-0
None-gene-50748410	35571	2.89e-30	None-gene-50748410-0
None-gene-50791006	35571	9.98e-61	None-gene-50791006-0
None-gene-50792381	103775	6.65e-10	None-gene-50792381-0
None-gene-50792389	35571	9.51e-15	None-gene-50792389-0
None-gene-50800493	35571	4.85e-178	None-gene-50800493-0
None-gene-50807017	35571	4.48e-53	None-gene-50807017-0
None-gene-50807094			None-gene-50807094-0
None-gene-50809407	35571	2.93e-128	None-gene-50809407-0
None-gene-50811168	35571	3.84e-247	None-gene-50811168-0
None-gene-50816792	35572	3.41e-186	None-gene-50816792-0
None-gene-50822760	33317	1.06e-13	None-gene-50822760-0
None-gene-50832675	35572	9.54e-46	None-gene-50832675-0
None-gene-50835315	35572	8.64e-191	None-gene-50835315-0
None-gene-50848458	35571	4.95e-16	None-gene-50848458-0
None-gene-50848716	35571	0.0	None-gene-50848716-0
None-gene-50870508	7148	1.59e-17	None-gene-50870508-0
None-gene-50888837	35571	1.21e-232	None-gene-50888837-0
None-gene-50899331	35571	1.50e-14	None-gene-50899331-0
None-gene-50901854	35571	1.70e-67	None-gene-50901854-0
None-gene-50906222	7184	1.24e-59	None-gene-50906222-0
None-gene-50963944	35572	4.71e-13	None-gene-50963944-0
None-gene-50981863	41830	5.04e-15	None-gene-50981863-0
None-gene-50998485	35571	2.24e-119	None-gene-50998485-0
None-gene-51013665	35572	7.11e-26	None-gene-51013665-0
None-gene-51031592			None-gene-51031592-0
None-gene-51033783	35571	5.09e-147	None-gene-51033783-0
None-gene-51038458	35572	1.93e-39	None-gene-51038458-0
None-gene-51067667	35571	8.13e-124	None-gene-51067667-0
None-gene-51080653	35571	6.87e-102	None-gene-51080653-0
None-gene-51102417	7184	3.68e-140	None-gene-51102417-0
None-gene-51102600	34717	4.91e-05	None-gene-51102600-0
None-gene-51105946	35571	2.70e-228	None-gene-51105946-0
None-gene-51110761	35571	3.84e-09	None-gene-51110761-0
None-gene-51115660	35571	1.89e-155	None-gene-51115660-0
None-gene-51119745	35571	5.32e-101	None-gene-51119745-0
None-gene-51157567	35571	3.26e-46	None-gene-51157567-0
None-gene-51158102	7148	6.25e-17	None-gene-51158102-0
None-gene-51165879	35571	9.10e-40	None-gene-51165879-0
None-gene-51172396	35571	3.71e-39	None-gene-51172396-0
None-gene-51183189	35571	2.99e-46	None-gene-51183189-0
None-gene-51196543	35571	3.17e-64	None-gene-51196543-0
None-gene-51221182	35571	1.87e-12	None-gene-51221182-0
None-gene-51269727	35571	8.17e-10	None-gene-51269727-0
None-gene-51272854	35571	2.21e-156	None-gene-51272854-0
None-gene-51285710	35571	6.27e-24	None-gene-51285710-0
None-gene-51297800	7184	5.68e-70	None-gene-51297800-0
None-gene-51297935	7147	5.33e-40	None-gene-51297935-0
None-gene-51302717	197562	1.86e-08	None-gene-51302717-0
None-gene-51457772	35572	5.15e-14	None-gene-51457772-0
None-gene-51492472	35571	2.18e-77	None-gene-51492472-0
None-gene-51496561	35571	6.04e-183	None-gene-51496561-0
None-gene-51632369	41830	1.45e-11	None-gene-51632369-0
None-gene-51638176	33340	5.32e-39	None-gene-51638176-0
None-gene-51639361	33392	1.10e-12	None-gene-51639361-0
None-gene-51645308	35572	1.83e-65	None-gene-51645308-0
None-gene-51701975	35571	3.37e-11	None-gene-51701975-0
None-gene-51761825	7147	9.81e-13	None-gene-51761825-0
None-gene-51798690	35571	8.35e-67	None-gene-51798690-0
None-gene-51811653	35571	3.49e-18	None-gene-51811653-0
None-gene-51817338	33392	1.08e-12	None-gene-51817338-0
None-gene-51824734	7184	3.94e-30	None-gene-51824734-0
None-gene-51828604	33392	5.02e-62	None-gene-51828604-0
None-gene-51854704	33392	1.28e-16	None-gene-51854704-0
None-gene-51869871	33392	1.34e-11	None-gene-51869871-0
None-gene-51871649	35571	1.25e-32	None-gene-51871649-0
None-gene-51890145	33392	2.54e-166	None-gene-51890145-0
None-gene-51890281	51655	1.50e-10	None-gene-51890281-0
None-gene-51903716	7184	1.20e-59	None-gene-51903716-0
None-gene-51906849	35571	1.55e-136	None-gene-51906849-0
None-gene-51911120	33392	5.26e-26	None-gene-51911120-0
None-gene-51912977	35571	6.22e-70	None-gene-51912977-0
None-gene-51914701	35571	1.02e-88	None-gene-51914701-0
None-gene-51918988	7148	5.64e-16	None-gene-51918988-0
None-gene-51977959	35571	2.85e-28	None-gene-51977959-0
None-gene-52002652	35571	4.48e-167	None-gene-52002652-0
None-gene-52023542	35571	1.19e-264	None-gene-52023542-0
None-gene-52024933	7184	1.42e-32	None-gene-52024933-0
None-gene-52028210			None-gene-52028210-0
None-gene-52067388	35571	2.32e-148	None-gene-52067388-0
None-gene-52074327	35572	0.0	None-gene-52074327-0
None-gene-52091055	35571	3.55e-76	None-gene-52091055-0
None-gene-52093195	35571	4.51e-09	None-gene-52093195-0
None-gene-52093684	433684	4.40e-05	None-gene-52093684-0
None-gene-52097735	2759	1.28e-06	None-gene-52097735-0
None-gene-52098066	35572	1.15e-50	None-gene-52098066-0
None-gene-52100614	7184	9.24e-19	None-gene-52100614-0
None-gene-52105157	35571	1.54e-78	None-gene-52105157-0
None-gene-52110829	35571	1.02e-18	None-gene-52110829-0
None-gene-52121910	35571	7.53e-17	None-gene-52121910-0
None-gene-52133930	45954	3.69e-10	None-gene-52133930-0
None-gene-52133950	33392	6.46e-10	None-gene-52133950-0
None-gene-52136494	35571	4.27e-35	None-gene-52136494-0
None-gene-52140138	35571	4.15e-72	None-gene-52140138-0
None-gene-52160156	35571	1.08e-45	None-gene-52160156-0
None-gene-52163894	33392	7.50e-44	None-gene-52163894-0
None-gene-52164337	33392	9.77e-84	None-gene-52164337-0
None-gene-52171513	35572	1.82e-83	None-gene-52171513-0
None-gene-52174266	37567	2.08e-36	None-gene-52174266-0
None-gene-52175512	2038154	6.70e-07	None-gene-52175512-0
None-gene-52191864	35572	2.73e-227	None-gene-52191864-0
None-gene-52197873	33392	6.35e-94	None-gene-52197873-0
None-gene-52225580	35572	2.04e-15	None-gene-52225580-0
None-gene-52273322	33392	9.93e-26	None-gene-52273322-0
None-gene-52321088	35572	6.01e-56	None-gene-52321088-0
None-gene-52328890	7148	1.13e-15	None-gene-52328890-0
None-gene-52349873	7148	1.17e-82	None-gene-52349873-0
None-gene-52397399	33340	1.39e-172	None-gene-52397399-0
None-gene-52414019			None-gene-52414019-0
None-gene-52427550	35571	2.91e-15	None-gene-52427550-0
None-gene-52495696	35571	1.20e-09	None-gene-52495696-0
None-gene-52503499	35571	1.71e-17	None-gene-52503499-0
None-gene-52547582	7148	4.19e-11	None-gene-52547582-0
None-gene-52554085	35571	3.17e-72	None-gene-52554085-0
None-gene-52555859			None-gene-52555859-0
None-gene-52561185			None-gene-52561185-0
None-gene-52571986	33392	1.56e-55	None-gene-52571986-0
None-gene-52581528	35571	3.10e-59	None-gene-52581528-0
None-gene-52605882	35571	6.23e-10	None-gene-52605882-0
None-gene-52607253	35571	2.52e-12	None-gene-52607253-0
None-gene-52607759	33392	2.36e-24	None-gene-52607759-0
None-gene-52611199	35571	1.05e-19	None-gene-52611199-0
None-gene-52637003	7184	1.39e-10	None-gene-52637003-0
None-gene-52655127	35572	1.28e-92	None-gene-52655127-0
None-gene-52656904	33392	4.23e-24	None-gene-52656904-0
None-gene-52657164	33392	4.28e-48	None-gene-52657164-0
None-gene-52670258	35571	1.24e-32	None-gene-52670258-0
None-gene-52676088	471704	3.93e-06	None-gene-52676088-0
None-gene-52690945	35571	2.11e-122	None-gene-52690945-0
None-gene-52696756	35571	5.20e-129	None-gene-52696756-0
None-gene-52697915	35572	3.23e-29	None-gene-52697915-0
None-gene-52705558	35571	1.07e-34	None-gene-52705558-0
None-gene-52709752	35571	2.62e-24	None-gene-52709752-0
None-gene-52725818			None-gene-52725818-0
None-gene-52725871	35571	5.39e-12	None-gene-52725871-0
None-gene-52750530	41830	6.59e-53	None-gene-52750530-0
None-gene-52754912	35571	1.35e-12	None-gene-52754912-0
None-gene-52793141	41830	6.57e-22	None-gene-52793141-0
None-gene-52807266	35571	2.27e-16	None-gene-52807266-0
None-gene-52836777	35571	2.52e-34	None-gene-52836777-0
None-gene-52872318	37567	1.99e-37	None-gene-52872318-0
None-gene-52873162	7147	1.36e-69	None-gene-52873162-0
None-gene-52903414	35572	1.12e-105	None-gene-52903414-0
None-gene-52950895			None-gene-52950895-0
None-gene-52952807	33392	8.16e-31	None-gene-52952807-0
None-gene-52967013	7148	5.46e-09	None-gene-52967013-0
None-gene-52967020	33392	6.36e-08	None-gene-52967020-0
None-gene-52984450	35571	1.66e-41	None-gene-52984450-0
None-gene-53009957			None-gene-53009957-0
None-gene-53021738	35571	8.95e-53	None-gene-53021738-0
None-gene-53032398	35571	3.43e-31	None-gene-53032398-0
None-gene-53041802	7148	9.28e-19	None-gene-53041802-0
None-gene-53053622	35571	3.75e-35	None-gene-53053622-0
None-gene-53067323	35571	1.30e-40	None-gene-53067323-0
None-gene-53067721	35571	1.37e-136	None-gene-53067721-0
None-gene-53091406	35571	1.25e-07	None-gene-53091406-0
None-gene-53098186	35571	1.11e-20	None-gene-53098186-0
None-gene-53111531	35571	4.75e-124	None-gene-53111531-0
None-gene-53127156			None-gene-53127156-0
None-gene-53131807	41830	4.08e-15	None-gene-53131807-0
None-gene-53133492	35571	1.07e-10	None-gene-53133492-0
None-gene-53143837	33392	1.16e-46	None-gene-53143837-0
None-gene-53145489	35571	2.94e-37	None-gene-53145489-0
None-gene-53148967	35571	5.69e-33	None-gene-53148967-0
None-gene-53150448	35572	1.11e-36	None-gene-53150448-0
None-gene-53151602	35571	3.99e-22	None-gene-53151602-0
None-gene-53152783	35571	3.14e-112	None-gene-53152783-0
None-gene-53158756	35571	5.50e-76	None-gene-53158756-0
None-gene-53173780	35571	8.32e-112	None-gene-53173780-0
None-gene-53196934	35571	1.44e-114	None-gene-53196934-0
None-gene-53197375			None-gene-53197375-0
None-gene-53226517	35571	4.62e-61	None-gene-53226517-0
None-gene-53247615	33392	4.28e-40	None-gene-53247615-0
None-gene-53249641	35571	2.52e-42	None-gene-53249641-0
None-gene-53254296	35571	3.99e-68	None-gene-53254296-0
None-gene-53263276	35572	7.28e-38	None-gene-53263276-0
None-gene-53269636	35571	1.55e-97	None-gene-53269636-0
None-gene-53276283	35571	9.35e-48	None-gene-53276283-0
None-gene-53283624	35571	3.48e-125	None-gene-53283624-0
None-gene-53290099	35571	1.39e-138	None-gene-53290099-0
None-gene-53293518	35571	1.60e-40	None-gene-53293518-0
None-gene-53295999	35571	0.0	None-gene-53295999-0
None-gene-53308232	7148	3.32e-11	None-gene-53308232-0
None-gene-53309054	35571	1.81e-78	None-gene-53309054-0
None-gene-53309479			None-gene-53309479-0
None-gene-53320845			None-gene-53320845-0
None-gene-53323294	35571	2.21e-217	None-gene-53323294-0
None-gene-53339391	1410327	5.85e-36	None-gene-53339391-0
None-gene-53341408			None-gene-53341408-0
None-gene-53343105			None-gene-53343105-0
None-gene-53350055	35572	6.13e-82	None-gene-53350055-0
None-gene-53352374	230148	7.09e-09	None-gene-53352374-0
None-gene-53404536	35571	1.36e-14	None-gene-53404536-0
None-gene-53416945	71814	2.41e-78	None-gene-53416945-0
None-gene-53429285	35571	2.62e-72	None-gene-53429285-0
None-gene-53433170	35571	2.33e-53	None-gene-53433170-0
None-gene-53435444	35571	4.45e-177	None-gene-53435444-0
None-gene-53443394	35571	2.00e-313	None-gene-53443394-0
None-gene-53449415	35571	2.13e-14	None-gene-53449415-0
None-gene-53454439	35571	1.65e-58	None-gene-53454439-0
None-gene-53456990	33392	2.85e-99	None-gene-53456990-0
None-gene-53468068	35572	1.08e-21	None-gene-53468068-0
None-gene-53480020	35571	1.83e-71	None-gene-53480020-0
None-gene-53507321	7148	4.04e-17	None-gene-53507321-0
None-gene-53541401	35571	1.65e-15	None-gene-53541401-0
None-gene-53553049	41830	1.46e-14	None-gene-53553049-0
None-gene-53563677	33392	3.71e-20	None-gene-53563677-0
None-gene-53575480	35572	2.21e-160	None-gene-53575480-0
None-gene-53586684	35571	1.90e-42	None-gene-53586684-0
None-gene-53593356	33392	3.25e-166	None-gene-53593356-0
None-gene-53594308	35572	5.99e-09	None-gene-53594308-0
None-gene-53598626	35571	0.0	None-gene-53598626-0
None-gene-53610027	35571	5.44e-43	None-gene-53610027-0
None-gene-53623637	35571	3.40e-93	None-gene-53623637-0
None-gene-53645521	35571	1.03e-86	None-gene-53645521-0
None-gene-53650189	35572	0.0	None-gene-53650189-0
None-gene-53667195	35571	1.81e-172	None-gene-53667195-0
None-gene-53677226	35572	3.06e-107	None-gene-53677226-0
None-gene-53681804	35571	1.84e-227	None-gene-53681804-0
None-gene-53690851	35571	3.64e-18	None-gene-53690851-0
None-gene-53701088	35571	1.58e-15	None-gene-53701088-0
None-gene-53702325	35571	3.27e-20	None-gene-53702325-0
None-gene-53720030	35571	7.45e-33	None-gene-53720030-0
None-gene-53720529	35571	8.74e-75	None-gene-53720529-0
None-gene-53721702	136037	2.18e-21	None-gene-53721702-0
None-gene-53721864	35571	2.70e-70	None-gene-53721864-0
None-gene-53722183			None-gene-53722183-0
None-gene-53730846	35571	8.99e-125	None-gene-53730846-0
None-gene-53730998			None-gene-53730998-0
None-gene-53745844	35571	1.92e-70	None-gene-53745844-0
None-gene-53749263	35571	1.69e-05	None-gene-53749263-0
None-gene-53754408	33392	1.53e-08	None-gene-53754408-0
None-gene-53755431	35571	3.35e-40	None-gene-53755431-0
None-gene-53799142	7147	2.66e-31	None-gene-53799142-0
None-gene-53839573	41084	2.96e-50	None-gene-53839573-0
None-gene-53847407	35571	2.06e-52	None-gene-53847407-0
None-gene-53849249	33392	4.32e-50	None-gene-53849249-0
None-gene-53870811	35571	5.02e-24	None-gene-53870811-0
None-gene-53889336	7148	7.55e-15	None-gene-53889336-0
None-gene-53889730	37567	5.05e-24	None-gene-53889730-0
None-gene-53891963	35571	9.52e-109	None-gene-53891963-0
None-gene-53904597	7184	7.45e-64	None-gene-53904597-0
None-gene-53910481	35572	1.15e-17	None-gene-53910481-0
None-gene-53916982	7147	7.50e-10	None-gene-53916982-0
None-gene-53927390	7148	2.42e-16	None-gene-53927390-0
None-gene-53982100	37567	2.61e-08	None-gene-53982100-0
None-gene-54008395	35571	6.87e-65	None-gene-54008395-0
None-gene-54034401	35571	7.18e-15	None-gene-54034401-0
None-gene-54037722	307491	8.87e-09	None-gene-54037722-0
None-gene-54054117	35571	5.27e-61	None-gene-54054117-0
None-gene-54056572	7184	3.35e-40	None-gene-54056572-0
None-gene-54082157	35571	1.34e-58	None-gene-54082157-0
None-gene-54098184	35571	6.27e-46	None-gene-54098184-0
None-gene-54099272	35571	2.06e-14	None-gene-54099272-0
None-gene-54103268	6960	8.70e-12	None-gene-54103268-0
None-gene-54111263	35572	5.96e-52	None-gene-54111263-0
None-gene-54138358			None-gene-54138358-0
None-gene-54140653	35571	2.57e-45	None-gene-54140653-0
None-gene-54159851	35571	4.64e-38	None-gene-54159851-0
None-gene-54160345	35571	9.32e-22	None-gene-54160345-0
None-gene-54174107	35572	1.34e-46	None-gene-54174107-0
None-gene-54175558	35571	1.22e-41	None-gene-54175558-0
None-gene-54176508	33392	3.06e-22	None-gene-54176508-0
None-gene-54184759	35572	5.57e-109	None-gene-54184759-0
None-gene-54192380	158441	3.56e-81	None-gene-54192380-0
None-gene-54193526	35572	6.94e-18	None-gene-54193526-0
None-gene-54201789			None-gene-54201789-0
None-gene-54204314	35571	7.59e-14	None-gene-54204314-0
None-gene-54204917	35571	2.13e-35	None-gene-54204917-0
None-gene-54211656	35571	6.31e-69	None-gene-54211656-0
None-gene-54213618	35571	5.16e-28	None-gene-54213618-0
None-gene-54214476	35571	4.86e-181	None-gene-54214476-0
None-gene-54219939	35571	5.23e-183	None-gene-54219939-0
None-gene-54225026	35572	1.40e-31	None-gene-54225026-0
None-gene-54227660	35572	8.84e-45	None-gene-54227660-0
None-gene-54231621	33317	3.45e-20	None-gene-54231621-0
None-gene-54234490	35571	4.77e-32	None-gene-54234490-0
None-gene-54235686	35571	1.05e-23	None-gene-54235686-0
None-gene-54237523	35571	4.20e-55	None-gene-54237523-0
None-gene-54242363	35571	1.94e-29	None-gene-54242363-0
None-gene-54299694	7148	1.35e-08	None-gene-54299694-0
None-gene-54313249	35571	7.81e-32	None-gene-54313249-0
None-gene-54325284	35571	1.03e-50	None-gene-54325284-0
None-gene-54340969	35571	7.09e-48	None-gene-54340969-0
None-gene-54344551	7184	8.11e-11	None-gene-54344551-0
None-gene-54345382	33392	4.53e-86	None-gene-54345382-0
None-gene-54345410	33392	2.99e-15	None-gene-54345410-0
None-gene-54361774	35571	6.42e-57	None-gene-54361774-0
None-gene-54366035	7148	5.87e-11	None-gene-54366035-0
None-gene-54395891	35571	6.90e-21	None-gene-54395891-0
None-gene-54397949	2530218	2.67e-51	None-gene-54397949-0
None-gene-54398951	35571	3.03e-80	None-gene-54398951-0
None-gene-54401436	35571	5.87e-60	None-gene-54401436-0
None-gene-54421291	35572	4.80e-07	None-gene-54421291-0
None-gene-54423979	35571	1.67e-91	None-gene-54423979-0
None-gene-54425037	35571	1.20e-19	None-gene-54425037-0
None-gene-54426850	35571	3.07e-08	None-gene-54426850-0
None-gene-54429683	35571	1.83e-34	None-gene-54429683-0
None-gene-54430629	7184	7.94e-159	None-gene-54430629-0
None-gene-54431008	7396	4.92e-45	None-gene-54431008-0
None-gene-54432398	35571	2.20e-30	None-gene-54432398-0
None-gene-54435035	35571	9.39e-80	None-gene-54435035-0
None-gene-54444611	35571	3.19e-04	None-gene-54444611-0
None-gene-54445830	35571	1.26e-33	None-gene-54445830-0
None-gene-54451420	35572	3.44e-39	None-gene-54451420-0
None-gene-54453314	63699	5.31e-38	None-gene-54453314-0
None-gene-54463277	35571	4.07e-32	None-gene-54463277-0
None-gene-54463873	35571	3.02e-44	None-gene-54463873-0
None-gene-54481472	6960	1.58e-55	None-gene-54481472-0
None-gene-54483504	33154	8.43e-14	None-gene-54483504-0
None-gene-54489340	35571	8.15e-29	None-gene-54489340-0
None-gene-54498633	33392	1.36e-18	None-gene-54498633-0
None-gene-54508986	35571	8.13e-36	None-gene-54508986-0
None-gene-54514157	35571	9.56e-17	None-gene-54514157-0
None-gene-54536508	35571	2.79e-28	None-gene-54536508-0
None-gene-54542709	35571	4.92e-32	None-gene-54542709-0
None-gene-54549613	35571	5.10e-16	None-gene-54549613-0
None-gene-54562729	35571	3.01e-210	None-gene-54562729-0
None-gene-54569802	35571	1.26e-104	None-gene-54569802-0
None-gene-54569878	6956	1.69e-10	None-gene-54569878-0
None-gene-54571137	35571	3.33e-09	None-gene-54571137-0
None-gene-54572647	35572	8.69e-59	None-gene-54572647-0
None-gene-54572678	6954	8.35e-07	None-gene-54572678-0
None-gene-54576890	35571	9.50e-67	None-gene-54576890-0
None-gene-54577449	35572	1.65e-04	None-gene-54577449-0
None-gene-54579134	35571	6.43e-31	None-gene-54579134-0
None-gene-54579507	7148	5.04e-23	None-gene-54579507-0
None-gene-54581583	35571	1.78e-102	None-gene-54581583-0
None-gene-54581609			None-gene-54581609-0
None-gene-54589047	35571	3.76e-69	None-gene-54589047-0
None-gene-54602868			None-gene-54602868-0
None-gene-54603911	35572	4.48e-17	None-gene-54603911-0
None-gene-54623000	35572	1.08e-19	None-gene-54623000-0
None-gene-54624765	35572	1.76e-41	None-gene-54624765-0
None-gene-54635867	33392	6.09e-17	None-gene-54635867-0
None-gene-54638779	7148	1.01e-12	None-gene-54638779-0
None-gene-54638959	35571	2.34e-16	None-gene-54638959-0
None-gene-54655532	35571	1.78e-13	None-gene-54655532-0
None-gene-54659583	200917	1.76e-04	None-gene-54659583-0
None-gene-54677072			None-gene-54677072-0
None-gene-54689015	35571	3.77e-74	None-gene-54689015-0
None-gene-54690975	35571	1.52e-16	None-gene-54690975-0
None-gene-54693925	35571	2.59e-85	None-gene-54693925-0
None-gene-54696261	35571	6.43e-07	None-gene-54696261-0
None-gene-54705962	35571	1.47e-19	None-gene-54705962-0
None-gene-54708060	35571	1.44e-39	None-gene-54708060-0
None-gene-54714483	35571	3.93e-87	None-gene-54714483-0
None-gene-54715468	35571	5.94e-84	None-gene-54715468-0
None-gene-54722025	41830	4.19e-19	None-gene-54722025-0
None-gene-54726360	7184	3.81e-19	None-gene-54726360-0
None-gene-54744691	33392	1.06e-09	None-gene-54744691-0
