1341	-1	239	4.073E-61	1	19961	21262	1449	239	0.336	8.513E-64	323	767	774	-21262	-19961	1302	21310	19952
768160	-1	239	4.073E-61	1	19964	21310	1449	239	0.332	1.160E-63	293	744	757	-21310	-19964	1347	21310	19952
791978	-1	249	3.978E-64	1	19976	21298	1449	249	0.346	5.094E-67	297	738	757	-21298	-19976	1323	21310	19952
792593	-1	403	1.742E-110	2	42787	44518	971	199	0.389	3.848E-52	23	308	602	-44518	-43628	891	44518	43625
792593	-1	403	1.742E-110	2	42787	44518	983	203	0.413	1.172E-53	310	588	602	-43611	-42787	825	43611	42748
806582	-1	236	3.259E-60	1	20069	21304	1449	236	0.349	1.008E-62	294	707	755	-21304	-20069	1236	21310	19952
851923	-1	159	4.924E-37	1	29119	29547	1269	159	0.571	5.230E-41	87	229	249	-29547	-29119	429	29547	29089
864083	1	249	3.978E-64	2	36685	37396	820	178	0.603	1.127E-43	0	149	283	36685	37134	450	36037	37251
864083	1	249	3.978E-64	2	36685	37396	823	99	0.621	2.544E-21	179	257	283	37160	37396	237	37139	37396
874590	-1	277	1.482E-72	1	42748	43554	983	277	0.532	2.954E-79	0	273	275	-43554	-42748	807	43611	42748
874684	-1	184	1.468E-44	1	42787	43611	983	184	0.379	2.044E-47	131	416	422	-43611	-42787	825	43611	42748
874982	-1	265	6.070E-69	1	42847	43611	983	265	0.535	4.992E-75	80	339	429	-43611	-42847	765	43611	42748
874988	-1	307	1.380E-81	1	42748	43611	983	307	0.549	9.145E-90	109	401	403	-43611	-42748	864	43611	42748
875432	-1	199	4.479E-49	1	43769	44518	971	199	0.441	2.816E-52	143	390	398	-44518	-43769	750	44518	43625
875794	-1	294	1.131E-77	1	42760	43611	983	294	0.535	4.007E-85	21	309	315	-43611	-42760	852	43611	42748
876000	-1	227	1.668E-57	1	43628	44518	971	227	0.429	6.409E-62	31	325	364	-44518	-43628	891	44518	43625
882851	1	75	9.525E-12	1	18025	18384	436	75	0.359	2.367E-11	2	122	133	18025	18384	360	17926	18474
883582	1	268	7.587E-70	2	36448	37381	820	213	0.491	1.403E-55	1	233	334	36448	37146	699	36037	37251
883582	1	268	7.587E-70	2	36448	37381	823	86	0.633	6.483E-17	266	332	334	37181	37381	201	37139	37396
925001	1	156	3.939E-36	1	37400	38134	842	156	0.374	4.254E-36	97	341	343	37400	38134	735	37400	38659
973997	-1	109	5.544E-22	1	43099	43380	983	109	0.587	7.153E-22	0	93	96	-43380	-43099	282	43611	42748
980773	1	139	5.163E-31	1	36310	37203	820	139	0.303	1.824E-30	124	412	423	36310	37203	894	36037	37251
981158	1	197	1.791E-48	1	37619	38503	842	197	0.388	6.789E-50	2	295	321	37619	38503	885	37400	38659
985188	-1	102	7.097E-20	1	28645	28929	1282	102	0.547	1.927E-20	28	122	123	-28929	-28645	285	28929	28360
1008467	-1	57	2.497E-06	1	28242	28400	1286	57	0.540	2.049E-06	7	59	66	-28400	-28242	159	28451	28119
1025844	1	331	8.226E-89	2	37181	38611	823	65	0.500	1.305E-09	59	125	636	37181	37381	201	37139	37396
1025844	1	331	8.226E-89	2	37181	38611	842	271	0.391	3.528E-75	132	534	636	37400	38611	1212	37400	38659
1025977	1	398	5.574E-109	3	36349	37939	820	209	0.439	5.727E-54	14	270	566	36349	37140	792	36037	37251
1025977	1	398	5.574E-109	3	36349	37939	823	78	0.567	5.068E-14	303	371	566	37175	37381	207	37139	37396
1025977	1	398	5.574E-109	3	36349	37939	842	147	0.448	4.450E-33	378	555	566	37400	37939	540	37400	38659
1032068	1	86	4.651E-15	1	18884	19393	449	86	0.309	2.698E-14	0	175	178	18884	19393	510	18665	19423
1041882	1	59	6.242E-07	1	18076	18366	436	59	0.347	5.250E-06	29	127	175	18076	18366	291	17926	18474
1048634	-1	99	5.677E-19	1	28131	28409	1286	99	0.546	5.805E-21	77	169	174	-28409	-28131	279	28451	28119
1048762	1	137	2.065E-30	1	38081	38611	842	137	0.429	1.105E-29	55	231	324	38081	38611	531	37400	38659
1049172	-1	98	1.135E-18	1	28119	28403	1286	98	0.525	2.057E-20	56	151	176	-28403	-28119	285	28451	28119
1049611	-1	144	1.614E-32	1	28420	28929	1282	144	0.459	5.280E-35	25	194	247	-28929	-28420	510	28929	28360
1049745	1	136	4.131E-30	1	38027	38569	842	136	0.421	1.490E-29	16	195	207	38027	38569	543	37400	38659
1050707	1	132	6.609E-29	1	38027	38611	842	132	0.388	5.398E-28	6	199	226	38027	38611	585	37400	38659
1061036	-1	232	5.214E-59	3	28489	29439	1269	109	0.513	1.263E-23	0	110	369	-29439	-29107	333	29547	29089
1061036	-1	232	5.214E-59	3	28489	29439	1273	41	0.485	9.703E-02	118	159	369	-29085	-28960	126	29085	28933
1061036	-1	232	5.214E-59	3	28489	29439	1282	97	0.379	8.147E-19	170	285	369	-28929	-28489	441	28929	28360
1079649	-1	178	9.392E-43	2	28314	28929	1282	139	0.454	2.289E-33	78	240	279	-28929	-28429	501	28929	28360
1079649	-1	178	9.392E-43	2	28314	28929	1286	42	0.621	4.345E-01	245	276	279	-28409	-28314	96	28451	28119
1080024	-1	102	7.097E-20	1	28125	28403	1286	102	0.558	6.344E-22	90	182	185	-28403	-28125	279	28451	28119
1087060	-1	224	1.335E-56	1	42757	43611	983	224	0.437	7.319E-61	108	386	391	-43611	-42757	855	43611	42748
1128529	-1	253	2.486E-65	3	28441	29547	1269	108	0.403	3.247E-23	28	178	493	-29547	-29098	450	29547	29089
1128529	-1	253	2.486E-65	3	28441	29547	1273	37	0.378	1.745E+00	180	232	493	-29085	-28936	150	29085	28933
1128529	-1	253	2.486E-65	3	28441	29547	1282	108	0.382	9.509E-23	235	396	493	-28929	-28441	489	28929	28360
1146651	-1	170	2.404E-40	1	42790	43611	983	170	0.350	2.090E-42	85	379	396	-43611	-42790	822	43611	42748
1153770	-1	198	8.957E-49	1	43670	44512	971	198	0.403	7.187E-52	255	519	535	-44512	-43670	843	44518	43625
1157061	-1	64	1.951E-08	1	28501	28749	1282	64	0.417	1.585E-07	3	82	134	-28749	-28501	249	28929	28360
1157116	-1	55	9.988E-06	1	28140	28406	1286	55	0.354	9.912E-06	50	139	147	-28406	-28140	267	28451	28119
1163379	-1	304	1.104E-80	1	42748	43611	983	304	0.544	1.131E-88	21	313	314	-43611	-42748	864	43611	42748
1164471	-1	366	2.394E-99	2	42949	44485	971	197	0.397	1.342E-51	321	596	829	-44485	-43628	858	44518	43625
1164471	-1	366	2.394E-99	2	42949	44485	983	168	0.421	9.914E-42	598	821	829	-43611	-42949	663	43611	42748
1215933	1	403	1.742E-110	2	36040	38641	820	261	0.412	6.862E-72	290	646	1265	36040	37125	1086	36037	37251
1215933	1	403	1.742E-110	2	36040	38641	842	252	0.365	1.462E-68	758	1168	1265	37400	38641	1242	37400	38659
1226010	1	142	6.454E-32	1	37400	37984	842	142	0.412	1.651E-31	12	203	217	37400	37984	585	37400	38659
1226139	1	72	7.620E-11	1	18875	19168	449	72	0.407	7.774E-10	20	117	132	18875	19168	294	18665	19423
1286305	-1	502	2.748E-140	2	42748	44518	971	228	0.430	4.686E-62	400	693	987	-44518	-43628	891	44518	43625
1286305	-1	502	2.748E-140	2	42748	44518	983	273	0.500	9.350E-78	695	986	987	-43611	-42748	864	43611	42748
1535667	-1	263	2.428E-68	1	19961	21262	1449	263	0.360	5.358E-72	312	753	765	-21262	-19961	1302	21310	19952
1570439	-1	250	1.989E-64	1	19955	21262	1449	250	0.343	2.013E-67	321	770	789	-21262	-19955	1308	21310	19952
1587654	-1	236	3.259E-60	1	19976	21262	1449	236	0.334	1.372E-62	328	768	781	-21262	-19976	1287	21310	19952
1731639	-1	256	3.108E-66	1	19979	21262	1449	256	0.356	1.935E-69	313	749	768	-21262	-19979	1284	21310	19952
1839973	-1	241	1.018E-61	1	19961	21262	1449	241	0.337	3.369E-64	338	781	788	-21262	-19961	1302	21310	19952
1880239	-1	242	5.092E-62	1	19961	21262	1449	242	0.337	1.333E-64	38	484	491	-21262	-19961	1302	21310	19952
1889786	-1	249	3.978E-64	1	19976	21262	1449	249	0.353	3.738E-67	299	687	702	-21262	-19976	1287	21310	19952
1892998	-1	351	7.845E-95	1	19961	21304	1449	351	0.439	6.832E-102	248	693	722	-21304	-19961	1344	21310	19952
1919823	-1	338	6.426E-91	1	19961	21304	1449	338	0.427	1.097E-97	301	747	776	-21304	-19961	1344	21310	19952
1984836	-1	263	2.428E-68	1	19955	21262	1449	263	0.356	7.306E-72	327	774	777	-21262	-19955	1308	21310	19952
6640341	-1	273	2.371E-71	3	28648	29544	1269	143	0.495	2.959E-35	107	259	446	-29544	-29089	456	29547	29089
6640341	-1	273	2.371E-71	3	28648	29544	1273	36	0.415	4.579E+00	266	310	446	-29070	-28936	135	29085	28933
6640341	-1	273	2.371E-71	3	28648	29544	1282	100	0.531	6.718E-20	313	409	446	-28929	-28648	282	28929	28360
6640351	-1	257	1.554E-66	3	28717	29544	1269	143	0.495	2.959E-35	107	259	384	-29544	-29089	456	29547	29089
6640351	-1	257	1.554E-66	3	28717	29544	1273	36	0.415	4.579E+00	266	310	384	-29070	-28936	135	29085	28933
6640351	-1	257	1.554E-66	3	28717	29544	1282	84	0.591	1.717E-14	313	383	384	-28929	-28717	213	28929	28360
6640546	-1	258	7.769E-67	3	28675	29544	1269	143	0.495	2.959E-35	107	259	423	-29544	-29089	456	29547	29089
6640546	-1	258	7.769E-67	3	28675	29544	1273	36	0.415	4.579E+00	266	310	423	-29070	-28936	135	29085	28933
6640546	-1	258	7.769E-67	3	28675	29544	1282	85	0.491	6.765E-15	313	403	423	-28929	-28675	255	28929	28360
6640650	-1	175	7.514E-42	2	28717	29544	1269	145	0.503	3.255E-36	128	280	409	-29544	-29089	456	29547	29089
6640650	-1	175	7.514E-42	2	28717	29544	1282	82	0.577	1.104E-13	334	404	409	-28929	-28717	213	28929	28360
6641390	-1	284	1.158E-74	3	28636	29544	1269	143	0.495	2.959E-35	107	259	411	-29544	-29089	456	29547	29089
6641390	-1	284	1.158E-74	3	28636	29544	1273	37	0.422	2.407E+00	266	310	411	-29070	-28936	135	29085	28933
6641390	-1	284	1.158E-74	3	28636	29544	1282	110	0.569	2.722E-23	313	410	411	-28929	-28636	294	28929	28360
6641514	-1	258	7.769E-67	3	28675	29544	1269	143	0.495	2.959E-35	107	259	430	-29544	-29089	456	29547	29089
6641514	-1	258	7.769E-67	3	28675	29544	1273	36	0.415	4.579E+00	266	310	430	-29070	-28936	135	29085	28933
6641514	-1	258	7.769E-67	3	28675	29544	1282	85	0.460	1.259E-14	313	410	430	-28929	-28675	255	28929	28360
6943913	-1	897	3.406E-259	3	19961	24562	1364	144	0.645	2.450E-35	28	136	758	-24562	-24230	333	24742	24230
6943913	-1	897	3.406E-259	3	19961	24562	1377	272	0.759	2.647E-79	136	310	758	-24167	-23646	522	24206	23613
6943913	-1	897	3.406E-259	3	19961	24562	1449	481	0.564	1.168E-146	310	753	758	-21262	-19961	1302	21310	19952
6949530	1	253	2.486E-65	2	36805	38611	820	126	0.573	2.692E-26	9	120	758	36805	37140	336	36037	37251
6949530	1	253	2.486E-65	2	36805	38611	842	233	0.351	5.831E-62	228	630	758	37400	38611	1212	37400	38659
7318121	-1	231	1.043E-58	1	42751	43611	983	231	0.440	1.901E-63	64	355	445	-43611	-42751	861	43611	42748
7547227	1	155	7.879E-36	1	37925	38599	842	155	0.395	1.055E-35	2	224	327	37925	38599	675	37400	38659
7652450	1	143	3.227E-32	1	37793	38563	842	143	0.337	1.222E-31	1	261	381	37793	38563	771	37400	38659
8308353	1	140	2.582E-31	1	37733	38596	842	140	0.312	1.002E-30	53	315	407	37733	38596	864	37400	38659
8361698	1	271	9.484E-71	1	37400	38626	842	271	0.387	6.575E-75	309	716	815	37400	38626	1227	37400	38659
8423016	1	235	6.517E-60	1	37505	38563	842	235	0.389	6.667E-63	0	349	468	37505	38563	1059	37400	38659
8813819	-1	260	1.942E-67	1	19973	21262	1449	260	0.361	6.401E-71	339	772	781	-21262	-19973	1290	21310	19952
9044988	1	217	1.708E-54	1	37580	38611	842	217	0.374	1.012E-56	10	353	459	37580	38611	1032	37400	38659
9966527	1	108	1.109E-21	1	18740	19348	449	108	0.327	1.309E-21	61	264	311	18740	19348	609	18665	19423
10185810	1	209	4.374E-52	2	37796	38831	842	187	0.387	1.991E-46	2	282	374	37796	38638	843	37400	38659
10185810	1	209	4.374E-52	2	37796	38831	844	48	0.581	5.507E-04	310	349	374	38712	38831	120	38667	38855
10265387	-1	243	2.546E-62	1	19973	21262	1449	243	0.342	5.273E-65	322	759	775	-21262	-19973	1290	21310	19952
10335844	1	200	2.239E-49	1	37598	38506	842	200	0.385	7.884E-51	3	304	331	37598	38506	909	37400	38659
10692735	1	106	4.435E-21	1	36097	36894	820	106	0.275	7.308E-20	61	310	315	36097	36894	798	36037	37251
11050020	-1	153	3.152E-35	2	28591	29085	1273	48	0.489	2.209E-04	1	50	222	-29085	-28936	150	29085	28933
11050020	-1	153	3.152E-35	2	28591	29085	1282	106	0.494	6.205E-22	53	165	222	-28929	-28591	339	28929	28360
11491753	1	151	1.261E-34	2	36910	38578	820	81	0.523	1.115E-11	0	78	344	36910	37146	237	36037	37251
11491753	1	151	1.261E-34	2	36910	38578	842	132	0.400	4.004E-28	142	328	344	38015	38578	564	37400	38659
11729922	-1	162	6.155E-38	1	43667	44359	971	162	0.401	1.467E-39	3	222	354	-44359	-43667	693	44518	43625
12704607	-1	245	6.364E-63	1	19973	21262	1449	245	0.347	1.124E-65	315	747	762	-21262	-19973	1290	21310	19952
12739573	1	79	5.953E-13	1	18776	19360	449	79	0.274	6.303E-12	0	192	235	18776	19360	585	18665	19423
13428715	1	99	5.677E-19	1	17926	18450	436	99	0.334	9.862E-20	74	254	270	17926	18450	525	17926	18474
13832850	-1	123	3.384E-26	1	28489	28866	1282	123	0.512	6.467E-28	0	124	178	-28866	-28489	378	28929	28360
15309944	1	273	2.371E-71	1	37400	38638	842	273	0.387	7.439E-76	244	653	748	37400	38638	1239	37400	38659
15383360	1	138	1.033E-30	1	36712	37110	820	138	0.538	3.331E-30	1	133	187	36712	37110	399	36037	37251
15416714	1	141	1.291E-31	1	36769	37137	820	141	0.582	4.041E-31	1	123	173	36769	37137	369	36037	37251
15417384	-1	381	7.306E-104	2	42781	44515	971	185	0.371	1.559E-47	355	638	930	-44515	-43628	888	44518	43625
15417384	-1	381	7.306E-104	2	42781	44515	983	195	0.392	4.452E-51	640	927	930	-43611	-42781	831	43611	42748
15417527	-1	305	5.520E-81	1	42748	43611	983	305	0.545	6.031E-89	21	313	315	-43611	-42748	864	43611	42748
15477124	-1	238	8.146E-61	1	20069	21304	1449	238	0.351	2.151E-63	294	707	755	-21304	-20069	1236	21310	19952
15513422	-1	243	2.546E-62	1	19964	21298	1449	243	0.338	3.871E-65	297	744	757	-21298	-19964	1335	21310	19952
15522278	1	79	5.953E-13	1	18806	19348	449	79	0.285	6.303E-12	0	182	188	18806	19348	543	18665	19423
15529646	1	114	1.733E-23	1	18716	19357	449	114	0.320	9.403E-24	126	348	381	18716	19357	642	18665	19423
15547920	-1	88	1.163E-15	1	28125	28340	1286	88	0.606	5.582E-17	13	84	87	-28340	-28125	216	28451	28119
15549346	-1	183	2.935E-44	2	28420	29082	1273	53	0.535	6.565E-06	97	145	382	-29082	-28936	147	29085	28933
15549346	-1	183	2.935E-44	2	28420	29082	1282	131	0.427	1.670E-30	148	317	382	-28929	-28420	510	28929	28360
15566108	1	256	3.108E-66	2	36040	37387	820	208	0.345	1.062E-53	174	537	667	36040	37146	1107	36037	37251
15566108	1	256	3.108E-66	2	36040	37387	823	75	0.523	6.415E-13	566	638	667	37169	37387	219	37139	37396
15590595	-1	163	3.078E-38	2	28573	29079	1273	41	0.438	9.703E-02	78	125	248	-29079	-28936	144	29085	28933
15590595	-1	163	3.078E-38	2	28573	29079	1282	123	0.532	6.467E-28	128	247	248	-28929	-28573	357	28929	28360
15590659	-1	161	1.231E-37	1	29140	29535	1269	161	0.615	1.080E-41	83	214	223	-29535	-29140	396	29547	29089
15590849	1	140	2.582E-31	1	38027	38611	842	140	0.406	1.002E-30	12	205	306	38027	38611	585	37400	38659
15591847	-1	54	1.998E-05	1	28188	28409	1286	54	0.386	3.496E-05	5	81	96	-28409	-28188	222	28451	28119
15619770	-1	60	3.121E-07	1	28119	28388	1286	60	0.373	2.252E-07	21	111	112	-28388	-28119	270	28451	28119
15620322	-1	134	1.652E-29	2	28594	29085	1273	37	0.462	2.407E+00	46	85	211	-29085	-28966	120	29085	28933
15620322	-1	134	1.652E-29	2	28594	29085	1282	108	0.504	1.300E-22	98	209	211	-28929	-28594	336	28929	28360
15634631	1	163	3.078E-38	1	36310	37017	820	163	0.396	1.699E-38	10	240	257	36310	37017	708	36037	37251
15649656	1	114	1.733E-23	1	18668	19348	449	114	0.316	6.904E-24	146	373	423	18668	19348	681	18665	19423
15698392	-1	199	4.479E-49	1	43655	44410	971	199	0.440	2.061E-52	0	243	288	-44410	-43655	756	44518	43625
15698680	-1	54	1.998E-05	1	28140	28406	1286	54	0.348	2.551E-05	57	146	154	-28406	-28140	267	28451	28119
15699567	-1	235	6.517E-60	1	42757	43611	983	235	0.448	1.132E-64	45	334	338	-43611	-42757	855	43611	42748
15701213	-1	166	3.847E-39	2	28945	29535	1269	128	0.470	2.509E-30	97	243	295	-29535	-29098	438	29547	29089
15701213	-1	166	3.847E-39	2	28945	29535	1273	42	0.460	5.109E-02	249	294	295	-29082	-28945	138	29085	28933
15706721	-1	409	2.722E-112	2	42760	44518	971	188	0.373	2.400E-48	550	837	1132	-44518	-43628	891	44518	43625
15706721	-1	409	2.722E-112	2	42760	44518	983	220	0.426	1.678E-59	839	1128	1132	-43611	-42760	852	43611	42748
15707566	-1	510	1.074E-142	2	42838	44518	971	238	0.444	1.362E-65	402	696	1022	-44518	-43628	891	44518	43625
15707566	-1	510	1.074E-142	2	42838	44518	983	271	0.540	4.495E-77	698	960	1022	-43611	-42838	774	43611	42748
15742076	1	391	7.135E-107	2	36040	38593	820	242	0.386	2.849E-65	109	467	1081	36040	37137	1098	36037	37251
15742076	1	391	7.135E-107	2	36040	38593	842	256	0.380	4.793E-70	576	972	1081	37400	38593	1194	37400	38659
15762471	1	127	2.115E-27	1	38078	38644	842	127	0.387	1.932E-26	20	208	269	38078	38644	567	37400	38659
15774996	-1	168	9.618E-40	1	43628	44395	971	168	0.382	1.388E-41	15	259	347	-44395	-43628	768	44518	43625
15775565	1	249	3.978E-64	2	36040	37396	820	207	0.346	1.970E-53	76	434	670	36040	37137	1098	36037	37251
15775565	1	249	3.978E-64	2	36040	37396	823	75	0.525	4.671E-13	469	541	670	37178	37396	219	37139	37396
15775597	-1	165	7.694E-39	1	42853	43611	983	165	0.373	8.759E-41	67	327	344	-43611	-42853	759	43611	42748
15777171	-1	417	1.063E-114	2	42769	44518	971	207	0.415	7.441E-55	442	712	1014	-44518	-43673	846	44518	43625
15777171	-1	417	1.063E-114	2	42769	44518	983	224	0.437	7.319E-61	728	1012	1014	-43611	-42769	843	43611	42748
16018339	-1	244	1.273E-62	1	19961	21262	1449	244	0.345	1.531E-65	315	751	762	-21262	-19961	1302	21310	19952
16082561	-1	259	3.885E-67	1	19955	21262	1449	259	0.357	1.190E-70	322	762	772	-21262	-19955	1308	21310	19952
16110384	-1	250	1.989E-64	1	19955	21262	1449	250	0.343	2.013E-67	321	770	782	-21262	-19955	1308	21310	19952
16139630	-1	246	3.182E-63	1	19976	21262	1449	246	0.345	6.053E-66	295	733	747	-21262	-19976	1287	21310	19952
16322578	-1	247	1.591E-63	1	19961	21262	1449	247	0.342	2.393E-66	319	765	776	-21262	-19961	1302	21310	19952
16341159	-1	241	1.018E-61	1	19961	21262	1449	241	0.338	3.369E-64	344	786	797	-21262	-19961	1302	21310	19952
16360323	-1	250	1.989E-64	1	19961	21262	1449	250	0.348	2.743E-67	326	764	777	-21262	-19961	1302	21310	19952
16477948	-1	254	1.243E-65	1	19961	21262	1449	254	0.350	1.241E-68	319	761	773	-21262	-19961	1302	21310	19952
16550578	-1	625	2.584E-177	3	19961	24565	1364	93	0.446	1.319E-17	3	114	739	-24565	-24230	336	24742	24230
16550578	-1	625	2.584E-177	3	19961	24565	1377	233	0.695	9.432E-66	119	284	739	-24140	-23646	495	24206	23613
16550578	-1	625	2.584E-177	3	19961	24565	1449	302	0.402	4.324E-85	284	704	739	-21262	-19961	1302	21310	19952
16551497	-1	540	9.998E-152	2	19961	24167	1377	241	0.683	2.368E-68	70	244	930	-24167	-23646	522	24206	23613
16551497	-1	540	9.998E-152	2	19961	24167	1449	299	0.399	2.801E-84	244	664	930	-21262	-19961	1302	21310	19952
16579086	-1	253	2.486E-65	1	19955	21262	1449	253	0.349	1.691E-68	314	758	769	-21262	-19955	1308	21310	19952
18421729	-1	68	1.219E-09	1	2956	3222	1817	68	0.417	4.415E-10	75	163	164	-3222	-2956	267	3270	2932
21179163	-1	189	4.586E-46	2	28690	29544	1269	149	0.510	2.612E-37	10	162	405	-29544	-29089	456	29547	29089
21179163	-1	189	4.586E-46	2	28690	29544	1282	92	0.577	4.676E-17	216	295	405	-28929	-28690	240	28929	28360
21182363	-1	142	6.454E-32	1	29089	29544	1269	142	0.494	4.056E-35	94	246	288	-29544	-29089	456	29547	29089
21182725	-1	148	1.008E-33	1	29089	29544	1269	148	0.509	4.907E-37	10	162	291	-29544	-29089	456	29547	29089
21182952	-1	255	6.215E-66	3	28717	29544	1269	143	0.495	2.959E-35	10	162	287	-29544	-29089	456	29547	29089
21182952	-1	255	6.215E-66	3	28717	29544	1273	36	0.415	4.579E+00	169	213	287	-29070	-28936	135	29085	28933
21182952	-1	255	6.215E-66	3	28717	29544	1282	82	0.577	1.104E-13	216	286	287	-28929	-28717	213	28929	28360
21183094	-1	255	6.215E-66	3	28717	29544	1269	141	0.491	1.044E-34	10	162	287	-29544	-29089	456	29547	29089
21183094	-1	255	6.215E-66	3	28717	29544	1273	36	0.415	4.579E+00	169	213	287	-29070	-28936	135	29085	28933
21183094	-1	255	6.215E-66	3	28717	29544	1282	84	0.591	1.717E-14	216	286	287	-28929	-28717	213	28929	28360
21371566	1	115	8.663E-24	1	18668	19129	449	115	0.402	5.069E-24	30	190	234	18668	19129	462	18665	19423
21922446	-1	298	7.066E-79	2	43066	44518	971	179	0.373	1.671E-45	104	376	593	-44518	-43667	852	44518	43625
21922446	-1	298	7.066E-79	2	43066	44518	983	131	0.407	3.308E-29	390	571	593	-43611	-43066	546	43611	42748
22044069	1	228	8.342E-58	1	37400	38644	842	228	0.340	2.395E-60	18	426	514	37400	38644	1245	37400	38659
22134482	1	208	8.747E-52	1	37400	38458	842	208	0.356	1.665E-53	83	430	576	37400	38458	1059	37400	38659
22330504	1	216	3.417E-54	1	37514	38632	842	216	0.352	3.480E-56	85	439	505	37514	38632	1119	37400	38659
23054406	1	256	3.108E-66	1	37400	38635	842	256	0.370	6.539E-70	93	501	595	37400	38635	1236	37400	38659
23822919	1	147	2.017E-33	1	38015	38641	842	147	0.402	3.291E-33	49	257	349	38015	38641	627	37400	38659
24090439	1	108	1.109E-21	1	18668	19279	449	108	0.323	9.620E-22	22	229	298	18668	19279	612	18665	19423
24190079	1	271	9.484E-71	1	37400	38638	842	271	0.385	3.528E-75	244	652	747	37400	38638	1239	37400	38659
25543218	-1	251	9.944E-65	1	19976	21262	1449	251	0.352	1.084E-67	314	748	766	-21262	-19976	1287	21310	19952
26419613	-1	258	7.769E-67	1	19973	21262	1449	258	0.353	5.603E-70	325	768	777	-21262	-19973	1290	21310	19952
26863571	1	68	1.219E-09	1	18028	18384	436	68	0.341	3.317E-09	0	118	142	18028	18384	357	17926	18474
27592789	1	183	2.935E-44	1	37718	38638	842	183	0.357	4.263E-45	0	307	370	37718	38638	921	37400	38659
27600330	1	175	7.514E-42	1	37745	38605	842	175	0.364	1.424E-42	34	319	354	37745	38605	861	37400	38659
27901498	1	123	3.384E-26	1	38174	38638	842	123	0.435	5.073E-25	19	173	268	38174	38638	465	37400	38659
28540631	-1	82	7.441E-14	1	28125	28415	1286	82	0.448	6.405E-15	90	187	190	-28415	-28125	291	28451	28119
28731722	-1	185	7.338E-45	1	42766	43611	983	185	0.362	1.095E-47	233	538	539	-43611	-42766	846	43611	42748
28949583	-1	168	9.618E-40	2	28432	29070	1273	43	0.519	1.417E-02	17	57	258	-29070	-28948	123	29085	28933
28949583	-1	168	9.618E-40	2	28432	29070	1282	124	0.417	4.727E-28	58	223	258	-28929	-28432	498	28929	28360
29847793	1	152	6.303E-35	2	13131	13751	318	71	0.622	6.713E-12	0	55	179	13131	13298	168	13107	13331
29847793	1	152	6.303E-35	2	13131	13751	326	82	0.380	1.960E-14	58	177	179	13383	13751	369	13335	13751
29851321	-1	191	1.147E-46	1	43628	44323	971	191	0.452	1.979E-49	22	253	331	-44323	-43628	696	44518	43625
29875284	1	158	9.848E-37	2	13110	13751	318	72	0.573	2.588E-12	16	76	200	13110	13298	189	13107	13331
29875284	1	158	9.848E-37	2	13110	13751	326	85	0.390	1.156E-15	78	198	200	13380	13751	372	13335	13751
29894883	1	109	5.544E-22	1	18677	19291	449	109	0.325	3.816E-22	44	252	323	18677	19291	615	18665	19423
29958265	-1	149	5.042E-34	1	42790	43611	983	149	0.332	4.062E-35	237	514	531	-43611	-42790	822	43611	42748
29959140	-1	366	2.394E-99	2	42787	44515	971	188	0.374	2.400E-48	399	682	975	-44515	-43628	888	44518	43625
29959140	-1	366	2.394E-99	2	42787	44515	983	177	0.368	5.609E-45	684	969	975	-43611	-42787	825	43611	42748
29987665	-1	134	1.652E-29	2	28564	29085	1273	37	0.462	2.407E+00	100	139	276	-29085	-28966	120	29085	28933
29987665	-1	134	1.652E-29	2	28564	29085	1282	108	0.474	9.509E-23	152	273	276	-28929	-28564	366	28929	28360
29993876	1	223	2.669E-56	1	36370	37146	820	223	0.469	6.120E-59	1	257	304	36370	37146	777	36037	37251
30011411	1	98	1.135E-18	1	18806	19366	449	98	0.322	1.540E-18	0	189	227	18806	19366	561	18665	19423
30039719	1	300	1.766E-79	2	37178	38623	823	69	0.523	7.494E-11	75	141	586	37178	37378	201	37139	37396
30039719	1	300	1.766E-79	2	37178	38623	842	237	0.353	2.631E-63	149	542	586	37400	38623	1224	37400	38659
30056105	-1	141	1.291E-31	1	43069	43512	983	141	0.505	1.073E-32	1	148	158	-43512	-43069	444	43611	42748
30080164	-1	182	5.870E-44	1	43628	44518	971	182	0.365	2.576E-46	18	303	523	-44518	-43628	891	44518	43625
30081267	-1	170	2.404E-40	1	43628	44257	971	170	0.446	2.931E-42	10	218	348	-44257	-43628	630	44518	43625
30131209	1	182	5.870E-44	1	37736	38611	842	182	0.368	7.865E-45	67	360	461	37736	38611	876	37400	38659
30132281	1	143	3.227E-32	1	38012	38611	842	143	0.405	1.222E-31	4	202	303	38012	38611	600	37400	38659
30132286	1	141	1.291E-31	1	38027	38611	842	141	0.409	4.069E-31	38	231	332	38027	38611	585	37400	38659
30132801	-1	54	1.998E-05	1	28125	28265	1286	54	0.567	2.551E-05	3	49	52	-28265	-28125	141	28451	28119
30133010	1	140	2.582E-31	1	37925	38611	842	140	0.362	1.002E-30	20	249	350	37925	38611	687	37400	38659
30133223	1	132	6.609E-29	1	38012	38638	842	132	0.371	4.004E-28	14	219	229	38012	38638	627	37400	38659
30133463	1	141	1.291E-31	1	38027	38611	842	141	0.409	4.069E-31	22	215	256	38027	38611	585	37400	38659
30143615	-1	251	9.944E-65	3	28119	29082	1273	50	0.514	4.465E-05	250	298	571	-29082	-28936	147	29085	28933
30143615	-1	251	9.944E-65	3	28119	29082	1282	142	0.462	1.855E-34	301	467	571	-28929	-28429	501	28929	28360
30143615	-1	251	9.944E-65	3	28119	29082	1286	71	0.423	4.467E-11	480	570	571	-28388	-28119	270	28451	28119
30147076	-1	545	3.124E-153	2	42748	44518	971	245	0.454	4.832E-68	402	696	991	-44518	-43628	891	44518	43625
30147076	-1	545	3.124E-153	2	42748	44518	983	299	0.537	6.734E-87	698	990	991	-43611	-42748	864	43611	42748
30161807	-1	167	1.924E-39	2	28492	29547	1269	124	0.446	8.030E-29	13	164	487	-29547	-29095	453	29547	29089
30161807	-1	167	1.924E-39	2	28492	29547	1282	97	0.382	5.965E-19	220	362	487	-28929	-28492	438	28929	28360
30169386	-1	176	3.757E-42	1	43628	44203	971	176	0.490	2.754E-44	0	191	269	-44203	-43628	576	44518	43625
30199631	-1	179	4.696E-43	1	42973	43569	983	179	0.476	1.611E-45	29	231	232	-43569	-42973	597	43611	42748
30200766	1	158	9.848E-37	1	36406	37143	820	158	0.376	8.899E-37	1	228	467	36406	37143	738	36037	37251
30241504	-1	139	5.163E-31	2	28140	28929	1282	102	0.393	1.032E-20	186	330	450	-28929	-28486	444	28929	28360
30241504	-1	139	5.163E-31	2	28140	28929	1286	58	0.367	1.091E-06	353	442	450	-28406	-28140	267	28451	28119
30246666	1	226	3.337E-57	1	37571	38593	842	226	0.387	1.125E-59	3	339	445	37571	38593	1023	37400	38659
30248302	1	99	5.677E-19	1	18668	19288	449	99	0.303	8.337E-19	87	297	341	18668	19288	621	18665	19423
30256774	-1	155	7.879E-36	1	42769	43377	983	155	0.422	2.078E-37	0	205	211	-43377	-42769	609	43611	42748
30258160	1	198	8.957E-49	2	18025	19279	436	77	0.317	5.031E-12	21	170	378	18025	18474	450	17926	18474
30258160	1	198	8.957E-49	2	18025	19279	449	123	0.361	1.040E-26	174	374	378	18695	19279	585	18665	19423
30266718	1	133	3.305E-29	1	38039	38611	842	133	0.396	1.634E-28	3	194	208	38039	38611	573	37400	38659
30285837	-1	226	3.337E-57	1	42760	43377	983	226	0.558	1.117E-61	0	209	215	-43377	-42760	618	43611	42748
30292893	-1	181	1.174E-43	1	43664	44278	971	181	0.475	4.805E-46	120	325	348	-44278	-43664	615	44518	43625
30307318	1	173	3.006E-41	1	36469	37143	820	173	0.430	4.448E-42	3	222	433	36469	37143	675	36037	37251
30316138	-1	177	1.878E-42	1	42787	43611	983	177	0.358	1.046E-44	218	513	529	-43611	-42787	825	43611	42748
30333382	1	112	6.930E-23	1	18686	19348	449	112	0.318	3.234E-23	1	222	268	18686	19348	663	18665	19423
30335208	-1	203	2.799E-50	2	28119	28845	1282	119	0.451	1.485E-26	21	164	261	-28845	-28414	432	28929	28360
30335208	-1	203	2.799E-50	2	28119	28845	1286	86	0.484	2.713E-16	168	260	261	-28394	-28119	276	28451	28119
30341965	-1	199	4.479E-49	1	43700	44464	971	199	0.435	2.816E-52	32	281	306	-44464	-43700	765	44518	43625
30343194	1	74	1.905E-11	1	18028	18384	436	74	0.350	3.225E-11	0	124	161	18028	18384	357	17926	18474
30377375	1	73	3.810E-11	1	18875	19315	449	73	0.310	5.760E-10	26	164	221	18875	19315	441	18665	19423
30619769	-1	249	3.978E-64	1	19961	21262	1449	249	0.346	5.094E-67	315	757	769	-21262	-19961	1302	21310	19952
30729166	-1	242	5.092E-62	1	19976	21262	1449	242	0.339	1.333E-64	329	770	785	-21262	-19976	1287	21310	19952
30758623	-1	246	3.182E-63	1	19961	21262	1449	246	0.345	6.053E-66	315	753	766	-21262	-19961	1302	21310	19952
30856349	-1	241	1.018E-61	1	19961	21262	1449	241	0.337	2.473E-64	322	766	773	-21262	-19961	1302	21310	19952
30895913	-1	258	7.769E-67	1	19961	21262	1449	258	0.354	4.110E-70	318	760	772	-21262	-19961	1302	21310	19952
30927425	-1	242	5.092E-62	1	19961	21262	1449	242	0.339	1.333E-64	174	616	628	-21262	-19961	1302	21310	19952
30941633	-1	248	7.956E-64	1	19961	21262	1449	248	0.345	9.459E-67	315	756	768	-21262	-19961	1302	21310	19952
30949751	-1	239	4.073E-61	1	19961	21262	1449	239	0.336	1.579E-63	325	766	778	-21262	-19961	1302	21310	19952
30970471	-1	246	3.182E-63	1	19961	21199	1449	246	0.351	6.053E-66	38	464	476	-21199	-19961	1239	21310	19952
31080239	-1	237	1.629E-60	1	19961	21262	1449	237	0.335	5.433E-63	37	478	490	-21262	-19961	1302	21310	19952
31095838	-1	254	1.243E-65	1	19976	21262	1449	254	0.353	6.679E-69	358	795	805	-21262	-19976	1287	21310	19952
32457554	-1	112	6.930E-23	2	2956	3503	1811	39	0.361	8.130E+00	37	96	196	-3503	-3324	180	3710	3294
32457554	-1	112	6.930E-23	2	2956	3503	1817	72	0.416	2.574E-11	97	190	196	-3237	-2956	282	3270	2932
33485235	-1	191	1.147E-46	1	23691	24140	1377	191	0.638	4.078E-51	120	269	276	-24140	-23691	450	24206	23613
35723466	-1	257	1.554E-66	3	28717	29544	1269	143	0.495	2.959E-35	74	226	367	-29544	-29089	456	29547	29089
35723466	-1	257	1.554E-66	3	28717	29544	1273	36	0.415	4.579E+00	233	277	367	-29070	-28936	135	29085	28933
35723466	-1	257	1.554E-66	3	28717	29544	1282	84	0.591	1.717E-14	280	350	367	-28929	-28717	213	28929	28360
35723978	-1	120	2.707E-25	2	28717	29070	1273	37	0.422	2.407E+00	83	127	202	-29070	-28936	135	29085	28933
35723978	-1	120	2.707E-25	2	28717	29070	1282	84	0.591	1.717E-14	130	200	202	-28929	-28717	213	28929	28360
35724737	-1	174	1.503E-41	2	28717	29544	1269	144	0.499	8.382E-36	94	246	375	-29544	-29089	456	29547	29089
35724737	-1	174	1.503E-41	2	28717	29544	1282	82	0.580	8.096E-14	300	370	375	-28929	-28717	213	28929	28360
35724831	-1	174	1.503E-41	2	28936	29544	1269	143	0.495	2.959E-35	107	259	381	-29544	-29089	456	29547	29089
35724831	-1	174	1.503E-41	2	28936	29544	1273	36	0.418	3.320E+00	266	310	381	-29070	-28936	135	29085	28933
35752497	-1	114	1.733E-23	2	28149	28929	1282	95	0.376	2.835E-18	50	192	319	-28929	-28492	438	28929	28360
35752497	-1	114	1.733E-23	2	28149	28929	1286	55	0.382	1.358E-05	230	308	319	-28388	-28149	240	28451	28119
36075532	1	118	1.083E-24	1	36106	36795	820	118	0.321	1.397E-23	1	226	261	36106	36795	690	36037	37251
36541278	1	537	7.998E-151	3	36046	38593	820	234	0.379	1.039E-62	692	1050	1655	36046	37137	1092	36037	37251
36541278	1	537	7.998E-151	3	36046	38593	823	88	0.576	1.328E-17	1076	1152	1655	37157	37387	231	37139	37396
36541278	1	537	7.998E-151	3	36046	38593	842	242	0.365	3.427E-65	1157	1549	1655	37400	38593	1194	37400	38659
37368381	1	123	3.384E-26	1	18665	19336	449	123	0.337	5.596E-27	32	249	303	18665	19336	672	18665	19423
38271790	-1	163	3.078E-38	1	43685	44161	971	163	0.534	7.882E-40	0	158	246	-44161	-43685	477	44518	43625
39094814	-1	181	1.174E-43	1	42766	43611	983	181	0.353	2.480E-46	193	503	504	-43611	-42766	846	43611	42748
39369184	1	278	7.409E-73	2	37184	38641	823	67	0.516	3.665E-10	81	146	639	37184	37381	198	37139	37396
39369184	1	278	7.409E-73	2	37184	38641	842	217	0.330	1.012E-56	154	565	639	37403	38641	1239	37400	38659
39400430	-1	242	5.092E-62	1	19961	21262	1449	242	0.338	9.786E-65	324	768	775	-21262	-19961	1302	21310	19952
39726826	-1	295	5.653E-78	2	28420	29079	1273	64	0.649	4.586E-10	0	47	318	-29079	-28936	144	29085	28933
39726826	-1	295	5.653E-78	2	28420	29079	1282	232	0.679	1.243E-65	50	219	318	-28929	-28420	510	28929	28360
39839686	-1	254	1.243E-65	1	19955	21262	1449	254	0.348	9.104E-69	332	779	785	-21262	-19955	1308	21310	19952
40211753	1	60	3.121E-07	1	18076	18384	436	60	0.330	2.849E-06	18	125	164	18076	18384	309	17926	18474
40546878	-1	346	2.510E-93	2	42766	44518	971	177	0.370	7.928E-45	384	656	981	-44518	-43667	852	44518	43625
40546878	-1	346	2.510E-93	2	42766	44518	983	181	0.352	3.388E-46	670	980	981	-43611	-42766	846	43611	42748
41039434	1	271	9.484E-71	1	37400	38641	842	271	0.384	4.816E-75	138	543	636	37400	38641	1242	37400	38659
41213649	-1	249	3.978E-64	1	19976	21262	1449	249	0.345	3.738E-67	325	769	779	-21262	-19976	1287	21310	19952
41281163	1	190	2.293E-46	1	36040	37146	820	190	0.321	1.529E-47	204	579	643	36040	37146	1107	36037	37251
41400215	1	250	1.989E-64	3	17443	19408	424	66	0.362	4.198E-09	153	256	658	17443	17757	315	17395	17787
41400215	1	250	1.989E-64	3	17443	19408	439	77	0.490	1.863E-13	322	401	658	18413	18658	246	18359	18661
41400215	1	250	1.989E-64	3	17443	19408	449	173	0.398	4.940E-44	405	654	658	18668	19408	741	18665	19423
41692598	-1	241	1.018E-61	1	19976	21262	1449	241	0.345	2.473E-64	194	618	636	-21262	-19976	1287	21310	19952
42473717	1	159	4.924E-37	1	37763	38599	842	159	0.345	3.761E-37	10	290	399	37763	38599	837	37400	38659
42621939	1	321	8.423E-86	2	37163	38656	823	78	0.539	6.960E-14	39	111	547	37163	37381	219	37139	37396
42621939	1	321	8.423E-86	2	37163	38656	842	248	0.358	3.261E-67	118	534	547	37400	38656	1257	37400	38659
42718674	1	93	3.633E-17	1	18668	19303	449	93	0.282	1.518E-16	29	248	309	18668	19303	636	18665	19423
42998479	-1	248	7.956E-64	1	19973	21262	1449	248	0.348	6.942E-67	314	751	768	-21262	-19973	1290	21310	19952
43273367	1	357	1.226E-96	2	37187	38611	823	89	0.648	9.670E-18	30	96	609	37187	37387	201	37139	37396
43273367	1	357	1.226E-96	2	37187	38611	842	271	0.389	3.528E-75	101	507	609	37400	38611	1212	37400	38659
43539533	-1	350	1.569E-94	2	42766	44518	971	179	0.373	1.671E-45	384	656	981	-44518	-43667	852	44518	43625
43539533	-1	350	1.569E-94	2	42766	44518	983	183	0.355	7.120E-47	670	980	981	-43611	-42766	846	43611	42748
43596134	1	178	9.392E-43	1	36307	37167	820	178	0.368	1.127E-43	10	272	358	36307	37167	861	36037	37251
43782774	-1	58	1.248E-06	1	2974	3150	1817	58	0.499	1.611E-06	0	58	65	-3150	-2974	177	3270	2932
43964512	-1	146	4.034E-33	2	2959	3626	1811	55	0.321	3.489E-05	6	106	288	-3626	-3318	309	3710	3294
43964512	-1	146	4.034E-33	2	2959	3626	1817	92	0.520	2.576E-18	109	199	288	-3231	-2959	273	3270	2932
44425926	-1	75	9.525E-12	1	28119	28364	1286	75	0.475	1.382E-12	36	118	119	-28364	-28119	246	28451	28119
44465333	1	138	1.033E-30	1	36712	37110	820	138	0.539	2.465E-30	1	133	141	36712	37110	399	36037	37251
44499409	-1	549	1.953E-154	2	42748	44518	971	241	0.449	1.110E-66	399	693	989	-44518	-43628	891	44518	43625
44499409	-1	549	1.953E-154	2	42748	44518	983	307	0.548	1.252E-89	695	987	989	-43611	-42748	864	43611	42748
44499630	-1	545	3.124E-153	2	42748	44518	971	240	0.447	2.842E-66	400	694	990	-44518	-43628	891	44518	43625
44499630	-1	545	3.124E-153	2	42748	44518	983	304	0.543	1.549E-88	696	988	990	-43611	-42748	864	43611	42748
44500080	1	179	4.696E-43	2	36769	37396	820	139	0.578	9.983E-31	1	123	238	36769	37137	369	36037	37251
44500080	1	179	4.696E-43	2	36769	37396	823	71	0.500	1.533E-11	156	228	238	37178	37396	219	37139	37396
44500320	1	225	6.674E-57	1	37400	38449	842	225	0.379	2.089E-59	91	433	593	37400	38449	1050	37400	38659
44508758	1	155	7.879E-36	1	37853	38578	842	155	0.374	7.796E-36	0	243	358	37853	38578	726	37400	38659
44527371	-1	207	1.749E-51	2	28936	29523	1269	149	0.535	1.905E-37	48	192	283	-29523	-29089	435	29547	29089
44527371	-1	207	1.749E-51	2	28936	29523	1273	59	0.593	2.891E-08	195	243	283	-29082	-28936	147	29085	28933
44537185	-1	233	2.607E-59	1	42748	43476	983	233	0.501	3.965E-64	0	247	248	-43476	-42748	729	43611	42748
44563032	-1	196	3.583E-48	2	28239	28929	1282	132	0.433	8.914E-31	48	215	277	-28929	-28429	501	28929	28360
44563032	-1	196	3.583E-48	2	28239	28929	1286	69	0.613	2.168E-10	222	276	277	-28403	-28239	165	28451	28119
44584381	-1	149	5.042E-34	1	43147	43611	983	149	0.507	2.979E-35	22	175	293	-43611	-43147	465	43611	42748
44588554	-1	235	6.517E-60	1	19979	21211	1449	235	0.344	2.544E-62	1	420	589	-21211	-19979	1233	21310	19952
44610328	1	202	5.598E-50	2	36718	37396	820	144	0.524	2.670E-32	0	143	268	36718	37149	432	36037	37251
44610328	1	202	5.598E-50	2	36718	37396	823	88	0.608	1.328E-17	175	246	268	37181	37396	216	37139	37396
44616836	1	151	1.261E-34	1	36610	37098	820	151	0.487	2.105E-34	4	168	229	36610	37098	489	36037	37251
44650571	1	55	9.988E-06	1	18482	18658	439	55	0.479	9.290E-06	2	60	111	18482	18658	177	18359	18661
44674107	1	143	3.227E-32	1	38123	38641	842	143	0.452	9.047E-32	7	179	277	38123	38641	519	37400	38659
44674943	-1	58	1.248E-06	1	28936	29079	1273	58	0.589	1.035E-07	14	61	82	-29079	-28936	144	29085	28933
44675134	1	147	2.017E-33	1	38081	38641	842	147	0.435	4.450E-33	31	217	218	38081	38641	561	37400	38659
44698272	1	413	1.701E-113	2	36040	38563	820	233	0.376	2.635E-62	63	419	1033	36040	37137	1098	36037	37251
44698272	1	413	1.701E-113	2	36040	38563	842	287	0.420	1.867E-80	528	914	1033	37400	38563	1164	37400	38659
44731410	1	109	5.544E-22	1	18686	19348	449	109	0.312	3.816E-22	1	222	272	18686	19348	663	18665	19423
44734788	-1	103	3.548E-20	1	29140	29526	1269	103	0.435	1.416E-21	76	205	223	-29526	-29140	387	29547	29089
44735688	1	98	1.135E-18	1	18701	19333	449	98	0.300	2.092E-18	0	210	212	18701	19333	633	18665	19423
44735872	1	110	2.772E-22	1	18668	19111	449	110	0.401	2.060E-22	84	238	259	18668	19111	444	18665	19423
44739941	1	292	4.522E-77	2	36370	37396	820	218	0.461	2.515E-57	21	274	462	36370	37146	777	36037	37251
44739941	1	292	4.522E-77	2	36370	37396	823	97	0.606	9.040E-21	299	377	462	37157	37396	240	37139	37396
44751471	-1	281	9.261E-74	4	28221	29547	1269	118	0.428	1.240E-26	220	371	688	-29547	-29095	453	29547	29089
44751471	-1	281	9.261E-74	4	28221	29547	1273	40	0.456	1.337E-01	381	425	688	-29070	-28936	135	29085	28933
44751471	-1	281	9.261E-74	4	28221	29547	1282	116	0.436	2.489E-25	428	571	688	-28929	-28492	438	28929	28360
44751471	-1	281	9.261E-74	4	28221	29547	1286	46	0.442	1.888E-02	604	653	688	-28382	-28221	162	28451	28119
44753075	-1	218	8.542E-55	1	42769	43611	983	218	0.432	4.293E-59	133	415	433	-43611	-42769	843	43611	42748
44782523	-1	58	1.248E-06	1	28140	28406	1286	58	0.365	1.495E-06	37	126	134	-28406	-28140	267	28451	28119
44787415	-1	548	3.905E-154	2	42748	44518	971	243	0.452	1.693E-67	120	414	709	-44518	-43628	891	44518	43625
44787415	-1	548	3.905E-154	2	42748	44518	983	304	0.544	1.131E-88	416	708	709	-43611	-42748	864	43611	42748
44789584	-1	306	2.760E-81	1	42748	43611	983	306	0.546	3.216E-89	136	428	429	-43611	-42748	864	43611	42748
44793628	-1	134	1.652E-29	2	28492	29085	1273	44	0.452	7.468E-03	61	110	365	-29085	-28936	150	29085	28933
44793628	-1	134	1.652E-29	2	28492	29085	1282	91	0.365	6.384E-17	113	255	365	-28929	-28492	438	28929	28360
44797268	-1	419	2.658E-115	2	42766	44518	971	187	0.373	3.279E-48	75	359	649	-44518	-43628	891	44518	43625
44797268	-1	419	2.658E-115	2	42766	44518	983	231	0.444	2.600E-63	361	648	649	-43611	-42766	846	43611	42748
44797881	-1	187	1.834E-45	1	43628	44395	971	187	0.414	3.279E-48	7	250	328	-44395	-43628	768	44518	43625
44846643	1	127	2.115E-27	1	38024	38611	842	127	0.377	1.932E-26	8	202	256	38024	38611	588	37400	38659
44851763	1	234	1.303E-59	2	36040	37381	820	202	0.339	1.090E-51	33	391	542	36040	37146	1107	36037	37251
44851763	1	234	1.303E-59	2	36040	37381	823	65	0.503	1.792E-09	426	491	542	37184	37381	198	37139	37396
44911170	-1	518	4.193E-145	2	42748	44518	971	235	0.440	1.669E-64	399	694	989	-44518	-43628	891	44518	43625
44911170	-1	518	4.193E-145	2	42748	44518	983	282	0.513	3.634E-81	696	988	989	-43611	-42748	864	43611	42748
45152266	-1	239	4.073E-61	1	19961	21262	1449	239	0.335	1.160E-63	323	767	774	-21262	-19961	1302	21310	19952
45257511	-1	53	3.995E-05	1	2956	3150	1817	53	0.432	7.054E-05	9	73	90	-3150	-2956	195	3270	2932
45335538	-1	55	9.988E-06	1	2956	3270	1817	55	0.303	1.462E-05	33	145	152	-3270	-2956	315	3270	2932
45350334	-1	237	1.629E-60	1	19961	21262	1449	237	0.335	3.989E-63	323	765	772	-21262	-19961	1302	21310	19952
45394836	-1	244	1.273E-62	1	19976	21259	1449	244	0.342	2.841E-65	0	439	449	-21259	-19976	1284	21310	19952
45415127	-1	353	1.961E-95	1	19961	21304	1449	353	0.441	7.665E-103	314	760	790	-21304	-19961	1344	21310	19952
45422842	-1	277	1.482E-72	1	19973	21262	1449	277	0.375	1.026E-76	331	769	778	-21262	-19973	1290	21310	19952
45487179	-1	249	3.978E-64	1	19961	21262	1449	249	0.346	5.094E-67	291	732	745	-21262	-19961	1302	21310	19952
45519686	-1	251	9.944E-65	1	19973	21262	1449	251	0.349	7.953E-68	283	723	740	-21262	-19973	1290	21310	19952
45529224	-1	254	1.243E-65	1	19961	21262	1449	254	0.351	6.679E-69	318	760	772	-21262	-19961	1302	21310	19952
45533230	-1	255	6.215E-66	1	19976	21262	1449	255	0.353	3.595E-69	327	766	776	-21262	-19976	1287	21310	19952
45602137	-1	438	5.070E-121	2	19958	24167	1377	194	0.537	2.399E-52	145	333	772	-24167	-23634	534	24206	23613
45602137	-1	438	5.070E-121	2	19958	24167	1449	254	0.354	9.104E-69	323	759	772	-21262	-19958	1305	21310	19952
45619228	-1	250	1.989E-64	1	19955	21262	1449	250	0.344	2.013E-67	321	768	774	-21262	-19955	1308	21310	19952
45678655	-1	264	1.214E-68	1	19955	21262	1449	264	0.359	3.929E-72	319	763	773	-21262	-19955	1308	21310	19952
48838596	-1	109	5.544E-22	2	2956	3554	1811	42	0.321	9.519E-01	2	73	174	-3554	-3324	231	3710	3294
48838596	-1	109	5.544E-22	2	2956	3554	1817	74	0.445	3.869E-12	82	170	174	-3222	-2956	267	3270	2932
49993675	-1	145	8.068E-33	1	29089	29544	1269	145	0.501	4.462E-36	10	162	247	-29544	-29089	456	29547	29089
50127089	-1	79	5.953E-13	1	28119	28394	1286	79	0.456	4.269E-14	73	165	166	-28394	-28119	276	28451	28119
50264957	-1	175	7.514E-42	2	28717	29544	1269	145	0.503	3.255E-36	150	302	431	-29544	-29089	456	29547	29089
50264957	-1	175	7.514E-42	2	28717	29544	1282	82	0.580	8.096E-14	356	426	431	-28929	-28717	213	28929	28360
50265186	-1	257	1.554E-66	3	28717	29544	1269	143	0.495	2.959E-35	54	206	395	-29544	-29089	456	29547	29089
50265186	-1	257	1.554E-66	3	28717	29544	1273	36	0.415	4.579E+00	213	257	395	-29070	-28936	135	29085	28933
50265186	-1	257	1.554E-66	3	28717	29544	1282	84	0.591	1.717E-14	260	330	395	-28929	-28717	213	28929	28360
50265341	-1	144	1.614E-32	1	29089	29544	1269	144	0.499	8.382E-36	94	246	287	-29544	-29089	456	29547	29089
50265900	-1	141	1.291E-31	1	29095	29544	1269	141	0.494	1.431E-34	10	160	291	-29544	-29095	450	29547	29089
50266023	-1	175	7.514E-42	2	28717	29544	1269	145	0.503	3.255E-36	94	246	375	-29544	-29089	456	29547	29089
50266023	-1	175	7.514E-42	2	28717	29544	1282	82	0.577	1.104E-13	300	370	375	-28929	-28717	213	28929	28360
50266306	-1	273	2.371E-71	3	28654	29544	1269	143	0.495	2.959E-35	10	162	338	-29544	-29089	456	29547	29089
50266306	-1	273	2.371E-71	3	28654	29544	1273	36	0.415	4.579E+00	169	213	338	-29070	-28936	135	29085	28933
50266306	-1	273	2.371E-71	3	28654	29544	1282	100	0.546	4.917E-20	216	309	338	-28929	-28654	276	28929	28360
50656475	1	151	1.261E-34	1	37796	38599	842	151	0.344	2.174E-34	2	247	343	37796	38599	804	37400	38659
51247482	1	86	4.651E-15	1	17932	18384	436	86	0.340	3.975E-15	88	239	297	17932	18384	453	17926	18474
51706653	1	172	6.011E-41	2	36043	37312	820	135	0.264	2.735E-29	22	302	419	36043	37137	1095	36037	37251
51706653	1	172	6.011E-41	2	36043	37312	823	70	0.742	2.105E-11	337	381	419	37178	37312	135	37139	37396
51791495	-1	126	4.230E-27	1	43168	43611	983	126	0.462	1.336E-27	9	156	158	-43611	-43168	444	43611	42748
52253414	1	178	9.392E-43	1	37655	38644	842	178	0.335	2.276E-43	3	329	389	37655	38644	990	37400	38659
52675525	1	220	2.136E-55	1	37400	38650	842	220	0.331	1.585E-57	37	417	624	37400	38650	1251	37400	38659
53454063	-1	106	4.435E-21	2	2953	3569	1811	38	0.270	2.032E+01	33	119	214	-3569	-3297	273	3710	3294
53454063	-1	106	4.435E-21	2	2953	3569	1817	73	0.406	9.981E-12	114	212	214	-3231	-2953	279	3270	2932
53493714	1	238	8.146E-61	1	37511	38596	842	238	0.384	1.038E-63	4	366	391	37511	38596	1086	37400	38659
53803084	-1	254	1.243E-65	1	19979	21298	1449	254	0.345	9.104E-69	308	760	771	-21298	-19979	1320	21310	19952
54415149	-1	227	1.668E-57	1	19979	21262	1449	227	0.330	1.217E-59	175	607	623	-21262	-19979	1284	21310	19952
54703511	-1	171	1.202E-40	2	28248	28929	1282	136	0.446	2.822E-32	23	189	261	-28929	-28429	501	28929	28360
54703511	-1	171	1.202E-40	2	28248	28929	1286	48	0.533	5.374E-03	204	247	261	-28379	-28248	132	28451	28119
54849723	1	160	2.462E-37	1	37655	38644	842	160	0.312	2.049E-37	3	302	390	37655	38644	990	37400	38659
55082057	1	287	1.447E-75	3	36451	38849	820	181	0.435	1.790E-44	187	413	852	36451	37143	693	36037	37251
55082057	1	287	1.447E-75	3	36451	38849	842	157	0.335	2.320E-36	467	756	852	37778	38638	861	37400	38659
55082057	1	287	1.447E-75	3	36451	38849	844	36	0.482	8.139E+00	793	829	852	38739	38849	111	38667	38855
55103112	1	181	1.174E-43	1	36385	37146	820	181	0.406	1.790E-44	82	311	370	36385	37146	762	36037	37251
55875091	-1	512	2.684E-143	2	42760	44518	971	237	0.444	1.863E-65	313	600	891	-44518	-43628	891	44518	43625
55875091	-1	512	2.684E-143	2	42760	44518	983	274	0.507	3.644E-78	602	889	891	-43611	-42760	852	43611	42748
55882780	-1	253	2.486E-65	1	19961	21262	1449	253	0.350	2.305E-68	315	756	768	-21262	-19961	1302	21310	19952
56070220	1	228	8.342E-58	1	37400	38596	842	228	0.350	1.758E-60	71	463	504	37400	38596	1197	37400	38659
56477630	1	181	1.174E-43	1	37796	38638	842	181	0.378	1.970E-44	2	282	376	37796	38638	843	37400	38659
56497737	-1	344	1.004E-92	2	42766	44518	971	175	0.367	3.760E-44	465	737	1062	-44518	-43667	852	44518	43625
56497737	-1	344	1.004E-92	2	42766	44518	983	181	0.353	2.480E-46	751	1061	1062	-43611	-42766	846	43611	42748
56822141	1	263	2.428E-68	1	37400	38635	842	263	0.378	1.779E-72	93	501	598	37400	38635	1236	37400	38659
56914689	-1	95	9.084E-18	2	2959	3452	1811	38	0.434	2.032E+01	55	99	200	-3452	-3321	132	3710	3294
56914689	-1	95	9.084E-18	2	2959	3452	1817	63	0.395	2.672E-08	107	194	200	-3222	-2959	264	3270	2932
57064697	-1	247	1.591E-63	1	19961	21262	1449	247	0.343	1.756E-66	321	764	776	-21262	-19961	1302	21310	19952
57424803	1	202	5.598E-50	1	36040	37125	820	202	0.343	8.003E-52	270	594	595	36040	37125	1086	36037	37251
57960026	1	407	1.089E-111	3	36652	38461	820	153	0.495	4.621E-35	37	195	746	36652	37143	492	36037	37251
57960026	1	407	1.089E-111	3	36652	38461	823	67	0.510	3.665E-10	232	298	746	37178	37378	201	37139	37396
57960026	1	407	1.089E-111	3	36652	38461	842	228	0.379	2.395E-60	306	654	746	37400	38461	1062	37400	38659
58022484	1	97	2.271E-18	1	17926	18384	436	97	0.367	6.427E-19	61	214	257	17926	18384	459	17926	18474
58028628	-1	78	1.191E-12	1	28125	28403	1286	78	0.447	1.102E-13	25	118	121	-28403	-28125	279	28451	28119
58144188	1	148	1.008E-33	1	37811	38638	842	148	0.333	1.800E-33	1	276	372	37811	38638	828	37400	38659
58428794	1	137	2.065E-30	2	13131	13739	318	76	0.600	1.079E-13	0	62	177	13131	13319	189	13107	13331
58428794	1	137	2.065E-30	2	13131	13739	326	83	0.472	7.630E-15	86	172	177	13461	13739	279	13335	13751
58709891	-1	145	8.068E-33	2	2959	3620	1811	58	0.321	3.938E-06	6	113	341	-3620	-3294	327	3710	3294
58709891	-1	145	8.068E-33	2	2959	3620	1817	93	0.519	1.369E-18	107	198	341	-3234	-2959	276	3270	2932
58944327	1	322	4.212E-86	2	37181	38578	823	81	0.598	5.500E-15	20	86	600	37181	37381	201	37139	37396
58944327	1	322	4.212E-86	2	37181	38578	842	246	0.373	1.129E-66	93	485	600	37400	38578	1179	37400	38659
58956192	-1	235	6.517E-60	1	19979	21298	1449	235	0.333	1.868E-62	296	737	756	-21298	-19979	1320	21310	19952
58967096	-1	56	4.994E-06	1	28131	28367	1286	56	0.386	7.232E-06	41	120	123	-28367	-28131	237	28451	28119
58978531	-1	237	1.629E-60	1	19979	21298	1449	237	0.335	5.433E-63	296	737	755	-21298	-19979	1320	21310	19952
59029951	1	84	1.860E-14	1	18668	18955	449	84	0.442	9.094E-14	6	108	114	18668	18955	288	18665	19423
59030155	1	207	1.749E-51	2	36685	37261	820	178	0.603	1.127E-43	0	149	217	36685	37134	450	36037	37251
59030155	1	207	1.749E-51	2	36685	37261	823	57	0.776	1.411E-06	179	212	217	37160	37261	102	37139	37396
59040867	-1	195	7.166E-48	1	43628	44215	971	195	0.521	8.734E-51	1	197	232	-44215	-43628	588	44518	43625
59040973	1	378	5.845E-103	2	36118	38563	820	239	0.404	1.836E-64	268	602	1206	36118	37137	1020	36037	37251
59040973	1	378	5.845E-103	2	36118	38563	842	244	0.374	5.327E-66	709	1090	1206	37400	38563	1164	37400	38659
59040988	-1	167	1.924E-39	1	43135	43611	983	167	0.543	1.848E-41	21	180	181	-43611	-43135	477	43611	42748
59041027	1	81	1.488E-13	1	36685	37218	820	81	0.295	8.375E-12	4	180	241	36685	37218	534	36037	37251
59041691	1	92	7.267E-17	1	36040	37146	820	92	0.212	2.649E-15	67	442	663	36040	37146	1107	36037	37251
59041962	-1	369	2.993E-100	2	42787	44515	971	186	0.372	8.355E-48	401	684	977	-44515	-43628	888	44518	43625
59041962	-1	369	2.993E-100	2	42787	44515	983	182	0.375	1.329E-46	686	971	977	-43611	-42787	825	43611	42748
59044284	1	209	4.374E-52	1	37400	38479	842	209	0.349	8.989E-54	18	381	403	37400	38479	1080	37400	38659
59052443	1	92	7.267E-17	1	18668	19060	449	92	0.382	2.060E-16	34	171	172	18668	19060	393	18665	19423
59060350	1	124	1.692E-26	1	37406	37906	842	124	0.416	1.548E-25	51	215	254	37406	37906	501	37400	38659
59069751	1	102	7.097E-20	1	18716	19279	449	102	0.327	9.721E-20	16	208	278	18716	19279	564	18665	19423
59093560	-1	87	2.325E-15	1	28570	28869	1282	87	0.460	1.953E-15	1	101	109	-28869	-28570	300	28929	28360
59140059	1	73	3.810E-11	1	13464	13748	326	73	0.420	1.967E-11	63	151	173	13464	13748	285	13335	13751
59146804	1	139	5.163E-31	1	38012	38596	842	139	0.406	1.353E-30	9	202	311	38012	38596	585	37400	38659
59148996	1	148	1.008E-33	1	36601	37050	820	148	0.518	1.297E-33	27	176	241	36601	37050	450	36037	37251
59149516	1	61	1.561E-07	1	18064	18381	436	61	0.333	1.138E-06	12	120	136	18064	18381	318	17926	18474
59151018	-1	119	5.414E-25	1	28573	28929	1282	119	0.522	1.485E-26	10	128	135	-28929	-28573	357	28929	28360
59153993	1	74	1.905E-11	1	18875	19300	449	74	0.320	2.340E-10	71	211	269	18875	19300	426	18665	19423
59191977	1	140	2.582E-31	1	37970	38599	842	140	0.386	7.421E-31	0	208	237	37970	38599	630	37400	38659
59200244	1	90	2.907E-16	1	18806	19363	449	90	0.306	1.286E-15	0	186	222	18806	19363	558	18665	19423
59214768	1	151	1.261E-34	1	37925	38611	842	151	0.381	2.941E-34	7	236	337	37925	38611	687	37400	38659
59215019	-1	348	6.276E-94	3	28257	29535	1269	169	0.579	2.694E-44	6	154	488	-29535	-29089	447	29547	29089
59215019	-1	348	6.276E-94	3	28257	29535	1282	126	0.429	5.264E-29	149	298	488	-28923	-28435	489	28929	28360
59215019	-1	348	6.276E-94	3	28257	29535	1286	59	0.567	7.955E-07	301	351	488	-28409	-28257	153	28451	28119
59216235	1	123	3.384E-26	1	38111	38611	842	123	0.414	2.802E-25	1	167	250	38111	38611	501	37400	38659
59216330	-1	95	9.084E-18	1	28489	28782	1282	95	0.505	3.871E-18	1	97	113	-28782	-28489	294	28929	28360
59216791	1	134	1.652E-29	1	38081	38611	842	134	0.422	8.983E-29	16	192	213	38081	38611	531	37400	38659
59229840	1	273	2.371E-71	1	37400	38638	842	273	0.387	7.439E-76	227	636	731	37400	38638	1239	37400	38659
59245046	-1	133	3.305E-29	2	28438	29085	1273	34	0.436	1.659E+01	46	85	362	-29085	-28966	120	29085	28933
59245046	-1	133	3.305E-29	2	28438	29085	1282	110	0.386	1.991E-23	98	261	362	-28929	-28438	492	28929	28360
59245378	-1	96	4.542E-18	1	28131	28403	1286	96	0.539	9.999E-20	47	137	142	-28403	-28131	273	28451	28119
59281392	-1	500	1.099E-139	2	42760	44257	971	214	0.534	2.676E-57	68	277	572	-44257	-43628	630	44518	43625
59281392	-1	500	1.099E-139	2	42760	44257	983	285	0.522	4.029E-82	279	567	572	-43611	-42760	852	43611	42748
59311991	-1	173	3.006E-41	1	42790	43611	983	173	0.354	1.729E-43	85	379	396	-43611	-42790	822	43611	42748
59324493	-1	213	2.733E-53	1	42805	43566	983	213	0.455	4.701E-57	1	257	259	-43566	-42805	762	43611	42748
59324567	-1	196	3.583E-48	1	43628	44518	971	196	0.385	2.506E-51	164	448	527	-44518	-43628	891	44518	43625
59329632	-1	301	8.832E-80	1	42760	43611	983	301	0.545	1.915E-87	151	439	444	-43611	-42760	852	43611	42748
59332151	-1	508	4.294E-142	2	42748	44518	971	242	0.450	4.335E-67	461	755	1012	-44518	-43628	891	44518	43625
59332151	-1	508	4.294E-142	2	42748	44518	983	265	0.494	3.647E-75	757	1011	1012	-43611	-42748	864	43611	42748
59332364	1	85	9.302E-15	1	18782	19318	449	85	0.303	4.955E-14	2	180	245	18782	19318	537	18665	19423
59392386	1	89	5.813E-16	1	17932	18447	436	89	0.314	3.293E-16	15	192	291	17932	18447	516	17926	18474
59401299	-1	394	8.918E-108	2	42790	44395	971	185	0.410	2.129E-47	8	252	541	-44395	-43628	768	44518	43625
59401299	-1	394	8.918E-108	2	42790	44395	983	208	0.423	1.470E-55	254	530	541	-43611	-42790	822	43611	42748
59419706	1	113	3.465E-23	1	18668	19279	449	113	0.333	1.744E-23	50	258	307	18668	19279	612	18665	19423
59423798	-1	209	4.374E-52	1	43628	44518	971	209	0.403	1.559E-55	65	328	357	-44518	-43628	891	44518	43625
59449343	-1	181	1.174E-43	1	42781	43611	983	181	0.381	4.628E-46	254	502	507	-43611	-42781	831	43611	42748
59739704	-1	261	9.711E-68	1	19982	21262	1449	261	0.367	2.525E-71	323	749	760	-21262	-19982	1281	21310	19952
59765730	-1	315	5.391E-84	1	19970	21298	1449	315	0.408	1.481E-89	271	695	713	-21298	-19970	1329	21310	19952
59833913	-1	224	1.335E-56	1	19976	21187	1449	224	0.332	1.948E-58	2	423	437	-21187	-19976	1212	21310	19952
59836760	-1	243	2.546E-62	1	19964	21199	1449	243	0.350	5.273E-65	279	703	710	-21199	-19964	1236	21310	19952
59993005	-1	258	7.769E-67	1	19955	21262	1449	258	0.355	5.603E-70	277	717	726	-21262	-19955	1308	21310	19952
59997600	-1	252	4.972E-65	1	19961	21262	1449	252	0.348	5.836E-68	345	787	799	-21262	-19961	1302	21310	19952
60015591	-1	232	5.214E-59	1	20189	21262	1449	232	0.381	3.005E-61	310	657	668	-21262	-20189	1074	21310	19952
60048989	-1	243	2.546E-62	1	19961	21265	1449	243	0.337	5.273E-65	364	811	818	-21265	-19961	1305	21310	19952
60111644	-1	254	1.243E-65	1	19976	21262	1449	254	0.353	9.104E-69	321	759	769	-21262	-19976	1287	21310	19952
60739454	-1	105	8.871E-21	2	2953	3614	1811	40	0.266	4.410E+00	5	97	195	-3614	-3318	297	3710	3294
60739454	-1	105	8.871E-21	2	2953	3614	1817	68	0.412	3.220E-10	102	192	195	-3225	-2953	273	3270	2932
62084064	-1	96	4.542E-18	2	2959	3446	1811	36	0.433	6.868E+01	57	99	200	-3446	-3321	126	3710	3294
62084064	-1	96	4.542E-18	2	2959	3446	1817	66	0.409	2.934E-09	107	194	200	-3222	-2959	264	3270	2932
64460272	-1	99	5.677E-19	2	2956	3473	1811	36	0.379	9.306E+01	46	96	193	-3473	-3324	150	3710	3294
64460272	-1	99	5.677E-19	2	2956	3473	1817	66	0.409	1.561E-09	101	189	193	-3222	-2956	267	3270	2932
64532667	-1	257	1.554E-66	3	28717	29544	1269	143	0.495	2.959E-35	107	259	385	-29544	-29089	456	29547	29089
64532667	-1	257	1.554E-66	3	28717	29544	1273	36	0.415	4.579E+00	266	310	385	-29070	-28936	135	29085	28933
64532667	-1	257	1.554E-66	3	28717	29544	1282	84	0.591	1.717E-14	313	383	385	-28929	-28717	213	28929	28360
64595069	-1	142	6.454E-32	2	28621	29082	1273	38	0.407	9.179E-01	2	50	169	-29082	-28936	147	29085	28933
64595069	-1	142	6.454E-32	2	28621	29082	1282	105	0.528	1.159E-21	53	155	169	-28929	-28621	309	28929	28360
64806682	-1	285	5.788E-75	3	28621	29544	1269	139	0.486	3.686E-34	10	162	368	-29544	-29089	456	29547	29089
64806682	-1	285	5.788E-75	3	28621	29544	1273	36	0.415	4.579E+00	169	213	368	-29070	-28936	135	29085	28933
64806682	-1	285	5.788E-75	3	28621	29544	1282	116	0.573	1.820E-25	216	318	368	-28929	-28621	309	28929	28360
64807374	-1	145	8.068E-33	1	29089	29544	1269	145	0.500	6.115E-36	24	176	247	-29544	-29089	456	29547	29089
64859008	-1	230	2.085E-58	3	28185	29079	1273	43	0.455	1.953E-02	3	50	314	-29079	-28936	144	29085	28933
64859008	-1	230	2.085E-58	3	28185	29079	1282	128	0.411	2.054E-29	53	227	314	-28929	-28429	501	28929	28360
64859008	-1	230	2.085E-58	3	28185	29079	1286	70	0.520	6.127E-11	239	307	314	-28391	-28185	207	28451	28119
64894861	-1	167	1.924E-39	2	28492	29079	1273	43	0.455	1.953E-02	48	95	264	-29079	-28936	144	29085	28933
64894861	-1	167	1.924E-39	2	28492	29079	1282	125	0.463	1.349E-28	98	243	264	-28929	-28492	438	28929	28360
64996185	1	164	1.539E-38	1	36169	37125	820	164	0.324	6.805E-39	72	368	369	36169	37125	957	36037	37251
66183908	1	211	1.093E-52	1	37619	38620	842	211	0.374	1.038E-54	10	342	443	37619	38620	1002	37400	38659
66347663	1	114	1.733E-23	1	36805	37134	820	114	0.534	2.703E-22	8	117	184	36805	37134	330	36037	37251
66429195	1	227	1.668E-57	1	37400	38644	842	227	0.339	4.448E-60	18	426	514	37400	38644	1245	37400	38659
66461420	-1	327	1.316E-87	2	42766	44464	971	166	0.369	8.958E-41	347	601	926	-44464	-43667	798	44518	43625
66461420	-1	327	1.316E-87	2	42766	44464	983	173	0.342	1.266E-43	615	925	926	-43611	-42766	846	43611	42748
66713086	-1	509	2.147E-142	2	42748	44482	971	248	0.473	5.384E-69	327	609	904	-44482	-43628	855	44518	43625
66713086	-1	509	2.147E-142	2	42748	44482	983	260	0.481	1.578E-73	611	903	904	-43611	-42748	864	43611	42748
66990089	1	263	2.428E-68	1	37400	38641	842	263	0.376	3.314E-72	113	516	590	37400	38641	1242	37400	38659
67054482	1	136	4.131E-30	1	37619	38368	842	136	0.336	1.490E-29	2	251	252	37619	38368	750	37400	38659
68593148	1	257	1.554E-66	1	37400	38638	842	257	0.370	3.512E-70	31	443	538	37400	38638	1239	37400	38659
68622818	-1	237	1.629E-60	1	42757	43611	983	237	0.451	2.360E-65	266	555	559	-43611	-42757	855	43611	42748
69058949	-1	172	6.011E-41	1	43631	44518	971	172	0.352	4.534E-43	62	345	348	-44518	-43631	888	44518	43625
69202932	-1	286	2.894E-75	2	43231	44512	971	187	0.427	3.279E-48	231	461	707	-44512	-43775	738	44518	43625
69202932	-1	286	2.894E-75	2	43231	44512	983	102	0.440	1.726E-19	458	584	707	-43608	-43231	378	43611	42748
69969868	-1	123	3.384E-26	1	43066	43611	983	123	0.389	1.567E-26	89	270	272	-43611	-43066	546	43611	42748
70286835	-1	241	1.018E-61	1	43694	44485	971	241	0.491	1.110E-66	82	344	350	-44485	-43694	792	44518	43625
70312217	1	324	1.053E-86	2	37187	38554	823	84	0.618	4.348E-16	30	96	490	37187	37387	201	37139	37396
70312217	1	324	1.053E-86	2	37187	38554	842	243	0.372	1.843E-65	101	488	490	37400	38554	1155	37400	38659
70504642	1	134	1.652E-29	1	38081	38563	842	134	0.453	8.983E-29	39	199	210	38081	38563	483	37400	38659
70690631	1	104	1.774E-20	1	18686	19312	449	104	0.310	2.843E-20	1	213	272	18686	19312	627	18665	19423
70865341	-1	691	3.503E-197	2	19961	24089	1377	209	0.694	1.526E-57	1	149	597	-24089	-23646	444	24206	23613
70865341	-1	691	3.503E-197	2	19961	24089	1449	482	0.566	4.554E-147	149	592	597	-21262	-19961	1302	21310	19952
70953224	1	370	1.496E-100	3	36040	38650	820	128	0.307	6.039E-27	180	442	1056	36040	36846	807	36037	37251
70953224	1	370	1.496E-100	3	36040	38650	823	74	0.505	1.662E-12	491	565	1056	37157	37381	225	37139	37396
70953224	1	370	1.496E-100	3	36040	38650	842	220	0.331	8.541E-58	572	952	1056	37400	38650	1251	37400	38659
71135837	-1	244	1.273E-62	1	19973	21262	1449	244	0.347	1.531E-65	315	747	762	-21262	-19973	1290	21310	19952
71203098	1	65	9.753E-09	1	18365	18658	439	65	0.370	3.408E-09	7	106	194	18365	18658	294	18359	18661
71235864	-1	264	1.214E-68	1	19976	21262	1449	264	0.359	3.929E-72	190	634	644	-21262	-19976	1287	21310	19952
71288218	1	149	5.042E-34	1	36115	36849	820	149	0.361	9.580E-34	62	301	310	36115	36849	735	36037	37251
71301306	1	166	3.847E-39	1	37763	38611	842	166	0.350	1.583E-39	0	287	389	37763	38611	849	37400	38659
71525335	-1	169	4.809E-40	1	42766	43611	983	169	0.339	5.319E-42	191	497	498	-43611	-42766	846	43611	42748
71923274	1	198	8.957E-49	1	37649	38647	842	198	0.359	2.699E-50	1	326	423	37649	38647	999	37400	38659
72529582	1	210	2.187E-52	1	36040	37188	820	210	0.339	2.267E-54	267	637	650	36040	37188	1149	36037	37251
72610368	1	128	1.057E-27	1	38081	38635	842	128	0.396	5.870E-27	12	196	293	38081	38635	555	37400	38659
73503156	1	136	4.131E-30	2	13131	13751	318	65	0.601	1.086E-09	0	52	185	13131	13289	159	13107	13331
73503156	1	136	4.131E-30	2	13131	13751	326	88	0.367	1.750E-16	71	183	185	13335	13751	417	13335	13751
73509373	-1	75	9.525E-12	1	28119	28364	1286	75	0.475	1.382E-12	36	118	119	-28364	-28119	246	28451	28119
73512947	-1	246	3.182E-63	1	19979	21310	1449	246	0.341	3.261E-66	292	738	756	-21310	-19979	1332	21310	19952
73583216	-1	162	6.155E-38	1	29140	29547	1269	162	0.603	5.748E-42	3	138	155	-29547	-29140	408	29547	29089
73583432	-1	377	1.169E-102	2	42787	44515	971	192	0.381	5.682E-50	401	684	977	-44515	-43628	888	44518	43625
73583432	-1	377	1.169E-102	2	42787	44515	983	184	0.378	2.792E-47	686	971	977	-43611	-42787	825	43611	42748
73583596	-1	511	5.368E-143	2	42748	44215	971	206	0.547	1.390E-54	1	196	492	-44215	-43628	588	44518	43625
73583596	-1	511	5.368E-143	2	42748	44215	983	304	0.543	1.549E-88	198	490	492	-43611	-42748	864	43611	42748
73591762	1	83	3.721E-14	1	36901	37146	820	83	0.522	1.501E-12	5	86	109	36901	37146	246	36037	37251
73593328	1	581	4.547E-164	3	36040	38593	820	241	0.392	7.233E-65	106	455	1076	36040	37110	1071	36037	37251
73593328	1	581	4.547E-164	3	36040	38593	823	94	0.602	1.142E-19	489	566	1076	37148	37381	234	37139	37396
73593328	1	581	4.547E-164	3	36040	38593	842	283	0.408	4.215E-79	573	967	1076	37400	38593	1194	37400	38659
73596780	-1	127	2.115E-27	1	43039	43566	983	127	0.403	7.216E-28	0	178	183	-43566	-43039	528	43611	42748
73609872	1	76	4.762E-12	1	18875	19348	449	76	0.303	7.030E-11	17	168	218	18875	19348	474	18665	19423
73610737	1	168	9.618E-40	1	36607	37137	820	168	0.504	2.369E-40	6	181	182	36607	37137	531	36037	37251
73612092	1	89	5.813E-16	1	36946	37146	820	89	0.653	2.003E-14	1	67	101	36946	37146	201	36037	37251
73612797	-1	96	4.542E-18	1	28119	28391	1286	96	0.536	7.288E-20	33	124	125	-28391	-28119	273	28451	28119
73648999	1	364	9.576E-99	3	36106	38712	820	217	0.374	6.364E-57	183	523	1127	36106	37137	1032	36037	37251
73648999	1	364	9.576E-99	3	36106	38712	842	235	0.357	6.667E-63	631	1022	1127	37400	38596	1197	37400	38659
73648999	1	364	9.576E-99	3	36106	38712	843	34	0.654	4.828E+01	1040	1063	1127	38641	38712	72	38629	38829
73673050	-1	208	8.747E-52	1	43628	44356	971	208	0.467	2.131E-55	4	234	286	-44356	-43628	729	44518	43625
73682265	-1	126	4.230E-27	1	43066	43446	983	126	0.518	1.818E-27	0	126	134	-43446	-43066	381	43611	42748
73705823	1	60	3.121E-07	1	37163	37396	823	60	0.415	1.112E-07	18	95	149	37163	37396	234	37139	37396
73755990	-1	50	3.196E-04	1	28125	28289	1286	50	0.463	5.946E-04	0	55	58	-28289	-28125	165	28451	28119
73756617	1	63	3.901E-08	1	18806	19111	449	63	0.342	7.388E-07	0	108	155	18806	19111	306	18665	19423
73757806	1	118	1.083E-24	1	38156	38611	842	118	0.429	1.317E-23	44	195	296	38156	38611	456	37400	38659
73758736	-1	86	4.651E-15	1	28119	28415	1286	86	0.462	2.713E-16	81	178	180	-28415	-28119	297	28451	28119
73758760	1	239	4.073E-61	1	37607	38611	842	239	0.406	3.004E-64	3	340	406	37607	38611	1005	37400	38659
73768511	-1	310	1.725E-82	3	28125	29085	1273	49	0.492	1.604E-04	279	328	595	-29085	-28936	150	29085	28933
73768511	-1	310	1.725E-82	3	28125	29085	1282	159	0.505	2.502E-40	331	493	595	-28929	-28429	501	28929	28360
73768511	-1	310	1.725E-82	3	28125	29085	1286	106	0.566	2.684E-23	498	592	595	-28409	-28125	285	28451	28119
73770856	-1	255	6.215E-66	1	43634	44479	971	255	0.487	1.905E-71	203	478	510	-44479	-43634	846	44518	43625
73812770	1	109	5.544E-22	1	18668	19348	449	109	0.307	3.816E-22	16	243	275	18668	19348	681	18665	19423
73817105	1	171	1.202E-40	2	18422	19348	439	57	0.386	1.911E-06	218	299	579	18422	18661	240	18359	18661
73817105	1	171	1.202E-40	2	18422	19348	449	115	0.317	5.069E-24	302	529	579	18668	19348	681	18665	19423
73821624	-1	242	5.092E-62	1	42871	43611	983	242	0.510	2.927E-67	21	272	273	-43611	-42871	741	43611	42748
73823317	-1	287	1.447E-75	1	42760	43611	983	287	0.525	8.373E-83	21	309	314	-43611	-42760	852	43611	42748
73850627	1	60	3.121E-07	1	17971	18468	436	60	0.254	2.849E-06	27	187	286	17971	18468	498	17926	18474
73853241	-1	172	6.011E-41	1	42790	43611	983	172	0.353	3.225E-43	85	379	435	-43611	-42790	822	43611	42748
73864622	-1	60	3.121E-07	1	28140	28406	1286	60	0.376	2.252E-07	39	128	136	-28406	-28140	267	28451	28119
73865761	-1	181	1.174E-43	1	43628	44203	971	181	0.501	3.518E-46	0	191	212	-44203	-43628	576	44518	43625
73870667	-1	416	2.126E-114	2	42766	44485	971	196	0.396	2.506E-51	332	607	900	-44485	-43628	858	44518	43625
73870667	-1	416	2.126E-114	2	42766	44485	983	219	0.429	3.139E-59	609	894	900	-43611	-42766	846	43611	42748
73882186	1	110	2.772E-22	1	18737	19237	449	110	0.369	2.060E-22	1	174	311	18737	19237	501	18665	19423
73935700	1	85	9.302E-15	1	17929	18402	436	85	0.329	7.407E-15	47	204	277	17929	18402	474	17926	18474
73941939	-1	225	6.674E-57	3	28143	29544	1269	135	0.481	1.182E-32	268	417	739	-29544	-29098	447	29547	29089
73941939	-1	225	6.674E-57	3	28143	29544	1282	103	0.365	5.528E-21	474	635	739	-28929	-28432	498	28929	28360
73941939	-1	225	6.674E-57	3	28143	29544	1286	55	0.371	9.912E-06	650	733	739	-28382	-28143	240	28451	28119
73961349	-1	113	3.465E-23	1	29269	29535	1269	113	0.631	5.426E-25	8	96	117	-29535	-29269	267	29547	29089
73966111	-1	172	6.011E-41	1	43673	44410	971	172	0.400	6.189E-43	0	234	325	-44410	-43673	738	44518	43625
73966355	-1	159	4.924E-37	1	43628	44050	971	159	0.576	1.757E-38	0	140	167	-44050	-43628	423	44518	43625
73991014	-1	129	5.287E-28	1	42781	43611	983	129	0.303	2.104E-28	52	249	254	-43611	-42781	831	43611	42748
74180310	-1	346	2.510E-93	1	19961	21304	1449	346	0.434	3.968E-100	297	742	768	-21304	-19961	1344	21310	19952
74181524	-1	248	7.956E-64	1	19973	21262	1449	248	0.348	6.942E-67	314	751	768	-21262	-19973	1290	21310	19952
74344132	-1	353	1.961E-95	1	19961	21304	1449	353	0.441	1.048E-102	301	722	751	-21304	-19961	1344	21310	19952
74398713	-1	166	3.847E-39	1	20273	20848	1449	166	0.468	4.601E-39	2	193	337	-20848	-20273	576	21310	19952
74433824	-1	242	5.092E-62	1	19961	21262	1449	242	0.339	9.786E-65	345	787	794	-21262	-19961	1302	21310	19952
74481758	-1	258	7.769E-67	1	19961	21262	1449	258	0.354	4.110E-70	313	755	767	-21262	-19961	1302	21310	19952
74583507	-1	255	6.215E-66	1	19961	21262	1449	255	0.352	3.595E-69	40	482	494	-21262	-19961	1302	21310	19952
74631625	-1	343	2.008E-92	1	19961	21304	1449	343	0.431	2.585E-99	301	747	776	-21304	-19961	1344	21310	19952
74717554	-1	350	1.569E-94	1	19961	21304	1449	350	0.438	9.338E-102	301	744	773	-21304	-19961	1344	21310	19952
74720597	-1	237	1.629E-60	1	19961	21262	1449	237	0.334	5.433E-63	323	765	772	-21262	-19961	1302	21310	19952
74749988	-1	248	7.956E-64	1	19961	21262	1449	248	0.346	6.942E-67	314	755	768	-21262	-19961	1302	21310	19952
75196663	-1	121	1.354E-25	2	2956	3563	1811	48	0.327	6.846E-03	100	183	278	-3563	-3303	261	3710	3294
75196663	-1	121	1.354E-25	2	2956	3563	1817	77	0.443	4.238E-13	179	271	278	-3234	-2956	279	3270	2932
75374772	-1	75	9.525E-12	1	2953	3216	1817	75	0.452	2.057E-12	1	88	91	-3216	-2953	264	3270	2932
75696143	-1	120	2.707E-25	2	2956	3656	1811	41	0.252	2.390E+00	7	116	221	-3656	-3327	330	3710	3294
75696143	-1	120	2.707E-25	2	2956	3656	1817	81	0.443	1.798E-14	120	217	221	-3240	-2956	285	3270	2932
75843424	-1	79	5.953E-13	1	2953	3231	1817	79	0.452	8.730E-14	84	176	183	-3231	-2953	279	3270	2932
78993912	-1	76	4.762E-12	1	2962	3231	1817	76	0.449	1.093E-12	68	157	162	-3231	-2962	270	3270	2932
79349336	-1	259	3.885E-67	3	28714	29544	1269	143	0.495	2.959E-35	107	259	388	-29544	-29089	456	29547	29089
79349336	-1	259	3.885E-67	3	28714	29544	1273	36	0.415	4.579E+00	266	310	388	-29070	-28936	135	29085	28933
79349336	-1	259	3.885E-67	3	28714	29544	1282	86	0.594	4.959E-15	313	384	388	-28929	-28714	216	28929	28360
79349434	-1	113	3.465E-23	1	29185	29526	1269	113	0.517	5.426E-25	18	131	147	-29526	-29185	342	29547	29089
79349592	-1	175	7.514E-42	2	28717	29544	1269	145	0.501	4.462E-36	94	246	371	-29544	-29089	456	29547	29089
79349592	-1	175	7.514E-42	2	28717	29544	1282	82	0.580	8.096E-14	300	370	371	-28929	-28717	213	28929	28360
79583455	1	106	4.435E-21	1	18668	19111	449	106	0.390	4.488E-21	36	190	288	18668	19111	444	18665	19423
79810432	1	65	9.753E-09	1	18806	19294	449	65	0.266	2.256E-07	0	166	238	18806	19294	489	18665	19423
80031762	1	169	4.809E-40	1	36037	37125	820	169	0.304	1.286E-40	122	444	449	36037	37125	1089	36037	37251
80377752	1	198	8.957E-49	1	36040	36531	820	198	0.608	2.379E-50	152	316	320	36040	36531	492	36037	37251
80863976	1	137	2.065E-30	1	37853	38644	842	137	0.325	8.185E-30	15	274	362	37853	38644	792	37400	38659
81455367	1	206	3.499E-51	1	37655	38629	842	206	0.372	5.714E-53	1	328	423	37655	38629	975	37400	38659
82100580	-1	136	4.131E-30	2	28149	28929	1282	106	0.408	4.539E-22	10	152	270	-28929	-28492	438	28929	28360
82100580	-1	136	4.131E-30	2	28149	28929	1286	58	0.406	1.091E-06	182	259	270	-28382	-28149	234	28451	28119
82604845	1	126	4.230E-27	1	36046	37014	820	126	0.272	2.692E-26	94	369	385	36046	37014	969	36037	37251
82705192	1	157	1.970E-36	1	36070	36969	820	157	0.327	1.635E-36	74	366	369	36070	36969	900	36037	37251
82788661	1	186	3.669E-45	1	37718	38563	842	186	0.383	4.993E-46	0	282	302	37718	38563	846	37400	38659
82887549	-1	248	7.956E-64	1	19955	21262	1449	248	0.341	6.942E-67	174	624	630	-21262	-19955	1308	21310	19952
83174013	1	93	3.633E-17	1	18776	19333	449	93	0.313	8.240E-17	0	187	285	18776	19333	558	18665	19423
83275953	-1	251	9.944E-65	1	19955	21262	1449	251	0.347	7.953E-68	175	619	629	-21262	-19955	1308	21310	19952
83676976	1	233	2.607E-59	1	37496	38593	842	233	0.374	5.831E-62	18	386	496	37496	38593	1098	37400	38659
84110026	1	91	1.453E-16	1	36145	37137	820	91	0.224	4.724E-15	157	376	393	36145	37137	993	36037	37251
84625353	-1	180	2.348E-43	1	43661	44518	971	180	0.372	8.959E-46	275	550	563	-44518	-43661	858	44518	43625
85029209	1	128	1.057E-27	1	36040	36846	820	128	0.306	8.144E-27	127	384	403	36040	36846	807	36037	37251
85379597	1	276	2.964E-72	2	37178	38461	823	71	0.525	1.116E-11	4	72	583	37178	37384	207	37139	37396
85379597	1	276	2.964E-72	2	37178	38461	842	209	0.357	4.851E-54	78	425	583	37400	38461	1062	37400	38659
85567236	1	121	1.354E-25	1	38126	38644	842	121	0.391	1.660E-24	3	179	267	38126	38644	519	37400	38659
85728110	1	246	3.182E-63	1	37511	38611	842	246	0.386	2.100E-66	220	591	644	37511	38611	1101	37400	38659
86448748	-1	102	7.097E-20	1	28492	28899	1282	102	0.417	1.411E-20	6	138	257	-28899	-28492	408	28929	28360
86592525	1	160	2.462E-37	1	37763	38638	842	160	0.335	1.513E-37	0	296	389	37763	38638	876	37400	38659
86708528	-1	346	2.510E-93	2	42766	44518	971	176	0.368	2.018E-44	62	334	659	-44518	-43667	852	44518	43625
86708528	-1	346	2.510E-93	2	42766	44518	983	182	0.353	1.815E-46	348	658	659	-43611	-42766	846	43611	42748
86811971	-1	237	1.629E-60	1	19961	21262	1449	237	0.335	3.989E-63	338	780	787	-21262	-19961	1302	21310	19952
87210512	-1	195	7.166E-48	1	20414	21262	1449	195	0.397	7.728E-49	184	447	464	-21262	-20414	849	21310	19952
88014249	-1	255	6.215E-66	1	19988	21298	1449	255	0.349	4.900E-69	297	743	757	-21298	-19988	1311	21310	19952
88017615	-1	239	4.073E-61	1	19964	21310	1449	239	0.332	1.160E-63	293	744	757	-21310	-19964	1347	21310	19952
88065588	1	96	4.542E-18	1	18668	19060	449	96	0.395	7.127E-18	28	165	178	18668	19060	393	18665	19423
88071099	-1	242	5.092E-62	1	19976	21271	1449	242	0.343	1.333E-64	304	738	758	-21271	-19976	1296	21310	19952
88124089	-1	549	1.953E-154	2	42748	44518	971	244	0.453	9.044E-68	180	474	770	-44518	-43628	891	44518	43625
88124089	-1	549	1.953E-154	2	42748	44518	983	304	0.543	1.549E-88	476	768	770	-43611	-42748	864	43611	42748
88124553	-1	190	2.293E-46	1	43628	44215	971	190	0.512	5.046E-49	1	196	296	-44215	-43628	588	44518	43625
88124753	1	77	2.381E-12	1	36040	37146	820	77	0.194	1.938E-10	194	571	718	36040	37146	1107	36037	37251
88124836	-1	144	1.614E-32	1	42790	43611	983	144	0.328	1.228E-33	30	304	316	-43611	-42790	822	43611	42748
88125171	-1	182	5.870E-44	1	42790	43611	983	182	0.368	1.815E-46	145	437	454	-43611	-42790	822	43611	42748
88147645	-1	421	6.645E-116	3	3133	10082	1661	68	0.893	5.962E-11	0	34	199	-10082	-9978	105	10121	9939
88147645	-1	421	6.645E-116	3	3133	10082	1811	285	0.966	6.909E-85	33	171	199	-3710	-3294	417	3710	3294
88147645	-1	421	6.645E-116	3	3133	10082	1817	75	1.000	1.500E-12	165	198	199	-3234	-3133	102	3270	2932
88162018	-1	237	1.629E-60	1	42760	43476	983	237	0.516	1.261E-65	0	243	248	-43476	-42760	717	43611	42748
88214171	-1	241	1.018E-61	1	19979	21298	1449	241	0.338	1.816E-64	296	739	769	-21298	-19979	1320	21310	19952
88221343	-1	175	7.514E-42	1	43712	44458	971	175	0.401	7.008E-44	215	430	452	-44458	-43712	747	44518	43625
88222068	-1	117	2.166E-24	1	43042	43377	983	117	0.528	2.133E-24	0	114	132	-43377	-43042	336	43611	42748
88240678	1	483	1.441E-134	3	36040	38599	820	202	0.339	1.090E-51	210	562	1176	36040	37143	1104	36037	37251
88240678	1	483	1.441E-134	3	36040	38599	823	63	0.488	1.204E-08	597	662	1176	37184	37381	198	37139	37396
88240678	1	483	1.441E-134	3	36040	38599	842	256	0.378	6.539E-70	669	1067	1176	37400	38599	1200	37400	38659
88240859	1	389	2.854E-106	2	36118	38605	820	236	0.397	3.002E-63	204	537	1144	36118	37146	1029	36037	37251
88240859	1	389	2.854E-106	2	36118	38605	842	257	0.377	3.512E-70	643	1039	1144	37400	38605	1206	37400	38659
88246257	-1	176	3.757E-42	1	43628	44485	971	176	0.366	2.754E-44	105	380	470	-44485	-43628	858	44518	43625
88256616	-1	156	3.939E-36	2	28119	28869	1282	103	0.431	7.554E-21	107	237	319	-28869	-28486	384	28929	28360
88256616	-1	156	3.939E-36	2	28119	28869	1286	57	0.350	2.049E-06	243	318	319	-28403	-28119	285	28451	28119
88257708	-1	263	2.428E-68	3	28119	29070	1273	48	0.524	4.188E-04	120	164	435	-29070	-28936	135	29085	28933
88257708	-1	263	2.428E-68	3	28119	29070	1282	147	0.476	4.275E-36	167	332	435	-28929	-28432	498	28929	28360
88257708	-1	263	2.428E-68	3	28119	29070	1286	77	0.445	2.845E-13	342	434	435	-28394	-28119	276	28451	28119
88284106	1	91	1.453E-16	1	18713	19252	449	91	0.315	3.794E-16	8	189	263	18713	19252	540	18665	19423
88297584	-1	157	1.970E-36	2	28173	28929	1282	113	0.421	2.227E-24	23	171	278	-28929	-28489	441	28929	28360
88297584	-1	157	1.970E-36	2	28173	28929	1286	68	0.449	5.592E-10	197	276	278	-28409	-28173	237	28451	28119
88297739	-1	106	4.435E-21	1	28119	28421	1286	106	0.533	3.682E-23	22	123	124	-28421	-28119	303	28451	28119
88298151	-1	59	6.242E-07	1	28125	28292	1286	59	0.522	5.803E-07	3	59	62	-28292	-28125	168	28451	28119
88300339	1	128	1.057E-27	1	38012	38638	842	128	0.364	5.870E-27	14	219	258	38012	38638	627	37400	38659
88312452	1	273	2.371E-71	1	37400	38638	842	273	0.387	7.439E-76	93	502	597	37400	38638	1239	37400	38659
88313552	-1	563	1.192E-158	2	42769	44479	971	265	0.500	3.992E-75	294	571	866	-44479	-43628	852	44518	43625
88313552	-1	563	1.192E-158	2	42769	44479	983	297	0.545	4.439E-86	573	857	866	-43611	-42769	843	43611	42748
88353956	-1	202	5.598E-50	1	43733	44518	971	202	0.431	2.314E-53	171	428	429	-44518	-43733	786	44518	43625
88394720	-1	166	3.847E-39	1	42781	43611	983	166	0.341	6.416E-41	31	328	392	-43611	-42781	831	43611	42748
88402112	-1	463	1.511E-128	2	42760	44512	971	224	0.426	1.073E-60	298	582	876	-44512	-43628	885	44518	43625
88402112	-1	463	1.511E-128	2	42760	44512	983	238	0.456	9.214E-66	584	870	876	-43611	-42760	852	43611	42748
88406306	-1	176	3.757E-42	1	43628	44203	971	176	0.491	2.018E-44	0	191	264	-44203	-43628	576	44518	43625
88408540	1	177	1.878E-42	2	18413	19315	439	62	0.440	3.124E-08	25	97	380	18413	18637	225	18359	18661
88408540	1	177	1.878E-42	2	18413	19315	449	123	0.340	1.040E-26	107	326	380	18668	19315	648	18665	19423
88409446	1	121	1.354E-25	1	18671	19351	449	121	0.328	3.591E-26	97	325	376	18671	19351	681	18665	19423
88414724	-1	176	3.757E-42	1	43628	44191	971	176	0.499	2.018E-44	6	192	277	-44191	-43628	564	44518	43625
88449321	1	395	4.459E-108	2	36040	38638	820	243	0.385	1.122E-65	209	570	1179	36040	37146	1107	36037	37251
88449321	1	395	4.459E-108	2	36040	38638	842	256	0.370	6.539E-70	676	1084	1179	37400	38638	1239	37400	38659
88476831	-1	141	1.291E-31	2	28669	29070	1273	42	0.467	5.109E-02	87	131	221	-29070	-28936	135	29085	28933
88476831	-1	141	1.291E-31	2	28669	29070	1282	100	0.580	6.718E-20	134	220	221	-28929	-28669	261	28929	28360
88482911	-1	203	2.799E-50	1	42820	43611	983	203	0.426	1.172E-53	102	368	388	-43611	-42820	792	43611	42748
88501861	1	59	6.242E-07	1	18404	18637	439	59	0.405	2.863E-07	9	88	108	18404	18637	234	18359	18661
88503057	1	67	2.438E-09	1	18806	19054	449	67	0.404	5.100E-08	0	90	128	18806	19054	249	18665	19423
88533902	-1	300	1.766E-79	2	43282	44518	971	188	0.374	1.757E-48	293	577	701	-44518	-43628	891	44518	43625
88533902	-1	300	1.766E-79	2	43282	44518	983	111	0.522	2.860E-22	579	686	701	-43611	-43282	330	43611	42748
88536243	-1	401	6.968E-110	2	42763	44386	971	188	0.419	2.400E-48	507	751	1049	-44386	-43628	759	44518	43625
88536243	-1	401	6.968E-110	2	42763	44386	983	212	0.418	6.429E-57	753	1039	1049	-43611	-42763	849	43611	42748
88791206	-1	258	7.769E-67	1	19997	21262	1449	258	0.357	3.015E-70	125	562	576	-21262	-19997	1266	21310	19952
88868176	-1	238	8.146E-61	1	19961	21262	1449	238	0.335	2.929E-63	323	766	773	-21262	-19961	1302	21310	19952
88886019	-1	239	4.073E-61	1	19961	21262	1449	239	0.336	1.160E-63	323	765	772	-21262	-19961	1302	21310	19952
88997098	-1	91	1.453E-16	1	24266	24538	1364	91	0.518	3.372E-17	44	132	138	-24538	-24266	273	24742	24230
89169913	-1	239	4.073E-61	1	19961	21262	1449	239	0.335	1.579E-63	323	767	774	-21262	-19961	1302	21310	19952
89178308	-1	109	5.544E-22	1	24230	24565	1364	109	0.510	1.854E-23	41	149	156	-24565	-24230	336	24742	24230
89196961	-1	242	5.092E-62	1	19961	21262	1449	242	0.339	9.786E-65	322	764	771	-21262	-19961	1302	21310	19952
89226848	-1	258	7.769E-67	1	19961	21262	1449	258	0.355	3.015E-70	320	762	775	-21262	-19961	1302	21310	19952
89253995	-1	633	1.010E-179	3	19961	24565	1364	93	0.446	1.319E-17	26	137	765	-24565	-24230	336	24742	24230
89253995	-1	633	1.010E-179	3	19961	24565	1377	241	0.683	2.368E-68	137	311	765	-24167	-23646	522	24206	23613
89253995	-1	633	1.010E-179	3	19961	24565	1449	299	0.399	2.801E-84	311	731	765	-21262	-19961	1302	21310	19952
89327548	-1	252	4.972E-65	1	19958	21262	1449	252	0.348	3.142E-68	323	767	774	-21262	-19958	1305	21310	19952
91318332	-1	74	1.905E-11	1	2956	3222	1817	74	0.432	5.306E-12	29	120	128	-3222	-2956	267	3270	2932
91386126	-1	70	3.048E-10	1	2959	3213	1817	70	0.414	6.640E-11	31	123	128	-3213	-2959	255	3270	2932
93615972	-1	138	1.033E-30	1	29089	29544	1269	138	0.483	9.491E-34	46	198	269	-29544	-29089	456	29547	29089
93764532	-1	271	9.484E-71	3	28492	29547	1269	124	0.449	5.860E-29	168	318	661	-29547	-29098	450	29547	29089
93764532	-1	271	9.484E-71	3	28492	29547	1273	45	0.477	2.857E-03	325	372	661	-29079	-28936	144	29085	28933
93764532	-1	271	9.484E-71	3	28492	29547	1282	108	0.414	9.509E-23	375	517	661	-28929	-28492	438	28929	28360
93890448	-1	254	1.243E-65	3	28714	29544	1269	138	0.482	1.301E-33	133	285	499	-29544	-29089	456	29547	29089
93890448	-1	254	1.243E-65	3	28714	29544	1273	37	0.422	2.407E+00	292	336	499	-29070	-28936	135	29085	28933
93890448	-1	254	1.243E-65	3	28714	29544	1282	85	0.592	6.765E-15	339	410	499	-28929	-28714	216	28929	28360
93890486	-1	274	1.185E-71	3	28675	29544	1269	143	0.495	2.959E-35	111	263	422	-29544	-29089	456	29547	29089
93890486	-1	274	1.185E-71	3	28675	29544	1273	36	0.415	4.579E+00	270	314	422	-29070	-28936	135	29085	28933
93890486	-1	274	1.185E-71	3	28675	29544	1282	101	0.595	3.599E-20	317	401	422	-28929	-28675	255	28929	28360
93891093	-1	69	6.096E-10	1	28747	28929	1282	69	0.563	2.941E-09	7	67	107	-28929	-28747	183	28929	28360
93944778	-1	261	9.711E-68	3	28711	29544	1269	141	0.492	7.619E-35	10	162	319	-29544	-29089	456	29547	29089
93944778	-1	261	9.711E-68	3	28711	29544	1273	44	0.455	1.029E-02	165	213	319	-29082	-28936	147	29085	28933
93944778	-1	261	9.711E-68	3	28711	29544	1282	78	0.544	1.792E-12	216	288	319	-28929	-28711	219	28929	28360
94116964	1	264	1.214E-68	1	37400	38599	842	264	0.387	9.551E-73	201	595	698	37400	38599	1200	37400	38659
94139091	-1	244	1.273E-62	1	19976	21262	1449	244	0.340	2.841E-65	290	734	749	-21262	-19976	1287	21310	19952
95652544	1	221	1.068E-55	1	37400	38449	842	221	0.374	4.603E-58	144	491	524	37400	38449	1050	37400	38659
95929541	-1	308	6.900E-82	2	42919	44518	971	177	0.369	1.082E-44	484	756	1010	-44518	-43667	852	44518	43625
95929541	-1	308	6.900E-82	2	42919	44518	983	143	0.359	3.109E-33	770	1007	1010	-43611	-42919	693	43611	42748
96045699	1	132	6.609E-29	1	37793	38563	842	132	0.322	2.970E-28	1	258	289	37793	38563	771	37400	38659
96447496	-1	587	7.104E-166	2	42769	44518	971	287	0.514	1.266E-82	101	391	827	-44518	-43628	891	44518	43625
96447496	-1	587	7.104E-166	2	42769	44518	983	299	0.550	6.734E-87	393	676	827	-43611	-42769	843	43611	42748
96524152	1	256	3.108E-66	1	37400	38611	842	256	0.375	8.923E-70	60	460	566	37400	38611	1212	37400	38659
98000880	-1	252	4.972E-65	1	19961	21262	1449	252	0.348	5.836E-68	319	761	773	-21262	-19961	1302	21310	19952
98128185	1	195	7.166E-48	1	37793	38638	842	195	0.397	3.158E-49	0	282	377	37793	38638	846	37400	38659
98348390	-1	153	3.152E-35	2	28591	29085	1273	48	0.482	4.188E-04	1	50	173	-29085	-28936	150	29085	28933
98348390	-1	153	3.152E-35	2	28591	29085	1282	106	0.492	8.481E-22	53	165	173	-28929	-28591	339	28929	28360
98713568	1	154	1.576E-35	1	36649	37155	820	154	0.486	1.859E-35	19	183	283	36649	37155	507	36037	37251
99020364	1	235	6.517E-60	1	37400	38563	842	235	0.363	9.088E-63	86	472	592	37400	38563	1164	37400	38659
99313418	-1	121	1.354E-25	1	43066	43416	983	121	0.536	7.286E-26	1	117	135	-43416	-43066	351	43611	42748
99821039	1	243	2.546E-62	1	37400	38560	842	243	0.372	2.513E-65	55	438	442	37400	38560	1161	37400	38659
99880320	1	107	2.218E-21	1	18665	19072	449	107	0.416	2.424E-21	38	180	218	18665	19072	408	18665	19423
100043763	1	225	6.674E-57	1	37595	38611	842	225	0.383	2.847E-59	2	345	447	37595	38611	1017	37400	38659
100149869	-1	250	1.989E-64	1	19961	21262	1449	250	0.347	2.013E-67	321	763	775	-21262	-19961	1302	21310	19952
100156463	1	88	1.163E-15	1	18668	19336	449	88	0.271	5.897E-15	177	374	413	18668	19336	669	18665	19423
100508757	1	254	1.243E-65	2	37184	38602	823	61	0.481	5.892E-08	40	104	614	37184	37378	195	37139	37396
100508757	1	254	1.243E-65	2	37184	38602	842	199	0.318	1.072E-50	112	500	614	37400	38602	1203	37400	38659
101696470	1	154	1.576E-35	1	37865	38599	842	154	0.372	1.429E-35	53	294	402	37865	38599	735	37400	38659
102405981	1	80	2.977E-13	1	36685	37155	820	80	0.317	1.484E-11	4	157	298	36685	37155	471	36037	37251
102666344	-1	239	4.073E-61	1	42898	43611	983	239	0.526	2.629E-66	21	260	275	-43611	-42898	714	43611	42748
102673495	1	315	5.391E-84	2	36661	38638	820	159	0.517	2.635E-37	0	161	772	36661	37146	486	36037	37251
102673495	1	315	5.391E-84	2	36661	38638	842	260	0.374	2.141E-71	267	677	772	37400	38638	1239	37400	38659
102701888	1	98	1.135E-18	1	18728	19294	449	98	0.317	2.843E-18	44	236	297	18728	19294	567	18665	19423
102751114	-1	139	5.163E-31	1	43153	43602	983	139	0.494	5.038E-32	0	149	174	-43602	-43153	450	43611	42748
102756509	-1	238	8.146E-61	1	20069	21298	1449	238	0.352	2.151E-63	296	707	755	-21298	-20069	1230	21310	19952
102763933	1	138	1.033E-30	2	13131	13751	318	78	0.600	4.161E-14	0	63	219	13131	13319	189	13107	13331
102763933	1	138	1.033E-30	2	13131	13751	326	82	0.453	1.431E-14	87	177	219	13461	13751	291	13335	13751
102782399	1	470	1.180E-130	3	36115	38599	820	201	0.356	2.749E-51	136	464	1077	36115	37137	1023	36037	37251
102782399	1	470	1.180E-130	3	36115	38599	823	68	0.524	1.414E-10	500	565	1077	37184	37381	198	37139	37396
102782399	1	470	1.180E-130	3	36115	38599	842	240	0.361	1.616E-64	572	968	1077	37400	38599	1200	37400	38659
102800596	-1	185	7.338E-45	1	43628	44182	971	185	0.526	1.559E-47	1	184	204	-44182	-43628	555	44518	43625
102839124	-1	100	2.839E-19	1	28119	28415	1286	100	0.521	4.231E-21	35	133	134	-28415	-28119	297	28451	28119
102839131	1	151	1.261E-34	1	37925	38611	842	151	0.381	2.941E-34	20	249	350	37925	38611	687	37400	38659
102839356	-1	375	4.676E-102	4	28140	29535	1269	121	0.632	1.368E-27	142	236	549	-29535	-29251	285	29547	29089
102839356	-1	375	4.676E-102	4	28140	29535	1273	48	0.573	2.209E-04	247	287	549	-29058	-28936	123	29085	28933
102839356	-1	375	4.676E-102	4	28140	29535	1282	130	0.431	3.127E-30	290	456	549	-28929	-28429	501	28929	28360
102839356	-1	375	4.676E-102	4	28140	29535	1286	87	0.498	1.051E-16	460	547	549	-28412	-28140	273	28451	28119
102839364	1	61	1.561E-07	1	18857	19129	449	61	0.375	5.853E-06	1	91	129	18857	19129	273	18665	19423
102839440	1	138	1.033E-30	1	38081	38611	842	138	0.433	3.329E-30	17	193	261	38081	38611	531	37400	38659
102840730	1	167	1.924E-39	1	37763	38608	842	167	0.356	1.167E-39	0	280	314	37763	38608	846	37400	38659
102865730	1	228	8.342E-58	1	37478	38596	842	228	0.366	1.758E-60	7	346	452	37478	38596	1119	37400	38659
102877820	-1	250	1.989E-64	1	42757	43611	983	250	0.472	5.517E-70	108	395	400	-43611	-42757	855	43611	42748
102889377	-1	236	3.259E-60	3	28741	29535	1269	143	0.545	1.575E-35	168	303	451	-29535	-29128	408	29547	29089
102889377	-1	236	3.259E-60	3	28741	29535	1273	51	0.524	1.712E-05	319	367	451	-29082	-28936	147	29085	28933
102889377	-1	236	3.259E-60	3	28741	29535	1282	57	0.466	3.824E-05	370	432	451	-28929	-28741	189	28929	28360
102933582	-1	183	2.935E-44	1	43628	44212	971	183	0.499	1.382E-46	0	193	194	-44212	-43628	585	44518	43625
102935615	-1	172	6.011E-41	1	42790	43611	983	172	0.353	3.225E-43	31	325	342	-43611	-42790	822	43611	42748
102936160	-1	166	3.847E-39	1	42781	43611	983	166	0.341	6.416E-41	31	328	345	-43611	-42781	831	43611	42748
102946276	-1	132	6.609E-29	2	28140	28878	1282	95	0.405	3.871E-18	2	129	249	-28878	-28486	393	28929	28360
102946276	-1	132	6.609E-29	2	28140	28878	1286	58	0.367	1.091E-06	152	241	249	-28406	-28140	267	28451	28119
102947620	-1	183	2.935E-44	1	43628	44203	971	183	0.505	1.382E-46	0	191	265	-44203	-43628	576	44518	43625
102947888	-1	169	4.809E-40	1	43661	44236	971	169	0.474	7.451E-42	32	223	227	-44236	-43661	576	44518	43625
102965057	-1	140	2.582E-31	1	43075	43611	983	140	0.434	2.714E-32	63	241	242	-43611	-43075	537	43611	42748
102992645	-1	289	3.618E-76	1	42757	43611	983	289	0.529	1.271E-83	92	380	386	-43611	-42757	855	43611	42748
103011852	1	142	6.454E-32	1	37970	38611	842	142	0.384	2.230E-31	0	211	284	37970	38611	642	37400	38659
103014303	1	233	2.607E-59	1	37400	38476	842	233	0.381	4.278E-62	168	516	664	37400	38476	1077	37400	38659
103017248	1	59	6.242E-07	1	18668	18901	449	59	0.388	1.417E-05	59	143	146	18668	18901	234	18665	19423
103030450	-1	254	1.243E-65	1	19988	21298	1449	254	0.348	9.104E-69	296	742	756	-21298	-19988	1311	21310	19952
103043234	-1	103	3.548E-20	1	28125	28403	1286	103	0.564	2.456E-22	55	147	150	-28403	-28125	279	28451	28119
103077655	-1	553	1.220E-155	2	42748	44518	971	251	0.463	3.203E-70	400	694	989	-44518	-43628	891	44518	43625
103077655	-1	553	1.220E-155	2	42748	44518	983	301	0.539	1.915E-87	696	988	989	-43611	-42748	864	43611	42748
103328080	-1	251	9.944E-65	1	19961	21262	1449	251	0.347	1.084E-67	315	758	770	-21262	-19961	1302	21310	19952
103393220	-1	252	4.972E-65	1	19961	21262	1449	252	0.349	4.282E-68	320	762	774	-21262	-19961	1302	21310	19952
103466454	-1	237	1.629E-60	1	19961	21262	1449	237	0.334	7.399E-63	324	766	773	-21262	-19961	1302	21310	19952
103478326	-1	221	1.068E-55	1	20099	21310	1449	221	0.329	1.681E-57	328	749	800	-21310	-20099	1212	21310	19952
103534429	-1	368	5.985E-100	1	19964	21304	1449	368	0.449	7.252E-108	342	797	876	-21304	-19964	1341	21310	19952
103547714	-1	259	3.885E-67	1	19961	21262	1449	259	0.356	1.190E-70	316	757	769	-21262	-19961	1302	21310	19952
103589193	-1	263	2.428E-68	1	19973	21262	1449	263	0.363	5.358E-72	331	766	775	-21262	-19973	1290	21310	19952
103589584	-1	237	1.629E-60	1	19961	21262	1449	237	0.334	7.399E-63	323	765	772	-21262	-19961	1302	21310	19952
103602717	-1	94	1.817E-17	2	2974	3497	1811	41	0.348	2.390E+00	54	119	223	-3497	-3303	195	3710	3294
103602717	-1	94	1.817E-17	2	2974	3497	1817	55	0.361	2.002E-05	123	208	223	-3216	-2974	243	3270	2932
103648340	-1	340	1.607E-91	1	19961	21304	1449	340	0.428	4.298E-98	302	746	777	-21304	-19961	1344	21310	19952
103731937	-1	243	2.546E-62	1	19961	21262	1449	243	0.342	5.273E-65	307	744	757	-21262	-19961	1302	21310	19952
103735881	-1	256	3.108E-66	1	19976	21262	1449	256	0.354	1.935E-69	321	759	769	-21262	-19976	1287	21310	19952
103796625	-1	541	4.999E-152	2	19961	24164	1377	240	0.685	3.245E-68	55	228	683	-24164	-23646	519	24206	23613
103796625	-1	541	4.999E-152	2	19961	24164	1449	301	0.401	8.061E-85	228	648	683	-21262	-19961	1302	21310	19952
103823497	-1	254	1.243E-65	1	19961	21262	1449	254	0.350	9.104E-69	318	760	772	-21262	-19961	1302	21310	19952
103824754	-1	254	1.243E-65	1	19961	21262	1449	254	0.350	9.104E-69	319	761	773	-21262	-19961	1302	21310	19952
103825144	-1	207	1.749E-51	1	20054	21262	1449	207	0.325	7.895E-53	266	658	702	-21262	-20054	1209	21310	19952
105085785	-1	71	1.524E-10	1	2947	3216	1817	71	0.428	3.531E-11	87	176	178	-3216	-2947	270	3270	2932
105317466	-1	69	6.096E-10	1	2956	3222	1817	69	0.412	1.712E-10	29	120	124	-3222	-2956	267	3270	2932
107804009	-1	75	9.525E-12	1	2956	3222	1817	75	0.443	1.500E-12	78	168	174	-3222	-2956	267	3270	2932
108430475	-1	175	7.514E-42	2	28600	29544	1269	145	0.503	3.255E-36	10	162	414	-29544	-29089	456	29547	29089
108430475	-1	175	7.514E-42	2	28600	29544	1282	82	0.410	8.096E-14	216	326	414	-28929	-28600	330	28929	28360
108431300	-1	175	7.514E-42	2	28936	29544	1269	143	0.495	2.959E-35	107	259	347	-29544	-29089	456	29547	29089
108431300	-1	175	7.514E-42	2	28936	29544	1273	37	0.422	2.407E+00	266	310	347	-29070	-28936	135	29085	28933
108431662	-1	138	1.033E-30	1	29107	29544	1269	138	0.497	1.301E-33	107	253	254	-29544	-29107	438	29547	29089
108431663	-1	280	1.852E-73	3	28645	29544	1269	143	0.495	2.959E-35	10	162	320	-29544	-29089	456	29547	29089
108431663	-1	280	1.852E-73	3	28645	29544	1273	36	0.415	4.579E+00	169	213	320	-29070	-28936	135	29085	28933
108431663	-1	280	1.852E-73	3	28645	29544	1282	107	0.556	3.321E-22	216	313	320	-28929	-28645	285	28929	28360
108431763	-1	272	4.742E-71	3	28678	29544	1269	143	0.495	2.959E-35	107	259	497	-29544	-29089	456	29547	29089
108431763	-1	272	4.742E-71	3	28678	29544	1273	36	0.415	4.579E+00	266	310	497	-29070	-28936	135	29085	28933
108431763	-1	272	4.742E-71	3	28678	29544	1282	99	0.592	1.254E-19	313	396	497	-28929	-28678	252	28929	28360
108431925	-1	259	3.885E-67	3	28633	29544	1269	143	0.495	2.959E-35	107	259	432	-29544	-29089	456	29547	29089
108431925	-1	259	3.885E-67	3	28633	29544	1273	36	0.415	4.579E+00	266	310	432	-29070	-28936	135	29085	28933
108431925	-1	259	3.885E-67	3	28633	29544	1282	86	0.462	4.959E-15	313	408	432	-28929	-28633	297	28929	28360
108432262	-1	258	7.769E-67	3	28714	29544	1269	143	0.495	2.959E-35	121	273	441	-29544	-29089	456	29547	29089
108432262	-1	258	7.769E-67	3	28714	29544	1273	36	0.415	4.579E+00	280	324	441	-29070	-28936	135	29085	28933
108432262	-1	258	7.769E-67	3	28714	29544	1282	85	0.587	1.259E-14	327	398	441	-28929	-28714	216	28929	28360
108460492	-1	53	3.995E-05	1	28149	28364	1286	53	0.398	8.994E-05	23	92	103	-28364	-28149	216	28451	28119
108792912	1	78	1.191E-12	1	17929	18471	436	78	0.286	1.456E-12	28	200	244	17929	18471	543	17926	18474
109165470	1	278	7.409E-73	1	37400	38641	842	278	0.389	1.772E-77	112	528	620	37400	38641	1242	37400	38659
109983224	1	195	7.166E-48	1	36373	37125	820	195	0.434	2.056E-49	212	457	473	36373	37125	753	36037	37251
110952604	1	136	4.131E-30	1	38093	38626	842	136	0.426	1.490E-29	14	191	290	38093	38626	534	37400	38659
112014539	-1	354	9.806E-96	2	23649	24562	1364	143	0.628	4.598E-35	28	141	563	-24562	-24230	333	24742	24230
112014539	-1	354	9.806E-96	2	23649	24562	1377	211	0.563	3.160E-58	141	334	563	-24167	-23649	519	24206	23613
112079738	1	145	8.068E-33	1	37925	38599	842	145	0.377	2.008E-32	2	224	327	37925	38599	675	37400	38659
112300719	1	139	5.163E-31	1	38000	38638	842	139	0.380	1.827E-30	10	218	313	38000	38638	639	37400	38659
112594175	1	124	1.692E-26	1	38081	38635	842	124	0.386	1.548E-25	13	197	294	38081	38635	555	37400	38659
112885406	1	399	2.787E-109	2	36040	38638	820	259	0.403	4.443E-71	167	528	1137	36040	37146	1107	36037	37251
112885406	1	399	2.787E-109	2	36040	38638	842	244	0.358	7.265E-66	634	1043	1137	37400	38638	1239	37400	38659
113200811	1	208	8.747E-52	2	37796	38831	842	188	0.389	7.934E-47	2	282	374	37796	38638	843	37400	38659
113200811	1	208	8.747E-52	2	37796	38831	844	46	0.559	2.721E-03	310	349	374	38712	38831	120	38667	38855
113435853	1	229	4.171E-58	1	37400	38425	842	229	0.390	9.464E-61	18	353	356	37400	38425	1026	37400	38659
113470168	1	154	1.576E-35	1	37820	38635	842	154	0.345	1.934E-35	2	273	370	37820	38635	816	37400	38659
113735709	1	134	1.652E-29	1	38126	38605	842	134	0.454	1.211E-28	12	171	277	38126	38605	480	37400	38659
113966665	1	274	1.185E-71	1	37400	38596	842	274	0.398	2.923E-76	29	425	517	37400	38596	1197	37400	38659
114371764	1	142	6.454E-32	1	38000	38638	842	142	0.385	2.230E-31	22	230	325	38000	38638	639	37400	38659
115050930	1	50	3.196E-04	1	35537	35806	801	50	0.328	1.544E-02	50	135	163	35537	35806	270	35321	36073
115114018	1	131	1.322E-28	1	36040	36954	820	131	0.288	7.426E-28	147	410	418	36040	36954	915	36037	37251
115545469	1	112	6.930E-23	2	17455	18369	424	56	0.311	1.062E-05	162	270	465	17455	17787	333	17395	17787
115545469	1	112	6.930E-23	2	17455	18369	436	98	0.378	3.441E-19	314	462	465	17926	18369	444	17926	18474
116594935	1	145	8.068E-33	2	13131	13739	318	80	0.626	4.505E-15	0	62	184	13131	13319	189	13107	13331
116594935	1	145	8.068E-33	2	13131	13739	326	86	0.484	8.439E-16	85	171	184	13461	13739	279	13335	13751
117099845	-1	323	2.106E-86	2	43096	44323	971	191	0.452	1.979E-49	22	253	427	-44323	-43628	696	44518	43625
117099845	-1	323	2.106E-86	2	43096	44323	983	131	0.424	3.308E-29	255	426	427	-43611	-43096	516	43611	42748
117111722	-1	89	5.813E-16	1	28119	28415	1286	89	0.472	2.162E-17	61	160	161	-28415	-28119	297	28451	28119
117156035	-1	247	1.591E-63	1	19997	21298	1449	247	0.343	2.393E-66	296	740	769	-21298	-19997	1302	21310	19952
117196419	-1	175	7.514E-42	1	43075	43611	983	175	0.512	4.972E-44	55	234	255	-43611	-43075	537	43611	42748
117207081	-1	373	1.870E-101	2	42787	44515	971	188	0.375	1.286E-48	401	684	977	-44515	-43628	888	44518	43625
117207081	-1	373	1.870E-101	2	42787	44515	983	184	0.378	2.792E-47	686	971	977	-43611	-42787	825	43611	42748
117207489	-1	182	5.870E-44	1	42781	43611	983	182	0.359	1.815E-46	77	380	384	-43611	-42781	831	43611	42748
117208573	1	378	5.845E-103	2	36118	38563	820	239	0.404	1.836E-64	157	491	1095	36118	37137	1020	36037	37251
117208573	1	378	5.845E-103	2	36118	38563	842	244	0.374	5.327E-66	598	979	1095	37400	38563	1164	37400	38659
117235296	1	115	8.663E-24	1	18680	19279	449	115	0.341	3.721E-24	0	204	206	18680	19279	600	18665	19423
117237251	1	113	3.465E-23	1	18668	19111	449	113	0.410	1.281E-23	11	165	206	18668	19111	444	18665	19423
117282420	1	294	1.131E-77	1	37400	38638	842	294	0.409	4.989E-83	273	677	800	37400	38638	1239	37400	38659
117286614	-1	52	7.990E-05	1	28131	28265	1286	52	0.565	1.688E-04	13	57	61	-28265	-28131	135	28451	28119
117298689	-1	174	1.503E-41	1	20069	20815	1449	174	0.389	7.952E-42	8	267	315	-20815	-20069	747	21310	19952
117306035	-1	167	1.924E-39	1	42967	43566	983	167	0.450	1.848E-41	0	203	211	-43566	-42967	600	43611	42748
117357945	1	77	2.381E-12	1	36922	37146	820	77	0.523	1.938E-10	0	74	148	36922	37146	225	36037	37251
117381840	-1	75	9.525E-12	1	28119	28415	1286	75	0.411	1.895E-12	10	109	110	-28415	-28119	297	28451	28119
117383130	1	159	4.924E-37	1	37796	38641	842	159	0.344	5.094E-37	2	278	374	37796	38641	846	37400	38659
117405261	1	412	3.402E-113	2	36040	38563	820	232	0.375	6.683E-62	68	424	968	36040	37137	1098	36037	37251
117405261	1	412	3.402E-113	2	36040	38563	842	287	0.420	1.867E-80	533	919	968	37400	38563	1164	37400	38659
117411822	-1	144	1.614E-32	2	28492	29055	1273	42	0.517	3.707E-02	1	40	249	-29055	-28936	120	29085	28933
117411822	-1	144	1.614E-32	2	28492	29055	1282	103	0.399	5.528E-21	43	185	249	-28929	-28492	438	28929	28360
117411914	1	85	9.302E-15	1	18806	19288	449	85	0.319	6.713E-14	0	164	214	18806	19288	483	18665	19423
117419014	-1	200	2.239E-49	1	43628	44410	971	200	0.430	1.103E-52	0	252	348	-44410	-43628	783	44518	43625
117420096	-1	204	1.400E-50	1	43628	44512	971	204	0.398	6.633E-54	120	403	468	-44512	-43628	885	44518	43625
117426256	1	57	2.497E-06	1	18025	18402	436	57	0.288	3.274E-05	39	164	196	18025	18402	378	17926	18474
117440042	1	100	2.839E-19	1	18701	19279	449	100	0.317	4.514E-19	0	197	221	18701	19279	579	18665	19423
117442326	1	95	9.084E-18	1	18701	19108	449	95	0.381	2.425E-17	0	142	266	18701	19108	408	18665	19423
117445713	-1	101	1.419E-19	1	42784	43065	983	101	0.550	4.295E-19	0	93	118	-43065	-42784	282	43611	42748
117458886	-1	190	2.293E-46	1	43679	44518	971	190	0.393	2.704E-49	24	293	338	-44518	-43679	840	44518	43625
117465761	1	72	7.620E-11	1	18884	19282	449	72	0.328	1.049E-09	0	126	198	18884	19282	399	18665	19423
117475185	-1	142	6.454E-32	2	28143	28929	1282	103	0.365	5.528E-21	120	281	385	-28929	-28432	498	28929	28360
117475185	-1	142	6.454E-32	2	28143	28929	1286	59	0.414	5.803E-07	303	379	385	-28364	-28143	222	28451	28119
117485399	-1	463	1.511E-128	2	42760	44512	971	224	0.427	5.735E-61	458	742	1036	-44512	-43628	885	44518	43625
117485399	-1	463	1.511E-128	2	42760	44512	983	238	0.456	6.734E-66	744	1030	1036	-43611	-42760	852	43611	42748
117486174	-1	462	3.022E-128	2	42760	44512	971	222	0.425	2.743E-60	226	510	805	-44512	-43628	885	44518	43625
117486174	-1	462	3.022E-128	2	42760	44512	983	239	0.458	2.629E-66	512	798	805	-43611	-42760	852	43611	42748
117486554	-1	463	1.511E-128	2	42760	44512	971	224	0.427	5.735E-61	408	692	986	-44512	-43628	885	44518	43625
117486554	-1	463	1.511E-128	2	42760	44512	983	238	0.456	6.734E-66	694	980	986	-43611	-42760	852	43611	42748
117488123	-1	57	2.497E-06	1	28140	28409	1286	57	0.363	2.049E-06	48	137	145	-28409	-28140	270	28451	28119
117489348	1	184	1.468E-44	2	18491	19279	439	61	0.610	5.884E-08	5	53	339	18491	18637	147	18359	18661
117489348	1	184	1.468E-44	2	18491	19279	449	132	0.372	4.445E-30	64	272	339	18671	19279	609	18665	19423
117497783	-1	511	5.368E-143	2	42748	44233	971	204	0.530	4.853E-54	115	316	611	-44233	-43628	606	44518	43625
117497783	-1	511	5.368E-143	2	42748	44233	983	306	0.547	2.349E-89	318	610	611	-43611	-42748	864	43611	42748
117553555	1	258	7.769E-67	1	37400	38497	842	258	0.405	1.013E-70	50	415	462	37400	38497	1098	37400	38659
117560246	1	105	8.871E-21	1	18668	19264	449	105	0.322	8.305E-21	65	268	350	18668	19264	597	18665	19423
117575993	1	332	4.113E-89	2	36625	38563	820	179	0.467	6.103E-44	222	429	893	36625	37203	579	36037	37251
117575993	1	332	4.113E-89	2	36625	38563	842	222	0.349	3.379E-58	500	880	893	37400	38563	1164	37400	38659
117627268	1	92	7.267E-17	1	18776	19288	449	92	0.328	2.796E-16	0	171	233	18776	19288	513	18665	19423
117806900	-1	238	8.146E-61	1	19961	21130	1449	238	0.357	2.151E-63	0	403	415	-21130	-19961	1170	21310	19952
117816975	-1	246	3.182E-63	1	19976	21262	1449	246	0.344	3.261E-66	316	756	774	-21262	-19976	1287	21310	19952
117884213	-1	252	4.972E-65	1	19976	21262	1449	252	0.351	3.142E-68	321	759	769	-21262	-19976	1287	21310	19952
118057697	-1	237	1.629E-60	1	19961	21262	1449	237	0.335	3.989E-63	338	780	787	-21262	-19961	1302	21310	19952
118073912	-1	254	1.243E-65	1	19961	21262	1449	254	0.341	9.104E-69	63	523	535	-21262	-19961	1302	21310	19952
118191937	-1	239	4.073E-61	1	19961	21262	1449	239	0.336	1.579E-63	323	765	772	-21262	-19961	1302	21310	19952
118239237	-1	253	2.486E-65	1	19961	21262	1449	253	0.349	2.305E-68	21	463	475	-21262	-19961	1302	21310	19952
118246785	-1	338	6.426E-91	1	19961	21304	1449	338	0.427	1.097E-97	301	747	776	-21304	-19961	1344	21310	19952
118259868	-1	308	6.900E-82	1	19988	21262	1449	308	0.389	4.043E-87	189	650	734	-21262	-19988	1275	21310	19952
118372845	-1	256	3.108E-66	1	19961	21262	1449	256	0.353	1.419E-69	318	760	772	-21262	-19961	1302	21310	19952
118381505	-1	228	8.342E-58	1	20234	21262	1449	228	0.387	8.938E-60	174	504	532	-21262	-20234	1029	21310	19952
118413497	-1	59	6.242E-07	1	2977	3216	1817	59	0.405	4.566E-07	64	143	153	-3216	-2977	240	3270	2932
121042940	-1	83	3.721E-14	1	2956	3234	1817	83	0.474	1.968E-15	86	177	182	-3234	-2956	279	3270	2932
122607814	-1	187	1.834E-45	1	23646	24140	1377	187	0.581	6.929E-50	50	214	287	-24140	-23646	495	24206	23613
122699124	-1	169	4.809E-40	2	28717	29544	1269	144	0.499	8.382E-36	94	246	375	-29544	-29089	456	29547	29089
122699124	-1	169	4.809E-40	2	28717	29544	1282	77	0.549	4.533E-12	300	370	375	-28929	-28717	213	28929	28360
122973126	-1	258	7.769E-67	3	28711	29544	1269	143	0.495	2.959E-35	56	208	389	-29544	-29089	456	29547	29089
122973126	-1	258	7.769E-67	3	28711	29544	1273	36	0.415	4.579E+00	215	259	389	-29070	-28936	135	29085	28933
122973126	-1	258	7.769E-67	3	28711	29544	1282	85	0.581	1.259E-14	262	334	389	-28929	-28711	219	28929	28360
122973156	-1	174	1.503E-41	2	28936	29544	1269	143	0.495	2.959E-35	107	259	370	-29544	-29089	456	29547	29089
122973156	-1	174	1.503E-41	2	28936	29544	1273	36	0.415	4.579E+00	266	310	370	-29070	-28936	135	29085	28933
122973294	-1	281	9.261E-74	3	28651	29544	1269	143	0.495	2.959E-35	107	259	440	-29544	-29089	456	29547	29089
122973294	-1	281	9.261E-74	3	28651	29544	1273	36	0.415	4.579E+00	266	310	440	-29070	-28936	135	29085	28933
122973294	-1	281	9.261E-74	3	28651	29544	1282	108	0.585	1.300E-22	313	405	440	-28929	-28651	279	28929	28360
122973554	-1	115	8.663E-24	2	28717	29070	1273	33	0.388	4.359E+01	85	129	203	-29070	-28936	135	29085	28933
122973554	-1	115	8.663E-24	2	28717	29070	1282	83	0.584	4.354E-14	132	202	203	-28929	-28717	213	28929	28360
122973851	-1	273	2.371E-71	3	28666	29544	1269	143	0.495	2.959E-35	107	259	418	-29544	-29089	456	29547	29089
122973851	-1	273	2.371E-71	3	28666	29544	1273	36	0.415	4.579E+00	266	310	418	-29070	-28936	135	29085	28933
122973851	-1	273	2.371E-71	3	28666	29544	1282	100	0.572	9.178E-20	313	400	418	-28929	-28666	264	28929	28360
122974199	-1	283	2.315E-74	3	28609	29544	1269	143	0.495	2.959E-35	107	259	456	-29544	-29089	456	29547	29089
122974199	-1	283	2.315E-74	3	28609	29544	1273	36	0.415	4.579E+00	266	310	456	-29070	-28936	135	29085	28933
122974199	-1	283	2.315E-74	3	28609	29544	1282	110	0.531	2.722E-23	313	418	456	-28929	-28609	321	28929	28360
123077238	-1	136	4.131E-30	1	29125	29547	1269	136	0.505	8.623E-33	20	153	161	-29547	-29125	423	29547	29089
124440175	1	142	6.454E-32	1	38000	38638	842	142	0.386	1.651E-31	22	230	325	38000	38638	639	37400	38659
124532128	1	128	1.057E-27	1	38015	38635	842	128	0.365	7.907E-27	10	216	313	38015	38635	621	37400	38659
124570288	1	138	1.033E-30	1	37910	38635	842	138	0.346	4.493E-30	2	243	296	37910	38635	726	37400	38659
124582016	1	207	1.749E-51	1	37607	38614	842	207	0.366	2.267E-53	3	340	349	37607	38614	1008	37400	38659
124828066	-1	211	1.093E-52	1	43718	44479	971	211	0.455	3.266E-56	236	479	496	-44479	-43718	762	44518	43625
124880312	1	316	2.695E-84	2	37157	38584	823	89	0.578	9.670E-18	10	86	516	37157	37384	228	37139	37396
124880312	1	316	2.695E-84	2	37157	38584	842	231	0.354	2.743E-61	92	483	516	37400	38584	1185	37400	38659
125095315	-1	153	3.152E-35	2	28591	29085	1273	48	0.489	2.209E-04	1	50	206	-29085	-28936	150	29085	28933
125095315	-1	153	3.152E-35	2	28591	29085	1282	106	0.492	8.481E-22	53	165	206	-28929	-28591	339	28929	28360
125381873	-1	256	3.108E-66	1	19973	21298	1449	256	0.348	2.637E-69	165	614	623	-21298	-19973	1326	21310	19952
125620849	1	239	4.073E-61	1	37400	38593	842	239	0.361	5.585E-64	47	441	459	37400	38593	1194	37400	38659
125649184	1	321	8.423E-86	2	37163	38656	823	78	0.541	5.068E-14	199	271	830	37163	37381	219	37139	37396
125649184	1	321	8.423E-86	2	37163	38656	842	248	0.358	2.391E-67	278	694	830	37400	38656	1257	37400	38659
126136491	1	124	1.692E-26	1	18668	19327	449	124	0.343	3.010E-27	0	215	238	18668	19327	660	18665	19423
126305611	-1	183	2.935E-44	1	42766	43611	983	183	0.356	5.211E-47	161	471	472	-43611	-42766	846	43611	42748
126488011	-1	273	2.371E-71	1	19976	21262	1449	273	0.369	3.124E-75	355	796	808	-21262	-19976	1287	21310	19952
127431580	-1	92	7.267E-17	1	28606	28929	1282	92	0.457	3.425E-17	53	160	161	-28929	-28606	324	28929	28360
129043873	1	243	2.546E-62	1	37400	38638	842	243	0.356	1.843E-65	181	590	685	37400	38638	1239	37400	38659
129477979	-1	251	9.944E-65	1	19976	21262	1449	251	0.350	7.953E-68	321	759	769	-21262	-19976	1287	21310	19952
129913088	1	220	2.136E-55	1	37400	38563	842	220	0.347	1.163E-57	93	479	608	37400	38563	1164	37400	38659
131639984	1	153	3.152E-35	2	13131	13751	318	71	0.622	6.713E-12	0	55	179	13131	13298	168	13107	13331
131639984	1	153	3.152E-35	2	13131	13751	326	83	0.384	7.630E-15	58	177	179	13383	13751	369	13335	13751
131669337	1	66	4.877E-09	1	13464	13751	326	66	0.387	4.061E-09	18	107	115	13464	13751	288	13335	13751
131709971	1	86	4.651E-15	1	17956	18366	436	86	0.356	3.975E-15	21	162	214	17956	18366	411	17926	18474
131736239	-1	232	5.214E-59	1	43628	44518	971	232	0.436	1.093E-63	126	409	548	-44518	-43628	891	44518	43625
131738233	1	66	4.877E-09	1	18019	18384	436	66	0.323	1.547E-08	4	128	165	18019	18384	366	17926	18474
131749777	1	140	2.582E-31	2	36934	37396	820	78	0.571	1.096E-10	5	72	183	36934	37137	204	36037	37251
131749777	1	140	2.582E-31	2	36934	37396	823	84	0.527	3.166E-16	96	177	183	37151	37396	246	37139	37396
131749846	-1	548	3.905E-154	2	42748	44518	971	243	0.452	1.693E-67	31	325	621	-44518	-43628	891	44518	43625
131749846	-1	548	3.905E-154	2	42748	44518	983	304	0.544	1.131E-88	327	619	621	-43611	-42748	864	43611	42748
131750031	1	283	2.315E-74	2	36769	38563	820	143	0.589	8.939E-32	1	123	727	36769	37137	369	36037	37251
131750031	1	283	2.315E-74	2	36769	38563	842	245	0.374	3.906E-66	230	611	727	37400	38563	1164	37400	38659
131756485	1	123	3.384E-26	1	37520	37969	842	123	0.448	2.802E-25	0	149	162	37520	37969	450	37400	38659
131760241	1	56	4.994E-06	1	18001	18303	436	56	0.329	6.020E-05	2	101	104	18001	18303	303	17926	18474
131810588	-1	247	1.591E-63	1	19979	21310	1449	247	0.342	2.393E-66	292	738	756	-21310	-19979	1332	21310	19952
131812022	-1	238	8.146E-61	1	20069	21298	1449	238	0.352	2.151E-63	296	707	755	-21298	-20069	1230	21310	19952
131846074	-1	242	5.092E-62	1	19964	21298	1449	242	0.336	1.333E-64	297	744	757	-21298	-19964	1335	21310	19952
131846787	-1	203	2.799E-50	1	42898	43536	983	203	0.501	1.172E-53	1	215	221	-43536	-42898	639	43611	42748
131862291	1	74	1.905E-11	1	18875	19195	449	74	0.389	2.340E-10	11	116	119	18875	19195	321	18665	19423
131867489	-1	175	7.514E-42	1	43628	44275	971	175	0.447	3.760E-44	56	270	288	-44275	-43628	648	44518	43625
131907272	1	71	1.524E-10	1	18806	19111	449	71	0.373	1.910E-09	0	108	120	18806	19111	306	18665	19423
131923581	1	142	6.454E-32	1	37925	38569	842	142	0.376	2.230E-31	20	240	252	37925	38569	645	37400	38659
131924413	-1	70	3.048E-10	1	28131	28331	1286	70	0.521	1.152E-10	57	124	131	-28331	-28131	201	28451	28119
131934864	-1	251	9.944E-65	3	28119	29082	1273	50	0.514	4.465E-05	78	126	399	-29082	-28936	147	29085	28933
131934864	-1	251	9.944E-65	3	28119	29082	1282	142	0.462	1.855E-34	129	295	399	-28929	-28429	501	28929	28360
131934864	-1	251	9.944E-65	3	28119	29082	1286	71	0.423	4.467E-11	308	398	399	-28388	-28119	270	28451	28119
131947062	1	412	3.402E-113	2	36040	38563	820	232	0.375	6.683E-62	63	419	1033	36040	37137	1098	36037	37251
131947062	1	412	3.402E-113	2	36040	38563	842	287	0.420	1.867E-80	528	914	1033	37400	38563	1164	37400	38659
131948428	1	175	7.514E-42	1	36040	36939	820	175	0.352	1.775E-42	56	346	379	36040	36939	900	36037	37251
131950097	1	160	2.462E-37	1	36040	37140	820	160	0.292	1.057E-37	120	475	657	36040	37140	1101	36037	37251
131953190	-1	59	6.242E-07	1	28188	28388	1286	59	0.452	7.955E-07	21	88	99	-28388	-28188	201	28451	28119
131983802	1	115	8.663E-24	1	18668	19348	449	115	0.319	2.732E-24	28	255	303	18668	19348	681	18665	19423
131992058	1	152	6.303E-35	1	36040	36948	820	152	0.318	8.477E-35	244	531	554	36040	36948	909	36037	37251
132027015	-1	458	4.835E-127	2	42760	44512	971	222	0.423	5.129E-60	356	640	934	-44512	-43628	885	44518	43625
132027015	-1	458	4.835E-127	2	42760	44512	983	235	0.452	8.271E-65	642	928	934	-43611	-42760	852	43611	42748
132033714	-1	236	3.259E-60	1	42757	43611	983	236	0.453	3.229E-65	14	300	304	-43611	-42757	855	43611	42748
132036736	1	361	7.661E-98	2	36073	38593	820	208	0.355	1.062E-53	143	492	1049	36073	37137	1065	36037	37251
132036736	1	361	7.661E-98	2	36073	38593	842	259	0.383	3.987E-71	600	991	1049	37400	38593	1194	37400	38659
132055879	1	97	2.271E-18	1	36568	36909	820	97	0.458	6.085E-17	62	175	181	36568	36909	342	36037	37251
132055908	1	200	2.239E-49	1	36094	37245	820	200	0.326	3.741E-51	20	406	448	36094	37245	1152	36037	37251
132076486	-1	601	4.336E-170	2	42760	44518	971	304	0.538	1.720E-88	405	695	988	-44518	-43628	891	44518	43625
132076486	-1	601	4.336E-170	2	42760	44518	983	296	0.543	6.079E-86	697	982	988	-43611	-42760	852	43611	42748
132100754	1	234	1.303E-59	2	36040	37381	820	202	0.339	1.090E-51	33	391	609	36040	37146	1107	36037	37251
132100754	1	234	1.303E-59	2	36040	37381	823	65	0.503	1.792E-09	426	491	609	37184	37381	198	37139	37396
132106959	-1	226	3.337E-57	3	28143	29544	1269	135	0.481	1.182E-32	268	417	739	-29544	-29098	447	29547	29089
132106959	-1	226	3.337E-57	3	28143	29544	1282	104	0.367	2.960E-21	474	635	739	-28929	-28432	498	28929	28360
132106959	-1	226	3.337E-57	3	28143	29544	1286	55	0.371	9.912E-06	650	733	739	-28382	-28143	240	28451	28119
132107355	-1	130	2.644E-28	2	28137	28929	1282	93	0.365	2.509E-17	8	152	272	-28929	-28486	444	28929	28360
132107355	-1	130	2.644E-28	2	28137	28929	1286	62	0.393	6.374E-08	179	265	272	-28397	-28137	261	28451	28119
132108841	-1	234	1.303E-59	1	42760	43611	983	234	0.454	2.118E-64	147	428	429	-43611	-42760	852	43611	42748
132109961	-1	396	2.230E-108	2	42790	44506	971	188	0.377	1.757E-48	434	715	1004	-44506	-43628	879	44518	43625
132109961	-1	396	2.230E-108	2	42790	44506	983	207	0.421	5.137E-55	717	993	1004	-43611	-42790	822	43611	42748
132124816	-1	237	1.629E-60	2	28119	28929	1282	149	0.477	8.882E-37	44	211	314	-28929	-28429	501	28929	28360
132124816	-1	237	1.629E-60	2	28119	28929	1286	93	0.504	9.149E-19	218	313	314	-28403	-28119	285	28451	28119
132131949	1	82	7.441E-14	1	18782	19294	449	82	0.306	4.142E-13	104	268	275	18782	19294	513	18665	19423
132157127	-1	181	1.174E-43	1	42781	43611	983	181	0.381	4.628E-46	278	526	531	-43611	-42781	831	43611	42748
132159347	-1	131	1.322E-28	1	42781	43611	983	131	0.306	3.308E-29	52	258	263	-43611	-42781	831	43611	42748
132178647	1	130	2.644E-28	1	36319	37146	820	130	0.306	1.002E-27	2	230	239	36319	37146	828	36037	37251
132425651	-1	249	3.978E-64	1	19961	21262	1449	249	0.346	3.738E-67	329	770	782	-21262	-19961	1302	21310	19952
132435977	-1	237	1.629E-60	1	19973	21262	1449	237	0.337	7.399E-63	322	757	773	-21262	-19973	1290	21310	19952
132629082	-1	252	4.972E-65	1	19964	21262	1449	252	0.347	4.282E-68	319	763	776	-21262	-19964	1299	21310	19952
132650542	-1	267	1.517E-69	1	19961	21262	1449	267	0.361	3.286E-73	320	766	776	-21262	-19961	1302	21310	19952
132674538	-1	235	6.517E-60	1	19961	21262	1449	235	0.332	2.544E-62	323	765	772	-21262	-19961	1302	21310	19952
132680671	-1	254	1.243E-65	1	19961	21262	1449	254	0.350	1.241E-68	319	761	773	-21262	-19961	1302	21310	19952
132853366	-1	249	3.978E-64	1	19955	21262	1449	249	0.341	5.094E-67	321	771	777	-21262	-19955	1308	21310	19952
132885174	-1	544	6.249E-153	2	19961	24167	1377	242	0.687	6.712E-69	70	244	927	-24167	-23646	522	24206	23613
132885174	-1	544	6.249E-153	2	19961	24167	1449	302	0.402	4.324E-85	244	664	927	-21262	-19961	1302	21310	19952
132901339	-1	249	3.978E-64	1	19976	21262	1449	249	0.346	5.094E-67	236	677	687	-21262	-19976	1287	21310	19952
133259379	-1	72	7.620E-11	1	2959	3243	1817	72	0.412	1.877E-11	71	166	170	-3243	-2959	285	3270	2932
133438059	-1	103	3.548E-20	2	2956	3470	1811	38	0.358	2.756E+01	49	106	197	-3470	-3297	174	3710	3294
133438059	-1	103	3.548E-20	2	2956	3470	1817	66	0.407	2.140E-09	105	193	197	-3222	-2956	267	3270	2932
134124838	-1	79	5.953E-13	1	2956	3252	1817	79	0.427	6.365E-14	89	189	194	-3252	-2956	297	3270	2932
134560842	-1	94	1.817E-17	2	2956	3557	1811	36	0.288	6.868E+01	23	96	198	-3557	-3324	234	3710	3294
134560842	-1	94	1.817E-17	2	2956	3557	1817	60	0.370	2.430E-07	100	191	198	-3228	-2956	273	3270	2932
134871243	-1	110	2.772E-22	2	2956	3500	1811	39	0.362	1.104E+01	38	95	197	-3500	-3324	177	3710	3294
134871243	-1	110	2.772E-22	2	2956	3500	1817	78	0.464	1.642E-13	104	192	197	-3222	-2956	267	3270	2932
137335333	-1	81	1.488E-13	1	28149	28421	1286	81	0.471	1.205E-14	38	128	130	-28421	-28149	273	28451	28119
137514456	-1	176	3.757E-42	2	28642	29544	1269	145	0.503	3.255E-36	122	274	431	-29544	-29089	456	29547	29089
137514456	-1	176	3.757E-42	2	28642	29544	1282	83	0.460	4.354E-14	328	423	431	-28929	-28642	288	28929	28360
137515697	-1	103	3.548E-20	1	28660	28929	1282	103	0.579	5.528E-21	53	142	153	-28929	-28660	270	28929	28360
137518862	-1	174	1.503E-41	1	43628	44254	971	174	0.456	9.567E-44	8	215	222	-44254	-43628	627	44518	43625
137544097	-1	120	2.707E-25	2	28218	28929	1282	100	0.389	9.178E-20	2	144	271	-28929	-28492	438	28929	28360
137544097	-1	120	2.707E-25	2	28218	28929	1286	56	0.494	5.277E-06	182	239	271	-28388	-28218	171	28451	28119
137561390	-1	78	1.191E-12	1	28170	28406	1286	78	0.510	1.102E-13	28	106	120	-28406	-28170	237	28451	28119
138173051	-1	248	7.956E-64	1	19976	21262	1449	248	0.349	1.289E-66	313	747	765	-21262	-19976	1287	21310	19952
138302736	-1	246	3.182E-63	1	19961	21262	1449	246	0.344	4.443E-66	320	760	772	-21262	-19961	1302	21310	19952
138360981	1	293	2.261E-77	1	37400	38611	842	293	0.414	1.737E-82	130	529	595	37400	38611	1212	37400	38659
138395806	1	256	3.108E-66	1	37400	38611	842	256	0.375	6.539E-70	93	493	599	37400	38611	1212	37400	38659
138501506	1	145	8.068E-33	1	37811	38635	842	145	0.329	2.008E-32	1	275	372	37811	38635	825	37400	38659
138791548	-1	344	1.004E-92	2	42853	44518	971	179	0.372	2.281E-45	384	656	971	-44518	-43667	852	44518	43625
138791548	-1	344	1.004E-92	2	42853	44518	983	177	0.391	1.046E-44	670	930	971	-43611	-42853	759	43611	42748
139195485	1	269	3.793E-70	2	36898	38635	820	98	0.531	3.399E-17	0	94	693	36898	37167	270	36037	37251
139195485	1	269	3.793E-70	2	36898	38635	842	263	0.378	1.779E-72	188	596	693	37400	38635	1236	37400	38659
139271654	1	78	1.191E-12	1	18884	19279	449	78	0.349	1.153E-11	0	128	206	18884	19279	396	18665	19423
140121791	1	85	9.302E-15	1	18671	19111	449	85	0.334	3.657E-14	15	169	195	18671	19111	441	18665	19423
140796000	1	107	2.218E-21	1	36298	36939	820	107	0.316	4.061E-20	195	396	405	36298	36939	642	36037	37251
142435317	1	119	5.414E-25	1	37904	38581	842	119	0.327	7.291E-24	16	240	266	37904	38581	678	37400	38659
143352074	1	136	4.131E-30	1	38012	38596	842	136	0.398	2.011E-29	73	266	276	38012	38596	585	37400	38659
143629888	1	248	7.956E-64	1	37400	38599	842	248	0.369	4.448E-67	159	553	666	37400	38599	1200	37400	38659
143693809	-1	608	3.387E-172	2	42757	44518	971	301	0.531	2.125E-87	405	703	997	-44518	-43628	891	44518	43625
143693809	-1	608	3.387E-172	2	42757	44518	983	306	0.554	3.216E-89	705	992	997	-43611	-42757	855	43611	42748
143747210	-1	349	3.138E-94	2	42766	44518	971	179	0.372	2.281E-45	384	656	981	-44518	-43667	852	44518	43625
143747210	-1	349	3.138E-94	2	42766	44518	983	182	0.354	1.329E-46	670	980	981	-43611	-42766	846	43611	42748
143933391	1	235	6.517E-60	1	37535	38593	842	235	0.388	9.088E-63	101	447	456	37535	38593	1059	37400	38659
144060596	1	140	2.582E-31	1	37571	38398	842	140	0.320	1.002E-30	47	317	318	37571	38398	828	37400	38659
144190515	-1	256	3.108E-66	1	19961	21262	1449	256	0.352	1.935E-69	321	763	775	-21262	-19961	1302	21310	19952
145171061	1	130	2.644E-28	1	36040	36849	820	130	0.309	1.824E-27	44	307	324	36040	36849	810	36037	37251
145208556	1	123	3.384E-26	1	18668	19288	449	123	0.351	5.596E-27	14	224	288	18668	19288	621	18665	19423
145361401	1	254	1.243E-65	1	37511	38596	842	254	0.403	4.219E-69	4	365	474	37511	38596	1086	37400	38659
145677398	-1	134	1.652E-29	2	2959	3620	1811	58	0.321	3.938E-06	3	110	265	-3620	-3294	327	3710	3294
145677398	-1	134	1.652E-29	2	2959	3620	1817	86	0.474	2.153E-16	100	195	265	-3246	-2959	288	3270	2932
145758773	-1	133	3.305E-29	2	2959	3620	1811	56	0.313	1.872E-05	3	110	205	-3620	-3294	327	3710	3294
145758773	-1	133	3.305E-29	2	2959	3620	1817	87	0.476	1.569E-16	100	195	205	-3246	-2959	288	3270	2932
146195592	-1	237	1.629E-60	1	20069	21298	1449	237	0.351	3.989E-63	296	707	755	-21298	-20069	1230	21310	19952
146216845	-1	175	7.514E-42	2	28534	29085	1273	47	0.475	7.941E-04	1	50	207	-29085	-28936	150	29085	28933
146216845	-1	175	7.514E-42	2	28534	29085	1282	129	0.512	8.016E-30	53	184	207	-28929	-28534	396	28929	28360
146219587	1	72	7.620E-11	1	13131	13319	318	72	0.560	4.886E-12	0	63	84	13131	13319	189	13107	13331
146232185	1	116	4.331E-24	1	18668	19348	449	116	0.319	2.005E-24	146	373	423	18668	19348	681	18665	19423
146278131	1	114	1.733E-23	1	18686	19348	449	114	0.317	9.403E-24	1	226	277	18686	19348	663	18665	19423
146290817	-1	551	4.882E-155	2	42748	44518	971	243	0.451	3.169E-67	399	693	989	-44518	-43628	891	44518	43625
146290817	-1	551	4.882E-155	2	42748	44518	983	307	0.549	9.145E-90	695	987	989	-43611	-42748	864	43611	42748
146291019	-1	170	2.404E-40	1	43673	44410	971	170	0.397	2.931E-42	0	234	238	-44410	-43673	738	44518	43625
146291109	1	374	9.352E-102	2	36151	38563	820	234	0.407	1.039E-62	0	323	927	36151	37137	987	36037	37251
146291109	1	374	9.352E-102	2	36151	38563	842	245	0.374	3.906E-66	430	811	927	37400	38563	1164	37400	38659
146291535	1	219	4.271E-55	1	36310	37137	820	219	0.441	1.354E-57	30	299	338	36310	37137	828	36037	37251
146291681	1	143	3.227E-32	1	36424	37125	820	143	0.364	4.886E-32	0	227	241	36424	37125	702	36037	37251
146299281	-1	412	3.402E-113	4	28125	29547	1269	162	0.587	4.193E-42	90	230	564	-29547	-29125	423	29547	29089
146299281	-1	412	3.402E-113	4	28125	29547	1273	51	0.533	1.712E-05	246	293	564	-29079	-28936	144	29085	28933
146299281	-1	412	3.402E-113	4	28125	29547	1282	146	0.526	8.015E-36	296	438	564	-28929	-28495	435	28929	28360
146299281	-1	412	3.402E-113	4	28125	29547	1286	95	0.521	1.882E-19	468	561	564	-28403	-28125	279	28451	28119
146315282	1	60	3.121E-07	1	35348	36061	801	60	0.212	7.639E-06	12	238	444	35348	36061	714	35321	36073
146315750	-1	1117	0.000E+00	3	19958	24688	1364	200	0.654	6.585E-55	0	150	757	-24688	-24230	459	24742	24230
146315750	-1	1117	0.000E+00	3	19958	24688	1377	326	0.894	4.584E-98	150	323	757	-24167	-23646	522	24206	23613
146315750	-1	1117	0.000E+00	3	19958	24688	1449	591	0.680	9.895E-185	323	754	757	-21262	-19958	1305	21310	19952
146327329	-1	152	6.303E-35	1	42967	43476	983	152	0.471	3.396E-36	0	173	175	-43476	-42967	510	43611	42748
146365293	-1	561	4.767E-158	2	42781	44518	971	285	0.510	6.086E-82	402	694	996	-44518	-43628	891	44518	43625
146365293	-1	561	4.767E-158	2	42781	44518	983	275	0.520	1.420E-78	696	975	996	-43611	-42781	831	43611	42748
146376283	-1	153	3.152E-35	1	28429	28929	1282	153	0.490	2.797E-38	23	189	228	-28929	-28429	501	28929	28360
146424170	-1	212	5.467E-53	2	28936	29535	1269	168	0.578	3.693E-44	79	227	300	-29535	-29089	447	29547	29089
146424170	-1	212	5.467E-53	2	28936	29535	1273	46	0.480	2.074E-03	231	278	300	-29079	-28936	144	29085	28933
146433610	-1	333	2.056E-89	2	43105	44191	971	175	0.496	5.134E-44	0	186	358	-44191	-43628	564	44518	43625
146433610	-1	333	2.056E-89	2	43105	44191	983	157	0.494	5.999E-38	188	356	358	-43611	-43105	507	43611	42748
146437573	1	217	1.708E-54	1	37655	38599	842	217	0.397	1.378E-56	3	315	354	37655	38599	945	37400	38659
146465290	1	150	2.521E-34	1	37925	38569	842	150	0.397	5.381E-34	20	235	247	37925	38569	645	37400	38659
146465575	1	134	1.652E-29	1	38012	38638	842	134	0.375	8.983E-29	75	280	375	38012	38638	627	37400	38659
146477746	-1	222	5.339E-56	1	43724	44518	971	222	0.459	3.751E-60	186	448	452	-44518	-43724	795	44518	43625
146478995	1	247	1.591E-63	1	37400	38563	842	247	0.376	8.276E-67	18	399	423	37400	38563	1164	37400	38659
146479872	1	261	9.711E-68	1	37400	38551	842	261	0.394	1.569E-71	93	473	476	37400	38551	1152	37400	38659
146492341	-1	839	9.816E-242	3	19988	24562	1364	139	0.612	1.466E-33	24	137	769	-24562	-24230	333	24742	24230
146492341	-1	839	9.816E-242	3	19988	24562	1377	243	0.693	2.608E-69	137	310	769	-24167	-23646	522	24206	23613
146492341	-1	839	9.816E-242	3	19988	24562	1449	471	0.556	1.595E-143	296	739	769	-21307	-19988	1320	21310	19952
146494271	1	78	1.191E-12	1	18806	19321	449	78	0.293	8.524E-12	0	173	208	18806	19321	516	18665	19423
146522856	1	116	4.331E-24	1	18668	19348	449	116	0.319	2.005E-24	101	328	378	18668	19348	681	18665	19423
146525525	1	104	1.774E-20	1	18668	19111	449	104	0.384	2.843E-20	52	206	219	18668	19111	444	18665	19423
146529126	-1	114	1.733E-23	1	42760	43092	983	114	0.520	2.475E-23	5	118	121	-43092	-42760	333	43611	42748
146560963	-1	172	6.011E-41	1	42790	43611	983	172	0.353	3.225E-43	53	347	364	-43611	-42790	822	43611	42748
146572127	-1	222	5.339E-56	1	42859	43611	983	222	0.474	3.505E-60	14	267	275	-43611	-42859	753	43611	42748
146572129	-1	126	4.230E-27	2	28209	28878	1282	94	0.407	7.219E-18	2	127	249	-28878	-28492	387	28929	28360
146572129	-1	126	4.230E-27	2	28209	28878	1286	55	0.430	1.358E-05	152	219	249	-28406	-28209	198	28451	28119
146577971	-1	186	3.669E-45	1	43628	44407	971	186	0.408	8.355E-48	66	319	437	-44407	-43628	780	44518	43625
146578083	1	220	2.136E-55	1	37427	38596	842	220	0.346	1.585E-57	0	382	487	37427	38596	1170	37400	38659
146578084	-1	184	1.468E-44	1	43628	44518	971	184	0.369	2.908E-47	18	305	446	-44518	-43628	891	44518	43625
146592300	1	519	2.097E-145	3	36058	38611	820	214	0.358	7.561E-56	223	574	1189	36058	37140	1083	36037	37251
146592300	1	519	2.097E-145	3	36058	38611	823	85	0.625	1.679E-16	611	677	1189	37187	37387	201	37139	37396
146592300	1	519	2.097E-145	3	36058	38611	842	258	0.376	1.887E-70	682	1087	1189	37400	38611	1212	37400	38659
146636346	1	168	9.618E-40	1	37796	38599	842	168	0.371	3.453E-40	2	269	375	37796	38599	804	37400	38659
146957349	-1	256	3.108E-66	1	19961	21262	1449	256	0.352	2.637E-69	322	763	775	-21262	-19961	1302	21310	19952
147180179	-1	225	6.674E-57	1	19961	21262	1449	225	0.327	5.680E-59	318	728	740	-21262	-19961	1302	21310	19952
147201788	-1	252	4.972E-65	1	19976	21262	1449	252	0.351	3.142E-68	321	759	769	-21262	-19976	1287	21310	19952
147264972	-1	352	3.922E-95	1	19958	21304	1449	352	0.439	2.676E-102	263	709	737	-21304	-19958	1347	21310	19952
147283803	-1	253	2.486E-65	1	19961	21262	1449	253	0.350	1.691E-68	318	760	772	-21262	-19961	1302	21310	19952
147325865	-1	241	1.018E-61	1	19961	21262	1449	241	0.338	1.816E-64	323	765	772	-21262	-19961	1302	21310	19952
147326301	-1	238	8.146E-61	1	19961	21262	1449	238	0.335	2.929E-63	323	765	772	-21262	-19961	1302	21310	19952
147377138	-1	265	6.070E-69	1	19961	21262	1449	265	0.358	1.136E-72	320	767	774	-21262	-19961	1302	21310	19952
147432643	-1	258	7.769E-67	1	19964	21262	1449	258	0.355	4.110E-70	317	758	773	-21262	-19964	1299	21310	19952
147455169	-1	257	1.554E-66	1	19985	21259	1449	257	0.364	7.638E-70	260	661	805	-21259	-19985	1275	21310	19952
151266595	-1	114	1.733E-23	2	2956	3608	1811	42	0.279	1.294E+00	21	111	209	-3608	-3324	285	3710	3294
151266595	-1	114	1.733E-23	2	2956	3608	1817	73	0.418	9.981E-12	114	208	209	-3240	-2956	285	3270	2932
151701675	-1	78	1.191E-12	1	2962	3231	1817	78	0.458	2.253E-13	68	157	162	-3231	-2962	270	3270	2932
152056258	-1	143	3.227E-32	1	29089	29544	1269	143	0.496	2.159E-35	94	246	292	-29544	-29089	456	29547	29089
152056582	-1	119	5.414E-25	2	28717	29070	1273	37	0.422	2.407E+00	81	125	199	-29070	-28936	135	29085	28933
152056582	-1	119	5.414E-25	2	28717	29070	1282	83	0.582	5.937E-14	128	198	199	-28929	-28717	213	28929	28360
152056801	-1	175	7.514E-42	2	28717	29544	1269	145	0.503	3.255E-36	125	277	402	-29544	-29089	456	29547	29089
152056801	-1	175	7.514E-42	2	28717	29544	1282	82	0.577	1.104E-13	331	401	402	-28929	-28717	213	28929	28360
152057004	-1	141	1.291E-31	2	28645	29070	1273	36	0.418	3.320E+00	90	134	238	-29070	-28936	135	29085	28933
152057004	-1	141	1.291E-31	2	28645	29070	1282	106	0.565	8.481E-22	137	231	238	-28929	-28645	285	28929	28360
152057095	-1	71	1.524E-10	1	28744	28929	1282	71	0.572	4.642E-10	61	122	123	-28929	-28744	186	28929	28360
152085178	-1	100	2.839E-19	1	28492	28929	1282	100	0.391	4.917E-20	2	144	234	-28929	-28492	438	28929	28360
152109635	-1	143	3.227E-32	2	28149	28929	1282	79	0.302	9.651E-13	265	402	496	-28929	-28429	501	28929	28360
152109635	-1	143	3.227E-32	2	28149	28929	1286	69	0.431	2.168E-10	409	494	496	-28403	-28149	255	28451	28119
152110969	-1	92	7.267E-17	1	28654	28911	1282	92	0.544	4.676E-17	20	105	108	-28911	-28654	258	28929	28360
152994930	1	227	1.668E-57	1	37400	38644	842	227	0.339	4.448E-60	18	426	514	37400	38644	1245	37400	38659
153051734	1	140	2.582E-31	1	36310	36948	820	140	0.382	5.463E-31	11	219	221	36310	36948	639	36037	37251
153709162	-1	162	6.155E-38	2	28119	28929	1282	129	0.477	5.857E-30	77	220	345	-28929	-28495	435	28929	28360
153709162	-1	162	6.155E-38	2	28119	28929	1286	73	0.465	6.709E-12	262	344	345	-28364	-28119	246	28451	28119
153812285	1	119	5.414E-25	1	36646	37107	820	119	0.426	7.718E-24	13	157	177	36646	37107	462	36037	37251
154018525	1	203	2.799E-50	1	37400	38494	842	203	0.341	4.937E-52	99	466	520	37400	38494	1095	37400	38659
154096766	1	271	9.484E-71	1	37400	38641	842	271	0.384	4.816E-75	138	543	636	37400	38641	1242	37400	38659
154394998	-1	180	2.348E-43	2	28119	28929	1282	123	0.414	6.467E-28	36	201	303	-28929	-28429	501	28929	28360
154394998	-1	180	2.348E-43	2	28119	28929	1286	66	0.399	2.712E-09	212	302	303	-28391	-28119	273	28451	28119
154588062	1	109	5.544E-22	1	18668	19138	449	109	0.383	3.816E-22	0	163	176	18668	19138	471	18665	19423
154814563	1	223	2.669E-56	1	37400	38488	842	223	0.367	9.809E-59	92	451	603	37400	38488	1089	37400	38659
154817689	-1	161	1.231E-37	1	43712	44359	971	161	0.419	3.723E-39	3	207	217	-44359	-43712	648	44518	43625
154932443	1	245	6.364E-63	1	37484	38659	842	245	0.372	2.864E-66	10	391	480	37484	38659	1176	37400	38659
155427447	-1	166	3.847E-39	1	43667	44359	971	166	0.409	4.811E-41	3	222	251	-44359	-43667	693	44518	43625
155529061	1	154	1.576E-35	1	37811	38638	842	154	0.341	2.617E-35	1	276	372	37811	38638	828	37400	38659
155704704	1	211	1.093E-52	2	37796	38831	842	188	0.388	1.078E-46	2	282	374	37796	38638	843	37400	38659
155704704	1	211	1.093E-52	2	37796	38831	844	49	0.598	1.535E-04	310	349	374	38712	38831	120	38667	38855
155721836	1	68	1.219E-09	1	18728	19126	449	68	0.317	1.548E-08	9	141	155	18728	19126	399	18665	19423
156000306	-1	156	3.939E-36	1	42907	43611	983	156	0.377	1.117E-37	161	402	403	-43611	-42907	705	43611	42748
156136604	-1	251	9.944E-65	1	19961	21262	1449	251	0.348	1.084E-67	323	763	770	-21262	-19961	1302	21310	19952
156906734	-1	284	1.158E-74	1	19976	21262	1449	284	0.383	7.108E-79	360	794	804	-21262	-19976	1287	21310	19952
156917544	1	77	2.381E-12	1	18770	19105	449	77	0.372	2.107E-11	1	119	120	18770	19105	336	18665	19423
157549467	1	70	3.048E-10	1	18806	19288	449	70	0.280	4.687E-09	0	165	234	18806	19288	483	18665	19423
157559897	1	267	1.517E-69	1	37400	38659	842	267	0.376	1.477E-73	94	511	600	37400	38659	1260	37400	38659
157579496	1	84	1.860E-14	1	36790	37140	820	84	0.398	1.126E-12	57	174	202	36790	37140	351	36037	37251
158713074	-1	208	8.747E-52	2	28119	28929	1282	132	0.435	8.914E-31	14	180	284	-28929	-28429	501	28929	28360
158713074	-1	208	8.747E-52	2	28119	28929	1286	86	0.490	1.977E-16	192	283	284	-28388	-28119	270	28451	28119
158737856	1	344	1.004E-92	2	36382	38599	820	190	0.416	1.529E-47	2	259	873	36382	37146	765	36037	37251
158737856	1	344	1.004E-92	2	36382	38599	842	258	0.380	1.013E-70	365	759	873	37400	38599	1200	37400	38659
158855199	1	314	1.078E-83	2	37139	38563	823	84	0.527	3.166E-16	63	139	651	37139	37384	246	37139	37396
158855199	1	314	1.078E-83	2	37139	38563	842	234	0.363	1.689E-62	145	531	651	37400	38563	1164	37400	38659
159597123	-1	256	3.108E-66	1	19961	21310	1449	256	0.344	2.637E-69	279	737	743	-21310	-19961	1350	21310	19952
159751008	1	90	2.907E-16	1	18668	19072	449	90	0.382	9.477E-16	6	140	149	18668	19072	405	18665	19423
159897896	1	94	1.817E-17	1	18668	19285	449	94	0.293	6.069E-17	0	209	275	18668	19285	618	18665	19423
160738634	-1	147	2.017E-33	2	28492	29055	1273	42	0.517	3.707E-02	1	40	303	-29055	-28936	120	29085	28933
160738634	-1	147	2.017E-33	2	28492	29055	1282	106	0.406	8.481E-22	43	185	303	-28929	-28492	438	28929	28360
160748192	-1	201	1.120E-49	1	43628	44518	971	201	0.392	5.908E-53	23	308	432	-44518	-43628	891	44518	43625
160769377	-1	252	4.972E-65	1	19988	21298	1449	252	0.346	4.282E-68	296	742	756	-21298	-19988	1311	21310	19952
160776804	-1	241	1.018E-61	1	19979	21292	1449	241	0.339	3.369E-64	299	738	756	-21292	-19979	1314	21310	19952
160827821	-1	165	7.694E-39	1	43712	44245	971	165	0.493	1.668E-40	3	180	184	-44245	-43712	534	44518	43625
160832660	-1	437	1.014E-120	2	42946	44215	971	206	0.547	1.390E-54	1	196	424	-44215	-43628	588	44518	43625
160832660	-1	437	1.014E-120	2	42946	44215	983	230	0.534	4.867E-63	198	423	424	-43611	-42946	666	43611	42748
160833002	-1	226	3.337E-57	1	43673	44518	971	226	0.444	2.242E-61	180	459	460	-44518	-43673	846	44518	43625
160833260	-1	243	2.546E-62	1	43628	44518	971	243	0.451	3.169E-67	3	297	325	-44518	-43628	891	44518	43625
160860598	1	182	5.870E-44	1	36607	37146	820	182	0.529	7.129E-45	6	185	255	36607	37146	540	36037	37251
160863881	-1	62	7.803E-08	1	28209	28400	1286	62	0.483	6.374E-08	17	82	106	-28400	-28209	192	28451	28119
160923779	-1	239	4.073E-61	1	19979	21298	1449	239	0.336	8.513E-64	296	739	769	-21298	-19979	1320	21310	19952
160953429	1	132	6.609E-29	1	36040	37041	820	132	0.274	3.021E-28	189	465	467	36040	37041	1002	36037	37251
160953442	1	55	9.988E-06	1	18076	18366	436	55	0.332	8.162E-05	19	117	192	18076	18366	291	17926	18474
160964985	-1	94	1.817E-17	1	28119	28409	1286	94	0.503	2.582E-19	57	154	155	-28409	-28119	291	28451	28119
160970228	1	236	3.259E-60	1	36103	37128	820	236	0.398	3.002E-63	263	593	611	36103	37128	1026	36037	37251
160985533	-1	160	2.462E-37	1	43628	44257	971	160	0.426	6.927E-39	118	326	393	-44257	-43628	630	44518	43625
161007505	1	144	1.614E-32	1	38009	38611	842	144	0.406	4.956E-32	57	256	357	38009	38611	603	37400	38659
161007858	1	139	5.163E-31	1	38081	38611	842	139	0.434	2.466E-30	17	193	294	38081	38611	531	37400	38659
161008141	-1	77	2.381E-12	1	28609	28848	1282	77	0.497	6.175E-12	1	80	82	-28848	-28609	240	28929	28360
161012942	-1	250	1.989E-64	1	20069	21298	1449	250	0.364	1.477E-67	296	708	742	-21298	-20069	1230	21310	19952
161033133	1	105	8.871E-21	1	18668	19348	449	105	0.300	8.305E-21	75	301	354	18668	19348	681	18665	19423
161043472	-1	213	2.733E-53	1	42874	43611	983	213	0.467	2.514E-57	154	402	426	-43611	-42874	738	43611	42748
161062896	1	98	1.135E-18	1	18701	19111	449	98	0.389	1.540E-18	0	143	223	18701	19111	411	18665	19423
161063764	1	115	8.663E-24	1	18668	19348	449	115	0.319	2.732E-24	146	373	423	18668	19348	681	18665	19423
161091801	1	76	4.762E-12	1	18884	19279	449	76	0.344	3.850E-11	0	128	209	18884	19279	396	18665	19423
161114716	-1	130	2.644E-28	2	28140	28878	1282	93	0.398	2.509E-17	2	129	249	-28878	-28486	393	28929	28360
161114716	-1	130	2.644E-28	2	28140	28878	1286	58	0.365	1.495E-06	152	241	249	-28406	-28140	267	28451	28119
161116128	-1	238	8.146E-61	1	42757	43611	983	238	0.455	9.214E-66	14	301	305	-43611	-42757	855	43611	42748
161116813	-1	192	5.733E-47	1	43649	44410	971	192	0.424	1.060E-49	0	245	268	-44410	-43649	762	44518	43625
161118435	1	296	2.826E-78	2	36040	38638	820	192	0.329	2.414E-48	241	589	1200	36040	37140	1101	36037	37251
161118435	1	296	2.826E-78	2	36040	38638	842	210	0.323	3.564E-54	697	1097	1200	37400	38638	1239	37400	38659
161132693	1	106	4.435E-21	1	17926	18474	436	106	0.347	4.842E-22	55	235	273	17926	18474	549	17926	18474
161189330	-1	177	1.878E-42	1	42787	43611	983	177	0.358	1.046E-44	67	362	378	-43611	-42787	825	43611	42748
161191117	-1	185	7.338E-45	1	42781	43611	983	185	0.376	1.496E-47	107	395	398	-43611	-42781	831	43611	42748
161195832	-1	405	4.355E-111	2	42787	44518	971	209	0.403	1.559E-55	329	614	908	-44518	-43628	891	44518	43625
161195832	-1	405	4.355E-111	2	42787	44518	983	195	0.401	4.452E-51	616	894	908	-43611	-42787	825	43611	42748
161205284	-1	213	2.733E-53	1	43628	44464	971	213	0.429	3.659E-57	12	281	373	-44464	-43628	837	44518	43625
161211131	-1	226	3.337E-57	2	28936	29526	1269	180	0.621	3.922E-48	18	163	240	-29526	-29089	438	29547	29089
161211131	-1	226	3.337E-57	2	28936	29526	1273	48	0.498	4.188E-04	167	214	240	-29079	-28936	144	29085	28933
161214909	-1	300	1.766E-79	1	42748	43611	983	300	0.538	3.591E-87	21	313	315	-43611	-42748	864	43611	42748
161461986	-1	249	3.978E-64	1	19961	21262	1449	249	0.345	3.738E-67	317	760	773	-21262	-19961	1302	21310	19952
161554701	-1	243	2.546E-62	1	19961	21262	1449	243	0.336	3.871E-65	295	746	755	-21262	-19961	1302	21310	19952
161575061	-1	251	9.944E-65	1	19961	21262	1449	251	0.348	7.953E-68	319	761	773	-21262	-19961	1302	21310	19952
161595171	-1	238	8.146E-61	1	19961	21262	1449	238	0.335	2.151E-63	323	765	772	-21262	-19961	1302	21310	19952
161703007	-1	253	2.486E-65	1	19961	21262	1449	253	0.351	1.691E-68	313	752	765	-21262	-19961	1302	21310	19952
161725667	-1	258	7.769E-67	1	19961	21262	1449	258	0.355	3.015E-70	174	616	628	-21262	-19961	1302	21310	19952
161804960	-1	347	1.255E-93	1	19961	21304	1449	347	0.435	1.137E-100	298	743	772	-21304	-19961	1344	21310	19952
161836043	-1	261	9.711E-68	1	19964	21262	1449	261	0.358	3.443E-71	317	758	773	-21262	-19964	1299	21310	19952
161846386	-1	259	3.885E-67	1	19976	21262	1449	259	0.357	2.211E-70	318	756	766	-21262	-19976	1287	21310	19952
161940716	-1	255	6.215E-66	1	19961	21262	1449	255	0.352	3.595E-69	63	505	517	-21262	-19961	1302	21310	19952
162016104	-1	260	1.942E-67	1	19970	21262	1449	260	0.357	8.727E-71	299	740	750	-21262	-19970	1293	21310	19952
164588058	1	91	1.453E-16	2	13134	13724	318	54	0.442	8.042E-06	67	130	247	13134	13319	186	13107	13331
164588058	1	91	1.453E-16	2	13134	13724	326	57	0.366	5.380E-06	152	240	247	13461	13724	264	13335	13751
166444038	-1	50	3.196E-04	1	28149	28385	1286	50	0.360	5.946E-04	5	83	94	-28385	-28149	237	28451	28119
166597645	-1	270	1.897E-70	3	28648	29544	1269	140	0.487	2.689E-34	107	259	485	-29544	-29089	456	29547	29089
166597645	-1	270	1.897E-70	3	28648	29544	1273	36	0.418	3.320E+00	266	310	485	-29070	-28936	135	29085	28933
166597645	-1	270	1.897E-70	3	28648	29544	1282	100	0.543	9.178E-20	313	403	485	-28929	-28648	282	28929	28360
166597984	-1	176	3.757E-42	2	28714	29544	1269	145	0.503	3.255E-36	126	278	418	-29544	-29089	456	29547	29089
166597984	-1	176	3.757E-42	2	28714	29544	1282	83	0.578	4.354E-14	332	403	418	-28929	-28714	216	28929	28360
166598024	-1	176	3.757E-42	2	28714	29544	1269	144	0.499	8.382E-36	10	162	314	-29544	-29089	456	29547	29089
166598024	-1	176	3.757E-42	2	28714	29544	1282	84	0.585	1.717E-14	216	287	314	-28929	-28714	216	28929	28360
166874556	1	75	9.525E-12	1	18875	19279	449	75	0.334	1.283E-10	16	147	213	18875	19279	405	18665	19423
167442986	1	273	2.371E-71	1	37400	38626	842	273	0.389	1.386E-75	174	581	680	37400	38626	1227	37400	38659
167721694	-1	121	1.354E-25	1	43054	43611	983	121	0.375	9.907E-26	67	254	272	-43611	-43054	558	43611	42748
168023278	1	220	2.136E-55	1	37400	38494	842	220	0.362	1.163E-57	92	455	498	37400	38494	1095	37400	38659
168437592	1	231	1.043E-58	1	37400	38638	842	231	0.344	1.477E-61	21	435	521	37400	38638	1239	37400	38659
168694558	1	138	1.033E-30	1	36040	36927	820	138	0.304	2.465E-30	173	459	461	36040	36927	888	36037	37251
168990388	1	75	9.525E-12	1	17929	18468	436	75	0.278	2.367E-11	123	293	303	17929	18468	540	17926	18474
170227142	1	226	3.337E-57	1	37586	38647	842	226	0.372	1.125E-59	0	359	386	37586	38647	1062	37400	38659
170422614	1	188	9.172E-46	2	18425	19369	439	59	0.438	2.863E-07	19	88	371	18425	18640	216	18359	18661
170422614	1	188	9.172E-46	2	18425	19369	449	137	0.349	1.454E-31	98	334	371	18668	19369	702	18665	19423
171322427	-1	231	1.043E-58	1	20054	21262	1449	231	0.344	5.570E-61	316	728	769	-21262	-20054	1209	21310	19952
171989925	-1	335	5.141E-90	2	42766	44518	971	168	0.383	1.017E-41	384	628	959	-44518	-43751	768	44518	43625
171989925	-1	335	5.141E-90	2	42766	44518	983	185	0.358	1.496E-47	648	958	959	-43611	-42766	846	43611	42748
172020828	1	73	3.810E-11	1	18776	19099	449	73	0.369	5.760E-10	0	112	126	18776	19099	324	18665	19423
172369993	1	153	3.152E-35	1	37865	38635	842	153	0.357	3.542E-35	3	257	328	37865	38635	771	37400	38659
172583677	-1	95	9.084E-18	2	2959	3452	1811	38	0.434	2.032E+01	55	99	200	-3452	-3321	132	3710	3294
172583677	-1	95	9.084E-18	2	2959	3452	1817	63	0.395	2.672E-08	107	194	200	-3222	-2959	264	3270	2932
172765966	-1	845	1.534E-243	3	19958	24562	1364	136	0.600	1.818E-32	24	137	753	-24562	-24230	333	24742	24230
172765966	-1	845	1.534E-243	3	19958	24562	1377	243	0.693	2.608E-69	137	310	753	-24167	-23646	522	24206	23613
172765966	-1	845	1.534E-243	3	19958	24562	1449	480	0.554	1.598E-146	296	749	753	-21307	-19958	1350	21310	19952
173009292	1	562	2.384E-158	3	36409	38641	820	200	0.450	5.093E-51	6	246	932	36409	37143	735	36037	37251
173009292	1	562	2.384E-158	3	36409	38641	823	96	0.621	1.704E-20	270	346	932	37151	37381	231	37139	37396
173009292	1	562	2.384E-158	3	36409	38641	842	293	0.406	1.737E-82	353	767	932	37400	38641	1242	37400	38659
173058455	1	224	1.335E-56	1	37400	38563	842	224	0.352	5.285E-59	18	404	423	37400	38563	1164	37400	38659
173719394	1	128	1.057E-27	1	38081	38635	842	128	0.396	5.870E-27	12	196	293	38081	38635	555	37400	38659
173759034	1	325	5.265E-87	2	36616	38596	820	179	0.523	4.491E-44	25	204	835	36616	37155	540	36037	37251
173759034	1	325	5.265E-87	2	36616	38596	842	248	0.371	2.391E-67	308	701	835	37400	38596	1197	37400	38659
173945657	-1	242	5.092E-62	1	19961	21262	1449	242	0.339	1.333E-64	338	780	787	-21262	-19961	1302	21310	19952
174135178	1	133	3.305E-29	1	37811	38638	842	133	0.309	2.203E-28	1	250	346	37811	38638	828	37400	38659
174247671	1	166	3.847E-39	1	36217	37056	820	166	0.356	1.480E-39	150	427	452	36217	37056	840	36037	37251
175040057	-1	117	2.166E-24	2	2959	3626	1811	51	0.291	7.816E-04	6	114	277	-3626	-3294	333	3710	3294
175040057	-1	117	2.166E-24	2	2959	3626	1817	76	0.429	7.972E-13	104	199	277	-3246	-2959	288	3270	2932
175266736	-1	255	6.215E-66	1	19988	21298	1449	255	0.349	4.900E-69	297	743	757	-21298	-19988	1311	21310	19952
175338899	1	103	3.548E-20	1	36712	37038	820	103	0.497	7.632E-19	1	108	109	36712	37038	327	36037	37251
175361632	-1	130	2.644E-28	1	43147	43611	983	130	0.456	8.344E-29	23	177	185	-43611	-43147	465	43611	42748
175374244	-1	427	1.038E-117	2	43054	44518	971	243	0.451	3.169E-67	212	506	707	-44518	-43628	891	44518	43625
175374244	-1	427	1.038E-117	2	43054	44518	983	183	0.494	5.211E-47	508	705	707	-43611	-43054	558	43611	42748
175374524	-1	333	2.056E-89	2	42781	44518	971	176	0.382	2.754E-44	384	641	977	-44518	-43712	807	44518	43625
175374524	-1	333	2.056E-89	2	42781	44518	983	184	0.362	3.815E-47	670	973	977	-43611	-42781	831	43611	42748
175374548	-1	177	1.878E-42	1	43628	44410	971	177	0.393	7.928E-45	0	248	285	-44410	-43628	783	44518	43625
175374560	-1	509	2.147E-142	2	42748	44215	971	208	0.551	2.914E-55	1	196	492	-44215	-43628	588	44518	43625
175374560	-1	509	2.147E-142	2	42748	44215	983	300	0.538	2.622E-87	198	490	492	-43611	-42748	864	43611	42748
175401066	1	85	9.302E-15	1	36664	37149	820	85	0.324	3.571E-13	12	173	178	36664	37149	486	36037	37251
175403170	1	164	1.539E-38	2	18404	19279	439	58	0.371	1.015E-06	172	259	522	18404	18661	258	18359	18661
175403170	1	164	1.539E-38	2	18404	19279	449	108	0.323	9.620E-22	263	470	522	18671	19279	609	18665	19423
175409975	-1	235	6.517E-60	1	42760	43476	983	235	0.510	1.132E-64	0	243	248	-43476	-42760	717	43611	42748
175428099	1	99	5.677E-19	1	18806	19366	449	99	0.324	8.337E-19	0	189	198	18806	19366	561	18665	19423
175433049	-1	246	3.182E-63	1	19979	21310	1449	246	0.341	3.261E-66	292	738	756	-21310	-19979	1332	21310	19952
175448629	-1	218	8.542E-55	2	28125	28929	1282	141	0.446	6.517E-34	44	216	313	-28929	-28411	519	28929	28360
175448629	-1	218	8.542E-55	2	28125	28929	1286	89	0.555	2.966E-17	230	310	313	-28364	-28125	240	28451	28119
175457202	-1	393	1.784E-107	2	42757	44278	971	173	0.433	1.783E-43	387	609	904	-44278	-43628	651	44518	43625
175457202	-1	393	1.784E-107	2	42757	44278	983	219	0.425	3.139E-59	611	900	904	-43611	-42757	855	43611	42748
175480784	1	90	2.907E-16	1	18668	19054	449	90	0.387	1.286E-15	17	148	155	18668	19054	387	18665	19423
175486221	1	115	8.663E-24	1	18728	19333	449	115	0.342	3.721E-24	9	212	265	18728	19333	606	18665	19423
175496420	1	177	1.878E-42	2	36649	37378	820	127	0.513	1.098E-26	18	147	264	36649	37038	390	36037	37251
175496420	1	177	1.878E-42	2	36649	37378	823	62	0.495	2.273E-08	161	224	264	37187	37378	192	37139	37396
175505709	-1	61	1.561E-07	1	28125	28328	1286	61	0.464	8.740E-08	0	68	71	-28328	-28125	204	28451	28119
175525010	1	150	2.521E-34	1	36076	36951	820	150	0.324	2.851E-34	256	546	575	36076	36951	876	36037	37251
175530746	1	83	3.721E-14	1	18806	19360	449	83	0.291	3.060E-13	0	185	221	18806	19360	555	18665	19423
175546980	-1	176	3.757E-42	2	28119	28929	1282	116	0.437	1.820E-25	49	191	292	-28929	-28492	438	28929	28360
175546980	-1	176	3.757E-42	2	28119	28929	1286	66	0.383	1.978E-09	199	291	292	-28409	-28119	291	28451	28119
175547224	-1	83	3.721E-14	1	28128	28409	1286	83	0.470	1.808E-15	78	171	175	-28409	-28128	282	28451	28119
175547588	1	125	8.460E-27	1	37796	38611	842	125	0.300	8.544E-26	2	225	326	37796	38611	816	37400	38659
175548312	-1	176	3.757E-42	2	28984	29535	1269	134	0.482	2.220E-32	151	299	337	-29535	-29089	447	29547	29089
175548312	-1	176	3.757E-42	2	28984	29535	1273	44	0.642	1.029E-02	303	334	337	-29079	-28984	96	29085	28933
175548399	1	129	5.287E-28	1	38015	38638	842	129	0.366	3.234E-27	10	214	309	38015	38638	624	37400	38659
175549638	1	139	5.163E-31	1	37874	38569	842	139	0.355	2.466E-30	2	235	247	37874	38569	696	37400	38659
175562404	1	252	4.972E-65	1	37400	38563	842	252	0.382	1.462E-68	18	399	431	37400	38563	1164	37400	38659
175573883	1	323	2.106E-86	2	36454	38578	820	199	0.474	6.932E-51	234	459	976	36454	37137	684	36037	37251
175573883	1	323	2.106E-86	2	36454	38578	842	229	0.354	9.464E-61	566	955	976	37400	38578	1179	37400	38659
175575441	-1	897	3.406E-259	3	19961	24562	1364	144	0.645	2.450E-35	50	158	780	-24562	-24230	333	24742	24230
175575441	-1	897	3.406E-259	3	19961	24562	1377	272	0.759	2.647E-79	158	332	780	-24167	-23646	522	24206	23613
175575441	-1	897	3.406E-259	3	19961	24562	1449	481	0.564	1.168E-146	332	775	780	-21262	-19961	1302	21310	19952
175607448	1	112	6.930E-23	1	18668	19234	449	112	0.353	4.403E-23	146	327	342	18668	19234	567	18665	19423
175640703	-1	228	8.342E-58	3	28143	29544	1269	135	0.481	1.182E-32	8	157	479	-29544	-29098	447	29547	29089
175640703	-1	228	8.342E-58	3	28143	29544	1282	106	0.372	6.205E-22	214	375	479	-28929	-28432	498	28929	28360
175640703	-1	228	8.342E-58	3	28143	29544	1286	55	0.371	9.912E-06	390	473	479	-28382	-28143	240	28451	28119
175642953	-1	211	1.093E-52	3	28137	29535	1269	126	0.461	1.662E-29	9	156	476	-29535	-29095	441	29547	29089
175642953	-1	211	1.093E-52	3	28137	29535	1282	101	0.390	2.634E-20	212	356	476	-28929	-28486	444	28929	28360
175642953	-1	211	1.093E-52	3	28137	29535	1286	63	0.399	2.473E-08	383	469	476	-28397	-28137	261	28451	28119
175655130	-1	164	1.539E-38	2	28936	29526	1269	131	0.479	3.787E-31	3	147	201	-29526	-29089	438	29547	29089
175655130	-1	164	1.539E-38	2	28936	29526	1273	38	0.430	1.266E+00	154	198	201	-29070	-28936	135	29085	28933
175655241	-1	84	1.860E-14	1	28555	28878	1282	84	0.426	1.717E-14	2	107	161	-28878	-28555	324	28929	28360
175657347	-1	129	5.287E-28	2	28140	28878	1282	93	0.393	1.838E-17	2	132	249	-28878	-28477	402	28929	28360
175657347	-1	129	5.287E-28	2	28140	28878	1286	55	0.354	1.358E-05	153	241	249	-28406	-28140	267	28451	28119
175663297	1	278	7.409E-73	2	36091	38596	820	233	0.389	3.594E-62	183	524	1053	36091	37137	1047	36037	37251
175663297	1	278	7.409E-73	2	36091	38596	842	151	0.268	2.174E-34	632	948	1053	37400	38596	1197	37400	38659
175700725	1	115	8.663E-24	1	18671	19321	449	115	0.327	2.732E-24	72	290	347	18671	19321	651	18665	19423
175723310	1	315	5.391E-84	2	37178	38596	823	74	0.542	1.210E-12	92	160	669	37178	37384	207	37139	37396
175723310	1	315	5.391E-84	2	37178	38596	842	245	0.364	3.906E-66	166	569	669	37400	38596	1197	37400	38659
175728317	1	246	3.182E-63	2	36109	38308	820	179	0.327	4.491E-44	570	869	1287	36109	37140	1032	36037	37251
175728317	1	246	3.182E-63	2	36109	38308	842	172	0.346	2.221E-41	976	1272	1287	37400	38308	909	37400	38659
175730649	-1	184	1.468E-44	1	42790	43611	983	184	0.366	2.792E-47	85	384	393	-43611	-42790	822	43611	42748
175731048	-1	294	1.131E-77	2	43066	44518	971	174	0.367	9.567E-44	163	433	655	-44518	-43673	846	44518	43625
175731048	-1	294	1.131E-77	2	43066	44518	983	134	0.415	2.800E-30	449	630	655	-43611	-43066	546	43611	42748
175752223	1	125	8.460E-27	1	18668	19321	449	125	0.345	1.187E-27	11	230	265	18668	19321	654	18665	19423
175758798	-1	98	1.135E-18	1	43366	43611	983	98	0.596	6.591E-18	21	102	116	-43611	-43366	246	43611	42748
175759199	-1	224	1.335E-56	1	43628	44518	971	224	0.425	7.843E-61	143	437	532	-44518	-43628	891	44518	43625
176040433	-1	248	7.956E-64	1	20099	21262	1449	248	0.371	9.459E-67	75	472	527	-21262	-20099	1164	21310	19952
176067880	-1	250	1.989E-64	1	19955	21262	1449	250	0.343	2.013E-67	321	770	783	-21262	-19955	1308	21310	19952
176169158	-1	236	3.259E-60	1	19976	21262	1449	236	0.331	1.372E-62	322	768	783	-21262	-19976	1287	21310	19952
176224360	-1	255	6.215E-66	1	19961	21262	1449	255	0.351	3.595E-69	314	757	770	-21262	-19961	1302	21310	19952
176230403	-1	256	3.108E-66	1	19961	21262	1449	256	0.351	2.637E-69	316	759	772	-21262	-19961	1302	21310	19952
176239237	-1	254	1.243E-65	1	19961	21262	1449	254	0.350	1.241E-68	320	762	774	-21262	-19961	1302	21310	19952
176283921	-1	235	6.517E-60	1	19961	21262	1449	235	0.332	2.544E-62	322	764	771	-21262	-19961	1302	21310	19952
176306348	-1	254	1.243E-65	1	19961	21262	1449	254	0.350	1.241E-68	318	760	772	-21262	-19961	1302	21310	19952
176348701	-1	63	3.901E-08	1	2956	3213	1817	63	0.388	1.949E-08	21	111	113	-3213	-2956	258	3270	2932
176366184	-1	244	1.273E-62	1	19976	21262	1449	244	0.341	2.841E-65	330	771	781	-21262	-19976	1287	21310	19952
176386060	-1	244	1.273E-62	1	19976	21262	1449	244	0.341	2.086E-65	337	779	795	-21262	-19976	1287	21310	19952
176393184	-1	347	1.255E-93	1	19961	21304	1449	347	0.435	1.137E-100	298	743	772	-21304	-19961	1344	21310	19952
176429885	-1	244	1.273E-62	1	19961	21262	1449	244	0.342	1.531E-65	322	762	775	-21262	-19961	1302	21310	19952
176446118	-1	243	2.546E-62	1	19961	21262	1449	243	0.340	7.183E-65	323	765	772	-21262	-19961	1302	21310	19952
176461120	-1	236	3.259E-60	1	19961	21262	1449	236	0.333	1.372E-62	323	766	773	-21262	-19961	1302	21310	19952
176477275	-1	441	6.337E-122	2	20099	24167	1377	192	0.556	1.586E-51	139	317	770	-24167	-23646	522	24206	23613
176477275	-1	441	6.337E-122	2	20099	24167	1449	249	0.374	5.094E-67	317	711	770	-21262	-20099	1164	21310	19952
176503521	-1	539	2.000E-151	2	19961	24164	1377	240	0.685	3.245E-68	55	228	1138	-24164	-23646	519	24206	23613
176503521	-1	539	2.000E-151	2	19961	24164	1449	299	0.399	3.824E-84	228	648	1138	-21262	-19961	1302	21310	19952
177263949	-1	101	1.419E-19	2	2956	3533	1811	40	0.305	4.410E+00	26	103	197	-3533	-3297	237	3710	3294
177263949	-1	101	1.419E-19	2	2956	3533	1817	64	0.393	1.422E-08	100	189	197	-3225	-2956	270	3270	2932
179790251	-1	102	7.097E-20	2	2950	3608	1811	42	0.274	1.294E+00	6	98	203	-3608	-3315	294	3710	3294
179790251	-1	102	7.097E-20	2	2950	3608	1817	67	0.389	1.138E-09	107	202	203	-3213	-2950	264	3270	2932
180346500	-1	127	2.115E-27	2	2956	3614	1811	50	0.314	1.454E-03	5	96	196	-3614	-3324	291	3710	3294
180346500	-1	127	2.115E-27	2	2956	3614	1817	81	0.467	1.311E-14	102	193	196	-3231	-2956	276	3270	2932
180626220	-1	62	7.803E-08	1	2959	3231	1817	62	0.376	5.021E-08	80	172	178	-3231	-2959	273	3270	2932
181139310	-1	179	4.696E-43	2	28678	29544	1269	145	0.503	3.255E-36	94	246	400	-29544	-29089	456	29547	29089
181139310	-1	179	4.696E-43	2	28678	29544	1282	86	0.527	3.635E-15	300	383	400	-28929	-28678	252	28929	28360
181139343	-1	176	3.757E-42	2	28702	29544	1269	145	0.503	3.255E-36	94	246	396	-29544	-29089	456	29547	29089
181139343	-1	176	3.757E-42	2	28702	29544	1282	83	0.553	4.354E-14	300	375	396	-28929	-28702	228	28929	28360
181334796	1	334	1.028E-89	2	37157	38578	823	86	0.565	6.483E-17	10	86	581	37157	37387	231	37139	37396
181334796	1	334	1.028E-89	2	37157	38578	842	251	0.378	2.720E-68	91	477	581	37400	38578	1179	37400	38659
182025582	-1	79	5.953E-13	1	2953	3225	1817	79	0.454	6.365E-14	78	170	177	-3225	-2953	273	3270	2932
183013413	1	249	3.978E-64	1	37514	38596	842	249	0.398	1.753E-67	5	366	482	37514	38596	1083	37400	38659
183284576	1	483	1.441E-134	3	36409	38599	820	201	0.451	2.749E-51	282	522	1036	36409	37143	735	36037	37251
183284576	1	483	1.441E-134	3	36409	38599	823	94	0.608	1.142E-19	546	622	1036	37151	37381	231	37139	37396
183284576	1	483	1.441E-134	3	36409	38599	842	228	0.399	3.264E-60	642	970	1036	37622	38599	978	37400	38659
183625860	1	133	3.305E-29	1	38075	38638	842	133	0.402	1.634E-28	0	187	240	38075	38638	564	37400	38659
183680117	-1	202	5.598E-50	3	28245	29070	1273	41	0.464	7.040E-02	62	106	340	-29070	-28936	135	29085	28933
183680117	-1	202	5.598E-50	3	28245	29070	1282	129	0.428	8.016E-30	109	275	340	-28929	-28429	501	28929	28360
183680117	-1	202	5.598E-50	3	28245	29070	1286	46	0.505	2.584E-02	290	334	340	-28379	-28245	135	28451	28119
184072366	-1	238	8.146E-61	1	20102	21298	1449	238	0.353	2.929E-63	319	728	784	-21298	-20102	1197	21310	19952
184189455	1	136	4.131E-30	1	36040	36927	820	136	0.301	1.110E-29	173	459	461	36040	36927	888	36037	37251
185548159	-1	167	1.924E-39	2	28203	28929	1282	121	0.408	4.241E-27	14	179	270	-28929	-28429	501	28929	28360
185548159	-1	167	1.924E-39	2	28203	28929	1286	55	0.453	9.912E-06	190	253	270	-28391	-28203	189	28451	28119
186416405	-1	182	5.870E-44	1	42766	43611	983	182	0.353	1.815E-46	139	449	450	-43611	-42766	846	43611	42748
187071236	-1	151	1.261E-34	2	28591	29085	1273	48	0.489	2.209E-04	1	50	223	-29085	-28936	150	29085	28933
187071236	-1	151	1.261E-34	2	28591	29085	1282	104	0.488	2.165E-21	53	165	223	-28929	-28591	339	28929	28360
187971574	1	344	1.004E-92	2	37187	38611	823	87	0.638	3.438E-17	30	96	614	37187	37387	201	37139	37396
187971574	1	344	1.004E-92	2	37187	38611	842	260	0.378	2.141E-71	101	507	614	37400	38611	1212	37400	38659
189841573	1	61	1.561E-07	1	18875	19111	449	61	0.417	4.357E-06	4	82	135	18875	19111	237	18665	19423
189851132	-1	227	1.668E-57	1	43628	44518	971	227	0.429	8.765E-62	31	325	364	-44518	-43628	891	44518	43625
189904044	1	104	1.774E-20	1	18752	19279	449	104	0.345	2.843E-20	0	180	247	18752	19279	528	18665	19423
189915206	-1	188	9.172E-46	1	43628	44410	971	188	0.410	1.286E-48	61	310	381	-44410	-43628	783	44518	43625
189915226	1	81	1.488E-13	1	36112	37149	820	81	0.206	8.375E-12	150	499	557	36112	37149	1038	36037	37251
189915269	1	291	9.044E-77	2	36217	37396	820	226	0.418	5.131E-60	172	471	604	36217	37137	921	36037	37251
189915269	1	291	9.044E-77	2	36217	37396	823	87	0.541	3.438E-17	495	576	604	37151	37396	246	37139	37396
189915786	-1	195	7.166E-48	1	42781	43611	983	195	0.392	4.452E-51	107	394	397	-43611	-42781	831	43611	42748
189916439	-1	360	1.532E-97	2	42787	44410	971	174	0.387	9.567E-44	0	244	537	-44410	-43628	783	44518	43625
189916439	-1	360	1.532E-97	2	42787	44410	983	185	0.380	1.095E-47	246	531	537	-43611	-42787	825	43611	42748
189916463	-1	372	3.741E-101	2	42787	44515	971	188	0.375	1.286E-48	401	684	977	-44515	-43628	888	44518	43625
189916463	-1	372	3.741E-101	2	42787	44515	983	183	0.376	9.727E-47	686	971	977	-43611	-42787	825	43611	42748
189944064	-1	158	9.848E-37	2	28933	29538	1269	121	0.441	9.982E-28	23	172	265	-29538	-29092	447	29547	29089
189944064	-1	158	9.848E-37	2	28933	29538	1273	38	0.395	9.179E-01	175	225	265	-29085	-28933	153	29085	28933
189953345	-1	177	1.878E-42	1	43709	44485	971	177	0.394	1.082E-44	129	378	382	-44485	-43709	777	44518	43625
189953529	1	76	4.762E-12	1	36661	37158	820	76	0.296	2.578E-10	17	180	296	36661	37158	498	36037	37251
189969693	1	82	7.441E-14	1	36484	36861	820	82	0.373	4.724E-12	13	138	146	36484	36861	378	36037	37251
189996920	1	298	7.066E-79	2	37178	38458	823	69	0.523	7.494E-11	73	139	559	37178	37378	201	37139	37396
189996920	1	298	7.066E-79	2	37178	38458	842	235	0.388	1.239E-62	147	492	559	37400	38458	1059	37400	38659
190024627	1	106	4.435E-21	1	18668	19240	449	106	0.335	3.298E-21	61	254	258	18668	19240	573	18665	19423
190025474	1	64	1.951E-08	1	18169	18402	436	64	0.440	7.198E-08	14	91	112	18169	18402	234	17926	18474
190039285	1	59	6.242E-07	1	37163	37396	823	59	0.413	1.528E-07	18	95	107	37163	37396	234	37139	37396
190054567	-1	479	2.305E-133	2	42760	44131	971	183	0.563	7.407E-47	35	202	497	-44131	-43628	504	44518	43625
190054567	-1	479	2.305E-133	2	42760	44131	983	295	0.537	1.561E-85	204	492	497	-43611	-42760	852	43611	42748
190090786	1	174	1.503E-41	1	37802	38638	842	174	0.367	3.559E-42	9	290	333	37802	38638	837	37400	38659
190091107	1	164	1.539E-38	1	37805	38611	842	164	0.362	7.246E-39	5	275	376	37805	38611	807	37400	38659
190103053	1	254	1.243E-65	1	37400	38653	842	254	0.365	2.266E-69	18	422	428	37400	38653	1254	37400	38659
190119744	1	126	4.230E-27	1	18668	19348	449	126	0.338	6.386E-28	17	244	305	18668	19348	681	18665	19423
190147344	1	96	4.542E-18	1	18701	19306	449	96	0.294	7.127E-18	0	214	219	18701	19306	606	18665	19423
190147951	1	65	9.753E-09	1	18836	19111	449	65	0.394	1.676E-07	23	114	125	18836	19111	276	18665	19423
190151376	-1	104	1.774E-20	1	29125	29526	1269	104	0.425	7.547E-22	84	218	259	-29526	-29125	402	29547	29089
190152291	1	96	4.542E-18	1	18701	19111	449	96	0.383	7.127E-18	0	143	192	18701	19111	411	18665	19423
190154687	-1	275	5.927E-72	1	42760	43602	983	275	0.516	1.420E-78	197	479	484	-43602	-42760	843	43611	42748
190155328	1	237	1.629E-60	1	37400	38647	842	237	0.349	1.415E-63	18	431	492	37400	38647	1248	37400	38659
190198651	-1	123	3.384E-26	2	28215	28878	1282	91	0.393	8.714E-17	2	129	240	-28878	-28486	393	28929	28360
190198651	-1	123	3.384E-26	2	28215	28878	1286	53	0.430	4.790E-05	152	217	240	-28406	-28215	192	28451	28119
190199870	-1	182	5.870E-44	1	43754	44512	971	182	0.409	2.576E-46	53	295	302	-44512	-43754	759	44518	43625
190205583	-1	254	1.243E-65	1	42802	43611	983	254	0.496	2.393E-71	21	295	512	-43611	-42802	810	43611	42748
190213389	-1	140	2.582E-31	1	43036	43611	983	140	0.406	3.698E-32	63	257	261	-43611	-43036	576	43611	42748
190214041	-1	160	2.462E-37	1	42769	43377	983	160	0.431	6.813E-39	0	205	211	-43377	-42769	609	43611	42748
190220264	-1	240	2.037E-61	1	19979	21292	1449	240	0.338	6.251E-64	299	738	756	-21292	-19979	1314	21310	19952
190241976	-1	171	1.202E-40	2	28996	29547	1269	143	0.512	2.159E-35	54	200	247	-29547	-29107	441	29547	29089
190241976	-1	171	1.202E-40	2	28996	29547	1273	34	0.548	1.659E+01	208	237	247	-29085	-28996	90	29085	28933
190252035	1	341	8.033E-92	2	36040	38395	820	232	0.375	6.683E-62	130	486	926	36040	37137	1098	36037	37251
190252035	1	341	8.033E-92	2	36040	38395	842	216	0.382	2.555E-56	595	925	926	37400	38395	996	37400	38659
190258038	1	236	3.259E-60	1	37400	38629	842	236	0.351	4.890E-63	60	463	563	37400	38629	1230	37400	38659
190261688	1	137	2.065E-30	1	37970	38611	842	137	0.374	1.105E-29	0	211	303	37970	38611	642	37400	38659
190261855	1	192	5.733E-47	1	37400	38353	842	192	0.362	3.687E-48	208	525	529	37400	38353	954	37400	38659
190275488	-1	135	8.261E-30	2	28143	28887	1282	93	0.360	1.346E-17	0	147	251	-28887	-28432	456	28929	28360
190275488	-1	135	8.261E-30	2	28143	28887	1286	55	0.371	9.912E-06	162	245	251	-28382	-28143	240	28451	28119
190307094	1	84	1.860E-14	1	36601	37146	820	84	0.298	8.454E-13	3	174	320	36601	37146	546	36037	37251
190574791	-1	186	3.669E-45	1	20348	21091	1449	186	0.422	8.663E-46	93	330	361	-21091	-20348	744	21310	19952
190576529	-1	253	2.486E-65	1	19961	21262	1449	253	0.350	1.691E-68	318	759	771	-21262	-19961	1302	21310	19952
190795434	-1	254	1.243E-65	1	19961	21262	1449	254	0.350	1.241E-68	318	760	772	-21262	-19961	1302	21310	19952
190880523	-1	237	1.629E-60	1	19961	21262	1449	237	0.335	3.989E-63	323	765	772	-21262	-19961	1302	21310	19952
190994579	-1	253	2.486E-65	1	19973	21262	1449	253	0.350	2.305E-68	76	517	526	-21262	-19973	1290	21310	19952
191051739	-1	524	6.552E-147	2	20087	24164	1377	239	0.681	1.145E-67	55	228	632	-24164	-23646	519	24206	23613
191051739	-1	524	6.552E-147	2	20087	24164	1449	285	0.414	2.797E-79	228	605	632	-21262	-20087	1176	21310	19952
191161530	-1	149	5.042E-34	2	2959	3596	1811	61	0.347	2.371E-07	78	180	273	-3596	-3294	303	3710	3294
191161530	-1	149	5.042E-34	2	2959	3596	1817	94	0.514	3.864E-19	174	268	273	-3234	-2959	276	3270	2932
193041166	-1	70	3.048E-10	1	2953	3264	1817	70	0.382	6.640E-11	91	194	200	-3264	-2953	312	3270	2932
193998354	-1	69	6.096E-10	1	2956	3270	1817	69	0.367	1.712E-10	87	194	198	-3270	-2956	315	3270	2932
195107732	1	205	6.998E-51	2	18422	19342	439	62	0.410	4.287E-08	74	155	442	18422	18661	240	18359	18661
195107732	1	205	6.998E-51	2	18422	19342	449	144	0.363	3.925E-34	158	393	442	18668	19342	675	18665	19423
195680866	-1	163	3.078E-38	2	28717	29544	1269	134	0.471	3.043E-32	107	259	397	-29544	-29089	456	29547	29089
195680866	-1	163	3.078E-38	2	28717	29544	1282	81	0.575	1.505E-13	313	383	397	-28929	-28717	213	28929	28360
195680984	-1	175	7.514E-42	2	28717	29544	1269	145	0.503	3.255E-36	120	272	401	-29544	-29089	456	29547	29089
195680984	-1	175	7.514E-42	2	28717	29544	1282	82	0.577	1.104E-13	326	396	401	-28929	-28717	213	28929	28360
195681527	-1	260	1.942E-67	3	28690	29544	1269	143	0.495	2.959E-35	107	259	405	-29544	-29089	456	29547	29089
195681527	-1	260	1.942E-67	3	28690	29544	1273	36	0.415	4.579E+00	266	310	405	-29070	-28936	135	29085	28933
195681527	-1	260	1.942E-67	3	28690	29544	1282	87	0.552	1.953E-15	313	392	405	-28929	-28690	240	28929	28360
195682109	-1	274	1.185E-71	3	28651	29544	1269	143	0.495	2.959E-35	107	259	414	-29544	-29089	456	29547	29089
195682109	-1	274	1.185E-71	3	28651	29544	1273	37	0.422	2.407E+00	266	310	414	-29070	-28936	135	29085	28933
195682109	-1	274	1.185E-71	3	28651	29544	1282	100	0.547	9.178E-20	313	405	414	-28929	-28651	279	28929	28360
195682146	-1	262	4.856E-68	3	28708	29544	1269	143	0.495	2.959E-35	107	259	407	-29544	-29089	456	29547	29089
195682146	-1	262	4.856E-68	3	28708	29544	1273	36	0.415	4.579E+00	266	310	407	-29070	-28936	135	29085	28933
195682146	-1	262	4.856E-68	3	28708	29544	1282	89	0.597	5.633E-16	313	386	407	-28929	-28708	222	28929	28360
195709829	-1	98	1.135E-18	1	28492	28929	1282	98	0.383	4.367E-19	50	192	257	-28929	-28492	438	28929	28360
195728043	-1	82	7.441E-14	1	28624	28929	1282	82	0.435	1.104E-13	63	164	172	-28929	-28624	306	28929	28360
195735899	-1	101	1.419E-19	1	28546	28929	1282	101	0.432	3.599E-20	48	175	191	-28929	-28546	384	28929	28360
195881331	1	203	2.799E-50	1	37400	38638	842	203	0.316	4.937E-52	306	694	794	37400	38638	1239	37400	38659
196091962	1	230	2.085E-58	1	37505	38563	842	230	0.382	5.095E-61	0	350	450	37505	38563	1059	37400	38659
196117746	1	219	4.271E-55	1	37574	38605	842	219	0.376	2.940E-57	0	342	453	37574	38605	1032	37400	38659
197050052	-1	167	1.924E-39	1	43628	44359	971	167	0.394	3.526E-41	3	235	249	-44359	-43628	732	44518	43625
197242768	1	158	9.848E-37	1	36217	37020	820	158	0.355	4.843E-37	240	505	506	36217	37020	804	36037	37251
197374152	-1	158	9.848E-37	1	42871	43611	983	158	0.367	3.223E-38	198	452	462	-43611	-42871	741	43611	42748
197483124	1	241	1.018E-61	1	37400	38638	842	241	0.355	6.373E-65	60	469	564	37400	38638	1239	37400	38659
197861333	1	85	9.302E-15	2	17527	18366	424	60	0.385	4.639E-07	98	183	444	17527	17787	261	17395	17787
197861333	1	85	9.302E-15	2	17527	18366	436	70	0.301	1.315E-09	230	376	444	17926	18366	441	17926	18474
198656147	1	88	1.163E-15	1	18776	19111	449	88	0.410	5.897E-15	0	118	121	18776	19111	336	18665	19423
198767749	1	239	4.073E-61	1	37400	38608	842	239	0.358	4.096E-64	57	451	490	37400	38608	1209	37400	38659
199117665	1	249	3.978E-64	1	37514	38608	842	249	0.394	1.753E-67	5	370	371	37514	38608	1095	37400	38659
199162276	-1	120	2.707E-25	2	2938	3473	1811	49	0.442	3.685E-03	46	103	196	-3473	-3303	171	3710	3294
199162276	-1	120	2.707E-25	2	2938	3473	1817	75	0.414	2.057E-12	99	194	196	-3234	-2938	297	3270	2932
199513800	1	237	1.629E-60	1	37451	38593	842	237	0.371	1.415E-63	5	385	456	37451	38593	1143	37400	38659
199559384	-1	258	7.769E-67	1	19973	21262	1449	258	0.354	3.015E-70	329	772	781	-21262	-19973	1290	21310	19952
200306487	1	247	1.591E-63	1	37514	38596	842	247	0.395	8.276E-67	5	366	513	37514	38596	1083	37400	38659
200684230	1	144	1.614E-32	1	38093	38605	842	144	0.458	3.668E-32	10	180	286	38093	38605	513	37400	38659
201436137	-1	69	6.096E-10	1	2950	3213	1817	69	0.424	2.348E-10	76	163	164	-3213	-2950	264	3270	2932
201872960	-1	182	5.870E-44	1	43667	44518	971	182	0.376	2.576E-46	175	447	549	-44518	-43667	852	44518	43625
202004466	-1	897	3.406E-259	3	19961	24562	1364	144	0.645	2.450E-35	28	136	758	-24562	-24230	333	24742	24230
202004466	-1	897	3.406E-259	3	19961	24562	1377	271	0.756	6.817E-79	136	310	758	-24167	-23646	522	24206	23613
202004466	-1	897	3.406E-259	3	19961	24562	1449	482	0.566	4.554E-147	310	753	758	-21262	-19961	1302	21310	19952
202428046	1	286	2.894E-75	1	37400	38638	842	286	0.400	3.483E-80	18	423	518	37400	38638	1239	37400	38659
202935780	-1	261	9.711E-68	1	19973	21262	1449	261	0.357	3.443E-71	324	767	776	-21262	-19973	1290	21310	19952
203222696	1	164	1.539E-38	1	37400	38221	842	164	0.359	7.246E-39	57	322	337	37400	38221	822	37400	38659
203287891	-1	242	5.092E-62	1	19961	21262	1449	242	0.339	9.786E-65	338	780	787	-21262	-19961	1302	21310	19952
203335267	1	172	6.011E-41	1	37400	38611	842	172	0.288	1.637E-41	65	379	394	37400	38611	1212	37400	38659
204402725	-1	240	2.037E-61	1	19979	21292	1449	240	0.339	4.589E-64	299	738	756	-21292	-19979	1314	21310	19952
204437732	-1	209	4.374E-52	1	43628	44215	971	209	0.554	1.141E-55	6	201	243	-44215	-43628	588	44518	43625
204458108	1	79	5.953E-13	1	36910	37137	820	79	0.525	3.499E-11	0	76	135	36910	37137	228	36037	37251
204468604	-1	167	1.924E-39	2	28293	28887	1282	125	0.446	1.845E-28	0	151	196	-28887	-28429	459	28929	28360
204468604	-1	167	1.924E-39	2	28293	28887	1286	47	0.606	1.007E-02	158	194	196	-28403	-28293	111	28451	28119
204481169	1	280	1.852E-73	2	35176	36037	789	63	0.621	1.093E-07	0	48	469	35176	35322	147	34978	35409
204481169	1	280	1.852E-73	2	35176	36037	801	226	0.577	1.879E-62	39	237	469	35432	36037	606	35321	36073
204484163	1	106	4.435E-21	1	18701	19348	449	106	0.312	3.298E-21	4	216	262	18701	19348	648	18665	19423
204487653	-1	72	7.620E-11	1	28125	28400	1286	72	0.416	2.374E-11	88	181	184	-28400	-28125	276	28451	28119
204531157	1	270	1.897E-70	1	37517	38641	842	270	0.409	8.975E-75	91	468	546	37517	38641	1125	37400	38659
204534353	1	94	1.817E-17	1	18668	19237	449	94	0.306	6.069E-17	10	205	298	18668	19237	570	18665	19423
204566560	1	68	1.219E-09	1	17926	18234	436	68	0.373	6.142E-09	47	149	150	17926	18234	309	17926	18474
204583356	-1	167	1.924E-39	1	43637	44419	971	167	0.376	2.584E-41	6	259	448	-44419	-43637	783	44518	43625
204589914	-1	64	1.951E-08	1	28275	28412	1286	64	0.669	9.592E-09	41	86	88	-28412	-28275	138	28451	28119
204630414	1	132	6.609E-29	1	38063	38599	842	132	0.414	4.004E-28	0	178	237	38063	38599	537	37400	38659
204630761	1	205	6.998E-51	1	37658	38569	842	205	0.389	1.960E-52	0	305	317	37658	38569	912	37400	38659
204630928	1	139	5.163E-31	1	38006	38569	842	139	0.415	2.466E-30	4	190	202	38006	38569	564	37400	38659
204630932	-1	233	2.607E-59	2	28125	28929	1282	145	0.468	2.817E-35	23	187	305	-28929	-28429	501	28929	28360
204630932	-1	233	2.607E-59	2	28125	28929	1286	96	0.539	9.999E-20	197	287	305	-28394	-28125	270	28451	28119
204632088	-1	91	1.453E-16	1	28125	28412	1286	91	0.491	4.447E-18	41	137	140	-28412	-28125	288	28451	28119
204644831	1	250	1.989E-64	1	37400	38563	842	250	0.380	5.062E-68	18	399	430	37400	38563	1164	37400	38659
204645776	1	273	2.371E-71	1	37400	38638	842	273	0.387	7.439E-76	244	653	748	37400	38638	1239	37400	38659
204661336	-1	87	2.325E-15	1	28128	28409	1286	87	0.484	1.441E-16	4	97	101	-28409	-28128	282	28451	28119
204661712	-1	184	1.468E-44	3	28221	29547	1269	124	0.446	8.030E-29	156	307	630	-29547	-29095	453	29547	29089
204661712	-1	184	1.468E-44	3	28221	29547	1282	97	0.382	5.965E-19	363	505	630	-28929	-28492	438	28929	28360
204661712	-1	184	1.468E-44	3	28221	29547	1286	42	0.369	5.943E-01	532	593	630	-28403	-28221	183	28451	28119
204675058	1	70	3.048E-10	1	17980	18384	436	70	0.314	7.094E-10	51	189	211	17980	18384	405	17926	18474
204687040	1	63	3.901E-08	1	18668	18919	449	63	0.403	1.336E-06	28	112	114	18668	18919	252	18665	19423
204697718	-1	144	1.614E-32	1	42910	43380	983	144	0.481	1.674E-33	46	205	276	-43380	-42910	471	43611	42748
204715458	1	72	7.620E-11	1	18884	19282	449	72	0.329	7.774E-10	0	126	198	18884	19282	399	18665	19423
204726754	-1	166	3.847E-39	1	42784	43611	983	166	0.342	4.700E-41	31	327	347	-43611	-42784	828	43611	42748
204730537	-1	286	2.894E-75	1	19955	21307	1449	286	0.376	1.101E-79	115	558	561	-21307	-19955	1353	21310	19952
204733282	-1	233	2.607E-59	1	42760	43611	983	233	0.449	2.898E-64	93	379	385	-43611	-42760	852	43611	42748
204738187	-1	98	1.135E-18	1	28486	28929	1282	98	0.382	2.340E-19	64	208	225	-28929	-28486	444	28929	28360
204745083	-1	221	1.068E-55	1	42805	43476	983	221	0.512	6.557E-60	0	228	340	-43476	-42805	672	43611	42748
204812529	1	246	3.182E-63	2	36109	37915	820	214	0.370	5.549E-56	193	530	970	36109	37140	1032	36037	37251
204812529	1	246	3.182E-63	2	36109	37915	842	137	0.438	1.105E-29	637	802	970	37400	37915	516	37400	38659
204816102	-1	344	1.004E-92	2	42787	44518	971	169	0.346	7.451E-42	171	456	769	-44518	-43628	891	44518	43625
204816102	-1	344	1.004E-92	2	42787	44518	983	174	0.354	9.273E-44	458	753	769	-43611	-42787	825	43611	42748
204819928	-1	247	1.591E-63	1	19979	21310	1449	247	0.342	2.393E-66	292	738	764	-21310	-19979	1332	21310	19952
204822788	-1	399	2.787E-109	2	42787	44518	971	203	0.394	1.693E-53	92	377	671	-44518	-43628	891	44518	43625
204822788	-1	399	2.787E-109	2	42787	44518	983	195	0.401	4.452E-51	379	657	671	-43611	-42787	825	43611	42748
205052967	-1	242	5.092E-62	1	19961	21262	1449	242	0.339	9.786E-65	323	765	772	-21262	-19961	1302	21310	19952
205085763	-1	338	6.426E-91	1	19961	21310	1449	338	0.425	1.499E-97	299	747	776	-21310	-19961	1350	21310	19952
205105306	-1	247	1.591E-63	1	20102	21262	1449	247	0.369	2.393E-66	311	709	752	-21262	-20102	1161	21310	19952
205302276	-1	264	1.214E-68	1	19961	21262	1449	264	0.358	3.929E-72	321	767	772	-21262	-19961	1302	21310	19952
205312830	-1	254	1.243E-65	1	19961	21262	1449	254	0.350	9.104E-69	319	761	773	-21262	-19961	1302	21310	19952
205380444	-1	237	1.629E-60	1	19961	21262	1449	237	0.334	7.399E-63	323	765	772	-21262	-19961	1302	21310	19952
205388762	-1	236	3.259E-60	1	19961	21262	1449	236	0.334	1.372E-62	315	756	768	-21262	-19961	1302	21310	19952
205427007	-1	353	1.961E-95	1	19961	21304	1449	353	0.441	7.665E-103	301	747	776	-21304	-19961	1344	21310	19952
205471612	-1	240	2.037E-61	1	19961	21262	1449	240	0.336	4.589E-64	323	767	774	-21262	-19961	1302	21310	19952
205606753	-1	242	5.092E-62	1	19961	21262	1449	242	0.339	9.786E-65	324	767	775	-21262	-19961	1302	21310	19952
205614082	-1	254	1.243E-65	1	19961	21262	1449	254	0.350	1.241E-68	320	762	774	-21262	-19961	1302	21310	19952
205639270	-1	246	3.182E-63	1	19976	21262	1449	246	0.346	3.261E-66	321	758	776	-21262	-19976	1287	21310	19952
207167470	-1	113	3.465E-23	2	2956	3473	1811	41	0.389	1.759E+00	58	114	209	-3473	-3309	165	3710	3294
207167470	-1	113	3.465E-23	2	2956	3473	1817	71	0.426	4.842E-11	116	205	209	-3225	-2956	270	3270	2932
210222444	-1	143	3.227E-32	2	28654	29070	1273	37	0.422	2.407E+00	90	134	229	-29070	-28936	135	29085	28933
210222444	-1	143	3.227E-32	2	28654	29070	1282	107	0.587	2.429E-22	137	228	229	-28929	-28654	276	28929	28360
210222482	-1	252	4.972E-65	3	28717	29544	1269	141	0.489	1.431E-34	107	259	385	-29544	-29089	456	29547	29089
210222482	-1	252	4.972E-65	3	28717	29544	1273	36	0.415	4.579E+00	266	310	385	-29070	-28936	135	29085	28933
210222482	-1	252	4.972E-65	3	28717	29544	1282	81	0.573	2.052E-13	313	383	385	-28929	-28717	213	28929	28360
210223131	-1	175	7.514E-42	2	28717	29544	1269	145	0.503	3.255E-36	146	298	427	-29544	-29089	456	29547	29089
210223131	-1	175	7.514E-42	2	28717	29544	1282	82	0.577	1.104E-13	352	422	427	-28929	-28717	213	28929	28360
210223264	-1	283	2.315E-74	3	28645	29544	1269	143	0.495	2.959E-35	240	392	563	-29544	-29089	456	29547	29089
210223264	-1	283	2.315E-74	3	28645	29544	1273	37	0.422	2.407E+00	399	443	563	-29070	-28936	135	29085	28933
210223264	-1	283	2.315E-74	3	28645	29544	1282	109	0.580	5.088E-23	446	540	563	-28929	-28645	285	28929	28360
210269302	-1	167	1.924E-39	2	28486	29547	1269	120	0.436	2.568E-27	55	205	457	-29547	-29098	450	29547	29089
210269302	-1	167	1.924E-39	2	28486	29547	1282	102	0.392	1.411E-20	262	406	457	-28929	-28486	444	28929	28360
210275889	-1	204	1.400E-50	2	28137	28929	1282	129	0.472	5.857E-30	53	198	318	-28929	-28489	441	28929	28360
210275889	-1	204	1.400E-50	2	28137	28929	1286	96	0.539	9.999E-20	221	311	318	-28409	-28137	273	28451	28119
210927345	1	70	3.048E-10	1	17929	18369	436	70	0.298	1.315E-09	28	176	180	17929	18369	441	17926	18474
211445833	-1	76	4.762E-12	1	2935	3255	1817	76	0.390	1.093E-12	96	204	205	-3255	-2935	321	3270	2932
211595160	-1	215	6.834E-54	2	28140	28929	1282	122	0.411	1.656E-27	80	243	345	-28929	-28429	501	28929	28360
211595160	-1	215	6.834E-54	2	28140	28929	1286	92	0.507	2.363E-18	244	337	345	-28421	-28140	282	28451	28119
211905872	1	96	4.542E-18	1	17932	18459	436	96	0.326	8.783E-19	108	290	333	17932	18459	528	17926	18474
212664319	1	82	7.441E-14	1	18737	19252	449	82	0.304	4.142E-13	4	173	253	18737	19252	516	18665	19423
213252053	1	93	3.633E-17	1	18668	19060	449	93	0.389	1.518E-16	22	156	161	18668	19060	393	18665	19423
213316200	1	153	3.152E-35	1	38015	38626	842	153	0.419	4.793E-35	10	214	313	38015	38626	612	37400	38659
213542746	1	257	1.554E-66	2	36898	38638	820	98	0.533	2.540E-17	0	94	624	36898	37167	270	36037	37251
213542746	1	257	1.554E-66	2	36898	38638	842	251	0.364	3.711E-68	188	597	624	37400	38638	1239	37400	38659
213746367	-1	401	6.968E-110	2	42766	44485	971	184	0.379	2.908E-47	379	656	949	-44485	-43628	858	44518	43625
213746367	-1	401	6.968E-110	2	42766	44485	983	216	0.424	3.843E-58	658	943	949	-43611	-42766	846	43611	42748
213959990	1	141	1.291E-31	1	38075	38650	842	141	0.414	4.069E-31	14	200	296	38075	38650	576	37400	38659
214055326	-1	171	1.202E-40	2	28140	28860	1282	120	0.440	1.086E-26	8	155	252	-28860	-28414	447	28929	28360
214055326	-1	171	1.202E-40	2	28140	28860	1286	65	0.454	3.720E-09	171	246	252	-28364	-28140	225	28451	28119
214534098	1	372	3.741E-101	2	37754	38852	842	329	0.581	5.779E-95	1	292	385	37754	38620	867	37400	38659
214534098	1	372	3.741E-101	2	37754	38852	844	74	0.780	2.949E-13	325	369	385	38718	38852	135	38667	38855
214580097	1	71	1.524E-10	1	18875	19279	449	71	0.322	1.910E-09	5	136	188	18875	19279	405	18665	19423
214739609	-1	118	1.083E-24	1	28522	28929	1282	118	0.467	3.801E-26	103	238	239	-28929	-28522	408	28929	28360
214848047	1	242	5.092E-62	1	37400	38626	842	242	0.358	4.673E-65	162	567	666	37400	38626	1227	37400	38659
215121205	-1	327	1.316E-87	2	42766	44203	971	159	0.478	1.289E-38	0	178	503	-44203	-43667	537	44518	43625
215121205	-1	327	1.316E-87	2	42766	44203	983	180	0.351	8.636E-46	192	502	503	-43611	-42766	846	43611	42748
215594263	1	151	1.261E-34	1	38027	38605	842	151	0.434	2.174E-34	19	210	316	38027	38605	579	37400	38659
216014312	-1	250	1.989E-64	1	19961	21262	1449	250	0.347	2.743E-67	314	755	768	-21262	-19961	1302	21310	19952
216174766	1	282	4.631E-74	2	37157	38383	823	70	0.490	2.892E-11	92	165	793	37157	37378	222	37139	37396
216174766	1	282	4.631E-74	2	37157	38383	842	218	0.388	4.004E-57	173	494	793	37400	38383	984	37400	38659
216431670	-1	267	1.517E-69	1	19955	21262	1449	267	0.360	4.481E-73	325	771	774	-21262	-19955	1308	21310	19952
216923193	-1	847	3.834E-244	3	19961	24562	1364	144	0.645	2.450E-35	28	136	734	-24562	-24230	333	24742	24230
216923193	-1	847	3.834E-244	3	19961	24562	1377	225	0.723	5.145E-63	134	286	734	-24101	-23646	456	24206	23613
216923193	-1	847	3.834E-244	3	19961	24562	1449	480	0.564	1.598E-146	286	729	734	-21262	-19961	1302	21310	19952
217091668	-1	165	7.694E-39	1	43661	44515	971	165	0.350	1.668E-40	239	497	510	-44515	-43661	855	44518	43625
217482522	1	113	3.465E-23	1	18668	19348	449	113	0.316	1.281E-23	35	261	293	18668	19348	681	18665	19423
217533439	-1	415	4.253E-114	4	28119	29544	1269	161	0.549	1.080E-41	331	482	801	-29544	-29089	456	29547	29089
217533439	-1	415	4.253E-114	4	28119	29544	1273	45	0.469	2.857E-03	485	533	801	-29082	-28936	147	29085	28933
217533439	-1	415	4.253E-114	4	28119	29544	1282	139	0.454	2.289E-33	536	701	801	-28929	-28429	501	28929	28360
217533439	-1	415	4.253E-114	4	28119	29544	1286	78	0.454	2.074E-13	710	800	801	-28388	-28119	270	28451	28119
217932675	-1	170	2.404E-40	2	28245	28929	1282	130	0.430	4.280E-30	14	180	246	-28929	-28429	501	28929	28360
217932675	-1	170	2.404E-40	2	28245	28929	1286	49	0.507	1.116E-03	191	239	246	-28391	-28245	147	28451	28119
218419092	1	83	3.721E-14	1	36040	37140	820	83	0.204	1.501E-12	60	424	577	36040	37140	1101	36037	37251
218918579	1	146	4.034E-33	2	13131	13751	318	66	0.583	4.184E-10	0	55	179	13131	13298	168	13107	13331
218918579	1	146	4.034E-33	2	13131	13751	326	88	0.367	1.750E-16	65	177	179	13335	13751	417	13335	13751
218924203	1	77	2.381E-12	1	18851	19279	449	77	0.327	2.848E-11	11	151	229	18851	19279	429	18665	19423
218924812	1	98	1.135E-18	1	18806	19366	449	98	0.322	1.540E-18	0	189	198	18806	19366	561	18665	19423
218965276	1	131	1.322E-28	1	36712	37110	820	131	0.515	7.426E-28	1	133	157	36712	37110	399	36037	37251
219002080	1	396	2.230E-108	2	36040	38635	820	200	0.340	3.741E-51	95	398	899	36040	37128	1089	36037	37251
219002080	1	396	2.230E-108	2	36040	38635	842	216	0.346	3.480E-56	420	802	899	37490	38635	1146	37400	38659
219008880	1	491	5.628E-137	3	36616	38638	820	170	0.512	6.978E-41	25	199	813	36616	37140	525	36037	37251
219008880	1	491	5.628E-137	3	36616	38638	823	87	0.623	3.438E-17	234	302	813	37181	37387	207	37139	37396
219008880	1	491	5.628E-137	3	36616	38638	842	270	0.384	1.225E-74	307	718	813	37400	38638	1239	37400	38659
219034277	1	310	1.725E-82	2	36040	37396	820	250	0.393	5.691E-68	23	382	674	36040	37146	1107	36037	37251
219034277	1	310	1.725E-82	2	36040	37396	823	83	0.533	5.970E-16	407	486	674	37157	37396	240	37139	37396
219034874	-1	235	6.517E-60	1	42760	43476	983	235	0.512	8.271E-65	0	243	248	-43476	-42760	717	43611	42748
219075685	1	67	2.438E-09	1	18875	19240	449	67	0.331	3.787E-08	4	124	209	18875	19240	366	18665	19423
219087020	-1	242	5.092E-62	1	19988	21298	1449	242	0.337	9.786E-65	296	743	769	-21298	-19988	1311	21310	19952
219096963	-1	116	4.331E-24	1	43054	43377	983	116	0.550	5.351E-24	0	107	112	-43377	-43054	324	43611	42748
219114896	1	353	1.961E-95	2	36040	38599	820	202	0.339	1.090E-51	239	591	1199	36040	37143	1104	36037	37251
219114896	1	353	1.961E-95	2	36040	38599	842	256	0.378	6.539E-70	698	1096	1199	37400	38599	1200	37400	38659
219130216	-1	212	5.467E-53	3	28119	29085	1273	51	0.512	2.356E-05	126	175	415	-29085	-28936	150	29085	28933
219130216	-1	212	5.467E-53	3	28119	29085	1282	119	0.425	2.032E-26	178	328	415	-28929	-28465	465	28929	28360
219130216	-1	212	5.467E-53	3	28119	29085	1286	59	0.409	4.233E-07	346	414	415	-28355	-28119	237	28451	28119
219132882	1	122	6.768E-26	1	36142	36924	820	122	0.303	5.312E-25	186	432	433	36142	36924	783	36037	37251
219162246	1	59	6.242E-07	1	18419	18637	439	59	0.422	3.928E-07	0	74	128	18419	18637	219	18359	18661
219171899	1	141	1.291E-31	1	38027	38611	842	141	0.409	4.069E-31	3	196	297	38027	38611	585	37400	38659
219172737	-1	255	6.215E-66	3	28128	29070	1273	36	0.515	4.579E+00	126	159	437	-29070	-28969	102	29085	28933
219172737	-1	255	6.215E-66	3	28128	29070	1282	145	0.469	2.057E-35	173	335	437	-28929	-28429	501	28929	28360
219172737	-1	255	6.215E-66	3	28128	29070	1286	89	0.496	1.576E-17	340	433	437	-28409	-28128	282	28451	28119
219172802	-1	92	7.267E-17	1	28119	28403	1286	92	0.501	1.722E-18	44	139	140	-28403	-28119	285	28451	28119
219186952	1	274	1.185E-71	1	37400	38638	842	274	0.388	5.448E-76	244	653	748	37400	38638	1239	37400	38659
219187484	1	253	2.486E-65	1	37400	38650	842	253	0.364	7.852E-69	98	507	514	37400	38650	1251	37400	38659
219187664	1	171	1.202E-40	1	36106	37014	820	171	0.346	2.054E-41	204	490	491	36106	37014	909	36037	37251
219202679	1	79	5.953E-13	1	18806	19372	449	79	0.279	6.303E-12	0	187	205	18806	19372	567	18665	19423
219203571	1	83	3.721E-14	1	18806	19366	449	83	0.288	3.060E-13	0	188	200	18806	19366	561	18665	19423
219230368	1	102	7.097E-20	1	18701	19348	449	102	0.302	1.322E-19	0	216	266	18701	19348	648	18665	19423
219234018	1	170	2.404E-40	2	18437	19348	439	55	0.402	6.771E-06	37	111	391	18437	18661	225	18359	18661
219234018	1	170	2.404E-40	2	18437	19348	449	116	0.319	2.005E-24	114	341	391	18668	19348	681	18665	19423
219239224	1	78	1.191E-12	1	36910	37149	820	78	0.501	1.096E-10	0	79	91	36910	37149	240	36037	37251
219280252	-1	85	9.302E-15	1	28546	28878	1282	85	0.422	6.765E-15	2	112	118	-28878	-28546	333	28929	28360
219280391	1	261	9.711E-68	1	37400	38620	842	261	0.378	1.569E-71	0	401	484	37400	38620	1221	37400	38659
219280509	-1	58	1.248E-06	1	28140	28406	1286	58	0.367	1.091E-06	79	168	177	-28406	-28140	267	28451	28119
219282257	-1	56	4.994E-06	1	28149	28400	1286	56	0.364	7.232E-06	14	100	102	-28400	-28149	252	28451	28119
219283424	1	188	9.172E-46	1	36040	37080	820	188	0.335	7.115E-47	104	451	452	36040	37080	1041	36037	37251
219289048	-1	182	5.870E-44	1	43628	44488	971	182	0.374	1.887E-46	63	343	501	-44488	-43628	861	44518	43625
219292369	1	66	4.877E-09	1	37220	37381	823	66	0.604	5.034E-10	2	55	105	37220	37381	162	37139	37396
219293795	-1	95	9.084E-18	1	28441	28875	1282	95	0.377	3.871E-18	14	157	202	-28875	-28441	435	28929	28360
219296910	1	149	5.042E-34	1	37970	38605	842	149	0.401	9.843E-34	0	209	324	37970	38605	636	37400	38659
219356947	-1	347	1.255E-93	2	42787	44518	971	169	0.346	7.451E-42	40	325	638	-44518	-43628	891	44518	43625
219356947	-1	347	1.255E-93	2	42787	44518	983	177	0.358	1.046E-44	327	622	638	-43611	-42787	825	43611	42748
219358336	-1	131	1.322E-28	1	43066	43611	983	131	0.407	3.308E-29	97	278	302	-43611	-43066	546	43611	42748
219370147	-1	242	5.092E-62	1	43628	44518	971	242	0.450	5.931E-67	253	540	554	-44518	-43628	891	44518	43625
219387744	1	151	1.261E-34	2	18422	19348	439	61	0.436	1.108E-07	102	175	443	18422	18637	216	18359	18661
219387744	1	151	1.261E-34	2	18422	19348	449	100	0.290	6.135E-19	187	413	443	18668	19348	681	18665	19423
219397138	-1	192	5.733E-47	3	28119	29085	1273	46	0.472	1.094E-03	1	50	330	-29085	-28936	150	29085	28933
219397138	-1	192	5.733E-47	3	28119	29085	1282	133	0.486	2.540E-31	53	198	330	-28929	-28492	438	28929	28360
219397138	-1	192	5.733E-47	3	28119	29085	1286	58	0.377	1.495E-06	244	329	330	-28373	-28119	255	28451	28119
219759177	-1	247	1.591E-63	1	19961	21262	1449	247	0.345	1.756E-66	324	764	776	-21262	-19961	1302	21310	19952
219771515	-1	56	4.994E-06	1	2959	3195	1817	56	0.361	7.785E-06	0	87	149	-3195	-2959	237	3270	2932
219796482	-1	245	6.364E-63	1	19976	21262	1449	245	0.346	8.247E-66	56	490	508	-21262	-19976	1287	21310	19952
219810953	-1	258	7.769E-67	1	19973	21262	1449	258	0.354	3.015E-70	329	772	781	-21262	-19973	1290	21310	19952
219850629	-1	255	6.215E-66	1	19973	21262	1449	255	0.351	3.595E-69	329	772	781	-21262	-19973	1290	21310	19952
219908350	-1	236	3.259E-60	1	19961	21262	1449	236	0.334	1.372E-62	318	759	771	-21262	-19961	1302	21310	19952
219919444	-1	237	1.629E-60	1	20168	21262	1449	237	0.375	5.433E-63	316	689	696	-21262	-20168	1095	21310	19952
219919732	-1	258	7.769E-67	1	19955	21262	1449	258	0.353	3.015E-70	282	726	736	-21262	-19955	1308	21310	19952
219940014	-1	349	3.138E-94	1	19961	21304	1449	349	0.437	3.259E-101	263	683	709	-21304	-19961	1344	21310	19952
219955378	-1	250	1.989E-64	1	19961	21262	1449	250	0.347	2.013E-67	315	756	768	-21262	-19961	1302	21310	19952
220028151	-1	250	1.989E-64	1	19961	21262	1449	250	0.348	2.743E-67	316	754	759	-21262	-19961	1302	21310	19952
220033885	-1	239	4.073E-61	1	19961	21262	1449	239	0.336	1.160E-63	323	765	772	-21262	-19961	1302	21310	19952
220162159	-1	357	1.226E-96	1	19961	21304	1449	357	0.445	3.365E-104	306	752	784	-21304	-19961	1344	21310	19952
220202752	-1	250	1.989E-64	1	19979	21262	1449	250	0.351	1.477E-67	323	758	778	-21262	-19979	1284	21310	19952
224492586	-1	174	1.503E-41	2	28492	29517	1269	126	0.477	1.213E-29	27	168	417	-29517	-29095	423	29547	29089
224492586	-1	174	1.503E-41	2	28492	29517	1282	102	0.397	1.032E-20	224	366	417	-28929	-28492	438	28929	28360
224550207	-1	216	3.417E-54	1	43628	44518	971	216	0.414	2.997E-58	27	308	403	-44518	-43628	891	44518	43625
224764991	-1	148	1.008E-33	1	29089	29544	1269	148	0.509	4.907E-37	10	162	287	-29544	-29089	456	29547	29089
224765288	-1	258	7.769E-67	3	28717	29544	1269	143	0.495	2.959E-35	10	162	317	-29544	-29089	456	29547	29089
224765288	-1	258	7.769E-67	3	28717	29544	1273	37	0.422	2.407E+00	169	213	317	-29070	-28936	135	29085	28933
224765288	-1	258	7.769E-67	3	28717	29544	1282	84	0.591	1.717E-14	216	286	317	-28929	-28717	213	28929	28360
224765352	-1	140	2.582E-31	1	29089	29544	1269	140	0.488	1.962E-34	46	198	207	-29544	-29089	456	29547	29089
224768101	-1	167	1.924E-39	1	43628	44203	971	167	0.470	3.526E-41	0	190	204	-44203	-43628	576	44518	43625
224819393	-1	88	1.163E-15	1	28609	28929	1282	88	0.443	1.049E-15	44	150	151	-28929	-28609	321	28929	28360
224874496	1	60	3.121E-07	1	18401	18646	439	60	0.393	2.086E-07	2	85	135	18401	18646	246	18359	18661
225572231	-1	248	7.956E-64	1	19973	21262	1449	248	0.348	6.942E-67	287	724	741	-21262	-19973	1290	21310	19952
225737960	1	85	9.302E-15	1	18755	19252	449	85	0.317	6.713E-14	6	169	249	18755	19252	498	18665	19423
225850653	1	379	2.922E-103	2	36046	38638	820	233	0.375	2.635E-62	131	496	1056	36046	37149	1104	36037	37251
225850653	1	379	2.922E-103	2	36046	38638	842	248	0.362	2.391E-67	600	1006	1056	37400	38638	1239	37400	38659
226521630	1	267	1.517E-69	2	36898	38635	820	98	0.531	3.399E-17	0	94	693	36898	37167	270	36037	37251
226521630	1	267	1.517E-69	2	36898	38635	842	261	0.375	1.150E-71	188	596	693	37400	38635	1236	37400	38659
226572025	-1	144	1.614E-32	1	42949	43611	983	144	0.372	1.228E-33	161	388	401	-43611	-42949	663	43611	42748
226915782	1	203	2.799E-50	1	36199	36723	820	203	0.592	4.318E-52	0	169	178	36199	36723	525	36037	37251
227402338	-1	107	2.218E-21	2	2956	3608	1811	41	0.269	2.390E+00	6	99	199	-3608	-3312	297	3710	3294
227402338	-1	107	2.218E-21	2	2956	3608	1817	67	0.409	8.301E-10	102	191	199	-3225	-2956	270	3270	2932
228058584	-1	160	2.462E-37	1	43667	44203	971	160	0.481	5.078E-39	0	178	343	-44203	-43667	537	44518	43625
228964638	1	68	1.219E-09	1	18875	19291	449	68	0.306	2.811E-08	15	152	222	18875	19291	417	18665	19423
229377761	1	110	2.772E-22	1	18668	19288	449	110	0.324	2.060E-22	0	210	259	18668	19288	621	18665	19423
229717827	-1	342	4.017E-92	2	42766	44518	971	169	0.358	5.460E-42	438	710	1101	-44518	-43667	852	44518	43625
229717827	-1	342	4.017E-92	2	42766	44518	983	185	0.358	1.496E-47	724	1034	1101	-43611	-42766	846	43611	42748
229929451	1	224	1.335E-56	2	36790	38494	820	118	0.520	1.397E-23	5	121	744	36790	37143	354	36037	37251
229929451	1	224	1.335E-56	2	36790	38494	842	211	0.349	1.923E-54	228	595	744	37400	38494	1095	37400	38659
230042090	-1	355	4.903E-96	1	19961	21304	1449	355	0.443	2.196E-103	305	751	781	-21304	-19961	1344	21310	19952
230068305	-1	207	1.749E-51	1	20078	21262	1449	207	0.330	5.809E-53	259	652	710	-21262	-20078	1185	21310	19952
230457836	-1	342	4.017E-92	2	42790	44410	971	164	0.371	3.104E-40	3	252	806	-44410	-43628	783	44518	43625
230457836	-1	342	4.017E-92	2	42790	44410	983	177	0.360	7.661E-45	254	548	806	-43611	-42790	822	43611	42748
230540534	1	228	8.342E-58	1	37400	38644	842	228	0.340	2.395E-60	18	426	514	37400	38644	1245	37400	38659
230643213	1	388	5.708E-106	2	37151	38653	823	96	0.621	1.704E-20	78	154	618	37151	37381	231	37139	37396
230643213	1	388	5.708E-106	2	37151	38653	842	297	0.407	5.619E-84	161	579	618	37400	38653	1254	37400	38659
231258657	-1	174	1.503E-41	1	42766	43611	983	174	0.343	6.790E-44	120	430	431	-43611	-42766	846	43611	42748
231759021	1	139	5.163E-31	1	38012	38551	842	139	0.430	1.353E-30	14	192	316	38012	38551	540	37400	38659
231811123	1	107	2.218E-21	1	18668	19234	449	107	0.337	1.782E-21	15	208	229	18668	19234	567	18665	19423
232307454	1	215	6.834E-54	1	37400	38563	842	215	0.342	6.453E-56	18	404	533	37400	38563	1164	37400	38659
232600551	1	154	1.576E-35	2	37979	38846	842	147	0.383	4.450E-33	3	219	316	37979	38647	669	37400	38659
232600551	1	154	1.576E-35	2	37979	38846	844	39	0.441	8.633E-01	253	297	316	38715	38846	132	38667	38855
232646166	1	297	1.413E-78	1	37400	38611	842	297	0.419	4.113E-84	130	529	595	37400	38611	1212	37400	38659
233440582	1	138	1.033E-30	1	36712	37110	820	138	0.539	2.465E-30	1	133	157	36712	37110	399	36037	37251
233444595	-1	241	1.018E-61	1	19988	21298	1449	241	0.336	1.816E-64	296	743	769	-21298	-19988	1311	21310	19952
233452466	-1	236	3.259E-60	1	42760	43476	983	236	0.514	3.229E-65	0	243	248	-43476	-42760	717	43611	42748
233506801	1	85	9.302E-15	1	36712	36990	820	85	0.479	3.571E-13	1	94	108	36712	36990	279	36037	37251
233522833	-1	234	1.303E-59	1	42760	43476	983	234	0.510	2.118E-64	0	243	248	-43476	-42760	717	43611	42748
233540253	-1	166	3.847E-39	1	29089	29532	1269	166	0.574	2.452E-43	3	150	189	-29532	-29089	444	29547	29089
233541031	-1	231	1.043E-58	1	43628	44518	971	231	0.435	2.798E-63	143	427	477	-44518	-43628	891	44518	43625
233541200	-1	354	9.806E-96	2	42787	44410	971	171	0.382	1.153E-42	0	248	541	-44410	-43628	783	44518	43625
233541200	-1	354	9.806E-96	2	42787	44410	983	182	0.375	1.329E-46	250	535	541	-43611	-42787	825	43611	42748
233550743	1	241	1.018E-61	2	36175	37381	820	207	0.380	1.447E-53	0	313	450	36175	37137	963	36037	37251
233550743	1	241	1.018E-61	2	36175	37381	823	69	0.531	5.456E-11	350	415	450	37184	37381	198	37139	37396
233567393	-1	139	5.163E-31	1	28420	28926	1282	139	0.449	3.134E-33	0	164	263	-28926	-28420	507	28929	28360
233568230	-1	90	2.907E-16	1	29185	29535	1269	90	0.423	4.515E-17	18	134	192	-29535	-29185	351	29547	29089
233648075	1	170	2.404E-40	1	36601	37146	820	170	0.498	5.140E-41	27	208	226	36601	37146	546	36037	37251
233650499	-1	73	3.810E-11	1	28161	28364	1286	73	0.535	9.202E-12	48	116	118	-28364	-28161	204	28451	28119
233653331	1	105	8.871E-21	1	18758	19375	449	105	0.319	1.130E-20	1	204	247	18758	19375	618	18665	19423
233666456	1	87	2.325E-15	1	36181	37230	820	87	0.205	1.507E-13	13	389	694	36181	37230	1050	36037	37251
233671997	-1	67	2.438E-09	1	28125	28340	1286	67	0.479	7.669E-10	3	75	78	-28340	-28125	216	28451	28119
233672579	-1	129	5.287E-28	2	28447	29085	1273	46	0.468	1.506E-03	110	159	368	-29085	-28936	150	29085	28933
233672579	-1	129	5.287E-28	2	28447	29085	1282	84	0.315	1.717E-14	162	328	368	-28929	-28447	483	28929	28360
233672886	-1	138	1.033E-30	2	28660	29079	1273	42	0.452	2.691E-02	3	50	143	-29079	-28936	144	29085	28933
233672886	-1	138	1.033E-30	2	28660	29079	1282	97	0.549	8.147E-19	53	142	143	-28929	-28660	270	28929	28360
233699383	1	81	1.488E-13	1	18668	19243	449	81	0.281	1.391E-12	26	217	298	18668	19243	576	18665	19423
233703907	1	61	1.561E-07	1	18407	18649	439	61	0.410	8.074E-08	40	120	122	18407	18649	243	18359	18661
233714087	1	138	1.033E-30	1	37955	38569	842	138	0.387	6.064E-30	4	207	219	37955	38569	615	37400	38659
233714542	-1	57	2.497E-06	1	28119	28292	1286	57	0.490	3.850E-06	0	58	59	-28292	-28119	174	28451	28119
233715368	1	162	6.155E-38	1	37763	38569	842	162	0.360	6.083E-38	0	267	279	37763	38569	807	37400	38659
233728179	1	273	2.371E-71	1	37400	38638	842	273	0.387	1.016E-75	93	502	597	37400	38638	1239	37400	38659
233728399	1	271	9.484E-71	1	37400	38638	842	271	0.385	3.528E-75	244	653	748	37400	38638	1239	37400	38659
233772054	1	109	5.544E-22	1	18668	19111	449	109	0.399	3.816E-22	23	177	221	18668	19111	444	18665	19423
233774013	1	109	5.544E-22	1	18668	19060	449	109	0.435	2.804E-22	28	165	172	18668	19060	393	18665	19423
233775798	1	94	1.817E-17	1	18701	19279	449	94	0.306	6.069E-17	0	195	264	18701	19279	579	18665	19423
233820748	-1	83	3.721E-14	1	28603	28878	1282	83	0.478	3.193E-14	2	93	113	-28878	-28603	276	28929	28360
233822960	-1	322	4.212E-86	2	43051	44227	971	181	0.485	6.561E-46	183	381	571	-44227	-43628	600	44518	43625
233822960	-1	322	4.212E-86	2	43051	44227	983	140	0.420	2.714E-32	383	569	571	-43611	-43051	561	43611	42748
233824943	-1	115	8.663E-24	2	28140	28806	1282	78	0.404	2.442E-12	27	130	250	-28806	-28486	321	28929	28360
233824943	-1	115	8.663E-24	2	28140	28806	1286	58	0.367	1.091E-06	153	242	250	-28406	-28140	267	28451	28119
233831288	-1	72	7.620E-11	1	28432	28764	1282	72	0.373	1.842E-10	66	173	210	-28764	-28432	333	28929	28360
233837128	-1	177	1.878E-42	1	42907	43611	983	177	0.418	1.046E-44	192	429	430	-43611	-42907	705	43611	42748
233838111	-1	130	2.644E-28	1	42769	43179	983	130	0.494	6.130E-29	2	141	147	-43179	-42769	411	43611	42748
233865117	1	409	2.722E-112	2	36040	38638	820	239	0.383	3.417E-64	8	364	990	36040	37137	1098	36037	37251
233865117	1	409	2.722E-112	2	36040	38638	842	277	0.391	3.304E-77	473	884	990	37400	38638	1239	37400	38659
233887338	1	235	6.517E-60	1	37514	38479	842	235	0.413	9.088E-63	31	354	358	37514	38479	966	37400	38659
233892367	-1	64	1.951E-08	1	28495	28704	1282	64	0.478	8.594E-08	1	68	124	-28704	-28495	210	28929	28360
233897528	-1	129	5.287E-28	1	42970	43611	983	129	0.351	2.104E-28	67	287	296	-43611	-42970	642	43611	42748
233898671	-1	315	5.391E-84	2	42910	44518	971	174	0.367	9.567E-44	228	498	831	-44518	-43673	846	44518	43625
233898671	-1	315	5.391E-84	2	42910	44518	983	155	0.376	2.835E-37	514	754	831	-43611	-42910	702	43611	42748
233900303	1	239	4.073E-61	2	36040	37396	820	197	0.335	5.997E-50	82	437	673	36040	37137	1098	36037	37251
233900303	1	239	4.073E-61	2	36040	37396	823	75	0.525	4.671E-13	472	544	673	37178	37396	219	37139	37396
233900315	-1	225	6.674E-57	3	28143	29544	1269	132	0.473	1.471E-31	8	157	479	-29544	-29098	447	29547	29089
233900315	-1	225	6.674E-57	3	28143	29544	1282	106	0.372	6.205E-22	214	375	479	-28929	-28432	498	28929	28360
233900315	-1	225	6.674E-57	3	28143	29544	1286	55	0.371	9.912E-06	390	473	479	-28382	-28143	240	28451	28119
233900845	-1	215	6.834E-54	3	28432	29547	1269	115	0.428	1.540E-25	4	151	476	-29547	-29107	441	29547	29089
233900845	-1	215	6.834E-54	3	28432	29547	1273	38	0.677	9.179E-01	170	195	476	-29052	-28975	78	29085	28933
233900845	-1	215	6.834E-54	3	28432	29547	1282	93	0.338	1.838E-17	211	375	476	-28929	-28432	498	28929	28360
233901013	-1	179	4.696E-43	1	42787	43611	983	179	0.362	1.180E-45	195	490	506	-43611	-42787	825	43611	42748
233912809	-1	213	2.733E-53	1	43751	44464	971	213	0.483	3.659E-57	12	241	244	-44464	-43751	714	44518	43625
233923206	-1	473	1.475E-131	2	42868	44257	971	215	0.536	1.047E-57	3	212	474	-44257	-43628	630	44518	43625
233923206	-1	473	1.475E-131	2	42868	44257	983	257	0.534	1.943E-72	214	466	474	-43611	-42868	744	43611	42748
233951657	-1	412	3.402E-113	2	42766	44446	971	193	0.405	3.044E-50	320	584	891	-44446	-43628	819	44518	43625
233951657	-1	412	3.402E-113	2	42766	44446	983	218	0.428	5.871E-59	586	871	891	-43611	-42766	846	43611	42748
234134033	-1	253	2.486E-65	1	19961	21262	1449	253	0.350	1.691E-68	320	762	774	-21262	-19961	1302	21310	19952
234136394	-1	256	3.108E-66	1	19976	21262	1449	256	0.354	2.637E-69	321	759	769	-21262	-19976	1287	21310	19952
234198637	-1	430	1.298E-118	2	19961	24167	1377	194	0.561	2.399E-52	146	324	775	-24167	-23646	522	24206	23613
234198637	-1	430	1.298E-118	2	19961	24167	1449	236	0.333	1.008E-62	324	767	775	-21262	-19961	1302	21310	19952
234283179	-1	240	2.037E-61	1	19973	21217	1449	240	0.345	6.251E-64	325	751	760	-21217	-19973	1245	21310	19952
234336813	-1	244	1.273E-62	1	19961	21262	1449	244	0.340	2.086E-65	325	769	776	-21262	-19961	1302	21310	19952
234379540	-1	258	7.769E-67	1	19961	21262	1449	258	0.354	4.110E-70	318	760	772	-21262	-19961	1302	21310	19952
234380603	-1	252	4.972E-65	1	19961	21262	1449	252	0.349	4.282E-68	320	762	774	-21262	-19961	1302	21310	19952
234411413	-1	251	9.944E-65	1	19961	21262	1449	251	0.349	1.084E-67	313	752	765	-21262	-19961	1302	21310	19952
234530547	-1	231	1.043E-58	1	19973	21262	1449	231	0.321	7.583E-61	317	774	789	-21262	-19973	1290	21310	19952
234538471	-1	64	1.951E-08	1	2956	3219	1817	64	0.381	1.422E-08	36	129	135	-3219	-2956	264	3270	2932
234544027	-1	242	5.092E-62	1	19961	21262	1449	242	0.337	1.333E-64	388	834	841	-21262	-19961	1302	21310	19952
234660397	-1	296	2.826E-78	1	19961	21262	1449	296	0.396	3.379E-83	306	720	739	-21262	-19961	1302	21310	19952
234668672	-1	258	7.769E-67	1	19973	21262	1449	258	0.354	3.015E-70	329	772	781	-21262	-19973	1290	21310	19952
235124314	-1	61	1.561E-07	1	2950	3222	1817	61	0.371	1.293E-07	85	177	180	-3222	-2950	273	3270	2932
236331742	-1	62	7.803E-08	1	2956	3243	1817	62	0.368	5.021E-08	94	189	192	-3243	-2956	288	3270	2932
239092143	-1	193	2.866E-47	1	43628	44263	971	193	0.489	3.044E-50	60	269	372	-44263	-43628	636	44518	43625
239177378	-1	161	1.231E-37	2	28951	29547	1269	125	0.450	4.276E-29	119	269	379	-29547	-29098	450	29547	29089
239177378	-1	161	1.231E-37	2	28951	29547	1273	44	0.538	7.468E-03	279	318	379	-29070	-28951	120	29085	28933
239305951	-1	279	3.705E-73	3	28648	29544	1269	143	0.495	2.959E-35	107	259	505	-29544	-29089	456	29547	29089
239305951	-1	279	3.705E-73	3	28648	29544	1273	36	0.415	4.579E+00	266	310	505	-29070	-28936	135	29085	28933
239305951	-1	279	3.705E-73	3	28648	29544	1282	106	0.573	4.539E-22	313	406	505	-28929	-28648	282	28929	28360
239306205	-1	144	1.614E-32	1	29089	29544	1269	144	0.499	8.382E-36	10	162	202	-29544	-29089	456	29547	29089
239335093	-1	101	1.419E-19	1	28492	28929	1282	101	0.392	3.599E-20	50	192	261	-28929	-28492	438	28929	28360
239352296	-1	94	1.817E-17	1	28552	28929	1282	94	0.416	5.287E-18	63	188	199	-28929	-28552	378	28929	28360
239583148	1	168	9.618E-40	1	37805	38638	842	168	0.359	3.453E-40	42	322	450	37805	38638	834	37400	38659
239742018	-1	167	1.924E-39	1	42847	43611	983	167	0.374	2.522E-41	67	328	342	-43611	-42847	765	43611	42748
239771823	-1	251	9.944E-65	1	20075	21262	1449	251	0.375	1.084E-67	316	712	767	-21262	-20075	1188	21310	19952
239854669	-1	263	2.428E-68	1	19976	21262	1449	263	0.363	5.358E-72	176	611	626	-21262	-19976	1287	21310	19952
240229236	1	129	5.287E-28	1	36649	37038	820	129	0.518	3.320E-27	4	133	134	36649	37038	390	36037	37251
241264799	1	193	2.866E-47	1	37475	38338	842	193	0.388	1.467E-48	4	292	293	37475	38338	864	37400	38659
242815144	1	206	3.499E-51	1	36040	37146	820	206	0.344	3.654E-53	15	348	357	36040	37146	1107	36037	37251
243075389	-1	240	2.037E-61	1	19961	21262	1449	240	0.335	4.589E-64	319	765	777	-21262	-19961	1302	21310	19952
244306549	1	256	3.108E-66	1	37400	38611	842	256	0.375	6.539E-70	93	493	599	37400	38611	1212	37400	38659
244456485	1	174	1.503E-41	2	36040	37396	820	121	0.247	1.747E-24	216	496	707	36040	37140	1101	36037	37251
244456485	1	174	1.503E-41	2	36040	37396	823	78	0.505	3.690E-14	523	602	707	37157	37396	240	37139	37396
245334762	1	138	1.033E-30	1	37805	38596	842	138	0.326	4.493E-30	5	267	380	37805	38596	792	37400	38659
245410207	1	153	3.152E-35	1	36040	36888	820	153	0.334	3.411E-35	173	443	456	36040	36888	849	36037	37251
245442841	1	194	1.433E-47	1	37400	38461	842	194	0.339	7.938E-49	303	645	665	37400	38461	1062	37400	38659
245492448	-1	244	1.273E-62	1	19955	21262	1449	244	0.341	2.841E-65	319	760	771	-21262	-19955	1308	21310	19952
245991440	1	249	3.978E-64	2	37166	38563	823	78	0.487	3.690E-14	1	84	553	37166	37396	231	37139	37396
245991440	1	249	3.978E-64	2	37166	38563	842	199	0.370	1.459E-50	114	433	553	37607	38563	957	37400	38659
246049098	1	242	5.092E-62	1	37400	38617	842	242	0.359	4.673E-65	139	541	645	37400	38617	1218	37400	38659
246136759	-1	64	1.951E-08	1	2980	3228	1817	64	0.415	1.037E-08	69	152	165	-3228	-2980	249	3270	2932
246568142	1	271	9.484E-71	1	37400	38638	842	271	0.385	3.528E-75	31	439	534	37400	38638	1239	37400	38659
246789786	1	123	3.384E-26	1	38078	38584	842	123	0.409	3.771E-25	36	204	297	38078	38584	507	37400	38659
246843226	1	84	1.860E-14	1	17926	18378	436	84	0.334	1.883E-14	39	190	243	17926	18378	453	17926	18474
247188522	-1	397	1.115E-108	2	43066	44518	971	224	0.425	5.735E-61	158	444	629	-44518	-43628	891	44518	43625
247188522	-1	397	1.115E-108	2	43066	44518	983	172	0.501	4.403E-43	446	627	629	-43611	-43066	546	43611	42748
247749602	-1	296	2.826E-78	3	28119	29085	1273	48	0.541	2.209E-04	77	120	398	-29085	-28954	132	29085	28933
247749602	-1	296	2.826E-78	3	28119	29085	1282	161	0.510	5.191E-41	129	295	398	-28929	-28429	501	28929	28360
247749602	-1	296	2.826E-78	3	28119	29085	1286	102	0.560	4.624E-22	305	397	398	-28394	-28119	276	28451	28119
247764752	-1	74	1.905E-11	1	2974	3228	1817	74	0.451	2.821E-12	7	94	165	-3228	-2974	255	3270	2932
248026446	-1	243	2.546E-62	1	19976	21271	1449	243	0.344	5.273E-65	304	738	758	-21271	-19976	1296	21310	19952
248050397	1	140	2.582E-31	1	36712	37110	820	140	0.545	5.463E-31	1	133	157	36712	37110	399	36037	37251
248068596	1	158	9.848E-37	1	37400	37900	842	158	0.501	9.343E-37	5	169	191	37400	37900	501	37400	38659
248081487	1	82	7.441E-14	1	36910	37137	820	82	0.549	3.547E-12	0	75	124	36910	37137	228	36037	37251
248081518	1	75	9.525E-12	1	37160	37396	823	75	0.492	6.415E-13	13	91	132	37160	37396	237	37139	37396
248081961	-1	545	3.124E-153	2	42748	44518	971	240	0.448	2.077E-66	400	694	990	-44518	-43628	891	44518	43625
248081961	-1	545	3.124E-153	2	42748	44518	983	304	0.544	1.131E-88	696	988	990	-43611	-42748	864	43611	42748
248081986	1	180	2.348E-43	2	36769	37375	820	126	0.533	1.997E-26	1	119	218	36769	37137	369	36037	37251
248081986	1	180	2.348E-43	2	36769	37375	823	76	0.516	3.401E-13	143	217	218	37151	37375	225	37139	37396
248109753	1	113	3.465E-23	1	18671	19279	449	113	0.334	1.744E-23	19	226	276	18671	19279	609	18665	19423
248171396	-1	238	8.146E-61	1	20069	21298	1449	238	0.352	2.929E-63	296	707	755	-21298	-20069	1230	21310	19952
248195176	1	93	3.633E-17	1	18758	19243	449	93	0.331	1.118E-16	12	183	191	18758	19243	486	18665	19423
248214239	-1	187	1.834E-45	2	28146	28866	1282	106	0.416	8.481E-22	3	143	238	-28866	-28444	423	28929	28360
248214239	-1	187	1.834E-45	2	28146	28866	1286	88	0.525	5.582E-17	152	237	238	-28403	-28146	258	28451	28119
248214379	-1	155	7.879E-36	2	28161	28821	1282	84	0.371	1.717E-14	5	135	227	-28821	-28429	393	28929	28360
248214379	-1	155	7.879E-36	2	28161	28821	1286	75	0.466	1.382E-12	141	225	227	-28412	-28161	252	28451	28119
248214580	1	72	7.620E-11	1	18851	19312	449	72	0.298	1.416E-09	22	173	220	18851	19312	462	18665	19423
248244679	1	61	1.561E-07	1	18419	18661	439	61	0.396	8.074E-08	13	97	131	18419	18661	243	18359	18661
248257004	1	125	8.460E-27	1	38081	38554	842	125	0.435	8.544E-26	48	205	208	38081	38554	474	37400	38659
248257124	1	133	3.305E-29	1	37982	38539	842	133	0.405	2.203E-28	77	260	263	37982	38539	558	37400	38659
248257494	1	149	5.042E-34	1	37925	38611	842	149	0.378	1.331E-33	20	249	350	37925	38611	687	37400	38659
248257618	1	158	9.848E-37	1	37832	38536	842	158	0.385	9.343E-37	5	242	340	37832	38536	705	37400	38659
248285605	-1	85	9.302E-15	1	28492	28830	1282	85	0.415	9.228E-15	1	110	121	-28830	-28492	339	28929	28360
248314365	1	76	4.762E-12	1	18674	18952	449	76	0.416	5.202E-11	3	102	105	18674	18952	279	18665	19423
248315360	1	87	2.325E-15	1	18689	19111	449	87	0.348	1.469E-14	2	149	167	18689	19111	423	18665	19423
248316335	-1	98	1.135E-18	1	29125	29526	1269	98	0.408	6.161E-20	84	218	221	-29526	-29125	402	29547	29089
248353337	-1	173	3.006E-41	1	42790	43611	983	173	0.354	1.729E-43	85	379	396	-43611	-42790	822	43611	42748
248359277	-1	463	1.511E-128	2	42760	44512	971	224	0.427	5.735E-61	321	605	899	-44512	-43628	885	44518	43625
248359277	-1	463	1.511E-128	2	42760	44512	983	238	0.456	6.734E-66	607	893	899	-43611	-42760	852	43611	42748
248364636	-1	173	3.006E-41	2	28486	29535	1269	130	0.474	7.113E-31	79	225	443	-29535	-29098	438	29547	29089
248364636	-1	173	3.006E-41	2	28486	29535	1282	98	0.381	3.197E-19	282	426	443	-28929	-28486	444	28929	28360
248365060	-1	90	2.907E-16	1	28486	28878	1282	90	0.389	2.216E-16	2	129	146	-28878	-28486	393	28929	28360
248365420	-1	60	3.121E-07	1	28149	28406	1286	60	0.377	3.088E-07	22	110	117	-28406	-28149	258	28451	28119
248365799	-1	57	2.497E-06	1	28140	28406	1286	57	0.361	2.809E-06	28	117	125	-28406	-28140	267	28451	28119
248369762	-1	197	1.791E-48	1	43628	44446	971	197	0.411	1.342E-51	1	264	331	-44446	-43628	819	44518	43625
248372232	1	422	3.322E-116	2	36049	38605	820	235	0.380	7.617E-63	90	447	1041	36049	37137	1089	36037	37251
248372232	1	422	3.322E-116	2	36049	38605	842	293	0.414	9.310E-83	555	959	1041	37400	38605	1206	37400	38659
248406772	1	525	3.276E-147	3	36247	38596	820	224	0.422	2.416E-59	0	289	899	36247	37146	900	36037	37251
248406772	1	525	3.276E-147	3	36247	38596	823	85	0.581	2.305E-16	316	388	899	37163	37381	219	37139	37396
248406772	1	525	3.276E-147	3	36247	38596	842	246	0.368	1.540E-66	395	790	899	37400	38596	1197	37400	38659
248440966	-1	218	8.542E-55	3	28143	29544	1269	134	0.477	4.170E-32	113	262	584	-29544	-29098	447	29547	29089
248440966	-1	218	8.542E-55	3	28143	29544	1282	97	0.349	5.965E-19	319	480	584	-28929	-28432	498	28929	28360
248440966	-1	218	8.542E-55	3	28143	29544	1286	55	0.371	9.912E-06	495	578	584	-28382	-28143	240	28451	28119
248456258	1	71	1.524E-10	1	18875	19348	449	71	0.292	1.910E-09	6	157	203	18875	19348	474	18665	19423
248457167	1	74	1.905E-11	1	18806	19321	449	74	0.281	3.160E-10	0	173	208	18806	19321	516	18665	19423
248469877	1	93	3.633E-17	1	36661	37146	820	93	0.344	1.484E-15	36	197	314	36661	37146	486	36037	37251
248682499	-1	239	4.073E-61	1	19961	21262	1449	239	0.336	8.513E-64	323	767	774	-21262	-19961	1302	21310	19952
248805963	-1	246	3.182E-63	1	19997	21214	1449	246	0.351	3.261E-66	344	771	785	-21214	-19997	1218	21310	19952
248807982	-1	254	1.243E-65	1	19961	21262	1449	254	0.350	9.104E-69	318	760	772	-21262	-19961	1302	21310	19952
248864460	-1	271	9.484E-71	1	19976	21262	1449	271	0.374	1.082E-74	120	550	559	-21262	-19976	1287	21310	19952
249013204	-1	239	4.073E-61	1	19976	21262	1449	239	0.340	1.160E-63	315	750	768	-21262	-19976	1287	21310	19952
249013521	-1	258	7.769E-67	1	19961	21262	1449	258	0.355	3.015E-70	318	760	772	-21262	-19961	1302	21310	19952
249038925	-1	286	2.894E-75	1	19973	21298	1449	286	0.382	8.065E-80	297	720	738	-21298	-19973	1326	21310	19952
249046549	-1	255	6.215E-66	1	19976	21262	1449	255	0.354	3.595E-69	321	759	769	-21262	-19976	1287	21310	19952
249177377	-1	255	6.215E-66	1	19961	21262	1449	255	0.351	4.900E-69	63	505	517	-21262	-19961	1302	21310	19952
253847419	-1	142	6.454E-32	2	28654	29070	1273	36	0.415	4.579E+00	35	79	186	-29070	-28936	135	29085	28933
253847419	-1	142	6.454E-32	2	28654	29070	1282	107	0.587	2.429E-22	82	173	186	-28929	-28654	276	28929	28360
253847851	-1	262	4.856E-68	3	28435	29544	1269	143	0.495	2.959E-35	107	259	489	-29544	-29089	456	29547	29089
253847851	-1	262	4.856E-68	3	28435	29544	1273	36	0.415	4.579E+00	266	310	489	-29070	-28936	135	29085	28933
253847851	-1	262	4.856E-68	3	28435	29544	1282	89	0.330	4.128E-16	313	461	489	-28929	-28435	495	28929	28360
253847941	-1	175	7.514E-42	2	28717	29544	1269	145	0.503	3.255E-36	126	278	407	-29544	-29089	456	29547	29089
253847941	-1	175	7.514E-42	2	28717	29544	1282	82	0.577	1.104E-13	332	402	407	-28929	-28717	213	28929	28360
253876256	-1	124	1.692E-26	2	28149	28929	1282	100	0.390	6.718E-20	2	144	271	-28929	-28492	438	28929	28360
253876256	-1	124	1.692E-26	2	28149	28929	1286	60	0.407	3.088E-07	182	260	271	-28388	-28149	240	28451	28119
253902199	-1	169	4.809E-40	2	28717	29544	1269	138	0.483	9.491E-34	94	246	375	-29544	-29089	456	29547	29089
253902199	-1	169	4.809E-40	2	28717	29544	1282	83	0.584	4.354E-14	300	370	375	-28929	-28717	213	28929	28360
254155881	1	248	7.956E-64	1	37400	38596	842	248	0.370	3.261E-67	167	558	663	37400	38596	1197	37400	38659
254169607	1	106	4.435E-21	1	18668	19279	449	106	0.315	4.488E-21	52	263	336	18668	19279	612	18665	19423
254410675	1	138	1.033E-30	1	36196	37137	820	138	0.293	2.465E-30	155	396	568	36196	37137	942	36037	37251
254792348	1	154	1.576E-35	1	36217	37110	820	154	0.325	1.372E-35	72	333	334	36217	37110	894	36037	37251
255065838	-1	70	3.048E-10	1	2953	3228	1817	70	0.416	9.105E-11	80	171	177	-3228	-2953	276	3270	2932
255076721	1	139	5.163E-31	1	37805	38656	842	139	0.313	2.466E-30	5	288	372	37805	38656	852	37400	38659
255188032	1	142	6.454E-32	1	37820	38611	842	142	0.333	1.651E-31	2	265	371	37820	38611	792	37400	38659
255192724	-1	244	1.273E-62	1	19976	21262	1449	244	0.341	2.086E-65	340	782	792	-21262	-19976	1287	21310	19952
255199419	1	136	4.131E-30	1	38027	38641	842	136	0.383	2.713E-29	2	203	258	38027	38641	615	37400	38659
255248528	-1	249	3.978E-64	1	19961	21262	1449	249	0.344	5.094E-67	321	765	775	-21262	-19961	1302	21310	19952
255897284	-1	245	6.364E-63	1	19961	21262	1449	245	0.341	1.124E-65	324	768	775	-21262	-19961	1302	21310	19952
256023975	1	210	2.187E-52	1	37400	38611	842	210	0.328	2.618E-54	34	379	485	37400	38611	1212	37400	38659
256365973	1	70	3.048E-10	1	18878	19144	449	70	0.424	6.320E-09	31	119	125	18878	19144	267	18665	19423
256914791	1	329	3.290E-88	2	37157	38593	823	88	0.576	1.328E-17	12	88	557	37157	37387	231	37139	37396
256914791	1	329	3.290E-88	2	37157	38593	842	244	0.367	5.327E-66	93	485	557	37400	38593	1194	37400	38659
257020874	1	165	7.694E-39	1	37763	38629	842	165	0.345	3.943E-39	0	291	386	37763	38629	867	37400	38659
257385010	1	164	1.539E-38	1	36040	37137	820	164	0.296	9.231E-39	42	329	349	36040	37137	1098	36037	37251
257755460	1	118	1.083E-24	1	18689	19354	449	118	0.323	4.272E-25	0	227	229	18689	19354	666	18665	19423
257811674	-1	111	1.386E-22	2	2956	3620	1811	45	0.274	1.104E-01	1	102	193	-3620	-3303	318	3710	3294
257811674	-1	111	1.386E-22	2	2956	3620	1817	71	0.416	4.842E-11	97	189	193	-3234	-2956	279	3270	2932
258449661	1	260	1.942E-67	2	37178	38563	823	89	0.608	5.128E-18	10	82	551	37178	37396	219	37139	37396
258449661	1	260	1.942E-67	2	37178	38563	842	199	0.370	1.072E-50	112	431	551	37607	38563	957	37400	38659
258878196	1	181	1.174E-43	1	37796	38638	842	181	0.378	1.970E-44	2	282	376	37796	38638	843	37400	38659
259308499	-1	271	9.484E-71	1	43721	44518	971	271	0.535	4.932E-77	171	432	444	-44518	-43721	798	44518	43625
261207933	-1	71	1.524E-10	1	2950	3261	1817	71	0.367	4.842E-11	84	194	195	-3261	-2950	312	3270	2932
261344889	1	510	1.074E-142	3	36088	38644	820	220	0.371	5.349E-58	154	501	1104	36088	37146	1059	36037	37251
261344889	1	510	1.074E-142	3	36088	38644	823	86	0.625	6.483E-17	533	600	1104	37178	37381	204	37139	37396
261344889	1	510	1.074E-142	3	36088	38644	842	239	0.351	5.585E-64	607	1016	1104	37400	38644	1245	37400	38659
261581563	-1	261	9.711E-68	1	19964	21262	1449	261	0.357	4.695E-71	317	758	773	-21262	-19964	1299	21310	19952
262087846	1	141	1.291E-31	2	13131	13739	318	80	0.626	4.505E-15	0	62	184	13131	13319	189	13107	13331
262087846	1	141	1.291E-31	2	13131	13739	326	82	0.466	1.960E-14	85	171	184	13461	13739	279	13335	13751
262294259	-1	56	4.994E-06	1	3306	3620	1811	56	0.315	1.872E-05	6	113	134	-3620	-3306	315	3710	3294
262529385	-1	240	2.037E-61	1	19979	21298	1449	240	0.337	6.251E-64	277	719	737	-21298	-19979	1320	21310	19952
262549541	1	61	1.561E-07	1	42956	43207	929	61	0.389	3.928E-08	37	123	129	42956	43207	252	42956	43207
262549557	-1	64	1.951E-08	1	28149	28391	1286	64	0.424	1.315E-08	43	123	134	-28391	-28149	243	28451	28119
262552163	-1	247	1.591E-63	1	19979	21310	1449	247	0.342	1.756E-66	292	738	756	-21310	-19979	1332	21310	19952
262584608	-1	236	3.259E-60	1	42769	43611	983	236	0.456	3.229E-65	165	449	481	-43611	-42769	843	43611	42748
262610424	1	180	2.348E-43	2	36865	37387	820	111	0.612	1.591E-21	4	94	199	36865	37137	273	36037	37251
262610424	1	180	2.348E-43	2	36865	37387	823	92	0.577	7.651E-19	119	198	199	37148	37387	240	37139	37396
262622991	-1	130	2.644E-28	1	43234	43611	983	130	0.532	8.344E-29	21	147	148	-43611	-43234	378	43611	42748
262623343	1	254	1.243E-65	2	36457	37366	820	204	0.484	1.711E-52	167	387	496	36457	37137	681	36037	37251
262623343	1	254	1.243E-65	2	36457	37366	823	72	0.512	5.915E-12	411	482	496	37151	37366	216	37139	37396
262632439	1	95	9.084E-18	1	36886	37146	820	95	0.555	3.481E-16	1	87	110	36886	37146	261	36037	37251
262637040	1	116	4.331E-24	1	18668	19348	449	116	0.318	2.005E-24	3	231	283	18668	19348	681	18665	19423
262651933	-1	102	7.097E-20	1	28119	28403	1286	102	0.544	6.344E-22	87	182	183	-28403	-28119	285	28451	28119
262676098	-1	77	2.381E-12	1	28119	28364	1286	77	0.481	2.845E-13	53	136	137	-28364	-28119	246	28451	28119
262720551	-1	487	9.005E-136	2	42754	44512	971	242	0.452	5.931E-67	303	592	944	-44512	-43628	885	44518	43625
262720551	-1	487	9.005E-136	2	42754	44512	983	244	0.466	6.100E-68	594	855	944	-43611	-42754	858	43611	42748
262784917	1	59	6.242E-07	1	18467	18661	439	59	0.471	3.928E-07	0	64	84	18467	18661	195	18359	18661
262797940	1	144	1.614E-32	1	37763	38590	842	144	0.326	4.956E-32	0	249	253	37763	38590	828	37400	38659
262798313	-1	115	8.663E-24	1	28543	28914	1282	115	0.479	4.656E-25	115	242	244	-28914	-28543	372	28929	28360
262798642	-1	201	1.120E-49	2	28603	29481	1269	134	0.530	4.170E-32	0	130	293	-29481	-29089	393	29547	29089
262798642	-1	201	1.120E-49	2	28603	29481	1282	119	0.557	2.779E-26	184	292	293	-28929	-28603	327	28929	28360
262799348	1	138	1.033E-30	1	37997	38569	842	138	0.409	3.329E-30	0	189	201	37997	38569	573	37400	38659
262837643	-1	138	1.033E-30	1	43069	43611	983	138	0.425	1.274E-31	14	193	211	-43611	-43069	543	43611	42748
262854165	-1	94	1.817E-17	1	29179	29526	1269	94	0.439	2.674E-18	20	135	191	-29526	-29179	348	29547	29089
262855578	1	102	7.097E-20	1	18701	19255	449	102	0.331	7.149E-20	0	189	228	18701	19255	555	18665	19423
262891119	-1	101	1.419E-19	1	28486	28929	1282	101	0.388	3.599E-20	9	153	251	-28929	-28486	444	28929	28360
262894627	-1	188	9.172E-46	1	43757	44518	971	188	0.417	2.400E-48	102	345	346	-44518	-43757	762	44518	43625
262903732	-1	234	1.303E-59	1	42757	43611	983	234	0.452	2.118E-64	14	296	300	-43611	-42757	855	43611	42748
262907349	-1	88	1.163E-15	1	28486	28878	1282	88	0.382	1.049E-15	2	129	167	-28878	-28486	393	28929	28360
262908273	-1	72	7.620E-11	1	28495	28845	1282	72	0.356	3.411E-10	0	112	119	-28845	-28495	351	28929	28360
262921584	-1	187	1.834E-45	1	43628	44518	971	187	0.372	4.478E-48	61	349	475	-44518	-43628	891	44518	43625
262921856	-1	136	4.131E-30	1	43021	43611	983	136	0.390	1.109E-30	98	297	298	-43611	-43021	591	43611	42748
262930460	-1	240	2.037E-61	1	19979	21292	1449	240	0.338	6.251E-64	407	846	864	-21292	-19979	1314	21310	19952
262972860	1	375	4.676E-102	2	37148	38626	823	89	0.570	5.128E-18	78	156	668	37148	37384	237	37139	37396
262972860	1	375	4.676E-102	2	37148	38626	842	290	0.407	1.541E-81	162	569	668	37400	38626	1227	37400	38659
262981612	-1	350	1.569E-94	2	42787	44518	971	169	0.346	7.451E-42	349	634	947	-44518	-43628	891	44518	43625
262981612	-1	350	1.569E-94	2	42787	44518	983	180	0.363	8.636E-46	636	931	947	-43611	-42787	825	43611	42748
262981710	-1	225	6.674E-57	3	28143	29544	1269	135	0.481	1.182E-32	228	377	699	-29544	-29098	447	29547	29089
262981710	-1	225	6.674E-57	3	28143	29544	1282	103	0.364	7.554E-21	434	595	699	-28929	-28432	498	28929	28360
262981710	-1	225	6.674E-57	3	28143	29544	1286	55	0.371	9.912E-06	610	693	699	-28382	-28143	240	28451	28119
262983281	-1	359	3.064E-97	2	42781	44467	971	179	0.376	2.281E-45	538	805	1098	-44467	-43628	840	44518	43625
262983281	-1	359	3.064E-97	2	42781	44467	983	179	0.368	1.180E-45	807	1095	1098	-43611	-42781	831	43611	42748
262994869	-1	183	2.935E-44	1	42967	43611	983	183	0.458	9.727E-47	2	219	221	-43611	-42967	645	43611	42748
263007607	-1	190	2.293E-46	1	43628	44215	971	190	0.514	2.704E-49	1	196	221	-44215	-43628	588	44518	43625
263033150	-1	413	1.701E-113	2	42811	44518	971	202	0.394	2.314E-53	389	673	959	-44518	-43628	891	44518	43625
263033150	-1	413	1.701E-113	2	42811	44518	983	210	0.436	3.074E-56	675	943	959	-43611	-42811	801	43611	42748
263241263	-1	340	1.607E-91	1	19961	21304	1449	340	0.428	4.298E-98	301	747	776	-21304	-19961	1344	21310	19952
263285315	-1	244	1.273E-62	1	19961	21262	1449	244	0.341	2.086E-65	309	751	763	-21262	-19961	1302	21310	19952
263386803	-1	254	1.243E-65	1	19976	21262	1449	254	0.353	6.679E-69	319	757	767	-21262	-19976	1287	21310	19952
263398616	-1	249	3.978E-64	1	19970	21271	1449	249	0.344	3.738E-67	335	781	789	-21271	-19970	1302	21310	19952
263400799	-1	246	3.182E-63	1	19973	21262	1449	246	0.346	4.443E-66	330	767	776	-21262	-19973	1290	21310	19952
263428305	-1	275	5.927E-72	1	19976	21262	1449	275	0.374	6.613E-76	332	767	777	-21262	-19976	1287	21310	19952
263517709	-1	253	2.486E-65	1	19961	21262	1449	253	0.349	2.305E-68	91	533	545	-21262	-19961	1302	21310	19952
263566074	-1	246	3.182E-63	1	19976	21262	1449	246	0.343	4.443E-66	327	768	778	-21262	-19976	1287	21310	19952
263682694	-1	244	1.273E-62	1	19976	21262	1449	244	0.341	2.841E-65	344	785	801	-21262	-19976	1287	21310	19952
263780992	-1	250	1.989E-64	1	19976	21262	1449	250	0.347	2.013E-67	339	781	791	-21262	-19976	1287	21310	19952
263806475	-1	246	3.182E-63	1	19976	21262	1449	246	0.344	4.443E-66	297	736	748	-21262	-19976	1287	21310	19952
263813631	-1	235	6.517E-60	1	19973	21262	1449	235	0.335	3.465E-62	309	746	762	-21262	-19973	1290	21310	19952
267762053	-1	85	9.302E-15	1	2956	3234	1817	85	0.483	4.051E-16	24	116	122	-3234	-2956	279	3270	2932
267816688	1	119	5.414E-25	1	18668	19348	449	119	0.316	2.301E-25	35	272	320	18668	19348	681	18665	19423
268388785	-1	140	2.582E-31	1	29089	29544	1269	140	0.488	1.962E-34	46	198	264	-29544	-29089	456	29547	29089
268389328	-1	258	7.769E-67	3	28717	29544	1269	143	0.495	2.959E-35	193	345	470	-29544	-29089	456	29547	29089
268389328	-1	258	7.769E-67	3	28717	29544	1273	37	0.422	2.407E+00	352	396	470	-29070	-28936	135	29085	28933
268389328	-1	258	7.769E-67	3	28717	29544	1282	84	0.591	1.717E-14	399	469	470	-28929	-28717	213	28929	28360
268499570	1	64	1.951E-08	1	18398	18637	439	64	0.424	4.677E-09	13	94	154	18398	18637	240	18359	18661
269156847	1	271	9.484E-71	3	36904	38626	820	87	0.548	8.470E-14	62	142	598	36904	37146	243	36037	37251
269156847	1	271	9.484E-71	3	36904	38626	823	66	0.704	5.034E-10	174	218	598	37178	37312	135	37139	37396
269156847	1	271	9.484E-71	3	36904	38626	842	160	0.383	1.513E-37	232	475	598	37913	38626	714	37400	38659
270222684	1	160	2.462E-37	1	37811	38638	842	160	0.350	2.776E-37	1	276	349	37811	38638	828	37400	38659
270301415	-1	249	3.978E-64	1	19955	21262	1449	249	0.346	3.738E-67	314	755	766	-21262	-19955	1308	21310	19952
271551758	1	158	9.848E-37	1	37760	38593	842	158	0.346	9.343E-37	21	297	342	37760	38593	834	37400	38659
272316351	1	89	5.813E-16	1	18776	19108	449	89	0.416	2.365E-15	0	117	130	18776	19108	333	18665	19423
272503941	1	252	4.972E-65	1	37400	38509	842	252	0.395	1.994E-68	18	384	445	37400	38509	1110	37400	38659
272810561	-1	176	3.757E-42	2	28188	28929	1282	130	0.431	3.127E-30	23	189	286	-28929	-28429	501	28929	28360
272810561	-1	176	3.757E-42	2	28188	28929	1286	59	0.473	4.233E-07	204	268	286	-28379	-28188	192	28451	28119
272828944	-1	65	9.753E-09	1	28131	28397	1286	65	0.402	5.101E-09	30	118	123	-28397	-28131	267	28451	28119
273148204	-1	59	6.242E-07	1	2956	3270	1817	59	0.329	4.566E-07	83	190	197	-3270	-2956	315	3270	2932
273471971	1	306	2.760E-81	2	36694	38599	820	133	0.474	1.228E-28	55	193	801	36694	37146	453	36037	37251
273471971	1	306	2.760E-81	2	36694	38599	842	277	0.400	4.511E-77	299	694	801	37400	38599	1200	37400	38659
273515142	-1	345	5.021E-93	2	42766	44518	971	179	0.372	2.281E-45	464	736	1061	-44518	-43667	852	44518	43625
273515142	-1	345	5.021E-93	2	42766	44518	983	178	0.348	4.107E-45	750	1060	1061	-43611	-42766	846	43611	42748
273589508	-1	146	4.034E-33	1	42862	43611	983	146	0.345	3.557E-34	160	416	417	-43611	-42862	750	43611	42748
273672280	1	361	7.661E-98	2	36040	38641	820	224	0.364	2.416E-59	214	543	1112	36040	37146	1107	36037	37251
273672280	1	361	7.661E-98	2	36040	38641	842	241	0.353	1.185E-64	649	1059	1112	37400	38641	1242	37400	38659
275243670	-1	288	7.235E-76	1	19976	21262	1449	288	0.388	2.325E-80	332	766	776	-21262	-19976	1287	21310	19952
275475123	1	241	1.018E-61	1	37400	38605	842	241	0.361	1.185E-64	158	557	670	37400	38605	1206	37400	38659
275509950	1	109	5.544E-22	1	18668	19279	449	109	0.322	3.816E-22	15	226	301	18668	19279	612	18665	19423
276226985	1	231	1.043E-58	1	37400	38596	842	231	0.352	2.743E-61	18	409	442	37400	38596	1197	37400	38659
276730676	-1	125	8.460E-27	2	2974	3644	1811	43	0.273	3.785E-01	2	104	341	-3644	-3336	309	3710	3294
276730676	-1	125	8.460E-27	2	2974	3644	1817	83	0.484	2.699E-15	103	192	341	-3240	-2974	267	3270	2932
277079026	-1	172	6.011E-41	1	42790	43611	983	172	0.353	3.225E-43	85	379	396	-43611	-42790	822	43611	42748
277080930	-1	242	5.092E-62	1	19964	21298	1449	242	0.336	1.333E-64	287	734	747	-21298	-19964	1335	21310	19952
277109954	-1	243	2.546E-62	1	19976	21271	1449	243	0.344	3.871E-65	304	738	758	-21271	-19976	1296	21310	19952
277117238	-1	186	3.669E-45	1	43628	44191	971	186	0.521	8.355E-48	0	186	203	-44191	-43628	564	44518	43625
277164878	1	225	6.674E-57	1	36217	37137	820	225	0.416	1.300E-59	172	471	483	36217	37137	921	36037	37251
277164894	1	139	5.163E-31	1	36769	37155	820	139	0.555	1.349E-30	1	128	236	36769	37155	387	36037	37251
277173703	1	64	1.951E-08	2	19622	38786	456	36	0.393	6.465E+00	14	62	117	19622	19765	144	19592	19786
277173703	1	64	1.951E-08	2	19622	38786	844	36	0.515	8.139E+00	54	87	117	38685	38786	102	38667	38855
277173703	-1	97	2.271E-18	1	28125	28403	1286	97	0.530	3.872E-20	21	114	117	-28403	-28125	279	28451	28119
277176113	1	228	8.342E-58	1	37400	38467	842	228	0.378	1.758E-60	76	424	427	37400	38467	1068	37400	38659
277176965	1	207	1.749E-51	1	37412	38410	842	207	0.369	4.199E-53	0	327	328	37412	38410	999	37400	38659
277193428	-1	98	1.135E-18	1	28125	28403	1286	98	0.542	1.093E-20	66	158	161	-28403	-28125	279	28451	28119
277254997	-1	241	1.018E-61	1	19988	21298	1449	241	0.336	1.816E-64	296	743	769	-21298	-19988	1311	21310	19952
277273771	1	111	1.386E-22	1	18668	19294	449	111	0.325	1.111E-22	61	272	339	18668	19294	627	18665	19423
277287638	1	210	2.187E-52	1	37400	38458	842	210	0.359	2.618E-54	18	365	425	37400	38458	1059	37400	38659
277296897	-1	100	2.839E-19	1	28125	28415	1286	100	0.531	3.084E-21	4	100	103	-28415	-28125	291	28451	28119
277315266	1	131	1.322E-28	1	37964	38629	842	131	0.334	7.276E-28	26	267	297	37964	38629	666	37400	38659
277322147	1	89	5.813E-16	1	18668	19399	449	89	0.259	3.207E-15	137	364	404	18668	19399	732	18665	19423
277327760	1	124	1.692E-26	1	36115	37197	820	124	0.252	8.883E-26	172	534	587	36115	37197	1083	36037	37251
277338099	1	152	6.303E-35	1	37925	38611	842	152	0.383	1.188E-34	20	249	350	37925	38611	687	37400	38659
277338116	1	175	7.514E-42	1	37745	38611	842	175	0.360	2.623E-42	20	310	424	37745	38611	867	37400	38659
277338552	1	152	6.303E-35	1	37925	38611	842	152	0.383	1.188E-34	20	249	350	37925	38611	687	37400	38659
277339091	-1	51	1.598E-04	1	28140	28268	1286	51	0.583	2.313E-04	2	44	53	-28268	-28140	129	28451	28119
277339452	1	141	1.291E-31	1	38012	38611	842	141	0.402	3.013E-31	10	208	359	38012	38611	600	37400	38659
277340120	-1	156	3.939E-36	1	29089	29526	1269	156	0.553	4.758E-40	1	146	175	-29526	-29089	438	29547	29089
277352504	-1	140	2.582E-31	1	42769	43155	983	140	0.547	3.698E-32	102	233	242	-43155	-42769	387	43611	42748
277354020	-1	547	7.811E-154	2	42748	44518	971	269	0.488	3.242E-76	411	701	995	-44518	-43628	891	44518	43625
277354020	-1	547	7.811E-154	2	42748	44518	983	277	0.507	2.157E-79	703	994	995	-43611	-42748	864	43611	42748
277354196	1	204	1.400E-50	1	37670	38638	842	204	0.373	3.629E-52	0	321	416	37670	38638	969	37400	38659
277364751	1	382	3.653E-104	2	36040	38635	820	217	0.356	8.672E-57	163	521	1133	36040	37146	1107	36037	37251
277364751	1	382	3.653E-104	2	36040	38635	842	269	0.384	1.673E-74	627	1032	1133	37400	38635	1236	37400	38659
277368998	-1	99	5.677E-19	1	28125	28415	1286	99	0.526	7.964E-21	86	182	185	-28415	-28125	291	28451	28119
277369352	-1	53	3.995E-05	1	28161	28394	1286	53	0.380	4.790E-05	11	85	92	-28394	-28161	234	28451	28119
277369693	1	111	1.386E-22	1	18668	19348	449	111	0.311	8.163E-23	2	229	277	18668	19348	681	18665	19423
277369917	1	75	9.525E-12	1	18806	19321	449	75	0.285	9.497E-11	0	173	208	18806	19321	516	18665	19423
277377790	-1	236	3.259E-60	1	42757	43611	983	236	0.452	3.229E-65	161	448	453	-43611	-42757	855	43611	42748
277397744	1	107	2.218E-21	1	18668	19099	449	107	0.401	1.782E-21	23	173	217	18668	19099	432	18665	19423
277403389	1	76	4.762E-12	1	37163	37396	823	76	0.505	1.803E-13	16	93	120	37163	37396	234	37139	37396
277405738	-1	169	4.809E-40	1	43628	44488	971	169	0.354	5.460E-42	46	333	358	-44488	-43628	861	44518	43625
277424238	1	75	9.525E-12	1	18884	19279	449	75	0.340	9.497E-11	0	128	209	18884	19279	396	18665	19423
277435318	-1	128	1.057E-27	1	42973	43611	983	128	0.358	3.897E-28	85	295	342	-43611	-42973	639	43611	42748
277446106	1	153	3.152E-35	1	37475	38221	842	153	0.364	6.487E-35	14	258	263	37475	38221	747	37400	38659
277448134	1	162	6.155E-38	1	36040	37023	820	162	0.310	4.238E-38	178	514	515	36040	37023	984	36037	37251
277448458	-1	211	1.093E-52	1	42892	43611	983	211	0.474	1.202E-56	14	255	272	-43611	-42892	720	43611	42748
277448481	-1	213	2.733E-53	1	43628	44410	971	213	0.451	3.659E-57	0	252	305	-44410	-43628	783	44518	43625
277449231	-1	181	1.174E-43	1	43628	44257	971	181	0.468	4.805E-46	5	214	306	-44257	-43628	630	44518	43625
277449596	-1	125	8.460E-27	2	28188	28929	1282	100	0.387	4.917E-20	69	213	312	-28929	-28486	444	28929	28360
277449596	-1	125	8.460E-27	2	28188	28929	1286	46	0.357	1.379E-02	236	306	312	-28406	-28188	219	28451	28119
277450660	1	380	1.461E-103	2	36040	38596	820	248	0.391	1.974E-67	239	596	1206	36040	37146	1107	36037	37251
277450660	1	380	1.461E-103	2	36040	38596	842	236	0.357	4.890E-63	702	1097	1206	37400	38596	1197	37400	38659
277511906	1	124	1.692E-26	1	38078	38593	842	124	0.407	1.548E-25	2	173	199	38078	38593	516	37400	38659
277521881	-1	229	4.171E-58	3	28143	29544	1269	135	0.481	1.182E-32	268	417	739	-29544	-29098	447	29547	29089
277521881	-1	229	4.171E-58	3	28143	29544	1282	106	0.372	6.205E-22	474	635	739	-28929	-28432	498	28929	28360
277521881	-1	229	4.171E-58	3	28143	29544	1286	56	0.373	7.232E-06	650	733	739	-28382	-28143	240	28451	28119
277523583	-1	393	1.784E-107	2	42790	44395	971	185	0.410	2.129E-47	8	252	541	-44395	-43628	768	44518	43625
277523583	-1	393	1.784E-107	2	42790	44395	983	207	0.421	5.137E-55	254	530	541	-43611	-42790	822	43611	42748
277523723	-1	329	3.290E-88	2	42787	44518	971	170	0.363	2.148E-42	350	619	948	-44518	-43679	840	44518	43625
277523723	-1	329	3.290E-88	2	42787	44518	983	175	0.357	2.666E-44	637	932	948	-43611	-42787	825	43611	42748
277523743	-1	158	9.848E-37	1	43673	44203	971	158	0.481	2.397E-38	0	176	327	-44203	-43673	531	44518	43625
277524142	-1	187	1.834E-45	1	42790	43611	983	187	0.378	2.299E-48	67	357	368	-43611	-42790	822	43611	42748
277536126	1	89	5.813E-16	1	18668	19327	449	89	0.272	3.207E-15	97	320	321	18668	19327	660	18665	19423
277542107	1	104	1.774E-20	1	18668	19279	449	104	0.313	2.843E-20	32	240	290	18668	19279	612	18665	19423
278014330	-1	256	3.108E-66	1	19961	21262	1449	256	0.352	1.935E-69	174	616	628	-21262	-19961	1302	21310	19952
278025668	-1	252	4.972E-65	1	19961	21262	1449	252	0.350	5.836E-68	314	753	766	-21262	-19961	1302	21310	19952
278103405	-1	254	1.243E-65	1	19961	21262	1449	254	0.350	1.241E-68	320	762	774	-21262	-19961	1302	21310	19952
278148125	-1	249	3.978E-64	1	19961	21307	1449	249	0.334	5.094E-67	284	750	763	-21307	-19961	1347	21310	19952
278178961	-1	261	9.711E-68	1	19976	21262	1449	261	0.361	2.525E-71	320	755	770	-21262	-19976	1287	21310	19952
278193997	-1	250	1.989E-64	1	19961	21262	1449	250	0.347	2.013E-67	315	757	769	-21262	-19961	1302	21310	19952
278282572	-1	251	9.944E-65	1	19961	21262	1449	251	0.347	1.084E-67	328	770	783	-21262	-19961	1302	21310	19952
278314763	-1	251	9.944E-65	1	19961	21262	1449	251	0.347	1.084E-67	354	797	810	-21262	-19961	1302	21310	19952
279060340	-1	70	3.048E-10	1	2956	3255	1817	70	0.390	1.249E-10	93	190	198	-3255	-2956	300	3270	2932
282656579	-1	174	1.503E-41	2	28717	29544	1269	144	0.499	8.382E-36	94	246	375	-29544	-29089	456	29547	29089
282656579	-1	174	1.503E-41	2	28717	29544	1282	82	0.580	8.096E-14	300	370	375	-28929	-28717	213	28929	28360
282930662	-1	175	7.514E-42	2	28717	29544	1269	145	0.501	4.462E-36	94	246	375	-29544	-29089	456	29547	29089
282930662	-1	175	7.514E-42	2	28717	29544	1282	82	0.580	8.096E-14	300	370	375	-28929	-28717	213	28929	28360
282930768	-1	169	4.809E-40	2	28717	29544	1269	145	0.503	3.255E-36	134	286	410	-29544	-29089	456	29547	29089
282930768	-1	169	4.809E-40	2	28717	29544	1282	76	0.542	1.146E-11	340	409	410	-28929	-28717	213	28929	28360
282931210	-1	272	4.742E-71	3	28678	29544	1269	143	0.495	2.959E-35	107	259	426	-29544	-29089	456	29547	29089
282931210	-1	272	4.742E-71	3	28678	29544	1273	36	0.415	4.579E+00	266	310	426	-29070	-28936	135	29085	28933
282931210	-1	272	4.742E-71	3	28678	29544	1282	99	0.592	1.254E-19	313	396	426	-28929	-28678	252	28929	28360
282931224	-1	258	7.769E-67	3	28714	29544	1269	143	0.495	2.959E-35	107	259	391	-29544	-29089	456	29547	29089
282931224	-1	258	7.769E-67	3	28714	29544	1273	36	0.415	4.579E+00	266	310	391	-29070	-28936	135	29085	28933
282931224	-1	258	7.769E-67	3	28714	29544	1282	85	0.587	1.259E-14	313	384	391	-28929	-28714	216	28929	28360
282986034	-1	174	1.503E-41	2	28936	29544	1269	139	0.499	3.686E-34	10	157	238	-29544	-29104	441	29547	29089
282986034	-1	174	1.503E-41	2	28936	29544	1273	41	0.431	9.703E-02	165	213	238	-29082	-28936	147	29085	28933
283818317	-1	103	3.548E-20	1	28492	28929	1282	103	0.399	5.528E-21	7	149	268	-28929	-28492	438	28929	28360
283981074	1	164	1.539E-38	1	37619	38563	842	164	0.326	1.331E-38	49	332	357	37619	38563	945	37400	38659
284092070	-1	156	3.939E-36	1	43712	44518	971	156	0.350	2.102E-37	62	319	328	-44518	-43712	807	44518	43625
284157148	1	95	9.084E-18	1	17926	18378	436	95	0.365	3.062E-18	13	164	246	17926	18378	453	17926	18474
284572897	1	74	1.905E-11	1	17926	18366	436	74	0.313	4.395E-11	83	229	293	17926	18366	441	17926	18474
284609953	1	313	2.156E-83	2	37178	38644	823	85	0.618	1.679E-16	268	335	839	37178	37381	204	37139	37396
284609953	1	313	2.156E-83	2	37178	38644	842	233	0.345	4.278E-62	342	751	839	37400	38644	1245	37400	38659
284700263	-1	156	3.939E-36	1	43667	44359	971	156	0.389	2.102E-37	3	222	311	-44359	-43667	693	44518	43625
284712722	-1	259	3.885E-67	1	19961	21262	1449	259	0.355	2.211E-70	316	757	764	-21262	-19961	1302	21310	19952
284853719	-1	177	1.878E-42	1	43667	44518	971	177	0.369	1.082E-44	62	334	399	-44518	-43667	852	44518	43625
286011187	-1	150	2.521E-34	2	28176	28869	1282	128	0.530	2.054E-29	5	128	245	-28869	-28495	375	28929	28360
286011187	-1	150	2.521E-34	2	28176	28869	1286	58	0.445	1.091E-06	166	234	245	-28379	-28176	204	28451	28119
286047221	-1	242	5.092E-62	1	19973	21262	1449	242	0.342	9.786E-65	330	766	775	-21262	-19973	1290	21310	19952
286245880	1	351	7.845E-95	3	17455	19351	424	108	0.510	9.612E-24	134	244	890	17455	17787	333	17395	17787
286245880	1	351	7.845E-95	3	17455	19351	436	185	0.585	1.770E-49	297	458	890	17929	18414	486	17926	18474
286245880	1	351	7.845E-95	3	17455	19351	449	258	0.568	2.452E-73	609	843	890	18668	19351	684	18665	19423
286949886	-1	251	9.944E-65	1	19973	21262	1449	251	0.348	1.084E-67	317	757	774	-21262	-19973	1290	21310	19952
287026549	1	57	2.497E-06	1	18034	18393	436	57	0.293	2.414E-05	9	132	236	18034	18393	360	17926	18474
287088917	1	76	4.762E-12	1	18668	18979	449	76	0.388	3.850E-11	0	110	187	18668	18979	312	18665	19423
287297644	1	162	6.155E-38	1	37781	38605	842	162	0.355	4.489E-38	11	284	318	37781	38605	825	37400	38659
287355416	-1	151	1.261E-34	2	28591	29085	1273	48	0.489	2.209E-04	1	50	170	-29085	-28936	150	29085	28933
287355416	-1	151	1.261E-34	2	28591	29085	1282	104	0.488	2.165E-21	53	165	170	-28929	-28591	339	28929	28360
287716858	1	287	1.447E-75	1	37400	38650	842	287	0.398	1.867E-80	109	523	626	37400	38650	1251	37400	38659
288036773	1	117	2.166E-24	2	17455	18384	424	66	0.347	5.747E-09	22	130	357	17455	17787	333	17395	17787
288036773	1	117	2.166E-24	2	17455	18384	436	93	0.355	1.991E-17	174	327	357	17926	18384	459	17926	18474
288435843	-1	170	2.404E-40	1	42766	43611	983	170	0.338	1.531E-42	161	471	472	-43611	-42766	846	43611	42748
288853525	1	354	9.806E-96	2	37187	38611	823	87	0.638	3.438E-17	67	133	646	37187	37387	201	37139	37396
288853525	1	354	9.806E-96	2	37187	38611	842	270	0.388	1.225E-74	138	544	646	37400	38611	1212	37400	38659
289296481	1	139	5.163E-31	1	37838	38644	842	139	0.324	2.466E-30	5	270	358	37838	38644	807	37400	38659
289425622	-1	177	1.878E-42	2	28125	28929	1282	125	0.464	1.845E-28	36	179	305	-28929	-28495	435	28929	28360
289425622	-1	177	1.878E-42	2	28125	28929	1286	84	0.489	9.609E-16	213	302	305	-28391	-28125	267	28451	28119
289612065	1	263	2.428E-68	1	37400	38650	842	263	0.373	2.428E-72	27	445	540	37400	38650	1251	37400	38659
290016246	-1	149	5.042E-34	1	42919	43611	983	149	0.370	2.185E-35	161	398	401	-43611	-42919	693	43611	42748
290365803	1	348	6.276E-94	2	37187	38611	823	89	0.648	9.670E-18	30	96	609	37187	37387	201	37139	37396
290365803	1	348	6.276E-94	2	37187	38611	842	262	0.380	6.172E-72	101	507	609	37400	38611	1212	37400	38659
290523167	-1	72	7.620E-11	1	2974	3213	1817	72	0.439	1.877E-11	3	90	102	-3213	-2974	240	3270	2932
291489173	-1	205	6.998E-51	1	20078	21262	1449	205	0.328	2.693E-52	321	714	772	-21262	-20078	1185	21310	19952
291672374	1	124	1.692E-26	1	36712	37089	820	124	0.516	8.883E-26	1	126	140	36712	37089	378	36037	37251
291693844	1	236	3.259E-60	1	36040	37119	820	236	0.384	2.201E-63	217	569	571	36040	37119	1080	36037	37251
291693896	-1	290	1.809E-76	2	43375	44203	971	187	0.514	4.478E-48	0	190	288	-44203	-43628	576	44518	43625
291693896	-1	290	1.809E-76	2	43375	44203	983	102	0.638	2.339E-19	192	270	288	-43611	-43375	237	43611	42748
291699386	1	102	7.097E-20	1	18668	19306	449	102	0.306	7.149E-20	63	277	333	18668	19306	639	18665	19423
291706501	-1	172	6.011E-41	1	43655	44215	971	172	0.484	4.534E-43	6	196	233	-44215	-43655	561	44518	43625
291706571	-1	190	2.293E-46	1	43772	44518	971	190	0.427	5.046E-49	25	272	273	-44518	-43772	747	44518	43625
291707015	-1	173	3.006E-41	1	43628	44395	971	173	0.390	3.322E-43	1	244	379	-44395	-43628	768	44518	43625
291707239	1	180	2.348E-43	1	36655	37137	820	180	0.573	3.305E-44	3	163	186	36655	37137	483	36037	37251
291707575	1	322	4.212E-86	2	36649	38563	820	182	0.573	7.129E-45	2	164	768	36649	37137	489	36037	37251
291707575	1	322	4.212E-86	2	36649	38563	842	245	0.374	3.906E-66	271	652	768	37400	38563	1164	37400	38659
291707603	-1	179	4.696E-43	1	42790	43611	983	179	0.363	1.180E-45	192	486	506	-43611	-42790	822	43611	42748
291709855	1	145	8.068E-33	1	36040	37041	820	145	0.291	1.078E-32	78	407	480	36040	37041	1002	36037	37251
291725239	1	286	2.894E-75	2	37148	38593	823	70	0.477	2.105E-11	9	85	612	37148	37378	231	37139	37396
291725239	1	286	2.894E-75	2	37148	38593	842	224	0.340	5.285E-59	95	501	612	37406	38593	1188	37400	38659
291745488	-1	232	5.214E-59	1	42766	43611	983	232	0.449	7.422E-64	122	407	431	-43611	-42766	846	43611	42748
291766242	-1	239	4.073E-61	1	19979	21298	1449	239	0.337	8.513E-64	353	795	813	-21298	-19979	1320	21310	19952
291785742	-1	66	4.877E-09	1	28137	28376	1286	66	0.406	1.442E-09	18	107	120	-28376	-28137	240	28451	28119
291791033	-1	269	3.793E-70	1	43634	44512	971	269	0.494	2.369E-76	100	386	439	-44512	-43634	879	44518	43625
291808240	-1	137	2.065E-30	2	28137	28929	1282	117	0.438	1.331E-25	42	184	310	-28929	-28492	438	28929	28360
291808240	-1	137	2.065E-30	2	28137	28929	1286	53	0.351	8.994E-05	219	304	310	-28382	-28137	246	28451	28119
291808571	-1	149	5.042E-34	2	28134	28929	1282	90	0.364	2.216E-16	27	167	297	-28929	-28498	432	28929	28360
291808571	-1	149	5.042E-34	2	28134	28929	1286	89	0.495	2.162E-17	199	292	297	-28415	-28134	282	28451	28119
291819786	1	127	2.115E-27	1	18668	19333	449	127	0.342	3.434E-28	118	343	391	18668	19333	666	18665	19423
291879769	-1	160	2.462E-37	1	29140	29535	1269	160	0.613	2.030E-41	83	214	223	-29535	-29140	396	29547	29089
291879978	1	128	1.057E-27	1	37907	38485	842	128	0.380	5.870E-27	2	197	218	37907	38485	579	37400	38659
291911647	-1	68	1.219E-09	1	28182	28358	1286	68	0.563	5.592E-10	1	60	71	-28358	-28182	177	28451	28119
291927811	1	147	2.017E-33	1	37997	38641	842	147	0.393	4.450E-33	22	236	337	37997	38641	645	37400	38659
291941339	1	103	3.548E-20	1	18716	19348	449	103	0.309	5.258E-20	5	216	266	18716	19348	633	18665	19423
291946746	-1	512	2.684E-143	2	42760	44368	971	224	0.488	7.843E-61	28	272	567	-44368	-43628	741	44518	43625
291946746	-1	512	2.684E-143	2	42760	44368	983	287	0.526	6.116E-83	274	562	567	-43611	-42760	852	43611	42748
291977209	-1	171	1.202E-40	1	42790	43611	983	171	0.351	1.121E-42	85	379	396	-43611	-42790	822	43611	42748
291977956	-1	171	1.202E-40	1	42790	43611	983	171	0.352	6.013E-43	31	325	342	-43611	-42790	822	43611	42748
291988527	-1	160	2.462E-37	1	43628	44203	971	160	0.456	5.078E-39	0	191	210	-44203	-43628	576	44518	43625
291994628	-1	177	1.878E-42	1	43628	44518	971	177	0.359	7.928E-45	146	439	558	-44518	-43628	891	44518	43625
291996961	-1	498	4.397E-139	2	42871	44518	971	239	0.445	7.276E-66	401	695	959	-44518	-43628	891	44518	43625
291996961	-1	498	4.397E-139	2	42871	44518	983	258	0.538	7.579E-73	697	948	959	-43611	-42871	741	43611	42748
292053938	1	144	1.614E-32	1	37970	38611	842	144	0.388	4.956E-32	0	211	286	37970	38611	642	37400	38659
292063989	-1	346	2.510E-93	2	42928	44347	971	181	0.424	3.518E-46	24	252	484	-44347	-43628	720	44518	43625
292063989	-1	346	2.510E-93	2	42928	44347	983	164	0.406	1.632E-40	254	483	484	-43611	-42928	684	43611	42748
292065424	-1	366	2.394E-99	2	42781	44515	971	184	0.368	5.424E-47	307	590	882	-44515	-43628	888	44518	43625
292065424	-1	366	2.394E-99	2	42781	44515	983	181	0.372	3.388E-46	592	879	882	-43611	-42781	831	43611	42748
292065428	-1	169	4.809E-40	1	43673	44203	971	169	0.505	7.451E-42	0	176	198	-44203	-43673	531	44518	43625
292066076	-1	179	4.696E-43	1	43655	44347	971	179	0.433	1.671E-45	31	251	275	-44347	-43655	693	44518	43625
292066354	-1	95	9.084E-18	1	28486	28881	1282	95	0.404	2.835E-18	23	151	169	-28881	-28486	396	28929	28360
292137589	1	312	4.313E-83	2	36040	38593	820	216	0.355	1.610E-56	170	532	958	36040	37146	1107	36037	37251
292137589	1	312	4.313E-83	2	36040	38593	842	164	0.381	7.246E-39	602	849	958	37838	38593	756	37400	38659
292318972	-1	353	1.961E-95	1	19958	21304	1449	353	0.440	1.432E-102	268	714	742	-21304	-19958	1347	21310	19952
292359011	-1	247	1.591E-63	1	19961	21262	1449	247	0.346	2.393E-66	317	755	768	-21262	-19961	1302	21310	19952
292433068	-1	253	2.486E-65	1	19961	21262	1449	253	0.349	2.305E-68	319	761	773	-21262	-19961	1302	21310	19952
292533874	-1	188	9.172E-46	1	19961	20869	1449	188	0.349	2.558E-46	5	331	343	-20869	-19961	909	21310	19952
292552998	-1	165	7.694E-39	1	20276	21043	1449	165	0.378	8.421E-39	57	255	296	-21043	-20276	768	21310	19952
292638627	-1	251	9.944E-65	1	19961	21259	1449	251	0.348	7.953E-68	318	759	771	-21259	-19961	1299	21310	19952
292638820	-1	253	2.486E-65	1	19961	21262	1449	253	0.350	2.305E-68	315	755	767	-21262	-19961	1302	21310	19952
292721153	-1	244	1.273E-62	1	19982	21262	1449	244	0.344	2.086E-65	319	756	835	-21262	-19982	1281	21310	19952
292752271	-1	262	4.856E-68	1	19976	21262	1449	262	0.360	1.852E-71	318	756	766	-21262	-19976	1287	21310	19952
292785066	-1	236	3.259E-60	1	19964	21262	1449	236	0.334	1.008E-62	313	754	764	-21262	-19964	1299	21310	19952
292801893	-1	258	7.769E-67	1	19961	21262	1449	258	0.354	4.110E-70	174	616	628	-21262	-19961	1302	21310	19952
292826495	-1	258	7.769E-67	1	19973	21298	1449	258	0.351	4.110E-70	262	710	717	-21298	-19973	1326	21310	19952
292839693	-1	526	1.638E-147	2	20018	24164	1377	239	0.681	1.145E-67	55	228	849	-24164	-23646	519	24206	23613
292839693	-1	526	1.638E-147	2	20018	24164	1449	287	0.400	4.330E-80	228	625	849	-21262	-20018	1245	21310	19952
294082825	-1	75	9.525E-12	1	2959	3213	1817	75	0.434	2.057E-12	31	123	128	-3213	-2959	255	3270	2932
295454694	-1	125	8.460E-27	2	2950	3587	1811	52	0.316	3.079E-04	15	114	226	-3587	-3294	294	3710	3294
295454694	-1	125	8.460E-27	2	2950	3587	1817	78	0.447	1.197E-13	109	201	226	-3231	-2950	282	3270	2932
297472321	-1	178	9.392E-43	2	28690	29544	1269	143	0.495	2.959E-35	94	246	380	-29544	-29089	456	29547	29089
297472321	-1	178	9.392E-43	2	28690	29544	1282	87	0.552	1.953E-15	300	379	380	-28929	-28690	240	28929	28360
297472991	-1	79	5.953E-13	1	28717	28929	1282	79	0.563	7.082E-13	53	123	128	-28929	-28717	213	28929	28360
297473102	-1	92	7.267E-17	1	28690	28929	1282	92	0.579	3.425E-17	70	149	150	-28929	-28690	240	28929	28360
297524224	-1	78	1.191E-12	2	28119	29070	1273	36	0.411	6.316E+00	14	58	166	-29070	-28936	135	29085	28933
297524224	-1	78	1.191E-12	2	28119	29070	1286	50	0.312	5.946E-04	68	165	166	-28412	-28119	294	28451	28119
297908331	-1	172	6.011E-41	1	43667	44515	971	172	0.363	4.534E-43	130	401	519	-44515	-43667	849	44518	43625
298167990	1	81	1.488E-13	1	18791	19135	449	81	0.378	1.391E-12	5	126	159	18791	19135	345	18665	19423
298379029	1	203	2.799E-50	1	37601	38605	842	203	0.363	4.937E-52	0	325	395	37601	38605	1005	37400	38659
298749813	1	141	1.291E-31	1	38000	38638	842	141	0.384	4.069E-31	22	230	325	38000	38638	639	37400	38659
299152854	1	262	4.856E-68	1	37400	38638	842	262	0.376	6.172E-72	108	514	532	37400	38638	1239	37400	38659
299948184	1	343	2.008E-92	2	37157	38647	823	92	0.602	7.651E-19	78	153	663	37157	37381	225	37139	37396
299948184	1	343	2.008E-92	2	37157	38647	842	256	0.368	4.793E-70	160	566	663	37400	38647	1248	37400	38659
300106261	1	255	6.215E-66	1	37400	38611	842	255	0.375	1.217E-69	60	460	566	37400	38611	1212	37400	38659
300119348	-1	177	1.878E-42	1	42862	43611	983	177	0.395	7.661E-45	77	334	335	-43611	-42862	750	43611	42748
300181779	-1	181	1.174E-43	2	28119	28929	1282	132	0.484	8.914E-31	23	164	290	-28929	-28495	435	28929	28360
300181779	-1	181	1.174E-43	2	28119	28929	1286	81	0.467	1.205E-14	198	289	290	-28391	-28119	273	28451	28119
300686705	-1	95	9.084E-18	2	2947	3452	1811	38	0.434	2.032E+01	55	99	200	-3452	-3321	132	3710	3294
300686705	-1	95	9.084E-18	2	2947	3452	1817	63	0.383	2.672E-08	107	198	200	-3222	-2947	276	3270	2932
300867903	1	157	1.970E-36	1	37916	38638	842	157	0.380	2.320E-36	11	250	367	37916	38638	723	37400	38659
301126313	-1	263	2.428E-68	1	19976	21262	1449	263	0.367	7.306E-72	323	749	759	-21262	-19976	1287	21310	19952
301531554	1	539	2.000E-151	3	36046	38593	820	234	0.379	1.039E-62	689	1047	1652	36046	37137	1092	36037	37251
301531554	1	539	2.000E-151	3	36046	38593	823	88	0.576	1.328E-17	1073	1149	1652	37157	37387	231	37139	37396
301531554	1	539	2.000E-151	3	36046	38593	842	244	0.367	5.327E-66	1154	1546	1652	37400	38593	1194	37400	38659
301636570	1	420	1.329E-115	2	36040	38626	820	252	0.396	8.807E-69	209	568	1180	36040	37146	1107	36037	37251
301636570	1	420	1.329E-115	2	36040	38626	842	272	0.388	2.584E-75	674	1081	1180	37400	38626	1227	37400	38659
302288864	1	81	1.488E-13	1	18875	19237	449	81	0.380	1.391E-12	15	134	180	18875	19237	363	18665	19423
302523002	-1	343	2.008E-92	2	42790	44518	971	176	0.366	2.018E-44	348	623	946	-44518	-43661	858	44518	43625
302523002	-1	343	2.008E-92	2	42790	44518	983	177	0.359	1.046E-44	635	929	946	-43611	-42790	822	43611	42748
302671070	1	111	1.386E-22	1	18686	19348	449	111	0.316	8.163E-23	1	222	268	18686	19348	663	18665	19423
302742137	1	116	4.331E-24	1	36763	37143	820	116	0.486	4.576E-23	8	132	160	36763	37143	381	36037	37251
303149663	1	69	6.096E-10	1	18863	19195	449	69	0.360	8.521E-09	26	129	137	18863	19195	333	18665	19423
303176083	-1	256	3.108E-66	1	19961	21262	1449	256	0.353	2.637E-69	314	754	767	-21262	-19961	1302	21310	19952
303737673	-1	159	4.924E-37	1	43628	44203	971	159	0.453	1.757E-38	0	190	231	-44203	-43628	576	44518	43625
303762519	1	259	3.885E-67	1	37400	38611	842	259	0.379	5.441E-71	31	431	537	37400	38611	1212	37400	38659
304907322	-1	177	1.878E-42	1	43661	44518	971	177	0.367	1.478E-44	81	356	366	-44518	-43661	858	44518	43625
304921233	1	104	1.774E-20	1	36040	37002	820	104	0.244	4.248E-19	168	412	451	36040	37002	963	36037	37251
305106094	1	212	5.467E-53	1	37505	38611	842	212	0.350	7.622E-55	4	367	410	37505	38611	1107	37400	38659
305813916	1	148	1.008E-33	2	13131	13697	318	86	0.664	5.288E-17	0	62	160	13131	13319	189	13107	13331
305813916	1	148	1.008E-33	2	13131	13697	326	84	0.540	4.068E-15	86	158	160	13461	13697	237	13335	13751
306151229	-1	293	2.261E-77	1	42760	43611	983	293	0.534	7.512E-85	70	358	363	-43611	-42760	852	43611	42748
306152668	-1	149	5.042E-34	2	28489	29079	1273	37	0.445	2.407E+00	63	104	266	-29079	-28954	126	29085	28933
306152668	-1	149	5.042E-34	2	28489	29079	1282	118	0.440	3.801E-26	112	254	266	-28929	-28489	441	28929	28360
306248775	1	140	2.582E-31	1	36769	37137	820	140	0.581	5.463E-31	1	123	148	36769	37137	369	36037	37251
306251169	1	373	1.870E-101	2	36040	38641	820	233	0.377	3.594E-62	340	698	1289	36040	37134	1095	36037	37251
306251169	1	373	1.870E-101	2	36040	38641	842	223	0.335	1.336E-58	783	1194	1289	37400	38641	1242	37400	38659
306260052	1	142	6.454E-32	1	36754	37146	820	142	0.557	1.635E-31	1	131	181	36754	37146	393	36037	37251
306261052	1	74	1.905E-11	1	18668	18955	449	74	0.401	1.733E-10	0	102	131	18668	18955	288	18665	19423
306275245	1	179	4.696E-43	3	17932	19294	436	91	0.358	5.074E-17	133	282	721	17932	18369	438	17926	18474
306275245	1	179	4.696E-43	3	17932	19294	439	64	0.454	4.677E-09	364	438	721	18422	18640	219	18359	18661
306275245	1	179	4.696E-43	3	17932	19294	449	110	0.321	2.060E-22	446	659	721	18668	19294	627	18665	19423
306277934	1	195	7.166E-48	3	17935	19384	436	101	0.364	2.066E-20	161	323	756	17935	18402	468	17926	18474
306277934	1	195	7.166E-48	3	17935	19384	439	63	0.452	2.277E-08	395	467	756	18425	18637	213	18359	18661
306277934	1	195	7.166E-48	3	17935	19384	449	111	0.290	8.163E-23	479	732	756	18668	19384	717	18665	19423
306278226	-1	126	4.230E-27	1	28492	28917	1282	126	0.475	7.203E-29	2	140	147	-28917	-28492	426	28929	28360
306279012	-1	59	6.242E-07	1	28125	28379	1286	59	0.384	7.955E-07	38	120	123	-28379	-28125	255	28451	28119
306285884	-1	237	1.629E-60	1	42760	43476	983	237	0.514	2.360E-65	0	243	248	-43476	-42760	717	43611	42748
306331324	-1	219	4.271E-55	1	42757	43611	983	219	0.425	3.139E-59	143	432	436	-43611	-42757	855	43611	42748
306358212	1	77	2.381E-12	1	37157	37396	823	77	0.499	9.559E-14	20	99	130	37157	37396	240	37139	37396
306360003	1	77	2.381E-12	1	18860	19195	449	77	0.388	2.107E-11	24	134	136	18860	19195	336	18665	19423
306364444	1	360	1.532E-97	2	36040	38635	820	220	0.360	7.290E-58	240	594	1200	36040	37143	1104	36037	37251
306364444	1	360	1.532E-97	2	36040	38635	842	245	0.359	3.906E-66	701	1110	1200	37400	38635	1236	37400	38659
306374410	1	60	3.121E-07	1	37163	37396	823	60	0.415	1.112E-07	62	139	151	37163	37396	234	37139	37396
306409999	1	58	1.248E-06	1	18473	18637	439	58	0.528	1.015E-06	2	56	73	18473	18637	165	18359	18661
306416732	1	98	1.135E-18	1	18668	19111	449	98	0.370	1.540E-18	10	164	168	18668	19111	444	18665	19423
306421623	1	151	1.261E-34	1	37925	38611	842	151	0.381	2.941E-34	20	249	291	37925	38611	687	37400	38659
306422646	1	122	6.768E-26	1	38027	38488	842	122	0.436	6.824E-25	99	251	254	38027	38488	462	37400	38659
306452278	-1	79	5.953E-13	1	28146	28409	1286	79	0.469	5.856E-14	42	130	131	-28409	-28146	264	28451	28119
306466055	1	64	1.951E-08	1	18404	18649	439	64	0.415	6.419E-09	8	91	154	18404	18649	246	18359	18661
306481439	-1	103	3.548E-20	1	29125	29526	1269	103	0.423	1.416E-21	55	189	225	-29526	-29125	402	29547	29089
306482841	1	101	1.419E-19	1	18668	19051	449	101	0.415	2.443E-19	28	162	163	18668	19051	384	18665	19423
306487849	-1	197	1.791E-48	1	42802	43401	983	197	0.510	9.330E-52	0	204	207	-43401	-42802	600	43611	42748
306518195	-1	172	6.011E-41	1	42790	43611	983	172	0.353	3.225E-43	31	325	362	-43611	-42790	822	43611	42748
306530986	1	515	3.355E-144	3	36106	38611	820	205	0.358	1.256E-52	56	388	1004	36106	37140	1035	36037	37251
306530986	1	515	3.355E-144	3	36106	38611	823	87	0.638	3.438E-17	425	491	1004	37187	37387	201	37139	37396
306530986	1	515	3.355E-144	3	36106	38611	842	261	0.378	1.569E-71	496	902	1004	37400	38611	1212	37400	38659
306531669	-1	91	1.453E-16	1	28528	28878	1282	91	0.417	6.384E-17	2	122	214	-28878	-28528	351	28929	28360
306630697	-1	198	8.957E-49	1	43628	44215	971	198	0.529	9.820E-52	1	196	245	-44215	-43628	588	44518	43625
306862128	-1	252	4.972E-65	1	19961	21262	1449	252	0.349	4.282E-68	174	616	628	-21262	-19961	1302	21310	19952
306873858	-1	246	3.182E-63	1	19961	21262	1449	246	0.342	6.053E-66	325	768	775	-21262	-19961	1302	21310	19952
307045413	-1	247	1.591E-63	1	20102	21262	1449	247	0.368	1.756E-66	267	668	727	-21262	-20102	1161	21310	19952
307057146	-1	241	1.018E-61	1	20126	21262	1449	241	0.367	3.369E-64	317	708	744	-21262	-20126	1137	21310	19952
307060854	-1	250	1.989E-64	1	19961	21262	1449	250	0.348	2.013E-67	382	822	834	-21262	-19961	1302	21310	19952
307062881	-1	258	7.769E-67	1	19973	21262	1449	258	0.354	3.015E-70	329	772	781	-21262	-19973	1290	21310	19952
307093583	-1	263	2.428E-68	1	19961	21262	1449	263	0.357	7.306E-72	321	767	772	-21262	-19961	1302	21310	19952
307098380	-1	238	8.146E-61	1	19961	21262	1449	238	0.337	2.151E-63	316	754	767	-21262	-19961	1302	21310	19952
307117878	-1	58	1.248E-06	1	2953	3216	1817	58	0.358	1.175E-06	58	150	167	-3216	-2953	264	3270	2932
307128189	-1	261	9.711E-68	1	19961	21262	1449	261	0.358	2.525E-71	314	755	767	-21262	-19961	1302	21310	19952
307172486	-1	236	3.259E-60	1	19973	21262	1449	236	0.335	1.372E-62	323	761	776	-21262	-19973	1290	21310	19952
307251557	-1	258	7.769E-67	1	19964	21262	1449	258	0.355	4.110E-70	317	758	773	-21262	-19964	1299	21310	19952
307308671	-1	252	4.972E-65	1	19961	21262	1449	252	0.348	5.836E-68	320	762	774	-21262	-19961	1302	21310	19952
307329192	-1	254	1.243E-65	1	19976	21262	1449	254	0.353	6.679E-69	290	728	738	-21262	-19976	1287	21310	19952
307412639	-1	355	4.903E-96	1	19961	21304	1449	355	0.443	2.196E-103	306	752	785	-21304	-19961	1344	21310	19952
307884371	-1	122	6.768E-26	2	2944	3443	1811	42	0.432	7.001E-01	57	107	201	-3443	-3294	150	3710	3294
307884371	-1	122	6.768E-26	2	2944	3443	1817	80	0.467	2.466E-14	107	197	201	-3216	-2944	273	3270	2932
309291267	-1	103	3.548E-20	2	2944	3608	1811	41	0.277	1.759E+00	6	95	209	-3608	-3324	285	3710	3294
309291267	-1	103	3.548E-20	2	2944	3608	1817	72	0.417	1.369E-11	107	201	209	-3213	-2944	270	3270	2932
310488724	-1	114	1.733E-23	2	2950	3533	1811	39	0.322	1.104E+01	29	94	201	-3533	-3324	210	3710	3294
310488724	-1	114	1.733E-23	2	2950	3533	1817	74	0.417	3.869E-12	96	192	201	-3240	-2950	291	3270	2932
310547047	-1	112	6.930E-23	2	2947	3554	1811	41	0.295	1.759E+00	27	108	200	-3554	-3297	258	3710	3294
310547047	-1	112	6.930E-23	2	2947	3554	1817	72	0.425	1.877E-11	107	198	200	-3222	-2947	276	3270	2932
311598470	-1	120	2.707E-25	2	2956	3656	1811	41	0.252	2.390E+00	7	116	221	-3656	-3327	330	3710	3294
311598470	-1	120	2.707E-25	2	2956	3656	1817	81	0.443	1.798E-14	120	217	221	-3240	-2956	285	3270	2932
311834106	-1	67	2.438E-09	1	28125	28409	1286	67	0.394	7.669E-10	39	133	146	-28409	-28125	285	28451	28119
311835467	-1	67	2.438E-09	1	28140	28415	1286	67	0.401	1.052E-09	20	109	116	-28415	-28140	276	28451	28119
312013415	-1	171	1.202E-40	2	28717	29544	1269	145	0.501	4.462E-36	94	246	375	-29544	-29089	456	29547	29089
312013415	-1	171	1.202E-40	2	28717	29544	1282	78	0.551	3.327E-12	300	370	375	-28929	-28717	213	28929	28360
312013512	-1	258	7.769E-67	3	28714	29544	1269	141	0.491	1.044E-34	107	259	431	-29544	-29089	456	29547	29089
312013512	-1	258	7.769E-67	3	28714	29544	1273	37	0.422	2.407E+00	266	310	431	-29070	-28936	135	29085	28933
312013512	-1	258	7.769E-67	3	28714	29544	1282	86	0.594	4.959E-15	313	384	431	-28929	-28714	216	28929	28360
312014168	-1	260	1.942E-67	3	28684	29544	1269	143	0.495	2.959E-35	107	259	423	-29544	-29089	456	29547	29089
312014168	-1	260	1.942E-67	3	28684	29544	1273	36	0.415	4.579E+00	266	310	423	-29070	-28936	135	29085	28933
312014168	-1	260	1.942E-67	3	28684	29544	1282	87	0.539	2.664E-15	313	394	423	-28929	-28684	246	28929	28360
312014795	-1	257	1.554E-66	3	28717	29544	1269	143	0.495	2.959E-35	21	173	298	-29544	-29089	456	29547	29089
312014795	-1	257	1.554E-66	3	28717	29544	1273	36	0.415	4.579E+00	180	224	298	-29070	-28936	135	29085	28933
312014795	-1	257	1.554E-66	3	28717	29544	1282	84	0.591	1.717E-14	227	297	298	-28929	-28717	213	28929	28360
312060772	-1	242	5.092E-62	3	28486	29547	1269	118	0.432	9.052E-27	55	205	529	-29547	-29098	450	29547	29089
312060772	-1	242	5.092E-62	3	28486	29547	1273	34	0.386	3.159E+01	215	260	529	-29070	-28933	138	29085	28933
312060772	-1	242	5.092E-62	3	28486	29547	1282	101	0.394	3.599E-20	265	406	529	-28920	-28486	435	28929	28360
312335922	1	108	1.109E-21	1	18665	19273	449	108	0.324	7.069E-22	14	221	307	18665	19273	609	18665	19423
312433831	1	123	3.384E-26	1	37823	38584	842	123	0.311	2.802E-25	3	255	368	37823	38584	762	37400	38659
312488516	-1	126	4.230E-27	1	43066	43611	983	126	0.394	2.473E-27	101	282	322	-43611	-43066	546	43611	42748
312574565	1	104	1.774E-20	1	36307	36888	820	104	0.329	5.695E-19	23	211	216	36307	36888	582	36037	37251
313238801	1	122	6.768E-26	1	38123	38644	842	122	0.396	6.824E-25	4	179	267	38123	38644	522	37400	38659
313547001	1	86	4.651E-15	1	18737	19252	449	86	0.313	2.698E-14	4	173	253	18737	19252	516	18665	19423
313629647	-1	183	2.935E-44	1	42766	43611	983	183	0.356	5.211E-47	161	471	472	-43611	-42766	846	43611	42748
313719002	1	126	4.230E-27	1	38168	38638	842	126	0.441	3.502E-26	20	176	269	38168	38638	471	37400	38659
313802210	1	158	9.848E-37	1	37940	38641	842	158	0.389	1.265E-36	2	232	304	37940	38641	702	37400	38659
313835010	1	180	2.348E-43	1	36040	37041	820	180	0.334	3.305E-44	242	565	567	36040	37041	1002	36037	37251
314002429	-1	183	2.935E-44	2	28119	28929	1282	134	0.491	1.356E-31	23	164	290	-28929	-28495	435	28929	28360
314002429	-1	183	2.935E-44	2	28119	28929	1286	81	0.467	1.205E-14	198	289	290	-28391	-28119	273	28451	28119
314109952	1	208	8.747E-52	2	37796	38831	842	188	0.389	7.934E-47	2	282	374	37796	38638	843	37400	38659
314109952	1	208	8.747E-52	2	37796	38831	844	46	0.559	2.721E-03	310	349	374	38712	38831	120	38667	38855
314232992	-1	278	7.409E-73	1	19973	21310	1449	278	0.367	5.511E-77	303	756	765	-21310	-19973	1338	21310	19952
314354155	1	250	1.989E-64	1	37493	38599	842	250	0.394	6.905E-68	0	366	489	37493	38599	1107	37400	38659
314685182	1	160	2.462E-37	1	37970	38638	842	160	0.408	2.049E-37	0	221	350	37970	38638	669	37400	38659
315235453	1	194	1.433E-47	1	37655	38647	842	194	0.354	7.938E-49	3	326	416	37655	38647	993	37400	38659
315243630	1	75	9.525E-12	1	18875	19279	449	75	0.335	9.497E-11	5	136	168	18875	19279	405	18665	19423
316259432	1	211	1.093E-52	1	37601	38635	842	211	0.363	1.923E-54	1	347	538	37601	38635	1035	37400	38659
316443789	-1	279	3.705E-73	1	43727	44518	971	279	0.551	9.254E-80	261	521	524	-44518	-43727	792	44518	43625
317502425	1	87	2.325E-15	1	17947	18291	436	87	0.402	1.563E-15	13	133	136	17947	18291	345	17926	18474
317937084	1	244	1.273E-62	1	37400	38605	842	244	0.364	7.265E-66	41	410	516	37400	38605	1206	37400	38659
318013043	-1	239	4.073E-61	1	19979	21262	1449	239	0.339	1.579E-63	175	611	628	-21262	-19979	1284	21310	19952
318036016	1	209	4.374E-52	1	36088	37041	820	209	0.384	5.727E-54	292	604	606	36088	37041	954	36037	37251
319094645	-1	67	2.438E-09	1	2956	3222	1817	67	0.413	8.301E-10	82	170	176	-3222	-2956	267	3270	2932
319813486	-1	300	1.766E-79	3	28125	29547	1269	174	0.582	3.251E-46	111	262	581	-29547	-29089	459	29547	29089
319813486	-1	300	1.766E-79	3	28125	29547	1282	136	0.495	3.863E-32	316	459	581	-28929	-28495	435	28929	28360
319813486	-1	300	1.766E-79	3	28125	29547	1286	76	0.466	7.343E-13	495	580	581	-28379	-28125	255	28451	28119
320175618	-1	54	1.998E-05	1	3297	3626	1811	54	0.305	6.503E-05	6	114	127	-3626	-3297	330	3710	3294
320456142	-1	143	3.227E-32	2	2941	3626	1811	57	0.334	7.348E-06	6	104	269	-3626	-3324	303	3710	3294
320456142	-1	143	3.227E-32	2	2941	3626	1817	89	0.483	2.355E-17	109	205	269	-3231	-2941	291	3270	2932
320679206	-1	239	4.073E-61	1	19964	21310	1449	239	0.332	1.160E-63	293	744	757	-21310	-19964	1347	21310	19952
320695772	-1	51	1.598E-04	1	28215	28400	1286	51	0.429	3.169E-04	23	85	98	-28400	-28215	186	28451	28119
320706996	-1	247	1.591E-63	1	19988	21298	1449	247	0.342	1.756E-66	296	742	756	-21298	-19988	1311	21310	19952
320738276	-1	247	1.591E-63	1	19979	21292	1449	247	0.345	2.393E-66	299	738	756	-21292	-19979	1314	21310	19952
320777090	-1	493	1.407E-137	2	42748	44518	971	234	0.439	3.123E-64	279	562	858	-44518	-43628	891	44518	43625
320777090	-1	493	1.407E-137	2	42748	44518	983	258	0.476	1.420E-72	564	857	858	-43611	-42748	864	43611	42748
320777207	1	77	2.381E-12	1	36901	37146	820	77	0.488	1.938E-10	0	81	114	36901	37146	246	36037	37251
320789834	-1	159	4.924E-37	1	43628	44230	971	159	0.437	1.757E-38	2	201	250	-44230	-43628	603	44518	43625
320792900	1	159	4.924E-37	1	37478	38392	842	159	0.326	3.761E-37	16	321	323	37478	38392	915	37400	38659
320793237	1	291	9.044E-77	2	37178	38638	823	70	0.524	2.892E-11	19	86	590	37178	37381	204	37139	37396
320793237	1	291	9.044E-77	2	37178	38638	842	226	0.339	1.125E-59	93	494	590	37400	38638	1239	37400	38659
320797862	1	56	4.994E-06	1	17932	18237	436	56	0.327	6.020E-05	23	124	126	17932	18237	306	17926	18474
320801431	1	125	8.460E-27	1	38123	38638	842	125	0.409	8.544E-26	4	175	269	38123	38638	516	37400	38659
320817042	1	187	1.834E-45	2	18419	19348	439	62	0.408	3.124E-08	168	250	522	18419	18661	243	18359	18661
320817042	1	187	1.834E-45	2	18419	19348	449	126	0.340	4.683E-28	253	477	522	18668	19348	681	18665	19423
320819930	1	85	9.302E-15	1	36415	37215	820	85	0.233	4.759E-13	6	290	428	36415	37215	801	36037	37251
320828349	-1	73	3.810E-11	1	28492	28782	1282	73	0.412	1.353E-10	1	94	121	-28782	-28492	291	28929	28360
320841800	-1	91	1.453E-16	2	28236	28773	1282	78	0.445	2.442E-12	6	97	190	-28773	-28492	282	28929	28360
320841800	-1	91	1.453E-16	2	28236	28773	1286	42	0.445	5.943E-01	128	175	190	-28376	-28236	141	28451	28119
320842148	-1	88	1.163E-15	1	28570	28869	1282	88	0.465	7.687E-16	1	101	109	-28869	-28570	300	28929	28360
320874072	-1	118	1.083E-24	1	43198	43608	983	118	0.463	1.155E-24	83	219	233	-43608	-43198	411	43611	42748
320886697	-1	173	3.006E-41	1	42928	43497	983	173	0.480	1.729E-43	1	194	195	-43497	-42928	570	43611	42748
320900346	-1	193	2.866E-47	2	28936	29478	1269	151	0.589	5.396E-38	0	129	192	-29478	-29089	390	29547	29089
320900346	-1	193	2.866E-47	2	28936	29478	1273	43	0.448	1.953E-02	132	180	192	-29082	-28936	147	29085	28933
320951124	1	57	2.497E-06	1	18413	18661	439	57	0.380	2.622E-06	4	85	155	18413	18661	249	18359	18661
320962994	-1	73	3.810E-11	1	28492	28782	1282	73	0.414	9.942E-11	1	94	108	-28782	-28492	291	28929	28360
320988014	1	291	9.044E-77	2	36040	37396	820	224	0.366	2.416E-59	45	386	541	36040	37137	1098	36037	37251
320988014	1	291	9.044E-77	2	36040	37396	823	97	0.630	1.241E-20	418	493	541	37169	37396	228	37139	37396
320989687	1	68	1.219E-09	1	18028	18402	436	68	0.330	3.317E-09	0	124	183	18028	18402	375	17926	18474
320994775	-1	145	8.068E-33	2	28492	29055	1273	42	0.517	3.707E-02	1	40	260	-29055	-28936	120	29085	28933
320994775	-1	145	8.068E-33	2	28492	29055	1282	104	0.400	4.045E-21	43	185	260	-28929	-28492	438	28929	28360
321022274	1	103	3.548E-20	1	18668	19060	449	103	0.415	5.258E-20	58	195	208	18668	19060	393	18665	19423
321025851	1	103	3.548E-20	1	18686	19111	449	103	0.393	3.866E-20	1	149	158	18686	19111	426	18665	19423
321027913	-1	115	8.663E-24	1	42760	43092	983	115	0.522	1.341E-23	5	118	123	-43092	-42760	333	43611	42748
321056999	-1	216	3.417E-54	3	28137	29535	1269	126	0.464	1.213E-29	120	266	581	-29535	-29098	438	29547	29089
321056999	-1	216	3.417E-54	3	28137	29535	1282	101	0.390	2.634E-20	317	461	581	-28929	-28486	444	28929	28360
321056999	-1	216	3.417E-54	3	28137	29535	1286	63	0.399	2.473E-08	488	574	581	-28397	-28137	261	28451	28119
321060998	-1	172	6.011E-41	1	42790	43611	983	172	0.353	3.225E-43	31	325	357	-43611	-42790	822	43611	42748
321070790	-1	85	9.302E-15	1	28486	28878	1282	85	0.373	9.228E-15	2	129	210	-28878	-28486	393	28929	28360
321072646	1	268	7.587E-70	1	37400	38653	842	268	0.379	4.255E-74	212	627	672	37400	38653	1254	37400	38659
321078749	-1	211	1.093E-52	1	42766	43611	983	211	0.417	1.644E-56	122	407	423	-43611	-42766	846	43611	42748
321080783	-1	304	1.104E-80	1	42748	43611	983	304	0.544	1.131E-88	89	381	382	-43611	-42748	864	43611	42748
321086563	-1	106	4.435E-21	1	43249	43611	983	106	0.467	1.512E-20	19	138	139	-43611	-43249	363	43611	42748
321115824	1	268	7.587E-70	1	37514	38641	842	268	0.407	5.808E-74	0	376	467	37514	38641	1128	37400	38659
321136588	1	136	4.131E-30	1	37970	38611	842	136	0.372	2.713E-29	0	211	309	37970	38611	642	37400	38659
321142281	1	85	9.302E-15	1	17932	18375	436	85	0.342	1.011E-14	8	155	201	17932	18375	444	17926	18474
321146399	-1	186	3.669E-45	1	43628	44377	971	186	0.420	8.355E-48	4	241	298	-44377	-43628	750	44518	43625
321146487	-1	144	1.614E-32	2	28420	29049	1273	40	0.501	2.541E-01	56	94	331	-29049	-28933	117	29085	28933
321146487	-1	144	1.614E-32	2	28420	29049	1282	107	0.372	3.321E-22	99	264	331	-28920	-28420	501	28929	28360
321150346	-1	345	5.021E-93	2	42790	44518	971	174	0.367	9.567E-44	163	433	757	-44518	-43673	846	44518	43625
321150346	-1	345	5.021E-93	2	42790	44518	983	185	0.367	1.496E-47	449	748	757	-43611	-42790	822	43611	42748
321150544	-1	397	1.115E-108	2	42790	44506	971	188	0.377	1.757E-48	399	680	969	-44506	-43628	879	44518	43625
321150544	-1	397	1.115E-108	2	42790	44506	983	208	0.423	2.009E-55	682	958	969	-43611	-42790	822	43611	42748
321158549	1	126	4.230E-27	1	36100	36918	820	126	0.301	3.628E-26	2	263	270	36100	36918	819	36037	37251
321165878	-1	95	9.084E-18	1	28432	28929	1282	95	0.343	3.871E-18	50	211	313	-28929	-28432	498	28929	28360
321198728	-1	219	4.271E-55	1	42781	43611	983	219	0.435	3.139E-59	67	347	349	-43611	-42781	831	43611	42748
321220947	1	383	1.826E-104	2	36040	38584	820	211	0.349	6.584E-55	400	749	1320	36040	37146	1107	36037	37251
321220947	1	383	1.826E-104	2	36040	38584	842	276	0.400	6.160E-77	855	1253	1320	37400	38584	1185	37400	38659
321532854	-1	257	1.554E-66	1	19961	21262	1449	257	0.353	7.638E-70	318	760	772	-21262	-19961	1302	21310	19952
321621400	-1	256	3.108E-66	1	19973	21262	1449	256	0.351	2.637E-69	332	775	784	-21262	-19973	1290	21310	19952
321701942	-1	239	4.073E-61	1	19961	21262	1449	239	0.338	1.579E-63	316	754	767	-21262	-19961	1302	21310	19952
321782544	-1	253	2.486E-65	1	19976	21262	1449	253	0.350	2.305E-68	320	761	771	-21262	-19976	1287	21310	19952
321799973	-1	229	4.171E-58	1	20054	21262	1449	229	0.343	1.913E-60	316	728	769	-21262	-20054	1209	21310	19952
321845966	-1	257	1.554E-66	1	19976	21262	1449	257	0.358	7.638E-70	329	763	773	-21262	-19976	1287	21310	19952
321977176	-1	244	1.273E-62	1	19973	21298	1449	244	0.338	2.086E-65	318	766	775	-21298	-19973	1326	21310	19952
324538116	-1	133	3.305E-29	2	2950	3608	1811	59	0.335	1.130E-06	6	104	312	-3608	-3294	315	3710	3294
324538116	-1	133	3.305E-29	2	2950	3608	1817	82	0.443	5.079E-15	96	195	312	-3231	-2950	282	3270	2932
326555267	-1	272	4.742E-71	3	28678	29544	1269	143	0.495	2.959E-35	107	259	475	-29544	-29089	456	29547	29089
326555267	-1	272	4.742E-71	3	28678	29544	1273	36	0.415	4.579E+00	266	310	475	-29070	-28936	135	29085	28933
326555267	-1	272	4.742E-71	3	28678	29544	1282	99	0.592	1.254E-19	313	396	475	-28929	-28678	252	28929	28360
326555558	-1	173	3.006E-41	2	28717	29544	1269	143	0.497	1.575E-35	142	294	423	-29544	-29089	456	29547	29089
326555558	-1	173	3.006E-41	2	28717	29544	1282	82	0.577	1.104E-13	348	418	423	-28929	-28717	213	28929	28360
326918384	1	174	1.503E-41	2	37607	38834	842	185	0.352	9.217E-46	254	572	692	37607	38563	957	37400	38659
326918384	1	174	1.503E-41	2	37607	38834	844	44	0.532	9.776E-03	629	669	692	38715	38834	120	38667	38855
327160240	1	137	2.065E-30	1	36040	37041	820	137	0.280	8.216E-30	250	554	569	36040	37041	1002	36037	37251
327161026	1	113	3.465E-23	2	17455	18369	424	56	0.311	1.062E-05	22	130	325	17455	17787	333	17395	17787
327161026	1	113	3.465E-23	2	17455	18369	436	99	0.381	1.348E-19	174	322	325	17926	18369	444	17926	18474
327278537	1	80	2.977E-13	1	18806	19267	449	80	0.321	1.882E-12	0	153	193	18806	19267	462	18665	19423
327815597	-1	260	1.942E-67	1	19961	21250	1449	260	0.360	6.401E-71	280	716	724	-21250	-19961	1290	21310	19952
327983768	-1	333	2.056E-89	2	42766	44518	971	169	0.384	7.451E-42	384	628	959	-44518	-43751	768	44518	43625
327983768	-1	333	2.056E-89	2	42766	44518	983	182	0.354	1.329E-46	648	958	959	-43611	-42766	846	43611	42748
328802909	1	156	3.939E-36	1	37811	38638	842	156	0.345	3.142E-36	1	276	374	37811	38638	828	37400	38659
328814624	1	108	1.109E-21	1	18668	19279	449	108	0.323	9.620E-22	20	227	296	18668	19279	612	18665	19423
328814637	1	204	1.400E-50	1	37664	38596	842	204	0.383	3.629E-52	9	317	352	37664	38596	933	37400	38659
329042380	1	318	6.739E-85	2	37160	38635	823	74	0.513	1.210E-12	88	161	733	37160	37381	222	37139	37396
329042380	1	318	6.739E-85	2	37160	38635	842	249	0.363	1.285E-67	168	579	733	37400	38635	1236	37400	38659
329422414	-1	194	1.433E-47	2	28131	28821	1282	106	0.440	8.481E-22	2	130	234	-28821	-28429	393	28929	28360
329422414	-1	194	1.433E-47	2	28131	28821	1286	100	0.585	3.084E-21	144	229	234	-28385	-28131	255	28451	28119
329843225	-1	192	5.733E-47	2	28405	29079	1273	42	0.452	2.691E-02	30	77	348	-29079	-28936	144	29085	28933
329843225	-1	192	5.733E-47	2	28405	29079	1282	151	0.466	2.526E-37	80	254	348	-28929	-28405	525	28929	28360
330338220	1	154	1.576E-35	1	38015	38626	842	154	0.422	1.429E-35	10	214	313	38015	38626	612	37400	38659
330739107	-1	176	3.757E-42	2	28137	28929	1282	130	0.476	4.280E-30	16	161	285	-28929	-28495	435	28929	28360
330739107	-1	176	3.757E-42	2	28137	28929	1286	69	0.407	2.168E-10	186	278	285	-28409	-28137	273	28451	28119
330882184	1	63	3.901E-08	1	18821	19111	449	63	0.371	7.388E-07	20	109	120	18821	19111	291	18665	19423
330883758	-1	175	7.514E-42	1	43688	44518	971	175	0.373	5.134E-44	68	334	347	-44518	-43688	831	44518	43625
331046599	1	169	4.809E-40	1	37400	38386	842	169	0.324	1.877E-40	18	335	420	37400	38386	987	37400	38659
331590228	1	254	1.243E-65	1	37400	38599	842	254	0.376	2.266E-69	10	395	521	37400	38599	1200	37400	38659
331734839	1	141	1.291E-31	1	36310	36933	820	141	0.390	2.989E-31	187	392	400	36310	36933	624	36037	37251
332283203	-1	250	1.989E-64	1	19961	21262	1449	250	0.350	1.477E-67	316	752	763	-21262	-19961	1302	21310	19952
332677703	1	82	7.441E-14	1	36910	37146	820	82	0.530	4.724E-12	0	78	127	36910	37146	237	36037	37251
333099154	1	166	3.847E-39	1	37796	38563	842	166	0.379	2.909E-39	2	255	375	37796	38563	768	37400	38659
333202050	1	289	3.618E-76	2	37400	38846	842	286	0.406	4.757E-80	130	529	634	37400	38611	1212	37400	38659
333202050	1	289	3.618E-76	2	37400	38846	844	40	0.468	3.302E-01	568	610	634	38721	38846	126	38667	38855
333235874	-1	258	7.769E-67	1	19961	21262	1449	258	0.353	5.603E-70	314	757	770	-21262	-19961	1302	21310	19952
333285486	1	121	1.354E-25	1	36733	37149	820	121	0.466	1.747E-24	0	138	200	36733	37149	417	36037	37251
333432365	1	74	1.905E-11	1	37148	37396	823	74	0.467	1.662E-12	57	138	157	37148	37396	249	37139	37396
333742036	1	112	6.930E-23	1	18668	19288	449	112	0.329	3.234E-23	2	212	255	18668	19288	621	18665	19423
333994664	1	137	2.065E-30	1	38015	38563	842	137	0.416	8.185E-30	48	232	352	38015	38563	549	37400	38659
334413178	1	242	5.092E-62	2	37400	38834	842	231	0.342	1.477E-61	86	496	592	37400	38650	1251	37400	38659
334413178	1	242	5.092E-62	2	37400	38834	844	42	0.510	4.839E-02	529	569	592	38715	38834	120	38667	38855
335222298	-1	247	1.591E-63	1	20069	21298	1449	247	0.361	2.393E-66	296	707	755	-21298	-20069	1230	21310	19952
335246765	-1	235	6.517E-60	1	19979	21298	1449	235	0.333	1.868E-62	296	737	756	-21298	-19979	1320	21310	19952
335278964	-1	241	1.018E-61	1	19979	21292	1449	241	0.340	1.816E-64	371	810	828	-21292	-19979	1314	21310	19952
335331268	-1	102	7.097E-20	2	28125	28692	1282	59	0.465	6.174E-06	0	63	189	-28692	-28495	198	28929	28360
335331268	-1	102	7.097E-20	2	28125	28692	1286	75	0.447	1.382E-12	97	186	189	-28391	-28125	267	28451	28119
335331581	-1	374	9.352E-102	2	42781	44464	971	175	0.372	3.760E-44	230	496	788	-44464	-43628	837	44518	43625
335331581	-1	374	9.352E-102	2	42781	44464	983	198	0.396	6.826E-52	498	785	788	-43611	-42781	831	43611	42748
335331946	-1	334	1.028E-89	2	42835	44518	971	167	0.358	2.584E-41	348	617	950	-44518	-43679	840	44518	43625
335331946	-1	334	1.028E-89	2	42835	44518	983	183	0.394	9.727E-47	635	901	950	-43611	-42835	777	43611	42748
335356014	-1	96	4.542E-18	1	28119	28409	1286	96	0.508	9.999E-20	74	171	172	-28409	-28119	291	28451	28119
335384065	-1	59	6.242E-07	1	28131	28400	1286	59	0.351	4.233E-07	18	115	116	-28400	-28131	270	28451	28119
335385339	-1	57	2.497E-06	1	28131	28400	1286	57	0.341	2.809E-06	18	115	116	-28400	-28131	270	28451	28119
335397352	1	365	4.788E-99	3	36106	38712	820	218	0.375	3.427E-57	183	523	1127	36106	37137	1032	36037	37251
335397352	1	365	4.788E-99	3	36106	38712	842	235	0.357	6.667E-63	631	1022	1127	37400	38596	1197	37400	38659
335397352	1	365	4.788E-99	3	36106	38712	843	34	0.654	4.828E+01	1040	1063	1127	38641	38712	72	38629	38829
335415921	1	86	4.651E-15	1	36829	37146	820	86	0.438	2.678E-13	14	118	169	36829	37146	318	36037	37251
335427652	-1	133	3.305E-29	1	43081	43527	983	133	0.476	7.071E-30	2	151	165	-43527	-43081	447	43611	42748
335454295	-1	183	2.935E-44	1	43628	44407	971	183	0.403	7.407E-47	72	322	459	-44407	-43628	780	44518	43625
335463915	-1	63	3.901E-08	1	28161	28364	1286	63	0.476	1.803E-08	4	72	77	-28364	-28161	204	28451	28119
335505871	1	145	8.068E-33	1	37997	38611	842	145	0.403	2.008E-32	0	203	304	37997	38611	615	37400	38659
335514927	-1	240	2.037E-61	1	20036	21298	1449	240	0.338	6.251E-64	296	735	756	-21298	-20036	1263	21310	19952
335518229	1	246	3.182E-63	1	37400	38563	842	246	0.375	1.540E-66	18	399	472	37400	38563	1164	37400	38659
335518852	-1	545	3.124E-153	2	42748	44518	971	245	0.454	4.832E-68	402	696	991	-44518	-43628	891	44518	43625
335518852	-1	545	3.124E-153	2	42748	44518	983	299	0.536	9.221E-87	698	990	991	-43611	-42748	864	43611	42748
335544990	-1	206	3.499E-51	1	43634	44431	971	206	0.433	1.017E-54	93	350	366	-44431	-43634	798	44518	43625
335562181	1	101	1.419E-19	1	18701	19279	449	101	0.319	2.443E-19	0	197	210	18701	19279	579	18665	19423
335563704	1	116	4.331E-24	1	18668	19348	449	116	0.320	1.472E-24	146	373	423	18668	19348	681	18665	19423
335612569	-1	112	6.930E-23	3	28140	29535	1269	128	0.470	2.509E-30	79	225	483	-29535	-29098	438	29547	29089
335612569	-1	112	6.930E-23	3	28140	29535	1273	43	0.515	1.953E-02	231	271	483	-29082	-28960	123	29085	28933
335612569	-1	112	6.930E-23	3	28140	29535	1286	58	0.367	1.091E-06	386	475	483	-28406	-28140	267	28451	28119
335612732	-1	50	3.196E-04	1	28140	28421	1286	50	0.312	8.145E-04	32	128	136	-28421	-28140	282	28451	28119
335614547	-1	50	3.196E-04	1	28140	28355	1286	50	0.384	5.946E-04	7	78	86	-28355	-28140	216	28451	28119
335616405	-1	55	9.988E-06	1	28140	28397	1286	55	0.360	1.358E-05	38	124	132	-28397	-28140	258	28451	28119
335621129	1	125	8.460E-27	1	18668	19315	449	125	0.349	1.187E-27	98	313	379	18668	19315	648	18665	19423
335630022	-1	194	1.433E-47	1	42967	43611	983	194	0.484	1.553E-50	170	383	385	-43611	-42967	645	43611	42748
335707439	-1	243	2.546E-62	3	28119	29079	1273	44	0.494	5.421E-03	45	89	362	-29079	-28945	135	29085	28933
335707439	-1	243	2.546E-62	3	28119	29079	1282	137	0.496	1.506E-32	95	237	362	-28929	-28492	438	28929	28360
335707439	-1	243	2.546E-62	3	28119	29079	1286	93	0.505	6.669E-19	266	361	362	-28403	-28119	285	28451	28119
336000525	-1	239	4.073E-61	1	19976	21262	1449	239	0.339	8.513E-64	342	779	793	-21262	-19976	1287	21310	19952
336018448	-1	256	3.108E-66	1	19976	21262	1449	256	0.354	2.637E-69	318	756	766	-21262	-19976	1287	21310	19952
336053568	-1	241	1.018E-61	1	19997	21262	1449	241	0.341	1.816E-64	292	729	743	-21262	-19997	1266	21310	19952
336176405	-1	262	4.856E-68	1	19961	21262	1449	262	0.356	1.358E-71	321	767	772	-21262	-19961	1302	21310	19952
336182757	-1	250	1.989E-64	1	19961	21262	1449	250	0.347	2.013E-67	306	747	759	-21262	-19961	1302	21310	19952
336219793	-1	255	6.215E-66	1	19961	21262	1449	255	0.351	4.900E-69	320	762	774	-21262	-19961	1302	21310	19952
336243269	-1	241	1.018E-61	1	19961	21262	1449	241	0.338	2.473E-64	323	765	772	-21262	-19961	1302	21310	19952
336346487	-1	244	1.273E-62	1	19976	21136	1449	244	0.367	1.531E-65	321	719	734	-21136	-19976	1161	21310	19952
336403456	-1	255	6.215E-66	1	19961	21262	1449	255	0.351	4.900E-69	319	761	773	-21262	-19961	1302	21310	19952
336406894	-1	239	4.073E-61	1	19961	21262	1449	239	0.337	8.513E-64	318	759	771	-21262	-19961	1302	21310	19952
336491003	-1	245	6.364E-63	1	19961	21262	1449	245	0.342	8.247E-66	89	532	639	-21262	-19961	1302	21310	19952
336514781	-1	254	1.243E-65	1	19961	21262	1449	254	0.351	9.104E-69	321	761	774	-21262	-19961	1302	21310	19952
336536186	-1	230	2.085E-58	1	20054	21262	1449	230	0.344	1.032E-60	341	753	794	-21262	-20054	1209	21310	19952
340729686	-1	199	4.479E-49	1	23646	24140	1377	199	0.611	5.487E-54	104	268	302	-24140	-23646	495	24206	23613
340822869	-1	144	1.614E-32	1	29089	29544	1269	144	0.499	8.382E-36	94	246	274	-29544	-29089	456	29547	29089
340906537	-1	77	2.381E-12	1	28140	28325	1286	77	0.610	3.902E-13	18	79	87	-28325	-28140	186	28451	28119
341097263	-1	178	9.392E-43	2	28696	29544	1269	145	0.503	3.255E-36	80	232	376	-29544	-29089	456	29547	29089
341097263	-1	178	9.392E-43	2	28696	29544	1282	85	0.550	1.259E-14	286	363	376	-28929	-28696	234	28929	28360
341097611	-1	134	1.652E-29	1	29104	29544	1269	134	0.483	3.043E-32	94	241	268	-29544	-29104	441	29547	29089
341281469	1	77	2.381E-12	1	17926	18351	436	77	0.313	5.031E-12	21	173	175	17926	18351	426	17926	18474
341493436	1	142	6.454E-32	1	37778	38605	842	142	0.323	1.651E-31	0	276	419	37778	38605	828	37400	38659
341649388	1	121	1.354E-25	1	36421	36951	820	121	0.390	1.747E-24	19	189	203	36421	36951	531	36037	37251
341920169	1	239	4.073E-61	1	37400	38641	842	239	0.352	4.096E-64	48	458	528	37400	38641	1242	37400	38659
342158564	-1	246	3.182E-63	1	19961	21262	1449	246	0.343	4.443E-66	277	718	730	-21262	-19961	1302	21310	19952
342481547	1	89	5.813E-16	1	18716	19099	449	89	0.377	3.207E-15	5	139	140	18716	19099	384	18665	19423
343466603	-1	575	2.910E-162	2	42835	44518	971	280	0.504	3.608E-80	387	682	957	-44518	-43628	891	44518	43625
343466603	-1	575	2.910E-162	2	42835	44518	983	294	0.578	2.926E-85	684	946	957	-43611	-42835	777	43611	42748
344151373	1	80	2.977E-13	1	36712	37035	820	80	0.409	1.976E-11	2	109	112	36712	37035	324	36037	37251
344239545	1	199	4.479E-49	1	37400	38542	842	199	0.328	1.984E-50	193	573	599	37400	38542	1143	37400	38659
344384819	1	128	1.057E-27	1	36307	36942	820	128	0.359	6.039E-27	9	213	214	36307	36942	636	36037	37251
344418586	1	259	3.885E-67	1	37400	38596	842	259	0.382	3.987E-71	168	564	581	37400	38596	1197	37400	38659
344440904	-1	106	4.435E-21	2	2956	3464	1811	38	0.423	1.498E+01	49	95	193	-3464	-3324	141	3710	3294
344440904	-1	106	4.435E-21	2	2956	3464	1817	72	0.435	1.877E-11	101	189	193	-3222	-2956	267	3270	2932
344523647	-1	75	9.525E-12	1	2947	3228	1817	75	0.432	1.500E-12	88	181	185	-3228	-2947	282	3270	2932
345163599	-1	74	1.905E-11	1	2956	3222	1817	74	0.432	5.306E-12	79	170	178	-3222	-2956	267	3270	2932
345227475	1	243	2.546E-62	1	37400	38638	842	243	0.356	2.513E-65	181	590	685	37400	38638	1239	37400	38659
345271825	1	237	1.629E-60	1	37400	38488	842	237	0.381	1.415E-63	18	383	387	37400	38488	1089	37400	38659
345585853	1	111	1.386E-22	1	36694	37092	820	111	0.451	2.870E-21	4	136	137	36694	37092	399	36037	37251
345903451	1	112	6.930E-23	1	18668	19105	449	112	0.410	4.403E-23	27	179	184	18668	19105	438	18665	19423
345958011	-1	177	1.878E-42	1	42766	43611	983	177	0.347	7.661E-45	188	498	499	-43611	-42766	846	43611	42748
346043230	1	213	2.733E-53	1	37655	38599	842	213	0.393	2.218E-55	3	314	418	37655	38599	945	37400	38659
346563957	1	237	1.629E-60	1	37400	38548	842	237	0.369	1.930E-63	60	437	567	37400	38548	1149	37400	38659
346784062	1	177	1.878E-42	1	37796	38599	842	177	0.384	5.694E-43	2	267	302	37796	38599	804	37400	38659
347438211	-1	175	7.514E-42	1	43667	44518	971	175	0.366	5.134E-44	104	376	489	-44518	-43667	852	44518	43625
347514613	-1	156	3.939E-36	1	43679	44203	971	156	0.479	1.542E-37	2	176	190	-44203	-43679	525	44518	43625
348001377	1	197	1.791E-48	1	36115	37041	820	197	0.376	4.406E-50	241	542	550	36115	37041	927	36037	37251
348183709	-1	101	1.419E-19	2	2953	3464	1811	37	0.403	5.067E+01	2	49	148	-3464	-3321	144	3710	3294
348183709	-1	101	1.419E-19	2	2953	3464	1817	72	0.441	2.574E-11	59	145	148	-3213	-2953	261	3270	2932
349434453	-1	58	1.248E-06	1	2947	3234	1817	58	0.349	1.611E-06	34	106	184	-3234	-2947	288	3270	2932
349730187	-1	202	5.598E-50	1	20078	21262	1449	202	0.324	4.249E-51	230	623	681	-21262	-20078	1185	21310	19952
349777163	1	79	5.953E-13	1	18806	19321	449	79	0.294	6.303E-12	0	173	208	18806	19321	516	18665	19423
349788982	1	132	6.609E-29	2	13131	13739	318	78	0.605	2.205E-14	0	63	179	13131	13319	189	13107	13331
349788982	1	132	6.609E-29	2	13131	13739	326	76	0.441	1.596E-12	87	173	179	13461	13739	279	13335	13751
349819473	-1	243	2.546E-62	1	19976	21271	1449	243	0.344	5.273E-65	304	738	758	-21271	-19976	1296	21310	19952
349861208	-1	193	2.866E-47	1	43628	44203	971	193	0.528	3.044E-50	0	190	336	-44203	-43628	576	44518	43625
349872322	1	58	1.248E-06	1	18172	18450	436	58	0.357	1.312E-05	7	92	157	18172	18450	279	17926	18474
349873273	-1	181	1.174E-43	1	42787	43611	983	181	0.373	4.628E-46	192	477	483	-43611	-42787	825	43611	42748
349873623	-1	143	3.227E-32	1	42790	43611	983	143	0.326	4.238E-33	237	501	518	-43611	-42790	822	43611	42748
349873665	-1	333	2.056E-89	2	42781	44518	971	176	0.382	2.754E-44	360	617	953	-44518	-43712	807	44518	43625
349873665	-1	333	2.056E-89	2	42781	44518	983	184	0.362	2.792E-47	646	949	953	-43611	-42781	831	43611	42748
349873845	-1	211	1.093E-52	1	42847	43611	983	211	0.454	2.248E-56	21	264	265	-43611	-42847	765	43611	42748
349902057	-1	106	4.435E-21	1	28119	28421	1286	106	0.537	1.956E-23	88	189	190	-28421	-28119	303	28451	28119
349911987	1	386	2.283E-105	2	36097	38563	820	228	0.384	2.025E-60	266	604	1208	36097	37137	1041	36037	37251
349911987	1	386	2.283E-105	2	36097	38563	842	263	0.393	3.314E-72	711	1092	1208	37400	38563	1164	37400	38659
349947611	-1	218	8.542E-55	3	28161	29079	1273	44	0.466	7.468E-03	79	126	427	-29079	-28936	144	29085	28933
349947611	-1	218	8.542E-55	3	28161	29079	1282	139	0.496	1.672E-33	129	276	427	-28929	-28483	447	28929	28360
349947611	-1	218	8.542E-55	3	28161	29079	1286	65	0.447	5.101E-09	307	383	427	-28388	-28161	228	28451	28119
349954389	1	197	1.791E-48	1	37400	38461	842	197	0.342	9.233E-50	195	513	543	37400	38461	1062	37400	38659
349970877	-1	405	4.355E-111	2	42787	44518	971	205	0.398	2.598E-54	23	308	602	-44518	-43628	891	44518	43625
349970877	-1	405	4.355E-111	2	42787	44518	983	199	0.408	1.430E-52	310	588	602	-43611	-42787	825	43611	42748
349989375	1	390	1.427E-106	2	36040	38605	820	235	0.377	7.617E-63	163	521	1130	36040	37140	1101	36037	37251
349989375	1	390	1.427E-106	2	36040	38605	842	261	0.382	8.424E-72	629	1025	1130	37400	38605	1206	37400	38659
350010919	1	63	3.901E-08	1	18464	18637	439	63	0.544	1.659E-08	25	82	102	18464	18637	174	18359	18661
350046495	1	132	6.609E-29	1	38093	38638	842	132	0.408	5.398E-28	2	183	278	38093	38638	546	37400	38659
350047670	-1	103	3.548E-20	1	28131	28409	1286	103	0.562	3.370E-22	88	180	185	-28409	-28131	279	28451	28119
350047849	-1	101	1.419E-19	1	28435	28782	1282	101	0.466	2.634E-20	1	116	139	-28782	-28435	348	28929	28360
350047968	1	149	5.042E-34	1	37925	38569	842	149	0.395	1.331E-33	20	235	247	37925	38569	645	37400	38659
350048178	1	136	4.131E-30	1	38027	38611	842	136	0.399	1.490E-29	14	207	308	38027	38611	585	37400	38659
350070831	1	72	7.620E-11	1	37160	37393	823	72	0.484	4.307E-12	18	95	121	37160	37393	234	37139	37396
350076082	-1	96	4.542E-18	1	28495	28803	1282	96	0.489	2.076E-18	2	102	107	-28803	-28495	309	28929	28360
350090727	1	83	3.721E-14	1	18668	18964	449	83	0.427	2.259E-13	11	116	119	18668	18964	297	18665	19423
350140425	-1	139	5.163E-31	2	28137	28929	1282	101	0.388	3.599E-20	9	153	273	-28929	-28486	444	28929	28360
350140425	-1	139	5.163E-31	2	28137	28929	1286	63	0.399	2.473E-08	180	266	273	-28397	-28137	261	28451	28119
350153271	-1	59	6.242E-07	1	28140	28406	1286	59	0.370	5.803E-07	71	160	168	-28406	-28140	267	28451	28119
350156069	-1	51	1.598E-04	1	28209	28406	1286	51	0.405	3.169E-04	48	115	118	-28406	-28209	198	28451	28119
350158138	-1	177	1.878E-42	1	43628	44203	971	177	0.492	1.082E-44	0	191	330	-44203	-43628	576	44518	43625
350171131	-1	135	8.261E-30	1	43024	43575	983	135	0.407	2.056E-30	158	344	346	-43575	-43024	552	43611	42748
350199369	1	150	2.521E-34	1	36649	37143	820	150	0.486	2.851E-34	6	170	201	36649	37143	495	36037	37251
350199982	1	119	5.414E-25	1	36733	37041	820	119	0.584	5.735E-24	0	102	115	36733	37041	309	36037	37251
350219742	1	132	6.609E-29	1	37874	38563	842	132	0.346	2.970E-28	2	233	308	37874	38563	690	37400	38659
350478932	-1	239	4.073E-61	1	19961	21262	1449	239	0.336	1.160E-63	323	766	773	-21262	-19961	1302	21310	19952
350532761	-1	254	1.243E-65	1	19961	21262	1449	254	0.351	1.241E-68	317	758	770	-21262	-19961	1302	21310	19952
350549041	-1	242	5.092E-62	1	19961	21262	1449	242	0.339	1.333E-64	342	784	791	-21262	-19961	1302	21310	19952
350595105	-1	253	2.486E-65	1	19961	21262	1449	253	0.350	2.305E-68	323	764	776	-21262	-19961	1302	21310	19952
350697414	-1	246	3.182E-63	1	19961	21262	1449	246	0.342	4.443E-66	320	763	775	-21262	-19961	1302	21310	19952
350729782	-1	245	6.364E-63	1	19958	21262	1449	245	0.342	1.124E-65	314	756	769	-21262	-19958	1305	21310	19952
350740091	-1	246	3.182E-63	1	20060	21262	1449	246	0.360	4.443E-66	91	503	519	-21262	-20060	1203	21310	19952
350817604	-1	248	7.956E-64	1	19976	21262	1449	248	0.345	9.459E-67	222	663	673	-21262	-19976	1287	21310	19952
350850028	-1	250	1.989E-64	1	19961	21262	1449	250	0.347	2.013E-67	174	615	627	-21262	-19961	1302	21310	19952
350898867	-1	253	2.486E-65	1	19976	21262	1449	253	0.350	2.305E-68	317	757	775	-21262	-19976	1287	21310	19952
351004204	-1	540	9.998E-152	2	19961	24164	1377	239	0.681	1.145E-67	55	228	889	-24164	-23646	519	24206	23613
351004204	-1	540	9.998E-152	2	19961	24164	1449	301	0.400	1.101E-84	228	648	889	-21262	-19961	1302	21310	19952
355396331	-1	55	9.988E-06	1	28209	28391	1286	55	0.461	1.358E-05	24	85	118	-28391	-28209	183	28451	28119
355638386	-1	122	6.768E-26	2	28714	29070	1273	37	0.422	2.407E+00	6	50	133	-29070	-28936	135	29085	28933
355638386	-1	122	6.768E-26	2	28714	29070	1282	86	0.594	4.959E-15	53	124	133	-28929	-28714	216	28929	28360
355638437	-1	175	7.514E-42	2	28717	29544	1269	145	0.503	3.255E-36	94	246	371	-29544	-29089	456	29547	29089
355638437	-1	175	7.514E-42	2	28717	29544	1282	82	0.577	1.104E-13	300	370	371	-28929	-28717	213	28929	28360
355638495	-1	257	1.554E-66	3	28717	29544	1269	143	0.495	2.959E-35	50	202	357	-29544	-29089	456	29547	29089
355638495	-1	257	1.554E-66	3	28717	29544	1273	36	0.415	4.579E+00	209	253	357	-29070	-28936	135	29085	28933
355638495	-1	257	1.554E-66	3	28717	29544	1282	84	0.591	1.717E-14	256	326	357	-28929	-28717	213	28929	28360
355638763	-1	145	8.068E-33	1	29089	29544	1269	145	0.503	3.255E-36	10	162	291	-29544	-29089	456	29547	29089
355638794	-1	175	7.514E-42	2	28717	29544	1269	145	0.503	3.255E-36	125	277	406	-29544	-29089	456	29547	29089
355638794	-1	175	7.514E-42	2	28717	29544	1282	82	0.577	1.104E-13	331	401	406	-28929	-28717	213	28929	28360
355642732	-1	206	3.499E-51	1	43628	44518	971	206	0.399	1.017E-54	213	498	527	-44518	-43628	891	44518	43625
355869024	1	131	1.322E-28	1	37970	38647	842	131	0.350	7.276E-28	0	223	308	37970	38647	678	37400	38659
355922172	-1	180	2.348E-43	1	42790	43611	983	180	0.364	8.636E-46	170	464	481	-43611	-42790	822	43611	42748
357279309	1	202	5.598E-50	1	36040	37137	820	202	0.340	1.090E-51	174	535	549	36040	37137	1098	36037	37251
357727902	-1	847	3.834E-244	3	19958	24562	1364	139	0.612	1.466E-33	24	137	753	-24562	-24230	333	24742	24230
357727902	-1	847	3.834E-244	3	19958	24562	1377	243	0.693	2.608E-69	137	310	753	-24167	-23646	522	24206	23613
357727902	-1	847	3.834E-244	3	19958	24562	1449	479	0.553	4.099E-146	296	749	753	-21307	-19958	1350	21310	19952
357732739	1	91	1.453E-16	1	36817	37170	820	91	0.422	8.423E-15	3	120	138	36817	37170	354	36037	37251
357777587	1	177	1.878E-42	1	36040	36939	820	177	0.356	2.080E-43	242	535	551	36040	36939	900	36037	37251
357847531	1	125	8.460E-27	1	36037	37041	820	125	0.265	4.891E-26	1	254	263	36037	37041	1005	36037	37251
359581592	-1	250	1.989E-64	1	19961	21262	1449	250	0.348	1.477E-67	324	764	776	-21262	-19961	1302	21310	19952
360368719	1	141	1.291E-31	1	36115	37095	820	141	0.290	2.211E-31	1	300	308	36115	37095	981	36037	37251
360445180	-1	264	1.214E-68	1	19961	21262	1449	264	0.360	2.882E-72	321	764	777	-21262	-19961	1302	21310	19952
360604144	-1	240	2.037E-61	1	19961	21262	1449	240	0.337	6.251E-64	314	756	762	-21262	-19961	1302	21310	19952
360698168	-1	67	2.438E-09	1	28131	28397	1286	67	0.409	7.669E-10	30	119	124	-28397	-28131	267	28451	28119
360964572	-1	109	5.544E-22	2	2956	3443	1811	40	0.421	5.988E+00	55	103	194	-3443	-3300	144	3710	3294
360964572	-1	109	5.544E-22	2	2956	3443	1817	72	0.437	1.369E-11	100	188	194	-3222	-2956	267	3270	2932
361067781	-1	347	1.255E-93	2	42766	44518	971	178	0.370	5.806E-45	481	753	1078	-44518	-43667	852	44518	43625
361067781	-1	347	1.255E-93	2	42766	44518	983	181	0.353	2.480E-46	767	1077	1078	-43611	-42766	846	43611	42748
361079956	1	95	9.084E-18	1	36826	37095	820	95	0.540	3.481E-16	39	128	149	36826	37095	270	36037	37251
361408311	-1	349	3.138E-94	2	42766	44518	971	180	0.373	1.223E-45	384	656	981	-44518	-43667	852	44518	43625
361408311	-1	349	3.138E-94	2	42766	44518	983	181	0.352	4.628E-46	670	980	981	-43611	-42766	846	43611	42748
361608918	-1	71	1.524E-10	1	2956	3216	1817	71	0.430	4.842E-11	80	168	174	-3216	-2956	261	3270	2932
361792127	-1	183	2.935E-44	1	42766	43611	983	183	0.355	9.727E-47	217	527	528	-43611	-42766	846	43611	42748
361950015	1	191	1.147E-46	1	37400	38491	842	191	0.329	6.813E-48	93	452	533	37400	38491	1092	37400	38659
362081695	1	256	3.108E-66	1	37400	38611	842	256	0.375	6.539E-70	60	460	566	37400	38611	1212	37400	38659
362133332	1	240	2.037E-61	1	37400	38626	842	240	0.356	1.616E-64	48	453	470	37400	38626	1227	37400	38659
362163326	1	229	4.171E-58	2	37400	38852	842	228	0.347	1.758E-60	185	588	689	37400	38605	1206	37400	38659
362163326	1	229	4.171E-58	2	37400	38852	844	40	0.456	2.398E-01	629	673	689	38721	38852	132	38667	38855
362292905	1	83	3.721E-14	1	18806	19303	449	83	0.313	2.259E-13	0	163	200	18806	19303	498	18665	19423
362834164	1	402	3.484E-110	3	36769	38644	820	133	0.545	1.228E-28	1	126	732	36769	37146	378	36037	37251
362834164	1	402	3.484E-110	3	36769	38644	823	86	0.625	6.483E-17	160	227	732	37178	37381	204	37139	37396
362834164	1	402	3.484E-110	3	36769	38644	842	220	0.332	8.541E-58	234	643	732	37400	38644	1245	37400	38659
362968025	1	235	6.517E-60	1	37400	38611	842	235	0.354	9.088E-63	144	539	576	37400	38611	1212	37400	38659
363029105	1	512	2.684E-143	3	36565	38563	820	181	0.495	1.317E-44	156	350	959	36565	37146	582	36037	37251
363029105	1	512	2.684E-143	3	36565	38563	823	91	0.644	1.981E-18	383	451	959	37181	37387	207	37139	37396
363029105	1	512	2.684E-143	3	36565	38563	842	274	0.405	5.448E-76	456	842	959	37400	38563	1164	37400	38659
364305229	-1	245	6.364E-63	1	20069	21298	1449	245	0.359	1.124E-65	296	707	755	-21298	-20069	1230	21310	19952
364318936	-1	241	1.018E-61	1	19979	21298	1449	241	0.338	1.816E-64	296	739	769	-21298	-19979	1320	21310	19952
364340875	-1	78	1.191E-12	1	28119	28364	1286	78	0.489	1.512E-13	53	135	136	-28364	-28119	246	28451	28119
364358540	1	74	1.905E-11	1	18806	19321	449	74	0.283	1.733E-10	0	173	208	18806	19321	516	18665	19423
364364726	-1	250	1.989E-64	1	20069	21298	1449	250	0.364	2.013E-67	296	708	756	-21298	-20069	1230	21310	19952
364375392	1	59	6.242E-07	1	18413	18661	439	59	0.390	5.390E-07	15	95	132	18413	18661	249	18359	18661
364407782	1	104	1.774E-20	1	18665	19354	449	104	0.295	2.843E-20	133	354	403	18665	19354	690	18665	19423
364422477	-1	96	4.542E-18	1	28125	28403	1286	96	0.527	7.288E-20	81	174	177	-28403	-28125	279	28451	28119
364438630	1	111	1.386E-22	1	35348	35929	801	111	0.345	7.703E-23	20	209	355	35348	35929	582	35321	36073
364440038	1	112	6.930E-23	1	35348	36019	801	112	0.311	3.050E-23	23	252	346	35348	36019	672	35321	36073
364444188	-1	207	1.749E-51	2	28936	29523	1269	149	0.535	1.905E-37	48	192	283	-29523	-29089	435	29547	29089
364444188	-1	207	1.749E-51	2	28936	29523	1273	59	0.593	2.891E-08	195	243	283	-29082	-28936	147	29085	28933
364450334	1	389	2.854E-106	2	36097	38563	820	231	0.389	9.114E-62	266	604	1208	36097	37137	1041	36037	37251
364450334	1	389	2.854E-106	2	36097	38563	842	263	0.393	3.314E-72	711	1092	1208	37400	38563	1164	37400	38659
364467543	1	74	1.905E-11	1	17989	18378	436	74	0.340	4.395E-11	0	129	154	17989	18378	390	17926	18474
364481907	-1	165	7.694E-39	2	28501	29073	1273	44	0.478	1.029E-02	3	48	193	-29073	-28936	138	29085	28933
364481907	-1	165	7.694E-39	2	28501	29073	1282	122	0.460	2.266E-27	51	192	193	-28929	-28501	429	28929	28360
364488416	1	138	1.033E-30	1	37400	37957	842	138	0.416	4.493E-30	125	309	362	37400	37957	558	37400	38659
364511733	-1	400	1.394E-109	2	42811	44518	971	205	0.397	3.550E-54	328	613	903	-44518	-43628	891	44518	43625
364511733	-1	400	1.394E-109	2	42811	44518	983	194	0.408	1.137E-50	615	885	903	-43611	-42811	801	43611	42748
364512068	-1	103	3.548E-20	1	43144	43446	983	103	0.528	9.393E-20	0	100	120	-43446	-43144	303	43611	42748
364513616	-1	137	2.065E-30	1	43048	43446	983	137	0.525	4.388E-31	0	135	190	-43446	-43048	399	43611	42748
364516178	-1	179	4.696E-43	3	28134	29034	1273	33	0.481	8.306E+01	84	116	389	-29034	-28936	99	29085	28933
364516178	-1	179	4.696E-43	3	28134	29034	1282	88	0.359	7.687E-16	119	259	389	-28929	-28498	432	28929	28360
364516178	-1	179	4.696E-43	3	28134	29034	1286	89	0.495	2.162E-17	291	384	389	-28415	-28134	282	28451	28119
364520761	1	72	7.620E-11	1	18806	19111	449	72	0.375	7.774E-10	0	109	146	18806	19111	306	18665	19423
364523087	1	76	4.762E-12	1	18028	18363	436	76	0.384	9.349E-12	3	114	115	18028	18363	336	17926	18474
364523094	1	74	1.905E-11	1	17935	18291	436	74	0.362	3.225E-11	0	118	120	17935	18291	357	17926	18474
364552513	1	236	3.259E-60	1	37400	38647	842	236	0.347	4.890E-63	266	680	770	37400	38647	1248	37400	38659
364562128	1	283	2.315E-74	2	36040	37396	820	228	0.368	2.025E-60	209	557	882	36040	37146	1107	36037	37251
364562128	1	283	2.315E-74	2	36040	37396	823	78	0.501	6.960E-14	582	661	882	37157	37396	240	37139	37396
364589210	-1	115	8.663E-24	1	28435	28857	1282	115	0.446	3.404E-25	1	141	174	-28857	-28435	423	28929	28360
364589425	1	144	1.614E-32	1	37925	38569	842	144	0.386	3.668E-32	20	235	247	37925	38569	645	37400	38659
364618429	-1	184	1.468E-44	3	28221	29547	1269	124	0.446	8.030E-29	155	306	629	-29547	-29095	453	29547	29089
364618429	-1	184	1.468E-44	3	28221	29547	1282	97	0.382	5.965E-19	362	504	629	-28929	-28492	438	28929	28360
364618429	-1	184	1.468E-44	3	28221	29547	1286	42	0.369	5.943E-01	531	592	629	-28403	-28221	183	28451	28119
364646641	1	104	1.774E-20	1	18668	19333	449	104	0.302	2.090E-20	68	290	345	18668	19333	666	18665	19423
364647916	-1	102	7.097E-20	1	29125	29526	1269	102	0.420	2.656E-21	76	210	229	-29526	-29125	402	29547	29089
364653889	-1	116	4.331E-24	1	42760	43122	983	116	0.493	5.351E-24	1	124	129	-43122	-42760	363	43611	42748
364654552	-1	291	9.044E-77	1	42760	43611	983	291	0.530	4.951E-84	21	309	314	-43611	-42760	852	43611	42748
364681860	-1	87	2.325E-15	1	28558	28905	1282	87	0.413	2.664E-15	1	116	129	-28905	-28558	348	28929	28360
364692871	-1	456	1.934E-126	2	42760	44512	971	217	0.417	2.192E-58	298	582	876	-44512	-43628	885	44518	43625
364692871	-1	456	1.934E-126	2	42760	44512	983	238	0.456	9.214E-66	584	870	876	-43611	-42760	852	43611	42748
364698455	-1	95	9.084E-18	1	28486	28878	1282	95	0.405	3.871E-18	2	129	249	-28878	-28486	393	28929	28360
364698626	1	74	1.905E-11	1	18413	18637	439	74	0.505	3.219E-12	25	97	126	18413	18637	225	18359	18661
364702565	1	85	9.302E-15	1	37163	37396	823	85	0.554	1.223E-16	13	90	140	37163	37396	234	37139	37396
364703567	-1	417	1.063E-114	2	42766	44446	971	197	0.411	1.342E-51	1	264	567	-44446	-43628	819	44518	43625
364703567	-1	417	1.063E-114	2	42766	44446	983	219	0.430	2.295E-59	266	551	567	-43611	-42766	846	43611	42748
364711712	-1	175	7.514E-42	1	42793	43611	983	175	0.361	2.666E-44	41	331	341	-43611	-42793	819	43611	42748
364761467	1	128	1.057E-27	1	37970	38578	842	128	0.371	5.870E-27	0	200	374	37970	38578	609	37400	38659
364771251	1	135	8.261E-30	1	36742	37137	820	135	0.531	3.694E-29	8	139	176	36742	37137	396	36037	37251
364773978	-1	125	8.460E-27	1	43054	43611	983	125	0.383	3.364E-27	88	276	305	-43611	-43054	558	43611	42748
364790228	-1	377	1.169E-102	3	28119	29535	1269	175	0.597	1.730E-46	162	310	633	-29535	-29089	447	29547	29089
364790228	-1	377	1.169E-102	3	28119	29535	1282	160	0.507	1.334E-40	364	530	633	-28929	-28429	501	28929	28360
364790228	-1	377	1.169E-102	3	28119	29535	1286	102	0.560	4.624E-22	540	632	633	-28394	-28119	276	28451	28119
364834305	1	89	5.813E-16	1	18776	19354	449	89	0.295	3.207E-15	0	194	237	18776	19354	579	18665	19423
365092438	-1	345	5.021E-93	1	19961	21304	1449	345	0.433	5.423E-100	301	747	775	-21304	-19961	1344	21310	19952
365109117	-1	276	2.964E-72	1	19961	21262	1449	276	0.369	2.605E-76	311	757	767	-21262	-19961	1302	21310	19952
365139791	-1	244	1.273E-62	1	19961	21292	1449	244	0.331	2.086E-65	340	803	812	-21292	-19961	1332	21310	19952
365192054	-1	253	2.486E-65	1	19973	21262	1449	253	0.349	2.305E-68	331	774	783	-21262	-19973	1290	21310	19952
365220693	-1	275	5.927E-72	1	19976	21262	1449	275	0.374	4.848E-76	332	768	781	-21262	-19976	1287	21310	19952
365450699	-1	231	1.043E-58	1	19955	21262	1449	231	0.327	5.570E-61	322	767	772	-21262	-19955	1308	21310	19952
365468863	-1	246	3.182E-63	1	19961	21262	1449	246	0.344	6.053E-66	320	760	772	-21262	-19961	1302	21310	19952
365502206	-1	263	2.428E-68	1	19961	21262	1449	263	0.360	5.358E-72	318	758	771	-21262	-19961	1302	21310	19952
365596739	-1	256	3.108E-66	1	19961	21262	1449	256	0.353	1.419E-69	321	763	775	-21262	-19961	1302	21310	19952
365609417	-1	243	2.546E-62	1	19961	21262	1449	243	0.340	3.871E-65	286	729	741	-21262	-19961	1302	21310	19952
366682046	-1	100	2.839E-19	2	2956	3449	1811	36	0.437	9.306E+01	54	95	195	-3449	-3324	126	3710	3294
366682046	-1	100	2.839E-19	2	2956	3449	1817	70	0.428	6.640E-11	103	191	195	-3222	-2956	267	3270	2932
366731195	-1	107	2.218E-21	2	2944	3608	1811	42	0.279	1.294E+00	6	95	206	-3608	-3324	285	3710	3294
366731195	-1	107	2.218E-21	2	2944	3608	1817	75	0.429	1.500E-12	107	201	206	-3213	-2944	270	3270	2932
367229546	-1	117	2.166E-24	2	2956	3551	1811	44	0.311	2.045E-01	25	105	195	-3551	-3297	255	3710	3294
367229546	-1	117	2.166E-24	2	2956	3551	1817	79	0.456	4.640E-14	99	191	195	-3234	-2956	279	3270	2932
369524612	-1	114	1.733E-23	2	2956	3551	1811	39	0.306	1.104E+01	25	95	194	-3551	-3324	228	3710	3294
369524612	-1	114	1.733E-23	2	2956	3551	1817	74	0.430	3.869E-12	96	188	194	-3234	-2956	279	3270	2932
369966144	-1	208	8.747E-52	1	43628	44407	971	208	0.444	2.131E-55	12	257	387	-44407	-43628	780	44518	43625
370179770	-1	135	8.261E-30	2	28654	29070	1273	36	0.415	4.579E+00	6	50	205	-29070	-28936	135	29085	28933
370179770	-1	135	8.261E-30	2	28654	29070	1282	100	0.552	9.178E-20	53	142	205	-28929	-28654	276	28929	28360
370180161	-1	257	1.554E-66	3	28717	29544	1269	143	0.495	2.959E-35	107	259	438	-29544	-29089	456	29547	29089
370180161	-1	257	1.554E-66	3	28717	29544	1273	36	0.415	4.579E+00	266	310	438	-29070	-28936	135	29085	28933
370180161	-1	257	1.554E-66	3	28717	29544	1282	84	0.591	1.717E-14	313	383	438	-28929	-28717	213	28929	28360
370180518	-1	256	3.108E-66	3	28717	29544	1269	142	0.494	4.056E-35	107	259	427	-29544	-29089	456	29547	29089
370180518	-1	256	3.108E-66	3	28717	29544	1273	36	0.415	4.579E+00	266	310	427	-29070	-28936	135	29085	28933
370180518	-1	256	3.108E-66	3	28717	29544	1282	84	0.591	1.717E-14	313	383	427	-28929	-28717	213	28929	28360
370180628	-1	272	4.742E-71	3	28678	29544	1269	143	0.495	2.959E-35	107	259	527	-29544	-29089	456	29547	29089
370180628	-1	272	4.742E-71	3	28678	29544	1273	36	0.415	4.579E+00	266	310	527	-29070	-28936	135	29085	28933
370180628	-1	272	4.742E-71	3	28678	29544	1282	99	0.592	1.254E-19	313	396	527	-28929	-28678	252	28929	28360
370226475	-1	104	1.774E-20	1	28486	28929	1282	104	0.397	2.960E-21	63	207	272	-28929	-28486	444	28929	28360
370232194	-1	77	2.381E-12	1	28119	28394	1286	77	0.445	2.845E-13	6	98	99	-28394	-28119	276	28451	28119
370234876	-1	121	1.354E-25	2	28717	29082	1273	41	0.434	7.040E-02	86	134	212	-29082	-28936	147	29085	28933
370234876	-1	121	1.354E-25	2	28717	29082	1282	81	0.570	2.797E-13	137	207	212	-28929	-28717	213	28929	28360
370539319	1	102	7.097E-20	1	36628	36939	820	102	0.512	1.370E-18	38	141	152	36628	36939	312	36037	37251
370984592	1	272	4.742E-71	2	36898	38635	820	98	0.531	3.399E-17	0	94	693	36898	37167	270	36037	37251
370984592	1	272	4.742E-71	2	36898	38635	842	266	0.381	2.016E-73	188	596	693	37400	38635	1236	37400	38659
370995911	-1	189	4.586E-46	2	28131	28821	1282	102	0.430	1.032E-20	2	130	234	-28821	-28429	393	28929	28360
370995911	-1	189	4.586E-46	2	28131	28821	1286	97	0.559	3.872E-20	142	229	234	-28391	-28131	261	28451	28119
371173387	1	171	1.202E-40	1	36469	37146	820	171	0.423	3.786E-41	150	369	402	36469	37146	678	36037	37251
371181369	1	217	1.708E-54	1	37658	38599	842	217	0.396	1.378E-56	0	316	375	37658	38599	942	37400	38659
371329240	1	149	5.042E-34	1	37820	38635	842	149	0.338	7.278E-34	2	273	370	37820	38635	816	37400	38659
371341544	-1	181	1.174E-43	1	42766	43611	983	181	0.353	2.480E-46	215	525	526	-43611	-42766	846	43611	42748
371628825	1	234	1.303E-59	1	37400	38458	842	234	0.387	2.302E-62	60	403	559	37400	38458	1059	37400	38659
371695289	1	249	3.978E-64	1	37601	38638	842	249	0.411	1.753E-67	1	346	441	37601	38638	1038	37400	38659
371833975	-1	261	9.711E-68	1	19973	21262	1449	261	0.361	2.525E-71	325	761	770	-21262	-19973	1290	21310	19952
371854861	-1	117	2.166E-24	2	2956	3512	1811	38	0.330	2.032E+01	33	98	193	-3512	-3315	198	3710	3294
371854861	-1	117	2.166E-24	2	2956	3512	1817	78	0.458	2.253E-13	100	189	193	-3225	-2956	270	3270	2932
372352640	-1	1328	0.000E+00	3	19952	24706	1364	235	0.725	7.969E-67	14	168	778	-24706	-24230	477	24742	24230
372352640	-1	1328	0.000E+00	3	19952	24706	1377	357	0.968	9.485E-109	168	341	778	-24167	-23646	522	24206	23613
372352640	-1	1328	0.000E+00	3	19952	24706	1449	744	0.806	6.876E-238	333	777	778	-21298	-19952	1347	21310	19952
372775553	1	132	6.609E-29	1	38015	38611	842	132	0.384	4.004E-28	45	243	349	38015	38611	597	37400	38659
372827950	1	170	2.404E-40	1	37616	38413	842	170	0.376	7.523E-41	1	261	281	37616	38413	798	37400	38659
372984462	-1	245	6.364E-63	1	19979	21262	1449	245	0.336	1.124E-65	316	769	795	-21262	-19979	1284	21310	19952
373274828	-1	131	1.322E-28	2	28215	28929	1282	102	0.395	1.927E-20	10	152	262	-28929	-28492	438	28929	28360
373274828	-1	131	1.322E-28	2	28215	28929	1286	57	0.510	2.049E-06	182	238	262	-28382	-28215	168	28451	28119
373284473	1	187	1.834E-45	1	37631	38605	842	187	0.350	1.465E-46	9	332	425	37631	38605	975	37400	38659
373879599	-1	1109	4.941E-323	3	19961	24688	1364	191	0.629	9.293E-52	0	149	757	-24688	-24230	459	24742	24230
373879599	-1	1109	4.941E-323	3	19961	24688	1377	323	0.881	7.833E-97	148	322	757	-24170	-23646	525	24206	23613
373879599	-1	1109	4.941E-323	3	19961	24688	1449	604	0.679	3.080E-189	314	752	757	-21298	-19961	1338	21310	19952
374316425	1	176	3.757E-42	1	37400	38314	842	176	0.350	1.049E-42	18	317	320	37400	38314	915	37400	38659
375380559	-1	349	3.138E-94	2	42766	44518	971	181	0.375	4.805E-46	384	656	981	-44518	-43667	852	44518	43625
375380559	-1	349	3.138E-94	2	42766	44518	983	180	0.351	6.322E-46	670	980	981	-43611	-42766	846	43611	42748
375449997	-1	101	1.419E-19	2	3079	3611	1811	51	0.318	1.066E-03	6	96	154	-3611	-3324	288	3710	3294
375449997	-1	101	1.419E-19	2	3079	3611	1817	49	0.463	1.196E-03	97	151	154	-3240	-3079	162	3270	2932
375924808	1	244	1.273E-62	1	37400	38638	842	244	0.358	5.327E-66	176	585	679	37400	38638	1239	37400	38659
377187019	-1	604	5.420E-171	2	42760	44518	971	306	0.541	3.575E-89	414	705	998	-44518	-43628	891	44518	43625
377187019	-1	604	5.420E-171	2	42760	44518	983	297	0.543	3.242E-86	707	993	998	-43611	-42760	852	43611	42748
377307512	1	105	8.871E-21	1	17956	18384	436	105	0.409	9.053E-22	0	143	144	17956	18384	429	17926	18474
377491056	-1	304	1.104E-80	1	42748	43611	983	304	0.545	8.259E-89	253	545	546	-43611	-42748	864	43611	42748
377664624	-1	79	5.953E-13	1	2956	3249	1817	79	0.436	6.365E-14	93	190	193	-3249	-2956	294	3270	2932
377910220	1	171	1.202E-40	1	37433	38206	842	171	0.385	5.546E-41	3	257	376	37433	38206	774	37400	38659
378238156	-1	58	1.248E-06	1	2950	3231	1817	58	0.348	1.175E-06	86	182	185	-3231	-2950	282	3270	2932
378622521	1	101	1.419E-19	1	13461	13751	326	101	0.535	5.362E-21	9	99	116	13461	13751	291	13335	13751
378794215	-1	132	6.609E-29	2	2944	3626	1811	53	0.300	1.212E-04	5	113	215	-3626	-3294	333	3710	3294
378794215	-1	132	6.609E-29	2	2944	3626	1817	89	0.451	2.355E-17	103	208	215	-3246	-2944	303	3270	2932
378886347	-1	238	8.146E-61	1	20069	21298	1449	238	0.352	2.151E-63	296	707	755	-21298	-20069	1230	21310	19952
378905063	-1	251	9.944E-65	1	20069	21298	1449	251	0.364	1.084E-67	296	708	756	-21298	-20069	1230	21310	19952
378948937	-1	244	1.273E-62	3	28621	29535	1269	137	0.490	2.444E-33	173	320	472	-29535	-29089	447	29547	29089
378948937	-1	244	1.273E-62	3	28621	29535	1273	35	0.539	1.202E+01	331	361	472	-29058	-28966	93	29085	28933
378948937	-1	244	1.273E-62	3	28621	29535	1282	88	0.467	1.049E-15	370	469	472	-28920	-28621	300	28929	28360
378949187	-1	232	5.214E-59	1	43628	44518	971	232	0.436	1.093E-63	25	319	334	-44518	-43628	891	44518	43625
378955947	1	226	3.337E-57	1	36217	37137	820	226	0.418	5.131E-60	172	471	477	36217	37137	921	36037	37251
378956761	-1	185	7.338E-45	1	43640	44410	971	185	0.410	1.559E-47	92	338	344	-44410	-43640	771	44518	43625
378979363	1	235	6.517E-60	1	13344	13751	326	235	0.831	9.578E-68	0	113	114	13344	13751	408	13335	13751
378983279	-1	87	2.325E-15	1	28119	28400	1286	87	0.480	7.658E-17	29	124	125	-28400	-28119	282	28451	28119
378983852	1	67	2.438E-09	1	18896	19279	449	67	0.321	3.787E-08	0	125	161	18896	19279	384	18665	19423
378985259	1	62	7.803E-08	1	18413	18658	439	62	0.410	4.287E-08	32	111	134	18413	18658	246	18359	18661
378985270	1	218	8.542E-55	2	37148	37900	823	90	0.578	3.735E-18	207	284	457	37148	37381	234	37139	37396
378985270	1	218	8.542E-55	2	37148	37900	842	133	0.438	2.203E-28	291	455	457	37400	37900	501	37400	38659
379026869	-1	181	1.174E-43	1	43715	44467	971	181	0.410	4.805E-46	184	424	425	-44467	-43715	753	44518	43625
379055347	-1	220	2.136E-55	1	43862	44518	971	220	0.528	1.794E-59	102	316	317	-44518	-43862	657	44518	43625
379064896	1	110	2.772E-22	1	18668	19102	449	110	0.408	1.513E-22	93	244	245	18668	19102	435	18665	19423
379073099	1	114	1.733E-23	1	36718	37050	820	114	0.531	2.703E-22	0	110	130	36718	37050	333	36037	37251
379075205	1	58	1.248E-06	1	37175	37396	823	58	0.422	3.961E-07	22	95	114	37175	37396	222	37139	37396
379078876	-1	159	4.924E-37	1	43700	44260	971	159	0.462	1.757E-38	14	200	275	-44260	-43700	561	44518	43625
379083916	-1	223	2.669E-56	1	43628	44518	971	223	0.423	2.006E-60	127	409	454	-44518	-43628	891	44518	43625
379121190	-1	241	1.018E-61	1	20003	21262	1449	241	0.350	2.473E-64	265	671	688	-21262	-20003	1260	21310	19952
379130436	1	164	1.539E-38	1	37796	38611	842	164	0.358	7.246E-39	2	276	387	37796	38611	816	37400	38659
379139016	-1	247	1.591E-63	1	19997	21298	1449	247	0.343	2.393E-66	296	740	769	-21298	-19997	1302	21310	19952
379157212	-1	762	1.483E-218	3	20003	24562	1364	143	0.628	4.598E-35	28	141	854	-24562	-24230	333	24742	24230
379157212	-1	762	1.483E-218	3	20003	24562	1377	241	0.686	2.368E-68	141	314	854	-24167	-23646	522	24206	23613
379157212	-1	762	1.483E-218	3	20003	24562	1449	392	0.488	3.716E-116	300	696	854	-21307	-20003	1305	21310	19952
379186731	1	117	2.166E-24	1	18668	19348	449	117	0.321	1.081E-24	28	255	305	18668	19348	681	18665	19423
379187356	1	108	1.109E-21	1	18668	19111	449	108	0.395	9.620E-22	38	192	229	18668	19111	444	18665	19423
379191670	1	68	1.219E-09	1	18875	19348	449	68	0.284	1.548E-08	58	209	259	18875	19348	474	18665	19423
379191892	-1	102	7.097E-20	1	29125	29526	1269	102	0.418	4.981E-21	52	186	231	-29526	-29125	402	29547	29089
379194228	-1	181	1.174E-43	1	42835	43401	983	181	0.497	3.388E-46	0	193	255	-43401	-42835	567	43611	42748
379194773	1	249	3.978E-64	2	37400	38712	842	230	0.352	3.739E-61	209	599	705	37400	38593	1194	37400	38659
379194773	1	249	3.978E-64	2	37400	38712	843	35	0.645	2.544E+01	617	641	705	38638	38712	75	38629	38829
379195460	-1	517	8.387E-145	2	42832	44518	971	251	0.463	4.383E-70	31	325	594	-44518	-43628	891	44518	43625
379195460	-1	517	8.387E-145	2	42832	44518	983	265	0.528	2.664E-75	327	591	594	-43611	-42832	780	43611	42748
379197471	-1	235	6.517E-60	1	42760	43476	983	235	0.510	1.132E-64	0	243	248	-43476	-42760	717	43611	42748
379203285	-1	74	1.905E-11	1	28167	28403	1286	74	0.480	4.891E-12	37	116	128	-28403	-28167	237	28451	28119
379225787	-1	172	6.011E-41	1	42790	43611	983	172	0.353	3.225E-43	31	325	342	-43611	-42790	822	43611	42748
379238696	-1	56	4.994E-06	1	28140	28406	1286	56	0.355	7.232E-06	34	123	131	-28406	-28140	267	28451	28119
379238823	1	70	3.048E-10	1	36661	36879	820	70	0.493	3.227E-08	0	72	73	36661	36879	219	36037	37251
379246264	-1	208	8.747E-52	1	42748	43350	983	208	0.532	2.009E-55	110	314	315	-43350	-42748	603	43611	42748
379246283	-1	519	2.097E-145	2	42772	44518	971	238	0.445	9.953E-66	217	511	952	-44518	-43628	891	44518	43625
379246283	-1	519	2.097E-145	2	42772	44518	983	280	0.521	2.393E-80	513	797	952	-43611	-42772	840	43611	42748
379250009	-1	84	1.860E-14	1	28546	28872	1282	84	0.422	2.341E-14	3	111	112	-28872	-28546	327	28929	28360
379301819	1	133	3.305E-29	1	37874	38614	842	133	0.332	1.634E-28	2	249	250	37874	38614	741	37400	38659
379326639	1	83	3.721E-14	1	18668	19105	449	83	0.332	2.259E-13	131	282	290	18668	19105	438	18665	19423
379335049	-1	343	2.008E-92	3	28441	29547	1269	162	0.547	7.880E-42	217	369	590	-29547	-29089	459	29547	29089
379335049	-1	343	2.008E-92	3	28441	29547	1273	42	0.475	2.691E-02	376	420	590	-29070	-28936	135	29085	28933
379335049	-1	343	2.008E-92	3	28441	29547	1282	145	0.468	2.817E-35	423	589	590	-28929	-28441	489	28929	28360
379364023	-1	424	8.306E-117	2	42775	44518	971	188	0.374	1.757E-48	293	577	870	-44518	-43628	891	44518	43625
379364023	-1	424	8.306E-117	2	42775	44518	983	235	0.457	8.271E-65	579	861	870	-43611	-42775	837	43611	42748
379630364	-1	212	5.467E-53	1	20060	21262	1449	212	0.331	1.983E-54	300	679	756	-21262	-20060	1203	21310	19952
379683157	-1	258	7.769E-67	1	19961	21262	1449	258	0.355	3.015E-70	318	760	772	-21262	-19961	1302	21310	19952
379748736	-1	188	9.172E-46	1	20099	21004	1449	188	0.349	2.558E-46	66	392	524	-21004	-20099	906	21310	19952
379759500	-1	86	4.651E-15	1	24248	24544	1364	86	0.462	2.678E-15	46	143	149	-24544	-24248	297	24742	24230
379845969	-1	238	8.146E-61	1	19961	21169	1449	238	0.347	2.929E-63	123	542	555	-21169	-19961	1209	21310	19952
379970293	-1	261	9.711E-68	1	19976	21262	1449	261	0.361	4.695E-71	319	754	769	-21262	-19976	1287	21310	19952
379976939	-1	306	2.760E-81	1	20291	21304	1449	306	0.489	1.920E-86	202	523	602	-21304	-20291	1014	21310	19952
380026705	-1	237	1.629E-60	1	19961	21262	1449	237	0.335	3.989E-63	323	765	772	-21262	-19961	1302	21310	19952
380055378	-1	353	1.961E-95	1	19958	21304	1449	353	0.440	1.432E-102	298	744	772	-21304	-19958	1347	21310	19952
380100095	-1	241	1.018E-61	1	20060	21262	1449	241	0.354	2.473E-64	315	727	769	-21262	-20060	1203	21310	19952
381667566	-1	107	2.218E-21	2	2956	3446	1811	43	0.482	3.785E-01	68	112	209	-3446	-3315	132	3710	3294
381667566	-1	107	2.218E-21	2	2956	3446	1817	65	0.394	4.023E-09	115	206	209	-3231	-2956	276	3270	2932
384447488	-1	149	5.042E-34	1	29089	29544	1269	149	0.510	2.612E-37	44	196	233	-29544	-29089	456	29547	29089
384721282	-1	264	1.214E-68	3	28711	29544	1269	143	0.495	2.959E-35	107	259	393	-29544	-29089	456	29547	29089
384721282	-1	264	1.214E-68	3	28711	29544	1273	41	0.460	9.703E-02	266	310	393	-29070	-28936	135	29085	28933
384721282	-1	264	1.214E-68	3	28711	29544	1282	86	0.587	4.959E-15	313	385	393	-28929	-28711	219	28929	28360
384721610	-1	160	2.462E-37	2	28699	29544	1269	131	0.465	3.787E-31	10	157	450	-29544	-29089	456	29547	29089
384721610	-1	160	2.462E-37	2	28699	29544	1282	81	0.534	2.797E-13	211	287	450	-28929	-28699	231	28929	28360
384722103	-1	173	3.006E-41	2	28717	29544	1269	143	0.497	1.575E-35	10	162	310	-29544	-29089	456	29547	29089
384722103	-1	173	3.006E-41	2	28717	29544	1282	82	0.577	1.104E-13	216	286	310	-28929	-28717	213	28929	28360
384722263	-1	176	3.757E-42	2	28717	29544	1269	145	0.503	3.255E-36	10	162	291	-29544	-29089	456	29547	29089
384722263	-1	176	3.757E-42	2	28717	29544	1282	83	0.587	3.193E-14	216	286	291	-28929	-28717	213	28929	28360
384722601	-1	173	3.006E-41	2	28705	29544	1269	143	0.497	1.575E-35	76	228	390	-29544	-29089	456	29547	29089
384722601	-1	173	3.006E-41	2	28705	29544	1282	82	0.554	8.096E-14	282	356	390	-28929	-28705	225	28929	28360
384722654	-1	175	7.514E-42	2	28717	29544	1269	145	0.503	3.255E-36	133	285	414	-29544	-29089	456	29547	29089
384722654	-1	175	7.514E-42	2	28717	29544	1282	82	0.577	1.104E-13	339	409	414	-28929	-28717	213	28929	28360
385347334	-1	177	1.878E-42	1	42790	43611	983	177	0.359	1.046E-44	67	361	378	-43611	-42790	822	43611	42748
385441806	1	72	7.620E-11	1	36040	36798	820	72	0.225	7.818E-09	70	276	277	36040	36798	759	36037	37251
386865971	1	226	3.337E-57	1	37604	38596	842	226	0.395	1.533E-59	2	331	440	37604	38596	993	37400	38659
387049159	1	78	1.191E-12	1	17944	18432	436	78	0.305	1.456E-12	3	165	191	17944	18432	489	17926	18474
387512174	1	224	1.335E-56	1	37403	38401	842	224	0.391	3.879E-59	45	370	378	37403	38401	999	37400	38659
388270863	1	124	1.692E-26	1	38093	38557	842	124	0.439	1.548E-25	21	170	175	38093	38557	465	37400	38659
388590283	1	190	2.293E-46	1	37655	38578	842	190	0.367	1.259E-47	3	311	317	37655	38578	924	37400	38659
388824572	1	257	1.554E-66	1	37508	38563	842	257	0.415	3.512E-70	5	354	397	37508	38563	1056	37400	38659
388871484	-1	251	9.944E-65	1	19964	21262	1449	251	0.349	1.084E-67	327	766	780	-21262	-19964	1299	21310	19952
388933369	-1	205	6.998E-51	3	28119	29064	1273	41	0.476	9.703E-02	23	65	336	-29064	-28936	129	29085	28933
388933369	-1	205	6.998E-51	3	28119	29064	1282	132	0.485	6.513E-31	68	211	336	-28929	-28495	435	28929	28360
388933369	-1	205	6.998E-51	3	28119	29064	1286	73	0.463	9.202E-12	253	335	336	-28364	-28119	246	28451	28119
389178486	-1	494	7.035E-138	2	42748	44215	971	199	0.533	2.061E-52	352	547	842	-44215	-43628	588	44518	43625
389178486	-1	494	7.035E-138	2	42748	44215	983	294	0.530	2.926E-85	549	841	842	-43611	-42748	864	43611	42748
389801521	-1	251	9.944E-65	1	19961	21262	1449	251	0.346	1.084E-67	325	769	781	-21262	-19961	1302	21310	19952
390182267	1	190	2.293E-46	1	37574	38563	842	190	0.349	2.326E-47	0	330	459	37574	38563	990	37400	38659
391208928	1	136	4.131E-30	1	38084	38635	842	136	0.416	1.490E-29	26	207	300	38084	38635	552	37400	38659
391539972	1	136	4.131E-30	1	37964	38644	842	136	0.358	1.490E-29	28	252	340	37964	38644	681	37400	38659
391618560	1	114	1.733E-23	1	18668	19318	449	114	0.323	9.403E-24	15	234	277	18668	19318	651	18665	19423
391791352	1	252	4.972E-65	1	37400	38599	842	252	0.373	1.994E-68	10	395	521	37400	38599	1200	37400	38659
391884248	-1	76	4.762E-12	1	28125	28379	1286	76	0.472	5.353E-13	57	141	144	-28379	-28125	255	28451	28119
392074598	1	287	1.447E-75	1	37400	38611	842	287	0.408	1.367E-80	93	493	566	37400	38611	1212	37400	38659
392153207	1	175	7.514E-42	2	18413	19348	439	60	0.423	2.086E-07	22	95	381	18413	18640	228	18359	18661
392153207	1	175	7.514E-42	2	18413	19348	449	123	0.332	7.629E-27	105	332	381	18668	19348	681	18665	19423
392271261	1	238	8.146E-61	1	37400	38599	842	238	0.359	7.615E-64	113	507	620	37400	38599	1200	37400	38659
392524607	-1	220	2.136E-55	1	42766	43611	983	220	0.430	1.678E-59	239	524	529	-43611	-42766	846	43611	42748
393389705	1	158	9.848E-37	2	13131	13751	318	69	0.542	4.520E-11	0	63	179	13131	13319	189	13107	13331
393389705	1	158	9.848E-37	2	13131	13751	326	88	0.367	1.750E-16	65	177	179	13335	13751	417	13335	13751
393463344	1	128	1.057E-27	1	36712	37095	820	128	0.520	8.144E-27	1	128	131	36712	37095	384	36037	37251
393485462	1	239	4.073E-61	1	36040	37119	820	239	0.388	1.836E-64	320	672	674	36040	37119	1080	36037	37251
393486758	1	236	3.259E-60	1	36040	37119	820	236	0.384	2.201E-63	162	514	516	36040	37119	1080	36037	37251
393497640	-1	75	9.525E-12	1	28125	28391	1286	75	0.447	1.382E-12	45	134	137	-28391	-28125	267	28451	28119
393497681	1	120	2.707E-25	1	36769	37137	820	120	0.510	2.351E-24	1	123	127	36769	37137	369	36037	37251
393497688	1	133	3.305E-29	1	36769	37128	820	133	0.566	1.658E-28	1	120	179	36769	37128	360	36037	37251
393498424	1	129	5.287E-28	2	36910	37342	820	84	0.560	8.454E-13	0	75	167	36910	37137	228	36037	37251
393498424	1	129	5.287E-28	2	36910	37342	823	67	0.510	3.665E-10	99	165	167	37151	37342	192	37139	37396
393522012	-1	58	1.248E-06	1	28221	28415	1286	58	0.458	1.495E-06	19	84	120	-28415	-28221	195	28451	28119
393596438	-1	235	6.517E-60	1	19979	21298	1449	235	0.333	1.868E-62	269	710	729	-21298	-19979	1320	21310	19952
393597024	-1	285	5.788E-75	1	42751	43539	983	285	0.557	5.516E-82	2	267	270	-43539	-42751	789	43611	42748
393598856	1	190	2.293E-46	1	36139	37215	820	190	0.331	8.266E-48	1	353	378	36139	37215	1077	36037	37251
393613850	1	407	1.089E-111	2	36040	38635	820	233	0.376	2.635E-62	240	589	1193	36040	37140	1101	36037	37251
393613850	1	407	1.089E-111	2	36040	38635	842	280	0.395	3.733E-78	697	1106	1193	37400	38635	1236	37400	38659
393659384	1	59	6.242E-07	1	18365	18637	439	59	0.358	2.863E-07	10	104	131	18365	18637	273	18359	18661
393670709	1	134	1.652E-29	1	38027	38569	842	134	0.414	1.211E-28	3	182	194	38027	38569	543	37400	38659
393671309	-1	93	3.633E-17	1	28576	28836	1282	93	0.547	1.346E-17	1	87	121	-28836	-28576	261	28929	28360
393671903	1	147	2.017E-33	1	37955	38611	842	147	0.389	3.291E-33	4	221	319	37955	38611	657	37400	38659
393672144	-1	86	4.651E-15	1	28125	28409	1286	86	0.474	1.977E-16	13	108	111	-28409	-28125	285	28451	28119
393672352	1	129	5.287E-28	1	38012	38638	842	129	0.365	3.234E-27	18	223	318	38012	38638	627	37400	38659
393672751	-1	77	2.381E-12	1	28125	28391	1286	77	0.458	3.902E-13	47	135	138	-28391	-28125	267	28451	28119
393685024	-1	140	2.582E-31	1	42769	43272	983	140	0.451	2.714E-32	8	177	186	-43272	-42769	504	43611	42748
393685134	1	273	2.371E-71	1	37400	38638	842	273	0.387	1.016E-75	244	653	748	37400	38638	1239	37400	38659
393701517	-1	66	4.877E-09	1	28119	28388	1286	66	0.401	1.978E-09	20	110	111	-28388	-28119	270	28451	28119
393701960	-1	69	6.096E-10	1	28119	28358	1286	69	0.453	1.581E-10	1	81	82	-28358	-28119	240	28451	28119
393702334	-1	84	1.860E-14	1	28492	28869	1282	84	0.381	1.717E-14	1	123	244	-28869	-28492	378	28929	28360
393737736	-1	531	5.119E-149	2	42760	44518	971	243	0.452	1.693E-67	181	475	770	-44518	-43628	891	44518	43625
393737736	-1	531	5.119E-149	2	42760	44518	983	287	0.525	8.373E-83	477	765	770	-43611	-42760	852	43611	42748
393744915	1	82	7.441E-14	1	36688	37149	820	82	0.326	4.724E-12	57	210	215	36688	37149	462	36037	37251
393768065	-1	169	4.809E-40	1	42790	43611	983	169	0.348	3.896E-42	85	379	396	-43611	-42790	822	43611	42748
393768646	-1	172	6.011E-41	1	42790	43611	983	172	0.353	3.225E-43	141	435	452	-43611	-42790	822	43611	42748
393774604	-1	463	1.511E-128	2	42760	44512	971	224	0.427	5.735E-61	226	510	804	-44512	-43628	885	44518	43625
393774604	-1	463	1.511E-128	2	42760	44512	983	238	0.456	9.214E-66	512	798	804	-43611	-42760	852	43611	42748
393777943	-1	178	9.392E-43	1	43628	44203	971	178	0.495	4.253E-45	0	191	258	-44203	-43628	576	44518	43625
393778635	-1	100	2.839E-19	1	29149	29535	1269	100	0.426	1.279E-20	15	144	168	-29535	-29149	387	29547	29089
393779581	-1	81	1.488E-13	1	28546	28842	1282	81	0.441	2.052E-13	19	117	193	-28842	-28546	297	28929	28360
393780193	-1	131	1.322E-28	2	28140	28878	1282	94	0.403	7.219E-18	2	129	249	-28878	-28486	393	28929	28360
393780193	-1	131	1.322E-28	2	28140	28878	1286	58	0.367	1.091E-06	152	241	249	-28406	-28140	267	28451	28119
393783915	-1	520	1.048E-145	2	42760	44518	971	246	0.456	1.887E-68	309	604	914	-44518	-43628	891	44518	43625
393783915	-1	520	1.048E-145	2	42760	44518	983	273	0.505	6.830E-78	606	894	914	-43611	-42760	852	43611	42748
393787273	-1	179	4.696E-43	1	43628	44488	971	179	0.368	1.671E-45	48	336	479	-44488	-43628	861	44518	43625
393852246	1	57	2.497E-06	1	18404	18661	439	57	0.373	1.911E-06	8	93	105	18404	18661	258	18359	18661
393854284	-1	122	6.768E-26	1	43093	43611	983	122	0.400	5.359E-26	48	220	256	-43611	-43093	519	43611	42748
393857305	-1	187	1.834E-45	2	28432	29544	1269	136	0.483	8.623E-33	8	157	480	-29544	-29098	447	29547	29089
393857305	-1	187	1.834E-45	2	28432	29544	1282	106	0.372	6.205E-22	214	375	480	-28929	-28432	498	28929	28360
393857864	-1	345	5.021E-93	2	42790	44518	971	174	0.367	9.567E-44	301	571	895	-44518	-43673	846	44518	43625
393857864	-1	345	5.021E-93	2	42790	44518	983	185	0.367	1.496E-47	587	886	895	-43611	-42790	822	43611	42748
393871227	-1	182	5.870E-44	1	43712	44347	971	182	0.466	2.576E-46	4	207	209	-44347	-43712	636	44518	43625
393873756	1	77	2.381E-12	1	18806	19330	449	77	0.277	2.107E-11	0	187	229	18806	19330	525	18665	19423
393881972	-1	108	1.109E-21	1	43309	43611	983	108	0.545	1.788E-21	21	122	124	-43611	-43309	303	43611	42748
393885711	1	369	2.993E-100	2	36040	38593	820	205	0.322	1.256E-52	142	538	1107	36040	37251	1212	36037	37251
393885711	1	369	2.993E-100	2	36040	38593	842	229	0.351	9.464E-61	605	997	1107	37400	38593	1194	37400	38659
394130629	-1	271	9.484E-71	1	19976	21262	1449	271	0.368	1.475E-74	323	763	773	-21262	-19976	1287	21310	19952
394174097	-1	239	4.073E-61	1	19961	21262	1449	239	0.337	8.513E-64	323	765	772	-21262	-19961	1302	21310	19952
394217655	-1	280	1.852E-73	1	19961	21262	1449	280	0.381	1.166E-77	313	729	765	-21262	-19961	1302	21310	19952
394219831	-1	252	4.972E-65	1	19961	21262	1449	252	0.349	4.282E-68	323	764	776	-21262	-19961	1302	21310	19952
394316602	-1	243	2.546E-62	1	19976	21259	1449	243	0.341	5.273E-65	371	811	824	-21259	-19976	1284	21310	19952
394461720	-1	253	2.486E-65	1	19976	21262	1449	253	0.352	1.691E-68	321	759	769	-21262	-19976	1287	21310	19952
394614944	-1	269	3.793E-70	1	19961	21262	1449	269	0.363	9.497E-74	334	779	784	-21262	-19961	1302	21310	19952
394630485	-1	542	2.499E-152	2	19961	24167	1377	241	0.683	2.368E-68	70	244	1181	-24167	-23646	522	24206	23613
394630485	-1	542	2.499E-152	2	19961	24167	1449	301	0.401	8.061E-85	244	664	1181	-21262	-19961	1302	21310	19952
394679760	-1	244	1.273E-62	1	19955	21262	1449	244	0.342	1.531E-65	321	762	769	-21262	-19955	1308	21310	19952
394685351	-1	237	1.629E-60	1	19952	21298	1449	237	0.328	5.433E-63	318	773	775	-21298	-19952	1347	21310	19952
395007475	-1	111	1.386E-22	2	2950	3503	1811	43	0.359	3.785E-01	36	102	194	-3503	-3303	201	3710	3294
395007475	-1	111	1.386E-22	2	2950	3503	1817	69	0.415	1.712E-10	101	191	194	-3222	-2950	273	3270	2932
397580286	-1	69	6.096E-10	1	2956	3258	1817	69	0.384	2.348E-10	95	195	200	-3258	-2956	303	3270	2932
399263370	-1	140	2.582E-31	1	29089	29544	1269	140	0.487	2.689E-34	46	198	269	-29544	-29089	456	29547	29089
399263429	-1	257	1.554E-66	3	28717	29544	1269	143	0.495	2.959E-35	107	259	457	-29544	-29089	456	29547	29089
399263429	-1	257	1.554E-66	3	28717	29544	1273	36	0.415	4.579E+00	266	310	457	-29070	-28936	135	29085	28933
399263429	-1	257	1.554E-66	3	28717	29544	1282	84	0.591	1.717E-14	313	383	457	-28929	-28717	213	28929	28360
399263477	-1	93	3.633E-17	1	29173	29544	1269	93	0.406	5.012E-18	94	221	230	-29544	-29173	372	29547	29089
399341314	-1	187	1.834E-45	1	43676	44479	971	187	0.401	3.279E-48	27	280	428	-44479	-43676	804	44518	43625
400335173	1	79	5.953E-13	1	36910	37146	820	79	0.517	2.629E-11	0	78	155	36910	37146	237	36037	37251
400417653	1	350	1.569E-94	2	37181	38596	823	89	0.637	5.128E-18	37	105	615	37181	37387	207	37139	37396
400417653	1	350	1.569E-94	2	37181	38596	842	264	0.387	1.304E-72	110	506	615	37400	38596	1197	37400	38659
400866276	-1	615	2.646E-174	2	42757	44518	971	308	0.540	1.017E-89	405	703	997	-44518	-43628	891	44518	43625
400866276	-1	615	2.646E-174	2	42757	44518	983	306	0.554	3.216E-89	705	992	997	-43611	-42757	855	43611	42748
401523237	1	216	3.417E-54	1	37400	38596	842	216	0.337	1.876E-56	207	557	663	37400	38596	1197	37400	38659
401523244	1	182	5.870E-44	1	37670	38635	842	182	0.344	1.068E-44	0	323	418	37670	38635	966	37400	38659
401537964	1	188	9.172E-46	1	37523	38500	842	188	0.351	7.934E-47	4	324	338	37523	38500	978	37400	38659
401595568	1	156	3.939E-36	1	37745	38494	842	156	0.368	5.759E-36	8	256	262	37745	38494	750	37400	38659
401830359	1	138	1.033E-30	1	36115	36867	820	138	0.337	4.501E-30	208	452	453	36115	36867	753	36037	37251
401948604	-1	162	6.155E-38	1	43667	44359	971	162	0.402	1.075E-39	3	222	250	-44359	-43667	693	44518	43625
402501315	1	235	6.517E-60	1	37478	38593	842	235	0.374	1.239E-62	26	394	500	37478	38593	1116	37400	38659
402706272	-1	102	7.097E-20	2	2953	3644	1811	42	0.250	9.519E-01	12	119	214	-3644	-3297	348	3710	3294
402706272	-1	102	7.097E-20	2	2953	3644	1817	71	0.384	4.842E-11	108	211	214	-3249	-2953	297	3270	2932
402730876	1	214	1.367E-53	1	36040	37137	820	214	0.354	1.030E-55	221	576	631	36040	37137	1098	36037	37251
402776396	1	171	1.202E-40	1	37814	38626	842	171	0.371	5.546E-41	0	271	370	37814	38626	813	37400	38659
402818289	1	166	3.847E-39	1	37745	38593	842	166	0.352	2.146E-39	7	291	345	37745	38593	849	37400	38659
402927035	1	112	6.930E-23	1	18686	19348	449	112	0.317	4.403E-23	1	222	268	18686	19348	663	18665	19423
403001869	1	121	1.354E-25	1	37796	38563	842	121	0.306	1.234E-24	2	256	376	37796	38563	768	37400	38659
403047344	1	237	1.629E-60	1	37412	38446	842	237	0.397	2.631E-63	58	398	400	37412	38446	1035	37400	38659
403655961	1	60	3.121E-07	1	17935	18369	436	60	0.265	2.849E-06	0	153	286	17935	18369	435	17926	18474
404266559	1	156	3.939E-36	1	38015	38626	842	156	0.425	4.254E-36	10	214	313	38015	38626	612	37400	38659
404426182	-1	158	9.848E-37	1	43628	44203	971	158	0.450	4.458E-38	0	190	231	-44203	-43628	576	44518	43625
404909842	-1	212	5.467E-53	1	43868	44518	971	212	0.517	9.350E-57	124	335	336	-44518	-43868	651	44518	43625
404944599	1	75	9.525E-12	1	17926	18471	436	75	0.272	1.737E-11	17	204	241	17926	18471	546	17926	18474
405902186	-1	1034	1.955E-300	3	19952	24688	1364	171	0.558	1.221E-44	0	157	764	-24688	-24230	459	24742	24230
405902186	-1	1034	1.955E-300	3	19952	24688	1377	317	0.872	6.477E-95	157	330	764	-24167	-23646	522	24206	23613
405902186	-1	1034	1.955E-300	3	19952	24688	1449	546	0.634	3.625E-169	330	763	764	-21262	-19952	1311	21310	19952
405961741	1	108	1.109E-21	1	18677	19303	449	108	0.313	1.309E-21	81	298	368	18677	19303	627	18665	19423
406482230	-1	228	8.342E-58	1	20054	21262	1449	228	0.341	6.567E-60	341	753	794	-21262	-20054	1209	21310	19952
407065207	1	110	2.772E-22	1	36682	36987	820	110	0.551	5.175E-21	16	117	120	36682	36987	306	36037	37251
407505725	1	138	1.033E-30	2	13131	13748	318	79	0.616	1.605E-14	0	62	178	13131	13319	189	13107	13331
407505725	1	138	1.033E-30	2	13131	13748	326	81	0.454	2.684E-14	86	175	178	13461	13748	288	13335	13751
407970148	-1	244	1.273E-62	1	20156	21310	1449	244	0.374	1.531E-65	292	678	756	-21310	-20156	1155	21310	19952
408026324	-1	209	4.374E-52	1	43634	44347	971	209	0.476	8.344E-56	3	231	255	-44347	-43634	714	44518	43625
408039983	-1	197	1.791E-48	1	42781	43611	983	197	0.395	1.275E-51	107	394	397	-43611	-42781	831	43611	42748
408042652	1	124	1.692E-26	1	36319	36939	820	124	0.358	8.883E-26	19	221	226	36319	36939	621	36037	37251
408048156	1	138	1.033E-30	2	36952	37396	820	78	0.597	6.194E-11	0	64	214	36952	37146	195	36037	37251
408048156	1	138	1.033E-30	2	36952	37396	823	83	0.531	8.199E-16	89	168	214	37157	37396	240	37139	37396
408062471	-1	1079	5.556E-314	3	19955	24712	1364	180	0.574	6.335E-48	9	167	774	-24712	-24230	483	24742	24230
408062471	-1	1079	5.556E-314	3	19955	24712	1377	314	0.864	8.074E-94	167	340	774	-24167	-23646	522	24206	23613
408062471	-1	1079	5.556E-314	3	19955	24712	1449	597	0.670	6.462E-187	328	772	774	-21298	-19955	1344	21310	19952
408066405	1	129	5.287E-28	1	18668	19321	449	129	0.352	7.275E-29	31	250	284	18668	19321	654	18665	19423
408066998	1	143	3.227E-32	3	17932	18847	436	93	0.349	1.991E-17	95	252	475	17932	18384	453	17926	18474
408066998	1	143	3.227E-32	3	17932	18847	439	71	0.459	2.152E-11	330	409	475	18413	18658	246	18359	18661
408066998	1	143	3.227E-32	3	17932	18847	449	58	0.493	4.596E-05	414	473	475	18668	18847	180	18665	19423
408096014	-1	239	4.073E-61	1	20069	21304	1449	239	0.351	1.579E-63	294	707	755	-21304	-20069	1236	21310	19952
408098471	-1	244	1.273E-62	1	19979	21310	1449	244	0.339	2.841E-65	288	734	752	-21310	-19979	1332	21310	19952
408127683	1	145	8.068E-33	2	13110	13751	318	72	0.526	2.588E-12	5	73	189	13110	13319	210	13107	13331
408127683	1	145	8.068E-33	2	13110	13751	326	84	0.375	2.970E-15	62	187	189	13365	13751	387	13335	13751
408140439	-1	101	1.419E-19	1	28495	28929	1282	101	0.388	2.634E-20	117	265	275	-28929	-28495	435	28929	28360
408212289	1	143	3.227E-32	1	38012	38611	842	143	0.405	1.222E-31	10	208	309	38012	38611	600	37400	38659
408212686	-1	104	1.774E-20	2	2959	3482	1811	44	0.417	2.783E-01	55	109	220	-3482	-3321	162	3710	3294
408212686	-1	104	1.774E-20	2	2959	3482	1817	65	0.369	4.023E-09	116	216	220	-3222	-2959	264	3270	2932
408213042	1	125	8.460E-27	1	38093	38638	842	125	0.394	6.347E-26	2	183	278	38093	38638	546	37400	38659
408213482	1	139	5.163E-31	1	37925	38611	842	139	0.361	1.353E-30	20	249	352	37925	38611	687	37400	38659
408214064	1	138	1.033E-30	1	38027	38611	842	138	0.402	4.493E-30	26	219	320	38027	38611	585	37400	38659
408214586	-1	149	5.042E-34	3	28125	29079	1273	49	0.515	8.463E-05	14	61	283	-29079	-28936	144	29085	28933
408214586	-1	149	5.042E-34	3	28125	29079	1282	66	0.524	2.523E-08	64	127	283	-28929	-28738	192	28929	28360
408214586	-1	149	5.042E-34	3	28125	29079	1286	90	0.486	1.148E-17	184	280	283	-28412	-28125	288	28451	28119
408215006	1	256	3.108E-66	1	37520	38611	842	256	0.402	8.923E-70	124	489	503	37520	38611	1092	37400	38659
408219268	-1	250	1.989E-64	1	20069	21298	1449	250	0.364	1.477E-67	296	708	743	-21298	-20069	1230	21310	19952
408239174	1	226	3.337E-57	1	37622	38635	842	226	0.390	8.259E-60	3	337	438	37622	38635	1014	37400	38659
408243142	1	115	8.663E-24	1	18668	19288	449	115	0.334	5.069E-24	0	210	235	18668	19288	621	18665	19423
408257122	1	248	7.956E-64	2	36139	37396	820	195	0.353	2.056E-49	8	322	455	36139	37143	1005	36037	37251
408257122	1	248	7.956E-64	2	36139	37396	823	84	0.576	4.348E-16	355	427	455	37178	37396	219	37139	37396
408271711	-1	106	4.435E-21	1	29089	29535	1269	106	0.399	1.566E-22	10	159	194	-29535	-29089	447	29547	29089
408271967	1	113	3.465E-23	1	18668	19348	449	113	0.313	2.375E-23	146	373	423	18668	19348	681	18665	19423
408275070	1	109	5.544E-22	1	18668	19111	449	109	0.399	3.816E-22	4	158	202	18668	19111	444	18665	19423
408280623	-1	220	2.136E-55	1	42760	43401	983	220	0.528	1.227E-59	0	218	223	-43401	-42760	642	43611	42748
408309945	-1	167	1.924E-39	1	42790	43611	983	167	0.345	2.522E-41	31	325	342	-43611	-42790	822	43611	42748
408310372	-1	172	6.011E-41	1	42790	43611	983	172	0.353	3.225E-43	85	379	396	-43611	-42790	822	43611	42748
408322959	1	149	5.042E-34	1	36040	36939	820	149	0.311	7.076E-34	210	517	531	36040	36939	900	36037	37251
408323790	-1	58	1.248E-06	1	28140	28406	1286	58	0.365	1.495E-06	6	95	103	-28406	-28140	267	28451	28119
408323942	1	82	7.441E-14	1	18848	19351	449	82	0.309	4.142E-13	9	173	226	18848	19351	504	18665	19423
408326522	1	327	1.316E-87	2	37400	38706	842	299	0.419	1.613E-84	69	466	709	37400	38614	1215	37400	38659
408326522	1	327	1.316E-87	2	37400	38706	843	36	0.637	1.341E+01	476	501	709	38629	38706	78	38629	38829
408326812	-1	194	1.433E-47	1	42790	43392	983	194	0.499	1.137E-50	1	207	376	-43392	-42790	603	43611	42748
408327782	-1	237	1.629E-60	1	43628	44518	971	237	0.443	2.548E-65	137	431	467	-44518	-43628	891	44518	43625
408329102	-1	519	2.097E-145	2	42802	44515	971	236	0.443	4.768E-65	0	293	802	-44515	-43628	888	44518	43625
408329102	-1	519	2.097E-145	2	42802	44515	983	282	0.538	4.975E-81	295	569	802	-43611	-42802	810	43611	42748
408334007	-1	140	2.582E-31	2	28492	29046	1273	37	0.495	1.745E+00	47	83	296	-29046	-28936	111	29085	28933
408334007	-1	140	2.582E-31	2	28492	29046	1282	104	0.400	4.045E-21	86	228	296	-28929	-28492	438	28929	28360
408363092	1	381	7.306E-104	2	36040	38623	820	226	0.368	6.996E-60	130	486	1004	36040	37137	1098	36037	37251
408363092	1	381	7.306E-104	2	36040	38623	842	262	0.378	6.172E-72	595	1003	1004	37400	38623	1224	37400	38659
408363445	1	147	2.017E-33	1	38069	38638	842	147	0.427	6.016E-33	0	190	244	38069	38638	570	37400	38659
408391912	1	79	5.953E-13	1	18668	18955	449	79	0.422	3.445E-12	66	168	171	18668	18955	288	18665	19423
408395735	-1	180	2.348E-43	1	42790	43611	983	180	0.360	6.322E-46	55	354	363	-43611	-42790	822	43611	42748
408399334	-1	393	1.784E-107	2	42790	44395	971	185	0.410	2.129E-47	15	259	548	-44395	-43628	768	44518	43625
408399334	-1	393	1.784E-107	2	42790	44395	983	207	0.421	5.137E-55	261	537	548	-43611	-42790	822	43611	42748
408412111	-1	179	4.696E-43	1	43009	43590	983	179	0.486	2.201E-45	1	197	200	-43590	-43009	582	43611	42748
408415638	-1	140	2.582E-31	2	28669	29079	1273	45	0.473	3.935E-03	95	142	254	-29079	-28936	144	29085	28933
408415638	-1	140	2.582E-31	2	28669	29079	1282	96	0.558	2.076E-18	145	231	254	-28929	-28669	261	28929	28360
408415921	1	61	1.561E-07	2	19622	38786	456	34	0.359	6.098E+01	7	57	110	19622	19771	150	19592	19786
408415921	1	61	1.561E-07	2	19622	38786	844	37	0.525	4.286E+00	47	80	110	38685	38786	102	38667	38855
408415921	-1	94	1.817E-17	1	28125	28397	1286	94	0.531	3.543E-19	19	107	110	-28397	-28125	273	28451	28119
408416529	-1	134	1.652E-29	2	28492	29055	1273	40	0.500	1.337E-01	1	40	255	-29055	-28936	120	29085	28933
408416529	-1	134	1.652E-29	2	28492	29055	1282	95	0.376	2.835E-18	43	185	255	-28929	-28492	438	28929	28360
408449383	-1	332	4.113E-89	2	43120	44518	971	191	0.378	1.979E-49	391	675	839	-44518	-43628	891	44518	43625
408449383	-1	332	4.113E-89	2	43120	44518	983	140	0.463	2.714E-32	677	838	839	-43611	-43120	492	43611	42748
408657102	-1	339	3.213E-91	1	19961	21304	1449	339	0.428	5.873E-98	283	727	761	-21304	-19961	1344	21310	19952
408802050	-1	245	6.364E-63	1	19961	21262	1449	245	0.342	8.247E-66	323	765	772	-21262	-19961	1302	21310	19952
408869380	-1	244	1.273E-62	1	19976	21262	1449	244	0.342	1.531E-65	257	697	713	-21262	-19976	1287	21310	19952
408897692	-1	296	2.826E-78	1	19973	21298	1449	296	0.391	3.379E-83	288	716	735	-21298	-19973	1326	21310	19952
409016286	-1	242	5.092E-62	1	19961	21262	1449	242	0.340	9.786E-65	37	478	490	-21262	-19961	1302	21310	19952
409042770	-1	344	1.004E-92	1	19961	21310	1449	344	0.431	1.013E-99	302	747	776	-21310	-19961	1350	21310	19952
409094986	-1	246	3.182E-63	1	19961	21262	1449	246	0.343	3.261E-66	320	762	774	-21262	-19961	1302	21310	19952
409124918	-1	239	4.073E-61	1	19961	21262	1449	239	0.335	1.579E-63	323	766	773	-21262	-19961	1302	21310	19952
409143755	-1	257	1.554E-66	1	19961	21262	1449	257	0.353	1.041E-69	318	760	772	-21262	-19961	1302	21310	19952
409146636	-1	348	6.276E-94	1	19961	21304	1449	348	0.436	4.454E-101	298	743	772	-21304	-19961	1344	21310	19952
409169149	-1	521	5.242E-146	2	20018	24149	1377	234	0.686	5.022E-66	203	371	978	-24149	-23646	504	24206	23613
409169149	-1	521	5.242E-146	2	20018	24149	1449	287	0.400	3.173E-80	371	768	978	-21262	-20018	1245	21310	19952
409171872	-1	634	5.048E-180	3	19961	24565	1364	93	0.446	1.319E-17	26	137	765	-24565	-24230	336	24742	24230
409171872	-1	634	5.048E-180	3	19961	24565	1377	242	0.687	6.712E-69	137	311	765	-24167	-23646	522	24206	23613
409171872	-1	634	5.048E-180	3	19961	24565	1449	299	0.399	5.220E-84	311	731	765	-21262	-19961	1302	21310	19952
409211616	-1	252	4.972E-65	1	19961	21262	1449	252	0.349	3.142E-68	63	505	517	-21262	-19961	1302	21310	19952
413038797	-1	94	1.817E-17	2	2959	3446	1811	38	0.445	2.756E+01	58	100	201	-3446	-3321	126	3710	3294
413038797	-1	94	1.817E-17	2	2959	3446	1817	62	0.392	5.021E-08	108	195	201	-3222	-2959	264	3270	2932
413805294	-1	144	1.614E-32	1	29089	29544	1269	144	0.499	8.382E-36	94	246	286	-29544	-29089	456	29547	29089
413852150	-1	114	1.733E-23	2	28215	28929	1282	92	0.366	4.676E-17	71	213	340	-28929	-28492	438	28929	28360
413852150	-1	114	1.733E-23	2	28215	28929	1286	54	0.447	3.496E-05	247	309	340	-28400	-28215	186	28451	28119
413859155	-1	111	1.386E-22	2	28717	29082	1273	40	0.424	1.843E-01	19	67	145	-29082	-28936	147	29085	28933
413859155	-1	111	1.386E-22	2	28717	29082	1282	72	0.521	1.842E-10	70	140	145	-28929	-28717	213	28929	28360
414076330	1	94	1.817E-17	1	18668	19285	449	94	0.293	6.069E-17	0	209	275	18668	19285	618	18665	19423
414082062	1	110	2.772E-22	2	17482	18369	424	59	0.338	1.624E-06	93	192	398	17482	17787	306	17395	17787
414082062	1	110	2.772E-22	2	17482	18369	436	96	0.366	8.783E-19	239	392	398	17926	18369	444	17926	18474
414922102	1	92	7.267E-17	1	18668	19126	449	92	0.344	2.796E-16	68	227	284	18668	19126	459	18665	19423
414928595	1	162	6.155E-38	1	37718	38611	842	162	0.333	3.313E-38	35	337	439	37718	38611	894	37400	38659
415200067	1	233	2.607E-59	1	37400	38563	842	233	0.361	4.278E-62	86	472	592	37400	38563	1164	37400	38659
415314929	1	118	1.083E-24	1	36652	37065	820	118	0.462	1.039E-23	7	144	152	36652	37065	414	36037	37251
415316883	1	151	1.261E-34	1	36040	36438	820	151	0.577	1.148E-34	77	210	215	36040	36438	399	36037	37251
415765407	1	125	8.460E-27	1	36046	36987	820	125	0.275	4.891E-26	129	395	418	36046	36987	942	36037	37251
416183724	1	253	2.486E-65	2	36106	37387	820	201	0.353	2.749E-51	242	574	805	36106	37140	1035	36037	37251
416183724	1	253	2.486E-65	2	36106	37387	823	87	0.638	3.438E-17	611	677	805	37187	37387	201	37139	37396
417175867	-1	162	6.155E-38	1	43667	44245	971	162	0.459	1.075E-39	30	222	251	-44245	-43667	579	44518	43625
417470205	-1	335	5.141E-90	2	42766	44245	971	168	0.471	1.388E-41	30	222	546	-44245	-43667	579	44518	43625
417470205	-1	335	5.141E-90	2	42766	44245	983	179	0.351	1.180E-45	236	545	546	-43611	-42766	846	43611	42748
417553738	1	243	2.546E-62	1	37400	38638	842	243	0.356	1.843E-65	181	590	685	37400	38638	1239	37400	38659
417825818	1	145	8.068E-33	1	38000	38638	842	145	0.391	2.714E-32	22	230	325	38000	38638	639	37400	38659
418001590	1	80	2.977E-13	1	36910	37149	820	80	0.514	1.976E-11	0	79	118	36910	37149	240	36037	37251
418171398	-1	359	3.064E-97	2	42790	44518	971	181	0.363	6.561E-46	348	633	946	-44518	-43628	891	44518	43625
418171398	-1	359	3.064E-97	2	42790	44518	983	177	0.360	5.609E-45	635	929	946	-43611	-42790	822	43611	42748
418332540	-1	209	4.374E-52	1	43769	44518	971	209	0.458	1.141E-55	173	421	456	-44518	-43769	750	44518	43625
418343312	1	161	1.231E-37	1	37682	38611	842	161	0.326	8.242E-38	2	311	413	37682	38611	930	37400	38659
418500768	1	178	9.392E-43	1	37655	38644	842	178	0.335	1.677E-43	3	329	417	37655	38644	990	37400	38659
418805503	1	227	1.668E-57	1	37400	38500	842	227	0.369	4.448E-60	20	381	390	37400	38500	1101	37400	38659
419498813	-1	203	2.799E-50	2	28137	28929	1282	134	0.440	1.856E-31	23	188	289	-28929	-28429	501	28929	28360
419498813	-1	203	2.799E-50	2	28137	28929	1286	79	0.484	8.034E-14	200	284	289	-28388	-28137	252	28451	28119
419750250	1	67	2.438E-09	1	18806	19195	449	67	0.318	3.787E-08	0	129	138	18806	19195	390	18665	19423
419899696	-1	248	7.956E-64	1	19958	21262	1449	248	0.346	6.942E-67	327	768	781	-21262	-19958	1305	21310	19952
420074463	1	178	9.392E-43	1	37655	38563	842	178	0.354	1.677E-43	3	306	426	37655	38563	909	37400	38659
420392729	1	142	6.454E-32	1	37865	38638	842	142	0.338	1.651E-31	3	260	356	37865	38638	774	37400	38659
420514035	1	169	4.809E-40	1	37433	38233	842	169	0.374	1.384E-40	3	266	273	37433	38233	801	37400	38659
420845000	1	203	2.799E-50	1	36040	37110	820	203	0.348	3.171E-52	144	490	492	36040	37110	1071	36037	37251
421038264	1	151	1.261E-34	1	38078	38638	842	151	0.445	1.607E-34	56	242	337	38078	38638	561	37400	38659
421412688	-1	458	4.835E-127	1	19961	21262	1449	458	0.553	6.859E-139	286	701	706	-21262	-19961	1302	21310	19952
422533722	-1	255	6.215E-66	1	19988	21298	1449	255	0.349	4.900E-69	297	743	757	-21298	-19988	1311	21310	19952
422549119	1	124	1.692E-26	1	36712	37098	820	124	0.507	8.883E-26	1	129	142	36712	37098	387	36037	37251
422580522	1	182	5.870E-44	2	36769	37396	820	134	0.557	9.096E-29	1	123	252	36769	37137	369	36037	37251
422580522	1	182	5.870E-44	2	36769	37396	823	70	0.455	2.105E-11	147	228	252	37151	37396	246	37139	37396
422580568	-1	183	2.935E-44	1	42781	43611	983	183	0.360	9.727E-47	77	380	384	-43611	-42781	831	43611	42748
422581190	1	185	7.338E-45	1	36457	37137	820	185	0.448	6.114E-46	167	352	375	36457	37137	681	36037	37251
422581707	1	205	6.998E-51	2	36769	37396	820	141	0.583	2.989E-31	1	123	238	36769	37137	369	36037	37251
422581707	1	205	6.998E-51	2	36769	37396	823	85	0.524	2.305E-16	146	228	238	37148	37396	249	37139	37396
422608225	-1	190	2.293E-46	2	28119	28767	1282	89	0.431	3.025E-16	2	112	215	-28767	-28429	339	28929	28360
422608225	-1	190	2.293E-46	2	28119	28767	1286	106	0.563	1.956E-23	119	214	215	-28403	-28119	285	28451	28119
422616370	-1	236	3.259E-60	1	42760	43476	983	236	0.514	3.229E-65	0	243	248	-43476	-42760	717	43611	42748
422670278	-1	237	1.629E-60	1	20069	21298	1449	237	0.351	3.989E-63	353	764	812	-21298	-20069	1230	21310	19952
422699178	1	60	3.121E-07	1	37163	37396	823	60	0.415	1.112E-07	18	95	110	37163	37396	234	37139	37396
422713139	-1	245	6.364E-63	4	28119	29547	1269	104	0.567	7.547E-22	40	132	384	-29547	-29269	279	29547	29089
422713139	-1	245	6.364E-63	4	28119	29547	1273	46	0.592	2.074E-03	167	203	384	-29079	-28969	111	29085	28933
422713139	-1	245	6.364E-63	4	28119	29547	1282	85	0.475	6.765E-15	208	301	384	-28758	-28474	285	28929	28360
422713139	-1	245	6.364E-63	4	28119	29547	1286	59	0.457	7.955E-07	317	383	384	-28316	-28119	198	28451	28119
422784784	-1	58	1.248E-06	1	28242	28421	1286	58	0.493	1.495E-06	24	83	89	-28421	-28242	180	28451	28119
422816695	1	86	4.651E-15	1	18716	19060	449	86	0.393	2.698E-14	5	127	144	18716	19060	345	18665	19423
422852239	-1	172	6.011E-41	1	42790	43611	983	172	0.353	3.225E-43	31	325	342	-43611	-42790	822	43611	42748
422861286	-1	58	1.248E-06	1	28140	28406	1286	58	0.367	1.091E-06	81	170	178	-28406	-28140	267	28451	28119
422862159	-1	205	6.998E-51	1	43628	44410	971	205	0.437	3.550E-54	0	252	356	-44410	-43628	783	44518	43625
422864867	1	133	3.305E-29	1	18671	19312	449	133	0.362	2.387E-30	9	226	283	18671	19312	642	18665	19423
422865286	-1	84	1.860E-14	1	28519	28920	1282	84	0.365	1.717E-14	41	170	184	-28920	-28519	402	28929	28360
422867157	-1	509	2.147E-142	2	42841	44518	971	239	0.446	5.319E-66	157	451	871	-44518	-43628	891	44518	43625
422867157	-1	509	2.147E-142	2	42841	44518	983	269	0.539	1.579E-76	453	714	871	-43611	-42841	771	43611	42748
422927084	1	139	5.163E-31	1	38051	38599	842	139	0.421	1.827E-30	66	250	257	38051	38599	549	37400	38659
422939162	-1	417	1.063E-114	2	42769	44518	971	208	0.417	2.914E-55	381	651	953	-44518	-43673	846	44518	43625
422939162	-1	417	1.063E-114	2	42769	44518	983	223	0.436	1.369E-60	667	951	953	-43611	-42769	843	43611	42748
422940273	1	205	6.998E-51	1	36040	37119	820	205	0.348	9.227E-53	72	424	448	36040	37119	1080	36037	37251
422956279	-1	255	6.215E-66	2	28125	28929	1282	162	0.513	2.020E-41	8	170	272	-28929	-28429	501	28929	28360
422956279	-1	255	6.215E-66	2	28125	28929	1286	98	0.540	1.499E-20	177	269	272	-28403	-28125	279	28451	28119
422957674	1	66	4.877E-09	1	18671	18919	449	66	0.419	1.245E-07	37	121	142	18671	18919	249	18665	19423
422965807	-1	300	1.766E-79	1	42748	43611	983	300	0.538	3.591E-87	21	313	315	-43611	-42748	864	43611	42748
422989842	-1	401	6.968E-110	2	42781	44518	971	188	0.374	1.757E-48	319	600	887	-44518	-43628	891	44518	43625
422989842	-1	401	6.968E-110	2	42781	44518	983	212	0.425	6.429E-57	602	882	887	-43611	-42781	831	43611	42748
423007344	-1	124	1.692E-26	1	43156	43611	983	124	0.447	6.226E-27	152	301	302	-43611	-43156	456	43611	42748
423257597	-1	234	1.303E-59	1	19961	21262	1449	234	0.331	6.423E-62	338	781	788	-21262	-19961	1302	21310	19952
423410860	-1	347	1.255E-93	1	19961	21304	1449	347	0.435	1.137E-100	298	743	772	-21304	-19961	1344	21310	19952
423493470	-1	242	5.092E-62	1	19961	21262	1449	242	0.339	1.333E-64	323	765	772	-21262	-19961	1302	21310	19952
423564937	-1	248	7.956E-64	1	19961	21262	1449	248	0.345	1.289E-66	315	756	768	-21262	-19961	1302	21310	19952
423592421	-1	195	7.166E-48	1	19961	20869	1449	195	0.360	7.728E-49	32	357	369	-20869	-19961	909	21310	19952
423598513	-1	346	2.510E-93	1	19961	21304	1449	346	0.434	2.903E-100	298	743	772	-21304	-19961	1344	21310	19952
423642917	-1	254	1.243E-65	1	19961	21262	1449	254	0.351	6.679E-69	318	760	772	-21262	-19961	1302	21310	19952
423730644	-1	248	7.956E-64	1	19973	21262	1449	248	0.348	6.942E-67	287	724	741	-21262	-19973	1290	21310	19952
423748899	-1	250	1.989E-64	1	19961	21262	1449	250	0.347	2.743E-67	315	756	768	-21262	-19961	1302	21310	19952
423780587	-1	243	2.546E-62	1	19976	21262	1449	243	0.340	7.183E-65	323	764	774	-21262	-19976	1287	21310	19952
424078553	-1	112	6.930E-23	2	2956	3473	1811	41	0.425	2.390E+00	46	95	195	-3473	-3324	150	3710	3294
424078553	-1	112	6.930E-23	2	2956	3473	1817	77	0.458	4.238E-13	103	191	195	-3222	-2956	267	3270	2932
428346306	-1	143	3.227E-32	1	29089	29544	1269	143	0.497	1.575E-35	10	162	224	-29544	-29089	456	29547	29089
428346342	-1	174	1.503E-41	2	28717	29544	1269	144	0.499	8.382E-36	94	246	371	-29544	-29089	456	29547	29089
428346342	-1	174	1.503E-41	2	28717	29544	1282	82	0.580	8.096E-14	300	370	371	-28929	-28717	213	28929	28360
428346414	-1	280	1.852E-73	3	28654	29544	1269	143	0.495	2.959E-35	107	259	535	-29544	-29089	456	29547	29089
428346414	-1	280	1.852E-73	3	28654	29544	1273	36	0.415	4.579E+00	266	310	535	-29070	-28936	135	29085	28933
428346414	-1	280	1.852E-73	3	28654	29544	1282	107	0.587	2.429E-22	313	404	535	-28929	-28654	276	28929	28360
428346860	-1	258	7.769E-67	3	28717	29544	1269	143	0.495	2.959E-35	107	259	411	-29544	-29089	456	29547	29089
428346860	-1	258	7.769E-67	3	28717	29544	1273	37	0.422	2.407E+00	266	310	411	-29070	-28936	135	29085	28933
428346860	-1	258	7.769E-67	3	28717	29544	1282	84	0.591	1.717E-14	313	383	411	-28929	-28717	213	28929	28360
428347310	-1	163	3.078E-38	2	28933	29526	1269	131	0.483	2.763E-31	18	162	311	-29526	-29095	432	29547	29089
428347310	-1	163	3.078E-38	2	28933	29526	1273	39	0.434	4.828E-01	171	216	311	-29070	-28933	138	29085	28933
428705327	1	344	1.004E-92	2	37187	38611	823	82	0.605	2.123E-15	30	96	609	37187	37387	201	37139	37396
428705327	1	344	1.004E-92	2	37187	38611	842	265	0.383	5.127E-73	101	507	609	37400	38611	1212	37400	38659
428976242	1	261	9.711E-68	2	36397	38563	820	124	0.316	1.613E-25	0	191	803	36397	37140	744	36037	37251
428976242	1	261	9.711E-68	2	36397	38563	842	241	0.370	6.373E-65	297	683	803	37400	38563	1164	37400	38659
429432081	-1	98	1.135E-18	1	28489	28902	1282	98	0.399	4.367E-19	35	169	260	-28902	-28489	414	28929	28360
429534283	1	69	6.096E-10	1	18875	19288	449	69	0.311	1.149E-08	14	148	173	18875	19288	414	18665	19423
429592432	-1	141	1.291E-31	2	28453	29067	1273	43	0.487	1.953E-02	60	103	372	-29067	-28936	132	29085	28933
429592432	-1	141	1.291E-31	2	28453	29067	1282	99	0.364	1.713E-19	106	249	372	-28929	-28453	477	28929	28360
430461112	-1	279	3.705E-73	3	28125	29070	1273	40	0.449	2.541E-01	11	55	325	-29070	-28936	135	29085	28933
430461112	-1	279	3.705E-73	3	28125	29070	1282	143	0.465	7.229E-35	58	224	325	-28929	-28429	501	28929	28360
430461112	-1	279	3.705E-73	3	28125	29070	1286	100	0.537	2.248E-21	229	324	325	-28409	-28125	285	28451	28119
430757379	1	265	6.070E-69	1	37400	38593	842	265	0.388	6.997E-73	163	555	604	37400	38593	1194	37400	38659
431304548	-1	70	3.048E-10	1	2959	3231	1817	70	0.417	1.249E-10	74	164	168	-3231	-2959	273	3270	2932
431629966	1	366	2.394E-99	2	36424	38641	820	184	0.408	1.130E-45	105	350	945	36424	37194	771	36037	37251
431629966	1	366	2.394E-99	2	36424	38641	842	278	0.391	1.772E-77	448	854	945	37400	38641	1242	37400	38659
432088924	1	97	2.271E-18	1	18668	19285	449	97	0.299	5.246E-18	0	209	280	18668	19285	618	18665	19423
432283865	1	85	9.302E-15	1	17926	18384	436	85	0.326	1.011E-14	74	232	256	17926	18384	459	17926	18474
432357110	1	213	2.733E-53	1	36040	37146	820	213	0.352	1.403E-55	260	617	623	36040	37146	1107	36037	37251
432378183	1	256	3.108E-66	1	37400	38605	842	256	0.376	8.923E-70	49	441	648	37400	38605	1206	37400	38659
432495764	1	259	3.885E-67	1	37400	38599	842	259	0.382	3.987E-71	57	451	554	37400	38599	1200	37400	38659
433094444	1	174	1.503E-41	1	37772	38599	842	174	0.371	4.830E-42	0	276	280	37772	38599	828	37400	38659
433927562	1	232	5.214E-59	1	37511	38605	842	232	0.375	7.948E-62	4	369	482	37511	38605	1095	37400	38659
434668879	1	128	1.057E-27	1	38015	38635	842	128	0.364	1.065E-26	10	216	313	38015	38635	621	37400	38659
435272664	1	110	2.772E-22	2	17503	18378	424	55	0.339	2.712E-05	8	100	302	17503	17787	285	17395	17787
435272664	1	110	2.772E-22	2	17503	18378	436	97	0.371	4.703E-19	144	295	302	17926	18378	453	17926	18474
435293532	1	145	8.068E-33	1	38000	38638	842	145	0.391	2.714E-32	22	230	325	38000	38638	639	37400	38659
435432490	1	234	1.303E-59	1	37451	38593	842	234	0.367	1.689E-62	5	385	461	37451	38593	1143	37400	38659
435934176	-1	175	7.514E-42	1	43667	44518	971	175	0.367	3.760E-44	163	435	478	-44518	-43667	852	44518	43625
435941542	1	165	7.694E-39	2	18404	19291	439	58	0.377	1.015E-06	8	93	340	18404	18655	252	18359	18661
435941542	1	165	7.694E-39	2	18404	19291	449	109	0.321	5.194E-22	97	308	340	18668	19291	624	18665	19423
436030882	1	104	1.774E-20	1	36742	37227	820	104	0.374	3.169E-19	161	297	304	36742	37227	486	36037	37251
436237566	-1	351	7.845E-95	2	42766	44518	971	180	0.374	8.959E-46	384	656	981	-44518	-43667	852	44518	43625
436237566	-1	351	7.845E-95	2	42766	44518	983	183	0.355	7.120E-47	670	980	981	-43611	-42766	846	43611	42748
437012585	-1	238	8.146E-61	1	19964	21310	1449	238	0.331	2.929E-63	293	744	757	-21310	-19964	1347	21310	19952
437038675	-1	238	8.146E-61	1	19979	21298	1449	238	0.336	2.929E-63	296	737	756	-21298	-19979	1320	21310	19952
437053387	-1	241	1.018E-61	1	20069	21304	1449	241	0.353	3.369E-64	294	707	755	-21304	-20069	1236	21310	19952
437072722	-1	251	9.944E-65	1	20069	21298	1449	251	0.364	1.084E-67	296	708	756	-21298	-20069	1230	21310	19952
437091029	1	117	2.166E-24	1	36757	37137	820	117	0.487	1.880E-23	82	209	222	36757	37137	381	36037	37251
437110504	1	239	4.073E-61	1	36040	37119	820	239	0.388	1.836E-64	217	569	571	36040	37119	1080	36037	37251
437121846	-1	191	1.147E-46	1	43015	43611	983	191	0.501	1.383E-49	21	223	224	-43611	-43015	597	43611	42748
437121984	1	83	3.721E-14	1	36910	37137	820	83	0.551	2.663E-12	0	75	123	36910	37137	228	36037	37251
437122086	-1	331	8.226E-89	2	42781	44518	971	173	0.377	3.322E-43	384	641	977	-44518	-43712	807	44518	43625
437122086	-1	331	8.226E-89	2	42781	44518	983	185	0.363	1.496E-47	670	973	977	-43611	-42781	831	43611	42748
437122106	-1	180	2.348E-43	1	42790	43611	983	180	0.364	6.322E-46	76	370	387	-43611	-42790	822	43611	42748
437122505	-1	545	3.124E-153	2	42748	44518	971	240	0.447	2.842E-66	65	359	655	-44518	-43628	891	44518	43625
437122505	-1	545	3.124E-153	2	42748	44518	983	304	0.543	1.549E-88	361	653	655	-43611	-42748	864	43611	42748
437123091	-1	547	7.811E-154	2	42748	44518	971	244	0.454	6.611E-68	400	694	990	-44518	-43628	891	44518	43625
437123091	-1	547	7.811E-154	2	42748	44518	983	302	0.541	7.458E-88	696	988	990	-43611	-42748	864	43611	42748
437146630	-1	1577	0.000E+00	3	19952	24688	1364	304	0.942	4.445E-91	0	152	762	-24688	-24230	459	24742	24230
437146630	-1	1577	0.000E+00	3	19952	24688	1377	380	1.000	7.848E-117	152	325	762	-24167	-23646	522	24206	23613
437146630	-1	1577	0.000E+00	3	19952	24688	1449	901	0.953	3.463E-292	317	761	762	-21298	-19952	1347	21310	19952
437207166	-1	86	4.651E-15	1	28633	28929	1282	86	0.462	4.959E-15	44	141	181	-28929	-28633	297	28929	28360
437232038	1	152	6.303E-35	2	36622	37396	820	117	0.384	3.402E-23	28	202	405	36622	37146	525	36037	37251
437232038	1	152	6.303E-35	2	36622	37396	823	65	0.466	1.792E-09	234	306	405	37178	37396	219	37139	37396
437232591	1	162	6.155E-38	1	36682	37149	820	162	0.539	4.238E-38	0	155	196	36682	37149	468	36037	37251
437238621	1	407	1.089E-111	2	36040	38635	820	233	0.376	2.635E-62	210	559	1171	36040	37140	1101	36037	37251
437238621	1	407	1.089E-111	2	36040	38635	842	280	0.395	3.733E-78	667	1076	1171	37400	38635	1236	37400	38659
437254856	-1	133	3.305E-29	1	28420	28917	1282	133	0.440	3.477E-31	0	161	251	-28917	-28420	498	28929	28360
437295634	-1	170	2.404E-40	2	28119	28908	1282	111	0.519	1.456E-23	26	136	249	-28908	-28576	333	28929	28360
437295634	-1	170	2.404E-40	2	28119	28908	1286	77	0.438	2.845E-13	156	248	249	-28403	-28119	285	28451	28119
437295949	1	171	1.202E-40	1	37763	38569	842	171	0.372	4.088E-41	0	270	282	37763	38569	807	37400	38659
437298078	1	129	5.287E-28	1	38012	38638	842	129	0.364	4.357E-27	14	219	314	38012	38638	627	37400	38659
437298089	1	133	3.305E-29	1	38081	38569	842	133	0.447	1.634E-28	33	195	207	38081	38569	489	37400	38659
437311515	-1	564	5.959E-159	2	42769	44479	971	265	0.500	5.463E-75	294	571	866	-44479	-43628	852	44518	43625
437311515	-1	564	5.959E-159	2	42769	44479	983	298	0.547	1.263E-86	573	857	866	-43611	-42769	843	43611	42748
437322242	1	100	2.839E-19	1	18668	19279	449	100	0.306	6.135E-19	45	252	254	18668	19279	612	18665	19423
437326514	1	173	3.006E-41	3	17926	19348	436	85	0.340	5.426E-15	172	322	747	17926	18366	441	17926	18474
437326514	1	173	3.006E-41	3	17926	19348	439	63	0.426	1.209E-08	399	478	747	18404	18637	234	18359	18661
437326514	1	173	3.006E-41	3	17926	19348	449	109	0.309	2.804E-22	489	715	747	18668	19348	681	18665	19423
437326601	-1	64	1.951E-08	1	28146	28364	1286	64	0.456	9.592E-09	1	74	78	-28364	-28146	219	28451	28119
437326983	1	111	1.386E-22	1	18698	19279	449	111	0.341	8.163E-23	0	197	241	18698	19279	582	18665	19423
437353288	1	112	6.930E-23	1	18668	19348	449	112	0.312	4.403E-23	28	255	269	18668	19348	681	18665	19423
437363537	-1	131	1.322E-28	1	43003	43476	983	131	0.444	3.308E-29	0	161	164	-43476	-43003	474	43611	42748
437375554	-1	242	5.092E-62	3	28492	29496	1269	113	0.463	7.433E-25	13	143	463	-29496	-29107	390	29547	29089
437375554	-1	242	5.092E-62	3	28492	29496	1273	43	0.519	1.417E-02	151	191	463	-29085	-28963	123	29085	28933
437375554	-1	242	5.092E-62	3	28492	29496	1282	102	0.395	1.927E-20	203	345	463	-28929	-28492	438	28929	28360
437381559	1	70	3.048E-10	1	18884	19279	449	70	0.322	6.320E-09	0	128	204	18884	19279	396	18665	19423
437406868	1	233	2.607E-59	1	37493	38500	842	233	0.399	5.831E-62	14	347	348	37493	38500	1008	37400	38659
437407291	1	179	4.696E-43	2	18488	19351	439	65	0.634	2.484E-09	38	87	377	18488	18637	150	18359	18661
437407291	1	179	4.696E-43	2	18488	19351	449	123	0.332	5.596E-27	98	326	377	18671	19351	681	18665	19423
437421978	1	110	2.772E-22	1	17926	18414	436	110	0.381	1.546E-23	6	172	285	17926	18414	489	17926	18474
437448802	1	110	2.772E-22	1	36790	37080	820	110	0.576	3.854E-21	14	110	111	36790	37080	291	36037	37251
437468415	1	134	1.652E-29	1	37979	38611	842	134	0.372	8.983E-29	3	211	324	37979	38611	633	37400	38659
437471671	1	233	2.607E-59	1	37400	38476	842	233	0.381	4.278E-62	166	514	666	37400	38476	1077	37400	38659
437481366	-1	159	4.924E-37	1	43673	44254	971	159	0.450	1.289E-38	8	201	384	-44254	-43673	582	44518	43625
437481807	-1	191	1.147E-46	1	42781	43611	983	191	0.386	1.012E-49	85	373	376	-43611	-42781	831	43611	42748
437488905	-1	246	3.182E-63	1	19979	21310	1449	246	0.340	6.053E-66	115	561	587	-21310	-19979	1332	21310	19952
437489743	-1	246	3.182E-63	1	19979	21310	1449	246	0.341	4.443E-66	292	738	764	-21310	-19979	1332	21310	19952
437498885	-1	187	1.834E-45	2	28405	29082	1273	43	0.452	1.417E-02	37	85	354	-29082	-28936	147	29085	28933
437498885	-1	187	1.834E-45	2	28405	29082	1282	145	0.452	2.057E-35	88	259	354	-28929	-28405	525	28929	28360
437776039	-1	239	4.073E-61	1	19961	21262	1449	239	0.335	1.579E-63	323	767	774	-21262	-19961	1302	21310	19952
437897817	-1	242	5.092E-62	1	20153	21271	1449	242	0.371	9.786E-65	294	681	686	-21271	-20153	1119	21310	19952
437900086	-1	257	1.554E-66	1	19961	21262	1449	257	0.353	1.041E-69	318	760	772	-21262	-19961	1302	21310	19952
437967844	-1	263	2.428E-68	1	19961	21262	1449	263	0.356	9.962E-72	321	767	772	-21262	-19961	1302	21310	19952
438011194	-1	243	2.546E-62	1	19976	21262	1449	243	0.344	5.273E-65	314	748	766	-21262	-19976	1287	21310	19952
438055752	-1	243	2.546E-62	1	19976	21262	1449	243	0.342	3.871E-65	318	757	767	-21262	-19976	1287	21310	19952
438139184	-1	347	1.255E-93	1	19961	21304	1449	347	0.436	8.321E-101	298	743	772	-21304	-19961	1344	21310	19952
438192470	-1	241	1.018E-61	1	19961	21262	1449	241	0.338	2.473E-64	338	781	788	-21262	-19961	1302	21310	19952
438219788	-1	355	4.903E-96	1	19958	21304	1449	355	0.441	3.001E-103	228	674	702	-21304	-19958	1347	21310	19952
438704818	-1	121	1.354E-25	2	2956	3551	1811	45	0.317	8.113E-02	27	106	194	-3551	-3297	255	3710	3294
438704818	-1	121	1.354E-25	2	2956	3551	1817	79	0.465	6.365E-14	103	192	194	-3225	-2956	270	3270	2932
439431245	-1	109	5.544E-22	2	2953	3533	1811	40	0.305	4.410E+00	42	119	214	-3533	-3297	237	3710	3294
439431245	-1	109	5.544E-22	2	2953	3533	1817	74	0.409	5.306E-12	114	212	214	-3231	-2953	279	3270	2932
442887635	-1	285	5.788E-75	3	28621	29544	1269	139	0.486	3.686E-34	10	162	355	-29544	-29089	456	29547	29089
442887635	-1	285	5.788E-75	3	28621	29544	1273	36	0.415	4.579E+00	169	213	355	-29070	-28936	135	29085	28933
442887635	-1	285	5.788E-75	3	28621	29544	1282	116	0.573	1.820E-25	216	318	355	-28929	-28621	309	28929	28360
442888077	-1	167	1.924E-39	2	28717	29544	1269	144	0.498	1.149E-35	94	246	372	-29544	-29089	456	29547	29089
442888077	-1	167	1.924E-39	2	28717	29544	1282	75	0.537	2.125E-11	300	367	372	-28929	-28717	213	28929	28360
442888329	-1	257	1.554E-66	3	28717	29544	1269	143	0.495	2.959E-35	107	259	395	-29544	-29089	456	29547	29089
442888329	-1	257	1.554E-66	3	28717	29544	1273	36	0.415	4.579E+00	266	310	395	-29070	-28936	135	29085	28933
442888329	-1	257	1.554E-66	3	28717	29544	1282	84	0.591	1.717E-14	313	383	395	-28929	-28717	213	28929	28360
442888730	-1	118	1.083E-24	2	28717	29070	1273	36	0.415	4.579E+00	85	129	203	-29070	-28936	135	29085	28933
442888730	-1	118	1.083E-24	2	28717	29070	1282	83	0.587	3.193E-14	132	202	203	-28929	-28717	213	28929	28360
442888971	-1	175	7.514E-42	2	28717	29544	1269	145	0.503	3.255E-36	158	310	435	-29544	-29089	456	29547	29089
442888971	-1	175	7.514E-42	2	28717	29544	1282	82	0.577	1.104E-13	364	434	435	-28929	-28717	213	28929	28360
442888999	-1	261	9.711E-68	3	28603	29544	1269	143	0.495	2.959E-35	107	259	560	-29544	-29089	456	29547	29089
442888999	-1	261	9.711E-68	3	28603	29544	1273	37	0.422	2.407E+00	266	310	560	-29070	-28936	135	29085	28933
442888999	-1	261	9.711E-68	3	28603	29544	1282	87	0.433	2.664E-15	313	420	560	-28929	-28603	327	28929	28360
443353324	1	158	9.848E-37	1	37463	38305	842	158	0.341	1.265E-36	50	333	478	37463	38305	843	37400	38659
443691719	1	256	3.108E-66	1	37400	38611	842	256	0.375	8.923E-70	105	505	611	37400	38611	1212	37400	38659
444779996	1	256	3.108E-66	2	37178	38566	823	63	0.519	1.204E-08	35	95	506	37178	37360	183	37139	37396
444779996	1	256	3.108E-66	2	37178	38566	842	200	0.348	7.884E-51	104	415	506	37514	38566	1053	37400	38659
445419581	-1	359	3.064E-97	2	42790	44518	971	181	0.363	6.561E-46	348	633	946	-44518	-43628	891	44518	43625
445419581	-1	359	3.064E-97	2	42790	44518	983	177	0.360	7.661E-45	635	929	946	-43611	-42790	822	43611	42748
445693747	1	174	1.503E-41	1	37796	38641	842	174	0.367	3.559E-42	2	281	374	37796	38641	846	37400	38659
446023128	1	208	8.747E-52	1	37412	38536	842	208	0.342	1.224E-53	1	350	352	37412	38536	1125	37400	38659
446117654	1	140	2.582E-31	1	37463	38305	842	140	0.317	7.421E-31	50	311	456	37463	38305	843	37400	38659
446335225	-1	168	9.618E-40	1	43667	44287	971	168	0.447	1.017E-41	139	343	366	-44287	-43667	621	44518	43625
446465508	1	154	1.576E-35	1	37421	38401	842	154	0.307	1.429E-35	0	291	404	37421	38401	981	37400	38659
446658266	-1	250	1.989E-64	1	19961	21262	1449	250	0.347	1.477E-67	315	757	777	-21262	-19961	1302	21310	19952
446857180	1	87	2.325E-15	1	18737	19252	449	87	0.316	1.084E-14	4	173	253	18737	19252	516	18665	19423
447160826	1	211	1.093E-52	1	36040	37125	820	211	0.354	6.584E-55	57	411	412	36040	37125	1086	36037	37251
447511869	1	118	1.083E-24	1	18668	19321	449	118	0.331	3.135E-25	62	281	340	18668	19321	654	18665	19423
447550841	1	249	3.978E-64	1	37400	38626	842	249	0.365	1.753E-67	93	498	596	37400	38626	1227	37400	38659
448650673	1	286	2.894E-75	1	37400	38611	842	286	0.407	2.550E-80	12	412	536	37400	38611	1212	37400	38659
448694992	-1	130	2.644E-28	2	28627	29070	1273	39	0.441	4.828E-01	14	58	212	-29070	-28936	135	29085	28933
448694992	-1	130	2.644E-28	2	28627	29070	1282	92	0.480	4.676E-17	61	158	212	-28929	-28627	303	28929	28360
448766916	1	318	6.739E-85	2	37160	38635	823	74	0.513	1.210E-12	41	114	627	37160	37381	222	37139	37396
448766916	1	318	6.739E-85	2	37160	38635	842	249	0.363	1.285E-67	121	532	627	37400	38635	1236	37400	38659
449419201	-1	179	4.696E-43	1	43628	44518	971	179	0.361	2.281E-45	171	456	587	-44518	-43628	891	44518	43625
449419259	1	524	6.552E-147	3	36106	38611	820	207	0.361	1.970E-53	242	574	1190	36106	37140	1035	36037	37251
449419259	1	524	6.552E-147	3	36106	38611	823	85	0.625	1.679E-16	611	677	1190	37187	37387	201	37139	37396
449419259	1	524	6.552E-147	3	36106	38611	842	270	0.388	1.225E-74	682	1088	1190	37400	38611	1212	37400	38659
449469647	-1	237	1.629E-60	1	19961	21211	1449	237	0.340	3.989E-63	384	816	823	-21211	-19961	1251	21310	19952
449595712	1	244	1.273E-62	1	37400	38638	842	244	0.358	5.327E-66	187	593	684	37400	38638	1239	37400	38659
450203040	1	315	5.391E-84	2	37160	38635	823	74	0.513	1.210E-12	13	86	599	37160	37381	222	37139	37396
450203040	1	315	5.391E-84	2	37160	38635	842	246	0.361	1.129E-66	93	504	599	37400	38635	1236	37400	38659
450368177	1	239	4.073E-61	1	37400	38641	842	239	0.352	3.004E-64	48	458	520	37400	38641	1242	37400	38659
451610590	-1	247	1.591E-63	1	19997	21298	1449	247	0.343	2.393E-66	296	740	769	-21298	-19997	1302	21310	19952
451661982	-1	159	4.924E-37	1	43733	44203	971	159	0.529	1.757E-38	0	156	197	-44203	-43733	471	44518	43625
451663562	-1	154	1.576E-35	1	42871	43611	983	154	0.368	7.195E-37	94	332	338	-43611	-42871	741	43611	42748
451663631	1	139	5.163E-31	1	36769	37137	820	139	0.578	9.983E-31	1	123	153	36769	37137	369	36037	37251
451663961	-1	304	1.104E-80	1	42748	43611	983	304	0.543	1.549E-88	21	313	315	-43611	-42748	864	43611	42748
451664126	-1	174	1.503E-41	1	43628	44395	971	174	0.393	9.567E-44	1	244	252	-44395	-43628	768	44518	43625
451664265	-1	161	1.231E-37	1	42841	43611	983	161	0.363	1.965E-39	30	294	309	-43611	-42841	771	43611	42748
451664713	-1	544	6.249E-153	2	42748	44518	971	239	0.446	5.319E-66	400	694	990	-44518	-43628	891	44518	43625
451664713	-1	544	6.249E-153	2	42748	44518	983	304	0.545	8.259E-89	696	988	990	-43611	-42748	864	43611	42748
451672668	1	206	3.499E-51	1	36376	37146	820	206	0.444	3.654E-53	4	254	302	36376	37146	771	36037	37251
451686577	1	117	2.166E-24	1	18665	19252	449	117	0.352	5.821E-25	13	212	299	18665	19252	588	18665	19423
451699999	-1	224	1.335E-56	1	42760	43476	983	224	0.493	5.351E-61	0	243	248	-43476	-42760	717	43611	42748
451702917	1	302	4.416E-80	2	36052	37396	820	242	0.387	2.849E-65	4	359	654	36052	37146	1095	36037	37251
451702917	1	302	4.416E-80	2	36052	37396	823	83	0.533	5.970E-16	384	463	654	37157	37396	240	37139	37396
451752648	-1	241	1.018E-61	1	19979	21298	1449	241	0.337	3.369E-64	296	739	769	-21298	-19979	1320	21310	19952
451773011	1	102	7.097E-20	1	18668	19348	449	102	0.295	9.721E-20	56	282	336	18668	19348	681	18665	19423
451795077	-1	96	4.542E-18	1	28119	28403	1286	96	0.518	7.288E-20	86	181	182	-28403	-28119	285	28451	28119
451795942	-1	65	9.753E-09	1	28125	28409	1286	65	0.385	3.720E-09	94	180	183	-28409	-28125	285	28451	28119
451796693	-1	167	1.924E-39	2	28119	28758	1282	89	0.436	4.128E-16	0	110	213	-28758	-28432	327	28929	28360
451796693	-1	167	1.924E-39	2	28119	28758	1286	83	0.459	3.403E-15	117	212	213	-28403	-28119	285	28451	28119
451822440	1	71	1.524E-10	1	18878	19279	449	71	0.324	1.910E-09	12	142	171	18878	19279	402	18665	19423
451827431	1	59	6.242E-07	1	18389	18637	439	59	0.387	5.390E-07	16	99	128	18389	18637	249	18359	18661
451837202	1	129	5.287E-28	1	38057	38536	842	129	0.442	4.357E-27	27	186	230	38057	38536	480	37400	38659
451838066	-1	279	3.705E-73	3	28119	29544	1269	127	0.454	8.849E-30	176	295	613	-29544	-29089	456	29547	29089
451838066	-1	279	3.705E-73	3	28119	29544	1282	134	0.486	1.356E-31	349	494	613	-28929	-28489	441	28929	28360
451838066	-1	279	3.705E-73	3	28119	29544	1286	88	0.470	5.582E-17	514	612	613	-28415	-28119	297	28451	28119
451862882	1	412	3.402E-113	2	36040	38563	820	232	0.375	6.683E-62	87	443	1050	36040	37137	1098	36037	37251
451862882	1	412	3.402E-113	2	36040	38563	842	287	0.420	1.867E-80	552	938	1050	37400	38563	1164	37400	38659
451895692	1	114	1.733E-23	1	18668	19111	449	114	0.411	9.403E-24	28	182	204	18668	19111	444	18665	19423
451915972	-1	580	9.093E-164	2	42760	44479	971	269	0.505	3.242E-76	2	283	574	-44479	-43628	852	44518	43625
451915972	-1	580	9.093E-164	2	42760	44479	983	310	0.566	1.386E-90	285	567	574	-43611	-42760	852	43611	42748
451934485	-1	172	6.011E-41	1	42790	43611	983	172	0.353	3.225E-43	85	379	399	-43611	-42790	822	43611	42748
451944323	-1	156	3.939E-36	2	28486	29523	1269	128	0.480	2.509E-30	83	225	466	-29523	-29098	426	29547	29089
451944323	-1	156	3.939E-36	2	28486	29523	1282	83	0.338	4.354E-14	282	426	466	-28929	-28486	444	28929	28360
451946788	1	94	1.817E-17	1	18806	19333	449	94	0.325	6.069E-17	0	177	231	18806	19333	528	18665	19423
451948214	-1	171	1.202E-40	1	42970	43611	983	171	0.438	1.121E-42	108	323	337	-43611	-42970	642	43611	42748
451950430	1	222	5.339E-56	2	36673	38512	820	160	0.533	1.943E-37	12	167	954	36673	37140	468	36037	37251
451950430	1	222	5.339E-56	2	36673	38512	842	167	0.298	8.609E-40	274	628	954	37400	38512	1113	37400	38659
451951639	1	352	3.922E-95	2	36091	38596	820	233	0.389	3.594E-62	183	524	1128	36091	37137	1047	36037	37251
451951639	1	352	3.922E-95	2	36091	38596	842	225	0.346	2.089E-59	632	1023	1128	37400	38596	1197	37400	38659
451954896	-1	352	3.922E-95	2	42970	44485	971	195	0.394	6.392E-51	332	607	838	-44485	-43628	858	44518	43625
451954896	-1	352	3.922E-95	2	42970	44485	983	156	0.409	8.184E-38	609	825	838	-43611	-42970	642	43611	42748
451956338	-1	98	1.135E-18	1	29173	29490	1269	98	0.486	1.155E-19	7	111	120	-29490	-29173	318	29547	29089
452009506	-1	85	9.302E-15	2	2935	3557	1811	42	0.290	1.294E+00	118	206	333	-3557	-3306	252	3710	3294
452009506	-1	85	9.302E-15	2	2935	3557	1817	46	0.262	1.475E-02	211	329	333	-3222	-2935	288	3270	2932
452021220	-1	177	1.878E-42	1	42787	43611	983	177	0.358	1.046E-44	67	362	378	-43611	-42787	825	43611	42748
452035361	-1	340	1.607E-91	2	43363	44518	971	240	0.447	2.842E-66	74	361	457	-44518	-43628	891	44518	43625
452035361	-1	340	1.607E-91	2	43363	44518	983	99	0.596	2.654E-18	363	445	457	-43611	-43363	249	43611	42748
452038015	-1	193	2.866E-47	1	43628	44359	971	193	0.439	3.044E-50	0	233	256	-44359	-43628	732	44518	43625
452043931	-1	52	7.990E-05	1	2977	3213	1817	52	0.325	1.813E-04	10	104	119	-3213	-2977	237	3270	2932
452294686	-1	531	5.119E-149	2	19952	24167	1377	248	0.705	4.334E-71	126	299	731	-24167	-23646	522	24206	23613
452294686	-1	531	5.119E-149	2	19952	24167	1449	295	0.383	1.174E-82	287	716	731	-21310	-19952	1359	21310	19952
452295636	-1	247	1.591E-63	1	19955	21262	1449	247	0.343	1.756E-66	316	759	769	-21262	-19955	1308	21310	19952
452355617	-1	350	1.569E-94	1	19961	21304	1449	350	0.438	9.338E-102	298	743	772	-21304	-19961	1344	21310	19952
452386152	-1	246	3.182E-63	1	20099	21262	1449	246	0.368	6.053E-66	290	687	742	-21262	-20099	1164	21310	19952
452427280	-1	244	1.273E-62	1	19961	21262	1449	244	0.341	2.086E-65	347	789	796	-21262	-19961	1302	21310	19952
452529829	-1	255	6.215E-66	1	19961	21262	1449	255	0.351	4.900E-69	318	760	772	-21262	-19961	1302	21310	19952
452587980	-1	248	7.956E-64	1	19976	21262	1449	248	0.345	1.289E-66	321	762	772	-21262	-19976	1287	21310	19952
452714813	-1	78	1.191E-12	1	2956	3216	1817	78	0.443	2.253E-13	24	117	121	-3216	-2956	261	3270	2932
452729470	-1	240	2.037E-61	1	19961	21262	1449	240	0.337	4.589E-64	323	765	772	-21262	-19961	1302	21310	19952
453237881	-1	71	1.524E-10	1	2956	3246	1817	71	0.400	4.842E-11	94	191	192	-3246	-2956	291	3270	2932
453527898	-1	82	7.441E-14	1	2944	3240	1817	82	0.445	6.967E-15	97	195	196	-3240	-2944	297	3270	2932
455912935	-1	78	1.191E-12	1	2950	3225	1817	78	0.452	1.642E-13	16	107	112	-3225	-2950	276	3270	2932
456000668	-1	110	2.772E-22	2	2956	3656	1811	39	0.235	1.104E+01	5	124	216	-3656	-3297	360	3710	3294
456000668	-1	110	2.772E-22	2	2956	3656	1817	72	0.437	1.369E-11	127	215	216	-3213	-2956	258	3270	2932
457217098	-1	54	1.998E-05	1	28119	28370	1286	54	0.363	3.496E-05	75	158	159	-28370	-28119	252	28451	28119
457237469	-1	59	6.242E-07	1	28125	28376	1286	59	0.387	7.955E-07	1	77	103	-28376	-28125	252	28451	28119
457429778	-1	160	2.462E-37	2	28747	29544	1269	141	0.492	7.619E-35	15	167	286	-29544	-29089	456	29547	29089
457429778	-1	160	2.462E-37	2	28747	29544	1282	71	0.577	6.316E-10	221	281	286	-28929	-28747	183	28929	28360
457637695	1	154	1.576E-35	1	37865	38635	842	154	0.359	1.429E-35	3	257	324	37865	38635	771	37400	38659
458006781	1	250	1.989E-64	1	37400	38626	842	250	0.366	6.905E-68	196	601	700	37400	38626	1227	37400	38659
459001307	-1	256	3.108E-66	1	19979	21262	1449	256	0.356	1.935E-69	313	749	768	-21262	-19979	1284	21310	19952
459606845	1	143	3.227E-32	1	37820	38635	842	143	0.329	6.696E-32	2	273	370	37820	38635	816	37400	38659
460237946	1	139	5.163E-31	1	38000	38638	842	139	0.381	1.353E-30	22	230	325	38000	38638	639	37400	38659
460315417	1	260	1.942E-67	1	37400	38593	842	260	0.383	2.922E-71	245	640	748	37400	38593	1194	37400	38659
460914589	-1	181	1.174E-43	1	43667	44518	971	181	0.375	6.561E-46	62	334	531	-44518	-43667	852	44518	43625
461138961	1	101	1.419E-19	1	36217	37017	820	101	0.266	3.295E-18	162	395	423	36217	37017	801	36037	37251
461936688	-1	250	1.989E-64	1	19976	21262	1449	250	0.349	2.013E-67	328	765	783	-21262	-19976	1287	21310	19952
461967991	-1	160	2.462E-37	1	43628	44362	971	160	0.382	5.078E-39	2	235	291	-44362	-43628	735	44518	43625
462541999	1	183	2.935E-44	1	36217	37020	820	183	0.394	2.839E-45	9	271	272	36217	37020	804	36037	37251
463822207	-1	264	1.214E-68	1	19970	21310	1449	264	0.352	3.929E-72	311	768	776	-21310	-19970	1341	21310	19952
463959399	-1	349	3.138E-94	1	19961	21304	1449	349	0.437	3.259E-101	301	747	776	-21304	-19961	1344	21310	19952
464928482	1	70	3.048E-10	1	17932	18393	436	70	0.292	1.315E-09	28	180	213	17932	18393	462	17926	18474
 