c_name,num_of_genes,lca,lcaID,percentage_target,most_abundant_taxon,target_bitscore_mean,target_bitscore_sd,target_evalue_mean,target_evalue_sd,other_bitscore_mean,other_bitscore_sd,other_evalue_mean,other_evalue_sd
contig_372,2,Endopterygota,33392,0.5,Endopterygota,329.0,,1.47e-89,,254.0,,1.23e-81,
contig_379,2,Endopterygota,33392,0,Pararge aegeria aegeria,,,,,122.25,83.09,1.885e-11,2.6657925650732844e-11
contig_375,1,Pseudolycoriella hygida,35572,0,Pseudolycoriella hygida,,,,,143.0,,1.93e-30,
contig_382,6,Endopterygota,33392,0.8333333333333334,Endopterygota,111.96,55.73,4.900000010192e-06,1.0956733084051469e-05,121.0,,1.53e-29,
contig_386,3,Sciaridae,7184,0.6666666666666666,Bradysia,171.0,11.31,4.190000000000338e-37,5.92555482634279e-37,389.0,,1.89e-109,
contig_387,5,Sciaridae,7184,0.6,Bradysia,235.33,49.01,5.1000000000000004e-45,8.833459118601274e-45,260.3,271.1,2.38e-11,3.365828278447966e-11
contig_405,1,Unassigned,,0,,,,,,,,,
contig_374,11,Endopterygota,33392,0.8181818181818182,Bradysia,113.47,42.28,1.1555710406667655e-09,3.466660859912241e-09,186.9,126.01,7.55e-18,1.0677312395916868e-17
contig_406,2,Bradysia,35571,1.0,Bradysia,456.5,269.41,2.615e-67,3.6981684656056437e-67,,,,
contig_381,11,Arthropoda,6656,0.5454545454545454,Bradysia,210.15,129.78,3.5000000000012485e-06,8.573214099740511e-06,115.8,114.49,1.1683333333333332e-05,1.3999315459454912e-05
contig_424,2,Endopterygota,33392,1.0,Endopterygota,219.15,211.92,6.35e-13,8.980256121069154e-13,,,,
contig_419,2,Nematocera,7148,0.5,Nematocera,93.6,,6.75e-15,,,,,
contig_416,2,Endopterygota,33392,0.5,Melitaea cinxia,181.0,,5.03e-47,,49.3,,0.000265,
contig_417,3,Endopterygota,33392,0.6666666666666666,Bradysia,129.5,24.75,7.5500085e-27,1.0677300375101587e-26,53.1,,1.53e-07,
contig_431,4,Ecdysozoa,1206794,0.75,Bradysia,98.83,3.48,9.656966666666667e-21,1.6319133708727723e-20,65.9,,2.07e-11,
contig_418,3,Endopterygota,33392,0.6666666666666666,Endopterygota,275.5,140.71,2.235e-51,3.1607673119038675e-51,52.4,,0.00048,
contig_437,3,cellular organisms,131567,0,bacterium,,,,,154.1,66.61,1.12e-15,1.9398969044771426e-15
contig_413,14,Ecdysozoa,1206794,0.7142857142857143,Bradysia,187.0,118.03,5.500194000032599e-07,1.7392458976948901e-06,118.83,82.81,1.7666666666912667e-06,3.0599564266837123e-06
contig_433,9,Bradysia,35571,0.7777777777777778,Bradysia,420.71,165.65,2.0485714542857145e-78,4.402936235756015e-78,,,,
contig_421,18,Endopterygota,33392,0.7777777777777778,Bradysia,141.36,73.2,5.67857243290717e-07,2.1247268442970334e-06,137.83,114.51,7.866666666671934e-07,1.3625466352870605e-06
contig_448,2,Hexapoda,6960,0,Folsomia candida,,,,,170.75,155.92,6.4e-09,9.050966799187808e-09
contig_447,1,Endopterygota,33392,1.0,Endopterygota,70.1,,3.2e-10,,,,,
contig_414,17,Endopterygota,33392,0.5882352941176471,Bradysia,318.55,244.66,3.040000000124e-14,9.613324086868304e-14,158.84,80.98,8.640000000000012e-07,1.931962732559818e-06
contig_442,6,Neoptera,33340,0.8333333333333334,Bradysia,150.06,87.01,1.092e-10,2.44178623142977e-10,113.0,,7.13e-25,
contig_434,18,Ecdysozoa,1206794,0.7777777777777778,Bradysia,276.2,194.3,1.171428571432757e-09,4.383084367362555e-09,75.1,9.23,4.9500003425e-11,5.185871396946432e-11
contig_441,7,cellular organisms,131567,0.42857142857142855,Bradysia,207.33,81.07,1.0666666666666666e-33,1.847520861406802e-33,240.67,110.28,1.3066669053333332e-41,2.2632128485319647e-41
contig_446,4,Diptera,7147,1.0,Bradysia,222.0,157.55,0.0001015,0.00020299999999999997,,,,
contig_455,3,Terrabacteria group,1783272,0,Microbacterium,,,,,178.2,191.22,5.743333333333334e-10,9.407424372979745e-10
contig_450,14,Hexapoda,6960,0.8571428571428571,Bradysia,338.7,255.24,2.458409666668558e-06,8.515892435852046e-06,194.75,185.62,1.175e-11,1.6617009357883865e-11
contig_409,26,Panarthropoda,88770,0.6538461538461539,Bradysia,189.92,107.96,1.1884471180084786e-18,2.688100606981347e-18,209.76,300.1,2.3143020455714285e-06,6.123017261476614e-06
contig_456,2,Bradysia,35571,0.5,Bradysia,1535.0,,0.0,,,,,
contig_465,1,Ditrysia,37567,0,Ditrysia,,,,,220.0,,5.82e-56,
contig_388,38,Endopterygota,33392,0.6578947368421053,Bradysia,266.41,326.53,4.154451578364001e-06,1.6862469697440642e-05,227.51,194.53,9.602857142940858e-13,2.2346097134421068e-12
contig_461,5,Pancrustacea,197562,0.6,Bradysia,286.0,185.77,8.2e-29,1.4202816622064793e-28,170.65,133.43,5.55e-16,7.848885271170679e-16
contig_389,49,Eukaryota,2759,0.673469387755102,Bradysia,281.22,228.54,1.4063350968183422e-09,7.226301901849201e-09,140.65,107.42,9.580914538399998e-07,2.7769078023388206e-06
contig_457,7,Neoptera,33340,0.8571428571428571,Bradysia,322.05,179.63,1.18e-16,2.8903978964841495e-16,100.0,,5.05e-24,
contig_444,17,Arthropoda,6656,0.6470588235294118,Bradysia,190.12,126.05,3.3363660545454543e-06,1.1065465543986624e-05,86.44,43.86,4.274317399999999e-08,9.517680753499446e-08
contig_472,1,Pseudolycoriella hygida,35572,0,Pseudolycoriella hygida,,,,,313.0,,2.14e-93,
contig_458,7,Diptera,7147,0.8571428571428571,Bradysia,375.83,315.39,1.2083333333333334e-26,2.9598001058630074e-26,249.0,,8.31e-73,
contig_443,16,Pancrustacea,197562,0.4375,Endopterygota,89.06,37.51,1.832653265791286e-08,4.619856750583426e-08,160.37,76.89,2.044592857142857e-14,4.93642220240096e-14
contig_476,1,Bradysia,35571,1.0,Bradysia,141.0,,5.06e-39,,,,,
contig_440,14,Pancrustacea,197562,0.8571428571428571,Bradysia,179.16,157.92,2.1328175000016836e-07,7.327456033405136e-07,176.0,,1e-47,
contig_483,1,Folsomia candida,158441,0,Folsomia candida,,,,,100.0,,9.13e-18,
contig_479,2,Sciaridae,7184,0.5,Bradysia,582.0,,1.82e-185,,338.0,,2.52e-114,
contig_478,2,Sciaridae,7184,0.5,Bradysia,466.0,,2.6e-154,,109.0,,7.37e-25,
contig_452,18,Endopterygota,33392,0.8888888888888888,Bradysia,307.41,338.16,2.0731258873285064e-08,8.19435287208898e-08,158.85,90.72,3.69e-21,5.218448045156721e-21
contig_467,8,Endopterygota,33392,0.625,Bradysia,286.6,157.94,3.2400000000000004e-20,7.244860247099319e-20,142.0,16.97,5.725e-35,4.900249993622775e-35
contig_439,28,cellular organisms,131567,0.75,Bradysia,270.92,192.19,2.0418343411051905e-14,7.95168575606643e-14,178.67,46.06,3.400000000000024e-34,5.888972745734162e-34
contig_451,20,Neoptera,33340,0.8,Bradysia,298.31,227.38,1.7999000003234578e-24,4.41250322289869e-24,82.2,19.11,2.393333340033336e-07,4.145374926979141e-07
contig_473,4,Endopterygota,33392,0.75,Endopterygota,228.0,113.46,1.24e-25,2.147743001385408e-25,317.0,,9e-95,
contig_453,18,Protostomia,33317,0.6111111111111112,Bradysia,284.2,280.08,7.88381828287e-06,2.4795764307860188e-05,133.32,92.34,1.40292e-07,3.123290833720101e-07
contig_475,5,Bradysia,35571,1.0,Bradysia,141.38,99.11,7.960000001572083e-10,1.7799101100019505e-09,,,,
contig_454,22,Protostomia,33317,0.7272727272727273,Bradysia,190.66,136.78,3.993357572312514e-08,1.5710167357111742e-07,151.86,165.02,2.52014e-07,3.4808291538080406e-07
contig_490,1,Nematocera,7148,1.0,Nematocera,457.0,,3.79e-142,,,,,
contig_480,8,Endopterygota,33392,0.625,Bradysia,197.4,95.89,6.02e-05,0.00013461129224548736,313.0,,1.87e-105,
contig_494,3,Bradysia,35571,0.6666666666666666,Bradysia,110.0,43.84,8.7e-16,1.2303657992645928e-15,,,,
contig_500,2,Bradysia,35571,1.0,Bradysia,169.5,24.75,2.260000000003315e-33,3.1961226509585064e-33,,,,
contig_501,1,Bradysia,35571,1.0,Bradysia,205.0,,3.26e-51,,,,,
contig_498,7,Sciaroidea,41830,0.8571428571428571,Bradysia,150.8,92.57,2.39588e-13,5.831878958963397e-13,,,,
contig_503,2,Bradysia,35571,0.5,Bradysia,208.0,,3.98e-52,,,,,
contig_496,11,cellular organisms,131567,0.5454545454545454,Bradysia,189.07,127.52,4.887689e-10,1.1524586356599789e-09,156.33,52.79,9.333333333333335e-22,1.6165807537309522e-21
contig_493,9,Diptera,7147,0.6666666666666666,Bradysia,254.98,210.6,1.4080333333333333e-05,3.42540438585967e-05,,,,
contig_499,8,Nematocera,7148,0.875,Bradysia,208.01,150.58,4.0571429804285717e-08,1.0734190979098166e-07,,,,
contig_497,9,cellular organisms,131567,0.6666666666666666,Bradysia,246.22,173.76,3.4666666666666666e-10,8.49156444164835e-10,164.5,62.93,4.265e-25,6.03162084352125e-25
contig_486,18,Neoptera,33340,0.6111111111111112,Bradysia,188.2,130.49,1.4011842636363635e-08,3.070468339739715e-08,314.67,265.41,1.0516666666812166e-12,2.5760467128198477e-12
contig_415,51,cellular organisms,131567,0.8235294117647058,Bradysia,277.54,275.99,2.7204600085904806e-07,1.5424600484966287e-06,85.77,47.99,6.945046289000102e-05,0.00016782484275807352
contig_432,59,Ecdysozoa,1206794,0.7457627118644068,Bradysia,184.98,138.26,1.4830909692904884e-05,7.05837615849952e-05,121.82,71.26,4.8394809337484615e-05,0.00017414995554255845
contig_485,21,Endopterygota,33392,0.8095238095238095,Bradysia,188.2,114.53,1.7116120050352942e-07,6.85408411711833e-07,202.73,263.5,0.00031506666666666666,0.0005429425506748696
contig_487,19,Hexapoda,6960,0.7368421052631579,Bradysia,207.48,154.1,3.4990719438571437e-13,1.2838505587741226e-12,237.5,144.96,1.5e-30,2.1213203435596426e-30
contig_436,46,Eukaryota,2759,0.5869565217391305,Bradysia,210.03,134.69,7.474344785185891e-07,3.6361678175550057e-06,229.99,196.23,1.1856480625005325e-06,4.566886020666457e-06
contig_468,26,Neoptera,33340,0.8461538461538461,Bradysia,218.52,188.59,2.488741201818182e-08,1.1550397188714287e-07,147.02,75.23,1.49253625e-13,2.984975834115956e-13
contig_488,23,Hexapoda,6960,0.7391304347826086,Bradysia,227.74,158.29,3.823530905882461e-07,1.5764815242337508e-06,170.35,118.21,6.275e-08,1.255e-07
contig_509,6,Endopterygota,33392,1.0,Bradysia,380.38,216.78,4.766666666666666e-15,1.1675901107266482e-14,,,,
contig_508,7,Endopterygota,33392,0.8571428571428571,Bradysia,167.75,119.89,2.2317166666666664e-10,5.4224020029565e-10,53.9,,1.25e-07,
contig_491,18,Protostomia,33317,0.7777777777777778,Bradysia,283.75,192.86,1.1214857858171429e-10,4.1959850360199413e-10,421.9,524.81,4.095e-07,5.791204537917824e-07
contig_519,1,Bradysia,35571,1.0,Bradysia,240.0,,4.1e-72,,,,,
contig_516,3,Bradysia,35571,1.0,Bradysia,294.0,185.39,2.03e-31,3.5160631393648213e-31,,,,
contig_520,2,Bradysia,35571,1.0,Bradysia,137.85,68.09,4.475e-15,6.328605691619601e-15,,,,
contig_492,18,Endopterygota,33392,0.8333333333333334,Bradysia,248.73,170.21,2.911966686921422e-06,1.1256024007690593e-05,178.0,,8.78e-42,
contig_505,20,Panarthropoda,88770,0.8,Bradysia,203.28,142.42,6.506273137503012e-09,2.0911152619050334e-08,90.3,23.62,9.250000000004025e-13,1.3081475451945437e-12
contig_525,4,Hexapoda,6960,0.25,Cecidomyiini,64.3,,1.81e-09,,177.8,85.9,1.3066666666666666e-11,2.2632130552233327e-11
contig_531,3,Endopterygota,33392,0.6666666666666666,Bradysia,106.85,38.4,2.75e-12,3.8890872965260115e-12,52.0,,7.78e-05,
contig_532,2,Bradysia,35571,1.0,Bradysia,234.5,140.71,1.855e-39,2.6233661582020914e-39,,,,
contig_464,38,Protostomia,33317,0.631578947368421,Bradysia,235.46,218.27,8.198699166696207e-07,3.854301360279739e-06,150.95,140.17,4.2634577171818173e-07,1.3943089439277356e-06
contig_527,5,Arthropoda,6656,1.0,Bradysia,212.2,61.58,6.64e-26,1.4847491370598601e-25,,,,
contig_522,9,cellular organisms,131567,0.6666666666666666,Bradysia,290.15,207.25,1.6833333333333376e-10,4.123307733685015e-10,171.5,111.1,4.701e-23,8.053334899282408e-23
contig_533,2,Endopterygota,33392,0.5,Bradysia,442.0,,2.06e-146,,72.4,,6.33e-13,
contig_528,6,Arthropoda,6656,1.0,Bradysia,178.97,97.97,3.350000000000004e-11,8.205790638323645e-11,,,,
contig_504,26,Endopterygota,33392,0.8846153846153846,Bradysia,185.98,146.67,3.0845608695736236e-07,1.2230243550636693e-06,67.6,18.24,1.3050116e-08,1.8455322940195655e-08
contig_512,15,Endopterygota,33392,0.6666666666666666,Bradysia,257.79,258.6,5.490134000425003e-12,1.736085727648191e-11,113.0,,5.55e-26,
contig_535,4,Diptera,7147,1.0,Bradysia,169.65,118.12,1.315e-10,2.63e-10,,,,
contig_403,75,Opisthokonta,33154,0.8133333333333334,Bradysia,264.18,234.7,2.709372796097049e-06,1.8297660469274352e-05,229.66,191.85,1.9361111111111109e-07,5.61414384488954e-07
contig_538,3,Sciaridae,7184,0.6666666666666666,Bradysia,433.0,414.36,8.65e-32,1.2232947314527273e-31,67.8,,1.38e-12,
contig_545,2,Nematocera,7148,1.0,Nematocera,160.5,132.23,4.925e-11,6.965001794687493e-11,,,,
contig_542,3,Nematocera,7148,0.6666666666666666,Bradysia,74.15,28.07,3.995000000000003e-05,5.649783181680512e-05,106.0,,1.19e-19,
contig_506,26,Neoptera,33340,0.7307692307692307,Bradysia,235.61,153.66,1.6405602631622814e-07,6.943060399707474e-07,95.78,60.33,4.955000000000568e-07,6.099844260306365e-07
contig_544,3,Sciaridae,7184,1.0,Bradysia,149.0,45.53,1.313333334283333e-26,2.2747600597844013e-26,,,,
contig_546,1,Sciaridae,7184,1.0,Sciaridae,82.8,,3.53e-12,,,,,
contig_534,6,Nematocera,7148,0.6666666666666666,Bradysia,213.5,97.46,2.2e-26,4.4e-26,272.5,241.12,4.99e-21,7.056925676241744e-21
contig_513,22,cellular organisms,131567,0.6363636363636364,Bradysia,275.44,233.6,2.2572857143074076e-14,7.416154823998813e-14,109.97,50.53,5.9333333333333335e-08,1.0276834791575339e-07
contig_507,27,Neoptera,33340,0.6666666666666666,Bradysia,228.46,143.21,1.8578888890207945e-08,7.481896911757996e-08,90.34,53.58,4.884019540001294e-07,7.528681253612299e-07
contig_511,26,Arthropoda,6656,0.8461538461538461,Bradysia,158.96,89.61,2.073008502700317e-07,9.721889930775359e-07,58.15,11.38,2.40500212e-06,3.4011806193745413e-06
contig_529,17,Endopterygota,33392,0.8235294117647058,Bradysia,218.06,164.1,1.0428571434613804e-07,3.902014131747484e-07,153.03,127.57,1.2233335760000002e-12,2.11887527777046e-12
contig_521,19,cellular organisms,131567,0.5263157894736842,Bradysia,177.26,108.71,6.151612713e-10,1.941233745953851e-09,148.16,100.42,8.825454095e-05,0.0002496068592610985
contig_514,26,Opisthokonta,33154,0.8846153846153846,Bradysia,271.12,148.01,9.261044904276956e-10,4.441353197951719e-09,241.07,205.85,7.166666666666667e-09,1.2413030787576953e-08
contig_565,1,Sciaridae,7184,1.0,Sciaridae,55.8,,1.88e-07,,,,,
contig_523,33,Panarthropoda,88770,0.8484848484848485,Bradysia,295.79,326.14,1.5518614322331967e-10,7.6051240892755e-10,115.72,55.18,2.022500000000055e-06,4.044999999999964e-06
contig_510,30,Endopterygota,33392,0.6666666666666666,Bradysia,220.75,184.43,1.1351442674955207e-06,5.075840392610498e-06,162.54,116.7,9.6402e-07,2.1499726281978567e-06
contig_568,2,Nematocera,7148,0.5,Nematocera,102.0,,1.7e-18,,221.0,,9.48e-55,
contig_412,85,cellular organisms,131567,0.7294117647058823,Bradysia,204.72,170.46,1.4677529546410095e-06,1.1557010134813486e-05,103.77,56.41,1.926246473366319e-06,6.051323906250713e-06
contig_571,3,Endopterygota,33392,0.6666666666666666,Bradysia,213.5,99.7,2.46e-36,3.4789653634378136e-36,88.6,,8.32e-17,
contig_577,2,Pseudolycoriella hygida,35572,0,Pseudolycoriella hygida,,,,,53.1,,3.27e-08,
contig_524,28,Hexapoda,6960,0.7142857142857143,Bradysia,200.02,114.03,1.2850005850000528e-05,5.746694564480329e-05,265.94,204.95,8.142857142876285e-07,2.154397496151751e-06
contig_555,6,Bilateria,33213,0.3333333333333333,Sciaridae,268.0,165.46,3.16e-35,4.4689148570989803e-35,99.15,56.36,6.7e-09,9.475230867899736e-09
contig_588,1,Bradysia,35571,1.0,Bradysia,129.0,,2.78e-26,,,,,
contig_541,24,Hexapoda,6960,0.6666666666666666,Bradysia,175.02,149.66,3.2687815271381384e-05,0.00013074991593354767,109.16,50.5,1.1100000737150415e-08,2.9367839227764238e-08
contig_572,6,Endopterygota,33392,0.5,Bradysia,123.23,54.68,2.49e-11,4.3128065108465045e-11,302.5,19.09,2.431e-94,2.4168909780956196e-94
contig_594,3,Sciaroidea,41830,0.6666666666666666,Bradysia,337.0,166.88,6.25e-59,8.838834764831844e-59,,,,
contig_589,6,Diptera,7147,1.0,Bradysia,177.82,141.86,9.5500000035e-09,2.3392627041864706e-08,,,,
contig_537,28,Ecdysozoa,1206794,0.7142857142857143,Bradysia,303.94,223.41,1.1900000700000003e-08,5.3218417699732175e-08,228.12,192.53,2.9600000276000003e-06,6.618761197970509e-06
contig_579,9,Endopterygota,33392,0.7777777777777778,Bradysia,138.6,124.12,6.495257142959398e-09,1.7155397133107725e-08,,,,
contig_580,9,cellular organisms,131567,0.6666666666666666,Bradysia,141.18,102.23,9.700000003988949e-09,2.376005050304265e-08,53.5,,8.37e-07,
contig_536,32,Neoptera,33340,0.59375,Bradysia,312.99,240.93,5.6412473684659475e-08,2.430426015939243e-07,133.99,69.44,5.163503e-09,1.6281037155117363e-08
contig_547,32,Eukaryota,2759,0.90625,Bradysia,227.74,152.73,6.392531035844406e-10,3.321729498860346e-09,92.0,,5.09e-21,
contig_570,16,Arthropoda,6656,0.625,Bradysia,218.67,121.26,9.270000000004291e-08,2.9314313909759365e-07,91.45,42.41,5.901965000000005e-06,1.1798690581793384e-05
contig_600,3,Sciaridae,7184,0.3333333333333333,Bradysia,1263.0,,0.0,,696.0,,1.13e-220,
contig_553,24,Bilateria,33213,0.75,Bradysia,148.86,78.24,3.145438889003412e-09,9.093907646233499e-09,143.6,106.63,1.36e-09,1.9233304448274092e-09
contig_552,23,Bilateria,33213,0.7391304347826086,Bradysia,190.65,155.26,8.737860181176479e-12,2.4550873453582293e-11,64.17,18.97,8.237800000366666e-06,1.4256684976211631e-05
contig_603,1,Diptera,7147,1.0,Diptera,55.8,,1.49e-07,,,,,
contig_601,3,Sciaridae,7184,0.3333333333333333,Bradysia,628.0,,1.7e-197,,343.0,,2.08e-94,
contig_597,7,Pancrustacea,197562,0.5714285714285714,Bradysia,167.0,71.11,7.754999999999999e-24,1.3571542530849857e-23,57.95,4.6,2.1139500000000002e-08,2.87940952366974e-08
contig_550,31,Protostomia,33317,0.7419354838709677,Bradysia,234.4,242.08,4.008700130505391e-06,1.3286523307258966e-05,97.12,38.34,7.6600000151472e-07,1.7128280699180846e-06
contig_598,8,Pancrustacea,197562,0.625,Bradysia,196.4,96.68,2.1801686000000013e-26,4.8745339543519217e-26,68.55,6.58,1.07395e-09,1.4227695544254522e-09
contig_569,24,Arthropoda,6656,0.6666666666666666,Bradysia,156.82,101.23,4.210000017135871e-05,0.0001645469739961096,147.5,130.91,2.2541716057143144e-07,5.929126484904007e-07
contig_566,23,Endopterygota,33392,0.782608695652174,Bradysia,250.56,153.45,6.278355555555557e-11,2.663421134278292e-10,54.5,6.22,8.82485e-07,1.2409936141858265e-06
contig_259,1,Bradysia,35571,1.0,Bradysia,171.0,,2.6e-38,,,,,
contig_596,12,Nematocera,7148,0.9166666666666666,Bradysia,369.08,278.09,1.6090909145272727e-11,5.3367507972233784e-11,143.0,,5.4e-36,
contig_551,29,Protostomia,33317,0.8275862068965517,Bradysia,219.56,185.24,4.291673172595845e-07,2.1024785573143935e-06,112.72,39.62,2.526945e-14,5.0487046654331706e-14
contig_548,35,Eukaryota,2759,0.8285714285714286,Bradysia,179.72,112.35,1.3307504612176145e-08,4.4443483202332906e-08,81.45,14.92,1.50000000245e-12,2.1213203400948194e-12
contig_595,19,Panarthropoda,88770,0.9473684210526315,Bradysia,429.89,394.5,6.333333333333334e-16,2.6870057685088807e-15,109.0,,7.93e-25,
contig_607,8,Neoptera,33340,0.875,Bradysia,221.23,159.84,2.557142872285714e-05,6.765564060187794e-05,,,,
contig_261,11,Endopterygota,33392,0.7272727272727273,Bradysia,194.45,151.71,2.740460013125e-14,7.541753916450768e-14,224.0,52.33,1.55e-53,2.1920310216782974e-53
contig_599,18,Opisthokonta,33154,0.5555555555555556,Bradysia,291.48,283.08,2.2300000078499998e-05,7.051879179417277e-05,77.25,25.06,2.4742983333335264e-08,4.1476584635207756e-08
contig_275,2,Endopterygota,33392,1.0,Endopterygota,212.8,192.62,2.57e-14,3.634528855298854e-14,,,,
contig_435,128,Bilateria,33213,0.734375,Endopterygota,188.86,149.78,1.2639103890745487e-07,8.228923280114235e-07,167.78,108.16,5.932155135762557e-06,3.193938303521795e-05
contig_263,11,Nematocera,7148,0.6363636363636364,Bradysia,325.53,501.35,2.8498716471428584e-12,7.51842217460642e-12,68.9,,2.85e-07,
contig_557,47,Opisthokonta,33154,0.7021276595744681,Bradysia,227.62,171.71,1.737294091939394e-07,7.796850901781844e-07,188.26,231.55,4.816157183714415e-05,0.00012736578435633674
contig_265,13,Hexapoda,6960,0.6153846153846154,Endopterygota,138.44,61.79,1.483181250000635e-19,2.652183407514658e-19,102.36,58.58,0.00015710000000000024,0.0003175032283300438
contig_562,49,Opisthokonta,33154,0.6938775510204082,Bradysia,167.3,163.26,1.8647408579606688e-06,8.261619706968329e-06,114.08,95.35,6.553850459977461e-05,0.00018092612612907917
contig_262,21,Endopterygota,33392,0.8095238095238095,Endopterygota,154.12,96.9,3.834769236446176e-09,1.476601538158227e-08,116.3,91.18,3.1333333374666667e-06,5.4270925268029105e-06
contig_606,22,Eukaryota,2759,0.8636363636363636,Bradysia,226.13,131.58,4.3002700055789474e-05,0.0001874320010922501,108.8,59.68,2.27e-12,3.2102647865869255e-12
contig_608,25,cellular organisms,131567,0.72,Bradysia,197.49,149.78,4.627781000000014e-07,1.9633997486787483e-06,122.4,74.48,1.4400026e-08,2.8799982666708395e-08
contig_266,19,Opisthokonta,33154,0.7894736842105263,Bradysia,269.06,201.3,1.2630528399999998e-13,4.879128664519442e-13,271.97,308.79,7.233333333333333e-12,1.252850084141488e-11
contig_605,26,root,1,0.6153846153846154,Bradysia,176.64,90.27,1.678750168750083e-08,6.386738165577962e-08,147.48,126.42,1.0410628596250001e-06,2.9411362534251138e-06
contig_280,1,Unassigned,,0,,,,,,,,,
contig_279,2,Sciaridae,7184,0.5,Bradysia,378.0,,3.01e-127,,58.9,,4.76e-05,
contig_283,2,cellular organisms,131567,0.5,cellular organisms,73.9,,9.19e-15,,49.7,,1.02e-06,
contig_289,1,Arthropoda,6656,1.0,Arthropoda,100.0,,7.37e-26,,,,,
contig_556,92,Opisthokonta,33154,0.6195652173913043,Bradysia,252.94,201.42,1.4943946821123397e-07,8.303315928213251e-07,151.21,177.55,2.0940065125825664e-05,7.540608957499658e-05
contig_297,1,Bradysia,35571,1.0,Bradysia,90.1,,9.79e-16,,,,,
contig_296,2,Endopterygota,33392,1.0,Bradysia,109.7,28.71,8.9e-16,1.2586500705120548e-15,,,,
contig_298,4,Endopterygota,33392,0.75,Bradysia,220.67,115.79,3.466666667296667e-36,6.004442799026512e-36,53.5,,2.18e-06,
contig_286,7,Opisthokonta,33154,0.7142857142857143,Bradysia,158.58,64.74,2.5000000000000724e-09,5.590169943749434e-09,203.9,216.52,9.55e-06,1.3505739520663059e-05
contig_290,9,root,1,0.4444444444444444,cellular organisms,135.52,128.66,1.6628475000784998e-10,3.324768397850229e-10,128.0,48.01,4.1999999999999997e-16,9.391485505499115e-16
contig_301,3,Sciaridae,7184,0.3333333333333333,Pseudolycoriella hygida,466.0,,4.8e-165,,117.0,,1.34e-26,
contig_309,3,Sciaridae,7184,0.3333333333333333,Pseudolycoriella hygida,132.0,,1.6e-36,,64.7,,2.95e-11,
contig_302,6,Endopterygota,33392,0.6666666666666666,Bradysia,204.42,179.67,1.0175e-08,2.0350000000000004e-08,170.0,,2.49e-48,
contig_311,2,Bradysia,35571,1.0,Bradysia,242.0,106.07,1.43e-50,2.0223253941935258e-50,,,,
contig_287,8,Opisthokonta,33154,0.75,Bradysia,177.83,57.46,1.6266667965683333e-26,3.984503251288755e-26,371.9,454.1,1.115e-05,1.576848122046001e-05
contig_316,5,Endopterygota,33392,0.6,Endopterygota,371.67,37.58,7.366666666666667e-97,1.275944094909073e-96,202.5,6.36,2.0000021249999998e-57,2.82842411954237e-57
contig_299,12,Endopterygota,33392,0.6666666666666666,Endopterygota,197.76,152.29,1.475000006336e-11,4.1719300064405e-11,120.65,63.6,7.8272125e-12,1.564852555612269e-11
contig_294,15,Eukaryota,2759,0.7333333333333333,Bradysia,220.29,213.76,6.510308184909107e-08,2.129106973978682e-07,149.1,128.55,0.0003365,0.00047588286373854646
contig_578,84,cellular organisms,131567,0.7738095238095238,Bradysia,256.29,256.48,1.8097792452035503e-06,9.785210636080222e-06,139.96,114.2,9.170214396754287e-06,2.9569225191906542e-05
contig_322,6,Endopterygota,33392,0.8333333333333334,Bradysia,240.24,145.68,4.56e-08,1.019646997739904e-07,223.0,,1.33e-71,
contig_278,31,Protostomia,33317,0.6451612903225806,Bradysia,190.23,185.46,3.4445024101412136e-05,8.372486780593203e-05,154.64,117.87,8.860000000000001e-11,1.9811562280648135e-10
contig_300,17,Endopterygota,33392,0.7647058823529411,Endopterygota,192.25,285.94,9.381415266923078e-06,3.353793666906213e-05,98.8,45.15,8.375221263725e-11,1.6749852496045245e-10
contig_295,19,Eukaryota,2759,0.631578947368421,Bradysia,229.43,202.06,7.426009908833492e-08,2.543856104067353e-07,114.24,65.52,0.000164201310000486,0.00036716162960388575
contig_346,1,Bradysia,35571,1.0,Bradysia,206.0,,3.43e-57,,,,,
contig_284,23,Protostomia,33317,0.6956521739130435,Bradysia,233.01,174.76,3.709625000648406e-05,0.0001469141661804159,176.16,131.38,1.6642620000000001e-06,3.720670695347816e-06
contig_338,3,Endopterygota,33392,0.3333333333333333,Pseudolycoriella hygida,203.0,,3.46e-57,,210.0,90.51,9.3e-39,1.3152186130069784e-38
contig_343,2,Hymenoptera,7399,0,Apocrita,,,,,101.25,53.39,4.83e-07,6.830651506262049e-07
contig_291,20,cellular organisms,131567,0.55,Neoptera,189.25,132.47,4.070369909090913e-10,1.347534206643156e-09,141.2,113.68,6.777777812202222e-10,2.0333333320424167e-09
contig_323,11,Endopterygota,33392,0.6363636363636364,Bradysia,176.57,134.03,0.00013585714285714945,0.0003594442138317722,165.95,158.46,1.735e-08,2.45366053071732e-08
contig_341,5,Endopterygota,33392,0.6,Endopterygota,128.0,20.3,2.353333333336216e-22,4.0760929004762615e-22,109.0,,7e-20,
contig_351,5,Endopterygota,33392,0.6,Sciaridae,171.07,103.4,2.4666666666666665e-07,4.272391992003231e-07,,,,
contig_347,10,Endopterygota,33392,0.6,Endopterygota,255.87,180.77,2.1718333333333333e-13,5.159426340850954e-13,152.23,75.91,5.3e-10,9.17986928011505e-10
contig_357,1,Nematocera,7148,1.0,Nematocera,80.5,,4.34e-15,,,,,
contig_327,14,cellular organisms,131567,0.5,Bradysia,313.86,250.88,1.6571428927208718e-06,4.384387871218607e-06,173.58,103.03,6.94e-09,1.551831176384854e-08
contig_359,2,Neoptera,33340,0.5,Diaphorina citri,70.1,,3.85e-11,,95.9,,1.15e-18,
contig_352,8,Endopterygota,33392,0.75,Bradysia,287.17,200.75,2.007166666666667e-25,4.608712202629566e-25,,,,
contig_353,12,Opisthokonta,33154,0.5833333333333334,Bradysia,359.86,292.6,1.0400448571428572e-23,2.7515615858548054e-23,162.57,118.5,0.000281,0.0004867062769268545
contig_360,5,Endopterygota,33392,0.8,Endopterygota,157.05,130.34,9.1e-11,1.145949388062143e-10,,,,
contig_363,2,Bradysia,35571,1.0,Bradysia,167.5,4.95,1.31605e-46,1.8440637746563973e-46,,,,
contig_438,183,cellular organisms,131567,0.7213114754098361,Bradysia,185.68,129.23,3.156911903693667e-06,2.865878926934151e-05,159.03,134.09,1.4178118204921632e-05,5.658448357736042e-05
contig_365,3,Endopterygota,33392,1.0,Endopterygota,120.37,72.84,2.623333846666667e-10,4.5437461739627124e-10,,,,
contig_342,23,cellular organisms,131567,0.6956521739130435,Bradysia,227.44,166.44,1.8150625000083124e-09,4.618470388465696e-09,147.17,60.05,5.433333333333334e-17,9.4108093877909e-17
contig_355,13,Hexapoda,6960,0.6923076923076923,Bradysia,136.97,102.42,8.966666674092464e-06,2.027695736174894e-05,74.9,26.15,3.21775000001465e-05,5.869212915704651e-05
contig_361,8,Diptera,7147,0.375,Bradysia,173.87,86.81,6.4333333333333335e-21,1.1142860195359777e-20,60.1,0.57,4.2539999999999996e-05,5.7219080733615426e-05
contig_358,15,Bilateria,33213,0.6,Pseudolycoriella hygida,199.97,152.27,2.000000480600009e-12,5.999999819775122e-12,251.16,239.09,1.852e-09,4.141197894329611e-09
contig_326,31,Endopterygota,33392,0.7419354838709677,Bradysia,156.91,154.3,2.671712518647094e-08,1.0895391351603803e-07,127.64,70.38,7.48e-09,1.1501608583150444e-08
contig_362,8,Neoptera,33340,0.875,Bradysia,172.26,122.07,1.3530572625714284e-10,3.5792353529168696e-10,,,,
contig_1165,1,Aedes aegypti,7159,0,Aedes aegypti,,,,,51.6,,2.14e-06,
contig_1169,2,Diptera,7147,1.0,Nematocera,61.8,2.4,4.3000000000000005e-09,1.4849242404917495e-09,,,,
contig_1166,3,Endopterygota,33392,1.0,Bradysia,129.37,31.16,1.0033333333333334e-15,1.7378243102607735e-15,,,,
contig_356,19,Bilateria,33213,0.6842105263157895,Bradysia,254.93,201.47,1.6692556154823078e-13,6.018489664336333e-13,214.48,162.83,2.92e-12,6.529318494299386e-12
contig_264,87,Protostomia,33317,0.6551724137931034,Bradysia,181.09,154.33,2.0929652203856433e-08,1.4472775083948693e-07,108.96,69.21,2.07385827073244e-05,9.654791012485923e-05
contig_1171,2,Endopterygota,33392,0.5,Endopterygota,75.1,,1.24e-10,,,,,
contig_1167,7,Endopterygota,33392,0.5714285714285714,Bradysia,288.75,235.87,1.2900000000000684e-26,2.5799999999999545e-26,47.0,,0.000844,
contig_1163,10,Endopterygota,33392,0.9,Bradysia,174.76,87.35,1.7592222222222224e-12,5.227976706570569e-12,353.0,,1.18e-98,
contig_1175,8,Endopterygota,33392,0.875,Bradysia,353.24,305.69,5.700060571428572e-19,1.5080755764406582e-18,57.4,,1.29e-07,
contig_118,3,Endopterygota,33392,1.0,Bradysia,285.33,261.31,2.514e-31,4.197745585430351e-31,,,,
contig_1176,11,Diptera,7147,0.9090909090909091,Bradysia,268.48,228.21,2.8000000080453994e-05,8.854377445644596e-05,,,,
contig_348,49,cellular organisms,131567,0.7346938775510204,Bradysia,256.86,227.76,1.9653952500000615e-05,9.809897174969504e-05,138.07,127.99,8.08645555561969e-10,2.3636350232567863e-09
contig_1181,11,Endopterygota,33392,0.9090909090909091,Bradysia,392.42,324.61,6.03012e-09,1.906849213084244e-08,,,,
contig_3,73,Eukaryota,2759,0.6301369863013698,Endopterygota,180.21,132.4,1.4747412954173929e-06,8.432581334482958e-06,218.24,166.17,9.551623226046109e-11,4.477077712241736e-10
contig_1168,25,Protostomia,33317,0.72,Bradysia,186.35,170.06,1.849819438955523e-08,7.774247065003527e-08,129.33,23.09,5.236390000000006e-27,9.061753235235436e-27
contig_1179,18,cellular organisms,131567,0.7777777777777778,Bradysia,250.66,222.33,1.0797487885714285e-06,4.03530792973243e-06,127.62,84.62,1.0125000048250005e-11,2.0249999967833332e-11
contig_1194,1,Bradysia,35571,1.0,Bradysia,92.0,,5.68e-15,,,,,
contig_1195,2,Endopterygota,33392,1.0,Bradysia,336.5,137.89,1.265e-71,1.7889801564019652e-71,,,,
contig_1193,3,Endopterygota,33392,1.0,Bradysia,223.33,199.77,1.2146666666666668e-21,1.5867908914955787e-21,,,,
contig_119,4,Bradysia,35571,1.0,Bradysia,265.48,312.09,1.4500000679999998e-10,2.8999999546666693e-10,,,,
contig_1182,16,Endopterygota,33392,0.875,Bradysia,225.14,196.63,8.571445571430329e-09,3.207134413661654e-08,273.0,,3.72e-89,
contig_1185,8,Endopterygota,33392,0.75,Bradysia,166.52,90.08,1.5833333337688246e-19,3.878358759193352e-19,66.05,29.2,2.82000000000362e-05,3.9880822458870083e-05
contig_319,77,cellular organisms,131567,0.6493506493506493,Bradysia,164.57,116.12,2.4814121114540906e-06,1.1715340039013972e-05,146.3,81.65,3.149458132001661e-05,0.00011400604714826624
contig_1197,3,Endopterygota,33392,0.3333333333333333,Endopterygota,459.0,,2.8e-150,,108.0,,4.54e-22,
contig_1177,31,Protostomia,33317,0.7096774193548387,Bradysia,272.26,183.05,2.5545454545454543e-06,1.1981880259185307e-05,96.16,41.56,8.812857142857181e-07,1.5552914747495286e-06
contig_1180,22,cellular organisms,131567,0.7272727272727273,Bradysia,318.27,259.88,2.4754575393125e-07,9.899878083048549e-07,128.52,86.65,1.0125000068250004e-11,2.02499999545e-11
contig_1178,29,Opisthokonta,33154,0.7931034482758621,Bradysia,224.99,169.15,5.046791406086958e-06,2.4186954998341266e-05,245.15,302.17,1.6500000000002396e-10,3.2999999999998397e-10
contig_1201,1,Bradysia,35571,1.0,Bradysia,207.0,,1.27e-65,,,,,
contig_1196,10,Endopterygota,33392,0.5,Endopterygota,380.24,577.06,7.600000000012765e-10,1.6994116628991266e-09,124.4,51.76,1.04e-20,1.470782104868019e-20
contig_1200,3,Endopterygota,33392,0.3333333333333333,Ditrysia,138.0,,3.38e-32,,561.0,684.48,9.55e-15,1.3505739520663057e-14
contig_1205,3,Hexapoda,6960,1.0,Endopterygota,78.33,43.1,2.108533333333333e-05,3.62130010539493e-05,,,,
contig_1210,1,Bradysia,35571,1.0,Bradysia,124.0,,1.07e-25,,,,,
contig_1209,8,Endopterygota,33392,0.5,Bradysia,154.52,68.54,9.45e-08,1.89e-07,271.0,,8.75e-81,
contig_1202,10,Endopterygota,33392,0.9,Bradysia,194.96,154.1,3.967382222307556e-08,1.1899731857234542e-07,202.0,,6.19e-57,
contig_592,170,Opisthokonta,33154,0.7176470588235294,Bradysia,188.65,180.21,3.477899482145983e-06,2.1951351396309054e-05,180.24,146.97,7.658209568391581e-06,2.8037288173075506e-05
contig_1203,23,Endopterygota,33392,0.7391304347826086,Bradysia,386.64,251.72,4.194117647058824e-07,1.7292790065090543e-06,124.97,55.02,9.571680866666667e-12,2.13036543922745e-11
contig_1207,14,cellular organisms,131567,0.7142857142857143,Bradysia,395.33,456.64,8.970000000000446e-13,2.8365630611710208e-12,99.57,54.4,3.1732e-12,5.47917828875827e-12
contig_1206,14,Nematocera,7148,0.6428571428571429,Bradysia,230.83,218.55,4.11111111111171e-05,0.0001233333333333311,261.0,,7.76e-75,
contig_1162,55,Opisthokonta,33154,0.7636363636363637,Bradysia,240.52,211.45,6.337870419376822e-10,3.3790993117027584e-09,202.0,270.25,3.696937888909234e-07,9.455497583445881e-07
contig_258,144,cellular organisms,131567,0.6388888888888888,Endopterygota,160.22,109.82,6.980441484047904e-08,4.647399150379862e-07,163.78,97.23,1.2438407238659383e-05,7.512959683941797e-05
contig_1215,8,Nematocera,7148,0.625,Bradysia,173.28,116.99,4.6000143600000005e-12,1.028590466906198e-11,225.0,14.14,3.43005e-62,4.765828994519212e-62
contig_1219,2,Bradysia,35571,1.0,Bradysia,177.65,139.09,1.44e-16,2.0364675298172569e-16,,,,
contig_1218,6,Endopterygota,33392,0.8333333333333334,Bradysia,182.12,128.9,8.76045e-16,1.9587703949480653e-15,,,,
contig_1221,2,Hexapoda,6960,0.5,Folsomia candida,67.0,,2.88e-11,,128.0,,1.53e-31,
contig_1216,7,Endopterygota,33392,0.8571428571428571,Bradysia,150.78,96.48,4.97e-06,1.0500847584838091e-05,313.0,,2.09e-93,
contig_1211,24,Endopterygota,33392,0.7083333333333334,Bradysia,294.85,156.69,1.1235294126382881e-15,4.632430437968843e-15,121.53,74.77,8.60000000000134e-09,1.4895636945091183e-08
contig_1222,4,Bradysia,35571,0.5,Bradysia,208.0,138.59,5.45e-22,7.707463914933367e-22,,,,
contig_276,147,Eumetazoa,6072,0.6666666666666666,Bradysia,214.23,192.51,1.0555721469667684e-07,5.983429662039509e-07,137.11,146.26,2.698731138767256e-05,0.00014553198633093854
contig_1223,10,Endopterygota,33392,0.5,Bradysia,203.88,119.03,1.3000000000000039e-17,2.906888370749724e-17,154.68,147.36,0.00010300000000000132,0.0002059999999999991
contig_1208,15,Endopterygota,33392,0.7333333333333333,Bradysia,268.66,220.47,2.1081363636365088e-10,6.962265306963301e-10,234.5,137.89,2.095e-30,2.962777413171634e-30
contig_1224,12,cellular organisms,131567,0.5833333333333334,Bradysia,180.57,85.79,1.2542858527142857e-17,3.318528011979772e-17,194.55,119.37,1.14e-10,2.2799999999999996e-10
contig_1212,22,cellular organisms,131567,0.6818181818181818,Bradysia,259.05,149.01,4.0466666666666734e-10,1.2733693587524098e-09,147.88,143.4,4.88000000000406e-05,0.00010912011730196703
contig_1236,2,Bradysia,35571,1.0,Bradysia,354.0,93.34,2.6e-94,3.676955262170047e-94,,,,
contig_122,19,Arthropoda,6656,0.5263157894736842,Bradysia,335.13,159.69,1.57e-07,4.964775926464356e-07,146.84,137.92,7.5846375e-07,2.0901651139012065e-06
contig_1226,12,Endopterygota,33392,0.8333333333333334,Bradysia,173.72,140.94,5.500000047572999e-10,1.7392527114210637e-09,214.0,,7.46e-58,
contig_120,32,Hexapoda,6960,0.6875,Bradysia,247.42,193.82,4.790773204545454e-10,1.983348015382733e-09,237.68,225.8,6.016875000000001e-12,1.6923537906355666e-11
contig_1233,7,Sciaroidea,41830,1.0,Bradysia,326.94,307.63,4.3858494932857144e-21,1.1603449705803258e-20,,,,
contig_1231,8,Bradysia,35571,1.0,Bradysia,289.04,282.55,1.2390550000205001e-15,3.503590966198488e-15,,,,
contig_1240,3,Sciaridae,7184,0.6666666666666666,Bradysia,381.0,12.73,2.775000000000008e-105,3.924442635585327e-105,71.6,,1.87e-10,
contig_117,74,cellular organisms,131567,0.8108108108108109,Bradysia,243.47,211.89,1.0788873734721044e-06,6.303660642868224e-06,217.77,93.24,1.2333333333333333e-05,3.7e-05
contig_121,29,Eukaryota,2759,0.7586206896551724,Bradysia,263.94,243.1,5.545813184912219e-07,2.6010407346409557e-06,439.84,437.21,3.8400000792e-05,8.586500989325049e-05
contig_1246,1,Bradysia,35571,1.0,Bradysia,188.0,,7.56e-47,,,,,
contig_1248,1,Unassigned,,0,,,,,,,,,
contig_1249,1,Bradysia,35571,1.0,Bradysia,157.0,,4.12e-46,,,,,
contig_1372,1,Sciaridae,7184,1.0,Sciaridae,94.0,,5.02e-20,,,,,
contig_1373,1,Folsomia candida,158441,0,Folsomia candida,,,,,202.0,,9.67e-53,
contig_1377,1,Pseudolycoriella hygida,35572,0,Pseudolycoriella hygida,,,,,65.9,,1.05e-06,
contig_1239,8,Sciaridae,7184,0.875,Bradysia,277.93,177.98,2.385715071428572e-15,6.312006352786801e-15,71.2,,2.55e-10,
contig_1376,2,Diptera,7147,0.5,Diptera,534.0,,4.33e-158,,,,,
contig_1378,2,Sitodiplosis mosellana,263140,0,Sitodiplosis mosellana,,,,,169.0,,5.08e-45,
contig_1227,8,Endopterygota,33392,0.875,Bradysia,129.34,53.19,3.5428571429362285e-07,9.373518930593961e-07,303.0,,3.36e-91,
contig_4,319,cellular organisms,131567,0.6833855799373041,Endopterygota,178.32,122.49,1.653956610972052e-07,1.8459452219048705e-06,161.12,90.44,5.884311889311336e-06,2.8553770071707592e-05
contig_349,119,cellular organisms,131567,0.7226890756302521,Endopterygota,185.51,132.31,6.339464958181888e-07,3.1347604555545366e-06,146.98,93.8,1.3980695964154096e-05,7.501171326394724e-05
contig_1384,1,Cecidomyiinae,43793,0,Cecidomyiinae,,,,,91.7,,8.25e-19,
contig_1382,2,Endopterygota,33392,1.0,Endopterygota,220.5,54.45,2.72e-51,3.8466608896548187e-51,,,,
contig_1225,38,Endopterygota,33392,0.7105263157894737,Bradysia,228.9,197.26,5.355555556045377e-07,2.579053692473941e-06,127.12,66.45,1.2625067012504324e-09,3.5708865373233206e-09
contig_1381,3,Sciaridae,7184,0.3333333333333333,Bradysia,498.0,,9.56e-141,,86.7,,1.08e-12,
contig_1396,2,Bradysia,35571,1.0,Bradysia,272.5,130.81,1.775e-42,2.5102290732122437e-42,,,,
contig_1398,1,Unassigned,,0,,,,,,,,,
contig_1243,25,Endopterygota,33392,0.68,Bradysia,260.28,198.43,2.482352941208165e-07,1.0235003376525083e-06,207.5,120.93,3.202075e-18,6.398617862932066e-18
contig_1386,5,Hexapoda,6960,0.8,Bradysia,301.5,138.33,4.25e-20,8.499999999999999e-20,289.0,,1.17e-83,
contig_1380,3,Bradysia,35571,0.6666666666666666,Bradysia,453.5,419.31,1.595e-36,2.2556706319850865e-36,,,,
contig_1242,33,Endopterygota,33392,0.6363636363636364,Bradysia,253.33,227.22,6.428571844027749e-07,2.945941508666599e-06,230.84,191.56,1.7532875e-06,4.710125303591797e-06
contig_1402,1,Endopterygota,33392,1.0,Endopterygota,72.0,,3.73e-13,,,,,
contig_1392,5,Protostomia,33317,0.8,Bradysia,100.6,49.12,3.2250013775e-05,6.44999908166719e-05,53.5,,4.83e-06,
contig_1217,62,cellular organisms,131567,0.7580645161290323,Bradysia,192.6,198.92,2.675433799723891e-06,1.5674775950399535e-05,141.62,66.25,3.737415743090909e-06,1.2358645882638548e-05
contig_1397,4,Sciaroidea,41830,0.75,Sciaroidea,153.67,39.58,2.4433333333333333e-25,4.231977473159957e-25,,,,
contig_1391,7,Endopterygota,33392,0.7142857142857143,Endopterygota,231.24,179.27,2.2e-09,4.919349550499537e-09,67.75,8.7,5.050000955e-09,7.141777139410178e-09
contig_1405,1,Diptera,7147,1.0,Diptera,65.1,,1.98e-10,,,,,
contig_1401,2,Opisthokonta,33154,0.5,Ophiocordyceps camponoti-leonardi (nom. inval.),74.3,,9.34e-13,,72.0,,7.28e-10,
contig_1404,3,Nematocera,7148,0.6666666666666666,Bradysia,253.2,269.83,2.015e-09,2.849640328181787e-09,,,,
contig_1409,7,Sciaroidea,41830,0.8571428571428571,Bradysia,209.07,146.69,4.5166666666666665e-18,7.002975558051495e-18,,,,
contig_1395,5,Endopterygota,33392,1.0,Endopterygota,180.22,104.35,1.59e-12,3.5553480842246656e-12,,,,
contig_1408,7,Neoptera,33340,0.8571428571428571,Bradysia,350.17,251.58,9.866666666666666e-29,2.416829879546069e-28,85.1,,1.58e-18,
contig_1403,9,Endopterygota,33392,1.0,Bradysia,210.76,269.98,2.6856666701555556e-09,5.43176527281118e-09,,,,
contig_1418,2,Sciaridae,7184,0.5,Bradysia,602.0,,1.49e-194,,79.7,,2.95e-11,
contig_1417,2,Bradysia,35571,1.0,Bradysia,297.0,255.97,8.2e-29,1.1596551211459378e-28,,,,
contig_1411,9,Endopterygota,33392,0.5555555555555556,Bradysia,195.16,189.11,9.82000000000037e-19,1.5659565766648543e-18,91.8,32.81,1.81500000002125e-10,2.566797615677115e-10
contig_141,11,Neoptera,33340,0.9090909090909091,Bradysia,150.52,117.05,6.642420005234101e-08,2.0543743038752585e-07,,,,
contig_1416,15,Eukaryota,2759,0.6,Bradysia,443.36,351.06,1.1111111111111293e-15,3.3333333333333265e-15,89.58,24.95,5.594780000379599e-10,1.2469038103907236e-09
contig_1407,13,Opisthokonta,33154,0.6153846153846154,Bradysia,209.01,138.66,4.5125000003624996e-15,1.2763277400270711e-14,100.55,14.78,3.01000058e-20,4.25678200249915e-20
contig_1423,2,Bradysia,35571,1.0,Bradysia,117.05,28.21,7.2000000000695e-19,1.0182337648987997e-18,,,,
contig_1412,8,Endopterygota,33392,0.75,Bradysia,219.57,140.29,2.2318333335633333e-19,5.373825468456776e-19,70.5,,1.04e-10,
contig_1406,21,Opisthokonta,33154,0.6666666666666666,Bradysia,224.31,166.24,1.9422148050070145e-07,7.212306278518335e-07,185.8,137.46,1.195e-19,1.6899852070358485e-19
contig_732,6,Nematocera,7148,1.0,Bradysia,300.0,179.69,9.533333885e-25,2.335180194427263e-24,,,,
contig_139,28,Arthropoda,6656,0.8214285714285714,Bradysia,266.54,299.72,1.587720443635087e-07,7.610610296901755e-07,203.6,248.9,5.814666666666667e-09,9.689326361173584e-09
contig_1410,18,Neoptera,33340,0.8888888888888888,Bradysia,387.8,401.89,1.814402753119125e-16,6.987550751580585e-16,117.6,86.83,4.14e-09,5.854844148224613e-09
contig_747,1,Diptera,7147,1.0,Diptera,353.0,,1.83e-114,,,,,
contig_731,14,Endopterygota,33392,0.7142857142857143,Bradysia,149.61,91.5,1.0001804000000002e-06,3.162214311517492e-06,178.0,,1.34e-46,
contig_14,32,Arthropoda,6656,0.625,Endopterygota,191.04,143.87,6.800900003828261e-07,2.663355270761673e-06,139.29,52.92,2.3005714286002715e-16,6.041004520681373e-16
contig_750,3,Neoptera,33340,0.3333333333333333,Pseudolycoriella hygida,59.3,,4.4e-08,,229.0,80.61,4.6e-51,6.505382386916237e-51
contig_744,8,Bilateria,33213,0.625,Rhynchosciara americana,129.38,79.55,1.056e-08,1.8359956426963546e-08,205.33,43.1,5.2666666666681205e-45,9.12213425319483e-45
contig_753,1,Bradysia,35571,1.0,Bradysia,546.0,,1.13e-180,,,,,
contig_1421,26,cellular organisms,131567,0.7692307692307693,Bradysia,272.86,243.6,2.4034800000065e-09,1.07088268696322e-08,77.0,35.06,4.094e-06,6.5093246961570445e-06
contig_1420,27,cellular organisms,131567,0.8888888888888888,Bradysia,245.3,135.63,1.2162375e-11,4.118444399951168e-11,112.2,71.46,3.86666666666891e-06,6.6972631225977165e-06
contig_142,30,Opisthokonta,33154,0.7666666666666667,Bradysia,184.84,123.74,2.8521759000003347e-05,0.00011847433804640805,190.88,159.9,2.3379075e-11,4.674728396483765e-11
contig_758,1,Endopterygota,33392,1.0,Endopterygota,434.0,,2.41e-129,,,,,
contig_754,12,Endopterygota,33392,0.5,Endopterygota,189.47,141.89,1.7599999999999998e-13,2.9426586618226725e-13,154.93,105.49,2.0633333333333333e-11,3.573798166283784e-11
contig_752,14,Endopterygota,33392,0.7142857142857143,Bradysia,109.47,33.87,3.0853411075146e-14,9.391117610468869e-14,127.95,80.68,2.93e-12,4.1436457377531685e-12
contig_325,178,cellular organisms,131567,0.6460674157303371,Bradysia,239.47,247.52,1.006914111789636e-06,8.016584645414852e-06,168.29,159.82,6.6114302173431125e-06,3.062668812381784e-05
contig_765,2,Sciaroidea,41830,0.5,Sciaroidea,52.4,,8.44e-07,,,,,
contig_768,1,Bradysia,35571,1.0,Bradysia,202.0,,1.32e-48,,,,,
contig_751,21,Neoptera,33340,0.6666666666666666,Bradysia,196.99,137.37,6.766428577167571e-14,2.3880299444619877e-13,147.02,71.67,0.0001351666668295,0.0003310893634864212
contig_762,6,Neoptera,33340,0.8333333333333334,Bradysia,150.48,90.13,8.400000070284001e-16,1.8782970971708284e-15,251.0,,7.08e-75,
contig_763,4,Endopterygota,33392,0.75,Cucujiformia,117.27,58.44,1.6966666666666666e-08,2.9387128701751952e-08,300.0,,5.76e-99,
contig_766,7,Nematocera,7148,0.42857142857142855,Nematocera,168.0,91.24,1.2701956666666667e-25,2.199535092890389e-25,155.3,153.73,7.25e-05,0.0001025304832720494
contig_767,5,Neoptera,33340,0.8,Bradysia,241.25,176.38,8.875000000000178e-23,1.7749999999999882e-22,259.0,,3.95e-79,
contig_735,31,Endopterygota,33392,0.6774193548387096,Bradysia,134.31,99.52,2.5281424046751224e-07,1.1314644864008425e-06,124.25,90.98,0.00011267055625360823,0.00031853322191248136
contig_268,272,cellular organisms,131567,0.7242647058823529,Bradysia,255.49,240.99,7.093919116435126e-06,5.5257991513356536e-05,163.33,165.21,6.47852269346041e-06,3.681737039288414e-05
contig_733,41,Eukaryota,2759,0.5609756097560976,Bradysia,292.96,169.07,1.5691353043478258e-10,6.326200321374439e-10,143.45,94.86,7.65870010637355e-09,2.100502208515138e-08
contig_1429,35,Bilateria,33213,0.7428571428571429,Bradysia,283.33,240.74,1.685803849875021e-05,8.589646452988413e-05,76.9,27.48,3.834285714449221e-06,8.127508550388145e-06
contig_921,2,Endopterygota,33392,1.0,Endopterygota,194.85,155.78,3.34e-17,4.723473298326137e-17,,,,
contig_125,83,Opisthokonta,33154,0.7710843373493976,Bradysia,289.06,361.72,1.067786812519098e-05,8.448664030680506e-05,98.1,45.79,1.711606376189291e-07,5.667583053233273e-07
contig_771,6,Bradysia,35571,0.8333333333333334,Bradysia,209.32,122.27,7.660000006500001e-11,1.712828070401478e-10,,,,
contig_945,1,Bradysia,35571,1.0,Bradysia,84.0,,7.69e-12,,,,,
contig_769,15,Neoptera,33340,0.6666666666666666,Bradysia,209.06,114.74,5.730000000000176e-17,1.8119850992764751e-16,163.85,102.89,1.215000000000295e-11,2.4299999999998032e-11
contig_944,3,Endopterygota,33392,0.3333333333333333,Diabrotica,115.0,,9.75e-27,,242.0,12.73,1.59005e-70,2.2343867178713715e-70
contig_946,10,Neoptera,33340,0.6,Bradysia,208.78,138.83,9.835e-16,2.213837731180856e-15,188.33,135.3,2.3433333333699998e-23,4.058772392371315e-23
contig_949,11,Endopterygota,33392,0.7272727272727273,Bradysia,256.36,124.26,6.537500000004424e-09,1.849084232802643e-08,155.15,100.2,3.32e-17,4.6951890270786763e-17
contig_947,11,Hexapoda,6960,0.6363636363636364,Endopterygota,109.36,58.36,1.648662114422714e-11,3.040816583100665e-11,106.62,35.61,4.225000000000033e-10,8.449999999999977e-10
contig_948,13,Endopterygota,33392,0.6923076923076923,Bradysia,188.36,102.4,8.785576888888888e-17,2.595782071120777e-16,133.33,10.41,4.833413e-28,8.37150990989493e-28
contig_748,57,cellular organisms,131567,0.7192982456140351,Bradysia,188.06,167.66,8.176148432459914e-07,4.324980199586775e-06,155.38,135.32,6.660000229758035e-06,1.66794749764035e-05
contig_953,1,Endopterygota,33392,1.0,Endopterygota,90.5,,8e-18,,,,,
contig_933,26,Endopterygota,33392,0.6538461538461539,Bradysia,284.03,218.12,1.41316117647064e-10,4.0698510208143214e-10,212.32,156.8,1.755000000003325e-10,3.509999999997783e-10
contig_941,31,Ecdysozoa,1206794,0.7419354838709677,Bradysia,269.71,215.51,8.697423082619333e-07,4.170249762854581e-06,86.52,48.41,1.5764274e-06,3.457125514116287e-06
contig_934,27,Endopterygota,33392,0.7037037037037037,Bradysia,286.69,253.24,5.737370373694736e-11,2.0256632854323332e-10,123.3,94.89,0.00014966666842666668,0.00025923026934193726
contig_140,97,Eukaryota,2759,0.711340206185567,Bradysia,227.49,201.06,2.5434766041076686e-07,1.7312651205371262e-06,187.23,135.56,3.280012830439696e-06,1.5018353111803455e-05
contig_950,12,Endopterygota,33392,0.8333333333333334,Bradysia,175.05,108.93,5.230004446604977e-09,1.6538710600308717e-08,84.0,,2.84e-16,
contig_736,51,Eukaryota,2759,0.6862745098039216,Bradysia,203.82,146.65,3.705898575007803e-10,1.6189694518894282e-09,115.35,79.4,1.2409272901497353e-06,3.545233392968339e-06
contig_951,19,Endopterygota,33392,0.7894736842105263,Bradysia,174.53,182.91,5.270288651970139e-08,1.9874347229137678e-07,195.5,101.12,2.085e-28,2.9486352775479035e-28
contig_960,3,Sciaridae,7184,1.0,Bradysia,80.57,18.36,9.566675166666676e-07,1.6569945364531225e-06,,,,
contig_955,9,Endopterygota,33392,0.7777777777777778,Endopterygota,178.76,118.2,1.195917142857143e-11,3.163473231759223e-11,245.0,,1.52e-62,
contig_93,33,Ecdysozoa,1206794,0.6363636363636364,Bradysia,190.63,149.29,1.1810136098252439e-08,5.411789655510569e-08,149.94,118.67,1.625780077942233e-06,4.645037355123258e-06
contig_956,9,Endopterygota,33392,0.6666666666666666,Endopterygota,198.83,236.57,3.4833940148333327e-09,8.532359544194512e-09,187.7,124.88,1.605e-21,2.2698127676088175e-21
contig_961,3,Sciaridae,7184,0.6666666666666666,Bradysia,123.0,28.28,1.3200000000001945e-21,1.8667619023322105e-21,102.0,,3.45e-21,
contig_966,3,Sciaridae,7184,0.6666666666666666,Bradysia,280.5,92.63,3.24e-53,4.582051942088828e-53,710.0,,3.94e-253,
contig_958,21,Endopterygota,33392,0.7142857142857143,Bradysia,238.07,199.5,6.934433333366533e-08,2.6852380564095815e-07,131.6,106.63,3.54e-08,5.006316010800757e-08
contig_971,1,Endopterygota,33392,1.0,Endopterygota,55.8,,6.38e-06,,,,,
contig_969,6,Endopterygota,33392,0.8333333333333334,Endopterygota,114.8,78.14,4.2620294e-08,7.627247652156169e-08,92.0,,1.89e-14,
contig_972,1,Ditrysia,37567,0,Ditrysia,,,,,54.7,,2.61e-08,
contig_970,6,Pancrustacea,197562,0.6666666666666666,Bradysia,112.08,36.22,1.677500000000027e-16,2.1875461899885023e-16,78.75,26.94,2.625e-06,3.7123106012293742e-06
contig_974,1,Nematocera,7148,1.0,Nematocera,52.8,,3.18e-06,,,,,
contig_366,222,Eukaryota,2759,0.6801801801801802,Endopterygota,202.73,140.28,4.2942518831611044e-07,4.6271044351334215e-06,156.34,91.71,1.1512837579228287e-05,7.424085003611866e-05
contig_975,1,Endopterygota,33392,1.0,Endopterygota,82.8,,1.88e-14,,,,,
contig_772,46,Panarthropoda,88770,0.7391304347826086,Bradysia,309.03,347.63,1.9442186583555414e-08,1.133603864336026e-07,144.17,101.57,4.068014285752714e-11,1.0729431919152592e-10
contig_282,290,cellular organisms,131567,0.7034482758620689,Bradysia,208.86,179.35,5.968395800533782e-06,5.6302037054188653e-05,197.61,138.97,3.148245736969885e-05,0.00015949056835701044
contig_96,20,Endopterygota,33392,0.8,Bradysia,181.36,122.75,5.663770500000001e-06,2.2623014328600365e-05,147.67,47.18,7.07e-28,1.1297951141689363e-27
contig_968,8,Bilateria,33213,0.625,Bradysia,347.4,248.65,3.2000956e-28,7.155364088968276e-28,102.4,72.97,1.675e-05,2.3688077169749345e-05
contig_976,5,Opisthokonta,33154,0.8,Bradysia,145.22,93.61,1.4925e-06,2.985e-06,,,,
contig_980,2,Endopterygota,33392,1.0,Endopterygota,129.95,107.55,1.67e-06,2.3617366491630687e-06,,,,
contig_977,7,Bradysia,35571,0.8571428571428571,Bradysia,426.17,494.99,3.0666666666666667e-25,7.511768544535079e-25,,,,
contig_986,1,Ditrysia,37567,0,Ditrysia,,,,,52.4,,7.76e-06,
contig_957,23,Endopterygota,33392,0.6956521739130435,Bradysia,394.68,444.14,7.500000000076249e-14,2.999999999997966e-13,167.73,94.89,7.833333333333332e-09,1.3567731325956206e-08
contig_991,4,Opisthokonta,33154,0.75,Bradysia,238.77,149.21,2.8266666666666667e-15,4.895930282728027e-15,52.0,,2.88e-06,
contig_990,4,Opisthokonta,33154,0.75,Bradysia,230.67,116.5,1.64e-23,2.840563324412958e-23,52.0,,2.88e-06,
contig_963,30,Endopterygota,33392,0.5666666666666667,Bradysia,162.49,157.68,3.312133852365419e-08,1.3247788216516113e-07,168.31,147.56,9.558015732714287e-05,0.0002528543842150525
contig_981,13,Endopterygota,33392,0.6923076923076923,Bradysia,147.04,95.82,1.451278944444445e-06,4.182666121608623e-06,64.8,9.81,1.1300000254266665e-05,1.9572173905326925e-05
contig_943,56,cellular organisms,131567,0.6964285714285714,Bradysia,342.04,281.25,1.9948718635938e-05,0.00012457970354741872,110.8,68.05,8.755359633333664e-07,2.9072961117753393e-06
contig_959,50,cellular organisms,131567,0.72,Bradysia,240.85,201.18,3.0925343846413893e-07,1.093237120871005e-06,157.98,187.69,2.12000001850279e-07,6.704028633055747e-07
contig_1701,1,Bradysia,35571,1.0,Bradysia,558.0,,7.64e-183,,,,,
contig_1702,1,Bradysia,35571,1.0,Bradysia,716.0,,8.64e-246,,,,,
contig_1703,1,Bradysia,35571,1.0,Bradysia,170.0,,3.19e-45,,,,,
contig_998,4,Hexapoda,6960,0.5,Bradysia,273.0,206.48,1.835e-32,2.5950818869546294e-32,134.0,,8.97e-35,
contig_1704,1,Pterygota,7496,1.0,Pterygota,86.3,,3.1e-17,,,,,
contig_995,6,Nematocera,7148,0.6666666666666666,Bradysia,296.58,203.75,1.55e-14,3.1e-14,,,,
contig_97,34,Endopterygota,33392,0.7647058823529411,Bradysia,241.52,167.93,4.3857676423171175e-07,2.235700515801806e-06,131.9,76.26,2.3142883200112287e-11,6.123023313733325e-11
contig_994,11,Opisthokonta,33154,0.8181818181818182,Bradysia,288.06,279.02,4.8222222237074454e-11,1.4466666666109707e-10,153.0,,2.8e-37,
contig_1708,6,Endopterygota,33392,0.6666666666666666,Bradysia,162.5,43.38,1.210032e-29,2.419978667418923e-29,147.0,,4.43e-38,
contig_962,21,Endopterygota,33392,0.8571428571428571,Bradysia,308.42,299.78,9.500004327777941e-08,4.0305085447566387e-07,664.57,859.8,7.566666666666667e-15,1.3105851110604504e-14
contig_985,23,Neoptera,33340,0.5217391304347826,Pseudolycoriella hygida,250.77,192.05,1.4084500000010915e-08,4.87857305078184e-08,215.03,154.04,2.2200019300000003e-18,7.020255727443546e-18
contig_1718,3,Sciaridae,7184,0.6666666666666666,Bradysia,159.0,18.38,1.065000665e-36,1.5061365034753275e-36,73.6,,1.37e-14,
contig_1707,6,Endopterygota,33392,0.8333333333333334,Bradysia,204.54,206.75,1.5020000000000002e-09,3.358574102204685e-09,147.0,,2.29e-38,
contig_1713,4,Endopterygota,33392,1.0,Bradysia,149.78,72.67,1.50695e-21,2.9887531196135955e-21,,,,
contig_1719,5,Sciaridae,7184,0.8,Bradysia,361.25,144.97,4.475e-45,8.95e-45,73.9,,8.89e-15,
contig_1723,2,Hexapoda,6960,0.5,Nematocera,205.0,,6.24e-57,,477.0,,3.65e-154,
contig_982,27,cellular organisms,131567,0.6296296296296297,Bradysia,284.34,330.99,3.576472760235294e-07,1.4746165442500131e-06,103.86,49.81,1.6328229571428573e-09,4.263094842972283e-09
contig_1727,2,Endopterygota,33392,1.0,Endopterygota,121.0,15.56,4.2403285e-24,5.995800935306683e-24,,,,
contig_1740,1,Endopterygota,33392,1.0,Endopterygota,442.0,,4.35e-135,,,,,
contig_1722,2,Bradysia,35571,1.0,Bradysia,487.0,56.57,1.435e-140,2.0293964620053914e-140,,,,
contig_1742,2,Sciaridae,7184,0.5,Bradysia,616.0,,1.13e-218,,148.0,,1.23e-35,
contig_996,9,Sciaridae,7184,0.7777777777777778,Bradysia,222.4,144.94,4.014288549857144e-18,1.0620800441192346e-17,83.2,,2.58e-11,
contig_1743,2,Sciaridae,7184,0.5,Bradysia,487.0,,2.16e-170,,100.0,,5.13e-19,
contig_1714,10,Endopterygota,33392,1.0,Bradysia,127.05,64.17,2.1504595512502673e-09,6.798735646605145e-09,,,,
contig_1752,1,Diabrotica,50385,0,Diabrotica,,,,,174.0,,1.89e-50,
contig_1754,1,Bradysia,35571,1.0,Bradysia,186.0,,2.52e-49,,,,,
contig_1747,3,Nematocera,7148,0.6666666666666666,Nematocera,239.5,139.3,4.215e-34,5.960910165402596e-34,105.0,,2.46e-23,
contig_1734,10,Pancrustacea,197562,0.9,Bradysia,200.11,225.49,6.996666666673334e-08,1.5801976933279423e-07,202.0,,2.23e-60,
contig_1735,10,Endopterygota,33392,0.6,Bradysia,223.95,181.88,6.983333333338445e-10,1.7105603370433355e-09,172.0,0.0,1.3875e-43,1.0924799769332158e-43
contig_1759,2,Bradysia,35571,0.5,Bradysia,114.0,,1.32e-23,,,,,
contig_1767,4,cellular organisms,131567,0.5,Pseudolycoriella hygida,140.7,103.66,1.645e-11,2.326381310103741e-11,164.45,163.41,6.85e-05,9.6873629022557e-05
contig_1746,4,Bacteroidota,976,0,Bacteroidota,,,,,182.25,47.3,1.285e-27,2.5699999999999998e-27
contig_1772,1,Bradysia,35571,1.0,Bradysia,77.4,,4.96e-14,,,,,
contig_1725,10,Hexapoda,6960,0.7,Bradysia,133.71,56.7,1.0100000008544371e-06,2.6722088237984653e-06,104.7,14.57,3.1350000000307e-17,4.4335595179962365e-17
contig_988,37,Protostomia,33317,0.8648648648648649,Bradysia,230.68,170.69,7.063004491562519e-08,3.9045869085412174e-07,158.48,139.29,6.425000000000002e-06,1.285e-05
contig_1775,3,Endopterygota,33392,1.0,Bradysia,209.67,109.7,8.766666666666666e-31,1.5184312079687159e-30,,,,
contig_1762,5,Nematocera,7148,1.0,Bradysia,312.68,355.86,6.98e-09,1.5607754482948535e-08,,,,
contig_1769,4,Endopterygota,33392,0.5,Culicomorpha,141.0,111.72,2.915e-09,4.122432534317572e-09,83.8,24.32,1.260000000003485e-10,1.7819090885851712e-10
contig_1763,5,Nematocera,7148,1.0,Bradysia,166.0,71.66,1.22200000022462e-21,2.7324750683791767e-21,,,,
contig_989,30,Arthropoda,6656,0.8,Bradysia,313.96,282.53,1.3012781671891166e-09,5.917303673623885e-09,135.22,120.7,5.14522000092e-06,1.1490476893069583e-05
contig_1779,2,Bradysia,35571,1.0,Bradysia,100.45,20.58,7.700000000000073e-14,1.0889444430272729e-13,,,,
contig_1790,2,Protostomia,33317,0.5,Bradysia,412.0,,5.5e-133,,64.3,,2.32e-11,
contig_1788,3,Bradysia,35571,0.3333333333333333,Bradysia,825.0,,8.24e-262,,,,,
contig_1776,4,Endopterygota,33392,0.5,Cucujiformia,142.3,85.84,3.695e-18,5.225519112968586e-18,273.0,,3.72e-89,
contig_1795,1,Bradysia,35571,1.0,Bradysia,183.0,,3.92e-47,,,,,
contig_1787,10,Sciaridae,7184,0.8,Bradysia,219.62,153.1,1.9500000050125e-06,5.515432891229715e-06,85.5,,1.71e-13,
contig_1744,18,Nematocera,7148,0.7777777777777778,Bradysia,157.69,117.79,1.997857392061481e-05,6.256189684401825e-05,118.5,41.14,4.8724e-16,8.424353107509205e-16
contig_1793,3,Endopterygota,33392,0.3333333333333333,Pseudolycoriella hygida,402.0,,3.4e-132,,68.95,11.95,9.800001480000001e-09,1.385929081822026e-08
contig_1798,2,Bradysia,35571,1.0,Bradysia,338.0,84.85,2.83e-77,4.002224381515859e-77,,,,
contig_1792,8,Endopterygota,33392,1.0,Bradysia,464.44,425.18,6.5375e-09,1.8490842328028215e-08,,,,
contig_1801,3,Neoptera,33340,0.6666666666666666,Bradysia,88.9,36.91,2.955e-10,4.179001076812496e-10,59.3,,1.17e-09,
contig_1791,9,cellular organisms,131567,0.7777777777777778,Endopterygota,90.54,32.95,2.7286114285719705e-08,7.219103796328773e-08,214.0,117.38,7e-28,9.899494936611665e-28
contig_1797,4,Protostomia,33317,0.75,Sciaridae,230.07,269.33,2.3899999999999998e-05,4.139601430089616e-05,56.2,,0.000606,
contig_1794,8,Endopterygota,33392,0.875,Bradysia,333.43,298.39,1.4857142857142857e-27,3.930830519295964e-27,179.0,,6.51e-49,
contig_1764,16,Eukaryota,2759,0.5625,Bradysia,249.18,268.99,8.222222222225502e-10,2.0018852225949014e-09,267.18,284.54,1.320225e-07,2.5933987100264137e-07
contig_1808,1,Bradysia,35571,1.0,Bradysia,229.0,,2.05e-67,,,,,
contig_1802,1,Bradysia,35571,1.0,Bradysia,647.0,,6.24e-226,,,,,
contig_1805,4,Pancrustacea,197562,0.25,Bradysia,259.0,,4.99e-64,,77.05,15.77,1.19554e-12,1.6892215317121672e-12
contig_1811,1,Bradysia,35571,1.0,Bradysia,84.3,,7.48e-12,,,,,
contig_1799,5,Pancrustacea,197562,0.6,Bradysia,649.0,388.73,5.999999999999999e-106,1.0392304845413262e-105,89.3,17.96,1.870000000052e-14,2.6445793615641484e-14
contig_182,1,Endopterygota,33392,1.0,Endopterygota,63.2,,1.16e-06,,,,,
contig_1822,1,Bradysia,35571,1.0,Bradysia,427.0,,2.44e-122,,,,,
contig_1821,1,Pseudolycoriella hygida,35572,0,Pseudolycoriella hygida,,,,,69.7,,2.54e-14,
contig_1814,3,Endopterygota,33392,0.6666666666666666,Bradysia,292.1,274.22,2.54e-23,3.592102448427661e-23,105.0,,6.83e-23,
contig_993,41,Opisthokonta,33154,0.6585365853658537,Bradysia,150.78,116.05,3.11484111115e-07,1.3241820330699837e-06,202.27,99.15,1.15563e-05,3.6346841941525295e-05
contig_1825,1,Endopterygota,33392,1.0,Endopterygota,220.0,,3.9e-54,,,,,
contig_1785,16,Eukaryota,2759,0.5625,Bradysia,173.78,118.69,2.1644444459230648e-09,3.267025064271301e-09,290.97,260.16,2.942857143391428e-06,7.786068143754484e-06
contig_1829,2,Sciaridae,7184,0.5,Sciaridae,104.0,,2.88e-19,,423.0,,2.74e-148,
contig_1806,7,Endopterygota,33392,0.7142857142857143,Bradysia,221.2,101.83,1.388114e-25,3.103598634646561e-25,,,,
contig_1820,4,Bradysia,35571,1.0,Bradysia,202.05,156.64,9.95e-10,1.99e-09,,,,
contig_1830,2,Endopterygota,33392,1.0,Sciaridae,167.0,117.38,1.33e-16,1.8809040379562164e-16,,,,
contig_1831,2,Bradysia,35571,1.0,Bradysia,77.2,25.31,7.3000000000346e-09,1.0323759005274662e-08,,,,
contig_1803,9,Nematocera,7148,0.6666666666666666,Bradysia,138.5,37.37,8.390349999999999e-26,1.9800928146301628e-25,,,,
contig_1839,2,Bradysia,35571,1.0,Bradysia,915.5,262.34,4.055e-254,0.0,,,,
contig_1796,14,Protostomia,33317,0.6428571428571429,Bradysia,465.21,380.01,1.188888888888889e-14,3.566666666666667e-14,139.23,140.09,3.0133333333333333e-09,2.9567267938268042e-09
contig_1840,3,Bradysia,35571,1.0,Bradysia,197.5,210.05,1.8204333333333334e-13,3.100147184140349e-13,,,,
contig_1810,12,Nematocera,7148,0.5,Bradysia,238.38,150.33,1.6033334931666667e-18,3.9273484759603584e-18,202.65,123.06,7.75e-06,1.55e-05
contig_1838,5,Endopterygota,33392,0.8,Endopterygota,241.7,254.6,9.425e-15,1.0886803938714061e-14,,,,
contig_1835,7,Arthropoda,6656,0.7142857142857143,Bradysia,204.18,274.16,6.62001938e-05,9.877837782778067e-05,262.0,,2.93e-70,
contig_1848,1,Pseudolycoriella hygida,35572,0,Pseudolycoriella hygida,,,,,61.2,,1.84e-06,
contig_1832,10,Endopterygota,33392,1.0,Bradysia,362.1,287.01,3.81005700000289e-34,1.2048257858813677e-33,,,,
contig_1849,2,Bradysia,35571,0.5,Bradysia,916.0,,1.27e-302,,,,,
contig_1833,10,Endopterygota,33392,0.9,Bradysia,356.67,243.68,2.0004311111111112e-10,5.999838470551614e-10,345.0,,3.25e-102,
contig_992,59,Eukaryota,2759,0.5932203389830508,Bradysia,190.33,189.58,1.2936775783449632e-07,5.753593296057558e-07,165.76,150.34,1.1417064716110001e-05,3.0446138776912924e-05
contig_1841,6,Bradysia,35571,0.6666666666666666,Bradysia,202.75,68.1,2.107500000000475e-30,4.2149999999996834e-30,,,,
contig_1786,28,Neoptera,33340,0.7142857142857143,Bradysia,374.42,452.45,4.47033355e-07,1.9547510327496853e-06,202.5,158.69,1.3228770119714286e-10,3.4999422589928496e-10
contig_1850,1,Cucujiformia,41088,0,Cucujiformia,,,,,184.0,,2.08e-55,
contig_1852,1,Sciaridae,7184,1.0,Sciaridae,105.0,,1.54e-17,,,,,
contig_1859,1,Bradysia,35571,1.0,Bradysia,75.5,,1.48e-15,,,,,
contig_1844,7,Nematocera,7148,0.8571428571428571,Bradysia,149.42,66.37,2.5363500000000008e-18,6.203900380808834e-18,,,,
contig_1856,2,Sciaridae,7184,0.5,Pseudolycoriella hygida,143.0,,3.22e-32,,111.0,,2.82e-30,
contig_1857,3,Bradysia,35571,0.6666666666666666,Bradysia,594.5,140.71,9.05e-139,1.279863273947651e-138,,,,
contig_1854,4,Bradysia,35571,1.0,Bradysia,324.25,330.13,5.550011324999999e-23,1.1099992450020542e-22,,,,
contig_1860,4,Bradysia,35571,0.5,Bradysia,387.0,144.25,1.525e-91,2.1566756826189698e-91,,,,
contig_1866,4,Sciaridae,7184,0.25,Pseudolycoriella hygida,119.0,,4.5e-25,,964.45,1249.53,2.395e-17,3.387041481883563e-17
contig_1869,2,Endopterygota,33392,1.0,Endopterygota,94.8,15.84,8.7659e-18,1.235188267512285e-17,,,,
contig_1853,10,Nematocera,7148,0.8,Bradysia,359.75,211.47,8.2125e-24,2.3228457761978086e-23,89.7,,3.97e-21,
contig_1868,4,Sciaridae,7184,0.5,Bradysia,279.0,240.42,2.515e-24,3.556747109368334e-24,61.2,,3.32e-06,
contig_1837,18,Protostomia,33317,1.0,Bradysia,217.32,151.65,2.0944444778300778e-07,8.885975208578991e-07,,,,
contig_189,1,Bradysia,35571,1.0,Bradysia,256.0,,1.55e-76,,,,,
contig_1870,2,Diptera,7147,0.5,Diptera,58.9,,1.91e-05,,,,,
contig_965,93,cellular organisms,131567,0.6774193548387096,Bradysia,226.81,149.16,1.6985636080955816e-06,1.310138349378428e-05,117.08,68.49,3.2598664150026894e-05,0.00014000120162101744
contig_190,1,Bradysia,35571,1.0,Bradysia,85.9,,9.76e-15,,,,,
contig_1874,2,Nematocera,7148,1.0,Nematocera,134.75,62.58,6.9e-19,9.758073580374355e-19,,,,
contig_1865,7,Sciaridae,7184,0.5714285714285714,Bradysia,125.58,33.85,7.15e-12,1.43e-11,255.0,,6.6e-81,
contig_1873,3,Endopterygota,33392,0.3333333333333333,Bradysia,125.0,,1.28e-25,,83.95,49.57,0.000158,0.000223445742854949
contig_227,1,Neoptera,33340,1.0,Neoptera,57.4,,4.16e-09,,,,,
contig_208,1,Bradysia,35571,1.0,Bradysia,92.8,,6.11e-20,,,,,
contig_1867,10,Diptera,7147,0.6,Bradysia,378.62,236.64,5.616666666666667e-07,1.375796738863218e-06,179.0,89.1,9.35e-30,1.3222896808188437e-29
contig_200,1,Endopterygota,33392,1.0,Endopterygota,149.0,,1.78e-34,,,,,
contig_1872,8,Protostomia,33317,0.875,Bradysia,172.46,114.54,2.1224285714285714e-10,5.069830498716331e-10,48.5,,0.000239,
contig_239,1,Unassigned,,0,,,,,,,,,
contig_242,1,Unassigned,,0,,,,,,,,,
contig_247,1,Bradysia,35571,1.0,Bradysia,100.0,,1.55e-20,,,,,
contig_241,3,Endopterygota,33392,0.6666666666666666,Endopterygota,144.75,121.98,1.015e-08,1.4354267658086916e-08,,,,
contig_237,2,Sciaroidea,41830,0,Sitodiplosis mosellana,,,,,99.6,61.38,0.000103,0.00014566399692442878
contig_245,2,Bradysia,35571,0.5,Bradysia,100.0,,1.05e-21,,,,,
contig_1819,29,Opisthokonta,33154,0.6551724137931034,Bradysia,247.36,163.33,8.110526316194148e-12,2.5232230154894405e-11,114.72,78.72,3.158648333355833e-10,4.903879024838001e-10
contig_1836,30,Neoptera,33340,0.5333333333333333,Bradysia,309.52,240.14,8.62006251025005e-12,2.8726669139912602e-11,367.37,267.73,3.5003544099999996e-06,1.106784733950631e-05
contig_1861,25,Ecdysozoa,1206794,0.6,Bradysia,297.99,253.12,6.113333344266667e-08,2.0450248568744588e-07,107.7,80.55,1.093000001832e-10,1.772898754862798e-10
contig_240,15,Hexapoda,6960,0.6666666666666666,Bradysia,176.85,93.24,6.290000014079499e-18,1.4482207467666428e-17,95.78,92.4,8.040597400000001e-05,0.00012188970171807331
contig_1433,4,Endopterygota,33392,1.0,Bradysia,223.08,173.41,4.725e-06,9.45e-06,,,,
contig_1435,2,Endopterygota,33392,1.0,Nematocera,194.65,205.56,9.45e-06,1.3364318164425747e-05,,,,
contig_232,31,cellular organisms,131567,0.7741935483870968,Bradysia,194.54,115.86,2.463026489458745e-07,1.2063625088984287e-06,105.78,61.98,0.00010420636000000024,0.00023299472831428598
contig_281,391,Eukaryota,2759,0.7135549872122762,Bradysia,225.5,186.8,4.987643535646824e-07,6.52849242310142e-06,161.31,116.21,1.0923421247975162e-05,5.005716614993315e-05
contig_144,2,Arthropoda,6656,0,Cyclorrhapha,,,,,236.2,262.76,0.00011,0.00015556349186104045
contig_1438,6,Ecdysozoa,1206794,0.6666666666666666,Bradysia,324.15,420.33,4.075000000000018e-10,8.149999999999988e-10,124.0,,1.75e-32,
contig_1432,18,Protostomia,33317,0.7777777777777778,Bradysia,325.57,299.59,5.285714338914286e-15,1.9777331886207395e-14,74.35,23.41,7.000000068999999e-10,9.89949483903093e-10
contig_1439,9,Bilateria,33213,0.5555555555555556,Lasius niger,314.8,219.18,5.3600000000306e-28,1.1985324359381768e-27,223.75,257.02,2.76225e-05,4.974625639181304e-05
contig_1436,15,Neoptera,33340,0.7333333333333333,Bradysia,136.82,103.79,2.8004536392727473e-06,9.286399040991208e-06,116.18,69.41,9.850000001209999e-12,1.1479111462487735e-11
contig_1440,5,Pancrustacea,197562,0.6,Bradysia,146.77,72.97,5.1666666666666665e-15,8.9489291724392e-15,53.5,,1.63e-07,
contig_1441,7,Endopterygota,33392,0.8571428571428571,Bradysia,233.65,147.33,1.8500000621666667e-10,4.5315559936935596e-10,,,,
contig_233,40,cellular organisms,131567,0.725,Bradysia,246.39,236.38,1.2710752281600435e-07,4.539879900050551e-07,122.64,80.46,1.9335462444444873e-07,5.7999201851609e-07
contig_1455,1,Unassigned,,0,,,,,,,,,
contig_1457,1,Pseudolycoriella hygida,35572,0,Pseudolycoriella hygida,,,,,95.9,,1.53e-21,
contig_1458,1,Nematocera,7148,1.0,Nematocera,71.6,,1.6e-09,,,,,
contig_1450,2,Endopterygota,33392,1.0,Endopterygota,123.75,85.21,1.365e-09,1.9304015126392746e-09,,,,
contig_1437,20,Panarthropoda,88770,0.8,Bradysia,154.77,112.03,1.637799467279375e-09,6.496666196116039e-09,119.93,81.96,5.97597455e-13,1.194935043718651e-12
contig_1431,30,Neoptera,33340,0.9,Bradysia,241.74,305.91,4.715407443994075e-07,2.443889793341941e-06,100.0,,1.83e-18,
contig_12,258,Eukaryota,2759,0.7170542635658915,Endopterygota,194.53,144.76,5.395020725446623e-07,7.167832743680959e-06,152.6,77.62,1.2591048600445815e-05,5.6429853573184734e-05
contig_244,56,Eukaryota,2759,0.75,Bradysia,211.55,126.72,6.952595713344924e-06,4.2883604883669224e-05,193.0,77.61,5.900000000001757e-15,1.560993273528031e-14
contig_1430,28,Ecdysozoa,1206794,0.6071428571428571,Bradysia,399.27,415.41,1.8705882353515293e-05,7.712632876140595e-05,81.92,25.82,8.600014471750249e-07,2.106560469828165e-06
contig_1463,3,Nematocera,7148,0.6666666666666666,Pseudolycoriella hygida,134.5,6.36,5.400000000625e-31,7.63675323593083e-31,180.0,,2.51e-44,
contig_1459,13,Arthropoda,6656,0.8461538461538461,Bradysia,123.03,66.24,4.827345545617742e-09,1.6010228247769772e-08,77.7,42.85,0.000118,0.0001668772003600252
contig_370,382,cellular organisms,131567,0.6989528795811518,Bradysia,228.84,190.19,5.537995027576569e-06,4.503016476088426e-05,228.5,340.78,1.6311028070352602e-05,7.291577481545763e-05
contig_8,1,Sciaridae,7184,1.0,Sciaridae,120.0,,1.18e-27,,,,,
contig_78,5,Bradysia,35571,1.0,Bradysia,162.48,102.28,1.6606000000000052e-17,3.595327078305947e-17,,,,
contig_123,323,cellular organisms,131567,0.7275541795665634,Bradysia,210.84,208.74,2.417178351774255e-06,2.5110409997392304e-05,140.39,92.76,3.3660122678032533e-07,1.619873863585882e-06
contig_76,250,cellular organisms,131567,0.656,Bradysia,236.94,266.29,2.3997186399130973e-06,2.990542106310665e-05,141.33,85.91,7.250037246300299e-06,4.0279392344517076e-05
contig_801,3,Endopterygota,33392,0.3333333333333333,Diptera,251.0,,1.05e-73,,77.9,38.33,4.39e-06,6.208397538817887e-06
contig_803,5,Diptera,7147,0.6,Nematocera,97.07,34.48,4.1333333333333333e-07,7.15914333795136e-07,147.0,,1.1e-35,
contig_804,8,Nematocera,7148,0.375,Bradysia,163.47,96.48,3.9e-09,6.7549981495186224e-09,75.1,25.6,9.50000000000053e-05,0.00013435028842543654
contig_776,29,Hexapoda,6960,0.6896551724137931,Bradysia,270.12,162.07,3.855e-08,1.3469711636814921e-07,109.84,40.39,2.8428750115250474e-06,8.023504242899391e-06
contig_810,2,Bradysia,35571,1.0,Bradysia,205.5,28.99,2.2550000000000084e-51,3.189051583151318e-51,,,,
contig_807,10,Endopterygota,33392,0.8,Bradysia,150.88,151.96,1.2876975000001537e-06,3.641520153145364e-06,107.0,,3.81e-25,
contig_1472,1,Nematocera,7148,1.0,Nematocera,508.0,,7.48e-159,,,,,
contig_806,11,Endopterygota,33392,0.7272727272727273,Bradysia,166.04,79.08,9.186250014625001e-21,1.8869251576309532e-20,85.5,,1.56e-14,
contig_777,33,Hexapoda,6960,0.696969696969697,Bradysia,261.73,148.1,2.9173913052839644e-17,1.3991317183025639e-16,140.27,107.91,0.00015802112500000283,0.0003238788620524805
contig_1474,3,Bradysia,35571,0.6666666666666666,Bradysia,217.5,96.87,1.935e-33,2.7365032431919388e-33,,,,
contig_1475,3,Sciaroidea,41830,0.6666666666666666,Pseudolycoriella hygida,120.4,53.17,3.33e-15,4.7093311627024065e-15,87.4,,7.69e-16,
contig_1476,2,Endopterygota,33392,1.0,Endopterygota,353.5,314.66,1.21e-32,1.7111984104714452e-32,,,,
contig_802,26,Endopterygota,33392,0.5769230769230769,Endopterygota,103.19,38.98,2.8160004963801055e-06,8.69630922561758e-06,163.11,90.23,6.1285724314286e-10,1.6214675449877611e-09
contig_811,14,Endopterygota,33392,0.5,Pseudolycoriella hygida,118.96,66.46,1.1999342857142874e-09,3.1705217624120743e-09,170.84,100.57,6.320025800000188e-17,1.4131935195270506e-16
contig_812,20,Arthropoda,6656,0.85,Bradysia,209.05,182.84,7.235341754411768e-08,2.983186960407711e-07,101.35,20.72,1.375000004365e-19,1.9445436420899633e-19
contig_1484,5,Endopterygota,33392,0.8,Bradysia,175.35,139.64,2.7250000294999996e-07,5.449999980333334e-07,,,,
contig_1481,8,Endopterygota,33392,0.75,Bradysia,437.6,527.78,8.60000000033e-20,2.1065611787773668e-19,,,,
contig_1480,8,Bradysia,35571,0.625,Bradysia,265.8,119.72,1.040000000000572e-39,2.3255106965994617e-39,,,,
contig_1482,7,Opisthokonta,33154,0.42857142857142855,Bradysia,790.0,1146.43,1.7233333333333333e-15,2.9849008917103655e-15,217.1,190.96,1.6833333333333333e-12,2.9156188594076097e-12
contig_805,39,cellular organisms,131567,0.7435897435897436,Bradysia,206.12,163.54,9.970371340813963e-08,5.233550377977961e-07,125.24,55.46,1.6100000000000314e-10,3.6000694437746436e-10
contig_1489,4,Opisthokonta,33154,0.5,Bradysia,355.5,144.96,1.44e-69,2.036467529817257e-69,65.1,,7.68e-12,
contig_1487,2,Panarthropoda,88770,0.5,Paramacrobiotus metropolitanus,129.0,,9.93e-28,,63.5,,5.53e-08,
contig_814,30,Arthropoda,6656,0.6333333333333333,Bradysia,293.88,198.92,6.161578956955263e-09,2.636069132712034e-08,107.02,51.09,2.284322411111111e-05,6.83090665490672e-05
contig_1485,8,Endopterygota,33392,0.875,Nematocera,125.19,34.67,6.671428571439487e-11,1.76509408895261e-10,54.3,,1.46e-06,
contig_1491,2,Sciaridae,7184,0.5,Bradysia,216.0,,3.74e-61,,96.3,,1.77e-16,
contig_1497,1,Endopterygota,33392,1.0,Endopterygota,78.6,,7.86e-14,,,,,
contig_1499,1,Endopterygota,33392,1.0,Endopterygota,97.8,,3.84e-21,,,,,
contig_1490,5,Opisthokonta,33154,0.6,Bradysia,294.0,297.0,5.300000041666667e-25,9.17986924403066e-25,103.0,,5.21e-26,
contig_1498,9,Endopterygota,33392,0.6666666666666666,Bradysia,358.42,330.82,2.45e-07,6.001249869818787e-07,126.5,62.93,3.945e-14,5.57907250356186e-14
contig_1501,2,Endopterygota,33392,1.0,Bradysia,139.5,7.78,2.01500000351e-30,2.849640323217897e-30,,,,
contig_1494,13,cellular organisms,131567,0.6153846153846154,Bradysia,128.86,105.59,6.524375845233375e-09,1.8013182219225404e-08,141.33,54.31,3.046667136666667e-21,5.276981053361287e-21
contig_1502,2,Bradysia,35571,0.5,Bradysia,118.0,,7.88e-24,,,,,
contig_1503,1,Bradysia,35571,1.0,Bradysia,141.0,,2.12e-30,,,,,
contig_1507,1,Nematocera,7148,1.0,Nematocera,98.2,,1.16e-21,,,,,
contig_1500,4,Sciaridae,7184,0.5,Sciaridae,123.75,85.21,2.895e-10,4.09414826307011e-10,,,,
contig_1509,2,Protostomia,33317,1.0,Sciaroidea,68.95,1.06,2.7700000000000002e-11,1.8667619023324856e-11,,,,
contig_809,54,Eukaryota,2759,0.7592592592592593,Bradysia,164.27,109.86,2.796607682976016e-07,1.7801524777076276e-06,81.88,43.43,0.00010180863224436762,0.0003053217753330124
contig_1483,38,Protostomia,33317,0.7894736842105263,Bradysia,322.56,368.61,8.20000007837347e-06,4.4913249700621245e-05,110.57,78.8,3.5933378e-08,6.188604701081903e-08
contig_1510,2,Nematocera,7148,0.5,Culicomorpha,66.6,,1.78e-10,,64.7,,2.62e-10,
contig_1508,9,Endopterygota,33392,0.8888888888888888,Endopterygota,107.1,81.1,1.0919285130521249e-08,3.0862471937658667e-08,204.0,,1.83e-65,
contig_1514,2,Bradysia,35571,1.0,Bradysia,193.8,158.67,2.375e-11,3.358757210636101e-11,,,,
contig_1515,3,Bradysia,35571,1.0,Bradysia,462.87,438.83,5.866666666666666e-19,1.0161364737737413e-18,,,,
contig_1511,4,Bradysia,35571,1.0,Bradysia,106.25,26.47,1.99350000002525e-15,3.924583502300905e-15,,,,
contig_1517,4,Nematocera,7148,0.75,Bradysia,176.03,84.99,9.766666666666667e-18,1.6916362887256038e-17,,,,
contig_1516,4,Endopterygota,33392,0.75,Bradysia,122.0,10.82,5.05389e-27,5.37383431046213e-27,,,,
contig_1518,8,Endopterygota,33392,0.875,Bradysia,161.33,121.29,8.909871599828571e-11,2.354284778629516e-10,105.0,,3.58e-21,
contig_1513,25,Diptera,7147,0.68,Bradysia,221.02,116.24,3.411764707562153e-09,1.1622278301993888e-08,151.36,86.28,1.6714305002028584e-09,4.422183483701305e-09
contig_1512,28,Endopterygota,33392,0.6785714285714286,Bradysia,254.29,151.21,4.84211518768421e-13,2.1106245112801864e-12,194.2,116.09,2.9285714285714287e-06,7.748271696689159e-06
contig_1519,10,Neoptera,33340,0.8,Endopterygota,169.1,131.21,2.14347500007275e-07,6.043371861948132e-07,272.0,,1.06e-88,
contig_98,283,cellular organisms,131567,0.7137809187279152,Bradysia,188.49,132.88,6.44291197550208e-07,7.633771519648783e-06,138.25,109.55,3.579875938057775e-05,0.0001584587522366173
contig_1520,9,Hexapoda,6960,0.5555555555555556,Endopterygota,179.62,110.73,5.12e-06,1.1448668044798924e-05,122.53,73.01,1.3433333333333335e-06,2.326721584834192e-06
contig_1521,9,Hexapoda,6960,0.6666666666666666,Bradysia,183.22,89.74,1.0016666666666667e-08,2.453572225687817e-08,96.3,1.13,2.4525e-20,2.909744404582643e-20
contig_1526,2,Endopterygota,33392,0.5,Bradysia,136.0,,2.35e-32,,48.5,,0.000224,
contig_1524,21,Eukaryota,2759,0.8095238095238095,Bradysia,317.94,319.04,3.930088235294158e-08,1.620120566909613e-07,106.67,84.45,1.9633333333333333e-06,1.7329839391446572e-06
contig_1525,16,Hexapoda,6960,0.6875,Bradysia,185.3,150.63,5.900516636363637e-07,1.9567914953653454e-06,909.5,289.21,4.285e-236,0.0
contig_611,2,Endopterygota,33392,1.0,Bradysia,235.0,118.79,6.95e-40,9.82878425849301e-40,,,,
contig_185,207,cellular organisms,131567,0.7439613526570048,Bradysia,258.45,243.8,4.419497878768419e-06,4.693846066911171e-05,132.55,115.16,7.338218340419379e-06,2.1171759544445823e-05
contig_15,71,cellular organisms,131567,0.647887323943662,Endopterygota,160.98,124.9,7.000643886985201e-07,3.3058370760098726e-06,182.54,110.58,6.00920000000031e-07,2.559241828176008e-06
contig_615,3,Sciaridae,7184,0.6666666666666666,Bradysia,64.5,5.23,8.220000000000001e-08,1.0154053377838823e-07,90.1,,1.07e-17,
contig_619,1,Bradysia,35571,1.0,Bradysia,97.4,,2.24e-16,,,,,
contig_613,11,Eukaryota,2759,0.7272727272727273,Bradysia,302.48,205.69,8.862500000000027e-13,2.5066935393063097e-12,59.3,,7.16e-07,
contig_620,1,Bradysia,35571,1.0,Bradysia,83.2,,5.29e-12,,,,,
contig_62,4,Endopterygota,33392,1.0,Endopterygota,229.92,197.26,2.6925e-16,4.006506167057112e-16,,,,
contig_618,8,Endopterygota,33392,0.875,Bradysia,151.4,139.34,5.90111001332e-06,1.56094435340051e-05,121.0,,5.24e-27,
contig_621,1,Bradysia,35571,1.0,Bradysia,538.0,,5.59e-190,,,,,
contig_1527,29,Endopterygota,33392,0.6551724137931034,Bradysia,223.17,184.59,7.061384119474279e-08,3.0259155366516325e-07,282.76,162.86,7.800000000000332e-24,1.7441330224498175e-23
contig_609,28,cellular organisms,131567,0.6428571428571429,Bradysia,268.15,216.91,5.400062807666736e-07,1.9714443483060663e-06,184.85,255.36,0.00010134293333333334,0.00024821025865106114
contig_617,16,Endopterygota,33392,0.625,Bradysia,258.45,224.81,9.506660000253e-12,2.941065239058025e-11,82.97,36.68,0.00013766666667046668,0.00023844566117202457
contig_628,3,Bradysia,35571,1.0,Bradysia,195.73,129.96,1.04e-09,1.8013328398716326e-09,,,,
contig_627,6,Endopterygota,33392,0.8333333333333334,Bradysia,185.56,112.38,1.3860000000000015e-10,3.0991902168147076e-10,107.0,,9.78e-21,
contig_629,3,Bradysia,35571,1.0,Bradysia,332.53,257.78,3.4e-13,5.888972745734183e-13,,,,
contig_626,10,Endopterygota,33392,0.8,Bradysia,142.48,65.63,1.60107975e-09,4.287890148515659e-09,53.1,,1.04e-05,
contig_633,1,Sciaridae,7184,1.0,Sciaridae,87.8,,1.66e-18,,,,,
contig_631,4,Sciaridae,7184,0.25,Pseudolycoriella hygida,172.0,,3.06e-42,,153.6,99.56,1.485e-16,2.1001071401240463e-16
contig_152,48,Neoptera,33340,0.6666666666666666,Bradysia,254.19,191.76,3.0818631246284376e-09,1.7050350381674568e-08,180.78,210.78,9.663652000025092e-08,2.3635147831727444e-07
contig_79,143,Opisthokonta,33154,0.6433566433566433,Bradysia,307.96,353.56,6.41561315514629e-07,5.590335847956008e-06,175.75,134.05,7.520313082915963e-06,4.1931952041921036e-05
contig_630,9,Sciaridae,7184,0.6666666666666666,Bradysia,598.8,769.98,2.7666666666666967e-19,6.776921621700112e-19,145.0,45.25,1.01e-24,1.428355697996826e-24
contig_632,7,Sciaridae,7184,0.42857142857142855,Pseudolycoriella hygida,286.6,217.55,1.4433333333333333e-19,2.4999266655910793e-19,151.93,93.73,7.934586666666667e-21,1.3739851116825586e-20
contig_75,386,Opisthokonta,33154,0.689119170984456,Bradysia,222.37,176.44,7.985120847798772e-06,6.3278172402939e-05,189.11,208.1,2.3660632136986806e-05,0.00011422042874361384
contig_636,12,Opisthokonta,33154,0.8333333333333334,Bradysia,321.32,216.52,4.5020000000000005e-07,1.1244200282812467e-06,175.0,,4.15e-46,
contig_640,4,Neoptera,33340,0.5,Neoptera,823.9,1069.29,1.165e-11,1.6475588001646558e-11,106.7,69.72,1.075e-07,1.5202795795510773e-07
contig_650,1,Unassigned,,0,,,,,,,,,
contig_635,16,Protostomia,33317,0.75,Bradysia,262.96,197.71,1.1305862000005452e-05,3.771777819707394e-05,94.15,28.07,8.60000000000075e-16,1.2162236636407556e-15
contig_623,15,Eumetazoa,6072,0.7333333333333333,Bradysia,197.66,148.82,7.098181818181818e-08,2.1663767824726065e-07,87.25,17.18,5.20000895e-14,7.353897867128711e-14
contig_655,2,Bradysia,35571,1.0,Bradysia,243.5,178.9,1.7e-23,2.4041630560342615e-23,,,,
contig_654,3,Endopterygota,33392,0.6666666666666666,Nematocera,132.7,106.49,2.94e-08,4.157787873376899e-08,61.2,,4.09e-09,
contig_663,1,Unassigned,,0,,,,,,,,,
contig_648,7,Sciaroidea,41830,0.5714285714285714,Bradysia,370.9,311.76,2.925e-13,5.85e-13,127.0,,1.11e-28,
contig_641,6,Endopterygota,33392,0.6666666666666666,Bradysia,356.2,340.27,4.1e-15,8.200000000000002e-15,111.7,62.65,3.86e-11,5.458864350760147e-11
contig_668,4,Bradysia,35571,1.0,Bradysia,188.08,88.79,6.125e-16,1.225e-15,,,,
contig_656,7,Endopterygota,33392,0.7142857142857143,Endopterygota,239.12,167.65,1.6075400000000002e-12,3.545746290698194e-12,53.1,,9.46e-07,
contig_670,4,Endopterygota,33392,1.0,Bradysia,250.52,132.75,1.645e-08,3.29e-08,,,,
contig_624,38,Protostomia,33317,0.631578947368421,Bradysia,201.85,141.9,1.77504950666691e-09,8.69567804510481e-09,86.56,44.01,2.3069848750011126e-05,6.502583610890474e-05
contig_664,20,Endopterygota,33392,0.7,Bradysia,158.69,76.58,9.994291235718914e-08,3.464102103414481e-07,158.43,155.35,6.333333335613334e-09,1.096965511262835e-08
contig_673,12,Arthropoda,6656,0.6666666666666666,Bradysia,238.99,201.29,9.137501989625e-10,2.584475204843899e-09,209.5,201.53,3.1e-12,4.384062043356595e-12
contig_677,7,Endopterygota,33392,0.7142857142857143,Bradysia,153.1,113.63,2.580000040400026e-06,5.7690553593651575e-06,138.0,,2.06e-34,
contig_683,6,Nematocera,7148,0.8333333333333334,Bradysia,191.84,125.12,4.2000000000003416e-13,9.391485505498924e-13,221.0,,8.53e-71,
contig_669,26,cellular organisms,131567,0.7307692307692307,Bradysia,348.85,486.36,4.6273684416021047e-10,1.8298658367346732e-09,188.82,102.93,2.3825e-05,4.765e-05
contig_639,36,Endopterygota,33392,0.7222222222222222,Bradysia,271.61,310.88,3.6184388815790077e-09,1.8291833376384456e-08,186.28,93.29,7.800000002683332e-18,1.9106019992394228e-17
contig_667,28,Eukaryota,2759,0.7142857142857143,Bradysia,182.68,148.29,6.400087183100092e-08,2.8621649592291193e-07,203.19,153.9,8.571428571428572e-08,1.5332613854755738e-07
contig_688,1,Bradysia,35571,1.0,Bradysia,129.0,,7.48e-25,,,,,
contig_674,21,Opisthokonta,33154,0.6190476190476191,Bradysia,214.66,174.44,1.516923077014554e-06,3.945848841076204e-06,174.3,150.93,3.6857145786437144e-06,9.751483274468357e-06
contig_684,9,Endopterygota,33392,0.6666666666666666,Bradysia,296.88,304.53,1.3433786666666664e-08,3.290459014230486e-08,137.5,12.02,6.801025000000001e-30,9.615202655235615e-30
contig_693,4,Endopterygota,33392,1.0,Bradysia,247.68,180.14,1.22225e-18,2.0825129651457156e-18,,,,
contig_692,5,Endopterygota,33392,1.0,Endopterygota,145.94,47.02,1.1402400000000001e-19,2.5433977840676046e-19,,,,
contig_691,5,Endopterygota,33392,1.0,Bradysia,246.0,116.39,1.356e-25,3.0321081774897148e-25,,,,
contig_638,26,Opisthokonta,33154,0.7307692307692307,Bradysia,309.67,273.39,3.557894945270105e-07,1.5508503559176857e-06,185.82,212.51,6.0250000134000134e-09,1.2049999991066657e-08
contig_143,242,cellular organisms,131567,0.6652892561983471,Bradysia,224.25,209.7,1.488787095347733e-06,1.523410734161194e-05,143.31,132.44,3.2436938323391696e-05,0.00011560304191597256
contig_704,5,cellular organisms,131567,0.8,Nematocera,202.15,176.05,3.2000146e-16,6.399990266725879e-16,154.0,,6.72e-35,
contig_687,32,Neoptera,33340,0.75,Bradysia,273.03,288.5,5.435015181696251e-08,2.424792025100211e-07,229.2,140.25,6.7000000000154e-23,1.4981655449239982e-22
contig_690,26,Protostomia,33317,0.7307692307692307,Bradysia,159.95,118.86,2.094887297947485e-08,9.130709796319526e-08,114.32,80.73,3.4000150200008203e-09,7.602622727107553e-09
contig_697,22,Neoptera,33340,0.8636363636363636,Bradysia,223.14,165.88,5.226336215720526e-07,2.278097742707777e-06,204.0,,2.04e-56,
contig_194,432,cellular organisms,131567,0.6944444444444444,Endopterygota,186.59,144.94,2.4949047192023336e-06,2.8539847851994974e-05,142.78,90.12,1.222144583581411e-05,6.0836033262322304e-05
contig_706,6,Nematocera,7148,0.8333333333333334,Bradysia,223.04,207.72,3.3556000000222e-09,7.2390991704640824e-09,,,,
contig_705,12,Endopterygota,33392,0.5833333333333334,Bradysia,210.84,156.32,3.214285714307143e-07,8.504200642698166e-07,244.32,176.29,6.275e-15,1.2550000000000001e-14
contig_707,7,Sciaridae,7184,0.7142857142857143,Bradysia,183.52,96.48,1.45800000000298e-10,3.260187111193028e-10,797.0,,3.13e-280,
contig_686,36,Endopterygota,33392,0.6388888888888888,Bradysia,208.67,206.57,3.816424841602349e-06,1.673625915120998e-05,165.93,87.84,4.942858064285714e-10,1.3077570359807673e-09
contig_642,83,Bilateria,33213,0.6626506024096386,Bradysia,311.73,262.02,3.6806221144693667e-07,2.6963840730265937e-06,123.77,60.47,5.1854572313724e-07,2.003293406438995e-06
contig_696,30,Bilateria,33213,0.6666666666666666,Bradysia,280.71,227.04,2.1743629950505003e-10,9.633282985184202e-10,68.55,16.12,4.860691503583333e-08,8.650023951975368e-08
contig_720,1,Bradysia,35571,1.0,Bradysia,120.0,,1.57e-29,,,,,
contig_716,2,Endopterygota,33392,0.5,Sciaridae,75.9,,1.26e-09,,82.0,,5.74e-19,
contig_709,7,Endopterygota,33392,0.5714285714285714,Bradysia,158.82,120.37,1.14505e-11,2.2899666686075004e-11,127.0,84.85,1.56e-08,2.2061731573020283e-08
contig_146,259,Opisthokonta,33154,0.6872586872586872,Bradysia,176.78,127.97,2.6058551272155033e-06,2.1411536301913017e-05,155.83,104.83,2.870212765896429e-05,0.0001322034442913279
contig_1255,2,Sciaridae,7184,0.5,Pseudolycoriella hygida,73.6,,5.96e-15,,493.0,,3.65e-163,
contig_77,480,cellular organisms,131567,0.7229166666666667,Bradysia,232.45,244.35,3.4244242931095113e-06,3.8416966923392976e-05,149.62,114.49,1.34786880699828e-05,7.521758767199208e-05
contig_725,9,Bilateria,33213,0.7777777777777778,Bradysia,203.41,87.08,1.1628571428571428e-10,3.076630810295109e-10,67.2,11.17,4.27000001235e-06,6.038691893867578e-06
contig_1259,1,Endopterygota,33392,1.0,Endopterygota,124.0,,6.47e-28,,,,,
contig_1250,6,Endopterygota,33392,0.8333333333333334,Bradysia,186.0,81.17,9.32e-19,2.084015355029804e-18,64.7,,5e-07,
contig_713,14,Endopterygota,33392,0.8571428571428571,Bradysia,171.02,74.5,1.8505591752854833e-19,6.408412183779157e-19,115.0,,1.29e-29,
contig_126,2,Nematocera,7148,0.5,Bradysia,253.0,,1.76e-68,,174.0,,1.43e-52,
contig_1264,4,Opisthokonta,33154,0.75,Bradysia,378.33,207.46,2.9833333333333333e-51,5.1672849092471514e-51,55.8,,1.2e-06,
contig_1265,4,Endopterygota,33392,1.0,Bradysia,218.25,103.03,1.8925000000000003e-28,3.785e-28,,,,
contig_715,25,Endopterygota,33392,0.8,Bradysia,115.71,58.81,1.0280190005515788e-06,3.2207073560624326e-06,125.0,48.77,1.9133333333763332e-19,3.3139905451112126e-19
contig_1270,1,Bradysia,35571,1.0,Bradysia,81.3,,1.77e-12,,,,,
contig_81,251,cellular organisms,131567,0.7131474103585658,Endopterygota,168.5,111.87,2.9860639579791926e-06,3.893885051232042e-05,157.12,87.36,3.253294286222302e-07,2.3485361931387854e-06
contig_1266,12,Endopterygota,33392,0.9166666666666666,Bradysia,329.1,295.46,6.272854545454545e-13,2.0737971701030147e-12,93.6,,1.89e-17,
contig_1263,15,Hexapoda,6960,0.7333333333333333,Bradysia,236.71,225.55,8.600000000609998e-07,2.8522973196854113e-06,282.67,194.88,7.200000000000001e-29,1.247076581449592e-28
contig_1262,14,cellular organisms,131567,0.6428571428571429,Bradysia,277.71,277.63,4.587444492451167e-07,1.369234798280647e-06,247.73,171.13,5.066666666666667e-12,8.775724091682311e-12
contig_1254,15,Endopterygota,33392,0.8,Bradysia,216.66,167.39,9.000002791963334e-07,3.117691365700085e-06,153.0,62.23,2.195e-22,3.1041987694089437e-22
contig_1274,3,Bradysia,35571,1.0,Bradysia,324.0,165.91,1.7033333333333332e-44,2.9502598755589874e-44,,,,
contig_1273,4,Sciaridae,7184,0.25,Pseudolycoriella hygida,69.7,,2.69e-12,,53.9,,2.46e-06,
contig_1275,2,Sciaroidea,41830,0.5,Sciaroidea,74.3,,5.73e-14,,67.8,,1.8e-07,
contig_1281,1,Diptera,7147,1.0,Diptera,85.1,,2.37e-17,,,,,
contig_1271,9,Endopterygota,33392,1.0,Bradysia,140.06,55.01,3.456333333333333e-08,1.0254377650545156e-07,,,,
contig_1282,2,Sciaridae,7184,0.5,Pseudolycoriella hygida,149.0,,1.21e-34,,113.0,,3.9e-31,
contig_729,30,Endopterygota,33392,0.6333333333333333,Bradysia,309.09,363.03,2.332054484294737e-06,1.0138816490116296e-05,372.57,447.86,6.655555707798334e-10,1.996666660957563e-09
contig_1283,4,Endopterygota,33392,0.5,Bradysia,115.0,43.84,7.5e-13,1.0606601717798214e-12,89.1,36.63,3.295e-09,4.6598336880193476e-09
contig_1272,14,Endopterygota,33392,0.7857142857142857,Bradysia,164.45,100.46,2.527280927272728e-11,8.38201265967318e-11,59.3,,4.36e-05,
contig_1276,5,Neoptera,33340,0.4,Bradysia,187.35,187.6,3.17e-07,4.4830569927227115e-07,84.95,12.23,1.3445e-15,1.733118720688228e-15
contig_1268,23,Nematocera,7148,0.782608695652174,Bradysia,260.46,177.8,3.7833333335966665e-06,1.605132393286891e-05,210.0,155.52,2.353333333333368e-24,4.076092900478728e-24
contig_1286,3,Sciaroidea,41830,1.0,Sciaridae,126.13,54.44,3.63333333462e-15,6.293117933052636e-15,,,,
contig_129,3,Nematocera,7148,1.0,Bradysia,118.03,37.6,9.233333333560666e-14,1.5992602456355758e-13,,,,
contig_128,16,Endopterygota,33392,0.625,Bradysia,147.87,86.64,2.920825970000007e-07,9.2335608564484e-07,99.4,44.69,1.435e-12,2.0293964620053914e-12
contig_1284,12,Opisthokonta,33154,0.8333333333333334,Bradysia,308.43,257.96,5.31e-20,1.6791694375494095e-19,75.85,15.77,3.8000038349999997e-10,5.374006113508749e-10
contig_1295,1,Pseudolycoriella hygida,35572,0,Pseudolycoriella hygida,,,,,92.0,,6.25e-23,
contig_1297,2,Sciaridae,7184,0.5,Bradysia,155.0,,6.33e-45,,446.0,,1.79e-155,
contig_127,24,Pancrustacea,197562,0.5833333333333334,Bradysia,206.26,151.11,1.5285715885801785e-07,5.719390530872209e-07,120.48,125.46,1.0035e-05,1.6406777562946358e-05
contig_1293,5,Nematocera,7148,0.2,Pseudolycoriella hygida,147.0,,1.34e-36,,418.25,432.53,1.7575e-07,3.515e-07
contig_708,69,Pancrustacea,197562,0.6956521739130435,Bradysia,322.62,248.26,1.2770833335198544e-05,8.847892875303522e-05,156.51,76.73,2.8779166668333374e-07,8.492477274865383e-07
contig_1292,6,Nematocera,7148,0.16666666666666666,Pseudolycoriella hygida,200.0,,2.4e-50,,296.6,186.62,1.286000000526e-27,2.8755834187706866e-27
contig_130,3,Endopterygota,33392,0.6666666666666666,Pseudolycoriella hygida,315.5,224.15,8.05e-41,1.1384419177103414e-40,125.0,,4.91e-31,
contig_1288,19,Endopterygota,33392,0.5789473684210527,Bradysia,145.84,99.94,1.5020309090976365e-08,4.5903528121580006e-08,181.94,201.81,2.7100007840000003e-08,4.899795372094949e-08
contig_1291,14,Pancrustacea,197562,0.6428571428571429,Bradysia,209.93,111.2,2.648333333333333e-05,7.857259382252822e-05,147.36,137.37,1.186000000292e-06,2.6519766211515172e-06
contig_1290,19,Protostomia,33317,0.42105263157894735,Bradysia,156.86,110.21,4.2450006450000004e-10,6.232511030207686e-10,166.9,119.07,5.666666718008417e-10,1.3880441850619126e-09
contig_147,374,Opisthokonta,33154,0.6524064171122995,Bradysia,276.22,384.88,2.046992120893455e-06,2.306663208674632e-05,155.5,121.55,1.4431856961636831e-05,8.043197956447472e-05
contig_1312,3,Nematocera,7148,1.0,Bradysia,261.43,183.64,2.8133333333333336e-06,4.8728362719604415e-06,,,,
contig_1310,6,Opisthokonta,33154,0.8333333333333334,Sciaroidea,311.3,332.01,7.14e-10,1.5965525359348498e-09,,,,
contig_1309,6,Endopterygota,33392,0.5,Sciaroidea,247.53,194.77,8.433333333333333e-13,1.460696181049753e-12,,,,
contig_1313,2,Bradysia,35571,1.0,Bradysia,332.0,254.56,1.89e-34,2.67286363288515e-34,,,,
contig_1285,20,cellular organisms,131567,0.65,Bradysia,256.08,161.46,1.2628178615387908e-22,4.548159510473793e-22,141.58,122.5,2.6124000506000006e-08,5.6413179727375254e-08
contig_1318,1,Bradysia,35571,1.0,Bradysia,160.0,,8.04e-45,,,,,
contig_1311,4,Opisthokonta,33154,0.75,Bradysia,152.17,125.68,1.19e-09,2.061140461006964e-09,,,,
contig_1289,30,Endopterygota,33392,0.5666666666666667,Bradysia,169.41,106.25,1.0941182317074705e-05,4.511162475015906e-05,120.97,48.07,1.0316666885000001e-07,2.5270569072752075e-07
contig_1320,3,Sciaridae,7184,0.6666666666666666,Bradysia,270.0,110.31,2.405e-48,3.4011836175072934e-48,304.0,,1.99e-87,
contig_1319,5,Sciaridae,7184,0.8,Bradysia,265.25,108.83,4.2e-22,8.4e-22,979.0,,0.0,
contig_1321,4,Sciaridae,7184,0.75,Bradysia,361.0,345.32,2.9166666666667386e-31,5.051814855409164e-31,911.0,,0.0,
contig_703,82,Eukaryota,2759,0.6097560975609756,Endopterygota,177.85,103.33,2.7439193533556665e-07,1.8666066170696033e-06,141.01,92.45,1.589609498160697e-06,5.43557049778148e-06
contig_1304,20,Endopterygota,33392,0.7,Bradysia,277.49,254.85,2.5733777859836144e-14,8.949171443693313e-14,132.8,86.7,5.14725e-09,1.0168890315565411e-08
contig_1323,5,Hexapoda,6960,0.4,Folsomia candida,140.7,65.48,5.05e-21,7.14177848998413e-21,96.37,25.55,1.7754000000000003e-14,3.061064109096704e-14
contig_1328,2,Hexapoda,6960,0.5,Folsomia candida,103.0,,1.43e-23,,324.0,,1.39e-100,
contig_1305,22,Endopterygota,33392,0.6363636363636364,Bradysia,213.57,153.6,6.068739982320714e-15,2.268920290001466e-14,130.0,86.94,1.7575650736285715e-05,4.648776961741608e-05
contig_1331,2,Endopterygota,33392,0.5,Endopterygota,116.0,,6.57e-26,,58.2,,4.52e-08,
contig_1322,7,Endopterygota,33392,0.2857142857142857,Pseudolycoriella hygida,73.75,21.57,4.250000000055e-08,6.010407640007872e-08,91.38,15.38,4.7006851595e-13,9.39954331572597e-13
contig_1327,5,Endopterygota,33392,0.8,Endopterygota,121.45,68.05,6.025000000000006e-07,1.2049999999999995e-06,,,,
contig_1332,4,Endopterygota,33392,1.0,Diptera,160.22,103.95,2.800000000000017e-07,5.599999999999989e-07,,,,
contig_1329,7,Hexapoda,6960,0.7142857142857143,Nematocera,124.56,55.58,1.0580000000002383e-09,2.3657599201946442e-09,137.5,38.89,5.9e-22,8.343860018001261e-22
contig_1334,2,Endopterygota,33392,0.5,Pseudolycoriella hygida,114.0,,3.71e-24,,82.0,,6.89e-17,
contig_1333,5,Hexapoda,6960,0.6,Allacma fusca,208.3,151.08,1.0566666666666667e-08,1.8302003533311136e-08,188.5,38.89,8.45000000000095e-46,1.1950104602051309e-45
contig_702,129,cellular organisms,131567,0.6821705426356589,Bradysia,263.36,247.25,4.251335668354002e-07,3.2370466204564714e-06,152.92,193.63,3.07906453819176e-06,1.3083262983332629e-05
contig_150,267,cellular organisms,131567,0.6741573033707865,Bradysia,199.27,184.24,7.37237298906217e-08,4.447932923740277e-07,157.23,143.29,2.619725010670346e-05,0.00014189926766503656
contig_1344,3,Endopterygota,33392,1.0,Endopterygota,124.6,93.36,2.0834566666666666e-08,3.608332377377856e-08,,,,
contig_1324,19,Pterygota,7496,0.631578947368421,Bradysia,244.32,210.08,8.511216666666723e-06,2.9128188320838656e-05,123.35,44.34,1.9825e-11,3.965e-11
contig_1325,18,Arthropoda,6656,0.5555555555555556,Bradysia,237.76,214.4,1.61800000000084e-07,3.566715887510414e-07,172.97,121.17,1.0533333333333334e-07,2.5801291957316143e-07
contig_1335,5,Endopterygota,33392,1.0,Nematocera,189.64,105.22,2.8814060000014416e-22,6.439090516848603e-22,,,,
contig_1338,8,Neoptera,33340,0.75,Endopterygota,92.82,77.26,5.503605855333334e-05,0.000134704287339644,138.9,110.45,1.74e-09,2.4607315985291853e-09
contig_1346,3,Endopterygota,33392,1.0,Endopterygota,85.87,24.31,1.583333333334682e-08,2.7424137786495547e-08,,,,
contig_1347,2,Endopterygota,33392,1.0,Endopterygota,194.5,54.45,6.9e-40,9.758073580374355e-40,,,,
contig_728,87,Opisthokonta,33154,0.7816091954022989,Bradysia,276.95,320.22,1.4998050450242848e-05,8.75553027775566e-05,126.49,131.75,4.467833333333335e-08,1.5034165695226163e-07
contig_1354,1,Bradysia,35571,1.0,Bradysia,99.0,,2.95e-22,,,,,
contig_1352,1,Polyphaga,41084,0,Polyphaga,,,,,199.0,,2.08e-56,
contig_1353,2,Sciaridae,7184,0.5,Pseudolycoriella hygida,177.0,,5.56e-50,,546.0,,5.92e-169,
contig_1350,2,Bradysia,35571,1.0,Bradysia,361.5,348.6,7.45e-29,1.053589103967956e-28,,,,
contig_134,10,Diptera,7147,0.8,Bradysia,324.25,126.1,2.6875e-21,7.601397897755387e-21,207.0,,2.61e-59,
contig_1357,1,Bradysia,35571,1.0,Bradysia,70.5,,9.24e-11,,,,,
contig_1316,17,cellular organisms,131567,0.7058823529411765,Bradysia,334.58,296.01,6.141666675670365e-08,2.1275357416802285e-07,103.55,9.12,6.950000000001269e-17,9.828784258491213e-17
contig_1358,9,Endopterygota,33392,0.5555555555555556,Bradysia,340.62,350.48,3.62000045e-21,8.09456582699165e-21,110.3,60.07,9.6333333333558e-06,1.6685422779560727e-05
contig_1359,5,Nematocera,7148,1.0,Bradysia,257.24,261.82,1.66e-17,3.711872842649651e-17,,,,
contig_132,33,Protostomia,33317,0.7878787878787878,Bradysia,158.05,80.1,3.250009580141155e-08,1.1518026534110596e-07,136.84,150.25,2.6980174584e-10,4.268922843599224e-10
contig_1356,10,Hexapoda,6960,0.7,Bradysia,146.94,84.78,7.788371428571598e-07,2.0597893255517936e-06,97.2,13.86,2.00500316e-15,2.8354937236431987e-15
contig_1351,12,cellular organisms,131567,0.8333333333333334,Bradysia,210.42,169.38,5.340129235000001e-14,1.6886517301446059e-13,268.0,108.89,8.1e-57,1.1455129855222072e-56
contig_1368,2,Sciaroidea,41830,0.5,Contarinia nasturtii,171.0,,3.42e-40,,64.3,,3.37e-09,
contig_1367,7,Endopterygota,33392,0.5714285714285714,Bradysia,229.25,78.59,3.6e-32,7.2e-32,78.6,,1.37e-17,
contig_1355,11,Hexapoda,6960,0.6363636363636364,Bradysia,165.69,87.35,7.78571428629e-07,2.059906377874902e-06,177.67,95.26,1.7566666666704e-21,3.0426359186260945e-21
contig_1366,6,Hexapoda,6960,0.16666666666666666,Culicomorpha,112.0,,9.56e-24,,84.22,13.57,1.8801600000425e-13,3.0077784662748874e-13
contig_277,771,cellular organisms,131567,0.7120622568093385,Endopterygota,193.98,179.62,4.819176728571424e-06,5.6897667704945914e-05,159.35,134.65,9.577009742048244e-06,6.219486586267291e-05
contig_816,3,Nematocera,7148,1.0,Bradysia,264.33,251.17,4.2333336039999994e-23,7.33234818430405e-23,,,,
contig_131,53,cellular organisms,131567,0.6415094339622641,Endopterygota,166.56,102.84,3.502774513000335e-07,2.0407846397200855e-06,161.43,91.02,1.5750000000089094e-05,4.454772721471649e-05
contig_135,25,Panarthropoda,88770,0.84,Bradysia,207.5,160.95,2.3562304775285713e-08,1.021425939815921e-07,135.55,86.05,1.5300016574999999e-06,3.0599988950015956e-06
contig_133,38,Ecdysozoa,1206794,0.7105263157894737,Bradysia,212.74,128.05,3.6908196989582314e-16,1.8988635955072435e-15,123.72,162.43,1.8250253213684314e-05,5.1618692714195554e-05
contig_1339,33,Bilateria,33213,0.7575757575757576,Bradysia,201.11,261.65,3.8171611222354394e-10,1.444889372779366e-09,67.72,22.97,0.0001034930898,0.00023115746902704502
contig_817,8,Endopterygota,33392,0.875,Bradysia,253.29,130.92,3.8285774e-25,1.0129445243506776e-24,150.0,,1.77e-35,
contig_701,135,Arthropoda,6656,0.7481481481481481,Bradysia,217.58,230.94,5.660311884111216e-07,4.342588690355244e-06,126.06,73.83,2.2132802985000077e-05,8.730084064619162e-05
contig_819,16,Endopterygota,33392,0.6875,Bradysia,233.31,123.51,1.4454545851818181e-11,4.7940303656103976e-11,385.12,511.5,4.825016025e-17,9.649989316713976e-17
contig_827,5,Ecdysozoa,1206794,0.2,Nematocera,841.0,,5.33e-276,,52.55,2.47,3.615e-06,2.5102290732122436e-06
contig_818,15,Endopterygota,33392,0.7333333333333333,Bradysia,290.8,201.87,3.6818181818181815e-08,1.2211209455399427e-07,984.95,1278.52,2.395e-17,3.387041481883563e-17
contig_815,36,Arthropoda,6656,0.6111111111111112,Bradysia,249.4,168.14,3.187554546292273e-09,1.4118928899677392e-08,184.62,174.07,8.166820000262222e-06,2.4499942504152564e-05
contig_1530,1,Bradysia,35571,1.0,Bradysia,424.0,,3.46e-141,,,,,
contig_1541,1,Bradysia,35571,1.0,Bradysia,102.0,,8.33e-20,,,,,
contig_1535,4,Sciaridae,7184,0.75,Bradysia,338.33,196.02,9.666666666666667e-23,1.6743157806499146e-22,187.0,,1.12e-43,
contig_1534,5,Nematocera,7148,0.6,Bradysia,442.67,513.86,2.7245666666666666e-36,4.715883964150659e-36,271.0,,4.05e-71,
contig_1551,2,Bradysia,35571,1.0,Bradysia,241.5,16.26,1.1650016699999999e-73,1.6475564384280064e-73,,,,
contig_1552,2,Endopterygota,33392,0.5,Obtectomera,87.0,,4.81e-16,,149.0,,6.16e-35,
contig_1553,1,Bradysia,35571,1.0,Bradysia,182.0,,2.82e-52,,,,,
contig_1533,10,Neoptera,33340,0.7,Bradysia,135.5,58.99,9.700000000000123e-09,2.5663787717326477e-08,86.7,,7.42e-18,
contig_1556,3,Endopterygota,33392,1.0,Endopterygota,178.87,120.98,4.7e-10,8.140638795573724e-10,,,,
contig_1544,5,Sciaroidea,41830,0.8,Bradysia,144.32,53.12,5.125e-12,1.0249999999999999e-11,102.0,,3.45e-21,
contig_1545,12,Endopterygota,33392,0.8333333333333334,Bradysia,235.95,112.77,2.350136e-11,7.431304728157619e-11,131.5,36.06,6.7e-22,9.475230867899736e-22
contig_1558,6,Neoptera,33340,0,Pseudolycoriella hygida,,,,,75.9,34.21,0.00013500008599999998,0.00023382678454364925
contig_1559,5,Endopterygota,33392,0.2,Endopterygota,594.0,,1.61e-185,,67.8,,1.44e-12,
contig_157,2,Nematocera,7148,0.5,Nematocera,467.0,,1.13e-142,,62.4,,4.16e-09,
contig_1537,16,Neoptera,33340,0.6875,Bradysia,327.47,275.62,2.5146939363636366e-07,8.319875317765793e-07,196.13,112.33,2.453333333333333e-19,4.2492979812356456e-19
contig_1579,1,Endopterygota,33392,1.0,Endopterygota,249.0,,3.55e-78,,,,,
contig_1561,4,Nematocera,7148,0.75,Bradysia,179.6,101.6,6.5e-15,1.1258330249197702e-14,,,,
contig_1585,2,Endopterygota,33392,0.5,Bradysia,117.0,,5.34e-21,,82.0,,5.74e-19,
contig_1546,11,Neoptera,33340,0.9090909090909091,Bradysia,181.4,112.36,1.370732324e-15,4.2970181497004665e-15,110.0,,1.02e-24,
contig_149,303,cellular organisms,131567,0.693069306930693,Bradysia,173.21,154.36,2.646032931675962e-06,2.5188536249862915e-05,171.69,108.01,1.2524200002027993e-05,8.647875232206643e-05
contig_1586,3,Diptera,7147,0.3333333333333333,Pseudolycoriella hygida,154.0,,9.85e-35,,240.5,19.09,1.37e-64,1.9374725804511403e-64
contig_1588,3,Bradysia,35571,0.6666666666666666,Bradysia,94.5,7.78,7.87e-19,9.800499987245549e-19,,,,
contig_1589,2,Bradysia,35571,1.0,Bradysia,255.0,43.84,1.06e-69,1.4990663761154807e-69,,,,
contig_1598,1,Sciaroidea,41830,1.0,Sciaroidea,127.0,,9.63e-36,,,,,
contig_1599,1,Sciaroidea,41830,1.0,Sciaroidea,108.0,,1.04e-25,,,,,
contig_1528,29,Protostomia,33317,0.6551724137931034,Bradysia,221.43,149.89,6.953684210542689e-08,2.9327891201703215e-07,257.96,147.44,7.800000000000001e-24,1.744133022449836e-23
contig_155,20,Arthropoda,6656,0.7,Nematocera,193.36,156.49,5.102216429507755e-09,1.2612656421691774e-08,91.07,59.73,6.368733333333333e-07,1.102560079149129e-06
contig_1601,2,Bradysia,35571,1.0,Bradysia,131.1,74.81,7.65e-14,1.0818733752154178e-13,,,,
contig_1540,23,Protostomia,33317,0.7391304347826086,Bradysia,206.74,110.14,3.905882359117652e-05,0.0001610436550082087,83.4,47.12,7.466666711666667e-05,0.00012932645990876475
contig_1595,5,Bradysia,35571,0.8,Bradysia,359.0,153.98,3.585e-78,5.60602949213315e-78,,,,
contig_1603,1,Unassigned,,0,,,,,,,,,
contig_1602,1,Sciaroidea,41830,1.0,Sciaroidea,106.0,,7.34e-21,,,,,
contig_1596,6,Bradysia,35571,1.0,Bradysia,240.67,194.8,3.613166666666667e-15,8.427132380986231e-15,,,,
contig_1536,19,Hexapoda,6960,0.5789473684210527,Bradysia,444.44,333.38,3.028290909090909e-13,1.0039990643965216e-12,194.86,211.52,3.5448000000208e-08,7.582402996399998e-08
contig_1606,2,Endopterygota,33392,1.0,Endopterygota,151.0,16.97,1.5350000147e-34,2.1708177974537615e-34,,,,
contig_1600,5,Endopterygota,33392,0.8,Bradysia,129.38,71.21,3.175e-05,6.35e-05,99.8,,2.64e-20,
contig_1607,2,Endopterygota,33392,1.0,Endopterygota,110.0,67.88,6.6e-08,9.333809511662427e-08,,,,
contig_1615,4,cellular organisms,131567,0.75,Bradysia,327.67,218.29,1.9066666666666664e-40,3.3024435397646596e-40,88.6,,3.51e-14,
contig_1608,4,Endopterygota,33392,0.75,Bradysia,87.17,6.77,7.127666672666666e-12,1.2015319230259149e-11,382.0,,1.41e-110,
contig_1590,14,Endopterygota,33392,0.6428571428571429,Bradysia,247.81,135.08,9.966666666666667e-08,2.99e-07,171.6,60.77,2.2461599999999996e-23,5.0053664928754206e-23
contig_1582,17,Endopterygota,33392,0.8823529411764706,Bradysia,169.69,95.75,5.726666813868793e-07,2.2179284588558905e-06,70.1,17.39,1.5050000000356e-06,2.128391411321162e-06
contig_1616,4,Sciaridae,7184,0.5,Bradysia,312.25,363.1,8.85e-05,0.00012515790027001891,141.0,,1.27e-34,
contig_1614,8,Arthropoda,6656,0.75,Endopterygota,151.77,79.98,8.583514999999999e-13,2.10246979652824e-12,60.8,,1.6e-09,
contig_151,308,cellular organisms,131567,0.6785714285714286,Endopterygota,173.04,119.13,2.2303272230396959e-07,1.6191093881883308e-06,167.54,135.72,1.0014449732890884e-05,5.938223622329086e-05
contig_1624,4,Bradysia,35571,1.0,Bradysia,347.0,273.06,5.825e-37,1.165e-36,,,,
contig_1626,2,Sciaroidea,41830,1.0,Sciaroidea,112.0,49.5,3.94e-15,5.572001435749995e-15,,,,
contig_1617,3,Nematocera,7148,1.0,Bradysia,145.1,79.16,1.4540000000000001e-18,2.2453213578461326e-18,,,,
contig_1623,5,Sciaroidea,41830,1.0,Bradysia,211.12,154.04,2.4600000000000096e-10,5.500727224649477e-10,,,,
contig_1620,10,Bradysia,35571,0.8,Bradysia,134.11,150.74,9.729132870327501e-05,0.00027223138000331663,,,,
contig_1628,1,Bradysia,35571,1.0,Bradysia,106.0,,3.52e-19,,,,,
contig_1622,7,Sciaridae,7184,0.42857142857142855,Bradysia,167.33,88.91,3.130666666666667e-25,4.9772564062275655e-25,481.1,583.93,8.45e-12,1.1950104602052654e-11
contig_1631,1,Endopterygota,33392,1.0,Endopterygota,74.3,,2.6e-13,,,,,
contig_1641,1,Pseudolycoriella hygida,35572,0,Pseudolycoriella hygida,,,,,80.5,,1.07e-13,
contig_1604,18,Endopterygota,33392,0.6111111111111112,Bradysia,281.29,157.4,4.1272727272727275e-14,1.3688615043830466e-13,51.2,,0.000615,
contig_1639,12,Protostomia,33317,0.8333333333333334,Bradysia,194.35,171.93,1.66000011600768e-08,5.249380875118579e-08,134.5,44.55,9.45e-24,1.3364318164425747e-23
contig_1605,20,Hexapoda,6960,0.75,Bradysia,234.33,115.03,2.0200156666672185e-15,7.823422025520134e-15,229.5,108.19,3.32e-40,4.6951890270786755e-40
contig_1630,11,Bradysia,35571,0.6363636363636364,Bradysia,163.79,88.02,7.471428724374856e-14,1.9767541870939616e-13,,,,
contig_1653,1,Contarinia nasturtii,265458,0,Contarinia nasturtii,,,,,51.6,,0.000934,
contig_1629,13,Diptera,7147,0.7692307692307693,Bradysia,118.89,57.75,2.3490000000000004e-05,6.568782146554177e-05,,,,
contig_1646,9,Sciaroidea,41830,0.8888888888888888,Bradysia,265.04,120.37,3.6000000000005774e-17,1.018233764908605e-16,395.0,,2.61e-131,
contig_1645,10,Sciaroidea,41830,0.9,Bradysia,273.89,123.32,5.288888888888889e-18,1.5866666666666665e-17,306.0,,1.69e-94,
contig_1655,1,Pseudolycoriella hygida,35572,0,Pseudolycoriella hygida,,,,,114.0,,3.93e-24,
contig_1634,13,cellular organisms,131567,0.6923076923076923,Bradysia,376.0,228.57,9.36666666666667e-28,2.81e-27,78.68,20.89,1.1937812500000155e-09,2.3509551480351276e-09
contig_1658,2,cellular organisms,131567,0.5,Xanthomonas citri pv. citri,487.0,,6.51e-162,,113.0,,3.89e-28,
contig_1647,10,Ecdysozoa,1206794,0.9,Bradysia,240.94,233.98,1.0544503817777778e-07,3.1633311068822007e-07,,,,
contig_1659,2,Nematocera,7148,0.5,Nematocera,69.3,,5.7e-10,,,,,
contig_1649,8,cellular organisms,131567,0.625,Bradysia,187.82,126.73,4.72e-07,1.0554240853799007e-06,77.55,31.75,3.860000000000003e-09,5.4588643507601435e-09
contig_1560,54,Endopterygota,33392,0.7037037037037037,Bradysia,235.56,175.61,8.078947506862429e-08,4.980197626407898e-07,166.96,83.51,7.27727604545456e-17,2.372436782496387e-16
contig_1663,4,Endopterygota,33392,1.0,Bradysia,220.42,204.47,8.62500000001125e-16,1.7249999999992502e-15,,,,
contig_1648,12,Endopterygota,33392,0.5833333333333334,Bradysia,308.71,141.8,1.1700000972857142e-30,3.095528991046614e-30,105.0,,3.3e-23,
contig_1670,2,Endopterygota,33392,1.0,Endopterygota,109.0,7.07,3.232e-21,4.352949344984386e-21,,,,
contig_1666,3,Sciaridae,7184,0.3333333333333333,Pseudolycoriella hygida,191.0,,8.86e-61,,254.75,246.43,9.45e-14,1.3364318164425748e-13
contig_1662,5,Endopterygota,33392,1.0,Bradysia,158.98,96.62,2.0400000212e-07,4.561578662248411e-07,,,,
contig_1640,19,Protostomia,33317,0.7368421052631579,Bradysia,172.15,133.68,6.958826542871214e-09,2.603076079791423e-08,87.48,53.14,1.3069840000000002e-07,2.608679405606855e-07
contig_1673,2,Endopterygota,33392,0.5,Bradysia,185.0,,6.98e-44,,188.0,,1.45e-56,
contig_1692,3,Bradysia,35571,1.0,Bradysia,212.0,95.36,9.700000001483334e-35,1.6800892832133506e-34,,,,
contig_1593,36,cellular organisms,131567,0.8333333333333334,Bradysia,384.82,320.47,9.263333333333473e-07,3.976392823283114e-06,217.24,195.81,1.8460000000000003e-07,4.127781486464612e-07
contig_1665,7,Sciaridae,7184,0.7142857142857143,Bradysia,236.82,173.14,2.3600000296e-11,5.2771204103526015e-11,80.5,,1.91e-13,
contig_1697,2,Bradysia,35571,0.5,Bradysia,120.0,,2.55e-28,,,,,
contig_1696,4,Nematocera,7148,0.75,Nematocera,254.67,52.54,4.166666666666667e-54,7.216878364870322e-54,,,,
contig_1633,24,Eukaryota,2759,0.7083333333333334,Bradysia,345.96,345.5,6.415758823529473e-09,2.6435356263748794e-08,175.8,252.67,7.2940043400111995e-06,1.2953401130976759e-05
contig_1698,1,Pseudolycoriella hygida,35572,0,Pseudolycoriella hygida,,,,,135.0,,4.53e-31,
contig_1672,9,Arthropoda,6656,0.7777777777777778,Bradysia,241.69,149.11,3.3285714285714286e-05,8.806572221114994e-05,87.0,,1.94e-19,
contig_1671,9,Endopterygota,33392,0.7777777777777778,Bradysia,212.74,193.14,1.6428571428642323e-07,4.3465914396029874e-07,254.0,,1.94e-70,
contig_1693,5,Bradysia,35571,1.0,Bradysia,156.16,77.19,1.0173260000000007e-17,2.2711056231227993e-17,,,,
contig_1664,14,Protostomia,33317,0.5714285714285714,Endopterygota,135.3,47.09,5.550000017397737e-13,1.5697770535311604e-12,554.6,874.18,4.573866666666667e-05,7.90347068403074e-05
contig_16,51,Pancrustacea,197562,0.7450980392156863,Bradysia,186.72,122.33,3.5552696101785623e-06,2.173356502888821e-05,121.15,64.33,9.671901980000069e-05,0.0003057855726902086
contig_1681,18,Bilateria,33213,0.7222222222222222,Endopterygota,110.48,71.2,1.2897231949530808e-06,4.600328611497973e-06,71.1,23.12,0.00013416808501236,0.0002973104650112242
contig_1657,29,Endopterygota,33392,0.8275862068965517,Bradysia,213.85,124.89,4.776047687502491e-10,1.912595035284895e-09,112.86,49.55,3.69600872e-12,6.280684630482587e-12
contig_84,1,Endopterygota,33392,1.0,Endopterygota,89.4,,2.96e-16,,,,,
contig_841,1,Bradysia,35571,1.0,Bradysia,186.0,,8.56e-55,,,,,
contig_850,2,Ecdysozoa,1206794,0.5,Diptera,200.0,,5.27e-48,,86.7,,4.28e-19,
contig_85,2,Bradysia,35571,1.0,Bradysia,272.0,162.63,2.6e-34,3.676955262170047e-34,,,,
contig_847,7,Ecdysozoa,1206794,0.7142857142857143,Bradysia,128.66,92.38,2.762e-06,5.174815938755696e-06,,,,
contig_836,12,Diptera,7147,0.3333333333333333,Pseudolycoriella hygida,246.38,312.49,6.6000000021175005e-06,1.3199999998588334e-05,236.62,174.15,3.388303750001185e-24,9.58097238523704e-24
contig_852,4,Neoptera,33340,0.25,Bradysia,827.0,,5.42e-236,,53.5,,9.4e-06,
contig_855,4,Endopterygota,33392,0,Diabrotica,,,,,197.5,7.78,4.6600003389999994e-55,6.590234721240225e-55
contig_839,12,Endopterygota,33392,0.6666666666666666,Bradysia,193.0,106.02,1.756250000000005e-16,4.0369222275675e-16,129.48,121.6,4.1501605009475e-07,8.299893004885963e-07
contig_1699,38,Endopterygota,33392,0.6842105263157895,Bradysia,211.95,163.64,8.413864017923076e-09,3.334643657100444e-08,214.34,152.08,2.0222222224088888e-08,6.066666666596667e-08
contig_857,2,Sciaridae,7184,0.5,Pseudolycoriella hygida,396.0,,1.38e-126,,133.0,,1.99e-27,
contig_856,4,Endopterygota,33392,0.5,Endopterygota,159.05,132.87,1.465e-10,2.0718228688765844e-10,135.5,12.02,7.5501255e-32,1.067713491211479e-31
contig_859,2,Sciaridae,7184,0.5,Bradysia,54.3,,2.82e-06,,150.0,,4.3e-34,
contig_858,4,Endopterygota,33392,0.75,Endopterygota,132.63,81.73,2.700000000059333e-10,4.676537180384584e-10,56.2,,2.8e-09,
contig_843,16,Protostomia,33317,0.8125,Bradysia,492.31,664.07,7.407692307692308e-37,2.670881444824478e-36,93.13,49.93,7.866666666666703e-05,0.00013625466352875135
contig_868,1,Bradysia,35571,1.0,Bradysia,97.4,,1.47e-16,,,,,
contig_866,4,Endopterygota,33392,0.75,Bradysia,148.0,36.35,9.566666666701001e-23,1.6569952725712527e-22,209.0,,5.58e-59,
contig_861,5,Endopterygota,33392,1.0,Endopterygota,168.28,95.73,3.8e-06,8.497058314499202e-06,,,,
contig_870,2,Ditrysia,37567,0,Ditrysia,,,,,136.0,,4.59e-38,
contig_837,20,Nematocera,7148,0.9,Bradysia,274.16,223.64,4.633333642777793e-10,1.965756843975889e-09,65.5,,3.52e-12,
contig_871,1,Sciaroidea,41830,1.0,Sciaroidea,318.0,,1.52e-88,,,,,
contig_867,4,Endopterygota,33392,0.75,Endopterygota,119.37,40.02,1.2e-13,2.0784609690826528e-13,,,,
contig_862,8,Endopterygota,33392,0.5,Pseudolycoriella hygida,222.25,82.87,4.225e-31,8.45e-31,124.95,83.51,1.13e-11,1.5980613254815974e-11
contig_877,2,Sciaridae,7184,0.5,Bradysia,291.0,,2.05e-81,,90.5,,1.05e-13,
contig_865,9,Endopterygota,33392,0.6666666666666666,Bradysia,184.47,141.86,6.416739000000003e-11,1.5717523747865817e-10,90.2,32.24,7.950000000000002e-12,1.1242997820866103e-11
contig_876,4,Nematocera,7148,0.5,Bradysia,302.5,28.99,2.555e-82,3.613315651863258e-82,74.15,8.41,1.8505e-12,2.106471101154725e-12
contig_880,1,Bradysia,35571,1.0,Bradysia,119.0,,2.03e-26,,,,,
contig_878,3,Sciaridae,7184,0.3333333333333333,Pseudolycoriella hygida,447.0,,2.33e-135,,78.2,15.84,3.6692e-11,5.163010873511695e-11
contig_879,6,Bradysia,35571,0.8333333333333334,Bradysia,393.6,310.6,1.0194200000000001e-32,2.2477085402694007e-32,,,,
contig_848,28,Ecdysozoa,1206794,0.8571428571428571,Bradysia,266.15,213.25,4.080833372291671e-13,1.4980867182919302e-12,85.1,7.07,5.947e-19,7.853127911857797e-19
contig_869,15,Sciaridae,7184,1.0,Bradysia,285.82,178.15,2.3466666666666663e-10,9.088600919100071e-10,,,,
contig_883,11,Hexapoda,6960,0.5454545454545454,Bradysia,121.78,46.04,1.3468033333333332e-08,3.298579250536005e-08,117.0,,1.9e-26,
contig_872,15,Arthropoda,6656,0.4666666666666667,Bradysia,331.03,354.53,1.427142857142857e-17,3.77586508536218e-17,227.9,96.75,2.4333333333333333e-12,5.9604250407724e-12
contig_884,10,Endopterygota,33392,0.7,Bradysia,199.26,126.95,2.1571428572068572e-08,5.7072635424111094e-08,,,,
contig_893,2,Bradysia,35571,1.0,Bradysia,271.5,136.47,5.65e-45,7.990306627407988e-45,,,,
contig_895,1,Bradysia,35571,1.0,Bradysia,331.0,,2.7e-94,,,,,
contig_844,39,Hexapoda,6960,0.6923076923076923,Bradysia,218.19,172.84,1.2483829656980372e-06,6.189430442826843e-06,264.85,124.14,1.355e-20,2.7100000000000003e-20
contig_899,3,Bradysia,35571,1.0,Bradysia,121.77,47.26,1.0166666666666667e-12,1.7609183210283587e-12,,,,
contig_898,3,Bradysia,35571,0.6666666666666666,Bradysia,466.5,243.95,1.305e-94,1.8455486988968891e-94,,,,
contig_88,18,Endopterygota,33392,0.7777777777777778,Bradysia,117.29,46.44,1.2285572405042914e-07,4.568192872252354e-07,96.0,52.54,0.00012666666666668791,0.00021939310229203941
contig_897,3,Bradysia,35571,1.0,Bradysia,289.33,147.55,2.0133333333333334e-36,3.48719562590534e-36,,,,
contig_89,13,Endopterygota,33392,0.6923076923076923,Nematocera,175.47,136.01,2.7558666670049786e-07,8.266550051738768e-07,296.0,187.46,1.065e-15,2.13e-15
contig_845,42,Neoptera,33340,0.6666666666666666,Bradysia,265.58,190.92,2.0618768252625054e-07,1.0884477145905053e-06,141.23,160.74,5.34638635187691e-06,1.9275761975643312e-05
contig_881,25,Opisthokonta,33154,0.84,Bradysia,266.7,220.24,6.285774285747872e-06,2.880474776472522e-05,83.95,4.88,2.4909999999999998e-14,3.081571352410974e-14
contig_900,2,Bradysia,35571,1.0,Bradysia,107.95,38.25,6.85e-12,9.687362902255701e-12,,,,
contig_902,5,Neoptera,33340,0.6,Bradysia,167.87,83.37,1.1233333333333333e-11,1.9456704071690387e-11,203.3,207.47,1.545e-07,2.1849599538664318e-07
contig_901,9,Neoptera,33340,0.6666666666666666,Bradysia,190.23,157.44,4.133333333334882e-09,1.0124557603503043e-08,56.6,,3.09e-07,
contig_9,19,Eukaryota,2759,0.42105263157894735,Endopterygota,99.04,45.92,1.5195375201127208e-08,4.275197831508711e-08,153.66,68.15,3.1800224108000003e-10,1.0056035085229353e-09
contig_905,12,Hexapoda,6960,0.5833333333333334,Bradysia,181.0,168.23,4.3238771430981433e-19,1.0033512646288222e-18,85.02,37.35,1.5256525e-05,3.049565248199323e-05
contig_896,34,Eukaryota,2759,0.5588235294117647,Bradysia,332.8,281.8,4.952105264904858e-16,2.077931465485799e-15,234.56,316.31,5.810703344444654e-08,1.7396001052816145e-07
contig_909,17,Endopterygota,33392,0.7058823529411765,Bradysia,173.79,159.76,2.3083543445750124e-07,7.996294611779339e-07,68.3,23.3,4.5453333333333334e-05,7.160961201775452e-05
contig_910,16,Hexapoda,6960,0.6875,Bradysia,272.37,277.45,5.694090920288182e-07,1.8873557797899179e-06,177.57,90.3,1.5733333333387e-24,2.7250932705703858e-24
contig_886,45,cellular organisms,131567,0.7555555555555555,Bradysia,235.31,287.46,1.4212802657882383e-07,7.816293287871924e-07,133.85,144.76,1.7658706942077699e-06,5.3559870135456665e-06
contig_917,1,Bradysia,35571,1.0,Bradysia,117.0,,5.09e-22,,,,,
contig_913,11,Diptera,7147,0.7272727272727273,Bradysia,456.66,375.66,1.445875e-06,4.062547632687787e-06,163.0,22.63,5.650000764999999e-38,7.990305545534612e-38
contig_885,51,cellular organisms,131567,0.7254901960784313,Bradysia,244.16,270.63,4.421992281219243e-11,1.8971840324519022e-10,99.4,80.1,5.625538284001615e-07,1.4105329066716834e-06
contig_915,9,Endopterygota,33392,0.6666666666666666,Bradysia,407.52,369.84,1.4016666666666668e-08,3.4333681228010876e-08,95.45,27.65,1.2950000000000005e-13,1.8314065632731576e-13
contig_912,20,cellular organisms,131567,0.65,Bradysia,152.05,99.18,7.715519234043077e-06,1.904549360828992e-05,168.34,91.04,5.74226208e-22,1.2833766581883496e-21
contig_911,22,cellular organisms,131567,0.7727272727272727,Bradysia,192.73,139.07,2.547647061233765e-06,7.1096040047669775e-06,221.18,149.11,7.475000003025e-18,1.4949999997983334e-17
contig_906,18,Arthropoda,6656,0.6666666666666666,Bradysia,228.27,254.96,1.9620233889166664e-06,6.78271394402061e-06,78.97,20.46,2.4133342600000018e-08,4.1800151464162464e-08
contig_916,10,Pancrustacea,197562,1.0,Bradysia,182.24,120.83,7.430860000385e-07,2.3425219798107395e-06,,,,
contig_918,9,Endopterygota,33392,0.8888888888888888,Bradysia,257.39,123.08,7.348874999999999e-15,2.070868958699981e-14,52.8,,4.88e-05,
contig_914,15,Nematocera,7148,0.6666666666666666,Bradysia,309.71,218.46,8.41e-09,2.6594755122016074e-08,94.62,41.42,2.60000825000192e-06,5.19999450002199e-06
contig_91,34,Opisthokonta,33154,0.6764705882352942,Endopterygota,172.93,177.12,4.205386640994055e-06,2.0163117984261497e-05,138.16,99.26,1.55002355165e-08,4.384052527339833e-08
contig_10,2,Endopterygota,33392,0.5,Bactrocera tryoni,64.3,,6.43e-09,,545.0,,4.64e-174,
contig_1002,1,Bradysia,35571,1.0,Bradysia,103.0,,5.58e-17,,,,,
contig_1001,3,Sciaridae,7184,1.0,Sciaridae,114.83,25.87,2.4333333333384668e-17,4.214656965079823e-17,,,,
contig_1000,3,Endopterygota,33392,1.0,Bradysia,128.67,23.16,4.900000271000013e-24,8.487048722394611e-24,,,,
contig_1017,1,Pseudolycoriella hygida,35572,0,Pseudolycoriella hygida,,,,,166.0,,1.42e-38,
contig_1016,1,Pseudolycoriella hygida,35572,0,Pseudolycoriella hygida,,,,,146.0,,2.84e-32,
contig_1018,3,Endopterygota,33392,1.0,Endopterygota,295.33,171.7,1.0399999999999999e-26,1.8013328398716323e-26,,,,
contig_1019,2,Bradysia,35571,1.0,Bradysia,219.5,133.64,1.96e-32,2.771858582251266e-32,,,,
contig_102,3,Endopterygota,33392,1.0,Endopterygota,190.27,180.77,8.159999999999999e-16,8.004798560863353e-16,,,,
contig_840,101,cellular organisms,131567,0.693069306930693,Bradysia,229.38,187.2,2.844628803681847e-07,2.3784836017569335e-06,171.52,166.2,7.552655000447253e-07,2.4876763641150696e-06
contig_1028,2,Sciaridae,7184,0.5,Pseudolycoriella hygida,751.0,,2.93e-228,,162.0,,6.43e-37,
contig_1008,5,Endopterygota,33392,1.0,Bradysia,124.16,49.12,4.5000001628e-07,1.0062305807741093e-06,,,,
contig_1,12,Endopterygota,33392,0.5833333333333334,Bradysia,189.93,108.84,1.3728571428571429e-05,3.6322385856186746e-05,191.0,117.38,3.07e-22,4.341635636485402e-22
contig_1027,3,Nematocera,7148,1.0,Bradysia,315.93,381.93,6.433333333333333e-08,1.1142860195359779e-07,,,,
contig_1010,5,Endopterygota,33392,0.8,Endopterygota,224.22,221.65,1.0075505e-10,2.0149663355833845e-10,,,,
contig_1032,4,Endopterygota,33392,0.75,Bradysia,71.37,2.66,5.658246666666667e-10,9.73570771225869e-10,67.0,,9.42e-10,
contig_103,6,Opisthokonta,33154,0.6666666666666666,Endopterygota,81.25,10.62,5.0271208503800004e-11,1.0048586880592551e-10,134.5,10.61,4.3350000007100005e-27,6.130615791883276e-27
contig_1031,6,Hexapoda,6960,0.6666666666666666,Bradysia,95.6,57.23,2.34003535e-08,4.6799764336251195e-08,390.0,118.79,4.315e-94,6.102331521639905e-94
contig_104,3,Opisthokonta,33154,1.0,Endopterygota,280.27,345.36,3.4333333333333336e-14,4.427102137214968e-14,,,,
contig_1037,4,Nematocera,7148,0.75,Bradysia,155.4,82.96,1.5866666666666666e-10,2.748187281342619e-10,,,,
contig_13,326,cellular organisms,131567,0.6932515337423313,Endopterygota,157.46,120.17,4.442765970860957e-06,3.954805220382584e-05,176.98,108.2,4.413335542751237e-07,3.5459381784426543e-06
contig_1042,8,Bradysia,35571,0.75,Bradysia,398.03,463.17,1.80000001070605e-10,4.4090815317648487e-10,,,,
contig_1044,5,Bradysia,35571,0.6,Bradysia,201.77,103.22,4.0333333333333335e-13,6.985938257194473e-13,,,,
contig_1043,6,Endopterygota,33392,0.8333333333333334,Bradysia,307.4,102.67,2.38e-52,5.321841786449499e-52,,,,
contig_1045,4,Endopterygota,33392,1.0,Bradysia,208.75,71.8,1.7075827499999998e-33,3.414944836898089e-33,,,,
contig_1006,20,Hexapoda,6960,0.85,Bradysia,289.46,218.8,2.9500000043704705e-16,1.1115670243966515e-15,82.8,,2.29e-16,
contig_1033,18,Endopterygota,33392,0.7777777777777778,Bradysia,281.97,222.15,4.435714545000001e-19,1.3928918757125596e-18,167.75,49.62,6.3525000000000004e-27,1.1783761071915877e-26
contig_1024,27,cellular organisms,131567,0.8148148148148148,Bradysia,291.4,236.14,1.117638380168182e-06,5.200342488388164e-06,97.77,33.68,6.8666671533333325e-12,1.1893415123840616e-11
contig_1048,6,Endopterygota,33392,0.8333333333333334,Bradysia,154.02,92.4,8.580000085199999e-10,1.918546319931995e-09,,,,
contig_1055,1,Bradysia,35571,1.0,Bradysia,50.4,,1.61e-05,,,,,
contig_1025,27,Protostomia,33317,0.7037037037037037,Bradysia,299.62,186.21,3.0842109831773685e-07,1.3443761894180983e-06,96.24,35.07,1.1240005564420001e-09,2.5133400956495176e-09
contig_1052,5,Arthropoda,6656,0.6,Endopterygota,96.43,20.74,1.5700000023666667e-13,2.7193197658335437e-13,93.95,2.19,2.93055e-16,4.142867920293863e-16
contig_1026,25,Neoptera,33340,0.76,Bradysia,218.49,137.98,4.913221052694737e-07,2.1355479937242996e-06,117.7,102.71,9.7333645e-06,1.685860086927681e-05
contig_1053,6,Endopterygota,33392,0.6666666666666666,Pseudolycoriella hygida,124.75,80.96,3.5544925e-15,7.097007021054134e-15,92.05,1.06,2.170226e-16,3.06852381808452e-16
contig_1049,9,Hexapoda,6960,0.6666666666666666,Bradysia,181.17,101.94,1.1280000001866666e-15,2.5498548977333314e-15,178.0,,1.38e-46,
contig_1063,7,Pancrustacea,197562,0.42857142857142855,Pseudolycoriella hygida,234.0,129.5,1.01e-22,1.749371315644566e-22,78.07,24.84,4.933333333370292e-06,8.544783983974455e-06
contig_1064,8,Hexapoda,6960,0.5,Bradysia,327.0,90.56,1.647500237e-66,3.29499984200003e-66,143.68,61.71,4.25e-09,8.5e-09
contig_1062,11,Endopterygota,33392,0.8181818181818182,Bradysia,135.62,90.75,5.38893954879589e-09,1.0763154597176877e-08,101.5,17.68,4.725000000000135e-17,6.682159082212683e-17
contig_1036,17,Endopterygota,33392,0.7647058823529411,Bradysia,125.29,107.87,2.468323076985439e-06,7.984194888857375e-06,59.8,9.36,0.0002736800007533333,0.00047399302376879257
contig_1067,5,Arthropoda,6656,0.6,Bradysia,190.6,149.45,2.3966666666666664e-13,4.1511484354734096e-13,51.2,,1.38e-07,
contig_107,4,Nematocera,7148,0.75,Bradysia,161.53,175.42,1.6144500000000003e-07,2.793408743363563e-07,,,,
contig_1034,34,cellular organisms,131567,0.7647058823529411,Bradysia,231.57,140.04,1.3653846298500007e-08,6.962122794455161e-08,227.5,76.87,1.933333333340167e-29,4.735680169377464e-29
contig_1057,23,Sciaridae,7184,0.8260869565217391,Bradysia,334.65,255.91,4.484210526317258e-18,1.9546220525771505e-17,109.2,13.84,1.5833333846756334e-15,2.7424137341869874e-15
contig_1058,23,Endopterygota,33392,0.8260869565217391,Bradysia,308.79,229.82,1.2000000000000033e-07,5.230678732248807e-07,219.5,19.09,1.0700000000008351e-53,1.513208511738031e-53
contig_1068,16,Bilateria,33213,0.75,Bradysia,122.87,88.07,1.692807550000692e-07,5.859746890506877e-07,89.1,15.41,7.950000001895e-14,1.1242997818186172e-13
contig_1070,7,Neoptera,33340,0.8571428571428571,Bradysia,216.27,281.31,8.979588333333333e-06,2.0293037805533617e-05,163.0,,5.89e-49,
contig_1073,6,Sciaridae,7184,0.6666666666666666,Bradysia,183.25,105.1,1.725e-11,3.45e-11,160.0,,1.45e-38,
contig_1076,1,Neoptera,33340,1.0,Neoptera,106.0,,1.02e-26,,,,,
contig_1077,1,Unassigned,,0,,,,,,,,,
contig_148,614,cellular organisms,131567,0.6742671009771987,Bradysia,200.61,152.32,5.598046591535036e-07,7.7350334287857e-06,147.96,122.03,2.7049323759687674e-05,0.00011782077250191941
contig_1074,5,Bradysia,35571,0.8,Bradysia,249.75,110.04,1.882500000000029e-36,3.7649999999999814e-36,,,,
contig_1069,9,Neoptera,33340,0.8888888888888888,Bradysia,349.54,330.76,5.84720375e-06,1.5144384271145278e-05,163.0,,5.89e-49,
contig_105,44,Endopterygota,33392,0.6590909090909091,Bradysia,216.75,148.11,2.139207506875756e-08,1.1208435718296969e-07,198.28,100.75,3.529864718181818e-18,1.1697783627828086e-17
contig_1082,5,Endopterygota,33392,0.8,Bradysia,195.98,121.42,5.3e-14,1.06e-13,,,,
contig_1083,4,Bradysia,35571,0.75,Bradysia,202.13,119.83,9.133333333333333e-17,1.5819397375795747e-16,,,,
contig_1072,18,Bilateria,33213,0.6666666666666666,Bradysia,234.21,233.61,2.8858333333333332e-08,5.821468821734275e-08,113.48,83.95,2.5410644e-05,5.679018006215229e-05
contig_145,719,cellular organisms,131567,0.7009735744089013,Bradysia,222.25,200.59,5.451671568474849e-06,5.6354007424385437e-05,191.98,238.45,1.016440356395822e-05,4.893069316450638e-05
contig_106,45,Opisthokonta,33154,0.6,Bradysia,247.33,206.51,7.250574545704575e-09,3.672791529911549e-08,155.61,89.76,5.280037933333792e-05,0.00020449341574559491
contig_136,334,cellular organisms,131567,0.6676646706586826,Bradysia,238.64,197.36,3.6937810987192953e-07,2.5308360079323485e-06,150.85,100.6,3.2036887237247385e-05,0.0001522730046134523
contig_1065,44,Endopterygota,33392,0.7045454545454546,Bradysia,344.9,328.2,1.5958751614220072e-07,8.580360445188659e-07,179.08,147.06,1.6914177789333332e-05,5.065721108780738e-05
contig_111,7,Endopterygota,33392,0.5714285714285714,Endopterygota,167.72,78.1,7.85e-18,1.57e-17,73.4,6.79,1.240000525e-08,1.7536240748805176e-08
contig_1056,51,cellular organisms,131567,0.8431372549019608,Bradysia,257.46,209.69,2.450607761652473e-07,1.522272592250886e-06,173.94,171.3,8.240000000000322e-05,0.00018425200134598085
contig_1109,12,Diptera,7147,0.75,Bradysia,177.78,125.86,3.934013429000324e-08,1.1799745137705344e-07,121.85,94.96,0.0001105,0.000156270598642227
contig_1117,2,Bradysia,35571,1.0,Bradysia,191.0,49.5,5.5e-39,7.778174593052024e-39,,,,
contig_1120,2,Diptera,7147,1.0,Bradysia,337.5,296.28,1.81e-35,2.559726547895302e-35,,,,
contig_1110,13,Endopterygota,33392,0.5384615384615384,Bradysia,246.23,135.6,1.3300000000041572e-09,3.518849243714073e-09,156.15,82.37,1.3950515e-17,2.7899656683566916e-17
contig_114,1,Culicidae,7157,0,Culicidae,,,,,277.0,,4.67e-71,
contig_1066,43,Panarthropoda,88770,0.6976744186046512,Bradysia,188.74,147.69,3.651164337064333e-06,1.8978042548821397e-05,402.02,617.83,1.1986e-13,2.5627406813799944e-13
contig_108,22,Endopterygota,33392,0.8181818181818182,Bradysia,187.67,154.95,3.718905401800013e-08,1.5743000250554937e-07,122.2,113.5,5.534666666666667e-07,9.582859976715372e-07
contig_1138,2,Endopterygota,33392,0.5,Cucujiformia,157.0,,3.47e-39,,275.0,,1.3e-89,
contig_109,14,Endopterygota,33392,0.7142857142857143,Bradysia,205.52,189.21,3.2127218300109025e-08,1.0114859994472647e-07,175.25,148.14,1.4e-12,1.9798989873223334e-12
contig_1126,5,Endopterygota,33392,0.6,Endopterygota,138.97,84.83,4.5333333333333337e-10,7.851963660978911e-10,89.1,60.67,6.6e-05,9.333809511662427e-05
contig_1113,7,Neoptera,33340,0.7142857142857143,Bradysia,341.2,80.95,4.96000000934e-82,1.109089716317774e-81,55.8,,1.04e-08,
contig_1143,1,Endopterygota,33392,1.0,Endopterygota,339.0,,1.14e-102,,,,,
contig_1145,1,Pseudolycoriella hygida,35572,0,Pseudolycoriella hygida,,,,,71.2,,2.24e-08,
contig_1144,2,Neoptera,33340,1.0,Endopterygota,127.65,72.62,1.56e-14,2.2061731573020285e-14,,,,
contig_1148,2,Opisthokonta,33154,0.5,Erysiphe pulchra,80.9,,8.28e-17,,69.3,,3.24e-12,
contig_1154,1,Sciaridae,7184,1.0,Sciaridae,71.6,,2e-10,,,,,
contig_1146,6,Neoptera,33340,1.0,Bradysia,166.73,140.71,8.850442983333334e-12,2.1677767232639594e-11,,,,
contig_1156,2,Opisthokonta,33154,0.5,Bradysia,461.0,,3.33e-148,,160.0,,2.74e-46,
contig_1071,37,Bilateria,33213,0.7837837837837838,Bradysia,221.12,230.98,3.183121421582781e-06,1.640286544348686e-05,129.78,54.11,1.0040000186399998e-09,2.245012238989712e-09
contig_1111,22,Bilateria,33213,0.6363636363636364,Bradysia,359.26,264.93,3.3501185714285716e-12,1.2534518126292973e-11,176.9,206.16,2.162500253754325e-05,6.116473554731446e-05
contig_113,14,Endopterygota,33392,0.35714285714285715,Pseudolycoriella hygida,190.9,115.26,8.16e-08,1.8246314696398285e-07,227.27,245.98,2.1724630858482857e-11,5.744604439087231e-11
contig_110,39,Protostomia,33317,0.7692307692307693,Bradysia,297.02,347.74,1.0125933740000005e-07,5.145019180313231e-07,120.24,65.83,3.5020000000000005e-08,6.914551323115621e-08
contig_1112,23,Neoptera,33340,0.7391304347826086,Bradysia,259.07,173.73,5.882352941178801e-11,2.181135699853675e-10,179.9,189.36,5.9975e-11,1.0523847126090977e-10
contig_1158,14,Endopterygota,33392,0.8571428571428571,Bradysia,448.82,447.4,5.1833333333855836e-11,1.7955593371780903e-10,151.35,101.33,5.35e-14,7.566042558696059e-14
contig_1127,21,Hexapoda,6960,0.6190476190476191,Bradysia,275.44,209.0,2.5027e-13,7.984782719022477e-13,273.7,362.26,1.0288333333333333e-09,1.7763654137967598e-09
contig_1152,15,Opisthokonta,33154,0.6,Bradysia,308.12,250.01,1.2155555556877777e-06,2.412126194338959e-06,366.22,511.69,1.0700000000000004e-11,2.3925927359247748e-11
contig_1150,21,Pancrustacea,197562,0.8095238095238095,Bradysia,145.27,112.28,8.304714705883166e-07,3.419481230650327e-06,50.1,0.0,0.00042955,0.0005847065973631562
contig_1151,26,Neoptera,33340,0.7307692307692307,Bradysia,132.28,58.53,6.419315452685289e-09,1.9217627694281925e-08,158.95,83.41,1.8858875e-22,3.7694087048180827e-22
contig_1124,34,Hexapoda,6960,0.6470588235294118,Endopterygota,167.28,117.15,1.3774429559536819e-07,4.673676677830725e-07,148.22,84.26,4.70145711111118e-09,1.4099454237241043e-08
contig_250,955,cellular organisms,131567,0.7204188481675393,Bradysia,256.97,259.17,1.329102442376491e-06,1.2068476208164356e-05,173.25,217.14,8.352589158208262e-06,7.69698056718734e-05
contig_153,478,cellular organisms,131567,0.6841004184100419,Endopterygota,195.0,198.08,2.2900766684788755e-06,2.5582317512275986e-05,168.1,107.89,8.786447438086341e-06,5.7240617973225124e-05
contig_138,1169,cellular organisms,131567,0.7082976903336184,Bradysia,248.61,241.03,3.883610505751288e-06,4.243815309618211e-05,182.57,260.88,1.0356871940804009e-05,5.956497348275631e-05
contig_80,1039,cellular organisms,131567,0.714148219441771,Bradysia,239.72,231.7,3.41452500534613e-06,3.228413315222312e-05,181.08,195.99,1.2904769433861164e-05,8.52849449980711e-05
contig_137,714,cellular organisms,131567,0.7338935574229691,Bradysia,260.28,241.05,2.779166334761448e-06,2.434840760369982e-05,158.23,142.71,1.6252854535969302e-05,0.00010774037777535005
contig_82,837,cellular organisms,131567,0.7395459976105138,Bradysia,257.23,232.99,3.770435639192739e-06,4.104978288586277e-05,154.81,138.3,2.850167475339778e-05,0.00011538382615285843
contig_90,675,cellular organisms,131567,0.72,Bradysia,218.86,176.41,2.7433275787521953e-06,3.247206762823587e-05,156.86,110.43,1.5047871588502248e-05,9.125261226221852e-05
contig_83,1329,root,1,0.7283671933784801,Bradysia,247.2,228.93,1.2884178004214108e-06,2.3471996615116357e-05,165.13,135.9,1.487713518390709e-05,8.338859289477084e-05
contig_92,1467,cellular organisms,131567,0.732788002726653,Bradysia,257.96,249.17,2.619218198797913e-06,3.4991844078524846e-05,145.89,136.35,3.738196050519196e-05,0.00015611949014519765
contig_17,1846,cellular organisms,131567,0.7020585048754063,Bradysia,262.97,249.22,2.4992715439422337e-06,3.318904029527698e-05,164.46,153.11,1.866775630196788e-05,0.00010239973986445862
contig_116,5094,cellular organisms,131567,0.7192775814683942,Bradysia,264.43,266.36,2.745378478998983e-06,3.5987585380888924e-05,174.1,197.84,1.1058327749989805e-05,8.11425260337298e-05
