222085	1	165	7.694E-39	2	9286	9874	210	137	0.691	3.251E-34	72	167	226	9286	9576	291	9283	9585
222085	1	165	7.694E-39	2	9286	9874	216	49	0.693	1.112E-04	190	222	226	9776	9874	99	9746	9877
234171	1	171	1.202E-40	2	9289	9874	210	142	0.722	3.876E-36	73	167	231	9289	9576	288	9283	9585
234171	1	171	1.202E-40	2	9289	9874	216	50	0.714	3.095E-05	190	222	231	9776	9874	99	9746	9877
358934	1	303	2.208E-80	5	11502	12525	258	37	0.657	2.796E+00	6	31	309	11502	11579	78	11457	11618
358934	1	303	2.208E-80	5	11502	12525	264	46	0.495	1.273E-03	32	78	309	11757	11876	120	11757	11918
358934	1	303	2.208E-80	5	11502	12525	270	140	0.687	2.587E-35	79	178	309	11940	12236	297	11934	12236
358934	1	303	2.208E-80	5	11502	12525	272	35	0.729	5.155E+00	172	193	309	12292	12357	66	12235	12357
358934	1	303	2.208E-80	5	11502	12525	275	49	0.648	8.076E-05	191	226	309	12418	12525	108	12397	12528
422501	1	168	9.618E-40	2	9289	9874	210	138	0.705	9.169E-35	75	169	233	9289	9576	288	9283	9585
422501	1	168	9.618E-40	2	9289	9874	216	51	0.724	1.633E-05	192	224	233	9776	9874	99	9746	9877
457876	1	173	3.006E-41	2	9289	9874	210	142	0.720	5.318E-36	76	170	234	9289	9576	288	9283	9585
457876	1	173	3.006E-41	2	9289	9874	216	52	0.740	6.262E-06	193	225	234	9776	9874	99	9746	9877
501168	1	168	9.618E-40	2	9286	12525	210	137	0.691	3.251E-34	74	169	238	9286	9576	291	9283	9585
501168	1	168	9.618E-40	2	9286	12525	275	52	0.740	6.262E-06	192	224	238	12427	12525	99	12397	12528
536778	1	250	1.989E-64	4	11502	12525	258	37	0.657	2.796E+00	6	31	328	11502	11579	78	11457	11618
536778	1	250	1.989E-64	4	11502	12525	264	46	0.495	1.273E-03	32	78	328	11757	11876	120	11757	11918
536778	1	250	1.989E-64	4	11502	12525	270	140	0.687	2.587E-35	79	178	328	11940	12236	297	11934	12236
536778	1	250	1.989E-64	4	11502	12525	275	50	0.606	3.095E-05	206	245	328	12406	12525	120	12397	12528
599354	1	168	9.618E-40	2	9286	9877	210	138	0.695	1.726E-34	80	175	234	9286	9576	291	9283	9585
599354	1	168	9.618E-40	2	9286	9877	216	51	0.711	1.186E-05	198	231	234	9776	9877	102	9746	9877
613230	1	170	2.404E-40	2	9289	12528	210	141	0.715	1.374E-35	76	170	229	9289	9576	288	9283	9585
613230	1	170	2.404E-40	2	9289	12528	275	50	0.696	3.095E-05	193	226	229	12427	12528	102	12397	12528
704314	1	224	1.335E-56	3	9289	12525	210	143	0.724	2.824E-36	72	166	225	9289	9576	288	9283	9585
704314	1	224	1.335E-56	3	9289	12525	212	33	0.681	3.565E+01	167	188	225	9641	9706	66	9584	9706
704314	1	224	1.335E-56	3	9289	12525	275	46	0.662	7.583E-04	189	221	225	12427	12525	99	12397	12528
763239	1	235	6.517E-60	2	1272	2189	33	213	0.978	2.498E-60	8	109	215	1272	1577	306	1239	1577
763239	1	235	6.517E-60	2	1272	2189	44	74	0.693	6.151E-13	163	213	215	2037	2189	153	2010	2204
795716	1	103	3.548E-20	1	1746	1964	41	103	0.663	2.696E-22	3	78	83	1746	1964	219	1689	2006
850266	-1	364	9.576E-99	3	14507	16603	1027	172	0.561	8.980E-45	260	417	881	-16603	-16130	474	16624	16067
850266	-1	364	9.576E-99	3	14507	16603	1031	63	0.479	9.162E-09	417	484	881	-16076	-15873	204	16127	15867
850266	-1	364	9.576E-99	3	14507	16603	1061	195	0.440	7.374E-51	552	793	881	-15244	-14507	738	15283	14378
889525	1	230	2.085E-58	2	1272	2195	33	207	0.955	2.084E-58	8	109	220	1272	1577	306	1239	1577
889525	1	230	2.085E-58	2	1272	2195	44	75	0.680	2.369E-13	163	215	220	2037	2195	159	2010	2204
898178	1	439	2.535E-121	5	11490	12528	258	46	0.707	2.415E-03	0	29	222	11490	11579	90	11457	11618
898178	1	439	2.535E-121	5	11490	12528	264	81	0.942	6.118E-16	30	69	222	11757	11876	120	11757	11918
898178	1	439	2.535E-121	5	11490	12528	270	197	0.964	3.144E-55	70	165	222	11940	12227	288	11934	12236
898178	1	439	2.535E-121	5	11490	12528	272	47	0.965	3.402E-04	166	187	222	12292	12357	66	12235	12357
898178	1	439	2.535E-121	5	11490	12528	275	62	0.846	2.149E-09	188	221	222	12427	12528	102	12397	12528
912299	1	81	1.488E-13	1	27078	27335	624	81	0.477	3.568E-14	9	97	162	27078	27335	258	27036	27425
960085	-1	473	1.475E-131	4	14176	16070	1031	61	0.478	4.481E-08	342	407	809	-16070	-15873	198	16127	15867
960085	-1	473	1.475E-131	4	14176	16070	1044	47	0.458	9.947E-04	418	470	809	-15478	-15320	159	15499	15314
960085	-1	473	1.475E-131	4	14176	16070	1061	260	0.547	3.785E-73	474	721	809	-15241	-14507	735	15283	14378
960085	-1	473	1.475E-131	4	14176	16070	1065	115	0.648	1.130E-26	721	808	809	-14439	-14176	264	14496	14176
985437	1	216	3.417E-54	1	1269	1574	33	216	0.994	1.060E-61	0	101	102	1269	1574	306	1239	1577
1013810	1	69	6.096E-10	1	2037	2180	44	69	0.688	2.796E-11	2	49	55	2037	2180	144	2010	2204
1019360	1	277	1.482E-72	2	1269	2195	33	215	0.989	2.734E-61	13	114	200	1269	1574	306	1239	1577
1019360	1	277	1.482E-72	2	1269	2195	44	88	0.786	6.621E-18	142	194	200	2037	2195	159	2010	2204
1098289	1	218	8.542E-55	1	1266	1574	33	218	0.992	2.994E-62	0	102	103	1266	1574	309	1239	1577
1118712	1	170	2.404E-40	2	1752	2189	41	99	0.679	6.382E-21	94	164	216	1752	1964	213	1689	2006
1118712	1	170	2.404E-40	2	1752	2189	44	72	0.683	1.597E-12	163	213	216	2037	2189	153	2010	2204
1134876	1	253	2.486E-65	2	1245	2201	33	218	0.927	4.106E-62	2	112	222	1245	1577	333	1239	1577
1134876	1	253	2.486E-65	2	1245	2201	44	87	0.758	9.095E-18	166	220	222	2037	2201	165	2010	2204
1148837	-1	542	2.499E-152	4	14507	17081	1016	119	0.458	3.876E-26	1	141	746	-17081	-16674	408	17294	16644
1148837	-1	542	2.499E-152	4	14507	17081	1027	178	0.572	5.828E-47	140	299	746	-16603	-16124	480	16624	16067
1148837	-1	542	2.499E-152	4	14507	17081	1031	63	0.482	1.258E-08	299	365	746	-16070	-15870	201	16127	15867
1148837	-1	542	2.499E-152	4	14507	17081	1061	245	0.522	5.649E-68	430	677	746	-15241	-14507	735	15283	14378
1148903	-1	538	3.999E-151	4	14507	17081	1016	119	0.458	3.876E-26	1	141	746	-17081	-16674	408	17294	16644
1148903	-1	538	3.999E-151	4	14507	17081	1027	177	0.569	1.499E-46	140	299	746	-16603	-16124	480	16624	16067
1148903	-1	538	3.999E-151	4	14507	17081	1031	63	0.482	1.258E-08	299	365	746	-16070	-15870	201	16127	15867
1148903	-1	538	3.999E-151	4	14507	17081	1061	242	0.517	6.929E-67	430	677	746	-15241	-14507	735	15283	14378
1178481	1	201	1.120E-49	3	8895	12227	198	33	0.897	6.104E+01	88	103	294	8895	8942	48	8820	8954
1178481	1	201	1.120E-49	3	8895	12227	264	44	0.486	1.197E-02	105	147	294	11760	11894	135	11757	11918
1178481	1	201	1.120E-49	3	8895	12227	270	128	0.657	4.705E-31	142	235	294	11940	12227	288	11934	12236
1198089	1	246	3.182E-63	2	1272	2180	33	213	0.981	1.328E-60	8	109	219	1272	1577	306	1239	1577
1198089	1	246	3.182E-63	2	1272	2180	44	85	0.836	4.451E-17	163	210	219	2037	2180	144	2010	2204
1280268	1	269	3.793E-70	2	1272	2201	33	220	1.000	4.495E-63	8	109	218	1272	1577	306	1239	1577
1280268	1	269	3.793E-70	2	1272	2201	44	101	0.865	1.362E-22	163	217	218	2037	2201	165	2010	2204
8883147	-1	406	2.177E-111	3	14507	16624	1027	180	0.557	1.654E-47	266	432	897	-16624	-16130	495	16624	16067
8883147	-1	406	2.177E-111	3	14507	16624	1044	48	0.454	7.226E-04	514	567	897	-15478	-15317	162	15499	15314
8883147	-1	406	2.177E-111	3	14507	16624	1061	259	0.551	9.697E-73	570	809	897	-15241	-14507	735	15283	14378
9776454	-1	621	4.135E-176	5	14176	17150	1016	120	0.415	2.078E-26	200	361	979	-17150	-16674	477	17294	16644
9776454	-1	621	4.135E-176	5	14176	17150	1027	165	0.529	2.593E-42	357	516	979	-16612	-16124	489	16624	16067
9776454	-1	621	4.135E-176	5	14176	17150	1031	61	0.465	6.155E-08	516	583	979	-16070	-15867	204	16127	15867
9776454	-1	621	4.135E-176	5	14176	17150	1061	216	0.476	4.757E-58	646	891	979	-15244	-14507	738	15283	14378
9776454	-1	621	4.135E-176	5	14176	17150	1065	122	0.679	7.161E-29	891	978	979	-14439	-14176	264	14496	14176
9834804	1	99	5.677E-19	1	1746	1967	41	99	0.634	6.382E-21	25	101	143	1746	1967	222	1689	2006
10049088	-1	542	2.499E-152	4	14507	17150	1016	140	0.472	2.490E-33	76	235	858	-17150	-16674	477	17294	16644
10049088	-1	542	2.499E-152	4	14507	17150	1027	197	0.606	1.583E-53	227	391	858	-16624	-16130	495	16624	16067
10049088	-1	542	2.499E-152	4	14507	17150	1031	61	0.492	3.262E-08	393	456	858	-16070	-15879	192	16127	15867
10049088	-1	542	2.499E-152	4	14507	17150	1061	218	0.479	1.362E-58	526	770	858	-15244	-14507	738	15283	14378
11502400	1	229	4.171E-58	2	1272	2195	33	206	0.951	3.922E-58	8	109	220	1272	1577	306	1239	1577
11502400	1	229	4.171E-58	2	1272	2195	44	75	0.684	1.724E-13	163	215	220	2037	2195	159	2010	2204
14134338	1	220	2.136E-55	1	1272	1577	33	220	1.000	4.495E-63	8	109	113	1272	1577	306	1239	1577
14360963	-1	410	1.361E-112	3	14507	17150	1016	112	0.400	1.057E-23	144	301	918	-17150	-16674	477	17294	16644
14360963	-1	410	1.361E-112	3	14507	17150	1027	174	0.560	1.861E-45	300	459	918	-16603	-16130	474	16624	16067
14360963	-1	410	1.361E-112	3	14507	17150	1061	257	0.548	3.400E-72	593	830	918	-15241	-14507	735	15283	14378
14946443	1	162	6.155E-38	4	8898	12357	198	34	0.989	2.319E+01	17	31	238	8898	8942	45	8820	8954
14946443	1	162	6.155E-38	4	8898	12357	258	34	0.989	3.663E+01	17	31	238	11535	11579	45	11457	11618
14946443	1	162	6.155E-38	4	8898	12357	270	132	0.736	1.449E-32	70	155	238	11940	12200	261	11934	12236
14946443	1	162	6.155E-38	4	8898	12357	272	33	0.673	4.922E+01	178	199	238	12292	12357	66	12235	12357
14974140	1	180	2.348E-43	2	9286	9706	210	143	0.719	2.058E-36	70	166	204	9286	9576	291	9283	9585
14974140	1	180	2.348E-43	2	9286	9706	212	36	0.752	1.963E+00	167	188	204	9641	9706	66	9584	9706
15199217	1	166	3.847E-39	2	9289	12525	210	137	0.698	3.251E-34	61	155	213	9289	9576	288	9283	9585
15199217	1	166	3.847E-39	2	9289	12525	275	50	0.714	3.095E-05	178	210	213	12427	12525	99	12397	12528
15276591	1	166	3.847E-39	2	9286	9877	210	136	0.690	4.460E-34	81	176	235	9286	9576	291	9283	9585
15276591	1	166	3.847E-39	2	9286	9877	216	51	0.711	1.186E-05	199	232	235	9776	9877	102	9746	9877
15330452	1	224	1.335E-56	2	1272	2195	33	206	0.951	3.922E-58	8	109	220	1272	1577	306	1239	1577
15330452	1	224	1.335E-56	2	1272	2195	44	70	0.642	1.077E-11	163	215	220	2037	2195	159	2010	2204
15341653	1	207	1.749E-51	1	1272	1577	33	207	0.956	1.520E-58	8	109	175	1272	1577	306	1239	1577
15343678	1	243	2.546E-62	2	1272	2186	33	217	0.997	5.632E-62	8	109	219	1272	1577	306	1239	1577
15343678	1	243	2.546E-62	2	1272	2186	44	78	0.739	2.560E-14	163	212	219	2037	2186	150	2010	2204
15344252	1	267	1.517E-69	2	1272	2198	33	223	1.000	6.751E-64	8	109	219	1272	1577	306	1239	1577
15344252	1	267	1.517E-69	2	1272	2198	44	96	0.842	6.135E-21	163	216	219	2037	2198	162	2010	2204
15349650	1	172	6.011E-41	2	1746	2195	41	101	0.652	1.312E-21	89	164	220	1746	1964	219	1689	2006
15349650	1	172	6.011E-41	2	1746	2195	44	72	0.655	3.016E-12	163	215	220	2037	2195	159	2010	2204
15376052	1	217	1.708E-54	1	1266	1574	33	217	0.989	5.632E-62	0	102	103	1266	1574	309	1239	1577
15406955	1	237	1.629E-60	2	1272	2186	33	219	1.000	1.591E-62	8	109	219	1272	1577	306	1239	1577
15406955	1	237	1.629E-60	2	1272	2186	44	70	0.675	1.077E-11	163	212	219	2037	2186	150	2010	2204
15451783	-1	134	1.652E-29	1	16674	17183	1016	134	0.434	2.719E-31	72	242	266	-17183	-16674	510	17294	16644
15456210	1	79	5.953E-13	1	27078	27335	624	79	0.469	1.258E-13	9	97	162	27078	27335	258	27036	27425
15492286	1	247	1.591E-63	2	1272	2201	33	216	0.991	1.994E-61	8	109	220	1272	1577	306	1239	1577
15492286	1	247	1.591E-63	2	1272	2201	44	83	0.727	2.179E-16	163	217	220	2037	2201	165	2010	2204
15524098	1	250	1.989E-64	2	1272	2201	33	219	1.000	1.160E-62	8	109	220	1272	1577	306	1239	1577
15524098	1	250	1.989E-64	2	1272	2201	44	83	0.724	2.993E-16	163	217	220	2037	2201	165	2010	2204
15564838	-1	718	2.610E-205	5	14507	17147	1016	151	0.501	5.291E-37	142	300	925	-17147	-16674	474	17294	16644
15564838	-1	718	2.610E-205	5	14507	17147	1027	195	0.601	7.648E-53	292	456	925	-16624	-16130	495	16624	16067
15564838	-1	718	2.610E-205	5	14507	17147	1031	64	0.504	3.535E-09	458	522	925	-16070	-15876	195	16127	15867
15564838	-1	718	2.610E-205	5	14507	17147	1044	55	0.503	2.308E-06	532	586	925	-15484	-15320	165	15499	15314
15564838	-1	718	2.610E-205	5	14507	17147	1061	268	0.561	5.212E-76	590	837	925	-15241	-14507	735	15283	14378
15565150	-1	723	8.155E-207	5	14507	17150	1016	176	0.568	1.376E-45	122	279	906	-17150	-16674	477	17294	16644
15565150	-1	723	8.155E-207	5	14507	17150	1027	186	0.575	1.072E-49	271	436	906	-16624	-16130	495	16624	16067
15565150	-1	723	8.155E-207	5	14507	17150	1031	64	0.492	3.535E-09	439	505	906	-16067	-15867	201	16127	15867
15565150	-1	723	8.155E-207	5	14507	17150	1044	57	0.510	4.684E-07	511	566	906	-15487	-15320	168	15499	15314
15565150	-1	723	8.155E-207	5	14507	17150	1061	252	0.531	1.464E-70	569	818	906	-15244	-14507	738	15283	14378
15589097	1	250	1.989E-64	2	1272	2201	33	216	0.994	1.060E-61	8	109	219	1272	1577	306	1239	1577
15589097	1	250	1.989E-64	2	1272	2201	44	86	0.745	3.240E-17	163	217	219	2037	2201	165	2010	2204
15617444	1	241	1.018E-61	2	1272	2195	33	217	0.997	5.632E-62	8	109	221	1272	1577	306	1239	1577
15617444	1	241	1.018E-61	2	1272	2195	44	76	0.690	9.129E-14	163	215	221	2037	2195	159	2010	2204
15619357	1	227	1.668E-57	2	1272	2180	33	212	0.974	4.699E-60	8	109	216	1272	1577	306	1239	1577
15619357	1	227	1.668E-57	2	1272	2180	44	67	0.670	1.373E-10	163	210	216	2037	2180	144	2010	2204
15695779	-1	290	1.809E-76	5	14176	17150	1016	124	0.432	6.712E-28	89	247	875	-17150	-16674	477	17294	16644
15695779	-1	290	1.809E-76	5	14176	17150	1027	180	0.558	1.207E-47	239	405	875	-16624	-16124	501	16624	16067
15695779	-1	290	1.809E-76	5	14176	17150	1031	71	0.555	1.603E-11	405	468	875	-16070	-15879	192	16127	15867
15695779	-1	290	1.809E-76	5	14176	17150	1044	60	0.551	3.657E-08	480	533	875	-15484	-15323	162	15499	15314
15695779	-1	290	1.809E-76	5	14176	17150	1065	123	0.683	3.803E-29	787	874	875	-14439	-14176	264	14496	14176
15761451	1	268	7.587E-70	2	1272	2198	33	219	1.000	1.160E-62	8	109	218	1272	1577	306	1239	1577
15761451	1	268	7.587E-70	2	1272	2198	44	101	0.879	1.362E-22	163	216	218	2037	2198	162	2010	2204
15777137	-1	130	2.644E-28	1	16677	17150	1016	130	0.446	6.196E-30	4	163	238	-17150	-16677	474	17294	16644
15778031	1	248	7.956E-64	2	1272	2180	33	213	0.981	1.328E-60	27	128	238	1272	1577	306	1239	1577
15778031	1	248	7.956E-64	2	1272	2180	44	87	0.850	1.249E-17	182	229	238	2037	2180	144	2010	2204
15779094	1	200	2.239E-49	2	1746	2192	41	111	0.710	3.507E-25	54	129	180	1746	1964	219	1689	2006
15779094	1	200	2.239E-49	2	1746	2192	44	90	0.815	1.353E-18	128	179	180	2037	2192	156	2010	2204
15809304	-1	380	1.461E-103	3	14507	16603	1027	173	0.564	3.492E-45	223	380	844	-16603	-16130	474	16624	16067
15809304	-1	380	1.461E-103	3	14507	16603	1031	61	0.470	3.262E-08	382	449	844	-16070	-15867	204	16127	15867
15809304	-1	380	1.461E-103	3	14507	16603	1061	200	0.438	1.275E-52	506	756	844	-15268	-14507	762	15283	14378
16571437	-1	133	3.305E-29	2	1263	1961	1352	50	0.463	7.359E-05	81	136	247	-1961	-1794	168	1976	1794
16571437	-1	133	3.305E-29	2	1263	1961	1362	89	0.439	1.075E-16	130	239	247	-1592	-1263	330	1664	1212
19181737	1	181	1.174E-43	2	1746	2159	41	111	0.710	3.507E-25	70	145	185	1746	1964	219	1689	2006
19181737	1	181	1.174E-43	2	1746	2159	44	71	0.809	5.698E-12	144	184	185	2037	2159	123	2010	2204
20452487	1	218	8.542E-55	1	1272	1577	33	218	0.999	4.106E-62	15	116	195	1272	1577	306	1239	1577
21094695	1	99	5.677E-19	1	1746	2003	41	99	0.574	6.382E-21	34	120	160	1746	2003	258	1689	2006
21870926	-1	346	2.510E-93	3	15873	17159	1016	118	0.405	1.349E-25	124	287	757	-17159	-16674	486	17294	16644
21870926	-1	346	2.510E-93	3	15873	17159	1027	169	0.547	1.114E-43	286	445	757	-16603	-16130	474	16624	16067
21870926	-1	346	2.510E-93	3	15873	17159	1031	61	0.481	6.155E-08	448	512	757	-16067	-15873	195	16127	15867
22543603	1	225	6.674E-57	2	1272	2186	33	207	0.956	1.520E-58	8	109	213	1272	1577	306	1239	1577
22543603	1	225	6.674E-57	2	1272	2186	44	70	0.675	1.077E-11	163	212	213	2037	2186	150	2010	2204
23676522	1	105	8.871E-21	1	1746	1964	41	105	0.674	5.541E-23	3	78	113	1746	1964	219	1689	2006
23706581	1	266	3.035E-69	2	1272	2201	33	220	1.000	4.495E-63	8	109	218	1272	1577	306	1239	1577
23706581	1	266	3.035E-69	2	1272	2201	44	98	0.843	1.255E-21	163	217	218	2037	2201	165	2010	2204
25249534	1	249	3.978E-64	2	1272	2201	33	213	0.981	1.328E-60	8	109	219	1272	1577	306	1239	1577
25249534	1	249	3.978E-64	2	1272	2201	44	88	0.764	4.819E-18	163	217	219	2037	2201	165	2010	2204
26484867	-1	538	3.999E-151	4	14507	17156	1016	113	0.398	5.671E-24	101	261	879	-17156	-16674	483	17294	16644
26484867	-1	538	3.999E-151	4	14507	17156	1027	185	0.596	2.757E-49	260	417	879	-16603	-16136	468	16624	16067
26484867	-1	538	3.999E-151	4	14507	17156	1031	62	0.472	2.375E-08	421	488	879	-16070	-15867	204	16127	15867
26484867	-1	538	3.999E-151	4	14507	17156	1061	243	0.524	2.707E-67	553	791	879	-15241	-14507	735	15283	14378
26737578	-1	365	4.788E-99	3	14507	16603	1027	172	0.561	8.980E-45	248	405	869	-16603	-16130	474	16624	16067
26737578	-1	365	4.788E-99	3	14507	16603	1031	63	0.479	9.162E-09	405	472	869	-16076	-15873	204	16127	15867
26737578	-1	365	4.788E-99	3	14507	16603	1061	196	0.442	2.892E-51	540	781	869	-15244	-14507	738	15283	14378
28109482	1	169	4.809E-40	2	1746	2177	41	100	0.648	2.470E-21	89	164	218	1746	1964	219	1689	2006
28109482	1	169	4.809E-40	2	1746	2177	44	70	0.715	7.833E-12	163	209	218	2037	2177	141	2010	2204
28428954	-1	694	4.378E-198	5	14176	17150	1016	139	0.459	4.657E-33	63	227	851	-17150	-16668	483	17294	16644
28428954	-1	694	4.378E-198	5	14176	17150	1027	176	0.591	2.813E-46	231	382	851	-16585	-16130	456	16624	16067
28428954	-1	694	4.378E-198	5	14176	17150	1031	61	0.465	6.155E-08	384	451	851	-16070	-15867	204	16127	15867
28428954	-1	694	4.378E-198	5	14176	17150	1061	266	0.557	3.424E-75	516	763	851	-15241	-14507	735	15283	14378
28428954	-1	694	4.378E-198	5	14176	17150	1065	126	0.630	1.608E-30	751	850	851	-14475	-14176	300	14496	14176
28901769	1	225	6.674E-57	3	9289	12525	210	139	0.710	3.549E-35	68	162	221	9289	9576	288	9283	9585
28901769	1	225	6.674E-57	3	9289	12525	212	34	0.713	9.817E+00	163	184	221	9641	9706	66	9584	9706
28901769	1	225	6.674E-57	3	9289	12525	275	50	0.714	3.095E-05	185	217	221	12427	12525	99	12397	12528
29066275	1	244	1.273E-62	2	1272	2195	33	215	0.988	3.751E-61	8	109	219	1272	1577	306	1239	1577
29066275	1	244	1.273E-62	2	1272	2195	44	81	0.735	1.067E-15	163	215	219	2037	2195	159	2010	2204
29513841	1	186	3.669E-45	2	9286	9706	210	149	0.743	2.455E-38	72	168	227	9286	9576	291	9283	9585
29513841	1	186	3.669E-45	2	9286	9706	212	36	0.737	3.736E+00	169	190	227	9641	9706	66	9584	9706
29514432	1	227	1.668E-57	3	9286	9874	210	138	0.698	9.169E-35	70	166	225	9286	9576	291	9283	9585
29514432	1	227	1.668E-57	3	9286	9874	212	38	0.784	5.424E-01	167	188	225	9641	9706	66	9584	9706
29514432	1	227	1.668E-57	3	9286	9874	216	55	0.667	9.214E-07	183	221	225	9758	9874	117	9746	9877
29551615	1	171	1.202E-40	2	9289	9874	210	138	0.701	1.726E-34	79	173	251	9289	9576	288	9283	9585
29551615	1	171	1.202E-40	2	9289	9874	216	54	0.766	1.268E-06	196	228	251	9776	9874	99	9746	9877
29831312	1	163	3.078E-38	2	9289	12528	210	126	0.636	1.216E-30	29	127	260	9289	9585	297	9283	9585
29831312	1	163	3.078E-38	2	9289	12528	275	51	0.706	1.633E-05	143	176	260	12427	12528	102	12397	12528
29847023	1	239	4.073E-61	2	1272	2186	33	217	0.996	7.725E-62	8	109	219	1272	1577	306	1239	1577
29847023	1	239	4.073E-61	2	1272	2186	44	74	0.712	3.256E-13	163	212	219	2037	2186	150	2010	2204
29857607	1	196	3.583E-48	2	1746	2180	41	109	0.699	1.706E-24	89	164	219	1746	1964	219	1689	2006
29857607	1	196	3.583E-48	2	1746	2180	44	88	0.861	4.819E-18	163	210	219	2037	2180	144	2010	2204
29868010	1	260	1.942E-67	2	1272	2201	33	218	1.000	2.183E-62	8	109	219	1272	1577	306	1239	1577
29868010	1	260	1.942E-67	2	1272	2201	44	94	0.807	5.658E-20	163	217	219	2037	2201	165	2010	2204
29868534	1	230	2.085E-58	3	9289	9874	210	144	0.729	1.093E-36	49	143	203	9289	9576	288	9283	9585
29868534	1	230	2.085E-58	3	9289	9874	212	34	0.726	1.870E+01	145	165	203	9644	9706	63	9584	9706
29868534	1	230	2.085E-58	3	9289	9874	216	50	0.709	4.261E-05	166	198	203	9776	9874	99	9746	9877
29891430	1	82	7.441E-14	1	2037	2195	44	82	0.741	5.651E-16	49	101	106	2037	2195	159	2010	2204
29894716	1	246	3.182E-63	2	1272	2180	33	213	0.981	1.328E-60	8	109	219	1272	1577	306	1239	1577
29894716	1	246	3.182E-63	2	1272	2180	44	85	0.836	4.451E-17	163	210	219	2037	2180	144	2010	2204
29961300	-1	697	5.473E-199	5	14176	17150	1016	141	0.464	9.736E-34	63	227	851	-17150	-16668	483	17294	16644
29961300	-1	697	5.473E-199	5	14176	17150	1027	179	0.597	4.254E-47	231	382	851	-16585	-16130	456	16624	16067
29961300	-1	697	5.473E-199	5	14176	17150	1031	61	0.470	3.262E-08	384	451	851	-16070	-15867	204	16127	15867
29961300	-1	697	5.473E-199	5	14176	17150	1061	266	0.558	2.502E-75	516	763	851	-15241	-14507	735	15283	14378
29961300	-1	697	5.473E-199	5	14176	17150	1065	124	0.622	7.821E-30	751	850	851	-14475	-14176	300	14496	14176
29991517	1	172	6.011E-41	2	1752	2189	41	99	0.679	6.382E-21	94	164	216	1752	1964	213	1689	2006
29991517	1	172	6.011E-41	2	1752	2189	44	74	0.700	3.256E-13	163	213	216	2037	2189	153	2010	2204
29992557	1	257	1.554E-66	2	1272	2201	33	215	0.988	3.751E-61	8	109	219	1272	1577	306	1239	1577
29992557	1	257	1.554E-66	2	1272	2201	44	94	0.807	5.658E-20	163	217	219	2037	2201	165	2010	2204
30022566	-1	402	3.484E-110	3	14513	16624	1027	180	0.557	1.654E-47	125	291	754	-16624	-16130	495	16624	16067
30022566	-1	402	3.484E-110	3	14513	16624	1044	48	0.454	7.226E-04	373	426	754	-15478	-15317	162	15499	15314
30022566	-1	402	3.484E-110	3	14513	16624	1061	255	0.547	2.231E-71	429	666	754	-15241	-14513	729	15283	14378
30128930	1	216	3.417E-54	1	1266	1574	33	216	0.984	1.453E-61	0	102	103	1266	1574	309	1239	1577
30148140	1	217	1.708E-54	1	1266	1574	33	217	0.989	5.632E-62	0	102	103	1266	1574	309	1239	1577
30161134	1	257	1.554E-66	2	1272	2201	33	217	0.997	5.632E-62	8	109	219	1272	1577	306	1239	1577
30161134	1	257	1.554E-66	2	1272	2201	44	92	0.794	2.014E-19	163	217	219	2037	2201	165	2010	2204
30214399	-1	298	7.066E-79	2	16130	17150	1016	124	0.428	1.253E-27	116	275	615	-17150	-16674	477	17294	16644
30214399	-1	298	7.066E-79	2	16130	17150	1027	182	0.563	2.500E-48	267	433	615	-16624	-16130	495	16624	16067
30231883	-1	541	4.999E-152	4	14507	17081	1016	119	0.455	7.232E-26	1	141	746	-17081	-16674	408	17294	16644
30231883	-1	541	4.999E-152	4	14507	17081	1027	178	0.572	5.828E-47	140	299	746	-16603	-16124	480	16624	16067
30231883	-1	541	4.999E-152	4	14507	17081	1031	62	0.477	2.375E-08	299	365	746	-16070	-15870	201	16127	15867
30231883	-1	541	4.999E-152	4	14507	17081	1061	245	0.522	5.649E-68	430	677	746	-15241	-14507	735	15283	14378
30232343	-1	537	7.998E-151	4	14507	17081	1016	120	0.459	2.838E-26	1	141	746	-17081	-16674	408	17294	16644
30232343	-1	537	7.998E-151	4	14507	17081	1027	175	0.562	9.913E-46	140	299	746	-16603	-16124	480	16624	16067
30232343	-1	537	7.998E-151	4	14507	17081	1031	60	0.467	8.455E-08	299	365	746	-16070	-15870	201	16127	15867
30232343	-1	537	7.998E-151	4	14507	17081	1061	245	0.522	5.649E-68	430	677	746	-15241	-14507	735	15283	14378
30282463	1	217	1.708E-54	1	1266	1574	33	217	0.987	7.725E-62	0	102	103	1266	1574	309	1239	1577
30305715	1	242	5.092E-62	2	1272	2189	33	215	0.988	3.751E-61	8	109	219	1272	1577	306	1239	1577
30305715	1	242	5.092E-62	2	1272	2189	44	79	0.740	7.180E-15	163	213	219	2037	2189	153	2010	2204
30344071	1	270	1.897E-70	2	1272	2201	33	220	1.000	4.495E-63	36	137	246	1272	1577	306	1239	1577
30344071	1	270	1.897E-70	2	1272	2201	44	102	0.871	7.221E-23	191	245	246	2037	2201	165	2010	2204
30362584	-1	824	3.217E-237	6	14176	17153	1016	144	0.474	1.488E-34	111	273	898	-17153	-16674	480	17294	16644
30362584	-1	824	3.217E-237	6	14176	17153	1027	192	0.594	6.938E-52	265	429	898	-16624	-16130	495	16624	16067
30362584	-1	824	3.217E-237	6	14176	17153	1031	65	0.492	1.873E-09	431	498	898	-16070	-15867	204	16127	15867
30362584	-1	824	3.217E-237	6	14176	17153	1044	55	0.505	1.678E-06	505	559	898	-15484	-15320	165	15499	15314
30362584	-1	824	3.217E-237	6	14176	17153	1061	258	0.545	1.327E-72	563	810	898	-15241	-14507	735	15283	14378
30362584	-1	824	3.217E-237	6	14176	17153	1065	121	0.675	1.348E-28	810	897	898	-14439	-14176	264	14496	14176
36547456	-1	396	2.230E-108	3	14176	16624	1027	174	0.543	1.358E-45	274	440	905	-16624	-16130	495	16624	16067
36547456	-1	396	2.230E-108	3	14176	16624	1061	254	0.543	4.177E-71	578	817	905	-15241	-14507	735	15283	14378
36547456	-1	396	2.230E-108	3	14176	16624	1065	116	0.587	6.004E-27	805	904	905	-14475	-14176	300	14496	14176
37101944	1	164	1.539E-38	2	9286	12525	210	135	0.685	1.152E-33	72	167	225	9286	9576	291	9283	9585
37101944	1	164	1.539E-38	2	9286	12525	275	50	0.709	4.261E-05	190	222	225	12427	12525	99	12397	12528
37196641	1	255	6.215E-66	2	1272	2195	33	214	0.983	9.679E-61	8	109	220	1272	1577	306	1239	1577
37196641	1	255	6.215E-66	2	1272	2195	44	93	0.827	1.068E-19	163	215	220	2037	2195	159	2010	2204
37851167	1	260	1.942E-67	2	1272	2201	33	219	1.000	1.591E-62	8	109	219	1272	1577	306	1239	1577
37851167	1	260	1.942E-67	2	1272	2201	44	93	0.797	1.466E-19	163	217	219	2037	2201	165	2010	2204
38017401	1	222	5.339E-56	3	9289	12525	210	134	0.684	4.086E-33	80	174	252	9289	9576	288	9283	9585
38017401	1	222	5.339E-56	3	9289	12525	212	33	0.701	4.922E+01	176	196	252	9644	9706	63	9584	9706
38017401	1	222	5.339E-56	3	9289	12525	275	53	0.750	3.305E-06	197	229	252	12427	12525	99	12397	12528
38179210	1	251	9.944E-65	2	1272	2198	33	217	0.997	5.632E-62	8	109	219	1272	1577	306	1239	1577
38179210	1	251	9.944E-65	2	1272	2198	44	86	0.757	3.240E-17	163	216	219	2037	2198	162	2010	2204
39325057	1	245	6.364E-63	2	1272	2198	33	216	0.994	1.060E-61	8	109	219	1272	1577	306	1239	1577
39325057	1	245	6.364E-63	2	1272	2198	44	81	0.723	1.067E-15	163	216	219	2037	2198	162	2010	2204
39616391	-1	586	1.421E-165	4	14507	17150	1016	143	0.473	2.035E-34	69	231	856	-17150	-16674	477	17294	16644
39616391	-1	586	1.421E-165	4	14507	17150	1027	184	0.567	7.092E-49	223	389	856	-16624	-16124	501	16624	16067
39616391	-1	586	1.421E-165	4	14507	17150	1031	64	0.484	4.855E-09	389	456	856	-16070	-15867	204	16127	15867
39616391	-1	586	1.421E-165	4	14507	17150	1061	256	0.526	8.710E-72	512	768	856	-15268	-14507	762	15283	14378
41525203	-1	350	1.569E-94	4	14507	17111	1016	153	0.541	8.068E-38	91	237	861	-17111	-16674	438	17294	16644
41525203	-1	350	1.569E-94	4	14507	17111	1031	65	0.419	1.873E-09	384	464	861	-16124	-15873	252	16127	15867
41525203	-1	350	1.569E-94	4	14507	17111	1044	47	0.448	1.369E-03	475	527	861	-15478	-15317	162	15499	15314
41525203	-1	350	1.569E-94	4	14507	17111	1061	237	0.510	4.067E-65	529	773	861	-15244	-14507	738	15283	14378
42090989	-1	553	1.220E-155	4	14507	17162	1016	122	0.415	4.367E-27	101	265	881	-17162	-16674	489	17294	16644
42090989	-1	553	1.220E-155	4	14507	17162	1027	169	0.517	8.134E-44	257	428	881	-16624	-16109	516	16624	16067
42090989	-1	553	1.220E-155	4	14507	17162	1031	60	0.452	8.455E-08	421	489	881	-16076	-15867	210	16127	15867
42090989	-1	553	1.220E-155	4	14507	17162	1061	266	0.540	3.424E-75	541	793	881	-15280	-14507	774	15283	14378
42205299	1	259	3.885E-67	2	1272	2201	33	217	0.997	5.632E-62	8	109	219	1272	1577	306	1239	1577
42205299	1	259	3.885E-67	2	1272	2201	44	94	0.807	5.658E-20	163	217	219	2037	2201	165	2010	2204
42383676	1	197	1.791E-48	2	1746	2180	41	111	0.710	3.507E-25	89	164	219	1746	1964	219	1689	2006
42383676	1	197	1.791E-48	2	1746	2180	44	87	0.854	9.095E-18	163	210	219	2037	2180	144	2010	2204
42548361	1	254	1.243E-65	2	1272	2198	33	217	0.997	5.632E-62	8	109	219	1272	1577	306	1239	1577
42548361	1	254	1.243E-65	2	1272	2198	44	89	0.782	2.554E-18	163	216	219	2037	2198	162	2010	2204
42653199	1	220	2.136E-55	1	1272	1577	33	220	1.000	4.495E-63	8	109	169	1272	1577	306	1239	1577
43634545	1	251	9.944E-65	2	1272	2195	33	218	0.999	4.106E-62	8	109	219	1272	1577	306	1239	1577
43634545	1	251	9.944E-65	2	1272	2195	44	85	0.766	4.451E-17	163	215	219	2037	2195	159	2010	2204
43839540	1	168	9.618E-40	2	9289	9877	210	131	0.656	2.727E-32	72	170	235	9289	9585	297	9283	9585
43839540	1	168	9.618E-40	2	9289	9877	216	51	0.711	1.186E-05	186	219	235	9776	9877	102	9746	9877
43839754	1	124	1.692E-26	1	9289	9522	210	124	0.767	5.916E-30	45	122	123	9289	9522	234	9283	9585
44364242	1	171	1.202E-40	2	9289	12528	210	139	0.706	6.682E-35	79	173	233	9289	9576	288	9283	9585
44364242	1	171	1.202E-40	2	9289	12528	275	53	0.726	4.549E-06	196	229	233	12427	12528	102	12397	12528
44447300	1	201	1.120E-49	3	11532	12203	258	33	0.920	5.055E+01	78	93	286	11532	11579	48	11457	11618
44447300	1	201	1.120E-49	3	11532	12203	264	46	0.505	2.415E-03	95	137	286	11760	11894	135	11757	11918
44447300	1	201	1.120E-49	3	11532	12203	270	126	0.700	1.668E-30	132	218	286	11940	12203	264	11934	12236
44451333	1	259	3.885E-67	2	1272	2201	33	217	0.997	5.632E-62	18	119	229	1272	1577	306	1239	1577
44451333	1	259	3.885E-67	2	1272	2201	44	94	0.807	5.658E-20	173	227	229	2037	2201	165	2010	2204
44490602	-1	178	9.392E-43	2	1272	1961	1352	76	0.656	1.028E-13	80	135	297	-1961	-1794	168	1976	1794
44490602	-1	178	9.392E-43	2	1272	1961	1362	108	0.521	4.108E-23	129	235	297	-1592	-1272	321	1664	1212
44494359	1	206	3.499E-51	2	1746	2201	41	112	0.714	1.862E-25	91	166	220	1746	1964	219	1689	2006
44494359	1	206	3.499E-51	2	1746	2201	44	95	0.816	2.183E-20	165	219	220	2037	2201	165	2010	2204
44573463	1	218	8.542E-55	1	1266	1574	33	218	0.992	2.994E-62	0	102	103	1266	1574	309	1239	1577
44601617	1	219	4.271E-55	1	1266	1574	33	219	0.997	1.160E-62	0	102	103	1266	1574	309	1239	1577
44668790	1	259	3.885E-67	2	1272	2204	33	216	0.994	1.060E-61	8	109	219	1272	1577	306	1239	1577
44668790	1	259	3.885E-67	2	1272	2204	44	95	0.803	2.183E-20	163	218	219	2037	2204	168	2010	2204
44705393	1	218	8.542E-55	1	1269	1574	33	218	0.999	4.106E-62	0	101	102	1269	1574	306	1239	1577
44714934	1	216	3.417E-54	1	1269	1574	33	216	0.994	1.060E-61	0	101	102	1269	1574	306	1239	1577
44791221	1	267	1.517E-69	2	1272	2201	33	219	1.000	1.160E-62	8	109	218	1272	1577	306	1239	1577
44791221	1	267	1.517E-69	2	1272	2201	44	100	0.856	3.528E-22	163	217	218	2037	2201	165	2010	2204
44853548	-1	686	1.121E-195	5	14188	17150	1016	144	0.471	1.088E-34	61	225	844	-17150	-16668	483	17294	16644
44853548	-1	686	1.121E-195	5	14188	17150	1027	179	0.575	2.266E-47	222	381	844	-16603	-16124	480	16624	16067
44853548	-1	686	1.121E-195	5	14188	17150	1031	59	0.457	1.595E-07	381	448	844	-16070	-15867	204	16127	15867
44853548	-1	686	1.121E-195	5	14188	17150	1061	262	0.551	5.764E-74	513	760	844	-15241	-14507	735	15283	14378
44853548	-1	686	1.121E-195	5	14188	17150	1065	118	0.614	1.694E-27	748	843	844	-14475	-14188	288	14496	14176
44856226	1	252	4.972E-65	2	1272	2195	33	216	0.991	1.994E-61	8	109	220	1272	1577	306	1239	1577
44856226	1	252	4.972E-65	2	1272	2195	44	88	0.789	4.819E-18	163	215	220	2037	2195	159	2010	2204
45587785	-1	72	7.620E-11	2	1440	1961	1352	33	0.330	9.693E+01	18	73	119	-1961	-1794	168	1976	1794
45587785	-1	72	7.620E-11	2	1440	1961	1362	48	0.457	1.278E-02	64	117	119	-1601	-1440	162	1664	1212
45640689	-1	53	3.995E-05	1	1794	1961	1352	53	0.481	1.084E-05	6	61	109	-1961	-1794	168	1976	1794
50690013	1	254	1.243E-65	2	1272	2195	33	214	0.983	9.679E-61	8	109	220	1272	1577	306	1239	1577
50690013	1	254	1.243E-65	2	1272	2195	44	92	0.821	2.014E-19	163	215	220	2037	2195	159	2010	2204
51353661	1	278	7.409E-73	4	9109	9874	205	39	0.507	4.071E-01	165	201	356	9109	9222	114	9106	9267
51353661	1	278	7.409E-73	4	9109	9874	210	148	0.740	4.622E-38	202	297	356	9286	9576	291	9283	9585
51353661	1	278	7.409E-73	4	9109	9874	212	34	0.697	1.870E+01	298	319	356	9641	9706	66	9584	9706
51353661	1	278	7.409E-73	4	9109	9874	216	53	0.755	2.402E-06	320	352	356	9776	9874	99	9746	9877
51581058	1	76	4.762E-12	1	27069	27335	624	76	0.445	1.139E-12	6	97	162	27069	27335	267	27036	27425
51712355	-1	370	1.496E-100	3	14176	16603	1027	174	0.566	1.861E-45	227	384	848	-16603	-16130	474	16624	16067
51712355	-1	370	1.496E-100	3	14176	16603	1061	203	0.442	1.958E-53	510	760	848	-15268	-14507	762	15283	14378
51712355	-1	370	1.496E-100	3	14176	16603	1065	117	0.658	2.324E-27	760	847	848	-14439	-14176	264	14496	14176
51807974	1	251	9.944E-65	2	1272	2195	33	220	1.000	6.166E-63	8	109	219	1272	1577	306	1239	1577
51807974	1	251	9.944E-65	2	1272	2195	44	83	0.751	2.179E-16	163	215	219	2037	2195	159	2010	2204
51958402	-1	297	1.413E-78	5	14176	17153	1016	128	0.440	4.039E-29	90	249	877	-17153	-16674	480	17294	16644
51958402	-1	297	1.413E-78	5	14176	17153	1027	184	0.568	5.176E-49	241	407	877	-16624	-16124	501	16624	16067
51958402	-1	297	1.413E-78	5	14176	17153	1031	71	0.544	1.167E-11	407	472	877	-16070	-15873	198	16127	15867
51958402	-1	297	1.413E-78	5	14176	17153	1044	57	0.529	3.406E-07	482	535	877	-15484	-15323	162	15499	15314
51958402	-1	297	1.413E-78	5	14176	17153	1065	123	0.683	3.803E-29	789	876	877	-14439	-14176	264	14496	14176
52032322	1	244	1.273E-62	2	1272	2195	33	215	0.988	3.751E-61	8	109	219	1272	1577	306	1239	1577
52032322	1	244	1.273E-62	2	1272	2195	44	81	0.731	1.466E-15	163	215	219	2037	2195	159	2010	2204
54615302	-1	791	2.763E-227	6	14176	17150	1016	141	0.466	1.821E-33	161	323	947	-17150	-16674	477	17294	16644
54615302	-1	791	2.763E-227	6	14176	17150	1027	172	0.537	8.980E-45	315	481	947	-16624	-16124	501	16624	16067
54615302	-1	791	2.763E-227	6	14176	17150	1031	58	0.463	5.681E-07	481	545	947	-16070	-15876	195	16127	15867
54615302	-1	791	2.763E-227	6	14176	17150	1044	49	0.467	2.013E-04	557	610	947	-15478	-15317	162	15499	15314
54615302	-1	791	2.763E-227	6	14176	17150	1061	270	0.564	1.486E-76	612	859	947	-15244	-14507	738	15283	14378
54615302	-1	791	2.763E-227	6	14176	17150	1065	115	0.645	2.128E-26	859	946	947	-14439	-14176	264	14496	14176
55316542	1	253	2.486E-65	2	1272	2195	33	214	0.983	9.679E-61	8	109	220	1272	1577	306	1239	1577
55316542	1	253	2.486E-65	2	1272	2195	44	91	0.814	3.801E-19	163	215	220	2037	2195	159	2010	2204
55473291	1	195	7.166E-48	2	1746	2201	41	111	0.710	3.507E-25	89	164	219	1746	1964	219	1689	2006
55473291	1	195	7.166E-48	2	1746	2201	44	85	0.739	6.115E-17	163	217	219	2037	2201	165	2010	2204
55734324	1	241	1.018E-61	2	1272	2201	33	214	0.984	7.056E-61	8	109	221	1272	1577	306	1239	1577
55734324	1	241	1.018E-61	2	1272	2201	44	79	0.696	5.225E-15	163	217	221	2037	2201	165	2010	2204
56189103	1	258	7.769E-67	2	1272	2198	33	217	0.997	5.632E-62	32	133	243	1272	1577	306	1239	1577
56189103	1	258	7.769E-67	2	1272	2198	44	93	0.813	1.068E-19	187	240	243	2037	2198	162	2010	2204
56922180	-1	600	8.672E-170	4	14507	17174	1016	147	0.453	1.214E-35	23	192	811	-17174	-16644	531	17294	16644
56922180	-1	600	8.672E-170	4	14507	17174	1027	184	0.567	7.092E-49	181	347	811	-16624	-16124	501	16624	16067
56922180	-1	600	8.672E-170	4	14507	17174	1031	74	0.546	1.739E-12	347	414	811	-16070	-15867	204	16127	15867
56922180	-1	600	8.672E-170	4	14507	17174	1061	266	0.560	2.502E-75	477	723	811	-15244	-14507	738	15283	14378
57143762	-1	543	1.250E-152	4	14507	17165	1016	109	0.383	1.274E-22	96	258	876	-17165	-16674	492	17294	16644
57143762	-1	543	1.250E-152	4	14507	17165	1027	183	0.564	1.824E-48	257	423	876	-16603	-16109	495	16624	16067
57143762	-1	543	1.250E-152	4	14507	17165	1031	64	0.490	4.855E-09	419	485	876	-16067	-15867	201	16127	15867
57143762	-1	543	1.250E-152	4	14507	17165	1061	254	0.543	4.177E-71	550	788	876	-15241	-14507	735	15283	14378
57638184	1	263	2.428E-68	2	1272	2201	33	217	0.996	7.725E-62	8	109	218	1272	1577	306	1239	1577
57638184	1	263	2.428E-68	2	1272	2201	44	98	0.840	1.724E-21	163	217	218	2037	2201	165	2010	2204
58058895	-1	641	3.943E-182	5	14176	17198	1016	121	0.394	1.113E-26	232	404	1023	-17198	-16674	525	17294	16644
58058895	-1	641	3.943E-182	5	14176	17198	1027	182	0.567	3.425E-48	396	560	1023	-16624	-16130	495	16624	16067
58058895	-1	641	3.943E-182	5	14176	17198	1031	59	0.457	1.595E-07	562	629	1023	-16070	-15867	204	16127	15867
58058895	-1	641	3.943E-182	5	14176	17198	1061	231	0.489	3.261E-63	685	935	1023	-15268	-14507	762	15283	14378
58058895	-1	641	3.943E-182	5	14176	17198	1065	119	0.600	4.779E-28	923	1022	1023	-14475	-14176	300	14496	14176
58377414	1	208	8.747E-52	3	9289	9874	210	134	0.672	4.086E-33	74	171	232	9289	9582	294	9283	9585
58377414	1	208	8.747E-52	3	9289	9874	212	36	0.768	3.736E+00	167	187	232	9644	9706	63	9584	9706
58377414	1	208	8.747E-52	3	9289	9874	216	49	0.566	1.112E-04	180	220	232	9749	9874	126	9746	9877
58383190	1	186	3.669E-45	2	9286	9706	210	147	0.736	8.702E-38	72	168	227	9286	9576	291	9283	9585
58383190	1	186	3.669E-45	2	9286	9706	212	38	0.792	3.933E-01	169	190	227	9641	9706	66	9584	9706
58559946	1	168	9.618E-40	2	9289	9874	210	136	0.696	4.460E-34	73	167	231	9289	9576	288	9283	9585
58559946	1	168	9.618E-40	2	9289	9874	216	53	0.750	3.305E-06	190	222	231	9776	9874	99	9746	9877
58576389	1	169	4.809E-40	2	9289	9874	210	143	0.724	2.824E-36	73	167	226	9289	9576	288	9283	9585
58576389	1	169	4.809E-40	2	9289	9874	216	47	0.673	3.998E-04	190	222	226	9776	9874	99	9746	9877
58621586	1	166	3.847E-39	2	9298	12525	210	137	0.718	2.369E-34	1	92	229	9298	9576	279	9283	9585
58621586	1	166	3.847E-39	2	9298	12525	275	50	0.714	3.095E-05	115	147	229	12427	12525	99	12397	12528
58955438	1	181	1.174E-43	2	1746	2195	41	109	0.699	1.706E-24	89	164	220	1746	1964	219	1689	2006
58955438	1	181	1.174E-43	2	1746	2195	44	73	0.668	8.453E-13	163	215	220	2037	2195	159	2010	2204
58985348	1	231	1.043E-58	2	1272	2189	33	213	0.978	2.498E-60	8	109	215	1272	1577	306	1239	1577
58985348	1	231	1.043E-58	2	1272	2189	44	70	0.667	7.833E-12	163	213	215	2037	2189	153	2010	2204
59000532	1	246	3.182E-63	2	1272	2201	33	214	0.986	5.145E-61	8	109	220	1272	1577	306	1239	1577
59000532	1	246	3.182E-63	2	1272	2201	44	84	0.733	1.154E-16	163	217	220	2037	2201	165	2010	2204
59001256	1	206	3.499E-51	1	1272	1577	33	206	0.951	3.922E-58	8	109	191	1272	1577	306	1239	1577
59076004	1	218	8.542E-55	1	1266	1574	33	218	0.990	4.106E-62	0	102	103	1266	1574	309	1239	1577
59137702	-1	512	2.684E-143	4	14507	16624	1027	186	0.572	1.072E-49	272	438	903	-16624	-16130	495	16624	16067
59137702	-1	512	2.684E-143	4	14507	16624	1031	62	0.406	2.375E-08	425	504	903	-16124	-15876	249	16127	15867
59137702	-1	512	2.684E-143	4	14507	16624	1044	46	0.445	1.885E-03	520	573	903	-15478	-15317	162	15499	15314
59137702	-1	512	2.684E-143	4	14507	16624	1061	245	0.528	4.129E-68	576	815	903	-15241	-14507	735	15283	14378
59138041	-1	317	1.348E-84	2	14176	15217	1061	214	0.486	2.271E-57	193	423	511	-15217	-14507	711	15283	14378
59138041	-1	317	1.348E-84	2	14176	15217	1065	115	0.582	1.551E-26	411	510	511	-14475	-14176	300	14496	14176
59199745	-1	96	4.542E-18	1	1298	1495	1360	96	0.707	8.683E-21	16	81	82	-1495	-1298	198	1495	1280
59250126	1	185	7.338E-45	2	1746	2186	41	105	0.674	5.541E-23	104	179	235	1746	1964	219	1689	2006
59250126	1	185	7.338E-45	2	1746	2186	44	81	0.773	1.067E-15	178	227	235	2037	2186	150	2010	2204
59287340	1	189	4.586E-46	2	1791	2201	41	108	0.802	4.408E-24	6	69	118	1791	1982	192	1689	2006
59287340	1	189	4.586E-46	2	1791	2201	44	88	0.761	6.621E-18	62	116	118	2037	2201	165	2010	2204
59315355	-1	419	2.658E-115	3	14507	16603	1027	175	0.565	5.281E-46	140	299	746	-16603	-16124	480	16624	16067
59315355	-1	419	2.658E-115	3	14507	16603	1031	63	0.482	1.258E-08	299	365	746	-16070	-15870	201	16127	15867
59315355	-1	419	2.658E-115	3	14507	16603	1061	244	0.520	1.446E-67	430	677	746	-15241	-14507	735	15283	14378
59320800	1	231	1.043E-58	2	1272	2192	33	209	0.965	3.130E-59	8	109	220	1272	1577	306	1239	1577
59320800	1	231	1.043E-58	2	1272	2192	44	74	0.688	3.256E-13	163	214	220	2037	2192	156	2010	2204
59341618	1	228	8.342E-58	2	1272	2195	33	206	0.951	3.922E-58	8	109	220	1272	1577	306	1239	1577
59341618	1	228	8.342E-58	2	1272	2195	44	74	0.677	3.256E-13	163	215	220	2037	2195	159	2010	2204
59368909	-1	506	1.718E-141	4	14507	17171	1016	117	0.399	3.437E-25	57	222	845	-17171	-16674	498	17294	16644
59368909	-1	506	1.718E-141	4	14507	17171	1027	188	0.582	3.040E-50	214	378	845	-16624	-16130	495	16624	16067
59368909	-1	506	1.718E-141	4	14507	17171	1031	60	0.473	8.455E-08	380	445	845	-16070	-15873	198	16127	15867
59368909	-1	506	1.718E-141	4	14507	17171	1061	213	0.470	7.932E-57	513	757	845	-15244	-14507	738	15283	14378
59389132	-1	862	1.170E-248	6	14176	17156	1016	167	0.540	1.376E-42	94	253	877	-17156	-16674	483	17294	16644
59389132	-1	862	1.170E-248	6	14176	17156	1027	196	0.603	4.073E-53	245	409	877	-16624	-16130	495	16624	16067
59389132	-1	862	1.170E-248	6	14176	17156	1031	61	0.472	4.481E-08	411	477	877	-16070	-15870	201	16127	15867
59389132	-1	862	1.170E-248	6	14176	17156	1044	42	0.416	6.358E-02	487	539	877	-15478	-15320	159	15499	15314
59389132	-1	862	1.170E-248	6	14176	17156	1061	286	0.592	2.795E-82	542	789	877	-15244	-14507	738	15283	14378
59389132	-1	862	1.170E-248	6	14176	17156	1065	123	0.685	2.772E-29	789	876	877	-14439	-14176	264	14496	14176
59390364	1	216	3.417E-54	1	1266	1574	33	216	0.984	1.453E-61	0	102	103	1266	1574	309	1239	1577
59451959	-1	792	1.381E-227	6	14176	17150	1016	145	0.476	7.953E-35	82	244	869	-17150	-16674	477	17294	16644
59451959	-1	792	1.381E-227	6	14176	17150	1027	184	0.568	5.176E-49	236	402	869	-16624	-16124	501	16624	16067
59451959	-1	792	1.381E-227	6	14176	17150	1031	64	0.489	2.573E-09	402	469	869	-16070	-15867	204	16127	15867
59451959	-1	792	1.381E-227	6	14176	17150	1044	53	0.505	8.269E-06	478	530	869	-15478	-15320	159	15499	15314
59451959	-1	792	1.381E-227	6	14176	17150	1061	256	0.541	6.365E-72	534	781	869	-15241	-14507	735	15283	14378
59451959	-1	792	1.381E-227	6	14176	17150	1065	116	0.585	8.239E-27	769	868	869	-14475	-14176	300	14496	14176
59463630	1	224	1.335E-56	3	9286	9874	210	143	0.717	2.824E-36	73	168	229	9286	9576	291	9283	9585
59463630	1	224	1.335E-56	3	9286	9874	212	33	0.718	2.582E+01	170	190	229	9644	9706	63	9584	9706
59463630	1	224	1.335E-56	3	9286	9874	216	49	0.644	1.112E-04	188	223	229	9767	9874	108	9746	9877
59466894	1	250	1.989E-64	2	1272	2195	33	213	0.981	1.328E-60	8	109	219	1272	1577	306	1239	1577
59466894	1	250	1.989E-64	2	1272	2195	44	89	0.795	2.554E-18	163	215	219	2037	2195	159	2010	2204
64911716	1	78	1.191E-12	1	27069	27389	624	78	0.395	4.431E-13	3	112	159	27069	27389	321	27036	27425
67056233	-1	507	8.588E-142	4	14507	17198	1016	190	0.561	1.684E-50	78	251	878	-17198	-16674	525	17294	16644
67056233	-1	507	8.588E-142	4	14507	17198	1031	88	0.638	1.391E-17	410	477	878	-16070	-15867	204	16127	15867
67056233	-1	507	8.588E-142	4	14507	17198	1044	68	0.601	3.315E-11	483	538	878	-15487	-15320	168	15499	15314
67056233	-1	507	8.588E-142	4	14507	17198	1061	322	0.653	1.071E-94	541	788	878	-15244	-14507	738	15283	14378
67792890	1	242	5.092E-62	2	1272	2189	33	212	0.976	3.426E-60	8	109	219	1272	1577	306	1239	1577
67792890	1	242	5.092E-62	2	1272	2189	44	82	0.763	7.764E-16	163	213	219	2037	2189	153	2010	2204
68254630	1	79	5.953E-13	1	27069	27335	624	79	0.458	1.258E-13	17	108	172	27069	27335	267	27036	27425
68313418	1	170	2.404E-40	2	9289	12528	210	141	0.715	1.374E-35	76	170	229	9289	9576	288	9283	9585
68313418	1	170	2.404E-40	2	9289	12528	275	50	0.696	3.095E-05	193	226	229	12427	12528	102	12397	12528
68322751	1	214	1.367E-53	1	1272	1577	33	214	0.983	9.679E-61	8	109	110	1272	1577	306	1239	1577
68834457	-1	790	5.526E-227	6	14176	17150	1016	141	0.467	1.332E-33	82	244	869	-17150	-16674	477	17294	16644
68834457	-1	790	5.526E-227	6	14176	17150	1027	182	0.563	2.500E-48	236	402	869	-16624	-16124	501	16624	16067
68834457	-1	790	5.526E-227	6	14176	17150	1031	69	0.516	7.838E-11	402	469	869	-16070	-15867	204	16127	15867
68834457	-1	790	5.526E-227	6	14176	17150	1044	54	0.512	4.368E-06	478	530	869	-15478	-15320	159	15499	15314
68834457	-1	790	5.526E-227	6	14176	17150	1061	255	0.539	2.231E-71	534	781	869	-15241	-14507	735	15283	14378
68834457	-1	790	5.526E-227	6	14176	17150	1065	115	0.580	2.128E-26	769	868	869	-14475	-14176	300	14496	14176
68867393	1	169	4.809E-40	2	1746	2180	41	104	0.670	1.043E-22	89	164	217	1746	1964	219	1689	2006
68867393	1	169	4.809E-40	2	1746	2180	44	66	0.663	2.594E-10	163	210	217	2037	2180	144	2010	2204
69492692	1	257	1.554E-66	2	1272	2201	33	217	0.997	5.632E-62	8	109	219	1272	1577	306	1239	1577
69492692	1	257	1.554E-66	2	1272	2201	44	92	0.794	2.014E-19	163	217	219	2037	2201	165	2010	2204
69942967	-1	543	1.250E-152	4	14507	17165	1016	109	0.383	1.274E-22	106	268	886	-17165	-16674	492	17294	16644
69942967	-1	543	1.250E-152	4	14507	17165	1027	183	0.564	1.824E-48	267	433	886	-16603	-16109	495	16624	16067
69942967	-1	543	1.250E-152	4	14507	17165	1031	64	0.490	4.855E-09	429	495	886	-16067	-15867	201	16127	15867
69942967	-1	543	1.250E-152	4	14507	17165	1061	254	0.543	4.177E-71	560	798	886	-15241	-14507	735	15283	14378
70121046	-1	140	2.582E-31	1	14630	15028	1061	140	0.545	4.127E-32	0	132	179	-15028	-14630	399	15283	14378
71518777	-1	832	1.256E-239	6	14176	17150	1016	154	0.510	5.897E-38	109	266	891	-17150	-16674	477	17294	16644
71518777	-1	832	1.256E-239	6	14176	17150	1027	190	0.587	6.294E-51	258	422	891	-16624	-16130	495	16624	16067
71518777	-1	832	1.256E-239	6	14176	17150	1031	65	0.503	1.873E-09	424	489	891	-16070	-15873	198	16127	15867
71518777	-1	832	1.256E-239	6	14176	17150	1044	48	0.439	5.250E-04	498	554	891	-15484	-15314	171	15499	15314
71518777	-1	832	1.256E-239	6	14176	17150	1061	271	0.550	5.795E-77	547	803	891	-15268	-14507	762	15283	14378
71518777	-1	832	1.256E-239	6	14176	17150	1065	122	0.679	7.161E-29	803	890	891	-14439	-14176	264	14496	14176
71615749	-1	512	2.684E-143	4	14507	16624	1027	186	0.572	1.072E-49	273	439	904	-16624	-16130	495	16624	16067
71615749	-1	512	2.684E-143	4	14507	16624	1031	62	0.406	2.375E-08	426	505	904	-16124	-15876	249	16127	15867
71615749	-1	512	2.684E-143	4	14507	16624	1044	46	0.445	1.885E-03	521	574	904	-15478	-15317	162	15499	15314
71615749	-1	512	2.684E-143	4	14507	16624	1061	245	0.528	4.129E-68	577	816	904	-15241	-14507	735	15283	14378
72255056	1	269	3.793E-70	2	1272	2201	33	219	1.000	1.160E-62	8	109	218	1272	1577	306	1239	1577
72255056	1	269	3.793E-70	2	1272	2201	44	102	0.871	7.221E-23	163	217	218	2037	2201	165	2010	2204
72478311	1	228	8.342E-58	3	9289	9877	210	138	0.703	1.258E-34	81	175	236	9289	9576	288	9283	9585
72478311	1	228	8.342E-58	3	9289	9877	212	37	0.801	1.032E+00	177	197	236	9644	9706	63	9584	9706
72478311	1	228	8.342E-58	3	9289	9877	216	51	0.706	1.633E-05	198	231	236	9776	9877	102	9746	9877
72546934	1	78	1.191E-12	1	27063	27335	624	78	0.447	2.361E-13	24	117	181	27063	27335	273	27036	27425
72921382	1	179	4.696E-43	3	8889	9706	198	38	0.942	6.726E-01	17	34	226	8889	8942	54	8820	8954
72921382	1	179	4.696E-43	3	8889	9706	210	143	0.721	1.500E-36	72	167	226	9286	9576	291	9283	9585
72921382	1	179	4.696E-43	3	8889	9706	212	33	0.673	4.922E+01	168	189	226	9641	9706	66	9584	9706
72924744	1	184	1.468E-44	2	9286	9706	210	145	0.728	4.232E-37	72	168	227	9286	9576	291	9283	9585
72924744	1	184	1.468E-44	2	9286	9706	212	38	0.792	3.933E-01	169	190	227	9641	9706	66	9584	9706
72932305	1	159	4.924E-37	2	11940	12525	270	127	0.656	6.457E-31	77	171	251	11940	12227	288	11934	12236
72932305	1	159	4.924E-37	2	11940	12525	275	53	0.755	2.402E-06	194	226	251	12427	12525	99	12397	12528
72952662	1	170	2.404E-40	2	9289	12528	210	141	0.715	1.374E-35	76	170	229	9289	9576	288	9283	9585
72952662	1	170	2.404E-40	2	9289	12528	275	50	0.696	3.095E-05	193	226	229	12427	12528	102	12397	12528
72981076	1	302	4.416E-80	5	8883	9877	198	32	0.724	8.429E+01	154	173	365	8883	8942	60	8820	8954
72981076	1	302	4.416E-80	5	8883	9877	205	38	0.494	1.066E+00	175	210	365	9109	9222	114	9106	9267
72981076	1	302	4.416E-80	5	8883	9877	210	147	0.735	1.194E-37	211	306	365	9286	9576	291	9283	9585
72981076	1	302	4.416E-80	5	8883	9877	212	34	0.735	1.355E+01	308	328	365	9644	9706	63	9584	9706
72981076	1	302	4.416E-80	5	8883	9877	216	48	0.624	1.531E-04	326	362	365	9767	9877	111	9746	9877
73167987	1	168	9.618E-40	2	9289	9874	210	141	0.717	1.001E-35	75	169	234	9289	9576	288	9283	9585
73167987	1	168	9.618E-40	2	9289	9874	216	48	0.688	1.531E-04	192	224	234	9776	9874	99	9746	9877
73339029	1	165	7.694E-39	2	9289	9877	210	138	0.705	9.169E-35	75	169	228	9289	9576	288	9283	9585
73339029	1	165	7.694E-39	2	9289	9877	216	48	0.666	2.108E-04	192	225	228	9776	9877	102	9746	9877
73494456	1	163	3.078E-38	2	9289	9874	210	136	0.692	8.398E-34	84	178	244	9289	9576	288	9283	9585
73494456	1	163	3.078E-38	2	9289	9874	216	48	0.683	2.108E-04	201	233	244	9776	9874	99	9746	9877
73495888	1	226	3.337E-57	2	1272	2195	33	205	0.945	1.388E-57	8	109	220	1272	1577	306	1239	1577
73495888	1	226	3.337E-57	2	1272	2195	44	73	0.665	1.162E-12	163	215	220	2037	2195	159	2010	2204
73595612	-1	180	2.348E-43	2	1272	1961	1352	75	0.650	1.942E-13	99	154	311	-1961	-1794	168	1976	1794
73595612	-1	180	2.348E-43	2	1272	1961	1362	111	0.537	1.764E-24	148	254	311	-1592	-1272	321	1664	1212
73609383	1	105	8.871E-21	1	1746	1964	41	105	0.674	5.541E-23	3	78	83	1746	1964	219	1689	2006
73618404	1	79	5.953E-13	1	27078	27335	624	79	0.469	1.258E-13	9	97	162	27078	27335	258	27036	27425
73663876	1	248	7.956E-64	2	1272	2195	33	214	0.986	5.145E-61	8	109	219	1272	1577	306	1239	1577
73663876	1	248	7.956E-64	2	1272	2195	44	86	0.773	2.358E-17	163	215	219	2037	2195	159	2010	2204
73667280	-1	503	1.374E-140	4	14176	17150	1016	113	0.402	5.671E-24	119	277	895	-17150	-16674	477	17294	16644
73667280	-1	503	1.374E-140	4	14176	17150	1027	164	0.535	3.553E-42	276	435	895	-16603	-16130	474	16624	16067
73667280	-1	503	1.374E-140	4	14176	17150	1061	244	0.525	1.446E-67	568	807	895	-15241	-14507	735	15283	14378
73667280	-1	503	1.374E-140	4	14176	17150	1065	113	0.639	5.498E-26	807	894	895	-14439	-14176	264	14496	14176
73674109	1	274	1.185E-71	5	11532	12525	258	33	0.920	5.055E+01	180	195	388	11532	11579	48	11457	11618
73674109	1	274	1.185E-71	5	11532	12525	264	44	0.490	8.691E-03	197	239	388	11760	11894	135	11757	11918
73674109	1	274	1.185E-71	5	11532	12525	270	126	0.700	1.668E-30	234	320	388	11940	12203	264	11934	12236
73674109	1	274	1.185E-71	5	11532	12525	272	33	0.718	2.582E+01	331	351	388	12295	12357	63	12235	12357
73674109	1	274	1.185E-71	5	11532	12525	275	48	0.678	2.903E-04	352	384	388	12427	12525	99	12397	12528
73689949	1	249	3.978E-64	2	1272	2180	33	218	1.000	2.183E-62	8	109	217	1272	1577	306	1239	1577
73689949	1	249	3.978E-64	2	1272	2180	44	83	0.818	2.179E-16	163	210	217	2037	2180	144	2010	2204
73693811	1	243	2.546E-62	2	1272	2186	33	217	0.996	7.725E-62	8	109	219	1272	1577	306	1239	1577
73693811	1	243	2.546E-62	2	1272	2186	44	78	0.742	1.863E-14	163	212	219	2037	2186	150	2010	2204
73700206	1	244	1.273E-62	2	1272	2201	33	213	0.981	1.328E-60	8	109	218	1272	1577	306	1239	1577
73700206	1	244	1.273E-62	2	1272	2201	44	83	0.727	2.179E-16	163	217	218	2037	2201	165	2010	2204
73786758	1	216	3.417E-54	1	1266	1574	33	216	0.985	1.060E-61	0	102	103	1266	1574	309	1239	1577
73805311	1	223	2.669E-56	2	1272	2195	33	209	0.963	4.293E-59	8	109	220	1272	1577	306	1239	1577
73805311	1	223	2.669E-56	2	1272	2195	44	66	0.607	3.566E-10	163	215	220	2037	2195	159	2010	2204
73845490	1	187	1.834E-45	2	1746	2195	41	107	0.688	8.300E-24	99	174	230	1746	1964	219	1689	2006
73845490	1	187	1.834E-45	2	1746	2195	44	81	0.735	1.067E-15	173	225	230	2037	2195	159	2010	2204
73856792	-1	537	7.998E-151	4	14507	17081	1016	120	0.459	2.838E-26	1	141	746	-17081	-16674	408	17294	16644
73856792	-1	537	7.998E-151	4	14507	17081	1027	176	0.566	3.855E-46	140	299	746	-16603	-16124	480	16624	16067
73856792	-1	537	7.998E-151	4	14507	17081	1031	63	0.482	1.258E-08	299	365	746	-16070	-15870	201	16127	15867
73856792	-1	537	7.998E-151	4	14507	17081	1061	241	0.516	9.479E-67	430	677	746	-15241	-14507	735	15283	14378
73883121	-1	415	4.253E-114	4	15326	17183	1016	123	0.409	1.712E-27	85	254	882	-17183	-16674	510	17294	16644
73883121	-1	415	4.253E-114	4	15326	17183	1027	184	0.567	7.092E-49	246	412	882	-16624	-16124	501	16624	16067
73883121	-1	415	4.253E-114	4	15326	17183	1031	71	0.555	1.603E-11	412	475	882	-16070	-15879	192	16127	15867
73883121	-1	415	4.253E-114	4	15326	17183	1044	54	0.515	3.175E-06	487	539	882	-15484	-15326	159	15499	15314
73888654	1	240	2.037E-61	4	9109	9874	205	33	0.423	9.628E+01	87	123	276	9109	9225	117	9106	9267
73888654	1	240	2.037E-61	4	9109	9874	210	124	0.690	8.118E-30	124	210	276	9289	9552	264	9283	9585
73888654	1	240	2.037E-61	4	9109	9874	212	36	0.752	1.963E+00	218	239	276	9641	9706	66	9584	9706
73888654	1	240	2.037E-61	4	9109	9874	216	53	0.691	4.549E-06	237	272	276	9767	9874	108	9746	9877
73920739	1	230	2.085E-58	3	9289	9874	210	144	0.729	1.093E-36	49	143	203	9289	9576	288	9283	9585
73920739	1	230	2.085E-58	3	9289	9874	212	34	0.726	1.870E+01	145	165	203	9644	9706	63	9584	9706
73920739	1	230	2.085E-58	3	9289	9874	216	50	0.709	4.261E-05	166	198	203	9776	9874	99	9746	9877
73976131	1	171	1.202E-40	2	1746	2195	41	102	0.657	6.966E-22	89	164	220	1746	1964	219	1689	2006
73976131	1	171	1.202E-40	2	1746	2195	44	70	0.639	1.480E-11	163	215	220	2037	2195	159	2010	2204
73999805	-1	89	5.813E-16	1	1272	1622	1362	89	0.418	1.471E-16	34	150	163	-1622	-1272	351	1664	1212
74011082	1	238	8.146E-61	2	1272	2201	33	213	0.981	1.328E-60	8	109	219	1272	1577	306	1239	1577
74011082	1	238	8.146E-61	2	1272	2201	44	77	0.678	3.518E-14	163	217	219	2037	2201	165	2010	2204
74589540	1	70	3.048E-10	1	27069	27272	624	70	0.524	1.749E-10	33	100	108	27069	27272	204	27036	27425
79120054	1	205	6.998E-51	1	1245	1577	33	205	0.878	1.012E-57	0	110	111	1245	1577	333	1239	1577
80244627	1	171	1.202E-40	2	1746	2195	41	102	0.657	6.966E-22	89	164	220	1746	1964	219	1689	2006
80244627	1	171	1.202E-40	2	1746	2195	44	70	0.642	1.077E-11	163	215	220	2037	2195	159	2010	2204
80392853	1	227	1.668E-57	2	1272	2189	33	204	0.942	2.612E-57	8	109	218	1272	1577	306	1239	1577
80392853	1	227	1.668E-57	2	1272	2189	44	75	0.703	2.369E-13	163	213	218	2037	2189	153	2010	2204
80442158	1	247	1.591E-63	2	1272	2180	33	213	0.981	1.328E-60	8	109	219	1272	1577	306	1239	1577
80442158	1	247	1.591E-63	2	1272	2180	44	86	0.843	2.358E-17	163	210	219	2037	2180	144	2010	2204
80776226	1	171	1.202E-40	2	9289	12525	210	138	0.705	9.169E-35	73	167	245	9289	9576	288	9283	9585
80776226	1	171	1.202E-40	2	9289	12525	275	54	0.760	1.745E-06	190	222	245	12427	12525	99	12397	12528
81791073	-1	554	6.102E-156	4	14507	17156	1016	119	0.413	7.232E-26	106	266	884	-17156	-16674	483	17294	16644
81791073	-1	554	6.102E-156	4	14507	17156	1027	185	0.591	2.012E-49	265	424	884	-16603	-16130	474	16624	16067
81791073	-1	554	6.102E-156	4	14507	17156	1031	68	0.512	1.479E-10	426	493	884	-16070	-15867	204	16127	15867
81791073	-1	554	6.102E-156	4	14507	17156	1061	244	0.526	1.057E-67	558	796	884	-15241	-14507	735	15283	14378
82145238	1	170	2.404E-40	2	9289	12528	210	136	0.692	8.398E-34	77	171	241	9289	9576	288	9283	9585
82145238	1	170	2.404E-40	2	9289	12528	275	55	0.751	9.214E-07	194	227	241	12427	12528	102	12397	12528
82930625	1	264	1.214E-68	2	1272	2201	33	218	1.000	2.183E-62	8	109	218	1272	1577	306	1239	1577
82930625	1	264	1.214E-68	2	1272	2201	44	98	0.843	1.255E-21	163	217	218	2037	2201	165	2010	2204
82986287	-1	562	2.384E-158	4	14176	17150	1016	139	0.459	4.657E-33	64	228	852	-17150	-16668	483	17294	16644
82986287	-1	562	2.384E-158	4	14176	17150	1027	176	0.591	2.813E-46	232	383	852	-16585	-16130	456	16624	16067
82986287	-1	562	2.384E-158	4	14176	17150	1061	266	0.557	3.424E-75	517	764	852	-15241	-14507	735	15283	14378
82986287	-1	562	2.384E-158	4	14176	17150	1065	126	0.630	1.608E-30	752	851	852	-14475	-14176	300	14496	14176
83471801	1	269	3.793E-70	2	1272	2201	33	219	1.000	1.160E-62	8	109	218	1272	1577	306	1239	1577
83471801	1	269	3.793E-70	2	1272	2201	44	102	0.868	9.917E-23	163	217	218	2037	2201	165	2010	2204
84530030	1	166	3.847E-39	2	9289	12525	210	134	0.685	2.977E-33	76	170	230	9289	9576	288	9283	9585
84530030	1	166	3.847E-39	2	9289	12525	275	53	0.750	3.305E-06	193	225	230	12427	12525	99	12397	12528
87102153	1	259	3.885E-67	2	1272	2198	33	215	0.989	2.734E-61	8	109	218	1272	1577	306	1239	1577
87102153	1	259	3.885E-67	2	1272	2198	44	96	0.835	1.157E-20	163	216	218	2037	2198	162	2010	2204
87492585	1	167	1.924E-39	2	9289	9874	210	135	0.689	1.581E-33	59	153	214	9289	9576	288	9283	9585
87492585	1	167	1.924E-39	2	9289	9874	216	53	0.745	4.549E-06	176	208	214	9776	9874	99	9746	9877
87638501	1	177	1.878E-42	4	8898	12357	198	33	0.953	6.104E+01	20	34	234	8898	8942	45	8820	8954
87638501	1	177	1.878E-42	4	8898	12357	258	34	1.000	1.925E+01	20	34	234	11535	11579	45	11457	11618
87638501	1	177	1.878E-42	4	8898	12357	270	130	0.644	9.670E-32	73	172	234	11940	12236	297	11934	12236
87638501	1	177	1.878E-42	4	8898	12357	272	36	0.752	1.963E+00	166	187	234	12292	12357	66	12235	12357
87681747	1	186	3.669E-45	2	9286	9706	210	147	0.736	8.702E-38	72	168	227	9286	9576	291	9283	9585
87681747	1	186	3.669E-45	2	9286	9706	212	38	0.792	3.933E-01	169	190	227	9641	9706	66	9584	9706
87944513	1	173	3.006E-41	2	9289	9874	210	142	0.720	5.318E-36	76	170	235	9289	9576	288	9283	9585
87944513	1	173	3.006E-41	2	9289	9874	216	52	0.740	6.262E-06	193	225	235	9776	9874	99	9746	9877
87993039	1	179	4.696E-43	2	9289	9874	210	151	0.760	3.680E-39	75	169	233	9289	9576	288	9283	9585
87993039	1	179	4.696E-43	2	9289	9874	216	49	0.704	5.866E-05	192	224	233	9776	9874	99	9746	9877
88021663	1	260	1.942E-67	2	1272	2201	33	219	1.000	1.591E-62	8	109	219	1272	1577	306	1239	1577
88021663	1	260	1.942E-67	2	1272	2201	44	93	0.797	1.466E-19	163	217	219	2037	2201	165	2010	2204
88067539	1	268	7.587E-70	2	1272	2201	33	218	0.999	4.106E-62	8	109	218	1272	1577	306	1239	1577
88067539	1	268	7.587E-70	2	1272	2201	44	102	0.874	5.258E-23	163	217	218	2037	2201	165	2010	2204
88084506	1	255	6.215E-66	2	1272	2195	33	219	1.000	1.591E-62	63	164	274	1272	1577	306	1239	1577
88084506	1	255	6.215E-66	2	1272	2195	44	88	0.789	4.819E-18	218	270	274	2037	2195	159	2010	2204
88088680	1	254	1.243E-65	2	1272	2198	33	218	0.999	4.106E-62	8	109	219	1272	1577	306	1239	1577
88088680	1	254	1.243E-65	2	1272	2198	44	88	0.776	4.819E-18	163	216	219	2037	2198	162	2010	2204
88099726	-1	808	2.108E-232	6	14176	17150	1016	142	0.465	7.119E-34	63	227	850	-17150	-16668	483	17294	16644
88099726	-1	808	2.108E-232	6	14176	17150	1027	178	0.557	7.985E-47	217	381	850	-16624	-16130	495	16624	16067
88099726	-1	808	2.108E-232	6	14176	17150	1031	68	0.512	1.479E-10	383	450	850	-16070	-15867	204	16127	15867
88099726	-1	808	2.108E-232	6	14176	17150	1044	51	0.493	2.964E-05	459	511	850	-15478	-15320	159	15499	15314
88099726	-1	808	2.108E-232	6	14176	17150	1061	263	0.553	2.249E-74	515	762	850	-15241	-14507	735	15283	14378
88099726	-1	808	2.108E-232	6	14176	17150	1065	121	0.675	1.348E-28	762	849	850	-14439	-14176	264	14496	14176
88123806	-1	546	1.562E-153	4	14507	17111	1016	123	0.446	1.712E-27	191	341	961	-17111	-16674	438	17294	16644
88123806	-1	546	1.562E-153	4	14507	17111	1027	163	0.515	9.132E-42	333	499	961	-16624	-16130	495	16624	16067
88123806	-1	546	1.562E-153	4	14507	17111	1031	63	0.487	6.670E-09	502	568	961	-16067	-15867	201	16127	15867
88123806	-1	546	1.562E-153	4	14507	17111	1061	259	0.538	5.179E-73	624	873	961	-15265	-14507	759	15283	14378
88158534	1	261	9.711E-68	2	1272	2201	33	219	1.000	1.591E-62	39	140	250	1272	1577	306	1239	1577
88158534	1	261	9.711E-68	2	1272	2201	44	94	0.807	5.658E-20	194	248	250	2037	2201	165	2010	2204
88173745	-1	113	3.465E-23	1	16674	17156	1016	113	0.393	5.671E-24	38	201	203	-17156	-16674	483	17294	16644
88202415	1	242	5.092E-62	2	1272	2201	33	220	1.000	4.495E-63	8	109	219	1272	1577	306	1239	1577
88202415	1	242	5.092E-62	2	1272	2201	44	74	0.650	6.151E-13	163	217	219	2037	2201	165	2010	2204
88221670	1	216	3.417E-54	1	1266	1574	33	216	0.985	1.060E-61	0	102	103	1266	1574	309	1239	1577
88292734	1	257	1.554E-66	2	1272	2201	33	218	0.999	4.106E-62	8	109	219	1272	1577	306	1239	1577
88292734	1	257	1.554E-66	2	1272	2201	44	91	0.782	7.172E-19	163	217	219	2037	2201	165	2010	2204
88320874	1	260	1.942E-67	2	1272	2204	33	218	0.999	4.106E-62	8	109	219	1272	1577	306	1239	1577
88320874	1	260	1.942E-67	2	1272	2204	44	94	0.797	4.119E-20	163	218	219	2037	2204	168	2010	2204
88332871	-1	539	2.000E-151	4	14176	16624	1027	192	0.587	9.507E-52	264	429	895	-16624	-16124	501	16624	16067
88332871	-1	539	2.000E-151	4	14176	16624	1044	51	0.469	4.079E-05	501	556	895	-15487	-15320	168	15499	15314
88332871	-1	539	2.000E-151	4	14176	16624	1061	261	0.534	1.477E-73	551	807	895	-15268	-14507	762	15283	14378
88332871	-1	539	2.000E-151	4	14176	16624	1065	121	0.609	9.825E-29	795	894	895	-14475	-14176	300	14496	14176
88403804	1	236	3.259E-60	2	1272	2195	33	211	0.971	8.842E-60	8	109	220	1272	1577	306	1239	1577
88403804	1	236	3.259E-60	2	1272	2195	44	77	0.696	4.834E-14	163	215	220	2037	2195	159	2010	2204
88404078	1	257	1.554E-66	2	1272	2198	33	218	0.999	4.106E-62	20	121	231	1272	1577	306	1239	1577
88404078	1	257	1.554E-66	2	1272	2198	44	91	0.795	7.172E-19	175	228	231	2037	2198	162	2010	2204
88415882	1	205	6.998E-51	2	1746	2195	41	115	0.730	2.033E-26	80	155	210	1746	1964	219	1689	2006
88415882	1	205	6.998E-51	2	1746	2195	44	91	0.814	3.801E-19	154	206	210	2037	2195	159	2010	2204
88547255	-1	375	4.676E-102	3	14507	16600	1027	158	0.521	5.458E-40	257	415	875	-16600	-16127	474	16624	16067
88547255	-1	375	4.676E-102	3	14507	16600	1044	48	0.448	7.226E-04	490	544	875	-15484	-15320	165	15499	15314
88547255	-1	375	4.676E-102	3	14507	16600	1061	244	0.505	1.446E-67	542	787	875	-15277	-14507	771	15283	14378
95130274	1	174	1.503E-41	2	1746	2189	41	103	0.663	2.696E-22	89	164	214	1746	1964	219	1689	2006
95130274	1	174	1.503E-41	2	1746	2189	44	72	0.677	3.016E-12	163	213	214	2037	2189	153	2010	2204
95257332	1	76	4.762E-12	1	27075	27335	624	76	0.450	1.561E-12	45	134	151	27075	27335	261	27036	27425
96411637	1	231	1.043E-58	3	9289	12525	210	143	0.725	2.058E-36	68	162	221	9289	9576	288	9283	9585
96411637	1	231	1.043E-58	3	9289	12525	212	36	0.744	2.708E+00	163	184	221	9641	9706	66	9584	9706
96411637	1	231	1.043E-58	3	9289	12525	275	50	0.709	4.261E-05	185	217	221	12427	12525	99	12397	12528
97435286	-1	403	1.742E-110	4	14507	17198	1016	190	0.561	1.684E-50	78	251	793	-17198	-16674	525	17294	16644
97435286	-1	403	1.742E-110	4	14507	17198	1031	88	0.638	1.391E-17	410	477	793	-16070	-15867	204	16127	15867
97435286	-1	403	1.742E-110	4	14507	17198	1044	68	0.601	3.315E-11	483	538	793	-15487	-15320	168	15499	15314
97435286	-1	403	1.742E-110	4	14507	17198	1061	226	0.648	1.396E-61	529	703	793	-15022	-14507	516	15283	14378
98455136	1	260	1.942E-67	2	1272	2201	33	219	1.000	1.591E-62	8	109	219	1272	1577	306	1239	1577
98455136	1	260	1.942E-67	2	1272	2201	44	93	0.797	1.466E-19	163	217	219	2037	2201	165	2010	2204
98546851	-1	787	4.421E-226	6	14176	17150	1016	141	0.468	9.736E-34	82	244	869	-17150	-16674	477	17294	16644
98546851	-1	787	4.421E-226	6	14176	17150	1027	183	0.564	1.824E-48	236	402	869	-16624	-16124	501	16624	16067
98546851	-1	787	4.421E-226	6	14176	17150	1031	66	0.501	5.263E-10	402	469	869	-16070	-15867	204	16127	15867
98546851	-1	787	4.421E-226	6	14176	17150	1044	51	0.489	4.079E-05	478	530	869	-15478	-15320	159	15499	15314
98546851	-1	787	4.421E-226	6	14176	17150	1061	257	0.542	4.652E-72	534	781	869	-15241	-14507	735	15283	14378
98546851	-1	787	4.421E-226	6	14176	17150	1065	115	0.580	2.128E-26	769	868	869	-14475	-14176	300	14496	14176
98812902	1	246	3.182E-63	2	1272	2180	33	213	0.981	1.328E-60	8	109	220	1272	1577	306	1239	1577
98812902	1	246	3.182E-63	2	1272	2180	44	85	0.836	4.451E-17	163	210	220	2037	2180	144	2010	2204
99515832	-1	685	2.242E-195	5	14176	17183	1016	147	0.454	8.877E-36	24	200	825	-17183	-16674	510	17294	16644
99515832	-1	685	2.242E-195	5	14176	17183	1027	179	0.555	3.104E-47	192	358	825	-16624	-16124	501	16624	16067
99515832	-1	685	2.242E-195	5	14176	17183	1031	63	0.482	6.670E-09	358	425	825	-16070	-15867	204	16127	15867
99515832	-1	685	2.242E-195	5	14176	17183	1061	261	0.549	1.477E-73	490	737	825	-15241	-14507	735	15283	14378
99515832	-1	685	2.242E-195	5	14176	17183	1065	116	0.585	8.239E-27	725	824	825	-14475	-14176	300	14496	14176
100622971	1	299	3.533E-79	2	1272	2201	33	213	0.988	1.821E-60	8	108	171	1272	1574	303	1239	1577
100622971	1	299	3.533E-79	2	1272	2201	44	92	0.794	2.014E-19	116	170	171	2037	2201	165	2010	2204
101161748	-1	821	2.573E-236	6	14176	17153	1016	141	0.467	1.332E-33	111	273	898	-17153	-16674	480	17294	16644
101161748	-1	821	2.573E-236	6	14176	17153	1027	193	0.596	3.695E-52	265	429	898	-16624	-16130	495	16624	16067
101161748	-1	821	2.573E-236	6	14176	17153	1031	65	0.492	1.873E-09	431	498	898	-16070	-15867	204	16127	15867
101161748	-1	821	2.573E-236	6	14176	17153	1044	55	0.505	1.678E-06	505	559	898	-15484	-15320	165	15499	15314
101161748	-1	821	2.573E-236	6	14176	17153	1061	257	0.543	3.400E-72	563	810	898	-15241	-14507	735	15283	14378
101161748	-1	821	2.573E-236	6	14176	17153	1065	121	0.675	1.348E-28	810	897	898	-14439	-14176	264	14496	14176
102210094	1	171	1.202E-40	2	9286	12528	210	139	0.700	6.682E-35	76	171	231	9286	9576	291	9283	9585
102210094	1	171	1.202E-40	2	9286	12528	275	53	0.726	4.549E-06	194	227	231	12427	12528	102	12397	12528
102211118	1	170	2.404E-40	2	9289	12528	210	141	0.715	1.374E-35	76	170	229	9289	9576	288	9283	9585
102211118	1	170	2.404E-40	2	9289	12528	275	50	0.696	3.095E-05	193	226	229	12427	12528	102	12397	12528
102261815	1	141	1.291E-31	2	8883	9582	198	38	0.846	9.276E-01	13	32	223	8883	8942	60	8820	8954
102261815	1	141	1.291E-31	2	8883	9582	210	140	0.689	1.885E-35	71	170	223	9289	9582	294	9283	9585
102344825	1	167	1.924E-39	3	8880	9706	198	38	0.817	6.726E-01	20	40	231	8880	8942	63	8820	8954
102344825	1	167	1.924E-39	3	8880	9706	210	134	0.658	2.170E-33	79	179	231	9289	9585	297	9283	9585
102344825	1	167	1.924E-39	3	8880	9706	212	38	0.776	7.480E-01	173	194	231	9641	9706	66	9584	9706
102357855	1	177	1.878E-42	4	8898	12525	198	34	0.989	2.319E+01	17	31	223	8898	8942	45	8820	8954
102357855	1	177	1.878E-42	4	8898	12525	258	33	0.965	6.976E+01	17	31	223	11535	11579	45	11457	11618
102357855	1	177	1.878E-42	4	8898	12525	270	132	0.673	1.056E-32	70	165	223	11937	12227	291	11934	12236
102357855	1	177	1.878E-42	4	8898	12525	275	49	0.704	5.866E-05	188	220	223	12427	12525	99	12397	12528
102493970	1	190	2.293E-46	2	9292	9706	210	155	0.785	1.556E-40	58	151	210	9292	9576	285	9283	9585
102493970	1	190	2.293E-46	2	9292	9706	212	34	0.743	9.817E+00	153	173	210	9644	9706	63	9584	9706
102641204	1	219	4.271E-55	1	1266	1574	33	219	0.995	1.591E-62	0	102	103	1266	1574	309	1239	1577
102715077	-1	790	5.526E-227	6	14176	17150	1016	141	0.476	1.332E-33	73	228	854	-17150	-16674	477	17294	16644
102715077	-1	790	5.526E-227	6	14176	17150	1027	179	0.580	3.104E-47	227	384	854	-16603	-16130	474	16624	16067
102715077	-1	790	5.526E-227	6	14176	17150	1031	68	0.509	2.031E-10	386	453	854	-16070	-15867	204	16127	15867
102715077	-1	790	5.526E-227	6	14176	17150	1044	48	0.464	5.250E-04	462	514	854	-15478	-15320	159	15499	15314
102715077	-1	790	5.526E-227	6	14176	17150	1061	253	0.534	7.820E-71	518	766	854	-15241	-14507	735	15283	14378
102715077	-1	790	5.526E-227	6	14176	17150	1065	119	0.599	6.557E-28	754	853	854	-14475	-14176	300	14496	14176
102721651	-1	609	1.694E-172	5	14176	17150	1016	118	0.409	1.349E-25	201	362	975	-17150	-16674	477	17294	16644
102721651	-1	609	1.694E-172	5	14176	17150	1027	155	0.503	6.760E-39	358	512	975	-16612	-16124	489	16624	16067
102721651	-1	609	1.694E-172	5	14176	17150	1031	61	0.465	6.155E-08	512	579	975	-16070	-15867	204	16127	15867
102721651	-1	609	1.694E-172	5	14176	17150	1061	216	0.476	4.757E-58	642	887	975	-15244	-14507	738	15283	14378
102721651	-1	609	1.694E-172	5	14176	17150	1065	122	0.679	7.161E-29	887	974	975	-14439	-14176	264	14496	14176
102734205	1	218	8.542E-55	1	1266	1574	33	218	0.990	4.106E-62	0	102	103	1266	1574	309	1239	1577
102771047	1	250	1.989E-64	2	1272	2201	33	216	0.994	1.060E-61	8	109	219	1272	1577	306	1239	1577
102771047	1	250	1.989E-64	2	1272	2201	44	86	0.745	3.240E-17	163	217	219	2037	2201	165	2010	2204
102854884	1	244	1.273E-62	2	1272	2201	33	217	0.997	5.632E-62	8	109	219	1272	1577	306	1239	1577
102854884	1	244	1.273E-62	2	1272	2201	44	79	0.693	7.180E-15	163	217	219	2037	2201	165	2010	2204
102890661	-1	363	1.915E-98	3	14507	16603	1027	166	0.545	1.009E-42	113	270	699	-16603	-16130	474	16624	16067
102890661	-1	363	1.915E-98	3	14507	16603	1031	66	0.508	5.263E-10	273	339	699	-16067	-15867	201	16127	15867
102890661	-1	363	1.915E-98	3	14507	16603	1061	190	0.424	3.114E-49	399	646	699	-15262	-14507	756	15283	14378
102917478	1	193	2.866E-47	2	1746	2186	41	105	0.677	4.038E-23	62	137	193	1746	1964	219	1689	2006
102917478	1	193	2.866E-47	2	1746	2186	44	89	0.833	3.508E-18	136	185	193	2037	2186	150	2010	2204
102958144	1	262	4.856E-68	2	1272	2204	33	216	0.994	1.060E-61	19	120	231	1272	1577	306	1239	1577
102958144	1	262	4.856E-68	2	1272	2204	44	98	0.827	1.724E-21	174	229	231	2037	2204	168	2010	2204
103003324	1	245	6.364E-63	2	1272	2198	33	219	1.000	1.591E-62	8	109	219	1272	1577	306	1239	1577
103003324	1	245	6.364E-63	2	1272	2198	44	78	0.692	2.560E-14	163	216	219	2037	2198	162	2010	2204
103004081	1	230	2.085E-58	3	9289	9874	210	144	0.729	1.093E-36	49	143	203	9289	9576	288	9283	9585
103004081	1	230	2.085E-58	3	9289	9874	212	34	0.726	1.870E+01	145	165	203	9644	9706	63	9584	9706
103004081	1	230	2.085E-58	3	9289	9874	216	50	0.709	4.261E-05	166	198	203	9776	9874	99	9746	9877
103004395	1	230	2.085E-58	3	9289	9874	210	144	0.729	1.093E-36	49	143	203	9289	9576	288	9283	9585
103004395	1	230	2.085E-58	3	9289	9874	212	34	0.726	1.870E+01	145	165	203	9644	9706	63	9584	9706
103004395	1	230	2.085E-58	3	9289	9874	216	50	0.709	4.261E-05	166	198	203	9776	9874	99	9746	9877
103049004	1	212	5.467E-53	1	1266	1574	33	212	0.968	3.426E-60	0	102	103	1266	1574	309	1239	1577
103049863	-1	186	3.669E-45	2	1269	1961	1352	75	0.650	1.942E-13	100	155	283	-1961	-1794	168	1976	1794
103049863	-1	186	3.669E-45	2	1269	1961	1362	117	0.553	2.940E-26	149	256	283	-1592	-1269	324	1664	1212
103066280	1	250	1.989E-64	2	1272	2201	33	213	0.981	1.328E-60	8	109	219	1272	1577	306	1239	1577
103066280	1	250	1.989E-64	2	1272	2201	44	89	0.770	2.554E-18	163	217	219	2037	2201	165	2010	2204
103093670	-1	809	1.054E-232	6	14176	17150	1016	145	0.485	4.251E-35	55	214	836	-17150	-16674	477	17294	16644
103093670	-1	809	1.054E-232	6	14176	17150	1027	178	0.553	5.828E-47	206	372	836	-16624	-16124	501	16624	16067
103093670	-1	809	1.054E-232	6	14176	17150	1031	70	0.521	4.155E-11	372	439	836	-16070	-15867	204	16127	15867
103093670	-1	809	1.054E-232	6	14176	17150	1044	49	0.457	2.771E-04	445	499	836	-15484	-15320	165	15499	15314
103093670	-1	809	1.054E-232	6	14176	17150	1061	274	0.577	4.707E-78	504	748	836	-15238	-14507	732	15283	14378
103093670	-1	809	1.054E-232	6	14176	17150	1065	117	0.590	3.189E-27	736	835	836	-14475	-14176	300	14496	14176
103094142	1	253	2.486E-65	2	1272	2180	33	218	1.000	2.183E-62	8	109	217	1272	1577	306	1239	1577
103094142	1	253	2.486E-65	2	1272	2180	44	87	0.846	1.717E-17	163	210	217	2037	2180	144	2010	2204
104445881	1	76	4.762E-12	1	27069	27347	624	76	0.427	2.139E-12	52	147	178	27069	27347	279	27036	27425
108608385	1	246	3.182E-63	2	1272	2180	33	213	0.981	1.328E-60	8	109	219	1272	1577	306	1239	1577
108608385	1	246	3.182E-63	2	1272	2180	44	85	0.836	4.451E-17	163	210	219	2037	2180	144	2010	2204
108805994	1	254	1.243E-65	2	1272	2195	33	214	0.983	9.679E-61	8	109	220	1272	1577	306	1239	1577
108805994	1	254	1.243E-65	2	1272	2195	44	92	0.821	2.014E-19	163	215	220	2037	2195	159	2010	2204
109312568	1	252	4.972E-65	2	1272	2201	33	215	0.989	2.734E-61	8	109	219	1272	1577	306	1239	1577
109312568	1	252	4.972E-65	2	1272	2201	44	89	0.773	1.859E-18	163	217	219	2037	2201	165	2010	2204
110991163	1	153	3.152E-35	2	9289	12528	210	131	0.723	3.743E-32	75	161	238	9289	9552	264	9283	9585
110991163	1	153	3.152E-35	2	9289	12528	275	51	0.711	1.186E-05	192	225	238	12427	12528	102	12397	12528
112441035	1	166	3.847E-39	2	9289	12525	210	134	0.687	2.170E-33	76	170	256	9289	9576	288	9283	9585
112441035	1	166	3.847E-39	2	9289	12525	275	53	0.745	4.549E-06	193	225	256	12427	12525	99	12397	12528
112580579	1	189	4.586E-46	2	1797	2201	41	106	0.887	2.144E-23	13	68	123	1797	1964	168	1689	2006
112580579	1	189	4.586E-46	2	1797	2201	44	84	0.733	1.154E-16	67	121	123	2037	2201	165	2010	2204
113071705	-1	637	6.310E-181	5	14176	17156	1016	119	0.404	7.232E-26	122	287	910	-17156	-16671	486	17294	16644
113071705	-1	637	6.310E-181	5	14176	17156	1027	165	0.520	1.893E-42	278	444	910	-16624	-16130	495	16624	16067
113071705	-1	637	6.310E-181	5	14176	17156	1031	60	0.478	8.455E-08	446	510	910	-16070	-15876	195	16127	15867
113071705	-1	637	6.310E-181	5	14176	17156	1061	252	0.540	1.464E-70	583	822	910	-15241	-14507	735	15283	14378
113071705	-1	637	6.310E-181	5	14176	17156	1065	118	0.660	1.694E-27	822	909	910	-14439	-14176	264	14496	14176
113532100	1	274	1.185E-71	2	1272	2201	33	219	1.000	1.160E-62	8	109	218	1272	1577	306	1239	1577
113532100	1	274	1.185E-71	2	1272	2201	44	107	0.908	1.605E-24	163	217	218	2037	2201	165	2010	2204
113948168	-1	603	1.084E-170	4	14507	17150	1016	140	0.465	2.490E-33	77	239	864	-17150	-16674	477	17294	16644
113948168	-1	603	1.084E-170	4	14507	17150	1027	184	0.589	3.778E-49	238	397	864	-16603	-16124	480	16624	16067
113948168	-1	603	1.084E-170	4	14507	17150	1031	62	0.474	1.729E-08	397	464	864	-16070	-15867	204	16127	15867
113948168	-1	603	1.084E-170	4	14507	17150	1061	267	0.538	9.762E-76	516	776	864	-15283	-14507	777	15283	14378
113959413	1	260	1.942E-67	2	1272	2195	33	219	1.000	1.591E-62	8	109	219	1272	1577	306	1239	1577
113959413	1	260	1.942E-67	2	1272	2195	44	93	0.824	1.466E-19	163	215	219	2037	2195	159	2010	2204
114678786	1	252	4.972E-65	2	1272	2195	33	217	0.996	7.725E-62	8	109	219	1272	1577	306	1239	1577
114678786	1	252	4.972E-65	2	1272	2195	44	87	0.779	1.249E-17	163	215	219	2037	2195	159	2010	2204
114801969	1	254	1.243E-65	2	1272	2201	33	217	0.997	5.632E-62	8	109	219	1272	1577	306	1239	1577
114801969	1	254	1.243E-65	2	1272	2201	44	89	0.767	3.508E-18	163	217	219	2037	2201	165	2010	2204
114996865	1	239	4.073E-61	2	1272	2201	33	217	0.996	7.725E-62	8	109	219	1272	1577	306	1239	1577
114996865	1	239	4.073E-61	2	1272	2201	44	74	0.653	4.475E-13	163	217	219	2037	2201	165	2010	2204
116624233	1	210	2.187E-52	3	9289	9874	210	128	0.707	4.705E-31	73	159	234	9289	9552	264	9283	9585
116624233	1	210	2.187E-52	3	9289	9874	212	36	0.744	2.708E+00	166	187	234	9641	9706	66	9584	9706
116624233	1	210	2.187E-52	3	9289	9874	216	50	0.709	4.261E-05	188	220	234	9776	9874	99	9746	9877
116677672	1	170	2.404E-40	2	9289	12525	210	138	0.703	1.258E-34	76	170	258	9289	9576	288	9283	9585
116677672	1	170	2.404E-40	2	9289	12525	275	53	0.745	4.549E-06	193	225	258	12427	12525	99	12397	12528
116787540	1	168	9.618E-40	2	9286	12525	210	136	0.688	6.120E-34	79	174	254	9286	9576	291	9283	9585
116787540	1	168	9.618E-40	2	9286	12525	275	53	0.745	4.549E-06	197	229	254	12427	12525	99	12397	12528
116850763	1	164	1.539E-38	2	9286	12525	210	132	0.671	1.449E-32	85	180	260	9286	9576	291	9283	9585
116850763	1	164	1.539E-38	2	9286	12525	275	53	0.755	2.402E-06	203	235	260	12427	12525	99	12397	12528
116932930	1	176	3.757E-42	2	9292	9706	210	138	0.709	1.258E-34	59	152	221	9292	9576	285	9283	9585
116932930	1	176	3.757E-42	2	9292	9706	212	37	0.793	1.423E+00	154	174	221	9644	9706	63	9584	9706
117116827	1	214	1.367E-53	1	1272	1577	33	214	0.983	9.679E-61	8	109	179	1272	1577	306	1239	1577
117131104	1	256	3.108E-66	2	1272	2195	33	219	1.000	1.591E-62	8	109	219	1272	1577	306	1239	1577
117131104	1	256	3.108E-66	2	1272	2195	44	89	0.792	3.508E-18	163	215	219	2037	2195	159	2010	2204
117183858	1	249	3.978E-64	2	1272	2204	33	213	0.981	1.328E-60	8	109	219	1272	1577	306	1239	1577
117183858	1	249	3.978E-64	2	1272	2204	44	88	0.749	6.621E-18	163	218	219	2037	2204	168	2010	2204
117235466	1	217	1.708E-54	1	1266	1574	33	217	0.987	7.725E-62	0	102	103	1266	1574	309	1239	1577
117259245	1	245	6.364E-63	2	1272	2195	33	213	0.979	1.821E-60	8	109	219	1272	1577	306	1239	1577
117259245	1	245	6.364E-63	2	1272	2195	44	84	0.757	1.154E-16	163	215	219	2037	2195	159	2010	2204
117288008	1	101	1.419E-19	1	1746	1964	41	101	0.652	1.312E-21	3	78	83	1746	1964	219	1689	2006
117299449	1	173	3.006E-41	2	1746	2195	41	102	0.657	6.966E-22	89	164	220	1746	1964	219	1689	2006
117299449	1	173	3.006E-41	2	1746	2195	44	72	0.655	3.016E-12	163	215	220	2037	2195	159	2010	2204
117315465	1	220	2.136E-55	1	1272	1577	33	220	1.000	4.495E-63	8	109	167	1272	1577	306	1239	1577
117316807	-1	159	4.924E-37	1	14507	14962	1061	159	0.544	1.465E-38	12	162	250	-14962	-14507	456	15283	14378
117324368	1	228	8.342E-58	2	1272	2186	33	209	0.961	5.888E-59	8	109	213	1272	1577	306	1239	1577
117324368	1	228	8.342E-58	2	1272	2186	44	71	0.685	4.146E-12	163	212	213	2037	2186	150	2010	2204
117341636	1	259	3.885E-67	2	1272	2198	33	222	1.000	9.260E-64	8	109	220	1272	1577	306	1239	1577
117341636	1	259	3.885E-67	2	1272	2198	44	89	0.785	1.859E-18	163	216	220	2037	2198	162	2010	2204
117349403	-1	208	8.747E-52	2	14747	15487	1044	51	0.469	4.079E-05	111	166	370	-15487	-15320	168	15499	15314
117349403	-1	208	8.747E-52	2	14747	15487	1061	162	0.496	1.224E-39	161	333	370	-15268	-14747	522	15283	14378
117425049	1	232	5.214E-59	2	1272	2195	33	207	0.955	2.084E-58	8	109	220	1272	1577	306	1239	1577
117425049	1	232	5.214E-59	2	1272	2195	44	77	0.696	4.834E-14	163	215	220	2037	2195	159	2010	2204
117561073	-1	773	7.243E-222	6	14176	17150	1016	142	0.465	7.119E-34	82	246	869	-17150	-16668	483	17294	16644
117561073	-1	773	7.243E-222	6	14176	17150	1027	165	0.520	1.893E-42	236	402	869	-16624	-16124	501	16624	16067
117561073	-1	773	7.243E-222	6	14176	17150	1031	63	0.479	9.162E-09	402	469	869	-16070	-15867	204	16127	15867
117561073	-1	773	7.243E-222	6	14176	17150	1044	46	0.445	3.572E-03	478	530	869	-15478	-15320	159	15499	15314
117561073	-1	773	7.243E-222	6	14176	17150	1061	258	0.545	1.327E-72	534	781	869	-15241	-14507	735	15283	14378
117561073	-1	773	7.243E-222	6	14176	17150	1065	115	0.648	1.130E-26	781	868	869	-14439	-14176	264	14496	14176
117564131	1	249	3.978E-64	2	1272	2201	33	216	0.991	1.994E-61	8	109	219	1272	1577	306	1239	1577
117564131	1	249	3.978E-64	2	1272	2201	44	85	0.739	6.115E-17	163	217	219	2037	2201	165	2010	2204
117573598	-1	115	8.663E-24	1	14206	14475	1065	115	0.635	1.551E-26	82	171	176	-14475	-14206	270	14496	14176
117618539	-1	202	5.598E-50	1	14507	15244	1061	202	0.452	2.676E-53	130	372	460	-15244	-14507	738	15283	14378
117634980	1	271	9.484E-71	2	1272	2201	33	219	1.000	1.160E-62	8	109	218	1272	1577	306	1239	1577
117634980	1	271	9.484E-71	2	1272	2201	44	104	0.889	1.076E-23	163	217	218	2037	2201	165	2010	2204
118234046	-1	76	4.762E-12	1	1308	1592	1362	76	0.432	3.349E-12	34	128	129	-1592	-1308	285	1664	1212
123504740	-1	801	2.698E-230	6	14176	17183	1016	143	0.420	3.806E-34	53	242	865	-17183	-16668	516	17294	16644
123504740	-1	801	2.698E-230	6	14176	17183	1027	172	0.567	8.980E-45	239	394	865	-16603	-16136	468	16624	16067
123504740	-1	801	2.698E-230	6	14176	17183	1031	60	0.460	1.161E-07	398	465	865	-16070	-15867	204	16127	15867
123504740	-1	801	2.698E-230	6	14176	17183	1044	50	0.480	1.063E-04	474	526	865	-15478	-15320	159	15499	15314
123504740	-1	801	2.698E-230	6	14176	17183	1061	265	0.559	4.686E-75	530	776	865	-15241	-14510	732	15283	14378
123504740	-1	801	2.698E-230	6	14176	17183	1065	121	0.680	1.850E-28	778	864	865	-14436	-14176	261	14496	14176
125652170	1	243	2.546E-62	2	1272	2186	33	220	1.000	4.495E-63	8	109	219	1272	1577	306	1239	1577
125652170	1	243	2.546E-62	2	1272	2186	44	75	0.715	2.369E-13	163	212	219	2037	2186	150	2010	2204
126030332	1	242	5.092E-62	2	1272	2201	33	220	1.000	4.495E-63	8	109	219	1272	1577	306	1239	1577
126030332	1	242	5.092E-62	2	1272	2201	44	74	0.656	3.256E-13	163	217	219	2037	2201	165	2010	2204
126553112	1	227	1.668E-57	2	1272	2180	33	209	0.965	3.130E-59	8	109	214	1272	1577	306	1239	1577
126553112	1	227	1.668E-57	2	1272	2180	44	70	0.698	1.077E-11	163	210	214	2037	2180	144	2010	2204
126689208	-1	693	8.756E-198	5	14176	17150	1016	141	0.464	9.736E-34	63	227	851	-17150	-16668	483	17294	16644
126689208	-1	693	8.756E-198	5	14176	17150	1027	177	0.592	2.054E-46	231	382	851	-16585	-16130	456	16624	16067
126689208	-1	693	8.756E-198	5	14176	17150	1031	61	0.465	6.155E-08	384	451	851	-16070	-15867	204	16127	15867
126689208	-1	693	8.756E-198	5	14176	17150	1061	263	0.553	2.249E-74	516	763	851	-15241	-14507	735	15283	14378
126689208	-1	693	8.756E-198	5	14176	17150	1065	125	0.625	4.154E-30	751	850	851	-14475	-14176	300	14496	14176
128576008	-1	529	2.048E-148	4	14507	17111	1016	136	0.491	7.781E-32	108	254	879	-17111	-16674	438	17294	16644
128576008	-1	529	2.048E-148	4	14507	17111	1027	187	0.581	4.166E-50	246	410	879	-16624	-16130	495	16624	16067
128576008	-1	529	2.048E-148	4	14507	17111	1031	60	0.482	1.161E-07	412	475	879	-16070	-15879	192	16127	15867
128576008	-1	529	2.048E-148	4	14507	17111	1061	220	0.482	1.525E-59	545	791	879	-15244	-14507	738	15283	14378
128633182	1	216	3.417E-54	1	1272	1577	33	216	0.992	1.453E-61	5	106	170	1272	1577	306	1239	1577
129474995	1	76	4.762E-12	1	27069	27356	624	76	0.419	1.561E-12	53	151	171	27069	27356	288	27036	27425
129766718	-1	820	5.146E-236	6	14176	17153	1016	141	0.468	9.736E-34	43	205	830	-17153	-16674	480	17294	16644
129766718	-1	820	5.146E-236	6	14176	17153	1027	183	0.566	9.717E-49	197	363	830	-16624	-16124	501	16624	16067
129766718	-1	820	5.146E-236	6	14176	17153	1031	76	0.563	1.887E-13	363	430	830	-16070	-15867	204	16127	15867
129766718	-1	820	5.146E-236	6	14176	17153	1044	49	0.454	2.013E-04	436	491	830	-15487	-15320	168	15499	15314
129766718	-1	820	5.146E-236	6	14176	17153	1061	267	0.559	1.336E-75	495	742	830	-15241	-14507	735	15283	14378
129766718	-1	820	5.146E-236	6	14176	17153	1065	127	0.634	8.542E-31	730	829	830	-14475	-14176	300	14496	14176
129981032	-1	553	1.220E-155	4	14507	17156	1016	119	0.413	7.232E-26	104	264	882	-17156	-16674	483	17294	16644
129981032	-1	553	1.220E-155	4	14507	17156	1027	185	0.591	2.012E-49	263	422	882	-16603	-16130	474	16624	16067
129981032	-1	553	1.220E-155	4	14507	17156	1031	68	0.512	1.479E-10	424	491	882	-16070	-15867	204	16127	15867
129981032	-1	553	1.220E-155	4	14507	17156	1061	243	0.524	1.979E-67	556	794	882	-15241	-14507	735	15283	14378
130417720	1	207	1.749E-51	1	1272	1577	33	207	0.956	1.520E-58	8	109	188	1272	1577	306	1239	1577
130632975	1	241	1.018E-61	2	1272	2186	33	219	1.000	1.160E-62	8	109	218	1272	1577	306	1239	1577
130632975	1	241	1.018E-61	2	1272	2186	44	74	0.712	3.256E-13	163	212	218	2037	2186	150	2010	2204
131082726	1	169	4.809E-40	2	9289	9874	210	141	0.717	1.001E-35	74	168	227	9289	9576	288	9283	9585
131082726	1	169	4.809E-40	2	9289	9874	216	49	0.704	5.866E-05	191	223	227	9776	9874	99	9746	9877
131166715	1	199	4.479E-49	3	9289	9877	210	130	0.649	9.670E-32	74	172	238	9289	9585	297	9283	9585
131166715	1	199	4.479E-49	3	9289	9877	212	32	0.666	6.797E+01	166	187	238	9641	9706	66	9584	9706
131166715	1	199	4.479E-49	3	9289	9877	216	50	0.582	3.095E-05	180	221	238	9752	9877	126	9746	9877
131170453	1	209	4.374E-52	3	9289	9877	210	131	0.654	3.743E-32	74	172	293	9289	9585	297	9283	9585
131170453	1	209	4.374E-52	3	9289	9877	212	33	0.673	4.922E+01	166	187	293	9641	9706	66	9584	9706
131170453	1	209	4.374E-52	3	9289	9877	216	50	0.691	4.261E-05	188	221	293	9776	9877	102	9746	9877
131409241	1	167	1.924E-39	2	9289	12528	210	134	0.684	4.086E-33	81	175	235	9289	9576	288	9283	9585
131409241	1	167	1.924E-39	2	9289	12528	275	54	0.746	1.268E-06	198	231	235	12427	12528	102	12397	12528
131455620	1	178	9.392E-43	3	8883	9706	198	38	0.854	6.726E-01	10	29	219	8883	8942	60	8820	8954
131455620	1	178	9.392E-43	3	8883	9706	210	147	0.711	8.702E-38	67	167	219	9289	9585	297	9283	9585
131455620	1	178	9.392E-43	3	8883	9706	212	35	0.729	5.155E+00	161	182	219	9641	9706	66	9584	9706
131675563	1	75	9.525E-12	1	27075	27335	624	75	0.445	4.013E-12	34	123	157	27075	27335	261	27036	27425
131688063	1	248	7.956E-64	2	1272	2195	33	211	0.971	8.842E-60	8	109	219	1272	1577	306	1239	1577
131688063	1	248	7.956E-64	2	1272	2195	44	89	0.795	2.554E-18	163	215	219	2037	2195	159	2010	2204
131692180	-1	809	1.054E-232	6	14176	17150	1016	145	0.485	4.251E-35	55	214	836	-17150	-16674	477	17294	16644
131692180	-1	809	1.054E-232	6	14176	17150	1027	178	0.553	5.828E-47	206	372	836	-16624	-16124	501	16624	16067
131692180	-1	809	1.054E-232	6	14176	17150	1031	70	0.521	4.155E-11	372	439	836	-16070	-15867	204	16127	15867
131692180	-1	809	1.054E-232	6	14176	17150	1044	49	0.457	2.771E-04	445	499	836	-15484	-15320	165	15499	15314
131692180	-1	809	1.054E-232	6	14176	17150	1061	274	0.577	4.707E-78	504	748	836	-15238	-14507	732	15283	14378
131692180	-1	809	1.054E-232	6	14176	17150	1065	117	0.590	3.189E-27	736	835	836	-14475	-14176	300	14496	14176
131729127	1	246	3.182E-63	2	1272	2180	33	213	0.981	1.328E-60	8	109	219	1272	1577	306	1239	1577
131729127	1	246	3.182E-63	2	1272	2180	44	85	0.829	8.401E-17	163	210	219	2037	2180	144	2010	2204
131789577	1	222	5.339E-56	2	1272	2180	33	205	0.945	1.388E-57	8	109	215	1272	1577	306	1239	1577
131789577	1	222	5.339E-56	2	1272	2180	44	70	0.715	7.833E-12	164	210	215	2040	2180	141	2010	2204
131836413	1	199	4.479E-49	2	1746	2195	41	106	0.681	2.144E-23	18	93	149	1746	1964	219	1689	2006
131836413	1	199	4.479E-49	2	1746	2195	44	94	0.840	2.999E-20	92	144	149	2037	2195	159	2010	2204
131879660	-1	284	1.158E-74	5	14176	17150	1016	127	0.440	7.544E-29	95	253	881	-17150	-16674	477	17294	16644
131879660	-1	284	1.158E-74	5	14176	17150	1027	177	0.551	1.094E-46	245	411	881	-16624	-16124	501	16624	16067
131879660	-1	284	1.158E-74	5	14176	17150	1031	62	0.497	1.729E-08	411	474	881	-16070	-15879	192	16127	15867
131879660	-1	284	1.158E-74	5	14176	17150	1044	63	0.556	3.932E-09	485	540	881	-15487	-15320	168	15499	15314
131879660	-1	284	1.158E-74	5	14176	17150	1065	121	0.677	9.825E-29	793	880	881	-14439	-14176	264	14496	14176
131886750	1	209	4.374E-52	1	1272	1577	33	209	0.963	4.293E-59	5	106	135	1272	1577	306	1239	1577
131897651	-1	792	1.381E-227	6	14176	17150	1016	144	0.470	1.488E-34	66	230	853	-17150	-16668	483	17294	16644
131897651	-1	792	1.381E-227	6	14176	17150	1027	174	0.547	1.861E-45	220	384	853	-16624	-16130	495	16624	16067
131897651	-1	792	1.381E-227	6	14176	17150	1031	67	0.504	3.832E-10	386	453	853	-16070	-15867	204	16127	15867
131897651	-1	792	1.381E-227	6	14176	17150	1044	55	0.524	1.219E-06	462	514	853	-15478	-15320	159	15499	15314
131897651	-1	792	1.381E-227	6	14176	17150	1061	262	0.551	5.764E-74	518	765	853	-15241	-14507	735	15283	14378
131897651	-1	792	1.381E-227	6	14176	17150	1065	117	0.592	2.324E-27	753	852	853	-14475	-14176	300	14496	14176
131917785	-1	404	8.709E-111	3	14507	16603	1027	172	0.561	8.980E-45	280	436	897	-16603	-16130	474	16624	16067
131917785	-1	404	8.709E-111	3	14507	16603	1031	63	0.488	1.258E-08	438	503	897	-16070	-15873	198	16127	15867
131917785	-1	404	8.709E-111	3	14507	16603	1061	233	0.507	6.814E-64	570	809	897	-15241	-14507	735	15283	14378
131958856	1	254	1.243E-65	2	1272	2195	33	217	0.997	5.632E-62	8	109	221	1272	1577	306	1239	1577
131958856	1	254	1.243E-65	2	1272	2195	44	89	0.792	3.508E-18	163	215	221	2037	2195	159	2010	2204
131966520	1	250	1.989E-64	2	1272	2201	33	215	0.989	2.734E-61	8	109	219	1272	1577	306	1239	1577
131966520	1	250	1.989E-64	2	1272	2201	44	87	0.758	9.095E-18	163	217	219	2037	2201	165	2010	2204
131978447	-1	403	1.742E-110	3	14513	17156	1016	117	0.402	1.843E-25	124	288	906	-17156	-16674	483	17294	16644
131978447	-1	403	1.742E-110	3	14513	17156	1027	155	0.496	6.760E-39	280	445	906	-16624	-16130	495	16624	16067
131978447	-1	403	1.742E-110	3	14513	17156	1061	258	0.530	2.485E-72	566	816	906	-15280	-14513	768	15283	14378
131986752	-1	192	5.733E-47	1	16124	16624	1027	192	0.586	1.303E-51	102	268	285	-16624	-16124	501	16624	16067
132049609	-1	414	8.505E-114	4	15326	17183	1016	123	0.409	1.712E-27	85	254	882	-17183	-16674	510	17294	16644
132049609	-1	414	8.505E-114	4	15326	17183	1027	183	0.565	1.331E-48	246	412	882	-16624	-16124	501	16624	16067
132049609	-1	414	8.505E-114	4	15326	17183	1031	71	0.555	1.603E-11	412	475	882	-16070	-15879	192	16127	15867
132049609	-1	414	8.505E-114	4	15326	17183	1044	54	0.515	3.175E-06	487	539	882	-15484	-15326	159	15499	15314
132069112	1	217	1.708E-54	1	1266	1574	33	217	0.989	5.632E-62	0	102	103	1266	1574	309	1239	1577
132088430	1	264	1.214E-68	2	1272	2201	33	220	1.000	8.458E-63	8	109	219	1272	1577	306	1239	1577
132088430	1	264	1.214E-68	2	1272	2201	44	96	0.825	8.426E-21	163	217	219	2037	2201	165	2010	2204
132102816	1	256	3.108E-66	2	1272	2201	33	217	0.997	5.632E-62	8	109	219	1272	1577	306	1239	1577
132102816	1	256	3.108E-66	2	1272	2201	44	91	0.785	5.221E-19	163	217	219	2037	2201	165	2010	2204
132111892	-1	267	1.517E-69	2	14507	16600	1027	192	0.619	6.938E-52	95	251	718	-16600	-16130	471	16624	16067
132111892	-1	267	1.517E-69	2	14507	16600	1061	210	0.469	5.175E-56	388	630	718	-15238	-14507	732	15283	14378
132117868	1	167	1.924E-39	2	1752	2180	41	98	0.677	8.757E-21	94	164	218	1752	1964	213	1689	2006
132117868	1	167	1.924E-39	2	1752	2180	44	70	0.695	1.480E-11	163	210	218	2037	2180	144	2010	2204
132141703	-1	677	5.739E-193	5	14507	17150	1016	142	0.469	7.119E-34	71	233	858	-17150	-16674	477	17294	16644
132141703	-1	677	5.739E-193	5	14507	17150	1027	186	0.571	1.468E-49	225	391	858	-16624	-16124	501	16624	16067
132141703	-1	677	5.739E-193	5	14507	17150	1031	67	0.507	2.790E-10	391	458	858	-16070	-15867	204	16127	15867
132141703	-1	677	5.739E-193	5	14507	17150	1044	44	0.435	9.324E-03	467	519	858	-15478	-15320	159	15499	15314
132141703	-1	677	5.739E-193	5	14507	17150	1061	256	0.526	8.710E-72	514	770	858	-15268	-14507	762	15283	14378
132160435	1	219	4.271E-55	1	1272	1577	33	219	1.000	1.160E-62	8	109	167	1272	1577	306	1239	1577
132177445	-1	389	2.854E-106	3	14507	16603	1027	173	0.563	4.785E-45	240	397	861	-16603	-16130	474	16624	16067
132177445	-1	389	2.854E-106	3	14507	16603	1031	62	0.472	2.375E-08	399	466	861	-16070	-15867	204	16127	15867
132177445	-1	389	2.854E-106	3	14507	16603	1061	208	0.451	2.469E-55	523	773	861	-15268	-14507	762	15283	14378
138728006	1	191	1.147E-46	2	1812	2201	41	99	0.773	6.382E-21	0	58	104	1812	1994	183	1689	2006
138728006	1	191	1.147E-46	2	1812	2201	44	101	0.862	1.870E-22	49	103	104	2037	2201	165	2010	2204
139251122	1	237	1.629E-60	2	1272	2195	33	210	0.966	2.282E-59	8	109	220	1272	1577	306	1239	1577
139251122	1	237	1.629E-60	2	1272	2195	44	79	0.715	7.180E-15	163	215	220	2037	2195	159	2010	2204
140152991	-1	787	4.421E-226	6	14176	17180	1016	145	0.450	7.953E-35	13	188	813	-17180	-16674	507	17294	16644
140152991	-1	787	4.421E-226	6	14176	17180	1027	180	0.558	1.207E-47	180	346	813	-16624	-16124	501	16624	16067
140152991	-1	787	4.421E-226	6	14176	17180	1031	69	0.516	7.838E-11	346	413	813	-16070	-15867	204	16127	15867
140152991	-1	787	4.421E-226	6	14176	17180	1044	51	0.493	2.964E-05	422	474	813	-15478	-15320	159	15499	15314
140152991	-1	787	4.421E-226	6	14176	17180	1061	253	0.536	7.820E-71	478	725	813	-15241	-14507	735	15283	14378
140152991	-1	787	4.421E-226	6	14176	17180	1065	115	0.580	2.128E-26	713	812	813	-14475	-14176	300	14496	14176
140952395	1	191	1.147E-46	2	1791	2174	41	105	0.854	4.038E-23	6	63	108	1791	1964	174	1689	2006
140952395	1	191	1.147E-46	2	1791	2174	44	87	0.883	1.249E-17	62	107	108	2037	2174	138	2010	2204
141682463	1	245	6.364E-63	2	1272	2180	33	213	0.981	1.328E-60	8	109	219	1272	1577	306	1239	1577
141682463	1	245	6.364E-63	2	1272	2180	44	84	0.825	1.154E-16	163	210	219	2037	2180	144	2010	2204
142455324	-1	372	3.741E-101	3	14176	16624	1027	164	0.517	4.867E-42	313	479	944	-16624	-16130	495	16624	16067
142455324	-1	372	3.741E-101	3	14176	16624	1061	236	0.512	5.563E-65	613	856	944	-15241	-14507	735	15283	14378
142455324	-1	372	3.741E-101	3	14176	16624	1065	116	0.585	8.239E-27	844	943	944	-14475	-14176	300	14496	14176
144170180	1	262	4.856E-68	2	1272	2201	33	220	1.000	4.495E-63	8	109	218	1272	1577	306	1239	1577
144170180	1	262	4.856E-68	2	1272	2201	44	94	0.810	4.119E-20	163	217	218	2037	2201	165	2010	2204
145416887	-1	552	2.441E-155	4	14507	17150	1016	128	0.435	2.955E-29	79	241	866	-17150	-16674	477	17294	16644
145416887	-1	552	2.441E-155	4	14507	17150	1027	177	0.570	1.094E-46	240	399	866	-16603	-16124	480	16624	16067
145416887	-1	552	2.441E-155	4	14507	17150	1031	63	0.479	9.162E-09	399	466	866	-16070	-15867	204	16127	15867
145416887	-1	552	2.441E-155	4	14507	17150	1061	247	0.526	8.617E-69	531	778	866	-15241	-14507	735	15283	14378
145632651	1	232	5.214E-59	3	9286	9874	210	145	0.726	5.807E-37	70	166	225	9286	9576	291	9283	9585
145632651	1	232	5.214E-59	3	9286	9874	212	37	0.768	1.032E+00	167	188	225	9641	9706	66	9584	9706
145632651	1	232	5.214E-59	3	9286	9874	216	54	0.663	1.268E-06	183	221	225	9758	9874	117	9746	9877
145712688	1	227	1.668E-57	3	9289	12525	210	148	0.748	3.369E-38	73	168	227	9289	9576	288	9283	9585
145712688	1	227	1.668E-57	3	9289	12525	212	36	0.768	3.736E+00	170	190	227	9644	9706	63	9584	9706
145712688	1	227	1.668E-57	3	9289	12525	275	47	0.584	3.998E-04	185	223	227	12409	12525	117	12397	12528
145951686	1	233	2.607E-59	5	8865	12525	198	35	0.624	8.821E+00	6	31	304	8865	8942	78	8820	8954
145951686	1	233	2.607E-59	5	8865	12525	258	35	1.000	1.011E+01	17	31	304	11535	11579	45	11457	11618
145951686	1	233	2.607E-59	5	8865	12525	270	143	0.702	1.500E-36	74	173	304	11940	12236	297	11934	12236
145951686	1	233	2.607E-59	5	8865	12525	272	34	0.705	1.355E+01	167	188	304	12292	12357	66	12235	12357
145951686	1	233	2.607E-59	5	8865	12525	275	50	0.619	3.095E-05	183	221	304	12409	12525	117	12397	12528
145972856	1	233	2.607E-59	3	9289	9874	210	149	0.750	2.455E-38	76	170	230	9289	9576	288	9283	9585
145972856	1	233	2.607E-59	3	9289	9874	212	32	0.693	6.797E+01	172	192	230	9644	9706	63	9584	9706
145972856	1	233	2.607E-59	3	9289	9874	216	50	0.709	4.261E-05	193	225	230	9776	9874	99	9746	9877
146025315	1	167	1.924E-39	2	9289	12528	210	138	0.701	1.726E-34	73	167	226	9289	9576	288	9283	9585
146025315	1	167	1.924E-39	2	9289	12528	275	50	0.696	3.095E-05	190	223	226	12427	12528	102	12397	12528
146042549	1	168	9.618E-40	2	9289	12528	210	137	0.699	2.369E-34	78	172	231	9289	9576	288	9283	9585
146042549	1	168	9.618E-40	2	9289	12528	275	52	0.716	8.619E-06	195	228	231	12427	12528	102	12397	12528
146115889	1	169	4.809E-40	2	9289	9874	210	139	0.706	6.682E-35	74	168	232	9289	9576	288	9283	9585
146115889	1	169	4.809E-40	2	9289	9874	216	51	0.729	1.186E-05	191	223	232	9776	9874	99	9746	9877
146178852	1	259	3.885E-67	2	1272	2201	33	218	1.000	2.183E-62	8	109	219	1272	1577	306	1239	1577
146178852	1	259	3.885E-67	2	1272	2201	44	93	0.797	1.466E-19	163	217	219	2037	2201	165	2010	2204
146185613	1	250	1.989E-64	2	1272	2201	33	213	0.981	1.328E-60	8	109	219	1272	1577	306	1239	1577
146185613	1	250	1.989E-64	2	1272	2201	44	89	0.767	3.508E-18	163	217	219	2037	2201	165	2010	2204
146240346	1	226	3.337E-57	4	8895	12525	198	33	0.897	6.104E+01	81	96	287	8895	8942	48	8820	8954
146240346	1	226	3.337E-57	4	8895	12525	264	41	0.464	8.188E-02	98	140	287	11760	11894	135	11757	11918
146240346	1	226	3.337E-57	4	8895	12525	270	128	0.657	4.705E-31	135	228	287	11940	12227	288	11934	12236
146240346	1	226	3.337E-57	4	8895	12525	275	48	0.678	2.903E-04	251	283	287	12427	12525	99	12397	12528
146243295	1	219	4.271E-55	1	1266	1574	33	219	0.997	1.160E-62	0	102	103	1266	1574	309	1239	1577
146284702	-1	133	3.305E-29	3	1305	1954	1350	35	0.586	3.571E+00	5	32	168	-1954	-1871	84	1954	1868
146284702	-1	133	3.305E-29	3	1305	1954	1351	37	0.828	4.111E-01	35	54	168	-1864	-1805	60	1864	1805
146284702	-1	133	3.305E-29	3	1305	1954	1362	72	0.461	1.045E-10	66	147	168	-1550	-1305	246	1664	1212
146293253	1	270	1.897E-70	2	1272	2201	33	220	1.000	4.495E-63	8	109	218	1272	1577	306	1239	1577
146293253	1	270	1.897E-70	2	1272	2201	44	102	0.868	9.917E-23	163	217	218	2037	2201	165	2010	2204
146293883	1	254	1.243E-65	2	1272	2180	33	217	0.996	7.725E-62	8	109	219	1272	1577	306	1239	1577
146293883	1	254	1.243E-65	2	1272	2180	44	89	0.864	3.508E-18	163	210	219	2037	2180	144	2010	2204
146306434	1	244	1.273E-62	2	1272	2195	33	209	0.965	3.130E-59	5	106	217	1272	1577	306	1239	1577
146306434	1	244	1.273E-62	2	1272	2195	44	87	0.776	1.717E-17	160	212	217	2037	2195	159	2010	2204
146326769	1	79	5.953E-13	1	27078	27335	624	79	0.469	1.258E-13	9	97	162	27078	27335	258	27036	27425
146329961	1	78	1.191E-12	1	27081	27335	624	78	0.468	3.234E-13	10	97	135	27081	27335	255	27036	27425
146354972	1	250	1.989E-64	2	1272	2201	33	213	0.979	1.821E-60	8	109	219	1272	1577	306	1239	1577
146354972	1	250	1.989E-64	2	1272	2201	44	89	0.770	2.554E-18	163	217	219	2037	2201	165	2010	2204
146375630	1	252	4.972E-65	2	1272	2201	33	219	1.000	1.591E-62	8	109	219	1272	1577	306	1239	1577
146375630	1	252	4.972E-65	2	1272	2201	44	85	0.742	4.451E-17	163	217	219	2037	2201	165	2010	2204
146385456	-1	506	1.718E-141	4	14176	17150	1016	123	0.427	3.196E-27	10	168	788	-17150	-16674	477	17294	16644
146385456	-1	506	1.718E-141	4	14176	17150	1027	177	0.548	1.094E-46	160	327	788	-16624	-16130	495	16624	16067
146385456	-1	506	1.718E-141	4	14176	17150	1061	228	0.497	5.457E-62	461	700	788	-15241	-14507	735	15283	14378
146385456	-1	506	1.718E-141	4	14176	17150	1065	117	0.658	2.324E-27	700	787	788	-14439	-14176	264	14496	14176
146400973	-1	353	1.961E-95	2	14176	15241	1061	233	0.507	4.982E-64	134	373	461	-15241	-14507	735	15283	14378
146400973	-1	353	1.961E-95	2	14176	15241	1065	120	0.669	3.483E-28	373	460	461	-14439	-14176	264	14496	14176
146551644	-1	132	6.609E-29	3	1797	2179	1343	44	0.690	2.294E-03	12	41	118	-2179	-2090	90	2194	2090
146551644	-1	132	6.609E-29	3	1797	2179	1346	31	0.894	5.291E+01	44	58	118	-2083	-2039	45	2086	2039
146551644	-1	132	6.609E-29	3	1797	2179	1352	59	0.583	4.788E-08	57	106	118	-1946	-1797	150	1976	1794
146564495	-1	541	4.999E-152	4	14507	17081	1016	119	0.458	3.876E-26	1	141	746	-17081	-16674	408	17294	16644
146564495	-1	541	4.999E-152	4	14507	17081	1027	180	0.576	1.654E-47	140	299	746	-16603	-16124	480	16624	16067
146564495	-1	541	4.999E-152	4	14507	17081	1031	63	0.482	1.258E-08	299	365	746	-16070	-15870	201	16127	15867
146564495	-1	541	4.999E-152	4	14507	17081	1061	242	0.517	6.929E-67	430	677	746	-15241	-14507	735	15283	14378
146619946	-1	132	6.609E-29	3	1797	2179	1343	44	0.690	2.294E-03	12	41	118	-2179	-2090	90	2194	2090
146619946	-1	132	6.609E-29	3	1797	2179	1346	31	0.894	5.291E+01	44	58	118	-2083	-2039	45	2086	2039
146619946	-1	132	6.609E-29	3	1797	2179	1352	59	0.577	9.058E-08	57	106	118	-1946	-1797	150	1976	1794
146644644	1	233	2.607E-59	2	1272	2201	33	208	0.958	1.108E-58	8	109	221	1272	1577	306	1239	1577
146644644	1	233	2.607E-59	2	1272	2201	44	77	0.678	3.518E-14	163	217	221	2037	2201	165	2010	2204
146683824	-1	793	6.907E-228	6	14176	17150	1016	139	0.472	4.657E-33	71	226	851	-17150	-16674	477	17294	16644
146683824	-1	793	6.907E-228	6	14176	17150	1027	182	0.587	3.425E-48	225	382	851	-16603	-16130	474	16624	16067
146683824	-1	793	6.907E-228	6	14176	17150	1031	68	0.509	2.031E-10	384	451	851	-16070	-15867	204	16127	15867
146683824	-1	793	6.907E-228	6	14176	17150	1044	47	0.454	1.369E-03	460	512	851	-15478	-15320	159	15499	15314
146683824	-1	793	6.907E-228	6	14176	17150	1061	257	0.543	3.400E-72	516	763	851	-15241	-14507	735	15283	14378
146683824	-1	793	6.907E-228	6	14176	17150	1065	118	0.595	1.234E-27	751	850	851	-14475	-14176	300	14496	14176
152236727	-1	779	1.132E-223	6	14176	17150	1016	131	0.450	3.316E-30	72	227	852	-17150	-16674	477	17294	16644
152236727	-1	779	1.132E-223	6	14176	17150	1027	180	0.563	1.207E-47	219	383	852	-16624	-16130	495	16624	16067
152236727	-1	779	1.132E-223	6	14176	17150	1031	66	0.499	7.229E-10	385	452	852	-16070	-15867	204	16127	15867
152236727	-1	779	1.132E-223	6	14176	17150	1044	50	0.483	7.724E-05	461	513	852	-15478	-15320	159	15499	15314
152236727	-1	779	1.132E-223	6	14176	17150	1061	259	0.546	7.087E-73	517	764	852	-15241	-14507	735	15283	14378
152236727	-1	779	1.132E-223	6	14176	17150	1065	118	0.595	1.234E-27	752	851	852	-14475	-14176	300	14496	14176
152528641	1	265	6.070E-69	2	1272	2198	33	222	1.000	1.742E-63	8	109	219	1272	1577	306	1239	1577
152528641	1	265	6.070E-69	2	1272	2198	44	95	0.832	1.590E-20	163	216	219	2037	2198	162	2010	2204
154081017	-1	466	1.889E-129	4	14176	16070	1031	66	0.501	5.263E-10	15	82	482	-16070	-15867	204	16127	15867
154081017	-1	466	1.889E-129	4	14176	16070	1044	47	0.454	1.369E-03	91	143	482	-15478	-15320	159	15499	15314
154081017	-1	466	1.889E-129	4	14176	16070	1061	254	0.537	4.177E-71	147	394	482	-15241	-14507	735	15283	14378
154081017	-1	466	1.889E-129	4	14176	16070	1065	119	0.599	6.557E-28	382	481	482	-14475	-14176	300	14496	14176
155630327	1	248	7.956E-64	2	1272	2201	33	213	0.981	1.328E-60	8	109	219	1272	1577	306	1239	1577
155630327	1	248	7.956E-64	2	1272	2201	44	87	0.751	1.717E-17	163	217	219	2037	2201	165	2010	2204
156059460	-1	1178	0.000E+00	6	14176	17192	1016	257	0.730	9.799E-74	160	330	948	-17192	-16674	519	17294	16644
156059460	-1	1178	0.000E+00	6	14176	17192	1027	216	0.647	5.849E-60	322	487	948	-16624	-16124	501	16624	16067
156059460	-1	1178	0.000E+00	6	14176	17192	1031	98	0.715	6.902E-21	487	552	948	-16070	-15873	198	16127	15867
156059460	-1	1178	0.000E+00	6	14176	17192	1044	83	0.744	3.541E-16	560	612	948	-15478	-15320	159	15499	15314
156059460	-1	1178	0.000E+00	6	14176	17192	1061	374	0.747	9.987E-113	615	860	948	-15244	-14507	738	15283	14378
156059460	-1	1178	0.000E+00	6	14176	17192	1065	162	0.873	6.988E-43	860	947	948	-14439	-14176	264	14496	14176
157216451	1	70	3.048E-10	1	27069	27314	624	70	0.441	1.749E-10	47	131	134	27069	27314	246	27036	27425
159601998	1	246	3.182E-63	2	1272	2186	33	218	1.000	2.994E-62	8	109	219	1272	1577	306	1239	1577
159601998	1	246	3.182E-63	2	1272	2186	44	80	0.759	3.803E-15	163	212	219	2037	2186	150	2010	2204
159731803	1	271	9.484E-71	2	1272	2201	33	219	1.000	1.160E-62	8	109	218	1272	1577	306	1239	1577
159731803	1	271	9.484E-71	2	1272	2201	44	104	0.889	1.076E-23	163	217	218	2037	2201	165	2010	2204
160416663	1	210	2.187E-52	3	9289	9877	210	130	0.653	5.136E-32	74	172	293	9289	9585	297	9283	9585
160416663	1	210	2.187E-52	3	9289	9877	212	33	0.673	4.922E+01	166	187	293	9641	9706	66	9584	9706
160416663	1	210	2.187E-52	3	9289	9877	216	52	0.721	6.262E-06	188	221	293	9776	9877	102	9746	9877
160576702	1	170	2.404E-40	2	9286	12528	210	138	0.697	1.258E-34	85	180	240	9286	9576	291	9283	9585
160576702	1	170	2.404E-40	2	9286	12528	275	53	0.726	4.549E-06	203	236	240	12427	12528	102	12397	12528
160703485	1	164	1.539E-38	2	9289	9874	210	134	0.685	2.977E-33	72	166	236	9289	9576	288	9283	9585
160703485	1	164	1.539E-38	2	9289	9874	216	51	0.719	2.248E-05	189	221	236	9776	9874	99	9746	9877
160734522	1	236	3.259E-60	2	1272	2180	33	214	0.984	7.056E-61	8	109	215	1272	1577	306	1239	1577
160734522	1	236	3.259E-60	2	1272	2180	44	74	0.734	4.475E-13	163	210	215	2037	2180	144	2010	2204
160736971	1	277	1.482E-72	5	11532	12525	258	33	0.920	5.055E+01	180	195	388	11532	11579	48	11457	11618
160736971	1	277	1.482E-72	5	11532	12525	264	44	0.490	8.691E-03	197	239	388	11760	11894	135	11757	11918
160736971	1	277	1.482E-72	5	11532	12525	270	129	0.715	1.327E-31	234	320	388	11940	12203	264	11934	12236
160736971	1	277	1.482E-72	5	11532	12525	272	33	0.718	2.582E+01	331	351	388	12295	12357	63	12235	12357
160736971	1	277	1.482E-72	5	11532	12525	275	48	0.678	2.903E-04	352	384	388	12427	12525	99	12397	12528
160753163	1	251	9.944E-65	2	1272	2195	33	218	0.999	4.106E-62	8	109	219	1272	1577	306	1239	1577
160753163	1	251	9.944E-65	2	1272	2195	44	85	0.766	4.451E-17	163	215	219	2037	2195	159	2010	2204
160765034	1	259	3.885E-67	2	1272	2195	33	219	1.000	1.160E-62	8	109	220	1272	1577	306	1239	1577
160765034	1	259	3.885E-67	2	1272	2195	44	92	0.817	2.767E-19	163	215	220	2037	2195	159	2010	2204
160809959	1	219	4.271E-55	1	1266	1574	33	219	0.997	1.160E-62	0	102	103	1266	1574	309	1239	1577
160834969	1	267	1.517E-69	2	1272	2201	33	220	1.000	4.495E-63	8	109	218	1272	1577	306	1239	1577
160834969	1	267	1.517E-69	2	1272	2201	44	99	0.850	6.655E-22	163	217	218	2037	2201	165	2010	2204
160847450	-1	415	4.253E-114	3	14176	16624	1027	180	0.557	1.654E-47	242	408	869	-16624	-16130	495	16624	16067
160847450	-1	415	4.253E-114	3	14176	16624	1061	251	0.538	3.750E-70	542	781	869	-15241	-14507	735	15283	14378
160847450	-1	415	4.253E-114	3	14176	16624	1065	116	0.652	6.004E-27	781	868	869	-14439	-14176	264	14496	14176
160857451	1	186	3.669E-45	2	9289	9874	210	159	0.795	6.583E-42	82	176	235	9289	9576	288	9283	9585
160857451	1	186	3.669E-45	2	9289	9874	216	48	0.688	1.531E-04	199	231	235	9776	9874	99	9746	9877
160888138	1	236	3.259E-60	2	1272	2189	33	213	0.978	2.498E-60	8	109	215	1272	1577	306	1239	1577
160888138	1	236	3.259E-60	2	1272	2189	44	75	0.703	2.369E-13	163	213	215	2037	2189	153	2010	2204
160917907	1	232	5.214E-59	2	1272	2201	33	219	1.000	1.591E-62	8	109	221	1272	1577	306	1239	1577
160917907	1	232	5.214E-59	2	1272	2201	44	75	0.754	2.369E-13	173	219	221	2061	2201	141	2010	2204
160937302	-1	233	2.607E-59	2	14507	16624	1027	155	0.495	4.936E-39	163	329	769	-16624	-16130	495	16624	16067
160937302	-1	233	2.607E-59	2	14507	16624	1061	209	0.465	1.322E-55	462	702	769	-15241	-14507	735	15283	14378
160960419	-1	788	2.210E-226	6	14176	17150	1016	132	0.451	2.426E-30	72	227	852	-17150	-16674	477	17294	16644
160960419	-1	788	2.210E-226	6	14176	17150	1027	186	0.579	7.821E-50	219	383	852	-16624	-16130	495	16624	16067
160960419	-1	788	2.210E-226	6	14176	17150	1031	66	0.497	9.930E-10	385	452	852	-16070	-15867	204	16127	15867
160960419	-1	788	2.210E-226	6	14176	17150	1044	53	0.501	1.138E-05	461	513	852	-15478	-15320	159	15499	15314
160960419	-1	788	2.210E-226	6	14176	17150	1061	257	0.543	3.400E-72	517	764	852	-15241	-14507	735	15283	14378
160960419	-1	788	2.210E-226	6	14176	17150	1065	119	0.600	4.779E-28	752	851	852	-14475	-14176	300	14496	14176
161000956	1	243	2.546E-62	2	1272	2195	33	213	0.981	1.328E-60	21	122	233	1272	1577	306	1239	1577
161000956	1	243	2.546E-62	2	1272	2195	44	82	0.738	7.764E-16	176	228	233	2037	2195	159	2010	2204
161020827	1	252	4.972E-65	2	1272	2201	33	215	0.988	3.751E-61	8	109	219	1272	1577	306	1239	1577
161020827	1	252	4.972E-65	2	1272	2201	44	89	0.767	3.508E-18	163	217	219	2037	2201	165	2010	2204
161094729	1	258	7.769E-67	2	1272	2198	33	219	1.000	1.591E-62	8	109	219	1272	1577	306	1239	1577
161094729	1	258	7.769E-67	2	1272	2198	44	91	0.795	7.172E-19	163	216	219	2037	2198	162	2010	2204
161106470	-1	424	8.306E-117	3	14507	16603	1027	179	0.574	3.104E-47	140	299	746	-16603	-16124	480	16624	16067
161106470	-1	424	8.306E-117	3	14507	16603	1031	63	0.482	1.258E-08	299	365	746	-16070	-15870	201	16127	15867
161106470	-1	424	8.306E-117	3	14507	16603	1061	245	0.522	5.649E-68	430	677	746	-15241	-14507	735	15283	14378
161106575	-1	412	3.402E-113	3	14507	17081	1016	119	0.458	3.876E-26	1	141	746	-17081	-16674	408	17294	16644
161106575	-1	412	3.402E-113	3	14507	17081	1027	179	0.575	2.266E-47	140	299	746	-16603	-16124	480	16624	16067
161106575	-1	412	3.402E-113	3	14507	17081	1061	244	0.521	1.057E-67	430	677	746	-15241	-14507	735	15283	14378
161129066	1	249	3.978E-64	2	1272	2195	33	215	0.988	3.751E-61	8	109	219	1272	1577	306	1239	1577
161129066	1	249	3.978E-64	2	1272	2195	44	86	0.773	2.358E-17	163	215	219	2037	2195	159	2010	2204
161132261	-1	289	3.618E-76	5	14176	17150	1016	124	0.432	6.712E-28	89	247	875	-17150	-16674	477	17294	16644
161132261	-1	289	3.618E-76	5	14176	17150	1027	181	0.560	6.430E-48	239	405	875	-16624	-16124	501	16624	16067
161132261	-1	289	3.618E-76	5	14176	17150	1031	73	0.568	3.281E-12	405	468	875	-16070	-15879	192	16127	15867
161132261	-1	289	3.618E-76	5	14176	17150	1044	59	0.548	5.030E-08	480	533	875	-15484	-15323	162	15499	15314
161132261	-1	289	3.618E-76	5	14176	17150	1065	120	0.671	2.538E-28	787	874	875	-14439	-14176	264	14496	14176
161151937	1	247	1.591E-63	2	1272	2180	33	213	0.981	1.328E-60	28	129	239	1272	1577	306	1239	1577
161151937	1	247	1.591E-63	2	1272	2180	44	86	0.843	2.358E-17	183	230	239	2037	2180	144	2010	2204
161155685	1	251	9.944E-65	2	1272	2201	33	216	0.991	1.994E-61	8	109	218	1272	1577	306	1239	1577
161155685	1	251	9.944E-65	2	1272	2201	44	87	0.755	1.249E-17	163	217	218	2037	2201	165	2010	2204
161170233	1	228	8.342E-58	3	9289	9874	210	142	0.720	5.318E-36	49	143	203	9289	9576	288	9283	9585
161170233	1	228	8.342E-58	3	9289	9874	212	34	0.735	1.355E+01	145	165	203	9644	9706	63	9584	9706
161170233	1	228	8.342E-58	3	9289	9874	216	50	0.709	4.261E-05	166	198	203	9776	9874	99	9746	9877
161170339	1	230	2.085E-58	3	9289	9874	210	144	0.729	1.093E-36	49	143	203	9289	9576	288	9283	9585
161170339	1	230	2.085E-58	3	9289	9874	212	34	0.735	1.355E+01	145	165	203	9644	9706	63	9584	9706
161170339	1	230	2.085E-58	3	9289	9874	216	50	0.709	4.261E-05	166	198	203	9776	9874	99	9746	9877
161185561	-1	474	7.377E-132	4	14176	16070	1031	63	0.479	9.162E-09	402	469	869	-16070	-15867	204	16127	15867
161185561	-1	474	7.377E-132	4	14176	16070	1044	46	0.445	3.572E-03	478	530	869	-15478	-15320	159	15499	15314
161185561	-1	474	7.377E-132	4	14176	16070	1061	258	0.545	1.327E-72	534	781	869	-15241	-14507	735	15283	14378
161185561	-1	474	7.377E-132	4	14176	16070	1065	115	0.648	1.130E-26	781	868	869	-14439	-14176	264	14496	14176
161224479	1	268	7.587E-70	2	1272	2201	33	219	1.000	1.160E-62	8	109	218	1272	1577	306	1239	1577
161224479	1	268	7.587E-70	2	1272	2201	44	101	0.865	1.362E-22	163	217	218	2037	2201	165	2010	2204
161225331	1	260	1.942E-67	2	1272	2201	33	218	1.000	2.994E-62	8	109	218	1272	1577	306	1239	1577
161225331	1	260	1.942E-67	2	1272	2201	44	94	0.813	2.999E-20	163	217	218	2037	2201	165	2010	2204
161236886	-1	554	6.102E-156	4	14507	17150	1016	130	0.440	6.196E-30	75	237	861	-17150	-16674	477	17294	16644
161236886	-1	554	6.102E-156	4	14507	17150	1027	179	0.575	2.266E-47	236	395	861	-16603	-16124	480	16624	16067
161236886	-1	554	6.102E-156	4	14507	17150	1031	62	0.477	2.375E-08	395	461	861	-16070	-15870	201	16127	15867
161236886	-1	554	6.102E-156	4	14507	17150	1061	246	0.524	2.206E-68	526	773	861	-15241	-14507	735	15283	14378
167703790	1	249	3.978E-64	2	1272	2201	33	213	0.981	1.328E-60	8	109	219	1272	1577	306	1239	1577
167703790	1	249	3.978E-64	2	1272	2201	44	88	0.764	4.819E-18	163	217	219	2037	2201	165	2010	2204
168475814	1	212	5.467E-53	1	1272	1577	33	212	0.974	4.699E-60	6	107	160	1272	1577	306	1239	1577
168600362	1	76	4.762E-12	1	27069	27335	624	76	0.443	1.561E-12	6	97	162	27069	27335	267	27036	27425
168762260	-1	809	1.054E-232	6	14176	17150	1016	142	0.465	7.119E-34	67	231	854	-17150	-16668	483	17294	16644
168762260	-1	809	1.054E-232	6	14176	17150	1027	179	0.561	2.266E-47	221	385	854	-16624	-16130	495	16624	16067
168762260	-1	809	1.054E-232	6	14176	17150	1031	68	0.512	1.479E-10	387	454	854	-16070	-15867	204	16127	15867
168762260	-1	809	1.054E-232	6	14176	17150	1044	51	0.486	5.613E-05	463	515	854	-15478	-15320	159	15499	15314
168762260	-1	809	1.054E-232	6	14176	17150	1061	263	0.553	2.249E-74	519	766	854	-15241	-14507	735	15283	14378
168762260	-1	809	1.054E-232	6	14176	17150	1065	121	0.675	1.348E-28	766	853	854	-14439	-14176	264	14496	14176
170501173	-1	538	3.999E-151	4	14507	17108	1016	121	0.451	1.113E-26	62	207	829	-17108	-16674	435	17294	16644
170501173	-1	538	3.999E-151	4	14507	17108	1027	199	0.634	3.275E-54	206	363	829	-16603	-16130	474	16624	16067
170501173	-1	538	3.999E-151	4	14507	17108	1031	63	0.482	6.670E-09	365	432	829	-16070	-15867	204	16127	15867
170501173	-1	538	3.999E-151	4	14507	17108	1061	220	0.485	2.850E-59	500	741	829	-15238	-14507	732	15283	14378
171270290	1	232	5.214E-59	2	1272	2186	33	211	0.971	8.842E-60	8	109	215	1272	1577	306	1239	1577
171270290	1	232	5.214E-59	2	1272	2186	44	73	0.702	8.453E-13	163	212	215	2037	2186	150	2010	2204
172369426	-1	296	2.826E-78	5	14176	17150	1016	129	0.444	2.162E-29	87	245	873	-17150	-16674	477	17294	16644
172369426	-1	296	2.826E-78	5	14176	17150	1027	179	0.556	2.266E-47	237	403	873	-16624	-16124	501	16624	16067
172369426	-1	296	2.826E-78	5	14176	17150	1031	63	0.491	9.162E-09	403	468	873	-16070	-15873	198	16127	15867
172369426	-1	296	2.826E-78	5	14176	17150	1044	59	0.558	9.515E-08	480	531	873	-15478	-15323	156	15499	15314
172369426	-1	296	2.826E-78	5	14176	17150	1065	122	0.612	5.219E-29	773	872	873	-14475	-14176	300	14496	14176
173265782	-1	330	1.645E-88	3	14507	16603	1027	167	0.548	3.924E-43	222	379	843	-16603	-16130	474	16624	16067
173265782	-1	330	1.645E-88	3	14507	16603	1044	43	0.395	3.352E-02	453	510	843	-15487	-15320	168	15499	15314
173265782	-1	330	1.645E-88	3	14507	16603	1061	197	0.448	2.117E-51	517	755	843	-15232	-14507	726	15283	14378
174211510	-1	553	1.220E-155	4	14507	17156	1016	119	0.413	7.232E-26	104	264	882	-17156	-16674	483	17294	16644
174211510	-1	553	1.220E-155	4	14507	17156	1027	185	0.591	2.012E-49	263	422	882	-16603	-16130	474	16624	16067
174211510	-1	553	1.220E-155	4	14507	17156	1031	68	0.512	1.479E-10	424	491	882	-16070	-15867	204	16127	15867
174211510	-1	553	1.220E-155	4	14507	17156	1061	243	0.524	1.979E-67	556	794	882	-15241	-14507	735	15283	14378
174724159	1	172	6.011E-41	2	9289	9874	210	140	0.712	2.587E-35	72	166	224	9289	9576	288	9283	9585
174724159	1	172	6.011E-41	2	9289	9874	216	53	0.750	3.305E-06	189	221	224	9776	9874	99	9746	9877
174870254	1	212	5.467E-53	3	9289	9877	210	132	0.658	1.988E-32	74	172	293	9289	9585	297	9283	9585
174870254	1	212	5.467E-53	3	9289	9877	212	33	0.673	4.922E+01	166	187	293	9641	9706	66	9584	9706
174870254	1	212	5.467E-53	3	9289	9877	216	52	0.721	6.262E-06	188	221	293	9776	9877	102	9746	9877
174926611	1	238	8.146E-61	3	9286	12525	210	148	0.742	3.369E-38	90	186	245	9286	9576	291	9283	9585
174926611	1	238	8.146E-61	3	9286	12525	212	35	0.721	7.113E+00	187	208	245	9641	9706	66	9584	9706
174926611	1	238	8.146E-61	3	9286	12525	275	53	0.755	2.402E-06	209	241	245	12427	12525	99	12397	12528
174931654	1	183	2.935E-44	2	9286	9706	210	145	0.728	4.232E-37	70	166	204	9286	9576	291	9283	9585
174931654	1	183	2.935E-44	2	9286	9706	212	37	0.768	1.032E+00	167	188	204	9641	9706	66	9584	9706
174992077	1	125	8.460E-27	1	9286	9522	210	125	0.761	4.311E-30	46	124	125	9286	9522	237	9283	9585
175106305	1	171	1.202E-40	2	9286	12525	210	142	0.714	5.318E-36	72	167	225	9286	9576	291	9283	9585
175106305	1	171	1.202E-40	2	9286	12525	275	50	0.709	4.261E-05	190	222	225	12427	12525	99	12397	12528
175180420	1	174	1.503E-41	2	9289	12525	210	140	0.713	1.885E-35	73	167	247	9289	9576	288	9283	9585
175180420	1	174	1.503E-41	2	9289	12525	275	55	0.771	9.214E-07	190	222	247	12427	12525	99	12397	12528
175267373	1	262	4.856E-68	2	1272	2201	33	221	1.000	2.389E-63	8	109	219	1272	1577	306	1239	1577
175267373	1	262	4.856E-68	2	1272	2201	44	93	0.797	1.466E-19	163	217	219	2037	2201	165	2010	2204
175271119	1	239	4.073E-61	2	1272	2186	33	217	0.997	5.632E-62	8	109	219	1272	1577	306	1239	1577
175271119	1	239	4.073E-61	2	1272	2186	44	74	0.712	3.256E-13	163	212	219	2037	2186	150	2010	2204
175279088	1	203	2.799E-50	3	8889	12236	198	35	0.864	8.821E+00	2	19	210	8889	8942	54	8820	8954
175279088	1	203	2.799E-50	3	8889	12236	264	42	0.467	5.942E-02	21	63	210	11760	11894	135	11757	11918
175279088	1	203	2.799E-50	3	8889	12236	270	130	0.639	9.670E-32	58	158	210	11940	12236	297	11934	12236
175316523	-1	543	1.250E-152	4	14507	17108	1016	139	0.501	8.708E-33	123	268	891	-17108	-16674	435	17294	16644
175316523	-1	543	1.250E-152	4	14507	17108	1027	198	0.607	1.155E-53	260	424	891	-16624	-16130	495	16624	16067
175316523	-1	543	1.250E-152	4	14507	17108	1031	61	0.492	3.262E-08	426	489	891	-16070	-15879	192	16127	15867
175316523	-1	543	1.250E-152	4	14507	17108	1061	219	0.481	3.897E-59	559	803	891	-15244	-14507	738	15283	14378
175394678	1	218	8.542E-55	1	1266	1574	33	218	0.994	2.183E-62	0	102	103	1266	1574	309	1239	1577
175408000	1	207	1.749E-51	1	1272	1577	33	207	0.953	2.859E-58	8	109	194	1272	1577	306	1239	1577
175485869	1	199	4.479E-49	2	1746	2189	41	111	0.710	3.507E-25	1	76	131	1746	1964	219	1689	2006
175485869	1	199	4.479E-49	2	1746	2189	44	89	0.826	1.859E-18	75	125	131	2037	2189	153	2010	2204
175544155	1	220	2.136E-55	1	1269	1574	33	220	1.000	8.458E-63	0	101	102	1269	1574	306	1239	1577
175576102	1	218	8.542E-55	1	1269	1574	33	218	1.000	2.994E-62	0	101	102	1269	1574	306	1239	1577
175585441	1	94	1.817E-17	1	1812	1976	41	94	0.807	3.904E-19	0	54	81	1812	1976	165	1689	2006
175591063	1	209	4.374E-52	2	1746	2201	41	112	0.716	1.357E-25	71	146	201	1746	1964	219	1689	2006
175591063	1	209	4.374E-52	2	1746	2201	44	98	0.837	2.368E-21	145	199	201	2037	2201	165	2010	2204
175643938	1	244	1.273E-62	2	1272	2186	33	220	1.000	4.495E-63	8	109	219	1272	1577	306	1239	1577
175643938	1	244	1.273E-62	2	1272	2186	44	76	0.725	9.129E-14	163	212	219	2037	2186	150	2010	2204
175727329	-1	644	4.929E-183	5	14176	17198	1016	140	0.434	2.490E-33	42	220	844	-17198	-16674	525	17294	16644
175727329	-1	644	4.929E-183	5	14176	17198	1027	167	0.534	5.376E-43	212	374	844	-16624	-16136	489	16624	16067
175727329	-1	644	4.929E-183	5	14176	17198	1044	50	0.480	1.063E-04	453	505	844	-15478	-15320	159	15499	15314
175727329	-1	644	4.929E-183	5	14176	17198	1061	257	0.542	4.652E-72	509	756	844	-15241	-14507	735	15283	14378
175727329	-1	644	4.929E-183	5	14176	17198	1065	115	0.648	1.130E-26	756	843	844	-14439	-14176	264	14496	14176
175774130	-1	647	6.162E-184	5	14507	17150	1016	130	0.438	1.157E-29	75	237	861	-17150	-16674	477	17294	16644
175774130	-1	647	6.162E-184	5	14507	17150	1027	177	0.569	1.499E-46	236	395	861	-16603	-16124	480	16624	16067
175774130	-1	647	6.162E-184	5	14507	17150	1031	62	0.480	1.729E-08	395	461	861	-16070	-15870	201	16127	15867
175774130	-1	647	6.162E-184	5	14507	17150	1044	40	0.400	3.152E-01	470	522	861	-15478	-15320	159	15499	15314
175774130	-1	647	6.162E-184	5	14507	17150	1061	246	0.523	3.018E-68	526	773	861	-15241	-14507	735	15283	14378
176564836	1	241	1.018E-61	2	1272	2195	33	217	0.996	7.725E-62	16	117	228	1272	1577	306	1239	1577
176564836	1	241	1.018E-61	2	1272	2195	44	76	0.693	6.643E-14	171	223	228	2037	2195	159	2010	2204
181193082	1	203	2.799E-50	1	1266	1577	33	203	0.921	6.741E-57	1	104	105	1266	1577	312	1239	1577
181650760	1	270	1.897E-70	2	1272	2201	33	218	0.999	4.106E-62	8	109	218	1272	1577	306	1239	1577
181650760	1	270	1.897E-70	2	1272	2201	44	104	0.883	2.030E-23	163	217	218	2037	2201	165	2010	2204
181919581	1	238	8.146E-61	2	1272	2186	33	217	0.996	7.725E-62	8	109	219	1272	1577	306	1239	1577
181919581	1	238	8.146E-61	2	1272	2186	44	73	0.698	1.162E-12	163	212	219	2037	2186	150	2010	2204
181948588	1	244	1.273E-62	2	1272	2201	33	219	1.000	1.591E-62	8	109	219	1272	1577	306	1239	1577
181948588	1	244	1.273E-62	2	1272	2201	44	77	0.678	3.518E-14	163	217	219	2037	2201	165	2010	2204
182379672	1	269	3.793E-70	2	1272	2204	33	214	0.986	5.145E-61	8	109	219	1272	1577	306	1239	1577
182379672	1	269	3.793E-70	2	1272	2204	44	107	0.896	1.169E-24	163	218	219	2037	2204	168	2010	2204
183526771	1	256	3.108E-66	2	1272	2195	33	215	0.988	3.751E-61	8	109	221	1272	1577	306	1239	1577
183526771	1	256	3.108E-66	2	1272	2195	44	93	0.830	7.772E-20	163	215	221	2037	2195	159	2010	2204
185668293	-1	491	5.628E-137	4	14176	16624	1027	154	0.494	1.268E-38	291	456	917	-16624	-16130	495	16624	16067
185668293	-1	491	5.628E-137	4	14176	16624	1044	46	0.433	1.885E-03	532	587	917	-15484	-15317	168	15499	15314
185668293	-1	491	5.628E-137	4	14176	16624	1061	251	0.541	5.130E-70	590	827	917	-15241	-14513	729	15283	14378
185668293	-1	491	5.628E-137	4	14176	16624	1065	115	0.653	1.551E-26	830	916	917	-14436	-14176	261	14496	14176
186145441	-1	201	1.120E-49	1	14507	15244	1061	201	0.451	4.997E-53	149	391	479	-15244	-14507	738	15283	14378
186436060	1	164	1.539E-38	2	9286	9877	210	134	0.678	4.086E-33	80	175	234	9286	9576	291	9283	9585
186436060	1	164	1.539E-38	2	9286	9877	216	51	0.711	1.186E-05	198	231	234	9776	9877	102	9746	9877
188108781	-1	436	2.028E-120	3	14507	17150	1016	131	0.442	3.316E-30	84	246	871	-17150	-16674	477	17294	16644
188108781	-1	436	2.028E-120	3	14507	17150	1027	175	0.562	9.913E-46	245	404	871	-16603	-16124	480	16624	16067
188108781	-1	436	2.028E-120	3	14507	17150	1061	261	0.550	1.079E-73	536	783	871	-15241	-14507	735	15283	14378
189255517	1	171	1.202E-40	2	9289	12525	210	138	0.705	9.169E-35	73	167	245	9289	9576	288	9283	9585
189255517	1	171	1.202E-40	2	9289	12525	275	54	0.760	1.745E-06	190	222	245	12427	12525	99	12397	12528
189307308	1	189	4.586E-46	2	9289	9874	210	150	0.750	6.927E-39	87	182	239	9289	9579	291	9283	9585
189307308	1	189	4.586E-46	2	9289	9874	216	50	0.578	4.261E-05	195	236	239	9749	9874	126	9746	9877
189471204	1	186	3.669E-45	2	9286	9706	210	151	0.752	5.049E-39	72	168	227	9286	9576	291	9283	9585
189471204	1	186	3.669E-45	2	9286	9706	212	34	0.713	9.817E+00	169	190	227	9641	9706	66	9584	9706
189471315	1	187	1.834E-45	2	9286	9706	210	148	0.740	4.622E-38	72	168	227	9286	9576	291	9283	9585
189471315	1	187	1.834E-45	2	9286	9706	212	38	0.792	3.933E-01	169	190	227	9641	9706	66	9584	9706
189477065	1	169	4.809E-40	2	9289	12528	210	140	0.713	1.885E-35	76	170	229	9289	9576	288	9283	9585
189477065	1	169	4.809E-40	2	9289	12528	275	50	0.696	3.095E-05	193	226	229	12427	12528	102	12397	12528
189605326	1	176	3.757E-42	2	9289	9874	210	138	0.703	1.258E-34	75	169	233	9289	9576	288	9283	9585
189605326	1	176	3.757E-42	2	9289	9874	216	51	0.598	2.248E-05	184	224	233	9752	9874	123	9746	9877
189757146	1	204	1.400E-50	3	9289	9874	210	126	0.630	1.216E-30	71	170	234	9289	9585	297	9283	9585
189757146	1	204	1.400E-50	3	9289	9874	212	34	0.697	1.870E+01	164	185	234	9641	9706	66	9584	9706
189757146	1	204	1.400E-50	3	9289	9874	216	49	0.693	1.112E-04	186	218	234	9776	9874	99	9746	9877
189810153	1	230	2.085E-58	2	1272	2180	33	214	0.984	7.056E-61	8	109	216	1272	1577	306	1239	1577
189810153	1	230	2.085E-58	2	1272	2180	44	68	0.681	5.284E-11	163	210	216	2037	2180	144	2010	2204
189812531	1	247	1.591E-63	2	1272	2195	33	212	0.974	4.699E-60	8	109	220	1272	1577	306	1239	1577
189812531	1	247	1.591E-63	2	1272	2195	44	87	0.776	1.717E-17	163	215	220	2037	2195	159	2010	2204
189817365	1	229	4.171E-58	2	1272	2186	33	207	0.956	1.520E-58	8	109	215	1272	1577	306	1239	1577
189817365	1	229	4.171E-58	2	1272	2186	44	74	0.708	4.475E-13	163	212	215	2037	2186	150	2010	2204
189838918	-1	599	1.734E-169	4	14176	17153	1016	152	0.503	2.066E-37	114	272	896	-17153	-16674	480	17294	16644
189838918	-1	599	1.734E-169	4	14176	17153	1027	193	0.595	5.063E-52	264	428	896	-16624	-16130	495	16624	16067
189838918	-1	599	1.734E-169	4	14176	17153	1061	273	0.570	1.207E-77	561	808	896	-15241	-14507	735	15283	14378
189838918	-1	599	1.734E-169	4	14176	17153	1065	119	0.664	8.997E-28	808	895	896	-14439	-14176	264	14496	14176
189843036	-1	699	1.368E-199	5	14176	16624	1027	185	0.576	2.012E-49	269	433	902	-16624	-16130	495	16624	16067
189843036	-1	699	1.368E-199	5	14176	16624	1031	74	0.559	1.739E-12	435	500	902	-16070	-15873	198	16127	15867
189843036	-1	699	1.368E-199	5	14176	16624	1044	52	0.482	2.154E-05	509	563	902	-15484	-15320	165	15499	15314
189843036	-1	699	1.368E-199	5	14176	16624	1061	264	0.555	1.201E-74	567	814	902	-15241	-14507	735	15283	14378
189843036	-1	699	1.368E-199	5	14176	16624	1065	130	0.717	1.280E-31	814	901	902	-14439	-14176	264	14496	14176
189858068	-1	694	4.378E-198	5	14176	16624	1027	187	0.575	4.166E-50	267	433	900	-16624	-16124	501	16624	16067
189858068	-1	694	4.378E-198	5	14176	16624	1031	77	0.566	1.374E-13	433	500	900	-16070	-15867	204	16127	15867
189858068	-1	694	4.378E-198	5	14176	16624	1044	49	0.454	2.013E-04	506	561	900	-15487	-15320	168	15499	15314
189858068	-1	694	4.378E-198	5	14176	16624	1061	269	0.563	2.033E-76	565	812	900	-15241	-14507	735	15283	14378
189858068	-1	694	4.378E-198	5	14176	16624	1065	128	0.635	6.226E-31	800	899	900	-14475	-14176	300	14496	14176
189914656	-1	408	5.443E-112	3	14507	17156	1016	118	0.406	9.878E-26	74	237	859	-17156	-16674	483	17294	16644
189914656	-1	408	5.443E-112	3	14507	17156	1027	173	0.556	3.492E-45	236	396	859	-16603	-16130	474	16624	16067
189914656	-1	408	5.443E-112	3	14507	17156	1061	250	0.535	1.314E-69	530	771	859	-15241	-14507	735	15283	14378
189921565	1	252	4.972E-65	2	1272	2186	33	215	0.988	3.751E-61	8	109	220	1272	1577	306	1239	1577
189921565	1	252	4.972E-65	2	1272	2186	44	89	0.840	1.859E-18	163	212	220	2037	2186	150	2010	2204
189941056	1	217	1.708E-54	1	1266	1574	33	217	0.989	5.632E-62	0	102	103	1266	1574	309	1239	1577
189965612	1	102	7.097E-20	1	1746	1964	41	102	0.659	5.076E-22	3	78	83	1746	1964	219	1689	2006
189965854	1	191	1.147E-46	2	1800	2180	41	103	0.877	2.696E-22	0	54	109	1800	1964	165	1689	2006
189965854	1	191	1.147E-46	2	1800	2180	44	89	0.864	3.508E-18	53	100	109	2037	2180	144	2010	2204
189984369	1	248	7.956E-64	2	1272	2195	33	213	0.981	1.328E-60	8	109	219	1272	1577	306	1239	1577
189984369	1	248	7.956E-64	2	1272	2195	44	87	0.782	9.095E-18	163	215	219	2037	2195	159	2010	2204
190080043	1	236	3.259E-60	2	1272	2180	33	214	0.983	9.679E-61	8	109	216	1272	1577	306	1239	1577
190080043	1	236	3.259E-60	2	1272	2180	44	74	0.730	6.151E-13	163	210	216	2037	2180	144	2010	2204
190111969	1	246	3.182E-63	2	1272	2201	33	213	0.981	1.328E-60	8	109	219	1272	1577	306	1239	1577
190111969	1	246	3.182E-63	2	1272	2201	44	85	0.739	6.115E-17	163	217	219	2037	2201	165	2010	2204
190132628	1	262	4.856E-68	2	1272	2201	33	220	1.000	6.166E-63	8	109	218	1272	1577	306	1239	1577
190132628	1	262	4.856E-68	2	1272	2201	44	94	0.813	2.999E-20	163	217	218	2037	2201	165	2010	2204
190154799	-1	117	2.166E-24	1	16677	17147	1016	117	0.417	1.843E-25	70	226	229	-17147	-16677	471	17294	16644
190186698	1	242	5.092E-62	2	1272	2186	33	220	1.000	4.495E-63	8	109	219	1272	1577	306	1239	1577
190186698	1	242	5.092E-62	2	1272	2186	44	74	0.712	3.256E-13	163	212	219	2037	2186	150	2010	2204
190187858	1	218	8.542E-55	1	1266	1574	33	218	0.992	2.994E-62	0	102	103	1266	1574	309	1239	1577
190189752	-1	355	4.903E-96	3	14507	16603	1027	162	0.534	2.347E-41	222	379	843	-16603	-16130	474	16624	16067
190189752	-1	355	4.903E-96	3	14507	16603	1031	61	0.470	3.262E-08	381	448	843	-16070	-15867	204	16127	15867
190189752	-1	355	4.903E-96	3	14507	16603	1061	198	0.450	8.298E-52	517	755	843	-15232	-14507	726	15283	14378
190189915	-1	545	3.124E-153	4	14507	17150	1016	127	0.433	7.544E-29	75	236	857	-17150	-16677	474	17294	16644
190189915	-1	545	3.124E-153	4	14507	17150	1027	174	0.582	1.358E-45	239	391	857	-16582	-16124	459	16624	16067
190189915	-1	545	3.124E-153	4	14507	17150	1031	63	0.482	1.258E-08	391	457	857	-16070	-15870	201	16127	15867
190189915	-1	545	3.124E-153	4	14507	17150	1061	244	0.521	7.728E-68	522	769	857	-15241	-14507	735	15283	14378
190190000	-1	539	2.000E-151	4	14507	17081	1016	119	0.458	3.876E-26	1	141	746	-17081	-16674	408	17294	16644
190190000	-1	539	2.000E-151	4	14507	17081	1027	175	0.564	7.235E-46	140	299	746	-16603	-16124	480	16624	16067
190190000	-1	539	2.000E-151	4	14507	17081	1031	63	0.482	1.258E-08	299	365	746	-16070	-15870	201	16127	15867
190190000	-1	539	2.000E-151	4	14507	17081	1061	245	0.523	4.129E-68	430	677	746	-15241	-14507	735	15283	14378
190217911	1	250	1.989E-64	2	1245	2201	33	219	0.931	1.591E-62	1	111	220	1245	1577	333	1239	1577
190217911	1	250	1.989E-64	2	1245	2201	44	83	0.727	2.179E-16	165	219	220	2037	2201	165	2010	2204
190242763	-1	374	9.352E-102	2	14176	15241	1061	258	0.544	1.816E-72	46	293	381	-15241	-14507	735	15283	14378
190242763	-1	374	9.352E-102	2	14176	15241	1065	128	0.637	4.537E-31	281	380	381	-14475	-14176	300	14496	14176
190245651	-1	798	2.159E-229	6	14176	17174	1016	149	0.465	1.853E-36	67	240	865	-17174	-16674	501	17294	16644
190245651	-1	798	2.159E-229	6	14176	17174	1027	181	0.559	8.809E-48	232	398	865	-16624	-16124	501	16624	16067
190245651	-1	798	2.159E-229	6	14176	17174	1031	62	0.474	1.729E-08	398	465	865	-16070	-15867	204	16127	15867
190245651	-1	798	2.159E-229	6	14176	17174	1044	51	0.493	2.964E-05	474	526	865	-15478	-15320	159	15499	15314
190245651	-1	798	2.159E-229	6	14176	17174	1061	264	0.554	1.644E-74	530	777	865	-15241	-14507	735	15283	14378
190245651	-1	798	2.159E-229	6	14176	17174	1065	117	0.589	4.376E-27	765	864	865	-14475	-14176	300	14496	14176
190290082	1	242	5.092E-62	2	1272	2180	33	218	1.000	2.994E-62	8	109	219	1272	1577	306	1239	1577
190290082	1	242	5.092E-62	2	1272	2180	44	76	0.751	9.129E-14	163	210	219	2037	2180	144	2010	2204
190341204	1	173	3.006E-41	2	1746	2177	41	100	0.646	3.389E-21	89	164	218	1746	1964	219	1689	2006
190341204	1	173	3.006E-41	2	1746	2177	44	74	0.744	6.151E-13	163	209	218	2037	2177	141	2010	2204
196048959	1	223	2.669E-56	3	9289	9874	210	138	0.703	1.258E-34	84	178	237	9289	9576	288	9283	9585
196048959	1	223	2.669E-56	3	9289	9874	212	33	0.673	4.922E+01	179	200	237	9641	9706	66	9584	9706
196048959	1	223	2.669E-56	3	9289	9874	216	50	0.714	3.095E-05	201	233	237	9776	9874	99	9746	9877
196149525	1	267	1.517E-69	2	1272	2201	33	218	1.000	2.183E-62	8	109	218	1272	1577	306	1239	1577
196149525	1	267	1.517E-69	2	1272	2201	44	101	0.862	1.870E-22	163	217	218	2037	2201	165	2010	2204
196604081	1	74	1.905E-11	1	27069	27395	624	74	0.375	5.497E-12	60	172	206	27069	27395	327	27036	27425
196902792	1	166	3.847E-39	2	1752	2195	41	97	0.670	2.263E-20	94	164	220	1752	1964	213	1689	2006
196902792	1	166	3.847E-39	2	1752	2195	44	70	0.639	1.480E-11	163	215	220	2037	2195	159	2010	2204
196935657	1	262	4.856E-68	2	1272	2201	33	216	0.994	1.060E-61	8	109	219	1272	1577	306	1239	1577
196935657	1	262	4.856E-68	2	1272	2201	44	98	0.837	2.368E-21	163	217	219	2037	2201	165	2010	2204
199972020	1	225	6.674E-57	2	1272	2186	33	206	0.951	3.922E-58	8	109	213	1272	1577	306	1239	1577
199972020	1	225	6.674E-57	2	1272	2186	44	71	0.685	4.146E-12	163	212	213	2037	2186	150	2010	2204
203062149	-1	288	7.235E-76	2	14507	16603	1027	159	0.517	2.124E-40	2	163	629	-16603	-16118	486	16624	16067
203062149	-1	288	7.235E-76	2	14507	16603	1061	256	0.537	1.192E-71	292	541	629	-15244	-14507	738	15283	14378
203841262	1	164	1.539E-38	2	9289	12528	210	133	0.680	7.693E-33	81	175	235	9289	9576	288	9283	9585
203841262	1	164	1.539E-38	2	9289	12528	275	52	0.721	6.262E-06	198	231	235	12427	12528	102	12397	12528
203866226	1	174	1.503E-41	2	9289	9874	210	145	0.732	5.807E-37	74	168	227	9289	9576	288	9283	9585
203866226	1	174	1.503E-41	2	9289	9874	216	50	0.714	3.095E-05	191	223	227	9776	9874	99	9746	9877
203966184	1	179	4.696E-43	2	9289	9874	210	147	0.741	1.194E-37	74	168	232	9289	9576	288	9283	9585
203966184	1	179	4.696E-43	2	9289	9874	216	53	0.745	4.549E-06	191	223	232	9776	9874	99	9746	9877
204068373	1	238	8.146E-61	3	9289	12528	210	147	0.741	1.194E-37	122	216	275	9289	9576	288	9283	9585
204068373	1	238	8.146E-61	3	9289	12528	212	33	0.681	3.565E+01	217	238	275	9641	9706	66	9584	9706
204068373	1	238	8.146E-61	3	9289	12528	275	56	0.766	3.536E-07	239	272	275	12427	12528	102	12397	12528
204154750	1	168	9.618E-40	2	9289	9874	210	138	0.701	1.726E-34	74	168	227	9289	9576	288	9283	9585
204154750	1	168	9.618E-40	2	9289	9874	216	51	0.724	1.633E-05	191	223	227	9776	9874	99	9746	9877
204378124	1	256	3.108E-66	2	1272	2201	33	220	1.000	6.166E-63	8	109	219	1272	1577	306	1239	1577
204378124	1	256	3.108E-66	2	1272	2201	44	88	0.764	4.819E-18	163	217	219	2037	2201	165	2010	2204
204381934	1	250	1.989E-64	2	1272	2201	33	213	0.981	1.328E-60	8	109	219	1272	1577	306	1239	1577
204381934	1	250	1.989E-64	2	1272	2201	44	89	0.767	3.508E-18	163	217	219	2037	2201	165	2010	2204
204382177	1	197	1.791E-48	2	1746	2201	41	111	0.708	4.812E-25	89	164	219	1746	1964	219	1689	2006
204382177	1	197	1.791E-48	2	1746	2201	44	87	0.758	9.095E-18	163	217	219	2037	2201	165	2010	2204
204458160	1	239	4.073E-61	2	1272	2180	33	213	0.981	1.328E-60	8	109	226	1272	1577	306	1239	1577
204458160	1	239	4.073E-61	2	1272	2180	44	85	0.829	8.401E-17	170	217	226	2037	2180	144	2010	2204
204506233	-1	383	1.826E-104	3	14507	16624	1027	173	0.544	4.785E-45	220	384	848	-16624	-16130	495	16624	16067
204506233	-1	383	1.826E-104	3	14507	16624	1031	65	0.492	1.873E-09	386	453	848	-16070	-15867	204	16127	15867
204506233	-1	383	1.826E-104	3	14507	16624	1061	199	0.436	4.445E-52	510	760	848	-15268	-14507	762	15283	14378
204560855	1	217	1.708E-54	1	1266	1574	33	217	0.989	5.632E-62	0	102	103	1266	1574	309	1239	1577
204584512	-1	384	9.132E-105	3	14507	16624	1027	171	0.541	1.230E-44	220	384	848	-16624	-16130	495	16624	16067
204584512	-1	384	9.132E-105	3	14507	16624	1031	65	0.492	1.873E-09	386	453	848	-16070	-15867	204	16127	15867
204584512	-1	384	9.132E-105	3	14507	16624	1061	202	0.441	3.657E-53	510	760	848	-15268	-14507	762	15283	14378
204634596	1	256	3.108E-66	2	1272	2201	33	219	1.000	1.591E-62	8	109	218	1272	1577	306	1239	1577
204634596	1	256	3.108E-66	2	1272	2201	44	89	0.773	1.859E-18	163	217	218	2037	2201	165	2010	2204
204641094	1	49	6.392E-04	1	12409	12525	275	49	0.606	8.076E-05	22	60	64	12409	12525	117	12397	12528
204657549	-1	275	5.927E-72	2	14507	16624	1027	170	0.533	3.163E-44	171	337	798	-16624	-16130	495	16624	16067
204657549	-1	275	5.927E-72	2	14507	16624	1061	237	0.514	2.174E-65	471	710	798	-15241	-14507	735	15283	14378
204708020	1	271	9.484E-71	2	1272	2198	33	224	1.000	2.616E-64	8	109	219	1272	1577	306	1239	1577
204708020	1	271	9.484E-71	2	1272	2198	44	99	0.860	9.140E-22	163	216	219	2037	2198	162	2010	2204
204711896	-1	778	2.263E-223	6	14194	17168	1016	120	0.408	2.838E-26	172	336	956	-17168	-16674	495	17294	16644
204711896	-1	778	2.263E-223	6	14194	17168	1027	177	0.550	1.499E-46	328	494	956	-16624	-16124	501	16624	16067
204711896	-1	778	2.263E-223	6	14194	17168	1031	68	0.497	1.077E-10	492	562	956	-16076	-15867	210	16127	15867
204711896	-1	778	2.263E-223	6	14194	17168	1044	47	0.454	1.369E-03	570	622	956	-15478	-15320	159	15499	15314
204711896	-1	778	2.263E-223	6	14194	17168	1061	265	0.554	8.776E-75	625	873	956	-15244	-14507	738	15283	14378
204711896	-1	778	2.263E-223	6	14194	17168	1065	115	0.688	1.130E-26	873	954	956	-14439	-14194	246	14496	14176
204731300	-1	422	3.322E-116	3	14507	16603	1027	178	0.572	5.828E-47	236	395	861	-16603	-16124	480	16624	16067
204731300	-1	422	3.322E-116	3	14507	16603	1031	63	0.482	1.258E-08	395	461	861	-16070	-15870	201	16127	15867
204731300	-1	422	3.322E-116	3	14507	16603	1061	244	0.521	7.728E-68	526	773	861	-15241	-14507	735	15283	14378
204787125	1	267	1.517E-69	2	1272	2201	33	219	1.000	1.160E-62	8	109	218	1272	1577	306	1239	1577
204787125	1	267	1.517E-69	2	1272	2201	44	100	0.853	4.845E-22	163	217	218	2037	2201	165	2010	2204
204794755	1	79	5.953E-13	1	2037	2201	44	79	0.696	5.225E-15	49	103	105	2037	2201	165	2010	2204
204885215	1	267	1.517E-69	2	1272	2201	33	219	1.000	1.160E-62	8	109	218	1272	1577	306	1239	1577
204885215	1	267	1.517E-69	2	1272	2201	44	100	0.856	3.528E-22	163	217	218	2037	2201	165	2010	2204
210691050	-1	240	2.037E-61	5	14176	17171	1016	107	0.372	8.225E-22	206	372	999	-17171	-16674	498	17294	16644
210691050	-1	240	2.037E-61	5	14176	17171	1027	161	0.514	4.404E-41	364	528	999	-16624	-16130	495	16624	16067
210691050	-1	240	2.037E-61	5	14176	17171	1031	66	0.528	9.930E-10	531	593	999	-16067	-15879	189	16127	15867
210691050	-1	240	2.037E-61	5	14176	17171	1044	43	0.426	2.434E-02	609	661	999	-15478	-15320	159	15499	15314
210691050	-1	240	2.037E-61	5	14176	17171	1065	120	0.604	2.538E-28	899	998	999	-14475	-14176	300	14496	14176
210864789	1	256	3.108E-66	2	1272	2198	33	217	0.997	5.632E-62	8	109	219	1272	1577	306	1239	1577
210864789	1	256	3.108E-66	2	1272	2198	44	91	0.795	7.172E-19	163	216	219	2037	2198	162	2010	2204
211107167	1	248	7.956E-64	2	1272	2201	33	213	0.981	1.328E-60	8	109	219	1272	1577	306	1239	1577
211107167	1	248	7.956E-64	2	1272	2201	44	87	0.758	9.095E-18	163	217	219	2037	2201	165	2010	2204
211213347	1	221	1.068E-55	1	6252	6764	147	221	0.647	6.222E-62	1	170	171	6252	6764	513	6237	6764
211914603	-1	542	2.499E-152	4	14507	17150	1016	140	0.472	2.490E-33	15	174	797	-17150	-16674	477	17294	16644
211914603	-1	542	2.499E-152	4	14507	17150	1027	197	0.606	1.583E-53	166	330	797	-16624	-16130	495	16624	16067
211914603	-1	542	2.499E-152	4	14507	17150	1031	61	0.492	3.262E-08	332	395	797	-16070	-15879	192	16127	15867
211914603	-1	542	2.499E-152	4	14507	17150	1061	218	0.479	1.362E-58	465	709	797	-15244	-14507	738	15283	14378
213403160	1	78	1.191E-12	1	27069	27335	624	78	0.452	3.234E-13	26	117	174	27069	27335	267	27036	27425
213657695	-1	554	6.102E-156	4	14507	17156	1016	119	0.413	7.232E-26	104	264	882	-17156	-16674	483	17294	16644
213657695	-1	554	6.102E-156	4	14507	17156	1027	185	0.591	2.012E-49	263	422	882	-16603	-16130	474	16624	16067
213657695	-1	554	6.102E-156	4	14507	17156	1031	68	0.512	1.479E-10	424	491	882	-16070	-15867	204	16127	15867
213657695	-1	554	6.102E-156	4	14507	17156	1061	244	0.526	1.057E-67	556	794	882	-15241	-14507	735	15283	14378
214045875	1	195	7.166E-48	2	1746	2201	41	111	0.710	3.507E-25	89	164	218	1746	1964	219	1689	2006
214045875	1	195	7.166E-48	2	1746	2201	44	85	0.736	8.401E-17	163	217	218	2037	2201	165	2010	2204
214396872	1	171	1.202E-40	2	9289	12525	210	138	0.705	9.169E-35	73	167	245	9289	9576	288	9283	9585
214396872	1	171	1.202E-40	2	9289	12525	275	54	0.760	1.745E-06	190	222	245	12427	12525	99	12397	12528
214534035	1	170	2.404E-40	2	9289	12528	210	141	0.715	1.374E-35	76	170	229	9289	9576	288	9283	9585
214534035	1	170	2.404E-40	2	9289	12528	275	50	0.696	3.095E-05	193	226	229	12427	12528	102	12397	12528
214844911	-1	380	1.461E-103	3	14507	16603	1027	169	0.554	5.937E-44	222	379	843	-16603	-16130	474	16624	16067
214844911	-1	380	1.461E-103	3	14507	16603	1031	65	0.494	1.364E-09	381	448	843	-16070	-15867	204	16127	15867
214844911	-1	380	1.461E-103	3	14507	16603	1061	208	0.462	3.375E-55	513	755	843	-15244	-14507	738	15283	14378
214957097	-1	790	5.526E-227	6	14176	17150	1016	141	0.467	1.332E-33	82	244	869	-17150	-16674	477	17294	16644
214957097	-1	790	5.526E-227	6	14176	17150	1027	182	0.563	2.500E-48	236	402	869	-16624	-16124	501	16624	16067
214957097	-1	790	5.526E-227	6	14176	17150	1031	69	0.516	7.838E-11	402	469	869	-16070	-15867	204	16127	15867
214957097	-1	790	5.526E-227	6	14176	17150	1044	54	0.512	4.368E-06	478	530	869	-15478	-15320	159	15499	15314
214957097	-1	790	5.526E-227	6	14176	17150	1061	255	0.539	2.231E-71	534	781	869	-15241	-14507	735	15283	14378
214957097	-1	790	5.526E-227	6	14176	17150	1065	115	0.580	2.128E-26	769	868	869	-14475	-14176	300	14496	14176
215550810	1	247	1.591E-63	2	1272	2201	33	213	0.981	1.328E-60	0	101	211	1272	1577	306	1239	1577
215550810	1	247	1.591E-63	2	1272	2201	44	86	0.748	2.358E-17	155	209	211	2037	2201	165	2010	2204
215705747	1	260	1.942E-67	2	1272	2201	33	219	1.000	1.591E-62	8	109	219	1272	1577	306	1239	1577
215705747	1	260	1.942E-67	2	1272	2201	44	93	0.801	1.068E-19	163	217	219	2037	2201	165	2010	2204
215714275	1	254	1.243E-65	2	1272	2180	33	213	0.981	1.328E-60	8	109	218	1272	1577	306	1239	1577
215714275	1	254	1.243E-65	2	1272	2180	44	93	0.899	1.466E-19	163	210	218	2037	2180	144	2010	2204
216039776	-1	512	2.684E-143	4	14513	17150	1016	111	0.394	1.970E-23	97	256	874	-17150	-16668	483	17294	16644
216039776	-1	512	2.684E-143	4	14513	17150	1027	173	0.526	4.785E-45	246	417	874	-16624	-16115	510	16624	16067
216039776	-1	512	2.684E-143	4	14513	17150	1031	63	0.499	6.670E-09	414	478	874	-16070	-15876	195	16127	15867
216039776	-1	512	2.684E-143	4	14513	17150	1061	246	0.533	3.018E-68	549	784	874	-15238	-14513	726	15283	14378
216669588	1	261	9.711E-68	2	1272	2201	33	219	1.000	1.591E-62	8	109	218	1272	1577	306	1239	1577
216669588	1	261	9.711E-68	2	1272	2201	44	94	0.813	2.999E-20	163	217	218	2037	2201	165	2010	2204
216998340	1	198	8.957E-49	2	1746	2201	41	111	0.708	4.812E-25	89	164	219	1746	1964	219	1689	2006
216998340	1	198	8.957E-49	2	1746	2201	44	88	0.761	6.621E-18	163	217	219	2037	2201	165	2010	2204
218133496	1	272	4.742E-71	2	1272	2201	33	219	1.000	1.160E-62	8	109	218	1272	1577	306	1239	1577
218133496	1	272	4.742E-71	2	1272	2201	44	105	0.893	7.839E-24	163	217	218	2037	2201	165	2010	2204
218383584	1	172	6.011E-41	2	9286	9874	210	143	0.717	2.824E-36	74	169	228	9286	9576	291	9283	9585
218383584	1	172	6.011E-41	2	9286	9874	216	50	0.709	4.261E-05	192	224	228	9776	9874	99	9746	9877
218463739	1	173	3.006E-41	2	9289	9874	210	138	0.691	1.258E-34	70	166	231	9289	9582	294	9283	9585
218463739	1	173	3.006E-41	2	9289	9874	216	50	0.709	4.261E-05	183	215	231	9776	9874	99	9746	9877
218760896	1	164	1.539E-38	2	9289	9874	210	136	0.696	4.460E-34	77	171	231	9289	9576	288	9283	9585
218760896	1	164	1.539E-38	2	9289	9874	216	49	0.704	5.866E-05	194	226	231	9776	9874	99	9746	9877
218821399	1	178	9.392E-43	4	8895	12525	198	34	0.844	1.680E+01	17	34	239	8895	8942	48	8820	8954
218821399	1	178	9.392E-43	4	8895	12525	258	33	0.953	9.628E+01	20	34	239	11535	11579	45	11457	11618
218821399	1	178	9.392E-43	4	8895	12525	270	136	0.694	6.120E-34	75	169	239	11940	12227	288	11934	12236
218821399	1	178	9.392E-43	4	8895	12525	275	48	0.683	2.108E-04	192	224	239	12427	12525	99	12397	12528
218849513	1	212	5.467E-53	3	9289	9877	210	132	0.658	1.988E-32	74	172	293	9289	9585	297	9283	9585
218849513	1	212	5.467E-53	3	9289	9877	212	33	0.673	4.922E+01	166	187	293	9641	9706	66	9584	9706
218849513	1	212	5.467E-53	3	9289	9877	216	52	0.721	6.262E-06	188	221	293	9776	9877	102	9746	9877
218902264	1	202	5.598E-50	3	8889	12203	198	35	0.864	8.821E+00	2	19	210	8889	8942	54	8820	8954
218902264	1	202	5.598E-50	3	8889	12203	264	42	0.467	5.942E-02	21	63	210	11760	11894	135	11757	11918
218902264	1	202	5.598E-50	3	8889	12203	270	129	0.715	1.327E-31	58	144	210	11940	12203	264	11934	12236
218931622	1	256	3.108E-66	2	1272	2201	33	219	1.000	1.591E-62	23	124	234	1272	1577	306	1239	1577
218931622	1	256	3.108E-66	2	1272	2201	44	89	0.770	2.554E-18	178	232	234	2037	2201	165	2010	2204
218961632	1	218	8.542E-55	1	1266	1574	33	218	0.994	2.183E-62	0	102	103	1266	1574	309	1239	1577
218972044	1	245	6.364E-63	2	1272	2195	33	220	1.000	6.166E-63	8	109	219	1272	1577	306	1239	1577
218972044	1	245	6.364E-63	2	1272	2195	44	77	0.700	3.518E-14	163	215	219	2037	2195	159	2010	2204
219001402	1	256	3.108E-66	2	1272	2201	33	215	0.989	2.734E-61	8	109	218	1272	1577	306	1239	1577
219001402	1	256	3.108E-66	2	1272	2201	44	93	0.801	1.068E-19	163	217	218	2037	2201	165	2010	2204
219036968	1	79	5.953E-13	1	27078	27335	624	79	0.469	1.258E-13	9	97	165	27078	27335	258	27036	27425
219106780	1	250	1.989E-64	2	1272	2195	33	218	1.000	2.183E-62	8	109	218	1272	1577	306	1239	1577
219106780	1	250	1.989E-64	2	1272	2195	44	84	0.754	1.586E-16	163	215	218	2037	2195	159	2010	2204
219138730	1	218	8.542E-55	1	1266	1574	33	218	0.992	2.994E-62	0	102	103	1266	1574	309	1239	1577
219213844	1	219	4.271E-55	1	1266	1574	33	219	0.995	1.591E-62	0	102	103	1266	1574	309	1239	1577
219226635	-1	527	8.190E-148	4	14176	16624	1027	162	0.513	1.714E-41	281	447	913	-16624	-16130	495	16624	16067
219226635	-1	527	8.190E-148	4	14176	16624	1031	60	0.478	8.455E-08	449	513	913	-16070	-15876	195	16127	15867
219226635	-1	527	8.190E-148	4	14176	16624	1061	256	0.545	1.192E-71	586	825	913	-15241	-14507	735	15283	14378
219226635	-1	527	8.190E-148	4	14176	16624	1065	118	0.660	1.694E-27	825	912	913	-14439	-14176	264	14496	14176
219294945	-1	551	4.882E-155	4	14507	17156	1016	119	0.413	7.232E-26	106	266	884	-17156	-16674	483	17294	16644
219294945	-1	551	4.882E-155	4	14507	17156	1027	185	0.591	2.012E-49	265	424	884	-16603	-16130	474	16624	16067
219294945	-1	551	4.882E-155	4	14507	17156	1031	68	0.512	1.479E-10	426	493	884	-16070	-15867	204	16127	15867
219294945	-1	551	4.882E-155	4	14507	17156	1061	241	0.520	1.297E-66	558	796	884	-15241	-14507	735	15283	14378
219294950	1	246	3.182E-63	2	1272	2201	33	213	0.981	1.328E-60	8	109	219	1272	1577	306	1239	1577
219294950	1	246	3.182E-63	2	1272	2201	44	85	0.742	4.451E-17	163	217	219	2037	2201	165	2010	2204
219367101	1	258	7.769E-67	2	1272	2198	33	217	0.997	5.632E-62	8	109	219	1272	1577	306	1239	1577
219367101	1	258	7.769E-67	2	1272	2198	44	93	0.810	1.466E-19	163	216	219	2037	2198	162	2010	2204
219426559	1	250	1.989E-64	2	1272	2201	33	218	1.000	2.183E-62	58	159	268	1272	1577	306	1239	1577
219426559	1	250	1.989E-64	2	1272	2201	44	84	0.730	1.586E-16	213	267	268	2037	2201	165	2010	2204
227440231	1	220	2.136E-55	1	1272	1577	33	220	1.000	4.495E-63	8	109	176	1272	1577	306	1239	1577
227604490	1	79	5.953E-13	1	27069	27335	624	79	0.459	9.178E-14	17	108	172	27069	27335	267	27036	27425
228706511	-1	568	3.725E-160	4	14176	17150	1016	141	0.464	9.736E-34	64	228	852	-17150	-16668	483	17294	16644
228706511	-1	568	3.725E-160	4	14176	17150	1027	179	0.598	3.104E-47	232	383	852	-16585	-16130	456	16624	16067
228706511	-1	568	3.725E-160	4	14176	17150	1061	266	0.558	2.502E-75	517	764	852	-15241	-14507	735	15283	14378
228706511	-1	568	3.725E-160	4	14176	17150	1065	127	0.632	1.172E-30	752	851	852	-14475	-14176	300	14496	14176
229037466	1	294	1.131E-77	2	1272	2204	33	225	1.000	1.014E-64	8	109	219	1272	1577	306	1239	1577
229037466	1	294	1.131E-77	2	1272	2204	44	121	1.000	1.773E-29	163	218	219	2037	2204	168	2010	2204
229114950	-1	578	3.637E-163	4	14507	17150	1016	143	0.472	2.783E-34	71	233	858	-17150	-16674	477	17294	16644
229114950	-1	578	3.637E-163	4	14507	17150	1027	185	0.569	2.757E-49	225	391	858	-16624	-16124	501	16624	16067
229114950	-1	578	3.637E-163	4	14507	17150	1031	67	0.504	3.832E-10	391	458	858	-16070	-15867	204	16127	15867
229114950	-1	578	3.637E-163	4	14507	17150	1061	253	0.535	1.070E-70	523	770	858	-15241	-14507	735	15283	14378
230270966	1	267	1.517E-69	2	1272	2201	33	219	1.000	1.160E-62	8	109	218	1272	1577	306	1239	1577
230270966	1	267	1.517E-69	2	1272	2201	44	100	0.859	2.569E-22	163	217	218	2037	2201	165	2010	2204
230905758	1	252	4.972E-65	2	1272	2186	33	215	0.988	3.751E-61	8	109	220	1272	1577	306	1239	1577
230905758	1	252	4.972E-65	2	1272	2186	44	89	0.840	1.859E-18	163	212	220	2037	2186	150	2010	2204
231061757	1	265	6.070E-69	2	1272	2201	33	220	1.000	6.166E-63	8	109	218	1272	1577	306	1239	1577
231061757	1	265	6.070E-69	2	1272	2201	44	97	0.834	3.252E-21	163	217	218	2037	2201	165	2010	2204
231247208	-1	373	1.870E-101	3	14513	16624	1027	156	0.498	3.604E-39	284	449	910	-16624	-16130	495	16624	16067
231247208	-1	373	1.870E-101	3	14513	16624	1044	47	0.439	9.947E-04	525	580	910	-15484	-15317	168	15499	15314
231247208	-1	373	1.870E-101	3	14513	16624	1061	254	0.525	3.053E-71	570	820	910	-15280	-14513	768	15283	14378
233033128	1	205	6.998E-51	3	9289	9874	210	134	0.674	2.977E-33	73	170	231	9289	9582	294	9283	9585
233033128	1	205	6.998E-51	3	9289	9874	212	33	0.718	2.582E+01	166	186	231	9644	9706	63	9584	9706
233033128	1	205	6.998E-51	3	9289	9874	216	49	0.566	1.112E-04	179	219	231	9749	9874	126	9746	9877
233056801	1	164	1.539E-38	2	9286	9877	210	134	0.678	4.086E-33	81	176	235	9286	9576	291	9283	9585
233056801	1	164	1.539E-38	2	9286	9877	216	51	0.711	1.186E-05	199	232	235	9776	9877	102	9746	9877
233120043	1	166	3.847E-39	2	9286	9877	210	136	0.690	4.460E-34	81	176	235	9286	9576	291	9283	9585
233120043	1	166	3.847E-39	2	9286	9877	216	51	0.711	1.186E-05	199	232	235	9776	9877	102	9746	9877
233160664	1	124	1.692E-26	1	9289	9522	210	124	0.767	5.916E-30	44	121	122	9289	9522	234	9283	9585
233334472	1	175	7.514E-42	2	9289	9877	210	141	0.715	1.374E-35	73	167	228	9289	9576	288	9283	9585
233334472	1	175	7.514E-42	2	9289	9877	216	55	0.761	4.866E-07	190	223	228	9776	9877	102	9746	9877
233365360	-1	61	1.561E-07	1	1410	1592	1362	61	0.510	3.467E-07	39	99	102	-1592	-1410	183	1664	1212
233408329	1	182	5.870E-44	2	9289	9877	210	148	0.746	4.622E-38	77	171	232	9289	9576	288	9283	9585
233408329	1	182	5.870E-44	2	9289	9877	216	55	0.751	9.214E-07	194	227	232	9776	9877	102	9746	9877
233447034	1	199	4.479E-49	2	1746	2201	41	111	0.708	4.812E-25	89	164	219	1746	1964	219	1689	2006
233447034	1	199	4.479E-49	2	1746	2201	44	89	0.770	2.554E-18	163	217	219	2037	2201	165	2010	2204
233483315	1	267	1.517E-69	2	1272	2204	33	219	1.000	1.160E-62	8	109	219	1272	1577	306	1239	1577
233483315	1	267	1.517E-69	2	1272	2204	44	100	0.842	3.528E-22	163	218	219	2037	2204	168	2010	2204
233554919	-1	415	4.253E-114	3	14176	16624	1027	180	0.557	1.654E-47	246	412	873	-16624	-16130	495	16624	16067
233554919	-1	415	4.253E-114	3	14176	16624	1061	251	0.538	3.750E-70	546	785	873	-15241	-14507	735	15283	14378
233554919	-1	415	4.253E-114	3	14176	16624	1065	116	0.652	6.004E-27	785	872	873	-14439	-14176	264	14496	14176
233636520	1	266	3.035E-69	2	1272	2201	33	220	1.000	6.166E-63	8	109	218	1272	1577	306	1239	1577
233636520	1	266	3.035E-69	2	1272	2201	44	98	0.843	1.255E-21	163	217	218	2037	2201	165	2010	2204
233651810	1	249	3.978E-64	2	1272	2195	33	215	0.989	2.734E-61	8	109	219	1272	1577	306	1239	1577
233651810	1	249	3.978E-64	2	1272	2195	44	86	0.770	3.240E-17	163	215	219	2037	2195	159	2010	2204
233669305	-1	171	1.202E-40	1	14630	15133	1061	171	0.531	1.799E-42	0	166	189	-15133	-14630	504	15283	14378
233691260	1	215	6.834E-54	1	1269	1574	33	215	0.989	2.734E-61	0	101	102	1269	1574	306	1239	1577
233728498	1	259	3.885E-67	2	1272	2201	33	216	0.992	1.453E-61	8	109	219	1272	1577	306	1239	1577
233728498	1	259	3.885E-67	2	1272	2201	44	95	0.816	2.183E-20	163	217	219	2037	2201	165	2010	2204
233762974	1	196	3.583E-48	2	1746	2180	41	111	0.710	3.507E-25	89	164	219	1746	1964	219	1689	2006
233762974	1	196	3.583E-48	2	1746	2180	44	86	0.843	2.358E-17	163	210	219	2037	2180	144	2010	2204
233765379	1	256	3.108E-66	2	1272	2195	33	214	0.983	9.679E-61	8	109	220	1272	1577	306	1239	1577
233765379	1	256	3.108E-66	2	1272	2195	44	94	0.840	2.999E-20	163	215	220	2037	2195	159	2010	2204
233802277	1	219	4.271E-55	1	1272	1577	33	219	1.000	1.591E-62	8	109	175	1272	1577	306	1239	1577
233814598	1	261	9.711E-68	2	1272	2198	33	219	1.000	1.160E-62	8	109	218	1272	1577	306	1239	1577
233814598	1	261	9.711E-68	2	1272	2198	44	94	0.826	2.999E-20	163	216	218	2037	2198	162	2010	2204
233826553	1	259	3.885E-67	2	1272	2201	33	219	1.000	1.591E-62	8	109	219	1272	1577	306	1239	1577
233826553	1	259	3.885E-67	2	1272	2201	44	92	0.794	2.014E-19	163	217	219	2037	2201	165	2010	2204
233860021	1	196	3.583E-48	2	1746	2204	41	113	0.723	5.253E-26	72	147	202	1746	1964	219	1689	2006
233860021	1	196	3.583E-48	2	1746	2204	44	84	0.722	1.154E-16	146	201	202	2037	2204	168	2010	2204
233867499	1	261	9.711E-68	2	1272	2186	33	221	1.000	2.389E-63	8	109	219	1272	1577	306	1239	1577
233867499	1	261	9.711E-68	2	1272	2186	44	92	0.864	2.014E-19	163	212	219	2037	2186	150	2010	2204
233878324	1	227	1.668E-57	3	9289	9874	210	141	0.715	1.374E-35	49	143	203	9289	9576	288	9283	9585
233878324	1	227	1.668E-57	3	9289	9874	212	34	0.726	1.870E+01	145	165	203	9644	9706	63	9584	9706
233878324	1	227	1.668E-57	3	9289	9874	216	50	0.709	4.261E-05	166	198	203	9776	9874	99	9746	9877
240949873	1	251	9.944E-65	2	1272	2195	33	215	0.988	3.751E-61	39	140	250	1272	1577	306	1239	1577
240949873	1	251	9.944E-65	2	1272	2195	44	88	0.786	6.621E-18	194	246	250	2037	2195	159	2010	2204
241665926	1	198	8.957E-49	2	1746	2180	41	111	0.708	4.812E-25	89	164	219	1746	1964	219	1689	2006
241665926	1	198	8.957E-49	2	1746	2180	44	88	0.857	6.621E-18	163	210	219	2037	2180	144	2010	2204
241839462	1	256	3.108E-66	2	1272	2186	33	217	0.997	5.632E-62	8	109	222	1272	1577	306	1239	1577
241839462	1	256	3.108E-66	2	1272	2186	44	91	0.850	7.172E-19	163	212	222	2037	2186	150	2010	2204
241850489	-1	672	1.836E-191	5	14507	17150	1016	143	0.473	2.035E-34	83	245	870	-17150	-16674	477	17294	16644
241850489	-1	672	1.836E-191	5	14507	17150	1027	183	0.565	1.331E-48	237	403	870	-16624	-16124	501	16624	16067
241850489	-1	672	1.836E-191	5	14507	17150	1031	61	0.470	3.262E-08	403	470	870	-16070	-15867	204	16127	15867
241850489	-1	672	1.836E-191	5	14507	17150	1044	52	0.499	1.565E-05	479	531	870	-15478	-15320	159	15499	15314
241850489	-1	672	1.836E-191	5	14507	17150	1061	248	0.527	6.298E-69	535	782	870	-15241	-14507	735	15283	14378
242120814	-1	685	2.242E-195	5	14176	17183	1016	147	0.454	8.877E-36	91	267	892	-17183	-16674	510	17294	16644
242120814	-1	685	2.242E-195	5	14176	17183	1027	179	0.555	3.104E-47	259	425	892	-16624	-16124	501	16624	16067
242120814	-1	685	2.242E-195	5	14176	17183	1031	63	0.482	6.670E-09	425	492	892	-16070	-15867	204	16127	15867
242120814	-1	685	2.242E-195	5	14176	17183	1061	261	0.549	1.477E-73	557	804	892	-15241	-14507	735	15283	14378
242120814	-1	685	2.242E-195	5	14176	17183	1065	116	0.585	8.239E-27	792	891	892	-14475	-14176	300	14496	14176
242188231	-1	780	5.659E-224	6	14176	17150	1016	136	0.454	7.781E-32	91	253	878	-17150	-16674	477	17294	16644
242188231	-1	780	5.659E-224	6	14176	17150	1027	175	0.544	9.913E-46	245	411	878	-16624	-16124	501	16624	16067
242188231	-1	780	5.659E-224	6	14176	17150	1031	66	0.510	7.229E-10	411	476	878	-16070	-15873	198	16127	15867
242188231	-1	780	5.659E-224	6	14176	17150	1044	53	0.508	6.010E-06	487	539	878	-15478	-15320	159	15499	15314
242188231	-1	780	5.659E-224	6	14176	17150	1061	258	0.543	2.485E-72	543	790	878	-15241	-14507	735	15283	14378
242188231	-1	780	5.659E-224	6	14176	17150	1065	120	0.604	2.538E-28	778	877	878	-14475	-14176	300	14496	14176
242323269	1	253	2.486E-65	2	1272	2201	33	219	1.000	1.591E-62	8	109	219	1272	1577	306	1239	1577
242323269	1	253	2.486E-65	2	1272	2201	44	86	0.745	3.240E-17	163	217	219	2037	2201	165	2010	2204
242881435	1	197	1.791E-48	2	1746	2201	41	111	0.710	3.507E-25	89	164	219	1746	1964	219	1689	2006
242881435	1	197	1.791E-48	2	1746	2201	44	87	0.758	9.095E-18	163	217	219	2037	2201	165	2010	2204
243119881	1	196	3.583E-48	2	1746	2180	41	111	0.710	3.507E-25	89	164	219	1746	1964	219	1689	2006
243119881	1	196	3.583E-48	2	1746	2180	44	86	0.843	2.358E-17	163	210	219	2037	2180	144	2010	2204
243262700	-1	168	9.618E-40	1	14507	14968	1061	168	0.559	1.584E-41	0	154	200	-14968	-14507	462	15283	14378
243355430	1	198	8.957E-49	2	1746	2180	41	111	0.708	4.812E-25	89	164	219	1746	1964	219	1689	2006
243355430	1	198	8.957E-49	2	1746	2180	44	88	0.861	4.819E-18	163	210	219	2037	2180	144	2010	2204
244149895	1	62	7.803E-08	1	6285	6635	147	62	0.304	3.793E-07	13	140	172	6285	6635	351	6237	6764
244157564	1	252	4.972E-65	2	1272	2198	33	219	1.000	1.591E-62	8	109	219	1272	1577	306	1239	1577
244157564	1	252	4.972E-65	2	1272	2198	44	85	0.748	8.401E-17	163	216	219	2037	2198	162	2010	2204
245259992	1	239	4.073E-61	2	1272	2186	33	214	0.983	9.679E-61	8	109	219	1272	1577	306	1239	1577
245259992	1	239	4.073E-61	2	1272	2186	44	77	0.735	3.518E-14	163	212	219	2037	2186	150	2010	2204
245905662	-1	792	1.381E-227	6	14176	17150	1016	147	0.494	1.214E-35	114	270	896	-17150	-16677	474	17294	16644
245905662	-1	792	1.381E-227	6	14176	17150	1027	173	0.574	2.549E-45	273	426	896	-16594	-16130	465	16624	16067
245905662	-1	792	1.381E-227	6	14176	17150	1031	63	0.485	9.162E-09	429	495	896	-16067	-15867	201	16127	15867
245905662	-1	792	1.381E-227	6	14176	17150	1044	53	0.505	8.269E-06	504	556	896	-15478	-15320	159	15499	15314
245905662	-1	792	1.381E-227	6	14176	17150	1061	254	0.536	4.177E-71	560	808	896	-15241	-14507	735	15283	14378
245905662	-1	792	1.381E-227	6	14176	17150	1065	122	0.612	5.219E-29	796	895	896	-14475	-14176	300	14496	14176
246101181	1	80	2.977E-13	1	27069	27335	624	80	0.461	6.698E-14	17	108	172	27069	27335	267	27036	27425
246524433	1	271	9.484E-71	2	1272	2201	33	220	1.000	4.495E-63	8	109	218	1272	1577	306	1239	1577
246524433	1	271	9.484E-71	2	1272	2201	44	103	0.880	2.788E-23	163	217	218	2037	2201	165	2010	2204
247004425	-1	350	1.569E-94	4	14176	17156	1016	107	0.374	8.225E-22	3	168	921	-17156	-16674	483	17294	16644
247004425	-1	350	1.569E-94	4	14176	17156	1027	162	0.522	1.714E-41	164	323	921	-16612	-16124	489	16624	16067
247004425	-1	350	1.569E-94	4	14176	17156	1061	222	0.474	4.362E-60	580	833	921	-15268	-14507	762	15283	14378
247004425	-1	350	1.569E-94	4	14176	17156	1065	117	0.656	3.189E-27	833	920	921	-14439	-14176	264	14496	14176
247554478	1	180	2.348E-43	2	9292	9706	210	146	0.744	2.248E-37	70	163	219	9292	9576	285	9283	9585
247554478	1	180	2.348E-43	2	9292	9706	212	33	0.710	3.565E+01	165	185	219	9644	9706	63	9584	9706
247660140	1	166	3.847E-39	2	9289	12525	210	137	0.698	3.251E-34	67	161	221	9289	9576	288	9283	9585
247660140	1	166	3.847E-39	2	9289	12525	275	50	0.714	3.095E-05	184	216	221	12427	12525	99	12397	12528
247683266	1	172	6.011E-41	2	9289	12525	210	138	0.705	9.169E-35	73	167	245	9289	9576	288	9283	9585
247683266	1	172	6.011E-41	2	9289	12525	275	55	0.771	9.214E-07	190	222	245	12427	12525	99	12397	12528
247684532	1	162	6.155E-38	2	9289	9874	210	134	0.687	2.170E-33	74	168	227	9289	9576	288	9283	9585
247684532	1	162	6.155E-38	2	9289	9874	216	49	0.693	1.112E-04	191	223	227	9776	9874	99	9746	9877
247698582	1	276	2.964E-72	4	9109	9874	205	39	0.493	5.612E-01	171	208	362	9109	9225	117	9106	9267
247698582	1	276	2.964E-72	4	9109	9874	210	146	0.744	2.248E-37	210	303	362	9292	9576	285	9283	9585
247698582	1	276	2.964E-72	4	9109	9874	212	34	0.697	1.870E+01	304	325	362	9641	9706	66	9584	9706
247698582	1	276	2.964E-72	4	9109	9874	216	53	0.755	2.402E-06	326	358	362	9776	9874	99	9746	9877
247991333	-1	385	4.566E-105	3	14507	17147	1016	120	0.422	2.838E-26	70	227	850	-17147	-16674	474	17294	16644
247991333	-1	385	4.566E-105	3	14507	17147	1027	192	0.614	1.303E-51	226	383	850	-16603	-16130	474	16624	16067
247991333	-1	385	4.566E-105	3	14507	17147	1061	211	0.472	3.786E-56	522	762	850	-15232	-14507	726	15283	14378
248080997	1	255	6.215E-66	2	1272	2195	33	214	0.983	9.679E-61	8	109	220	1272	1577	306	1239	1577
248080997	1	255	6.215E-66	2	1272	2195	44	93	0.824	1.466E-19	163	215	220	2037	2195	159	2010	2204
248097074	-1	407	1.089E-111	3	14176	16624	1027	173	0.541	2.549E-45	220	386	847	-16624	-16130	495	16624	16067
248097074	-1	407	1.089E-111	3	14176	16624	1061	249	0.534	2.459E-69	520	759	847	-15241	-14507	735	15283	14378
248097074	-1	407	1.089E-111	3	14176	16624	1065	117	0.654	4.376E-27	759	846	847	-14439	-14176	264	14496	14176
248100706	1	219	4.271E-55	1	1269	1574	33	219	1.000	1.591E-62	0	101	102	1269	1574	306	1239	1577
248119540	1	217	1.708E-54	1	1266	1574	33	217	0.989	5.632E-62	0	102	103	1266	1574	309	1239	1577
248162293	1	218	8.542E-55	1	1266	1574	33	218	0.994	2.183E-62	0	102	103	1266	1574	309	1239	1577
248189565	1	249	3.978E-64	2	1272	2180	33	218	1.000	2.183E-62	38	139	247	1272	1577	306	1239	1577
248189565	1	249	3.978E-64	2	1272	2180	44	83	0.818	2.179E-16	193	240	247	2037	2180	144	2010	2204
248190385	-1	353	1.961E-95	2	14176	15241	1061	233	0.507	4.982E-64	46	285	373	-15241	-14507	735	15283	14378
248190385	-1	353	1.961E-95	2	14176	15241	1065	120	0.669	3.483E-28	285	372	373	-14439	-14176	264	14496	14176
248199394	-1	380	1.461E-103	4	15317	17195	1016	98	0.340	7.582E-19	102	274	893	-17195	-16674	522	17294	16644
248199394	-1	380	1.461E-103	4	15317	17195	1027	187	0.557	4.166E-50	266	439	893	-16624	-16109	516	16624	16067
248199394	-1	380	1.461E-103	4	15317	17195	1031	72	0.566	4.506E-12	434	497	893	-16070	-15879	192	16127	15867
248199394	-1	380	1.461E-103	4	15317	17195	1044	46	0.439	3.572E-03	510	563	893	-15478	-15317	162	15499	15314
248209708	-1	360	1.532E-97	3	14507	16603	1027	162	0.534	2.347E-41	222	379	843	-16603	-16130	474	16624	16067
248209708	-1	360	1.532E-97	3	14507	16603	1031	63	0.477	1.258E-08	381	448	843	-16070	-15867	204	16127	15867
248209708	-1	360	1.532E-97	3	14507	16603	1061	201	0.455	9.331E-53	517	755	843	-15232	-14507	726	15283	14378
248210056	1	268	7.587E-70	2	1272	2198	33	218	1.000	2.994E-62	8	109	218	1272	1577	306	1239	1577
248210056	1	268	7.587E-70	2	1272	2198	44	102	0.888	5.258E-23	163	216	218	2037	2198	162	2010	2204
248254641	1	264	1.214E-68	2	1272	2201	33	220	1.000	6.166E-63	23	124	233	1272	1577	306	1239	1577
248254641	1	264	1.214E-68	2	1272	2201	44	96	0.825	8.426E-21	178	232	233	2037	2201	165	2010	2204
248292808	1	261	9.711E-68	2	1272	2201	33	218	0.999	4.106E-62	8	109	219	1272	1577	306	1239	1577
248292808	1	261	9.711E-68	2	1272	2201	44	95	0.819	1.590E-20	163	217	219	2037	2201	165	2010	2204
248303658	1	215	6.834E-54	1	1266	1574	33	215	0.981	2.734E-61	0	102	103	1266	1574	309	1239	1577
248319556	-1	177	1.878E-42	2	15876	16429	1027	118	0.564	3.278E-26	81	187	305	-16429	-16109	321	16624	16067
248319556	-1	177	1.878E-42	2	15876	16429	1031	64	0.501	4.855E-09	182	246	305	-16070	-15876	195	16127	15867
248350468	1	220	2.136E-55	1	1266	1577	33	220	0.993	4.495E-63	0	103	104	1266	1577	312	1239	1577
248384673	1	207	1.749E-51	2	1746	2201	41	111	0.708	4.812E-25	85	160	214	1746	1964	219	1689	2006
248384673	1	207	1.749E-51	2	1746	2201	44	97	0.834	3.252E-21	159	213	214	2037	2201	165	2010	2204
248420797	1	271	9.484E-71	2	1272	2198	33	222	1.000	1.742E-63	8	109	219	1272	1577	306	1239	1577
248420797	1	271	9.484E-71	2	1272	2198	44	101	0.879	1.362E-22	163	216	219	2037	2198	162	2010	2204
248507303	1	241	1.018E-61	2	1272	2204	33	214	0.986	5.145E-61	8	109	220	1272	1577	306	1239	1577
248507303	1	241	1.018E-61	2	1272	2204	44	79	0.686	5.225E-15	163	218	220	2037	2204	168	2010	2204
254425127	1	205	6.998E-51	3	9289	9874	210	129	0.646	1.821E-31	73	171	234	9289	9585	297	9283	9585
254425127	1	205	6.998E-51	3	9289	9874	212	33	0.681	3.565E+01	165	186	234	9641	9706	66	9584	9706
254425127	1	205	6.998E-51	3	9289	9874	216	48	0.683	2.108E-04	187	219	234	9776	9874	99	9746	9877
254436857	-1	807	4.216E-232	6	14176	17150	1016	152	0.491	2.066E-37	75	239	862	-17150	-16668	483	17294	16644
254436857	-1	807	4.216E-232	6	14176	17150	1027	182	0.568	2.500E-48	229	393	862	-16624	-16130	495	16624	16067
254436857	-1	807	4.216E-232	6	14176	17150	1031	63	0.477	1.258E-08	395	462	862	-16070	-15867	204	16127	15867
254436857	-1	807	4.216E-232	6	14176	17150	1044	55	0.521	1.678E-06	471	523	862	-15478	-15320	159	15499	15314
254436857	-1	807	4.216E-232	6	14176	17150	1061	260	0.547	3.785E-73	527	774	862	-15241	-14507	735	15283	14378
254436857	-1	807	4.216E-232	6	14176	17150	1065	122	0.612	5.219E-29	762	861	862	-14475	-14176	300	14496	14176
254900121	1	160	2.462E-37	2	9289	12525	210	134	0.687	2.170E-33	73	167	225	9289	9576	288	9283	9585
254900121	1	160	2.462E-37	2	9289	12525	275	47	0.667	5.506E-04	190	222	225	12427	12525	99	12397	12528
257637658	1	259	3.885E-67	2	1272	2201	33	219	1.000	1.591E-62	8	109	219	1272	1577	306	1239	1577
257637658	1	259	3.885E-67	2	1272	2201	44	92	0.794	2.014E-19	163	217	219	2037	2201	165	2010	2204
257781383	1	166	3.847E-39	2	9289	12525	210	134	0.685	2.977E-33	76	170	230	9289	9576	288	9283	9585
257781383	1	166	3.847E-39	2	9289	12525	275	53	0.750	3.305E-06	193	225	230	12427	12525	99	12397	12528
258757139	1	250	1.989E-64	2	1272	2201	33	213	0.981	1.328E-60	8	109	219	1272	1577	306	1239	1577
258757139	1	250	1.989E-64	2	1272	2201	44	89	0.773	1.859E-18	163	217	219	2037	2201	165	2010	2204
258935045	1	262	4.856E-68	2	1272	2201	33	220	1.000	6.166E-63	8	109	219	1272	1577	306	1239	1577
258935045	1	262	4.856E-68	2	1272	2201	44	94	0.807	5.658E-20	163	217	219	2037	2201	165	2010	2204
259578041	-1	162	6.155E-38	1	14507	15049	1061	162	0.473	1.670E-39	4	188	261	-15049	-14507	543	15283	14378
261156684	-1	553	1.220E-155	4	14507	17156	1016	119	0.413	7.232E-26	106	266	884	-17156	-16674	483	17294	16644
261156684	-1	553	1.220E-155	4	14507	17156	1027	185	0.591	2.012E-49	265	424	884	-16603	-16130	474	16624	16067
261156684	-1	553	1.220E-155	4	14507	17156	1031	68	0.512	1.479E-10	426	493	884	-16070	-15867	204	16127	15867
261156684	-1	553	1.220E-155	4	14507	17156	1061	243	0.524	1.979E-67	558	796	884	-15241	-14507	735	15283	14378
261325544	1	269	3.793E-70	2	1272	2201	33	220	1.000	4.495E-63	8	109	218	1272	1577	306	1239	1577
261325544	1	269	3.793E-70	2	1272	2201	44	101	0.865	1.362E-22	163	217	218	2037	2201	165	2010	2204
261605985	1	247	1.591E-63	2	1272	2198	33	216	0.991	1.994E-61	8	109	219	1272	1577	306	1239	1577
261605985	1	247	1.591E-63	2	1272	2198	44	83	0.735	2.993E-16	163	216	219	2037	2198	162	2010	2204
262085520	1	168	9.618E-40	2	9289	9874	210	134	0.685	2.977E-33	77	171	249	9289	9576	288	9283	9585
262085520	1	168	9.618E-40	2	9289	9874	216	55	0.771	9.214E-07	194	226	249	9776	9874	99	9746	9877
262098310	1	172	6.011E-41	2	9289	9874	210	140	0.712	2.587E-35	76	170	234	9289	9576	288	9283	9585
262098310	1	172	6.011E-41	2	9289	9874	216	53	0.750	3.305E-06	193	225	234	9776	9874	99	9746	9877
262162537	1	166	3.847E-39	2	9286	9877	210	136	0.690	4.460E-34	81	176	235	9286	9576	291	9283	9585
262162537	1	166	3.847E-39	2	9286	9877	216	51	0.711	1.186E-05	199	232	235	9776	9877	102	9746	9877
262281244	1	181	1.174E-43	2	9289	9874	210	145	0.732	5.807E-37	75	169	233	9289	9576	288	9283	9585
262281244	1	181	1.174E-43	2	9289	9874	216	57	0.797	1.868E-07	192	224	233	9776	9874	99	9746	9877
262321367	1	226	3.337E-57	3	9286	9874	210	141	0.709	1.374E-35	70	166	225	9286	9576	291	9283	9585
262321367	1	226	3.337E-57	3	9286	9874	212	36	0.737	3.736E+00	167	188	225	9641	9706	66	9584	9706
262321367	1	226	3.337E-57	3	9286	9874	216	53	0.645	4.549E-06	183	221	225	9758	9874	117	9746	9877
262469357	1	276	2.964E-72	4	11760	12528	264	42	0.543	3.130E-02	179	214	369	11760	11873	114	11757	11918
262469357	1	276	2.964E-72	4	11760	12528	270	149	0.743	2.455E-38	215	310	369	11937	12227	291	11934	12236
262469357	1	276	2.964E-72	4	11760	12528	272	33	0.681	3.565E+01	311	332	369	12292	12357	66	12235	12357
262469357	1	276	2.964E-72	4	11760	12528	275	51	0.661	1.186E-05	330	366	369	12418	12528	111	12397	12528
262559986	1	258	7.769E-67	2	1272	2201	33	219	1.000	1.591E-62	8	109	219	1272	1577	306	1239	1577
262559986	1	258	7.769E-67	2	1272	2201	44	91	0.788	3.801E-19	163	217	219	2037	2201	165	2010	2204
262562213	1	244	1.273E-62	2	1272	2186	33	218	1.000	2.994E-62	8	109	219	1272	1577	306	1239	1577
262562213	1	244	1.273E-62	2	1272	2186	44	78	0.746	1.356E-14	163	212	219	2037	2186	150	2010	2204
262576975	1	219	4.271E-55	1	1266	1574	33	219	0.997	1.160E-62	0	102	103	1266	1574	309	1239	1577
262593421	1	255	6.215E-66	2	1272	2201	33	218	0.999	4.106E-62	8	109	219	1272	1577	306	1239	1577
262593421	1	255	6.215E-66	2	1272	2201	44	89	0.773	1.859E-18	163	217	219	2037	2201	165	2010	2204
262598962	1	292	4.522E-77	2	1272	2201	33	213	0.981	1.328E-60	8	109	177	1272	1577	306	1239	1577
262598962	1	292	4.522E-77	2	1272	2201	44	89	0.767	3.508E-18	121	175	177	2037	2201	165	2010	2204
262599353	1	266	3.035E-69	2	1272	2201	33	218	1.000	2.994E-62	8	109	218	1272	1577	306	1239	1577
262599353	1	266	3.035E-69	2	1272	2201	44	100	0.856	3.528E-22	163	217	218	2037	2201	165	2010	2204
262645945	1	236	3.259E-60	2	1272	2195	33	214	0.983	9.679E-61	8	109	220	1272	1577	306	1239	1577
262645945	1	236	3.259E-60	2	1272	2195	44	74	0.677	3.256E-13	163	215	220	2037	2195	159	2010	2204
262674621	1	249	3.978E-64	2	1272	2201	33	216	0.992	1.453E-61	8	109	219	1272	1577	306	1239	1577
262674621	1	249	3.978E-64	2	1272	2201	44	85	0.736	8.401E-17	163	217	219	2037	2201	165	2010	2204
262675386	1	218	8.542E-55	1	1266	1574	33	218	0.994	2.183E-62	0	102	103	1266	1574	309	1239	1577
262697472	1	189	4.586E-46	2	1800	2180	41	106	0.899	2.943E-23	12	66	128	1800	1964	165	1689	2006
262697472	1	189	4.586E-46	2	1800	2180	44	84	0.822	1.586E-16	65	112	128	2037	2180	144	2010	2204
262740721	1	264	1.214E-68	2	1272	2201	33	220	1.000	6.166E-63	8	109	219	1272	1577	306	1239	1577
262740721	1	264	1.214E-68	2	1272	2201	44	96	0.828	6.135E-21	163	217	219	2037	2201	165	2010	2204
262751541	-1	793	6.907E-228	6	14176	17150	1016	141	0.476	1.332E-33	73	228	853	-17150	-16674	477	17294	16644
262751541	-1	793	6.907E-228	6	14176	17150	1027	181	0.585	6.430E-48	227	384	853	-16603	-16130	474	16624	16067
262751541	-1	793	6.907E-228	6	14176	17150	1031	66	0.499	7.229E-10	386	453	853	-16070	-15867	204	16127	15867
262751541	-1	793	6.907E-228	6	14176	17150	1044	47	0.454	1.369E-03	462	514	853	-15478	-15320	159	15499	15314
262751541	-1	793	6.907E-228	6	14176	17150	1061	257	0.543	3.400E-72	518	765	853	-15241	-14507	735	15283	14378
262751541	-1	793	6.907E-228	6	14176	17150	1065	119	0.599	6.557E-28	753	852	853	-14475	-14176	300	14496	14176
262754220	1	217	1.708E-54	1	1272	1577	33	217	0.996	7.725E-62	8	109	111	1272	1577	306	1239	1577
262828606	1	255	6.215E-66	2	1272	2180	33	217	0.996	7.725E-62	8	109	219	1272	1577	306	1239	1577
262828606	1	255	6.215E-66	2	1272	2180	44	90	0.875	1.353E-18	163	210	219	2037	2180	144	2010	2204
262878963	1	199	4.479E-49	2	1746	2195	41	106	0.679	2.943E-23	18	93	149	1746	1964	219	1689	2006
262878963	1	199	4.479E-49	2	1746	2195	44	94	0.840	2.999E-20	92	144	149	2037	2195	159	2010	2204
262883221	1	207	1.749E-51	1	1272	1577	33	207	0.956	1.520E-58	8	109	187	1272	1577	306	1239	1577
262897142	-1	287	1.447E-75	2	14507	16603	1027	175	0.565	5.281E-46	140	299	746	-16603	-16124	480	16624	16067
262897142	-1	287	1.447E-75	2	14507	16603	1061	241	0.516	9.479E-67	430	677	746	-15241	-14507	735	15283	14378
262897485	-1	540	9.998E-152	4	14507	17081	1016	119	0.458	3.876E-26	1	141	746	-17081	-16674	408	17294	16644
262897485	-1	540	9.998E-152	4	14507	17081	1027	176	0.567	2.813E-46	140	299	746	-16603	-16124	480	16624	16067
262897485	-1	540	9.998E-152	4	14507	17081	1031	63	0.482	1.258E-08	299	365	746	-16070	-15870	201	16127	15867
262897485	-1	540	9.998E-152	4	14507	17081	1061	245	0.522	5.649E-68	430	677	746	-15241	-14507	735	15283	14378
262903012	-1	276	2.964E-72	5	14176	17150	1016	124	0.432	6.712E-28	89	247	889	-17150	-16674	477	17294	16644
262903012	-1	276	2.964E-72	5	14176	17150	1027	180	0.558	1.207E-47	239	405	889	-16624	-16124	501	16624	16067
262903012	-1	276	2.964E-72	5	14176	17150	1031	71	0.555	1.603E-11	405	468	889	-16070	-15879	192	16127	15867
262903012	-1	276	2.964E-72	5	14176	17150	1044	60	0.551	3.657E-08	480	533	889	-15484	-15323	162	15499	15314
262903012	-1	276	2.964E-72	5	14176	17150	1065	123	0.683	3.803E-29	801	888	889	-14439	-14176	264	14496	14176
262903207	1	236	3.259E-60	2	1260	2192	33	214	0.949	9.679E-61	4	109	220	1260	1577	318	1239	1577
262903207	1	236	3.259E-60	2	1260	2192	44	74	0.688	3.256E-13	163	214	220	2037	2192	156	2010	2204
262932780	1	245	6.364E-63	2	1272	2195	33	213	0.981	1.328E-60	8	109	219	1272	1577	306	1239	1577
262932780	1	245	6.364E-63	2	1272	2195	44	84	0.757	1.154E-16	163	215	219	2037	2195	159	2010	2204
262998573	1	255	6.215E-66	2	1272	2201	33	203	0.940	3.583E-57	8	109	218	1272	1577	306	1239	1577
262998573	1	255	6.215E-66	2	1272	2201	44	104	0.886	1.478E-23	163	217	218	2037	2201	165	2010	2204
262999052	1	243	2.546E-62	2	1272	2201	33	218	1.000	2.183E-62	8	109	220	1272	1577	306	1239	1577
262999052	1	243	2.546E-62	2	1272	2201	44	77	0.678	3.518E-14	163	217	220	2037	2201	165	2010	2204
270323623	-1	473	1.475E-131	4	14176	16070	1031	61	0.478	4.481E-08	391	456	858	-16070	-15873	198	16127	15867
270323623	-1	473	1.475E-131	4	14176	16070	1044	47	0.458	9.947E-04	467	519	858	-15478	-15320	159	15499	15314
270323623	-1	473	1.475E-131	4	14176	16070	1061	260	0.547	3.785E-73	523	770	858	-15241	-14507	735	15283	14378
270323623	-1	473	1.475E-131	4	14176	16070	1065	115	0.648	1.130E-26	770	857	858	-14439	-14176	264	14496	14176
270921085	1	74	1.905E-11	1	27093	27359	624	74	0.436	5.497E-12	0	91	147	27093	27359	267	27036	27425
271269003	-1	689	1.401E-196	5	14176	16624	1027	192	0.592	1.303E-51	267	431	900	-16624	-16130	495	16624	16067
271269003	-1	689	1.401E-196	5	14176	16624	1031	66	0.497	9.930E-10	433	500	900	-16070	-15867	204	16127	15867
271269003	-1	689	1.401E-196	5	14176	16624	1044	53	0.494	6.010E-06	507	561	900	-15484	-15320	165	15499	15314
271269003	-1	689	1.401E-196	5	14176	16624	1061	258	0.544	1.816E-72	565	812	900	-15241	-14507	735	15283	14378
271269003	-1	689	1.401E-196	5	14176	16624	1065	124	0.690	1.073E-29	812	899	900	-14439	-14176	264	14496	14176
271645586	-1	597	6.937E-169	4	14507	17150	1016	142	0.476	7.119E-34	44	203	825	-17150	-16674	477	17294	16644
271645586	-1	597	6.937E-169	4	14507	17150	1027	178	0.552	7.985E-47	195	361	825	-16624	-16124	501	16624	16067
271645586	-1	597	6.937E-169	4	14507	17150	1031	70	0.526	2.202E-11	361	428	825	-16070	-15867	204	16127	15867
271645586	-1	597	6.937E-169	4	14507	17150	1061	273	0.568	1.207E-77	489	737	825	-15247	-14507	741	15283	14378
271734450	1	271	9.484E-71	2	1272	2201	33	219	1.000	1.160E-62	8	109	218	1272	1577	306	1239	1577
271734450	1	271	9.484E-71	2	1272	2201	44	104	0.889	1.076E-23	163	217	218	2037	2201	165	2010	2204
272315848	1	475	3.689E-132	5	11490	12528	258	52	0.799	1.449E-05	1	30	223	11490	11579	90	11457	11618
272315848	1	475	3.689E-132	5	11490	12528	264	84	0.967	9.089E-17	31	70	223	11757	11876	120	11757	11918
272315848	1	475	3.689E-132	5	11490	12528	270	210	1.000	1.271E-59	71	166	223	11940	12227	288	11934	12236
272315848	1	475	3.689E-132	5	11490	12528	272	47	0.965	3.402E-04	167	188	223	12292	12357	66	12235	12357
272315848	1	475	3.689E-132	5	11490	12528	275	76	1.000	4.274E-14	189	222	223	12427	12528	102	12397	12528
272471374	-1	118	1.083E-24	1	14176	14439	1065	118	0.662	1.234E-27	77	164	165	-14439	-14176	264	14496	14176
272904473	-1	352	3.922E-95	3	15876	17150	1016	117	0.410	1.843E-25	105	265	711	-17150	-16668	483	17294	16644
272904473	-1	352	3.922E-95	3	15876	17150	1027	186	0.559	1.072E-49	255	426	711	-16624	-16115	510	16624	16067
272904473	-1	352	3.922E-95	3	15876	17150	1031	62	0.491	1.729E-08	423	487	711	-16070	-15876	195	16127	15867
273532160	1	245	6.364E-63	2	1272	2180	33	213	0.981	1.328E-60	8	109	219	1272	1577	306	1239	1577
273532160	1	245	6.364E-63	2	1272	2180	44	84	0.825	1.154E-16	163	210	219	2037	2180	144	2010	2204
274159235	-1	625	2.584E-177	5	14507	17147	1016	121	0.420	1.521E-26	23	182	804	-17147	-16674	474	17294	16644
274159235	-1	625	2.584E-177	5	14507	17147	1027	171	0.535	1.685E-44	174	340	804	-16624	-16130	495	16624	16067
274159235	-1	625	2.584E-177	5	14507	17147	1031	65	0.516	1.873E-09	343	406	804	-16067	-15876	192	16127	15867
274159235	-1	625	2.584E-177	5	14507	17147	1044	51	0.466	5.613E-05	419	474	804	-15487	-15320	168	15499	15314
274159235	-1	625	2.584E-177	5	14507	17147	1061	239	0.522	4.540E-66	480	716	804	-15232	-14507	726	15283	14378
275262285	-1	545	3.124E-153	4	14507	17213	1016	139	0.430	4.657E-33	102	271	895	-17213	-16674	540	17294	16644
275262285	-1	545	3.124E-153	4	14507	17213	1027	193	0.595	5.063E-52	263	427	895	-16624	-16130	495	16624	16067
275262285	-1	545	3.124E-153	4	14507	17213	1031	61	0.470	3.262E-08	429	496	895	-16070	-15867	204	16127	15867
275262285	-1	545	3.124E-153	4	14507	17213	1061	222	0.486	4.362E-60	562	807	895	-15244	-14507	738	15283	14378
275277594	-1	779	1.132E-223	6	14176	17150	1016	131	0.450	3.316E-30	29	184	809	-17150	-16674	477	17294	16644
275277594	-1	779	1.132E-223	6	14176	17150	1027	180	0.563	1.207E-47	176	340	809	-16624	-16130	495	16624	16067
275277594	-1	779	1.132E-223	6	14176	17150	1031	66	0.499	7.229E-10	342	409	809	-16070	-15867	204	16127	15867
275277594	-1	779	1.132E-223	6	14176	17150	1044	50	0.483	7.724E-05	418	470	809	-15478	-15320	159	15499	15314
275277594	-1	779	1.132E-223	6	14176	17150	1061	259	0.546	7.087E-73	474	721	809	-15241	-14507	735	15283	14378
275277594	-1	779	1.132E-223	6	14176	17150	1065	118	0.595	1.234E-27	709	808	809	-14475	-14176	300	14496	14176
275892364	1	170	2.404E-40	2	9289	12528	210	141	0.715	1.374E-35	76	170	229	9289	9576	288	9283	9585
275892364	1	170	2.404E-40	2	9289	12528	275	50	0.696	3.095E-05	193	226	229	12427	12528	102	12397	12528
275988008	-1	555	3.051E-156	4	14513	17150	1016	110	0.393	6.837E-23	102	260	879	-17150	-16674	477	17294	16644
275988008	-1	555	3.051E-156	4	14513	17150	1027	189	0.578	8.624E-51	258	425	879	-16606	-16109	498	16624	16067
275988008	-1	555	3.051E-156	4	14513	17150	1031	66	0.514	5.263E-10	420	485	879	-16070	-15873	198	16127	15867
275988008	-1	555	3.051E-156	4	14513	17150	1061	247	0.510	1.179E-68	538	789	879	-15283	-14513	771	15283	14378
276587044	1	227	1.668E-57	3	9286	9874	210	141	0.709	1.374E-35	70	166	225	9286	9576	291	9283	9585
276587044	1	227	1.668E-57	3	9286	9874	212	37	0.768	1.032E+00	167	188	225	9641	9706	66	9584	9706
276587044	1	227	1.668E-57	3	9286	9874	216	53	0.645	4.549E-06	183	221	225	9758	9874	117	9746	9877
276762274	1	157	1.970E-36	2	9289	9706	210	129	0.635	1.821E-31	68	168	220	9289	9585	297	9283	9585
276762274	1	157	1.970E-36	2	9289	9706	212	33	0.710	3.565E+01	163	183	220	9644	9706	63	9584	9706
276803390	1	209	4.374E-52	3	9289	9874	210	134	0.672	4.086E-33	74	171	232	9289	9582	294	9283	9585
276803390	1	209	4.374E-52	3	9289	9874	212	33	0.718	2.582E+01	167	187	232	9644	9706	63	9584	9706
276803390	1	209	4.374E-52	3	9289	9874	216	53	0.606	4.549E-06	180	220	232	9749	9874	126	9746	9877
277100247	1	186	3.669E-45	2	1797	2186	41	109	0.915	1.243E-24	87	142	197	1797	1964	168	1689	2006
277100247	1	186	3.669E-45	2	1797	2186	44	78	0.739	2.560E-14	141	190	197	2037	2186	150	2010	2204
277106969	1	255	6.215E-66	2	1272	2180	33	217	0.996	7.725E-62	8	109	219	1272	1577	306	1239	1577
277106969	1	255	6.215E-66	2	1272	2180	44	90	0.875	1.353E-18	163	210	219	2037	2180	144	2010	2204
277124983	-1	401	6.968E-110	3	14176	16624	1027	181	0.566	4.693E-48	212	376	837	-16624	-16130	495	16624	16067
277124983	-1	401	6.968E-110	3	14176	16624	1061	236	0.510	7.610E-65	510	749	837	-15241	-14507	735	15283	14378
277124983	-1	401	6.968E-110	3	14176	16624	1065	116	0.650	8.239E-27	749	836	837	-14439	-14176	264	14496	14176
277155962	-1	182	5.870E-44	2	1272	1961	1352	71	0.619	4.675E-12	65	120	246	-1961	-1794	168	1976	1794
277155962	-1	182	5.870E-44	2	1272	1961	1362	117	0.559	2.146E-26	114	220	246	-1592	-1272	321	1664	1212
277173451	-1	116	4.331E-24	1	14176	14436	1065	116	0.657	8.239E-27	14	100	101	-14436	-14176	261	14496	14176
277180329	-1	415	4.253E-114	3	14176	16624	1027	180	0.557	1.654E-47	238	404	865	-16624	-16130	495	16624	16067
277180329	-1	415	4.253E-114	3	14176	16624	1061	251	0.538	3.750E-70	538	777	865	-15241	-14507	735	15283	14378
277180329	-1	415	4.253E-114	3	14176	16624	1065	116	0.652	6.004E-27	777	864	865	-14439	-14176	264	14496	14176
277215893	1	102	7.097E-20	1	1746	1964	41	102	0.661	3.699E-22	3	78	83	1746	1964	219	1689	2006
277233723	1	246	3.182E-63	2	1272	2201	33	207	0.955	2.084E-58	8	109	220	1272	1577	306	1239	1577
277233723	1	246	3.182E-63	2	1272	2201	44	91	0.782	7.172E-19	163	217	220	2037	2201	165	2010	2204
277275813	1	172	6.011E-41	2	1746	2195	41	101	0.655	9.558E-22	89	164	220	1746	1964	219	1689	2006
277275813	1	172	6.011E-41	2	1746	2195	44	72	0.661	1.597E-12	163	215	220	2037	2195	159	2010	2204
277310124	1	256	3.108E-66	2	1272	2201	33	217	0.997	5.632E-62	37	138	248	1272	1577	306	1239	1577
277310124	1	256	3.108E-66	2	1272	2201	44	91	0.785	5.221E-19	192	246	248	2037	2201	165	2010	2204
277313649	-1	402	3.484E-110	3	14507	17111	1016	136	0.492	5.691E-32	108	254	879	-17111	-16674	438	17294	16644
277313649	-1	402	3.484E-110	3	14507	17111	1027	190	0.589	3.352E-51	246	410	879	-16624	-16130	495	16624	16067
277313649	-1	402	3.484E-110	3	14507	17111	1061	217	0.476	1.862E-58	545	791	879	-15244	-14507	738	15283	14378
277334017	1	202	5.598E-50	2	1746	2201	41	113	0.719	9.891E-26	19	94	148	1746	1964	219	1689	2006
277334017	1	202	5.598E-50	2	1746	2201	44	90	0.776	1.353E-18	93	147	148	2037	2201	165	2010	2204
277349598	-1	797	4.317E-229	6	14176	17150	1016	145	0.474	4.251E-35	68	232	855	-17150	-16668	483	17294	16644
277349598	-1	797	4.317E-229	6	14176	17150	1027	179	0.559	4.254E-47	222	386	855	-16624	-16130	495	16624	16067
277349598	-1	797	4.317E-229	6	14176	17150	1031	64	0.484	4.855E-09	388	455	855	-16070	-15867	204	16127	15867
277349598	-1	797	4.317E-229	6	14176	17150	1044	54	0.515	3.175E-06	464	516	855	-15478	-15320	159	15499	15314
277349598	-1	797	4.317E-229	6	14176	17150	1061	259	0.545	9.697E-73	520	767	855	-15241	-14507	735	15283	14378
277349598	-1	797	4.317E-229	6	14176	17150	1065	123	0.614	3.803E-29	755	854	855	-14475	-14176	300	14496	14176
277370300	1	251	9.944E-65	2	1272	2201	33	217	0.997	5.632E-62	8	109	219	1272	1577	306	1239	1577
277370300	1	251	9.944E-65	2	1272	2201	44	86	0.748	2.358E-17	163	217	219	2037	2201	165	2010	2204
277384703	1	216	3.417E-54	1	1266	1574	33	216	0.982	1.994E-61	0	102	103	1266	1574	309	1239	1577
277430611	1	73	3.810E-11	1	2037	2195	44	73	0.665	1.162E-12	49	101	106	2037	2195	159	2010	2204
277436954	1	217	1.708E-54	1	1266	1574	33	217	0.987	7.725E-62	0	102	103	1266	1574	309	1239	1577
277438817	-1	539	2.000E-151	4	14507	17081	1016	119	0.458	3.876E-26	1	141	746	-17081	-16674	408	17294	16644
277438817	-1	539	2.000E-151	4	14507	17081	1027	178	0.572	5.828E-47	140	299	746	-16603	-16124	480	16624	16067
277438817	-1	539	2.000E-151	4	14507	17081	1031	63	0.482	1.258E-08	299	365	746	-16070	-15870	201	16127	15867
277438817	-1	539	2.000E-151	4	14507	17081	1061	242	0.517	5.065E-67	430	677	746	-15241	-14507	735	15283	14378
277488337	1	290	1.809E-76	2	1272	2201	33	219	1.000	1.160E-62	8	109	201	1272	1577	306	1239	1577
277488337	1	290	1.809E-76	2	1272	2201	44	106	0.905	2.204E-24	146	200	201	2037	2201	165	2010	2204
277572527	1	242	5.092E-62	2	1269	2186	33	218	0.994	2.183E-62	4	106	216	1269	1577	309	1239	1577
277572527	1	242	5.092E-62	2	1269	2186	44	76	0.725	9.129E-14	160	209	216	2037	2186	150	2010	2204
277585096	1	267	1.517E-69	2	1272	2201	33	221	1.000	2.389E-63	8	109	218	1272	1577	306	1239	1577
277585096	1	267	1.517E-69	2	1272	2201	44	98	0.843	1.255E-21	163	217	218	2037	2201	165	2010	2204
283356773	1	166	3.847E-39	2	9289	12525	210	134	0.685	2.977E-33	76	170	230	9289	9576	288	9283	9585
283356773	1	166	3.847E-39	2	9289	12525	275	53	0.750	3.305E-06	193	225	230	12427	12525	99	12397	12528
284043565	1	169	4.809E-40	2	9289	9874	210	136	0.696	4.460E-34	77	171	231	9289	9576	288	9283	9585
284043565	1	169	4.809E-40	2	9289	9874	216	54	0.766	1.268E-06	194	226	231	9776	9874	99	9746	9877
284369769	-1	343	2.008E-92	4	15320	17183	1016	102	0.355	4.657E-20	101	268	882	-17183	-16674	510	17294	16644
284369769	-1	343	2.008E-92	4	15320	17183	1027	155	0.499	4.936E-39	260	424	882	-16624	-16130	495	16624	16067
284369769	-1	343	2.008E-92	4	15320	17183	1031	61	0.487	6.155E-08	427	490	882	-16067	-15876	192	16127	15867
284369769	-1	343	2.008E-92	4	15320	17183	1044	42	0.416	6.358E-02	501	553	882	-15478	-15320	159	15499	15314
287359258	1	228	8.342E-58	2	1272	2186	33	209	0.961	5.888E-59	8	109	213	1272	1577	306	1239	1577
287359258	1	228	8.342E-58	2	1272	2186	44	71	0.685	4.146E-12	163	212	213	2037	2186	150	2010	2204
287597883	-1	700	6.841E-200	5	14176	17180	1016	149	0.473	3.468E-36	185	352	976	-17180	-16674	507	17294	16644
287597883	-1	700	6.841E-200	5	14176	17180	1027	192	0.589	1.303E-51	344	509	976	-16624	-16127	498	16624	16067
287597883	-1	700	6.841E-200	5	14176	17180	1044	61	0.549	1.934E-08	584	638	976	-15484	-15320	165	15499	15314
287597883	-1	700	6.841E-200	5	14176	17180	1061	265	0.535	8.776E-75	629	888	976	-15283	-14507	777	15283	14378
287597883	-1	700	6.841E-200	5	14176	17180	1065	121	0.675	1.348E-28	888	975	976	-14439	-14176	264	14496	14176
288802095	1	76	4.762E-12	1	2037	2156	44	76	0.878	1.255E-13	34	73	74	2037	2156	120	2010	2204
290345821	1	284	1.158E-74	2	1272	2201	33	225	1.000	1.014E-64	8	109	219	1272	1577	306	1239	1577
290345821	1	284	1.158E-74	2	1272	2201	44	111	0.939	6.734E-26	163	217	219	2037	2201	165	2010	2204
291121672	1	168	9.618E-40	2	9289	12528	210	139	0.706	6.682E-35	76	171	230	9289	9576	288	9283	9585
291121672	1	168	9.618E-40	2	9289	12528	275	50	0.696	3.095E-05	194	227	230	12427	12528	102	12397	12528
291180144	1	154	1.576E-35	2	11940	12525	270	126	0.649	2.289E-30	92	186	245	11940	12227	288	11934	12236
291180144	1	154	1.576E-35	2	11940	12525	275	46	0.610	1.044E-03	206	241	245	12418	12525	108	12397	12528
291298428	1	170	2.404E-40	2	9286	9874	210	137	0.691	3.251E-34	72	167	225	9286	9576	291	9283	9585
291298428	1	170	2.404E-40	2	9286	9874	216	54	0.760	1.745E-06	190	222	225	9776	9874	99	9746	9877
291412016	1	174	1.503E-41	2	9289	9874	210	138	0.705	9.169E-35	79	173	260	9289	9576	288	9283	9585
291412016	1	174	1.503E-41	2	9289	9874	216	49	0.586	5.866E-05	188	228	260	9752	9874	123	9746	9877
291601097	-1	789	1.105E-226	6	14176	17150	1016	145	0.483	7.953E-35	70	229	850	-17150	-16674	477	17294	16644
291601097	-1	789	1.105E-226	6	14176	17150	1027	171	0.562	1.685E-44	229	384	850	-16600	-16130	471	16624	16067
291601097	-1	789	1.105E-226	6	14176	17150	1031	61	0.475	6.155E-08	386	451	850	-16070	-15873	198	16127	15867
291601097	-1	789	1.105E-226	6	14176	17150	1044	45	0.438	6.772E-03	461	513	850	-15478	-15320	159	15499	15314
291601097	-1	789	1.105E-226	6	14176	17150	1061	264	0.558	1.201E-74	517	762	850	-15241	-14507	735	15283	14378
291601097	-1	789	1.105E-226	6	14176	17150	1065	121	0.609	9.825E-29	750	849	850	-14475	-14176	300	14496	14176
291601699	1	235	6.517E-60	3	9286	9874	210	146	0.733	1.638E-37	68	163	225	9286	9576	291	9283	9585
291601699	1	235	6.517E-60	3	9286	9874	212	35	0.751	7.113E+00	165	185	225	9644	9706	63	9584	9706
291601699	1	235	6.517E-60	3	9286	9874	216	52	0.735	8.619E-06	186	218	225	9776	9874	99	9746	9877
291645081	1	253	2.486E-65	2	1272	2195	33	219	1.000	1.160E-62	8	109	220	1272	1577	306	1239	1577
291645081	1	253	2.486E-65	2	1272	2195	44	86	0.773	2.358E-17	163	215	220	2037	2195	159	2010	2204
291722202	-1	696	1.095E-198	5	14176	17150	1016	147	0.479	8.877E-36	3	167	790	-17150	-16668	483	17294	16644
291722202	-1	696	1.095E-198	5	14176	17150	1027	180	0.576	1.654E-47	164	323	790	-16603	-16124	480	16624	16067
291722202	-1	696	1.095E-198	5	14176	17150	1031	61	0.465	6.155E-08	323	390	790	-16070	-15867	204	16127	15867
291722202	-1	696	1.095E-198	5	14176	17150	1061	260	0.547	3.785E-73	455	702	790	-15241	-14507	735	15283	14378
291722202	-1	696	1.095E-198	5	14176	17150	1065	124	0.622	7.821E-30	690	789	790	-14475	-14176	300	14496	14176
291757331	-1	93	3.633E-17	1	16869	17183	1016	93	0.465	3.109E-17	33	139	145	-17183	-16869	315	17294	16644
291798437	1	261	9.711E-68	2	1272	2198	33	219	1.000	1.591E-62	8	109	219	1272	1577	306	1239	1577
291798437	1	261	9.711E-68	2	1272	2198	44	94	0.820	5.658E-20	163	216	219	2037	2198	162	2010	2204
291840921	-1	780	5.659E-224	6	14176	17150	1016	132	0.451	2.426E-30	72	227	852	-17150	-16674	477	17294	16644
291840921	-1	780	5.659E-224	6	14176	17150	1027	186	0.567	1.072E-49	219	387	852	-16624	-16118	507	16624	16067
291840921	-1	780	5.659E-224	6	14176	17150	1031	64	0.487	3.535E-09	385	452	852	-16070	-15867	204	16127	15867
291840921	-1	780	5.659E-224	6	14176	17150	1044	53	0.501	1.138E-05	461	513	852	-15478	-15320	159	15499	15314
291840921	-1	780	5.659E-224	6	14176	17150	1061	255	0.539	2.231E-71	517	764	852	-15241	-14507	735	15283	14378
291840921	-1	780	5.659E-224	6	14176	17150	1065	118	0.595	1.234E-27	752	851	852	-14475	-14176	300	14496	14176
291854810	-1	535	3.199E-150	4	14176	17150	1016	147	0.493	1.661E-35	107	263	888	-17150	-16677	474	17294	16644
291854810	-1	535	3.199E-150	4	14176	17150	1027	171	0.541	1.230E-44	256	419	888	-16624	-16130	495	16624	16067
291854810	-1	535	3.199E-150	4	14176	17150	1061	248	0.527	6.298E-69	553	800	888	-15241	-14507	735	15283	14378
291854810	-1	535	3.199E-150	4	14176	17150	1065	119	0.597	8.997E-28	788	887	888	-14475	-14176	300	14496	14176
291906368	1	251	9.944E-65	2	1272	2195	33	211	0.971	8.842E-60	8	109	220	1272	1577	306	1239	1577
291906368	1	251	9.944E-65	2	1272	2195	44	92	0.821	2.014E-19	163	215	220	2037	2195	159	2010	2204
291961537	1	259	3.885E-67	2	1272	2201	33	219	1.000	1.591E-62	8	109	219	1272	1577	306	1239	1577
291961537	1	259	3.885E-67	2	1272	2201	44	92	0.794	2.014E-19	163	217	219	2037	2201	165	2010	2204
291980762	-1	415	4.253E-114	3	14507	16603	1027	177	0.570	1.094E-46	140	299	746	-16603	-16124	480	16624	16067
291980762	-1	415	4.253E-114	3	14507	16603	1031	61	0.470	6.155E-08	299	365	746	-16070	-15870	201	16127	15867
291980762	-1	415	4.253E-114	3	14507	16603	1061	240	0.513	3.319E-66	430	677	746	-15241	-14507	735	15283	14378
291980970	-1	417	1.063E-114	3	14507	16603	1027	175	0.562	9.913E-46	140	299	746	-16603	-16124	480	16624	16067
291980970	-1	417	1.063E-114	3	14507	16603	1031	61	0.470	6.155E-08	299	365	746	-16070	-15870	201	16127	15867
291980970	-1	417	1.063E-114	3	14507	16603	1061	244	0.521	7.728E-68	430	677	746	-15241	-14507	735	15283	14378
291985943	1	229	4.171E-58	2	1284	2198	33	208	0.993	1.108E-58	1	98	208	1284	1577	294	1239	1577
291985943	1	229	4.171E-58	2	1284	2198	44	73	0.657	8.453E-13	152	205	208	2037	2198	162	2010	2204
292044394	1	209	4.374E-52	1	1266	1574	33	209	0.953	5.888E-59	0	102	103	1266	1574	309	1239	1577
292046075	1	248	7.956E-64	2	1272	2201	33	213	0.981	1.328E-60	8	109	219	1272	1577	306	1239	1577
292046075	1	248	7.956E-64	2	1272	2201	44	87	0.751	1.717E-17	163	217	219	2037	2201	165	2010	2204
292051914	-1	783	7.073E-225	6	14176	17150	1016	141	0.475	1.821E-33	71	226	851	-17150	-16674	477	17294	16644
292051914	-1	783	7.073E-225	6	14176	17150	1027	180	0.563	1.207E-47	218	382	851	-16624	-16130	495	16624	16067
292051914	-1	783	7.073E-225	6	14176	17150	1031	66	0.499	7.229E-10	384	451	851	-16070	-15867	204	16127	15867
292051914	-1	783	7.073E-225	6	14176	17150	1044	48	0.461	7.226E-04	460	512	851	-15478	-15320	159	15499	15314
292051914	-1	783	7.073E-225	6	14176	17150	1061	257	0.548	3.400E-72	519	763	851	-15232	-14507	726	15283	14378
292051914	-1	783	7.073E-225	6	14176	17150	1065	119	0.599	6.557E-28	751	850	851	-14475	-14176	300	14496	14176
292075549	-1	96	4.542E-18	1	16668	17039	1016	96	0.426	3.566E-18	2	125	157	-17039	-16668	372	17294	16644
292082016	1	270	1.897E-70	2	1272	2201	33	218	0.999	4.106E-62	8	109	218	1272	1577	306	1239	1577
292082016	1	270	1.897E-70	2	1272	2201	44	104	0.889	1.076E-23	163	217	218	2037	2201	165	2010	2204
292099094	-1	653	9.628E-186	5	14176	16603	1027	176	0.571	3.855E-46	227	384	853	-16603	-16130	474	16624	16067
292099094	-1	653	9.628E-186	5	14176	16603	1031	64	0.501	2.573E-09	386	451	853	-16070	-15873	198	16127	15867
292099094	-1	653	9.628E-186	5	14176	16603	1044	51	0.493	2.964E-05	462	514	853	-15478	-15320	159	15499	15314
292099094	-1	653	9.628E-186	5	14176	16603	1061	254	0.538	3.053E-71	518	765	853	-15241	-14507	735	15283	14378
292099094	-1	653	9.628E-186	5	14176	16603	1065	116	0.652	6.004E-27	765	852	853	-14439	-14176	264	14496	14176
292103440	1	242	5.092E-62	2	1272	2180	33	211	0.969	1.213E-59	8	109	212	1272	1577	306	1239	1577
292103440	1	242	5.092E-62	2	1272	2180	44	83	0.818	2.179E-16	163	210	212	2037	2180	144	2010	2204
298894237	-1	637	6.310E-181	5	14176	16985	1016	96	0.487	3.566E-18	0	103	727	-16985	-16674	312	17294	16644
298894237	-1	637	6.310E-181	5	14176	16985	1027	187	0.578	4.166E-50	95	260	727	-16624	-16127	498	16624	16067
298894237	-1	637	6.310E-181	5	14176	16985	1044	60	0.543	3.657E-08	335	389	727	-15484	-15320	165	15499	15314
298894237	-1	637	6.310E-181	5	14176	16985	1061	262	0.531	5.764E-74	380	639	727	-15283	-14507	777	15283	14378
298894237	-1	637	6.310E-181	5	14176	16985	1065	120	0.671	2.538E-28	639	726	727	-14439	-14176	264	14496	14176
299263110	-1	687	5.604E-196	5	14176	16624	1027	192	0.594	6.938E-52	265	429	898	-16624	-16130	495	16624	16067
299263110	-1	687	5.604E-196	5	14176	16624	1031	65	0.492	1.873E-09	431	498	898	-16070	-15867	204	16127	15867
299263110	-1	687	5.604E-196	5	14176	16624	1044	55	0.505	1.678E-06	505	559	898	-15484	-15320	165	15499	15314
299263110	-1	687	5.604E-196	5	14176	16624	1061	258	0.543	2.485E-72	563	810	898	-15241	-14507	735	15283	14378
299263110	-1	687	5.604E-196	5	14176	16624	1065	121	0.675	1.348E-28	810	897	898	-14439	-14176	264	14496	14176
299532250	-1	683	8.966E-195	5	14507	17150	1016	140	0.464	3.405E-33	82	244	869	-17150	-16674	477	17294	16644
299532250	-1	683	8.966E-195	5	14507	17150	1027	182	0.563	2.500E-48	236	402	869	-16624	-16124	501	16624	16067
299532250	-1	683	8.966E-195	5	14507	17150	1031	67	0.507	2.790E-10	402	469	869	-16070	-15867	204	16127	15867
299532250	-1	683	8.966E-195	5	14507	17150	1044	51	0.489	4.079E-05	478	530	869	-15478	-15320	159	15499	15314
299532250	-1	683	8.966E-195	5	14507	17150	1061	258	0.543	2.485E-72	534	781	869	-15241	-14507	735	15283	14378
300112792	1	270	1.897E-70	2	1272	2201	33	219	1.000	1.160E-62	8	109	219	1272	1577	306	1239	1577
300112792	1	270	1.897E-70	2	1272	2201	44	103	0.880	2.788E-23	163	217	219	2037	2201	165	2010	2204
301576561	1	176	3.757E-42	2	9289	9874	210	145	0.732	5.807E-37	82	176	241	9289	9576	288	9283	9585
301576561	1	176	3.757E-42	2	9289	9874	216	52	0.735	8.619E-06	199	231	241	9776	9874	99	9746	9877
301770125	1	234	1.303E-59	2	1272	2192	33	213	0.978	2.498E-60	8	109	220	1272	1577	306	1239	1577
301770125	1	234	1.303E-59	2	1272	2192	44	73	0.679	8.453E-13	163	214	220	2037	2192	156	2010	2204
302693724	-1	387	1.142E-105	2	14176	15253	1061	272	0.563	2.261E-77	188	438	526	-15253	-14507	747	15283	14378
302693724	-1	387	1.142E-105	2	14176	15253	1065	115	0.645	2.128E-26	438	525	526	-14439	-14176	264	14496	14176
302703215	-1	793	6.907E-228	6	14176	17150	1016	149	0.501	1.853E-36	120	276	902	-17150	-16677	474	17294	16644
302703215	-1	793	6.907E-228	6	14176	17150	1027	173	0.573	3.492E-45	279	432	902	-16594	-16130	465	16624	16067
302703215	-1	793	6.907E-228	6	14176	17150	1031	62	0.477	2.375E-08	435	501	902	-16067	-15867	201	16127	15867
302703215	-1	793	6.907E-228	6	14176	17150	1044	51	0.493	2.964E-05	510	562	902	-15478	-15320	159	15499	15314
302703215	-1	793	6.907E-228	6	14176	17150	1061	256	0.538	1.192E-71	566	814	902	-15241	-14507	735	15283	14378
302703215	-1	793	6.907E-228	6	14176	17150	1065	122	0.610	7.161E-29	802	901	902	-14475	-14176	300	14496	14176
303474510	1	266	3.035E-69	2	1272	2201	33	220	1.000	8.458E-63	8	109	218	1272	1577	306	1239	1577
303474510	1	266	3.035E-69	2	1272	2201	44	98	0.843	1.255E-21	163	217	218	2037	2201	165	2010	2204
303749202	1	250	1.989E-64	2	1272	2201	33	213	0.981	1.328E-60	8	109	218	1272	1577	306	1239	1577
303749202	1	250	1.989E-64	2	1272	2201	44	89	0.770	2.554E-18	163	217	218	2037	2201	165	2010	2204
304067546	-1	374	9.352E-102	3	14513	16624	1027	154	0.494	1.268E-38	283	448	909	-16624	-16130	495	16624	16067
304067546	-1	374	9.352E-102	3	14513	16624	1044	50	0.460	1.063E-04	524	579	909	-15484	-15317	168	15499	15314
304067546	-1	374	9.352E-102	3	14513	16624	1061	254	0.524	4.177E-71	569	819	909	-15280	-14513	768	15283	14378
304247528	-1	391	7.135E-107	3	14507	17150	1016	112	0.395	1.443E-23	103	263	878	-17150	-16668	483	17294	16644
304247528	-1	391	7.135E-107	3	14507	17150	1027	178	0.552	7.985E-47	253	419	878	-16624	-16130	495	16624	16067
304247528	-1	391	7.135E-107	3	14507	17150	1061	241	0.518	1.297E-66	551	790	878	-15244	-14507	738	15283	14378
305626437	1	167	1.924E-39	2	9286	9877	210	137	0.691	3.251E-34	72	167	226	9286	9576	291	9283	9585
305626437	1	167	1.924E-39	2	9286	9877	216	51	0.706	1.633E-05	190	223	226	9776	9877	102	9746	9877
305951121	1	172	6.011E-41	2	9289	9874	210	144	0.729	1.093E-36	75	169	233	9289	9576	288	9283	9585
305951121	1	172	6.011E-41	2	9289	9874	216	49	0.704	5.866E-05	192	224	233	9776	9874	99	9746	9877
306161884	-1	467	9.443E-130	4	14176	17159	1016	106	0.373	1.531E-21	190	354	972	-17159	-16674	486	17294	16644
306161884	-1	467	9.443E-130	4	14176	17159	1027	166	0.531	1.382E-42	350	509	972	-16612	-16124	489	16624	16067
306161884	-1	467	9.443E-130	4	14176	17159	1061	219	0.481	3.897E-59	639	884	972	-15244	-14507	738	15283	14378
306161884	-1	467	9.443E-130	4	14176	17159	1065	119	0.599	6.557E-28	872	971	972	-14475	-14176	300	14496	14176
306191638	1	250	1.989E-64	2	1272	2201	33	213	0.981	1.328E-60	8	109	219	1272	1577	306	1239	1577
306191638	1	250	1.989E-64	2	1272	2201	44	89	0.773	1.859E-18	163	217	219	2037	2201	165	2010	2204
306219151	1	220	2.136E-55	1	1266	1574	33	220	1.000	4.495E-63	0	102	103	1266	1574	309	1239	1577
306226557	1	103	3.548E-20	1	1746	1964	41	103	0.663	2.696E-22	34	109	133	1746	1964	219	1689	2006
306254455	1	248	7.956E-64	2	1272	2201	33	213	0.981	1.328E-60	8	109	219	1272	1577	306	1239	1577
306254455	1	248	7.956E-64	2	1272	2201	44	87	0.755	1.249E-17	163	217	219	2037	2201	165	2010	2204
306263595	1	261	9.711E-68	2	1269	2201	33	207	0.972	2.084E-58	1	100	205	1269	1568	300	1239	1577
306263595	1	261	9.711E-68	2	1269	2201	44	102	0.874	5.258E-23	150	204	205	2037	2201	165	2010	2204
306278891	1	252	4.972E-65	2	1272	2198	33	216	0.992	1.453E-61	8	109	219	1272	1577	306	1239	1577
306278891	1	252	4.972E-65	2	1272	2198	44	88	0.773	6.621E-18	163	216	219	2037	2198	162	2010	2204
306279919	1	251	9.944E-65	2	1272	2195	33	214	0.986	5.145E-61	8	109	220	1272	1577	306	1239	1577
306279919	1	251	9.944E-65	2	1272	2195	44	89	0.798	1.859E-18	163	215	220	2037	2195	159	2010	2204
306282158	1	172	6.011E-41	2	1746	2186	41	101	0.652	1.312E-21	89	164	217	1746	1964	219	1689	2006
306282158	1	172	6.011E-41	2	1746	2186	44	72	0.692	2.195E-12	163	212	217	2037	2186	150	2010	2204
306297257	1	199	4.479E-49	2	1746	2195	41	106	0.679	2.943E-23	16	91	147	1746	1964	219	1689	2006
306297257	1	199	4.479E-49	2	1746	2195	44	94	0.840	2.999E-20	90	142	147	2037	2195	159	2010	2204
306303663	1	236	3.259E-60	2	1272	2189	33	213	0.978	2.498E-60	8	109	215	1272	1577	306	1239	1577
306303663	1	236	3.259E-60	2	1272	2189	44	75	0.703	2.369E-13	163	213	215	2037	2189	153	2010	2204
306304075	1	239	4.073E-61	2	1272	2195	33	207	0.955	2.084E-58	8	109	219	1272	1577	306	1239	1577
306304075	1	239	4.073E-61	2	1272	2195	44	84	0.757	1.154E-16	163	215	219	2037	2195	159	2010	2204
306333690	1	268	7.587E-70	2	1269	2201	33	220	0.998	8.458E-63	1	103	212	1269	1577	309	1239	1577
306333690	1	268	7.587E-70	2	1269	2201	44	100	0.856	3.528E-22	157	211	212	2037	2201	165	2010	2204
306343366	1	216	3.417E-54	1	1266	1574	33	216	0.984	1.453E-61	0	102	103	1266	1574	309	1239	1577
306343784	1	217	1.708E-54	1	1266	1574	33	217	0.989	5.632E-62	0	102	103	1266	1574	309	1239	1577
306412305	1	178	9.392E-43	2	1716	2189	41	101	0.569	9.558E-22	28	117	171	1716	1964	249	1689	2006
306412305	1	178	9.392E-43	2	1716	2189	44	78	0.726	2.560E-14	116	166	171	2037	2189	153	2010	2204
306435362	1	244	1.273E-62	2	1272	2201	33	217	0.997	5.632E-62	8	109	219	1272	1577	306	1239	1577
306435362	1	244	1.273E-62	2	1272	2201	44	79	0.696	5.225E-15	163	217	219	2037	2201	165	2010	2204
306552061	1	240	2.037E-61	4	9109	9874	205	33	0.423	9.628E+01	75	111	264	9109	9225	117	9106	9267
306552061	1	240	2.037E-61	4	9109	9874	210	124	0.690	8.118E-30	112	198	264	9289	9552	264	9283	9585
306552061	1	240	2.037E-61	4	9109	9874	212	36	0.752	1.963E+00	206	227	264	9641	9706	66	9584	9706
306552061	1	240	2.037E-61	4	9109	9874	216	53	0.691	4.549E-06	225	260	264	9767	9874	108	9746	9877
306581786	1	237	1.629E-60	2	1272	2195	33	205	0.948	7.379E-58	8	109	220	1272	1577	306	1239	1577
306581786	1	237	1.629E-60	2	1272	2195	44	84	0.754	1.586E-16	163	215	220	2037	2195	159	2010	2204
306600350	-1	120	2.707E-25	1	1280	1471	1360	120	0.881	6.519E-29	1	64	78	-1471	-1280	192	1495	1280
306602194	1	266	3.035E-69	2	1272	2198	33	219	1.000	1.160E-62	8	109	218	1272	1577	306	1239	1577
306602194	1	266	3.035E-69	2	1272	2198	44	99	0.863	6.655E-22	163	216	218	2037	2198	162	2010	2204
306631306	-1	187	1.834E-45	2	1269	1961	1352	76	0.656	1.028E-13	100	155	283	-1961	-1794	168	1976	1794
306631306	-1	187	1.834E-45	2	1269	1961	1362	117	0.553	2.940E-26	149	256	283	-1592	-1269	324	1664	1212
306633463	1	245	6.364E-63	2	1272	2189	33	215	0.988	3.751E-61	8	109	219	1272	1577	306	1239	1577
306633463	1	245	6.364E-63	2	1272	2189	44	82	0.763	7.764E-16	163	213	219	2037	2189	153	2010	2204
306675735	-1	831	2.513E-239	6	14176	17150	1016	137	0.466	3.044E-32	124	282	905	-17150	-16674	477	17294	16644
306675735	-1	831	2.513E-239	6	14176	17150	1027	183	0.566	9.717E-49	274	440	905	-16624	-16124	501	16624	16067
306675735	-1	831	2.513E-239	6	14176	17150	1031	76	0.558	3.559E-13	440	507	905	-16070	-15867	204	16127	15867
306675735	-1	831	2.513E-239	6	14176	17150	1044	56	0.515	6.444E-07	513	567	905	-15484	-15320	165	15499	15314
306675735	-1	831	2.513E-239	6	14176	17150	1061	274	0.561	3.439E-78	564	817	905	-15268	-14507	762	15283	14378
306675735	-1	831	2.513E-239	6	14176	17150	1065	117	0.654	4.376E-27	817	904	905	-14439	-14176	264	14496	14176
313533341	1	261	9.711E-68	2	1272	2201	33	220	1.000	8.458E-63	8	109	219	1272	1577	306	1239	1577
313533341	1	261	9.711E-68	2	1272	2201	44	93	0.804	7.772E-20	163	217	219	2037	2201	165	2010	2204
314888522	1	166	3.847E-39	2	9286	9877	210	136	0.690	4.460E-34	81	176	235	9286	9576	291	9283	9585
314888522	1	166	3.847E-39	2	9286	9877	216	51	0.711	1.186E-05	199	232	235	9776	9877	102	9746	9877
315911244	1	88	1.163E-15	2	9644	9874	212	36	0.768	3.736E+00	48	68	105	9644	9706	63	9584	9706
315911244	1	88	1.163E-15	2	9644	9874	216	54	0.705	1.745E-06	66	101	105	9767	9874	108	9746	9877
316038466	-1	780	5.659E-224	6	14176	17150	1016	136	0.454	7.781E-32	87	249	874	-17150	-16674	477	17294	16644
316038466	-1	780	5.659E-224	6	14176	17150	1027	175	0.544	9.913E-46	241	407	874	-16624	-16124	501	16624	16067
316038466	-1	780	5.659E-224	6	14176	17150	1031	66	0.510	7.229E-10	407	472	874	-16070	-15873	198	16127	15867
316038466	-1	780	5.659E-224	6	14176	17150	1044	53	0.508	6.010E-06	483	535	874	-15478	-15320	159	15499	15314
316038466	-1	780	5.659E-224	6	14176	17150	1061	258	0.543	2.485E-72	539	786	874	-15241	-14507	735	15283	14378
316038466	-1	780	5.659E-224	6	14176	17150	1065	120	0.604	2.538E-28	774	873	874	-14475	-14176	300	14496	14176
317019225	1	227	1.668E-57	2	1272	2201	33	206	0.950	5.379E-58	8	109	218	1272	1577	306	1239	1577
317019225	1	227	1.668E-57	2	1272	2201	44	73	0.644	1.162E-12	163	217	218	2037	2201	165	2010	2204
317065276	1	70	3.048E-10	1	27069	27323	624	70	0.431	1.277E-10	55	142	143	27069	27323	255	27036	27425
318112117	-1	411	6.804E-113	3	14507	17153	1016	127	0.432	7.544E-29	148	310	936	-17153	-16674	480	17294	16644
318112117	-1	411	6.804E-113	3	14507	17153	1027	158	0.513	7.476E-40	309	470	936	-16603	-16118	486	16624	16067
318112117	-1	411	6.804E-113	3	14507	17153	1061	254	0.533	5.715E-71	599	848	936	-15244	-14507	738	15283	14378
318812698	-1	469	2.361E-130	4	14176	16070	1031	65	0.503	1.873E-09	429	494	896	-16070	-15873	198	16127	15867
318812698	-1	469	2.361E-130	4	14176	16070	1044	48	0.464	5.250E-04	505	557	896	-15478	-15320	159	15499	15314
318812698	-1	469	2.361E-130	4	14176	16070	1061	254	0.517	3.053E-71	548	808	896	-15283	-14507	777	15283	14378
318812698	-1	469	2.361E-130	4	14176	16070	1065	119	0.666	6.557E-28	808	895	896	-14439	-14176	264	14496	14176
319442513	-1	223	2.669E-56	1	14507	15280	1061	223	0.469	1.706E-60	51	309	397	-15280	-14507	774	15283	14378
320118937	1	141	1.291E-31	2	11469	12227	258	38	0.500	1.470E+00	4	34	226	11469	11579	111	11457	11618
320118937	1	141	1.291E-31	2	11469	12227	270	140	0.712	2.587E-35	73	167	226	11940	12227	288	11934	12236
320189614	1	172	6.011E-41	2	9289	9874	210	138	0.701	1.726E-34	77	171	249	9289	9576	288	9283	9585
320189614	1	172	6.011E-41	2	9289	9874	216	55	0.771	9.214E-07	194	226	249	9776	9874	99	9746	9877
320260055	1	207	1.749E-51	3	9289	9874	210	132	0.652	1.988E-32	73	172	234	9289	9585	297	9283	9585
320260055	1	207	1.749E-51	3	9289	9874	212	36	0.737	3.736E+00	166	187	234	9641	9706	66	9584	9706
320260055	1	207	1.749E-51	3	9289	9874	216	52	0.602	6.262E-06	180	220	234	9749	9874	126	9746	9877
320347647	1	183	2.935E-44	2	9286	9706	210	145	0.726	5.807E-37	70	166	214	9286	9576	291	9283	9585
320347647	1	183	2.935E-44	2	9286	9706	212	37	0.768	1.032E+00	167	188	214	9641	9706	66	9584	9706
320467839	1	187	1.834E-45	2	9286	9706	210	150	0.748	9.505E-39	72	168	207	9286	9576	291	9283	9585
320467839	1	187	1.834E-45	2	9286	9706	212	36	0.744	2.708E+00	169	190	207	9641	9706	66	9584	9706
320495325	1	167	1.924E-39	3	11517	12357	258	40	0.859	2.143E-01	9	29	219	11517	11579	63	11457	11618
320495325	1	167	1.924E-39	3	11517	12357	270	135	0.660	1.581E-33	68	168	219	11940	12236	297	11934	12236
320495325	1	167	1.924E-39	3	11517	12357	272	35	0.729	5.155E+00	162	183	219	12292	12357	66	12235	12357
320497047	1	164	1.539E-38	2	9289	9877	210	128	0.643	3.429E-31	74	172	234	9289	9585	297	9283	9585
320497047	1	164	1.539E-38	2	9289	9877	216	50	0.691	4.261E-05	188	221	234	9776	9877	102	9746	9877
320552792	1	166	3.847E-39	2	9286	9877	210	136	0.688	6.120E-34	80	175	234	9286	9576	291	9283	9585
320552792	1	166	3.847E-39	2	9286	9877	216	51	0.711	1.186E-05	198	231	234	9776	9877	102	9746	9877
320614262	-1	52	7.990E-05	1	1410	1592	1362	52	0.445	5.882E-04	1	61	62	-1592	-1410	183	1664	1212
320639067	1	165	7.694E-39	2	9289	12525	210	133	0.680	7.693E-33	76	170	257	9289	9576	288	9283	9585
320639067	1	165	7.694E-39	2	9289	12525	275	53	0.745	4.549E-06	193	225	257	12427	12525	99	12397	12528
320689605	1	253	2.486E-65	2	1272	2195	33	220	1.000	8.458E-63	14	115	225	1272	1577	306	1239	1577
320689605	1	253	2.486E-65	2	1272	2195	44	85	0.760	8.401E-17	169	221	225	2037	2195	159	2010	2204
320699094	1	232	5.214E-59	2	1272	2186	33	211	0.971	8.842E-60	8	109	215	1272	1577	306	1239	1577
320699094	1	232	5.214E-59	2	1272	2186	44	73	0.702	8.453E-13	163	212	215	2037	2186	150	2010	2204
320722461	1	241	1.018E-61	2	1272	2186	33	217	0.997	5.632E-62	8	109	219	1272	1577	306	1239	1577
320722461	1	241	1.018E-61	2	1272	2186	44	76	0.725	9.129E-14	163	212	219	2037	2186	150	2010	2204
320839949	-1	64	1.951E-08	1	15867	16070	1031	64	0.487	3.535E-09	9	76	127	-16070	-15867	204	16127	15867
320897043	-1	253	2.486E-65	2	14513	16600	1027	171	0.557	1.230E-44	165	323	787	-16600	-16130	471	16624	16067
320897043	-1	253	2.486E-65	2	14513	16600	1061	220	0.492	2.084E-59	463	697	787	-15232	-14513	720	15283	14378
320901049	1	173	3.006E-41	2	1746	2195	41	102	0.657	6.966E-22	89	164	220	1746	1964	219	1689	2006
320901049	1	173	3.006E-41	2	1746	2195	44	72	0.661	1.597E-12	163	215	220	2037	2195	159	2010	2204
320907121	1	199	4.479E-49	2	1746	2195	41	106	0.681	2.144E-23	16	91	147	1746	1964	219	1689	2006
320907121	1	199	4.479E-49	2	1746	2195	44	94	0.840	2.999E-20	90	142	147	2037	2195	159	2010	2204
320923889	-1	778	2.263E-223	6	14176	17150	1016	132	0.451	2.426E-30	72	227	852	-17150	-16674	477	17294	16644
320923889	-1	778	2.263E-223	6	14176	17150	1027	186	0.567	1.072E-49	219	387	852	-16624	-16118	507	16624	16067
320923889	-1	778	2.263E-223	6	14176	17150	1031	64	0.487	3.535E-09	385	452	852	-16070	-15867	204	16127	15867
320923889	-1	778	2.263E-223	6	14176	17150	1044	53	0.501	1.138E-05	461	513	852	-15478	-15320	159	15499	15314
320923889	-1	778	2.263E-223	6	14176	17150	1061	253	0.536	7.820E-71	517	764	852	-15241	-14507	735	15283	14378
320923889	-1	778	2.263E-223	6	14176	17150	1065	118	0.595	1.234E-27	752	851	852	-14475	-14176	300	14496	14176
320989858	1	240	2.037E-61	2	1272	2195	33	217	0.997	5.632E-62	8	109	221	1272	1577	306	1239	1577
320989858	1	240	2.037E-61	2	1272	2195	44	75	0.680	2.369E-13	163	215	221	2037	2195	159	2010	2204
320999286	1	218	8.542E-55	1	1266	1574	33	218	0.990	4.106E-62	0	102	103	1266	1574	309	1239	1577
321063721	1	215	6.834E-54	1	1272	1577	33	215	0.989	2.734E-61	8	109	178	1272	1577	306	1239	1577
321081235	-1	813	6.587E-234	6	14176	17150	1016	153	0.503	1.104E-37	75	234	857	-17150	-16668	483	17294	16644
321081235	-1	813	6.587E-234	6	14176	17150	1027	179	0.560	3.104E-47	224	388	857	-16624	-16130	495	16624	16067
321081235	-1	813	6.587E-234	6	14176	17150	1031	63	0.477	1.258E-08	390	457	857	-16070	-15867	204	16127	15867
321081235	-1	813	6.587E-234	6	14176	17150	1044	59	0.553	6.918E-08	466	518	857	-15478	-15320	159	15499	15314
321081235	-1	813	6.587E-234	6	14176	17150	1061	259	0.524	9.697E-73	509	769	857	-15283	-14507	777	15283	14378
321081235	-1	813	6.587E-234	6	14176	17150	1065	122	0.681	5.219E-29	769	856	857	-14439	-14176	264	14496	14176
321128187	1	216	3.417E-54	1	1266	1574	33	216	0.985	1.060E-61	0	102	103	1266	1574	309	1239	1577
321129249	-1	611	4.234E-173	5	14176	17183	1016	113	0.379	4.153E-24	97	269	887	-17183	-16674	510	17294	16644
321129249	-1	611	4.234E-173	5	14176	17183	1027	171	0.552	2.309E-44	268	424	887	-16603	-16124	480	16624	16067
321129249	-1	611	4.234E-173	5	14176	17183	1031	64	0.498	3.535E-09	424	489	887	-16070	-15873	198	16127	15867
321129249	-1	611	4.234E-173	5	14176	17183	1061	222	0.486	4.362E-60	555	799	887	-15244	-14507	738	15283	14378
321129249	-1	611	4.234E-173	5	14176	17183	1065	116	0.587	6.004E-27	787	886	887	-14475	-14176	300	14496	14176
321137204	1	277	1.482E-72	2	1272	2198	33	223	1.000	6.751E-64	8	109	219	1272	1577	306	1239	1577
321137204	1	277	1.482E-72	2	1272	2198	44	106	0.920	2.204E-24	163	216	219	2037	2198	162	2010	2204
321140155	1	260	1.942E-67	2	1272	2201	33	219	1.000	1.591E-62	8	109	219	1272	1577	306	1239	1577
321140155	1	260	1.942E-67	2	1272	2201	44	93	0.797	1.466E-19	163	217	219	2037	2201	165	2010	2204
321185314	1	217	1.708E-54	1	1266	1574	33	217	0.987	7.725E-62	0	102	103	1266	1574	309	1239	1577
326953876	1	104	1.774E-20	1	1746	1964	41	104	0.670	1.043E-22	3	78	83	1746	1964	219	1689	2006
326972184	1	248	7.956E-64	2	1272	2195	33	213	0.981	1.328E-60	8	109	219	1272	1577	306	1239	1577
326972184	1	248	7.956E-64	2	1272	2195	44	87	0.779	1.249E-17	163	215	219	2037	2195	159	2010	2204
327867926	-1	498	4.397E-139	4	14176	17156	1016	120	0.410	2.838E-26	99	262	880	-17156	-16674	483	17294	16644
327867926	-1	498	4.397E-139	4	14176	17156	1027	165	0.531	2.593E-42	259	417	880	-16609	-16124	486	16624	16067
327867926	-1	498	4.397E-139	4	14176	17156	1061	235	0.508	1.424E-64	547	792	880	-15244	-14507	738	15283	14378
327867926	-1	498	4.397E-139	4	14176	17156	1065	120	0.602	3.483E-28	780	879	880	-14475	-14176	300	14496	14176
329304311	1	256	3.108E-66	2	1272	2195	33	215	0.988	3.751E-61	8	109	221	1272	1577	306	1239	1577
329304311	1	256	3.108E-66	2	1272	2195	44	93	0.830	7.772E-20	163	215	221	2037	2195	159	2010	2204
329306975	-1	371	7.481E-101	3	14513	16624	1027	152	0.489	6.111E-38	280	445	906	-16624	-16130	495	16624	16067
329306975	-1	371	7.481E-101	3	14513	16624	1044	48	0.448	7.226E-04	521	575	906	-15484	-15320	165	15499	15314
329306975	-1	371	7.481E-101	3	14513	16624	1061	254	0.524	4.177E-71	566	816	906	-15280	-14513	768	15283	14378
330205205	1	220	2.136E-55	1	1272	1577	33	220	1.000	4.495E-63	8	109	167	1272	1577	306	1239	1577
330893593	1	249	3.978E-64	2	1272	2180	33	213	0.981	1.328E-60	8	109	219	1272	1577	306	1239	1577
330893593	1	249	3.978E-64	2	1272	2180	44	88	0.857	6.621E-18	163	210	219	2037	2180	144	2010	2204
330936163	1	234	1.303E-59	3	9289	9874	210	145	0.732	5.807E-37	84	178	237	9289	9576	288	9283	9585
330936163	1	234	1.303E-59	3	9289	9874	212	37	0.768	1.032E+00	179	200	237	9641	9706	66	9584	9706
330936163	1	234	1.303E-59	3	9289	9874	216	50	0.709	4.261E-05	201	233	237	9776	9874	99	9746	9877
330976343	1	247	1.591E-63	2	1272	2180	33	213	0.981	1.328E-60	8	109	219	1272	1577	306	1239	1577
330976343	1	247	1.591E-63	2	1272	2180	44	86	0.843	2.358E-17	163	210	219	2037	2180	144	2010	2204
331599767	-1	492	2.814E-137	4	14176	17213	1016	113	0.365	4.153E-24	95	277	900	-17213	-16674	540	17294	16644
331599767	-1	492	2.814E-137	4	14176	17213	1027	170	0.538	3.163E-44	269	430	900	-16624	-16130	495	16624	16067
331599767	-1	492	2.814E-137	4	14176	17213	1061	233	0.494	6.814E-64	560	812	900	-15247	-14507	741	15283	14378
331599767	-1	492	2.814E-137	4	14176	17213	1065	123	0.615	2.772E-29	800	899	900	-14475	-14176	300	14496	14176
331692301	1	217	1.708E-54	1	1272	1577	33	217	0.996	7.725E-62	8	109	112	1272	1577	306	1239	1577
331823398	1	257	1.554E-66	2	1272	2180	33	217	0.996	7.725E-62	8	109	218	1272	1577	306	1239	1577
331823398	1	257	1.554E-66	2	1272	2180	44	92	0.892	2.767E-19	163	210	218	2037	2180	144	2010	2204
332072767	1	249	3.978E-64	2	1272	2201	33	213	0.981	1.328E-60	8	109	219	1272	1577	306	1239	1577
332072767	1	249	3.978E-64	2	1272	2201	44	88	0.764	4.819E-18	163	217	219	2037	2201	165	2010	2204
332426803	-1	392	3.567E-107	3	14507	16603	1027	178	0.577	7.985E-47	241	398	862	-16603	-16130	474	16624	16067
332426803	-1	392	3.567E-107	3	14507	16603	1031	61	0.470	3.262E-08	400	467	862	-16070	-15867	204	16127	15867
332426803	-1	392	3.567E-107	3	14507	16603	1061	203	0.438	1.433E-53	520	774	862	-15280	-14507	774	15283	14378
332683617	1	260	1.942E-67	2	1272	2201	33	213	0.981	1.328E-60	8	109	209	1272	1577	306	1239	1577
332683617	1	260	1.942E-67	2	1272	2201	44	89	0.767	3.508E-18	153	207	209	2037	2201	165	2010	2204
332985415	1	244	1.273E-62	2	1272	2180	33	213	0.981	1.328E-60	8	109	219	1272	1577	306	1239	1577
332985415	1	244	1.273E-62	2	1272	2180	44	83	0.815	2.993E-16	163	210	219	2037	2180	144	2010	2204
333023319	1	249	3.978E-64	2	1272	2180	33	218	1.000	2.183E-62	38	139	247	1272	1577	306	1239	1577
333023319	1	249	3.978E-64	2	1272	2180	44	83	0.818	2.179E-16	193	240	247	2037	2180	144	2010	2204
333060159	1	248	7.956E-64	2	1272	2195	33	218	1.000	2.183E-62	8	109	218	1272	1577	306	1239	1577
333060159	1	248	7.956E-64	2	1272	2195	44	82	0.741	5.651E-16	163	215	218	2037	2195	159	2010	2204
334889214	1	232	5.214E-59	3	9286	9874	210	145	0.726	5.807E-37	70	166	225	9286	9576	291	9283	9585
334889214	1	232	5.214E-59	3	9286	9874	212	37	0.768	1.032E+00	167	188	225	9641	9706	66	9584	9706
334889214	1	232	5.214E-59	3	9286	9874	216	54	0.663	1.268E-06	183	221	225	9758	9874	117	9746	9877
334986280	1	213	2.733E-53	3	9289	9874	210	133	0.657	7.693E-33	73	172	234	9289	9585	297	9283	9585
334986280	1	213	2.733E-53	3	9289	9874	212	34	0.705	1.355E+01	166	187	234	9641	9706	66	9584	9706
334986280	1	213	2.733E-53	3	9289	9874	216	51	0.724	1.633E-05	188	220	234	9776	9874	99	9746	9877
335237715	1	254	1.243E-65	2	1272	2201	33	216	0.994	1.060E-61	8	109	220	1272	1577	306	1239	1577
335237715	1	254	1.243E-65	2	1272	2201	44	90	0.779	9.851E-19	163	217	220	2037	2201	165	2010	2204
335270347	1	239	4.073E-61	2	1272	2198	33	218	1.000	2.994E-62	8	109	219	1272	1577	306	1239	1577
335270347	1	239	4.073E-61	2	1272	2198	44	73	0.654	1.162E-12	163	216	219	2037	2198	162	2010	2204
335302142	1	218	8.542E-55	1	1266	1574	33	218	0.992	2.994E-62	0	102	103	1266	1574	309	1239	1577
335326200	-1	536	1.600E-150	4	14507	17108	1016	119	0.446	3.876E-26	62	207	829	-17108	-16674	435	17294	16644
335326200	-1	536	1.600E-150	4	14507	17108	1027	199	0.634	3.275E-54	206	363	829	-16603	-16130	474	16624	16067
335326200	-1	536	1.600E-150	4	14507	17108	1031	63	0.482	6.670E-09	365	432	829	-16070	-15867	204	16127	15867
335326200	-1	536	1.600E-150	4	14507	17108	1061	220	0.485	2.850E-59	500	741	829	-15238	-14507	732	15283	14378
335382158	-1	65	9.753E-09	1	15876	16070	1031	65	0.509	1.873E-09	9	73	118	-16070	-15876	195	16127	15867
335402870	1	248	7.956E-64	3	11940	12528	270	157	0.786	3.201E-41	70	164	224	11940	12227	288	11934	12236
335402870	1	248	7.956E-64	3	11940	12528	272	35	0.729	5.155E+00	165	186	224	12292	12357	66	12235	12357
335402870	1	248	7.956E-64	3	11940	12528	275	54	0.741	1.745E-06	187	220	224	12427	12528	102	12397	12528
335459406	-1	379	2.922E-103	3	15867	17150	1016	134	0.456	5.081E-31	72	227	484	-17150	-16674	477	17294	16644
335459406	-1	379	2.922E-103	3	15867	17150	1027	186	0.578	1.072E-49	219	383	484	-16624	-16130	495	16624	16067
335459406	-1	379	2.922E-103	3	15867	17150	1031	66	0.497	9.930E-10	385	452	484	-16070	-15867	204	16127	15867
335461551	1	248	7.956E-64	2	1272	2201	33	213	0.981	1.328E-60	8	109	219	1272	1577	306	1239	1577
335461551	1	248	7.956E-64	2	1272	2201	44	87	0.755	1.249E-17	163	217	219	2037	2201	165	2010	2204
335480266	-1	355	4.903E-96	3	14507	17147	1016	91	0.393	2.702E-16	70	199	822	-17147	-16758	390	17294	16644
335480266	-1	355	4.903E-96	3	14507	17147	1027	194	0.621	1.436E-52	198	355	822	-16603	-16130	474	16624	16067
335480266	-1	355	4.903E-96	3	14507	17147	1061	208	0.468	2.469E-55	494	734	822	-15232	-14507	726	15283	14378
335553818	1	253	2.486E-65	2	1272	2201	33	217	0.996	7.725E-62	8	109	219	1272	1577	306	1239	1577
335553818	1	253	2.486E-65	2	1272	2201	44	88	0.764	4.819E-18	163	217	219	2037	2201	165	2010	2204
335556061	-1	782	1.415E-224	6	14176	17150	1016	150	0.485	1.355E-36	34	198	821	-17150	-16668	483	17294	16644
335556061	-1	782	1.415E-224	6	14176	17150	1027	170	0.538	3.163E-44	188	352	821	-16624	-16130	495	16624	16067
335556061	-1	782	1.415E-224	6	14176	17150	1031	67	0.504	3.832E-10	354	421	821	-16070	-15867	204	16127	15867
335556061	-1	782	1.415E-224	6	14176	17150	1044	49	0.477	1.463E-04	430	482	821	-15478	-15320	159	15499	15314
335556061	-1	782	1.415E-224	6	14176	17150	1061	256	0.541	6.365E-72	486	733	821	-15241	-14507	735	15283	14378
335556061	-1	782	1.415E-224	6	14176	17150	1065	117	0.590	3.189E-27	721	820	821	-14475	-14176	300	14496	14176
335605277	1	117	2.166E-24	1	1746	1982	41	117	0.694	4.180E-27	28	109	141	1746	1982	237	1689	2006
335655432	1	213	2.733E-53	1	1266	1574	33	213	0.971	1.821E-60	0	102	103	1266	1574	309	1239	1577
335669239	1	233	2.607E-59	3	9286	9874	210	146	0.733	1.638E-37	68	163	225	9286	9576	291	9283	9585
335669239	1	233	2.607E-59	3	9286	9874	212	34	0.726	1.870E+01	165	185	225	9644	9706	63	9584	9706
335669239	1	233	2.607E-59	3	9286	9874	216	51	0.724	1.633E-05	186	218	225	9776	9874	99	9746	9877
335758749	-1	794	3.454E-228	6	14176	17150	1016	136	0.453	1.064E-31	67	229	854	-17150	-16674	477	17294	16644
335758749	-1	794	3.454E-228	6	14176	17150	1027	175	0.550	7.235E-46	221	385	854	-16624	-16130	495	16624	16067
335758749	-1	794	3.454E-228	6	14176	17150	1031	68	0.514	1.077E-10	387	454	854	-16070	-15867	204	16127	15867
335758749	-1	794	3.454E-228	6	14176	17150	1044	46	0.451	1.885E-03	463	515	854	-15478	-15320	159	15499	15314
335758749	-1	794	3.454E-228	6	14176	17150	1061	263	0.553	3.078E-74	519	766	854	-15241	-14507	735	15283	14378
335758749	-1	794	3.454E-228	6	14176	17150	1065	119	0.668	4.779E-28	766	853	854	-14439	-14176	264	14496	14176
342080778	1	202	5.598E-50	2	1746	2195	41	110	0.703	9.060E-25	89	164	220	1746	1964	219	1689	2006
342080778	1	202	5.598E-50	2	1746	2195	44	93	0.824	1.466E-19	163	215	220	2037	2195	159	2010	2204
342371948	1	265	6.070E-69	2	1272	2201	33	220	1.000	4.495E-63	8	109	218	1272	1577	306	1239	1577
342371948	1	265	6.070E-69	2	1272	2201	44	97	0.834	3.252E-21	163	217	218	2037	2201	165	2010	2204
344062109	-1	397	1.115E-108	3	14176	16624	1027	179	0.561	2.266E-47	212	376	837	-16624	-16130	495	16624	16067
344062109	-1	397	1.115E-108	3	14176	16624	1061	234	0.508	3.643E-64	510	749	837	-15241	-14507	735	15283	14378
344062109	-1	397	1.115E-108	3	14176	16624	1065	116	0.650	8.239E-27	749	836	837	-14439	-14176	264	14496	14176
344943040	1	241	1.018E-61	2	1272	2201	33	219	1.000	1.160E-62	8	109	219	1272	1577	306	1239	1577
344943040	1	241	1.018E-61	2	1272	2201	44	74	0.650	6.151E-13	163	217	219	2037	2201	165	2010	2204
345005152	1	243	2.546E-62	2	1272	2201	33	214	0.984	7.056E-61	8	109	221	1272	1577	306	1239	1577
345005152	1	243	2.546E-62	2	1272	2201	44	81	0.705	2.014E-15	163	217	221	2037	2201	165	2010	2204
345571077	1	247	1.591E-63	2	1272	2201	33	213	0.981	1.328E-60	8	109	219	1272	1577	306	1239	1577
345571077	1	247	1.591E-63	2	1272	2201	44	86	0.748	2.358E-17	163	217	219	2037	2201	165	2010	2204
346433239	-1	996	5.373E-289	6	14176	17183	1016	192	0.579	3.497E-51	89	257	883	-17183	-16674	510	17294	16644
346433239	-1	996	5.373E-289	6	14176	17183	1027	203	0.586	1.921E-55	249	425	883	-16624	-16097	528	16624	16067
346433239	-1	996	5.373E-289	6	14176	17183	1031	87	0.633	2.623E-17	417	484	883	-16070	-15867	204	16127	15867
346433239	-1	996	5.373E-289	6	14176	17183	1044	72	0.638	1.892E-12	491	545	883	-15484	-15320	165	15499	15314
346433239	-1	996	5.373E-289	6	14176	17183	1061	325	0.659	8.661E-96	548	795	883	-15244	-14507	738	15283	14378
346433239	-1	996	5.373E-289	6	14176	17183	1065	136	0.749	5.915E-34	795	882	883	-14439	-14176	264	14496	14176
346746465	-1	467	9.443E-130	4	14176	17159	1016	106	0.373	1.531E-21	190	354	972	-17159	-16674	486	17294	16644
346746465	-1	467	9.443E-130	4	14176	17159	1027	166	0.531	1.382E-42	350	509	972	-16612	-16124	489	16624	16067
346746465	-1	467	9.443E-130	4	14176	17159	1061	219	0.481	3.897E-59	639	884	972	-15244	-14507	738	15283	14378
346746465	-1	467	9.443E-130	4	14176	17159	1065	119	0.599	6.557E-28	872	971	972	-14475	-14176	300	14496	14176
347201996	1	231	1.043E-58	3	9286	9877	210	142	0.714	5.318E-36	76	171	232	9286	9576	291	9283	9585
347201996	1	231	1.043E-58	3	9286	9877	212	34	0.735	1.355E+01	173	193	232	9644	9706	63	9584	9706
347201996	1	231	1.043E-58	3	9286	9877	216	53	0.731	3.305E-06	194	227	232	9776	9877	102	9746	9877
347684635	1	249	3.978E-64	2	1272	2195	33	215	0.988	3.751E-61	8	109	218	1272	1577	306	1239	1577
347684635	1	249	3.978E-64	2	1272	2195	44	86	0.773	2.358E-17	163	215	218	2037	2195	159	2010	2204
348411039	1	244	1.273E-62	2	1272	2201	33	217	0.997	5.632E-62	8	109	219	1272	1577	306	1239	1577
348411039	1	244	1.273E-62	2	1272	2201	44	79	0.690	9.866E-15	163	217	219	2037	2201	165	2010	2204
349006402	-1	360	1.532E-97	3	14507	16603	1027	162	0.534	2.347E-41	222	379	843	-16603	-16130	474	16624	16067
349006402	-1	360	1.532E-97	3	14507	16603	1031	63	0.477	1.258E-08	381	448	843	-16070	-15867	204	16127	15867
349006402	-1	360	1.532E-97	3	14507	16603	1061	201	0.455	9.331E-53	517	755	843	-15232	-14507	726	15283	14378
349274811	1	181	1.174E-43	4	8874	12528	198	33	0.656	4.420E+01	15	37	232	8874	8942	69	8820	8954
349274811	1	181	1.174E-43	4	8874	12528	258	33	0.977	5.055E+01	23	37	232	11535	11579	45	11457	11618
349274811	1	181	1.174E-43	4	8874	12528	270	140	0.705	2.587E-35	78	173	232	11937	12227	291	11934	12236
349274811	1	181	1.174E-43	4	8874	12528	275	48	0.666	2.108E-04	196	229	232	12427	12528	102	12397	12528
349357505	1	160	2.462E-37	2	9289	12525	210	130	0.668	7.047E-32	78	172	250	9289	9576	288	9283	9585
349357505	1	160	2.462E-37	2	9289	12525	275	51	0.724	1.633E-05	195	227	250	12427	12525	99	12397	12528
349557821	1	160	2.462E-37	2	9289	9706	210	134	0.655	4.086E-33	49	149	201	9289	9585	297	9283	9585
349557821	1	160	2.462E-37	2	9289	9706	212	32	0.658	9.388E+01	143	164	201	9641	9706	66	9584	9706
349708029	1	175	7.514E-42	2	9289	9874	210	143	0.725	2.058E-36	74	168	232	9289	9576	288	9283	9585
349708029	1	175	7.514E-42	2	9289	9874	216	53	0.755	2.402E-06	191	223	232	9776	9874	99	9746	9877
349722817	1	166	3.847E-39	2	9286	12528	210	133	0.652	7.693E-33	73	173	238	9286	9585	300	9283	9585
349722817	1	166	3.847E-39	2	9286	12528	275	49	0.686	5.866E-05	191	224	238	12427	12528	102	12397	12528
349772775	1	260	1.942E-67	2	1272	2201	33	217	0.997	5.632E-62	8	109	219	1272	1577	306	1239	1577
349772775	1	260	1.942E-67	2	1272	2201	44	95	0.819	1.590E-20	163	217	219	2037	2201	165	2010	2204
349775101	1	233	2.607E-59	2	1272	2180	33	206	0.950	5.379E-58	8	109	219	1272	1577	306	1239	1577
349775101	1	233	2.607E-59	2	1272	2180	44	79	0.780	7.180E-15	163	210	219	2037	2180	144	2010	2204
349783853	1	230	2.085E-58	3	9289	9874	210	144	0.729	1.093E-36	68	162	224	9289	9576	288	9283	9585
349783853	1	230	2.085E-58	3	9289	9874	212	34	0.726	1.870E+01	164	184	224	9644	9706	63	9584	9706
349783853	1	230	2.085E-58	3	9289	9874	216	50	0.709	4.261E-05	185	217	224	9776	9874	99	9746	9877
349831924	1	79	5.953E-13	1	2037	2162	44	79	0.873	9.866E-15	10	51	52	2037	2162	126	2010	2204
349877281	1	249	3.978E-64	2	1272	2195	33	213	0.981	1.328E-60	8	109	219	1272	1577	306	1239	1577
349877281	1	249	3.978E-64	2	1272	2195	44	88	0.786	6.621E-18	163	215	219	2037	2195	159	2010	2204
349897795	1	178	9.392E-43	2	1809	2195	41	100	0.817	2.470E-21	0	57	106	1809	1982	174	1689	2006
349897795	1	178	9.392E-43	2	1809	2195	44	85	0.763	6.115E-17	50	102	106	2037	2195	159	2010	2204
349924432	1	248	7.956E-64	2	1272	2195	33	216	0.992	1.453E-61	8	109	219	1272	1577	306	1239	1577
349924432	1	248	7.956E-64	2	1272	2195	44	84	0.757	1.154E-16	163	215	219	2037	2195	159	2010	2204
349957598	1	251	9.944E-65	2	1269	2180	33	215	0.979	3.751E-61	17	119	229	1269	1577	309	1239	1577
349957598	1	251	9.944E-65	2	1269	2180	44	88	0.861	4.819E-18	173	220	229	2037	2180	144	2010	2204
350075117	1	250	1.989E-64	2	1272	2201	33	216	0.994	1.060E-61	8	109	219	1272	1577	306	1239	1577
350075117	1	250	1.989E-64	2	1272	2201	44	86	0.745	3.240E-17	163	217	219	2037	2201	165	2010	2204
350089584	1	207	1.749E-51	1	1272	1577	33	207	0.956	1.520E-58	8	109	125	1272	1577	306	1239	1577
350090051	1	238	8.146E-61	2	1272	2180	33	219	1.000	1.160E-62	8	109	219	1272	1577	306	1239	1577
350090051	1	238	8.146E-61	2	1272	2180	44	71	0.706	5.698E-12	163	210	219	2037	2180	144	2010	2204
350212367	-1	591	4.440E-167	5	14176	17156	1016	100	0.358	2.195E-19	43	206	825	-17156	-16674	483	17294	16644
350212367	-1	591	4.440E-167	5	14176	17156	1027	164	0.534	4.867E-42	205	361	825	-16603	-16124	480	16624	16067
350212367	-1	591	4.440E-167	5	14176	17156	1031	59	0.468	3.011E-07	361	425	825	-16070	-15876	195	16127	15867
350212367	-1	591	4.440E-167	5	14176	17156	1061	222	0.480	4.362E-60	490	737	825	-15256	-14507	750	15283	14378
350212367	-1	591	4.440E-167	5	14176	17156	1065	120	0.602	3.483E-28	725	824	825	-14475	-14176	300	14496	14176
350269782	1	179	4.696E-43	2	1746	2186	41	103	0.663	2.696E-22	89	164	215	1746	1964	219	1689	2006
350269782	1	179	4.696E-43	2	1746	2186	44	77	0.732	4.834E-14	163	212	215	2037	2186	150	2010	2204
350301009	-1	832	1.256E-239	6	14176	17150	1016	138	0.469	1.191E-32	124	282	905	-17150	-16674	477	17294	16644
350301009	-1	832	1.256E-239	6	14176	17150	1027	183	0.566	9.717E-49	274	440	905	-16624	-16124	501	16624	16067
350301009	-1	832	1.256E-239	6	14176	17150	1031	76	0.558	3.559E-13	440	507	905	-16070	-15867	204	16127	15867
350301009	-1	832	1.256E-239	6	14176	17150	1044	56	0.515	6.444E-07	513	567	905	-15484	-15320	165	15499	15314
350301009	-1	832	1.256E-239	6	14176	17150	1061	274	0.561	3.439E-78	564	817	905	-15268	-14507	762	15283	14378
350301009	-1	832	1.256E-239	6	14176	17150	1065	117	0.654	4.376E-27	817	904	905	-14439	-14176	264	14496	14176
355740886	1	77	2.381E-12	1	27069	27389	624	77	0.393	6.071E-13	59	168	214	27069	27389	321	27036	27425
356447499	-1	425	4.153E-117	4	15320	17150	1016	143	0.471	3.806E-34	83	245	533	-17150	-16674	477	17294	16644
356447499	-1	425	4.153E-117	4	15320	17150	1027	183	0.564	1.824E-48	237	403	533	-16624	-16124	501	16624	16067
356447499	-1	425	4.153E-117	4	15320	17150	1031	61	0.465	6.155E-08	403	470	533	-16070	-15867	204	16127	15867
356447499	-1	425	4.153E-117	4	15320	17150	1044	52	0.499	1.565E-05	479	531	533	-15478	-15320	159	15499	15314
356875581	1	252	4.972E-65	2	1272	2201	33	216	0.994	1.060E-61	8	109	219	1272	1577	306	1239	1577
356875581	1	252	4.972E-65	2	1272	2201	44	88	0.761	6.621E-18	163	217	219	2037	2201	165	2010	2204
356941440	1	242	5.092E-62	2	1272	2189	33	215	0.988	3.751E-61	8	109	219	1272	1577	306	1239	1577
356941440	1	242	5.092E-62	2	1272	2189	44	79	0.743	5.225E-15	163	213	219	2037	2189	153	2010	2204
357128231	1	248	7.956E-64	2	1272	2180	33	213	0.981	1.328E-60	8	109	219	1272	1577	306	1239	1577
357128231	1	248	7.956E-64	2	1272	2180	44	87	0.846	1.717E-17	163	210	219	2037	2180	144	2010	2204
357154579	1	253	2.486E-65	2	1272	2201	33	219	1.000	1.591E-62	8	109	219	1272	1577	306	1239	1577
357154579	1	253	2.486E-65	2	1272	2201	44	86	0.748	2.358E-17	163	217	219	2037	2201	165	2010	2204
358163838	1	268	7.587E-70	2	1272	2201	33	218	1.000	2.183E-62	8	109	218	1272	1577	306	1239	1577
358163838	1	268	7.587E-70	2	1272	2201	44	102	0.871	7.221E-23	163	217	218	2037	2201	165	2010	2204
358516658	-1	527	8.190E-148	4	14507	17204	1016	128	0.404	5.520E-29	87	265	887	-17204	-16674	531	17294	16644
358516658	-1	527	8.190E-148	4	14507	17204	1027	171	0.535	1.685E-44	257	423	887	-16624	-16130	495	16624	16067
358516658	-1	527	8.190E-148	4	14507	17204	1031	65	0.516	1.873E-09	426	489	887	-16067	-15876	192	16127	15867
358516658	-1	527	8.190E-148	4	14507	17204	1061	241	0.520	1.297E-66	561	799	887	-15241	-14507	735	15283	14378
358675112	-1	760	5.933E-218	6	14176	17150	1016	145	0.488	7.953E-35	107	263	888	-17150	-16677	474	17294	16644
358675112	-1	760	5.933E-218	6	14176	17150	1027	169	0.563	5.937E-44	266	419	888	-16594	-16130	465	16624	16067
358675112	-1	760	5.933E-218	6	14176	17150	1031	61	0.481	6.155E-08	422	486	888	-16067	-15873	195	16127	15867
358675112	-1	760	5.933E-218	6	14176	17150	1044	47	0.454	1.369E-03	497	549	888	-15478	-15320	159	15499	15314
358675112	-1	760	5.933E-218	6	14176	17150	1061	248	0.507	4.604E-69	540	800	888	-15283	-14507	777	15283	14378
358675112	-1	760	5.933E-218	6	14176	17150	1065	119	0.597	8.997E-28	788	887	888	-14475	-14176	300	14496	14176
360946966	-1	419	2.658E-115	3	14507	17111	1016	135	0.489	1.455E-31	136	282	904	-17111	-16674	438	17294	16644
360946966	-1	419	2.658E-115	3	14507	17111	1027	196	0.603	4.073E-53	274	438	904	-16624	-16130	495	16624	16067
360946966	-1	419	2.658E-115	3	14507	17111	1061	233	0.510	6.814E-64	577	816	904	-15232	-14507	726	15283	14378
361857303	1	269	3.793E-70	2	1272	2201	33	219	1.000	1.160E-62	23	124	233	1272	1577	306	1239	1577
361857303	1	269	3.793E-70	2	1272	2201	44	102	0.868	9.917E-23	178	232	233	2037	2201	165	2010	2204
362382482	1	178	9.392E-43	2	9286	9877	210	149	0.747	1.304E-38	73	168	227	9286	9576	291	9283	9585
362382482	1	178	9.392E-43	2	9286	9877	216	50	0.691	4.261E-05	191	224	227	9776	9877	102	9746	9877
362859062	1	248	7.956E-64	2	1272	2201	33	213	0.981	1.328E-60	8	109	219	1272	1577	306	1239	1577
362859062	1	248	7.956E-64	2	1272	2201	44	87	0.755	1.249E-17	163	217	219	2037	2201	165	2010	2204
363085344	-1	367	1.197E-99	3	14513	17150	1016	114	0.400	3.042E-24	171	331	951	-17150	-16668	483	17294	16644
363085344	-1	367	1.197E-99	3	14513	17150	1027	164	0.499	6.667E-42	321	494	951	-16624	-16109	516	16624	16067
363085344	-1	367	1.197E-99	3	14513	17150	1061	229	0.505	1.141E-62	626	861	951	-15238	-14513	726	15283	14378
363128576	1	247	1.591E-63	2	1272	2201	33	213	0.981	1.328E-60	8	109	219	1272	1577	306	1239	1577
363128576	1	247	1.591E-63	2	1272	2201	44	86	0.745	3.240E-17	163	217	219	2037	2201	165	2010	2204
363810379	1	165	7.694E-39	2	9289	12525	210	131	0.673	2.727E-32	76	170	248	9289	9576	288	9283	9585
363810379	1	165	7.694E-39	2	9289	12525	275	55	0.776	6.696E-07	193	225	248	12427	12525	99	12397	12528
363851692	1	170	2.404E-40	2	9289	12528	210	141	0.715	1.374E-35	76	170	229	9289	9576	288	9283	9585
363851692	1	170	2.404E-40	2	9289	12528	275	50	0.696	3.095E-05	193	226	229	12427	12528	102	12397	12528
363906908	1	161	1.231E-37	2	9289	9874	210	133	0.682	5.606E-33	77	171	231	9289	9576	288	9283	9585
363906908	1	161	1.231E-37	2	9289	9874	216	49	0.698	8.076E-05	194	226	231	9776	9874	99	9746	9877
363969132	1	189	4.586E-46	2	9286	9706	210	150	0.750	6.927E-39	72	168	227	9286	9576	291	9283	9585
363969132	1	189	4.586E-46	2	9286	9706	212	38	0.792	3.933E-01	169	190	227	9641	9706	66	9584	9706
364033396	1	126	4.230E-27	1	9289	9522	210	126	0.776	1.668E-30	45	122	123	9289	9522	234	9283	9585
364049670	1	164	1.539E-38	2	9286	9874	210	136	0.690	4.460E-34	74	169	228	9286	9576	291	9283	9585
364049670	1	164	1.539E-38	2	9286	9874	216	49	0.698	8.076E-05	192	224	228	9776	9874	99	9746	9877
364135644	1	174	1.503E-41	2	9289	9874	210	141	0.715	1.374E-35	73	167	232	9289	9576	288	9283	9585
364135644	1	174	1.503E-41	2	9289	9874	216	54	0.760	1.745E-06	190	222	232	9776	9874	99	9746	9877
364152826	1	173	3.006E-41	2	9313	9706	210	134	0.736	4.086E-33	19	106	175	9313	9576	264	9283	9585
364152826	1	173	3.006E-41	2	9313	9706	212	38	0.792	3.933E-01	107	128	175	9641	9706	66	9584	9706
364174112	1	234	1.303E-59	5	8865	12525	198	34	0.610	1.680E+01	6	31	294	8865	8942	78	8820	8954
364174112	1	234	1.303E-59	5	8865	12525	258	35	1.000	1.011E+01	17	31	294	11535	11579	45	11457	11618
364174112	1	234	1.303E-59	5	8865	12525	270	141	0.694	7.297E-36	70	169	294	11940	12236	297	11934	12236
364174112	1	234	1.303E-59	5	8865	12525	272	34	0.705	1.355E+01	163	184	294	12292	12357	66	12235	12357
364174112	1	234	1.303E-59	5	8865	12525	275	50	0.619	3.095E-05	179	217	294	12409	12525	117	12397	12528
364302743	1	243	2.546E-62	2	1272	2195	33	209	0.963	4.293E-59	8	109	219	1272	1577	306	1239	1577
364302743	1	243	2.546E-62	2	1272	2195	44	77	0.613	3.518E-14	154	215	219	2010	2195	186	2010	2204
364321038	-1	402	3.484E-110	3	14176	16624	1027	176	0.547	3.855E-46	126	292	753	-16624	-16130	495	16624	16067
364321038	-1	402	3.484E-110	3	14176	16624	1061	252	0.539	2.003E-70	426	665	753	-15241	-14507	735	15283	14378
364321038	-1	402	3.484E-110	3	14176	16624	1065	118	0.595	1.234E-27	653	752	753	-14475	-14176	300	14496	14176
364371809	-1	240	2.037E-61	1	14528	15241	1061	240	0.531	2.426E-66	37	271	273	-15241	-14528	714	15283	14378
364393782	-1	300	1.766E-79	2	16130	17150	1016	125	0.432	3.595E-28	21	180	503	-17150	-16674	477	17294	16644
364393782	-1	300	1.766E-79	2	16130	17150	1027	183	0.564	1.824E-48	172	338	503	-16624	-16130	495	16624	16067
364418214	1	219	4.271E-55	1	1266	1574	33	219	0.995	1.591E-62	0	102	103	1266	1574	309	1239	1577
364428234	1	235	6.517E-60	3	9286	9874	210	146	0.733	1.638E-37	49	144	204	9286	9576	291	9283	9585
364428234	1	235	6.517E-60	3	9286	9874	212	35	0.751	7.113E+00	146	166	204	9644	9706	63	9584	9706
364428234	1	235	6.517E-60	3	9286	9874	216	52	0.735	8.619E-06	167	199	204	9776	9874	99	9746	9877
364495680	-1	790	5.526E-227	6	14176	17174	1016	141	0.449	1.332E-33	73	244	869	-17174	-16674	501	17294	16644
364495680	-1	790	5.526E-227	6	14176	17174	1027	180	0.558	1.207E-47	236	402	869	-16624	-16124	501	16624	16067
364495680	-1	790	5.526E-227	6	14176	17174	1031	70	0.526	2.202E-11	402	469	869	-16070	-15867	204	16127	15867
364495680	-1	790	5.526E-227	6	14176	17174	1044	53	0.501	6.010E-06	478	531	869	-15478	-15317	162	15499	15314
364495680	-1	790	5.526E-227	6	14176	17174	1061	257	0.543	3.400E-72	534	781	869	-15241	-14507	735	15283	14378
364495680	-1	790	5.526E-227	6	14176	17174	1065	114	0.577	4.007E-26	769	868	869	-14475	-14176	300	14496	14176
364510580	1	256	3.108E-66	2	1266	2195	33	216	0.975	1.453E-61	4	107	218	1266	1577	312	1239	1577
364510580	1	256	3.108E-66	2	1266	2195	44	92	0.821	2.014E-19	161	213	218	2037	2195	159	2010	2204
364547791	1	182	5.870E-44	2	1812	2201	41	96	0.885	4.261E-20	0	50	105	1812	1964	153	1689	2006
364547791	1	182	5.870E-44	2	1812	2201	44	87	0.755	1.249E-17	49	103	105	2037	2201	165	2010	2204
364559933	1	243	2.546E-62	2	1272	2201	33	216	0.992	1.453E-61	8	109	219	1272	1577	306	1239	1577
364559933	1	243	2.546E-62	2	1272	2201	44	79	0.693	7.180E-15	163	217	219	2037	2201	165	2010	2204
364637149	1	174	1.503E-41	2	1746	2186	41	105	0.674	5.541E-23	89	164	215	1746	1964	219	1689	2006
364637149	1	174	1.503E-41	2	1746	2186	44	70	0.678	7.833E-12	163	212	215	2037	2186	150	2010	2204
364650788	-1	152	6.303E-35	2	1269	1967	1352	58	0.505	1.714E-07	37	94	217	-1967	-1794	174	1976	1794
364650788	-1	152	6.303E-35	2	1269	1967	1362	103	0.490	1.309E-21	85	195	217	-1601	-1269	333	1664	1212
364659500	1	240	2.037E-61	2	1272	2195	33	215	0.988	3.751E-61	8	109	220	1272	1577	306	1239	1577
364659500	1	240	2.037E-61	2	1272	2195	44	77	0.696	4.834E-14	163	215	220	2037	2195	159	2010	2204
364711049	-1	130	2.644E-28	1	14507	14842	1061	130	0.587	1.686E-28	4	115	203	-14842	-14507	336	15283	14378
364764896	1	206	3.499E-51	1	1272	1577	33	206	0.951	3.922E-58	8	109	166	1272	1577	306	1239	1577
364770708	1	253	2.486E-65	2	1272	2195	33	215	0.988	3.751E-61	35	136	246	1272	1577	306	1239	1577
364770708	1	253	2.486E-65	2	1272	2195	44	90	0.801	1.353E-18	190	242	246	2037	2195	159	2010	2204
364822048	-1	778	2.263E-223	6	14176	17150	1016	137	0.456	4.162E-32	87	249	874	-17150	-16674	477	17294	16644
364822048	-1	778	2.263E-223	6	14176	17150	1027	171	0.536	1.230E-44	241	407	874	-16624	-16124	501	16624	16067
364822048	-1	778	2.263E-223	6	14176	17150	1031	67	0.519	2.790E-10	407	472	874	-16070	-15873	198	16127	15867
364822048	-1	778	2.263E-223	6	14176	17150	1044	54	0.512	4.368E-06	483	535	874	-15478	-15320	159	15499	15314
364822048	-1	778	2.263E-223	6	14176	17150	1061	257	0.543	3.400E-72	539	786	874	-15241	-14507	735	15283	14378
364822048	-1	778	2.263E-223	6	14176	17150	1065	120	0.604	2.538E-28	774	873	874	-14475	-14176	300	14496	14176
365503279	-1	58	1.248E-06	1	1314	1601	1362	58	0.349	5.674E-06	25	120	121	-1601	-1314	288	1664	1212
370869257	1	257	1.554E-66	2	1272	2195	33	222	1.000	9.260E-64	33	134	245	1272	1577	306	1239	1577
370869257	1	257	1.554E-66	2	1272	2195	44	87	0.782	9.095E-18	188	240	245	2037	2195	159	2010	2204
371162389	1	266	3.035E-69	2	1272	2201	33	218	1.000	2.994E-62	8	109	218	1272	1577	306	1239	1577
371162389	1	266	3.035E-69	2	1272	2201	44	100	0.856	3.528E-22	163	217	218	2037	2201	165	2010	2204
373122262	1	168	9.618E-40	2	9289	9877	210	134	0.684	4.086E-33	77	171	243	9289	9576	288	9283	9585
373122262	1	168	9.618E-40	2	9289	9877	216	55	0.751	9.214E-07	194	227	243	9776	9877	102	9746	9877
373140479	-1	528	4.095E-148	4	14513	17150	1016	117	0.410	1.843E-25	105	265	881	-17150	-16668	483	17294	16644
373140479	-1	528	4.095E-148	4	14513	17150	1027	186	0.559	1.072E-49	255	426	881	-16624	-16115	510	16624	16067
373140479	-1	528	4.095E-148	4	14513	17150	1031	62	0.491	1.729E-08	423	487	881	-16070	-15876	195	16127	15867
373140479	-1	528	4.095E-148	4	14513	17150	1061	241	0.526	9.479E-67	555	791	881	-15238	-14513	726	15283	14378
373461523	1	237	1.629E-60	2	1272	2195	33	207	0.955	2.084E-58	8	109	220	1272	1577	306	1239	1577
373461523	1	237	1.629E-60	2	1272	2195	44	82	0.738	7.764E-16	163	215	220	2037	2195	159	2010	2204
374415352	-1	824	3.217E-237	6	14176	17153	1016	144	0.475	1.088E-34	157	319	944	-17153	-16674	480	17294	16644
374415352	-1	824	3.217E-237	6	14176	17153	1027	192	0.594	6.938E-52	311	475	944	-16624	-16130	495	16624	16067
374415352	-1	824	3.217E-237	6	14176	17153	1031	65	0.492	1.873E-09	477	544	944	-16070	-15867	204	16127	15867
374415352	-1	824	3.217E-237	6	14176	17153	1044	55	0.505	1.678E-06	551	605	944	-15484	-15320	165	15499	15314
374415352	-1	824	3.217E-237	6	14176	17153	1061	258	0.543	2.485E-72	609	856	944	-15241	-14507	735	15283	14378
374415352	-1	824	3.217E-237	6	14176	17153	1065	121	0.675	1.348E-28	856	943	944	-14439	-14176	264	14496	14176
374540932	1	256	3.108E-66	2	1272	2204	33	217	0.996	7.725E-62	8	109	219	1272	1577	306	1239	1577
374540932	1	256	3.108E-66	2	1272	2204	44	91	0.770	7.172E-19	163	217	219	2037	2204	168	2010	2204
374869337	-1	816	8.234E-235	6	14176	17150	1016	152	0.501	2.066E-37	75	234	857	-17150	-16668	483	17294	16644
374869337	-1	816	8.234E-235	6	14176	17150	1027	179	0.561	2.266E-47	224	388	857	-16624	-16130	495	16624	16067
374869337	-1	816	8.234E-235	6	14176	17150	1031	63	0.477	1.258E-08	390	457	857	-16070	-15867	204	16127	15867
374869337	-1	816	8.234E-235	6	14176	17150	1044	57	0.540	2.476E-07	466	518	857	-15478	-15320	159	15499	15314
374869337	-1	816	8.234E-235	6	14176	17150	1061	258	0.544	1.816E-72	522	769	857	-15241	-14507	735	15283	14378
374869337	-1	816	8.234E-235	6	14176	17150	1065	122	0.679	7.161E-29	769	856	857	-14439	-14176	264	14496	14176
375075577	1	166	3.847E-39	2	9286	9877	210	136	0.690	4.460E-34	80	175	234	9286	9576	291	9283	9585
375075577	1	166	3.847E-39	2	9286	9877	216	51	0.711	1.186E-05	198	231	234	9776	9877	102	9746	9877
375506611	1	250	1.989E-64	2	1272	2201	33	213	0.981	1.328E-60	8	109	220	1272	1577	306	1239	1577
375506611	1	250	1.989E-64	2	1272	2201	44	89	0.770	2.554E-18	163	217	220	2037	2201	165	2010	2204
375836989	1	254	1.243E-65	2	1272	2180	33	217	0.996	7.725E-62	8	109	219	1272	1577	306	1239	1577
375836989	1	254	1.243E-65	2	1272	2180	44	89	0.864	3.508E-18	163	210	219	2037	2180	144	2010	2204
376090577	1	248	7.956E-64	2	1272	2198	33	217	0.997	5.632E-62	8	109	219	1272	1577	306	1239	1577
376090577	1	248	7.956E-64	2	1272	2198	44	83	0.732	4.113E-16	163	216	219	2037	2198	162	2010	2204
376507439	1	228	8.342E-58	2	1272	2195	33	206	0.950	5.379E-58	8	109	220	1272	1577	306	1239	1577
376507439	1	228	8.342E-58	2	1272	2195	44	74	0.677	3.256E-13	163	215	220	2037	2195	159	2010	2204
376619304	-1	543	1.250E-152	5	14176	17174	1016	166	0.520	2.578E-42	118	285	910	-17174	-16674	501	17294	16644
376619304	-1	543	1.250E-152	5	14176	17174	1031	65	0.492	1.873E-09	444	511	910	-16070	-15867	204	16127	15867
376619304	-1	543	1.250E-152	5	14176	17174	1044	63	0.567	2.859E-09	518	572	910	-15484	-15320	165	15499	15314
376619304	-1	543	1.250E-152	5	14176	17174	1061	282	0.585	8.837E-81	575	822	910	-15244	-14507	738	15283	14378
376619304	-1	543	1.250E-152	5	14176	17174	1065	128	0.709	4.537E-31	822	909	910	-14439	-14176	264	14496	14176
378578772	1	163	3.078E-38	3	8880	9706	198	39	0.842	2.566E-01	9	29	220	8880	8942	63	8820	8954
378578772	1	163	3.078E-38	3	8880	9706	210	134	0.657	2.977E-33	68	168	220	9289	9585	297	9283	9585
378578772	1	163	3.078E-38	3	8880	9706	212	32	0.693	6.797E+01	163	183	220	9644	9706	63	9584	9706
378711609	1	167	1.924E-39	2	9286	12525	210	137	0.693	2.369E-34	68	163	219	9286	9576	291	9283	9585
378711609	1	167	1.924E-39	2	9286	12525	275	51	0.729	1.186E-05	186	218	219	12427	12525	99	12397	12528
378867349	1	230	2.085E-58	3	9289	9874	210	144	0.729	1.093E-36	68	162	224	9289	9576	288	9283	9585
378867349	1	230	2.085E-58	3	9289	9874	212	34	0.735	1.355E+01	164	184	224	9644	9706	63	9584	9706
378867349	1	230	2.085E-58	3	9289	9874	216	50	0.709	4.261E-05	185	217	224	9776	9874	99	9746	9877
378883507	1	236	3.259E-60	2	1272	2189	33	213	0.978	2.498E-60	8	109	215	1272	1577	306	1239	1577
378883507	1	236	3.259E-60	2	1272	2189	44	75	0.703	2.369E-13	163	213	215	2037	2189	153	2010	2204
378903291	1	199	4.479E-49	3	8895	12227	198	33	0.897	6.104E+01	81	96	287	8895	8942	48	8820	8954
378903291	1	199	4.479E-49	3	8895	12227	264	42	0.467	5.942E-02	98	140	287	11760	11894	135	11757	11918
378903291	1	199	4.479E-49	3	8895	12227	270	128	0.659	3.429E-31	135	228	287	11940	12227	288	11934	12236
378931515	1	257	1.554E-66	2	1272	2201	33	218	1.000	2.183E-62	8	109	219	1272	1577	306	1239	1577
378931515	1	257	1.554E-66	2	1272	2201	44	91	0.788	3.801E-19	163	217	219	2037	2201	165	2010	2204
378935420	1	258	7.769E-67	2	1272	2198	33	219	1.000	1.591E-62	8	109	219	1272	1577	306	1239	1577
378935420	1	258	7.769E-67	2	1272	2198	44	91	0.801	3.801E-19	163	216	219	2037	2198	162	2010	2204
378946480	-1	174	1.503E-41	2	1272	1961	1352	72	0.631	1.309E-12	80	135	261	-1961	-1794	168	1976	1794
378946480	-1	174	1.503E-41	2	1272	1961	1362	108	0.524	2.189E-23	129	235	261	-1592	-1272	321	1664	1212
378950760	1	261	9.711E-68	2	1272	2201	33	218	0.999	4.106E-62	8	109	218	1272	1577	306	1239	1577
378950760	1	261	9.711E-68	2	1272	2201	44	95	0.816	2.183E-20	163	217	218	2037	2201	165	2010	2204
378982612	1	252	4.972E-65	2	1272	2186	33	215	0.988	3.751E-61	49	150	261	1272	1577	306	1239	1577
378982612	1	252	4.972E-65	2	1272	2186	44	89	0.840	1.859E-18	204	253	261	2037	2186	150	2010	2204
378990303	-1	237	1.629E-60	2	15906	16603	1027	177	0.570	1.094E-46	2	161	217	-16603	-16124	480	16624	16067
378990303	-1	237	1.629E-60	2	15906	16603	1031	60	0.543	1.161E-07	161	215	217	-16070	-15906	165	16127	15867
379005495	1	209	4.374E-52	1	1272	1574	33	209	0.973	3.130E-59	0	100	101	1272	1574	303	1239	1577
379067477	1	243	2.546E-62	2	1272	2201	33	217	0.996	7.725E-62	8	109	218	1272	1577	306	1239	1577
379067477	1	243	2.546E-62	2	1272	2201	44	78	0.687	1.356E-14	163	215	218	2037	2201	165	2010	2204
379090002	-1	791	2.763E-227	6	14176	17150	1016	134	0.457	3.717E-31	71	226	851	-17150	-16674	477	17294	16644
379090002	-1	791	2.763E-227	6	14176	17150	1027	187	0.580	5.708E-50	218	382	851	-16624	-16130	495	16624	16067
379090002	-1	791	2.763E-227	6	14176	17150	1031	66	0.497	9.930E-10	384	451	851	-16070	-15867	204	16127	15867
379090002	-1	791	2.763E-227	6	14176	17150	1044	53	0.501	1.138E-05	460	512	851	-15478	-15320	159	15499	15314
379090002	-1	791	2.763E-227	6	14176	17150	1061	257	0.542	4.652E-72	516	763	851	-15241	-14507	735	15283	14378
379090002	-1	791	2.763E-227	6	14176	17150	1065	119	0.599	6.557E-28	751	850	851	-14475	-14176	300	14496	14176
379155851	1	85	9.302E-15	1	2037	2195	44	85	0.760	8.401E-17	49	101	106	2037	2195	159	2010	2204
379157160	1	216	3.417E-54	1	1266	1574	33	216	0.982	1.994E-61	0	102	103	1266	1574	309	1239	1577
379206685	1	207	1.749E-51	1	1272	1577	33	207	0.955	2.084E-58	8	109	116	1272	1577	306	1239	1577
379230220	-1	418	5.316E-115	3	14507	16603	1027	174	0.560	1.861E-45	140	299	746	-16603	-16124	480	16624	16067
379230220	-1	418	5.316E-115	3	14507	16603	1031	62	0.477	2.375E-08	299	365	746	-16070	-15870	201	16127	15867
379230220	-1	418	5.316E-115	3	14507	16603	1061	245	0.523	4.129E-68	430	677	746	-15241	-14507	735	15283	14378
379248156	1	269	3.793E-70	2	1272	2204	33	214	0.986	5.145E-61	8	109	219	1272	1577	306	1239	1577
379248156	1	269	3.793E-70	2	1272	2204	44	107	0.896	1.169E-24	163	218	219	2037	2204	168	2010	2204
379257925	-1	379	2.922E-103	4	15317	17195	1016	99	0.343	2.993E-19	88	260	879	-17195	-16674	522	17294	16644
379257925	-1	379	2.922E-103	4	15317	17195	1027	185	0.552	2.012E-49	252	425	879	-16624	-16109	516	16624	16067
379257925	-1	379	2.922E-103	4	15317	17195	1031	74	0.574	1.739E-12	420	483	879	-16070	-15879	192	16127	15867
379257925	-1	379	2.922E-103	4	15317	17195	1044	44	0.426	1.284E-02	496	549	879	-15478	-15317	162	15499	15314
379276812	1	187	1.834E-45	2	1791	2204	41	104	0.849	7.603E-23	10	67	122	1791	1964	174	1689	2006
379276812	1	187	1.834E-45	2	1791	2204	44	84	0.722	1.154E-16	66	121	122	2037	2204	168	2010	2204
379306010	1	199	4.479E-49	2	1746	2180	41	109	0.697	2.341E-24	14	89	144	1746	1964	219	1689	2006
379306010	1	199	4.479E-49	2	1746	2180	44	91	0.889	3.801E-19	88	135	144	2037	2180	144	2010	2204
379376633	1	231	1.043E-58	3	9286	12525	210	148	0.742	3.369E-38	73	168	229	9286	9576	291	9283	9585
379376633	1	231	1.043E-58	3	9286	12525	212	34	0.697	1.870E+01	169	190	229	9641	9706	66	9584	9706
379376633	1	231	1.043E-58	3	9286	12525	275	47	0.673	3.998E-04	191	223	229	12427	12525	99	12397	12528
379827968	-1	53	3.995E-05	1	1308	1505	1362	53	0.430	1.710E-04	0	65	68	-1505	-1308	198	1664	1212
385733054	1	250	1.989E-64	2	1272	2195	33	220	1.000	6.166E-63	8	109	220	1272	1577	306	1239	1577
385733054	1	250	1.989E-64	2	1272	2195	44	82	0.741	5.651E-16	163	215	220	2037	2195	159	2010	2204
386124729	1	249	3.978E-64	2	1272	2195	33	214	0.986	5.145E-61	8	109	219	1272	1577	306	1239	1577
386124729	1	249	3.978E-64	2	1272	2195	44	87	0.779	1.249E-17	163	215	219	2037	2195	159	2010	2204
386187052	-1	145	8.068E-33	1	14507	14929	1061	145	0.517	1.015E-33	21	167	210	-14929	-14507	423	15283	14378
386318023	-1	371	7.481E-101	3	14507	16603	1027	173	0.563	4.785E-45	240	397	879	-16603	-16130	474	16624	16067
386318023	-1	371	7.481E-101	3	14507	16603	1031	62	0.472	2.375E-08	399	466	879	-16070	-15867	204	16127	15867
386318023	-1	371	7.481E-101	3	14507	16603	1061	208	0.451	2.469E-55	541	791	879	-15268	-14507	762	15283	14378
389935491	-1	789	1.105E-226	6	14176	17150	1016	141	0.467	1.332E-33	83	245	870	-17150	-16674	477	17294	16644
389935491	-1	789	1.105E-226	6	14176	17150	1027	171	0.535	1.685E-44	237	403	870	-16624	-16124	501	16624	16067
389935491	-1	789	1.105E-226	6	14176	17150	1031	63	0.482	6.670E-09	403	470	870	-16070	-15867	204	16127	15867
389935491	-1	789	1.105E-226	6	14176	17150	1044	53	0.505	8.269E-06	479	531	870	-15478	-15320	159	15499	15314
389935491	-1	789	1.105E-226	6	14176	17150	1061	261	0.550	2.021E-73	536	782	870	-15238	-14507	732	15283	14378
389935491	-1	789	1.105E-226	6	14176	17150	1065	115	0.648	1.130E-26	782	869	870	-14439	-14176	264	14496	14176
390143739	-1	527	8.190E-148	4	14507	17111	1016	129	0.472	1.582E-29	113	259	883	-17111	-16674	438	17294	16644
390143739	-1	527	8.190E-148	4	14507	17111	1027	189	0.585	1.182E-50	251	415	883	-16624	-16130	495	16624	16067
390143739	-1	527	8.190E-148	4	14507	17111	1031	61	0.467	4.481E-08	417	484	883	-16070	-15867	204	16127	15867
390143739	-1	527	8.190E-148	4	14507	17111	1061	218	0.479	1.362E-58	550	795	883	-15244	-14507	738	15283	14378
391025933	1	238	8.146E-61	2	1272	2186	33	214	0.983	9.679E-61	8	109	219	1272	1577	306	1239	1577
391025933	1	238	8.146E-61	2	1272	2186	44	76	0.725	9.129E-14	163	212	219	2037	2186	150	2010	2204
391236325	1	263	2.428E-68	2	1272	2201	33	220	1.000	6.166E-63	8	109	219	1272	1577	306	1239	1577
391236325	1	263	2.428E-68	2	1272	2201	44	95	0.816	2.183E-20	163	217	219	2037	2201	165	2010	2204
391650812	1	333	2.056E-89	5	8853	12525	198	35	0.559	6.393E+00	0	28	223	8853	8942	90	8820	8954
391650812	1	333	2.056E-89	5	8853	12525	264	46	0.564	1.273E-03	29	68	223	11757	11876	120	11757	11918
391650812	1	333	2.056E-89	5	8853	12525	270	154	0.774	2.930E-40	69	163	223	11940	12227	288	11934	12236
391650812	1	333	2.056E-89	5	8853	12525	272	38	0.776	7.480E-01	164	185	223	12292	12357	66	12235	12357
391650812	1	333	2.056E-89	5	8853	12525	275	54	0.766	1.268E-06	186	218	223	12427	12525	99	12397	12528
392195823	1	252	4.972E-65	2	1272	2195	33	214	0.983	9.679E-61	8	109	220	1272	1577	306	1239	1577
392195823	1	252	4.972E-65	2	1272	2195	44	90	0.805	9.851E-19	163	215	220	2037	2195	159	2010	2204
392906310	1	162	6.155E-38	2	9289	9874	210	136	0.696	4.460E-34	74	168	227	9289	9576	288	9283	9585
392906310	1	162	6.155E-38	2	9289	9874	216	47	0.667	5.506E-04	191	223	227	9776	9874	99	9746	9877
393055783	1	230	2.085E-58	3	9286	9874	210	141	0.709	1.374E-35	70	166	225	9286	9576	291	9283	9585
393055783	1	230	2.085E-58	3	9286	9874	212	38	0.784	5.424E-01	167	188	225	9641	9706	66	9584	9706
393055783	1	230	2.085E-58	3	9286	9874	216	55	0.667	9.214E-07	183	221	225	9758	9874	117	9746	9877
393116632	1	126	4.230E-27	1	9289	9522	210	126	0.776	1.668E-30	45	122	123	9289	9522	234	9283	9585
393380609	1	213	2.733E-53	3	9289	9874	210	132	0.727	1.988E-32	73	159	234	9289	9552	264	9283	9585
393380609	1	213	2.733E-53	3	9289	9874	212	36	0.744	2.708E+00	166	187	234	9641	9706	66	9584	9706
393380609	1	213	2.733E-53	3	9289	9874	216	49	0.704	5.866E-05	188	220	234	9776	9874	99	9746	9877
393422514	1	247	1.591E-63	2	1272	2195	33	216	0.992	1.453E-61	8	109	219	1272	1577	306	1239	1577
393422514	1	247	1.591E-63	2	1272	2195	44	83	0.744	4.113E-16	163	215	219	2037	2195	159	2010	2204
393439517	1	144	1.614E-32	1	9289	9576	210	144	0.731	7.968E-37	46	140	159	9289	9576	288	9283	9585
393491968	1	185	7.338E-45	2	1746	2195	41	103	0.666	1.965E-22	92	167	223	1746	1964	219	1689	2006
393491968	1	185	7.338E-45	2	1746	2195	44	83	0.744	4.113E-16	166	218	223	2037	2195	159	2010	2204
393500591	-1	699	1.368E-199	5	14176	17150	1016	141	0.464	9.736E-34	63	227	851	-17150	-16668	483	17294	16644
393500591	-1	699	1.368E-199	5	14176	17150	1027	178	0.596	5.828E-47	231	382	851	-16585	-16130	456	16624	16067
393500591	-1	699	1.368E-199	5	14176	17150	1031	61	0.465	6.155E-08	384	451	851	-16070	-15867	204	16127	15867
393500591	-1	699	1.368E-199	5	14176	17150	1061	267	0.559	1.828E-75	516	763	851	-15241	-14507	735	15283	14378
393500591	-1	699	1.368E-199	5	14176	17150	1065	126	0.627	3.028E-30	751	850	851	-14475	-14176	300	14496	14176
393508419	-1	118	1.083E-24	1	14176	14439	1065	118	0.660	1.694E-27	65	152	153	-14439	-14176	264	14496	14176
393570561	1	260	1.942E-67	2	1272	2204	33	218	0.999	4.106E-62	8	109	219	1272	1577	306	1239	1577
393570561	1	260	1.942E-67	2	1272	2204	44	94	0.794	5.658E-20	163	218	219	2037	2204	168	2010	2204
393582845	1	179	4.696E-43	2	1746	2195	41	106	0.681	2.144E-23	89	164	220	1746	1964	219	1689	2006
393582845	1	179	4.696E-43	2	1746	2195	44	74	0.677	3.256E-13	163	215	220	2037	2195	159	2010	2204
393605127	-1	420	1.329E-115	3	14507	17111	1016	139	0.501	4.657E-33	105	251	876	-17111	-16674	438	17294	16644
393605127	-1	420	1.329E-115	3	14507	17111	1027	189	0.585	1.182E-50	243	407	876	-16624	-16130	495	16624	16067
393605127	-1	420	1.329E-115	3	14507	17111	1061	221	0.465	1.115E-59	530	788	876	-15280	-14507	774	15283	14378
393665855	-1	788	2.210E-226	6	14176	17150	1016	140	0.473	3.405E-33	72	227	852	-17150	-16674	477	17294	16644
393665855	-1	788	2.210E-226	6	14176	17150	1027	183	0.571	9.717E-49	219	383	852	-16624	-16130	495	16624	16067
393665855	-1	788	2.210E-226	6	14176	17150	1031	66	0.499	7.229E-10	385	452	852	-16070	-15867	204	16127	15867
393665855	-1	788	2.210E-226	6	14176	17150	1044	48	0.464	5.250E-04	461	513	852	-15478	-15320	159	15499	15314
393665855	-1	788	2.210E-226	6	14176	17150	1061	263	0.558	3.078E-74	520	764	852	-15232	-14507	726	15283	14378
393665855	-1	788	2.210E-226	6	14176	17150	1065	116	0.585	8.239E-27	752	851	852	-14475	-14176	300	14496	14176
393666647	1	267	1.517E-69	2	1272	2198	33	218	1.000	2.994E-62	8	109	218	1272	1577	306	1239	1577
393666647	1	267	1.517E-69	2	1272	2198	44	101	0.879	1.362E-22	163	216	218	2037	2198	162	2010	2204
393735148	1	256	3.108E-66	2	1272	2198	33	218	0.999	4.106E-62	24	125	235	1272	1577	306	1239	1577
393735148	1	256	3.108E-66	2	1272	2198	44	90	0.792	9.851E-19	179	232	235	2037	2198	162	2010	2204
393739952	1	215	6.834E-54	1	1269	1574	33	215	0.988	3.751E-61	0	101	102	1269	1574	306	1239	1577
393772152	-1	423	1.661E-116	3	14507	16603	1027	178	0.572	5.828E-47	140	299	745	-16603	-16124	480	16624	16067
393772152	-1	423	1.661E-116	3	14507	16603	1031	63	0.482	1.258E-08	299	365	745	-16070	-15870	201	16127	15867
393772152	-1	423	1.661E-116	3	14507	16603	1061	245	0.523	4.129E-68	430	677	745	-15241	-14507	735	15283	14378
393784174	1	255	6.215E-66	2	1272	2198	33	218	0.999	4.106E-62	8	109	219	1272	1577	306	1239	1577
393784174	1	255	6.215E-66	2	1272	2198	44	89	0.782	2.554E-18	163	216	219	2037	2198	162	2010	2204
393835447	1	230	2.085E-58	3	9289	9874	210	144	0.729	1.093E-36	49	143	203	9289	9576	288	9283	9585
393835447	1	230	2.085E-58	3	9289	9874	212	34	0.726	1.870E+01	145	165	203	9644	9706	63	9584	9706
393835447	1	230	2.085E-58	3	9289	9874	216	50	0.709	4.261E-05	166	198	203	9776	9874	99	9746	9877
393835740	1	173	3.006E-41	2	9289	9874	210	144	0.729	1.093E-36	49	143	203	9289	9576	288	9283	9585
393835740	1	173	3.006E-41	2	9289	9874	216	50	0.709	4.261E-05	166	198	203	9776	9874	99	9746	9877
393835834	1	229	4.171E-58	3	9289	9874	210	144	0.729	1.093E-36	49	143	203	9289	9576	288	9283	9585
393835834	1	229	4.171E-58	3	9289	9874	212	34	0.726	1.870E+01	145	165	203	9644	9706	63	9584	9706
393835834	1	229	4.171E-58	3	9289	9874	216	49	0.704	5.866E-05	166	198	203	9776	9874	99	9746	9877
393842699	1	208	8.747E-52	2	1746	2201	41	111	0.708	4.812E-25	89	164	218	1746	1964	219	1689	2006
393842699	1	208	8.747E-52	2	1746	2201	44	98	0.843	1.255E-21	163	217	218	2037	2201	165	2010	2204
393883605	1	246	3.182E-63	2	1272	2189	33	215	0.988	3.751E-61	8	109	219	1272	1577	306	1239	1577
393883605	1	246	3.182E-63	2	1272	2189	44	83	0.769	4.113E-16	163	213	219	2037	2189	153	2010	2204
393924938	-1	729	1.274E-208	5	14507	17111	1016	151	0.532	5.291E-37	92	239	862	-17111	-16674	438	17294	16644
393924938	-1	729	1.274E-208	5	14507	17111	1027	177	0.549	2.054E-46	231	397	862	-16624	-16124	501	16624	16067
393924938	-1	729	1.274E-208	5	14507	17111	1031	77	0.566	1.374E-13	397	464	862	-16070	-15867	204	16127	15867
393924938	-1	729	1.274E-208	5	14507	17111	1044	50	0.466	1.063E-04	471	525	862	-15484	-15320	165	15499	15314
393924938	-1	729	1.274E-208	5	14507	17111	1061	287	0.597	2.042E-82	529	774	862	-15241	-14507	735	15283	14378
393925430	-1	690	7.005E-197	5	14176	17174	1016	148	0.461	6.490E-36	75	248	873	-17174	-16674	501	17294	16644
393925430	-1	690	7.005E-197	5	14176	17174	1027	183	0.564	1.824E-48	240	406	873	-16624	-16124	501	16624	16067
393925430	-1	690	7.005E-197	5	14176	17174	1031	61	0.470	3.262E-08	406	473	873	-16070	-15867	204	16127	15867
393925430	-1	690	7.005E-197	5	14176	17174	1061	261	0.549	1.477E-73	538	785	873	-15241	-14507	735	15283	14378
393925430	-1	690	7.005E-197	5	14176	17174	1065	118	0.595	1.234E-27	773	872	873	-14475	-14176	300	14496	14176
399961476	1	243	2.546E-62	2	1272	2201	33	219	1.000	1.591E-62	8	109	219	1272	1577	306	1239	1577
399961476	1	243	2.546E-62	2	1272	2201	44	76	0.672	6.643E-14	163	217	219	2037	2201	165	2010	2204
400271771	-1	699	1.368E-199	5	14176	17150	1016	129	0.445	1.582E-29	113	271	894	-17150	-16674	477	17294	16644
400271771	-1	699	1.368E-199	5	14176	17150	1027	179	0.555	3.104E-47	263	429	894	-16624	-16124	501	16624	16067
400271771	-1	699	1.368E-199	5	14176	17150	1031	83	0.613	8.587E-16	429	495	894	-16070	-15870	201	16127	15867
400271771	-1	699	1.368E-199	5	14176	17150	1061	275	0.577	1.836E-78	561	806	894	-15238	-14507	732	15283	14378
400271771	-1	699	1.368E-199	5	14176	17150	1065	115	0.584	1.130E-26	794	893	894	-14475	-14176	300	14496	14176
400437147	1	254	1.243E-65	2	1272	2180	33	217	0.996	7.725E-62	8	109	219	1272	1577	306	1239	1577
400437147	1	254	1.243E-65	2	1272	2180	44	89	0.864	3.508E-18	163	210	219	2037	2180	144	2010	2204
400960745	1	235	6.517E-60	3	9289	9874	210	145	0.732	5.807E-37	84	178	237	9289	9576	288	9283	9585
400960745	1	235	6.517E-60	3	9289	9874	212	38	0.776	7.480E-01	179	200	237	9641	9706	66	9584	9706
400960745	1	235	6.517E-60	3	9289	9874	216	50	0.709	4.261E-05	201	233	237	9776	9874	99	9746	9877
401339465	1	250	1.989E-64	2	1272	2198	33	216	0.994	1.060E-61	8	109	219	1272	1577	306	1239	1577
401339465	1	250	1.989E-64	2	1272	2198	44	86	0.757	3.240E-17	163	216	219	2037	2198	162	2010	2204
401411631	-1	698	2.736E-199	5	14176	16624	1027	185	0.576	2.012E-49	275	439	908	-16624	-16130	495	16624	16067
401411631	-1	698	2.736E-199	5	14176	16624	1031	73	0.557	2.389E-12	441	506	908	-16070	-15873	198	16127	15867
401411631	-1	698	2.736E-199	5	14176	16624	1044	52	0.482	2.154E-05	515	569	908	-15484	-15320	165	15499	15314
401411631	-1	698	2.736E-199	5	14176	16624	1061	264	0.555	1.201E-74	573	820	908	-15241	-14507	735	15283	14378
401411631	-1	698	2.736E-199	5	14176	16624	1065	130	0.717	1.280E-31	820	907	908	-14439	-14176	264	14496	14176
401953423	1	261	9.711E-68	2	1272	2201	33	217	0.997	5.632E-62	8	109	219	1272	1577	306	1239	1577
401953423	1	261	9.711E-68	2	1272	2201	44	96	0.822	1.157E-20	163	217	219	2037	2201	165	2010	2204
402398141	1	239	4.073E-61	2	1272	2186	33	215	0.988	3.751E-61	8	109	219	1272	1577	306	1239	1577
402398141	1	239	4.073E-61	2	1272	2186	44	76	0.722	1.255E-13	163	212	219	2037	2186	150	2010	2204
402592936	-1	370	1.496E-100	3	14507	17081	1016	112	0.444	1.057E-23	100	237	864	-17081	-16668	414	17294	16644
402592936	-1	370	1.496E-100	3	14507	17081	1027	175	0.530	5.281E-46	227	399	864	-16624	-16109	516	16624	16067
402592936	-1	370	1.496E-100	3	14507	17081	1061	219	0.475	5.328E-59	527	776	864	-15247	-14507	741	15283	14378
403229524	-1	550	9.764E-155	4	14507	17150	1016	128	0.435	2.955E-29	53	215	839	-17150	-16674	477	17294	16644
403229524	-1	550	9.764E-155	4	14507	17150	1027	178	0.572	5.828E-47	214	373	839	-16603	-16124	480	16624	16067
403229524	-1	550	9.764E-155	4	14507	17150	1031	63	0.482	1.258E-08	373	439	839	-16070	-15870	201	16127	15867
403229524	-1	550	9.764E-155	4	14507	17150	1061	244	0.521	7.728E-68	504	751	839	-15241	-14507	735	15283	14378
403345463	1	243	2.546E-62	2	1272	2186	33	217	0.996	7.725E-62	8	109	219	1272	1577	306	1239	1577
403345463	1	243	2.546E-62	2	1272	2186	44	78	0.739	2.560E-14	163	212	219	2037	2186	150	2010	2204
403616787	1	232	5.214E-59	3	9289	9874	210	147	0.745	6.342E-38	76	170	230	9289	9576	288	9283	9585
403616787	1	232	5.214E-59	3	9289	9874	212	33	0.718	2.582E+01	172	192	230	9644	9706	63	9584	9706
403616787	1	232	5.214E-59	3	9289	9874	216	50	0.709	4.261E-05	193	225	230	9776	9874	99	9746	9877
403617667	-1	552	2.441E-155	4	14507	17156	1016	119	0.413	7.232E-26	106	266	884	-17156	-16674	483	17294	16644
403617667	-1	552	2.441E-155	4	14507	17156	1027	185	0.591	2.012E-49	265	424	884	-16603	-16130	474	16624	16067
403617667	-1	552	2.441E-155	4	14507	17156	1031	68	0.512	1.479E-10	426	493	884	-16070	-15867	204	16127	15867
403617667	-1	552	2.441E-155	4	14507	17156	1061	242	0.522	5.065E-67	558	796	884	-15241	-14507	735	15283	14378
405595535	-1	679	1.435E-193	5	14507	17150	1016	144	0.475	1.088E-34	82	244	869	-17150	-16674	477	17294	16644
405595535	-1	679	1.435E-193	5	14507	17150	1027	180	0.558	1.207E-47	236	402	869	-16624	-16124	501	16624	16067
405595535	-1	679	1.435E-193	5	14507	17150	1031	66	0.501	5.263E-10	402	469	869	-16070	-15867	204	16127	15867
405595535	-1	679	1.435E-193	5	14507	17150	1044	51	0.493	2.964E-05	478	530	869	-15478	-15320	159	15499	15314
405595535	-1	679	1.435E-193	5	14507	17150	1061	253	0.536	7.820E-71	534	781	869	-15241	-14507	735	15283	14378
407412540	1	162	6.155E-38	2	9286	9874	210	134	0.681	2.170E-33	69	164	222	9286	9576	291	9283	9585
407412540	1	162	6.155E-38	2	9286	9874	216	49	0.698	8.076E-05	187	219	222	9776	9874	99	9746	9877
407480346	1	210	2.187E-52	3	9289	9874	210	130	0.647	5.136E-32	73	172	234	9289	9585	297	9283	9585
407480346	1	210	2.187E-52	3	9289	9874	212	32	0.666	6.797E+01	166	187	234	9641	9706	66	9584	9706
407480346	1	210	2.187E-52	3	9289	9874	216	53	0.750	3.305E-06	188	220	234	9776	9874	99	9746	9877
407510295	1	159	4.924E-37	2	9289	9874	210	131	0.671	3.743E-32	75	169	233	9289	9576	288	9283	9585
407510295	1	159	4.924E-37	2	9289	9874	216	49	0.698	8.076E-05	192	224	233	9776	9874	99	9746	9877
407551167	1	173	3.006E-41	2	9289	9874	210	142	0.722	3.876E-36	74	168	232	9289	9576	288	9283	9585
407551167	1	173	3.006E-41	2	9289	9874	216	52	0.735	8.619E-06	191	223	232	9776	9874	99	9746	9877
407585147	1	182	5.870E-44	4	8895	12528	198	32	0.886	8.429E+01	22	37	239	8895	8942	48	8820	8954
407585147	1	182	5.870E-44	4	8895	12528	258	34	1.000	2.655E+01	23	37	239	11535	11579	45	11457	11618
407585147	1	182	5.870E-44	4	8895	12528	270	138	0.679	1.258E-34	78	177	239	11937	12227	291	11934	12236
407585147	1	182	5.870E-44	4	8895	12528	275	51	0.711	1.186E-05	200	233	239	12427	12528	102	12397	12528
407597886	1	229	4.171E-58	3	9286	12525	210	151	0.752	5.049E-39	72	168	227	9286	9576	291	9283	9585
407597886	1	229	4.171E-58	3	9286	12525	212	34	0.713	9.817E+00	169	190	227	9641	9706	66	9584	9706
407597886	1	229	4.171E-58	3	9286	12525	275	48	0.589	2.903E-04	185	223	227	12409	12525	117	12397	12528
407670644	1	164	1.539E-38	2	9289	9874	210	133	0.682	5.606E-33	77	171	249	9289	9576	288	9283	9585
407670644	1	164	1.539E-38	2	9289	9874	216	52	0.740	6.262E-06	194	226	249	9776	9874	99	9746	9877
407765860	1	165	7.694E-39	2	9289	12528	210	137	0.699	2.369E-34	78	172	231	9289	9576	288	9283	9585
407765860	1	165	7.694E-39	2	9289	12528	275	49	0.686	5.866E-05	195	228	231	12427	12528	102	12397	12528
407816908	1	168	9.618E-40	2	9286	9874	210	137	0.691	3.251E-34	72	167	225	9286	9576	291	9283	9585
407816908	1	168	9.618E-40	2	9286	9874	216	52	0.740	6.262E-06	190	222	225	9776	9874	99	9746	9877
407844335	1	167	1.924E-39	2	9289	9874	210	138	0.705	9.169E-35	74	168	232	9289	9576	288	9283	9585
407844335	1	167	1.924E-39	2	9289	9874	216	50	0.709	4.261E-05	191	223	232	9776	9874	99	9746	9877
407947392	1	150	2.521E-34	2	11940	12357	270	117	0.610	2.418E-27	74	169	231	11940	12227	288	11934	12236
407947392	1	150	2.521E-34	2	11940	12357	272	32	0.666	6.797E+01	170	191	231	12292	12357	66	12235	12357
407948931	1	249	3.978E-64	2	1272	2195	33	214	0.986	5.145E-61	8	109	220	1272	1577	306	1239	1577
407948931	1	249	3.978E-64	2	1272	2195	44	87	0.779	1.249E-17	163	215	220	2037	2195	159	2010	2204
408062879	1	218	8.542E-55	1	1266	1574	33	218	0.990	4.106E-62	0	102	103	1266	1574	309	1239	1577
408073994	1	79	5.953E-13	1	27078	27335	624	79	0.469	1.258E-13	9	97	162	27078	27335	258	27036	27425
408121269	-1	681	3.587E-194	5	14507	17150	1016	140	0.464	3.405E-33	82	244	869	-17150	-16674	477	17294	16644
408121269	-1	681	3.587E-194	5	14507	17150	1027	182	0.563	2.500E-48	236	402	869	-16624	-16124	501	16624	16067
408121269	-1	681	3.587E-194	5	14507	17150	1031	67	0.507	2.790E-10	402	469	869	-16070	-15867	204	16127	15867
408121269	-1	681	3.587E-194	5	14507	17150	1044	51	0.489	4.079E-05	478	530	869	-15478	-15320	159	15499	15314
408121269	-1	681	3.587E-194	5	14507	17150	1061	256	0.540	1.192E-71	534	781	869	-15241	-14507	735	15283	14378
408135290	-1	372	3.741E-101	3	14507	16603	1027	162	0.536	1.714E-41	276	432	893	-16603	-16130	474	16624	16067
408135290	-1	372	3.741E-101	3	14507	16603	1031	61	0.399	4.481E-08	419	499	893	-16124	-15873	252	16127	15867
408135290	-1	372	3.741E-101	3	14507	16603	1061	227	0.496	7.462E-62	566	805	893	-15241	-14507	735	15283	14378
408144031	-1	576	1.455E-162	4	14507	17150	1016	143	0.472	2.783E-34	71	233	858	-17150	-16674	477	17294	16644
408144031	-1	576	1.455E-162	4	14507	17150	1027	184	0.569	3.778E-49	225	391	858	-16624	-16124	501	16624	16067
408144031	-1	576	1.455E-162	4	14507	17150	1031	67	0.504	3.832E-10	391	458	858	-16070	-15867	204	16127	15867
408144031	-1	576	1.455E-162	4	14507	17150	1061	252	0.533	2.741E-70	523	770	858	-15241	-14507	735	15283	14378
408149728	-1	157	1.970E-36	1	14507	14956	1061	157	0.544	6.905E-38	9	157	245	-14956	-14507	450	15283	14378
408150553	-1	271	9.484E-71	5	14176	17081	1016	121	0.474	8.150E-27	128	264	892	-17081	-16674	408	17294	16644
408150553	-1	271	9.484E-71	5	14176	17081	1027	176	0.552	3.855E-46	256	420	892	-16624	-16130	495	16624	16067
408150553	-1	271	9.484E-71	5	14176	17081	1031	64	0.513	2.573E-09	422	485	892	-16070	-15879	192	16127	15867
408150553	-1	271	9.484E-71	5	14176	17081	1044	49	0.470	2.771E-04	496	548	892	-15487	-15329	159	15499	15314
408150553	-1	271	9.484E-71	5	14176	17081	1065	117	0.592	2.324E-27	792	891	892	-14475	-14176	300	14496	14176
408181349	1	185	7.338E-45	2	1746	2186	41	116	0.738	5.735E-27	72	147	202	1746	1964	219	1689	2006
408181349	1	185	7.338E-45	2	1746	2186	44	70	0.675	1.077E-11	146	195	202	2037	2186	150	2010	2204
408268734	1	252	4.972E-65	2	1272	2201	33	219	1.000	1.591E-62	37	138	248	1272	1577	306	1239	1577
408268734	1	252	4.972E-65	2	1272	2201	44	85	0.739	6.115E-17	192	246	248	2037	2201	165	2010	2204
408279541	-1	117	2.166E-24	1	14176	14475	1065	117	0.590	3.189E-27	42	141	142	-14475	-14176	300	14496	14176
408280904	-1	651	3.851E-185	5	14176	16624	1027	183	0.571	9.717E-49	30	194	663	-16624	-16130	495	16624	16067
408280904	-1	651	3.851E-185	5	14176	16624	1031	66	0.499	7.229E-10	196	263	663	-16070	-15867	204	16127	15867
408280904	-1	651	3.851E-185	5	14176	16624	1044	49	0.470	2.771E-04	272	324	663	-15478	-15320	159	15499	15314
408280904	-1	651	3.851E-185	5	14176	16624	1061	257	0.547	4.652E-72	331	575	663	-15232	-14507	726	15283	14378
408280904	-1	651	3.851E-185	5	14176	16624	1065	117	0.592	2.324E-27	563	662	663	-14475	-14176	300	14496	14176
408305593	1	236	3.259E-60	2	1272	2195	33	204	0.942	2.612E-57	8	109	220	1272	1577	306	1239	1577
408305593	1	236	3.259E-60	2	1272	2195	44	84	0.757	1.154E-16	163	215	220	2037	2195	159	2010	2204
408369457	-1	469	2.361E-130	4	14507	16603	1027	171	0.560	1.230E-44	220	377	842	-16603	-16130	474	16624	16067
408369457	-1	469	2.361E-130	4	14507	16603	1031	62	0.495	2.375E-08	379	442	842	-16070	-15879	192	16127	15867
408369457	-1	469	2.361E-130	4	14507	16603	1044	47	0.430	1.369E-03	452	508	842	-15484	-15320	165	15499	15314
408369457	-1	469	2.361E-130	4	14507	16603	1061	196	0.441	5.398E-51	511	754	842	-15244	-14507	738	15283	14378
408432349	-1	377	1.169E-102	3	14507	16603	1027	174	0.566	1.861E-45	258	415	878	-16603	-16130	474	16624	16067
408432349	-1	377	1.169E-102	3	14507	16603	1031	65	0.492	1.873E-09	417	484	878	-16070	-15867	204	16127	15867
408432349	-1	377	1.169E-102	3	14507	16603	1061	194	0.431	1.376E-50	543	790	878	-15262	-14507	756	15283	14378
408446268	1	264	1.214E-68	2	1272	2201	33	219	1.000	1.160E-62	8	109	218	1272	1577	306	1239	1577
408446268	1	264	1.214E-68	2	1272	2201	44	97	0.834	3.252E-21	163	217	218	2037	2201	165	2010	2204
408449650	1	218	8.542E-55	1	1269	1574	33	218	1.000	2.183E-62	0	101	102	1269	1574	306	1239	1577
408450030	1	251	9.944E-65	2	1272	2195	33	218	0.999	4.106E-62	8	109	219	1272	1577	306	1239	1577
408450030	1	251	9.944E-65	2	1272	2195	44	85	0.766	4.451E-17	163	215	219	2037	2195	159	2010	2204
409177524	-1	88	1.163E-15	2	1440	1961	1352	44	0.418	8.890E-03	23	78	126	-1961	-1794	168	1976	1794
409177524	-1	88	1.163E-15	2	1440	1961	1362	53	0.501	1.710E-04	69	122	126	-1601	-1440	162	1664	1212
413980737	1	160	2.462E-37	2	9289	12528	210	123	0.621	2.098E-29	52	150	210	9289	9585	297	9283	9585
413980737	1	160	2.462E-37	2	9289	12528	275	51	0.706	1.633E-05	166	199	210	12427	12528	102	12397	12528
415212261	1	246	3.182E-63	2	1272	2180	33	213	0.981	1.328E-60	8	109	219	1272	1577	306	1239	1577
415212261	1	246	3.182E-63	2	1272	2180	44	85	0.832	6.115E-17	163	210	219	2037	2180	144	2010	2204
415794235	-1	553	1.220E-155	4	14507	17156	1016	119	0.413	7.232E-26	106	266	884	-17156	-16674	483	17294	16644
415794235	-1	553	1.220E-155	4	14507	17156	1027	185	0.591	2.012E-49	265	424	884	-16603	-16130	474	16624	16067
415794235	-1	553	1.220E-155	4	14507	17156	1031	68	0.512	1.479E-10	426	493	884	-16070	-15867	204	16127	15867
415794235	-1	553	1.220E-155	4	14507	17156	1061	243	0.524	1.979E-67	558	796	884	-15241	-14507	735	15283	14378
416060452	1	165	7.694E-39	2	9289	9874	210	134	0.685	2.977E-33	76	170	230	9289	9576	288	9283	9585
416060452	1	165	7.694E-39	2	9289	9874	216	52	0.735	8.619E-06	193	225	230	9776	9874	99	9746	9877
416541683	-1	346	2.510E-93	3	14507	16603	1027	175	0.568	9.913E-46	223	380	845	-16603	-16130	474	16624	16067
416541683	-1	346	2.510E-93	3	14507	16603	1044	44	0.406	1.768E-02	455	511	845	-15484	-15320	165	15499	15314
416541683	-1	346	2.510E-93	3	14507	16603	1061	201	0.450	9.331E-53	514	757	845	-15244	-14507	738	15283	14378
416997722	1	239	4.073E-61	2	1272	2198	33	218	1.000	2.994E-62	8	109	219	1272	1577	306	1239	1577
416997722	1	239	4.073E-61	2	1272	2198	44	73	0.657	8.453E-13	163	216	219	2037	2198	162	2010	2204
417651001	-1	219	4.271E-55	2	14570	16603	1027	173	0.563	4.785E-45	18	175	531	-16603	-16130	474	16624	16067
417651001	-1	219	4.271E-55	2	14570	16603	1061	170	0.413	2.454E-42	301	530	531	-15268	-14570	699	15283	14378
417867520	1	255	6.215E-66	2	1272	2195	33	213	0.978	2.498E-60	8	109	220	1272	1577	306	1239	1577
417867520	1	255	6.215E-66	2	1272	2195	44	94	0.837	4.119E-20	163	215	220	2037	2195	159	2010	2204
418299942	1	254	1.243E-65	2	1272	2198	33	217	0.997	5.632E-62	8	109	219	1272	1577	306	1239	1577
418299942	1	254	1.243E-65	2	1272	2198	44	89	0.782	2.554E-18	163	216	219	2037	2198	162	2010	2204
418773446	-1	413	1.701E-113	4	15329	17195	1016	128	0.413	4.039E-29	80	253	881	-17195	-16674	522	17294	16644
418773446	-1	413	1.701E-113	4	15329	17195	1027	178	0.553	5.828E-47	245	411	881	-16624	-16124	501	16624	16067
418773446	-1	413	1.701E-113	4	15329	17195	1031	66	0.526	5.263E-10	411	474	881	-16070	-15879	192	16127	15867
418773446	-1	413	1.701E-113	4	15329	17195	1044	57	0.534	4.684E-07	485	537	881	-15487	-15329	159	15499	15314
419324233	1	177	1.878E-42	2	1752	2189	41	100	0.688	1.800E-21	94	164	218	1752	1964	213	1689	2006
419324233	1	177	1.878E-42	2	1752	2189	44	78	0.726	2.560E-14	163	213	218	2037	2189	153	2010	2204
419977346	1	249	3.978E-64	2	1272	2195	33	213	0.981	1.328E-60	8	109	219	1272	1577	306	1239	1577
419977346	1	249	3.978E-64	2	1272	2195	44	88	0.786	6.621E-18	163	215	219	2037	2195	159	2010	2204
420445863	1	221	1.068E-55	2	1272	2174	33	207	0.953	2.859E-58	8	109	220	1272	1577	306	1239	1577
420445863	1	221	1.068E-55	2	1272	2174	44	66	0.688	2.594E-10	163	208	220	2037	2174	138	2010	2204
420995108	-1	370	1.496E-100	3	14176	16603	1027	174	0.566	1.861E-45	213	370	834	-16603	-16130	474	16624	16067
420995108	-1	370	1.496E-100	3	14176	16603	1061	203	0.442	1.958E-53	496	746	834	-15268	-14507	762	15283	14378
420995108	-1	370	1.496E-100	3	14176	16603	1065	117	0.658	2.324E-27	746	833	834	-14439	-14176	264	14496	14176
421259972	-1	785	1.768E-225	6	14176	17150	1016	140	0.474	2.490E-33	71	226	851	-17150	-16674	477	17294	16644
421259972	-1	785	1.768E-225	6	14176	17150	1027	183	0.571	9.717E-49	218	382	851	-16624	-16130	495	16624	16067
421259972	-1	785	1.768E-225	6	14176	17150	1031	66	0.499	7.229E-10	384	451	851	-16070	-15867	204	16127	15867
421259972	-1	785	1.768E-225	6	14176	17150	1044	49	0.470	2.771E-04	460	512	851	-15478	-15320	159	15499	15314
421259972	-1	785	1.768E-225	6	14176	17150	1061	257	0.547	4.652E-72	519	763	851	-15232	-14507	726	15283	14378
421259972	-1	785	1.768E-225	6	14176	17150	1065	118	0.595	1.234E-27	751	850	851	-14475	-14176	300	14496	14176
422328335	1	156	3.939E-36	2	9289	12525	210	136	0.738	8.398E-34	74	162	228	9289	9555	267	9283	9585
422328335	1	156	3.939E-36	2	9289	12525	275	47	0.667	5.506E-04	191	223	228	12427	12525	99	12397	12528
422478195	1	221	1.068E-55	2	1272	2180	33	205	0.945	1.388E-57	19	120	226	1272	1577	306	1239	1577
422478195	1	221	1.068E-55	2	1272	2180	44	69	0.700	2.796E-11	175	221	226	2040	2180	141	2010	2204
422491139	-1	82	7.441E-14	1	16869	17183	1016	82	0.427	1.740E-13	92	195	210	-17183	-16869	315	17294	16644
422508290	1	235	6.517E-60	2	1272	2189	33	213	0.978	2.498E-60	8	109	215	1272	1577	306	1239	1577
422508290	1	235	6.517E-60	2	1272	2189	44	74	0.700	3.256E-13	163	213	215	2037	2189	153	2010	2204
422509027	-1	413	1.701E-113	3	14507	17174	1016	141	0.458	1.821E-33	105	268	891	-17174	-16674	501	17294	16644
422509027	-1	413	1.701E-113	3	14507	17174	1027	197	0.606	1.583E-53	260	424	891	-16624	-16130	495	16624	16067
422509027	-1	413	1.701E-113	3	14507	17174	1061	216	0.477	3.479E-58	559	803	891	-15244	-14507	738	15283	14378
422560451	1	206	3.499E-51	1	1272	1577	33	206	0.950	5.379E-58	8	109	166	1272	1577	306	1239	1577
422569250	1	97	2.271E-18	1	1797	1964	41	97	0.818	3.105E-20	29	84	87	1797	1964	168	1689	2006
422587704	1	199	4.479E-49	2	1746	2195	41	106	0.681	2.144E-23	73	148	204	1746	1964	219	1689	2006
422587704	1	199	4.479E-49	2	1746	2195	44	94	0.837	4.119E-20	147	199	204	2037	2195	159	2010	2204
422593602	-1	182	5.870E-44	2	1272	1961	1352	75	0.650	1.942E-13	99	154	266	-1961	-1794	168	1976	1794
422593602	-1	182	5.870E-44	2	1272	1961	1362	113	0.543	5.005E-25	148	254	266	-1592	-1272	321	1664	1212
422603316	1	289	3.618E-76	2	1272	2204	33	225	1.000	1.014E-64	8	109	219	1272	1577	306	1239	1577
422603316	1	289	3.618E-76	2	1272	2204	44	116	0.963	1.092E-27	163	218	219	2037	2204	168	2010	2204
422617303	1	76	4.762E-12	1	27078	27335	624	76	0.456	1.139E-12	9	97	162	27078	27335	258	27036	27425
422617513	1	216	3.417E-54	1	1269	1574	33	216	0.994	1.060E-61	0	101	102	1269	1574	306	1239	1577
422628886	1	216	3.417E-54	1	1266	1574	33	216	0.982	1.994E-61	0	102	103	1266	1574	309	1239	1577
422635829	1	197	1.791E-48	2	1746	2201	41	111	0.710	3.507E-25	14	89	144	1746	1964	219	1689	2006
422635829	1	197	1.791E-48	2	1746	2201	44	87	0.751	1.717E-17	88	142	144	2037	2201	165	2010	2204
422654401	1	218	8.542E-55	1	1266	1574	33	218	0.990	4.106E-62	0	102	103	1266	1574	309	1239	1577
422665573	-1	346	2.510E-93	3	14507	16603	1027	169	0.554	5.937E-44	293	450	914	-16603	-16130	474	16624	16067
422665573	-1	346	2.510E-93	3	14507	16603	1031	64	0.490	4.855E-09	452	518	914	-16070	-15870	201	16127	15867
422665573	-1	346	2.510E-93	3	14507	16603	1061	178	0.412	6.656E-45	586	826	914	-15241	-14507	735	15283	14378
422668589	1	100	2.839E-19	1	1746	1964	41	100	0.646	3.389E-21	10	85	130	1746	1964	219	1689	2006
422668623	1	173	3.006E-41	2	1746	2189	41	101	0.655	9.558E-22	8	83	134	1746	1964	219	1689	2006
422668623	1	173	3.006E-41	2	1746	2189	44	73	0.687	1.162E-12	82	132	134	2037	2189	153	2010	2204
422683182	1	247	1.591E-63	2	1272	2195	33	214	0.986	5.145E-61	8	109	220	1272	1577	306	1239	1577
422683182	1	247	1.591E-63	2	1272	2195	44	85	0.766	4.451E-17	163	215	220	2037	2195	159	2010	2204
422687651	1	216	3.417E-54	1	1266	1574	33	216	0.985	1.060E-61	0	102	103	1266	1574	309	1239	1577
422687781	1	251	9.944E-65	2	1272	2201	33	218	1.000	2.183E-62	8	109	218	1272	1577	306	1239	1577
422687781	1	251	9.944E-65	2	1272	2201	44	85	0.736	8.401E-17	163	217	218	2037	2201	165	2010	2204
422694827	1	220	2.136E-55	1	1266	1574	33	220	1.000	6.166E-63	0	102	103	1266	1574	309	1239	1577
422719502	1	167	1.924E-39	2	1752	2177	41	101	0.693	9.558E-22	94	164	216	1752	1964	213	1689	2006
422719502	1	167	1.924E-39	2	1752	2177	44	67	0.682	1.373E-10	163	209	216	2037	2177	141	2010	2204
422729100	1	268	7.587E-70	2	1272	2198	33	222	1.000	1.742E-63	8	109	220	1272	1577	306	1239	1577
422729100	1	268	7.587E-70	2	1272	2198	44	98	0.854	1.724E-21	163	216	220	2037	2198	162	2010	2204
422729445	-1	535	3.199E-150	4	14176	16624	1027	192	0.587	9.507E-52	264	429	895	-16624	-16124	501	16624	16067
422729445	-1	535	3.199E-150	4	14176	16624	1044	43	0.406	3.352E-02	501	556	895	-15487	-15320	168	15499	15314
422729445	-1	535	3.199E-150	4	14176	16624	1061	260	0.547	3.785E-73	560	807	895	-15241	-14507	735	15283	14378
422729445	-1	535	3.199E-150	4	14176	16624	1065	123	0.617	2.020E-29	795	894	895	-14475	-14176	300	14496	14176
422783503	1	205	6.998E-51	1	1281	1577	33	205	0.972	1.012E-57	0	98	193	1281	1577	297	1239	1577
422809437	1	261	9.711E-68	2	1272	2201	33	219	1.000	1.591E-62	8	109	219	1272	1577	306	1239	1577
422809437	1	261	9.711E-68	2	1272	2201	44	94	0.810	4.119E-20	163	217	219	2037	2201	165	2010	2204
422854632	-1	536	1.600E-150	4	14507	17081	1016	119	0.458	3.876E-26	1	141	746	-17081	-16674	408	17294	16644
422854632	-1	536	1.600E-150	4	14507	17081	1027	178	0.572	5.828E-47	140	299	746	-16603	-16124	480	16624	16067
422854632	-1	536	1.600E-150	4	14507	17081	1031	61	0.470	6.155E-08	299	365	746	-16070	-15870	201	16127	15867
422854632	-1	536	1.600E-150	4	14507	17081	1061	241	0.516	9.479E-67	430	677	746	-15241	-14507	735	15283	14378
422880224	-1	284	1.158E-74	5	14176	17150	1016	126	0.435	2.631E-28	97	255	883	-17150	-16674	477	17294	16644
422880224	-1	284	1.158E-74	5	14176	17150	1027	177	0.551	1.094E-46	247	413	883	-16624	-16124	501	16624	16067
422880224	-1	284	1.158E-74	5	14176	17150	1031	64	0.510	3.535E-09	413	476	883	-16070	-15879	192	16127	15867
422880224	-1	284	1.158E-74	5	14176	17150	1044	62	0.553	5.407E-09	487	542	883	-15487	-15320	168	15499	15314
422880224	-1	284	1.158E-74	5	14176	17150	1065	121	0.677	9.825E-29	795	882	883	-14439	-14176	264	14496	14176
422918503	1	173	3.006E-41	2	1812	2201	41	99	0.905	6.382E-21	0	50	105	1812	1964	153	1689	2006
422918503	1	173	3.006E-41	2	1812	2201	44	75	0.663	1.724E-13	49	103	105	2037	2201	165	2010	2204
422944699	1	74	1.905E-11	1	27069	27314	624	74	0.459	1.031E-11	40	124	127	27069	27314	246	27036	27425
429316051	1	227	1.668E-57	2	1272	2186	33	209	0.965	3.130E-59	8	109	215	1272	1577	306	1239	1577
429316051	1	227	1.668E-57	2	1272	2186	44	70	0.678	7.833E-12	163	212	215	2037	2186	150	2010	2204
430443642	1	218	8.542E-55	3	9289	9874	210	135	0.689	1.581E-33	68	162	221	9289	9576	288	9283	9585
430443642	1	218	8.542E-55	3	9289	9874	212	33	0.689	2.582E+01	163	184	221	9641	9706	66	9584	9706
430443642	1	218	8.542E-55	3	9289	9874	216	48	0.688	1.531E-04	185	217	221	9776	9874	99	9746	9877
430921338	1	164	1.539E-38	2	9289	9874	210	132	0.675	1.988E-32	77	171	249	9289	9576	288	9283	9585
430921338	1	164	1.539E-38	2	9289	9874	216	53	0.745	4.549E-06	194	226	249	9776	9874	99	9746	9877
432178416	1	243	2.546E-62	2	1272	2201	33	218	1.000	2.994E-62	8	109	219	1272	1577	306	1239	1577
432178416	1	243	2.546E-62	2	1272	2201	44	77	0.675	4.834E-14	163	217	219	2037	2201	165	2010	2204
432373956	-1	379	2.922E-103	3	14507	16603	1027	169	0.554	5.937E-44	222	379	843	-16603	-16130	474	16624	16067
432373956	-1	379	2.922E-103	3	14507	16603	1031	65	0.494	1.364E-09	381	448	843	-16070	-15867	204	16127	15867
432373956	-1	379	2.922E-103	3	14507	16603	1061	207	0.460	8.616E-55	513	755	843	-15244	-14507	738	15283	14378
433343361	-1	568	3.725E-160	4	14507	17192	1016	139	0.433	6.368E-33	67	244	869	-17192	-16674	519	17294	16644
433343361	-1	568	3.725E-160	4	14507	17192	1027	179	0.555	3.104E-47	236	402	869	-16624	-16124	501	16624	16067
433343361	-1	568	3.725E-160	4	14507	17192	1031	66	0.501	5.263E-10	402	469	869	-16070	-15867	204	16127	15867
433343361	-1	568	3.725E-160	4	14507	17192	1061	257	0.547	4.652E-72	537	781	869	-15232	-14507	726	15283	14378
433380188	-1	1178	0.000E+00	6	14176	17192	1016	257	0.730	9.799E-74	37	207	825	-17192	-16674	519	17294	16644
433380188	-1	1178	0.000E+00	6	14176	17192	1027	216	0.647	5.849E-60	199	364	825	-16624	-16124	501	16624	16067
433380188	-1	1178	0.000E+00	6	14176	17192	1031	98	0.715	6.902E-21	364	429	825	-16070	-15873	198	16127	15867
433380188	-1	1178	0.000E+00	6	14176	17192	1044	83	0.744	3.541E-16	437	489	825	-15478	-15320	159	15499	15314
433380188	-1	1178	0.000E+00	6	14176	17192	1061	374	0.747	9.987E-113	492	737	825	-15244	-14507	738	15283	14378
433380188	-1	1178	0.000E+00	6	14176	17192	1065	162	0.873	6.988E-43	737	824	825	-14439	-14176	264	14496	14176
433646344	1	269	3.793E-70	2	1272	2198	33	219	1.000	1.160E-62	8	109	218	1272	1577	306	1239	1577
433646344	1	269	3.793E-70	2	1272	2198	44	102	0.888	5.258E-23	163	216	218	2037	2198	162	2010	2204
435157640	1	246	3.182E-63	2	1272	2201	33	213	0.981	1.328E-60	8	109	219	1272	1577	306	1239	1577
435157640	1	246	3.182E-63	2	1272	2201	44	85	0.736	8.401E-17	163	217	219	2037	2201	165	2010	2204
436051336	1	172	6.011E-41	2	9289	9877	210	141	0.717	1.001E-35	77	171	230	9289	9576	288	9283	9585
436051336	1	172	6.011E-41	2	9289	9877	216	52	0.721	6.262E-06	194	227	230	9776	9877	102	9746	9877
436470505	1	166	3.847E-39	2	9289	9874	210	134	0.685	2.977E-33	76	170	256	9289	9576	288	9283	9585
436470505	1	166	3.847E-39	2	9289	9874	216	53	0.745	4.549E-06	193	225	256	9776	9874	99	9746	9877
436558224	1	172	6.011E-41	2	9289	12525	210	140	0.712	2.587E-35	75	169	247	9289	9576	288	9283	9585
436558224	1	172	6.011E-41	2	9289	12525	275	53	0.750	3.305E-06	192	224	247	12427	12525	99	12397	12528
436832028	1	170	2.404E-40	2	9289	9874	210	139	0.710	3.549E-35	73	167	232	9289	9576	288	9283	9585
436832028	1	170	2.404E-40	2	9289	9874	216	52	0.740	6.262E-06	190	222	232	9776	9874	99	9746	9877
436852878	1	201	1.120E-49	3	9289	9877	210	126	0.636	1.216E-30	74	172	293	9289	9585	297	9283	9585
436852878	1	201	1.120E-49	3	9289	9877	212	34	0.705	1.355E+01	166	187	293	9641	9706	66	9584	9706
436852878	1	201	1.120E-49	3	9289	9877	216	54	0.623	1.268E-06	180	221	293	9752	9877	126	9746	9877
436854187	1	167	1.924E-39	2	9289	12525	210	134	0.685	2.977E-33	75	169	247	9289	9576	288	9283	9585
436854187	1	167	1.924E-39	2	9289	12525	275	54	0.766	1.268E-06	192	224	247	12427	12525	99	12397	12528
436894357	1	163	3.078E-38	2	11940	12525	270	133	0.680	7.693E-33	78	172	230	11940	12227	288	11934	12236
436894357	1	163	3.078E-38	2	11940	12525	275	51	0.724	1.633E-05	195	227	230	12427	12525	99	12397	12528
436912441	1	164	1.539E-38	2	9289	12525	210	134	0.685	2.977E-33	77	171	243	9289	9576	288	9283	9585
436912441	1	164	1.539E-38	2	9289	12525	275	51	0.729	1.186E-05	194	226	243	12427	12525	99	12397	12528
437043115	-1	358	6.129E-97	3	14507	16603	1027	163	0.537	1.251E-41	222	379	843	-16603	-16130	474	16624	16067
437043115	-1	358	6.129E-97	3	14507	16603	1031	61	0.470	3.262E-08	381	448	843	-16070	-15867	204	16127	15867
437043115	-1	358	6.129E-97	3	14507	16603	1061	200	0.454	1.275E-52	517	755	843	-15232	-14507	726	15283	14378
437066186	1	249	3.978E-64	2	1272	2201	33	216	0.994	1.060E-61	8	109	219	1272	1577	306	1239	1577
437066186	1	249	3.978E-64	2	1272	2201	44	85	0.742	4.451E-17	163	217	219	2037	2201	165	2010	2204
437079126	1	257	1.554E-66	2	1272	2201	33	212	0.974	4.699E-60	8	109	218	1272	1577	306	1239	1577
437079126	1	257	1.554E-66	2	1272	2201	44	97	0.831	4.467E-21	163	217	218	2037	2201	165	2010	2204
437166259	1	218	8.542E-55	1	1266	1574	33	218	0.992	2.994E-62	0	102	103	1266	1574	309	1239	1577
437187112	1	255	6.215E-66	2	1272	2195	33	214	0.983	9.679E-61	8	109	220	1272	1577	306	1239	1577
437187112	1	255	6.215E-66	2	1272	2195	44	93	0.827	1.068E-19	163	215	220	2037	2195	159	2010	2204
437193506	1	217	1.708E-54	1	1266	1574	33	217	0.987	7.725E-62	0	102	103	1266	1574	309	1239	1577
437197282	1	180	2.348E-43	2	1746	2195	41	104	0.672	7.603E-23	3	78	134	1746	1964	219	1689	2006
437197282	1	180	2.348E-43	2	1746	2195	44	77	0.700	3.518E-14	77	129	134	2037	2195	159	2010	2204
437291107	1	245	6.364E-63	2	1272	2195	33	217	0.996	7.725E-62	19	120	231	1272	1577	306	1239	1577
437291107	1	245	6.364E-63	2	1272	2195	44	80	0.722	3.803E-15	174	226	231	2037	2195	159	2010	2204
437360269	-1	262	4.856E-68	2	14507	16603	1027	191	0.613	1.785E-51	72	229	696	-16603	-16130	474	16624	16067
437360269	-1	262	4.856E-68	2	14507	16603	1061	208	0.468	2.469E-55	368	608	696	-15232	-14507	726	15283	14378
437366746	-1	789	1.105E-226	6	14176	17150	1016	145	0.483	7.953E-35	127	286	907	-17150	-16674	477	17294	16644
437366746	-1	789	1.105E-226	6	14176	17150	1027	171	0.562	1.685E-44	286	441	907	-16600	-16130	471	16624	16067
437366746	-1	789	1.105E-226	6	14176	17150	1031	61	0.475	6.155E-08	443	508	907	-16070	-15873	198	16127	15867
437366746	-1	789	1.105E-226	6	14176	17150	1044	45	0.442	4.918E-03	518	570	907	-15478	-15320	159	15499	15314
437366746	-1	789	1.105E-226	6	14176	17150	1061	264	0.558	1.201E-74	574	819	907	-15241	-14507	735	15283	14378
437366746	-1	789	1.105E-226	6	14176	17150	1065	121	0.609	9.825E-29	807	906	907	-14475	-14176	300	14496	14176
437420026	1	76	4.762E-12	1	27069	27389	624	76	0.387	2.139E-12	57	166	199	27069	27389	321	27036	27425
437422104	-1	412	3.402E-113	4	15329	17177	1016	125	0.412	4.912E-28	63	232	860	-17177	-16674	504	17294	16644
437422104	-1	412	3.402E-113	4	15329	17177	1027	179	0.555	3.104E-47	224	390	860	-16624	-16124	501	16624	16067
437422104	-1	412	3.402E-113	4	15329	17177	1031	68	0.534	2.031E-10	390	453	860	-16070	-15879	192	16127	15867
437422104	-1	412	3.402E-113	4	15329	17177	1044	56	0.531	6.444E-07	464	516	860	-15487	-15329	159	15499	15314
437425303	1	250	1.989E-64	2	1296	2198	33	202	1.000	9.247E-57	58	151	261	1296	1577	282	1239	1577
437425303	1	250	1.989E-64	2	1296	2198	44	100	0.873	2.569E-22	205	258	261	2037	2198	162	2010	2204
437543565	1	225	6.674E-57	3	9286	9877	210	143	0.719	2.058E-36	72	167	228	9286	9576	291	9283	9585
437543565	1	225	6.674E-57	3	9286	9877	212	34	0.726	1.870E+01	169	189	228	9644	9706	63	9584	9706
437543565	1	225	6.674E-57	3	9286	9877	216	49	0.638	5.866E-05	187	223	228	9767	9877	111	9746	9877
437548019	-1	393	1.784E-107	3	14513	16624	1027	173	0.540	3.492E-45	140	306	770	-16624	-16130	495	16624	16067
437548019	-1	393	1.784E-107	3	14513	16624	1031	63	0.505	6.670E-09	309	372	770	-16067	-15876	192	16127	15867
437548019	-1	393	1.784E-107	3	14513	16624	1061	229	0.505	1.141E-62	445	680	770	-15238	-14513	726	15283	14378
440521747	1	225	6.674E-57	3	9289	12525	210	139	0.710	3.549E-35	84	178	237	9289	9576	288	9283	9585
440521747	1	225	6.674E-57	3	9289	12525	212	34	0.713	9.817E+00	179	200	237	9641	9706	66	9584	9706
440521747	1	225	6.674E-57	3	9289	12525	275	50	0.714	3.095E-05	201	233	237	12427	12525	99	12397	12528
442691001	1	99	5.677E-19	1	1746	2003	41	99	0.574	6.382E-21	35	121	161	1746	2003	258	1689	2006
443221827	-1	290	1.809E-76	5	14176	17150	1016	124	0.432	6.712E-28	89	247	875	-17150	-16674	477	17294	16644
443221827	-1	290	1.809E-76	5	14176	17150	1027	180	0.558	1.207E-47	239	405	875	-16624	-16124	501	16624	16067
443221827	-1	290	1.809E-76	5	14176	17150	1031	71	0.555	1.603E-11	405	468	875	-16070	-15879	192	16127	15867
443221827	-1	290	1.809E-76	5	14176	17150	1044	60	0.551	3.657E-08	480	533	875	-15484	-15323	162	15499	15314
443221827	-1	290	1.809E-76	5	14176	17150	1065	123	0.683	3.803E-29	787	874	875	-14439	-14176	264	14496	14176
443733805	1	248	7.956E-64	2	1272	2198	33	216	0.994	1.060E-61	8	109	219	1272	1577	306	1239	1577
443733805	1	248	7.956E-64	2	1272	2198	44	84	0.745	1.154E-16	163	216	219	2037	2198	162	2010	2204
444131250	-1	372	3.741E-101	3	14507	16624	1027	183	0.569	1.824E-48	264	428	893	-16624	-16130	495	16624	16067
444131250	-1	372	3.741E-101	3	14507	16624	1031	60	0.462	8.455E-08	430	497	893	-16070	-15867	204	16127	15867
444131250	-1	372	3.741E-101	3	14507	16624	1061	192	0.435	8.945E-50	563	805	893	-15244	-14507	738	15283	14378
444396683	-1	364	9.576E-99	3	14507	16603	1027	165	0.542	2.593E-42	253	410	873	-16603	-16130	474	16624	16067
444396683	-1	364	9.576E-99	3	14507	16603	1031	66	0.515	9.930E-10	413	477	873	-16067	-15873	195	16127	15867
444396683	-1	364	9.576E-99	3	14507	16603	1061	199	0.446	4.445E-52	544	785	873	-15244	-14507	738	15283	14378
444973587	1	257	1.554E-66	2	1272	2204	33	217	0.996	7.725E-62	8	109	219	1272	1577	306	1239	1577
444973587	1	257	1.554E-66	2	1272	2204	44	92	0.782	2.014E-19	163	217	219	2037	2204	168	2010	2204
446093774	1	249	3.978E-64	2	1272	2195	33	215	0.988	3.751E-61	8	109	219	1272	1577	306	1239	1577
446093774	1	249	3.978E-64	2	1272	2195	44	86	0.773	2.358E-17	163	215	219	2037	2195	159	2010	2204
446206635	1	251	9.944E-65	2	1272	2180	33	214	0.986	5.145E-61	8	109	219	1272	1577	306	1239	1577
446206635	1	251	9.944E-65	2	1272	2180	44	89	0.864	3.508E-18	163	210	219	2037	2180	144	2010	2204
446749754	-1	377	1.169E-102	3	14507	16985	1016	94	0.479	1.675E-17	0	103	725	-16985	-16674	312	17294	16644
446749754	-1	377	1.169E-102	3	14507	16985	1027	197	0.606	1.583E-53	95	259	725	-16624	-16130	495	16624	16067
446749754	-1	377	1.169E-102	3	14507	16985	1061	231	0.509	2.384E-63	398	637	725	-15232	-14507	726	15283	14378
448658249	1	249	3.978E-64	2	1272	2198	33	216	0.994	1.060E-61	8	109	219	1272	1577	306	1239	1577
448658249	1	249	3.978E-64	2	1272	2198	44	85	0.748	8.401E-17	163	216	219	2037	2198	162	2010	2204
449450474	1	279	3.705E-73	2	1272	2201	33	220	1.000	4.495E-63	8	109	219	1272	1577	306	1239	1577
449450474	1	279	3.705E-73	2	1272	2201	44	111	0.942	4.904E-26	163	217	219	2037	2201	165	2010	2204
449530342	1	238	8.146E-61	2	1272	2195	33	209	0.965	3.130E-59	8	109	218	1272	1577	306	1239	1577
449530342	1	238	8.146E-61	2	1272	2195	44	81	0.735	1.067E-15	163	215	218	2037	2195	159	2010	2204
450080619	1	263	2.428E-68	2	1272	2198	33	219	1.000	1.160E-62	8	109	218	1272	1577	306	1239	1577
450080619	1	263	2.428E-68	2	1272	2198	44	96	0.835	1.157E-20	163	216	218	2037	2198	162	2010	2204
450600955	1	244	1.273E-62	2	1272	2201	33	214	0.986	5.145E-61	8	109	220	1272	1577	306	1239	1577
450600955	1	244	1.273E-62	2	1272	2201	44	82	0.718	5.651E-16	163	217	220	2037	2201	165	2010	2204
450635373	-1	689	1.401E-196	5	14507	17174	1016	141	0.449	1.332E-33	73	244	869	-17174	-16674	501	17294	16644
450635373	-1	689	1.401E-196	5	14507	17174	1027	180	0.558	1.207E-47	236	402	869	-16624	-16124	501	16624	16067
450635373	-1	689	1.401E-196	5	14507	17174	1031	70	0.524	3.025E-11	402	469	869	-16070	-15867	204	16127	15867
450635373	-1	689	1.401E-196	5	14507	17174	1044	53	0.501	6.010E-06	478	531	869	-15478	-15317	162	15499	15314
450635373	-1	689	1.401E-196	5	14507	17174	1061	259	0.545	9.697E-73	534	781	869	-15241	-14507	735	15283	14378
451055598	1	181	1.174E-43	2	9289	12528	210	148	0.748	3.369E-38	77	171	232	9289	9576	288	9283	9585
451055598	1	181	1.174E-43	2	9289	12528	275	54	0.741	1.745E-06	194	227	232	12427	12528	102	12397	12528
451137033	1	170	2.404E-40	2	9289	9706	210	135	0.691	1.152E-33	68	162	221	9289	9576	288	9283	9585
451137033	1	170	2.404E-40	2	9289	9706	212	34	0.735	1.355E+01	164	184	221	9644	9706	63	9584	9706
451164267	1	171	1.202E-40	2	9289	12525	210	138	0.701	1.726E-34	73	167	245	9289	9576	288	9283	9585
451164267	1	171	1.202E-40	2	9289	12525	275	54	0.760	1.745E-06	190	222	245	12427	12525	99	12397	12528
451194386	1	170	2.404E-40	2	9289	9874	210	140	0.713	1.885E-35	74	168	232	9289	9576	288	9283	9585
451194386	1	170	2.404E-40	2	9289	9874	216	51	0.719	2.248E-05	191	223	232	9776	9874	99	9746	9877
451219933	1	177	1.878E-42	2	9286	9706	210	139	0.702	4.870E-35	70	166	234	9286	9576	291	9283	9585
451219933	1	177	1.878E-42	2	9286	9706	212	37	0.768	1.032E+00	167	188	234	9641	9706	66	9584	9706
451233946	1	181	1.174E-43	2	9289	9874	210	135	0.667	1.152E-33	70	169	242	9289	9582	294	9283	9585
451233946	1	181	1.174E-43	2	9289	9874	216	50	0.714	3.095E-05	175	207	242	9776	9874	99	9746	9877
451248408	1	167	1.924E-39	2	9286	12525	210	136	0.690	4.460E-34	74	169	238	9286	9576	291	9283	9585
451248408	1	167	1.924E-39	2	9286	12525	275	52	0.740	6.262E-06	192	224	238	12427	12525	99	12397	12528
451492189	1	172	6.011E-41	2	9289	9874	210	143	0.725	2.058E-36	75	169	233	9289	9576	288	9283	9585
451492189	1	172	6.011E-41	2	9289	9874	216	50	0.714	3.095E-05	192	224	233	9776	9874	99	9746	9877
451574037	1	248	7.956E-64	2	1272	2201	33	213	0.981	1.328E-60	8	109	219	1272	1577	306	1239	1577
451574037	1	248	7.956E-64	2	1272	2201	44	87	0.751	1.717E-17	163	217	219	2037	2201	165	2010	2204
451575052	1	234	1.303E-59	3	9286	9874	210	146	0.733	1.638E-37	68	163	225	9286	9576	291	9283	9585
451575052	1	234	1.303E-59	3	9286	9874	212	34	0.726	1.870E+01	165	185	225	9644	9706	63	9584	9706
451575052	1	234	1.303E-59	3	9286	9874	216	52	0.735	8.619E-06	186	218	225	9776	9874	99	9746	9877
451589322	1	261	9.711E-68	2	1272	2198	33	219	1.000	1.591E-62	8	109	219	1272	1577	306	1239	1577
451589322	1	261	9.711E-68	2	1272	2198	44	94	0.826	2.999E-20	163	216	219	2037	2198	162	2010	2204
451621453	1	218	8.542E-55	1	1266	1574	33	218	0.990	4.106E-62	0	102	103	1266	1574	309	1239	1577
451677941	1	220	2.136E-55	1	1266	1577	33	220	0.991	6.166E-63	0	103	104	1266	1577	312	1239	1577
451686449	-1	854	2.996E-246	5	14176	17153	1016	199	0.620	1.669E-53	178	338	961	-17153	-16668	486	17294	16644
451686449	-1	854	2.996E-246	5	14176	17153	1027	187	0.562	4.166E-50	328	499	961	-16624	-16109	516	16624	16067
451686449	-1	854	2.996E-246	5	14176	17153	1031	79	0.583	1.491E-14	494	561	961	-16070	-15867	204	16127	15867
451686449	-1	854	2.996E-246	5	14176	17153	1061	337	0.683	6.937E-100	628	873	961	-15244	-14507	738	15283	14378
451686449	-1	854	2.996E-246	5	14176	17153	1065	130	0.721	6.800E-32	873	960	961	-14439	-14176	264	14496	14176
451689558	1	97	2.271E-18	1	6264	6737	147	97	0.351	3.685E-19	4	168	174	6264	6737	474	6237	6764
451719226	1	235	6.517E-60	2	1272	2189	33	213	0.978	2.498E-60	8	109	215	1272	1577	306	1239	1577
451719226	1	235	6.517E-60	2	1272	2189	44	74	0.700	3.256E-13	163	213	215	2037	2189	153	2010	2204
451733460	1	251	9.944E-65	2	1272	2195	33	212	0.974	4.699E-60	8	109	220	1272	1577	306	1239	1577
451733460	1	251	9.944E-65	2	1272	2195	44	91	0.814	3.801E-19	163	215	220	2037	2195	159	2010	2204
451733501	1	253	2.486E-65	2	1272	2195	33	214	0.983	9.679E-61	8	109	220	1272	1577	306	1239	1577
451733501	1	253	2.486E-65	2	1272	2195	44	91	0.814	3.801E-19	163	215	220	2037	2195	159	2010	2204
451741670	1	203	2.799E-50	2	1746	2195	41	110	0.703	9.060E-25	1	76	132	1746	1964	219	1689	2006
451741670	1	203	2.799E-50	2	1746	2195	44	94	0.833	5.658E-20	75	127	132	2037	2195	159	2010	2204
451744163	1	233	2.607E-59	2	1272	2195	33	204	0.942	2.612E-57	8	109	220	1272	1577	306	1239	1577
451744163	1	233	2.607E-59	2	1272	2195	44	81	0.731	1.466E-15	163	215	220	2037	2195	159	2010	2204
451770899	-1	658	3.009E-187	5	14176	17150	1016	143	0.484	2.783E-34	107	263	888	-17150	-16677	474	17294	16644
451770899	-1	658	3.009E-187	5	14176	17150	1027	171	0.540	1.685E-44	256	419	888	-16624	-16130	495	16624	16067
451770899	-1	658	3.009E-187	5	14176	17150	1031	63	0.494	1.258E-08	422	486	888	-16067	-15873	195	16127	15867
451770899	-1	658	3.009E-187	5	14176	17150	1061	245	0.522	5.649E-68	553	800	888	-15241	-14507	735	15283	14378
451770899	-1	658	3.009E-187	5	14176	17150	1065	119	0.599	6.557E-28	788	887	888	-14475	-14176	300	14496	14176
451796370	-1	129	5.287E-28	3	1797	2179	1343	43	0.819	5.996E-03	12	35	116	-2179	-2108	72	2194	2090
451796370	-1	129	5.287E-28	3	1797	2179	1346	31	0.894	5.291E+01	44	58	116	-2083	-2039	45	2086	2039
451796370	-1	129	5.287E-28	3	1797	2179	1352	63	0.617	1.979E-09	57	106	116	-1946	-1797	150	1976	1794
451803887	1	216	3.417E-54	1	1266	1574	33	216	0.984	1.453E-61	0	102	103	1266	1574	309	1239	1577
451921861	1	181	1.174E-43	2	1791	2195	41	102	0.724	5.076E-22	6	71	172	1791	1994	204	1689	2006
451921861	1	181	1.174E-43	2	1791	2195	44	88	0.786	6.621E-18	62	114	172	2037	2195	159	2010	2204
451926679	1	171	1.202E-40	2	1746	2177	41	104	0.670	1.043E-22	89	164	216	1746	1964	219	1689	2006
451926679	1	171	1.202E-40	2	1746	2177	44	68	0.693	5.284E-11	163	209	216	2037	2177	141	2010	2204
451937925	-1	536	1.600E-150	4	14507	17081	1016	116	0.448	4.693E-25	1	141	746	-17081	-16674	408	17294	16644
451937925	-1	536	1.600E-150	4	14507	17081	1027	176	0.567	2.813E-46	140	299	746	-16603	-16124	480	16624	16067
451937925	-1	536	1.600E-150	4	14507	17081	1031	61	0.470	6.155E-08	299	365	746	-16070	-15870	201	16127	15867
451937925	-1	536	1.600E-150	4	14507	17081	1061	246	0.525	1.613E-68	430	677	746	-15241	-14507	735	15283	14378
451938012	-1	539	2.000E-151	4	14507	17081	1016	116	0.448	4.693E-25	1	141	746	-17081	-16674	408	17294	16644
451938012	-1	539	2.000E-151	4	14507	17081	1027	178	0.572	5.828E-47	140	299	746	-16603	-16124	480	16624	16067
451938012	-1	539	2.000E-151	4	14507	17081	1031	63	0.482	1.258E-08	299	365	746	-16070	-15870	201	16127	15867
451938012	-1	539	2.000E-151	4	14507	17081	1061	245	0.522	5.649E-68	430	677	746	-15241	-14507	735	15283	14378
451955700	-1	348	6.276E-94	3	14507	16594	1027	163	0.534	1.251E-41	245	402	863	-16594	-16118	477	16624	16067
451955700	-1	348	6.276E-94	3	14507	16594	1031	67	0.522	3.832E-10	402	466	863	-16064	-15870	195	16127	15867
451955700	-1	348	6.276E-94	3	14507	16594	1061	185	0.426	1.792E-47	535	775	863	-15238	-14507	732	15283	14378
452003204	-1	487	9.005E-136	4	14176	16615	1027	160	0.507	1.132E-40	235	401	865	-16615	-16124	492	16624	16067
452003204	-1	487	9.005E-136	4	14176	16615	1031	59	0.468	3.011E-07	401	465	865	-16070	-15876	195	16127	15867
452003204	-1	487	9.005E-136	4	14176	16615	1061	222	0.480	4.362E-60	530	777	865	-15256	-14507	750	15283	14378
452003204	-1	487	9.005E-136	4	14176	16615	1065	120	0.602	3.483E-28	765	864	865	-14475	-14176	300	14496	14176
452013209	1	218	8.542E-55	1	1266	1574	33	218	0.994	2.183E-62	0	102	103	1266	1574	309	1239	1577
452071270	-1	778	2.263E-223	6	14176	17150	1016	137	0.456	4.162E-32	87	249	874	-17150	-16674	477	17294	16644
452071270	-1	778	2.263E-223	6	14176	17150	1027	171	0.536	1.230E-44	241	407	874	-16624	-16124	501	16624	16067
452071270	-1	778	2.263E-223	6	14176	17150	1031	67	0.519	2.790E-10	407	472	874	-16070	-15873	198	16127	15867
452071270	-1	778	2.263E-223	6	14176	17150	1044	54	0.512	4.368E-06	483	535	874	-15478	-15320	159	15499	15314
452071270	-1	778	2.263E-223	6	14176	17150	1061	257	0.543	3.400E-72	539	786	874	-15241	-14507	735	15283	14378
452071270	-1	778	2.263E-223	6	14176	17150	1065	120	0.604	2.538E-28	774	873	874	-14475	-14176	300	14496	14176
452091901	1	249	3.978E-64	2	1272	2195	33	218	1.000	2.183E-62	8	109	218	1272	1577	306	1239	1577
452091901	1	249	3.978E-64	2	1272	2195	44	83	0.747	2.993E-16	163	215	218	2037	2195	159	2010	2204
458006090	1	258	7.769E-67	2	1272	2201	33	217	0.997	5.632E-62	8	109	219	1272	1577	306	1239	1577
458006090	1	258	7.769E-67	2	1272	2201	44	93	0.797	1.466E-19	163	217	219	2037	2201	165	2010	2204
459065026	1	249	3.978E-64	2	1272	2195	33	215	0.988	3.751E-61	8	109	218	1272	1577	306	1239	1577
459065026	1	249	3.978E-64	2	1272	2195	44	86	0.773	2.358E-17	163	215	218	2037	2195	159	2010	2204
459292157	-1	622	2.068E-176	5	14693	17150	1016	132	0.451	2.426E-30	72	227	734	-17150	-16674	477	17294	16644
459292157	-1	622	2.068E-176	5	14693	17150	1027	186	0.579	7.821E-50	219	383	734	-16624	-16130	495	16624	16067
459292157	-1	622	2.068E-176	5	14693	17150	1031	66	0.497	9.930E-10	385	452	734	-16070	-15867	204	16127	15867
459292157	-1	622	2.068E-176	5	14693	17150	1044	53	0.501	1.138E-05	461	513	734	-15478	-15320	159	15499	15314
459292157	-1	622	2.068E-176	5	14693	17150	1061	199	0.563	2.381E-52	517	698	734	-15241	-14693	549	15283	14378
460108487	1	239	4.073E-61	2	1272	2180	33	219	1.000	1.160E-62	8	109	219	1272	1577	306	1239	1577
460108487	1	239	4.073E-61	2	1272	2180	44	72	0.716	2.195E-12	163	210	219	2037	2180	144	2010	2204
460541870	1	234	1.303E-59	2	1272	2195	33	207	0.955	2.084E-58	8	109	220	1272	1577	306	1239	1577
460541870	1	234	1.303E-59	2	1272	2195	44	79	0.715	7.180E-15	163	215	220	2037	2195	159	2010	2204
460913576	1	75	9.525E-12	1	27075	27335	624	75	0.447	2.930E-12	12	101	174	27075	27335	261	27036	27425
461250166	-1	481	5.763E-134	4	14513	17156	1016	114	0.394	2.228E-24	124	288	906	-17156	-16674	483	17294	16644
461250166	-1	481	5.763E-134	4	14513	17156	1027	154	0.494	1.268E-38	280	445	906	-16624	-16130	495	16624	16067
461250166	-1	481	5.763E-134	4	14513	17156	1044	50	0.460	1.063E-04	521	576	906	-15484	-15317	168	15499	15314
461250166	-1	481	5.763E-134	4	14513	17156	1061	254	0.524	4.177E-71	566	816	906	-15280	-14513	768	15283	14378
461418808	-1	396	2.230E-108	3	14176	16624	1027	174	0.543	1.358E-45	273	439	904	-16624	-16130	495	16624	16067
461418808	-1	396	2.230E-108	3	14176	16624	1061	254	0.543	4.177E-71	577	816	904	-15241	-14507	735	15283	14378
461418808	-1	396	2.230E-108	3	14176	16624	1065	116	0.587	6.004E-27	804	903	904	-14475	-14176	300	14496	14176
461864476	1	220	2.136E-55	2	1272	2177	33	203	0.938	4.915E-57	8	109	216	1272	1577	306	1239	1577
461864476	1	220	2.136E-55	2	1272	2177	44	69	0.700	2.796E-11	163	209	216	2037	2177	141	2010	2204
462590814	-1	700	6.841E-200	5	14176	17150	1016	141	0.464	9.736E-34	63	227	851	-17150	-16668	483	17294	16644
462590814	-1	700	6.841E-200	5	14176	17150	1027	179	0.598	3.104E-47	231	382	851	-16585	-16130	456	16624	16067
462590814	-1	700	6.841E-200	5	14176	17150	1031	61	0.465	6.155E-08	384	451	851	-16070	-15867	204	16127	15867
462590814	-1	700	6.841E-200	5	14176	17150	1061	266	0.558	2.502E-75	516	763	851	-15241	-14507	735	15283	14378
462590814	-1	700	6.841E-200	5	14176	17150	1065	127	0.632	1.172E-30	751	850	851	-14475	-14176	300	14496	14176
463041459	-1	610	8.469E-173	5	14176	17183	1016	112	0.376	1.057E-23	97	269	887	-17183	-16674	510	17294	16644
463041459	-1	610	8.469E-173	5	14176	17183	1027	171	0.552	2.309E-44	268	424	887	-16603	-16124	480	16624	16067
463041459	-1	610	8.469E-173	5	14176	17183	1031	64	0.498	3.535E-09	424	489	887	-16070	-15873	198	16127	15867
463041459	-1	610	8.469E-173	5	14176	17183	1061	222	0.486	4.362E-60	555	799	887	-15244	-14507	738	15283	14378
463041459	-1	610	8.469E-173	5	14176	17183	1065	116	0.587	6.004E-27	787	886	887	-14475	-14176	300	14496	14176
463301777	1	91	1.453E-16	1	2037	2180	44	91	0.889	3.801E-19	28	75	84	2037	2180	144	2010	2204
465161114	1	241	1.018E-61	2	1272	2201	33	214	0.984	7.056E-61	8	109	219	1272	1577	306	1239	1577
465161114	1	241	1.018E-61	2	1272	2201	44	79	0.690	9.866E-15	163	217	219	2037	2201	165	2010	2204
 