#gene_id	taxID	e_value	fasta_id
LONINKCB_00521			LONINKCB_00521-0
LONINKCB_00522			LONINKCB_00522-0
LONINKCB_00523			LONINKCB_00523-0
LONINKCB_00524			LONINKCB_00524-0
LONINKCB_00628			LONINKCB_00628-0
LONINKCB_00629			LONINKCB_00629-0
LONINKCB_00630			LONINKCB_00630-0
LONINKCB_00631			LONINKCB_00631-0
LONINKCB_00632			LONINKCB_00632-0
LONINKCB_00633			LONINKCB_00633-0
LONINKCB_00634	38358	1.19e-40	LONINKCB_00634-0
LONINKCB_00635		1.50e-14	LONINKCB_00635-0
LONINKCB_00636		1.15e-07	LONINKCB_00636-0
LONINKCB_00637	131567	1.92e-57	LONINKCB_00637-0
LONINKCB_00638	131567	2.98e-48	LONINKCB_00638-0
LONINKCB_00639		3.99e-78	LONINKCB_00639-0
LONINKCB_00640	35572	1.33e-99	LONINKCB_00640-0
LONINKCB_00113			LONINKCB_00113-0
LONINKCB_00114			LONINKCB_00114-0
LONINKCB_00115			LONINKCB_00115-0
LONINKCB_00116			LONINKCB_00116-0
LONINKCB_00117			LONINKCB_00117-0
LONINKCB_00118			LONINKCB_00118-0
LONINKCB_00119			LONINKCB_00119-0
LONINKCB_00120			LONINKCB_00120-0
LONINKCB_00121			LONINKCB_00121-0
LONINKCB_00122			LONINKCB_00122-0
LONINKCB_00123			LONINKCB_00123-0
LONINKCB_00124			LONINKCB_00124-0
LONINKCB_00125			LONINKCB_00125-0
LONINKCB_00126			LONINKCB_00126-0
LONINKCB_00127			LONINKCB_00127-0
LONINKCB_00128			LONINKCB_00128-0
LONINKCB_00129			LONINKCB_00129-0
LONINKCB_00130			LONINKCB_00130-0
LONINKCB_00131			LONINKCB_00131-0
LONINKCB_00132			LONINKCB_00132-0
LONINKCB_00133			LONINKCB_00133-0
LONINKCB_00134			LONINKCB_00134-0
LONINKCB_00135			LONINKCB_00135-0
LONINKCB_00136			LONINKCB_00136-0
LONINKCB_00137			LONINKCB_00137-0
LONINKCB_00138			LONINKCB_00138-0
LONINKCB_00139			LONINKCB_00139-0
LONINKCB_00140			LONINKCB_00140-0
LONINKCB_00141			LONINKCB_00141-0
LONINKCB_00142			LONINKCB_00142-0
LONINKCB_00143			LONINKCB_00143-0
LONINKCB_00525			LONINKCB_00525-0
LONINKCB_00526			LONINKCB_00526-0
LONINKCB_00527			LONINKCB_00527-0
LONINKCB_00528			LONINKCB_00528-0
LONINKCB_00529			LONINKCB_00529-0
LONINKCB_00530			LONINKCB_00530-0
LONINKCB_00531			LONINKCB_00531-0
LONINKCB_00532			LONINKCB_00532-0
LONINKCB_00533			LONINKCB_00533-0
LONINKCB_00534			LONINKCB_00534-0
LONINKCB_00535			LONINKCB_00535-0
LONINKCB_00536			LONINKCB_00536-0
LONINKCB_00537			LONINKCB_00537-0
LONINKCB_00538			LONINKCB_00538-0
LONINKCB_00539			LONINKCB_00539-0
LONINKCB_00540			LONINKCB_00540-0
LONINKCB_00541			LONINKCB_00541-0
LONINKCB_00542			LONINKCB_00542-0
LONINKCB_00543			LONINKCB_00543-0
LONINKCB_00544	38358	9.89e-27	LONINKCB_00544-0
LONINKCB_00545	38358	1.26e-113	LONINKCB_00545-0
LONINKCB_00546	38358	1.10e-22	LONINKCB_00546-0
LONINKCB_00547	38358	1.27e-20	LONINKCB_00547-0
LONINKCB_00548			LONINKCB_00548-0
LONINKCB_00549			LONINKCB_00549-0
LONINKCB_00550			LONINKCB_00550-0
LONINKCB_00551			LONINKCB_00551-0
LONINKCB_00552			LONINKCB_00552-0
LONINKCB_00553			LONINKCB_00553-0
LONINKCB_00554			LONINKCB_00554-0
LONINKCB_00555			LONINKCB_00555-0
LONINKCB_00556			LONINKCB_00556-0
LONINKCB_00557			LONINKCB_00557-0
LONINKCB_00558			LONINKCB_00558-0
LONINKCB_00559			LONINKCB_00559-0
LONINKCB_00560			LONINKCB_00560-0
LONINKCB_00561			LONINKCB_00561-0
LONINKCB_00562			LONINKCB_00562-0
LONINKCB_00563			LONINKCB_00563-0
LONINKCB_00059			LONINKCB_00059-0
LONINKCB_00060			LONINKCB_00060-0
LONINKCB_00061			LONINKCB_00061-0
LONINKCB_00062			LONINKCB_00062-0
LONINKCB_00063			LONINKCB_00063-0
LONINKCB_00064			LONINKCB_00064-0
LONINKCB_00065			LONINKCB_00065-0
LONINKCB_00066			LONINKCB_00066-0
LONINKCB_00067			LONINKCB_00067-0
LONINKCB_00068			LONINKCB_00068-0
LONINKCB_00069			LONINKCB_00069-0
LONINKCB_00070			LONINKCB_00070-0
LONINKCB_00071			LONINKCB_00071-0
LONINKCB_00072			LONINKCB_00072-0
LONINKCB_00073			LONINKCB_00073-0
LONINKCB_00074			LONINKCB_00074-0
LONINKCB_00075			LONINKCB_00075-0
LONINKCB_00076			LONINKCB_00076-0
LONINKCB_00077			LONINKCB_00077-0
LONINKCB_00078			LONINKCB_00078-0
LONINKCB_00079			LONINKCB_00079-0
LONINKCB_00080			LONINKCB_00080-0
LONINKCB_00081			LONINKCB_00081-0
LONINKCB_00082			LONINKCB_00082-0
LONINKCB_00083			LONINKCB_00083-0
LONINKCB_00084			LONINKCB_00084-0
LONINKCB_00085			LONINKCB_00085-0
LONINKCB_00086			LONINKCB_00086-0
LONINKCB_00087			LONINKCB_00087-0
LONINKCB_00088			LONINKCB_00088-0
LONINKCB_00089			LONINKCB_00089-0
LONINKCB_00090			LONINKCB_00090-0
LONINKCB_00091			LONINKCB_00091-0
LONINKCB_00092			LONINKCB_00092-0
LONINKCB_00093			LONINKCB_00093-0
LONINKCB_00094			LONINKCB_00094-0
LONINKCB_00095			LONINKCB_00095-0
LONINKCB_00096			LONINKCB_00096-0
LONINKCB_00097			LONINKCB_00097-0
LONINKCB_00098			LONINKCB_00098-0
LONINKCB_00099			LONINKCB_00099-0
LONINKCB_00100			LONINKCB_00100-0
LONINKCB_00101			LONINKCB_00101-0
LONINKCB_00102			LONINKCB_00102-0
LONINKCB_00103			LONINKCB_00103-0
LONINKCB_00104			LONINKCB_00104-0
LONINKCB_00105			LONINKCB_00105-0
LONINKCB_00106			LONINKCB_00106-0
LONINKCB_00107			LONINKCB_00107-0
LONINKCB_00108			LONINKCB_00108-0
LONINKCB_00109			LONINKCB_00109-0
LONINKCB_00110			LONINKCB_00110-0
LONINKCB_00111			LONINKCB_00111-0
LONINKCB_00112			LONINKCB_00112-0
LONINKCB_01318			LONINKCB_01318-0
LONINKCB_01319			LONINKCB_01319-0
LONINKCB_01320			LONINKCB_01320-0
LONINKCB_01321			LONINKCB_01321-0
LONINKCB_01322			LONINKCB_01322-0
LONINKCB_01323			LONINKCB_01323-0
LONINKCB_01324			LONINKCB_01324-0
LONINKCB_01325	38358	1.13e-16	LONINKCB_01325-0
LONINKCB_01326			LONINKCB_01326-0
LONINKCB_01327			LONINKCB_01327-0
LONINKCB_01328	38358	4.09e-16	LONINKCB_01328-0
LONINKCB_01329			LONINKCB_01329-0
LONINKCB_01330	182803	9.85e-05	LONINKCB_01330-0
LONINKCB_01331		1.36e-04	LONINKCB_01331-0
LONINKCB_01332		4.90e-08	LONINKCB_01332-0
LONINKCB_01333		2.56e-04	LONINKCB_01333-0
LONINKCB_01334			LONINKCB_01334-0
LONINKCB_01335		2.58e-20	LONINKCB_01335-0
LONINKCB_01336			LONINKCB_01336-0
LONINKCB_01337		2.28e-11	LONINKCB_01337-0
LONINKCB_01338	35572	8.86e-37	LONINKCB_01338-0
LONINKCB_01339			LONINKCB_01339-0
LONINKCB_01340		7.31e-54	LONINKCB_01340-0
LONINKCB_01341		2.77e-28	LONINKCB_01341-0
LONINKCB_01342	38358	2.96e-11	LONINKCB_01342-0
LONINKCB_01343			LONINKCB_01343-0
LONINKCB_01344			LONINKCB_01344-0
LONINKCB_00001			LONINKCB_00001-0
LONINKCB_00002			LONINKCB_00002-0
LONINKCB_00003			LONINKCB_00003-0
LONINKCB_00004			LONINKCB_00004-0
LONINKCB_00005			LONINKCB_00005-0
LONINKCB_00006			LONINKCB_00006-0
LONINKCB_00007			LONINKCB_00007-0
LONINKCB_00008			LONINKCB_00008-0
LONINKCB_00009			LONINKCB_00009-0
LONINKCB_00010			LONINKCB_00010-0
LONINKCB_00011			LONINKCB_00011-0
LONINKCB_00012			LONINKCB_00012-0
LONINKCB_00013			LONINKCB_00013-0
LONINKCB_00014			LONINKCB_00014-0
LONINKCB_00015			LONINKCB_00015-0
LONINKCB_00016			LONINKCB_00016-0
LONINKCB_00017			LONINKCB_00017-0
LONINKCB_00018			LONINKCB_00018-0
LONINKCB_00019	35571	1.94e-06	LONINKCB_00019-0
LONINKCB_00020	38358	4.25e-41	LONINKCB_00020-0
LONINKCB_00021			LONINKCB_00021-0
LONINKCB_00022			LONINKCB_00022-0
LONINKCB_00023			LONINKCB_00023-0
LONINKCB_00024			LONINKCB_00024-0
LONINKCB_00025			LONINKCB_00025-0
LONINKCB_00026			LONINKCB_00026-0
LONINKCB_00027		7.19e-32	LONINKCB_00027-0
LONINKCB_00028		5.03e-15	LONINKCB_00028-0
LONINKCB_00029			LONINKCB_00029-0
LONINKCB_00030			LONINKCB_00030-0
LONINKCB_00031			LONINKCB_00031-0
LONINKCB_00032			LONINKCB_00032-0
LONINKCB_00033			LONINKCB_00033-0
LONINKCB_00034			LONINKCB_00034-0
LONINKCB_00035			LONINKCB_00035-0
LONINKCB_00036			LONINKCB_00036-0
LONINKCB_00037			LONINKCB_00037-0
LONINKCB_00038			LONINKCB_00038-0
LONINKCB_00039			LONINKCB_00039-0
LONINKCB_00040			LONINKCB_00040-0
LONINKCB_00041	38358	1.01e-14	LONINKCB_00041-0
LONINKCB_00042			LONINKCB_00042-0
LONINKCB_00043			LONINKCB_00043-0
LONINKCB_00044			LONINKCB_00044-0
LONINKCB_00045			LONINKCB_00045-0
LONINKCB_00046			LONINKCB_00046-0
LONINKCB_00047			LONINKCB_00047-0
LONINKCB_00048			LONINKCB_00048-0
LONINKCB_00049			LONINKCB_00049-0
LONINKCB_00050			LONINKCB_00050-0
LONINKCB_00051			LONINKCB_00051-0
LONINKCB_00052			LONINKCB_00052-0
LONINKCB_00053			LONINKCB_00053-0
LONINKCB_00054			LONINKCB_00054-0
LONINKCB_00055			LONINKCB_00055-0
LONINKCB_00056			LONINKCB_00056-0
LONINKCB_00057	38358	1.76e-22	LONINKCB_00057-0
LONINKCB_00058			LONINKCB_00058-0
LONINKCB_02476			LONINKCB_02476-0
LONINKCB_02477			LONINKCB_02477-0
LONINKCB_02478			LONINKCB_02478-0
LONINKCB_02479			LONINKCB_02479-0
LONINKCB_02480			LONINKCB_02480-0
LONINKCB_02481			LONINKCB_02481-0
LONINKCB_02482			LONINKCB_02482-0
LONINKCB_02483			LONINKCB_02483-0
LONINKCB_02484			LONINKCB_02484-0
LONINKCB_02485			LONINKCB_02485-0
LONINKCB_02486			LONINKCB_02486-0
LONINKCB_02487	38358	7.80e-25	LONINKCB_02487-0
LONINKCB_02488	38358	1.90e-38	LONINKCB_02488-0
LONINKCB_02489			LONINKCB_02489-0
LONINKCB_02490		6.92e-15	LONINKCB_02490-0
LONINKCB_02491			LONINKCB_02491-0
LONINKCB_02492	131567	1.17e-33	LONINKCB_02492-0
LONINKCB_02493		9.95e-223	LONINKCB_02493-0
LONINKCB_02494			LONINKCB_02494-0
LONINKCB_02495			LONINKCB_02495-0
LONINKCB_02496			LONINKCB_02496-0
LONINKCB_00564			LONINKCB_00564-0
LONINKCB_00565			LONINKCB_00565-0
LONINKCB_00566			LONINKCB_00566-0
LONINKCB_00567			LONINKCB_00567-0
LONINKCB_00568			LONINKCB_00568-0
LONINKCB_00569			LONINKCB_00569-0
LONINKCB_00570			LONINKCB_00570-0
LONINKCB_00571			LONINKCB_00571-0
LONINKCB_00572			LONINKCB_00572-0
LONINKCB_00573			LONINKCB_00573-0
LONINKCB_00574			LONINKCB_00574-0
LONINKCB_00575			LONINKCB_00575-0
LONINKCB_00576		1.67e-102	LONINKCB_00576-0
LONINKCB_00577	2	2.87e-14	LONINKCB_00577-0
LONINKCB_00578			LONINKCB_00578-0
LONINKCB_00579			LONINKCB_00579-0
LONINKCB_00580			LONINKCB_00580-0
LONINKCB_00581			LONINKCB_00581-0
LONINKCB_00582			LONINKCB_00582-0
LONINKCB_00583			LONINKCB_00583-0
LONINKCB_00584			LONINKCB_00584-0
LONINKCB_00585			LONINKCB_00585-0
LONINKCB_00586			LONINKCB_00586-0
LONINKCB_00587			LONINKCB_00587-0
LONINKCB_00588			LONINKCB_00588-0
LONINKCB_00589			LONINKCB_00589-0
LONINKCB_00590			LONINKCB_00590-0
LONINKCB_00591			LONINKCB_00591-0
LONINKCB_00592			LONINKCB_00592-0
LONINKCB_00593			LONINKCB_00593-0
LONINKCB_00594			LONINKCB_00594-0
LONINKCB_00595			LONINKCB_00595-0
LONINKCB_00596			LONINKCB_00596-0
LONINKCB_00597			LONINKCB_00597-0
LONINKCB_00598			LONINKCB_00598-0
LONINKCB_00599	35571	1.23e-163	LONINKCB_00599-0
LONINKCB_00600			LONINKCB_00600-0
LONINKCB_00601			LONINKCB_00601-0
LONINKCB_00602			LONINKCB_00602-0
LONINKCB_00603			LONINKCB_00603-0
LONINKCB_00604			LONINKCB_00604-0
LONINKCB_00605			LONINKCB_00605-0
LONINKCB_00606			LONINKCB_00606-0
LONINKCB_00607	35571	1.45e-103	LONINKCB_00607-0
LONINKCB_00608			LONINKCB_00608-0
LONINKCB_00609			LONINKCB_00609-0
LONINKCB_00610			LONINKCB_00610-0
LONINKCB_00611			LONINKCB_00611-0
LONINKCB_00612			LONINKCB_00612-0
LONINKCB_00613			LONINKCB_00613-0
LONINKCB_00614			LONINKCB_00614-0
LONINKCB_00615			LONINKCB_00615-0
LONINKCB_00616			LONINKCB_00616-0
LONINKCB_00617			LONINKCB_00617-0
LONINKCB_00618			LONINKCB_00618-0
LONINKCB_00619			LONINKCB_00619-0
LONINKCB_00620			LONINKCB_00620-0
LONINKCB_00621			LONINKCB_00621-0
LONINKCB_00622			LONINKCB_00622-0
LONINKCB_00623			LONINKCB_00623-0
LONINKCB_00624			LONINKCB_00624-0
LONINKCB_00625			LONINKCB_00625-0
LONINKCB_00626		1.07e-19	LONINKCB_00626-0
LONINKCB_00627		1.34e-26	LONINKCB_00627-0
LONINKCB_01268			LONINKCB_01268-0
LONINKCB_01269			LONINKCB_01269-0
LONINKCB_01270			LONINKCB_01270-0
LONINKCB_01271			LONINKCB_01271-0
LONINKCB_01272			LONINKCB_01272-0
LONINKCB_01273			LONINKCB_01273-0
LONINKCB_01274			LONINKCB_01274-0
LONINKCB_01275			LONINKCB_01275-0
LONINKCB_01276			LONINKCB_01276-0
LONINKCB_01277			LONINKCB_01277-0
LONINKCB_01278	38358	1.17e-35	LONINKCB_01278-0
LONINKCB_01279	38358	8.62e-36	LONINKCB_01279-0
LONINKCB_01280			LONINKCB_01280-0
LONINKCB_01281	38358	3.02e-39	LONINKCB_01281-0
LONINKCB_01282	38358	1.34e-49	LONINKCB_01282-0
LONINKCB_01283			LONINKCB_01283-0
LONINKCB_01284	38358	8.56e-28	LONINKCB_01284-0
LONINKCB_01285	38358	1.37e-61	LONINKCB_01285-0
LONINKCB_01286			LONINKCB_01286-0
LONINKCB_01287			LONINKCB_01287-0
LONINKCB_01288	38358	1.55e-61	LONINKCB_01288-0
LONINKCB_01289			LONINKCB_01289-0
LONINKCB_01290			LONINKCB_01290-0
LONINKCB_01291			LONINKCB_01291-0
LONINKCB_01292			LONINKCB_01292-0
LONINKCB_01293			LONINKCB_01293-0
LONINKCB_01294		3.52e-12	LONINKCB_01294-0
LONINKCB_01295		8.86e-23	LONINKCB_01295-0
LONINKCB_01296		2.41e-97	LONINKCB_01296-0
LONINKCB_01297			LONINKCB_01297-0
LONINKCB_01298			LONINKCB_01298-0
LONINKCB_01299	35571	6.80e-275	LONINKCB_01299-0
LONINKCB_01300		9.85e-55	LONINKCB_01300-0
LONINKCB_01301			LONINKCB_01301-0
LONINKCB_01302			LONINKCB_01302-0
LONINKCB_01303			LONINKCB_01303-0
LONINKCB_01304			LONINKCB_01304-0
LONINKCB_01305			LONINKCB_01305-0
LONINKCB_01306			LONINKCB_01306-0
LONINKCB_01307			LONINKCB_01307-0
LONINKCB_01308			LONINKCB_01308-0
LONINKCB_01309			LONINKCB_01309-0
LONINKCB_01310			LONINKCB_01310-0
LONINKCB_01311			LONINKCB_01311-0
LONINKCB_01312		3.91e-73	LONINKCB_01312-0
LONINKCB_01313			LONINKCB_01313-0
LONINKCB_01314			LONINKCB_01314-0
LONINKCB_01315			LONINKCB_01315-0
LONINKCB_01316			LONINKCB_01316-0
LONINKCB_01317			LONINKCB_01317-0
LONINKCB_02759			LONINKCB_02759-0
LONINKCB_02760			LONINKCB_02760-0
LONINKCB_02761			LONINKCB_02761-0
LONINKCB_02762			LONINKCB_02762-0
LONINKCB_02763			LONINKCB_02763-0
LONINKCB_02764			LONINKCB_02764-0
LONINKCB_02765			LONINKCB_02765-0
LONINKCB_02766			LONINKCB_02766-0
LONINKCB_02767			LONINKCB_02767-0
LONINKCB_02768			LONINKCB_02768-0
LONINKCB_02769			LONINKCB_02769-0
LONINKCB_02770			LONINKCB_02770-0
LONINKCB_02771			LONINKCB_02771-0
LONINKCB_02772			LONINKCB_02772-0
LONINKCB_02773			LONINKCB_02773-0
LONINKCB_02774			LONINKCB_02774-0
LONINKCB_02775			LONINKCB_02775-0
LONINKCB_02776			LONINKCB_02776-0
LONINKCB_02777			LONINKCB_02777-0
LONINKCB_02778			LONINKCB_02778-0
LONINKCB_02779			LONINKCB_02779-0
LONINKCB_02780			LONINKCB_02780-0
LONINKCB_02781			LONINKCB_02781-0
LONINKCB_02782			LONINKCB_02782-0
LONINKCB_02783			LONINKCB_02783-0
LONINKCB_02784			LONINKCB_02784-0
LONINKCB_00440			LONINKCB_00440-0
LONINKCB_00441			LONINKCB_00441-0
LONINKCB_00442			LONINKCB_00442-0
LONINKCB_00443			LONINKCB_00443-0
LONINKCB_00444			LONINKCB_00444-0
LONINKCB_00445			LONINKCB_00445-0
LONINKCB_00446			LONINKCB_00446-0
LONINKCB_00447			LONINKCB_00447-0
LONINKCB_00448			LONINKCB_00448-0
LONINKCB_00449			LONINKCB_00449-0
LONINKCB_00450			LONINKCB_00450-0
LONINKCB_00451			LONINKCB_00451-0
LONINKCB_00452			LONINKCB_00452-0
LONINKCB_00453			LONINKCB_00453-0
LONINKCB_00454			LONINKCB_00454-0
LONINKCB_00455			LONINKCB_00455-0
LONINKCB_00456			LONINKCB_00456-0
LONINKCB_00457			LONINKCB_00457-0
LONINKCB_00458			LONINKCB_00458-0
LONINKCB_00459			LONINKCB_00459-0
LONINKCB_00460			LONINKCB_00460-0
LONINKCB_00461			LONINKCB_00461-0
LONINKCB_00462			LONINKCB_00462-0
LONINKCB_00463			LONINKCB_00463-0
LONINKCB_00464			LONINKCB_00464-0
LONINKCB_00465			LONINKCB_00465-0
LONINKCB_00466			LONINKCB_00466-0
LONINKCB_00467			LONINKCB_00467-0
LONINKCB_00468			LONINKCB_00468-0
LONINKCB_00469			LONINKCB_00469-0
LONINKCB_00470			LONINKCB_00470-0
LONINKCB_00471			LONINKCB_00471-0
LONINKCB_00472			LONINKCB_00472-0
LONINKCB_00473			LONINKCB_00473-0
LONINKCB_00474			LONINKCB_00474-0
LONINKCB_00475			LONINKCB_00475-0
LONINKCB_00476			LONINKCB_00476-0
LONINKCB_00477			LONINKCB_00477-0
LONINKCB_00478			LONINKCB_00478-0
LONINKCB_00479			LONINKCB_00479-0
LONINKCB_00480			LONINKCB_00480-0
LONINKCB_00481			LONINKCB_00481-0
LONINKCB_00482			LONINKCB_00482-0
LONINKCB_00483			LONINKCB_00483-0
LONINKCB_00484			LONINKCB_00484-0
LONINKCB_00485			LONINKCB_00485-0
LONINKCB_00486			LONINKCB_00486-0
LONINKCB_00487			LONINKCB_00487-0
LONINKCB_00488			LONINKCB_00488-0
LONINKCB_00489			LONINKCB_00489-0
LONINKCB_00490			LONINKCB_00490-0
LONINKCB_00491			LONINKCB_00491-0
LONINKCB_00492			LONINKCB_00492-0
LONINKCB_00493			LONINKCB_00493-0
LONINKCB_00494			LONINKCB_00494-0
LONINKCB_00495			LONINKCB_00495-0
LONINKCB_00496			LONINKCB_00496-0
LONINKCB_00497			LONINKCB_00497-0
LONINKCB_00498			LONINKCB_00498-0
LONINKCB_00499			LONINKCB_00499-0
LONINKCB_00500			LONINKCB_00500-0
LONINKCB_00501			LONINKCB_00501-0
LONINKCB_00502			LONINKCB_00502-0
LONINKCB_00503			LONINKCB_00503-0
LONINKCB_00504			LONINKCB_00504-0
LONINKCB_00505			LONINKCB_00505-0
LONINKCB_00506			LONINKCB_00506-0
LONINKCB_00507			LONINKCB_00507-0
LONINKCB_00508			LONINKCB_00508-0
LONINKCB_00509			LONINKCB_00509-0
LONINKCB_00510			LONINKCB_00510-0
LONINKCB_00511			LONINKCB_00511-0
LONINKCB_00512			LONINKCB_00512-0
LONINKCB_00513			LONINKCB_00513-0
LONINKCB_00514			LONINKCB_00514-0
LONINKCB_00515			LONINKCB_00515-0
LONINKCB_00516			LONINKCB_00516-0
LONINKCB_00517			LONINKCB_00517-0
LONINKCB_00518			LONINKCB_00518-0
LONINKCB_00519			LONINKCB_00519-0
LONINKCB_00520			LONINKCB_00520-0
LONINKCB_02497			LONINKCB_02497-0
LONINKCB_02498			LONINKCB_02498-0
LONINKCB_02499		1.40e-14	LONINKCB_02499-0
LONINKCB_02500	35571	1.69e-63	LONINKCB_02500-0
LONINKCB_02501			LONINKCB_02501-0
LONINKCB_02502			LONINKCB_02502-0
LONINKCB_02503			LONINKCB_02503-0
LONINKCB_02504			LONINKCB_02504-0
LONINKCB_02505			LONINKCB_02505-0
LONINKCB_02506			LONINKCB_02506-0
LONINKCB_02507			LONINKCB_02507-0
LONINKCB_02508			LONINKCB_02508-0
LONINKCB_02509			LONINKCB_02509-0
LONINKCB_02510			LONINKCB_02510-0
LONINKCB_02511			LONINKCB_02511-0
LONINKCB_02512			LONINKCB_02512-0
LONINKCB_02513	38358	1.07e-18	LONINKCB_02513-0
LONINKCB_02514		3.69e-12	LONINKCB_02514-0
LONINKCB_02515		1.83e-27	LONINKCB_02515-0
LONINKCB_02516	35571	6.38e-127	LONINKCB_02516-0
LONINKCB_02517			LONINKCB_02517-0
LONINKCB_02518			LONINKCB_02518-0
LONINKCB_02519			LONINKCB_02519-0
LONINKCB_02520			LONINKCB_02520-0
LONINKCB_02521	38358	7.68e-75	LONINKCB_02521-0
LONINKCB_02522			LONINKCB_02522-0
LONINKCB_02523	38358	6.87e-112	LONINKCB_02523-0
LONINKCB_02524			LONINKCB_02524-0
LONINKCB_02525			LONINKCB_02525-0
LONINKCB_02526			LONINKCB_02526-0
LONINKCB_02527			LONINKCB_02527-0
LONINKCB_02528			LONINKCB_02528-0
LONINKCB_02529			LONINKCB_02529-0
LONINKCB_02530	35572	4.00e-04	LONINKCB_02530-0
LONINKCB_02531			LONINKCB_02531-0
LONINKCB_02532			LONINKCB_02532-0
LONINKCB_02533			LONINKCB_02533-0
LONINKCB_02534		3.40e-18	LONINKCB_02534-0
LONINKCB_02535	38358	3.76e-112	LONINKCB_02535-0
LONINKCB_02536	38358	1.33e-53	LONINKCB_02536-0
LONINKCB_02537			LONINKCB_02537-0
LONINKCB_02538	38358	5.78e-36	LONINKCB_02538-0
LONINKCB_02539	38358	1.79e-36	LONINKCB_02539-0
LONINKCB_02540	38358	1.28e-35	LONINKCB_02540-0
LONINKCB_02541	38358	5.49e-131	LONINKCB_02541-0
LONINKCB_02542			LONINKCB_02542-0
LONINKCB_02543		1.11e-104	LONINKCB_02543-0
LONINKCB_02544			LONINKCB_02544-0
LONINKCB_02545			LONINKCB_02545-0
LONINKCB_02546			LONINKCB_02546-0
LONINKCB_02547	35571	3.40e-170	LONINKCB_02547-0
LONINKCB_02548	35571	4.29e-41	LONINKCB_02548-0
LONINKCB_02549	35571	1.18e-32	LONINKCB_02549-0
LONINKCB_02550			LONINKCB_02550-0
LONINKCB_02551			LONINKCB_02551-0
LONINKCB_02552			LONINKCB_02552-0
LONINKCB_02553			LONINKCB_02553-0
LONINKCB_02554			LONINKCB_02554-0
LONINKCB_02555			LONINKCB_02555-0
LONINKCB_02556			LONINKCB_02556-0
LONINKCB_02557			LONINKCB_02557-0
LONINKCB_02558			LONINKCB_02558-0
LONINKCB_02559		1.87e-47	LONINKCB_02559-0
LONINKCB_02560		2.35e-42	LONINKCB_02560-0
LONINKCB_02561		3.17e-59	LONINKCB_02561-0
LONINKCB_02562	35571	9.16e-221	LONINKCB_02562-0
LONINKCB_02563		1.93e-17	LONINKCB_02563-0
LONINKCB_02564		2.91e-10	LONINKCB_02564-0
LONINKCB_02565	35571	1.97e-240	LONINKCB_02565-0
LONINKCB_02566	35571	2.94e-34	LONINKCB_02566-0
LONINKCB_02567	38358	5.15e-124	LONINKCB_02567-0
LONINKCB_02568			LONINKCB_02568-0
LONINKCB_02569			LONINKCB_02569-0
LONINKCB_03997			LONINKCB_03997-0
LONINKCB_03998	35572	6.30e-06	LONINKCB_03998-0
LONINKCB_03999			LONINKCB_03999-0
LONINKCB_04000			LONINKCB_04000-0
LONINKCB_04001			LONINKCB_04001-0
LONINKCB_04002			LONINKCB_04002-0
LONINKCB_04003			LONINKCB_04003-0
LONINKCB_04004			LONINKCB_04004-0
LONINKCB_04005			LONINKCB_04005-0
LONINKCB_04006			LONINKCB_04006-0
LONINKCB_04007			LONINKCB_04007-0
LONINKCB_04008			LONINKCB_04008-0
LONINKCB_04009			LONINKCB_04009-0
LONINKCB_04010			LONINKCB_04010-0
LONINKCB_04011			LONINKCB_04011-0
LONINKCB_04012			LONINKCB_04012-0
LONINKCB_04013			LONINKCB_04013-0
LONINKCB_04014			LONINKCB_04014-0
LONINKCB_04015			LONINKCB_04015-0
LONINKCB_04016			LONINKCB_04016-0
LONINKCB_04017			LONINKCB_04017-0
LONINKCB_04018			LONINKCB_04018-0
LONINKCB_04019			LONINKCB_04019-0
LONINKCB_04020			LONINKCB_04020-0
LONINKCB_04021			LONINKCB_04021-0
LONINKCB_04022			LONINKCB_04022-0
LONINKCB_04023			LONINKCB_04023-0
LONINKCB_03467		2.04e-05	LONINKCB_03467-0
LONINKCB_03468			LONINKCB_03468-0
LONINKCB_03469			LONINKCB_03469-0
LONINKCB_03470			LONINKCB_03470-0
LONINKCB_03471			LONINKCB_03471-0
LONINKCB_03472			LONINKCB_03472-0
LONINKCB_03473	35572	6.53e-06	LONINKCB_03473-0
LONINKCB_03474			LONINKCB_03474-0
LONINKCB_03475			LONINKCB_03475-0
LONINKCB_03476			LONINKCB_03476-0
LONINKCB_03477			LONINKCB_03477-0
LONINKCB_03478			LONINKCB_03478-0
LONINKCB_03479			LONINKCB_03479-0
LONINKCB_03480			LONINKCB_03480-0
LONINKCB_03481			LONINKCB_03481-0
LONINKCB_03482			LONINKCB_03482-0
LONINKCB_03483			LONINKCB_03483-0
LONINKCB_03484			LONINKCB_03484-0
LONINKCB_03485			LONINKCB_03485-0
LONINKCB_03486			LONINKCB_03486-0
LONINKCB_03487			LONINKCB_03487-0
LONINKCB_03488			LONINKCB_03488-0
LONINKCB_03489			LONINKCB_03489-0
LONINKCB_03490			LONINKCB_03490-0
LONINKCB_03491			LONINKCB_03491-0
LONINKCB_03492			LONINKCB_03492-0
LONINKCB_03493			LONINKCB_03493-0
LONINKCB_03494			LONINKCB_03494-0
LONINKCB_03495			LONINKCB_03495-0
LONINKCB_03496			LONINKCB_03496-0
LONINKCB_03497			LONINKCB_03497-0
LONINKCB_03498			LONINKCB_03498-0
LONINKCB_03499			LONINKCB_03499-0
LONINKCB_03500			LONINKCB_03500-0
LONINKCB_03501			LONINKCB_03501-0
LONINKCB_03502			LONINKCB_03502-0
LONINKCB_03503			LONINKCB_03503-0
LONINKCB_03504			LONINKCB_03504-0
LONINKCB_03505			LONINKCB_03505-0
LONINKCB_03506			LONINKCB_03506-0
LONINKCB_03507			LONINKCB_03507-0
LONINKCB_03508			LONINKCB_03508-0
LONINKCB_03509			LONINKCB_03509-0
LONINKCB_03510			LONINKCB_03510-0
LONINKCB_03511			LONINKCB_03511-0
LONINKCB_03512			LONINKCB_03512-0
LONINKCB_03513			LONINKCB_03513-0
LONINKCB_03514			LONINKCB_03514-0
LONINKCB_02570			LONINKCB_02570-0
LONINKCB_02571			LONINKCB_02571-0
LONINKCB_02572			LONINKCB_02572-0
LONINKCB_02573			LONINKCB_02573-0
LONINKCB_02574	35571	5.36e-52	LONINKCB_02574-0
LONINKCB_02575			LONINKCB_02575-0
LONINKCB_02576	35571	1.71e-90	LONINKCB_02576-0
LONINKCB_02577	38358	2.77e-31	LONINKCB_02577-0
LONINKCB_02578			LONINKCB_02578-0
LONINKCB_02579			LONINKCB_02579-0
LONINKCB_02580			LONINKCB_02580-0
LONINKCB_02581	38358	7.81e-102	LONINKCB_02581-0
LONINKCB_02582	38358	2.59e-204	LONINKCB_02582-0
LONINKCB_02583	38358	8.29e-76	LONINKCB_02583-0
LONINKCB_02584	38358	9.20e-27	LONINKCB_02584-0
LONINKCB_02585			LONINKCB_02585-0
LONINKCB_02586			LONINKCB_02586-0
LONINKCB_02587	35571	0.0	LONINKCB_02587-0
LONINKCB_02588			LONINKCB_02588-0
LONINKCB_02589		1.27e-21	LONINKCB_02589-0
LONINKCB_02590	35571	1.95e-07	LONINKCB_02590-0
LONINKCB_02591		1.20e-20	LONINKCB_02591-0
LONINKCB_02592			LONINKCB_02592-0
LONINKCB_02593			LONINKCB_02593-0
LONINKCB_02594			LONINKCB_02594-0
LONINKCB_02595			LONINKCB_02595-0
LONINKCB_02596			LONINKCB_02596-0
LONINKCB_02597	35571	4.64e-19	LONINKCB_02597-0
LONINKCB_02598	35571	3.84e-141	LONINKCB_02598-0
LONINKCB_02599			LONINKCB_02599-0
LONINKCB_02600			LONINKCB_02600-0
LONINKCB_02601			LONINKCB_02601-0
LONINKCB_02602			LONINKCB_02602-0
LONINKCB_02603			LONINKCB_02603-0
LONINKCB_02604			LONINKCB_02604-0
LONINKCB_02605			LONINKCB_02605-0
LONINKCB_02606			LONINKCB_02606-0
LONINKCB_02607			LONINKCB_02607-0
LONINKCB_02608			LONINKCB_02608-0
LONINKCB_02609			LONINKCB_02609-0
LONINKCB_02610			LONINKCB_02610-0
LONINKCB_02611			LONINKCB_02611-0
LONINKCB_02612			LONINKCB_02612-0
LONINKCB_02613			LONINKCB_02613-0
LONINKCB_02614			LONINKCB_02614-0
LONINKCB_02615			LONINKCB_02615-0
LONINKCB_02616			LONINKCB_02616-0
LONINKCB_02617			LONINKCB_02617-0
LONINKCB_02618			LONINKCB_02618-0
LONINKCB_02619			LONINKCB_02619-0
LONINKCB_02620			LONINKCB_02620-0
LONINKCB_02621			LONINKCB_02621-0
LONINKCB_02622			LONINKCB_02622-0
LONINKCB_02623	35571	4.07e-06	LONINKCB_02623-0
LONINKCB_02624			LONINKCB_02624-0
LONINKCB_02625			LONINKCB_02625-0
LONINKCB_02626			LONINKCB_02626-0
LONINKCB_02627			LONINKCB_02627-0
LONINKCB_02628			LONINKCB_02628-0
LONINKCB_02629			LONINKCB_02629-0
LONINKCB_02630			LONINKCB_02630-0
LONINKCB_02631			LONINKCB_02631-0
LONINKCB_02632			LONINKCB_02632-0
LONINKCB_02633			LONINKCB_02633-0
LONINKCB_02634			LONINKCB_02634-0
LONINKCB_02635			LONINKCB_02635-0
LONINKCB_02636			LONINKCB_02636-0
LONINKCB_02637			LONINKCB_02637-0
LONINKCB_02638			LONINKCB_02638-0
LONINKCB_02639			LONINKCB_02639-0
LONINKCB_02640			LONINKCB_02640-0
LONINKCB_02641			LONINKCB_02641-0
LONINKCB_02642			LONINKCB_02642-0
LONINKCB_02643			LONINKCB_02643-0
LONINKCB_02644			LONINKCB_02644-0
LONINKCB_02645			LONINKCB_02645-0
LONINKCB_02646			LONINKCB_02646-0
LONINKCB_02647			LONINKCB_02647-0
LONINKCB_02648	35571	7.59e-46	LONINKCB_02648-0
LONINKCB_02649			LONINKCB_02649-0
LONINKCB_02650			LONINKCB_02650-0
LONINKCB_02651			LONINKCB_02651-0
LONINKCB_02652			LONINKCB_02652-0
LONINKCB_02653			LONINKCB_02653-0
LONINKCB_02654			LONINKCB_02654-0
LONINKCB_02655			LONINKCB_02655-0
LONINKCB_02656			LONINKCB_02656-0
LONINKCB_02657	35571	1.39e-12	LONINKCB_02657-0
LONINKCB_02658	35571	1.95e-06	LONINKCB_02658-0
LONINKCB_02659			LONINKCB_02659-0
LONINKCB_02660	35571	1.46e-47	LONINKCB_02660-0
LONINKCB_05917		9.95e-44	LONINKCB_05917-0
LONINKCB_05918			LONINKCB_05918-0
LONINKCB_05919	178035	1.27e-05	LONINKCB_05919-0
LONINKCB_02661			LONINKCB_02661-0
LONINKCB_02662		2.16e-12	LONINKCB_02662-0
LONINKCB_02663		1.30e-31	LONINKCB_02663-0
LONINKCB_02664			LONINKCB_02664-0
LONINKCB_02665			LONINKCB_02665-0
LONINKCB_02666		6.62e-26	LONINKCB_02666-0
LONINKCB_02667	2	1.45e-43	LONINKCB_02667-0
LONINKCB_02668		3.23e-25	LONINKCB_02668-0
LONINKCB_02669	1564500	4.30e-10	LONINKCB_02669-0
LONINKCB_02670	1564500	1.47e-60	LONINKCB_02670-0
LONINKCB_02671			LONINKCB_02671-0
LONINKCB_02672	35571	4.57e-11	LONINKCB_02672-0
LONINKCB_02673			LONINKCB_02673-0
LONINKCB_02674			LONINKCB_02674-0
LONINKCB_02675			LONINKCB_02675-0
LONINKCB_02676			LONINKCB_02676-0
LONINKCB_02677			LONINKCB_02677-0
LONINKCB_02678			LONINKCB_02678-0
LONINKCB_02679			LONINKCB_02679-0
LONINKCB_02680			LONINKCB_02680-0
LONINKCB_02681			LONINKCB_02681-0
LONINKCB_02682		3.03e-34	LONINKCB_02682-0
LONINKCB_02683		2.16e-12	LONINKCB_02683-0
LONINKCB_02684	131567	7.51e-13	LONINKCB_02684-0
LONINKCB_02685		8.14e-50	LONINKCB_02685-0
LONINKCB_02686		4.30e-55	LONINKCB_02686-0
LONINKCB_02687	35571	2.44e-22	LONINKCB_02687-0
LONINKCB_02688			LONINKCB_02688-0
LONINKCB_02689	1564500	3.21e-27	LONINKCB_02689-0
LONINKCB_02690	1564500	5.02e-59	LONINKCB_02690-0
LONINKCB_02691			LONINKCB_02691-0
LONINKCB_02692			LONINKCB_02692-0
LONINKCB_02693			LONINKCB_02693-0
LONINKCB_02694	38358	3.86e-29	LONINKCB_02694-0
LONINKCB_02695			LONINKCB_02695-0
LONINKCB_02696	1564500	4.71e-34	LONINKCB_02696-0
LONINKCB_02697	1564500	5.06e-19	LONINKCB_02697-0
LONINKCB_02698	1564500	1.06e-57	LONINKCB_02698-0
LONINKCB_02699			LONINKCB_02699-0
LONINKCB_02700			LONINKCB_02700-0
LONINKCB_02701	35571	6.27e-22	LONINKCB_02701-0
LONINKCB_02702			LONINKCB_02702-0
LONINKCB_02703			LONINKCB_02703-0
LONINKCB_02704			LONINKCB_02704-0
LONINKCB_02705	35571	4.02e-11	LONINKCB_02705-0
LONINKCB_02706			LONINKCB_02706-0
LONINKCB_02707			LONINKCB_02707-0
LONINKCB_02708	1564500	4.24e-57	LONINKCB_02708-0
LONINKCB_02709	1564500	3.09e-60	LONINKCB_02709-0
LONINKCB_02710	1564500	2.53e-25	LONINKCB_02710-0
LONINKCB_02711	35571	1.27e-08	LONINKCB_02711-0
LONINKCB_02712	35571	2.80e-22	LONINKCB_02712-0
LONINKCB_02713			LONINKCB_02713-0
LONINKCB_02714			LONINKCB_02714-0
LONINKCB_02715			LONINKCB_02715-0
LONINKCB_02716			LONINKCB_02716-0
LONINKCB_02717	1564500	5.21e-26	LONINKCB_02717-0
LONINKCB_02718	1564500	5.01e-34	LONINKCB_02718-0
LONINKCB_02719	35571	2.06e-09	LONINKCB_02719-0
LONINKCB_02720			LONINKCB_02720-0
LONINKCB_02721			LONINKCB_02721-0
LONINKCB_02722			LONINKCB_02722-0
LONINKCB_02723			LONINKCB_02723-0
LONINKCB_02724			LONINKCB_02724-0
LONINKCB_02725	35571	2.99e-22	LONINKCB_02725-0
LONINKCB_02726			LONINKCB_02726-0
LONINKCB_02727			LONINKCB_02727-0
LONINKCB_02728			LONINKCB_02728-0
LONINKCB_02729			LONINKCB_02729-0
LONINKCB_02730			LONINKCB_02730-0
LONINKCB_02731	1564500	2.79e-33	LONINKCB_02731-0
LONINKCB_02732	1564500	1.72e-23	LONINKCB_02732-0
LONINKCB_02733	1564500	1.46e-45	LONINKCB_02733-0
LONINKCB_02734			LONINKCB_02734-0
LONINKCB_02735			LONINKCB_02735-0
LONINKCB_02736			LONINKCB_02736-0
LONINKCB_02737	35571	5.30e-22	LONINKCB_02737-0
LONINKCB_02738			LONINKCB_02738-0
LONINKCB_02739			LONINKCB_02739-0
LONINKCB_02740			LONINKCB_02740-0
LONINKCB_02741			LONINKCB_02741-0
LONINKCB_02742	35571	5.94e-24	LONINKCB_02742-0
LONINKCB_02743	35571	1.84e-25	LONINKCB_02743-0
LONINKCB_02744		3.52e-24	LONINKCB_02744-0
LONINKCB_02745			LONINKCB_02745-0
LONINKCB_02746			LONINKCB_02746-0
LONINKCB_02747		4.67e-09	LONINKCB_02747-0
LONINKCB_02748			LONINKCB_02748-0
LONINKCB_02749			LONINKCB_02749-0
LONINKCB_02750			LONINKCB_02750-0
LONINKCB_02751	35571	4.31e-25	LONINKCB_02751-0
LONINKCB_02752	35571	3.02e-28	LONINKCB_02752-0
LONINKCB_02753	35571	0.0	LONINKCB_02753-0
LONINKCB_02754			LONINKCB_02754-0
LONINKCB_02755			LONINKCB_02755-0
LONINKCB_02756			LONINKCB_02756-0
LONINKCB_02757			LONINKCB_02757-0
LONINKCB_02758			LONINKCB_02758-0
LONINKCB_05920		2.56e-08	LONINKCB_05920-0
LONINKCB_05921		9.15e-45	LONINKCB_05921-0
LONINKCB_05922		3.32e-26	LONINKCB_05922-0
LONINKCB_05923		1.54e-19	LONINKCB_05923-0
LONINKCB_05924	178035	5.22e-05	LONINKCB_05924-0
LONINKCB_01345	1564500	2.44e-12	LONINKCB_01345-0
LONINKCB_01346			LONINKCB_01346-0
LONINKCB_01347			LONINKCB_01347-0
LONINKCB_01348			LONINKCB_01348-0
LONINKCB_01349			LONINKCB_01349-0
LONINKCB_01350			LONINKCB_01350-0
LONINKCB_01351			LONINKCB_01351-0
LONINKCB_01352			LONINKCB_01352-0
LONINKCB_01353			LONINKCB_01353-0
LONINKCB_01354		2.60e-12	LONINKCB_01354-0
LONINKCB_01355			LONINKCB_01355-0
LONINKCB_01356			LONINKCB_01356-0
LONINKCB_01357	38358	8.58e-12	LONINKCB_01357-0
LONINKCB_01358		9.77e-05	LONINKCB_01358-0
LONINKCB_01359			LONINKCB_01359-0
LONINKCB_01360			LONINKCB_01360-0
LONINKCB_01361			LONINKCB_01361-0
LONINKCB_01362			LONINKCB_01362-0
LONINKCB_01363		3.48e-08	LONINKCB_01363-0
LONINKCB_01364			LONINKCB_01364-0
LONINKCB_01365			LONINKCB_01365-0
LONINKCB_01366			LONINKCB_01366-0
LONINKCB_01367			LONINKCB_01367-0
LONINKCB_01368			LONINKCB_01368-0
LONINKCB_01369			LONINKCB_01369-0
LONINKCB_01370			LONINKCB_01370-0
LONINKCB_01371			LONINKCB_01371-0
LONINKCB_01372			LONINKCB_01372-0
LONINKCB_01373			LONINKCB_01373-0
LONINKCB_01374			LONINKCB_01374-0
LONINKCB_01375			LONINKCB_01375-0
LONINKCB_01376			LONINKCB_01376-0
LONINKCB_01377			LONINKCB_01377-0
LONINKCB_01378			LONINKCB_01378-0
LONINKCB_01379			LONINKCB_01379-0
LONINKCB_01380			LONINKCB_01380-0
LONINKCB_01381			LONINKCB_01381-0
LONINKCB_01382			LONINKCB_01382-0
LONINKCB_01383			LONINKCB_01383-0
LONINKCB_01384			LONINKCB_01384-0
LONINKCB_01385			LONINKCB_01385-0
LONINKCB_01386			LONINKCB_01386-0
LONINKCB_01387			LONINKCB_01387-0
LONINKCB_01388			LONINKCB_01388-0
LONINKCB_01389			LONINKCB_01389-0
LONINKCB_01390			LONINKCB_01390-0
LONINKCB_01391			LONINKCB_01391-0
LONINKCB_01392			LONINKCB_01392-0
LONINKCB_01393			LONINKCB_01393-0
LONINKCB_01394			LONINKCB_01394-0
LONINKCB_01395			LONINKCB_01395-0
LONINKCB_01396			LONINKCB_01396-0
LONINKCB_01397			LONINKCB_01397-0
LONINKCB_01398			LONINKCB_01398-0
LONINKCB_01399			LONINKCB_01399-0
LONINKCB_01400			LONINKCB_01400-0
LONINKCB_01401			LONINKCB_01401-0
LONINKCB_01402		1.46e-05	LONINKCB_01402-0
LONINKCB_01403	38358	1.03e-48	LONINKCB_01403-0
LONINKCB_01404	38358	1.20e-145	LONINKCB_01404-0
LONINKCB_01405			LONINKCB_01405-0
LONINKCB_01406			LONINKCB_01406-0
LONINKCB_01407			LONINKCB_01407-0
LONINKCB_01408			LONINKCB_01408-0
LONINKCB_01409			LONINKCB_01409-0
LONINKCB_01410			LONINKCB_01410-0
LONINKCB_01411			LONINKCB_01411-0
LONINKCB_01412			LONINKCB_01412-0
LONINKCB_01413			LONINKCB_01413-0
LONINKCB_01414			LONINKCB_01414-0
LONINKCB_01415			LONINKCB_01415-0
LONINKCB_01416			LONINKCB_01416-0
LONINKCB_01417			LONINKCB_01417-0
LONINKCB_01418			LONINKCB_01418-0
LONINKCB_01419			LONINKCB_01419-0
LONINKCB_01420			LONINKCB_01420-0
LONINKCB_01421	38358	1.16e-18	LONINKCB_01421-0
LONINKCB_01422			LONINKCB_01422-0
LONINKCB_01423		4.70e-67	LONINKCB_01423-0
LONINKCB_01424	38358	4.09e-64	LONINKCB_01424-0
LONINKCB_01425	38358	8.48e-114	LONINKCB_01425-0
LONINKCB_01426	38358	4.72e-16	LONINKCB_01426-0
LONINKCB_01427			LONINKCB_01427-0
LONINKCB_01428			LONINKCB_01428-0
LONINKCB_01429			LONINKCB_01429-0
LONINKCB_01430			LONINKCB_01430-0
LONINKCB_01431			LONINKCB_01431-0
LONINKCB_01432			LONINKCB_01432-0
LONINKCB_01433			LONINKCB_01433-0
LONINKCB_01434			LONINKCB_01434-0
LONINKCB_01435			LONINKCB_01435-0
LONINKCB_01436			LONINKCB_01436-0
LONINKCB_01437			LONINKCB_01437-0
LONINKCB_01438			LONINKCB_01438-0
LONINKCB_01439			LONINKCB_01439-0
LONINKCB_01440			LONINKCB_01440-0
LONINKCB_01441	38358	2.03e-18	LONINKCB_01441-0
LONINKCB_01442			LONINKCB_01442-0
LONINKCB_01443			LONINKCB_01443-0
LONINKCB_01444			LONINKCB_01444-0
LONINKCB_01445			LONINKCB_01445-0
LONINKCB_01446			LONINKCB_01446-0
LONINKCB_01447			LONINKCB_01447-0
LONINKCB_01448			LONINKCB_01448-0
LONINKCB_01449			LONINKCB_01449-0
LONINKCB_01450			LONINKCB_01450-0
LONINKCB_01451			LONINKCB_01451-0
LONINKCB_01452			LONINKCB_01452-0
LONINKCB_01453			LONINKCB_01453-0
LONINKCB_01454			LONINKCB_01454-0
LONINKCB_01455			LONINKCB_01455-0
LONINKCB_01456			LONINKCB_01456-0
LONINKCB_01457			LONINKCB_01457-0
LONINKCB_01458			LONINKCB_01458-0
LONINKCB_01459			LONINKCB_01459-0
LONINKCB_01460			LONINKCB_01460-0
LONINKCB_01461			LONINKCB_01461-0
LONINKCB_01462			LONINKCB_01462-0
LONINKCB_01463			LONINKCB_01463-0
LONINKCB_01464			LONINKCB_01464-0
LONINKCB_01465			LONINKCB_01465-0
LONINKCB_01466			LONINKCB_01466-0
LONINKCB_01467			LONINKCB_01467-0
LONINKCB_01468			LONINKCB_01468-0
LONINKCB_01469			LONINKCB_01469-0
LONINKCB_01470	1564500	3.51e-11	LONINKCB_01470-0
LONINKCB_01471			LONINKCB_01471-0
LONINKCB_01472			LONINKCB_01472-0
LONINKCB_01473			LONINKCB_01473-0
LONINKCB_01474	35571	4.14e-18	LONINKCB_01474-0
LONINKCB_01476			LONINKCB_01476-0
LONINKCB_01477			LONINKCB_01477-0
LONINKCB_01478			LONINKCB_01478-0
LONINKCB_01479			LONINKCB_01479-0
LONINKCB_01480			LONINKCB_01480-0
LONINKCB_01481			LONINKCB_01481-0
LONINKCB_01482			LONINKCB_01482-0
LONINKCB_01483			LONINKCB_01483-0
LONINKCB_06875			LONINKCB_06875-0
LONINKCB_07310			LONINKCB_07310-0
LONINKCB_07311			LONINKCB_07311-0
LONINKCB_05925			LONINKCB_05925-0
LONINKCB_05926			LONINKCB_05926-0
LONINKCB_05927			LONINKCB_05927-0
LONINKCB_05928			LONINKCB_05928-0
LONINKCB_05929			LONINKCB_05929-0
LONINKCB_05930			LONINKCB_05930-0
LONINKCB_05931			LONINKCB_05931-0
LONINKCB_05932			LONINKCB_05932-0
LONINKCB_05933			LONINKCB_05933-0
LONINKCB_05934			LONINKCB_05934-0
LONINKCB_05935			LONINKCB_05935-0
LONINKCB_05936			LONINKCB_05936-0
LONINKCB_05937			LONINKCB_05937-0
LONINKCB_05938			LONINKCB_05938-0
LONINKCB_05939			LONINKCB_05939-0
LONINKCB_05940			LONINKCB_05940-0
LONINKCB_05941			LONINKCB_05941-0
LONINKCB_05942	35571	1.33e-18	LONINKCB_05942-0
LONINKCB_05943	35571	3.99e-27	LONINKCB_05943-0
LONINKCB_05944			LONINKCB_05944-0
LONINKCB_05945	35571	2.45e-36	LONINKCB_05945-0
LONINKCB_05946			LONINKCB_05946-0
LONINKCB_05947		1.14e-12	LONINKCB_05947-0
LONINKCB_05948	35571	7.29e-279	LONINKCB_05948-0
LONINKCB_05949			LONINKCB_05949-0
LONINKCB_05950			LONINKCB_05950-0
LONINKCB_05951			LONINKCB_05951-0
LONINKCB_05952			LONINKCB_05952-0
LONINKCB_05953			LONINKCB_05953-0
LONINKCB_05954			LONINKCB_05954-0
LONINKCB_05955			LONINKCB_05955-0
LONINKCB_05956		4.17e-16	LONINKCB_05956-0
LONINKCB_05957			LONINKCB_05957-0
LONINKCB_05958			LONINKCB_05958-0
LONINKCB_05959			LONINKCB_05959-0
LONINKCB_05960			LONINKCB_05960-0
LONINKCB_05961			LONINKCB_05961-0
LONINKCB_05962	38358	1.29e-19	LONINKCB_05962-0
LONINKCB_05963			LONINKCB_05963-0
LONINKCB_05964			LONINKCB_05964-0
LONINKCB_05965			LONINKCB_05965-0
LONINKCB_05966			LONINKCB_05966-0
LONINKCB_05967			LONINKCB_05967-0
LONINKCB_05968			LONINKCB_05968-0
LONINKCB_05969			LONINKCB_05969-0
LONINKCB_05970	35571	1.38e-08	LONINKCB_05970-0
LONINKCB_05971		2.09e-05	LONINKCB_05971-0
LONINKCB_05972		1.24e-06	LONINKCB_05972-0
LONINKCB_05973		5.55e-61	LONINKCB_05973-0
LONINKCB_07302			LONINKCB_07302-0
LONINKCB_07303			LONINKCB_07303-0
LONINKCB_07304			LONINKCB_07304-0
LONINKCB_07305			LONINKCB_07305-0
LONINKCB_07306			LONINKCB_07306-0
LONINKCB_07307			LONINKCB_07307-0
LONINKCB_07308			LONINKCB_07308-0
LONINKCB_07309			LONINKCB_07309-0
LONINKCB_07312			LONINKCB_07312-0
LONINKCB_07313			LONINKCB_07313-0
LONINKCB_07314			LONINKCB_07314-0
LONINKCB_07315			LONINKCB_07315-0
LONINKCB_07316			LONINKCB_07316-0
LONINKCB_07317			LONINKCB_07317-0
LONINKCB_07318			LONINKCB_07318-0
LONINKCB_07319			LONINKCB_07319-0
LONINKCB_07320			LONINKCB_07320-0
LONINKCB_07321			LONINKCB_07321-0
LONINKCB_07322			LONINKCB_07322-0
LONINKCB_07323			LONINKCB_07323-0
LONINKCB_07324			LONINKCB_07324-0
LONINKCB_07325			LONINKCB_07325-0
LONINKCB_07326			LONINKCB_07326-0
LONINKCB_07327			LONINKCB_07327-0
LONINKCB_07328			LONINKCB_07328-0
LONINKCB_07329			LONINKCB_07329-0
LONINKCB_07330			LONINKCB_07330-0
LONINKCB_07331			LONINKCB_07331-0
LONINKCB_01060			LONINKCB_01060-0
LONINKCB_01061			LONINKCB_01061-0
LONINKCB_01062			LONINKCB_01062-0
LONINKCB_01063			LONINKCB_01063-0
LONINKCB_01064			LONINKCB_01064-0
LONINKCB_01065			LONINKCB_01065-0
LONINKCB_01066			LONINKCB_01066-0
LONINKCB_01067			LONINKCB_01067-0
LONINKCB_01068			LONINKCB_01068-0
LONINKCB_01069			LONINKCB_01069-0
LONINKCB_01070			LONINKCB_01070-0
LONINKCB_01071			LONINKCB_01071-0
LONINKCB_01072			LONINKCB_01072-0
LONINKCB_01073			LONINKCB_01073-0
LONINKCB_01074			LONINKCB_01074-0
LONINKCB_01075			LONINKCB_01075-0
LONINKCB_01076			LONINKCB_01076-0
LONINKCB_01077			LONINKCB_01077-0
LONINKCB_01078			LONINKCB_01078-0
LONINKCB_01079	1564500	2.15e-09	LONINKCB_01079-0
LONINKCB_01080			LONINKCB_01080-0
LONINKCB_01081			LONINKCB_01081-0
LONINKCB_01082		9.86e-45	LONINKCB_01082-0
LONINKCB_01083			LONINKCB_01083-0
LONINKCB_01084	2	2.47e-05	LONINKCB_01084-0
LONINKCB_01085		6.79e-65	LONINKCB_01085-0
LONINKCB_01086			LONINKCB_01086-0
LONINKCB_01087			LONINKCB_01087-0
LONINKCB_01088	38358	2.03e-11	LONINKCB_01088-0
LONINKCB_01089			LONINKCB_01089-0
LONINKCB_01090			LONINKCB_01090-0
LONINKCB_01091			LONINKCB_01091-0
LONINKCB_01092			LONINKCB_01092-0
LONINKCB_01093	35571	2.26e-59	LONINKCB_01093-0
LONINKCB_01094		8.51e-71	LONINKCB_01094-0
LONINKCB_01095	35571	9.22e-46	LONINKCB_01095-0
LONINKCB_01096			LONINKCB_01096-0
LONINKCB_01097		5.52e-35	LONINKCB_01097-0
LONINKCB_01098	35571	2.60e-44	LONINKCB_01098-0
LONINKCB_01099	35571	1.15e-33	LONINKCB_01099-0
LONINKCB_01100			LONINKCB_01100-0
LONINKCB_01101			LONINKCB_01101-0
LONINKCB_01102			LONINKCB_01102-0
LONINKCB_01103	38358	5.38e-10	LONINKCB_01103-0
LONINKCB_01104			LONINKCB_01104-0
LONINKCB_01105			LONINKCB_01105-0
LONINKCB_01106			LONINKCB_01106-0
LONINKCB_01107			LONINKCB_01107-0
LONINKCB_01108	38358	1.93e-04	LONINKCB_01108-0
LONINKCB_01109	38358	4.22e-34	LONINKCB_01109-0
LONINKCB_01110	38358	4.23e-53	LONINKCB_01110-0
LONINKCB_01111			LONINKCB_01111-0
LONINKCB_01112			LONINKCB_01112-0
LONINKCB_01113			LONINKCB_01113-0
LONINKCB_01114			LONINKCB_01114-0
LONINKCB_01115			LONINKCB_01115-0
LONINKCB_01116			LONINKCB_01116-0
LONINKCB_01117			LONINKCB_01117-0
LONINKCB_01118			LONINKCB_01118-0
LONINKCB_01119			LONINKCB_01119-0
LONINKCB_01120			LONINKCB_01120-0
LONINKCB_01121			LONINKCB_01121-0
LONINKCB_01122			LONINKCB_01122-0
LONINKCB_01123			LONINKCB_01123-0
LONINKCB_01124			LONINKCB_01124-0
LONINKCB_01125			LONINKCB_01125-0
LONINKCB_01126	38358	1.79e-116	LONINKCB_01126-0
LONINKCB_01127			LONINKCB_01127-0
LONINKCB_01128			LONINKCB_01128-0
LONINKCB_01129			LONINKCB_01129-0
LONINKCB_01130			LONINKCB_01130-0
LONINKCB_01131			LONINKCB_01131-0
LONINKCB_01132	35571	5.66e-48	LONINKCB_01132-0
LONINKCB_01133			LONINKCB_01133-0
LONINKCB_01134			LONINKCB_01134-0
LONINKCB_01135	38358	2.28e-24	LONINKCB_01135-0
LONINKCB_01136			LONINKCB_01136-0
LONINKCB_01137			LONINKCB_01137-0
LONINKCB_01138			LONINKCB_01138-0
LONINKCB_01139			LONINKCB_01139-0
LONINKCB_01140			LONINKCB_01140-0
LONINKCB_01141	38358	1.29e-85	LONINKCB_01141-0
LONINKCB_01142	38358	1.78e-58	LONINKCB_01142-0
LONINKCB_01143	38358	1.93e-38	LONINKCB_01143-0
LONINKCB_01144	38358	7.72e-48	LONINKCB_01144-0
LONINKCB_01145	35571	8.17e-57	LONINKCB_01145-0
LONINKCB_01146			LONINKCB_01146-0
LONINKCB_01147			LONINKCB_01147-0
LONINKCB_01148			LONINKCB_01148-0
LONINKCB_01149			LONINKCB_01149-0
LONINKCB_01150	35571	2.08e-31	LONINKCB_01150-0
LONINKCB_01151	35571	1.45e-49	LONINKCB_01151-0
LONINKCB_01152			LONINKCB_01152-0
LONINKCB_01153			LONINKCB_01153-0
LONINKCB_01154	38358	2.55e-64	LONINKCB_01154-0
LONINKCB_01155	38358	1.91e-30	LONINKCB_01155-0
LONINKCB_01156			LONINKCB_01156-0
LONINKCB_01157			LONINKCB_01157-0
LONINKCB_01158			LONINKCB_01158-0
LONINKCB_01159	35571	4.81e-172	LONINKCB_01159-0
LONINKCB_01160			LONINKCB_01160-0
LONINKCB_01161			LONINKCB_01161-0
LONINKCB_01162			LONINKCB_01162-0
LONINKCB_01163			LONINKCB_01163-0
LONINKCB_01164			LONINKCB_01164-0
LONINKCB_01165			LONINKCB_01165-0
LONINKCB_01166			LONINKCB_01166-0
LONINKCB_01167			LONINKCB_01167-0
LONINKCB_01168	1564500	6.92e-07	LONINKCB_01168-0
LONINKCB_01169			LONINKCB_01169-0
LONINKCB_01170			LONINKCB_01170-0
LONINKCB_01171			LONINKCB_01171-0
LONINKCB_01172	35571	1.51e-37	LONINKCB_01172-0
LONINKCB_01173		1.37e-21	LONINKCB_01173-0
LONINKCB_01174		1.28e-37	LONINKCB_01174-0
LONINKCB_01175		8.26e-80	LONINKCB_01175-0
LONINKCB_01176		5.83e-58	LONINKCB_01176-0
LONINKCB_01177		2.01e-09	LONINKCB_01177-0
LONINKCB_01178			LONINKCB_01178-0
LONINKCB_01179		6.95e-51	LONINKCB_01179-0
LONINKCB_01180			LONINKCB_01180-0
LONINKCB_01181	38358	4.59e-31	LONINKCB_01181-0
LONINKCB_01182		7.68e-10	LONINKCB_01182-0
LONINKCB_01183	35571	1.46e-28	LONINKCB_01183-0
LONINKCB_01184	35571	8.03e-96	LONINKCB_01184-0
LONINKCB_01185			LONINKCB_01185-0
LONINKCB_01186			LONINKCB_01186-0
LONINKCB_01187			LONINKCB_01187-0
LONINKCB_01188			LONINKCB_01188-0
LONINKCB_01189			LONINKCB_01189-0
LONINKCB_01190	35571	5.08e-97	LONINKCB_01190-0
LONINKCB_01191	35571	2.39e-22	LONINKCB_01191-0
LONINKCB_01192	35571	1.01e-42	LONINKCB_01192-0
LONINKCB_01193			LONINKCB_01193-0
LONINKCB_01194			LONINKCB_01194-0
LONINKCB_01195	35571	1.61e-07	LONINKCB_01195-0
LONINKCB_01196			LONINKCB_01196-0
LONINKCB_01197			LONINKCB_01197-0
LONINKCB_01198			LONINKCB_01198-0
LONINKCB_01199			LONINKCB_01199-0
LONINKCB_01200		4.11e-73	LONINKCB_01200-0
LONINKCB_01201	35571	5.51e-46	LONINKCB_01201-0
LONINKCB_01202	35571	2.67e-42	LONINKCB_01202-0
LONINKCB_01203			LONINKCB_01203-0
LONINKCB_01204			LONINKCB_01204-0
LONINKCB_01205			LONINKCB_01205-0
LONINKCB_01206			LONINKCB_01206-0
LONINKCB_01207			LONINKCB_01207-0
LONINKCB_01208			LONINKCB_01208-0
LONINKCB_01209			LONINKCB_01209-0
LONINKCB_01210			LONINKCB_01210-0
LONINKCB_01211			LONINKCB_01211-0
LONINKCB_01212		4.21e-21	LONINKCB_01212-0
LONINKCB_01213		3.67e-40	LONINKCB_01213-0
LONINKCB_01214			LONINKCB_01214-0
LONINKCB_01215		3.45e-95	LONINKCB_01215-0
LONINKCB_01216			LONINKCB_01216-0
LONINKCB_01217		1.62e-25	LONINKCB_01217-0
LONINKCB_01218			LONINKCB_01218-0
LONINKCB_01219			LONINKCB_01219-0
LONINKCB_01220			LONINKCB_01220-0
LONINKCB_01221			LONINKCB_01221-0
LONINKCB_01222			LONINKCB_01222-0
LONINKCB_01223			LONINKCB_01223-0
LONINKCB_01224			LONINKCB_01224-0
LONINKCB_01225			LONINKCB_01225-0
LONINKCB_01226			LONINKCB_01226-0
LONINKCB_01227			LONINKCB_01227-0
LONINKCB_01228			LONINKCB_01228-0
LONINKCB_01229			LONINKCB_01229-0
LONINKCB_01230			LONINKCB_01230-0
LONINKCB_01231			LONINKCB_01231-0
LONINKCB_01232			LONINKCB_01232-0
LONINKCB_01233			LONINKCB_01233-0
LONINKCB_01234			LONINKCB_01234-0
LONINKCB_01235		2.14e-151	LONINKCB_01235-0
LONINKCB_01236		1.05e-55	LONINKCB_01236-0
LONINKCB_01237		2.75e-79	LONINKCB_01237-0
LONINKCB_01238		1.91e-39	LONINKCB_01238-0
LONINKCB_01239			LONINKCB_01239-0
LONINKCB_01240			LONINKCB_01240-0
LONINKCB_01241			LONINKCB_01241-0
LONINKCB_01242			LONINKCB_01242-0
LONINKCB_01243	38358	1.50e-31	LONINKCB_01243-0
LONINKCB_01244			LONINKCB_01244-0
LONINKCB_01245			LONINKCB_01245-0
LONINKCB_01246	35571	1.77e-83	LONINKCB_01246-0
LONINKCB_01247	35571	3.03e-127	LONINKCB_01247-0
LONINKCB_01248	35571	1.65e-119	LONINKCB_01248-0
LONINKCB_01249			LONINKCB_01249-0
LONINKCB_01250	35571	1.79e-93	LONINKCB_01250-0
LONINKCB_01251			LONINKCB_01251-0
LONINKCB_01252			LONINKCB_01252-0
LONINKCB_01253	35571	4.78e-55	LONINKCB_01253-0
LONINKCB_01254	38358	5.10e-83	LONINKCB_01254-0
LONINKCB_01255	35571	1.08e-86	LONINKCB_01255-0
LONINKCB_01256			LONINKCB_01256-0
LONINKCB_01257	35571	6.29e-94	LONINKCB_01257-0
LONINKCB_01258			LONINKCB_01258-0
LONINKCB_01259	35571	7.06e-34	LONINKCB_01259-0
LONINKCB_01260	38358	3.70e-158	LONINKCB_01260-0
LONINKCB_01261		3.88e-49	LONINKCB_01261-0
LONINKCB_01262			LONINKCB_01262-0
LONINKCB_01263			LONINKCB_01263-0
LONINKCB_01264			LONINKCB_01264-0
LONINKCB_01265			LONINKCB_01265-0
LONINKCB_01266			LONINKCB_01266-0
LONINKCB_01267	35571	3.95e-98	LONINKCB_01267-0
LONINKCB_08551			LONINKCB_08551-0
LONINKCB_08765			LONINKCB_08765-0
LONINKCB_08783			LONINKCB_08783-0
LONINKCB_08784			LONINKCB_08784-0
LONINKCB_08761			LONINKCB_08761-0
LONINKCB_08762			LONINKCB_08762-0
LONINKCB_08763			LONINKCB_08763-0
LONINKCB_08764			LONINKCB_08764-0
LONINKCB_08785	38358	5.19e-79	LONINKCB_08785-0
LONINKCB_08786	38358	6.36e-160	LONINKCB_08786-0
LONINKCB_08787	38358	2.24e-22	LONINKCB_08787-0
LONINKCB_03245			LONINKCB_03245-0
LONINKCB_03246			LONINKCB_03246-0
LONINKCB_03247			LONINKCB_03247-0
LONINKCB_03248			LONINKCB_03248-0
LONINKCB_03249			LONINKCB_03249-0
LONINKCB_03250			LONINKCB_03250-0
LONINKCB_03251			LONINKCB_03251-0
LONINKCB_03252			LONINKCB_03252-0
LONINKCB_03253			LONINKCB_03253-0
LONINKCB_03254			LONINKCB_03254-0
LONINKCB_03255			LONINKCB_03255-0
LONINKCB_03256			LONINKCB_03256-0
LONINKCB_03257			LONINKCB_03257-0
LONINKCB_03258			LONINKCB_03258-0
LONINKCB_03259			LONINKCB_03259-0
LONINKCB_03260			LONINKCB_03260-0
LONINKCB_03261			LONINKCB_03261-0
LONINKCB_03262			LONINKCB_03262-0
LONINKCB_03263			LONINKCB_03263-0
LONINKCB_03264			LONINKCB_03264-0
LONINKCB_03265			LONINKCB_03265-0
LONINKCB_03266			LONINKCB_03266-0
LONINKCB_03267			LONINKCB_03267-0
LONINKCB_03268			LONINKCB_03268-0
LONINKCB_03269			LONINKCB_03269-0
LONINKCB_03270			LONINKCB_03270-0
LONINKCB_03271			LONINKCB_03271-0
LONINKCB_03272			LONINKCB_03272-0
LONINKCB_03273			LONINKCB_03273-0
LONINKCB_03274	35571	9.73e-22	LONINKCB_03274-0
LONINKCB_03275	35571	2.09e-23	LONINKCB_03275-0
LONINKCB_03276			LONINKCB_03276-0
LONINKCB_03277			LONINKCB_03277-0
LONINKCB_03278			LONINKCB_03278-0
LONINKCB_03279			LONINKCB_03279-0
LONINKCB_03280	38358	1.74e-14	LONINKCB_03280-0
LONINKCB_03281			LONINKCB_03281-0
LONINKCB_03282			LONINKCB_03282-0
LONINKCB_03283	35571	6.75e-22	LONINKCB_03283-0
LONINKCB_03284			LONINKCB_03284-0
LONINKCB_03285			LONINKCB_03285-0
LONINKCB_03286			LONINKCB_03286-0
LONINKCB_03287	1564500	3.32e-17	LONINKCB_03287-0
LONINKCB_03288	35571	2.68e-21	LONINKCB_03288-0
LONINKCB_03289	1564500	1.96e-27	LONINKCB_03289-0
LONINKCB_03290			LONINKCB_03290-0
LONINKCB_03291			LONINKCB_03291-0
LONINKCB_03292			LONINKCB_03292-0
LONINKCB_03293			LONINKCB_03293-0
LONINKCB_03294			LONINKCB_03294-0
LONINKCB_03295			LONINKCB_03295-0
LONINKCB_03296			LONINKCB_03296-0
LONINKCB_03297			LONINKCB_03297-0
LONINKCB_03298			LONINKCB_03298-0
LONINKCB_03299			LONINKCB_03299-0
LONINKCB_03300			LONINKCB_03300-0
LONINKCB_03301			LONINKCB_03301-0
LONINKCB_03302			LONINKCB_03302-0
LONINKCB_03303			LONINKCB_03303-0
LONINKCB_03304			LONINKCB_03304-0
LONINKCB_03305			LONINKCB_03305-0
LONINKCB_03306			LONINKCB_03306-0
LONINKCB_03307			LONINKCB_03307-0
LONINKCB_03308			LONINKCB_03308-0
LONINKCB_03309	35571	2.23e-42	LONINKCB_03309-0
LONINKCB_03310			LONINKCB_03310-0
LONINKCB_03311			LONINKCB_03311-0
LONINKCB_03312			LONINKCB_03312-0
LONINKCB_03313			LONINKCB_03313-0
LONINKCB_03314			LONINKCB_03314-0
LONINKCB_03315			LONINKCB_03315-0
LONINKCB_03316			LONINKCB_03316-0
LONINKCB_03317			LONINKCB_03317-0
LONINKCB_03318			LONINKCB_03318-0
LONINKCB_03319			LONINKCB_03319-0
LONINKCB_03320			LONINKCB_03320-0
LONINKCB_03321			LONINKCB_03321-0
LONINKCB_03322			LONINKCB_03322-0
LONINKCB_03323			LONINKCB_03323-0
LONINKCB_03324			LONINKCB_03324-0
LONINKCB_03325	38358	1.96e-04	LONINKCB_03325-0
LONINKCB_03326		8.65e-91	LONINKCB_03326-0
LONINKCB_03327	35571	1.41e-132	LONINKCB_03327-0
LONINKCB_03328			LONINKCB_03328-0
LONINKCB_03329			LONINKCB_03329-0
LONINKCB_03330			LONINKCB_03330-0
LONINKCB_03331			LONINKCB_03331-0
LONINKCB_03332	35571	1.05e-38	LONINKCB_03332-0
LONINKCB_03333			LONINKCB_03333-0
LONINKCB_03334			LONINKCB_03334-0
LONINKCB_03335	38358	2.47e-61	LONINKCB_03335-0
LONINKCB_03336	35571	2.79e-43	LONINKCB_03336-0
LONINKCB_03337			LONINKCB_03337-0
LONINKCB_03338			LONINKCB_03338-0
LONINKCB_03339			LONINKCB_03339-0
LONINKCB_03340			LONINKCB_03340-0
LONINKCB_03341			LONINKCB_03341-0
LONINKCB_03342			LONINKCB_03342-0
LONINKCB_03343			LONINKCB_03343-0
LONINKCB_03344			LONINKCB_03344-0
LONINKCB_03345			LONINKCB_03345-0
LONINKCB_03346			LONINKCB_03346-0
LONINKCB_03347			LONINKCB_03347-0
LONINKCB_03348	35571	2.45e-75	LONINKCB_03348-0
LONINKCB_03349			LONINKCB_03349-0
LONINKCB_03350	35571	1.20e-23	LONINKCB_03350-0
LONINKCB_03351	38358	1.45e-42	LONINKCB_03351-0
LONINKCB_03352	1564500	9.74e-24	LONINKCB_03352-0
LONINKCB_03353			LONINKCB_03353-0
LONINKCB_03354	38358	1.88e-41	LONINKCB_03354-0
LONINKCB_03355			LONINKCB_03355-0
LONINKCB_03356			LONINKCB_03356-0
LONINKCB_03357	38358	2.70e-23	LONINKCB_03357-0
LONINKCB_03358	38358	2.58e-21	LONINKCB_03358-0
LONINKCB_03359			LONINKCB_03359-0
LONINKCB_03360			LONINKCB_03360-0
LONINKCB_03361			LONINKCB_03361-0
LONINKCB_03362			LONINKCB_03362-0
LONINKCB_03363	38358	2.28e-30	LONINKCB_03363-0
LONINKCB_03364			LONINKCB_03364-0
LONINKCB_03365			LONINKCB_03365-0
LONINKCB_03366			LONINKCB_03366-0
LONINKCB_03367		1.90e-53	LONINKCB_03367-0
LONINKCB_03368		1.39e-10	LONINKCB_03368-0
LONINKCB_03369		1.18e-20	LONINKCB_03369-0
LONINKCB_03370		1.00e-12	LONINKCB_03370-0
LONINKCB_03371	35571	1.94e-46	LONINKCB_03371-0
LONINKCB_03372	35571	7.62e-60	LONINKCB_03372-0
LONINKCB_03373		5.55e-30	LONINKCB_03373-0
LONINKCB_03374	35571	3.43e-114	LONINKCB_03374-0
LONINKCB_03375			LONINKCB_03375-0
LONINKCB_03376	35571	6.22e-27	LONINKCB_03376-0
LONINKCB_03377	1564500	2.70e-30	LONINKCB_03377-0
LONINKCB_03378			LONINKCB_03378-0
LONINKCB_03379			LONINKCB_03379-0
LONINKCB_03380	35571	3.57e-31	LONINKCB_03380-0
LONINKCB_03381		2.16e-29	LONINKCB_03381-0
LONINKCB_03382			LONINKCB_03382-0
LONINKCB_03383	35571	2.64e-242	LONINKCB_03383-0
LONINKCB_03384		1.53e-33	LONINKCB_03384-0
LONINKCB_03385		4.65e-34	LONINKCB_03385-0
LONINKCB_03386		3.23e-50	LONINKCB_03386-0
LONINKCB_03387			LONINKCB_03387-0
LONINKCB_03388	35571	3.19e-17	LONINKCB_03388-0
LONINKCB_03389	38358	1.96e-08	LONINKCB_03389-0
LONINKCB_03390		3.86e-24	LONINKCB_03390-0
LONINKCB_03391			LONINKCB_03391-0
LONINKCB_03392	35571	2.96e-33	LONINKCB_03392-0
LONINKCB_03393			LONINKCB_03393-0
LONINKCB_03394		2.99e-62	LONINKCB_03394-0
LONINKCB_03395		1.40e-37	LONINKCB_03395-0
LONINKCB_03396		4.25e-21	LONINKCB_03396-0
LONINKCB_03397		3.67e-79	LONINKCB_03397-0
LONINKCB_03398		1.03e-21	LONINKCB_03398-0
LONINKCB_03399	35571	9.17e-17	LONINKCB_03399-0
LONINKCB_03400			LONINKCB_03400-0
LONINKCB_03401			LONINKCB_03401-0
LONINKCB_03402		5.41e-20	LONINKCB_03402-0
LONINKCB_03403			LONINKCB_03403-0
LONINKCB_03404	35571	3.97e-41	LONINKCB_03404-0
LONINKCB_03405	35571	0.0	LONINKCB_03405-0
LONINKCB_03406			LONINKCB_03406-0
LONINKCB_03407	35571	8.91e-68	LONINKCB_03407-0
LONINKCB_03408			LONINKCB_03408-0
LONINKCB_03409	35571	4.29e-31	LONINKCB_03409-0
LONINKCB_03410			LONINKCB_03410-0
LONINKCB_03411			LONINKCB_03411-0
LONINKCB_03412			LONINKCB_03412-0
LONINKCB_03413			LONINKCB_03413-0
LONINKCB_03414			LONINKCB_03414-0
LONINKCB_03415			LONINKCB_03415-0
LONINKCB_03416			LONINKCB_03416-0
LONINKCB_03417			LONINKCB_03417-0
LONINKCB_03418			LONINKCB_03418-0
LONINKCB_03419			LONINKCB_03419-0
LONINKCB_03420			LONINKCB_03420-0
LONINKCB_03421			LONINKCB_03421-0
LONINKCB_03422			LONINKCB_03422-0
LONINKCB_03423			LONINKCB_03423-0
LONINKCB_03424			LONINKCB_03424-0
LONINKCB_03425			LONINKCB_03425-0
LONINKCB_03426			LONINKCB_03426-0
LONINKCB_03427	38358	4.91e-37	LONINKCB_03427-0
LONINKCB_03428	38358	1.67e-31	LONINKCB_03428-0
LONINKCB_03429	38358	1.39e-68	LONINKCB_03429-0
LONINKCB_03430	38358	4.51e-15	LONINKCB_03430-0
LONINKCB_03431			LONINKCB_03431-0
LONINKCB_03432			LONINKCB_03432-0
LONINKCB_03433			LONINKCB_03433-0
LONINKCB_03434			LONINKCB_03434-0
LONINKCB_03435			LONINKCB_03435-0
LONINKCB_03436			LONINKCB_03436-0
LONINKCB_03437			LONINKCB_03437-0
LONINKCB_03438			LONINKCB_03438-0
LONINKCB_03439			LONINKCB_03439-0
LONINKCB_03440			LONINKCB_03440-0
LONINKCB_03441	35571	5.16e-125	LONINKCB_03441-0
LONINKCB_03442	1564500	1.56e-28	LONINKCB_03442-0
LONINKCB_03443	35571	8.51e-22	LONINKCB_03443-0
LONINKCB_03444	35571	7.27e-222	LONINKCB_03444-0
LONINKCB_03445	35571	2.99e-21	LONINKCB_03445-0
LONINKCB_03446		2.25e-29	LONINKCB_03446-0
LONINKCB_03447			LONINKCB_03447-0
LONINKCB_03448			LONINKCB_03448-0
LONINKCB_03449			LONINKCB_03449-0
LONINKCB_03450			LONINKCB_03450-0
LONINKCB_03451	35571	1.14e-50	LONINKCB_03451-0
LONINKCB_03452	35571	4.25e-45	LONINKCB_03452-0
LONINKCB_03453			LONINKCB_03453-0
LONINKCB_03454	35571	7.82e-39	LONINKCB_03454-0
LONINKCB_03455	38358	2.86e-30	LONINKCB_03455-0
LONINKCB_03456	35571	7.09e-36	LONINKCB_03456-0
LONINKCB_03457	35571	8.33e-23	LONINKCB_03457-0
LONINKCB_03458	38358	5.47e-27	LONINKCB_03458-0
LONINKCB_03459	38358	3.14e-18	LONINKCB_03459-0
LONINKCB_03460			LONINKCB_03460-0
LONINKCB_03461	35571	1.57e-67	LONINKCB_03461-0
LONINKCB_03462	35571	4.21e-21	LONINKCB_03462-0
LONINKCB_03463			LONINKCB_03463-0
LONINKCB_03464	35571	1.13e-146	LONINKCB_03464-0
LONINKCB_03465			LONINKCB_03465-0
LONINKCB_03466			LONINKCB_03466-0
LONINKCB_00144			LONINKCB_00144-0
LONINKCB_00145			LONINKCB_00145-0
LONINKCB_00146			LONINKCB_00146-0
LONINKCB_00147			LONINKCB_00147-0
LONINKCB_00148			LONINKCB_00148-0
LONINKCB_00149			LONINKCB_00149-0
LONINKCB_00150			LONINKCB_00150-0
LONINKCB_00151			LONINKCB_00151-0
LONINKCB_00152	38358	2.74e-22	LONINKCB_00152-0
LONINKCB_00153	38358	1.37e-19	LONINKCB_00153-0
LONINKCB_00154	38358	4.78e-65	LONINKCB_00154-0
LONINKCB_00155	38358	5.98e-60	LONINKCB_00155-0
LONINKCB_00156			LONINKCB_00156-0
LONINKCB_00157			LONINKCB_00157-0
LONINKCB_00158			LONINKCB_00158-0
LONINKCB_00159			LONINKCB_00159-0
LONINKCB_00160			LONINKCB_00160-0
LONINKCB_00161			LONINKCB_00161-0
LONINKCB_00162			LONINKCB_00162-0
LONINKCB_00163			LONINKCB_00163-0
LONINKCB_00164			LONINKCB_00164-0
LONINKCB_00165			LONINKCB_00165-0
LONINKCB_00166			LONINKCB_00166-0
LONINKCB_00167			LONINKCB_00167-0
LONINKCB_00168			LONINKCB_00168-0
LONINKCB_00169			LONINKCB_00169-0
LONINKCB_00170			LONINKCB_00170-0
LONINKCB_00171			LONINKCB_00171-0
LONINKCB_00172			LONINKCB_00172-0
LONINKCB_00173			LONINKCB_00173-0
LONINKCB_00174			LONINKCB_00174-0
LONINKCB_00175			LONINKCB_00175-0
LONINKCB_00176			LONINKCB_00176-0
LONINKCB_00177			LONINKCB_00177-0
LONINKCB_00178			LONINKCB_00178-0
LONINKCB_00179			LONINKCB_00179-0
LONINKCB_00180			LONINKCB_00180-0
LONINKCB_00181			LONINKCB_00181-0
LONINKCB_00182			LONINKCB_00182-0
LONINKCB_00183			LONINKCB_00183-0
LONINKCB_00184			LONINKCB_00184-0
LONINKCB_00185			LONINKCB_00185-0
LONINKCB_00186			LONINKCB_00186-0
LONINKCB_00187			LONINKCB_00187-0
LONINKCB_00188			LONINKCB_00188-0
LONINKCB_00189			LONINKCB_00189-0
LONINKCB_00190			LONINKCB_00190-0
LONINKCB_00191			LONINKCB_00191-0
LONINKCB_00192			LONINKCB_00192-0
LONINKCB_00193			LONINKCB_00193-0
LONINKCB_00194			LONINKCB_00194-0
LONINKCB_00195			LONINKCB_00195-0
LONINKCB_00196			LONINKCB_00196-0
LONINKCB_00197			LONINKCB_00197-0
LONINKCB_00198			LONINKCB_00198-0
LONINKCB_00199			LONINKCB_00199-0
LONINKCB_00200			LONINKCB_00200-0
LONINKCB_00201			LONINKCB_00201-0
LONINKCB_00202			LONINKCB_00202-0
LONINKCB_00203			LONINKCB_00203-0
LONINKCB_00204			LONINKCB_00204-0
LONINKCB_00205			LONINKCB_00205-0
LONINKCB_00206			LONINKCB_00206-0
LONINKCB_00207			LONINKCB_00207-0
LONINKCB_00208			LONINKCB_00208-0
LONINKCB_00209			LONINKCB_00209-0
LONINKCB_00210			LONINKCB_00210-0
LONINKCB_00211			LONINKCB_00211-0
LONINKCB_00212			LONINKCB_00212-0
LONINKCB_00213			LONINKCB_00213-0
LONINKCB_00214			LONINKCB_00214-0
LONINKCB_00215			LONINKCB_00215-0
LONINKCB_00216			LONINKCB_00216-0
LONINKCB_00217			LONINKCB_00217-0
LONINKCB_00218			LONINKCB_00218-0
LONINKCB_00219			LONINKCB_00219-0
LONINKCB_00220			LONINKCB_00220-0
LONINKCB_00221			LONINKCB_00221-0
LONINKCB_00222			LONINKCB_00222-0
LONINKCB_00223			LONINKCB_00223-0
LONINKCB_00224			LONINKCB_00224-0
LONINKCB_00225			LONINKCB_00225-0
LONINKCB_00226			LONINKCB_00226-0
LONINKCB_00227			LONINKCB_00227-0
LONINKCB_00228			LONINKCB_00228-0
LONINKCB_00229			LONINKCB_00229-0
LONINKCB_00230			LONINKCB_00230-0
LONINKCB_00231			LONINKCB_00231-0
LONINKCB_00232			LONINKCB_00232-0
LONINKCB_00233			LONINKCB_00233-0
LONINKCB_00234			LONINKCB_00234-0
LONINKCB_00235			LONINKCB_00235-0
LONINKCB_00236	38358	3.07e-35	LONINKCB_00236-0
LONINKCB_00237			LONINKCB_00237-0
LONINKCB_00238			LONINKCB_00238-0
LONINKCB_00239			LONINKCB_00239-0
LONINKCB_00240			LONINKCB_00240-0
LONINKCB_00241			LONINKCB_00241-0
LONINKCB_00242			LONINKCB_00242-0
LONINKCB_00243			LONINKCB_00243-0
LONINKCB_00244			LONINKCB_00244-0
LONINKCB_00245			LONINKCB_00245-0
LONINKCB_00246			LONINKCB_00246-0
LONINKCB_00247			LONINKCB_00247-0
LONINKCB_00248			LONINKCB_00248-0
LONINKCB_00249			LONINKCB_00249-0
LONINKCB_00250			LONINKCB_00250-0
LONINKCB_00251			LONINKCB_00251-0
LONINKCB_00252			LONINKCB_00252-0
LONINKCB_00253			LONINKCB_00253-0
LONINKCB_00254			LONINKCB_00254-0
LONINKCB_00255			LONINKCB_00255-0
LONINKCB_00256			LONINKCB_00256-0
LONINKCB_00257			LONINKCB_00257-0
LONINKCB_00258			LONINKCB_00258-0
LONINKCB_00259			LONINKCB_00259-0
LONINKCB_00260			LONINKCB_00260-0
LONINKCB_00261			LONINKCB_00261-0
LONINKCB_00262			LONINKCB_00262-0
LONINKCB_00263			LONINKCB_00263-0
LONINKCB_00265			LONINKCB_00265-0
LONINKCB_00266			LONINKCB_00266-0
LONINKCB_00267			LONINKCB_00267-0
LONINKCB_00268			LONINKCB_00268-0
LONINKCB_00269			LONINKCB_00269-0
LONINKCB_00270			LONINKCB_00270-0
LONINKCB_00271			LONINKCB_00271-0
LONINKCB_00272	38358	2.96e-50	LONINKCB_00272-0
LONINKCB_00273	35571	3.23e-39	LONINKCB_00273-0
LONINKCB_00274			LONINKCB_00274-0
LONINKCB_00275			LONINKCB_00275-0
LONINKCB_00276			LONINKCB_00276-0
LONINKCB_00277		1.83e-42	LONINKCB_00277-0
LONINKCB_00278		1.69e-25	LONINKCB_00278-0
LONINKCB_00279			LONINKCB_00279-0
LONINKCB_00280			LONINKCB_00280-0
LONINKCB_00281			LONINKCB_00281-0
LONINKCB_00282			LONINKCB_00282-0
LONINKCB_00283			LONINKCB_00283-0
LONINKCB_00284			LONINKCB_00284-0
LONINKCB_00285			LONINKCB_00285-0
LONINKCB_00286			LONINKCB_00286-0
LONINKCB_00287			LONINKCB_00287-0
LONINKCB_00288			LONINKCB_00288-0
LONINKCB_00289			LONINKCB_00289-0
LONINKCB_00290			LONINKCB_00290-0
LONINKCB_00291			LONINKCB_00291-0
LONINKCB_00292			LONINKCB_00292-0
LONINKCB_00293	3847	2.96e-05	LONINKCB_00293-0
LONINKCB_00294		5.27e-19	LONINKCB_00294-0
LONINKCB_00295			LONINKCB_00295-0
LONINKCB_00296			LONINKCB_00296-0
LONINKCB_00297		4.89e-124	LONINKCB_00297-0
LONINKCB_00298		1.87e-112	LONINKCB_00298-0
LONINKCB_00299			LONINKCB_00299-0
LONINKCB_00300			LONINKCB_00300-0
LONINKCB_00301	35571	2.88e-07	LONINKCB_00301-0
LONINKCB_00302	38358	8.64e-34	LONINKCB_00302-0
LONINKCB_00303			LONINKCB_00303-0
LONINKCB_00304			LONINKCB_00304-0
LONINKCB_00305	35571	2.59e-16	LONINKCB_00305-0
LONINKCB_00306			LONINKCB_00306-0
LONINKCB_00307	35571	6.39e-46	LONINKCB_00307-0
LONINKCB_00308			LONINKCB_00308-0
LONINKCB_00309			LONINKCB_00309-0
LONINKCB_00310			LONINKCB_00310-0
LONINKCB_00311			LONINKCB_00311-0
LONINKCB_00312		2.82e-27	LONINKCB_00312-0
LONINKCB_00313		6.11e-39	LONINKCB_00313-0
LONINKCB_00314			LONINKCB_00314-0
LONINKCB_00315		1.01e-27	LONINKCB_00315-0
LONINKCB_00316		7.26e-18	LONINKCB_00316-0
LONINKCB_00317		4.95e-27	LONINKCB_00317-0
LONINKCB_00318	35571	6.60e-40	LONINKCB_00318-0
LONINKCB_00319	1564500	1.16e-57	LONINKCB_00319-0
LONINKCB_00320			LONINKCB_00320-0
LONINKCB_00321			LONINKCB_00321-0
LONINKCB_00322			LONINKCB_00322-0
LONINKCB_00323			LONINKCB_00323-0
LONINKCB_00324			LONINKCB_00324-0
LONINKCB_00325			LONINKCB_00325-0
LONINKCB_00326			LONINKCB_00326-0
LONINKCB_00327			LONINKCB_00327-0
LONINKCB_00328			LONINKCB_00328-0
LONINKCB_00329			LONINKCB_00329-0
LONINKCB_00330			LONINKCB_00330-0
LONINKCB_00331			LONINKCB_00331-0
LONINKCB_00332			LONINKCB_00332-0
LONINKCB_00333			LONINKCB_00333-0
LONINKCB_00334	35571	1.70e-32	LONINKCB_00334-0
LONINKCB_00335	35571	1.27e-24	LONINKCB_00335-0
LONINKCB_00336			LONINKCB_00336-0
LONINKCB_00337			LONINKCB_00337-0
LONINKCB_00338			LONINKCB_00338-0
LONINKCB_00339	35571	1.70e-32	LONINKCB_00339-0
LONINKCB_00340	35571	1.27e-24	LONINKCB_00340-0
LONINKCB_00341	35571	1.13e-105	LONINKCB_00341-0
LONINKCB_00342	35571	1.61e-249	LONINKCB_00342-0
LONINKCB_00343	35571	1.09e-62	LONINKCB_00343-0
LONINKCB_00344	35571	1.25e-49	LONINKCB_00344-0
LONINKCB_00345	35571	1.01e-23	LONINKCB_00345-0
LONINKCB_00346			LONINKCB_00346-0
LONINKCB_00347	35571	2.57e-82	LONINKCB_00347-0
LONINKCB_00348	35571	1.20e-60	LONINKCB_00348-0
LONINKCB_00349			LONINKCB_00349-0
LONINKCB_00350			LONINKCB_00350-0
LONINKCB_00351			LONINKCB_00351-0
LONINKCB_00352			LONINKCB_00352-0
LONINKCB_00353			LONINKCB_00353-0
LONINKCB_00354			LONINKCB_00354-0
LONINKCB_00355			LONINKCB_00355-0
LONINKCB_00356			LONINKCB_00356-0
LONINKCB_00357			LONINKCB_00357-0
LONINKCB_00358			LONINKCB_00358-0
LONINKCB_00359			LONINKCB_00359-0
LONINKCB_00360			LONINKCB_00360-0
LONINKCB_00361	35571	8.97e-50	LONINKCB_00361-0
LONINKCB_00362	35571	3.43e-65	LONINKCB_00362-0
LONINKCB_00363			LONINKCB_00363-0
LONINKCB_00364			LONINKCB_00364-0
LONINKCB_00365			LONINKCB_00365-0
LONINKCB_00366			LONINKCB_00366-0
LONINKCB_00367			LONINKCB_00367-0
LONINKCB_00368			LONINKCB_00368-0
LONINKCB_00369			LONINKCB_00369-0
LONINKCB_00370			LONINKCB_00370-0
LONINKCB_00371			LONINKCB_00371-0
LONINKCB_00372	35571	4.49e-07	LONINKCB_00372-0
LONINKCB_00373	2607531	9.78e-04	LONINKCB_00373-0
LONINKCB_00374			LONINKCB_00374-0
LONINKCB_00375		6.56e-50	LONINKCB_00375-0
LONINKCB_00376			LONINKCB_00376-0
LONINKCB_00377			LONINKCB_00377-0
LONINKCB_00378			LONINKCB_00378-0
LONINKCB_00379	35571	5.41e-28	LONINKCB_00379-0
LONINKCB_00380			LONINKCB_00380-0
LONINKCB_00381	35571	7.59e-45	LONINKCB_00381-0
LONINKCB_00382	35571	7.41e-38	LONINKCB_00382-0
LONINKCB_00383	35571	1.27e-22	LONINKCB_00383-0
LONINKCB_00384			LONINKCB_00384-0
LONINKCB_00385	35571	4.80e-22	LONINKCB_00385-0
LONINKCB_00386	35571	2.19e-63	LONINKCB_00386-0
LONINKCB_00387	35571	3.82e-19	LONINKCB_00387-0
LONINKCB_00388	35571	1.15e-70	LONINKCB_00388-0
LONINKCB_00389	35571	2.50e-42	LONINKCB_00389-0
LONINKCB_00390			LONINKCB_00390-0
LONINKCB_00391	35571	8.51e-67	LONINKCB_00391-0
LONINKCB_00392	35571	2.34e-49	LONINKCB_00392-0
LONINKCB_00393			LONINKCB_00393-0
LONINKCB_00394	38358	6.46e-31	LONINKCB_00394-0
LONINKCB_00395	35571	1.49e-04	LONINKCB_00395-0
LONINKCB_00396	35571	1.64e-21	LONINKCB_00396-0
LONINKCB_00397			LONINKCB_00397-0
LONINKCB_00398			LONINKCB_00398-0
LONINKCB_00399			LONINKCB_00399-0
LONINKCB_00400			LONINKCB_00400-0
LONINKCB_00401			LONINKCB_00401-0
LONINKCB_00402			LONINKCB_00402-0
LONINKCB_00403			LONINKCB_00403-0
LONINKCB_00404			LONINKCB_00404-0
LONINKCB_00405			LONINKCB_00405-0
LONINKCB_00406			LONINKCB_00406-0
LONINKCB_00407			LONINKCB_00407-0
LONINKCB_00408			LONINKCB_00408-0
LONINKCB_00409			LONINKCB_00409-0
LONINKCB_00410			LONINKCB_00410-0
LONINKCB_00411			LONINKCB_00411-0
LONINKCB_00412			LONINKCB_00412-0
LONINKCB_00413			LONINKCB_00413-0
LONINKCB_00414			LONINKCB_00414-0
LONINKCB_00415	131567	8.64e-25	LONINKCB_00415-0
LONINKCB_00416			LONINKCB_00416-0
LONINKCB_00417			LONINKCB_00417-0
LONINKCB_00418		1.56e-29	LONINKCB_00418-0
LONINKCB_00419	35571	8.54e-41	LONINKCB_00419-0
LONINKCB_00420		7.12e-28	LONINKCB_00420-0
LONINKCB_00421			LONINKCB_00421-0
LONINKCB_00422			LONINKCB_00422-0
LONINKCB_00423			LONINKCB_00423-0
LONINKCB_00424		3.54e-14	LONINKCB_00424-0
LONINKCB_00425	35571	5.45e-55	LONINKCB_00425-0
LONINKCB_00426			LONINKCB_00426-0
LONINKCB_00427			LONINKCB_00427-0
LONINKCB_00428			LONINKCB_00428-0
LONINKCB_00429	35571	8.03e-49	LONINKCB_00429-0
LONINKCB_00430		6.84e-110	LONINKCB_00430-0
LONINKCB_00431		5.94e-23	LONINKCB_00431-0
LONINKCB_00432	38358	1.24e-89	LONINKCB_00432-0
LONINKCB_00433			LONINKCB_00433-0
LONINKCB_00434			LONINKCB_00434-0
LONINKCB_00435			LONINKCB_00435-0
LONINKCB_00436			LONINKCB_00436-0
LONINKCB_00437	1564500	1.43e-08	LONINKCB_00437-0
LONINKCB_00438			LONINKCB_00438-0
LONINKCB_00439			LONINKCB_00439-0
LONINKCB_08766			LONINKCB_08766-0
LONINKCB_08767			LONINKCB_08767-0
LONINKCB_08768			LONINKCB_08768-0
LONINKCB_08769			LONINKCB_08769-0
LONINKCB_08770			LONINKCB_08770-0
LONINKCB_08771			LONINKCB_08771-0
LONINKCB_08772			LONINKCB_08772-0
LONINKCB_08773			LONINKCB_08773-0
LONINKCB_08774			LONINKCB_08774-0
LONINKCB_08775			LONINKCB_08775-0
LONINKCB_08776		3.61e-90	LONINKCB_08776-0
LONINKCB_08777		9.17e-49	LONINKCB_08777-0
LONINKCB_08778	2	5.32e-06	LONINKCB_08778-0
LONINKCB_08779	38358	1.34e-12	LONINKCB_08779-0
LONINKCB_08780	38358	5.29e-114	LONINKCB_08780-0
LONINKCB_08781			LONINKCB_08781-0
LONINKCB_08782			LONINKCB_08782-0
LONINKCB_09183			LONINKCB_09183-0
LONINKCB_09184			LONINKCB_09184-0
LONINKCB_09185			LONINKCB_09185-0
LONINKCB_09186			LONINKCB_09186-0
LONINKCB_09187			LONINKCB_09187-0
LONINKCB_09188			LONINKCB_09188-0
LONINKCB_09189			LONINKCB_09189-0
LONINKCB_09190			LONINKCB_09190-0
LONINKCB_09191			LONINKCB_09191-0
LONINKCB_09192			LONINKCB_09192-0
LONINKCB_09193			LONINKCB_09193-0
LONINKCB_09194			LONINKCB_09194-0
LONINKCB_09195			LONINKCB_09195-0
LONINKCB_09196			LONINKCB_09196-0
LONINKCB_09197			LONINKCB_09197-0
LONINKCB_09198			LONINKCB_09198-0
LONINKCB_06471			LONINKCB_06471-0
LONINKCB_06472			LONINKCB_06472-0
LONINKCB_06473			LONINKCB_06473-0
LONINKCB_06474			LONINKCB_06474-0
LONINKCB_06475			LONINKCB_06475-0
LONINKCB_06476			LONINKCB_06476-0
LONINKCB_06477			LONINKCB_06477-0
LONINKCB_06478			LONINKCB_06478-0
LONINKCB_06479			LONINKCB_06479-0
LONINKCB_06480			LONINKCB_06480-0
LONINKCB_06481			LONINKCB_06481-0
LONINKCB_06482			LONINKCB_06482-0
LONINKCB_06483			LONINKCB_06483-0
LONINKCB_06484			LONINKCB_06484-0
LONINKCB_06485			LONINKCB_06485-0
LONINKCB_06486			LONINKCB_06486-0
LONINKCB_06487			LONINKCB_06487-0
LONINKCB_06488			LONINKCB_06488-0
LONINKCB_06489	38358	3.73e-11	LONINKCB_06489-0
LONINKCB_06490			LONINKCB_06490-0
LONINKCB_06491			LONINKCB_06491-0
LONINKCB_06492			LONINKCB_06492-0
LONINKCB_06493	35571	5.65e-24	LONINKCB_06493-0
LONINKCB_06494	35571	8.22e-39	LONINKCB_06494-0
LONINKCB_06495	35571	1.22e-59	LONINKCB_06495-0
LONINKCB_06496			LONINKCB_06496-0
LONINKCB_06497			LONINKCB_06497-0
LONINKCB_06498			LONINKCB_06498-0
LONINKCB_06499			LONINKCB_06499-0
LONINKCB_06500			LONINKCB_06500-0
LONINKCB_06501			LONINKCB_06501-0
LONINKCB_06502			LONINKCB_06502-0
LONINKCB_06503			LONINKCB_06503-0
LONINKCB_06504	35571	2.37e-16	LONINKCB_06504-0
LONINKCB_06505	38358	1.15e-28	LONINKCB_06505-0
LONINKCB_06506		1.06e-29	LONINKCB_06506-0
LONINKCB_06507			LONINKCB_06507-0
LONINKCB_06508			LONINKCB_06508-0
LONINKCB_06509	35571	4.95e-42	LONINKCB_06509-0
LONINKCB_06510			LONINKCB_06510-0
LONINKCB_06511	35571	1.74e-40	LONINKCB_06511-0
LONINKCB_06512		4.00e-42	LONINKCB_06512-0
LONINKCB_06513		1.74e-42	LONINKCB_06513-0
LONINKCB_06514	35571	2.94e-13	LONINKCB_06514-0
LONINKCB_06515			LONINKCB_06515-0
LONINKCB_06516			LONINKCB_06516-0
LONINKCB_06517			LONINKCB_06517-0
LONINKCB_06518			LONINKCB_06518-0
LONINKCB_06519			LONINKCB_06519-0
LONINKCB_06520			LONINKCB_06520-0
LONINKCB_06521			LONINKCB_06521-0
LONINKCB_06522			LONINKCB_06522-0
LONINKCB_06523			LONINKCB_06523-0
LONINKCB_06524			LONINKCB_06524-0
LONINKCB_06525		2.21e-21	LONINKCB_06525-0
LONINKCB_06526		7.00e-12	LONINKCB_06526-0
LONINKCB_06527			LONINKCB_06527-0
LONINKCB_06528			LONINKCB_06528-0
LONINKCB_06529			LONINKCB_06529-0
LONINKCB_06530			LONINKCB_06530-0
LONINKCB_06531	35571	1.11e-52	LONINKCB_06531-0
LONINKCB_06532			LONINKCB_06532-0
LONINKCB_06533			LONINKCB_06533-0
LONINKCB_06534			LONINKCB_06534-0
LONINKCB_06535			LONINKCB_06535-0
LONINKCB_06536			LONINKCB_06536-0
LONINKCB_06537			LONINKCB_06537-0
LONINKCB_06538			LONINKCB_06538-0
LONINKCB_06539			LONINKCB_06539-0
LONINKCB_06540			LONINKCB_06540-0
LONINKCB_06541			LONINKCB_06541-0
LONINKCB_06542			LONINKCB_06542-0
LONINKCB_06543			LONINKCB_06543-0
LONINKCB_06544			LONINKCB_06544-0
LONINKCB_06545			LONINKCB_06545-0
LONINKCB_06546			LONINKCB_06546-0
LONINKCB_06547			LONINKCB_06547-0
LONINKCB_06548			LONINKCB_06548-0
LONINKCB_06549			LONINKCB_06549-0
LONINKCB_06550			LONINKCB_06550-0
LONINKCB_06551			LONINKCB_06551-0
LONINKCB_06552			LONINKCB_06552-0
LONINKCB_06553			LONINKCB_06553-0
LONINKCB_06554			LONINKCB_06554-0
LONINKCB_06555			LONINKCB_06555-0
LONINKCB_06556			LONINKCB_06556-0
LONINKCB_06557			LONINKCB_06557-0
LONINKCB_06558			LONINKCB_06558-0
LONINKCB_06559			LONINKCB_06559-0
LONINKCB_06560			LONINKCB_06560-0
LONINKCB_06561			LONINKCB_06561-0
LONINKCB_06562			LONINKCB_06562-0
LONINKCB_06563			LONINKCB_06563-0
LONINKCB_06564	38358	3.87e-188	LONINKCB_06564-0
LONINKCB_06565			LONINKCB_06565-0
LONINKCB_06566			LONINKCB_06566-0
LONINKCB_06567			LONINKCB_06567-0
LONINKCB_06568			LONINKCB_06568-0
LONINKCB_06569			LONINKCB_06569-0
LONINKCB_06570			LONINKCB_06570-0
LONINKCB_06571			LONINKCB_06571-0
LONINKCB_06572			LONINKCB_06572-0
LONINKCB_06573			LONINKCB_06573-0
LONINKCB_06574			LONINKCB_06574-0
LONINKCB_06575			LONINKCB_06575-0
LONINKCB_06576			LONINKCB_06576-0
LONINKCB_06577			LONINKCB_06577-0
LONINKCB_06578			LONINKCB_06578-0
LONINKCB_06579			LONINKCB_06579-0
LONINKCB_06580			LONINKCB_06580-0
LONINKCB_06581			LONINKCB_06581-0
LONINKCB_06582			LONINKCB_06582-0
LONINKCB_06583			LONINKCB_06583-0
LONINKCB_06584			LONINKCB_06584-0
LONINKCB_06585			LONINKCB_06585-0
LONINKCB_06586			LONINKCB_06586-0
LONINKCB_06587			LONINKCB_06587-0
LONINKCB_06588			LONINKCB_06588-0
LONINKCB_06589			LONINKCB_06589-0
LONINKCB_06590			LONINKCB_06590-0
LONINKCB_06591			LONINKCB_06591-0
LONINKCB_06592			LONINKCB_06592-0
LONINKCB_06593			LONINKCB_06593-0
LONINKCB_06594			LONINKCB_06594-0
LONINKCB_06595			LONINKCB_06595-0
LONINKCB_06596			LONINKCB_06596-0
LONINKCB_06597			LONINKCB_06597-0
LONINKCB_06598			LONINKCB_06598-0
LONINKCB_06599			LONINKCB_06599-0
LONINKCB_06600			LONINKCB_06600-0
LONINKCB_06601			LONINKCB_06601-0
LONINKCB_06602			LONINKCB_06602-0
LONINKCB_06603			LONINKCB_06603-0
LONINKCB_06604			LONINKCB_06604-0
LONINKCB_06605			LONINKCB_06605-0
LONINKCB_06606			LONINKCB_06606-0
LONINKCB_06607			LONINKCB_06607-0
LONINKCB_06608			LONINKCB_06608-0
LONINKCB_06609			LONINKCB_06609-0
LONINKCB_06610			LONINKCB_06610-0
LONINKCB_06611	35571	4.96e-21	LONINKCB_06611-0
LONINKCB_06612	35571	8.35e-06	LONINKCB_06612-0
LONINKCB_06613			LONINKCB_06613-0
LONINKCB_06614			LONINKCB_06614-0
LONINKCB_06615			LONINKCB_06615-0
LONINKCB_06616			LONINKCB_06616-0
LONINKCB_06617			LONINKCB_06617-0
LONINKCB_06618		1.43e-09	LONINKCB_06618-0
LONINKCB_06619		3.46e-17	LONINKCB_06619-0
LONINKCB_06620			LONINKCB_06620-0
LONINKCB_06621	38358	1.93e-04	LONINKCB_06621-0
LONINKCB_06622			LONINKCB_06622-0
LONINKCB_06623			LONINKCB_06623-0
LONINKCB_06624			LONINKCB_06624-0
LONINKCB_06625			LONINKCB_06625-0
LONINKCB_06626			LONINKCB_06626-0
LONINKCB_06627			LONINKCB_06627-0
LONINKCB_06628			LONINKCB_06628-0
LONINKCB_06629			LONINKCB_06629-0
LONINKCB_06630			LONINKCB_06630-0
LONINKCB_06631			LONINKCB_06631-0
LONINKCB_06632			LONINKCB_06632-0
LONINKCB_06633			LONINKCB_06633-0
LONINKCB_06634			LONINKCB_06634-0
LONINKCB_06635			LONINKCB_06635-0
LONINKCB_06636			LONINKCB_06636-0
LONINKCB_06637			LONINKCB_06637-0
LONINKCB_06638			LONINKCB_06638-0
LONINKCB_08818			LONINKCB_08818-0
LONINKCB_08819			LONINKCB_08819-0
LONINKCB_08820			LONINKCB_08820-0
LONINKCB_08821			LONINKCB_08821-0
LONINKCB_08822			LONINKCB_08822-0
LONINKCB_08823			LONINKCB_08823-0
LONINKCB_08824			LONINKCB_08824-0
LONINKCB_08825			LONINKCB_08825-0
LONINKCB_08826			LONINKCB_08826-0
LONINKCB_08827			LONINKCB_08827-0
LONINKCB_08828			LONINKCB_08828-0
LONINKCB_08829			LONINKCB_08829-0
LONINKCB_08830			LONINKCB_08830-0
LONINKCB_08831			LONINKCB_08831-0
LONINKCB_08832			LONINKCB_08832-0
LONINKCB_08833			LONINKCB_08833-0
LONINKCB_08834			LONINKCB_08834-0
LONINKCB_08835			LONINKCB_08835-0
LONINKCB_08836			LONINKCB_08836-0
LONINKCB_08837			LONINKCB_08837-0
LONINKCB_08838			LONINKCB_08838-0
LONINKCB_08839			LONINKCB_08839-0
LONINKCB_08840			LONINKCB_08840-0
LONINKCB_08841			LONINKCB_08841-0
LONINKCB_08842			LONINKCB_08842-0
LONINKCB_08843			LONINKCB_08843-0
LONINKCB_08844			LONINKCB_08844-0
LONINKCB_08845			LONINKCB_08845-0
LONINKCB_08846			LONINKCB_08846-0
LONINKCB_04219		7.99e-26	LONINKCB_04219-0
LONINKCB_04220		6.25e-21	LONINKCB_04220-0
LONINKCB_04221	7160	3.28e-43	LONINKCB_04221-0
LONINKCB_04222	2	4.71e-70	LONINKCB_04222-0
LONINKCB_04223		1.23e-30	LONINKCB_04223-0
LONINKCB_04224			LONINKCB_04224-0
LONINKCB_04225			LONINKCB_04225-0
LONINKCB_04226			LONINKCB_04226-0
LONINKCB_04227			LONINKCB_04227-0
LONINKCB_04228			LONINKCB_04228-0
LONINKCB_04229			LONINKCB_04229-0
LONINKCB_04230			LONINKCB_04230-0
LONINKCB_04231			LONINKCB_04231-0
LONINKCB_04232			LONINKCB_04232-0
LONINKCB_04233			LONINKCB_04233-0
LONINKCB_04234			LONINKCB_04234-0
LONINKCB_04235			LONINKCB_04235-0
LONINKCB_04236			LONINKCB_04236-0
LONINKCB_04237			LONINKCB_04237-0
LONINKCB_04238			LONINKCB_04238-0
LONINKCB_04239			LONINKCB_04239-0
LONINKCB_04240			LONINKCB_04240-0
LONINKCB_04241			LONINKCB_04241-0
LONINKCB_04242			LONINKCB_04242-0
LONINKCB_04243			LONINKCB_04243-0
LONINKCB_04244			LONINKCB_04244-0
LONINKCB_04245			LONINKCB_04245-0
LONINKCB_04246			LONINKCB_04246-0
LONINKCB_04247			LONINKCB_04247-0
LONINKCB_04248			LONINKCB_04248-0
LONINKCB_04249			LONINKCB_04249-0
LONINKCB_04250			LONINKCB_04250-0
LONINKCB_04251			LONINKCB_04251-0
LONINKCB_04252	35572	3.47e-07	LONINKCB_04252-0
LONINKCB_04253			LONINKCB_04253-0
LONINKCB_04254			LONINKCB_04254-0
LONINKCB_04255			LONINKCB_04255-0
LONINKCB_04256		1.46e-09	LONINKCB_04256-0
LONINKCB_04257			LONINKCB_04257-0
LONINKCB_04258		5.61e-07	LONINKCB_04258-0
LONINKCB_04259	2	1.29e-109	LONINKCB_04259-0
LONINKCB_04260			LONINKCB_04260-0
LONINKCB_04261			LONINKCB_04261-0
LONINKCB_04262			LONINKCB_04262-0
LONINKCB_04263			LONINKCB_04263-0
LONINKCB_04264			LONINKCB_04264-0
LONINKCB_04265			LONINKCB_04265-0
LONINKCB_04266			LONINKCB_04266-0
LONINKCB_04267			LONINKCB_04267-0
LONINKCB_04268			LONINKCB_04268-0
LONINKCB_04269			LONINKCB_04269-0
LONINKCB_04270			LONINKCB_04270-0
LONINKCB_04271			LONINKCB_04271-0
LONINKCB_04272			LONINKCB_04272-0
LONINKCB_04273			LONINKCB_04273-0
LONINKCB_04274			LONINKCB_04274-0
LONINKCB_04275			LONINKCB_04275-0
LONINKCB_04276			LONINKCB_04276-0
LONINKCB_04277			LONINKCB_04277-0
LONINKCB_04278			LONINKCB_04278-0
LONINKCB_04279	35571	1.86e-26	LONINKCB_04279-0
LONINKCB_04280		2.53e-64	LONINKCB_04280-0
LONINKCB_04281		1.16e-45	LONINKCB_04281-0
LONINKCB_04282			LONINKCB_04282-0
LONINKCB_04283	35571	1.68e-23	LONINKCB_04283-0
LONINKCB_04284	35571	1.07e-54	LONINKCB_04284-0
LONINKCB_04285		2.98e-91	LONINKCB_04285-0
LONINKCB_04286			LONINKCB_04286-0
LONINKCB_04287			LONINKCB_04287-0
LONINKCB_04288			LONINKCB_04288-0
LONINKCB_04289			LONINKCB_04289-0
LONINKCB_04290			LONINKCB_04290-0
LONINKCB_04291			LONINKCB_04291-0
LONINKCB_04292			LONINKCB_04292-0
LONINKCB_04293			LONINKCB_04293-0
LONINKCB_04294			LONINKCB_04294-0
LONINKCB_04295			LONINKCB_04295-0
LONINKCB_04296			LONINKCB_04296-0
LONINKCB_04297			LONINKCB_04297-0
LONINKCB_04298			LONINKCB_04298-0
LONINKCB_04299			LONINKCB_04299-0
LONINKCB_04300			LONINKCB_04300-0
LONINKCB_04301			LONINKCB_04301-0
LONINKCB_04302			LONINKCB_04302-0
LONINKCB_04303			LONINKCB_04303-0
LONINKCB_04304	1564500	6.20e-22	LONINKCB_04304-0
LONINKCB_04305	38358	9.67e-33	LONINKCB_04305-0
LONINKCB_04306		2.72e-24	LONINKCB_04306-0
LONINKCB_04307		2.97e-28	LONINKCB_04307-0
LONINKCB_04308		1.49e-49	LONINKCB_04308-0
LONINKCB_04309			LONINKCB_04309-0
LONINKCB_04310			LONINKCB_04310-0
LONINKCB_04311			LONINKCB_04311-0
LONINKCB_04312			LONINKCB_04312-0
LONINKCB_04313			LONINKCB_04313-0
LONINKCB_04314			LONINKCB_04314-0
LONINKCB_04315			LONINKCB_04315-0
LONINKCB_04316			LONINKCB_04316-0
LONINKCB_04317			LONINKCB_04317-0
LONINKCB_04318			LONINKCB_04318-0
LONINKCB_04319			LONINKCB_04319-0
LONINKCB_04320			LONINKCB_04320-0
LONINKCB_04321			LONINKCB_04321-0
LONINKCB_04322			LONINKCB_04322-0
LONINKCB_04323			LONINKCB_04323-0
LONINKCB_04324			LONINKCB_04324-0
LONINKCB_04325			LONINKCB_04325-0
LONINKCB_04326	38358	3.17e-60	LONINKCB_04326-0
LONINKCB_04327			LONINKCB_04327-0
LONINKCB_04328	35571	2.45e-14	LONINKCB_04328-0
LONINKCB_04329			LONINKCB_04329-0
LONINKCB_04330			LONINKCB_04330-0
LONINKCB_04331		3.92e-42	LONINKCB_04331-0
LONINKCB_04332	35571	1.51e-161	LONINKCB_04332-0
LONINKCB_04333			LONINKCB_04333-0
LONINKCB_04334	35571	2.20e-127	LONINKCB_04334-0
LONINKCB_04335	35571	4.74e-88	LONINKCB_04335-0
LONINKCB_04336	38358	1.06e-53	LONINKCB_04336-0
LONINKCB_04337			LONINKCB_04337-0
LONINKCB_04338			LONINKCB_04338-0
LONINKCB_04339	35571	1.40e-29	LONINKCB_04339-0
LONINKCB_04340	35571	1.99e-60	LONINKCB_04340-0
LONINKCB_04341	35571	1.66e-30	LONINKCB_04341-0
LONINKCB_04342	35571	1.11e-64	LONINKCB_04342-0
LONINKCB_04343	35571	8.68e-34	LONINKCB_04343-0
LONINKCB_04344	35571	1.96e-84	LONINKCB_04344-0
LONINKCB_04345			LONINKCB_04345-0
LONINKCB_04346	35571	1.72e-19	LONINKCB_04346-0
LONINKCB_04347			LONINKCB_04347-0
LONINKCB_04348			LONINKCB_04348-0
LONINKCB_04349			LONINKCB_04349-0
LONINKCB_04350			LONINKCB_04350-0
LONINKCB_04351			LONINKCB_04351-0
LONINKCB_04352	35571	1.81e-172	LONINKCB_04352-0
LONINKCB_04353	35571	1.23e-17	LONINKCB_04353-0
LONINKCB_04354	38358	4.31e-09	LONINKCB_04354-0
LONINKCB_04355	38358	2.22e-45	LONINKCB_04355-0
LONINKCB_04356	38358	2.18e-25	LONINKCB_04356-0
LONINKCB_04357	35571	2.96e-24	LONINKCB_04357-0
LONINKCB_04358	35571	5.92e-69	LONINKCB_04358-0
LONINKCB_04359	35571	2.15e-51	LONINKCB_04359-0
LONINKCB_04360			LONINKCB_04360-0
LONINKCB_04361			LONINKCB_04361-0
LONINKCB_04362	35571	1.33e-32	LONINKCB_04362-0
LONINKCB_04363			LONINKCB_04363-0
LONINKCB_04364			LONINKCB_04364-0
LONINKCB_04365	35571	1.98e-12	LONINKCB_04365-0
LONINKCB_04366	35571	1.55e-58	LONINKCB_04366-0
LONINKCB_04367	35571	1.87e-29	LONINKCB_04367-0
LONINKCB_04368			LONINKCB_04368-0
LONINKCB_04369			LONINKCB_04369-0
LONINKCB_04370			LONINKCB_04370-0
LONINKCB_04371			LONINKCB_04371-0
LONINKCB_04372			LONINKCB_04372-0
LONINKCB_04373			LONINKCB_04373-0
LONINKCB_04374			LONINKCB_04374-0
LONINKCB_04375			LONINKCB_04375-0
LONINKCB_04376			LONINKCB_04376-0
LONINKCB_04377			LONINKCB_04377-0
LONINKCB_04378			LONINKCB_04378-0
LONINKCB_04379			LONINKCB_04379-0
LONINKCB_04380			LONINKCB_04380-0
LONINKCB_04381			LONINKCB_04381-0
LONINKCB_04382			LONINKCB_04382-0
LONINKCB_04383			LONINKCB_04383-0
LONINKCB_04384			LONINKCB_04384-0
LONINKCB_04385			LONINKCB_04385-0
LONINKCB_04386			LONINKCB_04386-0
LONINKCB_04387			LONINKCB_04387-0
LONINKCB_08788			LONINKCB_08788-0
LONINKCB_08789			LONINKCB_08789-0
LONINKCB_08790			LONINKCB_08790-0
LONINKCB_08791			LONINKCB_08791-0
LONINKCB_08792			LONINKCB_08792-0
LONINKCB_08793			LONINKCB_08793-0
LONINKCB_08794			LONINKCB_08794-0
LONINKCB_08795			LONINKCB_08795-0
LONINKCB_08796			LONINKCB_08796-0
LONINKCB_08797			LONINKCB_08797-0
LONINKCB_08798			LONINKCB_08798-0
LONINKCB_08799			LONINKCB_08799-0
LONINKCB_08800			LONINKCB_08800-0
LONINKCB_08801			LONINKCB_08801-0
LONINKCB_08802			LONINKCB_08802-0
LONINKCB_08803	7038	1.91e-09	LONINKCB_08803-0
LONINKCB_08804			LONINKCB_08804-0
LONINKCB_08805	2	2.14e-30	LONINKCB_08805-0
LONINKCB_08806		1.04e-08	LONINKCB_08806-0
LONINKCB_08807	7054	6.65e-07	LONINKCB_08807-0
LONINKCB_08808			LONINKCB_08808-0
LONINKCB_08809		2.61e-30	LONINKCB_08809-0
LONINKCB_08810		4.78e-34	LONINKCB_08810-0
LONINKCB_08811	2	4.36e-20	LONINKCB_08811-0
LONINKCB_08812			LONINKCB_08812-0
LONINKCB_08813	131567	3.85e-13	LONINKCB_08813-0
LONINKCB_08814			LONINKCB_08814-0
LONINKCB_08815			LONINKCB_08815-0
LONINKCB_08816			LONINKCB_08816-0
LONINKCB_08817			LONINKCB_08817-0
LONINKCB_04024			LONINKCB_04024-0
LONINKCB_04025			LONINKCB_04025-0
LONINKCB_04026			LONINKCB_04026-0
LONINKCB_04027			LONINKCB_04027-0
LONINKCB_04028			LONINKCB_04028-0
LONINKCB_04029			LONINKCB_04029-0
LONINKCB_04030			LONINKCB_04030-0
LONINKCB_04031			LONINKCB_04031-0
LONINKCB_04032			LONINKCB_04032-0
LONINKCB_04033			LONINKCB_04033-0
LONINKCB_04034			LONINKCB_04034-0
LONINKCB_04035			LONINKCB_04035-0
LONINKCB_04036			LONINKCB_04036-0
LONINKCB_04037			LONINKCB_04037-0
LONINKCB_04038			LONINKCB_04038-0
LONINKCB_04039			LONINKCB_04039-0
LONINKCB_04040			LONINKCB_04040-0
LONINKCB_04041			LONINKCB_04041-0
LONINKCB_04042	38358	5.78e-89	LONINKCB_04042-0
LONINKCB_04043	38358	9.78e-31	LONINKCB_04043-0
LONINKCB_04044			LONINKCB_04044-0
LONINKCB_04045	38358	6.78e-49	LONINKCB_04045-0
LONINKCB_04046			LONINKCB_04046-0
LONINKCB_04047			LONINKCB_04047-0
LONINKCB_04048			LONINKCB_04048-0
LONINKCB_04049			LONINKCB_04049-0
LONINKCB_04050	38358	5.78e-89	LONINKCB_04050-0
LONINKCB_04051	38358	6.40e-17	LONINKCB_04051-0
LONINKCB_04052	38358	1.88e-48	LONINKCB_04052-0
LONINKCB_04053			LONINKCB_04053-0
LONINKCB_04054			LONINKCB_04054-0
LONINKCB_04055			LONINKCB_04055-0
LONINKCB_04056			LONINKCB_04056-0
LONINKCB_04057			LONINKCB_04057-0
LONINKCB_04058			LONINKCB_04058-0
LONINKCB_04059	38358	7.93e-89	LONINKCB_04059-0
LONINKCB_04060	38358	6.54e-05	LONINKCB_04060-0
LONINKCB_04061			LONINKCB_04061-0
LONINKCB_04062			LONINKCB_04062-0
LONINKCB_04063			LONINKCB_04063-0
LONINKCB_04064			LONINKCB_04064-0
LONINKCB_04065			LONINKCB_04065-0
LONINKCB_04066	38358	8.40e-49	LONINKCB_04066-0
LONINKCB_04067			LONINKCB_04067-0
LONINKCB_04068			LONINKCB_04068-0
LONINKCB_04069			LONINKCB_04069-0
LONINKCB_04070			LONINKCB_04070-0
LONINKCB_04071			LONINKCB_04071-0
LONINKCB_04072			LONINKCB_04072-0
LONINKCB_04073			LONINKCB_04073-0
LONINKCB_04074	38358	2.79e-16	LONINKCB_04074-0
LONINKCB_04075			LONINKCB_04075-0
LONINKCB_04076			LONINKCB_04076-0
LONINKCB_04077			LONINKCB_04077-0
LONINKCB_04078			LONINKCB_04078-0
LONINKCB_04079		1.19e-07	LONINKCB_04079-0
LONINKCB_04080	1564500	3.31e-18	LONINKCB_04080-0
LONINKCB_04081			LONINKCB_04081-0
LONINKCB_04082		3.08e-19	LONINKCB_04082-0
LONINKCB_04083			LONINKCB_04083-0
LONINKCB_04084			LONINKCB_04084-0
LONINKCB_04085			LONINKCB_04085-0
LONINKCB_04086			LONINKCB_04086-0
LONINKCB_04087			LONINKCB_04087-0
LONINKCB_04088			LONINKCB_04088-0
LONINKCB_04089			LONINKCB_04089-0
LONINKCB_04090	1564500	1.47e-56	LONINKCB_04090-0
LONINKCB_04091			LONINKCB_04091-0
LONINKCB_04092			LONINKCB_04092-0
LONINKCB_04093			LONINKCB_04093-0
LONINKCB_04094			LONINKCB_04094-0
LONINKCB_04095			LONINKCB_04095-0
LONINKCB_04096			LONINKCB_04096-0
LONINKCB_04097			LONINKCB_04097-0
LONINKCB_04098			LONINKCB_04098-0
LONINKCB_04099			LONINKCB_04099-0
LONINKCB_04100			LONINKCB_04100-0
LONINKCB_04101			LONINKCB_04101-0
LONINKCB_04102			LONINKCB_04102-0
LONINKCB_04103			LONINKCB_04103-0
LONINKCB_04104			LONINKCB_04104-0
LONINKCB_04105			LONINKCB_04105-0
LONINKCB_04106			LONINKCB_04106-0
LONINKCB_04107			LONINKCB_04107-0
LONINKCB_04108			LONINKCB_04108-0
LONINKCB_04109			LONINKCB_04109-0
LONINKCB_04110			LONINKCB_04110-0
LONINKCB_04111			LONINKCB_04111-0
LONINKCB_04112			LONINKCB_04112-0
LONINKCB_04113			LONINKCB_04113-0
LONINKCB_04114			LONINKCB_04114-0
LONINKCB_04115			LONINKCB_04115-0
LONINKCB_04116			LONINKCB_04116-0
LONINKCB_04117			LONINKCB_04117-0
LONINKCB_04118			LONINKCB_04118-0
LONINKCB_04119			LONINKCB_04119-0
LONINKCB_04120			LONINKCB_04120-0
LONINKCB_04121			LONINKCB_04121-0
LONINKCB_04122			LONINKCB_04122-0
LONINKCB_04123	38358	2.63e-45	LONINKCB_04123-0
LONINKCB_04124	35571	3.44e-21	LONINKCB_04124-0
LONINKCB_04125	38358	1.64e-21	LONINKCB_04125-0
LONINKCB_04126	1564500	3.69e-36	LONINKCB_04126-0
LONINKCB_04127		3.06e-09	LONINKCB_04127-0
LONINKCB_04128			LONINKCB_04128-0
LONINKCB_04129			LONINKCB_04129-0
LONINKCB_04130			LONINKCB_04130-0
LONINKCB_04131			LONINKCB_04131-0
LONINKCB_04132			LONINKCB_04132-0
LONINKCB_04133			LONINKCB_04133-0
LONINKCB_04134			LONINKCB_04134-0
LONINKCB_04135			LONINKCB_04135-0
LONINKCB_04136			LONINKCB_04136-0
LONINKCB_04137			LONINKCB_04137-0
LONINKCB_04138			LONINKCB_04138-0
LONINKCB_04139			LONINKCB_04139-0
LONINKCB_04140			LONINKCB_04140-0
LONINKCB_04141			LONINKCB_04141-0
LONINKCB_04142			LONINKCB_04142-0
LONINKCB_04143			LONINKCB_04143-0
LONINKCB_04144			LONINKCB_04144-0
LONINKCB_04145			LONINKCB_04145-0
LONINKCB_04146			LONINKCB_04146-0
LONINKCB_04147	35572	8.09e-06	LONINKCB_04147-0
LONINKCB_04148			LONINKCB_04148-0
LONINKCB_04149			LONINKCB_04149-0
LONINKCB_04150			LONINKCB_04150-0
LONINKCB_04151			LONINKCB_04151-0
LONINKCB_04152			LONINKCB_04152-0
LONINKCB_04153			LONINKCB_04153-0
LONINKCB_04154			LONINKCB_04154-0
LONINKCB_04155			LONINKCB_04155-0
LONINKCB_04156			LONINKCB_04156-0
LONINKCB_04157			LONINKCB_04157-0
LONINKCB_04158	38358	7.47e-26	LONINKCB_04158-0
LONINKCB_04159	35571	5.88e-90	LONINKCB_04159-0
LONINKCB_04160			LONINKCB_04160-0
LONINKCB_04161			LONINKCB_04161-0
LONINKCB_04162			LONINKCB_04162-0
LONINKCB_04163			LONINKCB_04163-0
LONINKCB_04164			LONINKCB_04164-0
LONINKCB_04165			LONINKCB_04165-0
LONINKCB_04166			LONINKCB_04166-0
LONINKCB_04167			LONINKCB_04167-0
LONINKCB_04168			LONINKCB_04168-0
LONINKCB_04169	1564500	3.65e-13	LONINKCB_04169-0
LONINKCB_04170			LONINKCB_04170-0
LONINKCB_04171			LONINKCB_04171-0
LONINKCB_04172			LONINKCB_04172-0
LONINKCB_04173			LONINKCB_04173-0
LONINKCB_04174			LONINKCB_04174-0
LONINKCB_04175			LONINKCB_04175-0
LONINKCB_04176			LONINKCB_04176-0
LONINKCB_04177			LONINKCB_04177-0
LONINKCB_04178			LONINKCB_04178-0
LONINKCB_04179			LONINKCB_04179-0
LONINKCB_04180			LONINKCB_04180-0
LONINKCB_04181			LONINKCB_04181-0
LONINKCB_04182			LONINKCB_04182-0
LONINKCB_04183			LONINKCB_04183-0
LONINKCB_04184			LONINKCB_04184-0
LONINKCB_04185			LONINKCB_04185-0
LONINKCB_04186			LONINKCB_04186-0
LONINKCB_04187			LONINKCB_04187-0
LONINKCB_04188			LONINKCB_04188-0
LONINKCB_04189			LONINKCB_04189-0
LONINKCB_04190			LONINKCB_04190-0
LONINKCB_04191			LONINKCB_04191-0
LONINKCB_04192			LONINKCB_04192-0
LONINKCB_04193			LONINKCB_04193-0
LONINKCB_04194			LONINKCB_04194-0
LONINKCB_04195			LONINKCB_04195-0
LONINKCB_04196			LONINKCB_04196-0
LONINKCB_04197			LONINKCB_04197-0
LONINKCB_04198			LONINKCB_04198-0
LONINKCB_04199			LONINKCB_04199-0
LONINKCB_04200			LONINKCB_04200-0
LONINKCB_04201			LONINKCB_04201-0
LONINKCB_04202			LONINKCB_04202-0
LONINKCB_04203			LONINKCB_04203-0
LONINKCB_04204			LONINKCB_04204-0
LONINKCB_04205			LONINKCB_04205-0
LONINKCB_04206			LONINKCB_04206-0
LONINKCB_04207			LONINKCB_04207-0
LONINKCB_04208			LONINKCB_04208-0
LONINKCB_04209			LONINKCB_04209-0
LONINKCB_04210			LONINKCB_04210-0
LONINKCB_04211			LONINKCB_04211-0
LONINKCB_04212			LONINKCB_04212-0
LONINKCB_04213			LONINKCB_04213-0
LONINKCB_04214			LONINKCB_04214-0
LONINKCB_04215			LONINKCB_04215-0
LONINKCB_04216		1.60e-39	LONINKCB_04216-0
LONINKCB_04217			LONINKCB_04217-0
LONINKCB_04218			LONINKCB_04218-0
LONINKCB_09199			LONINKCB_09199-0
LONINKCB_09200			LONINKCB_09200-0
LONINKCB_09201			LONINKCB_09201-0
LONINKCB_09202			LONINKCB_09202-0
LONINKCB_09203			LONINKCB_09203-0
LONINKCB_09204			LONINKCB_09204-0
LONINKCB_09205			LONINKCB_09205-0
LONINKCB_09206			LONINKCB_09206-0
LONINKCB_09207			LONINKCB_09207-0
LONINKCB_09208			LONINKCB_09208-0
LONINKCB_09209			LONINKCB_09209-0
LONINKCB_09210			LONINKCB_09210-0
LONINKCB_09211			LONINKCB_09211-0
LONINKCB_09212			LONINKCB_09212-0
LONINKCB_09213			LONINKCB_09213-0
LONINKCB_09214			LONINKCB_09214-0
LONINKCB_09215			LONINKCB_09215-0
LONINKCB_09216			LONINKCB_09216-0
LONINKCB_09217			LONINKCB_09217-0
LONINKCB_09218			LONINKCB_09218-0
LONINKCB_09219			LONINKCB_09219-0
LONINKCB_09220			LONINKCB_09220-0
LONINKCB_09221			LONINKCB_09221-0
LONINKCB_09222			LONINKCB_09222-0
LONINKCB_09223			LONINKCB_09223-0
LONINKCB_09224			LONINKCB_09224-0
LONINKCB_09225			LONINKCB_09225-0
LONINKCB_09226			LONINKCB_09226-0
LONINKCB_09227			LONINKCB_09227-0
LONINKCB_09228			LONINKCB_09228-0
LONINKCB_09229			LONINKCB_09229-0
LONINKCB_09230			LONINKCB_09230-0
LONINKCB_09231			LONINKCB_09231-0
LONINKCB_09232			LONINKCB_09232-0
LONINKCB_09233			LONINKCB_09233-0
LONINKCB_09234			LONINKCB_09234-0
LONINKCB_09235	38358	1.35e-05	LONINKCB_09235-0
LONINKCB_09236			LONINKCB_09236-0
LONINKCB_09237			LONINKCB_09237-0
LONINKCB_09238			LONINKCB_09238-0
LONINKCB_09239			LONINKCB_09239-0
LONINKCB_09240			LONINKCB_09240-0
LONINKCB_09241			LONINKCB_09241-0
LONINKCB_09242			LONINKCB_09242-0
LONINKCB_09243			LONINKCB_09243-0
LONINKCB_09244			LONINKCB_09244-0
LONINKCB_09245			LONINKCB_09245-0
LONINKCB_09246			LONINKCB_09246-0
LONINKCB_09247			LONINKCB_09247-0
LONINKCB_09248			LONINKCB_09248-0
LONINKCB_09249			LONINKCB_09249-0
LONINKCB_09250			LONINKCB_09250-0
LONINKCB_09251			LONINKCB_09251-0
LONINKCB_06294			LONINKCB_06294-0
LONINKCB_06295			LONINKCB_06295-0
LONINKCB_06296			LONINKCB_06296-0
LONINKCB_06297			LONINKCB_06297-0
LONINKCB_06298			LONINKCB_06298-0
LONINKCB_06299			LONINKCB_06299-0
LONINKCB_06300			LONINKCB_06300-0
LONINKCB_06301			LONINKCB_06301-0
LONINKCB_06302			LONINKCB_06302-0
LONINKCB_06303			LONINKCB_06303-0
LONINKCB_06304			LONINKCB_06304-0
LONINKCB_06305			LONINKCB_06305-0
LONINKCB_06306			LONINKCB_06306-0
LONINKCB_06307	35571	4.81e-48	LONINKCB_06307-0
LONINKCB_06308		7.73e-24	LONINKCB_06308-0
LONINKCB_06309			LONINKCB_06309-0
LONINKCB_06310			LONINKCB_06310-0
LONINKCB_06311			LONINKCB_06311-0
LONINKCB_06312	38358	1.37e-83	LONINKCB_06312-0
LONINKCB_06313		2.60e-57	LONINKCB_06313-0
LONINKCB_06314			LONINKCB_06314-0
LONINKCB_06315			LONINKCB_06315-0
LONINKCB_06316			LONINKCB_06316-0
LONINKCB_06317			LONINKCB_06317-0
LONINKCB_06318			LONINKCB_06318-0
LONINKCB_06319			LONINKCB_06319-0
LONINKCB_06320			LONINKCB_06320-0
LONINKCB_06321			LONINKCB_06321-0
LONINKCB_06322	38358	4.44e-45	LONINKCB_06322-0
LONINKCB_06323			LONINKCB_06323-0
LONINKCB_06324			LONINKCB_06324-0
LONINKCB_06325			LONINKCB_06325-0
LONINKCB_06326			LONINKCB_06326-0
LONINKCB_06327			LONINKCB_06327-0
LONINKCB_06328			LONINKCB_06328-0
LONINKCB_06329			LONINKCB_06329-0
LONINKCB_06330	35571	7.73e-30	LONINKCB_06330-0
LONINKCB_06331	35571	3.01e-21	LONINKCB_06331-0
LONINKCB_06332			LONINKCB_06332-0
LONINKCB_06333			LONINKCB_06333-0
LONINKCB_06334	35571	5.81e-30	LONINKCB_06334-0
LONINKCB_06335			LONINKCB_06335-0
LONINKCB_06336			LONINKCB_06336-0
LONINKCB_06337			LONINKCB_06337-0
LONINKCB_06338	38358	8.49e-140	LONINKCB_06338-0
LONINKCB_06339	35571	1.57e-49	LONINKCB_06339-0
LONINKCB_06340			LONINKCB_06340-0
LONINKCB_06341	38358	9.19e-85	LONINKCB_06341-0
LONINKCB_06342	38358	9.49e-78	LONINKCB_06342-0
LONINKCB_06343			LONINKCB_06343-0
LONINKCB_06344			LONINKCB_06344-0
LONINKCB_06345			LONINKCB_06345-0
LONINKCB_06346			LONINKCB_06346-0
LONINKCB_06347	35571	3.92e-124	LONINKCB_06347-0
LONINKCB_06348			LONINKCB_06348-0
LONINKCB_06349		3.36e-24	LONINKCB_06349-0
LONINKCB_06350		9.72e-18	LONINKCB_06350-0
LONINKCB_06351	35571	2.22e-103	LONINKCB_06351-0
LONINKCB_06352	35571	1.03e-35	LONINKCB_06352-0
LONINKCB_06353		1.08e-86	LONINKCB_06353-0
LONINKCB_06354	2	3.14e-11	LONINKCB_06354-0
LONINKCB_06355			LONINKCB_06355-0
LONINKCB_06356			LONINKCB_06356-0
LONINKCB_06357			LONINKCB_06357-0
LONINKCB_06358			LONINKCB_06358-0
LONINKCB_06359			LONINKCB_06359-0
LONINKCB_06360			LONINKCB_06360-0
LONINKCB_06361			LONINKCB_06361-0
LONINKCB_06362			LONINKCB_06362-0
LONINKCB_06363			LONINKCB_06363-0
LONINKCB_06364			LONINKCB_06364-0
LONINKCB_06365			LONINKCB_06365-0
LONINKCB_06366			LONINKCB_06366-0
LONINKCB_06367			LONINKCB_06367-0
LONINKCB_06368			LONINKCB_06368-0
LONINKCB_06369			LONINKCB_06369-0
LONINKCB_06370			LONINKCB_06370-0
LONINKCB_06371			LONINKCB_06371-0
LONINKCB_06372			LONINKCB_06372-0
LONINKCB_06373			LONINKCB_06373-0
LONINKCB_06374		5.76e-13	LONINKCB_06374-0
LONINKCB_06375		9.49e-24	LONINKCB_06375-0
LONINKCB_06376			LONINKCB_06376-0
LONINKCB_06377			LONINKCB_06377-0
LONINKCB_06378			LONINKCB_06378-0
LONINKCB_06379			LONINKCB_06379-0
LONINKCB_06380			LONINKCB_06380-0
LONINKCB_06381			LONINKCB_06381-0
LONINKCB_06382			LONINKCB_06382-0
LONINKCB_06383			LONINKCB_06383-0
LONINKCB_06384			LONINKCB_06384-0
LONINKCB_06385			LONINKCB_06385-0
LONINKCB_06386			LONINKCB_06386-0
LONINKCB_06387			LONINKCB_06387-0
LONINKCB_06388			LONINKCB_06388-0
LONINKCB_06389			LONINKCB_06389-0
LONINKCB_06390			LONINKCB_06390-0
LONINKCB_06391			LONINKCB_06391-0
LONINKCB_06392			LONINKCB_06392-0
LONINKCB_06393			LONINKCB_06393-0
LONINKCB_06394			LONINKCB_06394-0
LONINKCB_06395	35571	1.39e-14	LONINKCB_06395-0
LONINKCB_06396			LONINKCB_06396-0
LONINKCB_06397			LONINKCB_06397-0
LONINKCB_06398			LONINKCB_06398-0
LONINKCB_06399			LONINKCB_06399-0
LONINKCB_06400			LONINKCB_06400-0
LONINKCB_06401			LONINKCB_06401-0
LONINKCB_06402	35571	2.02e-38	LONINKCB_06402-0
LONINKCB_06403		3.86e-218	LONINKCB_06403-0
LONINKCB_06404			LONINKCB_06404-0
LONINKCB_06405			LONINKCB_06405-0
LONINKCB_06406			LONINKCB_06406-0
LONINKCB_06407			LONINKCB_06407-0
LONINKCB_06408			LONINKCB_06408-0
LONINKCB_06409			LONINKCB_06409-0
LONINKCB_06410	35571	3.56e-314	LONINKCB_06410-0
LONINKCB_06411			LONINKCB_06411-0
LONINKCB_06412		4.07e-18	LONINKCB_06412-0
LONINKCB_06413		5.05e-07	LONINKCB_06413-0
LONINKCB_06414	38358	3.55e-72	LONINKCB_06414-0
LONINKCB_06415		2.20e-31	LONINKCB_06415-0
LONINKCB_06416			LONINKCB_06416-0
LONINKCB_06417	35571	4.56e-14	LONINKCB_06417-0
LONINKCB_06418	35571	2.53e-64	LONINKCB_06418-0
LONINKCB_06419		3.34e-26	LONINKCB_06419-0
LONINKCB_06420	35571	5.33e-69	LONINKCB_06420-0
LONINKCB_06421		2.09e-11	LONINKCB_06421-0
LONINKCB_06422		2.05e-26	LONINKCB_06422-0
LONINKCB_06423			LONINKCB_06423-0
LONINKCB_06424		7.84e-40	LONINKCB_06424-0
LONINKCB_06425		8.67e-50	LONINKCB_06425-0
LONINKCB_06426	35571	8.30e-15	LONINKCB_06426-0
LONINKCB_06427		7.97e-08	LONINKCB_06427-0
LONINKCB_06428			LONINKCB_06428-0
LONINKCB_06429	35571	7.36e-13	LONINKCB_06429-0
LONINKCB_06430		1.64e-82	LONINKCB_06430-0
LONINKCB_06431			LONINKCB_06431-0
LONINKCB_06432			LONINKCB_06432-0
LONINKCB_06433			LONINKCB_06433-0
LONINKCB_06434			LONINKCB_06434-0
LONINKCB_06435			LONINKCB_06435-0
LONINKCB_06436			LONINKCB_06436-0
LONINKCB_06437			LONINKCB_06437-0
LONINKCB_06438			LONINKCB_06438-0
LONINKCB_06439			LONINKCB_06439-0
LONINKCB_06440			LONINKCB_06440-0
LONINKCB_06441			LONINKCB_06441-0
LONINKCB_06442	38358	4.41e-27	LONINKCB_06442-0
LONINKCB_06443			LONINKCB_06443-0
LONINKCB_06444			LONINKCB_06444-0
LONINKCB_06445			LONINKCB_06445-0
LONINKCB_06446			LONINKCB_06446-0
LONINKCB_06447			LONINKCB_06447-0
LONINKCB_06448			LONINKCB_06448-0
LONINKCB_06449			LONINKCB_06449-0
LONINKCB_06450			LONINKCB_06450-0
LONINKCB_06451			LONINKCB_06451-0
LONINKCB_06452			LONINKCB_06452-0
LONINKCB_06453			LONINKCB_06453-0
LONINKCB_06454			LONINKCB_06454-0
LONINKCB_06455			LONINKCB_06455-0
LONINKCB_06456			LONINKCB_06456-0
LONINKCB_06457			LONINKCB_06457-0
LONINKCB_06458			LONINKCB_06458-0
LONINKCB_06459	35571	1.83e-37	LONINKCB_06459-0
LONINKCB_06460			LONINKCB_06460-0
LONINKCB_06461			LONINKCB_06461-0
LONINKCB_06462			LONINKCB_06462-0
LONINKCB_06463			LONINKCB_06463-0
LONINKCB_06464			LONINKCB_06464-0
LONINKCB_06465			LONINKCB_06465-0
LONINKCB_06466			LONINKCB_06466-0
LONINKCB_06467			LONINKCB_06467-0
LONINKCB_06468	35571	5.38e-15	LONINKCB_06468-0
LONINKCB_06469	35571	1.05e-38	LONINKCB_06469-0
LONINKCB_06470			LONINKCB_06470-0
LONINKCB_07515			LONINKCB_07515-0
LONINKCB_07516			LONINKCB_07516-0
LONINKCB_07518			LONINKCB_07518-0
LONINKCB_07519	38358	1.90e-100	LONINKCB_07519-0
LONINKCB_07520			LONINKCB_07520-0
LONINKCB_07521			LONINKCB_07521-0
LONINKCB_07522			LONINKCB_07522-0
LONINKCB_07523		3.65e-30	LONINKCB_07523-0
LONINKCB_07524		6.44e-72	LONINKCB_07524-0
LONINKCB_07525		1.46e-35	LONINKCB_07525-0
LONINKCB_07526		3.55e-72	LONINKCB_07526-0
LONINKCB_07527		4.67e-21	LONINKCB_07527-0
LONINKCB_07528		2.27e-19	LONINKCB_07528-0
LONINKCB_07529		2.21e-18	LONINKCB_07529-0
LONINKCB_07530			LONINKCB_07530-0
LONINKCB_07531			LONINKCB_07531-0
LONINKCB_07532			LONINKCB_07532-0
LONINKCB_07533			LONINKCB_07533-0
LONINKCB_07534			LONINKCB_07534-0
LONINKCB_07535			LONINKCB_07535-0
LONINKCB_07536			LONINKCB_07536-0
LONINKCB_07537			LONINKCB_07537-0
LONINKCB_07538			LONINKCB_07538-0
LONINKCB_07539			LONINKCB_07539-0
LONINKCB_07540			LONINKCB_07540-0
LONINKCB_07541			LONINKCB_07541-0
LONINKCB_07542	38358	1.06e-54	LONINKCB_07542-0
LONINKCB_07543	38358	3.24e-124	LONINKCB_07543-0
LONINKCB_07544	38358	9.48e-80	LONINKCB_07544-0
LONINKCB_07545	7375	1.75e-08	LONINKCB_07545-0
LONINKCB_07546	38358	2.18e-145	LONINKCB_07546-0
LONINKCB_07547			LONINKCB_07547-0
LONINKCB_07548			LONINKCB_07548-0
LONINKCB_07549	68888	1.07e-04	LONINKCB_07549-0
LONINKCB_07550			LONINKCB_07550-0
LONINKCB_07551			LONINKCB_07551-0
LONINKCB_07552			LONINKCB_07552-0
LONINKCB_07553			LONINKCB_07553-0
LONINKCB_07554			LONINKCB_07554-0
LONINKCB_07555			LONINKCB_07555-0
LONINKCB_07556			LONINKCB_07556-0
LONINKCB_07557			LONINKCB_07557-0
LONINKCB_07558		1.37e-13	LONINKCB_07558-0
LONINKCB_07559			LONINKCB_07559-0
LONINKCB_07560			LONINKCB_07560-0
LONINKCB_07561			LONINKCB_07561-0
LONINKCB_07562			LONINKCB_07562-0
LONINKCB_07563			LONINKCB_07563-0
LONINKCB_07564			LONINKCB_07564-0
LONINKCB_07565			LONINKCB_07565-0
LONINKCB_07566			LONINKCB_07566-0
LONINKCB_07567			LONINKCB_07567-0
LONINKCB_07568	35571	1.45e-16	LONINKCB_07568-0
LONINKCB_07569		9.73e-24	LONINKCB_07569-0
LONINKCB_07570	35571	2.79e-84	LONINKCB_07570-0
LONINKCB_07571			LONINKCB_07571-0
LONINKCB_07572			LONINKCB_07572-0
LONINKCB_07573	35571	4.30e-26	LONINKCB_07573-0
LONINKCB_07574	35571	6.88e-25	LONINKCB_07574-0
LONINKCB_07575	35571	1.84e-14	LONINKCB_07575-0
LONINKCB_07576		1.27e-35	LONINKCB_07576-0
LONINKCB_07577		4.64e-17	LONINKCB_07577-0
LONINKCB_07578			LONINKCB_07578-0
LONINKCB_07579			LONINKCB_07579-0
LONINKCB_07580			LONINKCB_07580-0
LONINKCB_07581			LONINKCB_07581-0
LONINKCB_07582			LONINKCB_07582-0
LONINKCB_07583			LONINKCB_07583-0
LONINKCB_07584	35571	9.17e-144	LONINKCB_07584-0
LONINKCB_07585	35571	0.0	LONINKCB_07585-0
LONINKCB_07586			LONINKCB_07586-0
LONINKCB_07587			LONINKCB_07587-0
LONINKCB_07588			LONINKCB_07588-0
LONINKCB_07589			LONINKCB_07589-0
LONINKCB_07590			LONINKCB_07590-0
LONINKCB_07591			LONINKCB_07591-0
LONINKCB_07592			LONINKCB_07592-0
LONINKCB_07593			LONINKCB_07593-0
LONINKCB_07594			LONINKCB_07594-0
LONINKCB_07595			LONINKCB_07595-0
LONINKCB_07596			LONINKCB_07596-0
LONINKCB_07597			LONINKCB_07597-0
LONINKCB_07598			LONINKCB_07598-0
LONINKCB_07599			LONINKCB_07599-0
LONINKCB_07600			LONINKCB_07600-0
LONINKCB_07601			LONINKCB_07601-0
LONINKCB_07602			LONINKCB_07602-0
LONINKCB_07603			LONINKCB_07603-0
LONINKCB_07604			LONINKCB_07604-0
LONINKCB_07605			LONINKCB_07605-0
LONINKCB_07606			LONINKCB_07606-0
LONINKCB_07607	35571	1.40e-46	LONINKCB_07607-0
LONINKCB_07608			LONINKCB_07608-0
LONINKCB_07609			LONINKCB_07609-0
LONINKCB_07610			LONINKCB_07610-0
LONINKCB_07611		3.50e-09	LONINKCB_07611-0
LONINKCB_07612		5.13e-05	LONINKCB_07612-0
LONINKCB_07613		7.34e-42	LONINKCB_07613-0
LONINKCB_07614			LONINKCB_07614-0
LONINKCB_07615			LONINKCB_07615-0
LONINKCB_07616		1.29e-19	LONINKCB_07616-0
LONINKCB_07617			LONINKCB_07617-0
LONINKCB_07618			LONINKCB_07618-0
LONINKCB_07619			LONINKCB_07619-0
LONINKCB_07620			LONINKCB_07620-0
LONINKCB_07621			LONINKCB_07621-0
LONINKCB_07622			LONINKCB_07622-0
LONINKCB_07623			LONINKCB_07623-0
LONINKCB_07624			LONINKCB_07624-0
LONINKCB_07625	35571	9.33e-85	LONINKCB_07625-0
LONINKCB_07626			LONINKCB_07626-0
LONINKCB_07627			LONINKCB_07627-0
LONINKCB_07628			LONINKCB_07628-0
LONINKCB_07629			LONINKCB_07629-0
LONINKCB_07630			LONINKCB_07630-0
LONINKCB_07631			LONINKCB_07631-0
LONINKCB_07632			LONINKCB_07632-0
LONINKCB_07633	38358	3.85e-117	LONINKCB_07633-0
LONINKCB_07634	35571	6.91e-32	LONINKCB_07634-0
LONINKCB_07635			LONINKCB_07635-0
LONINKCB_07636			LONINKCB_07636-0
LONINKCB_07637			LONINKCB_07637-0
LONINKCB_07332			LONINKCB_07332-0
LONINKCB_07333	38358	1.82e-47	LONINKCB_07333-0
LONINKCB_07334			LONINKCB_07334-0
LONINKCB_07335			LONINKCB_07335-0
LONINKCB_07336			LONINKCB_07336-0
LONINKCB_07337			LONINKCB_07337-0
LONINKCB_07338			LONINKCB_07338-0
LONINKCB_07339			LONINKCB_07339-0
LONINKCB_07340			LONINKCB_07340-0
LONINKCB_07341			LONINKCB_07341-0
LONINKCB_07342			LONINKCB_07342-0
LONINKCB_07343			LONINKCB_07343-0
LONINKCB_07344			LONINKCB_07344-0
LONINKCB_07345			LONINKCB_07345-0
LONINKCB_07346			LONINKCB_07346-0
LONINKCB_07347			LONINKCB_07347-0
LONINKCB_07348			LONINKCB_07348-0
LONINKCB_07349			LONINKCB_07349-0
LONINKCB_07350			LONINKCB_07350-0
LONINKCB_07351			LONINKCB_07351-0
LONINKCB_07352			LONINKCB_07352-0
LONINKCB_07353			LONINKCB_07353-0
LONINKCB_07354			LONINKCB_07354-0
LONINKCB_07355			LONINKCB_07355-0
LONINKCB_07356			LONINKCB_07356-0
LONINKCB_07357			LONINKCB_07357-0
LONINKCB_07358			LONINKCB_07358-0
LONINKCB_07359			LONINKCB_07359-0
LONINKCB_07360			LONINKCB_07360-0
LONINKCB_07361			LONINKCB_07361-0
LONINKCB_07362			LONINKCB_07362-0
LONINKCB_07363			LONINKCB_07363-0
LONINKCB_07364			LONINKCB_07364-0
LONINKCB_07365			LONINKCB_07365-0
LONINKCB_07366			LONINKCB_07366-0
LONINKCB_07367			LONINKCB_07367-0
LONINKCB_07368			LONINKCB_07368-0
LONINKCB_07369			LONINKCB_07369-0
LONINKCB_07370			LONINKCB_07370-0
LONINKCB_07371			LONINKCB_07371-0
LONINKCB_07372			LONINKCB_07372-0
LONINKCB_07373			LONINKCB_07373-0
LONINKCB_07374			LONINKCB_07374-0
LONINKCB_07375			LONINKCB_07375-0
LONINKCB_07376			LONINKCB_07376-0
LONINKCB_07377			LONINKCB_07377-0
LONINKCB_07378			LONINKCB_07378-0
LONINKCB_07379			LONINKCB_07379-0
LONINKCB_07380			LONINKCB_07380-0
LONINKCB_07381			LONINKCB_07381-0
LONINKCB_07382			LONINKCB_07382-0
LONINKCB_07383			LONINKCB_07383-0
LONINKCB_07384			LONINKCB_07384-0
LONINKCB_07385			LONINKCB_07385-0
LONINKCB_07386			LONINKCB_07386-0
LONINKCB_07387			LONINKCB_07387-0
LONINKCB_07388			LONINKCB_07388-0
LONINKCB_07389			LONINKCB_07389-0
LONINKCB_07390			LONINKCB_07390-0
LONINKCB_07391			LONINKCB_07391-0
LONINKCB_07392			LONINKCB_07392-0
LONINKCB_07393			LONINKCB_07393-0
LONINKCB_07394			LONINKCB_07394-0
LONINKCB_07395			LONINKCB_07395-0
LONINKCB_07396			LONINKCB_07396-0
LONINKCB_07397			LONINKCB_07397-0
LONINKCB_07398			LONINKCB_07398-0
LONINKCB_07399			LONINKCB_07399-0
LONINKCB_07400			LONINKCB_07400-0
LONINKCB_07401			LONINKCB_07401-0
LONINKCB_07402			LONINKCB_07402-0
LONINKCB_07403			LONINKCB_07403-0
LONINKCB_07404			LONINKCB_07404-0
LONINKCB_07405	2	2.87e-14	LONINKCB_07405-0
LONINKCB_07406	50385	6.31e-40	LONINKCB_07406-0
LONINKCB_07407		4.55e-75	LONINKCB_07407-0
LONINKCB_07408	2	5.32e-06	LONINKCB_07408-0
LONINKCB_07409	38358	1.42e-13	LONINKCB_07409-0
LONINKCB_07410	38358	3.22e-48	LONINKCB_07410-0
LONINKCB_07411			LONINKCB_07411-0
LONINKCB_07412			LONINKCB_07412-0
LONINKCB_07413			LONINKCB_07413-0
LONINKCB_07414			LONINKCB_07414-0
LONINKCB_07415			LONINKCB_07415-0
LONINKCB_07416	2	7.54e-18	LONINKCB_07416-0
LONINKCB_07417		6.13e-31	LONINKCB_07417-0
LONINKCB_07418		5.26e-08	LONINKCB_07418-0
LONINKCB_07419			LONINKCB_07419-0
LONINKCB_07420			LONINKCB_07420-0
LONINKCB_07421			LONINKCB_07421-0
LONINKCB_07422			LONINKCB_07422-0
LONINKCB_07423			LONINKCB_07423-0
LONINKCB_07424			LONINKCB_07424-0
LONINKCB_07425			LONINKCB_07425-0
LONINKCB_07426			LONINKCB_07426-0
LONINKCB_07427			LONINKCB_07427-0
LONINKCB_07428			LONINKCB_07428-0
LONINKCB_07429	38358	2.00e-23	LONINKCB_07429-0
LONINKCB_07430			LONINKCB_07430-0
LONINKCB_07431	38358	1.62e-21	LONINKCB_07431-0
LONINKCB_07432	38358	8.01e-96	LONINKCB_07432-0
LONINKCB_07433			LONINKCB_07433-0
LONINKCB_07434			LONINKCB_07434-0
LONINKCB_07435			LONINKCB_07435-0
LONINKCB_07436			LONINKCB_07436-0
LONINKCB_07437			LONINKCB_07437-0
LONINKCB_07438			LONINKCB_07438-0
LONINKCB_07439			LONINKCB_07439-0
LONINKCB_07440			LONINKCB_07440-0
LONINKCB_07441			LONINKCB_07441-0
LONINKCB_07442			LONINKCB_07442-0
LONINKCB_07443			LONINKCB_07443-0
LONINKCB_07444			LONINKCB_07444-0
LONINKCB_07445			LONINKCB_07445-0
LONINKCB_07446			LONINKCB_07446-0
LONINKCB_07447			LONINKCB_07447-0
LONINKCB_07448			LONINKCB_07448-0
LONINKCB_07449			LONINKCB_07449-0
LONINKCB_07450			LONINKCB_07450-0
LONINKCB_07451			LONINKCB_07451-0
LONINKCB_07452	38358	1.88e-14	LONINKCB_07452-0
LONINKCB_07453	38358	4.00e-62	LONINKCB_07453-0
LONINKCB_07454			LONINKCB_07454-0
LONINKCB_07455			LONINKCB_07455-0
LONINKCB_07456			LONINKCB_07456-0
LONINKCB_07457			LONINKCB_07457-0
LONINKCB_07458			LONINKCB_07458-0
LONINKCB_07459			LONINKCB_07459-0
LONINKCB_07460			LONINKCB_07460-0
LONINKCB_07461			LONINKCB_07461-0
LONINKCB_07462			LONINKCB_07462-0
LONINKCB_07463			LONINKCB_07463-0
LONINKCB_07464			LONINKCB_07464-0
LONINKCB_07465			LONINKCB_07465-0
LONINKCB_07466			LONINKCB_07466-0
LONINKCB_07467			LONINKCB_07467-0
LONINKCB_07468			LONINKCB_07468-0
LONINKCB_07469			LONINKCB_07469-0
LONINKCB_07470			LONINKCB_07470-0
LONINKCB_07471			LONINKCB_07471-0
LONINKCB_07472			LONINKCB_07472-0
LONINKCB_07473			LONINKCB_07473-0
LONINKCB_07474			LONINKCB_07474-0
LONINKCB_07475			LONINKCB_07475-0
LONINKCB_07476			LONINKCB_07476-0
LONINKCB_07477			LONINKCB_07477-0
LONINKCB_07478			LONINKCB_07478-0
LONINKCB_07479			LONINKCB_07479-0
LONINKCB_07480			LONINKCB_07480-0
LONINKCB_07481			LONINKCB_07481-0
LONINKCB_07482			LONINKCB_07482-0
LONINKCB_07483			LONINKCB_07483-0
LONINKCB_07484			LONINKCB_07484-0
LONINKCB_07485			LONINKCB_07485-0
LONINKCB_07486			LONINKCB_07486-0
LONINKCB_07487			LONINKCB_07487-0
LONINKCB_07488			LONINKCB_07488-0
LONINKCB_07489			LONINKCB_07489-0
LONINKCB_07490			LONINKCB_07490-0
LONINKCB_07491			LONINKCB_07491-0
LONINKCB_07492			LONINKCB_07492-0
LONINKCB_07493			LONINKCB_07493-0
LONINKCB_07494			LONINKCB_07494-0
LONINKCB_07495			LONINKCB_07495-0
LONINKCB_07496			LONINKCB_07496-0
LONINKCB_07497			LONINKCB_07497-0
LONINKCB_07498			LONINKCB_07498-0
LONINKCB_07499			LONINKCB_07499-0
LONINKCB_07500			LONINKCB_07500-0
LONINKCB_07501			LONINKCB_07501-0
LONINKCB_07502			LONINKCB_07502-0
LONINKCB_07503			LONINKCB_07503-0
LONINKCB_07504			LONINKCB_07504-0
LONINKCB_07505			LONINKCB_07505-0
LONINKCB_07506			LONINKCB_07506-0
LONINKCB_07507		1.75e-10	LONINKCB_07507-0
LONINKCB_07508		6.97e-24	LONINKCB_07508-0
LONINKCB_07509			LONINKCB_07509-0
LONINKCB_07510			LONINKCB_07510-0
LONINKCB_07511			LONINKCB_07511-0
LONINKCB_07512			LONINKCB_07512-0
LONINKCB_07513			LONINKCB_07513-0
LONINKCB_07514			LONINKCB_07514-0
LONINKCB_01484			LONINKCB_01484-0
LONINKCB_01485		3.36e-87	LONINKCB_01485-0
LONINKCB_01486		4.35e-91	LONINKCB_01486-0
LONINKCB_01487	35571	0.0	LONINKCB_01487-0
LONINKCB_01488			LONINKCB_01488-0
LONINKCB_01489		2.78e-28	LONINKCB_01489-0
LONINKCB_01490			LONINKCB_01490-0
LONINKCB_01491			LONINKCB_01491-0
LONINKCB_01492			LONINKCB_01492-0
LONINKCB_01493			LONINKCB_01493-0
LONINKCB_01494			LONINKCB_01494-0
LONINKCB_01495			LONINKCB_01495-0
LONINKCB_01496			LONINKCB_01496-0
LONINKCB_01497			LONINKCB_01497-0
LONINKCB_01498			LONINKCB_01498-0
LONINKCB_01499			LONINKCB_01499-0
LONINKCB_01500		9.01e-12	LONINKCB_01500-0
LONINKCB_01501	2	1.11e-37	LONINKCB_01501-0
LONINKCB_01502	2	6.83e-27	LONINKCB_01502-0
LONINKCB_01503			LONINKCB_01503-0
LONINKCB_01504			LONINKCB_01504-0
LONINKCB_01505	38358	3.72e-15	LONINKCB_01505-0
LONINKCB_01506	35571	2.32e-51	LONINKCB_01506-0
LONINKCB_01507	35571	5.16e-52	LONINKCB_01507-0
LONINKCB_01508			LONINKCB_01508-0
LONINKCB_01509			LONINKCB_01509-0
LONINKCB_01510			LONINKCB_01510-0
LONINKCB_01511			LONINKCB_01511-0
LONINKCB_01512	1564500	3.35e-32	LONINKCB_01512-0
LONINKCB_01513	38358	2.62e-07	LONINKCB_01513-0
LONINKCB_01514	35571	6.22e-35	LONINKCB_01514-0
LONINKCB_01515	35571	2.29e-30	LONINKCB_01515-0
LONINKCB_01516			LONINKCB_01516-0
LONINKCB_01517			LONINKCB_01517-0
LONINKCB_01518			LONINKCB_01518-0
LONINKCB_01519			LONINKCB_01519-0
LONINKCB_01520			LONINKCB_01520-0
LONINKCB_01521			LONINKCB_01521-0
LONINKCB_01522			LONINKCB_01522-0
LONINKCB_01523			LONINKCB_01523-0
LONINKCB_01524			LONINKCB_01524-0
LONINKCB_01525			LONINKCB_01525-0
LONINKCB_01526			LONINKCB_01526-0
LONINKCB_01527			LONINKCB_01527-0
LONINKCB_01528			LONINKCB_01528-0
LONINKCB_01529			LONINKCB_01529-0
LONINKCB_01530			LONINKCB_01530-0
LONINKCB_01531		1.81e-21	LONINKCB_01531-0
LONINKCB_01532		2.62e-94	LONINKCB_01532-0
LONINKCB_01533		3.27e-11	LONINKCB_01533-0
LONINKCB_01534			LONINKCB_01534-0
LONINKCB_01535	35571	1.51e-168	LONINKCB_01535-0
LONINKCB_01536			LONINKCB_01536-0
LONINKCB_01537	35571	1.70e-104	LONINKCB_01537-0
LONINKCB_01538	35571	2.88e-44	LONINKCB_01538-0
LONINKCB_01539			LONINKCB_01539-0
LONINKCB_01540			LONINKCB_01540-0
LONINKCB_01541			LONINKCB_01541-0
LONINKCB_01542			LONINKCB_01542-0
LONINKCB_01543			LONINKCB_01543-0
LONINKCB_01544			LONINKCB_01544-0
LONINKCB_01545			LONINKCB_01545-0
LONINKCB_01546			LONINKCB_01546-0
LONINKCB_01547			LONINKCB_01547-0
LONINKCB_01548			LONINKCB_01548-0
LONINKCB_01549			LONINKCB_01549-0
LONINKCB_01550			LONINKCB_01550-0
LONINKCB_01551			LONINKCB_01551-0
LONINKCB_01552			LONINKCB_01552-0
LONINKCB_01553			LONINKCB_01553-0
LONINKCB_01554	2	2.21e-06	LONINKCB_01554-0
LONINKCB_01555		1.61e-32	LONINKCB_01555-0
LONINKCB_01556		9.71e-88	LONINKCB_01556-0
LONINKCB_01557	2	2.87e-14	LONINKCB_01557-0
LONINKCB_01558			LONINKCB_01558-0
LONINKCB_01559			LONINKCB_01559-0
LONINKCB_01560			LONINKCB_01560-0
LONINKCB_01561			LONINKCB_01561-0
LONINKCB_01562			LONINKCB_01562-0
LONINKCB_01563			LONINKCB_01563-0
LONINKCB_01564			LONINKCB_01564-0
LONINKCB_01565			LONINKCB_01565-0
LONINKCB_01566			LONINKCB_01566-0
LONINKCB_01567			LONINKCB_01567-0
LONINKCB_01568			LONINKCB_01568-0
LONINKCB_01569			LONINKCB_01569-0
LONINKCB_01570			LONINKCB_01570-0
LONINKCB_01571			LONINKCB_01571-0
LONINKCB_01572			LONINKCB_01572-0
LONINKCB_01573			LONINKCB_01573-0
LONINKCB_01574			LONINKCB_01574-0
LONINKCB_01575			LONINKCB_01575-0
LONINKCB_01576			LONINKCB_01576-0
LONINKCB_01577			LONINKCB_01577-0
LONINKCB_01578			LONINKCB_01578-0
LONINKCB_01579			LONINKCB_01579-0
LONINKCB_01580			LONINKCB_01580-0
LONINKCB_01581			LONINKCB_01581-0
LONINKCB_01582			LONINKCB_01582-0
LONINKCB_01583			LONINKCB_01583-0
LONINKCB_01584			LONINKCB_01584-0
LONINKCB_01585			LONINKCB_01585-0
LONINKCB_01586			LONINKCB_01586-0
LONINKCB_01587			LONINKCB_01587-0
LONINKCB_01588			LONINKCB_01588-0
LONINKCB_01589			LONINKCB_01589-0
LONINKCB_01590			LONINKCB_01590-0
LONINKCB_01591			LONINKCB_01591-0
LONINKCB_01592			LONINKCB_01592-0
LONINKCB_01593			LONINKCB_01593-0
LONINKCB_01594			LONINKCB_01594-0
LONINKCB_01595			LONINKCB_01595-0
LONINKCB_01596			LONINKCB_01596-0
LONINKCB_01597			LONINKCB_01597-0
LONINKCB_01598			LONINKCB_01598-0
LONINKCB_01599			LONINKCB_01599-0
LONINKCB_01600			LONINKCB_01600-0
LONINKCB_01601			LONINKCB_01601-0
LONINKCB_01602			LONINKCB_01602-0
LONINKCB_01603			LONINKCB_01603-0
LONINKCB_01604			LONINKCB_01604-0
LONINKCB_01605	38358	2.64e-35	LONINKCB_01605-0
LONINKCB_01606	38358	4.84e-18	LONINKCB_01606-0
LONINKCB_01607			LONINKCB_01607-0
LONINKCB_01608			LONINKCB_01608-0
LONINKCB_01609			LONINKCB_01609-0
LONINKCB_01610			LONINKCB_01610-0
LONINKCB_01611			LONINKCB_01611-0
LONINKCB_01612			LONINKCB_01612-0
LONINKCB_01613			LONINKCB_01613-0
LONINKCB_01614			LONINKCB_01614-0
LONINKCB_01615			LONINKCB_01615-0
LONINKCB_01616			LONINKCB_01616-0
LONINKCB_01617			LONINKCB_01617-0
LONINKCB_01618			LONINKCB_01618-0
LONINKCB_01619			LONINKCB_01619-0
LONINKCB_01620			LONINKCB_01620-0
LONINKCB_01621			LONINKCB_01621-0
LONINKCB_01622			LONINKCB_01622-0
LONINKCB_01623			LONINKCB_01623-0
LONINKCB_01624			LONINKCB_01624-0
LONINKCB_01625			LONINKCB_01625-0
LONINKCB_01626			LONINKCB_01626-0
LONINKCB_01627			LONINKCB_01627-0
LONINKCB_01628			LONINKCB_01628-0
LONINKCB_01629			LONINKCB_01629-0
LONINKCB_01630			LONINKCB_01630-0
LONINKCB_01631			LONINKCB_01631-0
LONINKCB_01632			LONINKCB_01632-0
LONINKCB_01633			LONINKCB_01633-0
LONINKCB_01634			LONINKCB_01634-0
LONINKCB_01635			LONINKCB_01635-0
LONINKCB_01636			LONINKCB_01636-0
LONINKCB_01637			LONINKCB_01637-0
LONINKCB_01638			LONINKCB_01638-0
LONINKCB_01639	35571	1.38e-43	LONINKCB_01639-0
LONINKCB_01640	35571	2.55e-59	LONINKCB_01640-0
LONINKCB_01641	35571	1.93e-67	LONINKCB_01641-0
LONINKCB_01642			LONINKCB_01642-0
LONINKCB_01643			LONINKCB_01643-0
LONINKCB_01644	35571	1.01e-113	LONINKCB_01644-0
LONINKCB_01645			LONINKCB_01645-0
LONINKCB_01646			LONINKCB_01646-0
LONINKCB_01647			LONINKCB_01647-0
LONINKCB_01648	35571	2.07e-38	LONINKCB_01648-0
LONINKCB_01649			LONINKCB_01649-0
LONINKCB_01650	35571	2.91e-281	LONINKCB_01650-0
LONINKCB_01651		8.45e-53	LONINKCB_01651-0
LONINKCB_01652		3.86e-20	LONINKCB_01652-0
LONINKCB_01653		4.15e-57	LONINKCB_01653-0
LONINKCB_01654		4.66e-35	LONINKCB_01654-0
LONINKCB_01655	35571	3.49e-49	LONINKCB_01655-0
LONINKCB_01656	38358	7.39e-08	LONINKCB_01656-0
LONINKCB_01657			LONINKCB_01657-0
LONINKCB_01658			LONINKCB_01658-0
LONINKCB_01659	35571	1.83e-28	LONINKCB_01659-0
LONINKCB_01660			LONINKCB_01660-0
LONINKCB_01661			LONINKCB_01661-0
LONINKCB_01662			LONINKCB_01662-0
LONINKCB_01663		6.50e-28	LONINKCB_01663-0
LONINKCB_01664	2	1.10e-42	LONINKCB_01664-0
LONINKCB_01665			LONINKCB_01665-0
LONINKCB_01666			LONINKCB_01666-0
LONINKCB_01667			LONINKCB_01667-0
LONINKCB_01668			LONINKCB_01668-0
LONINKCB_01669			LONINKCB_01669-0
LONINKCB_01670			LONINKCB_01670-0
LONINKCB_01671			LONINKCB_01671-0
LONINKCB_01672			LONINKCB_01672-0
LONINKCB_01673			LONINKCB_01673-0
LONINKCB_01674			LONINKCB_01674-0
LONINKCB_01675	38358	3.10e-44	LONINKCB_01675-0
LONINKCB_01676	38358	4.05e-55	LONINKCB_01676-0
LONINKCB_01677			LONINKCB_01677-0
LONINKCB_01678			LONINKCB_01678-0
LONINKCB_01679			LONINKCB_01679-0
LONINKCB_01680			LONINKCB_01680-0
LONINKCB_01681			LONINKCB_01681-0
LONINKCB_01682			LONINKCB_01682-0
LONINKCB_01683			LONINKCB_01683-0
LONINKCB_01684			LONINKCB_01684-0
LONINKCB_01685			LONINKCB_01685-0
LONINKCB_01686			LONINKCB_01686-0
LONINKCB_01687			LONINKCB_01687-0
LONINKCB_01688	38358	1.38e-36	LONINKCB_01688-0
LONINKCB_01689			LONINKCB_01689-0
LONINKCB_01690			LONINKCB_01690-0
LONINKCB_01691	35571	1.98e-51	LONINKCB_01691-0
LONINKCB_01692			LONINKCB_01692-0
LONINKCB_01693	35571	9.24e-118	LONINKCB_01693-0
LONINKCB_01694			LONINKCB_01694-0
LONINKCB_01695			LONINKCB_01695-0
LONINKCB_01696	38358	4.13e-27	LONINKCB_01696-0
LONINKCB_01697	35571	2.05e-66	LONINKCB_01697-0
LONINKCB_01698			LONINKCB_01698-0
LONINKCB_01699	38358	9.88e-24	LONINKCB_01699-0
LONINKCB_01700			LONINKCB_01700-0
LONINKCB_01701	35571	6.51e-97	LONINKCB_01701-0
LONINKCB_01702			LONINKCB_01702-0
LONINKCB_01703			LONINKCB_01703-0
LONINKCB_01704			LONINKCB_01704-0
LONINKCB_01705			LONINKCB_01705-0
LONINKCB_01706	35571	6.66e-25	LONINKCB_01706-0
LONINKCB_01707	35571	3.60e-57	LONINKCB_01707-0
LONINKCB_01708	35571	5.39e-44	LONINKCB_01708-0
LONINKCB_01709			LONINKCB_01709-0
LONINKCB_01710			LONINKCB_01710-0
LONINKCB_01711	35571	3.92e-16	LONINKCB_01711-0
LONINKCB_01712			LONINKCB_01712-0
LONINKCB_01713	35571	1.44e-21	LONINKCB_01713-0
LONINKCB_01714			LONINKCB_01714-0
LONINKCB_01715	35571	4.77e-16	LONINKCB_01715-0
LONINKCB_01716			LONINKCB_01716-0
LONINKCB_01717			LONINKCB_01717-0
LONINKCB_01718			LONINKCB_01718-0
LONINKCB_01719	38358	4.42e-51	LONINKCB_01719-0
LONINKCB_01720	38358	1.20e-49	LONINKCB_01720-0
LONINKCB_01721	38358	7.09e-26	LONINKCB_01721-0
LONINKCB_01722	38358	7.04e-55	LONINKCB_01722-0
LONINKCB_01723	38358	1.08e-112	LONINKCB_01723-0
LONINKCB_01724			LONINKCB_01724-0
LONINKCB_01725			LONINKCB_01725-0
LONINKCB_01726			LONINKCB_01726-0
LONINKCB_01727			LONINKCB_01727-0
LONINKCB_01728			LONINKCB_01728-0
LONINKCB_01729			LONINKCB_01729-0
LONINKCB_01730	38358	1.75e-32	LONINKCB_01730-0
LONINKCB_01731	38358	2.53e-04	LONINKCB_01731-0
LONINKCB_01732	38358	2.12e-92	LONINKCB_01732-0
LONINKCB_01733			LONINKCB_01733-0
LONINKCB_01734			LONINKCB_01734-0
LONINKCB_01735			LONINKCB_01735-0
LONINKCB_01736	38358	5.94e-34	LONINKCB_01736-0
LONINKCB_01737	38358	1.71e-04	LONINKCB_01737-0
LONINKCB_01738	38358	9.82e-24	LONINKCB_01738-0
LONINKCB_01739			LONINKCB_01739-0
LONINKCB_01740		3.28e-89	LONINKCB_01740-0
LONINKCB_01741		7.12e-37	LONINKCB_01741-0
LONINKCB_01742		9.74e-28	LONINKCB_01742-0
LONINKCB_01743			LONINKCB_01743-0
LONINKCB_01744			LONINKCB_01744-0
LONINKCB_01745			LONINKCB_01745-0
LONINKCB_01746			LONINKCB_01746-0
LONINKCB_01747			LONINKCB_01747-0
LONINKCB_01748		2.48e-12	LONINKCB_01748-0
LONINKCB_01749			LONINKCB_01749-0
LONINKCB_01750			LONINKCB_01750-0
LONINKCB_01751	35571	5.47e-31	LONINKCB_01751-0
LONINKCB_01752	35571	2.16e-30	LONINKCB_01752-0
LONINKCB_01753			LONINKCB_01753-0
LONINKCB_01754	38358	6.81e-55	LONINKCB_01754-0
LONINKCB_01755		9.98e-38	LONINKCB_01755-0
LONINKCB_01756			LONINKCB_01756-0
LONINKCB_01757			LONINKCB_01757-0
LONINKCB_01758	35571	1.45e-22	LONINKCB_01758-0
LONINKCB_01759			LONINKCB_01759-0
LONINKCB_01760			LONINKCB_01760-0
LONINKCB_01761	38358	3.72e-58	LONINKCB_01761-0
LONINKCB_01762			LONINKCB_01762-0
LONINKCB_01763			LONINKCB_01763-0
LONINKCB_01764			LONINKCB_01764-0
LONINKCB_01765			LONINKCB_01765-0
LONINKCB_01766			LONINKCB_01766-0
LONINKCB_01767			LONINKCB_01767-0
LONINKCB_01768			LONINKCB_01768-0
LONINKCB_01769			LONINKCB_01769-0
LONINKCB_01770	38358	5.47e-23	LONINKCB_01770-0
LONINKCB_01771	38358	4.44e-56	LONINKCB_01771-0
LONINKCB_01772	38358	3.07e-16	LONINKCB_01772-0
LONINKCB_01773			LONINKCB_01773-0
LONINKCB_01774			LONINKCB_01774-0
LONINKCB_01775			LONINKCB_01775-0
LONINKCB_01776			LONINKCB_01776-0
LONINKCB_01777			LONINKCB_01777-0
LONINKCB_01778			LONINKCB_01778-0
LONINKCB_01779			LONINKCB_01779-0
LONINKCB_01780			LONINKCB_01780-0
LONINKCB_01781	38358	7.58e-09	LONINKCB_01781-0
LONINKCB_01782			LONINKCB_01782-0
LONINKCB_01783	38358	1.58e-08	LONINKCB_01783-0
LONINKCB_01784	38358	1.15e-58	LONINKCB_01784-0
LONINKCB_01785	38358	1.88e-39	LONINKCB_01785-0
LONINKCB_01786			LONINKCB_01786-0
LONINKCB_01787	35571	5.51e-68	LONINKCB_01787-0
LONINKCB_01788	35571	1.45e-75	LONINKCB_01788-0
LONINKCB_01789			LONINKCB_01789-0
LONINKCB_01790			LONINKCB_01790-0
LONINKCB_01791			LONINKCB_01791-0
LONINKCB_01792			LONINKCB_01792-0
LONINKCB_01793		1.51e-10	LONINKCB_01793-0
LONINKCB_01794		2.01e-13	LONINKCB_01794-0
LONINKCB_01795	38358	4.53e-07	LONINKCB_01795-0
LONINKCB_01796			LONINKCB_01796-0
LONINKCB_01797	38358	9.87e-46	LONINKCB_01797-0
LONINKCB_01798	35571	2.03e-21	LONINKCB_01798-0
LONINKCB_01799			LONINKCB_01799-0
LONINKCB_01800			LONINKCB_01800-0
LONINKCB_01801	35571	3.78e-11	LONINKCB_01801-0
LONINKCB_01802			LONINKCB_01802-0
LONINKCB_01803			LONINKCB_01803-0
LONINKCB_01804			LONINKCB_01804-0
LONINKCB_01805	35571	1.70e-84	LONINKCB_01805-0
LONINKCB_01806	35571	1.03e-56	LONINKCB_01806-0
LONINKCB_01807	35571	6.81e-62	LONINKCB_01807-0
LONINKCB_01808	35571	1.87e-27	LONINKCB_01808-0
LONINKCB_01809	35571	3.52e-34	LONINKCB_01809-0
LONINKCB_01810	35571	2.39e-46	LONINKCB_01810-0
LONINKCB_01811	35571	4.95e-68	LONINKCB_01811-0
LONINKCB_01812	35571	6.69e-28	LONINKCB_01812-0
LONINKCB_01813			LONINKCB_01813-0
LONINKCB_01814			LONINKCB_01814-0
LONINKCB_01815			LONINKCB_01815-0
LONINKCB_01816		3.72e-15	LONINKCB_01816-0
LONINKCB_01817			LONINKCB_01817-0
LONINKCB_01818		1.13e-72	LONINKCB_01818-0
LONINKCB_01819			LONINKCB_01819-0
LONINKCB_01820			LONINKCB_01820-0
LONINKCB_01821			LONINKCB_01821-0
LONINKCB_01822			LONINKCB_01822-0
LONINKCB_01823			LONINKCB_01823-0
LONINKCB_01824	38358	3.03e-64	LONINKCB_01824-0
LONINKCB_01825	38358	1.62e-36	LONINKCB_01825-0
LONINKCB_01826	38358	6.54e-25	LONINKCB_01826-0
LONINKCB_01827	38358	9.97e-44	LONINKCB_01827-0
LONINKCB_01828			LONINKCB_01828-0
LONINKCB_01829			LONINKCB_01829-0
LONINKCB_01830			LONINKCB_01830-0
LONINKCB_01831			LONINKCB_01831-0
LONINKCB_01832			LONINKCB_01832-0
LONINKCB_01833	38358	1.37e-17	LONINKCB_01833-0
LONINKCB_01834		8.91e-26	LONINKCB_01834-0
LONINKCB_01835			LONINKCB_01835-0
LONINKCB_01836	38358	2.32e-26	LONINKCB_01836-0
LONINKCB_01837	38358	2.16e-40	LONINKCB_01837-0
LONINKCB_01838		7.77e-15	LONINKCB_01838-0
LONINKCB_01839	35571	2.08e-11	LONINKCB_01839-0
LONINKCB_01840	38358	8.65e-22	LONINKCB_01840-0
LONINKCB_01841	38358	1.67e-139	LONINKCB_01841-0
LONINKCB_01842	38358	1.12e-49	LONINKCB_01842-0
LONINKCB_01843	38358	2.54e-17	LONINKCB_01843-0
LONINKCB_01844			LONINKCB_01844-0
LONINKCB_01845	38358	2.04e-36	LONINKCB_01845-0
LONINKCB_01846	35571	4.73e-13	LONINKCB_01846-0
LONINKCB_01847	38358	1.05e-105	LONINKCB_01847-0
LONINKCB_01848	38358	2.37e-41	LONINKCB_01848-0
LONINKCB_01849	38358	4.64e-18	LONINKCB_01849-0
LONINKCB_01850			LONINKCB_01850-0
LONINKCB_01851			LONINKCB_01851-0
LONINKCB_01852			LONINKCB_01852-0
LONINKCB_01853			LONINKCB_01853-0
LONINKCB_01854			LONINKCB_01854-0
LONINKCB_01855			LONINKCB_01855-0
LONINKCB_01856			LONINKCB_01856-0
LONINKCB_01857			LONINKCB_01857-0
LONINKCB_01858	38358	1.15e-143	LONINKCB_01858-0
LONINKCB_01859	38358	1.05e-29	LONINKCB_01859-0
LONINKCB_01860			LONINKCB_01860-0
LONINKCB_01861			LONINKCB_01861-0
LONINKCB_01862	38358	1.37e-28	LONINKCB_01862-0
LONINKCB_01863	38358	2.37e-41	LONINKCB_01863-0
LONINKCB_01864	38358	4.64e-18	LONINKCB_01864-0
LONINKCB_01865			LONINKCB_01865-0
LONINKCB_01866			LONINKCB_01866-0
LONINKCB_01867	38358	6.82e-190	LONINKCB_01867-0
LONINKCB_01868			LONINKCB_01868-0
LONINKCB_01869	38358	1.95e-51	LONINKCB_01869-0
LONINKCB_01870	38358	5.71e-21	LONINKCB_01870-0
LONINKCB_01871	38358	6.65e-112	LONINKCB_01871-0
LONINKCB_01872			LONINKCB_01872-0
LONINKCB_01873			LONINKCB_01873-0
LONINKCB_01874			LONINKCB_01874-0
LONINKCB_01875			LONINKCB_01875-0
LONINKCB_01876			LONINKCB_01876-0
LONINKCB_01877		2.50e-19	LONINKCB_01877-0
LONINKCB_01878	35571	2.33e-78	LONINKCB_01878-0
LONINKCB_01879	35571	1.35e-34	LONINKCB_01879-0
LONINKCB_01880	35571	4.14e-165	LONINKCB_01880-0
LONINKCB_01881	35571	9.22e-40	LONINKCB_01881-0
LONINKCB_01882		1.89e-51	LONINKCB_01882-0
LONINKCB_01883		5.42e-120	LONINKCB_01883-0
LONINKCB_01884	38358	1.21e-34	LONINKCB_01884-0
LONINKCB_01885			LONINKCB_01885-0
LONINKCB_01886	38358	1.42e-07	LONINKCB_01886-0
LONINKCB_01887			LONINKCB_01887-0
LONINKCB_01888			LONINKCB_01888-0
LONINKCB_01889	38358	1.40e-52	LONINKCB_01889-0
LONINKCB_01890	38358	8.58e-54	LONINKCB_01890-0
LONINKCB_01891	38358	1.21e-93	LONINKCB_01891-0
LONINKCB_08361			LONINKCB_08361-0
LONINKCB_08362			LONINKCB_08362-0
LONINKCB_08363			LONINKCB_08363-0
LONINKCB_08364			LONINKCB_08364-0
LONINKCB_08365			LONINKCB_08365-0
LONINKCB_08366			LONINKCB_08366-0
LONINKCB_08367			LONINKCB_08367-0
LONINKCB_08368			LONINKCB_08368-0
LONINKCB_08369	38358	3.10e-45	LONINKCB_08369-0
LONINKCB_08370	35571	1.39e-111	LONINKCB_08370-0
LONINKCB_08371	35571	1.11e-37	LONINKCB_08371-0
LONINKCB_08372			LONINKCB_08372-0
LONINKCB_08373			LONINKCB_08373-0
LONINKCB_08374	1564500	2.52e-08	LONINKCB_08374-0
LONINKCB_08375	1564500	7.23e-25	LONINKCB_08375-0
LONINKCB_08376	1564500	1.56e-13	LONINKCB_08376-0
LONINKCB_08377	1564500	6.23e-32	LONINKCB_08377-0
LONINKCB_08378			LONINKCB_08378-0
LONINKCB_08379			LONINKCB_08379-0
LONINKCB_08380			LONINKCB_08380-0
LONINKCB_08381			LONINKCB_08381-0
LONINKCB_08382	1564500	8.70e-10	LONINKCB_08382-0
LONINKCB_08383			LONINKCB_08383-0
LONINKCB_08384	1564500	1.02e-40	LONINKCB_08384-0
LONINKCB_08385			LONINKCB_08385-0
LONINKCB_08386			LONINKCB_08386-0
LONINKCB_08387			LONINKCB_08387-0
LONINKCB_08388		6.27e-14	LONINKCB_08388-0
LONINKCB_08389		1.06e-73	LONINKCB_08389-0
LONINKCB_08390		1.56e-34	LONINKCB_08390-0
LONINKCB_08391	35571	9.67e-78	LONINKCB_08391-0
LONINKCB_08392			LONINKCB_08392-0
LONINKCB_08393			LONINKCB_08393-0
LONINKCB_08394			LONINKCB_08394-0
LONINKCB_08395			LONINKCB_08395-0
LONINKCB_08396	50385	1.78e-39	LONINKCB_08396-0
LONINKCB_08397		4.88e-10	LONINKCB_08397-0
LONINKCB_08398			LONINKCB_08398-0
LONINKCB_08399			LONINKCB_08399-0
LONINKCB_08400			LONINKCB_08400-0
LONINKCB_08401	35571	1.33e-45	LONINKCB_08401-0
LONINKCB_08402	38358	7.14e-53	LONINKCB_08402-0
LONINKCB_08403	38358	6.30e-29	LONINKCB_08403-0
LONINKCB_08404	38358	1.10e-100	LONINKCB_08404-0
LONINKCB_08405	38358	4.65e-50	LONINKCB_08405-0
LONINKCB_08406	38358	1.83e-34	LONINKCB_08406-0
LONINKCB_08407	38358	4.77e-31	LONINKCB_08407-0
LONINKCB_08408	38358	1.35e-40	LONINKCB_08408-0
LONINKCB_08409	35571	1.50e-57	LONINKCB_08409-0
LONINKCB_08410			LONINKCB_08410-0
LONINKCB_08411			LONINKCB_08411-0
LONINKCB_08412			LONINKCB_08412-0
LONINKCB_08413			LONINKCB_08413-0
LONINKCB_08414			LONINKCB_08414-0
LONINKCB_08415	35571	7.20e-176	LONINKCB_08415-0
LONINKCB_08416			LONINKCB_08416-0
LONINKCB_08417	35571	2.02e-54	LONINKCB_08417-0
LONINKCB_08418			LONINKCB_08418-0
LONINKCB_08419	35571	7.35e-208	LONINKCB_08419-0
LONINKCB_08420	1564500	6.00e-12	LONINKCB_08420-0
LONINKCB_08421			LONINKCB_08421-0
LONINKCB_08422			LONINKCB_08422-0
LONINKCB_08423	35571	2.80e-21	LONINKCB_08423-0
LONINKCB_08424	35571	1.44e-31	LONINKCB_08424-0
LONINKCB_08425			LONINKCB_08425-0
LONINKCB_08426	35571	2.10e-17	LONINKCB_08426-0
LONINKCB_08427			LONINKCB_08427-0
LONINKCB_08428		1.04e-58	LONINKCB_08428-0
LONINKCB_08429		6.30e-87	LONINKCB_08429-0
LONINKCB_08430		4.06e-28	LONINKCB_08430-0
LONINKCB_08431		6.34e-20	LONINKCB_08431-0
LONINKCB_08432			LONINKCB_08432-0
LONINKCB_08433			LONINKCB_08433-0
LONINKCB_08434			LONINKCB_08434-0
LONINKCB_08435			LONINKCB_08435-0
LONINKCB_08436			LONINKCB_08436-0
LONINKCB_08437			LONINKCB_08437-0
LONINKCB_08438			LONINKCB_08438-0
LONINKCB_08439			LONINKCB_08439-0
LONINKCB_08440			LONINKCB_08440-0
LONINKCB_08441			LONINKCB_08441-0
LONINKCB_08442	1564500	6.68e-07	LONINKCB_08442-0
LONINKCB_08443			LONINKCB_08443-0
LONINKCB_08444			LONINKCB_08444-0
LONINKCB_08445			LONINKCB_08445-0
LONINKCB_08446			LONINKCB_08446-0
LONINKCB_08447	38358	6.47e-34	LONINKCB_08447-0
LONINKCB_08448	38358	4.14e-18	LONINKCB_08448-0
LONINKCB_08449			LONINKCB_08449-0
LONINKCB_08450			LONINKCB_08450-0
LONINKCB_08451			LONINKCB_08451-0
LONINKCB_08452			LONINKCB_08452-0
LONINKCB_08453	38358	1.87e-06	LONINKCB_08453-0
LONINKCB_08454			LONINKCB_08454-0
LONINKCB_08455	38358	1.55e-10	LONINKCB_08455-0
LONINKCB_08456			LONINKCB_08456-0
LONINKCB_08457			LONINKCB_08457-0
LONINKCB_08458			LONINKCB_08458-0
LONINKCB_08459		9.47e-211	LONINKCB_08459-0
LONINKCB_08460		2.90e-66	LONINKCB_08460-0
LONINKCB_08461			LONINKCB_08461-0
LONINKCB_08462			LONINKCB_08462-0
LONINKCB_08463		3.86e-18	LONINKCB_08463-0
LONINKCB_08464		4.52e-116	LONINKCB_08464-0
LONINKCB_08465			LONINKCB_08465-0
LONINKCB_08466			LONINKCB_08466-0
LONINKCB_08467			LONINKCB_08467-0
LONINKCB_08468			LONINKCB_08468-0
LONINKCB_08469			LONINKCB_08469-0
LONINKCB_08470			LONINKCB_08470-0
LONINKCB_08471			LONINKCB_08471-0
LONINKCB_08472			LONINKCB_08472-0
LONINKCB_08473	35571	5.94e-109	LONINKCB_08473-0
LONINKCB_08474			LONINKCB_08474-0
LONINKCB_08475			LONINKCB_08475-0
LONINKCB_08476		1.49e-18	LONINKCB_08476-0
LONINKCB_08477			LONINKCB_08477-0
LONINKCB_08478		1.44e-20	LONINKCB_08478-0
LONINKCB_08479		3.60e-51	LONINKCB_08479-0
LONINKCB_08480			LONINKCB_08480-0
LONINKCB_08481			LONINKCB_08481-0
LONINKCB_08482			LONINKCB_08482-0
LONINKCB_08483		6.58e-121	LONINKCB_08483-0
LONINKCB_08484		4.64e-44	LONINKCB_08484-0
LONINKCB_08485		3.69e-15	LONINKCB_08485-0
LONINKCB_08486	131567	9.84e-31	LONINKCB_08486-0
LONINKCB_08487			LONINKCB_08487-0
LONINKCB_08488			LONINKCB_08488-0
LONINKCB_08489			LONINKCB_08489-0
LONINKCB_08490			LONINKCB_08490-0
LONINKCB_08491			LONINKCB_08491-0
LONINKCB_08492			LONINKCB_08492-0
LONINKCB_08493			LONINKCB_08493-0
LONINKCB_08494			LONINKCB_08494-0
LONINKCB_08495			LONINKCB_08495-0
LONINKCB_08496			LONINKCB_08496-0
LONINKCB_08497			LONINKCB_08497-0
LONINKCB_08498			LONINKCB_08498-0
LONINKCB_08499			LONINKCB_08499-0
LONINKCB_08500			LONINKCB_08500-0
LONINKCB_08501	38358	5.31e-31	LONINKCB_08501-0
LONINKCB_08502	38358	1.23e-14	LONINKCB_08502-0
LONINKCB_08503	35571	5.70e-19	LONINKCB_08503-0
LONINKCB_08504			LONINKCB_08504-0
LONINKCB_08505			LONINKCB_08505-0
LONINKCB_08506			LONINKCB_08506-0
LONINKCB_08507	35571	4.25e-15	LONINKCB_08507-0
LONINKCB_08508	38358	2.34e-25	LONINKCB_08508-0
LONINKCB_08509	38358	1.21e-25	LONINKCB_08509-0
LONINKCB_08510			LONINKCB_08510-0
LONINKCB_08511			LONINKCB_08511-0
LONINKCB_08512			LONINKCB_08512-0
LONINKCB_08513		1.05e-31	LONINKCB_08513-0
LONINKCB_08514	38358	3.33e-29	LONINKCB_08514-0
LONINKCB_08515			LONINKCB_08515-0
LONINKCB_08516			LONINKCB_08516-0
LONINKCB_08517			LONINKCB_08517-0
LONINKCB_08518			LONINKCB_08518-0
LONINKCB_08519			LONINKCB_08519-0
LONINKCB_08520			LONINKCB_08520-0
LONINKCB_08521			LONINKCB_08521-0
LONINKCB_08522			LONINKCB_08522-0
LONINKCB_08523			LONINKCB_08523-0
LONINKCB_08524			LONINKCB_08524-0
LONINKCB_08525		1.76e-15	LONINKCB_08525-0
LONINKCB_08526			LONINKCB_08526-0
LONINKCB_08527		1.62e-105	LONINKCB_08527-0
LONINKCB_08528			LONINKCB_08528-0
LONINKCB_08529			LONINKCB_08529-0
LONINKCB_08530			LONINKCB_08530-0
LONINKCB_08531			LONINKCB_08531-0
LONINKCB_08532			LONINKCB_08532-0
LONINKCB_08533			LONINKCB_08533-0
LONINKCB_08534			LONINKCB_08534-0
LONINKCB_08535		2.85e-24	LONINKCB_08535-0
LONINKCB_08536	38358	2.13e-218	LONINKCB_08536-0
LONINKCB_08537		1.87e-40	LONINKCB_08537-0
LONINKCB_08538	35571	1.78e-54	LONINKCB_08538-0
LONINKCB_08539	35571	1.68e-21	LONINKCB_08539-0
LONINKCB_08540			LONINKCB_08540-0
LONINKCB_08541	35571	5.71e-89	LONINKCB_08541-0
LONINKCB_08542		9.97e-26	LONINKCB_08542-0
LONINKCB_08543			LONINKCB_08543-0
LONINKCB_08544			LONINKCB_08544-0
LONINKCB_08545			LONINKCB_08545-0
LONINKCB_08546			LONINKCB_08546-0
LONINKCB_08547	35571	5.86e-19	LONINKCB_08547-0
LONINKCB_08548		8.33e-21	LONINKCB_08548-0
LONINKCB_08549		2.30e-30	LONINKCB_08549-0
LONINKCB_08550			LONINKCB_08550-0
LONINKCB_00641			LONINKCB_00641-0
LONINKCB_00642			LONINKCB_00642-0
LONINKCB_00643			LONINKCB_00643-0
LONINKCB_00644			LONINKCB_00644-0
LONINKCB_00645			LONINKCB_00645-0
LONINKCB_00646			LONINKCB_00646-0
LONINKCB_00647			LONINKCB_00647-0
LONINKCB_00648			LONINKCB_00648-0
LONINKCB_00649			LONINKCB_00649-0
LONINKCB_00650			LONINKCB_00650-0
LONINKCB_00651			LONINKCB_00651-0
LONINKCB_00652			LONINKCB_00652-0
LONINKCB_00653			LONINKCB_00653-0
LONINKCB_00654			LONINKCB_00654-0
LONINKCB_00655			LONINKCB_00655-0
LONINKCB_00656			LONINKCB_00656-0
LONINKCB_00657			LONINKCB_00657-0
LONINKCB_00658			LONINKCB_00658-0
LONINKCB_00659			LONINKCB_00659-0
LONINKCB_00660			LONINKCB_00660-0
LONINKCB_00661			LONINKCB_00661-0
LONINKCB_00662			LONINKCB_00662-0
LONINKCB_00663			LONINKCB_00663-0
LONINKCB_00664			LONINKCB_00664-0
LONINKCB_00665			LONINKCB_00665-0
LONINKCB_00666	35571	6.89e-69	LONINKCB_00666-0
LONINKCB_00667	35571	9.87e-165	LONINKCB_00667-0
LONINKCB_00668			LONINKCB_00668-0
LONINKCB_00669			LONINKCB_00669-0
LONINKCB_00670			LONINKCB_00670-0
LONINKCB_00671			LONINKCB_00671-0
LONINKCB_00672			LONINKCB_00672-0
LONINKCB_00673			LONINKCB_00673-0
LONINKCB_00674			LONINKCB_00674-0
LONINKCB_00675			LONINKCB_00675-0
LONINKCB_00676			LONINKCB_00676-0
LONINKCB_00677			LONINKCB_00677-0
LONINKCB_00678			LONINKCB_00678-0
LONINKCB_00679			LONINKCB_00679-0
LONINKCB_00680			LONINKCB_00680-0
LONINKCB_00681			LONINKCB_00681-0
LONINKCB_00682			LONINKCB_00682-0
LONINKCB_00683			LONINKCB_00683-0
LONINKCB_00684			LONINKCB_00684-0
LONINKCB_00685			LONINKCB_00685-0
LONINKCB_00686			LONINKCB_00686-0
LONINKCB_00687			LONINKCB_00687-0
LONINKCB_00688	1564500	3.17e-140	LONINKCB_00688-0
LONINKCB_00689	1564500	1.05e-80	LONINKCB_00689-0
LONINKCB_00690	1564500	6.60e-114	LONINKCB_00690-0
LONINKCB_00691			LONINKCB_00691-0
LONINKCB_00692			LONINKCB_00692-0
LONINKCB_00693			LONINKCB_00693-0
LONINKCB_00694			LONINKCB_00694-0
LONINKCB_00695			LONINKCB_00695-0
LONINKCB_00696			LONINKCB_00696-0
LONINKCB_00697			LONINKCB_00697-0
LONINKCB_00698			LONINKCB_00698-0
LONINKCB_00699			LONINKCB_00699-0
LONINKCB_00700			LONINKCB_00700-0
LONINKCB_00701			LONINKCB_00701-0
LONINKCB_00702			LONINKCB_00702-0
LONINKCB_00703			LONINKCB_00703-0
LONINKCB_00704			LONINKCB_00704-0
LONINKCB_00705			LONINKCB_00705-0
LONINKCB_00706			LONINKCB_00706-0
LONINKCB_00707			LONINKCB_00707-0
LONINKCB_00708			LONINKCB_00708-0
LONINKCB_00709			LONINKCB_00709-0
LONINKCB_00710			LONINKCB_00710-0
LONINKCB_00711			LONINKCB_00711-0
LONINKCB_00712	38358	3.50e-109	LONINKCB_00712-0
LONINKCB_00713	38358	1.65e-82	LONINKCB_00713-0
LONINKCB_00714	38358	5.10e-35	LONINKCB_00714-0
LONINKCB_00715			LONINKCB_00715-0
LONINKCB_00716			LONINKCB_00716-0
LONINKCB_00717			LONINKCB_00717-0
LONINKCB_00718			LONINKCB_00718-0
LONINKCB_00719			LONINKCB_00719-0
LONINKCB_00720			LONINKCB_00720-0
LONINKCB_00721			LONINKCB_00721-0
LONINKCB_00722			LONINKCB_00722-0
LONINKCB_00723			LONINKCB_00723-0
LONINKCB_00724			LONINKCB_00724-0
LONINKCB_00725			LONINKCB_00725-0
LONINKCB_00726			LONINKCB_00726-0
LONINKCB_00727			LONINKCB_00727-0
LONINKCB_00728			LONINKCB_00728-0
LONINKCB_00729			LONINKCB_00729-0
LONINKCB_00730			LONINKCB_00730-0
LONINKCB_00731			LONINKCB_00731-0
LONINKCB_00732			LONINKCB_00732-0
LONINKCB_00733			LONINKCB_00733-0
LONINKCB_00734			LONINKCB_00734-0
LONINKCB_00735			LONINKCB_00735-0
LONINKCB_00736			LONINKCB_00736-0
LONINKCB_00737			LONINKCB_00737-0
LONINKCB_00738			LONINKCB_00738-0
LONINKCB_00739			LONINKCB_00739-0
LONINKCB_00740			LONINKCB_00740-0
LONINKCB_00741			LONINKCB_00741-0
LONINKCB_00742			LONINKCB_00742-0
LONINKCB_00743			LONINKCB_00743-0
LONINKCB_00744	2	1.42e-66	LONINKCB_00744-0
LONINKCB_00745	2	2.34e-07	LONINKCB_00745-0
LONINKCB_00746	2	7.79e-11	LONINKCB_00746-0
LONINKCB_00747			LONINKCB_00747-0
LONINKCB_00748			LONINKCB_00748-0
LONINKCB_00749			LONINKCB_00749-0
LONINKCB_00750			LONINKCB_00750-0
LONINKCB_00751			LONINKCB_00751-0
LONINKCB_00752			LONINKCB_00752-0
LONINKCB_00753			LONINKCB_00753-0
LONINKCB_00754			LONINKCB_00754-0
LONINKCB_00755			LONINKCB_00755-0
LONINKCB_00756			LONINKCB_00756-0
LONINKCB_00757			LONINKCB_00757-0
LONINKCB_00758			LONINKCB_00758-0
LONINKCB_00759			LONINKCB_00759-0
LONINKCB_00760			LONINKCB_00760-0
LONINKCB_00761			LONINKCB_00761-0
LONINKCB_00762			LONINKCB_00762-0
LONINKCB_00763			LONINKCB_00763-0
LONINKCB_00764	38358	1.80e-71	LONINKCB_00764-0
LONINKCB_00765			LONINKCB_00765-0
LONINKCB_00766			LONINKCB_00766-0
LONINKCB_00767		7.72e-21	LONINKCB_00767-0
LONINKCB_00768			LONINKCB_00768-0
LONINKCB_00769			LONINKCB_00769-0
LONINKCB_00770			LONINKCB_00770-0
LONINKCB_00771			LONINKCB_00771-0
LONINKCB_00772			LONINKCB_00772-0
LONINKCB_00773			LONINKCB_00773-0
LONINKCB_00774			LONINKCB_00774-0
LONINKCB_00775			LONINKCB_00775-0
LONINKCB_00776		8.31e-05	LONINKCB_00776-0
LONINKCB_00777			LONINKCB_00777-0
LONINKCB_00778			LONINKCB_00778-0
LONINKCB_00779		2.42e-41	LONINKCB_00779-0
LONINKCB_00780			LONINKCB_00780-0
LONINKCB_00781			LONINKCB_00781-0
LONINKCB_00782			LONINKCB_00782-0
LONINKCB_00783			LONINKCB_00783-0
LONINKCB_00784			LONINKCB_00784-0
LONINKCB_00785			LONINKCB_00785-0
LONINKCB_00786			LONINKCB_00786-0
LONINKCB_00787			LONINKCB_00787-0
LONINKCB_00788			LONINKCB_00788-0
LONINKCB_00789			LONINKCB_00789-0
LONINKCB_00790			LONINKCB_00790-0
LONINKCB_00791			LONINKCB_00791-0
LONINKCB_00792			LONINKCB_00792-0
LONINKCB_00793		9.90e-06	LONINKCB_00793-0
LONINKCB_00794			LONINKCB_00794-0
LONINKCB_00795	38358	6.50e-07	LONINKCB_00795-0
LONINKCB_00796	38358	1.86e-12	LONINKCB_00796-0
LONINKCB_00797	38358	2.26e-13	LONINKCB_00797-0
LONINKCB_00798			LONINKCB_00798-0
LONINKCB_00799			LONINKCB_00799-0
LONINKCB_00800			LONINKCB_00800-0
LONINKCB_00801			LONINKCB_00801-0
LONINKCB_00802			LONINKCB_00802-0
LONINKCB_00803			LONINKCB_00803-0
LONINKCB_00804			LONINKCB_00804-0
LONINKCB_00805			LONINKCB_00805-0
LONINKCB_00806			LONINKCB_00806-0
LONINKCB_00807			LONINKCB_00807-0
LONINKCB_00808			LONINKCB_00808-0
LONINKCB_00809			LONINKCB_00809-0
LONINKCB_00810			LONINKCB_00810-0
LONINKCB_00811			LONINKCB_00811-0
LONINKCB_00812			LONINKCB_00812-0
LONINKCB_00813			LONINKCB_00813-0
LONINKCB_00814			LONINKCB_00814-0
LONINKCB_00815			LONINKCB_00815-0
LONINKCB_00816		3.00e-29	LONINKCB_00816-0
LONINKCB_00817		2.45e-35	LONINKCB_00817-0
LONINKCB_00818			LONINKCB_00818-0
LONINKCB_00819			LONINKCB_00819-0
LONINKCB_00820			LONINKCB_00820-0
LONINKCB_00821			LONINKCB_00821-0
LONINKCB_00822			LONINKCB_00822-0
LONINKCB_00823			LONINKCB_00823-0
LONINKCB_00824			LONINKCB_00824-0
LONINKCB_00825			LONINKCB_00825-0
LONINKCB_00826			LONINKCB_00826-0
LONINKCB_00827			LONINKCB_00827-0
LONINKCB_00828			LONINKCB_00828-0
LONINKCB_00829			LONINKCB_00829-0
LONINKCB_00830			LONINKCB_00830-0
LONINKCB_00831			LONINKCB_00831-0
LONINKCB_00832			LONINKCB_00832-0
LONINKCB_00833			LONINKCB_00833-0
LONINKCB_00834			LONINKCB_00834-0
LONINKCB_00835			LONINKCB_00835-0
LONINKCB_00836			LONINKCB_00836-0
LONINKCB_00837			LONINKCB_00837-0
LONINKCB_00838			LONINKCB_00838-0
LONINKCB_00839			LONINKCB_00839-0
LONINKCB_00840			LONINKCB_00840-0
LONINKCB_00841			LONINKCB_00841-0
LONINKCB_00842			LONINKCB_00842-0
LONINKCB_00843			LONINKCB_00843-0
LONINKCB_00844			LONINKCB_00844-0
LONINKCB_00845			LONINKCB_00845-0
LONINKCB_00846			LONINKCB_00846-0
LONINKCB_00847			LONINKCB_00847-0
LONINKCB_00848			LONINKCB_00848-0
LONINKCB_00849			LONINKCB_00849-0
LONINKCB_00850			LONINKCB_00850-0
LONINKCB_00851			LONINKCB_00851-0
LONINKCB_00852			LONINKCB_00852-0
LONINKCB_00853			LONINKCB_00853-0
LONINKCB_00854			LONINKCB_00854-0
LONINKCB_00855			LONINKCB_00855-0
LONINKCB_00856			LONINKCB_00856-0
LONINKCB_00857			LONINKCB_00857-0
LONINKCB_00858			LONINKCB_00858-0
LONINKCB_00859			LONINKCB_00859-0
LONINKCB_00860	38358	7.69e-56	LONINKCB_00860-0
LONINKCB_00861	35571	2.77e-93	LONINKCB_00861-0
LONINKCB_00862			LONINKCB_00862-0
LONINKCB_00863			LONINKCB_00863-0
LONINKCB_00864			LONINKCB_00864-0
LONINKCB_00865			LONINKCB_00865-0
LONINKCB_00866			LONINKCB_00866-0
LONINKCB_00867			LONINKCB_00867-0
LONINKCB_00868			LONINKCB_00868-0
LONINKCB_00869			LONINKCB_00869-0
LONINKCB_00870			LONINKCB_00870-0
LONINKCB_00871			LONINKCB_00871-0
LONINKCB_00872			LONINKCB_00872-0
LONINKCB_00873			LONINKCB_00873-0
LONINKCB_00874			LONINKCB_00874-0
LONINKCB_00875			LONINKCB_00875-0
LONINKCB_00876			LONINKCB_00876-0
LONINKCB_00877			LONINKCB_00877-0
LONINKCB_00878			LONINKCB_00878-0
LONINKCB_00879	38358	8.24e-29	LONINKCB_00879-0
LONINKCB_00880			LONINKCB_00880-0
LONINKCB_00881			LONINKCB_00881-0
LONINKCB_00882			LONINKCB_00882-0
LONINKCB_00883			LONINKCB_00883-0
LONINKCB_00884			LONINKCB_00884-0
LONINKCB_00885			LONINKCB_00885-0
LONINKCB_00886			LONINKCB_00886-0
LONINKCB_00887			LONINKCB_00887-0
LONINKCB_00888			LONINKCB_00888-0
LONINKCB_00889		1.17e-13	LONINKCB_00889-0
LONINKCB_00890			LONINKCB_00890-0
LONINKCB_00891			LONINKCB_00891-0
LONINKCB_00892			LONINKCB_00892-0
LONINKCB_00893	38358	2.24e-10	LONINKCB_00893-0
LONINKCB_00894	35571	2.28e-38	LONINKCB_00894-0
LONINKCB_00895	35571	4.39e-155	LONINKCB_00895-0
LONINKCB_00896	35571	3.15e-37	LONINKCB_00896-0
LONINKCB_00897			LONINKCB_00897-0
LONINKCB_00898	1564500	7.55e-46	LONINKCB_00898-0
LONINKCB_00899			LONINKCB_00899-0
LONINKCB_00900	38358	2.80e-11	LONINKCB_00900-0
LONINKCB_00901	35571	3.31e-42	LONINKCB_00901-0
LONINKCB_00902	35571	8.40e-54	LONINKCB_00902-0
LONINKCB_00903	35571	4.41e-139	LONINKCB_00903-0
LONINKCB_00904	35571	2.96e-44	LONINKCB_00904-0
LONINKCB_00905			LONINKCB_00905-0
LONINKCB_00906			LONINKCB_00906-0
LONINKCB_00907	38358	1.10e-34	LONINKCB_00907-0
LONINKCB_00908	35571	4.80e-09	LONINKCB_00908-0
LONINKCB_00909			LONINKCB_00909-0
LONINKCB_00910			LONINKCB_00910-0
LONINKCB_00911			LONINKCB_00911-0
LONINKCB_00912	38358	3.29e-103	LONINKCB_00912-0
LONINKCB_00913	38358	6.90e-44	LONINKCB_00913-0
LONINKCB_00914			LONINKCB_00914-0
LONINKCB_00915			LONINKCB_00915-0
LONINKCB_00916			LONINKCB_00916-0
LONINKCB_00917			LONINKCB_00917-0
LONINKCB_00918		2.47e-08	LONINKCB_00918-0
LONINKCB_00919			LONINKCB_00919-0
LONINKCB_00920			LONINKCB_00920-0
LONINKCB_00921			LONINKCB_00921-0
LONINKCB_00922	38358	1.77e-13	LONINKCB_00922-0
LONINKCB_00923	35571	1.81e-19	LONINKCB_00923-0
LONINKCB_00924			LONINKCB_00924-0
LONINKCB_00925	35571	3.32e-111	LONINKCB_00925-0
LONINKCB_00926	35571	5.98e-125	LONINKCB_00926-0
LONINKCB_00927			LONINKCB_00927-0
LONINKCB_00928			LONINKCB_00928-0
LONINKCB_00929			LONINKCB_00929-0
LONINKCB_00930	38358	3.75e-83	LONINKCB_00930-0
LONINKCB_00931	38358	8.90e-75	LONINKCB_00931-0
LONINKCB_00932			LONINKCB_00932-0
LONINKCB_00933	38358	5.16e-26	LONINKCB_00933-0
LONINKCB_00934	38358	5.16e-21	LONINKCB_00934-0
LONINKCB_00935	38358	1.92e-56	LONINKCB_00935-0
LONINKCB_00936			LONINKCB_00936-0
LONINKCB_00937			LONINKCB_00937-0
LONINKCB_00938			LONINKCB_00938-0
LONINKCB_00939			LONINKCB_00939-0
LONINKCB_00940			LONINKCB_00940-0
LONINKCB_00941			LONINKCB_00941-0
LONINKCB_00942			LONINKCB_00942-0
LONINKCB_00943			LONINKCB_00943-0
LONINKCB_00944			LONINKCB_00944-0
LONINKCB_00945			LONINKCB_00945-0
LONINKCB_00946			LONINKCB_00946-0
LONINKCB_00947			LONINKCB_00947-0
LONINKCB_00948			LONINKCB_00948-0
LONINKCB_00949			LONINKCB_00949-0
LONINKCB_00950			LONINKCB_00950-0
LONINKCB_00951			LONINKCB_00951-0
LONINKCB_00952			LONINKCB_00952-0
LONINKCB_00953			LONINKCB_00953-0
LONINKCB_00954			LONINKCB_00954-0
LONINKCB_00955			LONINKCB_00955-0
LONINKCB_00956			LONINKCB_00956-0
LONINKCB_00957			LONINKCB_00957-0
LONINKCB_00958			LONINKCB_00958-0
LONINKCB_00959			LONINKCB_00959-0
LONINKCB_00960			LONINKCB_00960-0
LONINKCB_00961	35571	3.52e-192	LONINKCB_00961-0
LONINKCB_00962			LONINKCB_00962-0
LONINKCB_00963			LONINKCB_00963-0
LONINKCB_00964			LONINKCB_00964-0
LONINKCB_00965			LONINKCB_00965-0
LONINKCB_00966			LONINKCB_00966-0
LONINKCB_00967			LONINKCB_00967-0
LONINKCB_00968			LONINKCB_00968-0
LONINKCB_00969			LONINKCB_00969-0
LONINKCB_00970			LONINKCB_00970-0
LONINKCB_00971			LONINKCB_00971-0
LONINKCB_00972			LONINKCB_00972-0
LONINKCB_00973			LONINKCB_00973-0
LONINKCB_00974			LONINKCB_00974-0
LONINKCB_00975			LONINKCB_00975-0
LONINKCB_00976			LONINKCB_00976-0
LONINKCB_00977			LONINKCB_00977-0
LONINKCB_00978			LONINKCB_00978-0
LONINKCB_00979			LONINKCB_00979-0
LONINKCB_00980			LONINKCB_00980-0
LONINKCB_00981			LONINKCB_00981-0
LONINKCB_00982			LONINKCB_00982-0
LONINKCB_00983			LONINKCB_00983-0
LONINKCB_00984			LONINKCB_00984-0
LONINKCB_00985	35571	1.17e-101	LONINKCB_00985-0
LONINKCB_00986			LONINKCB_00986-0
LONINKCB_00987	1564500	9.90e-145	LONINKCB_00987-0
LONINKCB_00988		8.84e-96	LONINKCB_00988-0
LONINKCB_00989			LONINKCB_00989-0
LONINKCB_00990	38358	2.71e-61	LONINKCB_00990-0
LONINKCB_00991	38358	2.86e-77	LONINKCB_00991-0
LONINKCB_00992	38358	3.41e-94	LONINKCB_00992-0
LONINKCB_00993			LONINKCB_00993-0
LONINKCB_00994			LONINKCB_00994-0
LONINKCB_00995			LONINKCB_00995-0
LONINKCB_00996			LONINKCB_00996-0
LONINKCB_00997	2	5.72e-38	LONINKCB_00997-0
LONINKCB_00998			LONINKCB_00998-0
LONINKCB_00999			LONINKCB_00999-0
LONINKCB_01000			LONINKCB_01000-0
LONINKCB_01001			LONINKCB_01001-0
LONINKCB_01002			LONINKCB_01002-0
LONINKCB_01003			LONINKCB_01003-0
LONINKCB_01004	38358	4.10e-05	LONINKCB_01004-0
LONINKCB_01005			LONINKCB_01005-0
LONINKCB_01006	35571	2.72e-33	LONINKCB_01006-0
LONINKCB_01007			LONINKCB_01007-0
LONINKCB_01008	35571	4.36e-98	LONINKCB_01008-0
LONINKCB_01009	35571	9.81e-29	LONINKCB_01009-0
LONINKCB_01010	35571	3.57e-115	LONINKCB_01010-0
LONINKCB_01011	35571	2.88e-56	LONINKCB_01011-0
LONINKCB_01012	35571	1.03e-16	LONINKCB_01012-0
LONINKCB_01013	38358	3.29e-14	LONINKCB_01013-0
LONINKCB_01014		1.97e-22	LONINKCB_01014-0
LONINKCB_01015	2	2.25e-14	LONINKCB_01015-0
LONINKCB_01016	38358	3.07e-09	LONINKCB_01016-0
LONINKCB_01017			LONINKCB_01017-0
LONINKCB_01018			LONINKCB_01018-0
LONINKCB_01019			LONINKCB_01019-0
LONINKCB_01020			LONINKCB_01020-0
LONINKCB_01021			LONINKCB_01021-0
LONINKCB_01022		5.06e-10	LONINKCB_01022-0
LONINKCB_01023		4.65e-84	LONINKCB_01023-0
LONINKCB_01024		1.32e-27	LONINKCB_01024-0
LONINKCB_01025		7.79e-227	LONINKCB_01025-0
LONINKCB_01026		6.71e-55	LONINKCB_01026-0
LONINKCB_01027			LONINKCB_01027-0
LONINKCB_01028			LONINKCB_01028-0
LONINKCB_01029			LONINKCB_01029-0
LONINKCB_01030			LONINKCB_01030-0
LONINKCB_01031			LONINKCB_01031-0
LONINKCB_01032			LONINKCB_01032-0
LONINKCB_01033			LONINKCB_01033-0
LONINKCB_01034			LONINKCB_01034-0
LONINKCB_01035			LONINKCB_01035-0
LONINKCB_01036			LONINKCB_01036-0
LONINKCB_01037			LONINKCB_01037-0
LONINKCB_01038			LONINKCB_01038-0
LONINKCB_01039		6.89e-39	LONINKCB_01039-0
LONINKCB_01040	35571	1.31e-23	LONINKCB_01040-0
LONINKCB_01041	38358	4.24e-57	LONINKCB_01041-0
LONINKCB_01042	35571	5.08e-74	LONINKCB_01042-0
LONINKCB_01043			LONINKCB_01043-0
LONINKCB_01044	35571	8.98e-183	LONINKCB_01044-0
LONINKCB_01045	35571	7.43e-40	LONINKCB_01045-0
LONINKCB_01046			LONINKCB_01046-0
LONINKCB_01047			LONINKCB_01047-0
LONINKCB_01048			LONINKCB_01048-0
LONINKCB_01049			LONINKCB_01049-0
LONINKCB_01050			LONINKCB_01050-0
LONINKCB_01051			LONINKCB_01051-0
LONINKCB_01052	35571	2.63e-24	LONINKCB_01052-0
LONINKCB_01053	35571	8.84e-103	LONINKCB_01053-0
LONINKCB_01054	35571	6.98e-240	LONINKCB_01054-0
LONINKCB_01055		3.03e-256	LONINKCB_01055-0
LONINKCB_01056			LONINKCB_01056-0
LONINKCB_01057			LONINKCB_01057-0
LONINKCB_01058			LONINKCB_01058-0
LONINKCB_01059		1.45e-21	LONINKCB_01059-0
LONINKCB_06639			LONINKCB_06639-0
LONINKCB_06640			LONINKCB_06640-0
LONINKCB_06641			LONINKCB_06641-0
LONINKCB_06642			LONINKCB_06642-0
LONINKCB_06643			LONINKCB_06643-0
LONINKCB_06644			LONINKCB_06644-0
LONINKCB_06645			LONINKCB_06645-0
LONINKCB_06646			LONINKCB_06646-0
LONINKCB_06647			LONINKCB_06647-0
LONINKCB_06648			LONINKCB_06648-0
LONINKCB_06649			LONINKCB_06649-0
LONINKCB_06650			LONINKCB_06650-0
LONINKCB_06651			LONINKCB_06651-0
LONINKCB_06652			LONINKCB_06652-0
LONINKCB_06653			LONINKCB_06653-0
LONINKCB_06654			LONINKCB_06654-0
LONINKCB_06655			LONINKCB_06655-0
LONINKCB_06656			LONINKCB_06656-0
LONINKCB_06657			LONINKCB_06657-0
LONINKCB_06658			LONINKCB_06658-0
LONINKCB_06659			LONINKCB_06659-0
LONINKCB_06660			LONINKCB_06660-0
LONINKCB_06661			LONINKCB_06661-0
LONINKCB_06662			LONINKCB_06662-0
LONINKCB_06663			LONINKCB_06663-0
LONINKCB_06664			LONINKCB_06664-0
LONINKCB_06665			LONINKCB_06665-0
LONINKCB_06666			LONINKCB_06666-0
LONINKCB_06667			LONINKCB_06667-0
LONINKCB_06668			LONINKCB_06668-0
LONINKCB_06669			LONINKCB_06669-0
LONINKCB_06670			LONINKCB_06670-0
LONINKCB_06671			LONINKCB_06671-0
LONINKCB_06672			LONINKCB_06672-0
LONINKCB_06673			LONINKCB_06673-0
LONINKCB_06674	1564500	1.20e-69	LONINKCB_06674-0
LONINKCB_06675		4.63e-76	LONINKCB_06675-0
LONINKCB_06676	38358	2.24e-56	LONINKCB_06676-0
LONINKCB_06677			LONINKCB_06677-0
LONINKCB_06678			LONINKCB_06678-0
LONINKCB_06679			LONINKCB_06679-0
LONINKCB_06680			LONINKCB_06680-0
LONINKCB_06681			LONINKCB_06681-0
LONINKCB_06682			LONINKCB_06682-0
LONINKCB_06683	38358	1.29e-34	LONINKCB_06683-0
LONINKCB_06684	35571	1.58e-40	LONINKCB_06684-0
LONINKCB_06685			LONINKCB_06685-0
LONINKCB_06686			LONINKCB_06686-0
LONINKCB_06687			LONINKCB_06687-0
LONINKCB_06688			LONINKCB_06688-0
LONINKCB_06689			LONINKCB_06689-0
LONINKCB_06690	35571	1.53e-27	LONINKCB_06690-0
LONINKCB_06691	35571	3.99e-24	LONINKCB_06691-0
LONINKCB_06692	38358	4.52e-55	LONINKCB_06692-0
LONINKCB_06693	35571	5.53e-43	LONINKCB_06693-0
LONINKCB_06694			LONINKCB_06694-0
LONINKCB_06695			LONINKCB_06695-0
LONINKCB_06696			LONINKCB_06696-0
LONINKCB_06697			LONINKCB_06697-0
LONINKCB_06698			LONINKCB_06698-0
LONINKCB_06699		8.80e-04	LONINKCB_06699-0
LONINKCB_06700	35571	1.55e-11	LONINKCB_06700-0
LONINKCB_06701			LONINKCB_06701-0
LONINKCB_06702			LONINKCB_06702-0
LONINKCB_06703			LONINKCB_06703-0
LONINKCB_06704			LONINKCB_06704-0
LONINKCB_06705			LONINKCB_06705-0
LONINKCB_06706			LONINKCB_06706-0
LONINKCB_06707			LONINKCB_06707-0
LONINKCB_06708	38358	1.15e-58	LONINKCB_06708-0
LONINKCB_06709	38358	3.35e-15	LONINKCB_06709-0
LONINKCB_06710	38358	4.97e-118	LONINKCB_06710-0
LONINKCB_06711	38358	5.25e-23	LONINKCB_06711-0
LONINKCB_06712			LONINKCB_06712-0
LONINKCB_06713	38358	1.41e-53	LONINKCB_06713-0
LONINKCB_06714			LONINKCB_06714-0
LONINKCB_06715	35571	4.53e-28	LONINKCB_06715-0
LONINKCB_06716	35571	1.16e-50	LONINKCB_06716-0
LONINKCB_06717	35571	5.40e-25	LONINKCB_06717-0
LONINKCB_06718			LONINKCB_06718-0
LONINKCB_06719			LONINKCB_06719-0
LONINKCB_06720			LONINKCB_06720-0
LONINKCB_06721			LONINKCB_06721-0
LONINKCB_06722			LONINKCB_06722-0
LONINKCB_06723			LONINKCB_06723-0
LONINKCB_06724			LONINKCB_06724-0
LONINKCB_06725			LONINKCB_06725-0
LONINKCB_06726			LONINKCB_06726-0
LONINKCB_06727			LONINKCB_06727-0
LONINKCB_06728			LONINKCB_06728-0
LONINKCB_06729			LONINKCB_06729-0
LONINKCB_06730			LONINKCB_06730-0
LONINKCB_06731			LONINKCB_06731-0
LONINKCB_06732		2.19e-04	LONINKCB_06732-0
LONINKCB_06733		5.35e-09	LONINKCB_06733-0
LONINKCB_06734			LONINKCB_06734-0
LONINKCB_06735			LONINKCB_06735-0
LONINKCB_06736			LONINKCB_06736-0
LONINKCB_06737			LONINKCB_06737-0
LONINKCB_06738	38358	5.69e-28	LONINKCB_06738-0
LONINKCB_06739			LONINKCB_06739-0
LONINKCB_06740			LONINKCB_06740-0
LONINKCB_06741			LONINKCB_06741-0
LONINKCB_06742			LONINKCB_06742-0
LONINKCB_06743			LONINKCB_06743-0
LONINKCB_06744			LONINKCB_06744-0
LONINKCB_06745			LONINKCB_06745-0
LONINKCB_06746			LONINKCB_06746-0
LONINKCB_06747			LONINKCB_06747-0
LONINKCB_06748			LONINKCB_06748-0
LONINKCB_06749			LONINKCB_06749-0
LONINKCB_06750			LONINKCB_06750-0
LONINKCB_06751			LONINKCB_06751-0
LONINKCB_06752			LONINKCB_06752-0
LONINKCB_06753			LONINKCB_06753-0
LONINKCB_06754			LONINKCB_06754-0
LONINKCB_06755			LONINKCB_06755-0
LONINKCB_06757			LONINKCB_06757-0
LONINKCB_06758			LONINKCB_06758-0
LONINKCB_06759			LONINKCB_06759-0
LONINKCB_06760			LONINKCB_06760-0
LONINKCB_06761			LONINKCB_06761-0
LONINKCB_06762			LONINKCB_06762-0
LONINKCB_06763		1.69e-11	LONINKCB_06763-0
LONINKCB_06764			LONINKCB_06764-0
LONINKCB_06765			LONINKCB_06765-0
LONINKCB_06766			LONINKCB_06766-0
LONINKCB_06767			LONINKCB_06767-0
LONINKCB_06768			LONINKCB_06768-0
LONINKCB_06769			LONINKCB_06769-0
LONINKCB_06770			LONINKCB_06770-0
LONINKCB_06771	35571	9.23e-53	LONINKCB_06771-0
LONINKCB_06772			LONINKCB_06772-0
LONINKCB_06773			LONINKCB_06773-0
LONINKCB_06774	35571	3.20e-47	LONINKCB_06774-0
LONINKCB_06775	35571	7.42e-38	LONINKCB_06775-0
LONINKCB_06776		3.41e-110	LONINKCB_06776-0
LONINKCB_06777			LONINKCB_06777-0
LONINKCB_06778			LONINKCB_06778-0
LONINKCB_06780			LONINKCB_06780-0
LONINKCB_06781	35571	3.76e-29	LONINKCB_06781-0
LONINKCB_06782	35571	2.27e-19	LONINKCB_06782-0
LONINKCB_06783		9.52e-19	LONINKCB_06783-0
LONINKCB_06784			LONINKCB_06784-0
LONINKCB_06785			LONINKCB_06785-0
LONINKCB_06786		2.54e-24	LONINKCB_06786-0
LONINKCB_06787		3.05e-93	LONINKCB_06787-0
LONINKCB_06788		4.04e-22	LONINKCB_06788-0
LONINKCB_06789	35571	2.00e-26	LONINKCB_06789-0
LONINKCB_06790	35571	1.30e-45	LONINKCB_06790-0
LONINKCB_06791			LONINKCB_06791-0
LONINKCB_06792			LONINKCB_06792-0
LONINKCB_06793			LONINKCB_06793-0
LONINKCB_06794			LONINKCB_06794-0
LONINKCB_06795			LONINKCB_06795-0
LONINKCB_06796	35571	4.75e-66	LONINKCB_06796-0
LONINKCB_06797			LONINKCB_06797-0
LONINKCB_06798		1.97e-16	LONINKCB_06798-0
LONINKCB_06799	6604	1.81e-23	LONINKCB_06799-0
LONINKCB_06800		7.54e-97	LONINKCB_06800-0
LONINKCB_06801			LONINKCB_06801-0
LONINKCB_06802			LONINKCB_06802-0
LONINKCB_06803			LONINKCB_06803-0
LONINKCB_06804			LONINKCB_06804-0
LONINKCB_06805			LONINKCB_06805-0
LONINKCB_06806			LONINKCB_06806-0
LONINKCB_06807			LONINKCB_06807-0
LONINKCB_06808			LONINKCB_06808-0
LONINKCB_06809			LONINKCB_06809-0
LONINKCB_06810			LONINKCB_06810-0
LONINKCB_06811			LONINKCB_06811-0
LONINKCB_06812			LONINKCB_06812-0
LONINKCB_06813			LONINKCB_06813-0
LONINKCB_06814			LONINKCB_06814-0
LONINKCB_06815			LONINKCB_06815-0
LONINKCB_06816			LONINKCB_06816-0
LONINKCB_06817			LONINKCB_06817-0
LONINKCB_06818			LONINKCB_06818-0
LONINKCB_06819			LONINKCB_06819-0
LONINKCB_06820			LONINKCB_06820-0
LONINKCB_06821			LONINKCB_06821-0
LONINKCB_06822			LONINKCB_06822-0
LONINKCB_06823			LONINKCB_06823-0
LONINKCB_06824			LONINKCB_06824-0
LONINKCB_06825			LONINKCB_06825-0
LONINKCB_06826			LONINKCB_06826-0
LONINKCB_06827			LONINKCB_06827-0
LONINKCB_06828			LONINKCB_06828-0
LONINKCB_06829			LONINKCB_06829-0
LONINKCB_06830			LONINKCB_06830-0
LONINKCB_06831			LONINKCB_06831-0
LONINKCB_06832			LONINKCB_06832-0
LONINKCB_06833			LONINKCB_06833-0
LONINKCB_06834			LONINKCB_06834-0
LONINKCB_06835			LONINKCB_06835-0
LONINKCB_06836			LONINKCB_06836-0
LONINKCB_06837			LONINKCB_06837-0
LONINKCB_06838			LONINKCB_06838-0
LONINKCB_06839			LONINKCB_06839-0
LONINKCB_06840			LONINKCB_06840-0
LONINKCB_06841			LONINKCB_06841-0
LONINKCB_06842			LONINKCB_06842-0
LONINKCB_06843			LONINKCB_06843-0
LONINKCB_06844			LONINKCB_06844-0
LONINKCB_06845			LONINKCB_06845-0
LONINKCB_06846			LONINKCB_06846-0
LONINKCB_06847			LONINKCB_06847-0
LONINKCB_06848			LONINKCB_06848-0
LONINKCB_06849			LONINKCB_06849-0
LONINKCB_06850			LONINKCB_06850-0
LONINKCB_06851			LONINKCB_06851-0
LONINKCB_06852			LONINKCB_06852-0
LONINKCB_06853			LONINKCB_06853-0
LONINKCB_06854			LONINKCB_06854-0
LONINKCB_06855			LONINKCB_06855-0
LONINKCB_06856			LONINKCB_06856-0
LONINKCB_06857			LONINKCB_06857-0
LONINKCB_06858			LONINKCB_06858-0
LONINKCB_06859			LONINKCB_06859-0
LONINKCB_06860			LONINKCB_06860-0
LONINKCB_06861			LONINKCB_06861-0
LONINKCB_06862	35571	2.40e-18	LONINKCB_06862-0
LONINKCB_06863		1.13e-08	LONINKCB_06863-0
LONINKCB_06864			LONINKCB_06864-0
LONINKCB_06865		2.71e-99	LONINKCB_06865-0
LONINKCB_06866			LONINKCB_06866-0
LONINKCB_06867			LONINKCB_06867-0
LONINKCB_06868		1.54e-75	LONINKCB_06868-0
LONINKCB_06869		1.26e-59	LONINKCB_06869-0
LONINKCB_06870			LONINKCB_06870-0
LONINKCB_06871			LONINKCB_06871-0
LONINKCB_06872			LONINKCB_06872-0
LONINKCB_06873			LONINKCB_06873-0
LONINKCB_06874			LONINKCB_06874-0
LONINKCB_08552			LONINKCB_08552-0
LONINKCB_08553			LONINKCB_08553-0
LONINKCB_08554			LONINKCB_08554-0
LONINKCB_08555	38358	8.41e-39	LONINKCB_08555-0
LONINKCB_08556	35571	2.08e-34	LONINKCB_08556-0
LONINKCB_08557			LONINKCB_08557-0
LONINKCB_08558			LONINKCB_08558-0
LONINKCB_08559			LONINKCB_08559-0
LONINKCB_08560			LONINKCB_08560-0
LONINKCB_08561			LONINKCB_08561-0
LONINKCB_08562			LONINKCB_08562-0
LONINKCB_08563			LONINKCB_08563-0
LONINKCB_08564			LONINKCB_08564-0
LONINKCB_08565			LONINKCB_08565-0
LONINKCB_08566			LONINKCB_08566-0
LONINKCB_08567			LONINKCB_08567-0
LONINKCB_08568			LONINKCB_08568-0
LONINKCB_08569			LONINKCB_08569-0
LONINKCB_08570	38358	3.90e-12	LONINKCB_08570-0
LONINKCB_08571			LONINKCB_08571-0
LONINKCB_08572			LONINKCB_08572-0
LONINKCB_08573	35572	2.31e-14	LONINKCB_08573-0
LONINKCB_08574	38358	3.49e-84	LONINKCB_08574-0
LONINKCB_08575	35571	1.90e-107	LONINKCB_08575-0
LONINKCB_08576			LONINKCB_08576-0
LONINKCB_08577			LONINKCB_08577-0
LONINKCB_08578			LONINKCB_08578-0
LONINKCB_08579			LONINKCB_08579-0
LONINKCB_08580			LONINKCB_08580-0
LONINKCB_08581			LONINKCB_08581-0
LONINKCB_08582			LONINKCB_08582-0
LONINKCB_08583			LONINKCB_08583-0
LONINKCB_08584			LONINKCB_08584-0
LONINKCB_08585			LONINKCB_08585-0
LONINKCB_08586			LONINKCB_08586-0
LONINKCB_08587			LONINKCB_08587-0
LONINKCB_08588			LONINKCB_08588-0
LONINKCB_08589	38358	7.03e-70	LONINKCB_08589-0
LONINKCB_08590			LONINKCB_08590-0
LONINKCB_08591			LONINKCB_08591-0
LONINKCB_08592	265458	8.23e-04	LONINKCB_08592-0
LONINKCB_08593			LONINKCB_08593-0
LONINKCB_08594	38358	4.53e-22	LONINKCB_08594-0
LONINKCB_08595	35572	5.72e-17	LONINKCB_08595-0
LONINKCB_08596	35572	3.57e-20	LONINKCB_08596-0
LONINKCB_08597	38358	1.98e-07	LONINKCB_08597-0
LONINKCB_08598			LONINKCB_08598-0
LONINKCB_08599			LONINKCB_08599-0
LONINKCB_08600			LONINKCB_08600-0
LONINKCB_08601			LONINKCB_08601-0
LONINKCB_08602			LONINKCB_08602-0
LONINKCB_08603			LONINKCB_08603-0
LONINKCB_08604	38358	1.74e-30	LONINKCB_08604-0
LONINKCB_08605			LONINKCB_08605-0
LONINKCB_08606			LONINKCB_08606-0
LONINKCB_08607		1.88e-66	LONINKCB_08607-0
LONINKCB_08608	38358	1.11e-109	LONINKCB_08608-0
LONINKCB_08609			LONINKCB_08609-0
LONINKCB_08610	38358	2.38e-26	LONINKCB_08610-0
LONINKCB_08611	38358	3.93e-25	LONINKCB_08611-0
LONINKCB_08612		3.01e-33	LONINKCB_08612-0
LONINKCB_08613	38358	1.78e-39	LONINKCB_08613-0
LONINKCB_08614			LONINKCB_08614-0
LONINKCB_08615			LONINKCB_08615-0
LONINKCB_08616			LONINKCB_08616-0
LONINKCB_08617			LONINKCB_08617-0
LONINKCB_08618			LONINKCB_08618-0
LONINKCB_08619			LONINKCB_08619-0
LONINKCB_08620	38358	7.38e-75	LONINKCB_08620-0
LONINKCB_08621		8.74e-79	LONINKCB_08621-0
LONINKCB_08622		6.88e-25	LONINKCB_08622-0
LONINKCB_08623			LONINKCB_08623-0
LONINKCB_08624			LONINKCB_08624-0
LONINKCB_08625		3.09e-139	LONINKCB_08625-0
LONINKCB_08626			LONINKCB_08626-0
LONINKCB_08627	38358	6.47e-17	LONINKCB_08627-0
LONINKCB_08628			LONINKCB_08628-0
LONINKCB_08629			LONINKCB_08629-0
LONINKCB_08630			LONINKCB_08630-0
LONINKCB_08631			LONINKCB_08631-0
LONINKCB_08632			LONINKCB_08632-0
LONINKCB_08633	35571	2.53e-223	LONINKCB_08633-0
LONINKCB_08634			LONINKCB_08634-0
LONINKCB_08635			LONINKCB_08635-0
LONINKCB_08636	35571	5.00e-65	LONINKCB_08636-0
LONINKCB_08637	35571	9.48e-73	LONINKCB_08637-0
LONINKCB_08638	35571	9.70e-13	LONINKCB_08638-0
LONINKCB_08639	35571	1.76e-55	LONINKCB_08639-0
LONINKCB_08640		2.42e-20	LONINKCB_08640-0
LONINKCB_08641			LONINKCB_08641-0
LONINKCB_08642			LONINKCB_08642-0
LONINKCB_08643	38358	9.87e-69	LONINKCB_08643-0
LONINKCB_08644	38358	3.71e-136	LONINKCB_08644-0
LONINKCB_08645			LONINKCB_08645-0
LONINKCB_08646			LONINKCB_08646-0
LONINKCB_08647			LONINKCB_08647-0
LONINKCB_08648			LONINKCB_08648-0
LONINKCB_08649			LONINKCB_08649-0
LONINKCB_08650			LONINKCB_08650-0
LONINKCB_08651			LONINKCB_08651-0
LONINKCB_08652			LONINKCB_08652-0
LONINKCB_08653			LONINKCB_08653-0
LONINKCB_08654			LONINKCB_08654-0
LONINKCB_08655			LONINKCB_08655-0
LONINKCB_08656			LONINKCB_08656-0
LONINKCB_08657			LONINKCB_08657-0
LONINKCB_08658			LONINKCB_08658-0
LONINKCB_08659			LONINKCB_08659-0
LONINKCB_08660			LONINKCB_08660-0
LONINKCB_08661			LONINKCB_08661-0
LONINKCB_08662			LONINKCB_08662-0
LONINKCB_08663			LONINKCB_08663-0
LONINKCB_08664			LONINKCB_08664-0
LONINKCB_08665			LONINKCB_08665-0
LONINKCB_08666			LONINKCB_08666-0
LONINKCB_08667			LONINKCB_08667-0
LONINKCB_08668			LONINKCB_08668-0
LONINKCB_08669			LONINKCB_08669-0
LONINKCB_08670			LONINKCB_08670-0
LONINKCB_08671			LONINKCB_08671-0
LONINKCB_08672			LONINKCB_08672-0
LONINKCB_08673	50385	2.52e-39	LONINKCB_08673-0
LONINKCB_08674			LONINKCB_08674-0
LONINKCB_08675			LONINKCB_08675-0
LONINKCB_08676			LONINKCB_08676-0
LONINKCB_08677			LONINKCB_08677-0
LONINKCB_08678			LONINKCB_08678-0
LONINKCB_08679			LONINKCB_08679-0
LONINKCB_08680			LONINKCB_08680-0
LONINKCB_08681			LONINKCB_08681-0
LONINKCB_08682			LONINKCB_08682-0
LONINKCB_08683			LONINKCB_08683-0
LONINKCB_08684			LONINKCB_08684-0
LONINKCB_08685			LONINKCB_08685-0
LONINKCB_08686			LONINKCB_08686-0
LONINKCB_08687			LONINKCB_08687-0
LONINKCB_08688			LONINKCB_08688-0
LONINKCB_08689			LONINKCB_08689-0
LONINKCB_08690			LONINKCB_08690-0
LONINKCB_08691		4.01e-37	LONINKCB_08691-0
LONINKCB_08692			LONINKCB_08692-0
LONINKCB_08693			LONINKCB_08693-0
LONINKCB_08694			LONINKCB_08694-0
LONINKCB_08695	35571	1.82e-31	LONINKCB_08695-0
LONINKCB_08696			LONINKCB_08696-0
LONINKCB_08697			LONINKCB_08697-0
LONINKCB_08698			LONINKCB_08698-0
LONINKCB_08699			LONINKCB_08699-0
LONINKCB_08700			LONINKCB_08700-0
LONINKCB_08701			LONINKCB_08701-0
LONINKCB_08702			LONINKCB_08702-0
LONINKCB_08703			LONINKCB_08703-0
LONINKCB_08704			LONINKCB_08704-0
LONINKCB_08705			LONINKCB_08705-0
LONINKCB_08706			LONINKCB_08706-0
LONINKCB_08707			LONINKCB_08707-0
LONINKCB_08708			LONINKCB_08708-0
LONINKCB_08709			LONINKCB_08709-0
LONINKCB_08710			LONINKCB_08710-0
LONINKCB_08711			LONINKCB_08711-0
LONINKCB_08712			LONINKCB_08712-0
LONINKCB_08713			LONINKCB_08713-0
LONINKCB_08714			LONINKCB_08714-0
LONINKCB_08715			LONINKCB_08715-0
LONINKCB_08716			LONINKCB_08716-0
LONINKCB_08717			LONINKCB_08717-0
LONINKCB_08718			LONINKCB_08718-0
LONINKCB_08719			LONINKCB_08719-0
LONINKCB_08720			LONINKCB_08720-0
LONINKCB_08721	115081	7.27e-15	LONINKCB_08721-0
LONINKCB_08722			LONINKCB_08722-0
LONINKCB_08723			LONINKCB_08723-0
LONINKCB_08724			LONINKCB_08724-0
LONINKCB_08725			LONINKCB_08725-0
LONINKCB_08726			LONINKCB_08726-0
LONINKCB_08727			LONINKCB_08727-0
LONINKCB_08728			LONINKCB_08728-0
LONINKCB_08729			LONINKCB_08729-0
LONINKCB_08730			LONINKCB_08730-0
LONINKCB_08731			LONINKCB_08731-0
LONINKCB_08732			LONINKCB_08732-0
LONINKCB_08733			LONINKCB_08733-0
LONINKCB_08734			LONINKCB_08734-0
LONINKCB_08735			LONINKCB_08735-0
LONINKCB_08736			LONINKCB_08736-0
LONINKCB_08737			LONINKCB_08737-0
LONINKCB_08738			LONINKCB_08738-0
LONINKCB_08739			LONINKCB_08739-0
LONINKCB_08740			LONINKCB_08740-0
LONINKCB_08741			LONINKCB_08741-0
LONINKCB_08742			LONINKCB_08742-0
LONINKCB_08743	38358	3.78e-23	LONINKCB_08743-0
LONINKCB_08744			LONINKCB_08744-0
LONINKCB_08745			LONINKCB_08745-0
LONINKCB_08746			LONINKCB_08746-0
LONINKCB_08747			LONINKCB_08747-0
LONINKCB_08748			LONINKCB_08748-0
LONINKCB_08749			LONINKCB_08749-0
LONINKCB_08750			LONINKCB_08750-0
LONINKCB_08751			LONINKCB_08751-0
LONINKCB_08752	38358	1.35e-16	LONINKCB_08752-0
LONINKCB_08753	38358	8.76e-32	LONINKCB_08753-0
LONINKCB_08754			LONINKCB_08754-0
LONINKCB_08755			LONINKCB_08755-0
LONINKCB_08756			LONINKCB_08756-0
LONINKCB_08757			LONINKCB_08757-0
LONINKCB_08758			LONINKCB_08758-0
LONINKCB_08759			LONINKCB_08759-0
LONINKCB_08760			LONINKCB_08760-0
LONINKCB_05974	35571	3.12e-22	LONINKCB_05974-0
LONINKCB_05975		6.00e-61	LONINKCB_05975-0
LONINKCB_05976		1.67e-38	LONINKCB_05976-0
LONINKCB_05977			LONINKCB_05977-0
LONINKCB_05978			LONINKCB_05978-0
LONINKCB_05979			LONINKCB_05979-0
LONINKCB_05980	35571	5.61e-68	LONINKCB_05980-0
LONINKCB_05981		6.33e-21	LONINKCB_05981-0
LONINKCB_05982			LONINKCB_05982-0
LONINKCB_05983			LONINKCB_05983-0
LONINKCB_05984			LONINKCB_05984-0
LONINKCB_05985			LONINKCB_05985-0
LONINKCB_05986	35571	3.16e-60	LONINKCB_05986-0
LONINKCB_05987	38358	1.12e-96	LONINKCB_05987-0
LONINKCB_05988	35571	1.24e-12	LONINKCB_05988-0
LONINKCB_05989			LONINKCB_05989-0
LONINKCB_05990	35571	5.81e-112	LONINKCB_05990-0
LONINKCB_05991			LONINKCB_05991-0
LONINKCB_05992			LONINKCB_05992-0
LONINKCB_05993			LONINKCB_05993-0
LONINKCB_05994			LONINKCB_05994-0
LONINKCB_05995			LONINKCB_05995-0
LONINKCB_05996	35571	5.11e-22	LONINKCB_05996-0
LONINKCB_05997	38358	6.14e-12	LONINKCB_05997-0
LONINKCB_05998		4.99e-34	LONINKCB_05998-0
LONINKCB_05999	35571	1.35e-28	LONINKCB_05999-0
LONINKCB_06000	35571	1.82e-42	LONINKCB_06000-0
LONINKCB_06001			LONINKCB_06001-0
LONINKCB_06002			LONINKCB_06002-0
LONINKCB_06003		5.32e-13	LONINKCB_06003-0
LONINKCB_06004		2.98e-85	LONINKCB_06004-0
LONINKCB_06005			LONINKCB_06005-0
LONINKCB_06006			LONINKCB_06006-0
LONINKCB_06007			LONINKCB_06007-0
LONINKCB_06008			LONINKCB_06008-0
LONINKCB_06009			LONINKCB_06009-0
LONINKCB_06010			LONINKCB_06010-0
LONINKCB_06011			LONINKCB_06011-0
LONINKCB_06012			LONINKCB_06012-0
LONINKCB_06013			LONINKCB_06013-0
LONINKCB_06014			LONINKCB_06014-0
LONINKCB_06015		2.41e-08	LONINKCB_06015-0
LONINKCB_06016			LONINKCB_06016-0
LONINKCB_06017		3.69e-18	LONINKCB_06017-0
LONINKCB_06018		3.61e-28	LONINKCB_06018-0
LONINKCB_06019		1.02e-46	LONINKCB_06019-0
LONINKCB_06020			LONINKCB_06020-0
LONINKCB_06021			LONINKCB_06021-0
LONINKCB_06022			LONINKCB_06022-0
LONINKCB_06023			LONINKCB_06023-0
LONINKCB_06024			LONINKCB_06024-0
LONINKCB_06025		1.31e-26	LONINKCB_06025-0
LONINKCB_06026	35571	6.70e-96	LONINKCB_06026-0
LONINKCB_06027			LONINKCB_06027-0
LONINKCB_06028		2.74e-32	LONINKCB_06028-0
LONINKCB_06029	1564500	7.45e-18	LONINKCB_06029-0
LONINKCB_06030			LONINKCB_06030-0
LONINKCB_06031	35571	7.62e-75	LONINKCB_06031-0
LONINKCB_06032			LONINKCB_06032-0
LONINKCB_06033		1.64e-63	LONINKCB_06033-0
LONINKCB_06034		8.12e-44	LONINKCB_06034-0
LONINKCB_06035	35571	3.14e-133	LONINKCB_06035-0
LONINKCB_06036			LONINKCB_06036-0
LONINKCB_06037			LONINKCB_06037-0
LONINKCB_06038	35571	4.13e-24	LONINKCB_06038-0
LONINKCB_06039		1.14e-19	LONINKCB_06039-0
LONINKCB_06040			LONINKCB_06040-0
LONINKCB_06041			LONINKCB_06041-0
LONINKCB_06042	38358	1.29e-19	LONINKCB_06042-0
LONINKCB_06043			LONINKCB_06043-0
LONINKCB_06044			LONINKCB_06044-0
LONINKCB_06045		3.40e-19	LONINKCB_06045-0
LONINKCB_06046	35571	1.30e-40	LONINKCB_06046-0
LONINKCB_06047		1.10e-34	LONINKCB_06047-0
LONINKCB_06048			LONINKCB_06048-0
LONINKCB_06049			LONINKCB_06049-0
LONINKCB_06050			LONINKCB_06050-0
LONINKCB_06051			LONINKCB_06051-0
LONINKCB_06052			LONINKCB_06052-0
LONINKCB_06053			LONINKCB_06053-0
LONINKCB_06054			LONINKCB_06054-0
LONINKCB_06055			LONINKCB_06055-0
LONINKCB_06056			LONINKCB_06056-0
LONINKCB_06057	35571	0.0	LONINKCB_06057-0
LONINKCB_06058	35571	2.45e-36	LONINKCB_06058-0
LONINKCB_06059			LONINKCB_06059-0
LONINKCB_06060			LONINKCB_06060-0
LONINKCB_06061	35571	5.10e-48	LONINKCB_06061-0
LONINKCB_06062	35571	1.90e-161	LONINKCB_06062-0
LONINKCB_06063	35571	9.98e-95	LONINKCB_06063-0
LONINKCB_06064			LONINKCB_06064-0
LONINKCB_06065			LONINKCB_06065-0
LONINKCB_06066			LONINKCB_06066-0
LONINKCB_06067			LONINKCB_06067-0
LONINKCB_06068			LONINKCB_06068-0
LONINKCB_06069			LONINKCB_06069-0
LONINKCB_06070	35571	3.24e-35	LONINKCB_06070-0
LONINKCB_06071	35571	2.54e-20	LONINKCB_06071-0
LONINKCB_06072		1.19e-23	LONINKCB_06072-0
LONINKCB_06073	35571	4.24e-23	LONINKCB_06073-0
LONINKCB_06074	35571	1.84e-12	LONINKCB_06074-0
LONINKCB_06075		5.07e-16	LONINKCB_06075-0
LONINKCB_06076	35571	8.74e-32	LONINKCB_06076-0
LONINKCB_06077			LONINKCB_06077-0
LONINKCB_06078			LONINKCB_06078-0
LONINKCB_06079			LONINKCB_06079-0
LONINKCB_06080			LONINKCB_06080-0
LONINKCB_06081			LONINKCB_06081-0
LONINKCB_06082	35571	1.83e-37	LONINKCB_06082-0
LONINKCB_06083			LONINKCB_06083-0
LONINKCB_06084			LONINKCB_06084-0
LONINKCB_06085			LONINKCB_06085-0
LONINKCB_06086			LONINKCB_06086-0
LONINKCB_06087			LONINKCB_06087-0
LONINKCB_06088			LONINKCB_06088-0
LONINKCB_06089			LONINKCB_06089-0
LONINKCB_06090			LONINKCB_06090-0
LONINKCB_06091			LONINKCB_06091-0
LONINKCB_06092			LONINKCB_06092-0
LONINKCB_06093			LONINKCB_06093-0
LONINKCB_06094			LONINKCB_06094-0
LONINKCB_06095			LONINKCB_06095-0
LONINKCB_06096			LONINKCB_06096-0
LONINKCB_06097			LONINKCB_06097-0
LONINKCB_06098			LONINKCB_06098-0
LONINKCB_06099			LONINKCB_06099-0
LONINKCB_06100			LONINKCB_06100-0
LONINKCB_06101			LONINKCB_06101-0
LONINKCB_06102			LONINKCB_06102-0
LONINKCB_06103			LONINKCB_06103-0
LONINKCB_06104	38358	5.51e-27	LONINKCB_06104-0
LONINKCB_06105			LONINKCB_06105-0
LONINKCB_06106			LONINKCB_06106-0
LONINKCB_06107			LONINKCB_06107-0
LONINKCB_06108			LONINKCB_06108-0
LONINKCB_06109			LONINKCB_06109-0
LONINKCB_06110	35571	1.26e-14	LONINKCB_06110-0
LONINKCB_06111			LONINKCB_06111-0
LONINKCB_06112		1.19e-82	LONINKCB_06112-0
LONINKCB_06113	35571	7.36e-13	LONINKCB_06113-0
LONINKCB_06114			LONINKCB_06114-0
LONINKCB_06115		5.84e-08	LONINKCB_06115-0
LONINKCB_06116	35571	4.48e-36	LONINKCB_06116-0
LONINKCB_06117		3.43e-54	LONINKCB_06117-0
LONINKCB_06118		7.84e-40	LONINKCB_06118-0
LONINKCB_06119			LONINKCB_06119-0
LONINKCB_06120			LONINKCB_06120-0
LONINKCB_06121			LONINKCB_06121-0
LONINKCB_06122			LONINKCB_06122-0
LONINKCB_06123			LONINKCB_06123-0
LONINKCB_06124		8.80e-42	LONINKCB_06124-0
LONINKCB_06125	35571	1.03e-82	LONINKCB_06125-0
LONINKCB_06126		3.80e-27	LONINKCB_06126-0
LONINKCB_06127	35571	5.57e-64	LONINKCB_06127-0
LONINKCB_06128	35571	4.56e-14	LONINKCB_06128-0
LONINKCB_06129			LONINKCB_06129-0
LONINKCB_06130			LONINKCB_06130-0
LONINKCB_06131			LONINKCB_06131-0
LONINKCB_06132		2.20e-31	LONINKCB_06132-0
LONINKCB_06133	38358	5.34e-73	LONINKCB_06133-0
LONINKCB_06134		1.65e-34	LONINKCB_06134-0
LONINKCB_06135	35571	1.41e-64	LONINKCB_06135-0
LONINKCB_06136			LONINKCB_06136-0
LONINKCB_06137			LONINKCB_06137-0
LONINKCB_06138	35571	0.0	LONINKCB_06138-0
LONINKCB_06139			LONINKCB_06139-0
LONINKCB_06140			LONINKCB_06140-0
LONINKCB_06141			LONINKCB_06141-0
LONINKCB_06142			LONINKCB_06142-0
LONINKCB_06143			LONINKCB_06143-0
LONINKCB_06144			LONINKCB_06144-0
LONINKCB_06145	35571	1.52e-231	LONINKCB_06145-0
LONINKCB_06146	35571	1.08e-27	LONINKCB_06146-0
LONINKCB_06147	88217	4.97e-08	LONINKCB_06147-0
LONINKCB_06148			LONINKCB_06148-0
LONINKCB_06149			LONINKCB_06149-0
LONINKCB_06150			LONINKCB_06150-0
LONINKCB_06151			LONINKCB_06151-0
LONINKCB_06152			LONINKCB_06152-0
LONINKCB_06153			LONINKCB_06153-0
LONINKCB_06154			LONINKCB_06154-0
LONINKCB_06155	35571	1.35e-14	LONINKCB_06155-0
LONINKCB_06156			LONINKCB_06156-0
LONINKCB_06157			LONINKCB_06157-0
LONINKCB_06158			LONINKCB_06158-0
LONINKCB_06159			LONINKCB_06159-0
LONINKCB_06160			LONINKCB_06160-0
LONINKCB_06161			LONINKCB_06161-0
LONINKCB_06162			LONINKCB_06162-0
LONINKCB_06163			LONINKCB_06163-0
LONINKCB_06164			LONINKCB_06164-0
LONINKCB_06165			LONINKCB_06165-0
LONINKCB_06166			LONINKCB_06166-0
LONINKCB_06167			LONINKCB_06167-0
LONINKCB_06168			LONINKCB_06168-0
LONINKCB_06169		8.73e-24	LONINKCB_06169-0
LONINKCB_06170		2.76e-13	LONINKCB_06170-0
LONINKCB_06171			LONINKCB_06171-0
LONINKCB_06172			LONINKCB_06172-0
LONINKCB_06173			LONINKCB_06173-0
LONINKCB_06174			LONINKCB_06174-0
LONINKCB_06175			LONINKCB_06175-0
LONINKCB_06176			LONINKCB_06176-0
LONINKCB_06177			LONINKCB_06177-0
LONINKCB_06178			LONINKCB_06178-0
LONINKCB_06179			LONINKCB_06179-0
LONINKCB_06180			LONINKCB_06180-0
LONINKCB_06181			LONINKCB_06181-0
LONINKCB_06182			LONINKCB_06182-0
LONINKCB_06183			LONINKCB_06183-0
LONINKCB_06184			LONINKCB_06184-0
LONINKCB_06185			LONINKCB_06185-0
LONINKCB_06186			LONINKCB_06186-0
LONINKCB_06187			LONINKCB_06187-0
LONINKCB_06188			LONINKCB_06188-0
LONINKCB_06189			LONINKCB_06189-0
LONINKCB_06190			LONINKCB_06190-0
LONINKCB_06191			LONINKCB_06191-0
LONINKCB_06192			LONINKCB_06192-0
LONINKCB_06193	2	8.81e-16	LONINKCB_06193-0
LONINKCB_06194	35571	2.02e-170	LONINKCB_06194-0
LONINKCB_06195	35571	2.22e-103	LONINKCB_06195-0
LONINKCB_06196		1.22e-24	LONINKCB_06196-0
LONINKCB_06197			LONINKCB_06197-0
LONINKCB_06198	35571	3.92e-124	LONINKCB_06198-0
LONINKCB_06199			LONINKCB_06199-0
LONINKCB_06200			LONINKCB_06200-0
LONINKCB_06201			LONINKCB_06201-0
LONINKCB_06202	38358	4.33e-81	LONINKCB_06202-0
LONINKCB_06203	38358	1.60e-85	LONINKCB_06203-0
LONINKCB_06204			LONINKCB_06204-0
LONINKCB_06205	35571	5.62e-50	LONINKCB_06205-0
LONINKCB_06206	38358	1.04e-140	LONINKCB_06206-0
LONINKCB_06207			LONINKCB_06207-0
LONINKCB_06208			LONINKCB_06208-0
LONINKCB_06209			LONINKCB_06209-0
LONINKCB_06210	35571	4.26e-30	LONINKCB_06210-0
LONINKCB_06211			LONINKCB_06211-0
LONINKCB_06212	35571	3.28e-05	LONINKCB_06212-0
LONINKCB_06213			LONINKCB_06213-0
LONINKCB_06214			LONINKCB_06214-0
LONINKCB_06215			LONINKCB_06215-0
LONINKCB_06216			LONINKCB_06216-0
LONINKCB_06217			LONINKCB_06217-0
LONINKCB_06218			LONINKCB_06218-0
LONINKCB_06219	38358	2.73e-88	LONINKCB_06219-0
LONINKCB_06220			LONINKCB_06220-0
LONINKCB_06221			LONINKCB_06221-0
LONINKCB_06222			LONINKCB_06222-0
LONINKCB_06223			LONINKCB_06223-0
LONINKCB_06224			LONINKCB_06224-0
LONINKCB_06225			LONINKCB_06225-0
LONINKCB_06226			LONINKCB_06226-0
LONINKCB_06227			LONINKCB_06227-0
LONINKCB_06228		4.34e-57	LONINKCB_06228-0
LONINKCB_06229			LONINKCB_06229-0
LONINKCB_06230	38358	1.37e-83	LONINKCB_06230-0
LONINKCB_06231			LONINKCB_06231-0
LONINKCB_06232			LONINKCB_06232-0
LONINKCB_06233			LONINKCB_06233-0
LONINKCB_06234			LONINKCB_06234-0
LONINKCB_06235		2.38e-51	LONINKCB_06235-0
LONINKCB_06236			LONINKCB_06236-0
LONINKCB_06237	35571	4.81e-48	LONINKCB_06237-0
LONINKCB_06238			LONINKCB_06238-0
LONINKCB_06239			LONINKCB_06239-0
LONINKCB_06240			LONINKCB_06240-0
LONINKCB_06241			LONINKCB_06241-0
LONINKCB_06242			LONINKCB_06242-0
LONINKCB_06243			LONINKCB_06243-0
LONINKCB_06244			LONINKCB_06244-0
LONINKCB_06245			LONINKCB_06245-0
LONINKCB_06246			LONINKCB_06246-0
LONINKCB_06247			LONINKCB_06247-0
LONINKCB_06248			LONINKCB_06248-0
LONINKCB_06249			LONINKCB_06249-0
LONINKCB_06250			LONINKCB_06250-0
LONINKCB_06251			LONINKCB_06251-0
LONINKCB_06252			LONINKCB_06252-0
LONINKCB_06253			LONINKCB_06253-0
LONINKCB_06254			LONINKCB_06254-0
LONINKCB_06255			LONINKCB_06255-0
LONINKCB_06256			LONINKCB_06256-0
LONINKCB_06257		3.71e-09	LONINKCB_06257-0
LONINKCB_06258			LONINKCB_06258-0
LONINKCB_06259			LONINKCB_06259-0
LONINKCB_06260			LONINKCB_06260-0
LONINKCB_06261			LONINKCB_06261-0
LONINKCB_06262			LONINKCB_06262-0
LONINKCB_06263			LONINKCB_06263-0
LONINKCB_06264			LONINKCB_06264-0
LONINKCB_06265			LONINKCB_06265-0
LONINKCB_06266			LONINKCB_06266-0
LONINKCB_06267			LONINKCB_06267-0
LONINKCB_06268			LONINKCB_06268-0
LONINKCB_06269			LONINKCB_06269-0
LONINKCB_06270			LONINKCB_06270-0
LONINKCB_06271			LONINKCB_06271-0
LONINKCB_06272			LONINKCB_06272-0
LONINKCB_06273			LONINKCB_06273-0
LONINKCB_06274			LONINKCB_06274-0
LONINKCB_06275			LONINKCB_06275-0
LONINKCB_06276			LONINKCB_06276-0
LONINKCB_06277			LONINKCB_06277-0
LONINKCB_06278			LONINKCB_06278-0
LONINKCB_06279			LONINKCB_06279-0
LONINKCB_06280			LONINKCB_06280-0
LONINKCB_06281			LONINKCB_06281-0
LONINKCB_06282			LONINKCB_06282-0
LONINKCB_06283			LONINKCB_06283-0
LONINKCB_06284		1.13e-13	LONINKCB_06284-0
LONINKCB_06285		6.33e-28	LONINKCB_06285-0
LONINKCB_06286			LONINKCB_06286-0
LONINKCB_06287			LONINKCB_06287-0
LONINKCB_06288		1.26e-28	LONINKCB_06288-0
LONINKCB_06289			LONINKCB_06289-0
LONINKCB_06290			LONINKCB_06290-0
LONINKCB_06291			LONINKCB_06291-0
LONINKCB_06292			LONINKCB_06292-0
LONINKCB_06293			LONINKCB_06293-0
LONINKCB_02785			LONINKCB_02785-0
LONINKCB_02786			LONINKCB_02786-0
LONINKCB_02787			LONINKCB_02787-0
LONINKCB_02788			LONINKCB_02788-0
LONINKCB_02789	35571	1.69e-102	LONINKCB_02789-0
LONINKCB_02790		4.01e-14	LONINKCB_02790-0
LONINKCB_02791	35571	4.89e-31	LONINKCB_02791-0
LONINKCB_02792			LONINKCB_02792-0
LONINKCB_02793			LONINKCB_02793-0
LONINKCB_02794			LONINKCB_02794-0
LONINKCB_02795			LONINKCB_02795-0
LONINKCB_02796			LONINKCB_02796-0
LONINKCB_02797			LONINKCB_02797-0
LONINKCB_02798			LONINKCB_02798-0
LONINKCB_02799			LONINKCB_02799-0
LONINKCB_02800			LONINKCB_02800-0
LONINKCB_02801			LONINKCB_02801-0
LONINKCB_02802			LONINKCB_02802-0
LONINKCB_02803			LONINKCB_02803-0
LONINKCB_02804			LONINKCB_02804-0
LONINKCB_02805			LONINKCB_02805-0
LONINKCB_02806			LONINKCB_02806-0
LONINKCB_02807			LONINKCB_02807-0
LONINKCB_02808			LONINKCB_02808-0
LONINKCB_02809			LONINKCB_02809-0
LONINKCB_02810			LONINKCB_02810-0
LONINKCB_02811			LONINKCB_02811-0
LONINKCB_02812			LONINKCB_02812-0
LONINKCB_02813			LONINKCB_02813-0
LONINKCB_02814			LONINKCB_02814-0
LONINKCB_02815			LONINKCB_02815-0
LONINKCB_02816			LONINKCB_02816-0
LONINKCB_02817			LONINKCB_02817-0
LONINKCB_02818			LONINKCB_02818-0
LONINKCB_02819			LONINKCB_02819-0
LONINKCB_02820			LONINKCB_02820-0
LONINKCB_02821			LONINKCB_02821-0
LONINKCB_02822	38358	3.49e-08	LONINKCB_02822-0
LONINKCB_02823		3.44e-19	LONINKCB_02823-0
LONINKCB_02824			LONINKCB_02824-0
LONINKCB_02825			LONINKCB_02825-0
LONINKCB_02826			LONINKCB_02826-0
LONINKCB_02827			LONINKCB_02827-0
LONINKCB_02828		3.52e-76	LONINKCB_02828-0
LONINKCB_02829			LONINKCB_02829-0
LONINKCB_02830		9.55e-44	LONINKCB_02830-0
LONINKCB_02831	35571	5.25e-58	LONINKCB_02831-0
LONINKCB_02832			LONINKCB_02832-0
LONINKCB_02833			LONINKCB_02833-0
LONINKCB_02834			LONINKCB_02834-0
LONINKCB_02835		3.28e-25	LONINKCB_02835-0
LONINKCB_02836		7.12e-27	LONINKCB_02836-0
LONINKCB_02837			LONINKCB_02837-0
LONINKCB_02838			LONINKCB_02838-0
LONINKCB_02839			LONINKCB_02839-0
LONINKCB_02840			LONINKCB_02840-0
LONINKCB_02841			LONINKCB_02841-0
LONINKCB_02842			LONINKCB_02842-0
LONINKCB_02843			LONINKCB_02843-0
LONINKCB_02844			LONINKCB_02844-0
LONINKCB_02845			LONINKCB_02845-0
LONINKCB_02846			LONINKCB_02846-0
LONINKCB_02847	35571	8.36e-226	LONINKCB_02847-0
LONINKCB_02848			LONINKCB_02848-0
LONINKCB_02849			LONINKCB_02849-0
LONINKCB_02850			LONINKCB_02850-0
LONINKCB_02851			LONINKCB_02851-0
LONINKCB_02852		4.91e-102	LONINKCB_02852-0
LONINKCB_02853			LONINKCB_02853-0
LONINKCB_02854			LONINKCB_02854-0
LONINKCB_02855			LONINKCB_02855-0
LONINKCB_02856	38358	7.95e-36	LONINKCB_02856-0
LONINKCB_02857	38358	6.02e-74	LONINKCB_02857-0
LONINKCB_02858	38358	2.52e-31	LONINKCB_02858-0
LONINKCB_02859	38358	5.83e-38	LONINKCB_02859-0
LONINKCB_02860	38358	2.00e-112	LONINKCB_02860-0
LONINKCB_02861			LONINKCB_02861-0
LONINKCB_02862			LONINKCB_02862-0
LONINKCB_02863			LONINKCB_02863-0
LONINKCB_02864			LONINKCB_02864-0
LONINKCB_02865			LONINKCB_02865-0
LONINKCB_02866			LONINKCB_02866-0
LONINKCB_02867			LONINKCB_02867-0
LONINKCB_02868			LONINKCB_02868-0
LONINKCB_02869			LONINKCB_02869-0
LONINKCB_02870	38358	5.22e-60	LONINKCB_02870-0
LONINKCB_02871			LONINKCB_02871-0
LONINKCB_02872			LONINKCB_02872-0
LONINKCB_02873			LONINKCB_02873-0
LONINKCB_02874	38358	1.19e-21	LONINKCB_02874-0
LONINKCB_02875	38358	6.23e-32	LONINKCB_02875-0
LONINKCB_02876	35571	1.13e-17	LONINKCB_02876-0
LONINKCB_02877			LONINKCB_02877-0
LONINKCB_02878		4.61e-31	LONINKCB_02878-0
LONINKCB_02879			LONINKCB_02879-0
LONINKCB_02880			LONINKCB_02880-0
LONINKCB_02881			LONINKCB_02881-0
LONINKCB_02882			LONINKCB_02882-0
LONINKCB_02883			LONINKCB_02883-0
LONINKCB_02884			LONINKCB_02884-0
LONINKCB_02885			LONINKCB_02885-0
LONINKCB_02886			LONINKCB_02886-0
LONINKCB_02887			LONINKCB_02887-0
LONINKCB_02888			LONINKCB_02888-0
LONINKCB_02889			LONINKCB_02889-0
LONINKCB_02890			LONINKCB_02890-0
LONINKCB_02891			LONINKCB_02891-0
LONINKCB_02892			LONINKCB_02892-0
LONINKCB_02893			LONINKCB_02893-0
LONINKCB_02894			LONINKCB_02894-0
LONINKCB_02895			LONINKCB_02895-0
LONINKCB_02896			LONINKCB_02896-0
LONINKCB_02897			LONINKCB_02897-0
LONINKCB_02898			LONINKCB_02898-0
LONINKCB_02899			LONINKCB_02899-0
LONINKCB_02900			LONINKCB_02900-0
LONINKCB_02901			LONINKCB_02901-0
LONINKCB_02902			LONINKCB_02902-0
LONINKCB_02903			LONINKCB_02903-0
LONINKCB_02904	35571	2.11e-15	LONINKCB_02904-0
LONINKCB_02905			LONINKCB_02905-0
LONINKCB_02906	35571	1.10e-25	LONINKCB_02906-0
LONINKCB_02907			LONINKCB_02907-0
LONINKCB_02908			LONINKCB_02908-0
LONINKCB_02909			LONINKCB_02909-0
LONINKCB_02910			LONINKCB_02910-0
LONINKCB_02911			LONINKCB_02911-0
LONINKCB_02912			LONINKCB_02912-0
LONINKCB_02913		3.37e-17	LONINKCB_02913-0
LONINKCB_02914	35571	3.77e-17	LONINKCB_02914-0
LONINKCB_02915			LONINKCB_02915-0
LONINKCB_02916			LONINKCB_02916-0
LONINKCB_02917			LONINKCB_02917-0
LONINKCB_02918			LONINKCB_02918-0
LONINKCB_02919			LONINKCB_02919-0
LONINKCB_02920			LONINKCB_02920-0
LONINKCB_02921			LONINKCB_02921-0
LONINKCB_02922			LONINKCB_02922-0
LONINKCB_02923		3.04e-37	LONINKCB_02923-0
LONINKCB_02924			LONINKCB_02924-0
LONINKCB_02925			LONINKCB_02925-0
LONINKCB_02926	35571	7.39e-43	LONINKCB_02926-0
LONINKCB_02927		3.39e-119	LONINKCB_02927-0
LONINKCB_02928			LONINKCB_02928-0
LONINKCB_02929			LONINKCB_02929-0
LONINKCB_02930	35571	9.82e-64	LONINKCB_02930-0
LONINKCB_02931			LONINKCB_02931-0
LONINKCB_02932			LONINKCB_02932-0
LONINKCB_02933	35571	2.87e-52	LONINKCB_02933-0
LONINKCB_02934	35571	1.17e-26	LONINKCB_02934-0
LONINKCB_02935	35571	2.21e-48	LONINKCB_02935-0
LONINKCB_02936		2.01e-28	LONINKCB_02936-0
LONINKCB_02937	35571	1.19e-25	LONINKCB_02937-0
LONINKCB_02938			LONINKCB_02938-0
LONINKCB_02939	35571	8.12e-108	LONINKCB_02939-0
LONINKCB_02940			LONINKCB_02940-0
LONINKCB_02941			LONINKCB_02941-0
LONINKCB_02942	35571	3.20e-46	LONINKCB_02942-0
LONINKCB_02943	35571	1.82e-39	LONINKCB_02943-0
LONINKCB_02944			LONINKCB_02944-0
LONINKCB_02945	38358	2.10e-27	LONINKCB_02945-0
LONINKCB_02946			LONINKCB_02946-0
LONINKCB_02947			LONINKCB_02947-0
LONINKCB_02948			LONINKCB_02948-0
LONINKCB_02949		4.59e-53	LONINKCB_02949-0
LONINKCB_02950		7.12e-259	LONINKCB_02950-0
LONINKCB_02951		3.74e-32	LONINKCB_02951-0
LONINKCB_02952			LONINKCB_02952-0
LONINKCB_02953			LONINKCB_02953-0
LONINKCB_02954			LONINKCB_02954-0
LONINKCB_02955			LONINKCB_02955-0
LONINKCB_02956			LONINKCB_02956-0
LONINKCB_02957		8.25e-62	LONINKCB_02957-0
LONINKCB_02958			LONINKCB_02958-0
LONINKCB_02959			LONINKCB_02959-0
LONINKCB_02960			LONINKCB_02960-0
LONINKCB_02961	35571	3.69e-254	LONINKCB_02961-0
LONINKCB_02962			LONINKCB_02962-0
LONINKCB_02963	35571	7.88e-74	LONINKCB_02963-0
LONINKCB_02964			LONINKCB_02964-0
LONINKCB_02965		6.01e-37	LONINKCB_02965-0
LONINKCB_02966		7.07e-168	LONINKCB_02966-0
LONINKCB_02967		4.57e-15	LONINKCB_02967-0
LONINKCB_02968		1.03e-93	LONINKCB_02968-0
LONINKCB_02969	35571	5.31e-81	LONINKCB_02969-0
LONINKCB_02970			LONINKCB_02970-0
LONINKCB_02971		1.12e-51	LONINKCB_02971-0
LONINKCB_02972		1.38e-70	LONINKCB_02972-0
LONINKCB_02973			LONINKCB_02973-0
LONINKCB_02974			LONINKCB_02974-0
LONINKCB_02975			LONINKCB_02975-0
LONINKCB_02976			LONINKCB_02976-0
LONINKCB_02977			LONINKCB_02977-0
LONINKCB_02978			LONINKCB_02978-0
LONINKCB_02979			LONINKCB_02979-0
LONINKCB_02980			LONINKCB_02980-0
LONINKCB_02981			LONINKCB_02981-0
LONINKCB_02982			LONINKCB_02982-0
LONINKCB_02983			LONINKCB_02983-0
LONINKCB_02984			LONINKCB_02984-0
LONINKCB_02985			LONINKCB_02985-0
LONINKCB_02986			LONINKCB_02986-0
LONINKCB_02987			LONINKCB_02987-0
LONINKCB_02988			LONINKCB_02988-0
LONINKCB_02989			LONINKCB_02989-0
LONINKCB_02990			LONINKCB_02990-0
LONINKCB_02991			LONINKCB_02991-0
LONINKCB_02992	38358	1.67e-63	LONINKCB_02992-0
LONINKCB_02993			LONINKCB_02993-0
LONINKCB_02994			LONINKCB_02994-0
LONINKCB_02995			LONINKCB_02995-0
LONINKCB_02996			LONINKCB_02996-0
LONINKCB_02997			LONINKCB_02997-0
LONINKCB_02998			LONINKCB_02998-0
LONINKCB_02999		3.29e-44	LONINKCB_02999-0
LONINKCB_03000	2	2.21e-14	LONINKCB_03000-0
LONINKCB_03001			LONINKCB_03001-0
LONINKCB_03002			LONINKCB_03002-0
LONINKCB_03003			LONINKCB_03003-0
LONINKCB_03004			LONINKCB_03004-0
LONINKCB_03005	35571	1.83e-36	LONINKCB_03005-0
LONINKCB_03006	35571	2.30e-37	LONINKCB_03006-0
LONINKCB_03007			LONINKCB_03007-0
LONINKCB_03008	35571	3.48e-64	LONINKCB_03008-0
LONINKCB_03009			LONINKCB_03009-0
LONINKCB_03010			LONINKCB_03010-0
LONINKCB_03011			LONINKCB_03011-0
LONINKCB_03012			LONINKCB_03012-0
LONINKCB_03013			LONINKCB_03013-0
LONINKCB_03014			LONINKCB_03014-0
LONINKCB_03015			LONINKCB_03015-0
LONINKCB_03016	38358	1.00e-04	LONINKCB_03016-0
LONINKCB_03017	38358	8.34e-23	LONINKCB_03017-0
LONINKCB_03018	38358	5.43e-95	LONINKCB_03018-0
LONINKCB_03019	38358	1.41e-22	LONINKCB_03019-0
LONINKCB_03020			LONINKCB_03020-0
LONINKCB_03021			LONINKCB_03021-0
LONINKCB_03022			LONINKCB_03022-0
LONINKCB_03023			LONINKCB_03023-0
LONINKCB_03024			LONINKCB_03024-0
LONINKCB_03025			LONINKCB_03025-0
LONINKCB_03026			LONINKCB_03026-0
LONINKCB_03027			LONINKCB_03027-0
LONINKCB_03028	38358	1.18e-75	LONINKCB_03028-0
LONINKCB_03029	38358	1.15e-34	LONINKCB_03029-0
LONINKCB_03030	38358	9.57e-11	LONINKCB_03030-0
LONINKCB_03031	38358	1.42e-109	LONINKCB_03031-0
LONINKCB_03032	38358	5.43e-16	LONINKCB_03032-0
LONINKCB_03033	38358	3.46e-59	LONINKCB_03033-0
LONINKCB_03034	35572	8.23e-08	LONINKCB_03034-0
LONINKCB_03035			LONINKCB_03035-0
LONINKCB_03036			LONINKCB_03036-0
LONINKCB_03037			LONINKCB_03037-0
LONINKCB_03038			LONINKCB_03038-0
LONINKCB_03039			LONINKCB_03039-0
LONINKCB_03040	38358	8.36e-35	LONINKCB_03040-0
LONINKCB_03041	38358	3.84e-91	LONINKCB_03041-0
LONINKCB_03042	38358	6.34e-70	LONINKCB_03042-0
LONINKCB_03043	1564500	3.22e-04	LONINKCB_03043-0
LONINKCB_03044			LONINKCB_03044-0
LONINKCB_03045			LONINKCB_03045-0
LONINKCB_03046			LONINKCB_03046-0
LONINKCB_03047			LONINKCB_03047-0
LONINKCB_03048			LONINKCB_03048-0
LONINKCB_03049			LONINKCB_03049-0
LONINKCB_03050			LONINKCB_03050-0
LONINKCB_03051			LONINKCB_03051-0
LONINKCB_03052			LONINKCB_03052-0
LONINKCB_03053		2.48e-34	LONINKCB_03053-0
LONINKCB_03054			LONINKCB_03054-0
LONINKCB_03055			LONINKCB_03055-0
LONINKCB_03056			LONINKCB_03056-0
LONINKCB_03057			LONINKCB_03057-0
LONINKCB_03058			LONINKCB_03058-0
LONINKCB_03059			LONINKCB_03059-0
LONINKCB_03060			LONINKCB_03060-0
LONINKCB_03061			LONINKCB_03061-0
LONINKCB_03062			LONINKCB_03062-0
LONINKCB_03063			LONINKCB_03063-0
LONINKCB_03064			LONINKCB_03064-0
LONINKCB_03065			LONINKCB_03065-0
LONINKCB_03066			LONINKCB_03066-0
LONINKCB_03067			LONINKCB_03067-0
LONINKCB_03068			LONINKCB_03068-0
LONINKCB_03069			LONINKCB_03069-0
LONINKCB_03070			LONINKCB_03070-0
LONINKCB_03071			LONINKCB_03071-0
LONINKCB_03072		1.11e-32	LONINKCB_03072-0
LONINKCB_03073	35571	2.58e-62	LONINKCB_03073-0
LONINKCB_03074	35571	4.45e-93	LONINKCB_03074-0
LONINKCB_03075	35571	9.72e-33	LONINKCB_03075-0
LONINKCB_03076			LONINKCB_03076-0
LONINKCB_03077			LONINKCB_03077-0
LONINKCB_03078	35571	3.76e-57	LONINKCB_03078-0
LONINKCB_03079			LONINKCB_03079-0
LONINKCB_03080		1.37e-62	LONINKCB_03080-0
LONINKCB_03081	38358	3.92e-58	LONINKCB_03081-0
LONINKCB_03082			LONINKCB_03082-0
LONINKCB_03083			LONINKCB_03083-0
LONINKCB_03084			LONINKCB_03084-0
LONINKCB_03085			LONINKCB_03085-0
LONINKCB_03086	35572	2.00e-10	LONINKCB_03086-0
LONINKCB_03087		1.56e-34	LONINKCB_03087-0
LONINKCB_03088			LONINKCB_03088-0
LONINKCB_03089			LONINKCB_03089-0
LONINKCB_03090	1564500	1.87e-49	LONINKCB_03090-0
LONINKCB_03091		0.0	LONINKCB_03091-0
LONINKCB_03092	35571	5.02e-134	LONINKCB_03092-0
LONINKCB_03093			LONINKCB_03093-0
LONINKCB_03094			LONINKCB_03094-0
LONINKCB_03095			LONINKCB_03095-0
LONINKCB_03096	38358	1.50e-122	LONINKCB_03096-0
LONINKCB_03097			LONINKCB_03097-0
LONINKCB_03098	35571	4.85e-110	LONINKCB_03098-0
LONINKCB_03099		2.57e-90	LONINKCB_03099-0
LONINKCB_03100		0.0	LONINKCB_03100-0
LONINKCB_03101			LONINKCB_03101-0
LONINKCB_03102		1.88e-39	LONINKCB_03102-0
LONINKCB_03103	35571	3.75e-35	LONINKCB_03103-0
LONINKCB_03104			LONINKCB_03104-0
LONINKCB_03105			LONINKCB_03105-0
LONINKCB_03106			LONINKCB_03106-0
LONINKCB_03107			LONINKCB_03107-0
LONINKCB_03108	35572	2.46e-20	LONINKCB_03108-0
LONINKCB_03109			LONINKCB_03109-0
LONINKCB_03110			LONINKCB_03110-0
LONINKCB_03111	38358	6.56e-199	LONINKCB_03111-0
LONINKCB_03112		8.35e-122	LONINKCB_03112-0
LONINKCB_03113			LONINKCB_03113-0
LONINKCB_03114			LONINKCB_03114-0
LONINKCB_03115			LONINKCB_03115-0
LONINKCB_03116			LONINKCB_03116-0
LONINKCB_03117			LONINKCB_03117-0
LONINKCB_03118			LONINKCB_03118-0
LONINKCB_03119			LONINKCB_03119-0
LONINKCB_03120			LONINKCB_03120-0
LONINKCB_03121			LONINKCB_03121-0
LONINKCB_03122			LONINKCB_03122-0
LONINKCB_03123			LONINKCB_03123-0
LONINKCB_03124			LONINKCB_03124-0
LONINKCB_03125			LONINKCB_03125-0
LONINKCB_03126			LONINKCB_03126-0
LONINKCB_03127	35571	3.58e-149	LONINKCB_03127-0
LONINKCB_03128			LONINKCB_03128-0
LONINKCB_03129			LONINKCB_03129-0
LONINKCB_03130			LONINKCB_03130-0
LONINKCB_03131			LONINKCB_03131-0
LONINKCB_03132	38358	5.26e-56	LONINKCB_03132-0
LONINKCB_03133			LONINKCB_03133-0
LONINKCB_03134			LONINKCB_03134-0
LONINKCB_03135			LONINKCB_03135-0
LONINKCB_03136			LONINKCB_03136-0
LONINKCB_03137			LONINKCB_03137-0
LONINKCB_03138			LONINKCB_03138-0
LONINKCB_03139			LONINKCB_03139-0
LONINKCB_03140			LONINKCB_03140-0
LONINKCB_03141			LONINKCB_03141-0
LONINKCB_03142			LONINKCB_03142-0
LONINKCB_03143			LONINKCB_03143-0
LONINKCB_03144			LONINKCB_03144-0
LONINKCB_03145			LONINKCB_03145-0
LONINKCB_03146			LONINKCB_03146-0
LONINKCB_03147			LONINKCB_03147-0
LONINKCB_03148	609295	4.60e-04	LONINKCB_03148-0
LONINKCB_03149		5.82e-50	LONINKCB_03149-0
LONINKCB_03150			LONINKCB_03150-0
LONINKCB_03151			LONINKCB_03151-0
LONINKCB_03152			LONINKCB_03152-0
LONINKCB_03153		3.27e-36	LONINKCB_03153-0
LONINKCB_03154			LONINKCB_03154-0
LONINKCB_03155			LONINKCB_03155-0
LONINKCB_03156			LONINKCB_03156-0
LONINKCB_03157			LONINKCB_03157-0
LONINKCB_03158			LONINKCB_03158-0
LONINKCB_03159			LONINKCB_03159-0
LONINKCB_03160	35571	1.22e-15	LONINKCB_03160-0
LONINKCB_03161			LONINKCB_03161-0
LONINKCB_03162			LONINKCB_03162-0
LONINKCB_03163			LONINKCB_03163-0
LONINKCB_03164			LONINKCB_03164-0
LONINKCB_03165			LONINKCB_03165-0
LONINKCB_03166			LONINKCB_03166-0
LONINKCB_03167			LONINKCB_03167-0
LONINKCB_03168			LONINKCB_03168-0
LONINKCB_03169			LONINKCB_03169-0
LONINKCB_03170			LONINKCB_03170-0
LONINKCB_03171			LONINKCB_03171-0
LONINKCB_03172			LONINKCB_03172-0
LONINKCB_03173			LONINKCB_03173-0
LONINKCB_03174		3.28e-18	LONINKCB_03174-0
LONINKCB_03175		4.53e-24	LONINKCB_03175-0
LONINKCB_03176			LONINKCB_03176-0
LONINKCB_03177		1.38e-31	LONINKCB_03177-0
LONINKCB_03178		6.35e-06	LONINKCB_03178-0
LONINKCB_03179		1.01e-57	LONINKCB_03179-0
LONINKCB_03180			LONINKCB_03180-0
LONINKCB_03181		2.35e-30	LONINKCB_03181-0
LONINKCB_03182		2.15e-51	LONINKCB_03182-0
LONINKCB_03183		1.48e-13	LONINKCB_03183-0
LONINKCB_03184			LONINKCB_03184-0
LONINKCB_03185			LONINKCB_03185-0
LONINKCB_03186			LONINKCB_03186-0
LONINKCB_03187			LONINKCB_03187-0
LONINKCB_03188			LONINKCB_03188-0
LONINKCB_03189			LONINKCB_03189-0
LONINKCB_03190			LONINKCB_03190-0
LONINKCB_03191			LONINKCB_03191-0
LONINKCB_03192			LONINKCB_03192-0
LONINKCB_03193			LONINKCB_03193-0
LONINKCB_03194			LONINKCB_03194-0
LONINKCB_03195		4.38e-10	LONINKCB_03195-0
LONINKCB_03196			LONINKCB_03196-0
LONINKCB_03197		1.06e-23	LONINKCB_03197-0
LONINKCB_03198		4.30e-61	LONINKCB_03198-0
LONINKCB_03199			LONINKCB_03199-0
LONINKCB_03200			LONINKCB_03200-0
LONINKCB_03201			LONINKCB_03201-0
LONINKCB_03202			LONINKCB_03202-0
LONINKCB_03203		4.82e-87	LONINKCB_03203-0
LONINKCB_03204		8.31e-22	LONINKCB_03204-0
LONINKCB_03205		4.53e-121	LONINKCB_03205-0
LONINKCB_03206			LONINKCB_03206-0
LONINKCB_03207			LONINKCB_03207-0
LONINKCB_03208			LONINKCB_03208-0
LONINKCB_03209	35571	1.08e-53	LONINKCB_03209-0
LONINKCB_03210		6.45e-27	LONINKCB_03210-0
LONINKCB_03211	35571	1.05e-37	LONINKCB_03211-0
LONINKCB_03212	35571	1.92e-27	LONINKCB_03212-0
LONINKCB_03213		3.85e-27	LONINKCB_03213-0
LONINKCB_03214	35571	1.35e-76	LONINKCB_03214-0
LONINKCB_03215			LONINKCB_03215-0
LONINKCB_03216		1.92e-43	LONINKCB_03216-0
LONINKCB_03217		3.64e-34	LONINKCB_03217-0
LONINKCB_03218	35571	8.05e-64	LONINKCB_03218-0
LONINKCB_03219			LONINKCB_03219-0
LONINKCB_03220		9.40e-88	LONINKCB_03220-0
LONINKCB_03221			LONINKCB_03221-0
LONINKCB_03222			LONINKCB_03222-0
LONINKCB_03223	35571	2.54e-38	LONINKCB_03223-0
LONINKCB_03224		1.92e-58	LONINKCB_03224-0
LONINKCB_03225		2.11e-34	LONINKCB_03225-0
LONINKCB_03226	35571	4.76e-36	LONINKCB_03226-0
LONINKCB_03227	38358	2.31e-50	LONINKCB_03227-0
LONINKCB_03228			LONINKCB_03228-0
LONINKCB_03229			LONINKCB_03229-0
LONINKCB_03230			LONINKCB_03230-0
LONINKCB_03231			LONINKCB_03231-0
LONINKCB_03232			LONINKCB_03232-0
LONINKCB_03233			LONINKCB_03233-0
LONINKCB_03234			LONINKCB_03234-0
LONINKCB_03235			LONINKCB_03235-0
LONINKCB_03236			LONINKCB_03236-0
LONINKCB_03237			LONINKCB_03237-0
LONINKCB_03238			LONINKCB_03238-0
LONINKCB_03239		4.52e-168	LONINKCB_03239-0
LONINKCB_03240		1.76e-50	LONINKCB_03240-0
LONINKCB_03241		2.29e-32	LONINKCB_03241-0
LONINKCB_03242	35571	1.45e-135	LONINKCB_03242-0
LONINKCB_03243			LONINKCB_03243-0
LONINKCB_03244			LONINKCB_03244-0
LONINKCB_08847	38358	1.62e-21	LONINKCB_08847-0
LONINKCB_08848			LONINKCB_08848-0
LONINKCB_08849			LONINKCB_08849-0
LONINKCB_08850			LONINKCB_08850-0
LONINKCB_08851			LONINKCB_08851-0
LONINKCB_08852			LONINKCB_08852-0
LONINKCB_08853			LONINKCB_08853-0
LONINKCB_08854			LONINKCB_08854-0
LONINKCB_08855			LONINKCB_08855-0
LONINKCB_08856			LONINKCB_08856-0
LONINKCB_08857			LONINKCB_08857-0
LONINKCB_08858			LONINKCB_08858-0
LONINKCB_08859			LONINKCB_08859-0
LONINKCB_08860			LONINKCB_08860-0
LONINKCB_08861			LONINKCB_08861-0
LONINKCB_08862			LONINKCB_08862-0
LONINKCB_08863			LONINKCB_08863-0
LONINKCB_08864			LONINKCB_08864-0
LONINKCB_08865			LONINKCB_08865-0
LONINKCB_08866			LONINKCB_08866-0
LONINKCB_08867			LONINKCB_08867-0
LONINKCB_08868			LONINKCB_08868-0
LONINKCB_08869			LONINKCB_08869-0
LONINKCB_08870			LONINKCB_08870-0
LONINKCB_08871			LONINKCB_08871-0
LONINKCB_08872			LONINKCB_08872-0
LONINKCB_08873			LONINKCB_08873-0
LONINKCB_08874			LONINKCB_08874-0
LONINKCB_08875			LONINKCB_08875-0
LONINKCB_08876			LONINKCB_08876-0
LONINKCB_08877			LONINKCB_08877-0
LONINKCB_08878			LONINKCB_08878-0
LONINKCB_08879			LONINKCB_08879-0
LONINKCB_08880			LONINKCB_08880-0
LONINKCB_08881	2	7.53e-14	LONINKCB_08881-0
LONINKCB_08882	1586481	1.88e-05	LONINKCB_08882-0
LONINKCB_08883	2	2.23e-35	LONINKCB_08883-0
LONINKCB_08884	38358	2.52e-42	LONINKCB_08884-0
LONINKCB_08885			LONINKCB_08885-0
LONINKCB_08886			LONINKCB_08886-0
LONINKCB_08887			LONINKCB_08887-0
LONINKCB_08888		7.47e-14	LONINKCB_08888-0
LONINKCB_08889			LONINKCB_08889-0
LONINKCB_08890			LONINKCB_08890-0
LONINKCB_08891			LONINKCB_08891-0
LONINKCB_08892			LONINKCB_08892-0
LONINKCB_08893			LONINKCB_08893-0
LONINKCB_08894			LONINKCB_08894-0
LONINKCB_08895			LONINKCB_08895-0
LONINKCB_08896			LONINKCB_08896-0
LONINKCB_08897			LONINKCB_08897-0
LONINKCB_08898			LONINKCB_08898-0
LONINKCB_08899			LONINKCB_08899-0
LONINKCB_08900			LONINKCB_08900-0
LONINKCB_08901			LONINKCB_08901-0
LONINKCB_08902			LONINKCB_08902-0
LONINKCB_08903		9.24e-05	LONINKCB_08903-0
LONINKCB_08904	38358	2.55e-33	LONINKCB_08904-0
LONINKCB_08905			LONINKCB_08905-0
LONINKCB_08906			LONINKCB_08906-0
LONINKCB_08907			LONINKCB_08907-0
LONINKCB_08908			LONINKCB_08908-0
LONINKCB_08909			LONINKCB_08909-0
LONINKCB_08910			LONINKCB_08910-0
LONINKCB_08911			LONINKCB_08911-0
LONINKCB_08912			LONINKCB_08912-0
LONINKCB_08913			LONINKCB_08913-0
LONINKCB_08914			LONINKCB_08914-0
LONINKCB_08915			LONINKCB_08915-0
LONINKCB_08916			LONINKCB_08916-0
LONINKCB_08917			LONINKCB_08917-0
LONINKCB_08918			LONINKCB_08918-0
LONINKCB_08919			LONINKCB_08919-0
LONINKCB_08920		3.13e-52	LONINKCB_08920-0
LONINKCB_08921			LONINKCB_08921-0
LONINKCB_08922			LONINKCB_08922-0
LONINKCB_08923			LONINKCB_08923-0
LONINKCB_08924			LONINKCB_08924-0
LONINKCB_08925			LONINKCB_08925-0
LONINKCB_08926			LONINKCB_08926-0
LONINKCB_08927			LONINKCB_08927-0
LONINKCB_08928			LONINKCB_08928-0
LONINKCB_08929			LONINKCB_08929-0
LONINKCB_08930			LONINKCB_08930-0
LONINKCB_08931			LONINKCB_08931-0
LONINKCB_08932			LONINKCB_08932-0
LONINKCB_08933			LONINKCB_08933-0
LONINKCB_08934			LONINKCB_08934-0
LONINKCB_08935			LONINKCB_08935-0
LONINKCB_08936			LONINKCB_08936-0
LONINKCB_08937			LONINKCB_08937-0
LONINKCB_08938			LONINKCB_08938-0
LONINKCB_08939			LONINKCB_08939-0
LONINKCB_08940			LONINKCB_08940-0
LONINKCB_08941			LONINKCB_08941-0
LONINKCB_08942			LONINKCB_08942-0
LONINKCB_08943			LONINKCB_08943-0
LONINKCB_08944		2.05e-07	LONINKCB_08944-0
LONINKCB_08945			LONINKCB_08945-0
LONINKCB_08946			LONINKCB_08946-0
LONINKCB_08947			LONINKCB_08947-0
LONINKCB_08948			LONINKCB_08948-0
LONINKCB_08949			LONINKCB_08949-0
LONINKCB_08950			LONINKCB_08950-0
LONINKCB_08951			LONINKCB_08951-0
LONINKCB_08952			LONINKCB_08952-0
LONINKCB_08953			LONINKCB_08953-0
LONINKCB_08954	35571	4.67e-38	LONINKCB_08954-0
LONINKCB_08955		9.35e-09	LONINKCB_08955-0
LONINKCB_08956		5.48e-124	LONINKCB_08956-0
LONINKCB_08957			LONINKCB_08957-0
LONINKCB_08958			LONINKCB_08958-0
LONINKCB_08959			LONINKCB_08959-0
LONINKCB_08960			LONINKCB_08960-0
LONINKCB_08961			LONINKCB_08961-0
LONINKCB_08962			LONINKCB_08962-0
LONINKCB_08963			LONINKCB_08963-0
LONINKCB_08964			LONINKCB_08964-0
LONINKCB_08965			LONINKCB_08965-0
LONINKCB_08966			LONINKCB_08966-0
LONINKCB_08967			LONINKCB_08967-0
LONINKCB_08968			LONINKCB_08968-0
LONINKCB_08969			LONINKCB_08969-0
LONINKCB_08970			LONINKCB_08970-0
LONINKCB_08971			LONINKCB_08971-0
LONINKCB_08972			LONINKCB_08972-0
LONINKCB_08973			LONINKCB_08973-0
LONINKCB_08974	38358	1.93e-46	LONINKCB_08974-0
LONINKCB_08975			LONINKCB_08975-0
LONINKCB_08976			LONINKCB_08976-0
LONINKCB_08977			LONINKCB_08977-0
LONINKCB_08978			LONINKCB_08978-0
LONINKCB_08979			LONINKCB_08979-0
LONINKCB_08980			LONINKCB_08980-0
LONINKCB_08981			LONINKCB_08981-0
LONINKCB_08982			LONINKCB_08982-0
LONINKCB_08983			LONINKCB_08983-0
LONINKCB_08984			LONINKCB_08984-0
LONINKCB_08985			LONINKCB_08985-0
LONINKCB_08986			LONINKCB_08986-0
LONINKCB_08987			LONINKCB_08987-0
LONINKCB_08988			LONINKCB_08988-0
LONINKCB_08989			LONINKCB_08989-0
LONINKCB_08990			LONINKCB_08990-0
LONINKCB_08991			LONINKCB_08991-0
LONINKCB_08992			LONINKCB_08992-0
LONINKCB_08993			LONINKCB_08993-0
LONINKCB_08994			LONINKCB_08994-0
LONINKCB_08995			LONINKCB_08995-0
LONINKCB_08996			LONINKCB_08996-0
LONINKCB_08997			LONINKCB_08997-0
LONINKCB_08998			LONINKCB_08998-0
LONINKCB_08999			LONINKCB_08999-0
LONINKCB_09000			LONINKCB_09000-0
LONINKCB_09001			LONINKCB_09001-0
LONINKCB_09002			LONINKCB_09002-0
LONINKCB_09003			LONINKCB_09003-0
LONINKCB_09004			LONINKCB_09004-0
LONINKCB_09005			LONINKCB_09005-0
LONINKCB_09006			LONINKCB_09006-0
LONINKCB_09007			LONINKCB_09007-0
LONINKCB_09008			LONINKCB_09008-0
LONINKCB_09009			LONINKCB_09009-0
LONINKCB_09010	35571	7.35e-81	LONINKCB_09010-0
LONINKCB_09011		7.67e-27	LONINKCB_09011-0
LONINKCB_09012		1.82e-33	LONINKCB_09012-0
LONINKCB_09013			LONINKCB_09013-0
LONINKCB_09014			LONINKCB_09014-0
LONINKCB_09015			LONINKCB_09015-0
LONINKCB_09016			LONINKCB_09016-0
LONINKCB_09017			LONINKCB_09017-0
LONINKCB_09018			LONINKCB_09018-0
LONINKCB_09019			LONINKCB_09019-0
LONINKCB_09020			LONINKCB_09020-0
LONINKCB_09021			LONINKCB_09021-0
LONINKCB_09022			LONINKCB_09022-0
LONINKCB_09023			LONINKCB_09023-0
LONINKCB_09024			LONINKCB_09024-0
LONINKCB_09025			LONINKCB_09025-0
LONINKCB_09026			LONINKCB_09026-0
LONINKCB_09027			LONINKCB_09027-0
LONINKCB_09028			LONINKCB_09028-0
LONINKCB_09029	2	9.20e-39	LONINKCB_09029-0
LONINKCB_09030			LONINKCB_09030-0
LONINKCB_09031			LONINKCB_09031-0
LONINKCB_09032	1564500	3.04e-24	LONINKCB_09032-0
LONINKCB_09033	1564500	7.19e-04	LONINKCB_09033-0
LONINKCB_09034			LONINKCB_09034-0
LONINKCB_09035			LONINKCB_09035-0
LONINKCB_09036			LONINKCB_09036-0
LONINKCB_09037			LONINKCB_09037-0
LONINKCB_09038			LONINKCB_09038-0
LONINKCB_09039		3.88e-30	LONINKCB_09039-0
LONINKCB_09040			LONINKCB_09040-0
LONINKCB_09041	38358	9.97e-31	LONINKCB_09041-0
LONINKCB_09042			LONINKCB_09042-0
LONINKCB_09043			LONINKCB_09043-0
LONINKCB_09044			LONINKCB_09044-0
LONINKCB_09045			LONINKCB_09045-0
LONINKCB_09046			LONINKCB_09046-0
LONINKCB_09047			LONINKCB_09047-0
LONINKCB_09048			LONINKCB_09048-0
LONINKCB_09049			LONINKCB_09049-0
LONINKCB_09050			LONINKCB_09050-0
LONINKCB_09051			LONINKCB_09051-0
LONINKCB_09052	131567	1.98e-46	LONINKCB_09052-0
LONINKCB_09053	35571	1.60e-24	LONINKCB_09053-0
LONINKCB_09054			LONINKCB_09054-0
LONINKCB_09055			LONINKCB_09055-0
LONINKCB_09056			LONINKCB_09056-0
LONINKCB_09057			LONINKCB_09057-0
LONINKCB_09058			LONINKCB_09058-0
LONINKCB_09059			LONINKCB_09059-0
LONINKCB_09060			LONINKCB_09060-0
LONINKCB_09061			LONINKCB_09061-0
LONINKCB_09062			LONINKCB_09062-0
LONINKCB_09063			LONINKCB_09063-0
LONINKCB_09064			LONINKCB_09064-0
LONINKCB_09065			LONINKCB_09065-0
LONINKCB_09066			LONINKCB_09066-0
LONINKCB_09067			LONINKCB_09067-0
LONINKCB_09068			LONINKCB_09068-0
LONINKCB_09069			LONINKCB_09069-0
LONINKCB_09070			LONINKCB_09070-0
LONINKCB_09071			LONINKCB_09071-0
LONINKCB_09072			LONINKCB_09072-0
LONINKCB_09073			LONINKCB_09073-0
LONINKCB_09074			LONINKCB_09074-0
LONINKCB_09075			LONINKCB_09075-0
LONINKCB_09076			LONINKCB_09076-0
LONINKCB_09077			LONINKCB_09077-0
LONINKCB_09078			LONINKCB_09078-0
LONINKCB_09079			LONINKCB_09079-0
LONINKCB_09080			LONINKCB_09080-0
LONINKCB_09081			LONINKCB_09081-0
LONINKCB_09082	348720	4.46e-04	LONINKCB_09082-0
LONINKCB_09083			LONINKCB_09083-0
LONINKCB_09084	28612	8.16e-04	LONINKCB_09084-0
LONINKCB_09085			LONINKCB_09085-0
LONINKCB_09086			LONINKCB_09086-0
LONINKCB_09087			LONINKCB_09087-0
LONINKCB_09088			LONINKCB_09088-0
LONINKCB_09089			LONINKCB_09089-0
LONINKCB_09090			LONINKCB_09090-0
LONINKCB_09091			LONINKCB_09091-0
LONINKCB_09092			LONINKCB_09092-0
LONINKCB_09093	35571	2.98e-08	LONINKCB_09093-0
LONINKCB_09094	35571	7.31e-99	LONINKCB_09094-0
LONINKCB_09095	35571	4.30e-21	LONINKCB_09095-0
LONINKCB_09096	35571	7.06e-46	LONINKCB_09096-0
LONINKCB_09097			LONINKCB_09097-0
LONINKCB_09098			LONINKCB_09098-0
LONINKCB_09099			LONINKCB_09099-0
LONINKCB_09100			LONINKCB_09100-0
LONINKCB_09101			LONINKCB_09101-0
LONINKCB_09102			LONINKCB_09102-0
LONINKCB_09103			LONINKCB_09103-0
LONINKCB_09104			LONINKCB_09104-0
LONINKCB_09105			LONINKCB_09105-0
LONINKCB_09106			LONINKCB_09106-0
LONINKCB_09107			LONINKCB_09107-0
LONINKCB_09108			LONINKCB_09108-0
LONINKCB_09109	1564500	9.19e-09	LONINKCB_09109-0
LONINKCB_09110			LONINKCB_09110-0
LONINKCB_09111			LONINKCB_09111-0
LONINKCB_09112			LONINKCB_09112-0
LONINKCB_09113			LONINKCB_09113-0
LONINKCB_09114			LONINKCB_09114-0
LONINKCB_09115	38358	5.36e-11	LONINKCB_09115-0
LONINKCB_09116			LONINKCB_09116-0
LONINKCB_09117			LONINKCB_09117-0
LONINKCB_09118			LONINKCB_09118-0
LONINKCB_09119			LONINKCB_09119-0
LONINKCB_09120			LONINKCB_09120-0
LONINKCB_09121			LONINKCB_09121-0
LONINKCB_09122			LONINKCB_09122-0
LONINKCB_09123	38358	3.53e-33	LONINKCB_09123-0
LONINKCB_09124			LONINKCB_09124-0
LONINKCB_09125			LONINKCB_09125-0
LONINKCB_09126			LONINKCB_09126-0
LONINKCB_09127			LONINKCB_09127-0
LONINKCB_09128			LONINKCB_09128-0
LONINKCB_09129			LONINKCB_09129-0
LONINKCB_09130			LONINKCB_09130-0
LONINKCB_09131			LONINKCB_09131-0
LONINKCB_09132			LONINKCB_09132-0
LONINKCB_09133			LONINKCB_09133-0
LONINKCB_09134			LONINKCB_09134-0
LONINKCB_09135			LONINKCB_09135-0
LONINKCB_09136			LONINKCB_09136-0
LONINKCB_09137			LONINKCB_09137-0
LONINKCB_09138			LONINKCB_09138-0
LONINKCB_09139			LONINKCB_09139-0
LONINKCB_09140			LONINKCB_09140-0
LONINKCB_09141			LONINKCB_09141-0
LONINKCB_09142			LONINKCB_09142-0
LONINKCB_09143			LONINKCB_09143-0
LONINKCB_09144			LONINKCB_09144-0
LONINKCB_09145			LONINKCB_09145-0
LONINKCB_09146			LONINKCB_09146-0
LONINKCB_09147			LONINKCB_09147-0
LONINKCB_09148			LONINKCB_09148-0
LONINKCB_09149			LONINKCB_09149-0
LONINKCB_09150			LONINKCB_09150-0
LONINKCB_09151			LONINKCB_09151-0
LONINKCB_09152			LONINKCB_09152-0
LONINKCB_09153			LONINKCB_09153-0
LONINKCB_09154			LONINKCB_09154-0
LONINKCB_09155			LONINKCB_09155-0
LONINKCB_09156			LONINKCB_09156-0
LONINKCB_09157			LONINKCB_09157-0
LONINKCB_09158			LONINKCB_09158-0
LONINKCB_09159			LONINKCB_09159-0
LONINKCB_09160			LONINKCB_09160-0
LONINKCB_09161			LONINKCB_09161-0
LONINKCB_09162			LONINKCB_09162-0
LONINKCB_09163			LONINKCB_09163-0
LONINKCB_09164			LONINKCB_09164-0
LONINKCB_09165			LONINKCB_09165-0
LONINKCB_09166			LONINKCB_09166-0
LONINKCB_09167			LONINKCB_09167-0
LONINKCB_09168			LONINKCB_09168-0
LONINKCB_09169			LONINKCB_09169-0
LONINKCB_09170			LONINKCB_09170-0
LONINKCB_09171		3.52e-55	LONINKCB_09171-0
LONINKCB_09172			LONINKCB_09172-0
LONINKCB_09173			LONINKCB_09173-0
LONINKCB_09174			LONINKCB_09174-0
LONINKCB_09175			LONINKCB_09175-0
LONINKCB_09176			LONINKCB_09176-0
LONINKCB_09177			LONINKCB_09177-0
LONINKCB_09178			LONINKCB_09178-0
LONINKCB_09179			LONINKCB_09179-0
LONINKCB_09180			LONINKCB_09180-0
LONINKCB_09181			LONINKCB_09181-0
LONINKCB_09182			LONINKCB_09182-0
LONINKCB_07638			LONINKCB_07638-0
LONINKCB_07639			LONINKCB_07639-0
LONINKCB_07640			LONINKCB_07640-0
LONINKCB_07641			LONINKCB_07641-0
LONINKCB_07642			LONINKCB_07642-0
LONINKCB_07643			LONINKCB_07643-0
LONINKCB_07644			LONINKCB_07644-0
LONINKCB_07645			LONINKCB_07645-0
LONINKCB_07646			LONINKCB_07646-0
LONINKCB_07647			LONINKCB_07647-0
LONINKCB_07648			LONINKCB_07648-0
LONINKCB_07649			LONINKCB_07649-0
LONINKCB_07650			LONINKCB_07650-0
LONINKCB_07651			LONINKCB_07651-0
LONINKCB_07652			LONINKCB_07652-0
LONINKCB_07653			LONINKCB_07653-0
LONINKCB_07654	38358	1.22e-07	LONINKCB_07654-0
LONINKCB_07655	38358	2.04e-101	LONINKCB_07655-0
LONINKCB_07656			LONINKCB_07656-0
LONINKCB_07657			LONINKCB_07657-0
LONINKCB_07658			LONINKCB_07658-0
LONINKCB_07659			LONINKCB_07659-0
LONINKCB_07660			LONINKCB_07660-0
LONINKCB_07661			LONINKCB_07661-0
LONINKCB_07662			LONINKCB_07662-0
LONINKCB_07663			LONINKCB_07663-0
LONINKCB_07664			LONINKCB_07664-0
LONINKCB_07665			LONINKCB_07665-0
LONINKCB_07666			LONINKCB_07666-0
LONINKCB_07667			LONINKCB_07667-0
LONINKCB_07668			LONINKCB_07668-0
LONINKCB_07669			LONINKCB_07669-0
LONINKCB_07670			LONINKCB_07670-0
LONINKCB_07671			LONINKCB_07671-0
LONINKCB_07672			LONINKCB_07672-0
LONINKCB_07673			LONINKCB_07673-0
LONINKCB_07674			LONINKCB_07674-0
LONINKCB_07675			LONINKCB_07675-0
LONINKCB_07676			LONINKCB_07676-0
LONINKCB_07677			LONINKCB_07677-0
LONINKCB_07678			LONINKCB_07678-0
LONINKCB_07679			LONINKCB_07679-0
LONINKCB_07680			LONINKCB_07680-0
LONINKCB_07681			LONINKCB_07681-0
LONINKCB_07682			LONINKCB_07682-0
LONINKCB_07683			LONINKCB_07683-0
LONINKCB_07684			LONINKCB_07684-0
LONINKCB_07685			LONINKCB_07685-0
LONINKCB_07686			LONINKCB_07686-0
LONINKCB_07687			LONINKCB_07687-0
LONINKCB_07688			LONINKCB_07688-0
LONINKCB_07689			LONINKCB_07689-0
LONINKCB_07690			LONINKCB_07690-0
LONINKCB_07691			LONINKCB_07691-0
LONINKCB_07692			LONINKCB_07692-0
LONINKCB_07693			LONINKCB_07693-0
LONINKCB_07694			LONINKCB_07694-0
LONINKCB_07695			LONINKCB_07695-0
LONINKCB_07696			LONINKCB_07696-0
LONINKCB_07697			LONINKCB_07697-0
LONINKCB_07698			LONINKCB_07698-0
LONINKCB_07699			LONINKCB_07699-0
LONINKCB_07700			LONINKCB_07700-0
LONINKCB_07701			LONINKCB_07701-0
LONINKCB_07702			LONINKCB_07702-0
LONINKCB_07703			LONINKCB_07703-0
LONINKCB_07704			LONINKCB_07704-0
LONINKCB_07705			LONINKCB_07705-0
LONINKCB_07706			LONINKCB_07706-0
LONINKCB_07707		1.14e-245	LONINKCB_07707-0
LONINKCB_07708			LONINKCB_07708-0
LONINKCB_07709			LONINKCB_07709-0
LONINKCB_07710			LONINKCB_07710-0
LONINKCB_07711			LONINKCB_07711-0
LONINKCB_07712			LONINKCB_07712-0
LONINKCB_07713	51655	8.37e-04	LONINKCB_07713-0
LONINKCB_07714			LONINKCB_07714-0
LONINKCB_07715			LONINKCB_07715-0
LONINKCB_07716	38358	2.42e-292	LONINKCB_07716-0
LONINKCB_07717			LONINKCB_07717-0
LONINKCB_07718			LONINKCB_07718-0
LONINKCB_07719			LONINKCB_07719-0
LONINKCB_07720			LONINKCB_07720-0
LONINKCB_07721			LONINKCB_07721-0
LONINKCB_07722		7.27e-90	LONINKCB_07722-0
LONINKCB_07723		3.20e-48	LONINKCB_07723-0
LONINKCB_07724	38358	2.72e-24	LONINKCB_07724-0
LONINKCB_07725	38358	2.05e-14	LONINKCB_07725-0
LONINKCB_07726			LONINKCB_07726-0
LONINKCB_07727			LONINKCB_07727-0
LONINKCB_07728			LONINKCB_07728-0
LONINKCB_07729			LONINKCB_07729-0
LONINKCB_07730			LONINKCB_07730-0
LONINKCB_07731			LONINKCB_07731-0
LONINKCB_07732			LONINKCB_07732-0
LONINKCB_07733			LONINKCB_07733-0
LONINKCB_07734			LONINKCB_07734-0
LONINKCB_07735			LONINKCB_07735-0
LONINKCB_07736		1.28e-107	LONINKCB_07736-0
LONINKCB_07737			LONINKCB_07737-0
LONINKCB_07738			LONINKCB_07738-0
LONINKCB_07739	35571	5.51e-76	LONINKCB_07739-0
LONINKCB_07740			LONINKCB_07740-0
LONINKCB_07741		1.74e-20	LONINKCB_07741-0
LONINKCB_07742			LONINKCB_07742-0
LONINKCB_07743		1.69e-32	LONINKCB_07743-0
LONINKCB_07744			LONINKCB_07744-0
LONINKCB_07745			LONINKCB_07745-0
LONINKCB_07746			LONINKCB_07746-0
LONINKCB_07747			LONINKCB_07747-0
LONINKCB_07748			LONINKCB_07748-0
LONINKCB_07749		2.00e-32	LONINKCB_07749-0
LONINKCB_07750			LONINKCB_07750-0
LONINKCB_07751			LONINKCB_07751-0
LONINKCB_07752			LONINKCB_07752-0
LONINKCB_07753			LONINKCB_07753-0
LONINKCB_07754			LONINKCB_07754-0
LONINKCB_07755			LONINKCB_07755-0
LONINKCB_07756			LONINKCB_07756-0
LONINKCB_07757			LONINKCB_07757-0
LONINKCB_07758			LONINKCB_07758-0
LONINKCB_07759	35571	0.0	LONINKCB_07759-0
LONINKCB_07760	35571	5.89e-97	LONINKCB_07760-0
LONINKCB_07761	35571	1.01e-62	LONINKCB_07761-0
LONINKCB_07762			LONINKCB_07762-0
LONINKCB_07763			LONINKCB_07763-0
LONINKCB_07764			LONINKCB_07764-0
LONINKCB_07765			LONINKCB_07765-0
LONINKCB_07766			LONINKCB_07766-0
LONINKCB_07767			LONINKCB_07767-0
LONINKCB_07768			LONINKCB_07768-0
LONINKCB_07769			LONINKCB_07769-0
LONINKCB_07770			LONINKCB_07770-0
LONINKCB_07771			LONINKCB_07771-0
LONINKCB_07772			LONINKCB_07772-0
LONINKCB_07773	35571	2.84e-66	LONINKCB_07773-0
LONINKCB_07774	35571	1.74e-94	LONINKCB_07774-0
LONINKCB_07775			LONINKCB_07775-0
LONINKCB_07776		3.46e-51	LONINKCB_07776-0
LONINKCB_07777		3.11e-27	LONINKCB_07777-0
LONINKCB_07778			LONINKCB_07778-0
LONINKCB_07779			LONINKCB_07779-0
LONINKCB_07780			LONINKCB_07780-0
LONINKCB_07781			LONINKCB_07781-0
LONINKCB_07782			LONINKCB_07782-0
LONINKCB_07783			LONINKCB_07783-0
LONINKCB_07784			LONINKCB_07784-0
LONINKCB_07785		4.76e-43	LONINKCB_07785-0
LONINKCB_07786			LONINKCB_07786-0
LONINKCB_07787			LONINKCB_07787-0
LONINKCB_07788			LONINKCB_07788-0
LONINKCB_07789	38358	2.37e-21	LONINKCB_07789-0
LONINKCB_07790			LONINKCB_07790-0
LONINKCB_07791			LONINKCB_07791-0
LONINKCB_07792	2	5.36e-83	LONINKCB_07792-0
LONINKCB_07793		2.91e-10	LONINKCB_07793-0
LONINKCB_07794	67767	2.33e-18	LONINKCB_07794-0
LONINKCB_07795			LONINKCB_07795-0
LONINKCB_07796	38358	9.98e-36	LONINKCB_07796-0
LONINKCB_07797	35571	1.79e-40	LONINKCB_07797-0
LONINKCB_07798	35571	1.05e-13	LONINKCB_07798-0
LONINKCB_07799	35571	2.38e-104	LONINKCB_07799-0
LONINKCB_07800	35571	5.13e-193	LONINKCB_07800-0
LONINKCB_07801	35571	4.81e-73	LONINKCB_07801-0
LONINKCB_07802			LONINKCB_07802-0
LONINKCB_07803			LONINKCB_07803-0
LONINKCB_07804			LONINKCB_07804-0
LONINKCB_07805			LONINKCB_07805-0
LONINKCB_07806			LONINKCB_07806-0
LONINKCB_07807			LONINKCB_07807-0
LONINKCB_07808			LONINKCB_07808-0
LONINKCB_07809			LONINKCB_07809-0
LONINKCB_07810			LONINKCB_07810-0
LONINKCB_07811			LONINKCB_07811-0
LONINKCB_07812			LONINKCB_07812-0
LONINKCB_07813			LONINKCB_07813-0
LONINKCB_07814			LONINKCB_07814-0
LONINKCB_07815			LONINKCB_07815-0
LONINKCB_07816			LONINKCB_07816-0
LONINKCB_07817			LONINKCB_07817-0
LONINKCB_07818			LONINKCB_07818-0
LONINKCB_07819			LONINKCB_07819-0
LONINKCB_07820			LONINKCB_07820-0
LONINKCB_07821			LONINKCB_07821-0
LONINKCB_07822			LONINKCB_07822-0
LONINKCB_07823		1.75e-100	LONINKCB_07823-0
LONINKCB_07824		1.58e-48	LONINKCB_07824-0
LONINKCB_07825			LONINKCB_07825-0
LONINKCB_07826			LONINKCB_07826-0
LONINKCB_07827			LONINKCB_07827-0
LONINKCB_07828			LONINKCB_07828-0
LONINKCB_07829			LONINKCB_07829-0
LONINKCB_07830	2	4.12e-16	LONINKCB_07830-0
LONINKCB_07831	50385	5.85e-55	LONINKCB_07831-0
LONINKCB_07832			LONINKCB_07832-0
LONINKCB_07833			LONINKCB_07833-0
LONINKCB_07834			LONINKCB_07834-0
LONINKCB_07835			LONINKCB_07835-0
LONINKCB_07836	35571	6.41e-40	LONINKCB_07836-0
LONINKCB_07837		1.69e-31	LONINKCB_07837-0
LONINKCB_07838			LONINKCB_07838-0
LONINKCB_07839	35571	6.60e-16	LONINKCB_07839-0
LONINKCB_07840	35571	3.09e-35	LONINKCB_07840-0
LONINKCB_07841			LONINKCB_07841-0
LONINKCB_07842			LONINKCB_07842-0
LONINKCB_07843			LONINKCB_07843-0
LONINKCB_07844	38358	8.11e-13	LONINKCB_07844-0
LONINKCB_07845	35571	1.18e-16	LONINKCB_07845-0
LONINKCB_07846	35571	1.08e-31	LONINKCB_07846-0
LONINKCB_07847	35571	4.83e-35	LONINKCB_07847-0
LONINKCB_07848	35571	2.28e-34	LONINKCB_07848-0
LONINKCB_07849			LONINKCB_07849-0
LONINKCB_07850			LONINKCB_07850-0
LONINKCB_07851	35571	1.73e-29	LONINKCB_07851-0
LONINKCB_07852			LONINKCB_07852-0
LONINKCB_07853	35571	1.81e-35	LONINKCB_07853-0
LONINKCB_07854	35571	4.40e-47	LONINKCB_07854-0
LONINKCB_07855	38358	4.48e-28	LONINKCB_07855-0
LONINKCB_07856			LONINKCB_07856-0
LONINKCB_07857			LONINKCB_07857-0
LONINKCB_07858			LONINKCB_07858-0
LONINKCB_07859			LONINKCB_07859-0
LONINKCB_07860			LONINKCB_07860-0
LONINKCB_07861			LONINKCB_07861-0
LONINKCB_07862			LONINKCB_07862-0
LONINKCB_07863			LONINKCB_07863-0
LONINKCB_07864			LONINKCB_07864-0
LONINKCB_07865			LONINKCB_07865-0
LONINKCB_07866	38358	2.50e-122	LONINKCB_07866-0
LONINKCB_07867	38358	5.70e-53	LONINKCB_07867-0
LONINKCB_07868			LONINKCB_07868-0
LONINKCB_07869			LONINKCB_07869-0
LONINKCB_07870	35571	2.35e-16	LONINKCB_07870-0
LONINKCB_07871			LONINKCB_07871-0
LONINKCB_07872	38358	1.59e-77	LONINKCB_07872-0
LONINKCB_07873	38358	1.86e-60	LONINKCB_07873-0
LONINKCB_07874	38358	1.17e-82	LONINKCB_07874-0
LONINKCB_07875			LONINKCB_07875-0
LONINKCB_07876			LONINKCB_07876-0
LONINKCB_07877			LONINKCB_07877-0
LONINKCB_07878			LONINKCB_07878-0
LONINKCB_07879			LONINKCB_07879-0
LONINKCB_07880	38358	2.89e-116	LONINKCB_07880-0
LONINKCB_07881		5.08e-08	LONINKCB_07881-0
LONINKCB_07882			LONINKCB_07882-0
LONINKCB_07883			LONINKCB_07883-0
LONINKCB_07884		3.77e-16	LONINKCB_07884-0
LONINKCB_07885		2.30e-18	LONINKCB_07885-0
LONINKCB_07886			LONINKCB_07886-0
LONINKCB_07887			LONINKCB_07887-0
LONINKCB_07888			LONINKCB_07888-0
LONINKCB_07889			LONINKCB_07889-0
LONINKCB_07890			LONINKCB_07890-0
LONINKCB_07891			LONINKCB_07891-0
LONINKCB_01892			LONINKCB_01892-0
LONINKCB_01893			LONINKCB_01893-0
LONINKCB_01894			LONINKCB_01894-0
LONINKCB_01895			LONINKCB_01895-0
LONINKCB_01896			LONINKCB_01896-0
LONINKCB_01897			LONINKCB_01897-0
LONINKCB_01898			LONINKCB_01898-0
LONINKCB_01899			LONINKCB_01899-0
LONINKCB_01900			LONINKCB_01900-0
LONINKCB_01901			LONINKCB_01901-0
LONINKCB_01902			LONINKCB_01902-0
LONINKCB_01903			LONINKCB_01903-0
LONINKCB_01904			LONINKCB_01904-0
LONINKCB_01905			LONINKCB_01905-0
LONINKCB_01906			LONINKCB_01906-0
LONINKCB_01907			LONINKCB_01907-0
LONINKCB_01908	35572	1.60e-06	LONINKCB_01908-0
LONINKCB_01909			LONINKCB_01909-0
LONINKCB_01910			LONINKCB_01910-0
LONINKCB_01911		1.10e-10	LONINKCB_01911-0
LONINKCB_01912			LONINKCB_01912-0
LONINKCB_01913		3.38e-11	LONINKCB_01913-0
LONINKCB_01914			LONINKCB_01914-0
LONINKCB_01915			LONINKCB_01915-0
LONINKCB_01916			LONINKCB_01916-0
LONINKCB_01917			LONINKCB_01917-0
LONINKCB_01918			LONINKCB_01918-0
LONINKCB_01919			LONINKCB_01919-0
LONINKCB_01920			LONINKCB_01920-0
LONINKCB_01921			LONINKCB_01921-0
LONINKCB_01922			LONINKCB_01922-0
LONINKCB_01923			LONINKCB_01923-0
LONINKCB_01924			LONINKCB_01924-0
LONINKCB_01925			LONINKCB_01925-0
LONINKCB_01926			LONINKCB_01926-0
LONINKCB_01927			LONINKCB_01927-0
LONINKCB_01928	35572	1.46e-16	LONINKCB_01928-0
LONINKCB_01929			LONINKCB_01929-0
LONINKCB_01930			LONINKCB_01930-0
LONINKCB_01931			LONINKCB_01931-0
LONINKCB_01932			LONINKCB_01932-0
LONINKCB_01933			LONINKCB_01933-0
LONINKCB_01934			LONINKCB_01934-0
LONINKCB_01935			LONINKCB_01935-0
LONINKCB_01936		5.49e-07	LONINKCB_01936-0
LONINKCB_01937			LONINKCB_01937-0
LONINKCB_01938			LONINKCB_01938-0
LONINKCB_01939			LONINKCB_01939-0
LONINKCB_01940			LONINKCB_01940-0
LONINKCB_01941	35572	4.18e-04	LONINKCB_01941-0
LONINKCB_01942			LONINKCB_01942-0
LONINKCB_01943			LONINKCB_01943-0
LONINKCB_01944			LONINKCB_01944-0
LONINKCB_01945			LONINKCB_01945-0
LONINKCB_01946			LONINKCB_01946-0
LONINKCB_01947	38358	2.65e-05	LONINKCB_01947-0
LONINKCB_01948			LONINKCB_01948-0
LONINKCB_01949			LONINKCB_01949-0
LONINKCB_01950			LONINKCB_01950-0
LONINKCB_01951			LONINKCB_01951-0
LONINKCB_01952			LONINKCB_01952-0
LONINKCB_01953			LONINKCB_01953-0
LONINKCB_01954			LONINKCB_01954-0
LONINKCB_01955			LONINKCB_01955-0
LONINKCB_01956			LONINKCB_01956-0
LONINKCB_01957			LONINKCB_01957-0
LONINKCB_01958			LONINKCB_01958-0
LONINKCB_01959			LONINKCB_01959-0
LONINKCB_01960			LONINKCB_01960-0
LONINKCB_01961			LONINKCB_01961-0
LONINKCB_01962	35571	1.91e-14	LONINKCB_01962-0
LONINKCB_01963		5.33e-16	LONINKCB_01963-0
LONINKCB_01964	35571	7.23e-18	LONINKCB_01964-0
LONINKCB_01965	35571	1.15e-10	LONINKCB_01965-0
LONINKCB_01966			LONINKCB_01966-0
LONINKCB_01967			LONINKCB_01967-0
LONINKCB_01968			LONINKCB_01968-0
LONINKCB_01969			LONINKCB_01969-0
LONINKCB_01970			LONINKCB_01970-0
LONINKCB_01971			LONINKCB_01971-0
LONINKCB_01972			LONINKCB_01972-0
LONINKCB_01973			LONINKCB_01973-0
LONINKCB_01974			LONINKCB_01974-0
LONINKCB_01975			LONINKCB_01975-0
LONINKCB_01976			LONINKCB_01976-0
LONINKCB_01977			LONINKCB_01977-0
LONINKCB_01978			LONINKCB_01978-0
LONINKCB_01979			LONINKCB_01979-0
LONINKCB_01980			LONINKCB_01980-0
LONINKCB_01981			LONINKCB_01981-0
LONINKCB_01982			LONINKCB_01982-0
LONINKCB_01983			LONINKCB_01983-0
LONINKCB_01984			LONINKCB_01984-0
LONINKCB_01985			LONINKCB_01985-0
LONINKCB_01986			LONINKCB_01986-0
LONINKCB_01987			LONINKCB_01987-0
LONINKCB_01988			LONINKCB_01988-0
LONINKCB_01989			LONINKCB_01989-0
LONINKCB_01990			LONINKCB_01990-0
LONINKCB_01991			LONINKCB_01991-0
LONINKCB_01992			LONINKCB_01992-0
LONINKCB_01993			LONINKCB_01993-0
LONINKCB_01994		3.74e-07	LONINKCB_01994-0
LONINKCB_01995			LONINKCB_01995-0
LONINKCB_01996			LONINKCB_01996-0
LONINKCB_01997		1.06e-18	LONINKCB_01997-0
LONINKCB_01998			LONINKCB_01998-0
LONINKCB_01999			LONINKCB_01999-0
LONINKCB_02000			LONINKCB_02000-0
LONINKCB_02001			LONINKCB_02001-0
LONINKCB_02002		1.61e-07	LONINKCB_02002-0
LONINKCB_02003			LONINKCB_02003-0
LONINKCB_02004			LONINKCB_02004-0
LONINKCB_02005			LONINKCB_02005-0
LONINKCB_02006			LONINKCB_02006-0
LONINKCB_02007			LONINKCB_02007-0
LONINKCB_02008			LONINKCB_02008-0
LONINKCB_02009			LONINKCB_02009-0
LONINKCB_02010			LONINKCB_02010-0
LONINKCB_02011			LONINKCB_02011-0
LONINKCB_02012			LONINKCB_02012-0
LONINKCB_02013			LONINKCB_02013-0
LONINKCB_02014			LONINKCB_02014-0
LONINKCB_02015			LONINKCB_02015-0
LONINKCB_02016			LONINKCB_02016-0
LONINKCB_02017			LONINKCB_02017-0
LONINKCB_02018			LONINKCB_02018-0
LONINKCB_02019			LONINKCB_02019-0
LONINKCB_02020			LONINKCB_02020-0
LONINKCB_02021			LONINKCB_02021-0
LONINKCB_02022			LONINKCB_02022-0
LONINKCB_02023			LONINKCB_02023-0
LONINKCB_02024			LONINKCB_02024-0
LONINKCB_02025			LONINKCB_02025-0
LONINKCB_02026			LONINKCB_02026-0
LONINKCB_02027			LONINKCB_02027-0
LONINKCB_02028			LONINKCB_02028-0
LONINKCB_02029			LONINKCB_02029-0
LONINKCB_02030			LONINKCB_02030-0
LONINKCB_02031			LONINKCB_02031-0
LONINKCB_02032			LONINKCB_02032-0
LONINKCB_02033			LONINKCB_02033-0
LONINKCB_02034			LONINKCB_02034-0
LONINKCB_02035			LONINKCB_02035-0
LONINKCB_02036			LONINKCB_02036-0
LONINKCB_02037			LONINKCB_02037-0
LONINKCB_02038			LONINKCB_02038-0
LONINKCB_02039			LONINKCB_02039-0
LONINKCB_02040			LONINKCB_02040-0
LONINKCB_02041			LONINKCB_02041-0
LONINKCB_02042			LONINKCB_02042-0
LONINKCB_02043			LONINKCB_02043-0
LONINKCB_02044			LONINKCB_02044-0
LONINKCB_02045			LONINKCB_02045-0
LONINKCB_02046			LONINKCB_02046-0
LONINKCB_02047			LONINKCB_02047-0
LONINKCB_02048			LONINKCB_02048-0
LONINKCB_02049			LONINKCB_02049-0
LONINKCB_02050			LONINKCB_02050-0
LONINKCB_02051			LONINKCB_02051-0
LONINKCB_02052			LONINKCB_02052-0
LONINKCB_02053			LONINKCB_02053-0
LONINKCB_02054			LONINKCB_02054-0
LONINKCB_02055			LONINKCB_02055-0
LONINKCB_02056			LONINKCB_02056-0
LONINKCB_02057			LONINKCB_02057-0
LONINKCB_02058			LONINKCB_02058-0
LONINKCB_02059			LONINKCB_02059-0
LONINKCB_02060			LONINKCB_02060-0
LONINKCB_02061			LONINKCB_02061-0
LONINKCB_02062			LONINKCB_02062-0
LONINKCB_02063			LONINKCB_02063-0
LONINKCB_02064			LONINKCB_02064-0
LONINKCB_02065			LONINKCB_02065-0
LONINKCB_02066			LONINKCB_02066-0
LONINKCB_02067			LONINKCB_02067-0
LONINKCB_02068			LONINKCB_02068-0
LONINKCB_02069			LONINKCB_02069-0
LONINKCB_02070			LONINKCB_02070-0
LONINKCB_02071			LONINKCB_02071-0
LONINKCB_02072			LONINKCB_02072-0
LONINKCB_02073			LONINKCB_02073-0
LONINKCB_02074			LONINKCB_02074-0
LONINKCB_02075			LONINKCB_02075-0
LONINKCB_02076			LONINKCB_02076-0
LONINKCB_02077			LONINKCB_02077-0
LONINKCB_02078			LONINKCB_02078-0
LONINKCB_02079			LONINKCB_02079-0
LONINKCB_02080			LONINKCB_02080-0
LONINKCB_02081			LONINKCB_02081-0
LONINKCB_02082			LONINKCB_02082-0
LONINKCB_02083			LONINKCB_02083-0
LONINKCB_02084			LONINKCB_02084-0
LONINKCB_02085			LONINKCB_02085-0
LONINKCB_02086			LONINKCB_02086-0
LONINKCB_02087			LONINKCB_02087-0
LONINKCB_02088			LONINKCB_02088-0
LONINKCB_02089			LONINKCB_02089-0
LONINKCB_02090			LONINKCB_02090-0
LONINKCB_02091			LONINKCB_02091-0
LONINKCB_02092			LONINKCB_02092-0
LONINKCB_02093			LONINKCB_02093-0
LONINKCB_02094			LONINKCB_02094-0
LONINKCB_02095			LONINKCB_02095-0
LONINKCB_02096			LONINKCB_02096-0
LONINKCB_02097			LONINKCB_02097-0
LONINKCB_02098			LONINKCB_02098-0
LONINKCB_02099			LONINKCB_02099-0
LONINKCB_02100			LONINKCB_02100-0
LONINKCB_02101			LONINKCB_02101-0
LONINKCB_02102			LONINKCB_02102-0
LONINKCB_02103			LONINKCB_02103-0
LONINKCB_02104			LONINKCB_02104-0
LONINKCB_02105			LONINKCB_02105-0
LONINKCB_02106			LONINKCB_02106-0
LONINKCB_02107			LONINKCB_02107-0
LONINKCB_02108			LONINKCB_02108-0
LONINKCB_02109			LONINKCB_02109-0
LONINKCB_02110			LONINKCB_02110-0
LONINKCB_02111			LONINKCB_02111-0
LONINKCB_02112			LONINKCB_02112-0
LONINKCB_02113			LONINKCB_02113-0
LONINKCB_02114			LONINKCB_02114-0
LONINKCB_02115			LONINKCB_02115-0
LONINKCB_02116			LONINKCB_02116-0
LONINKCB_02117			LONINKCB_02117-0
LONINKCB_02118			LONINKCB_02118-0
LONINKCB_02119			LONINKCB_02119-0
LONINKCB_02120			LONINKCB_02120-0
LONINKCB_02121			LONINKCB_02121-0
LONINKCB_02122			LONINKCB_02122-0
LONINKCB_02123			LONINKCB_02123-0
LONINKCB_02124			LONINKCB_02124-0
LONINKCB_02125			LONINKCB_02125-0
LONINKCB_02126			LONINKCB_02126-0
LONINKCB_02127			LONINKCB_02127-0
LONINKCB_02128			LONINKCB_02128-0
LONINKCB_02129			LONINKCB_02129-0
LONINKCB_02130			LONINKCB_02130-0
LONINKCB_02131			LONINKCB_02131-0
LONINKCB_02132			LONINKCB_02132-0
LONINKCB_02133			LONINKCB_02133-0
LONINKCB_02134			LONINKCB_02134-0
LONINKCB_02135			LONINKCB_02135-0
LONINKCB_02136			LONINKCB_02136-0
LONINKCB_02137			LONINKCB_02137-0
LONINKCB_02138			LONINKCB_02138-0
LONINKCB_02139			LONINKCB_02139-0
LONINKCB_02140			LONINKCB_02140-0
LONINKCB_02141			LONINKCB_02141-0
LONINKCB_02142			LONINKCB_02142-0
LONINKCB_02143			LONINKCB_02143-0
LONINKCB_02144			LONINKCB_02144-0
LONINKCB_02145			LONINKCB_02145-0
LONINKCB_02146			LONINKCB_02146-0
LONINKCB_02147			LONINKCB_02147-0
LONINKCB_02148			LONINKCB_02148-0
LONINKCB_02149			LONINKCB_02149-0
LONINKCB_02150			LONINKCB_02150-0
LONINKCB_02151			LONINKCB_02151-0
LONINKCB_02152			LONINKCB_02152-0
LONINKCB_02153			LONINKCB_02153-0
LONINKCB_02154			LONINKCB_02154-0
LONINKCB_02155			LONINKCB_02155-0
LONINKCB_02156			LONINKCB_02156-0
LONINKCB_02157			LONINKCB_02157-0
LONINKCB_02158			LONINKCB_02158-0
LONINKCB_02159			LONINKCB_02159-0
LONINKCB_02160			LONINKCB_02160-0
LONINKCB_02161			LONINKCB_02161-0
LONINKCB_02162			LONINKCB_02162-0
LONINKCB_02163			LONINKCB_02163-0
LONINKCB_02164			LONINKCB_02164-0
LONINKCB_02165			LONINKCB_02165-0
LONINKCB_02166			LONINKCB_02166-0
LONINKCB_02167			LONINKCB_02167-0
LONINKCB_02168			LONINKCB_02168-0
LONINKCB_02169			LONINKCB_02169-0
LONINKCB_02170			LONINKCB_02170-0
LONINKCB_02171			LONINKCB_02171-0
LONINKCB_02172			LONINKCB_02172-0
LONINKCB_02173			LONINKCB_02173-0
LONINKCB_02174			LONINKCB_02174-0
LONINKCB_02175			LONINKCB_02175-0
LONINKCB_02176			LONINKCB_02176-0
LONINKCB_02177			LONINKCB_02177-0
LONINKCB_02178			LONINKCB_02178-0
LONINKCB_02179			LONINKCB_02179-0
LONINKCB_02180			LONINKCB_02180-0
LONINKCB_02181			LONINKCB_02181-0
LONINKCB_02182			LONINKCB_02182-0
LONINKCB_02183			LONINKCB_02183-0
LONINKCB_02184			LONINKCB_02184-0
LONINKCB_02185			LONINKCB_02185-0
LONINKCB_02186			LONINKCB_02186-0
LONINKCB_02187			LONINKCB_02187-0
LONINKCB_02188			LONINKCB_02188-0
LONINKCB_02189			LONINKCB_02189-0
LONINKCB_02190			LONINKCB_02190-0
LONINKCB_02191			LONINKCB_02191-0
LONINKCB_02192			LONINKCB_02192-0
LONINKCB_02193			LONINKCB_02193-0
LONINKCB_02194			LONINKCB_02194-0
LONINKCB_02195			LONINKCB_02195-0
LONINKCB_02196			LONINKCB_02196-0
LONINKCB_02197			LONINKCB_02197-0
LONINKCB_02198			LONINKCB_02198-0
LONINKCB_02199			LONINKCB_02199-0
LONINKCB_02200			LONINKCB_02200-0
LONINKCB_02201			LONINKCB_02201-0
LONINKCB_02202			LONINKCB_02202-0
LONINKCB_02203			LONINKCB_02203-0
LONINKCB_02204			LONINKCB_02204-0
LONINKCB_02205			LONINKCB_02205-0
LONINKCB_02206			LONINKCB_02206-0
LONINKCB_02207			LONINKCB_02207-0
LONINKCB_02208			LONINKCB_02208-0
LONINKCB_02209			LONINKCB_02209-0
LONINKCB_02210			LONINKCB_02210-0
LONINKCB_02211			LONINKCB_02211-0
LONINKCB_02212			LONINKCB_02212-0
LONINKCB_02213			LONINKCB_02213-0
LONINKCB_02214			LONINKCB_02214-0
LONINKCB_02215			LONINKCB_02215-0
LONINKCB_02216			LONINKCB_02216-0
LONINKCB_02217			LONINKCB_02217-0
LONINKCB_02218			LONINKCB_02218-0
LONINKCB_02219			LONINKCB_02219-0
LONINKCB_02220			LONINKCB_02220-0
LONINKCB_02221			LONINKCB_02221-0
LONINKCB_02222			LONINKCB_02222-0
LONINKCB_02223			LONINKCB_02223-0
LONINKCB_02224			LONINKCB_02224-0
LONINKCB_02225			LONINKCB_02225-0
LONINKCB_02226			LONINKCB_02226-0
LONINKCB_02227			LONINKCB_02227-0
LONINKCB_02228			LONINKCB_02228-0
LONINKCB_02229			LONINKCB_02229-0
LONINKCB_02230			LONINKCB_02230-0
LONINKCB_02231			LONINKCB_02231-0
LONINKCB_02232			LONINKCB_02232-0
LONINKCB_02233			LONINKCB_02233-0
LONINKCB_02234			LONINKCB_02234-0
LONINKCB_02235			LONINKCB_02235-0
LONINKCB_02236			LONINKCB_02236-0
LONINKCB_02237			LONINKCB_02237-0
LONINKCB_02238			LONINKCB_02238-0
LONINKCB_02239			LONINKCB_02239-0
LONINKCB_02240			LONINKCB_02240-0
LONINKCB_02241			LONINKCB_02241-0
LONINKCB_02242			LONINKCB_02242-0
LONINKCB_02243			LONINKCB_02243-0
LONINKCB_02244			LONINKCB_02244-0
LONINKCB_02245			LONINKCB_02245-0
LONINKCB_02246			LONINKCB_02246-0
LONINKCB_02247			LONINKCB_02247-0
LONINKCB_02248			LONINKCB_02248-0
LONINKCB_02249			LONINKCB_02249-0
LONINKCB_02250			LONINKCB_02250-0
LONINKCB_02251			LONINKCB_02251-0
LONINKCB_02252			LONINKCB_02252-0
LONINKCB_02253			LONINKCB_02253-0
LONINKCB_02254			LONINKCB_02254-0
LONINKCB_02255			LONINKCB_02255-0
LONINKCB_02256			LONINKCB_02256-0
LONINKCB_02257			LONINKCB_02257-0
LONINKCB_02258			LONINKCB_02258-0
LONINKCB_02259			LONINKCB_02259-0
LONINKCB_02260			LONINKCB_02260-0
LONINKCB_02261			LONINKCB_02261-0
LONINKCB_02262			LONINKCB_02262-0
LONINKCB_02263			LONINKCB_02263-0
LONINKCB_02264			LONINKCB_02264-0
LONINKCB_02265			LONINKCB_02265-0
LONINKCB_02266			LONINKCB_02266-0
LONINKCB_02267			LONINKCB_02267-0
LONINKCB_02268			LONINKCB_02268-0
LONINKCB_02269			LONINKCB_02269-0
LONINKCB_02270			LONINKCB_02270-0
LONINKCB_02271			LONINKCB_02271-0
LONINKCB_02272			LONINKCB_02272-0
LONINKCB_02273			LONINKCB_02273-0
LONINKCB_02274			LONINKCB_02274-0
LONINKCB_02275			LONINKCB_02275-0
LONINKCB_02276			LONINKCB_02276-0
LONINKCB_02277			LONINKCB_02277-0
LONINKCB_02278			LONINKCB_02278-0
LONINKCB_02279	38358	2.58e-05	LONINKCB_02279-0
LONINKCB_02280	38358	2.19e-05	LONINKCB_02280-0
LONINKCB_02281			LONINKCB_02281-0
LONINKCB_02282			LONINKCB_02282-0
LONINKCB_02283			LONINKCB_02283-0
LONINKCB_02284			LONINKCB_02284-0
LONINKCB_02285			LONINKCB_02285-0
LONINKCB_02286			LONINKCB_02286-0
LONINKCB_02287			LONINKCB_02287-0
LONINKCB_02288			LONINKCB_02288-0
LONINKCB_02289			LONINKCB_02289-0
LONINKCB_02290			LONINKCB_02290-0
LONINKCB_02291			LONINKCB_02291-0
LONINKCB_02292			LONINKCB_02292-0
LONINKCB_02293			LONINKCB_02293-0
LONINKCB_02294			LONINKCB_02294-0
LONINKCB_02295			LONINKCB_02295-0
LONINKCB_02296			LONINKCB_02296-0
LONINKCB_02297			LONINKCB_02297-0
LONINKCB_02298			LONINKCB_02298-0
LONINKCB_02299			LONINKCB_02299-0
LONINKCB_02300			LONINKCB_02300-0
LONINKCB_02301			LONINKCB_02301-0
LONINKCB_02302			LONINKCB_02302-0
LONINKCB_02303			LONINKCB_02303-0
LONINKCB_02304			LONINKCB_02304-0
LONINKCB_02305			LONINKCB_02305-0
LONINKCB_02306		1.07e-05	LONINKCB_02306-0
LONINKCB_02307		3.36e-29	LONINKCB_02307-0
LONINKCB_02308			LONINKCB_02308-0
LONINKCB_02309			LONINKCB_02309-0
LONINKCB_02310			LONINKCB_02310-0
LONINKCB_02311			LONINKCB_02311-0
LONINKCB_02312			LONINKCB_02312-0
LONINKCB_02313			LONINKCB_02313-0
LONINKCB_02314			LONINKCB_02314-0
LONINKCB_02315			LONINKCB_02315-0
LONINKCB_02316			LONINKCB_02316-0
LONINKCB_02317			LONINKCB_02317-0
LONINKCB_02318	35572	9.60e-15	LONINKCB_02318-0
LONINKCB_02319			LONINKCB_02319-0
LONINKCB_02320			LONINKCB_02320-0
LONINKCB_02321			LONINKCB_02321-0
LONINKCB_02322			LONINKCB_02322-0
LONINKCB_02323			LONINKCB_02323-0
LONINKCB_02324			LONINKCB_02324-0
LONINKCB_02325			LONINKCB_02325-0
LONINKCB_02326			LONINKCB_02326-0
LONINKCB_02327			LONINKCB_02327-0
LONINKCB_02328			LONINKCB_02328-0
LONINKCB_02329			LONINKCB_02329-0
LONINKCB_02330			LONINKCB_02330-0
LONINKCB_02331			LONINKCB_02331-0
LONINKCB_02332			LONINKCB_02332-0
LONINKCB_02333	38358	3.76e-07	LONINKCB_02333-0
LONINKCB_02334			LONINKCB_02334-0
LONINKCB_02335			LONINKCB_02335-0
LONINKCB_02336	38358	2.12e-20	LONINKCB_02336-0
LONINKCB_02337			LONINKCB_02337-0
LONINKCB_02338			LONINKCB_02338-0
LONINKCB_02339			LONINKCB_02339-0
LONINKCB_02340			LONINKCB_02340-0
LONINKCB_02341			LONINKCB_02341-0
LONINKCB_02342		5.45e-29	LONINKCB_02342-0
LONINKCB_02343		4.81e-77	LONINKCB_02343-0
LONINKCB_02344			LONINKCB_02344-0
LONINKCB_02345			LONINKCB_02345-0
LONINKCB_02346			LONINKCB_02346-0
LONINKCB_02347			LONINKCB_02347-0
LONINKCB_02348		3.22e-12	LONINKCB_02348-0
LONINKCB_02349			LONINKCB_02349-0
LONINKCB_02350		2.62e-06	LONINKCB_02350-0
LONINKCB_02351			LONINKCB_02351-0
LONINKCB_02352			LONINKCB_02352-0
LONINKCB_02353			LONINKCB_02353-0
LONINKCB_02354			LONINKCB_02354-0
LONINKCB_02355			LONINKCB_02355-0
LONINKCB_02356			LONINKCB_02356-0
LONINKCB_02357			LONINKCB_02357-0
LONINKCB_02358			LONINKCB_02358-0
LONINKCB_02359		2.61e-38	LONINKCB_02359-0
LONINKCB_02360		9.35e-20	LONINKCB_02360-0
LONINKCB_02361			LONINKCB_02361-0
LONINKCB_02362	38358	2.49e-06	LONINKCB_02362-0
LONINKCB_02363			LONINKCB_02363-0
LONINKCB_02364			LONINKCB_02364-0
LONINKCB_02365			LONINKCB_02365-0
LONINKCB_02366			LONINKCB_02366-0
LONINKCB_02367			LONINKCB_02367-0
LONINKCB_02368			LONINKCB_02368-0
LONINKCB_02369			LONINKCB_02369-0
LONINKCB_02370			LONINKCB_02370-0
LONINKCB_02371	38358	1.10e-17	LONINKCB_02371-0
LONINKCB_02372			LONINKCB_02372-0
LONINKCB_02373			LONINKCB_02373-0
LONINKCB_02374			LONINKCB_02374-0
LONINKCB_02375			LONINKCB_02375-0
LONINKCB_02376			LONINKCB_02376-0
LONINKCB_02377			LONINKCB_02377-0
LONINKCB_02378			LONINKCB_02378-0
LONINKCB_02379			LONINKCB_02379-0
LONINKCB_02380			LONINKCB_02380-0
LONINKCB_02381			LONINKCB_02381-0
LONINKCB_02382			LONINKCB_02382-0
LONINKCB_02383			LONINKCB_02383-0
LONINKCB_02384	38358	9.25e-08	LONINKCB_02384-0
LONINKCB_02385			LONINKCB_02385-0
LONINKCB_02386			LONINKCB_02386-0
LONINKCB_02387			LONINKCB_02387-0
LONINKCB_02388			LONINKCB_02388-0
LONINKCB_02389			LONINKCB_02389-0
LONINKCB_02390			LONINKCB_02390-0
LONINKCB_02391			LONINKCB_02391-0
LONINKCB_02392			LONINKCB_02392-0
LONINKCB_02393			LONINKCB_02393-0
LONINKCB_02394			LONINKCB_02394-0
LONINKCB_02395			LONINKCB_02395-0
LONINKCB_02396			LONINKCB_02396-0
LONINKCB_02397			LONINKCB_02397-0
LONINKCB_02398			LONINKCB_02398-0
LONINKCB_02399			LONINKCB_02399-0
LONINKCB_02400			LONINKCB_02400-0
LONINKCB_02401			LONINKCB_02401-0
LONINKCB_02402			LONINKCB_02402-0
LONINKCB_02403			LONINKCB_02403-0
LONINKCB_02404			LONINKCB_02404-0
LONINKCB_02405			LONINKCB_02405-0
LONINKCB_02406			LONINKCB_02406-0
LONINKCB_02407			LONINKCB_02407-0
LONINKCB_02408			LONINKCB_02408-0
LONINKCB_02409			LONINKCB_02409-0
LONINKCB_02410			LONINKCB_02410-0
LONINKCB_02411			LONINKCB_02411-0
LONINKCB_02412			LONINKCB_02412-0
LONINKCB_02413			LONINKCB_02413-0
LONINKCB_02414			LONINKCB_02414-0
LONINKCB_02415			LONINKCB_02415-0
LONINKCB_02416			LONINKCB_02416-0
LONINKCB_02417			LONINKCB_02417-0
LONINKCB_02418			LONINKCB_02418-0
LONINKCB_02419			LONINKCB_02419-0
LONINKCB_02420			LONINKCB_02420-0
LONINKCB_02421			LONINKCB_02421-0
LONINKCB_02422			LONINKCB_02422-0
LONINKCB_02423			LONINKCB_02423-0
LONINKCB_02424			LONINKCB_02424-0
LONINKCB_02425			LONINKCB_02425-0
LONINKCB_02426			LONINKCB_02426-0
LONINKCB_02427			LONINKCB_02427-0
LONINKCB_02428	38358	2.69e-08	LONINKCB_02428-0
LONINKCB_02429			LONINKCB_02429-0
LONINKCB_02430			LONINKCB_02430-0
LONINKCB_02431			LONINKCB_02431-0
LONINKCB_02432			LONINKCB_02432-0
LONINKCB_02433	35571	7.67e-25	LONINKCB_02433-0
LONINKCB_02434	35571	1.88e-248	LONINKCB_02434-0
LONINKCB_02435			LONINKCB_02435-0
LONINKCB_02436			LONINKCB_02436-0
LONINKCB_02437			LONINKCB_02437-0
LONINKCB_02438			LONINKCB_02438-0
LONINKCB_02439			LONINKCB_02439-0
LONINKCB_02440			LONINKCB_02440-0
LONINKCB_02441			LONINKCB_02441-0
LONINKCB_02442			LONINKCB_02442-0
LONINKCB_02443			LONINKCB_02443-0
LONINKCB_02444		5.27e-25	LONINKCB_02444-0
LONINKCB_02445	35571	1.25e-36	LONINKCB_02445-0
LONINKCB_02446	35571	6.07e-124	LONINKCB_02446-0
LONINKCB_02447	35571	5.73e-34	LONINKCB_02447-0
LONINKCB_02448		1.63e-72	LONINKCB_02448-0
LONINKCB_02449		1.02e-32	LONINKCB_02449-0
LONINKCB_02450			LONINKCB_02450-0
LONINKCB_02451			LONINKCB_02451-0
LONINKCB_02452			LONINKCB_02452-0
LONINKCB_02453			LONINKCB_02453-0
LONINKCB_02454			LONINKCB_02454-0
LONINKCB_02455			LONINKCB_02455-0
LONINKCB_02456			LONINKCB_02456-0
LONINKCB_02457			LONINKCB_02457-0
LONINKCB_02458			LONINKCB_02458-0
LONINKCB_02459			LONINKCB_02459-0
LONINKCB_02460	38358	5.77e-108	LONINKCB_02460-0
LONINKCB_02461	38358	2.88e-76	LONINKCB_02461-0
LONINKCB_02462			LONINKCB_02462-0
LONINKCB_02463			LONINKCB_02463-0
LONINKCB_02464			LONINKCB_02464-0
LONINKCB_02465			LONINKCB_02465-0
LONINKCB_02466			LONINKCB_02466-0
LONINKCB_02467			LONINKCB_02467-0
LONINKCB_02468			LONINKCB_02468-0
LONINKCB_02469			LONINKCB_02469-0
LONINKCB_02470			LONINKCB_02470-0
LONINKCB_02471			LONINKCB_02471-0
LONINKCB_02472	35571	5.40e-40	LONINKCB_02472-0
LONINKCB_02473	35571	1.23e-29	LONINKCB_02473-0
LONINKCB_02474	38358	6.85e-09	LONINKCB_02474-0
LONINKCB_02475			LONINKCB_02475-0
LONINKCB_03515			LONINKCB_03515-0
LONINKCB_03516			LONINKCB_03516-0
LONINKCB_03517			LONINKCB_03517-0
LONINKCB_03518			LONINKCB_03518-0
LONINKCB_03519			LONINKCB_03519-0
LONINKCB_03520			LONINKCB_03520-0
LONINKCB_03521			LONINKCB_03521-0
LONINKCB_03522			LONINKCB_03522-0
LONINKCB_03523	38358	1.24e-21	LONINKCB_03523-0
LONINKCB_03524			LONINKCB_03524-0
LONINKCB_03525			LONINKCB_03525-0
LONINKCB_03526			LONINKCB_03526-0
LONINKCB_03527			LONINKCB_03527-0
LONINKCB_03528			LONINKCB_03528-0
LONINKCB_03529			LONINKCB_03529-0
LONINKCB_03530	38358	1.52e-47	LONINKCB_03530-0
LONINKCB_03531			LONINKCB_03531-0
LONINKCB_03532			LONINKCB_03532-0
LONINKCB_03533			LONINKCB_03533-0
LONINKCB_03534			LONINKCB_03534-0
LONINKCB_03535			LONINKCB_03535-0
LONINKCB_03536			LONINKCB_03536-0
LONINKCB_03537			LONINKCB_03537-0
LONINKCB_03538			LONINKCB_03538-0
LONINKCB_03539			LONINKCB_03539-0
LONINKCB_03540	38358	3.13e-17	LONINKCB_03540-0
LONINKCB_03541			LONINKCB_03541-0
LONINKCB_03542			LONINKCB_03542-0
LONINKCB_03543			LONINKCB_03543-0
LONINKCB_03544			LONINKCB_03544-0
LONINKCB_03545			LONINKCB_03545-0
LONINKCB_03546			LONINKCB_03546-0
LONINKCB_03547			LONINKCB_03547-0
LONINKCB_03548			LONINKCB_03548-0
LONINKCB_03549			LONINKCB_03549-0
LONINKCB_03550			LONINKCB_03550-0
LONINKCB_03551	35571	6.28e-34	LONINKCB_03551-0
LONINKCB_03552	35571	2.62e-21	LONINKCB_03552-0
LONINKCB_03553	35571	1.99e-07	LONINKCB_03553-0
LONINKCB_03554			LONINKCB_03554-0
LONINKCB_03555	35571	7.55e-21	LONINKCB_03555-0
LONINKCB_03556	35571	8.76e-40	LONINKCB_03556-0
LONINKCB_03557			LONINKCB_03557-0
LONINKCB_03558			LONINKCB_03558-0
LONINKCB_03559			LONINKCB_03559-0
LONINKCB_03560			LONINKCB_03560-0
LONINKCB_03561			LONINKCB_03561-0
LONINKCB_03562			LONINKCB_03562-0
LONINKCB_03563			LONINKCB_03563-0
LONINKCB_03564			LONINKCB_03564-0
LONINKCB_03565			LONINKCB_03565-0
LONINKCB_03566			LONINKCB_03566-0
LONINKCB_03567			LONINKCB_03567-0
LONINKCB_03568			LONINKCB_03568-0
LONINKCB_03569	35571	1.86e-31	LONINKCB_03569-0
LONINKCB_03570			LONINKCB_03570-0
LONINKCB_03571			LONINKCB_03571-0
LONINKCB_03572			LONINKCB_03572-0
LONINKCB_03573			LONINKCB_03573-0
LONINKCB_03574			LONINKCB_03574-0
LONINKCB_03575			LONINKCB_03575-0
LONINKCB_03576			LONINKCB_03576-0
LONINKCB_03577			LONINKCB_03577-0
LONINKCB_03578	35571	7.37e-29	LONINKCB_03578-0
LONINKCB_03579	38358	1.64e-25	LONINKCB_03579-0
LONINKCB_03580	35571	2.72e-34	LONINKCB_03580-0
LONINKCB_03581			LONINKCB_03581-0
LONINKCB_03582		1.12e-14	LONINKCB_03582-0
LONINKCB_03583	35571	1.19e-44	LONINKCB_03583-0
LONINKCB_03584	35571	4.51e-138	LONINKCB_03584-0
LONINKCB_03585	35571	9.73e-83	LONINKCB_03585-0
LONINKCB_03586	35571	2.34e-52	LONINKCB_03586-0
LONINKCB_03587		1.12e-30	LONINKCB_03587-0
LONINKCB_03588	38358	7.44e-189	LONINKCB_03588-0
LONINKCB_03589			LONINKCB_03589-0
LONINKCB_03590			LONINKCB_03590-0
LONINKCB_03591			LONINKCB_03591-0
LONINKCB_03592			LONINKCB_03592-0
LONINKCB_03593			LONINKCB_03593-0
LONINKCB_03594			LONINKCB_03594-0
LONINKCB_03595			LONINKCB_03595-0
LONINKCB_03596			LONINKCB_03596-0
LONINKCB_03597			LONINKCB_03597-0
LONINKCB_03598			LONINKCB_03598-0
LONINKCB_03599	38358	2.16e-28	LONINKCB_03599-0
LONINKCB_03600			LONINKCB_03600-0
LONINKCB_03601			LONINKCB_03601-0
LONINKCB_03602			LONINKCB_03602-0
LONINKCB_03603			LONINKCB_03603-0
LONINKCB_03604			LONINKCB_03604-0
LONINKCB_03605			LONINKCB_03605-0
LONINKCB_03606	1564500	1.15e-28	LONINKCB_03606-0
LONINKCB_03607			LONINKCB_03607-0
LONINKCB_03608	38358	9.21e-88	LONINKCB_03608-0
LONINKCB_03609	38358	9.70e-39	LONINKCB_03609-0
LONINKCB_03610			LONINKCB_03610-0
LONINKCB_03611	35571	8.56e-23	LONINKCB_03611-0
LONINKCB_03612			LONINKCB_03612-0
LONINKCB_03613			LONINKCB_03613-0
LONINKCB_03614			LONINKCB_03614-0
LONINKCB_03615			LONINKCB_03615-0
LONINKCB_03616			LONINKCB_03616-0
LONINKCB_03617	38358	8.76e-29	LONINKCB_03617-0
LONINKCB_03618			LONINKCB_03618-0
LONINKCB_03619			LONINKCB_03619-0
LONINKCB_03620			LONINKCB_03620-0
LONINKCB_03621		6.22e-55	LONINKCB_03621-0
LONINKCB_03622			LONINKCB_03622-0
LONINKCB_03623	35571	1.37e-48	LONINKCB_03623-0
LONINKCB_03624			LONINKCB_03624-0
LONINKCB_03625			LONINKCB_03625-0
LONINKCB_03626			LONINKCB_03626-0
LONINKCB_03627			LONINKCB_03627-0
LONINKCB_03628		5.96e-11	LONINKCB_03628-0
LONINKCB_03629			LONINKCB_03629-0
LONINKCB_03630			LONINKCB_03630-0
LONINKCB_03631			LONINKCB_03631-0
LONINKCB_03632			LONINKCB_03632-0
LONINKCB_03633			LONINKCB_03633-0
LONINKCB_03634			LONINKCB_03634-0
LONINKCB_03635			LONINKCB_03635-0
LONINKCB_03636			LONINKCB_03636-0
LONINKCB_03637			LONINKCB_03637-0
LONINKCB_03638			LONINKCB_03638-0
LONINKCB_03639	35571	5.09e-88	LONINKCB_03639-0
LONINKCB_03640	35571	1.10e-38	LONINKCB_03640-0
LONINKCB_03641	35571	1.38e-40	LONINKCB_03641-0
LONINKCB_03642	38358	1.76e-49	LONINKCB_03642-0
LONINKCB_03643	35571	1.13e-46	LONINKCB_03643-0
LONINKCB_03644	35571	3.88e-31	LONINKCB_03644-0
LONINKCB_03645			LONINKCB_03645-0
LONINKCB_03646	35571	7.80e-77	LONINKCB_03646-0
LONINKCB_03647	35571	6.53e-22	LONINKCB_03647-0
LONINKCB_03648			LONINKCB_03648-0
LONINKCB_03649	35571	1.30e-151	LONINKCB_03649-0
LONINKCB_03650			LONINKCB_03650-0
LONINKCB_03651			LONINKCB_03651-0
LONINKCB_03652			LONINKCB_03652-0
LONINKCB_03653			LONINKCB_03653-0
LONINKCB_03654			LONINKCB_03654-0
LONINKCB_03655			LONINKCB_03655-0
LONINKCB_03656			LONINKCB_03656-0
LONINKCB_03657			LONINKCB_03657-0
LONINKCB_03658			LONINKCB_03658-0
LONINKCB_03659		6.89e-29	LONINKCB_03659-0
LONINKCB_03660	35571	3.29e-33	LONINKCB_03660-0
LONINKCB_03661		5.42e-50	LONINKCB_03661-0
LONINKCB_03662			LONINKCB_03662-0
LONINKCB_03663			LONINKCB_03663-0
LONINKCB_03664		2.62e-61	LONINKCB_03664-0
LONINKCB_03665			LONINKCB_03665-0
LONINKCB_03666		1.71e-44	LONINKCB_03666-0
LONINKCB_03667			LONINKCB_03667-0
LONINKCB_03668			LONINKCB_03668-0
LONINKCB_03669			LONINKCB_03669-0
LONINKCB_03670			LONINKCB_03670-0
LONINKCB_03671	38358	4.13e-13	LONINKCB_03671-0
LONINKCB_03672	38358	1.10e-118	LONINKCB_03672-0
LONINKCB_03673			LONINKCB_03673-0
LONINKCB_03674			LONINKCB_03674-0
LONINKCB_03675			LONINKCB_03675-0
LONINKCB_03676		1.20e-47	LONINKCB_03676-0
LONINKCB_03677			LONINKCB_03677-0
LONINKCB_03678			LONINKCB_03678-0
LONINKCB_03679			LONINKCB_03679-0
LONINKCB_03680			LONINKCB_03680-0
LONINKCB_03681			LONINKCB_03681-0
LONINKCB_03682			LONINKCB_03682-0
LONINKCB_03683			LONINKCB_03683-0
LONINKCB_03684		2.87e-24	LONINKCB_03684-0
LONINKCB_03685			LONINKCB_03685-0
LONINKCB_03686			LONINKCB_03686-0
LONINKCB_03687			LONINKCB_03687-0
LONINKCB_03688			LONINKCB_03688-0
LONINKCB_03689			LONINKCB_03689-0
LONINKCB_03690			LONINKCB_03690-0
LONINKCB_03691			LONINKCB_03691-0
LONINKCB_03692			LONINKCB_03692-0
LONINKCB_03693			LONINKCB_03693-0
LONINKCB_03694			LONINKCB_03694-0
LONINKCB_03695			LONINKCB_03695-0
LONINKCB_03696			LONINKCB_03696-0
LONINKCB_03697			LONINKCB_03697-0
LONINKCB_03698			LONINKCB_03698-0
LONINKCB_03699			LONINKCB_03699-0
LONINKCB_03700			LONINKCB_03700-0
LONINKCB_03701			LONINKCB_03701-0
LONINKCB_03702			LONINKCB_03702-0
LONINKCB_03703			LONINKCB_03703-0
LONINKCB_03704	35571	4.54e-156	LONINKCB_03704-0
LONINKCB_03705			LONINKCB_03705-0
LONINKCB_03706		9.86e-62	LONINKCB_03706-0
LONINKCB_03707	2	3.53e-30	LONINKCB_03707-0
LONINKCB_03708		6.47e-22	LONINKCB_03708-0
LONINKCB_03709	48709	3.56e-07	LONINKCB_03709-0
LONINKCB_03710	48709	1.04e-114	LONINKCB_03710-0
LONINKCB_03711		2.01e-19	LONINKCB_03711-0
LONINKCB_03712		2.19e-13	LONINKCB_03712-0
LONINKCB_03713			LONINKCB_03713-0
LONINKCB_03714			LONINKCB_03714-0
LONINKCB_03715			LONINKCB_03715-0
LONINKCB_03716			LONINKCB_03716-0
LONINKCB_03717			LONINKCB_03717-0
LONINKCB_03718			LONINKCB_03718-0
LONINKCB_03719			LONINKCB_03719-0
LONINKCB_03720			LONINKCB_03720-0
LONINKCB_03721			LONINKCB_03721-0
LONINKCB_03722			LONINKCB_03722-0
LONINKCB_03723			LONINKCB_03723-0
LONINKCB_03724			LONINKCB_03724-0
LONINKCB_03725			LONINKCB_03725-0
LONINKCB_03726			LONINKCB_03726-0
LONINKCB_03727			LONINKCB_03727-0
LONINKCB_03728			LONINKCB_03728-0
LONINKCB_03729			LONINKCB_03729-0
LONINKCB_03730			LONINKCB_03730-0
LONINKCB_03731			LONINKCB_03731-0
LONINKCB_03732			LONINKCB_03732-0
LONINKCB_03733			LONINKCB_03733-0
LONINKCB_03734			LONINKCB_03734-0
LONINKCB_03735	1323400	2.18e-06	LONINKCB_03735-0
LONINKCB_03736			LONINKCB_03736-0
LONINKCB_03737			LONINKCB_03737-0
LONINKCB_03738			LONINKCB_03738-0
LONINKCB_03739			LONINKCB_03739-0
LONINKCB_03740			LONINKCB_03740-0
LONINKCB_03741			LONINKCB_03741-0
LONINKCB_03742			LONINKCB_03742-0
LONINKCB_03743			LONINKCB_03743-0
LONINKCB_03744			LONINKCB_03744-0
LONINKCB_03745			LONINKCB_03745-0
LONINKCB_03746			LONINKCB_03746-0
LONINKCB_03747			LONINKCB_03747-0
LONINKCB_03748			LONINKCB_03748-0
LONINKCB_03749			LONINKCB_03749-0
LONINKCB_03750			LONINKCB_03750-0
LONINKCB_03751			LONINKCB_03751-0
LONINKCB_03752	38358	1.68e-10	LONINKCB_03752-0
LONINKCB_03753		1.13e-37	LONINKCB_03753-0
LONINKCB_03754			LONINKCB_03754-0
LONINKCB_03755			LONINKCB_03755-0
LONINKCB_03756	38358	5.05e-109	LONINKCB_03756-0
LONINKCB_03757	38358	8.82e-49	LONINKCB_03757-0
LONINKCB_03758	38358	5.30e-135	LONINKCB_03758-0
LONINKCB_03759			LONINKCB_03759-0
LONINKCB_03760			LONINKCB_03760-0
LONINKCB_03761			LONINKCB_03761-0
LONINKCB_03762			LONINKCB_03762-0
LONINKCB_03763			LONINKCB_03763-0
LONINKCB_03764			LONINKCB_03764-0
LONINKCB_03765			LONINKCB_03765-0
LONINKCB_03766			LONINKCB_03766-0
LONINKCB_03767			LONINKCB_03767-0
LONINKCB_03768			LONINKCB_03768-0
LONINKCB_03769			LONINKCB_03769-0
LONINKCB_03770			LONINKCB_03770-0
LONINKCB_03771			LONINKCB_03771-0
LONINKCB_03772			LONINKCB_03772-0
LONINKCB_03773			LONINKCB_03773-0
LONINKCB_03774			LONINKCB_03774-0
LONINKCB_03775			LONINKCB_03775-0
LONINKCB_03776			LONINKCB_03776-0
LONINKCB_03777			LONINKCB_03777-0
LONINKCB_03778			LONINKCB_03778-0
LONINKCB_03779			LONINKCB_03779-0
LONINKCB_03780			LONINKCB_03780-0
LONINKCB_03781			LONINKCB_03781-0
LONINKCB_03782			LONINKCB_03782-0
LONINKCB_03783			LONINKCB_03783-0
LONINKCB_03784			LONINKCB_03784-0
LONINKCB_03785			LONINKCB_03785-0
LONINKCB_03786			LONINKCB_03786-0
LONINKCB_03787			LONINKCB_03787-0
LONINKCB_03788			LONINKCB_03788-0
LONINKCB_03789			LONINKCB_03789-0
LONINKCB_03790			LONINKCB_03790-0
LONINKCB_03791			LONINKCB_03791-0
LONINKCB_03792			LONINKCB_03792-0
LONINKCB_03793			LONINKCB_03793-0
LONINKCB_03794			LONINKCB_03794-0
LONINKCB_03795			LONINKCB_03795-0
LONINKCB_03796			LONINKCB_03796-0
LONINKCB_03797			LONINKCB_03797-0
LONINKCB_03798			LONINKCB_03798-0
LONINKCB_03799			LONINKCB_03799-0
LONINKCB_03800			LONINKCB_03800-0
LONINKCB_03801			LONINKCB_03801-0
LONINKCB_03802			LONINKCB_03802-0
LONINKCB_03803			LONINKCB_03803-0
LONINKCB_03804			LONINKCB_03804-0
LONINKCB_03805			LONINKCB_03805-0
LONINKCB_03806			LONINKCB_03806-0
LONINKCB_03807			LONINKCB_03807-0
LONINKCB_03808			LONINKCB_03808-0
LONINKCB_03809			LONINKCB_03809-0
LONINKCB_03810			LONINKCB_03810-0
LONINKCB_03811			LONINKCB_03811-0
LONINKCB_03812			LONINKCB_03812-0
LONINKCB_03813			LONINKCB_03813-0
LONINKCB_03814			LONINKCB_03814-0
LONINKCB_03815			LONINKCB_03815-0
LONINKCB_03816			LONINKCB_03816-0
LONINKCB_03817		2.36e-78	LONINKCB_03817-0
LONINKCB_03818			LONINKCB_03818-0
LONINKCB_03819			LONINKCB_03819-0
LONINKCB_03820			LONINKCB_03820-0
LONINKCB_03821			LONINKCB_03821-0
LONINKCB_03822			LONINKCB_03822-0
LONINKCB_03823			LONINKCB_03823-0
LONINKCB_03824			LONINKCB_03824-0
LONINKCB_03825			LONINKCB_03825-0
LONINKCB_03826			LONINKCB_03826-0
LONINKCB_03827			LONINKCB_03827-0
LONINKCB_03828	38358	1.44e-43	LONINKCB_03828-0
LONINKCB_03829			LONINKCB_03829-0
LONINKCB_03830	38358	2.59e-83	LONINKCB_03830-0
LONINKCB_03831	2	7.66e-12	LONINKCB_03831-0
LONINKCB_03832	38358	5.57e-72	LONINKCB_03832-0
LONINKCB_03833			LONINKCB_03833-0
LONINKCB_03834			LONINKCB_03834-0
LONINKCB_03835			LONINKCB_03835-0
LONINKCB_03836			LONINKCB_03836-0
LONINKCB_03837			LONINKCB_03837-0
LONINKCB_03838			LONINKCB_03838-0
LONINKCB_03839		1.64e-30	LONINKCB_03839-0
LONINKCB_03840			LONINKCB_03840-0
LONINKCB_03841	35571	2.73e-45	LONINKCB_03841-0
LONINKCB_03842		8.32e-75	LONINKCB_03842-0
LONINKCB_03843			LONINKCB_03843-0
LONINKCB_03844			LONINKCB_03844-0
LONINKCB_03845			LONINKCB_03845-0
LONINKCB_03846			LONINKCB_03846-0
LONINKCB_03847		3.00e-32	LONINKCB_03847-0
LONINKCB_03848	38358	9.27e-16	LONINKCB_03848-0
LONINKCB_03849			LONINKCB_03849-0
LONINKCB_03850			LONINKCB_03850-0
LONINKCB_03851	38358	1.30e-81	LONINKCB_03851-0
LONINKCB_03852	38358	6.70e-38	LONINKCB_03852-0
LONINKCB_03853			LONINKCB_03853-0
LONINKCB_03854			LONINKCB_03854-0
LONINKCB_03855			LONINKCB_03855-0
LONINKCB_03856			LONINKCB_03856-0
LONINKCB_03857	38358	2.93e-25	LONINKCB_03857-0
LONINKCB_03858			LONINKCB_03858-0
LONINKCB_03859			LONINKCB_03859-0
LONINKCB_03860			LONINKCB_03860-0
LONINKCB_03861	38358	1.55e-08	LONINKCB_03861-0
LONINKCB_03862			LONINKCB_03862-0
LONINKCB_03863			LONINKCB_03863-0
LONINKCB_03864			LONINKCB_03864-0
LONINKCB_03865			LONINKCB_03865-0
LONINKCB_03866			LONINKCB_03866-0
LONINKCB_03867			LONINKCB_03867-0
LONINKCB_03868			LONINKCB_03868-0
LONINKCB_03869	286459	1.87e-04	LONINKCB_03869-0
LONINKCB_03870			LONINKCB_03870-0
LONINKCB_03871			LONINKCB_03871-0
LONINKCB_03872			LONINKCB_03872-0
LONINKCB_03873			LONINKCB_03873-0
LONINKCB_03874			LONINKCB_03874-0
LONINKCB_03875			LONINKCB_03875-0
LONINKCB_03876	35571	3.13e-18	LONINKCB_03876-0
LONINKCB_03877		2.77e-47	LONINKCB_03877-0
LONINKCB_03878	35571	8.80e-62	LONINKCB_03878-0
LONINKCB_03879			LONINKCB_03879-0
LONINKCB_03880			LONINKCB_03880-0
LONINKCB_03881			LONINKCB_03881-0
LONINKCB_03882			LONINKCB_03882-0
LONINKCB_03883			LONINKCB_03883-0
LONINKCB_03884			LONINKCB_03884-0
LONINKCB_03885		9.79e-241	LONINKCB_03885-0
LONINKCB_03886			LONINKCB_03886-0
LONINKCB_03887			LONINKCB_03887-0
LONINKCB_03888			LONINKCB_03888-0
LONINKCB_03889			LONINKCB_03889-0
LONINKCB_03890			LONINKCB_03890-0
LONINKCB_03891	35571	0.0	LONINKCB_03891-0
LONINKCB_03892		1.26e-106	LONINKCB_03892-0
LONINKCB_03893			LONINKCB_03893-0
LONINKCB_03894			LONINKCB_03894-0
LONINKCB_03895			LONINKCB_03895-0
LONINKCB_03896			LONINKCB_03896-0
LONINKCB_03897			LONINKCB_03897-0
LONINKCB_03898			LONINKCB_03898-0
LONINKCB_03899			LONINKCB_03899-0
LONINKCB_03900		2.01e-59	LONINKCB_03900-0
LONINKCB_03901			LONINKCB_03901-0
LONINKCB_03902			LONINKCB_03902-0
LONINKCB_03903			LONINKCB_03903-0
LONINKCB_03904			LONINKCB_03904-0
LONINKCB_03905			LONINKCB_03905-0
LONINKCB_03906			LONINKCB_03906-0
LONINKCB_03907			LONINKCB_03907-0
LONINKCB_03908			LONINKCB_03908-0
LONINKCB_03909			LONINKCB_03909-0
LONINKCB_03910		8.45e-08	LONINKCB_03910-0
LONINKCB_03911			LONINKCB_03911-0
LONINKCB_03912			LONINKCB_03912-0
LONINKCB_03913			LONINKCB_03913-0
LONINKCB_03914			LONINKCB_03914-0
LONINKCB_03915			LONINKCB_03915-0
LONINKCB_03916			LONINKCB_03916-0
LONINKCB_03917			LONINKCB_03917-0
LONINKCB_03918			LONINKCB_03918-0
LONINKCB_03919			LONINKCB_03919-0
LONINKCB_03920			LONINKCB_03920-0
LONINKCB_03921			LONINKCB_03921-0
LONINKCB_03922			LONINKCB_03922-0
LONINKCB_03923			LONINKCB_03923-0
LONINKCB_03924		7.88e-19	LONINKCB_03924-0
LONINKCB_03925	38358	2.47e-75	LONINKCB_03925-0
LONINKCB_03926			LONINKCB_03926-0
LONINKCB_03927			LONINKCB_03927-0
LONINKCB_03928			LONINKCB_03928-0
LONINKCB_03929			LONINKCB_03929-0
LONINKCB_03930			LONINKCB_03930-0
LONINKCB_03931			LONINKCB_03931-0
LONINKCB_03932	2	8.84e-16	LONINKCB_03932-0
LONINKCB_03933	611301	7.46e-08	LONINKCB_03933-0
LONINKCB_03934			LONINKCB_03934-0
LONINKCB_03935			LONINKCB_03935-0
LONINKCB_03936			LONINKCB_03936-0
LONINKCB_03937			LONINKCB_03937-0
LONINKCB_03938			LONINKCB_03938-0
LONINKCB_03939			LONINKCB_03939-0
LONINKCB_03940			LONINKCB_03940-0
LONINKCB_03941			LONINKCB_03941-0
LONINKCB_03942			LONINKCB_03942-0
LONINKCB_03943			LONINKCB_03943-0
LONINKCB_03944		9.23e-17	LONINKCB_03944-0
LONINKCB_03945			LONINKCB_03945-0
LONINKCB_03946			LONINKCB_03946-0
LONINKCB_03947	35571	1.98e-35	LONINKCB_03947-0
LONINKCB_03948	35571	2.95e-56	LONINKCB_03948-0
LONINKCB_03949	38358	4.95e-45	LONINKCB_03949-0
LONINKCB_03950			LONINKCB_03950-0
LONINKCB_03951			LONINKCB_03951-0
LONINKCB_03953			LONINKCB_03953-0
LONINKCB_03954			LONINKCB_03954-0
LONINKCB_03955			LONINKCB_03955-0
LONINKCB_03956			LONINKCB_03956-0
LONINKCB_03957			LONINKCB_03957-0
LONINKCB_03958			LONINKCB_03958-0
LONINKCB_03959			LONINKCB_03959-0
LONINKCB_03960	38358	1.72e-40	LONINKCB_03960-0
LONINKCB_03961			LONINKCB_03961-0
LONINKCB_03962			LONINKCB_03962-0
LONINKCB_03963		5.35e-32	LONINKCB_03963-0
LONINKCB_03964			LONINKCB_03964-0
LONINKCB_03965			LONINKCB_03965-0
LONINKCB_03966			LONINKCB_03966-0
LONINKCB_03967			LONINKCB_03967-0
LONINKCB_03968			LONINKCB_03968-0
LONINKCB_03969			LONINKCB_03969-0
LONINKCB_03970			LONINKCB_03970-0
LONINKCB_03971			LONINKCB_03971-0
LONINKCB_03972			LONINKCB_03972-0
LONINKCB_03973			LONINKCB_03973-0
LONINKCB_03974			LONINKCB_03974-0
LONINKCB_03975			LONINKCB_03975-0
LONINKCB_03976			LONINKCB_03976-0
LONINKCB_03977			LONINKCB_03977-0
LONINKCB_03978			LONINKCB_03978-0
LONINKCB_03979			LONINKCB_03979-0
LONINKCB_03980			LONINKCB_03980-0
LONINKCB_03981			LONINKCB_03981-0
LONINKCB_03982			LONINKCB_03982-0
LONINKCB_03983			LONINKCB_03983-0
LONINKCB_03984			LONINKCB_03984-0
LONINKCB_03985			LONINKCB_03985-0
LONINKCB_03986			LONINKCB_03986-0
LONINKCB_03987		7.35e-22	LONINKCB_03987-0
LONINKCB_03988			LONINKCB_03988-0
LONINKCB_03989			LONINKCB_03989-0
LONINKCB_03990			LONINKCB_03990-0
LONINKCB_03991			LONINKCB_03991-0
LONINKCB_03992			LONINKCB_03992-0
LONINKCB_03993			LONINKCB_03993-0
LONINKCB_03994			LONINKCB_03994-0
LONINKCB_03995			LONINKCB_03995-0
LONINKCB_03996			LONINKCB_03996-0
LONINKCB_06876			LONINKCB_06876-0
LONINKCB_06877	38358	4.02e-41	LONINKCB_06877-0
LONINKCB_06878			LONINKCB_06878-0
LONINKCB_06879			LONINKCB_06879-0
LONINKCB_06880	35571	8.32e-45	LONINKCB_06880-0
LONINKCB_06881	38358	4.54e-32	LONINKCB_06881-0
LONINKCB_06882	38358	8.52e-23	LONINKCB_06882-0
LONINKCB_06883	38358	1.12e-84	LONINKCB_06883-0
LONINKCB_06884	38358	9.17e-11	LONINKCB_06884-0
LONINKCB_06885			LONINKCB_06885-0
LONINKCB_06886			LONINKCB_06886-0
LONINKCB_06887			LONINKCB_06887-0
LONINKCB_06888			LONINKCB_06888-0
LONINKCB_06889			LONINKCB_06889-0
LONINKCB_06890			LONINKCB_06890-0
LONINKCB_06891			LONINKCB_06891-0
LONINKCB_06892			LONINKCB_06892-0
LONINKCB_06893			LONINKCB_06893-0
LONINKCB_06894			LONINKCB_06894-0
LONINKCB_06895			LONINKCB_06895-0
LONINKCB_06896			LONINKCB_06896-0
LONINKCB_06897			LONINKCB_06897-0
LONINKCB_06898			LONINKCB_06898-0
LONINKCB_06899			LONINKCB_06899-0
LONINKCB_06900			LONINKCB_06900-0
LONINKCB_06901			LONINKCB_06901-0
LONINKCB_06902	38358	6.25e-20	LONINKCB_06902-0
LONINKCB_06903			LONINKCB_06903-0
LONINKCB_06904			LONINKCB_06904-0
LONINKCB_06905			LONINKCB_06905-0
LONINKCB_06906			LONINKCB_06906-0
LONINKCB_06907			LONINKCB_06907-0
LONINKCB_06908			LONINKCB_06908-0
LONINKCB_06909			LONINKCB_06909-0
LONINKCB_06910			LONINKCB_06910-0
LONINKCB_06911			LONINKCB_06911-0
LONINKCB_06912			LONINKCB_06912-0
LONINKCB_06913			LONINKCB_06913-0
LONINKCB_06914			LONINKCB_06914-0
LONINKCB_06915			LONINKCB_06915-0
LONINKCB_06916			LONINKCB_06916-0
LONINKCB_06917			LONINKCB_06917-0
LONINKCB_06918			LONINKCB_06918-0
LONINKCB_06919			LONINKCB_06919-0
LONINKCB_06920			LONINKCB_06920-0
LONINKCB_06921			LONINKCB_06921-0
LONINKCB_06922			LONINKCB_06922-0
LONINKCB_06923			LONINKCB_06923-0
LONINKCB_06924			LONINKCB_06924-0
LONINKCB_06925			LONINKCB_06925-0
LONINKCB_06926			LONINKCB_06926-0
LONINKCB_06927			LONINKCB_06927-0
LONINKCB_06928			LONINKCB_06928-0
LONINKCB_06929			LONINKCB_06929-0
LONINKCB_06930			LONINKCB_06930-0
LONINKCB_06931			LONINKCB_06931-0
LONINKCB_06932			LONINKCB_06932-0
LONINKCB_06933			LONINKCB_06933-0
LONINKCB_06934			LONINKCB_06934-0
LONINKCB_06935			LONINKCB_06935-0
LONINKCB_06936			LONINKCB_06936-0
LONINKCB_06937			LONINKCB_06937-0
LONINKCB_06938			LONINKCB_06938-0
LONINKCB_06939			LONINKCB_06939-0
LONINKCB_06940			LONINKCB_06940-0
LONINKCB_06941			LONINKCB_06941-0
LONINKCB_06942			LONINKCB_06942-0
LONINKCB_06943			LONINKCB_06943-0
LONINKCB_06944			LONINKCB_06944-0
LONINKCB_06945			LONINKCB_06945-0
LONINKCB_06946			LONINKCB_06946-0
LONINKCB_06947			LONINKCB_06947-0
LONINKCB_06948			LONINKCB_06948-0
LONINKCB_06949	263140	6.57e-04	LONINKCB_06949-0
LONINKCB_06950		3.18e-08	LONINKCB_06950-0
LONINKCB_06951			LONINKCB_06951-0
LONINKCB_06952			LONINKCB_06952-0
LONINKCB_06953			LONINKCB_06953-0
LONINKCB_06954			LONINKCB_06954-0
LONINKCB_06955			LONINKCB_06955-0
LONINKCB_06956			LONINKCB_06956-0
LONINKCB_06957			LONINKCB_06957-0
LONINKCB_06958			LONINKCB_06958-0
LONINKCB_06959			LONINKCB_06959-0
LONINKCB_06960			LONINKCB_06960-0
LONINKCB_06961			LONINKCB_06961-0
LONINKCB_06962			LONINKCB_06962-0
LONINKCB_06963			LONINKCB_06963-0
LONINKCB_06964			LONINKCB_06964-0
LONINKCB_06965			LONINKCB_06965-0
LONINKCB_06966			LONINKCB_06966-0
LONINKCB_06967			LONINKCB_06967-0
LONINKCB_06968			LONINKCB_06968-0
LONINKCB_06969			LONINKCB_06969-0
LONINKCB_06970		8.27e-50	LONINKCB_06970-0
LONINKCB_06971			LONINKCB_06971-0
LONINKCB_06972			LONINKCB_06972-0
LONINKCB_06973			LONINKCB_06973-0
LONINKCB_06974			LONINKCB_06974-0
LONINKCB_06975			LONINKCB_06975-0
LONINKCB_06976			LONINKCB_06976-0
LONINKCB_06977	38358	1.37e-55	LONINKCB_06977-0
LONINKCB_06978			LONINKCB_06978-0
LONINKCB_06979	38358	6.71e-67	LONINKCB_06979-0
LONINKCB_06980			LONINKCB_06980-0
LONINKCB_06981			LONINKCB_06981-0
LONINKCB_06982			LONINKCB_06982-0
LONINKCB_06983			LONINKCB_06983-0
LONINKCB_06984			LONINKCB_06984-0
LONINKCB_06985		1.53e-08	LONINKCB_06985-0
LONINKCB_06986			LONINKCB_06986-0
LONINKCB_06987		1.08e-141	LONINKCB_06987-0
LONINKCB_06988		1.60e-83	LONINKCB_06988-0
LONINKCB_06989			LONINKCB_06989-0
LONINKCB_06990	35571	0.0	LONINKCB_06990-0
LONINKCB_06991		3.41e-46	LONINKCB_06991-0
LONINKCB_06992			LONINKCB_06992-0
LONINKCB_06993			LONINKCB_06993-0
LONINKCB_06994			LONINKCB_06994-0
LONINKCB_06995			LONINKCB_06995-0
LONINKCB_06996			LONINKCB_06996-0
LONINKCB_06997			LONINKCB_06997-0
LONINKCB_06998			LONINKCB_06998-0
LONINKCB_06999			LONINKCB_06999-0
LONINKCB_07000			LONINKCB_07000-0
LONINKCB_07001			LONINKCB_07001-0
LONINKCB_07002			LONINKCB_07002-0
LONINKCB_07003			LONINKCB_07003-0
LONINKCB_07004			LONINKCB_07004-0
LONINKCB_07005			LONINKCB_07005-0
LONINKCB_07006			LONINKCB_07006-0
LONINKCB_07007			LONINKCB_07007-0
LONINKCB_07008			LONINKCB_07008-0
LONINKCB_07009			LONINKCB_07009-0
LONINKCB_07010		4.94e-61	LONINKCB_07010-0
LONINKCB_07011			LONINKCB_07011-0
LONINKCB_07012			LONINKCB_07012-0
LONINKCB_07013			LONINKCB_07013-0
LONINKCB_07014			LONINKCB_07014-0
LONINKCB_07015			LONINKCB_07015-0
LONINKCB_07016			LONINKCB_07016-0
LONINKCB_07017	35571	1.30e-24	LONINKCB_07017-0
LONINKCB_07018			LONINKCB_07018-0
LONINKCB_07019	35571	1.20e-37	LONINKCB_07019-0
LONINKCB_07020		8.33e-13	LONINKCB_07020-0
LONINKCB_07021		1.14e-129	LONINKCB_07021-0
LONINKCB_07022		7.93e-27	LONINKCB_07022-0
LONINKCB_07023			LONINKCB_07023-0
LONINKCB_07024			LONINKCB_07024-0
LONINKCB_07025	35571	1.31e-31	LONINKCB_07025-0
LONINKCB_07026		1.93e-22	LONINKCB_07026-0
LONINKCB_07027	35571	5.84e-29	LONINKCB_07027-0
LONINKCB_07028		3.25e-48	LONINKCB_07028-0
LONINKCB_07029			LONINKCB_07029-0
LONINKCB_07030			LONINKCB_07030-0
LONINKCB_07031			LONINKCB_07031-0
LONINKCB_07032			LONINKCB_07032-0
LONINKCB_07033			LONINKCB_07033-0
LONINKCB_07034			LONINKCB_07034-0
LONINKCB_07035			LONINKCB_07035-0
LONINKCB_07036			LONINKCB_07036-0
LONINKCB_07037			LONINKCB_07037-0
LONINKCB_07038			LONINKCB_07038-0
LONINKCB_07039			LONINKCB_07039-0
LONINKCB_07040			LONINKCB_07040-0
LONINKCB_07041			LONINKCB_07041-0
LONINKCB_07042			LONINKCB_07042-0
LONINKCB_07043			LONINKCB_07043-0
LONINKCB_07044			LONINKCB_07044-0
LONINKCB_07045			LONINKCB_07045-0
LONINKCB_07046			LONINKCB_07046-0
LONINKCB_07047	38358	2.34e-52	LONINKCB_07047-0
LONINKCB_07048			LONINKCB_07048-0
LONINKCB_07049			LONINKCB_07049-0
LONINKCB_07050			LONINKCB_07050-0
LONINKCB_07051			LONINKCB_07051-0
LONINKCB_07052			LONINKCB_07052-0
LONINKCB_07053			LONINKCB_07053-0
LONINKCB_07054			LONINKCB_07054-0
LONINKCB_07055			LONINKCB_07055-0
LONINKCB_07056			LONINKCB_07056-0
LONINKCB_07057			LONINKCB_07057-0
LONINKCB_07058			LONINKCB_07058-0
LONINKCB_07059	35571	1.29e-84	LONINKCB_07059-0
LONINKCB_07060			LONINKCB_07060-0
LONINKCB_07061			LONINKCB_07061-0
LONINKCB_07062			LONINKCB_07062-0
LONINKCB_07063	2	7.29e-15	LONINKCB_07063-0
LONINKCB_07064		1.47e-67	LONINKCB_07064-0
LONINKCB_07065		7.32e-26	LONINKCB_07065-0
LONINKCB_07066		1.97e-75	LONINKCB_07066-0
LONINKCB_07067		1.40e-33	LONINKCB_07067-0
LONINKCB_07068		6.35e-57	LONINKCB_07068-0
LONINKCB_07069	35571	4.00e-36	LONINKCB_07069-0
LONINKCB_07070			LONINKCB_07070-0
LONINKCB_07071			LONINKCB_07071-0
LONINKCB_07072			LONINKCB_07072-0
LONINKCB_07073			LONINKCB_07073-0
LONINKCB_07074			LONINKCB_07074-0
LONINKCB_07075			LONINKCB_07075-0
LONINKCB_07076			LONINKCB_07076-0
LONINKCB_07077			LONINKCB_07077-0
LONINKCB_07078			LONINKCB_07078-0
LONINKCB_07079			LONINKCB_07079-0
LONINKCB_07080	35571	2.70e-06	LONINKCB_07080-0
LONINKCB_07081		8.93e-55	LONINKCB_07081-0
LONINKCB_07082	35571	2.94e-134	LONINKCB_07082-0
LONINKCB_07083	35571	8.05e-48	LONINKCB_07083-0
LONINKCB_07084			LONINKCB_07084-0
LONINKCB_07085	35571	7.63e-09	LONINKCB_07085-0
LONINKCB_07086		3.95e-37	LONINKCB_07086-0
LONINKCB_07087	1979941	6.08e-04	LONINKCB_07087-0
LONINKCB_07088			LONINKCB_07088-0
LONINKCB_07089			LONINKCB_07089-0
LONINKCB_07090	7141	1.33e-08	LONINKCB_07090-0
LONINKCB_07091		1.11e-35	LONINKCB_07091-0
LONINKCB_07092			LONINKCB_07092-0
LONINKCB_07093			LONINKCB_07093-0
LONINKCB_07094		7.42e-28	LONINKCB_07094-0
LONINKCB_07095		1.82e-40	LONINKCB_07095-0
LONINKCB_07096			LONINKCB_07096-0
LONINKCB_07097			LONINKCB_07097-0
LONINKCB_07098		1.07e-42	LONINKCB_07098-0
LONINKCB_07099			LONINKCB_07099-0
LONINKCB_07100			LONINKCB_07100-0
LONINKCB_07101	35571	2.31e-52	LONINKCB_07101-0
LONINKCB_07102	35571	4.30e-35	LONINKCB_07102-0
LONINKCB_07103	35571	8.15e-15	LONINKCB_07103-0
LONINKCB_07104	35571	3.13e-51	LONINKCB_07104-0
LONINKCB_07105		1.56e-21	LONINKCB_07105-0
LONINKCB_07106	35571	6.37e-76	LONINKCB_07106-0
LONINKCB_07107			LONINKCB_07107-0
LONINKCB_07108			LONINKCB_07108-0
LONINKCB_07109			LONINKCB_07109-0
LONINKCB_07110			LONINKCB_07110-0
LONINKCB_07111			LONINKCB_07111-0
LONINKCB_07112			LONINKCB_07112-0
LONINKCB_07113		1.09e-59	LONINKCB_07113-0
LONINKCB_07114			LONINKCB_07114-0
LONINKCB_07115			LONINKCB_07115-0
LONINKCB_07116		2.44e-66	LONINKCB_07116-0
LONINKCB_07117			LONINKCB_07117-0
LONINKCB_07118			LONINKCB_07118-0
LONINKCB_07119			LONINKCB_07119-0
LONINKCB_07120			LONINKCB_07120-0
LONINKCB_07121			LONINKCB_07121-0
LONINKCB_07122			LONINKCB_07122-0
LONINKCB_07123			LONINKCB_07123-0
LONINKCB_07124			LONINKCB_07124-0
LONINKCB_07125		9.28e-20	LONINKCB_07125-0
LONINKCB_07126	265458	2.31e-31	LONINKCB_07126-0
LONINKCB_07127			LONINKCB_07127-0
LONINKCB_07128	35571	1.13e-201	LONINKCB_07128-0
LONINKCB_07129			LONINKCB_07129-0
LONINKCB_07130	35571	7.04e-44	LONINKCB_07130-0
LONINKCB_07131			LONINKCB_07131-0
LONINKCB_07132	35571	3.83e-70	LONINKCB_07132-0
LONINKCB_07133	38358	4.58e-54	LONINKCB_07133-0
LONINKCB_07134	38358	6.78e-148	LONINKCB_07134-0
LONINKCB_07135			LONINKCB_07135-0
LONINKCB_07136			LONINKCB_07136-0
LONINKCB_07137			LONINKCB_07137-0
LONINKCB_07138			LONINKCB_07138-0
LONINKCB_07139	38358	3.26e-10	LONINKCB_07139-0
LONINKCB_07140			LONINKCB_07140-0
LONINKCB_07141			LONINKCB_07141-0
LONINKCB_07142			LONINKCB_07142-0
LONINKCB_07143			LONINKCB_07143-0
LONINKCB_07144			LONINKCB_07144-0
LONINKCB_07145			LONINKCB_07145-0
LONINKCB_07146	35571	7.42e-111	LONINKCB_07146-0
LONINKCB_07147			LONINKCB_07147-0
LONINKCB_07148			LONINKCB_07148-0
LONINKCB_07149			LONINKCB_07149-0
LONINKCB_07150			LONINKCB_07150-0
LONINKCB_07151			LONINKCB_07151-0
LONINKCB_07152			LONINKCB_07152-0
LONINKCB_07153			LONINKCB_07153-0
LONINKCB_07154			LONINKCB_07154-0
LONINKCB_07155			LONINKCB_07155-0
LONINKCB_07156			LONINKCB_07156-0
LONINKCB_07157	35571	6.46e-29	LONINKCB_07157-0
LONINKCB_07158	35571	1.08e-82	LONINKCB_07158-0
LONINKCB_07159			LONINKCB_07159-0
LONINKCB_07160			LONINKCB_07160-0
LONINKCB_07161			LONINKCB_07161-0
LONINKCB_07162			LONINKCB_07162-0
LONINKCB_07163			LONINKCB_07163-0
LONINKCB_07164			LONINKCB_07164-0
LONINKCB_07165		1.02e-05	LONINKCB_07165-0
LONINKCB_07166			LONINKCB_07166-0
LONINKCB_07167			LONINKCB_07167-0
LONINKCB_07168			LONINKCB_07168-0
LONINKCB_07169			LONINKCB_07169-0
LONINKCB_07170			LONINKCB_07170-0
LONINKCB_07171			LONINKCB_07171-0
LONINKCB_07172			LONINKCB_07172-0
LONINKCB_07173			LONINKCB_07173-0
LONINKCB_07174			LONINKCB_07174-0
LONINKCB_07175		2.82e-43	LONINKCB_07175-0
LONINKCB_07176			LONINKCB_07176-0
LONINKCB_07177			LONINKCB_07177-0
LONINKCB_07178			LONINKCB_07178-0
LONINKCB_07179			LONINKCB_07179-0
LONINKCB_07180			LONINKCB_07180-0
LONINKCB_07181			LONINKCB_07181-0
LONINKCB_07182			LONINKCB_07182-0
LONINKCB_07183			LONINKCB_07183-0
LONINKCB_07184			LONINKCB_07184-0
LONINKCB_07185			LONINKCB_07185-0
LONINKCB_07186			LONINKCB_07186-0
LONINKCB_07187			LONINKCB_07187-0
LONINKCB_07188			LONINKCB_07188-0
LONINKCB_07189			LONINKCB_07189-0
LONINKCB_07190			LONINKCB_07190-0
LONINKCB_07191			LONINKCB_07191-0
LONINKCB_07192			LONINKCB_07192-0
LONINKCB_07193			LONINKCB_07193-0
LONINKCB_07194			LONINKCB_07194-0
LONINKCB_07195			LONINKCB_07195-0
LONINKCB_07196	1564500	6.26e-34	LONINKCB_07196-0
LONINKCB_07197	35571	3.23e-16	LONINKCB_07197-0
LONINKCB_07198	1564500	7.61e-11	LONINKCB_07198-0
LONINKCB_07199	1564500	7.50e-40	LONINKCB_07199-0
LONINKCB_07200	1564500	1.99e-63	LONINKCB_07200-0
LONINKCB_07201	35571	4.43e-97	LONINKCB_07201-0
LONINKCB_07202		1.05e-13	LONINKCB_07202-0
LONINKCB_07203			LONINKCB_07203-0
LONINKCB_07204		8.09e-09	LONINKCB_07204-0
LONINKCB_07205		5.52e-14	LONINKCB_07205-0
LONINKCB_07206			LONINKCB_07206-0
LONINKCB_07207		1.70e-22	LONINKCB_07207-0
LONINKCB_07208		1.87e-31	LONINKCB_07208-0
LONINKCB_07209			LONINKCB_07209-0
LONINKCB_07210		2.14e-30	LONINKCB_07210-0
LONINKCB_07211			LONINKCB_07211-0
LONINKCB_07212			LONINKCB_07212-0
LONINKCB_07213			LONINKCB_07213-0
LONINKCB_07214		2.66e-40	LONINKCB_07214-0
LONINKCB_07215			LONINKCB_07215-0
LONINKCB_07216			LONINKCB_07216-0
LONINKCB_07217			LONINKCB_07217-0
LONINKCB_07218			LONINKCB_07218-0
LONINKCB_07219			LONINKCB_07219-0
LONINKCB_07220			LONINKCB_07220-0
LONINKCB_07221			LONINKCB_07221-0
LONINKCB_07222			LONINKCB_07222-0
LONINKCB_07223			LONINKCB_07223-0
LONINKCB_07224	35571	8.39e-61	LONINKCB_07224-0
LONINKCB_07225			LONINKCB_07225-0
LONINKCB_07226			LONINKCB_07226-0
LONINKCB_07227			LONINKCB_07227-0
LONINKCB_07228			LONINKCB_07228-0
LONINKCB_07229			LONINKCB_07229-0
LONINKCB_07230			LONINKCB_07230-0
LONINKCB_07231			LONINKCB_07231-0
LONINKCB_07232			LONINKCB_07232-0
LONINKCB_07233			LONINKCB_07233-0
LONINKCB_07234			LONINKCB_07234-0
LONINKCB_07235			LONINKCB_07235-0
LONINKCB_07236			LONINKCB_07236-0
LONINKCB_07237			LONINKCB_07237-0
LONINKCB_07238			LONINKCB_07238-0
LONINKCB_07239			LONINKCB_07239-0
LONINKCB_07240			LONINKCB_07240-0
LONINKCB_07241			LONINKCB_07241-0
LONINKCB_07242			LONINKCB_07242-0
LONINKCB_07243			LONINKCB_07243-0
LONINKCB_07244			LONINKCB_07244-0
LONINKCB_07245			LONINKCB_07245-0
LONINKCB_07246			LONINKCB_07246-0
LONINKCB_07247			LONINKCB_07247-0
LONINKCB_07248	35571	2.15e-75	LONINKCB_07248-0
LONINKCB_07249	35571	1.24e-64	LONINKCB_07249-0
LONINKCB_07250			LONINKCB_07250-0
LONINKCB_07251	35571	1.40e-103	LONINKCB_07251-0
LONINKCB_07252		2.44e-27	LONINKCB_07252-0
LONINKCB_07253	35571	6.40e-36	LONINKCB_07253-0
LONINKCB_07254	1564500	1.52e-39	LONINKCB_07254-0
LONINKCB_07255	38358	2.23e-24	LONINKCB_07255-0
LONINKCB_07256	38358	3.32e-65	LONINKCB_07256-0
LONINKCB_07257	38358	1.41e-19	LONINKCB_07257-0
LONINKCB_07258	38358	1.47e-69	LONINKCB_07258-0
LONINKCB_07259	35571	7.51e-31	LONINKCB_07259-0
LONINKCB_07260	38358	8.37e-27	LONINKCB_07260-0
LONINKCB_07261	38358	3.61e-32	LONINKCB_07261-0
LONINKCB_07262	38358	6.64e-77	LONINKCB_07262-0
LONINKCB_07263			LONINKCB_07263-0
LONINKCB_07264			LONINKCB_07264-0
LONINKCB_07265	35571	4.33e-132	LONINKCB_07265-0
LONINKCB_07266			LONINKCB_07266-0
LONINKCB_07267			LONINKCB_07267-0
LONINKCB_07268			LONINKCB_07268-0
LONINKCB_07269			LONINKCB_07269-0
LONINKCB_07270			LONINKCB_07270-0
LONINKCB_07271			LONINKCB_07271-0
LONINKCB_07272			LONINKCB_07272-0
LONINKCB_07273			LONINKCB_07273-0
LONINKCB_07274			LONINKCB_07274-0
LONINKCB_07275	35571	5.76e-59	LONINKCB_07275-0
LONINKCB_07276	35571	9.42e-23	LONINKCB_07276-0
LONINKCB_07277	35571	8.49e-90	LONINKCB_07277-0
LONINKCB_07278		1.95e-22	LONINKCB_07278-0
LONINKCB_07279	35571	1.33e-39	LONINKCB_07279-0
LONINKCB_07280			LONINKCB_07280-0
LONINKCB_07281	35571	1.20e-62	LONINKCB_07281-0
LONINKCB_07282	35571	1.35e-21	LONINKCB_07282-0
LONINKCB_07283			LONINKCB_07283-0
LONINKCB_07284			LONINKCB_07284-0
LONINKCB_07285			LONINKCB_07285-0
LONINKCB_07286			LONINKCB_07286-0
LONINKCB_07287			LONINKCB_07287-0
LONINKCB_07288			LONINKCB_07288-0
LONINKCB_07289			LONINKCB_07289-0
LONINKCB_07290		1.09e-71	LONINKCB_07290-0
LONINKCB_07291		1.85e-60	LONINKCB_07291-0
LONINKCB_07292	35571	1.38e-16	LONINKCB_07292-0
LONINKCB_07293	35571	9.23e-23	LONINKCB_07293-0
LONINKCB_07294	2	4.44e-27	LONINKCB_07294-0
LONINKCB_07295	35572	2.67e-62	LONINKCB_07295-0
LONINKCB_07296			LONINKCB_07296-0
LONINKCB_07297			LONINKCB_07297-0
LONINKCB_07298			LONINKCB_07298-0
LONINKCB_07299			LONINKCB_07299-0
LONINKCB_07300			LONINKCB_07300-0
LONINKCB_07301			LONINKCB_07301-0
LONINKCB_07892		3.32e-45	LONINKCB_07892-0
LONINKCB_07893			LONINKCB_07893-0
LONINKCB_07894			LONINKCB_07894-0
LONINKCB_07895			LONINKCB_07895-0
LONINKCB_07896			LONINKCB_07896-0
LONINKCB_07897		4.49e-13	LONINKCB_07897-0
LONINKCB_07898	35571	8.53e-38	LONINKCB_07898-0
LONINKCB_07899		1.70e-56	LONINKCB_07899-0
LONINKCB_07900			LONINKCB_07900-0
LONINKCB_07901	35571	5.52e-122	LONINKCB_07901-0
LONINKCB_07902		1.87e-61	LONINKCB_07902-0
LONINKCB_07903		5.14e-19	LONINKCB_07903-0
LONINKCB_07904	35571	5.20e-64	LONINKCB_07904-0
LONINKCB_07905	35571	1.41e-50	LONINKCB_07905-0
LONINKCB_07906			LONINKCB_07906-0
LONINKCB_07907	35571	2.38e-80	LONINKCB_07907-0
LONINKCB_07908		1.80e-50	LONINKCB_07908-0
LONINKCB_07909	35571	3.19e-48	LONINKCB_07909-0
LONINKCB_07910	35571	3.82e-47	LONINKCB_07910-0
LONINKCB_07911		2.60e-05	LONINKCB_07911-0
LONINKCB_07912			LONINKCB_07912-0
LONINKCB_07913	7396	5.34e-15	LONINKCB_07913-0
LONINKCB_07914			LONINKCB_07914-0
LONINKCB_07915			LONINKCB_07915-0
LONINKCB_07916	35571	3.41e-32	LONINKCB_07916-0
LONINKCB_07917			LONINKCB_07917-0
LONINKCB_07918			LONINKCB_07918-0
LONINKCB_07919	35571	5.01e-35	LONINKCB_07919-0
LONINKCB_07920	35571	2.24e-10	LONINKCB_07920-0
LONINKCB_07921		6.45e-49	LONINKCB_07921-0
LONINKCB_07922			LONINKCB_07922-0
LONINKCB_07923			LONINKCB_07923-0
LONINKCB_07924			LONINKCB_07924-0
LONINKCB_07925			LONINKCB_07925-0
LONINKCB_07926	35571	4.67e-26	LONINKCB_07926-0
LONINKCB_07927	35571	5.29e-28	LONINKCB_07927-0
LONINKCB_07928	35571	2.70e-85	LONINKCB_07928-0
LONINKCB_07929			LONINKCB_07929-0
LONINKCB_07930	35571	3.13e-85	LONINKCB_07930-0
LONINKCB_07931	35571	1.03e-37	LONINKCB_07931-0
LONINKCB_07932			LONINKCB_07932-0
LONINKCB_07933			LONINKCB_07933-0
LONINKCB_07934			LONINKCB_07934-0
LONINKCB_07935			LONINKCB_07935-0
LONINKCB_07936			LONINKCB_07936-0
LONINKCB_07937			LONINKCB_07937-0
LONINKCB_07938			LONINKCB_07938-0
LONINKCB_07939			LONINKCB_07939-0
LONINKCB_07940			LONINKCB_07940-0
LONINKCB_07941			LONINKCB_07941-0
LONINKCB_07942			LONINKCB_07942-0
LONINKCB_07943			LONINKCB_07943-0
LONINKCB_07944			LONINKCB_07944-0
LONINKCB_07945			LONINKCB_07945-0
LONINKCB_07946			LONINKCB_07946-0
LONINKCB_07947			LONINKCB_07947-0
LONINKCB_07948			LONINKCB_07948-0
LONINKCB_07949		4.22e-37	LONINKCB_07949-0
LONINKCB_07950			LONINKCB_07950-0
LONINKCB_07951			LONINKCB_07951-0
LONINKCB_07952			LONINKCB_07952-0
LONINKCB_07953			LONINKCB_07953-0
LONINKCB_07954			LONINKCB_07954-0
LONINKCB_07955			LONINKCB_07955-0
LONINKCB_07956			LONINKCB_07956-0
LONINKCB_07957			LONINKCB_07957-0
LONINKCB_07958	38358	3.63e-270	LONINKCB_07958-0
LONINKCB_07959	38358	8.20e-55	LONINKCB_07959-0
LONINKCB_07960	38358	5.73e-124	LONINKCB_07960-0
LONINKCB_07961			LONINKCB_07961-0
LONINKCB_07962	2	5.26e-25	LONINKCB_07962-0
LONINKCB_07963			LONINKCB_07963-0
LONINKCB_07964			LONINKCB_07964-0
LONINKCB_07965			LONINKCB_07965-0
LONINKCB_07966			LONINKCB_07966-0
LONINKCB_07967			LONINKCB_07967-0
LONINKCB_07968			LONINKCB_07968-0
LONINKCB_07969			LONINKCB_07969-0
LONINKCB_07970			LONINKCB_07970-0
LONINKCB_07971			LONINKCB_07971-0
LONINKCB_07972			LONINKCB_07972-0
LONINKCB_07973			LONINKCB_07973-0
LONINKCB_07974			LONINKCB_07974-0
LONINKCB_07975			LONINKCB_07975-0
LONINKCB_07976			LONINKCB_07976-0
LONINKCB_07977			LONINKCB_07977-0
LONINKCB_07978			LONINKCB_07978-0
LONINKCB_07979			LONINKCB_07979-0
LONINKCB_07980			LONINKCB_07980-0
LONINKCB_07981			LONINKCB_07981-0
LONINKCB_07982			LONINKCB_07982-0
LONINKCB_07983			LONINKCB_07983-0
LONINKCB_07984			LONINKCB_07984-0
LONINKCB_07985			LONINKCB_07985-0
LONINKCB_07986			LONINKCB_07986-0
LONINKCB_07987			LONINKCB_07987-0
LONINKCB_07988			LONINKCB_07988-0
LONINKCB_07989			LONINKCB_07989-0
LONINKCB_07990			LONINKCB_07990-0
LONINKCB_07991			LONINKCB_07991-0
LONINKCB_07992			LONINKCB_07992-0
LONINKCB_07993			LONINKCB_07993-0
LONINKCB_07994			LONINKCB_07994-0
LONINKCB_07995			LONINKCB_07995-0
LONINKCB_07996			LONINKCB_07996-0
LONINKCB_07997			LONINKCB_07997-0
LONINKCB_07998			LONINKCB_07998-0
LONINKCB_07999			LONINKCB_07999-0
LONINKCB_08000			LONINKCB_08000-0
LONINKCB_08001			LONINKCB_08001-0
LONINKCB_08002			LONINKCB_08002-0
LONINKCB_08003			LONINKCB_08003-0
LONINKCB_08004			LONINKCB_08004-0
LONINKCB_08005			LONINKCB_08005-0
LONINKCB_08006			LONINKCB_08006-0
LONINKCB_08007			LONINKCB_08007-0
LONINKCB_08008			LONINKCB_08008-0
LONINKCB_08009			LONINKCB_08009-0
LONINKCB_08010			LONINKCB_08010-0
LONINKCB_08011			LONINKCB_08011-0
LONINKCB_08012			LONINKCB_08012-0
LONINKCB_08013			LONINKCB_08013-0
LONINKCB_08014			LONINKCB_08014-0
LONINKCB_08015			LONINKCB_08015-0
LONINKCB_08016	38358	1.48e-08	LONINKCB_08016-0
LONINKCB_08017		4.40e-18	LONINKCB_08017-0
LONINKCB_08018			LONINKCB_08018-0
LONINKCB_08019			LONINKCB_08019-0
LONINKCB_08020			LONINKCB_08020-0
LONINKCB_08021			LONINKCB_08021-0
LONINKCB_08022			LONINKCB_08022-0
LONINKCB_08023			LONINKCB_08023-0
LONINKCB_08024	38358	2.29e-142	LONINKCB_08024-0
LONINKCB_08025	38358	1.46e-72	LONINKCB_08025-0
LONINKCB_08026			LONINKCB_08026-0
LONINKCB_08027	38358	5.28e-42	LONINKCB_08027-0
LONINKCB_08028			LONINKCB_08028-0
LONINKCB_08029	38358	2.79e-99	LONINKCB_08029-0
LONINKCB_08030	38358	2.60e-31	LONINKCB_08030-0
LONINKCB_08031			LONINKCB_08031-0
LONINKCB_08032	38358	4.61e-67	LONINKCB_08032-0
LONINKCB_08033	38358	3.61e-78	LONINKCB_08033-0
LONINKCB_08034	38358	1.07e-31	LONINKCB_08034-0
LONINKCB_08035	38358	1.11e-45	LONINKCB_08035-0
LONINKCB_08036	38358	1.10e-47	LONINKCB_08036-0
LONINKCB_08037			LONINKCB_08037-0
LONINKCB_08038			LONINKCB_08038-0
LONINKCB_08039			LONINKCB_08039-0
LONINKCB_08040			LONINKCB_08040-0
LONINKCB_08041	38358	7.38e-119	LONINKCB_08041-0
LONINKCB_08042	38358	5.33e-09	LONINKCB_08042-0
LONINKCB_08043	38358	5.72e-26	LONINKCB_08043-0
LONINKCB_08044			LONINKCB_08044-0
LONINKCB_08045			LONINKCB_08045-0
LONINKCB_08046			LONINKCB_08046-0
LONINKCB_08047		4.83e-14	LONINKCB_08047-0
LONINKCB_08048			LONINKCB_08048-0
LONINKCB_08049			LONINKCB_08049-0
LONINKCB_08050			LONINKCB_08050-0
LONINKCB_08051			LONINKCB_08051-0
LONINKCB_08052	2	1.87e-13	LONINKCB_08052-0
LONINKCB_08053		3.65e-82	LONINKCB_08053-0
LONINKCB_08054			LONINKCB_08054-0
LONINKCB_08055	2	9.06e-37	LONINKCB_08055-0
LONINKCB_08056	2	4.08e-20	LONINKCB_08056-0
LONINKCB_08057			LONINKCB_08057-0
LONINKCB_08058	38358	5.37e-41	LONINKCB_08058-0
LONINKCB_08059		1.71e-48	LONINKCB_08059-0
LONINKCB_08060		5.13e-90	LONINKCB_08060-0
LONINKCB_08061			LONINKCB_08061-0
LONINKCB_08062			LONINKCB_08062-0
LONINKCB_08063			LONINKCB_08063-0
LONINKCB_08064	1564500	3.85e-10	LONINKCB_08064-0
LONINKCB_08065			LONINKCB_08065-0
LONINKCB_08066			LONINKCB_08066-0
LONINKCB_08067			LONINKCB_08067-0
LONINKCB_08068			LONINKCB_08068-0
LONINKCB_08069			LONINKCB_08069-0
LONINKCB_08070			LONINKCB_08070-0
LONINKCB_08071			LONINKCB_08071-0
LONINKCB_08072			LONINKCB_08072-0
LONINKCB_08073			LONINKCB_08073-0
LONINKCB_08074			LONINKCB_08074-0
LONINKCB_08075		5.80e-51	LONINKCB_08075-0
LONINKCB_08076	38358	2.56e-40	LONINKCB_08076-0
LONINKCB_08077	38358	3.80e-50	LONINKCB_08077-0
LONINKCB_08078		4.20e-141	LONINKCB_08078-0
LONINKCB_08079	2	2.87e-14	LONINKCB_08079-0
LONINKCB_08080			LONINKCB_08080-0
LONINKCB_08081			LONINKCB_08081-0
LONINKCB_08082			LONINKCB_08082-0
LONINKCB_08083			LONINKCB_08083-0
LONINKCB_08084			LONINKCB_08084-0
LONINKCB_08085			LONINKCB_08085-0
LONINKCB_08086			LONINKCB_08086-0
LONINKCB_08087			LONINKCB_08087-0
LONINKCB_08088			LONINKCB_08088-0
LONINKCB_08089			LONINKCB_08089-0
LONINKCB_08090			LONINKCB_08090-0
LONINKCB_08091			LONINKCB_08091-0
LONINKCB_08092			LONINKCB_08092-0
LONINKCB_08093			LONINKCB_08093-0
LONINKCB_08094			LONINKCB_08094-0
LONINKCB_08095			LONINKCB_08095-0
LONINKCB_08096			LONINKCB_08096-0
LONINKCB_08097			LONINKCB_08097-0
LONINKCB_08098			LONINKCB_08098-0
LONINKCB_08099		2.37e-52	LONINKCB_08099-0
LONINKCB_08100			LONINKCB_08100-0
LONINKCB_08101			LONINKCB_08101-0
LONINKCB_08102			LONINKCB_08102-0
LONINKCB_08103	35571	2.67e-51	LONINKCB_08103-0
LONINKCB_08104	38358	2.84e-98	LONINKCB_08104-0
LONINKCB_08105	38358	4.38e-33	LONINKCB_08105-0
LONINKCB_08106			LONINKCB_08106-0
LONINKCB_08107			LONINKCB_08107-0
LONINKCB_08108			LONINKCB_08108-0
LONINKCB_08109			LONINKCB_08109-0
LONINKCB_08110			LONINKCB_08110-0
LONINKCB_08111	38358	7.06e-75	LONINKCB_08111-0
LONINKCB_08112		2.22e-127	LONINKCB_08112-0
LONINKCB_08113		8.94e-36	LONINKCB_08113-0
LONINKCB_08114			LONINKCB_08114-0
LONINKCB_08115			LONINKCB_08115-0
LONINKCB_08116			LONINKCB_08116-0
LONINKCB_08117			LONINKCB_08117-0
LONINKCB_08118			LONINKCB_08118-0
LONINKCB_08119			LONINKCB_08119-0
LONINKCB_08120			LONINKCB_08120-0
LONINKCB_08121			LONINKCB_08121-0
LONINKCB_08122			LONINKCB_08122-0
LONINKCB_08123			LONINKCB_08123-0
LONINKCB_08124			LONINKCB_08124-0
LONINKCB_08125			LONINKCB_08125-0
LONINKCB_08126			LONINKCB_08126-0
LONINKCB_08127			LONINKCB_08127-0
LONINKCB_08128			LONINKCB_08128-0
LONINKCB_08129			LONINKCB_08129-0
LONINKCB_08130			LONINKCB_08130-0
LONINKCB_08131			LONINKCB_08131-0
LONINKCB_08132			LONINKCB_08132-0
LONINKCB_08133			LONINKCB_08133-0
LONINKCB_08134			LONINKCB_08134-0
LONINKCB_08135			LONINKCB_08135-0
LONINKCB_08136			LONINKCB_08136-0
LONINKCB_08137			LONINKCB_08137-0
LONINKCB_08138			LONINKCB_08138-0
LONINKCB_08139			LONINKCB_08139-0
LONINKCB_08140			LONINKCB_08140-0
LONINKCB_08141			LONINKCB_08141-0
LONINKCB_08142			LONINKCB_08142-0
LONINKCB_08143			LONINKCB_08143-0
LONINKCB_08144			LONINKCB_08144-0
LONINKCB_08145			LONINKCB_08145-0
LONINKCB_08146			LONINKCB_08146-0
LONINKCB_08147			LONINKCB_08147-0
LONINKCB_08148			LONINKCB_08148-0
LONINKCB_08149			LONINKCB_08149-0
LONINKCB_08150			LONINKCB_08150-0
LONINKCB_08151			LONINKCB_08151-0
LONINKCB_08152			LONINKCB_08152-0
LONINKCB_08153			LONINKCB_08153-0
LONINKCB_08154			LONINKCB_08154-0
LONINKCB_08155			LONINKCB_08155-0
LONINKCB_08156			LONINKCB_08156-0
LONINKCB_08157			LONINKCB_08157-0
LONINKCB_08158			LONINKCB_08158-0
LONINKCB_08159			LONINKCB_08159-0
LONINKCB_08160			LONINKCB_08160-0
LONINKCB_08161			LONINKCB_08161-0
LONINKCB_08162			LONINKCB_08162-0
LONINKCB_08163			LONINKCB_08163-0
LONINKCB_08164			LONINKCB_08164-0
LONINKCB_08165			LONINKCB_08165-0
LONINKCB_08166			LONINKCB_08166-0
LONINKCB_08167			LONINKCB_08167-0
LONINKCB_08168			LONINKCB_08168-0
LONINKCB_08169			LONINKCB_08169-0
LONINKCB_08170			LONINKCB_08170-0
LONINKCB_08171			LONINKCB_08171-0
LONINKCB_08172			LONINKCB_08172-0
LONINKCB_08173			LONINKCB_08173-0
LONINKCB_08174			LONINKCB_08174-0
LONINKCB_08175			LONINKCB_08175-0
LONINKCB_08176			LONINKCB_08176-0
LONINKCB_08177			LONINKCB_08177-0
LONINKCB_08178			LONINKCB_08178-0
LONINKCB_08179			LONINKCB_08179-0
LONINKCB_08180			LONINKCB_08180-0
LONINKCB_08181			LONINKCB_08181-0
LONINKCB_08182			LONINKCB_08182-0
LONINKCB_08183			LONINKCB_08183-0
LONINKCB_08184			LONINKCB_08184-0
LONINKCB_08185			LONINKCB_08185-0
LONINKCB_08186			LONINKCB_08186-0
LONINKCB_08187			LONINKCB_08187-0
LONINKCB_08188			LONINKCB_08188-0
LONINKCB_08189			LONINKCB_08189-0
LONINKCB_08190			LONINKCB_08190-0
LONINKCB_08191			LONINKCB_08191-0
LONINKCB_08192			LONINKCB_08192-0
LONINKCB_08193			LONINKCB_08193-0
LONINKCB_08194			LONINKCB_08194-0
LONINKCB_08195			LONINKCB_08195-0
LONINKCB_08196			LONINKCB_08196-0
LONINKCB_08197			LONINKCB_08197-0
LONINKCB_08198			LONINKCB_08198-0
LONINKCB_08199			LONINKCB_08199-0
LONINKCB_08200			LONINKCB_08200-0
LONINKCB_08201			LONINKCB_08201-0
LONINKCB_08202			LONINKCB_08202-0
LONINKCB_08203			LONINKCB_08203-0
LONINKCB_08204			LONINKCB_08204-0
LONINKCB_08205			LONINKCB_08205-0
LONINKCB_08206			LONINKCB_08206-0
LONINKCB_08207			LONINKCB_08207-0
LONINKCB_08208			LONINKCB_08208-0
LONINKCB_08209			LONINKCB_08209-0
LONINKCB_08210			LONINKCB_08210-0
LONINKCB_08211			LONINKCB_08211-0
LONINKCB_08212			LONINKCB_08212-0
LONINKCB_08213			LONINKCB_08213-0
LONINKCB_08214			LONINKCB_08214-0
LONINKCB_08215			LONINKCB_08215-0
LONINKCB_08216	1564500	1.13e-185	LONINKCB_08216-0
LONINKCB_08217			LONINKCB_08217-0
LONINKCB_08218			LONINKCB_08218-0
LONINKCB_08219			LONINKCB_08219-0
LONINKCB_08220			LONINKCB_08220-0
LONINKCB_08221			LONINKCB_08221-0
LONINKCB_08222			LONINKCB_08222-0
LONINKCB_08223			LONINKCB_08223-0
LONINKCB_08224			LONINKCB_08224-0
LONINKCB_08225			LONINKCB_08225-0
LONINKCB_08226			LONINKCB_08226-0
LONINKCB_08227			LONINKCB_08227-0
LONINKCB_08228			LONINKCB_08228-0
LONINKCB_08229			LONINKCB_08229-0
LONINKCB_08230			LONINKCB_08230-0
LONINKCB_08231	50385	2.33e-31	LONINKCB_08231-0
LONINKCB_08232		2.23e-05	LONINKCB_08232-0
LONINKCB_08233			LONINKCB_08233-0
LONINKCB_08234			LONINKCB_08234-0
LONINKCB_08235			LONINKCB_08235-0
LONINKCB_08236			LONINKCB_08236-0
LONINKCB_08237			LONINKCB_08237-0
LONINKCB_08238			LONINKCB_08238-0
LONINKCB_08239			LONINKCB_08239-0
LONINKCB_08240			LONINKCB_08240-0
LONINKCB_08241			LONINKCB_08241-0
LONINKCB_08242			LONINKCB_08242-0
LONINKCB_08243			LONINKCB_08243-0
LONINKCB_08244			LONINKCB_08244-0
LONINKCB_08245			LONINKCB_08245-0
LONINKCB_08246			LONINKCB_08246-0
LONINKCB_08247			LONINKCB_08247-0
LONINKCB_08248			LONINKCB_08248-0
LONINKCB_08249			LONINKCB_08249-0
LONINKCB_08250			LONINKCB_08250-0
LONINKCB_08251			LONINKCB_08251-0
LONINKCB_08252			LONINKCB_08252-0
LONINKCB_08253			LONINKCB_08253-0
LONINKCB_08254			LONINKCB_08254-0
LONINKCB_08255			LONINKCB_08255-0
LONINKCB_08256			LONINKCB_08256-0
LONINKCB_08257			LONINKCB_08257-0
LONINKCB_08258			LONINKCB_08258-0
LONINKCB_08259			LONINKCB_08259-0
LONINKCB_08260			LONINKCB_08260-0
LONINKCB_08261			LONINKCB_08261-0
LONINKCB_08262			LONINKCB_08262-0
LONINKCB_08263			LONINKCB_08263-0
LONINKCB_08264			LONINKCB_08264-0
LONINKCB_08265			LONINKCB_08265-0
LONINKCB_08266			LONINKCB_08266-0
LONINKCB_08267			LONINKCB_08267-0
LONINKCB_08268			LONINKCB_08268-0
LONINKCB_08269			LONINKCB_08269-0
LONINKCB_08270			LONINKCB_08270-0
LONINKCB_08271			LONINKCB_08271-0
LONINKCB_08272	286459	1.37e-17	LONINKCB_08272-0
LONINKCB_08273	286459	1.49e-29	LONINKCB_08273-0
LONINKCB_08274	286459	5.23e-26	LONINKCB_08274-0
LONINKCB_08275			LONINKCB_08275-0
LONINKCB_08276			LONINKCB_08276-0
LONINKCB_08277			LONINKCB_08277-0
LONINKCB_08278			LONINKCB_08278-0
LONINKCB_08279			LONINKCB_08279-0
LONINKCB_08280	38358	7.98e-62	LONINKCB_08280-0
LONINKCB_08281			LONINKCB_08281-0
LONINKCB_08282			LONINKCB_08282-0
LONINKCB_08283			LONINKCB_08283-0
LONINKCB_08284			LONINKCB_08284-0
LONINKCB_08285			LONINKCB_08285-0
LONINKCB_08286			LONINKCB_08286-0
LONINKCB_08287			LONINKCB_08287-0
LONINKCB_08288			LONINKCB_08288-0
LONINKCB_08289			LONINKCB_08289-0
LONINKCB_08290			LONINKCB_08290-0
LONINKCB_08291			LONINKCB_08291-0
LONINKCB_08292			LONINKCB_08292-0
LONINKCB_08293			LONINKCB_08293-0
LONINKCB_08294			LONINKCB_08294-0
LONINKCB_08295			LONINKCB_08295-0
LONINKCB_08296			LONINKCB_08296-0
LONINKCB_08297			LONINKCB_08297-0
LONINKCB_08298			LONINKCB_08298-0
LONINKCB_08299			LONINKCB_08299-0
LONINKCB_08300			LONINKCB_08300-0
LONINKCB_08301			LONINKCB_08301-0
LONINKCB_08302			LONINKCB_08302-0
LONINKCB_08303			LONINKCB_08303-0
LONINKCB_08304			LONINKCB_08304-0
LONINKCB_08305			LONINKCB_08305-0
LONINKCB_08306			LONINKCB_08306-0
LONINKCB_08307			LONINKCB_08307-0
LONINKCB_08308			LONINKCB_08308-0
LONINKCB_08309			LONINKCB_08309-0
LONINKCB_08310			LONINKCB_08310-0
LONINKCB_08311			LONINKCB_08311-0
LONINKCB_08312			LONINKCB_08312-0
LONINKCB_08313			LONINKCB_08313-0
LONINKCB_08314			LONINKCB_08314-0
LONINKCB_08315			LONINKCB_08315-0
LONINKCB_08316			LONINKCB_08316-0
LONINKCB_08317			LONINKCB_08317-0
LONINKCB_08318			LONINKCB_08318-0
LONINKCB_08319			LONINKCB_08319-0
LONINKCB_08320			LONINKCB_08320-0
LONINKCB_08321	38358	5.52e-07	LONINKCB_08321-0
LONINKCB_08322		1.49e-44	LONINKCB_08322-0
LONINKCB_08323			LONINKCB_08323-0
LONINKCB_08324			LONINKCB_08324-0
LONINKCB_08325			LONINKCB_08325-0
LONINKCB_08326			LONINKCB_08326-0
LONINKCB_08327			LONINKCB_08327-0
LONINKCB_08328			LONINKCB_08328-0
LONINKCB_08329			LONINKCB_08329-0
LONINKCB_08330			LONINKCB_08330-0
LONINKCB_08331			LONINKCB_08331-0
LONINKCB_08332			LONINKCB_08332-0
LONINKCB_08333	38358	2.19e-19	LONINKCB_08333-0
LONINKCB_08334	38358	3.53e-26	LONINKCB_08334-0
LONINKCB_08335			LONINKCB_08335-0
LONINKCB_08336	38358	2.76e-24	LONINKCB_08336-0
LONINKCB_08337			LONINKCB_08337-0
LONINKCB_08338			LONINKCB_08338-0
LONINKCB_08339			LONINKCB_08339-0
LONINKCB_08340	38358	1.35e-63	LONINKCB_08340-0
LONINKCB_08341	38358	1.78e-53	LONINKCB_08341-0
LONINKCB_08342	38358	6.59e-35	LONINKCB_08342-0
LONINKCB_08343			LONINKCB_08343-0
LONINKCB_08344			LONINKCB_08344-0
LONINKCB_08345			LONINKCB_08345-0
LONINKCB_08346			LONINKCB_08346-0
LONINKCB_08347	38358	7.39e-122	LONINKCB_08347-0
LONINKCB_08348			LONINKCB_08348-0
LONINKCB_08349		3.41e-72	LONINKCB_08349-0
LONINKCB_08350		2.84e-22	LONINKCB_08350-0
LONINKCB_08351			LONINKCB_08351-0
LONINKCB_08352			LONINKCB_08352-0
LONINKCB_08353			LONINKCB_08353-0
LONINKCB_08354		1.22e-41	LONINKCB_08354-0
LONINKCB_08355	35571	7.52e-29	LONINKCB_08355-0
LONINKCB_08356			LONINKCB_08356-0
LONINKCB_08357			LONINKCB_08357-0
LONINKCB_08358			LONINKCB_08358-0
LONINKCB_08359			LONINKCB_08359-0
LONINKCB_08360			LONINKCB_08360-0
LONINKCB_05267			LONINKCB_05267-0
LONINKCB_05268			LONINKCB_05268-0
LONINKCB_05269			LONINKCB_05269-0
LONINKCB_05270			LONINKCB_05270-0
LONINKCB_05271			LONINKCB_05271-0
LONINKCB_05272			LONINKCB_05272-0
LONINKCB_05273			LONINKCB_05273-0
LONINKCB_05274			LONINKCB_05274-0
LONINKCB_05275			LONINKCB_05275-0
LONINKCB_05276			LONINKCB_05276-0
LONINKCB_05277			LONINKCB_05277-0
LONINKCB_05278			LONINKCB_05278-0
LONINKCB_05279			LONINKCB_05279-0
LONINKCB_05280			LONINKCB_05280-0
LONINKCB_05281			LONINKCB_05281-0
LONINKCB_05282			LONINKCB_05282-0
LONINKCB_05283			LONINKCB_05283-0
LONINKCB_05284			LONINKCB_05284-0
LONINKCB_05285			LONINKCB_05285-0
LONINKCB_05286			LONINKCB_05286-0
LONINKCB_05287			LONINKCB_05287-0
LONINKCB_05288			LONINKCB_05288-0
LONINKCB_05289			LONINKCB_05289-0
LONINKCB_05290			LONINKCB_05290-0
LONINKCB_05291			LONINKCB_05291-0
LONINKCB_05292	38358	4.78e-42	LONINKCB_05292-0
LONINKCB_05293	38358	8.31e-72	LONINKCB_05293-0
LONINKCB_05294	38358	3.87e-123	LONINKCB_05294-0
LONINKCB_05295	38358	5.90e-72	LONINKCB_05295-0
LONINKCB_05296			LONINKCB_05296-0
LONINKCB_05297			LONINKCB_05297-0
LONINKCB_05298			LONINKCB_05298-0
LONINKCB_05299			LONINKCB_05299-0
LONINKCB_05300			LONINKCB_05300-0
LONINKCB_05301			LONINKCB_05301-0
LONINKCB_05302			LONINKCB_05302-0
LONINKCB_05303			LONINKCB_05303-0
LONINKCB_05304			LONINKCB_05304-0
LONINKCB_05305			LONINKCB_05305-0
LONINKCB_05306			LONINKCB_05306-0
LONINKCB_05307			LONINKCB_05307-0
LONINKCB_05308			LONINKCB_05308-0
LONINKCB_05309			LONINKCB_05309-0
LONINKCB_05310			LONINKCB_05310-0
LONINKCB_05311			LONINKCB_05311-0
LONINKCB_05312			LONINKCB_05312-0
LONINKCB_05313			LONINKCB_05313-0
LONINKCB_05314			LONINKCB_05314-0
LONINKCB_05315			LONINKCB_05315-0
LONINKCB_05316			LONINKCB_05316-0
LONINKCB_05317			LONINKCB_05317-0
LONINKCB_05318			LONINKCB_05318-0
LONINKCB_05319			LONINKCB_05319-0
LONINKCB_05320			LONINKCB_05320-0
LONINKCB_05321			LONINKCB_05321-0
LONINKCB_05322			LONINKCB_05322-0
LONINKCB_05323			LONINKCB_05323-0
LONINKCB_05324			LONINKCB_05324-0
LONINKCB_05325			LONINKCB_05325-0
LONINKCB_05326			LONINKCB_05326-0
LONINKCB_05327			LONINKCB_05327-0
LONINKCB_05328			LONINKCB_05328-0
LONINKCB_05329			LONINKCB_05329-0
LONINKCB_05330			LONINKCB_05330-0
LONINKCB_05331			LONINKCB_05331-0
LONINKCB_05332			LONINKCB_05332-0
LONINKCB_05333			LONINKCB_05333-0
LONINKCB_05334			LONINKCB_05334-0
LONINKCB_05335			LONINKCB_05335-0
LONINKCB_05336			LONINKCB_05336-0
LONINKCB_05337			LONINKCB_05337-0
LONINKCB_05338			LONINKCB_05338-0
LONINKCB_05339			LONINKCB_05339-0
LONINKCB_05340			LONINKCB_05340-0
LONINKCB_05341			LONINKCB_05341-0
LONINKCB_05342			LONINKCB_05342-0
LONINKCB_05343			LONINKCB_05343-0
LONINKCB_05344			LONINKCB_05344-0
LONINKCB_05345			LONINKCB_05345-0
LONINKCB_05346			LONINKCB_05346-0
LONINKCB_05347			LONINKCB_05347-0
LONINKCB_05348			LONINKCB_05348-0
LONINKCB_05349			LONINKCB_05349-0
LONINKCB_05350		9.93e-10	LONINKCB_05350-0
LONINKCB_05351			LONINKCB_05351-0
LONINKCB_05352			LONINKCB_05352-0
LONINKCB_05353			LONINKCB_05353-0
LONINKCB_05354			LONINKCB_05354-0
LONINKCB_05355			LONINKCB_05355-0
LONINKCB_05356			LONINKCB_05356-0
LONINKCB_05357			LONINKCB_05357-0
LONINKCB_05358			LONINKCB_05358-0
LONINKCB_05359			LONINKCB_05359-0
LONINKCB_05360			LONINKCB_05360-0
LONINKCB_05361			LONINKCB_05361-0
LONINKCB_05362			LONINKCB_05362-0
LONINKCB_05363			LONINKCB_05363-0
LONINKCB_05364			LONINKCB_05364-0
LONINKCB_05365			LONINKCB_05365-0
LONINKCB_05366			LONINKCB_05366-0
LONINKCB_05367			LONINKCB_05367-0
LONINKCB_05368			LONINKCB_05368-0
LONINKCB_05369			LONINKCB_05369-0
LONINKCB_05370			LONINKCB_05370-0
LONINKCB_05371			LONINKCB_05371-0
LONINKCB_05372			LONINKCB_05372-0
LONINKCB_05373			LONINKCB_05373-0
LONINKCB_05374			LONINKCB_05374-0
LONINKCB_05375			LONINKCB_05375-0
LONINKCB_05376			LONINKCB_05376-0
LONINKCB_05377			LONINKCB_05377-0
LONINKCB_05378			LONINKCB_05378-0
LONINKCB_05379			LONINKCB_05379-0
LONINKCB_05380			LONINKCB_05380-0
LONINKCB_05381			LONINKCB_05381-0
LONINKCB_05382			LONINKCB_05382-0
LONINKCB_05383			LONINKCB_05383-0
LONINKCB_05384			LONINKCB_05384-0
LONINKCB_05385			LONINKCB_05385-0
LONINKCB_05386			LONINKCB_05386-0
LONINKCB_05387			LONINKCB_05387-0
LONINKCB_05388			LONINKCB_05388-0
LONINKCB_05389			LONINKCB_05389-0
LONINKCB_05390			LONINKCB_05390-0
LONINKCB_05391			LONINKCB_05391-0
LONINKCB_05392			LONINKCB_05392-0
LONINKCB_05393			LONINKCB_05393-0
LONINKCB_05394			LONINKCB_05394-0
LONINKCB_05395			LONINKCB_05395-0
LONINKCB_05396			LONINKCB_05396-0
LONINKCB_05397			LONINKCB_05397-0
LONINKCB_05398			LONINKCB_05398-0
LONINKCB_05399			LONINKCB_05399-0
LONINKCB_05400			LONINKCB_05400-0
LONINKCB_05401			LONINKCB_05401-0
LONINKCB_05402			LONINKCB_05402-0
LONINKCB_05403			LONINKCB_05403-0
LONINKCB_05404	38358	3.30e-66	LONINKCB_05404-0
LONINKCB_05405	1564500	2.63e-13	LONINKCB_05405-0
LONINKCB_05406	1564500	6.91e-78	LONINKCB_05406-0
LONINKCB_05407			LONINKCB_05407-0
LONINKCB_05408			LONINKCB_05408-0
LONINKCB_05409			LONINKCB_05409-0
LONINKCB_05410			LONINKCB_05410-0
LONINKCB_05411			LONINKCB_05411-0
LONINKCB_05412			LONINKCB_05412-0
LONINKCB_05413			LONINKCB_05413-0
LONINKCB_05414			LONINKCB_05414-0
LONINKCB_05415			LONINKCB_05415-0
LONINKCB_05416			LONINKCB_05416-0
LONINKCB_05417			LONINKCB_05417-0
LONINKCB_05418			LONINKCB_05418-0
LONINKCB_05419			LONINKCB_05419-0
LONINKCB_05420			LONINKCB_05420-0
LONINKCB_05421			LONINKCB_05421-0
LONINKCB_05422			LONINKCB_05422-0
LONINKCB_05423			LONINKCB_05423-0
LONINKCB_05424			LONINKCB_05424-0
LONINKCB_05425	38358	9.71e-71	LONINKCB_05425-0
LONINKCB_05426			LONINKCB_05426-0
LONINKCB_05427			LONINKCB_05427-0
LONINKCB_05428			LONINKCB_05428-0
LONINKCB_05429			LONINKCB_05429-0
LONINKCB_05430			LONINKCB_05430-0
LONINKCB_05431			LONINKCB_05431-0
LONINKCB_05432			LONINKCB_05432-0
LONINKCB_05433			LONINKCB_05433-0
LONINKCB_05434			LONINKCB_05434-0
LONINKCB_05435			LONINKCB_05435-0
LONINKCB_05436			LONINKCB_05436-0
LONINKCB_05437			LONINKCB_05437-0
LONINKCB_05438			LONINKCB_05438-0
LONINKCB_05439			LONINKCB_05439-0
LONINKCB_05440			LONINKCB_05440-0
LONINKCB_05441			LONINKCB_05441-0
LONINKCB_05442			LONINKCB_05442-0
LONINKCB_05443			LONINKCB_05443-0
LONINKCB_05444			LONINKCB_05444-0
LONINKCB_05445			LONINKCB_05445-0
LONINKCB_05446			LONINKCB_05446-0
LONINKCB_05447			LONINKCB_05447-0
LONINKCB_05448			LONINKCB_05448-0
LONINKCB_05449			LONINKCB_05449-0
LONINKCB_05450			LONINKCB_05450-0
LONINKCB_05451			LONINKCB_05451-0
LONINKCB_05452			LONINKCB_05452-0
LONINKCB_05453			LONINKCB_05453-0
LONINKCB_05454			LONINKCB_05454-0
LONINKCB_05455			LONINKCB_05455-0
LONINKCB_05456			LONINKCB_05456-0
LONINKCB_05457			LONINKCB_05457-0
LONINKCB_05458			LONINKCB_05458-0
LONINKCB_05459			LONINKCB_05459-0
LONINKCB_05460			LONINKCB_05460-0
LONINKCB_05461			LONINKCB_05461-0
LONINKCB_05462			LONINKCB_05462-0
LONINKCB_05463			LONINKCB_05463-0
LONINKCB_05464			LONINKCB_05464-0
LONINKCB_05465			LONINKCB_05465-0
LONINKCB_05466			LONINKCB_05466-0
LONINKCB_05467			LONINKCB_05467-0
LONINKCB_05468			LONINKCB_05468-0
LONINKCB_05469			LONINKCB_05469-0
LONINKCB_05470			LONINKCB_05470-0
LONINKCB_05471			LONINKCB_05471-0
LONINKCB_05472			LONINKCB_05472-0
LONINKCB_05473			LONINKCB_05473-0
LONINKCB_05474			LONINKCB_05474-0
LONINKCB_05475			LONINKCB_05475-0
LONINKCB_05476			LONINKCB_05476-0
LONINKCB_05477			LONINKCB_05477-0
LONINKCB_05478			LONINKCB_05478-0
LONINKCB_05479			LONINKCB_05479-0
LONINKCB_05480			LONINKCB_05480-0
LONINKCB_05481			LONINKCB_05481-0
LONINKCB_05482			LONINKCB_05482-0
LONINKCB_05483			LONINKCB_05483-0
LONINKCB_05484		2.02e-13	LONINKCB_05484-0
LONINKCB_05485			LONINKCB_05485-0
LONINKCB_05486			LONINKCB_05486-0
LONINKCB_05487			LONINKCB_05487-0
LONINKCB_05488			LONINKCB_05488-0
LONINKCB_05489			LONINKCB_05489-0
LONINKCB_05490			LONINKCB_05490-0
LONINKCB_05491			LONINKCB_05491-0
LONINKCB_05492			LONINKCB_05492-0
LONINKCB_05493			LONINKCB_05493-0
LONINKCB_05494		4.96e-28	LONINKCB_05494-0
LONINKCB_05495		4.53e-21	LONINKCB_05495-0
LONINKCB_05496			LONINKCB_05496-0
LONINKCB_05497			LONINKCB_05497-0
LONINKCB_05498			LONINKCB_05498-0
LONINKCB_05499			LONINKCB_05499-0
LONINKCB_05500			LONINKCB_05500-0
LONINKCB_05501			LONINKCB_05501-0
LONINKCB_05502			LONINKCB_05502-0
LONINKCB_05503			LONINKCB_05503-0
LONINKCB_05504			LONINKCB_05504-0
LONINKCB_05505		1.81e-27	LONINKCB_05505-0
LONINKCB_05506		5.45e-165	LONINKCB_05506-0
LONINKCB_05507			LONINKCB_05507-0
LONINKCB_05508			LONINKCB_05508-0
LONINKCB_05509			LONINKCB_05509-0
LONINKCB_05510			LONINKCB_05510-0
LONINKCB_05511			LONINKCB_05511-0
LONINKCB_05512			LONINKCB_05512-0
LONINKCB_05513			LONINKCB_05513-0
LONINKCB_05514			LONINKCB_05514-0
LONINKCB_05515			LONINKCB_05515-0
LONINKCB_05516			LONINKCB_05516-0
LONINKCB_05517			LONINKCB_05517-0
LONINKCB_05518			LONINKCB_05518-0
LONINKCB_05519			LONINKCB_05519-0
LONINKCB_05520			LONINKCB_05520-0
LONINKCB_05521		3.07e-33	LONINKCB_05521-0
LONINKCB_05522	35571	4.33e-36	LONINKCB_05522-0
LONINKCB_05523			LONINKCB_05523-0
LONINKCB_05524			LONINKCB_05524-0
LONINKCB_05525			LONINKCB_05525-0
LONINKCB_05526			LONINKCB_05526-0
LONINKCB_05527			LONINKCB_05527-0
LONINKCB_05528			LONINKCB_05528-0
LONINKCB_05529			LONINKCB_05529-0
LONINKCB_05530			LONINKCB_05530-0
LONINKCB_05531	35571	1.70e-72	LONINKCB_05531-0
LONINKCB_05532	35571	3.93e-45	LONINKCB_05532-0
LONINKCB_05533		1.36e-87	LONINKCB_05533-0
LONINKCB_05534			LONINKCB_05534-0
LONINKCB_05535			LONINKCB_05535-0
LONINKCB_05536			LONINKCB_05536-0
LONINKCB_05537			LONINKCB_05537-0
LONINKCB_05538			LONINKCB_05538-0
LONINKCB_05539		2.09e-75	LONINKCB_05539-0
LONINKCB_05540		1.51e-27	LONINKCB_05540-0
LONINKCB_05541		6.66e-178	LONINKCB_05541-0
LONINKCB_05542		1.35e-118	LONINKCB_05542-0
LONINKCB_05543		9.71e-93	LONINKCB_05543-0
LONINKCB_05544	35572	1.78e-48	LONINKCB_05544-0
LONINKCB_05545		1.41e-74	LONINKCB_05545-0
LONINKCB_05546	35571	1.07e-53	LONINKCB_05546-0
LONINKCB_05547			LONINKCB_05547-0
LONINKCB_05548			LONINKCB_05548-0
LONINKCB_05549			LONINKCB_05549-0
LONINKCB_05550			LONINKCB_05550-0
LONINKCB_05551			LONINKCB_05551-0
LONINKCB_05552			LONINKCB_05552-0
LONINKCB_05553			LONINKCB_05553-0
LONINKCB_05554	38358	5.89e-31	LONINKCB_05554-0
LONINKCB_05555			LONINKCB_05555-0
LONINKCB_05556			LONINKCB_05556-0
LONINKCB_05557			LONINKCB_05557-0
LONINKCB_05558			LONINKCB_05558-0
LONINKCB_05559			LONINKCB_05559-0
LONINKCB_05560			LONINKCB_05560-0
LONINKCB_05561			LONINKCB_05561-0
LONINKCB_05562	1564500	6.67e-24	LONINKCB_05562-0
LONINKCB_05563			LONINKCB_05563-0
LONINKCB_05564			LONINKCB_05564-0
LONINKCB_05565		5.93e-41	LONINKCB_05565-0
LONINKCB_05566			LONINKCB_05566-0
LONINKCB_05567			LONINKCB_05567-0
LONINKCB_05568			LONINKCB_05568-0
LONINKCB_05569			LONINKCB_05569-0
LONINKCB_05570			LONINKCB_05570-0
LONINKCB_05571			LONINKCB_05571-0
LONINKCB_05572			LONINKCB_05572-0
LONINKCB_05573			LONINKCB_05573-0
LONINKCB_05574			LONINKCB_05574-0
LONINKCB_05575			LONINKCB_05575-0
LONINKCB_05576			LONINKCB_05576-0
LONINKCB_05577	35571	1.40e-04	LONINKCB_05577-0
LONINKCB_05578		4.04e-108	LONINKCB_05578-0
LONINKCB_05579			LONINKCB_05579-0
LONINKCB_05580			LONINKCB_05580-0
LONINKCB_05581			LONINKCB_05581-0
LONINKCB_05582			LONINKCB_05582-0
LONINKCB_05583			LONINKCB_05583-0
LONINKCB_05584	38358	1.34e-31	LONINKCB_05584-0
LONINKCB_05585			LONINKCB_05585-0
LONINKCB_05586			LONINKCB_05586-0
LONINKCB_05587			LONINKCB_05587-0
LONINKCB_05588	35571	3.03e-12	LONINKCB_05588-0
LONINKCB_05589	35571	9.05e-23	LONINKCB_05589-0
LONINKCB_05590			LONINKCB_05590-0
LONINKCB_05591	35571	3.26e-32	LONINKCB_05591-0
LONINKCB_05592			LONINKCB_05592-0
LONINKCB_05593	38358	4.51e-36	LONINKCB_05593-0
LONINKCB_05594			LONINKCB_05594-0
LONINKCB_05595			LONINKCB_05595-0
LONINKCB_05596			LONINKCB_05596-0
LONINKCB_05597			LONINKCB_05597-0
LONINKCB_05598			LONINKCB_05598-0
LONINKCB_05599	35571	7.19e-37	LONINKCB_05599-0
LONINKCB_05600			LONINKCB_05600-0
LONINKCB_05601			LONINKCB_05601-0
LONINKCB_05602			LONINKCB_05602-0
LONINKCB_05603			LONINKCB_05603-0
LONINKCB_05604			LONINKCB_05604-0
LONINKCB_05605			LONINKCB_05605-0
LONINKCB_05606			LONINKCB_05606-0
LONINKCB_05607			LONINKCB_05607-0
LONINKCB_05608			LONINKCB_05608-0
LONINKCB_05609			LONINKCB_05609-0
LONINKCB_05610			LONINKCB_05610-0
LONINKCB_05611			LONINKCB_05611-0
LONINKCB_05612			LONINKCB_05612-0
LONINKCB_05613			LONINKCB_05613-0
LONINKCB_05614			LONINKCB_05614-0
LONINKCB_05615			LONINKCB_05615-0
LONINKCB_05616			LONINKCB_05616-0
LONINKCB_05617			LONINKCB_05617-0
LONINKCB_05618			LONINKCB_05618-0
LONINKCB_05619			LONINKCB_05619-0
LONINKCB_05620			LONINKCB_05620-0
LONINKCB_05621			LONINKCB_05621-0
LONINKCB_05622	35571	5.39e-88	LONINKCB_05622-0
LONINKCB_05623	35571	2.21e-123	LONINKCB_05623-0
LONINKCB_05624	35571	3.41e-109	LONINKCB_05624-0
LONINKCB_05625			LONINKCB_05625-0
LONINKCB_05626			LONINKCB_05626-0
LONINKCB_05627	2	2.04e-50	LONINKCB_05627-0
LONINKCB_05628	2	2.88e-17	LONINKCB_05628-0
LONINKCB_05629		1.36e-20	LONINKCB_05629-0
LONINKCB_05630	2	2.70e-15	LONINKCB_05630-0
LONINKCB_05631	2	1.53e-52	LONINKCB_05631-0
LONINKCB_05632			LONINKCB_05632-0
LONINKCB_05633	131567	7.18e-09	LONINKCB_05633-0
LONINKCB_05634			LONINKCB_05634-0
LONINKCB_05635			LONINKCB_05635-0
LONINKCB_05636	38358	1.22e-60	LONINKCB_05636-0
LONINKCB_05637		1.37e-64	LONINKCB_05637-0
LONINKCB_05638			LONINKCB_05638-0
LONINKCB_05639			LONINKCB_05639-0
LONINKCB_05640			LONINKCB_05640-0
LONINKCB_05641			LONINKCB_05641-0
LONINKCB_05642			LONINKCB_05642-0
LONINKCB_05643			LONINKCB_05643-0
LONINKCB_05644			LONINKCB_05644-0
LONINKCB_05645		3.86e-34	LONINKCB_05645-0
LONINKCB_05646	35571	1.26e-37	LONINKCB_05646-0
LONINKCB_05647	35571	1.14e-31	LONINKCB_05647-0
LONINKCB_05648			LONINKCB_05648-0
LONINKCB_05649			LONINKCB_05649-0
LONINKCB_05650			LONINKCB_05650-0
LONINKCB_05651	35571	9.33e-17	LONINKCB_05651-0
LONINKCB_05652	38358	1.15e-44	LONINKCB_05652-0
LONINKCB_05653	38358	3.97e-26	LONINKCB_05653-0
LONINKCB_05654		7.64e-71	LONINKCB_05654-0
LONINKCB_05655	35571	6.78e-17	LONINKCB_05655-0
LONINKCB_05656			LONINKCB_05656-0
LONINKCB_05657			LONINKCB_05657-0
LONINKCB_05658	38358	1.08e-122	LONINKCB_05658-0
LONINKCB_05659	35571	2.17e-144	LONINKCB_05659-0
LONINKCB_05660	35571	2.48e-34	LONINKCB_05660-0
LONINKCB_05661	38358	2.86e-05	LONINKCB_05661-0
LONINKCB_05662	38358	8.22e-34	LONINKCB_05662-0
LONINKCB_05663	35571	4.27e-65	LONINKCB_05663-0
LONINKCB_05664			LONINKCB_05664-0
LONINKCB_05665			LONINKCB_05665-0
LONINKCB_05666		5.15e-11	LONINKCB_05666-0
LONINKCB_05667			LONINKCB_05667-0
LONINKCB_05668			LONINKCB_05668-0
LONINKCB_05669			LONINKCB_05669-0
LONINKCB_05670			LONINKCB_05670-0
LONINKCB_05671			LONINKCB_05671-0
LONINKCB_05672			LONINKCB_05672-0
LONINKCB_05673			LONINKCB_05673-0
LONINKCB_05674			LONINKCB_05674-0
LONINKCB_05675			LONINKCB_05675-0
LONINKCB_05676			LONINKCB_05676-0
LONINKCB_05677			LONINKCB_05677-0
LONINKCB_05678			LONINKCB_05678-0
LONINKCB_05679			LONINKCB_05679-0
LONINKCB_05680			LONINKCB_05680-0
LONINKCB_05681			LONINKCB_05681-0
LONINKCB_05682			LONINKCB_05682-0
LONINKCB_05683		1.33e-50	LONINKCB_05683-0
LONINKCB_05684		3.53e-35	LONINKCB_05684-0
LONINKCB_05685		1.42e-04	LONINKCB_05685-0
LONINKCB_05686			LONINKCB_05686-0
LONINKCB_05687			LONINKCB_05687-0
LONINKCB_05688		4.58e-10	LONINKCB_05688-0
LONINKCB_05689		1.11e-101	LONINKCB_05689-0
LONINKCB_05690		4.64e-89	LONINKCB_05690-0
LONINKCB_05691			LONINKCB_05691-0
LONINKCB_05692			LONINKCB_05692-0
LONINKCB_05693			LONINKCB_05693-0
LONINKCB_05694			LONINKCB_05694-0
LONINKCB_05695			LONINKCB_05695-0
LONINKCB_05696	35571	2.73e-35	LONINKCB_05696-0
LONINKCB_05697	35571	5.67e-123	LONINKCB_05697-0
LONINKCB_05698	35571	1.24e-12	LONINKCB_05698-0
LONINKCB_05699	35571	9.30e-74	LONINKCB_05699-0
LONINKCB_05700			LONINKCB_05700-0
LONINKCB_05701			LONINKCB_05701-0
LONINKCB_05702			LONINKCB_05702-0
LONINKCB_05703	35571	6.85e-27	LONINKCB_05703-0
LONINKCB_05704	35571	1.89e-60	LONINKCB_05704-0
LONINKCB_05705	35571	3.91e-151	LONINKCB_05705-0
LONINKCB_05706			LONINKCB_05706-0
LONINKCB_05707			LONINKCB_05707-0
LONINKCB_05708			LONINKCB_05708-0
LONINKCB_05709			LONINKCB_05709-0
LONINKCB_05710			LONINKCB_05710-0
LONINKCB_05711			LONINKCB_05711-0
LONINKCB_05712			LONINKCB_05712-0
LONINKCB_05713			LONINKCB_05713-0
LONINKCB_05714			LONINKCB_05714-0
LONINKCB_05715			LONINKCB_05715-0
LONINKCB_05716			LONINKCB_05716-0
LONINKCB_05717			LONINKCB_05717-0
LONINKCB_05718			LONINKCB_05718-0
LONINKCB_05719			LONINKCB_05719-0
LONINKCB_05720			LONINKCB_05720-0
LONINKCB_05721			LONINKCB_05721-0
LONINKCB_05722		3.56e-06	LONINKCB_05722-0
LONINKCB_05723			LONINKCB_05723-0
LONINKCB_05724			LONINKCB_05724-0
LONINKCB_05725			LONINKCB_05725-0
LONINKCB_05726			LONINKCB_05726-0
LONINKCB_05727			LONINKCB_05727-0
LONINKCB_05728			LONINKCB_05728-0
LONINKCB_05729			LONINKCB_05729-0
LONINKCB_05730			LONINKCB_05730-0
LONINKCB_05731			LONINKCB_05731-0
LONINKCB_05732			LONINKCB_05732-0
LONINKCB_05733			LONINKCB_05733-0
LONINKCB_05734			LONINKCB_05734-0
LONINKCB_05735			LONINKCB_05735-0
LONINKCB_05736	38358	1.49e-36	LONINKCB_05736-0
LONINKCB_05737	35571	1.60e-19	LONINKCB_05737-0
LONINKCB_05738	35571	4.23e-100	LONINKCB_05738-0
LONINKCB_05739	35571	3.52e-52	LONINKCB_05739-0
LONINKCB_05740			LONINKCB_05740-0
LONINKCB_05741	35571	4.73e-20	LONINKCB_05741-0
LONINKCB_05742		2.60e-35	LONINKCB_05742-0
LONINKCB_05743			LONINKCB_05743-0
LONINKCB_05744			LONINKCB_05744-0
LONINKCB_05745			LONINKCB_05745-0
LONINKCB_05746			LONINKCB_05746-0
LONINKCB_05747			LONINKCB_05747-0
LONINKCB_05748			LONINKCB_05748-0
LONINKCB_05749			LONINKCB_05749-0
LONINKCB_05750			LONINKCB_05750-0
LONINKCB_05751			LONINKCB_05751-0
LONINKCB_05752			LONINKCB_05752-0
LONINKCB_05753			LONINKCB_05753-0
LONINKCB_05754			LONINKCB_05754-0
LONINKCB_05755			LONINKCB_05755-0
LONINKCB_05756			LONINKCB_05756-0
LONINKCB_05757			LONINKCB_05757-0
LONINKCB_05758			LONINKCB_05758-0
LONINKCB_05759			LONINKCB_05759-0
LONINKCB_05760			LONINKCB_05760-0
LONINKCB_05761			LONINKCB_05761-0
LONINKCB_05762			LONINKCB_05762-0
LONINKCB_05763			LONINKCB_05763-0
LONINKCB_05764			LONINKCB_05764-0
LONINKCB_05765			LONINKCB_05765-0
LONINKCB_05766			LONINKCB_05766-0
LONINKCB_05767			LONINKCB_05767-0
LONINKCB_05768			LONINKCB_05768-0
LONINKCB_05769			LONINKCB_05769-0
LONINKCB_05770			LONINKCB_05770-0
LONINKCB_05771			LONINKCB_05771-0
LONINKCB_05772			LONINKCB_05772-0
LONINKCB_05773			LONINKCB_05773-0
LONINKCB_05774			LONINKCB_05774-0
LONINKCB_05775			LONINKCB_05775-0
LONINKCB_05776		6.68e-22	LONINKCB_05776-0
LONINKCB_05777			LONINKCB_05777-0
LONINKCB_05778			LONINKCB_05778-0
LONINKCB_05779			LONINKCB_05779-0
LONINKCB_05780			LONINKCB_05780-0
LONINKCB_05781			LONINKCB_05781-0
LONINKCB_05782			LONINKCB_05782-0
LONINKCB_05783			LONINKCB_05783-0
LONINKCB_05784			LONINKCB_05784-0
LONINKCB_05785			LONINKCB_05785-0
LONINKCB_05786			LONINKCB_05786-0
LONINKCB_05787			LONINKCB_05787-0
LONINKCB_05788			LONINKCB_05788-0
LONINKCB_05789			LONINKCB_05789-0
LONINKCB_05790			LONINKCB_05790-0
LONINKCB_05791			LONINKCB_05791-0
LONINKCB_05792			LONINKCB_05792-0
LONINKCB_05793			LONINKCB_05793-0
LONINKCB_05794			LONINKCB_05794-0
LONINKCB_05795			LONINKCB_05795-0
LONINKCB_05796			LONINKCB_05796-0
LONINKCB_05797			LONINKCB_05797-0
LONINKCB_05798			LONINKCB_05798-0
LONINKCB_05799		4.64e-19	LONINKCB_05799-0
LONINKCB_05800	1564500	1.02e-15	LONINKCB_05800-0
LONINKCB_05801	1564500	6.63e-39	LONINKCB_05801-0
LONINKCB_05802			LONINKCB_05802-0
LONINKCB_05803			LONINKCB_05803-0
LONINKCB_05804			LONINKCB_05804-0
LONINKCB_05805			LONINKCB_05805-0
LONINKCB_05806			LONINKCB_05806-0
LONINKCB_05807			LONINKCB_05807-0
LONINKCB_05808			LONINKCB_05808-0
LONINKCB_05809			LONINKCB_05809-0
LONINKCB_05810			LONINKCB_05810-0
LONINKCB_05811			LONINKCB_05811-0
LONINKCB_05812			LONINKCB_05812-0
LONINKCB_05813	35571	7.47e-77	LONINKCB_05813-0
LONINKCB_05814	35571	1.21e-36	LONINKCB_05814-0
LONINKCB_05815			LONINKCB_05815-0
LONINKCB_05816	38358	5.56e-93	LONINKCB_05816-0
LONINKCB_05817			LONINKCB_05817-0
LONINKCB_05818			LONINKCB_05818-0
LONINKCB_05819			LONINKCB_05819-0
LONINKCB_05820			LONINKCB_05820-0
LONINKCB_05821			LONINKCB_05821-0
LONINKCB_05822			LONINKCB_05822-0
LONINKCB_05823			LONINKCB_05823-0
LONINKCB_05824			LONINKCB_05824-0
LONINKCB_05825			LONINKCB_05825-0
LONINKCB_05826			LONINKCB_05826-0
LONINKCB_05827		1.22e-33	LONINKCB_05827-0
LONINKCB_05828	1564500	1.04e-15	LONINKCB_05828-0
LONINKCB_05829			LONINKCB_05829-0
LONINKCB_05830	38358	3.57e-24	LONINKCB_05830-0
LONINKCB_05831	35571	1.27e-30	LONINKCB_05831-0
LONINKCB_05832			LONINKCB_05832-0
LONINKCB_05833	35571	7.44e-34	LONINKCB_05833-0
LONINKCB_05834			LONINKCB_05834-0
LONINKCB_05835			LONINKCB_05835-0
LONINKCB_05836			LONINKCB_05836-0
LONINKCB_05837			LONINKCB_05837-0
LONINKCB_05838			LONINKCB_05838-0
LONINKCB_05839			LONINKCB_05839-0
LONINKCB_05840			LONINKCB_05840-0
LONINKCB_05841			LONINKCB_05841-0
LONINKCB_05842			LONINKCB_05842-0
LONINKCB_05843			LONINKCB_05843-0
LONINKCB_05844			LONINKCB_05844-0
LONINKCB_05845			LONINKCB_05845-0
LONINKCB_05846			LONINKCB_05846-0
LONINKCB_05847			LONINKCB_05847-0
LONINKCB_05848	38358	2.41e-34	LONINKCB_05848-0
LONINKCB_05849			LONINKCB_05849-0
LONINKCB_05850			LONINKCB_05850-0
LONINKCB_05851			LONINKCB_05851-0
LONINKCB_05852			LONINKCB_05852-0
LONINKCB_05853			LONINKCB_05853-0
LONINKCB_05854			LONINKCB_05854-0
LONINKCB_05855			LONINKCB_05855-0
LONINKCB_05856			LONINKCB_05856-0
LONINKCB_05857			LONINKCB_05857-0
LONINKCB_05858			LONINKCB_05858-0
LONINKCB_05859			LONINKCB_05859-0
LONINKCB_05860			LONINKCB_05860-0
LONINKCB_05861			LONINKCB_05861-0
LONINKCB_05862			LONINKCB_05862-0
LONINKCB_05863	38358	7.10e-05	LONINKCB_05863-0
LONINKCB_05864			LONINKCB_05864-0
LONINKCB_05865			LONINKCB_05865-0
LONINKCB_05866			LONINKCB_05866-0
LONINKCB_05867			LONINKCB_05867-0
LONINKCB_05868			LONINKCB_05868-0
LONINKCB_05869			LONINKCB_05869-0
LONINKCB_05870			LONINKCB_05870-0
LONINKCB_05871			LONINKCB_05871-0
LONINKCB_05872			LONINKCB_05872-0
LONINKCB_05873			LONINKCB_05873-0
LONINKCB_05874			LONINKCB_05874-0
LONINKCB_05875			LONINKCB_05875-0
LONINKCB_05876			LONINKCB_05876-0
LONINKCB_05877			LONINKCB_05877-0
LONINKCB_05878			LONINKCB_05878-0
LONINKCB_05879			LONINKCB_05879-0
LONINKCB_05880	38358	7.72e-84	LONINKCB_05880-0
LONINKCB_05881	38358	7.77e-93	LONINKCB_05881-0
LONINKCB_05882	38358	2.09e-10	LONINKCB_05882-0
LONINKCB_05883	38358	1.43e-13	LONINKCB_05883-0
LONINKCB_05884	38358	1.06e-75	LONINKCB_05884-0
LONINKCB_05885	38358	1.27e-13	LONINKCB_05885-0
LONINKCB_05886			LONINKCB_05886-0
LONINKCB_05887			LONINKCB_05887-0
LONINKCB_05888			LONINKCB_05888-0
LONINKCB_05889			LONINKCB_05889-0
LONINKCB_05890			LONINKCB_05890-0
LONINKCB_05891			LONINKCB_05891-0
LONINKCB_05892			LONINKCB_05892-0
LONINKCB_05893			LONINKCB_05893-0
LONINKCB_05894			LONINKCB_05894-0
LONINKCB_05895			LONINKCB_05895-0
LONINKCB_05896			LONINKCB_05896-0
LONINKCB_05897			LONINKCB_05897-0
LONINKCB_05898			LONINKCB_05898-0
LONINKCB_05899			LONINKCB_05899-0
LONINKCB_05900			LONINKCB_05900-0
LONINKCB_05901			LONINKCB_05901-0
LONINKCB_05902			LONINKCB_05902-0
LONINKCB_05903			LONINKCB_05903-0
LONINKCB_05904			LONINKCB_05904-0
LONINKCB_05905			LONINKCB_05905-0
LONINKCB_05906			LONINKCB_05906-0
LONINKCB_05907			LONINKCB_05907-0
LONINKCB_05908			LONINKCB_05908-0
LONINKCB_05909		1.07e-49	LONINKCB_05909-0
LONINKCB_05910	35571	5.15e-70	LONINKCB_05910-0
LONINKCB_05911		4.42e-64	LONINKCB_05911-0
LONINKCB_05912	35571	8.51e-60	LONINKCB_05912-0
LONINKCB_05913			LONINKCB_05913-0
LONINKCB_05914			LONINKCB_05914-0
LONINKCB_05915			LONINKCB_05915-0
LONINKCB_05916			LONINKCB_05916-0
LONINKCB_04388			LONINKCB_04388-0
LONINKCB_04389			LONINKCB_04389-0
LONINKCB_04390			LONINKCB_04390-0
LONINKCB_04391			LONINKCB_04391-0
LONINKCB_04392			LONINKCB_04392-0
LONINKCB_04393			LONINKCB_04393-0
LONINKCB_04394			LONINKCB_04394-0
LONINKCB_04395			LONINKCB_04395-0
LONINKCB_04396			LONINKCB_04396-0
LONINKCB_04397			LONINKCB_04397-0
LONINKCB_04398			LONINKCB_04398-0
LONINKCB_04399			LONINKCB_04399-0
LONINKCB_04400			LONINKCB_04400-0
LONINKCB_04401			LONINKCB_04401-0
LONINKCB_04402			LONINKCB_04402-0
LONINKCB_04403	38358	9.34e-12	LONINKCB_04403-0
LONINKCB_04404			LONINKCB_04404-0
LONINKCB_04405	38358	2.83e-17	LONINKCB_04405-0
LONINKCB_04406			LONINKCB_04406-0
LONINKCB_04407			LONINKCB_04407-0
LONINKCB_04408			LONINKCB_04408-0
LONINKCB_04409			LONINKCB_04409-0
LONINKCB_04410			LONINKCB_04410-0
LONINKCB_04411			LONINKCB_04411-0
LONINKCB_04412			LONINKCB_04412-0
LONINKCB_04413			LONINKCB_04413-0
LONINKCB_04414			LONINKCB_04414-0
LONINKCB_04415			LONINKCB_04415-0
LONINKCB_04416			LONINKCB_04416-0
LONINKCB_04417			LONINKCB_04417-0
LONINKCB_04418			LONINKCB_04418-0
LONINKCB_04419			LONINKCB_04419-0
LONINKCB_04420			LONINKCB_04420-0
LONINKCB_04421			LONINKCB_04421-0
LONINKCB_04422			LONINKCB_04422-0
LONINKCB_04423			LONINKCB_04423-0
LONINKCB_04424			LONINKCB_04424-0
LONINKCB_04425			LONINKCB_04425-0
LONINKCB_04426			LONINKCB_04426-0
LONINKCB_04427			LONINKCB_04427-0
LONINKCB_04428			LONINKCB_04428-0
LONINKCB_04429			LONINKCB_04429-0
LONINKCB_04430			LONINKCB_04430-0
LONINKCB_04431			LONINKCB_04431-0
LONINKCB_04432			LONINKCB_04432-0
LONINKCB_04433			LONINKCB_04433-0
LONINKCB_04434			LONINKCB_04434-0
LONINKCB_04435			LONINKCB_04435-0
LONINKCB_04436			LONINKCB_04436-0
LONINKCB_04437			LONINKCB_04437-0
LONINKCB_04438			LONINKCB_04438-0
LONINKCB_04439			LONINKCB_04439-0
LONINKCB_04440			LONINKCB_04440-0
LONINKCB_04441			LONINKCB_04441-0
LONINKCB_04442	35571	1.86e-26	LONINKCB_04442-0
LONINKCB_04443		2.53e-64	LONINKCB_04443-0
LONINKCB_04444		4.87e-45	LONINKCB_04444-0
LONINKCB_04445			LONINKCB_04445-0
LONINKCB_04446	35571	1.68e-23	LONINKCB_04446-0
LONINKCB_04447		4.88e-75	LONINKCB_04447-0
LONINKCB_04448		2.98e-91	LONINKCB_04448-0
LONINKCB_04449			LONINKCB_04449-0
LONINKCB_04450			LONINKCB_04450-0
LONINKCB_04451			LONINKCB_04451-0
LONINKCB_04452			LONINKCB_04452-0
LONINKCB_04453			LONINKCB_04453-0
LONINKCB_04454			LONINKCB_04454-0
LONINKCB_04455			LONINKCB_04455-0
LONINKCB_04456			LONINKCB_04456-0
LONINKCB_04457			LONINKCB_04457-0
LONINKCB_04458		4.81e-41	LONINKCB_04458-0
LONINKCB_04459			LONINKCB_04459-0
LONINKCB_04460			LONINKCB_04460-0
LONINKCB_04461			LONINKCB_04461-0
LONINKCB_04462			LONINKCB_04462-0
LONINKCB_04463			LONINKCB_04463-0
LONINKCB_04464			LONINKCB_04464-0
LONINKCB_04465			LONINKCB_04465-0
LONINKCB_04466			LONINKCB_04466-0
LONINKCB_04467			LONINKCB_04467-0
LONINKCB_04468			LONINKCB_04468-0
LONINKCB_04469			LONINKCB_04469-0
LONINKCB_04470			LONINKCB_04470-0
LONINKCB_04471			LONINKCB_04471-0
LONINKCB_04472			LONINKCB_04472-0
LONINKCB_04473	38358	3.17e-60	LONINKCB_04473-0
LONINKCB_04474			LONINKCB_04474-0
LONINKCB_04475			LONINKCB_04475-0
LONINKCB_04476			LONINKCB_04476-0
LONINKCB_04477	35571	1.20e-183	LONINKCB_04477-0
LONINKCB_04478			LONINKCB_04478-0
LONINKCB_04479	35571	8.38e-16	LONINKCB_04479-0
LONINKCB_04480			LONINKCB_04480-0
LONINKCB_04481			LONINKCB_04481-0
LONINKCB_04482	38358	2.29e-30	LONINKCB_04482-0
LONINKCB_04483	35571	6.73e-141	LONINKCB_04483-0
LONINKCB_04484	38358	1.06e-53	LONINKCB_04484-0
LONINKCB_04485			LONINKCB_04485-0
LONINKCB_04486			LONINKCB_04486-0
LONINKCB_04487			LONINKCB_04487-0
LONINKCB_04488	35571	1.89e-29	LONINKCB_04488-0
LONINKCB_04489	35571	1.99e-60	LONINKCB_04489-0
LONINKCB_04490	35571	1.66e-30	LONINKCB_04490-0
LONINKCB_04491	35571	7.65e-65	LONINKCB_04491-0
LONINKCB_04492	35571	2.44e-38	LONINKCB_04492-0
LONINKCB_04493	35571	6.50e-91	LONINKCB_04493-0
LONINKCB_04494	35571	6.27e-35	LONINKCB_04494-0
LONINKCB_04495	35571	1.14e-32	LONINKCB_04495-0
LONINKCB_04496			LONINKCB_04496-0
LONINKCB_04497			LONINKCB_04497-0
LONINKCB_04498			LONINKCB_04498-0
LONINKCB_04499	35571	4.37e-158	LONINKCB_04499-0
LONINKCB_04500	38358	4.31e-09	LONINKCB_04500-0
LONINKCB_04501			LONINKCB_04501-0
LONINKCB_04502			LONINKCB_04502-0
LONINKCB_04503	38358	2.18e-25	LONINKCB_04503-0
LONINKCB_04504	35571	1.32e-25	LONINKCB_04504-0
LONINKCB_04505	35571	7.74e-71	LONINKCB_04505-0
LONINKCB_04506	35571	2.05e-53	LONINKCB_04506-0
LONINKCB_04507			LONINKCB_04507-0
LONINKCB_04508	35571	1.33e-32	LONINKCB_04508-0
LONINKCB_04509			LONINKCB_04509-0
LONINKCB_04510			LONINKCB_04510-0
LONINKCB_04511			LONINKCB_04511-0
LONINKCB_04512			LONINKCB_04512-0
LONINKCB_04513			LONINKCB_04513-0
LONINKCB_04514	35571	1.98e-12	LONINKCB_04514-0
LONINKCB_04515	35571	7.57e-44	LONINKCB_04515-0
LONINKCB_04516	35571	2.42e-30	LONINKCB_04516-0
LONINKCB_04517			LONINKCB_04517-0
LONINKCB_04518			LONINKCB_04518-0
LONINKCB_04519			LONINKCB_04519-0
LONINKCB_04520			LONINKCB_04520-0
LONINKCB_04521			LONINKCB_04521-0
LONINKCB_04522			LONINKCB_04522-0
LONINKCB_04523			LONINKCB_04523-0
LONINKCB_04524			LONINKCB_04524-0
LONINKCB_04525			LONINKCB_04525-0
LONINKCB_04526	38358	1.52e-99	LONINKCB_04526-0
LONINKCB_04527	38358	1.18e-64	LONINKCB_04527-0
LONINKCB_04528	38358	4.41e-47	LONINKCB_04528-0
LONINKCB_04529			LONINKCB_04529-0
LONINKCB_04530			LONINKCB_04530-0
LONINKCB_04531			LONINKCB_04531-0
LONINKCB_04532			LONINKCB_04532-0
LONINKCB_04533			LONINKCB_04533-0
LONINKCB_04534			LONINKCB_04534-0
LONINKCB_04535			LONINKCB_04535-0
LONINKCB_04536			LONINKCB_04536-0
LONINKCB_04537			LONINKCB_04537-0
LONINKCB_04538			LONINKCB_04538-0
LONINKCB_04539			LONINKCB_04539-0
LONINKCB_04540			LONINKCB_04540-0
LONINKCB_04541			LONINKCB_04541-0
LONINKCB_04542			LONINKCB_04542-0
LONINKCB_04543			LONINKCB_04543-0
LONINKCB_04544			LONINKCB_04544-0
LONINKCB_04545			LONINKCB_04545-0
LONINKCB_04546			LONINKCB_04546-0
LONINKCB_04547			LONINKCB_04547-0
LONINKCB_04548			LONINKCB_04548-0
LONINKCB_04549			LONINKCB_04549-0
LONINKCB_04550			LONINKCB_04550-0
LONINKCB_04551			LONINKCB_04551-0
LONINKCB_04552			LONINKCB_04552-0
LONINKCB_04553			LONINKCB_04553-0
LONINKCB_04554			LONINKCB_04554-0
LONINKCB_04555			LONINKCB_04555-0
LONINKCB_04556			LONINKCB_04556-0
LONINKCB_04557			LONINKCB_04557-0
LONINKCB_04558			LONINKCB_04558-0
LONINKCB_04559			LONINKCB_04559-0
LONINKCB_04560			LONINKCB_04560-0
LONINKCB_04561			LONINKCB_04561-0
LONINKCB_04562			LONINKCB_04562-0
LONINKCB_04563			LONINKCB_04563-0
LONINKCB_04564			LONINKCB_04564-0
LONINKCB_04565			LONINKCB_04565-0
LONINKCB_04566			LONINKCB_04566-0
LONINKCB_04567			LONINKCB_04567-0
LONINKCB_04568			LONINKCB_04568-0
LONINKCB_04569			LONINKCB_04569-0
LONINKCB_04570		8.11e-28	LONINKCB_04570-0
LONINKCB_04571			LONINKCB_04571-0
LONINKCB_04572			LONINKCB_04572-0
LONINKCB_04573			LONINKCB_04573-0
LONINKCB_04574			LONINKCB_04574-0
LONINKCB_04575			LONINKCB_04575-0
LONINKCB_04576		4.28e-29	LONINKCB_04576-0
LONINKCB_04577			LONINKCB_04577-0
LONINKCB_04578			LONINKCB_04578-0
LONINKCB_04579			LONINKCB_04579-0
LONINKCB_04580			LONINKCB_04580-0
LONINKCB_04581			LONINKCB_04581-0
LONINKCB_04582			LONINKCB_04582-0
LONINKCB_04583			LONINKCB_04583-0
LONINKCB_04584			LONINKCB_04584-0
LONINKCB_04585			LONINKCB_04585-0
LONINKCB_04586			LONINKCB_04586-0
LONINKCB_04587			LONINKCB_04587-0
LONINKCB_04588			LONINKCB_04588-0
LONINKCB_04589			LONINKCB_04589-0
LONINKCB_04590			LONINKCB_04590-0
LONINKCB_04591			LONINKCB_04591-0
LONINKCB_04592			LONINKCB_04592-0
LONINKCB_04593	38358	2.50e-36	LONINKCB_04593-0
LONINKCB_04594	38358	4.45e-54	LONINKCB_04594-0
LONINKCB_04595	38358	2.00e-165	LONINKCB_04595-0
LONINKCB_04596			LONINKCB_04596-0
LONINKCB_04597			LONINKCB_04597-0
LONINKCB_04598			LONINKCB_04598-0
LONINKCB_04599			LONINKCB_04599-0
LONINKCB_04600			LONINKCB_04600-0
LONINKCB_04601			LONINKCB_04601-0
LONINKCB_04602			LONINKCB_04602-0
LONINKCB_04603			LONINKCB_04603-0
LONINKCB_04604			LONINKCB_04604-0
LONINKCB_04605			LONINKCB_04605-0
LONINKCB_04606			LONINKCB_04606-0
LONINKCB_04607			LONINKCB_04607-0
LONINKCB_04608			LONINKCB_04608-0
LONINKCB_04609			LONINKCB_04609-0
LONINKCB_04610			LONINKCB_04610-0
LONINKCB_04611			LONINKCB_04611-0
LONINKCB_04612	35571	6.26e-95	LONINKCB_04612-0
LONINKCB_04613	38358	2.19e-35	LONINKCB_04613-0
LONINKCB_04614	38358	2.27e-69	LONINKCB_04614-0
LONINKCB_04615			LONINKCB_04615-0
LONINKCB_04616			LONINKCB_04616-0
LONINKCB_04617	35571	2.61e-34	LONINKCB_04617-0
LONINKCB_04618	35571	1.96e-184	LONINKCB_04618-0
LONINKCB_04619		2.14e-19	LONINKCB_04619-0
LONINKCB_04620			LONINKCB_04620-0
LONINKCB_04621			LONINKCB_04621-0
LONINKCB_04622			LONINKCB_04622-0
LONINKCB_04623			LONINKCB_04623-0
LONINKCB_04624			LONINKCB_04624-0
LONINKCB_04625			LONINKCB_04625-0
LONINKCB_04626			LONINKCB_04626-0
LONINKCB_04627			LONINKCB_04627-0
LONINKCB_04628			LONINKCB_04628-0
LONINKCB_04629			LONINKCB_04629-0
LONINKCB_04630			LONINKCB_04630-0
LONINKCB_04631		8.06e-40	LONINKCB_04631-0
LONINKCB_04632		1.50e-34	LONINKCB_04632-0
LONINKCB_04633			LONINKCB_04633-0
LONINKCB_04634			LONINKCB_04634-0
LONINKCB_04635			LONINKCB_04635-0
LONINKCB_04636			LONINKCB_04636-0
LONINKCB_04637			LONINKCB_04637-0
LONINKCB_04638			LONINKCB_04638-0
LONINKCB_04639			LONINKCB_04639-0
LONINKCB_04640			LONINKCB_04640-0
LONINKCB_04641			LONINKCB_04641-0
LONINKCB_04642			LONINKCB_04642-0
LONINKCB_04643			LONINKCB_04643-0
LONINKCB_04644			LONINKCB_04644-0
LONINKCB_04645			LONINKCB_04645-0
LONINKCB_04646			LONINKCB_04646-0
LONINKCB_04647	1564500	1.54e-32	LONINKCB_04647-0
LONINKCB_04648			LONINKCB_04648-0
LONINKCB_04649			LONINKCB_04649-0
LONINKCB_04650			LONINKCB_04650-0
LONINKCB_04651			LONINKCB_04651-0
LONINKCB_04652			LONINKCB_04652-0
LONINKCB_04653			LONINKCB_04653-0
LONINKCB_04654			LONINKCB_04654-0
LONINKCB_04655			LONINKCB_04655-0
LONINKCB_04656			LONINKCB_04656-0
LONINKCB_04657			LONINKCB_04657-0
LONINKCB_04658			LONINKCB_04658-0
LONINKCB_04659			LONINKCB_04659-0
LONINKCB_04660			LONINKCB_04660-0
LONINKCB_04661			LONINKCB_04661-0
LONINKCB_04662			LONINKCB_04662-0
LONINKCB_04663			LONINKCB_04663-0
LONINKCB_04664			LONINKCB_04664-0
LONINKCB_04665			LONINKCB_04665-0
LONINKCB_04666			LONINKCB_04666-0
LONINKCB_04667			LONINKCB_04667-0
LONINKCB_04668			LONINKCB_04668-0
LONINKCB_04669			LONINKCB_04669-0
LONINKCB_04670			LONINKCB_04670-0
LONINKCB_04671			LONINKCB_04671-0
LONINKCB_04672			LONINKCB_04672-0
LONINKCB_04673			LONINKCB_04673-0
LONINKCB_04674			LONINKCB_04674-0
LONINKCB_04675			LONINKCB_04675-0
LONINKCB_04676			LONINKCB_04676-0
LONINKCB_04677			LONINKCB_04677-0
LONINKCB_04678			LONINKCB_04678-0
LONINKCB_04679			LONINKCB_04679-0
LONINKCB_04680			LONINKCB_04680-0
LONINKCB_04681		4.10e-20	LONINKCB_04681-0
LONINKCB_04682		2.38e-155	LONINKCB_04682-0
LONINKCB_04683			LONINKCB_04683-0
LONINKCB_04684			LONINKCB_04684-0
LONINKCB_04685			LONINKCB_04685-0
LONINKCB_04686			LONINKCB_04686-0
LONINKCB_04688			LONINKCB_04688-0
LONINKCB_04689	38358	5.66e-175	LONINKCB_04689-0
LONINKCB_04690			LONINKCB_04690-0
LONINKCB_04691			LONINKCB_04691-0
LONINKCB_04692			LONINKCB_04692-0
LONINKCB_04693			LONINKCB_04693-0
LONINKCB_04694			LONINKCB_04694-0
LONINKCB_04695			LONINKCB_04695-0
LONINKCB_04696			LONINKCB_04696-0
LONINKCB_04697			LONINKCB_04697-0
LONINKCB_04698			LONINKCB_04698-0
LONINKCB_04699			LONINKCB_04699-0
LONINKCB_04700			LONINKCB_04700-0
LONINKCB_04701			LONINKCB_04701-0
LONINKCB_04702			LONINKCB_04702-0
LONINKCB_04703			LONINKCB_04703-0
LONINKCB_04704			LONINKCB_04704-0
LONINKCB_04705			LONINKCB_04705-0
LONINKCB_04706			LONINKCB_04706-0
LONINKCB_04707			LONINKCB_04707-0
LONINKCB_04708			LONINKCB_04708-0
LONINKCB_04709			LONINKCB_04709-0
LONINKCB_04710			LONINKCB_04710-0
LONINKCB_04711			LONINKCB_04711-0
LONINKCB_04712			LONINKCB_04712-0
LONINKCB_04713			LONINKCB_04713-0
LONINKCB_04714			LONINKCB_04714-0
LONINKCB_04715			LONINKCB_04715-0
LONINKCB_04716			LONINKCB_04716-0
LONINKCB_04717			LONINKCB_04717-0
LONINKCB_04718			LONINKCB_04718-0
LONINKCB_04719			LONINKCB_04719-0
LONINKCB_04720			LONINKCB_04720-0
LONINKCB_04721		1.57e-10	LONINKCB_04721-0
LONINKCB_04722		3.92e-25	LONINKCB_04722-0
LONINKCB_04723		9.62e-129	LONINKCB_04723-0
LONINKCB_04724		1.17e-25	LONINKCB_04724-0
LONINKCB_04725		2.38e-211	LONINKCB_04725-0
LONINKCB_04726		1.62e-224	LONINKCB_04726-0
LONINKCB_04727		3.23e-31	LONINKCB_04727-0
LONINKCB_04728			LONINKCB_04728-0
LONINKCB_04729			LONINKCB_04729-0
LONINKCB_04730			LONINKCB_04730-0
LONINKCB_04731			LONINKCB_04731-0
LONINKCB_04732			LONINKCB_04732-0
LONINKCB_04733			LONINKCB_04733-0
LONINKCB_04734			LONINKCB_04734-0
LONINKCB_04735	38358	7.82e-24	LONINKCB_04735-0
LONINKCB_04736			LONINKCB_04736-0
LONINKCB_04737			LONINKCB_04737-0
LONINKCB_04738	35571	3.83e-23	LONINKCB_04738-0
LONINKCB_04739		1.38e-52	LONINKCB_04739-0
LONINKCB_04740	2	4.34e-26	LONINKCB_04740-0
LONINKCB_04741		3.08e-26	LONINKCB_04741-0
LONINKCB_04742	35571	3.99e-101	LONINKCB_04742-0
LONINKCB_04743	35571	6.23e-182	LONINKCB_04743-0
LONINKCB_04744		1.63e-40	LONINKCB_04744-0
LONINKCB_04745		1.85e-27	LONINKCB_04745-0
LONINKCB_04746		1.28e-50	LONINKCB_04746-0
LONINKCB_04747		4.04e-47	LONINKCB_04747-0
LONINKCB_04748			LONINKCB_04748-0
LONINKCB_04749			LONINKCB_04749-0
LONINKCB_04750		2.97e-17	LONINKCB_04750-0
LONINKCB_04751			LONINKCB_04751-0
LONINKCB_04752			LONINKCB_04752-0
LONINKCB_04753			LONINKCB_04753-0
LONINKCB_04754	38358	3.69e-36	LONINKCB_04754-0
LONINKCB_04755			LONINKCB_04755-0
LONINKCB_04756		2.32e-25	LONINKCB_04756-0
LONINKCB_04757			LONINKCB_04757-0
LONINKCB_04758			LONINKCB_04758-0
LONINKCB_04759			LONINKCB_04759-0
LONINKCB_04760			LONINKCB_04760-0
LONINKCB_04761			LONINKCB_04761-0
LONINKCB_04762			LONINKCB_04762-0
LONINKCB_04763			LONINKCB_04763-0
LONINKCB_04764			LONINKCB_04764-0
LONINKCB_04765		3.14e-12	LONINKCB_04765-0
LONINKCB_04766			LONINKCB_04766-0
LONINKCB_04767			LONINKCB_04767-0
LONINKCB_04768			LONINKCB_04768-0
LONINKCB_04769			LONINKCB_04769-0
LONINKCB_04770			LONINKCB_04770-0
LONINKCB_04771			LONINKCB_04771-0
LONINKCB_04772		1.55e-17	LONINKCB_04772-0
LONINKCB_04773			LONINKCB_04773-0
LONINKCB_04774			LONINKCB_04774-0
LONINKCB_04775			LONINKCB_04775-0
LONINKCB_04776			LONINKCB_04776-0
LONINKCB_04777			LONINKCB_04777-0
LONINKCB_04778			LONINKCB_04778-0
LONINKCB_04779			LONINKCB_04779-0
LONINKCB_04780			LONINKCB_04780-0
LONINKCB_04781			LONINKCB_04781-0
LONINKCB_04782			LONINKCB_04782-0
LONINKCB_04783			LONINKCB_04783-0
LONINKCB_04784			LONINKCB_04784-0
LONINKCB_04785			LONINKCB_04785-0
LONINKCB_04786			LONINKCB_04786-0
LONINKCB_04787			LONINKCB_04787-0
LONINKCB_04788			LONINKCB_04788-0
LONINKCB_04789			LONINKCB_04789-0
LONINKCB_04790			LONINKCB_04790-0
LONINKCB_04791			LONINKCB_04791-0
LONINKCB_04792			LONINKCB_04792-0
LONINKCB_04793			LONINKCB_04793-0
LONINKCB_04794	38358	4.77e-54	LONINKCB_04794-0
LONINKCB_04795	38358	3.70e-24	LONINKCB_04795-0
LONINKCB_04796			LONINKCB_04796-0
LONINKCB_04797			LONINKCB_04797-0
LONINKCB_04798			LONINKCB_04798-0
LONINKCB_04799		2.96e-16	LONINKCB_04799-0
LONINKCB_04800			LONINKCB_04800-0
LONINKCB_04801			LONINKCB_04801-0
LONINKCB_04802			LONINKCB_04802-0
LONINKCB_04803			LONINKCB_04803-0
LONINKCB_04804			LONINKCB_04804-0
LONINKCB_04805			LONINKCB_04805-0
LONINKCB_04806			LONINKCB_04806-0
LONINKCB_04807			LONINKCB_04807-0
LONINKCB_04808			LONINKCB_04808-0
LONINKCB_04809			LONINKCB_04809-0
LONINKCB_04810			LONINKCB_04810-0
LONINKCB_04811			LONINKCB_04811-0
LONINKCB_04812			LONINKCB_04812-0
LONINKCB_04813			LONINKCB_04813-0
LONINKCB_04814			LONINKCB_04814-0
LONINKCB_04815			LONINKCB_04815-0
LONINKCB_04816			LONINKCB_04816-0
LONINKCB_04817			LONINKCB_04817-0
LONINKCB_04818			LONINKCB_04818-0
LONINKCB_04819			LONINKCB_04819-0
LONINKCB_04820			LONINKCB_04820-0
LONINKCB_04821			LONINKCB_04821-0
LONINKCB_04822			LONINKCB_04822-0
LONINKCB_04823			LONINKCB_04823-0
LONINKCB_04824			LONINKCB_04824-0
LONINKCB_04825			LONINKCB_04825-0
LONINKCB_04826			LONINKCB_04826-0
LONINKCB_04827			LONINKCB_04827-0
LONINKCB_04828			LONINKCB_04828-0
LONINKCB_04829			LONINKCB_04829-0
LONINKCB_04830			LONINKCB_04830-0
LONINKCB_04831			LONINKCB_04831-0
LONINKCB_04832			LONINKCB_04832-0
LONINKCB_04833			LONINKCB_04833-0
LONINKCB_04834			LONINKCB_04834-0
LONINKCB_04835			LONINKCB_04835-0
LONINKCB_04836			LONINKCB_04836-0
LONINKCB_04837			LONINKCB_04837-0
LONINKCB_04838			LONINKCB_04838-0
LONINKCB_04839			LONINKCB_04839-0
LONINKCB_04840			LONINKCB_04840-0
LONINKCB_04841			LONINKCB_04841-0
LONINKCB_04842			LONINKCB_04842-0
LONINKCB_04843			LONINKCB_04843-0
LONINKCB_04844			LONINKCB_04844-0
LONINKCB_04845			LONINKCB_04845-0
LONINKCB_04846			LONINKCB_04846-0
LONINKCB_04847			LONINKCB_04847-0
LONINKCB_04848			LONINKCB_04848-0
LONINKCB_04849			LONINKCB_04849-0
LONINKCB_04850			LONINKCB_04850-0
LONINKCB_04851			LONINKCB_04851-0
LONINKCB_04852			LONINKCB_04852-0
LONINKCB_04853			LONINKCB_04853-0
LONINKCB_04854			LONINKCB_04854-0
LONINKCB_04855			LONINKCB_04855-0
LONINKCB_04856			LONINKCB_04856-0
LONINKCB_04857			LONINKCB_04857-0
LONINKCB_04858			LONINKCB_04858-0
LONINKCB_04859			LONINKCB_04859-0
LONINKCB_04860			LONINKCB_04860-0
LONINKCB_04861			LONINKCB_04861-0
LONINKCB_04862		3.34e-37	LONINKCB_04862-0
LONINKCB_04863			LONINKCB_04863-0
LONINKCB_04864			LONINKCB_04864-0
LONINKCB_04865			LONINKCB_04865-0
LONINKCB_04866			LONINKCB_04866-0
LONINKCB_04867			LONINKCB_04867-0
LONINKCB_04868			LONINKCB_04868-0
LONINKCB_04869			LONINKCB_04869-0
LONINKCB_04870			LONINKCB_04870-0
LONINKCB_04871			LONINKCB_04871-0
LONINKCB_04872			LONINKCB_04872-0
LONINKCB_04873			LONINKCB_04873-0
LONINKCB_04874			LONINKCB_04874-0
LONINKCB_04875	343691	5.38e-04	LONINKCB_04875-0
LONINKCB_04876			LONINKCB_04876-0
LONINKCB_04877			LONINKCB_04877-0
LONINKCB_04878			LONINKCB_04878-0
LONINKCB_04879			LONINKCB_04879-0
LONINKCB_04880			LONINKCB_04880-0
LONINKCB_04881			LONINKCB_04881-0
LONINKCB_04882			LONINKCB_04882-0
LONINKCB_04883			LONINKCB_04883-0
LONINKCB_04884			LONINKCB_04884-0
LONINKCB_04885			LONINKCB_04885-0
LONINKCB_04886			LONINKCB_04886-0
LONINKCB_04887			LONINKCB_04887-0
LONINKCB_04888			LONINKCB_04888-0
LONINKCB_04889			LONINKCB_04889-0
LONINKCB_04890			LONINKCB_04890-0
LONINKCB_04891			LONINKCB_04891-0
LONINKCB_04892			LONINKCB_04892-0
LONINKCB_04893			LONINKCB_04893-0
LONINKCB_04894			LONINKCB_04894-0
LONINKCB_04895			LONINKCB_04895-0
LONINKCB_04896			LONINKCB_04896-0
LONINKCB_04897			LONINKCB_04897-0
LONINKCB_04898			LONINKCB_04898-0
LONINKCB_04899			LONINKCB_04899-0
LONINKCB_04900			LONINKCB_04900-0
LONINKCB_04901			LONINKCB_04901-0
LONINKCB_04902			LONINKCB_04902-0
LONINKCB_04903			LONINKCB_04903-0
LONINKCB_04904			LONINKCB_04904-0
LONINKCB_04905			LONINKCB_04905-0
LONINKCB_04906			LONINKCB_04906-0
LONINKCB_04907			LONINKCB_04907-0
LONINKCB_04908			LONINKCB_04908-0
LONINKCB_04909			LONINKCB_04909-0
LONINKCB_04910			LONINKCB_04910-0
LONINKCB_04911			LONINKCB_04911-0
LONINKCB_04912			LONINKCB_04912-0
LONINKCB_04913			LONINKCB_04913-0
LONINKCB_04914			LONINKCB_04914-0
LONINKCB_04915			LONINKCB_04915-0
LONINKCB_04916			LONINKCB_04916-0
LONINKCB_04917			LONINKCB_04917-0
LONINKCB_04918			LONINKCB_04918-0
LONINKCB_04919			LONINKCB_04919-0
LONINKCB_04920			LONINKCB_04920-0
LONINKCB_04921			LONINKCB_04921-0
LONINKCB_04922			LONINKCB_04922-0
LONINKCB_04923			LONINKCB_04923-0
LONINKCB_04924			LONINKCB_04924-0
LONINKCB_04925			LONINKCB_04925-0
LONINKCB_04926			LONINKCB_04926-0
LONINKCB_04927			LONINKCB_04927-0
LONINKCB_04928			LONINKCB_04928-0
LONINKCB_04929			LONINKCB_04929-0
LONINKCB_04930			LONINKCB_04930-0
LONINKCB_04931			LONINKCB_04931-0
LONINKCB_04932			LONINKCB_04932-0
LONINKCB_04933			LONINKCB_04933-0
LONINKCB_04934			LONINKCB_04934-0
LONINKCB_04935			LONINKCB_04935-0
LONINKCB_04936			LONINKCB_04936-0
LONINKCB_04937			LONINKCB_04937-0
LONINKCB_04938			LONINKCB_04938-0
LONINKCB_04939			LONINKCB_04939-0
LONINKCB_04940			LONINKCB_04940-0
LONINKCB_04941			LONINKCB_04941-0
LONINKCB_04942			LONINKCB_04942-0
LONINKCB_04943			LONINKCB_04943-0
LONINKCB_04944			LONINKCB_04944-0
LONINKCB_04945			LONINKCB_04945-0
LONINKCB_04946			LONINKCB_04946-0
LONINKCB_04947			LONINKCB_04947-0
LONINKCB_04948			LONINKCB_04948-0
LONINKCB_04949			LONINKCB_04949-0
LONINKCB_04950			LONINKCB_04950-0
LONINKCB_04951			LONINKCB_04951-0
LONINKCB_04952			LONINKCB_04952-0
LONINKCB_04953			LONINKCB_04953-0
LONINKCB_04954			LONINKCB_04954-0
LONINKCB_04955			LONINKCB_04955-0
LONINKCB_04956			LONINKCB_04956-0
LONINKCB_04957			LONINKCB_04957-0
LONINKCB_04958			LONINKCB_04958-0
LONINKCB_04959			LONINKCB_04959-0
LONINKCB_04960			LONINKCB_04960-0
LONINKCB_04961			LONINKCB_04961-0
LONINKCB_04962			LONINKCB_04962-0
LONINKCB_04963			LONINKCB_04963-0
LONINKCB_04964			LONINKCB_04964-0
LONINKCB_04965			LONINKCB_04965-0
LONINKCB_04966			LONINKCB_04966-0
LONINKCB_04967			LONINKCB_04967-0
LONINKCB_04968			LONINKCB_04968-0
LONINKCB_04969			LONINKCB_04969-0
LONINKCB_04970			LONINKCB_04970-0
LONINKCB_04971			LONINKCB_04971-0
LONINKCB_04972			LONINKCB_04972-0
LONINKCB_04973			LONINKCB_04973-0
LONINKCB_04974			LONINKCB_04974-0
LONINKCB_04975			LONINKCB_04975-0
LONINKCB_04976			LONINKCB_04976-0
LONINKCB_04977			LONINKCB_04977-0
LONINKCB_04978			LONINKCB_04978-0
LONINKCB_04979			LONINKCB_04979-0
LONINKCB_04980			LONINKCB_04980-0
LONINKCB_04981			LONINKCB_04981-0
LONINKCB_04982			LONINKCB_04982-0
LONINKCB_04983			LONINKCB_04983-0
LONINKCB_04984			LONINKCB_04984-0
LONINKCB_04985			LONINKCB_04985-0
LONINKCB_04986			LONINKCB_04986-0
LONINKCB_04987			LONINKCB_04987-0
LONINKCB_04988			LONINKCB_04988-0
LONINKCB_04989			LONINKCB_04989-0
LONINKCB_04990	38358	2.30e-04	LONINKCB_04990-0
LONINKCB_04991			LONINKCB_04991-0
LONINKCB_04992			LONINKCB_04992-0
LONINKCB_04993			LONINKCB_04993-0
LONINKCB_04994			LONINKCB_04994-0
LONINKCB_04995			LONINKCB_04995-0
LONINKCB_04996			LONINKCB_04996-0
LONINKCB_04997			LONINKCB_04997-0
LONINKCB_04998			LONINKCB_04998-0
LONINKCB_04999			LONINKCB_04999-0
LONINKCB_05000			LONINKCB_05000-0
LONINKCB_05001			LONINKCB_05001-0
LONINKCB_05002			LONINKCB_05002-0
LONINKCB_05003			LONINKCB_05003-0
LONINKCB_05004			LONINKCB_05004-0
LONINKCB_05005			LONINKCB_05005-0
LONINKCB_05006			LONINKCB_05006-0
LONINKCB_05007			LONINKCB_05007-0
LONINKCB_05008			LONINKCB_05008-0
LONINKCB_05009			LONINKCB_05009-0
LONINKCB_05010		1.09e-07	LONINKCB_05010-0
LONINKCB_05011			LONINKCB_05011-0
LONINKCB_05012			LONINKCB_05012-0
LONINKCB_05013			LONINKCB_05013-0
LONINKCB_05014			LONINKCB_05014-0
LONINKCB_05015			LONINKCB_05015-0
LONINKCB_05016			LONINKCB_05016-0
LONINKCB_05017			LONINKCB_05017-0
LONINKCB_05018			LONINKCB_05018-0
LONINKCB_05019			LONINKCB_05019-0
LONINKCB_05020		3.38e-142	LONINKCB_05020-0
LONINKCB_05021		4.72e-20	LONINKCB_05021-0
LONINKCB_05022	35571	1.62e-13	LONINKCB_05022-0
LONINKCB_05023		1.42e-151	LONINKCB_05023-0
LONINKCB_05024		6.51e-62	LONINKCB_05024-0
LONINKCB_05025		1.55e-22	LONINKCB_05025-0
LONINKCB_05026		9.00e-25	LONINKCB_05026-0
LONINKCB_05027			LONINKCB_05027-0
LONINKCB_05028			LONINKCB_05028-0
LONINKCB_05029	38358	1.08e-82	LONINKCB_05029-0
LONINKCB_05030	38358	6.64e-17	LONINKCB_05030-0
LONINKCB_05031			LONINKCB_05031-0
LONINKCB_05032			LONINKCB_05032-0
LONINKCB_05033	38358	2.35e-147	LONINKCB_05033-0
LONINKCB_05034			LONINKCB_05034-0
LONINKCB_05035			LONINKCB_05035-0
LONINKCB_05036	38358	1.41e-81	LONINKCB_05036-0
LONINKCB_05037			LONINKCB_05037-0
LONINKCB_05038			LONINKCB_05038-0
LONINKCB_05039			LONINKCB_05039-0
LONINKCB_05040			LONINKCB_05040-0
LONINKCB_05041	38358	1.84e-153	LONINKCB_05041-0
LONINKCB_05042			LONINKCB_05042-0
LONINKCB_05043			LONINKCB_05043-0
LONINKCB_05044	38358	2.85e-19	LONINKCB_05044-0
LONINKCB_05045	38358	7.28e-14	LONINKCB_05045-0
LONINKCB_05046	35571	6.88e-140	LONINKCB_05046-0
LONINKCB_05047			LONINKCB_05047-0
LONINKCB_05048	35571	5.67e-48	LONINKCB_05048-0
LONINKCB_05049			LONINKCB_05049-0
LONINKCB_05050			LONINKCB_05050-0
LONINKCB_05051			LONINKCB_05051-0
LONINKCB_05052			LONINKCB_05052-0
LONINKCB_05053			LONINKCB_05053-0
LONINKCB_05054			LONINKCB_05054-0
LONINKCB_05055			LONINKCB_05055-0
LONINKCB_05056	38358	2.36e-52	LONINKCB_05056-0
LONINKCB_05057	38358	2.56e-73	LONINKCB_05057-0
LONINKCB_05058			LONINKCB_05058-0
LONINKCB_05059			LONINKCB_05059-0
LONINKCB_05060			LONINKCB_05060-0
LONINKCB_05061		7.91e-37	LONINKCB_05061-0
LONINKCB_05062	35571	3.05e-112	LONINKCB_05062-0
LONINKCB_05063	35571	7.73e-33	LONINKCB_05063-0
LONINKCB_05064	35571	2.39e-33	LONINKCB_05064-0
LONINKCB_05065	35571	1.14e-49	LONINKCB_05065-0
LONINKCB_05066			LONINKCB_05066-0
LONINKCB_05067	35571	2.41e-46	LONINKCB_05067-0
LONINKCB_05068			LONINKCB_05068-0
LONINKCB_05069		2.20e-36	LONINKCB_05069-0
LONINKCB_05070			LONINKCB_05070-0
LONINKCB_05071	35571	1.83e-47	LONINKCB_05071-0
LONINKCB_05072	35571	2.18e-120	LONINKCB_05072-0
LONINKCB_05073			LONINKCB_05073-0
LONINKCB_05074			LONINKCB_05074-0
LONINKCB_05075			LONINKCB_05075-0
LONINKCB_05076			LONINKCB_05076-0
LONINKCB_05077			LONINKCB_05077-0
LONINKCB_05078			LONINKCB_05078-0
LONINKCB_05079			LONINKCB_05079-0
LONINKCB_05080			LONINKCB_05080-0
LONINKCB_05081			LONINKCB_05081-0
LONINKCB_05082			LONINKCB_05082-0
LONINKCB_05083			LONINKCB_05083-0
LONINKCB_05084			LONINKCB_05084-0
LONINKCB_05085			LONINKCB_05085-0
LONINKCB_05086			LONINKCB_05086-0
LONINKCB_05087			LONINKCB_05087-0
LONINKCB_05088			LONINKCB_05088-0
LONINKCB_05089			LONINKCB_05089-0
LONINKCB_05090			LONINKCB_05090-0
LONINKCB_05091			LONINKCB_05091-0
LONINKCB_05092			LONINKCB_05092-0
LONINKCB_05093			LONINKCB_05093-0
LONINKCB_05094			LONINKCB_05094-0
LONINKCB_05095			LONINKCB_05095-0
LONINKCB_05096			LONINKCB_05096-0
LONINKCB_05097			LONINKCB_05097-0
LONINKCB_05098			LONINKCB_05098-0
LONINKCB_05099			LONINKCB_05099-0
LONINKCB_05100			LONINKCB_05100-0
LONINKCB_05101			LONINKCB_05101-0
LONINKCB_05102			LONINKCB_05102-0
LONINKCB_05103	38358	3.38e-22	LONINKCB_05103-0
LONINKCB_05104			LONINKCB_05104-0
LONINKCB_05105			LONINKCB_05105-0
LONINKCB_05106			LONINKCB_05106-0
LONINKCB_05107			LONINKCB_05107-0
LONINKCB_05108			LONINKCB_05108-0
LONINKCB_05109			LONINKCB_05109-0
LONINKCB_05110	35571	1.28e-91	LONINKCB_05110-0
LONINKCB_05111	35571	2.22e-59	LONINKCB_05111-0
LONINKCB_05112			LONINKCB_05112-0
LONINKCB_05113		2.31e-38	LONINKCB_05113-0
LONINKCB_05114	35571	6.23e-47	LONINKCB_05114-0
LONINKCB_05115	35571	5.25e-56	LONINKCB_05115-0
LONINKCB_05116			LONINKCB_05116-0
LONINKCB_05117			LONINKCB_05117-0
LONINKCB_05118	35571	2.44e-62	LONINKCB_05118-0
LONINKCB_05119	35571	1.94e-10	LONINKCB_05119-0
LONINKCB_05120			LONINKCB_05120-0
LONINKCB_05121			LONINKCB_05121-0
LONINKCB_05122		3.04e-51	LONINKCB_05122-0
LONINKCB_05123			LONINKCB_05123-0
LONINKCB_05124			LONINKCB_05124-0
LONINKCB_05125			LONINKCB_05125-0
LONINKCB_05126			LONINKCB_05126-0
LONINKCB_05127			LONINKCB_05127-0
LONINKCB_05128			LONINKCB_05128-0
LONINKCB_05129			LONINKCB_05129-0
LONINKCB_05130			LONINKCB_05130-0
LONINKCB_05131			LONINKCB_05131-0
LONINKCB_05132			LONINKCB_05132-0
LONINKCB_05133			LONINKCB_05133-0
LONINKCB_05134			LONINKCB_05134-0
LONINKCB_05135			LONINKCB_05135-0
LONINKCB_05136			LONINKCB_05136-0
LONINKCB_05137			LONINKCB_05137-0
LONINKCB_05138			LONINKCB_05138-0
LONINKCB_05139	38358	2.19e-08	LONINKCB_05139-0
LONINKCB_05140		1.19e-15	LONINKCB_05140-0
LONINKCB_05141			LONINKCB_05141-0
LONINKCB_05142			LONINKCB_05142-0
LONINKCB_05143			LONINKCB_05143-0
LONINKCB_05144			LONINKCB_05144-0
LONINKCB_05145	38358	1.29e-312	LONINKCB_05145-0
LONINKCB_05146			LONINKCB_05146-0
LONINKCB_05147			LONINKCB_05147-0
LONINKCB_05148			LONINKCB_05148-0
LONINKCB_05149			LONINKCB_05149-0
LONINKCB_05150			LONINKCB_05150-0
LONINKCB_05151	38358	4.78e-54	LONINKCB_05151-0
LONINKCB_05152			LONINKCB_05152-0
LONINKCB_05153			LONINKCB_05153-0
LONINKCB_05154			LONINKCB_05154-0
LONINKCB_05155			LONINKCB_05155-0
LONINKCB_05156			LONINKCB_05156-0
LONINKCB_05157			LONINKCB_05157-0
LONINKCB_05158			LONINKCB_05158-0
LONINKCB_05159			LONINKCB_05159-0
LONINKCB_05160			LONINKCB_05160-0
LONINKCB_05161			LONINKCB_05161-0
LONINKCB_05162			LONINKCB_05162-0
LONINKCB_05163			LONINKCB_05163-0
LONINKCB_05164			LONINKCB_05164-0
LONINKCB_05165			LONINKCB_05165-0
LONINKCB_05166			LONINKCB_05166-0
LONINKCB_05167			LONINKCB_05167-0
LONINKCB_05168	38358	5.90e-32	LONINKCB_05168-0
LONINKCB_05169			LONINKCB_05169-0
LONINKCB_05170			LONINKCB_05170-0
LONINKCB_05171			LONINKCB_05171-0
LONINKCB_05172			LONINKCB_05172-0
LONINKCB_05173			LONINKCB_05173-0
LONINKCB_05174			LONINKCB_05174-0
LONINKCB_05175			LONINKCB_05175-0
LONINKCB_05176			LONINKCB_05176-0
LONINKCB_05177			LONINKCB_05177-0
LONINKCB_05178			LONINKCB_05178-0
LONINKCB_05179			LONINKCB_05179-0
LONINKCB_05180			LONINKCB_05180-0
LONINKCB_05181			LONINKCB_05181-0
LONINKCB_05182			LONINKCB_05182-0
LONINKCB_05183			LONINKCB_05183-0
LONINKCB_05184			LONINKCB_05184-0
LONINKCB_05185			LONINKCB_05185-0
LONINKCB_05186			LONINKCB_05186-0
LONINKCB_05187			LONINKCB_05187-0
LONINKCB_05188			LONINKCB_05188-0
LONINKCB_05189			LONINKCB_05189-0
LONINKCB_05190			LONINKCB_05190-0
LONINKCB_05191			LONINKCB_05191-0
LONINKCB_05192			LONINKCB_05192-0
LONINKCB_05193			LONINKCB_05193-0
LONINKCB_05194			LONINKCB_05194-0
LONINKCB_05195			LONINKCB_05195-0
LONINKCB_05196			LONINKCB_05196-0
LONINKCB_05197			LONINKCB_05197-0
LONINKCB_05198			LONINKCB_05198-0
LONINKCB_05199			LONINKCB_05199-0
LONINKCB_05200			LONINKCB_05200-0
LONINKCB_05201	35571	3.14e-41	LONINKCB_05201-0
LONINKCB_05202	35571	2.25e-32	LONINKCB_05202-0
LONINKCB_05203		1.52e-270	LONINKCB_05203-0
LONINKCB_05204	35571	0.0	LONINKCB_05204-0
LONINKCB_05205	35571	2.28e-26	LONINKCB_05205-0
LONINKCB_05206			LONINKCB_05206-0
LONINKCB_05207			LONINKCB_05207-0
LONINKCB_05208	38358	5.68e-31	LONINKCB_05208-0
LONINKCB_05209			LONINKCB_05209-0
LONINKCB_05210			LONINKCB_05210-0
LONINKCB_05211			LONINKCB_05211-0
LONINKCB_05212			LONINKCB_05212-0
LONINKCB_05213			LONINKCB_05213-0
LONINKCB_05214			LONINKCB_05214-0
LONINKCB_05215			LONINKCB_05215-0
LONINKCB_05216	35571	1.41e-58	LONINKCB_05216-0
LONINKCB_05217			LONINKCB_05217-0
LONINKCB_05218	35571	1.08e-184	LONINKCB_05218-0
LONINKCB_05219	35571	7.22e-56	LONINKCB_05219-0
LONINKCB_05220		4.72e-33	LONINKCB_05220-0
LONINKCB_05221			LONINKCB_05221-0
LONINKCB_05222		8.05e-57	LONINKCB_05222-0
LONINKCB_05223		2.44e-38	LONINKCB_05223-0
LONINKCB_05224		7.38e-53	LONINKCB_05224-0
LONINKCB_05225	35571	5.92e-35	LONINKCB_05225-0
LONINKCB_05226	1564500	2.17e-27	LONINKCB_05226-0
LONINKCB_05227			LONINKCB_05227-0
LONINKCB_05228			LONINKCB_05228-0
LONINKCB_05229	35571	5.90e-64	LONINKCB_05229-0
LONINKCB_05230			LONINKCB_05230-0
LONINKCB_05231	35571	1.69e-37	LONINKCB_05231-0
LONINKCB_05232			LONINKCB_05232-0
LONINKCB_05233	38358	7.17e-19	LONINKCB_05233-0
LONINKCB_05234	38358	9.50e-60	LONINKCB_05234-0
LONINKCB_05235	1564500	0.0	LONINKCB_05235-0
LONINKCB_05236			LONINKCB_05236-0
LONINKCB_05237			LONINKCB_05237-0
LONINKCB_05238			LONINKCB_05238-0
LONINKCB_05239			LONINKCB_05239-0
LONINKCB_05240			LONINKCB_05240-0
LONINKCB_05241			LONINKCB_05241-0
LONINKCB_05242			LONINKCB_05242-0
LONINKCB_05243			LONINKCB_05243-0
LONINKCB_05244			LONINKCB_05244-0
LONINKCB_05245			LONINKCB_05245-0
LONINKCB_05246			LONINKCB_05246-0
LONINKCB_05247			LONINKCB_05247-0
LONINKCB_05248			LONINKCB_05248-0
LONINKCB_05249			LONINKCB_05249-0
LONINKCB_05250			LONINKCB_05250-0
LONINKCB_05251			LONINKCB_05251-0
LONINKCB_05252			LONINKCB_05252-0
LONINKCB_05253			LONINKCB_05253-0
LONINKCB_05254			LONINKCB_05254-0
LONINKCB_05255			LONINKCB_05255-0
LONINKCB_05256			LONINKCB_05256-0
LONINKCB_05257			LONINKCB_05257-0
LONINKCB_05258			LONINKCB_05258-0
LONINKCB_05259			LONINKCB_05259-0
LONINKCB_05260	1564500	3.91e-61	LONINKCB_05260-0
LONINKCB_05261			LONINKCB_05261-0
LONINKCB_05262			LONINKCB_05262-0
LONINKCB_05263			LONINKCB_05263-0
LONINKCB_05264			LONINKCB_05264-0
LONINKCB_05265		1.03e-14	LONINKCB_05265-0
LONINKCB_05266			LONINKCB_05266-0
