222085	1	253	2.486E-65	4	20282	23980	461	98	0.824	2.489E-21	73	128	226	20282	20449	168	20276	20473
222085	1	253	2.486E-65	4	20282	23980	532	55	0.781	3.715E-07	135	167	226	23557	23655	99	23542	23658
222085	1	253	2.486E-65	4	20282	23980	536	35	0.675	7.100E+00	166	189	226	23736	23807	72	23706	23846
222085	1	253	2.486E-65	4	20282	23980	538	69	0.885	2.183E-11	190	225	226	23873	23980	108	23801	23980
234171	1	237	1.629E-60	4	20098	23977	457	46	0.597	3.437E-03	35	71	231	20098	20208	111	20095	20298
234171	1	237	1.629E-60	4	20098	23977	461	98	0.824	2.489E-21	73	128	231	20282	20449	168	20276	20473
234171	1	237	1.629E-60	4	20098	23977	532	58	0.817	3.981E-08	135	167	231	23557	23655	99	23542	23658
234171	1	237	1.629E-60	4	20098	23977	538	59	0.781	8.622E-08	190	224	231	23873	23977	105	23801	23980
234607	-1	182	5.870E-44	1	35150	36097	1160	182	0.350	2.324E-45	295	562	566	-36097	-35150	948	36196	35099
272375	-1	290	1.809E-76	2	35339	36884	1141	148	0.424	4.236E-36	104	297	577	-36884	-36300	585	36887	36246
272375	-1	290	1.809E-76	2	35339	36884	1160	152	0.330	3.262E-35	287	572	577	-36196	-35339	858	36196	35099
273585	-1	120	2.707E-25	1	35162	36067	1160	120	0.274	1.549E-24	242	543	551	-36067	-35162	906	36196	35099
274070	-1	78	1.191E-12	1	36504	36854	1141	78	0.381	3.463E-12	18	134	143	-36854	-36504	351	36887	36246
408774	-1	180	2.348E-43	2	35138	36875	1141	92	0.313	7.197E-17	58	237	630	-36875	-36321	555	36887	36246
408774	-1	180	2.348E-43	2	35138	36875	1160	139	0.284	4.176E-31	290	622	630	-36067	-35138	930	36196	35099
457876	1	200	2.239E-49	3	20098	23655	457	47	0.610	1.319E-03	38	74	234	20098	20208	111	20095	20298
457876	1	200	2.239E-49	3	20098	23655	461	96	0.815	6.450E-21	76	131	234	20282	20449	168	20276	20473
457876	1	200	2.239E-49	3	20098	23655	532	61	0.854	4.271E-09	138	170	234	23557	23655	99	23542	23658
501168	1	243	2.546E-62	4	20282	23980	461	98	0.824	2.489E-21	75	130	238	20282	20449	168	20276	20473
501168	1	243	2.546E-62	4	20282	23980	532	53	0.755	1.833E-06	137	169	238	23557	23655	99	23542	23658
501168	1	243	2.546E-62	4	20282	23980	536	35	0.675	7.100E+00	168	191	238	23736	23807	72	23706	23846
501168	1	243	2.546E-62	4	20282	23980	538	61	0.790	1.274E-08	192	227	238	23873	23980	108	23801	23980
504146	-1	125	8.460E-27	1	35156	35800	1160	125	0.342	3.088E-26	0	221	225	-35800	-35156	645	36196	35099
559690	-1	68	1.219E-09	1	35153	35401	1160	68	0.437	1.028E-07	9	90	102	-35401	-35153	249	36196	35099
704314	1	296	2.826E-78	5	20095	23980	457	47	0.606	1.815E-03	34	70	225	20095	20205	111	20095	20298
704314	1	296	2.826E-78	5	20095	23980	461	98	0.824	2.489E-21	72	127	225	20282	20449	168	20276	20473
704314	1	296	2.826E-78	5	20095	23980	532	53	0.750	2.523E-06	134	166	225	23557	23655	99	23542	23658
704314	1	296	2.826E-78	5	20095	23980	536	34	0.726	2.576E+01	168	188	225	23745	23807	63	23706	23846
704314	1	296	2.826E-78	5	20095	23980	538	64	0.823	1.370E-09	189	224	225	23873	23980	108	23801	23980
821816	1	96	4.542E-18	1	24700	24942	565	96	0.592	8.378E-18	12	92	93	24700	24942	243	24667	25374
936173	1	246	3.182E-63	3	19311	24927	444	86	0.581	2.713E-16	37	110	291	19311	19532	222	19230	19562
936173	1	246	3.182E-63	3	19311	24927	452	89	0.576	1.502E-16	121	198	291	19634	19867	234	19541	20047
936173	1	246	3.182E-63	3	19311	24927	565	91	0.597	3.348E-16	211	286	291	24700	24927	228	24667	25374
1051057	1	112	6.930E-23	1	2689	3111	67	112	0.434	6.146E-24	22	163	181	2689	3111	423	2518	3120
1136480	-1	81	1.488E-13	1	35714	36067	1160	81	0.388	5.860E-12	16	133	148	-36067	-35714	354	36196	35099
1605392	-1	100	2.839E-19	1	35144	36109	1160	100	0.231	3.454E-18	242	584	612	-36109	-35144	966	36196	35099
1646341	-1	80	2.977E-13	1	35159	36103	1160	80	0.213	1.045E-11	216	535	574	-36103	-35159	945	36196	35099
1913518	-1	99	5.677E-19	1	36303	36833	1141	99	0.339	2.729E-19	2	178	263	-36833	-36303	531	36887	36246
1963307	1	80	2.977E-13	1	2680	3093	67	80	0.344	7.134E-13	20	157	162	2680	3093	414	2518	3120
5068605	1	255	6.215E-66	3	24916	25784	565	115	0.488	2.214E-24	188	312	470	24916	25284	369	24667	25374
5068605	1	255	6.215E-66	3	24916	25784	567	61	0.499	1.434E-08	319	380	470	25355	25507	153	25355	25522
5068605	1	255	6.215E-66	3	24916	25784	572	84	0.492	2.713E-16	380	468	470	25569	25784	216	25557	25784
6654491	1	128	1.057E-27	1	2695	3120	67	128	0.477	3.100E-29	5	147	149	2695	3120	426	2518	3120
10691106	-1	69	6.096E-10	1	35150	35671	1160	69	0.247	3.279E-08	7	211	243	-35671	-35150	522	36196	35099
11142989	1	81	1.488E-13	1	19245	19544	444	81	0.424	8.787E-15	7	111	199	19245	19544	300	19230	19562
11208806	1	118	1.083E-24	1	2689	3117	67	118	0.445	5.662E-26	3	147	152	2689	3117	429	2518	3120
12935278	1	238	8.146E-61	4	20098	23980	457	46	0.552	2.497E-03	36	76	228	20098	20220	123	20095	20298
12935278	1	238	8.146E-61	4	20098	23980	461	97	0.806	4.696E-21	74	130	228	20279	20449	171	20276	20473
12935278	1	238	8.146E-61	4	20098	23980	532	56	0.786	2.700E-07	137	169	228	23557	23655	99	23542	23658
12935278	1	238	8.146E-61	4	20098	23980	538	66	0.847	2.786E-10	192	227	228	23873	23980	108	23801	23980
14774283	-1	70	3.048E-10	1	35153	35401	1160	70	0.449	1.851E-08	8	90	95	-35401	-35153	249	36196	35099
14775719	-1	182	5.870E-44	1	35150	36097	1160	182	0.350	2.324E-45	267	534	538	-36097	-35150	948	36196	35099
14776271	-1	87	2.325E-15	1	35303	36109	1160	87	0.243	7.499E-14	219	473	488	-36109	-35303	807	36196	35099
14776591	-1	313	2.156E-83	2	35159	36884	1141	130	0.386	1.040E-29	101	288	621	-36884	-36303	582	36887	36246
14776591	-1	313	2.156E-83	2	35159	36884	1160	183	0.346	6.757E-46	288	611	621	-36109	-35159	951	36196	35099
14815954	-1	148	1.008E-33	1	36300	36884	1141	148	0.424	4.236E-36	44	237	269	-36884	-36300	585	36887	36246
14816513	-1	145	8.068E-33	1	36297	36884	1141	145	0.417	3.799E-35	95	290	356	-36884	-36297	588	36887	36246
14848833	-1	199	4.479E-49	2	35150	36884	1141	97	0.314	1.286E-18	123	313	595	-36884	-36300	585	36887	36246
14848833	-1	199	4.479E-49	2	35150	36884	1160	115	0.275	4.206E-23	328	593	595	-36016	-35150	867	36196	35099
14927851	-1	72	7.620E-11	1	35183	35401	1160	72	0.509	3.320E-09	45	117	134	-35401	-35183	219	36196	35099
14974140	1	133	3.305E-29	3	20098	23807	457	45	0.570	8.958E-03	34	71	204	20098	20211	114	20095	20298
14974140	1	133	3.305E-29	3	20098	23807	461	96	0.812	8.859E-21	71	126	204	20282	20449	168	20276	20473
14974140	1	133	3.305E-29	3	20098	23807	536	32	0.693	9.358E+01	168	188	204	23745	23807	63	23706	23846
15045956	-1	135	8.261E-30	1	36291	36869	1141	135	0.399	1.304E-31	98	289	362	-36869	-36291	579	36887	36246
15229754	1	223	2.669E-56	4	20095	23980	457	51	0.623	7.463E-05	46	84	240	20095	20211	117	20095	20298
15229754	1	223	2.669E-56	4	20095	23980	461	92	0.794	2.117E-19	84	138	240	20282	20446	165	20276	20473
15229754	1	223	2.669E-56	4	20095	23980	532	54	0.853	1.332E-06	153	181	240	23569	23655	87	23542	23658
15229754	1	223	2.669E-56	4	20095	23980	538	57	0.709	3.087E-07	202	239	240	23867	23980	114	23801	23980
15286918	1	142	6.454E-32	3	20095	23977	457	46	0.597	3.437E-03	36	72	233	20095	20205	111	20095	20298
15286918	1	142	6.454E-32	3	20095	23977	461	91	0.773	5.488E-19	74	129	233	20282	20449	168	20276	20473
15286918	1	142	6.454E-32	3	20095	23977	538	59	0.727	8.622E-08	186	223	233	23864	23977	114	23801	23980
15319926	1	96	4.542E-18	1	19263	19544	444	96	0.527	7.288E-20	13	106	183	19263	19544	282	19230	19562
15347895	1	102	7.097E-20	1	24697	24930	565	102	0.647	4.437E-20	26	103	111	24697	24930	234	24667	25374
15407832	1	123	3.384E-26	1	2527	3117	67	123	0.365	1.814E-27	93	290	294	2527	3117	591	2518	3120
15440112	-1	168	9.618E-40	1	35150	36157	1160	168	0.302	1.125E-40	69	433	463	-36157	-35150	1008	36196	35099
15490752	1	69	6.096E-10	1	24379	24636	553	69	0.419	1.518E-10	11	100	126	24379	24636	258	24334	24663
15598130	1	88	1.163E-15	1	24694	25101	565	88	0.353	3.890E-15	3	149	261	24694	25101	408	24667	25374
15617533	-1	235	6.517E-60	2	35156	36884	1141	124	0.371	1.129E-27	97	290	592	-36884	-36300	585	36887	36246
15617533	-1	235	6.517E-60	2	35156	36884	1160	114	0.248	1.394E-22	287	571	592	-36184	-35156	1029	36196	35099
15697109	1	115	8.663E-24	1	2671	3117	67	115	0.418	5.049E-25	12	165	168	2671	3117	447	2518	3120
15766299	1	79	5.953E-13	1	19254	19535	444	79	0.452	4.269E-14	19	111	114	19254	19535	282	19230	19562
16007700	1	79	5.953E-13	1	2674	3093	67	79	0.340	9.712E-13	17	156	161	2674	3093	420	2518	3120
20654815	1	112	6.930E-23	2	25361	25784	567	44	0.370	1.322E-02	81	145	217	25361	25513	153	25355	25522
20654815	1	112	6.930E-23	2	25361	25784	572	69	0.494	4.737E-11	144	215	217	25569	25784	216	25557	25784
21031052	1	127	2.115E-27	1	2695	3120	67	127	0.475	5.798E-29	7	149	184	2695	3120	426	2518	3120
21226003	1	123	3.384E-26	1	2692	3117	67	123	0.460	1.814E-27	16	159	208	2692	3117	426	2518	3120
22280072	1	94	1.817E-17	1	2785	3117	67	94	0.454	7.540E-18	8	119	124	2785	3117	333	2518	3120
23090307	1	124	1.692E-26	1	2686	3117	67	124	0.459	7.095E-28	13	158	163	2686	3117	432	2518	3120
24042873	1	455	3.868E-126	2	2340	3120	59	68	0.854	4.789E-11	0	36	233	2340	2450	111	2313	2501
24042873	1	455	3.868E-126	2	2340	3120	67	387	0.932	4.241E-119	36	232	233	2530	3120	591	2518	3120
24228834	1	298	7.066E-79	3	24946	25775	565	133	0.578	1.848E-30	20	136	269	24946	25284	339	24667	25374
24228834	1	298	7.066E-79	3	24946	25775	567	71	0.649	3.633E-12	145	197	269	25355	25507	153	25355	25522
24228834	1	298	7.066E-79	3	24946	25775	572	101	0.710	2.348E-22	197	264	269	25569	25775	207	25557	25784
25635948	-1	76	4.762E-12	1	35159	35701	1160	76	0.260	1.875E-10	15	221	267	-35701	-35159	543	36196	35099
27140549	1	131	1.322E-28	1	2695	3117	67	131	0.469	2.529E-30	19	168	171	2695	3117	423	2518	3120
28081580	-1	93	3.633E-17	1	35150	35953	1160	93	0.239	6.949E-16	0	298	330	-35953	-35150	804	36196	35099
28901769	1	233	2.607E-59	4	20098	23807	457	44	0.591	1.233E-02	31	66	221	20098	20205	108	20095	20298
28901769	1	233	2.607E-59	4	20098	23807	461	97	0.821	3.419E-21	68	123	221	20282	20449	168	20276	20473
28901769	1	233	2.607E-59	4	20098	23807	532	59	0.828	2.103E-08	130	162	221	23557	23655	99	23542	23658
28901769	1	233	2.607E-59	4	20098	23807	536	35	0.751	9.797E+00	164	184	221	23745	23807	63	23706	23846
29315992	-1	242	5.092E-62	2	35162	36887	1141	109	0.403	8.460E-23	130	279	541	-36887	-36429	459	36887	36246
29315992	-1	242	5.092E-62	2	35162	36887	1160	141	0.290	1.676E-31	271	533	541	-36136	-35162	975	36196	35099
29316533	-1	156	3.939E-36	1	35165	36142	1160	156	0.310	8.279E-37	157	449	450	-36142	-35165	978	36196	35099
29316680	-1	162	6.155E-38	2	35165	36791	1141	96	0.348	4.441E-18	0	136	335	-36791	-36300	492	36887	36246
29316680	-1	162	6.155E-38	2	35165	36791	1160	91	0.258	4.036E-15	163	334	335	-35923	-35165	759	36196	35099
29400140	1	149	5.042E-34	3	20095	23980	457	55	0.682	3.077E-06	46	83	241	20095	20208	114	20095	20298
29400140	1	149	5.042E-34	3	20095	23980	461	94	0.813	3.153E-20	85	139	241	20282	20446	165	20276	20473
29400140	1	149	5.042E-34	3	20095	23980	538	61	0.749	1.752E-08	203	240	241	23867	23980	114	23801	23980
29473108	-1	71	1.524E-10	1	35156	35401	1160	71	0.457	1.044E-08	12	89	102	-35401	-35156	246	36196	35099
29513841	1	146	4.034E-33	3	20098	23980	457	47	0.592	1.815E-03	36	73	227	20098	20211	114	20095	20298
29513841	1	146	4.034E-33	3	20098	23980	461	98	0.827	1.813E-21	73	128	227	20282	20449	168	20276	20473
29513841	1	146	4.034E-33	3	20098	23980	538	62	0.800	6.735E-09	191	226	227	23873	23980	108	23801	23980
29514432	1	135	8.261E-30	3	20098	23977	457	45	0.575	6.509E-03	34	71	225	20098	20211	114	20095	20298
29514432	1	135	8.261E-30	3	20098	23977	461	96	0.812	8.859E-21	71	126	225	20282	20449	168	20276	20473
29514432	1	135	8.261E-30	3	20098	23977	538	55	0.742	1.106E-06	189	223	225	23873	23977	105	23801	23980
29560990	-1	119	5.414E-25	1	35162	36109	1160	119	0.257	2.092E-24	164	500	522	-36109	-35162	948	36196	35099
29702306	1	239	4.073E-61	4	20098	23977	457	49	0.615	3.679E-04	36	73	227	20098	20211	114	20095	20298
29702306	1	239	4.073E-61	4	20098	23977	461	93	0.791	8.170E-20	74	129	227	20282	20449	168	20276	20473
29702306	1	239	4.073E-61	4	20098	23977	532	58	0.812	5.476E-08	136	168	227	23557	23655	99	23542	23658
29702306	1	239	4.073E-61	4	20098	23977	538	63	0.839	1.883E-09	191	225	227	23873	23977	105	23801	23980
29779517	1	225	6.674E-57	4	20095	23980	457	51	0.623	7.463E-05	46	84	240	20095	20211	117	20095	20298
29779517	1	225	6.674E-57	4	20095	23980	461	94	0.807	5.948E-20	84	138	240	20282	20446	165	20276	20473
29779517	1	225	6.674E-57	4	20095	23980	532	54	0.853	1.332E-06	153	181	240	23569	23655	87	23542	23658
29779517	1	225	6.674E-57	4	20095	23980	538	57	0.709	3.087E-07	202	239	240	23867	23980	114	23801	23980
29840231	-1	103	3.548E-20	1	35156	35953	1160	103	0.257	5.844E-19	0	288	306	-35953	-35156	798	36196	35099
29868534	1	179	4.696E-43	3	20282	23977	461	91	0.773	5.488E-19	49	104	203	20282	20449	168	20276	20473
29868534	1	179	4.696E-43	3	20282	23977	532	55	0.776	5.112E-07	111	143	203	23557	23655	99	23542	23658
29868534	1	179	4.696E-43	3	20282	23977	538	59	0.791	4.558E-08	166	200	203	23873	23977	105	23801	23980
29925302	1	117	2.166E-24	1	2692	3117	67	117	0.445	1.058E-25	135	278	282	2692	3117	426	2518	3120
29940035	1	137	2.065E-30	1	29504	29800	648	137	0.670	1.172E-33	25	125	138	29504	29800	297	29438	29845
29940035	-1	121	1.354E-25	1	29080	29328	1280	121	0.711	1.548E-28	25	107	138	-29328	-29080	249	29403	29053
29940177	1	138	1.033E-30	1	29480	29800	648	138	0.630	8.549E-34	25	133	146	29480	29800	321	29438	29845
29940177	-1	122	6.768E-26	1	29080	29352	1280	122	0.660	1.129E-28	25	115	146	-29352	-29080	273	29403	29053
29941345	1	118	1.083E-24	1	24700	25278	565	118	0.327	1.848E-25	20	243	355	24700	25278	579	24667	25374
29968599	1	80	2.977E-13	1	24673	24930	565	80	0.486	1.747E-12	21	105	106	24673	24930	258	24667	25374
29982410	-1	239	4.073E-61	2	36255	37054	1130	34	0.654	2.925E+01	58	81	303	-37054	-36983	72	37075	36908
29982410	-1	239	4.073E-61	2	36255	37054	1141	217	0.541	5.574E-60	95	298	303	-36884	-36255	630	36887	36246
30016459	1	101	1.419E-19	1	24697	24927	565	101	0.647	1.120E-19	14	90	99	24697	24927	231	24667	25374
30048681	1	90	2.907E-16	1	19263	19544	444	90	0.500	8.371E-18	13	106	162	19263	19544	282	19230	19562
30049550	1	234	1.303E-59	4	19640	23977	452	95	0.400	1.374E-18	75	171	367	19640	20041	402	19541	20047
30049550	1	234	1.303E-59	4	19640	23977	461	90	0.776	1.422E-18	213	267	367	20282	20446	165	20276	20473
30049550	1	234	1.303E-59	4	19640	23977	532	59	0.823	2.894E-08	275	307	367	23557	23655	99	23542	23658
30049550	1	234	1.303E-59	4	19640	23977	538	56	0.752	5.841E-07	330	364	367	23873	23977	105	23801	23980
30136540	1	108	1.109E-21	1	24697	25101	565	108	0.416	4.297E-22	0	144	265	24697	25101	405	24667	25374
30160298	-1	288	7.235E-76	2	35156	36884	1141	144	0.391	9.725E-35	95	303	663	-36884	-36249	636	36887	36246
30160298	-1	288	7.235E-76	2	35156	36884	1160	147	0.294	1.732E-33	308	638	663	-36145	-35156	990	36196	35099
30206237	1	118	1.083E-24	1	2689	3117	67	118	0.439	7.740E-26	2	148	167	2689	3117	429	2518	3120
30350091	1	77	2.381E-12	1	24694	25107	565	77	0.309	1.468E-11	26	182	199	24694	25107	414	24667	25374
30549535	1	80	2.977E-13	1	2674	3093	67	80	0.341	7.134E-13	17	156	161	2674	3093	420	2518	3120
33465755	1	211	1.093E-52	3	25081	25784	565	77	0.518	1.988E-11	119	194	339	25081	25284	204	24667	25374
33465755	1	211	1.093E-52	3	25081	25784	567	49	0.434	1.090E-04	204	263	339	25364	25507	144	25355	25522
33465755	1	211	1.093E-52	3	25081	25784	572	93	0.636	1.834E-19	263	334	339	25569	25784	216	25557	25784
34153368	1	252	4.972E-65	3	24937	25784	565	113	0.501	1.423E-23	196	313	471	24937	25284	348	24667	25374
34153368	1	252	4.972E-65	3	24937	25784	567	59	0.488	5.133E-08	320	381	471	25355	25507	153	25355	25522
34153368	1	252	4.972E-65	3	24937	25784	572	85	0.496	1.438E-16	381	469	471	25569	25784	216	25557	25784
35822695	1	124	1.692E-26	1	2686	3120	67	124	0.459	7.095E-28	2	147	150	2686	3120	435	2518	3120
37101944	1	242	5.092E-62	4	20282	23977	461	95	0.806	1.671E-20	73	128	225	20282	20449	168	20276	20473
37101944	1	242	5.092E-62	4	20282	23977	532	54	0.760	1.332E-06	135	167	225	23557	23655	99	23542	23658
37101944	1	242	5.092E-62	4	20282	23977	536	36	0.697	2.704E+00	166	189	225	23736	23807	72	23706	23846
37101944	1	242	5.092E-62	4	20282	23977	538	61	0.810	1.274E-08	190	224	225	23873	23977	105	23801	23980
38080461	1	78	1.191E-12	1	2710	3093	67	78	0.356	3.333E-12	39	166	171	2710	3093	384	2518	3120
40688919	1	238	8.146E-61	4	20098	23980	457	46	0.552	2.497E-03	36	76	228	20098	20220	123	20095	20298
40688919	1	238	8.146E-61	4	20098	23980	461	97	0.806	4.696E-21	74	130	228	20279	20449	171	20276	20473
40688919	1	238	8.146E-61	4	20098	23980	532	56	0.786	2.700E-07	137	169	228	23557	23655	99	23542	23658
40688919	1	238	8.146E-61	4	20098	23980	538	66	0.847	2.786E-10	192	227	228	23873	23980	108	23801	23980
42051395	-1	117	2.166E-24	1	35306	36157	1160	117	0.265	1.711E-23	236	546	547	-36157	-35306	852	36196	35099
43858003	-1	114	1.733E-23	1	35153	36115	1160	114	0.257	1.394E-22	39	336	346	-36115	-35153	963	36196	35099
43858094	-1	221	1.068E-55	2	35153	36887	1141	105	0.390	3.534E-21	101	250	519	-36887	-36429	459	36887	36246
43858094	-1	221	1.068E-55	2	35153	36887	1160	124	0.268	4.175E-26	242	514	519	-36136	-35153	984	36196	35099
43899830	-1	130	2.644E-28	1	35345	36196	1160	130	0.296	4.489E-28	265	555	556	-36196	-35345	852	36196	35099
44129632	-1	87	2.325E-15	1	35159	35716	1160	87	0.300	1.004E-13	16	184	193	-35716	-35159	558	36196	35099
44165234	-1	67	2.438E-09	1	35162	35401	1160	67	0.445	1.818E-07	45	124	136	-35401	-35162	240	36196	35099
44231032	-1	135	8.261E-30	1	35153	36151	1160	135	0.269	1.181E-29	99	452	463	-36151	-35153	999	36196	35099
44306539	1	90	2.907E-16	1	2647	3096	67	90	0.353	2.292E-16	110	260	264	2647	3096	450	2518	3120
44364242	1	185	7.338E-45	3	20282	23980	461	94	0.800	3.153E-20	79	134	233	20282	20449	168	20276	20473
44364242	1	185	7.338E-45	3	20282	23980	532	54	0.760	1.332E-06	141	173	233	23557	23655	99	23542	23658
44364242	1	185	7.338E-45	3	20282	23980	538	63	0.809	3.561E-09	196	231	233	23873	23980	108	23801	23980
44453578	1	59	6.242E-07	1	24700	24855	565	59	0.565	1.100E-05	9	60	61	24700	24855	156	24667	25374
44499195	-1	112	6.930E-23	1	36273	36746	1141	112	0.400	1.306E-23	7	157	188	-36746	-36273	474	36887	36246
44523655	1	728	2.548E-208	4	24340	25784	553	146	0.714	2.507E-37	0	99	421	24340	24639	300	24334	24663
44523655	1	728	2.548E-208	4	24340	25784	565	349	0.848	2.191E-105	101	298	421	24700	25293	594	24667	25374
44523655	1	728	2.548E-208	4	24340	25784	567	96	0.879	7.332E-21	299	349	421	25355	25507	153	25355	25522
44523655	1	728	2.548E-208	4	24340	25784	572	134	0.881	6.457E-34	349	420	421	25569	25784	216	25557	25784
44524372	-1	191	1.147E-46	1	36468	36887	1141	191	0.677	5.798E-51	68	207	225	-36887	-36468	420	36887	36246
44524475	-1	160	2.462E-37	1	36249	36887	1141	160	0.421	3.475E-40	75	284	424	-36887	-36249	639	36887	36246
44559725	1	207	1.749E-51	3	19640	23655	452	101	0.415	1.709E-20	2	101	296	19640	20044	405	19541	20047
44559725	1	207	1.749E-51	3	19640	23655	461	91	0.770	7.538E-19	141	196	296	20279	20446	168	20276	20473
44559725	1	207	1.749E-51	3	19640	23655	532	59	0.823	2.894E-08	204	236	296	23557	23655	99	23542	23658
44888160	-1	115	8.663E-24	1	35156	36115	1160	115	0.249	7.658E-23	52	394	437	-36115	-35156	960	36196	35099
45084857	1	77	2.381E-12	1	2710	3096	67	77	0.352	6.170E-12	33	161	165	2710	3096	387	2518	3120
45481711	-1	118	1.083E-24	1	35156	36106	1160	118	0.256	6.956E-24	268	601	609	-36106	-35156	951	36196	35099
45483786	1	82	7.441E-14	1	2710	3096	67	82	0.367	1.524E-13	31	159	163	2710	3096	387	2518	3120
45648647	1	97	2.271E-18	1	2659	3093	67	97	0.381	1.168E-18	19	164	177	2659	3093	435	2518	3120
45663418	-1	77	2.381E-12	1	35156	36097	1160	77	0.200	1.406E-10	38	387	420	-36097	-35156	942	36196	35099
55750637	1	281	9.261E-74	3	24946	25781	565	129	0.561	3.051E-29	20	137	270	24946	25284	339	24667	25374
55750637	1	281	9.261E-74	3	24946	25781	567	63	0.588	1.541E-09	147	199	270	25358	25510	153	25355	25522
55750637	1	281	9.261E-74	3	24946	25781	572	99	0.673	1.146E-21	197	267	270	25566	25781	216	25557	25784
58377414	1	210	2.187E-52	4	20095	23977	457	44	0.578	1.233E-02	36	72	232	20095	20205	111	20095	20298
58377414	1	210	2.187E-52	4	20095	23977	461	97	0.818	4.696E-21	74	129	232	20282	20449	168	20276	20473
58377414	1	210	2.187E-52	4	20095	23977	536	35	0.729	7.100E+00	166	187	232	23742	23807	66	23706	23846
58377414	1	210	2.187E-52	4	20095	23977	538	66	0.878	1.474E-10	188	222	232	23873	23977	105	23801	23980
58383190	1	145	8.068E-33	3	20098	23980	457	47	0.592	1.815E-03	36	73	227	20098	20211	114	20095	20298
58383190	1	145	8.068E-33	3	20098	23980	461	99	0.833	9.609E-22	73	128	227	20282	20449	168	20276	20473
58383190	1	145	8.068E-33	3	20098	23980	538	60	0.781	2.409E-08	191	226	227	23873	23980	108	23801	23980
58400952	-1	327	1.316E-87	2	35159	36884	1141	134	0.394	4.559E-31	101	288	621	-36884	-36303	582	36887	36246
58400952	-1	327	1.316E-87	2	35159	36884	1160	193	0.359	2.968E-49	288	611	621	-36109	-35159	951	36196	35099
58401320	-1	134	1.652E-29	1	35153	36109	1160	134	0.282	2.168E-29	291	614	624	-36109	-35153	957	36196	35099
58436568	-1	104	1.774E-20	1	35162	35800	1160	104	0.288	3.230E-19	0	239	247	-35800	-35162	639	36196	35099
58437238	-1	373	1.870E-101	2	35156	36884	1141	146	0.418	2.030E-35	82	276	614	-36884	-36297	588	36887	36246
58437238	-1	373	1.870E-101	2	35156	36884	1160	229	0.400	2.171E-61	280	608	614	-36142	-35156	987	36196	35099
58442209	-1	124	1.692E-26	1	36303	36887	1141	124	0.373	6.043E-28	93	285	369	-36887	-36303	585	36887	36246
58475746	1	98	1.135E-18	1	20282	20449	461	98	0.827	1.813E-21	40	95	112	20282	20449	168	20276	20473
58505298	1	152	6.303E-35	2	20098	20449	457	53	0.664	1.101E-05	3	40	113	20098	20211	114	20095	20298
58505298	1	152	6.303E-35	2	20098	20449	461	98	0.827	1.813E-21	41	96	113	20282	20449	168	20276	20473
58507140	-1	98	1.135E-18	1	35141	35440	1160	98	0.510	2.033E-17	19	118	120	-35440	-35141	300	36196	35099
58576389	1	230	2.085E-58	4	20098	23980	457	44	0.557	2.336E-02	36	73	226	20098	20211	114	20095	20298
58576389	1	230	2.085E-58	4	20098	23980	461	93	0.788	1.122E-19	73	128	226	20282	20449	168	20276	20473
58576389	1	230	2.085E-58	4	20098	23980	532	55	0.776	5.112E-07	135	167	226	23557	23655	99	23542	23658
58576389	1	230	2.085E-58	4	20098	23980	538	63	0.819	1.883E-09	190	225	226	23873	23980	108	23801	23980
58586510	1	143	3.227E-32	2	20098	20449	457	46	0.592	4.730E-03	3	39	113	20098	20208	111	20095	20298
58586510	1	143	3.227E-32	2	20098	20449	461	96	0.812	8.859E-21	41	96	113	20282	20449	168	20276	20473
58670801	-1	98	1.135E-18	1	36456	36869	1141	98	0.401	5.074E-19	98	234	249	-36869	-36456	414	36887	36246
58677074	-1	169	4.809E-40	1	35150	36001	1160	169	0.358	4.468E-41	5	284	288	-36001	-35150	852	36196	35099
58776793	-1	73	3.810E-11	1	35156	35911	1160	73	0.217	1.870E-09	43	322	371	-35911	-35156	756	36196	35099
58971231	1	159	4.924E-37	2	19275	24642	444	86	0.508	1.977E-16	17	104	215	19275	19538	264	19230	19562
58971231	1	159	4.924E-37	2	19275	24642	553	78	0.491	1.057E-13	111	193	215	24394	24642	249	24334	24663
59025006	1	100	2.839E-19	1	2695	3117	67	100	0.400	9.695E-20	8	148	149	2695	3117	423	2518	3120
59100105	1	204	1.400E-50	3	19640	23655	452	104	0.427	1.391E-21	6	105	300	19640	20041	402	19541	20047
59100105	1	204	1.400E-50	3	19640	23655	461	91	0.776	3.995E-19	145	200	300	20279	20446	168	20276	20473
59100105	1	204	1.400E-50	3	19640	23655	532	53	0.755	1.833E-06	208	240	300	23557	23655	99	23542	23658
59901238	-1	96	4.542E-18	1	35150	36115	1160	96	0.233	8.873E-17	228	548	572	-36115	-35150	966	36196	35099
60179915	-1	79	5.953E-13	1	36318	36878	1141	79	0.282	1.875E-12	88	244	331	-36878	-36318	561	36887	36246
65271731	1	238	8.146E-61	4	20098	23980	457	46	0.552	2.497E-03	36	76	228	20098	20220	123	20095	20298
65271731	1	238	8.146E-61	4	20098	23980	461	97	0.806	4.696E-21	74	130	228	20279	20449	171	20276	20473
65271731	1	238	8.146E-61	4	20098	23980	532	56	0.786	2.700E-07	137	169	228	23557	23655	99	23542	23658
65271731	1	238	8.146E-61	4	20098	23980	538	66	0.847	2.786E-10	192	227	228	23873	23980	108	23801	23980
67932074	1	628	3.230E-178	3	42683	43896	954	385	0.817	2.742E-117	0	227	554	42683	43366	684	42626	43396
67932074	1	628	3.230E-178	3	42683	43896	960	161	0.776	1.924E-41	214	313	554	43392	43691	300	43371	43847
67932074	1	628	3.230E-178	3	42683	43896	961	99	0.921	3.071E-21	309	358	554	43747	43896	150	43684	43953
71284213	-1	657	6.017E-187	1	35126	36169	1160	657	0.901	1.583E-209	0	348	360	-36169	-35126	1044	36196	35099
71928502	1	87	2.325E-15	1	19254	19556	444	87	0.436	1.441E-16	7	114	193	19254	19556	303	19230	19562
72921382	1	137	2.065E-30	3	20098	23980	457	43	0.548	4.425E-02	36	73	226	20098	20211	114	20095	20298
72921382	1	137	2.065E-30	3	20098	23980	461	93	0.804	8.170E-20	73	127	226	20282	20446	165	20276	20473
72921382	1	137	2.065E-30	3	20098	23980	538	62	0.804	4.897E-09	190	225	226	23873	23980	108	23801	23980
72924744	1	144	1.614E-32	3	20098	23980	457	48	0.601	9.584E-04	36	73	227	20098	20211	114	20095	20298
72924744	1	144	1.614E-32	3	20098	23980	461	97	0.818	4.696E-21	73	128	227	20282	20449	168	20276	20473
72924744	1	144	1.614E-32	3	20098	23980	538	60	0.781	2.409E-08	191	226	227	23873	23980	108	23801	23980
72940833	-1	114	1.733E-23	1	35375	36007	1160	114	0.332	1.394E-22	176	385	386	-36007	-35375	633	36196	35099
72942680	-1	327	1.316E-87	2	35159	36884	1141	134	0.394	4.559E-31	101	288	621	-36884	-36303	582	36887	36246
72942680	-1	327	1.316E-87	2	35159	36884	1160	193	0.358	4.045E-49	288	611	621	-36109	-35159	951	36196	35099
72942874	-1	184	1.468E-44	2	35723	36845	1141	116	0.446	4.240E-25	84	224	393	-36845	-36420	426	36887	36246
72942874	-1	184	1.468E-44	2	35723	36845	1160	84	0.357	7.694E-13	242	379	393	-36136	-35723	414	36196	35099
72978427	-1	223	2.669E-56	2	35525	36857	1141	122	0.379	5.377E-27	122	306	529	-36857	-36300	558	36887	36246
72978427	-1	223	2.669E-56	2	35525	36857	1160	102	0.299	1.421E-18	305	525	529	-36109	-35525	585	36196	35099
72979633	-1	138	1.033E-30	1	36252	36848	1141	138	0.397	1.067E-32	10	205	225	-36848	-36252	597	36887	36246
72982306	-1	70	3.048E-10	1	35183	35401	1160	70	0.493	2.464E-08	12	84	99	-35401	-35183	219	36196	35099
73014900	-1	96	4.542E-18	1	36300	36884	1141	96	0.311	4.441E-18	139	329	360	-36884	-36300	585	36887	36246
73037015	-1	113	3.465E-23	1	35147	36109	1160	113	0.255	3.419E-22	307	618	625	-36109	-35147	963	36196	35099
73095489	-1	123	3.384E-26	1	35375	36088	1160	123	0.323	1.884E-25	0	213	221	-36088	-35375	714	36196	35099
73145220	1	147	2.017E-33	3	20095	23977	457	51	0.628	5.425E-05	36	74	232	20095	20211	117	20095	20298
73145220	1	147	2.017E-33	3	20095	23977	461	95	0.803	2.295E-20	74	129	232	20282	20449	168	20276	20473
73145220	1	147	2.017E-33	3	20095	23977	538	59	0.748	6.269E-08	189	225	232	23867	23977	111	23801	23980
73167987	1	193	2.866E-47	3	20098	23655	457	45	0.583	8.958E-03	37	73	234	20098	20208	111	20095	20298
73167987	1	193	2.866E-47	3	20098	23655	461	93	0.788	1.122E-19	75	130	234	20282	20449	168	20276	20473
73167987	1	193	2.866E-47	3	20098	23655	532	59	0.828	2.103E-08	137	169	234	23557	23655	99	23542	23658
73211356	-1	185	7.338E-45	2	35162	36857	1141	90	0.314	3.375E-16	88	264	600	-36857	-36318	540	36887	36246
73211356	-1	185	7.338E-45	2	35162	36857	1160	120	0.274	1.549E-24	291	592	600	-36067	-35162	906	36196	35099
73213955	-1	221	1.068E-55	1	35156	36142	1160	221	0.390	1.094E-58	211	539	547	-36142	-35156	987	36196	35099
73229281	1	152	6.303E-35	2	20095	20446	457	55	0.667	3.077E-06	2	40	113	20095	20211	117	20095	20298
73229281	1	152	6.303E-35	2	20095	20446	461	96	0.828	6.450E-21	41	95	113	20282	20446	165	20276	20473
73248250	-1	127	2.115E-27	1	35141	36106	1160	127	0.268	6.826E-27	163	495	500	-36106	-35141	966	36196	35099
73253247	-1	124	1.692E-26	1	35336	36088	1160	124	0.314	7.631E-26	0	245	246	-36088	-35336	753	36196	35099
73339029	1	248	7.956E-64	4	20095	23980	457	53	0.650	1.101E-05	36	74	228	20095	20211	117	20095	20298
73339029	1	248	7.956E-64	4	20095	23980	461	96	0.809	1.217E-20	75	130	228	20282	20449	168	20276	20473
73339029	1	248	7.956E-64	4	20095	23980	532	61	0.854	4.271E-09	137	169	228	23557	23655	99	23542	23658
73339029	1	248	7.956E-64	4	20095	23980	538	62	0.800	6.735E-09	192	227	228	23873	23980	108	23801	23980
73520879	1	90	2.907E-16	1	19640	19870	452	90	0.584	1.099E-16	20	95	143	19640	19870	231	19541	20047
73606088	-1	160	2.462E-37	3	36642	37225	1125	44	0.569	4.054E-01	32	66	186	-37225	-37115	111	37579	37115
73606088	-1	160	2.462E-37	3	36642	37225	1130	37	0.686	2.236E+00	67	91	186	-37054	-36980	75	37075	36908
73606088	-1	160	2.462E-37	3	36642	37225	1141	90	0.563	3.375E-16	105	185	186	-36884	-36642	243	36887	36246
73641242	1	189	4.586E-46	3	19685	23655	452	89	0.414	2.053E-16	0	84	279	19685	20041	357	19541	20047
73641242	1	189	4.586E-46	3	19685	23655	461	91	0.776	3.995E-19	124	179	279	20279	20446	168	20276	20473
73641242	1	189	4.586E-46	3	19685	23655	532	53	0.755	1.833E-06	187	219	279	23557	23655	99	23542	23658
73673673	1	200	2.239E-49	3	19640	23655	452	100	0.414	4.377E-20	24	122	317	19640	20041	402	19541	20047
73673673	1	200	2.239E-49	3	19640	23655	461	91	0.776	3.995E-19	162	217	317	20279	20446	168	20276	20473
73673673	1	200	2.239E-49	3	19640	23655	532	53	0.750	2.523E-06	225	257	317	23557	23655	99	23542	23658
73937794	1	139	5.163E-31	1	2611	3117	67	139	0.450	3.501E-33	29	192	200	2611	3117	507	2518	3120
74227317	-1	102	7.097E-20	1	35156	36115	1160	102	0.236	7.861E-19	114	449	475	-36115	-35156	960	36196	35099
74312719	-1	101	1.419E-19	1	35144	36109	1160	101	0.232	2.569E-18	237	579	607	-36109	-35144	966	36196	35099
74603586	1	100	2.839E-19	1	2698	3096	67	100	0.416	1.323E-19	50	181	185	2698	3096	399	2518	3120
77776004	1	253	2.486E-65	3	24940	25784	565	109	0.493	1.697E-22	199	315	473	24940	25284	345	24667	25374
77776004	1	253	2.486E-65	3	24940	25784	567	63	0.515	2.119E-09	322	383	473	25355	25507	153	25355	25522
77776004	1	253	2.486E-65	3	24940	25784	572	86	0.503	4.040E-17	383	471	473	25569	25784	216	25557	25784
84530030	1	182	5.870E-44	3	20282	23977	461	94	0.794	5.948E-20	76	131	230	20282	20449	168	20276	20473
84530030	1	182	5.870E-44	3	20282	23977	532	56	0.786	2.700E-07	138	170	230	23557	23655	99	23542	23658
84530030	1	182	5.870E-44	3	20282	23977	538	58	0.771	1.631E-07	193	227	230	23873	23977	105	23801	23980
85401719	1	134	1.652E-29	1	2644	3117	67	134	0.455	2.062E-31	56	215	246	2644	3117	474	2518	3120
87135167	-1	85	9.302E-15	1	35153	36109	1160	85	0.218	2.405E-13	234	560	593	-36109	-35153	957	36196	35099
87483302	-1	133	3.305E-29	1	35153	36109	1160	133	0.280	7.292E-29	112	435	443	-36109	-35153	957	36196	35099
87513701	1	136	4.131E-30	2	20095	20449	457	44	0.578	1.233E-02	2	38	112	20095	20205	111	20095	20298
87513701	1	136	4.131E-30	2	20095	20449	461	91	0.773	5.488E-19	40	95	112	20282	20449	168	20276	20473
87643443	-1	66	4.877E-09	1	35162	35464	1160	66	0.370	4.275E-07	22	117	138	-35464	-35162	303	36196	35099
87681747	1	145	8.068E-33	3	20098	23980	457	47	0.592	1.815E-03	36	73	227	20098	20211	114	20095	20298
87681747	1	145	8.068E-33	3	20098	23980	461	99	0.833	9.609E-22	73	128	227	20282	20449	168	20276	20473
87681747	1	145	8.068E-33	3	20098	23980	538	60	0.781	2.409E-08	191	226	227	23873	23980	108	23801	23980
87681829	1	253	2.486E-65	4	20095	23980	457	59	0.715	9.245E-08	34	72	226	20095	20211	117	20095	20298
87681829	1	253	2.486E-65	4	20095	23980	461	99	0.836	6.997E-22	73	128	226	20282	20449	168	20276	20473
87681829	1	253	2.486E-65	4	20095	23980	532	58	0.817	3.981E-08	135	167	226	23557	23655	99	23542	23658
87681829	1	253	2.486E-65	4	20095	23980	538	61	0.785	1.752E-08	190	225	226	23873	23980	108	23801	23980
87720647	-1	119	5.414E-25	1	36258	36884	1141	119	0.345	3.498E-26	90	297	332	-36884	-36258	627	36887	36246
87752509	-1	135	8.261E-30	1	35153	36109	1160	135	0.286	1.181E-29	322	626	630	-36109	-35153	957	36196	35099
87754389	-1	174	1.503E-41	1	35150	36001	1160	174	0.365	8.157E-43	5	284	288	-36001	-35150	852	36196	35099
87759416	-1	109	5.544E-22	1	35159	35953	1160	109	0.280	5.023E-21	0	224	233	-35953	-35159	795	36196	35099
87761357	-1	70	3.048E-10	1	35162	35329	1160	70	0.616	1.391E-08	3	58	59	-35329	-35162	168	36196	35099
87993039	1	200	2.239E-49	3	20098	23655	457	47	0.610	1.319E-03	37	73	233	20098	20208	111	20095	20298
87993039	1	200	2.239E-49	3	20098	23655	461	98	0.830	1.320E-21	75	130	233	20282	20449	168	20276	20473
87993039	1	200	2.239E-49	3	20098	23655	532	59	0.833	1.529E-08	137	169	233	23557	23655	99	23542	23658
88106180	1	136	4.131E-30	1	29480	29800	648	136	0.624	3.022E-33	57	165	178	29480	29800	321	29438	29845
88106180	-1	120	2.707E-25	1	29080	29352	1280	120	0.653	3.997E-28	57	147	178	-29352	-29080	273	29403	29053
88108852	1	110	2.772E-22	1	2674	3120	67	110	0.413	2.928E-23	1	149	159	2674	3120	447	2518	3120
88136013	1	81	1.488E-13	1	24673	24930	565	81	0.490	9.504E-13	21	105	106	24673	24930	258	24667	25374
88148485	-1	139	5.163E-31	1	36249	36740	1141	139	0.460	5.702E-33	68	225	292	-36740	-36249	492	36887	36246
88149724	-1	154	1.576E-35	1	35150	36157	1160	154	0.287	3.830E-36	69	432	463	-36157	-35150	1008	36196	35099
88321702	-1	124	1.692E-26	1	35159	36124	1160	124	0.260	4.175E-26	289	634	644	-36124	-35159	966	36196	35099
88323059	-1	212	5.467E-53	2	35159	36884	1141	100	0.321	1.467E-19	138	326	703	-36884	-36303	582	36887	36246
88323059	-1	212	5.467E-53	2	35159	36884	1160	128	0.262	3.730E-27	344	693	703	-36124	-35159	966	36196	35099
88326282	-1	230	2.085E-58	2	35150	36884	1141	141	0.407	1.630E-33	142	336	670	-36884	-36297	588	36887	36246
88326282	-1	230	2.085E-58	2	35150	36884	1160	116	0.279	2.310E-23	365	649	670	-35956	-35150	807	36196	35099
89212122	1	76	4.762E-12	1	2674	3093	67	76	0.329	1.554E-11	18	157	162	2674	3093	420	2518	3120
89280549	-1	89	5.813E-16	1	35153	35989	1160	89	0.232	2.334E-14	81	380	442	-35989	-35153	837	36196	35099
93683527	1	113	3.465E-23	1	2662	3090	67	113	0.434	3.291E-24	11	152	154	2662	3090	429	2518	3120
93740461	1	127	2.115E-27	1	2695	3120	67	127	0.475	5.798E-29	7	149	184	2695	3120	426	2518	3120
96411637	1	151	1.261E-34	3	20282	23980	461	97	0.831	4.696E-21	68	122	221	20282	20446	165	20276	20473
96411637	1	151	1.261E-34	3	20282	23980	536	35	0.751	9.797E+00	164	184	221	23745	23807	63	23706	23846
96411637	1	151	1.261E-34	3	20282	23980	538	58	0.752	1.631E-07	185	220	221	23873	23980	108	23801	23980
97023527	-1	72	7.620E-11	1	35156	35617	1160	72	0.283	5.890E-09	4	170	179	-35617	-35156	462	36196	35099
99163835	1	131	1.322E-28	1	2695	3117	67	131	0.469	2.529E-30	23	172	175	2695	3117	423	2518	3120
99892218	-1	101	1.419E-19	1	35138	36007	1160	101	0.252	2.569E-18	99	363	426	-36007	-35138	870	36196	35099
100264389	1	84	1.860E-14	1	2671	3093	67	84	0.351	3.251E-14	6	146	151	2671	3093	423	2518	3120
102026227	-1	76	4.762E-12	1	35162	35386	1160	76	0.516	3.335E-10	13	87	93	-35386	-35162	225	36196	35099
102036600	1	94	1.817E-17	1	20282	20449	461	94	0.794	5.948E-20	40	95	112	20282	20449	168	20276	20473
102065226	-1	92	7.267E-17	1	35525	36109	1160	92	0.280	1.676E-15	53	274	278	-36109	-35525	585	36196	35099
102134047	-1	153	3.152E-35	1	35156	36103	1160	153	0.311	1.769E-35	147	441	442	-36103	-35156	948	36196	35099
102302140	-1	117	2.166E-24	1	35162	36100	1160	117	0.265	1.268E-23	34	302	310	-36100	-35162	939	36196	35099
102341232	-1	102	7.097E-20	1	36303	36869	1141	102	0.319	2.279E-20	17	217	268	-36869	-36303	567	36887	36246
102357855	1	242	5.092E-62	4	20282	23977	461	97	0.818	4.696E-21	71	126	223	20282	20449	168	20276	20473
102357855	1	242	5.092E-62	4	20282	23977	532	55	0.771	7.034E-07	133	165	223	23557	23655	99	23542	23658
102357855	1	242	5.092E-62	4	20282	23977	536	35	0.675	7.100E+00	164	187	223	23736	23807	72	23706	23846
102357855	1	242	5.092E-62	4	20282	23977	538	59	0.791	4.558E-08	188	222	223	23873	23977	105	23801	23980
102472171	1	137	2.065E-30	3	20095	23977	457	44	0.554	1.233E-02	35	73	234	20095	20211	117	20095	20298
102472171	1	137	2.065E-30	3	20095	23977	461	93	0.791	8.170E-20	73	128	234	20282	20449	168	20276	20473
102472171	1	137	2.065E-30	3	20095	23977	538	58	0.771	1.631E-07	188	222	234	23873	23977	105	23801	23980
102493970	1	253	2.486E-65	4	20098	23977	457	49	0.648	2.674E-04	20	55	210	20098	20205	108	20095	20298
102493970	1	253	2.486E-65	4	20098	23977	461	105	0.878	8.243E-24	56	111	210	20279	20446	168	20276	20473
102493970	1	253	2.486E-65	4	20098	23977	532	63	0.885	6.311E-10	119	151	210	23557	23655	99	23542	23658
102493970	1	253	2.486E-65	4	20098	23977	538	61	0.805	1.752E-08	174	208	210	23873	23977	105	23801	23980
102538063	-1	79	5.953E-13	1	35153	35800	1160	79	0.247	3.323E-11	0	234	248	-35800	-35153	648	36196	35099
102646788	1	200	2.239E-49	1	29471	29845	648	200	0.769	1.834E-55	24	149	150	29471	29845	375	29438	29845
102646788	-1	165	7.694E-39	1	29059	29361	1280	165	0.788	8.942E-44	24	124	150	-29361	-29059	303	29403	29053
102648290	1	136	4.131E-30	1	29480	29800	648	136	0.624	3.022E-33	25	133	146	29480	29800	321	29438	29845
102648290	-1	120	2.707E-25	1	29080	29352	1280	120	0.653	3.997E-28	25	115	146	-29352	-29080	273	29403	29053
102651829	1	196	3.583E-48	1	29471	29845	648	196	0.755	5.916E-54	24	149	150	29471	29845	375	29438	29845
102651829	-1	158	9.848E-37	1	29059	29361	1280	158	0.759	1.928E-41	24	124	150	-29361	-29059	303	29403	29053
102689627	1	372	3.741E-101	3	24928	25775	565	165	0.644	1.370E-41	47	174	318	24928	25296	369	24667	25374
102689627	1	372	3.741E-101	3	24928	25775	567	91	0.857	2.410E-19	175	224	318	25358	25507	150	25355	25522
102689627	1	372	3.741E-101	3	24928	25775	572	116	0.793	1.377E-27	223	292	318	25566	25775	210	25557	25784
102690304	-1	156	3.939E-36	1	35150	36160	1160	156	0.288	1.528E-36	203	567	595	-36160	-35150	1011	36196	35099
102738008	1	371	7.481E-101	3	24916	25784	565	165	0.635	1.875E-41	8	137	261	24916	25290	375	24667	25374
102738008	1	371	7.481E-101	3	24916	25784	567	88	0.812	4.201E-18	139	188	261	25355	25507	153	25355	25522
102738008	1	371	7.481E-101	3	24916	25784	572	118	0.774	3.876E-28	187	259	261	25566	25784	219	25557	25784
102755622	1	153	3.152E-35	2	19640	20446	452	99	0.411	8.193E-20	24	122	317	19640	20041	402	19541	20047
102755622	1	153	3.152E-35	2	19640	20446	461	92	0.779	2.908E-19	162	217	317	20279	20446	168	20276	20473
102765925	1	159	4.924E-37	1	29450	29800	648	159	0.662	3.366E-41	12	130	144	29450	29800	351	29438	29845
102765925	-1	139	5.163E-31	1	29053	29361	1280	139	0.655	1.410E-34	19	123	144	-29361	-29053	309	29403	29053
102766208	1	166	3.847E-39	1	29450	29833	648	166	0.633	1.569E-43	12	142	143	29450	29833	384	29438	29845
102766208	-1	145	8.068E-33	1	29053	29361	1280	145	0.679	1.230E-36	19	123	143	-29361	-29053	309	29403	29053
103004081	1	178	9.392E-43	3	20282	23977	461	91	0.773	5.488E-19	49	104	203	20282	20449	168	20276	20473
103004081	1	178	9.392E-43	3	20282	23977	532	55	0.776	5.112E-07	111	143	203	23557	23655	99	23542	23658
103004081	1	178	9.392E-43	3	20282	23977	538	58	0.771	1.631E-07	166	200	203	23873	23977	105	23801	23980
103004395	1	179	4.696E-43	3	20282	23977	461	91	0.773	5.488E-19	49	104	203	20282	20449	168	20276	20473
103004395	1	179	4.696E-43	3	20282	23977	532	55	0.776	5.112E-07	111	143	203	23557	23655	99	23542	23658
103004395	1	179	4.696E-43	3	20282	23977	538	59	0.791	4.558E-08	166	200	203	23873	23977	105	23801	23980
103021394	-1	100	2.839E-19	1	35156	36061	1160	100	0.247	3.454E-18	52	349	367	-36061	-35156	906	36196	35099
103372262	-1	85	9.302E-15	1	35117	35905	1160	85	0.232	2.405E-13	5	291	335	-35905	-35117	789	36196	35099
103506345	-1	84	1.860E-14	1	35150	35953	1160	84	0.225	7.694E-13	0	300	341	-35953	-35150	804	36196	35099
103533126	-1	69	6.096E-10	1	35150	35458	1160	69	0.375	3.279E-08	58	162	202	-35458	-35150	309	36196	35099
103567296	1	80	2.977E-13	1	2683	3093	67	80	0.347	5.240E-13	21	157	162	2683	3093	411	2518	3120
103646932	-1	70	3.048E-10	1	35159	35671	1160	70	0.258	2.464E-08	56	245	257	-35671	-35159	513	36196	35099
103729122	1	92	7.267E-17	1	2710	3117	67	92	0.385	6.627E-17	96	231	250	2710	3117	408	2518	3120
106869883	1	250	1.989E-64	3	24940	25784	565	108	0.488	5.855E-22	8	124	282	24940	25284	345	24667	25374
106869883	1	250	1.989E-64	3	24940	25784	567	60	0.494	2.713E-08	131	192	282	25355	25507	153	25355	25522
106869883	1	250	1.989E-64	3	24940	25784	572	87	0.505	2.941E-17	192	280	282	25569	25784	216	25557	25784
110991163	1	142	6.454E-32	3	20095	23977	457	48	0.620	6.965E-04	37	73	238	20095	20205	111	20095	20298
110991163	1	142	6.454E-32	3	20095	23977	461	95	0.806	1.671E-20	75	130	238	20282	20449	168	20276	20473
110991163	1	142	6.454E-32	3	20095	23977	538	58	0.776	1.186E-07	192	226	238	23873	23977	105	23801	23980
111338029	-1	75	9.525E-12	1	36480	36878	1141	75	0.338	4.014E-11	88	220	237	-36878	-36480	399	36887	36246
116606915	-1	116	4.331E-24	1	36309	36857	1141	116	0.370	5.792E-25	47	228	320	-36857	-36309	549	36887	36246
116637148	-1	98	1.135E-18	1	36300	36884	1141	98	0.317	5.074E-19	29	219	250	-36884	-36300	585	36887	36246
116639402	-1	75	9.525E-12	1	35162	35440	1160	75	0.434	5.928E-10	41	133	140	-35440	-35162	279	36196	35099
116672951	-1	171	1.202E-40	1	35156	35953	1160	171	0.377	1.305E-41	0	263	269	-35953	-35156	798	36196	35099
116837510	-1	72	7.620E-11	1	35156	35620	1160	72	0.293	3.320E-09	58	217	221	-35620	-35156	465	36196	35099
116839178	-1	132	6.609E-29	1	35147	35671	1160	132	0.421	1.337E-28	2	174	176	-35671	-35147	525	36196	35099
116872555	-1	74	1.905E-11	1	35162	35704	1160	74	0.274	7.902E-10	8	191	203	-35704	-35162	543	36196	35099
116879406	-1	90	2.907E-16	1	35153	35932	1160	90	0.252	9.712E-15	0	243	246	-35932	-35153	780	36196	35099
116982800	-1	77	2.381E-12	1	35150	35614	1160	77	0.292	1.406E-10	9	179	186	-35614	-35150	465	36196	35099
117111370	1	92	7.267E-17	1	24700	24939	565	92	0.579	1.333E-16	12	91	93	24700	24939	240	24667	25374
117127374	1	170	2.404E-40	2	19631	24624	452	92	0.565	2.299E-17	59	140	221	19631	19876	246	19541	20047
117127374	1	170	2.404E-40	2	19631	24624	553	82	0.552	6.140E-15	146	220	221	24400	24624	225	24334	24663
117136877	1	78	1.191E-12	1	19640	19873	452	78	0.508	1.283E-12	67	145	156	19640	19873	234	19541	20047
117232168	1	195	7.166E-48	1	13234	13743	327	195	0.587	1.451E-52	3	166	212	13234	13743	510	13234	13836
117232311	-1	352	3.922E-95	3	36249	37216	1125	49	0.681	5.620E-03	48	81	332	-37216	-37115	102	37579	37115
117232311	-1	352	3.922E-95	3	36249	37216	1130	38	0.494	1.176E+00	82	119	332	-37054	-36941	114	37075	36908
117232311	-1	352	3.922E-95	3	36249	37216	1141	264	0.628	2.959E-76	119	331	332	-36887	-36249	639	36887	36246
117239531	1	158	9.848E-37	2	19640	24978	452	80	0.532	1.977E-13	20	94	255	19640	19870	231	19541	20047
117239531	1	158	9.848E-37	2	19640	24978	565	79	0.445	4.353E-12	97	190	255	24694	24978	285	24667	25374
117278586	1	285	5.788E-75	3	25099	25784	565	96	0.726	4.527E-18	1	64	189	25099	25290	192	24667	25374
117278586	1	285	5.788E-75	3	25099	25784	567	78	0.746	8.623E-15	67	116	189	25358	25507	150	25355	25522
117278586	1	285	5.788E-75	3	25099	25784	572	113	0.744	2.386E-26	115	187	189	25566	25784	219	25557	25784
117457407	1	145	8.068E-33	2	19248	24624	444	81	0.430	8.787E-15	0	102	190	19248	19544	297	19230	19562
117457407	1	145	8.068E-33	2	19248	24624	553	70	0.473	5.883E-11	110	187	190	24400	24624	225	24334	24663
117797820	1	81	1.488E-13	1	2674	3093	67	81	0.346	2.076E-13	17	156	161	2674	3093	420	2518	3120
117904649	-1	95	9.084E-18	1	36315	36884	1141	95	0.315	6.054E-18	98	285	286	-36884	-36315	570	36887	36246
117906653	-1	101	1.419E-19	1	36261	36884	1141	101	0.310	5.784E-20	42	249	389	-36884	-36261	624	36887	36246
117937354	-1	124	1.692E-26	1	35150	36109	1160	124	0.263	4.175E-26	41	379	416	-36109	-35150	960	36196	35099
118052252	1	80	2.977E-13	1	2674	3093	67	80	0.342	5.240E-13	17	156	161	2674	3093	420	2518	3120
118397894	1	84	1.860E-14	1	2677	3096	67	84	0.354	2.387E-14	44	183	187	2677	3096	420	2518	3120
120138186	1	86	4.651E-15	1	2719	3099	67	86	0.386	5.081E-15	42	168	171	2719	3099	381	2518	3120
121411162	1	253	2.486E-65	3	24937	25784	565	114	0.507	4.117E-24	196	313	471	24937	25284	348	24667	25374
121411162	1	253	2.486E-65	3	24937	25784	567	60	0.494	2.713E-08	320	381	471	25355	25507	153	25355	25522
121411162	1	253	2.486E-65	3	24937	25784	572	84	0.494	1.975E-16	381	469	471	25569	25784	216	25557	25784
123743352	-1	114	1.733E-23	1	35129	36115	1160	114	0.241	1.033E-22	274	635	657	-36115	-35129	987	36196	35099
125212770	1	123	3.384E-26	1	2692	3117	67	123	0.455	9.702E-28	7	153	176	2692	3117	426	2518	3120
129743321	1	113	3.465E-23	1	2695	3120	67	113	0.437	3.291E-24	25	166	195	2695	3120	426	2518	3120
131082726	1	244	1.273E-62	4	20098	23980	457	45	0.575	6.509E-03	36	73	227	20098	20211	114	20095	20298
131082726	1	244	1.273E-62	4	20098	23980	461	101	0.851	1.432E-22	74	129	227	20282	20449	168	20276	20473
131082726	1	244	1.273E-62	4	20098	23980	532	60	0.838	1.112E-08	136	168	227	23557	23655	99	23542	23658
131082726	1	244	1.273E-62	4	20098	23980	538	62	0.804	4.897E-09	191	226	227	23873	23980	108	23801	23980
131107886	-1	300	1.766E-79	2	35162	36857	1141	124	0.380	6.043E-28	124	311	627	-36857	-36288	570	36887	36246
131107886	-1	300	1.766E-79	2	35162	36857	1160	177	0.347	6.925E-44	310	621	627	-36097	-35162	936	36196	35099
131108904	-1	263	2.428E-68	2	35150	36884	1141	153	0.434	1.347E-37	73	266	520	-36884	-36300	585	36887	36246
131108904	-1	263	2.428E-68	2	35150	36884	1160	132	0.283	1.810E-28	290	516	520	-36097	-35150	948	36196	35099
131109146	-1	189	4.586E-46	2	35708	36857	1141	91	0.405	1.336E-16	72	197	350	-36857	-36480	378	36887	36246
131109146	-1	189	4.586E-46	2	35708	36857	1160	99	0.423	1.126E-17	200	328	350	-36091	-35708	384	36196	35099
131109205	-1	119	5.414E-25	1	35159	36106	1160	119	0.267	2.092E-24	291	565	572	-36106	-35159	948	36196	35099
131145992	-1	181	1.174E-43	2	35189	36674	1141	106	0.441	1.391E-21	54	183	424	-36674	-36282	393	36887	36246
131145992	-1	181	1.174E-43	2	35189	36674	1160	89	0.316	1.743E-14	199	374	424	-35716	-35189	528	36196	35099
131150690	-1	127	2.115E-27	1	35159	36109	1160	127	0.276	6.826E-27	262	554	563	-36109	-35159	951	36196	35099
131212703	-1	153	3.152E-35	1	35156	36103	1160	153	0.311	1.303E-35	159	474	475	-36103	-35156	948	36196	35099
131245773	1	180	2.348E-43	3	20282	23980	461	93	0.791	8.170E-20	78	133	250	20282	20449	168	20276	20473
131245773	1	180	2.348E-43	3	20282	23980	532	56	0.792	1.962E-07	140	172	250	23557	23655	99	23542	23658
131245773	1	180	2.348E-43	3	20282	23980	538	57	0.738	4.246E-07	195	230	250	23873	23980	108	23801	23980
131380109	-1	124	1.692E-26	1	35426	36196	1160	124	0.305	4.175E-26	236	499	500	-36196	-35426	771	36196	35099
131380446	-1	141	1.291E-31	1	35156	35932	1160	141	0.335	1.676E-31	0	258	259	-35932	-35156	777	36196	35099
131383368	-1	128	1.057E-27	1	35153	35890	1160	128	0.311	2.038E-27	4	268	276	-35890	-35153	738	36196	35099
131409241	1	180	2.348E-43	3	20282	23980	461	91	0.776	3.995E-19	81	136	235	20282	20449	168	20276	20473
131409241	1	180	2.348E-43	3	20282	23980	532	54	0.760	1.332E-06	143	175	235	23557	23655	99	23542	23658
131409241	1	180	2.348E-43	3	20282	23980	538	61	0.795	9.262E-09	198	233	235	23873	23980	108	23801	23980
131428678	1	228	8.342E-58	4	20098	23977	457	44	0.532	1.233E-02	7	47	199	20098	20220	123	20095	20298
131428678	1	228	8.342E-58	4	20098	23977	461	94	0.782	5.948E-20	45	101	199	20279	20449	171	20276	20473
131428678	1	228	8.342E-58	4	20098	23977	532	56	0.792	1.962E-07	108	140	199	23557	23655	99	23542	23658
131428678	1	228	8.342E-58	4	20098	23977	538	61	0.810	1.274E-08	163	197	199	23873	23977	105	23801	23980
131639499	1	60	3.121E-07	1	19613	19870	452	60	0.383	1.998E-06	30	116	120	19613	19870	258	19541	20047
131652741	1	91	1.453E-16	1	19607	19873	452	91	0.524	5.877E-17	1	87	102	19607	19873	267	19541	20047
131678806	1	241	1.018E-61	3	19305	24627	444	89	0.588	1.576E-17	123	198	379	19305	19532	228	19230	19562
131678806	1	241	1.018E-61	3	19305	24627	452	88	0.570	3.837E-16	209	286	379	19634	19867	234	19541	20047
131678806	1	241	1.018E-61	3	19305	24627	553	81	0.515	1.156E-14	296	376	379	24385	24627	243	24334	24663
131773736	-1	201	1.120E-49	1	36282	36851	1141	201	0.550	2.232E-54	180	363	370	-36851	-36282	570	36887	36246
131811902	1	184	1.468E-44	3	19718	23655	452	78	0.397	1.752E-12	4	77	272	19718	20044	327	19541	20047
131811902	1	184	1.468E-44	3	19718	23655	461	91	0.770	7.538E-19	117	172	272	20279	20446	168	20276	20473
131811902	1	184	1.468E-44	3	19718	23655	532	59	0.823	2.894E-08	180	212	272	23557	23655	99	23542	23658
131839113	1	234	1.303E-59	4	19640	23977	452	95	0.400	1.374E-18	47	143	339	19640	20041	402	19541	20047
131839113	1	234	1.303E-59	4	19640	23977	461	90	0.776	1.422E-18	185	239	339	20282	20446	165	20276	20473
131839113	1	234	1.303E-59	4	19640	23977	532	59	0.823	2.894E-08	247	279	339	23557	23655	99	23542	23658
131839113	1	234	1.303E-59	4	19640	23977	538	56	0.752	5.841E-07	302	336	339	23873	23977	105	23801	23980
132001228	-1	91	1.453E-16	1	35150	35605	1160	91	0.350	5.409E-15	2	155	183	-35605	-35150	456	36196	35099
132038752	1	120	2.707E-25	1	2662	3117	67	120	0.421	1.185E-26	130	288	292	2662	3117	456	2518	3120
132499805	1	88	1.163E-15	1	2710	3084	67	88	0.397	1.080E-15	31	155	174	2710	3084	375	2518	3120
136817995	1	60	3.121E-07	1	25659	25784	572	60	0.683	5.172E-08	0	41	46	25659	25784	126	25557	25784
137365928	1	127	2.115E-27	1	2695	3120	67	127	0.476	4.239E-29	6	148	167	2695	3120	426	2518	3120
140958105	1	79	5.953E-13	1	2674	3093	67	79	0.338	1.799E-12	23	158	163	2674	3093	420	2518	3120
141834638	1	124	1.692E-26	1	2695	3120	67	124	0.468	3.794E-28	5	147	151	2695	3120	426	2518	3120
142215621	-1	90	2.907E-16	1	35294	36097	1160	90	0.236	9.712E-15	120	413	424	-36097	-35294	804	36196	35099
144861633	1	115	8.663E-24	1	2677	3117	67	115	0.428	5.049E-25	17	165	191	2677	3117	441	2518	3120
145649454	-1	134	1.652E-29	1	35153	36109	1160	134	0.284	2.936E-29	246	550	554	-36109	-35153	957	36196	35099
145660679	1	196	3.583E-48	3	20282	23977	461	100	0.839	5.094E-22	74	129	227	20282	20449	168	20276	20473
145660679	1	196	3.583E-48	3	20282	23977	532	58	0.812	5.476E-08	136	168	227	23557	23655	99	23542	23658
145660679	1	196	3.583E-48	3	20282	23977	538	64	0.854	7.243E-10	191	225	227	23873	23977	105	23801	23980
145688006	-1	80	2.977E-13	1	35162	35359	1160	80	0.600	1.396E-11	63	128	129	-35359	-35162	198	36196	35099
145692438	-1	228	8.342E-58	2	35297	36857	1141	100	0.355	1.076E-19	124	287	569	-36857	-36354	504	36887	36246
145692438	-1	228	8.342E-58	2	35297	36857	1160	136	0.304	8.722E-30	279	568	569	-36088	-35297	792	36196	35099
145693010	-1	156	3.939E-36	1	36300	36884	1141	156	0.441	1.096E-38	45	238	281	-36884	-36300	585	36887	36246
145712688	1	211	1.093E-52	4	20098	23980	457	44	0.582	2.336E-02	36	71	227	20098	20205	108	20095	20298
145712688	1	211	1.093E-52	4	20098	23980	461	104	0.869	2.135E-23	73	128	227	20282	20449	168	20276	20473
145712688	1	211	1.093E-52	4	20098	23980	536	33	0.639	3.555E+01	167	190	227	23736	23807	72	23706	23846
145712688	1	211	1.093E-52	4	20098	23980	538	64	0.823	1.370E-09	191	226	227	23873	23980	108	23801	23980
145720279	-1	100	2.839E-19	1	36300	36884	1141	100	0.320	1.467E-19	139	329	360	-36884	-36300	585	36887	36246
145852711	-1	81	1.488E-13	1	36480	36746	1141	81	0.481	2.970E-13	1	89	93	-36746	-36480	267	36887	36246
145874576	1	250	1.989E-64	4	20095	23980	457	55	0.671	2.237E-06	34	72	226	20095	20211	117	20095	20298
145874576	1	250	1.989E-64	4	20095	23980	461	99	0.833	9.609E-22	73	128	226	20282	20449	168	20276	20473
145874576	1	250	1.989E-64	4	20095	23980	532	59	0.828	2.103E-08	135	167	226	23557	23655	99	23542	23658
145874576	1	250	1.989E-64	4	20095	23980	538	61	0.790	1.274E-08	190	225	226	23873	23980	108	23801	23980
145921019	-1	77	2.381E-12	1	35150	35953	1160	77	0.226	1.054E-10	0	272	276	-35953	-35150	804	36196	35099
145972856	1	232	5.214E-59	4	20095	23807	457	45	0.587	6.509E-03	38	74	230	20095	20205	111	20095	20298
145972856	1	232	5.214E-59	4	20095	23807	461	99	0.836	6.997E-22	76	131	230	20282	20449	168	20276	20473
145972856	1	232	5.214E-59	4	20095	23807	532	58	0.812	5.476E-08	138	170	230	23557	23655	99	23542	23658
145972856	1	232	5.214E-59	4	20095	23807	536	34	0.646	2.576E+01	169	192	230	23736	23807	72	23706	23846
145974785	-1	141	1.291E-31	1	35162	35800	1160	141	0.385	9.117E-32	1	212	215	-35800	-35162	639	36196	35099
146174093	-1	69	6.096E-10	1	35162	35611	1160	69	0.294	4.364E-08	26	176	209	-35611	-35162	450	36196	35099
146219985	1	93	3.633E-17	1	24697	25086	565	93	0.379	9.804E-17	26	165	193	24697	25086	390	24667	25374
146290844	-1	113	3.465E-23	1	36297	36746	1141	113	0.418	7.007E-24	7	151	242	-36746	-36297	450	36887	36246
146312434	1	124	1.692E-26	1	2548	3117	67	124	0.378	7.095E-28	97	273	277	2548	3117	570	2518	3120
146314721	-1	243	2.546E-62	2	36282	37054	1130	37	0.679	3.083E+00	1	25	292	-37054	-36980	75	37075	36908
146314721	-1	243	2.546E-62	2	36282	37054	1141	217	0.560	5.574E-60	38	232	292	-36884	-36282	603	36887	36246
146352790	1	79	5.953E-13	1	19607	19873	452	79	0.463	6.879E-13	56	145	156	19607	19873	267	19541	20047
146382187	1	173	3.006E-41	3	19694	23655	452	70	0.354	4.723E-10	0	78	274	19694	20041	348	19541	20047
146382187	1	173	3.006E-41	3	19694	23655	461	90	0.776	1.422E-18	120	174	274	20282	20446	165	20276	20473
146382187	1	173	3.006E-41	3	19694	23655	532	59	0.823	2.894E-08	182	214	274	23557	23655	99	23542	23658
146469128	1	189	4.586E-46	2	19631	25146	452	98	0.617	1.533E-19	159	237	418	19631	19867	237	19541	20047
146469128	1	189	4.586E-46	2	19631	25146	565	99	0.376	7.129E-19	247	363	418	24691	25146	456	24667	25374
146469383	1	102	7.097E-20	1	24697	24930	565	102	0.647	4.437E-20	0	77	85	24697	24930	234	24667	25374
146472641	1	94	1.817E-17	1	24691	24960	565	94	0.536	2.868E-17	55	144	146	24691	24960	270	24667	25374
146473942	1	69	6.096E-10	1	19754	20041	452	69	0.398	1.634E-09	1	58	165	19754	20041	288	19541	20047
146475064	1	177	1.878E-42	2	19305	19873	444	85	0.513	3.721E-16	17	102	185	19305	19556	252	19230	19562
146475064	1	177	1.878E-42	2	19305	19873	452	91	0.571	5.877E-17	103	182	185	19634	19873	240	19541	20047
146593045	1	78	1.191E-12	1	43428	43682	960	78	0.480	9.220E-13	2	86	93	43428	43682	255	43371	43847
147130067	-1	93	3.633E-17	1	35150	35953	1160	93	0.238	9.320E-16	0	298	326	-35953	-35150	804	36196	35099
147239551	-1	103	3.548E-20	1	35156	36109	1160	103	0.238	4.345E-19	216	549	574	-36109	-35156	954	36196	35099
150795930	1	253	2.486E-65	3	24937	25784	565	115	0.508	3.019E-24	196	313	471	24937	25284	348	24667	25374
150795930	1	253	2.486E-65	3	24937	25784	567	59	0.488	5.133E-08	320	381	471	25355	25507	153	25355	25522
150795930	1	253	2.486E-65	3	24937	25784	572	84	0.494	1.975E-16	381	469	471	25569	25784	216	25557	25784
152056185	-1	85	9.302E-15	1	36297	36860	1141	85	0.294	1.862E-14	7	185	244	-36860	-36297	564	36887	36246
153215662	1	116	4.331E-24	1	2695	3120	67	116	0.442	3.694E-25	5	147	169	2695	3120	426	2518	3120
154183829	-1	106	4.435E-21	1	35138	36109	1160	106	0.236	7.318E-20	180	527	553	-36109	-35138	972	36196	35099
155486585	1	209	4.374E-52	4	20095	23977	457	52	0.641	2.084E-05	47	85	238	20095	20211	117	20095	20298
155486585	1	209	4.374E-52	4	20095	23977	461	98	0.840	1.813E-21	86	140	238	20282	20446	165	20276	20473
155486585	1	209	4.374E-52	4	20095	23977	536	33	0.639	3.555E+01	178	201	238	23736	23807	72	23706	23846
155486585	1	209	4.374E-52	4	20095	23977	538	59	0.786	6.269E-08	202	236	238	23873	23977	105	23801	23980
160191217	-1	296	2.826E-78	2	35162	36857	1141	121	0.373	7.347E-27	117	304	620	-36857	-36288	570	36887	36246
160191217	-1	296	2.826E-78	2	35162	36857	1160	176	0.345	1.747E-43	303	614	620	-36097	-35162	936	36196	35099
160250637	-1	97	2.271E-18	1	36312	36881	1141	97	0.315	1.753E-18	84	276	311	-36881	-36312	570	36887	36246
160387012	-1	74	1.905E-11	1	35156	35701	1160	74	0.267	7.902E-10	85	276	313	-35701	-35156	546	36196	35099
160428829	-1	85	9.302E-15	1	35522	36088	1160	85	0.279	4.302E-13	76	279	294	-36088	-35522	567	36196	35099
160501025	-1	70	3.048E-10	1	35126	35446	1160	70	0.367	1.391E-08	10	119	120	-35446	-35126	321	36196	35099
160501551	-1	97	2.271E-18	1	35126	36097	1160	97	0.234	4.923E-17	72	347	348	-36097	-35126	972	36196	35099
160693978	1	241	1.018E-61	4	20282	23977	461	93	0.791	8.170E-20	73	128	225	20282	20449	168	20276	20473
160693978	1	241	1.018E-61	4	20282	23977	532	54	0.766	9.679E-07	135	167	225	23557	23655	99	23542	23658
160693978	1	241	1.018E-61	4	20282	23977	536	34	0.646	2.576E+01	166	189	225	23736	23807	72	23706	23846
160693978	1	241	1.018E-61	4	20282	23977	538	64	0.844	1.370E-09	190	224	225	23873	23977	105	23801	23980
160857451	1	357	1.226E-96	5	20095	23977	457	66	0.780	2.183E-10	42	81	235	20095	20211	117	20095	20298
160857451	1	357	1.226E-96	5	20095	23977	461	113	0.954	1.451E-26	82	136	235	20282	20446	165	20276	20473
160857451	1	357	1.226E-96	5	20095	23977	532	67	0.936	2.611E-11	144	176	235	23557	23655	99	23542	23658
160857451	1	357	1.226E-96	5	20095	23977	536	43	0.819	1.153E-02	175	198	235	23736	23807	72	23706	23846
160857451	1	357	1.226E-96	5	20095	23977	538	71	0.937	3.235E-12	199	233	235	23873	23977	105	23801	23980
161014675	1	96	4.542E-18	1	24691	25041	565	96	0.446	4.527E-18	32	148	203	24691	25041	351	24667	25374
161084232	-1	79	5.953E-13	1	35108	35590	1160	79	0.309	2.489E-11	15	170	182	-35590	-35108	483	36196	35099
161130550	-1	82	7.441E-14	1	35714	36142	1160	82	0.336	2.457E-12	67	214	250	-36142	-35714	429	36196	35099
161170979	1	137	2.065E-30	1	29480	29800	648	137	0.627	1.607E-33	25	133	146	29480	29800	321	29438	29845
161170979	-1	121	1.354E-25	1	29080	29352	1280	121	0.656	2.124E-28	25	115	146	-29352	-29080	273	29403	29053
161263040	-1	108	1.109E-21	1	35249	36160	1160	108	0.250	9.116E-21	239	557	564	-36160	-35249	912	36196	35099
161549626	1	85	9.302E-15	1	2674	3093	67	85	0.358	9.435E-15	6	141	146	2674	3093	420	2518	3120
161614026	1	76	4.762E-12	1	2710	3093	67	76	0.351	1.142E-11	60	187	248	2710	3093	384	2518	3120
161938180	-1	83	3.721E-14	1	35159	35992	1160	83	0.222	1.029E-12	125	430	473	-35992	-35159	834	36196	35099
166392705	-1	80	2.977E-13	1	36435	36860	1141	80	0.339	7.465E-13	7	148	273	-36860	-36435	426	36887	36246
166619554	1	125	8.460E-27	1	2695	3120	67	125	0.470	2.029E-28	5	147	151	2695	3120	426	2518	3120
167274902	1	117	2.166E-24	1	2719	3117	67	117	0.457	1.977E-25	11	148	151	2719	3117	399	2518	3120
167879722	1	90	2.907E-16	1	2668	3099	67	90	0.350	3.126E-16	23	174	177	2668	3099	432	2518	3120
171449091	1	237	1.629E-60	4	20098	23980	457	46	0.552	2.497E-03	36	76	228	20098	20220	123	20095	20298
171449091	1	237	1.629E-60	4	20098	23980	461	96	0.797	1.217E-20	74	130	228	20279	20449	171	20276	20473
171449091	1	237	1.629E-60	4	20098	23980	532	56	0.786	2.700E-07	137	169	228	23557	23655	99	23542	23658
171449091	1	237	1.629E-60	4	20098	23980	538	66	0.847	2.786E-10	192	227	228	23873	23980	108	23801	23980
171897678	-1	74	1.905E-11	1	35150	35671	1160	74	0.256	1.053E-09	7	211	242	-35671	-35150	522	36196	35099
173945809	1	116	4.331E-24	1	2695	3117	67	116	0.432	2.702E-25	3	150	153	2695	3117	423	2518	3120
174724159	1	239	4.073E-61	4	20279	23977	461	96	0.803	6.450E-21	71	127	224	20279	20449	171	20276	20473
174724159	1	239	4.073E-61	4	20279	23977	532	55	0.781	3.715E-07	134	166	224	23557	23655	99	23542	23658
174724159	1	239	4.073E-61	4	20279	23977	536	33	0.639	3.555E+01	165	188	224	23736	23807	72	23706	23846
174724159	1	239	4.073E-61	4	20279	23977	538	59	0.791	4.558E-08	189	223	224	23873	23977	105	23801	23980
174771467	-1	109	5.544E-22	1	36420	36884	1141	109	0.400	8.460E-23	36	190	238	-36884	-36420	465	36887	36246
174771626	-1	111	1.386E-22	1	36306	36845	1141	111	0.363	2.435E-23	43	207	210	-36845	-36306	540	36887	36246
174771720	-1	125	8.460E-27	1	36300	36812	1141	125	0.412	3.236E-28	7	176	208	-36812	-36300	513	36887	36246
174811837	1	98	1.135E-18	1	20282	20449	461	98	0.824	2.489E-21	40	95	112	20282	20449	168	20276	20473
174839058	1	158	9.848E-37	2	20095	20449	457	59	0.715	9.245E-08	2	40	113	20095	20211	117	20095	20298
174839058	1	158	9.848E-37	2	20095	20449	461	98	0.824	2.489E-21	41	96	113	20282	20449	168	20276	20473
174931654	1	134	1.652E-29	3	20098	23807	457	45	0.575	6.509E-03	34	71	204	20098	20211	114	20095	20298
174931654	1	134	1.652E-29	3	20098	23807	461	96	0.812	8.859E-21	71	126	204	20282	20449	168	20276	20473
174931654	1	134	1.652E-29	3	20098	23807	536	33	0.701	6.777E+01	168	188	204	23745	23807	63	23706	23846
175003700	-1	75	9.525E-12	1	36300	36596	1141	75	0.416	4.014E-11	11	109	155	-36596	-36300	297	36887	36246
175004581	-1	81	1.488E-13	1	35153	35329	1160	81	0.668	5.860E-12	18	76	77	-35329	-35153	177	36196	35099
175008203	-1	67	2.438E-09	1	35153	35344	1160	67	0.529	1.818E-07	2	65	73	-35344	-35153	192	36196	35099
175016422	-1	66	4.877E-09	1	35162	35344	1160	66	0.541	4.275E-07	2	62	77	-35344	-35162	183	36196	35099
175106305	1	246	3.182E-63	4	20282	23977	461	99	0.836	6.997E-22	73	128	225	20282	20449	168	20276	20473
175106305	1	246	3.182E-63	4	20282	23977	532	54	0.766	9.679E-07	135	167	225	23557	23655	99	23542	23658
175106305	1	246	3.182E-63	4	20282	23977	536	36	0.697	2.704E+00	166	189	225	23736	23807	72	23706	23846
175106305	1	246	3.182E-63	4	20282	23977	538	61	0.810	1.274E-08	190	224	225	23873	23977	105	23801	23980
175163566	-1	97	2.271E-18	1	36312	36881	1141	97	0.315	1.753E-18	148	340	341	-36881	-36312	570	36887	36246
175198533	-1	69	6.096E-10	1	35126	35356	1160	69	0.471	3.279E-08	12	87	98	-35356	-35126	231	36196	35099
175278865	1	96	4.542E-18	1	19248	19544	444	96	0.490	7.288E-20	4	106	111	19248	19544	297	19230	19562
175397048	-1	207	1.749E-51	2	36390	37054	1130	36	0.682	8.082E+00	78	101	286	-37054	-36983	72	37075	36908
175397048	-1	207	1.749E-51	2	36390	37054	1141	183	0.570	4.268E-48	115	279	286	-36884	-36390	495	36887	36246
175398988	-1	127	2.115E-27	1	36249	36491	1141	127	0.757	6.784E-29	0	80	114	-36491	-36249	243	36887	36246
175434039	1	304	1.104E-80	4	19275	23655	444	92	0.525	2.363E-18	17	106	403	19275	19544	270	19230	19562
175434039	1	304	1.104E-80	4	19275	23655	452	104	0.419	1.903E-21	107	208	403	19634	20044	411	19541	20047
175434039	1	304	1.104E-80	4	19275	23655	461	91	0.770	7.538E-19	248	303	403	20279	20446	168	20276	20473
175434039	1	304	1.104E-80	4	19275	23655	532	59	0.823	2.894E-08	311	343	403	23557	23655	99	23542	23658
175437157	1	123	3.384E-26	1	2548	3117	67	123	0.376	1.814E-27	97	279	283	2548	3117	570	2518	3120
175481472	-1	132	6.609E-29	1	35153	36190	1160	132	0.262	9.874E-29	219	581	592	-36190	-35153	1038	36196	35099
176079702	1	79	5.953E-13	1	2680	3093	67	79	0.334	1.799E-12	70	211	217	2680	3093	414	2518	3120
176144987	-1	89	5.813E-16	1	35153	36124	1160	89	0.212	2.334E-14	147	505	551	-36124	-35153	972	36196	35099
176238835	-1	81	1.488E-13	1	35141	36109	1160	81	0.206	7.828E-12	102	447	465	-36109	-35141	969	36196	35099
176307837	-1	123	3.384E-26	1	35150	36109	1160	123	0.261	1.032E-25	265	604	639	-36109	-35150	960	36196	35099
176381031	-1	77	2.381E-12	1	36453	36884	1141	77	0.324	8.685E-12	131	276	283	-36884	-36453	432	36887	36246
176554262	-1	65	9.753E-09	1	35156	35410	1160	65	0.408	7.555E-07	46	132	162	-35410	-35156	255	36196	35099
179567099	1	251	9.944E-65	3	24937	25784	565	113	0.501	1.423E-23	196	313	471	24937	25284	348	24667	25374
179567099	1	251	9.944E-65	3	24937	25784	567	59	0.488	5.133E-08	320	381	471	25355	25507	153	25355	25522
179567099	1	251	9.944E-65	3	24937	25784	572	84	0.494	1.975E-16	381	469	471	25569	25784	216	25557	25784
181248705	1	127	2.115E-27	1	2680	3120	67	127	0.463	5.798E-29	3	150	176	2680	3120	441	2518	3120
181349276	-1	101	1.419E-19	1	35138	36109	1160	101	0.230	2.569E-18	258	605	631	-36109	-35138	972	36196	35099
183124229	1	453	1.547E-125	5	19820	23819	452	123	0.796	2.880E-28	0	73	239	19820	20041	222	19541	20047
183124229	1	453	1.547E-125	5	19820	23819	457	81	0.959	1.700E-15	74	112	239	20095	20211	117	20095	20298
183124229	1	453	1.547E-125	5	19820	23819	461	125	1.000	7.839E-31	112	167	239	20279	20446	168	20276	20473
183124229	1	453	1.547E-125	5	19820	23819	532	74	1.000	1.167E-13	175	207	239	23557	23655	99	23542	23658
183124229	1	453	1.547E-125	5	19820	23819	536	54	0.886	1.486E-06	206	233	239	23736	23819	84	23706	23846
184787864	1	885	1.395E-255	4	24340	25784	553	188	0.891	6.995E-52	0	99	424	24340	24633	294	24334	24663
184787864	1	885	1.395E-255	4	24340	25784	565	419	0.958	1.767E-129	95	301	424	24673	25293	621	24667	25374
184787864	1	885	1.395E-255	4	24340	25784	567	116	1.000	5.024E-28	302	352	424	25355	25507	153	25355	25522
184787864	1	885	1.395E-255	4	24340	25784	572	164	1.000	3.151E-44	352	423	424	25569	25784	216	25557	25784
184926251	1	332	4.113E-89	5	19640	23980	452	89	0.379	2.807E-16	34	130	323	19640	20041	402	19541	20047
184926251	1	332	4.113E-89	5	19640	23980	457	54	0.623	4.232E-06	131	171	323	20095	20220	126	20095	20298
184926251	1	332	4.113E-89	5	19640	23980	461	101	0.851	1.432E-22	169	224	323	20279	20446	168	20276	20473
184926251	1	332	4.113E-89	5	19640	23980	532	53	0.745	3.472E-06	232	264	323	23557	23655	99	23542	23658
184926251	1	332	4.113E-89	5	19640	23980	538	61	0.795	9.262E-09	287	322	323	23873	23980	108	23801	23980
185669203	-1	204	1.400E-50	2	35156	36866	1141	102	0.317	3.109E-20	332	533	869	-36866	-36261	606	36887	36246
185669203	-1	204	1.400E-50	2	35156	36866	1160	112	0.248	6.217E-22	523	859	869	-36097	-35156	942	36196	35099
187589194	1	306	2.760E-81	3	24913	25775	565	153	0.581	3.064E-37	7	140	268	24913	25299	387	24667	25374
187589194	1	306	2.760E-81	3	24913	25775	567	63	0.607	1.541E-09	147	197	268	25364	25510	147	25355	25522
187589194	1	306	2.760E-81	3	24913	25775	572	96	0.676	1.991E-20	196	263	268	25569	25775	207	25557	25784
188675992	-1	66	4.877E-09	1	35156	35452	1160	66	0.370	4.275E-07	2	102	139	-35452	-35156	297	36196	35099
189270224	1	238	8.146E-61	4	20098	23977	457	48	0.601	9.584E-04	36	73	227	20098	20211	114	20095	20298
189270224	1	238	8.146E-61	4	20098	23977	461	95	0.803	2.295E-20	74	129	227	20282	20449	168	20276	20473
189270224	1	238	8.146E-61	4	20098	23977	532	57	0.807	7.534E-08	136	168	227	23557	23655	99	23542	23658
189270224	1	238	8.146E-61	4	20098	23977	538	62	0.825	4.897E-09	191	225	227	23873	23977	105	23801	23980
189274437	-1	183	2.935E-44	1	35186	36097	1160	183	0.361	6.757E-46	263	563	578	-36097	-35186	912	36196	35099
189307308	1	194	1.433E-47	3	20279	23977	461	98	0.830	1.320E-21	86	141	239	20279	20446	168	20276	20473
189307308	1	194	1.433E-47	3	20279	23977	532	59	0.801	2.894E-08	149	182	239	23557	23658	102	23542	23658
189307308	1	194	1.433E-47	3	20279	23977	538	61	0.771	1.274E-08	202	238	239	23867	23977	111	23801	23980
189471204	1	153	3.152E-35	3	20098	23980	457	48	0.606	6.965E-04	36	73	227	20098	20211	114	20095	20298
189471204	1	153	3.152E-35	3	20098	23980	461	102	0.854	1.043E-22	73	128	227	20282	20449	168	20276	20473
189471204	1	153	3.152E-35	3	20098	23980	538	64	0.828	9.960E-10	191	226	227	23873	23980	108	23801	23980
189471315	1	143	3.227E-32	3	20098	23980	457	47	0.592	1.815E-03	36	73	227	20098	20211	114	20095	20298
189471315	1	143	3.227E-32	3	20098	23980	461	97	0.818	4.696E-21	73	128	227	20282	20449	168	20276	20473
189471315	1	143	3.227E-32	3	20098	23980	538	60	0.781	2.409E-08	191	226	227	23873	23980	108	23801	23980
189548999	-1	77	2.381E-12	1	35153	35323	1160	77	0.658	1.054E-10	0	56	57	-35323	-35153	171	36196	35099
189701276	-1	65	9.753E-09	1	35156	35344	1160	65	0.522	7.555E-07	19	81	91	-35344	-35156	189	36196	35099
189732131	-1	95	9.084E-18	1	35162	35953	1160	95	0.247	1.599E-16	0	285	305	-35953	-35162	792	36196	35099
189846311	1	243	2.546E-62	3	19305	24627	444	89	0.588	1.576E-17	123	198	379	19305	19532	228	19230	19562
189846311	1	243	2.546E-62	3	19305	24627	452	90	0.578	1.099E-16	209	286	379	19634	19867	234	19541	20047
189846311	1	243	2.546E-62	3	19305	24627	553	81	0.515	1.156E-14	296	376	379	24385	24627	243	24334	24663
189895687	1	84	1.860E-14	1	19625	19873	452	84	0.522	8.728E-15	14	95	162	19625	19873	249	19541	20047
189939284	1	424	8.306E-117	3	24946	25784	565	183	0.736	1.403E-47	21	141	264	24946	25293	348	24667	25374
189939284	1	424	8.306E-117	3	24946	25784	567	103	0.958	1.764E-23	143	192	264	25358	25507	150	25355	25522
189939284	1	424	8.306E-117	3	24946	25784	572	137	0.895	9.656E-35	192	263	264	25569	25784	216	25557	25784
189940422	-1	338	6.426E-91	1	36252	36887	1141	338	0.776	1.025E-101	20	227	228	-36887	-36252	636	36887	36246
189940593	-1	199	4.479E-49	1	36276	36887	1141	199	0.515	1.474E-53	94	293	362	-36887	-36276	612	36887	36246
189972821	1	90	2.907E-16	1	24697	24999	565	90	0.462	6.185E-16	26	129	161	24697	24999	303	24667	25374
190096110	1	100	2.839E-19	1	19640	20041	452	100	0.414	4.377E-20	27	122	141	19640	20041	402	19541	20047
190116606	-1	392	3.567E-107	2	35156	36887	1141	160	0.414	3.475E-40	116	333	669	-36887	-36258	630	36887	36246
190116606	-1	392	3.567E-107	2	35156	36887	1160	231	0.402	4.577E-62	335	664	669	-36142	-35156	987	36196	35099
190168030	-1	70	3.048E-10	1	35153	35350	1160	70	0.537	1.851E-08	37	102	128	-35350	-35153	198	36196	35099
190253265	1	138	1.033E-30	1	29471	29800	648	138	0.619	4.547E-34	22	133	146	29471	29800	330	29438	29845
190253265	-1	123	3.384E-26	1	29080	29361	1280	123	0.646	5.998E-29	22	115	146	-29361	-29080	282	29403	29053
191001163	-1	104	1.774E-20	1	36258	36884	1141	104	0.309	6.579E-21	40	254	395	-36884	-36258	627	36887	36246
195408279	1	129	5.287E-28	1	2677	3120	67	129	0.466	1.211E-29	0	148	174	2677	3120	444	2518	3120
196048959	1	244	1.273E-62	4	20282	23980	461	99	0.833	9.609E-22	84	139	237	20282	20449	168	20276	20473
196048959	1	244	1.273E-62	4	20282	23980	532	55	0.776	5.112E-07	146	178	237	23557	23655	99	23542	23658
196048959	1	244	1.273E-62	4	20282	23980	536	34	0.735	1.866E+01	180	200	237	23745	23807	63	23706	23846
196048959	1	244	1.273E-62	4	20282	23980	538	58	0.757	1.186E-07	201	236	237	23873	23980	108	23801	23980
197573429	1	121	1.354E-25	1	2695	3117	67	121	0.461	8.670E-27	7	146	153	2695	3117	423	2518	3120
202802534	1	241	1.018E-61	4	20098	23980	457	48	0.565	9.584E-04	36	76	228	20098	20220	123	20095	20298
202802534	1	241	1.018E-61	4	20098	23980	461	98	0.814	1.813E-21	74	130	228	20279	20449	171	20276	20473
202802534	1	241	1.018E-61	4	20098	23980	532	56	0.786	2.700E-07	137	169	228	23557	23655	99	23542	23658
202802534	1	241	1.018E-61	4	20098	23980	538	66	0.847	2.786E-10	192	227	228	23873	23980	108	23801	23980
203819471	-1	79	5.953E-13	1	35657	36073	1160	79	0.337	2.489E-11	5	145	171	-36073	-35657	417	36196	35099
203857042	-1	191	1.147E-46	2	35501	36869	1141	102	0.336	4.241E-20	129	309	549	-36869	-36318	552	36887	36246
203857042	-1	191	1.147E-46	2	35501	36869	1160	89	0.284	2.334E-14	309	509	549	-36124	-35501	624	36196	35099
203857771	-1	180	2.348E-43	2	35501	36857	1141	79	0.345	1.379E-12	122	258	519	-36857	-36453	405	36887	36246
203857771	-1	180	2.348E-43	2	35501	36857	1160	100	0.290	3.454E-18	260	488	519	-36109	-35501	609	36196	35099
203858825	-1	106	4.435E-21	1	36300	36854	1141	106	0.344	1.898E-21	18	185	232	-36854	-36300	555	36887	36246
203866226	1	235	6.517E-60	4	20098	23980	457	44	0.569	2.336E-02	36	72	227	20098	20208	111	20095	20298
203866226	1	235	6.517E-60	4	20098	23980	461	92	0.782	2.117E-19	74	129	227	20282	20449	168	20276	20473
203866226	1	235	6.517E-60	4	20098	23980	532	61	0.854	4.271E-09	136	168	227	23557	23655	99	23542	23658
203866226	1	235	6.517E-60	4	20098	23980	538	62	0.800	6.735E-09	191	226	227	23873	23980	108	23801	23980
203966184	1	194	1.433E-47	3	20098	23655	457	46	0.548	3.437E-03	35	75	232	20098	20220	123	20095	20298
203966184	1	194	1.433E-47	3	20098	23655	461	95	0.806	1.671E-20	74	129	232	20282	20449	168	20276	20473
203966184	1	194	1.433E-47	3	20098	23655	532	59	0.828	2.103E-08	136	168	232	23557	23655	99	23542	23658
204014166	1	154	1.576E-35	2	20098	20449	457	52	0.686	2.084E-05	35	70	138	20098	20205	108	20095	20298
204014166	1	154	1.576E-35	2	20098	20449	461	101	0.851	1.432E-22	72	127	138	20282	20449	168	20276	20473
204126938	-1	125	8.460E-27	1	35153	36091	1160	125	0.276	2.284E-26	275	562	567	-36091	-35153	939	36196	35099
204154750	1	238	8.146E-61	4	20098	23980	457	49	0.629	3.679E-04	36	72	227	20098	20208	111	20095	20298
204154750	1	238	8.146E-61	4	20098	23980	461	94	0.800	3.153E-20	74	129	227	20282	20449	168	20276	20473
204154750	1	238	8.146E-61	4	20098	23980	532	61	0.859	3.105E-09	136	168	227	23557	23655	99	23542	23658
204154750	1	238	8.146E-61	4	20098	23980	538	58	0.757	1.186E-07	191	226	227	23873	23980	108	23801	23980
204360678	1	198	8.957E-49	3	19640	23655	452	97	0.406	2.869E-19	24	122	317	19640	20041	402	19541	20047
204360678	1	198	8.957E-49	3	19640	23655	461	92	0.779	2.908E-19	162	217	317	20279	20446	168	20276	20473
204360678	1	198	8.957E-49	3	19640	23655	532	53	0.750	2.523E-06	225	257	317	23557	23655	99	23542	23658
204480460	-1	154	1.576E-35	1	36252	36812	1141	154	0.452	2.808E-38	77	257	267	-36812	-36252	561	36887	36246
204480658	-1	371	7.481E-101	3	35246	37054	1130	34	0.474	4.035E+01	68	102	560	-37054	-36950	105	37075	36908
204480658	-1	371	7.481E-101	3	35246	37054	1141	184	0.491	1.214E-48	107	302	560	-36887	-36285	603	36887	36246
204480658	-1	371	7.481E-101	3	35246	37054	1160	190	0.370	2.589E-48	338	559	560	-36160	-35246	915	36196	35099
204480680	-1	225	6.674E-57	2	36258	37054	1130	44	0.561	9.600E-03	76	112	318	-37054	-36941	114	37075	36908
204480680	-1	225	6.674E-57	2	36258	37054	1141	181	0.469	1.500E-47	112	315	318	-36887	-36258	630	36887	36246
204482531	-1	227	1.668E-57	1	35141	35572	1160	227	0.762	7.539E-61	0	144	159	-35572	-35141	432	36196	35099
204545098	1	96	4.542E-18	1	24700	25113	565	96	0.349	6.158E-18	12	175	249	24700	25113	414	24667	25374
204639154	1	88	1.163E-15	1	24694	25101	565	88	0.353	3.890E-15	3	149	261	24694	25101	408	24667	25374
204708953	-1	78	1.191E-12	1	35723	36070	1160	78	0.380	7.897E-11	2	117	120	-36070	-35723	348	36196	35099
204761062	1	88	1.163E-15	1	19640	19888	452	88	0.542	3.837E-16	10	91	98	19640	19888	249	19541	20047
204777809	1	118	1.083E-24	1	2632	3117	67	118	0.409	7.740E-26	152	312	315	2632	3117	486	2518	3120
205274605	-1	95	9.084E-18	1	35156	35995	1160	95	0.245	2.145E-16	25	313	359	-35995	-35156	840	36196	35099
205302370	1	79	5.953E-13	1	2674	3093	67	79	0.338	1.799E-12	17	156	161	2674	3093	420	2518	3120
205437797	-1	97	2.271E-18	1	35159	35989	1160	97	0.244	4.923E-17	123	421	477	-35989	-35159	831	36196	35099
213503359	-1	124	1.692E-26	1	35159	36097	1160	124	0.260	7.631E-26	7	348	364	-36097	-35159	939	36196	35099
214044593	1	225	6.674E-57	4	20098	23807	457	45	0.526	8.958E-03	31	70	221	20098	20223	126	20095	20298
214044593	1	225	6.674E-57	4	20098	23807	461	96	0.803	6.450E-21	67	123	221	20279	20449	171	20276	20473
214044593	1	225	6.674E-57	4	20098	23807	532	58	0.864	3.981E-08	132	162	221	23563	23655	93	23542	23658
214044593	1	225	6.674E-57	4	20098	23807	536	34	0.735	1.866E+01	164	184	221	23745	23807	63	23706	23846
215835544	1	78	1.191E-12	1	2710	3096	67	78	0.354	3.333E-12	45	173	177	2710	3096	387	2518	3120
218331057	1	230	2.085E-58	4	20098	23980	457	44	0.557	2.336E-02	36	73	226	20098	20211	114	20095	20298
218331057	1	230	2.085E-58	4	20098	23980	461	93	0.788	1.122E-19	73	128	226	20282	20449	168	20276	20473
218331057	1	230	2.085E-58	4	20098	23980	532	55	0.776	5.112E-07	135	167	226	23557	23655	99	23542	23658
218331057	1	230	2.085E-58	4	20098	23980	538	63	0.819	1.883E-09	190	225	226	23873	23980	108	23801	23980
218356436	-1	302	4.416E-80	2	35159	36812	1141	115	0.387	1.475E-24	85	249	582	-36812	-36303	510	36887	36246
218356436	-1	302	4.416E-80	2	35159	36812	1160	187	0.351	3.074E-47	249	572	582	-36109	-35159	951	36196	35099
218358235	-1	295	5.653E-78	2	35159	36884	1141	124	0.373	1.129E-27	101	288	602	-36884	-36303	582	36887	36246
218358235	-1	295	5.653E-78	2	35159	36884	1160	171	0.335	7.047E-42	288	592	602	-36109	-35159	951	36196	35099
218358629	-1	89	5.813E-16	1	35162	35476	1160	89	0.456	1.301E-14	15	119	122	-35476	-35162	315	36196	35099
218383584	1	189	4.586E-46	3	20282	23977	461	93	0.788	1.122E-19	75	130	228	20282	20449	168	20276	20473
218383584	1	189	4.586E-46	3	20282	23977	532	54	0.760	1.332E-06	137	169	228	23557	23655	99	23542	23658
218383584	1	189	4.586E-46	3	20282	23977	538	66	0.827	2.786E-10	190	226	228	23867	23977	111	23801	23980
218429980	-1	146	4.034E-33	1	35126	36109	1160	146	0.295	3.189E-33	213	523	526	-36109	-35126	984	36196	35099
218478850	-1	73	3.810E-11	1	35162	35473	1160	73	0.386	2.492E-09	65	170	171	-35473	-35162	312	36196	35099
218533742	-1	114	1.733E-23	1	35255	36067	1160	114	0.275	1.033E-22	241	526	527	-36067	-35255	813	36196	35099
218600705	-1	81	1.488E-13	1	35162	35893	1160	81	0.246	5.860E-12	110	349	369	-35893	-35162	732	36196	35099
218665244	-1	72	7.620E-11	1	35153	35437	1160	72	0.404	5.890E-09	41	138	153	-35437	-35153	285	36196	35099
218722218	-1	110	2.772E-22	1	35159	36067	1160	110	0.260	2.766E-21	286	585	598	-36067	-35159	909	36196	35099
218852919	1	141	1.291E-31	2	20098	20449	457	46	0.592	4.730E-03	3	39	113	20098	20208	111	20095	20298
218852919	1	141	1.291E-31	2	20098	20449	461	94	0.785	4.330E-20	40	96	113	20279	20449	171	20276	20473
218915505	1	170	2.404E-40	2	19631	24624	452	92	0.565	2.299E-17	14	95	176	19631	19876	246	19541	20047
218915505	1	170	2.404E-40	2	19631	24624	553	82	0.552	6.140E-15	101	175	176	24400	24624	225	24334	24663
218998833	-1	100	2.839E-19	1	35147	36145	1160	100	0.234	4.642E-18	124	372	373	-36145	-35147	999	36196	35099
218999503	-1	113	3.465E-23	1	36273	36746	1141	113	0.404	5.131E-24	7	157	313	-36746	-36273	474	36887	36246
219047908	-1	76	4.762E-12	1	35711	36160	1160	76	0.308	3.335E-10	30	183	238	-36160	-35711	450	36196	35099
219144709	1	121	1.354E-25	1	2548	3117	67	121	0.372	6.341E-27	97	273	277	2548	3117	570	2518	3120
219200375	-1	248	7.956E-64	2	35156	36884	1141	121	0.365	1.372E-26	97	290	652	-36884	-36300	585	36887	36246
219200375	-1	248	7.956E-64	2	35156	36884	1160	130	0.267	4.489E-28	287	631	652	-36184	-35156	1029	36196	35099
219200564	1	383	1.826E-104	3	24946	25784	565	164	0.623	4.796E-41	20	151	274	24946	25326	381	24667	25374
219200564	1	383	1.826E-104	3	24946	25784	567	89	0.837	1.620E-18	152	201	274	25358	25507	150	25355	25522
219200564	1	383	1.826E-104	3	24946	25784	572	129	0.851	3.965E-32	201	272	274	25569	25784	216	25557	25784
219336807	1	136	4.131E-30	1	29480	29800	648	136	0.623	4.144E-33	52	160	173	29480	29800	321	29438	29845
219336807	-1	117	2.166E-24	1	29080	29352	1280	117	0.640	3.654E-27	52	142	173	-29352	-29080	273	29403	29053
219705655	1	79	5.953E-13	1	2680	3093	67	79	0.334	1.799E-12	70	211	217	2680	3093	414	2518	3120
219981043	-1	98	1.135E-18	1	35111	36169	1160	98	0.226	1.513E-17	78	406	407	-36169	-35111	1059	36196	35099
220179702	-1	74	1.905E-11	1	35156	35830	1160	74	0.236	1.404E-09	4	240	254	-35830	-35156	675	36196	35099
224491174	1	121	1.354E-25	1	2695	3111	67	121	0.464	8.670E-27	6	145	157	2695	3111	417	2518	3120
225636185	1	80	2.977E-13	1	2710	3093	67	80	0.363	7.134E-13	54	181	256	2710	3093	384	2518	3120
225809161	-1	74	1.905E-11	1	35159	35992	1160	74	0.211	7.902E-10	1	301	348	-35992	-35159	834	36196	35099
227894257	1	86	4.651E-15	1	19254	19556	444	86	0.432	2.713E-16	7	114	193	19254	19556	303	19230	19562
230312778	1	296	2.826E-78	5	20098	23977	457	49	0.653	1.943E-04	139	174	330	20098	20205	108	20095	20298
230312778	1	296	2.826E-78	5	20098	23977	461	94	0.794	5.948E-20	175	230	330	20279	20446	168	20276	20473
230312778	1	296	2.826E-78	5	20098	23977	532	61	0.848	5.875E-09	238	270	330	23557	23655	99	23542	23658
230312778	1	296	2.826E-78	5	20098	23977	536	34	0.646	2.576E+01	269	292	330	23736	23807	72	23706	23846
230312778	1	296	2.826E-78	5	20098	23977	538	61	0.815	9.262E-09	293	327	330	23873	23977	105	23801	23980
230690938	-1	80	2.977E-13	1	35138	35872	1160	80	0.232	1.396E-11	102	370	396	-35872	-35138	735	36196	35099
232879439	-1	74	1.905E-11	1	36618	36884	1141	74	0.445	1.004E-10	12	100	101	-36884	-36618	267	36887	36246
232881884	1	175	7.514E-42	3	20279	23980	461	90	0.764	1.422E-18	70	125	222	20279	20446	168	20276	20473
232881884	1	175	7.514E-42	3	20279	23980	532	55	0.877	3.715E-07	133	161	222	23557	23643	87	23542	23658
232881884	1	175	7.514E-42	3	20279	23980	538	59	0.767	6.269E-08	186	221	222	23873	23980	108	23801	23980
232898050	-1	138	1.033E-30	1	35159	36106	1160	138	0.292	1.040E-30	35	338	345	-36106	-35159	948	36196	35099
232898786	-1	106	4.435E-21	1	35159	36100	1160	106	0.250	4.038E-20	206	489	496	-36100	-35159	942	36196	35099
232898857	-1	132	6.609E-29	1	35153	36109	1160	132	0.279	1.337E-28	241	564	572	-36109	-35153	957	36196	35099
232900324	-1	199	4.479E-49	2	35537	36857	1141	123	0.376	2.880E-27	109	296	474	-36857	-36288	570	36887	36246
232900324	-1	199	4.479E-49	2	35537	36857	1160	85	0.322	2.405E-13	307	470	474	-36025	-35537	489	36196	35099
232912095	1	145	8.068E-33	3	20098	23980	457	43	0.552	3.215E-02	53	90	249	20098	20211	114	20095	20298
232912095	1	145	8.068E-33	3	20098	23980	461	95	0.803	2.295E-20	90	145	249	20282	20449	168	20276	20473
232912095	1	145	8.068E-33	3	20098	23980	538	65	0.842	3.831E-10	205	240	249	23873	23980	108	23801	23980
232940106	-1	98	1.135E-18	1	35162	35617	1160	98	0.372	2.730E-17	77	228	236	-35617	-35162	456	36196	35099
232940742	-1	232	5.214E-59	2	35162	36857	1141	120	0.379	2.560E-26	17	198	494	-36857	-36309	549	36887	36246
232940742	-1	232	5.214E-59	2	35162	36857	1160	127	0.304	5.046E-27	215	486	494	-35899	-35162	738	36196	35099
233033128	1	209	4.374E-52	4	20095	23977	457	44	0.578	1.233E-02	35	71	231	20095	20205	111	20095	20298
233033128	1	209	4.374E-52	4	20095	23977	461	98	0.827	1.813E-21	73	128	231	20282	20449	168	20276	20473
233033128	1	209	4.374E-52	4	20095	23977	536	33	0.681	4.908E+01	165	186	231	23742	23807	66	23706	23846
233033128	1	209	4.374E-52	4	20095	23977	538	66	0.873	2.027E-10	187	221	231	23873	23977	105	23801	23980
233131961	1	186	3.669E-45	3	20095	23655	457	44	0.569	2.336E-02	38	74	235	20095	20205	111	20095	20298
233131961	1	186	3.669E-45	3	20095	23655	461	90	0.755	1.036E-18	75	131	235	20279	20449	171	20276	20473
233131961	1	186	3.669E-45	3	20095	23655	532	56	0.792	1.962E-07	138	170	235	23557	23655	99	23542	23658
233193979	1	92	7.267E-17	1	20282	20449	461	92	0.782	2.117E-19	40	95	112	20282	20449	168	20276	20473
233224329	-1	89	5.813E-16	1	36486	36866	1141	89	0.390	6.260E-16	81	210	211	-36866	-36486	381	36887	36246
233408329	1	194	1.433E-47	3	20282	23977	461	98	0.827	1.813E-21	77	132	232	20282	20449	168	20276	20473
233408329	1	194	1.433E-47	3	20282	23977	532	61	0.848	5.875E-09	139	171	232	23557	23655	99	23542	23658
233408329	1	194	1.433E-47	3	20282	23977	538	61	0.810	1.274E-08	194	228	232	23873	23977	105	23801	23980
233571354	1	71	1.524E-10	1	19254	19535	444	71	0.415	3.257E-11	0	93	184	19254	19535	282	19230	19562
233629234	1	182	5.870E-44	2	19263	19885	444	92	0.509	1.722E-18	13	106	214	19263	19544	282	19230	19562
233629234	1	182	5.870E-44	2	19263	19885	452	91	0.551	4.298E-17	109	192	214	19634	19885	252	19541	20047
233720697	1	177	1.878E-42	2	19305	19873	444	85	0.513	3.721E-16	54	139	222	19305	19556	252	19230	19562
233720697	1	177	1.878E-42	2	19305	19873	452	91	0.571	5.877E-17	140	219	222	19634	19873	240	19541	20047
233847187	1	86	4.651E-15	1	19640	19888	452	86	0.530	2.502E-15	10	91	136	19640	19888	249	19541	20047
233925043	-1	68	1.219E-09	1	35162	35401	1160	68	0.451	7.726E-08	14	93	110	-35401	-35162	240	36196	35099
234146223	1	79	5.953E-13	1	2674	3093	67	79	0.340	9.712E-13	17	156	161	2674	3093	420	2518	3120
234150746	-1	102	7.097E-20	1	35150	36124	1160	102	0.231	1.421E-18	294	642	648	-36124	-35150	975	36196	35099
234642497	1	53	3.995E-05	1	19302	19556	444	53	0.354	8.994E-05	32	109	169	19302	19556	255	19230	19562
238596064	1	286	2.894E-75	3	24952	25784	565	131	0.576	6.427E-30	47	162	292	24952	25284	333	24667	25374
238596064	1	286	2.894E-75	3	24952	25784	567	79	0.740	4.566E-15	168	218	292	25358	25507	150	25355	25522
238596064	1	286	2.894E-75	3	24952	25784	572	81	0.558	3.440E-15	217	287	292	25566	25784	219	25557	25784
240645872	1	117	2.166E-24	1	2689	3117	67	117	0.437	1.446E-25	1	147	204	2689	3117	429	2518	3120
244149897	1	239	4.073E-61	3	24946	25781	565	111	0.504	6.702E-23	19	133	273	24946	25290	345	24667	25374
244149897	1	239	4.073E-61	3	24946	25781	567	52	0.492	1.165E-05	140	193	273	25355	25510	156	25355	25522
244149897	1	239	4.073E-61	3	24946	25781	572	83	0.533	3.727E-16	191	270	273	25566	25781	216	25557	25784
246460694	-1	70	3.048E-10	1	35156	35671	1160	70	0.263	2.464E-08	10	193	223	-35671	-35156	516	36196	35099
246572447	1	455	3.868E-126	2	2340	3120	59	68	0.854	4.789E-11	0	36	233	2340	2450	111	2313	2501
246572447	1	455	3.868E-126	2	2340	3120	67	387	0.931	5.814E-119	36	232	233	2530	3120	591	2518	3120
246657294	1	124	1.692E-26	1	2695	3120	67	124	0.468	3.794E-28	5	147	179	2695	3120	426	2518	3120
247439753	-1	136	4.131E-30	1	36282	36887	1141	136	0.389	5.101E-32	32	206	403	-36887	-36282	606	36887	36246
247440379	-1	174	1.503E-41	1	35162	36097	1160	174	0.342	8.157E-43	266	578	584	-36097	-35162	936	36196	35099
247440699	-1	232	5.214E-59	2	35570	36884	1141	132	0.392	1.165E-30	101	288	482	-36884	-36303	582	36887	36246
247440699	-1	232	5.214E-59	2	35570	36884	1160	100	0.324	3.454E-18	288	479	482	-36109	-35570	540	36196	35099
247441043	-1	93	3.633E-17	1	35159	36001	1160	93	0.247	6.949E-16	96	348	355	-36001	-35159	843	36196	35099
247441635	-1	115	8.663E-24	1	35153	36109	1160	115	0.259	7.658E-23	112	399	401	-36109	-35153	957	36196	35099
247574477	1	95	9.084E-18	1	2647	3096	67	95	0.366	5.526E-18	110	260	264	2647	3096	450	2518	3120
247634880	1	148	1.008E-33	3	20098	23980	457	47	0.592	1.815E-03	36	73	223	20098	20211	114	20095	20298
247634880	1	148	1.008E-33	3	20098	23980	461	98	0.827	1.813E-21	73	128	223	20282	20449	168	20276	20473
247634880	1	148	1.008E-33	3	20098	23980	538	60	0.781	2.409E-08	187	222	223	23873	23980	108	23801	23980
247684532	1	236	3.259E-60	4	20098	23977	457	48	0.606	6.965E-04	36	73	227	20098	20211	114	20095	20298
247684532	1	236	3.259E-60	4	20098	23977	461	91	0.776	3.995E-19	74	129	227	20282	20449	168	20276	20473
247684532	1	236	3.259E-60	4	20098	23977	532	58	0.812	5.476E-08	136	168	227	23557	23655	99	23542	23658
247684532	1	236	3.259E-60	4	20098	23977	538	63	0.839	1.883E-09	191	225	227	23873	23977	105	23801	23980
247711536	-1	275	5.927E-72	2	35162	36866	1141	112	0.409	9.568E-24	1	153	503	-36866	-36405	462	36887	36246
247711536	-1	275	5.927E-72	2	35162	36866	1160	164	0.311	1.789E-39	156	495	503	-36100	-35162	939	36196	35099
247712571	-1	68	1.219E-09	1	35156	35428	1160	68	0.412	5.807E-08	45	135	140	-35428	-35156	273	36196	35099
247757934	-1	84	1.860E-14	1	35177	35800	1160	84	0.265	5.754E-13	0	221	369	-35800	-35177	624	36196	35099
247816824	-1	66	4.877E-09	1	35153	35347	1160	66	0.520	2.418E-07	6	70	87	-35347	-35153	195	36196	35099
247907694	-1	64	1.951E-08	1	35162	35356	1160	64	0.504	1.335E-06	15	79	88	-35356	-35162	195	36196	35099
248064813	1	139	5.163E-31	1	29504	29800	648	139	0.677	3.316E-34	25	125	138	29504	29800	297	29438	29845
248064813	-1	123	3.384E-26	1	29080	29328	1280	123	0.719	4.373E-29	25	107	138	-29328	-29080	249	29403	29053
248065994	1	138	1.033E-30	1	29480	29800	648	138	0.630	8.549E-34	25	133	146	29480	29800	321	29438	29845
248065994	-1	119	5.414E-25	1	29080	29352	1280	119	0.649	7.522E-28	25	115	146	-29352	-29080	273	29403	29053
248105136	-1	183	2.935E-44	3	36747	37192	1125	46	0.831	8.832E-02	0	24	109	-37192	-37118	75	37579	37115
248105136	-1	183	2.935E-44	3	36747	37192	1130	56	0.695	6.585E-07	26	62	109	-37054	-36941	114	37075	36908
248105136	-1	183	2.935E-44	3	36747	37192	1141	80	0.805	7.465E-13	62	108	109	-36887	-36747	141	36887	36246
248107023	-1	88	1.163E-15	2	36711	37225	1125	41	0.575	3.393E+00	37	68	156	-37225	-37124	102	37579	37115
248107023	-1	88	1.163E-15	2	36711	37225	1141	74	0.628	7.398E-11	97	154	156	-36884	-36711	174	36887	36246
248170537	1	169	4.809E-40	2	19275	24930	444	82	0.482	6.405E-15	0	88	175	19275	19541	267	19230	19562
248170537	1	169	4.809E-40	2	19275	24930	565	91	0.585	3.348E-16	94	171	175	24697	24930	234	24667	25374
248172776	1	229	4.171E-58	4	19640	23977	452	94	0.395	4.807E-18	75	171	367	19640	20041	402	19541	20047
248172776	1	229	4.171E-58	4	19640	23977	461	89	0.767	3.687E-18	213	267	367	20282	20446	165	20276	20473
248172776	1	229	4.171E-58	4	19640	23977	532	56	0.786	2.700E-07	275	307	367	23557	23655	99	23542	23658
248172776	1	229	4.171E-58	4	19640	23977	538	56	0.752	5.841E-07	330	364	367	23873	23977	105	23801	23980
248809207	1	57	2.497E-06	1	19338	19532	444	57	0.460	2.049E-06	48	107	113	19338	19532	195	19230	19562
248928311	1	85	9.302E-15	1	2680	3093	67	85	0.359	1.752E-14	20	157	162	2680	3093	414	2518	3120
249211028	-1	106	4.435E-21	1	36261	36884	1141	106	0.320	1.019E-21	122	329	380	-36884	-36261	624	36887	36246
249237773	-1	92	7.267E-17	1	36309	36887	1141	92	0.302	7.197E-17	28	223	300	-36887	-36309	579	36887	36246
249262745	-1	97	2.271E-18	1	36303	36845	1141	97	0.330	1.286E-18	21	200	281	-36845	-36303	543	36887	36246
253626143	1	117	2.166E-24	1	2674	3120	67	117	0.429	1.977E-25	8	157	170	2674	3120	447	2518	3120
253656713	-1	85	9.302E-15	1	36297	36860	1141	85	0.295	1.369E-14	21	199	376	-36860	-36297	564	36887	36246
255600034	1	371	7.481E-101	3	24946	25784	565	158	0.646	3.839E-39	19	140	265	24946	25296	351	24667	25374
255600034	1	371	7.481E-101	3	24946	25784	567	93	0.874	4.926E-20	141	190	265	25358	25507	150	25355	25522
255600034	1	371	7.481E-101	3	24946	25784	572	120	0.785	7.950E-29	189	261	265	25566	25784	219	25557	25784
255753510	1	887	3.487E-256	4	24340	25784	553	188	0.891	6.995E-52	0	99	424	24340	24633	294	24334	24663
255753510	1	887	3.487E-256	4	24340	25784	565	419	0.958	1.289E-129	95	301	424	24673	25293	621	24667	25374
255753510	1	887	3.487E-256	4	24340	25784	567	116	1.000	5.024E-28	302	352	424	25355	25507	153	25355	25522
255753510	1	887	3.487E-256	4	24340	25784	572	166	1.000	8.886E-45	352	423	424	25569	25784	216	25557	25784
256178989	-1	72	7.620E-11	1	35162	35701	1160	72	0.269	4.422E-09	2	184	203	-35701	-35162	540	36196	35099
256598776	1	238	8.146E-61	4	20098	23980	457	46	0.552	2.497E-03	36	76	228	20098	20220	123	20095	20298
256598776	1	238	8.146E-61	4	20098	23980	461	97	0.806	4.696E-21	74	130	228	20279	20449	171	20276	20473
256598776	1	238	8.146E-61	4	20098	23980	532	56	0.786	2.700E-07	137	169	228	23557	23655	99	23542	23658
256598776	1	238	8.146E-61	4	20098	23980	538	66	0.847	2.786E-10	192	227	228	23873	23980	108	23801	23980
256903712	-1	71	1.524E-10	1	35156	35671	1160	71	0.267	7.844E-09	7	190	219	-35671	-35156	516	36196	35099
257781383	1	183	2.935E-44	3	20282	23977	461	94	0.794	5.948E-20	76	131	230	20282	20449	168	20276	20473
257781383	1	183	2.935E-44	3	20282	23977	532	57	0.797	1.426E-07	138	170	230	23557	23655	99	23542	23658
257781383	1	183	2.935E-44	3	20282	23977	538	58	0.771	1.631E-07	193	227	230	23873	23977	105	23801	23980
258801066	-1	200	2.239E-49	1	36249	36791	1141	200	0.569	5.735E-54	0	180	190	-36791	-36249	543	36887	36246
258956481	1	154	1.576E-35	1	2533	2862	67	154	0.689	2.315E-38	37	146	159	2533	2862	330	2518	3120
259128351	1	114	1.733E-23	1	2677	3117	67	114	0.425	1.289E-24	17	165	191	2677	3117	441	2518	3120
259927921	1	111	1.386E-22	1	2677	3117	67	111	0.415	2.143E-23	17	165	192	2677	3117	441	2518	3120
262025094	-1	139	5.163E-31	1	36300	36887	1141	139	0.404	4.169E-33	143	337	357	-36887	-36300	588	36887	36246
262160365	-1	76	4.762E-12	1	35156	35578	1160	76	0.323	1.875E-10	9	153	225	-35578	-35156	423	36196	35099
262194244	1	151	1.261E-34	3	20095	23980	457	54	0.658	5.821E-06	10	48	218	20095	20211	117	20095	20298
262194244	1	151	1.261E-34	3	20095	23980	461	95	0.794	1.671E-20	47	103	218	20279	20449	171	20276	20473
262194244	1	151	1.261E-34	3	20095	23980	538	59	0.719	4.558E-08	161	199	218	23864	23980	117	23801	23980
262258514	-1	115	8.663E-24	1	35162	35617	1160	115	0.422	4.206E-23	3	153	156	-35617	-35162	456	36196	35099
262281244	1	195	7.166E-48	3	20098	23655	457	48	0.601	9.584E-04	37	74	233	20098	20211	114	20095	20298
262281244	1	195	7.166E-48	3	20098	23655	461	94	0.810	4.330E-20	75	129	233	20282	20446	165	20276	20473
262281244	1	195	7.166E-48	3	20098	23655	532	58	0.817	3.981E-08	137	169	233	23557	23655	99	23542	23658
262299703	-1	68	1.219E-09	1	35153	35323	1160	68	0.587	1.028E-07	3	59	60	-35323	-35153	171	36196	35099
262321367	1	131	1.322E-28	3	20098	23807	457	45	0.575	6.509E-03	34	71	225	20098	20211	114	20095	20298
262321367	1	131	1.322E-28	3	20098	23807	461	94	0.797	4.330E-20	71	126	225	20282	20449	168	20276	20473
262321367	1	131	1.322E-28	3	20098	23807	536	32	0.693	9.358E+01	168	188	225	23745	23807	63	23706	23846
262820788	-1	159	4.924E-37	2	35723	36884	1141	100	0.321	1.467E-19	138	326	522	-36884	-36303	582	36887	36246
262820788	-1	159	4.924E-37	2	35723	36884	1160	75	0.332	5.928E-10	344	479	522	-36124	-35723	402	36196	35099
262868001	1	100	2.839E-19	1	2668	3117	67	100	0.372	7.101E-20	18	174	180	2668	3117	450	2518	3120
262875640	-1	187	1.834E-45	2	35147	36887	1141	115	0.351	1.475E-24	101	288	683	-36887	-36300	588	36887	36246
262875640	-1	187	1.834E-45	2	35147	36887	1160	133	0.286	5.385E-29	351	663	683	-36091	-35147	945	36196	35099
263350785	1	68	1.219E-09	1	19329	19529	444	68	0.518	4.078E-10	45	106	110	19329	19529	201	19230	19562
263353749	-1	66	4.877E-09	1	35123	35374	1160	66	0.427	2.418E-07	31	112	137	-35374	-35123	252	36196	35099
263482658	-1	100	2.839E-19	1	35150	36115	1160	100	0.239	3.454E-18	88	401	440	-36115	-35150	966	36196	35099
264512593	1	288	7.235E-76	3	24952	25784	565	134	0.587	5.310E-31	47	162	292	24952	25284	333	24667	25374
264512593	1	288	7.235E-76	3	24952	25784	567	78	0.730	1.185E-14	168	218	292	25358	25507	150	25355	25522
264512593	1	288	7.235E-76	3	24952	25784	572	81	0.558	3.440E-15	217	287	292	25566	25784	219	25557	25784
266009750	1	93	3.633E-17	1	2710	3099	67	93	0.400	1.914E-17	31	161	164	2710	3099	390	2518	3120
270371824	1	243	2.546E-62	4	20095	23977	457	52	0.637	2.866E-05	36	74	228	20095	20211	117	20095	20298
270371824	1	243	2.546E-62	4	20095	23977	461	94	0.800	3.153E-20	75	130	228	20282	20449	168	20276	20473
270371824	1	243	2.546E-62	4	20095	23977	532	60	0.838	1.112E-08	137	169	228	23557	23655	99	23542	23658
270371824	1	243	2.546E-62	4	20095	23977	538	61	0.805	1.752E-08	192	226	228	23873	23977	105	23801	23980
270411886	1	115	8.663E-24	1	2689	3120	67	115	0.439	5.049E-25	3	145	147	2689	3120	432	2518	3120
270580639	-1	68	1.219E-09	1	35162	35428	1160	68	0.415	5.807E-08	9	98	110	-35428	-35162	267	36196	35099
270870125	1	117	2.166E-24	1	2719	3117	67	117	0.457	1.977E-25	11	148	151	2719	3117	399	2518	3120
272913817	-1	83	3.721E-14	1	35648	36184	1160	83	0.295	1.029E-12	114	297	300	-36184	-35648	537	36196	35099
273744509	1	88	1.163E-15	1	2677	3096	67	88	0.366	1.080E-15	32	171	175	2677	3096	420	2518	3120
275944906	-1	111	1.386E-22	1	36297	36746	1141	111	0.414	2.435E-23	7	152	283	-36746	-36297	450	36887	36246
276522810	-1	99	5.677E-19	1	35153	36025	1160	99	0.250	1.126E-17	296	506	511	-36025	-35153	873	36196	35099
276523248	-1	93	3.633E-17	1	35153	35914	1160	93	0.255	1.250E-15	0	262	270	-35914	-35153	762	36196	35099
276523703	-1	83	3.721E-14	1	35162	35434	1160	83	0.476	1.375E-12	75	166	172	-35434	-35162	273	36196	35099
276524038	-1	114	1.733E-23	1	35153	36109	1160	114	0.258	1.033E-22	283	566	574	-36109	-35153	957	36196	35099
276551495	1	193	2.866E-47	3	20282	23977	461	94	0.797	4.330E-20	78	133	229	20282	20449	168	20276	20473
276551495	1	193	2.866E-47	3	20282	23977	532	61	0.848	5.875E-09	140	172	229	23557	23655	99	23542	23658
276551495	1	193	2.866E-47	3	20282	23977	538	63	0.830	3.561E-09	194	228	229	23873	23977	105	23801	23980
276587044	1	132	6.609E-29	3	20098	23807	457	45	0.575	6.509E-03	34	71	225	20098	20211	114	20095	20298
276587044	1	132	6.609E-29	3	20098	23807	461	94	0.797	4.330E-20	71	126	225	20282	20449	168	20276	20473
276587044	1	132	6.609E-29	3	20098	23807	536	33	0.701	6.777E+01	168	188	225	23745	23807	63	23706	23846
276694635	-1	94	1.817E-17	1	36330	36881	1141	94	0.316	1.532E-17	31	217	268	-36881	-36330	552	36887	36246
276699983	-1	132	6.609E-29	2	35564	36875	1141	97	0.325	1.286E-18	125	304	556	-36875	-36321	555	36887	36246
276699983	-1	132	6.609E-29	2	35564	36875	1160	86	0.312	1.797E-13	357	529	556	-36067	-35564	504	36196	35099
276700546	-1	117	2.166E-24	1	35255	36067	1160	117	0.279	1.711E-23	241	526	527	-36067	-35255	813	36196	35099
276775801	1	103	3.548E-20	1	24706	25278	565	103	0.297	3.259E-20	16	241	380	24706	25278	573	24667	25374
276796654	-1	76	4.762E-12	1	35222	35617	1160	76	0.344	1.875E-10	3	134	135	-35617	-35222	396	36196	35099
276799633	-1	68	1.219E-09	1	35153	35320	1160	68	0.595	1.028E-07	5	60	62	-35320	-35153	168	36196	35099
276800160	-1	74	1.905E-11	1	35162	35401	1160	74	0.478	1.053E-09	5	85	93	-35401	-35162	240	36196	35099
276803390	1	209	4.374E-52	4	20095	23977	457	45	0.558	8.958E-03	36	74	232	20095	20211	117	20095	20298
276803390	1	209	4.374E-52	4	20095	23977	461	97	0.818	4.696E-21	74	129	232	20282	20449	168	20276	20473
276803390	1	209	4.374E-52	4	20095	23977	536	36	0.737	5.146E+00	166	187	232	23742	23807	66	23706	23846
276803390	1	209	4.374E-52	4	20095	23977	538	64	0.854	7.243E-10	188	222	232	23873	23977	105	23801	23980
276824222	1	185	7.338E-45	3	20282	23977	461	96	0.809	1.217E-20	60	115	216	20282	20449	168	20276	20473
276824222	1	185	7.338E-45	3	20282	23977	532	57	0.807	7.534E-08	122	154	216	23557	23655	99	23542	23658
276824222	1	185	7.338E-45	3	20282	23977	538	58	0.776	1.186E-07	177	211	216	23873	23977	105	23801	23980
276851303	1	94	1.817E-17	1	2647	3096	67	94	0.365	7.540E-18	110	260	264	2647	3096	450	2518	3120
276851491	1	212	5.467E-53	4	20095	23977	457	46	0.601	2.497E-03	36	72	232	20095	20205	111	20095	20298
276851491	1	212	5.467E-53	4	20095	23977	461	98	0.827	1.813E-21	74	129	232	20282	20449	168	20276	20473
276851491	1	212	5.467E-53	4	20095	23977	536	35	0.729	7.100E+00	166	187	232	23742	23807	66	23706	23846
276851491	1	212	5.467E-53	4	20095	23977	538	65	0.859	5.268E-10	188	222	232	23873	23977	105	23801	23980
276891515	-1	107	2.218E-21	1	36300	36857	1141	107	0.333	5.471E-22	50	246	281	-36857	-36300	558	36887	36246
277134776	1	118	1.083E-24	1	2692	3111	67	118	0.456	7.740E-26	39	178	183	2692	3111	420	2518	3120
277188438	-1	142	6.454E-32	1	35147	36103	1160	142	0.275	6.724E-32	221	577	603	-36103	-35147	957	36196	35099
277189198	-1	151	1.261E-34	1	36255	36749	1141	151	0.488	4.721E-37	0	159	221	-36749	-36255	495	36887	36246
277224137	1	90	2.907E-16	1	19320	19544	444	90	0.597	1.148E-17	0	74	140	19320	19544	225	19230	19562
277254193	1	103	3.548E-20	1	24697	25041	565	103	0.475	3.259E-20	26	136	225	24697	25041	345	24667	25374
277366016	-1	187	1.834E-45	2	35156	36881	1141	77	0.271	1.180E-11	168	330	689	-36881	-36300	582	36887	36246
277366016	-1	187	1.834E-45	2	35156	36881	1160	128	0.278	2.757E-27	350	665	689	-36103	-35156	948	36196	35099
277412077	1	82	7.441E-14	1	19281	19535	444	82	0.484	4.669E-15	23	111	115	19281	19535	255	19230	19562
277418744	-1	91	1.453E-16	1	35156	35809	1160	91	0.281	4.036E-15	1	216	244	-35809	-35156	654	36196	35099
277418835	-1	142	6.454E-32	1	35156	36091	1160	142	0.298	4.958E-32	205	518	542	-36091	-35156	936	36196	35099
277502778	1	134	1.652E-29	1	29480	29800	648	134	0.617	1.465E-32	24	132	145	29480	29800	321	29438	29845
277502778	-1	118	1.083E-24	1	29080	29352	1280	118	0.644	1.942E-27	24	114	145	-29352	-29080	273	29403	29053
277519781	1	172	6.011E-41	2	24385	25095	553	85	0.545	6.712E-16	18	95	300	24385	24621	237	24334	24663
277519781	1	172	6.011E-41	2	24385	25095	565	86	0.355	1.324E-14	96	238	300	24691	25095	405	24667	25374
277520110	-1	79	5.953E-13	1	35153	35953	1160	79	0.221	1.864E-11	0	294	297	-35953	-35153	801	36196	35099
277755215	1	80	2.977E-13	1	2674	3093	67	80	0.341	7.134E-13	18	157	162	2674	3093	420	2518	3120
277853415	1	98	1.135E-18	1	2698	3096	67	98	0.412	3.366E-19	50	181	185	2698	3096	399	2518	3120
277882172	1	79	5.953E-13	1	2674	3096	67	79	0.338	9.712E-13	28	164	168	2674	3096	423	2518	3120
278003342	-1	79	5.953E-13	1	35150	35878	1160	79	0.229	1.864E-11	2	275	301	-35878	-35150	729	36196	35099
278159606	-1	67	2.438E-09	1	35138	35389	1160	67	0.404	1.818E-07	1	91	159	-35389	-35138	252	36196	35099
283356773	1	182	5.870E-44	3	20282	23977	461	94	0.794	5.948E-20	76	131	230	20282	20449	168	20276	20473
283356773	1	182	5.870E-44	3	20282	23977	532	56	0.786	2.700E-07	138	170	230	23557	23655	99	23542	23658
283356773	1	182	5.870E-44	3	20282	23977	538	58	0.771	1.631E-07	193	227	230	23873	23977	105	23801	23980
285705674	1	102	7.097E-20	1	2695	3120	67	102	0.404	2.044E-20	18	159	188	2695	3120	426	2518	3120
286326598	-1	108	1.109E-21	1	35162	36025	1160	108	0.255	9.116E-21	132	441	455	-36025	-35162	864	36196	35099
286993342	1	111	1.386E-22	1	2677	3117	67	111	0.415	2.143E-23	17	165	192	2677	3117	441	2518	3120
287480247	-1	181	1.174E-43	2	35153	36857	1141	86	0.298	1.006E-14	126	306	665	-36857	-36300	558	36887	36246
287480247	-1	181	1.174E-43	2	35153	36857	1160	96	0.231	8.873E-17	305	632	665	-36109	-35153	957	36196	35099
291064779	-1	230	2.085E-58	2	35153	36884	1141	131	0.389	2.978E-30	101	288	528	-36884	-36303	582	36887	36246
291064779	-1	230	2.085E-58	2	35153	36884	1160	104	0.299	2.401E-19	295	520	528	-35809	-35153	657	36196	35099
291066587	-1	139	5.163E-31	1	35153	36109	1160	139	0.288	7.673E-31	298	620	627	-36109	-35153	957	36196	35099
291103826	-1	130	2.644E-28	2	36300	37054	1130	41	0.494	1.246E-01	133	171	372	-37054	-36932	123	37075	36908
291103826	-1	130	2.644E-28	2	36300	37054	1141	106	0.395	1.391E-21	190	341	372	-36755	-36300	456	36887	36246
291106222	-1	81	1.488E-13	1	35153	35683	1160	81	0.296	5.860E-12	55	231	236	-35683	-35153	531	36196	35099
291180144	1	145	8.068E-33	3	20095	23980	457	53	0.684	8.006E-06	54	90	245	20095	20205	111	20095	20298
291180144	1	145	8.068E-33	3	20095	23980	461	88	0.752	5.065E-18	91	146	245	20279	20446	168	20276	20473
291180144	1	145	8.068E-33	3	20095	23980	538	64	0.823	1.370E-09	209	244	245	23873	23980	108	23801	23980
291241816	-1	191	1.147E-46	2	35138	36875	1141	97	0.324	1.753E-18	125	304	697	-36875	-36321	555	36887	36246
291241816	-1	191	1.147E-46	2	35138	36875	1160	145	0.291	5.870E-33	357	689	697	-36067	-35138	930	36196	35099
291298428	1	243	2.546E-62	4	20282	23977	461	98	0.827	1.813E-21	73	128	225	20282	20449	168	20276	20473
291298428	1	243	2.546E-62	4	20282	23977	532	54	0.760	1.332E-06	135	167	225	23557	23655	99	23542	23658
291298428	1	243	2.546E-62	4	20282	23977	536	36	0.682	5.146E+00	166	189	225	23736	23807	72	23706	23846
291298428	1	243	2.546E-62	4	20282	23977	538	59	0.786	6.269E-08	190	224	225	23873	23977	105	23801	23980
291321523	1	241	1.018E-61	4	20095	23980	457	57	0.693	4.546E-07	44	82	240	20095	20211	117	20095	20298
291321523	1	241	1.018E-61	4	20095	23980	461	100	0.856	3.709E-22	82	136	240	20282	20446	165	20276	20473
291321523	1	241	1.018E-61	4	20095	23980	532	59	0.851	2.103E-08	150	181	240	23560	23655	96	23542	23658
291321523	1	241	1.018E-61	4	20095	23980	538	57	0.743	3.087E-07	204	239	240	23873	23980	108	23801	23980
291332362	1	234	1.303E-59	4	20098	23977	457	46	0.579	4.730E-03	35	72	226	20098	20211	114	20095	20298
291332362	1	234	1.303E-59	4	20098	23977	461	94	0.797	4.330E-20	73	128	226	20282	20449	168	20276	20473
291332362	1	234	1.303E-59	4	20098	23977	532	60	0.838	1.112E-08	135	167	226	23557	23655	99	23542	23658
291332362	1	234	1.303E-59	4	20098	23977	538	58	0.771	1.631E-07	190	224	226	23873	23977	105	23801	23980
291336507	-1	83	3.721E-14	1	35159	35701	1160	83	0.291	1.029E-12	9	196	205	-35701	-35159	543	36196	35099
291375542	-1	73	3.810E-11	1	35153	35401	1160	73	0.463	2.492E-09	43	124	143	-35401	-35153	249	36196	35099
291389007	-1	93	3.633E-17	1	35159	35701	1160	93	0.293	1.250E-15	10	216	226	-35701	-35159	543	36196	35099
291571639	1	223	2.669E-56	4	20095	23977	457	53	0.679	1.101E-05	46	82	240	20095	20205	111	20095	20298
291571639	1	223	2.669E-56	4	20095	23977	461	89	0.761	1.954E-18	83	138	240	20279	20446	168	20276	20473
291571639	1	223	2.669E-56	4	20095	23977	532	53	0.835	3.472E-06	153	181	240	23569	23655	87	23542	23658
291571639	1	223	2.669E-56	4	20095	23977	538	58	0.735	1.631E-07	202	238	240	23867	23977	111	23801	23980
291610786	1	97	2.271E-18	1	19248	19544	444	97	0.495	2.822E-20	4	106	111	19248	19544	297	19230	19562
291684069	1	108	1.109E-21	1	2692	3114	67	108	0.422	1.394E-22	6	147	266	2692	3114	423	2518	3120
291798260	1	171	1.202E-40	3	19694	23655	452	72	0.360	1.364E-10	0	78	217	19694	20041	348	19541	20047
291798260	1	171	1.202E-40	3	19694	23655	461	89	0.767	3.687E-18	120	174	217	20282	20446	165	20276	20473
291798260	1	171	1.202E-40	3	19694	23655	532	56	0.786	2.700E-07	182	214	217	23557	23655	99	23542	23658
291850228	1	95	9.084E-18	1	2731	3117	67	95	0.403	5.526E-18	1	132	145	2731	3117	387	2518	3120
291904376	-1	170	2.404E-40	2	35528	36884	1141	105	0.332	3.534E-21	127	315	613	-36884	-36303	582	36887	36246
291904376	-1	170	2.404E-40	2	35528	36884	1160	81	0.266	4.386E-12	333	545	613	-36124	-35528	597	36196	35099
291904585	-1	68	1.219E-09	1	35159	35401	1160	68	0.447	7.726E-08	5	85	95	-35401	-35159	243	36196	35099
291908317	-1	128	1.057E-27	1	35147	36157	1160	128	0.268	2.757E-27	166	477	511	-36157	-35147	1011	36196	35099
292094855	1	150	2.521E-34	2	19329	24924	444	83	0.578	2.481E-15	41	112	200	19329	19544	216	19230	19562
292094855	1	150	2.521E-34	2	19329	24924	565	70	0.433	3.402E-09	109	195	200	24673	24924	252	24667	25374
292477672	-1	89	5.813E-16	1	35153	36124	1160	89	0.213	1.301E-14	214	572	618	-36124	-35153	972	36196	35099
297580535	1	126	4.230E-27	1	2686	3120	67	126	0.464	1.483E-28	1	146	167	2686	3120	435	2518	3120
297784725	1	240	2.037E-61	4	20098	23980	457	48	0.573	5.062E-04	36	76	228	20098	20220	123	20095	20298
297784725	1	240	2.037E-61	4	20098	23980	461	97	0.806	4.696E-21	74	130	228	20279	20449	171	20276	20473
297784725	1	240	2.037E-61	4	20098	23980	532	56	0.786	2.700E-07	137	169	228	23557	23655	99	23542	23658
297784725	1	240	2.037E-61	4	20098	23980	538	66	0.847	2.786E-10	192	227	228	23873	23980	108	23801	23980
301128761	-1	74	1.905E-11	1	35156	35671	1160	74	0.273	1.053E-09	10	193	223	-35671	-35156	516	36196	35099
301576561	1	305	5.520E-81	5	20095	23977	457	49	0.602	3.679E-04	44	82	241	20095	20211	117	20095	20298
301576561	1	305	5.520E-81	5	20095	23977	461	97	0.834	3.419E-21	82	136	241	20282	20446	165	20276	20473
301576561	1	305	5.520E-81	5	20095	23977	532	64	0.890	4.589E-10	144	176	241	23557	23655	99	23542	23658
301576561	1	305	5.520E-81	5	20095	23977	536	44	0.769	8.365E-03	173	198	241	23730	23807	78	23706	23846
301576561	1	305	5.520E-81	5	20095	23977	538	57	0.766	2.244E-07	199	233	241	23873	23977	105	23801	23980
301916508	1	130	2.644E-28	1	29501	29800	648	130	0.637	2.510E-31	34	135	148	29501	29800	300	29438	29845
301916508	-1	115	8.663E-24	1	29080	29331	1280	115	0.670	3.340E-26	34	117	148	-29331	-29080	252	29403	29053
305377762	1	143	3.227E-32	3	20095	23977	457	45	0.575	6.509E-03	13	50	213	20095	20208	114	20095	20298
305377762	1	143	3.227E-32	3	20095	23977	461	91	0.776	3.995E-19	52	107	213	20282	20449	168	20276	20473
305377762	1	143	3.227E-32	3	20095	23977	538	63	0.830	3.561E-09	166	200	213	23873	23977	105	23801	23980
305608283	-1	150	2.521E-34	1	35150	36058	1160	150	0.315	1.505E-34	73	304	308	-36058	-35150	909	36196	35099
305626437	1	251	9.944E-65	4	20282	23980	461	96	0.809	1.217E-20	73	128	226	20282	20449	168	20276	20473
305626437	1	251	9.944E-65	4	20282	23980	532	55	0.781	3.715E-07	135	167	226	23557	23655	99	23542	23658
305626437	1	251	9.944E-65	4	20282	23980	536	36	0.682	5.146E+00	166	189	226	23736	23807	72	23706	23846
305626437	1	251	9.944E-65	4	20282	23980	538	68	0.875	4.126E-11	190	225	226	23873	23980	108	23801	23980
305658652	1	244	1.273E-62	4	20098	23977	457	48	0.610	5.062E-04	36	73	227	20098	20211	114	20095	20298
305658652	1	244	1.273E-62	4	20098	23977	461	96	0.809	1.217E-20	74	129	227	20282	20449	168	20276	20473
305658652	1	244	1.273E-62	4	20098	23977	532	64	0.890	4.589E-10	136	168	227	23557	23655	99	23542	23658
305658652	1	244	1.273E-62	4	20098	23977	538	60	0.800	2.409E-08	191	225	227	23873	23977	105	23801	23980
305668679	-1	82	7.441E-14	1	35156	36010	1160	82	0.209	3.283E-12	102	443	492	-36010	-35156	855	36196	35099
305871205	1	246	3.182E-63	4	20098	23980	457	47	0.597	1.319E-03	36	73	227	20098	20211	114	20095	20298
305871205	1	246	3.182E-63	4	20098	23980	461	98	0.824	2.489E-21	74	129	227	20282	20449	168	20276	20473
305871205	1	246	3.182E-63	4	20098	23980	532	61	0.848	5.875E-09	136	168	227	23557	23655	99	23542	23658
305871205	1	246	3.182E-63	4	20098	23980	538	64	0.828	9.960E-10	191	226	227	23873	23980	108	23801	23980
305884163	-1	79	5.953E-13	1	35159	35800	1160	79	0.261	2.489E-11	0	171	180	-35800	-35159	642	36196	35099
305951121	1	189	4.586E-46	3	20098	23655	457	44	0.569	2.336E-02	37	73	233	20098	20208	111	20095	20298
305951121	1	189	4.586E-46	3	20098	23655	461	92	0.794	2.117E-19	75	129	233	20282	20446	165	20276	20473
305951121	1	189	4.586E-46	3	20098	23655	532	58	0.817	3.981E-08	137	169	233	23557	23655	99	23542	23658
306048265	1	252	4.972E-65	4	20098	23980	457	51	0.646	3.943E-05	36	73	227	20098	20211	114	20095	20298
306048265	1	252	4.972E-65	4	20098	23980	461	100	0.842	3.709E-22	74	129	227	20282	20449	168	20276	20473
306048265	1	252	4.972E-65	4	20098	23980	532	61	0.848	5.875E-09	136	168	227	23557	23655	99	23542	23658
306048265	1	252	4.972E-65	4	20098	23980	538	64	0.833	7.243E-10	191	226	227	23873	23980	108	23801	23980
306144789	1	180	2.348E-43	3	20282	23977	461	91	0.776	3.995E-19	69	124	228	20282	20449	168	20276	20473
306144789	1	180	2.348E-43	3	20282	23977	532	58	0.817	3.981E-08	131	163	228	23557	23655	99	23542	23658
306144789	1	180	2.348E-43	3	20282	23977	538	57	0.766	2.244E-07	186	220	228	23873	23977	105	23801	23980
306153569	1	182	5.870E-44	3	19667	23655	452	83	0.379	2.227E-14	0	87	282	19667	20041	375	19541	20047
306153569	1	182	5.870E-44	3	19667	23655	461	88	0.752	5.065E-18	127	182	282	20279	20446	168	20276	20473
306153569	1	182	5.870E-44	3	19667	23655	532	55	0.781	3.715E-07	190	222	282	23557	23655	99	23542	23658
306194957	1	83	3.721E-14	1	24685	24927	565	83	0.526	1.525E-13	22	101	120	24685	24927	243	24667	25374
306272314	-1	115	8.663E-24	2	36630	37054	1130	37	0.679	3.083E+00	79	103	203	-37054	-36980	75	37075	36908
306272314	-1	115	8.663E-24	2	36630	37054	1141	89	0.537	6.260E-16	116	200	203	-36884	-36630	255	36887	36246
306279768	1	74	1.905E-11	1	24733	25101	565	74	0.349	1.660E-10	71	195	221	24733	25101	369	24667	25374
306428346	1	224	1.335E-56	4	19667	23977	452	86	0.390	1.831E-15	0	87	282	19667	20041	375	19541	20047
306428346	1	224	1.335E-56	4	19667	23977	461	90	0.767	1.036E-18	127	182	282	20279	20446	168	20276	20473
306428346	1	224	1.335E-56	4	19667	23977	532	55	0.781	3.715E-07	190	222	282	23557	23655	99	23542	23658
306428346	1	224	1.335E-56	4	19667	23977	538	57	0.761	3.087E-07	245	279	282	23873	23977	105	23801	23980
306449574	-1	186	3.669E-45	2	35150	36887	1141	107	0.325	7.467E-22	78	280	618	-36887	-36276	612	36887	36246
306449574	-1	186	3.669E-45	2	35150	36887	1160	119	0.280	3.815E-24	322	596	618	-36013	-35150	864	36196	35099
306511422	-1	75	9.525E-12	1	35153	36148	1160	75	0.203	4.446E-10	62	352	355	-36148	-35153	996	36196	35099
306997147	-1	102	7.097E-20	1	35150	36184	1160	102	0.222	7.861E-19	32	411	444	-36184	-35150	1035	36196	35099
307097210	-1	87	2.325E-15	1	36300	36833	1141	87	0.309	3.988E-15	2	179	295	-36833	-36300	534	36887	36246
307407164	-1	102	7.097E-20	1	35150	36115	1160	102	0.237	1.421E-18	284	614	627	-36115	-35150	966	36196	35099
307998994	1	302	4.416E-80	3	24952	25784	565	140	0.609	4.930E-33	60	175	305	24952	25284	333	24667	25374
307998994	1	302	4.416E-80	3	24952	25784	567	76	0.716	4.228E-14	181	231	305	25358	25507	150	25355	25522
307998994	1	302	4.416E-80	3	24952	25784	572	91	0.617	8.963E-19	230	300	305	25566	25784	219	25557	25784
308322537	1	259	3.885E-67	3	24937	25784	565	115	0.508	1.623E-24	192	310	460	24937	25293	357	24667	25374
308322537	1	259	3.885E-67	3	24937	25784	567	64	0.557	1.120E-09	314	370	460	25355	25507	153	25355	25522
308322537	1	259	3.885E-67	3	24937	25784	572	82	0.484	9.661E-16	370	458	460	25569	25784	216	25557	25784
310852042	1	101	1.419E-19	1	2686	3093	67	101	0.411	5.202E-20	29	165	170	2686	3093	408	2518	3120
311794261	1	116	4.331E-24	1	2692	3120	67	116	0.441	2.702E-25	8	151	164	2692	3120	429	2518	3120
311992681	1	117	2.166E-24	1	2662	3117	67	117	0.426	1.446E-25	8	159	167	2662	3117	456	2518	3120
313086294	1	113	3.465E-23	1	2695	3120	67	113	0.437	3.291E-24	23	164	193	2695	3120	426	2518	3120
314526347	-1	64	1.951E-08	1	35156	35374	1160	64	0.461	1.335E-06	1	73	111	-35374	-35156	219	36196	35099
314762870	1	139	5.163E-31	2	19269	19870	444	79	0.447	5.856E-14	10	104	195	19269	19535	267	19230	19562
314762870	1	139	5.163E-31	2	19269	19870	452	78	0.569	9.395E-13	124	192	195	19664	19870	207	19541	20047
314988269	1	518	4.193E-145	3	24673	25784	565	293	0.669	8.065E-86	9	227	350	24673	25293	621	24667	25374
314988269	1	518	4.193E-145	3	24673	25784	567	99	0.905	5.787E-22	228	278	350	25355	25507	153	25355	25522
314988269	1	518	4.193E-145	3	24673	25784	572	128	0.816	7.471E-32	275	349	350	25560	25784	225	25557	25784
316916044	1	96	4.542E-18	1	2659	3093	67	96	0.377	2.968E-18	19	164	177	2659	3093	435	2518	3120
318772142	-1	92	7.267E-17	1	35156	35989	1160	92	0.246	2.247E-15	79	328	330	-35989	-35156	834	36196	35099
318844266	-1	74	1.905E-11	1	35159	35992	1160	74	0.211	7.902E-10	1	301	347	-35992	-35159	834	36196	35099
320118937	1	185	7.338E-45	3	20282	23980	461	93	0.788	1.122E-19	73	128	226	20282	20449	168	20276	20473
320118937	1	185	7.338E-45	3	20282	23980	532	55	0.776	5.112E-07	135	167	226	23557	23655	99	23542	23658
320118937	1	185	7.338E-45	3	20282	23980	538	63	0.819	1.883E-09	190	225	226	23873	23980	108	23801	23980
320137682	1	91	1.453E-16	1	2698	3096	67	91	0.388	1.233E-16	6	138	142	2698	3096	399	2518	3120
320148477	-1	128	1.057E-27	1	36279	36884	1141	128	0.371	4.963E-29	101	292	297	-36884	-36279	606	36887	36246
320150192	-1	139	5.163E-31	1	35162	35953	1160	139	0.328	7.673E-31	0	263	264	-35953	-35162	792	36196	35099
320189674	-1	130	2.644E-28	2	36300	37054	1130	41	0.494	1.246E-01	133	171	377	-37054	-36932	123	37075	36908
320189674	-1	130	2.644E-28	2	36300	37054	1141	106	0.395	1.391E-21	190	341	377	-36755	-36300	456	36887	36246
320457983	-1	66	4.877E-09	1	35156	35401	1160	66	0.433	3.215E-07	53	134	144	-35401	-35156	246	36196	35099
320489279	1	188	9.172E-46	3	20282	23980	461	96	0.815	6.450E-21	73	128	226	20282	20449	168	20276	20473
320489279	1	188	9.172E-46	3	20282	23980	532	57	0.797	1.426E-07	135	167	226	23557	23655	99	23542	23658
320489279	1	188	9.172E-46	3	20282	23980	538	61	0.790	1.274E-08	190	225	226	23873	23980	108	23801	23980
320525009	-1	65	9.753E-09	1	35156	35377	1160	65	0.463	5.683E-07	18	91	140	-35377	-35156	222	36196	35099
320727767	1	66	4.877E-09	1	24778	25077	565	66	0.376	5.096E-08	32	125	173	24778	25077	300	24667	25374
320735390	1	175	7.514E-42	2	19640	24624	452	93	0.600	1.229E-17	27	103	196	19640	19870	231	19541	20047
320735390	1	175	7.514E-42	2	19640	24624	553	87	0.567	1.381E-16	110	186	196	24394	24624	231	24334	24663
320789207	-1	212	5.467E-53	2	35153	36746	1141	109	0.393	1.155E-22	7	157	526	-36746	-36273	474	36887	36246
320789207	-1	212	5.467E-53	2	35153	36746	1160	109	0.236	5.023E-21	165	525	526	-36145	-35153	993	36196	35099
320864925	1	97	2.271E-18	1	24778	25146	565	97	0.402	2.445E-18	9	144	174	24778	25146	369	24667	25374
320971490	1	109	5.544E-22	1	24697	25101	565	109	0.417	3.153E-22	0	144	265	24697	25101	405	24667	25374
320991653	-1	315	5.391E-84	3	35483	37054	1130	33	0.404	7.681E+01	65	106	566	-37054	-36929	126	37075	36908
320991653	-1	315	5.391E-84	3	35483	37054	1141	153	0.416	9.843E-38	118	324	566	-36884	-36282	603	36887	36246
320991653	-1	315	5.391E-84	3	35483	37054	1160	145	0.383	5.870E-33	332	550	566	-36142	-35483	660	36196	35099
321390466	1	99	5.677E-19	1	2698	3096	67	99	0.415	1.807E-19	50	181	185	2698	3096	399	2518	3120
321393701	-1	89	5.813E-16	1	35159	36013	1160	89	0.225	1.301E-14	14	333	380	-36013	-35159	855	36196	35099
321487511	-1	93	3.633E-17	1	36321	36884	1141	93	0.313	2.846E-17	87	274	312	-36884	-36321	564	36887	36246
321589840	1	74	1.905E-11	1	25611	25769	572	74	0.677	5.540E-13	37	89	103	25611	25769	159	25557	25784
321691083	1	80	2.977E-13	1	2674	3093	67	80	0.341	7.134E-13	17	156	161	2674	3093	420	2518	3120
321723720	-1	113	3.465E-23	1	35120	36115	1160	113	0.240	1.880E-22	284	646	664	-36115	-35120	996	36196	35099
322017889	1	289	3.618E-76	3	24952	25784	565	134	0.587	5.310E-31	25	140	270	24952	25284	333	24667	25374
322017889	1	289	3.618E-76	3	24952	25784	567	79	0.740	4.566E-15	146	196	270	25358	25507	150	25355	25522
322017889	1	289	3.618E-76	3	24952	25784	572	81	0.558	3.440E-15	195	265	270	25566	25784	219	25557	25784
324968026	1	232	5.214E-59	3	24964	25784	565	94	0.436	2.108E-17	84	201	345	24964	25290	327	24667	25374
324968026	1	232	5.214E-59	3	24964	25784	567	48	0.401	2.844E-04	206	270	345	25355	25507	153	25355	25522
324968026	1	232	5.214E-59	3	24964	25784	572	93	0.636	1.834E-19	270	341	345	25569	25784	216	25557	25784
326008209	1	224	1.335E-56	3	24916	25784	565	94	0.401	3.900E-17	176	306	465	24916	25284	369	24667	25374
326008209	1	224	1.335E-56	3	24916	25784	567	60	0.490	1.972E-08	314	376	465	25358	25510	153	25355	25522
326008209	1	224	1.335E-56	3	24916	25784	572	77	0.458	8.237E-14	375	463	465	25569	25784	216	25557	25784
326405843	1	129	5.287E-28	1	2677	3120	67	129	0.466	1.211E-29	0	148	167	2677	3120	444	2518	3120
329782281	1	79	5.953E-13	1	19269	19535	444	79	0.447	5.856E-14	10	104	140	19269	19535	267	19230	19562
332310154	1	124	1.692E-26	1	2686	3117	67	124	0.459	7.095E-28	7	152	157	2686	3117	432	2518	3120
332394898	1	245	6.364E-63	3	24961	25784	565	103	0.492	3.259E-20	1	110	268	24961	25284	324	24667	25374
332394898	1	245	6.364E-63	3	24961	25784	567	60	0.494	2.713E-08	117	178	268	25355	25507	153	25355	25522
332394898	1	245	6.364E-63	3	24961	25784	572	87	0.505	2.941E-17	178	266	268	25569	25784	216	25557	25784
332549517	1	87	2.325E-15	1	2647	3096	67	87	0.345	3.728E-15	25	169	173	2647	3096	450	2518	3120
334049347	1	1038	1.222E-301	5	12746	15842	308	33	0.805	1.588E+01	0	17	600	12746	12799	54	12734	12799
334049347	1	1038	1.222E-301	5	12746	15842	317	52	0.978	3.540E-06	29	52	600	13023	13094	72	13020	13103
334049347	1	1038	1.222E-301	5	12746	15842	327	340	0.866	8.470E-103	51	238	600	13234	13788	555	13234	13836
334049347	1	1038	1.222E-301	5	12746	15842	329	39	0.721	4.277E-01	239	262	600	13869	13943	75	13866	14030
334049347	1	1038	1.222E-301	5	12746	15842	360	583	0.830	2.317E-183	261	599	600	14823	15842	1020	14676	15842
334434260	1	144	1.614E-32	2	19254	19870	444	82	0.450	4.669E-15	7	104	195	19254	19535	282	19230	19562
334434260	1	144	1.614E-32	2	19254	19870	452	80	0.579	2.701E-13	124	192	195	19664	19870	207	19541	20047
334690171	-1	200	2.239E-49	1	35165	36097	1160	200	0.377	1.533E-51	295	606	607	-36097	-35165	933	36196	35099
334690271	-1	83	3.721E-14	1	35162	35434	1160	83	0.476	1.375E-12	17	108	114	-35434	-35162	273	36196	35099
334694323	1	250	1.989E-64	4	20095	23980	457	55	0.667	3.077E-06	34	72	226	20095	20211	117	20095	20298
334694323	1	250	1.989E-64	4	20095	23980	461	102	0.854	1.043E-22	73	128	226	20282	20449	168	20276	20473
334694323	1	250	1.989E-64	4	20095	23980	532	58	0.817	3.981E-08	135	167	226	23557	23655	99	23542	23658
334694323	1	250	1.989E-64	4	20095	23980	538	59	0.767	6.269E-08	190	225	226	23873	23980	108	23801	23980
334727053	-1	198	8.957E-49	1	35153	36196	1160	198	0.343	7.220E-51	265	619	624	-36196	-35153	1044	36196	35099
334730326	-1	115	8.663E-24	1	36453	36884	1141	115	0.439	7.910E-25	125	267	272	-36884	-36453	432	36887	36246
334730597	-1	114	1.733E-23	1	35189	36196	1160	114	0.250	1.394E-22	149	435	470	-36196	-35189	1008	36196	35099
334812940	1	154	1.576E-35	2	20098	20449	457	53	0.660	1.515E-05	3	40	113	20098	20211	114	20095	20298
334812940	1	154	1.576E-35	2	20098	20449	461	100	0.842	3.709E-22	41	96	113	20282	20449	168	20276	20473
334839321	1	194	1.433E-47	3	20282	23980	461	95	0.803	2.295E-20	74	129	227	20282	20449	168	20276	20473
334839321	1	194	1.433E-47	3	20282	23980	532	64	0.900	2.426E-10	136	168	227	23557	23655	99	23542	23658
334839321	1	194	1.433E-47	3	20282	23980	538	61	0.785	1.752E-08	191	226	227	23873	23980	108	23801	23980
334879219	1	157	1.970E-36	2	20095	20446	457	53	0.669	8.006E-06	2	39	113	20095	20208	114	20095	20298
334879219	1	157	1.970E-36	2	20095	20446	461	103	0.877	4.026E-23	41	95	113	20282	20446	165	20276	20473
334959810	-1	145	8.068E-33	1	36297	36884	1141	145	0.417	3.799E-35	27	222	274	-36884	-36297	588	36887	36246
334964412	-1	96	4.542E-18	1	35156	35452	1160	96	0.503	6.610E-17	50	149	157	-35452	-35156	297	36196	35099
334964413	-1	85	9.302E-15	1	35153	35461	1160	85	0.445	3.217E-13	17	119	124	-35461	-35153	309	36196	35099
335249024	1	136	4.131E-30	1	29480	29800	648	136	0.624	3.022E-33	25	133	146	29480	29800	321	29438	29845
335249024	-1	120	2.707E-25	1	29080	29352	1280	120	0.653	3.997E-28	25	115	146	-29352	-29080	273	29403	29053
335277739	1	173	3.006E-41	2	19281	19873	444	81	0.468	8.787E-15	30	120	203	19281	19556	276	19230	19562
335277739	1	173	3.006E-41	2	19281	19873	452	91	0.571	5.877E-17	121	200	203	19634	19873	240	19541	20047
335356532	-1	123	3.384E-26	1	35147	36103	1160	123	0.269	1.884E-25	26	301	326	-36103	-35147	957	36196	35099
335389778	1	83	3.721E-14	1	24706	24906	565	83	0.615	1.124E-13	1	67	71	24706	24906	201	24667	25374
335402870	1	299	3.533E-79	5	20095	23977	457	47	0.610	1.319E-03	32	68	224	20095	20205	111	20095	20298
335402870	1	299	3.533E-79	5	20095	23977	461	100	0.859	2.701E-22	70	124	224	20282	20446	165	20276	20473
335402870	1	299	3.533E-79	5	20095	23977	532	65	0.905	1.765E-10	132	164	224	23557	23655	99	23542	23658
335402870	1	299	3.533E-79	5	20095	23977	536	33	0.656	4.908E+01	166	188	224	23745	23813	69	23706	23846
335402870	1	299	3.533E-79	5	20095	23977	538	57	0.757	4.246E-07	187	221	224	23873	23977	105	23801	23980
335419798	1	145	8.068E-33	2	19658	20446	452	92	0.402	2.299E-17	3	95	209	19658	20041	384	19541	20047
335419798	1	145	8.068E-33	2	19658	20446	461	91	0.776	3.995E-19	135	190	209	20279	20446	168	20276	20473
335429343	1	94	1.817E-17	1	19631	19870	452	94	0.589	3.515E-18	14	93	139	19631	19870	240	19541	20047
335511359	1	111	1.386E-22	1	24679	25101	565	111	0.411	6.702E-23	20	170	174	24679	25101	423	24667	25374
335532761	1	355	4.903E-96	3	24928	25784	565	155	0.620	3.431E-38	9	134	259	24928	25290	363	24667	25374
335532761	1	355	4.903E-96	3	24928	25784	567	87	0.823	5.772E-18	137	186	259	25358	25507	150	25355	25522
335532761	1	355	4.903E-96	3	24928	25784	572	115	0.758	3.563E-27	185	257	259	25566	25784	219	25557	25784
335554420	-1	231	1.043E-58	2	35804	36884	1141	143	0.395	3.404E-34	97	303	426	-36884	-36282	603	36887	36246
335554420	-1	231	1.043E-58	2	35804	36884	1160	89	0.408	2.334E-14	302	422	426	-36145	-35804	342	36196	35099
335583204	-1	84	1.860E-14	1	35147	35638	1160	84	0.301	7.694E-13	96	274	300	-35638	-35147	492	36196	35099
335637488	-1	111	1.386E-22	1	35153	36049	1160	111	0.264	8.381E-22	250	544	556	-36049	-35153	897	36196	35099
335725726	-1	76	4.762E-12	1	35729	36097	1160	76	0.359	2.501E-10	0	122	123	-36097	-35729	369	36196	35099
335948542	1	76	4.762E-12	1	2710	3096	67	76	0.348	1.554E-11	32	160	175	2710	3096	387	2518	3120
336060680	-1	67	2.438E-09	1	35123	35443	1160	67	0.353	1.367E-07	2	112	137	-35443	-35123	321	36196	35099
339529403	1	250	1.989E-64	3	24937	25784	565	115	0.508	3.019E-24	196	313	471	24937	25284	348	24667	25374
339529403	1	250	1.989E-64	3	24937	25784	567	56	0.469	4.786E-07	320	381	471	25355	25507	153	25355	25522
339529403	1	250	1.989E-64	3	24937	25784	572	84	0.494	1.975E-16	381	469	471	25569	25784	216	25557	25784
340882547	1	128	1.057E-27	1	2689	3120	67	128	0.474	2.266E-29	8	152	154	2689	3120	432	2518	3120
343295414	-1	76	4.762E-12	1	35555	36196	1160	76	0.252	2.501E-10	103	320	384	-36196	-35555	642	36196	35099
343637113	-1	88	1.163E-15	1	35156	35953	1160	88	0.236	3.125E-14	0	286	296	-35953	-35156	798	36196	35099
344605040	1	91	1.453E-16	1	2710	3099	67	91	0.377	1.681E-16	42	179	182	2710	3099	390	2518	3120
345985433	1	238	8.146E-61	4	20098	23980	457	46	0.552	2.497E-03	36	76	228	20098	20220	123	20095	20298
345985433	1	238	8.146E-61	4	20098	23980	461	97	0.806	4.696E-21	74	130	228	20279	20449	171	20276	20473
345985433	1	238	8.146E-61	4	20098	23980	532	56	0.786	2.700E-07	137	169	228	23557	23655	99	23542	23658
345985433	1	238	8.146E-61	4	20098	23980	538	66	0.847	2.786E-10	192	227	228	23873	23980	108	23801	23980
345995481	-1	209	4.374E-52	1	35156	35794	1160	209	0.518	1.222E-54	0	211	213	-35794	-35156	639	36196	35099
348401258	1	859	9.361E-248	7	19248	23980	444	191	0.882	5.855E-53	0	102	428	19248	19556	309	19230	19562
348401258	1	859	9.361E-248	7	19248	23980	452	255	0.880	7.478E-74	98	235	428	19628	20041	414	19541	20047
348401258	1	859	9.361E-248	7	19248	23980	457	81	0.959	1.700E-15	236	274	428	20095	20211	117	20095	20298
348401258	1	859	9.361E-248	7	19248	23980	461	127	1.000	1.171E-31	274	329	428	20279	20446	168	20276	20473
348401258	1	859	9.361E-248	7	19248	23980	532	74	1.000	1.167E-13	337	369	428	23557	23655	99	23542	23658
348401258	1	859	9.361E-248	7	19248	23980	536	52	0.985	7.340E-06	368	391	428	23736	23807	72	23706	23846
348401258	1	859	9.361E-248	7	19248	23980	538	84	1.000	1.234E-16	392	427	428	23873	23980	108	23801	23980
349231884	-1	112	6.930E-23	1	36285	36695	1141	112	0.444	9.568E-24	108	245	268	-36695	-36285	411	36887	36246
349231901	-1	129	5.287E-28	1	35153	36109	1160	129	0.276	1.113E-27	160	483	491	-36109	-35153	957	36196	35099
349231987	-1	180	2.348E-43	2	35849	36857	1141	112	0.368	9.568E-24	109	285	359	-36857	-36321	537	36887	36246
349231987	-1	180	2.348E-43	2	35849	36857	1160	74	0.480	1.404E-09	279	358	359	-36088	-35849	240	36196	35099
349232340	-1	121	1.354E-25	1	36288	36857	1141	121	0.372	1.004E-26	109	296	341	-36857	-36288	570	36887	36246
349269405	-1	104	1.774E-20	1	36429	36884	1141	104	0.390	6.579E-21	47	195	240	-36884	-36429	456	36887	36246
349271967	-1	146	4.034E-33	1	36324	36884	1141	146	0.433	2.030E-35	147	332	333	-36884	-36324	561	36887	36246
349272938	-1	94	1.817E-17	1	35657	36097	1160	94	0.365	2.879E-16	27	177	193	-36097	-35657	441	36196	35099
349274250	-1	99	5.677E-19	1	35525	36109	1160	99	0.294	1.126E-17	53	273	309	-36109	-35525	585	36196	35099
349274615	-1	185	7.338E-45	2	35732	36869	1141	102	0.336	4.241E-20	130	310	452	-36869	-36318	552	36887	36246
349274615	-1	185	7.338E-45	2	35732	36869	1160	83	0.366	1.838E-12	310	440	452	-36124	-35732	393	36196	35099
349300827	-1	74	1.905E-11	1	35126	35440	1160	74	0.387	1.404E-09	41	147	150	-35440	-35126	315	36196	35099
349389368	1	137	2.065E-30	2	20095	20449	457	44	0.574	1.697E-02	2	38	112	20095	20205	111	20095	20298
349389368	1	137	2.065E-30	2	20095	20449	461	92	0.779	2.908E-19	40	95	112	20282	20449	168	20276	20473
349504002	-1	145	8.068E-33	1	35150	35821	1160	145	0.377	7.964E-33	11	233	237	-35821	-35150	672	36196	35099
349557821	1	149	5.042E-34	3	20282	23980	461	94	0.794	5.948E-20	49	104	201	20282	20449	168	20276	20473
349557821	1	149	5.042E-34	3	20282	23980	536	36	0.802	5.146E+00	145	164	201	23748	23807	60	23706	23846
349557821	1	149	5.042E-34	3	20282	23980	538	57	0.738	4.246E-07	165	200	201	23873	23980	108	23801	23980
349696310	-1	128	1.057E-27	1	35141	36136	1160	128	0.268	2.038E-27	11	347	350	-36136	-35141	996	36196	35099
349708029	1	199	4.479E-49	3	20098	23655	457	47	0.592	1.815E-03	36	73	232	20098	20211	114	20095	20298
349708029	1	199	4.479E-49	3	20098	23655	461	97	0.821	3.419E-21	74	129	232	20282	20449	168	20276	20473
349708029	1	199	4.479E-49	3	20098	23655	532	59	0.823	2.894E-08	136	168	232	23557	23655	99	23542	23658
349748152	1	136	4.131E-30	2	20095	20449	457	45	0.562	6.509E-03	2	40	112	20095	20211	117	20095	20298
349748152	1	136	4.131E-30	2	20095	20449	461	91	0.770	7.538E-19	40	95	112	20282	20449	168	20276	20473
349818720	1	96	4.542E-18	1	24394	24627	553	96	0.615	5.084E-20	18	95	100	24394	24627	234	24334	24663
349823474	1	198	8.957E-49	2	19263	25077	444	101	0.543	1.638E-21	6	100	389	19263	19547	285	19230	19562
349823474	1	198	8.957E-49	2	19263	25077	565	99	0.432	5.238E-19	104	229	389	24700	25077	378	24667	25374
349896335	-1	331	8.226E-89	3	36276	37225	1125	44	0.569	4.054E-01	32	66	338	-37225	-37115	111	37579	37115
349896335	-1	331	8.226E-89	3	36276	37225	1130	37	0.686	2.236E+00	67	91	338	-37054	-36980	75	37075	36908
349896335	-1	331	8.226E-89	3	36276	37225	1141	261	0.646	5.042E-75	105	307	338	-36884	-36276	609	36887	36246
349929808	1	99	5.677E-19	1	24700	24930	565	99	0.634	7.129E-19	27	103	127	24700	24930	231	24667	25374
349930739	1	202	5.598E-50	3	19640	23655	452	102	0.422	4.876E-21	107	206	401	19640	20041	402	19541	20047
349930739	1	202	5.598E-50	3	19640	23655	461	91	0.776	3.995E-19	246	301	401	20279	20446	168	20276	20473
349930739	1	202	5.598E-50	3	19640	23655	532	53	0.745	3.472E-06	309	341	401	23557	23655	99	23542	23658
350074648	-1	242	5.092E-62	2	35150	36884	1141	95	0.299	6.054E-18	110	283	586	-36884	-36267	618	36887	36246
350074648	-1	242	5.092E-62	2	35150	36884	1160	150	0.308	1.108E-34	288	582	586	-36097	-35150	948	36196	35099
350228027	-1	121	1.354E-25	1	36246	36860	1141	121	0.352	1.372E-26	2	199	210	-36860	-36246	615	36887	36246
350603180	-1	73	3.810E-11	1	35150	35674	1160	73	0.264	1.870E-09	9	200	237	-35674	-35150	525	36196	35099
351019371	-1	97	2.271E-18	1	35156	35863	1160	97	0.272	3.666E-17	30	276	291	-35863	-35156	708	36196	35099
355415189	1	124	1.692E-26	1	2530	3117	67	124	0.353	7.095E-28	176	385	390	2530	3117	588	2518	3120
355627706	1	121	1.354E-25	1	2659	3117	67	121	0.435	6.341E-27	30	182	188	2659	3117	459	2518	3120
355667678	-1	84	1.860E-14	1	36297	36845	1141	84	0.296	4.691E-14	1	174	287	-36845	-36297	549	36887	36246
356144192	1	160	2.462E-37	2	24913	25510	565	121	0.582	2.865E-26	7	111	215	24913	25212	300	24667	25374
356144192	1	160	2.462E-37	2	24913	25510	567	63	0.588	1.541E-09	137	189	215	25358	25510	153	25355	25522
356403565	1	115	8.663E-24	1	2677	3117	67	115	0.427	6.901E-25	17	165	191	2677	3117	441	2518	3120
359376108	1	629	1.615E-178	3	42683	43896	954	385	0.816	3.758E-117	0	227	554	42683	43366	684	42626	43396
359376108	1	629	1.615E-178	3	42683	43896	960	163	0.784	3.977E-42	214	313	554	43392	43691	300	43371	43847
359376108	1	629	1.615E-178	3	42683	43896	961	98	0.918	4.216E-21	309	358	554	43747	43896	150	43684	43953
359482650	-1	85	9.302E-15	1	35126	36109	1160	85	0.201	3.217E-13	112	499	521	-36109	-35126	984	36196	35099
360412742	1	113	3.465E-23	1	2671	3117	67	113	0.419	3.291E-24	13	162	219	2671	3117	447	2518	3120
361585841	-1	74	1.905E-11	1	35147	36124	1160	74	0.203	1.053E-09	106	408	442	-36124	-35147	978	36196	35099
362382482	1	243	2.546E-62	4	20098	23977	457	48	0.601	9.584E-04	37	74	227	20098	20211	114	20095	20298
362382482	1	243	2.546E-62	4	20098	23977	461	99	0.847	9.609E-22	74	128	227	20282	20446	165	20276	20473
362382482	1	243	2.546E-62	4	20098	23977	532	64	0.895	3.337E-10	136	168	227	23557	23655	99	23542	23658
362382482	1	243	2.546E-62	4	20098	23977	538	58	0.771	1.631E-07	191	225	227	23873	23977	105	23801	23980
363337349	1	116	4.331E-24	1	2695	3120	67	116	0.442	3.694E-25	5	147	149	2695	3120	426	2518	3120
363447646	1	284	1.158E-74	3	24946	25775	565	127	0.552	1.976E-28	19	136	267	24946	25284	339	24667	25374
363447646	1	284	1.158E-74	3	24946	25775	567	69	0.636	1.298E-11	145	197	267	25355	25510	156	25355	25522
363447646	1	284	1.158E-74	3	24946	25775	572	96	0.679	1.450E-20	196	263	267	25569	25775	207	25557	25784
363772485	-1	103	3.548E-20	1	35156	36142	1160	103	0.239	5.844E-19	184	416	422	-36142	-35156	987	36196	35099
363810203	-1	140	2.582E-31	1	36300	36887	1141	140	0.406	2.229E-33	113	307	341	-36887	-36300	588	36887	36246
363810379	1	185	7.338E-45	3	20282	23980	461	95	0.806	1.671E-20	76	131	248	20282	20449	168	20276	20473
363810379	1	185	7.338E-45	3	20282	23980	532	55	0.771	7.034E-07	138	170	248	23557	23655	99	23542	23658
363810379	1	185	7.338E-45	3	20282	23980	538	61	0.790	1.274E-08	193	228	248	23873	23980	108	23801	23980
363812461	-1	258	7.769E-67	2	35153	36887	1141	151	0.418	6.459E-37	157	357	572	-36887	-36282	606	36887	36246
363812461	-1	258	7.769E-67	2	35153	36887	1160	109	0.339	3.728E-21	361	555	572	-35740	-35153	588	36196	35099
363851692	1	181	1.174E-43	3	20282	23977	461	94	0.797	4.330E-20	76	131	229	20282	20449	168	20276	20473
363851692	1	181	1.174E-43	3	20282	23977	532	52	0.740	4.779E-06	138	170	229	23557	23655	99	23542	23658
363851692	1	181	1.174E-43	3	20282	23977	538	61	0.805	1.752E-08	193	227	229	23873	23977	105	23801	23980
363878623	-1	107	2.218E-21	1	35156	35821	1160	107	0.308	2.227E-20	11	198	204	-35821	-35156	666	36196	35099
363906908	1	183	2.935E-44	3	20282	23977	461	93	0.785	1.541E-19	77	132	231	20282	20449	168	20276	20473
363906908	1	183	2.935E-44	3	20282	23977	532	55	0.771	7.034E-07	139	171	231	23557	23655	99	23542	23658
363906908	1	183	2.935E-44	3	20282	23977	538	61	0.815	9.262E-09	194	228	231	23873	23977	105	23801	23980
363969132	1	146	4.034E-33	3	20098	23980	457	45	0.570	8.958E-03	36	73	227	20098	20211	114	20095	20298
363969132	1	146	4.034E-33	3	20098	23980	461	102	0.857	7.593E-23	73	128	227	20282	20449	168	20276	20473
363969132	1	146	4.034E-33	3	20098	23980	538	60	0.781	2.409E-08	191	226	227	23873	23980	108	23801	23980
363988550	1	156	3.939E-36	2	20095	20446	457	53	0.654	8.006E-06	2	40	113	20095	20211	117	20095	20298
363988550	1	156	3.939E-36	2	20095	20446	461	102	0.874	5.529E-23	41	95	113	20282	20446	165	20276	20473
364042797	-1	175	7.514E-42	1	35273	36097	1160	175	0.375	4.404E-43	36	310	312	-36097	-35273	825	36196	35099
364045602	-1	134	1.652E-29	1	35153	36109	1160	134	0.284	2.168E-29	195	514	519	-36109	-35153	957	36196	35099
364048002	-1	69	6.096E-10	1	35165	35359	1160	69	0.535	4.364E-08	1	65	66	-35359	-35165	195	36196	35099
364114483	1	236	3.259E-60	4	20098	23977	457	45	0.587	6.509E-03	37	73	233	20098	20208	111	20095	20298
364114483	1	236	3.259E-60	4	20098	23977	461	100	0.842	3.709E-22	75	130	233	20282	20449	168	20276	20473
364114483	1	236	3.259E-60	4	20098	23977	532	57	0.807	7.534E-08	137	169	233	23557	23655	99	23542	23658
364114483	1	236	3.259E-60	4	20098	23977	538	58	0.776	1.186E-07	192	226	233	23873	23977	105	23801	23980
364345086	1	79	5.953E-13	1	24394	24627	553	79	0.513	7.705E-14	67	145	156	24394	24627	234	24334	24663
364361421	1	184	1.468E-44	2	19640	24933	452	92	0.597	1.681E-17	27	103	196	19640	19870	231	19541	20047
364361421	1	184	1.468E-44	2	19640	24933	565	96	0.604	8.378E-18	109	187	196	24697	24933	237	24667	25374
364440219	-1	157	1.970E-36	1	36297	36662	1141	157	0.638	4.276E-39	1	123	160	-36662	-36297	366	36887	36246
364667958	-1	174	1.503E-41	2	35840	36857	1141	104	0.367	6.579E-21	7	172	278	-36857	-36360	498	36887	36246
364667958	-1	174	1.503E-41	2	35840	36857	1160	83	0.484	1.375E-12	187	276	278	-36109	-35840	270	36196	35099
364763503	-1	66	4.877E-09	1	35156	35350	1160	66	0.520	2.418E-07	0	64	68	-35350	-35156	195	36196	35099
364805779	-1	74	1.905E-11	1	35156	35425	1160	74	0.436	7.902E-10	33	124	169	-35425	-35156	270	36196	35099
365143871	-1	101	1.419E-19	1	35123	36124	1160	101	0.228	2.569E-18	3	357	382	-36124	-35123	1002	36196	35099
365144225	-1	69	6.096E-10	1	35123	35416	1160	69	0.382	3.279E-08	11	112	133	-35416	-35123	294	36196	35099
365231887	1	89	5.813E-16	1	2650	3093	67	89	0.336	5.810E-16	79	238	244	2650	3093	444	2518	3120
368802681	1	248	7.956E-64	3	24937	25784	565	108	0.474	7.979E-22	199	319	469	24937	25293	357	24667	25374
368802681	1	248	7.956E-64	3	24937	25784	567	59	0.532	3.731E-08	324	379	469	25358	25507	150	25355	25522
368802681	1	248	7.956E-64	3	24937	25784	572	84	0.494	1.975E-16	379	467	469	25569	25784	216	25557	25784
369907450	1	127	2.115E-27	1	2677	3120	67	127	0.460	5.798E-29	4	152	178	2677	3120	444	2518	3120
369973742	1	116	4.331E-24	1	2695	3117	67	116	0.445	3.694E-25	11	152	184	2695	3117	423	2518	3120
370190772	1	112	6.930E-23	1	2686	3117	67	112	0.425	6.146E-24	18	163	217	2686	3117	432	2518	3120
370288194	1	127	2.115E-27	1	2686	3120	67	127	0.468	5.798E-29	1	146	172	2686	3120	435	2518	3120
370354440	1	137	2.065E-30	3	20095	23977	457	43	0.541	3.215E-02	18	56	217	20095	20211	117	20095	20298
370354440	1	137	2.065E-30	3	20095	23977	461	93	0.788	1.122E-19	56	111	217	20282	20449	168	20276	20473
370354440	1	137	2.065E-30	3	20095	23977	538	58	0.776	1.186E-07	170	204	217	23873	23977	105	23801	23980
372666863	1	313	2.156E-83	5	19275	23980	444	79	0.486	5.856E-14	2	83	393	19275	19529	255	19230	19562
372666863	1	313	2.156E-83	5	19275	23980	452	79	0.348	6.879E-13	88	200	393	19640	20041	402	19541	20047
372666863	1	313	2.156E-83	5	19275	23980	461	105	0.878	8.243E-24	239	294	393	20279	20446	168	20276	20473
372666863	1	313	2.156E-83	5	19275	23980	532	53	0.750	2.523E-06	302	334	393	23557	23655	99	23542	23658
372666863	1	313	2.156E-83	5	19275	23980	538	62	0.800	6.735E-09	357	392	393	23873	23980	108	23801	23980
373326113	-1	104	1.774E-20	1	35138	36109	1160	104	0.234	1.784E-19	258	605	631	-36109	-35138	972	36196	35099
373591708	-1	74	1.905E-11	1	35126	35710	1160	74	0.263	1.404E-09	21	213	214	-35710	-35126	585	36196	35099
377064565	-1	105	8.871E-21	1	35159	36109	1160	105	0.239	1.326E-19	205	540	578	-36109	-35159	951	36196	35099
377137211	-1	84	1.860E-14	1	36480	36887	1141	84	0.357	4.691E-14	52	189	191	-36887	-36480	408	36887	36246
378313966	-1	183	2.935E-44	1	35186	36097	1160	183	0.361	6.757E-46	285	585	600	-36097	-35186	912	36196	35099
378314609	-1	295	5.653E-78	2	35279	36884	1141	154	0.438	2.808E-38	101	294	599	-36884	-36300	585	36887	36246
378314609	-1	295	5.653E-78	2	35279	36884	1160	163	0.357	6.113E-39	318	591	599	-36097	-35279	819	36196	35099
378315107	-1	109	5.544E-22	1	35165	35695	1160	109	0.362	6.767E-21	19	192	193	-35695	-35165	531	36196	35099
378315869	-1	125	8.460E-27	1	35153	36109	1160	125	0.272	3.088E-26	322	621	625	-36109	-35153	957	36196	35099
378316055	-1	134	1.652E-29	1	36285	36887	1141	134	0.384	4.559E-31	19	197	226	-36887	-36285	603	36887	36246
378353731	-1	355	4.903E-96	2	35162	36884	1141	145	0.415	7.109E-35	68	262	593	-36884	-36297	588	36887	36246
378353731	-1	355	4.903E-96	2	35162	36884	1160	212	0.381	1.020E-55	266	592	593	-36142	-35162	981	36196	35099
378354180	-1	181	1.174E-43	1	35156	36076	1160	181	0.356	4.309E-45	169	472	484	-36076	-35156	921	36196	35099
378354847	1	297	1.413E-78	5	20098	23977	457	50	0.658	1.413E-04	149	184	340	20098	20205	108	20095	20298
378354847	1	297	1.413E-78	5	20098	23977	461	94	0.797	4.330E-20	185	240	340	20279	20446	168	20276	20473
378354847	1	297	1.413E-78	5	20098	23977	532	61	0.848	5.875E-09	248	280	340	23557	23655	99	23542	23658
378354847	1	297	1.413E-78	5	20098	23977	536	34	0.646	2.576E+01	279	302	340	23736	23807	72	23706	23846
378354847	1	297	1.413E-78	5	20098	23977	538	61	0.815	9.262E-09	303	337	340	23873	23977	105	23801	23980
378492873	-1	69	6.096E-10	1	35150	35389	1160	69	0.457	3.279E-08	3	82	111	-35389	-35150	240	36196	35099
378588101	-1	133	3.305E-29	1	36348	36884	1141	133	0.417	6.233E-31	96	273	274	-36884	-36348	537	36887	36246
378702079	-1	69	6.096E-10	1	35156	35401	1160	69	0.447	4.364E-08	1	81	91	-35401	-35156	246	36196	35099
378848779	1	78	1.191E-12	1	24700	24930	565	78	0.521	5.900E-12	9	79	90	24700	24930	231	24667	25374
378893520	1	124	1.692E-26	2	19640	24618	452	79	0.537	5.037E-13	30	104	222	19640	19864	225	19541	20047
378893520	1	124	1.692E-26	2	19640	24618	553	67	0.462	1.011E-09	128	203	222	24391	24618	228	24334	24663
378900377	1	98	1.135E-18	1	24700	24942	565	98	0.602	1.797E-18	12	92	93	24700	24942	243	24667	25374
378981378	1	523	1.310E-146	3	24700	25784	565	297	0.708	4.738E-87	54	260	383	24700	25293	594	24667	25374
378981378	1	523	1.310E-146	3	24700	25784	567	98	0.902	7.948E-22	262	312	383	25358	25510	153	25355	25522
378981378	1	523	1.310E-146	3	24700	25784	572	128	0.841	1.408E-31	311	382	383	25569	25784	216	25557	25784
379014987	1	83	3.721E-14	1	24733	24906	565	83	0.695	1.124E-13	2	59	63	24733	24906	174	24667	25374
379015393	1	205	6.998E-51	2	19263	25086	444	98	0.524	1.093E-20	13	108	419	19263	19553	291	19230	19562
379015393	1	205	6.998E-51	2	19263	25086	565	108	0.420	7.979E-22	111	252	419	24700	25086	387	24667	25374
379019166	1	197	1.791E-48	2	19272	20044	444	93	0.524	1.255E-18	16	106	403	19272	19544	273	19230	19562
379019166	1	197	1.791E-48	2	19272	20044	452	103	0.417	3.564E-21	107	208	403	19634	20044	411	19541	20047
379044179	1	232	5.214E-59	4	19640	23977	452	93	0.394	6.574E-18	14	110	306	19640	20041	402	19541	20047
379044179	1	232	5.214E-59	4	19640	23977	461	90	0.776	1.422E-18	152	206	306	20282	20446	165	20276	20473
379044179	1	232	5.214E-59	4	19640	23977	532	59	0.823	2.894E-08	214	246	306	23557	23655	99	23542	23658
379044179	1	232	5.214E-59	4	19640	23977	538	56	0.752	5.841E-07	269	303	306	23873	23977	105	23801	23980
379045948	1	94	1.817E-17	1	19275	19547	444	94	0.522	3.543E-19	12	104	114	19275	19547	273	19230	19562
379061517	-1	77	2.381E-12	1	36444	36881	1141	77	0.323	1.180E-11	122	267	271	-36881	-36444	438	36887	36246
379158006	-1	267	1.517E-69	2	35156	36881	1141	109	0.338	1.576E-22	112	283	640	-36881	-36294	588	36887	36246
379158006	-1	267	1.517E-69	2	35156	36881	1160	174	0.329	8.157E-43	301	632	640	-36100	-35156	945	36196	35099
379209348	-1	192	5.733E-47	2	35147	36887	1141	120	0.362	1.874E-26	101	295	690	-36887	-36300	588	36887	36246
379209348	-1	192	5.733E-47	2	35147	36887	1160	133	0.286	5.385E-29	358	670	690	-36091	-35147	945	36196	35099
379311058	1	201	1.120E-49	3	19634	23640	452	85	0.365	3.420E-15	27	129	324	19634	20041	408	19541	20047
379311058	1	201	1.120E-49	3	19634	23640	461	105	0.865	8.243E-24	169	225	324	20276	20446	171	20276	20473
379311058	1	201	1.120E-49	3	19634	23640	532	55	0.893	7.034E-07	233	260	324	23557	23640	84	23542	23658
379376633	1	196	3.583E-48	3	20282	23977	461	100	0.859	2.701E-22	74	128	229	20282	20446	165	20276	20473
379376633	1	196	3.583E-48	3	20282	23977	532	60	0.838	1.112E-08	136	168	229	23557	23655	99	23542	23658
379376633	1	196	3.583E-48	3	20282	23977	538	63	0.839	1.883E-09	191	225	229	23873	23977	105	23801	23980
379595287	1	78	1.191E-12	1	2710	3093	67	78	0.356	3.333E-12	92	219	224	2710	3093	384	2518	3120
384710712	1	134	1.652E-29	1	2644	3117	67	134	0.455	2.062E-31	57	216	224	2644	3117	474	2518	3120
390493506	-1	106	4.435E-21	1	35168	35953	1160	106	0.276	7.318E-20	0	257	259	-35953	-35168	786	36196	35099
391067788	1	242	5.092E-62	4	20098	23980	457	49	0.644	3.679E-04	36	71	226	20098	20205	108	20095	20298
391067788	1	242	5.092E-62	4	20098	23980	461	99	0.836	6.997E-22	73	128	226	20282	20449	168	20276	20473
391067788	1	242	5.092E-62	4	20098	23980	532	57	0.797	1.426E-07	135	167	226	23557	23655	99	23542	23658
391067788	1	242	5.092E-62	4	20098	23980	538	61	0.795	9.262E-09	190	225	226	23873	23980	108	23801	23980
391650812	1	254	1.243E-65	4	20279	23977	461	104	0.872	1.554E-23	68	123	223	20279	20446	168	20276	20473
391650812	1	254	1.243E-65	4	20279	23977	532	59	0.828	2.103E-08	131	163	223	23557	23655	99	23542	23658
391650812	1	254	1.243E-65	4	20279	23977	536	33	0.710	4.908E+01	165	185	223	23745	23807	63	23706	23846
391650812	1	254	1.243E-65	4	20279	23977	538	61	0.805	1.752E-08	186	220	223	23873	23977	105	23801	23980
392849055	1	241	1.018E-61	4	20282	23977	461	94	0.800	3.153E-20	74	129	226	20282	20449	168	20276	20473
392849055	1	241	1.018E-61	4	20282	23977	532	55	0.771	7.034E-07	136	168	226	23557	23655	99	23542	23658
392849055	1	241	1.018E-61	4	20282	23977	536	33	0.639	3.555E+01	167	190	226	23736	23807	72	23706	23846
392849055	1	241	1.018E-61	4	20282	23977	538	63	0.834	2.590E-09	191	225	226	23873	23977	105	23801	23980
392892855	-1	197	1.791E-48	1	35162	36154	1160	197	0.358	1.829E-50	258	587	595	-36154	-35162	993	36196	35099
392895377	-1	161	1.231E-37	1	35159	36109	1160	161	0.314	2.838E-38	282	609	618	-36109	-35159	951	36196	35099
392906310	1	238	8.146E-61	4	20098	23977	457	48	0.610	5.062E-04	36	73	227	20098	20211	114	20095	20298
392906310	1	238	8.146E-61	4	20098	23977	461	93	0.791	8.170E-20	74	129	227	20282	20449	168	20276	20473
392906310	1	238	8.146E-61	4	20098	23977	532	58	0.812	5.476E-08	136	168	227	23557	23655	99	23542	23658
392906310	1	238	8.146E-61	4	20098	23977	538	63	0.830	3.561E-09	191	225	227	23873	23977	105	23801	23980
393055783	1	135	8.261E-30	3	20098	23977	457	45	0.575	6.509E-03	34	71	225	20098	20211	114	20095	20298
393055783	1	135	8.261E-30	3	20098	23977	461	96	0.812	8.859E-21	71	126	225	20282	20449	168	20276	20473
393055783	1	135	8.261E-30	3	20098	23977	538	55	0.742	1.106E-06	189	223	225	23873	23977	105	23801	23980
393096563	-1	103	3.548E-20	1	36411	36836	1141	103	0.406	1.671E-20	86	222	225	-36836	-36411	426	36887	36246
393125859	-1	106	4.435E-21	1	35156	35800	1160	106	0.312	5.437E-20	3	172	180	-35800	-35156	645	36196	35099
393164271	-1	96	4.542E-18	1	35189	35593	1160	96	0.400	8.873E-17	114	247	250	-35593	-35189	405	36196	35099
393168684	-1	68	1.219E-09	1	35126	35401	1160	68	0.407	7.726E-08	14	105	106	-35401	-35126	276	36196	35099
393439517	1	145	8.068E-33	2	20279	23655	461	94	0.800	3.153E-20	45	100	159	20279	20446	168	20276	20473
393439517	1	145	8.068E-33	2	20279	23655	532	57	0.807	7.534E-08	108	140	159	23557	23655	99	23542	23658
393448084	1	327	1.316E-87	5	19263	23977	444	93	0.523	6.669E-19	13	104	402	19263	19538	276	19230	19562
393448084	1	327	1.316E-87	5	19263	23977	452	98	0.403	2.098E-19	109	207	402	19634	20041	408	19541	20047
393448084	1	327	1.316E-87	5	19263	23977	461	90	0.767	1.036E-18	247	302	402	20279	20446	168	20276	20473
393448084	1	327	1.316E-87	5	19263	23977	532	55	0.781	3.715E-07	310	342	402	23557	23655	99	23542	23658
393448084	1	327	1.316E-87	5	19263	23977	538	57	0.761	3.087E-07	365	399	402	23873	23977	105	23801	23980
393522505	-1	375	4.676E-102	2	35156	36887	1141	248	0.593	1.203E-70	146	359	495	-36887	-36255	633	36887	36246
393522505	-1	375	4.676E-102	2	35156	36887	1160	141	0.613	9.117E-32	375	489	495	-35503	-35156	348	36196	35099
393587117	1	200	2.239E-49	3	19640	23655	452	99	0.411	8.193E-20	24	122	317	19640	20041	402	19541	20047
393587117	1	200	2.239E-49	3	19640	23655	461	92	0.779	2.908E-19	162	217	317	20279	20446	168	20276	20473
393587117	1	200	2.239E-49	3	19640	23655	532	53	0.750	2.523E-06	225	257	317	23557	23655	99	23542	23658
393589421	1	90	2.907E-16	1	19640	19876	452	90	0.574	8.035E-17	63	141	147	19640	19876	237	19541	20047
393887330	-1	110	2.772E-22	1	35567	36103	1160	110	0.359	2.766E-21	140	320	322	-36103	-35567	537	36196	35099
394204104	-1	210	2.187E-52	2	35117	36845	1141	92	0.317	7.197E-17	181	362	762	-36845	-36309	537	36887	36246
394204104	-1	210	2.187E-52	2	35117	36845	1160	117	0.247	1.268E-23	364	718	762	-36109	-35117	993	36196	35099
394228025	-1	68	1.219E-09	1	35123	35443	1160	68	0.354	1.028E-07	2	112	137	-35443	-35123	321	36196	35099
394244483	-1	93	3.633E-17	1	35150	36115	1160	93	0.219	6.949E-16	187	542	566	-36115	-35150	966	36196	35099
394268562	-1	89	5.813E-16	1	35153	36124	1160	89	0.212	2.334E-14	123	481	527	-36124	-35153	972	36196	35099
394657815	-1	106	4.435E-21	1	35150	36115	1160	106	0.234	5.437E-20	240	594	608	-36115	-35150	966	36196	35099
394678459	-1	74	1.905E-11	1	35156	35830	1160	74	0.236	1.404E-09	4	240	270	-35830	-35156	675	36196	35099
397695124	1	226	3.337E-57	3	24922	25784	565	96	0.422	8.378E-18	191	315	474	24922	25284	363	24667	25374
397695124	1	226	3.337E-57	3	24922	25784	567	57	0.475	2.529E-07	323	384	474	25358	25507	150	25355	25522
397695124	1	226	3.337E-57	3	24922	25784	572	79	0.469	1.225E-14	384	472	474	25569	25784	216	25557	25784
399295666	1	117	2.166E-24	1	2695	3120	67	117	0.449	1.058E-25	5	145	147	2695	3120	426	2518	3120
399760528	-1	93	3.633E-17	1	35150	35953	1160	93	0.238	9.320E-16	0	298	327	-35953	-35150	804	36196	35099
399891463	-1	69	6.096E-10	1	36612	36887	1141	69	0.410	5.285E-09	32	123	124	-36887	-36612	276	36887	36246
400465347	-1	71	1.524E-10	1	35162	36109	1160	71	0.202	1.044E-08	158	407	414	-36109	-35162	948	36196	35099
401753568	1	131	1.322E-28	1	2695	3117	67	131	0.469	2.529E-30	27	176	179	2695	3117	423	2518	3120
403616787	1	232	5.214E-59	4	20095	23807	457	46	0.592	4.730E-03	38	74	230	20095	20205	111	20095	20298
403616787	1	232	5.214E-59	4	20095	23807	461	98	0.827	1.813E-21	76	131	230	20282	20449	168	20276	20473
403616787	1	232	5.214E-59	4	20095	23807	532	58	0.812	5.476E-08	138	170	230	23557	23655	99	23542	23658
403616787	1	232	5.214E-59	4	20095	23807	536	34	0.654	1.866E+01	169	192	230	23736	23807	72	23706	23846
404820522	-1	83	3.721E-14	1	36432	36884	1141	83	0.334	6.381E-14	19	168	218	-36884	-36432	453	36887	36246
404970731	1	94	1.817E-17	1	2770	3114	67	94	0.432	1.029E-17	44	162	177	2770	3114	345	2518	3120
406671372	-1	181	1.174E-43	2	35153	36857	1141	86	0.298	1.006E-14	155	335	694	-36857	-36300	558	36887	36246
406671372	-1	181	1.174E-43	2	35153	36857	1160	96	0.231	8.873E-17	334	661	694	-36109	-35153	957	36196	35099
407380834	-1	342	4.017E-92	2	35153	36884	1141	148	0.410	5.796E-36	96	299	632	-36884	-36282	603	36887	36246
407380834	-1	342	4.017E-92	2	35153	36884	1160	200	0.368	1.125E-51	307	621	632	-36124	-35153	972	36196	35099
407397053	-1	210	2.187E-52	2	35153	36755	1141	126	0.436	1.732E-28	16	173	401	-36755	-36279	477	36887	36246
407397053	-1	210	2.187E-52	2	35153	36755	1160	88	0.221	3.125E-14	169	396	401	-36136	-35153	984	36196	35099
407411396	-1	98	1.135E-18	1	36312	36881	1141	98	0.319	5.074E-19	159	351	367	-36881	-36312	570	36887	36246
407412540	1	189	4.586E-46	3	20282	23977	461	97	0.818	4.696E-21	70	125	222	20282	20449	168	20276	20473
407412540	1	189	4.586E-46	3	20282	23977	532	55	0.776	5.112E-07	132	164	222	23557	23655	99	23542	23658
407412540	1	189	4.586E-46	3	20282	23977	538	63	0.830	3.561E-09	187	221	222	23873	23977	105	23801	23980
407518409	-1	94	1.817E-17	1	36390	36839	1141	94	0.365	2.088E-17	27	167	225	-36839	-36390	450	36887	36246
407551167	1	238	8.146E-61	4	20098	23977	457	50	0.628	1.413E-04	36	73	232	20098	20211	114	20095	20298
407551167	1	238	8.146E-61	4	20098	23977	461	94	0.810	4.330E-20	74	128	232	20282	20446	165	20276	20473
407551167	1	238	8.146E-61	4	20098	23977	532	58	0.817	3.981E-08	136	168	232	23557	23655	99	23542	23658
407551167	1	238	8.146E-61	4	20098	23977	538	61	0.805	1.752E-08	191	225	232	23873	23977	105	23801	23980
407597886	1	153	3.152E-35	3	20098	23980	457	48	0.606	6.965E-04	36	73	227	20098	20211	114	20095	20298
407597886	1	153	3.152E-35	3	20098	23980	461	102	0.854	1.043E-22	73	128	227	20282	20449	168	20276	20473
407597886	1	153	3.152E-35	3	20098	23980	538	64	0.828	9.960E-10	191	226	227	23873	23980	108	23801	23980
407602232	1	213	2.733E-53	4	20095	23977	457	42	0.551	8.385E-02	36	72	225	20095	20205	111	20095	20298
407602232	1	213	2.733E-53	4	20095	23977	461	89	0.761	1.954E-18	73	128	225	20279	20446	168	20276	20473
407602232	1	213	2.733E-53	4	20095	23977	532	50	0.800	2.361E-05	136	164	225	23557	23643	87	23542	23658
407602232	1	213	2.733E-53	4	20095	23977	538	59	0.791	4.558E-08	189	223	225	23873	23977	105	23801	23980
407641847	-1	108	1.109E-21	1	35162	36100	1160	108	0.246	1.654E-20	104	431	452	-36100	-35162	939	36196	35099
407664876	1	225	6.674E-57	4	20095	23977	457	48	0.593	6.965E-04	34	72	307	20095	20211	117	20095	20298
407664876	1	225	6.674E-57	4	20095	23977	461	94	0.797	4.330E-20	72	127	307	20282	20449	168	20276	20473
407664876	1	225	6.674E-57	4	20095	23977	532	50	0.882	2.361E-05	134	159	307	23557	23634	78	23542	23658
407664876	1	225	6.674E-57	4	20095	23977	538	62	0.825	4.897E-09	186	220	307	23873	23977	105	23801	23980
407670644	1	181	1.174E-43	3	20282	23980	461	94	0.794	5.948E-20	77	132	249	20282	20449	168	20276	20473
407670644	1	181	1.174E-43	3	20282	23980	532	55	0.781	3.715E-07	139	171	249	23557	23655	99	23542	23658
407670644	1	181	1.174E-43	3	20282	23980	538	58	0.757	1.186E-07	194	229	249	23873	23980	108	23801	23980
407679968	1	95	9.084E-18	1	2647	3096	67	95	0.366	5.526E-18	109	259	263	2647	3096	450	2518	3120
407684566	-1	64	1.951E-08	1	35153	35323	1160	64	0.560	1.335E-06	3	59	71	-35323	-35153	171	36196	35099
407705181	-1	106	4.435E-21	1	35183	36088	1160	106	0.255	5.437E-20	0	244	245	-36088	-35183	906	36196	35099
407765860	1	179	4.696E-43	3	20282	23977	461	91	0.776	3.995E-19	78	133	231	20282	20449	168	20276	20473
407765860	1	179	4.696E-43	3	20282	23977	532	53	0.750	2.523E-06	140	172	231	23557	23655	99	23542	23658
407765860	1	179	4.696E-43	3	20282	23977	538	61	0.805	1.752E-08	195	229	231	23873	23977	105	23801	23980
407816908	1	240	2.037E-61	4	20282	23977	461	95	0.806	1.671E-20	73	128	225	20282	20449	168	20276	20473
407816908	1	240	2.037E-61	4	20282	23977	532	55	0.781	3.715E-07	135	167	225	23557	23655	99	23542	23658
407816908	1	240	2.037E-61	4	20282	23977	536	32	0.618	9.358E+01	166	189	225	23736	23807	72	23706	23846
407816908	1	240	2.037E-61	4	20282	23977	538	62	0.820	6.735E-09	190	224	225	23873	23977	105	23801	23980
407980946	1	231	1.043E-58	4	19640	23807	452	94	0.397	2.570E-18	16	112	305	19640	20041	402	19541	20047
407980946	1	231	1.043E-58	4	19640	23807	461	88	0.749	6.959E-18	152	207	305	20279	20446	168	20276	20473
407980946	1	231	1.043E-58	4	19640	23807	532	55	0.771	7.034E-07	215	247	305	23557	23655	99	23542	23658
407980946	1	231	1.043E-58	4	19640	23807	536	38	0.726	7.473E-01	246	269	305	23736	23807	72	23706	23846
407988056	1	83	3.721E-14	1	19619	19870	452	83	0.513	1.630E-14	20	102	153	19619	19870	252	19541	20047
408050029	1	81	1.488E-13	1	24673	24930	565	81	0.490	9.504E-13	21	105	106	24673	24930	258	24667	25374
408096103	1	159	4.924E-37	2	19640	24927	452	82	0.543	4.156E-14	14	90	203	19640	19870	231	19541	20047
408096103	1	159	4.924E-37	2	19640	24927	565	81	0.481	9.504E-13	86	173	203	24673	24927	255	24667	25374
408097565	1	93	3.633E-17	1	24697	25086	565	93	0.379	9.804E-17	26	165	193	24697	25086	390	24667	25374
408098921	1	209	4.374E-52	3	19634	23655	452	103	0.417	3.564E-21	107	208	403	19634	20044	411	19541	20047
408098921	1	209	4.374E-52	3	19634	23655	461	91	0.770	7.538E-19	248	303	403	20279	20446	168	20276	20473
408098921	1	209	4.374E-52	3	19634	23655	532	59	0.823	2.894E-08	311	343	403	23557	23655	99	23542	23658
408113571	1	145	8.068E-33	1	24700	25278	565	145	0.394	8.507E-35	18	229	342	24700	25278	579	24667	25374
408240807	-1	348	6.276E-94	3	35327	37048	1130	34	0.386	4.035E+01	56	101	615	-37048	-36911	138	37075	36908
408240807	-1	348	6.276E-94	3	35327	37048	1141	155	0.420	2.052E-38	105	311	615	-36884	-36282	603	36887	36246
408240807	-1	348	6.276E-94	3	35327	37048	1160	167	0.364	2.080E-40	319	592	615	-36142	-35327	816	36196	35099
408344357	1	53	3.995E-05	1	24463	24639	553	53	0.465	6.330E-05	2	60	118	24463	24639	177	24334	24663
408625398	-1	91	1.453E-16	1	35150	35953	1160	91	0.235	5.409E-15	0	298	323	-35953	-35150	804	36196	35099
408681449	1	78	1.191E-12	1	2716	3093	67	78	0.359	4.535E-12	56	181	199	2716	3093	378	2518	3120
408769279	-1	67	2.438E-09	1	35123	35443	1160	67	0.351	1.818E-07	2	112	137	-35443	-35123	321	36196	35099
408938737	-1	66	4.877E-09	1	35147	35401	1160	66	0.412	2.418E-07	29	116	143	-35401	-35147	255	36196	35099
409030309	1	91	1.453E-16	1	2656	3096	67	91	0.361	1.681E-16	13	159	173	2656	3096	441	2518	3120
409183030	-1	115	8.663E-24	1	36297	36884	1141	115	0.352	7.910E-25	100	294	318	-36884	-36297	588	36887	36246
410461968	1	299	3.533E-79	3	24952	25784	565	138	0.599	4.380E-32	38	153	283	24952	25284	333	24667	25374
410461968	1	299	3.533E-79	3	24952	25784	567	80	0.750	1.759E-15	159	209	283	25358	25507	150	25355	25522
410461968	1	299	3.533E-79	3	24952	25784	572	86	0.590	4.040E-17	208	278	283	25566	25784	219	25557	25784
413596016	1	101	1.419E-19	1	2692	3111	67	101	0.400	5.202E-20	2	143	163	2692	3111	420	2518	3120
413980737	1	143	3.227E-32	3	20095	23977	457	45	0.575	6.509E-03	13	50	210	20095	20208	114	20095	20298
413980737	1	143	3.227E-32	3	20095	23977	461	91	0.776	3.995E-19	52	107	210	20282	20449	168	20276	20473
413980737	1	143	3.227E-32	3	20095	23977	538	63	0.830	3.561E-09	166	200	210	23873	23977	105	23801	23980
414406625	1	382	3.653E-104	3	24946	25784	565	163	0.667	8.972E-41	20	140	264	24946	25293	348	24667	25374
414406625	1	382	3.653E-104	3	24946	25784	567	89	0.837	1.620E-18	142	191	264	25358	25507	150	25355	25522
414406625	1	382	3.653E-104	3	24946	25784	572	129	0.851	3.965E-32	191	262	264	25569	25784	216	25557	25784
415846308	-1	105	8.871E-21	1	35168	35953	1160	105	0.275	1.326E-19	0	253	255	-35953	-35168	786	36196	35099
416060452	1	183	2.935E-44	3	20282	23977	461	94	0.794	5.948E-20	76	131	230	20282	20449	168	20276	20473
416060452	1	183	2.935E-44	3	20282	23977	532	56	0.786	2.700E-07	138	170	230	23557	23655	99	23542	23658
416060452	1	183	2.935E-44	3	20282	23977	538	59	0.786	6.269E-08	193	227	230	23873	23977	105	23801	23980
417153567	1	125	8.460E-27	1	2695	3120	67	125	0.470	2.029E-28	5	147	151	2695	3120	426	2518	3120
417620800	-1	75	9.525E-12	1	35153	36043	1160	75	0.207	5.928E-10	184	501	503	-36043	-35153	891	36196	35099
419941384	1	1039	6.109E-302	5	12746	15842	308	33	0.805	1.588E+01	0	17	600	12746	12799	54	12734	12799
419941384	1	1039	6.109E-302	5	12746	15842	317	52	0.978	3.540E-06	29	52	600	13023	13094	72	13020	13103
419941384	1	1039	6.109E-302	5	12746	15842	327	340	0.866	8.470E-103	51	238	600	13234	13788	555	13234	13836
419941384	1	1039	6.109E-302	5	12746	15842	329	40	0.742	1.634E-01	239	262	600	13869	13943	75	13866	14030
419941384	1	1039	6.109E-302	5	12746	15842	360	584	0.829	1.234E-183	260	599	600	14820	15842	1023	14676	15842
420705775	1	332	4.113E-89	5	19640	23980	452	89	0.379	2.807E-16	29	125	318	19640	20041	402	19541	20047
420705775	1	332	4.113E-89	5	19640	23980	457	54	0.623	4.232E-06	126	166	318	20095	20220	126	20095	20298
420705775	1	332	4.113E-89	5	19640	23980	461	101	0.851	1.432E-22	164	219	318	20279	20446	168	20276	20473
420705775	1	332	4.113E-89	5	19640	23980	532	53	0.745	3.472E-06	227	259	318	23557	23655	99	23542	23658
420705775	1	332	4.113E-89	5	19640	23980	538	61	0.795	9.262E-09	282	317	318	23873	23980	108	23801	23980
421938732	-1	132	6.609E-29	1	35153	36109	1160	132	0.279	1.337E-28	283	606	616	-36109	-35153	957	36196	35099
421938867	-1	70	3.048E-10	1	35168	35461	1160	70	0.397	1.851E-08	22	119	121	-35461	-35168	294	36196	35099
421968778	1	93	3.633E-17	1	2647	3096	67	93	0.362	1.914E-17	110	260	264	2647	3096	450	2518	3120
421998900	-1	78	1.191E-12	1	36312	36755	1141	78	0.322	6.393E-12	11	158	191	-36755	-36312	444	36887	36246
422045852	-1	138	1.033E-30	1	35156	35953	1160	138	0.325	1.040E-30	0	231	237	-35953	-35156	798	36196	35099
422251141	-1	98	1.135E-18	1	35156	36028	1160	98	0.245	1.513E-17	0	300	310	-36028	-35156	873	36196	35099
422496768	1	202	5.598E-50	1	29471	29845	648	202	0.776	3.780E-56	24	149	150	29471	29845	375	29438	29845
422496768	-1	167	1.924E-39	1	29059	29361	1280	167	0.794	2.526E-44	24	124	150	-29361	-29059	303	29403	29053
422605637	-1	472	2.951E-131	3	35147	37054	1130	33	0.689	5.567E+01	75	96	518	-37054	-36989	66	37075	36908
422605637	-1	472	2.951E-131	3	35147	37054	1141	253	0.628	2.004E-72	113	316	518	-36884	-36273	612	36887	36246
422605637	-1	472	2.951E-131	3	35147	37054	1160	204	0.552	5.062E-53	321	512	518	-35722	-35147	576	36196	35099
422643207	1	162	6.155E-38	2	19263	19954	444	81	0.459	1.205E-14	0	93	208	19263	19544	282	19230	19562
422643207	1	162	6.155E-38	2	19263	19954	452	84	0.423	8.728E-15	98	206	208	19640	19954	315	19541	20047
422680277	1	91	1.453E-16	1	19634	19870	452	91	0.581	3.144E-17	16	94	95	19634	19870	237	19541	20047
422712378	-1	177	1.878E-42	2	35153	36869	1141	113	0.347	5.131E-24	107	297	681	-36869	-36282	588	36887	36246
422712378	-1	177	1.878E-42	2	35153	36869	1160	114	0.254	1.033E-22	349	678	681	-36097	-35153	945	36196	35099
423223927	-1	72	7.620E-11	1	35156	35722	1160	72	0.245	4.422E-09	9	225	274	-35722	-35156	567	36196	35099
423225995	-1	71	1.524E-10	1	35159	35701	1160	71	0.249	7.844E-09	76	283	329	-35701	-35159	543	36196	35099
423419895	-1	79	5.953E-13	1	35150	35878	1160	79	0.229	1.864E-11	2	275	298	-35878	-35150	729	36196	35099
423664877	1	100	2.839E-19	1	2698	3096	67	100	0.417	9.695E-20	50	181	185	2698	3096	399	2518	3120
426547306	-1	111	1.386E-22	1	35240	36115	1160	111	0.267	1.523E-21	13	291	300	-36115	-35240	876	36196	35099
428535267	1	301	8.832E-80	1	2533	3120	67	301	0.751	3.064E-89	37	230	231	2533	3120	588	2518	3120
430002927	-1	66	4.877E-09	1	35162	35419	1160	66	0.416	4.275E-07	23	106	113	-35419	-35162	258	36196	35099
430443642	1	288	7.235E-76	5	20095	23980	457	44	0.569	2.336E-02	30	66	221	20095	20205	111	20095	20298
430443642	1	288	7.235E-76	5	20095	23980	461	96	0.822	1.217E-20	68	122	221	20282	20446	165	20276	20473
430443642	1	288	7.235E-76	5	20095	23980	532	57	0.781	1.037E-07	129	162	221	23554	23655	102	23542	23658
430443642	1	288	7.235E-76	5	20095	23980	536	32	0.693	9.358E+01	164	184	221	23745	23807	63	23706	23846
430443642	1	288	7.235E-76	5	20095	23980	538	59	0.762	8.622E-08	185	220	221	23873	23980	108	23801	23980
430921338	1	178	9.392E-43	3	20282	23980	461	91	0.773	5.488E-19	77	132	249	20282	20449	168	20276	20473
430921338	1	178	9.392E-43	3	20282	23980	532	54	0.766	9.679E-07	139	171	249	23557	23655	99	23542	23658
430921338	1	178	9.392E-43	3	20282	23980	538	59	0.771	4.558E-08	194	229	249	23873	23980	108	23801	23980
433589045	1	57	2.497E-06	1	19260	19550	444	57	0.332	3.850E-06	17	117	169	19260	19550	291	19230	19562
434913951	-1	105	8.871E-21	1	35153	36097	1160	105	0.248	1.326E-19	171	483	486	-36097	-35153	945	36196	35099
435812827	1	107	2.218E-21	1	2692	3111	67	107	0.423	3.554E-22	4	142	146	2692	3111	420	2518	3120
436051336	1	176	3.757E-42	3	20282	23977	461	91	0.776	3.995E-19	77	132	230	20282	20449	168	20276	20473
436051336	1	176	3.757E-42	3	20282	23977	532	51	0.729	9.053E-06	139	171	230	23557	23655	99	23542	23658
436051336	1	176	3.757E-42	3	20282	23977	538	60	0.795	3.314E-08	194	228	230	23873	23977	105	23801	23980
436494713	1	95	9.084E-18	1	20282	20449	461	95	0.803	2.295E-20	40	95	112	20282	20449	168	20276	20473
436499283	1	195	7.166E-48	3	20098	23655	457	44	0.566	1.233E-02	36	73	227	20098	20211	114	20095	20298
436499283	1	195	7.166E-48	3	20098	23655	461	96	0.809	1.217E-20	74	129	227	20282	20449	168	20276	20473
436499283	1	195	7.166E-48	3	20098	23655	532	59	0.828	2.103E-08	136	168	227	23557	23655	99	23542	23658
436525573	-1	79	5.953E-13	1	36600	36881	1141	79	0.452	1.379E-12	87	180	181	-36881	-36600	282	36887	36246
436597192	-1	112	6.930E-23	1	35147	35746	1160	112	0.341	4.611E-22	3	195	201	-35746	-35147	600	36196	35099
436636946	-1	79	5.953E-13	1	35156	35401	1160	79	0.498	3.323E-11	18	98	111	-35401	-35156	246	36196	35099
436769733	1	252	4.972E-65	4	20095	23980	457	58	0.702	2.404E-07	34	72	226	20095	20211	117	20095	20298
436769733	1	252	4.972E-65	4	20095	23980	461	99	0.836	6.997E-22	73	128	226	20282	20449	168	20276	20473
436769733	1	252	4.972E-65	4	20095	23980	532	58	0.817	3.981E-08	135	167	226	23557	23655	99	23542	23658
436769733	1	252	4.972E-65	4	20095	23980	538	61	0.785	1.752E-08	190	225	226	23873	23980	108	23801	23980
436854187	1	184	1.468E-44	3	20282	23980	461	96	0.812	8.859E-21	75	130	247	20282	20449	168	20276	20473
436854187	1	184	1.468E-44	3	20282	23980	532	55	0.781	3.715E-07	137	169	247	23557	23655	99	23542	23658
436854187	1	184	1.468E-44	3	20282	23980	538	59	0.771	4.558E-08	192	227	247	23873	23980	108	23801	23980
436854306	1	93	3.633E-17	1	2626	3096	67	93	0.351	2.611E-17	53	202	206	2626	3096	471	2518	3120
436915333	1	241	1.018E-61	4	20282	23977	461	94	0.800	3.153E-20	74	129	226	20282	20449	168	20276	20473
436915333	1	241	1.018E-61	4	20282	23977	532	55	0.771	7.034E-07	136	168	226	23557	23655	99	23542	23658
436915333	1	241	1.018E-61	4	20282	23977	536	33	0.639	3.555E+01	167	190	226	23736	23807	72	23706	23846
436915333	1	241	1.018E-61	4	20282	23977	538	63	0.834	2.590E-09	191	225	226	23873	23977	105	23801	23980
437059660	1	197	1.791E-48	3	19622	23655	452	97	0.392	3.925E-19	20	127	323	19622	20041	420	19541	20047
437059660	1	197	1.791E-48	3	19622	23655	461	90	0.779	1.036E-18	168	222	323	20282	20446	165	20276	20473
437059660	1	197	1.791E-48	3	19622	23655	532	55	0.771	7.034E-07	230	262	323	23557	23655	99	23542	23658
437147872	-1	89	5.813E-16	2	36675	37054	1130	36	0.682	8.082E+00	61	84	169	-37054	-36983	72	37075	36908
437147872	-1	89	5.813E-16	2	36675	37054	1141	65	0.481	1.099E-07	98	167	169	-36884	-36675	210	36887	36246
437194268	1	342	4.017E-92	3	24934	25784	565	153	0.618	3.064E-37	16	139	263	24934	25290	357	24667	25374
437194268	1	342	4.017E-92	3	24934	25784	567	78	0.733	8.623E-15	141	190	263	25355	25507	153	25355	25522
437194268	1	342	4.017E-92	3	24934	25784	572	111	0.735	8.479E-26	189	261	263	25566	25784	219	25557	25784
437196049	1	64	1.951E-08	1	19248	19532	444	64	0.381	6.995E-09	0	92	147	19248	19532	285	19230	19562
437304403	1	94	1.817E-17	1	24700	24930	565	94	0.610	2.108E-17	73	149	150	24700	24930	231	24667	25374
437324407	1	398	5.574E-109	6	19625	23977	452	95	0.388	1.879E-18	17	122	315	19625	20041	417	19541	20047
437324407	1	398	5.574E-109	6	19625	23977	457	53	0.645	1.515E-05	123	161	315	20095	20211	117	20095	20298
437324407	1	398	5.574E-109	6	19625	23977	461	93	0.804	8.170E-20	161	215	315	20282	20446	165	20276	20473
437324407	1	398	5.574E-109	6	19625	23977	532	61	0.848	5.875E-09	223	255	315	23557	23655	99	23542	23658
437324407	1	398	5.574E-109	6	19625	23977	536	35	0.675	7.100E+00	254	277	315	23736	23807	72	23706	23846
437324407	1	398	5.574E-109	6	19625	23977	538	63	0.830	3.561E-09	278	312	315	23873	23977	105	23801	23980
437487410	1	85	9.302E-15	1	19625	19870	452	85	0.529	6.387E-15	19	100	101	19625	19870	246	19541	20047
437543565	1	188	9.172E-46	3	20282	23977	461	94	0.807	5.948E-20	73	127	228	20282	20446	165	20276	20473
437543565	1	188	9.172E-46	3	20282	23977	532	59	0.833	1.529E-08	135	167	228	23557	23655	99	23542	23658
437543565	1	188	9.172E-46	3	20282	23977	538	62	0.825	4.897E-09	190	224	228	23873	23977	105	23801	23980
437715172	1	85	9.302E-15	1	2680	3093	67	85	0.360	1.286E-14	20	157	162	2680	3093	414	2518	3120
439169006	1	102	7.097E-20	1	2644	3093	67	102	0.388	2.044E-20	126	269	274	2644	3093	450	2518	3120
440521747	1	233	2.607E-59	4	20098	23807	457	44	0.591	1.233E-02	47	82	237	20098	20205	108	20095	20298
440521747	1	233	2.607E-59	4	20098	23807	461	97	0.821	3.419E-21	84	139	237	20282	20449	168	20276	20473
440521747	1	233	2.607E-59	4	20098	23807	532	59	0.828	2.103E-08	146	178	237	23557	23655	99	23542	23658
440521747	1	233	2.607E-59	4	20098	23807	536	35	0.751	9.797E+00	180	200	237	23745	23807	63	23706	23846
442968882	-1	84	1.860E-14	1	36297	36860	1141	84	0.292	4.691E-14	16	194	304	-36860	-36297	564	36887	36246
448128290	1	91	1.453E-16	1	25566	25784	572	91	0.519	1.231E-18	0	89	91	25566	25784	219	25557	25784
449505738	1	116	4.331E-24	1	2683	3114	67	116	0.432	2.702E-25	65	212	227	2683	3114	432	2518	3120
451022887	-1	305	5.520E-81	2	35162	36857	1141	120	0.369	2.560E-26	126	313	624	-36857	-36288	570	36887	36246
451022887	-1	305	5.520E-81	2	35162	36857	1160	186	0.359	7.770E-47	312	623	624	-36097	-35162	936	36196	35099
451023119	-1	134	1.652E-29	1	35153	36109	1160	134	0.284	2.936E-29	298	602	606	-36109	-35153	957	36196	35099
451024023	-1	179	4.696E-43	2	35159	36857	1141	96	0.421	3.258E-18	36	161	443	-36857	-36480	378	36887	36246
451024023	-1	179	4.696E-43	2	35159	36857	1160	99	0.269	1.126E-17	179	433	443	-35902	-35159	744	36196	35099
451055598	1	198	8.957E-49	3	20282	23977	461	100	0.845	2.701E-22	77	132	232	20282	20449	168	20276	20473
451055598	1	198	8.957E-49	3	20282	23977	532	61	0.848	5.875E-09	139	171	232	23557	23655	99	23542	23658
451055598	1	198	8.957E-49	3	20282	23977	538	63	0.830	3.561E-09	194	228	232	23873	23977	105	23801	23980
451127161	-1	71	1.524E-10	1	35153	35389	1160	71	0.470	1.044E-08	26	103	109	-35389	-35153	237	36196	35099
451161919	1	137	2.065E-30	3	20098	23977	457	43	0.552	3.215E-02	34	71	222	20098	20211	114	20095	20298
451161919	1	137	2.065E-30	3	20098	23977	461	92	0.779	2.908E-19	71	126	222	20282	20449	168	20276	20473
451161919	1	137	2.065E-30	3	20098	23977	538	60	0.795	3.314E-08	186	220	222	23873	23977	105	23801	23980
451233946	1	170	2.404E-40	3	20095	23980	457	55	0.671	2.237E-06	32	70	242	20095	20211	117	20095	20298
451233946	1	170	2.404E-40	3	20095	23980	461	98	0.814	1.813E-21	69	125	242	20279	20449	171	20276	20473
451233946	1	170	2.404E-40	3	20095	23980	538	63	0.759	2.590E-09	172	210	242	23864	23980	117	23801	23980
451248408	1	242	5.092E-62	4	20282	23980	461	97	0.821	3.419E-21	75	130	238	20282	20449	168	20276	20473
451248408	1	242	5.092E-62	4	20282	23980	532	53	0.755	1.833E-06	137	169	238	23557	23655	99	23542	23658
451248408	1	242	5.092E-62	4	20282	23980	536	35	0.675	7.100E+00	168	191	238	23736	23807	72	23706	23846
451248408	1	242	5.092E-62	4	20282	23980	538	61	0.790	1.274E-08	192	227	238	23873	23980	108	23801	23980
451294560	-1	72	7.620E-11	1	35156	35371	1160	72	0.496	4.422E-09	6	80	84	-35371	-35156	216	36196	35099
451308767	-1	68	1.219E-09	1	35162	35344	1160	68	0.558	7.726E-08	2	62	77	-35344	-35162	183	36196	35099
451492189	1	191	1.147E-46	3	20098	23655	457	44	0.569	2.336E-02	37	73	233	20098	20208	111	20095	20298
451492189	1	191	1.147E-46	3	20098	23655	461	93	0.791	8.170E-20	75	130	233	20282	20449	168	20276	20473
451492189	1	191	1.147E-46	3	20098	23655	532	58	0.817	3.981E-08	137	169	233	23557	23655	99	23542	23658
451603911	1	179	4.696E-43	3	20282	23807	461	93	0.804	8.170E-20	67	121	219	20282	20446	165	20276	20473
451603911	1	179	4.696E-43	3	20282	23807	532	57	0.802	1.037E-07	129	161	219	23557	23655	99	23542	23658
451603911	1	179	4.696E-43	3	20282	23807	536	36	0.690	3.730E+00	160	183	219	23736	23807	72	23706	23846
451646379	1	136	4.131E-30	1	29480	29800	648	136	0.624	3.022E-33	25	133	146	29480	29800	321	29438	29845
451646379	-1	120	2.707E-25	1	29080	29352	1280	120	0.653	3.997E-28	25	115	146	-29352	-29080	273	29403	29053
451671604	1	81	1.488E-13	1	24673	24930	565	81	0.490	9.504E-13	20	104	105	24673	24930	258	24667	25374
451689535	-1	204	1.400E-50	1	36249	36884	1141	204	0.510	2.469E-55	4	210	213	-36884	-36249	636	36887	36246
451689772	-1	250	1.989E-64	2	35156	36887	1141	124	0.351	1.129E-27	103	314	703	-36887	-36276	612	36887	36246
451689772	-1	250	1.989E-64	2	35156	36887	1160	141	0.278	9.117E-32	331	680	703	-36103	-35156	948	36196	35099
451860671	-1	133	3.305E-29	1	35159	36124	1160	133	0.268	5.385E-29	121	470	480	-36124	-35159	966	36196	35099
451865216	-1	114	1.733E-23	1	35129	36169	1160	114	0.247	1.033E-22	139	437	457	-36169	-35129	1041	36196	35099
452393580	-1	102	7.097E-20	1	35150	36124	1160	102	0.231	1.421E-18	294	642	648	-36124	-35150	975	36196	35099
452595867	1	83	3.721E-14	1	2710	3096	67	83	0.372	4.429E-14	48	176	180	2710	3096	387	2518	3120
452728347	-1	95	9.084E-18	1	35150	36115	1160	95	0.224	2.145E-16	265	607	639	-36115	-35150	966	36196	35099
458490599	-1	324	1.053E-86	3	35483	37054	1130	34	0.374	4.035E+01	65	112	564	-37054	-36911	144	37075	36908
458490599	-1	324	1.053E-86	3	35483	37054	1141	153	0.416	9.843E-38	116	322	564	-36884	-36282	603	36887	36246
458490599	-1	324	1.053E-86	3	35483	37054	1160	145	0.383	5.870E-33	330	548	564	-36142	-35483	660	36196	35099
460213424	-1	71	1.524E-10	1	35159	35674	1160	71	0.255	1.044E-08	6	203	248	-35674	-35159	516	36196	35099
460794341	1	120	2.707E-25	1	2662	3117	67	120	0.421	1.185E-26	130	288	292	2662	3117	456	2518	3120
462338864	1	289	3.618E-76	3	24952	25784	565	134	0.587	5.310E-31	43	158	288	24952	25284	333	24667	25374
462338864	1	289	3.618E-76	3	24952	25784	567	79	0.740	4.566E-15	164	214	288	25358	25507	150	25355	25522
462338864	1	289	3.618E-76	3	24952	25784	572	81	0.558	3.440E-15	213	283	288	25566	25784	219	25557	25784
463737270	1	113	3.465E-23	1	2695	3117	67	113	0.428	3.291E-24	3	148	151	2695	3117	423	2518	3120
464320706	1	115	8.663E-24	1	2689	3117	67	115	0.434	9.433E-25	3	147	152	2689	3117	429	2518	3120
 