Discrepancy Report Results

Summary
DISC_SOURCE_QUALS_ASNDISC:strain (all present, all same)
DISC_SOURCE_QUALS_ASNDISC:taxname (all present, all same)
DISC_FEATURE_COUNT:gene: 2174 present
DISC_FEATURE_COUNT:CDS: 2136 present
DISC_FEATURE_COUNT:tRNA: 34 present
DISC_FEATURE_COUNT:rRNA: 3 present
DISC_FEATURE_COUNT:tmRNA: 1 present
DISC_COUNT_NUCLEOTIDES:25 nucleotide Bioseqs are present
OVERLAPPING_GENES:433 genes overlap another gene on the same strand.
OVERLAPPING_CDS:4 coding regions overlap another coding region with a similar or identical name.
SUSPECT_PRODUCT_NAMES:1 product_names contain suspect phrase or characters
	May contain database identifier more appropriate in note; remove from product name
		1 features contains three or more numbers together that may be identifiers more appropriate in note
DISC_QUALITY_SCORES:Quality scores are missing on all sequences.
DISC_BAD_BACTERIAL_GENE_NAME:1 bacterial genes do not start with lowercase letters
ONCALLER_COMMENT_PRESENT:25 comment descriptors were found (all same)
SHORT_PROT_SEQUENCES:75 protein sequences are shorter than 50 aa.
MISSING_GENOMEASSEMBLY_COMMENTS:25 bioseqs are missing GenomeAssembly structured comments
MOLTYPE_NOT_MRNA:25 molecule types are not set as mRNA.
TECHNIQUE_NOT_TSA:25 technique are not set as TSA
MISSING_STRUCTURED_COMMENT:25 sequences do not include structured comments.
MISSING_PROJECT:2161 sequences do not include project.
DISC_INCONSISTENT_MOLINFO_TECH:Molinfo Technique Report (some missing, all same)


Detailed Report

DiscRep_ALL:DISC_SOURCE_QUALS_ASNDISC::strain (all present, all same)
DiscRep_SUB:DISC_SOURCE_QUALS_ASNDISC::25 sources have 'strain' for strain
DiscRep_ALL:DISC_SOURCE_QUALS_ASNDISC::taxname (all present, all same)
DiscRep_SUB:DISC_SOURCE_QUALS_ASNDISC::25 sources have 'Genus species' for taxname
DiscRep_ALL:DISC_FEATURE_COUNT::gene: 2174 present
DiscRep_ALL:DISC_FEATURE_COUNT::CDS: 2136 present
DiscRep_ALL:DISC_FEATURE_COUNT::tRNA: 34 present
DiscRep_ALL:DISC_FEATURE_COUNT::rRNA: 3 present
DiscRep_ALL:DISC_FEATURE_COUNT::tmRNA: 1 present
DiscRep_ALL:DISC_COUNT_NUCLEOTIDES::25 nucleotide Bioseqs are present
prokka_output/PROKKA_07022026:Prokka:GBPCPCFC_1 (length 94577)
prokka_output/PROKKA_07022026:Prokka:GBPCPCFC_2 (length 6699)
prokka_output/PROKKA_07022026:Prokka:GBPCPCFC_3 (length 12551)
prokka_output/PROKKA_07022026:Prokka:GBPCPCFC_4 (length 6861)
prokka_output/PROKKA_07022026:Prokka:GBPCPCFC_5 (length 13208)
prokka_output/PROKKA_07022026:Prokka:GBPCPCFC_6 (length 414170)
prokka_output/PROKKA_07022026:Prokka:GBPCPCFC_7 (length 20489)
prokka_output/PROKKA_07022026:Prokka:GBPCPCFC_8 (length 9365)
prokka_output/PROKKA_07022026:Prokka:GBPCPCFC_9 (length 10852)
prokka_output/PROKKA_07022026:Prokka:GBPCPCFC_10 (length 10469)
prokka_output/PROKKA_07022026:Prokka:GBPCPCFC_11 (length 13776)
prokka_output/PROKKA_07022026:Prokka:GBPCPCFC_12 (length 73539)
prokka_output/PROKKA_07022026:Prokka:GBPCPCFC_13 (length 4435)
prokka_output/PROKKA_07022026:Prokka:GBPCPCFC_14 (length 13410)
prokka_output/PROKKA_07022026:Prokka:GBPCPCFC_15 (length 46534)
prokka_output/PROKKA_07022026:Prokka:GBPCPCFC_16 (length 13445)
prokka_output/PROKKA_07022026:Prokka:GBPCPCFC_17 (length 18408)
prokka_output/PROKKA_07022026:Prokka:GBPCPCFC_18 (length 59216)
prokka_output/PROKKA_07022026:Prokka:GBPCPCFC_19 (length 4017)
prokka_output/PROKKA_07022026:Prokka:GBPCPCFC_20 (length 17902)
prokka_output/PROKKA_07022026:Prokka:GBPCPCFC_21 (length 20498)
prokka_output/PROKKA_07022026:Prokka:GBPCPCFC_22 (length 1348403)
prokka_output/PROKKA_07022026:Prokka:GBPCPCFC_23 (length 16339)
prokka_output/PROKKA_07022026:Prokka:GBPCPCFC_24 (length 12133)
prokka_output/PROKKA_07022026:Prokka:GBPCPCFC_25 (length 12682)

DiscRep_ALL:OVERLAPPING_GENES::433 genes overlap another gene on the same strand.
prokka_output/PROKKA_07022026:Gene	GBPCPCFC_00002	GBPCPCFC_1:c1191-823	GBPCPCFC_00002
prokka_output/PROKKA_07022026:Gene	GBPCPCFC_00003	GBPCPCFC_1:c1430-1185	GBPCPCFC_00003
prokka_output/PROKKA_07022026:Gene	GBPCPCFC_00005	GBPCPCFC_1:c1976-1881	GBPCPCFC_00005
prokka_output/PROKKA_07022026:Gene	GBPCPCFC_00006	GBPCPCFC_1:c2118-1954	GBPCPCFC_00006
prokka_output/PROKKA_07022026:Gene	GBPCPCFC_00011	GBPCPCFC_1:3708-5102	GBPCPCFC_00011
prokka_output/PROKKA_07022026:Gene	GBPCPCFC_00012	GBPCPCFC_1:5102-5674	GBPCPCFC_00012
prokka_output/PROKKA_07022026:Gene	GBPCPCFC_00017	GBPCPCFC_1:6714-6968	GBPCPCFC_00017
prokka_output/PROKKA_07022026:Gene	GBPCPCFC_00018	GBPCPCFC_1:6965-7171	GBPCPCFC_00018
prokka_output/PROKKA_07022026:Gene	GBPCPCFC_00025	GBPCPCFC_1:11909-12148	GBPCPCFC_00025
prokka_output/PROKKA_07022026:Gene	GBPCPCFC_00026	GBPCPCFC_1:12145-14262	GBPCPCFC_00026
prokka_output/PROKKA_07022026:Gene	yafQ	GBPCPCFC_1:c23412-23131	GBPCPCFC_00035
prokka_output/PROKKA_07022026:Gene	dinJ	GBPCPCFC_1:c23662-23399	GBPCPCFC_00036
prokka_output/PROKKA_07022026:Gene	GBPCPCFC_00039	GBPCPCFC_1:24879-25205	GBPCPCFC_00039
prokka_output/PROKKA_07022026:Gene	vapC	GBPCPCFC_1:25195-25584	GBPCPCFC_00040
prokka_output/PROKKA_07022026:Gene	soj_1	GBPCPCFC_1:26113-26886	GBPCPCFC_00041
prokka_output/PROKKA_07022026:Gene	GBPCPCFC_00042	GBPCPCFC_1:26879-27199	GBPCPCFC_00042
prokka_output/PROKKA_07022026:Gene	GBPCPCFC_00045	GBPCPCFC_1:28975-31383	GBPCPCFC_00045
prokka_output/PROKKA_07022026:Gene	GBPCPCFC_00046	GBPCPCFC_1:31373-32101	GBPCPCFC_00046
prokka_output/PROKKA_07022026:Gene	GBPCPCFC_00057	GBPCPCFC_1:c37955-37560	GBPCPCFC_00057
prokka_output/PROKKA_07022026:Gene	GBPCPCFC_00058	GBPCPCFC_1:c38328-37918	GBPCPCFC_00058
prokka_output/PROKKA_07022026:Gene	GBPCPCFC_00063	GBPCPCFC_1:42368-43489	GBPCPCFC_00063
prokka_output/PROKKA_07022026:Gene	GBPCPCFC_00064	GBPCPCFC_1:43479-44120	GBPCPCFC_00064
prokka_output/PROKKA_07022026:Gene	GBPCPCFC_00071	GBPCPCFC_1:c50494-50201	GBPCPCFC_00071
prokka_output/PROKKA_07022026:Gene	soj_2	GBPCPCFC_1:c51131-50484	GBPCPCFC_00072
prokka_output/PROKKA_07022026:Gene	relG	GBPCPCFC_1:c54435-54181	GBPCPCFC_00077
prokka_output/PROKKA_07022026:Gene	GBPCPCFC_00078	GBPCPCFC_1:c54650-54435	GBPCPCFC_00078
prokka_output/PROKKA_07022026:Gene	GBPCPCFC_00085	GBPCPCFC_1:60372-60734	GBPCPCFC_00085
prokka_output/PROKKA_07022026:Gene	GBPCPCFC_00086	GBPCPCFC_1:60721-60906	GBPCPCFC_00086
prokka_output/PROKKA_07022026:Gene	GBPCPCFC_00089	GBPCPCFC_1:64797-65576	GBPCPCFC_00089
prokka_output/PROKKA_07022026:Gene	tagH_1	GBPCPCFC_1:65569-67383	GBPCPCFC_00090
prokka_output/PROKKA_07022026:Gene	ubiG_1	GBPCPCFC_1:67376-69082	GBPCPCFC_00091
prokka_output/PROKKA_07022026:Gene	yjhC	GBPCPCFC_1:78739-79671	GBPCPCFC_00099
prokka_output/PROKKA_07022026:Gene	wbpD	GBPCPCFC_1:79658-80248	GBPCPCFC_00100
prokka_output/PROKKA_07022026:Gene	GBPCPCFC_00103	GBPCPCFC_1:c82981-82607	GBPCPCFC_00103
prokka_output/PROKKA_07022026:Gene	GBPCPCFC_00104	GBPCPCFC_1:c83442-82975	GBPCPCFC_00104
prokka_output/PROKKA_07022026:Gene	GBPCPCFC_00118	GBPCPCFC_1:92210-92500	GBPCPCFC_00118
prokka_output/PROKKA_07022026:Gene	GBPCPCFC_00119	GBPCPCFC_1:92497-92685	GBPCPCFC_00119
prokka_output/PROKKA_07022026:Gene	GBPCPCFC_00129	GBPCPCFC_3:130-1788	GBPCPCFC_00129
prokka_output/PROKKA_07022026:Gene	GBPCPCFC_00130	GBPCPCFC_3:1782-2120	GBPCPCFC_00130
prokka_output/PROKKA_07022026:Gene	GBPCPCFC_00141	GBPCPCFC_4:c1851-1057	GBPCPCFC_00141
prokka_output/PROKKA_07022026:Gene	GBPCPCFC_00142	GBPCPCFC_4:c4021-1844	GBPCPCFC_00142
prokka_output/PROKKA_07022026:Gene	GBPCPCFC_00160	GBPCPCFC_6:c2419-2243	GBPCPCFC_00160
prokka_output/PROKKA_07022026:Gene	GBPCPCFC_00161	GBPCPCFC_6:c2552-2382	GBPCPCFC_00161
prokka_output/PROKKA_07022026:Gene	GBPCPCFC_00162	GBPCPCFC_6:c2755-2549	GBPCPCFC_00162
prokka_output/PROKKA_07022026:Gene	rcsD	GBPCPCFC_6:18811-19395	GBPCPCFC_00180
prokka_output/PROKKA_07022026:Gene	evgS_1	GBPCPCFC_6:19371-19721	GBPCPCFC_00181
prokka_output/PROKKA_07022026:Gene	smc_2	GBPCPCFC_6:68790-71774	GBPCPCFC_00220
prokka_output/PROKKA_07022026:Gene	GBPCPCFC_00221	GBPCPCFC_6:71771-72052	GBPCPCFC_00221
prokka_output/PROKKA_07022026:Gene	ubiF	GBPCPCFC_6:72049-73209	GBPCPCFC_00222
prokka_output/PROKKA_07022026:Gene	yhdG	GBPCPCFC_6:120934-122346	GBPCPCFC_00266
prokka_output/PROKKA_07022026:Gene	hisS	GBPCPCFC_6:122327-123598	GBPCPCFC_00267
prokka_output/PROKKA_07022026:Gene	GBPCPCFC_00288	GBPCPCFC_6:148441-148710	GBPCPCFC_00288
prokka_output/PROKKA_07022026:Gene	GBPCPCFC_00289	GBPCPCFC_6:148707-148805	GBPCPCFC_00289
prokka_output/PROKKA_07022026:Gene	parB	GBPCPCFC_6:c178143-177268	GBPCPCFC_00314
prokka_output/PROKKA_07022026:Gene	parA	GBPCPCFC_6:c178904-178140	GBPCPCFC_00315
prokka_output/PROKKA_07022026:Gene	rsmG	GBPCPCFC_6:c179479-178901	GBPCPCFC_00316
prokka_output/PROKKA_07022026:Gene	mnmG	GBPCPCFC_6:c181329-179479	GBPCPCFC_00317
prokka_output/PROKKA_07022026:Gene	lpxL	GBPCPCFC_6:c216780-215875	GBPCPCFC_00342
prokka_output/PROKKA_07022026:Gene	lpxK	GBPCPCFC_6:c217771-216764	GBPCPCFC_00343
prokka_output/PROKKA_07022026:Gene	GBPCPCFC_00345	GBPCPCFC_6:c219323-219234	GBPCPCFC_00345
prokka_output/PROKKA_07022026:Gene	dadA	GBPCPCFC_6:c220332-219310	GBPCPCFC_00346
prokka_output/PROKKA_07022026:Gene	GBPCPCFC_00347	GBPCPCFC_6:c220480-220313	GBPCPCFC_00347
prokka_output/PROKKA_07022026:Gene	atpH	GBPCPCFC_6:245097-245645	GBPCPCFC_00372
prokka_output/PROKKA_07022026:Gene	phlB_3	GBPCPCFC_6:245642-248203	GBPCPCFC_00373
prokka_output/PROKKA_07022026:Gene	atpD	GBPCPCFC_6:251777-253210	GBPCPCFC_00377
prokka_output/PROKKA_07022026:Gene	atpC	GBPCPCFC_6:253207-253650	GBPCPCFC_00378
prokka_output/PROKKA_07022026:Gene	tagO	GBPCPCFC_6:253669-254673	GBPCPCFC_00379
prokka_output/PROKKA_07022026:Gene	GBPCPCFC_00380	GBPCPCFC_6:254670-255011	GBPCPCFC_00380
prokka_output/PROKKA_07022026:Gene	murF	GBPCPCFC_6:258419-259789	GBPCPCFC_00385
prokka_output/PROKKA_07022026:Gene	mraY	GBPCPCFC_6:259786-260871	GBPCPCFC_00386
prokka_output/PROKKA_07022026:Gene	mnhA1	GBPCPCFC_6:269688-270263	GBPCPCFC_00395
prokka_output/PROKKA_07022026:Gene	GBPCPCFC_00396	GBPCPCFC_6:270256-270684	GBPCPCFC_00396
prokka_output/PROKKA_07022026:Gene	hemH	GBPCPCFC_6:c282980-281892	GBPCPCFC_00406
prokka_output/PROKKA_07022026:Gene	hemE	GBPCPCFC_6:c283989-282961	GBPCPCFC_00407
prokka_output/PROKKA_07022026:Gene	emrB	GBPCPCFC_6:306507-308066	GBPCPCFC_00433
prokka_output/PROKKA_07022026:Gene	mnhE1	GBPCPCFC_6:308056-308526	GBPCPCFC_00434
prokka_output/PROKKA_07022026:Gene	GBPCPCFC_00465	GBPCPCFC_6:348283-349515	GBPCPCFC_00465
prokka_output/PROKKA_07022026:Gene	GBPCPCFC_00466	GBPCPCFC_6:349487-350542	GBPCPCFC_00466
prokka_output/PROKKA_07022026:Gene	GBPCPCFC_00469	GBPCPCFC_6:352662-352859	GBPCPCFC_00469
prokka_output/PROKKA_07022026:Gene	GBPCPCFC_00470	GBPCPCFC_6:352849-353034	GBPCPCFC_00470
prokka_output/PROKKA_07022026:Gene	GBPCPCFC_00477	GBPCPCFC_6:357329-357523	GBPCPCFC_00477
prokka_output/PROKKA_07022026:Gene	GBPCPCFC_00478	GBPCPCFC_6:357513-357791	GBPCPCFC_00478
prokka_output/PROKKA_07022026:Gene	GBPCPCFC_00493	GBPCPCFC_6:c370592-370032	GBPCPCFC_00493
prokka_output/PROKKA_07022026:Gene	GBPCPCFC_00494	GBPCPCFC_6:c371053-370586	GBPCPCFC_00494
prokka_output/PROKKA_07022026:Gene	GBPCPCFC_00500	GBPCPCFC_6:c376005-375655	GBPCPCFC_00500
prokka_output/PROKKA_07022026:Gene	GBPCPCFC_00501	GBPCPCFC_6:c376340-375999	GBPCPCFC_00501
prokka_output/PROKKA_07022026:Gene	GBPCPCFC_00507	GBPCPCFC_6:383906-384247	GBPCPCFC_00507
prokka_output/PROKKA_07022026:Gene	GBPCPCFC_00508	GBPCPCFC_6:384241-384591	GBPCPCFC_00508
prokka_output/PROKKA_07022026:Gene	GBPCPCFC_00520	GBPCPCFC_6:395299-395664	GBPCPCFC_00520
prokka_output/PROKKA_07022026:Gene	GBPCPCFC_00521	GBPCPCFC_6:395664-395951	GBPCPCFC_00521
prokka_output/PROKKA_07022026:Gene	GBPCPCFC_00536	GBPCPCFC_6:c412533-412024	GBPCPCFC_00536
prokka_output/PROKKA_07022026:Gene	GBPCPCFC_00537	GBPCPCFC_6:c412675-412514	GBPCPCFC_00537
prokka_output/PROKKA_07022026:Gene	GBPCPCFC_00538	GBPCPCFC_6:c412830-412675	GBPCPCFC_00538
prokka_output/PROKKA_07022026:Gene	GBPCPCFC_00544	GBPCPCFC_7:c6725-6012	GBPCPCFC_00544
prokka_output/PROKKA_07022026:Gene	GBPCPCFC_00545	GBPCPCFC_7:c7699-6716	GBPCPCFC_00545
prokka_output/PROKKA_07022026:Gene	GBPCPCFC_00554	GBPCPCFC_7:c17232-16687	GBPCPCFC_00554
prokka_output/PROKKA_07022026:Gene	todT	GBPCPCFC_7:c17870-17229	GBPCPCFC_00555
prokka_output/PROKKA_07022026:Gene	GBPCPCFC_00573	GBPCPCFC_9:1556-2029	GBPCPCFC_00573
prokka_output/PROKKA_07022026:Gene	GBPCPCFC_00574	GBPCPCFC_9:2011-3519	GBPCPCFC_00574
prokka_output/PROKKA_07022026:Gene	hsdS	GBPCPCFC_9:8821-10215	GBPCPCFC_00578
prokka_output/PROKKA_07022026:Gene	GBPCPCFC_00579	GBPCPCFC_9:10157-10453	GBPCPCFC_00579
prokka_output/PROKKA_07022026:Gene	GBPCPCFC_00580	GBPCPCFC_10:34-780	GBPCPCFC_00580
prokka_output/PROKKA_07022026:Gene	GBPCPCFC_00581	GBPCPCFC_10:777-1157	GBPCPCFC_00581
prokka_output/PROKKA_07022026:Gene	GBPCPCFC_00582	GBPCPCFC_10:1164-1835	GBPCPCFC_00582
prokka_output/PROKKA_07022026:Gene	GBPCPCFC_00583	GBPCPCFC_10:1825-2418	GBPCPCFC_00583
prokka_output/PROKKA_07022026:Gene	GBPCPCFC_00601	GBPCPCFC_11:4712-4825	GBPCPCFC_00601
prokka_output/PROKKA_07022026:Gene	GBPCPCFC_00602	GBPCPCFC_11:4776-4973	GBPCPCFC_00602
prokka_output/PROKKA_07022026:Gene	GBPCPCFC_00604	GBPCPCFC_11:c5626-5405	GBPCPCFC_00604
prokka_output/PROKKA_07022026:Gene	GBPCPCFC_00605	GBPCPCFC_11:c5882-5610	GBPCPCFC_00605
prokka_output/PROKKA_07022026:Gene	GBPCPCFC_00615	GBPCPCFC_11:10663-11286	GBPCPCFC_00615
prokka_output/PROKKA_07022026:Gene	GBPCPCFC_00616	GBPCPCFC_11:11256-11645	GBPCPCFC_00616
prokka_output/PROKKA_07022026:Gene	GBPCPCFC_00639	GBPCPCFC_12:24706-24948	GBPCPCFC_00639
prokka_output/PROKKA_07022026:Gene	GBPCPCFC_00640	GBPCPCFC_12:24945-25364	GBPCPCFC_00640
prokka_output/PROKKA_07022026:Gene	GBPCPCFC_00651	GBPCPCFC_12:38819-39160	GBPCPCFC_00651
prokka_output/PROKKA_07022026:Gene	GBPCPCFC_00652	GBPCPCFC_12:39154-39504	GBPCPCFC_00652
prokka_output/PROKKA_07022026:Gene	GBPCPCFC_00658	GBPCPCFC_12:c47306-46236	GBPCPCFC_00658
prokka_output/PROKKA_07022026:Gene	GBPCPCFC_00659	GBPCPCFC_12:c48301-47291	GBPCPCFC_00659
prokka_output/PROKKA_07022026:Gene	GBPCPCFC_00660	GBPCPCFC_12:c49010-48285	GBPCPCFC_00660
prokka_output/PROKKA_07022026:Gene	GBPCPCFC_00661	GBPCPCFC_12:c50062-48980	GBPCPCFC_00661
prokka_output/PROKKA_07022026:Gene	pomZ	GBPCPCFC_12:56133-57107	GBPCPCFC_00667
prokka_output/PROKKA_07022026:Gene	spo0C	GBPCPCFC_12:57104-57922	GBPCPCFC_00668
prokka_output/PROKKA_07022026:Gene	GBPCPCFC_00686	GBPCPCFC_12:70185-70313	GBPCPCFC_00686
prokka_output/PROKKA_07022026:Gene	GBPCPCFC_00687	GBPCPCFC_12:70310-70828	GBPCPCFC_00687
prokka_output/PROKKA_07022026:Gene	GBPCPCFC_00688	GBPCPCFC_12:70947-71717	GBPCPCFC_00688
prokka_output/PROKKA_07022026:Gene	GBPCPCFC_00689	GBPCPCFC_12:71704-72135	GBPCPCFC_00689
prokka_output/PROKKA_07022026:Gene	GBPCPCFC_00690	GBPCPCFC_12:72132-72251	GBPCPCFC_00690
prokka_output/PROKKA_07022026:Gene	GBPCPCFC_00696	GBPCPCFC_14:175-1962	GBPCPCFC_00696
prokka_output/PROKKA_07022026:Gene	GBPCPCFC_00697	GBPCPCFC_14:1914-3251	GBPCPCFC_00697
prokka_output/PROKKA_07022026:Gene	GBPCPCFC_00703	GBPCPCFC_14:c9938-8775	GBPCPCFC_00703
prokka_output/PROKKA_07022026:Gene	GBPCPCFC_00704	GBPCPCFC_14:c10840-9935	GBPCPCFC_00704
prokka_output/PROKKA_07022026:Gene	GBPCPCFC_00707	GBPCPCFC_14:c12110-11670	GBPCPCFC_00707
prokka_output/PROKKA_07022026:Gene	GBPCPCFC_00708	GBPCPCFC_14:c12601-12050	GBPCPCFC_00708
prokka_output/PROKKA_07022026:Gene	GBPCPCFC_00714	GBPCPCFC_15:c1992-1783	GBPCPCFC_00714
prokka_output/PROKKA_07022026:Gene	GBPCPCFC_00715	GBPCPCFC_15:c2143-1970	GBPCPCFC_00715
prokka_output/PROKKA_07022026:Gene	GBPCPCFC_00721	GBPCPCFC_15:c10362-9895	GBPCPCFC_00721
prokka_output/PROKKA_07022026:Gene	GBPCPCFC_00722	GBPCPCFC_15:c10769-10341	GBPCPCFC_00722
prokka_output/PROKKA_07022026:Gene	GBPCPCFC_00723	GBPCPCFC_15:c10915-10766	GBPCPCFC_00723
prokka_output/PROKKA_07022026:Gene	GBPCPCFC_00731	GBPCPCFC_15:18174-18308	GBPCPCFC_00731
prokka_output/PROKKA_07022026:Gene	GBPCPCFC_00732	GBPCPCFC_15:18305-18583	GBPCPCFC_00732
prokka_output/PROKKA_07022026:Gene	GBPCPCFC_00743	GBPCPCFC_15:c25897-23636	GBPCPCFC_00743
prokka_output/PROKKA_07022026:Gene	GBPCPCFC_00744	GBPCPCFC_15:c26036-25869	GBPCPCFC_00744
prokka_output/PROKKA_07022026:Gene	rsh_4	GBPCPCFC_15:c28617-28024	GBPCPCFC_00747
prokka_output/PROKKA_07022026:Gene	GBPCPCFC_00748	GBPCPCFC_15:c28922-28614	GBPCPCFC_00748
prokka_output/PROKKA_07022026:Gene	GBPCPCFC_00753	GBPCPCFC_15:c32783-32235	GBPCPCFC_00753
prokka_output/PROKKA_07022026:Gene	GBPCPCFC_00754	GBPCPCFC_15:c33540-32770	GBPCPCFC_00754
prokka_output/PROKKA_07022026:Gene	GBPCPCFC_00767	GBPCPCFC_15:43154-43294	GBPCPCFC_00767
prokka_output/PROKKA_07022026:Gene	GBPCPCFC_00768	GBPCPCFC_15:43275-43493	GBPCPCFC_00768
prokka_output/PROKKA_07022026:Gene	GBPCPCFC_00773	GBPCPCFC_15:c45362-45246	GBPCPCFC_00773
prokka_output/PROKKA_07022026:Gene	GBPCPCFC_00774	GBPCPCFC_15:c45529-45332	GBPCPCFC_00774
prokka_output/PROKKA_07022026:Gene	GBPCPCFC_00776	GBPCPCFC_16:255-887	GBPCPCFC_00776
prokka_output/PROKKA_07022026:Gene	GBPCPCFC_00777	GBPCPCFC_16:884-1630	GBPCPCFC_00777
prokka_output/PROKKA_07022026:Gene	GBPCPCFC_00779	GBPCPCFC_16:2566-4062	GBPCPCFC_00779
prokka_output/PROKKA_07022026:Gene	GBPCPCFC_00780	GBPCPCFC_16:4031-6535	GBPCPCFC_00780
prokka_output/PROKKA_07022026:Gene	GBPCPCFC_00784	GBPCPCFC_16:c11166-10804	GBPCPCFC_00784
prokka_output/PROKKA_07022026:Gene	parD4	GBPCPCFC_16:c11405-11163	GBPCPCFC_00785
prokka_output/PROKKA_07022026:Gene	GBPCPCFC_00794	GBPCPCFC_17:6013-6852	GBPCPCFC_00794
prokka_output/PROKKA_07022026:Gene	GBPCPCFC_00795	GBPCPCFC_17:6797-8812	GBPCPCFC_00795
prokka_output/PROKKA_07022026:Gene	GBPCPCFC_00796	GBPCPCFC_17:8793-9335	GBPCPCFC_00796
prokka_output/PROKKA_07022026:Gene	GBPCPCFC_00797	GBPCPCFC_17:9298-9891	GBPCPCFC_00797
prokka_output/PROKKA_07022026:Gene	caeB	GBPCPCFC_17:c12877-11600	GBPCPCFC_00800
prokka_output/PROKKA_07022026:Gene	GBPCPCFC_00801	GBPCPCFC_17:c13994-12837	GBPCPCFC_00801
prokka_output/PROKKA_07022026:Gene	GBPCPCFC_00808	GBPCPCFC_18:26-415	GBPCPCFC_00808
prokka_output/PROKKA_07022026:Gene	GBPCPCFC_00809	GBPCPCFC_18:376-1548	GBPCPCFC_00809
prokka_output/PROKKA_07022026:Gene	GBPCPCFC_00813	GBPCPCFC_18:3890-4996	GBPCPCFC_00813
prokka_output/PROKKA_07022026:Gene	GBPCPCFC_00814	GBPCPCFC_18:4963-5883	GBPCPCFC_00814
prokka_output/PROKKA_07022026:Gene	GBPCPCFC_00822	GBPCPCFC_18:13686-14267	GBPCPCFC_00822
prokka_output/PROKKA_07022026:Gene	GBPCPCFC_00823	GBPCPCFC_18:14210-15418	GBPCPCFC_00823
prokka_output/PROKKA_07022026:Gene	GBPCPCFC_00827	GBPCPCFC_18:c19497-18742	GBPCPCFC_00827
prokka_output/PROKKA_07022026:Gene	GBPCPCFC_00828	GBPCPCFC_18:c20194-19472	GBPCPCFC_00828
prokka_output/PROKKA_07022026:Gene	GBPCPCFC_00839	GBPCPCFC_18:c29549-29103	GBPCPCFC_00839
prokka_output/PROKKA_07022026:Gene	GBPCPCFC_00840	GBPCPCFC_18:c29974-29546	GBPCPCFC_00840
prokka_output/PROKKA_07022026:Gene	GBPCPCFC_00841	GBPCPCFC_18:30181-30528	GBPCPCFC_00841
prokka_output/PROKKA_07022026:Gene	GBPCPCFC_00842	GBPCPCFC_18:30474-30911	GBPCPCFC_00842
prokka_output/PROKKA_07022026:Gene	GBPCPCFC_00846	GBPCPCFC_18:33351-33992	GBPCPCFC_00846
prokka_output/PROKKA_07022026:Gene	GBPCPCFC_00847	GBPCPCFC_18:33989-34813	GBPCPCFC_00847
prokka_output/PROKKA_07022026:Gene	GBPCPCFC_00850	GBPCPCFC_18:36016-36339	GBPCPCFC_00850
prokka_output/PROKKA_07022026:Gene	GBPCPCFC_00851	GBPCPCFC_18:36336-37061	GBPCPCFC_00851
prokka_output/PROKKA_07022026:Gene	GBPCPCFC_00854	GBPCPCFC_18:39174-39803	GBPCPCFC_00854
prokka_output/PROKKA_07022026:Gene	GBPCPCFC_00855	GBPCPCFC_18:39800-40732	GBPCPCFC_00855
prokka_output/PROKKA_07022026:Gene	GBPCPCFC_00858	GBPCPCFC_18:c42482-41988	GBPCPCFC_00858
prokka_output/PROKKA_07022026:Gene	GBPCPCFC_00859	GBPCPCFC_18:c43444-42482	GBPCPCFC_00859
prokka_output/PROKKA_07022026:Gene	GBPCPCFC_00864	GBPCPCFC_18:48666-49772	GBPCPCFC_00864
prokka_output/PROKKA_07022026:Gene	GBPCPCFC_00865	GBPCPCFC_18:49739-50659	GBPCPCFC_00865
prokka_output/PROKKA_07022026:Gene	GBPCPCFC_00871	GBPCPCFC_18:55517-56092	GBPCPCFC_00871
prokka_output/PROKKA_07022026:Gene	GBPCPCFC_00872	GBPCPCFC_18:56092-56613	GBPCPCFC_00872
prokka_output/PROKKA_07022026:Gene	GBPCPCFC_00878	GBPCPCFC_20:6-2369	GBPCPCFC_00878
prokka_output/PROKKA_07022026:Gene	GBPCPCFC_00879	GBPCPCFC_20:2366-3625	GBPCPCFC_00879
prokka_output/PROKKA_07022026:Gene	GBPCPCFC_00885	GBPCPCFC_20:c9652-8309	GBPCPCFC_00885
prokka_output/PROKKA_07022026:Gene	GBPCPCFC_00886	GBPCPCFC_20:c10766-9642	GBPCPCFC_00886
prokka_output/PROKKA_07022026:Gene	GBPCPCFC_00896	GBPCPCFC_21:c5042-4722	GBPCPCFC_00896
prokka_output/PROKKA_07022026:Gene	GBPCPCFC_00897	GBPCPCFC_21:c5503-5027	GBPCPCFC_00897
prokka_output/PROKKA_07022026:Gene	GBPCPCFC_00907	GBPCPCFC_21:c14237-13470	GBPCPCFC_00907
prokka_output/PROKKA_07022026:Gene	GBPCPCFC_00908	GBPCPCFC_21:c14743-14234	GBPCPCFC_00908
prokka_output/PROKKA_07022026:Gene	GBPCPCFC_00911	GBPCPCFC_21:c18511-16943	GBPCPCFC_00911
prokka_output/PROKKA_07022026:Gene	GBPCPCFC_00912	GBPCPCFC_21:c18987-18502	GBPCPCFC_00912
prokka_output/PROKKA_07022026:Gene	GBPCPCFC_00935	GBPCPCFC_22:c23975-22602	GBPCPCFC_00935
prokka_output/PROKKA_07022026:Gene	GBPCPCFC_00936	GBPCPCFC_22:c24240-23947	GBPCPCFC_00936
prokka_output/PROKKA_07022026:Gene	GBPCPCFC_00938	GBPCPCFC_22:c26028-25057	GBPCPCFC_00938
prokka_output/PROKKA_07022026:Gene	GBPCPCFC_00939	GBPCPCFC_22:c26504-26025	GBPCPCFC_00939
prokka_output/PROKKA_07022026:Gene	GBPCPCFC_00944	GBPCPCFC_22:c31709-30396	GBPCPCFC_00944
prokka_output/PROKKA_07022026:Gene	GBPCPCFC_00945	GBPCPCFC_22:c32964-31675	GBPCPCFC_00945
prokka_output/PROKKA_07022026:Gene	GBPCPCFC_00947	GBPCPCFC_22:34873-35166	GBPCPCFC_00947
prokka_output/PROKKA_07022026:Gene	GBPCPCFC_00948	GBPCPCFC_22:35154-35615	GBPCPCFC_00948
prokka_output/PROKKA_07022026:Gene	GBPCPCFC_00958	GBPCPCFC_22:c46232-45036	GBPCPCFC_00958
prokka_output/PROKKA_07022026:Gene	GBPCPCFC_00959	GBPCPCFC_22:c47241-46195	GBPCPCFC_00959
prokka_output/PROKKA_07022026:Gene	GBPCPCFC_00990	GBPCPCFC_22:74682-74924	GBPCPCFC_00990
prokka_output/PROKKA_07022026:Gene	GBPCPCFC_00991	GBPCPCFC_22:74909-75778	GBPCPCFC_00991
prokka_output/PROKKA_07022026:Gene	waaA	GBPCPCFC_22:c99286-97997	GBPCPCFC_01011
prokka_output/PROKKA_07022026:Gene	GBPCPCFC_01012	GBPCPCFC_22:c99936-99283	GBPCPCFC_01012
prokka_output/PROKKA_07022026:Gene	GBPCPCFC_01026	GBPCPCFC_22:114502-115197	GBPCPCFC_01026
prokka_output/PROKKA_07022026:Gene	virB9_1	GBPCPCFC_22:115197-115946	GBPCPCFC_01027
prokka_output/PROKKA_07022026:Gene	GBPCPCFC_01028	GBPCPCFC_22:115962-116462	GBPCPCFC_01028
prokka_output/PROKKA_07022026:Gene	mnhD1	GBPCPCFC_22:116459-118012	GBPCPCFC_01029
prokka_output/PROKKA_07022026:Gene	rluB	GBPCPCFC_22:129904-130596	GBPCPCFC_01039
prokka_output/PROKKA_07022026:Gene	rsmD	GBPCPCFC_22:130596-131168	GBPCPCFC_01040
prokka_output/PROKKA_07022026:Gene	GBPCPCFC_01046	GBPCPCFC_22:136134-136400	GBPCPCFC_01046
prokka_output/PROKKA_07022026:Gene	GBPCPCFC_01047	GBPCPCFC_22:136397-137755	GBPCPCFC_01047
prokka_output/PROKKA_07022026:Gene	artP	GBPCPCFC_22:229921-230652	GBPCPCFC_01121
prokka_output/PROKKA_07022026:Gene	ntaB	GBPCPCFC_22:230637-231119	GBPCPCFC_01122
prokka_output/PROKKA_07022026:Gene	dapB	GBPCPCFC_22:231116-231928	GBPCPCFC_01123
prokka_output/PROKKA_07022026:Gene	tlpA	GBPCPCFC_22:252214-252963	GBPCPCFC_01142
prokka_output/PROKKA_07022026:Gene	sppA	GBPCPCFC_22:252960-253895	GBPCPCFC_01143
prokka_output/PROKKA_07022026:Gene	cgtA	GBPCPCFC_22:253892-254887	GBPCPCFC_01144
prokka_output/PROKKA_07022026:Gene	GBPCPCFC_01145	GBPCPCFC_22:c256288-255095	GBPCPCFC_01145
prokka_output/PROKKA_07022026:Gene	GBPCPCFC_01146	GBPCPCFC_22:c257664-256285	GBPCPCFC_01146
prokka_output/PROKKA_07022026:Gene	rpsJ	GBPCPCFC_22:267934-268263	GBPCPCFC_01159
prokka_output/PROKKA_07022026:Gene	rplC	GBPCPCFC_22:268260-268907	GBPCPCFC_01160
prokka_output/PROKKA_07022026:Gene	rplD	GBPCPCFC_22:268913-269536	GBPCPCFC_01161
prokka_output/PROKKA_07022026:Gene	rplW	GBPCPCFC_22:269533-269829	GBPCPCFC_01162
prokka_output/PROKKA_07022026:Gene	rplB	GBPCPCFC_22:269829-270650	GBPCPCFC_01163
prokka_output/PROKKA_07022026:Gene	rplP	GBPCPCFC_22:271980-272390	GBPCPCFC_01167
prokka_output/PROKKA_07022026:Gene	rpmC	GBPCPCFC_22:272383-272595	GBPCPCFC_01168
prokka_output/PROKKA_07022026:Gene	rplX	GBPCPCFC_22:273271-273600	GBPCPCFC_01171
prokka_output/PROKKA_07022026:Gene	rplE	GBPCPCFC_22:273600-274142	GBPCPCFC_01172
prokka_output/PROKKA_07022026:Gene	mlaE	GBPCPCFC_22:c286742-285969	GBPCPCFC_01191
prokka_output/PROKKA_07022026:Gene	alr1	GBPCPCFC_22:c287865-286732	GBPCPCFC_01192
prokka_output/PROKKA_07022026:Gene	eptA	GBPCPCFC_22:310017-311588	GBPCPCFC_01210
prokka_output/PROKKA_07022026:Gene	GBPCPCFC_01211	GBPCPCFC_22:311588-311998	GBPCPCFC_01211
prokka_output/PROKKA_07022026:Gene	GBPCPCFC_01212	GBPCPCFC_22:311964-312950	GBPCPCFC_01212
prokka_output/PROKKA_07022026:Gene	mtaB	GBPCPCFC_22:c321314-320007	GBPCPCFC_01216
prokka_output/PROKKA_07022026:Gene	dapF	GBPCPCFC_22:c322137-321307	GBPCPCFC_01217
prokka_output/PROKKA_07022026:Gene	ftsW	GBPCPCFC_22:331651-332796	GBPCPCFC_01228
prokka_output/PROKKA_07022026:Gene	murG	GBPCPCFC_22:332793-333863	GBPCPCFC_01229
prokka_output/PROKKA_07022026:Gene	GBPCPCFC_01232	GBPCPCFC_22:c335554-335024	GBPCPCFC_01232
prokka_output/PROKKA_07022026:Gene	kefC	GBPCPCFC_22:c337274-335535	GBPCPCFC_01233
prokka_output/PROKKA_07022026:Gene	nqo2	GBPCPCFC_22:c340488-339982	GBPCPCFC_01239
prokka_output/PROKKA_07022026:Gene	nuoD	GBPCPCFC_22:c341747-340485	GBPCPCFC_01240
prokka_output/PROKKA_07022026:Gene	ndhC	GBPCPCFC_22:c343300-342926	GBPCPCFC_01243
prokka_output/PROKKA_07022026:Gene	GBPCPCFC_01244	GBPCPCFC_22:c344567-343284	GBPCPCFC_01244
prokka_output/PROKKA_07022026:Gene	GBPCPCFC_01256	GBPCPCFC_22:356143-356484	GBPCPCFC_01256
prokka_output/PROKKA_07022026:Gene	GBPCPCFC_01257	GBPCPCFC_22:356478-356828	GBPCPCFC_01257
prokka_output/PROKKA_07022026:Gene	GBPCPCFC_01267	GBPCPCFC_22:366262-366933	GBPCPCFC_01267
prokka_output/PROKKA_07022026:Gene	NADK	GBPCPCFC_22:366906-367688	GBPCPCFC_01268
prokka_output/PROKKA_07022026:Gene	GBPCPCFC_01269	GBPCPCFC_22:367697-368779	GBPCPCFC_01269
prokka_output/PROKKA_07022026:Gene	ubiD	GBPCPCFC_22:368776-370254	GBPCPCFC_01270
prokka_output/PROKKA_07022026:Gene	ctaA	GBPCPCFC_22:387550-388593	GBPCPCFC_01282
prokka_output/PROKKA_07022026:Gene	rluC	GBPCPCFC_22:388574-389521	GBPCPCFC_01283
prokka_output/PROKKA_07022026:Gene	GBPCPCFC_01291	GBPCPCFC_22:395012-396892	GBPCPCFC_01291
prokka_output/PROKKA_07022026:Gene	GBPCPCFC_01292	GBPCPCFC_22:396882-397115	GBPCPCFC_01292
prokka_output/PROKKA_07022026:Gene	GBPCPCFC_01300	GBPCPCFC_22:c404126-402816	GBPCPCFC_01300
prokka_output/PROKKA_07022026:Gene	GBPCPCFC_01301	GBPCPCFC_22:c404439-404080	GBPCPCFC_01301
prokka_output/PROKKA_07022026:Gene	GBPCPCFC_01333	GBPCPCFC_22:436416-436688	GBPCPCFC_01333
prokka_output/PROKKA_07022026:Gene	GBPCPCFC_01334	GBPCPCFC_22:436681-437490	GBPCPCFC_01334
prokka_output/PROKKA_07022026:Gene	GBPCPCFC_01342	GBPCPCFC_22:443493-444269	GBPCPCFC_01342
prokka_output/PROKKA_07022026:Gene	GBPCPCFC_01343	GBPCPCFC_22:444266-447454	GBPCPCFC_01343
prokka_output/PROKKA_07022026:Gene	tadA	GBPCPCFC_22:c448203-447697	GBPCPCFC_01344
prokka_output/PROKKA_07022026:Gene	fieF	GBPCPCFC_22:c449062-448154	GBPCPCFC_01345
prokka_output/PROKKA_07022026:Gene	gltX1	GBPCPCFC_22:c462701-461265	GBPCPCFC_01361
prokka_output/PROKKA_07022026:Gene	ubiG_2	GBPCPCFC_22:c463485-462694	GBPCPCFC_01362
prokka_output/PROKKA_07022026:Gene	ogt	GBPCPCFC_22:c489056-488544	GBPCPCFC_01384
prokka_output/PROKKA_07022026:Gene	metG	GBPCPCFC_22:c490585-489053	GBPCPCFC_01385
prokka_output/PROKKA_07022026:Gene	serS	GBPCPCFC_22:c498131-496851	GBPCPCFC_01388
prokka_output/PROKKA_07022026:Gene	tatC	GBPCPCFC_22:c498877-498125	GBPCPCFC_01389
prokka_output/PROKKA_07022026:Gene	GBPCPCFC_01399	GBPCPCFC_22:505684-506022	GBPCPCFC_01399
prokka_output/PROKKA_07022026:Gene	GBPCPCFC_01400	GBPCPCFC_22:506012-506446	GBPCPCFC_01400
prokka_output/PROKKA_07022026:Gene	GBPCPCFC_01401	GBPCPCFC_22:506443-507036	GBPCPCFC_01401
prokka_output/PROKKA_07022026:Gene	GBPCPCFC_01402	GBPCPCFC_22:507033-507848	GBPCPCFC_01402
prokka_output/PROKKA_07022026:Gene	GBPCPCFC_01403	GBPCPCFC_22:507845-508018	GBPCPCFC_01403
prokka_output/PROKKA_07022026:Gene	GBPCPCFC_01404	GBPCPCFC_22:508005-508448	GBPCPCFC_01404
prokka_output/PROKKA_07022026:Gene	rpsO	GBPCPCFC_22:c528002-527733	GBPCPCFC_01420
prokka_output/PROKKA_07022026:Gene	truB	GBPCPCFC_22:c528912-527980	GBPCPCFC_01421
prokka_output/PROKKA_07022026:Gene	GBPCPCFC_01429	GBPCPCFC_22:534643-536196	GBPCPCFC_01429
prokka_output/PROKKA_07022026:Gene	GBPCPCFC_01430	GBPCPCFC_22:536169-536843	GBPCPCFC_01430
prokka_output/PROKKA_07022026:Gene	dnaA_1	GBPCPCFC_22:c565912-564521	GBPCPCFC_01457
prokka_output/PROKKA_07022026:Gene	GBPCPCFC_01458	GBPCPCFC_22:c566280-565909	GBPCPCFC_01458
prokka_output/PROKKA_07022026:Gene	GBPCPCFC_01462	GBPCPCFC_22:c572325-571861	GBPCPCFC_01462
prokka_output/PROKKA_07022026:Gene	GBPCPCFC_01463	GBPCPCFC_22:c572624-572322	GBPCPCFC_01463
prokka_output/PROKKA_07022026:Gene	rnhA	GBPCPCFC_22:576303-576866	GBPCPCFC_01468
prokka_output/PROKKA_07022026:Gene	GBPCPCFC_01469	GBPCPCFC_22:576854-577348	GBPCPCFC_01469
prokka_output/PROKKA_07022026:Gene	mlaD	GBPCPCFC_22:577333-577818	GBPCPCFC_01470
prokka_output/PROKKA_07022026:Gene	virB8	GBPCPCFC_22:577884-578606	GBPCPCFC_01471
prokka_output/PROKKA_07022026:Gene	virB9_2	GBPCPCFC_22:578593-579078	GBPCPCFC_01472
prokka_output/PROKKA_07022026:Gene	GBPCPCFC_01473	GBPCPCFC_22:579128-580570	GBPCPCFC_01473
prokka_output/PROKKA_07022026:Gene	GBPCPCFC_01474	GBPCPCFC_22:580567-581565	GBPCPCFC_01474
prokka_output/PROKKA_07022026:Gene	GBPCPCFC_01501	GBPCPCFC_22:c613537-612692	GBPCPCFC_01501
prokka_output/PROKKA_07022026:Gene	GBPCPCFC_01502	GBPCPCFC_22:c614870-613509	GBPCPCFC_01502
prokka_output/PROKKA_07022026:Gene	GBPCPCFC_01506	GBPCPCFC_22:617742-618455	GBPCPCFC_01506
prokka_output/PROKKA_07022026:Gene	GBPCPCFC_01507	GBPCPCFC_22:618448-619521	GBPCPCFC_01507
prokka_output/PROKKA_07022026:Gene	glnQ	GBPCPCFC_22:624446-625168	GBPCPCFC_01513
prokka_output/PROKKA_07022026:Gene	GBPCPCFC_01514	GBPCPCFC_22:625165-625680	GBPCPCFC_01514
prokka_output/PROKKA_07022026:Gene	tolQ	GBPCPCFC_22:645427-646149	GBPCPCFC_01532
prokka_output/PROKKA_07022026:Gene	exbD	GBPCPCFC_22:646149-646583	GBPCPCFC_01533
prokka_output/PROKKA_07022026:Gene	GBPCPCFC_01534	GBPCPCFC_22:646573-647667	GBPCPCFC_01534
prokka_output/PROKKA_07022026:Gene	lepB_2	GBPCPCFC_22:648006-648503	GBPCPCFC_01536
prokka_output/PROKKA_07022026:Gene	rnc	GBPCPCFC_22:648493-649230	GBPCPCFC_01537
prokka_output/PROKKA_07022026:Gene	recO	GBPCPCFC_22:650236-650964	GBPCPCFC_01539
prokka_output/PROKKA_07022026:Gene	dapb3	GBPCPCFC_22:650951-653008	GBPCPCFC_01540
prokka_output/PROKKA_07022026:Gene	proP_6	GBPCPCFC_22:657496-658755	GBPCPCFC_01545
prokka_output/PROKKA_07022026:Gene	msbA_1	GBPCPCFC_22:658742-660529	GBPCPCFC_01546
prokka_output/PROKKA_07022026:Gene	GBPCPCFC_01551	GBPCPCFC_22:c664955-664827	GBPCPCFC_01551
prokka_output/PROKKA_07022026:Gene	GBPCPCFC_01552	GBPCPCFC_22:c665646-664900	GBPCPCFC_01552
prokka_output/PROKKA_07022026:Gene	algC_4	GBPCPCFC_22:667003-667671	GBPCPCFC_01555
prokka_output/PROKKA_07022026:Gene	algC_5	GBPCPCFC_22:667649-667939	GBPCPCFC_01556
prokka_output/PROKKA_07022026:Gene	envZ	GBPCPCFC_22:c680646-679342	GBPCPCFC_01567
prokka_output/PROKKA_07022026:Gene	ompR	GBPCPCFC_22:c681445-680621	GBPCPCFC_01568
prokka_output/PROKKA_07022026:Gene	ilvE	GBPCPCFC_22:681540-682427	GBPCPCFC_01569
prokka_output/PROKKA_07022026:Gene	dapA	GBPCPCFC_22:682424-683332	GBPCPCFC_01570
prokka_output/PROKKA_07022026:Gene	rlmE	GBPCPCFC_22:c684580-683840	GBPCPCFC_01572
prokka_output/PROKKA_07022026:Gene	nusB	GBPCPCFC_22:c685047-684574	GBPCPCFC_01573
prokka_output/PROKKA_07022026:Gene	hslU	GBPCPCFC_22:c700717-699374	GBPCPCFC_01583
prokka_output/PROKKA_07022026:Gene	hslV	GBPCPCFC_22:c701274-700714	GBPCPCFC_01584
prokka_output/PROKKA_07022026:Gene	asd2	GBPCPCFC_22:702102-703115	GBPCPCFC_01587
prokka_output/PROKKA_07022026:Gene	glnA	GBPCPCFC_22:703115-704077	GBPCPCFC_01588
prokka_output/PROKKA_07022026:Gene	zapE	GBPCPCFC_22:735501-736526	GBPCPCFC_01611
prokka_output/PROKKA_07022026:Gene	tmk_2	GBPCPCFC_22:736513-737193	GBPCPCFC_01612
prokka_output/PROKKA_07022026:Gene	uppS	GBPCPCFC_22:771218-771982	GBPCPCFC_01645
prokka_output/PROKKA_07022026:Gene	cdsA	GBPCPCFC_22:771957-772694	GBPCPCFC_01646
prokka_output/PROKKA_07022026:Gene	GBPCPCFC_01647	GBPCPCFC_22:772691-773011	GBPCPCFC_01647
prokka_output/PROKKA_07022026:Gene	rsmA	GBPCPCFC_22:c775873-775052	GBPCPCFC_01649
prokka_output/PROKKA_07022026:Gene	surA	GBPCPCFC_22:c776784-775870	GBPCPCFC_01650
prokka_output/PROKKA_07022026:Gene	GBPCPCFC_01672	GBPCPCFC_22:c803598-803251	GBPCPCFC_01672
prokka_output/PROKKA_07022026:Gene	traC	GBPCPCFC_22:c806105-803595	GBPCPCFC_01673
prokka_output/PROKKA_07022026:Gene	GBPCPCFC_01674	GBPCPCFC_22:c806350-806102	GBPCPCFC_01674
prokka_output/PROKKA_07022026:Gene	GBPCPCFC_01675	GBPCPCFC_22:c807837-806350	GBPCPCFC_01675
prokka_output/PROKKA_07022026:Gene	GBPCPCFC_01677	GBPCPCFC_22:c808650-808216	GBPCPCFC_01677
prokka_output/PROKKA_07022026:Gene	GBPCPCFC_01678	GBPCPCFC_22:c809141-808647	GBPCPCFC_01678
prokka_output/PROKKA_07022026:Gene	GBPCPCFC_01688	GBPCPCFC_22:816374-816538	GBPCPCFC_01688
prokka_output/PROKKA_07022026:Gene	GBPCPCFC_01689	GBPCPCFC_22:816535-817134	GBPCPCFC_01689
prokka_output/PROKKA_07022026:Gene	fdxA	GBPCPCFC_22:c823803-823471	GBPCPCFC_01698
prokka_output/PROKKA_07022026:Gene	ccmC	GBPCPCFC_22:c824501-823800	GBPCPCFC_01699
prokka_output/PROKKA_07022026:Gene	ssaB	GBPCPCFC_22:c825316-824486	GBPCPCFC_01700
prokka_output/PROKKA_07022026:Gene	cca	GBPCPCFC_22:c826554-825313	GBPCPCFC_01701
prokka_output/PROKKA_07022026:Gene	GBPCPCFC_01703	GBPCPCFC_22:c828080-827931	GBPCPCFC_01703
prokka_output/PROKKA_07022026:Gene	GBPCPCFC_01704	GBPCPCFC_22:c828433-828050	GBPCPCFC_01704
prokka_output/PROKKA_07022026:Gene	icaA	GBPCPCFC_22:c837356-835503	GBPCPCFC_01713
prokka_output/PROKKA_07022026:Gene	GBPCPCFC_01714	GBPCPCFC_22:c838219-837341	GBPCPCFC_01714
prokka_output/PROKKA_07022026:Gene	tnpA_6	GBPCPCFC_22:880352-883579	GBPCPCFC_01755
prokka_output/PROKKA_07022026:Gene	GBPCPCFC_01756	GBPCPCFC_22:883572-887486	GBPCPCFC_01756
prokka_output/PROKKA_07022026:Gene	GBPCPCFC_01757	GBPCPCFC_22:887462-889024	GBPCPCFC_01757
prokka_output/PROKKA_07022026:Gene	GBPCPCFC_01779	GBPCPCFC_22:917858-918961	GBPCPCFC_01779
prokka_output/PROKKA_07022026:Gene	GBPCPCFC_01780	GBPCPCFC_22:918939-920195	GBPCPCFC_01780
prokka_output/PROKKA_07022026:Gene	secG	GBPCPCFC_22:c921813-921508	GBPCPCFC_01784
prokka_output/PROKKA_07022026:Gene	tpiA	GBPCPCFC_22:c922540-921803	GBPCPCFC_01785
prokka_output/PROKKA_07022026:Gene	GBPCPCFC_01788	GBPCPCFC_22:c926157-925078	GBPCPCFC_01788
prokka_output/PROKKA_07022026:Gene	lgt	GBPCPCFC_22:c926927-926136	GBPCPCFC_01789
prokka_output/PROKKA_07022026:Gene	GBPCPCFC_01798	GBPCPCFC_22:c936687-935845	GBPCPCFC_01798
prokka_output/PROKKA_07022026:Gene	GBPCPCFC_01799	GBPCPCFC_22:c937549-936671	GBPCPCFC_01799
prokka_output/PROKKA_07022026:Gene	murB	GBPCPCFC_22:960218-961105	GBPCPCFC_01824
prokka_output/PROKKA_07022026:Gene	ddlB	GBPCPCFC_22:961098-962063	GBPCPCFC_01825
prokka_output/PROKKA_07022026:Gene	ftsQ	GBPCPCFC_22:962060-962854	GBPCPCFC_01826
prokka_output/PROKKA_07022026:Gene	phaB	GBPCPCFC_22:970020-970745	GBPCPCFC_01835
prokka_output/PROKKA_07022026:Gene	GBPCPCFC_01836	GBPCPCFC_22:970687-971133	GBPCPCFC_01836
prokka_output/PROKKA_07022026:Gene	lolE	GBPCPCFC_22:989262-990509	GBPCPCFC_01852
prokka_output/PROKKA_07022026:Gene	lolD	GBPCPCFC_22:990502-991215	GBPCPCFC_01853
prokka_output/PROKKA_07022026:Gene	GBPCPCFC_01854	GBPCPCFC_22:991483-993933	GBPCPCFC_01854
prokka_output/PROKKA_07022026:Gene	GBPCPCFC_01855	GBPCPCFC_22:993893-995896	GBPCPCFC_01855
prokka_output/PROKKA_07022026:Gene	ompB_5	GBPCPCFC_22:995878-996690	GBPCPCFC_01856
prokka_output/PROKKA_07022026:Gene	ompB_6	GBPCPCFC_22:c1025340-1022542	GBPCPCFC_01882
prokka_output/PROKKA_07022026:Gene	GBPCPCFC_01883	GBPCPCFC_22:c1027105-1025300	GBPCPCFC_01883
prokka_output/PROKKA_07022026:Gene	GBPCPCFC_01886	GBPCPCFC_22:1028348-1028608	GBPCPCFC_01886
prokka_output/PROKKA_07022026:Gene	GBPCPCFC_01887	GBPCPCFC_22:1028605-1028970	GBPCPCFC_01887
prokka_output/PROKKA_07022026:Gene	GBPCPCFC_01889	GBPCPCFC_22:1030289-1032577	GBPCPCFC_01889
prokka_output/PROKKA_07022026:Gene	GBPCPCFC_01890	GBPCPCFC_22:1032574-1033038	GBPCPCFC_01890
prokka_output/PROKKA_07022026:Gene	GBPCPCFC_01902	GBPCPCFC_22:1051373-1052290	GBPCPCFC_01902
prokka_output/PROKKA_07022026:Gene	GBPCPCFC_01903	GBPCPCFC_22:1052287-1054728	GBPCPCFC_01903
prokka_output/PROKKA_07022026:Gene	hisJ	GBPCPCFC_22:1069062-1070675	GBPCPCFC_01911
prokka_output/PROKKA_07022026:Gene	xthA_1	GBPCPCFC_22:1070675-1071481	GBPCPCFC_01912
prokka_output/PROKKA_07022026:Gene	GBPCPCFC_01913	GBPCPCFC_22:1071835-1071924	GBPCPCFC_01913
prokka_output/PROKKA_07022026:Gene	fabI_2	GBPCPCFC_22:1071921-1072700	GBPCPCFC_01914
prokka_output/PROKKA_07022026:Gene	pepA	GBPCPCFC_22:1103279-1104844	GBPCPCFC_01941
prokka_output/PROKKA_07022026:Gene	soj_3	GBPCPCFC_22:1104831-1105652	GBPCPCFC_01942
prokka_output/PROKKA_07022026:Gene	pipB2	GBPCPCFC_22:1116062-1117813	GBPCPCFC_01953
prokka_output/PROKKA_07022026:Gene	GBPCPCFC_01954	GBPCPCFC_22:1117813-1118514	GBPCPCFC_01954
prokka_output/PROKKA_07022026:Gene	GBPCPCFC_01955	GBPCPCFC_22:c1119254-1118580	GBPCPCFC_01955
prokka_output/PROKKA_07022026:Gene	kdsD	GBPCPCFC_22:c1120204-1119254	GBPCPCFC_01956
prokka_output/PROKKA_07022026:Gene	dnaQ	GBPCPCFC_22:c1127612-1126917	GBPCPCFC_01963
prokka_output/PROKKA_07022026:Gene	coaE	GBPCPCFC_22:c1128376-1127600	GBPCPCFC_01964
prokka_output/PROKKA_07022026:Gene	atpF_1	GBPCPCFC_22:c1129470-1128964	GBPCPCFC_01966
prokka_output/PROKKA_07022026:Gene	atpF_2	GBPCPCFC_22:c1129949-1129470	GBPCPCFC_01967
prokka_output/PROKKA_07022026:Gene	GBPCPCFC_01974	GBPCPCFC_22:c1139111-1138251	GBPCPCFC_01974
prokka_output/PROKKA_07022026:Gene	GBPCPCFC_01975	GBPCPCFC_22:c1139457-1139095	GBPCPCFC_01975
prokka_output/PROKKA_07022026:Gene	yidC	GBPCPCFC_22:1144071-1145786	GBPCPCFC_01979
prokka_output/PROKKA_07022026:Gene	engB	GBPCPCFC_22:1145776-1146384	GBPCPCFC_01980
prokka_output/PROKKA_07022026:Gene	argB	GBPCPCFC_22:1146338-1147273	GBPCPCFC_01981
prokka_output/PROKKA_07022026:Gene	GBPCPCFC_01984	GBPCPCFC_22:1150380-1153499	GBPCPCFC_01984
prokka_output/PROKKA_07022026:Gene	GBPCPCFC_01985	GBPCPCFC_22:1153477-1153761	GBPCPCFC_01985
prokka_output/PROKKA_07022026:Gene	GBPCPCFC_01986	GBPCPCFC_22:1153758-1155773	GBPCPCFC_01986
prokka_output/PROKKA_07022026:Gene	GBPCPCFC_01987	GBPCPCFC_22:1155727-1155972	GBPCPCFC_01987
prokka_output/PROKKA_07022026:Gene	GBPCPCFC_01988	GBPCPCFC_22:1155969-1158851	GBPCPCFC_01988
prokka_output/PROKKA_07022026:Gene	GBPCPCFC_02008	GBPCPCFC_22:c1186992-1186600	GBPCPCFC_02008
prokka_output/PROKKA_07022026:Gene	acn	GBPCPCFC_22:c1189795-1186985	GBPCPCFC_02009
prokka_output/PROKKA_07022026:Gene	glyS	GBPCPCFC_22:1196023-1198053	GBPCPCFC_02015
prokka_output/PROKKA_07022026:Gene	ywlC	GBPCPCFC_22:1198050-1199054	GBPCPCFC_02016
prokka_output/PROKKA_07022026:Gene	ftsY	GBPCPCFC_22:1199051-1199980	GBPCPCFC_02017
prokka_output/PROKKA_07022026:Gene	GBPCPCFC_02019	GBPCPCFC_22:1202164-1202310	GBPCPCFC_02019
prokka_output/PROKKA_07022026:Gene	GBPCPCFC_02020	GBPCPCFC_22:1202291-1203811	GBPCPCFC_02020
prokka_output/PROKKA_07022026:Gene	GBPCPCFC_02041	GBPCPCFC_22:1231443-1232096	GBPCPCFC_02041
prokka_output/PROKKA_07022026:Gene	GBPCPCFC_02042	GBPCPCFC_22:1232060-1232239	GBPCPCFC_02042
prokka_output/PROKKA_07022026:Gene	GBPCPCFC_02061	GBPCPCFC_22:1252680-1252979	GBPCPCFC_02061
prokka_output/PROKKA_07022026:Gene	GBPCPCFC_02062	GBPCPCFC_22:1252976-1253683	GBPCPCFC_02062
prokka_output/PROKKA_07022026:Gene	GBPCPCFC_02064	GBPCPCFC_22:1255041-1255877	GBPCPCFC_02064
prokka_output/PROKKA_07022026:Gene	GBPCPCFC_02065	GBPCPCFC_22:1255858-1256184	GBPCPCFC_02065
prokka_output/PROKKA_07022026:Gene	ompB_7	GBPCPCFC_22:c1270757-1267959	GBPCPCFC_02075
prokka_output/PROKKA_07022026:Gene	GBPCPCFC_02076	GBPCPCFC_22:c1273140-1270717	GBPCPCFC_02076
prokka_output/PROKKA_07022026:Gene	GBPCPCFC_02083	GBPCPCFC_22:c1290729-1288333	GBPCPCFC_02083
prokka_output/PROKKA_07022026:Gene	GBPCPCFC_02084	GBPCPCFC_22:c1291933-1290722	GBPCPCFC_02084
prokka_output/PROKKA_07022026:Gene	rsmH	GBPCPCFC_22:1295774-1296850	GBPCPCFC_02089
prokka_output/PROKKA_07022026:Gene	ftsL	GBPCPCFC_22:1296847-1297239	GBPCPCFC_02090
prokka_output/PROKKA_07022026:Gene	nqo3	GBPCPCFC_22:1327617-1329701	GBPCPCFC_02119
prokka_output/PROKKA_07022026:Gene	nuoH	GBPCPCFC_22:1329698-1330723	GBPCPCFC_02120
prokka_output/PROKKA_07022026:Gene	nuoJ	GBPCPCFC_22:1331241-1331855	GBPCPCFC_02122
prokka_output/PROKKA_07022026:Gene	GBPCPCFC_02123	GBPCPCFC_22:1331848-1332162	GBPCPCFC_02123
prokka_output/PROKKA_07022026:Gene	xthA_3	GBPCPCFC_23:5750-6526	GBPCPCFC_02142
prokka_output/PROKKA_07022026:Gene	GBPCPCFC_02143	GBPCPCFC_23:6498-6881	GBPCPCFC_02143
prokka_output/PROKKA_07022026:Gene	GBPCPCFC_02148	GBPCPCFC_23:c9989-9048	GBPCPCFC_02148
prokka_output/PROKKA_07022026:Gene	GBPCPCFC_02149	GBPCPCFC_23:c11818-9989	GBPCPCFC_02149
prokka_output/PROKKA_07022026:Gene	GBPCPCFC_02150	GBPCPCFC_23:c12598-11936	GBPCPCFC_02150
prokka_output/PROKKA_07022026:Gene	GBPCPCFC_02151	GBPCPCFC_23:c13194-12538	GBPCPCFC_02151
prokka_output/PROKKA_07022026:Gene	GBPCPCFC_02152	GBPCPCFC_23:c14975-13191	GBPCPCFC_02152
prokka_output/PROKKA_07022026:Gene	GBPCPCFC_02159	GBPCPCFC_24:c7415-6270	GBPCPCFC_02159
prokka_output/PROKKA_07022026:Gene	GBPCPCFC_02160	GBPCPCFC_24:c7956-7387	GBPCPCFC_02160
prokka_output/PROKKA_07022026:Gene	GBPCPCFC_02168	GBPCPCFC_25:c2988-2617	GBPCPCFC_02168
prokka_output/PROKKA_07022026:Gene	GBPCPCFC_02169	GBPCPCFC_25:c4376-2985	GBPCPCFC_02169

DiscRep_ALL:OVERLAPPING_CDS::4 coding regions overlap another coding region with a similar or identical name.
DiscRep_SUB:OVERLAPPING_CDS::4 coding regions overlap another coding region with a similar or identical name that do not have the appropriate note text
prokka_output/PROKKA_07022026:CDS	Phosphomannomutase/phosphoglucomutase	GBPCPCFC_22:667003-667671	GBPCPCFC_01555
prokka_output/PROKKA_07022026:CDS	Phosphomannomutase/phosphoglucomutase	GBPCPCFC_22:667649-667939	GBPCPCFC_01556
prokka_output/PROKKA_07022026:CDS	ATP synthase subunit b	GBPCPCFC_22:c1129470-1128964	GBPCPCFC_01966
prokka_output/PROKKA_07022026:CDS	ATP synthase subunit b	GBPCPCFC_22:c1129949-1129470	GBPCPCFC_01967

DiscRep_ALL:SUSPECT_PRODUCT_NAMES::1 product_names contain suspect phrase or characters
DiscRep_SUB:SUSPECT_PRODUCT_NAMES::May contain database identifier more appropriate in note; remove from product name
DiscRep_SUB:SUSPECT_PRODUCT_NAMES::1 features contains three or more numbers together that may be identifiers more appropriate in note
prokka_output/PROKKA_07022026:CDS	putative protein RP812	GBPCPCFC_22:338293-338541	GBPCPCFC_01236

DiscRep_ALL:DISC_QUALITY_SCORES::Quality scores are missing on all sequences.

DiscRep_ALL:DISC_BAD_BACTERIAL_GENE_NAME::1 bacterial genes do not start with lowercase letters
prokka_output/PROKKA_07022026:Gene	NADK	GBPCPCFC_22:366906-367688	GBPCPCFC_01268

DiscRep_ALL:ONCALLER_COMMENT_PRESENT::25 comment descriptors were found (all same)
prokka_output/PROKKA_07022026:Prokka:GBPCPCFC_1:Annotated using prokka 1.13 from https://github.com/tseemann/prokka
prokka_output/PROKKA_07022026:Prokka:GBPCPCFC_2:Annotated using prokka 1.13 from https://github.com/tseemann/prokka
prokka_output/PROKKA_07022026:Prokka:GBPCPCFC_3:Annotated using prokka 1.13 from https://github.com/tseemann/prokka
prokka_output/PROKKA_07022026:Prokka:GBPCPCFC_4:Annotated using prokka 1.13 from https://github.com/tseemann/prokka
prokka_output/PROKKA_07022026:Prokka:GBPCPCFC_5:Annotated using prokka 1.13 from https://github.com/tseemann/prokka
prokka_output/PROKKA_07022026:Prokka:GBPCPCFC_6:Annotated using prokka 1.13 from https://github.com/tseemann/prokka
prokka_output/PROKKA_07022026:Prokka:GBPCPCFC_7:Annotated using prokka 1.13 from https://github.com/tseemann/prokka
prokka_output/PROKKA_07022026:Prokka:GBPCPCFC_8:Annotated using prokka 1.13 from https://github.com/tseemann/prokka
prokka_output/PROKKA_07022026:Prokka:GBPCPCFC_9:Annotated using prokka 1.13 from https://github.com/tseemann/prokka
prokka_output/PROKKA_07022026:Prokka:GBPCPCFC_10:Annotated using prokka 1.13 from https://github.com/tseemann/prokka
prokka_output/PROKKA_07022026:Prokka:GBPCPCFC_11:Annotated using prokka 1.13 from https://github.com/tseemann/prokka
prokka_output/PROKKA_07022026:Prokka:GBPCPCFC_12:Annotated using prokka 1.13 from https://github.com/tseemann/prokka
prokka_output/PROKKA_07022026:Prokka:GBPCPCFC_13:Annotated using prokka 1.13 from https://github.com/tseemann/prokka
prokka_output/PROKKA_07022026:Prokka:GBPCPCFC_14:Annotated using prokka 1.13 from https://github.com/tseemann/prokka
prokka_output/PROKKA_07022026:Prokka:GBPCPCFC_15:Annotated using prokka 1.13 from https://github.com/tseemann/prokka
prokka_output/PROKKA_07022026:Prokka:GBPCPCFC_16:Annotated using prokka 1.13 from https://github.com/tseemann/prokka
prokka_output/PROKKA_07022026:Prokka:GBPCPCFC_17:Annotated using prokka 1.13 from https://github.com/tseemann/prokka
prokka_output/PROKKA_07022026:Prokka:GBPCPCFC_18:Annotated using prokka 1.13 from https://github.com/tseemann/prokka
prokka_output/PROKKA_07022026:Prokka:GBPCPCFC_19:Annotated using prokka 1.13 from https://github.com/tseemann/prokka
prokka_output/PROKKA_07022026:Prokka:GBPCPCFC_20:Annotated using prokka 1.13 from https://github.com/tseemann/prokka
prokka_output/PROKKA_07022026:Prokka:GBPCPCFC_21:Annotated using prokka 1.13 from https://github.com/tseemann/prokka
prokka_output/PROKKA_07022026:Prokka:GBPCPCFC_22:Annotated using prokka 1.13 from https://github.com/tseemann/prokka
prokka_output/PROKKA_07022026:Prokka:GBPCPCFC_23:Annotated using prokka 1.13 from https://github.com/tseemann/prokka
prokka_output/PROKKA_07022026:Prokka:GBPCPCFC_24:Annotated using prokka 1.13 from https://github.com/tseemann/prokka
prokka_output/PROKKA_07022026:Prokka:GBPCPCFC_25:Annotated using prokka 1.13 from https://github.com/tseemann/prokka

DiscRep_ALL:SHORT_PROT_SEQUENCES::75 protein sequences are shorter than 50 aa.
prokka_output/PROKKA_07022026:Prokka:GBPCPCFC_00001 (length 31)
prokka_output/PROKKA_07022026:Prokka:GBPCPCFC_00005 (length 31)
prokka_output/PROKKA_07022026:Prokka:GBPCPCFC_00007 (length 44)
prokka_output/PROKKA_07022026:Prokka:GBPCPCFC_00015 (length 34)
prokka_output/PROKKA_07022026:Prokka:GBPCPCFC_00020 (length 46)
prokka_output/PROKKA_07022026:Prokka:GBPCPCFC_00037 (length 47)
prokka_output/PROKKA_07022026:Prokka:GBPCPCFC_00050 (length 44)
prokka_output/PROKKA_07022026:Prokka:GBPCPCFC_00055 (length 33)
prokka_output/PROKKA_07022026:Prokka:GBPCPCFC_00066 (length 42)
prokka_output/PROKKA_07022026:Prokka:GBPCPCFC_00079 (length 40)
prokka_output/PROKKA_07022026:Prokka:GBPCPCFC_00084 (length 48)
prokka_output/PROKKA_07022026:Prokka:GBPCPCFC_00112 (length 38)
prokka_output/PROKKA_07022026:Prokka:GBPCPCFC_00159 (length 47)
prokka_output/PROKKA_07022026:Prokka:GBPCPCFC_00163 (length 35)
prokka_output/PROKKA_07022026:Prokka:GBPCPCFC_00175 (length 48)
prokka_output/PROKKA_07022026:Prokka:GBPCPCFC_00204 (length 38)
prokka_output/PROKKA_07022026:Prokka:GBPCPCFC_00240 (length 43)
prokka_output/PROKKA_07022026:Prokka:GBPCPCFC_00244 (length 35)
prokka_output/PROKKA_07022026:Prokka:GBPCPCFC_00245 (length 47)
prokka_output/PROKKA_07022026:Prokka:GBPCPCFC_00289 (length 32)
prokka_output/PROKKA_07022026:Prokka:GBPCPCFC_00297 (length 35)
prokka_output/PROKKA_07022026:Prokka:GBPCPCFC_00345 (length 29)
prokka_output/PROKKA_07022026:Prokka:GBPCPCFC_00399 (length 42)
prokka_output/PROKKA_07022026:Prokka:GBPCPCFC_00480 (length 29)
prokka_output/PROKKA_07022026:Prokka:GBPCPCFC_00484 (length 49)
prokka_output/PROKKA_07022026:Prokka:GBPCPCFC_00601 (length 37)
prokka_output/PROKKA_07022026:Prokka:GBPCPCFC_00607 (length 36)
prokka_output/PROKKA_07022026:Prokka:GBPCPCFC_00619 (length 47)
prokka_output/PROKKA_07022026:Prokka:GBPCPCFC_00636 (length 41)
prokka_output/PROKKA_07022026:Prokka:GBPCPCFC_00649 (length 38)
prokka_output/PROKKA_07022026:Prokka:GBPCPCFC_00672 (length 47)
prokka_output/PROKKA_07022026:Prokka:GBPCPCFC_00677 (length 39)
prokka_output/PROKKA_07022026:Prokka:GBPCPCFC_00685 (length 38)
prokka_output/PROKKA_07022026:Prokka:GBPCPCFC_00686 (length 42)
prokka_output/PROKKA_07022026:Prokka:GBPCPCFC_00690 (length 39)
prokka_output/PROKKA_07022026:Prokka:GBPCPCFC_00711 (length 36)
prokka_output/PROKKA_07022026:Prokka:GBPCPCFC_00723 (length 49)
prokka_output/PROKKA_07022026:Prokka:GBPCPCFC_00731 (length 44)
prokka_output/PROKKA_07022026:Prokka:GBPCPCFC_00734 (length 49)
prokka_output/PROKKA_07022026:Prokka:GBPCPCFC_00737 (length 47)
prokka_output/PROKKA_07022026:Prokka:GBPCPCFC_00764 (length 47)
prokka_output/PROKKA_07022026:Prokka:GBPCPCFC_00767 (length 46)
prokka_output/PROKKA_07022026:Prokka:GBPCPCFC_00771 (length 31)
prokka_output/PROKKA_07022026:Prokka:GBPCPCFC_00773 (length 38)
prokka_output/PROKKA_07022026:Prokka:GBPCPCFC_00915 (length 40)
prokka_output/PROKKA_07022026:Prokka:GBPCPCFC_00960 (length 33)
prokka_output/PROKKA_07022026:Prokka:GBPCPCFC_00961 (length 49)
prokka_output/PROKKA_07022026:Prokka:GBPCPCFC_01048 (length 33)
prokka_output/PROKKA_07022026:Prokka:GBPCPCFC_01062 (length 35)
prokka_output/PROKKA_07022026:Prokka:GBPCPCFC_01150 (length 42)
prokka_output/PROKKA_07022026:Prokka:GBPCPCFC_01196 (length 34)
prokka_output/PROKKA_07022026:Prokka:GBPCPCFC_01202 (length 43)
prokka_output/PROKKA_07022026:Prokka:GBPCPCFC_01205 (length 39)
prokka_output/PROKKA_07022026:Prokka:GBPCPCFC_01288 (length 45)
prokka_output/PROKKA_07022026:Prokka:GBPCPCFC_01295 (length 44)
prokka_output/PROKKA_07022026:Prokka:GBPCPCFC_01297 (length 47)
prokka_output/PROKKA_07022026:Prokka:GBPCPCFC_01298 (length 47)
prokka_output/PROKKA_07022026:Prokka:GBPCPCFC_01311 (length 39)
prokka_output/PROKKA_07022026:Prokka:GBPCPCFC_01380 (length 39)
prokka_output/PROKKA_07022026:Prokka:GBPCPCFC_01416 (length 49)
prokka_output/PROKKA_07022026:Prokka:GBPCPCFC_01418 (length 30)
prokka_output/PROKKA_07022026:Prokka:GBPCPCFC_01441 (length 36)
prokka_output/PROKKA_07022026:Prokka:GBPCPCFC_01551 (length 42)
prokka_output/PROKKA_07022026:Prokka:GBPCPCFC_01563 (length 38)
prokka_output/PROKKA_07022026:Prokka:GBPCPCFC_01585 (length 45)
prokka_output/PROKKA_07022026:Prokka:GBPCPCFC_01616 (length 42)
prokka_output/PROKKA_07022026:Prokka:GBPCPCFC_01703 (length 49)
prokka_output/PROKKA_07022026:Prokka:GBPCPCFC_01874 (length 40)
prokka_output/PROKKA_07022026:Prokka:GBPCPCFC_01893 (length 42)
prokka_output/PROKKA_07022026:Prokka:GBPCPCFC_01898 (length 47)
prokka_output/PROKKA_07022026:Prokka:GBPCPCFC_01913 (length 29)
prokka_output/PROKKA_07022026:Prokka:GBPCPCFC_01949 (length 39)
prokka_output/PROKKA_07022026:Prokka:GBPCPCFC_02019 (length 48)
prokka_output/PROKKA_07022026:Prokka:GBPCPCFC_02046 (length 48)
prokka_output/PROKKA_07022026:Prokka:GBPCPCFC_02101 (length 33)

DiscRep_ALL:MISSING_GENOMEASSEMBLY_COMMENTS::25 bioseqs are missing GenomeAssembly structured comments
prokka_output/PROKKA_07022026:Prokka:GBPCPCFC_1 (length 94577)
prokka_output/PROKKA_07022026:Prokka:GBPCPCFC_2 (length 6699)
prokka_output/PROKKA_07022026:Prokka:GBPCPCFC_3 (length 12551)
prokka_output/PROKKA_07022026:Prokka:GBPCPCFC_4 (length 6861)
prokka_output/PROKKA_07022026:Prokka:GBPCPCFC_5 (length 13208)
prokka_output/PROKKA_07022026:Prokka:GBPCPCFC_6 (length 414170)
prokka_output/PROKKA_07022026:Prokka:GBPCPCFC_7 (length 20489)
prokka_output/PROKKA_07022026:Prokka:GBPCPCFC_8 (length 9365)
prokka_output/PROKKA_07022026:Prokka:GBPCPCFC_9 (length 10852)
prokka_output/PROKKA_07022026:Prokka:GBPCPCFC_10 (length 10469)
prokka_output/PROKKA_07022026:Prokka:GBPCPCFC_11 (length 13776)
prokka_output/PROKKA_07022026:Prokka:GBPCPCFC_12 (length 73539)
prokka_output/PROKKA_07022026:Prokka:GBPCPCFC_13 (length 4435)
prokka_output/PROKKA_07022026:Prokka:GBPCPCFC_14 (length 13410)
prokka_output/PROKKA_07022026:Prokka:GBPCPCFC_15 (length 46534)
prokka_output/PROKKA_07022026:Prokka:GBPCPCFC_16 (length 13445)
prokka_output/PROKKA_07022026:Prokka:GBPCPCFC_17 (length 18408)
prokka_output/PROKKA_07022026:Prokka:GBPCPCFC_18 (length 59216)
prokka_output/PROKKA_07022026:Prokka:GBPCPCFC_19 (length 4017)
prokka_output/PROKKA_07022026:Prokka:GBPCPCFC_20 (length 17902)
prokka_output/PROKKA_07022026:Prokka:GBPCPCFC_21 (length 20498)
prokka_output/PROKKA_07022026:Prokka:GBPCPCFC_22 (length 1348403)
prokka_output/PROKKA_07022026:Prokka:GBPCPCFC_23 (length 16339)
prokka_output/PROKKA_07022026:Prokka:GBPCPCFC_24 (length 12133)
prokka_output/PROKKA_07022026:Prokka:GBPCPCFC_25 (length 12682)

DiscRep_ALL:MOLTYPE_NOT_MRNA::25 molecule types are not set as mRNA.
prokka_output/PROKKA_07022026:Prokka:GBPCPCFC_1 (length 94577)
prokka_output/PROKKA_07022026:Prokka:GBPCPCFC_2 (length 6699)
prokka_output/PROKKA_07022026:Prokka:GBPCPCFC_3 (length 12551)
prokka_output/PROKKA_07022026:Prokka:GBPCPCFC_4 (length 6861)
prokka_output/PROKKA_07022026:Prokka:GBPCPCFC_5 (length 13208)
prokka_output/PROKKA_07022026:Prokka:GBPCPCFC_6 (length 414170)
prokka_output/PROKKA_07022026:Prokka:GBPCPCFC_7 (length 20489)
prokka_output/PROKKA_07022026:Prokka:GBPCPCFC_8 (length 9365)
prokka_output/PROKKA_07022026:Prokka:GBPCPCFC_9 (length 10852)
prokka_output/PROKKA_07022026:Prokka:GBPCPCFC_10 (length 10469)
prokka_output/PROKKA_07022026:Prokka:GBPCPCFC_11 (length 13776)
prokka_output/PROKKA_07022026:Prokka:GBPCPCFC_12 (length 73539)
prokka_output/PROKKA_07022026:Prokka:GBPCPCFC_13 (length 4435)
prokka_output/PROKKA_07022026:Prokka:GBPCPCFC_14 (length 13410)
prokka_output/PROKKA_07022026:Prokka:GBPCPCFC_15 (length 46534)
prokka_output/PROKKA_07022026:Prokka:GBPCPCFC_16 (length 13445)
prokka_output/PROKKA_07022026:Prokka:GBPCPCFC_17 (length 18408)
prokka_output/PROKKA_07022026:Prokka:GBPCPCFC_18 (length 59216)
prokka_output/PROKKA_07022026:Prokka:GBPCPCFC_19 (length 4017)
prokka_output/PROKKA_07022026:Prokka:GBPCPCFC_20 (length 17902)
prokka_output/PROKKA_07022026:Prokka:GBPCPCFC_21 (length 20498)
prokka_output/PROKKA_07022026:Prokka:GBPCPCFC_22 (length 1348403)
prokka_output/PROKKA_07022026:Prokka:GBPCPCFC_23 (length 16339)
prokka_output/PROKKA_07022026:Prokka:GBPCPCFC_24 (length 12133)
prokka_output/PROKKA_07022026:Prokka:GBPCPCFC_25 (length 12682)

DiscRep_ALL:TECHNIQUE_NOT_TSA::25 technique are not set as TSA
prokka_output/PROKKA_07022026:Prokka:GBPCPCFC_1 (length 94577)
prokka_output/PROKKA_07022026:Prokka:GBPCPCFC_2 (length 6699)
prokka_output/PROKKA_07022026:Prokka:GBPCPCFC_3 (length 12551)
prokka_output/PROKKA_07022026:Prokka:GBPCPCFC_4 (length 6861)
prokka_output/PROKKA_07022026:Prokka:GBPCPCFC_5 (length 13208)
prokka_output/PROKKA_07022026:Prokka:GBPCPCFC_6 (length 414170)
prokka_output/PROKKA_07022026:Prokka:GBPCPCFC_7 (length 20489)
prokka_output/PROKKA_07022026:Prokka:GBPCPCFC_8 (length 9365)
prokka_output/PROKKA_07022026:Prokka:GBPCPCFC_9 (length 10852)
prokka_output/PROKKA_07022026:Prokka:GBPCPCFC_10 (length 10469)
prokka_output/PROKKA_07022026:Prokka:GBPCPCFC_11 (length 13776)
prokka_output/PROKKA_07022026:Prokka:GBPCPCFC_12 (length 73539)
prokka_output/PROKKA_07022026:Prokka:GBPCPCFC_13 (length 4435)
prokka_output/PROKKA_07022026:Prokka:GBPCPCFC_14 (length 13410)
prokka_output/PROKKA_07022026:Prokka:GBPCPCFC_15 (length 46534)
prokka_output/PROKKA_07022026:Prokka:GBPCPCFC_16 (length 13445)
prokka_output/PROKKA_07022026:Prokka:GBPCPCFC_17 (length 18408)
prokka_output/PROKKA_07022026:Prokka:GBPCPCFC_18 (length 59216)
prokka_output/PROKKA_07022026:Prokka:GBPCPCFC_19 (length 4017)
prokka_output/PROKKA_07022026:Prokka:GBPCPCFC_20 (length 17902)
prokka_output/PROKKA_07022026:Prokka:GBPCPCFC_21 (length 20498)
prokka_output/PROKKA_07022026:Prokka:GBPCPCFC_22 (length 1348403)
prokka_output/PROKKA_07022026:Prokka:GBPCPCFC_23 (length 16339)
prokka_output/PROKKA_07022026:Prokka:GBPCPCFC_24 (length 12133)
prokka_output/PROKKA_07022026:Prokka:GBPCPCFC_25 (length 12682)

DiscRep_ALL:MISSING_STRUCTURED_COMMENT::25 sequences do not include structured comments.
prokka_output/PROKKA_07022026:Prokka:GBPCPCFC_1 (length 94577)
prokka_output/PROKKA_07022026:Prokka:GBPCPCFC_2 (length 6699)
prokka_output/PROKKA_07022026:Prokka:GBPCPCFC_3 (length 12551)
prokka_output/PROKKA_07022026:Prokka:GBPCPCFC_4 (length 6861)
prokka_output/PROKKA_07022026:Prokka:GBPCPCFC_5 (length 13208)
prokka_output/PROKKA_07022026:Prokka:GBPCPCFC_6 (length 414170)
prokka_output/PROKKA_07022026:Prokka:GBPCPCFC_7 (length 20489)
prokka_output/PROKKA_07022026:Prokka:GBPCPCFC_8 (length 9365)
prokka_output/PROKKA_07022026:Prokka:GBPCPCFC_9 (length 10852)
prokka_output/PROKKA_07022026:Prokka:GBPCPCFC_10 (length 10469)
prokka_output/PROKKA_07022026:Prokka:GBPCPCFC_11 (length 13776)
prokka_output/PROKKA_07022026:Prokka:GBPCPCFC_12 (length 73539)
prokka_output/PROKKA_07022026:Prokka:GBPCPCFC_13 (length 4435)
prokka_output/PROKKA_07022026:Prokka:GBPCPCFC_14 (length 13410)
prokka_output/PROKKA_07022026:Prokka:GBPCPCFC_15 (length 46534)
prokka_output/PROKKA_07022026:Prokka:GBPCPCFC_16 (length 13445)
prokka_output/PROKKA_07022026:Prokka:GBPCPCFC_17 (length 18408)
prokka_output/PROKKA_07022026:Prokka:GBPCPCFC_18 (length 59216)
prokka_output/PROKKA_07022026:Prokka:GBPCPCFC_19 (length 4017)
prokka_output/PROKKA_07022026:Prokka:GBPCPCFC_20 (length 17902)
prokka_output/PROKKA_07022026:Prokka:GBPCPCFC_21 (length 20498)
prokka_output/PROKKA_07022026:Prokka:GBPCPCFC_22 (length 1348403)
prokka_output/PROKKA_07022026:Prokka:GBPCPCFC_23 (length 16339)
prokka_output/PROKKA_07022026:Prokka:GBPCPCFC_24 (length 12133)
prokka_output/PROKKA_07022026:Prokka:GBPCPCFC_25 (length 12682)

DiscRep_ALL:MISSING_PROJECT::2161 sequences do not include project.
prokka_output/PROKKA_07022026:Prokka:GBPCPCFC_1 (length 94577)
prokka_output/PROKKA_07022026:Prokka:GBPCPCFC_00001 (length 31)
prokka_output/PROKKA_07022026:Prokka:GBPCPCFC_00002 (length 122)
prokka_output/PROKKA_07022026:Prokka:GBPCPCFC_00003 (length 81)
prokka_output/PROKKA_07022026:Prokka:GBPCPCFC_00004 (length 95)
prokka_output/PROKKA_07022026:Prokka:GBPCPCFC_00005 (length 31)
prokka_output/PROKKA_07022026:Prokka:GBPCPCFC_00006 (length 54)
prokka_output/PROKKA_07022026:Prokka:GBPCPCFC_00007 (length 44)
prokka_output/PROKKA_07022026:Prokka:GBPCPCFC_00008 (length 53)
prokka_output/PROKKA_07022026:Prokka:GBPCPCFC_00009 (length 84)
prokka_output/PROKKA_07022026:Prokka:GBPCPCFC_00010 (length 95)
prokka_output/PROKKA_07022026:Prokka:GBPCPCFC_00011 (length 464)
prokka_output/PROKKA_07022026:Prokka:GBPCPCFC_00012 (length 190)
prokka_output/PROKKA_07022026:Prokka:GBPCPCFC_00013 (length 114)
prokka_output/PROKKA_07022026:Prokka:GBPCPCFC_00014 (length 91)
prokka_output/PROKKA_07022026:Prokka:GBPCPCFC_00015 (length 34)
prokka_output/PROKKA_07022026:Prokka:GBPCPCFC_00016 (length 56)
prokka_output/PROKKA_07022026:Prokka:GBPCPCFC_00017 (length 84)
prokka_output/PROKKA_07022026:Prokka:GBPCPCFC_00018 (length 68)
prokka_output/PROKKA_07022026:Prokka:GBPCPCFC_00019 (length 523)
prokka_output/PROKKA_07022026:Prokka:GBPCPCFC_00020 (length 46)
prokka_output/PROKKA_07022026:Prokka:GBPCPCFC_00021 (length 132)
prokka_output/PROKKA_07022026:Prokka:GBPCPCFC_00022 (length 302)
prokka_output/PROKKA_07022026:Prokka:GBPCPCFC_00023 (length 107)
prokka_output/PROKKA_07022026:Prokka:GBPCPCFC_00024 (length 185)
prokka_output/PROKKA_07022026:Prokka:GBPCPCFC_00025 (length 79)
prokka_output/PROKKA_07022026:Prokka:GBPCPCFC_00026 (length 705)
prokka_output/PROKKA_07022026:Prokka:GBPCPCFC_00027 (length 254)
prokka_output/PROKKA_07022026:Prokka:GBPCPCFC_00028 (length 430)
prokka_output/PROKKA_07022026:Prokka:GBPCPCFC_00029 (length 117)
prokka_output/PROKKA_07022026:Prokka:GBPCPCFC_00030 (length 532)
prokka_output/PROKKA_07022026:Prokka:GBPCPCFC_00031 (length 99)
prokka_output/PROKKA_07022026:Prokka:GBPCPCFC_00032 (length 393)
prokka_output/PROKKA_07022026:Prokka:GBPCPCFC_00033 (length 178)
prokka_output/PROKKA_07022026:Prokka:GBPCPCFC_00034 (length 98)
prokka_output/PROKKA_07022026:Prokka:GBPCPCFC_00035 (length 93)
prokka_output/PROKKA_07022026:Prokka:GBPCPCFC_00036 (length 87)
prokka_output/PROKKA_07022026:Prokka:GBPCPCFC_00037 (length 47)
prokka_output/PROKKA_07022026:Prokka:GBPCPCFC_00038 (length 185)
prokka_output/PROKKA_07022026:Prokka:GBPCPCFC_00039 (length 108)
prokka_output/PROKKA_07022026:Prokka:GBPCPCFC_00040 (length 129)
prokka_output/PROKKA_07022026:Prokka:GBPCPCFC_00041 (length 257)
prokka_output/PROKKA_07022026:Prokka:GBPCPCFC_00042 (length 106)
prokka_output/PROKKA_07022026:Prokka:GBPCPCFC_00043 (length 364)
prokka_output/PROKKA_07022026:Prokka:GBPCPCFC_00044 (length 58)
prokka_output/PROKKA_07022026:Prokka:GBPCPCFC_00045 (length 802)
prokka_output/PROKKA_07022026:Prokka:GBPCPCFC_00046 (length 242)
prokka_output/PROKKA_07022026:Prokka:GBPCPCFC_00047 (length 364)
prokka_output/PROKKA_07022026:Prokka:GBPCPCFC_00048 (length 50)
prokka_output/PROKKA_07022026:Prokka:GBPCPCFC_00049 (length 125)
prokka_output/PROKKA_07022026:Prokka:GBPCPCFC_00050 (length 44)
prokka_output/PROKKA_07022026:Prokka:GBPCPCFC_00051 (length 94)
prokka_output/PROKKA_07022026:Prokka:GBPCPCFC_00052 (length 95)
prokka_output/PROKKA_07022026:Prokka:GBPCPCFC_00053 (length 131)
prokka_output/PROKKA_07022026:Prokka:GBPCPCFC_00054 (length 60)
prokka_output/PROKKA_07022026:Prokka:GBPCPCFC_00055 (length 33)
prokka_output/PROKKA_07022026:Prokka:GBPCPCFC_00056 (length 482)
prokka_output/PROKKA_07022026:Prokka:GBPCPCFC_00057 (length 131)
prokka_output/PROKKA_07022026:Prokka:GBPCPCFC_00058 (length 136)
prokka_output/PROKKA_07022026:Prokka:GBPCPCFC_00059 (length 553)
prokka_output/PROKKA_07022026:Prokka:GBPCPCFC_00060 (length 94)
prokka_output/PROKKA_07022026:Prokka:GBPCPCFC_00061 (length 145)
prokka_output/PROKKA_07022026:Prokka:GBPCPCFC_00062 (length 285)
prokka_output/PROKKA_07022026:Prokka:GBPCPCFC_00063 (length 373)
prokka_output/PROKKA_07022026:Prokka:GBPCPCFC_00064 (length 213)
prokka_output/PROKKA_07022026:Prokka:GBPCPCFC_00065 (length 425)
prokka_output/PROKKA_07022026:Prokka:GBPCPCFC_00066 (length 42)
prokka_output/PROKKA_07022026:Prokka:GBPCPCFC_00067 (length 364)
prokka_output/PROKKA_07022026:Prokka:GBPCPCFC_00068 (length 397)
prokka_output/PROKKA_07022026:Prokka:GBPCPCFC_00069 (length 368)
prokka_output/PROKKA_07022026:Prokka:GBPCPCFC_00070 (length 238)
prokka_output/PROKKA_07022026:Prokka:GBPCPCFC_00071 (length 97)
prokka_output/PROKKA_07022026:Prokka:GBPCPCFC_00072 (length 215)
prokka_output/PROKKA_07022026:Prokka:GBPCPCFC_00073 (length 170)
prokka_output/PROKKA_07022026:Prokka:GBPCPCFC_00074 (length 174)
prokka_output/PROKKA_07022026:Prokka:GBPCPCFC_00075 (length 145)
prokka_output/PROKKA_07022026:Prokka:GBPCPCFC_00076 (length 57)
prokka_output/PROKKA_07022026:Prokka:GBPCPCFC_00077 (length 84)
prokka_output/PROKKA_07022026:Prokka:GBPCPCFC_00078 (length 71)
prokka_output/PROKKA_07022026:Prokka:GBPCPCFC_00079 (length 40)
prokka_output/PROKKA_07022026:Prokka:GBPCPCFC_00080 (length 124)
prokka_output/PROKKA_07022026:Prokka:GBPCPCFC_00081 (length 252)
prokka_output/PROKKA_07022026:Prokka:GBPCPCFC_00082 (length 364)
prokka_output/PROKKA_07022026:Prokka:GBPCPCFC_00083 (length 430)
prokka_output/PROKKA_07022026:Prokka:GBPCPCFC_00084 (length 48)
prokka_output/PROKKA_07022026:Prokka:GBPCPCFC_00085 (length 120)
prokka_output/PROKKA_07022026:Prokka:GBPCPCFC_00086 (length 61)
prokka_output/PROKKA_07022026:Prokka:GBPCPCFC_00087 (length 580)
prokka_output/PROKKA_07022026:Prokka:GBPCPCFC_00088 (length 410)
prokka_output/PROKKA_07022026:Prokka:GBPCPCFC_00089 (length 259)
prokka_output/PROKKA_07022026:Prokka:GBPCPCFC_00090 (length 604)
prokka_output/PROKKA_07022026:Prokka:GBPCPCFC_00091 (length 568)
prokka_output/PROKKA_07022026:Prokka:GBPCPCFC_00092 (length 446)
prokka_output/PROKKA_07022026:Prokka:GBPCPCFC_00093 (length 58)
prokka_output/PROKKA_07022026:Prokka:GBPCPCFC_00094 (length 945)
prokka_output/PROKKA_07022026:Prokka:GBPCPCFC_00095 (length 396)
prokka_output/PROKKA_07022026:Prokka:GBPCPCFC_00096 (length 614)
prokka_output/PROKKA_07022026:Prokka:GBPCPCFC_00097 (length 71)
prokka_output/PROKKA_07022026:Prokka:GBPCPCFC_00098 (length 435)
prokka_output/PROKKA_07022026:Prokka:GBPCPCFC_00099 (length 310)
prokka_output/PROKKA_07022026:Prokka:GBPCPCFC_00100 (length 196)
prokka_output/PROKKA_07022026:Prokka:GBPCPCFC_00101 (length 376)
prokka_output/PROKKA_07022026:Prokka:GBPCPCFC_00102 (length 366)
prokka_output/PROKKA_07022026:Prokka:GBPCPCFC_00103 (length 124)
prokka_output/PROKKA_07022026:Prokka:GBPCPCFC_00104 (length 155)
prokka_output/PROKKA_07022026:Prokka:GBPCPCFC_00105 (length 71)
prokka_output/PROKKA_07022026:Prokka:GBPCPCFC_00106 (length 154)
prokka_output/PROKKA_07022026:Prokka:GBPCPCFC_00107 (length 52)
prokka_output/PROKKA_07022026:Prokka:GBPCPCFC_00108 (length 318)
prokka_output/PROKKA_07022026:Prokka:GBPCPCFC_00109 (length 66)
prokka_output/PROKKA_07022026:Prokka:GBPCPCFC_00110 (length 132)
prokka_output/PROKKA_07022026:Prokka:GBPCPCFC_00111 (length 314)
prokka_output/PROKKA_07022026:Prokka:GBPCPCFC_00112 (length 38)
prokka_output/PROKKA_07022026:Prokka:GBPCPCFC_00113 (length 430)
prokka_output/PROKKA_07022026:Prokka:GBPCPCFC_00114 (length 201)
prokka_output/PROKKA_07022026:Prokka:GBPCPCFC_00115 (length 202)
prokka_output/PROKKA_07022026:Prokka:GBPCPCFC_00116 (length 71)
prokka_output/PROKKA_07022026:Prokka:GBPCPCFC_00117 (length 89)
prokka_output/PROKKA_07022026:Prokka:GBPCPCFC_00118 (length 96)
prokka_output/PROKKA_07022026:Prokka:GBPCPCFC_00119 (length 62)
prokka_output/PROKKA_07022026:Prokka:GBPCPCFC_00120 (length 54)
prokka_output/PROKKA_07022026:Prokka:GBPCPCFC_00121 (length 67)
prokka_output/PROKKA_07022026:Prokka:GBPCPCFC_00122 (length 66)
prokka_output/PROKKA_07022026:Prokka:GBPCPCFC_00123 (length 56)
prokka_output/PROKKA_07022026:Prokka:GBPCPCFC_2 (length 6699)
prokka_output/PROKKA_07022026:Prokka:GBPCPCFC_00124 (length 280)
prokka_output/PROKKA_07022026:Prokka:GBPCPCFC_00125 (length 271)
prokka_output/PROKKA_07022026:Prokka:GBPCPCFC_00126 (length 544)
prokka_output/PROKKA_07022026:Prokka:GBPCPCFC_00127 (length 483)
prokka_output/PROKKA_07022026:Prokka:GBPCPCFC_00128 (length 286)
prokka_output/PROKKA_07022026:Prokka:GBPCPCFC_3 (length 12551)
prokka_output/PROKKA_07022026:Prokka:GBPCPCFC_00129 (length 552)
prokka_output/PROKKA_07022026:Prokka:GBPCPCFC_00130 (length 112)
prokka_output/PROKKA_07022026:Prokka:GBPCPCFC_00131 (length 166)
prokka_output/PROKKA_07022026:Prokka:GBPCPCFC_00132 (length 59)
prokka_output/PROKKA_07022026:Prokka:GBPCPCFC_00133 (length 138)
prokka_output/PROKKA_07022026:Prokka:GBPCPCFC_00134 (length 318)
prokka_output/PROKKA_07022026:Prokka:GBPCPCFC_00135 (length 355)
prokka_output/PROKKA_07022026:Prokka:GBPCPCFC_00136 (length 487)
prokka_output/PROKKA_07022026:Prokka:GBPCPCFC_00137 (length 127)
prokka_output/PROKKA_07022026:Prokka:GBPCPCFC_00138 (length 1306)
prokka_output/PROKKA_07022026:Prokka:GBPCPCFC_4 (length 6861)
prokka_output/PROKKA_07022026:Prokka:GBPCPCFC_00139 (length 117)
prokka_output/PROKKA_07022026:Prokka:GBPCPCFC_00140 (length 62)
prokka_output/PROKKA_07022026:Prokka:GBPCPCFC_00141 (length 264)
prokka_output/PROKKA_07022026:Prokka:GBPCPCFC_00142 (length 725)
prokka_output/PROKKA_07022026:Prokka:GBPCPCFC_00143 (length 166)
prokka_output/PROKKA_07022026:Prokka:GBPCPCFC_00144 (length 258)
prokka_output/PROKKA_07022026:Prokka:GBPCPCFC_00145 (length 115)
prokka_output/PROKKA_07022026:Prokka:GBPCPCFC_00146 (length 71)
prokka_output/PROKKA_07022026:Prokka:GBPCPCFC_5 (length 13208)
prokka_output/PROKKA_07022026:Prokka:GBPCPCFC_00147 (length 211)
prokka_output/PROKKA_07022026:Prokka:GBPCPCFC_00148 (length 340)
prokka_output/PROKKA_07022026:Prokka:GBPCPCFC_00149 (length 290)
prokka_output/PROKKA_07022026:Prokka:GBPCPCFC_00150 (length 708)
prokka_output/PROKKA_07022026:Prokka:GBPCPCFC_00151 (length 110)
prokka_output/PROKKA_07022026:Prokka:GBPCPCFC_00152 (length 710)
prokka_output/PROKKA_07022026:Prokka:GBPCPCFC_00153 (length 125)
prokka_output/PROKKA_07022026:Prokka:GBPCPCFC_00154 (length 270)
prokka_output/PROKKA_07022026:Prokka:GBPCPCFC_00155 (length 804)
prokka_output/PROKKA_07022026:Prokka:GBPCPCFC_00156 (length 105)
prokka_output/PROKKA_07022026:Prokka:GBPCPCFC_00157 (length 172)
prokka_output/PROKKA_07022026:Prokka:GBPCPCFC_6 (length 414170)
prokka_output/PROKKA_07022026:Prokka:GBPCPCFC_00158 (length 63)
prokka_output/PROKKA_07022026:Prokka:GBPCPCFC_00159 (length 47)
prokka_output/PROKKA_07022026:Prokka:GBPCPCFC_00160 (length 58)
prokka_output/PROKKA_07022026:Prokka:GBPCPCFC_00161 (length 56)
prokka_output/PROKKA_07022026:Prokka:GBPCPCFC_00162 (length 68)
prokka_output/PROKKA_07022026:Prokka:GBPCPCFC_00163 (length 35)
prokka_output/PROKKA_07022026:Prokka:GBPCPCFC_00164 (length 65)
prokka_output/PROKKA_07022026:Prokka:GBPCPCFC_00165 (length 146)
prokka_output/PROKKA_07022026:Prokka:GBPCPCFC_00166 (length 133)
prokka_output/PROKKA_07022026:Prokka:GBPCPCFC_00167 (length 452)
prokka_output/PROKKA_07022026:Prokka:GBPCPCFC_00168 (length 154)
prokka_output/PROKKA_07022026:Prokka:GBPCPCFC_00169 (length 364)
prokka_output/PROKKA_07022026:Prokka:GBPCPCFC_00170 (length 262)
prokka_output/PROKKA_07022026:Prokka:GBPCPCFC_00171 (length 168)
prokka_output/PROKKA_07022026:Prokka:GBPCPCFC_00172 (length 95)
prokka_output/PROKKA_07022026:Prokka:GBPCPCFC_00173 (length 614)
prokka_output/PROKKA_07022026:Prokka:GBPCPCFC_00174 (length 317)
prokka_output/PROKKA_07022026:Prokka:GBPCPCFC_00175 (length 48)
prokka_output/PROKKA_07022026:Prokka:GBPCPCFC_00176 (length 217)
prokka_output/PROKKA_07022026:Prokka:GBPCPCFC_00177 (length 573)
prokka_output/PROKKA_07022026:Prokka:GBPCPCFC_00178 (length 145)
prokka_output/PROKKA_07022026:Prokka:GBPCPCFC_00179 (length 55)
prokka_output/PROKKA_07022026:Prokka:GBPCPCFC_00180 (length 194)
prokka_output/PROKKA_07022026:Prokka:GBPCPCFC_00181 (length 116)
prokka_output/PROKKA_07022026:Prokka:GBPCPCFC_00182 (length 617)
prokka_output/PROKKA_07022026:Prokka:GBPCPCFC_00183 (length 95)
prokka_output/PROKKA_07022026:Prokka:GBPCPCFC_00184 (length 176)
prokka_output/PROKKA_07022026:Prokka:GBPCPCFC_00185 (length 106)
prokka_output/PROKKA_07022026:Prokka:GBPCPCFC_00186 (length 784)
prokka_output/PROKKA_07022026:Prokka:GBPCPCFC_00187 (length 81)
prokka_output/PROKKA_07022026:Prokka:GBPCPCFC_00188 (length 93)
prokka_output/PROKKA_07022026:Prokka:GBPCPCFC_00189 (length 622)
prokka_output/PROKKA_07022026:Prokka:GBPCPCFC_00190 (length 77)
prokka_output/PROKKA_07022026:Prokka:GBPCPCFC_00191 (length 624)
prokka_output/PROKKA_07022026:Prokka:GBPCPCFC_00192 (length 154)
prokka_output/PROKKA_07022026:Prokka:GBPCPCFC_00193 (length 658)
prokka_output/PROKKA_07022026:Prokka:GBPCPCFC_00194 (length 1274)
prokka_output/PROKKA_07022026:Prokka:GBPCPCFC_00195 (length 176)
prokka_output/PROKKA_07022026:Prokka:GBPCPCFC_00196 (length 154)
prokka_output/PROKKA_07022026:Prokka:GBPCPCFC_00197 (length 430)
prokka_output/PROKKA_07022026:Prokka:GBPCPCFC_00198 (length 94)
prokka_output/PROKKA_07022026:Prokka:GBPCPCFC_00199 (length 138)
prokka_output/PROKKA_07022026:Prokka:GBPCPCFC_00200 (length 63)
prokka_output/PROKKA_07022026:Prokka:GBPCPCFC_00201 (length 1093)
prokka_output/PROKKA_07022026:Prokka:GBPCPCFC_00202 (length 583)
prokka_output/PROKKA_07022026:Prokka:GBPCPCFC_00203 (length 154)
prokka_output/PROKKA_07022026:Prokka:GBPCPCFC_00204 (length 38)
prokka_output/PROKKA_07022026:Prokka:GBPCPCFC_00205 (length 524)
prokka_output/PROKKA_07022026:Prokka:GBPCPCFC_00206 (length 154)
prokka_output/PROKKA_07022026:Prokka:GBPCPCFC_00208 (length 52)
prokka_output/PROKKA_07022026:Prokka:GBPCPCFC_00209 (length 112)
prokka_output/PROKKA_07022026:Prokka:GBPCPCFC_00210 (length 523)
prokka_output/PROKKA_07022026:Prokka:GBPCPCFC_00211 (length 207)
prokka_output/PROKKA_07022026:Prokka:GBPCPCFC_00212 (length 268)
prokka_output/PROKKA_07022026:Prokka:GBPCPCFC_00213 (length 283)
prokka_output/PROKKA_07022026:Prokka:GBPCPCFC_00214 (length 274)
prokka_output/PROKKA_07022026:Prokka:GBPCPCFC_00215 (length 943)
prokka_output/PROKKA_07022026:Prokka:GBPCPCFC_00216 (length 299)
prokka_output/PROKKA_07022026:Prokka:GBPCPCFC_00217 (length 455)
prokka_output/PROKKA_07022026:Prokka:GBPCPCFC_00219 (length 1029)
prokka_output/PROKKA_07022026:Prokka:GBPCPCFC_00220 (length 994)
prokka_output/PROKKA_07022026:Prokka:GBPCPCFC_00221 (length 93)
prokka_output/PROKKA_07022026:Prokka:GBPCPCFC_00222 (length 386)
prokka_output/PROKKA_07022026:Prokka:GBPCPCFC_00224 (length 364)
prokka_output/PROKKA_07022026:Prokka:GBPCPCFC_00225 (length 51)
prokka_output/PROKKA_07022026:Prokka:GBPCPCFC_00226 (length 76)
prokka_output/PROKKA_07022026:Prokka:GBPCPCFC_00227 (length 364)
prokka_output/PROKKA_07022026:Prokka:GBPCPCFC_00228 (length 614)
prokka_output/PROKKA_07022026:Prokka:GBPCPCFC_00229 (length 249)
prokka_output/PROKKA_07022026:Prokka:GBPCPCFC_00230 (length 220)
prokka_output/PROKKA_07022026:Prokka:GBPCPCFC_00231 (length 364)
prokka_output/PROKKA_07022026:Prokka:GBPCPCFC_00232 (length 278)
prokka_output/PROKKA_07022026:Prokka:GBPCPCFC_00233 (length 977)
prokka_output/PROKKA_07022026:Prokka:GBPCPCFC_00234 (length 57)
prokka_output/PROKKA_07022026:Prokka:GBPCPCFC_00235 (length 614)
prokka_output/PROKKA_07022026:Prokka:GBPCPCFC_00236 (length 76)
prokka_output/PROKKA_07022026:Prokka:GBPCPCFC_00237 (length 79)
prokka_output/PROKKA_07022026:Prokka:GBPCPCFC_00238 (length 94)
prokka_output/PROKKA_07022026:Prokka:GBPCPCFC_00239 (length 90)
prokka_output/PROKKA_07022026:Prokka:GBPCPCFC_00240 (length 43)
prokka_output/PROKKA_07022026:Prokka:GBPCPCFC_00241 (length 162)
prokka_output/PROKKA_07022026:Prokka:GBPCPCFC_00242 (length 619)
prokka_output/PROKKA_07022026:Prokka:GBPCPCFC_00243 (length 96)
prokka_output/PROKKA_07022026:Prokka:GBPCPCFC_00244 (length 35)
prokka_output/PROKKA_07022026:Prokka:GBPCPCFC_00245 (length 47)
prokka_output/PROKKA_07022026:Prokka:GBPCPCFC_00246 (length 364)
prokka_output/PROKKA_07022026:Prokka:GBPCPCFC_00247 (length 331)
prokka_output/PROKKA_07022026:Prokka:GBPCPCFC_00248 (length 319)
prokka_output/PROKKA_07022026:Prokka:GBPCPCFC_00249 (length 187)
prokka_output/PROKKA_07022026:Prokka:GBPCPCFC_00250 (length 738)
prokka_output/PROKKA_07022026:Prokka:GBPCPCFC_00251 (length 378)
prokka_output/PROKKA_07022026:Prokka:GBPCPCFC_00252 (length 348)
prokka_output/PROKKA_07022026:Prokka:GBPCPCFC_00253 (length 1134)
prokka_output/PROKKA_07022026:Prokka:GBPCPCFC_00254 (length 191)
prokka_output/PROKKA_07022026:Prokka:GBPCPCFC_00255 (length 283)
prokka_output/PROKKA_07022026:Prokka:GBPCPCFC_00256 (length 279)
prokka_output/PROKKA_07022026:Prokka:GBPCPCFC_00257 (length 653)
prokka_output/PROKKA_07022026:Prokka:GBPCPCFC_00258 (length 749)
prokka_output/PROKKA_07022026:Prokka:GBPCPCFC_00259 (length 301)
prokka_output/PROKKA_07022026:Prokka:GBPCPCFC_00260 (length 196)
prokka_output/PROKKA_07022026:Prokka:GBPCPCFC_00261 (length 173)
prokka_output/PROKKA_07022026:Prokka:GBPCPCFC_00262 (length 145)
prokka_output/PROKKA_07022026:Prokka:GBPCPCFC_00263 (length 57)
prokka_output/PROKKA_07022026:Prokka:GBPCPCFC_00264 (length 365)
prokka_output/PROKKA_07022026:Prokka:GBPCPCFC_00265 (length 264)
prokka_output/PROKKA_07022026:Prokka:GBPCPCFC_00266 (length 470)
prokka_output/PROKKA_07022026:Prokka:GBPCPCFC_00267 (length 423)
prokka_output/PROKKA_07022026:Prokka:GBPCPCFC_00268 (length 363)
prokka_output/PROKKA_07022026:Prokka:GBPCPCFC_00269 (length 74)
prokka_output/PROKKA_07022026:Prokka:GBPCPCFC_00270 (length 619)
prokka_output/PROKKA_07022026:Prokka:GBPCPCFC_00271 (length 613)
prokka_output/PROKKA_07022026:Prokka:GBPCPCFC_00272 (length 119)
prokka_output/PROKKA_07022026:Prokka:GBPCPCFC_00273 (length 231)
prokka_output/PROKKA_07022026:Prokka:GBPCPCFC_00274 (length 360)
prokka_output/PROKKA_07022026:Prokka:GBPCPCFC_00275 (length 1212)
prokka_output/PROKKA_07022026:Prokka:GBPCPCFC_00276 (length 145)
prokka_output/PROKKA_07022026:Prokka:GBPCPCFC_00277 (length 190)
prokka_output/PROKKA_07022026:Prokka:GBPCPCFC_00278 (length 384)
prokka_output/PROKKA_07022026:Prokka:GBPCPCFC_00280 (length 525)
prokka_output/PROKKA_07022026:Prokka:GBPCPCFC_00281 (length 155)
prokka_output/PROKKA_07022026:Prokka:GBPCPCFC_00282 (length 176)
prokka_output/PROKKA_07022026:Prokka:GBPCPCFC_00283 (length 159)
prokka_output/PROKKA_07022026:Prokka:GBPCPCFC_00284 (length 320)
prokka_output/PROKKA_07022026:Prokka:GBPCPCFC_00285 (length 617)
prokka_output/PROKKA_07022026:Prokka:GBPCPCFC_00286 (length 95)
prokka_output/PROKKA_07022026:Prokka:GBPCPCFC_00287 (length 155)
prokka_output/PROKKA_07022026:Prokka:GBPCPCFC_00288 (length 89)
prokka_output/PROKKA_07022026:Prokka:GBPCPCFC_00289 (length 32)
prokka_output/PROKKA_07022026:Prokka:GBPCPCFC_00290 (length 368)
prokka_output/PROKKA_07022026:Prokka:GBPCPCFC_00291 (length 188)
prokka_output/PROKKA_07022026:Prokka:GBPCPCFC_00292 (length 158)
prokka_output/PROKKA_07022026:Prokka:GBPCPCFC_00293 (length 747)
prokka_output/PROKKA_07022026:Prokka:GBPCPCFC_00295 (length 313)
prokka_output/PROKKA_07022026:Prokka:GBPCPCFC_00296 (length 463)
prokka_output/PROKKA_07022026:Prokka:GBPCPCFC_00297 (length 35)
prokka_output/PROKKA_07022026:Prokka:GBPCPCFC_00298 (length 272)
prokka_output/PROKKA_07022026:Prokka:GBPCPCFC_00299 (length 160)
prokka_output/PROKKA_07022026:Prokka:GBPCPCFC_00300 (length 104)
prokka_output/PROKKA_07022026:Prokka:GBPCPCFC_00301 (length 320)
prokka_output/PROKKA_07022026:Prokka:GBPCPCFC_00302 (length 182)
prokka_output/PROKKA_07022026:Prokka:GBPCPCFC_00303 (length 714)
prokka_output/PROKKA_07022026:Prokka:GBPCPCFC_00304 (length 114)
prokka_output/PROKKA_07022026:Prokka:GBPCPCFC_00305 (length 126)
prokka_output/PROKKA_07022026:Prokka:GBPCPCFC_00306 (length 908)
prokka_output/PROKKA_07022026:Prokka:GBPCPCFC_00307 (length 292)
prokka_output/PROKKA_07022026:Prokka:GBPCPCFC_00308 (length 313)
prokka_output/PROKKA_07022026:Prokka:GBPCPCFC_00309 (length 1218)
prokka_output/PROKKA_07022026:Prokka:GBPCPCFC_00310 (length 87)
prokka_output/PROKKA_07022026:Prokka:GBPCPCFC_00311 (length 327)
prokka_output/PROKKA_07022026:Prokka:GBPCPCFC_00312 (length 265)
prokka_output/PROKKA_07022026:Prokka:GBPCPCFC_00313 (length 218)
prokka_output/PROKKA_07022026:Prokka:GBPCPCFC_00314 (length 291)
prokka_output/PROKKA_07022026:Prokka:GBPCPCFC_00315 (length 254)
prokka_output/PROKKA_07022026:Prokka:GBPCPCFC_00316 (length 192)
prokka_output/PROKKA_07022026:Prokka:GBPCPCFC_00317 (length 616)
prokka_output/PROKKA_07022026:Prokka:GBPCPCFC_00318 (length 139)
prokka_output/PROKKA_07022026:Prokka:GBPCPCFC_00319 (length 759)
prokka_output/PROKKA_07022026:Prokka:GBPCPCFC_00320 (length 346)
prokka_output/PROKKA_07022026:Prokka:GBPCPCFC_00321 (length 348)
prokka_output/PROKKA_07022026:Prokka:GBPCPCFC_00322 (length 418)
prokka_output/PROKKA_07022026:Prokka:GBPCPCFC_00323 (length 371)
prokka_output/PROKKA_07022026:Prokka:GBPCPCFC_00324 (length 138)
prokka_output/PROKKA_07022026:Prokka:GBPCPCFC_00325 (length 491)
prokka_output/PROKKA_07022026:Prokka:GBPCPCFC_00326 (length 689)
prokka_output/PROKKA_07022026:Prokka:GBPCPCFC_00327 (length 364)
prokka_output/PROKKA_07022026:Prokka:GBPCPCFC_00328 (length 1050)
prokka_output/PROKKA_07022026:Prokka:GBPCPCFC_00329 (length 250)
prokka_output/PROKKA_07022026:Prokka:GBPCPCFC_00330 (length 145)
prokka_output/PROKKA_07022026:Prokka:GBPCPCFC_00331 (length 368)
prokka_output/PROKKA_07022026:Prokka:GBPCPCFC_00332 (length 414)
prokka_output/PROKKA_07022026:Prokka:GBPCPCFC_00333 (length 145)
prokka_output/PROKKA_07022026:Prokka:GBPCPCFC_00334 (length 324)
prokka_output/PROKKA_07022026:Prokka:GBPCPCFC_00335 (length 1556)
prokka_output/PROKKA_07022026:Prokka:GBPCPCFC_00336 (length 698)
prokka_output/PROKKA_07022026:Prokka:GBPCPCFC_00337 (length 208)
prokka_output/PROKKA_07022026:Prokka:GBPCPCFC_00338 (length 68)
prokka_output/PROKKA_07022026:Prokka:GBPCPCFC_00339 (length 53)
prokka_output/PROKKA_07022026:Prokka:GBPCPCFC_00340 (length 634)
prokka_output/PROKKA_07022026:Prokka:GBPCPCFC_00341 (length 81)
prokka_output/PROKKA_07022026:Prokka:GBPCPCFC_00342 (length 301)
prokka_output/PROKKA_07022026:Prokka:GBPCPCFC_00343 (length 335)
prokka_output/PROKKA_07022026:Prokka:GBPCPCFC_00344 (length 281)
prokka_output/PROKKA_07022026:Prokka:GBPCPCFC_00345 (length 29)
prokka_output/PROKKA_07022026:Prokka:GBPCPCFC_00346 (length 340)
prokka_output/PROKKA_07022026:Prokka:GBPCPCFC_00347 (length 55)
prokka_output/PROKKA_07022026:Prokka:GBPCPCFC_00348 (length 184)
prokka_output/PROKKA_07022026:Prokka:GBPCPCFC_00349 (length 215)
prokka_output/PROKKA_07022026:Prokka:GBPCPCFC_00350 (length 216)
prokka_output/PROKKA_07022026:Prokka:GBPCPCFC_00351 (length 204)
prokka_output/PROKKA_07022026:Prokka:GBPCPCFC_00352 (length 217)
prokka_output/PROKKA_07022026:Prokka:GBPCPCFC_00353 (length 98)
prokka_output/PROKKA_07022026:Prokka:GBPCPCFC_00354 (length 591)
prokka_output/PROKKA_07022026:Prokka:GBPCPCFC_00355 (length 289)
prokka_output/PROKKA_07022026:Prokka:GBPCPCFC_00356 (length 313)
prokka_output/PROKKA_07022026:Prokka:GBPCPCFC_00357 (length 282)
prokka_output/PROKKA_07022026:Prokka:GBPCPCFC_00358 (length 217)
prokka_output/PROKKA_07022026:Prokka:GBPCPCFC_00359 (length 73)
prokka_output/PROKKA_07022026:Prokka:GBPCPCFC_00360 (length 203)
prokka_output/PROKKA_07022026:Prokka:GBPCPCFC_00361 (length 111)
prokka_output/PROKKA_07022026:Prokka:GBPCPCFC_00362 (length 593)
prokka_output/PROKKA_07022026:Prokka:GBPCPCFC_00363 (length 635)
prokka_output/PROKKA_07022026:Prokka:GBPCPCFC_00364 (length 249)
prokka_output/PROKKA_07022026:Prokka:GBPCPCFC_00365 (length 257)
prokka_output/PROKKA_07022026:Prokka:GBPCPCFC_00366 (length 168)
prokka_output/PROKKA_07022026:Prokka:GBPCPCFC_00367 (length 75)
prokka_output/PROKKA_07022026:Prokka:GBPCPCFC_00368 (length 625)
prokka_output/PROKKA_07022026:Prokka:GBPCPCFC_00369 (length 50)
prokka_output/PROKKA_07022026:Prokka:GBPCPCFC_00370 (length 630)
prokka_output/PROKKA_07022026:Prokka:GBPCPCFC_00371 (length 675)
prokka_output/PROKKA_07022026:Prokka:GBPCPCFC_00372 (length 182)
prokka_output/PROKKA_07022026:Prokka:GBPCPCFC_00373 (length 853)
prokka_output/PROKKA_07022026:Prokka:GBPCPCFC_00374 (length 514)
prokka_output/PROKKA_07022026:Prokka:GBPCPCFC_00375 (length 278)
prokka_output/PROKKA_07022026:Prokka:GBPCPCFC_00376 (length 330)
prokka_output/PROKKA_07022026:Prokka:GBPCPCFC_00377 (length 477)
prokka_output/PROKKA_07022026:Prokka:GBPCPCFC_00378 (length 147)
prokka_output/PROKKA_07022026:Prokka:GBPCPCFC_00379 (length 334)
prokka_output/PROKKA_07022026:Prokka:GBPCPCFC_00380 (length 113)
prokka_output/PROKKA_07022026:Prokka:GBPCPCFC_00381 (length 114)
prokka_output/PROKKA_07022026:Prokka:GBPCPCFC_00382 (length 138)
prokka_output/PROKKA_07022026:Prokka:GBPCPCFC_00383 (length 290)
prokka_output/PROKKA_07022026:Prokka:GBPCPCFC_00384 (length 128)
prokka_output/PROKKA_07022026:Prokka:GBPCPCFC_00385 (length 456)
prokka_output/PROKKA_07022026:Prokka:GBPCPCFC_00386 (length 361)
prokka_output/PROKKA_07022026:Prokka:GBPCPCFC_00387 (length 430)
prokka_output/PROKKA_07022026:Prokka:GBPCPCFC_00388 (length 361)
prokka_output/PROKKA_07022026:Prokka:GBPCPCFC_00389 (length 393)
prokka_output/PROKKA_07022026:Prokka:GBPCPCFC_00390 (length 373)
prokka_output/PROKKA_07022026:Prokka:GBPCPCFC_00391 (length 218)
prokka_output/PROKKA_07022026:Prokka:GBPCPCFC_00392 (length 508)
prokka_output/PROKKA_07022026:Prokka:GBPCPCFC_00393 (length 103)
prokka_output/PROKKA_07022026:Prokka:GBPCPCFC_00394 (length 92)
prokka_output/PROKKA_07022026:Prokka:GBPCPCFC_00395 (length 191)
prokka_output/PROKKA_07022026:Prokka:GBPCPCFC_00396 (length 142)
prokka_output/PROKKA_07022026:Prokka:GBPCPCFC_00397 (length 342)
prokka_output/PROKKA_07022026:Prokka:GBPCPCFC_00398 (length 384)
prokka_output/PROKKA_07022026:Prokka:GBPCPCFC_00399 (length 42)
prokka_output/PROKKA_07022026:Prokka:GBPCPCFC_00400 (length 211)
prokka_output/PROKKA_07022026:Prokka:GBPCPCFC_00401 (length 830)
prokka_output/PROKKA_07022026:Prokka:GBPCPCFC_00402 (length 201)
prokka_output/PROKKA_07022026:Prokka:GBPCPCFC_00403 (length 215)
prokka_output/PROKKA_07022026:Prokka:GBPCPCFC_00404 (length 740)
prokka_output/PROKKA_07022026:Prokka:GBPCPCFC_00405 (length 145)
prokka_output/PROKKA_07022026:Prokka:GBPCPCFC_00406 (length 362)
prokka_output/PROKKA_07022026:Prokka:GBPCPCFC_00407 (length 342)
prokka_output/PROKKA_07022026:Prokka:GBPCPCFC_00408 (length 274)
prokka_output/PROKKA_07022026:Prokka:GBPCPCFC_00409 (length 182)
prokka_output/PROKKA_07022026:Prokka:GBPCPCFC_00410 (length 138)
prokka_output/PROKKA_07022026:Prokka:GBPCPCFC_00411 (length 346)
prokka_output/PROKKA_07022026:Prokka:GBPCPCFC_00412 (length 86)
prokka_output/PROKKA_07022026:Prokka:GBPCPCFC_00413 (length 85)
prokka_output/PROKKA_07022026:Prokka:GBPCPCFC_00414 (length 145)
prokka_output/PROKKA_07022026:Prokka:GBPCPCFC_00415 (length 274)
prokka_output/PROKKA_07022026:Prokka:GBPCPCFC_00416 (length 287)
prokka_output/PROKKA_07022026:Prokka:GBPCPCFC_00417 (length 152)
prokka_output/PROKKA_07022026:Prokka:GBPCPCFC_00418 (length 66)
prokka_output/PROKKA_07022026:Prokka:GBPCPCFC_00419 (length 317)
prokka_output/PROKKA_07022026:Prokka:GBPCPCFC_00420 (length 87)
prokka_output/PROKKA_07022026:Prokka:GBPCPCFC_00421 (length 119)
prokka_output/PROKKA_07022026:Prokka:GBPCPCFC_00422 (length 684)
prokka_output/PROKKA_07022026:Prokka:GBPCPCFC_00423 (length 1115)
prokka_output/PROKKA_07022026:Prokka:GBPCPCFC_00424 (length 167)
prokka_output/PROKKA_07022026:Prokka:GBPCPCFC_00425 (length 456)
prokka_output/PROKKA_07022026:Prokka:GBPCPCFC_00426 (length 188)
prokka_output/PROKKA_07022026:Prokka:GBPCPCFC_00427 (length 248)
prokka_output/PROKKA_07022026:Prokka:GBPCPCFC_00428 (length 101)
prokka_output/PROKKA_07022026:Prokka:GBPCPCFC_00429 (length 231)
prokka_output/PROKKA_07022026:Prokka:GBPCPCFC_00430 (length 254)
prokka_output/PROKKA_07022026:Prokka:GBPCPCFC_00431 (length 346)
prokka_output/PROKKA_07022026:Prokka:GBPCPCFC_00432 (length 385)
prokka_output/PROKKA_07022026:Prokka:GBPCPCFC_00433 (length 519)
prokka_output/PROKKA_07022026:Prokka:GBPCPCFC_00434 (length 156)
prokka_output/PROKKA_07022026:Prokka:GBPCPCFC_00435 (length 936)
prokka_output/PROKKA_07022026:Prokka:GBPCPCFC_00436 (length 404)
prokka_output/PROKKA_07022026:Prokka:GBPCPCFC_00437 (length 817)
prokka_output/PROKKA_07022026:Prokka:GBPCPCFC_00440 (length 185)
prokka_output/PROKKA_07022026:Prokka:GBPCPCFC_00441 (length 145)
prokka_output/PROKKA_07022026:Prokka:GBPCPCFC_00442 (length 248)
prokka_output/PROKKA_07022026:Prokka:GBPCPCFC_00443 (length 499)
prokka_output/PROKKA_07022026:Prokka:GBPCPCFC_00445 (length 394)
prokka_output/PROKKA_07022026:Prokka:GBPCPCFC_00446 (length 187)
prokka_output/PROKKA_07022026:Prokka:GBPCPCFC_00447 (length 131)
prokka_output/PROKKA_07022026:Prokka:GBPCPCFC_00448 (length 76)
prokka_output/PROKKA_07022026:Prokka:GBPCPCFC_00449 (length 614)
prokka_output/PROKKA_07022026:Prokka:GBPCPCFC_00450 (length 93)
prokka_output/PROKKA_07022026:Prokka:GBPCPCFC_00451 (length 80)
prokka_output/PROKKA_07022026:Prokka:GBPCPCFC_00452 (length 81)
prokka_output/PROKKA_07022026:Prokka:GBPCPCFC_00453 (length 290)
prokka_output/PROKKA_07022026:Prokka:GBPCPCFC_00454 (length 430)
prokka_output/PROKKA_07022026:Prokka:GBPCPCFC_00455 (length 483)
prokka_output/PROKKA_07022026:Prokka:GBPCPCFC_00456 (length 154)
prokka_output/PROKKA_07022026:Prokka:GBPCPCFC_00457 (length 676)
prokka_output/PROKKA_07022026:Prokka:GBPCPCFC_00458 (length 951)
prokka_output/PROKKA_07022026:Prokka:GBPCPCFC_00459 (length 259)
prokka_output/PROKKA_07022026:Prokka:GBPCPCFC_00460 (length 430)
prokka_output/PROKKA_07022026:Prokka:GBPCPCFC_00461 (length 160)
prokka_output/PROKKA_07022026:Prokka:GBPCPCFC_00462 (length 614)
prokka_output/PROKKA_07022026:Prokka:GBPCPCFC_00463 (length 59)
prokka_output/PROKKA_07022026:Prokka:GBPCPCFC_00464 (length 459)
prokka_output/PROKKA_07022026:Prokka:GBPCPCFC_00465 (length 410)
prokka_output/PROKKA_07022026:Prokka:GBPCPCFC_00466 (length 351)
prokka_output/PROKKA_07022026:Prokka:GBPCPCFC_00467 (length 142)
prokka_output/PROKKA_07022026:Prokka:GBPCPCFC_00468 (length 364)
prokka_output/PROKKA_07022026:Prokka:GBPCPCFC_00469 (length 65)
prokka_output/PROKKA_07022026:Prokka:GBPCPCFC_00470 (length 61)
prokka_output/PROKKA_07022026:Prokka:GBPCPCFC_00471 (length 145)
prokka_output/PROKKA_07022026:Prokka:GBPCPCFC_00472 (length 181)
prokka_output/PROKKA_07022026:Prokka:GBPCPCFC_00473 (length 57)
prokka_output/PROKKA_07022026:Prokka:GBPCPCFC_00474 (length 90)
prokka_output/PROKKA_07022026:Prokka:GBPCPCFC_00475 (length 106)
prokka_output/PROKKA_07022026:Prokka:GBPCPCFC_00476 (length 430)
prokka_output/PROKKA_07022026:Prokka:GBPCPCFC_00477 (length 64)
prokka_output/PROKKA_07022026:Prokka:GBPCPCFC_00478 (length 92)
prokka_output/PROKKA_07022026:Prokka:GBPCPCFC_00479 (length 340)
prokka_output/PROKKA_07022026:Prokka:GBPCPCFC_00480 (length 29)
prokka_output/PROKKA_07022026:Prokka:GBPCPCFC_00481 (length 142)
prokka_output/PROKKA_07022026:Prokka:GBPCPCFC_00482 (length 364)
prokka_output/PROKKA_07022026:Prokka:GBPCPCFC_00483 (length 722)
prokka_output/PROKKA_07022026:Prokka:GBPCPCFC_00484 (length 49)
prokka_output/PROKKA_07022026:Prokka:GBPCPCFC_00485 (length 138)
prokka_output/PROKKA_07022026:Prokka:GBPCPCFC_00486 (length 199)
prokka_output/PROKKA_07022026:Prokka:GBPCPCFC_00487 (length 113)
prokka_output/PROKKA_07022026:Prokka:GBPCPCFC_00488 (length 132)
prokka_output/PROKKA_07022026:Prokka:GBPCPCFC_00489 (length 614)
prokka_output/PROKKA_07022026:Prokka:GBPCPCFC_00490 (length 78)
prokka_output/PROKKA_07022026:Prokka:GBPCPCFC_00491 (length 109)
prokka_output/PROKKA_07022026:Prokka:GBPCPCFC_00492 (length 124)
prokka_output/PROKKA_07022026:Prokka:GBPCPCFC_00493 (length 186)
prokka_output/PROKKA_07022026:Prokka:GBPCPCFC_00494 (length 155)
prokka_output/PROKKA_07022026:Prokka:GBPCPCFC_00495 (length 127)
prokka_output/PROKKA_07022026:Prokka:GBPCPCFC_00496 (length 612)
prokka_output/PROKKA_07022026:Prokka:GBPCPCFC_00497 (length 57)
prokka_output/PROKKA_07022026:Prokka:GBPCPCFC_00498 (length 364)
prokka_output/PROKKA_07022026:Prokka:GBPCPCFC_00499 (length 187)
prokka_output/PROKKA_07022026:Prokka:GBPCPCFC_00500 (length 116)
prokka_output/PROKKA_07022026:Prokka:GBPCPCFC_00501 (length 113)
prokka_output/PROKKA_07022026:Prokka:GBPCPCFC_00502 (length 269)
prokka_output/PROKKA_07022026:Prokka:GBPCPCFC_00503 (length 537)
prokka_output/PROKKA_07022026:Prokka:GBPCPCFC_00504 (length 430)
prokka_output/PROKKA_07022026:Prokka:GBPCPCFC_00505 (length 364)
prokka_output/PROKKA_07022026:Prokka:GBPCPCFC_00506 (length 676)
prokka_output/PROKKA_07022026:Prokka:GBPCPCFC_00507 (length 113)
prokka_output/PROKKA_07022026:Prokka:GBPCPCFC_00508 (length 116)
prokka_output/PROKKA_07022026:Prokka:GBPCPCFC_00509 (length 379)
prokka_output/PROKKA_07022026:Prokka:GBPCPCFC_00510 (length 364)
prokka_output/PROKKA_07022026:Prokka:GBPCPCFC_00511 (length 139)
prokka_output/PROKKA_07022026:Prokka:GBPCPCFC_00512 (length 154)
prokka_output/PROKKA_07022026:Prokka:GBPCPCFC_00513 (length 767)
prokka_output/PROKKA_07022026:Prokka:GBPCPCFC_00514 (length 81)
prokka_output/PROKKA_07022026:Prokka:GBPCPCFC_00515 (length 80)
prokka_output/PROKKA_07022026:Prokka:GBPCPCFC_00516 (length 52)
prokka_output/PROKKA_07022026:Prokka:GBPCPCFC_00517 (length 364)
prokka_output/PROKKA_07022026:Prokka:GBPCPCFC_00518 (length 160)
prokka_output/PROKKA_07022026:Prokka:GBPCPCFC_00519 (length 415)
prokka_output/PROKKA_07022026:Prokka:GBPCPCFC_00520 (length 121)
prokka_output/PROKKA_07022026:Prokka:GBPCPCFC_00521 (length 95)
prokka_output/PROKKA_07022026:Prokka:GBPCPCFC_00522 (length 364)
prokka_output/PROKKA_07022026:Prokka:GBPCPCFC_00523 (length 614)
prokka_output/PROKKA_07022026:Prokka:GBPCPCFC_00524 (length 141)
prokka_output/PROKKA_07022026:Prokka:GBPCPCFC_00525 (length 154)
prokka_output/PROKKA_07022026:Prokka:GBPCPCFC_00526 (length 151)
prokka_output/PROKKA_07022026:Prokka:GBPCPCFC_00527 (length 285)
prokka_output/PROKKA_07022026:Prokka:GBPCPCFC_00528 (length 619)
prokka_output/PROKKA_07022026:Prokka:GBPCPCFC_00529 (length 54)
prokka_output/PROKKA_07022026:Prokka:GBPCPCFC_00530 (length 364)
prokka_output/PROKKA_07022026:Prokka:GBPCPCFC_00531 (length 465)
prokka_output/PROKKA_07022026:Prokka:GBPCPCFC_00532 (length 155)
prokka_output/PROKKA_07022026:Prokka:GBPCPCFC_00533 (length 203)
prokka_output/PROKKA_07022026:Prokka:GBPCPCFC_00534 (length 266)
prokka_output/PROKKA_07022026:Prokka:GBPCPCFC_00535 (length 608)
prokka_output/PROKKA_07022026:Prokka:GBPCPCFC_00536 (length 169)
prokka_output/PROKKA_07022026:Prokka:GBPCPCFC_00537 (length 53)
prokka_output/PROKKA_07022026:Prokka:GBPCPCFC_00538 (length 51)
prokka_output/PROKKA_07022026:Prokka:GBPCPCFC_7 (length 20489)
prokka_output/PROKKA_07022026:Prokka:GBPCPCFC_00539 (length 176)
prokka_output/PROKKA_07022026:Prokka:GBPCPCFC_00540 (length 235)
prokka_output/PROKKA_07022026:Prokka:GBPCPCFC_00541 (length 126)
prokka_output/PROKKA_07022026:Prokka:GBPCPCFC_00542 (length 515)
prokka_output/PROKKA_07022026:Prokka:GBPCPCFC_00543 (length 186)
prokka_output/PROKKA_07022026:Prokka:GBPCPCFC_00544 (length 237)
prokka_output/PROKKA_07022026:Prokka:GBPCPCFC_00545 (length 327)
prokka_output/PROKKA_07022026:Prokka:GBPCPCFC_00546 (length 400)
prokka_output/PROKKA_07022026:Prokka:GBPCPCFC_00547 (length 115)
prokka_output/PROKKA_07022026:Prokka:GBPCPCFC_00548 (length 341)
prokka_output/PROKKA_07022026:Prokka:GBPCPCFC_00549 (length 222)
prokka_output/PROKKA_07022026:Prokka:GBPCPCFC_00550 (length 464)
prokka_output/PROKKA_07022026:Prokka:GBPCPCFC_00551 (length 204)
prokka_output/PROKKA_07022026:Prokka:GBPCPCFC_00552 (length 499)
prokka_output/PROKKA_07022026:Prokka:GBPCPCFC_00553 (length 187)
prokka_output/PROKKA_07022026:Prokka:GBPCPCFC_00554 (length 181)
prokka_output/PROKKA_07022026:Prokka:GBPCPCFC_00555 (length 213)
prokka_output/PROKKA_07022026:Prokka:GBPCPCFC_00556 (length 220)
prokka_output/PROKKA_07022026:Prokka:GBPCPCFC_00557 (length 243)
prokka_output/PROKKA_07022026:Prokka:GBPCPCFC_00558 (length 291)
prokka_output/PROKKA_07022026:Prokka:GBPCPCFC_8 (length 9365)
prokka_output/PROKKA_07022026:Prokka:GBPCPCFC_00559 (length 232)
prokka_output/PROKKA_07022026:Prokka:GBPCPCFC_00560 (length 155)
prokka_output/PROKKA_07022026:Prokka:GBPCPCFC_00561 (length 142)
prokka_output/PROKKA_07022026:Prokka:GBPCPCFC_00562 (length 383)
prokka_output/PROKKA_07022026:Prokka:GBPCPCFC_00563 (length 359)
prokka_output/PROKKA_07022026:Prokka:GBPCPCFC_00564 (length 465)
prokka_output/PROKKA_07022026:Prokka:GBPCPCFC_00565 (length 177)
prokka_output/PROKKA_07022026:Prokka:GBPCPCFC_00566 (length 239)
prokka_output/PROKKA_07022026:Prokka:GBPCPCFC_00567 (length 53)
prokka_output/PROKKA_07022026:Prokka:GBPCPCFC_00568 (length 78)
prokka_output/PROKKA_07022026:Prokka:GBPCPCFC_00569 (length 56)
prokka_output/PROKKA_07022026:Prokka:GBPCPCFC_00570 (length 106)
prokka_output/PROKKA_07022026:Prokka:GBPCPCFC_9 (length 10852)
prokka_output/PROKKA_07022026:Prokka:GBPCPCFC_00571 (length 98)
prokka_output/PROKKA_07022026:Prokka:GBPCPCFC_00572 (length 315)
prokka_output/PROKKA_07022026:Prokka:GBPCPCFC_00573 (length 157)
prokka_output/PROKKA_07022026:Prokka:GBPCPCFC_00574 (length 502)
prokka_output/PROKKA_07022026:Prokka:GBPCPCFC_00575 (length 1121)
prokka_output/PROKKA_07022026:Prokka:GBPCPCFC_00576 (length 141)
prokka_output/PROKKA_07022026:Prokka:GBPCPCFC_00577 (length 150)
prokka_output/PROKKA_07022026:Prokka:GBPCPCFC_00578 (length 464)
prokka_output/PROKKA_07022026:Prokka:GBPCPCFC_00579 (length 98)
prokka_output/PROKKA_07022026:Prokka:GBPCPCFC_10 (length 10469)
prokka_output/PROKKA_07022026:Prokka:GBPCPCFC_00580 (length 248)
prokka_output/PROKKA_07022026:Prokka:GBPCPCFC_00581 (length 126)
prokka_output/PROKKA_07022026:Prokka:GBPCPCFC_00582 (length 223)
prokka_output/PROKKA_07022026:Prokka:GBPCPCFC_00583 (length 197)
prokka_output/PROKKA_07022026:Prokka:GBPCPCFC_00584 (length 193)
prokka_output/PROKKA_07022026:Prokka:GBPCPCFC_00585 (length 724)
prokka_output/PROKKA_07022026:Prokka:GBPCPCFC_00586 (length 233)
prokka_output/PROKKA_07022026:Prokka:GBPCPCFC_00587 (length 140)
prokka_output/PROKKA_07022026:Prokka:GBPCPCFC_00588 (length 253)
prokka_output/PROKKA_07022026:Prokka:GBPCPCFC_00589 (length 97)
prokka_output/PROKKA_07022026:Prokka:GBPCPCFC_00590 (length 358)
prokka_output/PROKKA_07022026:Prokka:GBPCPCFC_00591 (length 184)
prokka_output/PROKKA_07022026:Prokka:GBPCPCFC_00592 (length 223)
prokka_output/PROKKA_07022026:Prokka:GBPCPCFC_11 (length 13776)
prokka_output/PROKKA_07022026:Prokka:GBPCPCFC_00593 (length 71)
prokka_output/PROKKA_07022026:Prokka:GBPCPCFC_00594 (length 154)
prokka_output/PROKKA_07022026:Prokka:GBPCPCFC_00595 (length 52)
prokka_output/PROKKA_07022026:Prokka:GBPCPCFC_00596 (length 111)
prokka_output/PROKKA_07022026:Prokka:GBPCPCFC_00597 (length 56)
prokka_output/PROKKA_07022026:Prokka:GBPCPCFC_00598 (length 53)
prokka_output/PROKKA_07022026:Prokka:GBPCPCFC_00599 (length 129)
prokka_output/PROKKA_07022026:Prokka:GBPCPCFC_00600 (length 55)
prokka_output/PROKKA_07022026:Prokka:GBPCPCFC_00601 (length 37)
prokka_output/PROKKA_07022026:Prokka:GBPCPCFC_00602 (length 65)
prokka_output/PROKKA_07022026:Prokka:GBPCPCFC_00603 (length 61)
prokka_output/PROKKA_07022026:Prokka:GBPCPCFC_00604 (length 73)
prokka_output/PROKKA_07022026:Prokka:GBPCPCFC_00605 (length 90)
prokka_output/PROKKA_07022026:Prokka:GBPCPCFC_00606 (length 190)
prokka_output/PROKKA_07022026:Prokka:GBPCPCFC_00607 (length 36)
prokka_output/PROKKA_07022026:Prokka:GBPCPCFC_00608 (length 201)
prokka_output/PROKKA_07022026:Prokka:GBPCPCFC_00609 (length 202)
prokka_output/PROKKA_07022026:Prokka:GBPCPCFC_00610 (length 137)
prokka_output/PROKKA_07022026:Prokka:GBPCPCFC_00611 (length 133)
prokka_output/PROKKA_07022026:Prokka:GBPCPCFC_00612 (length 84)
prokka_output/PROKKA_07022026:Prokka:GBPCPCFC_00613 (length 216)
prokka_output/PROKKA_07022026:Prokka:GBPCPCFC_00614 (length 104)
prokka_output/PROKKA_07022026:Prokka:GBPCPCFC_00615 (length 207)
prokka_output/PROKKA_07022026:Prokka:GBPCPCFC_00616 (length 129)
prokka_output/PROKKA_07022026:Prokka:GBPCPCFC_12 (length 73539)
prokka_output/PROKKA_07022026:Prokka:GBPCPCFC_00617 (length 80)
prokka_output/PROKKA_07022026:Prokka:GBPCPCFC_00618 (length 57)
prokka_output/PROKKA_07022026:Prokka:GBPCPCFC_00619 (length 47)
prokka_output/PROKKA_07022026:Prokka:GBPCPCFC_00620 (length 210)
prokka_output/PROKKA_07022026:Prokka:GBPCPCFC_00621 (length 430)
prokka_output/PROKKA_07022026:Prokka:GBPCPCFC_00622 (length 249)
prokka_output/PROKKA_07022026:Prokka:GBPCPCFC_00623 (length 132)
prokka_output/PROKKA_07022026:Prokka:GBPCPCFC_00624 (length 298)
prokka_output/PROKKA_07022026:Prokka:GBPCPCFC_00625 (length 92)
prokka_output/PROKKA_07022026:Prokka:GBPCPCFC_00626 (length 169)
prokka_output/PROKKA_07022026:Prokka:GBPCPCFC_00627 (length 832)
prokka_output/PROKKA_07022026:Prokka:GBPCPCFC_00628 (length 154)
prokka_output/PROKKA_07022026:Prokka:GBPCPCFC_00629 (length 1333)
prokka_output/PROKKA_07022026:Prokka:GBPCPCFC_00630 (length 198)
prokka_output/PROKKA_07022026:Prokka:GBPCPCFC_00631 (length 78)
prokka_output/PROKKA_07022026:Prokka:GBPCPCFC_00632 (length 358)
prokka_output/PROKKA_07022026:Prokka:GBPCPCFC_00633 (length 192)
prokka_output/PROKKA_07022026:Prokka:GBPCPCFC_00634 (length 307)
prokka_output/PROKKA_07022026:Prokka:GBPCPCFC_00635 (length 576)
prokka_output/PROKKA_07022026:Prokka:GBPCPCFC_00636 (length 41)
prokka_output/PROKKA_07022026:Prokka:GBPCPCFC_00637 (length 60)
prokka_output/PROKKA_07022026:Prokka:GBPCPCFC_00638 (length 315)
prokka_output/PROKKA_07022026:Prokka:GBPCPCFC_00639 (length 80)
prokka_output/PROKKA_07022026:Prokka:GBPCPCFC_00640 (length 139)
prokka_output/PROKKA_07022026:Prokka:GBPCPCFC_00641 (length 106)
prokka_output/PROKKA_07022026:Prokka:GBPCPCFC_00642 (length 364)
prokka_output/PROKKA_07022026:Prokka:GBPCPCFC_00643 (length 788)
prokka_output/PROKKA_07022026:Prokka:GBPCPCFC_00644 (length 61)
prokka_output/PROKKA_07022026:Prokka:GBPCPCFC_00645 (length 154)
prokka_output/PROKKA_07022026:Prokka:GBPCPCFC_00646 (length 104)
prokka_output/PROKKA_07022026:Prokka:GBPCPCFC_00647 (length 70)
prokka_output/PROKKA_07022026:Prokka:GBPCPCFC_00648 (length 80)
prokka_output/PROKKA_07022026:Prokka:GBPCPCFC_00649 (length 38)
prokka_output/PROKKA_07022026:Prokka:GBPCPCFC_00650 (length 1683)
prokka_output/PROKKA_07022026:Prokka:GBPCPCFC_00651 (length 113)
prokka_output/PROKKA_07022026:Prokka:GBPCPCFC_00652 (length 116)
prokka_output/PROKKA_07022026:Prokka:GBPCPCFC_00653 (length 510)
prokka_output/PROKKA_07022026:Prokka:GBPCPCFC_00654 (length 848)
prokka_output/PROKKA_07022026:Prokka:GBPCPCFC_00655 (length 364)
prokka_output/PROKKA_07022026:Prokka:GBPCPCFC_00656 (length 81)
prokka_output/PROKKA_07022026:Prokka:GBPCPCFC_00657 (length 337)
prokka_output/PROKKA_07022026:Prokka:GBPCPCFC_00658 (length 356)
prokka_output/PROKKA_07022026:Prokka:GBPCPCFC_00659 (length 336)
prokka_output/PROKKA_07022026:Prokka:GBPCPCFC_00660 (length 241)
prokka_output/PROKKA_07022026:Prokka:GBPCPCFC_00661 (length 360)
prokka_output/PROKKA_07022026:Prokka:GBPCPCFC_00662 (length 238)
prokka_output/PROKKA_07022026:Prokka:GBPCPCFC_00663 (length 364)
prokka_output/PROKKA_07022026:Prokka:GBPCPCFC_00664 (length 691)
prokka_output/PROKKA_07022026:Prokka:GBPCPCFC_00665 (length 154)
prokka_output/PROKKA_07022026:Prokka:GBPCPCFC_00666 (length 141)
prokka_output/PROKKA_07022026:Prokka:GBPCPCFC_00667 (length 324)
prokka_output/PROKKA_07022026:Prokka:GBPCPCFC_00668 (length 272)
prokka_output/PROKKA_07022026:Prokka:GBPCPCFC_00669 (length 364)
prokka_output/PROKKA_07022026:Prokka:GBPCPCFC_00670 (length 192)
prokka_output/PROKKA_07022026:Prokka:GBPCPCFC_00671 (length 637)
prokka_output/PROKKA_07022026:Prokka:GBPCPCFC_00672 (length 47)
prokka_output/PROKKA_07022026:Prokka:GBPCPCFC_00673 (length 211)
prokka_output/PROKKA_07022026:Prokka:GBPCPCFC_00674 (length 148)
prokka_output/PROKKA_07022026:Prokka:GBPCPCFC_00675 (length 466)
prokka_output/PROKKA_07022026:Prokka:GBPCPCFC_00676 (length 160)
prokka_output/PROKKA_07022026:Prokka:GBPCPCFC_00677 (length 39)
prokka_output/PROKKA_07022026:Prokka:GBPCPCFC_00678 (length 113)
prokka_output/PROKKA_07022026:Prokka:GBPCPCFC_00679 (length 61)
prokka_output/PROKKA_07022026:Prokka:GBPCPCFC_00680 (length 82)
prokka_output/PROKKA_07022026:Prokka:GBPCPCFC_00681 (length 61)
prokka_output/PROKKA_07022026:Prokka:GBPCPCFC_00682 (length 53)
prokka_output/PROKKA_07022026:Prokka:GBPCPCFC_00683 (length 104)
prokka_output/PROKKA_07022026:Prokka:GBPCPCFC_00684 (length 56)
prokka_output/PROKKA_07022026:Prokka:GBPCPCFC_00685 (length 38)
prokka_output/PROKKA_07022026:Prokka:GBPCPCFC_00686 (length 42)
prokka_output/PROKKA_07022026:Prokka:GBPCPCFC_00687 (length 172)
prokka_output/PROKKA_07022026:Prokka:GBPCPCFC_00688 (length 256)
prokka_output/PROKKA_07022026:Prokka:GBPCPCFC_00689 (length 143)
prokka_output/PROKKA_07022026:Prokka:GBPCPCFC_00690 (length 39)
prokka_output/PROKKA_07022026:Prokka:GBPCPCFC_00691 (length 364)
prokka_output/PROKKA_07022026:Prokka:GBPCPCFC_13 (length 4435)
prokka_output/PROKKA_07022026:Prokka:GBPCPCFC_00692 (length 550)
prokka_output/PROKKA_07022026:Prokka:GBPCPCFC_00693 (length 149)
prokka_output/PROKKA_07022026:Prokka:GBPCPCFC_00694 (length 169)
prokka_output/PROKKA_07022026:Prokka:GBPCPCFC_00695 (length 540)
prokka_output/PROKKA_07022026:Prokka:GBPCPCFC_14 (length 13410)
prokka_output/PROKKA_07022026:Prokka:GBPCPCFC_00696 (length 595)
prokka_output/PROKKA_07022026:Prokka:GBPCPCFC_00697 (length 445)
prokka_output/PROKKA_07022026:Prokka:GBPCPCFC_00698 (length 338)
prokka_output/PROKKA_07022026:Prokka:GBPCPCFC_00699 (length 440)
prokka_output/PROKKA_07022026:Prokka:GBPCPCFC_00700 (length 427)
prokka_output/PROKKA_07022026:Prokka:GBPCPCFC_00701 (length 355)
prokka_output/PROKKA_07022026:Prokka:GBPCPCFC_00702 (length 95)
prokka_output/PROKKA_07022026:Prokka:GBPCPCFC_00703 (length 387)
prokka_output/PROKKA_07022026:Prokka:GBPCPCFC_00704 (length 301)
prokka_output/PROKKA_07022026:Prokka:GBPCPCFC_00705 (length 145)
prokka_output/PROKKA_07022026:Prokka:GBPCPCFC_00706 (length 112)
prokka_output/PROKKA_07022026:Prokka:GBPCPCFC_00707 (length 146)
prokka_output/PROKKA_07022026:Prokka:GBPCPCFC_00708 (length 183)
prokka_output/PROKKA_07022026:Prokka:GBPCPCFC_00709 (length 248)
prokka_output/PROKKA_07022026:Prokka:GBPCPCFC_15 (length 46534)
prokka_output/PROKKA_07022026:Prokka:GBPCPCFC_00710 (length 67)
prokka_output/PROKKA_07022026:Prokka:GBPCPCFC_00711 (length 36)
prokka_output/PROKKA_07022026:Prokka:GBPCPCFC_00712 (length 86)
prokka_output/PROKKA_07022026:Prokka:GBPCPCFC_00713 (length 52)
prokka_output/PROKKA_07022026:Prokka:GBPCPCFC_00714 (length 69)
prokka_output/PROKKA_07022026:Prokka:GBPCPCFC_00715 (length 57)
prokka_output/PROKKA_07022026:Prokka:GBPCPCFC_00716 (length 176)
prokka_output/PROKKA_07022026:Prokka:GBPCPCFC_00717 (length 154)
prokka_output/PROKKA_07022026:Prokka:GBPCPCFC_00718 (length 1307)
prokka_output/PROKKA_07022026:Prokka:GBPCPCFC_00719 (length 364)
prokka_output/PROKKA_07022026:Prokka:GBPCPCFC_00720 (length 324)
prokka_output/PROKKA_07022026:Prokka:GBPCPCFC_00721 (length 155)
prokka_output/PROKKA_07022026:Prokka:GBPCPCFC_00722 (length 142)
prokka_output/PROKKA_07022026:Prokka:GBPCPCFC_00723 (length 49)
prokka_output/PROKKA_07022026:Prokka:GBPCPCFC_00724 (length 182)
prokka_output/PROKKA_07022026:Prokka:GBPCPCFC_00725 (length 421)
prokka_output/PROKKA_07022026:Prokka:GBPCPCFC_00726 (length 80)
prokka_output/PROKKA_07022026:Prokka:GBPCPCFC_00727 (length 70)
prokka_output/PROKKA_07022026:Prokka:GBPCPCFC_00728 (length 58)
prokka_output/PROKKA_07022026:Prokka:GBPCPCFC_00729 (length 67)
prokka_output/PROKKA_07022026:Prokka:GBPCPCFC_00730 (length 717)
prokka_output/PROKKA_07022026:Prokka:GBPCPCFC_00731 (length 44)
prokka_output/PROKKA_07022026:Prokka:GBPCPCFC_00732 (length 92)
prokka_output/PROKKA_07022026:Prokka:GBPCPCFC_00733 (length 187)
prokka_output/PROKKA_07022026:Prokka:GBPCPCFC_00734 (length 49)
prokka_output/PROKKA_07022026:Prokka:GBPCPCFC_00735 (length 135)
prokka_output/PROKKA_07022026:Prokka:GBPCPCFC_00736 (length 85)
prokka_output/PROKKA_07022026:Prokka:GBPCPCFC_00737 (length 47)
prokka_output/PROKKA_07022026:Prokka:GBPCPCFC_00738 (length 108)
prokka_output/PROKKA_07022026:Prokka:GBPCPCFC_00739 (length 139)
prokka_output/PROKKA_07022026:Prokka:GBPCPCFC_00740 (length 94)
prokka_output/PROKKA_07022026:Prokka:GBPCPCFC_00741 (length 145)
prokka_output/PROKKA_07022026:Prokka:GBPCPCFC_00742 (length 149)
prokka_output/PROKKA_07022026:Prokka:GBPCPCFC_00743 (length 753)
prokka_output/PROKKA_07022026:Prokka:GBPCPCFC_00744 (length 55)
prokka_output/PROKKA_07022026:Prokka:GBPCPCFC_00745 (length 65)
prokka_output/PROKKA_07022026:Prokka:GBPCPCFC_00746 (length 440)
prokka_output/PROKKA_07022026:Prokka:GBPCPCFC_00747 (length 197)
prokka_output/PROKKA_07022026:Prokka:GBPCPCFC_00748 (length 102)
prokka_output/PROKKA_07022026:Prokka:GBPCPCFC_00749 (length 177)
prokka_output/PROKKA_07022026:Prokka:GBPCPCFC_00750 (length 430)
prokka_output/PROKKA_07022026:Prokka:GBPCPCFC_00751 (length 55)
prokka_output/PROKKA_07022026:Prokka:GBPCPCFC_00752 (length 289)
prokka_output/PROKKA_07022026:Prokka:GBPCPCFC_00753 (length 182)
prokka_output/PROKKA_07022026:Prokka:GBPCPCFC_00754 (length 256)
prokka_output/PROKKA_07022026:Prokka:GBPCPCFC_00755 (length 214)
prokka_output/PROKKA_07022026:Prokka:GBPCPCFC_00756 (length 145)
prokka_output/PROKKA_07022026:Prokka:GBPCPCFC_00757 (length 364)
prokka_output/PROKKA_07022026:Prokka:GBPCPCFC_00758 (length 262)
prokka_output/PROKKA_07022026:Prokka:GBPCPCFC_00759 (length 160)
prokka_output/PROKKA_07022026:Prokka:GBPCPCFC_00760 (length 465)
prokka_output/PROKKA_07022026:Prokka:GBPCPCFC_00761 (length 52)
prokka_output/PROKKA_07022026:Prokka:GBPCPCFC_00762 (length 55)
prokka_output/PROKKA_07022026:Prokka:GBPCPCFC_00763 (length 88)
prokka_output/PROKKA_07022026:Prokka:GBPCPCFC_00764 (length 47)
prokka_output/PROKKA_07022026:Prokka:GBPCPCFC_00765 (length 74)
prokka_output/PROKKA_07022026:Prokka:GBPCPCFC_00766 (length 57)
prokka_output/PROKKA_07022026:Prokka:GBPCPCFC_00767 (length 46)
prokka_output/PROKKA_07022026:Prokka:GBPCPCFC_00768 (length 72)
prokka_output/PROKKA_07022026:Prokka:GBPCPCFC_00769 (length 96)
prokka_output/PROKKA_07022026:Prokka:GBPCPCFC_00770 (length 148)
prokka_output/PROKKA_07022026:Prokka:GBPCPCFC_00771 (length 31)
prokka_output/PROKKA_07022026:Prokka:GBPCPCFC_00772 (length 91)
prokka_output/PROKKA_07022026:Prokka:GBPCPCFC_00773 (length 38)
prokka_output/PROKKA_07022026:Prokka:GBPCPCFC_00774 (length 65)
prokka_output/PROKKA_07022026:Prokka:GBPCPCFC_00775 (length 241)
prokka_output/PROKKA_07022026:Prokka:GBPCPCFC_16 (length 13445)
prokka_output/PROKKA_07022026:Prokka:GBPCPCFC_00776 (length 210)
prokka_output/PROKKA_07022026:Prokka:GBPCPCFC_00777 (length 248)
prokka_output/PROKKA_07022026:Prokka:GBPCPCFC_00778 (length 272)
prokka_output/PROKKA_07022026:Prokka:GBPCPCFC_00779 (length 498)
prokka_output/PROKKA_07022026:Prokka:GBPCPCFC_00780 (length 834)
prokka_output/PROKKA_07022026:Prokka:GBPCPCFC_00781 (length 378)
prokka_output/PROKKA_07022026:Prokka:GBPCPCFC_00782 (length 474)
prokka_output/PROKKA_07022026:Prokka:GBPCPCFC_00783 (length 443)
prokka_output/PROKKA_07022026:Prokka:GBPCPCFC_00784 (length 120)
prokka_output/PROKKA_07022026:Prokka:GBPCPCFC_00785 (length 80)
prokka_output/PROKKA_07022026:Prokka:GBPCPCFC_00786 (length 406)
prokka_output/PROKKA_07022026:Prokka:GBPCPCFC_00787 (length 139)
prokka_output/PROKKA_07022026:Prokka:GBPCPCFC_17 (length 18408)
prokka_output/PROKKA_07022026:Prokka:GBPCPCFC_00788 (length 293)
prokka_output/PROKKA_07022026:Prokka:GBPCPCFC_00789 (length 495)
prokka_output/PROKKA_07022026:Prokka:GBPCPCFC_00790 (length 441)
prokka_output/PROKKA_07022026:Prokka:GBPCPCFC_00791 (length 295)
prokka_output/PROKKA_07022026:Prokka:GBPCPCFC_00792 (length 202)
prokka_output/PROKKA_07022026:Prokka:GBPCPCFC_00793 (length 138)
prokka_output/PROKKA_07022026:Prokka:GBPCPCFC_00794 (length 279)
prokka_output/PROKKA_07022026:Prokka:GBPCPCFC_00795 (length 671)
prokka_output/PROKKA_07022026:Prokka:GBPCPCFC_00796 (length 180)
prokka_output/PROKKA_07022026:Prokka:GBPCPCFC_00797 (length 197)
prokka_output/PROKKA_07022026:Prokka:GBPCPCFC_00798 (length 231)
prokka_output/PROKKA_07022026:Prokka:GBPCPCFC_00799 (length 305)
prokka_output/PROKKA_07022026:Prokka:GBPCPCFC_00800 (length 425)
prokka_output/PROKKA_07022026:Prokka:GBPCPCFC_00801 (length 385)
prokka_output/PROKKA_07022026:Prokka:GBPCPCFC_00802 (length 99)
prokka_output/PROKKA_07022026:Prokka:GBPCPCFC_00803 (length 136)
prokka_output/PROKKA_07022026:Prokka:GBPCPCFC_00804 (length 206)
prokka_output/PROKKA_07022026:Prokka:GBPCPCFC_00805 (length 275)
prokka_output/PROKKA_07022026:Prokka:GBPCPCFC_00806 (length 100)
prokka_output/PROKKA_07022026:Prokka:GBPCPCFC_00807 (length 162)
prokka_output/PROKKA_07022026:Prokka:GBPCPCFC_18 (length 59216)
prokka_output/PROKKA_07022026:Prokka:GBPCPCFC_00808 (length 129)
prokka_output/PROKKA_07022026:Prokka:GBPCPCFC_00809 (length 390)
prokka_output/PROKKA_07022026:Prokka:GBPCPCFC_00810 (length 115)
prokka_output/PROKKA_07022026:Prokka:GBPCPCFC_00811 (length 150)
prokka_output/PROKKA_07022026:Prokka:GBPCPCFC_00812 (length 114)
prokka_output/PROKKA_07022026:Prokka:GBPCPCFC_00813 (length 368)
prokka_output/PROKKA_07022026:Prokka:GBPCPCFC_00814 (length 306)
prokka_output/PROKKA_07022026:Prokka:GBPCPCFC_00815 (length 474)
prokka_output/PROKKA_07022026:Prokka:GBPCPCFC_00816 (length 342)
prokka_output/PROKKA_07022026:Prokka:GBPCPCFC_00817 (length 100)
prokka_output/PROKKA_07022026:Prokka:GBPCPCFC_00818 (length 271)
prokka_output/PROKKA_07022026:Prokka:GBPCPCFC_00819 (length 535)
prokka_output/PROKKA_07022026:Prokka:GBPCPCFC_00820 (length 159)
prokka_output/PROKKA_07022026:Prokka:GBPCPCFC_00821 (length 187)
prokka_output/PROKKA_07022026:Prokka:GBPCPCFC_00822 (length 193)
prokka_output/PROKKA_07022026:Prokka:GBPCPCFC_00823 (length 402)
prokka_output/PROKKA_07022026:Prokka:GBPCPCFC_00824 (length 127)
prokka_output/PROKKA_07022026:Prokka:GBPCPCFC_00825 (length 451)
prokka_output/PROKKA_07022026:Prokka:GBPCPCFC_00826 (length 408)
prokka_output/PROKKA_07022026:Prokka:GBPCPCFC_00827 (length 251)
prokka_output/PROKKA_07022026:Prokka:GBPCPCFC_00828 (length 240)
prokka_output/PROKKA_07022026:Prokka:GBPCPCFC_00829 (length 199)
prokka_output/PROKKA_07022026:Prokka:GBPCPCFC_00830 (length 188)
prokka_output/PROKKA_07022026:Prokka:GBPCPCFC_00831 (length 281)
prokka_output/PROKKA_07022026:Prokka:GBPCPCFC_00832 (length 311)
prokka_output/PROKKA_07022026:Prokka:GBPCPCFC_00833 (length 149)
prokka_output/PROKKA_07022026:Prokka:GBPCPCFC_00834 (length 307)
prokka_output/PROKKA_07022026:Prokka:GBPCPCFC_00835 (length 185)
prokka_output/PROKKA_07022026:Prokka:GBPCPCFC_00836 (length 99)
prokka_output/PROKKA_07022026:Prokka:GBPCPCFC_00837 (length 272)
prokka_output/PROKKA_07022026:Prokka:GBPCPCFC_00838 (length 387)
prokka_output/PROKKA_07022026:Prokka:GBPCPCFC_00839 (length 148)
prokka_output/PROKKA_07022026:Prokka:GBPCPCFC_00840 (length 142)
prokka_output/PROKKA_07022026:Prokka:GBPCPCFC_00841 (length 115)
prokka_output/PROKKA_07022026:Prokka:GBPCPCFC_00842 (length 145)
prokka_output/PROKKA_07022026:Prokka:GBPCPCFC_00843 (length 302)
prokka_output/PROKKA_07022026:Prokka:GBPCPCFC_00844 (length 102)
prokka_output/PROKKA_07022026:Prokka:GBPCPCFC_00845 (length 370)
prokka_output/PROKKA_07022026:Prokka:GBPCPCFC_00846 (length 213)
prokka_output/PROKKA_07022026:Prokka:GBPCPCFC_00847 (length 274)
prokka_output/PROKKA_07022026:Prokka:GBPCPCFC_00848 (length 149)
prokka_output/PROKKA_07022026:Prokka:GBPCPCFC_00849 (length 72)
prokka_output/PROKKA_07022026:Prokka:GBPCPCFC_00850 (length 107)
prokka_output/PROKKA_07022026:Prokka:GBPCPCFC_00851 (length 241)
prokka_output/PROKKA_07022026:Prokka:GBPCPCFC_00852 (length 340)
prokka_output/PROKKA_07022026:Prokka:GBPCPCFC_00853 (length 308)
prokka_output/PROKKA_07022026:Prokka:GBPCPCFC_00854 (length 209)
prokka_output/PROKKA_07022026:Prokka:GBPCPCFC_00855 (length 310)
prokka_output/PROKKA_07022026:Prokka:GBPCPCFC_00856 (length 168)
prokka_output/PROKKA_07022026:Prokka:GBPCPCFC_00857 (length 184)
prokka_output/PROKKA_07022026:Prokka:GBPCPCFC_00858 (length 164)
prokka_output/PROKKA_07022026:Prokka:GBPCPCFC_00859 (length 320)
prokka_output/PROKKA_07022026:Prokka:GBPCPCFC_00860 (length 166)
prokka_output/PROKKA_07022026:Prokka:GBPCPCFC_00861 (length 839)
prokka_output/PROKKA_07022026:Prokka:GBPCPCFC_00862 (length 115)
prokka_output/PROKKA_07022026:Prokka:GBPCPCFC_00863 (length 114)
prokka_output/PROKKA_07022026:Prokka:GBPCPCFC_00864 (length 368)
prokka_output/PROKKA_07022026:Prokka:GBPCPCFC_00865 (length 306)
prokka_output/PROKKA_07022026:Prokka:GBPCPCFC_00866 (length 474)
prokka_output/PROKKA_07022026:Prokka:GBPCPCFC_00867 (length 342)
prokka_output/PROKKA_07022026:Prokka:GBPCPCFC_00868 (length 100)
prokka_output/PROKKA_07022026:Prokka:GBPCPCFC_00869 (length 190)
prokka_output/PROKKA_07022026:Prokka:GBPCPCFC_00870 (length 106)
prokka_output/PROKKA_07022026:Prokka:GBPCPCFC_00871 (length 191)
prokka_output/PROKKA_07022026:Prokka:GBPCPCFC_00872 (length 173)
prokka_output/PROKKA_07022026:Prokka:GBPCPCFC_00873 (length 165)
prokka_output/PROKKA_07022026:Prokka:GBPCPCFC_00874 (length 380)
prokka_output/PROKKA_07022026:Prokka:GBPCPCFC_19 (length 4017)
prokka_output/PROKKA_07022026:Prokka:GBPCPCFC_00875 (length 670)
prokka_output/PROKKA_07022026:Prokka:GBPCPCFC_00876 (length 287)
prokka_output/PROKKA_07022026:Prokka:GBPCPCFC_00877 (length 260)
prokka_output/PROKKA_07022026:Prokka:GBPCPCFC_20 (length 17902)
prokka_output/PROKKA_07022026:Prokka:GBPCPCFC_00878 (length 787)
prokka_output/PROKKA_07022026:Prokka:GBPCPCFC_00879 (length 419)
prokka_output/PROKKA_07022026:Prokka:GBPCPCFC_00880 (length 158)
prokka_output/PROKKA_07022026:Prokka:GBPCPCFC_00881 (length 303)
prokka_output/PROKKA_07022026:Prokka:GBPCPCFC_00882 (length 124)
prokka_output/PROKKA_07022026:Prokka:GBPCPCFC_00883 (length 413)
prokka_output/PROKKA_07022026:Prokka:GBPCPCFC_00884 (length 468)
prokka_output/PROKKA_07022026:Prokka:GBPCPCFC_00885 (length 447)
prokka_output/PROKKA_07022026:Prokka:GBPCPCFC_00886 (length 374)
prokka_output/PROKKA_07022026:Prokka:GBPCPCFC_00887 (length 259)
prokka_output/PROKKA_07022026:Prokka:GBPCPCFC_00888 (length 293)
prokka_output/PROKKA_07022026:Prokka:GBPCPCFC_00889 (length 94)
prokka_output/PROKKA_07022026:Prokka:GBPCPCFC_00890 (length 139)
prokka_output/PROKKA_07022026:Prokka:GBPCPCFC_00891 (length 288)
prokka_output/PROKKA_07022026:Prokka:GBPCPCFC_00892 (length 216)
prokka_output/PROKKA_07022026:Prokka:GBPCPCFC_00893 (length 385)
prokka_output/PROKKA_07022026:Prokka:GBPCPCFC_00894 (length 132)
prokka_output/PROKKA_07022026:Prokka:GBPCPCFC_21 (length 20498)
prokka_output/PROKKA_07022026:Prokka:GBPCPCFC_00895 (length 68)
prokka_output/PROKKA_07022026:Prokka:GBPCPCFC_00896 (length 106)
prokka_output/PROKKA_07022026:Prokka:GBPCPCFC_00897 (length 158)
prokka_output/PROKKA_07022026:Prokka:GBPCPCFC_00898 (length 156)
prokka_output/PROKKA_07022026:Prokka:GBPCPCFC_00899 (length 162)
prokka_output/PROKKA_07022026:Prokka:GBPCPCFC_00900 (length 95)
prokka_output/PROKKA_07022026:Prokka:GBPCPCFC_00901 (length 105)
prokka_output/PROKKA_07022026:Prokka:GBPCPCFC_00902 (length 464)
prokka_output/PROKKA_07022026:Prokka:GBPCPCFC_00903 (length 129)
prokka_output/PROKKA_07022026:Prokka:GBPCPCFC_00904 (length 530)
prokka_output/PROKKA_07022026:Prokka:GBPCPCFC_00905 (length 288)
prokka_output/PROKKA_07022026:Prokka:GBPCPCFC_00906 (length 93)
prokka_output/PROKKA_07022026:Prokka:GBPCPCFC_00907 (length 255)
prokka_output/PROKKA_07022026:Prokka:GBPCPCFC_00908 (length 169)
prokka_output/PROKKA_07022026:Prokka:GBPCPCFC_00909 (length 318)
prokka_output/PROKKA_07022026:Prokka:GBPCPCFC_00910 (length 416)
prokka_output/PROKKA_07022026:Prokka:GBPCPCFC_00911 (length 522)
prokka_output/PROKKA_07022026:Prokka:GBPCPCFC_00912 (length 161)
prokka_output/PROKKA_07022026:Prokka:GBPCPCFC_00913 (length 447)
prokka_output/PROKKA_07022026:Prokka:GBPCPCFC_22 (length 1348403)
prokka_output/PROKKA_07022026:Prokka:GBPCPCFC_00914 (length 294)
prokka_output/PROKKA_07022026:Prokka:GBPCPCFC_00915 (length 40)
prokka_output/PROKKA_07022026:Prokka:GBPCPCFC_00916 (length 146)
prokka_output/PROKKA_07022026:Prokka:GBPCPCFC_00917 (length 1003)
prokka_output/PROKKA_07022026:Prokka:GBPCPCFC_00918 (length 79)
prokka_output/PROKKA_07022026:Prokka:GBPCPCFC_00919 (length 364)
prokka_output/PROKKA_07022026:Prokka:GBPCPCFC_00920 (length 297)
prokka_output/PROKKA_07022026:Prokka:GBPCPCFC_00921 (length 218)
prokka_output/PROKKA_07022026:Prokka:GBPCPCFC_00922 (length 379)
prokka_output/PROKKA_07022026:Prokka:GBPCPCFC_00923 (length 364)
prokka_output/PROKKA_07022026:Prokka:GBPCPCFC_00924 (length 430)
prokka_output/PROKKA_07022026:Prokka:GBPCPCFC_00925 (length 515)
prokka_output/PROKKA_07022026:Prokka:GBPCPCFC_00926 (length 66)
prokka_output/PROKKA_07022026:Prokka:GBPCPCFC_00927 (length 360)
prokka_output/PROKKA_07022026:Prokka:GBPCPCFC_00928 (length 436)
prokka_output/PROKKA_07022026:Prokka:GBPCPCFC_00929 (length 145)
prokka_output/PROKKA_07022026:Prokka:GBPCPCFC_00930 (length 439)
prokka_output/PROKKA_07022026:Prokka:GBPCPCFC_00931 (length 364)
prokka_output/PROKKA_07022026:Prokka:GBPCPCFC_00932 (length 71)
prokka_output/PROKKA_07022026:Prokka:GBPCPCFC_00933 (length 442)
prokka_output/PROKKA_07022026:Prokka:GBPCPCFC_00934 (length 279)
prokka_output/PROKKA_07022026:Prokka:GBPCPCFC_00935 (length 457)
prokka_output/PROKKA_07022026:Prokka:GBPCPCFC_00936 (length 97)
prokka_output/PROKKA_07022026:Prokka:GBPCPCFC_00937 (length 169)
prokka_output/PROKKA_07022026:Prokka:GBPCPCFC_00938 (length 323)
prokka_output/PROKKA_07022026:Prokka:GBPCPCFC_00939 (length 159)
prokka_output/PROKKA_07022026:Prokka:GBPCPCFC_00940 (length 154)
prokka_output/PROKKA_07022026:Prokka:GBPCPCFC_00941 (length 364)
prokka_output/PROKKA_07022026:Prokka:GBPCPCFC_00942 (length 285)
prokka_output/PROKKA_07022026:Prokka:GBPCPCFC_00943 (length 145)
prokka_output/PROKKA_07022026:Prokka:GBPCPCFC_00944 (length 437)
prokka_output/PROKKA_07022026:Prokka:GBPCPCFC_00945 (length 429)
prokka_output/PROKKA_07022026:Prokka:GBPCPCFC_00946 (length 496)
prokka_output/PROKKA_07022026:Prokka:GBPCPCFC_00947 (length 97)
prokka_output/PROKKA_07022026:Prokka:GBPCPCFC_00948 (length 153)
prokka_output/PROKKA_07022026:Prokka:GBPCPCFC_00949 (length 96)
prokka_output/PROKKA_07022026:Prokka:GBPCPCFC_00950 (length 313)
prokka_output/PROKKA_07022026:Prokka:GBPCPCFC_00951 (length 321)
prokka_output/PROKKA_07022026:Prokka:GBPCPCFC_00952 (length 609)
prokka_output/PROKKA_07022026:Prokka:GBPCPCFC_00953 (length 118)
prokka_output/PROKKA_07022026:Prokka:GBPCPCFC_00954 (length 145)
prokka_output/PROKKA_07022026:Prokka:GBPCPCFC_00955 (length 185)
prokka_output/PROKKA_07022026:Prokka:GBPCPCFC_00956 (length 283)
prokka_output/PROKKA_07022026:Prokka:GBPCPCFC_00957 (length 364)
prokka_output/PROKKA_07022026:Prokka:GBPCPCFC_00958 (length 398)
prokka_output/PROKKA_07022026:Prokka:GBPCPCFC_00959 (length 348)
prokka_output/PROKKA_07022026:Prokka:GBPCPCFC_00960 (length 33)
prokka_output/PROKKA_07022026:Prokka:GBPCPCFC_00961 (length 49)
prokka_output/PROKKA_07022026:Prokka:GBPCPCFC_00962 (length 91)
prokka_output/PROKKA_07022026:Prokka:GBPCPCFC_00963 (length 149)
prokka_output/PROKKA_07022026:Prokka:GBPCPCFC_00964 (length 430)
prokka_output/PROKKA_07022026:Prokka:GBPCPCFC_00965 (length 154)
prokka_output/PROKKA_07022026:Prokka:GBPCPCFC_00966 (length 620)
prokka_output/PROKKA_07022026:Prokka:GBPCPCFC_00967 (length 139)
prokka_output/PROKKA_07022026:Prokka:GBPCPCFC_00968 (length 145)
prokka_output/PROKKA_07022026:Prokka:GBPCPCFC_00969 (length 132)
prokka_output/PROKKA_07022026:Prokka:GBPCPCFC_00970 (length 56)
prokka_output/PROKKA_07022026:Prokka:GBPCPCFC_00971 (length 123)
prokka_output/PROKKA_07022026:Prokka:GBPCPCFC_00972 (length 145)
prokka_output/PROKKA_07022026:Prokka:GBPCPCFC_00973 (length 266)
prokka_output/PROKKA_07022026:Prokka:GBPCPCFC_00974 (length 104)
prokka_output/PROKKA_07022026:Prokka:GBPCPCFC_00975 (length 97)
prokka_output/PROKKA_07022026:Prokka:GBPCPCFC_00976 (length 641)
prokka_output/PROKKA_07022026:Prokka:GBPCPCFC_00977 (length 273)
prokka_output/PROKKA_07022026:Prokka:GBPCPCFC_00978 (length 153)
prokka_output/PROKKA_07022026:Prokka:GBPCPCFC_00979 (length 139)
prokka_output/PROKKA_07022026:Prokka:GBPCPCFC_00980 (length 614)
prokka_output/PROKKA_07022026:Prokka:GBPCPCFC_00981 (length 364)
prokka_output/PROKKA_07022026:Prokka:GBPCPCFC_00982 (length 109)
prokka_output/PROKKA_07022026:Prokka:GBPCPCFC_00983 (length 62)
prokka_output/PROKKA_07022026:Prokka:GBPCPCFC_00984 (length 430)
prokka_output/PROKKA_07022026:Prokka:GBPCPCFC_00985 (length 243)
prokka_output/PROKKA_07022026:Prokka:GBPCPCFC_00986 (length 609)
prokka_output/PROKKA_07022026:Prokka:GBPCPCFC_00987 (length 93)
prokka_output/PROKKA_07022026:Prokka:GBPCPCFC_00988 (length 318)
prokka_output/PROKKA_07022026:Prokka:GBPCPCFC_00989 (length 613)
prokka_output/PROKKA_07022026:Prokka:GBPCPCFC_00990 (length 80)
prokka_output/PROKKA_07022026:Prokka:GBPCPCFC_00991 (length 289)
prokka_output/PROKKA_07022026:Prokka:GBPCPCFC_00992 (length 52)
prokka_output/PROKKA_07022026:Prokka:GBPCPCFC_00993 (length 77)
prokka_output/PROKKA_07022026:Prokka:GBPCPCFC_00994 (length 364)
prokka_output/PROKKA_07022026:Prokka:GBPCPCFC_00995 (length 57)
prokka_output/PROKKA_07022026:Prokka:GBPCPCFC_00996 (length 1426)
prokka_output/PROKKA_07022026:Prokka:GBPCPCFC_00997 (length 999)
prokka_output/PROKKA_07022026:Prokka:GBPCPCFC_00998 (length 242)
prokka_output/PROKKA_07022026:Prokka:GBPCPCFC_00999 (length 94)
prokka_output/PROKKA_07022026:Prokka:GBPCPCFC_01000 (length 357)
prokka_output/PROKKA_07022026:Prokka:GBPCPCFC_01001 (length 1081)
prokka_output/PROKKA_07022026:Prokka:GBPCPCFC_01002 (length 364)
prokka_output/PROKKA_07022026:Prokka:GBPCPCFC_01003 (length 112)
prokka_output/PROKKA_07022026:Prokka:GBPCPCFC_01004 (length 132)
prokka_output/PROKKA_07022026:Prokka:GBPCPCFC_01005 (length 85)
prokka_output/PROKKA_07022026:Prokka:GBPCPCFC_01006 (length 138)
prokka_output/PROKKA_07022026:Prokka:GBPCPCFC_01007 (length 65)
prokka_output/PROKKA_07022026:Prokka:GBPCPCFC_01008 (length 279)
prokka_output/PROKKA_07022026:Prokka:GBPCPCFC_01010 (length 181)
prokka_output/PROKKA_07022026:Prokka:GBPCPCFC_01011 (length 429)
prokka_output/PROKKA_07022026:Prokka:GBPCPCFC_01012 (length 217)
prokka_output/PROKKA_07022026:Prokka:GBPCPCFC_01013 (length 401)
prokka_output/PROKKA_07022026:Prokka:GBPCPCFC_01014 (length 343)
prokka_output/PROKKA_07022026:Prokka:GBPCPCFC_01015 (length 250)
prokka_output/PROKKA_07022026:Prokka:GBPCPCFC_01016 (length 202)
prokka_output/PROKKA_07022026:Prokka:GBPCPCFC_01017 (length 636)
prokka_output/PROKKA_07022026:Prokka:GBPCPCFC_01018 (length 149)
prokka_output/PROKKA_07022026:Prokka:GBPCPCFC_01019 (length 411)
prokka_output/PROKKA_07022026:Prokka:GBPCPCFC_01020 (length 355)
prokka_output/PROKKA_07022026:Prokka:GBPCPCFC_01021 (length 309)
prokka_output/PROKKA_07022026:Prokka:GBPCPCFC_01022 (length 82)
prokka_output/PROKKA_07022026:Prokka:GBPCPCFC_01023 (length 145)
prokka_output/PROKKA_07022026:Prokka:GBPCPCFC_01024 (length 253)
prokka_output/PROKKA_07022026:Prokka:GBPCPCFC_01025 (length 316)
prokka_output/PROKKA_07022026:Prokka:GBPCPCFC_01026 (length 231)
prokka_output/PROKKA_07022026:Prokka:GBPCPCFC_01027 (length 249)
prokka_output/PROKKA_07022026:Prokka:GBPCPCFC_01028 (length 166)
prokka_output/PROKKA_07022026:Prokka:GBPCPCFC_01029 (length 517)
prokka_output/PROKKA_07022026:Prokka:GBPCPCFC_01030 (length 489)
prokka_output/PROKKA_07022026:Prokka:GBPCPCFC_01031 (length 582)
prokka_output/PROKKA_07022026:Prokka:GBPCPCFC_01032 (length 749)
prokka_output/PROKKA_07022026:Prokka:GBPCPCFC_01033 (length 265)
prokka_output/PROKKA_07022026:Prokka:GBPCPCFC_01034 (length 469)
prokka_output/PROKKA_07022026:Prokka:GBPCPCFC_01035 (length 340)
prokka_output/PROKKA_07022026:Prokka:GBPCPCFC_01036 (length 257)
prokka_output/PROKKA_07022026:Prokka:GBPCPCFC_01037 (length 254)
prokka_output/PROKKA_07022026:Prokka:GBPCPCFC_01038 (length 249)
prokka_output/PROKKA_07022026:Prokka:GBPCPCFC_01039 (length 230)
prokka_output/PROKKA_07022026:Prokka:GBPCPCFC_01040 (length 190)
prokka_output/PROKKA_07022026:Prokka:GBPCPCFC_01041 (length 365)
prokka_output/PROKKA_07022026:Prokka:GBPCPCFC_01042 (length 446)
prokka_output/PROKKA_07022026:Prokka:GBPCPCFC_01043 (length 115)
prokka_output/PROKKA_07022026:Prokka:GBPCPCFC_01044 (length 222)
prokka_output/PROKKA_07022026:Prokka:GBPCPCFC_01045 (length 393)
prokka_output/PROKKA_07022026:Prokka:GBPCPCFC_01046 (length 88)
prokka_output/PROKKA_07022026:Prokka:GBPCPCFC_01047 (length 452)
prokka_output/PROKKA_07022026:Prokka:GBPCPCFC_01048 (length 33)
prokka_output/PROKKA_07022026:Prokka:GBPCPCFC_01049 (length 145)
prokka_output/PROKKA_07022026:Prokka:GBPCPCFC_01050 (length 407)
prokka_output/PROKKA_07022026:Prokka:GBPCPCFC_01051 (length 93)
prokka_output/PROKKA_07022026:Prokka:GBPCPCFC_01052 (length 689)
prokka_output/PROKKA_07022026:Prokka:GBPCPCFC_01053 (length 364)
prokka_output/PROKKA_07022026:Prokka:GBPCPCFC_01054 (length 71)
prokka_output/PROKKA_07022026:Prokka:GBPCPCFC_01055 (length 634)
prokka_output/PROKKA_07022026:Prokka:GBPCPCFC_01056 (length 507)
prokka_output/PROKKA_07022026:Prokka:GBPCPCFC_01057 (length 70)
prokka_output/PROKKA_07022026:Prokka:GBPCPCFC_01058 (length 364)
prokka_output/PROKKA_07022026:Prokka:GBPCPCFC_01059 (length 290)
prokka_output/PROKKA_07022026:Prokka:GBPCPCFC_01060 (length 616)
prokka_output/PROKKA_07022026:Prokka:GBPCPCFC_01061 (length 201)
prokka_output/PROKKA_07022026:Prokka:GBPCPCFC_01062 (length 35)
prokka_output/PROKKA_07022026:Prokka:GBPCPCFC_01063 (length 96)
prokka_output/PROKKA_07022026:Prokka:GBPCPCFC_01064 (length 614)
prokka_output/PROKKA_07022026:Prokka:GBPCPCFC_01065 (length 364)
prokka_output/PROKKA_07022026:Prokka:GBPCPCFC_01066 (length 72)
prokka_output/PROKKA_07022026:Prokka:GBPCPCFC_01067 (length 340)
prokka_output/PROKKA_07022026:Prokka:GBPCPCFC_01068 (length 147)
prokka_output/PROKKA_07022026:Prokka:GBPCPCFC_01069 (length 145)
prokka_output/PROKKA_07022026:Prokka:GBPCPCFC_01070 (length 109)
prokka_output/PROKKA_07022026:Prokka:GBPCPCFC_01071 (length 78)
prokka_output/PROKKA_07022026:Prokka:GBPCPCFC_01072 (length 614)
prokka_output/PROKKA_07022026:Prokka:GBPCPCFC_01074 (length 219)
prokka_output/PROKKA_07022026:Prokka:GBPCPCFC_01075 (length 142)
prokka_output/PROKKA_07022026:Prokka:GBPCPCFC_01076 (length 453)
prokka_output/PROKKA_07022026:Prokka:GBPCPCFC_01077 (length 190)
prokka_output/PROKKA_07022026:Prokka:GBPCPCFC_01078 (length 1523)
prokka_output/PROKKA_07022026:Prokka:GBPCPCFC_01079 (length 777)
prokka_output/PROKKA_07022026:Prokka:GBPCPCFC_01080 (length 626)
prokka_output/PROKKA_07022026:Prokka:GBPCPCFC_01081 (length 374)
prokka_output/PROKKA_07022026:Prokka:GBPCPCFC_01082 (length 208)
prokka_output/PROKKA_07022026:Prokka:GBPCPCFC_01083 (length 145)
prokka_output/PROKKA_07022026:Prokka:GBPCPCFC_01084 (length 364)
prokka_output/PROKKA_07022026:Prokka:GBPCPCFC_01085 (length 409)
prokka_output/PROKKA_07022026:Prokka:GBPCPCFC_01086 (length 598)
prokka_output/PROKKA_07022026:Prokka:GBPCPCFC_01088 (length 111)
prokka_output/PROKKA_07022026:Prokka:GBPCPCFC_01089 (length 56)
prokka_output/PROKKA_07022026:Prokka:GBPCPCFC_01090 (length 341)
prokka_output/PROKKA_07022026:Prokka:GBPCPCFC_01091 (length 241)
prokka_output/PROKKA_07022026:Prokka:GBPCPCFC_01092 (length 166)
prokka_output/PROKKA_07022026:Prokka:GBPCPCFC_01093 (length 177)
prokka_output/PROKKA_07022026:Prokka:GBPCPCFC_01094 (length 364)
prokka_output/PROKKA_07022026:Prokka:GBPCPCFC_01095 (length 1384)
prokka_output/PROKKA_07022026:Prokka:GBPCPCFC_01096 (length 145)
prokka_output/PROKKA_07022026:Prokka:GBPCPCFC_01097 (length 1483)
prokka_output/PROKKA_07022026:Prokka:GBPCPCFC_01098 (length 70)
prokka_output/PROKKA_07022026:Prokka:GBPCPCFC_01099 (length 97)
prokka_output/PROKKA_07022026:Prokka:GBPCPCFC_01100 (length 237)
prokka_output/PROKKA_07022026:Prokka:GBPCPCFC_01101 (length 364)
prokka_output/PROKKA_07022026:Prokka:GBPCPCFC_01102 (length 415)
prokka_output/PROKKA_07022026:Prokka:GBPCPCFC_01103 (length 1030)
prokka_output/PROKKA_07022026:Prokka:GBPCPCFC_01104 (length 223)
prokka_output/PROKKA_07022026:Prokka:GBPCPCFC_01105 (length 444)
prokka_output/PROKKA_07022026:Prokka:GBPCPCFC_01106 (length 111)
prokka_output/PROKKA_07022026:Prokka:GBPCPCFC_01108 (length 164)
prokka_output/PROKKA_07022026:Prokka:GBPCPCFC_01109 (length 155)
prokka_output/PROKKA_07022026:Prokka:GBPCPCFC_01110 (length 412)
prokka_output/PROKKA_07022026:Prokka:GBPCPCFC_01111 (length 222)
prokka_output/PROKKA_07022026:Prokka:GBPCPCFC_01112 (length 959)
prokka_output/PROKKA_07022026:Prokka:GBPCPCFC_01113 (length 491)
prokka_output/PROKKA_07022026:Prokka:GBPCPCFC_01114 (length 248)
prokka_output/PROKKA_07022026:Prokka:GBPCPCFC_01115 (length 154)
prokka_output/PROKKA_07022026:Prokka:GBPCPCFC_01116 (length 282)
prokka_output/PROKKA_07022026:Prokka:GBPCPCFC_01117 (length 120)
prokka_output/PROKKA_07022026:Prokka:GBPCPCFC_01118 (length 154)
prokka_output/PROKKA_07022026:Prokka:GBPCPCFC_01119 (length 561)
prokka_output/PROKKA_07022026:Prokka:GBPCPCFC_01120 (length 687)
prokka_output/PROKKA_07022026:Prokka:GBPCPCFC_01121 (length 243)
prokka_output/PROKKA_07022026:Prokka:GBPCPCFC_01122 (length 160)
prokka_output/PROKKA_07022026:Prokka:GBPCPCFC_01123 (length 270)
prokka_output/PROKKA_07022026:Prokka:GBPCPCFC_01124 (length 109)
prokka_output/PROKKA_07022026:Prokka:GBPCPCFC_01125 (length 94)
prokka_output/PROKKA_07022026:Prokka:GBPCPCFC_01126 (length 416)
prokka_output/PROKKA_07022026:Prokka:GBPCPCFC_01127 (length 443)
prokka_output/PROKKA_07022026:Prokka:GBPCPCFC_01128 (length 155)
prokka_output/PROKKA_07022026:Prokka:GBPCPCFC_01129 (length 189)
prokka_output/PROKKA_07022026:Prokka:GBPCPCFC_01130 (length 133)
prokka_output/PROKKA_07022026:Prokka:GBPCPCFC_01131 (length 328)
prokka_output/PROKKA_07022026:Prokka:GBPCPCFC_01132 (length 339)
prokka_output/PROKKA_07022026:Prokka:GBPCPCFC_01133 (length 482)
prokka_output/PROKKA_07022026:Prokka:GBPCPCFC_01134 (length 205)
prokka_output/PROKKA_07022026:Prokka:GBPCPCFC_01135 (length 154)
prokka_output/PROKKA_07022026:Prokka:GBPCPCFC_01136 (length 258)
prokka_output/PROKKA_07022026:Prokka:GBPCPCFC_01137 (length 300)
prokka_output/PROKKA_07022026:Prokka:GBPCPCFC_01138 (length 590)
prokka_output/PROKKA_07022026:Prokka:GBPCPCFC_01139 (length 422)
prokka_output/PROKKA_07022026:Prokka:GBPCPCFC_01140 (length 587)
prokka_output/PROKKA_07022026:Prokka:GBPCPCFC_01141 (length 212)
prokka_output/PROKKA_07022026:Prokka:GBPCPCFC_01142 (length 249)
prokka_output/PROKKA_07022026:Prokka:GBPCPCFC_01143 (length 311)
prokka_output/PROKKA_07022026:Prokka:GBPCPCFC_01144 (length 331)
prokka_output/PROKKA_07022026:Prokka:GBPCPCFC_01145 (length 397)
prokka_output/PROKKA_07022026:Prokka:GBPCPCFC_01146 (length 459)
prokka_output/PROKKA_07022026:Prokka:GBPCPCFC_01147 (length 232)
prokka_output/PROKKA_07022026:Prokka:GBPCPCFC_01148 (length 525)
prokka_output/PROKKA_07022026:Prokka:GBPCPCFC_01149 (length 155)
prokka_output/PROKKA_07022026:Prokka:GBPCPCFC_01150 (length 42)
prokka_output/PROKKA_07022026:Prokka:GBPCPCFC_01151 (length 246)
prokka_output/PROKKA_07022026:Prokka:GBPCPCFC_01153 (length 252)
prokka_output/PROKKA_07022026:Prokka:GBPCPCFC_01154 (length 572)
prokka_output/PROKKA_07022026:Prokka:GBPCPCFC_01155 (length 242)
prokka_output/PROKKA_07022026:Prokka:GBPCPCFC_01158 (length 394)
prokka_output/PROKKA_07022026:Prokka:GBPCPCFC_01159 (length 109)
prokka_output/PROKKA_07022026:Prokka:GBPCPCFC_01160 (length 215)
prokka_output/PROKKA_07022026:Prokka:GBPCPCFC_01161 (length 207)
prokka_output/PROKKA_07022026:Prokka:GBPCPCFC_01162 (length 98)
prokka_output/PROKKA_07022026:Prokka:GBPCPCFC_01163 (length 273)
prokka_output/PROKKA_07022026:Prokka:GBPCPCFC_01164 (length 92)
prokka_output/PROKKA_07022026:Prokka:GBPCPCFC_01165 (length 119)
prokka_output/PROKKA_07022026:Prokka:GBPCPCFC_01166 (length 218)
prokka_output/PROKKA_07022026:Prokka:GBPCPCFC_01167 (length 136)
prokka_output/PROKKA_07022026:Prokka:GBPCPCFC_01168 (length 70)
prokka_output/PROKKA_07022026:Prokka:GBPCPCFC_01169 (length 77)
prokka_output/PROKKA_07022026:Prokka:GBPCPCFC_01170 (length 122)
prokka_output/PROKKA_07022026:Prokka:GBPCPCFC_01171 (length 109)
prokka_output/PROKKA_07022026:Prokka:GBPCPCFC_01172 (length 180)
prokka_output/PROKKA_07022026:Prokka:GBPCPCFC_01173 (length 56)
prokka_output/PROKKA_07022026:Prokka:GBPCPCFC_01174 (length 132)
prokka_output/PROKKA_07022026:Prokka:GBPCPCFC_01175 (length 177)
prokka_output/PROKKA_07022026:Prokka:GBPCPCFC_01176 (length 118)
prokka_output/PROKKA_07022026:Prokka:GBPCPCFC_01177 (length 180)
prokka_output/PROKKA_07022026:Prokka:GBPCPCFC_01178 (length 114)
prokka_output/PROKKA_07022026:Prokka:GBPCPCFC_01179 (length 151)
prokka_output/PROKKA_07022026:Prokka:GBPCPCFC_01180 (length 433)
prokka_output/PROKKA_07022026:Prokka:GBPCPCFC_01181 (length 207)
prokka_output/PROKKA_07022026:Prokka:GBPCPCFC_01182 (length 125)
prokka_output/PROKKA_07022026:Prokka:GBPCPCFC_01183 (length 128)
prokka_output/PROKKA_07022026:Prokka:GBPCPCFC_01184 (length 339)
prokka_output/PROKKA_07022026:Prokka:GBPCPCFC_01185 (length 133)
prokka_output/PROKKA_07022026:Prokka:GBPCPCFC_01186 (length 86)
prokka_output/PROKKA_07022026:Prokka:GBPCPCFC_01187 (length 222)
prokka_output/PROKKA_07022026:Prokka:GBPCPCFC_01188 (length 603)
prokka_output/PROKKA_07022026:Prokka:GBPCPCFC_01189 (length 87)
prokka_output/PROKKA_07022026:Prokka:GBPCPCFC_01190 (length 255)
prokka_output/PROKKA_07022026:Prokka:GBPCPCFC_01191 (length 257)
prokka_output/PROKKA_07022026:Prokka:GBPCPCFC_01192 (length 377)
prokka_output/PROKKA_07022026:Prokka:GBPCPCFC_01193 (length 429)
prokka_output/PROKKA_07022026:Prokka:GBPCPCFC_01194 (length 292)
prokka_output/PROKKA_07022026:Prokka:GBPCPCFC_01195 (length 679)
prokka_output/PROKKA_07022026:Prokka:GBPCPCFC_01196 (length 34)
prokka_output/PROKKA_07022026:Prokka:GBPCPCFC_01197 (length 841)
prokka_output/PROKKA_07022026:Prokka:GBPCPCFC_01198 (length 322)
prokka_output/PROKKA_07022026:Prokka:GBPCPCFC_01199 (length 442)
prokka_output/PROKKA_07022026:Prokka:GBPCPCFC_01200 (length 884)
prokka_output/PROKKA_07022026:Prokka:GBPCPCFC_01201 (length 157)
prokka_output/PROKKA_07022026:Prokka:GBPCPCFC_01202 (length 43)
prokka_output/PROKKA_07022026:Prokka:GBPCPCFC_01203 (length 242)
prokka_output/PROKKA_07022026:Prokka:GBPCPCFC_01204 (length 192)
prokka_output/PROKKA_07022026:Prokka:GBPCPCFC_01205 (length 39)
prokka_output/PROKKA_07022026:Prokka:GBPCPCFC_01206 (length 64)
prokka_output/PROKKA_07022026:Prokka:GBPCPCFC_01207 (length 184)
prokka_output/PROKKA_07022026:Prokka:GBPCPCFC_01208 (length 154)
prokka_output/PROKKA_07022026:Prokka:GBPCPCFC_01209 (length 1569)
prokka_output/PROKKA_07022026:Prokka:GBPCPCFC_01210 (length 523)
prokka_output/PROKKA_07022026:Prokka:GBPCPCFC_01211 (length 136)
prokka_output/PROKKA_07022026:Prokka:GBPCPCFC_01212 (length 328)
prokka_output/PROKKA_07022026:Prokka:GBPCPCFC_01213 (length 442)
prokka_output/PROKKA_07022026:Prokka:GBPCPCFC_01214 (length 675)
prokka_output/PROKKA_07022026:Prokka:GBPCPCFC_01215 (length 892)
prokka_output/PROKKA_07022026:Prokka:GBPCPCFC_01216 (length 435)
prokka_output/PROKKA_07022026:Prokka:GBPCPCFC_01217 (length 276)
prokka_output/PROKKA_07022026:Prokka:GBPCPCFC_01218 (length 195)
prokka_output/PROKKA_07022026:Prokka:GBPCPCFC_01219 (length 423)
prokka_output/PROKKA_07022026:Prokka:GBPCPCFC_01220 (length 190)
prokka_output/PROKKA_07022026:Prokka:GBPCPCFC_01221 (length 155)
prokka_output/PROKKA_07022026:Prokka:GBPCPCFC_01222 (length 421)
prokka_output/PROKKA_07022026:Prokka:GBPCPCFC_01224 (length 365)
prokka_output/PROKKA_07022026:Prokka:GBPCPCFC_01225 (length 346)
prokka_output/PROKKA_07022026:Prokka:GBPCPCFC_01226 (length 278)
prokka_output/PROKKA_07022026:Prokka:GBPCPCFC_01227 (length 225)
prokka_output/PROKKA_07022026:Prokka:GBPCPCFC_01228 (length 381)
prokka_output/PROKKA_07022026:Prokka:GBPCPCFC_01229 (length 356)
prokka_output/PROKKA_07022026:Prokka:GBPCPCFC_01230 (length 253)
prokka_output/PROKKA_07022026:Prokka:GBPCPCFC_01231 (length 74)
prokka_output/PROKKA_07022026:Prokka:GBPCPCFC_01232 (length 176)
prokka_output/PROKKA_07022026:Prokka:GBPCPCFC_01233 (length 579)
prokka_output/PROKKA_07022026:Prokka:GBPCPCFC_01234 (length 119)
prokka_output/PROKKA_07022026:Prokka:GBPCPCFC_01235 (length 198)
prokka_output/PROKKA_07022026:Prokka:GBPCPCFC_01236 (length 82)
prokka_output/PROKKA_07022026:Prokka:GBPCPCFC_01237 (length 183)
prokka_output/PROKKA_07022026:Prokka:GBPCPCFC_01238 (length 199)
prokka_output/PROKKA_07022026:Prokka:GBPCPCFC_01239 (length 168)
prokka_output/PROKKA_07022026:Prokka:GBPCPCFC_01240 (length 420)
prokka_output/PROKKA_07022026:Prokka:GBPCPCFC_01241 (length 200)
prokka_output/PROKKA_07022026:Prokka:GBPCPCFC_01242 (length 179)
prokka_output/PROKKA_07022026:Prokka:GBPCPCFC_01243 (length 124)
prokka_output/PROKKA_07022026:Prokka:GBPCPCFC_01244 (length 427)
prokka_output/PROKKA_07022026:Prokka:GBPCPCFC_01245 (length 176)
prokka_output/PROKKA_07022026:Prokka:GBPCPCFC_01246 (length 459)
prokka_output/PROKKA_07022026:Prokka:GBPCPCFC_01247 (length 217)
prokka_output/PROKKA_07022026:Prokka:GBPCPCFC_01248 (length 200)
prokka_output/PROKKA_07022026:Prokka:GBPCPCFC_01249 (length 83)
prokka_output/PROKKA_07022026:Prokka:GBPCPCFC_01250 (length 469)
prokka_output/PROKKA_07022026:Prokka:GBPCPCFC_01251 (length 252)
prokka_output/PROKKA_07022026:Prokka:GBPCPCFC_01252 (length 302)
prokka_output/PROKKA_07022026:Prokka:GBPCPCFC_01253 (length 364)
prokka_output/PROKKA_07022026:Prokka:GBPCPCFC_01254 (length 145)
prokka_output/PROKKA_07022026:Prokka:GBPCPCFC_01255 (length 555)
prokka_output/PROKKA_07022026:Prokka:GBPCPCFC_01256 (length 113)
prokka_output/PROKKA_07022026:Prokka:GBPCPCFC_01257 (length 116)
prokka_output/PROKKA_07022026:Prokka:GBPCPCFC_01258 (length 379)
prokka_output/PROKKA_07022026:Prokka:GBPCPCFC_01259 (length 364)
prokka_output/PROKKA_07022026:Prokka:GBPCPCFC_01260 (length 139)
prokka_output/PROKKA_07022026:Prokka:GBPCPCFC_01261 (length 188)
prokka_output/PROKKA_07022026:Prokka:GBPCPCFC_01262 (length 364)
prokka_output/PROKKA_07022026:Prokka:GBPCPCFC_01263 (length 406)
prokka_output/PROKKA_07022026:Prokka:GBPCPCFC_01264 (length 145)
prokka_output/PROKKA_07022026:Prokka:GBPCPCFC_01265 (length 275)
prokka_output/PROKKA_07022026:Prokka:GBPCPCFC_01266 (length 559)
prokka_output/PROKKA_07022026:Prokka:GBPCPCFC_01267 (length 223)
prokka_output/PROKKA_07022026:Prokka:GBPCPCFC_01268 (length 260)
prokka_output/PROKKA_07022026:Prokka:GBPCPCFC_01269 (length 360)
prokka_output/PROKKA_07022026:Prokka:GBPCPCFC_01270 (length 492)
prokka_output/PROKKA_07022026:Prokka:GBPCPCFC_01271 (length 588)
prokka_output/PROKKA_07022026:Prokka:GBPCPCFC_01272 (length 394)
prokka_output/PROKKA_07022026:Prokka:GBPCPCFC_01273 (length 402)
prokka_output/PROKKA_07022026:Prokka:GBPCPCFC_01274 (length 966)
prokka_output/PROKKA_07022026:Prokka:GBPCPCFC_01275 (length 623)
prokka_output/PROKKA_07022026:Prokka:GBPCPCFC_01276 (length 555)
prokka_output/PROKKA_07022026:Prokka:GBPCPCFC_01277 (length 127)
prokka_output/PROKKA_07022026:Prokka:GBPCPCFC_01278 (length 227)
prokka_output/PROKKA_07022026:Prokka:GBPCPCFC_01279 (length 192)
prokka_output/PROKKA_07022026:Prokka:GBPCPCFC_01280 (length 437)
prokka_output/PROKKA_07022026:Prokka:GBPCPCFC_01281 (length 657)
prokka_output/PROKKA_07022026:Prokka:GBPCPCFC_01282 (length 347)
prokka_output/PROKKA_07022026:Prokka:GBPCPCFC_01283 (length 315)
prokka_output/PROKKA_07022026:Prokka:GBPCPCFC_01284 (length 273)
prokka_output/PROKKA_07022026:Prokka:GBPCPCFC_01285 (length 424)
prokka_output/PROKKA_07022026:Prokka:GBPCPCFC_01286 (length 240)
prokka_output/PROKKA_07022026:Prokka:GBPCPCFC_01287 (length 61)
prokka_output/PROKKA_07022026:Prokka:GBPCPCFC_01288 (length 45)
prokka_output/PROKKA_07022026:Prokka:GBPCPCFC_01289 (length 50)
prokka_output/PROKKA_07022026:Prokka:GBPCPCFC_01290 (length 200)
prokka_output/PROKKA_07022026:Prokka:GBPCPCFC_01291 (length 626)
prokka_output/PROKKA_07022026:Prokka:GBPCPCFC_01292 (length 77)
prokka_output/PROKKA_07022026:Prokka:GBPCPCFC_01293 (length 352)
prokka_output/PROKKA_07022026:Prokka:GBPCPCFC_01294 (length 218)
prokka_output/PROKKA_07022026:Prokka:GBPCPCFC_01295 (length 44)
prokka_output/PROKKA_07022026:Prokka:GBPCPCFC_01296 (length 166)
prokka_output/PROKKA_07022026:Prokka:GBPCPCFC_01297 (length 47)
prokka_output/PROKKA_07022026:Prokka:GBPCPCFC_01298 (length 47)
prokka_output/PROKKA_07022026:Prokka:GBPCPCFC_01299 (length 219)
prokka_output/PROKKA_07022026:Prokka:GBPCPCFC_01300 (length 436)
prokka_output/PROKKA_07022026:Prokka:GBPCPCFC_01301 (length 119)
prokka_output/PROKKA_07022026:Prokka:GBPCPCFC_01302 (length 111)
prokka_output/PROKKA_07022026:Prokka:GBPCPCFC_01303 (length 52)
prokka_output/PROKKA_07022026:Prokka:GBPCPCFC_01304 (length 173)
prokka_output/PROKKA_07022026:Prokka:GBPCPCFC_01305 (length 207)
prokka_output/PROKKA_07022026:Prokka:GBPCPCFC_01306 (length 479)
prokka_output/PROKKA_07022026:Prokka:GBPCPCFC_01307 (length 575)
prokka_output/PROKKA_07022026:Prokka:GBPCPCFC_01308 (length 161)
prokka_output/PROKKA_07022026:Prokka:GBPCPCFC_01309 (length 311)
prokka_output/PROKKA_07022026:Prokka:GBPCPCFC_01310 (length 318)
prokka_output/PROKKA_07022026:Prokka:GBPCPCFC_01311 (length 39)
prokka_output/PROKKA_07022026:Prokka:GBPCPCFC_01312 (length 205)
prokka_output/PROKKA_07022026:Prokka:GBPCPCFC_01313 (length 258)
prokka_output/PROKKA_07022026:Prokka:GBPCPCFC_01314 (length 259)
prokka_output/PROKKA_07022026:Prokka:GBPCPCFC_01315 (length 882)
prokka_output/PROKKA_07022026:Prokka:GBPCPCFC_01316 (length 243)
prokka_output/PROKKA_07022026:Prokka:GBPCPCFC_01317 (length 205)
prokka_output/PROKKA_07022026:Prokka:GBPCPCFC_01318 (length 232)
prokka_output/PROKKA_07022026:Prokka:GBPCPCFC_01319 (length 58)
prokka_output/PROKKA_07022026:Prokka:GBPCPCFC_01320 (length 226)
prokka_output/PROKKA_07022026:Prokka:GBPCPCFC_01321 (length 245)
prokka_output/PROKKA_07022026:Prokka:GBPCPCFC_01322 (length 323)
prokka_output/PROKKA_07022026:Prokka:GBPCPCFC_01323 (length 622)
prokka_output/PROKKA_07022026:Prokka:GBPCPCFC_01324 (length 433)
prokka_output/PROKKA_07022026:Prokka:GBPCPCFC_01325 (length 446)
prokka_output/PROKKA_07022026:Prokka:GBPCPCFC_01326 (length 269)
prokka_output/PROKKA_07022026:Prokka:GBPCPCFC_01327 (length 92)
prokka_output/PROKKA_07022026:Prokka:GBPCPCFC_01328 (length 355)
prokka_output/PROKKA_07022026:Prokka:GBPCPCFC_01329 (length 148)
prokka_output/PROKKA_07022026:Prokka:GBPCPCFC_01330 (length 90)
prokka_output/PROKKA_07022026:Prokka:GBPCPCFC_01331 (length 294)
prokka_output/PROKKA_07022026:Prokka:GBPCPCFC_01332 (length 610)
prokka_output/PROKKA_07022026:Prokka:GBPCPCFC_01333 (length 90)
prokka_output/PROKKA_07022026:Prokka:GBPCPCFC_01334 (length 269)
prokka_output/PROKKA_07022026:Prokka:GBPCPCFC_01335 (length 630)
prokka_output/PROKKA_07022026:Prokka:GBPCPCFC_01336 (length 270)
prokka_output/PROKKA_07022026:Prokka:GBPCPCFC_01337 (length 150)
prokka_output/PROKKA_07022026:Prokka:GBPCPCFC_01338 (length 196)
prokka_output/PROKKA_07022026:Prokka:GBPCPCFC_01339 (length 52)
prokka_output/PROKKA_07022026:Prokka:GBPCPCFC_01340 (length 107)
prokka_output/PROKKA_07022026:Prokka:GBPCPCFC_01341 (length 245)
prokka_output/PROKKA_07022026:Prokka:GBPCPCFC_01342 (length 258)
prokka_output/PROKKA_07022026:Prokka:GBPCPCFC_01343 (length 1062)
prokka_output/PROKKA_07022026:Prokka:GBPCPCFC_01344 (length 168)
prokka_output/PROKKA_07022026:Prokka:GBPCPCFC_01345 (length 302)
prokka_output/PROKKA_07022026:Prokka:GBPCPCFC_01346 (length 157)
prokka_output/PROKKA_07022026:Prokka:GBPCPCFC_01347 (length 165)
prokka_output/PROKKA_07022026:Prokka:GBPCPCFC_01348 (length 304)
prokka_output/PROKKA_07022026:Prokka:GBPCPCFC_01349 (length 385)
prokka_output/PROKKA_07022026:Prokka:GBPCPCFC_01350 (length 142)
prokka_output/PROKKA_07022026:Prokka:GBPCPCFC_01351 (length 105)
prokka_output/PROKKA_07022026:Prokka:GBPCPCFC_01352 (length 400)
prokka_output/PROKKA_07022026:Prokka:GBPCPCFC_01353 (length 145)
prokka_output/PROKKA_07022026:Prokka:GBPCPCFC_01354 (length 81)
prokka_output/PROKKA_07022026:Prokka:GBPCPCFC_01355 (length 105)
prokka_output/PROKKA_07022026:Prokka:GBPCPCFC_01357 (length 187)
prokka_output/PROKKA_07022026:Prokka:GBPCPCFC_01358 (length 310)
prokka_output/PROKKA_07022026:Prokka:GBPCPCFC_01359 (length 242)
prokka_output/PROKKA_07022026:Prokka:GBPCPCFC_01360 (length 335)
prokka_output/PROKKA_07022026:Prokka:GBPCPCFC_01361 (length 478)
prokka_output/PROKKA_07022026:Prokka:GBPCPCFC_01362 (length 263)
prokka_output/PROKKA_07022026:Prokka:GBPCPCFC_01363 (length 259)
prokka_output/PROKKA_07022026:Prokka:GBPCPCFC_01364 (length 710)
prokka_output/PROKKA_07022026:Prokka:GBPCPCFC_01365 (length 175)
prokka_output/PROKKA_07022026:Prokka:GBPCPCFC_01366 (length 395)
prokka_output/PROKKA_07022026:Prokka:GBPCPCFC_01367 (length 343)
prokka_output/PROKKA_07022026:Prokka:GBPCPCFC_01368 (length 107)
prokka_output/PROKKA_07022026:Prokka:GBPCPCFC_01369 (length 727)
prokka_output/PROKKA_07022026:Prokka:GBPCPCFC_01370 (length 701)
prokka_output/PROKKA_07022026:Prokka:GBPCPCFC_01371 (length 327)
prokka_output/PROKKA_07022026:Prokka:GBPCPCFC_01372 (length 277)
prokka_output/PROKKA_07022026:Prokka:GBPCPCFC_01373 (length 220)
prokka_output/PROKKA_07022026:Prokka:GBPCPCFC_01374 (length 500)
prokka_output/PROKKA_07022026:Prokka:GBPCPCFC_01375 (length 331)
prokka_output/PROKKA_07022026:Prokka:GBPCPCFC_01376 (length 614)
prokka_output/PROKKA_07022026:Prokka:GBPCPCFC_01377 (length 312)
prokka_output/PROKKA_07022026:Prokka:GBPCPCFC_01378 (length 54)
prokka_output/PROKKA_07022026:Prokka:GBPCPCFC_01379 (length 592)
prokka_output/PROKKA_07022026:Prokka:GBPCPCFC_01380 (length 39)
prokka_output/PROKKA_07022026:Prokka:GBPCPCFC_01381 (length 123)
prokka_output/PROKKA_07022026:Prokka:GBPCPCFC_01382 (length 282)
prokka_output/PROKKA_07022026:Prokka:GBPCPCFC_01383 (length 183)
prokka_output/PROKKA_07022026:Prokka:GBPCPCFC_01384 (length 170)
prokka_output/PROKKA_07022026:Prokka:GBPCPCFC_01385 (length 510)
prokka_output/PROKKA_07022026:Prokka:GBPCPCFC_01386 (length 1181)
prokka_output/PROKKA_07022026:Prokka:GBPCPCFC_01387 (length 816)
prokka_output/PROKKA_07022026:Prokka:GBPCPCFC_01388 (length 426)
prokka_output/PROKKA_07022026:Prokka:GBPCPCFC_01389 (length 250)
prokka_output/PROKKA_07022026:Prokka:GBPCPCFC_01390 (length 233)
prokka_output/PROKKA_07022026:Prokka:GBPCPCFC_01391 (length 170)
prokka_output/PROKKA_07022026:Prokka:GBPCPCFC_01392 (length 85)
prokka_output/PROKKA_07022026:Prokka:GBPCPCFC_01393 (length 185)
prokka_output/PROKKA_07022026:Prokka:GBPCPCFC_01394 (length 166)
prokka_output/PROKKA_07022026:Prokka:GBPCPCFC_01395 (length 199)
prokka_output/PROKKA_07022026:Prokka:GBPCPCFC_01396 (length 145)
prokka_output/PROKKA_07022026:Prokka:GBPCPCFC_01397 (length 357)
prokka_output/PROKKA_07022026:Prokka:GBPCPCFC_01398 (length 179)
prokka_output/PROKKA_07022026:Prokka:GBPCPCFC_01399 (length 112)
prokka_output/PROKKA_07022026:Prokka:GBPCPCFC_01400 (length 144)
prokka_output/PROKKA_07022026:Prokka:GBPCPCFC_01401 (length 197)
prokka_output/PROKKA_07022026:Prokka:GBPCPCFC_01402 (length 271)
prokka_output/PROKKA_07022026:Prokka:GBPCPCFC_01403 (length 57)
prokka_output/PROKKA_07022026:Prokka:GBPCPCFC_01404 (length 147)
prokka_output/PROKKA_07022026:Prokka:GBPCPCFC_01405 (length 880)
prokka_output/PROKKA_07022026:Prokka:GBPCPCFC_01406 (length 554)
prokka_output/PROKKA_07022026:Prokka:GBPCPCFC_01407 (length 99)
prokka_output/PROKKA_07022026:Prokka:GBPCPCFC_01408 (length 105)
prokka_output/PROKKA_07022026:Prokka:GBPCPCFC_01409 (length 360)
prokka_output/PROKKA_07022026:Prokka:GBPCPCFC_01410 (length 195)
prokka_output/PROKKA_07022026:Prokka:GBPCPCFC_01411 (length 518)
prokka_output/PROKKA_07022026:Prokka:GBPCPCFC_01412 (length 888)
prokka_output/PROKKA_07022026:Prokka:GBPCPCFC_01413 (length 156)
prokka_output/PROKKA_07022026:Prokka:GBPCPCFC_01414 (length 219)
prokka_output/PROKKA_07022026:Prokka:GBPCPCFC_01415 (length 154)
prokka_output/PROKKA_07022026:Prokka:GBPCPCFC_01416 (length 49)
prokka_output/PROKKA_07022026:Prokka:GBPCPCFC_01417 (length 237)
prokka_output/PROKKA_07022026:Prokka:GBPCPCFC_01418 (length 30)
prokka_output/PROKKA_07022026:Prokka:GBPCPCFC_01419 (length 749)
prokka_output/PROKKA_07022026:Prokka:GBPCPCFC_01420 (length 89)
prokka_output/PROKKA_07022026:Prokka:GBPCPCFC_01421 (length 310)
prokka_output/PROKKA_07022026:Prokka:GBPCPCFC_01422 (length 386)
prokka_output/PROKKA_07022026:Prokka:GBPCPCFC_01425 (length 96)
prokka_output/PROKKA_07022026:Prokka:GBPCPCFC_01426 (length 154)
prokka_output/PROKKA_07022026:Prokka:GBPCPCFC_01427 (length 287)
prokka_output/PROKKA_07022026:Prokka:GBPCPCFC_01428 (length 415)
prokka_output/PROKKA_07022026:Prokka:GBPCPCFC_01429 (length 517)
prokka_output/PROKKA_07022026:Prokka:GBPCPCFC_01430 (length 224)
prokka_output/PROKKA_07022026:Prokka:GBPCPCFC_01431 (length 663)
prokka_output/PROKKA_07022026:Prokka:GBPCPCFC_01432 (length 96)
prokka_output/PROKKA_07022026:Prokka:GBPCPCFC_01433 (length 589)
prokka_output/PROKKA_07022026:Prokka:GBPCPCFC_01434 (length 168)
prokka_output/PROKKA_07022026:Prokka:GBPCPCFC_01435 (length 96)
prokka_output/PROKKA_07022026:Prokka:GBPCPCFC_01436 (length 57)
prokka_output/PROKKA_07022026:Prokka:GBPCPCFC_01437 (length 203)
prokka_output/PROKKA_07022026:Prokka:GBPCPCFC_01438 (length 55)
prokka_output/PROKKA_07022026:Prokka:GBPCPCFC_01439 (length 430)
prokka_output/PROKKA_07022026:Prokka:GBPCPCFC_01440 (length 154)
prokka_output/PROKKA_07022026:Prokka:GBPCPCFC_01441 (length 36)
prokka_output/PROKKA_07022026:Prokka:GBPCPCFC_01442 (length 296)
prokka_output/PROKKA_07022026:Prokka:GBPCPCFC_01443 (length 200)
prokka_output/PROKKA_07022026:Prokka:GBPCPCFC_01444 (length 589)
prokka_output/PROKKA_07022026:Prokka:GBPCPCFC_01445 (length 88)
prokka_output/PROKKA_07022026:Prokka:GBPCPCFC_01446 (length 249)
prokka_output/PROKKA_07022026:Prokka:GBPCPCFC_01447 (length 335)
prokka_output/PROKKA_07022026:Prokka:GBPCPCFC_01448 (length 123)
prokka_output/PROKKA_07022026:Prokka:GBPCPCFC_01449 (length 364)
prokka_output/PROKKA_07022026:Prokka:GBPCPCFC_01450 (length 467)
prokka_output/PROKKA_07022026:Prokka:GBPCPCFC_01451 (length 296)
prokka_output/PROKKA_07022026:Prokka:GBPCPCFC_01452 (length 305)
prokka_output/PROKKA_07022026:Prokka:GBPCPCFC_01453 (length 447)
prokka_output/PROKKA_07022026:Prokka:GBPCPCFC_01454 (length 144)
prokka_output/PROKKA_07022026:Prokka:GBPCPCFC_01455 (length 669)
prokka_output/PROKKA_07022026:Prokka:GBPCPCFC_01456 (length 291)
prokka_output/PROKKA_07022026:Prokka:GBPCPCFC_01457 (length 463)
prokka_output/PROKKA_07022026:Prokka:GBPCPCFC_01458 (length 123)
prokka_output/PROKKA_07022026:Prokka:GBPCPCFC_01459 (length 88)
prokka_output/PROKKA_07022026:Prokka:GBPCPCFC_01460 (length 1145)
prokka_output/PROKKA_07022026:Prokka:GBPCPCFC_01461 (length 193)
prokka_output/PROKKA_07022026:Prokka:GBPCPCFC_01462 (length 154)
prokka_output/PROKKA_07022026:Prokka:GBPCPCFC_01463 (length 100)
prokka_output/PROKKA_07022026:Prokka:GBPCPCFC_01464 (length 236)
prokka_output/PROKKA_07022026:Prokka:GBPCPCFC_01465 (length 324)
prokka_output/PROKKA_07022026:Prokka:GBPCPCFC_01467 (length 135)
prokka_output/PROKKA_07022026:Prokka:GBPCPCFC_01468 (length 187)
prokka_output/PROKKA_07022026:Prokka:GBPCPCFC_01469 (length 164)
prokka_output/PROKKA_07022026:Prokka:GBPCPCFC_01470 (length 161)
prokka_output/PROKKA_07022026:Prokka:GBPCPCFC_01471 (length 240)
prokka_output/PROKKA_07022026:Prokka:GBPCPCFC_01472 (length 161)
prokka_output/PROKKA_07022026:Prokka:GBPCPCFC_01473 (length 480)
prokka_output/PROKKA_07022026:Prokka:GBPCPCFC_01474 (length 332)
prokka_output/PROKKA_07022026:Prokka:GBPCPCFC_01475 (length 587)
prokka_output/PROKKA_07022026:Prokka:GBPCPCFC_01476 (length 433)
prokka_output/PROKKA_07022026:Prokka:GBPCPCFC_01477 (length 301)
prokka_output/PROKKA_07022026:Prokka:GBPCPCFC_01478 (length 191)
prokka_output/PROKKA_07022026:Prokka:GBPCPCFC_01479 (length 125)
prokka_output/PROKKA_07022026:Prokka:GBPCPCFC_01480 (length 193)
prokka_output/PROKKA_07022026:Prokka:GBPCPCFC_01481 (length 238)
prokka_output/PROKKA_07022026:Prokka:GBPCPCFC_01482 (length 163)
prokka_output/PROKKA_07022026:Prokka:GBPCPCFC_01483 (length 496)
prokka_output/PROKKA_07022026:Prokka:GBPCPCFC_01484 (length 832)
prokka_output/PROKKA_07022026:Prokka:GBPCPCFC_01485 (length 101)
prokka_output/PROKKA_07022026:Prokka:GBPCPCFC_01486 (length 492)
prokka_output/PROKKA_07022026:Prokka:GBPCPCFC_01487 (length 488)
prokka_output/PROKKA_07022026:Prokka:GBPCPCFC_01488 (length 143)
prokka_output/PROKKA_07022026:Prokka:GBPCPCFC_01489 (length 549)
prokka_output/PROKKA_07022026:Prokka:GBPCPCFC_01490 (length 865)
prokka_output/PROKKA_07022026:Prokka:GBPCPCFC_01491 (length 430)
prokka_output/PROKKA_07022026:Prokka:GBPCPCFC_01493 (length 494)
prokka_output/PROKKA_07022026:Prokka:GBPCPCFC_01494 (length 177)
prokka_output/PROKKA_07022026:Prokka:GBPCPCFC_01495 (length 445)
prokka_output/PROKKA_07022026:Prokka:GBPCPCFC_01496 (length 615)
prokka_output/PROKKA_07022026:Prokka:GBPCPCFC_01497 (length 261)
prokka_output/PROKKA_07022026:Prokka:GBPCPCFC_01499 (length 175)
prokka_output/PROKKA_07022026:Prokka:GBPCPCFC_01500 (length 442)
prokka_output/PROKKA_07022026:Prokka:GBPCPCFC_01501 (length 281)
prokka_output/PROKKA_07022026:Prokka:GBPCPCFC_01502 (length 453)
prokka_output/PROKKA_07022026:Prokka:GBPCPCFC_01503 (length 208)
prokka_output/PROKKA_07022026:Prokka:GBPCPCFC_01504 (length 426)
prokka_output/PROKKA_07022026:Prokka:GBPCPCFC_01505 (length 235)
prokka_output/PROKKA_07022026:Prokka:GBPCPCFC_01506 (length 237)
prokka_output/PROKKA_07022026:Prokka:GBPCPCFC_01507 (length 357)
prokka_output/PROKKA_07022026:Prokka:GBPCPCFC_01508 (length 416)
prokka_output/PROKKA_07022026:Prokka:GBPCPCFC_01509 (length 131)
prokka_output/PROKKA_07022026:Prokka:GBPCPCFC_01510 (length 416)
prokka_output/PROKKA_07022026:Prokka:GBPCPCFC_01511 (length 216)
prokka_output/PROKKA_07022026:Prokka:GBPCPCFC_01512 (length 248)
prokka_output/PROKKA_07022026:Prokka:GBPCPCFC_01513 (length 240)
prokka_output/PROKKA_07022026:Prokka:GBPCPCFC_01514 (length 171)
prokka_output/PROKKA_07022026:Prokka:GBPCPCFC_01515 (length 420)
prokka_output/PROKKA_07022026:Prokka:GBPCPCFC_01516 (length 242)
prokka_output/PROKKA_07022026:Prokka:GBPCPCFC_01517 (length 239)
prokka_output/PROKKA_07022026:Prokka:GBPCPCFC_01518 (length 210)
prokka_output/PROKKA_07022026:Prokka:GBPCPCFC_01519 (length 390)
prokka_output/PROKKA_07022026:Prokka:GBPCPCFC_01520 (length 810)
prokka_output/PROKKA_07022026:Prokka:GBPCPCFC_01521 (length 447)
prokka_output/PROKKA_07022026:Prokka:GBPCPCFC_01522 (length 203)
prokka_output/PROKKA_07022026:Prokka:GBPCPCFC_01523 (length 190)
prokka_output/PROKKA_07022026:Prokka:GBPCPCFC_01524 (length 365)
prokka_output/PROKKA_07022026:Prokka:GBPCPCFC_01525 (length 222)
prokka_output/PROKKA_07022026:Prokka:GBPCPCFC_01526 (length 255)
prokka_output/PROKKA_07022026:Prokka:GBPCPCFC_01527 (length 151)
prokka_output/PROKKA_07022026:Prokka:GBPCPCFC_01528 (length 73)
prokka_output/PROKKA_07022026:Prokka:GBPCPCFC_01529 (length 345)
prokka_output/PROKKA_07022026:Prokka:GBPCPCFC_01530 (length 805)
prokka_output/PROKKA_07022026:Prokka:GBPCPCFC_01531 (length 423)
prokka_output/PROKKA_07022026:Prokka:GBPCPCFC_01532 (length 240)
prokka_output/PROKKA_07022026:Prokka:GBPCPCFC_01533 (length 144)
prokka_output/PROKKA_07022026:Prokka:GBPCPCFC_01534 (length 364)
prokka_output/PROKKA_07022026:Prokka:GBPCPCFC_01535 (length 86)
prokka_output/PROKKA_07022026:Prokka:GBPCPCFC_01536 (length 165)
prokka_output/PROKKA_07022026:Prokka:GBPCPCFC_01537 (length 245)
prokka_output/PROKKA_07022026:Prokka:GBPCPCFC_01538 (length 312)
prokka_output/PROKKA_07022026:Prokka:GBPCPCFC_01539 (length 242)
prokka_output/PROKKA_07022026:Prokka:GBPCPCFC_01540 (length 685)
prokka_output/PROKKA_07022026:Prokka:GBPCPCFC_01541 (length 272)
prokka_output/PROKKA_07022026:Prokka:GBPCPCFC_01542 (length 521)
prokka_output/PROKKA_07022026:Prokka:GBPCPCFC_01543 (length 341)
prokka_output/PROKKA_07022026:Prokka:GBPCPCFC_01544 (length 199)
prokka_output/PROKKA_07022026:Prokka:GBPCPCFC_01545 (length 419)
prokka_output/PROKKA_07022026:Prokka:GBPCPCFC_01546 (length 595)
prokka_output/PROKKA_07022026:Prokka:GBPCPCFC_01547 (length 480)
prokka_output/PROKKA_07022026:Prokka:GBPCPCFC_01548 (length 321)
prokka_output/PROKKA_07022026:Prokka:GBPCPCFC_01549 (length 210)
prokka_output/PROKKA_07022026:Prokka:GBPCPCFC_01550 (length 209)
prokka_output/PROKKA_07022026:Prokka:GBPCPCFC_01551 (length 42)
prokka_output/PROKKA_07022026:Prokka:GBPCPCFC_01552 (length 248)
prokka_output/PROKKA_07022026:Prokka:GBPCPCFC_01553 (length 220)
prokka_output/PROKKA_07022026:Prokka:GBPCPCFC_01554 (length 143)
prokka_output/PROKKA_07022026:Prokka:GBPCPCFC_01555 (length 222)
prokka_output/PROKKA_07022026:Prokka:GBPCPCFC_01556 (length 96)
prokka_output/PROKKA_07022026:Prokka:GBPCPCFC_01557 (length 73)
prokka_output/PROKKA_07022026:Prokka:GBPCPCFC_01558 (length 99)
prokka_output/PROKKA_07022026:Prokka:GBPCPCFC_01559 (length 68)
prokka_output/PROKKA_07022026:Prokka:GBPCPCFC_01560 (length 248)
prokka_output/PROKKA_07022026:Prokka:GBPCPCFC_01561 (length 88)
prokka_output/PROKKA_07022026:Prokka:GBPCPCFC_01562 (length 59)
prokka_output/PROKKA_07022026:Prokka:GBPCPCFC_01563 (length 38)
prokka_output/PROKKA_07022026:Prokka:GBPCPCFC_01564 (length 359)
prokka_output/PROKKA_07022026:Prokka:GBPCPCFC_01565 (length 430)
prokka_output/PROKKA_07022026:Prokka:GBPCPCFC_01566 (length 98)
prokka_output/PROKKA_07022026:Prokka:GBPCPCFC_01567 (length 434)
prokka_output/PROKKA_07022026:Prokka:GBPCPCFC_01568 (length 274)
prokka_output/PROKKA_07022026:Prokka:GBPCPCFC_01569 (length 295)
prokka_output/PROKKA_07022026:Prokka:GBPCPCFC_01570 (length 302)
prokka_output/PROKKA_07022026:Prokka:GBPCPCFC_01571 (length 152)
prokka_output/PROKKA_07022026:Prokka:GBPCPCFC_01572 (length 246)
prokka_output/PROKKA_07022026:Prokka:GBPCPCFC_01573 (length 157)
prokka_output/PROKKA_07022026:Prokka:GBPCPCFC_01574 (length 363)
prokka_output/PROKKA_07022026:Prokka:GBPCPCFC_01575 (length 770)
prokka_output/PROKKA_07022026:Prokka:GBPCPCFC_01576 (length 240)
prokka_output/PROKKA_07022026:Prokka:GBPCPCFC_01577 (length 483)
prokka_output/PROKKA_07022026:Prokka:GBPCPCFC_01578 (length 389)
prokka_output/PROKKA_07022026:Prokka:GBPCPCFC_01579 (length 206)
prokka_output/PROKKA_07022026:Prokka:GBPCPCFC_01580 (length 130)
prokka_output/PROKKA_07022026:Prokka:GBPCPCFC_01581 (length 597)
prokka_output/PROKKA_07022026:Prokka:GBPCPCFC_01582 (length 503)
prokka_output/PROKKA_07022026:Prokka:GBPCPCFC_01583 (length 447)
prokka_output/PROKKA_07022026:Prokka:GBPCPCFC_01584 (length 186)
prokka_output/PROKKA_07022026:Prokka:GBPCPCFC_01585 (length 45)
prokka_output/PROKKA_07022026:Prokka:GBPCPCFC_01586 (length 116)
prokka_output/PROKKA_07022026:Prokka:GBPCPCFC_01587 (length 337)
prokka_output/PROKKA_07022026:Prokka:GBPCPCFC_01588 (length 320)
prokka_output/PROKKA_07022026:Prokka:GBPCPCFC_01589 (length 587)
prokka_output/PROKKA_07022026:Prokka:GBPCPCFC_01590 (length 507)
prokka_output/PROKKA_07022026:Prokka:GBPCPCFC_01591 (length 330)
prokka_output/PROKKA_07022026:Prokka:GBPCPCFC_01592 (length 614)
prokka_output/PROKKA_07022026:Prokka:GBPCPCFC_01594 (length 557)
prokka_output/PROKKA_07022026:Prokka:GBPCPCFC_01595 (length 1156)
prokka_output/PROKKA_07022026:Prokka:GBPCPCFC_01596 (length 171)
prokka_output/PROKKA_07022026:Prokka:GBPCPCFC_01597 (length 1091)
prokka_output/PROKKA_07022026:Prokka:GBPCPCFC_01598 (length 210)
prokka_output/PROKKA_07022026:Prokka:GBPCPCFC_01599 (length 66)
prokka_output/PROKKA_07022026:Prokka:GBPCPCFC_01600 (length 614)
prokka_output/PROKKA_07022026:Prokka:GBPCPCFC_01601 (length 104)
prokka_output/PROKKA_07022026:Prokka:GBPCPCFC_01602 (length 387)
prokka_output/PROKKA_07022026:Prokka:GBPCPCFC_01603 (length 293)
prokka_output/PROKKA_07022026:Prokka:GBPCPCFC_01604 (length 386)
prokka_output/PROKKA_07022026:Prokka:GBPCPCFC_01605 (length 628)
prokka_output/PROKKA_07022026:Prokka:GBPCPCFC_01606 (length 585)
prokka_output/PROKKA_07022026:Prokka:GBPCPCFC_01607 (length 159)
prokka_output/PROKKA_07022026:Prokka:GBPCPCFC_01608 (length 241)
prokka_output/PROKKA_07022026:Prokka:GBPCPCFC_01609 (length 557)
prokka_output/PROKKA_07022026:Prokka:GBPCPCFC_01610 (length 103)
prokka_output/PROKKA_07022026:Prokka:GBPCPCFC_01611 (length 341)
prokka_output/PROKKA_07022026:Prokka:GBPCPCFC_01612 (length 226)
prokka_output/PROKKA_07022026:Prokka:GBPCPCFC_01613 (length 508)
prokka_output/PROKKA_07022026:Prokka:GBPCPCFC_01614 (length 538)
prokka_output/PROKKA_07022026:Prokka:GBPCPCFC_01615 (length 303)
prokka_output/PROKKA_07022026:Prokka:GBPCPCFC_01616 (length 42)
prokka_output/PROKKA_07022026:Prokka:GBPCPCFC_01617 (length 414)
prokka_output/PROKKA_07022026:Prokka:GBPCPCFC_01618 (length 642)
prokka_output/PROKKA_07022026:Prokka:GBPCPCFC_01619 (length 154)
prokka_output/PROKKA_07022026:Prokka:GBPCPCFC_01620 (length 756)
prokka_output/PROKKA_07022026:Prokka:GBPCPCFC_01621 (length 53)
prokka_output/PROKKA_07022026:Prokka:GBPCPCFC_01622 (length 253)
prokka_output/PROKKA_07022026:Prokka:GBPCPCFC_01623 (length 456)
prokka_output/PROKKA_07022026:Prokka:GBPCPCFC_01625 (length 153)
prokka_output/PROKKA_07022026:Prokka:GBPCPCFC_01626 (length 101)
prokka_output/PROKKA_07022026:Prokka:GBPCPCFC_01627 (length 152)
prokka_output/PROKKA_07022026:Prokka:GBPCPCFC_01628 (length 291)
prokka_output/PROKKA_07022026:Prokka:GBPCPCFC_01629 (length 808)
prokka_output/PROKKA_07022026:Prokka:GBPCPCFC_01630 (length 430)
prokka_output/PROKKA_07022026:Prokka:GBPCPCFC_01631 (length 174)
prokka_output/PROKKA_07022026:Prokka:GBPCPCFC_01632 (length 75)
prokka_output/PROKKA_07022026:Prokka:GBPCPCFC_01633 (length 338)
prokka_output/PROKKA_07022026:Prokka:GBPCPCFC_01634 (length 151)
prokka_output/PROKKA_07022026:Prokka:GBPCPCFC_01635 (length 221)
prokka_output/PROKKA_07022026:Prokka:GBPCPCFC_01636 (length 149)
prokka_output/PROKKA_07022026:Prokka:GBPCPCFC_01637 (length 173)
prokka_output/PROKKA_07022026:Prokka:GBPCPCFC_01638 (length 350)
prokka_output/PROKKA_07022026:Prokka:GBPCPCFC_01639 (length 356)
prokka_output/PROKKA_07022026:Prokka:GBPCPCFC_01640 (length 909)
prokka_output/PROKKA_07022026:Prokka:GBPCPCFC_01641 (length 89)
prokka_output/PROKKA_07022026:Prokka:GBPCPCFC_01642 (length 134)
prokka_output/PROKKA_07022026:Prokka:GBPCPCFC_01643 (length 67)
prokka_output/PROKKA_07022026:Prokka:GBPCPCFC_01644 (length 123)
prokka_output/PROKKA_07022026:Prokka:GBPCPCFC_01645 (length 254)
prokka_output/PROKKA_07022026:Prokka:GBPCPCFC_01646 (length 245)
prokka_output/PROKKA_07022026:Prokka:GBPCPCFC_01647 (length 106)
prokka_output/PROKKA_07022026:Prokka:GBPCPCFC_01648 (length 613)
prokka_output/PROKKA_07022026:Prokka:GBPCPCFC_01649 (length 273)
prokka_output/PROKKA_07022026:Prokka:GBPCPCFC_01650 (length 304)
prokka_output/PROKKA_07022026:Prokka:GBPCPCFC_01651 (length 708)
prokka_output/PROKKA_07022026:Prokka:GBPCPCFC_01652 (length 174)
prokka_output/PROKKA_07022026:Prokka:GBPCPCFC_01653 (length 779)
prokka_output/PROKKA_07022026:Prokka:GBPCPCFC_01654 (length 118)
prokka_output/PROKKA_07022026:Prokka:GBPCPCFC_01655 (length 396)
prokka_output/PROKKA_07022026:Prokka:GBPCPCFC_01656 (length 81)
prokka_output/PROKKA_07022026:Prokka:GBPCPCFC_01657 (length 85)
prokka_output/PROKKA_07022026:Prokka:GBPCPCFC_01658 (length 419)
prokka_output/PROKKA_07022026:Prokka:GBPCPCFC_01659 (length 763)
prokka_output/PROKKA_07022026:Prokka:GBPCPCFC_01660 (length 410)
prokka_output/PROKKA_07022026:Prokka:GBPCPCFC_01661 (length 617)
prokka_output/PROKKA_07022026:Prokka:GBPCPCFC_01662 (length 295)
prokka_output/PROKKA_07022026:Prokka:GBPCPCFC_01663 (length 371)
prokka_output/PROKKA_07022026:Prokka:GBPCPCFC_01664 (length 101)
prokka_output/PROKKA_07022026:Prokka:GBPCPCFC_01665 (length 188)
prokka_output/PROKKA_07022026:Prokka:GBPCPCFC_01666 (length 409)
prokka_output/PROKKA_07022026:Prokka:GBPCPCFC_01667 (length 586)
prokka_output/PROKKA_07022026:Prokka:GBPCPCFC_01668 (length 142)
prokka_output/PROKKA_07022026:Prokka:GBPCPCFC_01669 (length 126)
prokka_output/PROKKA_07022026:Prokka:GBPCPCFC_01670 (length 537)
prokka_output/PROKKA_07022026:Prokka:GBPCPCFC_01671 (length 108)
prokka_output/PROKKA_07022026:Prokka:GBPCPCFC_01672 (length 115)
prokka_output/PROKKA_07022026:Prokka:GBPCPCFC_01673 (length 836)
prokka_output/PROKKA_07022026:Prokka:GBPCPCFC_01674 (length 82)
prokka_output/PROKKA_07022026:Prokka:GBPCPCFC_01675 (length 495)
prokka_output/PROKKA_07022026:Prokka:GBPCPCFC_01676 (length 124)
prokka_output/PROKKA_07022026:Prokka:GBPCPCFC_01677 (length 144)
prokka_output/PROKKA_07022026:Prokka:GBPCPCFC_01678 (length 164)
prokka_output/PROKKA_07022026:Prokka:GBPCPCFC_01679 (length 430)
prokka_output/PROKKA_07022026:Prokka:GBPCPCFC_01680 (length 103)
prokka_output/PROKKA_07022026:Prokka:GBPCPCFC_01681 (length 244)
prokka_output/PROKKA_07022026:Prokka:GBPCPCFC_01682 (length 88)
prokka_output/PROKKA_07022026:Prokka:GBPCPCFC_01683 (length 64)
prokka_output/PROKKA_07022026:Prokka:GBPCPCFC_01684 (length 145)
prokka_output/PROKKA_07022026:Prokka:GBPCPCFC_01685 (length 121)
prokka_output/PROKKA_07022026:Prokka:GBPCPCFC_01687 (length 67)
prokka_output/PROKKA_07022026:Prokka:GBPCPCFC_01688 (length 54)
prokka_output/PROKKA_07022026:Prokka:GBPCPCFC_01689 (length 199)
prokka_output/PROKKA_07022026:Prokka:GBPCPCFC_01691 (length 218)
prokka_output/PROKKA_07022026:Prokka:GBPCPCFC_01692 (length 112)
prokka_output/PROKKA_07022026:Prokka:GBPCPCFC_01693 (length 126)
prokka_output/PROKKA_07022026:Prokka:GBPCPCFC_01694 (length 94)
prokka_output/PROKKA_07022026:Prokka:GBPCPCFC_01695 (length 148)
prokka_output/PROKKA_07022026:Prokka:GBPCPCFC_01696 (length 238)
prokka_output/PROKKA_07022026:Prokka:GBPCPCFC_01697 (length 276)
prokka_output/PROKKA_07022026:Prokka:GBPCPCFC_01698 (length 110)
prokka_output/PROKKA_07022026:Prokka:GBPCPCFC_01699 (length 233)
prokka_output/PROKKA_07022026:Prokka:GBPCPCFC_01700 (length 276)
prokka_output/PROKKA_07022026:Prokka:GBPCPCFC_01701 (length 413)
prokka_output/PROKKA_07022026:Prokka:GBPCPCFC_01702 (length 274)
prokka_output/PROKKA_07022026:Prokka:GBPCPCFC_01703 (length 49)
prokka_output/PROKKA_07022026:Prokka:GBPCPCFC_01704 (length 127)
prokka_output/PROKKA_07022026:Prokka:GBPCPCFC_01705 (length 325)
prokka_output/PROKKA_07022026:Prokka:GBPCPCFC_01706 (length 126)
prokka_output/PROKKA_07022026:Prokka:GBPCPCFC_01707 (length 277)
prokka_output/PROKKA_07022026:Prokka:GBPCPCFC_01708 (length 421)
prokka_output/PROKKA_07022026:Prokka:GBPCPCFC_01709 (length 179)
prokka_output/PROKKA_07022026:Prokka:GBPCPCFC_01710 (length 299)
prokka_output/PROKKA_07022026:Prokka:GBPCPCFC_01711 (length 78)
prokka_output/PROKKA_07022026:Prokka:GBPCPCFC_01712 (length 306)
prokka_output/PROKKA_07022026:Prokka:GBPCPCFC_01713 (length 617)
prokka_output/PROKKA_07022026:Prokka:GBPCPCFC_01714 (length 292)
prokka_output/PROKKA_07022026:Prokka:GBPCPCFC_01715 (length 418)
prokka_output/PROKKA_07022026:Prokka:GBPCPCFC_01716 (length 385)
prokka_output/PROKKA_07022026:Prokka:GBPCPCFC_01717 (length 274)
prokka_output/PROKKA_07022026:Prokka:GBPCPCFC_01718 (length 232)
prokka_output/PROKKA_07022026:Prokka:GBPCPCFC_01719 (length 167)
prokka_output/PROKKA_07022026:Prokka:GBPCPCFC_01720 (length 200)
prokka_output/PROKKA_07022026:Prokka:GBPCPCFC_01721 (length 154)
prokka_output/PROKKA_07022026:Prokka:GBPCPCFC_01722 (length 397)
prokka_output/PROKKA_07022026:Prokka:GBPCPCFC_01723 (length 69)
prokka_output/PROKKA_07022026:Prokka:GBPCPCFC_01724 (length 409)
prokka_output/PROKKA_07022026:Prokka:GBPCPCFC_01725 (length 173)
prokka_output/PROKKA_07022026:Prokka:GBPCPCFC_01726 (length 59)
prokka_output/PROKKA_07022026:Prokka:GBPCPCFC_01727 (length 281)
prokka_output/PROKKA_07022026:Prokka:GBPCPCFC_01728 (length 374)
prokka_output/PROKKA_07022026:Prokka:GBPCPCFC_01729 (length 336)
prokka_output/PROKKA_07022026:Prokka:GBPCPCFC_01730 (length 331)
prokka_output/PROKKA_07022026:Prokka:GBPCPCFC_01731 (length 358)
prokka_output/PROKKA_07022026:Prokka:GBPCPCFC_01732 (length 286)
prokka_output/PROKKA_07022026:Prokka:GBPCPCFC_01733 (length 520)
prokka_output/PROKKA_07022026:Prokka:GBPCPCFC_01734 (length 255)
prokka_output/PROKKA_07022026:Prokka:GBPCPCFC_01735 (length 240)
prokka_output/PROKKA_07022026:Prokka:GBPCPCFC_01736 (length 150)
prokka_output/PROKKA_07022026:Prokka:GBPCPCFC_01737 (length 188)
prokka_output/PROKKA_07022026:Prokka:GBPCPCFC_01738 (length 436)
prokka_output/PROKKA_07022026:Prokka:GBPCPCFC_01739 (length 441)
prokka_output/PROKKA_07022026:Prokka:GBPCPCFC_01741 (length 410)
prokka_output/PROKKA_07022026:Prokka:GBPCPCFC_01742 (length 95)
prokka_output/PROKKA_07022026:Prokka:GBPCPCFC_01743 (length 325)
prokka_output/PROKKA_07022026:Prokka:GBPCPCFC_01744 (length 325)
prokka_output/PROKKA_07022026:Prokka:GBPCPCFC_01745 (length 223)
prokka_output/PROKKA_07022026:Prokka:GBPCPCFC_01746 (length 194)
prokka_output/PROKKA_07022026:Prokka:GBPCPCFC_01747 (length 402)
prokka_output/PROKKA_07022026:Prokka:GBPCPCFC_01748 (length 83)
prokka_output/PROKKA_07022026:Prokka:GBPCPCFC_01749 (length 129)
prokka_output/PROKKA_07022026:Prokka:GBPCPCFC_01750 (length 115)
prokka_output/PROKKA_07022026:Prokka:GBPCPCFC_01751 (length 598)
prokka_output/PROKKA_07022026:Prokka:GBPCPCFC_01752 (length 454)
prokka_output/PROKKA_07022026:Prokka:GBPCPCFC_01753 (length 461)
prokka_output/PROKKA_07022026:Prokka:GBPCPCFC_01754 (length 267)
prokka_output/PROKKA_07022026:Prokka:GBPCPCFC_01755 (length 1075)
prokka_output/PROKKA_07022026:Prokka:GBPCPCFC_01756 (length 1304)
prokka_output/PROKKA_07022026:Prokka:GBPCPCFC_01757 (length 520)
prokka_output/PROKKA_07022026:Prokka:GBPCPCFC_01758 (length 430)
prokka_output/PROKKA_07022026:Prokka:GBPCPCFC_01759 (length 149)
prokka_output/PROKKA_07022026:Prokka:GBPCPCFC_01760 (length 303)
prokka_output/PROKKA_07022026:Prokka:GBPCPCFC_01761 (length 318)
prokka_output/PROKKA_07022026:Prokka:GBPCPCFC_01762 (length 290)
prokka_output/PROKKA_07022026:Prokka:GBPCPCFC_01763 (length 208)
prokka_output/PROKKA_07022026:Prokka:GBPCPCFC_01764 (length 642)
prokka_output/PROKKA_07022026:Prokka:GBPCPCFC_01765 (length 376)
prokka_output/PROKKA_07022026:Prokka:GBPCPCFC_01766 (length 110)
prokka_output/PROKKA_07022026:Prokka:GBPCPCFC_01767 (length 142)
prokka_output/PROKKA_07022026:Prokka:GBPCPCFC_01768 (length 308)
prokka_output/PROKKA_07022026:Prokka:GBPCPCFC_01769 (length 455)
prokka_output/PROKKA_07022026:Prokka:GBPCPCFC_01770 (length 1601)
prokka_output/PROKKA_07022026:Prokka:GBPCPCFC_01771 (length 117)
prokka_output/PROKKA_07022026:Prokka:GBPCPCFC_01772 (length 106)
prokka_output/PROKKA_07022026:Prokka:GBPCPCFC_01773 (length 746)
prokka_output/PROKKA_07022026:Prokka:GBPCPCFC_01774 (length 513)
prokka_output/PROKKA_07022026:Prokka:GBPCPCFC_01775 (length 1186)
prokka_output/PROKKA_07022026:Prokka:GBPCPCFC_01776 (length 432)
prokka_output/PROKKA_07022026:Prokka:GBPCPCFC_01778 (length 60)
prokka_output/PROKKA_07022026:Prokka:GBPCPCFC_01779 (length 367)
prokka_output/PROKKA_07022026:Prokka:GBPCPCFC_01780 (length 418)
prokka_output/PROKKA_07022026:Prokka:GBPCPCFC_01781 (length 167)
prokka_output/PROKKA_07022026:Prokka:GBPCPCFC_01784 (length 101)
prokka_output/PROKKA_07022026:Prokka:GBPCPCFC_01785 (length 245)
prokka_output/PROKKA_07022026:Prokka:GBPCPCFC_01786 (length 412)
prokka_output/PROKKA_07022026:Prokka:GBPCPCFC_01787 (length 172)
prokka_output/PROKKA_07022026:Prokka:GBPCPCFC_01788 (length 359)
prokka_output/PROKKA_07022026:Prokka:GBPCPCFC_01789 (length 263)
prokka_output/PROKKA_07022026:Prokka:GBPCPCFC_01790 (length 384)
prokka_output/PROKKA_07022026:Prokka:GBPCPCFC_01791 (length 233)
prokka_output/PROKKA_07022026:Prokka:GBPCPCFC_01792 (length 944)
prokka_output/PROKKA_07022026:Prokka:GBPCPCFC_01793 (length 177)
prokka_output/PROKKA_07022026:Prokka:GBPCPCFC_01794 (length 94)
prokka_output/PROKKA_07022026:Prokka:GBPCPCFC_01795 (length 129)
prokka_output/PROKKA_07022026:Prokka:GBPCPCFC_01796 (length 234)
prokka_output/PROKKA_07022026:Prokka:GBPCPCFC_01797 (length 252)
prokka_output/PROKKA_07022026:Prokka:GBPCPCFC_01798 (length 280)
prokka_output/PROKKA_07022026:Prokka:GBPCPCFC_01799 (length 292)
prokka_output/PROKKA_07022026:Prokka:GBPCPCFC_01800 (length 590)
prokka_output/PROKKA_07022026:Prokka:GBPCPCFC_01801 (length 332)
prokka_output/PROKKA_07022026:Prokka:GBPCPCFC_01802 (length 295)
prokka_output/PROKKA_07022026:Prokka:GBPCPCFC_01803 (length 69)
prokka_output/PROKKA_07022026:Prokka:GBPCPCFC_01804 (length 277)
prokka_output/PROKKA_07022026:Prokka:GBPCPCFC_01805 (length 637)
prokka_output/PROKKA_07022026:Prokka:GBPCPCFC_01806 (length 175)
prokka_output/PROKKA_07022026:Prokka:GBPCPCFC_01807 (length 448)
prokka_output/PROKKA_07022026:Prokka:GBPCPCFC_01808 (length 155)
prokka_output/PROKKA_07022026:Prokka:GBPCPCFC_01809 (length 58)
prokka_output/PROKKA_07022026:Prokka:GBPCPCFC_01810 (length 239)
prokka_output/PROKKA_07022026:Prokka:GBPCPCFC_01811 (length 209)
prokka_output/PROKKA_07022026:Prokka:GBPCPCFC_01812 (length 214)
prokka_output/PROKKA_07022026:Prokka:GBPCPCFC_01813 (length 255)
prokka_output/PROKKA_07022026:Prokka:GBPCPCFC_01814 (length 439)
prokka_output/PROKKA_07022026:Prokka:GBPCPCFC_01815 (length 293)
prokka_output/PROKKA_07022026:Prokka:GBPCPCFC_01816 (length 193)
prokka_output/PROKKA_07022026:Prokka:GBPCPCFC_01817 (length 261)
prokka_output/PROKKA_07022026:Prokka:GBPCPCFC_01818 (length 226)
prokka_output/PROKKA_07022026:Prokka:GBPCPCFC_01819 (length 122)
prokka_output/PROKKA_07022026:Prokka:GBPCPCFC_01820 (length 70)
prokka_output/PROKKA_07022026:Prokka:GBPCPCFC_01821 (length 87)
prokka_output/PROKKA_07022026:Prokka:GBPCPCFC_01822 (length 444)
prokka_output/PROKKA_07022026:Prokka:GBPCPCFC_01823 (length 483)
prokka_output/PROKKA_07022026:Prokka:GBPCPCFC_01824 (length 295)
prokka_output/PROKKA_07022026:Prokka:GBPCPCFC_01825 (length 321)
prokka_output/PROKKA_07022026:Prokka:GBPCPCFC_01826 (length 264)
prokka_output/PROKKA_07022026:Prokka:GBPCPCFC_01827 (length 412)
prokka_output/PROKKA_07022026:Prokka:GBPCPCFC_01829 (length 184)
prokka_output/PROKKA_07022026:Prokka:GBPCPCFC_01830 (length 98)
prokka_output/PROKKA_07022026:Prokka:GBPCPCFC_01831 (length 339)
prokka_output/PROKKA_07022026:Prokka:GBPCPCFC_01832 (length 482)
prokka_output/PROKKA_07022026:Prokka:GBPCPCFC_01833 (length 205)
prokka_output/PROKKA_07022026:Prokka:GBPCPCFC_01834 (length 218)
prokka_output/PROKKA_07022026:Prokka:GBPCPCFC_01835 (length 241)
prokka_output/PROKKA_07022026:Prokka:GBPCPCFC_01836 (length 148)
prokka_output/PROKKA_07022026:Prokka:GBPCPCFC_01837 (length 528)
prokka_output/PROKKA_07022026:Prokka:GBPCPCFC_01838 (length 323)
prokka_output/PROKKA_07022026:Prokka:GBPCPCFC_01839 (length 413)
prokka_output/PROKKA_07022026:Prokka:GBPCPCFC_01840 (length 862)
prokka_output/PROKKA_07022026:Prokka:GBPCPCFC_01841 (length 619)
prokka_output/PROKKA_07022026:Prokka:GBPCPCFC_01842 (length 248)
prokka_output/PROKKA_07022026:Prokka:GBPCPCFC_01843 (length 205)
prokka_output/PROKKA_07022026:Prokka:GBPCPCFC_01844 (length 309)
prokka_output/PROKKA_07022026:Prokka:GBPCPCFC_01845 (length 458)
prokka_output/PROKKA_07022026:Prokka:GBPCPCFC_01846 (length 95)
prokka_output/PROKKA_07022026:Prokka:GBPCPCFC_01847 (length 76)
prokka_output/PROKKA_07022026:Prokka:GBPCPCFC_01849 (length 588)
prokka_output/PROKKA_07022026:Prokka:GBPCPCFC_01850 (length 455)
prokka_output/PROKKA_07022026:Prokka:GBPCPCFC_01851 (length 109)
prokka_output/PROKKA_07022026:Prokka:GBPCPCFC_01852 (length 415)
prokka_output/PROKKA_07022026:Prokka:GBPCPCFC_01853 (length 237)
prokka_output/PROKKA_07022026:Prokka:GBPCPCFC_01854 (length 816)
prokka_output/PROKKA_07022026:Prokka:GBPCPCFC_01855 (length 667)
prokka_output/PROKKA_07022026:Prokka:GBPCPCFC_01856 (length 270)
prokka_output/PROKKA_07022026:Prokka:GBPCPCFC_01857 (length 579)
prokka_output/PROKKA_07022026:Prokka:GBPCPCFC_01858 (length 220)
prokka_output/PROKKA_07022026:Prokka:GBPCPCFC_01860 (length 283)
prokka_output/PROKKA_07022026:Prokka:GBPCPCFC_01861 (length 65)
prokka_output/PROKKA_07022026:Prokka:GBPCPCFC_01862 (length 138)
prokka_output/PROKKA_07022026:Prokka:GBPCPCFC_01863 (length 85)
prokka_output/PROKKA_07022026:Prokka:GBPCPCFC_01864 (length 318)
prokka_output/PROKKA_07022026:Prokka:GBPCPCFC_01865 (length 614)
prokka_output/PROKKA_07022026:Prokka:GBPCPCFC_01866 (length 95)
prokka_output/PROKKA_07022026:Prokka:GBPCPCFC_01867 (length 231)
prokka_output/PROKKA_07022026:Prokka:GBPCPCFC_01868 (length 364)
prokka_output/PROKKA_07022026:Prokka:GBPCPCFC_01869 (length 69)
prokka_output/PROKKA_07022026:Prokka:GBPCPCFC_01870 (length 465)
prokka_output/PROKKA_07022026:Prokka:GBPCPCFC_01871 (length 86)
prokka_output/PROKKA_07022026:Prokka:GBPCPCFC_01872 (length 614)
prokka_output/PROKKA_07022026:Prokka:GBPCPCFC_01873 (length 776)
prokka_output/PROKKA_07022026:Prokka:GBPCPCFC_01874 (length 40)
prokka_output/PROKKA_07022026:Prokka:GBPCPCFC_01875 (length 428)
prokka_output/PROKKA_07022026:Prokka:GBPCPCFC_01876 (length 309)
prokka_output/PROKKA_07022026:Prokka:GBPCPCFC_01877 (length 353)
prokka_output/PROKKA_07022026:Prokka:GBPCPCFC_01878 (length 232)
prokka_output/PROKKA_07022026:Prokka:GBPCPCFC_01879 (length 255)
prokka_output/PROKKA_07022026:Prokka:GBPCPCFC_01880 (length 72)
prokka_output/PROKKA_07022026:Prokka:GBPCPCFC_01881 (length 136)
prokka_output/PROKKA_07022026:Prokka:GBPCPCFC_01882 (length 932)
prokka_output/PROKKA_07022026:Prokka:GBPCPCFC_01883 (length 601)
prokka_output/PROKKA_07022026:Prokka:GBPCPCFC_01884 (length 186)
prokka_output/PROKKA_07022026:Prokka:GBPCPCFC_01885 (length 96)
prokka_output/PROKKA_07022026:Prokka:GBPCPCFC_01886 (length 86)
prokka_output/PROKKA_07022026:Prokka:GBPCPCFC_01887 (length 121)
prokka_output/PROKKA_07022026:Prokka:GBPCPCFC_01888 (length 134)
prokka_output/PROKKA_07022026:Prokka:GBPCPCFC_01889 (length 762)
prokka_output/PROKKA_07022026:Prokka:GBPCPCFC_01890 (length 154)
prokka_output/PROKKA_07022026:Prokka:GBPCPCFC_01891 (length 1281)
prokka_output/PROKKA_07022026:Prokka:GBPCPCFC_01892 (length 1742)
prokka_output/PROKKA_07022026:Prokka:GBPCPCFC_01893 (length 42)
prokka_output/PROKKA_07022026:Prokka:GBPCPCFC_01894 (length 149)
prokka_output/PROKKA_07022026:Prokka:GBPCPCFC_01896 (length 310)
prokka_output/PROKKA_07022026:Prokka:GBPCPCFC_01897 (length 310)
prokka_output/PROKKA_07022026:Prokka:GBPCPCFC_01898 (length 47)
prokka_output/PROKKA_07022026:Prokka:GBPCPCFC_01899 (length 492)
prokka_output/PROKKA_07022026:Prokka:GBPCPCFC_01900 (length 377)
prokka_output/PROKKA_07022026:Prokka:GBPCPCFC_01901 (length 373)
prokka_output/PROKKA_07022026:Prokka:GBPCPCFC_01902 (length 305)
prokka_output/PROKKA_07022026:Prokka:GBPCPCFC_01903 (length 813)
prokka_output/PROKKA_07022026:Prokka:GBPCPCFC_01904 (length 657)
prokka_output/PROKKA_07022026:Prokka:GBPCPCFC_01905 (length 1124)
prokka_output/PROKKA_07022026:Prokka:GBPCPCFC_01906 (length 598)
prokka_output/PROKKA_07022026:Prokka:GBPCPCFC_01907 (length 433)
prokka_output/PROKKA_07022026:Prokka:GBPCPCFC_01908 (length 517)
prokka_output/PROKKA_07022026:Prokka:GBPCPCFC_01909 (length 637)
prokka_output/PROKKA_07022026:Prokka:GBPCPCFC_01910 (length 449)
prokka_output/PROKKA_07022026:Prokka:GBPCPCFC_01911 (length 537)
prokka_output/PROKKA_07022026:Prokka:GBPCPCFC_01912 (length 268)
prokka_output/PROKKA_07022026:Prokka:GBPCPCFC_01913 (length 29)
prokka_output/PROKKA_07022026:Prokka:GBPCPCFC_01914 (length 259)
prokka_output/PROKKA_07022026:Prokka:GBPCPCFC_01915 (length 150)
prokka_output/PROKKA_07022026:Prokka:GBPCPCFC_01916 (length 482)
prokka_output/PROKKA_07022026:Prokka:GBPCPCFC_01917 (length 196)
prokka_output/PROKKA_07022026:Prokka:GBPCPCFC_01918 (length 141)
prokka_output/PROKKA_07022026:Prokka:GBPCPCFC_01919 (length 180)
prokka_output/PROKKA_07022026:Prokka:GBPCPCFC_01920 (length 154)
prokka_output/PROKKA_07022026:Prokka:GBPCPCFC_01921 (length 55)
prokka_output/PROKKA_07022026:Prokka:GBPCPCFC_01922 (length 199)
prokka_output/PROKKA_07022026:Prokka:GBPCPCFC_01923 (length 1832)
prokka_output/PROKKA_07022026:Prokka:GBPCPCFC_01924 (length 430)
prokka_output/PROKKA_07022026:Prokka:GBPCPCFC_01925 (length 149)
prokka_output/PROKKA_07022026:Prokka:GBPCPCFC_01926 (length 344)
prokka_output/PROKKA_07022026:Prokka:GBPCPCFC_01927 (length 288)
prokka_output/PROKKA_07022026:Prokka:GBPCPCFC_01928 (length 299)
prokka_output/PROKKA_07022026:Prokka:GBPCPCFC_01929 (length 261)
prokka_output/PROKKA_07022026:Prokka:GBPCPCFC_01930 (length 65)
prokka_output/PROKKA_07022026:Prokka:GBPCPCFC_01931 (length 708)
prokka_output/PROKKA_07022026:Prokka:GBPCPCFC_01932 (length 461)
prokka_output/PROKKA_07022026:Prokka:GBPCPCFC_01933 (length 252)
prokka_output/PROKKA_07022026:Prokka:GBPCPCFC_01934 (length 492)
prokka_output/PROKKA_07022026:Prokka:GBPCPCFC_01935 (length 272)
prokka_output/PROKKA_07022026:Prokka:GBPCPCFC_01936 (length 130)
prokka_output/PROKKA_07022026:Prokka:GBPCPCFC_01937 (length 126)
prokka_output/PROKKA_07022026:Prokka:GBPCPCFC_01938 (length 415)
prokka_output/PROKKA_07022026:Prokka:GBPCPCFC_01939 (length 354)
prokka_output/PROKKA_07022026:Prokka:GBPCPCFC_01940 (length 298)
prokka_output/PROKKA_07022026:Prokka:GBPCPCFC_01941 (length 521)
prokka_output/PROKKA_07022026:Prokka:GBPCPCFC_01942 (length 273)
prokka_output/PROKKA_07022026:Prokka:GBPCPCFC_01943 (length 631)
prokka_output/PROKKA_07022026:Prokka:GBPCPCFC_01944 (length 110)
prokka_output/PROKKA_07022026:Prokka:GBPCPCFC_01945 (length 244)
prokka_output/PROKKA_07022026:Prokka:GBPCPCFC_01946 (length 193)
prokka_output/PROKKA_07022026:Prokka:GBPCPCFC_01947 (length 351)
prokka_output/PROKKA_07022026:Prokka:GBPCPCFC_01948 (length 219)
prokka_output/PROKKA_07022026:Prokka:GBPCPCFC_01949 (length 39)
prokka_output/PROKKA_07022026:Prokka:GBPCPCFC_01950 (length 309)
prokka_output/PROKKA_07022026:Prokka:GBPCPCFC_01951 (length 327)
prokka_output/PROKKA_07022026:Prokka:GBPCPCFC_01952 (length 464)
prokka_output/PROKKA_07022026:Prokka:GBPCPCFC_01953 (length 583)
prokka_output/PROKKA_07022026:Prokka:GBPCPCFC_01954 (length 233)
prokka_output/PROKKA_07022026:Prokka:GBPCPCFC_01955 (length 224)
prokka_output/PROKKA_07022026:Prokka:GBPCPCFC_01956 (length 316)
prokka_output/PROKKA_07022026:Prokka:GBPCPCFC_01957 (length 382)
prokka_output/PROKKA_07022026:Prokka:GBPCPCFC_01958 (length 577)
prokka_output/PROKKA_07022026:Prokka:GBPCPCFC_01959 (length 260)
prokka_output/PROKKA_07022026:Prokka:GBPCPCFC_01960 (length 144)
prokka_output/PROKKA_07022026:Prokka:GBPCPCFC_01961 (length 163)
prokka_output/PROKKA_07022026:Prokka:GBPCPCFC_01962 (length 184)
prokka_output/PROKKA_07022026:Prokka:GBPCPCFC_01963 (length 231)
prokka_output/PROKKA_07022026:Prokka:GBPCPCFC_01964 (length 258)
prokka_output/PROKKA_07022026:Prokka:GBPCPCFC_01965 (length 182)
prokka_output/PROKKA_07022026:Prokka:GBPCPCFC_01966 (length 168)
prokka_output/PROKKA_07022026:Prokka:GBPCPCFC_01967 (length 159)
prokka_output/PROKKA_07022026:Prokka:GBPCPCFC_01968 (length 74)
prokka_output/PROKKA_07022026:Prokka:GBPCPCFC_01969 (length 605)
prokka_output/PROKKA_07022026:Prokka:GBPCPCFC_01970 (length 665)
prokka_output/PROKKA_07022026:Prokka:GBPCPCFC_01971 (length 514)
prokka_output/PROKKA_07022026:Prokka:GBPCPCFC_01972 (length 232)
prokka_output/PROKKA_07022026:Prokka:GBPCPCFC_01973 (length 430)
prokka_output/PROKKA_07022026:Prokka:GBPCPCFC_01974 (length 286)
prokka_output/PROKKA_07022026:Prokka:GBPCPCFC_01975 (length 120)
prokka_output/PROKKA_07022026:Prokka:GBPCPCFC_01976 (length 345)
prokka_output/PROKKA_07022026:Prokka:GBPCPCFC_01977 (length 857)
prokka_output/PROKKA_07022026:Prokka:GBPCPCFC_01978 (length 65)
prokka_output/PROKKA_07022026:Prokka:GBPCPCFC_01979 (length 571)
prokka_output/PROKKA_07022026:Prokka:GBPCPCFC_01980 (length 202)
prokka_output/PROKKA_07022026:Prokka:GBPCPCFC_01981 (length 311)
prokka_output/PROKKA_07022026:Prokka:GBPCPCFC_01982 (length 95)
prokka_output/PROKKA_07022026:Prokka:GBPCPCFC_01983 (length 805)
prokka_output/PROKKA_07022026:Prokka:GBPCPCFC_01984 (length 1039)
prokka_output/PROKKA_07022026:Prokka:GBPCPCFC_01985 (length 94)
prokka_output/PROKKA_07022026:Prokka:GBPCPCFC_01986 (length 671)
prokka_output/PROKKA_07022026:Prokka:GBPCPCFC_01987 (length 81)
prokka_output/PROKKA_07022026:Prokka:GBPCPCFC_01988 (length 960)
prokka_output/PROKKA_07022026:Prokka:GBPCPCFC_01989 (length 943)
prokka_output/PROKKA_07022026:Prokka:GBPCPCFC_01990 (length 1104)
prokka_output/PROKKA_07022026:Prokka:GBPCPCFC_01991 (length 167)
prokka_output/PROKKA_07022026:Prokka:GBPCPCFC_01992 (length 416)
prokka_output/PROKKA_07022026:Prokka:GBPCPCFC_01993 (length 199)
prokka_output/PROKKA_07022026:Prokka:GBPCPCFC_01994 (length 434)
prokka_output/PROKKA_07022026:Prokka:GBPCPCFC_01995 (length 1374)
prokka_output/PROKKA_07022026:Prokka:GBPCPCFC_01996 (length 1368)
prokka_output/PROKKA_07022026:Prokka:GBPCPCFC_01997 (length 122)
prokka_output/PROKKA_07022026:Prokka:GBPCPCFC_01998 (length 169)
prokka_output/PROKKA_07022026:Prokka:GBPCPCFC_01999 (length 241)
prokka_output/PROKKA_07022026:Prokka:GBPCPCFC_02000 (length 144)
prokka_output/PROKKA_07022026:Prokka:GBPCPCFC_02001 (length 176)
prokka_output/PROKKA_07022026:Prokka:GBPCPCFC_02002 (length 66)
prokka_output/PROKKA_07022026:Prokka:GBPCPCFC_02004 (length 692)
prokka_output/PROKKA_07022026:Prokka:GBPCPCFC_02005 (length 162)
prokka_output/PROKKA_07022026:Prokka:GBPCPCFC_02006 (length 127)
prokka_output/PROKKA_07022026:Prokka:GBPCPCFC_02007 (length 216)
prokka_output/PROKKA_07022026:Prokka:GBPCPCFC_02008 (length 130)
prokka_output/PROKKA_07022026:Prokka:GBPCPCFC_02009 (length 936)
prokka_output/PROKKA_07022026:Prokka:GBPCPCFC_02010 (length 225)
prokka_output/PROKKA_07022026:Prokka:GBPCPCFC_02011 (length 284)
prokka_output/PROKKA_07022026:Prokka:GBPCPCFC_02012 (length 509)
prokka_output/PROKKA_07022026:Prokka:GBPCPCFC_02013 (length 555)
prokka_output/PROKKA_07022026:Prokka:GBPCPCFC_02014 (length 249)
prokka_output/PROKKA_07022026:Prokka:GBPCPCFC_02015 (length 676)
prokka_output/PROKKA_07022026:Prokka:GBPCPCFC_02016 (length 334)
prokka_output/PROKKA_07022026:Prokka:GBPCPCFC_02017 (length 309)
prokka_output/PROKKA_07022026:Prokka:GBPCPCFC_02018 (length 659)
prokka_output/PROKKA_07022026:Prokka:GBPCPCFC_02019 (length 48)
prokka_output/PROKKA_07022026:Prokka:GBPCPCFC_02020 (length 506)
prokka_output/PROKKA_07022026:Prokka:GBPCPCFC_02021 (length 783)
prokka_output/PROKKA_07022026:Prokka:GBPCPCFC_02022 (length 498)
prokka_output/PROKKA_07022026:Prokka:GBPCPCFC_02023 (length 253)
prokka_output/PROKKA_07022026:Prokka:GBPCPCFC_02024 (length 430)
prokka_output/PROKKA_07022026:Prokka:GBPCPCFC_02025 (length 115)
prokka_output/PROKKA_07022026:Prokka:GBPCPCFC_02026 (length 303)
prokka_output/PROKKA_07022026:Prokka:GBPCPCFC_02027 (length 144)
prokka_output/PROKKA_07022026:Prokka:GBPCPCFC_02028 (length 169)
prokka_output/PROKKA_07022026:Prokka:GBPCPCFC_02029 (length 246)
prokka_output/PROKKA_07022026:Prokka:GBPCPCFC_02030 (length 311)
prokka_output/PROKKA_07022026:Prokka:GBPCPCFC_02031 (length 601)
prokka_output/PROKKA_07022026:Prokka:GBPCPCFC_02032 (length 475)
prokka_output/PROKKA_07022026:Prokka:GBPCPCFC_02033 (length 515)
prokka_output/PROKKA_07022026:Prokka:GBPCPCFC_02034 (length 132)
prokka_output/PROKKA_07022026:Prokka:GBPCPCFC_02035 (length 282)
prokka_output/PROKKA_07022026:Prokka:GBPCPCFC_02036 (length 318)
prokka_output/PROKKA_07022026:Prokka:GBPCPCFC_02037 (length 147)
prokka_output/PROKKA_07022026:Prokka:GBPCPCFC_02038 (length 955)
prokka_output/PROKKA_07022026:Prokka:GBPCPCFC_02039 (length 329)
prokka_output/PROKKA_07022026:Prokka:GBPCPCFC_02040 (length 1027)
prokka_output/PROKKA_07022026:Prokka:GBPCPCFC_02041 (length 217)
prokka_output/PROKKA_07022026:Prokka:GBPCPCFC_02042 (length 59)
prokka_output/PROKKA_07022026:Prokka:GBPCPCFC_02043 (length 535)
prokka_output/PROKKA_07022026:Prokka:GBPCPCFC_02044 (length 436)
prokka_output/PROKKA_07022026:Prokka:GBPCPCFC_02045 (length 340)
prokka_output/PROKKA_07022026:Prokka:GBPCPCFC_02046 (length 48)
prokka_output/PROKKA_07022026:Prokka:GBPCPCFC_02047 (length 57)
prokka_output/PROKKA_07022026:Prokka:GBPCPCFC_02048 (length 666)
prokka_output/PROKKA_07022026:Prokka:GBPCPCFC_02049 (length 472)
prokka_output/PROKKA_07022026:Prokka:GBPCPCFC_02050 (length 381)
prokka_output/PROKKA_07022026:Prokka:GBPCPCFC_02052 (length 444)
prokka_output/PROKKA_07022026:Prokka:GBPCPCFC_02053 (length 134)
prokka_output/PROKKA_07022026:Prokka:GBPCPCFC_02054 (length 443)
prokka_output/PROKKA_07022026:Prokka:GBPCPCFC_02055 (length 235)
prokka_output/PROKKA_07022026:Prokka:GBPCPCFC_02056 (length 466)
prokka_output/PROKKA_07022026:Prokka:GBPCPCFC_02057 (length 239)
prokka_output/PROKKA_07022026:Prokka:GBPCPCFC_02058 (length 295)
prokka_output/PROKKA_07022026:Prokka:GBPCPCFC_02059 (length 425)
prokka_output/PROKKA_07022026:Prokka:GBPCPCFC_02060 (length 173)
prokka_output/PROKKA_07022026:Prokka:GBPCPCFC_02061 (length 99)
prokka_output/PROKKA_07022026:Prokka:GBPCPCFC_02062 (length 235)
prokka_output/PROKKA_07022026:Prokka:GBPCPCFC_02063 (length 430)
prokka_output/PROKKA_07022026:Prokka:GBPCPCFC_02064 (length 278)
prokka_output/PROKKA_07022026:Prokka:GBPCPCFC_02065 (length 108)
prokka_output/PROKKA_07022026:Prokka:GBPCPCFC_02066 (length 1197)
prokka_output/PROKKA_07022026:Prokka:GBPCPCFC_02067 (length 150)
prokka_output/PROKKA_07022026:Prokka:GBPCPCFC_02068 (length 128)
prokka_output/PROKKA_07022026:Prokka:GBPCPCFC_02069 (length 133)
prokka_output/PROKKA_07022026:Prokka:GBPCPCFC_02070 (length 133)
prokka_output/PROKKA_07022026:Prokka:GBPCPCFC_02072 (length 149)
prokka_output/PROKKA_07022026:Prokka:GBPCPCFC_02073 (length 66)
prokka_output/PROKKA_07022026:Prokka:GBPCPCFC_02074 (length 873)
prokka_output/PROKKA_07022026:Prokka:GBPCPCFC_02075 (length 932)
prokka_output/PROKKA_07022026:Prokka:GBPCPCFC_02076 (length 807)
prokka_output/PROKKA_07022026:Prokka:GBPCPCFC_02077 (length 179)
prokka_output/PROKKA_07022026:Prokka:GBPCPCFC_02078 (length 701)
prokka_output/PROKKA_07022026:Prokka:GBPCPCFC_02079 (length 2617)
prokka_output/PROKKA_07022026:Prokka:GBPCPCFC_02080 (length 150)
prokka_output/PROKKA_07022026:Prokka:GBPCPCFC_02081 (length 87)
prokka_output/PROKKA_07022026:Prokka:GBPCPCFC_02082 (length 138)
prokka_output/PROKKA_07022026:Prokka:GBPCPCFC_02083 (length 798)
prokka_output/PROKKA_07022026:Prokka:GBPCPCFC_02084 (length 403)
prokka_output/PROKKA_07022026:Prokka:GBPCPCFC_02085 (length 145)
prokka_output/PROKKA_07022026:Prokka:GBPCPCFC_02086 (length 97)
prokka_output/PROKKA_07022026:Prokka:GBPCPCFC_02087 (length 465)
prokka_output/PROKKA_07022026:Prokka:GBPCPCFC_02088 (length 148)
prokka_output/PROKKA_07022026:Prokka:GBPCPCFC_02089 (length 358)
prokka_output/PROKKA_07022026:Prokka:GBPCPCFC_02090 (length 130)
prokka_output/PROKKA_07022026:Prokka:GBPCPCFC_02091 (length 566)
prokka_output/PROKKA_07022026:Prokka:GBPCPCFC_02092 (length 617)
prokka_output/PROKKA_07022026:Prokka:GBPCPCFC_02093 (length 422)
prokka_output/PROKKA_07022026:Prokka:GBPCPCFC_02094 (length 205)
prokka_output/PROKKA_07022026:Prokka:GBPCPCFC_02095 (length 508)
prokka_output/PROKKA_07022026:Prokka:GBPCPCFC_02096 (length 423)
prokka_output/PROKKA_07022026:Prokka:GBPCPCFC_02097 (length 386)
prokka_output/PROKKA_07022026:Prokka:GBPCPCFC_02098 (length 250)
prokka_output/PROKKA_07022026:Prokka:GBPCPCFC_02099 (length 252)
prokka_output/PROKKA_07022026:Prokka:GBPCPCFC_02100 (length 321)
prokka_output/PROKKA_07022026:Prokka:GBPCPCFC_02101 (length 33)
prokka_output/PROKKA_07022026:Prokka:GBPCPCFC_02102 (length 399)
prokka_output/PROKKA_07022026:Prokka:GBPCPCFC_02103 (length 750)
prokka_output/PROKKA_07022026:Prokka:GBPCPCFC_02104 (length 154)
prokka_output/PROKKA_07022026:Prokka:GBPCPCFC_02105 (length 996)
prokka_output/PROKKA_07022026:Prokka:GBPCPCFC_02106 (length 316)
prokka_output/PROKKA_07022026:Prokka:GBPCPCFC_02107 (length 269)
prokka_output/PROKKA_07022026:Prokka:GBPCPCFC_02108 (length 75)
prokka_output/PROKKA_07022026:Prokka:GBPCPCFC_02109 (length 78)
prokka_output/PROKKA_07022026:Prokka:GBPCPCFC_02110 (length 314)
prokka_output/PROKKA_07022026:Prokka:GBPCPCFC_02111 (length 130)
prokka_output/PROKKA_07022026:Prokka:GBPCPCFC_02112 (length 52)
prokka_output/PROKKA_07022026:Prokka:GBPCPCFC_02113 (length 263)
prokka_output/PROKKA_07022026:Prokka:GBPCPCFC_02114 (length 181)
prokka_output/PROKKA_07022026:Prokka:GBPCPCFC_02116 (length 71)
prokka_output/PROKKA_07022026:Prokka:GBPCPCFC_02117 (length 350)
prokka_output/PROKKA_07022026:Prokka:GBPCPCFC_02118 (length 185)
prokka_output/PROKKA_07022026:Prokka:GBPCPCFC_02119 (length 694)
prokka_output/PROKKA_07022026:Prokka:GBPCPCFC_02120 (length 341)
prokka_output/PROKKA_07022026:Prokka:GBPCPCFC_02121 (length 161)
prokka_output/PROKKA_07022026:Prokka:GBPCPCFC_02122 (length 204)
prokka_output/PROKKA_07022026:Prokka:GBPCPCFC_02123 (length 104)
prokka_output/PROKKA_07022026:Prokka:GBPCPCFC_02124 (length 608)
prokka_output/PROKKA_07022026:Prokka:GBPCPCFC_02125 (length 495)
prokka_output/PROKKA_07022026:Prokka:GBPCPCFC_02126 (length 650)
prokka_output/PROKKA_07022026:Prokka:GBPCPCFC_02127 (length 803)
prokka_output/PROKKA_07022026:Prokka:GBPCPCFC_02128 (length 443)
prokka_output/PROKKA_07022026:Prokka:GBPCPCFC_02129 (length 205)
prokka_output/PROKKA_07022026:Prokka:GBPCPCFC_02130 (length 205)
prokka_output/PROKKA_07022026:Prokka:GBPCPCFC_02131 (length 374)
prokka_output/PROKKA_07022026:Prokka:GBPCPCFC_02132 (length 364)
prokka_output/PROKKA_07022026:Prokka:GBPCPCFC_02133 (length 120)
prokka_output/PROKKA_07022026:Prokka:GBPCPCFC_02134 (length 339)
prokka_output/PROKKA_07022026:Prokka:GBPCPCFC_02135 (length 127)
prokka_output/PROKKA_07022026:Prokka:GBPCPCFC_23 (length 16339)
prokka_output/PROKKA_07022026:Prokka:GBPCPCFC_02136 (length 587)
prokka_output/PROKKA_07022026:Prokka:GBPCPCFC_02137 (length 221)
prokka_output/PROKKA_07022026:Prokka:GBPCPCFC_02138 (length 205)
prokka_output/PROKKA_07022026:Prokka:GBPCPCFC_02139 (length 179)
prokka_output/PROKKA_07022026:Prokka:GBPCPCFC_02140 (length 204)
prokka_output/PROKKA_07022026:Prokka:GBPCPCFC_02141 (length 300)
prokka_output/PROKKA_07022026:Prokka:GBPCPCFC_02142 (length 258)
prokka_output/PROKKA_07022026:Prokka:GBPCPCFC_02143 (length 127)
prokka_output/PROKKA_07022026:Prokka:GBPCPCFC_02144 (length 199)
prokka_output/PROKKA_07022026:Prokka:GBPCPCFC_02145 (length 69)
prokka_output/PROKKA_07022026:Prokka:GBPCPCFC_02146 (length 141)
prokka_output/PROKKA_07022026:Prokka:GBPCPCFC_02147 (length 265)
prokka_output/PROKKA_07022026:Prokka:GBPCPCFC_02148 (length 313)
prokka_output/PROKKA_07022026:Prokka:GBPCPCFC_02149 (length 609)
prokka_output/PROKKA_07022026:Prokka:GBPCPCFC_02150 (length 220)
prokka_output/PROKKA_07022026:Prokka:GBPCPCFC_02151 (length 218)
prokka_output/PROKKA_07022026:Prokka:GBPCPCFC_02152 (length 594)
prokka_output/PROKKA_07022026:Prokka:GBPCPCFC_02153 (length 403)
prokka_output/PROKKA_07022026:Prokka:GBPCPCFC_24 (length 12133)
prokka_output/PROKKA_07022026:Prokka:GBPCPCFC_02154 (length 430)
prokka_output/PROKKA_07022026:Prokka:GBPCPCFC_02155 (length 678)
prokka_output/PROKKA_07022026:Prokka:GBPCPCFC_02156 (length 229)
prokka_output/PROKKA_07022026:Prokka:GBPCPCFC_02157 (length 229)
prokka_output/PROKKA_07022026:Prokka:GBPCPCFC_02158 (length 230)
prokka_output/PROKKA_07022026:Prokka:GBPCPCFC_02159 (length 381)
prokka_output/PROKKA_07022026:Prokka:GBPCPCFC_02160 (length 189)
prokka_output/PROKKA_07022026:Prokka:GBPCPCFC_02161 (length 143)
prokka_output/PROKKA_07022026:Prokka:GBPCPCFC_02162 (length 481)
prokka_output/PROKKA_07022026:Prokka:GBPCPCFC_02163 (length 294)
prokka_output/PROKKA_07022026:Prokka:GBPCPCFC_02164 (length 190)
prokka_output/PROKKA_07022026:Prokka:GBPCPCFC_02165 (length 106)
prokka_output/PROKKA_07022026:Prokka:GBPCPCFC_25 (length 12682)
prokka_output/PROKKA_07022026:Prokka:GBPCPCFC_02166 (length 167)
prokka_output/PROKKA_07022026:Prokka:GBPCPCFC_02167 (length 530)
prokka_output/PROKKA_07022026:Prokka:GBPCPCFC_02168 (length 123)
prokka_output/PROKKA_07022026:Prokka:GBPCPCFC_02169 (length 463)
prokka_output/PROKKA_07022026:Prokka:GBPCPCFC_02170 (length 940)
prokka_output/PROKKA_07022026:Prokka:GBPCPCFC_02171 (length 327)
prokka_output/PROKKA_07022026:Prokka:GBPCPCFC_02172 (length 537)
prokka_output/PROKKA_07022026:Prokka:GBPCPCFC_02173 (length 215)
prokka_output/PROKKA_07022026:Prokka:GBPCPCFC_02174 (length 591)

DiscRep_ALL:DISC_INCONSISTENT_MOLINFO_TECH::Molinfo Technique Report (some missing, all same)
DiscRep_SUB:DISC_INCONSISTENT_MOLINFO_TECH::technique (all missing)
DiscRep_SUB:DISC_INCONSISTENT_MOLINFO_TECH::25 Molinfos are missing field technique
prokka_output/PROKKA_07022026:Prokka:GBPCPCFC_1 (length 94577)
prokka_output/PROKKA_07022026:Prokka:GBPCPCFC_2 (length 6699)
prokka_output/PROKKA_07022026:Prokka:GBPCPCFC_3 (length 12551)
prokka_output/PROKKA_07022026:Prokka:GBPCPCFC_4 (length 6861)
prokka_output/PROKKA_07022026:Prokka:GBPCPCFC_5 (length 13208)
prokka_output/PROKKA_07022026:Prokka:GBPCPCFC_6 (length 414170)
prokka_output/PROKKA_07022026:Prokka:GBPCPCFC_7 (length 20489)
prokka_output/PROKKA_07022026:Prokka:GBPCPCFC_8 (length 9365)
prokka_output/PROKKA_07022026:Prokka:GBPCPCFC_9 (length 10852)
prokka_output/PROKKA_07022026:Prokka:GBPCPCFC_10 (length 10469)
prokka_output/PROKKA_07022026:Prokka:GBPCPCFC_11 (length 13776)
prokka_output/PROKKA_07022026:Prokka:GBPCPCFC_12 (length 73539)
prokka_output/PROKKA_07022026:Prokka:GBPCPCFC_13 (length 4435)
prokka_output/PROKKA_07022026:Prokka:GBPCPCFC_14 (length 13410)
prokka_output/PROKKA_07022026:Prokka:GBPCPCFC_15 (length 46534)
prokka_output/PROKKA_07022026:Prokka:GBPCPCFC_16 (length 13445)
prokka_output/PROKKA_07022026:Prokka:GBPCPCFC_17 (length 18408)
prokka_output/PROKKA_07022026:Prokka:GBPCPCFC_18 (length 59216)
prokka_output/PROKKA_07022026:Prokka:GBPCPCFC_19 (length 4017)
prokka_output/PROKKA_07022026:Prokka:GBPCPCFC_20 (length 17902)
prokka_output/PROKKA_07022026:Prokka:GBPCPCFC_21 (length 20498)
prokka_output/PROKKA_07022026:Prokka:GBPCPCFC_22 (length 1348403)
prokka_output/PROKKA_07022026:Prokka:GBPCPCFC_23 (length 16339)
prokka_output/PROKKA_07022026:Prokka:GBPCPCFC_24 (length 12133)
prokka_output/PROKKA_07022026:Prokka:GBPCPCFC_25 (length 12682)

