222085	1	301	8.832E-80	5	1649	2467	36	42	0.543	1.677E-02	33	70	226	1649	1762	114	1649	1774
222085	1	301	8.832E-80	5	1649	2467	44	105	0.784	9.381E-24	73	136	226	1830	2021	192	1824	2048
222085	1	301	8.832E-80	5	1649	2467	45	55	0.820	3.464E-07	137	167	226	2080	2172	93	2080	2175
222085	1	301	8.832E-80	5	1649	2467	49	31	0.625	6.084E+01	168	189	226	2234	2302	69	2219	2302
222085	1	301	8.832E-80	5	1649	2467	53	64	0.833	2.704E-10	190	225	226	2360	2467	108	2345	2467
234171	1	223	2.669E-56	3	1652	2172	36	48	0.620	1.894E-04	35	70	231	1652	1762	111	1649	1774
234171	1	223	2.669E-56	3	1652	2172	44	115	0.852	2.471E-27	73	136	231	1830	2021	192	1824	2048
234171	1	223	2.669E-56	3	1652	2172	45	60	0.892	5.487E-09	137	167	231	2080	2172	93	2080	2175
457876	1	217	1.708E-54	3	1652	2172	36	45	0.587	1.780E-03	38	73	234	1652	1762	111	1649	1774
457876	1	217	1.708E-54	3	1652	2172	44	112	0.831	3.119E-26	76	139	234	1830	2021	192	1824	2048
457876	1	217	1.708E-54	3	1652	2172	45	60	0.892	5.487E-09	140	170	234	2080	2172	93	2080	2175
501168	1	258	7.769E-67	4	1830	2467	44	110	0.818	1.522E-25	75	138	238	1830	2021	192	1824	2048
501168	1	258	7.769E-67	4	1830	2467	45	55	0.820	3.464E-07	139	169	238	2080	2172	93	2080	2175
501168	1	258	7.769E-67	4	1830	2467	49	31	0.625	6.084E+01	170	191	238	2234	2302	69	2219	2302
501168	1	258	7.769E-67	4	1830	2467	53	58	0.752	6.104E-08	192	227	238	2360	2467	108	2345	2467
599354	1	201	1.120E-49	3	1830	2467	44	106	0.792	3.624E-24	81	144	234	1830	2021	192	1824	2048
599354	1	201	1.120E-49	3	1830	2467	45	55	0.826	2.518E-07	145	175	234	2080	2172	93	2080	2175
599354	1	201	1.120E-49	3	1830	2467	53	60	0.781	9.007E-09	198	233	234	2360	2467	108	2345	2467
632009	1	266	3.035E-69	4	1652	2467	36	51	0.652	2.019E-05	140	175	330	1652	1762	111	1649	1774
632009	1	266	3.035E-69	4	1652	2467	44	111	0.835	8.072E-26	178	240	330	1833	2021	189	1824	2048
632009	1	266	3.035E-69	4	1652	2467	45	63	0.936	4.289E-10	241	271	330	2080	2172	93	2080	2175
632009	1	266	3.035E-69	4	1652	2467	53	61	0.795	3.461E-09	294	329	330	2360	2467	108	2345	2467
704314	1	272	4.742E-71	4	1649	2467	36	50	0.633	2.780E-05	34	70	225	1649	1762	114	1649	1774
704314	1	272	4.742E-71	4	1649	2467	44	117	0.863	6.954E-28	72	135	225	1830	2021	192	1824	2048
704314	1	272	4.742E-71	4	1649	2467	45	59	0.881	1.038E-08	136	166	225	2080	2172	93	2080	2175
704314	1	272	4.742E-71	4	1649	2467	53	64	0.833	2.704E-10	189	224	225	2360	2467	108	2345	2467
821816	1	128	1.057E-27	1	1267	1509	32	128	0.751	2.007E-30	11	92	93	1267	1509	243	1204	1602
874590	1	117	2.166E-24	2	1	528	3	98	0.484	1.636E-20	31	137	275	1	315	315	1	339
874590	1	117	2.166E-24	2	1	528	9	66	0.551	3.633E-10	186	245	275	352	528	177	343	558
875794	1	111	1.386E-22	2	1	528	3	94	0.468	3.864E-19	71	177	315	1	315	315	1	339
875794	1	111	1.386E-22	2	1	528	9	64	0.537	1.783E-09	226	285	315	352	528	177	343	558
973997	1	82	7.441E-14	1	82	315	3	82	0.530	6.967E-15	0	78	96	82	315	234	1	339
978094	1	115	8.663E-24	1	1827	2021	44	115	0.838	3.392E-27	41	105	114	1827	2021	195	1824	2048
1063910	1	124	1.692E-26	2	1	444	3	99	0.489	6.338E-21	5	111	181	1	315	315	1	339
1063910	1	124	1.692E-26	2	1	444	9	48	0.666	8.361E-04	136	169	181	343	444	102	343	558
1113386	1	62	7.803E-08	1	343	528	9	62	0.501	1.203E-08	20	82	111	343	528	186	343	558
1114404	1	55	9.988E-06	1	343	492	9	55	0.538	2.696E-06	32	82	85	343	492	150	343	558
1115135	1	68	1.219E-09	1	343	528	9	68	0.541	1.018E-10	20	82	111	343	528	186	343	558
1115386	1	62	7.803E-08	1	343	555	9	62	0.459	8.749E-09	37	103	128	343	555	213	343	558
1115602	1	70	3.048E-10	1	343	528	9	70	0.557	1.511E-11	20	82	95	343	528	186	343	558
1115634	1	61	1.561E-07	1	346	558	9	61	0.425	2.273E-08	12	88	102	346	558	213	343	558
1163379	1	118	1.083E-24	2	1	528	3	92	0.460	1.878E-18	71	177	314	1	315	315	1	339
1163379	1	118	1.083E-24	2	1	528	9	70	0.554	2.076E-11	223	285	314	343	528	186	343	558
1172443	1	74	1.905E-11	1	343	519	9	74	0.605	8.645E-13	20	79	112	343	519	177	343	558
1213590	1	109	5.544E-22	1	1830	2021	44	109	0.810	3.939E-25	42	105	114	1830	2021	192	1824	2048
1230026	1	347	1.255E-93	4	1270	2172	32	134	0.634	1.761E-32	109	213	409	1270	1581	312	1204	1602
1230026	1	347	1.255E-93	4	1270	2172	36	48	0.629	2.608E-04	214	249	409	1649	1756	108	1649	1774
1230026	1	347	1.255E-93	4	1270	2172	44	111	0.823	8.072E-26	255	318	409	1830	2021	192	1824	2048
1230026	1	347	1.255E-93	4	1270	2172	45	55	0.826	2.518E-07	319	349	409	2080	2172	93	2080	2175
15276591	1	206	3.499E-51	3	1830	2467	44	111	0.821	1.108E-25	82	145	235	1830	2021	192	1824	2048
15276591	1	206	3.499E-51	3	1830	2467	45	55	0.826	2.518E-07	146	176	235	2080	2172	93	2080	2175
15276591	1	206	3.499E-51	3	1830	2467	53	60	0.781	9.007E-09	199	234	235	2360	2467	108	2345	2467
15339093	1	59	6.242E-07	1	4	315	3	59	0.333	6.258E-07	35	139	170	4	315	312	1	339
15347895	1	109	5.544E-22	1	1204	1497	32	109	0.548	5.564E-24	2	103	111	1204	1497	294	1204	1602
15416790	1	92	7.267E-17	1	16	315	3	92	0.476	2.576E-18	0	101	165	16	315	300	1	339
15417527	1	117	2.166E-24	2	1	528	3	98	0.485	1.193E-20	71	177	315	1	315	315	1	339
15417527	1	117	2.166E-24	2	1	528	9	66	0.551	3.633E-10	226	285	315	352	528	177	343	558
15470890	1	62	7.803E-08	1	94	315	3	62	0.438	6.883E-08	0	74	99	94	315	222	1	339
15490752	1	89	5.813E-16	1	1288	1500	32	89	0.622	3.922E-17	28	98	126	1288	1500	213	1204	1602
15519858	1	106	4.435E-21	1	1830	2021	44	106	0.792	3.624E-24	42	105	114	1830	2021	192	1824	2048
15654850	1	72	7.620E-11	1	343	528	9	72	0.568	4.236E-12	32	94	123	343	528	186	343	558
15655742	1	60	3.121E-07	1	343	516	9	60	0.516	4.296E-08	20	78	79	343	516	174	343	558
15766299	1	93	3.633E-17	1	1288	1497	32	93	0.654	1.677E-18	42	111	114	1288	1497	210	1204	1602
15799561	1	85	9.302E-15	1	7	315	3	85	0.432	5.557E-16	73	179	186	7	315	309	1	339
28877284	1	83	3.721E-14	1	46	312	3	83	0.490	1.968E-15	24	109	125	46	312	267	1	339
28901769	1	264	1.214E-68	4	1652	2467	36	48	0.620	1.894E-04	31	66	221	1652	1762	111	1649	1774
28901769	1	264	1.214E-68	4	1652	2467	44	111	0.821	1.108E-25	68	131	221	1830	2021	192	1824	2048
28901769	1	264	1.214E-68	4	1652	2467	45	63	0.925	8.110E-10	132	162	221	2080	2172	93	2080	2175
28901769	1	264	1.214E-68	4	1652	2467	53	60	0.776	1.239E-08	185	220	221	2360	2467	108	2345	2467
29400140	1	251	9.944E-65	4	1649	2467	36	51	0.642	1.467E-05	46	82	241	1649	1762	114	1649	1774
29400140	1	251	9.944E-65	4	1649	2467	44	107	0.763	2.639E-24	85	151	241	1830	2030	201	1824	2048
29400140	1	251	9.944E-65	4	1649	2467	45	57	0.894	9.671E-08	154	182	241	2086	2172	87	2080	2175
29400140	1	251	9.944E-65	4	1649	2467	53	58	0.752	6.104E-08	205	240	241	2360	2467	108	2345	2467
29551615	1	203	2.799E-50	3	1827	2467	44	111	0.810	1.108E-25	78	142	251	1827	2021	195	1824	2048
29551615	1	203	2.799E-50	3	1827	2467	45	54	0.809	6.558E-07	143	173	251	2080	2172	93	2080	2175
29551615	1	203	2.799E-50	3	1827	2467	53	58	0.757	4.437E-08	196	231	251	2360	2467	108	2345	2467
29702306	1	253	2.486E-65	4	1652	2464	36	40	0.532	8.338E-02	36	71	227	1652	1762	111	1649	1774
29702306	1	253	2.486E-65	4	1652	2464	44	108	0.800	1.400E-24	74	137	227	1830	2021	192	1824	2048
29702306	1	253	2.486E-65	4	1652	2464	45	58	0.859	3.715E-08	138	168	227	2080	2172	93	2080	2175
29702306	1	253	2.486E-65	4	1652	2464	53	67	0.883	3.999E-11	191	225	227	2360	2464	105	2345	2467
29776453	1	204	1.400E-50	3	1827	2467	44	106	0.776	6.832E-24	80	144	243	1827	2021	195	1824	2048
29776453	1	204	1.400E-50	3	1827	2467	45	62	0.920	1.115E-09	145	175	243	2080	2172	93	2080	2175
29776453	1	204	1.400E-50	3	1827	2467	53	56	0.729	3.010E-07	198	233	243	2360	2467	108	2345	2467
29779517	1	246	3.182E-63	4	1649	2467	36	49	0.581	7.254E-05	46	86	240	1649	1771	123	1649	1774
29779517	1	246	3.182E-63	4	1649	2467	44	106	0.787	6.832E-24	84	147	240	1830	2021	192	1824	2048
29779517	1	246	3.182E-63	4	1649	2467	45	59	0.924	1.964E-08	153	181	240	2086	2172	87	2080	2175
29779517	1	246	3.182E-63	4	1649	2467	53	58	0.752	6.104E-08	204	239	240	2360	2467	108	2345	2467
29868534	1	215	6.834E-54	3	1827	2464	44	111	0.815	5.879E-26	48	112	203	1827	2021	195	1824	2048
29868534	1	215	6.834E-54	3	1827	2464	45	64	0.947	2.268E-10	113	143	203	2080	2172	93	2080	2175
29868534	1	215	6.834E-54	3	1827	2464	53	60	0.795	1.239E-08	166	200	203	2360	2464	105	2345	2467
29869147	1	207	1.749E-51	3	1827	2464	44	111	0.812	8.072E-26	68	132	224	1827	2021	195	1824	2048
29869147	1	207	1.749E-51	3	1827	2464	45	59	0.881	1.038E-08	133	163	224	2080	2172	93	2080	2175
29869147	1	207	1.749E-51	3	1827	2464	53	57	0.766	8.399E-08	186	220	224	2360	2464	105	2345	2467
29968599	1	116	4.331E-24	1	1270	1497	32	116	0.736	2.603E-26	30	105	106	1270	1497	228	1204	1602
30016459	1	109	5.544E-22	1	1270	1494	32	109	0.699	5.564E-24	15	90	99	1270	1494	225	1204	1602
30048681	1	119	5.414E-25	1	1216	1512	32	119	0.600	1.520E-27	9	108	162	1216	1512	297	1204	1602
30196875	1	71	1.524E-10	1	343	528	9	71	0.562	8.000E-12	33	95	112	343	528	186	343	558
30197306	1	71	1.524E-10	1	343	528	9	71	0.562	8.000E-12	33	95	123	343	528	186	343	558
30198145	1	71	1.524E-10	1	343	543	9	71	0.538	5.821E-12	20	86	104	343	543	201	343	558
30285837	1	102	7.097E-20	2	85	519	3	78	0.514	1.642E-13	0	77	215	85	315	231	1	339
30285837	1	102	7.097E-20	2	85	519	9	68	0.561	5.390E-11	123	183	215	343	519	177	343	558
37101944	1	261	9.711E-68	4	1830	2458	44	114	0.842	8.778E-27	73	136	225	1830	2021	192	1824	2048
37101944	1	261	9.711E-68	4	1830	2458	45	55	0.826	2.518E-07	137	167	225	2080	2172	93	2080	2175
37101944	1	261	9.711E-68	4	1830	2458	49	32	0.641	3.195E+01	168	189	225	2234	2302	69	2219	2302
37101944	1	261	9.711E-68	4	1830	2458	53	56	0.792	2.187E-07	190	222	225	2360	2458	99	2345	2467
40688919	1	268	7.587E-70	4	1652	2467	36	48	0.615	2.608E-04	36	71	228	1652	1762	111	1649	1774
40688919	1	268	7.587E-70	4	1652	2467	44	118	0.868	3.690E-28	75	138	228	1830	2021	192	1824	2048
40688919	1	268	7.587E-70	4	1652	2467	45	55	0.820	3.464E-07	139	169	228	2080	2172	93	2080	2175
40688919	1	268	7.587E-70	4	1652	2467	53	68	0.871	2.115E-11	192	227	228	2360	2467	108	2345	2467
42926437	1	397	1.115E-108	5	1225	2467	32	127	0.550	2.752E-30	14	132	325	1225	1581	357	1204	1602
42926437	1	397	1.115E-108	5	1225	2467	36	58	0.722	4.683E-08	133	170	325	1649	1762	114	1649	1774
42926437	1	397	1.115E-108	5	1225	2467	44	112	0.831	3.119E-26	172	235	325	1830	2021	192	1824	2048
42926437	1	397	1.115E-108	5	1225	2467	45	57	0.848	7.030E-08	236	266	325	2080	2172	93	2080	2175
42926437	1	397	1.115E-108	5	1225	2467	53	59	0.767	2.345E-08	289	324	325	2360	2467	108	2345	2467
43839754	1	152	6.303E-35	2	1652	2021	36	45	0.587	1.780E-03	7	42	123	1652	1762	111	1649	1774
43839754	1	152	6.303E-35	2	1652	2021	44	108	0.802	1.019E-24	45	108	123	1830	2021	192	1824	2048
44192263	1	106	4.435E-21	1	1827	2018	44	106	0.792	3.624E-24	43	106	116	1827	2018	192	1824	2048
44364242	1	217	1.708E-54	3	1827	2467	44	119	0.861	1.958E-28	78	142	233	1827	2021	195	1824	2048
44364242	1	217	1.708E-54	3	1827	2467	45	58	0.864	2.701E-08	143	173	233	2080	2172	93	2080	2175
44364242	1	217	1.708E-54	3	1827	2467	53	60	0.776	1.239E-08	196	231	233	2360	2467	108	2345	2467
44451931	1	78	1.191E-12	1	7	315	3	78	0.411	1.197E-13	49	153	162	7	315	309	1	339
44499874	1	94	1.817E-17	2	67	543	3	79	0.486	6.365E-14	0	84	226	67	315	249	1	339
44499874	1	94	1.817E-17	2	67	543	9	62	0.489	1.203E-08	133	197	226	352	543	192	343	558
44537185	1	122	6.768E-26	2	1	531	3	96	0.476	7.952E-20	5	111	248	1	315	315	1	339
44537185	1	122	6.768E-26	2	1	531	9	70	0.550	1.511E-11	157	220	248	343	531	189	343	558
44553142	1	63	3.901E-08	1	94	315	3	63	0.443	3.663E-08	1	75	137	94	315	222	1	339
44738040	1	53	3.995E-05	1	361	546	9	53	0.448	1.326E-05	26	84	109	361	546	186	343	558
44738456	1	68	1.219E-09	1	343	528	9	68	0.546	5.390E-11	33	95	124	343	528	186	343	558
44738592	1	69	6.096E-10	1	343	528	9	69	0.552	2.854E-11	27	89	118	343	528	186	343	558
44739002	1	66	4.877E-09	1	343	528	9	66	0.528	4.994E-10	20	82	111	343	528	186	343	558
44739243	1	55	9.988E-06	1	343	519	9	55	0.482	1.961E-06	33	91	116	343	519	177	343	558
44752062	1	71	1.524E-10	1	343	552	9	71	0.487	5.821E-12	29	104	120	343	552	210	343	558
44753020	1	56	4.994E-06	1	343	489	9	56	0.556	1.037E-06	2	51	67	343	489	147	343	558
44834002	1	56	4.994E-06	1	16	315	3	56	0.331	7.785E-06	0	99	105	16	315	300	1	339
44845627	1	69	6.096E-10	1	349	555	9	69	0.510	3.922E-11	24	87	113	349	555	207	343	558
54658254	1	62	7.803E-08	1	16	213	3	62	0.486	5.021E-08	35	100	106	16	213	198	1	339
58475746	1	169	4.809E-40	2	1649	2021	36	53	0.660	4.087E-06	2	38	112	1649	1762	114	1649	1774
58475746	1	169	4.809E-40	2	1649	2021	44	115	0.838	3.392E-27	39	103	112	1827	2021	195	1824	2048
58505298	1	111	1.386E-22	1	1827	2021	44	111	0.815	5.879E-26	40	104	113	1827	2021	195	1824	2048
58559946	1	252	4.972E-65	4	1652	2464	36	46	0.597	9.381E-04	34	69	231	1652	1762	111	1649	1774
58559946	1	252	4.972E-65	4	1652	2464	44	111	0.826	5.879E-26	73	136	231	1830	2021	192	1824	2048
58559946	1	252	4.972E-65	4	1652	2464	45	59	0.870	1.964E-08	137	167	231	2080	2172	93	2080	2175
58559946	1	252	4.972E-65	4	1652	2464	53	57	0.766	8.399E-08	190	224	231	2360	2464	105	2345	2467
58576389	1	218	8.542E-55	3	1827	2467	44	116	0.843	1.800E-27	72	136	226	1827	2021	195	1824	2048
58576389	1	218	8.542E-55	3	1827	2467	45	57	0.848	7.030E-08	137	167	226	2080	2172	93	2080	2175
58576389	1	218	8.542E-55	3	1827	2467	53	65	0.842	1.430E-10	190	225	226	2360	2467	108	2345	2467
58586510	1	160	2.462E-37	2	1652	2021	36	46	0.601	6.811E-04	3	38	113	1652	1762	111	1649	1774
58586510	1	160	2.462E-37	2	1652	2021	44	115	0.852	2.471E-27	41	104	113	1830	2021	192	1824	2048
59040988	1	98	1.135E-18	1	1	315	3	98	0.485	1.193E-20	71	177	181	1	315	315	1	339
59094006	1	55	9.988E-06	1	103	315	3	55	0.410	1.067E-05	31	103	131	103	315	213	1	339
59139372	1	58	1.248E-06	1	343	489	9	58	0.573	2.110E-07	20	69	73	343	489	147	343	558
59144215	1	115	8.663E-24	1	1827	2021	44	115	0.838	3.392E-27	41	105	114	1827	2021	195	1824	2048
59279588	1	58	1.248E-06	1	352	543	9	58	0.468	2.902E-07	23	86	119	352	543	192	343	558
59279633	1	64	1.951E-08	1	346	528	9	64	0.521	2.450E-09	21	82	114	346	528	183	343	558
59280022	1	59	6.242E-07	1	355	528	9	59	0.510	8.120E-08	20	78	91	355	528	174	343	558
59280138	1	60	3.121E-07	1	343	507	9	60	0.538	4.296E-08	20	75	108	343	507	165	343	558
59280303	1	56	4.994E-06	1	343	492	9	56	0.547	1.037E-06	19	69	72	343	492	150	343	558
59281344	1	64	1.951E-08	1	343	528	9	64	0.514	2.450E-09	44	106	114	343	528	186	343	558
59281422	1	71	1.524E-10	1	343	528	9	71	0.562	8.000E-12	43	105	108	343	528	186	343	558
59282011	1	63	3.901E-08	1	355	552	9	63	0.456	6.365E-09	29	100	116	355	552	198	343	558
59463630	1	223	2.669E-56	3	1830	2464	44	112	0.809	3.119E-26	74	139	229	1830	2027	198	1824	2048
59463630	1	223	2.669E-56	3	1830	2464	45	68	1.000	1.292E-11	139	168	229	2083	2172	90	2080	2175
59463630	1	223	2.669E-56	3	1830	2464	53	64	0.849	3.718E-10	191	225	229	2360	2464	105	2345	2467
65271731	1	268	7.587E-70	4	1652	2467	36	48	0.615	2.608E-04	36	71	228	1652	1762	111	1649	1774
65271731	1	268	7.587E-70	4	1652	2467	44	118	0.868	3.690E-28	75	138	228	1830	2021	192	1824	2048
65271731	1	268	7.587E-70	4	1652	2467	45	55	0.820	3.464E-07	139	169	228	2080	2172	93	2080	2175
65271731	1	268	7.587E-70	4	1652	2467	53	68	0.871	2.115E-11	192	227	228	2360	2467	108	2345	2467
68313418	1	206	3.499E-51	3	1827	2464	44	117	0.848	9.547E-28	75	139	229	1827	2021	195	1824	2048
68313418	1	206	3.499E-51	3	1827	2464	45	54	0.809	6.558E-07	140	170	229	2080	2172	93	2080	2175
68313418	1	206	3.499E-51	3	1827	2464	53	55	0.737	5.699E-07	193	227	229	2360	2464	105	2345	2467
72952662	1	206	3.499E-51	3	1827	2464	44	117	0.848	9.547E-28	75	139	229	1827	2021	195	1824	2048
72952662	1	206	3.499E-51	3	1827	2464	45	54	0.809	6.558E-07	140	170	229	2080	2172	93	2080	2175
72952662	1	206	3.499E-51	3	1827	2464	53	55	0.737	5.699E-07	193	227	229	2360	2464	105	2345	2467
73145220	1	164	1.539E-38	3	1649	2464	36	49	0.615	9.988E-05	36	72	232	1649	1762	114	1649	1774
73145220	1	164	1.539E-38	3	1649	2464	44	109	0.813	2.869E-25	74	137	232	1830	2021	192	1824	2048
73145220	1	164	1.539E-38	3	1649	2464	53	57	0.757	1.590E-07	191	225	232	2360	2464	105	2345	2467
73167987	1	250	1.989E-64	4	1652	2464	36	46	0.597	9.381E-04	37	72	234	1652	1762	111	1649	1774
73167987	1	250	1.989E-64	4	1652	2464	44	108	0.805	7.425E-25	75	138	234	1830	2021	192	1824	2048
73167987	1	250	1.989E-64	4	1652	2464	45	61	0.903	2.901E-09	139	169	234	2080	2172	93	2080	2175
73167987	1	250	1.989E-64	4	1652	2464	53	55	0.737	5.699E-07	192	226	234	2360	2464	105	2345	2467
73229281	1	162	6.155E-38	2	1649	2021	36	42	0.543	1.677E-02	2	38	113	1649	1762	114	1649	1774
73229281	1	162	6.155E-38	2	1649	2021	44	119	0.861	1.958E-28	40	104	113	1827	2021	195	1824	2048
73339029	1	255	6.215E-66	4	1649	2467	36	42	0.539	2.311E-02	36	72	228	1649	1762	114	1649	1774
73339029	1	255	6.215E-66	4	1649	2467	44	110	0.804	2.089E-25	74	138	228	1827	2021	195	1824	2048
73339029	1	255	6.215E-66	4	1649	2467	45	61	0.903	2.901E-09	139	169	228	2080	2172	93	2080	2175
73339029	1	255	6.215E-66	4	1649	2467	53	60	0.776	1.239E-08	192	227	228	2360	2467	108	2345	2467
73479621	1	215	6.834E-54	3	1652	2172	36	43	0.564	8.832E-03	31	67	231	1652	1762	111	1649	1774
73479621	1	215	6.834E-54	3	1652	2172	44	110	0.807	1.522E-25	68	132	231	1827	2021	195	1824	2048
73479621	1	215	6.834E-54	3	1652	2172	45	60	0.886	7.546E-09	133	163	231	2080	2172	93	2080	2175
73520879	1	98	1.135E-18	1	1270	1497	32	98	0.637	3.815E-20	20	95	143	1270	1497	228	1204	1602
73582639	1	91	1.453E-16	2	1	489	3	87	0.439	1.569E-16	5	111	207	1	315	315	1	339
73582639	1	91	1.453E-16	2	1	489	9	51	0.535	8.975E-05	160	206	207	352	489	138	343	558
73596780	1	58	1.248E-06	1	7	315	3	58	0.331	1.611E-06	37	140	183	7	315	309	1	339
73682265	1	79	5.953E-13	1	16	315	3	79	0.427	6.365E-14	0	100	134	16	315	300	1	339
73685808	1	113	3.465E-23	1	1827	2021	44	113	0.825	1.655E-26	41	105	114	1827	2021	195	1824	2048
73733851	1	109	5.544E-22	1	1827	2021	44	109	0.802	2.869E-25	41	105	114	1827	2021	195	1824	2048
73821838	1	61	1.561E-07	1	343	507	9	61	0.544	2.273E-08	31	86	90	343	507	165	343	558
73822204	1	68	1.219E-09	1	343	528	9	68	0.541	1.018E-10	9	71	100	343	528	186	343	558
73823864	1	62	7.803E-08	1	343	531	9	62	0.501	1.203E-08	16	77	106	343	531	189	343	558
73920739	1	215	6.834E-54	3	1827	2464	44	111	0.815	5.879E-26	48	112	203	1827	2021	195	1824	2048
73920739	1	215	6.834E-54	3	1827	2464	45	64	0.947	2.268E-10	113	143	203	2080	2172	93	2080	2175
73920739	1	215	6.834E-54	3	1827	2464	53	60	0.795	1.239E-08	166	200	203	2360	2464	105	2345	2467
80776226	1	205	6.998E-51	3	1649	2172	36	40	0.516	1.149E-01	33	70	245	1649	1762	114	1649	1774
80776226	1	205	6.998E-51	3	1649	2172	44	109	0.799	3.939E-25	72	136	245	1827	2021	195	1824	2048
80776226	1	205	6.998E-51	3	1649	2172	45	54	0.809	6.558E-07	137	167	245	2080	2172	93	2080	2175
87513701	1	164	1.539E-38	2	1649	2021	36	52	0.655	5.625E-06	2	38	112	1649	1762	114	1649	1774
87513701	1	164	1.539E-38	2	1649	2021	44	111	0.826	5.879E-26	40	103	112	1830	2021	192	1824	2048
87638501	1	167	1.924E-39	3	1649	2464	36	49	0.624	5.269E-05	35	71	234	1649	1762	114	1649	1774
87638501	1	167	1.924E-39	3	1649	2464	44	109	0.802	2.869E-25	72	136	234	1827	2021	195	1824	2048
87638501	1	167	1.924E-39	3	1649	2464	53	58	0.771	6.104E-08	188	222	234	2360	2464	105	2345	2467
87681829	1	214	1.367E-53	3	1827	2467	44	116	0.843	1.800E-27	72	136	226	1827	2021	195	1824	2048
87681829	1	214	1.367E-53	3	1827	2467	45	58	0.864	2.701E-08	137	167	226	2080	2172	93	2080	2175
87681829	1	214	1.367E-53	3	1827	2467	53	60	0.776	1.239E-08	190	225	226	2360	2467	108	2345	2467
87993039	1	220	2.136E-55	3	1652	2172	36	43	0.564	8.832E-03	37	72	233	1652	1762	111	1649	1774
87993039	1	220	2.136E-55	3	1652	2172	44	116	0.855	1.800E-27	75	138	233	1830	2021	192	1824	2048
87993039	1	220	2.136E-55	3	1652	2172	45	61	0.897	3.989E-09	139	169	233	2080	2172	93	2080	2175
88136013	1	116	4.331E-24	1	1270	1497	32	116	0.738	1.898E-26	30	105	106	1270	1497	228	1204	1602
88162018	1	127	2.115E-27	2	1	531	3	98	0.485	1.193E-20	5	111	248	1	315	315	1	339
88162018	1	127	2.115E-27	2	1	531	9	73	0.568	1.632E-12	157	220	248	343	531	189	343	558
88222068	1	74	1.905E-11	1	85	315	3	74	0.494	2.821E-12	0	77	132	85	315	231	1	339
88244732	1	57	2.497E-06	1	352	552	9	57	0.422	3.990E-07	31	103	122	352	552	201	343	558
88363282	1	63	3.901E-08	1	352	555	9	63	0.479	4.630E-09	23	86	108	352	555	204	343	558
88363783	1	68	1.219E-09	1	343	528	9	68	0.544	7.408E-11	32	94	123	343	528	186	343	558
88364825	1	67	2.438E-09	1	343	543	9	67	0.504	1.923E-10	33	100	133	343	543	201	343	558
88365555	1	64	1.951E-08	1	343	528	9	64	0.514	2.450E-09	16	78	107	343	528	186	343	558
88388833	1	147	2.017E-33	2	1649	2021	36	46	0.538	9.381E-04	2	43	113	1649	1774	126	1649	1774
88388833	1	147	2.017E-33	2	1649	2021	44	104	0.768	1.769E-23	40	104	113	1827	2021	195	1824	2048
88509389	1	114	1.733E-23	2	16	528	3	95	0.491	1.497E-19	0	101	239	16	315	300	1	339
88509389	1	114	1.733E-23	2	16	528	9	66	0.551	3.633E-10	150	209	239	352	528	177	343	558
96411637	1	261	9.711E-68	4	1649	2467	36	46	0.588	6.811E-04	30	66	221	1649	1762	114	1649	1774
96411637	1	261	9.711E-68	4	1649	2467	44	109	0.799	3.939E-25	67	131	221	1827	2021	195	1824	2048
96411637	1	261	9.711E-68	4	1649	2467	45	63	0.936	4.289E-10	132	162	221	2080	2172	93	2080	2175
96411637	1	261	9.711E-68	4	1649	2467	53	61	0.785	6.548E-09	185	220	221	2360	2467	108	2345	2467
102020508	1	164	1.539E-38	3	1649	2464	36	40	0.501	1.585E-01	34	72	228	1649	1762	114	1649	1774
102020508	1	164	1.539E-38	3	1649	2464	44	120	0.896	5.511E-29	74	136	228	1830	2018	189	1824	2048
102020508	1	164	1.539E-38	3	1649	2464	53	56	0.752	2.187E-07	191	225	228	2360	2464	105	2345	2467
102210094	1	209	4.374E-52	3	1830	2467	44	112	0.831	3.119E-26	77	140	231	1830	2021	192	1824	2048
102210094	1	209	4.374E-52	3	1830	2467	45	57	0.853	5.111E-08	141	171	231	2080	2172	93	2080	2175
102210094	1	209	4.374E-52	3	1830	2467	53	60	0.776	1.239E-08	194	229	231	2360	2467	108	2345	2467
102265021	1	262	4.856E-68	4	1652	2467	36	49	0.638	5.269E-05	140	175	332	1652	1762	111	1649	1774
102265021	1	262	4.856E-68	4	1652	2467	44	109	0.797	5.408E-25	176	240	332	1827	2021	195	1824	2048
102265021	1	262	4.856E-68	4	1652	2467	45	63	0.925	8.110E-10	243	273	332	2080	2172	93	2080	2175
102265021	1	262	4.856E-68	4	1652	2467	53	61	0.790	4.761E-09	296	331	332	2360	2467	108	2345	2467
102357855	1	201	1.120E-49	3	1830	2302	44	112	0.831	3.119E-26	71	134	223	1830	2021	192	1824	2048
102357855	1	201	1.120E-49	3	1830	2302	45	56	0.837	1.330E-07	135	165	223	2080	2172	93	2080	2175
102357855	1	201	1.120E-49	3	1830	2302	49	31	0.625	6.084E+01	166	187	223	2234	2302	69	2219	2302
102493970	1	270	1.897E-70	4	1652	2464	36	49	0.633	7.254E-05	20	55	210	1652	1762	111	1649	1774
102493970	1	270	1.897E-70	4	1652	2464	44	116	0.846	1.311E-27	58	122	210	1833	2027	195	1824	2048
102493970	1	270	1.897E-70	4	1652	2464	45	64	0.976	2.268E-10	122	151	210	2083	2172	90	2080	2175
102493970	1	270	1.897E-70	4	1652	2464	53	62	0.820	2.516E-09	174	208	210	2360	2464	105	2345	2467
102666321	1	54	1.998E-05	1	64	315	3	54	0.360	3.759E-05	11	95	125	64	315	252	1	339
102751114	1	85	9.302E-15	1	4	306	3	85	0.450	4.051E-16	48	149	174	4	306	303	1	339
102751407	1	78	1.191E-12	1	61	315	3	78	0.470	2.253E-13	0	86	162	61	315	255	1	339
102806198	1	63	3.901E-08	1	16	315	3	63	0.360	1.949E-08	0	100	145	16	315	300	1	339
102853074	1	90	2.907E-16	1	1	300	3	90	0.468	1.251E-17	71	172	174	1	300	300	1	339
102907540	1	68	1.219E-09	1	343	528	9	68	0.541	1.018E-10	20	82	106	343	528	186	343	558
103004081	1	213	2.733E-53	3	1827	2464	44	111	0.815	5.879E-26	48	112	203	1827	2021	195	1824	2048
103004081	1	213	2.733E-53	3	1827	2464	45	64	0.947	2.268E-10	113	143	203	2080	2172	93	2080	2175
103004081	1	213	2.733E-53	3	1827	2464	53	58	0.776	4.437E-08	166	200	203	2360	2464	105	2345	2467
103004395	1	215	6.834E-54	3	1827	2464	44	111	0.815	5.879E-26	48	112	203	1827	2021	195	1824	2048
103004395	1	215	6.834E-54	3	1827	2464	45	64	0.947	2.268E-10	113	143	203	2080	2172	93	2080	2175
103004395	1	215	6.834E-54	3	1827	2464	53	60	0.795	1.239E-08	166	200	203	2360	2464	105	2345	2467
110991163	1	170	2.404E-40	3	1649	2464	36	55	0.691	4.371E-07	37	73	238	1649	1762	114	1649	1774
110991163	1	170	2.404E-40	3	1649	2464	44	109	0.810	3.939E-25	75	138	238	1830	2021	192	1824	2048
110991163	1	170	2.404E-40	3	1649	2464	53	57	0.761	1.155E-07	192	226	238	2360	2464	105	2345	2467
115019434	1	205	6.998E-51	3	1830	2464	44	108	0.781	1.019E-24	75	140	244	1830	2027	198	1824	2048
115019434	1	205	6.998E-51	3	1830	2464	45	57	0.873	7.030E-08	140	169	244	2083	2172	90	2080	2175
115019434	1	205	6.998E-51	3	1830	2464	53	61	0.815	3.461E-09	192	226	244	2360	2464	105	2345	2467
117085459	1	173	3.006E-41	3	1649	2464	36	52	0.655	5.625E-06	35	71	233	1649	1762	114	1649	1774
117085459	1	173	3.006E-41	3	1649	2464	44	110	0.804	2.089E-25	72	136	233	1827	2021	195	1824	2048
117085459	1	173	3.006E-41	3	1649	2464	53	59	0.786	2.345E-08	187	221	233	2360	2464	105	2345	2467
117110913	1	111	1.386E-22	1	1830	2021	44	111	0.823	8.072E-26	42	105	114	1830	2021	192	1824	2048
117111370	1	113	3.465E-23	1	1270	1506	32	113	0.692	1.729E-25	12	91	93	1270	1506	237	1204	1602
117207881	1	105	8.871E-21	2	1	528	3	91	0.457	3.533E-18	5	111	249	1	315	315	1	339
117207881	1	105	8.871E-21	2	1	528	9	61	0.518	1.653E-08	160	219	249	352	528	177	343	558
117261039	1	61	1.561E-07	1	94	315	3	61	0.436	9.436E-08	0	74	100	94	315	222	1	339
117445713	1	64	1.951E-08	1	343	528	9	64	0.524	1.783E-09	16	77	118	343	528	186	343	558
117445916	1	87	2.325E-15	1	1	294	3	87	0.463	1.144E-16	71	170	180	1	294	294	1	339
117445969	1	56	4.994E-06	1	343	492	9	56	0.544	1.426E-06	33	83	86	343	492	150	343	558
117446340	1	56	4.994E-06	1	349	528	9	56	0.481	1.037E-06	1	60	89	349	528	180	343	558
117448268	1	58	1.248E-06	1	343	546	9	58	0.450	2.110E-07	43	104	128	343	546	204	343	558
117561836	1	56	4.994E-06	1	343	546	9	56	0.430	1.426E-06	20	88	122	343	546	204	343	558
117562091	1	97	2.271E-18	1	1237	1581	32	97	0.455	7.167E-20	39	149	177	1237	1581	345	1204	1602
123806506	1	55	9.988E-06	2	7	447	3	49	0.295	2.242E-03	21	93	183	7	315	309	1	339
123806506	1	55	9.988E-06	2	7	447	9	48	0.654	6.078E-04	137	171	183	343	447	105	343	558
127470502	1	81	1.488E-13	2	352	599	9	53	0.513	1.326E-05	23	74	108	352	507	156	343	558
127470502	1	81	1.488E-13	2	352	599	10	34	0.678	8.124E+00	82	104	108	531	599	69	516	611
131082726	1	219	4.271E-55	3	1827	2467	44	117	0.848	9.547E-28	73	137	227	1827	2021	195	1824	2048
131082726	1	219	4.271E-55	3	1827	2467	45	59	0.875	1.428E-08	138	168	227	2080	2172	93	2080	2175
131082726	1	219	4.271E-55	3	1827	2467	53	63	0.819	7.033E-10	191	226	227	2360	2467	108	2345	2467
131409241	1	206	3.499E-51	3	1827	2467	44	111	0.812	8.072E-26	80	144	235	1827	2021	195	1824	2048
131409241	1	206	3.499E-51	3	1827	2467	45	58	0.859	3.715E-08	145	175	235	2080	2172	93	2080	2175
131409241	1	206	3.499E-51	3	1827	2467	53	57	0.743	1.155E-07	198	233	235	2360	2467	108	2345	2467
131428678	1	248	7.956E-64	4	1652	2464	36	43	0.564	8.832E-03	7	42	199	1652	1762	111	1649	1774
131428678	1	248	7.956E-64	4	1652	2464	44	110	0.815	2.089E-25	46	109	199	1830	2021	192	1824	2048
131428678	1	248	7.956E-64	4	1652	2464	45	55	0.826	2.518E-07	110	140	199	2080	2172	93	2080	2175
131428678	1	248	7.956E-64	4	1652	2464	53	61	0.815	3.461E-09	163	197	199	2360	2464	105	2345	2467
131546731	1	110	2.772E-22	1	1830	2021	44	110	0.815	2.089E-25	41	104	113	1830	2021	192	1824	2048
131639499	1	83	3.721E-14	1	1288	1503	32	83	0.539	8.302E-15	41	118	120	1288	1503	216	1204	1602
131652741	1	102	7.097E-20	1	1270	1506	32	102	0.636	2.232E-21	11	89	102	1270	1506	237	1204	1602
131763455	1	106	4.435E-21	1	1827	2021	44	106	0.779	4.976E-24	41	105	114	1827	2021	195	1824	2048
131788642	1	72	7.620E-11	1	343	531	9	72	0.563	3.082E-12	20	83	111	343	531	189	343	558
131803138	1	61	1.561E-07	1	94	315	3	61	0.434	1.293E-07	1	75	94	94	315	222	1	339
131846787	1	94	1.817E-17	2	16	459	3	88	0.456	6.080E-17	30	132	221	16	321	306	1	339
131846787	1	94	1.817E-17	2	16	459	9	52	0.703	2.508E-05	180	214	221	355	459	105	343	558
131987774	1	67	2.438E-09	1	343	528	9	67	0.538	1.399E-10	33	95	124	343	528	186	343	558
131990342	1	69	6.096E-10	1	349	528	9	69	0.563	3.922E-11	10	70	99	349	528	180	343	558
131990809	1	88	1.163E-15	2	73	531	3	64	0.406	1.422E-08	11	96	233	73	315	243	1	339
131990809	1	88	1.163E-15	2	73	531	9	68	0.539	5.390E-11	142	205	233	343	531	189	343	558
145660679	1	270	1.897E-70	4	1652	2464	36	41	0.541	4.389E-02	36	71	227	1652	1762	111	1649	1774
145660679	1	270	1.897E-70	4	1652	2464	44	121	0.886	4.015E-29	74	137	227	1830	2021	192	1824	2048
145660679	1	270	1.897E-70	4	1652	2464	45	62	0.920	1.115E-09	138	168	227	2080	2172	93	2080	2175
145660679	1	270	1.897E-70	4	1652	2464	53	66	0.878	5.499E-11	191	225	227	2360	2464	105	2345	2467
145663987	1	250	1.989E-64	4	1652	2464	36	42	0.551	2.311E-02	38	73	263	1652	1762	111	1649	1774
145663987	1	250	1.989E-64	4	1652	2464	44	108	0.800	1.400E-24	76	139	263	1830	2021	192	1824	2048
145663987	1	250	1.989E-64	4	1652	2464	45	61	0.897	3.989E-09	140	170	263	2080	2172	93	2080	2175
145663987	1	250	1.989E-64	4	1652	2464	53	59	0.781	3.225E-08	193	227	263	2360	2464	105	2345	2467
145733653	1	278	7.409E-73	4	1652	2464	36	55	0.707	4.371E-07	147	183	341	1652	1762	111	1649	1774
145733653	1	278	7.409E-73	4	1652	2464	44	112	0.788	3.119E-26	184	251	341	1827	2030	204	1824	2048
145733653	1	278	7.409E-73	4	1652	2464	45	64	0.942	3.119E-10	252	282	341	2080	2172	93	2080	2175
145733653	1	278	7.409E-73	4	1652	2464	53	65	0.864	1.430E-10	305	339	341	2360	2464	105	2345	2467
145874576	1	215	6.834E-54	3	1649	2172	36	40	0.521	8.338E-02	34	70	226	1649	1762	114	1649	1774
145874576	1	215	6.834E-54	3	1649	2172	44	112	0.817	4.282E-26	72	136	226	1827	2021	195	1824	2048
145874576	1	215	6.834E-54	3	1649	2172	45	61	0.908	2.109E-09	137	167	226	2080	2172	93	2080	2175
145972856	1	235	6.517E-60	3	1649	2172	36	56	0.700	2.309E-07	38	74	230	1649	1762	114	1649	1774
145972856	1	235	6.517E-60	3	1649	2172	44	119	0.879	1.039E-28	76	139	230	1830	2021	192	1824	2048
145972856	1	235	6.517E-60	3	1649	2172	45	58	0.859	3.715E-08	140	170	230	2080	2172	93	2080	2175
146115889	1	215	6.834E-54	3	1652	2172	36	42	0.551	2.311E-02	36	71	232	1652	1762	111	1649	1774
146115889	1	215	6.834E-54	3	1652	2172	44	111	0.823	8.072E-26	74	137	232	1830	2021	192	1824	2048
146115889	1	215	6.834E-54	3	1652	2172	45	62	0.920	1.115E-09	138	168	232	2080	2172	93	2080	2175
146121926	1	272	4.742E-71	4	1652	2464	36	48	0.620	1.894E-04	139	175	330	1652	1762	111	1649	1774
146121926	1	272	4.742E-71	4	1652	2464	44	113	0.834	2.272E-26	177	240	330	1830	2021	192	1824	2048
146121926	1	272	4.742E-71	4	1652	2464	45	68	1.000	9.397E-12	241	271	330	2080	2172	93	2080	2175
146121926	1	272	4.742E-71	4	1652	2464	53	61	0.810	4.761E-09	294	328	330	2360	2464	105	2345	2467
146219985	1	107	2.218E-21	1	1204	1494	32	107	0.544	2.695E-23	2	102	193	1204	1494	291	1204	1602
146327329	1	97	2.271E-18	1	1	315	3	97	0.481	3.080E-20	5	111	175	1	315	315	1	339
146469383	1	114	1.733E-23	1	1270	1497	32	114	0.717	1.261E-25	1	77	85	1270	1497	228	1204	1602
146472641	1	102	7.097E-20	1	1270	1497	32	102	0.650	2.232E-21	58	134	146	1270	1497	228	1204	1602
146528862	1	52	7.990E-05	1	349	555	9	52	0.408	2.508E-05	10	73	119	349	555	207	343	558
146529126	1	63	3.901E-08	1	343	528	9	63	0.515	4.630E-09	33	94	121	343	528	186	343	558
146529278	1	68	1.219E-09	1	343	528	9	68	0.544	7.408E-11	16	78	81	343	528	186	343	558
146529351	1	62	7.803E-08	1	352	555	9	62	0.474	8.749E-09	46	109	126	352	555	204	343	558
146530196	1	65	9.753E-09	1	343	528	9	65	0.522	9.435E-10	20	82	111	343	528	186	343	558
146530431	1	69	6.096E-10	1	343	528	9	69	0.552	2.854E-11	33	95	124	343	528	186	343	558
146531325	1	68	1.219E-09	1	343	555	9	68	0.497	5.390E-11	36	102	127	343	555	213	343	558
146544317	1	81	1.488E-13	2	355	611	9	51	0.497	6.525E-05	53	104	139	355	507	153	343	558
146544317	1	81	1.488E-13	2	355	611	10	34	0.551	1.121E+01	110	138	139	525	611	87	516	611
160213135	1	207	1.749E-51	3	1827	2464	44	111	0.815	5.879E-26	72	136	225	1827	2021	195	1824	2048
160213135	1	207	1.749E-51	3	1827	2464	45	57	0.848	7.030E-08	137	167	225	2080	2172	93	2080	2175
160213135	1	207	1.749E-51	3	1827	2464	53	59	0.781	3.225E-08	190	224	225	2360	2464	105	2345	2467
160446811	1	265	6.070E-69	4	1649	2464	36	50	0.628	3.827E-05	137	173	334	1649	1762	114	1649	1774
160446811	1	265	6.070E-69	4	1649	2464	44	113	0.791	2.272E-26	176	243	334	1830	2033	204	1824	2048
160446811	1	265	6.070E-69	4	1649	2464	45	65	0.964	8.726E-11	245	275	334	2080	2172	93	2080	2175
160446811	1	265	6.070E-69	4	1649	2464	53	57	0.757	1.590E-07	298	332	334	2360	2464	105	2345	2467
160576702	1	208	8.747E-52	3	1830	2467	44	111	0.821	1.108E-25	86	149	240	1830	2021	192	1824	2048
160576702	1	208	8.747E-52	3	1830	2467	45	57	0.853	5.111E-08	150	180	240	2080	2172	93	2080	2175
160576702	1	208	8.747E-52	3	1830	2467	53	60	0.776	1.239E-08	203	238	240	2360	2467	108	2345	2467
160599036	1	215	6.834E-54	3	1652	2172	36	46	0.597	9.381E-04	38	73	263	1652	1762	111	1649	1774
160599036	1	215	6.834E-54	3	1652	2172	44	108	0.800	1.400E-24	76	139	263	1830	2021	192	1824	2048
160599036	1	215	6.834E-54	3	1652	2172	45	61	0.903	2.901E-09	140	170	263	2080	2172	93	2080	2175
160604432	1	178	9.392E-43	3	1652	2467	36	42	0.555	1.677E-02	83	118	274	1652	1762	111	1649	1774
160604432	1	178	9.392E-43	3	1652	2467	44	121	0.874	4.015E-29	120	184	274	1827	2021	195	1824	2048
160604432	1	178	9.392E-43	3	1652	2467	53	66	0.847	1.040E-10	238	273	274	2360	2467	108	2345	2467
160693978	1	208	8.747E-52	3	1830	2464	44	112	0.831	3.119E-26	73	136	225	1830	2021	192	1824	2048
160693978	1	208	8.747E-52	3	1830	2464	45	56	0.837	1.330E-07	137	167	225	2080	2172	93	2080	2175
160693978	1	208	8.747E-52	3	1830	2464	53	60	0.800	9.007E-09	190	224	225	2360	2464	105	2345	2467
160832221	1	60	3.121E-07	1	16	312	3	60	0.348	3.331E-07	0	99	109	16	312	297	1	339
160857451	1	352	3.922E-95	5	1649	2464	36	59	0.727	3.404E-08	42	79	235	1649	1762	114	1649	1774
160857451	1	352	3.922E-95	5	1649	2464	44	119	0.867	1.039E-28	81	145	235	1827	2021	195	1824	2048
160857451	1	352	3.922E-95	5	1649	2464	45	68	1.000	6.835E-12	146	176	235	2080	2172	93	2080	2175
160857451	1	352	3.922E-95	5	1649	2464	49	36	0.708	1.768E+00	177	198	235	2234	2302	69	2219	2302
160857451	1	352	3.922E-95	5	1649	2464	53	64	0.854	2.704E-10	199	233	235	2360	2464	105	2345	2467
160884434	1	65	9.753E-09	1	94	315	3	65	0.458	4.023E-09	1	75	89	94	315	222	1	339
161071872	1	68	1.219E-09	1	343	528	9	68	0.541	1.018E-10	19	81	110	343	528	186	343	558
161072078	1	69	6.096E-10	1	352	552	9	69	0.516	3.922E-11	23	90	130	352	552	201	343	558
161072217	1	68	1.219E-09	1	343	555	9	68	0.497	5.390E-11	20	86	111	343	555	213	343	558
161072475	1	56	4.994E-06	1	343	558	9	56	0.419	1.037E-06	33	101	109	343	558	216	343	558
161072779	1	70	3.048E-10	1	343	528	9	70	0.557	1.511E-11	33	95	115	343	528	186	343	558
161073669	1	68	1.219E-09	1	355	528	9	68	0.578	1.018E-10	8	64	93	355	528	174	343	558
161073752	1	64	1.951E-08	1	343	528	9	64	0.520	1.297E-09	28	90	119	343	528	186	343	558
161073944	1	68	1.219E-09	1	343	555	9	68	0.497	5.390E-11	33	99	124	343	555	213	343	558
161170233	1	213	2.733E-53	3	1827	2464	44	111	0.815	5.879E-26	48	112	203	1827	2021	195	1824	2048
161170233	1	213	2.733E-53	3	1827	2464	45	62	0.920	1.115E-09	113	143	203	2080	2172	93	2080	2175
161170233	1	213	2.733E-53	3	1827	2464	53	60	0.795	1.239E-08	166	200	203	2360	2464	105	2345	2467
161170339	1	215	6.834E-54	3	1827	2464	44	111	0.815	5.879E-26	48	112	203	1827	2021	195	1824	2048
161170339	1	215	6.834E-54	3	1827	2464	45	64	0.947	2.268E-10	113	143	203	2080	2172	93	2080	2175
161170339	1	215	6.834E-54	3	1827	2464	53	60	0.795	1.239E-08	166	200	203	2360	2464	105	2345	2467
161214909	1	116	4.331E-24	2	1	528	3	97	0.479	4.225E-20	71	177	315	1	315	315	1	339
161214909	1	116	4.331E-24	2	1	528	9	66	0.551	3.633E-10	226	285	315	352	528	177	343	558
170678794	1	265	6.070E-69	4	1652	2467	36	47	0.610	3.591E-04	141	176	331	1652	1762	111	1649	1774
170678794	1	265	6.070E-69	4	1652	2467	44	113	0.845	2.272E-26	179	241	331	1833	2021	189	1824	2048
170678794	1	265	6.070E-69	4	1652	2467	45	64	0.947	2.268E-10	242	272	331	2080	2172	93	2080	2175
170678794	1	265	6.070E-69	4	1652	2467	53	61	0.785	6.548E-09	295	330	331	2360	2467	108	2345	2467
174724159	1	200	2.239E-49	3	1830	2464	44	109	0.813	2.869E-25	72	135	224	1830	2021	192	1824	2048
174724159	1	200	2.239E-49	3	1830	2464	45	55	0.815	4.767E-07	136	166	224	2080	2172	93	2080	2175
174724159	1	200	2.239E-49	3	1830	2464	53	56	0.752	2.187E-07	189	223	224	2360	2464	105	2345	2467
174811837	1	165	7.694E-39	2	1649	2021	36	51	0.637	2.019E-05	2	38	112	1649	1762	114	1649	1774
174811837	1	165	7.694E-39	2	1649	2021	44	113	0.828	1.205E-26	39	103	112	1827	2021	195	1824	2048
174832030	1	109	5.544E-22	1	1830	2021	44	109	0.813	2.869E-25	41	104	113	1830	2021	192	1824	2048
174839058	1	154	1.576E-35	2	1649	2021	36	42	0.539	2.311E-02	2	38	113	1649	1762	114	1649	1774
174839058	1	154	1.576E-35	2	1649	2021	44	111	0.812	8.072E-26	40	104	113	1827	2021	195	1824	2048
175106305	1	177	1.878E-42	3	1830	2458	44	118	0.868	3.690E-28	73	136	225	1830	2021	192	1824	2048
175106305	1	177	1.878E-42	3	1830	2458	49	32	0.641	3.195E+01	168	189	225	2234	2302	69	2219	2302
175106305	1	177	1.878E-42	3	1830	2458	53	56	0.792	2.187E-07	190	222	225	2360	2458	99	2345	2467
175251528	1	108	1.109E-21	1	1830	2021	44	108	0.802	1.019E-24	42	105	114	1830	2021	192	1824	2048
175270666	1	213	2.733E-53	3	1652	2172	36	43	0.564	8.832E-03	31	67	230	1652	1762	111	1649	1774
175270666	1	213	2.733E-53	3	1652	2172	44	110	0.807	1.522E-25	68	132	230	1827	2021	195	1824	2048
175270666	1	213	2.733E-53	3	1652	2172	45	58	0.864	2.701E-08	133	163	230	2080	2172	93	2080	2175
175278865	1	121	1.354E-25	1	1231	1506	32	121	0.616	5.894E-28	9	106	111	1231	1506	276	1204	1602
175374323	1	96	4.542E-18	2	67	528	3	77	0.474	4.238E-13	0	84	275	67	315	249	1	339
175374323	1	96	4.542E-18	2	67	528	9	66	0.551	3.633E-10	133	192	275	352	528	177	343	558
175374513	1	55	9.988E-06	1	352	555	9	55	0.432	1.961E-06	33	94	120	352	555	204	343	558
175409975	1	126	4.230E-27	2	1	531	3	97	0.481	3.080E-20	5	111	248	1	315	315	1	339
175409975	1	126	4.230E-27	2	1	531	9	73	0.568	1.632E-12	157	220	248	343	531	189	343	558
175472472	1	79	5.953E-13	1	16	303	3	79	0.441	8.730E-14	0	94	140	16	303	288	1	339
175612104	1	63	3.901E-08	1	355	528	9	63	0.533	6.365E-09	24	82	111	355	528	174	343	558
175614827	1	67	2.438E-09	1	358	552	9	67	0.487	1.923E-10	45	115	124	358	552	195	343	558
175615248	1	72	7.620E-11	1	343	528	9	72	0.573	2.243E-12	16	78	107	343	528	186	343	558
175632550	1	68	1.219E-09	1	133	315	3	68	0.553	3.220E-10	2	63	77	133	315	183	1	339
176102576	1	73	3.810E-11	1	1288	1494	32	73	0.529	2.164E-11	48	117	120	1288	1494	207	1204	1602
183124229	1	275	5.927E-72	4	1649	2302	36	46	0.588	6.811E-04	74	110	239	1649	1762	114	1649	1774
183124229	1	275	5.927E-72	4	1649	2302	44	123	0.905	4.369E-30	113	176	239	1830	2021	192	1824	2048
183124229	1	275	5.927E-72	4	1649	2302	45	66	0.975	4.616E-11	177	207	239	2080	2172	93	2080	2175
183124229	1	275	5.927E-72	4	1649	2302	49	38	0.746	3.551E-01	208	229	239	2234	2302	69	2219	2302
184926251	1	319	3.369E-85	4	1270	2467	32	143	0.676	1.234E-35	34	130	323	1270	1581	312	1204	1602
184926251	1	319	3.369E-85	4	1270	2467	36	54	0.678	1.139E-06	131	168	323	1649	1762	114	1649	1774
184926251	1	319	3.369E-85	4	1270	2467	44	113	0.834	2.272E-26	170	233	323	1830	2021	192	1824	2048
184926251	1	319	3.369E-85	4	1270	2467	53	58	0.757	4.437E-08	287	322	323	2360	2467	108	2345	2467
185365253	1	52	7.990E-05	1	46	315	3	52	0.336	1.324E-04	9	99	110	46	315	270	1	339
189270224	1	208	8.747E-52	3	1830	2464	44	108	0.802	1.019E-24	74	137	227	1830	2021	192	1824	2048
189270224	1	208	8.747E-52	3	1830	2464	45	57	0.853	5.111E-08	138	168	227	2080	2172	93	2080	2175
189270224	1	208	8.747E-52	3	1830	2464	53	63	0.839	7.033E-10	191	225	227	2360	2464	105	2345	2467
189307308	1	208	8.747E-52	3	1830	2464	44	107	0.797	1.922E-24	87	150	239	1830	2021	192	1824	2048
189307308	1	208	8.747E-52	3	1830	2464	45	61	0.924	3.989E-09	153	182	239	2086	2175	90	2080	2175
189307308	1	208	8.747E-52	3	1830	2464	53	61	0.805	6.548E-09	204	238	239	2360	2464	105	2345	2467
189519535	1	162	6.155E-38	3	1649	2464	36	39	0.493	3.012E-01	34	72	228	1649	1762	114	1649	1774
189519535	1	162	6.155E-38	3	1649	2464	44	119	0.888	1.426E-28	74	136	228	1830	2018	189	1824	2048
189519535	1	162	6.155E-38	3	1649	2464	53	56	0.752	2.187E-07	191	225	228	2360	2464	105	2345	2467
189605326	1	213	2.733E-53	3	1652	2172	36	44	0.578	3.377E-03	37	72	233	1652	1762	111	1649	1774
189605326	1	213	2.733E-53	3	1652	2172	44	108	0.805	7.425E-25	75	138	233	1830	2021	192	1824	2048
189605326	1	213	2.733E-53	3	1652	2172	45	61	0.903	2.901E-09	139	169	233	2080	2172	93	2080	2175
189908531	1	130	2.644E-28	2	1	528	3	103	0.504	2.683E-22	71	177	314	1	315	315	1	339
189908531	1	130	2.644E-28	2	1	528	9	71	0.562	8.000E-12	223	285	314	343	528	186	343	558
189916133	1	92	7.267E-17	2	67	528	3	72	0.451	1.877E-11	0	84	194	67	315	249	1	339
189916133	1	92	7.267E-17	2	67	528	9	67	0.560	1.399E-10	133	192	194	352	528	177	343	558
189969399	1	59	6.242E-07	1	118	315	3	59	0.460	6.258E-07	9	75	84	118	315	198	1	339
189972821	1	109	5.544E-22	1	1204	1494	32	109	0.551	7.629E-24	2	102	161	1204	1494	291	1204	1602
190019102	1	115	8.663E-24	1	1827	2021	44	115	0.836	4.657E-27	41	105	114	1827	2021	195	1824	2048
190096110	1	132	6.609E-29	1	1240	1581	32	132	0.587	6.226E-32	17	122	141	1240	1581	342	1204	1602
190154042	1	71	1.524E-10	1	343	528	9	71	0.562	8.000E-12	3	65	94	343	528	186	343	558
190154510	1	70	3.048E-10	1	343	528	9	70	0.560	1.099E-11	33	95	124	343	528	186	343	558
190154797	1	54	1.998E-05	1	343	471	9	54	0.606	7.012E-06	20	62	66	343	471	129	343	558
190154962	1	67	2.438E-09	1	343	528	9	67	0.536	1.923E-10	16	78	107	343	528	186	343	558
190155220	1	67	2.438E-09	1	352	528	9	67	0.560	1.399E-10	27	86	113	352	528	177	343	558
190195362	1	109	5.544E-22	2	7	528	3	81	0.424	9.556E-15	73	177	298	7	315	309	1	339
190195362	1	109	5.544E-22	2	7	528	9	72	0.570	3.082E-12	223	285	298	343	528	186	343	558
202802534	1	179	4.696E-43	3	1652	2467	36	49	0.629	9.988E-05	36	71	228	1652	1762	111	1649	1774
202802534	1	179	4.696E-43	3	1652	2467	44	116	0.857	1.311E-27	75	138	228	1830	2021	192	1824	2048
202802534	1	179	4.696E-43	3	1652	2467	53	68	0.871	2.115E-11	192	227	228	2360	2467	108	2345	2467
203841262	1	206	3.499E-51	3	1827	2467	44	109	0.797	5.408E-25	80	144	235	1827	2021	195	1824	2048
203841262	1	206	3.499E-51	3	1827	2467	45	58	0.859	3.715E-08	145	175	235	2080	2172	93	2080	2175
203841262	1	206	3.499E-51	3	1827	2467	53	59	0.771	1.704E-08	198	233	235	2360	2467	108	2345	2467
203866226	1	261	9.711E-68	4	1652	2467	36	46	0.592	1.292E-03	36	71	227	1652	1762	111	1649	1774
203866226	1	261	9.711E-68	4	1652	2467	44	114	0.844	6.393E-27	74	137	227	1830	2021	192	1824	2048
203866226	1	261	9.711E-68	4	1652	2467	45	62	0.920	1.115E-09	138	168	227	2080	2172	93	2080	2175
203866226	1	261	9.711E-68	4	1652	2467	53	59	0.767	2.345E-08	191	226	227	2360	2467	108	2345	2467
203966184	1	249	3.978E-64	4	1652	2464	36	45	0.587	1.780E-03	35	70	232	1652	1762	111	1649	1774
203966184	1	249	3.978E-64	4	1652	2464	44	110	0.818	1.522E-25	74	137	232	1830	2021	192	1824	2048
203966184	1	249	3.978E-64	4	1652	2464	45	58	0.864	2.701E-08	138	168	232	2080	2172	93	2080	2175
203966184	1	249	3.978E-64	4	1652	2464	53	57	0.757	1.590E-07	191	225	232	2360	2464	105	2345	2467
204131413	1	165	7.694E-39	3	1649	2464	36	46	0.579	1.292E-03	35	71	234	1649	1762	114	1649	1774
204131413	1	165	7.694E-39	3	1649	2464	44	109	0.776	5.408E-25	72	138	234	1827	2027	201	1824	2048
204131413	1	165	7.694E-39	3	1649	2464	53	59	0.781	3.225E-08	190	224	234	2360	2464	105	2345	2467
204154750	1	215	6.834E-54	3	1830	2467	44	114	0.844	6.393E-27	74	137	227	1830	2021	192	1824	2048
204154750	1	215	6.834E-54	3	1830	2467	45	60	0.886	7.546E-09	138	168	227	2080	2172	93	2080	2175
204154750	1	215	6.834E-54	3	1830	2467	53	61	0.790	4.761E-09	191	226	227	2360	2467	108	2345	2467
204321651	1	262	4.856E-68	4	1652	2467	36	49	0.638	5.269E-05	132	167	324	1652	1762	111	1649	1774
204321651	1	262	4.856E-68	4	1652	2467	44	109	0.797	5.408E-25	168	232	324	1827	2021	195	1824	2048
204321651	1	262	4.856E-68	4	1652	2467	45	63	0.925	8.110E-10	235	265	324	2080	2172	93	2080	2175
204321651	1	262	4.856E-68	4	1652	2467	53	61	0.790	4.761E-09	288	323	324	2360	2467	108	2345	2467
204336144	1	212	5.467E-53	3	1827	2464	44	112	0.820	3.119E-26	75	139	229	1827	2021	195	1824	2048
204336144	1	212	5.467E-53	3	1827	2464	45	62	0.914	1.534E-09	140	170	229	2080	2172	93	2080	2175
204336144	1	212	5.467E-53	3	1827	2464	53	58	0.776	4.437E-08	193	227	229	2360	2464	105	2345	2467
204450883	1	66	4.877E-09	1	343	528	9	66	0.530	3.633E-10	20	82	111	343	528	186	343	558
204457180	1	105	8.871E-21	2	1	528	3	94	0.470	2.817E-19	5	111	249	1	315	315	1	339
204457180	1	105	8.871E-21	2	1	528	9	58	0.495	2.110E-07	160	219	249	352	528	177	343	558
204492615	1	67	2.438E-09	1	343	531	9	67	0.529	1.923E-10	9	72	105	343	531	189	343	558
204660705	1	111	1.386E-22	1	1830	2027	44	111	0.799	1.108E-25	42	107	114	1830	2027	198	1824	2048
204695409	1	71	1.524E-10	1	343	549	9	71	0.523	8.000E-12	15	81	125	343	549	207	343	558
204696724	1	66	4.877E-09	1	343	528	9	66	0.533	2.643E-10	33	95	124	343	528	186	343	558
204697135	1	72	7.620E-11	1	343	528	9	72	0.570	3.082E-12	21	83	121	343	528	186	343	558
204697649	1	49	6.392E-04	1	343	528	9	49	0.420	3.212E-04	20	81	110	343	528	186	343	558
204754625	1	62	7.803E-08	1	16	315	3	62	0.354	6.883E-08	0	100	109	16	315	300	1	339
204761062	1	123	3.384E-26	1	1267	1500	32	123	0.759	8.869E-29	9	86	98	1267	1500	234	1204	1602
204840088	1	87	2.325E-15	1	1	315	3	87	0.443	1.144E-16	5	110	150	1	315	315	1	339
210419226	1	122	6.768E-26	2	61	450	3	85	0.519	7.623E-16	0	83	135	61	312	252	1	339
210419226	1	122	6.768E-26	2	61	450	9	50	0.662	1.234E-04	98	133	135	343	450	108	343	558
218331057	1	218	8.542E-55	3	1827	2467	44	116	0.843	1.800E-27	72	136	226	1827	2021	195	1824	2048
218331057	1	218	8.542E-55	3	1827	2467	45	57	0.848	7.030E-08	137	167	226	2080	2172	93	2080	2175
218331057	1	218	8.542E-55	3	1827	2467	53	65	0.842	1.430E-10	190	225	226	2360	2467	108	2345	2467
218383584	1	212	5.467E-53	3	1830	2464	44	111	0.826	5.879E-26	75	138	228	1830	2021	192	1824	2048
218383584	1	212	5.467E-53	3	1830	2464	45	58	0.864	2.701E-08	139	169	228	2080	2172	93	2080	2175
218383584	1	212	5.467E-53	3	1830	2464	53	63	0.830	1.330E-09	192	226	228	2360	2464	105	2345	2467
218760896	1	202	5.598E-50	3	1827	2464	44	108	0.794	7.425E-25	76	140	231	1827	2021	195	1824	2048
218760896	1	202	5.598E-50	3	1827	2464	45	57	0.848	7.030E-08	141	171	231	2080	2172	93	2080	2175
218760896	1	202	5.598E-50	3	1827	2464	53	57	0.757	1.590E-07	194	228	231	2360	2464	105	2345	2467
218818332	1	267	1.517E-69	4	1652	2467	36	51	0.652	2.019E-05	144	180	338	1652	1762	111	1649	1774
218818332	1	267	1.517E-69	4	1652	2467	44	110	0.786	1.522E-25	182	248	338	1830	2030	201	1824	2048
218818332	1	267	1.517E-69	4	1652	2467	45	62	0.977	1.115E-09	251	279	338	2086	2172	87	2080	2175
218818332	1	267	1.517E-69	4	1652	2467	53	64	0.833	2.704E-10	302	337	338	2360	2467	108	2345	2467
218852919	1	156	3.939E-36	2	1652	2021	36	46	0.601	6.811E-04	3	38	113	1652	1762	111	1649	1774
218852919	1	156	3.939E-36	2	1652	2021	44	111	0.823	8.072E-26	41	104	113	1830	2021	192	1824	2048
218894779	1	217	1.708E-54	3	1827	2464	44	110	0.804	2.089E-25	68	132	228	1827	2021	195	1824	2048
218894779	1	217	1.708E-54	3	1827	2464	45	63	0.936	4.289E-10	133	163	228	2080	2172	93	2080	2175
218894779	1	217	1.708E-54	3	1827	2464	53	64	0.854	2.704E-10	186	220	228	2360	2464	105	2345	2467
218999353	1	58	1.248E-06	1	16	315	3	58	0.341	1.175E-06	0	96	158	16	315	300	1	339
219034638	1	61	1.561E-07	1	343	531	9	61	0.498	1.653E-08	20	82	110	343	531	189	343	558
219034874	1	125	8.460E-27	2	1	531	3	96	0.476	7.952E-20	5	111	248	1	315	315	1	339
219034874	1	125	8.460E-27	2	1	531	9	73	0.568	1.632E-12	157	220	248	343	531	189	343	558
219051387	1	62	7.803E-08	1	94	315	3	62	0.440	5.021E-08	1	75	126	94	315	222	1	339
219052631	1	68	1.219E-09	1	94	315	3	68	0.474	4.415E-10	1	75	130	94	315	222	1	339
219096166	1	66	4.877E-09	1	16	246	3	66	0.447	2.934E-09	0	77	125	16	246	231	1	339
219096963	1	72	7.620E-11	1	85	315	3	72	0.484	1.369E-11	0	77	112	85	315	231	1	339
219237539	1	56	4.994E-06	1	343	543	9	56	0.440	1.426E-06	15	73	93	343	543	201	343	558
219238572	1	68	1.219E-09	1	343	528	9	68	0.533	5.390E-11	19	83	112	343	528	186	343	558
219263102	1	115	8.663E-24	2	7	528	3	86	0.442	2.953E-16	7	111	241	7	315	309	1	339
219263102	1	115	8.663E-24	2	7	528	9	66	0.533	2.643E-10	150	212	241	343	528	186	343	558
230312778	1	271	9.484E-71	4	1652	2464	36	50	0.647	2.780E-05	139	174	330	1652	1762	111	1649	1774
230312778	1	271	9.484E-71	4	1652	2464	44	109	0.836	2.869E-25	177	238	330	1833	2018	186	1824	2048
230312778	1	271	9.484E-71	4	1652	2464	45	68	0.997	1.292E-11	240	270	330	2080	2172	93	2080	2175
230312778	1	271	9.484E-71	4	1652	2464	53	64	0.844	5.114E-10	293	327	330	2360	2464	105	2345	2467
232881884	1	164	1.539E-38	3	1649	2467	36	41	0.525	6.049E-02	32	69	222	1649	1762	114	1649	1774
232881884	1	164	1.539E-38	3	1649	2467	44	106	0.792	3.624E-24	71	134	222	1830	2021	192	1824	2048
232881884	1	164	1.539E-38	3	1649	2467	53	66	0.852	7.562E-11	186	221	222	2360	2467	108	2345	2467
233012194	1	164	1.539E-38	3	1649	2302	36	51	0.646	1.066E-05	35	71	236	1649	1762	114	1649	1774
233012194	1	164	1.539E-38	3	1649	2302	44	109	0.808	5.408E-25	73	136	236	1830	2021	192	1824	2048
233012194	1	164	1.539E-38	3	1649	2302	49	32	0.633	4.409E+01	167	189	236	2237	2302	66	2219	2302
233033128	1	166	3.847E-39	3	1649	2464	36	48	0.610	1.375E-04	35	71	231	1649	1762	114	1649	1774
233033128	1	166	3.847E-39	3	1649	2464	44	108	0.811	1.400E-24	73	135	231	1830	2018	189	1824	2048
233033128	1	166	3.847E-39	3	1649	2464	53	59	0.786	2.345E-08	187	221	231	2360	2464	105	2345	2467
233056801	1	201	1.120E-49	3	1830	2467	44	106	0.792	3.624E-24	82	145	235	1830	2021	192	1824	2048
233056801	1	201	1.120E-49	3	1830	2467	45	55	0.826	2.518E-07	146	176	235	2080	2172	93	2080	2175
233056801	1	201	1.120E-49	3	1830	2467	53	60	0.781	9.007E-09	199	234	235	2360	2467	108	2345	2467
233120043	1	203	2.799E-50	3	1830	2467	44	108	0.805	7.425E-25	82	145	235	1830	2021	192	1824	2048
233120043	1	203	2.799E-50	3	1830	2467	45	55	0.826	2.518E-07	146	176	235	2080	2172	93	2080	2175
233120043	1	203	2.799E-50	3	1830	2467	53	60	0.781	9.007E-09	199	234	235	2360	2467	108	2345	2467
233193979	1	163	3.078E-38	2	1649	2021	36	57	0.704	1.678E-07	2	38	112	1649	1762	114	1649	1774
233193979	1	163	3.078E-38	2	1649	2021	44	105	0.781	1.288E-23	40	103	112	1830	2021	192	1824	2048
233334472	1	205	6.998E-51	3	1652	2172	36	41	0.541	4.389E-02	34	69	228	1652	1762	111	1649	1774
233334472	1	205	6.998E-51	3	1652	2172	44	106	0.787	6.832E-24	73	136	228	1830	2021	192	1824	2048
233334472	1	205	6.998E-51	3	1652	2172	45	59	0.870	1.964E-08	137	167	228	2080	2172	93	2080	2175
233352424	1	267	1.517E-69	4	1652	2467	36	52	0.670	5.625E-06	125	161	319	1652	1762	111	1649	1774
233352424	1	267	1.517E-69	4	1652	2467	44	110	0.784	2.089E-25	163	229	319	1830	2030	201	1824	2048
233352424	1	267	1.517E-69	4	1652	2467	45	61	0.965	2.109E-09	232	260	319	2086	2172	87	2080	2175
233352424	1	267	1.517E-69	4	1652	2467	53	64	0.833	2.704E-10	283	318	319	2360	2467	108	2345	2467
233408329	1	211	1.093E-52	3	1827	2464	44	115	0.836	4.657E-27	76	140	232	1827	2021	195	1824	2048
233408329	1	211	1.093E-52	3	1827	2464	45	60	0.886	7.546E-09	141	171	232	2080	2172	93	2080	2175
233408329	1	211	1.093E-52	3	1827	2464	53	56	0.752	2.187E-07	194	228	232	2360	2464	105	2345	2467
233452466	1	126	4.230E-27	2	1	531	3	97	0.481	3.080E-20	5	111	248	1	315	315	1	339
233452466	1	126	4.230E-27	2	1	531	9	73	0.568	1.632E-12	157	220	248	343	531	189	343	558
233522833	1	121	1.354E-25	2	1	531	3	104	0.505	1.956E-22	5	111	248	1	315	315	1	339
233522833	1	121	1.354E-25	2	1	531	9	65	0.543	9.435E-10	161	220	248	355	531	177	343	558
233540311	1	105	8.871E-21	2	352	611	9	66	0.554	2.643E-10	47	106	136	352	528	177	343	558
233540311	1	105	8.871E-21	2	352	611	10	40	0.703	9.042E-02	109	134	136	534	611	78	516	611
233540651	1	50	3.196E-04	1	352	507	9	50	0.483	1.234E-04	33	85	102	352	507	156	343	558
233594404	1	61	1.561E-07	1	94	315	3	61	0.431	1.773E-07	1	75	101	94	315	222	1	339
233638001	1	69	6.096E-10	1	343	552	9	69	0.474	3.922E-11	16	91	113	343	552	210	343	558
233778306	1	63	3.901E-08	1	109	315	3	63	0.466	3.663E-08	0	69	131	109	315	207	1	339
233778547	1	67	2.438E-09	1	355	552	9	67	0.484	1.399E-10	20	91	95	355	552	198	343	558
233779749	1	66	4.877E-09	1	343	528	9	66	0.533	2.643E-10	19	81	120	343	528	186	343	558
233781471	1	68	1.219E-09	1	343	528	9	68	0.541	1.018E-10	16	78	111	343	528	186	343	558
233781879	1	67	2.438E-09	1	343	528	9	67	0.538	1.399E-10	33	95	123	343	528	186	343	558
233827556	1	66	4.877E-09	1	67	315	3	66	0.427	1.561E-09	0	83	123	67	315	249	1	339
233827686	1	70	3.048E-10	2	187	492	3	50	0.571	6.378E-04	49	91	185	187	315	129	1	339
233827686	1	70	3.048E-10	2	187	492	9	59	0.574	8.120E-08	132	182	185	343	492	150	343	558
233829000	1	82	7.441E-14	1	61	315	3	82	0.493	5.079E-15	0	86	129	61	315	255	1	339
233847187	1	121	1.354E-25	1	1267	1500	32	121	0.746	5.894E-28	9	86	136	1267	1500	234	1204	1602
233878324	1	212	5.467E-53	3	1827	2464	44	108	0.794	7.425E-25	48	112	203	1827	2021	195	1824	2048
233878324	1	212	5.467E-53	3	1827	2464	45	64	0.947	2.268E-10	113	143	203	2080	2172	93	2080	2175
233878324	1	212	5.467E-53	3	1827	2464	53	60	0.795	1.239E-08	166	200	203	2360	2464	105	2345	2467
247683266	1	205	6.998E-51	3	1649	2172	36	40	0.512	1.585E-01	33	70	245	1649	1762	114	1649	1774
247683266	1	205	6.998E-51	3	1649	2172	44	109	0.799	3.939E-25	72	136	245	1827	2021	195	1824	2048
247683266	1	205	6.998E-51	3	1649	2172	45	54	0.809	6.558E-07	137	167	245	2080	2172	93	2080	2175
247684532	1	252	4.972E-65	4	1652	2464	36	41	0.537	6.049E-02	36	71	227	1652	1762	111	1649	1774
247684532	1	252	4.972E-65	4	1652	2464	44	106	0.787	6.832E-24	74	137	227	1830	2021	192	1824	2048
247684532	1	252	4.972E-65	4	1652	2464	45	58	0.859	3.715E-08	138	168	227	2080	2172	93	2080	2175
247684532	1	252	4.972E-65	4	1652	2464	53	67	0.883	3.999E-11	191	225	227	2360	2464	105	2345	2467
247830756	1	109	5.544E-22	1	1830	2021	44	109	0.808	5.408E-25	45	108	117	1830	2021	192	1824	2048
248044101	1	92	7.267E-17	2	112	528	3	70	0.515	1.249E-10	9	77	198	112	315	204	1	339
248044101	1	92	7.267E-17	2	112	528	9	66	0.533	2.643E-10	123	185	198	343	528	186	343	558
248081495	1	61	1.561E-07	1	16	315	3	61	0.350	1.293E-07	0	100	138	16	315	300	1	339
248133609	1	60	3.121E-07	1	112	315	3	60	0.457	2.430E-07	7	75	106	112	315	204	1	339
248133671	1	71	1.524E-10	1	94	315	3	71	0.490	4.842E-11	1	75	110	94	315	222	1	339
248320128	1	71	1.524E-10	1	343	528	9	71	0.565	5.821E-12	16	78	107	343	528	186	343	558
248321427	1	70	3.048E-10	1	343	528	9	70	0.557	1.511E-11	20	82	112	343	528	186	343	558
248322265	1	87	2.325E-15	2	82	531	3	63	0.428	2.672E-08	0	78	215	82	315	234	1	339
248322265	1	87	2.325E-15	2	82	531	9	68	0.539	5.390E-11	124	187	215	343	531	189	343	558
248428067	1	69	6.096E-10	1	352	528	9	69	0.566	2.854E-11	25	85	111	352	528	177	343	558
254900121	1	207	1.749E-51	3	1827	2464	44	111	0.815	5.879E-26	72	136	225	1827	2021	195	1824	2048
254900121	1	207	1.749E-51	3	1827	2464	45	57	0.848	7.030E-08	137	167	225	2080	2172	93	2080	2175
254900121	1	207	1.749E-51	3	1827	2464	53	59	0.781	3.225E-08	190	224	225	2360	2464	105	2345	2467
256598776	1	268	7.587E-70	4	1652	2467	36	48	0.615	2.608E-04	36	71	228	1652	1762	111	1649	1774
256598776	1	268	7.587E-70	4	1652	2467	44	118	0.868	3.690E-28	75	138	228	1830	2021	192	1824	2048
256598776	1	268	7.587E-70	4	1652	2467	45	55	0.820	3.464E-07	139	169	228	2080	2172	93	2080	2175
256598776	1	268	7.587E-70	4	1652	2467	53	68	0.871	2.115E-11	192	227	228	2360	2467	108	2345	2467
262032743	1	162	6.155E-38	3	1649	2464	36	40	0.501	1.585E-01	34	72	228	1649	1762	114	1649	1774
262032743	1	162	6.155E-38	3	1649	2464	44	118	0.880	3.690E-28	74	136	228	1830	2018	189	1824	2048
262032743	1	162	6.155E-38	3	1649	2464	53	56	0.752	2.187E-07	191	225	228	2360	2464	105	2345	2467
262162537	1	203	2.799E-50	3	1830	2467	44	108	0.805	7.425E-25	82	145	235	1830	2021	192	1824	2048
262162537	1	203	2.799E-50	3	1830	2467	45	55	0.826	2.518E-07	146	176	235	2080	2172	93	2080	2175
262162537	1	203	2.799E-50	3	1830	2467	53	60	0.781	9.007E-09	199	234	235	2360	2467	108	2345	2467
262208791	1	110	2.772E-22	1	1827	2021	44	110	0.804	2.089E-25	40	104	113	1827	2021	195	1824	2048
262281244	1	217	1.708E-54	3	1652	2172	36	44	0.578	3.377E-03	37	72	233	1652	1762	111	1649	1774
262281244	1	217	1.708E-54	3	1652	2172	44	114	0.833	6.393E-27	74	138	233	1827	2021	195	1824	2048
262281244	1	217	1.708E-54	3	1652	2172	45	57	0.853	5.111E-08	139	169	233	2080	2172	93	2080	2175
262518845	1	243	2.546E-62	4	1652	2302	36	41	0.537	6.049E-02	31	67	241	1652	1762	111	1649	1774
262518845	1	243	2.546E-62	4	1652	2302	44	109	0.802	2.869E-25	68	132	241	1827	2021	195	1824	2048
262518845	1	243	2.546E-62	4	1652	2302	45	57	0.853	5.111E-08	133	163	241	2080	2172	93	2080	2175
262518845	1	243	2.546E-62	4	1652	2302	49	32	0.658	4.409E+01	165	186	241	2237	2302	66	2219	2302
262571129	1	178	9.392E-43	2	1204	1762	32	129	0.531	7.784E-31	2	125	320	1204	1581	378	1204	1602
262571129	1	178	9.392E-43	2	1204	1762	36	48	0.593	1.894E-04	126	164	320	1649	1762	114	1649	1774
262624423	1	96	4.542E-18	2	67	528	3	77	0.474	4.238E-13	0	84	221	67	315	249	1	339
262624423	1	96	4.542E-18	2	67	528	9	66	0.551	3.633E-10	133	192	221	352	528	177	343	558
262677085	1	54	1.998E-05	1	94	315	3	54	0.397	3.759E-05	1	71	90	94	315	222	1	339
262677191	1	63	3.901E-08	1	94	315	3	63	0.445	2.672E-08	1	75	137	94	315	222	1	339
262677248	1	80	2.977E-13	2	343	593	9	56	0.508	1.037E-06	20	75	114	343	507	165	343	558
262677248	1	80	2.977E-13	2	343	593	10	31	0.650	7.754E+01	84	105	114	528	593	66	516	611
262722883	1	60	3.121E-07	1	61	246	3	60	0.490	2.430E-07	0	62	96	61	246	186	1	339
262861937	1	67	2.438E-09	1	343	528	9	67	0.538	1.399E-10	20	82	95	343	528	186	343	558
262862123	1	68	1.219E-09	1	343	528	9	68	0.544	7.408E-11	33	95	121	343	528	186	343	558
262863530	1	61	1.561E-07	1	343	507	9	61	0.547	1.653E-08	20	75	108	343	507	165	343	558
262864521	1	67	2.438E-09	1	355	528	9	67	0.557	1.923E-10	20	79	82	355	528	174	343	558
262864669	1	70	3.048E-10	1	346	528	9	70	0.564	1.511E-11	21	82	104	346	528	183	343	558
262864851	1	70	3.048E-10	1	343	528	9	70	0.560	1.099E-11	29	91	120	343	528	186	343	558
263006505	1	97	2.271E-18	1	1	315	3	97	0.481	3.080E-20	5	111	149	1	315	315	1	339
270371824	1	206	3.499E-51	3	1830	2464	44	108	0.805	7.425E-25	75	138	228	1830	2021	192	1824	2048
270371824	1	206	3.499E-51	3	1830	2464	45	59	0.881	1.038E-08	139	169	228	2080	2172	93	2080	2175
270371824	1	206	3.499E-51	3	1830	2464	53	59	0.781	3.225E-08	192	226	228	2360	2464	105	2345	2467
273894265	1	61	1.561E-07	1	1	315	3	61	0.338	1.773E-07	32	137	185	1	315	315	1	339
275892364	1	206	3.499E-51	3	1827	2464	44	117	0.848	9.547E-28	75	139	229	1827	2021	195	1824	2048
275892364	1	206	3.499E-51	3	1827	2464	45	54	0.809	6.558E-07	140	170	229	2080	2172	93	2080	2175
275892364	1	206	3.499E-51	3	1827	2464	53	55	0.737	5.699E-07	193	227	229	2360	2464	105	2345	2467
276551495	1	206	3.499E-51	3	1830	2464	44	111	0.799	1.108E-25	78	143	229	1830	2027	198	1824	2048
276551495	1	206	3.499E-51	3	1830	2464	45	60	0.913	7.546E-09	143	172	229	2083	2172	90	2080	2175
276551495	1	206	3.499E-51	3	1830	2464	53	55	0.737	5.699E-07	194	228	229	2360	2464	105	2345	2467
276733588	1	173	3.006E-41	3	1830	2467	44	109	0.810	3.939E-25	75	138	238	1830	2021	192	1824	2048
276733588	1	173	3.006E-41	3	1830	2467	49	34	0.678	6.393E+00	170	191	238	2234	2302	69	2219	2302
276733588	1	173	3.006E-41	3	1830	2467	53	59	0.771	1.704E-08	192	227	238	2360	2467	108	2345	2467
276803390	1	164	1.539E-38	3	1649	2464	36	48	0.610	1.375E-04	36	72	232	1649	1762	114	1649	1774
276803390	1	164	1.539E-38	3	1649	2464	44	108	0.802	1.019E-24	73	136	232	1827	2018	192	1824	2048
276803390	1	164	1.539E-38	3	1649	2464	53	57	0.761	1.155E-07	188	222	232	2360	2464	105	2345	2467
276824222	1	200	2.239E-49	3	1830	2464	44	109	0.821	3.939E-25	60	122	216	1830	2018	189	1824	2048
276824222	1	200	2.239E-49	3	1830	2464	45	57	0.867	9.671E-08	125	154	216	2083	2172	90	2080	2175
276824222	1	200	2.239E-49	3	1830	2464	53	56	0.752	2.187E-07	177	211	216	2360	2464	105	2345	2467
276851491	1	163	3.078E-38	3	1649	2464	36	46	0.588	6.811E-04	36	72	232	1649	1762	114	1649	1774
276851491	1	163	3.078E-38	3	1649	2464	44	108	0.811	1.400E-24	74	136	232	1830	2018	189	1824	2048
276851491	1	163	3.078E-38	3	1649	2464	53	58	0.771	6.104E-08	188	222	232	2360	2464	105	2345	2467
277165003	1	66	4.877E-09	1	118	315	3	66	0.508	1.561E-09	37	103	109	118	315	198	1	339
277224137	1	112	6.930E-23	1	1285	1527	32	112	0.677	6.111E-25	1	81	140	1285	1527	243	1204	1602
277233194	1	60	3.121E-07	1	352	528	9	60	0.507	5.906E-08	23	82	111	352	528	177	343	558
277262801	1	68	1.219E-09	1	1	315	3	68	0.369	3.220E-10	1	106	115	1	315	315	1	339
277403719	1	68	1.219E-09	1	352	528	9	68	0.565	7.408E-11	23	82	112	352	528	177	343	558
277404266	1	66	4.877E-09	1	343	528	9	66	0.528	4.994E-10	33	95	124	343	528	186	343	558
277406334	1	70	3.048E-10	1	352	555	9	70	0.524	1.511E-11	23	86	108	352	555	204	343	558
277406413	1	86	4.651E-15	1	7	309	3	86	0.450	2.153E-16	73	175	179	7	309	303	1	339
277406481	1	51	1.598E-04	1	346	465	9	51	0.619	4.744E-05	37	76	78	346	465	120	343	558
277406617	1	49	6.392E-04	1	343	459	9	49	0.602	4.419E-04	33	71	78	343	459	117	343	558
277412077	1	89	5.813E-16	1	1276	1497	32	89	0.576	3.922E-17	34	111	115	1276	1497	222	1204	1602
287183328	1	77	2.381E-12	2	352	599	9	51	0.497	6.525E-05	23	74	108	352	507	156	343	558
287183328	1	77	2.381E-12	2	352	599	10	32	0.641	4.068E+01	82	104	108	531	599	69	516	611
291062511	1	158	9.848E-37	3	1649	2464	36	43	0.552	8.832E-03	33	69	223	1649	1762	114	1649	1774
291062511	1	158	9.848E-37	3	1649	2464	44	105	0.784	9.381E-24	70	133	223	1827	2018	192	1824	2048
291062511	1	158	9.848E-37	3	1649	2464	53	60	0.800	9.007E-09	186	220	223	2360	2464	105	2345	2467
291136507	1	214	1.367E-53	3	1652	2172	36	45	0.587	1.780E-03	38	73	234	1652	1762	111	1649	1774
291136507	1	214	1.367E-53	3	1652	2172	44	107	0.794	2.639E-24	76	139	234	1830	2021	192	1824	2048
291136507	1	214	1.367E-53	3	1652	2172	45	62	0.914	1.534E-09	140	170	234	2080	2172	93	2080	2175
291180144	1	171	1.202E-40	3	1649	2467	36	51	0.642	1.467E-05	54	90	245	1649	1762	114	1649	1774
291180144	1	171	1.202E-40	3	1649	2467	44	106	0.768	4.976E-24	92	157	245	1830	2027	198	1824	2048
291180144	1	171	1.202E-40	3	1649	2467	53	63	0.819	7.033E-10	209	244	245	2360	2467	108	2345	2467
291298428	1	205	6.998E-51	3	1830	2458	44	113	0.836	1.655E-26	73	136	225	1830	2021	192	1824	2048
291298428	1	205	6.998E-51	3	1830	2458	45	55	0.826	2.518E-07	137	167	225	2080	2172	93	2080	2175
291298428	1	205	6.998E-51	3	1830	2458	53	57	0.802	1.155E-07	190	222	225	2360	2458	99	2345	2467
291321523	1	269	3.793E-70	4	1649	2467	36	52	0.655	5.625E-06	44	80	240	1649	1762	114	1649	1774
291321523	1	269	3.793E-70	4	1649	2467	44	113	0.796	1.205E-26	82	149	240	1830	2033	204	1824	2048
291321523	1	269	3.793E-70	4	1649	2467	45	64	0.947	2.268E-10	151	181	240	2080	2172	93	2080	2175
291321523	1	269	3.793E-70	4	1649	2467	53	58	0.757	4.437E-08	204	239	240	2360	2467	108	2345	2467
291332362	1	211	1.093E-52	3	1830	2464	44	110	0.818	1.522E-25	73	136	226	1830	2021	192	1824	2048
291332362	1	211	1.093E-52	3	1830	2464	45	61	0.908	2.109E-09	137	167	226	2080	2172	93	2080	2175
291332362	1	211	1.093E-52	3	1830	2464	53	60	0.795	1.239E-08	190	224	226	2360	2464	105	2345	2467
291412016	1	203	2.799E-50	3	1830	2467	44	113	0.836	1.655E-26	79	142	260	1830	2021	192	1824	2048
291412016	1	203	2.799E-50	3	1830	2467	45	55	0.820	3.464E-07	143	173	260	2080	2172	93	2080	2175
291412016	1	203	2.799E-50	3	1830	2467	53	55	0.719	5.699E-07	196	231	260	2360	2467	108	2345	2467
291601699	1	207	1.749E-51	3	1830	2464	44	108	0.805	7.425E-25	69	132	225	1830	2021	192	1824	2048
291601699	1	207	1.749E-51	3	1830	2464	45	62	0.920	1.115E-09	133	163	225	2080	2172	93	2080	2175
291601699	1	207	1.749E-51	3	1830	2464	53	57	0.766	8.399E-08	186	220	225	2360	2464	105	2345	2467
291610786	1	120	2.707E-25	1	1270	1506	32	120	0.728	8.082E-28	27	106	111	1270	1506	237	1204	1602
291759593	1	53	3.995E-05	1	94	318	3	53	0.385	7.054E-05	1	76	95	94	318	225	1	339
291798260	1	64	1.951E-08	2	1321	2172	32	106	0.610	5.066E-23	0	78	217	1321	1581	261	1204	1602
291798260	1	64	1.951E-08	2	1321	2172	45	63	0.959	5.898E-10	185	214	217	2083	2172	90	2080	2175
291946318	1	55	9.988E-06	1	343	492	9	55	0.534	3.708E-06	20	70	76	343	492	150	343	558
291946683	1	69	6.096E-10	1	343	528	9	69	0.549	3.922E-11	33	95	124	343	528	186	343	558
291946781	1	58	1.248E-06	1	343	525	9	58	0.480	2.902E-07	44	105	111	343	525	183	343	558
291946787	1	65	9.753E-09	1	343	528	9	65	0.522	9.435E-10	20	82	111	343	528	186	343	558
291946805	1	68	1.219E-09	1	343	531	9	68	0.539	5.390E-11	16	79	107	343	531	189	343	558
292089775	1	63	3.901E-08	1	355	528	9	63	0.533	6.365E-09	7	65	82	355	528	174	343	558
301576561	1	261	9.711E-68	4	1649	2464	36	50	0.628	3.827E-05	44	80	241	1649	1762	114	1649	1774
301576561	1	261	9.711E-68	4	1649	2464	44	111	0.826	5.879E-26	82	145	241	1830	2021	192	1824	2048
301576561	1	261	9.711E-68	4	1649	2464	45	60	0.886	7.546E-09	146	176	241	2080	2172	93	2080	2175
301576561	1	261	9.711E-68	4	1649	2464	53	58	0.771	6.104E-08	199	233	241	2360	2464	105	2345	2467
305658652	1	261	9.711E-68	4	1652	2464	36	45	0.587	1.780E-03	36	71	227	1652	1762	111	1649	1774
305658652	1	261	9.711E-68	4	1652	2464	44	113	0.825	1.655E-26	73	137	227	1827	2021	195	1824	2048
305658652	1	261	9.711E-68	4	1652	2464	45	63	0.925	8.110E-10	138	168	227	2080	2172	93	2080	2175
305658652	1	261	9.711E-68	4	1652	2464	53	58	0.776	4.437E-08	191	225	227	2360	2464	105	2345	2467
305871205	1	263	2.428E-68	4	1652	2467	36	42	0.551	2.311E-02	36	71	227	1652	1762	111	1649	1774
305871205	1	263	2.428E-68	4	1652	2467	44	117	0.865	5.065E-28	74	137	227	1830	2021	192	1824	2048
305871205	1	263	2.428E-68	4	1652	2467	45	59	0.881	1.038E-08	138	168	227	2080	2172	93	2080	2175
305871205	1	263	2.428E-68	4	1652	2467	53	65	0.838	1.966E-10	191	226	227	2360	2467	108	2345	2467
305951121	1	213	2.733E-53	3	1652	2172	36	44	0.569	6.410E-03	37	72	233	1652	1762	111	1649	1774
305951121	1	213	2.733E-53	3	1652	2172	44	109	0.810	3.939E-25	75	138	233	1830	2021	192	1824	2048
305951121	1	213	2.733E-53	3	1652	2172	45	60	0.892	5.487E-09	139	169	233	2080	2172	93	2080	2175
305998288	1	111	1.386E-22	1	1830	2018	44	111	0.837	5.879E-26	43	105	115	1830	2018	189	1824	2048
306048265	1	221	1.068E-55	3	1827	2467	44	119	0.864	1.426E-28	73	137	227	1827	2021	195	1824	2048
306048265	1	221	1.068E-55	3	1827	2467	45	59	0.881	1.038E-08	138	168	227	2080	2172	93	2080	2175
306048265	1	221	1.068E-55	3	1827	2467	53	63	0.819	7.033E-10	191	226	227	2360	2467	108	2345	2467
306144789	1	217	1.708E-54	3	1827	2464	44	110	0.804	2.089E-25	68	132	228	1827	2021	195	1824	2048
306144789	1	217	1.708E-54	3	1827	2464	45	63	0.936	4.289E-10	133	163	228	2080	2172	93	2080	2175
306144789	1	217	1.708E-54	3	1827	2464	53	64	0.854	2.704E-10	186	220	228	2360	2464	105	2345	2467
306194957	1	98	1.135E-18	1	1246	1506	32	98	0.572	2.783E-20	19	105	120	1246	1506	261	1204	1602
306245498	1	65	9.753E-09	1	4	303	3	65	0.367	5.516E-09	83	183	196	4	303	300	1	339
306249148	1	92	7.267E-17	1	1	315	3	92	0.459	2.576E-18	5	111	175	1	315	315	1	339
306285884	1	125	8.460E-27	2	1	528	3	97	0.481	3.080E-20	5	111	248	1	315	315	1	339
306285884	1	125	8.460E-27	2	1	528	9	72	0.568	4.236E-12	157	219	248	343	528	186	343	558
306300332	1	58	1.248E-06	1	118	312	3	58	0.460	1.175E-06	8	73	110	118	312	195	1	339
306486981	1	70	3.048E-10	1	352	552	9	70	0.524	1.511E-11	2	69	71	352	552	201	343	558
306487592	1	50	3.196E-04	1	352	459	9	50	0.658	1.698E-04	19	54	66	352	459	108	343	558
306487849	1	117	2.166E-24	2	61	528	3	91	0.533	6.650E-18	0	86	207	61	315	255	1	339
306487849	1	117	2.166E-24	2	61	528	9	70	0.557	1.511E-11	132	194	207	343	528	186	343	558
306489126	1	65	9.753E-09	1	343	528	9	65	0.525	6.864E-10	32	94	123	343	528	186	343	558
306536053	1	64	1.951E-08	1	61	315	3	64	0.406	7.563E-09	0	86	124	61	315	255	1	339
306593832	1	51	1.598E-04	1	16	213	3	51	0.412	4.657E-04	54	119	125	16	213	198	1	339
314888522	1	203	2.799E-50	3	1830	2467	44	108	0.805	7.425E-25	82	145	235	1830	2021	192	1824	2048
314888522	1	203	2.799E-50	3	1830	2467	45	55	0.826	2.518E-07	146	176	235	2080	2172	93	2080	2175
314888522	1	203	2.799E-50	3	1830	2467	53	60	0.781	9.007E-09	199	234	235	2360	2467	108	2345	2467
315911244	1	99	5.677E-19	2	2083	2464	45	58	0.884	3.715E-08	17	46	105	2083	2172	90	2080	2175
315911244	1	99	5.677E-19	2	2083	2464	53	62	0.825	1.830E-09	69	103	105	2360	2464	105	2345	2467
320118937	1	218	8.542E-55	3	1827	2467	44	116	0.843	1.800E-27	72	136	226	1827	2021	195	1824	2048
320118937	1	218	8.542E-55	3	1827	2467	45	57	0.848	7.030E-08	137	167	226	2080	2172	93	2080	2175
320118937	1	218	8.542E-55	3	1827	2467	53	65	0.842	1.430E-10	190	225	226	2360	2467	108	2345	2467
320418263	1	268	7.587E-70	4	1652	2464	36	50	0.647	2.780E-05	141	177	332	1652	1762	111	1649	1774
320418263	1	268	7.587E-70	4	1652	2464	44	108	0.800	1.400E-24	179	242	332	1830	2021	192	1824	2048
320418263	1	268	7.587E-70	4	1652	2464	45	67	0.991	1.776E-11	243	273	332	2080	2172	93	2080	2175
320418263	1	268	7.587E-70	4	1652	2464	53	61	0.815	3.461E-09	296	330	332	2360	2464	105	2345	2467
320497047	1	167	1.924E-39	3	1649	2464	36	46	0.588	6.811E-04	36	72	234	1649	1762	114	1649	1774
320497047	1	167	1.924E-39	3	1649	2464	44	108	0.794	7.425E-25	73	137	234	1827	2021	195	1824	2048
320497047	1	167	1.924E-39	3	1649	2464	53	61	0.810	4.761E-09	188	222	234	2360	2464	105	2345	2467
320789413	1	66	4.877E-09	1	16	315	3	66	0.370	2.934E-09	0	100	172	16	315	300	1	339
320828909	1	71	1.524E-10	1	343	531	9	71	0.558	5.821E-12	33	96	124	343	531	189	343	558
320886697	1	88	1.163E-15	1	1	315	3	88	0.445	4.432E-17	13	119	195	1	315	315	1	339
321027913	1	59	6.242E-07	1	343	528	9	59	0.491	8.120E-08	33	94	123	343	528	186	343	558
321028467	1	51	1.598E-04	1	343	456	9	51	0.637	8.975E-05	16	53	69	343	456	114	343	558
321028503	1	51	1.598E-04	1	355	486	9	51	0.554	8.975E-05	24	68	73	355	486	132	343	558
321028588	1	68	1.219E-09	1	355	528	9	68	0.573	7.408E-11	24	82	111	355	528	174	343	558
321028865	1	95	9.084E-18	1	16	315	3	95	0.489	2.053E-19	0	101	124	16	315	300	1	339
321029944	1	70	3.048E-10	1	343	528	9	70	0.560	1.099E-11	33	95	124	343	528	186	343	558
321030063	1	98	1.135E-18	1	7	315	3	98	0.489	2.245E-20	23	127	131	7	315	309	1	339
321030432	1	59	6.242E-07	1	343	504	9	59	0.540	8.120E-08	36	90	94	343	504	162	343	558
321128310	1	111	1.386E-22	1	1830	2027	44	111	0.799	1.108E-25	42	107	114	1830	2027	198	1824	2048
321144619	1	92	7.267E-17	1	1234	1479	32	92	0.565	5.919E-18	3	82	94	1234	1479	246	1204	1602
329782281	1	98	1.135E-18	1	1237	1497	32	98	0.543	5.229E-20	13	104	140	1237	1497	261	1204	1602
334694323	1	211	1.093E-52	3	1827	2467	44	115	0.841	2.471E-27	72	136	226	1827	2021	195	1824	2048
334694323	1	211	1.093E-52	3	1827	2467	45	58	0.864	2.701E-08	137	167	226	2080	2172	93	2080	2175
334694323	1	211	1.093E-52	3	1827	2467	53	58	0.757	4.437E-08	190	225	226	2360	2467	108	2345	2467
334812940	1	119	5.414E-25	1	1827	2021	44	119	0.864	1.426E-28	40	104	113	1827	2021	195	1824	2048
334839321	1	225	6.674E-57	3	1652	2172	36	46	0.592	1.292E-03	36	71	227	1652	1762	111	1649	1774
334839321	1	225	6.674E-57	3	1652	2172	44	116	0.857	1.311E-27	74	137	227	1830	2021	192	1824	2048
334839321	1	225	6.674E-57	3	1652	2172	45	63	0.925	8.110E-10	138	168	227	2080	2172	93	2080	2175
334879219	1	162	6.155E-38	2	1649	2021	36	44	0.557	6.410E-03	2	38	113	1649	1762	114	1649	1774
334879219	1	162	6.155E-38	2	1649	2021	44	119	0.876	1.426E-28	41	104	113	1830	2021	192	1824	2048
335111034	1	164	1.539E-38	2	1649	2021	36	50	0.633	2.780E-05	31	66	203	1649	1762	114	1649	1774
335111034	1	164	1.539E-38	2	1649	2021	44	113	0.836	1.655E-26	68	131	203	1830	2021	192	1824	2048
335137760	1	168	9.618E-40	3	1649	2464	36	48	0.601	2.608E-04	35	71	231	1649	1762	114	1649	1774
335137760	1	168	9.618E-40	3	1649	2464	44	107	0.808	1.922E-24	73	135	231	1830	2018	189	1824	2048
335137760	1	168	9.618E-40	3	1649	2464	53	62	0.820	2.516E-09	187	221	231	2360	2464	105	2345	2467
335253852	1	54	1.998E-05	1	49	315	3	54	0.348	2.744E-05	11	100	107	49	315	267	1	339
335331274	1	58	1.248E-06	1	352	555	9	58	0.450	2.110E-07	47	110	129	352	555	204	343	558
335332044	1	59	6.242E-07	1	16	315	3	59	0.340	8.577E-07	0	100	132	16	315	300	1	339
335332239	1	89	5.813E-16	2	112	528	3	70	0.518	9.105E-11	10	78	216	112	315	204	1	339
335332239	1	89	5.813E-16	2	112	528	9	66	0.554	2.643E-10	127	186	216	352	528	177	343	558
335344175	1	111	1.386E-22	1	1827	2021	44	111	0.810	1.108E-25	40	104	113	1827	2021	195	1824	2048
335389778	1	96	4.542E-18	1	1276	1458	32	96	0.746	1.347E-19	1	62	71	1276	1458	183	1204	1602
335402870	1	233	2.607E-59	3	1649	2172	36	48	0.610	1.375E-04	32	68	224	1649	1762	114	1649	1774
335402870	1	233	2.607E-59	3	1649	2172	44	116	0.857	1.311E-27	70	133	224	1830	2021	192	1824	2048
335402870	1	233	2.607E-59	3	1649	2172	45	67	0.986	2.442E-11	134	164	224	2080	2172	93	2080	2175
335427652	1	79	5.953E-13	1	1	315	3	79	0.410	4.640E-14	24	130	165	1	315	315	1	339
335429103	1	87	2.325E-15	1	16	315	3	87	0.455	1.569E-16	0	101	166	16	315	300	1	339
335429343	1	103	3.548E-20	1	1270	1497	32	103	0.656	8.664E-22	17	93	139	1270	1497	228	1204	1602
335435755	1	110	2.772E-22	1	1827	2021	44	110	0.807	1.522E-25	41	105	114	1827	2021	195	1824	2048
335569550	1	49	6.392E-04	1	343	519	9	49	0.433	4.419E-04	9	67	70	343	519	177	343	558
335570349	1	70	3.048E-10	1	352	528	9	70	0.580	1.511E-11	23	82	115	352	528	177	343	558
335571209	1	71	1.524E-10	1	133	315	3	71	0.572	3.531E-11	7	68	115	133	315	183	1	339
335571606	1	70	3.048E-10	1	352	555	9	70	0.524	1.511E-11	23	86	108	352	555	204	343	558
335571673	1	64	1.951E-08	1	343	519	9	64	0.535	2.450E-09	16	75	90	343	519	177	343	558
335572879	1	65	9.753E-09	1	385	555	9	65	0.569	6.864E-10	8	60	82	385	555	171	343	558
335572934	1	72	7.620E-11	2	208	531	3	48	0.629	5.752E-03	26	61	198	208	315	108	1	339
335572934	1	72	7.620E-11	2	208	531	9	68	0.539	5.390E-11	107	170	198	343	531	189	343	558
335596915	1	97	2.271E-18	2	112	528	3	66	0.494	2.140E-09	10	78	208	112	315	204	1	339
335596915	1	97	2.271E-18	2	112	528	9	68	0.546	5.390E-11	117	179	208	343	528	186	343	558
340921518	1	55	9.988E-06	1	343	528	9	55	0.453	3.708E-06	14	76	108	343	528	186	343	558
346629610	1	85	9.302E-15	1	16	315	3	85	0.455	5.557E-16	0	99	163	16	315	300	1	339
348401258	1	453	1.547E-125	6	1234	2467	32	102	0.397	1.188E-21	90	235	428	1234	1581	348	1204	1602
348401258	1	453	1.547E-125	6	1234	2467	36	46	0.588	6.811E-04	236	272	428	1649	1762	114	1649	1774
348401258	1	453	1.547E-125	6	1234	2467	44	126	0.921	6.529E-31	275	338	428	1830	2021	192	1824	2048
348401258	1	453	1.547E-125	6	1234	2467	45	66	0.975	4.616E-11	339	369	428	2080	2172	93	2080	2175
348401258	1	453	1.547E-125	6	1234	2467	49	38	0.746	3.551E-01	370	391	428	2234	2302	69	2219	2302
348401258	1	453	1.547E-125	6	1234	2467	53	69	0.885	8.139E-12	392	427	428	2360	2467	108	2345	2467
349357505	1	205	6.998E-51	3	1649	2172	36	40	0.516	1.149E-01	38	75	250	1649	1762	114	1649	1774
349357505	1	205	6.998E-51	3	1649	2172	44	108	0.805	7.425E-25	78	141	250	1830	2021	192	1824	2048
349357505	1	205	6.998E-51	3	1649	2172	45	57	0.842	9.671E-08	142	172	250	2080	2172	93	2080	2175
349389368	1	164	1.539E-38	2	1649	2021	36	53	0.660	4.087E-06	2	38	112	1649	1762	114	1649	1774
349389368	1	164	1.539E-38	2	1649	2021	44	110	0.818	1.522E-25	40	103	112	1830	2021	192	1824	2048
349708029	1	250	1.989E-64	4	1652	2464	36	44	0.574	4.653E-03	36	71	232	1652	1762	111	1649	1774
349708029	1	250	1.989E-64	4	1652	2464	44	113	0.839	1.205E-26	74	137	232	1830	2021	192	1824	2048
349708029	1	250	1.989E-64	4	1652	2464	45	58	0.859	3.715E-08	138	168	232	2080	2172	93	2080	2175
349708029	1	250	1.989E-64	4	1652	2464	53	55	0.742	4.142E-07	191	225	232	2360	2464	105	2345	2467
349783853	1	215	6.834E-54	3	1827	2464	44	111	0.815	5.879E-26	67	131	224	1827	2021	195	1824	2048
349783853	1	215	6.834E-54	3	1827	2464	45	64	0.947	2.268E-10	132	162	224	2080	2172	93	2080	2175
349783853	1	215	6.834E-54	3	1827	2464	53	60	0.795	1.239E-08	185	219	224	2360	2464	105	2345	2467
349818720	1	96	4.542E-18	1	1270	1497	32	96	0.619	1.846E-19	18	94	100	1270	1497	228	1204	1602
349820513	1	81	1.488E-13	1	16	315	3	81	0.432	1.311E-14	0	101	106	16	315	300	1	339
349929808	1	121	1.354E-25	1	1225	1497	32	121	0.650	4.299E-28	12	103	127	1225	1497	273	1204	1602
349996637	1	60	3.121E-07	1	343	555	9	60	0.445	5.906E-08	20	86	111	343	555	213	343	558
350022308	1	109	5.544E-22	1	1827	2021	44	109	0.802	2.869E-25	41	105	114	1827	2021	195	1824	2048
350112247	1	86	4.651E-15	2	61	552	3	70	0.441	9.105E-11	0	84	221	61	315	255	1	339
350112247	1	86	4.651E-15	2	61	552	9	64	0.463	2.450E-09	134	205	221	355	552	198	343	558
350113918	1	105	8.871E-21	2	346	611	9	72	0.578	3.082E-12	5	66	95	346	528	183	343	558
350113918	1	105	8.871E-21	2	346	611	10	34	0.610	8.124E+00	69	94	95	534	611	78	516	611
350114511	1	68	1.219E-09	1	343	525	9	68	0.548	1.018E-10	16	77	107	343	525	183	343	558
356932275	1	65	9.753E-09	1	94	315	3	65	0.456	5.516E-09	1	75	121	94	315	222	1	339
362382482	1	222	5.339E-56	3	1830	2464	44	114	0.844	6.393E-27	74	137	227	1830	2021	192	1824	2048
362382482	1	222	5.339E-56	3	1830	2464	45	66	0.969	6.346E-11	138	168	227	2080	2172	93	2080	2175
362382482	1	222	5.339E-56	3	1830	2464	53	62	0.820	2.516E-09	191	225	227	2360	2464	105	2345	2467
363906908	1	208	8.747E-52	3	1827	2464	44	110	0.807	1.522E-25	76	140	231	1827	2021	195	1824	2048
363906908	1	208	8.747E-52	3	1827	2464	45	59	0.875	1.428E-08	141	171	231	2080	2172	93	2080	2175
363906908	1	208	8.747E-52	3	1827	2464	53	59	0.786	2.345E-08	194	228	231	2360	2464	105	2345	2467
363988550	1	161	1.231E-37	2	1649	2021	36	44	0.557	6.410E-03	2	38	113	1649	1762	114	1649	1774
363988550	1	161	1.231E-37	2	1649	2021	44	116	0.846	1.311E-27	40	104	113	1827	2021	195	1824	2048
364033396	1	109	5.544E-22	1	1830	2021	44	109	0.808	5.408E-25	45	108	123	1830	2021	192	1824	2048
364049670	1	207	1.749E-51	3	1830	2464	44	108	0.805	7.425E-25	75	138	228	1830	2021	192	1824	2048
364049670	1	207	1.749E-51	3	1830	2464	45	57	0.848	7.030E-08	139	169	228	2080	2172	93	2080	2175
364049670	1	207	1.749E-51	3	1830	2464	53	62	0.820	2.516E-09	192	226	228	2360	2464	105	2345	2467
364114483	1	259	3.885E-67	4	1652	2464	36	46	0.597	9.381E-04	37	72	233	1652	1762	111	1649	1774
364114483	1	259	3.885E-67	4	1652	2464	44	111	0.826	5.879E-26	75	138	233	1830	2021	192	1824	2048
364114483	1	259	3.885E-67	4	1652	2464	45	62	0.920	1.115E-09	139	169	233	2080	2172	93	2080	2175
364114483	1	259	3.885E-67	4	1652	2464	53	60	0.800	9.007E-09	192	226	233	2360	2464	105	2345	2467
364311049	1	55	9.988E-06	1	40	315	3	55	0.346	1.067E-05	8	100	166	40	315	276	1	339
364415176	1	93	3.633E-17	2	67	528	3	76	0.472	5.813E-13	0	84	222	67	315	249	1	339
364415176	1	93	3.633E-17	2	67	528	9	64	0.535	2.450E-09	133	192	222	352	528	177	343	558
364428234	1	205	6.998E-51	3	1830	2464	44	108	0.805	7.425E-25	50	113	204	1830	2021	192	1824	2048
364428234	1	205	6.998E-51	3	1830	2464	45	62	0.920	1.115E-09	114	144	204	2080	2172	93	2080	2175
364428234	1	205	6.998E-51	3	1830	2464	53	55	0.742	4.142E-07	167	201	204	2360	2464	105	2345	2467
364439326	1	156	3.939E-36	2	1649	2021	36	39	0.564	3.012E-01	29	61	125	1649	1747	99	1649	1774
364439326	1	156	3.939E-36	2	1649	2021	44	117	0.860	9.547E-28	61	124	125	1830	2021	192	1824	2048
364512068	1	89	5.813E-16	1	16	312	3	89	0.472	2.355E-17	0	99	120	16	312	297	1	339
364513616	1	93	3.633E-17	1	16	315	3	93	0.486	7.272E-19	0	100	190	16	315	300	1	339
364653329	1	75	9.525E-12	2	154	525	3	52	0.462	1.813E-04	3	60	169	154	315	162	1	339
364653329	1	75	9.525E-12	2	154	525	9	65	0.529	9.435E-10	104	165	169	343	525	183	343	558
364653989	1	94	1.817E-17	1	7	315	3	94	0.473	5.301E-19	7	111	187	7	315	309	1	339
364654080	1	68	1.219E-09	1	352	528	9	68	0.565	7.408E-11	23	82	112	352	528	177	343	558
364654552	1	123	3.384E-26	2	1	528	3	99	0.489	6.338E-21	71	177	314	1	315	315	1	339
364654552	1	123	3.384E-26	2	1	528	9	68	0.541	1.018E-10	223	285	314	343	528	186	343	558
364654826	1	70	3.048E-10	1	343	555	9	70	0.504	2.076E-11	42	108	133	343	555	213	343	558
364655167	1	58	1.248E-06	1	343	489	9	58	0.583	2.110E-07	37	85	87	343	489	147	343	558
364655621	1	64	1.951E-08	1	343	543	9	64	0.489	1.297E-09	33	100	124	343	543	201	343	558
364656073	1	49	6.392E-04	1	343	456	9	49	0.615	4.419E-04	33	70	71	343	456	114	343	558
364703307	1	51	1.598E-04	1	343	528	9	51	0.437	4.744E-05	5	64	86	343	528	186	343	558
364787919	1	65	9.753E-09	1	16	315	3	65	0.367	5.516E-09	1	101	184	16	315	300	1	339
370354440	1	170	2.404E-40	3	1649	2464	36	48	0.606	1.894E-04	18	54	217	1649	1762	114	1649	1774
370354440	1	170	2.404E-40	3	1649	2464	44	107	0.786	1.922E-24	55	119	217	1827	2021	195	1824	2048
370354440	1	170	2.404E-40	3	1649	2464	53	63	0.830	1.330E-09	170	204	217	2360	2464	105	2345	2467
372666863	1	386	2.283E-105	5	1267	2467	32	126	0.564	9.730E-30	87	200	393	1267	1581	315	1204	1602
372666863	1	386	2.283E-105	5	1267	2467	36	53	0.675	4.087E-06	201	237	393	1649	1759	111	1649	1774
372666863	1	386	2.283E-105	5	1267	2467	44	109	0.808	5.408E-25	240	303	393	1830	2021	192	1824	2048
372666863	1	386	2.283E-105	5	1267	2467	45	58	0.859	3.715E-08	304	334	393	2080	2172	93	2080	2175
372666863	1	386	2.283E-105	5	1267	2467	53	58	0.757	4.437E-08	357	392	393	2360	2467	108	2345	2467
378801699	1	149	5.042E-34	2	1649	2021	36	41	0.530	4.389E-02	2	38	113	1649	1762	114	1649	1774
378801699	1	149	5.042E-34	2	1649	2021	44	109	0.810	3.939E-25	41	104	113	1830	2021	192	1824	2048
378848779	1	107	2.218E-21	1	1243	1506	32	107	0.607	3.695E-23	0	82	90	1243	1506	264	1204	1602
378867349	1	215	6.834E-54	3	1827	2464	44	111	0.815	5.879E-26	67	131	224	1827	2021	195	1824	2048
378867349	1	215	6.834E-54	3	1827	2464	45	64	0.947	2.268E-10	132	162	224	2080	2172	93	2080	2175
378867349	1	215	6.834E-54	3	1827	2464	53	60	0.795	1.239E-08	185	219	224	2360	2464	105	2345	2467
378877745	1	69	6.096E-10	1	361	555	9	69	0.535	3.922E-11	26	85	111	361	555	195	343	558
378900377	1	130	2.644E-28	1	1267	1509	32	130	0.762	4.139E-31	11	92	93	1267	1509	243	1204	1602
378956574	1	111	1.386E-22	2	16	528	3	92	0.476	2.576E-18	0	101	235	16	315	300	1	339
378956574	1	111	1.386E-22	2	16	528	9	66	0.551	3.633E-10	150	209	235	352	528	177	343	558
378993768	1	70	3.048E-10	1	343	531	9	70	0.553	1.099E-11	20	83	111	343	531	189	343	558
379014987	1	91	1.453E-16	1	1294	1473	32	91	0.725	1.524E-17	0	59	63	1294	1473	180	1204	1602
379045948	1	113	3.465E-23	1	1228	1509	32	113	0.586	3.251E-25	8	104	114	1228	1509	282	1204	1602
379194667	1	95	9.084E-18	2	1	555	3	73	0.391	7.277E-12	71	165	312	1	315	315	1	339
379194667	1	95	9.084E-18	2	1	555	9	66	0.483	3.633E-10	211	277	312	343	555	213	343	558
379194875	1	59	6.242E-07	1	343	528	9	59	0.488	1.116E-07	28	89	92	343	528	186	343	558
379195745	1	68	1.219E-09	1	343	555	9	68	0.492	1.018E-10	12	73	109	343	555	213	343	558
379196256	1	66	4.877E-09	1	343	528	9	66	0.533	2.643E-10	33	95	124	343	528	186	343	558
379197438	1	67	2.438E-09	1	343	525	9	67	0.545	1.399E-10	33	94	117	343	525	183	343	558
379197471	1	125	8.460E-27	2	1	528	3	101	0.496	1.304E-21	5	111	248	1	315	315	1	339
379197471	1	125	8.460E-27	2	1	528	9	68	0.541	1.018E-10	157	219	248	343	528	186	343	558
379237276	1	64	1.951E-08	1	7	315	3	64	0.355	1.422E-08	0	103	153	7	315	309	1	339
379311058	1	283	2.315E-74	3	1237	2021	32	127	0.565	2.752E-30	18	129	324	1237	1581	345	1204	1602
379311058	1	283	2.315E-74	3	1237	2021	36	51	0.672	1.467E-05	130	165	324	1649	1756	108	1649	1774
379311058	1	283	2.315E-74	3	1237	2021	44	108	0.802	1.019E-24	171	234	324	1830	2021	192	1824	2048
379376633	1	228	8.342E-58	3	1830	2464	44	113	0.817	1.205E-26	74	139	229	1830	2027	198	1824	2048
379376633	1	228	8.342E-58	3	1830	2464	45	68	1.000	1.292E-11	139	168	229	2083	2172	90	2080	2175
379376633	1	228	8.342E-58	3	1830	2464	53	68	0.893	2.115E-11	191	225	229	2360	2464	105	2345	2467
391067788	1	213	2.733E-53	3	1830	2467	44	116	0.857	1.311E-27	73	136	226	1830	2021	192	1824	2048
391067788	1	213	2.733E-53	3	1830	2467	45	56	0.831	1.830E-07	137	167	226	2080	2172	93	2080	2175
391067788	1	213	2.733E-53	3	1830	2467	53	61	0.795	3.461E-09	190	225	226	2360	2467	108	2345	2467
391650812	1	234	1.303E-59	3	1830	2464	44	124	0.907	3.183E-30	69	132	223	1830	2021	192	1824	2048
391650812	1	234	1.303E-59	3	1830	2464	45	66	0.975	4.616E-11	133	163	223	2080	2172	93	2080	2175
391650812	1	234	1.303E-59	3	1830	2464	53	64	0.849	3.718E-10	186	220	223	2360	2464	105	2345	2467
392849055	1	259	3.885E-67	4	1830	2464	44	109	0.824	2.869E-25	74	136	226	1830	2018	189	1824	2048
392849055	1	259	3.885E-67	4	1830	2464	45	56	0.862	1.330E-07	139	168	226	2083	2172	90	2080	2175
392849055	1	259	3.885E-67	4	1830	2464	49	34	0.678	6.393E+00	169	190	226	2234	2302	69	2219	2302
392849055	1	259	3.885E-67	4	1830	2464	53	58	0.771	6.104E-08	191	225	226	2360	2464	105	2345	2467
392906310	1	210	2.187E-52	3	1830	2464	44	108	0.800	1.400E-24	74	137	227	1830	2021	192	1824	2048
392906310	1	210	2.187E-52	3	1830	2464	45	58	0.859	3.715E-08	138	168	227	2080	2172	93	2080	2175
392906310	1	210	2.187E-52	3	1830	2464	53	64	0.844	5.114E-10	191	225	227	2360	2464	105	2345	2467
393116632	1	109	5.544E-22	1	1830	2021	44	109	0.808	5.408E-25	45	108	123	1830	2021	192	1824	2048
393445459	1	178	9.392E-43	2	1204	1762	32	129	0.531	7.784E-31	2	125	320	1204	1581	378	1204	1602
393445459	1	178	9.392E-43	2	1204	1762	36	48	0.593	1.894E-04	126	164	320	1649	1762	114	1649	1774
393497285	1	114	1.733E-23	2	1	528	3	96	0.474	1.091E-19	5	111	249	1	315	315	1	339
393497285	1	114	1.733E-23	2	1	528	9	65	0.543	9.435E-10	160	219	249	352	528	177	343	558
393589421	1	112	6.930E-23	1	1267	1494	32	112	0.706	6.111E-25	62	138	147	1267	1494	228	1204	1602
393597024	1	132	6.609E-29	2	49	519	3	107	0.596	1.559E-23	44	133	270	49	315	267	1	339
393597024	1	132	6.609E-29	2	49	519	9	73	0.634	1.632E-12	183	238	270	355	519	165	343	558
393736899	1	64	1.951E-08	1	343	555	9	64	0.468	2.450E-09	20	85	110	343	555	213	343	558
393737124	1	57	2.497E-06	1	343	543	9	57	0.445	3.990E-07	20	87	120	343	543	201	343	558
393738252	1	69	6.096E-10	1	343	555	9	69	0.501	2.854E-11	33	99	124	343	555	213	343	558
393739182	1	66	4.877E-09	1	355	528	9	66	0.562	2.643E-10	8	66	69	355	528	174	343	558
393780553	1	50	3.196E-04	1	7	267	3	50	0.335	8.734E-04	0	86	95	7	267	261	1	339
393787123	1	77	2.381E-12	1	61	318	3	77	0.462	4.238E-13	0	87	92	61	318	258	1	339
393835447	1	215	6.834E-54	3	1827	2464	44	111	0.815	5.879E-26	48	112	203	1827	2021	195	1824	2048
393835447	1	215	6.834E-54	3	1827	2464	45	64	0.947	2.268E-10	113	143	203	2080	2172	93	2080	2175
393835447	1	215	6.834E-54	3	1827	2464	53	60	0.795	1.239E-08	166	200	203	2360	2464	105	2345	2467
393835740	1	215	6.834E-54	3	1827	2464	44	111	0.815	5.879E-26	48	112	203	1827	2021	195	1824	2048
393835740	1	215	6.834E-54	3	1827	2464	45	64	0.947	2.268E-10	113	143	203	2080	2172	93	2080	2175
393835740	1	215	6.834E-54	3	1827	2464	53	60	0.795	1.239E-08	166	200	203	2360	2464	105	2345	2467
393835834	1	213	2.733E-53	3	1827	2464	44	111	0.815	5.879E-26	48	112	203	1827	2021	195	1824	2048
393835834	1	213	2.733E-53	3	1827	2464	45	64	0.947	2.268E-10	113	143	203	2080	2172	93	2080	2175
393835834	1	213	2.733E-53	3	1827	2464	53	58	0.776	4.437E-08	166	200	203	2360	2464	105	2345	2467
403616787	1	236	3.259E-60	3	1649	2172	36	55	0.691	4.371E-07	38	74	230	1649	1762	114	1649	1774
403616787	1	236	3.259E-60	3	1649	2172	44	121	0.889	2.924E-29	76	139	230	1830	2021	192	1824	2048
403616787	1	236	3.259E-60	3	1649	2172	45	58	0.859	3.715E-08	140	170	230	2080	2172	93	2080	2175
407412540	1	198	8.957E-49	3	1830	2464	44	106	0.792	3.624E-24	70	133	222	1830	2021	192	1824	2048
407412540	1	198	8.957E-49	3	1830	2464	45	55	0.815	4.767E-07	134	164	222	2080	2172	93	2080	2175
407412540	1	198	8.957E-49	3	1830	2464	53	57	0.761	1.155E-07	187	221	222	2360	2464	105	2345	2467
407551167	1	254	1.243E-65	4	1652	2464	36	42	0.551	2.311E-02	36	71	232	1652	1762	111	1649	1774
407551167	1	254	1.243E-65	4	1652	2464	44	114	0.833	6.393E-27	73	137	232	1827	2021	195	1824	2048
407551167	1	254	1.243E-65	4	1652	2464	45	57	0.853	5.111E-08	138	168	232	2080	2172	93	2080	2175
407551167	1	254	1.243E-65	4	1652	2464	53	59	0.781	3.225E-08	191	225	232	2360	2464	105	2345	2467
407602232	1	162	6.155E-38	3	1649	2464	36	44	0.561	4.653E-03	36	72	225	1649	1762	114	1649	1774
407602232	1	162	6.155E-38	3	1649	2464	44	110	0.818	1.522E-25	74	137	225	1830	2021	192	1824	2048
407602232	1	162	6.155E-38	3	1649	2464	53	57	0.757	1.590E-07	189	223	225	2360	2464	105	2345	2467
407765860	1	199	4.479E-49	3	1827	2464	44	111	0.810	1.108E-25	77	141	231	1827	2021	195	1824	2048
407765860	1	199	4.479E-49	3	1827	2464	45	52	0.782	3.235E-06	142	172	231	2080	2172	93	2080	2175
407765860	1	199	4.479E-49	3	1827	2464	53	56	0.747	3.010E-07	195	229	231	2360	2464	105	2345	2467
407816908	1	200	2.239E-49	3	1830	2464	44	107	0.797	1.922E-24	73	136	225	1830	2021	192	1824	2048
407816908	1	200	2.239E-49	3	1830	2464	45	55	0.815	4.767E-07	137	167	225	2080	2172	93	2080	2175
407816908	1	200	2.239E-49	3	1830	2464	53	58	0.771	6.104E-08	190	224	225	2360	2464	105	2345	2467
407844335	1	248	7.956E-64	4	1652	2464	36	42	0.551	2.311E-02	36	71	232	1652	1762	111	1649	1774
407844335	1	248	7.956E-64	4	1652	2464	44	106	0.789	4.976E-24	74	137	232	1830	2021	192	1824	2048
407844335	1	248	7.956E-64	4	1652	2464	45	60	0.886	7.546E-09	138	168	232	2080	2172	93	2080	2175
407844335	1	248	7.956E-64	4	1652	2464	53	60	0.795	1.239E-08	191	225	232	2360	2464	105	2345	2467
407957778	1	99	5.677E-19	2	2083	2464	45	62	0.947	1.115E-09	38	67	128	2083	2172	90	2080	2175
407957778	1	99	5.677E-19	2	2083	2464	53	58	0.776	4.437E-08	90	124	128	2360	2464	105	2345	2467
407980946	1	183	2.935E-44	3	1270	2172	32	132	0.631	8.537E-32	16	112	305	1270	1581	312	1204	1602
407980946	1	183	2.935E-44	3	1270	2172	36	54	0.658	1.568E-06	113	151	305	1649	1762	114	1649	1774
407980946	1	183	2.935E-44	3	1270	2172	45	61	0.930	2.901E-09	218	247	305	2083	2172	90	2080	2175
407988056	1	100	2.839E-19	1	1231	1503	32	100	0.535	7.882E-21	9	104	153	1231	1503	273	1204	1602
408050029	1	116	4.331E-24	1	1270	1497	32	116	0.738	1.898E-26	30	105	106	1270	1497	228	1204	1602
408097565	1	109	5.544E-22	1	1204	1494	32	109	0.551	7.629E-24	2	102	193	1204	1494	291	1204	1602
408106764	1	164	1.539E-38	3	1	611	3	97	0.481	3.080E-20	5	111	248	1	315	315	1	339
408106764	1	164	1.539E-38	3	1	611	9	71	0.562	8.000E-12	157	219	248	343	528	186	343	558
408106764	1	164	1.539E-38	3	1	611	10	41	0.730	2.508E-02	222	247	248	534	611	78	516	611
408143015	1	115	8.663E-24	1	1827	2021	44	115	0.836	4.657E-27	41	105	114	1827	2021	195	1824	2048
408278351	1	64	1.951E-08	1	343	528	9	64	0.520	1.297E-09	20	82	111	343	528	186	343	558
408279545	1	66	4.877E-09	1	343	528	9	66	0.528	4.994E-10	16	78	82	343	528	186	343	558
408279644	1	56	4.994E-06	1	343	528	9	56	0.461	1.426E-06	44	106	107	343	528	186	343	558
408279767	1	70	3.048E-10	1	343	528	9	70	0.554	2.076E-11	33	95	124	343	528	186	343	558
408279942	1	66	4.877E-09	1	346	546	9	66	0.501	2.643E-10	25	92	129	346	546	201	343	558
408280623	1	116	4.331E-24	2	61	528	3	92	0.539	2.576E-18	0	86	223	61	315	255	1	339
408280623	1	116	4.331E-24	2	61	528	9	68	0.541	1.018E-10	132	194	223	343	528	186	343	558
408285896	1	56	4.994E-06	1	91	315	3	56	0.405	7.785E-06	3	77	122	91	315	225	1	339
408399376	1	63	3.901E-08	1	103	312	3	63	0.459	2.672E-08	4	75	101	103	312	210	1	339
408412111	1	83	3.721E-14	1	1	315	3	83	0.426	3.702E-15	44	149	200	1	315	315	1	339
420705775	1	406	2.177E-111	5	1270	2467	32	143	0.676	1.234E-35	29	125	318	1270	1581	312	1204	1602
420705775	1	406	2.177E-111	5	1270	2467	36	54	0.678	1.139E-06	126	163	318	1649	1762	114	1649	1774
420705775	1	406	2.177E-111	5	1270	2467	44	113	0.834	2.272E-26	165	228	318	1830	2021	192	1824	2048
420705775	1	406	2.177E-111	5	1270	2467	45	54	0.804	9.024E-07	229	259	318	2080	2172	93	2080	2175
420705775	1	406	2.177E-111	5	1270	2467	53	58	0.757	4.437E-08	282	317	318	2360	2467	108	2345	2467
422184405	1	160	2.462E-37	2	1649	2027	36	46	0.579	1.292E-03	37	74	147	1649	1762	114	1649	1774
422184405	1	160	2.462E-37	2	1649	2027	44	113	0.801	2.272E-26	75	141	147	1827	2027	201	1824	2048
422329790	1	105	8.871E-21	1	1830	2021	44	105	0.784	9.381E-24	45	108	117	1830	2021	192	1824	2048
422476642	1	240	2.037E-61	4	1652	2302	36	41	0.537	6.049E-02	31	67	231	1652	1762	111	1649	1774
422476642	1	240	2.037E-61	4	1652	2302	44	106	0.781	3.624E-24	68	132	231	1827	2021	195	1824	2048
422476642	1	240	2.037E-61	4	1652	2302	45	57	0.853	5.111E-08	133	163	231	2080	2172	93	2080	2175
422476642	1	240	2.037E-61	4	1652	2302	49	32	0.658	4.409E+01	165	186	231	2237	2302	66	2219	2302
422580840	1	63	3.901E-08	2	178	543	3	48	0.510	4.202E-03	0	46	188	178	315	138	1	339
422580840	1	63	3.901E-08	2	178	543	9	62	0.489	1.203E-08	95	159	188	352	543	192	343	558
422616370	1	126	4.230E-27	2	1	531	3	97	0.481	3.080E-20	5	111	248	1	315	315	1	339
422616370	1	126	4.230E-27	2	1	531	9	73	0.568	1.632E-12	157	220	248	343	531	189	343	558
422680277	1	109	5.544E-22	1	1270	1497	32	109	0.693	4.059E-24	18	94	95	1270	1497	228	1204	1602
422703595	1	58	1.248E-06	1	352	537	9	58	0.474	2.902E-07	31	93	106	352	537	186	343	558
422819179	1	68	1.219E-09	1	343	525	9	68	0.551	7.408E-11	44	105	113	343	525	183	343	558
422819778	1	59	6.242E-07	1	343	540	9	59	0.468	8.120E-08	22	84	85	343	540	198	343	558
422820868	1	57	2.497E-06	1	343	492	9	57	0.557	3.990E-07	44	94	97	343	492	150	343	558
422821131	1	68	1.219E-09	1	343	528	9	68	0.546	5.390E-11	20	82	111	343	528	186	343	558
422831017	1	66	4.877E-09	1	16	315	3	66	0.376	1.561E-09	10	107	120	16	315	300	1	339
422864494	1	61	1.561E-07	1	7	315	3	61	0.345	9.436E-08	0	103	134	7	315	309	1	339
422878489	1	66	4.877E-09	1	16	315	3	66	0.374	1.561E-09	0	100	199	16	315	300	1	339
422965807	1	117	2.166E-24	2	1	528	3	99	0.487	8.695E-21	71	177	315	1	315	315	1	339
422965807	1	117	2.166E-24	2	1	528	9	65	0.546	6.864E-10	226	285	315	352	528	177	343	558
430443642	1	259	3.885E-67	4	1649	2467	36	50	0.633	2.780E-05	30	66	221	1649	1762	114	1649	1774
430443642	1	259	3.885E-67	4	1649	2467	44	105	0.784	9.381E-24	68	131	221	1830	2021	192	1824	2048
430443642	1	259	3.885E-67	4	1649	2467	45	61	0.897	3.989E-09	132	162	221	2080	2172	93	2080	2175
430443642	1	259	3.885E-67	4	1649	2467	53	61	0.795	3.461E-09	185	220	221	2360	2467	108	2345	2467
430921338	1	201	1.120E-49	3	1827	2467	44	111	0.812	8.072E-26	76	140	249	1827	2021	195	1824	2048
430921338	1	201	1.120E-49	3	1827	2467	45	53	0.798	1.242E-06	141	171	249	2080	2172	93	2080	2175
430921338	1	201	1.120E-49	3	1827	2467	53	57	0.743	1.155E-07	194	229	249	2360	2467	108	2345	2467
436051336	1	204	1.400E-50	3	1827	2464	44	114	0.833	6.393E-27	76	140	230	1827	2021	195	1824	2048
436051336	1	204	1.400E-50	3	1827	2464	45	53	0.798	1.242E-06	141	171	230	2080	2172	93	2080	2175
436051336	1	204	1.400E-50	3	1827	2464	53	57	0.757	1.590E-07	194	228	230	2360	2464	105	2345	2467
436494713	1	157	1.970E-36	2	1649	2021	36	45	0.575	1.780E-03	2	38	112	1649	1762	114	1649	1774
436494713	1	157	1.970E-36	2	1649	2021	44	111	0.826	5.879E-26	40	103	112	1830	2021	192	1824	2048
436530826	1	108	1.109E-21	1	1830	2021	44	108	0.802	1.019E-24	47	110	119	1830	2021	192	1824	2048
436558224	1	210	2.187E-52	3	1649	2172	36	42	0.534	3.185E-02	35	72	247	1649	1762	114	1649	1774
436558224	1	210	2.187E-52	3	1649	2172	44	111	0.815	5.879E-26	74	138	247	1827	2021	195	1824	2048
436558224	1	210	2.187E-52	3	1649	2172	45	55	0.826	2.518E-07	139	169	247	2080	2172	93	2080	2175
436701488	1	167	1.924E-39	3	1649	2464	36	41	0.525	6.049E-02	32	69	222	1649	1762	114	1649	1774
436701488	1	167	1.924E-39	3	1649	2464	44	109	0.797	5.408E-25	70	134	222	1827	2021	195	1824	2048
436701488	1	167	1.924E-39	3	1649	2464	53	66	0.878	5.499E-11	186	220	222	2360	2464	105	2345	2467
436769733	1	214	1.367E-53	3	1827	2467	44	116	0.843	1.800E-27	72	136	226	1827	2021	195	1824	2048
436769733	1	214	1.367E-53	3	1827	2467	45	58	0.864	2.701E-08	137	167	226	2080	2172	93	2080	2175
436769733	1	214	1.367E-53	3	1827	2467	53	60	0.776	1.239E-08	190	225	226	2360	2467	108	2345	2467
436894357	1	174	1.503E-41	3	1827	2464	44	109	0.776	5.408E-25	77	143	230	1827	2027	201	1824	2048
436894357	1	174	1.503E-41	3	1827	2464	49	32	0.633	4.409E+01	173	194	230	2234	2302	69	2219	2302
436894357	1	174	1.503E-41	3	1827	2464	53	60	0.800	9.007E-09	195	229	230	2360	2464	105	2345	2467
436915333	1	259	3.885E-67	4	1830	2464	44	109	0.824	2.869E-25	74	136	226	1830	2018	189	1824	2048
436915333	1	259	3.885E-67	4	1830	2464	45	56	0.862	1.330E-07	139	168	226	2083	2172	90	2080	2175
436915333	1	259	3.885E-67	4	1830	2464	49	34	0.678	6.393E+00	169	190	226	2234	2302	69	2219	2302
436915333	1	259	3.885E-67	4	1830	2464	53	58	0.771	6.104E-08	191	225	226	2360	2464	105	2345	2467
436936120	1	166	3.847E-39	2	1649	2021	36	57	0.709	1.220E-07	2	38	112	1649	1762	114	1649	1774
436936120	1	166	3.847E-39	2	1649	2021	44	108	0.802	1.019E-24	40	103	112	1830	2021	192	1824	2048
437018803	1	243	2.546E-62	4	1652	2302	36	41	0.537	6.049E-02	31	67	241	1652	1762	111	1649	1774
437018803	1	243	2.546E-62	4	1652	2302	44	109	0.802	2.869E-25	68	132	241	1827	2021	195	1824	2048
437018803	1	243	2.546E-62	4	1652	2302	45	57	0.853	5.111E-08	133	163	241	2080	2172	93	2080	2175
437018803	1	243	2.546E-62	4	1652	2302	49	32	0.658	4.409E+01	165	186	241	2237	2302	66	2219	2302
437116512	1	97	2.271E-18	2	343	611	9	65	0.525	6.864E-10	8	70	99	343	528	186	343	558
437116512	1	97	2.271E-18	2	343	611	10	33	0.591	2.135E+01	73	98	99	534	611	78	516	611
437122756	1	90	2.907E-16	2	61	516	3	77	0.468	3.090E-13	0	86	225	61	315	255	1	339
437122756	1	90	2.907E-16	2	61	516	9	60	0.528	5.906E-08	135	191	225	352	516	165	343	558
437122939	1	61	1.561E-07	1	46	315	3	61	0.379	9.436E-08	4	94	120	46	315	270	1	339
437158810	1	71	1.524E-10	1	343	531	9	71	0.555	8.000E-12	20	83	111	343	531	189	343	558
437175488	1	61	1.561E-07	1	94	312	3	61	0.436	1.773E-07	1	74	106	94	312	219	1	339
437219293	1	67	2.438E-09	2	178	462	3	61	0.632	9.436E-08	1	47	143	178	315	138	1	339
437219293	1	67	2.438E-09	2	178	462	9	54	0.710	5.099E-06	97	132	143	355	462	108	343	558
437304403	1	111	1.386E-22	1	1270	1497	32	111	0.700	1.575E-24	73	149	150	1270	1497	228	1204	1602
437324407	1	260	1.942E-67	4	1270	2464	32	153	0.717	4.599E-39	22	122	315	1270	1581	312	1204	1602
437324407	1	260	1.942E-67	4	1270	2464	36	52	0.651	7.742E-06	123	159	315	1649	1762	114	1649	1774
437324407	1	260	1.942E-67	4	1270	2464	45	69	1.000	4.972E-12	226	255	315	2083	2172	90	2080	2175
437324407	1	260	1.942E-67	4	1270	2464	53	70	0.917	4.306E-12	278	312	315	2360	2464	105	2345	2467
437360859	1	68	1.219E-09	1	352	528	9	68	0.563	1.018E-10	23	82	111	352	528	177	343	558
437362117	1	69	6.096E-10	1	343	525	9	69	0.556	3.922E-11	20	81	111	343	525	183	343	558
437362661	1	70	3.048E-10	1	352	528	9	70	0.582	1.099E-11	19	78	107	352	528	177	343	558
437363419	1	61	1.561E-07	1	355	528	9	61	0.522	2.273E-08	17	75	97	355	528	174	343	558
437363537	1	95	9.084E-18	1	7	315	3	95	0.480	1.497E-19	7	111	164	7	315	309	1	339
437363692	1	68	1.219E-09	1	343	528	9	68	0.541	1.018E-10	28	90	119	343	528	186	343	558
437469130	1	70	3.048E-10	1	352	528	9	70	0.575	1.099E-11	25	85	111	352	528	177	343	558
437487410	1	83	3.721E-14	1	1270	1497	32	83	0.549	4.422E-15	24	100	101	1270	1497	228	1204	1602
437543565	1	224	1.335E-56	3	1830	2464	44	116	0.832	1.800E-27	73	138	228	1830	2027	198	1824	2048
437543565	1	224	1.335E-56	3	1830	2464	45	67	1.000	2.442E-11	138	167	228	2083	2172	90	2080	2175
437543565	1	224	1.335E-56	3	1830	2464	53	62	0.820	2.516E-09	190	224	228	2360	2464	105	2345	2467
440521747	1	264	1.214E-68	4	1652	2467	36	48	0.620	1.894E-04	47	82	237	1652	1762	111	1649	1774
440521747	1	264	1.214E-68	4	1652	2467	44	111	0.821	1.108E-25	84	147	237	1830	2021	192	1824	2048
440521747	1	264	1.214E-68	4	1652	2467	45	63	0.925	8.110E-10	148	178	237	2080	2172	93	2080	2175
440521747	1	264	1.214E-68	4	1652	2467	53	60	0.776	1.239E-08	201	236	237	2360	2467	108	2345	2467
451055598	1	216	3.417E-54	3	1827	2464	44	117	0.851	6.954E-28	76	140	232	1827	2021	195	1824	2048
451055598	1	216	3.417E-54	3	1827	2464	45	60	0.886	7.546E-09	141	171	232	2080	2172	93	2080	2175
451055598	1	216	3.417E-54	3	1827	2464	53	59	0.791	1.704E-08	194	228	232	2360	2464	105	2345	2467
451105199	1	113	3.465E-23	2	1833	2464	44	109	0.819	5.408E-25	31	93	188	1833	2021	189	1824	2048
451105199	1	113	3.465E-23	2	1833	2464	53	59	0.781	3.225E-08	150	184	188	2360	2464	105	2345	2467
451194386	1	252	4.972E-65	4	1652	2464	36	44	0.578	3.377E-03	36	71	232	1652	1762	111	1649	1774
451194386	1	252	4.972E-65	4	1652	2464	44	109	0.808	5.408E-25	74	137	232	1830	2021	192	1824	2048
451194386	1	252	4.972E-65	4	1652	2464	45	58	0.864	2.701E-08	138	168	232	2080	2172	93	2080	2175
451194386	1	252	4.972E-65	4	1652	2464	53	61	0.815	3.461E-09	191	225	232	2360	2464	105	2345	2467
451248408	1	260	1.942E-67	4	1830	2467	44	112	0.829	4.282E-26	75	138	238	1830	2021	192	1824	2048
451248408	1	260	1.942E-67	4	1830	2467	45	55	0.820	3.464E-07	139	169	238	2080	2172	93	2080	2175
451248408	1	260	1.942E-67	4	1830	2467	49	31	0.625	6.084E+01	170	191	238	2234	2302	69	2219	2302
451248408	1	260	1.942E-67	4	1830	2467	53	58	0.752	6.104E-08	192	227	238	2360	2467	108	2345	2467
451476632	1	270	1.897E-70	4	1652	2467	36	54	0.689	1.568E-06	144	180	338	1652	1762	111	1649	1774
451476632	1	270	1.897E-70	4	1652	2467	44	110	0.786	1.522E-25	182	248	338	1830	2030	201	1824	2048
451476632	1	270	1.897E-70	4	1652	2467	45	62	0.977	1.115E-09	251	279	338	2086	2172	87	2080	2175
451476632	1	270	1.897E-70	4	1652	2467	53	64	0.833	2.704E-10	302	337	338	2360	2467	108	2345	2467
451492189	1	216	3.417E-54	3	1652	2172	36	46	0.592	1.292E-03	37	72	233	1652	1762	111	1649	1774
451492189	1	216	3.417E-54	3	1652	2172	44	110	0.818	1.522E-25	75	138	233	1830	2021	192	1824	2048
451492189	1	216	3.417E-54	3	1652	2172	45	60	0.892	5.487E-09	139	169	233	2080	2172	93	2080	2175
451575052	1	210	2.187E-52	3	1830	2464	44	110	0.815	2.089E-25	69	132	225	1830	2021	192	1824	2048
451575052	1	210	2.187E-52	3	1830	2464	45	63	0.936	4.289E-10	133	163	225	2080	2172	93	2080	2175
451575052	1	210	2.187E-52	3	1830	2464	53	57	0.766	8.399E-08	186	220	225	2360	2464	105	2345	2467
451663961	1	116	4.331E-24	2	1	525	3	99	0.487	8.695E-21	71	177	315	1	315	315	1	339
451663961	1	116	4.331E-24	2	1	525	9	64	0.542	2.450E-09	226	284	315	352	525	174	343	558
451671604	1	116	4.331E-24	1	1270	1497	32	116	0.738	1.898E-26	29	104	105	1270	1497	228	1204	1602
451699999	1	123	3.384E-26	2	1	531	3	96	0.474	1.091E-19	5	111	248	1	315	315	1	339
451699999	1	123	3.384E-26	2	1	531	9	71	0.558	5.821E-12	157	220	248	343	531	189	343	558
451902167	1	69	6.096E-10	1	343	528	9	69	0.552	2.854E-11	44	106	114	343	528	186	343	558
451902623	1	68	1.219E-09	1	343	528	9	68	0.541	1.018E-10	32	94	123	343	528	186	343	558
451904225	1	65	9.753E-09	1	355	552	9	65	0.470	9.435E-10	24	95	111	355	552	198	343	558
 