g_name,c_name,c_num_of_genes,c_len,c_pct_assemby_len,c_genelenm,c_genelensd,c_pearson_r,c_pearson_p,c_gc_cont,c_gcdev,g_len,g_lendev_c,g_lendev_o,g_abspos,g_terminal,g_single,g_pearson_r_o,g_pearson_p_o,g_pearson_r_c,g_pearson_p_c,g_gc_cont,g_gcdev_c,g_gcdev_o
None-gene-2,JASKUS010000001.1,4731,54744915,1.0,2407.6597,3946.0102,1.0,0.0,0.3476,nan,279,0.0039,-0.5394,1.0,1,0,0.1591,0.0227,0.1591,0.0227,0.4194,0.6724,1.135
None-gene-910,JASKUS010000001.1,4731,54744915,1.0,2407.6597,3946.0102,1.0,0.0,0.3476,nan,462,0.0072,-0.4931,1.0,0,0,-0.0389,0.5421,-0.0389,0.5421,0.4004,0.6372,0.5871
None-gene-3818,JASKUS010000001.1,4731,54744915,1.0,2407.6597,3946.0102,1.0,0.0,0.3476,nan,591,0.0095,-0.4604,0.9999,0,0,0.0946,0.131,0.0946,0.131,0.4095,0.654,0.8489
None-gene-9933,JASKUS010000001.1,4731,54744915,1.0,2407.6597,3946.0102,1.0,0.0,0.3476,nan,630,0.0102,-0.4505,0.9996,0,0,0.0573,0.3681,0.0573,0.3681,0.4048,0.6452,0.7124
None-gene-14790,JASKUS010000001.1,4731,54744915,1.0,2407.6597,3946.0102,1.0,0.0,0.3476,nan,249,0.0033,-0.547,0.9995,0,0,-0.0275,0.6771,-0.0275,0.6771,0.3629,0.5673,-0.4996
None-gene-16425,JASKUS010000001.1,4731,54744915,1.0,2407.6597,3946.0102,1.0,0.0,0.3476,nan,627,0.0102,-0.4513,0.9994,0,0,0.0148,0.8165,0.0148,0.8165,0.4051,0.6459,0.7223
None-gene-17762,JASKUS010000001.1,4731,54744915,1.0,2407.6597,3946.0102,1.0,0.0,0.3476,nan,1371,0.0237,-0.2627,0.9994,0,0,0.0441,0.4826,0.0441,0.4826,0.4458,0.7216,1.8999
None-gene-19488,JASKUS010000001.1,4731,54744915,1.0,2407.6597,3946.0102,1.0,0.0,0.3476,nan,825,0.0138,-0.4011,0.9993,0,0,0.1039,0.1019,0.1039,0.1019,0.4248,0.6825,1.2914
None-gene-20450,JASKUS010000001.1,4731,54744915,1.0,2407.6597,3946.0102,1.0,0.0,0.3476,nan,606,0.0098,-0.4566,0.9993,0,0,0.1219,0.0514,0.1219,0.0514,0.4472,0.7243,1.9411
None-gene-22386,JASKUS010000001.1,4731,54744915,1.0,2407.6597,3946.0102,1.0,0.0,0.3476,nan,861,0.0144,-0.392,0.9992,0,0,0.0522,0.4055,0.0522,0.4055,0.3879,0.6139,0.2248
None-gene-35903,JASKUS010000001.1,4731,54744915,1.0,2407.6597,3946.0102,1.0,0.0,0.3476,nan,201,0.0024,-0.5592,0.9987,0,0,0.0794,0.2305,0.0794,0.2305,0.3881,0.6141,0.2288
None-gene-36827,JASKUS010000001.1,4731,54744915,1.0,2407.6597,3946.0102,1.0,0.0,0.3476,nan,66,0.0,-0.5934,0.9987,0,0,-0.0678,0.4735,-0.0678,0.4735,0.4394,0.7097,1.7152
None-gene-37011,JASKUS010000001.1,4731,54744915,1.0,2407.6597,3946.0102,1.0,0.0,0.3476,nan,672,0.011,-0.4399,0.9986,0,0,-0.0148,0.8131,-0.0148,0.8131,0.4851,0.7949,3.0392
None-gene-37739,JASKUS010000001.1,4731,54744915,1.0,2407.6597,3946.0102,1.0,0.0,0.3476,nan,168,0.0019,-0.5676,0.9986,0,0,-0.1809,0.0125,-0.1809,0.0125,0.5952,1.0,6.2278
None-gene-40008,JASKUS010000001.1,4731,54744915,1.0,2407.6597,3946.0102,1.0,0.0,0.3476,nan,312,0.0045,-0.5311,0.9985,0,0,0.0359,0.5674,0.0359,0.5674,0.4359,0.7032,1.614
None-gene-41109,JASKUS010000001.1,4731,54744915,1.0,2407.6597,3946.0102,1.0,0.0,0.3476,nan,396,0.006,-0.5098,0.9985,0,0,0.0628,0.3166,0.0628,0.3166,0.4015,0.6392,0.6184
None-gene-41581,JASKUS010000001.1,4731,54744915,1.0,2407.6597,3946.0102,1.0,0.0,0.3476,nan,444,0.0069,-0.4976,0.9985,0,0,0.0076,0.9054,0.0076,0.9054,0.3941,0.6255,0.405
None-gene-42033,JASKUS010000001.1,4731,54744915,1.0,2407.6597,3946.0102,1.0,0.0,0.3476,nan,918,0.0155,-0.3775,0.9985,0,0,0.0508,0.4185,0.0508,0.4185,0.4085,0.6522,0.8206
None-gene-42349,JASKUS010000001.1,4731,54744915,1.0,2407.6597,3946.0102,1.0,0.0,0.3476,nan,342,0.005,-0.5235,0.9985,0,0,-0.0152,0.8123,-0.0152,0.8123,0.4035,0.6429,0.6762
None-gene-44266,JASKUS010000001.1,4731,54744915,1.0,2407.6597,3946.0102,1.0,0.0,0.3476,nan,375,0.0056,-0.5151,0.9984,0,0,0.1437,0.0257,0.1437,0.0257,0.4267,0.686,1.3467
None-gene-45189,JASKUS010000001.1,4731,54744915,1.0,2407.6597,3946.0102,1.0,0.0,0.3476,nan,750,0.0124,-0.4201,0.9983,0,0,0.142,0.0231,0.142,0.0231,0.4387,0.7084,1.6942
None-gene-51765,JASKUS010000001.1,4731,54744915,1.0,2407.6597,3946.0102,1.0,0.0,0.3476,nan,456,0.0071,-0.4946,0.9981,0,0,-0.0048,0.9406,-0.0048,0.9406,0.3947,0.6266,0.4222
None-gene-52471,JASKUS010000001.1,4731,54744915,1.0,2407.6597,3946.0102,1.0,0.0,0.3476,nan,624,0.0101,-0.452,0.9981,0,0,0.0715,0.2545,0.0715,0.2545,0.4103,0.6555,0.8715
None-gene-54040,JASKUS010000001.1,4731,54744915,1.0,2407.6597,3946.0102,1.0,0.0,0.3476,nan,468,0.0073,-0.4915,0.998,0,0,-0.0171,0.792,-0.0171,0.792,0.4188,0.6714,1.119
None-gene-58937,JASKUS010000001.1,4731,54744915,1.0,2407.6597,3946.0102,1.0,0.0,0.3476,nan,348,0.0051,-0.522,0.9978,0,0,0.1477,0.018,0.1477,0.018,0.4052,0.646,0.7243
None-gene-59553,JASKUS010000001.1,4731,54744915,1.0,2407.6597,3946.0102,1.0,0.0,0.3476,nan,609,0.0099,-0.4558,0.9978,0,0,-0.0181,0.7798,-0.0181,0.7798,0.3988,0.6342,0.5404
None-gene-60944,JASKUS010000001.1,4731,54744915,1.0,2407.6597,3946.0102,1.0,0.0,0.3476,nan,294,0.0041,-0.5356,0.9978,0,0,-0.0209,0.7471,-0.0209,0.7471,0.4286,0.6896,1.4019
None-gene-66186,JASKUS010000001.1,4731,54744915,1.0,2407.6597,3946.0102,1.0,0.0,0.3476,nan,306,0.0044,-0.5326,0.9976,0,0,0.0845,0.1956,0.0845,0.1956,0.3889,0.6157,0.2528
None-gene-67085,JASKUS010000001.1,4731,54744915,1.0,2407.6597,3946.0102,1.0,0.0,0.3476,nan,117,0.0009,-0.5805,0.9975,0,0,0.0518,0.4792,0.0518,0.4792,0.547,0.9102,4.8313
None-gene-68920,JASKUS010000001.1,4731,54744915,1.0,2407.6597,3946.0102,1.0,0.0,0.3476,nan,6449,0.1158,1.0242,0.9975,0,0,0.073,0.2443,0.073,0.2443,0.4502,0.7298,2.0268
None-gene-69991,JASKUS010000001.1,4731,54744915,1.0,2407.6597,3946.0102,1.0,0.0,0.3476,nan,1959,0.0344,-0.1137,0.9974,0,0,0.0649,0.3009,0.0649,0.3009,0.4768,0.7794,2.7976
None-gene-72052,JASKUS010000001.1,4731,54744915,1.0,2407.6597,3946.0102,1.0,0.0,0.3476,nan,579,0.0093,-0.4634,0.9974,0,0,-0.0571,0.3706,-0.0571,0.3706,0.4093,0.6537,0.8446
None-gene-73715,JASKUS010000001.1,4731,54744915,1.0,2407.6597,3946.0102,1.0,0.0,0.3476,nan,1233,0.0212,-0.2977,0.9973,0,0,0.0268,0.67,0.0268,0.67,0.4574,0.7433,2.2372
None-gene-75179,JASKUS010000001.1,4731,54744915,1.0,2407.6597,3946.0102,1.0,0.0,0.3476,nan,636,0.0103,-0.449,0.9973,0,0,-0.0661,0.2995,-0.0661,0.2995,0.4182,0.6703,1.1027
None-gene-84922,JASKUS010000001.1,4731,54744915,1.0,2407.6597,3946.0102,1.0,0.0,0.3476,nan,384,0.0058,-0.5128,0.9969,0,0,-0.0596,0.342,-0.0596,0.342,0.4256,0.684,1.3155
None-gene-86763,JASKUS010000001.1,4731,54744915,1.0,2407.6597,3946.0102,1.0,0.0,0.3476,nan,228,0.0029,-0.5524,0.9968,0,0,0.2057,0.0011,0.2057,0.0011,0.4518,0.7328,2.0731
None-gene-87106,JASKUS010000001.1,4731,54744915,1.0,2407.6597,3946.0102,1.0,0.0,0.3476,nan,381,0.0057,-0.5136,0.9968,0,0,0.0576,0.3667,0.0576,0.3667,0.4226,0.6784,1.2282
None-gene-89599,JASKUS010000001.1,4731,54744915,1.0,2407.6597,3946.0102,1.0,0.0,0.3476,nan,435,0.0067,-0.4999,0.9967,0,0,0.0538,0.3913,0.0538,0.3913,0.4207,0.6749,1.1736
None-gene-90952,JASKUS010000001.1,4731,54744915,1.0,2407.6597,3946.0102,1.0,0.0,0.3476,nan,198,0.0024,-0.56,0.9967,0,0,0.0236,0.7599,0.0236,0.7599,0.2929,0.4369,-2.5258
None-gene-92377,JASKUS010000001.1,4731,54744915,1.0,2407.6597,3946.0102,1.0,0.0,0.3476,nan,300,0.0042,-0.5341,0.9966,0,0,-0.0266,0.6764,-0.0266,0.6764,0.45,0.7295,2.0223
None-gene-97726,JASKUS010000001.1,4731,54744915,1.0,2407.6597,3946.0102,1.0,0.0,0.3476,nan,213,0.0027,-0.5562,0.9964,0,0,-0.098,0.1239,-0.098,0.1239,0.4883,0.8008,3.1303
None-gene-100444,JASKUS010000001.1,4731,54744915,1.0,2407.6597,3946.0102,1.0,0.0,0.3476,nan,288,0.004,-0.5372,0.9963,0,0,0.0897,0.1722,0.0897,0.1722,0.4375,0.7062,1.6604
None-gene-102234,JASKUS010000001.1,4731,54744915,1.0,2407.6597,3946.0102,1.0,0.0,0.3476,nan,222,0.0028,-0.5539,0.9963,0,0,-0.007,0.9156,-0.007,0.9156,0.4369,0.7052,1.6441
None-gene-102989,JASKUS010000001.1,4731,54744915,1.0,2407.6597,3946.0102,1.0,0.0,0.3476,nan,696,0.0114,-0.4338,0.9962,0,0,0.0274,0.6622,0.0274,0.6622,0.3405,0.5256,-1.1478
None-gene-110762,JASKUS010000001.1,4731,54744915,1.0,2407.6597,3946.0102,1.0,0.0,0.3476,nan,201,0.0024,-0.5592,0.996,0,0,0.1499,0.0265,0.1499,0.0265,0.4229,0.679,1.2372
None-gene-122583,JASKUS010000001.1,4731,54744915,1.0,2407.6597,3946.0102,1.0,0.0,0.3476,nan,198,0.0024,-0.56,0.9955,0,0,-0.0135,0.8502,-0.0135,0.8502,0.3687,0.578,-0.3321
None-gene-125755,JASKUS010000001.1,4731,54744915,1.0,2407.6597,3946.0102,1.0,0.0,0.3476,nan,378,0.0057,-0.5144,0.9954,0,0,-0.0078,0.9021,-0.0078,0.9021,0.4206,0.6748,1.1721
None-gene-126676,JASKUS010000001.1,4731,54744915,1.0,2407.6597,3946.0102,1.0,0.0,0.3476,nan,234,0.003,-0.5508,0.9954,0,0,-0.0593,0.3905,-0.0593,0.3905,0.406,0.6475,0.7478
None-gene-127918,JASKUS010000001.1,4731,54744915,1.0,2407.6597,3946.0102,1.0,0.0,0.3476,nan,315,0.0045,-0.5303,0.9953,0,0,-0.0114,0.8608,-0.0114,0.8608,0.3905,0.6186,0.2988
None-gene-128526,JASKUS010000001.1,4731,54744915,1.0,2407.6597,3946.0102,1.0,0.0,0.3476,nan,708,0.0117,-0.4307,0.9953,0,0,-0.0039,0.9511,-0.0039,0.9511,0.4803,0.7859,2.8986
None-gene-129874,JASKUS010000001.1,4731,54744915,1.0,2407.6597,3946.0102,1.0,0.0,0.3476,nan,93,0.0005,-0.5866,0.9953,0,0,0.1007,0.2658,0.1007,0.2658,0.4301,0.6924,1.4463
None-gene-133584,JASKUS010000001.1,4731,54744915,1.0,2407.6597,3946.0102,1.0,0.0,0.3476,nan,1315,0.0227,-0.2769,0.9951,0,0,-0.0057,0.928,-0.0057,0.928,0.2281,0.3163,-4.4019
None-gene-134490,JASKUS010000001.1,4731,54744915,1.0,2407.6597,3946.0102,1.0,0.0,0.3476,nan,213,0.0027,-0.5562,0.9951,0,0,0.0363,0.6348,0.0363,0.6348,0.2817,0.416,-2.8512
None-gene-135039,JASKUS010000001.1,4731,54744915,1.0,2407.6597,3946.0102,1.0,0.0,0.3476,nan,1023,0.0174,-0.3509,0.9951,0,0,0.0079,0.9015,0.0079,0.9015,0.2805,0.4139,-2.8843
None-gene-135235,JASKUS010000001.1,4731,54744915,1.0,2407.6597,3946.0102,1.0,0.0,0.3476,nan,897,0.0151,-0.3828,0.9951,0,0,0.0241,0.7094,0.0241,0.7094,0.2887,0.4291,-2.6471
None-gene-136411,JASKUS010000001.1,4731,54744915,1.0,2407.6597,3946.0102,1.0,0.0,0.3476,nan,354,0.0052,-0.5204,0.995,0,0,0.1513,0.0524,0.1513,0.0524,0.1751,0.2176,-5.9364
None-gene-137119,JASKUS010000001.1,4731,54744915,1.0,2407.6597,3946.0102,1.0,0.0,0.3476,nan,294,0.0041,-0.5356,0.995,0,0,-0.1366,0.0638,-0.1366,0.0638,0.1939,0.2525,-5.3939
None-gene-138018,JASKUS010000001.1,4731,54744915,1.0,2407.6597,3946.0102,1.0,0.0,0.3476,nan,675,0.0111,-0.4391,0.995,0,0,-0.1315,0.045,-0.1315,0.045,0.2667,0.388,-3.2862
None-gene-138825,JASKUS010000001.1,4731,54744915,1.0,2407.6597,3946.0102,1.0,0.0,0.3476,nan,1668,0.0291,-0.1874,0.9949,0,0,0.0145,0.817,0.0145,0.817,0.2188,0.2989,-4.6715
None-gene-141026,JASKUS010000001.1,4731,54744915,1.0,2407.6597,3946.0102,1.0,0.0,0.3476,nan,234,0.003,-0.5508,0.9948,0,0,0.0318,0.6536,0.0318,0.6536,0.3034,0.4565,-2.222
None-gene-141031,JASKUS010000001.1,4731,54744915,1.0,2407.6597,3946.0102,1.0,0.0,0.3476,nan,318,0.0046,-0.5296,0.9948,0,0,0.0868,0.207,0.0868,0.207,0.2484,0.3541,-3.8143
None-gene-141537,JASKUS010000001.1,4731,54744915,1.0,2407.6597,3946.0102,1.0,0.0,0.3476,nan,705,0.0116,-0.4315,0.9948,0,0,-0.0254,0.702,-0.0254,0.702,0.2908,0.4329,-2.588
None-gene-142268,JASKUS010000001.1,4731,54744915,1.0,2407.6597,3946.0102,1.0,0.0,0.3476,nan,672,0.011,-0.4399,0.9948,0,0,0.0381,0.5508,0.0381,0.5508,0.25,0.357,-3.7688
None-gene-142951,JASKUS010000001.1,4731,54744915,1.0,2407.6597,3946.0102,1.0,0.0,0.3476,nan,120,0.001,-0.5797,0.9948,0,0,0.157,0.3334,0.157,0.3334,0.0583,0.0,-9.3187
None-gene-145368,JASKUS010000001.1,4731,54744915,1.0,2407.6597,3946.0102,1.0,0.0,0.3476,nan,630,0.0102,-0.4505,0.9947,0,0,0.0055,0.9316,0.0055,0.9316,0.3811,0.6012,0.0282
None-gene-146809,JASKUS010000001.1,4731,54744915,1.0,2407.6597,3946.0102,1.0,0.0,0.3476,nan,171,0.0019,-0.5668,0.9946,0,0,0.0168,0.8319,0.0168,0.8319,0.2924,0.436,-2.5412
None-gene-147084,JASKUS010000001.1,4731,54744915,1.0,2407.6597,3946.0102,1.0,0.0,0.3476,nan,1119,0.0191,-0.3266,0.9946,0,0,0.2132,0.0006,0.2132,0.0006,0.3405,0.5255,-1.1488
None-gene-150884,JASKUS010000001.1,4731,54744915,1.0,2407.6597,3946.0102,1.0,0.0,0.3476,nan,258,0.0035,-0.5448,0.9945,0,0,-0.0214,0.7408,-0.0214,0.7408,0.4457,0.7215,1.8989
None-gene-167595,JASKUS010000001.1,4731,54744915,1.0,2407.6597,3946.0102,1.0,0.0,0.3476,nan,9948,0.1793,1.9109,0.9939,0,0,0.2518,0.0,0.2518,0.0,0.4169,0.6678,1.0627
None-gene-169583,JASKUS010000001.1,4731,54744915,1.0,2407.6597,3946.0102,1.0,0.0,0.3476,nan,390,0.0059,-0.5113,0.9938,0,0,0.0045,0.9429,0.0045,0.9429,0.4385,0.708,1.6882
None-gene-170081,JASKUS010000001.1,4731,54744915,1.0,2407.6597,3946.0102,1.0,0.0,0.3476,nan,264,0.0036,-0.5432,0.9938,0,0,-0.0291,0.6574,-0.0291,0.6574,0.4129,0.6604,0.9475
None-gene-175655,JASKUS010000001.1,4731,54744915,1.0,2407.6597,3946.0102,1.0,0.0,0.3476,nan,315,0.0045,-0.5303,0.9936,0,0,0.0593,0.3516,0.0593,0.3516,0.4762,0.7783,2.7807
None-gene-204685,JASKUS010000001.1,4731,54744915,1.0,2407.6597,3946.0102,1.0,0.0,0.3476,nan,842,0.0141,-0.3968,0.9925,0,0,0.0424,0.4993,0.0424,0.4993,0.4359,0.7032,1.6131
None-gene-205111,JASKUS010000001.1,4731,54744915,1.0,2407.6597,3946.0102,1.0,0.0,0.3476,nan,183,0.0021,-0.5638,0.9925,0,0,-0.0188,0.7689,-0.0188,0.7689,0.4809,0.787,2.9163
None-gene-206211,JASKUS010000001.1,4731,54744915,1.0,2407.6597,3946.0102,1.0,0.0,0.3476,nan,219,0.0028,-0.5547,0.9925,0,0,-0.0122,0.8504,-0.0122,0.8504,0.4612,0.7503,2.3463
None-gene-209835,JASKUS010000001.1,4731,54744915,1.0,2407.6597,3946.0102,1.0,0.0,0.3476,nan,486,0.0076,-0.487,0.9923,0,0,0.0774,0.2243,0.0774,0.2243,0.4033,0.6425,0.6699
None-gene-210497,JASKUS010000001.1,4731,54744915,1.0,2407.6597,3946.0102,1.0,0.0,0.3476,nan,228,0.0029,-0.5524,0.9923,0,0,0.0116,0.8598,0.0116,0.8598,0.4167,0.6674,1.0572
None-gene-215058,JASKUS010000001.1,4731,54744915,1.0,2407.6597,3946.0102,1.0,0.0,0.3476,nan,1960,0.0344,-0.1134,0.9921,0,0,0.1496,0.0166,0.1496,0.0166,0.433,0.6977,1.5288
None-gene-217138,JASKUS010000001.1,4731,54744915,1.0,2407.6597,3946.0102,1.0,0.0,0.3476,nan,684,0.0112,-0.4368,0.9921,0,0,-0.1041,0.0964,-0.1041,0.0964,0.462,0.7518,2.3695
None-gene-222662,JASKUS010000001.1,4731,54744915,1.0,2407.6597,3946.0102,1.0,0.0,0.3476,nan,390,0.0059,-0.5113,0.9919,0,0,0.1326,0.0368,0.1326,0.0368,0.4113,0.6574,0.9021
None-gene-226965,JASKUS010000001.1,4731,54744915,1.0,2407.6597,3946.0102,1.0,0.0,0.3476,nan,561,0.009,-0.468,0.9917,0,0,0.0731,0.2441,0.0731,0.2441,0.4153,0.6649,1.0184
None-gene-228437,JASKUS010000001.1,4731,54744915,1.0,2407.6597,3946.0102,1.0,0.0,0.3476,nan,1229,0.0211,-0.2987,0.9917,0,0,0.2045,0.001,0.2045,0.001,0.3615,0.5647,-0.5398
None-gene-235011,JASKUS010000001.1,4731,54744915,1.0,2407.6597,3946.0102,1.0,0.0,0.3476,nan,117,0.0009,-0.5805,0.9914,0,0,0.045,0.541,0.045,0.541,0.3932,0.6236,0.3766
None-gene-245331,JASKUS010000001.1,4731,54744915,1.0,2407.6597,3946.0102,1.0,0.0,0.3476,nan,192,0.0023,-0.5615,0.991,0,0,-0.0634,0.3716,-0.0634,0.3716,0.4635,0.7547,2.4145
None-gene-245334,JASKUS010000001.1,4731,54744915,1.0,2407.6597,3946.0102,1.0,0.0,0.3476,nan,198,0.0024,-0.56,0.991,0,0,-0.0615,0.3731,-0.0615,0.3731,0.4697,0.7662,2.5927
None-gene-265857,JASKUS010000001.1,4731,54744915,1.0,2407.6597,3946.0102,1.0,0.0,0.3476,nan,333,0.0048,-0.5258,0.9903,0,0,0.1697,0.0083,0.1697,0.0083,0.4024,0.6408,0.6441
None-gene-266600,JASKUS010000001.1,4731,54744915,1.0,2407.6597,3946.0102,1.0,0.0,0.3476,nan,525,0.0083,-0.4771,0.9903,0,0,0.0407,0.5164,0.0407,0.5164,0.3867,0.6115,0.1885
None-gene-300864,JASKUS010000001.1,4731,54744915,1.0,2407.6597,3946.0102,1.0,0.0,0.3476,nan,183,0.0021,-0.5638,0.989,0,0,0.0016,0.981,0.0016,0.981,0.3661,0.5733,-0.4065
None-gene-303395,JASKUS010000001.1,4731,54744915,1.0,2407.6597,3946.0102,1.0,0.0,0.3476,nan,348,0.0051,-0.522,0.9889,0,0,0.0713,0.2784,0.0713,0.2784,0.3736,0.5871,-0.1909
None-gene-303973,JASKUS010000001.1,4731,54744915,1.0,2407.6597,3946.0102,1.0,0.0,0.3476,nan,762,0.0126,-0.417,0.9889,0,0,-0.0041,0.9485,-0.0041,0.9485,0.3766,0.5929,-0.1018
None-gene-305096,JASKUS010000001.1,4731,54744915,1.0,2407.6597,3946.0102,1.0,0.0,0.3476,nan,444,0.0069,-0.4976,0.9889,0,0,0.1607,0.0127,0.1607,0.0127,0.3671,0.5751,-0.3776
None-gene-313080,JASKUS010000001.1,4731,54744915,1.0,2407.6597,3946.0102,1.0,0.0,0.3476,nan,315,0.0045,-0.5303,0.9886,0,0,0.1753,0.0062,0.1753,0.0062,0.4032,0.6423,0.6665
None-gene-316064,JASKUS010000001.1,4731,54744915,1.0,2407.6597,3946.0102,1.0,0.0,0.3476,nan,282,0.0039,-0.5387,0.9885,0,0,-0.0619,0.3306,-0.0619,0.3306,0.422,0.6773,1.2112
None-gene-317887,JASKUS010000001.1,4731,54744915,1.0,2407.6597,3946.0102,1.0,0.0,0.3476,nan,2493,0.044,0.0216,0.9884,0,0,0.186,0.0028,0.186,0.0028,0.3821,0.6031,0.0574
None-gene-325152,JASKUS010000001.1,4731,54744915,1.0,2407.6597,3946.0102,1.0,0.0,0.3476,nan,252,0.0034,-0.5463,0.9881,0,0,-0.0788,0.2228,-0.0788,0.2228,0.4524,0.7339,2.0913
None-gene-338553,JASKUS010000001.1,4731,54744915,1.0,2407.6597,3946.0102,1.0,0.0,0.3476,nan,626,0.0102,-0.4515,0.9876,0,0,-0.0177,0.7783,-0.0177,0.7783,0.3935,0.6243,0.3874
None-gene-344395,JASKUS010000001.1,4731,54744915,1.0,2407.6597,3946.0102,1.0,0.0,0.3476,nan,144,0.0014,-0.5737,0.9874,0,0,0.1807,0.0099,0.1807,0.0099,0.5208,0.8614,4.0734
None-gene-346092,JASKUS010000001.1,4731,54744915,1.0,2407.6597,3946.0102,1.0,0.0,0.3476,nan,629,0.0102,-0.4507,0.9874,0,0,0.1575,0.0161,0.1575,0.0161,0.3251,0.4969,-1.593
None-gene-348590,JASKUS010000001.1,4731,54744915,1.0,2407.6597,3946.0102,1.0,0.0,0.3476,nan,792,0.0132,-0.4094,0.9873,0,0,0.0399,0.5255,0.0399,0.5255,0.3864,0.611,0.1797
None-gene-356525,JASKUS010000001.1,4731,54744915,1.0,2407.6597,3946.0102,1.0,0.0,0.3476,nan,342,0.005,-0.5235,0.987,0,0,0.0498,0.4421,0.0498,0.4421,0.4444,0.7191,1.8615
None-gene-362686,JASKUS010000001.1,4731,54744915,1.0,2407.6597,3946.0102,1.0,0.0,0.3476,nan,126,0.0011,-0.5782,0.9868,0,0,0.0749,0.3017,0.0749,0.3017,0.5079,0.8374,3.6999
None-gene-363270,JASKUS010000001.1,4731,54744915,1.0,2407.6597,3946.0102,1.0,0.0,0.3476,nan,2466,0.0436,0.0148,0.9867,0,0,0.108,0.0845,0.108,0.0845,0.4351,0.7018,1.5914
None-gene-365952,JASKUS010000001.1,4731,54744915,1.0,2407.6597,3946.0102,1.0,0.0,0.3476,nan,261,0.0035,-0.544,0.9866,0,0,0.0126,0.8481,0.0126,0.8481,0.4828,0.7905,2.9709
None-gene-367241,JASKUS010000001.1,4731,54744915,1.0,2407.6597,3946.0102,1.0,0.0,0.3476,nan,915,0.0154,-0.3783,0.9866,0,0,0.189,0.0024,0.189,0.0024,0.3945,0.6262,0.4163
None-gene-381573,JASKUS010000001.1,4731,54744915,1.0,2407.6597,3946.0102,1.0,0.0,0.3476,nan,3077,0.0546,0.1696,0.9861,0,0,0.212,0.0006,0.212,0.0006,0.3832,0.605,0.0871
None-gene-384910,JASKUS010000001.1,4731,54744915,1.0,2407.6597,3946.0102,1.0,0.0,0.3476,nan,4129,0.0737,0.4362,0.9859,0,0,0.1226,0.05,0.1226,0.05,0.3611,0.5639,-0.5517
None-gene-394341,JASKUS010000001.1,4731,54744915,1.0,2407.6597,3946.0102,1.0,0.0,0.3476,nan,8544,0.1539,1.5551,0.9856,0,0,0.2626,0.0,0.2626,0.0,0.4019,0.6399,0.6301
None-gene-413567,JASKUS010000001.1,4731,54744915,1.0,2407.6597,3946.0102,1.0,0.0,0.3476,nan,2897,0.0514,0.124,0.9849,0,0,0.1792,0.004,0.1792,0.004,0.4087,0.6526,0.8264
None-gene-421674,JASKUS010000001.1,4731,54744915,1.0,2407.6597,3946.0102,1.0,0.0,0.3476,nan,460,0.0072,-0.4936,0.9846,0,0,-0.0815,0.1934,-0.0815,0.1934,0.3935,0.6242,0.3857
None-gene-428322,JASKUS010000001.1,4731,54744915,1.0,2407.6597,3946.0102,1.0,0.0,0.3476,nan,483,0.0076,-0.4877,0.9844,0,0,0.0694,0.2684,0.0694,0.2684,0.4576,0.7436,2.2412
None-gene-428969,JASKUS010000001.1,4731,54744915,1.0,2407.6597,3946.0102,1.0,0.0,0.3476,nan,2830,0.0502,0.107,0.9843,0,0,0.3063,0.0,0.3063,0.0,0.4194,0.6726,1.1373
None-gene-437159,JASKUS010000001.1,4731,54744915,1.0,2407.6597,3946.0102,1.0,0.0,0.3476,nan,306,0.0044,-0.5326,0.984,0,0,-0.0249,0.6961,-0.0249,0.6961,0.4477,0.7252,1.9561
None-gene-437832,JASKUS010000001.1,4731,54744915,1.0,2407.6597,3946.0102,1.0,0.0,0.3476,nan,325,0.0047,-0.5278,0.984,0,0,-0.0334,0.6235,-0.0334,0.6235,0.4369,0.7051,1.6437
None-gene-439174,JASKUS010000001.1,4731,54744915,1.0,2407.6597,3946.0102,1.0,0.0,0.3476,nan,2110,0.0371,-0.0754,0.984,0,0,0.1928,0.0019,0.1928,0.0019,0.4123,0.6593,0.9314
None-gene-447389,JASKUS010000001.1,4731,54744915,1.0,2407.6597,3946.0102,1.0,0.0,0.3476,nan,1302,0.0224,-0.2802,0.9837,0,0,0.0071,0.9097,0.0071,0.9097,0.4009,0.6381,0.6012
None-gene-452120,JASKUS010000001.1,4731,54744915,1.0,2407.6597,3946.0102,1.0,0.0,0.3476,nan,748,0.0124,-0.4206,0.9835,0,0,0.0714,0.2549,0.0714,0.2549,0.377,0.5935,-0.0913
None-gene-455973,JASKUS010000001.1,4731,54744915,1.0,2407.6597,3946.0102,1.0,0.0,0.3476,nan,1485,0.0258,-0.2338,0.9833,0,0,0.0952,0.1287,0.0952,0.1287,0.4047,0.6451,0.711
None-gene-456095,JASKUS010000001.1,4731,54744915,1.0,2407.6597,3946.0102,1.0,0.0,0.3476,nan,309,0.0044,-0.5318,0.9833,0,0,0.1271,0.0455,0.1271,0.0455,0.4013,0.6388,0.612
None-gene-458041,JASKUS010000001.1,4731,54744915,1.0,2407.6597,3946.0102,1.0,0.0,0.3476,nan,448,0.0069,-0.4966,0.9833,0,0,-0.0192,0.7593,-0.0192,0.7593,0.4308,0.6937,1.4665
None-gene-480290,JASKUS010000001.1,4731,54744915,1.0,2407.6597,3946.0102,1.0,0.0,0.3476,nan,1071,0.0182,-0.3387,0.9825,0,0,0.0465,0.4586,0.0465,0.4586,0.4062,0.6478,0.753
None-gene-481540,JASKUS010000001.1,4731,54744915,1.0,2407.6597,3946.0102,1.0,0.0,0.3476,nan,282,0.0039,-0.5387,0.9824,0,0,0.1227,0.0694,0.1227,0.0694,0.3759,0.5915,-0.1237
None-gene-483700,JASKUS010000001.1,4731,54744915,1.0,2407.6597,3946.0102,1.0,0.0,0.3476,nan,482,0.0075,-0.488,0.9823,0,0,0.1082,0.084,0.1082,0.084,0.4212,0.6758,1.1873
None-gene-488588,JASKUS010000001.1,4731,54744915,1.0,2407.6597,3946.0102,1.0,0.0,0.3476,nan,6486,0.1165,1.0335,0.9822,0,0,0.2761,0.0,0.2761,0.0,0.3813,0.6015,0.0326
None-gene-489408,JASKUS010000001.1,4731,54744915,1.0,2407.6597,3946.0102,1.0,0.0,0.3476,nan,147,0.0015,-0.5729,0.9821,0,0,-0.0354,0.6388,-0.0354,0.6388,0.4558,0.7403,2.1898
None-gene-497188,JASKUS010000001.1,4731,54744915,1.0,2407.6597,3946.0102,1.0,0.0,0.3476,nan,12958,0.234,2.6737,0.9818,0,0,0.2252,0.0003,0.2252,0.0003,0.3988,0.6341,0.5398
None-gene-514443,JASKUS010000001.1,4731,54744915,1.0,2407.6597,3946.0102,1.0,0.0,0.3476,nan,1817,0.0318,-0.1497,0.9812,0,0,0.2451,0.0001,0.2451,0.0001,0.4205,0.6745,1.1674
None-gene-522864,JASKUS010000001.1,4731,54744915,1.0,2407.6597,3946.0102,1.0,0.0,0.3476,nan,1358,0.0234,-0.266,0.9809,0,0,0.0941,0.1332,0.0941,0.1332,0.447,0.7239,1.9349
None-gene-524320,JASKUS010000001.1,4731,54744915,1.0,2407.6597,3946.0102,1.0,0.0,0.3476,nan,2484,0.0439,0.0193,0.9808,0,0,0.107,0.0875,0.107,0.0875,0.438,0.7071,1.675
None-gene-533678,JASKUS010000001.1,4731,54744915,1.0,2407.6597,3946.0102,1.0,0.0,0.3476,nan,819,0.0137,-0.4026,0.9805,0,0,0.1063,0.0897,0.1063,0.0897,0.442,0.7146,1.7908
None-gene-537039,JASKUS010000001.1,4731,54744915,1.0,2407.6597,3946.0102,1.0,0.0,0.3476,nan,183,0.0021,-0.5638,0.9804,0,0,0.0831,0.2205,0.0831,0.2205,0.4262,0.6852,1.3341
None-gene-541513,JASKUS010000001.1,4731,54744915,1.0,2407.6597,3946.0102,1.0,0.0,0.3476,nan,20058,0.3628,4.473,0.9802,0,0,0.419,0.0,0.419,0.0,0.3564,0.5552,-0.6866
None-gene-577426,JASKUS010000001.1,4731,54744915,1.0,2407.6597,3946.0102,1.0,0.0,0.3476,nan,126,0.0011,-0.5782,0.9789,0,0,-0.0058,0.9316,-0.0058,0.9316,0.4603,0.7487,2.3211
None-gene-582261,JASKUS010000001.1,4731,54744915,1.0,2407.6597,3946.0102,1.0,0.0,0.3476,nan,222,0.0028,-0.5539,0.9787,0,0,0.0945,0.1706,0.0945,0.1706,0.4595,0.7471,2.2963
None-gene-582503,JASKUS010000001.1,4731,54744915,1.0,2407.6597,3946.0102,1.0,0.0,0.3476,nan,731,0.0121,-0.4249,0.9787,0,0,0.0047,0.9399,0.0047,0.9399,0.4637,0.7551,2.4204
None-gene-583236,JASKUS010000001.1,4731,54744915,1.0,2407.6597,3946.0102,1.0,0.0,0.3476,nan,171,0.0019,-0.5668,0.9787,0,0,0.0029,0.9669,0.0029,0.9669,0.4912,0.8063,3.2161
None-gene-587580,JASKUS010000001.1,4731,54744915,1.0,2407.6597,3946.0102,1.0,0.0,0.3476,nan,153,0.0016,-0.5714,0.9785,0,0,0.0626,0.369,0.0626,0.369,0.4379,0.707,1.6722
None-gene-598870,JASKUS010000001.1,4731,54744915,1.0,2407.6597,3946.0102,1.0,0.0,0.3476,nan,9179,0.1654,1.716,0.9781,0,0,0.3613,0.0,0.3613,0.0,0.3502,0.5435,-0.8688
None-gene-600071,JASKUS010000001.1,4731,54744915,1.0,2407.6597,3946.0102,1.0,0.0,0.3476,nan,1076,0.0183,-0.3375,0.9781,0,0,0.0435,0.4885,0.0435,0.4885,0.447,0.724,1.9362
None-gene-638976,JASKUS010000001.1,4731,54744915,1.0,2407.6597,3946.0102,1.0,0.0,0.3476,nan,440,0.0068,-0.4986,0.9767,0,0,0.098,0.141,0.098,0.141,0.4147,0.6638,1.0004
None-gene-645714,JASKUS010000001.1,4731,54744915,1.0,2407.6597,3946.0102,1.0,0.0,0.3476,nan,135,0.0013,-0.5759,0.9764,0,0,0.1802,0.0107,0.1802,0.0107,0.4519,0.7329,2.076
None-gene-660796,JASKUS010000001.1,4731,54744915,1.0,2407.6597,3946.0102,1.0,0.0,0.3476,nan,1149,0.0197,-0.319,0.9759,0,0,0.0516,0.4106,0.0516,0.4106,0.4595,0.7472,2.2983
None-gene-682749,JASKUS010000001.1,4731,54744915,1.0,2407.6597,3946.0102,1.0,0.0,0.3476,nan,2783,0.0493,0.0951,0.9751,0,0,0.1429,0.0222,0.1429,0.0222,0.3331,0.5117,-1.3628
None-gene-690976,JASKUS010000001.1,4731,54744915,1.0,2407.6597,3946.0102,1.0,0.0,0.3476,nan,1668,0.0291,-0.1874,0.9748,0,0,0.0887,0.1569,0.0887,0.1569,0.3429,0.5301,-1.0781
None-gene-699493,JASKUS010000001.1,4731,54744915,1.0,2407.6597,3946.0102,1.0,0.0,0.3476,nan,348,0.0051,-0.522,0.9744,0,0,0.1583,0.0139,0.1583,0.0139,0.4397,0.7102,1.7228
None-gene-732889,JASKUS010000001.1,4731,54744915,1.0,2407.6597,3946.0102,1.0,0.0,0.3476,nan,6701,0.1204,1.088,0.9732,0,0,0.3623,0.0,0.3623,0.0,0.3489,0.5412,-0.905
None-gene-741569,JASKUS010000001.1,4731,54744915,1.0,2407.6597,3946.0102,1.0,0.0,0.3476,nan,1512,0.0262,-0.227,0.9729,0,0,0.2501,0.0001,0.2501,0.0001,0.4193,0.6723,1.1338
None-gene-743431,JASKUS010000001.1,4731,54744915,1.0,2407.6597,3946.0102,1.0,0.0,0.3476,nan,210,0.0026,-0.5569,0.9728,0,0,0.0635,0.3744,0.0635,0.3744,0.3876,0.6132,0.2143
None-gene-746599,JASKUS010000001.1,4731,54744915,1.0,2407.6597,3946.0102,1.0,0.0,0.3476,nan,4500,0.0805,0.5302,0.9727,0,0,0.3011,0.0,0.3011,0.0,0.4262,0.6852,1.3338
None-gene-756803,JASKUS010000001.1,4731,54744915,1.0,2407.6597,3946.0102,1.0,0.0,0.3476,nan,2522,0.0446,0.029,0.9724,0,0,0.154,0.0136,0.154,0.0136,0.4231,0.6793,1.2428
None-gene-759469,JASKUS010000001.1,4731,54744915,1.0,2407.6597,3946.0102,1.0,0.0,0.3476,nan,3964,0.0707,0.3944,0.9723,0,0,0.2036,0.0011,0.2036,0.0011,0.385,0.6084,0.1392
None-gene-769913,JASKUS010000001.1,4731,54744915,1.0,2407.6597,3946.0102,1.0,0.0,0.3476,nan,126,0.0011,-0.5782,0.9719,0,0,0.1038,0.1509,0.1038,0.1509,0.4206,0.6748,1.1721
None-gene-770001,JASKUS010000001.1,4731,54744915,1.0,2407.6597,3946.0102,1.0,0.0,0.3476,nan,7253,0.1304,1.2279,0.9719,0,0,0.3153,0.0,0.3153,0.0,0.3627,0.567,-0.5041
None-gene-784098,JASKUS010000001.1,4731,54744915,1.0,2407.6597,3946.0102,1.0,0.0,0.3476,nan,1937,0.034,-0.1193,0.9714,0,0,0.2783,0.0,0.2783,0.0,0.4517,0.7327,2.0724
None-gene-787114,JASKUS010000001.1,4731,54744915,1.0,2407.6597,3946.0102,1.0,0.0,0.3476,nan,1550,0.0269,-0.2173,0.9712,0,0,-0.0222,0.7239,-0.0222,0.7239,0.3839,0.6063,0.1075
None-gene-791717,JASKUS010000001.1,4731,54744915,1.0,2407.6597,3946.0102,1.0,0.0,0.3476,nan,6124,0.1099,0.9418,0.9711,0,0,0.3244,0.0,0.3244,0.0,0.3752,0.5901,-0.1445
None-gene-806571,JASKUS010000001.1,4731,54744915,1.0,2407.6597,3946.0102,1.0,0.0,0.3476,nan,2337,0.0412,-0.0179,0.9705,0,0,0.1144,0.0675,0.1144,0.0675,0.4365,0.7043,1.6302
None-gene-819197,JASKUS010000001.1,4731,54744915,1.0,2407.6597,3946.0102,1.0,0.0,0.3476,nan,1488,0.0258,-0.2331,0.9701,0,0,0.1484,0.0175,0.1484,0.0175,0.4301,0.6924,1.4463
None-gene-822641,JASKUS010000001.1,4731,54744915,1.0,2407.6597,3946.0102,1.0,0.0,0.3476,nan,549,0.0088,-0.471,0.9699,0,0,0.0379,0.5527,0.0379,0.5527,0.4608,0.7497,2.3362
None-gene-827971,JASKUS010000001.1,4731,54744915,1.0,2407.6597,3946.0102,1.0,0.0,0.3476,nan,1655,0.0288,-0.1907,0.9698,0,0,0.2053,0.001,0.2053,0.001,0.4163,0.6667,1.0469
None-gene-840992,JASKUS010000001.1,4731,54744915,1.0,2407.6597,3946.0102,1.0,0.0,0.3476,nan,1075,0.0183,-0.3377,0.9693,0,0,0.1455,0.0199,0.1455,0.0199,0.4419,0.7143,1.7867
None-gene-875482,JASKUS010000001.1,4731,54744915,1.0,2407.6597,3946.0102,1.0,0.0,0.3476,nan,762,0.0126,-0.417,0.968,0,0,0.1327,0.0338,0.1327,0.0338,0.4528,0.7346,2.1021
None-gene-902696,JASKUS010000001.1,4731,54744915,1.0,2407.6597,3946.0102,1.0,0.0,0.3476,nan,2074,0.0364,-0.0846,0.967,0,0,0.1915,0.0021,0.1915,0.0021,0.4388,0.7086,1.697
None-gene-916260,JASKUS010000001.1,4731,54744915,1.0,2407.6597,3946.0102,1.0,0.0,0.3476,nan,1181,0.0202,-0.3109,0.9665,0,0,0.1274,0.0416,0.1274,0.0416,0.376,0.5916,-0.1218
None-gene-940667,JASKUS010000001.1,4731,54744915,1.0,2407.6597,3946.0102,1.0,0.0,0.3476,nan,93,0.0005,-0.5866,0.9656,0,0,-0.0376,0.631,-0.0376,0.631,0.4086,0.6524,0.8236
None-gene-957636,JASKUS010000001.1,4731,54744915,1.0,2407.6597,3946.0102,1.0,0.0,0.3476,nan,480,0.0075,-0.4885,0.965,0,0,0.1846,0.004,0.1846,0.004,0.4062,0.648,0.7555
None-gene-978885,JASKUS010000001.1,4731,54744915,1.0,2407.6597,3946.0102,1.0,0.0,0.3476,nan,195,0.0023,-0.5607,0.9642,0,0,0.1705,0.0241,0.1705,0.0241,0.4462,0.7223,1.911
None-gene-1116969,JASKUS010000001.1,4731,54744915,1.0,2407.6597,3946.0102,1.0,0.0,0.3476,nan,624,0.0101,-0.452,0.9592,0,0,0.0968,0.1222,0.0968,0.1222,0.4776,0.7808,2.8205
None-gene-1165886,JASKUS010000001.1,4731,54744915,1.0,2407.6597,3946.0102,1.0,0.0,0.3476,nan,5122,0.0918,0.6879,0.9574,0,0,0.2564,0.0,0.2564,0.0,0.3869,0.612,0.1952
None-gene-1171179,JASKUS010000001.1,4731,54744915,1.0,2407.6597,3946.0102,1.0,0.0,0.3476,nan,1341,0.0231,-0.2703,0.9572,0,0,0.1491,0.017,0.1491,0.017,0.4034,0.6428,0.6739
None-gene-1205408,JASKUS010000001.1,4731,54744915,1.0,2407.6597,3946.0102,1.0,0.0,0.3476,nan,192,0.0023,-0.5615,0.956,0,0,0.1076,0.1067,0.1076,0.1067,0.4792,0.7838,2.8669
None-gene-1222234,JASKUS010000001.1,4731,54744915,1.0,2407.6597,3946.0102,1.0,0.0,0.3476,nan,2146,0.0377,-0.0663,0.9553,0,0,0.1136,0.0696,0.1136,0.0696,0.3691,0.5787,-0.3214
None-gene-1231557,JASKUS010000001.1,4731,54744915,1.0,2407.6597,3946.0102,1.0,0.0,0.3476,nan,3010,0.0534,0.1526,0.955,0,0,0.149,0.017,0.149,0.017,0.4368,0.7048,1.6393
None-gene-1242600,JASKUS010000001.1,4731,54744915,1.0,2407.6597,3946.0102,1.0,0.0,0.3476,nan,216,0.0027,-0.5554,0.9546,0,0,0.1114,0.1009,0.1114,0.1009,0.4213,0.676,1.1912
None-gene-1253022,JASKUS010000001.1,4731,54744915,1.0,2407.6597,3946.0102,1.0,0.0,0.3476,nan,1021,0.0173,-0.3514,0.9542,0,0,0.018,0.7747,0.018,0.7747,0.4447,0.7195,1.8678
None-gene-1253087,JASKUS010000001.1,4731,54744915,1.0,2407.6597,3946.0102,1.0,0.0,0.3476,nan,417,0.0064,-0.5045,0.9542,0,0,0.1474,0.0183,0.1474,0.0183,0.4628,0.7534,2.3938
None-gene-1266218,JASKUS010000001.1,4731,54744915,1.0,2407.6597,3946.0102,1.0,0.0,0.3476,nan,1645,0.0287,-0.1933,0.9537,0,0,0.0334,0.5948,0.0334,0.5948,0.4058,0.6472,0.7432
None-gene-1276498,JASKUS010000001.1,4731,54744915,1.0,2407.6597,3946.0102,1.0,0.0,0.3476,nan,5689,0.102,0.8316,0.9534,0,0,0.3014,0.0,0.3014,0.0,0.4057,0.647,0.7395
None-gene-1284045,JASKUS010000001.1,4731,54744915,1.0,2407.6597,3946.0102,1.0,0.0,0.3476,nan,1769,0.0309,-0.1618,0.9531,0,0,0.1507,0.0158,0.1507,0.0158,0.4568,0.7421,2.2179
None-gene-1301253,JASKUS010000001.1,4731,54744915,1.0,2407.6597,3946.0102,1.0,0.0,0.3476,nan,606,0.0098,-0.4566,0.9525,0,0,0.0718,0.2592,0.0718,0.2592,0.4043,0.6444,0.6988
None-gene-1305331,JASKUS010000001.1,4731,54744915,1.0,2407.6597,3946.0102,1.0,0.0,0.3476,nan,3221,0.0573,0.2061,0.9523,0,0,0.321,0.0,0.321,0.0,0.4471,0.724,1.9374
None-gene-1311173,JASKUS010000001.1,4731,54744915,1.0,2407.6597,3946.0102,1.0,0.0,0.3476,nan,3659,0.0652,0.3171,0.9521,0,0,0.235,0.0001,0.235,0.0001,0.4231,0.6793,1.2425
None-gene-1316306,JASKUS010000001.1,4731,54744915,1.0,2407.6597,3946.0102,1.0,0.0,0.3476,nan,321,0.0046,-0.5288,0.9519,0,0,0.086,0.1977,0.086,0.1977,0.405,0.6456,0.7189
None-gene-1316955,JASKUS010000001.1,4731,54744915,1.0,2407.6597,3946.0102,1.0,0.0,0.3476,nan,468,0.0073,-0.4915,0.9519,0,0,0.1172,0.0655,0.1172,0.0655,0.3611,0.5639,-0.5515
None-gene-1318771,JASKUS010000001.1,4731,54744915,1.0,2407.6597,3946.0102,1.0,0.0,0.3476,nan,129,0.0011,-0.5775,0.9518,0,0,-0.0059,0.9368,-0.0059,0.9368,0.4031,0.6421,0.6643
None-gene-1319087,JASKUS010000001.1,4731,54744915,1.0,2407.6597,3946.0102,1.0,0.0,0.3476,nan,1728,0.0302,-0.1722,0.9518,0,0,0.2293,0.0002,0.2293,0.0002,0.397,0.6308,0.4874
None-gene-1329426,JASKUS010000001.1,4731,54744915,1.0,2407.6597,3946.0102,1.0,0.0,0.3476,nan,1480,0.0257,-0.2351,0.9514,0,0,0.0722,0.2499,0.0722,0.2499,0.4473,0.7245,1.9441
None-gene-1329769,JASKUS010000001.1,4731,54744915,1.0,2407.6597,3946.0102,1.0,0.0,0.3476,nan,189,0.0022,-0.5623,0.9514,0,0,-0.0602,0.3844,-0.0602,0.3844,0.4392,0.7093,1.7083
None-gene-1344157,JASKUS010000001.1,4731,54744915,1.0,2407.6597,3946.0102,1.0,0.0,0.3476,nan,3145,0.0559,0.1869,0.9509,0,0,0.1381,0.0272,0.1381,0.0272,0.3629,0.5672,-0.5
None-gene-1358602,JASKUS010000001.1,4731,54744915,1.0,2407.6597,3946.0102,1.0,0.0,0.3476,nan,1902,0.0333,-0.1281,0.9504,0,0,-0.0144,0.8188,-0.0144,0.8188,0.4248,0.6826,1.2931
None-gene-1375723,JASKUS010000001.1,4731,54744915,1.0,2407.6597,3946.0102,1.0,0.0,0.3476,nan,615,0.01,-0.4543,0.9497,0,0,0.1573,0.0117,0.1573,0.0117,0.4033,0.6424,0.6687
None-gene-1383878,JASKUS010000001.1,4731,54744915,1.0,2407.6597,3946.0102,1.0,0.0,0.3476,nan,14437,0.2608,3.0485,0.9494,0,0,0.4038,0.0,0.4038,0.0,0.3691,0.5788,-0.3199
None-gene-1414994,JASKUS010000001.1,4731,54744915,1.0,2407.6597,3946.0102,1.0,0.0,0.3476,nan,912,0.0154,-0.379,0.9483,0,0,0.0556,0.3904,0.0556,0.3904,0.4704,0.7675,2.6129
None-gene-1418158,JASKUS010000001.1,4731,54744915,1.0,2407.6597,3946.0102,1.0,0.0,0.3476,nan,443,0.0068,-0.4979,0.9482,0,0,0.0436,0.4872,0.0436,0.4872,0.3702,0.5809,-0.2882
None-gene-1423507,JASKUS010000001.1,4731,54744915,1.0,2407.6597,3946.0102,1.0,0.0,0.3476,nan,11828,0.2135,2.3873,0.948,0,0,0.2447,0.0001,0.2447,0.0001,0.366,0.573,-0.4101
None-gene-1425095,JASKUS010000001.1,4731,54744915,1.0,2407.6597,3946.0102,1.0,0.0,0.3476,nan,236,0.0031,-0.5503,0.9479,0,0,0.0472,0.4812,0.0472,0.4812,0.411,0.6569,0.8936
None-gene-1440147,JASKUS010000001.1,4731,54744915,1.0,2407.6597,3946.0102,1.0,0.0,0.3476,nan,4042,0.0722,0.4142,0.9474,0,0,0.0632,0.3142,0.0632,0.3142,0.38,0.5991,-0.0043
None-gene-1446045,JASKUS010000001.1,4731,54744915,1.0,2407.6597,3946.0102,1.0,0.0,0.3476,nan,7316,0.1316,1.2439,0.9472,0,0,0.1227,0.0498,0.1227,0.0498,0.3796,0.5983,-0.0169
None-gene-1458147,JASKUS010000001.1,4731,54744915,1.0,2407.6597,3946.0102,1.0,0.0,0.3476,nan,1211,0.0208,-0.3033,0.9467,0,0,0.1568,0.012,0.1568,0.012,0.3816,0.6022,0.0429
None-gene-1459598,JASKUS010000001.1,4731,54744915,1.0,2407.6597,3946.0102,1.0,0.0,0.3476,nan,240,0.0032,-0.5493,0.9467,0,0,-0.0375,0.5617,-0.0375,0.5617,0.3917,0.6208,0.3333
None-gene-1463171,JASKUS010000001.1,4731,54744915,1.0,2407.6597,3946.0102,1.0,0.0,0.3476,nan,569,0.0091,-0.466,0.9465,0,0,0.1352,0.0305,0.1352,0.0305,0.4359,0.7031,1.6127
None-gene-1463794,JASKUS010000001.1,4731,54744915,1.0,2407.6597,3946.0102,1.0,0.0,0.3476,nan,201,0.0024,-0.5592,0.9465,0,0,0.1569,0.0175,0.1569,0.0175,0.4179,0.6697,1.0932
None-gene-1520079,JASKUS010000001.1,4731,54744915,1.0,2407.6597,3946.0102,1.0,0.0,0.3476,nan,666,0.0109,-0.4414,0.9445,0,0,0.0314,0.6167,0.0314,0.6167,0.4069,0.6492,0.7746
None-gene-1546401,JASKUS010000001.1,4731,54744915,1.0,2407.6597,3946.0102,1.0,0.0,0.3476,nan,2709,0.048,0.0764,0.9435,0,0,0.2158,0.0005,0.2158,0.0005,0.3813,0.6016,0.0337
None-gene-1553524,JASKUS010000001.1,4731,54744915,1.0,2407.6597,3946.0102,1.0,0.0,0.3476,nan,1397,0.0242,-0.2561,0.9432,0,0,0.141,0.024,0.141,0.024,0.4374,0.706,1.6565
None-gene-1558787,JASKUS010000001.1,4731,54744915,1.0,2407.6597,3946.0102,1.0,0.0,0.3476,nan,6067,0.1089,0.9274,0.9431,0,0,0.3496,0.0,0.3496,0.0,0.4276,0.6877,1.3725
None-gene-1573271,JASKUS010000001.1,4731,54744915,1.0,2407.6597,3946.0102,1.0,0.0,0.3476,nan,691,0.0113,-0.435,0.9425,0,0,0.0609,0.3318,0.0609,0.3318,0.3864,0.611,0.1807
None-gene-1579643,JASKUS010000001.1,4731,54744915,1.0,2407.6597,3946.0102,1.0,0.0,0.3476,nan,4210,0.0752,0.4568,0.9423,0,0,0.3043,0.0,0.3043,0.0,0.3932,0.6237,0.3773
None-gene-1592499,JASKUS010000001.1,4731,54744915,1.0,2407.6597,3946.0102,1.0,0.0,0.3476,nan,6920,0.1244,1.1435,0.9418,0,0,0.2096,0.0007,0.2096,0.0007,0.4426,0.7158,1.8089
None-gene-1606372,JASKUS010000001.1,4731,54744915,1.0,2407.6597,3946.0102,1.0,0.0,0.3476,nan,1428,0.0247,-0.2483,0.9413,0,0,0.3429,0.0,0.3429,0.0,0.4195,0.6726,1.1383
None-gene-1613172,JASKUS010000001.1,4731,54744915,1.0,2407.6597,3946.0102,1.0,0.0,0.3476,nan,1248,0.0215,-0.2939,0.9411,0,0,0.0968,0.1223,0.0968,0.1223,0.4311,0.6943,1.4748
None-gene-1613737,JASKUS010000001.1,4731,54744915,1.0,2407.6597,3946.0102,1.0,0.0,0.3476,nan,195,0.0023,-0.5607,0.941,0,0,-0.0686,0.2902,-0.0686,0.2902,0.4667,0.7605,2.5049
None-gene-1617772,JASKUS010000001.1,4731,54744915,1.0,2407.6597,3946.0102,1.0,0.0,0.3476,nan,1152,0.0197,-0.3182,0.9409,0,0,0.0885,0.158,0.0885,0.158,0.395,0.627,0.4288
None-gene-1620643,JASKUS010000001.1,4731,54744915,1.0,2407.6597,3946.0102,1.0,0.0,0.3476,nan,465,0.0072,-0.4923,0.9408,0,0,0.2013,0.0012,0.2013,0.0012,0.3978,0.6324,0.5123
None-gene-1624872,JASKUS010000001.1,4731,54744915,1.0,2407.6597,3946.0102,1.0,0.0,0.3476,nan,1551,0.0269,-0.2171,0.9406,0,0,0.2057,0.0009,0.2057,0.0009,0.3978,0.6323,0.5111
None-gene-1630148,JASKUS010000001.1,4731,54744915,1.0,2407.6597,3946.0102,1.0,0.0,0.3476,nan,2785,0.0493,0.0956,0.9404,0,0,0.2153,0.0005,0.2153,0.0005,0.3968,0.6303,0.481
None-gene-1633923,JASKUS010000001.1,4731,54744915,1.0,2407.6597,3946.0102,1.0,0.0,0.3476,nan,1036,0.0176,-0.3476,0.9403,0,0,0.1137,0.0693,0.1137,0.0693,0.4595,0.7471,2.2963
None-gene-1636101,JASKUS010000001.1,4731,54744915,1.0,2407.6597,3946.0102,1.0,0.0,0.3476,nan,1261,0.0217,-0.2906,0.9402,0,0,0.2655,0.0,0.2655,0.0,0.3894,0.6166,0.2669
None-gene-1641575,JASKUS010000001.1,4731,54744915,1.0,2407.6597,3946.0102,1.0,0.0,0.3476,nan,1338,0.0231,-0.2711,0.94,0,0,0.0883,0.1592,0.0883,0.1592,0.432,0.6959,1.5008
None-gene-1644988,JASKUS010000001.1,4731,54744915,1.0,2407.6597,3946.0102,1.0,0.0,0.3476,nan,222,0.0028,-0.5539,0.9399,0,0,0.0996,0.142,0.0996,0.142,0.4505,0.7303,2.0354
None-gene-1645369,JASKUS010000001.1,4731,54744915,1.0,2407.6597,3946.0102,1.0,0.0,0.3476,nan,465,0.0072,-0.4923,0.9399,0,0,0.1903,0.0026,0.1903,0.0026,0.4301,0.6924,1.4463
None-gene-1646612,JASKUS010000001.1,4731,54744915,1.0,2407.6597,3946.0102,1.0,0.0,0.3476,nan,174,0.002,-0.5661,0.9398,0,0,-0.1228,0.0967,-0.1228,0.0967,0.4195,0.6728,1.1404
None-gene-1646914,JASKUS010000001.1,4731,54744915,1.0,2407.6597,3946.0102,1.0,0.0,0.3476,nan,222,0.0028,-0.5539,0.9398,0,0,0.0814,0.215,0.0814,0.215,0.4144,0.6632,0.9919
None-gene-1647135,JASKUS010000001.1,4731,54744915,1.0,2407.6597,3946.0102,1.0,0.0,0.3476,nan,288,0.004,-0.5372,0.9398,0,0,0.0193,0.7685,0.0193,0.7685,0.4132,0.6609,0.9566
None-gene-1680404,JASKUS010000001.1,4731,54744915,1.0,2407.6597,3946.0102,1.0,0.0,0.3476,nan,906,0.0152,-0.3806,0.9386,0,0,0.154,0.0136,0.154,0.0136,0.457,0.7424,2.2237
None-gene-1724997,JASKUS010000001.1,4731,54744915,1.0,2407.6597,3946.0102,1.0,0.0,0.3476,nan,2493,0.044,0.0216,0.937,0,0,0.1626,0.0092,0.1626,0.0092,0.3991,0.6347,0.549
None-gene-1730723,JASKUS010000001.1,4731,54744915,1.0,2407.6597,3946.0102,1.0,0.0,0.3476,nan,850,0.0142,-0.3947,0.9368,0,0,0.1518,0.0151,0.1518,0.0151,0.4094,0.6539,0.8471
None-gene-1735854,JASKUS010000001.1,4731,54744915,1.0,2407.6597,3946.0102,1.0,0.0,0.3476,nan,7185,0.1292,1.2107,0.9366,0,0,0.4303,0.0,0.4303,0.0,0.3795,0.5983,-0.0179
None-gene-1748876,JASKUS010000001.1,4731,54744915,1.0,2407.6597,3946.0102,1.0,0.0,0.3476,nan,1036,0.0176,-0.3476,0.9361,0,0,0.131,0.0362,0.131,0.0362,0.3919,0.6213,0.3398
None-gene-1751049,JASKUS010000001.1,4731,54744915,1.0,2407.6597,3946.0102,1.0,0.0,0.3476,nan,2823,0.05,0.1053,0.936,0,0,0.1624,0.0092,0.1624,0.0092,0.4212,0.6758,1.1879
None-gene-1767081,JASKUS010000001.1,4731,54744915,1.0,2407.6597,3946.0102,1.0,0.0,0.3476,nan,1981,0.0348,-0.1081,0.9354,0,0,0.218,0.0004,0.218,0.0004,0.4028,0.6416,0.6564
None-gene-1774038,JASKUS010000001.1,4731,54744915,1.0,2407.6597,3946.0102,1.0,0.0,0.3476,nan,3915,0.0699,0.382,0.9352,0,0,0.2469,0.0001,0.2469,0.0001,0.411,0.6568,0.8926
None-gene-1781849,JASKUS010000001.1,4731,54744915,1.0,2407.6597,3946.0102,1.0,0.0,0.3476,nan,10647,0.192,2.088,0.9349,0,0,0.3939,0.0,0.3939,0.0,0.3857,0.6098,0.1609
None-gene-1782488,JASKUS010000001.1,4731,54744915,1.0,2407.6597,3946.0102,1.0,0.0,0.3476,nan,288,0.004,-0.5372,0.9349,0,0,-0.123,0.066,-0.123,0.066,0.4792,0.7838,2.8669
None-gene-1783681,JASKUS010000001.1,4731,54744915,1.0,2407.6597,3946.0102,1.0,0.0,0.3476,nan,789,0.0131,-0.4102,0.9348,0,0,0.1117,0.0745,0.1117,0.0745,0.455,0.7388,2.1673
None-gene-1811444,JASKUS010000001.1,4731,54744915,1.0,2407.6597,3946.0102,1.0,0.0,0.3476,nan,9280,0.1672,1.7416,0.9338,0,0,0.3731,0.0,0.3731,0.0,0.3523,0.5475,-0.8063
None-gene-1842052,JASKUS010000001.1,4731,54744915,1.0,2407.6597,3946.0102,1.0,0.0,0.3476,nan,4704,0.0842,0.5819,0.9327,0,0,0.334,0.0,0.334,0.0,0.3941,0.6254,0.4047
None-gene-1863303,JASKUS010000001.1,4731,54744915,1.0,2407.6597,3946.0102,1.0,0.0,0.3476,nan,2226,0.0392,-0.046,0.9319,0,0,0.4228,0.0,0.4228,0.0,0.3562,0.5549,-0.6924
None-gene-1895704,JASKUS010000001.1,4731,54744915,1.0,2407.6597,3946.0102,1.0,0.0,0.3476,nan,654,0.0107,-0.4444,0.9307,0,0,0.0706,0.2605,0.0706,0.2605,0.419,0.6717,1.1236
None-gene-1899343,JASKUS010000001.1,4731,54744915,1.0,2407.6597,3946.0102,1.0,0.0,0.3476,nan,273,0.0038,-0.541,0.9306,0,0,0.1562,0.0165,0.1562,0.0165,0.4176,0.6691,1.0837
None-gene-1902470,JASKUS010000001.1,4731,54744915,1.0,2407.6597,3946.0102,1.0,0.0,0.3476,nan,792,0.0132,-0.4094,0.9305,0,0,0.1546,0.0133,0.1546,0.0133,0.4432,0.7168,1.8249
None-gene-1907108,JASKUS010000001.1,4731,54744915,1.0,2407.6597,3946.0102,1.0,0.0,0.3476,nan,4994,0.0894,0.6554,0.9303,0,0,0.1069,0.0878,0.1069,0.0878,0.3639,0.5691,-0.4706
None-gene-1925672,JASKUS010000001.1,4731,54744915,1.0,2407.6597,3946.0102,1.0,0.0,0.3476,nan,1172,0.0201,-0.3131,0.9296,0,0,0.1335,0.0328,0.1335,0.0328,0.4309,0.6939,1.4689
None-gene-1930998,JASKUS010000001.1,4731,54744915,1.0,2407.6597,3946.0102,1.0,0.0,0.3476,nan,1487,0.0258,-0.2333,0.9295,0,0,0.1628,0.0091,0.1628,0.0091,0.4398,0.7105,1.7273
None-gene-1932490,JASKUS010000001.1,4731,54744915,1.0,2407.6597,3946.0102,1.0,0.0,0.3476,nan,453,0.007,-0.4954,0.9294,0,0,0.0428,0.502,0.0428,0.502,0.4592,0.7466,2.2876
None-gene-1936888,JASKUS010000001.1,4731,54744915,1.0,2407.6597,3946.0102,1.0,0.0,0.3476,nan,6206,0.1114,0.9626,0.9292,0,0,0.304,0.0,0.304,0.0,0.4285,0.6894,1.3985
None-gene-1950606,JASKUS010000001.1,4731,54744915,1.0,2407.6597,3946.0102,1.0,0.0,0.3476,nan,763,0.0126,-0.4168,0.9287,0,0,0.0798,0.2096,0.0798,0.2096,0.3893,0.6163,0.2634
None-gene-1952472,JASKUS010000001.1,4731,54744915,1.0,2407.6597,3946.0102,1.0,0.0,0.3476,nan,165,0.0018,-0.5683,0.9287,0,0,0.0548,0.4843,0.0548,0.4843,0.4788,0.7831,2.8559
None-gene-1961570,JASKUS010000001.1,4731,54744915,1.0,2407.6597,3946.0102,1.0,0.0,0.3476,nan,2100,0.0369,-0.078,0.9283,0,0,0.2547,0.0,0.2547,0.0,0.401,0.6381,0.6021
None-gene-1967611,JASKUS010000001.1,4731,54744915,1.0,2407.6597,3946.0102,1.0,0.0,0.3476,nan,210,0.0026,-0.5569,0.9281,0,0,0.0218,0.7526,0.0218,0.7526,0.4,0.6364,0.5746
None-gene-1978493,JASKUS010000001.1,4731,54744915,1.0,2407.6597,3946.0102,1.0,0.0,0.3476,nan,1708,0.0298,-0.1773,0.9277,0,0,0.1386,0.0266,0.1386,0.0266,0.4167,0.6674,1.0572
None-gene-1986082,JASKUS010000001.1,4731,54744915,1.0,2407.6597,3946.0102,1.0,0.0,0.3476,nan,1167,0.02,-0.3144,0.9274,0,0,0.1792,0.0046,0.1792,0.0046,0.3959,0.6287,0.4555
None-gene-2000211,JASKUS010000001.1,4731,54744915,1.0,2407.6597,3946.0102,1.0,0.0,0.3476,nan,37006,0.6704,8.7679,0.9269,0,0,0.5535,0.0,0.5535,0.0,0.3533,0.5494,-0.7773
None-gene-2031944,JASKUS010000001.1,4731,54744915,1.0,2407.6597,3946.0102,1.0,0.0,0.3476,nan,141,0.0014,-0.5744,0.9258,0,0,0.1066,0.1757,0.1066,0.1757,0.4043,0.6443,0.6978
None-gene-2042878,JASKUS010000001.1,4731,54744915,1.0,2407.6597,3946.0102,1.0,0.0,0.3476,nan,1968,0.0345,-0.1114,0.9254,0,0,0.2294,0.0002,0.2294,0.0002,0.3699,0.5803,-0.2965
None-gene-2045357,JASKUS010000001.1,4731,54744915,1.0,2407.6597,3946.0102,1.0,0.0,0.3476,nan,162,0.0017,-0.5691,0.9253,0,0,0.0788,0.3015,0.0788,0.3015,0.3889,0.6157,0.2528
None-gene-2057413,JASKUS010000001.1,4731,54744915,1.0,2407.6597,3946.0102,1.0,0.0,0.3476,nan,422,0.0065,-0.5032,0.9248,0,0,-0.0482,0.4555,-0.0482,0.4555,0.3957,0.6284,0.451
None-gene-2063303,JASKUS010000001.1,4731,54744915,1.0,2407.6597,3946.0102,1.0,0.0,0.3476,nan,288,0.004,-0.5372,0.9246,0,0,-0.0229,0.7321,-0.0229,0.7321,0.3715,0.5833,-0.2499
None-gene-2101786,JASKUS010000001.1,4731,54744915,1.0,2407.6597,3946.0102,1.0,0.0,0.3476,nan,390,0.0059,-0.5113,0.9232,0,0,0.0049,0.9391,0.0049,0.9391,0.3897,0.6173,0.2776
None-gene-2102475,JASKUS010000001.1,4731,54744915,1.0,2407.6597,3946.0102,1.0,0.0,0.3476,nan,1577,0.0274,-0.2105,0.9232,0,0,0.1742,0.0052,0.1742,0.0052,0.3811,0.6012,0.0274
None-gene-2119160,JASKUS010000001.1,4731,54744915,1.0,2407.6597,3946.0102,1.0,0.0,0.3476,nan,21724,0.393,4.8952,0.9226,0,0,0.3495,0.0,0.3495,0.0,0.3522,0.5473,-0.8108
None-gene-2137512,JASKUS010000001.1,4731,54744915,1.0,2407.6597,3946.0102,1.0,0.0,0.3476,nan,240,0.0032,-0.5493,0.9219,0,0,0.056,0.3942,0.056,0.3942,0.4833,0.7916,2.9875
None-gene-2166666,JASKUS010000001.1,4731,54744915,1.0,2407.6597,3946.0102,1.0,0.0,0.3476,nan,108,0.0008,-0.5828,0.9208,0,0,0.0177,0.8347,0.0177,0.8347,0.4352,0.7019,1.5934
None-gene-2194503,JASKUS010000001.1,4731,54744915,1.0,2407.6597,3946.0102,1.0,0.0,0.3476,nan,222,0.0028,-0.5539,0.9198,0,0,-0.0247,0.7138,-0.0247,0.7138,0.4144,0.6632,0.9919
None-gene-2194760,JASKUS010000001.1,4731,54744915,1.0,2407.6597,3946.0102,1.0,0.0,0.3476,nan,216,0.0027,-0.5554,0.9198,0,0,0.1038,0.1081,0.1038,0.1081,0.4954,0.814,3.3361
None-gene-2229521,JASKUS010000001.1,4731,54744915,1.0,2407.6597,3946.0102,1.0,0.0,0.3476,nan,20426,0.3695,4.5662,0.9185,0,0,0.5214,0.0,0.5214,0.0,0.3119,0.4722,-1.9777
None-gene-2280648,JASKUS010000001.1,4731,54744915,1.0,2407.6597,3946.0102,1.0,0.0,0.3476,nan,648,0.0106,-0.4459,0.9167,0,0,0.1243,0.0501,0.1243,0.0501,0.429,0.6904,1.4146
None-gene-2282972,JASKUS010000001.1,4731,54744915,1.0,2407.6597,3946.0102,1.0,0.0,0.3476,nan,282,0.0039,-0.5387,0.9166,0,0,-0.1972,0.0029,-0.1972,0.0029,0.4043,0.6443,0.6978
None-gene-2283533,JASKUS010000001.1,4731,54744915,1.0,2407.6597,3946.0102,1.0,0.0,0.3476,nan,278,0.0038,-0.5397,0.9166,0,0,-0.0824,0.2101,-0.0824,0.2101,0.3921,0.6216,0.3454
None-gene-2289720,JASKUS010000001.1,4731,54744915,1.0,2407.6597,3946.0102,1.0,0.0,0.3476,nan,3402,0.0605,0.252,0.9163,0,0,0.2157,0.0005,0.2157,0.0005,0.4018,0.6398,0.6273
None-gene-2307034,JASKUS010000001.1,4731,54744915,1.0,2407.6597,3946.0102,1.0,0.0,0.3476,nan,2236,0.0394,-0.0435,0.9157,0,0,0.2253,0.0003,0.2253,0.0003,0.3806,0.6002,0.0125
None-gene-2313170,JASKUS010000001.1,4731,54744915,1.0,2407.6597,3946.0102,1.0,0.0,0.3476,nan,4494,0.0804,0.5287,0.9155,0,0,0.3022,0.0,0.3022,0.0,0.4413,0.7132,1.7691
None-gene-2314061,JASKUS010000001.1,4731,54744915,1.0,2407.6597,3946.0102,1.0,0.0,0.3476,nan,153,0.0016,-0.5714,0.9155,0,0,0.1105,0.1166,0.1105,0.1166,0.4575,0.7435,2.24
None-gene-2315810,JASKUS010000001.1,4731,54744915,1.0,2407.6597,3946.0102,1.0,0.0,0.3476,nan,156,0.0016,-0.5706,0.9154,0,0,-0.0224,0.7671,-0.0224,0.7671,0.4936,0.8107,3.2845
None-gene-2323984,JASKUS010000001.1,4731,54744915,1.0,2407.6597,3946.0102,1.0,0.0,0.3476,nan,908,0.0153,-0.38,0.9151,0,0,0.0442,0.4885,0.0442,0.4885,0.4119,0.6585,0.919
None-gene-2328337,JASKUS010000001.1,4731,54744915,1.0,2407.6597,3946.0102,1.0,0.0,0.3476,nan,2807,0.0497,0.1012,0.9149,0,0,0.21,0.0007,0.21,0.0007,0.3712,0.5828,-0.2589
None-gene-2335516,JASKUS010000001.1,4731,54744915,1.0,2407.6597,3946.0102,1.0,0.0,0.3476,nan,264,0.0036,-0.5432,0.9147,0,0,0.0266,0.6816,0.0266,0.6816,0.4394,0.7097,1.7152
None-gene-2336463,JASKUS010000001.1,4731,54744915,1.0,2407.6597,3946.0102,1.0,0.0,0.3476,nan,1738,0.0303,-0.1697,0.9146,0,0,0.1978,0.0015,0.1978,0.0015,0.3516,0.5461,-0.8282
None-gene-2340843,JASKUS010000001.1,4731,54744915,1.0,2407.6597,3946.0102,1.0,0.0,0.3476,nan,1166,0.02,-0.3147,0.9145,0,0,0.1078,0.0851,0.1078,0.0851,0.3971,0.6309,0.4901
None-gene-2345891,JASKUS010000001.1,4731,54744915,1.0,2407.6597,3946.0102,1.0,0.0,0.3476,nan,7036,0.1265,1.1729,0.9143,0,0,0.2124,0.0006,0.2124,0.0006,0.3815,0.6019,0.0385
None-gene-2372068,JASKUS010000001.1,4731,54744915,1.0,2407.6597,3946.0102,1.0,0.0,0.3476,nan,740,0.0122,-0.4226,0.9133,0,0,0.0881,0.1601,0.0881,0.1601,0.4297,0.6917,1.4354
None-gene-2374121,JASKUS010000001.1,4731,54744915,1.0,2407.6597,3946.0102,1.0,0.0,0.3476,nan,453,0.007,-0.4954,0.9133,0,0,-0.0264,0.6738,-0.0264,0.6738,0.4084,0.652,0.8175
None-gene-2376270,JASKUS010000001.1,4731,54744915,1.0,2407.6597,3946.0102,1.0,0.0,0.3476,nan,2367,0.0418,-0.0103,0.9132,0,0,0.1563,0.0123,0.1563,0.0123,0.4208,0.6751,1.1764
None-gene-2376284,JASKUS010000001.1,4731,54744915,1.0,2407.6597,3946.0102,1.0,0.0,0.3476,nan,84,0.0003,-0.5889,0.9132,0,0,-0.1861,0.0394,-0.1861,0.0394,0.5833,0.9778,5.8831
None-gene-2418876,JASKUS010000001.1,4731,54744915,1.0,2407.6597,3946.0102,1.0,0.0,0.3476,nan,2314,0.0408,-0.0237,0.9116,0,0,0.121,0.0531,0.121,0.0531,0.4032,0.6423,0.6672
None-gene-2419046,JASKUS010000001.1,4731,54744915,1.0,2407.6597,3946.0102,1.0,0.0,0.3476,nan,2127,0.0374,-0.0711,0.9116,0,0,0.1195,0.0561,0.1195,0.0561,0.4024,0.6409,0.6453
None-gene-2428242,JASKUS010000001.1,4731,54744915,1.0,2407.6597,3946.0102,1.0,0.0,0.3476,nan,1026,0.0174,-0.3501,0.9113,0,0,0.0991,0.1135,0.0991,0.1135,0.4337,0.6992,1.551
None-gene-2428684,JASKUS010000001.1,4731,54744915,1.0,2407.6597,3946.0102,1.0,0.0,0.3476,nan,369,0.0055,-0.5166,0.9113,0,0,0.0718,0.2593,0.0718,0.2593,0.4363,0.704,1.6261
None-gene-2429332,JASKUS010000001.1,4731,54744915,1.0,2407.6597,3946.0102,1.0,0.0,0.3476,nan,123,0.001,-0.579,0.9112,0,0,0.0969,0.1791,0.0969,0.1791,0.4146,0.6636,0.9983
None-gene-2440146,JASKUS010000001.1,4731,54744915,1.0,2407.6597,3946.0102,1.0,0.0,0.3476,nan,1023,0.0174,-0.3509,0.9109,0,0,0.0635,0.3118,0.0635,0.3118,0.4585,0.7452,2.2672
None-gene-2440211,JASKUS010000001.1,4731,54744915,1.0,2407.6597,3946.0102,1.0,0.0,0.3476,nan,1180,0.0202,-0.3111,0.9109,0,0,0.0622,0.3217,0.0622,0.3217,0.4593,0.7469,2.2923
None-gene-2449158,JASKUS010000001.1,4731,54744915,1.0,2407.6597,3946.0102,1.0,0.0,0.3476,nan,2622,0.0464,0.0543,0.9105,0,0,0.1272,0.0419,0.1272,0.0419,0.4081,0.6514,0.8087
None-gene-2456418,JASKUS010000001.1,4731,54744915,1.0,2407.6597,3946.0102,1.0,0.0,0.3476,nan,5158,0.0924,0.697,0.9103,0,0,0.2257,0.0003,0.2257,0.0003,0.4,0.6363,0.5734
None-gene-2465470,JASKUS010000001.1,4731,54744915,1.0,2407.6597,3946.0102,1.0,0.0,0.3476,nan,5742,0.103,0.845,0.9099,0,0,0.428,0.0,0.428,0.0,0.3974,0.6316,0.4999
None-gene-2484345,JASKUS010000001.1,4731,54744915,1.0,2407.6597,3946.0102,1.0,0.0,0.3476,nan,3750,0.0669,0.3402,0.9092,0,0,0.0868,0.1662,0.0868,0.1662,0.3608,0.5634,-0.5605
None-gene-2495196,JASKUS010000001.1,4731,54744915,1.0,2407.6597,3946.0102,1.0,0.0,0.3476,nan,12325,0.2225,2.5133,0.9088,0,0,0.2333,0.0002,0.2333,0.0002,0.3589,0.5597,-0.6166
None-gene-2521898,JASKUS010000001.1,4731,54744915,1.0,2407.6597,3946.0102,1.0,0.0,0.3476,nan,726,0.012,-0.4262,0.9079,0,0,0.0359,0.5672,0.0359,0.5672,0.4339,0.6995,1.5557
None-gene-2530079,JASKUS010000001.1,4731,54744915,1.0,2407.6597,3946.0102,1.0,0.0,0.3476,nan,8200,0.1476,1.4679,0.9076,0,0,0.2362,0.0001,0.2362,0.0001,0.3538,0.5503,-0.7638
None-gene-2568316,JASKUS010000001.1,4731,54744915,1.0,2407.6597,3946.0102,1.0,0.0,0.3476,nan,1495,0.0259,-0.2313,0.9062,0,0,0.0762,0.2241,0.0762,0.2241,0.4488,0.7273,1.9885
None-gene-2602110,JASKUS010000001.1,4731,54744915,1.0,2407.6597,3946.0102,1.0,0.0,0.3476,nan,789,0.0131,-0.4102,0.9049,0,0,0.185,0.003,0.185,0.003,0.436,0.7034,1.6168
None-gene-2652853,JASKUS010000001.1,4731,54744915,1.0,2407.6597,3946.0102,1.0,0.0,0.3476,nan,363,0.0054,-0.5182,0.9031,0,0,0.0045,0.9423,0.0045,0.9423,0.416,0.6661,1.0372
None-gene-2653439,JASKUS010000001.1,4731,54744915,1.0,2407.6597,3946.0102,1.0,0.0,0.3476,nan,264,0.0036,-0.5432,0.9031,0,0,0.1501,0.0292,0.1501,0.0292,0.4015,0.6392,0.6184
None-gene-2654042,JASKUS010000001.1,4731,54744915,1.0,2407.6597,3946.0102,1.0,0.0,0.3476,nan,1040,0.0177,-0.3466,0.903,0,0,0.0204,0.7449,0.0204,0.7449,0.4337,0.699,1.549
None-gene-2657771,JASKUS010000001.1,4731,54744915,1.0,2407.6597,3946.0102,1.0,0.0,0.3476,nan,2923,0.0518,0.1306,0.9029,0,0,0.1451,0.0202,0.1451,0.0202,0.3753,0.5904,-0.1407
None-gene-2676413,JASKUS010000001.1,4731,54744915,1.0,2407.6597,3946.0102,1.0,0.0,0.3476,nan,2091,0.0367,-0.0802,0.9022,0,0,0.1292,0.0388,0.1292,0.0388,0.395,0.6271,0.4305
None-gene-2681182,JASKUS010000001.1,4731,54744915,1.0,2407.6597,3946.0102,1.0,0.0,0.3476,nan,6192,0.1112,0.959,0.902,0,0,0.2344,0.0002,0.2344,0.0002,0.3424,0.529,-1.094
None-gene-2682856,JASKUS010000001.1,4731,54744915,1.0,2407.6597,3946.0102,1.0,0.0,0.3476,nan,381,0.0057,-0.5136,0.902,0,0,0.1201,0.0626,0.1201,0.0626,0.3858,0.61,0.1642
None-gene-2692007,JASKUS010000001.1,4731,54744915,1.0,2407.6597,3946.0102,1.0,0.0,0.3476,nan,1576,0.0274,-0.2108,0.9017,0,0,0.2846,0.0,0.2846,0.0,0.4365,0.7044,1.6328
None-gene-2709458,JASKUS010000001.1,4731,54744915,1.0,2407.6597,3946.0102,1.0,0.0,0.3476,nan,1588,0.0276,-0.2077,0.901,0,0,0.1954,0.0017,0.1954,0.0017,0.427,0.6866,1.355
None-gene-2710154,JASKUS010000001.1,4731,54744915,1.0,2407.6597,3946.0102,1.0,0.0,0.3476,nan,219,0.0028,-0.5547,0.901,0,0,0.2187,0.0011,0.2187,0.0011,0.484,0.7928,3.0074
None-gene-2711828,JASKUS010000001.1,4731,54744915,1.0,2407.6597,3946.0102,1.0,0.0,0.3476,nan,2205,0.0388,-0.0514,0.9009,0,0,0.1848,0.003,0.1848,0.003,0.3515,0.546,-0.8306
None-gene-2721144,JASKUS010000001.1,4731,54744915,1.0,2407.6597,3946.0102,1.0,0.0,0.3476,nan,8843,0.1593,1.6308,0.9006,0,0,0.2939,0.0,0.2939,0.0,0.351,0.5451,-0.8436
None-gene-2731571,JASKUS010000001.1,4731,54744915,1.0,2407.6597,3946.0102,1.0,0.0,0.3476,nan,321,0.0046,-0.5288,0.9002,0,0,-0.122,0.0511,-0.122,0.0511,0.4829,0.7907,2.974
None-gene-2751311,JASKUS010000001.1,4731,54744915,1.0,2407.6597,3946.0102,1.0,0.0,0.3476,nan,786,0.0131,-0.411,0.8995,0,0,0.0884,0.1585,0.0884,0.1585,0.388,0.6141,0.2283
None-gene-2753220,JASKUS010000001.1,4731,54744915,1.0,2407.6597,3946.0102,1.0,0.0,0.3476,nan,345,0.0051,-0.5227,0.8994,0,0,0.0639,0.3307,0.0639,0.3307,0.3565,0.5554,-0.6844
None-gene-2767923,JASKUS010000001.1,4731,54744915,1.0,2407.6597,3946.0102,1.0,0.0,0.3476,nan,11290,0.2037,2.251,0.8989,0,0,0.4727,0.0,0.4727,0.0,0.3433,0.5307,-1.0677
None-gene-2784958,JASKUS010000001.1,4731,54744915,1.0,2407.6597,3946.0102,1.0,0.0,0.3476,nan,219,0.0028,-0.5547,0.8983,0,0,0.0734,0.2565,0.0734,0.2565,0.4475,0.7248,1.9496
None-gene-2788379,JASKUS010000001.1,4731,54744915,1.0,2407.6597,3946.0102,1.0,0.0,0.3476,nan,5552,0.0996,0.7968,0.8981,0,0,0.3524,0.0,0.3524,0.0,0.4071,0.6495,0.779
None-gene-2797121,JASKUS010000001.1,4731,54744915,1.0,2407.6597,3946.0102,1.0,0.0,0.3476,nan,356,0.0053,-0.5199,0.8978,0,0,-0.0454,0.4876,-0.0454,0.4876,0.4157,0.6657,1.03
None-gene-2799939,JASKUS010000001.1,4731,54744915,1.0,2407.6597,3946.0102,1.0,0.0,0.3476,nan,760,0.0126,-0.4176,0.8977,0,0,0.0955,0.1273,0.0955,0.1273,0.4211,0.6756,1.1842
None-gene-2799940,JASKUS010000001.1,4731,54744915,1.0,2407.6597,3946.0102,1.0,0.0,0.3476,nan,261,0.0035,-0.544,0.8977,0,0,0.1423,0.0272,0.1423,0.0272,0.5134,0.8476,3.8584
None-gene-2805414,JASKUS010000001.1,4731,54744915,1.0,2407.6597,3946.0102,1.0,0.0,0.3476,nan,1148,0.0196,-0.3192,0.8975,0,0,0.2298,0.0002,0.2298,0.0002,0.4233,0.6798,1.2505
None-gene-2813706,JASKUS010000001.1,4731,54744915,1.0,2407.6597,3946.0102,1.0,0.0,0.3476,nan,913,0.0154,-0.3788,0.8972,0,0,0.2175,0.0005,0.2175,0.0005,0.4074,0.6502,0.7902
None-gene-2814210,JASKUS010000001.1,4731,54744915,1.0,2407.6597,3946.0102,1.0,0.0,0.3476,nan,339,0.005,-0.5242,0.8972,0,0,0.202,0.0019,0.202,0.0019,0.4425,0.7155,1.8045
None-gene-2816047,JASKUS010000001.1,4731,54744915,1.0,2407.6597,3946.0102,1.0,0.0,0.3476,nan,2447,0.0432,0.01,0.8971,0,0,0.0065,0.9176,0.0065,0.9176,0.4307,0.6936,1.4644
None-gene-2818803,JASKUS010000001.1,4731,54744915,1.0,2407.6597,3946.0102,1.0,0.0,0.3476,nan,510,0.0081,-0.4809,0.897,0,0,0.0173,0.7858,0.0173,0.7858,0.4216,0.6765,1.1991
None-gene-2823254,JASKUS010000001.1,4731,54744915,1.0,2407.6597,3946.0102,1.0,0.0,0.3476,nan,577,0.0093,-0.4639,0.8969,0,0,0.1844,0.0036,0.1844,0.0036,0.3674,0.5757,-0.3689
None-gene-2832819,JASKUS010000001.1,4731,54744915,1.0,2407.6597,3946.0102,1.0,0.0,0.3476,nan,5144,0.0922,0.6934,0.8965,0,0,0.288,0.0,0.288,0.0,0.4392,0.7093,1.7082
None-gene-2849677,JASKUS010000001.1,4731,54744915,1.0,2407.6597,3946.0102,1.0,0.0,0.3476,nan,645,0.0105,-0.4467,0.8959,0,0,-0.088,0.1673,-0.088,0.1673,0.3876,0.6133,0.2154
None-gene-2851525,JASKUS010000001.1,4731,54744915,1.0,2407.6597,3946.0102,1.0,0.0,0.3476,nan,788,0.0131,-0.4105,0.8958,0,0,0.0782,0.2126,0.0782,0.2126,0.3718,0.5839,-0.2412
None-gene-2859983,JASKUS010000001.1,4731,54744915,1.0,2407.6597,3946.0102,1.0,0.0,0.3476,nan,312,0.0045,-0.5311,0.8955,0,0,-0.0121,0.8519,-0.0121,0.8519,0.3942,0.6256,0.4075
None-gene-2911498,JASKUS010000001.1,4731,54744915,1.0,2407.6597,3946.0102,1.0,0.0,0.3476,nan,444,0.0069,-0.4976,0.8936,0,0,0.0521,0.4128,0.0521,0.4128,0.4369,0.7052,1.6441
None-gene-2915527,JASKUS010000001.1,4731,54744915,1.0,2407.6597,3946.0102,1.0,0.0,0.3476,nan,1001,0.017,-0.3565,0.8935,0,0,0.0909,0.1472,0.0909,0.1472,0.3427,0.5296,-1.0858
None-gene-2916816,JASKUS010000001.1,4731,54744915,1.0,2407.6597,3946.0102,1.0,0.0,0.3476,nan,330,0.0048,-0.5265,0.8934,0,0,0.0307,0.6542,0.0307,0.6542,0.4424,0.7154,1.803
None-gene-2919004,JASKUS010000001.1,4731,54744915,1.0,2407.6597,3946.0102,1.0,0.0,0.3476,nan,417,0.0064,-0.5045,0.8934,0,0,0.0115,0.8585,0.0115,0.8585,0.4221,0.6775,1.2134
None-gene-2919420,JASKUS010000001.1,4731,54744915,1.0,2407.6597,3946.0102,1.0,0.0,0.3476,nan,1038,0.0176,-0.3471,0.8933,0,0,0.121,0.0531,0.121,0.0531,0.4066,0.6486,0.7642
None-gene-2928423,JASKUS010000001.1,4731,54744915,1.0,2407.6597,3946.0102,1.0,0.0,0.3476,nan,321,0.0046,-0.5288,0.893,0,0,0.2544,0.0002,0.2544,0.0002,0.3551,0.5528,-0.7244
None-gene-2928530,JASKUS010000001.1,4731,54744915,1.0,2407.6597,3946.0102,1.0,0.0,0.3476,nan,1459,0.0253,-0.2404,0.893,0,0,0.1592,0.0107,0.1592,0.0107,0.3735,0.5871,-0.1915
None-gene-2929681,JASKUS010000001.1,4731,54744915,1.0,2407.6597,3946.0102,1.0,0.0,0.3476,nan,333,0.0048,-0.5258,0.893,0,0,0.0215,0.7485,0.0215,0.7485,0.4474,0.7247,1.9484
None-gene-3056459,JASKUS010000001.1,4731,54744915,1.0,2407.6597,3946.0102,1.0,0.0,0.3476,nan,1897,0.0332,-0.1294,0.8883,0,0,0.0512,0.4144,0.0512,0.4144,0.3653,0.5718,-0.4298
None-gene-3078063,JASKUS010000001.1,4731,54744915,1.0,2407.6597,3946.0102,1.0,0.0,0.3476,nan,159,0.0017,-0.5699,0.8875,0,0,-0.0591,0.3997,-0.0591,0.3997,0.3962,0.6293,0.4653
None-gene-3092852,JASKUS010000001.1,4731,54744915,1.0,2407.6597,3946.0102,1.0,0.0,0.3476,nan,609,0.0099,-0.4558,0.887,0,0,0.0611,0.33,0.0611,0.33,0.4187,0.6712,1.1166
None-gene-3110166,JASKUS010000001.1,4731,54744915,1.0,2407.6597,3946.0102,1.0,0.0,0.3476,nan,303,0.0043,-0.5334,0.8864,0,0,0.133,0.0392,0.133,0.0392,0.4653,0.7581,2.4667
None-gene-3149072,JASKUS010000001.1,4731,54744915,1.0,2407.6597,3946.0102,1.0,0.0,0.3476,nan,722,0.0119,-0.4272,0.885,0,0,0.1754,0.0055,0.1754,0.0055,0.4003,0.6369,0.5826
None-gene-3151184,JASKUS010000001.1,4731,54744915,1.0,2407.6597,3946.0102,1.0,0.0,0.3476,nan,171,0.0019,-0.5668,0.8849,0,0,-0.1593,0.0257,-0.1593,0.0257,0.4211,0.6756,1.1842
None-gene-3163227,JASKUS010000001.1,4731,54744915,1.0,2407.6597,3946.0102,1.0,0.0,0.3476,nan,5903,0.1059,0.8858,0.8844,0,0,0.322,0.0,0.322,0.0,0.3566,0.5555,-0.6822
None-gene-3185628,JASKUS010000001.1,4731,54744915,1.0,2407.6597,3946.0102,1.0,0.0,0.3476,nan,1105,0.0189,-0.3301,0.8836,0,0,-0.0148,0.8136,-0.0148,0.8136,0.5167,0.8538,3.9549
None-gene-3202292,JASKUS010000001.1,4731,54744915,1.0,2407.6597,3946.0102,1.0,0.0,0.3476,nan,3859,0.0688,0.3678,0.883,0,0,0.2637,0.0,0.2637,0.0,0.3573,0.5569,-0.6605
None-gene-3213941,JASKUS010000001.1,4731,54744915,1.0,2407.6597,3946.0102,1.0,0.0,0.3476,nan,264,0.0036,-0.5432,0.8826,0,0,0.0241,0.7056,0.0241,0.7056,0.4205,0.6745,1.1668
None-gene-3224924,JASKUS010000001.1,4731,54744915,1.0,2407.6597,3946.0102,1.0,0.0,0.3476,nan,237,0.0031,-0.5501,0.8822,0,0,0.036,0.5731,0.036,0.5731,0.4641,0.7558,2.4316
None-gene-3236553,JASKUS010000001.1,4731,54744915,1.0,2407.6597,3946.0102,1.0,0.0,0.3476,nan,621,0.0101,-0.4528,0.8818,0,0,0.1166,0.0624,0.1166,0.0624,0.409,0.6532,0.8357
None-gene-3253759,JASKUS010000001.1,4731,54744915,1.0,2407.6597,3946.0102,1.0,0.0,0.3476,nan,261,0.0035,-0.544,0.8811,0,0,0.1562,0.0204,0.1562,0.0204,0.3563,0.555,-0.6902
None-gene-3253871,JASKUS010000001.1,4731,54744915,1.0,2407.6597,3946.0102,1.0,0.0,0.3476,nan,150,0.0015,-0.5721,0.8811,0,0,0.0188,0.7961,0.0188,0.7961,0.34,0.5246,-1.1628
None-gene-3320873,JASKUS010000001.1,4731,54744915,1.0,2407.6597,3946.0102,1.0,0.0,0.3476,nan,165,0.0018,-0.5683,0.8787,0,0,-0.0599,0.4076,-0.0599,0.4076,0.4121,0.6589,0.9255
None-gene-3322629,JASKUS010000001.1,4731,54744915,1.0,2407.6597,3946.0102,1.0,0.0,0.3476,nan,575,0.0092,-0.4644,0.8786,0,0,0.0429,0.4945,0.0429,0.4945,0.4417,0.7141,1.7831
None-gene-3326431,JASKUS010000001.1,4731,54744915,1.0,2407.6597,3946.0102,1.0,0.0,0.3476,nan,225,0.0029,-0.5531,0.8785,0,0,0.0635,0.3333,0.0635,0.3333,0.4489,0.7274,1.9902
None-gene-3330321,JASKUS010000001.1,4731,54744915,1.0,2407.6597,3946.0102,1.0,0.0,0.3476,nan,171,0.0019,-0.5668,0.8783,0,0,0.0664,0.3346,0.0664,0.3346,0.4854,0.7954,3.0468
None-gene-3330687,JASKUS010000001.1,4731,54744915,1.0,2407.6597,3946.0102,1.0,0.0,0.3476,nan,576,0.0093,-0.4642,0.8783,0,0,-0.0599,0.3397,-0.0599,0.3397,0.4392,0.7094,1.7107
None-gene-3333889,JASKUS010000001.1,4731,54744915,1.0,2407.6597,3946.0102,1.0,0.0,0.3476,nan,183,0.0021,-0.5638,0.8782,0,0,0.1367,0.0542,0.1367,0.0542,0.4426,0.7158,1.8087
None-gene-3336718,JASKUS010000001.1,4731,54744915,1.0,2407.6597,3946.0102,1.0,0.0,0.3476,nan,291,0.0041,-0.5364,0.8781,0,0,-0.048,0.452,-0.048,0.452,0.4674,0.7618,2.5248
None-gene-3337364,JASKUS010000001.1,4731,54744915,1.0,2407.6597,3946.0102,1.0,0.0,0.3476,nan,1792,0.0313,-0.156,0.8781,0,0,-0.0012,0.985,-0.0012,0.985,0.3979,0.6324,0.5132
None-gene-3338318,JASKUS010000001.1,4731,54744915,1.0,2407.6597,3946.0102,1.0,0.0,0.3476,nan,240,0.0032,-0.5493,0.878,0,0,-0.0258,0.6989,-0.0258,0.6989,0.3875,0.6131,0.2126
None-gene-3350649,JASKUS010000001.1,4731,54744915,1.0,2407.6597,3946.0102,1.0,0.0,0.3476,nan,10073,0.1816,1.9426,0.8776,0,0,0.4579,0.0,0.4579,0.0,0.3736,0.5871,-0.1907
None-gene-3379219,JASKUS010000001.1,4731,54744915,1.0,2407.6597,3946.0102,1.0,0.0,0.3476,nan,11283,0.2036,2.2492,0.8765,0,0,0.3753,0.0,0.3753,0.0,0.3634,0.5682,-0.485
None-gene-3415483,JASKUS010000001.1,4731,54744915,1.0,2407.6597,3946.0102,1.0,0.0,0.3476,nan,285,0.004,-0.5379,0.8752,0,0,0.1544,0.0149,0.1544,0.0149,0.4,0.6364,0.5746
None-gene-3459465,JASKUS010000001.1,4731,54744915,1.0,2407.6597,3946.0102,1.0,0.0,0.3476,nan,5100,0.0914,0.6823,0.8736,0,0,0.1267,0.0429,0.1267,0.0429,0.4337,0.6992,1.5511
None-gene-3465976,JASKUS010000001.1,4731,54744915,1.0,2407.6597,3946.0102,1.0,0.0,0.3476,nan,4291,0.0767,0.4773,0.8734,0,0,0.1144,0.0675,0.1144,0.0675,0.3675,0.5757,-0.3678
None-gene-3472216,JASKUS010000001.1,4731,54744915,1.0,2407.6597,3946.0102,1.0,0.0,0.3476,nan,285,0.004,-0.5379,0.8731,0,0,-0.0345,0.6043,-0.0345,0.6043,0.4,0.6364,0.5746
None-gene-3474927,JASKUS010000001.1,4731,54744915,1.0,2407.6597,3946.0102,1.0,0.0,0.3476,nan,807,0.0134,-0.4056,0.8731,0,0,0.0812,0.1955,0.0812,0.1955,0.3978,0.6322,0.51
None-gene-3478340,JASKUS010000001.1,4731,54744915,1.0,2407.6597,3946.0102,1.0,0.0,0.3476,nan,5596,0.1004,0.808,0.8729,0,0,0.188,0.0025,0.188,0.0025,0.3352,0.5157,-1.3006
None-gene-3488762,JASKUS010000001.1,4731,54744915,1.0,2407.6597,3946.0102,1.0,0.0,0.3476,nan,8065,0.1452,1.4337,0.8725,0,0,0.3309,0.0,0.3309,0.0,0.3912,0.62,0.3196
None-gene-3498468,JASKUS010000001.1,4731,54744915,1.0,2407.6597,3946.0102,1.0,0.0,0.3476,nan,6170,0.1108,0.9535,0.8722,0,0,0.2273,0.0002,0.2273,0.0002,0.3494,0.5422,-0.8897
None-gene-3501058,JASKUS010000001.1,4731,54744915,1.0,2407.6597,3946.0102,1.0,0.0,0.3476,nan,11100,0.2002,2.2028,0.8721,0,0,0.2879,0.0,0.2879,0.0,0.3573,0.5568,-0.6619
None-gene-3516019,JASKUS010000001.1,4731,54744915,1.0,2407.6597,3946.0102,1.0,0.0,0.3476,nan,1355,0.0234,-0.2668,0.8715,0,0,0.0587,0.3495,0.0587,0.3495,0.3889,0.6157,0.254
None-gene-3519841,JASKUS010000001.1,4731,54744915,1.0,2407.6597,3946.0102,1.0,0.0,0.3476,nan,1398,0.0242,-0.2559,0.8714,0,0,0.3024,0.0,0.3024,0.0,0.3841,0.6068,0.1147
None-gene-3546230,JASKUS010000001.1,4731,54744915,1.0,2407.6597,3946.0102,1.0,0.0,0.3476,nan,816,0.0136,-0.4034,0.8704,0,0,0.106,0.0953,0.106,0.0953,0.4093,0.6537,0.8442
None-gene-3548000,JASKUS010000001.1,4731,54744915,1.0,2407.6597,3946.0102,1.0,0.0,0.3476,nan,2554,0.0452,0.0371,0.8704,0,0,0.1172,0.061,0.1172,0.061,0.39,0.6177,0.2843
None-gene-3550675,JASKUS010000001.1,4731,54744915,1.0,2407.6597,3946.0102,1.0,0.0,0.3476,nan,1137,0.0194,-0.322,0.8703,0,0,0.0065,0.9172,0.0065,0.9172,0.3668,0.5744,-0.3881
None-gene-3568633,JASKUS010000001.1,4731,54744915,1.0,2407.6597,3946.0102,1.0,0.0,0.3476,nan,264,0.0036,-0.5432,0.8696,0,0,-0.044,0.5047,-0.044,0.5047,0.4091,0.6533,0.8378
None-gene-3583001,JASKUS010000001.1,4731,54744915,1.0,2407.6597,3946.0102,1.0,0.0,0.3476,nan,189,0.0022,-0.5623,0.8691,0,0,0.0009,0.9903,0.0009,0.9903,0.3862,0.6107,0.1762
None-gene-3589169,JASKUS010000001.1,4731,54744915,1.0,2407.6597,3946.0102,1.0,0.0,0.3476,nan,1781,0.0311,-0.1588,0.8689,0,0,0.2487,0.0001,0.2487,0.0001,0.4183,0.6705,1.1046
None-gene-3622669,JASKUS010000001.1,4731,54744915,1.0,2407.6597,3946.0102,1.0,0.0,0.3476,nan,865,0.0145,-0.3909,0.8677,0,0,0.1385,0.0267,0.1385,0.0267,0.415,0.6644,1.0097
None-gene-3634361,JASKUS010000001.1,4731,54744915,1.0,2407.6597,3946.0102,1.0,0.0,0.3476,nan,719,0.0119,-0.4279,0.8672,0,0,0.0597,0.3411,0.0597,0.3411,0.4409,0.7125,1.7586
None-gene-3641556,JASKUS010000001.1,4731,54744915,1.0,2407.6597,3946.0102,1.0,0.0,0.3476,nan,1334,0.023,-0.2721,0.867,0,0,0.1875,0.003,0.1875,0.003,0.416,0.6662,1.0391
None-gene-3643601,JASKUS010000001.1,4731,54744915,1.0,2407.6597,3946.0102,1.0,0.0,0.3476,nan,1722,0.0301,-0.1738,0.8669,0,0,0.1164,0.0629,0.1164,0.0629,0.4559,0.7404,2.1922
None-gene-3651699,JASKUS010000001.1,4731,54744915,1.0,2407.6597,3946.0102,1.0,0.0,0.3476,nan,4309,0.077,0.4818,0.8666,0,0,0.1675,0.0072,0.1675,0.0072,0.3834,0.6054,0.0934
None-gene-3663234,JASKUS010000001.1,4731,54744915,1.0,2407.6597,3946.0102,1.0,0.0,0.3476,nan,7358,0.1323,1.2545,0.8662,0,0,0.4489,0.0,0.4489,0.0,0.336,0.5171,-1.2797
None-gene-3663254,JASKUS010000001.1,4731,54744915,1.0,2407.6597,3946.0102,1.0,0.0,0.3476,nan,195,0.0023,-0.5607,0.8662,0,0,0.0111,0.8768,0.0111,0.8768,0.4769,0.7796,2.8019
None-gene-3679895,JASKUS010000001.1,4731,54744915,1.0,2407.6597,3946.0102,1.0,0.0,0.3476,nan,192,0.0023,-0.5615,0.8656,0,0,-0.1004,0.1315,-0.1004,0.1315,0.4115,0.6577,0.9063
None-gene-3686827,JASKUS010000001.1,4731,54744915,1.0,2407.6597,3946.0102,1.0,0.0,0.3476,nan,861,0.0144,-0.392,0.8653,0,0,0.0857,0.1715,0.0857,0.1715,0.4413,0.7134,1.7718
None-gene-3690615,JASKUS010000001.1,4731,54744915,1.0,2407.6597,3946.0102,1.0,0.0,0.3476,nan,336,0.0049,-0.525,0.8652,0,0,0.0094,0.884,0.0094,0.884,0.4762,0.7783,2.7807
None-gene-3690725,JASKUS010000001.1,4731,54744915,1.0,2407.6597,3946.0102,1.0,0.0,0.3476,nan,177,0.002,-0.5653,0.8652,0,0,0.0302,0.6908,0.0302,0.6908,0.4746,0.7753,2.734
None-gene-3697481,JASKUS010000001.1,4731,54744915,1.0,2407.6597,3946.0102,1.0,0.0,0.3476,nan,471,0.0073,-0.4908,0.8649,0,0,0.005,0.9371,0.005,0.9371,0.4374,0.706,1.6566
None-gene-3698799,JASKUS010000001.1,4731,54744915,1.0,2407.6597,3946.0102,1.0,0.0,0.3476,nan,306,0.0044,-0.5326,0.8649,0,0,-0.0068,0.92,-0.0068,0.92,0.4608,0.7496,2.3346
None-gene-3711171,JASKUS010000001.1,4731,54744915,1.0,2407.6597,3946.0102,1.0,0.0,0.3476,nan,453,0.007,-0.4954,0.8644,0,0,0.0209,0.7392,0.0209,0.7392,0.4437,0.7178,1.8402
None-gene-3727086,JASKUS010000001.1,4731,54744915,1.0,2407.6597,3946.0102,1.0,0.0,0.3476,nan,777,0.0129,-0.4132,0.8638,0,0,-0.0263,0.6753,-0.0263,0.6753,0.417,0.668,1.0665
None-gene-3736701,JASKUS010000001.1,4731,54744915,1.0,2407.6597,3946.0102,1.0,0.0,0.3476,nan,615,0.01,-0.4543,0.8635,0,0,0.1407,0.0264,0.1407,0.0264,0.365,0.5713,-0.4375
None-gene-3739178,JASKUS010000001.1,4731,54744915,1.0,2407.6597,3946.0102,1.0,0.0,0.3476,nan,270,0.0037,-0.5417,0.8634,0,0,-0.071,0.2893,-0.071,0.2893,0.3889,0.6157,0.2528
None-gene-3741036,JASKUS010000001.1,4731,54744915,1.0,2407.6597,3946.0102,1.0,0.0,0.3476,nan,318,0.0046,-0.5296,0.8633,0,0,-0.0176,0.7888,-0.0176,0.7888,0.4245,0.682,1.2848
None-gene-3742506,JASKUS010000001.1,4731,54744915,1.0,2407.6597,3946.0102,1.0,0.0,0.3476,nan,117,0.0009,-0.5805,0.8633,0,0,-0.0654,0.4129,-0.0654,0.4129,0.4274,0.6873,1.3665
None-gene-3751730,JASKUS010000001.1,4731,54744915,1.0,2407.6597,3946.0102,1.0,0.0,0.3476,nan,844,0.0141,-0.3963,0.8629,0,0,0.1589,0.0122,0.1589,0.0122,0.3803,0.5997,0.005
None-gene-3754197,JASKUS010000001.1,4731,54744915,1.0,2407.6597,3946.0102,1.0,0.0,0.3476,nan,786,0.0131,-0.411,0.8628,0,0,0.1712,0.006,0.1712,0.006,0.4351,0.7018,1.5913
None-gene-3759944,JASKUS010000001.1,4731,54744915,1.0,2407.6597,3946.0102,1.0,0.0,0.3476,nan,360,0.0053,-0.5189,0.8626,0,0,0.0754,0.2355,0.0754,0.2355,0.3722,0.5846,-0.2298
None-gene-3762339,JASKUS010000001.1,4731,54744915,1.0,2407.6597,3946.0102,1.0,0.0,0.3476,nan,177,0.002,-0.5653,0.8626,0,0,0.2348,0.0004,0.2348,0.0004,0.4181,0.67,1.0981
None-gene-3779162,JASKUS010000001.1,4731,54744915,1.0,2407.6597,3946.0102,1.0,0.0,0.3476,nan,420,0.0064,-0.5037,0.8619,0,0,0.1151,0.0703,0.1151,0.0703,0.4262,0.6851,1.3329
None-gene-3779763,JASKUS010000001.1,4731,54744915,1.0,2407.6597,3946.0102,1.0,0.0,0.3476,nan,120,0.001,-0.5797,0.8619,0,0,0.1122,0.1616,0.1122,0.1616,0.3917,0.6208,0.3333
None-gene-3793797,JASKUS010000001.1,4731,54744915,1.0,2407.6597,3946.0102,1.0,0.0,0.3476,nan,5692,0.1021,0.8323,0.8614,0,0,0.3228,0.0,0.3228,0.0,0.3667,0.5743,-0.391
None-gene-3810093,JASKUS010000001.1,4731,54744915,1.0,2407.6597,3946.0102,1.0,0.0,0.3476,nan,525,0.0083,-0.4771,0.8608,0,0,0.0873,0.1637,0.0873,0.1637,0.4171,0.6683,1.0709
None-gene-3811332,JASKUS010000001.1,4731,54744915,1.0,2407.6597,3946.0102,1.0,0.0,0.3476,nan,3890,0.0694,0.3757,0.8608,0,0,0.1873,0.0026,0.1873,0.0026,0.3784,0.5961,-0.0507
None-gene-3815500,JASKUS010000001.1,4731,54744915,1.0,2407.6597,3946.0102,1.0,0.0,0.3476,nan,4265,0.0762,0.4707,0.8606,0,0,0.236,0.0001,0.236,0.0001,0.407,0.6495,0.7782
None-gene-3816589,JASKUS010000001.1,4731,54744915,1.0,2407.6597,3946.0102,1.0,0.0,0.3476,nan,968,0.0164,-0.3648,0.8606,0,0,0.0617,0.3258,0.0617,0.3258,0.4039,0.6437,0.6882
None-gene-3817590,JASKUS010000001.1,4731,54744915,1.0,2407.6597,3946.0102,1.0,0.0,0.3476,nan,153,0.0016,-0.5714,0.8605,0,0,-0.0142,0.854,-0.0142,0.854,0.4641,0.7557,2.4292
None-gene-3818252,JASKUS010000001.1,4731,54744915,1.0,2407.6597,3946.0102,1.0,0.0,0.3476,nan,573,0.0092,-0.4649,0.8605,0,0,0.1949,0.0017,0.1949,0.0017,0.4538,0.7365,2.131
None-gene-3821418,JASKUS010000001.1,4731,54744915,1.0,2407.6597,3946.0102,1.0,0.0,0.3476,nan,2141,0.0377,-0.0676,0.8604,0,0,0.2069,0.0009,0.2069,0.0009,0.4404,0.7117,1.7458
None-gene-3822658,JASKUS010000001.1,4731,54744915,1.0,2407.6597,3946.0102,1.0,0.0,0.3476,nan,343,0.005,-0.5232,0.8603,0,0,-0.156,0.0154,-0.156,0.0154,0.4723,0.771,2.6682
None-gene-3825328,JASKUS010000001.1,4731,54744915,1.0,2407.6597,3946.0102,1.0,0.0,0.3476,nan,1307,0.0225,-0.2789,0.8602,0,0,0.1034,0.0988,0.1034,0.0988,0.4017,0.6395,0.6233
None-gene-3827247,JASKUS010000001.1,4731,54744915,1.0,2407.6597,3946.0102,1.0,0.0,0.3476,nan,918,0.0155,-0.3775,0.8602,0,0,0.0744,0.2356,0.0744,0.2356,0.4521,0.7333,2.0823
None-gene-3829803,JASKUS010000001.1,4731,54744915,1.0,2407.6597,3946.0102,1.0,0.0,0.3476,nan,1878,0.0329,-0.1342,0.8601,0,0,0.2338,0.0002,0.2338,0.0002,0.418,0.6699,1.0957
None-gene-3840538,JASKUS010000001.1,4731,54744915,1.0,2407.6597,3946.0102,1.0,0.0,0.3476,nan,2483,0.0439,0.0191,0.8597,0,0,0.0098,0.8758,0.0098,0.8758,0.4092,0.6535,0.8404
None-gene-3877369,JASKUS010000001.1,4731,54744915,1.0,2407.6597,3946.0102,1.0,0.0,0.3476,nan,406,0.0062,-0.5073,0.8583,0,0,-0.0426,0.511,-0.0426,0.511,0.3818,0.6024,0.0468
None-gene-3881329,JASKUS010000001.1,4731,54744915,1.0,2407.6597,3946.0102,1.0,0.0,0.3476,nan,16901,0.3055,3.6729,0.8582,0,0,0.4499,0.0,0.4499,0.0,0.3697,0.58,-0.3016
None-gene-3891948,JASKUS010000001.1,4731,54744915,1.0,2407.6597,3946.0102,1.0,0.0,0.3476,nan,318,0.0046,-0.5296,0.8578,0,0,0.0246,0.7,0.0246,0.7,0.4811,0.7875,2.9238
None-gene-3925920,JASKUS010000001.1,4731,54744915,1.0,2407.6597,3946.0102,1.0,0.0,0.3476,nan,3351,0.0596,0.2391,0.8566,0,0,0.288,0.0,0.288,0.0,0.3238,0.4944,-1.6323
None-gene-3943363,JASKUS010000001.1,4731,54744915,1.0,2407.6597,3946.0102,1.0,0.0,0.3476,nan,9334,0.1682,1.7553,0.8559,0,0,0.2943,0.0,0.2943,0.0,0.332,0.5097,-1.3941
None-gene-3959248,JASKUS010000001.1,4731,54744915,1.0,2407.6597,3946.0102,1.0,0.0,0.3476,nan,171,0.0019,-0.5668,0.8554,0,0,0.1727,0.0105,0.1727,0.0105,0.4854,0.7954,3.0468
None-gene-4120819,JASKUS010000001.1,4731,54744915,1.0,2407.6597,3946.0102,1.0,0.0,0.3476,nan,330,0.0048,-0.5265,0.8495,0,0,0.035,0.5884,0.035,0.5884,0.4576,0.7436,2.2417
None-gene-4128049,JASKUS010000001.1,4731,54744915,1.0,2407.6597,3946.0102,1.0,0.0,0.3476,nan,4936,0.0884,0.6407,0.8492,0,0,0.1196,0.056,0.1196,0.056,0.4169,0.6679,1.065
None-gene-4128642,JASKUS010000001.1,4731,54744915,1.0,2407.6597,3946.0102,1.0,0.0,0.3476,nan,300,0.0042,-0.5341,0.8492,0,0,0.0208,0.749,0.0208,0.749,0.4233,0.6798,1.2502
None-gene-4155260,JASKUS010000001.1,4731,54744915,1.0,2407.6597,3946.0102,1.0,0.0,0.3476,nan,463,0.0072,-0.4928,0.8482,0,0,0.1228,0.0497,0.1228,0.0497,0.4104,0.6557,0.8747
None-gene-4177031,JASKUS010000001.1,4731,54744915,1.0,2407.6597,3946.0102,1.0,0.0,0.3476,nan,297,0.0042,-0.5349,0.8474,0,0,0.0257,0.6916,0.0257,0.6916,0.4411,0.7129,1.764
None-gene-4177059,JASKUS010000001.1,4731,54744915,1.0,2407.6597,3946.0102,1.0,0.0,0.3476,nan,937,0.0158,-0.3727,0.8474,0,0,-0.0317,0.6141,-0.0317,0.6141,0.4578,0.7441,2.2495
None-gene-4184276,JASKUS010000001.1,4731,54744915,1.0,2407.6597,3946.0102,1.0,0.0,0.3476,nan,4916,0.088,0.6357,0.8471,0,0,0.3057,0.0,0.3057,0.0,0.381,0.601,0.0244
None-gene-4192937,JASKUS010000001.1,4731,54744915,1.0,2407.6597,3946.0102,1.0,0.0,0.3476,nan,267,0.0036,-0.5425,0.8468,0,0,0.0485,0.4394,0.0485,0.4394,0.4082,0.6517,0.8131
None-gene-4196355,JASKUS010000001.1,4731,54744915,1.0,2407.6597,3946.0102,1.0,0.0,0.3476,nan,1008,0.0171,-0.3547,0.8467,0,0,0.1816,0.0035,0.1816,0.0035,0.4435,0.7173,1.8328
None-gene-4196727,JASKUS010000001.1,4731,54744915,1.0,2407.6597,3946.0102,1.0,0.0,0.3476,nan,535,0.0085,-0.4746,0.8467,0,0,0.0659,0.2937,0.0659,0.2937,0.4449,0.7199,1.8735
None-gene-4199906,JASKUS010000001.1,4731,54744915,1.0,2407.6597,3946.0102,1.0,0.0,0.3476,nan,4893,0.0876,0.6298,0.8466,0,0,0.0563,0.3701,0.0563,0.3701,0.3462,0.5362,-0.983
None-gene-4206153,JASKUS010000001.1,4731,54744915,1.0,2407.6597,3946.0102,1.0,0.0,0.3476,nan,813,0.0136,-0.4041,0.8463,0,0,0.353,0.0,0.353,0.0,0.3838,0.6061,0.1044
None-gene-4216361,JASKUS010000001.1,4731,54744915,1.0,2407.6597,3946.0102,1.0,0.0,0.3476,nan,13875,0.2506,2.9061,0.846,0,0,0.2238,0.0003,0.2238,0.0003,0.3424,0.529,-1.0945
None-gene-4236470,JASKUS010000001.1,4731,54744915,1.0,2407.6597,3946.0102,1.0,0.0,0.3476,nan,5121,0.0917,0.6876,0.8452,0,0,0.4337,0.0,0.4337,0.0,0.4132,0.661,0.9568
None-gene-4245991,JASKUS010000001.1,4731,54744915,1.0,2407.6597,3946.0102,1.0,0.0,0.3476,nan,922,0.0155,-0.3765,0.8449,0,0,0.1842,0.0031,0.1842,0.0031,0.3557,0.5539,-0.7068
None-gene-4249738,JASKUS010000001.1,4731,54744915,1.0,2407.6597,3946.0102,1.0,0.0,0.3476,nan,1757,0.0307,-0.1649,0.8447,0,0,0.179,0.0041,0.179,0.0041,0.3625,0.5666,-0.5098
None-gene-4259368,JASKUS010000001.1,4731,54744915,1.0,2407.6597,3946.0102,1.0,0.0,0.3476,nan,1595,0.0277,-0.2059,0.8444,0,0,0.0662,0.2911,0.0662,0.2911,0.415,0.6644,1.0103
None-gene-4265967,JASKUS010000001.1,4731,54744915,1.0,2407.6597,3946.0102,1.0,0.0,0.3476,nan,10069,0.1815,1.9415,0.8442,0,0,0.3243,0.0,0.3243,0.0,0.4119,0.6584,0.9179
None-gene-4282973,JASKUS010000001.1,4731,54744915,1.0,2407.6597,3946.0102,1.0,0.0,0.3476,nan,3381,0.0602,0.2467,0.8435,0,0,0.1865,0.0027,0.1865,0.0027,0.3845,0.6075,0.1258
None-gene-4287267,JASKUS010000001.1,4731,54744915,1.0,2407.6597,3946.0102,1.0,0.0,0.3476,nan,753,0.0125,-0.4193,0.8434,0,0,0.1249,0.046,0.1249,0.046,0.417,0.668,1.0668
None-gene-4289234,JASKUS010000001.1,4731,54744915,1.0,2407.6597,3946.0102,1.0,0.0,0.3476,nan,1560,0.0271,-0.2148,0.8433,0,0,0.0368,0.5575,0.0368,0.5575,0.4051,0.6459,0.723
None-gene-4292069,JASKUS010000001.1,4731,54744915,1.0,2407.6597,3946.0102,1.0,0.0,0.3476,nan,955,0.0161,-0.3681,0.8432,0,0,0.1497,0.0165,0.1497,0.0165,0.3906,0.6188,0.3017
None-gene-4294306,JASKUS010000001.1,4731,54744915,1.0,2407.6597,3946.0102,1.0,0.0,0.3476,nan,1539,0.0267,-0.2201,0.8431,0,0,0.2915,0.0,0.2915,0.0,0.397,0.6308,0.488
None-gene-4298778,JASKUS010000001.1,4731,54744915,1.0,2407.6597,3946.0102,1.0,0.0,0.3476,nan,6445,0.1158,1.0231,0.843,0,0,0.2342,0.0002,0.2342,0.0002,0.3913,0.6202,0.323
None-gene-4310948,JASKUS010000001.1,4731,54744915,1.0,2407.6597,3946.0102,1.0,0.0,0.3476,nan,8655,0.1559,1.5832,0.8425,0,0,0.284,0.0,0.284,0.0,0.3598,0.5615,-0.5897
None-gene-4320617,JASKUS010000001.1,4731,54744915,1.0,2407.6597,3946.0102,1.0,0.0,0.3476,nan,1797,0.0314,-0.1548,0.8422,0,0,0.1974,0.0015,0.1974,0.0015,0.438,0.7071,1.6735
None-gene-4321454,JASKUS010000001.1,4731,54744915,1.0,2407.6597,3946.0102,1.0,0.0,0.3476,nan,1164,0.0199,-0.3152,0.8421,0,0,0.0575,0.3598,0.0575,0.3598,0.4304,0.693,1.4552
None-gene-4324893,JASKUS010000001.1,4731,54744915,1.0,2407.6597,3946.0102,1.0,0.0,0.3476,nan,2026,0.0356,-0.0967,0.842,0,0,0.1037,0.0977,0.1037,0.0977,0.425,0.6829,1.2977
None-gene-4329881,JASKUS010000001.1,4731,54744915,1.0,2407.6597,3946.0102,1.0,0.0,0.3476,nan,1091,0.0186,-0.3337,0.8418,0,0,0.0972,0.1269,0.0972,0.1269,0.3951,0.6271,0.4312
None-gene-4331643,JASKUS010000001.1,4731,54744915,1.0,2407.6597,3946.0102,1.0,0.0,0.3476,nan,1227,0.0211,-0.2992,0.8418,0,0,0.2742,0.0,0.2742,0.0,0.3833,0.6053,0.0915
None-gene-4334307,JASKUS010000001.1,4731,54744915,1.0,2407.6597,3946.0102,1.0,0.0,0.3476,nan,1400,0.0242,-0.2554,0.8417,0,0,0.0244,0.6976,0.0244,0.6976,0.395,0.6271,0.4298
None-gene-4336869,JASKUS010000001.1,4731,54744915,1.0,2407.6597,3946.0102,1.0,0.0,0.3476,nan,896,0.0151,-0.3831,0.8416,0,0,0.129,0.0391,0.129,0.0391,0.4185,0.6709,1.111
None-gene-4338958,JASKUS010000001.1,4731,54744915,1.0,2407.6597,3946.0102,1.0,0.0,0.3476,nan,740,0.0122,-0.4226,0.8415,0,0,0.0558,0.3744,0.0558,0.3744,0.4149,0.664,1.005
None-gene-4342126,JASKUS010000001.1,4731,54744915,1.0,2407.6597,3946.0102,1.0,0.0,0.3476,nan,55169,1.0,13.3708,0.8414,0,0,0.6453,0.0,0.6453,0.0,0.352,0.5469,-0.8156
None-gene-4342854,JASKUS010000001.1,4731,54744915,1.0,2407.6597,3946.0102,1.0,0.0,0.3476,nan,210,0.0026,-0.5569,0.8413,0,0,0.1206,0.0749,0.1206,0.0749,0.5,0.8226,3.4701
None-gene-4403487,JASKUS010000001.1,4731,54744915,1.0,2407.6597,3946.0102,1.0,0.0,0.3476,nan,2342,0.0413,-0.0166,0.8391,0,0,0.0832,0.1845,0.0832,0.1845,0.3599,0.5618,-0.5852
None-gene-4406275,JASKUS010000001.1,4731,54744915,1.0,2407.6597,3946.0102,1.0,0.0,0.3476,nan,424,0.0065,-0.5027,0.839,0,0,0.0061,0.924,0.0061,0.924,0.3844,0.6074,0.1238
None-gene-4413608,JASKUS010000001.1,4731,54744915,1.0,2407.6597,3946.0102,1.0,0.0,0.3476,nan,1153,0.0197,-0.318,0.8388,0,0,0.2293,0.0002,0.2293,0.0002,0.425,0.6829,1.2978
None-gene-4426468,JASKUS010000001.1,4731,54744915,1.0,2407.6597,3946.0102,1.0,0.0,0.3476,nan,141,0.0014,-0.5744,0.8383,0,0,0.1449,0.0354,0.1449,0.0354,0.3972,0.6311,0.4924
None-gene-4431252,JASKUS010000001.1,4731,54744915,1.0,2407.6597,3946.0102,1.0,0.0,0.3476,nan,968,0.0164,-0.3648,0.8381,0,0,0.0487,0.4377,0.0487,0.4377,0.3502,0.5436,-0.8672
None-gene-4448520,JASKUS010000001.1,4731,54744915,1.0,2407.6597,3946.0102,1.0,0.0,0.3476,nan,10558,0.1904,2.0655,0.8375,0,0,0.425,0.0,0.425,0.0,0.3898,0.6175,0.2806
None-gene-4462575,JASKUS010000001.1,4731,54744915,1.0,2407.6597,3946.0102,1.0,0.0,0.3476,nan,12020,0.2169,2.436,0.837,0,0,0.4393,0.0,0.4393,0.0,0.3427,0.5296,-1.0852
None-gene-4508616,JASKUS010000001.1,4731,54744915,1.0,2407.6597,3946.0102,1.0,0.0,0.3476,nan,1318,0.0227,-0.2761,0.8353,0,0,0.1746,0.0051,0.1746,0.0051,0.3923,0.6219,0.3505
None-gene-4509639,JASKUS010000001.1,4731,54744915,1.0,2407.6597,3946.0102,1.0,0.0,0.3476,nan,105,0.0007,-0.5835,0.8352,0,0,-0.0229,0.763,-0.0229,0.763,0.4286,0.6896,1.4019
None-gene-4516057,JASKUS010000001.1,4731,54744915,1.0,2407.6597,3946.0102,1.0,0.0,0.3476,nan,284,0.004,-0.5382,0.835,0,0,0.1676,0.0092,0.1676,0.0092,0.412,0.6587,0.9212
None-gene-4543083,JASKUS010000001.1,4731,54744915,1.0,2407.6597,3946.0102,1.0,0.0,0.3476,nan,138,0.0013,-0.5752,0.834,0,0,0.0787,0.261,0.0787,0.261,0.4638,0.7551,2.421
None-gene-4601547,JASKUS010000001.1,4731,54744915,1.0,2407.6597,3946.0102,1.0,0.0,0.3476,nan,585,0.0094,-0.4619,0.8319,0,0,-0.0726,0.2549,-0.0726,0.2549,0.4205,0.6746,1.1685
None-gene-4611802,JASKUS010000001.1,4731,54744915,1.0,2407.6597,3946.0102,1.0,0.0,0.3476,nan,354,0.0052,-0.5204,0.8315,0,0,-0.0007,0.9916,-0.0007,0.9916,0.4181,0.67,1.0981
None-gene-4612451,JASKUS010000001.1,4731,54744915,1.0,2407.6597,3946.0102,1.0,0.0,0.3476,nan,402,0.0061,-0.5083,0.8315,0,0,-0.0573,0.3687,-0.0573,0.3687,0.4552,0.7392,2.1736
None-gene-4616877,JASKUS010000001.1,4731,54744915,1.0,2407.6597,3946.0102,1.0,0.0,0.3476,nan,243,0.0032,-0.5486,0.8313,0,0,0.2078,0.0019,0.2078,0.0019,0.3951,0.6272,0.4316
None-gene-4663414,JASKUS010000001.1,4731,54744915,1.0,2407.6597,3946.0102,1.0,0.0,0.3476,nan,393,0.0059,-0.5106,0.8296,0,0,-0.1348,0.0339,-0.1348,0.0339,0.3969,0.6307,0.4861
None-gene-4736321,JASKUS010000001.1,4731,54744915,1.0,2407.6597,3946.0102,1.0,0.0,0.3476,nan,324,0.0047,-0.528,0.827,0,0,-0.0692,0.3209,-0.0692,0.3209,0.4259,0.6847,1.3253
None-gene-4738884,JASKUS010000001.1,4731,54744915,1.0,2407.6597,3946.0102,1.0,0.0,0.3476,nan,636,0.0103,-0.449,0.8269,0,0,0.0229,0.7153,0.0229,0.7153,0.4214,0.6762,1.1937
None-gene-4746734,JASKUS010000001.1,4731,54744915,1.0,2407.6597,3946.0102,1.0,0.0,0.3476,nan,150,0.0015,-0.5721,0.8266,0,0,0.2574,0.0012,0.2574,0.0012,0.36,0.5619,-0.5837
None-gene-4761162,JASKUS010000001.1,4731,54744915,1.0,2407.6597,3946.0102,1.0,0.0,0.3476,nan,278,0.0038,-0.5397,0.8261,0,0,0.0176,0.7853,0.0176,0.7853,0.4173,0.6685,1.0745
None-gene-4782418,JASKUS010000001.1,4731,54744915,1.0,2407.6597,3946.0102,1.0,0.0,0.3476,nan,2162,0.038,-0.0623,0.8253,0,0,0.2254,0.0003,0.2254,0.0003,0.371,0.5823,-0.2665
None-gene-4829762,JASKUS010000001.1,4731,54744915,1.0,2407.6597,3946.0102,1.0,0.0,0.3476,nan,387,0.0058,-0.5121,0.8236,0,0,0.0181,0.7793,0.0181,0.7793,0.3824,0.6036,0.0658
None-gene-4835294,JASKUS010000001.1,4731,54744915,1.0,2407.6597,3946.0102,1.0,0.0,0.3476,nan,195,0.0023,-0.5607,0.8234,0,0,-0.1007,0.1189,-0.1007,0.1189,0.4513,0.7319,2.0595
None-gene-4843650,JASKUS010000001.1,4731,54744915,1.0,2407.6597,3946.0102,1.0,0.0,0.3476,nan,678,0.0111,-0.4383,0.823,0,0,0.027,0.6721,0.027,0.6721,0.4071,0.6495,0.7796
None-gene-4864740,JASKUS010000001.1,4731,54744915,1.0,2407.6597,3946.0102,1.0,0.0,0.3476,nan,508,0.008,-0.4814,0.8223,0,0,0.2793,0.0,0.2793,0.0,0.4173,0.6686,1.0762
None-gene-4877604,JASKUS010000001.1,4731,54744915,1.0,2407.6597,3946.0102,1.0,0.0,0.3476,nan,129,0.0011,-0.5775,0.8218,0,0,0.1719,0.0238,0.1719,0.0238,0.3566,0.5555,-0.6824
None-gene-4892909,JASKUS010000001.1,4731,54744915,1.0,2407.6597,3946.0102,1.0,0.0,0.3476,nan,309,0.0044,-0.5318,0.8212,0,0,0.0854,0.1875,0.0854,0.1875,0.4531,0.7352,2.1114
None-gene-4893923,JASKUS010000001.1,4731,54744915,1.0,2407.6597,3946.0102,1.0,0.0,0.3476,nan,345,0.0051,-0.5227,0.8212,0,0,-0.0445,0.4787,-0.0445,0.4787,0.429,0.6903,1.4139
None-gene-4894201,JASKUS010000001.1,4731,54744915,1.0,2407.6597,3946.0102,1.0,0.0,0.3476,nan,201,0.0024,-0.5592,0.8212,0,0,-0.0626,0.3407,-0.0626,0.3407,0.4279,0.6883,1.3813
None-gene-4913135,JASKUS010000001.1,4731,54744915,1.0,2407.6597,3946.0102,1.0,0.0,0.3476,nan,456,0.0071,-0.4946,0.8205,0,0,0.1111,0.086,0.1111,0.086,0.4364,0.7042,1.6286
None-gene-4921976,JASKUS010000001.1,4731,54744915,1.0,2407.6597,3946.0102,1.0,0.0,0.3476,nan,2432,0.0429,0.0062,0.8202,0,0,0.2854,0.0,0.2854,0.0,0.3606,0.563,-0.5661
None-gene-4931985,JASKUS010000001.1,4731,54744915,1.0,2407.6597,3946.0102,1.0,0.0,0.3476,nan,10557,0.1904,2.0652,0.8198,0,0,0.3464,0.0,0.3464,0.0,0.3663,0.5736,-0.4013
None-gene-4942264,JASKUS010000001.1,4731,54744915,1.0,2407.6597,3946.0102,1.0,0.0,0.3476,nan,279,0.0039,-0.5394,0.8194,0,0,0.0388,0.5433,0.0388,0.5433,0.4265,0.6858,1.3426
None-gene-4966383,JASKUS010000001.1,4731,54744915,1.0,2407.6597,3946.0102,1.0,0.0,0.3476,nan,1800,0.0315,-0.154,0.8186,0,0,0.1007,0.108,0.1007,0.108,0.4733,0.7729,2.698
None-gene-4976649,JASKUS010000001.1,4731,54744915,1.0,2407.6597,3946.0102,1.0,0.0,0.3476,nan,96,0.0005,-0.5858,0.8182,0,0,-0.0949,0.2341,-0.0949,0.2341,0.4375,0.7062,1.6604
None-gene-4982141,JASKUS010000001.1,4731,54744915,1.0,2407.6597,3946.0102,1.0,0.0,0.3476,nan,4316,0.0771,0.4836,0.818,0,0,0.2817,0.0,0.2817,0.0,0.3515,0.546,-0.8303
None-gene-4986572,JASKUS010000001.1,4731,54744915,1.0,2407.6597,3946.0102,1.0,0.0,0.3476,nan,4880,0.0874,0.6265,0.8178,0,0,0.4113,0.0,0.4113,0.0,0.3873,0.6127,0.2067
None-gene-4988756,JASKUS010000001.1,4731,54744915,1.0,2407.6597,3946.0102,1.0,0.0,0.3476,nan,552,0.0088,-0.4703,0.8177,0,0,0.1046,0.0997,0.1046,0.0997,0.4493,0.7281,2.0014
None-gene-4990746,JASKUS010000001.1,4731,54744915,1.0,2407.6597,3946.0102,1.0,0.0,0.3476,nan,357,0.0053,-0.5197,0.8177,0,0,0.1346,0.0432,0.1346,0.0432,0.4118,0.6583,0.9152
None-gene-4992085,JASKUS010000001.1,4731,54744915,1.0,2407.6597,3946.0102,1.0,0.0,0.3476,nan,8638,0.1556,1.5789,0.8176,0,0,0.2641,0.0,0.2641,0.0,0.3695,0.5796,-0.3077
None-gene-4993374,JASKUS010000001.1,4731,54744915,1.0,2407.6597,3946.0102,1.0,0.0,0.3476,nan,204,0.0025,-0.5585,0.8176,0,0,-0.1281,0.0549,-0.1281,0.0549,0.4853,0.7952,3.0443
None-gene-5010762,JASKUS010000001.1,4731,54744915,1.0,2407.6597,3946.0102,1.0,0.0,0.3476,nan,417,0.0064,-0.5045,0.8169,0,0,-0.0525,0.4101,-0.0525,0.4101,0.3717,0.5837,-0.2448
None-gene-5020784,JASKUS010000001.1,4731,54744915,1.0,2407.6597,3946.0102,1.0,0.0,0.3476,nan,1222,0.021,-0.3005,0.8166,0,0,0.0826,0.1878,0.0826,0.1878,0.4444,0.719,1.8588
None-gene-5024927,JASKUS010000001.1,4731,54744915,1.0,2407.6597,3946.0102,1.0,0.0,0.3476,nan,1197,0.0205,-0.3068,0.8164,0,0,0.1391,0.026,0.1391,0.026,0.3693,0.5791,-0.3156
None-gene-5029090,JASKUS010000001.1,4731,54744915,1.0,2407.6597,3946.0102,1.0,0.0,0.3476,nan,368,0.0055,-0.5169,0.8163,0,0,0.035,0.5824,0.035,0.5824,0.4837,0.7922,2.998
None-gene-5033212,JASKUS010000001.1,4731,54744915,1.0,2407.6597,3946.0102,1.0,0.0,0.3476,nan,135,0.0013,-0.5759,0.8161,0,0,-0.0365,0.6325,-0.0365,0.6325,0.363,0.5674,-0.4979
None-gene-5068454,JASKUS010000001.1,4731,54744915,1.0,2407.6597,3946.0102,1.0,0.0,0.3476,nan,945,0.016,-0.3707,0.8148,0,0,0.2125,0.0006,0.2125,0.0006,0.4,0.6364,0.5746
None-gene-5086393,JASKUS010000001.1,4731,54744915,1.0,2407.6597,3946.0102,1.0,0.0,0.3476,nan,2103,0.037,-0.0772,0.8142,0,0,0.1777,0.0044,0.1777,0.0044,0.4089,0.653,0.8334
None-gene-5092325,JASKUS010000001.1,4731,54744915,1.0,2407.6597,3946.0102,1.0,0.0,0.3476,nan,10859,0.1959,2.1417,0.814,0,0,0.4319,0.0,0.4319,0.0,0.2972,0.4448,-2.4029
None-gene-5092330,JASKUS010000001.1,4731,54744915,1.0,2407.6597,3946.0102,1.0,0.0,0.3476,nan,3045,0.0541,0.1615,0.814,0,0,0.206,0.0009,0.206,0.0009,0.3136,0.4755,-1.9264
None-gene-5117048,JASKUS010000001.1,4731,54744915,1.0,2407.6597,3946.0102,1.0,0.0,0.3476,nan,8097,0.1457,1.4418,0.8131,0,0,0.3336,0.0,0.3336,0.0,0.3738,0.5876,-0.1829
None-gene-5118343,JASKUS010000001.1,4731,54744915,1.0,2407.6597,3946.0102,1.0,0.0,0.3476,nan,391,0.0059,-0.5111,0.813,0,0,0.1618,0.0119,0.1618,0.0119,0.399,0.6345,0.5449
None-gene-5128521,JASKUS010000001.1,4731,54744915,1.0,2407.6597,3946.0102,1.0,0.0,0.3476,nan,1708,0.0298,-0.1773,0.8126,0,0,0.1372,0.0282,0.1372,0.0282,0.4229,0.679,1.2372
None-gene-5133537,JASKUS010000001.1,4731,54744915,1.0,2407.6597,3946.0102,1.0,0.0,0.3476,nan,2316,0.0408,-0.0232,0.8125,0,0,0.0857,0.1718,0.0857,0.1718,0.4076,0.6505,0.7946
None-gene-5139921,JASKUS010000001.1,4731,54744915,1.0,2407.6597,3946.0102,1.0,0.0,0.3476,nan,443,0.0068,-0.4979,0.8122,0,0,0.2942,0.0,0.2942,0.0,0.3657,0.5725,-0.419
None-gene-5144665,JASKUS010000001.1,4731,54744915,1.0,2407.6597,3946.0102,1.0,0.0,0.3476,nan,629,0.0102,-0.4507,0.812,0,0,0.0479,0.4458,0.0479,0.4458,0.3879,0.6139,0.2247
None-gene-5150190,JASKUS010000001.1,4731,54744915,1.0,2407.6597,3946.0102,1.0,0.0,0.3476,nan,3530,0.0629,0.2844,0.8118,0,0,0.3087,0.0,0.3087,0.0,0.4,0.6364,0.5746
None-gene-5157185,JASKUS010000001.1,4731,54744915,1.0,2407.6597,3946.0102,1.0,0.0,0.3476,nan,789,0.0131,-0.4102,0.8116,0,0,0.0238,0.7051,0.0238,0.7051,0.4157,0.6656,1.0296
None-gene-5163483,JASKUS010000001.1,4731,54744915,1.0,2407.6597,3946.0102,1.0,0.0,0.3476,nan,6834,0.1228,1.1217,0.8114,0,0,0.2956,0.0,0.2956,0.0,0.3793,0.5978,-0.0254
None-gene-5179632,JASKUS010000001.1,4731,54744915,1.0,2407.6597,3946.0102,1.0,0.0,0.3476,nan,6761,0.1215,1.1032,0.8108,0,0,0.3302,0.0,0.3302,0.0,0.3894,0.6167,0.2688
None-gene-5210227,JASKUS010000001.1,4731,54744915,1.0,2407.6597,3946.0102,1.0,0.0,0.3476,nan,945,0.016,-0.3707,0.8097,0,0,0.0323,0.6074,0.0323,0.6074,0.4,0.6364,0.5746
None-gene-5213655,JASKUS010000001.1,4731,54744915,1.0,2407.6597,3946.0102,1.0,0.0,0.3476,nan,5561,0.0997,0.7991,0.8095,0,0,0.1661,0.0078,0.1661,0.0078,0.3537,0.5502,-0.7657
None-gene-5235048,JASKUS010000001.1,4731,54744915,1.0,2407.6597,3946.0102,1.0,0.0,0.3476,nan,22082,0.3995,4.9859,0.8087,0,0,0.493,0.0,0.493,0.0,0.3417,0.5277,-1.1141
None-gene-5246463,JASKUS010000001.1,4731,54744915,1.0,2407.6597,3946.0102,1.0,0.0,0.3476,nan,135,0.0013,-0.5759,0.8083,0,0,0.051,0.4915,0.051,0.4915,0.4,0.6364,0.5746
None-gene-5270529,JASKUS010000001.1,4731,54744915,1.0,2407.6597,3946.0102,1.0,0.0,0.3476,nan,3349,0.0596,0.2386,0.8075,0,0,0.1929,0.0019,0.1929,0.0019,0.4255,0.6839,1.3129
None-gene-5274068,JASKUS010000001.1,4731,54744915,1.0,2407.6597,3946.0102,1.0,0.0,0.3476,nan,1018,0.0173,-0.3522,0.8073,0,0,0.0687,0.2732,0.0687,0.2732,0.4175,0.6689,1.0809
None-gene-5277890,JASKUS010000001.1,4731,54744915,1.0,2407.6597,3946.0102,1.0,0.0,0.3476,nan,1579,0.0275,-0.21,0.8072,0,0,0.1795,0.004,0.1795,0.004,0.4294,0.6911,1.4254
None-gene-5279935,JASKUS010000001.1,4731,54744915,1.0,2407.6597,3946.0102,1.0,0.0,0.3476,nan,3437,0.0612,0.2609,0.8071,0,0,0.1233,0.0487,0.1233,0.0487,0.3896,0.617,0.273
None-gene-5284900,JASKUS010000001.1,4731,54744915,1.0,2407.6597,3946.0102,1.0,0.0,0.3476,nan,1817,0.0318,-0.1497,0.8069,0,0,0.0917,0.1436,0.0917,0.1436,0.4359,0.7032,1.6136
None-gene-5288173,JASKUS010000001.1,4731,54744915,1.0,2407.6597,3946.0102,1.0,0.0,0.3476,nan,7279,0.1309,1.2345,0.8068,0,0,0.298,0.0,0.298,0.0,0.3823,0.6035,0.063
None-gene-5299502,JASKUS010000001.1,4731,54744915,1.0,2407.6597,3946.0102,1.0,0.0,0.3476,nan,2316,0.0408,-0.0232,0.8064,0,0,0.0719,0.2518,0.0719,0.2518,0.4266,0.6859,1.3447
None-gene-5311998,JASKUS010000001.1,4731,54744915,1.0,2407.6597,3946.0102,1.0,0.0,0.3476,nan,2189,0.0385,-0.0554,0.8059,0,0,0.1625,0.0092,0.1625,0.0092,0.3705,0.5814,-0.28
None-gene-5345778,JASKUS010000001.1,4731,54744915,1.0,2407.6597,3946.0102,1.0,0.0,0.3476,nan,1084,0.0185,-0.3354,0.8047,0,0,0.2768,0.0,0.2768,0.0,0.4207,0.6749,1.1729
None-gene-5346980,JASKUS010000001.1,4731,54744915,1.0,2407.6597,3946.0102,1.0,0.0,0.3476,nan,1533,0.0266,-0.2217,0.8047,0,0,0.1356,0.0301,0.1356,0.0301,0.394,0.6252,0.4008
None-gene-5352915,JASKUS010000001.1,4731,54744915,1.0,2407.6597,3946.0102,1.0,0.0,0.3476,nan,1693,0.0295,-0.1811,0.8044,0,0,0.1249,0.0458,0.1249,0.0458,0.4046,0.6449,0.708
None-gene-5356386,JASKUS010000001.1,4731,54744915,1.0,2407.6597,3946.0102,1.0,0.0,0.3476,nan,342,0.005,-0.5235,0.8043,0,0,0.0362,0.5953,0.0362,0.5953,0.4181,0.6701,1.0995
None-gene-5357613,JASKUS010000001.1,4731,54744915,1.0,2407.6597,3946.0102,1.0,0.0,0.3476,nan,1299,0.0224,-0.281,0.8043,0,0,0.0098,0.8756,0.0098,0.8756,0.3818,0.6025,0.0485
None-gene-5360333,JASKUS010000001.1,4731,54744915,1.0,2407.6597,3946.0102,1.0,0.0,0.3476,nan,108,0.0008,-0.5828,0.8042,0,0,-0.0457,0.553,-0.0457,0.553,0.4537,0.7364,2.1296
None-gene-5373837,JASKUS010000001.1,4731,54744915,1.0,2407.6597,3946.0102,1.0,0.0,0.3476,nan,23136,0.4187,5.253,0.8037,0,0,0.4126,0.0,0.4126,0.0,0.3601,0.5621,-0.5799
None-gene-5405462,JASKUS010000001.1,4731,54744915,1.0,2407.6597,3946.0102,1.0,0.0,0.3476,nan,1069,0.0182,-0.3392,0.8025,0,0,0.1926,0.002,0.1926,0.002,0.4051,0.6458,0.7208
None-gene-5412398,JASKUS010000001.1,4731,54744915,1.0,2407.6597,3946.0102,1.0,0.0,0.3476,nan,468,0.0073,-0.4915,0.8023,0,0,0.0699,0.265,0.0699,0.265,0.438,0.7072,1.6759
None-gene-5413356,JASKUS010000001.1,4731,54744915,1.0,2407.6597,3946.0102,1.0,0.0,0.3476,nan,802,0.0134,-0.4069,0.8022,0,0,0.2037,0.001,0.2037,0.001,0.414,0.6624,0.9789
None-gene-5420917,JASKUS010000001.1,4731,54744915,1.0,2407.6597,3946.0102,1.0,0.0,0.3476,nan,678,0.0111,-0.4383,0.802,0,0,0.082,0.198,0.082,0.198,0.4233,0.6798,1.2493
None-gene-5421817,JASKUS010000001.1,4731,54744915,1.0,2407.6597,3946.0102,1.0,0.0,0.3476,nan,1876,0.0328,-0.1347,0.8019,0,0,0.0984,0.1163,0.0984,0.1163,0.4238,0.6806,1.263
None-gene-5425811,JASKUS010000001.1,4731,54744915,1.0,2407.6597,3946.0102,1.0,0.0,0.3476,nan,3832,0.0683,0.361,0.8018,0,0,0.3946,0.0,0.3946,0.0,0.3886,0.6151,0.2436
None-gene-5429786,JASKUS010000001.1,4731,54744915,1.0,2407.6597,3946.0102,1.0,0.0,0.3476,nan,691,0.0113,-0.435,0.8016,0,0,-0.0016,0.9803,-0.0016,0.9803,0.4139,0.6622,0.9768
None-gene-5431302,JASKUS010000001.1,4731,54744915,1.0,2407.6597,3946.0102,1.0,0.0,0.3476,nan,198,0.0024,-0.56,0.8016,0,0,-0.0911,0.1854,-0.0911,0.1854,0.3788,0.5969,-0.0397
None-gene-5431917,JASKUS010000001.1,4731,54744915,1.0,2407.6597,3946.0102,1.0,0.0,0.3476,nan,601,0.0097,-0.4578,0.8016,0,0,0.0473,0.4509,0.0473,0.4509,0.386,0.6103,0.1699
None-gene-5443725,JASKUS010000001.1,4731,54744915,1.0,2407.6597,3946.0102,1.0,0.0,0.3476,nan,4049,0.0723,0.4159,0.8011,0,0,0.1772,0.0044,0.1772,0.0044,0.368,0.5767,-0.3523
None-gene-5458064,JASKUS010000001.1,4731,54744915,1.0,2407.6597,3946.0102,1.0,0.0,0.3476,nan,213,0.0027,-0.5562,0.8006,0,0,-0.0552,0.4101,-0.0552,0.4101,0.4225,0.6783,1.2271
None-gene-5460369,JASKUS010000001.1,4731,54744915,1.0,2407.6597,3946.0102,1.0,0.0,0.3476,nan,5226,0.0936,0.7142,0.8005,0,0,0.2189,0.0004,0.2189,0.0004,0.3322,0.5101,-1.3891
None-gene-5467338,JASKUS010000001.1,4731,54744915,1.0,2407.6597,3946.0102,1.0,0.0,0.3476,nan,2598,0.046,0.0482,0.8003,0,0,0.1513,0.0154,0.1513,0.0154,0.3714,0.5832,-0.2524
None-gene-5516133,JASKUS010000001.1,4731,54744915,1.0,2407.6597,3946.0102,1.0,0.0,0.3476,nan,1275,0.0219,-0.287,0.7985,0,0,0.1436,0.0215,0.1436,0.0215,0.4337,0.6992,1.5511
None-gene-5528110,JASKUS010000001.1,4731,54744915,1.0,2407.6597,3946.0102,1.0,0.0,0.3476,nan,1409,0.0244,-0.2531,0.798,0,0,0.2416,0.0001,0.2416,0.0001,0.3918,0.621,0.3362
None-gene-5550267,JASKUS010000001.1,4731,54744915,1.0,2407.6597,3946.0102,1.0,0.0,0.3476,nan,816,0.0136,-0.4034,0.7972,0,0,0.1757,0.0055,0.1757,0.0055,0.4694,0.7656,2.583
None-gene-5550392,JASKUS010000001.1,4731,54744915,1.0,2407.6597,3946.0102,1.0,0.0,0.3476,nan,510,0.0081,-0.4809,0.7972,0,0,0.1453,0.024,0.1453,0.024,0.4667,0.7605,2.5049
None-gene-5559971,JASKUS010000001.1,4731,54744915,1.0,2407.6597,3946.0102,1.0,0.0,0.3476,nan,6188,0.1111,0.958,0.7969,0,0,0.0784,0.2111,0.0784,0.2111,0.3809,0.6008,0.0215
None-gene-5560700,JASKUS010000001.1,4731,54744915,1.0,2407.6597,3946.0102,1.0,0.0,0.3476,nan,222,0.0028,-0.5539,0.7969,0,0,-0.0975,0.1379,-0.0975,0.1379,0.464,0.7555,2.4267
None-gene-5568092,JASKUS010000001.1,4731,54744915,1.0,2407.6597,3946.0102,1.0,0.0,0.3476,nan,3620,0.0645,0.3072,0.7966,0,0,0.2102,0.0007,0.2102,0.0007,0.418,0.6698,1.0945
None-gene-5570953,JASKUS010000001.1,4731,54744915,1.0,2407.6597,3946.0102,1.0,0.0,0.3476,nan,174,0.002,-0.5661,0.7965,0,0,0.0627,0.4015,0.0627,0.4015,0.454,0.737,2.1388
None-gene-5572601,JASKUS010000001.1,4731,54744915,1.0,2407.6597,3946.0102,1.0,0.0,0.3476,nan,14802,0.2674,3.141,0.7964,0,0,0.5171,0.0,0.5171,0.0,0.3561,0.5547,-0.6954
None-gene-5589858,JASKUS010000001.1,4731,54744915,1.0,2407.6597,3946.0102,1.0,0.0,0.3476,nan,369,0.0055,-0.5166,0.7958,0,0,0.075,0.2317,0.075,0.2317,0.4309,0.6939,1.4691
None-gene-5594073,JASKUS010000001.1,4731,54744915,1.0,2407.6597,3946.0102,1.0,0.0,0.3476,nan,3426,0.061,0.2581,0.7956,0,0,0.0605,0.3353,0.0605,0.3353,0.4495,0.7286,2.008
None-gene-5596892,JASKUS010000001.1,4731,54744915,1.0,2407.6597,3946.0102,1.0,0.0,0.3476,nan,240,0.0032,-0.5493,0.7955,0,0,0.0513,0.444,0.0513,0.444,0.4958,0.8149,3.3495
None-gene-5601041,JASKUS010000001.1,4731,54744915,1.0,2407.6597,3946.0102,1.0,0.0,0.3476,nan,738,0.0122,-0.4231,0.7954,0,0,0.138,0.0298,0.138,0.0298,0.3808,0.6005,0.0174
None-gene-5609493,JASKUS010000001.1,4731,54744915,1.0,2407.6597,3946.0102,1.0,0.0,0.3476,nan,1351,0.0233,-0.2678,0.7951,0,0,0.3221,0.0,0.3221,0.0,0.376,0.5917,-0.1199
None-gene-5622080,JASKUS010000001.1,4731,54744915,1.0,2407.6597,3946.0102,1.0,0.0,0.3476,nan,1997,0.035,-0.1041,0.7946,0,0,0.2573,0.0,0.2573,0.0,0.4066,0.6487,0.766
None-gene-5639454,JASKUS010000001.1,4731,54744915,1.0,2407.6597,3946.0102,1.0,0.0,0.3476,nan,1821,0.0318,-0.1487,0.794,0,0,0.1746,0.0051,0.1746,0.0051,0.4371,0.7055,1.6495
None-gene-5655139,JASKUS010000001.1,4731,54744915,1.0,2407.6597,3946.0102,1.0,0.0,0.3476,nan,999,0.0169,-0.357,0.7934,0,0,0.1227,0.0499,0.1227,0.0499,0.3864,0.611,0.1804
None-gene-5672769,JASKUS010000001.1,4731,54744915,1.0,2407.6597,3946.0102,1.0,0.0,0.3476,nan,8680,0.1563,1.5895,0.7928,0,0,0.2564,0.0,0.2564,0.0,0.3704,0.5812,-0.2828
None-gene-5697048,JASKUS010000001.1,4731,54744915,1.0,2407.6597,3946.0102,1.0,0.0,0.3476,nan,1712,0.0299,-0.1763,0.7919,0,0,0.1714,0.006,0.1714,0.006,0.406,0.6475,0.7471
None-gene-5702220,JASKUS010000001.1,4731,54744915,1.0,2407.6597,3946.0102,1.0,0.0,0.3476,nan,3764,0.0671,0.3437,0.7917,0,0,0.1728,0.0056,0.1728,0.0056,0.3762,0.592,-0.1147
None-gene-5707390,JASKUS010000001.1,4731,54744915,1.0,2407.6597,3946.0102,1.0,0.0,0.3476,nan,345,0.0051,-0.5227,0.7915,0,0,-0.0713,0.2622,-0.0713,0.2622,0.3768,0.5932,-0.0969
None-gene-5710740,JASKUS010000001.1,4731,54744915,1.0,2407.6597,3946.0102,1.0,0.0,0.3476,nan,13744,0.2482,2.8729,0.7914,0,0,0.2756,0.0,0.2756,0.0,0.349,0.5414,-0.9015
None-gene-5733188,JASKUS010000001.1,4731,54744915,1.0,2407.6597,3946.0102,1.0,0.0,0.3476,nan,5265,0.0944,0.7241,0.7905,0,0,0.2454,0.0001,0.2454,0.0001,0.3595,0.561,-0.5969
None-gene-5744452,JASKUS010000001.1,4731,54744915,1.0,2407.6597,3946.0102,1.0,0.0,0.3476,nan,1268,0.0218,-0.2888,0.7901,0,0,0.148,0.0178,0.148,0.0178,0.3991,0.6346,0.5472
None-gene-5750396,JASKUS010000001.1,4731,54744915,1.0,2407.6597,3946.0102,1.0,0.0,0.3476,nan,174,0.002,-0.5661,0.7899,0,0,0.0319,0.6704,0.0319,0.6704,0.3966,0.6299,0.4747
None-gene-5758834,JASKUS010000001.1,4731,54744915,1.0,2407.6597,3946.0102,1.0,0.0,0.3476,nan,1509,0.0262,-0.2277,0.7896,0,0,0.2159,0.0005,0.2159,0.0005,0.4182,0.6702,1.1003
None-gene-5763760,JASKUS010000001.1,4731,54744915,1.0,2407.6597,3946.0102,1.0,0.0,0.3476,nan,1719,0.03,-0.1745,0.7894,0,0,0.1638,0.0086,0.1638,0.0086,0.3775,0.5945,-0.0756
None-gene-5766775,JASKUS010000001.1,4731,54744915,1.0,2407.6597,3946.0102,1.0,0.0,0.3476,nan,102,0.0007,-0.5843,0.7893,0,0,-0.1772,0.0259,-0.1772,0.0259,0.4902,0.8044,3.1863
None-gene-5768427,JASKUS010000001.1,4731,54744915,1.0,2407.6597,3946.0102,1.0,0.0,0.3476,nan,6354,0.1141,1.0001,0.7893,0,0,0.2882,0.0,0.2882,0.0,0.3935,0.6242,0.385
None-gene-5789634,JASKUS010000001.1,4731,54744915,1.0,2407.6597,3946.0102,1.0,0.0,0.3476,nan,1521,0.0264,-0.2247,0.7885,0,0,0.154,0.0137,0.154,0.0137,0.4076,0.6506,0.7954
None-gene-5794372,JASKUS010000001.1,4731,54744915,1.0,2407.6597,3946.0102,1.0,0.0,0.3476,nan,725,0.012,-0.4264,0.7883,0,0,0.3348,0.0,0.3348,0.0,0.4607,0.7494,2.3319
None-gene-5794532,JASKUS010000001.1,4731,54744915,1.0,2407.6597,3946.0102,1.0,0.0,0.3476,nan,554,0.0089,-0.4698,0.7883,0,0,0.3075,0.0,0.3075,0.0,0.4621,0.752,2.3725
None-gene-5846369,JASKUS010000001.1,4731,54744915,1.0,2407.6597,3946.0102,1.0,0.0,0.3476,nan,453,0.007,-0.4954,0.7864,0,0,0.0942,0.1459,0.0942,0.1459,0.3885,0.615,0.2422
None-gene-5857793,JASKUS010000001.1,4731,54744915,1.0,2407.6597,3946.0102,1.0,0.0,0.3476,nan,5219,0.0935,0.7125,0.786,0,0,0.383,0.0,0.383,0.0,0.3367,0.5184,-1.2597
None-gene-5873591,JASKUS010000001.1,4731,54744915,1.0,2407.6597,3946.0102,1.0,0.0,0.3476,nan,549,0.0088,-0.471,0.7854,0,0,0.0003,0.9956,0.0003,0.9956,0.4517,0.7327,2.0725
None-gene-5880432,JASKUS010000001.1,4731,54744915,1.0,2407.6597,3946.0102,1.0,0.0,0.3476,nan,531,0.0084,-0.4756,0.7852,0,0,0.0916,0.1441,0.0916,0.1441,0.4576,0.7437,2.2432
None-gene-5902672,JASKUS010000001.1,4731,54744915,1.0,2407.6597,3946.0102,1.0,0.0,0.3476,nan,411,0.0063,-0.506,0.7844,0,0,-0.0064,0.9212,-0.0064,0.9212,0.4526,0.7342,2.0963
None-gene-5931133,JASKUS010000001.1,4731,54744915,1.0,2407.6597,3946.0102,1.0,0.0,0.3476,nan,1172,0.0201,-0.3131,0.7833,0,0,0.1269,0.0425,0.1269,0.0425,0.4104,0.6558,0.876
None-gene-5934352,JASKUS010000001.1,4731,54744915,1.0,2407.6597,3946.0102,1.0,0.0,0.3476,nan,609,0.0099,-0.4558,0.7832,0,0,0.0697,0.2744,0.0697,0.2744,0.4039,0.6437,0.6887
None-gene-5935636,JASKUS010000001.1,4731,54744915,1.0,2407.6597,3946.0102,1.0,0.0,0.3476,nan,204,0.0025,-0.5585,0.7832,0,0,0.1588,0.0207,0.1588,0.0207,0.4069,0.6491,0.7733
None-gene-5940926,JASKUS010000001.1,4731,54744915,1.0,2407.6597,3946.0102,1.0,0.0,0.3476,nan,1338,0.0231,-0.2711,0.783,0,0,0.0,0.9997,0.0,0.9997,0.3961,0.6291,0.462
None-gene-5948231,JASKUS010000001.1,4731,54744915,1.0,2407.6597,3946.0102,1.0,0.0,0.3476,nan,3372,0.06,0.2444,0.7827,0,0,0.2767,0.0,0.2767,0.0,0.4116,0.658,0.9112
None-gene-5952757,JASKUS010000001.1,4731,54744915,1.0,2407.6597,3946.0102,1.0,0.0,0.3476,nan,551,0.0088,-0.4705,0.7825,0,0,0.0009,0.9882,0.0009,0.9882,0.3702,0.5809,-0.2873
None-gene-5961797,JASKUS010000001.1,4731,54744915,1.0,2407.6597,3946.0102,1.0,0.0,0.3476,nan,2394,0.0422,-0.0035,0.7822,0,0,0.1259,0.0442,0.1259,0.0442,0.4207,0.6748,1.1729
None-gene-5970838,JASKUS010000001.1,4731,54744915,1.0,2407.6597,3946.0102,1.0,0.0,0.3476,nan,360,0.0053,-0.5189,0.7819,0,0,0.1634,0.0088,0.1634,0.0088,0.45,0.7295,2.0223
None-gene-5976956,JASKUS010000001.1,4731,54744915,1.0,2407.6597,3946.0102,1.0,0.0,0.3476,nan,512,0.0081,-0.4804,0.7816,0,0,-0.0253,0.6871,-0.0253,0.6871,0.4219,0.6771,1.208
None-gene-5986254,JASKUS010000001.1,4731,54744915,1.0,2407.6597,3946.0102,1.0,0.0,0.3476,nan,474,0.0074,-0.49,0.7813,0,0,0.228,0.0003,0.228,0.0003,0.3565,0.5554,-0.6839
None-gene-5991192,JASKUS010000001.1,4731,54744915,1.0,2407.6597,3946.0102,1.0,0.0,0.3476,nan,9980,0.1799,1.919,0.7811,0,0,0.4721,0.0,0.4721,0.0,0.341,0.5264,-1.1344
None-gene-6009497,JASKUS010000001.1,4731,54744915,1.0,2407.6597,3946.0102,1.0,0.0,0.3476,nan,240,0.0032,-0.5493,0.7805,0,0,0.1681,0.0103,0.1681,0.0103,0.4333,0.6984,1.5397
None-gene-6011946,JASKUS010000001.1,4731,54744915,1.0,2407.6597,3946.0102,1.0,0.0,0.3476,nan,4106,0.0733,0.4304,0.7804,0,0,0.3947,0.0,0.3947,0.0,0.3826,0.604,0.071
None-gene-6014802,JASKUS010000001.1,4731,54744915,1.0,2407.6597,3946.0102,1.0,0.0,0.3476,nan,210,0.0026,-0.5569,0.7803,0,0,-0.0506,0.4634,-0.0506,0.4634,0.4095,0.6541,0.8503
None-gene-6018525,JASKUS010000001.1,4731,54744915,1.0,2407.6597,3946.0102,1.0,0.0,0.3476,nan,1079,0.0184,-0.3367,0.7801,0,0,0.0716,0.2534,0.0716,0.2534,0.4115,0.6578,0.9073
None-gene-6025269,JASKUS010000001.1,4731,54744915,1.0,2407.6597,3946.0102,1.0,0.0,0.3476,nan,1455,0.0252,-0.2414,0.7799,0,0,0.1763,0.0047,0.1763,0.0047,0.4742,0.7746,2.7239
None-gene-6028268,JASKUS010000001.1,4731,54744915,1.0,2407.6597,3946.0102,1.0,0.0,0.3476,nan,588,0.0095,-0.4611,0.7798,0,0,-0.0059,0.9257,-0.0059,0.9257,0.4592,0.7466,2.2883
None-gene-6043119,JASKUS010000001.1,4731,54744915,1.0,2407.6597,3946.0102,1.0,0.0,0.3476,nan,2822,0.05,0.105,0.7792,0,0,0.2421,0.0001,0.2421,0.0001,0.4153,0.6649,1.0178
None-gene-6043778,JASKUS010000001.1,4731,54744915,1.0,2407.6597,3946.0102,1.0,0.0,0.3476,nan,362,0.0054,-0.5184,0.7792,0,0,0.1303,0.0404,0.1303,0.0404,0.4144,0.6631,0.9905
None-gene-6049106,JASKUS010000001.1,4731,54744915,1.0,2407.6597,3946.0102,1.0,0.0,0.3476,nan,249,0.0033,-0.547,0.779,0,0,0.09,0.1834,0.09,0.1834,0.4337,0.6992,1.5514
None-gene-6051996,JASKUS010000001.1,4731,54744915,1.0,2407.6597,3946.0102,1.0,0.0,0.3476,nan,1553,0.027,-0.2166,0.7789,0,0,0.1222,0.0509,0.1222,0.0509,0.3677,0.5762,-0.3614
None-gene-6055850,JASKUS010000001.1,4731,54744915,1.0,2407.6597,3946.0102,1.0,0.0,0.3476,nan,201,0.0024,-0.5592,0.7788,0,0,-0.0251,0.7021,-0.0251,0.7021,0.4577,0.7439,2.2456
None-gene-6055852,JASKUS010000001.1,4731,54744915,1.0,2407.6597,3946.0102,1.0,0.0,0.3476,nan,204,0.0025,-0.5585,0.7788,0,0,-0.0204,0.7568,-0.0204,0.7568,0.4608,0.7496,2.3346
None-gene-6058109,JASKUS010000001.1,4731,54744915,1.0,2407.6597,3946.0102,1.0,0.0,0.3476,nan,1183,0.0203,-0.3104,0.7787,0,0,0.2365,0.0001,0.2365,0.0001,0.4252,0.6833,1.304
None-gene-6058406,JASKUS010000001.1,4731,54744915,1.0,2407.6597,3946.0102,1.0,0.0,0.3476,nan,255,0.0034,-0.5455,0.7787,0,0,0.2071,0.0016,0.2071,0.0016,0.4824,0.7897,2.9591
None-gene-6064430,JASKUS010000001.1,4731,54744915,1.0,2407.6597,3946.0102,1.0,0.0,0.3476,nan,1179,0.0202,-0.3114,0.7784,0,0,0.0935,0.1359,0.0935,0.1359,0.3842,0.607,0.1177
None-gene-6073029,JASKUS010000001.1,4731,54744915,1.0,2407.6597,3946.0102,1.0,0.0,0.3476,nan,1852,0.0324,-0.1408,0.7781,0,0,0.1451,0.0202,0.1451,0.0202,0.3979,0.6325,0.5151
None-gene-6088045,JASKUS010000001.1,4731,54744915,1.0,2407.6597,3946.0102,1.0,0.0,0.3476,nan,3684,0.0657,0.3235,0.7776,0,0,0.2344,0.0002,0.2344,0.0002,0.3887,0.6153,0.2476
None-gene-6091790,JASKUS010000001.1,4731,54744915,1.0,2407.6597,3946.0102,1.0,0.0,0.3476,nan,2513,0.0444,0.0267,0.7774,0,0,0.2052,0.001,0.2052,0.001,0.3661,0.5732,-0.4072
None-gene-6100170,JASKUS010000001.1,4731,54744915,1.0,2407.6597,3946.0102,1.0,0.0,0.3476,nan,4785,0.0856,0.6025,0.7771,0,0,0.0045,0.9435,0.0045,0.9435,0.3789,0.5971,-0.0366
None-gene-6109149,JASKUS010000001.1,4731,54744915,1.0,2407.6597,3946.0102,1.0,0.0,0.3476,nan,4729,0.0846,0.5883,0.7768,0,0,0.2677,0.0,0.2677,0.0,0.3832,0.605,0.0872
None-gene-6114353,JASKUS010000001.1,4731,54744915,1.0,2407.6597,3946.0102,1.0,0.0,0.3476,nan,1074,0.0183,-0.338,0.7766,0,0,0.0199,0.7515,0.0199,0.7515,0.4069,0.6492,0.7741
None-gene-6123862,JASKUS010000001.1,4731,54744915,1.0,2407.6597,3946.0102,1.0,0.0,0.3476,nan,1624,0.0283,-0.1986,0.7763,0,0,0.0018,0.9769,0.0018,0.9769,0.3861,0.6104,0.1716
None-gene-6130450,JASKUS010000001.1,4731,54744915,1.0,2407.6597,3946.0102,1.0,0.0,0.3476,nan,1781,0.0311,-0.1588,0.776,0,0,-0.0046,0.9414,-0.0046,0.9414,0.4127,0.66,0.942
None-gene-6141814,JASKUS010000001.1,4731,54744915,1.0,2407.6597,3946.0102,1.0,0.0,0.3476,nan,6504,0.1168,1.0381,0.7756,0,0,0.3569,0.0,0.3569,0.0,0.3658,0.5726,-0.4165
None-gene-6142680,JASKUS010000001.1,4731,54744915,1.0,2407.6597,3946.0102,1.0,0.0,0.3476,nan,174,0.002,-0.5661,0.7756,0,0,-0.0314,0.665,-0.0314,0.665,0.5,0.8226,3.4701
None-gene-6150443,JASKUS010000001.1,4731,54744915,1.0,2407.6597,3946.0102,1.0,0.0,0.3476,nan,1525,0.0265,-0.2237,0.7753,0,0,0.2726,0.0,0.2726,0.0,0.4177,0.6693,1.0872
None-gene-6152093,JASKUS010000001.1,4731,54744915,1.0,2407.6597,3946.0102,1.0,0.0,0.3476,nan,2468,0.0436,0.0153,0.7752,0,0,0.2736,0.0,0.2736,0.0,0.4412,0.7132,1.7689
None-gene-6157541,JASKUS010000001.1,4731,54744915,1.0,2407.6597,3946.0102,1.0,0.0,0.3476,nan,2543,0.045,0.0343,0.775,0,0,0.2075,0.0008,0.2075,0.0008,0.4015,0.6391,0.6178
None-gene-6160793,JASKUS010000001.1,4731,54744915,1.0,2407.6597,3946.0102,1.0,0.0,0.3476,nan,141,0.0014,-0.5744,0.7749,0,0,-0.0439,0.5252,-0.0439,0.5252,0.4894,0.8028,3.1621
None-gene-6160822,JASKUS010000001.1,4731,54744915,1.0,2407.6597,3946.0102,1.0,0.0,0.3476,nan,1250,0.0215,-0.2934,0.7749,0,0,0.1065,0.089,0.1065,0.089,0.36,0.5619,-0.5837
None-gene-6161991,JASKUS010000001.1,4731,54744915,1.0,2407.6597,3946.0102,1.0,0.0,0.3476,nan,120,0.001,-0.5797,0.7749,0,0,-0.0485,0.5056,-0.0485,0.5056,0.525,0.8692,4.194
None-gene-6162477,JASKUS010000001.1,4731,54744915,1.0,2407.6597,3946.0102,1.0,0.0,0.3476,nan,129,0.0011,-0.5775,0.7749,0,0,0.0397,0.5789,0.0397,0.5789,0.5116,0.8443,3.8068
None-gene-6162905,JASKUS010000001.1,4731,54744915,1.0,2407.6597,3946.0102,1.0,0.0,0.3476,nan,1557,0.0271,-0.2156,0.7749,0,0,0.1943,0.0018,0.1943,0.0018,0.377,0.5935,-0.0912
None-gene-6181156,JASKUS010000001.1,4731,54744915,1.0,2407.6597,3946.0102,1.0,0.0,0.3476,nan,1732,0.0302,-0.1712,0.7742,0,0,0.1127,0.0718,0.1127,0.0718,0.4301,0.6925,1.4472
None-gene-6185371,JASKUS010000001.1,4731,54744915,1.0,2407.6597,3946.0102,1.0,0.0,0.3476,nan,2615,0.0463,0.0525,0.774,0,0,0.1893,0.0024,0.1893,0.0024,0.4272,0.6869,1.3607
None-gene-6187330,JASKUS010000001.1,4731,54744915,1.0,2407.6597,3946.0102,1.0,0.0,0.3476,nan,189,0.0022,-0.5623,0.774,0,0,0.2222,0.0006,0.2222,0.0006,0.4339,0.6994,1.5551
None-gene-6189256,JASKUS010000001.1,4731,54744915,1.0,2407.6597,3946.0102,1.0,0.0,0.3476,nan,892,0.015,-0.3841,0.7739,0,0,0.004,0.949,0.004,0.949,0.4327,0.6973,1.5224
None-gene-6193281,JASKUS010000001.1,4731,54744915,1.0,2407.6597,3946.0102,1.0,0.0,0.3476,nan,1788,0.0313,-0.157,0.7737,0,0,0.2418,0.0001,0.2418,0.0001,0.396,0.6289,0.458
None-gene-6198975,JASKUS010000001.1,4731,54744915,1.0,2407.6597,3946.0102,1.0,0.0,0.3476,nan,228,0.0029,-0.5524,0.7735,0,0,-0.0395,0.5486,-0.0395,0.5486,0.4518,0.7328,2.0731
None-gene-6201196,JASKUS010000001.1,4731,54744915,1.0,2407.6597,3946.0102,1.0,0.0,0.3476,nan,626,0.0102,-0.4515,0.7735,0,0,-0.1024,0.1021,-0.1024,0.1021,0.401,0.6381,0.6023
None-gene-6203991,JASKUS010000001.1,4731,54744915,1.0,2407.6597,3946.0102,1.0,0.0,0.3476,nan,156,0.0016,-0.5706,0.7733,0,0,0.0767,0.2563,0.0767,0.2563,0.4615,0.751,2.3565
None-gene-6206689,JASKUS010000001.1,4731,54744915,1.0,2407.6597,3946.0102,1.0,0.0,0.3476,nan,622,0.0101,-0.4525,0.7733,0,0,0.0553,0.378,0.0553,0.378,0.4389,0.7088,1.7011
None-gene-6209283,JASKUS010000001.1,4731,54744915,1.0,2407.6597,3946.0102,1.0,0.0,0.3476,nan,2985,0.053,0.1463,0.7732,0,0,0.1129,0.0713,0.1129,0.0713,0.4137,0.6619,0.9723
None-gene-6214818,JASKUS010000001.1,4731,54744915,1.0,2407.6597,3946.0102,1.0,0.0,0.3476,nan,1949,0.0342,-0.1162,0.773,0,0,0.2517,0.0,0.2517,0.0,0.4187,0.6711,1.1153
None-gene-6215413,JASKUS010000001.1,4731,54744915,1.0,2407.6597,3946.0102,1.0,0.0,0.3476,nan,327,0.0047,-0.5273,0.7729,0,0,0.2733,0.0,0.2733,0.0,0.4526,0.7343,2.0976
None-gene-6223246,JASKUS010000001.1,4731,54744915,1.0,2407.6597,3946.0102,1.0,0.0,0.3476,nan,7818,0.1407,1.3711,0.7726,0,0,0.3014,0.0,0.3014,0.0,0.3491,0.5415,-0.9003
None-gene-6231473,JASKUS010000001.1,4731,54744915,1.0,2407.6597,3946.0102,1.0,0.0,0.3476,nan,2504,0.0442,0.0244,0.7723,0,0,0.2408,0.0001,0.2408,0.0001,0.371,0.5824,-0.265
None-gene-6234337,JASKUS010000001.1,4731,54744915,1.0,2407.6597,3946.0102,1.0,0.0,0.3476,nan,1223,0.021,-0.3002,0.7722,0,0,0.1866,0.0027,0.1866,0.0027,0.444,0.7183,1.8483
None-gene-6237589,JASKUS010000001.1,4731,54744915,1.0,2407.6597,3946.0102,1.0,0.0,0.3476,nan,405,0.0062,-0.5075,0.7721,0,0,0.0863,0.1755,0.0863,0.1755,0.4395,0.7099,1.7185
None-gene-6239730,JASKUS010000001.1,4731,54744915,1.0,2407.6597,3946.0102,1.0,0.0,0.3476,nan,862,0.0144,-0.3917,0.772,0,0,0.0019,0.9765,0.0019,0.9765,0.4002,0.6368,0.5813
None-gene-6241426,JASKUS010000001.1,4731,54744915,1.0,2407.6597,3946.0102,1.0,0.0,0.3476,nan,878,0.0147,-0.3876,0.772,0,0,0.0901,0.1508,0.0901,0.1508,0.41,0.655,0.8648
None-gene-6243869,JASKUS010000001.1,4731,54744915,1.0,2407.6597,3946.0102,1.0,0.0,0.3476,nan,1083,0.0185,-0.3357,0.7719,0,0,0.0929,0.1383,0.0929,0.1383,0.3915,0.6205,0.3286
None-gene-6245104,JASKUS010000001.1,4731,54744915,1.0,2407.6597,3946.0102,1.0,0.0,0.3476,nan,272,0.0037,-0.5412,0.7718,0,0,-0.0314,0.6229,-0.0314,0.6229,0.4081,0.6514,0.8088
None-gene-6247692,JASKUS010000001.1,4731,54744915,1.0,2407.6597,3946.0102,1.0,0.0,0.3476,nan,5984,0.1074,0.9063,0.7718,0,0,0.2577,0.0,0.2577,0.0,0.3814,0.6016,0.0345
None-gene-6271731,JASKUS010000001.1,4731,54744915,1.0,2407.6597,3946.0102,1.0,0.0,0.3476,nan,231,0.003,-0.5516,0.7709,0,0,0.2662,0.0001,0.2662,0.0001,0.4113,0.6573,0.9005
None-gene-6275378,JASKUS010000001.1,4731,54744915,1.0,2407.6597,3946.0102,1.0,0.0,0.3476,nan,763,0.0126,-0.4168,0.7707,0,0,0.1566,0.0121,0.1566,0.0121,0.3696,0.5797,-0.3059
None-gene-6309100,JASKUS010000001.1,4731,54744915,1.0,2407.6597,3946.0102,1.0,0.0,0.3476,nan,1281,0.022,-0.2855,0.7695,0,0,0.1498,0.0165,0.1498,0.0165,0.452,0.7332,2.08
None-gene-6309338,JASKUS010000001.1,4731,54744915,1.0,2407.6597,3946.0102,1.0,0.0,0.3476,nan,1046,0.0178,-0.3451,0.7695,0,0,0.1719,0.0058,0.1719,0.0058,0.4388,0.7087,1.6985
None-gene-6309347,JASKUS010000001.1,4731,54744915,1.0,2407.6597,3946.0102,1.0,0.0,0.3476,nan,1034,0.0176,-0.3481,0.7695,0,0,0.1717,0.0059,0.1717,0.0059,0.4391,0.7091,1.7059
None-gene-6316796,JASKUS010000001.1,4731,54744915,1.0,2407.6597,3946.0102,1.0,0.0,0.3476,nan,4302,0.0769,0.4801,0.7692,0,0,0.2439,0.0001,0.2439,0.0001,0.4082,0.6516,0.8115
None-gene-6322635,JASKUS010000001.1,4731,54744915,1.0,2407.6597,3946.0102,1.0,0.0,0.3476,nan,298,0.0042,-0.5346,0.769,0,0,0.0784,0.2253,0.0784,0.2253,0.4362,0.7039,1.624
None-gene-6323055,JASKUS010000001.1,4731,54744915,1.0,2407.6597,3946.0102,1.0,0.0,0.3476,nan,269,0.0037,-0.542,0.769,0,0,0.001,0.988,0.001,0.988,0.3829,0.6045,0.0794
None-gene-6324373,JASKUS010000001.1,4731,54744915,1.0,2407.6597,3946.0102,1.0,0.0,0.3476,nan,750,0.0124,-0.4201,0.769,0,0,0.0185,0.7687,0.0185,0.7687,0.4133,0.6612,0.9606
None-gene-6325124,JASKUS010000001.1,4731,54744915,1.0,2407.6597,3946.0102,1.0,0.0,0.3476,nan,282,0.0039,-0.5387,0.7689,0,0,0.0297,0.6459,0.0297,0.6459,0.3723,0.5848,-0.2263
None-gene-6326894,JASKUS010000001.1,4731,54744915,1.0,2407.6597,3946.0102,1.0,0.0,0.3476,nan,330,0.0048,-0.5265,0.7689,0,0,0.1442,0.0249,0.1442,0.0249,0.3697,0.5799,-0.3029
None-gene-6333557,JASKUS010000001.1,4731,54744915,1.0,2407.6597,3946.0102,1.0,0.0,0.3476,nan,1733,0.0303,-0.171,0.7686,0,0,0.1316,0.0354,0.1316,0.0354,0.3872,0.6125,0.2036
None-gene-6341766,JASKUS010000001.1,4731,54744915,1.0,2407.6597,3946.0102,1.0,0.0,0.3476,nan,3061,0.0544,0.1656,0.7683,0,0,0.0767,0.2212,0.0767,0.2212,0.3816,0.602,0.041
None-gene-6349188,JASKUS010000001.1,4731,54744915,1.0,2407.6597,3946.0102,1.0,0.0,0.3476,nan,6141,0.1102,0.9461,0.768,0,0,0.3673,0.0,0.3673,0.0,0.3799,0.5989,-0.0073
None-gene-6355384,JASKUS010000001.1,4731,54744915,1.0,2407.6597,3946.0102,1.0,0.0,0.3476,nan,276,0.0038,-0.5402,0.7678,0,0,0.0357,0.5802,0.0357,0.5802,0.4167,0.6674,1.0572
None-gene-6355882,JASKUS010000001.1,4731,54744915,1.0,2407.6597,3946.0102,1.0,0.0,0.3476,nan,279,0.0039,-0.5394,0.7678,0,0,0.078,0.2343,0.078,0.2343,0.3584,0.5589,-0.6293
None-gene-6427447,JASKUS010000001.1,4731,54744915,1.0,2407.6597,3946.0102,1.0,0.0,0.3476,nan,345,0.0051,-0.5227,0.7652,0,0,0.0344,0.5946,0.0344,0.5946,0.3855,0.6094,0.1549
None-gene-6427793,JASKUS010000001.1,4731,54744915,1.0,2407.6597,3946.0102,1.0,0.0,0.3476,nan,303,0.0043,-0.5334,0.7652,0,0,0.0391,0.5528,0.0391,0.5528,0.4455,0.7212,1.8933
None-gene-6440657,JASKUS010000001.1,4731,54744915,1.0,2407.6597,3946.0102,1.0,0.0,0.3476,nan,552,0.0088,-0.4703,0.7647,0,0,0.0322,0.6076,0.0322,0.6076,0.471,0.7686,2.6308
None-gene-6458734,JASKUS010000001.1,4731,54744915,1.0,2407.6597,3946.0102,1.0,0.0,0.3476,nan,363,0.0054,-0.5182,0.764,0,0,0.1335,0.0418,0.1335,0.0418,0.4242,0.6815,1.2765
None-gene-6486267,JASKUS010000001.1,4731,54744915,1.0,2407.6597,3946.0102,1.0,0.0,0.3476,nan,1272,0.0219,-0.2878,0.763,0,0,0.0386,0.5392,0.0386,0.5392,0.3892,0.6162,0.2604
None-gene-6510432,JASKUS010000001.1,4731,54744915,1.0,2407.6597,3946.0102,1.0,0.0,0.3476,nan,2988,0.053,0.1471,0.7622,0,0,0.2771,0.0,0.2771,0.0,0.3363,0.5178,-1.2686
None-gene-6526076,JASKUS010000001.1,4731,54744915,1.0,2407.6597,3946.0102,1.0,0.0,0.3476,nan,4468,0.0799,0.5221,0.7616,0,0,0.1904,0.0022,0.1904,0.0022,0.3675,0.5758,-0.3664
None-gene-6543433,JASKUS010000001.1,4731,54744915,1.0,2407.6597,3946.0102,1.0,0.0,0.3476,nan,306,0.0044,-0.5326,0.7609,0,0,-0.0223,0.7299,-0.0223,0.7299,0.366,0.5731,-0.4096
None-gene-6548577,JASKUS010000001.1,4731,54744915,1.0,2407.6597,3946.0102,1.0,0.0,0.3476,nan,285,0.004,-0.5379,0.7608,0,0,0.0005,0.9945,0.0005,0.9945,0.386,0.6102,0.1682
None-gene-6551006,JASKUS010000001.1,4731,54744915,1.0,2407.6597,3946.0102,1.0,0.0,0.3476,nan,930,0.0157,-0.3745,0.7607,0,0,0.0302,0.6302,0.0302,0.6302,0.4237,0.6804,1.2595
None-gene-6553230,JASKUS010000001.1,4731,54744915,1.0,2407.6597,3946.0102,1.0,0.0,0.3476,nan,811,0.0135,-0.4046,0.7606,0,0,0.2369,0.0001,0.2369,0.0001,0.3699,0.5803,-0.2966
None-gene-6571734,JASKUS010000001.1,4731,54744915,1.0,2407.6597,3946.0102,1.0,0.0,0.3476,nan,910,0.0153,-0.3795,0.7599,0,0,-0.0657,0.295,-0.0657,0.295,0.3604,0.5627,-0.5709
None-gene-6618058,JASKUS010000001.1,4731,54744915,1.0,2407.6597,3946.0102,1.0,0.0,0.3476,nan,665,0.0109,-0.4416,0.7582,0,0,0.1605,0.0101,0.1605,0.0101,0.4617,0.7512,2.3598
None-gene-6634232,JASKUS010000001.1,4731,54744915,1.0,2407.6597,3946.0102,1.0,0.0,0.3476,nan,650,0.0106,-0.4454,0.7576,0,0,0.0172,0.7841,0.0172,0.7841,0.3923,0.622,0.3518
None-gene-6649519,JASKUS010000001.1,4731,54744915,1.0,2407.6597,3946.0102,1.0,0.0,0.3476,nan,1626,0.0283,-0.1981,0.7571,0,0,0.1107,0.077,0.1107,0.077,0.4176,0.6691,1.0839
None-gene-6683692,JASKUS010000001.1,4731,54744915,1.0,2407.6597,3946.0102,1.0,0.0,0.3476,nan,312,0.0045,-0.5311,0.7558,0,0,-0.098,0.136,-0.098,0.136,0.4231,0.6793,1.2428
None-gene-6694863,JASKUS010000001.1,4731,54744915,1.0,2407.6597,3946.0102,1.0,0.0,0.3476,nan,310,0.0044,-0.5316,0.7554,0,0,0.0645,0.3347,0.0645,0.3347,0.3935,0.6243,0.3877
None-gene-6701361,JASKUS010000001.1,4731,54744915,1.0,2407.6597,3946.0102,1.0,0.0,0.3476,nan,1120,0.0191,-0.3263,0.7552,0,0,0.0801,0.2015,0.0801,0.2015,0.3929,0.6231,0.3677
None-gene-6707090,JASKUS010000001.1,4731,54744915,1.0,2407.6597,3946.0102,1.0,0.0,0.3476,nan,147,0.0015,-0.5729,0.755,0,0,0.0997,0.1676,0.0997,0.1676,0.5646,0.943,5.3414
None-gene-6710695,JASKUS010000001.1,4731,54744915,1.0,2407.6597,3946.0102,1.0,0.0,0.3476,nan,264,0.0036,-0.5432,0.7548,0,0,-0.4346,0.0208,-0.4346,0.0208,0.2841,0.4205,-2.7817
None-gene-6712537,JASKUS010000001.1,4731,54744915,1.0,2407.6597,3946.0102,1.0,0.0,0.3476,nan,505,0.008,-0.4822,0.7548,0,0,-0.036,0.5669,-0.036,0.5669,0.4337,0.6991,1.5493
None-gene-6714842,JASKUS010000001.1,4731,54744915,1.0,2407.6597,3946.0102,1.0,0.0,0.3476,nan,1194,0.0205,-0.3076,0.7547,0,0,0.1406,0.0245,0.1406,0.0245,0.4079,0.651,0.8025
None-gene-6720422,JASKUS010000001.1,4731,54744915,1.0,2407.6597,3946.0102,1.0,0.0,0.3476,nan,678,0.0111,-0.4383,0.7545,0,0,0.0749,0.2323,0.0749,0.2323,0.3997,0.6358,0.566
None-gene-6721592,JASKUS010000001.1,4731,54744915,1.0,2407.6597,3946.0102,1.0,0.0,0.3476,nan,177,0.002,-0.5653,0.7544,0,0,-0.1037,0.1556,-0.1037,0.1556,0.4407,0.7121,1.7524
None-gene-6726996,JASKUS010000001.1,4731,54744915,1.0,2407.6597,3946.0102,1.0,0.0,0.3476,nan,612,0.0099,-0.4551,0.7542,0,0,0.1323,0.0369,0.1323,0.0369,0.4232,0.6796,1.2464
None-gene-6728662,JASKUS010000001.1,4731,54744915,1.0,2407.6597,3946.0102,1.0,0.0,0.3476,nan,552,0.0088,-0.4703,0.7542,0,0,0.0732,0.2432,0.0732,0.2432,0.4022,0.6404,0.6375
None-gene-6733389,JASKUS010000001.1,4731,54744915,1.0,2407.6597,3946.0102,1.0,0.0,0.3476,nan,10487,0.1891,2.0475,0.754,0,0,0.2933,0.0,0.2933,0.0,0.3558,0.554,-0.706
None-gene-6752394,JASKUS010000001.1,4731,54744915,1.0,2407.6597,3946.0102,1.0,0.0,0.3476,nan,4588,0.0821,0.5525,0.7533,0,0,0.227,0.0003,0.227,0.0003,0.3745,0.5888,-0.1651
None-gene-6783685,JASKUS010000001.1,4731,54744915,1.0,2407.6597,3946.0102,1.0,0.0,0.3476,nan,360,0.0053,-0.5189,0.7522,0,0,0.1704,0.0063,0.1704,0.0063,0.4139,0.6622,0.9767
None-gene-6784326,JASKUS010000001.1,4731,54744915,1.0,2407.6597,3946.0102,1.0,0.0,0.3476,nan,4528,0.081,0.5373,0.7521,0,0,0.1822,0.0034,0.1822,0.0034,0.4092,0.6536,0.8419
None-gene-6801177,JASKUS010000001.1,4731,54744915,1.0,2407.6597,3946.0102,1.0,0.0,0.3476,nan,3843,0.0685,0.3637,0.7515,0,0,0.1555,0.0127,0.1555,0.0127,0.3976,0.6319,0.5052
None-gene-6803534,JASKUS010000001.1,4731,54744915,1.0,2407.6597,3946.0102,1.0,0.0,0.3476,nan,183,0.0021,-0.5638,0.7514,0,0,0.0599,0.3933,0.0599,0.3933,0.4481,0.7259,1.967
None-gene-6804519,JASKUS010000001.1,4731,54744915,1.0,2407.6597,3946.0102,1.0,0.0,0.3476,nan,177,0.002,-0.5653,0.7514,0,0,0.0211,0.7826,0.0211,0.7826,0.435,0.7016,1.5888
None-gene-6809520,JASKUS010000001.1,4731,54744915,1.0,2407.6597,3946.0102,1.0,0.0,0.3476,nan,423,0.0065,-0.503,0.7512,0,0,0.133,0.0363,0.133,0.0363,0.4232,0.6795,1.2454
None-gene-6814940,JASKUS010000001.1,4731,54744915,1.0,2407.6597,3946.0102,1.0,0.0,0.3476,nan,11542,0.2083,2.3148,0.751,0,0,0.4783,0.0,0.4783,0.0,0.3922,0.6219,0.3493
None-gene-6817917,JASKUS010000001.1,4731,54744915,1.0,2407.6597,3946.0102,1.0,0.0,0.3476,nan,675,0.0111,-0.4391,0.7509,0,0,0.1603,0.0102,0.1603,0.0102,0.437,0.7053,1.647
None-gene-6828107,JASKUS010000001.1,4731,54744915,1.0,2407.6597,3946.0102,1.0,0.0,0.3476,nan,3119,0.0554,0.1803,0.7505,0,0,0.1794,0.004,0.1794,0.004,0.3928,0.6229,0.3647
None-gene-6831380,JASKUS010000001.1,4731,54744915,1.0,2407.6597,3946.0102,1.0,0.0,0.3476,nan,1971,0.0346,-0.1107,0.7504,0,0,0.231,0.0002,0.231,0.0002,0.3968,0.6303,0.4805
None-gene-6835031,JASKUS010000001.1,4731,54744915,1.0,2407.6597,3946.0102,1.0,0.0,0.3476,nan,2144,0.0377,-0.0668,0.7503,0,0,0.2044,0.001,0.2044,0.001,0.4142,0.6628,0.9851
None-gene-6837446,JASKUS010000001.1,4731,54744915,1.0,2407.6597,3946.0102,1.0,0.0,0.3476,nan,1758,0.0307,-0.1646,0.7502,0,0,0.2736,0.0,0.2736,0.0,0.413,0.6605,0.9501
None-gene-6839911,JASKUS010000001.1,4731,54744915,1.0,2407.6597,3946.0102,1.0,0.0,0.3476,nan,150,0.0015,-0.5721,0.7501,0,0,-0.0172,0.8348,-0.0172,0.8348,0.44,0.7109,1.7328
None-gene-6843260,JASKUS010000001.1,4731,54744915,1.0,2407.6597,3946.0102,1.0,0.0,0.3476,nan,6995,0.1257,1.1625,0.75,0,0,0.2778,0.0,0.2778,0.0,0.3498,0.5429,-0.8784
None-gene-6862222,JASKUS010000001.1,4731,54744915,1.0,2407.6597,3946.0102,1.0,0.0,0.3476,nan,2001,0.0351,-0.1031,0.7493,0,0,-0.0229,0.7157,-0.0229,0.7157,0.4078,0.6509,0.8003
None-gene-6892629,JASKUS010000001.1,4731,54744915,1.0,2407.6597,3946.0102,1.0,0.0,0.3476,nan,2244,0.0395,-0.0415,0.7482,0,0,0.2629,0.0,0.2629,0.0,0.3993,0.635,0.5539
None-gene-6903447,JASKUS010000001.1,4731,54744915,1.0,2407.6597,3946.0102,1.0,0.0,0.3476,nan,12166,0.2196,2.473,0.7478,0,0,0.3965,0.0,0.3965,0.0,0.3431,0.5304,-1.0734
None-gene-6930922,JASKUS010000001.1,4731,54744915,1.0,2407.6597,3946.0102,1.0,0.0,0.3476,nan,2592,0.0458,0.0467,0.7468,0,0,0.2231,0.0003,0.2231,0.0003,0.3735,0.5869,-0.194
None-gene-6934575,JASKUS010000001.1,4731,54744915,1.0,2407.6597,3946.0102,1.0,0.0,0.3476,nan,2043,0.0359,-0.0924,0.7467,0,0,0.0604,0.3355,0.0604,0.3355,0.4121,0.659,0.9261
None-gene-6936895,JASKUS010000001.1,4731,54744915,1.0,2407.6597,3946.0102,1.0,0.0,0.3476,nan,389,0.0059,-0.5116,0.7466,0,0,-0.0815,0.1938,-0.0815,0.1938,0.3959,0.6287,0.4555
None-gene-6939767,JASKUS010000001.1,4731,54744915,1.0,2407.6597,3946.0102,1.0,0.0,0.3476,nan,944,0.0159,-0.3709,0.7465,0,0,0.0695,0.2679,0.0695,0.2679,0.4206,0.6746,1.1696
None-gene-6941560,JASKUS010000001.1,4731,54744915,1.0,2407.6597,3946.0102,1.0,0.0,0.3476,nan,288,0.004,-0.5372,0.7464,0,0,0.1914,0.0036,0.1914,0.0036,0.3715,0.5833,-0.2499
None-gene-6996997,JASKUS010000001.1,4731,54744915,1.0,2407.6597,3946.0102,1.0,0.0,0.3476,nan,363,0.0054,-0.5182,0.7444,0,0,-0.0768,0.2273,-0.0768,0.2273,0.4353,0.702,1.5956
None-gene-7006724,JASKUS010000001.1,4731,54744915,1.0,2407.6597,3946.0102,1.0,0.0,0.3476,nan,12328,0.2225,2.514,0.744,0,0,0.474,0.0,0.474,0.0,0.3754,0.5906,-0.1376
None-gene-7016453,JASKUS010000001.1,4731,54744915,1.0,2407.6597,3946.0102,1.0,0.0,0.3476,nan,135,0.0013,-0.5759,0.7437,0,0,0.0461,0.5381,0.0461,0.5381,0.4148,0.664,1.0035
None-gene-7027577,JASKUS010000001.1,4731,54744915,1.0,2407.6597,3946.0102,1.0,0.0,0.3476,nan,1823,0.0319,-0.1482,0.7433,0,0,0.2343,0.0002,0.2343,0.0002,0.4054,0.6464,0.7302
None-gene-7031073,JASKUS010000001.1,4731,54744915,1.0,2407.6597,3946.0102,1.0,0.0,0.3476,nan,138,0.0013,-0.5752,0.7431,0,0,0.0579,0.4426,0.0579,0.4426,0.471,0.7686,2.6308
None-gene-7035005,JASKUS010000001.1,4731,54744915,1.0,2407.6597,3946.0102,1.0,0.0,0.3476,nan,180,0.0021,-0.5645,0.743,0,0,-0.0227,0.7685,-0.0227,0.7685,0.4056,0.6467,0.7354
None-gene-7045694,JASKUS010000001.1,4731,54744915,1.0,2407.6597,3946.0102,1.0,0.0,0.3476,nan,1225,0.021,-0.2997,0.7426,0,0,0.2369,0.0001,0.2369,0.0001,0.3584,0.5588,-0.6309
None-gene-7050372,JASKUS010000001.1,4731,54744915,1.0,2407.6597,3946.0102,1.0,0.0,0.3476,nan,1967,0.0345,-0.1117,0.7424,0,0,0.2665,0.0,0.2665,0.0,0.4077,0.6508,0.7983
None-gene-7065975,JASKUS010000001.1,4731,54744915,1.0,2407.6597,3946.0102,1.0,0.0,0.3476,nan,1671,0.0291,-0.1867,0.7419,0,0,0.1436,0.0216,0.1436,0.0216,0.4237,0.6805,1.2608
None-gene-7070184,JASKUS010000001.1,4731,54744915,1.0,2407.6597,3946.0102,1.0,0.0,0.3476,nan,210,0.0026,-0.5569,0.7417,0,0,0.0682,0.3163,0.0682,0.3163,0.3762,0.592,-0.1149
None-gene-7090582,JASKUS010000001.1,4731,54744915,1.0,2407.6597,3946.0102,1.0,0.0,0.3476,nan,282,0.0039,-0.5387,0.741,0,0,0.2383,0.0003,0.2383,0.0003,0.461,0.75,2.3407
None-gene-7127986,JASKUS010000001.1,4731,54744915,1.0,2407.6597,3946.0102,1.0,0.0,0.3476,nan,2391,0.0422,-0.0042,0.7396,0,0,0.2864,0.0,0.2864,0.0,0.3417,0.5278,-1.1136
None-gene-7169419,JASKUS010000001.1,4731,54744915,1.0,2407.6597,3946.0102,1.0,0.0,0.3476,nan,1540,0.0267,-0.2199,0.7381,0,0,0.1129,0.0714,0.1129,0.0714,0.4162,0.6666,1.0446
None-gene-7198927,JASKUS010000001.1,4731,54744915,1.0,2407.6597,3946.0102,1.0,0.0,0.3476,nan,2709,0.048,0.0764,0.737,0,0,0.181,0.0037,0.181,0.0037,0.3817,0.6023,0.0444
None-gene-7214959,JASKUS010000001.1,4731,54744915,1.0,2407.6597,3946.0102,1.0,0.0,0.3476,nan,3404,0.0606,0.2525,0.7364,0,0,0.3083,0.0,0.3083,0.0,0.3399,0.5244,-1.1659
None-gene-7220825,JASKUS010000001.1,4731,54744915,1.0,2407.6597,3946.0102,1.0,0.0,0.3476,nan,1054,0.0179,-0.343,0.7362,0,0,0.25,0.0001,0.25,0.0001,0.3956,0.6282,0.4482
None-gene-7233715,JASKUS010000001.1,4731,54744915,1.0,2407.6597,3946.0102,1.0,0.0,0.3476,nan,511,0.0081,-0.4807,0.7357,0,0,0.0233,0.7234,0.0233,0.7234,0.382,0.6028,0.0532
None-gene-7236184,JASKUS010000001.1,4731,54744915,1.0,2407.6597,3946.0102,1.0,0.0,0.3476,nan,1176,0.0201,-0.3121,0.7356,0,0,0.0932,0.1371,0.0932,0.1371,0.3605,0.5629,-0.5679
None-gene-7243928,JASKUS010000001.1,4731,54744915,1.0,2407.6597,3946.0102,1.0,0.0,0.3476,nan,3666,0.0653,0.3189,0.7354,0,0,0.1675,0.0072,0.1675,0.0072,0.4118,0.6584,0.9172
None-gene-7251411,JASKUS010000001.1,4731,54744915,1.0,2407.6597,3946.0102,1.0,0.0,0.3476,nan,602,0.0097,-0.4576,0.7351,0,0,0.0511,0.4152,0.0511,0.4152,0.3671,0.5751,-0.3778
None-gene-7255885,JASKUS010000001.1,4731,54744915,1.0,2407.6597,3946.0102,1.0,0.0,0.3476,nan,1526,0.0265,-0.2234,0.7349,0,0,-0.0472,0.4523,-0.0472,0.4523,0.3938,0.6249,0.3962
None-gene-7263314,JASKUS010000001.1,4731,54744915,1.0,2407.6597,3946.0102,1.0,0.0,0.3476,nan,5233,0.0938,0.716,0.7346,0,0,0.2578,0.0,0.2578,0.0,0.4174,0.6687,1.077
None-gene-7266702,JASKUS010000001.1,4731,54744915,1.0,2407.6597,3946.0102,1.0,0.0,0.3476,nan,321,0.0046,-0.5288,0.7345,0,0,0.1181,0.0627,0.1181,0.0627,0.4455,0.7211,1.8915
None-gene-7270785,JASKUS010000001.1,4731,54744915,1.0,2407.6597,3946.0102,1.0,0.0,0.3476,nan,1399,0.0242,-0.2556,0.7344,0,0,0.2096,0.0007,0.2096,0.0007,0.4246,0.6822,1.2866
None-gene-7275240,JASKUS010000001.1,4731,54744915,1.0,2407.6597,3946.0102,1.0,0.0,0.3476,nan,795,0.0132,-0.4087,0.7342,0,0,0.2066,0.0011,0.2066,0.0011,0.3899,0.6176,0.2832
None-gene-7276876,JASKUS010000001.1,4731,54744915,1.0,2407.6597,3946.0102,1.0,0.0,0.3476,nan,357,0.0053,-0.5197,0.7342,0,0,0.065,0.3082,0.065,0.3082,0.409,0.6531,0.8341
None-gene-7278050,JASKUS010000001.1,4731,54744915,1.0,2407.6597,3946.0102,1.0,0.0,0.3476,nan,655,0.0107,-0.4442,0.7341,0,0,0.0115,0.8544,0.0115,0.8544,0.4168,0.6676,1.0608
None-gene-7309378,JASKUS010000001.1,4731,54744915,1.0,2407.6597,3946.0102,1.0,0.0,0.3476,nan,830,0.0139,-0.3998,0.733,0,0,-0.0343,0.5845,-0.0343,0.5845,0.3892,0.6162,0.2606
None-gene-7387444,JASKUS010000001.1,4731,54744915,1.0,2407.6597,3946.0102,1.0,0.0,0.3476,nan,6168,0.1107,0.9529,0.7301,0,0,0.3693,0.0,0.3693,0.0,0.3424,0.5291,-1.0929
None-gene-7396762,JASKUS010000001.1,4731,54744915,1.0,2407.6597,3946.0102,1.0,0.0,0.3476,nan,4172,0.0745,0.4471,0.7298,0,0,0.198,0.0015,0.198,0.0015,0.3722,0.5847,-0.2292
None-gene-7401437,JASKUS010000001.1,4731,54744915,1.0,2407.6597,3946.0102,1.0,0.0,0.3476,nan,2414,0.0426,0.0016,0.7296,0,0,0.1376,0.0277,0.1376,0.0277,0.4395,0.71,1.7189
None-gene-7406911,JASKUS010000001.1,4731,54744915,1.0,2407.6597,3946.0102,1.0,0.0,0.3476,nan,815,0.0136,-0.4036,0.7294,0,0,0.175,0.005,0.175,0.005,0.3828,0.6044,0.0772
None-gene-7416865,JASKUS010000001.1,4731,54744915,1.0,2407.6597,3946.0102,1.0,0.0,0.3476,nan,1101,0.0188,-0.3311,0.729,0,0,0.109,0.0816,0.109,0.0816,0.4575,0.7435,2.2407
None-gene-7431180,JASKUS010000001.1,4731,54744915,1.0,2407.6597,3946.0102,1.0,0.0,0.3476,nan,1428,0.0247,-0.2483,0.7285,0,0,0.0665,0.2892,0.0665,0.2892,0.4027,0.6413,0.6516
None-gene-7493234,JASKUS010000001.1,4731,54744915,1.0,2407.6597,3946.0102,1.0,0.0,0.3476,nan,1759,0.0307,-0.1644,0.7262,0,0,0.0808,0.1974,0.0808,0.1974,0.4144,0.6633,0.9927
None-gene-7500197,JASKUS010000001.1,4731,54744915,1.0,2407.6597,3946.0102,1.0,0.0,0.3476,nan,6109,0.1097,0.938,0.726,0,0,0.235,0.0001,0.235,0.0001,0.3687,0.5781,-0.3316
None-gene-7502085,JASKUS010000001.1,4731,54744915,1.0,2407.6597,3946.0102,1.0,0.0,0.3476,nan,423,0.0065,-0.503,0.7259,0,0,0.0895,0.1532,0.0895,0.1532,0.3688,0.5782,-0.329
None-gene-7509171,JASKUS010000001.1,4731,54744915,1.0,2407.6597,3946.0102,1.0,0.0,0.3476,nan,3210,0.0571,0.2033,0.7257,0,0,0.2351,0.0001,0.2351,0.0001,0.4187,0.6712,1.1158
None-gene-7512043,JASKUS010000001.1,4731,54744915,1.0,2407.6597,3946.0102,1.0,0.0,0.3476,nan,177,0.002,-0.5653,0.7256,0,0,-0.0381,0.5901,-0.0381,0.5901,0.3955,0.6279,0.4437
None-gene-7512796,JASKUS010000001.1,4731,54744915,1.0,2407.6597,3946.0102,1.0,0.0,0.3476,nan,249,0.0033,-0.547,0.7255,0,0,0.0287,0.668,0.0287,0.668,0.3775,0.5945,-0.0767
None-gene-7514994,JASKUS010000001.1,4731,54744915,1.0,2407.6597,3946.0102,1.0,0.0,0.3476,nan,2226,0.0392,-0.046,0.7255,0,0,0.0735,0.2414,0.0735,0.2414,0.3747,0.5892,-0.1591
None-gene-7529015,JASKUS010000001.1,4731,54744915,1.0,2407.6597,3946.0102,1.0,0.0,0.3476,nan,25321,0.4583,5.8067,0.7249,0,0,0.5708,0.0,0.5708,0.0,0.3592,0.5604,-0.6072
None-gene-7530598,JASKUS010000001.1,4731,54744915,1.0,2407.6597,3946.0102,1.0,0.0,0.3476,nan,2640,0.0467,0.0589,0.7249,0,0,0.1695,0.0066,0.1695,0.0066,0.4121,0.6589,0.9255
None-gene-7541772,JASKUS010000001.1,4731,54744915,1.0,2407.6597,3946.0102,1.0,0.0,0.3476,nan,342,0.005,-0.5235,0.7245,0,0,0.1387,0.0265,0.1387,0.0265,0.4211,0.6756,1.1842
None-gene-7543626,JASKUS010000001.1,4731,54744915,1.0,2407.6597,3946.0102,1.0,0.0,0.3476,nan,114,0.0009,-0.5813,0.7244,0,0,0.0567,0.5169,0.0567,0.5169,0.3596,0.5612,-0.5938
None-gene-7574922,JASKUS010000001.1,4731,54744915,1.0,2407.6597,3946.0102,1.0,0.0,0.3476,nan,18916,0.3421,4.1836,0.7233,0,0,0.443,0.0,0.443,0.0,0.3559,0.5542,-0.7027
None-gene-7602693,JASKUS010000001.1,4731,54744915,1.0,2407.6597,3946.0102,1.0,0.0,0.3476,nan,5928,0.1064,0.8921,0.7223,0,0,0.3282,0.0,0.3282,0.0,0.346,0.5358,-0.9895
None-gene-7612581,JASKUS010000001.1,4731,54744915,1.0,2407.6597,3946.0102,1.0,0.0,0.3476,nan,4491,0.0803,0.528,0.7219,0,0,0.2411,0.0001,0.2411,0.0001,0.338,0.5209,-1.2204
None-gene-7620472,JASKUS010000001.1,4731,54744915,1.0,2407.6597,3946.0102,1.0,0.0,0.3476,nan,7173,0.129,1.2076,0.7216,0,0,0.2093,0.0008,0.2093,0.0008,0.3774,0.5942,-0.0802
None-gene-7640716,JASKUS010000001.1,4731,54744915,1.0,2407.6597,3946.0102,1.0,0.0,0.3476,nan,15169,0.2741,3.234,0.7209,0,0,0.3841,0.0,0.3841,0.0,0.3358,0.5168,-1.2839
None-gene-7663394,JASKUS010000001.1,4731,54744915,1.0,2407.6597,3946.0102,1.0,0.0,0.3476,nan,588,0.0095,-0.4611,0.72,0,0,0.0577,0.3576,0.0577,0.3576,0.4184,0.6706,1.1064
None-gene-7665805,JASKUS010000001.1,4731,54744915,1.0,2407.6597,3946.0102,1.0,0.0,0.3476,nan,930,0.0157,-0.3745,0.7199,0,0,-0.0525,0.4683,-0.0525,0.4683,0.4258,0.6844,1.3218
None-gene-7675846,JASKUS010000001.1,4731,54744915,1.0,2407.6597,3946.0102,1.0,0.0,0.3476,nan,1516,0.0263,-0.226,0.7196,0,0,0.0726,0.2472,0.0726,0.2472,0.4077,0.6506,0.7961
None-gene-7678089,JASKUS010000001.1,4731,54744915,1.0,2407.6597,3946.0102,1.0,0.0,0.3476,nan,993,0.0168,-0.3585,0.7195,0,0,0.0955,0.1276,0.0955,0.1276,0.4592,0.7467,2.2892
None-gene-7679092,JASKUS010000001.1,4731,54744915,1.0,2407.6597,3946.0102,1.0,0.0,0.3476,nan,234,0.003,-0.5508,0.7195,0,0,0.0268,0.6787,0.0268,0.6787,0.4231,0.6793,1.2428
None-gene-7699130,JASKUS010000001.1,4731,54744915,1.0,2407.6597,3946.0102,1.0,0.0,0.3476,nan,144,0.0014,-0.5737,0.7187,0,0,-0.0107,0.8936,-0.0107,0.8936,0.4514,0.7321,2.0626
None-gene-7710461,JASKUS010000001.1,4731,54744915,1.0,2407.6597,3946.0102,1.0,0.0,0.3476,nan,4185,0.0748,0.4504,0.7183,0,0,0.2065,0.0009,0.2065,0.0009,0.3395,0.5238,-1.1759
None-gene-7719976,JASKUS010000001.1,4731,54744915,1.0,2407.6597,3946.0102,1.0,0.0,0.3476,nan,3633,0.0647,0.3105,0.718,0,0,0.212,0.0006,0.212,0.0006,0.3347,0.5148,-1.316
None-gene-7732478,JASKUS010000001.1,4731,54744915,1.0,2407.6597,3946.0102,1.0,0.0,0.3476,nan,1525,0.0265,-0.2237,0.7175,0,0,0.1755,0.0049,0.1755,0.0049,0.3948,0.6266,0.4227
None-gene-7732710,JASKUS010000001.1,4731,54744915,1.0,2407.6597,3946.0102,1.0,0.0,0.3476,nan,939,0.0158,-0.3722,0.7175,0,0,0.1756,0.0048,0.1756,0.0048,0.4143,0.6629,0.9878
None-gene-7734313,JASKUS010000001.1,4731,54744915,1.0,2407.6597,3946.0102,1.0,0.0,0.3476,nan,303,0.0043,-0.5334,0.7174,0,0,0.0772,0.2464,0.0772,0.2464,0.4092,0.6536,0.8421
None-gene-7755366,JASKUS010000001.1,4731,54744915,1.0,2407.6597,3946.0102,1.0,0.0,0.3476,nan,312,0.0045,-0.5311,0.7167,0,0,0.1307,0.0394,0.1307,0.0394,0.4391,0.7092,1.7068
None-gene-7784584,JASKUS010000001.1,4731,54744915,1.0,2407.6597,3946.0102,1.0,0.0,0.3476,nan,3709,0.0661,0.3298,0.7156,0,0,0.4355,0.0,0.4355,0.0,0.3343,0.514,-1.3272
None-gene-7798210,JASKUS010000001.1,4731,54744915,1.0,2407.6597,3946.0102,1.0,0.0,0.3476,nan,487,0.0076,-0.4867,0.7151,0,0,0.1621,0.0094,0.1621,0.0094,0.4312,0.6945,1.4783
None-gene-7798922,JASKUS010000001.1,4731,54744915,1.0,2407.6597,3946.0102,1.0,0.0,0.3476,nan,192,0.0023,-0.5615,0.7151,0,0,-0.0357,0.6189,-0.0357,0.6189,0.3854,0.6092,0.1523
None-gene-7801186,JASKUS010000001.1,4731,54744915,1.0,2407.6597,3946.0102,1.0,0.0,0.3476,nan,879,0.0148,-0.3874,0.715,0,0,0.1594,0.0107,0.1594,0.0107,0.4528,0.7347,2.1031
None-gene-7807236,JASKUS010000001.1,4731,54744915,1.0,2407.6597,3946.0102,1.0,0.0,0.3476,nan,192,0.0023,-0.5615,0.7148,0,0,0.0072,0.9177,0.0072,0.9177,0.4375,0.7062,1.6604
None-gene-7817483,JASKUS010000001.1,4731,54744915,1.0,2407.6597,3946.0102,1.0,0.0,0.3476,nan,12072,0.2179,2.4491,0.7144,0,0,0.2924,0.0,0.2924,0.0,0.3487,0.5409,-0.91
None-gene-7875920,JASKUS010000001.1,4731,54744915,1.0,2407.6597,3946.0102,1.0,0.0,0.3476,nan,8277,0.149,1.4874,0.7123,0,0,0.2459,0.0001,0.2459,0.0001,0.347,0.5376,-0.9605
None-gene-7898122,JASKUS010000001.1,4731,54744915,1.0,2407.6597,3946.0102,1.0,0.0,0.3476,nan,881,0.0148,-0.3869,0.7115,0,0,0.1404,0.0247,0.1404,0.0247,0.3961,0.6292,0.4628
None-gene-7903669,JASKUS010000001.1,4731,54744915,1.0,2407.6597,3946.0102,1.0,0.0,0.3476,nan,2414,0.0426,0.0016,0.7113,0,0,-0.0124,0.8429,-0.0124,0.8429,0.3712,0.5827,-0.2603
None-gene-7908924,JASKUS010000001.1,4731,54744915,1.0,2407.6597,3946.0102,1.0,0.0,0.3476,nan,1253,0.0215,-0.2926,0.7111,0,0,0.2002,0.0013,0.2002,0.0013,0.4374,0.7059,1.6561
None-gene-7909647,JASKUS010000001.1,4731,54744915,1.0,2407.6597,3946.0102,1.0,0.0,0.3476,nan,180,0.0021,-0.5645,0.711,0,0,0.1054,0.1242,0.1054,0.1242,0.4444,0.7191,1.8615
None-gene-7916543,JASKUS010000001.1,4731,54744915,1.0,2407.6597,3946.0102,1.0,0.0,0.3476,nan,2466,0.0436,0.0148,0.7108,0,0,0.3155,0.0,0.3155,0.0,0.4225,0.6784,1.2274
None-gene-7951537,JASKUS010000001.1,4731,54744915,1.0,2407.6597,3946.0102,1.0,0.0,0.3476,nan,234,0.003,-0.5508,0.7095,0,0,0.0363,0.5815,0.0363,0.5815,0.4573,0.743,2.2327
None-gene-7974048,JASKUS010000001.1,4731,54744915,1.0,2407.6597,3946.0102,1.0,0.0,0.3476,nan,3332,0.0593,0.2342,0.7087,0,0,0.2213,0.0004,0.2213,0.0004,0.3526,0.5482,-0.7968
None-gene-7979483,JASKUS010000001.1,4731,54744915,1.0,2407.6597,3946.0102,1.0,0.0,0.3476,nan,37102,0.6721,8.7923,0.7085,0,0,0.5908,0.0,0.5908,0.0,0.3586,0.5592,-0.6256
None-gene-8019889,JASKUS010000001.1,4731,54744915,1.0,2407.6597,3946.0102,1.0,0.0,0.3476,nan,675,0.0111,-0.4391,0.707,0,0,0.1517,0.0152,0.1517,0.0152,0.4133,0.6612,0.9606
None-gene-8021425,JASKUS010000001.1,4731,54744915,1.0,2407.6597,3946.0102,1.0,0.0,0.3476,nan,508,0.008,-0.4814,0.707,0,0,0.0961,0.1313,0.0961,0.1313,0.3976,0.632,0.5062
None-gene-8031510,JASKUS010000001.1,4731,54744915,1.0,2407.6597,3946.0102,1.0,0.0,0.3476,nan,8021,0.1444,1.4225,0.7066,0,0,0.3366,0.0,0.3366,0.0,0.3436,0.5313,-1.0586
None-gene-8036927,JASKUS010000001.1,4731,54744915,1.0,2407.6597,3946.0102,1.0,0.0,0.3476,nan,734,0.0121,-0.4241,0.7064,0,0,0.0469,0.4548,0.0469,0.4548,0.3815,0.6019,0.038
None-gene-8045133,JASKUS010000001.1,4731,54744915,1.0,2407.6597,3946.0102,1.0,0.0,0.3476,nan,1549,0.0269,-0.2176,0.7061,0,0,0.21,0.0007,0.21,0.0007,0.3725,0.5851,-0.2218
None-gene-8047104,JASKUS010000001.1,4731,54744915,1.0,2407.6597,3946.0102,1.0,0.0,0.3476,nan,2233,0.0393,-0.0443,0.706,0,0,0.2498,0.0001,0.2498,0.0001,0.4478,0.7254,1.9595
None-gene-8048418,JASKUS010000001.1,4731,54744915,1.0,2407.6597,3946.0102,1.0,0.0,0.3476,nan,159,0.0017,-0.5699,0.706,0,0,0.0047,0.9454,0.0047,0.9454,0.478,0.7816,2.8327
None-gene-8049711,JASKUS010000001.1,4731,54744915,1.0,2407.6597,3946.0102,1.0,0.0,0.3476,nan,1672,0.0291,-0.1864,0.7059,0,0,0.1158,0.0644,0.1158,0.0644,0.4163,0.6667,1.0456
None-gene-8075106,JASKUS010000001.1,4731,54744915,1.0,2407.6597,3946.0102,1.0,0.0,0.3476,nan,474,0.0074,-0.49,0.705,0,0,-0.0155,0.8082,-0.0155,0.8082,0.4831,0.7912,2.9814
None-gene-8092399,JASKUS010000001.1,4731,54744915,1.0,2407.6597,3946.0102,1.0,0.0,0.3476,nan,1270,0.0218,-0.2883,0.7044,0,0,0.1029,0.1003,0.1029,0.1003,0.4103,0.6555,0.8715
None-gene-8102872,JASKUS010000001.1,4731,54744915,1.0,2407.6597,3946.0102,1.0,0.0,0.3476,nan,1762,0.0308,-0.1636,0.704,0,0,0.0689,0.2719,0.0689,0.2719,0.3851,0.6086,0.1428
None-gene-8109131,JASKUS010000001.1,4731,54744915,1.0,2407.6597,3946.0102,1.0,0.0,0.3476,nan,171,0.0019,-0.5668,0.7037,0,0,-0.0497,0.5016,-0.0497,0.5016,0.3918,0.6211,0.3375
None-gene-8117528,JASKUS010000001.1,4731,54744915,1.0,2407.6597,3946.0102,1.0,0.0,0.3476,nan,225,0.0029,-0.5531,0.7034,0,0,-0.0474,0.4641,-0.0474,0.4641,0.4711,0.7688,2.6336
None-gene-8121221,JASKUS010000001.1,4731,54744915,1.0,2407.6597,3946.0102,1.0,0.0,0.3476,nan,192,0.0023,-0.5615,0.7033,0,0,0.1086,0.1149,0.1086,0.1149,0.5052,0.8323,3.6209
None-gene-8140276,JASKUS010000001.1,4731,54744915,1.0,2407.6597,3946.0102,1.0,0.0,0.3476,nan,367,0.0055,-0.5171,0.7026,0,0,0.1503,0.0198,0.1503,0.0198,0.4169,0.6678,1.0637
None-gene-8144573,JASKUS010000001.1,4731,54744915,1.0,2407.6597,3946.0102,1.0,0.0,0.3476,nan,1640,0.0286,-0.1945,0.7025,0,0,0.1499,0.0164,0.1499,0.0164,0.3439,0.5319,-1.0498
None-gene-8149333,JASKUS010000001.1,4731,54744915,1.0,2407.6597,3946.0102,1.0,0.0,0.3476,nan,506,0.008,-0.4819,0.7023,0,0,0.0727,0.2462,0.0727,0.2462,0.413,0.6607,0.9522
None-gene-8152811,JASKUS010000001.1,4731,54744915,1.0,2407.6597,3946.0102,1.0,0.0,0.3476,nan,1389,0.024,-0.2581,0.7022,0,0,0.1642,0.0085,0.1642,0.0085,0.4478,0.7254,1.9588
None-gene-8152926,JASKUS010000001.1,4731,54744915,1.0,2407.6597,3946.0102,1.0,0.0,0.3476,nan,585,0.0094,-0.4619,0.7021,0,0,0.0829,0.1859,0.0829,0.1859,0.4684,0.7637,2.5544
None-gene-8202460,JASKUS010000001.1,4731,54744915,1.0,2407.6597,3946.0102,1.0,0.0,0.3476,nan,5423,0.0972,0.7641,0.7003,0,0,0.2909,0.0,0.2909,0.0,0.407,0.6493,0.7764
None-gene-8215693,JASKUS010000001.1,4731,54744915,1.0,2407.6597,3946.0102,1.0,0.0,0.3476,nan,2744,0.0486,0.0852,0.6999,0,0,0.1705,0.0062,0.1705,0.0062,0.4194,0.6726,1.1375
None-gene-8218808,JASKUS010000001.1,4731,54744915,1.0,2407.6597,3946.0102,1.0,0.0,0.3476,nan,1013,0.0172,-0.3534,0.6997,0,0,0.0397,0.5268,0.0397,0.5268,0.4118,0.6584,0.9171
None-gene-8225983,JASKUS010000001.1,4731,54744915,1.0,2407.6597,3946.0102,1.0,0.0,0.3476,nan,249,0.0033,-0.547,0.6995,0,0,0.0027,0.9681,0.0027,0.9681,0.4418,0.7142,1.784
None-gene-8271346,JASKUS010000001.1,4731,54744915,1.0,2407.6597,3946.0102,1.0,0.0,0.3476,nan,3940,0.0703,0.3883,0.6978,0,0,0.2052,0.001,0.2052,0.001,0.3516,0.5461,-0.828
None-gene-8297291,JASKUS010000001.1,4731,54744915,1.0,2407.6597,3946.0102,1.0,0.0,0.3476,nan,255,0.0034,-0.5455,0.6969,0,0,-0.0064,0.9245,-0.0064,0.9245,0.4235,0.6802,1.2559
None-gene-8309063,JASKUS010000001.1,4731,54744915,1.0,2407.6597,3946.0102,1.0,0.0,0.3476,nan,1300,0.0224,-0.2807,0.6964,0,0,0.2673,0.0,0.2673,0.0,0.3377,0.5203,-1.2296
None-gene-8319346,JASKUS010000001.1,4731,54744915,1.0,2407.6597,3946.0102,1.0,0.0,0.3476,nan,4949,0.0886,0.644,0.6961,0,0,0.1855,0.0029,0.1855,0.0029,0.3938,0.6248,0.3955
None-gene-8327852,JASKUS010000001.1,4731,54744915,1.0,2407.6597,3946.0102,1.0,0.0,0.3476,nan,20869,0.3775,4.6785,0.6958,0,0,0.4464,0.0,0.4464,0.0,0.3608,0.5633,-0.5613
None-gene-8341605,JASKUS010000001.1,4731,54744915,1.0,2407.6597,3946.0102,1.0,0.0,0.3476,nan,437,0.0067,-0.4994,0.6953,0,0,0.0436,0.4876,0.0436,0.4876,0.4256,0.6841,1.3167
None-gene-8350871,JASKUS010000001.1,4731,54744915,1.0,2407.6597,3946.0102,1.0,0.0,0.3476,nan,6614,0.1188,1.066,0.6949,0,0,0.2554,0.0,0.2554,0.0,0.4515,0.7322,2.0648
None-gene-8361045,JASKUS010000001.1,4731,54744915,1.0,2407.6597,3946.0102,1.0,0.0,0.3476,nan,5011,0.0897,0.6597,0.6945,0,0,0.2859,0.0,0.2859,0.0,0.3576,0.5574,-0.6528
None-gene-8368654,JASKUS010000001.1,4731,54744915,1.0,2407.6597,3946.0102,1.0,0.0,0.3476,nan,420,0.0064,-0.5037,0.6943,0,0,0.105,0.099,0.105,0.099,0.4167,0.6674,1.0572
None-gene-8401618,JASKUS010000001.1,4731,54744915,1.0,2407.6597,3946.0102,1.0,0.0,0.3476,nan,903,0.0152,-0.3813,0.6931,0,0,0.2482,0.0001,0.2482,0.0001,0.3865,0.6112,0.1833
None-gene-8405392,JASKUS010000001.1,4731,54744915,1.0,2407.6597,3946.0102,1.0,0.0,0.3476,nan,4293,0.0767,0.4778,0.6929,0,0,0.1429,0.0222,0.1429,0.0222,0.3692,0.579,-0.3171
None-gene-8428780,JASKUS010000001.1,4731,54744915,1.0,2407.6597,3946.0102,1.0,0.0,0.3476,nan,132,0.0012,-0.5767,0.6921,0,0,0.0137,0.86,0.0137,0.86,0.4394,0.7097,1.7152
None-gene-8429058,JASKUS010000001.1,4731,54744915,1.0,2407.6597,3946.0102,1.0,0.0,0.3476,nan,819,0.0137,-0.4026,0.6921,0,0,0.174,0.0052,0.174,0.0052,0.4396,0.71,1.7201
None-gene-8440854,JASKUS010000001.1,4731,54744915,1.0,2407.6597,3946.0102,1.0,0.0,0.3476,nan,420,0.0064,-0.5037,0.6916,0,0,0.143,0.0264,0.143,0.0264,0.4571,0.7428,2.2292
None-gene-8443524,JASKUS010000001.1,4731,54744915,1.0,2407.6597,3946.0102,1.0,0.0,0.3476,nan,2804,0.0497,0.1004,0.6915,0,0,0.2982,0.0,0.2982,0.0,0.428,0.6884,1.3842
None-gene-8450899,JASKUS010000001.1,4731,54744915,1.0,2407.6597,3946.0102,1.0,0.0,0.3476,nan,549,0.0088,-0.471,0.6913,0,0,0.0196,0.7578,0.0196,0.7578,0.4281,0.6886,1.3868
None-gene-8484488,JASKUS010000001.1,4731,54744915,1.0,2407.6597,3946.0102,1.0,0.0,0.3476,nan,13691,0.2473,2.8594,0.69,0,0,0.5896,0.0,0.5896,0.0,0.3377,0.5204,-1.2282
None-gene-8518109,JASKUS010000001.1,4731,54744915,1.0,2407.6597,3946.0102,1.0,0.0,0.3476,nan,1142,0.0195,-0.3207,0.6888,0,0,0.1786,0.0041,0.1786,0.0041,0.4168,0.6677,1.0614
None-gene-8524147,JASKUS010000001.1,4731,54744915,1.0,2407.6597,3946.0102,1.0,0.0,0.3476,nan,8660,0.156,1.5845,0.6886,0,0,0.3369,0.0,0.3369,0.0,0.362,0.5656,-0.5248
None-gene-8553958,JASKUS010000001.1,4731,54744915,1.0,2407.6597,3946.0102,1.0,0.0,0.3476,nan,2955,0.0524,0.1387,0.6875,0,0,0.2143,0.0006,0.2143,0.0006,0.4173,0.6685,1.0743
None-gene-8561846,JASKUS010000001.1,4731,54744915,1.0,2407.6597,3946.0102,1.0,0.0,0.3476,nan,2015,0.0354,-0.0995,0.6872,0,0,0.1914,0.0021,0.1914,0.0021,0.4119,0.6585,0.9194
None-gene-8567065,JASKUS010000001.1,4731,54744915,1.0,2407.6597,3946.0102,1.0,0.0,0.3476,nan,721,0.0119,-0.4274,0.687,0,0,0.2287,0.0002,0.2287,0.0002,0.4105,0.656,0.8798
None-gene-8574161,JASKUS010000001.1,4731,54744915,1.0,2407.6597,3946.0102,1.0,0.0,0.3476,nan,699,0.0115,-0.433,0.6868,0,0,0.1738,0.0061,0.1738,0.0061,0.4335,0.6987,1.5439
None-gene-8577594,JASKUS010000001.1,4731,54744915,1.0,2407.6597,3946.0102,1.0,0.0,0.3476,nan,156,0.0016,-0.5706,0.6866,0,0,0.0704,0.3246,0.0704,0.3246,0.4744,0.7749,2.7277
None-gene-8579457,JASKUS010000001.1,4731,54744915,1.0,2407.6597,3946.0102,1.0,0.0,0.3476,nan,711,0.0117,-0.43,0.6866,0,0,0.1437,0.0214,0.1437,0.0214,0.4149,0.6641,1.0062
None-gene-8586414,JASKUS010000001.1,4731,54744915,1.0,2407.6597,3946.0102,1.0,0.0,0.3476,nan,7609,0.1369,1.3181,0.6863,0,0,0.3929,0.0,0.3929,0.0,0.3843,0.6071,0.1194
None-gene-8593188,JASKUS010000001.1,4731,54744915,1.0,2407.6597,3946.0102,1.0,0.0,0.3476,nan,845,0.0141,-0.396,0.6861,0,0,0.054,0.3892,0.054,0.3892,0.4698,0.7664,2.5963
None-gene-8714684,JASKUS010000001.1,4731,54744915,1.0,2407.6597,3946.0102,1.0,0.0,0.3476,nan,174,0.002,-0.5661,0.6816,0,0,0.001,0.9889,0.001,0.9889,0.3448,0.5336,-1.023
None-gene-8724690,JASKUS010000001.1,4731,54744915,1.0,2407.6597,3946.0102,1.0,0.0,0.3476,nan,144,0.0014,-0.5737,0.6813,0,0,0.0212,0.7634,0.0212,0.7634,0.5208,0.8614,4.0734
None-gene-8786136,JASKUS010000001.1,4731,54744915,1.0,2407.6597,3946.0102,1.0,0.0,0.3476,nan,123,0.001,-0.579,0.679,0,0,0.043,0.5613,0.043,0.5613,0.3821,0.6031,0.0566
None-gene-8818694,JASKUS010000001.1,4731,54744915,1.0,2407.6597,3946.0102,1.0,0.0,0.3476,nan,39472,0.7151,9.3929,0.6778,0,0,0.6671,0.0,0.6671,0.0,0.3484,0.5403,-0.9189
None-gene-8844762,JASKUS010000001.1,4731,54744915,1.0,2407.6597,3946.0102,1.0,0.0,0.3476,nan,252,0.0034,-0.5463,0.6769,0,0,-0.0618,0.3476,-0.0618,0.3476,0.4683,0.7635,2.5509
None-gene-8887453,JASKUS010000001.1,4731,54744915,1.0,2407.6597,3946.0102,1.0,0.0,0.3476,nan,10288,0.1855,1.997,0.6753,0,0,0.4178,0.0,0.4178,0.0,0.3535,0.5498,-0.7713
None-gene-8896683,JASKUS010000001.1,4731,54744915,1.0,2407.6597,3946.0102,1.0,0.0,0.3476,nan,1058,0.018,-0.342,0.675,0,0,0.0895,0.1531,0.0895,0.1531,0.4036,0.6431,0.6786
None-gene-8925814,JASKUS010000001.1,4731,54744915,1.0,2407.6597,3946.0102,1.0,0.0,0.3476,nan,342,0.005,-0.5235,0.6739,0,0,-0.0197,0.7603,-0.0197,0.7603,0.4357,0.7028,1.6075
None-gene-8936409,JASKUS010000001.1,4731,54744915,1.0,2407.6597,3946.0102,1.0,0.0,0.3476,nan,4623,0.0827,0.5614,0.6735,0,0,0.3097,0.0,0.3097,0.0,0.353,0.5489,-0.7859
None-gene-8940452,JASKUS010000001.1,4731,54744915,1.0,2407.6597,3946.0102,1.0,0.0,0.3476,nan,117,0.0009,-0.5805,0.6734,0,0,0.1047,0.1619,0.1047,0.1619,0.4957,0.8147,3.3464
None-gene-8946768,JASKUS010000001.1,4731,54744915,1.0,2407.6597,3946.0102,1.0,0.0,0.3476,nan,801,0.0133,-0.4072,0.6731,0,0,0.2035,0.0011,0.2035,0.0011,0.4345,0.7005,1.5723
None-gene-8947750,JASKUS010000001.1,4731,54744915,1.0,2407.6597,3946.0102,1.0,0.0,0.3476,nan,3295,0.0586,0.2249,0.6731,0,0,0.2803,0.0,0.2803,0.0,0.4112,0.6573,0.8997
None-gene-8966312,JASKUS010000001.1,4731,54744915,1.0,2407.6597,3946.0102,1.0,0.0,0.3476,nan,1253,0.0215,-0.2926,0.6724,0,0,0.1814,0.0036,0.1814,0.0036,0.4086,0.6524,0.8241
None-gene-8990989,JASKUS010000001.1,4731,54744915,1.0,2407.6597,3946.0102,1.0,0.0,0.3476,nan,4931,0.0883,0.6395,0.6715,0,0,0.2814,0.0,0.2814,0.0,0.3291,0.5044,-1.4772
None-gene-9045356,JASKUS010000001.1,4731,54744915,1.0,2407.6597,3946.0102,1.0,0.0,0.3476,nan,2922,0.0518,0.1303,0.6695,0,0,0.1088,0.0822,0.1088,0.0822,0.3549,0.5524,-0.7315
None-gene-9050243,JASKUS010000001.1,4731,54744915,1.0,2407.6597,3946.0102,1.0,0.0,0.3476,nan,9275,0.1671,1.7403,0.6694,0,0,0.3236,0.0,0.3236,0.0,0.4001,0.6366,0.5777
None-gene-9063399,JASKUS010000001.1,4731,54744915,1.0,2407.6597,3946.0102,1.0,0.0,0.3476,nan,1509,0.0262,-0.2277,0.6689,0,0,0.0328,0.6017,0.0328,0.6017,0.4056,0.6467,0.7357
None-gene-9066861,JASKUS010000001.1,4731,54744915,1.0,2407.6597,3946.0102,1.0,0.0,0.3476,nan,13774,0.2488,2.8805,0.6688,0,0,0.4242,0.0,0.4242,0.0,0.3544,0.5515,-0.7448
None-gene-9088573,JASKUS010000001.1,4731,54744915,1.0,2407.6597,3946.0102,1.0,0.0,0.3476,nan,1151,0.0197,-0.3185,0.668,0,0,0.0106,0.8656,0.0106,0.8656,0.404,0.6438,0.6903
None-gene-9102784,JASKUS010000001.1,4731,54744915,1.0,2407.6597,3946.0102,1.0,0.0,0.3476,nan,3515,0.0626,0.2806,0.6674,0,0,0.16,0.0104,0.16,0.0104,0.3866,0.6115,0.1874
None-gene-9126505,JASKUS010000001.1,4731,54744915,1.0,2407.6597,3946.0102,1.0,0.0,0.3476,nan,162,0.0017,-0.5691,0.6666,0,0,0.1048,0.158,0.1048,0.158,0.4383,0.7076,1.6827
None-gene-9147290,JASKUS010000001.1,4731,54744915,1.0,2407.6597,3946.0102,1.0,0.0,0.3476,nan,252,0.0034,-0.5463,0.6658,0,0,-0.1603,0.0275,-0.1603,0.0275,0.3056,0.4605,-2.1602
None-gene-9187227,JASKUS010000001.1,4731,54744915,1.0,2407.6597,3946.0102,1.0,0.0,0.3476,nan,543,0.0087,-0.4725,0.6644,0,0,0.1034,0.1086,0.1034,0.1086,0.3757,0.5911,-0.1293
None-gene-9187957,JASKUS010000001.1,4731,54744915,1.0,2407.6597,3946.0102,1.0,0.0,0.3476,nan,411,0.0063,-0.506,0.6643,0,0,0.0531,0.4038,0.0531,0.4038,0.4209,0.6753,1.1804
None-gene-9188049,JASKUS010000001.1,4731,54744915,1.0,2407.6597,3946.0102,1.0,0.0,0.3476,nan,201,0.0024,-0.5592,0.6643,0,0,0.0295,0.659,0.0295,0.659,0.4527,0.7346,2.1016
None-gene-9193047,JASKUS010000001.1,4731,54744915,1.0,2407.6597,3946.0102,1.0,0.0,0.3476,nan,2659,0.0471,0.0637,0.6641,0,0,0.2447,0.0001,0.2447,0.0001,0.4103,0.6556,0.8729
None-gene-9208988,JASKUS010000001.1,4731,54744915,1.0,2407.6597,3946.0102,1.0,0.0,0.3476,nan,618,0.01,-0.4535,0.6636,0,0,0.1225,0.054,0.1225,0.054,0.5146,0.8497,3.8918
None-gene-9218872,JASKUS010000001.1,4731,54744915,1.0,2407.6597,3946.0102,1.0,0.0,0.3476,nan,12972,0.2342,2.6772,0.6632,0,0,0.489,0.0,0.489,0.0,0.3376,0.5202,-1.2314
None-gene-9219071,JASKUS010000001.1,4731,54744915,1.0,2407.6597,3946.0102,1.0,0.0,0.3476,nan,456,0.0071,-0.4946,0.6632,0,0,0.073,0.2798,0.073,0.2798,0.4326,0.6971,1.5181
None-gene-9255179,JASKUS010000001.1,4731,54744915,1.0,2407.6597,3946.0102,1.0,0.0,0.3476,nan,1885,0.033,-0.1325,0.6619,0,0,0.164,0.0086,0.164,0.0086,0.409,0.6532,0.8357
None-gene-9274927,JASKUS010000001.1,4731,54744915,1.0,2407.6597,3946.0102,1.0,0.0,0.3476,nan,159,0.0017,-0.5699,0.6612,0,0,-0.1509,0.0304,-0.1509,0.0304,0.4465,0.723,1.9222
None-gene-9277185,JASKUS010000001.1,4731,54744915,1.0,2407.6597,3946.0102,1.0,0.0,0.3476,nan,183,0.0021,-0.5638,0.6611,0,0,0.103,0.1418,0.103,0.1418,0.4481,0.7259,1.967
None-gene-9282924,JASKUS010000001.1,4731,54744915,1.0,2407.6597,3946.0102,1.0,0.0,0.3476,nan,3356,0.0597,0.2403,0.6609,0,0,0.2094,0.0007,0.2094,0.0007,0.3746,0.589,-0.1623
None-gene-9290542,JASKUS010000001.1,4731,54744915,1.0,2407.6597,3946.0102,1.0,0.0,0.3476,nan,207,0.0026,-0.5577,0.6606,0,0,0.0243,0.7166,0.0243,0.7166,0.4638,0.7551,2.421
None-gene-9317810,JASKUS010000001.1,4731,54744915,1.0,2407.6597,3946.0102,1.0,0.0,0.3476,nan,910,0.0153,-0.3795,0.6596,0,0,0.0275,0.6616,0.0275,0.6616,0.4253,0.6834,1.3064
None-gene-9320752,JASKUS010000001.1,4731,54744915,1.0,2407.6597,3946.0102,1.0,0.0,0.3476,nan,4260,0.0761,0.4694,0.6595,0,0,0.2763,0.0,0.2763,0.0,0.407,0.6495,0.7785
None-gene-9333474,JASKUS010000001.1,4731,54744915,1.0,2407.6597,3946.0102,1.0,0.0,0.3476,nan,594,0.0096,-0.4596,0.659,0,0,0.0971,0.1265,0.0971,0.1265,0.4747,0.7756,2.7389
None-gene-9335984,JASKUS010000001.1,4731,54744915,1.0,2407.6597,3946.0102,1.0,0.0,0.3476,nan,1286,0.0221,-0.2843,0.6589,0,0,0.1656,0.0079,0.1656,0.0079,0.4012,0.6387,0.6106
None-gene-9337553,JASKUS010000001.1,4731,54744915,1.0,2407.6597,3946.0102,1.0,0.0,0.3476,nan,363,0.0054,-0.5182,0.6589,0,0,0.06,0.3615,0.06,0.3615,0.3994,0.6353,0.5586
None-gene-9351080,JASKUS010000001.1,4731,54744915,1.0,2407.6597,3946.0102,1.0,0.0,0.3476,nan,2926,0.0519,0.1314,0.6584,0,0,0.2134,0.0006,0.2134,0.0006,0.3575,0.5572,-0.6565
None-gene-9382175,JASKUS010000001.1,4731,54744915,1.0,2407.6597,3946.0102,1.0,0.0,0.3476,nan,354,0.0052,-0.5204,0.6572,0,0,0.0271,0.6715,0.0271,0.6715,0.4181,0.67,1.0981
None-gene-9398663,JASKUS010000001.1,4731,54744915,1.0,2407.6597,3946.0102,1.0,0.0,0.3476,nan,474,0.0074,-0.49,0.6566,0,0,0.0693,0.277,0.0693,0.277,0.4093,0.6537,0.8433
None-gene-9401076,JASKUS010000001.1,4731,54744915,1.0,2407.6597,3946.0102,1.0,0.0,0.3476,nan,165,0.0018,-0.5683,0.6565,0,0,-0.0508,0.4851,-0.0508,0.4851,0.4848,0.7944,3.0314
None-gene-9423974,JASKUS010000001.1,4731,54744915,1.0,2407.6597,3946.0102,1.0,0.0,0.3476,nan,1005,0.017,-0.3555,0.6557,0,0,-0.0606,0.3344,-0.0606,0.3344,0.4418,0.7142,1.7846
None-gene-9428693,JASKUS010000001.1,4731,54744915,1.0,2407.6597,3946.0102,1.0,0.0,0.3476,nan,411,0.0063,-0.506,0.6555,0,0,0.0907,0.1477,0.0907,0.1477,0.4088,0.6527,0.8282
None-gene-9435543,JASKUS010000001.1,4731,54744915,1.0,2407.6597,3946.0102,1.0,0.0,0.3476,nan,635,0.0103,-0.4492,0.6553,0,0,0.0823,0.1957,0.0823,0.1957,0.378,0.5953,-0.0638
None-gene-9474410,JASKUS010000001.1,4731,54744915,1.0,2407.6597,3946.0102,1.0,0.0,0.3476,nan,1581,0.0275,-0.2095,0.6539,0,0,0.2252,0.0003,0.2252,0.0003,0.3903,0.6182,0.2925
None-gene-9492041,JASKUS010000001.1,4731,54744915,1.0,2407.6597,3946.0102,1.0,0.0,0.3476,nan,1454,0.0252,-0.2417,0.6532,0,0,0.0523,0.4045,0.0523,0.4045,0.4257,0.6843,1.3194
None-gene-9492915,JASKUS010000001.1,4731,54744915,1.0,2407.6597,3946.0102,1.0,0.0,0.3476,nan,462,0.0072,-0.4931,0.6532,0,0,-0.1468,0.0247,-0.1468,0.0247,0.4848,0.7944,3.0314
None-gene-9495246,JASKUS010000001.1,4731,54744915,1.0,2407.6597,3946.0102,1.0,0.0,0.3476,nan,515,0.0081,-0.4796,0.6531,0,0,-0.0376,0.5494,-0.0376,0.5494,0.3981,0.6327,0.5183
None-gene-9505676,JASKUS010000001.1,4731,54744915,1.0,2407.6597,3946.0102,1.0,0.0,0.3476,nan,21010,0.3801,4.7142,0.6527,0,0,0.5279,0.0,0.5279,0.0,0.3716,0.5835,-0.2468
None-gene-9574179,JASKUS010000001.1,4731,54744915,1.0,2407.6597,3946.0102,1.0,0.0,0.3476,nan,4542,0.0812,0.5409,0.6502,0,0,0.2684,0.0,0.2684,0.0,0.3901,0.618,0.289
None-gene-9579697,JASKUS010000001.1,4731,54744915,1.0,2407.6597,3946.0102,1.0,0.0,0.3476,nan,823,0.0137,-0.4016,0.65,0,0,0.1899,0.0023,0.1899,0.0023,0.4362,0.7038,1.623
None-gene-9580012,JASKUS010000001.1,4731,54744915,1.0,2407.6597,3946.0102,1.0,0.0,0.3476,nan,285,0.004,-0.5379,0.65,0,0,0.119,0.0613,0.119,0.0613,0.4596,0.7475,2.3017
None-gene-9583718,JASKUS010000001.1,4731,54744915,1.0,2407.6597,3946.0102,1.0,0.0,0.3476,nan,5477,0.0982,0.7778,0.6499,0,0,0.2366,0.0001,0.2366,0.0001,0.4084,0.6521,0.8188
None-gene-9595928,JASKUS010000001.1,4731,54744915,1.0,2407.6597,3946.0102,1.0,0.0,0.3476,nan,2594,0.0459,0.0472,0.6494,0,0,0.1161,0.0636,0.1161,0.0636,0.3685,0.5778,-0.3363
None-gene-9600623,JASKUS010000001.1,4731,54744915,1.0,2407.6597,3946.0102,1.0,0.0,0.3476,nan,6846,0.123,1.1248,0.6493,0,0,0.2637,0.0,0.2637,0.0,0.3821,0.6031,0.0569
None-gene-9601256,JASKUS010000001.1,4731,54744915,1.0,2407.6597,3946.0102,1.0,0.0,0.3476,nan,168,0.0019,-0.5676,0.6492,0,0,0.1087,0.1104,0.1087,0.1104,0.4167,0.6674,1.0572
None-gene-9618111,JASKUS010000001.1,4731,54744915,1.0,2407.6597,3946.0102,1.0,0.0,0.3476,nan,2008,0.0352,-0.1013,0.6486,0,0,0.1748,0.005,0.1748,0.005,0.383,0.6046,0.0814
None-gene-9638408,JASKUS010000001.1,4731,54744915,1.0,2407.6597,3946.0102,1.0,0.0,0.3476,nan,2005,0.0352,-0.102,0.6479,0,0,0.0624,0.3199,0.0624,0.3199,0.3566,0.5555,-0.6819
None-gene-9643846,JASKUS010000001.1,4731,54744915,1.0,2407.6597,3946.0102,1.0,0.0,0.3476,nan,2028,0.0356,-0.0962,0.6477,0,0,0.1007,0.1081,0.1007,0.1081,0.4034,0.6426,0.6716
None-gene-9646963,JASKUS010000001.1,4731,54744915,1.0,2407.6597,3946.0102,1.0,0.0,0.3476,nan,2067,0.0363,-0.0863,0.6476,0,0,0.1415,0.0236,0.1415,0.0236,0.3716,0.5834,-0.2491
None-gene-9651410,JASKUS010000001.1,4731,54744915,1.0,2407.6597,3946.0102,1.0,0.0,0.3476,nan,1147,0.0196,-0.3195,0.6474,0,0,0.0577,0.358,0.0577,0.358,0.4002,0.6367,0.5796
None-gene-9654296,JASKUS010000001.1,4731,54744915,1.0,2407.6597,3946.0102,1.0,0.0,0.3476,nan,441,0.0068,-0.4984,0.6473,0,0,-0.0077,0.9038,-0.0077,0.9038,0.4308,0.6938,1.4675
None-gene-9660373,JASKUS010000001.1,4731,54744915,1.0,2407.6597,3946.0102,1.0,0.0,0.3476,nan,171,0.0019,-0.5668,0.6471,0,0,0.1216,0.088,0.1216,0.088,0.4795,0.7845,2.8775
None-gene-9660755,JASKUS010000001.1,4731,54744915,1.0,2407.6597,3946.0102,1.0,0.0,0.3476,nan,978,0.0166,-0.3623,0.6471,0,0,0.1805,0.0038,0.1805,0.0038,0.454,0.7369,2.1378
None-gene-9662075,JASKUS010000001.1,4731,54744915,1.0,2407.6597,3946.0102,1.0,0.0,0.3476,nan,1373,0.0237,-0.2622,0.647,0,0,0.0394,0.5307,0.0394,0.5307,0.4101,0.6551,0.8656
None-gene-9665061,JASKUS010000001.1,4731,54744915,1.0,2407.6597,3946.0102,1.0,0.0,0.3476,nan,240,0.0032,-0.5493,0.6469,0,0,0.0026,0.9691,0.0026,0.9691,0.4167,0.6674,1.0572
None-gene-9666906,JASKUS010000001.1,4731,54744915,1.0,2407.6597,3946.0102,1.0,0.0,0.3476,nan,2111,0.0371,-0.0752,0.6468,0,0,0.0702,0.2632,0.0702,0.2632,0.3539,0.5504,-0.7614
None-gene-9670745,JASKUS010000001.1,4731,54744915,1.0,2407.6597,3946.0102,1.0,0.0,0.3476,nan,981,0.0166,-0.3615,0.6467,0,0,-0.0449,0.4742,-0.0449,0.4742,0.3986,0.6337,0.5332
None-gene-9674793,JASKUS010000001.1,4731,54744915,1.0,2407.6597,3946.0102,1.0,0.0,0.3476,nan,1152,0.0197,-0.3182,0.6466,0,0,0.0928,0.1387,0.0928,0.1387,0.4245,0.682,1.2834
None-gene-9677067,JASKUS010000001.1,4731,54744915,1.0,2407.6597,3946.0102,1.0,0.0,0.3476,nan,1379,0.0238,-0.2607,0.6465,0,0,0.1916,0.0021,0.1916,0.0021,0.4177,0.6693,1.0869
None-gene-9679489,JASKUS010000001.1,4731,54744915,1.0,2407.6597,3946.0102,1.0,0.0,0.3476,nan,8017,0.1443,1.4215,0.6464,0,0,0.223,0.0003,0.223,0.0003,0.363,0.5674,-0.4974
None-gene-9695524,JASKUS010000001.1,4731,54744915,1.0,2407.6597,3946.0102,1.0,0.0,0.3476,nan,747,0.0124,-0.4208,0.6458,0,0,0.1053,0.0982,0.1053,0.0982,0.427,0.6867,1.3576
None-gene-9697321,JASKUS010000001.1,4731,54744915,1.0,2407.6597,3946.0102,1.0,0.0,0.3476,nan,8516,0.1533,1.548,0.6457,0,0,0.2189,0.0004,0.2189,0.0004,0.3559,0.5543,-0.7019
None-gene-9701180,JASKUS010000001.1,4731,54744915,1.0,2407.6597,3946.0102,1.0,0.0,0.3476,nan,168,0.0019,-0.5676,0.6456,0,0,0.0013,0.9854,0.0013,0.9854,0.4762,0.7783,2.7807
None-gene-9725649,JASKUS010000001.1,4731,54744915,1.0,2407.6597,3946.0102,1.0,0.0,0.3476,nan,1357,0.0234,-0.2663,0.6447,0,0,0.1624,0.0092,0.1624,0.0092,0.4068,0.649,0.7709
None-gene-9737747,JASKUS010000001.1,4731,54744915,1.0,2407.6597,3946.0102,1.0,0.0,0.3476,nan,1308,0.0225,-0.2787,0.6443,0,0,0.1007,0.1081,0.1007,0.1081,0.4067,0.6489,0.7694
None-gene-9742675,JASKUS010000001.1,4731,54744915,1.0,2407.6597,3946.0102,1.0,0.0,0.3476,nan,9535,0.1718,1.8062,0.6441,0,0,0.4315,0.0,0.4315,0.0,0.3445,0.533,-1.0319
None-gene-9753119,JASKUS010000001.1,4731,54744915,1.0,2407.6597,3946.0102,1.0,0.0,0.3476,nan,153,0.0016,-0.5714,0.6437,0,0,-0.0151,0.8365,-0.0151,0.8365,0.3464,0.5365,-0.9773
None-gene-9763699,JASKUS010000001.1,4731,54744915,1.0,2407.6597,3946.0102,1.0,0.0,0.3476,nan,1738,0.0303,-0.1697,0.6433,0,0,0.1003,0.1093,0.1003,0.1093,0.3953,0.6276,0.4379
None-gene-9767883,JASKUS010000001.1,4731,54744915,1.0,2407.6597,3946.0102,1.0,0.0,0.3476,nan,6781,0.1219,1.1083,0.6431,0,0,0.2331,0.0002,0.2331,0.0002,0.3436,0.5313,-1.0583
None-gene-9807915,JASKUS010000001.1,4731,54744915,1.0,2407.6597,3946.0102,1.0,0.0,0.3476,nan,9352,0.1685,1.7598,0.6417,0,0,0.2785,0.0,0.2785,0.0,0.3364,0.5179,-1.2671
None-gene-9818546,JASKUS010000001.1,4731,54744915,1.0,2407.6597,3946.0102,1.0,0.0,0.3476,nan,420,0.0064,-0.5037,0.6413,0,0,-0.0339,0.5953,-0.0339,0.5953,0.4452,0.7206,1.8845
None-gene-9819020,JASKUS010000001.1,4731,54744915,1.0,2407.6597,3946.0102,1.0,0.0,0.3476,nan,210,0.0026,-0.5569,0.6413,0,0,-0.0168,0.7958,-0.0168,0.7958,0.4714,0.7694,2.6428
None-gene-9819530,JASKUS010000001.1,4731,54744915,1.0,2407.6597,3946.0102,1.0,0.0,0.3476,nan,258,0.0035,-0.5448,0.6413,0,0,-0.0561,0.386,-0.0561,0.386,0.3953,0.6277,0.4399
None-gene-9858049,JASKUS010000001.1,4731,54744915,1.0,2407.6597,3946.0102,1.0,0.0,0.3476,nan,651,0.0106,-0.4452,0.6399,0,0,0.0718,0.2522,0.0718,0.2522,0.427,0.6867,1.3574
None-gene-9867470,JASKUS010000001.1,4731,54744915,1.0,2407.6597,3946.0102,1.0,0.0,0.3476,nan,1109,0.0189,-0.3291,0.6395,0,0,0.2103,0.0007,0.2103,0.0007,0.4436,0.7176,1.8383
None-gene-9867781,JASKUS010000001.1,4731,54744915,1.0,2407.6597,3946.0102,1.0,0.0,0.3476,nan,402,0.0061,-0.5083,0.6395,0,0,0.1243,0.0501,0.1243,0.0501,0.4726,0.7717,2.6778
None-gene-9930096,JASKUS010000001.1,4731,54744915,1.0,2407.6597,3946.0102,1.0,0.0,0.3476,nan,636,0.0103,-0.449,0.6372,0,0,0.126,0.047,0.126,0.047,0.4355,0.7025,1.6035
None-gene-9956213,JASKUS010000001.1,4731,54744915,1.0,2407.6597,3946.0102,1.0,0.0,0.3476,nan,11499,0.2075,2.3039,0.6363,0,0,0.3231,0.0,0.3231,0.0,0.3407,0.526,-1.1418
None-gene-9995195,JASKUS010000001.1,4731,54744915,1.0,2407.6597,3946.0102,1.0,0.0,0.3476,nan,600,0.0097,-0.4581,0.6348,0,0,0.1851,0.003,0.1851,0.003,0.4433,0.7171,1.8293
None-gene-9996362,JASKUS010000001.1,4731,54744915,1.0,2407.6597,3946.0102,1.0,0.0,0.3476,nan,303,0.0043,-0.5334,0.6348,0,0,0.0892,0.1739,0.0892,0.1739,0.4422,0.715,1.7978
None-gene-10012535,JASKUS010000001.1,4731,54744915,1.0,2407.6597,3946.0102,1.0,0.0,0.3476,nan,6154,0.1105,0.9494,0.6342,0,0,0.2143,0.0006,0.2143,0.0006,0.3838,0.6062,0.1059
None-gene-10073896,JASKUS010000001.1,4731,54744915,1.0,2407.6597,3946.0102,1.0,0.0,0.3476,nan,1046,0.0178,-0.3451,0.632,0,0,0.1602,0.0102,0.1602,0.0102,0.4398,0.7104,1.7261
None-gene-10080009,JASKUS010000001.1,4731,54744915,1.0,2407.6597,3946.0102,1.0,0.0,0.3476,nan,300,0.0042,-0.5341,0.6317,0,0,0.0665,0.2967,0.0665,0.2967,0.4633,0.7543,2.4084
None-gene-10081587,JASKUS010000001.1,4731,54744915,1.0,2407.6597,3946.0102,1.0,0.0,0.3476,nan,704,0.0116,-0.4317,0.6317,0,0,0.0616,0.3263,0.0616,0.3263,0.4531,0.7353,2.1128
None-gene-10085791,JASKUS010000001.1,4731,54744915,1.0,2407.6597,3946.0102,1.0,0.0,0.3476,nan,282,0.0039,-0.5387,0.6315,0,0,0.2111,0.0012,0.2111,0.0012,0.4539,0.7368,2.1353
None-gene-10106516,JASKUS010000001.1,4731,54744915,1.0,2407.6597,3946.0102,1.0,0.0,0.3476,nan,228,0.0029,-0.5524,0.6308,0,0,0.1424,0.0316,0.1424,0.0316,0.4518,0.7328,2.0731
None-gene-10135725,JASKUS010000001.1,4731,54744915,1.0,2407.6597,3946.0102,1.0,0.0,0.3476,nan,393,0.0059,-0.5106,0.6297,0,0,-0.0308,0.6241,-0.0308,0.6241,0.4784,0.7823,2.8439
None-gene-10166531,JASKUS010000001.1,4731,54744915,1.0,2407.6597,3946.0102,1.0,0.0,0.3476,nan,1306,0.0225,-0.2792,0.6286,0,0,-0.0897,0.1522,-0.0897,0.1522,0.4043,0.6443,0.6987
None-gene-10216544,JASKUS010000001.1,4731,54744915,1.0,2407.6597,3946.0102,1.0,0.0,0.3476,nan,2378,0.042,-0.0075,0.6268,0,0,0.1638,0.0087,0.1638,0.0087,0.4087,0.6527,0.8278
None-gene-10218032,JASKUS010000001.1,4731,54744915,1.0,2407.6597,3946.0102,1.0,0.0,0.3476,nan,135,0.0013,-0.5759,0.6267,0,0,0.013,0.8555,0.013,0.8555,0.4815,0.7881,2.9339
None-gene-10219342,JASKUS010000001.1,4731,54744915,1.0,2407.6597,3946.0102,1.0,0.0,0.3476,nan,1009,0.0171,-0.3544,0.6267,0,0,0.1188,0.0577,0.1188,0.0577,0.4242,0.6814,1.2748
None-gene-10221840,JASKUS010000001.1,4731,54744915,1.0,2407.6597,3946.0102,1.0,0.0,0.3476,nan,3602,0.0642,0.3027,0.6266,0,0,0.1736,0.0054,0.1736,0.0054,0.3962,0.6292,0.4636
None-gene-10228290,JASKUS010000001.1,4731,54744915,1.0,2407.6597,3946.0102,1.0,0.0,0.3476,nan,456,0.0071,-0.4946,0.6263,0,0,0.0715,0.2619,0.0715,0.2619,0.4605,0.7491,2.3271
None-gene-10229937,JASKUS010000001.1,4731,54744915,1.0,2407.6597,3946.0102,1.0,0.0,0.3476,nan,264,0.0036,-0.5432,0.6263,0,0,0.0709,0.2728,0.0709,0.2728,0.4508,0.7309,2.0443
None-gene-10231933,JASKUS010000001.1,4731,54744915,1.0,2407.6597,3946.0102,1.0,0.0,0.3476,nan,2447,0.0432,0.01,0.6262,0,0,0.1303,0.0372,0.1303,0.0372,0.3866,0.6114,0.1864
None-gene-10245466,JASKUS010000001.1,4731,54744915,1.0,2407.6597,3946.0102,1.0,0.0,0.3476,nan,5986,0.1074,0.9068,0.6257,0,0,0.3252,0.0,0.3252,0.0,0.3862,0.6107,0.176
None-gene-10250345,JASKUS010000001.1,4731,54744915,1.0,2407.6597,3946.0102,1.0,0.0,0.3476,nan,268,0.0037,-0.5422,0.6255,0,0,0.0511,0.4218,0.0511,0.4218,0.4664,0.7601,2.4977
None-gene-10256653,JASKUS010000001.1,4731,54744915,1.0,2407.6597,3946.0102,1.0,0.0,0.3476,nan,665,0.0109,-0.4416,0.6253,0,0,0.1361,0.0318,0.1361,0.0318,0.415,0.6644,1.01
None-gene-10266566,JASKUS010000001.1,4731,54744915,1.0,2407.6597,3946.0102,1.0,0.0,0.3476,nan,1077,0.0183,-0.3372,0.6249,0,0,0.0911,0.1459,0.0911,0.1459,0.3863,0.6108,0.1767
None-gene-10275245,JASKUS010000001.1,4731,54744915,1.0,2407.6597,3946.0102,1.0,0.0,0.3476,nan,546,0.0087,-0.4718,0.6246,0,0,0.0701,0.2639,0.0701,0.2639,0.4029,0.6418,0.6594
None-gene-10281865,JASKUS010000001.1,4731,54744915,1.0,2407.6597,3946.0102,1.0,0.0,0.3476,nan,2603,0.046,0.0495,0.6244,0,0,0.2322,0.0002,0.2322,0.0002,0.4149,0.6641,1.0062
None-gene-10316891,JASKUS010000001.1,4731,54744915,1.0,2407.6597,3946.0102,1.0,0.0,0.3476,nan,6044,0.1085,0.9215,0.6231,0,0,0.2437,0.0001,0.2437,0.0001,0.3435,0.5311,-1.062
None-gene-10327039,JASKUS010000001.1,4731,54744915,1.0,2407.6597,3946.0102,1.0,0.0,0.3476,nan,1873,0.0328,-0.1355,0.6227,0,0,0.0938,0.1343,0.0938,0.1343,0.378,0.5954,-0.0624
None-gene-10335409,JASKUS010000001.1,4731,54744915,1.0,2407.6597,3946.0102,1.0,0.0,0.3476,nan,1678,0.0293,-0.1849,0.6224,0,0,0.1447,0.0206,0.1447,0.0206,0.4213,0.6761,1.1923
None-gene-10338528,JASKUS010000001.1,4731,54744915,1.0,2407.6597,3946.0102,1.0,0.0,0.3476,nan,1435,0.0248,-0.2465,0.6223,0,0,0.3422,0.0,0.3422,0.0,0.4132,0.661,0.9579
None-gene-10340592,JASKUS010000001.1,4731,54744915,1.0,2407.6597,3946.0102,1.0,0.0,0.3476,nan,1454,0.0252,-0.2417,0.6222,0,0,0.156,0.0124,0.156,0.0124,0.4182,0.6702,1.1003
None-gene-10346975,JASKUS010000001.1,4731,54744915,1.0,2407.6597,3946.0102,1.0,0.0,0.3476,nan,12569,0.2269,2.5751,0.622,0,0,0.3161,0.0,0.3161,0.0,0.4327,0.6972,1.52
None-gene-10365908,JASKUS010000001.1,4731,54744915,1.0,2407.6597,3946.0102,1.0,0.0,0.3476,nan,1988,0.0349,-0.1064,0.6213,0,0,0.2163,0.0005,0.2163,0.0005,0.4009,0.6381,0.6008
None-gene-10369125,JASKUS010000001.1,4731,54744915,1.0,2407.6597,3946.0102,1.0,0.0,0.3476,nan,231,0.003,-0.5516,0.6212,0,0,0.0744,0.2507,0.0744,0.2507,0.4589,0.746,2.2793
None-gene-10370242,JASKUS010000001.1,4731,54744915,1.0,2407.6597,3946.0102,1.0,0.0,0.3476,nan,177,0.002,-0.5653,0.6211,0,0,0.015,0.8248,0.015,0.8248,0.452,0.7332,2.0796
None-gene-10375357,JASKUS010000001.1,4731,54744915,1.0,2407.6597,3946.0102,1.0,0.0,0.3476,nan,2940,0.0522,0.1349,0.621,0,0,0.3022,0.0,0.3022,0.0,0.4272,0.687,1.3625
None-gene-10383774,JASKUS010000001.1,4731,54744915,1.0,2407.6597,3946.0102,1.0,0.0,0.3476,nan,939,0.0158,-0.3722,0.6206,0,0,0.1205,0.0542,0.1205,0.0542,0.3983,0.6332,0.5252
None-gene-10396556,JASKUS010000001.1,4731,54744915,1.0,2407.6597,3946.0102,1.0,0.0,0.3476,nan,798,0.0133,-0.4079,0.6202,0,0,0.2415,0.0001,0.2415,0.0001,0.386,0.6102,0.1682
None-gene-10397701,JASKUS010000001.1,4731,54744915,1.0,2407.6597,3946.0102,1.0,0.0,0.3476,nan,570,0.0091,-0.4657,0.6201,0,0,0.188,0.003,0.188,0.003,0.407,0.6494,0.7778
None-gene-10401687,JASKUS010000001.1,4731,54744915,1.0,2407.6597,3946.0102,1.0,0.0,0.3476,nan,650,0.0106,-0.4454,0.62,0,0,0.1344,0.034,0.1344,0.034,0.3954,0.6278,0.4409
None-gene-10419429,JASKUS010000001.1,4731,54744915,1.0,2407.6597,3946.0102,1.0,0.0,0.3476,nan,5968,0.1071,0.9023,0.6193,0,0,0.1998,0.0013,0.1998,0.0013,0.3584,0.5589,-0.6297
None-gene-10439714,JASKUS010000001.1,4731,54744915,1.0,2407.6597,3946.0102,1.0,0.0,0.3476,nan,11253,0.203,2.2416,0.6186,0,0,0.325,0.0,0.325,0.0,0.3614,0.5645,-0.5427
None-gene-10449902,JASKUS010000001.1,4731,54744915,1.0,2407.6597,3946.0102,1.0,0.0,0.3476,nan,307,0.0044,-0.5324,0.6182,0,0,0.0036,0.9576,0.0036,0.9576,0.4169,0.6679,1.065
None-gene-10453534,JASKUS010000001.1,4731,54744915,1.0,2407.6597,3946.0102,1.0,0.0,0.3476,nan,336,0.0049,-0.525,0.6181,0,0,-0.0733,0.2423,-0.0733,0.2423,0.4375,0.7062,1.6604
None-gene-10455131,JASKUS010000001.1,4731,54744915,1.0,2407.6597,3946.0102,1.0,0.0,0.3476,nan,2361,0.0416,-0.0118,0.618,0,0,0.2205,0.0004,0.2205,0.0004,0.4553,0.7394,2.1763
None-gene-10456014,JASKUS010000001.1,4731,54744915,1.0,2407.6597,3946.0102,1.0,0.0,0.3476,nan,621,0.0101,-0.4528,0.618,0,0,0.2054,0.0009,0.2054,0.0009,0.4412,0.7131,1.7682
None-gene-10457613,JASKUS010000001.1,4731,54744915,1.0,2407.6597,3946.0102,1.0,0.0,0.3476,nan,990,0.0168,-0.3593,0.618,0,0,0.2094,0.0007,0.2094,0.0007,0.4313,0.6947,1.4813
None-gene-10459504,JASKUS010000001.1,4731,54744915,1.0,2407.6597,3946.0102,1.0,0.0,0.3476,nan,5744,0.103,0.8455,0.6179,0,0,-0.0309,0.6226,-0.0309,0.6226,0.4048,0.6452,0.7127
None-gene-10472970,JASKUS010000001.1,4731,54744915,1.0,2407.6597,3946.0102,1.0,0.0,0.3476,nan,4701,0.0841,0.5812,0.6174,0,0,0.3354,0.0,0.3354,0.0,0.3667,0.5744,-0.3888
None-gene-10474831,JASKUS010000001.1,4731,54744915,1.0,2407.6597,3946.0102,1.0,0.0,0.3476,nan,1113,0.019,-0.3281,0.6173,0,0,0.076,0.2257,0.076,0.2257,0.4052,0.6461,0.7254
None-gene-10478924,JASKUS010000001.1,4731,54744915,1.0,2407.6597,3946.0102,1.0,0.0,0.3476,nan,1021,0.0173,-0.3514,0.6172,0,0,0.1045,0.0951,0.1045,0.0951,0.4212,0.6758,1.1871
None-gene-10479797,JASKUS010000001.1,4731,54744915,1.0,2407.6597,3946.0102,1.0,0.0,0.3476,nan,129,0.0011,-0.5775,0.6171,0,0,0.089,0.2112,0.089,0.2112,0.4651,0.7576,2.46
None-gene-10480206,JASKUS010000001.1,4731,54744915,1.0,2407.6597,3946.0102,1.0,0.0,0.3476,nan,5471,0.0981,0.7763,0.6171,0,0,0.1791,0.0041,0.1791,0.0041,0.4284,0.6893,1.3981
None-gene-10480714,JASKUS010000001.1,4731,54744915,1.0,2407.6597,3946.0102,1.0,0.0,0.3476,nan,153,0.0016,-0.5714,0.6171,0,0,0.1716,0.0236,0.1716,0.0236,0.4314,0.6948,1.483
None-gene-10480954,JASKUS010000001.1,4731,54744915,1.0,2407.6597,3946.0102,1.0,0.0,0.3476,nan,297,0.0042,-0.5349,0.6171,0,0,-0.094,0.1401,-0.094,0.1401,0.4646,0.7568,2.4464
None-gene-10481770,JASKUS010000001.1,4731,54744915,1.0,2407.6597,3946.0102,1.0,0.0,0.3476,nan,603,0.0097,-0.4573,0.6171,0,0,0.0836,0.1824,0.0836,0.1824,0.4444,0.7191,1.8615
None-gene-10488595,JASKUS010000001.1,4731,54744915,1.0,2407.6597,3946.0102,1.0,0.0,0.3476,nan,3879,0.0692,0.3729,0.6168,0,0,0.2726,0.0,0.2726,0.0,0.3895,0.6169,0.2715
None-gene-10494670,JASKUS010000001.1,4731,54744915,1.0,2407.6597,3946.0102,1.0,0.0,0.3476,nan,366,0.0054,-0.5174,0.6166,0,0,0.1324,0.0404,0.1324,0.0404,0.4754,0.7768,2.7581
None-gene-10494689,JASKUS010000001.1,4731,54744915,1.0,2407.6597,3946.0102,1.0,0.0,0.3476,nan,270,0.0037,-0.5417,0.6166,0,0,0.1386,0.0434,0.1386,0.0434,0.4667,0.7605,2.5049
None-gene-10519856,JASKUS010000001.1,4731,54744915,1.0,2407.6597,3946.0102,1.0,0.0,0.3476,nan,7032,0.1264,1.1719,0.6157,0,0,0.198,0.0015,0.198,0.0015,0.3861,0.6105,0.1718
None-gene-10525580,JASKUS010000001.1,4731,54744915,1.0,2407.6597,3946.0102,1.0,0.0,0.3476,nan,204,0.0025,-0.5585,0.6155,0,0,-0.0445,0.4852,-0.0445,0.4852,0.4951,0.8135,3.3282
None-gene-10531835,JASKUS010000001.1,4731,54744915,1.0,2407.6597,3946.0102,1.0,0.0,0.3476,nan,189,0.0022,-0.5623,0.6152,0,0,0.0404,0.5666,0.0404,0.5666,0.4444,0.7191,1.8615
None-gene-10532675,JASKUS010000001.1,4731,54744915,1.0,2407.6597,3946.0102,1.0,0.0,0.3476,nan,3364,0.0599,0.2424,0.6152,0,0,0.342,0.0,0.342,0.0,0.4221,0.6776,1.215
None-gene-10532677,JASKUS010000001.1,4731,54744915,1.0,2407.6597,3946.0102,1.0,0.0,0.3476,nan,2609,0.0461,0.051,0.6152,0,0,0.3562,0.0,0.3562,0.0,0.4193,0.6723,1.1339
None-gene-10558256,JASKUS010000001.1,4731,54744915,1.0,2407.6597,3946.0102,1.0,0.0,0.3476,nan,15193,0.2745,3.2401,0.6143,0,0,0.3035,0.0,0.3035,0.0,0.3274,0.5011,-1.528
None-gene-10586226,JASKUS010000001.1,4731,54744915,1.0,2407.6597,3946.0102,1.0,0.0,0.3476,nan,909,0.0153,-0.3798,0.6133,0,0,0.1539,0.0137,0.1539,0.0137,0.3927,0.6228,0.3643
None-gene-10667802,JASKUS010000001.1,4731,54744915,1.0,2407.6597,3946.0102,1.0,0.0,0.3476,nan,126,0.0011,-0.5782,0.6103,0,0,0.0065,0.9381,0.0065,0.9381,0.4286,0.6896,1.4019
None-gene-10675717,JASKUS010000001.1,4731,54744915,1.0,2407.6597,3946.0102,1.0,0.0,0.3476,nan,186,0.0022,-0.563,0.61,0,0,0.0826,0.245,0.0826,0.245,0.4247,0.6824,1.2907
None-gene-10676568,JASKUS010000001.1,4731,54744915,1.0,2407.6597,3946.0102,1.0,0.0,0.3476,nan,180,0.0021,-0.5645,0.61,0,0,0.011,0.8797,0.011,0.8797,0.3944,0.626,0.4137
None-gene-10690064,JASKUS010000001.1,4731,54744915,1.0,2407.6597,3946.0102,1.0,0.0,0.3476,nan,1131,0.0193,-0.3235,0.6095,0,0,0.1019,0.1038,0.1019,0.1038,0.4094,0.6538,0.8459
None-gene-10698610,JASKUS010000001.1,4731,54744915,1.0,2407.6597,3946.0102,1.0,0.0,0.3476,nan,429,0.0066,-0.5014,0.6091,0,0,-0.0676,0.2882,-0.0676,0.2882,0.4149,0.6641,1.0065
None-gene-10703729,JASKUS010000001.1,4731,54744915,1.0,2407.6597,3946.0102,1.0,0.0,0.3476,nan,758,0.0126,-0.4181,0.609,0,0,0.0946,0.131,0.0946,0.131,0.4063,0.6482,0.7579
None-gene-10706988,JASKUS010000001.1,4731,54744915,1.0,2407.6597,3946.0102,1.0,0.0,0.3476,nan,1578,0.0274,-0.2103,0.6088,0,0,0.1055,0.0922,0.1055,0.0922,0.4163,0.6668,1.048
None-gene-10716586,JASKUS010000001.1,4731,54744915,1.0,2407.6597,3946.0102,1.0,0.0,0.3476,nan,7701,0.1386,1.3414,0.6085,0,0,0.3461,0.0,0.3461,0.0,0.3986,0.6338,0.5355
None-gene-10721551,JASKUS010000001.1,4731,54744915,1.0,2407.6597,3946.0102,1.0,0.0,0.3476,nan,990,0.0168,-0.3593,0.6083,0,0,0.1095,0.0803,0.1095,0.0803,0.4303,0.6928,1.452
None-gene-10725118,JASKUS010000001.1,4731,54744915,1.0,2407.6597,3946.0102,1.0,0.0,0.3476,nan,1543,0.0268,-0.2191,0.6082,0,0,-0.0273,0.6642,-0.0273,0.6642,0.4524,0.7339,2.0908
None-gene-10729066,JASKUS010000001.1,4731,54744915,1.0,2407.6597,3946.0102,1.0,0.0,0.3476,nan,99,0.0006,-0.5851,0.608,0,0,-0.1829,0.0465,-0.1829,0.0465,0.3838,0.6063,0.1066
None-gene-10731390,JASKUS010000001.1,4731,54744915,1.0,2407.6597,3946.0102,1.0,0.0,0.3476,nan,225,0.0029,-0.5531,0.6079,0,0,0.007,0.9149,0.007,0.9149,0.3689,0.5784,-0.3263
None-gene-10741360,JASKUS010000001.1,4731,54744915,1.0,2407.6597,3946.0102,1.0,0.0,0.3476,nan,2276,0.0401,-0.0334,0.6076,0,0,0.2078,0.0008,0.2078,0.0008,0.4205,0.6745,1.1674
None-gene-10747143,JASKUS010000001.1,4731,54744915,1.0,2407.6597,3946.0102,1.0,0.0,0.3476,nan,207,0.0026,-0.5577,0.6074,0,0,-0.0181,0.7925,-0.0181,0.7925,0.4155,0.6652,1.0222
None-gene-10747747,JASKUS010000001.1,4731,54744915,1.0,2407.6597,3946.0102,1.0,0.0,0.3476,nan,219,0.0028,-0.5547,0.6074,0,0,-0.0447,0.5197,-0.0447,0.5197,0.4612,0.7503,2.3463
None-gene-10754081,JASKUS010000001.1,4731,54744915,1.0,2407.6597,3946.0102,1.0,0.0,0.3476,nan,204,0.0025,-0.5585,0.6071,0,0,0.02,0.7649,0.02,0.7649,0.4951,0.8135,3.3282
None-gene-10754287,JASKUS010000001.1,4731,54744915,1.0,2407.6597,3946.0102,1.0,0.0,0.3476,nan,552,0.0088,-0.4703,0.6071,0,0,-0.0728,0.2458,-0.0728,0.2458,0.413,0.6607,0.9522
None-gene-10757272,JASKUS010000001.1,4731,54744915,1.0,2407.6597,3946.0102,1.0,0.0,0.3476,nan,1131,0.0193,-0.3235,0.607,0,0,0.125,0.0458,0.125,0.0458,0.4668,0.7609,2.5101
None-gene-10757940,JASKUS010000001.1,4731,54744915,1.0,2407.6597,3946.0102,1.0,0.0,0.3476,nan,387,0.0058,-0.5121,0.607,0,0,0.1077,0.0959,0.1077,0.0959,0.4858,0.7961,3.0586
None-gene-10780878,JASKUS010000001.1,4731,54744915,1.0,2407.6597,3946.0102,1.0,0.0,0.3476,nan,13556,0.2448,2.8252,0.6061,0,0,0.4161,0.0,0.4161,0.0,0.3179,0.4835,-1.8015
None-gene-10817226,JASKUS010000001.1,4731,54744915,1.0,2407.6597,3946.0102,1.0,0.0,0.3476,nan,2410,0.0425,0.0006,0.6048,0,0,0.1295,0.0383,0.1295,0.0383,0.4087,0.6526,0.8269
None-gene-10824803,JASKUS010000001.1,4731,54744915,1.0,2407.6597,3946.0102,1.0,0.0,0.3476,nan,706,0.0116,-0.4312,0.6045,0,0,-0.004,0.949,-0.004,0.949,0.398,0.6327,0.5171
None-gene-10826651,JASKUS010000001.1,4731,54744915,1.0,2407.6597,3946.0102,1.0,0.0,0.3476,nan,1260,0.0217,-0.2908,0.6045,0,0,0.1,0.1106,0.1,0.1106,0.4286,0.6896,1.4019
None-gene-10831485,JASKUS010000001.1,4731,54744915,1.0,2407.6597,3946.0102,1.0,0.0,0.3476,nan,1779,0.0311,-0.1593,0.6043,0,0,0.0905,0.1489,0.0905,0.1489,0.4053,0.6462,0.7276
None-gene-10831547,JASKUS010000001.1,4731,54744915,1.0,2407.6597,3946.0102,1.0,0.0,0.3476,nan,153,0.0016,-0.5714,0.6043,0,0,-0.1646,0.0167,-0.1646,0.0167,0.4967,0.8165,3.3755
None-gene-10833561,JASKUS010000001.1,4731,54744915,1.0,2407.6597,3946.0102,1.0,0.0,0.3476,nan,322,0.0046,-0.5285,0.6042,0,0,0.0821,0.1902,0.0821,0.1902,0.4224,0.678,1.222
None-gene-10837393,JASKUS010000001.1,4731,54744915,1.0,2407.6597,3946.0102,1.0,0.0,0.3476,nan,819,0.0137,-0.4026,0.6041,0,0,0.2056,0.0011,0.2056,0.0011,0.4481,0.726,1.9675
None-gene-10856482,JASKUS010000001.1,4731,54744915,1.0,2407.6597,3946.0102,1.0,0.0,0.3476,nan,195,0.0023,-0.5607,0.6034,0,0,-0.1169,0.088,-0.1169,0.088,0.4923,0.8083,3.2474
None-gene-10858190,JASKUS010000001.1,4731,54744915,1.0,2407.6597,3946.0102,1.0,0.0,0.3476,nan,953,0.0161,-0.3686,0.6033,0,0,0.164,0.0085,0.164,0.0085,0.3547,0.5519,-0.738
None-gene-10861552,JASKUS010000001.1,4731,54744915,1.0,2407.6597,3946.0102,1.0,0.0,0.3476,nan,659,0.0108,-0.4431,0.6032,0,0,-0.1055,0.0921,-0.1055,0.0921,0.5023,0.8269,3.536
None-gene-10879185,JASKUS010000001.1,4731,54744915,1.0,2407.6597,3946.0102,1.0,0.0,0.3476,nan,3867,0.069,0.3698,0.6025,0,0,0.2254,0.0003,0.2254,0.0003,0.3695,0.5796,-0.3075
None-gene-10967024,JASKUS010000001.1,4731,54744915,1.0,2407.6597,3946.0102,1.0,0.0,0.3476,nan,204,0.0025,-0.5585,0.5993,0,0,0.1787,0.0161,0.1787,0.0161,0.4461,0.7222,1.9088
None-gene-10983561,JASKUS010000001.1,4731,54744915,1.0,2407.6597,3946.0102,1.0,0.0,0.3476,nan,3173,0.0564,0.194,0.5987,0,0,0.1937,0.0019,0.1937,0.0019,0.3413,0.5271,-1.1246
None-gene-11002538,JASKUS010000001.1,4731,54744915,1.0,2407.6597,3946.0102,1.0,0.0,0.3476,nan,246,0.0033,-0.5478,0.598,0,0,-0.0532,0.4261,-0.0532,0.4261,0.4268,0.6863,1.3514
None-gene-11016421,JASKUS010000001.1,4731,54744915,1.0,2407.6597,3946.0102,1.0,0.0,0.3476,nan,534,0.0085,-0.4748,0.5975,0,0,-0.0143,0.8199,-0.0143,0.8199,0.4195,0.6726,1.1385
None-gene-11032956,JASKUS010000001.1,4731,54744915,1.0,2407.6597,3946.0102,1.0,0.0,0.3476,nan,204,0.0025,-0.5585,0.5969,0,0,0.0445,0.4905,0.0445,0.4905,0.4608,0.7496,2.3346
None-gene-11055878,JASKUS010000001.1,4731,54744915,1.0,2407.6597,3946.0102,1.0,0.0,0.3476,nan,4732,0.0847,0.589,0.5961,0,0,0.1989,0.0014,0.1989,0.0014,0.3648,0.5707,-0.4461
None-gene-11063553,JASKUS010000001.1,4731,54744915,1.0,2407.6597,3946.0102,1.0,0.0,0.3476,nan,2633,0.0466,0.0571,0.5958,0,0,0.25,0.0001,0.25,0.0001,0.4276,0.6879,1.3752
None-gene-11068791,JASKUS010000001.1,4731,54744915,1.0,2407.6597,3946.0102,1.0,0.0,0.3476,nan,5417,0.0971,0.7626,0.5956,0,0,0.256,0.0,0.256,0.0,0.3923,0.622,0.3511
None-gene-11076421,JASKUS010000001.1,4731,54744915,1.0,2407.6597,3946.0102,1.0,0.0,0.3476,nan,1182,0.0203,-0.3106,0.5953,0,0,0.2261,0.0003,0.2261,0.0003,0.4332,0.6981,1.5348
None-gene-11081536,JASKUS010000001.1,4731,54744915,1.0,2407.6597,3946.0102,1.0,0.0,0.3476,nan,367,0.0055,-0.5171,0.5952,0,0,-0.0399,0.5315,-0.0399,0.5315,0.4796,0.7846,2.8784
None-gene-11164792,JASKUS010000001.1,4731,54744915,1.0,2407.6597,3946.0102,1.0,0.0,0.3476,nan,1752,0.0306,-0.1662,0.5921,0,0,0.0448,0.4752,0.0448,0.4752,0.411,0.6568,0.8919
None-gene-11228339,JASKUS010000001.1,4731,54744915,1.0,2407.6597,3946.0102,1.0,0.0,0.3476,nan,21076,0.3813,4.7309,0.5898,0,0,0.4771,0.0,0.4771,0.0,0.3186,0.4847,-1.7836
None-gene-11270140,JASKUS010000001.1,4731,54744915,1.0,2407.6597,3946.0102,1.0,0.0,0.3476,nan,5402,0.0968,0.7588,0.5883,0,0,0.2731,0.0,0.2731,0.0,0.3963,0.6295,0.4684
None-gene-11278806,JASKUS010000001.1,4731,54744915,1.0,2407.6597,3946.0102,1.0,0.0,0.3476,nan,1018,0.0173,-0.3522,0.588,0,0,0.1214,0.0523,0.1214,0.0523,0.4735,0.7732,2.7022
None-gene-11278812,JASKUS010000001.1,4731,54744915,1.0,2407.6597,3946.0102,1.0,0.0,0.3476,nan,1009,0.0171,-0.3544,0.588,0,0,0.1114,0.0751,0.1114,0.0751,0.4757,0.7774,2.767
None-gene-11281007,JASKUS010000001.1,4731,54744915,1.0,2407.6597,3946.0102,1.0,0.0,0.3476,nan,234,0.003,-0.5508,0.5879,0,0,0.1753,0.0072,0.1753,0.0072,0.4444,0.7191,1.8615
None-gene-11289296,JASKUS010000001.1,4731,54744915,1.0,2407.6597,3946.0102,1.0,0.0,0.3476,nan,1024,0.0174,-0.3506,0.5876,0,0,0.0227,0.7178,0.0227,0.7178,0.4023,0.6407,0.6424
None-gene-11291600,JASKUS010000001.1,4731,54744915,1.0,2407.6597,3946.0102,1.0,0.0,0.3476,nan,1844,0.0323,-0.1428,0.5875,0,0,0.2941,0.0,0.2941,0.0,0.4257,0.6842,1.3189
None-gene-11291618,JASKUS010000001.1,4731,54744915,1.0,2407.6597,3946.0102,1.0,0.0,0.3476,nan,2246,0.0396,-0.041,0.5875,0,0,0.2846,0.0,0.2846,0.0,0.4234,0.68,1.2527
None-gene-11297402,JASKUS010000001.1,4731,54744915,1.0,2407.6597,3946.0102,1.0,0.0,0.3476,nan,615,0.01,-0.4543,0.5873,0,0,0.0377,0.5485,0.0377,0.5485,0.4033,0.6424,0.6687
None-gene-11300538,JASKUS010000001.1,4731,54744915,1.0,2407.6597,3946.0102,1.0,0.0,0.3476,nan,483,0.0076,-0.4877,0.5872,0,0,0.0148,0.8136,0.0148,0.8136,0.4017,0.6394,0.6225
None-gene-11303659,JASKUS010000001.1,4731,54744915,1.0,2407.6597,3946.0102,1.0,0.0,0.3476,nan,1097,0.0187,-0.3321,0.587,0,0,0.0964,0.1292,0.0964,0.1292,0.4002,0.6367,0.5798
None-gene-11305662,JASKUS010000001.1,4731,54744915,1.0,2407.6597,3946.0102,1.0,0.0,0.3476,nan,514,0.0081,-0.4799,0.587,0,0,-0.0184,0.7691,-0.0184,0.7691,0.4261,0.6849,1.3294
None-gene-11307059,JASKUS010000001.1,4731,54744915,1.0,2407.6597,3946.0102,1.0,0.0,0.3476,nan,2484,0.0439,0.0193,0.5869,0,0,0.1686,0.0068,0.1686,0.0068,0.4469,0.7236,1.9314
None-gene-11314396,JASKUS010000001.1,4731,54744915,1.0,2407.6597,3946.0102,1.0,0.0,0.3476,nan,9323,0.168,1.7525,0.5867,0,0,0.287,0.0,0.287,0.0,0.3599,0.5616,-0.5876
None-gene-11315309,JASKUS010000001.1,4731,54744915,1.0,2407.6597,3946.0102,1.0,0.0,0.3476,nan,1053,0.0179,-0.3433,0.5866,0,0,-0.1199,0.0554,-0.1199,0.0554,0.4169,0.6678,1.064
None-gene-11324019,JASKUS010000001.1,4731,54744915,1.0,2407.6597,3946.0102,1.0,0.0,0.3476,nan,10234,0.1845,1.9834,0.5863,0,0,0.1807,0.0037,0.1807,0.0037,0.3603,0.5624,-0.5759
None-gene-11329693,JASKUS010000001.1,4731,54744915,1.0,2407.6597,3946.0102,1.0,0.0,0.3476,nan,1663,0.029,-0.1887,0.5861,0,0,-0.0741,0.2376,-0.0741,0.2376,0.3722,0.5846,-0.2299
None-gene-11342569,JASKUS010000001.1,4731,54744915,1.0,2407.6597,3946.0102,1.0,0.0,0.3476,nan,1438,0.0249,-0.2457,0.5856,0,0,0.2841,0.0,0.2841,0.0,0.4075,0.6504,0.792
None-gene-11346076,JASKUS010000001.1,4731,54744915,1.0,2407.6597,3946.0102,1.0,0.0,0.3476,nan,1709,0.0298,-0.1771,0.5855,0,0,0.0449,0.4748,0.0449,0.4748,0.4037,0.6433,0.683
None-gene-11354222,JASKUS010000001.1,4731,54744915,1.0,2407.6597,3946.0102,1.0,0.0,0.3476,nan,1834,0.0321,-0.1454,0.5852,0,0,0.2157,0.0005,0.2157,0.0005,0.4231,0.6794,1.244
None-gene-11361348,JASKUS010000001.1,4731,54744915,1.0,2407.6597,3946.0102,1.0,0.0,0.3476,nan,600,0.0097,-0.4581,0.5849,0,0,0.0416,0.5137,0.0416,0.5137,0.43,0.6922,1.4432
None-gene-11364740,JASKUS010000001.1,4731,54744915,1.0,2407.6597,3946.0102,1.0,0.0,0.3476,nan,586,0.0094,-0.4616,0.5848,0,0,0.0098,0.8755,0.0098,0.8755,0.4181,0.6701,1.0983
None-gene-11367001,JASKUS010000001.1,4731,54744915,1.0,2407.6597,3946.0102,1.0,0.0,0.3476,nan,819,0.0137,-0.4026,0.5847,0,0,0.2411,0.0001,0.2411,0.0001,0.3968,0.6305,0.4826
None-gene-11368158,JASKUS010000001.1,4731,54744915,1.0,2407.6597,3946.0102,1.0,0.0,0.3476,nan,414,0.0063,-0.5052,0.5847,0,0,0.1112,0.0758,0.1112,0.0758,0.4275,0.6877,1.3719
None-gene-11374203,JASKUS010000001.1,4731,54744915,1.0,2407.6597,3946.0102,1.0,0.0,0.3476,nan,2404,0.0424,-0.0009,0.5845,0,0,0.2483,0.0001,0.2483,0.0001,0.3956,0.6282,0.4469
None-gene-11391029,JASKUS010000001.1,4731,54744915,1.0,2407.6597,3946.0102,1.0,0.0,0.3476,nan,3276,0.0583,0.2201,0.5839,0,0,0.2978,0.0,0.2978,0.0,0.3223,0.4917,-1.674
None-gene-11396814,JASKUS010000001.1,4731,54744915,1.0,2407.6597,3946.0102,1.0,0.0,0.3476,nan,9095,0.1639,1.6947,0.5836,0,0,0.3712,0.0,0.3712,0.0,0.3324,0.5104,-1.3834
None-gene-11415625,JASKUS010000001.1,4731,54744915,1.0,2407.6597,3946.0102,1.0,0.0,0.3476,nan,4460,0.0797,0.5201,0.583,0,0,0.1992,0.0014,0.1992,0.0014,0.4226,0.6785,1.2303
None-gene-11427688,JASKUS010000001.1,4731,54744915,1.0,2407.6597,3946.0102,1.0,0.0,0.3476,nan,1704,0.0297,-0.1783,0.5825,0,0,0.1792,0.004,0.1792,0.004,0.3773,0.5942,-0.0814
None-gene-11429714,JASKUS010000001.1,4731,54744915,1.0,2407.6597,3946.0102,1.0,0.0,0.3476,nan,2680,0.0474,0.069,0.5824,0,0,-0.0377,0.5481,-0.0377,0.5481,0.3914,0.6204,0.3261
None-gene-11432444,JASKUS010000001.1,4731,54744915,1.0,2407.6597,3946.0102,1.0,0.0,0.3476,nan,2104,0.037,-0.077,0.5823,0,0,0.229,0.0002,0.229,0.0002,0.3736,0.5871,-0.1906
None-gene-11433115,JASKUS010000001.1,4731,54744915,1.0,2407.6597,3946.0102,1.0,0.0,0.3476,nan,415,0.0063,-0.505,0.5823,0,0,0.1992,0.0014,0.1992,0.0014,0.4096,0.6543,0.8536
None-gene-11440271,JASKUS010000001.1,4731,54744915,1.0,2407.6597,3946.0102,1.0,0.0,0.3476,nan,5393,0.0967,0.7565,0.5821,0,0,0.3168,0.0,0.3168,0.0,0.4137,0.6619,0.9708
None-gene-11449495,JASKUS010000001.1,4731,54744915,1.0,2407.6597,3946.0102,1.0,0.0,0.3476,nan,980,0.0166,-0.3618,0.5817,0,0,-0.0055,0.9308,-0.0055,0.9308,0.4102,0.6554,0.87
None-gene-11452666,JASKUS010000001.1,4731,54744915,1.0,2407.6597,3946.0102,1.0,0.0,0.3476,nan,1130,0.0193,-0.3238,0.5816,0,0,0.0779,0.2139,0.0779,0.2139,0.4531,0.7353,2.112
None-gene-11452968,JASKUS010000001.1,4731,54744915,1.0,2407.6597,3946.0102,1.0,0.0,0.3476,nan,156,0.0016,-0.5706,0.5816,0,0,-0.0021,0.9777,-0.0021,0.9777,0.5192,0.8584,4.027
None-gene-11455227,JASKUS010000001.1,4731,54744915,1.0,2407.6597,3946.0102,1.0,0.0,0.3476,nan,418,0.0064,-0.5042,0.5815,0,0,0.1638,0.0098,0.1638,0.0098,0.4617,0.7513,2.3618
None-gene-11462734,JASKUS010000001.1,4731,54744915,1.0,2407.6597,3946.0102,1.0,0.0,0.3476,nan,1195,0.0205,-0.3073,0.5812,0,0,0.2005,0.0013,0.2005,0.0013,0.4059,0.6473,0.7442
None-gene-11466217,JASKUS010000001.1,4731,54744915,1.0,2407.6597,3946.0102,1.0,0.0,0.3476,nan,4491,0.0803,0.528,0.5811,0,0,0.2235,0.0003,0.2235,0.0003,0.3897,0.6171,0.2754
None-gene-11476328,JASKUS010000001.1,4731,54744915,1.0,2407.6597,3946.0102,1.0,0.0,0.3476,nan,2073,0.0364,-0.0848,0.5807,0,0,-0.0264,0.6747,-0.0264,0.6747,0.3599,0.5616,-0.5876
None-gene-11491510,JASKUS010000001.1,4731,54744915,1.0,2407.6597,3946.0102,1.0,0.0,0.3476,nan,19389,0.3507,4.3034,0.5802,0,0,0.4849,0.0,0.4849,0.0,0.3426,0.5294,-1.0885
None-gene-11514305,JASKUS010000001.1,4731,54744915,1.0,2407.6597,3946.0102,1.0,0.0,0.3476,nan,3526,0.0628,0.2834,0.5793,0,0,0.1066,0.0887,0.1066,0.0887,0.3545,0.5516,-0.7427
None-gene-11534722,JASKUS010000001.1,4731,54744915,1.0,2407.6597,3946.0102,1.0,0.0,0.3476,nan,5362,0.0961,0.7487,0.5786,0,0,0.3051,0.0,0.3051,0.0,0.3555,0.5534,-0.715
None-gene-11547097,JASKUS010000001.1,4731,54744915,1.0,2407.6597,3946.0102,1.0,0.0,0.3476,nan,156,0.0016,-0.5706,0.5781,0,0,-0.0562,0.4561,-0.0562,0.4561,0.3974,0.6316,0.5003
None-gene-11552773,JASKUS010000001.1,4731,54744915,1.0,2407.6597,3946.0102,1.0,0.0,0.3476,nan,870,0.0146,-0.3897,0.5779,0,0,-0.0041,0.9482,-0.0041,0.9482,0.3839,0.6064,0.1086
None-gene-11560487,JASKUS010000001.1,4731,54744915,1.0,2407.6597,3946.0102,1.0,0.0,0.3476,nan,10228,0.1844,1.9818,0.5777,0,0,0.2243,0.0003,0.2243,0.0003,0.3382,0.5212,-1.2152
None-gene-11568464,JASKUS010000001.1,4731,54744915,1.0,2407.6597,3946.0102,1.0,0.0,0.3476,nan,132,0.0012,-0.5767,0.5774,0,0,-0.0378,0.6015,-0.0378,0.6015,0.4848,0.7944,3.0314
None-gene-11627735,JASKUS010000001.1,4731,54744915,1.0,2407.6597,3946.0102,1.0,0.0,0.3476,nan,261,0.0035,-0.544,0.5752,0,0,-0.0149,0.8177,-0.0149,0.8177,0.4406,0.712,1.7505
None-gene-11628249,JASKUS010000001.1,4731,54744915,1.0,2407.6597,3946.0102,1.0,0.0,0.3476,nan,135,0.0013,-0.5759,0.5752,0,0,0.1098,0.1067,0.1098,0.1067,0.4593,0.7467,2.2905
None-gene-11637266,JASKUS010000001.1,4731,54744915,1.0,2407.6597,3946.0102,1.0,0.0,0.3476,nan,696,0.0114,-0.4338,0.5749,0,0,0.0093,0.8823,0.0093,0.8823,0.3894,0.6166,0.2667
None-gene-11646728,JASKUS010000001.1,4731,54744915,1.0,2407.6597,3946.0102,1.0,0.0,0.3476,nan,195,0.0023,-0.5607,0.5745,0,0,-0.1066,0.1132,-0.1066,0.1132,0.4308,0.6937,1.4655
None-gene-11720409,JASKUS010000001.1,4731,54744915,1.0,2407.6597,3946.0102,1.0,0.0,0.3476,nan,279,0.0039,-0.5394,0.5718,0,0,-0.0191,0.7644,-0.0191,0.7644,0.4767,0.7792,2.7955
None-gene-11821242,JASKUS010000001.1,4731,54744915,1.0,2407.6597,3946.0102,1.0,0.0,0.3476,nan,306,0.0044,-0.5326,0.5681,0,0,0.1163,0.0674,0.1163,0.0674,0.4542,0.7374,2.1454
None-gene-11822449,JASKUS010000001.1,4731,54744915,1.0,2407.6597,3946.0102,1.0,0.0,0.3476,nan,192,0.0023,-0.5615,0.5681,0,0,0.1541,0.0205,0.1541,0.0205,0.4479,0.7256,1.962
None-gene-11823565,JASKUS010000001.1,4731,54744915,1.0,2407.6597,3946.0102,1.0,0.0,0.3476,nan,516,0.0082,-0.4794,0.568,0,0,0.007,0.9118,0.007,0.9118,0.4806,0.7865,2.909
None-gene-11826154,JASKUS010000001.1,4731,54744915,1.0,2407.6597,3946.0102,1.0,0.0,0.3476,nan,1422,0.0246,-0.2498,0.568,0,0,0.2001,0.0013,0.2001,0.0013,0.4086,0.6523,0.823
None-gene-11863436,JASKUS010000001.1,4731,54744915,1.0,2407.6597,3946.0102,1.0,0.0,0.3476,nan,2448,0.0432,0.0102,0.5666,0,0,0.1232,0.0489,0.1232,0.0489,0.3709,0.5822,-0.2676
None-gene-11872335,JASKUS010000001.1,4731,54744915,1.0,2407.6597,3946.0102,1.0,0.0,0.3476,nan,270,0.0037,-0.5417,0.5663,0,0,0.1433,0.0277,0.1433,0.0277,0.3926,0.6226,0.3601
None-gene-11882879,JASKUS010000001.1,4731,54744915,1.0,2407.6597,3946.0102,1.0,0.0,0.3476,nan,3913,0.0698,0.3815,0.5659,0,0,0.3017,0.0,0.3017,0.0,0.3522,0.5473,-0.8107
None-gene-11897354,JASKUS010000001.1,4731,54744915,1.0,2407.6597,3946.0102,1.0,0.0,0.3476,nan,9855,0.1776,1.8873,0.5654,0,0,0.2182,0.0004,0.2182,0.0004,0.361,0.5638,-0.5537
None-gene-11911673,JASKUS010000001.1,4731,54744915,1.0,2407.6597,3946.0102,1.0,0.0,0.3476,nan,447,0.0069,-0.4969,0.5648,0,0,0.0001,0.9986,0.0001,0.9986,0.4452,0.7205,1.8831
None-gene-11948162,JASKUS010000001.1,4731,54744915,1.0,2407.6597,3946.0102,1.0,0.0,0.3476,nan,168,0.0019,-0.5676,0.5635,0,0,-0.0296,0.6887,-0.0296,0.6887,0.5238,0.867,4.1596
None-gene-11960465,JASKUS010000001.1,4731,54744915,1.0,2407.6597,3946.0102,1.0,0.0,0.3476,nan,5467,0.098,0.7753,0.563,0,0,0.3507,0.0,0.3507,0.0,0.3624,0.5663,-0.5155
None-gene-11976027,JASKUS010000001.1,4731,54744915,1.0,2407.6597,3946.0102,1.0,0.0,0.3476,nan,1332,0.023,-0.2726,0.5625,0,0,0.0865,0.1676,0.0865,0.1676,0.3784,0.5961,-0.0515
None-gene-11995686,JASKUS010000001.1,4731,54744915,1.0,2407.6597,3946.0102,1.0,0.0,0.3476,nan,165,0.0018,-0.5683,0.5618,0,0,0.0424,0.561,0.0424,0.561,0.3939,0.6251,0.3991
None-gene-11995855,JASKUS010000001.1,4731,54744915,1.0,2407.6597,3946.0102,1.0,0.0,0.3476,nan,192,0.0023,-0.5615,0.5618,0,0,0.1272,0.0727,0.1272,0.0727,0.401,0.6383,0.6047
None-gene-12000917,JASKUS010000001.1,4731,54744915,1.0,2407.6597,3946.0102,1.0,0.0,0.3476,nan,2190,0.0385,-0.0552,0.5616,0,0,0.2445,0.0001,0.2445,0.0001,0.4091,0.6534,0.839
None-gene-12009835,JASKUS010000001.1,4731,54744915,1.0,2407.6597,3946.0102,1.0,0.0,0.3476,nan,354,0.0052,-0.5204,0.5612,0,0,-0.1162,0.0633,-0.1162,0.0633,0.4435,0.7174,1.8342
None-gene-12013515,JASKUS010000001.1,4731,54744915,1.0,2407.6597,3946.0102,1.0,0.0,0.3476,nan,710,0.0117,-0.4302,0.5611,0,0,0.0716,0.2606,0.0716,0.2606,0.4423,0.7151,1.798
None-gene-12013570,JASKUS010000001.1,4731,54744915,1.0,2407.6597,3946.0102,1.0,0.0,0.3476,nan,225,0.0029,-0.5531,0.5611,0,0,0.0374,0.6082,0.0374,0.6082,0.4489,0.7274,1.9902
None-gene-12014364,JASKUS010000001.1,4731,54744915,1.0,2407.6597,3946.0102,1.0,0.0,0.3476,nan,333,0.0048,-0.5258,0.5611,0,0,-0.001,0.9871,-0.001,0.9871,0.4054,0.6464,0.7311
None-gene-12037618,JASKUS010000001.1,4731,54744915,1.0,2407.6597,3946.0102,1.0,0.0,0.3476,nan,653,0.0107,-0.4447,0.5602,0,0,0.1076,0.0857,0.1076,0.0857,0.3645,0.5702,-0.4542
None-gene-12042974,JASKUS010000001.1,4731,54744915,1.0,2407.6597,3946.0102,1.0,0.0,0.3476,nan,1088,0.0185,-0.3344,0.56,0,0,0.0188,0.7642,0.0188,0.7642,0.3493,0.5419,-0.8945
None-gene-12110306,JASKUS010000001.1,4731,54744915,1.0,2407.6597,3946.0102,1.0,0.0,0.3476,nan,1179,0.0202,-0.3114,0.5576,0,0,-0.011,0.8627,-0.011,0.8627,0.4029,0.6417,0.6581
None-gene-12137896,JASKUS010000001.1,4731,54744915,1.0,2407.6597,3946.0102,1.0,0.0,0.3476,nan,14013,0.2531,2.941,0.5566,0,0,0.4621,0.0,0.4621,0.0,0.3712,0.5828,-0.2586
None-gene-12165292,JASKUS010000001.1,4731,54744915,1.0,2407.6597,3946.0102,1.0,0.0,0.3476,nan,147,0.0015,-0.5729,0.5556,0,0,0.0742,0.3157,0.0742,0.3157,0.483,0.7909,2.9777
None-gene-12191262,JASKUS010000001.1,4731,54744915,1.0,2407.6597,3946.0102,1.0,0.0,0.3476,nan,25113,0.4545,5.754,0.5546,0,0,0.5231,0.0,0.5231,0.0,0.3354,0.5161,-1.2947
None-gene-12266739,JASKUS010000001.1,4731,54744915,1.0,2407.6597,3946.0102,1.0,0.0,0.3476,nan,144,0.0014,-0.5737,0.5519,0,0,0.0722,0.3159,0.0722,0.3159,0.4444,0.7191,1.8615
None-gene-12349274,JASKUS010000001.1,4731,54744915,1.0,2407.6597,3946.0102,1.0,0.0,0.3476,nan,1133,0.0194,-0.323,0.5488,0,0,0.2047,0.001,0.2047,0.001,0.3575,0.5571,-0.6573
None-gene-12351465,JASKUS010000001.1,4731,54744915,1.0,2407.6597,3946.0102,1.0,0.0,0.3476,nan,231,0.003,-0.5516,0.5488,0,0,0.1645,0.0158,0.1645,0.0158,0.381,0.6009,0.023
None-gene-12361366,JASKUS010000001.1,4731,54744915,1.0,2407.6597,3946.0102,1.0,0.0,0.3476,nan,330,0.0048,-0.5265,0.5484,0,0,0.0795,0.2178,0.0795,0.2178,0.3545,0.5517,-0.7416
None-gene-12362093,JASKUS010000001.1,4731,54744915,1.0,2407.6597,3946.0102,1.0,0.0,0.3476,nan,355,0.0052,-0.5202,0.5484,0,0,0.0533,0.4087,0.0533,0.4087,0.3634,0.5682,-0.4858
None-gene-12362568,JASKUS010000001.1,4731,54744915,1.0,2407.6597,3946.0102,1.0,0.0,0.3476,nan,756,0.0125,-0.4186,0.5484,0,0,-0.0256,0.6836,-0.0256,0.6836,0.4008,0.6378,0.5975
None-gene-12364085,JASKUS010000001.1,4731,54744915,1.0,2407.6597,3946.0102,1.0,0.0,0.3476,nan,240,0.0032,-0.5493,0.5483,0,0,-0.0568,0.3882,-0.0568,0.3882,0.3958,0.6286,0.4539
None-gene-12383908,JASKUS010000001.1,4731,54744915,1.0,2407.6597,3946.0102,1.0,0.0,0.3476,nan,240,0.0032,-0.5493,0.5476,0,0,-0.117,0.0698,-0.117,0.0698,0.4167,0.6674,1.0572
None-gene-12418220,JASKUS010000001.1,4731,54744915,1.0,2407.6597,3946.0102,1.0,0.0,0.3476,nan,1987,0.0349,-0.1066,0.5463,0,0,0.0314,0.6174,0.0314,0.6174,0.4519,0.7331,2.0784
None-gene-12431175,JASKUS010000001.1,4731,54744915,1.0,2407.6597,3946.0102,1.0,0.0,0.3476,nan,8173,0.1471,1.4611,0.5459,0,0,0.188,0.0025,0.188,0.0025,0.3423,0.529,-1.0948
None-gene-12439625,JASKUS010000001.1,4731,54744915,1.0,2407.6597,3946.0102,1.0,0.0,0.3476,nan,624,0.0101,-0.452,0.5455,0,0,-0.0082,0.8964,-0.0082,0.8964,0.4119,0.6585,0.9179
None-gene-12443193,JASKUS010000001.1,4731,54744915,1.0,2407.6597,3946.0102,1.0,0.0,0.3476,nan,853,0.0143,-0.394,0.5454,0,0,0.0154,0.8086,0.0154,0.8086,0.3705,0.5813,-0.2809
None-gene-12471456,JASKUS010000001.1,4731,54744915,1.0,2407.6597,3946.0102,1.0,0.0,0.3476,nan,999,0.0169,-0.357,0.5444,0,0,0.1504,0.016,0.1504,0.016,0.3744,0.5886,-0.1675
None-gene-12575755,JASKUS010000001.1,4731,54744915,1.0,2407.6597,3946.0102,1.0,0.0,0.3476,nan,8410,0.1514,1.5211,0.5406,0,0,0.3141,0.0,0.3141,0.0,0.381,0.6009,0.0237
None-gene-12576958,JASKUS010000001.1,4731,54744915,1.0,2407.6597,3946.0102,1.0,0.0,0.3476,nan,240,0.0032,-0.5493,0.5405,0,0,-0.014,0.8366,-0.014,0.8366,0.4,0.6364,0.5746
None-gene-12580668,JASKUS010000001.1,4731,54744915,1.0,2407.6597,3946.0102,1.0,0.0,0.3476,nan,363,0.0054,-0.5182,0.5404,0,0,0.0445,0.4906,0.0445,0.4906,0.449,0.7277,1.9944
None-gene-12582056,JASKUS010000001.1,4731,54744915,1.0,2407.6597,3946.0102,1.0,0.0,0.3476,nan,237,0.0031,-0.5501,0.5403,0,0,0.1176,0.1007,0.1176,0.1007,0.346,0.5358,-0.9893
None-gene-12584681,JASKUS010000001.1,4731,54744915,1.0,2407.6597,3946.0102,1.0,0.0,0.3476,nan,1128,0.0193,-0.3243,0.5402,0,0,0.0637,0.3102,0.0637,0.3102,0.4512,0.7318,2.0583
None-gene-12584803,JASKUS010000001.1,4731,54744915,1.0,2407.6597,3946.0102,1.0,0.0,0.3476,nan,624,0.0101,-0.452,0.5402,0,0,0.0575,0.3593,0.0575,0.3593,0.4712,0.7689,2.6349
None-gene-12586176,JASKUS010000001.1,4731,54744915,1.0,2407.6597,3946.0102,1.0,0.0,0.3476,nan,942,0.0159,-0.3714,0.5402,0,0,0.1476,0.0181,0.1476,0.0181,0.4363,0.704,1.6258
None-gene-12588743,JASKUS010000001.1,4731,54744915,1.0,2407.6597,3946.0102,1.0,0.0,0.3476,nan,3491,0.0622,0.2745,0.5401,0,0,0.2436,0.0001,0.2436,0.0001,0.4171,0.6682,1.0689
None-gene-12608705,JASKUS010000001.1,4731,54744915,1.0,2407.6597,3946.0102,1.0,0.0,0.3476,nan,246,0.0033,-0.5478,0.5394,0,0,-0.0248,0.7146,-0.0248,0.7146,0.3984,0.6333,0.5275
None-gene-12612318,JASKUS010000001.1,4731,54744915,1.0,2407.6597,3946.0102,1.0,0.0,0.3476,nan,564,0.009,-0.4672,0.5392,0,0,-0.0644,0.3049,-0.0644,0.3049,0.3936,0.6245,0.3897
None-gene-12614657,JASKUS010000001.1,4731,54744915,1.0,2407.6597,3946.0102,1.0,0.0,0.3476,nan,1137,0.0194,-0.322,0.5391,0,0,0.0525,0.4031,0.0525,0.4031,0.4398,0.7104,1.7257
None-gene-12619034,JASKUS010000001.1,4731,54744915,1.0,2407.6597,3946.0102,1.0,0.0,0.3476,nan,1773,0.031,-0.1608,0.539,0,0,0.1888,0.0024,0.1888,0.0024,0.4602,0.7486,2.3188
None-gene-12622863,JASKUS010000001.1,4731,54744915,1.0,2407.6597,3946.0102,1.0,0.0,0.3476,nan,168,0.0019,-0.5676,0.5388,0,0,0.1433,0.0409,0.1433,0.0409,0.3929,0.6231,0.3677
None-gene-12638280,JASKUS010000001.1,4731,54744915,1.0,2407.6597,3946.0102,1.0,0.0,0.3476,nan,1115,0.019,-0.3276,0.5383,0,0,0.1317,0.0352,0.1317,0.0352,0.3937,0.6247,0.3928
None-gene-12645167,JASKUS010000001.1,4731,54744915,1.0,2407.6597,3946.0102,1.0,0.0,0.3476,nan,13608,0.2458,2.8384,0.538,0,0,0.418,0.0,0.418,0.0,0.3735,0.5869,-0.194
None-gene-12645537,JASKUS010000001.1,4731,54744915,1.0,2407.6597,3946.0102,1.0,0.0,0.3476,nan,450,0.007,-0.4961,0.538,0,0,0.0321,0.615,0.0321,0.615,0.4222,0.6778,1.218
None-gene-12660452,JASKUS010000001.1,4731,54744915,1.0,2407.6597,3946.0102,1.0,0.0,0.3476,nan,540,0.0086,-0.4733,0.5375,0,0,0.0236,0.7108,0.0236,0.7108,0.4852,0.795,3.0412
None-gene-12661279,JASKUS010000001.1,4731,54744915,1.0,2407.6597,3946.0102,1.0,0.0,0.3476,nan,243,0.0032,-0.5486,0.5374,0,0,-0.0118,0.8574,-0.0118,0.8574,0.4527,0.7345,2.0998
None-gene-12668664,JASKUS010000001.1,4731,54744915,1.0,2407.6597,3946.0102,1.0,0.0,0.3476,nan,1630,0.0284,-0.1971,0.5372,0,0,0.0534,0.3952,0.0534,0.3952,0.4153,0.6649,1.0187
None-gene-12676103,JASKUS010000001.1,4731,54744915,1.0,2407.6597,3946.0102,1.0,0.0,0.3476,nan,1311,0.0226,-0.2779,0.5369,0,0,0.2466,0.0001,0.2466,0.0001,0.4386,0.7083,1.6921
None-gene-12677064,JASKUS010000001.1,4731,54744915,1.0,2407.6597,3946.0102,1.0,0.0,0.3476,nan,111,0.0008,-0.582,0.5369,0,0,0.1012,0.1851,0.1012,0.1851,0.5135,0.8478,3.8614
None-gene-12683273,JASKUS010000001.1,4731,54744915,1.0,2407.6597,3946.0102,1.0,0.0,0.3476,nan,6398,0.1149,1.0112,0.5366,0,0,0.1614,0.0097,0.1614,0.0097,0.3842,0.6069,0.1166
None-gene-12705152,JASKUS010000001.1,4731,54744915,1.0,2407.6597,3946.0102,1.0,0.0,0.3476,nan,769,0.0128,-0.4153,0.5358,0,0,0.0745,0.2351,0.0745,0.2351,0.4291,0.6906,1.418
None-gene-12706722,JASKUS010000001.1,4731,54744915,1.0,2407.6597,3946.0102,1.0,0.0,0.3476,nan,3006,0.0534,0.1516,0.5358,0,0,0.277,0.0,0.277,0.0,0.4205,0.6745,1.1679
None-gene-12712383,JASKUS010000001.1,4731,54744915,1.0,2407.6597,3946.0102,1.0,0.0,0.3476,nan,1413,0.0244,-0.2521,0.5356,0,0,0.083,0.1857,0.083,0.1857,0.4147,0.6638,1.0008
None-gene-12716061,JASKUS010000001.1,4731,54744915,1.0,2407.6597,3946.0102,1.0,0.0,0.3476,nan,5576,0.1,0.8029,0.5354,0,0,0.2082,0.0008,0.2082,0.0008,0.4202,0.674,1.1593
None-gene-12728522,JASKUS010000001.1,4731,54744915,1.0,2407.6597,3946.0102,1.0,0.0,0.3476,nan,1233,0.0212,-0.2977,0.535,0,0,0.1903,0.0022,0.1903,0.0022,0.3933,0.624,0.382
None-gene-12729186,JASKUS010000001.1,4731,54744915,1.0,2407.6597,3946.0102,1.0,0.0,0.3476,nan,222,0.0028,-0.5539,0.535,0,0,0.1521,0.0216,0.1521,0.0216,0.4144,0.6632,0.9919
None-gene-12729779,JASKUS010000001.1,4731,54744915,1.0,2407.6597,3946.0102,1.0,0.0,0.3476,nan,183,0.0021,-0.5638,0.5349,0,0,0.114,0.0873,0.114,0.0873,0.4317,0.6954,1.4923
None-gene-12733264,JASKUS010000001.1,4731,54744915,1.0,2407.6597,3946.0102,1.0,0.0,0.3476,nan,1075,0.0183,-0.3377,0.5348,0,0,0.1368,0.0286,0.1368,0.0286,0.3479,0.5393,-0.9338
None-gene-12735979,JASKUS010000001.1,4731,54744915,1.0,2407.6597,3946.0102,1.0,0.0,0.3476,nan,1098,0.0187,-0.3319,0.5347,0,0,0.1182,0.0632,0.1182,0.0632,0.388,0.614,0.2265
None-gene-12738330,JASKUS010000001.1,4731,54744915,1.0,2407.6597,3946.0102,1.0,0.0,0.3476,nan,1871,0.0328,-0.136,0.5346,0,0,0.0803,0.2006,0.0803,0.2006,0.4212,0.6758,1.1874
None-gene-12742236,JASKUS010000001.1,4731,54744915,1.0,2407.6597,3946.0102,1.0,0.0,0.3476,nan,10081,0.1818,1.9446,0.5345,0,0,0.2898,0.0,0.2898,0.0,0.347,0.5376,-0.9604
None-gene-12770097,JASKUS010000001.1,4731,54744915,1.0,2407.6597,3946.0102,1.0,0.0,0.3476,nan,678,0.0111,-0.4383,0.5335,0,0,0.2307,0.0002,0.2307,0.0002,0.3997,0.6358,0.566
None-gene-12771730,JASKUS010000001.1,4731,54744915,1.0,2407.6597,3946.0102,1.0,0.0,0.3476,nan,7170,0.1289,1.2069,0.5334,0,0,0.2585,0.0,0.2585,0.0,0.4053,0.6462,0.728
None-gene-12780760,JASKUS010000001.1,4731,54744915,1.0,2407.6597,3946.0102,1.0,0.0,0.3476,nan,355,0.0052,-0.5202,0.5331,0,0,0.0783,0.2388,0.0783,0.2388,0.4479,0.7256,1.9612
None-gene-12782391,JASKUS010000001.1,4731,54744915,1.0,2407.6597,3946.0102,1.0,0.0,0.3476,nan,270,0.0037,-0.5417,0.533,0,0,0.0608,0.3775,0.0608,0.3775,0.4,0.6364,0.5746
None-gene-12782492,JASKUS010000001.1,4731,54744915,1.0,2407.6597,3946.0102,1.0,0.0,0.3476,nan,1097,0.0187,-0.3321,0.533,0,0,0.2054,0.0009,0.2054,0.0009,0.4038,0.6435,0.6854
None-gene-12787567,JASKUS010000001.1,4731,54744915,1.0,2407.6597,3946.0102,1.0,0.0,0.3476,nan,150,0.0015,-0.5721,0.5328,0,0,-0.0544,0.4595,-0.0544,0.4595,0.4133,0.6612,0.9606
None-gene-12794174,JASKUS010000001.1,4731,54744915,1.0,2407.6597,3946.0102,1.0,0.0,0.3476,nan,892,0.015,-0.3841,0.5326,0,0,0.094,0.1336,0.094,0.1336,0.4137,0.6618,0.9706
None-gene-12802234,JASKUS010000001.1,4731,54744915,1.0,2407.6597,3946.0102,1.0,0.0,0.3476,nan,1219,0.0209,-0.3012,0.5323,0,0,0.2291,0.0002,0.2291,0.0002,0.4422,0.7149,1.7955
None-gene-12805157,JASKUS010000001.1,4731,54744915,1.0,2407.6597,3946.0102,1.0,0.0,0.3476,nan,1933,0.0339,-0.1203,0.5322,0,0,0.0985,0.1161,0.0985,0.1161,0.4092,0.6535,0.8412
None-gene-12815424,JASKUS010000001.1,4731,54744915,1.0,2407.6597,3946.0102,1.0,0.0,0.3476,nan,156,0.0016,-0.5706,0.5318,0,0,0.0812,0.2745,0.0812,0.2745,0.4167,0.6674,1.0572
None-gene-12816543,JASKUS010000001.1,4731,54744915,1.0,2407.6597,3946.0102,1.0,0.0,0.3476,nan,2438,0.043,0.0077,0.5318,0,0,0.1747,0.0051,0.1747,0.0051,0.4204,0.6744,1.166
None-gene-12822715,JASKUS010000001.1,4731,54744915,1.0,2407.6597,3946.0102,1.0,0.0,0.3476,nan,3462,0.0616,0.2672,0.5315,0,0,0.2252,0.0003,0.2252,0.0003,0.3894,0.6166,0.2668
None-gene-12828169,JASKUS010000001.1,4731,54744915,1.0,2407.6597,3946.0102,1.0,0.0,0.3476,nan,1516,0.0263,-0.226,0.5313,0,0,0.1764,0.0046,0.1764,0.0046,0.438,0.7071,1.6747
None-gene-12832102,JASKUS010000001.1,4731,54744915,1.0,2407.6597,3946.0102,1.0,0.0,0.3476,nan,900,0.0151,-0.3821,0.5312,0,0,0.1114,0.0753,0.1114,0.0753,0.4244,0.6819,1.2824
None-gene-12838666,JASKUS010000001.1,4731,54744915,1.0,2407.6597,3946.0102,1.0,0.0,0.3476,nan,624,0.0101,-0.452,0.531,0,0,0.1306,0.0368,0.1306,0.0368,0.4295,0.6913,1.4284
None-gene-12839751,JASKUS010000001.1,4731,54744915,1.0,2407.6597,3946.0102,1.0,0.0,0.3476,nan,2445,0.0432,0.0095,0.5309,0,0,0.1822,0.0034,0.1822,0.0034,0.3783,0.596,-0.0531
None-gene-12933662,JASKUS010000001.1,4731,54744915,1.0,2407.6597,3946.0102,1.0,0.0,0.3476,nan,729,0.012,-0.4254,0.5275,0,0,0.1545,0.0134,0.1545,0.0134,0.4376,0.7064,1.6629
None-gene-12995202,JASKUS010000001.1,4731,54744915,1.0,2407.6597,3946.0102,1.0,0.0,0.3476,nan,456,0.0071,-0.4946,0.5252,0,0,-0.0758,0.2401,-0.0758,0.2401,0.3706,0.5816,-0.2763
None-gene-12998496,JASKUS010000001.1,4731,54744915,1.0,2407.6597,3946.0102,1.0,0.0,0.3476,nan,192,0.0023,-0.5615,0.5251,0,0,-0.0785,0.2529,-0.0785,0.2529,0.3698,0.5801,-0.3001
None-gene-13016835,JASKUS010000001.1,4731,54744915,1.0,2407.6597,3946.0102,1.0,0.0,0.3476,nan,3966,0.0708,0.3949,0.5245,0,0,0.0609,0.3317,0.0609,0.3317,0.4165,0.6672,1.0535
None-gene-13020359,JASKUS010000001.1,4731,54744915,1.0,2407.6597,3946.0102,1.0,0.0,0.3476,nan,204,0.0025,-0.5585,0.5243,0,0,-0.0569,0.4429,-0.0569,0.4429,0.4608,0.7496,2.3346
None-gene-13033590,JASKUS010000001.1,4731,54744915,1.0,2407.6597,3946.0102,1.0,0.0,0.3476,nan,1007,0.0171,-0.355,0.5238,0,0,-0.0304,0.6278,-0.0304,0.6278,0.4091,0.6534,0.8391
None-gene-13034596,JASKUS010000001.1,4731,54744915,1.0,2407.6597,3946.0102,1.0,0.0,0.3476,nan,186,0.0022,-0.563,0.5238,0,0,-0.0421,0.5444,-0.0421,0.5444,0.4247,0.6824,1.2907
None-gene-13042049,JASKUS010000001.1,4731,54744915,1.0,2407.6597,3946.0102,1.0,0.0,0.3476,nan,153,0.0016,-0.5714,0.5235,0,0,-0.047,0.4963,-0.047,0.4963,0.5556,0.9261,5.0788
None-gene-13057561,JASKUS010000001.1,4731,54744915,1.0,2407.6597,3946.0102,1.0,0.0,0.3476,nan,303,0.0043,-0.5334,0.523,0,0,-0.0359,0.5858,-0.0359,0.5858,0.4323,0.6966,1.5111
None-gene-13060238,JASKUS010000001.1,4731,54744915,1.0,2407.6597,3946.0102,1.0,0.0,0.3476,nan,2814,0.0499,0.103,0.5229,0,0,0.1515,0.0152,0.1515,0.0152,0.3834,0.6055,0.095
None-gene-13071032,JASKUS010000001.1,4731,54744915,1.0,2407.6597,3946.0102,1.0,0.0,0.3476,nan,255,0.0034,-0.5455,0.5225,0,0,0.0199,0.7545,0.0199,0.7545,0.4078,0.651,0.8017
None-gene-13074841,JASKUS010000001.1,4731,54744915,1.0,2407.6597,3946.0102,1.0,0.0,0.3476,nan,282,0.0039,-0.5387,0.5223,0,0,-0.0135,0.835,-0.0135,0.835,0.3901,0.6179,0.2871
None-gene-13078833,JASKUS010000001.1,4731,54744915,1.0,2407.6597,3946.0102,1.0,0.0,0.3476,nan,3351,0.0596,0.2391,0.5222,0,0,0.2966,0.0,0.2966,0.0,0.4333,0.6984,1.5389
None-gene-13084225,JASKUS010000001.1,4731,54744915,1.0,2407.6597,3946.0102,1.0,0.0,0.3476,nan,1806,0.0316,-0.1525,0.522,0,0,0.0998,0.1113,0.0998,0.1113,0.4225,0.6782,1.2255
None-gene-13094837,JASKUS010000001.1,4731,54744915,1.0,2407.6597,3946.0102,1.0,0.0,0.3476,nan,2936,0.0521,0.1339,0.5216,0,0,0.2826,0.0,0.2826,0.0,0.4166,0.6672,1.0539
None-gene-13100903,JASKUS010000001.1,4731,54744915,1.0,2407.6597,3946.0102,1.0,0.0,0.3476,nan,4348,0.0777,0.4917,0.5214,0,0,0.1492,0.0169,0.1492,0.0169,0.4101,0.6551,0.8662
None-gene-13106808,JASKUS010000001.1,4731,54744915,1.0,2407.6597,3946.0102,1.0,0.0,0.3476,nan,1005,0.017,-0.3555,0.5212,0,0,-0.0656,0.2958,-0.0656,0.2958,0.398,0.6327,0.5169
None-gene-13111687,JASKUS010000001.1,4731,54744915,1.0,2407.6597,3946.0102,1.0,0.0,0.3476,nan,3037,0.0539,0.1595,0.521,0,0,0.1542,0.0135,0.1542,0.0135,0.3978,0.6322,0.5097
None-gene-13116190,JASKUS010000001.1,4731,54744915,1.0,2407.6597,3946.0102,1.0,0.0,0.3476,nan,1362,0.0235,-0.265,0.5208,0,0,0.088,0.1604,0.088,0.1604,0.4082,0.6517,0.8127
None-gene-13124569,JASKUS010000001.1,4731,54744915,1.0,2407.6597,3946.0102,1.0,0.0,0.3476,nan,661,0.0108,-0.4426,0.5205,0,0,0.1521,0.0148,0.1521,0.0148,0.4085,0.6521,0.8199
None-gene-13158526,JASKUS010000001.1,4731,54744915,1.0,2407.6597,3946.0102,1.0,0.0,0.3476,nan,7126,0.1281,1.1957,0.5193,0,0,0.3923,0.0,0.3923,0.0,0.3619,0.5655,-0.5275
None-gene-13175380,JASKUS010000001.1,4731,54744915,1.0,2407.6597,3946.0102,1.0,0.0,0.3476,nan,590,0.0095,-0.4606,0.5187,0,0,0.112,0.0737,0.112,0.0737,0.3729,0.5859,-0.2107
None-gene-13175867,JASKUS010000001.1,4731,54744915,1.0,2407.6597,3946.0102,1.0,0.0,0.3476,nan,102,0.0007,-0.5843,0.5186,0,0,0.0503,0.5686,0.0503,0.5686,0.4706,0.7678,2.6185
None-gene-13183972,JASKUS010000001.1,4731,54744915,1.0,2407.6597,3946.0102,1.0,0.0,0.3476,nan,861,0.0144,-0.392,0.5183,0,0,-0.0013,0.9839,-0.0013,0.9839,0.3717,0.5836,-0.246
None-gene-13194066,JASKUS010000001.1,4731,54744915,1.0,2407.6597,3946.0102,1.0,0.0,0.3476,nan,1725,0.0301,-0.173,0.518,0,0,0.1887,0.0024,0.1887,0.0024,0.4012,0.6385,0.6081
None-gene-13208114,JASKUS010000001.1,4731,54744915,1.0,2407.6597,3946.0102,1.0,0.0,0.3476,nan,1349,0.0233,-0.2683,0.5175,0,0,0.071,0.258,0.071,0.258,0.3862,0.6107,0.1753
None-gene-13215961,JASKUS010000001.1,4731,54744915,1.0,2407.6597,3946.0102,1.0,0.0,0.3476,nan,1047,0.0178,-0.3448,0.5172,0,0,0.247,0.0001,0.247,0.0001,0.4174,0.6687,1.0779
None-gene-13227167,JASKUS010000001.1,4731,54744915,1.0,2407.6597,3946.0102,1.0,0.0,0.3476,nan,1285,0.0221,-0.2845,0.5168,0,0,0.0572,0.362,0.0572,0.362,0.3494,0.5422,-0.8901
None-gene-13231551,JASKUS010000001.1,4731,54744915,1.0,2407.6597,3946.0102,1.0,0.0,0.3476,nan,2984,0.053,0.1461,0.5166,0,0,0.3343,0.0,0.3343,0.0,0.3897,0.6173,0.2776
None-gene-13238113,JASKUS010000001.1,4731,54744915,1.0,2407.6597,3946.0102,1.0,0.0,0.3476,nan,627,0.0102,-0.4513,0.5164,0,0,0.2093,0.0008,0.2093,0.0008,0.4657,0.7587,2.4772
None-gene-13241551,JASKUS010000001.1,4731,54744915,1.0,2407.6597,3946.0102,1.0,0.0,0.3476,nan,3057,0.0543,0.1646,0.5162,0,0,0.1889,0.0024,0.1889,0.0024,0.4171,0.6682,1.069
None-gene-13249423,JASKUS010000001.1,4731,54744915,1.0,2407.6597,3946.0102,1.0,0.0,0.3476,nan,901,0.0152,-0.3818,0.516,0,0,0.1771,0.0045,0.1771,0.0045,0.3751,0.5901,-0.1453
None-gene-13255056,JASKUS010000001.1,4731,54744915,1.0,2407.6597,3946.0102,1.0,0.0,0.3476,nan,1990,0.0349,-0.1058,0.5158,0,0,0.1083,0.0837,0.1083,0.0837,0.4211,0.6757,1.1857
None-gene-13255765,JASKUS010000001.1,4731,54744915,1.0,2407.6597,3946.0102,1.0,0.0,0.3476,nan,550,0.0088,-0.4708,0.5157,0,0,0.1441,0.021,0.1441,0.021,0.4655,0.7583,2.4698
None-gene-13266827,JASKUS010000001.1,4731,54744915,1.0,2407.6597,3946.0102,1.0,0.0,0.3476,nan,411,0.0063,-0.506,0.5153,0,0,0.0963,0.1297,0.0963,0.1297,0.4696,0.766,2.5895
None-gene-13268089,JASKUS010000001.1,4731,54744915,1.0,2407.6597,3946.0102,1.0,0.0,0.3476,nan,3951,0.0705,0.3911,0.5153,0,0,0.309,0.0,0.309,0.0,0.3979,0.6324,0.513
None-gene-13268550,JASKUS010000001.1,4731,54744915,1.0,2407.6597,3946.0102,1.0,0.0,0.3476,nan,526,0.0083,-0.4769,0.5153,0,0,0.109,0.0817,0.109,0.0817,0.4373,0.7058,1.6535
None-gene-13269287,JASKUS010000001.1,4731,54744915,1.0,2407.6597,3946.0102,1.0,0.0,0.3476,nan,1003,0.017,-0.356,0.5152,0,0,0.1841,0.0031,0.1841,0.0031,0.4138,0.662,0.973
None-gene-13272123,JASKUS010000001.1,4731,54744915,1.0,2407.6597,3946.0102,1.0,0.0,0.3476,nan,1217,0.0209,-0.3017,0.5151,0,0,0.0867,0.1665,0.0867,0.1665,0.3854,0.6091,0.151
None-gene-13276352,JASKUS010000001.1,4731,54744915,1.0,2407.6597,3946.0102,1.0,0.0,0.3476,nan,2375,0.0419,-0.0083,0.515,0,0,0.3482,0.0,0.3482,0.0,0.4286,0.6897,1.4036
None-gene-13280723,JASKUS010000001.1,4731,54744915,1.0,2407.6597,3946.0102,1.0,0.0,0.3476,nan,195,0.0023,-0.5607,0.5148,0,0,-0.0477,0.4666,-0.0477,0.4666,0.4154,0.665,1.02
None-gene-13280937,JASKUS010000001.1,4731,54744915,1.0,2407.6597,3946.0102,1.0,0.0,0.3476,nan,315,0.0045,-0.5303,0.5148,0,0,0.0958,0.1439,0.0958,0.1439,0.4508,0.731,2.0453
None-gene-13305369,JASKUS010000001.1,4731,54744915,1.0,2407.6597,3946.0102,1.0,0.0,0.3476,nan,1011,0.0171,-0.3539,0.5139,0,0,0.169,0.0067,0.169,0.0067,0.4411,0.713,1.766
None-gene-13319707,JASKUS010000001.1,4731,54744915,1.0,2407.6597,3946.0102,1.0,0.0,0.3476,nan,147,0.0015,-0.5729,0.5134,0,0,0.0237,0.7609,0.0237,0.7609,0.4082,0.6516,0.8109
None-gene-13321054,JASKUS010000001.1,4731,54744915,1.0,2407.6597,3946.0102,1.0,0.0,0.3476,nan,1779,0.0311,-0.1593,0.5133,0,0,0.2015,0.0012,0.2015,0.0012,0.3901,0.6179,0.2881
None-gene-13331124,JASKUS010000001.1,4731,54744915,1.0,2407.6597,3946.0102,1.0,0.0,0.3476,nan,1373,0.0237,-0.2622,0.513,0,0,0.166,0.0078,0.166,0.0078,0.4071,0.6497,0.7812
None-gene-13334186,JASKUS010000001.1,4731,54744915,1.0,2407.6597,3946.0102,1.0,0.0,0.3476,nan,9185,0.1655,1.7175,0.5129,0,0,0.2896,0.0,0.2896,0.0,0.4333,0.6984,1.5392
None-gene-13334715,JASKUS010000001.1,4731,54744915,1.0,2407.6597,3946.0102,1.0,0.0,0.3476,nan,474,0.0074,-0.49,0.5128,0,0,0.1317,0.0407,0.1317,0.0407,0.4135,0.6615,0.9655
None-gene-13340201,JASKUS010000001.1,4731,54744915,1.0,2407.6597,3946.0102,1.0,0.0,0.3476,nan,245,0.0032,-0.5481,0.5126,0,0,0.0678,0.3102,0.0678,0.3102,0.4327,0.6972,1.5201
None-gene-13340581,JASKUS010000001.1,4731,54744915,1.0,2407.6597,3946.0102,1.0,0.0,0.3476,nan,318,0.0046,-0.5296,0.5126,0,0,-0.0525,0.4409,-0.0525,0.4409,0.4497,0.7289,2.0132
None-gene-13342156,JASKUS010000001.1,4731,54744915,1.0,2407.6597,3946.0102,1.0,0.0,0.3476,nan,246,0.0033,-0.5478,0.5126,0,0,0.0553,0.421,0.0553,0.421,0.4512,0.7318,2.0577
None-gene-13343977,JASKUS010000001.1,4731,54744915,1.0,2407.6597,3946.0102,1.0,0.0,0.3476,nan,1093,0.0186,-0.3332,0.5125,0,0,0.1242,0.047,0.1242,0.047,0.4392,0.7093,1.7084
None-gene-13370333,JASKUS010000001.1,4731,54744915,1.0,2407.6597,3946.0102,1.0,0.0,0.3476,nan,11625,0.2098,2.3359,0.5115,0,0,0.3958,0.0,0.3958,0.0,0.3393,0.5233,-1.184
None-gene-13381738,JASKUS010000001.1,4731,54744915,1.0,2407.6597,3946.0102,1.0,0.0,0.3476,nan,222,0.0028,-0.5539,0.5111,0,0,0.017,0.8025,0.017,0.8025,0.482,0.7891,2.9484
None-gene-13389111,JASKUS010000001.1,4731,54744915,1.0,2407.6597,3946.0102,1.0,0.0,0.3476,nan,12155,0.2194,2.4702,0.5109,0,0,0.3814,0.0,0.3814,0.0,0.3687,0.578,-0.3331
None-gene-13406642,JASKUS010000001.1,4731,54744915,1.0,2407.6597,3946.0102,1.0,0.0,0.3476,nan,3299,0.0587,0.2259,0.5102,0,0,0.2157,0.0005,0.2157,0.0005,0.3986,0.6338,0.5342
None-gene-13412786,JASKUS010000001.1,4731,54744915,1.0,2407.6597,3946.0102,1.0,0.0,0.3476,nan,1014,0.0172,-0.3532,0.51,0,0,0.2079,0.0008,0.2079,0.0008,0.4063,0.6481,0.7573
None-gene-13416438,JASKUS010000001.1,4731,54744915,1.0,2407.6597,3946.0102,1.0,0.0,0.3476,nan,459,0.0071,-0.4938,0.5099,0,0,0.0332,0.6086,0.0332,0.6086,0.3791,0.5974,-0.0311
None-gene-13423965,JASKUS010000001.1,4731,54744915,1.0,2407.6597,3946.0102,1.0,0.0,0.3476,nan,922,0.0155,-0.3765,0.5096,0,0,-0.032,0.6106,-0.032,0.6106,0.4512,0.7317,2.0569
None-gene-13423990,JASKUS010000001.1,4731,54744915,1.0,2407.6597,3946.0102,1.0,0.0,0.3476,nan,371,0.0055,-0.5161,0.5096,0,0,0.0155,0.8139,0.0155,0.8139,0.4717,0.7699,2.6506
None-gene-13424687,JASKUS010000001.1,4731,54744915,1.0,2407.6597,3946.0102,1.0,0.0,0.3476,nan,192,0.0023,-0.5615,0.5096,0,0,-0.0448,0.4961,-0.0448,0.4961,0.4844,0.7935,3.0177
None-gene-13428614,JASKUS010000001.1,4731,54744915,1.0,2407.6597,3946.0102,1.0,0.0,0.3476,nan,1321,0.0228,-0.2754,0.5094,0,0,0.0245,0.6961,0.0245,0.6961,0.4194,0.6725,1.1357
None-gene-13458712,JASKUS010000001.1,4731,54744915,1.0,2407.6597,3946.0102,1.0,0.0,0.3476,nan,339,0.005,-0.5242,0.5083,0,0,-0.0172,0.7876,-0.0172,0.7876,0.472,0.7704,2.6587
None-gene-13527213,JASKUS010000001.1,4731,54744915,1.0,2407.6597,3946.0102,1.0,0.0,0.3476,nan,264,0.0036,-0.5432,0.5058,0,0,-0.0667,0.3266,-0.0667,0.3266,0.4356,0.7027,1.6056
None-gene-13528473,JASKUS010000001.1,4731,54744915,1.0,2407.6597,3946.0102,1.0,0.0,0.3476,nan,570,0.0091,-0.4657,0.5058,0,0,0.0188,0.7641,0.0188,0.7641,0.4158,0.6658,1.0318
None-gene-13539071,JASKUS010000001.1,4731,54744915,1.0,2407.6597,3946.0102,1.0,0.0,0.3476,nan,2506,0.0443,0.0249,0.5054,0,0,0.1539,0.0137,0.1539,0.0137,0.4006,0.6376,0.593
None-gene-13546102,JASKUS010000001.1,4731,54744915,1.0,2407.6597,3946.0102,1.0,0.0,0.3476,nan,6753,0.1214,1.1012,0.5051,0,0,0.3303,0.0,0.3303,0.0,0.3584,0.5588,-0.6312
None-gene-13565448,JASKUS010000001.1,4731,54744915,1.0,2407.6597,3946.0102,1.0,0.0,0.3476,nan,1876,0.0328,-0.1347,0.5044,0,0,0.0007,0.9908,0.0007,0.9908,0.4254,0.6836,1.3093
None-gene-13584101,JASKUS010000001.1,4731,54744915,1.0,2407.6597,3946.0102,1.0,0.0,0.3476,nan,6629,0.1191,1.0698,0.5037,0,0,0.28,0.0,0.28,0.0,0.3513,0.5457,-0.8346
None-gene-13600533,JASKUS010000001.1,4731,54744915,1.0,2407.6597,3946.0102,1.0,0.0,0.3476,nan,306,0.0044,-0.5326,0.5031,0,0,-0.0437,0.4986,-0.0437,0.4986,0.4085,0.6522,0.8206
None-gene-13625350,JASKUS010000001.1,4731,54744915,1.0,2407.6597,3946.0102,1.0,0.0,0.3476,nan,405,0.0062,-0.5075,0.5022,0,0,-0.0015,0.9807,-0.0015,0.9807,0.4099,0.6548,0.8605
None-gene-13626848,JASKUS010000001.1,4731,54744915,1.0,2407.6597,3946.0102,1.0,0.0,0.3476,nan,5498,0.0986,0.7832,0.5022,0,0,0.2732,0.0,0.2732,0.0,0.3785,0.5963,-0.048
None-gene-13636537,JASKUS010000001.1,4731,54744915,1.0,2407.6597,3946.0102,1.0,0.0,0.3476,nan,6575,0.1181,1.0561,0.5018,0,0,0.2398,0.0001,0.2398,0.0001,0.3696,0.5797,-0.3062
None-gene-13646335,JASKUS010000001.1,4731,54744915,1.0,2407.6597,3946.0102,1.0,0.0,0.3476,nan,648,0.0106,-0.4459,0.5015,0,0,0.1063,0.0898,0.1063,0.0898,0.3765,0.5927,-0.1047
None-gene-13650014,JASKUS010000001.1,4731,54744915,1.0,2407.6597,3946.0102,1.0,0.0,0.3476,nan,16177,0.2924,3.4894,0.5013,0,0,0.4849,0.0,0.4849,0.0,0.3965,0.6298,0.4729
None-gene-13709082,JASKUS010000001.1,4731,54744915,1.0,2407.6597,3946.0102,1.0,0.0,0.3476,nan,2437,0.043,0.0074,0.4992,0,0,0.2081,0.0008,0.2081,0.0008,0.4378,0.7068,1.6701
None-gene-13710702,JASKUS010000001.1,4731,54744915,1.0,2407.6597,3946.0102,1.0,0.0,0.3476,nan,240,0.0032,-0.5493,0.4991,0,0,0.2263,0.0006,0.2263,0.0006,0.5,0.8226,3.4701
None-gene-13781408,JASKUS010000001.1,4731,54744915,1.0,2407.6597,3946.0102,1.0,0.0,0.3476,nan,189,0.0022,-0.5623,0.4965,0,0,0.0507,0.4552,0.0507,0.4552,0.4021,0.6403,0.6358
None-gene-13812569,JASKUS010000001.1,4731,54744915,1.0,2407.6597,3946.0102,1.0,0.0,0.3476,nan,307,0.0044,-0.5324,0.4954,0,0,-0.0518,0.4311,-0.0518,0.4311,0.3974,0.6315,0.4991
None-gene-13822749,JASKUS010000001.1,4731,54744915,1.0,2407.6597,3946.0102,1.0,0.0,0.3476,nan,900,0.0151,-0.3821,0.495,0,0,0.1037,0.0977,0.1037,0.0977,0.4422,0.715,1.7971
None-gene-13857920,JASKUS010000001.1,4731,54744915,1.0,2407.6597,3946.0102,1.0,0.0,0.3476,nan,3666,0.0653,0.3189,0.4937,0,0,0.2634,0.0,0.2634,0.0,0.4337,0.6992,1.5508
None-gene-13866669,JASKUS010000001.1,4731,54744915,1.0,2407.6597,3946.0102,1.0,0.0,0.3476,nan,958,0.0162,-0.3674,0.4934,0,0,0.0705,0.2609,0.0705,0.2609,0.3987,0.634,0.5383
None-gene-13871560,JASKUS010000001.1,4731,54744915,1.0,2407.6597,3946.0102,1.0,0.0,0.3476,nan,1227,0.0211,-0.2992,0.4932,0,0,0.0208,0.7409,0.0208,0.7409,0.4311,0.6943,1.476
None-gene-13875445,JASKUS010000001.1,4731,54744915,1.0,2407.6597,3946.0102,1.0,0.0,0.3476,nan,222,0.0028,-0.5539,0.4931,0,0,0.0405,0.5319,0.0405,0.5319,0.5405,0.8981,4.644
None-gene-13893791,JASKUS010000001.1,4731,54744915,1.0,2407.6597,3946.0102,1.0,0.0,0.3476,nan,10988,0.1982,2.1744,0.4924,0,0,0.3554,0.0,0.3554,0.0,0.3646,0.5704,-0.4511
None-gene-13916820,JASKUS010000001.1,4731,54744915,1.0,2407.6597,3946.0102,1.0,0.0,0.3476,nan,4950,0.0886,0.6443,0.4916,0,0,0.3418,0.0,0.3418,0.0,0.3865,0.6112,0.1826
None-gene-13981125,JASKUS010000001.1,4731,54744915,1.0,2407.6597,3946.0102,1.0,0.0,0.3476,nan,420,0.0064,-0.5037,0.4892,0,0,0.0072,0.9082,0.0072,0.9082,0.481,0.7871,2.9186
None-gene-14037623,JASKUS010000001.1,4731,54744915,1.0,2407.6597,3946.0102,1.0,0.0,0.3476,nan,486,0.0076,-0.487,0.4872,0,0,0.227,0.0003,0.227,0.0003,0.4671,0.7613,2.5169
None-gene-14070833,JASKUS010000001.1,4731,54744915,1.0,2407.6597,3946.0102,1.0,0.0,0.3476,nan,1370,0.0237,-0.263,0.4859,0,0,0.0244,0.6971,0.0244,0.6971,0.3861,0.6105,0.173
None-gene-14079360,JASKUS010000001.1,4731,54744915,1.0,2407.6597,3946.0102,1.0,0.0,0.3476,nan,1131,0.0193,-0.3235,0.4856,0,0,0.0554,0.3772,0.0554,0.3772,0.3607,0.5632,-0.5622
None-gene-14090317,JASKUS010000001.1,4731,54744915,1.0,2407.6597,3946.0102,1.0,0.0,0.3476,nan,285,0.004,-0.5379,0.4852,0,0,0.24,0.0003,0.24,0.0003,0.4842,0.7932,3.0129
None-gene-14094202,JASKUS010000001.1,4731,54744915,1.0,2407.6597,3946.0102,1.0,0.0,0.3476,nan,297,0.0042,-0.5349,0.4851,0,0,0.1097,0.0942,0.1097,0.0942,0.404,0.6439,0.6916
None-gene-14095296,JASKUS010000001.1,4731,54744915,1.0,2407.6597,3946.0102,1.0,0.0,0.3476,nan,307,0.0044,-0.5324,0.4851,0,0,0.1649,0.0162,0.1649,0.0162,0.4593,0.7468,2.2912
None-gene-14100304,JASKUS010000001.1,4731,54744915,1.0,2407.6597,3946.0102,1.0,0.0,0.3476,nan,285,0.004,-0.5379,0.4849,0,0,0.1878,0.0046,0.1878,0.0046,0.4842,0.7932,3.0129
None-gene-14109243,JASKUS010000001.1,4731,54744915,1.0,2407.6597,3946.0102,1.0,0.0,0.3476,nan,297,0.0042,-0.5349,0.4845,0,0,0.046,0.4847,0.046,0.4847,0.4377,0.7066,1.6665
None-gene-14131729,JASKUS010000001.1,4731,54744915,1.0,2407.6597,3946.0102,1.0,0.0,0.3476,nan,674,0.011,-0.4393,0.4837,0,0,0.022,0.7301,0.022,0.7301,0.3769,0.5933,-0.0956
None-gene-14151305,JASKUS010000001.1,4731,54744915,1.0,2407.6597,3946.0102,1.0,0.0,0.3476,nan,2289,0.0403,-0.0301,0.483,0,0,0.0373,0.5526,0.0373,0.5526,0.4303,0.6928,1.4525
None-gene-14154226,JASKUS010000001.1,4731,54744915,1.0,2407.6597,3946.0102,1.0,0.0,0.3476,nan,405,0.0062,-0.5075,0.4829,0,0,0.1079,0.0892,0.1079,0.0892,0.4272,0.687,1.361
None-gene-14157815,JASKUS010000001.1,4731,54744915,1.0,2407.6597,3946.0102,1.0,0.0,0.3476,nan,790,0.0131,-0.4099,0.4828,0,0,0.1217,0.0517,0.1217,0.0517,0.3848,0.6081,0.1347
None-gene-14160659,JASKUS010000001.1,4731,54744915,1.0,2407.6597,3946.0102,1.0,0.0,0.3476,nan,1810,0.0316,-0.1515,0.4827,0,0,0.2056,0.0009,0.2056,0.0009,0.389,0.6158,0.2546
None-gene-14163679,JASKUS010000001.1,4731,54744915,1.0,2407.6597,3946.0102,1.0,0.0,0.3476,nan,2382,0.042,-0.0065,0.4826,0,0,0.2305,0.0002,0.2305,0.0002,0.3992,0.635,0.5527
None-gene-14168084,JASKUS010000001.1,4731,54744915,1.0,2407.6597,3946.0102,1.0,0.0,0.3476,nan,528,0.0084,-0.4763,0.4824,0,0,0.102,0.1033,0.102,0.1033,0.4621,0.7521,2.3733
None-gene-14169807,JASKUS010000001.1,4731,54744915,1.0,2407.6597,3946.0102,1.0,0.0,0.3476,nan,357,0.0053,-0.5197,0.4823,0,0,0.0689,0.2799,0.0689,0.2799,0.4314,0.6948,1.483
None-gene-14193498,JASKUS010000001.1,4731,54744915,1.0,2407.6597,3946.0102,1.0,0.0,0.3476,nan,3874,0.0691,0.3716,0.4815,0,0,0.2777,0.0,0.2777,0.0,0.3797,0.5986,-0.0129
None-gene-14209722,JASKUS010000001.1,4731,54744915,1.0,2407.6597,3946.0102,1.0,0.0,0.3476,nan,1685,0.0294,-0.1831,0.4809,0,0,0.0943,0.1324,0.0943,0.1324,0.4237,0.6806,1.2619
None-gene-14213099,JASKUS010000001.1,4731,54744915,1.0,2407.6597,3946.0102,1.0,0.0,0.3476,nan,688,0.0113,-0.4358,0.4808,0,0,0.1297,0.0438,0.1297,0.0438,0.3808,0.6006,0.019
None-gene-14218084,JASKUS010000001.1,4731,54744915,1.0,2407.6597,3946.0102,1.0,0.0,0.3476,nan,2654,0.047,0.0624,0.4806,0,0,0.2649,0.0,0.2649,0.0,0.4326,0.697,1.5172
None-gene-14239295,JASKUS010000001.1,4731,54744915,1.0,2407.6597,3946.0102,1.0,0.0,0.3476,nan,1947,0.0341,-0.1167,0.4798,0,0,0.0961,0.1251,0.0961,0.1251,0.3847,0.6079,0.1314
None-gene-14260838,JASKUS010000001.1,4731,54744915,1.0,2407.6597,3946.0102,1.0,0.0,0.3476,nan,5405,0.0969,0.7596,0.479,0,0,0.2807,0.0,0.2807,0.0,0.358,0.5581,-0.6415
None-gene-14270248,JASKUS010000001.1,4731,54744915,1.0,2407.6597,3946.0102,1.0,0.0,0.3476,nan,10164,0.1833,1.9656,0.4787,0,0,0.441,0.0,0.441,0.0,0.4084,0.652,0.8178
None-gene-14303802,JASKUS010000001.1,4731,54744915,1.0,2407.6597,3946.0102,1.0,0.0,0.3476,nan,657,0.0107,-0.4437,0.4774,0,0,-0.0423,0.5006,-0.0423,0.5006,0.3942,0.6256,0.4071
None-gene-14313585,JASKUS010000001.1,4731,54744915,1.0,2407.6597,3946.0102,1.0,0.0,0.3476,nan,23451,0.4244,5.3328,0.4771,0,0,0.5422,0.0,0.5422,0.0,0.3424,0.529,-1.0941
None-gene-14320105,JASKUS010000001.1,4731,54744915,1.0,2407.6597,3946.0102,1.0,0.0,0.3476,nan,1648,0.0287,-0.1925,0.4768,0,0,0.1751,0.005,0.1751,0.005,0.4472,0.7243,1.9415
None-gene-14349050,JASKUS010000001.1,4731,54744915,1.0,2407.6597,3946.0102,1.0,0.0,0.3476,nan,1350,0.0233,-0.268,0.4758,0,0,0.1223,0.0507,0.1223,0.0507,0.397,0.6308,0.4888
None-gene-14397205,JASKUS010000001.1,4731,54744915,1.0,2407.6597,3946.0102,1.0,0.0,0.3476,nan,3523,0.0627,0.2827,0.474,0,0,0.23,0.0002,0.23,0.0002,0.4278,0.6881,1.3784
None-gene-14400107,JASKUS010000001.1,4731,54744915,1.0,2407.6597,3946.0102,1.0,0.0,0.3476,nan,222,0.0028,-0.5539,0.4739,0,0,0.1691,0.0087,0.1691,0.0087,0.5045,0.831,3.6006
None-gene-14406518,JASKUS010000001.1,4731,54744915,1.0,2407.6597,3946.0102,1.0,0.0,0.3476,nan,11373,0.2052,2.272,0.4737,0,0,0.3287,0.0,0.3287,0.0,0.3955,0.628,0.4442
None-gene-14429400,JASKUS010000001.1,4731,54744915,1.0,2407.6597,3946.0102,1.0,0.0,0.3476,nan,147,0.0015,-0.5729,0.4728,0,0,0.0914,0.2304,0.0914,0.2304,0.5034,0.829,3.5686
None-gene-14433051,JASKUS010000001.1,4731,54744915,1.0,2407.6597,3946.0102,1.0,0.0,0.3476,nan,13535,0.2444,2.8199,0.4727,0,0,0.397,0.0,0.397,0.0,0.3542,0.551,-0.7518
None-gene-14453527,JASKUS010000001.1,4731,54744915,1.0,2407.6597,3946.0102,1.0,0.0,0.3476,nan,4597,0.0822,0.5548,0.472,0,0,0.173,0.0055,0.173,0.0055,0.3633,0.568,-0.4887
None-gene-14464178,JASKUS010000001.1,4731,54744915,1.0,2407.6597,3946.0102,1.0,0.0,0.3476,nan,201,0.0024,-0.5592,0.4716,0,0,0.0736,0.3028,0.0736,0.3028,0.398,0.6327,0.5169
None-gene-14464423,JASKUS010000001.1,4731,54744915,1.0,2407.6597,3946.0102,1.0,0.0,0.3476,nan,3625,0.0646,0.3085,0.4716,0,0,0.3303,0.0,0.3303,0.0,0.4212,0.6759,1.1896
None-gene-14472174,JASKUS010000001.1,4731,54744915,1.0,2407.6597,3946.0102,1.0,0.0,0.3476,nan,4493,0.0803,0.5285,0.4713,0,0,0.3228,0.0,0.3228,0.0,0.428,0.6885,1.3853
None-gene-14496834,JASKUS010000001.1,4731,54744915,1.0,2407.6597,3946.0102,1.0,0.0,0.3476,nan,961,0.0162,-0.3666,0.4704,0,0,0.1836,0.0037,0.1836,0.0037,0.4516,0.7325,2.069
None-gene-14507122,JASKUS010000001.1,4731,54744915,1.0,2407.6597,3946.0102,1.0,0.0,0.3476,nan,5874,0.1054,0.8784,0.47,0,0,0.432,0.0,0.432,0.0,0.3704,0.5813,-0.2812
None-gene-14519518,JASKUS010000001.1,4731,54744915,1.0,2407.6597,3946.0102,1.0,0.0,0.3476,nan,1317,0.0227,-0.2764,0.4696,0,0,0.1285,0.04,0.1285,0.04,0.3986,0.6338,0.535
None-gene-14521413,JASKUS010000001.1,4731,54744915,1.0,2407.6597,3946.0102,1.0,0.0,0.3476,nan,261,0.0035,-0.544,0.4695,0,0,-0.0164,0.8083,-0.0164,0.8083,0.4406,0.712,1.7505
None-gene-14522695,JASKUS010000001.1,4731,54744915,1.0,2407.6597,3946.0102,1.0,0.0,0.3476,nan,1111,0.019,-0.3286,0.4694,0,0,0.1632,0.0089,0.1632,0.0089,0.4095,0.6541,0.8508
None-gene-14531754,JASKUS010000001.1,4731,54744915,1.0,2407.6597,3946.0102,1.0,0.0,0.3476,nan,3205,0.057,0.2021,0.4691,0,0,0.19,0.0023,0.19,0.0023,0.3644,0.5701,-0.4554
None-gene-14537511,JASKUS010000001.1,4731,54744915,1.0,2407.6597,3946.0102,1.0,0.0,0.3476,nan,495,0.0078,-0.4847,0.4689,0,0,0.2875,0.0,0.2875,0.0,0.3939,0.6251,0.3991
None-gene-14556273,JASKUS010000001.1,4731,54744915,1.0,2407.6597,3946.0102,1.0,0.0,0.3476,nan,261,0.0035,-0.544,0.4682,0,0,0.0545,0.4248,0.0545,0.4248,0.4406,0.712,1.7505
None-gene-14566015,JASKUS010000001.1,4731,54744915,1.0,2407.6597,3946.0102,1.0,0.0,0.3476,nan,3686,0.0657,0.324,0.4679,0,0,0.2628,0.0,0.2628,0.0,0.3551,0.5528,-0.7248
None-gene-14580626,JASKUS010000001.1,4731,54744915,1.0,2407.6597,3946.0102,1.0,0.0,0.3476,nan,7713,0.1388,1.3445,0.4673,0,0,0.3139,0.0,0.3139,0.0,0.3492,0.5417,-0.8978
None-gene-14595535,JASKUS010000001.1,4731,54744915,1.0,2407.6597,3946.0102,1.0,0.0,0.3476,nan,4006,0.0715,0.4051,0.4668,0,0,0.2097,0.0007,0.2097,0.0007,0.3819,0.6027,0.0512
None-gene-14601118,JASKUS010000001.1,4731,54744915,1.0,2407.6597,3946.0102,1.0,0.0,0.3476,nan,384,0.0058,-0.5128,0.4666,0,0,-0.0465,0.4857,-0.0465,0.4857,0.3958,0.6286,0.4539
None-gene-14629967,JASKUS010000001.1,4731,54744915,1.0,2407.6597,3946.0102,1.0,0.0,0.3476,nan,441,0.0068,-0.4984,0.4655,0,0,0.044,0.483,0.044,0.483,0.4399,0.7107,1.7302
None-gene-14634853,JASKUS010000001.1,4731,54744915,1.0,2407.6597,3946.0102,1.0,0.0,0.3476,nan,1366,0.0236,-0.264,0.4653,0,0,0.2246,0.0003,0.2246,0.0003,0.3799,0.599,-0.0063
None-gene-14638384,JASKUS010000001.1,4731,54744915,1.0,2407.6597,3946.0102,1.0,0.0,0.3476,nan,4369,0.0781,0.497,0.4652,0,0,0.1322,0.0345,0.1322,0.0345,0.4443,0.7188,1.8563
None-gene-14642802,JASKUS010000001.1,4731,54744915,1.0,2407.6597,3946.0102,1.0,0.0,0.3476,nan,1094,0.0187,-0.3329,0.4651,0,0,0.0733,0.2424,0.0733,0.2424,0.3766,0.5928,-0.103
None-gene-14646911,JASKUS010000001.1,4731,54744915,1.0,2407.6597,3946.0102,1.0,0.0,0.3476,nan,6162,0.1106,0.9514,0.4649,0,0,0.3598,0.0,0.3598,0.0,0.37,0.5805,-0.2938
None-gene-14656872,JASKUS010000001.1,4731,54744915,1.0,2407.6597,3946.0102,1.0,0.0,0.3476,nan,4809,0.0861,0.6085,0.4645,0,0,0.3202,0.0,0.3202,0.0,0.3886,0.6152,0.2458
None-gene-14656939,JASKUS010000001.1,4731,54744915,1.0,2407.6597,3946.0102,1.0,0.0,0.3476,nan,1484,0.0257,-0.2341,0.4645,0,0,0.1628,0.0091,0.1628,0.0091,0.4036,0.6431,0.6799
None-gene-14666469,JASKUS010000001.1,4731,54744915,1.0,2407.6597,3946.0102,1.0,0.0,0.3476,nan,3272,0.0582,0.219,0.4642,0,0,0.2389,0.0001,0.2389,0.0001,0.4273,0.6871,1.3639
None-gene-14673886,JASKUS010000001.1,4731,54744915,1.0,2407.6597,3946.0102,1.0,0.0,0.3476,nan,9697,0.1748,1.8473,0.4639,0,0,0.2414,0.0001,0.2414,0.0001,0.3616,0.5648,-0.5386
None-gene-14673937,JASKUS010000001.1,4731,54744915,1.0,2407.6597,3946.0102,1.0,0.0,0.3476,nan,605,0.0098,-0.4568,0.4639,0,0,0.0557,0.375,0.0557,0.375,0.4083,0.6518,0.8139
None-gene-14683491,JASKUS010000001.1,4731,54744915,1.0,2407.6597,3946.0102,1.0,0.0,0.3476,nan,231,0.003,-0.5516,0.4636,0,0,-0.043,0.5326,-0.043,0.5326,0.4242,0.6815,1.2765
None-gene-14695653,JASKUS010000001.1,4731,54744915,1.0,2407.6597,3946.0102,1.0,0.0,0.3476,nan,3301,0.0587,0.2264,0.4631,0,0,0.1376,0.0277,0.1376,0.0277,0.3835,0.6057,0.0974
None-gene-14703619,JASKUS010000001.1,4731,54744915,1.0,2407.6597,3946.0102,1.0,0.0,0.3476,nan,990,0.0168,-0.3593,0.4628,0,0,0.1611,0.0098,0.1611,0.0098,0.3949,0.627,0.4283
None-gene-14734579,JASKUS010000001.1,4731,54744915,1.0,2407.6597,3946.0102,1.0,0.0,0.3476,nan,1962,0.0344,-0.1129,0.4617,0,0,0.3361,0.0,0.3361,0.0,0.3705,0.5815,-0.2785
None-gene-14754633,JASKUS010000001.1,4731,54744915,1.0,2407.6597,3946.0102,1.0,0.0,0.3476,nan,803,0.0134,-0.4067,0.461,0,0,0.191,0.0021,0.191,0.0021,0.4446,0.7194,1.8655
None-gene-14758407,JASKUS010000001.1,4731,54744915,1.0,2407.6597,3946.0102,1.0,0.0,0.3476,nan,1429,0.0247,-0.248,0.4608,0,0,0.1858,0.0028,0.1858,0.0028,0.3814,0.6017,0.0356
None-gene-14761038,JASKUS010000001.1,4731,54744915,1.0,2407.6597,3946.0102,1.0,0.0,0.3476,nan,147,0.0015,-0.5729,0.4607,0,0,-0.1413,0.0544,-0.1413,0.0544,0.3741,0.5882,-0.174
None-gene-14787961,JASKUS010000001.1,4731,54744915,1.0,2407.6597,3946.0102,1.0,0.0,0.3476,nan,180,0.0021,-0.5645,0.4598,0,0,-0.1165,0.1022,-0.1165,0.1022,0.3944,0.626,0.4137
None-gene-14800778,JASKUS010000001.1,4731,54744915,1.0,2407.6597,3946.0102,1.0,0.0,0.3476,nan,482,0.0075,-0.488,0.4593,0,0,0.0369,0.5565,0.0369,0.5565,0.3983,0.6333,0.5265
None-gene-14820253,JASKUS010000001.1,4731,54744915,1.0,2407.6597,3946.0102,1.0,0.0,0.3476,nan,44166,0.8003,10.5824,0.4586,0,0,0.6403,0.0,0.6403,0.0,0.3451,0.5342,-1.0139
None-gene-14894522,JASKUS010000001.1,4731,54744915,1.0,2407.6597,3946.0102,1.0,0.0,0.3476,nan,945,0.016,-0.3707,0.4559,0,0,0.2021,0.0013,0.2021,0.0013,0.3757,0.591,-0.1302
None-gene-14899096,JASKUS010000001.1,4731,54744915,1.0,2407.6597,3946.0102,1.0,0.0,0.3476,nan,1774,0.031,-0.1606,0.4557,0,0,0.2078,0.0008,0.2078,0.0008,0.4397,0.7103,1.7236
None-gene-14922553,JASKUS010000001.1,4731,54744915,1.0,2407.6597,3946.0102,1.0,0.0,0.3476,nan,1432,0.0248,-0.2473,0.4548,0,0,0.0351,0.5759,0.0351,0.5759,0.4085,0.6522,0.8212
None-gene-14929052,JASKUS010000001.1,4731,54744915,1.0,2407.6597,3946.0102,1.0,0.0,0.3476,nan,1942,0.034,-0.118,0.4546,0,0,0.2269,0.0003,0.2269,0.0003,0.4423,0.7152,1.8002
None-gene-14934029,JASKUS010000001.1,4731,54744915,1.0,2407.6597,3946.0102,1.0,0.0,0.3476,nan,1754,0.0306,-0.1657,0.4544,0,0,0.2576,0.0,0.2576,0.0,0.3483,0.5402,-0.9211
None-gene-14936565,JASKUS010000001.1,4731,54744915,1.0,2407.6597,3946.0102,1.0,0.0,0.3476,nan,2481,0.0438,0.0186,0.4543,0,0,0.0991,0.1139,0.0991,0.1139,0.3418,0.528,-1.1107
None-gene-14945774,JASKUS010000001.1,4731,54744915,1.0,2407.6597,3946.0102,1.0,0.0,0.3476,nan,255,0.0034,-0.5455,0.454,0,0,-0.013,0.8411,-0.013,0.8411,0.4314,0.6948,1.483
None-gene-14966749,JASKUS010000001.1,4731,54744915,1.0,2407.6597,3946.0102,1.0,0.0,0.3476,nan,5077,0.0909,0.6765,0.4532,0,0,0.2629,0.0,0.2629,0.0,0.3492,0.5418,-0.8958
None-gene-14985760,JASKUS010000001.1,4731,54744915,1.0,2407.6597,3946.0102,1.0,0.0,0.3476,nan,333,0.0048,-0.5258,0.4525,0,0,0.0747,0.2412,0.0747,0.2412,0.4474,0.7247,1.9484
None-gene-14987066,JASKUS010000001.1,4731,54744915,1.0,2407.6597,3946.0102,1.0,0.0,0.3476,nan,1551,0.0269,-0.2171,0.4525,0,0,0.1135,0.0698,0.1135,0.0698,0.3482,0.5398,-0.9264
None-gene-14989399,JASKUS010000001.1,4731,54744915,1.0,2407.6597,3946.0102,1.0,0.0,0.3476,nan,1074,0.0183,-0.338,0.4524,0,0,0.1109,0.0765,0.1109,0.0765,0.3929,0.6232,0.3697
None-gene-15014516,JASKUS010000001.1,4731,54744915,1.0,2407.6597,3946.0102,1.0,0.0,0.3476,nan,28460,0.5153,6.6022,0.4515,0,0,0.5181,0.0,0.5181,0.0,0.3489,0.5412,-0.9048
None-gene-15042049,JASKUS010000001.1,4731,54744915,1.0,2407.6597,3946.0102,1.0,0.0,0.3476,nan,174,0.002,-0.5661,0.4505,0,0,0.0444,0.5261,0.0444,0.5261,0.4138,0.6621,0.9739
None-gene-15049557,JASKUS010000001.1,4731,54744915,1.0,2407.6597,3946.0102,1.0,0.0,0.3476,nan,462,0.0072,-0.4931,0.4502,0,0,-0.0238,0.7086,-0.0238,0.7086,0.4416,0.7138,1.7779
None-gene-15076102,JASKUS010000001.1,4731,54744915,1.0,2407.6597,3946.0102,1.0,0.0,0.3476,nan,778,0.0129,-0.413,0.4492,0,0,0.0222,0.7232,0.0222,0.7232,0.383,0.6048,0.0833
None-gene-15098555,JASKUS010000001.1,4731,54744915,1.0,2407.6597,3946.0102,1.0,0.0,0.3476,nan,372,0.0056,-0.5159,0.4484,0,0,0.0283,0.6577,0.0283,0.6577,0.4462,0.7225,1.9134
None-gene-15189563,JASKUS010000001.1,4731,54744915,1.0,2407.6597,3946.0102,1.0,0.0,0.3476,nan,450,0.007,-0.4961,0.4451,0,0,0.0739,0.2387,0.0739,0.2387,0.4022,0.6405,0.6389
None-gene-15198578,JASKUS010000001.1,4731,54744915,1.0,2407.6597,3946.0102,1.0,0.0,0.3476,nan,2014,0.0354,-0.0998,0.4447,0,0,0.3475,0.0,0.3475,0.0,0.3937,0.6247,0.3934
None-gene-15199880,JASKUS010000001.1,4731,54744915,1.0,2407.6597,3946.0102,1.0,0.0,0.3476,nan,681,0.0112,-0.4376,0.4447,0,0,0.2686,0.0,0.2686,0.0,0.4435,0.7173,1.8331
None-gene-15210341,JASKUS010000001.1,4731,54744915,1.0,2407.6597,3946.0102,1.0,0.0,0.3476,nan,7164,0.1288,1.2054,0.4443,0,0,0.3113,0.0,0.3113,0.0,0.3416,0.5275,-1.1174
None-gene-15219371,JASKUS010000001.1,4731,54744915,1.0,2407.6597,3946.0102,1.0,0.0,0.3476,nan,1272,0.0219,-0.2878,0.444,0,0,0.0553,0.3783,0.0553,0.3783,0.3664,0.5737,-0.3997
None-gene-15272711,JASKUS010000001.1,4731,54744915,1.0,2407.6597,3946.0102,1.0,0.0,0.3476,nan,8101,0.1458,1.4428,0.442,0,0,0.3926,0.0,0.3926,0.0,0.4123,0.6593,0.9314
None-gene-15274922,JASKUS010000001.1,4731,54744915,1.0,2407.6597,3946.0102,1.0,0.0,0.3476,nan,351,0.0052,-0.5212,0.442,0,0,0.0439,0.5098,0.0439,0.5098,0.3447,0.5334,-1.0258
None-gene-15283014,JASKUS010000001.1,4731,54744915,1.0,2407.6597,3946.0102,1.0,0.0,0.3476,nan,1388,0.024,-0.2584,0.4417,0,0,0.2792,0.0,0.2792,0.0,0.4071,0.6495,0.779
None-gene-15285120,JASKUS010000001.1,4731,54744915,1.0,2407.6597,3946.0102,1.0,0.0,0.3476,nan,2488,0.044,0.0204,0.4416,0,0,0.2222,0.0003,0.2222,0.0003,0.412,0.6587,0.9214
None-gene-15290274,JASKUS010000001.1,4731,54744915,1.0,2407.6597,3946.0102,1.0,0.0,0.3476,nan,267,0.0036,-0.5425,0.4414,0,0,0.0522,0.4275,0.0522,0.4275,0.4607,0.7494,2.3314
None-gene-15290728,JASKUS010000001.1,4731,54744915,1.0,2407.6597,3946.0102,1.0,0.0,0.3476,nan,609,0.0099,-0.4558,0.4414,0,0,0.0807,0.2054,0.0807,0.2054,0.445,0.7202,1.8773
None-gene-15292157,JASKUS010000001.1,4731,54744915,1.0,2407.6597,3946.0102,1.0,0.0,0.3476,nan,765,0.0127,-0.4163,0.4413,0,0,0.08,0.202,0.08,0.202,0.4157,0.6656,1.0288
None-gene-15296385,JASKUS010000001.1,4731,54744915,1.0,2407.6597,3946.0102,1.0,0.0,0.3476,nan,1254,0.0216,-0.2924,0.4412,0,0,0.116,0.064,0.116,0.064,0.4298,0.6919,1.4382
None-gene-15304833,JASKUS010000001.1,4731,54744915,1.0,2407.6597,3946.0102,1.0,0.0,0.3476,nan,1056,0.018,-0.3425,0.4409,0,0,0.103,0.1,0.103,0.1,0.4574,0.7432,2.2362
None-gene-15305206,JASKUS010000001.1,4731,54744915,1.0,2407.6597,3946.0102,1.0,0.0,0.3476,nan,342,0.005,-0.5235,0.4409,0,0,-0.0142,0.8216,-0.0142,0.8216,0.4357,0.7028,1.6075
None-gene-15309735,JASKUS010000001.1,4731,54744915,1.0,2407.6597,3946.0102,1.0,0.0,0.3476,nan,906,0.0152,-0.3806,0.4407,0,0,0.0632,0.314,0.0632,0.314,0.4536,0.7363,2.1278
None-gene-15311064,JASKUS010000001.1,4731,54744915,1.0,2407.6597,3946.0102,1.0,0.0,0.3476,nan,1032,0.0175,-0.3486,0.4406,0,0,0.1765,0.0046,0.1765,0.0046,0.4079,0.6512,0.8046
None-gene-15321551,JASKUS010000001.1,4731,54744915,1.0,2407.6597,3946.0102,1.0,0.0,0.3476,nan,7649,0.1376,1.3283,0.4403,0,0,0.3599,0.0,0.3599,0.0,0.434,0.6998,1.5603
None-gene-15332687,JASKUS010000001.1,4731,54744915,1.0,2407.6597,3946.0102,1.0,0.0,0.3476,nan,552,0.0088,-0.4703,0.4398,0,0,0.1583,0.0112,0.1583,0.0112,0.4149,0.664,1.0047
None-gene-15333327,JASKUS010000001.1,4731,54744915,1.0,2407.6597,3946.0102,1.0,0.0,0.3476,nan,183,0.0021,-0.5638,0.4398,0,0,0.0672,0.3657,0.0672,0.3657,0.4262,0.6852,1.3341
None-gene-15335075,JASKUS010000001.1,4731,54744915,1.0,2407.6597,3946.0102,1.0,0.0,0.3476,nan,1697,0.0296,-0.1801,0.4398,0,0,0.1054,0.0923,0.1054,0.0923,0.396,0.6289,0.4585
None-gene-15337686,JASKUS010000001.1,4731,54744915,1.0,2407.6597,3946.0102,1.0,0.0,0.3476,nan,1078,0.0184,-0.337,0.4397,0,0,0.1467,0.0189,0.1467,0.0189,0.4369,0.7051,1.6436
None-gene-15340306,JASKUS010000001.1,4731,54744915,1.0,2407.6597,3946.0102,1.0,0.0,0.3476,nan,1270,0.0218,-0.2883,0.4396,0,0,0.206,0.0009,0.206,0.0009,0.4402,0.7112,1.7373
None-gene-15340512,JASKUS010000001.1,4731,54744915,1.0,2407.6597,3946.0102,1.0,0.0,0.3476,nan,111,0.0008,-0.582,0.4396,0,0,0.0755,0.3137,0.0755,0.3137,0.4955,0.8142,3.3397
None-gene-15344312,JASKUS010000001.1,4731,54744915,1.0,2407.6597,3946.0102,1.0,0.0,0.3476,nan,1934,0.0339,-0.12,0.4394,0,0,0.2537,0.0,0.2537,0.0,0.4188,0.6714,1.1195
None-gene-15347323,JASKUS010000001.1,4731,54744915,1.0,2407.6597,3946.0102,1.0,0.0,0.3476,nan,8239,0.1483,1.4778,0.4393,0,0,0.2134,0.0006,0.2134,0.0006,0.4071,0.6496,0.7798
None-gene-15357281,JASKUS010000001.1,4731,54744915,1.0,2407.6597,3946.0102,1.0,0.0,0.3476,nan,114,0.0009,-0.5813,0.439,0,0,-0.0578,0.4607,-0.0578,0.4607,0.4211,0.6756,1.1842
None-gene-15362026,JASKUS010000001.1,4731,54744915,1.0,2407.6597,3946.0102,1.0,0.0,0.3476,nan,2531,0.0447,0.0313,0.4388,0,0,0.146,0.0194,0.146,0.0194,0.3627,0.5669,-0.5054
None-gene-15379696,JASKUS010000001.1,4731,54744915,1.0,2407.6597,3946.0102,1.0,0.0,0.3476,nan,1419,0.0246,-0.2505,0.4381,0,0,0.0453,0.4709,0.0453,0.4709,0.4362,0.7038,1.6234
None-gene-15391861,JASKUS010000001.1,4731,54744915,1.0,2407.6597,3946.0102,1.0,0.0,0.3476,nan,455,0.0071,-0.4948,0.4377,0,0,0.1541,0.0149,0.1541,0.0149,0.433,0.6978,1.5291
None-gene-15420784,JASKUS010000001.1,4731,54744915,1.0,2407.6597,3946.0102,1.0,0.0,0.3476,nan,1815,0.0317,-0.1502,0.4366,0,0,0.217,0.0005,0.217,0.0005,0.3835,0.6056,0.0959
None-gene-15429236,JASKUS010000001.1,4731,54744915,1.0,2407.6597,3946.0102,1.0,0.0,0.3476,nan,522,0.0083,-0.4779,0.4363,0,0,0.0899,0.1515,0.0899,0.1515,0.3927,0.6228,0.3638
None-gene-15442378,JASKUS010000001.1,4731,54744915,1.0,2407.6597,3946.0102,1.0,0.0,0.3476,nan,827,0.0138,-0.4006,0.4358,0,0,0.0996,0.1117,0.0996,0.1117,0.4111,0.6571,0.8967
None-gene-15453035,JASKUS010000001.1,4731,54744915,1.0,2407.6597,3946.0102,1.0,0.0,0.3476,nan,810,0.0135,-0.4049,0.4355,0,0,0.0642,0.314,0.0642,0.314,0.3049,0.4593,-2.178
None-gene-15455559,JASKUS010000001.1,4731,54744915,1.0,2407.6597,3946.0102,1.0,0.0,0.3476,nan,231,0.003,-0.5516,0.4354,0,0,-0.0169,0.8029,-0.0169,0.8029,0.3203,0.488,-1.7319
None-gene-15461365,JASKUS010000001.1,4731,54744915,1.0,2407.6597,3946.0102,1.0,0.0,0.3476,nan,339,0.005,-0.5242,0.4351,0,0,-0.0726,0.2785,-0.0726,0.2785,0.4366,0.7045,1.6337
None-gene-15518531,JASKUS010000001.1,4731,54744915,1.0,2407.6597,3946.0102,1.0,0.0,0.3476,nan,300,0.0042,-0.5341,0.4331,0,0,0.0393,0.5367,0.0393,0.5367,0.4233,0.6798,1.2502
None-gene-15549359,JASKUS010000001.1,4731,54744915,1.0,2407.6597,3946.0102,1.0,0.0,0.3476,nan,6878,0.1236,1.1329,0.4319,0,0,0.2994,0.0,0.2994,0.0,0.3404,0.5253,-1.1523
None-gene-15570494,JASKUS010000001.1,4731,54744915,1.0,2407.6597,3946.0102,1.0,0.0,0.3476,nan,366,0.0054,-0.5174,0.4312,0,0,0.1082,0.0841,0.1082,0.0841,0.4536,0.7361,2.1252
None-gene-15584506,JASKUS010000001.1,4731,54744915,1.0,2407.6597,3946.0102,1.0,0.0,0.3476,nan,1879,0.0329,-0.134,0.4307,0,0,0.0192,0.7602,0.0192,0.7602,0.4247,0.6824,1.2896
None-gene-15585568,JASKUS010000001.1,4731,54744915,1.0,2407.6597,3946.0102,1.0,0.0,0.3476,nan,165,0.0018,-0.5683,0.4306,0,0,0.0016,0.982,0.0016,0.982,0.4788,0.7831,2.8559
None-gene-15587146,JASKUS010000001.1,4731,54744915,1.0,2407.6597,3946.0102,1.0,0.0,0.3476,nan,489,0.0077,-0.4862,0.4306,0,0,-0.0333,0.5961,-0.0333,0.5961,0.4049,0.6455,0.7167
None-gene-15594854,JASKUS010000001.1,4731,54744915,1.0,2407.6597,3946.0102,1.0,0.0,0.3476,nan,447,0.0069,-0.4969,0.4303,0,0,-0.0169,0.7876,-0.0169,0.7876,0.4004,0.6372,0.5875
None-gene-15595402,JASKUS010000001.1,4731,54744915,1.0,2407.6597,3946.0102,1.0,0.0,0.3476,nan,522,0.0083,-0.4779,0.4303,0,0,0.0946,0.131,0.0946,0.131,0.3831,0.605,0.0864
None-gene-15610389,JASKUS010000001.1,4731,54744915,1.0,2407.6597,3946.0102,1.0,0.0,0.3476,nan,7175,0.129,1.2081,0.4297,0,0,0.2822,0.0,0.2822,0.0,0.4135,0.6615,0.966
None-gene-15619382,JASKUS010000001.1,4731,54744915,1.0,2407.6597,3946.0102,1.0,0.0,0.3476,nan,2639,0.0467,0.0586,0.4294,0,0,0.2924,0.0,0.2924,0.0,0.4301,0.6924,1.4458
None-gene-15620930,JASKUS010000001.1,4731,54744915,1.0,2407.6597,3946.0102,1.0,0.0,0.3476,nan,243,0.0032,-0.5486,0.4293,0,0,0.1309,0.0494,0.1309,0.0494,0.5062,0.8341,3.6489
None-gene-15624757,JASKUS010000001.1,4731,54744915,1.0,2407.6597,3946.0102,1.0,0.0,0.3476,nan,1442,0.025,-0.2447,0.4292,0,0,0.0876,0.1625,0.0876,0.1625,0.3724,0.585,-0.2246
None-gene-15643402,JASKUS010000001.1,4731,54744915,1.0,2407.6597,3946.0102,1.0,0.0,0.3476,nan,13401,0.242,2.7859,0.4285,0,0,0.3131,0.0,0.3131,0.0,0.3596,0.5611,-0.5953
None-gene-15666272,JASKUS010000001.1,4731,54744915,1.0,2407.6597,3946.0102,1.0,0.0,0.3476,nan,693,0.0114,-0.4345,0.4277,0,0,0.1084,0.0836,0.1084,0.0836,0.4185,0.6708,1.1094
None-gene-15682374,JASKUS010000001.1,4731,54744915,1.0,2407.6597,3946.0102,1.0,0.0,0.3476,nan,255,0.0034,-0.5455,0.4271,0,0,0.1411,0.0309,0.1411,0.0309,0.4431,0.7167,1.8236
None-gene-15682387,JASKUS010000001.1,4731,54744915,1.0,2407.6597,3946.0102,1.0,0.0,0.3476,nan,402,0.0061,-0.5083,0.4271,0,0,0.1293,0.0419,0.1293,0.0419,0.4279,0.6883,1.3813
None-gene-15682819,JASKUS010000001.1,4731,54744915,1.0,2407.6597,3946.0102,1.0,0.0,0.3476,nan,180,0.0021,-0.5645,0.4271,0,0,-0.0694,0.3,-0.0694,0.3,0.45,0.7295,2.0223
None-gene-15724446,JASKUS010000001.1,4731,54744915,1.0,2407.6597,3946.0102,1.0,0.0,0.3476,nan,10365,0.1869,2.0166,0.4255,0,0,0.0542,0.3874,0.0542,0.3874,0.3579,0.558,-0.6435
None-gene-15755254,JASKUS010000001.1,4731,54744915,1.0,2407.6597,3946.0102,1.0,0.0,0.3476,nan,693,0.0114,-0.4345,0.4244,0,0,0.1145,0.0674,0.1145,0.0674,0.482,0.789,2.9478
None-gene-15755339,JASKUS010000001.1,4731,54744915,1.0,2407.6597,3946.0102,1.0,0.0,0.3476,nan,228,0.0029,-0.5524,0.4244,0,0,0.1013,0.1114,0.1013,0.1114,0.4737,0.7736,2.7081
None-gene-15757897,JASKUS010000001.1,4731,54744915,1.0,2407.6597,3946.0102,1.0,0.0,0.3476,nan,897,0.0151,-0.3828,0.4243,0,0,0.0549,0.3818,0.0549,0.3818,0.4314,0.6949,1.4849
None-gene-15760939,JASKUS010000001.1,4731,54744915,1.0,2407.6597,3946.0102,1.0,0.0,0.3476,nan,876,0.0147,-0.3882,0.4242,0,0,-0.0602,0.337,-0.0602,0.337,0.3893,0.6164,0.2638
None-gene-15809362,JASKUS010000001.1,4731,54744915,1.0,2407.6597,3946.0102,1.0,0.0,0.3476,nan,25937,0.4695,5.9628,0.4224,0,0,0.568,0.0,0.568,0.0,0.3761,0.5918,-0.1185
None-gene-15824954,JASKUS010000001.1,4731,54744915,1.0,2407.6597,3946.0102,1.0,0.0,0.3476,nan,189,0.0022,-0.5623,0.4219,0,0,0.2143,0.0027,0.2143,0.0027,0.545,0.9064,4.7724
None-gene-15852625,JASKUS010000001.1,4731,54744915,1.0,2407.6597,3946.0102,1.0,0.0,0.3476,nan,7042,0.1266,1.1744,0.4209,0,0,0.2393,0.0001,0.2393,0.0001,0.3874,0.6129,0.2094
None-gene-15875142,JASKUS010000001.1,4731,54744915,1.0,2407.6597,3946.0102,1.0,0.0,0.3476,nan,1251,0.0215,-0.2931,0.42,0,0,-0.068,0.2783,-0.068,0.2783,0.3989,0.6343,0.5422
None-gene-15882412,JASKUS010000001.1,4731,54744915,1.0,2407.6597,3946.0102,1.0,0.0,0.3476,nan,8567,0.1543,1.5609,0.4198,0,0,0.3284,0.0,0.3284,0.0,0.3574,0.5571,-0.6584
None-gene-15900285,JASKUS010000001.1,4731,54744915,1.0,2407.6597,3946.0102,1.0,0.0,0.3476,nan,1086,0.0185,-0.3349,0.4191,0,0,0.1809,0.0037,0.1809,0.0037,0.4217,0.6768,1.2038
None-gene-15901388,JASKUS010000001.1,4731,54744915,1.0,2407.6597,3946.0102,1.0,0.0,0.3476,nan,315,0.0045,-0.5303,0.4191,0,0,-0.0125,0.8494,-0.0125,0.8494,0.4063,0.6482,0.7584
None-gene-15907899,JASKUS010000001.1,4731,54744915,1.0,2407.6597,3946.0102,1.0,0.0,0.3476,nan,301,0.0043,-0.5339,0.4188,0,0,0.0482,0.4691,0.0482,0.4691,0.3522,0.5473,-0.8107
None-gene-15922146,JASKUS010000001.1,4731,54744915,1.0,2407.6597,3946.0102,1.0,0.0,0.3476,nan,556,0.0089,-0.4692,0.4183,0,0,0.0522,0.406,0.0522,0.406,0.3633,0.568,-0.4878
None-gene-15927758,JASKUS010000001.1,4731,54744915,1.0,2407.6597,3946.0102,1.0,0.0,0.3476,nan,582,0.0094,-0.4627,0.4181,0,0,-0.0044,0.9449,-0.0044,0.9449,0.4124,0.6594,0.9328
None-gene-15933031,JASKUS010000001.1,4731,54744915,1.0,2407.6597,3946.0102,1.0,0.0,0.3476,nan,237,0.0031,-0.5501,0.4179,0,0,0.0291,0.6627,0.0291,0.6627,0.4008,0.6379,0.599
None-gene-15945289,JASKUS010000001.1,4731,54744915,1.0,2407.6597,3946.0102,1.0,0.0,0.3476,nan,328,0.0048,-0.527,0.4175,0,0,0.0528,0.4137,0.0528,0.4137,0.3902,0.6182,0.2921
None-gene-15946130,JASKUS010000001.1,4731,54744915,1.0,2407.6597,3946.0102,1.0,0.0,0.3476,nan,237,0.0031,-0.5501,0.4174,0,0,-0.0765,0.2588,-0.0765,0.2588,0.4262,0.6851,1.332
None-gene-15962768,JASKUS010000001.1,4731,54744915,1.0,2407.6597,3946.0102,1.0,0.0,0.3476,nan,198,0.0024,-0.56,0.4168,0,0,0.1816,0.0101,0.1816,0.0101,0.4091,0.6533,0.8378
None-gene-16009799,JASKUS010000001.1,4731,54744915,1.0,2407.6597,3946.0102,1.0,0.0,0.3476,nan,24690,0.4469,5.6468,0.4151,0,0,0.4381,0.0,0.4381,0.0,0.3468,0.5372,-0.9665
None-gene-16040621,JASKUS010000001.1,4731,54744915,1.0,2407.6597,3946.0102,1.0,0.0,0.3476,nan,5952,0.1068,0.8982,0.414,0,0,0.2878,0.0,0.2878,0.0,0.3545,0.5516,-0.7429
None-gene-16062727,JASKUS010000001.1,4731,54744915,1.0,2407.6597,3946.0102,1.0,0.0,0.3476,nan,673,0.011,-0.4396,0.4132,0,0,0.0007,0.9913,0.0007,0.9913,0.422,0.6773,1.2113
None-gene-16076828,JASKUS010000001.1,4731,54744915,1.0,2407.6597,3946.0102,1.0,0.0,0.3476,nan,973,0.0165,-0.3636,0.4127,0,0,0.0217,0.7302,0.0217,0.7302,0.4255,0.6838,1.3126
None-gene-16076959,JASKUS010000001.1,4731,54744915,1.0,2407.6597,3946.0102,1.0,0.0,0.3476,nan,504,0.0079,-0.4824,0.4127,0,0,0.1227,0.0498,0.1227,0.0498,0.4067,0.6489,0.7699
None-gene-16086896,JASKUS010000001.1,4731,54744915,1.0,2407.6597,3946.0102,1.0,0.0,0.3476,nan,441,0.0068,-0.4984,0.4123,0,0,0.1266,0.043,0.1266,0.043,0.4422,0.7149,1.7958
None-gene-16099136,JASKUS010000001.1,4731,54744915,1.0,2407.6597,3946.0102,1.0,0.0,0.3476,nan,162,0.0017,-0.5691,0.4118,0,0,0.0567,0.4193,0.0567,0.4193,0.4444,0.7191,1.8615
None-gene-16099141,JASKUS010000001.1,4731,54744915,1.0,2407.6597,3946.0102,1.0,0.0,0.3476,nan,249,0.0033,-0.547,0.4118,0,0,0.1448,0.0271,0.1448,0.0271,0.4177,0.6693,1.0862
None-gene-16111102,JASKUS010000001.1,4731,54744915,1.0,2407.6597,3946.0102,1.0,0.0,0.3476,nan,513,0.0081,-0.4801,0.4114,0,0,0.2573,0.0,0.2573,0.0,0.4386,0.7083,1.6921
None-gene-16128981,JASKUS010000001.1,4731,54744915,1.0,2407.6597,3946.0102,1.0,0.0,0.3476,nan,2542,0.0449,0.034,0.4108,0,0,0.0996,0.1117,0.0996,0.1117,0.3714,0.583,-0.2547
None-gene-16135487,JASKUS010000001.1,4731,54744915,1.0,2407.6597,3946.0102,1.0,0.0,0.3476,nan,2717,0.0481,0.0784,0.4105,0,0,0.1922,0.002,0.1922,0.002,0.4074,0.6502,0.7898
None-gene-16146941,JASKUS010000001.1,4731,54744915,1.0,2407.6597,3946.0102,1.0,0.0,0.3476,nan,6283,0.1128,0.9821,0.4101,0,0,0.2162,0.0005,0.2162,0.0005,0.3721,0.5844,-0.2329
None-gene-16163879,JASKUS010000001.1,4731,54744915,1.0,2407.6597,3946.0102,1.0,0.0,0.3476,nan,1856,0.0325,-0.1398,0.4095,0,0,0.2635,0.0,0.2635,0.0,0.3982,0.633,0.5215
None-gene-16213263,JASKUS010000001.1,4731,54744915,1.0,2407.6597,3946.0102,1.0,0.0,0.3476,nan,15819,0.2859,3.3987,0.4077,0,0,0.4666,0.0,0.4666,0.0,0.3617,0.5649,-0.5358
None-gene-16218865,JASKUS010000001.1,4731,54744915,1.0,2407.6597,3946.0102,1.0,0.0,0.3476,nan,90,0.0004,-0.5873,0.4075,0,0,-0.0051,0.9609,-0.0051,0.9609,0.3778,0.595,-0.0689
None-gene-16237492,JASKUS010000001.1,4731,54744915,1.0,2407.6597,3946.0102,1.0,0.0,0.3476,nan,441,0.0068,-0.4984,0.4068,0,0,0.0485,0.4399,0.0485,0.4399,0.415,0.6642,1.0079
None-gene-16237976,JASKUS010000001.1,4731,54744915,1.0,2407.6597,3946.0102,1.0,0.0,0.3476,nan,585,0.0094,-0.4619,0.4068,0,0,0.1148,0.0706,0.1148,0.0706,0.3932,0.6236,0.3766
None-gene-16250820,JASKUS010000001.1,4731,54744915,1.0,2407.6597,3946.0102,1.0,0.0,0.3476,nan,6587,0.1183,1.0591,0.4063,0,0,0.3766,0.0,0.3766,0.0,0.3501,0.5434,-0.8708
None-gene-16263080,JASKUS010000001.1,4731,54744915,1.0,2407.6597,3946.0102,1.0,0.0,0.3476,nan,159,0.0017,-0.5699,0.4059,0,0,0.0821,0.242,0.0821,0.242,0.4151,0.6645,1.0116
None-gene-16269492,JASKUS010000001.1,4731,54744915,1.0,2407.6597,3946.0102,1.0,0.0,0.3476,nan,3923,0.07,0.384,0.4056,0,0,0.1326,0.034,0.1326,0.034,0.3627,0.567,-0.5045
None-gene-16275161,JASKUS010000001.1,4731,54744915,1.0,2407.6597,3946.0102,1.0,0.0,0.3476,nan,132,0.0012,-0.5767,0.4054,0,0,-0.0033,0.9634,-0.0033,0.9634,0.3864,0.611,0.1797
None-gene-16311911,JASKUS010000001.1,4731,54744915,1.0,2407.6597,3946.0102,1.0,0.0,0.3476,nan,6675,0.1199,1.0814,0.4041,0,0,0.2666,0.0,0.2666,0.0,0.3837,0.6059,0.1017
None-gene-16329764,JASKUS010000001.1,4731,54744915,1.0,2407.6597,3946.0102,1.0,0.0,0.3476,nan,120,0.001,-0.5797,0.4034,0,0,-0.0887,0.214,-0.0887,0.214,0.475,0.7761,2.7462
None-gene-16332260,JASKUS010000001.1,4731,54744915,1.0,2407.6597,3946.0102,1.0,0.0,0.3476,nan,1169,0.02,-0.3139,0.4033,0,0,-0.0079,0.8994,-0.0079,0.8994,0.4388,0.7087,1.6991
None-gene-16334611,JASKUS010000001.1,4731,54744915,1.0,2407.6597,3946.0102,1.0,0.0,0.3476,nan,7149,0.1285,1.2016,0.4032,0,0,0.4447,0.0,0.4447,0.0,0.357,0.5562,-0.6713
None-gene-16341603,JASKUS010000001.1,4731,54744915,1.0,2407.6597,3946.0102,1.0,0.0,0.3476,nan,8294,0.1493,1.4917,0.403,0,0,0.4057,0.0,0.4057,0.0,0.3714,0.583,-0.2549
None-gene-16374488,JASKUS010000001.1,4731,54744915,1.0,2407.6597,3946.0102,1.0,0.0,0.3476,nan,9980,0.1799,1.919,0.4018,0,0,0.5523,0.0,0.5523,0.0,0.3685,0.5778,-0.3365
None-gene-16383125,JASKUS010000001.1,4731,54744915,1.0,2407.6597,3946.0102,1.0,0.0,0.3476,nan,343,0.005,-0.5232,0.4015,0,0,-0.0649,0.308,-0.0649,0.308,0.4227,0.6787,1.233
None-gene-16398622,JASKUS010000001.1,4731,54744915,1.0,2407.6597,3946.0102,1.0,0.0,0.3476,nan,2405,0.0424,-0.0007,0.4009,0,0,0.2057,0.0009,0.2057,0.0009,0.3738,0.5876,-0.184
None-gene-16406715,JASKUS010000001.1,4731,54744915,1.0,2407.6597,3946.0102,1.0,0.0,0.3476,nan,8172,0.1471,1.4608,0.4006,0,0,0.3649,0.0,0.3649,0.0,0.3856,0.6095,0.1572
None-gene-16420137,JASKUS010000001.1,4731,54744915,1.0,2407.6597,3946.0102,1.0,0.0,0.3476,nan,1651,0.0288,-0.1918,0.4001,0,0,0.2036,0.0011,0.2036,0.0011,0.4385,0.7081,1.69
None-gene-16420893,JASKUS010000001.1,4731,54744915,1.0,2407.6597,3946.0102,1.0,0.0,0.3476,nan,354,0.0052,-0.5204,0.4001,0,0,0.0696,0.2748,0.0696,0.2748,0.4802,0.7858,2.8976
None-gene-16437411,JASKUS010000001.1,4731,54744915,1.0,2407.6597,3946.0102,1.0,0.0,0.3476,nan,528,0.0084,-0.4763,0.3995,0,0,0.1268,0.0456,0.1268,0.0456,0.4621,0.7521,2.3733
None-gene-16437479,JASKUS010000001.1,4731,54744915,1.0,2407.6597,3946.0102,1.0,0.0,0.3476,nan,261,0.0035,-0.544,0.3995,0,0,-0.0519,0.4494,-0.0519,0.4494,0.4444,0.7191,1.8615
None-gene-16439269,JASKUS010000001.1,4731,54744915,1.0,2407.6597,3946.0102,1.0,0.0,0.3476,nan,252,0.0034,-0.5463,0.3994,0,0,0.1407,0.0314,0.1407,0.0314,0.4127,0.66,0.9422
None-gene-16449042,JASKUS010000001.1,4731,54744915,1.0,2407.6597,3946.0102,1.0,0.0,0.3476,nan,6583,0.1183,1.0581,0.3991,0,0,0.3706,0.0,0.3706,0.0,0.3969,0.6306,0.4857
None-gene-16456351,JASKUS010000001.1,4731,54744915,1.0,2407.6597,3946.0102,1.0,0.0,0.3476,nan,1197,0.0205,-0.3068,0.3988,0,0,-0.0159,0.8006,-0.0159,0.8006,0.4119,0.6585,0.9181
None-gene-16459336,JASKUS010000001.1,4731,54744915,1.0,2407.6597,3946.0102,1.0,0.0,0.3476,nan,1155,0.0198,-0.3174,0.3987,0,0,0.2123,0.0006,0.2123,0.0006,0.3887,0.6154,0.2486
None-gene-16462776,JASKUS010000001.1,4731,54744915,1.0,2407.6597,3946.0102,1.0,0.0,0.3476,nan,1551,0.0269,-0.2171,0.3986,0,0,0.1555,0.0128,0.1555,0.0128,0.4081,0.6515,0.8098
None-gene-16467905,JASKUS010000001.1,4731,54744915,1.0,2407.6597,3946.0102,1.0,0.0,0.3476,nan,1542,0.0268,-0.2194,0.3984,0,0,0.1503,0.0161,0.1503,0.0161,0.4027,0.6414,0.6534
None-gene-16470540,JASKUS010000001.1,4731,54744915,1.0,2407.6597,3946.0102,1.0,0.0,0.3476,nan,1690,0.0295,-0.1819,0.3983,0,0,0.184,0.0031,0.184,0.0031,0.4408,0.7124,1.7568
None-gene-16473835,JASKUS010000001.1,4731,54744915,1.0,2407.6597,3946.0102,1.0,0.0,0.3476,nan,1393,0.0241,-0.2571,0.3982,0,0,0.0382,0.543,0.0382,0.543,0.4279,0.6882,1.3811
None-gene-16482003,JASKUS010000001.1,4731,54744915,1.0,2407.6597,3946.0102,1.0,0.0,0.3476,nan,18006,0.3256,3.9529,0.3979,0,0,0.4578,0.0,0.4578,0.0,0.3697,0.5799,-0.3026
None-gene-16488743,JASKUS010000001.1,4731,54744915,1.0,2407.6597,3946.0102,1.0,0.0,0.3476,nan,559,0.0089,-0.4685,0.3976,0,0,0.1635,0.0088,0.1635,0.0088,0.3864,0.611,0.1809
None-gene-16510158,JASKUS010000001.1,4731,54744915,1.0,2407.6597,3946.0102,1.0,0.0,0.3476,nan,12446,0.2247,2.5439,0.3968,0,0,0.2103,0.0007,0.2103,0.0007,0.3518,0.5467,-0.82
None-gene-16548707,JASKUS010000001.1,4731,54744915,1.0,2407.6597,3946.0102,1.0,0.0,0.3476,nan,225,0.0029,-0.5531,0.3954,0,0,-0.2176,0.0012,-0.2176,0.0012,0.3822,0.6033,0.0598
None-gene-16551934,JASKUS010000001.1,4731,54744915,1.0,2407.6597,3946.0102,1.0,0.0,0.3476,nan,1464,0.0254,-0.2391,0.3953,0,0,0.036,0.5666,0.036,0.5666,0.4221,0.6776,1.2154
None-gene-16577467,JASKUS010000001.1,4731,54744915,1.0,2407.6597,3946.0102,1.0,0.0,0.3476,nan,623,0.0101,-0.4523,0.3944,0,0,-0.0022,0.9723,-0.0022,0.9723,0.427,0.6866,1.3554
None-gene-16578596,JASKUS010000001.1,4731,54744915,1.0,2407.6597,3946.0102,1.0,0.0,0.3476,nan,1368,0.0236,-0.2635,0.3943,0,0,0.1598,0.0105,0.1598,0.0105,0.3808,0.6007,0.02
None-gene-16584582,JASKUS010000001.1,4731,54744915,1.0,2407.6597,3946.0102,1.0,0.0,0.3476,nan,1143,0.0195,-0.3205,0.3941,0,0,0.24,0.0001,0.24,0.0001,0.3771,0.5937,-0.0892
None-gene-16619871,JASKUS010000001.1,4731,54744915,1.0,2407.6597,3946.0102,1.0,0.0,0.3476,nan,231,0.003,-0.5516,0.3928,0,0,0.0105,0.8718,0.0105,0.8718,0.5108,0.8428,3.7835
None-gene-16629413,JASKUS010000001.1,4731,54744915,1.0,2407.6597,3946.0102,1.0,0.0,0.3476,nan,2629,0.0465,0.0561,0.3925,0,0,0.2338,0.0002,0.2338,0.0002,0.391,0.6196,0.3146
None-gene-16644277,JASKUS010000001.1,4731,54744915,1.0,2407.6597,3946.0102,1.0,0.0,0.3476,nan,1041,0.0177,-0.3463,0.3919,0,0,0.0521,0.4062,0.0521,0.4062,0.3698,0.5802,-0.2988
None-gene-16662351,JASKUS010000001.1,4731,54744915,1.0,2407.6597,3946.0102,1.0,0.0,0.3476,nan,8944,0.1611,1.6564,0.3913,0,0,0.3629,0.0,0.3629,0.0,0.3468,0.5373,-0.9652
None-gene-16688649,JASKUS010000001.1,4731,54744915,1.0,2407.6597,3946.0102,1.0,0.0,0.3476,nan,11427,0.2062,2.2857,0.3903,0,0,0.257,0.0,0.257,0.0,0.3512,0.5454,-0.8389
None-gene-16708746,JASKUS010000001.1,4731,54744915,1.0,2407.6597,3946.0102,1.0,0.0,0.3476,nan,234,0.003,-0.5508,0.3896,0,0,0.0085,0.8974,0.0085,0.8974,0.3889,0.6157,0.2528
None-gene-16730071,JASKUS010000001.1,4731,54744915,1.0,2407.6597,3946.0102,1.0,0.0,0.3476,nan,279,0.0039,-0.5394,0.3888,0,0,-0.024,0.7203,-0.024,0.7203,0.3763,0.5923,-0.1104
None-gene-16762924,JASKUS010000001.1,4731,54744915,1.0,2407.6597,3946.0102,1.0,0.0,0.3476,nan,1996,0.035,-0.1043,0.3876,0,0,0.1144,0.0677,0.1144,0.0677,0.3722,0.5847,-0.2291
None-gene-16766574,JASKUS010000001.1,4731,54744915,1.0,2407.6597,3946.0102,1.0,0.0,0.3476,nan,684,0.0112,-0.4368,0.3875,0,0,-0.0063,0.9207,-0.0063,0.9207,0.4035,0.6429,0.6762
None-gene-16784663,JASKUS010000001.1,4731,54744915,1.0,2407.6597,3946.0102,1.0,0.0,0.3476,nan,393,0.0059,-0.5106,0.3868,0,0,-0.0986,0.1207,-0.0986,0.1207,0.4071,0.6496,0.7809
None-gene-16791746,JASKUS010000001.1,4731,54744915,1.0,2407.6597,3946.0102,1.0,0.0,0.3476,nan,470,0.0073,-0.491,0.3865,0,0,0.059,0.347,0.059,0.347,0.4213,0.676,1.1906
None-gene-16803206,JASKUS010000001.1,4731,54744915,1.0,2407.6597,3946.0102,1.0,0.0,0.3476,nan,747,0.0124,-0.4208,0.3861,0,0,0.076,0.2254,0.076,0.2254,0.3601,0.5621,-0.5806
None-gene-16818635,JASKUS010000001.1,4731,54744915,1.0,2407.6597,3946.0102,1.0,0.0,0.3476,nan,5851,0.105,0.8726,0.3856,0,0,0.3046,0.0,0.3046,0.0,0.374,0.5879,-0.1796
None-gene-16823370,JASKUS010000001.1,4731,54744915,1.0,2407.6597,3946.0102,1.0,0.0,0.3476,nan,718,0.0118,-0.4282,0.3854,0,0,0.1492,0.0169,0.1492,0.0169,0.4304,0.6929,1.4537
None-gene-16839625,JASKUS010000001.1,4731,54744915,1.0,2407.6597,3946.0102,1.0,0.0,0.3476,nan,687,0.0113,-0.4361,0.3848,0,0,0.0263,0.6753,0.0263,0.6753,0.4338,0.6993,1.5524
None-gene-16862239,JASKUS010000001.1,4731,54744915,1.0,2407.6597,3946.0102,1.0,0.0,0.3476,nan,804,0.0134,-0.4064,0.384,0,0,0.0656,0.3037,0.0656,0.3037,0.5075,0.8365,3.6862
None-gene-16862371,JASKUS010000001.1,4731,54744915,1.0,2407.6597,3946.0102,1.0,0.0,0.3476,nan,405,0.0062,-0.5075,0.384,0,0,0.0912,0.1808,0.0912,0.1808,0.5037,0.8295,3.5774
None-gene-16990196,JASKUS010000001.1,4731,54744915,1.0,2407.6597,3946.0102,1.0,0.0,0.3476,nan,4494,0.0804,0.5287,0.3793,0,0,0.2294,0.0002,0.2294,0.0002,0.3578,0.5578,-0.6471
None-gene-17027029,JASKUS010000001.1,4731,54744915,1.0,2407.6597,3946.0102,1.0,0.0,0.3476,nan,219,0.0028,-0.5547,0.378,0,0,0.0874,0.2353,0.0874,0.2353,0.4384,0.7078,1.6852
None-gene-17029304,JASKUS010000001.1,4731,54744915,1.0,2407.6597,3946.0102,1.0,0.0,0.3476,nan,333,0.0048,-0.5258,0.3779,0,0,0.1174,0.0688,0.1174,0.0688,0.4264,0.6856,1.3398
None-gene-17033808,JASKUS010000001.1,4731,54744915,1.0,2407.6597,3946.0102,1.0,0.0,0.3476,nan,2172,0.0382,-0.0597,0.3777,0,0,0.1495,0.0167,0.1495,0.0167,0.3656,0.5722,-0.4226
None-gene-17038011,JASKUS010000001.1,4731,54744915,1.0,2407.6597,3946.0102,1.0,0.0,0.3476,nan,3645,0.065,0.3136,0.3775,0,0,0.1804,0.0038,0.1804,0.0038,0.3583,0.5587,-0.6329
None-gene-17047435,JASKUS010000001.1,4731,54744915,1.0,2407.6597,3946.0102,1.0,0.0,0.3476,nan,231,0.003,-0.5516,0.3772,0,0,-0.087,0.2081,-0.087,0.2081,0.4069,0.6493,0.7751
None-gene-17080502,JASKUS010000001.1,4731,54744915,1.0,2407.6597,3946.0102,1.0,0.0,0.3476,nan,668,0.0109,-0.4409,0.376,0,0,-0.049,0.4354,-0.049,0.4354,0.4596,0.7473,2.2998
None-gene-17151410,JASKUS010000001.1,4731,54744915,1.0,2407.6597,3946.0102,1.0,0.0,0.3476,nan,372,0.0056,-0.5159,0.3734,0,0,0.134,0.0321,0.134,0.0321,0.4489,0.7275,1.9912
None-gene-17159807,JASKUS010000001.1,4731,54744915,1.0,2407.6597,3946.0102,1.0,0.0,0.3476,nan,4473,0.08,0.5234,0.3731,0,0,0.2771,0.0,0.2771,0.0,0.3331,0.5118,-1.3623
None-gene-17184067,JASKUS010000001.1,4731,54744915,1.0,2407.6597,3946.0102,1.0,0.0,0.3476,nan,225,0.0029,-0.5531,0.3722,0,0,0.1252,0.0564,0.1252,0.0564,0.4356,0.7026,1.6041
None-gene-17190444,JASKUS010000001.1,4731,54744915,1.0,2407.6597,3946.0102,1.0,0.0,0.3476,nan,1548,0.0269,-0.2179,0.372,0,0,0.2595,0.0,0.2595,0.0,0.3753,0.5904,-0.14
None-gene-17193316,JASKUS010000001.1,4731,54744915,1.0,2407.6597,3946.0102,1.0,0.0,0.3476,nan,1526,0.0265,-0.2234,0.3719,0,0,0.3165,0.0,0.3165,0.0,0.4063,0.6481,0.7567
None-gene-17193338,JASKUS010000001.1,4731,54744915,1.0,2407.6597,3946.0102,1.0,0.0,0.3476,nan,372,0.0056,-0.5159,0.3719,0,0,0.1173,0.069,0.1173,0.069,0.4624,0.7525,2.3804
None-gene-17196440,JASKUS010000001.1,4731,54744915,1.0,2407.6597,3946.0102,1.0,0.0,0.3476,nan,444,0.0069,-0.4976,0.3718,0,0,0.2718,0.0,0.2718,0.0,0.4212,0.6758,1.1876
None-gene-17198735,JASKUS010000001.1,4731,54744915,1.0,2407.6597,3946.0102,1.0,0.0,0.3476,nan,1128,0.0193,-0.3243,0.3717,0,0,0.1257,0.0446,0.1257,0.0446,0.4486,0.7268,1.9813
None-gene-17202319,JASKUS010000001.1,4731,54744915,1.0,2407.6597,3946.0102,1.0,0.0,0.3476,nan,513,0.0081,-0.4801,0.3715,0,0,-0.0149,0.8145,-0.0149,0.8145,0.4133,0.6611,0.9584
None-gene-17202566,JASKUS010000001.1,4731,54744915,1.0,2407.6597,3946.0102,1.0,0.0,0.3476,nan,242,0.0032,-0.5488,0.3715,0,0,-0.0064,0.9237,-0.0064,0.9237,0.4545,0.738,2.154
None-gene-17204889,JASKUS010000001.1,4731,54744915,1.0,2407.6597,3946.0102,1.0,0.0,0.3476,nan,1371,0.0237,-0.2627,0.3715,0,0,0.246,0.0001,0.246,0.0001,0.4158,0.6657,1.0308
None-gene-17209151,JASKUS010000001.1,4731,54744915,1.0,2407.6597,3946.0102,1.0,0.0,0.3476,nan,4464,0.0798,0.5211,0.3713,0,0,0.2874,0.0,0.2874,0.0,0.3654,0.5719,-0.4283
None-gene-17216369,JASKUS010000001.1,4731,54744915,1.0,2407.6597,3946.0102,1.0,0.0,0.3476,nan,345,0.0051,-0.5227,0.371,0,0,0.056,0.3718,0.056,0.3718,0.3971,0.631,0.4906
None-gene-17243744,JASKUS010000001.1,4731,54744915,1.0,2407.6597,3946.0102,1.0,0.0,0.3476,nan,4039,0.0721,0.4134,0.37,0,0,0.1338,0.0323,0.1338,0.0323,0.4103,0.6555,0.8714
None-gene-17249305,JASKUS010000001.1,4731,54744915,1.0,2407.6597,3946.0102,1.0,0.0,0.3476,nan,6354,0.1141,1.0001,0.3698,0,0,0.2663,0.0,0.2663,0.0,0.3887,0.6154,0.2483
None-gene-17257149,JASKUS010000001.1,4731,54744915,1.0,2407.6597,3946.0102,1.0,0.0,0.3476,nan,1504,0.0261,-0.229,0.3695,0,0,0.0813,0.1948,0.0813,0.1948,0.4435,0.7174,1.8337
None-gene-17262695,JASKUS010000001.1,4731,54744915,1.0,2407.6597,3946.0102,1.0,0.0,0.3476,nan,3727,0.0664,0.3343,0.3693,0,0,0.3601,0.0,0.3601,0.0,0.4062,0.648,0.7548
None-gene-17267982,JASKUS010000001.1,4731,54744915,1.0,2407.6597,3946.0102,1.0,0.0,0.3476,nan,1506,0.0261,-0.2285,0.3691,0,0,0.0004,0.9945,0.0004,0.9945,0.3805,0.6,0.0093
None-gene-17270038,JASKUS010000001.1,4731,54744915,1.0,2407.6597,3946.0102,1.0,0.0,0.3476,nan,998,0.0169,-0.3572,0.3691,0,0,-0.0991,0.1136,-0.0991,0.1136,0.4539,0.7368,2.1355
None-gene-17270323,JASKUS010000001.1,4731,54744915,1.0,2407.6597,3946.0102,1.0,0.0,0.3476,nan,454,0.007,-0.4951,0.3691,0,0,-0.0728,0.2459,-0.0728,0.2459,0.4714,0.7693,2.641
None-gene-17273012,JASKUS010000001.1,4731,54744915,1.0,2407.6597,3946.0102,1.0,0.0,0.3476,nan,771,0.0128,-0.4148,0.369,0,0,0.1083,0.0837,0.1083,0.0837,0.4241,0.6813,1.2731
None-gene-17274068,JASKUS010000001.1,4731,54744915,1.0,2407.6597,3946.0102,1.0,0.0,0.3476,nan,3566,0.0635,0.2935,0.3689,0,0,0.2893,0.0,0.2893,0.0,0.3971,0.6309,0.4901
None-gene-17288564,JASKUS010000001.1,4731,54744915,1.0,2407.6597,3946.0102,1.0,0.0,0.3476,nan,6318,0.1135,0.991,0.3684,0,0,0.3359,0.0,0.3359,0.0,0.3541,0.5508,-0.7554
None-gene-17301275,JASKUS010000001.1,4731,54744915,1.0,2407.6597,3946.0102,1.0,0.0,0.3476,nan,6607,0.1187,1.0642,0.3679,0,0,0.3239,0.0,0.3239,0.0,0.3387,0.5222,-1.1995
None-gene-17303802,JASKUS010000001.1,4731,54744915,1.0,2407.6597,3946.0102,1.0,0.0,0.3476,nan,1192,0.0204,-0.3081,0.3678,0,0,0.1587,0.011,0.1587,0.011,0.3909,0.6195,0.3122
None-gene-17317205,JASKUS010000001.1,4731,54744915,1.0,2407.6597,3946.0102,1.0,0.0,0.3476,nan,2438,0.043,0.0077,0.3673,0,0,0.1879,0.0025,0.1879,0.0025,0.3618,0.5652,-0.5324
None-gene-17319994,JASKUS010000001.1,4731,54744915,1.0,2407.6597,3946.0102,1.0,0.0,0.3476,nan,4216,0.0753,0.4583,0.3672,0,0,0.1931,0.0019,0.1931,0.0019,0.3043,0.4582,-2.196
None-gene-17326668,JASKUS010000001.1,4731,54744915,1.0,2407.6597,3946.0102,1.0,0.0,0.3476,nan,489,0.0077,-0.4862,0.367,0,0,0.1932,0.0019,0.1932,0.0019,0.4131,0.6607,0.9535
None-gene-17327156,JASKUS010000001.1,4731,54744915,1.0,2407.6597,3946.0102,1.0,0.0,0.3476,nan,757,0.0125,-0.4183,0.367,0,0,0.1922,0.002,0.1922,0.002,0.4135,0.6615,0.9647
None-gene-17330263,JASKUS010000001.1,4731,54744915,1.0,2407.6597,3946.0102,1.0,0.0,0.3476,nan,893,0.015,-0.3838,0.3669,0,0,0.0837,0.1819,0.0837,0.1819,0.4334,0.6985,1.5408
None-gene-17336343,JASKUS010000001.1,4731,54744915,1.0,2407.6597,3946.0102,1.0,0.0,0.3476,nan,459,0.0071,-0.4938,0.3667,0,0,-0.0435,0.4956,-0.0435,0.4956,0.4074,0.6502,0.789
None-gene-17337372,JASKUS010000001.1,4731,54744915,1.0,2407.6597,3946.0102,1.0,0.0,0.3476,nan,2717,0.0481,0.0784,0.3666,0,0,0.1285,0.0399,0.1285,0.0399,0.3883,0.6146,0.2357
None-gene-17342306,JASKUS010000001.1,4731,54744915,1.0,2407.6597,3946.0102,1.0,0.0,0.3476,nan,769,0.0128,-0.4153,0.3664,0,0,0.1459,0.0235,0.1459,0.0235,0.3966,0.6301,0.4767
None-gene-17348982,JASKUS010000001.1,4731,54744915,1.0,2407.6597,3946.0102,1.0,0.0,0.3476,nan,3374,0.06,0.2449,0.3662,0,0,0.2248,0.0003,0.2248,0.0003,0.4016,0.6393,0.6209
None-gene-17350443,JASKUS010000001.1,4731,54744915,1.0,2407.6597,3946.0102,1.0,0.0,0.3476,nan,568,0.0091,-0.4662,0.3661,0,0,0.1287,0.0425,0.1287,0.0425,0.4261,0.6849,1.329
None-gene-17351595,JASKUS010000001.1,4731,54744915,1.0,2407.6597,3946.0102,1.0,0.0,0.3476,nan,435,0.0067,-0.4999,0.3661,0,0,0.0342,0.5918,0.0342,0.5918,0.4575,0.7434,2.2387
None-gene-17356053,JASKUS010000001.1,4731,54744915,1.0,2407.6597,3946.0102,1.0,0.0,0.3476,nan,10479,0.189,2.0454,0.3659,0,0,0.3784,0.0,0.3784,0.0,0.3757,0.5911,-0.129
None-gene-17368634,JASKUS010000001.1,4731,54744915,1.0,2407.6597,3946.0102,1.0,0.0,0.3476,nan,5053,0.0905,0.6704,0.3655,0,0,0.1997,0.0013,0.1997,0.0013,0.4174,0.6687,1.0777
None-gene-17376189,JASKUS010000001.1,4731,54744915,1.0,2407.6597,3946.0102,1.0,0.0,0.3476,nan,7885,0.1419,1.3881,0.3652,0,0,0.3963,0.0,0.3963,0.0,0.4398,0.7105,1.7276
None-gene-17387715,JASKUS010000001.1,4731,54744915,1.0,2407.6597,3946.0102,1.0,0.0,0.3476,nan,3887,0.0693,0.3749,0.3648,0,0,0.3161,0.0,0.3161,0.0,0.4093,0.6537,0.8442
None-gene-17391913,JASKUS010000001.1,4731,54744915,1.0,2407.6597,3946.0102,1.0,0.0,0.3476,nan,1185,0.0203,-0.3098,0.3646,0,0,0.1312,0.0359,0.1312,0.0359,0.4287,0.6898,1.4054
None-gene-17393887,JASKUS010000001.1,4731,54744915,1.0,2407.6597,3946.0102,1.0,0.0,0.3476,nan,333,0.0048,-0.5258,0.3645,0,0,-0.1117,0.0918,-0.1117,0.0918,0.3604,0.5625,-0.5732
None-gene-17396455,JASKUS010000001.1,4731,54744915,1.0,2407.6597,3946.0102,1.0,0.0,0.3476,nan,6637,0.1192,1.0718,0.3645,0,0,0.2666,0.0,0.2666,0.0,0.3497,0.5427,-0.8817
None-gene-17408188,JASKUS010000001.1,4731,54744915,1.0,2407.6597,3946.0102,1.0,0.0,0.3476,nan,1669,0.0291,-0.1872,0.364,0,0,0.2906,0.0,0.2906,0.0,0.4278,0.6881,1.3796
None-gene-17408410,JASKUS010000001.1,4731,54744915,1.0,2407.6597,3946.0102,1.0,0.0,0.3476,nan,174,0.002,-0.5661,0.364,0,0,0.1514,0.0408,0.1514,0.0408,0.4598,0.7477,2.3052
None-gene-17410144,JASKUS010000001.1,4731,54744915,1.0,2407.6597,3946.0102,1.0,0.0,0.3476,nan,3767,0.0672,0.3445,0.364,0,0,0.0925,0.14,0.0925,0.14,0.4016,0.6394,0.6222
None-gene-17410244,JASKUS010000001.1,4731,54744915,1.0,2407.6597,3946.0102,1.0,0.0,0.3476,nan,132,0.0012,-0.5767,0.364,0,0,-0.1659,0.0391,-0.1659,0.0391,0.4924,0.8085,3.2508
None-gene-17423948,JASKUS010000001.1,4731,54744915,1.0,2407.6597,3946.0102,1.0,0.0,0.3476,nan,2004,0.0352,-0.1023,0.3634,0,0,0.0225,0.7197,0.0225,0.7197,0.4281,0.6888,1.3895
None-gene-17431758,JASKUS010000001.1,4731,54744915,1.0,2407.6597,3946.0102,1.0,0.0,0.3476,nan,900,0.0151,-0.3821,0.3632,0,0,-0.0235,0.7084,-0.0235,0.7084,0.3989,0.6343,0.5424
None-gene-17432871,JASKUS010000001.1,4731,54744915,1.0,2407.6597,3946.0102,1.0,0.0,0.3476,nan,669,0.0109,-0.4406,0.3631,0,0,0.1088,0.0823,0.1088,0.0823,0.4649,0.7572,2.453
None-gene-17434649,JASKUS010000001.1,4731,54744915,1.0,2407.6597,3946.0102,1.0,0.0,0.3476,nan,3198,0.0568,0.2003,0.3631,0,0,0.243,0.0001,0.243,0.0001,0.3868,0.6118,0.1925
None-gene-17440097,JASKUS010000001.1,4731,54744915,1.0,2407.6597,3946.0102,1.0,0.0,0.3476,nan,5932,0.1065,0.8931,0.3629,0,0,0.1661,0.0077,0.1661,0.0077,0.3641,0.5695,-0.4642
None-gene-17470816,JASKUS010000001.1,4731,54744915,1.0,2407.6597,3946.0102,1.0,0.0,0.3476,nan,444,0.0069,-0.4976,0.3617,0,0,-0.0183,0.7739,-0.0183,0.7739,0.4392,0.7094,1.7093
None-gene-17530222,JASKUS010000001.1,4731,54744915,1.0,2407.6597,3946.0102,1.0,0.0,0.3476,nan,6900,0.124,1.1385,0.3596,0,0,0.3718,0.0,0.3718,0.0,0.3442,0.5324,-1.0411
None-gene-17536760,JASKUS010000001.1,4731,54744915,1.0,2407.6597,3946.0102,1.0,0.0,0.3476,nan,270,0.0037,-0.5417,0.3593,0,0,0.1154,0.0697,0.1154,0.0697,0.4593,0.7467,2.2905
None-gene-17563885,JASKUS010000001.1,4731,54744915,1.0,2407.6597,3946.0102,1.0,0.0,0.3476,nan,927,0.0156,-0.3752,0.3583,0,0,0.0843,0.1789,0.0843,0.1789,0.4229,0.679,1.2368
None-gene-17567877,JASKUS010000001.1,4731,54744915,1.0,2407.6597,3946.0102,1.0,0.0,0.3476,nan,249,0.0033,-0.547,0.3582,0,0,-0.0573,0.3837,-0.0573,0.3837,0.4859,0.7964,3.0631
None-gene-17585648,JASKUS010000001.1,4731,54744915,1.0,2407.6597,3946.0102,1.0,0.0,0.3476,nan,360,0.0053,-0.5189,0.3575,0,0,-0.0431,0.5058,-0.0431,0.5058,0.4833,0.7916,2.9875
None-gene-17586184,JASKUS010000001.1,4731,54744915,1.0,2407.6597,3946.0102,1.0,0.0,0.3476,nan,201,0.0024,-0.5592,0.3575,0,0,0.1369,0.046,0.1369,0.046,0.3781,0.5956,-0.0593
None-gene-17604019,JASKUS010000001.1,4731,54744915,1.0,2407.6597,3946.0102,1.0,0.0,0.3476,nan,315,0.0045,-0.5303,0.3569,0,0,0.2161,0.0005,0.2161,0.0005,0.4825,0.7901,2.9646
None-gene-17653239,JASKUS010000001.1,4731,54744915,1.0,2407.6597,3946.0102,1.0,0.0,0.3476,nan,513,0.0081,-0.4801,0.3551,0,0,0.1381,0.0271,0.1381,0.0271,0.3918,0.6211,0.3375
None-gene-17680974,JASKUS010000001.1,4731,54744915,1.0,2407.6597,3946.0102,1.0,0.0,0.3476,nan,988,0.0167,-0.3598,0.3541,0,0,0.4202,0.0,0.4202,0.0,0.3988,0.6341,0.5394
None-gene-17699089,JASKUS010000001.1,4731,54744915,1.0,2407.6597,3946.0102,1.0,0.0,0.3476,nan,567,0.0091,-0.4665,0.3534,0,0,-0.0385,0.5397,-0.0385,0.5397,0.418,0.6699,1.0955
None-gene-17699169,JASKUS010000001.1,4731,54744915,1.0,2407.6597,3946.0102,1.0,0.0,0.3476,nan,252,0.0034,-0.5463,0.3534,0,0,-0.1079,0.0894,-0.1079,0.0894,0.4206,0.6748,1.1721
None-gene-17700304,JASKUS010000001.1,4731,54744915,1.0,2407.6597,3946.0102,1.0,0.0,0.3476,nan,324,0.0047,-0.528,0.3534,0,0,-0.0049,0.9385,-0.0049,0.9385,0.3889,0.6157,0.2528
None-gene-17705583,JASKUS010000001.1,4731,54744915,1.0,2407.6597,3946.0102,1.0,0.0,0.3476,nan,207,0.0026,-0.5577,0.3532,0,0,0.0004,0.9957,0.0004,0.9957,0.4686,0.7641,2.5609
None-gene-17707945,JASKUS010000001.1,4731,54744915,1.0,2407.6597,3946.0102,1.0,0.0,0.3476,nan,501,0.0079,-0.4832,0.3531,0,0,0.1257,0.0446,0.1257,0.0446,0.4072,0.6497,0.7826
None-gene-17719293,JASKUS010000001.1,4731,54744915,1.0,2407.6597,3946.0102,1.0,0.0,0.3476,nan,403,0.0061,-0.508,0.3527,0,0,0.0817,0.2065,0.0817,0.2065,0.402,0.6401,0.632
None-gene-17719408,JASKUS010000001.1,4731,54744915,1.0,2407.6597,3946.0102,1.0,0.0,0.3476,nan,274,0.0038,-0.5407,0.3527,0,0,0.0822,0.2175,0.0822,0.2175,0.3796,0.5983,-0.0172
None-gene-17745704,JASKUS010000001.1,4731,54744915,1.0,2407.6597,3946.0102,1.0,0.0,0.3476,nan,192,0.0023,-0.5615,0.3517,0,0,0.0511,0.4374,0.0511,0.4374,0.401,0.6383,0.6047
None-gene-17746973,JASKUS010000001.1,4731,54744915,1.0,2407.6597,3946.0102,1.0,0.0,0.3476,nan,230,0.003,-0.5519,0.3516,0,0,0.0773,0.2175,0.0773,0.2175,0.4391,0.7092,1.7076
None-gene-17747287,JASKUS010000001.1,4731,54744915,1.0,2407.6597,3946.0102,1.0,0.0,0.3476,nan,189,0.0022,-0.5623,0.3516,0,0,-0.0562,0.425,-0.0562,0.425,0.4286,0.6896,1.4019
None-gene-17753761,JASKUS010000001.1,4731,54744915,1.0,2407.6597,3946.0102,1.0,0.0,0.3476,nan,11667,0.2105,2.3465,0.3514,0,0,0.3863,0.0,0.3863,0.0,0.3594,0.5607,-0.6013
None-gene-17777992,JASKUS010000001.1,4731,54744915,1.0,2407.6597,3946.0102,1.0,0.0,0.3476,nan,22762,0.4119,5.1582,0.3505,0,0,0.4668,0.0,0.4668,0.0,0.3447,0.5333,-1.028
None-gene-17812557,JASKUS010000001.1,4731,54744915,1.0,2407.6597,3946.0102,1.0,0.0,0.3476,nan,913,0.0154,-0.3788,0.3493,0,0,0.272,0.0,0.272,0.0,0.3998,0.636,0.5682
None-gene-17820614,JASKUS010000001.1,4731,54744915,1.0,2407.6597,3946.0102,1.0,0.0,0.3476,nan,450,0.007,-0.4961,0.349,0,0,0.166,0.0078,0.166,0.0078,0.4333,0.6984,1.5397
None-gene-17823482,JASKUS010000001.1,4731,54744915,1.0,2407.6597,3946.0102,1.0,0.0,0.3476,nan,956,0.0162,-0.3679,0.3489,0,0,0.0752,0.2306,0.0752,0.2306,0.4048,0.6453,0.7139
None-gene-17834903,JASKUS010000001.1,4731,54744915,1.0,2407.6597,3946.0102,1.0,0.0,0.3476,nan,4648,0.0832,0.5677,0.3484,0,0,0.3034,0.0,0.3034,0.0,0.4346,0.7008,1.576
None-gene-17843235,JASKUS010000001.1,4731,54744915,1.0,2407.6597,3946.0102,1.0,0.0,0.3476,nan,6831,0.1228,1.121,0.3481,0,0,0.2394,0.0001,0.2394,0.0001,0.3677,0.5763,-0.3597
None-gene-17853567,JASKUS010000001.1,4731,54744915,1.0,2407.6597,3946.0102,1.0,0.0,0.3476,nan,6056,0.1087,0.9246,0.3478,0,0,0.2979,0.0,0.2979,0.0,0.3595,0.5609,-0.5988
None-gene-17855201,JASKUS010000001.1,4731,54744915,1.0,2407.6597,3946.0102,1.0,0.0,0.3476,nan,198,0.0024,-0.56,0.3477,0,0,-0.0504,0.4513,-0.0504,0.4513,0.4848,0.7944,3.0314
None-gene-17863477,JASKUS010000001.1,4731,54744915,1.0,2407.6597,3946.0102,1.0,0.0,0.3476,nan,281,0.0039,-0.5389,0.3474,0,0,-0.035,0.5885,-0.035,0.5885,0.4342,0.7,1.5638
None-gene-17864310,JASKUS010000001.1,4731,54744915,1.0,2407.6597,3946.0102,1.0,0.0,0.3476,nan,2572,0.0455,0.0416,0.3474,0,0,0.2155,0.0005,0.2155,0.0005,0.4545,0.7379,2.1529
None-gene-17864660,JASKUS010000001.1,4731,54744915,1.0,2407.6597,3946.0102,1.0,0.0,0.3476,nan,712,0.0117,-0.4297,0.3473,0,0,0.0666,0.2886,0.0666,0.2886,0.4761,0.7781,2.7788
None-gene-17867991,JASKUS010000001.1,4731,54744915,1.0,2407.6597,3946.0102,1.0,0.0,0.3476,nan,717,0.0118,-0.4284,0.3472,0,0,0.0109,0.862,0.0109,0.862,0.4086,0.6525,0.8249
None-gene-17872336,JASKUS010000001.1,4731,54744915,1.0,2407.6597,3946.0102,1.0,0.0,0.3476,nan,3932,0.0702,0.3863,0.3471,0,0,0.1813,0.0036,0.1813,0.0036,0.3726,0.5853,-0.2193
None-gene-17875718,JASKUS010000001.1,4731,54744915,1.0,2407.6597,3946.0102,1.0,0.0,0.3476,nan,345,0.0051,-0.5227,0.3469,0,0,-0.0388,0.5365,-0.0388,0.5365,0.4116,0.658,0.9103
None-gene-17882464,JASKUS010000001.1,4731,54744915,1.0,2407.6597,3946.0102,1.0,0.0,0.3476,nan,13958,0.2521,2.9271,0.3467,0,0,0.4468,0.0,0.4468,0.0,0.3675,0.5758,-0.3677
None-gene-17882975,JASKUS010000001.1,4731,54744915,1.0,2407.6597,3946.0102,1.0,0.0,0.3476,nan,441,0.0068,-0.4984,0.3467,0,0,0.0214,0.7377,0.0214,0.7377,0.4649,0.7572,2.4524
None-gene-17887251,JASKUS010000001.1,4731,54744915,1.0,2407.6597,3946.0102,1.0,0.0,0.3476,nan,270,0.0037,-0.5417,0.3465,0,0,0.079,0.2522,0.079,0.2522,0.4593,0.7467,2.2905
None-gene-17909792,JASKUS010000001.1,4731,54744915,1.0,2407.6597,3946.0102,1.0,0.0,0.3476,nan,2526,0.0446,0.03,0.3457,0,0,0.2681,0.0,0.2681,0.0,0.4089,0.653,0.8336
None-gene-17957543,JASKUS010000001.1,4731,54744915,1.0,2407.6597,3946.0102,1.0,0.0,0.3476,nan,177,0.002,-0.5653,0.344,0,0,-0.1363,0.0537,-0.1363,0.0537,0.4463,0.7227,1.916
None-gene-17980766,JASKUS010000001.1,4731,54744915,1.0,2407.6597,3946.0102,1.0,0.0,0.3476,nan,1993,0.035,-0.1051,0.3431,0,0,0.0429,0.4945,0.0429,0.4945,0.4064,0.6483,0.7605
None-gene-17996688,JASKUS010000001.1,4731,54744915,1.0,2407.6597,3946.0102,1.0,0.0,0.3476,nan,843,0.0141,-0.3965,0.3425,0,0,0.1321,0.0346,0.1321,0.0346,0.4698,0.7663,2.5942
None-gene-18010295,JASKUS010000001.1,4731,54744915,1.0,2407.6597,3946.0102,1.0,0.0,0.3476,nan,168,0.0019,-0.5676,0.342,0,0,0.0159,0.8234,0.0159,0.8234,0.4345,0.7007,1.5742
None-gene-18025593,JASKUS010000001.1,4731,54744915,1.0,2407.6597,3946.0102,1.0,0.0,0.3476,nan,2015,0.0354,-0.0995,0.3415,0,0,0.2801,0.0,0.2801,0.0,0.403,0.6419,0.6608
None-gene-18031333,JASKUS010000001.1,4731,54744915,1.0,2407.6597,3946.0102,1.0,0.0,0.3476,nan,1152,0.0197,-0.3182,0.3413,0,0,0.1485,0.0174,0.1485,0.0174,0.4036,0.6432,0.6801
None-gene-18043792,JASKUS010000001.1,4731,54744915,1.0,2407.6597,3946.0102,1.0,0.0,0.3476,nan,2644,0.0468,0.0599,0.3408,0,0,0.1718,0.0058,0.1718,0.0058,0.4073,0.65,0.787
None-gene-18070567,JASKUS010000001.1,4731,54744915,1.0,2407.6597,3946.0102,1.0,0.0,0.3476,nan,13062,0.2358,2.7,0.3398,0,0,0.4264,0.0,0.4264,0.0,0.349,0.5414,-0.9014
None-gene-18087343,JASKUS010000001.1,4731,54744915,1.0,2407.6597,3946.0102,1.0,0.0,0.3476,nan,1947,0.0341,-0.1167,0.3392,0,0,0.0983,0.1166,0.0983,0.1166,0.4135,0.6614,0.9642
None-gene-18093704,JASKUS010000001.1,4731,54744915,1.0,2407.6597,3946.0102,1.0,0.0,0.3476,nan,10276,0.1853,1.994,0.339,0,0,0.3377,0.0,0.3377,0.0,0.3688,0.5783,-0.3283
None-gene-18108813,JASKUS010000001.1,4731,54744915,1.0,2407.6597,3946.0102,1.0,0.0,0.3476,nan,13782,0.2489,2.8825,0.3384,0,0,0.3221,0.0,0.3221,0.0,0.4057,0.6469,0.7389
None-gene-18126073,JASKUS010000001.1,4731,54744915,1.0,2407.6597,3946.0102,1.0,0.0,0.3476,nan,2455,0.0434,0.012,0.3378,0,0,0.2102,0.0007,0.2102,0.0007,0.4273,0.6872,1.3648
None-gene-18128623,JASKUS010000001.1,4731,54744915,1.0,2407.6597,3946.0102,1.0,0.0,0.3476,nan,715,0.0118,-0.429,0.3377,0,0,-0.0652,0.3053,-0.0652,0.3053,0.4182,0.6702,1.101
None-gene-18146514,JASKUS010000001.1,4731,54744915,1.0,2407.6597,3946.0102,1.0,0.0,0.3476,nan,195,0.0023,-0.5607,0.3371,0,0,-0.0525,0.4468,-0.0525,0.4468,0.4462,0.7223,1.911
None-gene-18161567,JASKUS010000001.1,4731,54744915,1.0,2407.6597,3946.0102,1.0,0.0,0.3476,nan,1648,0.0287,-0.1925,0.3365,0,0,0.1633,0.0089,0.1633,0.0089,0.4035,0.6429,0.6765
None-gene-18161695,JASKUS010000001.1,4731,54744915,1.0,2407.6597,3946.0102,1.0,0.0,0.3476,nan,138,0.0013,-0.5752,0.3365,0,0,-0.0261,0.7258,-0.0261,0.7258,0.3986,0.6337,0.5326
None-gene-18170844,JASKUS010000001.1,4731,54744915,1.0,2407.6597,3946.0102,1.0,0.0,0.3476,nan,282,0.0039,-0.5387,0.3362,0,0,0.0599,0.3557,0.0599,0.3557,0.3794,0.5981,-0.021
None-gene-18173812,JASKUS010000001.1,4731,54744915,1.0,2407.6597,3946.0102,1.0,0.0,0.3476,nan,1054,0.0179,-0.343,0.3361,0,0,-0.0978,0.1185,-0.0978,0.1185,0.4383,0.7078,1.6844
None-gene-18175862,JASKUS010000001.1,4731,54744915,1.0,2407.6597,3946.0102,1.0,0.0,0.3476,nan,747,0.0124,-0.4208,0.336,0,0,0.2389,0.0001,0.2389,0.0001,0.34,0.5247,-1.162
None-gene-18176968,JASKUS010000001.1,4731,54744915,1.0,2407.6597,3946.0102,1.0,0.0,0.3476,nan,582,0.0094,-0.4627,0.3359,0,0,-0.0709,0.2663,-0.0709,0.2663,0.378,0.5954,-0.0623
None-gene-18181204,JASKUS010000001.1,4731,54744915,1.0,2407.6597,3946.0102,1.0,0.0,0.3476,nan,477,0.0075,-0.4893,0.3358,0,0,0.1856,0.0029,0.1856,0.0029,0.4151,0.6645,1.0116
None-gene-18186617,JASKUS010000001.1,4731,54744915,1.0,2407.6597,3946.0102,1.0,0.0,0.3476,nan,476,0.0074,-0.4895,0.3356,0,0,0.1339,0.0347,0.1339,0.0347,0.3992,0.6348,0.5502
None-gene-18189064,JASKUS010000001.1,4731,54744915,1.0,2407.6597,3946.0102,1.0,0.0,0.3476,nan,577,0.0093,-0.4639,0.3355,0,0,0.174,0.0052,0.174,0.0052,0.4073,0.6499,0.7853
None-gene-18190196,JASKUS010000001.1,4731,54744915,1.0,2407.6597,3946.0102,1.0,0.0,0.3476,nan,1485,0.0258,-0.2338,0.3355,0,0,0.1046,0.0948,0.1046,0.0948,0.4128,0.6602,0.945
None-gene-18191932,JASKUS010000001.1,4731,54744915,1.0,2407.6597,3946.0102,1.0,0.0,0.3476,nan,661,0.0108,-0.4426,0.3354,0,0,0.0453,0.4702,0.0453,0.4702,0.4175,0.669,1.0827
None-gene-18192261,JASKUS010000001.1,4731,54744915,1.0,2407.6597,3946.0102,1.0,0.0,0.3476,nan,174,0.002,-0.5661,0.3354,0,0,-0.0622,0.3607,-0.0622,0.3607,0.4368,0.7049,1.6396
None-gene-18194803,JASKUS010000001.1,4731,54744915,1.0,2407.6597,3946.0102,1.0,0.0,0.3476,nan,1661,0.0289,-0.1892,0.3353,0,0,0.2356,0.0001,0.2356,0.0001,0.3937,0.6247,0.3933
None-gene-18196098,JASKUS010000001.1,4731,54744915,1.0,2407.6597,3946.0102,1.0,0.0,0.3476,nan,243,0.0032,-0.5486,0.3352,0,0,0.1552,0.0177,0.1552,0.0177,0.3951,0.6272,0.4316
None-gene-18199211,JASKUS010000001.1,4731,54744915,1.0,2407.6597,3946.0102,1.0,0.0,0.3476,nan,1151,0.0197,-0.3185,0.3351,0,0,0.1853,0.0029,0.1853,0.0029,0.3623,0.5661,-0.5173
None-gene-18204082,JASKUS010000001.1,4731,54744915,1.0,2407.6597,3946.0102,1.0,0.0,0.3476,nan,300,0.0042,-0.5341,0.3349,0,0,0.1963,0.0045,0.1963,0.0045,0.36,0.5619,-0.5837
None-gene-18224330,JASKUS010000001.1,4731,54744915,1.0,2407.6597,3946.0102,1.0,0.0,0.3476,nan,180,0.0021,-0.5645,0.3342,0,0,0.0246,0.7131,0.0246,0.7131,0.4889,0.8019,3.1484
None-gene-18224338,JASKUS010000001.1,4731,54744915,1.0,2407.6597,3946.0102,1.0,0.0,0.3476,nan,177,0.002,-0.5653,0.3342,0,0,0.0244,0.7206,0.0244,0.7206,0.4802,0.7858,2.8976
None-gene-18240430,JASKUS010000001.1,4731,54744915,1.0,2407.6597,3946.0102,1.0,0.0,0.3476,nan,9767,0.1761,1.865,0.3336,0,0,0.3914,0.0,0.3914,0.0,0.3573,0.5569,-0.6611
None-gene-18254712,JASKUS010000001.1,4731,54744915,1.0,2407.6597,3946.0102,1.0,0.0,0.3476,nan,1715,0.0299,-0.1755,0.3331,0,0,0.0931,0.1373,0.0931,0.1373,0.4367,0.7048,1.6382
None-gene-18262866,JASKUS010000001.1,4731,54744915,1.0,2407.6597,3946.0102,1.0,0.0,0.3476,nan,4612,0.0825,0.5586,0.3328,0,0,0.2532,0.0,0.2532,0.0,0.3571,0.5565,-0.6673
None-gene-18276220,JASKUS010000001.1,4731,54744915,1.0,2407.6597,3946.0102,1.0,0.0,0.3476,nan,8616,0.1552,1.5733,0.3323,0,0,0.2776,0.0,0.2776,0.0,0.3618,0.5652,-0.5325
None-gene-18285735,JASKUS010000001.1,4731,54744915,1.0,2407.6597,3946.0102,1.0,0.0,0.3476,nan,2718,0.0481,0.0786,0.332,0,0,0.2263,0.0003,0.2263,0.0003,0.4117,0.6582,0.9133
None-gene-18291512,JASKUS010000001.1,4731,54744915,1.0,2407.6597,3946.0102,1.0,0.0,0.3476,nan,714,0.0118,-0.4292,0.3318,0,0,0.1453,0.02,0.1453,0.02,0.4034,0.6426,0.6719
None-gene-18293248,JASKUS010000001.1,4731,54744915,1.0,2407.6597,3946.0102,1.0,0.0,0.3476,nan,2895,0.0513,0.1235,0.3317,0,0,0.32,0.0,0.32,0.0,0.4128,0.6602,0.9446
None-gene-18302061,JASKUS010000001.1,4731,54744915,1.0,2407.6597,3946.0102,1.0,0.0,0.3476,nan,21253,0.3845,4.7758,0.3314,0,0,0.5327,0.0,0.5327,0.0,0.3734,0.5867,-0.1969
None-gene-18352892,JASKUS010000001.1,4731,54744915,1.0,2407.6597,3946.0102,1.0,0.0,0.3476,nan,1362,0.0235,-0.265,0.3295,0,0,0.1583,0.0112,0.1583,0.0112,0.3913,0.6202,0.3237
None-gene-18353236,JASKUS010000001.1,4731,54744915,1.0,2407.6597,3946.0102,1.0,0.0,0.3476,nan,255,0.0034,-0.5455,0.3295,0,0,-0.0132,0.8339,-0.0132,0.8339,0.4275,0.6875,1.3694
None-gene-18354609,JASKUS010000001.1,4731,54744915,1.0,2407.6597,3946.0102,1.0,0.0,0.3476,nan,529,0.0084,-0.4761,0.3294,0,0,0.1085,0.0832,0.1085,0.0832,0.4234,0.68,1.2533
None-gene-18357660,JASKUS010000001.1,4731,54744915,1.0,2407.6597,3946.0102,1.0,0.0,0.3476,nan,1277,0.022,-0.2865,0.3293,0,0,0.0589,0.3477,0.0589,0.3477,0.4103,0.6556,0.8739
None-gene-18359613,JASKUS010000001.1,4731,54744915,1.0,2407.6597,3946.0102,1.0,0.0,0.3476,nan,171,0.0019,-0.5668,0.3293,0,0,-0.0932,0.2354,-0.0932,0.2354,0.4269,0.6865,1.3535
None-gene-18362701,JASKUS010000001.1,4731,54744915,1.0,2407.6597,3946.0102,1.0,0.0,0.3476,nan,198,0.0024,-0.56,0.3292,0,0,0.0554,0.4316,0.0554,0.4316,0.3939,0.6251,0.3991
None-gene-18364982,JASKUS010000001.1,4731,54744915,1.0,2407.6597,3946.0102,1.0,0.0,0.3476,nan,3837,0.0684,0.3622,0.3291,0,0,0.3111,0.0,0.3111,0.0,0.3693,0.5792,-0.3144
None-gene-18372391,JASKUS010000001.1,4731,54744915,1.0,2407.6597,3946.0102,1.0,0.0,0.3476,nan,8456,0.1523,1.5328,0.3288,0,0,0.231,0.0002,0.231,0.0002,0.3712,0.5828,-0.2589
None-gene-18390277,JASKUS010000001.1,4731,54744915,1.0,2407.6597,3946.0102,1.0,0.0,0.3476,nan,8184,0.1473,1.4638,0.3281,0,0,0.2882,0.0,0.2882,0.0,0.3844,0.6073,0.1231
None-gene-18392101,JASKUS010000001.1,4731,54744915,1.0,2407.6597,3946.0102,1.0,0.0,0.3476,nan,326,0.0047,-0.5275,0.3281,0,0,0.0084,0.8997,0.0084,0.8997,0.3926,0.6227,0.3614
None-gene-18400504,JASKUS010000001.1,4731,54744915,1.0,2407.6597,3946.0102,1.0,0.0,0.3476,nan,748,0.0124,-0.4206,0.3278,0,0,-0.0204,0.7458,-0.0204,0.7458,0.4131,0.6608,0.9539
None-gene-18402208,JASKUS010000001.1,4731,54744915,1.0,2407.6597,3946.0102,1.0,0.0,0.3476,nan,4457,0.0797,0.5193,0.3277,0,0,0.1534,0.014,0.1534,0.014,0.3751,0.5901,-0.1453
None-gene-18409310,JASKUS010000001.1,4731,54744915,1.0,2407.6597,3946.0102,1.0,0.0,0.3476,nan,1641,0.0286,-0.1943,0.3275,0,0,0.1231,0.0491,0.1231,0.0491,0.4583,0.7449,2.2614
None-gene-18409744,JASKUS010000001.1,4731,54744915,1.0,2407.6597,3946.0102,1.0,0.0,0.3476,nan,147,0.0015,-0.5729,0.3274,0,0,0.0551,0.4478,0.0551,0.4478,0.4218,0.6769,1.2049
None-gene-18412800,JASKUS010000001.1,4731,54744915,1.0,2407.6597,3946.0102,1.0,0.0,0.3476,nan,13797,0.2492,2.8863,0.3273,0,0,0.4502,0.0,0.4502,0.0,0.3485,0.5405,-0.9154
None-gene-18417612,JASKUS010000001.1,4731,54744915,1.0,2407.6597,3946.0102,1.0,0.0,0.3476,nan,234,0.003,-0.5508,0.3271,0,0,-0.003,0.9652,-0.003,0.9652,0.4274,0.6873,1.3665
None-gene-18432250,JASKUS010000001.1,4731,54744915,1.0,2407.6597,3946.0102,1.0,0.0,0.3476,nan,1563,0.0272,-0.2141,0.3266,0,0,0.0992,0.1135,0.0992,0.1135,0.4255,0.6838,1.3119
None-gene-18442643,JASKUS010000001.1,4731,54744915,1.0,2407.6597,3946.0102,1.0,0.0,0.3476,nan,5075,0.0909,0.676,0.3262,0,0,0.2117,0.0007,0.2117,0.0007,0.3667,0.5743,-0.3897
None-gene-18451574,JASKUS010000001.1,4731,54744915,1.0,2407.6597,3946.0102,1.0,0.0,0.3476,nan,1628,0.0283,-0.1976,0.3259,0,0,-0.0382,0.5434,-0.0382,0.5434,0.4017,0.6396,0.6244
None-gene-18453471,JASKUS010000001.1,4731,54744915,1.0,2407.6597,3946.0102,1.0,0.0,0.3476,nan,2638,0.0467,0.0584,0.3258,0,0,0.1389,0.0263,0.1389,0.0263,0.3723,0.5847,-0.2289
None-gene-18457655,JASKUS010000001.1,4731,54744915,1.0,2407.6597,3946.0102,1.0,0.0,0.3476,nan,7257,0.1305,1.2289,0.3257,0,0,0.3647,0.0,0.3647,0.0,0.3776,0.5946,-0.075
None-gene-18471622,JASKUS010000001.1,4731,54744915,1.0,2407.6597,3946.0102,1.0,0.0,0.3476,nan,333,0.0048,-0.5258,0.3252,0,0,-0.0679,0.2869,-0.0679,0.2869,0.3724,0.5849,-0.2254
None-gene-18493341,JASKUS010000001.1,4731,54744915,1.0,2407.6597,3946.0102,1.0,0.0,0.3476,nan,231,0.003,-0.5516,0.3244,0,0,0.063,0.3472,0.063,0.3472,0.4026,0.6412,0.6498
None-gene-18494103,JASKUS010000001.1,4731,54744915,1.0,2407.6597,3946.0102,1.0,0.0,0.3476,nan,3121,0.0554,0.1808,0.3244,0,0,0.3209,0.0,0.3209,0.0,0.4063,0.6481,0.7564
None-gene-18497483,JASKUS010000001.1,4731,54744915,1.0,2407.6597,3946.0102,1.0,0.0,0.3476,nan,3813,0.068,0.3561,0.3242,0,0,0.2284,0.0002,0.2284,0.0002,0.4183,0.6705,1.1046
None-gene-18502272,JASKUS010000001.1,4731,54744915,1.0,2407.6597,3946.0102,1.0,0.0,0.3476,nan,1797,0.0314,-0.1548,0.3241,0,0,0.0786,0.2099,0.0786,0.2099,0.379,0.5972,-0.0345
None-gene-18507504,JASKUS010000001.1,4731,54744915,1.0,2407.6597,3946.0102,1.0,0.0,0.3476,nan,2278,0.0401,-0.0329,0.3239,0,0,0.2609,0.0,0.2609,0.0,0.4381,0.7073,1.6779
None-gene-18510492,JASKUS010000001.1,4731,54744915,1.0,2407.6597,3946.0102,1.0,0.0,0.3476,nan,1333,0.023,-0.2723,0.3238,0,0,0.1217,0.0517,0.1217,0.0517,0.3541,0.5509,-0.7548
None-gene-18513535,JASKUS010000001.1,4731,54744915,1.0,2407.6597,3946.0102,1.0,0.0,0.3476,nan,1193,0.0205,-0.3078,0.3236,0,0,0.1509,0.0157,0.1509,0.0157,0.4116,0.6579,0.9095
None-gene-18514784,JASKUS010000001.1,4731,54744915,1.0,2407.6597,3946.0102,1.0,0.0,0.3476,nan,2081,0.0366,-0.0828,0.3236,0,0,0.2079,0.0008,0.2079,0.0008,0.4421,0.7148,1.7935
None-gene-18517257,JASKUS010000001.1,4731,54744915,1.0,2407.6597,3946.0102,1.0,0.0,0.3476,nan,264,0.0036,-0.5432,0.3235,0,0,-0.0176,0.7887,-0.0176,0.7887,0.4773,0.7803,2.812
None-gene-18520555,JASKUS010000001.1,4731,54744915,1.0,2407.6597,3946.0102,1.0,0.0,0.3476,nan,3625,0.0646,0.3085,0.3234,0,0,0.1059,0.0907,0.1059,0.0907,0.3575,0.5572,-0.6556
None-gene-18526468,JASKUS010000001.1,4731,54744915,1.0,2407.6597,3946.0102,1.0,0.0,0.3476,nan,2296,0.0405,-0.0283,0.3232,0,0,0.0268,0.6692,0.0268,0.6692,0.3746,0.589,-0.1619
None-gene-18530832,JASKUS010000001.1,4731,54744915,1.0,2407.6597,3946.0102,1.0,0.0,0.3476,nan,587,0.0095,-0.4614,0.323,0,0,0.0526,0.402,0.0526,0.402,0.3969,0.6307,0.4858
None-gene-18531529,JASKUS010000001.1,4731,54744915,1.0,2407.6597,3946.0102,1.0,0.0,0.3476,nan,3525,0.0628,0.2832,0.323,0,0,0.2017,0.0012,0.2017,0.0012,0.3722,0.5846,-0.2305
None-gene-18544637,JASKUS010000001.1,4731,54744915,1.0,2407.6597,3946.0102,1.0,0.0,0.3476,nan,402,0.0061,-0.5083,0.3225,0,0,0.1476,0.024,0.1476,0.024,0.4801,0.7856,2.8939
None-gene-18546549,JASKUS010000001.1,4731,54744915,1.0,2407.6597,3946.0102,1.0,0.0,0.3476,nan,943,0.0159,-0.3712,0.3224,0,0,0.1457,0.0197,0.1457,0.0197,0.368,0.5767,-0.3528
None-gene-18551392,JASKUS010000001.1,4731,54744915,1.0,2407.6597,3946.0102,1.0,0.0,0.3476,nan,1657,0.0289,-0.1902,0.3223,0,0,0.1124,0.0725,0.1124,0.0725,0.4581,0.7445,2.2556
None-gene-18562570,JASKUS010000001.1,4731,54744915,1.0,2407.6597,3946.0102,1.0,0.0,0.3476,nan,5256,0.0942,0.7218,0.3219,0,0,0.3708,0.0,0.3708,0.0,0.3352,0.5157,-1.3007
None-gene-18586283,JASKUS010000001.1,4731,54744915,1.0,2407.6597,3946.0102,1.0,0.0,0.3476,nan,1566,0.0272,-0.2133,0.321,0,0,0.2705,0.0,0.2705,0.0,0.3404,0.5253,-1.1524
None-gene-18593608,JASKUS010000001.1,4731,54744915,1.0,2407.6597,3946.0102,1.0,0.0,0.3476,nan,1944,0.0341,-0.1175,0.3207,0,0,0.1987,0.0014,0.1987,0.0014,0.3765,0.5927,-0.1047
None-gene-18688213,JASKUS010000001.1,4731,54744915,1.0,2407.6597,3946.0102,1.0,0.0,0.3476,nan,5978,0.1073,0.9048,0.3173,0,0,0.2953,0.0,0.2953,0.0,0.3491,0.5416,-0.8989
None-gene-18712973,JASKUS010000001.1,4731,54744915,1.0,2407.6597,3946.0102,1.0,0.0,0.3476,nan,372,0.0056,-0.5159,0.3164,0,0,-0.1069,0.0878,-0.1069,0.0878,0.3817,0.6023,0.0453
None-gene-18723749,JASKUS010000001.1,4731,54744915,1.0,2407.6597,3946.0102,1.0,0.0,0.3476,nan,609,0.0099,-0.4558,0.316,0,0,-0.0437,0.4865,-0.0437,0.4865,0.4368,0.7049,1.6396
None-gene-18750767,JASKUS010000001.1,4731,54744915,1.0,2407.6597,3946.0102,1.0,0.0,0.3476,nan,1075,0.0183,-0.3377,0.315,0,0,0.0774,0.2174,0.0774,0.2174,0.3516,0.5463,-0.8261
None-gene-18815852,JASKUS010000001.1,4731,54744915,1.0,2407.6597,3946.0102,1.0,0.0,0.3476,nan,16021,0.2895,3.4499,0.3126,0,0,0.4744,0.0,0.4744,0.0,0.3421,0.5285,-1.1016
None-gene-18882280,JASKUS010000001.1,4731,54744915,1.0,2407.6597,3946.0102,1.0,0.0,0.3476,nan,207,0.0026,-0.5577,0.3102,0,0,0.0948,0.15,0.0948,0.15,0.4589,0.7461,2.2811
None-gene-18884344,JASKUS010000001.1,4731,54744915,1.0,2407.6597,3946.0102,1.0,0.0,0.3476,nan,754,0.0125,-0.4191,0.3101,0,0,0.0978,0.1187,0.0978,0.1187,0.3753,0.5904,-0.1397
None-gene-18885300,JASKUS010000001.1,4731,54744915,1.0,2407.6597,3946.0102,1.0,0.0,0.3476,nan,174,0.002,-0.5661,0.3101,0,0,0.0519,0.4663,0.0519,0.4663,0.3218,0.4908,-1.6887
None-gene-18957486,JASKUS010000001.1,4731,54744915,1.0,2407.6597,3946.0102,1.0,0.0,0.3476,nan,681,0.0112,-0.4376,0.3074,0,0,0.0547,0.3837,0.0547,0.3837,0.4831,0.7912,2.9812
None-gene-18986324,JASKUS010000001.1,4731,54744915,1.0,2407.6597,3946.0102,1.0,0.0,0.3476,nan,762,0.0126,-0.417,0.3064,0,0,0.1638,0.0096,0.1638,0.0096,0.4042,0.6442,0.6962
None-gene-19023381,JASKUS010000001.1,4731,54744915,1.0,2407.6597,3946.0102,1.0,0.0,0.3476,nan,603,0.0097,-0.4573,0.305,0,0,0.2276,0.0002,0.2276,0.0002,0.398,0.6327,0.5169
None-gene-19026187,JASKUS010000001.1,4731,54744915,1.0,2407.6597,3946.0102,1.0,0.0,0.3476,nan,216,0.0027,-0.5554,0.3049,0,0,0.1177,0.0822,0.1177,0.0822,0.3981,0.6329,0.5209
None-gene-19026950,JASKUS010000001.1,4731,54744915,1.0,2407.6597,3946.0102,1.0,0.0,0.3476,nan,285,0.004,-0.5379,0.3049,0,0,-0.0209,0.7431,-0.0209,0.7431,0.4596,0.7475,2.3017
None-gene-19032203,JASKUS010000001.1,4731,54744915,1.0,2407.6597,3946.0102,1.0,0.0,0.3476,nan,492,0.0077,-0.4855,0.3047,0,0,-0.0971,0.1213,-0.0971,0.1213,0.4431,0.7166,1.8222
None-gene-19044873,JASKUS010000001.1,4731,54744915,1.0,2407.6597,3946.0102,1.0,0.0,0.3476,nan,4003,0.0714,0.4043,0.3042,0,0,0.2279,0.0002,0.2279,0.0002,0.4214,0.6763,1.1952
None-gene-19051215,JASKUS010000001.1,4731,54744915,1.0,2407.6597,3946.0102,1.0,0.0,0.3476,nan,1260,0.0217,-0.2908,0.304,0,0,-0.1402,0.0249,-0.1402,0.0249,0.4905,0.8049,3.1944
None-gene-19053843,JASKUS010000001.1,4731,54744915,1.0,2407.6597,3946.0102,1.0,0.0,0.3476,nan,762,0.0126,-0.417,0.3039,0,0,0.1025,0.1016,0.1025,0.1016,0.3556,0.5537,-0.7098
None-gene-19056826,JASKUS010000001.1,4731,54744915,1.0,2407.6597,3946.0102,1.0,0.0,0.3476,nan,321,0.0046,-0.5288,0.3038,0,0,-0.0425,0.5053,-0.0425,0.5053,0.433,0.6979,1.5307
None-gene-19057426,JASKUS010000001.1,4731,54744915,1.0,2407.6597,3946.0102,1.0,0.0,0.3476,nan,180,0.0021,-0.5645,0.3038,0,0,-0.0674,0.313,-0.0674,0.313,0.4556,0.7398,2.1832
None-gene-19066362,JASKUS010000001.1,4731,54744915,1.0,2407.6597,3946.0102,1.0,0.0,0.3476,nan,32705,0.5923,7.678,0.3034,0,0,0.5309,0.0,0.5309,0.0,0.3474,0.5384,-0.9492
None-gene-19068298,JASKUS010000001.1,4731,54744915,1.0,2407.6597,3946.0102,1.0,0.0,0.3476,nan,129,0.0011,-0.5775,0.3034,0,0,0.1412,0.109,0.1412,0.109,0.3721,0.5844,-0.2335
None-gene-19071480,JASKUS010000001.1,4731,54744915,1.0,2407.6597,3946.0102,1.0,0.0,0.3476,nan,102,0.0007,-0.5843,0.3033,0,0,0.214,0.0047,0.214,0.0047,0.3922,0.6218,0.3475
None-gene-19083189,JASKUS010000001.1,4731,54744915,1.0,2407.6597,3946.0102,1.0,0.0,0.3476,nan,5597,0.1004,0.8082,0.3028,0,0,0.1407,0.0244,0.1407,0.0244,0.3514,0.5459,-0.8316
None-gene-19112640,JASKUS010000001.1,4731,54744915,1.0,2407.6597,3946.0102,1.0,0.0,0.3476,nan,3280,0.0583,0.2211,0.3018,0,0,0.1978,0.0015,0.1978,0.0015,0.3265,0.4995,-1.553
None-gene-19112707,JASKUS010000001.1,4731,54744915,1.0,2407.6597,3946.0102,1.0,0.0,0.3476,nan,105,0.0007,-0.5835,0.3018,0,0,-0.126,0.1581,-0.126,0.1581,0.381,0.6009,0.023
None-gene-19145522,JASKUS010000001.1,4731,54744915,1.0,2407.6597,3946.0102,1.0,0.0,0.3476,nan,135,0.0013,-0.5759,0.3006,0,0,-0.0788,0.3175,-0.0788,0.3175,0.4222,0.6778,1.218
None-gene-19147601,JASKUS010000001.1,4731,54744915,1.0,2407.6597,3946.0102,1.0,0.0,0.3476,nan,210,0.0026,-0.5569,0.3005,0,0,-0.1762,0.0061,-0.1762,0.0061,0.481,0.7871,2.9186
None-gene-19150505,JASKUS010000001.1,4731,54744915,1.0,2407.6597,3946.0102,1.0,0.0,0.3476,nan,228,0.0029,-0.5524,0.3004,0,0,0.0879,0.1899,0.0879,0.1899,0.3465,0.5367,-0.9748
None-gene-19155754,JASKUS010000001.1,4731,54744915,1.0,2407.6597,3946.0102,1.0,0.0,0.3476,nan,1403,0.0243,-0.2546,0.3002,0,0,0.2028,0.0011,0.2028,0.0011,0.3628,0.5671,-0.5028
None-gene-19161279,JASKUS010000001.1,4731,54744915,1.0,2407.6597,3946.0102,1.0,0.0,0.3476,nan,2063,0.0362,-0.0873,0.3,0,0,0.127,0.0423,0.127,0.0423,0.4241,0.6813,1.2735
None-gene-19166939,JASKUS010000001.1,4731,54744915,1.0,2407.6597,3946.0102,1.0,0.0,0.3476,nan,1565,0.0272,-0.2135,0.2998,0,0,0.2049,0.001,0.2049,0.001,0.4115,0.6578,0.9076
None-gene-19170989,JASKUS010000001.1,4731,54744915,1.0,2407.6597,3946.0102,1.0,0.0,0.3476,nan,2102,0.0369,-0.0775,0.2996,0,0,0.1129,0.0714,0.1129,0.0714,0.4253,0.6835,1.3074
None-gene-19172336,JASKUS010000001.1,4731,54744915,1.0,2407.6597,3946.0102,1.0,0.0,0.3476,nan,369,0.0055,-0.5166,0.2996,0,0,0.0235,0.7288,0.0235,0.7288,0.4363,0.704,1.6261
None-gene-19173635,JASKUS010000001.1,4731,54744915,1.0,2407.6597,3946.0102,1.0,0.0,0.3476,nan,5478,0.0982,0.7781,0.2995,0,0,0.1244,0.0468,0.1244,0.0468,0.3702,0.5809,-0.2881
None-gene-19203148,JASKUS010000001.1,4731,54744915,1.0,2407.6597,3946.0102,1.0,0.0,0.3476,nan,5487,0.0984,0.7804,0.2985,0,0,0.0173,0.7824,0.0173,0.7824,0.3585,0.559,-0.6276
None-gene-19217426,JASKUS010000001.1,4731,54744915,1.0,2407.6597,3946.0102,1.0,0.0,0.3476,nan,1020,0.0173,-0.3517,0.2979,0,0,0.2095,0.0009,0.2095,0.0009,0.3843,0.6071,0.1203
None-gene-19286796,JASKUS010000001.1,4731,54744915,1.0,2407.6597,3946.0102,1.0,0.0,0.3476,nan,147,0.0015,-0.5729,0.2954,0,0,0.0481,0.5344,0.0481,0.5344,0.4354,0.7022,1.5988
None-gene-19286964,JASKUS010000001.1,4731,54744915,1.0,2407.6597,3946.0102,1.0,0.0,0.3476,nan,933,0.0157,-0.3737,0.2954,0,0,0.0808,0.1974,0.0808,0.1974,0.4169,0.6679,1.0649
None-gene-19314066,JASKUS010000001.1,4731,54744915,1.0,2407.6597,3946.0102,1.0,0.0,0.3476,nan,2001,0.0351,-0.1031,0.2944,0,0,0.0445,0.4781,0.0445,0.4781,0.4223,0.6779,1.2199
None-gene-19327585,JASKUS010000001.1,4731,54744915,1.0,2407.6597,3946.0102,1.0,0.0,0.3476,nan,201,0.0024,-0.5592,0.2939,0,0,0.239,0.0003,0.239,0.0003,0.3781,0.5956,-0.0593
None-gene-19338990,JASKUS010000001.1,4731,54744915,1.0,2407.6597,3946.0102,1.0,0.0,0.3476,nan,648,0.0106,-0.4459,0.2935,0,0,-0.0329,0.6,-0.0329,0.6,0.4491,0.7278,1.9955
None-gene-19344651,JASKUS010000001.1,4731,54744915,1.0,2407.6597,3946.0102,1.0,0.0,0.3476,nan,5458,0.0979,0.773,0.2933,0,0,0.3037,0.0,0.3037,0.0,0.3772,0.594,-0.0843
None-gene-19345231,JASKUS010000001.1,4731,54744915,1.0,2407.6597,3946.0102,1.0,0.0,0.3476,nan,198,0.0024,-0.56,0.2933,0,0,-0.1563,0.019,-0.1563,0.019,0.4444,0.7191,1.8615
None-gene-19376368,JASKUS010000001.1,4731,54744915,1.0,2407.6597,3946.0102,1.0,0.0,0.3476,nan,135,0.0013,-0.5759,0.2921,0,0,-0.1974,0.0113,-0.1974,0.0113,0.437,0.7053,1.647
None-gene-19386309,JASKUS010000001.1,4731,54744915,1.0,2407.6597,3946.0102,1.0,0.0,0.3476,nan,2285,0.0403,-0.0311,0.2918,0,0,0.2438,0.0001,0.2438,0.0001,0.4105,0.6559,0.8787
None-gene-19390185,JASKUS010000001.1,4731,54744915,1.0,2407.6597,3946.0102,1.0,0.0,0.3476,nan,931,0.0157,-0.3742,0.2916,0,0,0.1876,0.003,0.1876,0.003,0.3792,0.5976,-0.0288
None-gene-19393849,JASKUS010000001.1,4731,54744915,1.0,2407.6597,3946.0102,1.0,0.0,0.3476,nan,710,0.0117,-0.4302,0.2915,0,0,0.189,0.0032,0.189,0.0032,0.3789,0.597,-0.0372
None-gene-19409382,JASKUS010000001.1,4731,54744915,1.0,2407.6597,3946.0102,1.0,0.0,0.3476,nan,2253,0.0397,-0.0392,0.2909,0,0,0.2118,0.0006,0.2118,0.0006,0.3813,0.6015,0.0322
None-gene-19411834,JASKUS010000001.1,4731,54744915,1.0,2407.6597,3946.0102,1.0,0.0,0.3476,nan,1527,0.0265,-0.2232,0.2908,0,0,0.0581,0.3547,0.0581,0.3547,0.3969,0.6305,0.4835
None-gene-19416906,JASKUS010000001.1,4731,54744915,1.0,2407.6597,3946.0102,1.0,0.0,0.3476,nan,1542,0.0268,-0.2194,0.2906,0,0,0.1112,0.0757,0.1112,0.0757,0.3917,0.6209,0.3342
None-gene-19419256,JASKUS010000001.1,4731,54744915,1.0,2407.6597,3946.0102,1.0,0.0,0.3476,nan,1342,0.0232,-0.2701,0.2906,0,0,0.0691,0.2706,0.0691,0.2706,0.3934,0.6242,0.3847
None-gene-19421085,JASKUS010000001.1,4731,54744915,1.0,2407.6597,3946.0102,1.0,0.0,0.3476,nan,4496,0.0804,0.5292,0.2905,0,0,0.2713,0.0,0.2713,0.0,0.3875,0.613,0.2113
None-gene-19422550,JASKUS010000001.1,4731,54744915,1.0,2407.6597,3946.0102,1.0,0.0,0.3476,nan,555,0.0089,-0.4695,0.2904,0,0,0.1292,0.0388,0.1292,0.0388,0.4919,0.8075,3.2354
None-gene-19429410,JASKUS010000001.1,4731,54744915,1.0,2407.6597,3946.0102,1.0,0.0,0.3476,nan,1226,0.0211,-0.2995,0.2902,0,0,0.024,0.7018,0.024,0.7018,0.4135,0.6616,0.9666
None-gene-19440394,JASKUS010000001.1,4731,54744915,1.0,2407.6597,3946.0102,1.0,0.0,0.3476,nan,7379,0.1327,1.2598,0.2898,0,0,0.3652,0.0,0.3652,0.0,0.359,0.56,-0.6129
None-gene-19475762,JASKUS010000001.1,4731,54744915,1.0,2407.6597,3946.0102,1.0,0.0,0.3476,nan,7095,0.1276,1.1879,0.2885,0,0,0.3246,0.0,0.3246,0.0,0.3577,0.5576,-0.6498
None-gene-19484206,JASKUS010000001.1,4731,54744915,1.0,2407.6597,3946.0102,1.0,0.0,0.3476,nan,2766,0.049,0.0908,0.2882,0,0,0.1736,0.0053,0.1736,0.0053,0.3966,0.63,0.4762
None-gene-19488157,JASKUS010000001.1,4731,54744915,1.0,2407.6597,3946.0102,1.0,0.0,0.3476,nan,1093,0.0186,-0.3332,0.288,0,0,0.0268,0.6739,0.0268,0.6739,0.3925,0.6224,0.3573
None-gene-19492395,JASKUS010000001.1,4731,54744915,1.0,2407.6597,3946.0102,1.0,0.0,0.3476,nan,4545,0.0813,0.5416,0.2879,0,0,0.2863,0.0,0.2863,0.0,0.3659,0.5728,-0.4129
None-gene-19509423,JASKUS010000001.1,4731,54744915,1.0,2407.6597,3946.0102,1.0,0.0,0.3476,nan,174,0.002,-0.5661,0.2873,0,0,0.1546,0.0366,0.1546,0.0366,0.4655,0.7584,2.4717
None-gene-19514198,JASKUS010000001.1,4731,54744915,1.0,2407.6597,3946.0102,1.0,0.0,0.3476,nan,2144,0.0377,-0.0668,0.2871,0,0,0.1179,0.0596,0.1179,0.0596,0.3773,0.5941,-0.0818
None-gene-19519227,JASKUS010000001.1,4731,54744915,1.0,2407.6597,3946.0102,1.0,0.0,0.3476,nan,1200,0.0206,-0.306,0.2869,0,0,0.1601,0.0103,0.1601,0.0103,0.3575,0.5572,-0.6561
None-gene-19532696,JASKUS010000001.1,4731,54744915,1.0,2407.6597,3946.0102,1.0,0.0,0.3476,nan,2721,0.0482,0.0794,0.2864,0,0,0.2042,0.001,0.2042,0.001,0.4079,0.6511,0.8044
None-gene-19539126,JASKUS010000001.1,4731,54744915,1.0,2407.6597,3946.0102,1.0,0.0,0.3476,nan,2972,0.0527,0.143,0.2862,0,0,0.2373,0.0001,0.2373,0.0001,0.431,0.6941,1.4728
None-gene-19543542,JASKUS010000001.1,4731,54744915,1.0,2407.6597,3946.0102,1.0,0.0,0.3476,nan,827,0.0138,-0.4006,0.286,0,0,0.2826,0.0,0.2826,0.0,0.4244,0.6819,1.2818
None-gene-19545222,JASKUS010000001.1,4731,54744915,1.0,2407.6597,3946.0102,1.0,0.0,0.3476,nan,815,0.0136,-0.4036,0.286,0,0,-0.1147,0.0669,-0.1147,0.0669,0.4,0.6364,0.5746
None-gene-19577607,JASKUS010000001.1,4731,54744915,1.0,2407.6597,3946.0102,1.0,0.0,0.3476,nan,14061,0.254,2.9532,0.2848,0,0,0.4268,0.0,0.4268,0.0,0.3436,0.5314,-1.0572
None-gene-19618973,JASKUS010000001.1,4731,54744915,1.0,2407.6597,3946.0102,1.0,0.0,0.3476,nan,3612,0.0644,0.3052,0.2833,0,0,0.1902,0.0022,0.1902,0.0022,0.3632,0.5679,-0.49
None-gene-19629464,JASKUS010000001.1,4731,54744915,1.0,2407.6597,3946.0102,1.0,0.0,0.3476,nan,396,0.006,-0.5098,0.2829,0,0,-0.0574,0.3736,-0.0574,0.3736,0.4318,0.6956,1.4959
None-gene-19662440,JASKUS010000001.1,4731,54744915,1.0,2407.6597,3946.0102,1.0,0.0,0.3476,nan,28270,0.5118,6.554,0.2817,0,0,0.4292,0.0,0.4292,0.0,0.3386,0.522,-1.2036
None-gene-19725453,JASKUS010000001.1,4731,54744915,1.0,2407.6597,3946.0102,1.0,0.0,0.3476,nan,120,0.001,-0.5797,0.2794,0,0,-0.0223,0.7415,-0.0223,0.7415,0.4833,0.7916,2.9875
None-gene-19877670,JASKUS010000001.1,4731,54744915,1.0,2407.6597,3946.0102,1.0,0.0,0.3476,nan,609,0.0099,-0.4558,0.2738,0,0,0.119,0.0609,0.119,0.0609,0.4187,0.6712,1.1166
None-gene-19887874,JASKUS010000001.1,4731,54744915,1.0,2407.6597,3946.0102,1.0,0.0,0.3476,nan,792,0.0132,-0.4094,0.2734,0,0,0.0966,0.1233,0.0966,0.1233,0.4242,0.6815,1.2765
None-gene-19890925,JASKUS010000001.1,4731,54744915,1.0,2407.6597,3946.0102,1.0,0.0,0.3476,nan,774,0.0128,-0.414,0.2733,0,0,0.1612,0.011,0.1612,0.011,0.4173,0.6686,1.0759
None-gene-19904770,JASKUS010000001.1,4731,54744915,1.0,2407.6597,3946.0102,1.0,0.0,0.3476,nan,877,0.0147,-0.3879,0.2728,0,0,-0.0652,0.2983,-0.0652,0.2983,0.3877,0.6134,0.218
None-gene-19910294,JASKUS010000001.1,4731,54744915,1.0,2407.6597,3946.0102,1.0,0.0,0.3476,nan,1086,0.0185,-0.3349,0.2726,0,0,0.034,0.5877,0.034,0.5877,0.4853,0.7952,3.0435
None-gene-20008866,JASKUS010000001.1,4731,54744915,1.0,2407.6597,3946.0102,1.0,0.0,0.3476,nan,3856,0.0688,0.367,0.269,0,0,0.0998,0.1113,0.0998,0.1113,0.4051,0.6458,0.7217
None-gene-20013245,JASKUS010000001.1,4731,54744915,1.0,2407.6597,3946.0102,1.0,0.0,0.3476,nan,189,0.0022,-0.5623,0.2689,0,0,0.0933,0.1566,0.0933,0.1566,0.5503,0.9162,4.9256
None-gene-20015385,JASKUS010000001.1,4731,54744915,1.0,2407.6597,3946.0102,1.0,0.0,0.3476,nan,3146,0.0559,0.1871,0.2688,0,0,0.0981,0.1173,0.0981,0.1173,0.3684,0.5775,-0.3403
None-gene-20034079,JASKUS010000001.1,4731,54744915,1.0,2407.6597,3946.0102,1.0,0.0,0.3476,nan,423,0.0065,-0.503,0.2681,0,0,0.1254,0.0481,0.1254,0.0481,0.4444,0.7191,1.8615
None-gene-20040550,JASKUS010000001.1,4731,54744915,1.0,2407.6597,3946.0102,1.0,0.0,0.3476,nan,2066,0.0363,-0.0866,0.2679,0,0,0.2689,0.0,0.2689,0.0,0.364,0.5693,-0.4682
None-gene-20046410,JASKUS010000001.1,4731,54744915,1.0,2407.6597,3946.0102,1.0,0.0,0.3476,nan,10569,0.1906,2.0683,0.2676,0,0,0.1253,0.0451,0.1253,0.0451,0.3594,0.5607,-0.6024
None-gene-20082697,JASKUS010000001.1,4731,54744915,1.0,2407.6597,3946.0102,1.0,0.0,0.3476,nan,696,0.0114,-0.4338,0.2663,0,0,0.0463,0.4611,0.0463,0.4611,0.4152,0.6647,1.0156
None-gene-20088286,JASKUS010000001.1,4731,54744915,1.0,2407.6597,3946.0102,1.0,0.0,0.3476,nan,23775,0.4303,5.4149,0.2661,0,0,0.4136,0.0,0.4136,0.0,0.3506,0.5443,-0.8565
None-gene-20104735,JASKUS010000001.1,4731,54744915,1.0,2407.6597,3946.0102,1.0,0.0,0.3476,nan,192,0.0023,-0.5615,0.2655,0,0,-0.1791,0.0112,-0.1791,0.0112,0.4167,0.6674,1.0572
None-gene-20119045,JASKUS010000001.1,4731,54744915,1.0,2407.6597,3946.0102,1.0,0.0,0.3476,nan,174,0.002,-0.5661,0.265,0,0,-0.0479,0.4838,-0.0479,0.4838,0.454,0.737,2.1388
None-gene-20119221,JASKUS010000001.1,4731,54744915,1.0,2407.6597,3946.0102,1.0,0.0,0.3476,nan,240,0.0032,-0.5493,0.265,0,0,0.0409,0.5481,0.0409,0.5481,0.4167,0.6674,1.0572
None-gene-20125392,JASKUS010000001.1,4731,54744915,1.0,2407.6597,3946.0102,1.0,0.0,0.3476,nan,1629,0.0284,-0.1973,0.2648,0,0,0.0442,0.4817,0.0442,0.4817,0.3788,0.5968,-0.0405
None-gene-20127403,JASKUS010000001.1,4731,54744915,1.0,2407.6597,3946.0102,1.0,0.0,0.3476,nan,1467,0.0254,-0.2384,0.2647,0,0,0.2159,0.0005,0.2159,0.0005,0.3967,0.6303,0.4798
None-gene-20138147,JASKUS010000001.1,4731,54744915,1.0,2407.6597,3946.0102,1.0,0.0,0.3476,nan,777,0.0129,-0.4132,0.2643,0,0,-0.0204,0.7456,-0.0204,0.7456,0.4414,0.7135,1.7745
None-gene-20149615,JASKUS010000001.1,4731,54744915,1.0,2407.6597,3946.0102,1.0,0.0,0.3476,nan,237,0.0031,-0.5501,0.2639,0,0,0.0716,0.2767,0.0716,0.2767,0.4726,0.7715,2.676
None-gene-20165174,JASKUS010000001.1,4731,54744915,1.0,2407.6597,3946.0102,1.0,0.0,0.3476,nan,126,0.0011,-0.5782,0.2633,0,0,-0.063,0.4227,-0.063,0.4227,0.4286,0.6896,1.4019
None-gene-20193385,JASKUS010000001.1,4731,54744915,1.0,2407.6597,3946.0102,1.0,0.0,0.3476,nan,947,0.016,-0.3702,0.2623,0,0,0.0413,0.5104,0.0413,0.5104,0.3812,0.6014,0.0303
None-gene-20205683,JASKUS010000001.1,4731,54744915,1.0,2407.6597,3946.0102,1.0,0.0,0.3476,nan,4034,0.072,0.4121,0.2618,0,0,0.3818,0.0,0.3818,0.0,0.4058,0.6472,0.7425
None-gene-20210388,JASKUS010000001.1,4731,54744915,1.0,2407.6597,3946.0102,1.0,0.0,0.3476,nan,186,0.0022,-0.563,0.2617,0,0,-0.0323,0.6413,-0.0323,0.6413,0.3978,0.6324,0.5123
None-gene-20235144,JASKUS010000001.1,4731,54744915,1.0,2407.6597,3946.0102,1.0,0.0,0.3476,nan,353,0.0052,-0.5207,0.2607,0,0,-0.141,0.0286,-0.141,0.0286,0.4193,0.6722,1.1323
None-gene-20247169,JASKUS010000001.1,4731,54744915,1.0,2407.6597,3946.0102,1.0,0.0,0.3476,nan,399,0.006,-0.509,0.2603,0,0,-0.0917,0.1437,-0.0917,0.1437,0.4687,0.7643,2.563
None-gene-20248001,JASKUS010000001.1,4731,54744915,1.0,2407.6597,3946.0102,1.0,0.0,0.3476,nan,225,0.0029,-0.5531,0.2603,0,0,-0.0122,0.8592,-0.0122,0.8592,0.4667,0.7605,2.5049
None-gene-20266248,JASKUS010000001.1,4731,54744915,1.0,2407.6597,3946.0102,1.0,0.0,0.3476,nan,1277,0.022,-0.2865,0.2596,0,0,0.0687,0.2734,0.0687,0.2734,0.3845,0.6075,0.1256
None-gene-20296650,JASKUS010000001.1,4731,54744915,1.0,2407.6597,3946.0102,1.0,0.0,0.3476,nan,720,0.0119,-0.4277,0.2585,0,0,0.1127,0.0719,0.1127,0.0719,0.4486,0.7269,1.9821
None-gene-20367470,JASKUS010000001.1,4731,54744915,1.0,2407.6597,3946.0102,1.0,0.0,0.3476,nan,1679,0.0293,-0.1847,0.2559,0,0,0.2407,0.0001,0.2407,0.0001,0.3716,0.5836,-0.2463
None-gene-20386710,JASKUS010000001.1,4731,54744915,1.0,2407.6597,3946.0102,1.0,0.0,0.3476,nan,1012,0.0172,-0.3537,0.2552,0,0,0.1387,0.0265,0.1387,0.0265,0.4229,0.6791,1.2384
None-gene-20389861,JASKUS010000001.1,4731,54744915,1.0,2407.6597,3946.0102,1.0,0.0,0.3476,nan,2121,0.0373,-0.0726,0.2551,0,0,0.0158,0.8008,0.0158,0.8008,0.4059,0.6474,0.7466
None-gene-20408317,JASKUS010000001.1,4731,54744915,1.0,2407.6597,3946.0102,1.0,0.0,0.3476,nan,378,0.0057,-0.5144,0.2544,0,0,0.0634,0.3126,0.0634,0.3126,0.4048,0.6452,0.7124
None-gene-20408821,JASKUS010000001.1,4731,54744915,1.0,2407.6597,3946.0102,1.0,0.0,0.3476,nan,2141,0.0377,-0.0676,0.2544,0,0,0.2052,0.001,0.2052,0.001,0.376,0.5916,-0.1206
None-gene-20415728,JASKUS010000001.1,4731,54744915,1.0,2407.6597,3946.0102,1.0,0.0,0.3476,nan,153,0.0016,-0.5714,0.2542,0,0,0.1622,0.0273,0.1622,0.0273,0.4379,0.707,1.6722
None-gene-20429578,JASKUS010000001.1,4731,54744915,1.0,2407.6597,3946.0102,1.0,0.0,0.3476,nan,12877,0.2325,2.6531,0.2536,0,0,0.3004,0.0,0.3004,0.0,0.3423,0.5289,-1.0957
None-gene-20441321,JASKUS010000001.1,4731,54744915,1.0,2407.6597,3946.0102,1.0,0.0,0.3476,nan,168,0.0019,-0.5676,0.2532,0,0,-0.0094,0.8921,-0.0094,0.8921,0.4464,0.7228,1.9189
None-gene-20456277,JASKUS010000001.1,4731,54744915,1.0,2407.6597,3946.0102,1.0,0.0,0.3476,nan,357,0.0053,-0.5197,0.2527,0,0,0.1065,0.1111,0.1065,0.1111,0.3866,0.6113,0.1852
None-gene-20458284,JASKUS010000001.1,4731,54744915,1.0,2407.6597,3946.0102,1.0,0.0,0.3476,nan,234,0.003,-0.5508,0.2526,0,0,-0.0529,0.4225,-0.0529,0.4225,0.4274,0.6873,1.3665
None-gene-20463217,JASKUS010000001.1,4731,54744915,1.0,2407.6597,3946.0102,1.0,0.0,0.3476,nan,10090,0.1819,1.9469,0.2524,0,0,0.3395,0.0,0.3395,0.0,0.3659,0.5729,-0.4121
None-gene-20475073,JASKUS010000001.1,4731,54744915,1.0,2407.6597,3946.0102,1.0,0.0,0.3476,nan,1971,0.0346,-0.1107,0.252,0,0,0.1542,0.0135,0.1542,0.0135,0.3775,0.5944,-0.0777
None-gene-20480840,JASKUS010000001.1,4731,54744915,1.0,2407.6597,3946.0102,1.0,0.0,0.3476,nan,2516,0.0445,0.0275,0.2518,0,0,0.2299,0.0002,0.2299,0.0002,0.411,0.6568,0.8922
None-gene-20494444,JASKUS010000001.1,4731,54744915,1.0,2407.6597,3946.0102,1.0,0.0,0.3476,nan,579,0.0093,-0.4634,0.2513,0,0,0.2365,0.0001,0.2365,0.0001,0.4491,0.7277,1.9948
None-gene-20499662,JASKUS010000001.1,4731,54744915,1.0,2407.6597,3946.0102,1.0,0.0,0.3476,nan,318,0.0046,-0.5296,0.2511,0,0,0.1629,0.0113,0.1629,0.0113,0.3836,0.6059,0.1011
None-gene-20512234,JASKUS010000001.1,4731,54744915,1.0,2407.6597,3946.0102,1.0,0.0,0.3476,nan,1401,0.0242,-0.2551,0.2506,0,0,0.148,0.0178,0.148,0.0178,0.3897,0.6172,0.2769
None-gene-20516782,JASKUS010000001.1,4731,54744915,1.0,2407.6597,3946.0102,1.0,0.0,0.3476,nan,4577,0.0819,0.5498,0.2505,0,0,0.0699,0.2648,0.0699,0.2648,0.3601,0.562,-0.5819
None-gene-20527609,JASKUS010000001.1,4731,54744915,1.0,2407.6597,3946.0102,1.0,0.0,0.3476,nan,7736,0.1392,1.3503,0.2501,0,0,0.1901,0.0023,0.1901,0.0023,0.355,0.5525,-0.7295
None-gene-20537793,JASKUS010000001.1,4731,54744915,1.0,2407.6597,3946.0102,1.0,0.0,0.3476,nan,1220,0.0209,-0.301,0.2497,0,0,0.0955,0.1275,0.0955,0.1275,0.3811,0.6013,0.0287
None-gene-20543176,JASKUS010000001.1,4731,54744915,1.0,2407.6597,3946.0102,1.0,0.0,0.3476,nan,486,0.0076,-0.487,0.2495,0,0,0.0914,0.157,0.0914,0.157,0.465,0.7575,2.4573
None-gene-20543480,JASKUS010000001.1,4731,54744915,1.0,2407.6597,3946.0102,1.0,0.0,0.3476,nan,183,0.0021,-0.5638,0.2495,0,0,-0.056,0.4503,-0.056,0.4503,0.4918,0.8073,3.2328
None-gene-20553755,JASKUS010000001.1,4731,54744915,1.0,2407.6597,3946.0102,1.0,0.0,0.3476,nan,369,0.0055,-0.5166,0.2491,0,0,-0.0699,0.2879,-0.0699,0.2879,0.4282,0.6889,1.3907
None-gene-20557697,JASKUS010000001.1,4731,54744915,1.0,2407.6597,3946.0102,1.0,0.0,0.3476,nan,117,0.0009,-0.5805,0.249,0,0,-0.0493,0.532,-0.0493,0.532,0.4615,0.751,2.3565
None-gene-20561249,JASKUS010000001.1,4731,54744915,1.0,2407.6597,3946.0102,1.0,0.0,0.3476,nan,372,0.0056,-0.5159,0.2488,0,0,0.1173,0.061,0.1173,0.061,0.3844,0.6073,0.1231
None-gene-20660698,JASKUS010000001.1,4731,54744915,1.0,2407.6597,3946.0102,1.0,0.0,0.3476,nan,1713,0.0299,-0.176,0.2452,0,0,0.1569,0.0119,0.1569,0.0119,0.4168,0.6677,1.0614
None-gene-20661383,JASKUS010000001.1,4731,54744915,1.0,2407.6597,3946.0102,1.0,0.0,0.3476,nan,207,0.0026,-0.5577,0.2452,0,0,0.0864,0.188,0.0864,0.188,0.4396,0.7101,1.7216
None-gene-20670719,JASKUS010000001.1,4731,54744915,1.0,2407.6597,3946.0102,1.0,0.0,0.3476,nan,1387,0.024,-0.2587,0.2448,0,0,0.2036,0.0011,0.2036,0.0011,0.4124,0.6595,0.9336
None-gene-20680886,JASKUS010000001.1,4731,54744915,1.0,2407.6597,3946.0102,1.0,0.0,0.3476,nan,398,0.006,-0.5093,0.2445,0,0,0.0989,0.1249,0.0989,0.1249,0.407,0.6495,0.7783
None-gene-20681435,JASKUS010000001.1,4731,54744915,1.0,2407.6597,3946.0102,1.0,0.0,0.3476,nan,625,0.0101,-0.4518,0.2444,0,0,0.0091,0.8853,0.0091,0.8853,0.448,0.7258,1.9644
None-gene-20681513,JASKUS010000001.1,4731,54744915,1.0,2407.6597,3946.0102,1.0,0.0,0.3476,nan,246,0.0033,-0.5478,0.2444,0,0,0.0358,0.6051,0.0358,0.6051,0.4756,0.7772,2.7639
None-gene-20682507,JASKUS010000001.1,4731,54744915,1.0,2407.6597,3946.0102,1.0,0.0,0.3476,nan,642,0.0105,-0.4475,0.2444,0,0,-0.015,0.811,-0.015,0.811,0.4424,0.7153,1.8013
None-gene-20685289,JASKUS010000001.1,4731,54744915,1.0,2407.6597,3946.0102,1.0,0.0,0.3476,nan,2122,0.0373,-0.0724,0.2443,0,0,0.3091,0.0,0.3091,0.0,0.3676,0.576,-0.3643
None-gene-20701522,JASKUS010000001.1,4731,54744915,1.0,2407.6597,3946.0102,1.0,0.0,0.3476,nan,3080,0.0547,0.1704,0.2437,0,0,0.2979,0.0,0.2979,0.0,0.4117,0.6581,0.913
None-gene-20718129,JASKUS010000001.1,4731,54744915,1.0,2407.6597,3946.0102,1.0,0.0,0.3476,nan,22078,0.3995,4.9849,0.2431,0,0,0.381,0.0,0.381,0.0,0.3528,0.5485,-0.791
None-gene-20745910,JASKUS010000001.1,4731,54744915,1.0,2407.6597,3946.0102,1.0,0.0,0.3476,nan,3635,0.0648,0.311,0.2421,0,0,0.2092,0.0008,0.2092,0.0008,0.3997,0.6359,0.5666
None-gene-20781042,JASKUS010000001.1,4731,54744915,1.0,2407.6597,3946.0102,1.0,0.0,0.3476,nan,183,0.0021,-0.5638,0.2408,0,0,0.0164,0.8334,0.0164,0.8334,0.5519,0.9193,4.9733
None-gene-20781231,JASKUS010000001.1,4731,54744915,1.0,2407.6597,3946.0102,1.0,0.0,0.3476,nan,390,0.0059,-0.5113,0.2408,0,0,0.1443,0.0251,0.1443,0.0251,0.3872,0.6125,0.2033
None-gene-20781622,JASKUS010000001.1,4731,54744915,1.0,2407.6597,3946.0102,1.0,0.0,0.3476,nan,150,0.0015,-0.5721,0.2408,0,0,-0.0985,0.1619,-0.0985,0.1619,0.4467,0.7233,1.9258
None-gene-20790473,JASKUS010000001.1,4731,54744915,1.0,2407.6597,3946.0102,1.0,0.0,0.3476,nan,321,0.0046,-0.5288,0.2405,0,0,0.1653,0.01,0.1653,0.01,0.3769,0.5934,-0.093
None-gene-20791698,JASKUS010000001.1,4731,54744915,1.0,2407.6597,3946.0102,1.0,0.0,0.3476,nan,12060,0.2177,2.4461,0.2404,0,0,0.4287,0.0,0.4287,0.0,0.3533,0.5494,-0.7772
None-gene-20818623,JASKUS010000001.1,4731,54744915,1.0,2407.6597,3946.0102,1.0,0.0,0.3476,nan,1008,0.0171,-0.3547,0.2394,0,0,0.199,0.0014,0.199,0.0014,0.3661,0.5732,-0.4079
None-gene-20832665,JASKUS010000001.1,4731,54744915,1.0,2407.6597,3946.0102,1.0,0.0,0.3476,nan,4487,0.0802,0.5269,0.2389,0,0,0.1584,0.0111,0.1584,0.0111,0.4226,0.6784,1.2276
None-gene-20841852,JASKUS010000001.1,4731,54744915,1.0,2407.6597,3946.0102,1.0,0.0,0.3476,nan,3801,0.0678,0.3531,0.2386,0,0,0.2149,0.0005,0.2149,0.0005,0.3794,0.5979,-0.0227
None-gene-20847912,JASKUS010000001.1,4731,54744915,1.0,2407.6597,3946.0102,1.0,0.0,0.3476,nan,1068,0.0182,-0.3395,0.2384,0,0,0.0749,0.2321,0.0749,0.2321,0.3699,0.5802,-0.2985
None-gene-20865979,JASKUS010000001.1,4731,54744915,1.0,2407.6597,3946.0102,1.0,0.0,0.3476,nan,300,0.0042,-0.5341,0.2377,0,0,-0.1193,0.0601,-0.1193,0.0601,0.4067,0.6488,0.7676
None-gene-20868710,JASKUS010000001.1,4731,54744915,1.0,2407.6597,3946.0102,1.0,0.0,0.3476,nan,2435,0.043,0.0069,0.2376,0,0,0.1835,0.0032,0.1835,0.0032,0.3602,0.5622,-0.5789
None-gene-20873092,JASKUS010000001.1,4731,54744915,1.0,2407.6597,3946.0102,1.0,0.0,0.3476,nan,1005,0.017,-0.3555,0.2374,0,0,0.1471,0.0185,0.1471,0.0185,0.4358,0.7031,1.6118
None-gene-20875076,JASKUS010000001.1,4731,54744915,1.0,2407.6597,3946.0102,1.0,0.0,0.3476,nan,495,0.0078,-0.4847,0.2374,0,0,0.1226,0.05,0.1226,0.05,0.4404,0.7116,1.7445
None-gene-20886964,JASKUS010000001.1,4731,54744915,1.0,2407.6597,3946.0102,1.0,0.0,0.3476,nan,1971,0.0346,-0.1107,0.2369,0,0,0.1701,0.0064,0.1701,0.0064,0.4318,0.6955,1.4942
None-gene-20892239,JASKUS010000001.1,4731,54744915,1.0,2407.6597,3946.0102,1.0,0.0,0.3476,nan,1746,0.0305,-0.1677,0.2367,0,0,0.162,0.0094,0.162,0.0094,0.4221,0.6775,1.2147
None-gene-20894081,JASKUS010000001.1,4731,54744915,1.0,2407.6597,3946.0102,1.0,0.0,0.3476,nan,1219,0.0209,-0.3012,0.2367,0,0,0.1484,0.0175,0.1484,0.0175,0.3782,0.5957,-0.0573
None-gene-20895966,JASKUS010000001.1,4731,54744915,1.0,2407.6597,3946.0102,1.0,0.0,0.3476,nan,1507,0.0262,-0.2282,0.2366,0,0,0.1867,0.0027,0.1867,0.0027,0.4001,0.6366,0.5784
None-gene-20898869,JASKUS010000001.1,4731,54744915,1.0,2407.6597,3946.0102,1.0,0.0,0.3476,nan,1656,0.0289,-0.1905,0.2365,0,0,0.2609,0.0,0.2609,0.0,0.3937,0.6247,0.3927
None-gene-20901312,JASKUS010000001.1,4731,54744915,1.0,2407.6597,3946.0102,1.0,0.0,0.3476,nan,330,0.0048,-0.5265,0.2364,0,0,-0.0212,0.7463,-0.0212,0.7463,0.4394,0.7097,1.7152
None-gene-20902245,JASKUS010000001.1,4731,54744915,1.0,2407.6597,3946.0102,1.0,0.0,0.3476,nan,981,0.0166,-0.3615,0.2364,0,0,0.1096,0.08,0.1096,0.08,0.3925,0.6223,0.3561
None-gene-20910867,JASKUS010000001.1,4731,54744915,1.0,2407.6597,3946.0102,1.0,0.0,0.3476,nan,3285,0.0584,0.2223,0.2361,0,0,0.2221,0.0003,0.2221,0.0003,0.4082,0.6517,0.8125
None-gene-20982765,JASKUS010000001.1,4731,54744915,1.0,2407.6597,3946.0102,1.0,0.0,0.3476,nan,1282,0.0221,-0.2853,0.2334,0,0,0.0465,0.4589,0.0465,0.4589,0.3768,0.5931,-0.0985
None-gene-20986201,JASKUS010000001.1,4731,54744915,1.0,2407.6597,3946.0102,1.0,0.0,0.3476,nan,2456,0.0434,0.0123,0.2333,0,0,0.3111,0.0,0.3111,0.0,0.4129,0.6603,0.9471
None-gene-20991825,JASKUS010000001.1,4731,54744915,1.0,2407.6597,3946.0102,1.0,0.0,0.3476,nan,858,0.0144,-0.3927,0.2331,0,0,0.0955,0.1275,0.0955,0.1275,0.3706,0.5817,-0.2759
None-gene-20994860,JASKUS010000001.1,4731,54744915,1.0,2407.6597,3946.0102,1.0,0.0,0.3476,nan,1399,0.0242,-0.2556,0.233,0,0,0.1468,0.0187,0.1468,0.0187,0.391,0.6196,0.3138
None-gene-20998344,JASKUS010000001.1,4731,54744915,1.0,2407.6597,3946.0102,1.0,0.0,0.3476,nan,851,0.0142,-0.3945,0.2329,0,0,0.2261,0.0003,0.2261,0.0003,0.3655,0.572,-0.4258
None-gene-21006263,JASKUS010000001.1,4731,54744915,1.0,2407.6597,3946.0102,1.0,0.0,0.3476,nan,1885,0.033,-0.1325,0.2326,0,0,0.3159,0.0,0.3159,0.0,0.3729,0.586,-0.2089
None-gene-21015296,JASKUS010000001.1,4731,54744915,1.0,2407.6597,3946.0102,1.0,0.0,0.3476,nan,591,0.0095,-0.4604,0.2322,0,0,0.0973,0.1203,0.0973,0.1203,0.401,0.6383,0.604
None-gene-21017424,JASKUS010000001.1,4731,54744915,1.0,2407.6597,3946.0102,1.0,0.0,0.3476,nan,3579,0.0638,0.2968,0.2322,0,0,0.2988,0.0,0.2988,0.0,0.3873,0.6126,0.2056
None-gene-21025851,JASKUS010000001.1,4731,54744915,1.0,2407.6597,3946.0102,1.0,0.0,0.3476,nan,1049,0.0178,-0.3443,0.2319,0,0,0.1542,0.0135,0.1542,0.0135,0.3699,0.5803,-0.2977
None-gene-21030060,JASKUS010000001.1,4731,54744915,1.0,2407.6597,3946.0102,1.0,0.0,0.3476,nan,11298,0.2038,2.253,0.2317,0,0,0.3665,0.0,0.3665,0.0,0.3704,0.5813,-0.282
None-gene-21075422,JASKUS010000001.1,4731,54744915,1.0,2407.6597,3946.0102,1.0,0.0,0.3476,nan,345,0.0051,-0.5227,0.2301,0,0,0.0567,0.3822,0.0567,0.3822,0.4058,0.6472,0.7424
None-gene-21082565,JASKUS010000001.1,4731,54744915,1.0,2407.6597,3946.0102,1.0,0.0,0.3476,nan,135,0.0013,-0.5759,0.2298,0,0,-0.0075,0.9213,-0.0075,0.9213,0.4296,0.6915,1.4325
None-gene-21090783,JASKUS010000001.1,4731,54744915,1.0,2407.6597,3946.0102,1.0,0.0,0.3476,nan,645,0.0105,-0.4467,0.2295,0,0,0.1234,0.0517,0.1234,0.0517,0.414,0.6624,0.9786
None-gene-21092749,JASKUS010000001.1,4731,54744915,1.0,2407.6597,3946.0102,1.0,0.0,0.3476,nan,1140,0.0195,-0.3213,0.2294,0,0,0.0831,0.1851,0.0831,0.1851,0.3623,0.5661,-0.5176
None-gene-21096538,JASKUS010000001.1,4731,54744915,1.0,2407.6597,3946.0102,1.0,0.0,0.3476,nan,789,0.0131,-0.4102,0.2293,0,0,0.0234,0.709,0.0234,0.709,0.4208,0.6751,1.1764
None-gene-21099859,JASKUS010000001.1,4731,54744915,1.0,2407.6597,3946.0102,1.0,0.0,0.3476,nan,5539,0.0993,0.7935,0.2292,0,0,0.3724,0.0,0.3724,0.0,0.3945,0.6261,0.4146
None-gene-21116075,JASKUS010000001.1,4731,54744915,1.0,2407.6597,3946.0102,1.0,0.0,0.3476,nan,6737,0.1211,1.0971,0.2286,0,0,0.2881,0.0,0.2881,0.0,0.3551,0.5527,-0.7269
None-gene-21146047,JASKUS010000001.1,4731,54744915,1.0,2407.6597,3946.0102,1.0,0.0,0.3476,nan,459,0.0071,-0.4938,0.2275,0,0,0.158,0.0113,0.158,0.0113,0.4227,0.6786,1.2306
None-gene-21146868,JASKUS010000001.1,4731,54744915,1.0,2407.6597,3946.0102,1.0,0.0,0.3476,nan,696,0.0114,-0.4338,0.2274,0,0,0.1353,0.0328,0.1353,0.0328,0.4037,0.6433,0.6827
None-gene-21149079,JASKUS010000001.1,4731,54744915,1.0,2407.6597,3946.0102,1.0,0.0,0.3476,nan,2593,0.0459,0.047,0.2274,0,0,0.278,0.0,0.278,0.0,0.3691,0.5788,-0.321
None-gene-21154489,JASKUS010000001.1,4731,54744915,1.0,2407.6597,3946.0102,1.0,0.0,0.3476,nan,1895,0.0332,-0.1299,0.2272,0,0,0.2334,0.0002,0.2334,0.0002,0.4111,0.657,0.8954
None-gene-21161209,JASKUS010000001.1,4731,54744915,1.0,2407.6597,3946.0102,1.0,0.0,0.3476,nan,8539,0.1538,1.5538,0.2269,0,0,0.2087,0.0008,0.2087,0.0008,0.3867,0.6116,0.1893
None-gene-21175934,JASKUS010000001.1,4731,54744915,1.0,2407.6597,3946.0102,1.0,0.0,0.3476,nan,3524,0.0628,0.2829,0.2264,0,0,0.2635,0.0,0.2635,0.0,0.4149,0.6641,1.0051
None-gene-21182950,JASKUS010000001.1,4731,54744915,1.0,2407.6597,3946.0102,1.0,0.0,0.3476,nan,285,0.004,-0.5379,0.2261,0,0,0.063,0.3315,0.063,0.3315,0.4211,0.6756,1.1842
None-gene-21197381,JASKUS010000001.1,4731,54744915,1.0,2407.6597,3946.0102,1.0,0.0,0.3476,nan,1588,0.0276,-0.2077,0.2256,0,0,0.0294,0.6396,0.0294,0.6396,0.4288,0.6901,1.4097
None-gene-21198722,JASKUS010000001.1,4731,54744915,1.0,2407.6597,3946.0102,1.0,0.0,0.3476,nan,243,0.0032,-0.5486,0.2255,0,0,-0.0792,0.237,-0.0792,0.237,0.5103,0.8418,3.768
None-gene-21205490,JASKUS010000001.1,4731,54744915,1.0,2407.6597,3946.0102,1.0,0.0,0.3476,nan,159,0.0017,-0.5699,0.2253,0,0,-0.0039,0.9556,-0.0039,0.9556,0.4403,0.7113,1.7401
None-gene-21206542,JASKUS010000001.1,4731,54744915,1.0,2407.6597,3946.0102,1.0,0.0,0.3476,nan,9031,0.1627,1.6785,0.2253,0,0,0.3925,0.0,0.3925,0.0,0.3555,0.5535,-0.7142
None-gene-21210055,JASKUS010000001.1,4731,54744915,1.0,2407.6597,3946.0102,1.0,0.0,0.3476,nan,360,0.0053,-0.5189,0.2251,0,0,0.0582,0.3757,0.0582,0.3757,0.375,0.5898,-0.1493
None-gene-21233579,JASKUS010000001.1,4731,54744915,1.0,2407.6597,3946.0102,1.0,0.0,0.3476,nan,1117,0.0191,-0.3271,0.2243,0,0,0.078,0.2139,0.078,0.2139,0.3724,0.585,-0.2239
None-gene-21236265,JASKUS010000001.1,4731,54744915,1.0,2407.6597,3946.0102,1.0,0.0,0.3476,nan,1375,0.0238,-0.2617,0.2242,0,0,0.1418,0.0232,0.1418,0.0232,0.3673,0.5754,-0.3731
None-gene-21238865,JASKUS010000001.1,4731,54744915,1.0,2407.6597,3946.0102,1.0,0.0,0.3476,nan,383,0.0058,-0.5131,0.2241,0,0,0.0603,0.3442,0.0603,0.3442,0.3995,0.6354,0.5594
None-gene-21240614,JASKUS010000001.1,4731,54744915,1.0,2407.6597,3946.0102,1.0,0.0,0.3476,nan,9139,0.1647,1.7059,0.224,0,0,0.3082,0.0,0.3082,0.0,0.3506,0.5443,-0.8563
None-gene-21252281,JASKUS010000001.1,4731,54744915,1.0,2407.6597,3946.0102,1.0,0.0,0.3476,nan,5244,0.094,0.7188,0.2236,0,0,0.2748,0.0,0.2748,0.0,0.3934,0.6241,0.3835
None-gene-21276432,JASKUS010000001.1,4731,54744915,1.0,2407.6597,3946.0102,1.0,0.0,0.3476,nan,7024,0.1263,1.1699,0.2227,0,0,0.2551,0.0,0.2551,0.0,0.3266,0.4996,-1.551
None-gene-21289506,JASKUS010000001.1,4731,54744915,1.0,2407.6597,3946.0102,1.0,0.0,0.3476,nan,117,0.0009,-0.5805,0.2222,0,0,-0.1663,0.0302,-0.1663,0.0302,0.4103,0.6555,0.8715
None-gene-21304430,JASKUS010000001.1,4731,54744915,1.0,2407.6597,3946.0102,1.0,0.0,0.3476,nan,456,0.0071,-0.4946,0.2217,0,0,-0.0084,0.8934,-0.0084,0.8934,0.3816,0.6021,0.0412
None-gene-21304929,JASKUS010000001.1,4731,54744915,1.0,2407.6597,3946.0102,1.0,0.0,0.3476,nan,153,0.0016,-0.5714,0.2217,0,0,-0.0128,0.8655,-0.0128,0.8655,0.4248,0.6826,1.2937
None-gene-21305495,JASKUS010000001.1,4731,54744915,1.0,2407.6597,3946.0102,1.0,0.0,0.3476,nan,577,0.0093,-0.4639,0.2216,0,0,0.0297,0.6357,0.0297,0.6357,0.383,0.6047,0.0828
None-gene-21349977,JASKUS010000001.1,4731,54744915,1.0,2407.6597,3946.0102,1.0,0.0,0.3476,nan,204,0.0025,-0.5585,0.22,0,0,0.0466,0.5043,0.0466,0.5043,0.3775,0.5944,-0.0784
None-gene-21387671,JASKUS010000001.1,4731,54744915,1.0,2407.6597,3946.0102,1.0,0.0,0.3476,nan,159,0.0017,-0.5699,0.2186,0,0,0.0104,0.8824,0.0104,0.8824,0.478,0.7816,2.8327
None-gene-21390567,JASKUS010000001.1,4731,54744915,1.0,2407.6597,3946.0102,1.0,0.0,0.3476,nan,171,0.0019,-0.5668,0.2185,0,0,0.0182,0.7946,0.0182,0.7946,0.4386,0.7083,1.6921
None-gene-21394541,JASKUS010000001.1,4731,54744915,1.0,2407.6597,3946.0102,1.0,0.0,0.3476,nan,390,0.0059,-0.5113,0.2184,0,0,0.1589,0.0109,0.1589,0.0109,0.4026,0.6411,0.6488
None-gene-21395763,JASKUS010000001.1,4731,54744915,1.0,2407.6597,3946.0102,1.0,0.0,0.3476,nan,23051,0.4171,5.2314,0.2183,0,0,0.4297,0.0,0.4297,0.0,0.3428,0.5298,-1.0816
None-gene-21441329,JASKUS010000001.1,4731,54744915,1.0,2407.6597,3946.0102,1.0,0.0,0.3476,nan,824,0.0138,-0.4013,0.2167,0,0,0.0061,0.923,0.0061,0.923,0.3896,0.6169,0.2723
None-gene-21443351,JASKUS010000001.1,4731,54744915,1.0,2407.6597,3946.0102,1.0,0.0,0.3476,nan,258,0.0035,-0.5448,0.2166,0,0,0.0431,0.5175,0.0431,0.5175,0.4496,0.7288,2.0111
None-gene-21444218,JASKUS010000001.1,4731,54744915,1.0,2407.6597,3946.0102,1.0,0.0,0.3476,nan,1793,0.0313,-0.1558,0.2166,0,0,0.1724,0.0057,0.1724,0.0057,0.4088,0.6528,0.8297
None-gene-21444457,JASKUS010000001.1,4731,54744915,1.0,2407.6597,3946.0102,1.0,0.0,0.3476,nan,426,0.0065,-0.5022,0.2166,0,0,0.1187,0.0658,0.1187,0.0658,0.4178,0.6696,1.0911
None-gene-21465821,JASKUS010000001.1,4731,54744915,1.0,2407.6597,3946.0102,1.0,0.0,0.3476,nan,9335,0.1682,1.7555,0.2158,0,0,0.3462,0.0,0.3462,0.0,0.3443,0.5326,-1.0384
None-gene-21485802,JASKUS010000001.1,4731,54744915,1.0,2407.6597,3946.0102,1.0,0.0,0.3476,nan,3032,0.0538,0.1582,0.2151,0,0,0.2612,0.0,0.2612,0.0,0.3549,0.5523,-0.7319
None-gene-21498131,JASKUS010000001.1,4731,54744915,1.0,2407.6597,3946.0102,1.0,0.0,0.3476,nan,819,0.0137,-0.4026,0.2146,0,0,0.1052,0.0931,0.1052,0.0931,0.409,0.6532,0.8362
None-gene-21502607,JASKUS010000001.1,4731,54744915,1.0,2407.6597,3946.0102,1.0,0.0,0.3476,nan,792,0.0132,-0.4094,0.2144,0,0,0.1374,0.028,0.1374,0.028,0.4167,0.6674,1.0572
None-gene-21518108,JASKUS010000001.1,4731,54744915,1.0,2407.6597,3946.0102,1.0,0.0,0.3476,nan,852,0.0143,-0.3942,0.2139,0,0,0.1679,0.0071,0.1679,0.0071,0.4589,0.7461,2.2806
None-gene-21518617,JASKUS010000001.1,4731,54744915,1.0,2407.6597,3946.0102,1.0,0.0,0.3476,nan,237,0.0031,-0.5501,0.2139,0,0,0.0849,0.2095,0.0849,0.2095,0.4726,0.7715,2.676
None-gene-21527083,JASKUS010000001.1,4731,54744915,1.0,2407.6597,3946.0102,1.0,0.0,0.3476,nan,2468,0.0436,0.0153,0.2135,0,0,0.186,0.0028,0.186,0.0028,0.331,0.5079,-1.4223
None-gene-21533644,JASKUS010000001.1,4731,54744915,1.0,2407.6597,3946.0102,1.0,0.0,0.3476,nan,595,0.0096,-0.4594,0.2133,0,0,0.17,0.0064,0.17,0.0064,0.3983,0.6332,0.5259
None-gene-21541881,JASKUS010000001.1,4731,54744915,1.0,2407.6597,3946.0102,1.0,0.0,0.3476,nan,1447,0.0251,-0.2435,0.213,0,0,0.2169,0.0005,0.2169,0.0005,0.3801,0.5993,-0.0018
None-gene-21548163,JASKUS010000001.1,4731,54744915,1.0,2407.6597,3946.0102,1.0,0.0,0.3476,nan,204,0.0025,-0.5585,0.2128,0,0,0.0321,0.6316,0.0321,0.6316,0.3922,0.6218,0.3475
None-gene-21576438,JASKUS010000001.1,4731,54744915,1.0,2407.6597,3946.0102,1.0,0.0,0.3476,nan,19072,0.3449,4.2231,0.2117,0,0,0.268,0.0,0.268,0.0,0.3391,0.5229,-1.1893
None-gene-21583641,JASKUS010000001.1,4731,54744915,1.0,2407.6597,3946.0102,1.0,0.0,0.3476,nan,336,0.0049,-0.525,0.2115,0,0,-0.0925,0.1512,-0.0925,0.1512,0.3512,0.5455,-0.8388
None-gene-21584042,JASKUS010000001.1,4731,54744915,1.0,2407.6597,3946.0102,1.0,0.0,0.3476,nan,117,0.0009,-0.5805,0.2115,0,0,-0.0458,0.5728,-0.0458,0.5728,0.4444,0.7191,1.8615
None-gene-21600504,JASKUS010000001.1,4731,54744915,1.0,2407.6597,3946.0102,1.0,0.0,0.3476,nan,948,0.016,-0.3699,0.2109,0,0,0.1652,0.0081,0.1652,0.0081,0.4188,0.6713,1.1182
None-gene-21600781,JASKUS010000001.1,4731,54744915,1.0,2407.6597,3946.0102,1.0,0.0,0.3476,nan,183,0.0021,-0.5638,0.2109,0,0,0.0292,0.6995,0.0292,0.6995,0.3989,0.6343,0.5429
None-gene-21611830,JASKUS010000001.1,4731,54744915,1.0,2407.6597,3946.0102,1.0,0.0,0.3476,nan,923,0.0156,-0.3762,0.2105,0,0,0.2673,0.0,0.2673,0.0,0.39,0.6178,0.2859
None-gene-21612413,JASKUS010000001.1,4731,54744915,1.0,2407.6597,3946.0102,1.0,0.0,0.3476,nan,198,0.0024,-0.56,0.2104,0,0,0.1007,0.1822,0.1007,0.1822,0.3889,0.6157,0.2528
None-gene-21628288,JASKUS010000001.1,4731,54744915,1.0,2407.6597,3946.0102,1.0,0.0,0.3476,nan,924,0.0156,-0.376,0.2099,0,0,0.0432,0.4915,0.0432,0.4915,0.447,0.7238,1.9346
None-gene-21629215,JASKUS010000001.1,4731,54744915,1.0,2407.6597,3946.0102,1.0,0.0,0.3476,nan,162,0.0017,-0.5691,0.2098,0,0,0.0421,0.5296,0.0421,0.5296,0.4506,0.7306,2.0402
None-gene-21661102,JASKUS010000001.1,4731,54744915,1.0,2407.6597,3946.0102,1.0,0.0,0.3476,nan,1380,0.0238,-0.2604,0.2087,0,0,0.1589,0.0109,0.1589,0.0109,0.4514,0.7322,2.0643
None-gene-21671734,JASKUS010000001.1,4731,54744915,1.0,2407.6597,3946.0102,1.0,0.0,0.3476,nan,1034,0.0176,-0.3481,0.2083,0,0,0.0835,0.1828,0.0835,0.1828,0.4081,0.6515,0.8098
None-gene-21673037,JASKUS010000001.1,4731,54744915,1.0,2407.6597,3946.0102,1.0,0.0,0.3476,nan,3449,0.0614,0.2639,0.2082,0,0,0.1658,0.0078,0.1658,0.0078,0.4004,0.6371,0.5863
None-gene-21673498,JASKUS010000001.1,4731,54744915,1.0,2407.6597,3946.0102,1.0,0.0,0.3476,nan,281,0.0039,-0.5389,0.2082,0,0,0.0652,0.3134,0.0652,0.3134,0.4484,0.7265,1.976
None-gene-21678562,JASKUS010000001.1,4731,54744915,1.0,2407.6597,3946.0102,1.0,0.0,0.3476,nan,962,0.0163,-0.3664,0.208,0,0,0.2122,0.0006,0.2122,0.0006,0.4064,0.6484,0.7612
None-gene-21682306,JASKUS010000001.1,4731,54744915,1.0,2407.6597,3946.0102,1.0,0.0,0.3476,nan,527,0.0084,-0.4766,0.2079,0,0,0.0696,0.2672,0.0696,0.2672,0.4269,0.6865,1.3548
None-gene-21682981,JASKUS010000001.1,4731,54744915,1.0,2407.6597,3946.0102,1.0,0.0,0.3476,nan,273,0.0038,-0.541,0.2079,0,0,0.0694,0.2927,0.0694,0.2927,0.4359,0.7032,1.614
None-gene-21683255,JASKUS010000001.1,4731,54744915,1.0,2407.6597,3946.0102,1.0,0.0,0.3476,nan,303,0.0043,-0.5334,0.2078,0,0,0.0007,0.9906,0.0007,0.9906,0.4389,0.7089,1.7022
None-gene-21690693,JASKUS010000001.1,4731,54744915,1.0,2407.6597,3946.0102,1.0,0.0,0.3476,nan,12156,0.2194,2.4704,0.2076,0,0,0.3009,0.0,0.3009,0.0,0.4015,0.6392,0.6189
None-gene-21698142,JASKUS010000001.1,4731,54744915,1.0,2407.6597,3946.0102,1.0,0.0,0.3476,nan,279,0.0039,-0.5394,0.2073,0,0,0.1391,0.0406,0.1391,0.0406,0.4373,0.7058,1.6539
None-gene-21698484,JASKUS010000001.1,4731,54744915,1.0,2407.6597,3946.0102,1.0,0.0,0.3476,nan,318,0.0046,-0.5296,0.2073,0,0,0.0342,0.5925,0.0342,0.5925,0.4277,0.6879,1.3758
None-gene-21699735,JASKUS010000001.1,4731,54744915,1.0,2407.6597,3946.0102,1.0,0.0,0.3476,nan,141,0.0014,-0.5744,0.2072,0,0,-0.0036,0.9644,-0.0036,0.9644,0.4255,0.6839,1.3139
None-gene-21701373,JASKUS010000001.1,4731,54744915,1.0,2407.6597,3946.0102,1.0,0.0,0.3476,nan,267,0.0036,-0.5425,0.2072,0,0,-0.0762,0.2696,-0.0762,0.2696,0.4794,0.7842,2.8737
None-gene-21702441,JASKUS010000001.1,4731,54744915,1.0,2407.6597,3946.0102,1.0,0.0,0.3476,nan,189,0.0022,-0.5623,0.2071,0,0,0.0554,0.4271,0.0554,0.4271,0.4286,0.6896,1.4019
None-gene-21715661,JASKUS010000001.1,4731,54744915,1.0,2407.6597,3946.0102,1.0,0.0,0.3476,nan,7007,0.126,1.1656,0.2067,0,0,0.3761,0.0,0.3761,0.0,0.3539,0.5506,-0.7594
None-gene-21726567,JASKUS010000001.1,4731,54744915,1.0,2407.6597,3946.0102,1.0,0.0,0.3476,nan,366,0.0054,-0.5174,0.2063,0,0,0.0102,0.8705,0.0102,0.8705,0.4399,0.7107,1.7296
None-gene-21730325,JASKUS010000001.1,4731,54744915,1.0,2407.6597,3946.0102,1.0,0.0,0.3476,nan,4784,0.0856,0.6022,0.2061,0,0,0.3062,0.0,0.3062,0.0,0.3706,0.5816,-0.2764
None-gene-21736061,JASKUS010000001.1,4731,54744915,1.0,2407.6597,3946.0102,1.0,0.0,0.3476,nan,1118,0.0191,-0.3268,0.2059,0,0,0.0952,0.1287,0.0952,0.1287,0.4052,0.646,0.7248
None-gene-21738653,JASKUS010000001.1,4731,54744915,1.0,2407.6597,3946.0102,1.0,0.0,0.3476,nan,2469,0.0436,0.0155,0.2058,0,0,0.1172,0.0611,0.1172,0.0611,0.384,0.6065,0.1101
None-gene-21744209,JASKUS010000001.1,4731,54744915,1.0,2407.6597,3946.0102,1.0,0.0,0.3476,nan,3477,0.0619,0.271,0.2056,0,0,0.1745,0.0051,0.1745,0.0051,0.3966,0.63,0.4763
None-gene-21750985,JASKUS010000001.1,4731,54744915,1.0,2407.6597,3946.0102,1.0,0.0,0.3476,nan,3304,0.0588,0.2272,0.2054,0,0,0.2386,0.0001,0.2386,0.0001,0.3892,0.6163,0.2626
None-gene-21756260,JASKUS010000001.1,4731,54744915,1.0,2407.6597,3946.0102,1.0,0.0,0.3476,nan,165,0.0018,-0.5683,0.2052,0,0,-0.0614,0.3596,-0.0614,0.3596,0.4364,0.7041,1.6275
None-gene-21756592,JASKUS010000001.1,4731,54744915,1.0,2407.6597,3946.0102,1.0,0.0,0.3476,nan,417,0.0064,-0.5045,0.2052,0,0,-0.0747,0.2335,-0.0747,0.2335,0.446,0.7221,1.9078
None-gene-21770150,JASKUS010000001.1,4731,54744915,1.0,2407.6597,3946.0102,1.0,0.0,0.3476,nan,13652,0.2466,2.8495,0.2047,0,0,0.3338,0.0,0.3338,0.0,0.366,0.573,-0.4113
None-gene-21777901,JASKUS010000001.1,4731,54744915,1.0,2407.6597,3946.0102,1.0,0.0,0.3476,nan,1472,0.0255,-0.2371,0.2044,0,0,0.0994,0.1125,0.0994,0.1125,0.373,0.586,-0.2083
None-gene-21803412,JASKUS010000001.1,4731,54744915,1.0,2407.6597,3946.0102,1.0,0.0,0.3476,nan,741,0.0122,-0.4224,0.2035,0,0,-0.0631,0.3147,-0.0631,0.3147,0.3887,0.6152,0.2463
None-gene-21805855,JASKUS010000001.1,4731,54744915,1.0,2407.6597,3946.0102,1.0,0.0,0.3476,nan,2343,0.0413,-0.0164,0.2034,0,0,0.1966,0.0016,0.1966,0.0016,0.3816,0.602,0.0407
None-gene-21813765,JASKUS010000001.1,4731,54744915,1.0,2407.6597,3946.0102,1.0,0.0,0.3476,nan,2889,0.0512,0.122,0.2031,0,0,0.2164,0.0005,0.2164,0.0005,0.3856,0.6095,0.1576
None-gene-21816843,JASKUS010000001.1,4731,54744915,1.0,2407.6597,3946.0102,1.0,0.0,0.3476,nan,1698,0.0296,-0.1798,0.203,0,0,0.1956,0.0017,0.1956,0.0017,0.4081,0.6515,0.8099
None-gene-21822453,JASKUS010000001.1,4731,54744915,1.0,2407.6597,3946.0102,1.0,0.0,0.3476,nan,2177,0.0383,-0.0585,0.2028,0,0,0.3229,0.0,0.3229,0.0,0.362,0.5655,-0.5267
None-gene-21825584,JASKUS010000001.1,4731,54744915,1.0,2407.6597,3946.0102,1.0,0.0,0.3476,nan,585,0.0094,-0.4619,0.2026,0,0,0.066,0.2925,0.066,0.2925,0.3846,0.6077,0.1291
None-gene-21828221,JASKUS010000001.1,4731,54744915,1.0,2407.6597,3946.0102,1.0,0.0,0.3476,nan,3192,0.0567,0.1988,0.2025,0,0,0.1924,0.002,0.1924,0.002,0.37,0.5805,-0.2945
None-gene-21833259,JASKUS010000001.1,4731,54744915,1.0,2407.6597,3946.0102,1.0,0.0,0.3476,nan,498,0.0078,-0.4839,0.2024,0,0,-0.0113,0.8578,-0.0113,0.8578,0.3534,0.5496,-0.7744
None-gene-21840304,JASKUS010000001.1,4731,54744915,1.0,2407.6597,3946.0102,1.0,0.0,0.3476,nan,3665,0.0653,0.3186,0.2021,0,0,0.1698,0.0064,0.1698,0.0064,0.3864,0.611,0.1795
None-gene-21852875,JASKUS010000001.1,4731,54744915,1.0,2407.6597,3946.0102,1.0,0.0,0.3476,nan,615,0.01,-0.4543,0.2016,0,0,0.1007,0.1137,0.1007,0.1137,0.4634,0.7545,2.4108
None-gene-21853057,JASKUS010000001.1,4731,54744915,1.0,2407.6597,3946.0102,1.0,0.0,0.3476,nan,378,0.0057,-0.5144,0.2016,0,0,0.1307,0.0397,0.1307,0.0397,0.4735,0.7733,2.7041
None-gene-21854015,JASKUS010000001.1,4731,54744915,1.0,2407.6597,3946.0102,1.0,0.0,0.3476,nan,2086,0.0367,-0.0815,0.2016,0,0,0.2235,0.0003,0.2235,0.0003,0.3936,0.6244,0.3886
None-gene-21856980,JASKUS010000001.1,4731,54744915,1.0,2407.6597,3946.0102,1.0,0.0,0.3476,nan,793,0.0132,-0.4092,0.2015,0,0,0.1375,0.0279,0.1375,0.0279,0.4073,0.65,0.7863
None-gene-21866003,JASKUS010000001.1,4731,54744915,1.0,2407.6597,3946.0102,1.0,0.0,0.3476,nan,18839,0.3407,4.164,0.2012,0,0,0.3728,0.0,0.3728,0.0,0.331,0.5079,-1.4229
None-gene-21890021,JASKUS010000001.1,4731,54744915,1.0,2407.6597,3946.0102,1.0,0.0,0.3476,nan,174,0.002,-0.5661,0.2003,0,0,0.0852,0.2544,0.0852,0.2544,0.3678,0.5764,-0.3574
None-gene-21893170,JASKUS010000001.1,4731,54744915,1.0,2407.6597,3946.0102,1.0,0.0,0.3476,nan,636,0.0103,-0.449,0.2002,0,0,-0.0637,0.3101,-0.0637,0.3101,0.3774,0.5942,-0.081
None-gene-21899549,JASKUS010000001.1,4731,54744915,1.0,2407.6597,3946.0102,1.0,0.0,0.3476,nan,1860,0.0326,-0.1388,0.1999,0,0,0.2561,0.0,0.2561,0.0,0.4091,0.6534,0.8392
None-gene-21902421,JASKUS010000001.1,4731,54744915,1.0,2407.6597,3946.0102,1.0,0.0,0.3476,nan,2273,0.0401,-0.0341,0.1998,0,0,0.1518,0.0151,0.1518,0.0151,0.4122,0.6591,0.9287
None-gene-21904305,JASKUS010000001.1,4731,54744915,1.0,2407.6597,3946.0102,1.0,0.0,0.3476,nan,192,0.0023,-0.5615,0.1998,0,0,0.0503,0.4301,0.0503,0.4301,0.4792,0.7838,2.8669
None-gene-21905200,JASKUS010000001.1,4731,54744915,1.0,2407.6597,3946.0102,1.0,0.0,0.3476,nan,870,0.0146,-0.3897,0.1997,0,0,0.2065,0.0009,0.2065,0.0009,0.408,0.6513,0.8075
None-gene-21915227,JASKUS010000001.1,4731,54744915,1.0,2407.6597,3946.0102,1.0,0.0,0.3476,nan,174,0.002,-0.5661,0.1994,0,0,0.0618,0.3604,0.0618,0.3604,0.4368,0.7049,1.6396
None-gene-21927925,JASKUS010000001.1,4731,54744915,1.0,2407.6597,3946.0102,1.0,0.0,0.3476,nan,1660,0.0289,-0.1895,0.1989,0,0,0.1149,0.0665,0.1149,0.0665,0.406,0.6476,0.749
None-gene-21928698,JASKUS010000001.1,4731,54744915,1.0,2407.6597,3946.0102,1.0,0.0,0.3476,nan,171,0.0019,-0.5668,0.1989,0,0,0.1034,0.1381,0.1034,0.1381,0.4327,0.6974,1.5228
None-gene-21935371,JASKUS010000001.1,4731,54744915,1.0,2407.6597,3946.0102,1.0,0.0,0.3476,nan,8703,0.1567,1.5954,0.1986,0,0,0.247,0.0001,0.247,0.0001,0.3671,0.5751,-0.3777
None-gene-21935785,JASKUS010000001.1,4731,54744915,1.0,2407.6597,3946.0102,1.0,0.0,0.3476,nan,177,0.002,-0.5653,0.1986,0,0,-0.0998,0.123,-0.0998,0.123,0.4746,0.7753,2.734
None-gene-21951258,JASKUS010000001.1,4731,54744915,1.0,2407.6597,3946.0102,1.0,0.0,0.3476,nan,6094,0.1094,0.9342,0.1981,0,0,0.2933,0.0,0.2933,0.0,0.3645,0.5702,-0.4546
None-gene-21955446,JASKUS010000001.1,4731,54744915,1.0,2407.6597,3946.0102,1.0,0.0,0.3476,nan,237,0.0031,-0.5501,0.1979,0,0,0.1497,0.0183,0.1497,0.0183,0.443,0.7165,1.8208
None-gene-21957963,JASKUS010000001.1,4731,54744915,1.0,2407.6597,3946.0102,1.0,0.0,0.3476,nan,7243,0.1302,1.2254,0.1978,0,0,0.4439,0.0,0.4439,0.0,0.3551,0.5527,-0.7255
None-gene-21972333,JASKUS010000001.1,4731,54744915,1.0,2407.6597,3946.0102,1.0,0.0,0.3476,nan,1094,0.0187,-0.3329,0.1973,0,0,0.162,0.0094,0.162,0.0094,0.4589,0.746,2.2791
None-gene-21972491,JASKUS010000001.1,4731,54744915,1.0,2407.6597,3946.0102,1.0,0.0,0.3476,nan,541,0.0086,-0.473,0.1973,0,0,0.048,0.4446,0.048,0.4446,0.4547,0.7383,2.1588
None-gene-21976552,JASKUS010000001.1,4731,54744915,1.0,2407.6597,3946.0102,1.0,0.0,0.3476,nan,2514,0.0444,0.0269,0.1971,0,0,0.129,0.0391,0.129,0.0391,0.4049,0.6456,0.7174
None-gene-21982104,JASKUS010000001.1,4731,54744915,1.0,2407.6597,3946.0102,1.0,0.0,0.3476,nan,102,0.0007,-0.5843,0.1969,0,0,0.189,0.034,0.189,0.034,0.3627,0.567,-0.5042
None-gene-21983511,JASKUS010000001.1,4731,54744915,1.0,2407.6597,3946.0102,1.0,0.0,0.3476,nan,9667,0.1742,1.8397,0.1969,0,0,0.1956,0.0017,0.1956,0.0017,0.3531,0.5489,-0.7847
None-gene-21989387,JASKUS010000001.1,4731,54744915,1.0,2407.6597,3946.0102,1.0,0.0,0.3476,nan,1579,0.0275,-0.21,0.1967,0,0,0.168,0.0071,0.168,0.0071,0.3661,0.5731,-0.4084
None-gene-21993003,JASKUS010000001.1,4731,54744915,1.0,2407.6597,3946.0102,1.0,0.0,0.3476,nan,156,0.0016,-0.5706,0.1965,0,0,0.0728,0.2936,0.0728,0.2936,0.5064,0.8346,3.6557
None-gene-21994815,JASKUS010000001.1,4731,54744915,1.0,2407.6597,3946.0102,1.0,0.0,0.3476,nan,2951,0.0524,0.1377,0.1965,0,0,0.2323,0.0002,0.2323,0.0002,0.3995,0.6355,0.5608
None-gene-22002817,JASKUS010000001.1,4731,54744915,1.0,2407.6597,3946.0102,1.0,0.0,0.3476,nan,3214,0.0571,0.2043,0.1962,0,0,0.2362,0.0001,0.2362,0.0001,0.4035,0.643,0.6773
None-gene-22010163,JASKUS010000001.1,4731,54744915,1.0,2407.6597,3946.0102,1.0,0.0,0.3476,nan,651,0.0106,-0.4452,0.1959,0,0,0.184,0.0036,0.184,0.0036,0.3902,0.6181,0.2899
None-gene-22022826,JASKUS010000001.1,4731,54744915,1.0,2407.6597,3946.0102,1.0,0.0,0.3476,nan,433,0.0067,-0.5004,0.1954,0,0,0.108,0.0897,0.108,0.0897,0.4088,0.6527,0.8287
None-gene-22032127,JASKUS010000001.1,4731,54744915,1.0,2407.6597,3946.0102,1.0,0.0,0.3476,nan,1830,0.032,-0.1464,0.1951,0,0,0.2826,0.0,0.2826,0.0,0.3738,0.5875,-0.1849
None-gene-22032170,JASKUS010000001.1,4731,54744915,1.0,2407.6597,3946.0102,1.0,0.0,0.3476,nan,1121,0.0191,-0.3261,0.1951,0,0,0.2256,0.0003,0.2256,0.0003,0.3318,0.5094,-1.3989
None-gene-22035725,JASKUS010000001.1,4731,54744915,1.0,2407.6597,3946.0102,1.0,0.0,0.3476,nan,1073,0.0183,-0.3382,0.195,0,0,0.1396,0.0255,0.1396,0.0255,0.4007,0.6378,0.5961
None-gene-22048669,JASKUS010000001.1,4731,54744915,1.0,2407.6597,3946.0102,1.0,0.0,0.3476,nan,2885,0.0512,0.121,0.1945,0,0,0.2232,0.0003,0.2232,0.0003,0.3456,0.535,-1.0012
None-gene-22054345,JASKUS010000001.1,4731,54744915,1.0,2407.6597,3946.0102,1.0,0.0,0.3476,nan,213,0.0027,-0.5562,0.1943,0,0,0.1758,0.0078,0.1758,0.0078,0.3944,0.6259,0.4114
None-gene-22055452,JASKUS010000001.1,4731,54744915,1.0,2407.6597,3946.0102,1.0,0.0,0.3476,nan,288,0.004,-0.5372,0.1942,0,0,-0.0962,0.1365,-0.0962,0.1365,0.3958,0.6286,0.4539
None-gene-22076029,JASKUS010000001.1,4731,54744915,1.0,2407.6597,3946.0102,1.0,0.0,0.3476,nan,210,0.0026,-0.5569,0.1935,0,0,0.1491,0.0316,0.1491,0.0316,0.4762,0.7783,2.7807
None-gene-22085604,JASKUS010000001.1,4731,54744915,1.0,2407.6597,3946.0102,1.0,0.0,0.3476,nan,1420,0.0246,-0.2503,0.1931,0,0,0.1196,0.0561,0.1196,0.0561,0.4183,0.6705,1.1047
None-gene-22091791,JASKUS010000001.1,4731,54744915,1.0,2407.6597,3946.0102,1.0,0.0,0.3476,nan,508,0.008,-0.4814,0.1929,0,0,0.1445,0.0207,0.1445,0.0207,0.4094,0.654,0.8482
None-gene-22099392,JASKUS010000001.1,4731,54744915,1.0,2407.6597,3946.0102,1.0,0.0,0.3476,nan,937,0.0158,-0.3727,0.1926,0,0,0.1914,0.0021,0.1914,0.0021,0.3767,0.593,-0.0991
None-gene-22102002,JASKUS010000001.1,4731,54744915,1.0,2407.6597,3946.0102,1.0,0.0,0.3476,nan,5682,0.1019,0.8298,0.1925,0,0,0.3525,0.0,0.3525,0.0,0.3935,0.6243,0.387
None-gene-22116415,JASKUS010000001.1,4731,54744915,1.0,2407.6597,3946.0102,1.0,0.0,0.3476,nan,16098,0.2909,3.4694,0.192,0,0,0.2874,0.0,0.2874,0.0,0.3578,0.5578,-0.6471
None-gene-22138199,JASKUS010000001.1,4731,54744915,1.0,2407.6597,3946.0102,1.0,0.0,0.3476,nan,1342,0.0232,-0.2701,0.1912,0,0,-0.022,0.7255,-0.022,0.7255,0.4203,0.6741,1.1614
None-gene-22140047,JASKUS010000001.1,4731,54744915,1.0,2407.6597,3946.0102,1.0,0.0,0.3476,nan,512,0.0081,-0.4804,0.1912,0,0,-0.0313,0.6184,-0.0313,0.6184,0.4141,0.6626,0.9817
None-gene-22151887,JASKUS010000001.1,4731,54744915,1.0,2407.6597,3946.0102,1.0,0.0,0.3476,nan,3608,0.0643,0.3042,0.1907,0,0,0.0157,0.803,0.0157,0.803,0.4415,0.7137,1.7768
None-gene-22158856,JASKUS010000001.1,4731,54744915,1.0,2407.6597,3946.0102,1.0,0.0,0.3476,nan,144,0.0014,-0.5737,0.1905,0,0,-0.0704,0.3306,-0.0704,0.3306,0.4514,0.7321,2.0626
None-gene-22178184,JASKUS010000001.1,4731,54744915,1.0,2407.6597,3946.0102,1.0,0.0,0.3476,nan,84,0.0003,-0.5889,0.1898,0,0,-0.1556,0.0759,-0.1556,0.0759,0.4881,0.8004,3.1254
None-gene-22195141,JASKUS010000001.1,4731,54744915,1.0,2407.6597,3946.0102,1.0,0.0,0.3476,nan,1200,0.0206,-0.306,0.1891,0,0,0.0878,0.1614,0.0878,0.1614,0.4033,0.6426,0.6711
None-gene-22198863,JASKUS010000001.1,4731,54744915,1.0,2407.6597,3946.0102,1.0,0.0,0.3476,nan,1124,0.0192,-0.3253,0.189,0,0,0.2609,0.0,0.2609,0.0,0.371,0.5823,-0.2653
None-gene-22203086,JASKUS010000001.1,4731,54744915,1.0,2407.6597,3946.0102,1.0,0.0,0.3476,nan,117,0.0009,-0.5805,0.1889,0,0,0.0711,0.3701,0.0711,0.3701,0.4359,0.7032,1.614
None-gene-22203108,JASKUS010000001.1,4731,54744915,1.0,2407.6597,3946.0102,1.0,0.0,0.3476,nan,129,0.0011,-0.5775,0.1889,0,0,0.1539,0.0304,0.1539,0.0304,0.4341,0.6999,1.5622
None-gene-22203216,JASKUS010000001.1,4731,54744915,1.0,2407.6597,3946.0102,1.0,0.0,0.3476,nan,921,0.0155,-0.3768,0.1888,0,0,0.1032,0.0995,0.1032,0.0995,0.4484,0.7266,1.9768
None-gene-22207447,JASKUS010000001.1,4731,54744915,1.0,2407.6597,3946.0102,1.0,0.0,0.3476,nan,1937,0.034,-0.1193,0.1887,0,0,0.2748,0.0,0.2748,0.0,0.3887,0.6154,0.2487
None-gene-22214557,JASKUS010000001.1,4731,54744915,1.0,2407.6597,3946.0102,1.0,0.0,0.3476,nan,3419,0.0608,0.2563,0.1884,0,0,0.1541,0.0136,0.1541,0.0136,0.4054,0.6464,0.7304
None-gene-22223924,JASKUS010000001.1,4731,54744915,1.0,2407.6597,3946.0102,1.0,0.0,0.3476,nan,2953,0.0524,0.1382,0.1881,0,0,0.2823,0.0,0.2823,0.0,0.4138,0.6621,0.9746
None-gene-22238069,JASKUS010000001.1,4731,54744915,1.0,2407.6597,3946.0102,1.0,0.0,0.3476,nan,2765,0.049,0.0906,0.1876,0,0,0.2105,0.0007,0.2105,0.0007,0.3599,0.5616,-0.5879
None-gene-22255492,JASKUS010000001.1,4731,54744915,1.0,2407.6597,3946.0102,1.0,0.0,0.3476,nan,2983,0.0529,0.1458,0.1869,0,0,0.1894,0.0023,0.1894,0.0023,0.3969,0.6306,0.4853
None-gene-22260183,JASKUS010000001.1,4731,54744915,1.0,2407.6597,3946.0102,1.0,0.0,0.3476,nan,393,0.0059,-0.5106,0.1868,0,0,0.0587,0.3497,0.0587,0.3497,0.3995,0.6354,0.5598
None-gene-22263413,JASKUS010000001.1,4731,54744915,1.0,2407.6597,3946.0102,1.0,0.0,0.3476,nan,2743,0.0486,0.085,0.1866,0,0,0.2095,0.0007,0.2095,0.0007,0.424,0.681,1.2692
None-gene-22277225,JASKUS010000001.1,4731,54744915,1.0,2407.6597,3946.0102,1.0,0.0,0.3476,nan,1052,0.0179,-0.3436,0.1861,0,0,0.2064,0.0009,0.2064,0.0009,0.3774,0.5942,-0.0805
None-gene-22279646,JASKUS010000001.1,4731,54744915,1.0,2407.6597,3946.0102,1.0,0.0,0.3476,nan,816,0.0136,-0.4034,0.1861,0,0,0.2135,0.0006,0.2135,0.0006,0.3775,0.5944,-0.0784
None-gene-22281608,JASKUS010000001.1,4731,54744915,1.0,2407.6597,3946.0102,1.0,0.0,0.3476,nan,2276,0.0401,-0.0334,0.186,0,0,0.2626,0.0,0.2626,0.0,0.3721,0.5845,-0.232
None-gene-22285136,JASKUS010000001.1,4731,54744915,1.0,2407.6597,3946.0102,1.0,0.0,0.3476,nan,923,0.0156,-0.3762,0.1859,0,0,0.0488,0.4371,0.0488,0.4371,0.4095,0.6541,0.8506
None-gene-22288368,JASKUS010000001.1,4731,54744915,1.0,2407.6597,3946.0102,1.0,0.0,0.3476,nan,369,0.0055,-0.5166,0.1857,0,0,-0.0953,0.1339,-0.0953,0.1339,0.3957,0.6283,0.449
None-gene-22289340,JASKUS010000001.1,4731,54744915,1.0,2407.6597,3946.0102,1.0,0.0,0.3476,nan,1393,0.0241,-0.2571,0.1857,0,0,0.1232,0.0489,0.1232,0.0489,0.3984,0.6334,0.5288
None-gene-22303726,JASKUS010000001.1,4731,54744915,1.0,2407.6597,3946.0102,1.0,0.0,0.3476,nan,2281,0.0402,-0.0321,0.1852,0,0,0.0904,0.1494,0.0904,0.1494,0.3836,0.6058,0.0998
None-gene-22306263,JASKUS010000001.1,4731,54744915,1.0,2407.6597,3946.0102,1.0,0.0,0.3476,nan,195,0.0023,-0.5607,0.1851,0,0,-0.1151,0.1072,-0.1151,0.1072,0.4154,0.665,1.02
None-gene-22330833,JASKUS010000001.1,4731,54744915,1.0,2407.6597,3946.0102,1.0,0.0,0.3476,nan,255,0.0034,-0.5455,0.1842,0,0,0.0224,0.7465,0.0224,0.7465,0.3451,0.5341,-1.0152
None-gene-22331226,JASKUS010000001.1,4731,54744915,1.0,2407.6597,3946.0102,1.0,0.0,0.3476,nan,294,0.0041,-0.5356,0.1842,0,0,-0.1019,0.1564,-0.1019,0.1564,0.3537,0.5502,-0.7649
None-gene-22334359,JASKUS010000001.1,4731,54744915,1.0,2407.6597,3946.0102,1.0,0.0,0.3476,nan,4022,0.0718,0.4091,0.1841,0,0,0.2454,0.0001,0.2454,0.0001,0.3503,0.5438,-0.8639
None-gene-22341233,JASKUS010000001.1,4731,54744915,1.0,2407.6597,3946.0102,1.0,0.0,0.3476,nan,1231,0.0211,-0.2982,0.1838,0,0,0.1244,0.0468,0.1244,0.0468,0.4639,0.7553,2.4234
None-gene-22341318,JASKUS010000001.1,4731,54744915,1.0,2407.6597,3946.0102,1.0,0.0,0.3476,nan,192,0.0023,-0.5615,0.1838,0,0,0.1683,0.0124,0.1683,0.0124,0.4896,0.8032,3.1685
None-gene-22341681,JASKUS010000001.1,4731,54744915,1.0,2407.6597,3946.0102,1.0,0.0,0.3476,nan,261,0.0035,-0.544,0.1838,0,0,-0.0071,0.9124,-0.0071,0.9124,0.4828,0.7905,2.9709
None-gene-22344021,JASKUS010000001.1,4731,54744915,1.0,2407.6597,3946.0102,1.0,0.0,0.3476,nan,2579,0.0456,0.0434,0.1837,0,0,0.2512,0.0,0.2512,0.0,0.423,0.6793,1.2415
None-gene-22345396,JASKUS010000001.1,4731,54744915,1.0,2407.6597,3946.0102,1.0,0.0,0.3476,nan,457,0.0071,-0.4943,0.1837,0,0,0.1422,0.0248,0.1422,0.0248,0.4245,0.682,1.2842
None-gene-22349399,JASKUS010000001.1,4731,54744915,1.0,2407.6597,3946.0102,1.0,0.0,0.3476,nan,4144,0.074,0.44,0.1835,0,0,0.2854,0.0,0.2854,0.0,0.4216,0.6765,1.1992
None-gene-22361319,JASKUS010000001.1,4731,54744915,1.0,2407.6597,3946.0102,1.0,0.0,0.3476,nan,1533,0.0266,-0.2217,0.1831,0,0,0.283,0.0,0.283,0.0,0.4057,0.6471,0.7408
None-gene-22366156,JASKUS010000001.1,4731,54744915,1.0,2407.6597,3946.0102,1.0,0.0,0.3476,nan,2017,0.0354,-0.099,0.1829,0,0,0.1392,0.0259,0.1392,0.0259,0.3842,0.607,0.118
None-gene-22381138,JASKUS010000001.1,4731,54744915,1.0,2407.6597,3946.0102,1.0,0.0,0.3476,nan,3267,0.0581,0.2178,0.1823,0,0,0.2156,0.0005,0.2156,0.0005,0.4533,0.7357,2.1185
None-gene-22388811,JASKUS010000001.1,4731,54744915,1.0,2407.6597,3946.0102,1.0,0.0,0.3476,nan,4150,0.0741,0.4415,0.1821,0,0,0.167,0.0074,0.167,0.0074,0.3812,0.6014,0.0303
None-gene-22395239,JASKUS010000001.1,4731,54744915,1.0,2407.6597,3946.0102,1.0,0.0,0.3476,nan,645,0.0105,-0.4467,0.1818,0,0,-0.0189,0.7633,-0.0189,0.7633,0.4357,0.7028,1.6071
None-gene-22408093,JASKUS010000001.1,4731,54744915,1.0,2407.6597,3946.0102,1.0,0.0,0.3476,nan,258,0.0035,-0.5448,0.1814,0,0,0.0488,0.4582,0.0488,0.4582,0.4109,0.6566,0.8888
None-gene-22410745,JASKUS010000001.1,4731,54744915,1.0,2407.6597,3946.0102,1.0,0.0,0.3476,nan,7267,0.1307,1.2315,0.1813,0,0,0.3103,0.0,0.3103,0.0,0.3382,0.5213,-1.2137
None-gene-22410864,JASKUS010000001.1,4731,54744915,1.0,2407.6597,3946.0102,1.0,0.0,0.3476,nan,99,0.0006,-0.5851,0.1813,0,0,-0.0154,0.85,-0.0154,0.85,0.404,0.6439,0.6916
None-gene-22425728,JASKUS010000001.1,4731,54744915,1.0,2407.6597,3946.0102,1.0,0.0,0.3476,nan,2448,0.0432,0.0102,0.1807,0,0,0.1296,0.0383,0.1296,0.0383,0.3787,0.5966,-0.0429
None-gene-22449770,JASKUS010000001.1,4731,54744915,1.0,2407.6597,3946.0102,1.0,0.0,0.3476,nan,2114,0.0372,-0.0744,0.1798,0,0,0.1899,0.0023,0.1899,0.0023,0.4281,0.6887,1.3882
None-gene-22456319,JASKUS010000001.1,4731,54744915,1.0,2407.6597,3946.0102,1.0,0.0,0.3476,nan,2262,0.0399,-0.0369,0.1796,0,0,0.1054,0.0923,0.1054,0.0923,0.4111,0.6571,0.8971
None-gene-22461427,JASKUS010000001.1,4731,54744915,1.0,2407.6597,3946.0102,1.0,0.0,0.3476,nan,853,0.0143,-0.394,0.1794,0,0,0.0584,0.3598,0.0584,0.3598,0.4033,0.6425,0.6696
None-gene-22468130,JASKUS010000001.1,4731,54744915,1.0,2407.6597,3946.0102,1.0,0.0,0.3476,nan,2240,0.0395,-0.0425,0.1792,0,0,0.087,0.165,0.087,0.165,0.4138,0.6621,0.9753
None-gene-22473632,JASKUS010000001.1,4731,54744915,1.0,2407.6597,3946.0102,1.0,0.0,0.3476,nan,15694,0.2836,3.367,0.179,0,0,0.3752,0.0,0.3752,0.0,0.3798,0.5988,-0.0096
None-gene-22485214,JASKUS010000001.1,4731,54744915,1.0,2407.6597,3946.0102,1.0,0.0,0.3476,nan,204,0.0025,-0.5585,0.1785,0,0,-0.0248,0.7147,-0.0248,0.7147,0.4216,0.6765,1.1991
None-gene-22496001,JASKUS010000001.1,4731,54744915,1.0,2407.6597,3946.0102,1.0,0.0,0.3476,nan,465,0.0072,-0.4923,0.1782,0,0,0.1866,0.0031,0.1866,0.0031,0.3871,0.6123,0.2009
None-gene-22499378,JASKUS010000001.1,4731,54744915,1.0,2407.6597,3946.0102,1.0,0.0,0.3476,nan,384,0.0058,-0.5128,0.178,0,0,-0.0195,0.7667,-0.0195,0.7667,0.4531,0.7353,2.1128
None-gene-22503233,JASKUS010000001.1,4731,54744915,1.0,2407.6597,3946.0102,1.0,0.0,0.3476,nan,2272,0.04,-0.0344,0.1779,0,0,0.2055,0.0009,0.2055,0.0009,0.4067,0.6488,0.7683
None-gene-22524664,JASKUS010000001.1,4731,54744915,1.0,2407.6597,3946.0102,1.0,0.0,0.3476,nan,207,0.0026,-0.5577,0.1771,0,0,0.0515,0.4197,0.0515,0.4197,0.4058,0.6472,0.7424
None-gene-22535474,JASKUS010000001.1,4731,54744915,1.0,2407.6597,3946.0102,1.0,0.0,0.3476,nan,264,0.0036,-0.5432,0.1767,0,0,-0.0378,0.5584,-0.0378,0.5584,0.4318,0.6956,1.4959
None-gene-22536229,JASKUS010000001.1,4731,54744915,1.0,2407.6597,3946.0102,1.0,0.0,0.3476,nan,1233,0.0212,-0.2977,0.1767,0,0,-0.0694,0.2687,-0.0694,0.2687,0.4298,0.692,1.4388
None-gene-22553502,JASKUS010000001.1,4731,54744915,1.0,2407.6597,3946.0102,1.0,0.0,0.3476,nan,14269,0.2578,3.0059,0.1761,0,0,0.4654,0.0,0.4654,0.0,0.3423,0.5289,-1.0968
None-gene-22576607,JASKUS010000001.1,4731,54744915,1.0,2407.6597,3946.0102,1.0,0.0,0.3476,nan,518,0.0082,-0.4789,0.1752,0,0,0.1291,0.0423,0.1291,0.0423,0.3784,0.5961,-0.0515
None-gene-22586512,JASKUS010000001.1,4731,54744915,1.0,2407.6597,3946.0102,1.0,0.0,0.3476,nan,1061,0.0181,-0.3413,0.1748,0,0,0.1325,0.0341,0.1325,0.0341,0.4402,0.7111,1.7372
None-gene-22587697,JASKUS010000001.1,4731,54744915,1.0,2407.6597,3946.0102,1.0,0.0,0.3476,nan,555,0.0089,-0.4695,0.1748,0,0,0.0458,0.4655,0.0458,0.4655,0.3748,0.5894,-0.1559
None-gene-22589908,JASKUS010000001.1,4731,54744915,1.0,2407.6597,3946.0102,1.0,0.0,0.3476,nan,1272,0.0219,-0.2878,0.1747,0,0,0.1629,0.009,0.1629,0.009,0.3821,0.603,0.0555
None-gene-22592525,JASKUS010000001.1,4731,54744915,1.0,2407.6597,3946.0102,1.0,0.0,0.3476,nan,631,0.0103,-0.4502,0.1746,0,0,0.0902,0.15,0.0902,0.15,0.4406,0.7119,1.7493
None-gene-22600161,JASKUS010000001.1,4731,54744915,1.0,2407.6597,3946.0102,1.0,0.0,0.3476,nan,680,0.0111,-0.4378,0.1743,0,0,0.1712,0.006,0.1712,0.006,0.4294,0.6911,1.4262
None-gene-22600877,JASKUS010000001.1,4731,54744915,1.0,2407.6597,3946.0102,1.0,0.0,0.3476,nan,828,0.0138,-0.4003,0.1743,0,0,0.1132,0.0789,0.1132,0.0789,0.3841,0.6067,0.1129
None-gene-22604705,JASKUS010000001.1,4731,54744915,1.0,2407.6597,3946.0102,1.0,0.0,0.3476,nan,748,0.0124,-0.4206,0.1742,0,0,0.2355,0.0001,0.2355,0.0001,0.3837,0.606,0.1023
None-gene-22606754,JASKUS010000001.1,4731,54744915,1.0,2407.6597,3946.0102,1.0,0.0,0.3476,nan,4639,0.083,0.5655,0.1741,0,0,0.1784,0.0042,0.1784,0.0042,0.3656,0.5723,-0.4216
None-gene-22614063,JASKUS010000001.1,4731,54744915,1.0,2407.6597,3946.0102,1.0,0.0,0.3476,nan,492,0.0077,-0.4855,0.1738,0,0,0.1651,0.0081,0.1651,0.0081,0.439,0.709,1.7045
None-gene-22622181,JASKUS010000001.1,4731,54744915,1.0,2407.6597,3946.0102,1.0,0.0,0.3476,nan,3722,0.0663,0.3331,0.1735,0,0,0.2153,0.0005,0.2153,0.0005,0.442,0.7145,1.7897
None-gene-22623824,JASKUS010000001.1,4731,54744915,1.0,2407.6597,3946.0102,1.0,0.0,0.3476,nan,141,0.0014,-0.5744,0.1735,0,0,-0.0215,0.7791,-0.0215,0.7791,0.4255,0.6839,1.3139
None-gene-22630411,JASKUS010000001.1,4731,54744915,1.0,2407.6597,3946.0102,1.0,0.0,0.3476,nan,971,0.0164,-0.3641,0.1732,0,0,0.1172,0.061,0.1172,0.061,0.449,0.7277,1.994
None-gene-22630457,JASKUS010000001.1,4731,54744915,1.0,2407.6597,3946.0102,1.0,0.0,0.3476,nan,270,0.0037,-0.5417,0.1732,0,0,0.0369,0.5741,0.0369,0.5741,0.4889,0.8019,3.1484
None-gene-22633107,JASKUS010000001.1,4731,54744915,1.0,2407.6597,3946.0102,1.0,0.0,0.3476,nan,7289,0.1311,1.237,0.1731,0,0,0.3477,0.0,0.3477,0.0,0.442,0.7147,1.7917
None-gene-22640583,JASKUS010000001.1,4731,54744915,1.0,2407.6597,3946.0102,1.0,0.0,0.3476,nan,390,0.0059,-0.5113,0.1729,0,0,0.0227,0.7222,0.0227,0.7222,0.4385,0.708,1.6882
None-gene-22642470,JASKUS010000001.1,4731,54744915,1.0,2407.6597,3946.0102,1.0,0.0,0.3476,nan,315,0.0045,-0.5303,0.1728,0,0,0.1277,0.0477,0.1277,0.0477,0.4095,0.6541,0.8503
None-gene-22709705,JASKUS010000001.1,4731,54744915,1.0,2407.6597,3946.0102,1.0,0.0,0.3476,nan,6554,0.1177,1.0508,0.1703,0,0,0.2284,0.0002,0.2284,0.0002,0.336,0.5171,-1.2792
None-gene-22747083,JASKUS010000001.1,4731,54744915,1.0,2407.6597,3946.0102,1.0,0.0,0.3476,nan,2100,0.0369,-0.078,0.169,0,0,-0.0141,0.8224,-0.0141,0.8224,0.3838,0.6062,0.1057
None-gene-22756139,JASKUS010000001.1,4731,54744915,1.0,2407.6597,3946.0102,1.0,0.0,0.3476,nan,1465,0.0254,-0.2389,0.1686,0,0,0.1652,0.0081,0.1652,0.0081,0.3898,0.6173,0.2781
None-gene-22762476,JASKUS010000001.1,4731,54744915,1.0,2407.6597,3946.0102,1.0,0.0,0.3476,nan,2101,0.0369,-0.0777,0.1684,0,0,0.2066,0.0009,0.2066,0.0009,0.4012,0.6387,0.6104
None-gene-22786907,JASKUS010000001.1,4731,54744915,1.0,2407.6597,3946.0102,1.0,0.0,0.3476,nan,3835,0.0684,0.3617,0.1675,0,0,0.2457,0.0001,0.2457,0.0001,0.405,0.6456,0.718
None-gene-22797103,JASKUS010000001.1,4731,54744915,1.0,2407.6597,3946.0102,1.0,0.0,0.3476,nan,417,0.0064,-0.5045,0.1672,0,0,0.0357,0.5698,0.0357,0.5698,0.4317,0.6953,1.4911
None-gene-22807142,JASKUS010000001.1,4731,54744915,1.0,2407.6597,3946.0102,1.0,0.0,0.3476,nan,12817,0.2314,2.6379,0.1668,0,0,0.2725,0.0,0.2725,0.0,0.3503,0.5438,-0.8641
None-gene-22837249,JASKUS010000001.1,4731,54744915,1.0,2407.6597,3946.0102,1.0,0.0,0.3476,nan,726,0.012,-0.4262,0.1657,0,0,0.0763,0.2312,0.0763,0.2312,0.3829,0.6046,0.08
None-gene-22848679,JASKUS010000001.1,4731,54744915,1.0,2407.6597,3946.0102,1.0,0.0,0.3476,nan,13651,0.2465,2.8493,0.1653,0,0,0.2886,0.0,0.2886,0.0,0.3141,0.4764,-1.9123
None-gene-22902665,JASKUS010000001.1,4731,54744915,1.0,2407.6597,3946.0102,1.0,0.0,0.3476,nan,1149,0.0197,-0.319,0.1633,0,0,0.1003,0.1093,0.1003,0.1093,0.4082,0.6516,0.8114
None-gene-22902796,JASKUS010000001.1,4731,54744915,1.0,2407.6597,3946.0102,1.0,0.0,0.3476,nan,411,0.0063,-0.506,0.1633,0,0,0.0025,0.9689,0.0025,0.9689,0.3844,0.6074,0.1237
None-gene-22911603,JASKUS010000001.1,4731,54744915,1.0,2407.6597,3946.0102,1.0,0.0,0.3476,nan,2613,0.0462,0.052,0.163,0,0,0.1113,0.0756,0.1113,0.0756,0.4416,0.7139,1.7802
None-gene-22918386,JASKUS010000001.1,4731,54744915,1.0,2407.6597,3946.0102,1.0,0.0,0.3476,nan,11275,0.2034,2.2472,0.1627,0,0,0.3302,0.0,0.3302,0.0,0.3458,0.5354,-0.9946
None-gene-22967568,JASKUS010000001.1,4731,54744915,1.0,2407.6597,3946.0102,1.0,0.0,0.3476,nan,1485,0.0258,-0.2338,0.1609,0,0,0.1992,0.0014,0.1992,0.0014,0.4296,0.6915,1.4325
None-gene-22968394,JASKUS010000001.1,4731,54744915,1.0,2407.6597,3946.0102,1.0,0.0,0.3476,nan,201,0.0024,-0.5592,0.1609,0,0,0.1703,0.0103,0.1703,0.0103,0.4179,0.6697,1.0932
None-gene-23004408,JASKUS010000001.1,4731,54744915,1.0,2407.6597,3946.0102,1.0,0.0,0.3476,nan,251,0.0034,-0.5465,0.1596,0,0,0.092,0.1801,0.092,0.1801,0.4064,0.6482,0.7591
None-gene-23005440,JASKUS010000001.1,4731,54744915,1.0,2407.6597,3946.0102,1.0,0.0,0.3476,nan,8124,0.1462,1.4486,0.1595,0,0,0.3429,0.0,0.3429,0.0,0.3865,0.6112,0.1839
None-gene-23007346,JASKUS010000001.1,4731,54744915,1.0,2407.6597,3946.0102,1.0,0.0,0.3476,nan,943,0.0159,-0.3712,0.1595,0,0,0.1499,0.0164,0.1499,0.0164,0.3659,0.5728,-0.4142
None-gene-23013933,JASKUS010000001.1,4731,54744915,1.0,2407.6597,3946.0102,1.0,0.0,0.3476,nan,4267,0.0762,0.4712,0.1592,0,0,0.2892,0.0,0.2892,0.0,0.3869,0.612,0.1959
None-gene-23022998,JASKUS010000001.1,4731,54744915,1.0,2407.6597,3946.0102,1.0,0.0,0.3476,nan,18284,0.3306,4.0234,0.1589,0,0,0.4253,0.0,0.4253,0.0,0.3324,0.5105,-1.3822
None-gene-23075763,JASKUS010000001.1,4731,54744915,1.0,2407.6597,3946.0102,1.0,0.0,0.3476,nan,784,0.013,-0.4115,0.157,0,0,0.1116,0.0746,0.1116,0.0746,0.3878,0.6136,0.22
None-gene-23077944,JASKUS010000001.1,4731,54744915,1.0,2407.6597,3946.0102,1.0,0.0,0.3476,nan,3376,0.0601,0.2454,0.1569,0,0,0.1807,0.0037,0.1807,0.0037,0.4061,0.6477,0.7512
None-gene-23089739,JASKUS010000001.1,4731,54744915,1.0,2407.6597,3946.0102,1.0,0.0,0.3476,nan,1114,0.019,-0.3278,0.1565,0,0,0.2757,0.0,0.2757,0.0,0.3833,0.6053,0.0911
None-gene-23091545,JASKUS010000001.1,4731,54744915,1.0,2407.6597,3946.0102,1.0,0.0,0.3476,nan,378,0.0057,-0.5144,0.1564,0,0,0.1358,0.0299,0.1358,0.0299,0.4683,0.7635,2.5509
None-gene-23093467,JASKUS010000001.1,4731,54744915,1.0,2407.6597,3946.0102,1.0,0.0,0.3476,nan,1225,0.021,-0.2997,0.1563,0,0,0.2081,0.0008,0.2081,0.0008,0.3967,0.6303,0.48
None-gene-23139160,JASKUS010000001.1,4731,54744915,1.0,2407.6597,3946.0102,1.0,0.0,0.3476,nan,183,0.0021,-0.5638,0.1547,0,0,0.0236,0.7378,0.0236,0.7378,0.3825,0.6038,0.0682
None-gene-23140947,JASKUS010000001.1,4731,54744915,1.0,2407.6597,3946.0102,1.0,0.0,0.3476,nan,1022,0.0173,-0.3512,0.1546,0,0,0.1425,0.0226,0.1425,0.0226,0.4491,0.7278,1.9968
None-gene-23148709,JASKUS010000001.1,4731,54744915,1.0,2407.6597,3946.0102,1.0,0.0,0.3476,nan,6553,0.1177,1.0505,0.1543,0,0,0.3865,0.0,0.3865,0.0,0.3386,0.522,-1.2026
None-gene-23165174,JASKUS010000001.1,4731,54744915,1.0,2407.6597,3946.0102,1.0,0.0,0.3476,nan,1191,0.0204,-0.3083,0.1537,0,0,-0.1163,0.0631,-0.1163,0.0631,0.4131,0.6608,0.9538
None-gene-23170226,JASKUS010000001.1,4731,54744915,1.0,2407.6597,3946.0102,1.0,0.0,0.3476,nan,1046,0.0178,-0.3451,0.1535,0,0,0.0926,0.145,0.0926,0.145,0.3891,0.6161,0.259
None-gene-23174772,JASKUS010000001.1,4731,54744915,1.0,2407.6597,3946.0102,1.0,0.0,0.3476,nan,4550,0.0814,0.5429,0.1534,0,0,0.2457,0.0001,0.2457,0.0001,0.4163,0.6667,1.0455
None-gene-23179412,JASKUS010000001.1,4731,54744915,1.0,2407.6597,3946.0102,1.0,0.0,0.3476,nan,984,0.0167,-0.3608,0.1532,0,0,0.1655,0.008,0.1655,0.008,0.4339,0.6996,1.5574
None-gene-23182250,JASKUS010000001.1,4731,54744915,1.0,2407.6597,3946.0102,1.0,0.0,0.3476,nan,2042,0.0359,-0.0927,0.1531,0,0,0.1072,0.087,0.1072,0.087,0.3918,0.621,0.3363
None-gene-23186260,JASKUS010000001.1,4731,54744915,1.0,2407.6597,3946.0102,1.0,0.0,0.3476,nan,1068,0.0182,-0.3395,0.1529,0,0,0.215,0.0005,0.215,0.0005,0.4017,0.6395,0.6234
None-gene-23192667,JASKUS010000001.1,4731,54744915,1.0,2407.6597,3946.0102,1.0,0.0,0.3476,nan,7263,0.1306,1.2304,0.1527,0,0,0.4441,0.0,0.4441,0.0,0.3956,0.6281,0.4462
None-gene-23208336,JASKUS010000001.1,4731,54744915,1.0,2407.6597,3946.0102,1.0,0.0,0.3476,nan,369,0.0055,-0.5166,0.1521,0,0,0.053,0.4272,0.053,0.4272,0.4201,0.6737,1.1552
None-gene-23217826,JASKUS010000001.1,4731,54744915,1.0,2407.6597,3946.0102,1.0,0.0,0.3476,nan,2774,0.0491,0.0928,0.1518,0,0,0.2608,0.0,0.2608,0.0,0.4351,0.7018,1.5912
None-gene-23218721,JASKUS010000001.1,4731,54744915,1.0,2407.6597,3946.0102,1.0,0.0,0.3476,nan,662,0.0108,-0.4424,0.1517,0,0,0.0578,0.3644,0.0578,0.3644,0.4486,0.727,1.983
None-gene-23225649,JASKUS010000001.1,4731,54744915,1.0,2407.6597,3946.0102,1.0,0.0,0.3476,nan,1584,0.0275,-0.2087,0.1515,0,0,0.2469,0.0001,0.2469,0.0001,0.4104,0.6556,0.8744
None-gene-23230346,JASKUS010000001.1,4731,54744915,1.0,2407.6597,3946.0102,1.0,0.0,0.3476,nan,1487,0.0258,-0.2333,0.1513,0,0,0.1567,0.012,0.1567,0.012,0.4122,0.6592,0.929
None-gene-23234295,JASKUS010000001.1,4731,54744915,1.0,2407.6597,3946.0102,1.0,0.0,0.3476,nan,9388,0.1692,1.769,0.1512,0,0,0.4846,0.0,0.4846,0.0,0.3362,0.5175,-1.2736
None-gene-23247782,JASKUS010000001.1,4731,54744915,1.0,2407.6597,3946.0102,1.0,0.0,0.3476,nan,327,0.0047,-0.5273,0.1507,0,0,0.0316,0.6258,0.0316,0.6258,0.4771,0.7799,2.806
None-gene-23257381,JASKUS010000001.1,4731,54744915,1.0,2407.6597,3946.0102,1.0,0.0,0.3476,nan,1518,0.0264,-0.2255,0.1503,0,0,0.0316,0.6145,0.0316,0.6145,0.3656,0.5723,-0.4212
None-gene-23268394,JASKUS010000001.1,4731,54744915,1.0,2407.6597,3946.0102,1.0,0.0,0.3476,nan,1336,0.023,-0.2716,0.1499,0,0,0.1441,0.0211,0.1441,0.0211,0.3653,0.5717,-0.4311
None-gene-23272279,JASKUS010000001.1,4731,54744915,1.0,2407.6597,3946.0102,1.0,0.0,0.3476,nan,698,0.0115,-0.4333,0.1498,0,0,0.1186,0.0623,0.1186,0.0623,0.3911,0.6198,0.3174
None-gene-23282008,JASKUS010000001.1,4731,54744915,1.0,2407.6597,3946.0102,1.0,0.0,0.3476,nan,3287,0.0585,0.2228,0.1494,0,0,0.0932,0.1371,0.0932,0.1371,0.3928,0.6229,0.3649
None-gene-23285909,JASKUS010000001.1,4731,54744915,1.0,2407.6597,3946.0102,1.0,0.0,0.3476,nan,1251,0.0215,-0.2931,0.1493,0,0,0.137,0.0284,0.137,0.0284,0.3821,0.603,0.0561
None-gene-23289750,JASKUS010000001.1,4731,54744915,1.0,2407.6597,3946.0102,1.0,0.0,0.3476,nan,6188,0.1111,0.958,0.1492,0,0,0.2163,0.0005,0.2163,0.0005,0.3833,0.6053,0.0916
None-gene-23302031,JASKUS010000001.1,4731,54744915,1.0,2407.6597,3946.0102,1.0,0.0,0.3476,nan,10188,0.1837,1.9717,0.1487,0,0,0.4169,0.0,0.4169,0.0,0.3451,0.5341,-1.0148
None-gene-23328352,JASKUS010000001.1,4731,54744915,1.0,2407.6597,3946.0102,1.0,0.0,0.3476,nan,3884,0.0693,0.3741,0.1477,0,0,0.2275,0.0002,0.2275,0.0002,0.4269,0.6864,1.3529
None-gene-23329249,JASKUS010000001.1,4731,54744915,1.0,2407.6597,3946.0102,1.0,0.0,0.3476,nan,129,0.0011,-0.5775,0.1477,0,0,0.0156,0.8298,0.0156,0.8298,0.4884,0.801,3.1334
None-gene-23331825,JASKUS010000001.1,4731,54744915,1.0,2407.6597,3946.0102,1.0,0.0,0.3476,nan,213,0.0027,-0.5562,0.1476,0,0,0.1512,0.0227,0.1512,0.0227,0.4648,0.757,2.4506
None-gene-23339675,JASKUS010000001.1,4731,54744915,1.0,2407.6597,3946.0102,1.0,0.0,0.3476,nan,13518,0.2441,2.8156,0.1473,0,0,0.3184,0.0,0.3184,0.0,0.3495,0.5422,-0.8889
None-gene-23348075,JASKUS010000001.1,4731,54744915,1.0,2407.6597,3946.0102,1.0,0.0,0.3476,nan,1350,0.0233,-0.268,0.147,0,0,0.0624,0.3204,0.0624,0.3204,0.403,0.6419,0.6604
None-gene-23356481,JASKUS010000001.1,4731,54744915,1.0,2407.6597,3946.0102,1.0,0.0,0.3476,nan,4764,0.0853,0.5971,0.1467,0,0,0.3234,0.0,0.3234,0.0,0.3684,0.5775,-0.3408
None-gene-23362654,JASKUS010000001.1,4731,54744915,1.0,2407.6597,3946.0102,1.0,0.0,0.3476,nan,13017,0.235,2.6886,0.1465,0,0,0.4807,0.0,0.4807,0.0,0.4148,0.6639,1.0031
None-gene-23424652,JASKUS010000001.1,4731,54744915,1.0,2407.6597,3946.0102,1.0,0.0,0.3476,nan,204,0.0025,-0.5585,0.1442,0,0,-0.0163,0.7983,-0.0163,0.7983,0.4314,0.6948,1.483
None-gene-23435459,JASKUS010000001.1,4731,54744915,1.0,2407.6597,3946.0102,1.0,0.0,0.3476,nan,1765,0.0308,-0.1629,0.1438,0,0,0.3285,0.0,0.3285,0.0,0.3921,0.6216,0.3449
None-gene-23580874,JASKUS010000001.1,4731,54744915,1.0,2407.6597,3946.0102,1.0,0.0,0.3476,nan,2149,0.0378,-0.0655,0.1385,0,0,0.2497,0.0001,0.2497,0.0001,0.4104,0.6558,0.8764
None-gene-23588928,JASKUS010000001.1,4731,54744915,1.0,2407.6597,3946.0102,1.0,0.0,0.3476,nan,992,0.0168,-0.3588,0.1382,0,0,0.0866,0.1673,0.0866,0.1673,0.3921,0.6217,0.3469
None-gene-23603880,JASKUS010000001.1,4731,54744915,1.0,2407.6597,3946.0102,1.0,0.0,0.3476,nan,453,0.007,-0.4954,0.1377,0,0,0.0515,0.4188,0.0515,0.4188,0.4194,0.6725,1.1371
None-gene-23604359,JASKUS010000001.1,4731,54744915,1.0,2407.6597,3946.0102,1.0,0.0,0.3476,nan,195,0.0023,-0.5607,0.1377,0,0,-0.1735,0.0103,-0.1735,0.0103,0.4462,0.7223,1.911
None-gene-23605926,JASKUS010000001.1,4731,54744915,1.0,2407.6597,3946.0102,1.0,0.0,0.3476,nan,1059,0.018,-0.3418,0.1376,0,0,0.0939,0.1342,0.0939,0.1342,0.4542,0.7373,2.144
None-gene-23610039,JASKUS010000001.1,4731,54744915,1.0,2407.6597,3946.0102,1.0,0.0,0.3476,nan,156,0.0016,-0.5706,0.1375,0,0,-0.0401,0.5754,-0.0401,0.5754,0.5128,0.8465,3.8414
None-gene-23625833,JASKUS010000001.1,4731,54744915,1.0,2407.6597,3946.0102,1.0,0.0,0.3476,nan,885,0.0149,-0.3859,0.1369,0,0,-0.006,0.9242,-0.006,0.9242,0.3831,0.6048,0.0838
None-gene-23632621,JASKUS010000001.1,4731,54744915,1.0,2407.6597,3946.0102,1.0,0.0,0.3476,nan,459,0.0071,-0.4938,0.1366,0,0,0.0159,0.8005,0.0159,0.8005,0.4488,0.7273,1.9876
None-gene-23637733,JASKUS010000001.1,4731,54744915,1.0,2407.6597,3946.0102,1.0,0.0,0.3476,nan,7871,0.1416,1.3845,0.1364,0,0,0.2003,0.0013,0.2003,0.0013,0.366,0.5731,-0.4092
None-gene-23661546,JASKUS010000001.1,4731,54744915,1.0,2407.6597,3946.0102,1.0,0.0,0.3476,nan,783,0.013,-0.4117,0.1356,0,0,0.0935,0.1411,0.0935,0.1411,0.355,0.5526,-0.7272
None-gene-23668723,JASKUS010000001.1,4731,54744915,1.0,2407.6597,3946.0102,1.0,0.0,0.3476,nan,12577,0.227,2.5771,0.1353,0,0,0.2287,0.0002,0.2287,0.0002,0.3622,0.5659,-0.5209
None-gene-23674067,JASKUS010000001.1,4731,54744915,1.0,2407.6597,3946.0102,1.0,0.0,0.3476,nan,321,0.0046,-0.5288,0.1351,0,0,0.0925,0.1463,0.0925,0.1463,0.4611,0.7501,2.3426
None-gene-23683519,JASKUS010000001.1,4731,54744915,1.0,2407.6597,3946.0102,1.0,0.0,0.3476,nan,7834,0.141,1.3751,0.1348,0,0,0.2094,0.0007,0.2094,0.0007,0.3394,0.5235,-1.1796
None-gene-23693432,JASKUS010000001.1,4731,54744915,1.0,2407.6597,3946.0102,1.0,0.0,0.3476,nan,503,0.0079,-0.4827,0.1344,0,0,0.0336,0.5986,0.0336,0.5986,0.4036,0.643,0.6782
None-gene-23696739,JASKUS010000001.1,4731,54744915,1.0,2407.6597,3946.0102,1.0,0.0,0.3476,nan,1693,0.0295,-0.1811,0.1343,0,0,0.1433,0.0218,0.1433,0.0218,0.404,0.6438,0.6909
None-gene-23699490,JASKUS010000001.1,4731,54744915,1.0,2407.6597,3946.0102,1.0,0.0,0.3476,nan,1885,0.033,-0.1325,0.1342,0,0,-0.0677,0.2808,-0.0677,0.2808,0.408,0.6512,0.805
None-gene-23701657,JASKUS010000001.1,4731,54744915,1.0,2407.6597,3946.0102,1.0,0.0,0.3476,nan,264,0.0036,-0.5432,0.1341,0,0,-0.0189,0.7704,-0.0189,0.7704,0.3864,0.611,0.1797
None-gene-23703367,JASKUS010000001.1,4731,54744915,1.0,2407.6597,3946.0102,1.0,0.0,0.3476,nan,4096,0.0731,0.4279,0.134,0,0,0.1656,0.0079,0.1656,0.0079,0.4333,0.6985,1.5402
None-gene-23712248,JASKUS010000001.1,4731,54744915,1.0,2407.6597,3946.0102,1.0,0.0,0.3476,nan,2588,0.0458,0.0457,0.1337,0,0,0.2553,0.0,0.2553,0.0,0.3733,0.5866,-0.1997
None-gene-23717803,JASKUS010000001.1,4731,54744915,1.0,2407.6597,3946.0102,1.0,0.0,0.3476,nan,222,0.0028,-0.5539,0.1335,0,0,0.1246,0.0702,0.1246,0.0702,0.4099,0.6548,0.8615
None-gene-23720410,JASKUS010000001.1,4731,54744915,1.0,2407.6597,3946.0102,1.0,0.0,0.3476,nan,600,0.0097,-0.4581,0.1334,0,0,0.0415,0.5084,0.0415,0.5084,0.4233,0.6798,1.2502
None-gene-23724327,JASKUS010000001.1,4731,54744915,1.0,2407.6597,3946.0102,1.0,0.0,0.3476,nan,2173,0.0382,-0.0595,0.1333,0,0,0.1727,0.0056,0.1727,0.0056,0.405,0.6456,0.7185
None-gene-23728185,JASKUS010000001.1,4731,54744915,1.0,2407.6597,3946.0102,1.0,0.0,0.3476,nan,1125,0.0192,-0.3251,0.1331,0,0,0.0537,0.3921,0.0537,0.3921,0.424,0.6811,1.2695
None-gene-23732865,JASKUS010000001.1,4731,54744915,1.0,2407.6597,3946.0102,1.0,0.0,0.3476,nan,15876,0.2869,3.4132,0.133,0,0,0.3557,0.0,0.3557,0.0,0.3411,0.5267,-1.1297
None-gene-23753622,JASKUS010000001.1,4731,54744915,1.0,2407.6597,3946.0102,1.0,0.0,0.3476,nan,1135,0.0194,-0.3225,0.1322,0,0,0.098,0.1176,0.098,0.1176,0.4026,0.6413,0.6511
None-gene-23759205,JASKUS010000001.1,4731,54744915,1.0,2407.6597,3946.0102,1.0,0.0,0.3476,nan,984,0.0167,-0.3608,0.132,0,0,0.0308,0.6236,0.0308,0.6236,0.374,0.5879,-0.1788
None-gene-23762826,JASKUS010000001.1,4731,54744915,1.0,2407.6597,3946.0102,1.0,0.0,0.3476,nan,1521,0.0264,-0.2247,0.1319,0,0,0.2208,0.0004,0.2208,0.0004,0.4451,0.7204,1.8805
None-gene-23766668,JASKUS010000001.1,4731,54744915,1.0,2407.6597,3946.0102,1.0,0.0,0.3476,nan,1817,0.0318,-0.1497,0.1317,0,0,0.2913,0.0,0.2913,0.0,0.4375,0.7063,1.6614
None-gene-23776907,JASKUS010000001.1,4731,54744915,1.0,2407.6597,3946.0102,1.0,0.0,0.3476,nan,7949,0.1431,1.4043,0.1314,0,0,0.0296,0.6373,0.0296,0.6373,0.349,0.5413,-0.9029
None-gene-23787906,JASKUS010000001.1,4731,54744915,1.0,2407.6597,3946.0102,1.0,0.0,0.3476,nan,536,0.0085,-0.4743,0.131,0,0,0.1309,0.0394,0.1309,0.0394,0.3993,0.635,0.5529
None-gene-23795865,JASKUS010000001.1,4731,54744915,1.0,2407.6597,3946.0102,1.0,0.0,0.3476,nan,6551,0.1177,1.05,0.1307,0,0,0.2091,0.0008,0.2091,0.0008,0.3894,0.6166,0.2678
None-gene-23798465,JASKUS010000001.1,4731,54744915,1.0,2407.6597,3946.0102,1.0,0.0,0.3476,nan,2733,0.0484,0.0824,0.1306,0,0,0.3096,0.0,0.3096,0.0,0.3948,0.6267,0.4241
None-gene-23824263,JASKUS010000001.1,4731,54744915,1.0,2407.6597,3946.0102,1.0,0.0,0.3476,nan,1298,0.0224,-0.2812,0.1296,0,0,0.1221,0.051,0.1221,0.051,0.406,0.6476,0.7486
None-gene-23828039,JASKUS010000001.1,4731,54744915,1.0,2407.6597,3946.0102,1.0,0.0,0.3476,nan,2527,0.0447,0.0302,0.1295,0,0,0.3269,0.0,0.3269,0.0,0.3692,0.579,-0.3169
None-gene-23835327,JASKUS010000001.1,4731,54744915,1.0,2407.6597,3946.0102,1.0,0.0,0.3476,nan,414,0.0063,-0.5052,0.1292,0,0,0.0086,0.8941,0.0086,0.8941,0.3623,0.5662,-0.5165
None-gene-23839742,JASKUS010000001.1,4731,54744915,1.0,2407.6597,3946.0102,1.0,0.0,0.3476,nan,4617,0.0826,0.5599,0.1291,0,0,0.1416,0.0235,0.1416,0.0235,0.339,0.5227,-1.1928
None-gene-23842889,JASKUS010000001.1,4731,54744915,1.0,2407.6597,3946.0102,1.0,0.0,0.3476,nan,9726,0.1753,1.8546,0.1289,0,0,0.2319,0.0002,0.2319,0.0002,0.3721,0.5844,-0.2334
None-gene-23856338,JASKUS010000001.1,4731,54744915,1.0,2407.6597,3946.0102,1.0,0.0,0.3476,nan,961,0.0162,-0.3666,0.1285,0,0,0.0763,0.2237,0.0763,0.2237,0.41,0.655,0.8638
None-gene-23858333,JASKUS010000001.1,4731,54744915,1.0,2407.6597,3946.0102,1.0,0.0,0.3476,nan,930,0.0157,-0.3745,0.1284,0,0,0.0369,0.5565,0.0369,0.5565,0.3968,0.6304,0.4812
None-gene-23864092,JASKUS010000001.1,4731,54744915,1.0,2407.6597,3946.0102,1.0,0.0,0.3476,nan,933,0.0157,-0.3737,0.1282,0,0,0.0988,0.1148,0.0988,0.1148,0.4341,0.6998,1.5615
None-gene-23906213,JASKUS010000001.1,4731,54744915,1.0,2407.6597,3946.0102,1.0,0.0,0.3476,nan,492,0.0077,-0.4855,0.1266,0,0,0.0642,0.3141,0.0642,0.3141,0.4228,0.6788,1.2337
None-gene-23923842,JASKUS010000001.1,4731,54744915,1.0,2407.6597,3946.0102,1.0,0.0,0.3476,nan,4168,0.0744,0.4461,0.126,0,0,0.1208,0.0535,0.1208,0.0535,0.3476,0.5389,-0.9413
None-gene-23931261,JASKUS010000001.1,4731,54744915,1.0,2407.6597,3946.0102,1.0,0.0,0.3476,nan,13254,0.2393,2.7487,0.1257,0,0,0.2938,0.0,0.2938,0.0,0.3883,0.6145,0.2346
None-gene-23946013,JASKUS010000001.1,4731,54744915,1.0,2407.6597,3946.0102,1.0,0.0,0.3476,nan,2280,0.0402,-0.0324,0.1252,0,0,0.2208,0.0004,0.2208,0.0004,0.3895,0.6168,0.2698
None-gene-23949446,JASKUS010000001.1,4731,54744915,1.0,2407.6597,3946.0102,1.0,0.0,0.3476,nan,751,0.0124,-0.4198,0.1251,0,0,0.0498,0.4276,0.0498,0.4276,0.3755,0.5907,-0.1349
None-gene-23950875,JASKUS010000001.1,4731,54744915,1.0,2407.6597,3946.0102,1.0,0.0,0.3476,nan,195,0.0023,-0.5607,0.125,0,0,-0.0139,0.8408,-0.0139,0.8408,0.3949,0.6268,0.4261
None-gene-23953405,JASKUS010000001.1,4731,54744915,1.0,2407.6597,3946.0102,1.0,0.0,0.3476,nan,438,0.0068,-0.4992,0.1249,0,0,0.0126,0.8416,0.0126,0.8416,0.3562,0.5547,-0.6947
None-gene-23954967,JASKUS010000001.1,4731,54744915,1.0,2407.6597,3946.0102,1.0,0.0,0.3476,nan,324,0.0047,-0.528,0.1249,0,0,-0.0742,0.2514,-0.0742,0.2514,0.4136,0.6617,0.9678
None-gene-23955924,JASKUS010000001.1,4731,54744915,1.0,2407.6597,3946.0102,1.0,0.0,0.3476,nan,686,0.0113,-0.4363,0.1248,0,0,-0.0298,0.6347,-0.0298,0.6347,0.4184,0.6706,1.1064
None-gene-23957364,JASKUS010000001.1,4731,54744915,1.0,2407.6597,3946.0102,1.0,0.0,0.3476,nan,6089,0.1093,0.9329,0.1248,0,0,0.1672,0.0073,0.1672,0.0073,0.3922,0.6218,0.3482
None-gene-23968289,JASKUS010000001.1,4731,54744915,1.0,2407.6597,3946.0102,1.0,0.0,0.3476,nan,255,0.0034,-0.5455,0.1244,0,0,-0.135,0.0399,-0.135,0.0399,0.4392,0.7094,1.7101
None-gene-23970980,JASKUS010000001.1,4731,54744915,1.0,2407.6597,3946.0102,1.0,0.0,0.3476,nan,3752,0.0669,0.3407,0.1243,0,0,0.3561,0.0,0.3561,0.0,0.3662,0.5734,-0.404
None-gene-23978726,JASKUS010000001.1,4731,54744915,1.0,2407.6597,3946.0102,1.0,0.0,0.3476,nan,3697,0.0659,0.3267,0.124,0,0,0.1849,0.003,0.1849,0.003,0.3733,0.5866,-0.1993
None-gene-23981436,JASKUS010000001.1,4731,54744915,1.0,2407.6597,3946.0102,1.0,0.0,0.3476,nan,420,0.0064,-0.5037,0.1239,0,0,-0.0444,0.4862,-0.0444,0.4862,0.4238,0.6807,1.264
None-gene-23990082,JASKUS010000001.1,4731,54744915,1.0,2407.6597,3946.0102,1.0,0.0,0.3476,nan,1280,0.022,-0.2858,0.1236,0,0,0.1691,0.0067,0.1691,0.0067,0.3766,0.5927,-0.1041
None-gene-23992314,JASKUS010000001.1,4731,54744915,1.0,2407.6597,3946.0102,1.0,0.0,0.3476,nan,1041,0.0177,-0.3463,0.1235,0,0,0.1774,0.0044,0.1774,0.0044,0.3593,0.5605,-0.6048
None-gene-24001408,JASKUS010000001.1,4731,54744915,1.0,2407.6597,3946.0102,1.0,0.0,0.3476,nan,1531,0.0266,-0.2222,0.1232,0,0,0.0325,0.6051,0.0325,0.6051,0.4651,0.7575,2.4583
None-gene-24002985,JASKUS010000001.1,4731,54744915,1.0,2407.6597,3946.0102,1.0,0.0,0.3476,nan,183,0.0021,-0.5638,0.1231,0,0,0.159,0.0135,0.159,0.0135,0.459,0.7463,2.2834
None-gene-24005643,JASKUS010000001.1,4731,54744915,1.0,2407.6597,3946.0102,1.0,0.0,0.3476,nan,1138,0.0195,-0.3218,0.123,0,0,0.2367,0.0001,0.2367,0.0001,0.3726,0.5853,-0.2193
None-gene-24011877,JASKUS010000001.1,4731,54744915,1.0,2407.6597,3946.0102,1.0,0.0,0.3476,nan,2886,0.0512,0.1212,0.1228,0,0,0.2153,0.0005,0.2153,0.0005,0.4193,0.6722,1.1324
None-gene-24014591,JASKUS010000001.1,4731,54744915,1.0,2407.6597,3946.0102,1.0,0.0,0.3476,nan,174,0.002,-0.5661,0.1227,0,0,0.0422,0.5325,0.0422,0.5325,0.4655,0.7584,2.4717
None-gene-24021911,JASKUS010000001.1,4731,54744915,1.0,2407.6597,3946.0102,1.0,0.0,0.3476,nan,408,0.0062,-0.5068,0.1224,0,0,0.0426,0.4971,0.0426,0.4971,0.4412,0.7131,1.7669
None-gene-24022403,JASKUS010000001.1,4731,54744915,1.0,2407.6597,3946.0102,1.0,0.0,0.3476,nan,270,0.0037,-0.5417,0.1224,0,0,0.0542,0.4024,0.0542,0.4024,0.3889,0.6157,0.2528
None-gene-24024077,JASKUS010000001.1,4731,54744915,1.0,2407.6597,3946.0102,1.0,0.0,0.3476,nan,4303,0.0769,0.4803,0.1223,0,0,0.1196,0.0559,0.1196,0.0559,0.3869,0.612,0.1964
None-gene-24024951,JASKUS010000001.1,4731,54744915,1.0,2407.6597,3946.0102,1.0,0.0,0.3476,nan,1772,0.031,-0.1611,0.1223,0,0,0.0718,0.252,0.0718,0.252,0.4063,0.6481,0.7576
None-gene-24029983,JASKUS010000001.1,4731,54744915,1.0,2407.6597,3946.0102,1.0,0.0,0.3476,nan,2159,0.038,-0.063,0.1221,0,0,0.0049,0.9383,0.0049,0.9383,0.358,0.5582,-0.6405
None-gene-24035921,JASKUS010000001.1,4731,54744915,1.0,2407.6597,3946.0102,1.0,0.0,0.3476,nan,423,0.0065,-0.503,0.1219,0,0,0.0419,0.5234,0.0419,0.5234,0.3877,0.6135,0.2186
None-gene-24064947,JASKUS010000001.1,4731,54744915,1.0,2407.6597,3946.0102,1.0,0.0,0.3476,nan,351,0.0052,-0.5212,0.1208,0,0,-0.052,0.4144,-0.052,0.4144,0.4017,0.6395,0.6241
None-gene-24072543,JASKUS010000001.1,4731,54744915,1.0,2407.6597,3946.0102,1.0,0.0,0.3476,nan,6101,0.1095,0.936,0.1206,0,0,0.302,0.0,0.302,0.0,0.3798,0.5987,-0.0111
None-gene-24082049,JASKUS010000001.1,4731,54744915,1.0,2407.6597,3946.0102,1.0,0.0,0.3476,nan,5158,0.0924,0.697,0.1202,0,0,0.2377,0.0001,0.2377,0.0001,0.3945,0.6262,0.4162
None-gene-24089819,JASKUS010000001.1,4731,54744915,1.0,2407.6597,3946.0102,1.0,0.0,0.3476,nan,2589,0.0458,0.046,0.1199,0,0,0.1759,0.0048,0.1759,0.0048,0.4291,0.6906,1.4178
None-gene-24096014,JASKUS010000001.1,4731,54744915,1.0,2407.6597,3946.0102,1.0,0.0,0.3476,nan,1186,0.0203,-0.3096,0.1197,0,0,0.1528,0.0144,0.1528,0.0144,0.4056,0.6467,0.7357
None-gene-24103892,JASKUS010000001.1,4731,54744915,1.0,2407.6597,3946.0102,1.0,0.0,0.3476,nan,846,0.0142,-0.3958,0.1194,0,0,-0.0453,0.4704,-0.0453,0.4704,0.4161,0.6663,1.04
None-gene-24126105,JASKUS010000001.1,4731,54744915,1.0,2407.6597,3946.0102,1.0,0.0,0.3476,nan,156,0.0016,-0.5706,0.1186,0,0,-0.0804,0.2451,-0.0804,0.2451,0.391,0.6196,0.3147
None-gene-24129281,JASKUS010000001.1,4731,54744915,1.0,2407.6597,3946.0102,1.0,0.0,0.3476,nan,3331,0.0593,0.234,0.1185,0,0,0.3346,0.0,0.3346,0.0,0.4398,0.7105,1.7272
None-gene-24136583,JASKUS010000001.1,4731,54744915,1.0,2407.6597,3946.0102,1.0,0.0,0.3476,nan,843,0.0141,-0.3965,0.1182,0,0,0.0156,0.804,0.0156,0.804,0.4116,0.658,0.9112
None-gene-24146537,JASKUS010000001.1,4731,54744915,1.0,2407.6597,3946.0102,1.0,0.0,0.3476,nan,2694,0.0477,0.0726,0.1179,0,0,0.2481,0.0001,0.2481,0.0001,0.3705,0.5813,-0.281
None-gene-24158477,JASKUS010000001.1,4731,54744915,1.0,2407.6597,3946.0102,1.0,0.0,0.3476,nan,462,0.0072,-0.4931,0.1174,0,0,0.1213,0.0526,0.1213,0.0526,0.4329,0.6976,1.5272
None-gene-24165100,JASKUS010000001.1,4731,54744915,1.0,2407.6597,3946.0102,1.0,0.0,0.3476,nan,144,0.0014,-0.5737,0.1172,0,0,0.0589,0.4624,0.0589,0.4624,0.4583,0.745,2.2636
None-gene-24165247,JASKUS010000001.1,4731,54744915,1.0,2407.6597,3946.0102,1.0,0.0,0.3476,nan,698,0.0115,-0.4333,0.1172,0,0,-0.0499,0.4263,-0.0499,0.4263,0.447,0.7239,1.9352
None-gene-24168563,JASKUS010000001.1,4731,54744915,1.0,2407.6597,3946.0102,1.0,0.0,0.3476,nan,198,0.0024,-0.56,0.117,0,0,0.0026,0.9696,0.0026,0.9696,0.4293,0.6909,1.4228
None-gene-24168870,JASKUS010000001.1,4731,54744915,1.0,2407.6597,3946.0102,1.0,0.0,0.3476,nan,1574,0.0274,-0.2113,0.117,0,0,0.1527,0.0145,0.1527,0.0145,0.4149,0.6641,1.005
None-gene-24168910,JASKUS010000001.1,4731,54744915,1.0,2407.6597,3946.0102,1.0,0.0,0.3476,nan,243,0.0032,-0.5486,0.117,0,0,-0.0286,0.6629,-0.0286,0.6629,0.4115,0.6578,0.9082
None-gene-24182868,JASKUS010000001.1,4731,54744915,1.0,2407.6597,3946.0102,1.0,0.0,0.3476,nan,360,0.0053,-0.5189,0.1165,0,0,0.2077,0.001,0.2077,0.001,0.425,0.6829,1.2985
None-gene-24251368,JASKUS010000001.1,4731,54744915,1.0,2407.6597,3946.0102,1.0,0.0,0.3476,nan,183,0.0021,-0.5638,0.114,0,0,-0.0905,0.2105,-0.0905,0.2105,0.3661,0.5733,-0.4065
None-gene-24392606,JASKUS010000001.1,4731,54744915,1.0,2407.6597,3946.0102,1.0,0.0,0.3476,nan,475,0.0074,-0.4898,0.1089,0,0,0.0475,0.4557,0.0475,0.4557,0.3916,0.6207,0.3307
None-gene-24400807,JASKUS010000001.1,4731,54744915,1.0,2407.6597,3946.0102,1.0,0.0,0.3476,nan,3752,0.0669,0.3407,0.1086,0,0,0.3233,0.0,0.3233,0.0,0.3947,0.6265,0.4218
None-gene-24407569,JASKUS010000001.1,4731,54744915,1.0,2407.6597,3946.0102,1.0,0.0,0.3476,nan,804,0.0134,-0.4064,0.1083,0,0,0.266,0.0,0.266,0.0,0.3532,0.5493,-0.7796
None-gene-24408943,JASKUS010000001.1,4731,54744915,1.0,2407.6597,3946.0102,1.0,0.0,0.3476,nan,1336,0.023,-0.2716,0.1083,0,0,0.1327,0.0339,0.1327,0.0339,0.3945,0.626,0.4142
None-gene-24410954,JASKUS010000001.1,4731,54744915,1.0,2407.6597,3946.0102,1.0,0.0,0.3476,nan,4022,0.0718,0.4091,0.1082,0,0,0.1314,0.0356,0.1314,0.0356,0.3839,0.6064,0.108
None-gene-24416376,JASKUS010000001.1,4731,54744915,1.0,2407.6597,3946.0102,1.0,0.0,0.3476,nan,1176,0.0201,-0.3121,0.108,0,0,0.0566,0.3675,0.0566,0.3675,0.4082,0.6516,0.8109
None-gene-24418517,JASKUS010000001.1,4731,54744915,1.0,2407.6597,3946.0102,1.0,0.0,0.3476,nan,634,0.0103,-0.4495,0.1079,0,0,0.2246,0.0004,0.2246,0.0004,0.4353,0.7022,1.5976
None-gene-24434953,JASKUS010000001.1,4731,54744915,1.0,2407.6597,3946.0102,1.0,0.0,0.3476,nan,384,0.0058,-0.5128,0.1073,0,0,0.1307,0.0463,0.1307,0.0463,0.4141,0.6626,0.9817
None-gene-24441027,JASKUS010000001.1,4731,54744915,1.0,2407.6597,3946.0102,1.0,0.0,0.3476,nan,5457,0.0978,0.7728,0.1071,0,0,0.2583,0.0,0.2583,0.0,0.3912,0.62,0.3209
None-gene-24442642,JASKUS010000001.1,4731,54744915,1.0,2407.6597,3946.0102,1.0,0.0,0.3476,nan,857,0.0144,-0.393,0.107,0,0,0.1661,0.0077,0.1661,0.0077,0.3921,0.6216,0.3448
None-gene-24447512,JASKUS010000001.1,4731,54744915,1.0,2407.6597,3946.0102,1.0,0.0,0.3476,nan,222,0.0028,-0.5539,0.1069,0,0,0.0881,0.1927,0.0881,0.1927,0.3514,0.5458,-0.8341
None-gene-24447868,JASKUS010000001.1,4731,54744915,1.0,2407.6597,3946.0102,1.0,0.0,0.3476,nan,372,0.0056,-0.5159,0.1068,0,0,0.0512,0.4148,0.0512,0.4148,0.3737,0.5873,-0.1883
None-gene-24452730,JASKUS010000001.1,4731,54744915,1.0,2407.6597,3946.0102,1.0,0.0,0.3476,nan,5303,0.095,0.7337,0.1067,0,0,0.3194,0.0,0.3194,0.0,0.3992,0.6349,0.5516
None-gene-24460587,JASKUS010000001.1,4731,54744915,1.0,2407.6597,3946.0102,1.0,0.0,0.3476,nan,465,0.0072,-0.4923,0.1064,0,0,-0.0228,0.7289,-0.0228,0.7289,0.3527,0.5482,-0.7954
None-gene-24468684,JASKUS010000001.1,4731,54744915,1.0,2407.6597,3946.0102,1.0,0.0,0.3476,nan,1600,0.0278,-0.2047,0.1061,0,0,0.127,0.0423,0.127,0.0423,0.3962,0.6294,0.466
None-gene-24480109,JASKUS010000001.1,4731,54744915,1.0,2407.6597,3946.0102,1.0,0.0,0.3476,nan,812,0.0135,-0.4044,0.1057,0,0,-0.1027,0.1012,-0.1027,0.1012,0.4692,0.7653,2.5786
None-gene-24481515,JASKUS010000001.1,4731,54744915,1.0,2407.6597,3946.0102,1.0,0.0,0.3476,nan,860,0.0144,-0.3922,0.1056,0,0,-0.0055,0.9307,-0.0055,0.9307,0.393,0.6234,0.3725
None-gene-24486135,JASKUS010000001.1,4731,54744915,1.0,2407.6597,3946.0102,1.0,0.0,0.3476,nan,2358,0.0416,-0.0126,0.1054,0,0,0.0843,0.1785,0.0843,0.1785,0.3931,0.6236,0.3756
None-gene-24486491,JASKUS010000001.1,4731,54744915,1.0,2407.6597,3946.0102,1.0,0.0,0.3476,nan,117,0.0009,-0.5805,0.1054,0,0,0.0171,0.8318,0.0171,0.8318,0.4103,0.6555,0.8715
None-gene-24492109,JASKUS010000001.1,4731,54744915,1.0,2407.6597,3946.0102,1.0,0.0,0.3476,nan,4687,0.0839,0.5776,0.1052,0,0,0.2887,0.0,0.2887,0.0,0.3604,0.5625,-0.5733
None-gene-24503524,JASKUS010000001.1,4731,54744915,1.0,2407.6597,3946.0102,1.0,0.0,0.3476,nan,4142,0.074,0.4395,0.1048,0,0,0.2242,0.0003,0.2242,0.0003,0.4109,0.6567,0.8905
None-gene-24509687,JASKUS010000001.1,4731,54744915,1.0,2407.6597,3946.0102,1.0,0.0,0.3476,nan,1039,0.0177,-0.3468,0.1046,0,0,0.1661,0.0078,0.1661,0.0078,0.436,0.7034,1.6169
None-gene-24509779,JASKUS010000001.1,4731,54744915,1.0,2407.6597,3946.0102,1.0,0.0,0.3476,nan,171,0.0019,-0.5668,0.1046,0,0,0.0363,0.6197,0.0363,0.6197,0.4386,0.7083,1.6921
None-gene-24516318,JASKUS010000001.1,4731,54744915,1.0,2407.6597,3946.0102,1.0,0.0,0.3476,nan,8144,0.1466,1.4537,0.1043,0,0,0.4444,0.0,0.4444,0.0,0.3576,0.5573,-0.6542
None-gene-24525665,JASKUS010000001.1,4731,54744915,1.0,2407.6597,3946.0102,1.0,0.0,0.3476,nan,144,0.0014,-0.5737,0.104,0,0,-0.0485,0.5309,-0.0485,0.5309,0.4861,0.7967,3.068
None-gene-24575806,JASKUS010000001.1,4731,54744915,1.0,2407.6597,3946.0102,1.0,0.0,0.3476,nan,5636,0.1011,0.8181,0.1022,0,0,0.3429,0.0,0.3429,0.0,0.3361,0.5173,-1.277
None-gene-24585453,JASKUS010000001.1,4731,54744915,1.0,2407.6597,3946.0102,1.0,0.0,0.3476,nan,1727,0.0301,-0.1725,0.1018,0,0,0.1489,0.0171,0.1489,0.0171,0.4742,0.7746,2.724
None-gene-24589487,JASKUS010000001.1,4731,54744915,1.0,2407.6597,3946.0102,1.0,0.0,0.3476,nan,8137,0.1465,1.4519,0.1017,0,0,0.2678,0.0,0.2678,0.0,0.3929,0.6231,0.3689
None-gene-24590948,JASKUS010000001.1,4731,54744915,1.0,2407.6597,3946.0102,1.0,0.0,0.3476,nan,153,0.0016,-0.5714,0.1016,0,0,0.1472,0.0561,0.1472,0.0561,0.5033,0.8287,3.5648
None-gene-24594562,JASKUS010000001.1,4731,54744915,1.0,2407.6597,3946.0102,1.0,0.0,0.3476,nan,183,0.0021,-0.5638,0.1015,0,0,0.0712,0.3163,0.0712,0.3163,0.4317,0.6954,1.4923
None-gene-24595138,JASKUS010000001.1,4731,54744915,1.0,2407.6597,3946.0102,1.0,0.0,0.3476,nan,2434,0.043,0.0067,0.1015,0,0,0.2032,0.0011,0.2032,0.0011,0.3587,0.5594,-0.6222
None-gene-24603959,JASKUS010000001.1,4731,54744915,1.0,2407.6597,3946.0102,1.0,0.0,0.3476,nan,3686,0.0657,0.324,0.1011,0,0,0.2045,0.001,0.2045,0.001,0.4086,0.6523,0.8228
None-gene-24615395,JASKUS010000001.1,4731,54744915,1.0,2407.6597,3946.0102,1.0,0.0,0.3476,nan,8188,0.1474,1.4649,0.1007,0,0,0.3601,0.0,0.3601,0.0,0.3493,0.5419,-0.8937
None-gene-24629395,JASKUS010000001.1,4731,54744915,1.0,2407.6597,3946.0102,1.0,0.0,0.3476,nan,4084,0.0729,0.4248,0.1002,0,0,0.2329,0.0002,0.2329,0.0002,0.3482,0.5399,-0.9257
None-gene-24635572,JASKUS010000001.1,4731,54744915,1.0,2407.6597,3946.0102,1.0,0.0,0.3476,nan,1548,0.0269,-0.2179,0.1,0,0,0.1508,0.0158,0.1508,0.0158,0.4115,0.6578,0.9075
None-gene-24639935,JASKUS010000001.1,4731,54744915,1.0,2407.6597,3946.0102,1.0,0.0,0.3476,nan,798,0.0133,-0.4079,0.0998,0,0,0.0872,0.164,0.0872,0.164,0.4336,0.6989,1.547
None-gene-24641183,JASKUS010000001.1,4731,54744915,1.0,2407.6597,3946.0102,1.0,0.0,0.3476,nan,1257,0.0216,-0.2916,0.0998,0,0,0.2133,0.0007,0.2133,0.0007,0.4113,0.6574,0.9017
None-gene-24642601,JASKUS010000001.1,4731,54744915,1.0,2407.6597,3946.0102,1.0,0.0,0.3476,nan,249,0.0033,-0.547,0.0997,0,0,0.0729,0.2687,0.0729,0.2687,0.3815,0.602,0.0396
None-gene-24645421,JASKUS010000001.1,4731,54744915,1.0,2407.6597,3946.0102,1.0,0.0,0.3476,nan,817,0.0136,-0.4031,0.0996,0,0,0.0401,0.5231,0.0401,0.5231,0.4064,0.6482,0.7589
None-gene-24646401,JASKUS010000001.1,4731,54744915,1.0,2407.6597,3946.0102,1.0,0.0,0.3476,nan,5991,0.1075,0.9081,0.0996,0,0,0.3421,0.0,0.3421,0.0,0.3759,0.5915,-0.1234
None-gene-24654357,JASKUS010000001.1,4731,54744915,1.0,2407.6597,3946.0102,1.0,0.0,0.3476,nan,1709,0.0298,-0.1771,0.0993,0,0,0.058,0.3558,0.058,0.3558,0.4394,0.7098,1.7165
None-gene-24656232,JASKUS010000001.1,4731,54744915,1.0,2407.6597,3946.0102,1.0,0.0,0.3476,nan,2405,0.0424,-0.0007,0.0992,0,0,0.2324,0.0002,0.2324,0.0002,0.4316,0.6952,1.4896
None-gene-24657675,JASKUS010000001.1,4731,54744915,1.0,2407.6597,3946.0102,1.0,0.0,0.3476,nan,351,0.0052,-0.5212,0.0992,0,0,0.0685,0.2828,0.0685,0.2828,0.4103,0.6555,0.8715
None-gene-24661251,JASKUS010000001.1,4731,54744915,1.0,2407.6597,3946.0102,1.0,0.0,0.3476,nan,1398,0.0242,-0.2559,0.099,0,0,0.0645,0.3041,0.0645,0.3041,0.3591,0.5602,-0.6102
None-gene-24670952,JASKUS010000001.1,4731,54744915,1.0,2407.6597,3946.0102,1.0,0.0,0.3476,nan,15014,0.2713,3.1947,0.0987,0,0,0.3301,0.0,0.3301,0.0,0.3446,0.5332,-1.0293
None-gene-24684214,JASKUS010000001.1,4731,54744915,1.0,2407.6597,3946.0102,1.0,0.0,0.3476,nan,186,0.0022,-0.563,0.0982,0,0,-0.0538,0.4335,-0.0538,0.4335,0.4785,0.7826,2.8474
None-gene-24684790,JASKUS010000001.1,4731,54744915,1.0,2407.6597,3946.0102,1.0,0.0,0.3476,nan,177,0.002,-0.5653,0.0982,0,0,0.0501,0.4754,0.0501,0.4754,0.4407,0.7121,1.7524
None-gene-24688417,JASKUS010000001.1,4731,54744915,1.0,2407.6597,3946.0102,1.0,0.0,0.3476,nan,465,0.0072,-0.4923,0.0981,0,0,0.093,0.1436,0.093,0.1436,0.4129,0.6604,0.9482
None-gene-24691525,JASKUS010000001.1,4731,54744915,1.0,2407.6597,3946.0102,1.0,0.0,0.3476,nan,504,0.0079,-0.4824,0.0979,0,0,0.2377,0.0001,0.2377,0.0001,0.4067,0.6489,0.7699
None-gene-24715415,JASKUS010000001.1,4731,54744915,1.0,2407.6597,3946.0102,1.0,0.0,0.3476,nan,8373,0.1508,1.5117,0.0971,0,0,0.2754,0.0,0.2754,0.0,0.3907,0.619,0.3041
None-gene-24727026,JASKUS010000001.1,4731,54744915,1.0,2407.6597,3946.0102,1.0,0.0,0.3476,nan,363,0.0054,-0.5182,0.0966,0,0,-0.0007,0.9908,-0.0007,0.9908,0.4518,0.7328,2.0742
None-gene-24727464,JASKUS010000001.1,4731,54744915,1.0,2407.6597,3946.0102,1.0,0.0,0.3476,nan,391,0.0059,-0.5111,0.0966,0,0,-0.0417,0.507,-0.0417,0.507,0.4783,0.7821,2.8407
None-gene-24728221,JASKUS010000001.1,4731,54744915,1.0,2407.6597,3946.0102,1.0,0.0,0.3476,nan,150,0.0015,-0.5721,0.0966,0,0,-0.0867,0.2087,-0.0867,0.2087,0.4667,0.7605,2.5049
None-gene-24729139,JASKUS010000001.1,4731,54744915,1.0,2407.6597,3946.0102,1.0,0.0,0.3476,nan,1430,0.0248,-0.2478,0.0966,0,0,0.1699,0.0064,0.1699,0.0064,0.4189,0.6715,1.1213
None-gene-24743807,JASKUS010000001.1,4731,54744915,1.0,2407.6597,3946.0102,1.0,0.0,0.3476,nan,592,0.0095,-0.4601,0.096,0,0,0.0403,0.5214,0.0403,0.5214,0.3801,0.5992,-0.0026
None-gene-24744652,JASKUS010000001.1,4731,54744915,1.0,2407.6597,3946.0102,1.0,0.0,0.3476,nan,336,0.0049,-0.525,0.096,0,0,0.0068,0.9147,0.0068,0.9147,0.378,0.5953,-0.0632
None-gene-24761044,JASKUS010000001.1,4731,54744915,1.0,2407.6597,3946.0102,1.0,0.0,0.3476,nan,354,0.0052,-0.5204,0.0954,0,0,0.0832,0.2109,0.0832,0.2109,0.4435,0.7174,1.8342
None-gene-24764853,JASKUS010000001.1,4731,54744915,1.0,2407.6597,3946.0102,1.0,0.0,0.3476,nan,351,0.0052,-0.5212,0.0953,0,0,0.0894,0.154,0.0894,0.154,0.4416,0.7138,1.779
None-gene-24770171,JASKUS010000001.1,4731,54744915,1.0,2407.6597,3946.0102,1.0,0.0,0.3476,nan,2357,0.0416,-0.0128,0.0951,0,0,0.2181,0.0004,0.2181,0.0004,0.4014,0.6389,0.6139
None-gene-24814511,JASKUS010000001.1,4731,54744915,1.0,2407.6597,3946.0102,1.0,0.0,0.3476,nan,3856,0.0688,0.367,0.0934,0,0,0.3539,0.0,0.3539,0.0,0.4315,0.6951,1.4877
None-gene-24822012,JASKUS010000001.1,4731,54744915,1.0,2407.6597,3946.0102,1.0,0.0,0.3476,nan,3022,0.0536,0.1557,0.0932,0,0,0.1731,0.0055,0.1731,0.0055,0.412,0.6587,0.9214
None-gene-24827108,JASKUS010000001.1,4731,54744915,1.0,2407.6597,3946.0102,1.0,0.0,0.3476,nan,432,0.0066,-0.5007,0.093,0,0,0.0448,0.4752,0.0448,0.4752,0.3958,0.6286,0.4539
None-gene-24829691,JASKUS010000001.1,4731,54744915,1.0,2407.6597,3946.0102,1.0,0.0,0.3476,nan,1130,0.0193,-0.3238,0.0929,0,0,0.2419,0.0001,0.2419,0.0001,0.3991,0.6347,0.5489
None-gene-24841183,JASKUS010000001.1,4731,54744915,1.0,2407.6597,3946.0102,1.0,0.0,0.3476,nan,15207,0.2748,3.2436,0.0925,0,0,0.4102,0.0,0.4102,0.0,0.3933,0.6239,0.3807
None-gene-24846143,JASKUS010000001.1,4731,54744915,1.0,2407.6597,3946.0102,1.0,0.0,0.3476,nan,525,0.0083,-0.4771,0.0923,0,0,-0.0874,0.1773,-0.0874,0.1773,0.4629,0.7534,2.3946
None-gene-24874961,JASKUS010000001.1,4731,54744915,1.0,2407.6597,3946.0102,1.0,0.0,0.3476,nan,20992,0.3798,4.7097,0.0912,0,0,0.5204,0.0,0.5204,0.0,0.3685,0.5777,-0.3369
None-gene-24887608,JASKUS010000001.1,4731,54744915,1.0,2407.6597,3946.0102,1.0,0.0,0.3476,nan,171,0.0019,-0.5668,0.0908,0,0,-0.1342,0.0595,-0.1342,0.0595,0.4444,0.7191,1.8615
None-gene-24907226,JASKUS010000001.1,4731,54744915,1.0,2407.6597,3946.0102,1.0,0.0,0.3476,nan,171,0.0019,-0.5668,0.0901,0,0,0.1508,0.0317,0.1508,0.0317,0.4386,0.7083,1.6921
None-gene-24908452,JASKUS010000001.1,4731,54744915,1.0,2407.6597,3946.0102,1.0,0.0,0.3476,nan,9765,0.176,1.8645,0.09,0,0,0.2759,0.0,0.2759,0.0,0.3355,0.5162,-1.2936
None-gene-24934083,JASKUS010000001.1,4731,54744915,1.0,2407.6597,3946.0102,1.0,0.0,0.3476,nan,460,0.0072,-0.4936,0.0891,0,0,0.1084,0.0835,0.1084,0.0835,0.3674,0.5756,-0.3697
None-gene-24955415,JASKUS010000001.1,4731,54744915,1.0,2407.6597,3946.0102,1.0,0.0,0.3476,nan,22831,0.4131,5.1757,0.0883,0,0,0.4684,0.0,0.4684,0.0,0.3441,0.5323,-1.043
None-gene-24980892,JASKUS010000001.1,4731,54744915,1.0,2407.6597,3946.0102,1.0,0.0,0.3476,nan,300,0.0042,-0.5341,0.0874,0,0,0.0008,0.9905,0.0008,0.9905,0.4567,0.7419,2.2154
None-gene-24994127,JASKUS010000001.1,4731,54744915,1.0,2407.6597,3946.0102,1.0,0.0,0.3476,nan,105,0.0007,-0.5835,0.0869,0,0,0.2623,0.002,0.2623,0.002,0.3714,0.5831,-0.2528
None-gene-25010388,JASKUS010000001.1,4731,54744915,1.0,2407.6597,3946.0102,1.0,0.0,0.3476,nan,300,0.0042,-0.5341,0.0863,0,0,0.0321,0.6388,0.0321,0.6388,0.3367,0.5184,-1.2593
None-gene-25042054,JASKUS010000001.1,4731,54744915,1.0,2407.6597,3946.0102,1.0,0.0,0.3476,nan,78,0.0002,-0.5904,0.0851,0,0,-0.1063,0.218,-0.1063,0.218,0.4103,0.6555,0.8715
None-gene-25046493,JASKUS010000001.1,4731,54744915,1.0,2407.6597,3946.0102,1.0,0.0,0.3476,nan,2012,0.0353,-0.1003,0.085,0,0,0.0387,0.5378,0.0387,0.5378,0.3926,0.6227,0.3616
None-gene-25046906,JASKUS010000001.1,4731,54744915,1.0,2407.6597,3946.0102,1.0,0.0,0.3476,nan,318,0.0046,-0.5296,0.085,0,0,0.0029,0.9641,0.0029,0.9641,0.4057,0.6469,0.7385
None-gene-25050477,JASKUS010000001.1,4731,54744915,1.0,2407.6597,3946.0102,1.0,0.0,0.3476,nan,582,0.0094,-0.4627,0.0848,0,0,0.1502,0.018,0.1502,0.018,0.3952,0.6274,0.4353
None-gene-25051604,JASKUS010000001.1,4731,54744915,1.0,2407.6597,3946.0102,1.0,0.0,0.3476,nan,1548,0.0269,-0.2179,0.0848,0,0,0.0993,0.113,0.0993,0.113,0.4276,0.6879,1.3751
None-gene-25052082,JASKUS010000001.1,4731,54744915,1.0,2407.6597,3946.0102,1.0,0.0,0.3476,nan,252,0.0034,-0.5463,0.0848,0,0,-0.0416,0.5139,-0.0416,0.5139,0.4841,0.7931,3.0105
None-gene-25062978,JASKUS010000001.1,4731,54744915,1.0,2407.6597,3946.0102,1.0,0.0,0.3476,nan,300,0.0042,-0.5341,0.0844,0,0,-0.0,0.9997,-0.0,0.9997,0.3667,0.5743,-0.3906
None-gene-25063659,JASKUS010000001.1,4731,54744915,1.0,2407.6597,3946.0102,1.0,0.0,0.3476,nan,87,0.0004,-0.5881,0.0843,0,0,-0.1288,0.1199,-0.1288,0.1199,0.5057,0.8333,3.6365
None-gene-25066237,JASKUS010000001.1,4731,54744915,1.0,2407.6597,3946.0102,1.0,0.0,0.3476,nan,204,0.0025,-0.5585,0.0843,0,0,0.2072,0.0017,0.2072,0.0017,0.4216,0.6765,1.1991
None-gene-25071398,JASKUS010000001.1,4731,54744915,1.0,2407.6597,3946.0102,1.0,0.0,0.3476,nan,1242,0.0213,-0.2954,0.0841,0,0,0.1752,0.0049,0.1752,0.0049,0.4461,0.7221,1.9081
None-gene-25074645,JASKUS010000001.1,4731,54744915,1.0,2407.6597,3946.0102,1.0,0.0,0.3476,nan,1207,0.0207,-0.3043,0.0839,0,0,0.0249,0.6922,0.0249,0.6922,0.4126,0.6598,0.9392
None-gene-25075239,JASKUS010000001.1,4731,54744915,1.0,2407.6597,3946.0102,1.0,0.0,0.3476,nan,198,0.0024,-0.56,0.0839,0,0,-0.0215,0.7611,-0.0215,0.7611,0.4394,0.7097,1.7152
None-gene-25078341,JASKUS010000001.1,4731,54744915,1.0,2407.6597,3946.0102,1.0,0.0,0.3476,nan,2858,0.0507,0.1141,0.0838,0,0,0.1116,0.0747,0.1116,0.0747,0.36,0.5619,-0.5825
None-gene-25081213,JASKUS010000001.1,4731,54744915,1.0,2407.6597,3946.0102,1.0,0.0,0.3476,nan,270,0.0037,-0.5417,0.0837,0,0,0.2228,0.0007,0.2228,0.0007,0.4,0.6364,0.5746
None-gene-25089661,JASKUS010000001.1,4731,54744915,1.0,2407.6597,3946.0102,1.0,0.0,0.3476,nan,7754,0.1395,1.3549,0.0834,0,0,0.2371,0.0001,0.2371,0.0001,0.3823,0.6034,0.0616
None-gene-25111225,JASKUS010000001.1,4731,54744915,1.0,2407.6597,3946.0102,1.0,0.0,0.3476,nan,483,0.0076,-0.4877,0.0826,0,0,0.1223,0.0506,0.1223,0.0506,0.4679,0.7628,2.5409
None-gene-25115369,JASKUS010000001.1,4731,54744915,1.0,2407.6597,3946.0102,1.0,0.0,0.3476,nan,2841,0.0504,0.1098,0.0825,0,0,0.0854,0.1729,0.0854,0.1729,0.409,0.6531,0.8355
None-gene-25120980,JASKUS010000001.1,4731,54744915,1.0,2407.6597,3946.0102,1.0,0.0,0.3476,nan,3057,0.0543,0.1646,0.0823,0,0,0.1109,0.0765,0.1109,0.0765,0.4151,0.6645,1.0122
None-gene-25124436,JASKUS010000001.1,4731,54744915,1.0,2407.6597,3946.0102,1.0,0.0,0.3476,nan,494,0.0078,-0.485,0.0821,0,0,0.1066,0.0888,0.1066,0.0888,0.4555,0.7397,2.1806
None-gene-25124464,JASKUS010000001.1,4731,54744915,1.0,2407.6597,3946.0102,1.0,0.0,0.3476,nan,377,0.0056,-0.5146,0.0821,0,0,0.0701,0.2713,0.0701,0.2713,0.4615,0.751,2.3565
None-gene-25128418,JASKUS010000001.1,4731,54744915,1.0,2407.6597,3946.0102,1.0,0.0,0.3476,nan,14539,0.2627,3.0743,0.082,0,0,0.4123,0.0,0.4123,0.0,0.3887,0.6153,0.2467
None-gene-25156579,JASKUS010000001.1,4731,54744915,1.0,2407.6597,3946.0102,1.0,0.0,0.3476,nan,6546,0.1176,1.0487,0.081,0,0,0.2347,0.0002,0.2347,0.0002,0.3582,0.5586,-0.6348
None-gene-25162818,JASKUS010000001.1,4731,54744915,1.0,2407.6597,3946.0102,1.0,0.0,0.3476,nan,276,0.0038,-0.5402,0.0807,0,0,0.0682,0.2919,0.0682,0.2919,0.3986,0.6337,0.5326
None-gene-25171988,JASKUS010000001.1,4731,54744915,1.0,2407.6597,3946.0102,1.0,0.0,0.3476,nan,231,0.003,-0.5516,0.0804,0,0,-0.0461,0.4842,-0.0461,0.4842,0.3983,0.6331,0.5244
None-gene-25180947,JASKUS010000001.1,4731,54744915,1.0,2407.6597,3946.0102,1.0,0.0,0.3476,nan,10124,0.1825,1.9555,0.0801,0,0,0.2829,0.0,0.2829,0.0,0.3514,0.5458,-0.8339
None-gene-25180993,JASKUS010000001.1,4731,54744915,1.0,2407.6597,3946.0102,1.0,0.0,0.3476,nan,621,0.0101,-0.4528,0.0801,0,0,0.1115,0.0796,0.1115,0.0796,0.3736,0.5872,-0.1901
None-gene-25188304,JASKUS010000001.1,4731,54744915,1.0,2407.6597,3946.0102,1.0,0.0,0.3476,nan,201,0.0024,-0.5592,0.0798,0,0,0.0974,0.1691,0.0974,0.1691,0.4876,0.7995,3.11
None-gene-25189700,JASKUS010000001.1,4731,54744915,1.0,2407.6597,3946.0102,1.0,0.0,0.3476,nan,13117,0.2368,2.714,0.0797,0,0,0.2952,0.0,0.2952,0.0,0.3437,0.5315,-1.0563
None-gene-25192727,JASKUS010000001.1,4731,54744915,1.0,2407.6597,3946.0102,1.0,0.0,0.3476,nan,264,0.0036,-0.5432,0.0796,0,0,-0.032,0.6317,-0.032,0.6317,0.4508,0.7309,2.0443
None-gene-25206621,JASKUS010000001.1,4731,54744915,1.0,2407.6597,3946.0102,1.0,0.0,0.3476,nan,704,0.0116,-0.4317,0.0791,0,0,-0.104,0.0967,-0.104,0.0967,0.4474,0.7247,1.9483
None-gene-25250376,JASKUS010000001.1,4731,54744915,1.0,2407.6597,3946.0102,1.0,0.0,0.3476,nan,1760,0.0307,-0.1641,0.0775,0,0,0.1843,0.0031,0.1843,0.0031,0.4062,0.648,0.7555
None-gene-25256951,JASKUS010000001.1,4731,54744915,1.0,2407.6597,3946.0102,1.0,0.0,0.3476,nan,1180,0.0202,-0.3111,0.0773,0,0,0.0747,0.2337,0.0747,0.2337,0.4119,0.6585,0.9181
None-gene-25257689,JASKUS010000001.1,4731,54744915,1.0,2407.6597,3946.0102,1.0,0.0,0.3476,nan,126,0.0011,-0.5782,0.0773,0,0,-0.0744,0.3542,-0.0744,0.3542,0.5317,0.8817,4.3894
None-gene-25275370,JASKUS010000001.1,4731,54744915,1.0,2407.6597,3946.0102,1.0,0.0,0.3476,nan,11718,0.2115,2.3594,0.0766,0,0,0.1828,0.0033,0.1828,0.0033,0.3527,0.5483,-0.7949
None-gene-25309147,JASKUS010000001.1,4731,54744915,1.0,2407.6597,3946.0102,1.0,0.0,0.3476,nan,11863,0.2141,2.3962,0.0754,0,0,0.3772,0.0,0.3772,0.0,0.359,0.56,-0.6124
None-gene-25309573,JASKUS010000001.1,4731,54744915,1.0,2407.6597,3946.0102,1.0,0.0,0.3476,nan,2671,0.0473,0.0667,0.0754,0,0,0.0663,0.2905,0.0663,0.2905,0.3778,0.5949,-0.0694
None-gene-25313679,JASKUS010000001.1,4731,54744915,1.0,2407.6597,3946.0102,1.0,0.0,0.3476,nan,363,0.0054,-0.5182,0.0752,0,0,-0.0173,0.7962,-0.0173,0.7962,0.4022,0.6405,0.6384
None-gene-25338005,JASKUS010000001.1,4731,54744915,1.0,2407.6597,3946.0102,1.0,0.0,0.3476,nan,1105,0.0189,-0.3301,0.0743,0,0,0.2324,0.0002,0.2324,0.0002,0.4181,0.6701,1.0986
None-gene-25353481,JASKUS010000001.1,4731,54744915,1.0,2407.6597,3946.0102,1.0,0.0,0.3476,nan,5070,0.0908,0.6747,0.0738,0,0,0.3852,0.0,0.3852,0.0,0.275,0.4035,-3.0463
None-gene-25361792,JASKUS010000001.1,4731,54744915,1.0,2407.6597,3946.0102,1.0,0.0,0.3476,nan,13729,0.248,2.8691,0.0735,0,0,0.5684,0.0,0.5684,0.0,0.3263,0.4991,-1.559
None-gene-25483083,JASKUS010000001.1,4731,54744915,1.0,2407.6597,3946.0102,1.0,0.0,0.3476,nan,1478,0.0256,-0.2356,0.069,0,0,0.0681,0.2774,0.0681,0.2774,0.4242,0.6815,1.2759
None-gene-25500075,JASKUS010000001.1,4731,54744915,1.0,2407.6597,3946.0102,1.0,0.0,0.3476,nan,324,0.0047,-0.528,0.0684,0,0,0.1195,0.064,0.1195,0.064,0.463,0.7536,2.3977
None-gene-25511509,JASKUS010000001.1,4731,54744915,1.0,2407.6597,3946.0102,1.0,0.0,0.3476,nan,144,0.0014,-0.5737,0.068,0,0,-0.2702,0.0002,-0.2702,0.0002,0.4236,0.6803,1.2582
None-gene-25517713,JASKUS010000001.1,4731,54744915,1.0,2407.6597,3946.0102,1.0,0.0,0.3476,nan,7226,0.1299,1.2211,0.0678,0,0,0.4312,0.0,0.4312,0.0,0.3508,0.5448,-0.8496
None-gene-25573795,JASKUS010000001.1,4731,54744915,1.0,2407.6597,3946.0102,1.0,0.0,0.3476,nan,741,0.0122,-0.4224,0.0657,0,0,-0.0772,0.2246,-0.0772,0.2246,0.3905,0.6187,0.3007
None-gene-25583461,JASKUS010000001.1,4731,54744915,1.0,2407.6597,3946.0102,1.0,0.0,0.3476,nan,204,0.0025,-0.5585,0.0654,0,0,-0.0443,0.5274,-0.0443,0.5274,0.4069,0.6491,0.7733
None-gene-25583782,JASKUS010000001.1,4731,54744915,1.0,2407.6597,3946.0102,1.0,0.0,0.3476,nan,180,0.0021,-0.5645,0.0653,0,0,0.1249,0.0836,0.1249,0.0836,0.3833,0.6053,0.092
None-gene-25601921,JASKUS010000001.1,4731,54744915,1.0,2407.6597,3946.0102,1.0,0.0,0.3476,nan,2082,0.0366,-0.0825,0.0647,0,0,0.2809,0.0,0.2809,0.0,0.3847,0.6079,0.1323
None-gene-25645248,JASKUS010000001.1,4731,54744915,1.0,2407.6597,3946.0102,1.0,0.0,0.3476,nan,1000,0.017,-0.3567,0.0631,0,0,0.0111,0.8592,0.0111,0.8592,0.368,0.5768,-0.352
None-gene-25647596,JASKUS010000001.1,4731,54744915,1.0,2407.6597,3946.0102,1.0,0.0,0.3476,nan,405,0.0062,-0.5075,0.063,0,0,-0.0398,0.5262,-0.0398,0.5262,0.4272,0.687,1.361
None-gene-25649234,JASKUS010000001.1,4731,54744915,1.0,2407.6597,3946.0102,1.0,0.0,0.3476,nan,670,0.011,-0.4404,0.063,0,0,0.0418,0.5053,0.0418,0.5053,0.4313,0.6947,1.4821
None-gene-25651610,JASKUS010000001.1,4731,54744915,1.0,2407.6597,3946.0102,1.0,0.0,0.3476,nan,1527,0.0265,-0.2232,0.0629,0,0,0.1472,0.0184,0.1472,0.0184,0.406,0.6476,0.749
None-gene-25657086,JASKUS010000001.1,4731,54744915,1.0,2407.6597,3946.0102,1.0,0.0,0.3476,nan,741,0.0122,-0.4224,0.0627,0,0,0.1576,0.0116,0.1576,0.0116,0.4022,0.6404,0.6371
None-gene-25671887,JASKUS010000001.1,4731,54744915,1.0,2407.6597,3946.0102,1.0,0.0,0.3476,nan,8515,0.1533,1.5477,0.0621,0,0,0.297,0.0,0.297,0.0,0.361,0.5637,-0.5544
None-gene-25672359,JASKUS010000001.1,4731,54744915,1.0,2407.6597,3946.0102,1.0,0.0,0.3476,nan,234,0.003,-0.5508,0.0621,0,0,-0.1112,0.0856,-0.1112,0.0856,0.5043,0.8306,3.5939
None-gene-25687884,JASKUS010000001.1,4731,54744915,1.0,2407.6597,3946.0102,1.0,0.0,0.3476,nan,282,0.0039,-0.5387,0.0615,0,0,-0.0734,0.2718,-0.0734,0.2718,0.4043,0.6443,0.6978
None-gene-25696688,JASKUS010000001.1,4731,54744915,1.0,2407.6597,3946.0102,1.0,0.0,0.3476,nan,24143,0.4369,5.5082,0.0612,0,0,0.4715,0.0,0.4715,0.0,0.3411,0.5267,-1.131
None-gene-25729190,JASKUS010000001.1,4731,54744915,1.0,2407.6597,3946.0102,1.0,0.0,0.3476,nan,267,0.0036,-0.5425,0.06,0,0,0.0372,0.5779,0.0372,0.5779,0.3933,0.6238,0.3793
None-gene-25761094,JASKUS010000001.1,4731,54744915,1.0,2407.6597,3946.0102,1.0,0.0,0.3476,nan,735,0.0121,-0.4239,0.0589,0,0,0.1405,0.0266,0.1405,0.0266,0.4014,0.6389,0.614
None-gene-25769712,JASKUS010000001.1,4731,54744915,1.0,2407.6597,3946.0102,1.0,0.0,0.3476,nan,348,0.0051,-0.522,0.0586,0,0,0.12,0.0552,0.12,0.0552,0.4167,0.6674,1.0572
None-gene-25793098,JASKUS010000001.1,4731,54744915,1.0,2407.6597,3946.0102,1.0,0.0,0.3476,nan,966,0.0163,-0.3653,0.0577,0,0,0.2673,0.0,0.2673,0.0,0.3923,0.6221,0.3527
None-gene-25839060,JASKUS010000001.1,4731,54744915,1.0,2407.6597,3946.0102,1.0,0.0,0.3476,nan,72,0.0001,-0.5919,0.056,0,0,-0.126,0.1721,-0.126,0.1721,0.4028,0.6415,0.655
None-gene-25857293,JASKUS010000001.1,4731,54744915,1.0,2407.6597,3946.0102,1.0,0.0,0.3476,nan,549,0.0088,-0.471,0.0554,0,0,0.0596,0.3419,0.0596,0.3419,0.3807,0.6004,0.0155
None-gene-25870191,JASKUS010000001.1,4731,54744915,1.0,2407.6597,3946.0102,1.0,0.0,0.3476,nan,3497,0.0623,0.2761,0.0549,0,0,0.1541,0.0136,0.1541,0.0136,0.3766,0.5928,-0.1028
None-gene-25875885,JASKUS010000001.1,4731,54744915,1.0,2407.6597,3946.0102,1.0,0.0,0.3476,nan,537,0.0085,-0.4741,0.0547,0,0,0.2023,0.0011,0.2023,0.0011,0.4581,0.7446,2.2569
None-gene-25876623,JASKUS010000001.1,4731,54744915,1.0,2407.6597,3946.0102,1.0,0.0,0.3476,nan,5597,0.1004,0.8082,0.0546,0,0,-0.0275,0.6618,-0.0275,0.6618,0.3731,0.5862,-0.2056
None-gene-25883733,JASKUS010000001.1,4731,54744915,1.0,2407.6597,3946.0102,1.0,0.0,0.3476,nan,5045,0.0904,0.6684,0.0544,0,0,0.1911,0.0021,0.1911,0.0021,0.3776,0.5946,-0.074
None-gene-25891245,JASKUS010000001.1,4731,54744915,1.0,2407.6597,3946.0102,1.0,0.0,0.3476,nan,1685,0.0294,-0.1831,0.0541,0,0,-0.0373,0.5527,-0.0373,0.5527,0.3899,0.6176,0.2824
None-gene-25893654,JASKUS010000001.1,4731,54744915,1.0,2407.6597,3946.0102,1.0,0.0,0.3476,nan,2293,0.0404,-0.0291,0.054,0,0,0.2872,0.0,0.2872,0.0,0.423,0.6793,1.2413
None-gene-25898782,JASKUS010000001.1,4731,54744915,1.0,2407.6597,3946.0102,1.0,0.0,0.3476,nan,1027,0.0174,-0.3499,0.0538,0,0,0.0917,0.1435,0.0917,0.1435,0.4099,0.6549,0.8621
None-gene-25902447,JASKUS010000001.1,4731,54744915,1.0,2407.6597,3946.0102,1.0,0.0,0.3476,nan,3282,0.0584,0.2216,0.0537,0,0,0.1403,0.0248,0.1403,0.0248,0.4299,0.6921,1.4409
None-gene-25909309,JASKUS010000001.1,4731,54744915,1.0,2407.6597,3946.0102,1.0,0.0,0.3476,nan,3516,0.0626,0.2809,0.0535,0,0,0.1111,0.0761,0.1111,0.0761,0.3686,0.5779,-0.3346
None-gene-25923105,JASKUS010000001.1,4731,54744915,1.0,2407.6597,3946.0102,1.0,0.0,0.3476,nan,1055,0.0179,-0.3428,0.0529,0,0,0.1072,0.0869,0.1072,0.0869,0.3943,0.6258,0.4099
None-gene-25935185,JASKUS010000001.1,4731,54744915,1.0,2407.6597,3946.0102,1.0,0.0,0.3476,nan,2765,0.049,0.0906,0.0525,0,0,0.1129,0.0713,0.1129,0.0713,0.4253,0.6835,1.3076
None-gene-25936051,JASKUS010000001.1,4731,54744915,1.0,2407.6597,3946.0102,1.0,0.0,0.3476,nan,620,0.0101,-0.453,0.0525,0,0,-0.0369,0.5572,-0.0369,0.5572,0.4403,0.7115,1.7421
None-gene-25941511,JASKUS010000001.1,4731,54744915,1.0,2407.6597,3946.0102,1.0,0.0,0.3476,nan,1246,0.0214,-0.2944,0.0523,0,0,0.1056,0.0918,0.1056,0.0918,0.3756,0.5909,-0.1319
None-gene-25966625,JASKUS010000001.1,4731,54744915,1.0,2407.6597,3946.0102,1.0,0.0,0.3476,nan,249,0.0033,-0.547,0.0514,0,0,0.1221,0.0669,0.1221,0.0669,0.3976,0.6319,0.5048
None-gene-25966911,JASKUS010000001.1,4731,54744915,1.0,2407.6597,3946.0102,1.0,0.0,0.3476,nan,321,0.0046,-0.5288,0.0513,0,0,0.1618,0.0106,0.1618,0.0106,0.4112,0.6573,0.8993
None-gene-25977949,JASKUS010000001.1,4731,54744915,1.0,2407.6597,3946.0102,1.0,0.0,0.3476,nan,3040,0.054,0.1602,0.0509,0,0,0.2047,0.001,0.2047,0.001,0.3872,0.6125,0.2031
None-gene-26008017,JASKUS010000001.1,4731,54744915,1.0,2407.6597,3946.0102,1.0,0.0,0.3476,nan,2479,0.0438,0.0181,0.0498,0,0,0.2254,0.0003,0.2254,0.0003,0.4127,0.66,0.9413
None-gene-26036597,JASKUS010000001.1,4731,54744915,1.0,2407.6597,3946.0102,1.0,0.0,0.3476,nan,3839,0.0685,0.3627,0.0488,0,0,0.3908,0.0,0.3908,0.0,0.4129,0.6603,0.9472
None-gene-26052756,JASKUS010000001.1,4731,54744915,1.0,2407.6597,3946.0102,1.0,0.0,0.3476,nan,469,0.0073,-0.4913,0.0482,0,0,0.0768,0.2284,0.0768,0.2284,0.4456,0.7213,1.8958
None-gene-26056697,JASKUS010000001.1,4731,54744915,1.0,2407.6597,3946.0102,1.0,0.0,0.3476,nan,378,0.0057,-0.5144,0.0481,0,0,0.1499,0.0164,0.1499,0.0164,0.4048,0.6452,0.7124
None-gene-26057152,JASKUS010000001.1,4731,54744915,1.0,2407.6597,3946.0102,1.0,0.0,0.3476,nan,769,0.0128,-0.4153,0.0481,0,0,0.144,0.023,0.144,0.023,0.4057,0.647,0.7402
None-gene-26058555,JASKUS010000001.1,4731,54744915,1.0,2407.6597,3946.0102,1.0,0.0,0.3476,nan,7126,0.1281,1.1957,0.048,0,0,0.1787,0.0041,0.1787,0.0041,0.3933,0.624,0.382
None-gene-26068060,JASKUS010000001.1,4731,54744915,1.0,2407.6597,3946.0102,1.0,0.0,0.3476,nan,2138,0.0376,-0.0683,0.0477,0,0,0.1514,0.0153,0.1514,0.0153,0.4312,0.6946,1.4793
None-gene-26081243,JASKUS010000001.1,4731,54744915,1.0,2407.6597,3946.0102,1.0,0.0,0.3476,nan,159,0.0017,-0.5699,0.0472,0,0,0.1193,0.1317,0.1193,0.1317,0.4088,0.6528,0.8295
None-gene-26087054,JASKUS010000001.1,4731,54744915,1.0,2407.6597,3946.0102,1.0,0.0,0.3476,nan,488,0.0077,-0.4865,0.047,0,0,0.093,0.1499,0.093,0.1499,0.3648,0.5707,-0.446
None-gene-26134468,JASKUS010000001.1,4731,54744915,1.0,2407.6597,3946.0102,1.0,0.0,0.3476,nan,1173,0.0201,-0.3129,0.0452,0,0,0.193,0.0019,0.193,0.0019,0.4271,0.6869,1.3595
None-gene-26171910,JASKUS010000001.1,4731,54744915,1.0,2407.6597,3946.0102,1.0,0.0,0.3476,nan,1881,0.0329,-0.1335,0.0439,0,0,0.2187,0.0004,0.2187,0.0004,0.395,0.6271,0.4299
None-gene-26183503,JASKUS010000001.1,4731,54744915,1.0,2407.6597,3946.0102,1.0,0.0,0.3476,nan,162,0.0017,-0.5691,0.0434,0,0,-0.019,0.7804,-0.019,0.7804,0.5247,0.8686,4.1851
None-gene-26196242,JASKUS010000001.1,4731,54744915,1.0,2407.6597,3946.0102,1.0,0.0,0.3476,nan,675,0.0111,-0.4391,0.043,0,0,0.0047,0.9409,0.0047,0.9409,0.4222,0.6778,1.218
None-gene-26243670,JASKUS010000001.1,4731,54744915,1.0,2407.6597,3946.0102,1.0,0.0,0.3476,nan,618,0.01,-0.4535,0.0412,0,0,0.0331,0.5983,0.0331,0.5983,0.4029,0.6418,0.6589
None-gene-26291493,JASKUS010000001.1,4731,54744915,1.0,2407.6597,3946.0102,1.0,0.0,0.3476,nan,324,0.0047,-0.528,0.0395,0,0,-0.0832,0.2059,-0.0832,0.2059,0.4198,0.6732,1.1465
None-gene-26291557,JASKUS010000001.1,4731,54744915,1.0,2407.6597,3946.0102,1.0,0.0,0.3476,nan,255,0.0034,-0.5455,0.0395,0,0,-0.0156,0.8157,-0.0156,0.8157,0.4314,0.6948,1.483
None-gene-26292326,JASKUS010000001.1,4731,54744915,1.0,2407.6597,3946.0102,1.0,0.0,0.3476,nan,592,0.0095,-0.4601,0.0395,0,0,0.0548,0.3899,0.0548,0.3899,0.3733,0.5867,-0.1982
None-gene-26307790,JASKUS010000001.1,4731,54744915,1.0,2407.6597,3946.0102,1.0,0.0,0.3476,nan,147,0.0015,-0.5729,0.0389,0,0,0.0888,0.2785,0.0888,0.2785,0.3946,0.6262,0.417
None-gene-26328206,JASKUS010000001.1,4731,54744915,1.0,2407.6597,3946.0102,1.0,0.0,0.3476,nan,132,0.0012,-0.5767,0.0381,0,0,-0.0405,0.571,-0.0405,0.571,0.3939,0.6251,0.3991
None-gene-26350073,JASKUS010000001.1,4731,54744915,1.0,2407.6597,3946.0102,1.0,0.0,0.3476,nan,7798,0.1403,1.366,0.0374,0,0,0.308,0.0,0.308,0.0,0.3406,0.5257,-1.1454
None-gene-26371917,JASKUS010000001.1,4731,54744915,1.0,2407.6597,3946.0102,1.0,0.0,0.3476,nan,35018,0.6343,8.2641,0.0366,0,0,0.6011,0.0,0.6011,0.0,0.3556,0.5537,-0.7105
None-gene-26388227,JASKUS010000001.1,4731,54744915,1.0,2407.6597,3946.0102,1.0,0.0,0.3476,nan,741,0.0122,-0.4224,0.036,0,0,0.2375,0.0002,0.2375,0.0002,0.3711,0.5826,-0.2617
None-gene-26426483,JASKUS010000001.1,4731,54744915,1.0,2407.6597,3946.0102,1.0,0.0,0.3476,nan,741,0.0122,-0.4224,0.0346,0,0,0.0042,0.9469,0.0042,0.9469,0.4791,0.7837,2.8644
None-gene-26432455,JASKUS010000001.1,4731,54744915,1.0,2407.6597,3946.0102,1.0,0.0,0.3476,nan,294,0.0041,-0.5356,0.0343,0,0,0.1078,0.0895,0.1078,0.0895,0.432,0.6959,1.5004
None-gene-26445631,JASKUS010000001.1,4731,54744915,1.0,2407.6597,3946.0102,1.0,0.0,0.3476,nan,7989,0.1438,1.4144,0.0339,0,0,0.3129,0.0,0.3129,0.0,0.3735,0.587,-0.1924
None-gene-26473655,JASKUS010000001.1,4731,54744915,1.0,2407.6597,3946.0102,1.0,0.0,0.3476,nan,2150,0.0378,-0.0653,0.0328,0,0,0.2069,0.0009,0.2069,0.0009,0.3781,0.5956,-0.0584
None-gene-26486358,JASKUS010000001.1,4731,54744915,1.0,2407.6597,3946.0102,1.0,0.0,0.3476,nan,942,0.0159,-0.3714,0.0324,0,0,0.2295,0.0002,0.2295,0.0002,0.4544,0.7376,2.1484
None-gene-26491342,JASKUS010000001.1,4731,54744915,1.0,2407.6597,3946.0102,1.0,0.0,0.3476,nan,288,0.004,-0.5372,0.0322,0,0,0.0389,0.5598,0.0389,0.5598,0.3854,0.6092,0.1523
None-gene-26501234,JASKUS010000001.1,4731,54744915,1.0,2407.6597,3946.0102,1.0,0.0,0.3476,nan,993,0.0168,-0.3585,0.0318,0,0,0.0678,0.2801,0.0678,0.2801,0.4381,0.7073,1.6768
None-gene-26512240,JASKUS010000001.1,4731,54744915,1.0,2407.6597,3946.0102,1.0,0.0,0.3476,nan,14392,0.26,3.0371,0.0314,0,0,0.3762,0.0,0.3762,0.0,0.369,0.5785,-0.3244
None-gene-26528088,JASKUS010000001.1,4731,54744915,1.0,2407.6597,3946.0102,1.0,0.0,0.3476,nan,1481,0.0257,-0.2348,0.0308,0,0,0.2271,0.0002,0.2271,0.0002,0.345,0.534,-1.0169
None-gene-26532520,JASKUS010000001.1,4731,54744915,1.0,2407.6597,3946.0102,1.0,0.0,0.3476,nan,1491,0.0259,-0.2323,0.0307,0,0,0.1169,0.0619,0.1169,0.0619,0.3944,0.6259,0.4114
None-gene-26536785,JASKUS010000001.1,4731,54744915,1.0,2407.6597,3946.0102,1.0,0.0,0.3476,nan,126,0.0011,-0.5782,0.0305,0,0,0.135,0.0919,0.135,0.0919,0.4286,0.6896,1.4019
None-gene-26537192,JASKUS010000001.1,4731,54744915,1.0,2407.6597,3946.0102,1.0,0.0,0.3476,nan,9884,0.1782,1.8947,0.0305,0,0,0.2356,0.0001,0.2356,0.0001,0.386,0.6102,0.1685
None-gene-26540795,JASKUS010000001.1,4731,54744915,1.0,2407.6597,3946.0102,1.0,0.0,0.3476,nan,2735,0.0484,0.083,0.0304,0,0,0.0724,0.2482,0.0724,0.2482,0.4457,0.7215,1.8979
None-gene-26557549,JASKUS010000001.1,4731,54744915,1.0,2407.6597,3946.0102,1.0,0.0,0.3476,nan,267,0.0036,-0.5425,0.0298,0,0,0.0876,0.1693,0.0876,0.1693,0.4307,0.6936,1.4638
None-gene-26563733,JASKUS010000001.1,4731,54744915,1.0,2407.6597,3946.0102,1.0,0.0,0.3476,nan,1042,0.0177,-0.3461,0.0295,0,0,0.1502,0.0162,0.1502,0.0162,0.4098,0.6546,0.858
None-gene-26567309,JASKUS010000001.1,4731,54744915,1.0,2407.6597,3946.0102,1.0,0.0,0.3476,nan,2143,0.0377,-0.0671,0.0294,0,0,0.1222,0.0507,0.1222,0.0507,0.412,0.6588,0.9232
None-gene-26572824,JASKUS010000001.1,4731,54744915,1.0,2407.6597,3946.0102,1.0,0.0,0.3476,nan,3371,0.06,0.2441,0.0292,0,0,0.1188,0.0577,0.1188,0.0577,0.3622,0.566,-0.5198
None-gene-26578672,JASKUS010000001.1,4731,54744915,1.0,2407.6597,3946.0102,1.0,0.0,0.3476,nan,903,0.0152,-0.3813,0.029,0,0,0.0732,0.2435,0.0732,0.2435,0.4485,0.7267,1.9791
None-gene-26579614,JASKUS010000001.1,4731,54744915,1.0,2407.6597,3946.0102,1.0,0.0,0.3476,nan,276,0.0038,-0.5402,0.029,0,0,0.0124,0.8464,0.0124,0.8464,0.4167,0.6674,1.0572
None-gene-26601151,JASKUS010000001.1,4731,54744915,1.0,2407.6597,3946.0102,1.0,0.0,0.3476,nan,7864,0.1415,1.3827,0.0282,0,0,0.4294,0.0,0.4294,0.0,0.3819,0.6026,0.0495
None-gene-26611961,JASKUS010000001.1,4731,54744915,1.0,2407.6597,3946.0102,1.0,0.0,0.3476,nan,3975,0.0709,0.3972,0.0278,0,0,0.3854,0.0,0.3854,0.0,0.4113,0.6574,0.9024
None-gene-26626637,JASKUS010000001.1,4731,54744915,1.0,2407.6597,3946.0102,1.0,0.0,0.3476,nan,5499,0.0986,0.7834,0.0272,0,0,0.3204,0.0,0.3204,0.0,0.3921,0.6216,0.345
None-gene-26720332,JASKUS010000001.1,4731,54744915,1.0,2407.6597,3946.0102,1.0,0.0,0.3476,nan,9970,0.1797,1.9165,0.0238,0,0,0.2765,0.0,0.2765,0.0,0.3546,0.5517,-0.7411
None-gene-26731652,JASKUS010000001.1,4731,54744915,1.0,2407.6597,3946.0102,1.0,0.0,0.3476,nan,369,0.0055,-0.5166,0.0234,0,0,0.2412,0.0001,0.2412,0.0001,0.4228,0.6788,1.2337
None-gene-26732158,JASKUS010000001.1,4731,54744915,1.0,2407.6597,3946.0102,1.0,0.0,0.3476,nan,240,0.0032,-0.5493,0.0234,0,0,0.0478,0.4684,0.0478,0.4684,0.4542,0.7373,2.143
None-gene-26741511,JASKUS010000001.1,4731,54744915,1.0,2407.6597,3946.0102,1.0,0.0,0.3476,nan,738,0.0122,-0.4231,0.0231,0,0,0.0169,0.7876,0.0169,0.7876,0.3686,0.5778,-0.3357
None-gene-26742847,JASKUS010000001.1,4731,54744915,1.0,2407.6597,3946.0102,1.0,0.0,0.3476,nan,3692,0.0658,0.3255,0.023,0,0,0.1027,0.1011,0.1027,0.1011,0.3302,0.5063,-1.4473
None-gene-26750520,JASKUS010000001.1,4731,54744915,1.0,2407.6597,3946.0102,1.0,0.0,0.3476,nan,542,0.0086,-0.4728,0.0227,0,0,0.0985,0.1161,0.0985,0.1161,0.3856,0.6096,0.1579
None-gene-26761117,JASKUS010000001.1,4731,54744915,1.0,2407.6597,3946.0102,1.0,0.0,0.3476,nan,510,0.0081,-0.4809,0.0223,0,0,-0.0092,0.8867,-0.0092,0.8867,0.4098,0.6546,0.8584
None-gene-26783664,JASKUS010000001.1,4731,54744915,1.0,2407.6597,3946.0102,1.0,0.0,0.3476,nan,162,0.0017,-0.5691,0.0215,0,0,-0.0226,0.7352,-0.0226,0.7352,0.4506,0.7306,2.0402
None-gene-26798331,JASKUS010000001.1,4731,54744915,1.0,2407.6597,3946.0102,1.0,0.0,0.3476,nan,18089,0.3271,3.974,0.021,0,0,0.384,0.0,0.384,0.0,0.3222,0.4914,-1.6786
None-gene-26800612,JASKUS010000001.1,4731,54744915,1.0,2407.6597,3946.0102,1.0,0.0,0.3476,nan,2395,0.0423,-0.0032,0.0209,0,0,0.1463,0.0192,0.1463,0.0192,0.3662,0.5734,-0.4047
None-gene-26804001,JASKUS010000001.1,4731,54744915,1.0,2407.6597,3946.0102,1.0,0.0,0.3476,nan,442,0.0068,-0.4981,0.0208,0,0,0.0655,0.2965,0.0655,0.2965,0.4231,0.6793,1.2428
None-gene-26815953,JASKUS010000001.1,4731,54744915,1.0,2407.6597,3946.0102,1.0,0.0,0.3476,nan,469,0.0073,-0.4913,0.0203,0,0,-0.0298,0.641,-0.0298,0.641,0.3603,0.5625,-0.5738
None-gene-26832318,JASKUS010000001.1,4731,54744915,1.0,2407.6597,3946.0102,1.0,0.0,0.3476,nan,1969,0.0345,-0.1112,0.0197,0,0,0.2494,0.0001,0.2494,0.0001,0.3946,0.6263,0.4187
None-gene-26869307,JASKUS010000001.1,4731,54744915,1.0,2407.6597,3946.0102,1.0,0.0,0.3476,nan,111,0.0008,-0.582,0.0184,0,0,-0.2068,0.0247,-0.2068,0.0247,0.3694,0.5793,-0.3124
None-gene-26893186,JASKUS010000001.1,4731,54744915,1.0,2407.6597,3946.0102,1.0,0.0,0.3476,nan,153,0.0016,-0.5714,0.0175,0,0,-0.0954,0.2117,-0.0954,0.2117,0.4118,0.6583,0.9152
None-gene-26915361,JASKUS010000001.1,4731,54744915,1.0,2407.6597,3946.0102,1.0,0.0,0.3476,nan,8363,0.1506,1.5092,0.0167,0,0,0.3665,0.0,0.3665,0.0,0.3447,0.5334,-1.0257
None-gene-26930544,JASKUS010000001.1,4731,54744915,1.0,2407.6597,3946.0102,1.0,0.0,0.3476,nan,837,0.014,-0.398,0.0161,0,0,0.1457,0.0197,0.1457,0.0197,0.4349,0.7013,1.5847
None-gene-26939112,JASKUS010000001.1,4731,54744915,1.0,2407.6597,3946.0102,1.0,0.0,0.3476,nan,3435,0.0611,0.2603,0.0158,0,0,0.2654,0.0,0.2654,0.0,0.3453,0.5344,-1.0102
None-gene-26945568,JASKUS010000001.1,4731,54744915,1.0,2407.6597,3946.0102,1.0,0.0,0.3476,nan,3577,0.0637,0.2963,0.0156,0,0,0.2015,0.0012,0.2015,0.0012,0.4042,0.6443,0.6976
None-gene-26947277,JASKUS010000001.1,4731,54744915,1.0,2407.6597,3946.0102,1.0,0.0,0.3476,nan,153,0.0016,-0.5714,0.0155,0,0,-0.0257,0.7103,-0.0257,0.7103,0.4771,0.78,2.8077
None-gene-26961722,JASKUS010000001.1,4731,54744915,1.0,2407.6597,3946.0102,1.0,0.0,0.3476,nan,8269,0.1489,1.4854,0.015,0,0,0.1929,0.0019,0.1929,0.0019,0.3485,0.5405,-0.9158
None-gene-27107465,JASKUS010000001.1,4731,54744915,1.0,2407.6597,3946.0102,1.0,0.0,0.3476,nan,336,0.0049,-0.525,0.0097,0,0,0.0061,0.9236,0.0061,0.9236,0.5149,0.8503,3.901
None-gene-27143754,JASKUS010000001.1,4731,54744915,1.0,2407.6597,3946.0102,1.0,0.0,0.3476,nan,5497,0.0986,0.7829,0.0084,0,0,0.4284,0.0,0.4284,0.0,0.3547,0.5521,-0.736
None-gene-27178829,JASKUS010000001.1,4731,54744915,1.0,2407.6597,3946.0102,1.0,0.0,0.3476,nan,3025,0.0537,0.1564,0.0071,0,0,0.2413,0.0001,0.2413,0.0001,0.3603,0.5625,-0.5741
None-gene-27196319,JASKUS010000001.1,4731,54744915,1.0,2407.6597,3946.0102,1.0,0.0,0.3476,nan,14080,0.2543,2.958,0.0064,0,0,0.3155,0.0,0.3155,0.0,0.3504,0.5439,-0.8629
None-gene-27198948,JASKUS010000001.1,4731,54744915,1.0,2407.6597,3946.0102,1.0,0.0,0.3476,nan,480,0.0075,-0.4885,0.0063,0,0,0.1682,0.0078,0.1682,0.0078,0.4167,0.6674,1.0572
None-gene-27222178,JASKUS010000001.1,4731,54744915,1.0,2407.6597,3946.0102,1.0,0.0,0.3476,nan,135,0.0013,-0.5759,0.0055,0,0,0.1844,0.0091,0.1844,0.0091,0.4519,0.7329,2.076
None-gene-27240989,JASKUS010000001.1,4731,54744915,1.0,2407.6597,3946.0102,1.0,0.0,0.3476,nan,13446,0.2428,2.7973,0.0048,0,0,0.3973,0.0,0.3973,0.0,0.3643,0.57,-0.4578
None-gene-27252675,JASKUS010000001.1,4731,54744915,1.0,2407.6597,3946.0102,1.0,0.0,0.3476,nan,345,0.0051,-0.5227,0.0044,0,0,0.1304,0.037,0.1304,0.037,0.4725,0.7713,2.6728
None-gene-27253083,JASKUS010000001.1,4731,54744915,1.0,2407.6597,3946.0102,1.0,0.0,0.3476,nan,195,0.0023,-0.5607,0.0044,0,0,-0.0681,0.3166,-0.0681,0.3166,0.4513,0.7319,2.0595
None-gene-27254563,JASKUS010000001.1,4731,54744915,1.0,2407.6597,3946.0102,1.0,0.0,0.3476,nan,189,0.0022,-0.5623,0.0043,0,0,0.0011,0.9857,0.0011,0.9857,0.4286,0.6896,1.4019
None-gene-27263687,JASKUS010000001.1,4731,54744915,1.0,2407.6597,3946.0102,1.0,0.0,0.3476,nan,1698,0.0296,-0.1798,0.004,0,0,0.1611,0.0098,0.1611,0.0098,0.3893,0.6164,0.2642
None-gene-27268264,JASKUS010000001.1,4731,54744915,1.0,2407.6597,3946.0102,1.0,0.0,0.3476,nan,577,0.0093,-0.4639,0.0038,0,0,0.0393,0.5314,0.0393,0.5314,0.3657,0.5725,-0.4191
None-gene-27271574,JASKUS010000001.1,4731,54744915,1.0,2407.6597,3946.0102,1.0,0.0,0.3476,nan,659,0.0108,-0.4431,0.0037,0,0,0.094,0.1336,0.094,0.1336,0.3915,0.6205,0.3285
None-gene-27278438,JASKUS010000001.1,4731,54744915,1.0,2407.6597,3946.0102,1.0,0.0,0.3476,nan,4178,0.0746,0.4486,0.0034,0,0,0.2749,0.0,0.2749,0.0,0.3897,0.6171,0.2752
None-gene-27281644,JASKUS010000001.1,4731,54744915,1.0,2407.6597,3946.0102,1.0,0.0,0.3476,nan,249,0.0033,-0.547,0.0033,0,0,0.0581,0.3825,0.0581,0.3825,0.4538,0.7366,2.1328
None-gene-27328386,JASKUS010000001.1,4731,54744915,1.0,2407.6597,3946.0102,1.0,0.0,0.3476,nan,1512,0.0262,-0.227,0.0016,0,0,0.0709,0.2581,0.0709,0.2581,0.3902,0.6181,0.2911
None-gene-27337772,JASKUS010000001.1,4731,54744915,1.0,2407.6597,3946.0102,1.0,0.0,0.3476,nan,354,0.0052,-0.5204,0.0013,0,0,0.0581,0.3625,0.0581,0.3625,0.4322,0.6963,1.507
None-gene-27355799,JASKUS010000001.1,4731,54744915,1.0,2407.6597,3946.0102,1.0,0.0,0.3476,nan,501,0.0079,-0.4832,0.0006,0,0,-0.0671,0.2929,-0.0671,0.2929,0.4072,0.6497,0.7826
None-gene-27374315,JASKUS010000001.1,4731,54744915,1.0,2407.6597,3946.0102,1.0,0.0,0.3476,nan,360,0.0053,-0.5189,0.0001,0,0,-0.004,0.9513,-0.004,0.9513,0.3861,0.6105,0.1724
None-gene-27378376,JASKUS010000001.1,4731,54744915,1.0,2407.6597,3946.0102,1.0,0.0,0.3476,nan,1020,0.0173,-0.3517,0.0003,0,0,0.1291,0.039,0.1291,0.039,0.4108,0.6564,0.8868
None-gene-27380395,JASKUS010000001.1,4731,54744915,1.0,2407.6597,3946.0102,1.0,0.0,0.3476,nan,1156,0.0198,-0.3172,0.0003,0,0,0.0858,0.1709,0.0858,0.1709,0.4343,0.7002,1.5665
None-gene-27381661,JASKUS010000001.1,4731,54744915,1.0,2407.6597,3946.0102,1.0,0.0,0.3476,nan,813,0.0136,-0.4041,0.0004,0,0,-0.0349,0.5787,-0.0349,0.5787,0.4182,0.6703,1.1017
None-gene-27426710,JASKUS010000001.1,4731,54744915,1.0,2407.6597,3946.0102,1.0,0.0,0.3476,nan,3239,0.0576,0.2107,0.0021,0,0,0.1808,0.0037,0.1808,0.0037,0.3983,0.6331,0.5245
None-gene-27538870,JASKUS010000001.1,4731,54744915,1.0,2407.6597,3946.0102,1.0,0.0,0.3476,nan,374,0.0056,-0.5154,0.0061,0,0,0.1019,0.1201,0.1019,0.1201,0.4198,0.6732,1.1475
None-gene-27554826,JASKUS010000001.1,4731,54744915,1.0,2407.6597,3946.0102,1.0,0.0,0.3476,nan,2216,0.039,-0.0486,0.0067,0,0,0.3141,0.0,0.3141,0.0,0.3597,0.5612,-0.5936
None-gene-27567992,JASKUS010000001.1,4731,54744915,1.0,2407.6597,3946.0102,1.0,0.0,0.3476,nan,4501,0.0805,0.5305,0.0073,0,0,0.413,0.0,0.413,0.0,0.4041,0.6441,0.6942
None-gene-27584941,JASKUS010000001.1,4731,54744915,1.0,2407.6597,3946.0102,1.0,0.0,0.3476,nan,5452,0.0977,0.7715,0.008,0,0,0.2919,0.0,0.2919,0.0,0.3634,0.5681,-0.4866
None-gene-27586074,JASKUS010000001.1,4731,54744915,1.0,2407.6597,3946.0102,1.0,0.0,0.3476,nan,147,0.0015,-0.5729,0.0078,0,0,-0.0874,0.1977,-0.0874,0.1977,0.4286,0.6896,1.4019
None-gene-27587771,JASKUS010000001.1,4731,54744915,1.0,2407.6597,3946.0102,1.0,0.0,0.3476,nan,788,0.0131,-0.4105,0.0079,0,0,0.2723,0.0,0.2723,0.0,0.3985,0.6335,0.5305
None-gene-27597281,JASKUS010000001.1,4731,54744915,1.0,2407.6597,3946.0102,1.0,0.0,0.3476,nan,4626,0.0828,0.5622,0.0084,0,0,0.1331,0.0332,0.1331,0.0332,0.3696,0.5798,-0.3043
None-gene-27609006,JASKUS010000001.1,4731,54744915,1.0,2407.6597,3946.0102,1.0,0.0,0.3476,nan,1153,0.0197,-0.318,0.0087,0,0,-0.0368,0.5573,-0.0368,0.5573,0.4042,0.6441,0.6951
None-gene-27612007,JASKUS010000001.1,4731,54744915,1.0,2407.6597,3946.0102,1.0,0.0,0.3476,nan,1180,0.0202,-0.3111,0.0088,0,0,-0.0873,0.1638,-0.0873,0.1638,0.3771,0.5937,-0.088
None-gene-27616853,JASKUS010000001.1,4731,54744915,1.0,2407.6597,3946.0102,1.0,0.0,0.3476,nan,897,0.0151,-0.3828,0.009,0,0,0.0969,0.1219,0.0969,0.1219,0.4404,0.7115,1.7431
None-gene-27617876,JASKUS010000001.1,4731,54744915,1.0,2407.6597,3946.0102,1.0,0.0,0.3476,nan,9164,0.1651,1.7122,0.0093,0,0,0.2285,0.0002,0.2285,0.0002,0.3777,0.5948,-0.0719
None-gene-27621282,JASKUS010000001.1,4731,54744915,1.0,2407.6597,3946.0102,1.0,0.0,0.3476,nan,3457,0.0615,0.2659,0.0092,0,0,0.0571,0.3632,0.0571,0.3632,0.3963,0.6295,0.4673
None-gene-27632183,JASKUS010000001.1,4731,54744915,1.0,2407.6597,3946.0102,1.0,0.0,0.3476,nan,1524,0.0265,-0.2239,0.0095,0,0,0.0743,0.2362,0.0743,0.2362,0.4199,0.6735,1.1522
None-gene-27643396,JASKUS010000001.1,4731,54744915,1.0,2407.6597,3946.0102,1.0,0.0,0.3476,nan,452,0.007,-0.4956,0.0099,0,0,0.0805,0.2056,0.0805,0.2056,0.3916,0.6207,0.3311
None-gene-27654527,JASKUS010000001.1,4731,54744915,1.0,2407.6597,3946.0102,1.0,0.0,0.3476,nan,6721,0.1208,1.0931,0.0106,0,0,0.3246,0.0,0.3246,0.0,0.4331,0.6981,1.5336
None-gene-27668130,JASKUS010000001.1,4731,54744915,1.0,2407.6597,3946.0102,1.0,0.0,0.3476,nan,684,0.0112,-0.4368,0.0108,0,0,0.1069,0.0877,0.1069,0.0877,0.4181,0.6701,1.0995
None-gene-27674313,JASKUS010000001.1,4731,54744915,1.0,2407.6597,3946.0102,1.0,0.0,0.3476,nan,3416,0.0608,0.2555,0.0112,0,0,0.3339,0.0,0.3339,0.0,0.4251,0.683,1.3001
None-gene-27683556,JASKUS010000001.1,4731,54744915,1.0,2407.6597,3946.0102,1.0,0.0,0.3476,nan,1312,0.0226,-0.2777,0.0114,0,0,0.1442,0.021,0.1442,0.021,0.3841,0.6068,0.1155
None-gene-27688753,JASKUS010000001.1,4731,54744915,1.0,2407.6597,3946.0102,1.0,0.0,0.3476,nan,17392,0.3144,3.7973,0.0122,0,0,0.4757,0.0,0.4757,0.0,0.3608,0.5633,-0.5606
None-gene-27710316,JASKUS010000001.1,4731,54744915,1.0,2407.6597,3946.0102,1.0,0.0,0.3476,nan,4093,0.0731,0.4271,0.0125,0,0,0.2079,0.0008,0.2079,0.0008,0.3777,0.5949,-0.0706
None-gene-27716542,JASKUS010000001.1,4731,54744915,1.0,2407.6597,3946.0102,1.0,0.0,0.3476,nan,5527,0.0991,0.7905,0.0128,0,0,0.1892,0.0024,0.1892,0.0024,0.4031,0.6422,0.6647
None-gene-27746993,JASKUS010000001.1,4731,54744915,1.0,2407.6597,3946.0102,1.0,0.0,0.3476,nan,1350,0.0233,-0.268,0.0137,0,0,0.2308,0.0002,0.2308,0.0002,0.3689,0.5784,-0.3263
None-gene-27757688,JASKUS010000001.1,4731,54744915,1.0,2407.6597,3946.0102,1.0,0.0,0.3476,nan,4131,0.0738,0.4367,0.0142,0,0,0.1389,0.0263,0.1389,0.0263,0.3958,0.6285,0.4526
None-gene-27817944,JASKUS010000001.1,4731,54744915,1.0,2407.6597,3946.0102,1.0,0.0,0.3476,nan,4668,0.0835,0.5728,0.0164,0,0,0.2603,0.0,0.2603,0.0,0.3946,0.6263,0.4182
None-gene-27832034,JASKUS010000001.1,4731,54744915,1.0,2407.6597,3946.0102,1.0,0.0,0.3476,nan,6670,0.1198,1.0802,0.017,0,0,0.3036,0.0,0.3036,0.0,0.43,0.6922,1.4428
None-gene-27846165,JASKUS010000001.1,4731,54744915,1.0,2407.6597,3946.0102,1.0,0.0,0.3476,nan,396,0.006,-0.5098,0.0173,0,0,0.2583,0.0,0.2583,0.0,0.4192,0.6721,1.1303
None-gene-27846750,JASKUS010000001.1,4731,54744915,1.0,2407.6597,3946.0102,1.0,0.0,0.3476,nan,629,0.0102,-0.4507,0.0174,0,0,0.0163,0.7951,0.0163,0.7951,0.4165,0.6672,1.0533
None-gene-27851004,JASKUS010000001.1,4731,54744915,1.0,2407.6597,3946.0102,1.0,0.0,0.3476,nan,1221,0.021,-0.3007,0.0175,0,0,0.1687,0.0068,0.1687,0.0068,0.4029,0.6419,0.6599
None-gene-27858611,JASKUS010000001.1,4731,54744915,1.0,2407.6597,3946.0102,1.0,0.0,0.3476,nan,13186,0.2381,2.7315,0.0182,0,0,0.3797,0.0,0.3797,0.0,0.3725,0.5852,-0.2213
None-gene-27859472,JASKUS010000001.1,4731,54744915,1.0,2407.6597,3946.0102,1.0,0.0,0.3476,nan,1041,0.0177,-0.3463,0.0178,0,0,0.0667,0.2875,0.0667,0.2875,0.391,0.6195,0.3131
None-gene-27860734,JASKUS010000001.1,4731,54744915,1.0,2407.6597,3946.0102,1.0,0.0,0.3476,nan,129,0.0011,-0.5775,0.0178,0,0,-0.1383,0.0625,-0.1383,0.0625,0.4574,0.7432,2.2356
None-gene-27871798,JASKUS010000001.1,4731,54744915,1.0,2407.6597,3946.0102,1.0,0.0,0.3476,nan,225,0.0029,-0.5531,0.0183,0,0,0.0498,0.4659,0.0498,0.4659,0.44,0.7109,1.7328
None-gene-27876461,JASKUS010000001.1,4731,54744915,1.0,2407.6597,3946.0102,1.0,0.0,0.3476,nan,1159,0.0198,-0.3164,0.0185,0,0,0.1207,0.0538,0.1207,0.0538,0.3615,0.5647,-0.5397
None-gene-27881752,JASKUS010000001.1,4731,54744915,1.0,2407.6597,3946.0102,1.0,0.0,0.3476,nan,9764,0.176,1.8642,0.019,0,0,0.2189,0.0004,0.2189,0.0004,0.3651,0.5714,-0.4355
None-gene-27891700,JASKUS010000001.1,4731,54744915,1.0,2407.6597,3946.0102,1.0,0.0,0.3476,nan,2556,0.0452,0.0376,0.0191,0,0,0.1714,0.006,0.1714,0.006,0.3631,0.5676,-0.4949
None-gene-27900153,JASKUS010000001.1,4731,54744915,1.0,2407.6597,3946.0102,1.0,0.0,0.3476,nan,2856,0.0506,0.1136,0.0194,0,0,0.1411,0.024,0.1411,0.024,0.3389,0.5226,-1.1936
None-gene-27905483,JASKUS010000001.1,4731,54744915,1.0,2407.6597,3946.0102,1.0,0.0,0.3476,nan,1019,0.0173,-0.3519,0.0195,0,0,0.0544,0.3863,0.0544,0.3863,0.4161,0.6663,1.0406
None-gene-27906165,JASKUS010000001.1,4731,54744915,1.0,2407.6597,3946.0102,1.0,0.0,0.3476,nan,108,0.0008,-0.5828,0.0195,0,0,-0.0314,0.6884,-0.0314,0.6884,0.5,0.8226,3.4701
None-gene-27907109,JASKUS010000001.1,4731,54744915,1.0,2407.6597,3946.0102,1.0,0.0,0.3476,nan,8260,0.1487,1.4831,0.0198,0,0,0.242,0.0001,0.242,0.0001,0.3593,0.5606,-0.6033
None-gene-27919733,JASKUS010000001.1,4731,54744915,1.0,2407.6597,3946.0102,1.0,0.0,0.3476,nan,222,0.0028,-0.5539,0.02,0,0,0.0039,0.9523,0.0039,0.9523,0.3604,0.5625,-0.5732
None-gene-27921834,JASKUS010000001.1,4731,54744915,1.0,2407.6597,3946.0102,1.0,0.0,0.3476,nan,2737,0.0485,0.0835,0.0202,0,0,0.0717,0.2529,0.0717,0.2529,0.3708,0.5821,-0.2697
None-gene-27928359,JASKUS010000001.1,4731,54744915,1.0,2407.6597,3946.0102,1.0,0.0,0.3476,nan,2760,0.0489,0.0893,0.0204,0,0,0.1375,0.0278,0.1375,0.0278,0.3518,0.5466,-0.8208
None-gene-27934092,JASKUS010000001.1,4731,54744915,1.0,2407.6597,3946.0102,1.0,0.0,0.3476,nan,4882,0.0874,0.627,0.0207,0,0,0.3056,0.0,0.3056,0.0,0.3984,0.6334,0.5283
None-gene-27939883,JASKUS010000001.1,4731,54744915,1.0,2407.6597,3946.0102,1.0,0.0,0.3476,nan,4140,0.0739,0.439,0.0209,0,0,0.1639,0.0086,0.1639,0.0086,0.4118,0.6584,0.9173
None-gene-27940150,JASKUS010000001.1,4731,54744915,1.0,2407.6597,3946.0102,1.0,0.0,0.3476,nan,171,0.0019,-0.5668,0.0207,0,0,-0.1243,0.0717,-0.1243,0.0717,0.4211,0.6756,1.1842
None-gene-27941268,JASKUS010000001.1,4731,54744915,1.0,2407.6597,3946.0102,1.0,0.0,0.3476,nan,243,0.0032,-0.5486,0.0208,0,0,0.173,0.011,0.173,0.011,0.4609,0.7498,2.3381
None-gene-27943145,JASKUS010000001.1,4731,54744915,1.0,2407.6597,3946.0102,1.0,0.0,0.3476,nan,168,0.0019,-0.5676,0.0209,0,0,-0.0413,0.5569,-0.0413,0.5569,0.4405,0.7118,1.7466
None-gene-27960466,JASKUS010000001.1,4731,54744915,1.0,2407.6597,3946.0102,1.0,0.0,0.3476,nan,2332,0.0411,-0.0192,0.0216,0,0,0.0912,0.1456,0.0912,0.1456,0.4455,0.7212,1.8932
None-gene-27962809,JASKUS010000001.1,4731,54744915,1.0,2407.6597,3946.0102,1.0,0.0,0.3476,nan,303,0.0043,-0.5334,0.0216,0,0,0.004,0.9506,0.004,0.9506,0.462,0.7519,2.3712
None-gene-27966385,JASKUS010000001.1,4731,54744915,1.0,2407.6597,3946.0102,1.0,0.0,0.3476,nan,6689,0.1202,1.085,0.0219,0,0,0.3316,0.0,0.3316,0.0,0.3696,0.5797,-0.3068
None-gene-27976019,JASKUS010000001.1,4731,54744915,1.0,2407.6597,3946.0102,1.0,0.0,0.3476,nan,3756,0.067,0.3417,0.0222,0,0,0.1937,0.0018,0.1937,0.0018,0.4294,0.6912,1.4272
None-gene-27976219,JASKUS010000001.1,4731,54744915,1.0,2407.6597,3946.0102,1.0,0.0,0.3476,nan,398,0.006,-0.5093,0.0221,0,0,0.1441,0.0275,0.1441,0.0275,0.4095,0.6541,0.851
None-gene-27977844,JASKUS010000001.1,4731,54744915,1.0,2407.6597,3946.0102,1.0,0.0,0.3476,nan,168,0.0019,-0.5676,0.0221,0,0,0.0872,0.2293,0.0872,0.2293,0.4286,0.6896,1.4019
None-gene-27978630,JASKUS010000001.1,4731,54744915,1.0,2407.6597,3946.0102,1.0,0.0,0.3476,nan,300,0.0042,-0.5341,0.0222,0,0,0.0314,0.6229,0.0314,0.6229,0.4267,0.686,1.3467
None-gene-27989530,JASKUS010000001.1,4731,54744915,1.0,2407.6597,3946.0102,1.0,0.0,0.3476,nan,723,0.0119,-0.4269,0.0226,0,0,0.0832,0.1906,0.0832,0.1906,0.3817,0.6024,0.0459
None-gene-28017703,JASKUS010000001.1,4731,54744915,1.0,2407.6597,3946.0102,1.0,0.0,0.3476,nan,2990,0.0531,0.1476,0.0237,0,0,0.0783,0.2116,0.0783,0.2116,0.3719,0.584,-0.2389
None-gene-28025920,JASKUS010000001.1,4731,54744915,1.0,2407.6597,3946.0102,1.0,0.0,0.3476,nan,8708,0.1568,1.5966,0.0242,0,0,0.2534,0.0,0.2534,0.0,0.3744,0.5886,-0.1676
None-gene-28040566,JASKUS010000001.1,4731,54744915,1.0,2407.6597,3946.0102,1.0,0.0,0.3476,nan,5981,0.1073,0.9056,0.0246,0,0,0.2053,0.001,0.2053,0.001,0.3817,0.6023,0.0449
None-gene-28046803,JASKUS010000001.1,4731,54744915,1.0,2407.6597,3946.0102,1.0,0.0,0.3476,nan,1193,0.0205,-0.3078,0.0247,0,0,-0.0339,0.5888,-0.0339,0.5888,0.4116,0.6579,0.9095
None-gene-28051236,JASKUS010000001.1,4731,54744915,1.0,2407.6597,3946.0102,1.0,0.0,0.3476,nan,2140,0.0376,-0.0678,0.0249,0,0,0.0836,0.1823,0.0836,0.1823,0.4215,0.6764,1.197
None-gene-28053939,JASKUS010000001.1,4731,54744915,1.0,2407.6597,3946.0102,1.0,0.0,0.3476,nan,456,0.0071,-0.4946,0.0249,0,0,0.1644,0.0084,0.1644,0.0084,0.4057,0.647,0.7397
None-gene-28058291,JASKUS010000001.1,4731,54744915,1.0,2407.6597,3946.0102,1.0,0.0,0.3476,nan,2592,0.0458,0.0467,0.0252,0,0,0.2219,0.0003,0.2219,0.0003,0.4375,0.7062,1.6604
None-gene-28059348,JASKUS010000001.1,4731,54744915,1.0,2407.6597,3946.0102,1.0,0.0,0.3476,nan,201,0.0024,-0.5592,0.0251,0,0,-0.1068,0.1458,-0.1068,0.1458,0.4279,0.6883,1.3813
None-gene-28059975,JASKUS010000001.1,4731,54744915,1.0,2407.6597,3946.0102,1.0,0.0,0.3476,nan,177,0.002,-0.5653,0.0251,0,0,-0.1398,0.0445,-0.1398,0.0445,0.4576,0.7437,2.2432
None-gene-28073501,JASKUS010000001.1,4731,54744915,1.0,2407.6597,3946.0102,1.0,0.0,0.3476,nan,4995,0.0895,0.6557,0.0258,0,0,0.3053,0.0,0.3053,0.0,0.3525,0.5479,-0.8008
None-gene-28081865,JASKUS010000001.1,4731,54744915,1.0,2407.6597,3946.0102,1.0,0.0,0.3476,nan,1776,0.031,-0.1601,0.026,0,0,0.2055,0.0009,0.2055,0.0009,0.4262,0.6852,1.3343
None-gene-28085198,JASKUS010000001.1,4731,54744915,1.0,2407.6597,3946.0102,1.0,0.0,0.3476,nan,1903,0.0333,-0.1279,0.0261,0,0,0.2542,0.0,0.2542,0.0,0.3999,0.6362,0.5715
None-gene-28087175,JASKUS010000001.1,4731,54744915,1.0,2407.6597,3946.0102,1.0,0.0,0.3476,nan,1845,0.0323,-0.1426,0.0262,0,0,0.2771,0.0,0.2771,0.0,0.4108,0.6566,0.8884
None-gene-28090361,JASKUS010000001.1,4731,54744915,1.0,2407.6597,3946.0102,1.0,0.0,0.3476,nan,1359,0.0235,-0.2658,0.0263,0,0,0.3069,0.0,0.3069,0.0,0.4128,0.6602,0.9453
None-gene-28092251,JASKUS010000001.1,4731,54744915,1.0,2407.6597,3946.0102,1.0,0.0,0.3476,nan,1832,0.032,-0.1459,0.0264,0,0,0.1679,0.0071,0.1679,0.0071,0.4509,0.7311,2.0476
None-gene-28093798,JASKUS010000001.1,4731,54744915,1.0,2407.6597,3946.0102,1.0,0.0,0.3476,nan,258,0.0035,-0.5448,0.0264,0,0,0.2171,0.0009,0.2171,0.0009,0.438,0.7071,1.6744
None-gene-28130701,JASKUS010000001.1,4731,54744915,1.0,2407.6597,3946.0102,1.0,0.0,0.3476,nan,183,0.0021,-0.5638,0.0277,0,0,-0.1133,0.1128,-0.1133,0.1128,0.388,0.614,0.2265
None-gene-28133225,JASKUS010000001.1,4731,54744915,1.0,2407.6597,3946.0102,1.0,0.0,0.3476,nan,664,0.0109,-0.4419,0.0278,0,0,0.0247,0.6941,0.0247,0.6941,0.3855,0.6094,0.1559
None-gene-28168570,JASKUS010000001.1,4731,54744915,1.0,2407.6597,3946.0102,1.0,0.0,0.3476,nan,491,0.0077,-0.4857,0.0291,0,0,-0.005,0.9371,-0.005,0.9371,0.4175,0.669,1.0817
None-gene-28209826,JASKUS010000001.1,4731,54744915,1.0,2407.6597,3946.0102,1.0,0.0,0.3476,nan,513,0.0081,-0.4801,0.0306,0,0,0.0022,0.9719,0.0022,0.9719,0.425,0.6828,1.297
None-gene-28245401,JASKUS010000001.1,4731,54744915,1.0,2407.6597,3946.0102,1.0,0.0,0.3476,nan,744,0.0123,-0.4216,0.0319,0,0,0.1681,0.007,0.1681,0.007,0.4624,0.7525,2.3804
None-gene-28287175,JASKUS010000001.1,4731,54744915,1.0,2407.6597,3946.0102,1.0,0.0,0.3476,nan,20601,0.3727,4.6106,0.0342,0,0,0.4989,0.0,0.4989,0.0,0.3298,0.5056,-1.4588
None-gene-28292244,JASKUS010000001.1,4731,54744915,1.0,2407.6597,3946.0102,1.0,0.0,0.3476,nan,189,0.0022,-0.5623,0.0336,0,0,0.1462,0.0232,0.1462,0.0232,0.418,0.6699,1.0955
None-gene-28327705,JASKUS010000001.1,4731,54744915,1.0,2407.6597,3946.0102,1.0,0.0,0.3476,nan,6078,0.1091,0.9301,0.0351,0,0,0.2217,0.0004,0.2217,0.0004,0.3657,0.5726,-0.4173
None-gene-28333448,JASKUS010000001.1,4731,54744915,1.0,2407.6597,3946.0102,1.0,0.0,0.3476,nan,213,0.0027,-0.5562,0.0351,0,0,0.0612,0.3661,0.0612,0.3661,0.5352,0.8882,4.4897
None-gene-28339913,JASKUS010000001.1,4731,54744915,1.0,2407.6597,3946.0102,1.0,0.0,0.3476,nan,2580,0.0456,0.0437,0.0354,0,0,0.2387,0.0001,0.2387,0.0001,0.4066,0.6486,0.7654
None-gene-28352620,JASKUS010000001.1,4731,54744915,1.0,2407.6597,3946.0102,1.0,0.0,0.3476,nan,4086,0.073,0.4253,0.036,0,0,0.2207,0.0004,0.2207,0.0004,0.3637,0.5687,-0.4771
None-gene-28360162,JASKUS010000001.1,4731,54744915,1.0,2407.6597,3946.0102,1.0,0.0,0.3476,nan,393,0.0059,-0.5106,0.0361,0,0,0.0315,0.6265,0.0315,0.6265,0.3995,0.6354,0.5598
None-gene-28360344,JASKUS010000001.1,4731,54744915,1.0,2407.6597,3946.0102,1.0,0.0,0.3476,nan,234,0.003,-0.5508,0.0361,0,0,0.0563,0.4144,0.0563,0.4144,0.4103,0.6555,0.8715
None-gene-28378089,JASKUS010000001.1,4731,54744915,1.0,2407.6597,3946.0102,1.0,0.0,0.3476,nan,2194,0.0386,-0.0541,0.0368,0,0,0.2063,0.0009,0.2063,0.0009,0.4157,0.6656,1.0286
None-gene-28405707,JASKUS010000001.1,4731,54744915,1.0,2407.6597,3946.0102,1.0,0.0,0.3476,nan,1278,0.022,-0.2863,0.0378,0,0,0.1086,0.083,0.1086,0.083,0.4397,0.7104,1.7255
None-gene-28407076,JASKUS010000001.1,4731,54744915,1.0,2407.6597,3946.0102,1.0,0.0,0.3476,nan,342,0.005,-0.5235,0.0378,0,0,0.0024,0.9717,0.0024,0.9717,0.3977,0.632,0.5068
None-gene-28413588,JASKUS010000001.1,4731,54744915,1.0,2407.6597,3946.0102,1.0,0.0,0.3476,nan,108,0.0008,-0.5828,0.038,0,0,-0.0371,0.6352,-0.0371,0.6352,0.4352,0.7019,1.5934
None-gene-28431889,JASKUS010000001.1,4731,54744915,1.0,2407.6597,3946.0102,1.0,0.0,0.3476,nan,1847,0.0323,-0.1421,0.0388,0,0,0.165,0.0082,0.165,0.0082,0.405,0.6456,0.7188
None-gene-28434265,JASKUS010000001.1,4731,54744915,1.0,2407.6597,3946.0102,1.0,0.0,0.3476,nan,791,0.0132,-0.4097,0.0388,0,0,0.0936,0.1355,0.0936,0.1355,0.4311,0.6943,1.4751
None-gene-28435078,JASKUS010000001.1,4731,54744915,1.0,2407.6597,3946.0102,1.0,0.0,0.3476,nan,606,0.0098,-0.4566,0.0388,0,0,0.1129,0.0803,0.1129,0.0803,0.3845,0.6075,0.1254
None-gene-28452452,JASKUS010000001.1,4731,54744915,1.0,2407.6597,3946.0102,1.0,0.0,0.3476,nan,1984,0.0348,-0.1074,0.0395,0,0,0.1372,0.0281,0.1372,0.0281,0.4385,0.7081,1.6896
None-gene-28504171,JASKUS010000001.1,4731,54744915,1.0,2407.6597,3946.0102,1.0,0.0,0.3476,nan,2409,0.0425,0.0003,0.0414,0,0,0.1952,0.0017,0.1952,0.0017,0.3591,0.5601,-0.6106
None-gene-28507069,JASKUS010000001.1,4731,54744915,1.0,2407.6597,3946.0102,1.0,0.0,0.3476,nan,6033,0.1083,0.9187,0.0417,0,0,0.2957,0.0,0.2957,0.0,0.3759,0.5915,-0.1223
None-gene-28522256,JASKUS010000001.1,4731,54744915,1.0,2407.6597,3946.0102,1.0,0.0,0.3476,nan,10052,0.1812,1.9372,0.0424,0,0,0.175,0.005,0.175,0.005,0.3335,0.5124,-1.352
None-gene-28522327,JASKUS010000001.1,4731,54744915,1.0,2407.6597,3946.0102,1.0,0.0,0.3476,nan,105,0.0007,-0.5835,0.042,0,0,0.1972,0.0121,0.1972,0.0121,0.4286,0.6896,1.4019
None-gene-28535769,JASKUS010000001.1,4731,54744915,1.0,2407.6597,3946.0102,1.0,0.0,0.3476,nan,252,0.0034,-0.5463,0.0425,0,0,-0.0435,0.5551,-0.0435,0.5551,0.3373,0.5196,-1.2409
None-gene-28539285,JASKUS010000001.1,4731,54744915,1.0,2407.6597,3946.0102,1.0,0.0,0.3476,nan,1472,0.0255,-0.2371,0.0427,0,0,0.0675,0.2816,0.0675,0.2816,0.4035,0.6429,0.6768
None-gene-28545693,JASKUS010000001.1,4731,54744915,1.0,2407.6597,3946.0102,1.0,0.0,0.3476,nan,664,0.0109,-0.4419,0.0429,0,0,0.0555,0.3764,0.0555,0.3764,0.4383,0.7076,1.6822
None-gene-28556328,JASKUS010000001.1,4731,54744915,1.0,2407.6597,3946.0102,1.0,0.0,0.3476,nan,4632,0.0829,0.5637,0.0434,0,0,0.2168,0.0005,0.2168,0.0005,0.3402,0.5251,-1.1558
None-gene-28556413,JASKUS010000001.1,4731,54744915,1.0,2407.6597,3946.0102,1.0,0.0,0.3476,nan,276,0.0038,-0.5402,0.0433,0,0,-0.1442,0.0277,-0.1442,0.0277,0.3986,0.6337,0.5326
None-gene-28563071,JASKUS010000001.1,4731,54744915,1.0,2407.6597,3946.0102,1.0,0.0,0.3476,nan,1119,0.0191,-0.3266,0.0435,0,0,0.1687,0.0068,0.1687,0.0068,0.4665,0.7602,2.4998
None-gene-28563088,JASKUS010000001.1,4731,54744915,1.0,2407.6597,3946.0102,1.0,0.0,0.3476,nan,168,0.0019,-0.5676,0.0435,0,0,0.1433,0.0592,0.1433,0.0592,0.4881,0.8004,3.1254
None-gene-28563686,JASKUS010000001.1,4731,54744915,1.0,2407.6597,3946.0102,1.0,0.0,0.3476,nan,399,0.006,-0.509,0.0435,0,0,0.0129,0.8396,0.0129,0.8396,0.4787,0.7829,2.8533
None-gene-28566102,JASKUS010000001.1,4731,54744915,1.0,2407.6597,3946.0102,1.0,0.0,0.3476,nan,879,0.0148,-0.3874,0.0436,0,0,0.0554,0.3845,0.0554,0.3845,0.405,0.6457,0.7195
None-gene-28585318,JASKUS010000001.1,4731,54744915,1.0,2407.6597,3946.0102,1.0,0.0,0.3476,nan,2936,0.0521,0.1339,0.0444,0,0,0.2499,0.0001,0.2499,0.0001,0.3849,0.6082,0.1367
None-gene-28600588,JASKUS010000001.1,4731,54744915,1.0,2407.6597,3946.0102,1.0,0.0,0.3476,nan,8368,0.1507,1.5105,0.0452,0,0,0.3563,0.0,0.3563,0.0,0.3991,0.6348,0.5496
None-gene-28618959,JASKUS010000001.1,4731,54744915,1.0,2407.6597,3946.0102,1.0,0.0,0.3476,nan,9998,0.1802,1.9235,0.0459,0,0,0.2285,0.0002,0.2285,0.0002,0.3493,0.5419,-0.8944
None-gene-28629664,JASKUS010000001.1,4731,54744915,1.0,2407.6597,3946.0102,1.0,0.0,0.3476,nan,1462,0.0253,-0.2396,0.046,0,0,0.1729,0.0055,0.1729,0.0055,0.3988,0.6341,0.5389
None-gene-28641811,JASKUS010000001.1,4731,54744915,1.0,2407.6597,3946.0102,1.0,0.0,0.3476,nan,207,0.0026,-0.5577,0.0464,0,0,0.0294,0.6509,0.0294,0.6509,0.4541,0.7371,2.1412
None-gene-28666595,JASKUS010000001.1,4731,54744915,1.0,2407.6597,3946.0102,1.0,0.0,0.3476,nan,1694,0.0295,-0.1809,0.0473,0,0,0.2507,0.0,0.2507,0.0,0.4492,0.7281,2.0001
None-gene-28667470,JASKUS010000001.1,4731,54744915,1.0,2407.6597,3946.0102,1.0,0.0,0.3476,nan,336,0.0049,-0.525,0.0473,0,0,-0.0722,0.2649,-0.0722,0.2649,0.4435,0.7173,1.8328
None-gene-28674910,JASKUS010000001.1,4731,54744915,1.0,2407.6597,3946.0102,1.0,0.0,0.3476,nan,17008,0.3075,3.7,0.0482,0,0,0.2907,0.0,0.2907,0.0,0.3512,0.5454,-0.8388
None-gene-28677121,JASKUS010000001.1,4731,54744915,1.0,2407.6597,3946.0102,1.0,0.0,0.3476,nan,2026,0.0356,-0.0967,0.0477,0,0,-0.0797,0.2036,-0.0797,0.2036,0.3628,0.567,-0.5031
None-gene-28707248,JASKUS010000001.1,4731,54744915,1.0,2407.6597,3946.0102,1.0,0.0,0.3476,nan,886,0.0149,-0.3856,0.0488,0,0,0.1235,0.0484,0.1235,0.0484,0.3871,0.6124,0.202
None-gene-28723757,JASKUS010000001.1,4731,54744915,1.0,2407.6597,3946.0102,1.0,0.0,0.3476,nan,255,0.0034,-0.5455,0.0494,0,0,-0.0539,0.4275,-0.0539,0.4275,0.451,0.7313,2.0507
None-gene-28732926,JASKUS010000001.1,4731,54744915,1.0,2407.6597,3946.0102,1.0,0.0,0.3476,nan,4521,0.0808,0.5356,0.0499,0,0,0.2946,0.0,0.2946,0.0,0.3838,0.6061,0.1045
None-gene-28737544,JASKUS010000001.1,4731,54744915,1.0,2407.6597,3946.0102,1.0,0.0,0.3476,nan,427,0.0066,-0.5019,0.0499,0,0,0.1183,0.0624,0.1183,0.0624,0.3981,0.6329,0.5203
None-gene-28739853,JASKUS010000001.1,4731,54744915,1.0,2407.6597,3946.0102,1.0,0.0,0.3476,nan,16275,0.2942,3.5143,0.0505,0,0,0.4135,0.0,0.4135,0.0,0.373,0.586,-0.2083
None-gene-28742918,JASKUS010000001.1,4731,54744915,1.0,2407.6597,3946.0102,1.0,0.0,0.3476,nan,438,0.0068,-0.4992,0.0501,0,0,0.0433,0.4904,0.0433,0.4904,0.4155,0.6653,1.0241
None-gene-28765176,JASKUS010000001.1,4731,54744915,1.0,2407.6597,3946.0102,1.0,0.0,0.3476,nan,1013,0.0172,-0.3534,0.0509,0,0,0.0826,0.1877,0.0826,0.1877,0.4067,0.6489,0.7689
None-gene-28782760,JASKUS010000001.1,4731,54744915,1.0,2407.6597,3946.0102,1.0,0.0,0.3476,nan,9692,0.1747,1.846,0.0519,0,0,0.3535,0.0,0.3535,0.0,0.3688,0.5782,-0.3301
None-gene-28790603,JASKUS010000001.1,4731,54744915,1.0,2407.6597,3946.0102,1.0,0.0,0.3476,nan,144,0.0014,-0.5737,0.0518,0,0,-0.1313,0.1194,-0.1313,0.1194,0.4236,0.6803,1.2582
None-gene-28794315,JASKUS010000001.1,4731,54744915,1.0,2407.6597,3946.0102,1.0,0.0,0.3476,nan,959,0.0162,-0.3671,0.052,0,0,0.0257,0.6829,0.0257,0.6829,0.439,0.709,1.7038
None-gene-28798257,JASKUS010000001.1,4731,54744915,1.0,2407.6597,3946.0102,1.0,0.0,0.3476,nan,5598,0.1004,0.8085,0.0523,0,0,0.3656,0.0,0.3656,0.0,0.3875,0.613,0.2114
None-gene-28810115,JASKUS010000001.1,4731,54744915,1.0,2407.6597,3946.0102,1.0,0.0,0.3476,nan,935,0.0158,-0.3732,0.0526,0,0,0.1945,0.0018,0.1945,0.0018,0.3861,0.6105,0.172
None-gene-28811627,JASKUS010000001.1,4731,54744915,1.0,2407.6597,3946.0102,1.0,0.0,0.3476,nan,2320,0.0409,-0.0222,0.0527,0,0,0.1407,0.0243,0.1407,0.0243,0.4026,0.6412,0.6494
None-gene-28828959,JASKUS010000001.1,4731,54744915,1.0,2407.6597,3946.0102,1.0,0.0,0.3476,nan,728,0.012,-0.4257,0.0532,0,0,0.2679,0.0,0.2679,0.0,0.3764,0.5924,-0.1096
None-gene-28841338,JASKUS010000001.1,4731,54744915,1.0,2407.6597,3946.0102,1.0,0.0,0.3476,nan,1523,0.0264,-0.2242,0.0537,0,0,0.2156,0.0005,0.2156,0.0005,0.4045,0.6447,0.7038
None-gene-28845362,JASKUS010000001.1,4731,54744915,1.0,2407.6597,3946.0102,1.0,0.0,0.3476,nan,979,0.0166,-0.3621,0.0538,0,0,0.1729,0.0056,0.1729,0.0056,0.3749,0.5896,-0.153
None-gene-28850131,JASKUS010000001.1,4731,54744915,1.0,2407.6597,3946.0102,1.0,0.0,0.3476,nan,6608,0.1187,1.0645,0.0542,0,0,0.2783,0.0,0.2783,0.0,0.3786,0.5966,-0.0442
None-gene-28888260,JASKUS010000001.1,4731,54744915,1.0,2407.6597,3946.0102,1.0,0.0,0.3476,nan,426,0.0065,-0.5022,0.0554,0,0,0.0329,0.6108,0.0329,0.6108,0.3873,0.6128,0.2075
None-gene-28891948,JASKUS010000001.1,4731,54744915,1.0,2407.6597,3946.0102,1.0,0.0,0.3476,nan,171,0.0019,-0.5668,0.0555,0,0,-0.1378,0.0472,-0.1378,0.0472,0.4269,0.6865,1.3535
None-gene-28896729,JASKUS010000001.1,4731,54744915,1.0,2407.6597,3946.0102,1.0,0.0,0.3476,nan,5008,0.0897,0.659,0.0559,0,0,0.3965,0.0,0.3965,0.0,0.3417,0.5277,-1.1149
None-gene-28933385,JASKUS010000001.1,4731,54744915,1.0,2407.6597,3946.0102,1.0,0.0,0.3476,nan,9351,0.1685,1.7596,0.0574,0,0,0.4255,0.0,0.4255,0.0,0.3349,0.5152,-1.3094
None-gene-28963921,JASKUS010000001.1,4731,54744915,1.0,2407.6597,3946.0102,1.0,0.0,0.3476,nan,330,0.0048,-0.5265,0.0582,0,0,0.1965,0.0022,0.1965,0.0022,0.503,0.8283,3.5579
None-gene-28974582,JASKUS010000001.1,4731,54744915,1.0,2407.6597,3946.0102,1.0,0.0,0.3476,nan,387,0.0058,-0.5121,0.0585,0,0,0.0399,0.5314,0.0399,0.5314,0.4134,0.6614,0.9636
None-gene-28975047,JASKUS010000001.1,4731,54744915,1.0,2407.6597,3946.0102,1.0,0.0,0.3476,nan,345,0.0051,-0.5227,0.0586,0,0,0.0947,0.1645,0.0947,0.1645,0.4261,0.685,1.3299
None-gene-28997266,JASKUS010000001.1,4731,54744915,1.0,2407.6597,3946.0102,1.0,0.0,0.3476,nan,5679,0.1019,0.829,0.0596,0,0,0.3919,0.0,0.3919,0.0,0.3981,0.6329,0.5205
None-gene-28999904,JASKUS010000001.1,4731,54744915,1.0,2407.6597,3946.0102,1.0,0.0,0.3476,nan,936,0.0158,-0.3729,0.0595,0,0,0.0858,0.1711,0.0858,0.1711,0.4647,0.757,2.4493
None-gene-29004824,JASKUS010000001.1,4731,54744915,1.0,2407.6597,3946.0102,1.0,0.0,0.3476,nan,270,0.0037,-0.5417,0.0596,0,0,-0.0857,0.2022,-0.0857,0.2022,0.3407,0.526,-1.1413
None-gene-29012390,JASKUS010000001.1,4731,54744915,1.0,2407.6597,3946.0102,1.0,0.0,0.3476,nan,4340,0.0776,0.4897,0.0601,0,0,0.2068,0.0009,0.2068,0.0009,0.3811,0.6012,0.0275
None-gene-29013337,JASKUS010000001.1,4731,54744915,1.0,2407.6597,3946.0102,1.0,0.0,0.3476,nan,207,0.0026,-0.5577,0.06,0,0,0.0893,0.1791,0.0893,0.1791,0.4155,0.6652,1.0222
None-gene-29018295,JASKUS010000001.1,4731,54744915,1.0,2407.6597,3946.0102,1.0,0.0,0.3476,nan,255,0.0034,-0.5455,0.0601,0,0,-0.083,0.2139,-0.083,0.2139,0.3647,0.5706,-0.4474
None-gene-29026714,JASKUS010000001.1,4731,54744915,1.0,2407.6597,3946.0102,1.0,0.0,0.3476,nan,4609,0.0824,0.5579,0.0606,0,0,0.2703,0.0,0.2703,0.0,0.3992,0.6349,0.5519
None-gene-29029977,JASKUS010000001.1,4731,54744915,1.0,2407.6597,3946.0102,1.0,0.0,0.3476,nan,348,0.0051,-0.522,0.0606,0,0,0.0666,0.295,0.0666,0.295,0.4483,0.7263,1.9724
None-gene-29031432,JASKUS010000001.1,4731,54744915,1.0,2407.6597,3946.0102,1.0,0.0,0.3476,nan,2360,0.0416,-0.0121,0.0607,0,0,0.1687,0.0068,0.1687,0.0068,0.4017,0.6395,0.6236
None-gene-29034741,JASKUS010000001.1,4731,54744915,1.0,2407.6597,3946.0102,1.0,0.0,0.3476,nan,995,0.0169,-0.358,0.0608,0,0,-0.008,0.8983,-0.008,0.8983,0.4241,0.6813,1.273
None-gene-29037081,JASKUS010000001.1,4731,54744915,1.0,2407.6597,3946.0102,1.0,0.0,0.3476,nan,826,0.0138,-0.4008,0.0608,0,0,0.0653,0.2979,0.0653,0.2979,0.454,0.7369,2.138
None-gene-29038524,JASKUS010000001.1,4731,54744915,1.0,2407.6597,3946.0102,1.0,0.0,0.3476,nan,1083,0.0185,-0.3357,0.0609,0,0,0.0652,0.299,0.0652,0.299,0.4497,0.7289,2.013
None-gene-29038809,JASKUS010000001.1,4731,54744915,1.0,2407.6597,3946.0102,1.0,0.0,0.3476,nan,258,0.0035,-0.5448,0.0609,0,0,-0.014,0.829,-0.014,0.829,0.4457,0.7215,1.8989
None-gene-29039859,JASKUS010000001.1,4731,54744915,1.0,2407.6597,3946.0102,1.0,0.0,0.3476,nan,581,0.0093,-0.4629,0.0609,0,0,0.0517,0.4097,0.0517,0.4097,0.401,0.6383,0.6045
None-gene-29042823,JASKUS010000001.1,4731,54744915,1.0,2407.6597,3946.0102,1.0,0.0,0.3476,nan,1253,0.0215,-0.2926,0.0611,0,0,0.0361,0.5658,0.0361,0.5658,0.3863,0.6108,0.1771
None-gene-29043849,JASKUS010000001.1,4731,54744915,1.0,2407.6597,3946.0102,1.0,0.0,0.3476,nan,123,0.001,-0.579,0.0611,0,0,-0.0599,0.3776,-0.0599,0.3776,0.3902,0.6182,0.2921
None-gene-29044725,JASKUS010000001.1,4731,54744915,1.0,2407.6597,3946.0102,1.0,0.0,0.3476,nan,2947,0.0523,0.1367,0.0612,0,0,0.2314,0.0002,0.2314,0.0002,0.3851,0.6087,0.1442
None-gene-29046599,JASKUS010000001.1,4731,54744915,1.0,2407.6597,3946.0102,1.0,0.0,0.3476,nan,159,0.0017,-0.5699,0.0612,0,0,0.006,0.9346,0.006,0.9346,0.4214,0.6762,1.1937
None-gene-29053346,JASKUS010000001.1,4731,54744915,1.0,2407.6597,3946.0102,1.0,0.0,0.3476,nan,2039,0.0358,-0.0934,0.0615,0,0,-0.0723,0.2491,-0.0723,0.2491,0.4218,0.6769,1.2051
None-gene-29108884,JASKUS010000001.1,4731,54744915,1.0,2407.6597,3946.0102,1.0,0.0,0.3476,nan,797,0.0133,-0.4082,0.0635,0,0,0.0747,0.2337,0.0747,0.2337,0.4492,0.728,1.9987
None-gene-29134411,JASKUS010000001.1,4731,54744915,1.0,2407.6597,3946.0102,1.0,0.0,0.3476,nan,19071,0.3449,4.2228,0.0651,0,0,0.1945,0.0018,0.1945,0.0018,0.3576,0.5574,-0.6528
None-gene-29161510,JASKUS010000001.1,4731,54744915,1.0,2407.6597,3946.0102,1.0,0.0,0.3476,nan,1121,0.0191,-0.3261,0.0654,0,0,0.0223,0.723,0.0223,0.723,0.4041,0.644,0.6934
None-gene-29170576,JASKUS010000001.1,4731,54744915,1.0,2407.6597,3946.0102,1.0,0.0,0.3476,nan,990,0.0168,-0.3593,0.0657,0,0,0.0858,0.1712,0.0858,0.1712,0.3798,0.5987,-0.0104
None-gene-29174767,JASKUS010000001.1,4731,54744915,1.0,2407.6597,3946.0102,1.0,0.0,0.3476,nan,517,0.0082,-0.4791,0.0659,0,0,0.099,0.1139,0.099,0.1139,0.3772,0.5939,-0.0863
None-gene-29200944,JASKUS010000001.1,4731,54744915,1.0,2407.6597,3946.0102,1.0,0.0,0.3476,nan,150,0.0015,-0.5721,0.0668,0,0,-0.0066,0.9448,-0.0066,0.9448,0.4867,0.7978,3.0841
None-gene-29201097,JASKUS010000001.1,4731,54744915,1.0,2407.6597,3946.0102,1.0,0.0,0.3476,nan,126,0.0011,-0.5782,0.0668,0,0,-0.0346,0.6682,-0.0346,0.6682,0.4286,0.6896,1.4019
None-gene-29201233,JASKUS010000001.1,4731,54744915,1.0,2407.6597,3946.0102,1.0,0.0,0.3476,nan,540,0.0086,-0.4733,0.0668,0,0,0.0633,0.3274,0.0633,0.3274,0.3963,0.6295,0.4673
None-gene-29229949,JASKUS010000001.1,4731,54744915,1.0,2407.6597,3946.0102,1.0,0.0,0.3476,nan,1111,0.019,-0.3286,0.0679,0,0,0.2393,0.0001,0.2393,0.0001,0.3591,0.5603,-0.6087
None-gene-29241907,JASKUS010000001.1,4731,54744915,1.0,2407.6597,3946.0102,1.0,0.0,0.3476,nan,186,0.0022,-0.563,0.0683,0,0,0.083,0.2376,0.083,0.2376,0.3871,0.6123,0.2009
None-gene-29250972,JASKUS010000001.1,4731,54744915,1.0,2407.6597,3946.0102,1.0,0.0,0.3476,nan,5775,0.1036,0.8534,0.0688,0,0,0.248,0.0001,0.248,0.0001,0.4003,0.637,0.5846
None-gene-29259546,JASKUS010000001.1,4731,54744915,1.0,2407.6597,3946.0102,1.0,0.0,0.3476,nan,1107,0.0189,-0.3296,0.069,0,0,0.1178,0.0599,0.1178,0.0599,0.4327,0.6973,1.5214
None-gene-29260708,JASKUS010000001.1,4731,54744915,1.0,2407.6597,3946.0102,1.0,0.0,0.3476,nan,3598,0.0641,0.3017,0.0691,0,0,0.1795,0.004,0.1795,0.004,0.4236,0.6803,1.257
None-gene-29264405,JASKUS010000001.1,4731,54744915,1.0,2407.6597,3946.0102,1.0,0.0,0.3476,nan,201,0.0024,-0.5592,0.0691,0,0,0.0813,0.2536,0.0813,0.2536,0.4129,0.6605,0.9491
None-gene-29271862,JASKUS010000001.1,4731,54744915,1.0,2407.6597,3946.0102,1.0,0.0,0.3476,nan,1365,0.0236,-0.2642,0.0694,0,0,0.1331,0.0333,0.1331,0.0333,0.3941,0.6254,0.4049
None-gene-29290220,JASKUS010000001.1,4731,54744915,1.0,2407.6597,3946.0102,1.0,0.0,0.3476,nan,8622,0.1553,1.5748,0.0704,0,0,0.2622,0.0,0.2622,0.0,0.3338,0.5131,-1.3424
None-gene-29316637,JASKUS010000001.1,4731,54744915,1.0,2407.6597,3946.0102,1.0,0.0,0.3476,nan,7917,0.1425,1.3962,0.0713,0,0,0.299,0.0,0.299,0.0,0.3567,0.5557,-0.6792
None-gene-29327453,JASKUS010000001.1,4731,54744915,1.0,2407.6597,3946.0102,1.0,0.0,0.3476,nan,964,0.0163,-0.3659,0.0715,0,0,0.124,0.0474,0.124,0.0474,0.4357,0.7028,1.6078
None-gene-29349937,JASKUS010000001.1,4731,54744915,1.0,2407.6597,3946.0102,1.0,0.0,0.3476,nan,2235,0.0394,-0.0438,0.0723,0,0,0.0727,0.2462,0.0727,0.2462,0.3356,0.5164,-1.291
None-gene-29386369,JASKUS010000001.1,4731,54744915,1.0,2407.6597,3946.0102,1.0,0.0,0.3476,nan,129,0.0011,-0.5775,0.0736,0,0,-0.1317,0.1057,-0.1317,0.1057,0.4186,0.671,1.1133
None-gene-29387562,JASKUS010000001.1,4731,54744915,1.0,2407.6597,3946.0102,1.0,0.0,0.3476,nan,276,0.0038,-0.5402,0.0736,0,0,0.0033,0.9595,0.0033,0.9595,0.4674,0.7619,2.5259
None-gene-29416735,JASKUS010000001.1,4731,54744915,1.0,2407.6597,3946.0102,1.0,0.0,0.3476,nan,1181,0.0202,-0.3109,0.0747,0,0,0.1942,0.0018,0.1942,0.0018,0.4454,0.7209,1.8887
None-gene-29490656,JASKUS010000001.1,4731,54744915,1.0,2407.6597,3946.0102,1.0,0.0,0.3476,nan,129,0.0011,-0.5775,0.0774,0,0,0.0215,0.773,0.0215,0.773,0.4264,0.6855,1.3377
None-gene-29494323,JASKUS010000001.1,4731,54744915,1.0,2407.6597,3946.0102,1.0,0.0,0.3476,nan,1531,0.0266,-0.2222,0.0776,0,0,0.2475,0.0001,0.2475,0.0001,0.4331,0.6979,1.5316
None-gene-29495944,JASKUS010000001.1,4731,54744915,1.0,2407.6597,3946.0102,1.0,0.0,0.3476,nan,2497,0.0441,0.0226,0.0777,0,0,0.2069,0.0009,0.2069,0.0009,0.4417,0.7141,1.7829
None-gene-29500426,JASKUS010000001.1,4731,54744915,1.0,2407.6597,3946.0102,1.0,0.0,0.3476,nan,2373,0.0419,-0.0088,0.0778,0,0,0.2558,0.0,0.2558,0.0,0.4142,0.6629,0.987
None-gene-29507055,JASKUS010000001.1,4731,54744915,1.0,2407.6597,3946.0102,1.0,0.0,0.3476,nan,1497,0.026,-0.2308,0.078,0,0,0.0614,0.3278,0.0614,0.3278,0.4509,0.7312,2.0485
None-gene-29507683,JASKUS010000001.1,4731,54744915,1.0,2407.6597,3946.0102,1.0,0.0,0.3476,nan,141,0.0014,-0.5744,0.078,0,0,0.1937,0.0073,0.1937,0.0073,0.4539,0.7368,2.1353
None-gene-29550198,JASKUS010000001.1,4731,54744915,1.0,2407.6597,3946.0102,1.0,0.0,0.3476,nan,1311,0.0226,-0.2779,0.0796,0,0,0.2473,0.0001,0.2473,0.0001,0.4043,0.6443,0.6982
None-gene-29560106,JASKUS010000001.1,4731,54744915,1.0,2407.6597,3946.0102,1.0,0.0,0.3476,nan,591,0.0095,-0.4604,0.0799,0,0,0.1565,0.0121,0.1565,0.0121,0.4196,0.6729,1.1429
None-gene-29561250,JASKUS010000001.1,4731,54744915,1.0,2407.6597,3946.0102,1.0,0.0,0.3476,nan,231,0.003,-0.5516,0.08,0,0,-0.042,0.5165,-0.042,0.5165,0.3896,0.617,0.2737
None-gene-29568541,JASKUS010000001.1,4731,54744915,1.0,2407.6597,3946.0102,1.0,0.0,0.3476,nan,345,0.0051,-0.5227,0.0802,0,0,0.1009,0.1131,0.1009,0.1131,0.458,0.7443,2.2532
None-gene-29568898,JASKUS010000001.1,4731,54744915,1.0,2407.6597,3946.0102,1.0,0.0,0.3476,nan,291,0.0041,-0.5364,0.0803,0,0,-0.039,0.5349,-0.039,0.5349,0.4536,0.7362,2.1268
None-gene-29599046,JASKUS010000001.1,4731,54744915,1.0,2407.6597,3946.0102,1.0,0.0,0.3476,nan,7432,0.1337,1.2733,0.0816,0,0,0.2543,0.0,0.2543,0.0,0.3436,0.5314,-1.0571
None-gene-29622975,JASKUS010000001.1,4731,54744915,1.0,2407.6597,3946.0102,1.0,0.0,0.3476,nan,159,0.0017,-0.5699,0.0822,0,0,0.0269,0.7237,0.0269,0.7237,0.4214,0.6762,1.1937
None-gene-29635135,JASKUS010000001.1,4731,54744915,1.0,2407.6597,3946.0102,1.0,0.0,0.3476,nan,627,0.0102,-0.4513,0.0827,0,0,0.0503,0.4228,0.0503,0.4228,0.3923,0.6221,0.3529
None-gene-29638812,JASKUS010000001.1,4731,54744915,1.0,2407.6597,3946.0102,1.0,0.0,0.3476,nan,564,0.009,-0.4672,0.0828,0,0,-0.0313,0.6226,-0.0313,0.6226,0.4344,0.7004,1.5706
None-gene-29724613,JASKUS010000001.1,4731,54744915,1.0,2407.6597,3946.0102,1.0,0.0,0.3476,nan,1320,0.0228,-0.2756,0.086,0,0,-0.0173,0.7833,-0.0173,0.7833,0.4083,0.6519,0.8159
None-gene-29765872,JASKUS010000001.1,4731,54744915,1.0,2407.6597,3946.0102,1.0,0.0,0.3476,nan,481,0.0075,-0.4883,0.0875,0,0,-0.0695,0.2681,-0.0695,0.2681,0.4366,0.7045,1.6341
None-gene-29770449,JASKUS010000001.1,4731,54744915,1.0,2407.6597,3946.0102,1.0,0.0,0.3476,nan,864,0.0145,-0.3912,0.0876,0,0,0.1556,0.0127,0.1556,0.0127,0.412,0.6588,0.9231
None-gene-29817686,JASKUS010000001.1,4731,54744915,1.0,2407.6597,3946.0102,1.0,0.0,0.3476,nan,2312,0.0408,-0.0242,0.0894,0,0,0.151,0.0156,0.151,0.0156,0.3962,0.6293,0.4643
None-gene-29842390,JASKUS010000001.1,4731,54744915,1.0,2407.6597,3946.0102,1.0,0.0,0.3476,nan,174,0.002,-0.5661,0.0902,0,0,0.0321,0.6323,0.0321,0.6323,0.4023,0.6406,0.6411
None-gene-29863988,JASKUS010000001.1,4731,54744915,1.0,2407.6597,3946.0102,1.0,0.0,0.3476,nan,1215,0.0209,-0.3022,0.0911,0,0,0.0808,0.1978,0.0808,0.1978,0.3885,0.6149,0.2409
None-gene-29868956,JASKUS010000001.1,4731,54744915,1.0,2407.6597,3946.0102,1.0,0.0,0.3476,nan,3982,0.0711,0.399,0.0914,0,0,0.3275,0.0,0.3275,0.0,0.396,0.629,0.4597
None-gene-29879358,JASKUS010000001.1,4731,54744915,1.0,2407.6597,3946.0102,1.0,0.0,0.3476,nan,3237,0.0575,0.2102,0.0917,0,0,0.1416,0.0234,0.1416,0.0234,0.4013,0.6388,0.6121
None-gene-29887596,JASKUS010000001.1,4731,54744915,1.0,2407.6597,3946.0102,1.0,0.0,0.3476,nan,3191,0.0567,0.1985,0.092,0,0,0.2074,0.0008,0.2074,0.0008,0.3999,0.6361,0.5709
None-gene-29891457,JASKUS010000001.1,4731,54744915,1.0,2407.6597,3946.0102,1.0,0.0,0.3476,nan,264,0.0036,-0.5432,0.092,0,0,0.0004,0.9948,0.0004,0.9948,0.447,0.7238,1.9346
None-gene-29896162,JASKUS010000001.1,4731,54744915,1.0,2407.6597,3946.0102,1.0,0.0,0.3476,nan,4587,0.082,0.5523,0.0924,0,0,0.292,0.0,0.292,0.0,0.3673,0.5755,-0.3711
None-gene-29898922,JASKUS010000001.1,4731,54744915,1.0,2407.6597,3946.0102,1.0,0.0,0.3476,nan,1708,0.0298,-0.1773,0.0924,0,0,0.1904,0.0022,0.1904,0.0022,0.3735,0.5871,-0.1917
None-gene-29912773,JASKUS010000001.1,4731,54744915,1.0,2407.6597,3946.0102,1.0,0.0,0.3476,nan,5011,0.0897,0.6597,0.093,0,0,0.2758,0.0,0.2758,0.0,0.3728,0.5857,-0.2136
None-gene-29915431,JASKUS010000001.1,4731,54744915,1.0,2407.6597,3946.0102,1.0,0.0,0.3476,nan,1157,0.0198,-0.3169,0.0929,0,0,0.1855,0.0029,0.1855,0.0029,0.395,0.627,0.4294
None-gene-29919094,JASKUS010000001.1,4731,54744915,1.0,2407.6597,3946.0102,1.0,0.0,0.3476,nan,5921,0.1063,0.8904,0.0933,0,0,0.289,0.0,0.289,0.0,0.3526,0.5482,-0.7967
None-gene-29930422,JASKUS010000001.1,4731,54744915,1.0,2407.6597,3946.0102,1.0,0.0,0.3476,nan,5823,0.1045,0.8655,0.0937,0,0,0.382,0.0,0.382,0.0,0.3328,0.5112,-1.3707
None-gene-29938126,JASKUS010000001.1,4731,54744915,1.0,2407.6597,3946.0102,1.0,0.0,0.3476,nan,3358,0.0597,0.2408,0.0939,0,0,0.1662,0.0077,0.1662,0.0077,0.4175,0.669,1.0816
None-gene-29962903,JASKUS010000001.1,4731,54744915,1.0,2407.6597,3946.0102,1.0,0.0,0.3476,nan,261,0.0035,-0.544,0.0946,0,0,-0.0084,0.8954,-0.0084,0.8954,0.3946,0.6264,0.4192
None-gene-29967015,JASKUS010000001.1,4731,54744915,1.0,2407.6597,3946.0102,1.0,0.0,0.3476,nan,183,0.0021,-0.5638,0.0948,0,0,0.2664,0.0001,0.2664,0.0001,0.4262,0.6852,1.3341
None-gene-29967346,JASKUS010000001.1,4731,54744915,1.0,2407.6597,3946.0102,1.0,0.0,0.3476,nan,219,0.0028,-0.5547,0.0948,0,0,-0.0611,0.3694,-0.0611,0.3694,0.4384,0.7078,1.6852
None-gene-29975523,JASKUS010000001.1,4731,54744915,1.0,2407.6597,3946.0102,1.0,0.0,0.3476,nan,246,0.0033,-0.5478,0.0951,0,0,0.0636,0.3463,0.0636,0.3463,0.3862,0.6106,0.1744
None-gene-29982913,JASKUS010000001.1,4731,54744915,1.0,2407.6597,3946.0102,1.0,0.0,0.3476,nan,240,0.0032,-0.5493,0.0954,0,0,0.1922,0.0044,0.1922,0.0044,0.4167,0.6674,1.0572
None-gene-29996590,JASKUS010000001.1,4731,54744915,1.0,2407.6597,3946.0102,1.0,0.0,0.3476,nan,11454,0.2067,2.2925,0.0963,0,0,0.2707,0.0,0.2707,0.0,0.3331,0.5117,-1.3634
None-gene-30037853,JASKUS010000001.1,4731,54744915,1.0,2407.6597,3946.0102,1.0,0.0,0.3476,nan,3836,0.0684,0.362,0.0975,0,0,0.1886,0.0024,0.1886,0.0024,0.3968,0.6303,0.481
None-gene-30047777,JASKUS010000001.1,4731,54744915,1.0,2407.6597,3946.0102,1.0,0.0,0.3476,nan,3192,0.0567,0.1988,0.0979,0,0,0.3275,0.0,0.3275,0.0,0.4239,0.6808,1.2658
None-gene-30062768,JASKUS010000001.1,4731,54744915,1.0,2407.6597,3946.0102,1.0,0.0,0.3476,nan,639,0.0104,-0.4482,0.0983,0,0,0.1041,0.1018,0.1041,0.1018,0.4288,0.69,1.4083
None-gene-30078034,JASKUS010000001.1,4731,54744915,1.0,2407.6597,3946.0102,1.0,0.0,0.3476,nan,3468,0.0617,0.2687,0.099,0,0,0.1287,0.0397,0.1287,0.0397,0.3916,0.6207,0.3308
None-gene-30084398,JASKUS010000001.1,4731,54744915,1.0,2407.6597,3946.0102,1.0,0.0,0.3476,nan,1937,0.034,-0.1193,0.0991,0,0,0.0559,0.3729,0.0559,0.3729,0.4362,0.7039,1.624
None-gene-30087658,JASKUS010000001.1,4731,54744915,1.0,2407.6597,3946.0102,1.0,0.0,0.3476,nan,1111,0.019,-0.3286,0.0992,0,0,0.0793,0.2062,0.0793,0.2062,0.4239,0.681,1.2678
None-gene-30090410,JASKUS010000001.1,4731,54744915,1.0,2407.6597,3946.0102,1.0,0.0,0.3476,nan,658,0.0107,-0.4434,0.0993,0,0,0.0149,0.8155,0.0149,0.8155,0.3739,0.5877,-0.1823
None-gene-30096854,JASKUS010000001.1,4731,54744915,1.0,2407.6597,3946.0102,1.0,0.0,0.3476,nan,3551,0.0632,0.2897,0.0997,0,0,0.2235,0.0003,0.2235,0.0003,0.4399,0.7106,1.7292
None-gene-30098360,JASKUS010000001.1,4731,54744915,1.0,2407.6597,3946.0102,1.0,0.0,0.3476,nan,234,0.003,-0.5508,0.0996,0,0,0.098,0.1402,0.098,0.1402,0.4444,0.7191,1.8615
None-gene-30105366,JASKUS010000001.1,4731,54744915,1.0,2407.6597,3946.0102,1.0,0.0,0.3476,nan,315,0.0045,-0.5303,0.0999,0,0,0.0568,0.3718,0.0568,0.3718,0.3841,0.6068,0.1149
None-gene-30108662,JASKUS010000001.1,4731,54744915,1.0,2407.6597,3946.0102,1.0,0.0,0.3476,nan,2675,0.0473,0.0677,0.1001,0,0,0.2006,0.0013,0.2006,0.0013,0.4183,0.6705,1.105
None-gene-30123251,JASKUS010000001.1,4731,54744915,1.0,2407.6597,3946.0102,1.0,0.0,0.3476,nan,5491,0.0985,0.7814,0.1007,0,0,0.2743,0.0,0.2743,0.0,0.4229,0.679,1.2369
None-gene-30146795,JASKUS010000001.1,4731,54744915,1.0,2407.6597,3946.0102,1.0,0.0,0.3476,nan,132,0.0012,-0.5767,0.1014,0,0,0.0639,0.4239,0.0639,0.4239,0.4621,0.7521,2.3733
None-gene-30175663,JASKUS010000001.1,4731,54744915,1.0,2407.6597,3946.0102,1.0,0.0,0.3476,nan,1770,0.0309,-0.1616,0.1025,0,0,0.2086,0.0008,0.2086,0.0008,0.4237,0.6806,1.2616
None-gene-30176481,JASKUS010000001.1,4731,54744915,1.0,2407.6597,3946.0102,1.0,0.0,0.3476,nan,189,0.0022,-0.5623,0.1024,0,0,0.0467,0.4896,0.0467,0.4896,0.418,0.6699,1.0955
None-gene-30176887,JASKUS010000001.1,4731,54744915,1.0,2407.6597,3946.0102,1.0,0.0,0.3476,nan,534,0.0085,-0.4748,0.1025,0,0,0.1461,0.0236,0.1461,0.0236,0.4588,0.7459,2.2772
None-gene-30179279,JASKUS010000001.1,4731,54744915,1.0,2407.6597,3946.0102,1.0,0.0,0.3476,nan,1399,0.0242,-0.2556,0.1026,0,0,0.1204,0.0544,0.1204,0.0544,0.441,0.7128,1.7626
None-gene-30184696,JASKUS010000001.1,4731,54744915,1.0,2407.6597,3946.0102,1.0,0.0,0.3476,nan,816,0.0136,-0.4034,0.1028,0,0,0.1053,0.0927,0.1053,0.0927,0.451,0.7313,2.0507
None-gene-30187213,JASKUS010000001.1,4731,54744915,1.0,2407.6597,3946.0102,1.0,0.0,0.3476,nan,1257,0.0216,-0.2916,0.1029,0,0,0.105,0.0935,0.105,0.0935,0.4296,0.6915,1.4315
None-gene-30198522,JASKUS010000001.1,4731,54744915,1.0,2407.6597,3946.0102,1.0,0.0,0.3476,nan,1286,0.0221,-0.2843,0.1033,0,0,0.1362,0.0293,0.1362,0.0293,0.4238,0.6807,1.2636
None-gene-30199005,JASKUS010000001.1,4731,54744915,1.0,2407.6597,3946.0102,1.0,0.0,0.3476,nan,312,0.0045,-0.5311,0.1033,0,0,-0.0132,0.8357,-0.0132,0.8357,0.4712,0.7689,2.6349
None-gene-30211269,JASKUS010000001.1,4731,54744915,1.0,2407.6597,3946.0102,1.0,0.0,0.3476,nan,9647,0.1739,1.8346,0.1041,0,0,0.4211,0.0,0.4211,0.0,0.3463,0.5364,-0.9796
None-gene-30227134,JASKUS010000001.1,4731,54744915,1.0,2407.6597,3946.0102,1.0,0.0,0.3476,nan,426,0.0065,-0.5022,0.1043,0,0,0.1277,0.0477,0.1277,0.0477,0.3779,0.5953,-0.0644
None-gene-30236298,JASKUS010000001.1,4731,54744915,1.0,2407.6597,3946.0102,1.0,0.0,0.3476,nan,1760,0.0307,-0.1641,0.1047,0,0,0.1011,0.1064,0.1011,0.1064,0.4193,0.6723,1.1339
None-gene-30240854,JASKUS010000001.1,4731,54744915,1.0,2407.6597,3946.0102,1.0,0.0,0.3476,nan,317,0.0046,-0.5298,0.1048,0,0,-0.1287,0.0425,-0.1287,0.0425,0.4164,0.6669,1.0495
None-gene-30244174,JASKUS010000001.1,4731,54744915,1.0,2407.6597,3946.0102,1.0,0.0,0.3476,nan,1429,0.0247,-0.248,0.105,0,0,0.1489,0.0171,0.1489,0.0171,0.4192,0.6721,1.1298
None-gene-30247777,JASKUS010000001.1,4731,54744915,1.0,2407.6597,3946.0102,1.0,0.0,0.3476,nan,1106,0.0189,-0.3299,0.1051,0,0,0.151,0.0156,0.151,0.0156,0.4005,0.6374,0.5903
None-gene-30254167,JASKUS010000001.1,4731,54744915,1.0,2407.6597,3946.0102,1.0,0.0,0.3476,nan,8899,0.1603,1.645,0.1056,0,0,0.3302,0.0,0.3302,0.0,0.3849,0.6082,0.1366
None-gene-30290467,JASKUS010000001.1,4731,54744915,1.0,2407.6597,3946.0102,1.0,0.0,0.3476,nan,5985,0.1074,0.9066,0.1068,0,0,0.1392,0.0259,0.1392,0.0259,0.4179,0.6697,1.0922
None-gene-30297766,JASKUS010000001.1,4731,54744915,1.0,2407.6597,3946.0102,1.0,0.0,0.3476,nan,453,0.007,-0.4954,0.1069,0,0,0.09,0.1574,0.09,0.1574,0.4437,0.7178,1.8402
None-gene-30302069,JASKUS010000001.1,4731,54744915,1.0,2407.6597,3946.0102,1.0,0.0,0.3476,nan,1107,0.0189,-0.3296,0.1071,0,0,0.1306,0.0368,0.1306,0.0368,0.4155,0.6653,1.0245
None-gene-30309114,JASKUS010000001.1,4731,54744915,1.0,2407.6597,3946.0102,1.0,0.0,0.3476,nan,1677,0.0292,-0.1852,0.1073,0,0,0.0936,0.1355,0.0936,0.1355,0.427,0.6866,1.355
None-gene-30313505,JASKUS010000001.1,4731,54744915,1.0,2407.6597,3946.0102,1.0,0.0,0.3476,nan,376,0.0056,-0.5149,0.1075,0,0,0.1664,0.0085,0.1664,0.0085,0.4043,0.6443,0.6978
None-gene-30314550,JASKUS010000001.1,4731,54744915,1.0,2407.6597,3946.0102,1.0,0.0,0.3476,nan,1387,0.024,-0.2587,0.1075,0,0,0.1942,0.0018,0.1942,0.0018,0.4333,0.6984,1.5391
None-gene-30321698,JASKUS010000001.1,4731,54744915,1.0,2407.6597,3946.0102,1.0,0.0,0.3476,nan,6405,0.115,1.013,0.108,0,0,0.2605,0.0,0.2605,0.0,0.3574,0.557,-0.6596
None-gene-30348472,JASKUS010000001.1,4731,54744915,1.0,2407.6597,3946.0102,1.0,0.0,0.3476,nan,221,0.0028,-0.5541,0.1087,0,0,0.2462,0.0003,0.2462,0.0003,0.3575,0.5571,-0.657
None-gene-30351768,JASKUS010000001.1,4731,54744915,1.0,2407.6597,3946.0102,1.0,0.0,0.3476,nan,2612,0.0462,0.0518,0.1089,0,0,0.1737,0.0053,0.1737,0.0053,0.4518,0.7328,2.0733
None-gene-30354381,JASKUS010000001.1,4731,54744915,1.0,2407.6597,3946.0102,1.0,0.0,0.3476,nan,381,0.0057,-0.5136,0.109,0,0,0.0581,0.3763,0.0581,0.3763,0.4488,0.7273,1.9881
None-gene-30355060,JASKUS010000001.1,4731,54744915,1.0,2407.6597,3946.0102,1.0,0.0,0.3476,nan,4068,0.0726,0.4208,0.1091,0,0,0.3239,0.0,0.3239,0.0,0.4071,0.6495,0.7796
None-gene-30366058,JASKUS010000001.1,4731,54744915,1.0,2407.6597,3946.0102,1.0,0.0,0.3476,nan,302,0.0043,-0.5336,0.1094,0,0,0.0209,0.7472,0.0209,0.7472,0.4503,0.7301,2.0319
None-gene-30366865,JASKUS010000001.1,4731,54744915,1.0,2407.6597,3946.0102,1.0,0.0,0.3476,nan,3890,0.0694,0.3757,0.1095,0,0,0.2411,0.0001,0.2411,0.0001,0.4535,0.736,2.1228
None-gene-30367212,JASKUS010000001.1,4731,54744915,1.0,2407.6597,3946.0102,1.0,0.0,0.3476,nan,204,0.0025,-0.5585,0.1094,0,0,-0.0084,0.8986,-0.0084,0.8986,0.5049,0.8317,3.6121
None-gene-30368876,JASKUS010000001.1,4731,54744915,1.0,2407.6597,3946.0102,1.0,0.0,0.3476,nan,165,0.0018,-0.5683,0.1095,0,0,0.1839,0.0157,0.1839,0.0157,0.4485,0.7267,1.9785
None-gene-30369601,JASKUS010000001.1,4731,54744915,1.0,2407.6597,3946.0102,1.0,0.0,0.3476,nan,138,0.0013,-0.5752,0.1095,0,0,0.0895,0.2271,0.0895,0.2271,0.4565,0.7416,2.2112
None-gene-30374427,JASKUS010000001.1,4731,54744915,1.0,2407.6597,3946.0102,1.0,0.0,0.3476,nan,2134,0.0375,-0.0694,0.1097,0,0,0.1236,0.0483,0.1236,0.0483,0.4194,0.6725,1.1363
None-gene-30380755,JASKUS010000001.1,4731,54744915,1.0,2407.6597,3946.0102,1.0,0.0,0.3476,nan,2175,0.0383,-0.059,0.11,0,0,0.1283,0.0402,0.1283,0.0402,0.3595,0.561,-0.597
None-gene-30386591,JASKUS010000001.1,4731,54744915,1.0,2407.6597,3946.0102,1.0,0.0,0.3476,nan,6164,0.1107,0.9519,0.1103,0,0,0.2723,0.0,0.2723,0.0,0.4213,0.6761,1.1918
None-gene-30396577,JASKUS010000001.1,4731,54744915,1.0,2407.6597,3946.0102,1.0,0.0,0.3476,nan,991,0.0168,-0.359,0.1105,0,0,0.0819,0.1916,0.0819,0.1916,0.4329,0.6976,1.5271
None-gene-30401440,JASKUS010000001.1,4731,54744915,1.0,2407.6597,3946.0102,1.0,0.0,0.3476,nan,1487,0.0258,-0.2333,0.1107,0,0,0.0918,0.1432,0.0918,0.1432,0.38,0.599,-0.0057
None-gene-30408719,JASKUS010000001.1,4731,54744915,1.0,2407.6597,3946.0102,1.0,0.0,0.3476,nan,3438,0.0612,0.2611,0.111,0,0,0.2267,0.0003,0.2267,0.0003,0.3543,0.5512,-0.7494
None-gene-30408739,JASKUS010000001.1,4731,54744915,1.0,2407.6597,3946.0102,1.0,0.0,0.3476,nan,2249,0.0396,-0.0402,0.111,0,0,0.1692,0.0066,0.1692,0.0066,0.3522,0.5473,-0.8108
None-gene-30415840,JASKUS010000001.1,4731,54744915,1.0,2407.6597,3946.0102,1.0,0.0,0.3476,nan,1372,0.0237,-0.2625,0.1112,0,0,0.1809,0.0037,0.1809,0.0037,0.4118,0.6584,0.9165
None-gene-30433549,JASKUS010000001.1,4731,54744915,1.0,2407.6597,3946.0102,1.0,0.0,0.3476,nan,1068,0.0182,-0.3395,0.1119,0,0,0.071,0.2575,0.071,0.2575,0.4251,0.6831,1.3012
None-gene-30453551,JASKUS010000001.1,4731,54744915,1.0,2407.6597,3946.0102,1.0,0.0,0.3476,nan,7846,0.1412,1.3782,0.1128,0,0,0.3326,0.0,0.3326,0.0,0.336,0.5171,-1.2796
None-gene-30491703,JASKUS010000001.1,4731,54744915,1.0,2407.6597,3946.0102,1.0,0.0,0.3476,nan,725,0.012,-0.4264,0.114,0,0,0.0968,0.1224,0.0968,0.1224,0.44,0.7109,1.7328
None-gene-30514265,JASKUS010000001.1,4731,54744915,1.0,2407.6597,3946.0102,1.0,0.0,0.3476,nan,222,0.0028,-0.5539,0.1148,0,0,0.0924,0.1664,0.0924,0.1664,0.4324,0.6968,1.5137
None-gene-30536838,JASKUS010000001.1,4731,54744915,1.0,2407.6597,3946.0102,1.0,0.0,0.3476,nan,858,0.0144,-0.3927,0.1156,0,0,0.0027,0.966,0.0027,0.966,0.3578,0.5578,-0.6471
None-gene-30538230,JASKUS010000001.1,4731,54744915,1.0,2407.6597,3946.0102,1.0,0.0,0.3476,nan,204,0.0025,-0.5585,0.1157,0,0,0.0578,0.4005,0.0578,0.4005,0.4559,0.7404,2.1927
None-gene-30578692,JASKUS010000001.1,4731,54744915,1.0,2407.6597,3946.0102,1.0,0.0,0.3476,nan,383,0.0058,-0.5131,0.1171,0,0,-0.0592,0.3602,-0.0592,0.3602,0.4073,0.65,0.7862
None-gene-30584651,JASKUS010000001.1,4731,54744915,1.0,2407.6597,3946.0102,1.0,0.0,0.3476,nan,252,0.0034,-0.5463,0.1174,0,0,0.2291,0.0008,0.2291,0.0008,0.4286,0.6896,1.4019
None-gene-30609112,JASKUS010000001.1,4731,54744915,1.0,2407.6597,3946.0102,1.0,0.0,0.3476,nan,5915,0.1061,0.8888,0.1185,0,0,0.4006,0.0,0.4006,0.0,0.4313,0.6946,1.4802
None-gene-30619703,JASKUS010000001.1,4731,54744915,1.0,2407.6597,3946.0102,1.0,0.0,0.3476,nan,4744,0.0849,0.5921,0.1188,0,0,0.2281,0.0002,0.2281,0.0002,0.3872,0.6126,0.2047
None-gene-30648246,JASKUS010000001.1,4731,54744915,1.0,2407.6597,3946.0102,1.0,0.0,0.3476,nan,5224,0.0936,0.7137,0.1199,0,0,0.2273,0.0002,0.2273,0.0002,0.385,0.6083,0.1389
None-gene-30656161,JASKUS010000001.1,4731,54744915,1.0,2407.6597,3946.0102,1.0,0.0,0.3476,nan,160,0.0017,-0.5696,0.12,0,0,-0.0245,0.7467,-0.0245,0.7467,0.4563,0.7411,2.2033
None-gene-30675146,JASKUS010000001.1,4731,54744915,1.0,2407.6597,3946.0102,1.0,0.0,0.3476,nan,3743,0.0667,0.3384,0.1208,0,0,0.1503,0.0161,0.1503,0.0161,0.3866,0.6114,0.1862
None-gene-30779640,JASKUS010000001.1,4731,54744915,1.0,2407.6597,3946.0102,1.0,0.0,0.3476,nan,2811,0.0498,0.1022,0.1246,0,0,0.2907,0.0,0.2907,0.0,0.4365,0.7043,1.6314
None-gene-30783849,JASKUS010000001.1,4731,54744915,1.0,2407.6597,3946.0102,1.0,0.0,0.3476,nan,507,0.008,-0.4817,0.1246,0,0,0.2609,0.0,0.2609,0.0,0.3491,0.5416,-0.8989
None-gene-30786354,JASKUS010000001.1,4731,54744915,1.0,2407.6597,3946.0102,1.0,0.0,0.3476,nan,641,0.0104,-0.4477,0.1247,0,0,0.082,0.1975,0.082,0.1975,0.3963,0.6294,0.4661
None-gene-30787412,JASKUS010000001.1,4731,54744915,1.0,2407.6597,3946.0102,1.0,0.0,0.3476,nan,4778,0.0855,0.6007,0.1249,0,0,0.2945,0.0,0.2945,0.0,0.3944,0.6259,0.4124
None-gene-30795494,JASKUS010000001.1,4731,54744915,1.0,2407.6597,3946.0102,1.0,0.0,0.3476,nan,1065,0.0181,-0.3403,0.1251,0,0,0.2315,0.0002,0.2315,0.0002,0.4066,0.6486,0.7649
None-gene-30799375,JASKUS010000001.1,4731,54744915,1.0,2407.6597,3946.0102,1.0,0.0,0.3476,nan,1976,0.0347,-0.1094,0.1253,0,0,0.0939,0.1341,0.0939,0.1341,0.3927,0.6228,0.3635
None-gene-30811333,JASKUS010000001.1,4731,54744915,1.0,2407.6597,3946.0102,1.0,0.0,0.3476,nan,2848,0.0505,0.1116,0.1257,0,0,0.2328,0.0002,0.2328,0.0002,0.3916,0.6206,0.3301
None-gene-30830358,JASKUS010000001.1,4731,54744915,1.0,2407.6597,3946.0102,1.0,0.0,0.3476,nan,1720,0.03,-0.1743,0.1264,0,0,0.0658,0.2946,0.0658,0.2946,0.3988,0.6342,0.5409
None-gene-30833917,JASKUS010000001.1,4731,54744915,1.0,2407.6597,3946.0102,1.0,0.0,0.3476,nan,1293,0.0223,-0.2825,0.1265,0,0,0.1502,0.0162,0.1502,0.0162,0.4609,0.7499,2.3392
None-gene-30842159,JASKUS010000001.1,4731,54744915,1.0,2407.6597,3946.0102,1.0,0.0,0.3476,nan,4318,0.0772,0.4841,0.1269,0,0,0.186,0.0028,0.186,0.0028,0.3918,0.6212,0.3385
None-gene-30852643,JASKUS010000001.1,4731,54744915,1.0,2407.6597,3946.0102,1.0,0.0,0.3476,nan,1456,0.0252,-0.2412,0.1272,0,0,-0.0018,0.9777,-0.0018,0.9777,0.4492,0.728,1.9985
None-gene-30859263,JASKUS010000001.1,4731,54744915,1.0,2407.6597,3946.0102,1.0,0.0,0.3476,nan,2700,0.0478,0.0741,0.1275,0,0,0.1497,0.0165,0.1497,0.0165,0.3459,0.5357,-0.9908
None-gene-30864564,JASKUS010000001.1,4731,54744915,1.0,2407.6597,3946.0102,1.0,0.0,0.3476,nan,369,0.0055,-0.5166,0.1276,0,0,0.0772,0.2186,0.0772,0.2186,0.4282,0.6889,1.3907
None-gene-30864592,JASKUS010000001.1,4731,54744915,1.0,2407.6597,3946.0102,1.0,0.0,0.3476,nan,264,0.0036,-0.5432,0.1276,0,0,0.0993,0.118,0.0993,0.118,0.4205,0.6745,1.1668
None-gene-30865458,JASKUS010000001.1,4731,54744915,1.0,2407.6597,3946.0102,1.0,0.0,0.3476,nan,1671,0.0291,-0.1867,0.1277,0,0,0.0457,0.4667,0.0457,0.4667,0.3986,0.6337,0.533
None-gene-30895904,JASKUS010000001.1,4731,54744915,1.0,2407.6597,3946.0102,1.0,0.0,0.3476,nan,9434,0.17,1.7806,0.1291,0,0,0.2616,0.0,0.2616,0.0,0.3137,0.4756,-1.9254
None-gene-30910539,JASKUS010000001.1,4731,54744915,1.0,2407.6597,3946.0102,1.0,0.0,0.3476,nan,2482,0.0438,0.0188,0.1293,0,0,0.3416,0.0,0.3416,0.0,0.3843,0.6071,0.1203
None-gene-30922958,JASKUS010000001.1,4731,54744915,1.0,2407.6597,3946.0102,1.0,0.0,0.3476,nan,4403,0.0787,0.5057,0.1299,0,0,0.192,0.002,0.192,0.002,0.3713,0.583,-0.2554
None-gene-30933066,JASKUS010000001.1,4731,54744915,1.0,2407.6597,3946.0102,1.0,0.0,0.3476,nan,2629,0.0465,0.0561,0.1302,0,0,0.0511,0.4157,0.0511,0.4157,0.3975,0.6317,0.5019
None-gene-30946378,JASKUS010000001.1,4731,54744915,1.0,2407.6597,3946.0102,1.0,0.0,0.3476,nan,519,0.0082,-0.4786,0.1306,0,0,0.0822,0.1899,0.0822,0.1899,0.4624,0.7526,2.3822
None-gene-30947467,JASKUS010000001.1,4731,54744915,1.0,2407.6597,3946.0102,1.0,0.0,0.3476,nan,3879,0.0692,0.3729,0.1307,0,0,0.105,0.0937,0.105,0.0937,0.4254,0.6836,1.3091
None-gene-30958834,JASKUS010000001.1,4731,54744915,1.0,2407.6597,3946.0102,1.0,0.0,0.3476,nan,20864,0.3774,4.6772,0.1318,0,0,0.4326,0.0,0.4326,0.0,0.3436,0.5314,-1.0579
None-gene-30972165,JASKUS010000001.1,4731,54744915,1.0,2407.6597,3946.0102,1.0,0.0,0.3476,nan,892,0.015,-0.3841,0.1315,0,0,0.1686,0.0069,0.1686,0.0069,0.4238,0.6806,1.2627
None-gene-31006531,JASKUS010000001.1,4731,54744915,1.0,2407.6597,3946.0102,1.0,0.0,0.3476,nan,672,0.011,-0.4399,0.1328,0,0,0.1017,0.1046,0.1017,0.1046,0.4182,0.6702,1.1002
None-gene-31028960,JASKUS010000001.1,4731,54744915,1.0,2407.6597,3946.0102,1.0,0.0,0.3476,nan,1158,0.0198,-0.3167,0.1336,0,0,0.0121,0.8468,0.0121,0.8468,0.4378,0.7068,1.6698
None-gene-31039368,JASKUS010000001.1,4731,54744915,1.0,2407.6597,3946.0102,1.0,0.0,0.3476,nan,423,0.0065,-0.503,0.134,0,0,0.0418,0.5259,0.0418,0.5259,0.4326,0.6971,1.5192
None-gene-31040105,JASKUS010000001.1,4731,54744915,1.0,2407.6597,3946.0102,1.0,0.0,0.3476,nan,681,0.0112,-0.4376,0.134,0,0,0.0611,0.3301,0.0611,0.3301,0.4743,0.7748,2.726
None-gene-31046698,JASKUS010000001.1,4731,54744915,1.0,2407.6597,3946.0102,1.0,0.0,0.3476,nan,219,0.0028,-0.5547,0.1342,0,0,-0.169,0.0154,-0.169,0.0154,0.4247,0.6823,1.2885
None-gene-31046705,JASKUS010000001.1,4731,54744915,1.0,2407.6597,3946.0102,1.0,0.0,0.3476,nan,267,0.0036,-0.5425,0.1342,0,0,-0.1138,0.0921,-0.1138,0.0921,0.427,0.6866,1.3554
None-gene-31066954,JASKUS010000001.1,4731,54744915,1.0,2407.6597,3946.0102,1.0,0.0,0.3476,nan,1120,0.0191,-0.3263,0.135,0,0,0.0428,0.4952,0.0428,0.4952,0.4392,0.7094,1.7101
None-gene-31066955,JASKUS010000001.1,4731,54744915,1.0,2407.6597,3946.0102,1.0,0.0,0.3476,nan,1120,0.0191,-0.3263,0.135,0,0,0.0432,0.4911,0.0432,0.4911,0.4387,0.7084,1.6941
None-gene-31084391,JASKUS010000001.1,4731,54744915,1.0,2407.6597,3946.0102,1.0,0.0,0.3476,nan,324,0.0047,-0.528,0.1356,0,0,-0.0105,0.8689,-0.0105,0.8689,0.3951,0.6272,0.4316
None-gene-31085232,JASKUS010000001.1,4731,54744915,1.0,2407.6597,3946.0102,1.0,0.0,0.3476,nan,219,0.0028,-0.5547,0.1356,0,0,0.0957,0.1523,0.0957,0.1523,0.3973,0.6313,0.4952
None-gene-31092267,JASKUS010000001.1,4731,54744915,1.0,2407.6597,3946.0102,1.0,0.0,0.3476,nan,405,0.0062,-0.5075,0.1359,0,0,-0.1942,0.0025,-0.1942,0.0025,0.4406,0.712,1.75
None-gene-31112158,JASKUS010000001.1,4731,54744915,1.0,2407.6597,3946.0102,1.0,0.0,0.3476,nan,331,0.0048,-0.5263,0.1366,0,0,0.0111,0.866,0.0111,0.866,0.435,0.7016,1.5893
None-gene-31115634,JASKUS010000001.1,4731,54744915,1.0,2407.6597,3946.0102,1.0,0.0,0.3476,nan,297,0.0042,-0.5349,0.1368,0,0,0.1242,0.0572,0.1242,0.0572,0.4444,0.7191,1.8615
None-gene-31116190,JASKUS010000001.1,4731,54744915,1.0,2407.6597,3946.0102,1.0,0.0,0.3476,nan,501,0.0079,-0.4832,0.1368,0,0,0.0454,0.4697,0.0454,0.4697,0.4611,0.7501,2.3431
None-gene-31116245,JASKUS010000001.1,4731,54744915,1.0,2407.6597,3946.0102,1.0,0.0,0.3476,nan,144,0.0014,-0.5737,0.1368,0,0,0.0427,0.575,0.0427,0.575,0.4583,0.745,2.2636
None-gene-31128623,JASKUS010000001.1,4731,54744915,1.0,2407.6597,3946.0102,1.0,0.0,0.3476,nan,240,0.0032,-0.5493,0.1372,0,0,-0.0172,0.8,-0.0172,0.8,0.4083,0.6519,0.8159
None-gene-31132173,JASKUS010000001.1,4731,54744915,1.0,2407.6597,3946.0102,1.0,0.0,0.3476,nan,2777,0.0492,0.0936,0.1375,0,0,0.0989,0.1144,0.0989,0.1144,0.4474,0.7247,1.9476
None-gene-31137865,JASKUS010000001.1,4731,54744915,1.0,2407.6597,3946.0102,1.0,0.0,0.3476,nan,1082,0.0184,-0.3359,0.1376,0,0,0.2347,0.0002,0.2347,0.0002,0.4436,0.7176,1.8377
None-gene-31139291,JASKUS010000001.1,4731,54744915,1.0,2407.6597,3946.0102,1.0,0.0,0.3476,nan,911,0.0153,-0.3793,0.1376,0,0,0.2921,0.0,0.2921,0.0,0.4347,0.701,1.579
None-gene-31141256,JASKUS010000001.1,4731,54744915,1.0,2407.6597,3946.0102,1.0,0.0,0.3476,nan,228,0.0029,-0.5524,0.1377,0,0,-0.1783,0.0071,-0.1783,0.0071,0.4605,0.7491,2.3271
None-gene-31146460,JASKUS010000001.1,4731,54744915,1.0,2407.6597,3946.0102,1.0,0.0,0.3476,nan,387,0.0058,-0.5121,0.1379,0,0,-0.0413,0.5245,-0.0413,0.5245,0.4186,0.671,1.1133
None-gene-31153237,JASKUS010000001.1,4731,54744915,1.0,2407.6597,3946.0102,1.0,0.0,0.3476,nan,306,0.0044,-0.5326,0.1381,0,0,0.1066,0.0932,0.1066,0.0932,0.4118,0.6583,0.9152
None-gene-31187992,JASKUS010000001.1,4731,54744915,1.0,2407.6597,3946.0102,1.0,0.0,0.3476,nan,419,0.0064,-0.504,0.1394,0,0,0.0464,0.4599,0.0464,0.4599,0.4105,0.6559,0.8786
None-gene-31188461,JASKUS010000001.1,4731,54744915,1.0,2407.6597,3946.0102,1.0,0.0,0.3476,nan,189,0.0022,-0.5623,0.1394,0,0,0.0679,0.3074,0.0679,0.3074,0.4286,0.6896,1.4019
None-gene-31206019,JASKUS010000001.1,4731,54744915,1.0,2407.6597,3946.0102,1.0,0.0,0.3476,nan,474,0.0074,-0.49,0.1401,0,0,0.1754,0.0098,0.1754,0.0098,0.23,0.3197,-4.3491
None-gene-31234701,JASKUS010000001.1,4731,54744915,1.0,2407.6597,3946.0102,1.0,0.0,0.3476,nan,782,0.013,-0.412,0.1411,0,0,0.207,0.0009,0.207,0.0009,0.4149,0.664,1.0046
None-gene-31244509,JASKUS010000001.1,4731,54744915,1.0,2407.6597,3946.0102,1.0,0.0,0.3476,nan,4850,0.0868,0.6189,0.1416,0,0,0.2538,0.0,0.2538,0.0,0.3641,0.5695,-0.4643
None-gene-31253356,JASKUS010000001.1,4731,54744915,1.0,2407.6597,3946.0102,1.0,0.0,0.3476,nan,8350,0.1503,1.5059,0.1421,0,0,0.339,0.0,0.339,0.0,0.4534,0.7358,2.1212
None-gene-31271530,JASKUS010000001.1,4731,54744915,1.0,2407.6597,3946.0102,1.0,0.0,0.3476,nan,2623,0.0464,0.0546,0.1425,0,0,0.1666,0.0075,0.1666,0.0075,0.3812,0.6014,0.0314
None-gene-31279694,JASKUS010000001.1,4731,54744915,1.0,2407.6597,3946.0102,1.0,0.0,0.3476,nan,586,0.0094,-0.4616,0.1428,0,0,0.2433,0.0001,0.2433,0.0001,0.4044,0.6446,0.703
None-gene-31283353,JASKUS010000001.1,4731,54744915,1.0,2407.6597,3946.0102,1.0,0.0,0.3476,nan,1166,0.02,-0.3147,0.1429,0,0,0.1819,0.0035,0.1819,0.0035,0.3825,0.6038,0.068
None-gene-31284888,JASKUS010000001.1,4731,54744915,1.0,2407.6597,3946.0102,1.0,0.0,0.3476,nan,4723,0.0845,0.5868,0.1431,0,0,0.2118,0.0006,0.2118,0.0006,0.451,0.7313,2.0509
None-gene-31289835,JASKUS010000001.1,4731,54744915,1.0,2407.6597,3946.0102,1.0,0.0,0.3476,nan,774,0.0128,-0.414,0.1431,0,0,0.0078,0.9016,0.0078,0.9016,0.438,0.7071,1.6744
None-gene-31296817,JASKUS010000001.1,4731,54744915,1.0,2407.6597,3946.0102,1.0,0.0,0.3476,nan,1554,0.027,-0.2163,0.1434,0,0,0.1859,0.0028,0.1859,0.0028,0.4138,0.662,0.9733
None-gene-31299741,JASKUS010000001.1,4731,54744915,1.0,2407.6597,3946.0102,1.0,0.0,0.3476,nan,447,0.0069,-0.4969,0.1435,0,0,-0.0073,0.907,-0.0073,0.907,0.4049,0.6455,0.7171
None-gene-31312735,JASKUS010000001.1,4731,54744915,1.0,2407.6597,3946.0102,1.0,0.0,0.3476,nan,535,0.0085,-0.4746,0.144,0,0,0.0653,0.3124,0.0653,0.3124,0.4411,0.713,1.7653
None-gene-31313664,JASKUS010000001.1,4731,54744915,1.0,2407.6597,3946.0102,1.0,0.0,0.3476,nan,8075,0.1453,1.4362,0.1443,0,0,0.2854,0.0,0.2854,0.0,0.3807,0.6004,0.0152
None-gene-31328671,JASKUS010000001.1,4731,54744915,1.0,2407.6597,3946.0102,1.0,0.0,0.3476,nan,711,0.0117,-0.43,0.1446,0,0,0.0927,0.1391,0.0927,0.1391,0.4374,0.706,1.6579
None-gene-31329659,JASKUS010000001.1,4731,54744915,1.0,2407.6597,3946.0102,1.0,0.0,0.3476,nan,957,0.0162,-0.3676,0.1446,0,0,0.1136,0.0695,0.1136,0.0695,0.4451,0.7204,1.8817
None-gene-31334052,JASKUS010000001.1,4731,54744915,1.0,2407.6597,3946.0102,1.0,0.0,0.3476,nan,9370,0.1688,1.7644,0.1451,0,0,0.2875,0.0,0.2875,0.0,0.4012,0.6386,0.6086
None-gene-31334255,JASKUS010000001.1,4731,54744915,1.0,2407.6597,3946.0102,1.0,0.0,0.3476,nan,144,0.0014,-0.5737,0.1447,0,0,0.1666,0.0216,0.1666,0.0216,0.4653,0.7579,2.4647
None-gene-31334517,JASKUS010000001.1,4731,54744915,1.0,2407.6597,3946.0102,1.0,0.0,0.3476,nan,135,0.0013,-0.5759,0.1448,0,0,0.0091,0.903,0.0091,0.903,0.4519,0.7329,2.076
None-gene-31334675,JASKUS010000001.1,4731,54744915,1.0,2407.6597,3946.0102,1.0,0.0,0.3476,nan,531,0.0084,-0.4756,0.1448,0,0,-0.0022,0.9727,-0.0022,0.9727,0.4765,0.7788,2.7885
None-gene-31335522,JASKUS010000001.1,4731,54744915,1.0,2407.6597,3946.0102,1.0,0.0,0.3476,nan,1994,0.035,-0.1048,0.1449,0,0,0.248,0.0001,0.248,0.0001,0.4022,0.6405,0.6385
None-gene-31391913,JASKUS010000001.1,4731,54744915,1.0,2407.6597,3946.0102,1.0,0.0,0.3476,nan,231,0.003,-0.5516,0.1469,0,0,0.2096,0.0018,0.2096,0.0018,0.4632,0.7541,2.4047
None-gene-31401283,JASKUS010000001.1,4731,54744915,1.0,2407.6597,3946.0102,1.0,0.0,0.3476,nan,717,0.0118,-0.4284,0.1472,0,0,0.0169,0.7882,0.0169,0.7882,0.4379,0.707,1.673
None-gene-31446720,JASKUS010000001.1,4731,54744915,1.0,2407.6597,3946.0102,1.0,0.0,0.3476,nan,450,0.007,-0.4961,0.1489,0,0,0.125,0.0457,0.125,0.0457,0.4311,0.6943,1.4754
None-gene-31450939,JASKUS010000001.1,4731,54744915,1.0,2407.6597,3946.0102,1.0,0.0,0.3476,nan,266,0.0036,-0.5427,0.149,0,0,-0.0111,0.8637,-0.0111,0.8637,0.4023,0.6406,0.6399
None-gene-31453617,JASKUS010000001.1,4731,54744915,1.0,2407.6597,3946.0102,1.0,0.0,0.3476,nan,6270,0.1126,0.9788,0.1493,0,0,0.3776,0.0,0.3776,0.0,0.3841,0.6067,0.1127
None-gene-31577269,JASKUS010000001.1,4731,54744915,1.0,2407.6597,3946.0102,1.0,0.0,0.3476,nan,219,0.0028,-0.5547,0.1536,0,0,0.007,0.9168,0.007,0.9168,0.4886,0.8014,3.1396
None-gene-31580636,JASKUS010000001.1,4731,54744915,1.0,2407.6597,3946.0102,1.0,0.0,0.3476,nan,4883,0.0874,0.6273,0.1539,0,0,0.1705,0.0062,0.1705,0.0062,0.3621,0.5657,-0.5237
None-gene-31588980,JASKUS010000001.1,4731,54744915,1.0,2407.6597,3946.0102,1.0,0.0,0.3476,nan,643,0.0105,-0.4472,0.1541,0,0,0.1396,0.0256,0.1396,0.0256,0.437,0.7053,1.6463
None-gene-31596688,JASKUS010000001.1,4731,54744915,1.0,2407.6597,3946.0102,1.0,0.0,0.3476,nan,249,0.0033,-0.547,0.1543,0,0,0.0565,0.3827,0.0565,0.3827,0.4257,0.6842,1.3188
None-gene-31596991,JASKUS010000001.1,4731,54744915,1.0,2407.6597,3946.0102,1.0,0.0,0.3476,nan,426,0.0065,-0.5022,0.1544,0,0,0.1374,0.0303,0.1374,0.0303,0.4014,0.639,0.6153
None-gene-31604587,JASKUS010000001.1,4731,54744915,1.0,2407.6597,3946.0102,1.0,0.0,0.3476,nan,3608,0.0643,0.3042,0.1547,0,0,0.2424,0.0001,0.2424,0.0001,0.4146,0.6636,0.9983
None-gene-31772076,JASKUS010000001.1,4731,54744915,1.0,2407.6597,3946.0102,1.0,0.0,0.3476,nan,849,0.0142,-0.395,0.1608,0,0,0.2704,0.0,0.2704,0.0,0.4016,0.6394,0.6223
None-gene-31776414,JASKUS010000001.1,4731,54744915,1.0,2407.6597,3946.0102,1.0,0.0,0.3476,nan,22147,0.4007,5.0024,0.1617,0,0,0.3894,0.0,0.3894,0.0,0.359,0.5599,-0.6138
None-gene-31834892,JASKUS010000001.1,4731,54744915,1.0,2407.6597,3946.0102,1.0,0.0,0.3476,nan,186,0.0022,-0.563,0.163,0,0,0.0493,0.4678,0.0493,0.4678,0.3978,0.6324,0.5123
None-gene-31849816,JASKUS010000001.1,4731,54744915,1.0,2407.6597,3946.0102,1.0,0.0,0.3476,nan,366,0.0054,-0.5174,0.1636,0,0,0.0146,0.8217,0.0146,0.8217,0.4645,0.7565,2.4416
None-gene-31849896,JASKUS010000001.1,4731,54744915,1.0,2407.6597,3946.0102,1.0,0.0,0.3476,nan,219,0.0028,-0.5547,0.1636,0,0,-0.0551,0.4268,-0.0551,0.4268,0.4475,0.7248,1.9496
None-gene-31850185,JASKUS010000001.1,4731,54744915,1.0,2407.6597,3946.0102,1.0,0.0,0.3476,nan,2523,0.0446,0.0292,0.1637,0,0,0.1837,0.0032,0.1837,0.0032,0.4356,0.7027,1.6052
None-gene-31851216,JASKUS010000001.1,4731,54744915,1.0,2407.6597,3946.0102,1.0,0.0,0.3476,nan,279,0.0039,-0.5394,0.1636,0,0,0.0928,0.1519,0.0928,0.1519,0.4265,0.6858,1.3426
None-gene-31852221,JASKUS010000001.1,4731,54744915,1.0,2407.6597,3946.0102,1.0,0.0,0.3476,nan,435,0.0067,-0.4999,0.1637,0,0,0.2332,0.0002,0.2332,0.0002,0.4138,0.6621,0.9739
None-gene-31874546,JASKUS010000001.1,4731,54744915,1.0,2407.6597,3946.0102,1.0,0.0,0.3476,nan,279,0.0039,-0.5394,0.1645,0,0,-0.0107,0.8727,-0.0107,0.8727,0.4409,0.7125,1.7577
None-gene-31874946,JASKUS010000001.1,4731,54744915,1.0,2407.6597,3946.0102,1.0,0.0,0.3476,nan,351,0.0052,-0.5212,0.1645,0,0,-0.0405,0.5246,-0.0405,0.5246,0.4473,0.7244,1.944
None-gene-31898855,JASKUS010000001.1,4731,54744915,1.0,2407.6597,3946.0102,1.0,0.0,0.3476,nan,117,0.0009,-0.5805,0.1654,0,0,-0.0397,0.6223,-0.0397,0.6223,0.4188,0.6714,1.119
None-gene-31899202,JASKUS010000001.1,4731,54744915,1.0,2407.6597,3946.0102,1.0,0.0,0.3476,nan,240,0.0032,-0.5493,0.1654,0,0,0.0151,0.8276,0.0151,0.8276,0.3792,0.5976,-0.0287
None-gene-31917225,JASKUS010000001.1,4731,54744915,1.0,2407.6597,3946.0102,1.0,0.0,0.3476,nan,336,0.0049,-0.525,0.166,0,0,0.0988,0.1262,0.0988,0.1262,0.4405,0.7118,1.7466
None-gene-31934791,JASKUS010000001.1,4731,54744915,1.0,2407.6597,3946.0102,1.0,0.0,0.3476,nan,1378,0.0238,-0.2609,0.1667,0,0,0.326,0.0,0.326,0.0,0.4267,0.6861,1.3478
None-gene-31967944,JASKUS010000001.1,4731,54744915,1.0,2407.6597,3946.0102,1.0,0.0,0.3476,nan,231,0.003,-0.5516,0.1679,0,0,0.0754,0.28,0.0754,0.28,0.4545,0.738,2.154
None-gene-31969588,JASKUS010000001.1,4731,54744915,1.0,2407.6597,3946.0102,1.0,0.0,0.3476,nan,225,0.0029,-0.5531,0.168,0,0,-0.1331,0.0456,-0.1331,0.0456,0.44,0.7109,1.7328
None-gene-31969826,JASKUS010000001.1,4731,54744915,1.0,2407.6597,3946.0102,1.0,0.0,0.3476,nan,672,0.011,-0.4399,0.168,0,0,0.0034,0.9575,0.0034,0.9575,0.4062,0.648,0.7555
None-gene-32002888,JASKUS010000001.1,4731,54744915,1.0,2407.6597,3946.0102,1.0,0.0,0.3476,nan,3703,0.066,0.3283,0.1693,0,0,0.2093,0.0008,0.2093,0.0008,0.4299,0.6921,1.441
None-gene-32017183,JASKUS010000001.1,4731,54744915,1.0,2407.6597,3946.0102,1.0,0.0,0.3476,nan,2775,0.0492,0.0931,0.1698,0,0,0.2336,0.0002,0.2336,0.0002,0.4364,0.7042,1.6284
None-gene-32020091,JASKUS010000001.1,4731,54744915,1.0,2407.6597,3946.0102,1.0,0.0,0.3476,nan,483,0.0076,-0.4877,0.1698,0,0,0.0742,0.2522,0.0742,0.2522,0.4369,0.705,1.6417
None-gene-32045687,JASKUS010000001.1,4731,54744915,1.0,2407.6597,3946.0102,1.0,0.0,0.3476,nan,2597,0.0459,0.048,0.1708,0,0,0.1776,0.0044,0.1776,0.0044,0.4332,0.6982,1.5357
None-gene-32055681,JASKUS010000001.1,4731,54744915,1.0,2407.6597,3946.0102,1.0,0.0,0.3476,nan,717,0.0118,-0.4284,0.1711,0,0,0.0772,0.2184,0.0772,0.2184,0.417,0.6681,1.0672
None-gene-32056882,JASKUS010000001.1,4731,54744915,1.0,2407.6597,3946.0102,1.0,0.0,0.3476,nan,390,0.0059,-0.5113,0.1712,0,0,-0.062,0.323,-0.062,0.323,0.4282,0.6889,1.3913
None-gene-32069905,JASKUS010000001.1,4731,54744915,1.0,2407.6597,3946.0102,1.0,0.0,0.3476,nan,102,0.0007,-0.5843,0.1716,0,0,-0.1103,0.1867,-0.1103,0.1867,0.3529,0.5487,-0.7881
None-gene-32070594,JASKUS010000001.1,4731,54744915,1.0,2407.6597,3946.0102,1.0,0.0,0.3476,nan,1151,0.0197,-0.3185,0.1717,0,0,0.0037,0.9525,0.0037,0.9525,0.4214,0.6762,1.1934
None-gene-32074887,JASKUS010000001.1,4731,54744915,1.0,2407.6597,3946.0102,1.0,0.0,0.3476,nan,6004,0.1078,0.9114,0.172,0,0,0.3245,0.0,0.3245,0.0,0.3714,0.5831,-0.253
None-gene-32084045,JASKUS010000001.1,4731,54744915,1.0,2407.6597,3946.0102,1.0,0.0,0.3476,nan,237,0.0031,-0.5501,0.1721,0,0,0.0294,0.6492,0.0294,0.6492,0.4346,0.7008,1.5764
None-gene-32084829,JASKUS010000001.1,4731,54744915,1.0,2407.6597,3946.0102,1.0,0.0,0.3476,nan,1638,0.0285,-0.195,0.1722,0,0,0.1965,0.0016,0.1965,0.0016,0.3993,0.635,0.5533
None-gene-32089094,JASKUS010000001.1,4731,54744915,1.0,2407.6597,3946.0102,1.0,0.0,0.3476,nan,2302,0.0406,-0.0268,0.1724,0,0,0.2628,0.0,0.2628,0.0,0.4053,0.6462,0.728
None-gene-32091750,JASKUS010000001.1,4731,54744915,1.0,2407.6597,3946.0102,1.0,0.0,0.3476,nan,3915,0.0699,0.382,0.1726,0,0,0.2338,0.0002,0.2338,0.0002,0.413,0.6606,0.9518
None-gene-32093274,JASKUS010000001.1,4731,54744915,1.0,2407.6597,3946.0102,1.0,0.0,0.3476,nan,354,0.0052,-0.5204,0.1725,0,0,0.0885,0.19,0.0885,0.19,0.387,0.6122,0.1983
None-gene-32093675,JASKUS010000001.1,4731,54744915,1.0,2407.6597,3946.0102,1.0,0.0,0.3476,nan,198,0.0024,-0.56,0.1725,0,0,-0.0473,0.4856,-0.0473,0.4856,0.4091,0.6533,0.8378
None-gene-32102014,JASKUS010000001.1,4731,54744915,1.0,2407.6597,3946.0102,1.0,0.0,0.3476,nan,1364,0.0236,-0.2645,0.1728,0,0,0.1951,0.0017,0.1951,0.0017,0.3563,0.555,-0.6907
None-gene-32108486,JASKUS010000001.1,4731,54744915,1.0,2407.6597,3946.0102,1.0,0.0,0.3476,nan,543,0.0087,-0.4725,0.173,0,0,0.0996,0.1118,0.0996,0.1118,0.4107,0.6563,0.8838
None-gene-32112278,JASKUS010000001.1,4731,54744915,1.0,2407.6597,3946.0102,1.0,0.0,0.3476,nan,334,0.0049,-0.5255,0.1732,0,0,0.1651,0.0102,0.1651,0.0102,0.4701,0.7669,2.6032
None-gene-32113176,JASKUS010000001.1,4731,54744915,1.0,2407.6597,3946.0102,1.0,0.0,0.3476,nan,408,0.0062,-0.5068,0.1732,0,0,0.1183,0.0629,0.1183,0.0629,0.4314,0.6948,1.483
None-gene-32143551,JASKUS010000001.1,4731,54744915,1.0,2407.6597,3946.0102,1.0,0.0,0.3476,nan,419,0.0064,-0.504,0.1743,0,0,0.0944,0.145,0.0944,0.145,0.3962,0.6293,0.464
None-gene-32151844,JASKUS010000001.1,4731,54744915,1.0,2407.6597,3946.0102,1.0,0.0,0.3476,nan,513,0.0081,-0.4801,0.1746,0,0,0.1338,0.0324,0.1338,0.0324,0.425,0.6828,1.297
None-gene-32165592,JASKUS010000001.1,4731,54744915,1.0,2407.6597,3946.0102,1.0,0.0,0.3476,nan,795,0.0132,-0.4087,0.1751,0,0,0.0704,0.2616,0.0704,0.2616,0.483,0.791,2.9784
None-gene-32165630,JASKUS010000001.1,4731,54744915,1.0,2407.6597,3946.0102,1.0,0.0,0.3476,nan,204,0.0025,-0.5585,0.1751,0,0,-0.2002,0.0043,-0.2002,0.0043,0.5196,0.8591,4.0379
None-gene-32179133,JASKUS010000001.1,4731,54744915,1.0,2407.6597,3946.0102,1.0,0.0,0.3476,nan,519,0.0082,-0.4786,0.1756,0,0,0.1734,0.0054,0.1734,0.0054,0.4008,0.6378,0.5969
None-gene-32182589,JASKUS010000001.1,4731,54744915,1.0,2407.6597,3946.0102,1.0,0.0,0.3476,nan,1675,0.0292,-0.1857,0.1758,0,0,0.0509,0.4171,0.0509,0.4171,0.4352,0.702,1.5945
None-gene-32187911,JASKUS010000001.1,4731,54744915,1.0,2407.6597,3946.0102,1.0,0.0,0.3476,nan,1118,0.0191,-0.3268,0.176,0,0,0.1666,0.0075,0.1666,0.0075,0.424,0.681,1.2687
None-gene-32192388,JASKUS010000001.1,4731,54744915,1.0,2407.6597,3946.0102,1.0,0.0,0.3476,nan,8061,0.1451,1.4327,0.1764,0,0,0.3985,0.0,0.3985,0.0,0.3968,0.6305,0.4833
None-gene-32204235,JASKUS010000001.1,4731,54744915,1.0,2407.6597,3946.0102,1.0,0.0,0.3476,nan,1960,0.0344,-0.1134,0.1766,0,0,0.1361,0.0294,0.1361,0.0294,0.4531,0.7352,2.111
None-gene-32211879,JASKUS010000001.1,4731,54744915,1.0,2407.6597,3946.0102,1.0,0.0,0.3476,nan,504,0.0079,-0.4824,0.1768,0,0,0.15,0.0179,0.15,0.0179,0.4306,0.6933,1.4593
None-gene-32215052,JASKUS010000001.1,4731,54744915,1.0,2407.6597,3946.0102,1.0,0.0,0.3476,nan,7097,0.1276,1.1884,0.1772,0,0,0.354,0.0,0.354,0.0,0.4009,0.638,0.5999
None-gene-32220566,JASKUS010000001.1,4731,54744915,1.0,2407.6597,3946.0102,1.0,0.0,0.3476,nan,216,0.0027,-0.5554,0.1771,0,0,-0.0125,0.8513,-0.0125,0.8513,0.463,0.7536,2.3977
None-gene-32227049,JASKUS010000001.1,4731,54744915,1.0,2407.6597,3946.0102,1.0,0.0,0.3476,nan,10521,0.1897,2.0561,0.1777,0,0,0.3796,0.0,0.3796,0.0,0.3892,0.6163,0.2625
None-gene-32252331,JASKUS010000001.1,4731,54744915,1.0,2407.6597,3946.0102,1.0,0.0,0.3476,nan,2223,0.0391,-0.0468,0.1784,0,0,0.0988,0.1148,0.0988,0.1148,0.4431,0.7166,1.8224
None-gene-32269795,JASKUS010000001.1,4731,54744915,1.0,2407.6597,3946.0102,1.0,0.0,0.3476,nan,2960,0.0525,0.14,0.179,0,0,0.1269,0.0425,0.1269,0.0425,0.3902,0.6181,0.2909
None-gene-32277977,JASKUS010000001.1,4731,54744915,1.0,2407.6597,3946.0102,1.0,0.0,0.3476,nan,12917,0.2332,2.6633,0.1797,0,0,0.4089,0.0,0.4089,0.0,0.3862,0.6106,0.1737
None-gene-32278371,JASKUS010000001.1,4731,54744915,1.0,2407.6597,3946.0102,1.0,0.0,0.3476,nan,138,0.0013,-0.5752,0.1792,0,0,0.0264,0.7337,0.0264,0.7337,0.3768,0.5932,-0.0969
None-gene-32278524,JASKUS010000001.1,4731,54744915,1.0,2407.6597,3946.0102,1.0,0.0,0.3476,nan,126,0.0011,-0.5782,0.1792,0,0,0.1037,0.158,0.1037,0.158,0.4444,0.7191,1.8615
None-gene-32285272,JASKUS010000001.1,4731,54744915,1.0,2407.6597,3946.0102,1.0,0.0,0.3476,nan,4944,0.0885,0.6428,0.1797,0,0,0.2507,0.0,0.2507,0.0,0.3772,0.5939,-0.0849
None-gene-32291428,JASKUS010000001.1,4731,54744915,1.0,2407.6597,3946.0102,1.0,0.0,0.3476,nan,1282,0.0221,-0.2853,0.1798,0,0,0.1161,0.0637,0.1161,0.0637,0.4555,0.7398,2.1827
None-gene-32295460,JASKUS010000001.1,4731,54744915,1.0,2407.6597,3946.0102,1.0,0.0,0.3476,nan,10121,0.1825,1.9547,0.1802,0,0,0.3622,0.0,0.3622,0.0,0.3697,0.58,-0.302
None-gene-32295902,JASKUS010000001.1,4731,54744915,1.0,2407.6597,3946.0102,1.0,0.0,0.3476,nan,678,0.0111,-0.4383,0.1799,0,0,0.17,0.0073,0.17,0.0073,0.4513,0.732,2.0608
None-gene-32318797,JASKUS010000001.1,4731,54744915,1.0,2407.6597,3946.0102,1.0,0.0,0.3476,nan,402,0.0061,-0.5083,0.1807,0,0,-0.0134,0.8329,-0.0134,0.8329,0.3881,0.6141,0.2288
None-gene-32329082,JASKUS010000001.1,4731,54744915,1.0,2407.6597,3946.0102,1.0,0.0,0.3476,nan,267,0.0036,-0.5425,0.1811,0,0,0.191,0.0045,0.191,0.0045,0.4457,0.7215,1.8976
None-gene-32336079,JASKUS010000001.1,4731,54744915,1.0,2407.6597,3946.0102,1.0,0.0,0.3476,nan,546,0.0087,-0.4718,0.1814,0,0,0.1795,0.0051,0.1795,0.0051,0.4066,0.6486,0.7655
None-gene-32337165,JASKUS010000001.1,4731,54744915,1.0,2407.6597,3946.0102,1.0,0.0,0.3476,nan,11917,0.2151,2.4099,0.1818,0,0,0.3278,0.0,0.3278,0.0,0.3592,0.5604,-0.6058
None-gene-32337500,JASKUS010000001.1,4731,54744915,1.0,2407.6597,3946.0102,1.0,0.0,0.3476,nan,129,0.0011,-0.5775,0.1814,0,0,-0.1218,0.1168,-0.1218,0.1168,0.4419,0.7143,1.7867
None-gene-32359292,JASKUS010000001.1,4731,54744915,1.0,2407.6597,3946.0102,1.0,0.0,0.3476,nan,1884,0.033,-0.1327,0.1823,0,0,0.088,0.1604,0.088,0.1604,0.3556,0.5537,-0.7103
None-gene-32376003,JASKUS010000001.1,4731,54744915,1.0,2407.6597,3946.0102,1.0,0.0,0.3476,nan,3775,0.0673,0.3465,0.1829,0,0,0.2492,0.0001,0.2492,0.0001,0.3576,0.5574,-0.6527
None-gene-32383498,JASKUS010000001.1,4731,54744915,1.0,2407.6597,3946.0102,1.0,0.0,0.3476,nan,7751,0.1395,1.3541,0.1834,0,0,0.1559,0.0125,0.1559,0.0125,0.398,0.6327,0.517
None-gene-32390518,JASKUS010000001.1,4731,54744915,1.0,2407.6597,3946.0102,1.0,0.0,0.3476,nan,237,0.0031,-0.5501,0.1833,0,0,-0.028,0.6651,-0.028,0.6651,0.4641,0.7558,2.4316
None-gene-32399788,JASKUS010000001.1,4731,54744915,1.0,2407.6597,3946.0102,1.0,0.0,0.3476,nan,1602,0.0279,-0.2042,0.1837,0,0,0.0577,0.3575,0.0577,0.3575,0.4476,0.725,1.9519
None-gene-32426042,JASKUS010000001.1,4731,54744915,1.0,2407.6597,3946.0102,1.0,0.0,0.3476,nan,5295,0.0949,0.7317,0.1848,0,0,0.1722,0.0057,0.1722,0.0057,0.3732,0.5864,-0.202
None-gene-32465624,JASKUS010000001.1,4731,54744915,1.0,2407.6597,3946.0102,1.0,0.0,0.3476,nan,445,0.0069,-0.4974,0.1861,0,0,-0.0908,0.1539,-0.0908,0.1539,0.373,0.5861,-0.2063
None-gene-32477258,JASKUS010000001.1,4731,54744915,1.0,2407.6597,3946.0102,1.0,0.0,0.3476,nan,515,0.0081,-0.4796,0.1865,0,0,0.1296,0.0411,0.1296,0.0411,0.3592,0.5604,-0.6062
None-gene-32491361,JASKUS010000001.1,4731,54744915,1.0,2407.6597,3946.0102,1.0,0.0,0.3476,nan,138,0.0013,-0.5752,0.187,0,0,0.0754,0.2812,0.0754,0.2812,0.4783,0.7821,2.8407
None-gene-32503818,JASKUS010000001.1,4731,54744915,1.0,2407.6597,3946.0102,1.0,0.0,0.3476,nan,162,0.0017,-0.5691,0.1875,0,0,0.094,0.2285,0.094,0.2285,0.3827,0.6042,0.0741
None-gene-32531296,JASKUS010000001.1,4731,54744915,1.0,2407.6597,3946.0102,1.0,0.0,0.3476,nan,99,0.0006,-0.5851,0.1885,0,0,0.0018,0.9838,0.0018,0.9838,0.3737,0.5874,-0.1859
None-gene-32546668,JASKUS010000001.1,4731,54744915,1.0,2407.6597,3946.0102,1.0,0.0,0.3476,nan,1812,0.0317,-0.151,0.1891,0,0,0.1711,0.0061,0.1711,0.0061,0.3979,0.6325,0.5138
None-gene-32549014,JASKUS010000001.1,4731,54744915,1.0,2407.6597,3946.0102,1.0,0.0,0.3476,nan,246,0.0033,-0.5478,0.1891,0,0,-0.1259,0.051,-0.1259,0.051,0.3984,0.6333,0.5275
None-gene-32556499,JASKUS010000001.1,4731,54744915,1.0,2407.6597,3946.0102,1.0,0.0,0.3476,nan,617,0.01,-0.4538,0.1894,0,0,0.0437,0.4864,0.0437,0.4864,0.4084,0.6521,0.8186
None-gene-32557123,JASKUS010000001.1,4731,54744915,1.0,2407.6597,3946.0102,1.0,0.0,0.3476,nan,684,0.0112,-0.4368,0.1894,0,0,0.017,0.7866,0.017,0.7866,0.386,0.6102,0.1682
None-gene-32570868,JASKUS010000001.1,4731,54744915,1.0,2407.6597,3946.0102,1.0,0.0,0.3476,nan,428,0.0066,-0.5017,0.1899,0,0,0.0756,0.2278,0.0756,0.2278,0.4486,0.7269,1.9818
None-gene-32637729,JASKUS010000001.1,4731,54744915,1.0,2407.6597,3946.0102,1.0,0.0,0.3476,nan,132,0.0012,-0.5767,0.1924,0,0,0.0953,0.1945,0.0953,0.1945,0.3939,0.6251,0.3991
None-gene-32640319,JASKUS010000001.1,4731,54744915,1.0,2407.6597,3946.0102,1.0,0.0,0.3476,nan,222,0.0028,-0.5539,0.1925,0,0,0.1317,0.0442,0.1317,0.0442,0.4505,0.7303,2.0354
None-gene-32642407,JASKUS010000001.1,4731,54744915,1.0,2407.6597,3946.0102,1.0,0.0,0.3476,nan,204,0.0025,-0.5585,0.1925,0,0,-0.133,0.0568,-0.133,0.0568,0.3775,0.5944,-0.0784
None-gene-32642628,JASKUS010000001.1,4731,54744915,1.0,2407.6597,3946.0102,1.0,0.0,0.3476,nan,4814,0.0862,0.6098,0.1927,0,0,0.2089,0.0008,0.2089,0.0008,0.4385,0.7081,1.6897
None-gene-32661468,JASKUS010000001.1,4731,54744915,1.0,2407.6597,3946.0102,1.0,0.0,0.3476,nan,10555,0.1904,2.0647,0.1936,0,0,0.4718,0.0,0.4718,0.0,0.3579,0.558,-0.6435
None-gene-32676289,JASKUS010000001.1,4731,54744915,1.0,2407.6597,3946.0102,1.0,0.0,0.3476,nan,5293,0.0949,0.7312,0.194,0,0,0.2336,0.0002,0.2336,0.0002,0.4045,0.6447,0.7048
None-gene-32685057,JASKUS010000001.1,4731,54744915,1.0,2407.6597,3946.0102,1.0,0.0,0.3476,nan,673,0.011,-0.4396,0.1941,0,0,0.0627,0.3174,0.0627,0.3174,0.4175,0.669,1.0823
None-gene-32685800,JASKUS010000001.1,4731,54744915,1.0,2407.6597,3946.0102,1.0,0.0,0.3476,nan,748,0.0124,-0.4206,0.1941,0,0,0.1335,0.0328,0.1335,0.0328,0.4091,0.6533,0.8378
None-gene-32690633,JASKUS010000001.1,4731,54744915,1.0,2407.6597,3946.0102,1.0,0.0,0.3476,nan,1482,0.0257,-0.2346,0.1943,0,0,0.0884,0.1587,0.0884,0.1587,0.446,0.7221,1.9071
None-gene-32693977,JASKUS010000001.1,4731,54744915,1.0,2407.6597,3946.0102,1.0,0.0,0.3476,nan,6177,0.1109,0.9552,0.1946,0,0,0.3795,0.0,0.3795,0.0,0.3994,0.6352,0.5567
None-gene-32706023,JASKUS010000001.1,4731,54744915,1.0,2407.6597,3946.0102,1.0,0.0,0.3476,nan,1055,0.0179,-0.3428,0.1949,0,0,-0.0028,0.9642,-0.0028,0.9642,0.4076,0.6505,0.7941
None-gene-32717009,JASKUS010000001.1,4731,54744915,1.0,2407.6597,3946.0102,1.0,0.0,0.3476,nan,414,0.0063,-0.5052,0.1953,0,0,0.1254,0.0633,0.1254,0.0633,0.3841,0.6067,0.1129
None-gene-32719352,JASKUS010000001.1,4731,54744915,1.0,2407.6597,3946.0102,1.0,0.0,0.3476,nan,1348,0.0233,-0.2685,0.1954,0,0,0.1502,0.0161,0.1502,0.0161,0.4154,0.6651,1.0214
None-gene-32723108,JASKUS010000001.1,4731,54744915,1.0,2407.6597,3946.0102,1.0,0.0,0.3476,nan,1586,0.0276,-0.2082,0.1955,0,0,0.1853,0.0029,0.1853,0.0029,0.3644,0.5701,-0.4551
None-gene-32728590,JASKUS010000001.1,4731,54744915,1.0,2407.6597,3946.0102,1.0,0.0,0.3476,nan,2382,0.042,-0.0065,0.1958,0,0,0.1946,0.0018,0.1946,0.0018,0.3988,0.6342,0.5405
None-gene-32732797,JASKUS010000001.1,4731,54744915,1.0,2407.6597,3946.0102,1.0,0.0,0.3476,nan,780,0.013,-0.4125,0.1959,0,0,0.0968,0.1224,0.0968,0.1224,0.4115,0.6579,0.9087
None-gene-32734158,JASKUS010000001.1,4731,54744915,1.0,2407.6597,3946.0102,1.0,0.0,0.3476,nan,1374,0.0237,-0.262,0.1959,0,0,0.0878,0.1611,0.0878,0.1611,0.436,0.7033,1.6156
None-gene-32741483,JASKUS010000001.1,4731,54744915,1.0,2407.6597,3946.0102,1.0,0.0,0.3476,nan,3271,0.0582,0.2188,0.1963,0,0,0.1375,0.0279,0.1375,0.0279,0.3781,0.5956,-0.0592
None-gene-32747283,JASKUS010000001.1,4731,54744915,1.0,2407.6597,3946.0102,1.0,0.0,0.3476,nan,1179,0.0202,-0.3114,0.1964,0,0,0.0751,0.231,0.0751,0.231,0.3995,0.6354,0.5598
None-gene-32751100,JASKUS010000001.1,4731,54744915,1.0,2407.6597,3946.0102,1.0,0.0,0.3476,nan,234,0.003,-0.5508,0.1965,0,0,-0.0867,0.2142,-0.0867,0.2142,0.4487,0.7271,1.9852
None-gene-32757857,JASKUS010000001.1,4731,54744915,1.0,2407.6597,3946.0102,1.0,0.0,0.3476,nan,1194,0.0205,-0.3076,0.1968,0,0,0.1877,0.0026,0.1877,0.0026,0.4447,0.7197,1.8696
None-gene-32762551,JASKUS010000001.1,4731,54744915,1.0,2407.6597,3946.0102,1.0,0.0,0.3476,nan,225,0.0029,-0.5531,0.1969,0,0,-0.1395,0.042,-0.1395,0.042,0.3778,0.595,-0.0689
None-gene-32763484,JASKUS010000001.1,4731,54744915,1.0,2407.6597,3946.0102,1.0,0.0,0.3476,nan,2573,0.0455,0.0419,0.197,0,0,0.1845,0.003,0.1845,0.003,0.3929,0.6232,0.3697
None-gene-32778970,JASKUS010000001.1,4731,54744915,1.0,2407.6597,3946.0102,1.0,0.0,0.3476,nan,174,0.002,-0.5661,0.1975,0,0,0.0332,0.6089,0.0332,0.6089,0.4655,0.7584,2.4717
None-gene-32789894,JASKUS010000001.1,4731,54744915,1.0,2407.6597,3946.0102,1.0,0.0,0.3476,nan,11733,0.2117,2.3632,0.1983,0,0,0.313,0.0,0.313,0.0,0.3677,0.5762,-0.3613
None-gene-32817202,JASKUS010000001.1,4731,54744915,1.0,2407.6597,3946.0102,1.0,0.0,0.3476,nan,252,0.0034,-0.5463,0.1989,0,0,-0.014,0.8314,-0.014,0.8314,0.4206,0.6748,1.1721
None-gene-32822428,JASKUS010000001.1,4731,54744915,1.0,2407.6597,3946.0102,1.0,0.0,0.3476,nan,257,0.0035,-0.545,0.1991,0,0,0.0961,0.1824,0.0961,0.1824,0.4397,0.7103,1.7238
None-gene-32824444,JASKUS010000001.1,4731,54744915,1.0,2407.6597,3946.0102,1.0,0.0,0.3476,nan,213,0.0027,-0.5562,0.1992,0,0,-0.2723,0.1135,-0.2723,0.1135,0.3427,0.5297,-1.0839
None-gene-32859496,JASKUS010000001.1,4731,54744915,1.0,2407.6597,3946.0102,1.0,0.0,0.3476,nan,2533,0.0448,0.0318,0.2006,0,0,0.1262,0.0437,0.1262,0.0437,0.4528,0.7347,2.1041
None-gene-32910971,JASKUS010000001.1,4731,54744915,1.0,2407.6597,3946.0102,1.0,0.0,0.3476,nan,363,0.0054,-0.5182,0.2024,0,0,0.0652,0.2991,0.0652,0.2991,0.4325,0.6969,1.5158
None-gene-32944283,JASKUS010000001.1,4731,54744915,1.0,2407.6597,3946.0102,1.0,0.0,0.3476,nan,579,0.0093,-0.4634,0.2036,0,0,-0.0808,0.1976,-0.0808,0.1976,0.3817,0.6023,0.0445
None-gene-32966611,JASKUS010000001.1,4731,54744915,1.0,2407.6597,3946.0102,1.0,0.0,0.3476,nan,87,0.0004,-0.5881,0.2044,0,0,-0.1792,0.0542,-0.1792,0.0542,0.3678,0.5764,-0.3574
None-gene-32993710,JASKUS010000001.1,4731,54744915,1.0,2407.6597,3946.0102,1.0,0.0,0.3476,nan,264,0.0036,-0.5432,0.2054,0,0,-0.1019,0.1207,-0.1019,0.1207,0.4318,0.6956,1.4959
None-gene-32994504,JASKUS010000001.1,4731,54744915,1.0,2407.6597,3946.0102,1.0,0.0,0.3476,nan,201,0.0024,-0.5592,0.2054,0,0,-0.1599,0.0182,-0.1599,0.0182,0.3831,0.6049,0.0848
None-gene-33017973,JASKUS010000001.1,4731,54744915,1.0,2407.6597,3946.0102,1.0,0.0,0.3476,nan,4000,0.0714,0.4035,0.2064,0,0,0.1297,0.0381,0.1297,0.0381,0.3645,0.5702,-0.4534
None-gene-33032134,JASKUS010000001.1,4731,54744915,1.0,2407.6597,3946.0102,1.0,0.0,0.3476,nan,1414,0.0245,-0.2518,0.2068,0,0,0.1015,0.1052,0.1015,0.1052,0.3996,0.6356,0.5623
None-gene-33051478,JASKUS010000001.1,4731,54744915,1.0,2407.6597,3946.0102,1.0,0.0,0.3476,nan,141,0.0014,-0.5744,0.2075,0,0,-0.2102,0.003,-0.2102,0.003,0.4255,0.6839,1.3139
None-gene-33064209,JASKUS010000001.1,4731,54744915,1.0,2407.6597,3946.0102,1.0,0.0,0.3476,nan,177,0.002,-0.5653,0.2079,0,0,0.1234,0.0942,0.1234,0.0942,0.3785,0.5964,-0.0471
None-gene-33083921,JASKUS010000001.1,4731,54744915,1.0,2407.6597,3946.0102,1.0,0.0,0.3476,nan,210,0.0026,-0.5569,0.2087,0,0,0.2955,0.0,0.2955,0.0,0.4476,0.7251,1.9534
None-gene-33161030,JASKUS010000001.1,4731,54744915,1.0,2407.6597,3946.0102,1.0,0.0,0.3476,nan,258,0.0035,-0.5448,0.2115,0,0,0.0364,0.5742,0.0364,0.5742,0.3992,0.6349,0.5521
None-gene-33162209,JASKUS010000001.1,4731,54744915,1.0,2407.6597,3946.0102,1.0,0.0,0.3476,nan,300,0.0042,-0.5341,0.2115,0,0,-0.0651,0.3357,-0.0651,0.3357,0.3833,0.6053,0.092
None-gene-33164516,JASKUS010000001.1,4731,54744915,1.0,2407.6597,3946.0102,1.0,0.0,0.3476,nan,9964,0.1796,1.9149,0.212,0,0,0.4422,0.0,0.4422,0.0,0.3927,0.6228,0.3636
None-gene-33187389,JASKUS010000001.1,4731,54744915,1.0,2407.6597,3946.0102,1.0,0.0,0.3476,nan,120,0.001,-0.5797,0.2124,0,0,0.1605,0.0371,0.1605,0.0371,0.3833,0.6053,0.092
None-gene-33203492,JASKUS010000001.1,4731,54744915,1.0,2407.6597,3946.0102,1.0,0.0,0.3476,nan,974,0.0165,-0.3633,0.2131,0,0,-0.0081,0.8969,-0.0081,0.8969,0.4199,0.6735,1.1513
None-gene-33206810,JASKUS010000001.1,4731,54744915,1.0,2407.6597,3946.0102,1.0,0.0,0.3476,nan,2184,0.0384,-0.0567,0.2132,0,0,0.1481,0.0178,0.1481,0.0178,0.3933,0.6239,0.381
None-gene-33212443,JASKUS010000001.1,4731,54744915,1.0,2407.6597,3946.0102,1.0,0.0,0.3476,nan,4463,0.0798,0.5209,0.2135,0,0,0.2702,0.0,0.2702,0.0,0.4114,0.6576,0.9041
None-gene-33217226,JASKUS010000001.1,4731,54744915,1.0,2407.6597,3946.0102,1.0,0.0,0.3476,nan,727,0.012,-0.4259,0.2136,0,0,0.0876,0.1625,0.0876,0.1625,0.403,0.642,0.6622
None-gene-33223695,JASKUS010000001.1,4731,54744915,1.0,2407.6597,3946.0102,1.0,0.0,0.3476,nan,7996,0.1439,1.4162,0.2141,0,0,0.1718,0.0059,0.1718,0.0059,0.3778,0.595,-0.0679
None-gene-33225704,JASKUS010000001.1,4731,54744915,1.0,2407.6597,3946.0102,1.0,0.0,0.3476,nan,5982,0.1074,0.9058,0.2141,0,0,0.1105,0.0775,0.1105,0.0775,0.3628,0.567,-0.5039
None-gene-33234625,JASKUS010000001.1,4731,54744915,1.0,2407.6597,3946.0102,1.0,0.0,0.3476,nan,1150,0.0197,-0.3187,0.2142,0,0,0.138,0.0272,0.138,0.0272,0.4009,0.638,0.5997
None-gene-33250059,JASKUS010000001.1,4731,54744915,1.0,2407.6597,3946.0102,1.0,0.0,0.3476,nan,1153,0.0197,-0.318,0.2148,0,0,0.2247,0.0003,0.2247,0.0003,0.438,0.7071,1.6745
None-gene-33267216,JASKUS010000001.1,4731,54744915,1.0,2407.6597,3946.0102,1.0,0.0,0.3476,nan,7471,0.1344,1.2832,0.2156,0,0,0.2628,0.0,0.2628,0.0,0.3752,0.5901,-0.144
None-gene-33286535,JASKUS010000001.1,4731,54744915,1.0,2407.6597,3946.0102,1.0,0.0,0.3476,nan,3826,0.0682,0.3594,0.2162,0,0,0.2408,0.0001,0.2408,0.0001,0.3939,0.625,0.3975
None-gene-33286860,JASKUS010000001.1,4731,54744915,1.0,2407.6597,3946.0102,1.0,0.0,0.3476,nan,233,0.003,-0.5511,0.2161,0,0,0.0759,0.2414,0.0759,0.2414,0.4421,0.7147,1.7924
None-gene-33289280,JASKUS010000001.1,4731,54744915,1.0,2407.6597,3946.0102,1.0,0.0,0.3476,nan,258,0.0035,-0.5448,0.2162,0,0,-0.0495,0.4528,-0.0495,0.4528,0.4651,0.7576,2.46
None-gene-33293121,JASKUS010000001.1,4731,54744915,1.0,2407.6597,3946.0102,1.0,0.0,0.3476,nan,510,0.0081,-0.4809,0.2163,0,0,0.0082,0.8956,0.0082,0.8956,0.4765,0.7788,2.7888
None-gene-33294067,JASKUS010000001.1,4731,54744915,1.0,2407.6597,3946.0102,1.0,0.0,0.3476,nan,4784,0.0856,0.6022,0.2165,0,0,0.3029,0.0,0.3029,0.0,0.4197,0.6731,1.1459
None-gene-33302563,JASKUS010000001.1,4731,54744915,1.0,2407.6597,3946.0102,1.0,0.0,0.3476,nan,877,0.0147,-0.3879,0.2167,0,0,0.1092,0.0812,0.1092,0.0812,0.4208,0.675,1.1755
None-gene-33307743,JASKUS010000001.1,4731,54744915,1.0,2407.6597,3946.0102,1.0,0.0,0.3476,nan,126,0.0011,-0.5782,0.2168,0,0,0.0829,0.2738,0.0829,0.2738,0.4524,0.7339,2.0913
None-gene-33315424,JASKUS010000001.1,4731,54744915,1.0,2407.6597,3946.0102,1.0,0.0,0.3476,nan,402,0.0061,-0.5083,0.2171,0,0,0.1632,0.0099,0.1632,0.0099,0.3831,0.6049,0.0848
None-gene-33319262,JASKUS010000001.1,4731,54744915,1.0,2407.6597,3946.0102,1.0,0.0,0.3476,nan,5729,0.1028,0.8417,0.2175,0,0,0.1913,0.0021,0.1913,0.0021,0.3732,0.5864,-0.2018
None-gene-33327623,JASKUS010000001.1,4731,54744915,1.0,2407.6597,3946.0102,1.0,0.0,0.3476,nan,384,0.0058,-0.5128,0.2176,0,0,0.1457,0.0217,0.1457,0.0217,0.4141,0.6626,0.9817
None-gene-33328925,JASKUS010000001.1,4731,54744915,1.0,2407.6597,3946.0102,1.0,0.0,0.3476,nan,2964,0.0526,0.141,0.2177,0,0,0.2537,0.0,0.2537,0.0,0.4001,0.6366,0.5785
None-gene-33407981,JASKUS010000001.1,4731,54744915,1.0,2407.6597,3946.0102,1.0,0.0,0.3476,nan,741,0.0122,-0.4224,0.2205,0,0,0.104,0.0968,0.104,0.0968,0.3603,0.5625,-0.5743
None-gene-33417419,JASKUS010000001.1,4731,54744915,1.0,2407.6597,3946.0102,1.0,0.0,0.3476,nan,1020,0.0173,-0.3517,0.2209,0,0,-0.0226,0.7195,-0.0226,0.7195,0.4029,0.6418,0.6597
None-gene-33456351,JASKUS010000001.1,4731,54744915,1.0,2407.6597,3946.0102,1.0,0.0,0.3476,nan,8736,0.1573,1.6037,0.2226,0,0,0.3414,0.0,0.3414,0.0,0.3642,0.5698,-0.4609
None-gene-33501277,JASKUS010000001.1,4731,54744915,1.0,2407.6597,3946.0102,1.0,0.0,0.3476,nan,343,0.005,-0.5232,0.2239,0,0,0.0466,0.4711,0.0466,0.4711,0.3848,0.6081,0.1356
None-gene-33516897,JASKUS010000001.1,4731,54744915,1.0,2407.6597,3946.0102,1.0,0.0,0.3476,nan,425,0.0065,-0.5024,0.2245,0,0,0.0327,0.6245,0.0327,0.6245,0.4659,0.7591,2.4822
None-gene-33528449,JASKUS010000001.1,4731,54744915,1.0,2407.6597,3946.0102,1.0,0.0,0.3476,nan,693,0.0114,-0.4345,0.2249,0,0,0.0625,0.3269,0.0625,0.3269,0.4372,0.7057,1.6526
None-gene-33573948,JASKUS010000001.1,4731,54744915,1.0,2407.6597,3946.0102,1.0,0.0,0.3476,nan,201,0.0024,-0.5592,0.2266,0,0,0.09,0.1837,0.09,0.1837,0.4229,0.679,1.2372
None-gene-33589219,JASKUS010000001.1,4731,54744915,1.0,2407.6597,3946.0102,1.0,0.0,0.3476,nan,999,0.0169,-0.357,0.2272,0,0,0.1135,0.0699,0.1135,0.0699,0.3824,0.6036,0.0644
None-gene-33596890,JASKUS010000001.1,4731,54744915,1.0,2407.6597,3946.0102,1.0,0.0,0.3476,nan,661,0.0108,-0.4426,0.2274,0,0,0.0375,0.5508,0.0375,0.5508,0.4266,0.686,1.3455
None-gene-33613168,JASKUS010000001.1,4731,54744915,1.0,2407.6597,3946.0102,1.0,0.0,0.3476,nan,126,0.0011,-0.5782,0.228,0,0,-0.0576,0.4546,-0.0576,0.4546,0.4365,0.7044,1.6317
None-gene-33613863,JASKUS010000001.1,4731,54744915,1.0,2407.6597,3946.0102,1.0,0.0,0.3476,nan,150,0.0015,-0.5721,0.228,0,0,-0.1817,0.0271,-0.1817,0.0271,0.3467,0.537,-0.9697
None-gene-33629995,JASKUS010000001.1,4731,54744915,1.0,2407.6597,3946.0102,1.0,0.0,0.3476,nan,827,0.0138,-0.4006,0.2286,0,0,0.0561,0.3715,0.0561,0.3715,0.4498,0.7292,2.0171
None-gene-33648831,JASKUS010000001.1,4731,54744915,1.0,2407.6597,3946.0102,1.0,0.0,0.3476,nan,210,0.0026,-0.5569,0.2293,0,0,-0.1591,0.0196,-0.1591,0.0196,0.3952,0.6275,0.4367
None-gene-33701301,JASKUS010000001.1,4731,54744915,1.0,2407.6597,3946.0102,1.0,0.0,0.3476,nan,457,0.0071,-0.4943,0.2312,0,0,-0.1566,0.0149,-0.1566,0.0149,0.4376,0.7065,1.6644
None-gene-33744513,JASKUS010000001.1,4731,54744915,1.0,2407.6597,3946.0102,1.0,0.0,0.3476,nan,1915,0.0336,-0.1249,0.2329,0,0,0.0809,0.197,0.0809,0.197,0.3969,0.6305,0.4838
None-gene-33821813,JASKUS010000001.1,4731,54744915,1.0,2407.6597,3946.0102,1.0,0.0,0.3476,nan,234,0.003,-0.5508,0.2356,0,0,0.0393,0.5685,0.0393,0.5685,0.3846,0.6077,0.1291
None-gene-33822051,JASKUS010000001.1,4731,54744915,1.0,2407.6597,3946.0102,1.0,0.0,0.3476,nan,336,0.0049,-0.525,0.2356,0,0,-0.0,0.9997,-0.0,0.9997,0.3929,0.6231,0.3677
None-gene-33871248,JASKUS010000001.1,4731,54744915,1.0,2407.6597,3946.0102,1.0,0.0,0.3476,nan,489,0.0077,-0.4862,0.2374,0,0,0.0565,0.3755,0.0565,0.3755,0.4397,0.7103,1.7233
None-gene-33888479,JASKUS010000001.1,4731,54744915,1.0,2407.6597,3946.0102,1.0,0.0,0.3476,nan,336,0.0049,-0.525,0.2381,0,0,0.1307,0.0463,0.1307,0.0463,0.3423,0.5288,-1.0973
None-gene-33893075,JASKUS010000001.1,4731,54744915,1.0,2407.6597,3946.0102,1.0,0.0,0.3476,nan,1668,0.0291,-0.1874,0.2383,0,0,0.0787,0.2098,0.0787,0.2098,0.3597,0.5613,-0.592
None-gene-33922448,JASKUS010000001.1,4731,54744915,1.0,2407.6597,3946.0102,1.0,0.0,0.3476,nan,1263,0.0217,-0.2901,0.2393,0,0,0.0916,0.1439,0.0916,0.1439,0.4323,0.6965,1.5099
None-gene-33957039,JASKUS010000001.1,4731,54744915,1.0,2407.6597,3946.0102,1.0,0.0,0.3476,nan,702,0.0115,-0.4322,0.2406,0,0,-0.0332,0.5965,-0.0332,0.5965,0.4359,0.7032,1.614
None-gene-33970559,JASKUS010000001.1,4731,54744915,1.0,2407.6597,3946.0102,1.0,0.0,0.3476,nan,1949,0.0342,-0.1162,0.2411,0,0,0.1496,0.0166,0.1496,0.0166,0.3951,0.6272,0.4319
None-gene-33991510,JASKUS010000001.1,4731,54744915,1.0,2407.6597,3946.0102,1.0,0.0,0.3476,nan,3736,0.0666,0.3366,0.242,0,0,0.0906,0.1481,0.0906,0.1481,0.4015,0.6392,0.618
None-gene-34043455,JASKUS010000001.1,4731,54744915,1.0,2407.6597,3946.0102,1.0,0.0,0.3476,nan,5755,0.1032,0.8483,0.2439,0,0,0.2321,0.0002,0.2321,0.0002,0.3604,0.5626,-0.5724
None-gene-34050662,JASKUS010000001.1,4731,54744915,1.0,2407.6597,3946.0102,1.0,0.0,0.3476,nan,264,0.0036,-0.5432,0.244,0,0,0.0828,0.2001,0.0828,0.2001,0.4811,0.7873,2.9217
None-gene-34055128,JASKUS010000001.1,4731,54744915,1.0,2407.6597,3946.0102,1.0,0.0,0.3476,nan,159,0.0017,-0.5699,0.2441,0,0,0.0639,0.4074,0.0639,0.4074,0.3459,0.5356,-0.9916
None-gene-34069672,JASKUS010000001.1,4731,54744915,1.0,2407.6597,3946.0102,1.0,0.0,0.3476,nan,3407,0.0606,0.2533,0.2448,0,0,0.2261,0.0003,0.2261,0.0003,0.3378,0.5206,-1.2255
None-gene-34080827,JASKUS010000001.1,4731,54744915,1.0,2407.6597,3946.0102,1.0,0.0,0.3476,nan,1402,0.0242,-0.2549,0.2451,0,0,0.2494,0.0001,0.2494,0.0001,0.4401,0.711,1.7353
None-gene-34093506,JASKUS010000001.1,4731,54744915,1.0,2407.6597,3946.0102,1.0,0.0,0.3476,nan,6967,0.1252,1.1554,0.2458,0,0,0.256,0.0,0.256,0.0,0.3613,0.5643,-0.5462
None-gene-34104426,JASKUS010000001.1,4731,54744915,1.0,2407.6597,3946.0102,1.0,0.0,0.3476,nan,2394,0.0422,-0.0035,0.246,0,0,0.1684,0.0069,0.1684,0.0069,0.4173,0.6686,1.0753
None-gene-34110736,JASKUS010000001.1,4731,54744915,1.0,2407.6597,3946.0102,1.0,0.0,0.3476,nan,2635,0.0466,0.0576,0.2463,0,0,0.0239,0.7036,0.0239,0.7036,0.4076,0.6505,0.7943
None-gene-34118324,JASKUS010000001.1,4731,54744915,1.0,2407.6597,3946.0102,1.0,0.0,0.3476,nan,3323,0.0591,0.232,0.2466,0,0,0.2717,0.0,0.2717,0.0,0.4538,0.7366,2.1326
None-gene-34123818,JASKUS010000001.1,4731,54744915,1.0,2407.6597,3946.0102,1.0,0.0,0.3476,nan,1390,0.024,-0.2579,0.2467,0,0,0.1302,0.0373,0.1302,0.0373,0.4273,0.6873,1.3662
None-gene-34129402,JASKUS010000001.1,4731,54744915,1.0,2407.6597,3946.0102,1.0,0.0,0.3476,nan,3181,0.0565,0.196,0.247,0,0,0.2792,0.0,0.2792,0.0,0.4099,0.6549,0.8622
None-gene-34137114,JASKUS010000001.1,4731,54744915,1.0,2407.6597,3946.0102,1.0,0.0,0.3476,nan,11193,0.2019,2.2264,0.2475,0,0,0.3339,0.0,0.3339,0.0,0.376,0.5917,-0.1193
None-gene-34151232,JASKUS010000001.1,4731,54744915,1.0,2407.6597,3946.0102,1.0,0.0,0.3476,nan,781,0.013,-0.4122,0.2477,0,0,0.0296,0.6369,0.0296,0.6369,0.3956,0.6283,0.4485
None-gene-34159529,JASKUS010000001.1,4731,54744915,1.0,2407.6597,3946.0102,1.0,0.0,0.3476,nan,5508,0.0988,0.7857,0.2482,0,0,0.2993,0.0,0.2993,0.0,0.4267,0.686,1.3463
None-gene-34174042,JASKUS010000001.1,4731,54744915,1.0,2407.6597,3946.0102,1.0,0.0,0.3476,nan,2066,0.0363,-0.0866,0.2486,0,0,0.0802,0.2007,0.0802,0.2007,0.4468,0.7234,1.9284
None-gene-34178811,JASKUS010000001.1,4731,54744915,1.0,2407.6597,3946.0102,1.0,0.0,0.3476,nan,8495,0.153,1.5427,0.249,0,0,0.5082,0.0,0.5082,0.0,0.3879,0.6138,0.2235
None-gene-34182039,JASKUS010000001.1,4731,54744915,1.0,2407.6597,3946.0102,1.0,0.0,0.3476,nan,1664,0.029,-0.1885,0.2488,0,0,0.2861,0.0,0.2861,0.0,0.4177,0.6693,1.0862
None-gene-34189819,JASKUS010000001.1,4731,54744915,1.0,2407.6597,3946.0102,1.0,0.0,0.3476,nan,404,0.0061,-0.5078,0.2491,0,0,0.1406,0.0291,0.1406,0.0291,0.401,0.6382,0.6032
None-gene-34196767,JASKUS010000001.1,4731,54744915,1.0,2407.6597,3946.0102,1.0,0.0,0.3476,nan,492,0.0077,-0.4855,0.2493,0,0,0.1978,0.0017,0.1978,0.0017,0.4146,0.6636,0.9983
None-gene-34197611,JASKUS010000001.1,4731,54744915,1.0,2407.6597,3946.0102,1.0,0.0,0.3476,nan,708,0.0117,-0.4307,0.2494,0,0,0.1709,0.0061,0.1709,0.0061,0.3884,0.6148,0.2392
None-gene-34205887,JASKUS010000001.1,4731,54744915,1.0,2407.6597,3946.0102,1.0,0.0,0.3476,nan,5108,0.0915,0.6843,0.2498,0,0,0.1734,0.0054,0.1734,0.0054,0.3915,0.6206,0.3297
None-gene-34231159,JASKUS010000001.1,4731,54744915,1.0,2407.6597,3946.0102,1.0,0.0,0.3476,nan,382,0.0057,-0.5133,0.2506,0,0,-0.0371,0.5607,-0.0371,0.5607,0.3874,0.613,0.2107
None-gene-34233224,JASKUS010000001.1,4731,54744915,1.0,2407.6597,3946.0102,1.0,0.0,0.3476,nan,5326,0.0955,0.7396,0.2508,0,0,0.3006,0.0,0.3006,0.0,0.4333,0.6985,1.5401
None-gene-34243771,JASKUS010000001.1,4731,54744915,1.0,2407.6597,3946.0102,1.0,0.0,0.3476,nan,2945,0.0522,0.1362,0.2511,0,0,0.3369,0.0,0.3369,0.0,0.4153,0.6648,1.017
None-gene-34249362,JASKUS010000001.1,4731,54744915,1.0,2407.6597,3946.0102,1.0,0.0,0.3476,nan,7080,0.1273,1.1841,0.2515,0,0,0.2193,0.0004,0.2193,0.0004,0.3694,0.5793,-0.3129
None-gene-34282646,JASKUS010000001.1,4731,54744915,1.0,2407.6597,3946.0102,1.0,0.0,0.3476,nan,354,0.0052,-0.5204,0.2525,0,0,0.0529,0.3994,0.0529,0.3994,0.4661,0.7595,2.4886
None-gene-34285425,JASKUS010000001.1,4731,54744915,1.0,2407.6597,3946.0102,1.0,0.0,0.3476,nan,8047,0.1448,1.4291,0.2528,0,0,0.1187,0.0579,0.1187,0.0579,0.3478,0.5392,-0.936
None-gene-34297772,JASKUS010000001.1,4731,54744915,1.0,2407.6597,3946.0102,1.0,0.0,0.3476,nan,3980,0.071,0.3985,0.2531,0,0,0.3177,0.0,0.3177,0.0,0.4015,0.6392,0.6182
None-gene-34300051,JASKUS010000001.1,4731,54744915,1.0,2407.6597,3946.0102,1.0,0.0,0.3476,nan,1581,0.0275,-0.2095,0.2531,0,0,0.1942,0.0018,0.1942,0.0018,0.4137,0.6618,0.9702
None-gene-34308592,JASKUS010000001.1,4731,54744915,1.0,2407.6597,3946.0102,1.0,0.0,0.3476,nan,1680,0.0293,-0.1844,0.2535,0,0,0.1699,0.0064,0.1699,0.0064,0.4327,0.6973,1.5225
None-gene-34317702,JASKUS010000001.1,4731,54744915,1.0,2407.6597,3946.0102,1.0,0.0,0.3476,nan,8397,0.1512,1.5178,0.254,0,0,0.2527,0.0,0.2527,0.0,0.3824,0.6036,0.0649
None-gene-34328115,JASKUS010000001.1,4731,54744915,1.0,2407.6597,3946.0102,1.0,0.0,0.3476,nan,286,0.004,-0.5377,0.2541,0,0,-0.0414,0.5213,-0.0414,0.5213,0.4021,0.6403,0.6353
None-gene-34328846,JASKUS010000001.1,4731,54744915,1.0,2407.6597,3946.0102,1.0,0.0,0.3476,nan,870,0.0146,-0.3897,0.2542,0,0,0.0406,0.5178,0.0406,0.5178,0.431,0.6942,1.4732
None-gene-34332834,JASKUS010000001.1,4731,54744915,1.0,2407.6597,3946.0102,1.0,0.0,0.3476,nan,1150,0.0197,-0.3187,0.2543,0,0,0.2405,0.0001,0.2405,0.0001,0.4157,0.6655,1.0278
None-gene-34334010,JASKUS010000001.1,4731,54744915,1.0,2407.6597,3946.0102,1.0,0.0,0.3476,nan,225,0.0029,-0.5531,0.2543,0,0,0.0551,0.4162,0.0551,0.4162,0.4356,0.7026,1.6041
None-gene-34335397,JASKUS010000001.1,4731,54744915,1.0,2407.6597,3946.0102,1.0,0.0,0.3476,nan,1517,0.0263,-0.2257,0.2544,0,0,0.0328,0.6012,0.0328,0.6012,0.4759,0.7778,2.7734
None-gene-34336023,JASKUS010000001.1,4731,54744915,1.0,2407.6597,3946.0102,1.0,0.0,0.3476,nan,891,0.015,-0.3844,0.2544,0,0,-0.0209,0.7395,-0.0209,0.7395,0.4613,0.7505,2.349
None-gene-34338458,JASKUS010000001.1,4731,54744915,1.0,2407.6597,3946.0102,1.0,0.0,0.3476,nan,1543,0.0268,-0.2191,0.2545,0,0,0.1834,0.0032,0.1834,0.0032,0.4141,0.6627,0.9837
None-gene-34344065,JASKUS010000001.1,4731,54744915,1.0,2407.6597,3946.0102,1.0,0.0,0.3476,nan,3521,0.0627,0.2821,0.2548,0,0,0.0923,0.141,0.0923,0.141,0.4308,0.6938,1.4677
None-gene-34345788,JASKUS010000001.1,4731,54744915,1.0,2407.6597,3946.0102,1.0,0.0,0.3476,nan,162,0.0017,-0.5691,0.2548,0,0,0.0354,0.6219,0.0354,0.6219,0.4259,0.6847,1.3253
None-gene-34366066,JASKUS010000001.1,4731,54744915,1.0,2407.6597,3946.0102,1.0,0.0,0.3476,nan,225,0.0029,-0.5531,0.2555,0,0,-0.0739,0.2686,-0.0739,0.2686,0.3867,0.6115,0.1885
None-gene-34380216,JASKUS010000001.1,4731,54744915,1.0,2407.6597,3946.0102,1.0,0.0,0.3476,nan,588,0.0095,-0.4611,0.256,0,0,0.0173,0.7862,0.0173,0.7862,0.4609,0.7498,2.3375
None-gene-34419115,JASKUS010000001.1,4731,54744915,1.0,2407.6597,3946.0102,1.0,0.0,0.3476,nan,1765,0.0308,-0.1629,0.2575,0,0,0.0899,0.1516,0.0899,0.1516,0.3688,0.5783,-0.3277
None-gene-34425038,JASKUS010000001.1,4731,54744915,1.0,2407.6597,3946.0102,1.0,0.0,0.3476,nan,821,0.0137,-0.4021,0.2577,0,0,0.0308,0.6241,0.0308,0.6241,0.3618,0.5651,-0.5329
None-gene-34429470,JASKUS010000001.1,4731,54744915,1.0,2407.6597,3946.0102,1.0,0.0,0.3476,nan,1487,0.0258,-0.2333,0.2579,0,0,0.1492,0.0169,0.1492,0.0169,0.4156,0.6654,1.0263
None-gene-34431966,JASKUS010000001.1,4731,54744915,1.0,2407.6597,3946.0102,1.0,0.0,0.3476,nan,213,0.0027,-0.5562,0.2579,0,0,-0.0476,0.4744,-0.0476,0.4744,0.4319,0.6958,1.499
None-gene-34433445,JASKUS010000001.1,4731,54744915,1.0,2407.6597,3946.0102,1.0,0.0,0.3476,nan,727,0.012,-0.4259,0.258,0,0,0.2743,0.0,0.2743,0.0,0.4017,0.6394,0.6224
None-gene-34433497,JASKUS010000001.1,4731,54744915,1.0,2407.6597,3946.0102,1.0,0.0,0.3476,nan,168,0.0019,-0.5676,0.258,0,0,0.041,0.5909,0.041,0.5909,0.4226,0.6785,1.2295
None-gene-34437072,JASKUS010000001.1,4731,54744915,1.0,2407.6597,3946.0102,1.0,0.0,0.3476,nan,1921,0.0337,-0.1233,0.2582,0,0,0.0461,0.463,0.0461,0.463,0.4321,0.6961,1.5031
None-gene-34440019,JASKUS010000001.1,4731,54744915,1.0,2407.6597,3946.0102,1.0,0.0,0.3476,nan,3841,0.0685,0.3632,0.2583,0,0,0.2917,0.0,0.2917,0.0,0.3877,0.6134,0.2172
None-gene-34440222,JASKUS010000001.1,4731,54744915,1.0,2407.6597,3946.0102,1.0,0.0,0.3476,nan,825,0.0138,-0.4011,0.2582,0,0,0.0479,0.4457,0.0479,0.4457,0.3891,0.616,0.2587
None-gene-34446962,JASKUS010000001.1,4731,54744915,1.0,2407.6597,3946.0102,1.0,0.0,0.3476,nan,2804,0.0497,0.1004,0.2586,0,0,0.3488,0.0,0.3488,0.0,0.4069,0.6492,0.7749
None-gene-34450047,JASKUS010000001.1,4731,54744915,1.0,2407.6597,3946.0102,1.0,0.0,0.3476,nan,399,0.006,-0.509,0.2586,0,0,-0.1517,0.0168,-0.1517,0.0168,0.4612,0.7503,2.3453
None-gene-34450057,JASKUS010000001.1,4731,54744915,1.0,2407.6597,3946.0102,1.0,0.0,0.3476,nan,165,0.0018,-0.5683,0.2586,0,0,-0.04,0.5551,-0.04,0.5551,0.4788,0.7831,2.8559
None-gene-34454044,JASKUS010000001.1,4731,54744915,1.0,2407.6597,3946.0102,1.0,0.0,0.3476,nan,1661,0.0289,-0.1892,0.2588,0,0,0.1226,0.0501,0.1226,0.0501,0.4353,0.7021,1.5961
None-gene-34457163,JASKUS010000001.1,4731,54744915,1.0,2407.6597,3946.0102,1.0,0.0,0.3476,nan,611,0.0099,-0.4553,0.2588,0,0,0.135,0.0309,0.135,0.0309,0.4173,0.6687,1.0769
None-gene-34457175,JASKUS010000001.1,4731,54744915,1.0,2407.6597,3946.0102,1.0,0.0,0.3476,nan,252,0.0034,-0.5463,0.2588,0,0,0.1454,0.0239,0.1454,0.0239,0.4722,0.7709,2.6658
None-gene-34464750,JASKUS010000001.1,4731,54744915,1.0,2407.6597,3946.0102,1.0,0.0,0.3476,nan,198,0.0024,-0.56,0.2591,0,0,-0.1469,0.0355,-0.1469,0.0355,0.4545,0.738,2.154
None-gene-34475993,JASKUS010000001.1,4731,54744915,1.0,2407.6597,3946.0102,1.0,0.0,0.3476,nan,4758,0.0851,0.5956,0.2597,0,0,0.2688,0.0,0.2688,0.0,0.3762,0.5921,-0.1143
None-gene-34488051,JASKUS010000001.1,4731,54744915,1.0,2407.6597,3946.0102,1.0,0.0,0.3476,nan,1304,0.0225,-0.2797,0.26,0,0,0.2135,0.0006,0.2135,0.0006,0.4011,0.6384,0.6056
None-gene-34489513,JASKUS010000001.1,4731,54744915,1.0,2407.6597,3946.0102,1.0,0.0,0.3476,nan,1811,0.0317,-0.1512,0.2601,0,0,0.1739,0.0053,0.1739,0.0053,0.3893,0.6164,0.2644
None-gene-34496359,JASKUS010000001.1,4731,54744915,1.0,2407.6597,3946.0102,1.0,0.0,0.3476,nan,3250,0.0578,0.2135,0.2604,0,0,0.1147,0.067,0.1147,0.067,0.3942,0.6255,0.4053
None-gene-34503253,JASKUS010000001.1,4731,54744915,1.0,2407.6597,3946.0102,1.0,0.0,0.3476,nan,8859,0.1596,1.6349,0.2608,0,0,0.2502,0.0001,0.2502,0.0001,0.3708,0.582,-0.2707
None-gene-34549738,JASKUS010000001.1,4731,54744915,1.0,2407.6597,3946.0102,1.0,0.0,0.3476,nan,216,0.0027,-0.5554,0.2622,0,0,-0.0541,0.466,-0.0541,0.466,0.4352,0.7019,1.5934
None-gene-34565017,JASKUS010000001.1,4731,54744915,1.0,2407.6597,3946.0102,1.0,0.0,0.3476,nan,300,0.0042,-0.5341,0.2628,0,0,0.1026,0.1014,0.1026,0.1014,0.47,0.7667,2.6015
None-gene-34573487,JASKUS010000001.1,4731,54744915,1.0,2407.6597,3946.0102,1.0,0.0,0.3476,nan,267,0.0036,-0.5425,0.2631,0,0,-0.012,0.8565,-0.012,0.8565,0.4869,0.7982,3.0906
None-gene-34586268,JASKUS010000001.1,4731,54744915,1.0,2407.6597,3946.0102,1.0,0.0,0.3476,nan,646,0.0105,-0.4464,0.2636,0,0,0.1524,0.0161,0.1524,0.0161,0.435,0.7015,1.5876
None-gene-34593633,JASKUS010000001.1,4731,54744915,1.0,2407.6597,3946.0102,1.0,0.0,0.3476,nan,971,0.0164,-0.3641,0.2638,0,0,0.166,0.0078,0.166,0.0078,0.4016,0.6394,0.6223
None-gene-34601046,JASKUS010000001.1,4731,54744915,1.0,2407.6597,3946.0102,1.0,0.0,0.3476,nan,561,0.009,-0.468,0.2641,0,0,0.005,0.937,0.005,0.937,0.4278,0.6882,1.3797
None-gene-34614893,JASKUS010000001.1,4731,54744915,1.0,2407.6597,3946.0102,1.0,0.0,0.3476,nan,2849,0.0505,0.1118,0.2647,0,0,0.3115,0.0,0.3115,0.0,0.3714,0.583,-0.2548
None-gene-34627963,JASKUS010000001.1,4731,54744915,1.0,2407.6597,3946.0102,1.0,0.0,0.3476,nan,6428,0.1155,1.0188,0.2653,0,0,0.1528,0.0144,0.1528,0.0144,0.3517,0.5465,-0.8228
None-gene-34650041,JASKUS010000001.1,4731,54744915,1.0,2407.6597,3946.0102,1.0,0.0,0.3476,nan,1172,0.0201,-0.3131,0.2659,0,0,0.0724,0.2482,0.0724,0.2482,0.4036,0.643,0.6783
None-gene-34662659,JASKUS010000001.1,4731,54744915,1.0,2407.6597,3946.0102,1.0,0.0,0.3476,nan,102,0.0007,-0.5843,0.2663,0,0,-0.0777,0.2983,-0.0777,0.2983,0.4216,0.6765,1.1991
None-gene-34738464,JASKUS010000001.1,4731,54744915,1.0,2407.6597,3946.0102,1.0,0.0,0.3476,nan,87,0.0004,-0.5881,0.2691,0,0,0.2081,0.0209,0.2081,0.0209,0.4138,0.6621,0.9739
None-gene-34743115,JASKUS010000001.1,4731,54744915,1.0,2407.6597,3946.0102,1.0,0.0,0.3476,nan,2041,0.0358,-0.0929,0.2693,0,0,0.0283,0.6527,0.0283,0.6527,0.3724,0.5849,-0.2256
None-gene-34747289,JASKUS010000001.1,4731,54744915,1.0,2407.6597,3946.0102,1.0,0.0,0.3476,nan,964,0.0163,-0.3659,0.2695,0,0,-0.0357,0.5692,-0.0357,0.5692,0.4388,0.7086,1.6979
None-gene-34748502,JASKUS010000001.1,4731,54744915,1.0,2407.6597,3946.0102,1.0,0.0,0.3476,nan,1428,0.0247,-0.2483,0.2695,0,0,0.2969,0.0,0.2969,0.0,0.4489,0.7274,1.9899
None-gene-34760139,JASKUS010000001.1,4731,54744915,1.0,2407.6597,3946.0102,1.0,0.0,0.3476,nan,1776,0.031,-0.1601,0.27,0,0,0.0788,0.2155,0.0788,0.2155,0.4296,0.6915,1.4321
None-gene-34763754,JASKUS010000001.1,4731,54744915,1.0,2407.6597,3946.0102,1.0,0.0,0.3476,nan,162,0.0017,-0.5691,0.27,0,0,-0.0417,0.5649,-0.0417,0.5649,0.4753,0.7766,2.7552
None-gene-34764183,JASKUS010000001.1,4731,54744915,1.0,2407.6597,3946.0102,1.0,0.0,0.3476,nan,1836,0.0321,-0.1449,0.2701,0,0,0.0935,0.1356,0.0935,0.1356,0.4123,0.6593,0.931
None-gene-34774509,JASKUS010000001.1,4731,54744915,1.0,2407.6597,3946.0102,1.0,0.0,0.3476,nan,7489,0.1347,1.2877,0.2707,0,0,0.1871,0.0027,0.1871,0.0027,0.3864,0.6111,0.1817
None-gene-34801520,JASKUS010000001.1,4731,54744915,1.0,2407.6597,3946.0102,1.0,0.0,0.3476,nan,1740,0.0304,-0.1692,0.2715,0,0,0.1297,0.0382,0.1297,0.0382,0.4057,0.6471,0.741
None-gene-34804244,JASKUS010000001.1,4731,54744915,1.0,2407.6597,3946.0102,1.0,0.0,0.3476,nan,1203,0.0206,-0.3053,0.2715,0,0,0.1005,0.1088,0.1005,0.1088,0.3973,0.6314,0.4975
None-gene-34806368,JASKUS010000001.1,4731,54744915,1.0,2407.6597,3946.0102,1.0,0.0,0.3476,nan,1384,0.0239,-0.2594,0.2716,0,0,0.0584,0.3518,0.0584,0.3518,0.4277,0.688,1.378
None-gene-34809294,JASKUS010000001.1,4731,54744915,1.0,2407.6597,3946.0102,1.0,0.0,0.3476,nan,1894,0.0332,-0.1302,0.2718,0,0,0.0929,0.1381,0.0929,0.1381,0.4013,0.6387,0.6112
None-gene-34818991,JASKUS010000001.1,4731,54744915,1.0,2407.6597,3946.0102,1.0,0.0,0.3476,nan,1139,0.0195,-0.3215,0.2721,0,0,-0.0246,0.6958,-0.0246,0.6958,0.3995,0.6354,0.5593
None-gene-34823001,JASKUS010000001.1,4731,54744915,1.0,2407.6597,3946.0102,1.0,0.0,0.3476,nan,2452,0.0433,0.0112,0.2723,0,0,0.2631,0.0,0.2631,0.0,0.3785,0.5963,-0.049
None-gene-34842870,JASKUS010000001.1,4731,54744915,1.0,2407.6597,3946.0102,1.0,0.0,0.3476,nan,22727,0.4112,5.1493,0.2737,0,0,0.2879,0.0,0.2879,0.0,0.302,0.4538,-2.2638
None-gene-34887442,JASKUS010000001.1,4731,54744915,1.0,2407.6597,3946.0102,1.0,0.0,0.3476,nan,12353,0.223,2.5204,0.275,0,0,0.1933,0.0019,0.1933,0.0019,0.3219,0.4908,-1.6879
None-gene-34899469,JASKUS010000001.1,4731,54744915,1.0,2407.6597,3946.0102,1.0,0.0,0.3476,nan,267,0.0036,-0.5425,0.275,0,0,-0.058,0.3697,-0.058,0.3697,0.4682,0.7633,2.5483
None-gene-34909574,JASKUS010000001.1,4731,54744915,1.0,2407.6597,3946.0102,1.0,0.0,0.3476,nan,10453,0.1885,2.0389,0.2757,0,0,0.3251,0.0,0.3251,0.0,0.3468,0.5373,-0.9662
None-gene-34924146,JASKUS010000001.1,4731,54744915,1.0,2407.6597,3946.0102,1.0,0.0,0.3476,nan,2443,0.0431,0.009,0.276,0,0,0.1222,0.0508,0.1222,0.0508,0.3946,0.6263,0.4181
None-gene-34926812,JASKUS010000001.1,4731,54744915,1.0,2407.6597,3946.0102,1.0,0.0,0.3476,nan,657,0.0107,-0.4437,0.276,0,0,0.0819,0.1914,0.0819,0.1914,0.4247,0.6823,1.2885
None-gene-34927023,JASKUS010000001.1,4731,54744915,1.0,2407.6597,3946.0102,1.0,0.0,0.3476,nan,273,0.0038,-0.541,0.276,0,0,-0.0594,0.3598,-0.0594,0.3598,0.4322,0.6964,1.5079
None-gene-34930118,JASKUS010000001.1,4731,54744915,1.0,2407.6597,3946.0102,1.0,0.0,0.3476,nan,421,0.0064,-0.5035,0.2761,0,0,-0.0039,0.9513,-0.0039,0.9513,0.3729,0.5859,-0.2095
None-gene-34935461,JASKUS010000001.1,4731,54744915,1.0,2407.6597,3946.0102,1.0,0.0,0.3476,nan,3128,0.0556,0.1825,0.2764,0,0,0.1729,0.0055,0.1729,0.0055,0.3191,0.4856,-1.7693
None-gene-34939428,JASKUS010000001.1,4731,54744915,1.0,2407.6597,3946.0102,1.0,0.0,0.3476,nan,1010,0.0171,-0.3542,0.2765,0,0,0.1335,0.0328,0.1335,0.0328,0.404,0.6437,0.6892
None-gene-34952215,JASKUS010000001.1,4731,54744915,1.0,2407.6597,3946.0102,1.0,0.0,0.3476,nan,7431,0.1337,1.273,0.2772,0,0,0.1863,0.0028,0.1863,0.0028,0.3523,0.5476,-0.8055
None-gene-34968109,JASKUS010000001.1,4731,54744915,1.0,2407.6597,3946.0102,1.0,0.0,0.3476,nan,339,0.005,-0.5242,0.2775,0,0,0.0207,0.7451,0.0207,0.7451,0.4307,0.6935,1.4629
None-gene-34972401,JASKUS010000001.1,4731,54744915,1.0,2407.6597,3946.0102,1.0,0.0,0.3476,nan,622,0.0101,-0.4525,0.2777,0,0,0.2256,0.0003,0.2256,0.0003,0.4148,0.6639,1.0028
None-gene-34985194,JASKUS010000001.1,4731,54744915,1.0,2407.6597,3946.0102,1.0,0.0,0.3476,nan,2440,0.0431,0.0082,0.2782,0,0,0.1977,0.0015,0.1977,0.0015,0.4373,0.7058,1.6545
None-gene-35048348,JASKUS010000001.1,4731,54744915,1.0,2407.6597,3946.0102,1.0,0.0,0.3476,nan,5162,0.0925,0.698,0.2806,0,0,0.2671,0.0,0.2671,0.0,0.2919,0.4351,-2.5544
None-gene-35118082,JASKUS010000001.1,4731,54744915,1.0,2407.6597,3946.0102,1.0,0.0,0.3476,nan,132,0.0012,-0.5767,0.283,0,0,0.0229,0.7647,0.0229,0.7647,0.5152,0.8508,3.9089
None-gene-35202518,JASKUS010000001.1,4731,54744915,1.0,2407.6597,3946.0102,1.0,0.0,0.3476,nan,177,0.002,-0.5653,0.2861,0,0,0.0632,0.3588,0.0632,0.3588,0.4294,0.6911,1.4252
None-gene-35282211,JASKUS010000001.1,4731,54744915,1.0,2407.6597,3946.0102,1.0,0.0,0.3476,nan,99,0.0006,-0.5851,0.289,0,0,0.0558,0.5153,0.0558,0.5153,0.4747,0.7756,2.7389
None-gene-35345241,JASKUS010000001.1,4731,54744915,1.0,2407.6597,3946.0102,1.0,0.0,0.3476,nan,1191,0.0204,-0.3083,0.2913,0,0,0.1254,0.0451,0.1254,0.0451,0.424,0.6811,1.2699
None-gene-35347063,JASKUS010000001.1,4731,54744915,1.0,2407.6597,3946.0102,1.0,0.0,0.3476,nan,294,0.0041,-0.5356,0.2913,0,0,-0.0033,0.9627,-0.0033,0.9627,0.3367,0.5185,-1.2573
None-gene-35347375,JASKUS010000001.1,4731,54744915,1.0,2407.6597,3946.0102,1.0,0.0,0.3476,nan,210,0.0026,-0.5569,0.2914,0,0,0.1108,0.1516,0.1108,0.1516,0.3714,0.5831,-0.2528
None-gene-35351052,JASKUS010000001.1,4731,54744915,1.0,2407.6597,3946.0102,1.0,0.0,0.3476,nan,791,0.0132,-0.4097,0.2915,0,0,0.0496,0.4294,0.0496,0.4294,0.426,0.6849,1.3287
None-gene-35353638,JASKUS010000001.1,4731,54744915,1.0,2407.6597,3946.0102,1.0,0.0,0.3476,nan,2971,0.0527,0.1428,0.2917,0,0,0.0778,0.2145,0.0778,0.2145,0.4329,0.6975,1.5258
None-gene-35356708,JASKUS010000001.1,4731,54744915,1.0,2407.6597,3946.0102,1.0,0.0,0.3476,nan,4579,0.0819,0.5503,0.2919,0,0,0.2649,0.0,0.2649,0.0,0.4184,0.6707,1.1083
None-gene-35362922,JASKUS010000001.1,4731,54744915,1.0,2407.6597,3946.0102,1.0,0.0,0.3476,nan,817,0.0136,-0.4031,0.2919,0,0,0.188,0.0025,0.188,0.0025,0.3868,0.6117,0.1918
None-gene-35364889,JASKUS010000001.1,4731,54744915,1.0,2407.6597,3946.0102,1.0,0.0,0.3476,nan,1685,0.0294,-0.1831,0.292,0,0,0.2083,0.0008,0.2083,0.0008,0.4386,0.7082,1.6915
None-gene-35365503,JASKUS010000001.1,4731,54744915,1.0,2407.6597,3946.0102,1.0,0.0,0.3476,nan,273,0.0038,-0.541,0.292,0,0,0.1091,0.0859,0.1091,0.0859,0.4579,0.7442,2.2504
None-gene-35368546,JASKUS010000001.1,4731,54744915,1.0,2407.6597,3946.0102,1.0,0.0,0.3476,nan,1559,0.0271,-0.2151,0.2922,0,0,0.2573,0.0,0.2573,0.0,0.39,0.6177,0.2848
None-gene-35369587,JASKUS010000001.1,4731,54744915,1.0,2407.6597,3946.0102,1.0,0.0,0.3476,nan,189,0.0022,-0.5623,0.2922,0,0,-0.1104,0.1016,-0.1104,0.1016,0.4444,0.7191,1.8615
None-gene-35390959,JASKUS010000001.1,4731,54744915,1.0,2407.6597,3946.0102,1.0,0.0,0.3476,nan,2757,0.0488,0.0885,0.293,0,0,0.2274,0.0002,0.2274,0.0002,0.338,0.521,-1.2193
None-gene-35410474,JASKUS010000001.1,4731,54744915,1.0,2407.6597,3946.0102,1.0,0.0,0.3476,nan,6762,0.1215,1.1035,0.2939,0,0,0.302,0.0,0.302,0.0,0.3882,0.6143,0.2321
None-gene-35425416,JASKUS010000001.1,4731,54744915,1.0,2407.6597,3946.0102,1.0,0.0,0.3476,nan,2711,0.048,0.0769,0.2943,0,0,0.1541,0.0136,0.1541,0.0136,0.4076,0.6505,0.7946
None-gene-35436041,JASKUS010000001.1,4731,54744915,1.0,2407.6597,3946.0102,1.0,0.0,0.3476,nan,1404,0.0243,-0.2543,0.2946,0,0,0.2103,0.0007,0.2103,0.0007,0.3889,0.6157,0.2528
None-gene-35446073,JASKUS010000001.1,4731,54744915,1.0,2407.6597,3946.0102,1.0,0.0,0.3476,nan,207,0.0026,-0.5577,0.295,0,0,0.0733,0.2724,0.0733,0.2724,0.4783,0.7821,2.8407
None-gene-35449946,JASKUS010000001.1,4731,54744915,1.0,2407.6597,3946.0102,1.0,0.0,0.3476,nan,879,0.0148,-0.3874,0.2951,0,0,-0.0068,0.9136,-0.0068,0.9136,0.4187,0.6711,1.1148
None-gene-35454911,JASKUS010000001.1,4731,54744915,1.0,2407.6597,3946.0102,1.0,0.0,0.3476,nan,1108,0.0189,-0.3294,0.2953,0,0,0.052,0.4203,0.052,0.4203,0.4116,0.6579,0.9091
None-gene-35457771,JASKUS010000001.1,4731,54744915,1.0,2407.6597,3946.0102,1.0,0.0,0.3476,nan,756,0.0125,-0.4186,0.2954,0,0,-0.0208,0.7407,-0.0208,0.7407,0.3849,0.6083,0.1379
None-gene-35464530,JASKUS010000001.1,4731,54744915,1.0,2407.6597,3946.0102,1.0,0.0,0.3476,nan,1363,0.0235,-0.2647,0.2957,0,0,0.1429,0.0222,0.1429,0.0222,0.3866,0.6115,0.1879
None-gene-35471849,JASKUS010000001.1,4731,54744915,1.0,2407.6597,3946.0102,1.0,0.0,0.3476,nan,1368,0.0236,-0.2635,0.2959,0,0,0.1591,0.0108,0.1591,0.0108,0.3772,0.5939,-0.0858
None-gene-35477048,JASKUS010000001.1,4731,54744915,1.0,2407.6597,3946.0102,1.0,0.0,0.3476,nan,9036,0.1628,1.6798,0.2964,0,0,0.2239,0.0003,0.2239,0.0003,0.3515,0.546,-0.8303
None-gene-35491265,JASKUS010000001.1,4731,54744915,1.0,2407.6597,3946.0102,1.0,0.0,0.3476,nan,4744,0.0849,0.5921,0.2968,0,0,0.2916,0.0,0.2916,0.0,0.3522,0.5474,-0.8085
None-gene-35501157,JASKUS010000001.1,4731,54744915,1.0,2407.6597,3946.0102,1.0,0.0,0.3476,nan,8612,0.1551,1.5723,0.2973,0,0,0.3363,0.0,0.3363,0.0,0.4217,0.6768,1.204
None-gene-35530098,JASKUS010000001.1,4731,54744915,1.0,2407.6597,3946.0102,1.0,0.0,0.3476,nan,4109,0.0734,0.4312,0.2982,0,0,0.1999,0.0013,0.1999,0.0013,0.3716,0.5835,-0.2471
None-gene-35534390,JASKUS010000001.1,4731,54744915,1.0,2407.6597,3946.0102,1.0,0.0,0.3476,nan,4957,0.0888,0.6461,0.2984,0,0,0.3238,0.0,0.3238,0.0,0.4081,0.6515,0.8094
None-gene-35542125,JASKUS010000001.1,4731,54744915,1.0,2407.6597,3946.0102,1.0,0.0,0.3476,nan,450,0.007,-0.4961,0.2985,0,0,0.0171,0.7859,0.0171,0.7859,0.4222,0.6778,1.218
None-gene-35550687,JASKUS010000001.1,4731,54744915,1.0,2407.6597,3946.0102,1.0,0.0,0.3476,nan,8578,0.1545,1.5637,0.2991,0,0,0.2074,0.0008,0.2074,0.0008,0.3306,0.5071,-1.4346
None-gene-35566013,JASKUS010000001.1,4731,54744915,1.0,2407.6597,3946.0102,1.0,0.0,0.3476,nan,2555,0.0452,0.0373,0.2994,0,0,0.1258,0.0443,0.1258,0.0443,0.3288,0.5037,-1.488
None-gene-35573972,JASKUS010000001.1,4731,54744915,1.0,2407.6597,3946.0102,1.0,0.0,0.3476,nan,1558,0.0271,-0.2153,0.2997,0,0,0.1051,0.0935,0.1051,0.0935,0.4236,0.6804,1.2585
None-gene-35586585,JASKUS010000001.1,4731,54744915,1.0,2407.6597,3946.0102,1.0,0.0,0.3476,nan,2543,0.045,0.0343,0.3002,0,0,0.2019,0.0012,0.2019,0.0012,0.4042,0.6443,0.6975
None-gene-35591871,JASKUS010000001.1,4731,54744915,1.0,2407.6597,3946.0102,1.0,0.0,0.3476,nan,1491,0.0259,-0.2323,0.3003,0,0,0.2148,0.0005,0.2148,0.0005,0.4024,0.6409,0.6445
None-gene-35601710,JASKUS010000001.1,4731,54744915,1.0,2407.6597,3946.0102,1.0,0.0,0.3476,nan,809,0.0135,-0.4051,0.3007,0,0,0.0745,0.2349,0.0745,0.2349,0.4265,0.6856,1.3405
None-gene-35602965,JASKUS010000001.1,4731,54744915,1.0,2407.6597,3946.0102,1.0,0.0,0.3476,nan,474,0.0074,-0.49,0.3007,0,0,0.2247,0.0004,0.2247,0.0004,0.3945,0.6261,0.4157
None-gene-35607331,JASKUS010000001.1,4731,54744915,1.0,2407.6597,3946.0102,1.0,0.0,0.3476,nan,1262,0.0217,-0.2903,0.3009,0,0,0.1334,0.0329,0.1334,0.0329,0.3819,0.6027,0.0514
None-gene-35625464,JASKUS010000001.1,4731,54744915,1.0,2407.6597,3946.0102,1.0,0.0,0.3476,nan,180,0.0021,-0.5645,0.3015,0,0,-0.1062,0.1179,-0.1062,0.1179,0.4611,0.7502,2.3441
None-gene-35631529,JASKUS010000001.1,4731,54744915,1.0,2407.6597,3946.0102,1.0,0.0,0.3476,nan,165,0.0018,-0.5683,0.3017,0,0,0.1617,0.041,0.1617,0.041,0.2788,0.4106,-2.9352
None-gene-35635421,JASKUS010000001.1,4731,54744915,1.0,2407.6597,3946.0102,1.0,0.0,0.3476,nan,3288,0.0585,0.2231,0.302,0,0,0.2098,0.0007,0.2098,0.0007,0.4082,0.6515,0.8106
None-gene-35716191,JASKUS010000001.1,4731,54744915,1.0,2407.6597,3946.0102,1.0,0.0,0.3476,nan,24189,0.4378,5.5198,0.3057,0,0,0.5676,0.0,0.5676,0.0,0.3581,0.5583,-0.6388
None-gene-35746303,JASKUS010000001.1,4731,54744915,1.0,2407.6597,3946.0102,1.0,0.0,0.3476,nan,10642,0.1919,2.0868,0.3063,0,0,0.225,0.0003,0.225,0.0003,0.3518,0.5466,-0.8207
None-gene-35749750,JASKUS010000001.1,4731,54744915,1.0,2407.6597,3946.0102,1.0,0.0,0.3476,nan,556,0.0089,-0.4692,0.3061,0,0,0.0809,0.1971,0.0809,0.1971,0.4478,0.7255,1.9599
None-gene-35767124,JASKUS010000001.1,4731,54744915,1.0,2407.6597,3946.0102,1.0,0.0,0.3476,nan,830,0.0139,-0.3998,0.3067,0,0,0.0131,0.8345,0.0131,0.8345,0.4518,0.7329,2.0747
None-gene-35778518,JASKUS010000001.1,4731,54744915,1.0,2407.6597,3946.0102,1.0,0.0,0.3476,nan,803,0.0134,-0.4067,0.3071,0,0,0.0093,0.8824,0.0093,0.8824,0.4695,0.7658,2.5867
None-gene-35779068,JASKUS010000001.1,4731,54744915,1.0,2407.6597,3946.0102,1.0,0.0,0.3476,nan,243,0.0032,-0.5486,0.3071,0,0,0.1075,0.1119,0.1075,0.1119,0.5062,0.8341,3.6489
None-gene-35780395,JASKUS010000001.1,4731,54744915,1.0,2407.6597,3946.0102,1.0,0.0,0.3476,nan,354,0.0052,-0.5204,0.3072,0,0,0.1065,0.0991,0.1065,0.0991,0.4802,0.7858,2.8976
None-gene-35780435,JASKUS010000001.1,4731,54744915,1.0,2407.6597,3946.0102,1.0,0.0,0.3476,nan,303,0.0043,-0.5334,0.3072,0,0,0.1118,0.098,0.1118,0.098,0.4884,0.8011,3.1357
None-gene-35781415,JASKUS010000001.1,4731,54744915,1.0,2407.6597,3946.0102,1.0,0.0,0.3476,nan,3810,0.0679,0.3554,0.3073,0,0,0.3875,0.0,0.3875,0.0,0.411,0.6569,0.8938
None-gene-35785613,JASKUS010000001.1,4731,54744915,1.0,2407.6597,3946.0102,1.0,0.0,0.3476,nan,5731,0.1028,0.8422,0.3076,0,0,0.3418,0.0,0.3418,0.0,0.388,0.6141,0.228
None-gene-35789223,JASKUS010000001.1,4731,54744915,1.0,2407.6597,3946.0102,1.0,0.0,0.3476,nan,99,0.0006,-0.5851,0.3075,0,0,0.1311,0.1123,0.1311,0.1123,0.4848,0.7944,3.0314
None-gene-35794034,JASKUS010000001.1,4731,54744915,1.0,2407.6597,3946.0102,1.0,0.0,0.3476,nan,1413,0.0244,-0.2521,0.3077,0,0,0.2305,0.0002,0.2305,0.0002,0.426,0.6849,1.3287
None-gene-35798506,JASKUS010000001.1,4731,54744915,1.0,2407.6597,3946.0102,1.0,0.0,0.3476,nan,8894,0.1602,1.6438,0.3082,0,0,0.3427,0.0,0.3427,0.0,0.3705,0.5814,-0.2804
None-gene-35804255,JASKUS010000001.1,4731,54744915,1.0,2407.6597,3946.0102,1.0,0.0,0.3476,nan,1805,0.0316,-0.1527,0.3081,0,0,0.2007,0.0012,0.2007,0.0012,0.385,0.6085,0.1414
None-gene-35815117,JASKUS010000001.1,4731,54744915,1.0,2407.6597,3946.0102,1.0,0.0,0.3476,nan,2449,0.0432,0.0105,0.3085,0,0,0.1381,0.0271,0.1381,0.0271,0.3773,0.5941,-0.0828
None-gene-35823722,JASKUS010000001.1,4731,54744915,1.0,2407.6597,3946.0102,1.0,0.0,0.3476,nan,8972,0.1616,1.6635,0.3091,0,0,0.4019,0.0,0.4019,0.0,0.4117,0.6582,0.9141
None-gene-35835581,JASKUS010000001.1,4731,54744915,1.0,2407.6597,3946.0102,1.0,0.0,0.3476,nan,566,0.0091,-0.4667,0.3092,0,0,0.0942,0.1385,0.0942,0.1385,0.3516,0.5462,-0.8272
None-gene-35843224,JASKUS010000001.1,4731,54744915,1.0,2407.6597,3946.0102,1.0,0.0,0.3476,nan,225,0.0029,-0.5531,0.3095,0,0,0.1433,0.0379,0.1433,0.0379,0.3378,0.5205,-1.2271
None-gene-35849069,JASKUS010000001.1,4731,54744915,1.0,2407.6597,3946.0102,1.0,0.0,0.3476,nan,204,0.0025,-0.5585,0.3097,0,0,0.1609,0.0191,0.1609,0.0191,0.3627,0.567,-0.5042
None-gene-35853660,JASKUS010000001.1,4731,54744915,1.0,2407.6597,3946.0102,1.0,0.0,0.3476,nan,4876,0.0873,0.6255,0.31,0,0,0.3456,0.0,0.3456,0.0,0.3827,0.6041,0.0734
None-gene-35869017,JASKUS010000001.1,4731,54744915,1.0,2407.6597,3946.0102,1.0,0.0,0.3476,nan,8351,0.1504,1.5062,0.3107,0,0,0.4271,0.0,0.4271,0.0,0.4274,0.6873,1.3672
None-gene-35893064,JASKUS010000001.1,4731,54744915,1.0,2407.6597,3946.0102,1.0,0.0,0.3476,nan,871,0.0146,-0.3894,0.3113,0,0,-0.0361,0.5657,-0.0361,0.5657,0.3984,0.6334,0.528
None-gene-35899238,JASKUS010000001.1,4731,54744915,1.0,2407.6597,3946.0102,1.0,0.0,0.3476,nan,685,0.0112,-0.4366,0.3115,0,0,0.1975,0.0015,0.1975,0.0015,0.3781,0.5956,-0.0595
None-gene-35901934,JASKUS010000001.1,4731,54744915,1.0,2407.6597,3946.0102,1.0,0.0,0.3476,nan,3979,0.071,0.3982,0.3118,0,0,0.296,0.0,0.296,0.0,0.3717,0.5837,-0.2448
None-gene-35901963,JASKUS010000001.1,4731,54744915,1.0,2407.6597,3946.0102,1.0,0.0,0.3476,nan,3937,0.0703,0.3876,0.3118,0,0,0.286,0.0,0.286,0.0,0.3708,0.5821,-0.2698
None-gene-35906489,JASKUS010000001.1,4731,54744915,1.0,2407.6597,3946.0102,1.0,0.0,0.3476,nan,11423,0.2061,2.2847,0.3122,0,0,0.3247,0.0,0.3247,0.0,0.3604,0.5626,-0.5717
None-gene-35917515,JASKUS010000001.1,4731,54744915,1.0,2407.6597,3946.0102,1.0,0.0,0.3476,nan,195,0.0023,-0.5607,0.3122,0,0,-0.0055,0.9334,-0.0055,0.9334,0.4564,0.7414,2.208
None-gene-35919566,JASKUS010000001.1,4731,54744915,1.0,2407.6597,3946.0102,1.0,0.0,0.3476,nan,354,0.0052,-0.5204,0.3123,0,0,0.0719,0.2582,0.0719,0.2582,0.4096,0.6543,0.8527
None-gene-35921079,JASKUS010000001.1,4731,54744915,1.0,2407.6597,3946.0102,1.0,0.0,0.3476,nan,2089,0.0367,-0.0808,0.3124,0,0,0.3362,0.0,0.3362,0.0,0.4117,0.6581,0.9128
None-gene-35930333,JASKUS010000001.1,4731,54744915,1.0,2407.6597,3946.0102,1.0,0.0,0.3476,nan,570,0.0091,-0.4657,0.3127,0,0,0.1743,0.0052,0.1743,0.0052,0.4281,0.6886,1.3874
None-gene-35969008,JASKUS010000001.1,4731,54744915,1.0,2407.6597,3946.0102,1.0,0.0,0.3476,nan,1263,0.0217,-0.2901,0.3141,0,0,0.114,0.0686,0.114,0.0686,0.3745,0.5889,-0.1637
None-gene-35976505,JASKUS010000001.1,4731,54744915,1.0,2407.6597,3946.0102,1.0,0.0,0.3476,nan,213,0.0027,-0.5562,0.3143,0,0,0.0263,0.7,0.0263,0.7,0.5023,0.827,3.5381
None-gene-35989571,JASKUS010000001.1,4731,54744915,1.0,2407.6597,3946.0102,1.0,0.0,0.3476,nan,2512,0.0444,0.0264,0.3149,0,0,0.1152,0.0658,0.1152,0.0658,0.3842,0.6069,0.1158
None-gene-35992398,JASKUS010000001.1,4731,54744915,1.0,2407.6597,3946.0102,1.0,0.0,0.3476,nan,1094,0.0187,-0.3329,0.315,0,0,0.1272,0.0421,0.1272,0.0421,0.458,0.7443,2.2526
None-gene-35993543,JASKUS010000001.1,4731,54744915,1.0,2407.6597,3946.0102,1.0,0.0,0.3476,nan,369,0.0055,-0.5166,0.315,0,0,0.1648,0.0116,0.1648,0.0116,0.4824,0.7898,2.9601
None-gene-36080158,JASKUS010000001.1,4731,54744915,1.0,2407.6597,3946.0102,1.0,0.0,0.3476,nan,7154,0.1286,1.2028,0.3184,0,0,0.4326,0.0,0.4326,0.0,0.3257,0.498,-1.5771
None-gene-36090117,JASKUS010000001.1,4731,54744915,1.0,2407.6597,3946.0102,1.0,0.0,0.3476,nan,394,0.006,-0.5103,0.3185,0,0,0.1527,0.0174,0.1527,0.0174,0.4264,0.6855,1.3389
None-gene-36109192,JASKUS010000001.1,4731,54744915,1.0,2407.6597,3946.0102,1.0,0.0,0.3476,nan,132,0.0012,-0.5767,0.3192,0,0,-0.0167,0.8242,-0.0167,0.8242,0.4394,0.7097,1.7152
None-gene-36116364,JASKUS010000001.1,4731,54744915,1.0,2407.6597,3946.0102,1.0,0.0,0.3476,nan,7450,0.134,1.2778,0.3197,0,0,0.3298,0.0,0.3298,0.0,0.3652,0.5716,-0.4321
None-gene-36126440,JASKUS010000001.1,4731,54744915,1.0,2407.6597,3946.0102,1.0,0.0,0.3476,nan,2859,0.0507,0.1144,0.3199,0,0,0.2939,0.0,0.2939,0.0,0.4404,0.7115,1.7433
None-gene-36127337,JASKUS010000001.1,4731,54744915,1.0,2407.6597,3946.0102,1.0,0.0,0.3476,nan,355,0.0052,-0.5202,0.3199,0,0,0.0356,0.5712,0.0356,0.5712,0.4535,0.736,2.1243
None-gene-36180496,JASKUS010000001.1,4731,54744915,1.0,2407.6597,3946.0102,1.0,0.0,0.3476,nan,1025,0.0174,-0.3504,0.3218,0,0,0.1097,0.0797,0.1097,0.0797,0.3932,0.6236,0.3768
None-gene-36189464,JASKUS010000001.1,4731,54744915,1.0,2407.6597,3946.0102,1.0,0.0,0.3476,nan,6028,0.1082,0.9175,0.3223,0,0,0.2473,0.0001,0.2473,0.0001,0.3321,0.5099,-1.3911
None-gene-36209374,JASKUS010000001.1,4731,54744915,1.0,2407.6597,3946.0102,1.0,0.0,0.3476,nan,219,0.0028,-0.5547,0.3228,0,0,0.1369,0.0455,0.1369,0.0455,0.3699,0.5802,-0.2981
None-gene-36211667,JASKUS010000001.1,4731,54744915,1.0,2407.6597,3946.0102,1.0,0.0,0.3476,nan,2723,0.0482,0.0799,0.323,0,0,0.3626,0.0,0.3626,0.0,0.3265,0.4994,-1.5543
None-gene-36226273,JASKUS010000001.1,4731,54744915,1.0,2407.6597,3946.0102,1.0,0.0,0.3476,nan,4800,0.0859,0.6063,0.3236,0,0,0.3117,0.0,0.3117,0.0,0.4292,0.6907,1.4191
None-gene-36241869,JASKUS010000001.1,4731,54744915,1.0,2407.6597,3946.0102,1.0,0.0,0.3476,nan,582,0.0094,-0.4627,0.324,0,0,0.1596,0.0105,0.1596,0.0105,0.4107,0.6562,0.883
None-gene-36245088,JASKUS010000001.1,4731,54744915,1.0,2407.6597,3946.0102,1.0,0.0,0.3476,nan,1320,0.0228,-0.2756,0.3242,0,0,0.1681,0.007,0.1681,0.007,0.422,0.6773,1.2107
None-gene-36247432,JASKUS010000001.1,4731,54744915,1.0,2407.6597,3946.0102,1.0,0.0,0.3476,nan,1250,0.0215,-0.2934,0.3243,0,0,0.116,0.0638,0.116,0.0638,0.4168,0.6677,1.061
None-gene-36250032,JASKUS010000001.1,4731,54744915,1.0,2407.6597,3946.0102,1.0,0.0,0.3476,nan,1712,0.0299,-0.1763,0.3244,0,0,0.1197,0.0557,0.1197,0.0557,0.3674,0.5757,-0.3692
None-gene-36250221,JASKUS010000001.1,4731,54744915,1.0,2407.6597,3946.0102,1.0,0.0,0.3476,nan,1055,0.0179,-0.3428,0.3244,0,0,0.0791,0.2146,0.0791,0.2146,0.3517,0.5463,-0.8252
None-gene-36251840,JASKUS010000001.1,4731,54744915,1.0,2407.6597,3946.0102,1.0,0.0,0.3476,nan,516,0.0082,-0.4794,0.3244,0,0,0.107,0.0877,0.107,0.0877,0.4302,0.6927,1.45
None-gene-36255446,JASKUS010000001.1,4731,54744915,1.0,2407.6597,3946.0102,1.0,0.0,0.3476,nan,4019,0.0717,0.4083,0.3247,0,0,0.3622,0.0,0.3622,0.0,0.422,0.6773,1.2115
None-gene-36282970,JASKUS010000001.1,4731,54744915,1.0,2407.6597,3946.0102,1.0,0.0,0.3476,nan,5035,0.0902,0.6658,0.3257,0,0,0.2843,0.0,0.2843,0.0,0.3835,0.6057,0.0972
None-gene-36318499,JASKUS010000001.1,4731,54744915,1.0,2407.6597,3946.0102,1.0,0.0,0.3476,nan,195,0.0023,-0.5607,0.3268,0,0,0.1558,0.025,0.1558,0.025,0.4718,0.7701,2.6534
None-gene-36320343,JASKUS010000001.1,4731,54744915,1.0,2407.6597,3946.0102,1.0,0.0,0.3476,nan,225,0.0029,-0.5531,0.3269,0,0,0.1252,0.0676,0.1252,0.0676,0.3911,0.6198,0.3172
None-gene-36325804,JASKUS010000001.1,4731,54744915,1.0,2407.6597,3946.0102,1.0,0.0,0.3476,nan,464,0.0072,-0.4926,0.3271,0,0,-0.02,0.7579,-0.02,0.7579,0.3534,0.5497,-0.7734
None-gene-36332306,JASKUS010000001.1,4731,54744915,1.0,2407.6597,3946.0102,1.0,0.0,0.3476,nan,671,0.011,-0.4401,0.3274,0,0,0.0903,0.1563,0.0903,0.1563,0.3621,0.5659,-0.5215
None-gene-36348136,JASKUS010000001.1,4731,54744915,1.0,2407.6597,3946.0102,1.0,0.0,0.3476,nan,2368,0.0418,-0.0101,0.328,0,0,0.274,0.0,0.274,0.0,0.3906,0.6189,0.3031
None-gene-36357778,JASKUS010000001.1,4731,54744915,1.0,2407.6597,3946.0102,1.0,0.0,0.3476,nan,1607,0.028,-0.2029,0.3283,0,0,0.1389,0.0263,0.1389,0.0263,0.3771,0.5937,-0.0885
None-gene-36367880,JASKUS010000001.1,4731,54744915,1.0,2407.6597,3946.0102,1.0,0.0,0.3476,nan,3908,0.0697,0.3802,0.3288,0,0,0.2261,0.0003,0.2261,0.0003,0.3539,0.5505,-0.7606
None-gene-36368903,JASKUS010000001.1,4731,54744915,1.0,2407.6597,3946.0102,1.0,0.0,0.3476,nan,147,0.0015,-0.5729,0.3287,0,0,-0.0014,0.9865,-0.0014,0.9865,0.4014,0.6389,0.614
None-gene-36374380,JASKUS010000001.1,4731,54744915,1.0,2407.6597,3946.0102,1.0,0.0,0.3476,nan,4209,0.0752,0.4565,0.329,0,0,0.2123,0.0006,0.2123,0.0006,0.3789,0.5972,-0.035
None-gene-36379619,JASKUS010000001.1,4731,54744915,1.0,2407.6597,3946.0102,1.0,0.0,0.3476,nan,2323,0.041,-0.0215,0.3291,0,0,0.1751,0.005,0.1751,0.005,0.4012,0.6386,0.6095
None-gene-36382909,JASKUS010000001.1,4731,54744915,1.0,2407.6597,3946.0102,1.0,0.0,0.3476,nan,534,0.0085,-0.4748,0.3292,0,0,-0.0529,0.4276,-0.0529,0.4276,0.3895,0.6168,0.2709
None-gene-36383852,JASKUS010000001.1,4731,54744915,1.0,2407.6597,3946.0102,1.0,0.0,0.3476,nan,957,0.0162,-0.3676,0.3292,0,0,0.1242,0.0472,0.1242,0.0472,0.3877,0.6134,0.2175
None-gene-36389930,JASKUS010000001.1,4731,54744915,1.0,2407.6597,3946.0102,1.0,0.0,0.3476,nan,1694,0.0295,-0.1809,0.3295,0,0,0.2328,0.0002,0.2328,0.0002,0.3743,0.5884,-0.1707
None-gene-36393206,JASKUS010000001.1,4731,54744915,1.0,2407.6597,3946.0102,1.0,0.0,0.3476,nan,1686,0.0294,-0.1829,0.3296,0,0,0.38,0.0,0.38,0.0,0.3434,0.531,-1.0639
None-gene-36401230,JASKUS010000001.1,4731,54744915,1.0,2407.6597,3946.0102,1.0,0.0,0.3476,nan,5498,0.0986,0.7832,0.33,0,0,0.2072,0.0009,0.2072,0.0009,0.3943,0.6258,0.4102
None-gene-36417164,JASKUS010000001.1,4731,54744915,1.0,2407.6597,3946.0102,1.0,0.0,0.3476,nan,2236,0.0394,-0.0435,0.3305,0,0,0.1196,0.0559,0.1196,0.0559,0.3448,0.5336,-1.0234
None-gene-36431407,JASKUS010000001.1,4731,54744915,1.0,2407.6597,3946.0102,1.0,0.0,0.3476,nan,1467,0.0254,-0.2384,0.331,0,0,0.2279,0.0003,0.2279,0.0003,0.349,0.5414,-0.9019
None-gene-36458660,JASKUS010000001.1,4731,54744915,1.0,2407.6597,3946.0102,1.0,0.0,0.3476,nan,315,0.0045,-0.5303,0.332,0,0,0.1,0.1373,0.1,0.1373,0.4381,0.7073,1.6776
None-gene-36538282,JASKUS010000001.1,4731,54744915,1.0,2407.6597,3946.0102,1.0,0.0,0.3476,nan,1113,0.019,-0.3281,0.3349,0,0,0.2363,0.0001,0.2363,0.0001,0.434,0.6996,1.558
None-gene-36560708,JASKUS010000001.1,4731,54744915,1.0,2407.6597,3946.0102,1.0,0.0,0.3476,nan,6294,0.113,0.9849,0.3359,0,0,0.2487,0.0001,0.2487,0.0001,0.3945,0.6261,0.4154
None-gene-36567024,JASKUS010000001.1,4731,54744915,1.0,2407.6597,3946.0102,1.0,0.0,0.3476,nan,201,0.0024,-0.5592,0.3359,0,0,-0.0218,0.7455,-0.0218,0.7455,0.4328,0.6975,1.5253
None-gene-36574704,JASKUS010000001.1,4731,54744915,1.0,2407.6597,3946.0102,1.0,0.0,0.3476,nan,129,0.0011,-0.5775,0.3362,0,0,0.094,0.2269,0.094,0.2269,0.4341,0.6999,1.5622
None-gene-36578267,JASKUS010000001.1,4731,54744915,1.0,2407.6597,3946.0102,1.0,0.0,0.3476,nan,348,0.0051,-0.522,0.3363,0,0,0.0135,0.833,0.0135,0.833,0.4224,0.6781,1.2236
None-gene-36579932,JASKUS010000001.1,4731,54744915,1.0,2407.6597,3946.0102,1.0,0.0,0.3476,nan,12681,0.2289,2.6035,0.3368,0,0,0.388,0.0,0.388,0.0,0.348,0.5395,-0.9311
None-gene-36594609,JASKUS010000001.1,4731,54744915,1.0,2407.6597,3946.0102,1.0,0.0,0.3476,nan,1630,0.0284,-0.1971,0.337,0,0,0.1548,0.0131,0.1548,0.0131,0.3933,0.6238,0.3792
None-gene-36604923,JASKUS010000001.1,4731,54744915,1.0,2407.6597,3946.0102,1.0,0.0,0.3476,nan,1016,0.0172,-0.3527,0.3373,0,0,0.0367,0.5587,0.0367,0.5587,0.5157,0.8519,3.9261
None-gene-36654297,JASKUS010000001.1,4731,54744915,1.0,2407.6597,3946.0102,1.0,0.0,0.3476,nan,850,0.0142,-0.3947,0.3391,0,0,0.2887,0.0,0.2887,0.0,0.3871,0.6123,0.1998
None-gene-36722392,JASKUS010000001.1,4731,54744915,1.0,2407.6597,3946.0102,1.0,0.0,0.3476,nan,867,0.0145,-0.3904,0.3416,0,0,0.2338,0.0002,0.2338,0.0002,0.3899,0.6175,0.2807
None-gene-36743334,JASKUS010000001.1,4731,54744915,1.0,2407.6597,3946.0102,1.0,0.0,0.3476,nan,3743,0.0667,0.3384,0.3425,0,0,0.2532,0.0,0.2532,0.0,0.3465,0.5367,-0.9742
None-gene-36751009,JASKUS010000001.1,4731,54744915,1.0,2407.6597,3946.0102,1.0,0.0,0.3476,nan,1171,0.0201,-0.3134,0.3427,0,0,0.0507,0.419,0.0507,0.419,0.4244,0.6819,1.2818
None-gene-36753631,JASKUS010000001.1,4731,54744915,1.0,2407.6597,3946.0102,1.0,0.0,0.3476,nan,1215,0.0209,-0.3022,0.3428,0,0,0.1282,0.0404,0.1282,0.0404,0.4025,0.641,0.6461
None-gene-36770964,JASKUS010000001.1,4731,54744915,1.0,2407.6597,3946.0102,1.0,0.0,0.3476,nan,1346,0.0232,-0.269,0.3434,0,0,0.1002,0.1098,0.1002,0.1098,0.4279,0.6884,1.3834
None-gene-36784038,JASKUS010000001.1,4731,54744915,1.0,2407.6597,3946.0102,1.0,0.0,0.3476,nan,985,0.0167,-0.3605,0.3439,0,0,0.0639,0.3084,0.0639,0.3084,0.3949,0.6269,0.4276
None-gene-36796536,JASKUS010000001.1,4731,54744915,1.0,2407.6597,3946.0102,1.0,0.0,0.3476,nan,495,0.0078,-0.4847,0.3443,0,0,0.0049,0.9374,0.0049,0.9374,0.4323,0.6966,1.5105
None-gene-36800199,JASKUS010000001.1,4731,54744915,1.0,2407.6597,3946.0102,1.0,0.0,0.3476,nan,11094,0.2001,2.2013,0.3448,0,0,0.4343,0.0,0.4343,0.0,0.4101,0.6552,0.8679
None-gene-36830751,JASKUS010000001.1,4731,54744915,1.0,2407.6597,3946.0102,1.0,0.0,0.3476,nan,3050,0.0542,0.1628,0.3457,0,0,0.2487,0.0001,0.2487,0.0001,0.3944,0.626,0.4132
None-gene-36842011,JASKUS010000001.1,4731,54744915,1.0,2407.6597,3946.0102,1.0,0.0,0.3476,nan,6389,0.1147,1.009,0.3462,0,0,0.37,0.0,0.37,0.0,0.4373,0.7059,1.655
None-gene-36923032,JASKUS010000001.1,4731,54744915,1.0,2407.6597,3946.0102,1.0,0.0,0.3476,nan,519,0.0082,-0.4786,0.3489,0,0,0.0769,0.2204,0.0769,0.2204,0.4605,0.749,2.3264
None-gene-36935288,JASKUS010000001.1,4731,54744915,1.0,2407.6597,3946.0102,1.0,0.0,0.3476,nan,186,0.0022,-0.563,0.3494,0,0,0.0604,0.3594,0.0604,0.3594,0.4731,0.7725,2.6918
None-gene-36943160,JASKUS010000001.1,4731,54744915,1.0,2407.6597,3946.0102,1.0,0.0,0.3476,nan,2285,0.0403,-0.0311,0.3497,0,0,0.0724,0.2484,0.0724,0.2484,0.393,0.6233,0.3718
None-gene-36980350,JASKUS010000001.1,4731,54744915,1.0,2407.6597,3946.0102,1.0,0.0,0.3476,nan,540,0.0086,-0.4733,0.351,0,0,0.0501,0.4389,0.0501,0.4389,0.4352,0.7019,1.5934
None-gene-36981338,JASKUS010000001.1,4731,54744915,1.0,2407.6597,3946.0102,1.0,0.0,0.3476,nan,712,0.0117,-0.4297,0.3511,0,0,-0.1572,0.0118,-0.1572,0.0118,0.3708,0.582,-0.2713
None-gene-36981562,JASKUS010000001.1,4731,54744915,1.0,2407.6597,3946.0102,1.0,0.0,0.3476,nan,213,0.0027,-0.5562,0.3511,0,0,-0.1328,0.0423,-0.1328,0.0423,0.4366,0.7046,1.6349
None-gene-36982163,JASKUS010000001.1,4731,54744915,1.0,2407.6597,3946.0102,1.0,0.0,0.3476,nan,303,0.0043,-0.5334,0.3511,0,0,-0.0084,0.8988,-0.0084,0.8988,0.3828,0.6044,0.0776
None-gene-36989148,JASKUS010000001.1,4731,54744915,1.0,2407.6597,3946.0102,1.0,0.0,0.3476,nan,339,0.005,-0.5242,0.3513,0,0,-0.0554,0.3925,-0.0554,0.3925,0.4484,0.7265,1.9754
None-gene-37039351,JASKUS010000001.1,4731,54744915,1.0,2407.6597,3946.0102,1.0,0.0,0.3476,nan,526,0.0083,-0.4769,0.3532,0,0,0.1575,0.0142,0.1575,0.0142,0.3612,0.5641,-0.5484
None-gene-37056291,JASKUS010000001.1,4731,54744915,1.0,2407.6597,3946.0102,1.0,0.0,0.3476,nan,2426,0.0428,0.0046,0.3539,0,0,0.3064,0.0,0.3064,0.0,0.3388,0.5224,-1.1967
None-gene-37091305,JASKUS010000001.1,4731,54744915,1.0,2407.6597,3946.0102,1.0,0.0,0.3476,nan,2465,0.0435,0.0145,0.3551,0,0,0.1443,0.0209,0.1443,0.0209,0.3822,0.6031,0.0577
None-gene-37092745,JASKUS010000001.1,4731,54744915,1.0,2407.6597,3946.0102,1.0,0.0,0.3476,nan,165,0.0018,-0.5683,0.3551,0,0,0.062,0.3691,0.062,0.3691,0.4121,0.6589,0.9255
None-gene-37129292,JASKUS010000001.1,4731,54744915,1.0,2407.6597,3946.0102,1.0,0.0,0.3476,nan,19914,0.3602,4.4365,0.3572,0,0,0.4032,0.0,0.4032,0.0,0.3351,0.5155,-1.3049
None-gene-37134442,JASKUS010000001.1,4731,54744915,1.0,2407.6597,3946.0102,1.0,0.0,0.3476,nan,1052,0.0179,-0.3436,0.3567,0,0,-0.1413,0.0238,-0.1413,0.0238,0.4059,0.6473,0.7452
None-gene-37177511,JASKUS010000001.1,4731,54744915,1.0,2407.6597,3946.0102,1.0,0.0,0.3476,nan,10133,0.1827,1.9578,0.3586,0,0,0.2741,0.0,0.2741,0.0,0.3429,0.5301,-1.0777
None-gene-37256796,JASKUS010000001.1,4731,54744915,1.0,2407.6597,3946.0102,1.0,0.0,0.3476,nan,873,0.0146,-0.3889,0.3611,0,0,0.0277,0.6596,0.0277,0.6596,0.4112,0.6573,0.8996
None-gene-37260116,JASKUS010000001.1,4731,54744915,1.0,2407.6597,3946.0102,1.0,0.0,0.3476,nan,285,0.004,-0.5379,0.3612,0,0,0.1919,0.0032,0.1919,0.0032,0.3965,0.6298,0.473
None-gene-37265928,JASKUS010000001.1,4731,54744915,1.0,2407.6597,3946.0102,1.0,0.0,0.3476,nan,408,0.0062,-0.5068,0.3615,0,0,0.0313,0.6183,0.0313,0.6183,0.4436,0.7176,1.8378
None-gene-37272438,JASKUS010000001.1,4731,54744915,1.0,2407.6597,3946.0102,1.0,0.0,0.3476,nan,1782,0.0311,-0.1586,0.3617,0,0,0.1019,0.104,0.1019,0.104,0.4388,0.7087,1.699
None-gene-37281300,JASKUS010000001.1,4731,54744915,1.0,2407.6597,3946.0102,1.0,0.0,0.3476,nan,12619,0.2278,2.5878,0.3625,0,0,0.3755,0.0,0.3755,0.0,0.3603,0.5625,-0.5741
None-gene-37307997,JASKUS010000001.1,4731,54744915,1.0,2407.6597,3946.0102,1.0,0.0,0.3476,nan,6220,0.1117,0.9661,0.3632,0,0,0.3008,0.0,0.3008,0.0,0.3619,0.5654,-0.5287
None-gene-37311977,JASKUS010000001.1,4731,54744915,1.0,2407.6597,3946.0102,1.0,0.0,0.3476,nan,123,0.001,-0.579,0.3631,0,0,0.0477,0.5664,0.0477,0.5664,0.561,0.9362,5.2357
None-gene-37319716,JASKUS010000001.1,4731,54744915,1.0,2407.6597,3946.0102,1.0,0.0,0.3476,nan,231,0.003,-0.5516,0.3634,0,0,0.069,0.294,0.069,0.294,0.4069,0.6493,0.7751
None-gene-37321114,JASKUS010000001.1,4731,54744915,1.0,2407.6597,3946.0102,1.0,0.0,0.3476,nan,2988,0.053,0.1471,0.3636,0,0,0.2842,0.0,0.2842,0.0,0.4341,0.6998,1.5611
None-gene-37323672,JASKUS010000001.1,4731,54744915,1.0,2407.6597,3946.0102,1.0,0.0,0.3476,nan,264,0.0036,-0.5432,0.3636,0,0,-0.1721,0.0098,-0.1721,0.0098,0.4697,0.7662,2.5927
None-gene-37324570,JASKUS010000001.1,4731,54744915,1.0,2407.6597,3946.0102,1.0,0.0,0.3476,nan,463,0.0072,-0.4928,0.3636,0,0,0.0115,0.8552,0.0115,0.8552,0.419,0.6718,1.1249
None-gene-37331533,JASKUS010000001.1,4731,54744915,1.0,2407.6597,3946.0102,1.0,0.0,0.3476,nan,885,0.0149,-0.3859,0.3639,0,0,0.2051,0.001,0.2051,0.001,0.4011,0.6385,0.6073
None-gene-37336382,JASKUS010000001.1,4731,54744915,1.0,2407.6597,3946.0102,1.0,0.0,0.3476,nan,2202,0.0388,-0.0521,0.3641,0,0,0.2808,0.0,0.2808,0.0,0.3919,0.6213,0.3405
None-gene-37340880,JASKUS010000001.1,4731,54744915,1.0,2407.6597,3946.0102,1.0,0.0,0.3476,nan,4444,0.0795,0.5161,0.3643,0,0,0.308,0.0,0.308,0.0,0.4296,0.6914,1.4307
None-gene-37350648,JASKUS010000001.1,4731,54744915,1.0,2407.6597,3946.0102,1.0,0.0,0.3476,nan,2398,0.0423,-0.0024,0.3646,0,0,0.151,0.0156,0.151,0.0156,0.3891,0.616,0.2582
None-gene-37358693,JASKUS010000001.1,4731,54744915,1.0,2407.6597,3946.0102,1.0,0.0,0.3476,nan,2509,0.0443,0.0257,0.3649,0,0,0.074,0.2379,0.074,0.2379,0.3743,0.5884,-0.171
None-gene-37381262,JASKUS010000001.1,4731,54744915,1.0,2407.6597,3946.0102,1.0,0.0,0.3476,nan,2045,0.0359,-0.0919,0.3657,0,0,0.1803,0.0038,0.1803,0.0038,0.3599,0.5617,-0.5865
None-gene-37396396,JASKUS010000001.1,4731,54744915,1.0,2407.6597,3946.0102,1.0,0.0,0.3476,nan,3693,0.0658,0.3257,0.3663,0,0,0.1024,0.1022,0.1024,0.1022,0.3577,0.5576,-0.6502
None-gene-37404820,JASKUS010000001.1,4731,54744915,1.0,2407.6597,3946.0102,1.0,0.0,0.3476,nan,1899,0.0333,-0.1289,0.3666,0,0,0.2227,0.0003,0.2227,0.0003,0.4313,0.6946,1.4803
None-gene-37415952,JASKUS010000001.1,4731,54744915,1.0,2407.6597,3946.0102,1.0,0.0,0.3476,nan,6623,0.119,1.0683,0.3672,0,0,0.2555,0.0,0.2555,0.0,0.3775,0.5944,-0.0777
None-gene-37428385,JASKUS010000001.1,4731,54744915,1.0,2407.6597,3946.0102,1.0,0.0,0.3476,nan,417,0.0064,-0.5045,0.3674,0,0,-0.0576,0.3745,-0.0576,0.3745,0.4484,0.7266,1.9772
None-gene-37435497,JASKUS010000001.1,4731,54744915,1.0,2407.6597,3946.0102,1.0,0.0,0.3476,nan,8054,0.145,1.4309,0.3679,0,0,0.3663,0.0,0.3663,0.0,0.374,0.5879,-0.179
None-gene-37441348,JASKUS010000001.1,4731,54744915,1.0,2407.6597,3946.0102,1.0,0.0,0.3476,nan,114,0.0009,-0.5813,0.3679,0,0,0.0195,0.8,0.0195,0.8,0.4737,0.7736,2.7081
None-gene-37452242,JASKUS010000001.1,4731,54744915,1.0,2407.6597,3946.0102,1.0,0.0,0.3476,nan,402,0.0061,-0.5083,0.3683,0,0,0.1545,0.0148,0.1545,0.0148,0.3607,0.5632,-0.5635
None-gene-37456563,JASKUS010000001.1,4731,54744915,1.0,2407.6597,3946.0102,1.0,0.0,0.3476,nan,3525,0.0628,0.2832,0.3685,0,0,0.2957,0.0,0.2957,0.0,0.3756,0.5909,-0.1319
None-gene-37461722,JASKUS010000001.1,4731,54744915,1.0,2407.6597,3946.0102,1.0,0.0,0.3476,nan,2081,0.0366,-0.0828,0.3687,0,0,0.1021,0.1031,0.1021,0.1031,0.407,0.6494,0.7777
None-gene-37468118,JASKUS010000001.1,4731,54744915,1.0,2407.6597,3946.0102,1.0,0.0,0.3476,nan,438,0.0068,-0.4992,0.3688,0,0,0.1135,0.0787,0.1135,0.0787,0.3699,0.5802,-0.2981
None-gene-37469850,JASKUS010000001.1,4731,54744915,1.0,2407.6597,3946.0102,1.0,0.0,0.3476,nan,996,0.0169,-0.3577,0.3689,0,0,0.2123,0.0006,0.2123,0.0006,0.4137,0.6618,0.9699
None-gene-37474753,JASKUS010000001.1,4731,54744915,1.0,2407.6597,3946.0102,1.0,0.0,0.3476,nan,1072,0.0183,-0.3385,0.3691,0,0,-0.0227,0.718,-0.0227,0.718,0.3843,0.6072,0.1208
None-gene-37481674,JASKUS010000001.1,4731,54744915,1.0,2407.6597,3946.0102,1.0,0.0,0.3476,nan,1233,0.0212,-0.2977,0.3694,0,0,0.2231,0.0003,0.2231,0.0003,0.3739,0.5877,-0.1816
None-gene-37483832,JASKUS010000001.1,4731,54744915,1.0,2407.6597,3946.0102,1.0,0.0,0.3476,nan,4083,0.0729,0.4246,0.3695,0,0,0.218,0.0004,0.218,0.0004,0.3683,0.5773,-0.3442
None-gene-37499471,JASKUS010000001.1,4731,54744915,1.0,2407.6597,3946.0102,1.0,0.0,0.3476,nan,4049,0.0723,0.4159,0.3701,0,0,0.2774,0.0,0.2774,0.0,0.3984,0.6333,0.5274
None-gene-37506383,JASKUS010000001.1,4731,54744915,1.0,2407.6597,3946.0102,1.0,0.0,0.3476,nan,3658,0.0652,0.3169,0.3704,0,0,0.1556,0.0127,0.1556,0.0127,0.3885,0.6149,0.2405
None-gene-37506774,JASKUS010000001.1,4731,54744915,1.0,2407.6597,3946.0102,1.0,0.0,0.3476,nan,1139,0.0195,-0.3215,0.3703,0,0,0.0527,0.4011,0.0527,0.4011,0.4276,0.6877,1.3728
None-gene-37516906,JASKUS010000001.1,4731,54744915,1.0,2407.6597,3946.0102,1.0,0.0,0.3476,nan,1454,0.0252,-0.2417,0.3707,0,0,0.1389,0.0263,0.1389,0.0263,0.3673,0.5754,-0.3734
None-gene-37518421,JASKUS010000001.1,4731,54744915,1.0,2407.6597,3946.0102,1.0,0.0,0.3476,nan,4319,0.0772,0.4844,0.3708,0,0,0.129,0.0392,0.129,0.0392,0.3496,0.5425,-0.8843
None-gene-37518452,JASKUS010000001.1,4731,54744915,1.0,2407.6597,3946.0102,1.0,0.0,0.3476,nan,213,0.0027,-0.5562,0.3707,0,0,0.1276,0.0717,0.1276,0.0717,0.4977,0.8182,3.4022
None-gene-37518928,JASKUS010000001.1,4731,54744915,1.0,2407.6597,3946.0102,1.0,0.0,0.3476,nan,177,0.002,-0.5653,0.3707,0,0,-0.1187,0.1115,-0.1187,0.1115,0.4915,0.8068,3.2247
None-gene-37552472,JASKUS010000001.1,4731,54744915,1.0,2407.6597,3946.0102,1.0,0.0,0.3476,nan,19802,0.3582,4.4081,0.3726,0,0,0.4317,0.0,0.4317,0.0,0.3525,0.5478,-0.8022
None-gene-37564686,JASKUS010000001.1,4731,54744915,1.0,2407.6597,3946.0102,1.0,0.0,0.3476,nan,2206,0.0388,-0.0511,0.3724,0,0,0.1908,0.0022,0.1908,0.0022,0.3722,0.5845,-0.2314
None-gene-37566941,JASKUS010000001.1,4731,54744915,1.0,2407.6597,3946.0102,1.0,0.0,0.3476,nan,141,0.0014,-0.5744,0.3724,0,0,-0.0422,0.5884,-0.0422,0.5884,0.3546,0.5518,-0.7397
None-gene-37572650,JASKUS010000001.1,4731,54744915,1.0,2407.6597,3946.0102,1.0,0.0,0.3476,nan,777,0.0129,-0.4132,0.3727,0,0,0.2417,0.0001,0.2417,0.0001,0.4067,0.6488,0.7683
None-gene-37572972,JASKUS010000001.1,4731,54744915,1.0,2407.6597,3946.0102,1.0,0.0,0.3476,nan,432,0.0066,-0.5007,0.3727,0,0,0.114,0.0687,0.114,0.0687,0.412,0.6588,0.9231
None-gene-37573481,JASKUS010000001.1,4731,54744915,1.0,2407.6597,3946.0102,1.0,0.0,0.3476,nan,14647,0.2646,3.1017,0.3732,0,0,0.323,0.0,0.323,0.0,0.3614,0.5645,-0.542
None-gene-37606030,JASKUS010000001.1,4731,54744915,1.0,2407.6597,3946.0102,1.0,0.0,0.3476,nan,5292,0.0948,0.731,0.3741,0,0,0.2369,0.0001,0.2369,0.0001,0.3942,0.6255,0.406
None-gene-37628916,JASKUS010000001.1,4731,54744915,1.0,2407.6597,3946.0102,1.0,0.0,0.3476,nan,156,0.0016,-0.5706,0.3747,0,0,0.1294,0.0897,0.1294,0.0897,0.4487,0.7271,1.9852
None-gene-37629182,JASKUS010000001.1,4731,54744915,1.0,2407.6597,3946.0102,1.0,0.0,0.3476,nan,162,0.0017,-0.5691,0.3747,0,0,0.1075,0.1418,0.1075,0.1418,0.4383,0.7076,1.6827
None-gene-37635260,JASKUS010000001.1,4731,54744915,1.0,2407.6597,3946.0102,1.0,0.0,0.3476,nan,348,0.0051,-0.522,0.3749,0,0,0.1038,0.1131,0.1038,0.1131,0.431,0.6942,1.4732
None-gene-37635276,JASKUS010000001.1,4731,54744915,1.0,2407.6597,3946.0102,1.0,0.0,0.3476,nan,327,0.0047,-0.5273,0.3749,0,0,0.0413,0.5414,0.0413,0.5414,0.4251,0.6831,1.3007
None-gene-37635910,JASKUS010000001.1,4731,54744915,1.0,2407.6597,3946.0102,1.0,0.0,0.3476,nan,402,0.0061,-0.5083,0.375,0,0,0.1091,0.0911,0.1091,0.0911,0.3507,0.5446,-0.8516
None-gene-37636632,JASKUS010000001.1,4731,54744915,1.0,2407.6597,3946.0102,1.0,0.0,0.3476,nan,246,0.0033,-0.5478,0.375,0,0,-0.165,0.0132,-0.165,0.0132,0.4472,0.7242,1.94
None-gene-37638023,JASKUS010000001.1,4731,54744915,1.0,2407.6597,3946.0102,1.0,0.0,0.3476,nan,631,0.0103,-0.4502,0.3751,0,0,0.1231,0.0491,0.1231,0.0491,0.3772,0.5939,-0.0862
None-gene-37657711,JASKUS010000001.1,4731,54744915,1.0,2407.6597,3946.0102,1.0,0.0,0.3476,nan,2224,0.0392,-0.0465,0.3758,0,0,0.1937,0.0019,0.1937,0.0019,0.3831,0.6049,0.085
None-gene-37660815,JASKUS010000001.1,4731,54744915,1.0,2407.6597,3946.0102,1.0,0.0,0.3476,nan,12311,0.2222,2.5097,0.3763,0,0,0.3283,0.0,0.3283,0.0,0.3693,0.5791,-0.3154
None-gene-37674710,JASKUS010000001.1,4731,54744915,1.0,2407.6597,3946.0102,1.0,0.0,0.3476,nan,870,0.0146,-0.3897,0.3764,0,0,0.0101,0.8727,0.0101,0.8727,0.3954,0.6278,0.4414
None-gene-37681088,JASKUS010000001.1,4731,54744915,1.0,2407.6597,3946.0102,1.0,0.0,0.3476,nan,13523,0.2442,2.8169,0.3771,0,0,0.524,0.0,0.524,0.0,0.3802,0.5996,0.0024
None-gene-37684626,JASKUS010000001.1,4731,54744915,1.0,2407.6597,3946.0102,1.0,0.0,0.3476,nan,2681,0.0475,0.0693,0.3768,0,0,0.2345,0.0002,0.2345,0.0002,0.3872,0.6125,0.203
None-gene-37703719,JASKUS010000001.1,4731,54744915,1.0,2407.6597,3946.0102,1.0,0.0,0.3476,nan,1779,0.0311,-0.1593,0.3775,0,0,-0.0776,0.2162,-0.0776,0.2162,0.3777,0.5949,-0.07
None-gene-37708070,JASKUS010000001.1,4731,54744915,1.0,2407.6597,3946.0102,1.0,0.0,0.3476,nan,2548,0.045,0.0356,0.3777,0,0,0.2684,0.0,0.2684,0.0,0.3799,0.5989,-0.0073
None-gene-37714455,JASKUS010000001.1,4731,54744915,1.0,2407.6597,3946.0102,1.0,0.0,0.3476,nan,1114,0.019,-0.3278,0.3779,0,0,-0.0493,0.432,-0.0493,0.432,0.4147,0.6638,1.0008
None-gene-37717683,JASKUS010000001.1,4731,54744915,1.0,2407.6597,3946.0102,1.0,0.0,0.3476,nan,1922,0.0337,-0.1231,0.378,0,0,0.1425,0.0226,0.1425,0.0226,0.4105,0.6559,0.8789
None-gene-37719262,JASKUS010000001.1,4731,54744915,1.0,2407.6597,3946.0102,1.0,0.0,0.3476,nan,318,0.0046,-0.5296,0.378,0,0,0.1958,0.0019,0.1958,0.0019,0.4245,0.682,1.2848
None-gene-37721121,JASKUS010000001.1,4731,54744915,1.0,2407.6597,3946.0102,1.0,0.0,0.3476,nan,3081,0.0547,0.1706,0.3782,0,0,0.1798,0.0039,0.1798,0.0039,0.3934,0.624,0.3828
None-gene-37723390,JASKUS010000001.1,4731,54744915,1.0,2407.6597,3946.0102,1.0,0.0,0.3476,nan,264,0.0036,-0.5432,0.3782,0,0,-0.0727,0.2688,-0.0727,0.2688,0.4394,0.7097,1.7152
None-gene-37770431,JASKUS010000001.1,4731,54744915,1.0,2407.6597,3946.0102,1.0,0.0,0.3476,nan,2365,0.0417,-0.0108,0.38,0,0,0.1225,0.0503,0.1225,0.0503,0.3277,0.5017,-1.5191
None-gene-37855778,JASKUS010000001.1,4731,54744915,1.0,2407.6597,3946.0102,1.0,0.0,0.3476,nan,612,0.0099,-0.4551,0.383,0,0,0.0356,0.5704,0.0356,0.5704,0.4804,0.7861,2.9024
None-gene-37860931,JASKUS010000001.1,4731,54744915,1.0,2407.6597,3946.0102,1.0,0.0,0.3476,nan,1791,0.0313,-0.1563,0.3832,0,0,-0.021,0.7382,-0.021,0.7382,0.4411,0.7129,1.7645
None-gene-37877086,JASKUS010000001.1,4731,54744915,1.0,2407.6597,3946.0102,1.0,0.0,0.3476,nan,732,0.0121,-0.4246,0.3838,0,0,0.0584,0.3516,0.0584,0.3516,0.4413,0.7132,1.7692
None-gene-37903350,JASKUS010000001.1,4731,54744915,1.0,2407.6597,3946.0102,1.0,0.0,0.3476,nan,10824,0.1952,2.1329,0.3851,0,0,0.4105,0.0,0.4105,0.0,0.3283,0.5029,-1.5003
None-gene-37911559,JASKUS010000001.1,4731,54744915,1.0,2407.6597,3946.0102,1.0,0.0,0.3476,nan,144,0.0014,-0.5737,0.385,0,0,0.1782,0.0158,0.1782,0.0158,0.4236,0.6803,1.2582
None-gene-37915988,JASKUS010000001.1,4731,54744915,1.0,2407.6597,3946.0102,1.0,0.0,0.3476,nan,231,0.003,-0.5516,0.3852,0,0,0.0946,0.144,0.0946,0.144,0.4242,0.6815,1.2765
None-gene-38016921,JASKUS010000001.1,4731,54744915,1.0,2407.6597,3946.0102,1.0,0.0,0.3476,nan,1435,0.0248,-0.2465,0.3889,0,0,0.0691,0.2705,0.0691,0.2705,0.4084,0.6519,0.8167
None-gene-38018357,JASKUS010000001.1,4731,54744915,1.0,2407.6597,3946.0102,1.0,0.0,0.3476,nan,240,0.0032,-0.5493,0.3889,0,0,0.0425,0.5301,0.0425,0.5301,0.4583,0.745,2.2636
None-gene-38102977,JASKUS010000001.1,4731,54744915,1.0,2407.6597,3946.0102,1.0,0.0,0.3476,nan,871,0.0146,-0.3894,0.3921,0,0,0.0269,0.6689,0.0269,0.6689,0.4374,0.7061,1.6583
None-gene-38117626,JASKUS010000001.1,4731,54744915,1.0,2407.6597,3946.0102,1.0,0.0,0.3476,nan,315,0.0045,-0.5303,0.3926,0,0,-0.0159,0.7996,-0.0159,0.7996,0.4159,0.6659,1.0342
None-gene-38184462,JASKUS010000001.1,4731,54744915,1.0,2407.6597,3946.0102,1.0,0.0,0.3476,nan,13206,0.2385,2.7365,0.3955,0,0,0.4664,0.0,0.4664,0.0,0.3674,0.5757,-0.3691
None-gene-38190719,JASKUS010000001.1,4731,54744915,1.0,2407.6597,3946.0102,1.0,0.0,0.3476,nan,1746,0.0305,-0.1677,0.3953,0,0,0.1156,0.0648,0.1156,0.0648,0.4301,0.6925,1.4469
None-gene-38199202,JASKUS010000001.1,4731,54744915,1.0,2407.6597,3946.0102,1.0,0.0,0.3476,nan,2163,0.0381,-0.062,0.3956,0,0,0.1355,0.0302,0.1355,0.0302,0.4045,0.6448,0.7057
None-gene-38212586,JASKUS010000001.1,4731,54744915,1.0,2407.6597,3946.0102,1.0,0.0,0.3476,nan,1994,0.035,-0.1048,0.3961,0,0,0.2327,0.0002,0.2327,0.0002,0.4057,0.647,0.7401
None-gene-38219236,JASKUS010000001.1,4731,54744915,1.0,2407.6597,3946.0102,1.0,0.0,0.3476,nan,4845,0.0867,0.6177,0.3964,0,0,0.2111,0.0007,0.2111,0.0007,0.4256,0.684,1.3156
None-gene-38242848,JASKUS010000001.1,4731,54744915,1.0,2407.6597,3946.0102,1.0,0.0,0.3476,nan,210,0.0026,-0.5569,0.3971,0,0,0.0876,0.1755,0.0876,0.1755,0.3905,0.6186,0.2988
None-gene-38248462,JASKUS010000001.1,4731,54744915,1.0,2407.6597,3946.0102,1.0,0.0,0.3476,nan,1043,0.0177,-0.3458,0.3974,0,0,0.1621,0.0094,0.1621,0.0094,0.3384,0.5217,-1.2078
None-gene-38258336,JASKUS010000001.1,4731,54744915,1.0,2407.6597,3946.0102,1.0,0.0,0.3476,nan,2697,0.0477,0.0733,0.3978,0,0,0.1727,0.0056,0.1727,0.0056,0.4116,0.6579,0.9095
None-gene-38265934,JASKUS010000001.1,4731,54744915,1.0,2407.6597,3946.0102,1.0,0.0,0.3476,nan,12923,0.2333,2.6648,0.3984,0,0,0.1296,0.0383,0.1296,0.0383,0.3561,0.5546,-0.6963
None-gene-38286200,JASKUS010000001.1,4731,54744915,1.0,2407.6597,3946.0102,1.0,0.0,0.3476,nan,4755,0.0851,0.5949,0.3989,0,0,0.3071,0.0,0.3071,0.0,0.388,0.614,0.2275
None-gene-38295252,JASKUS010000001.1,4731,54744915,1.0,2407.6597,3946.0102,1.0,0.0,0.3476,nan,432,0.0066,-0.5007,0.3991,0,0,0.0256,0.6876,0.0256,0.6876,0.4537,0.7364,2.1296
None-gene-38296930,JASKUS010000001.1,4731,54744915,1.0,2407.6597,3946.0102,1.0,0.0,0.3476,nan,1187,0.0203,-0.3093,0.3991,0,0,0.1387,0.0265,0.1387,0.0265,0.4364,0.7041,1.6284
None-gene-38303566,JASKUS010000001.1,4731,54744915,1.0,2407.6597,3946.0102,1.0,0.0,0.3476,nan,3120,0.0554,0.1805,0.3995,0,0,0.2816,0.0,0.2816,0.0,0.4125,0.6596,0.9365
None-gene-38311421,JASKUS010000001.1,4731,54744915,1.0,2407.6597,3946.0102,1.0,0.0,0.3476,nan,969,0.0164,-0.3646,0.3997,0,0,0.1498,0.0164,0.1498,0.0164,0.4231,0.6794,1.2439
None-gene-38311917,JASKUS010000001.1,4731,54744915,1.0,2407.6597,3946.0102,1.0,0.0,0.3476,nan,141,0.0014,-0.5744,0.3997,0,0,0.0622,0.4291,0.0622,0.4291,0.4397,0.7103,1.7246
None-gene-38312747,JASKUS010000001.1,4731,54744915,1.0,2407.6597,3946.0102,1.0,0.0,0.3476,nan,763,0.0126,-0.4168,0.3997,0,0,-0.0689,0.2718,-0.0689,0.2718,0.3775,0.5944,-0.0782
None-gene-38318030,JASKUS010000001.1,4731,54744915,1.0,2407.6597,3946.0102,1.0,0.0,0.3476,nan,16356,0.2956,3.5348,0.4005,0,0,0.3085,0.0,0.3085,0.0,0.3533,0.5494,-0.7769
None-gene-38333425,JASKUS010000001.1,4731,54744915,1.0,2407.6597,3946.0102,1.0,0.0,0.3476,nan,345,0.0051,-0.5227,0.4005,0,0,-0.1327,0.0367,-0.1327,0.0367,0.4667,0.7605,2.5049
None-gene-38340446,JASKUS010000001.1,4731,54744915,1.0,2407.6597,3946.0102,1.0,0.0,0.3476,nan,5017,0.0898,0.6613,0.4009,0,0,0.3763,0.0,0.3763,0.0,0.364,0.5692,-0.4689
None-gene-38373449,JASKUS010000001.1,4731,54744915,1.0,2407.6597,3946.0102,1.0,0.0,0.3476,nan,3956,0.0706,0.3924,0.402,0,0,0.1819,0.0035,0.1819,0.0035,0.3946,0.6263,0.4179
None-gene-38416539,JASKUS010000001.1,4731,54744915,1.0,2407.6597,3946.0102,1.0,0.0,0.3476,nan,129,0.0011,-0.5775,0.4035,0,0,-0.0314,0.7029,-0.0314,0.7029,0.3643,0.5699,-0.458
None-gene-38433542,JASKUS010000001.1,4731,54744915,1.0,2407.6597,3946.0102,1.0,0.0,0.3476,nan,3287,0.0585,0.2228,0.4042,0,0,0.0571,0.363,0.0571,0.363,0.4907,0.8053,3.2015
None-gene-38445099,JASKUS010000001.1,4731,54744915,1.0,2407.6597,3946.0102,1.0,0.0,0.3476,nan,2414,0.0426,0.0016,0.4046,0,0,0.4214,0.0,0.4214,0.0,0.4184,0.6706,1.1071
None-gene-38448598,JASKUS010000001.1,4731,54744915,1.0,2407.6597,3946.0102,1.0,0.0,0.3476,nan,249,0.0033,-0.547,0.4047,0,0,0.1058,0.1134,0.1058,0.1134,0.4498,0.7291,2.0165
None-gene-38449942,JASKUS010000001.1,4731,54744915,1.0,2407.6597,3946.0102,1.0,0.0,0.3476,nan,850,0.0142,-0.3947,0.4047,0,0,0.2256,0.0003,0.2256,0.0003,0.3565,0.5553,-0.6859
None-gene-38459170,JASKUS010000001.1,4731,54744915,1.0,2407.6597,3946.0102,1.0,0.0,0.3476,nan,315,0.0045,-0.5303,0.405,0,0,0.099,0.1253,0.099,0.1253,0.3587,0.5595,-0.6204
None-gene-38459911,JASKUS010000001.1,4731,54744915,1.0,2407.6597,3946.0102,1.0,0.0,0.3476,nan,216,0.0027,-0.5554,0.4051,0,0,-0.0306,0.6508,-0.0306,0.6508,0.3981,0.6329,0.5209
None-gene-38461376,JASKUS010000001.1,4731,54744915,1.0,2407.6597,3946.0102,1.0,0.0,0.3476,nan,1767,0.0309,-0.1624,0.4052,0,0,0.0981,0.1175,0.0981,0.1175,0.3797,0.5986,-0.0121
None-gene-38473395,JASKUS010000001.1,4731,54744915,1.0,2407.6597,3946.0102,1.0,0.0,0.3476,nan,369,0.0055,-0.5166,0.4056,0,0,0.0291,0.6426,0.0291,0.6426,0.4715,0.7696,2.6462
None-gene-38484961,JASKUS010000001.1,4731,54744915,1.0,2407.6597,3946.0102,1.0,0.0,0.3476,nan,1977,0.0347,-0.1091,0.406,0,0,0.1873,0.0026,0.1873,0.0026,0.4502,0.7298,2.0275
None-gene-38522127,JASKUS010000001.1,4731,54744915,1.0,2407.6597,3946.0102,1.0,0.0,0.3476,nan,3790,0.0676,0.3503,0.4075,0,0,0.1407,0.0243,0.1407,0.0243,0.3792,0.5975,-0.029
None-gene-38532902,JASKUS010000001.1,4731,54744915,1.0,2407.6597,3946.0102,1.0,0.0,0.3476,nan,786,0.0131,-0.411,0.4078,0,0,0.1863,0.0028,0.1863,0.0028,0.4275,0.6875,1.3703
None-gene-38532969,JASKUS010000001.1,4731,54744915,1.0,2407.6597,3946.0102,1.0,0.0,0.3476,nan,540,0.0086,-0.4733,0.4077,0,0,0.0896,0.1596,0.0896,0.1596,0.4,0.6364,0.5746
None-gene-38545921,JASKUS010000001.1,4731,54744915,1.0,2407.6597,3946.0102,1.0,0.0,0.3476,nan,481,0.0075,-0.4883,0.4082,0,0,0.1125,0.0806,0.1125,0.0806,0.3742,0.5883,-0.1719
None-gene-38556465,JASKUS010000001.1,4731,54744915,1.0,2407.6597,3946.0102,1.0,0.0,0.3476,nan,2530,0.0447,0.031,0.4087,0,0,0.0431,0.4927,0.0431,0.4927,0.3842,0.6069,0.1168
None-gene-38559208,JASKUS010000001.1,4731,54744915,1.0,2407.6597,3946.0102,1.0,0.0,0.3476,nan,620,0.0101,-0.453,0.4087,0,0,0.1406,0.0244,0.1406,0.0244,0.4306,0.6934,1.4619
None-gene-38560469,JASKUS010000001.1,4731,54744915,1.0,2407.6597,3946.0102,1.0,0.0,0.3476,nan,1407,0.0243,-0.2536,0.4088,0,0,0.1965,0.0016,0.1965,0.0016,0.4513,0.7319,2.0604
None-gene-38560909,JASKUS010000001.1,4731,54744915,1.0,2407.6597,3946.0102,1.0,0.0,0.3476,nan,660,0.0108,-0.4429,0.4088,0,0,0.1765,0.0046,0.1765,0.0046,0.4439,0.7182,1.8469
None-gene-38562145,JASKUS010000001.1,4731,54744915,1.0,2407.6597,3946.0102,1.0,0.0,0.3476,nan,275,0.0038,-0.5405,0.4088,0,0,0.0686,0.2887,0.0686,0.2887,0.4182,0.6702,1.101
None-gene-38563741,JASKUS010000001.1,4731,54744915,1.0,2407.6597,3946.0102,1.0,0.0,0.3476,nan,1371,0.0237,-0.2627,0.4089,0,0,-0.121,0.0532,-0.121,0.0532,0.4359,0.7032,1.6134
None-gene-38565414,JASKUS010000001.1,4731,54744915,1.0,2407.6597,3946.0102,1.0,0.0,0.3476,nan,1197,0.0205,-0.3068,0.409,0,0,0.0458,0.4655,0.0458,0.4655,0.4754,0.7768,2.7586
None-gene-38567623,JASKUS010000001.1,4731,54744915,1.0,2407.6597,3946.0102,1.0,0.0,0.3476,nan,135,0.0013,-0.5759,0.409,0,0,0.1415,0.0832,0.1415,0.0832,0.3481,0.5398,-0.9269
None-gene-38571662,JASKUS010000001.1,4731,54744915,1.0,2407.6597,3946.0102,1.0,0.0,0.3476,nan,5443,0.0976,0.7692,0.4093,0,0,0.1967,0.0016,0.1967,0.0016,0.381,0.6009,0.0239
None-gene-38574926,JASKUS010000001.1,4731,54744915,1.0,2407.6597,3946.0102,1.0,0.0,0.3476,nan,2179,0.0383,-0.0579,0.4093,0,0,0.1728,0.0056,0.1728,0.0056,0.4013,0.6389,0.6136
None-gene-38579382,JASKUS010000001.1,4731,54744915,1.0,2407.6597,3946.0102,1.0,0.0,0.3476,nan,1003,0.017,-0.356,0.4095,0,0,0.2165,0.0005,0.2165,0.0005,0.4177,0.6694,1.0884
None-gene-38581705,JASKUS010000001.1,4731,54744915,1.0,2407.6597,3946.0102,1.0,0.0,0.3476,nan,9812,0.1769,1.8764,0.4099,0,0,0.2519,0.0,0.2519,0.0,0.3806,0.6001,0.0115
None-gene-38586709,JASKUS010000001.1,4731,54744915,1.0,2407.6597,3946.0102,1.0,0.0,0.3476,nan,518,0.0082,-0.4789,0.4097,0,0,-0.0822,0.1898,-0.0822,0.1898,0.4633,0.7543,2.408
None-gene-38594544,JASKUS010000001.1,4731,54744915,1.0,2407.6597,3946.0102,1.0,0.0,0.3476,nan,2525,0.0446,0.0297,0.4101,0,0,0.1359,0.0297,0.1359,0.0297,0.3711,0.5825,-0.2626
None-gene-38599624,JASKUS010000001.1,4731,54744915,1.0,2407.6597,3946.0102,1.0,0.0,0.3476,nan,922,0.0155,-0.3765,0.4102,0,0,-0.0182,0.7723,-0.0182,0.7723,0.4046,0.6448,0.7065
None-gene-38616274,JASKUS010000001.1,4731,54744915,1.0,2407.6597,3946.0102,1.0,0.0,0.3476,nan,13788,0.249,2.884,0.4113,0,0,0.4102,0.0,0.4102,0.0,0.409,0.6531,0.8345
None-gene-38619245,JASKUS010000001.1,4731,54744915,1.0,2407.6597,3946.0102,1.0,0.0,0.3476,nan,281,0.0039,-0.5389,0.4109,0,0,0.0159,0.8053,0.0159,0.8053,0.395,0.6271,0.4303
None-gene-38619532,JASKUS010000001.1,4731,54744915,1.0,2407.6597,3946.0102,1.0,0.0,0.3476,nan,260,0.0035,-0.5443,0.4109,0,0,0.289,0.0,0.289,0.0,0.4154,0.665,1.02
None-gene-38646551,JASKUS010000001.1,4731,54744915,1.0,2407.6597,3946.0102,1.0,0.0,0.3476,nan,3126,0.0555,0.182,0.412,0,0,0.1184,0.0585,0.1184,0.0585,0.4575,0.7434,2.2382
None-gene-38662116,JASKUS010000001.1,4731,54744915,1.0,2407.6597,3946.0102,1.0,0.0,0.3476,nan,225,0.0029,-0.5531,0.4125,0,0,0.1224,0.074,0.1224,0.074,0.44,0.7109,1.7328
None-gene-38670648,JASKUS010000001.1,4731,54744915,1.0,2407.6597,3946.0102,1.0,0.0,0.3476,nan,96,0.0005,-0.5858,0.4128,0,0,-0.1527,0.0436,-0.1527,0.0436,0.5104,0.842,3.7718
None-gene-38673303,JASKUS010000001.1,4731,54744915,1.0,2407.6597,3946.0102,1.0,0.0,0.3476,nan,6442,0.1157,1.0224,0.4131,0,0,0.3504,0.0,0.3504,0.0,0.3958,0.6286,0.4541
None-gene-38690357,JASKUS010000001.1,4731,54744915,1.0,2407.6597,3946.0102,1.0,0.0,0.3476,nan,5204,0.0932,0.7087,0.4137,0,0,0.3078,0.0,0.3078,0.0,0.3816,0.6021,0.0426
None-gene-38697456,JASKUS010000001.1,4731,54744915,1.0,2407.6597,3946.0102,1.0,0.0,0.3476,nan,1844,0.0323,-0.1428,0.4138,0,0,0.1849,0.003,0.1849,0.003,0.4084,0.6519,0.8164
None-gene-38698565,JASKUS010000001.1,4731,54744915,1.0,2407.6597,3946.0102,1.0,0.0,0.3476,nan,447,0.0069,-0.4969,0.4138,0,0,0.02,0.75,0.02,0.75,0.4631,0.7539,2.4013
None-gene-38701757,JASKUS010000001.1,4731,54744915,1.0,2407.6597,3946.0102,1.0,0.0,0.3476,nan,18949,0.3427,4.1919,0.4146,0,0,0.5335,0.0,0.5335,0.0,0.4069,0.6492,0.7738
None-gene-38702883,JASKUS010000001.1,4731,54744915,1.0,2407.6597,3946.0102,1.0,0.0,0.3476,nan,4681,0.0838,0.5761,0.4141,0,0,0.2336,0.0002,0.2336,0.0002,0.4164,0.6668,1.0484
None-gene-38719596,JASKUS010000001.1,4731,54744915,1.0,2407.6597,3946.0102,1.0,0.0,0.3476,nan,186,0.0022,-0.563,0.4146,0,0,0.0337,0.6432,0.0337,0.6432,0.3656,0.5723,-0.4218
None-gene-38723524,JASKUS010000001.1,4731,54744915,1.0,2407.6597,3946.0102,1.0,0.0,0.3476,nan,6025,0.1081,0.9167,0.4149,0,0,0.3179,0.0,0.3179,0.0,0.3793,0.5977,-0.0262
None-gene-38729824,JASKUS010000001.1,4731,54744915,1.0,2407.6597,3946.0102,1.0,0.0,0.3476,nan,240,0.0032,-0.5493,0.4149,0,0,-0.0509,0.4247,-0.0509,0.4247,0.5,0.8226,3.4701
None-gene-38732670,JASKUS010000001.1,4731,54744915,1.0,2407.6597,3946.0102,1.0,0.0,0.3476,nan,477,0.0075,-0.4893,0.415,0,0,0.0731,0.2442,0.0731,0.2442,0.4256,0.684,1.3151
None-gene-38735004,JASKUS010000001.1,4731,54744915,1.0,2407.6597,3946.0102,1.0,0.0,0.3476,nan,1957,0.0343,-0.1142,0.4152,0,0,0.2005,0.0013,0.2005,0.0013,0.4236,0.6803,1.2581
None-gene-38744517,JASKUS010000001.1,4731,54744915,1.0,2407.6597,3946.0102,1.0,0.0,0.3476,nan,651,0.0106,-0.4452,0.4155,0,0,0.0994,0.1127,0.0994,0.1127,0.4224,0.6781,1.2239
None-gene-38749538,JASKUS010000001.1,4731,54744915,1.0,2407.6597,3946.0102,1.0,0.0,0.3476,nan,5009,0.0897,0.6592,0.4158,0,0,0.3255,0.0,0.3255,0.0,0.4081,0.6514,0.8081
None-gene-38779107,JASKUS010000001.1,4731,54744915,1.0,2407.6597,3946.0102,1.0,0.0,0.3476,nan,11819,0.2133,2.385,0.4172,0,0,0.3104,0.0,0.3104,0.0,0.3351,0.5154,-1.306
None-gene-38792919,JASKUS010000001.1,4731,54744915,1.0,2407.6597,3946.0102,1.0,0.0,0.3476,nan,457,0.0071,-0.4943,0.4172,0,0,-0.0282,0.653,-0.0282,0.653,0.4092,0.6535,0.8407
None-gene-38794287,JASKUS010000001.1,4731,54744915,1.0,2407.6597,3946.0102,1.0,0.0,0.3476,nan,524,0.0083,-0.4774,0.4173,0,0,-0.0076,0.9039,-0.0076,0.9039,0.3874,0.6129,0.2098
None-gene-38796098,JASKUS010000001.1,4731,54744915,1.0,2407.6597,3946.0102,1.0,0.0,0.3476,nan,2284,0.0403,-0.0313,0.4174,0,0,0.2469,0.0001,0.2469,0.0001,0.398,0.6326,0.5162
None-gene-38799022,JASKUS010000001.1,4731,54744915,1.0,2407.6597,3946.0102,1.0,0.0,0.3476,nan,840,0.014,-0.3973,0.4175,0,0,0.1682,0.007,0.1682,0.007,0.4083,0.6519,0.8159
None-gene-38800398,JASKUS010000001.1,4731,54744915,1.0,2407.6597,3946.0102,1.0,0.0,0.3476,nan,438,0.0068,-0.4992,0.4175,0,0,0.047,0.4605,0.047,0.4605,0.395,0.627,0.4291
None-gene-38815984,JASKUS010000001.1,4731,54744915,1.0,2407.6597,3946.0102,1.0,0.0,0.3476,nan,948,0.016,-0.3699,0.4181,0,0,0.1175,0.0604,0.1175,0.0604,0.3903,0.6183,0.2936
None-gene-38824535,JASKUS010000001.1,4731,54744915,1.0,2407.6597,3946.0102,1.0,0.0,0.3476,nan,774,0.0128,-0.414,0.4184,0,0,-0.017,0.7872,-0.017,0.7872,0.3928,0.6229,0.3651
None-gene-38833721,JASKUS010000001.1,4731,54744915,1.0,2407.6597,3946.0102,1.0,0.0,0.3476,nan,177,0.002,-0.5653,0.4187,0,0,0.074,0.2682,0.074,0.2682,0.4633,0.7542,2.4068
None-gene-38834469,JASKUS010000001.1,4731,54744915,1.0,2407.6597,3946.0102,1.0,0.0,0.3476,nan,714,0.0118,-0.4292,0.4188,0,0,-0.1025,0.1074,-0.1025,0.1074,0.388,0.6139,0.2258
None-gene-38838983,JASKUS010000001.1,4731,54744915,1.0,2407.6597,3946.0102,1.0,0.0,0.3476,nan,2732,0.0484,0.0822,0.419,0,0,0.1074,0.0864,0.1074,0.0864,0.4239,0.6808,1.2656
None-gene-38845445,JASKUS010000001.1,4731,54744915,1.0,2407.6597,3946.0102,1.0,0.0,0.3476,nan,2087,0.0367,-0.0813,0.4192,0,0,0.0392,0.5319,0.0392,0.5319,0.4102,0.6553,0.8687
None-gene-38845726,JASKUS010000001.1,4731,54744915,1.0,2407.6597,3946.0102,1.0,0.0,0.3476,nan,282,0.0039,-0.5387,0.4192,0,0,0.0007,0.9911,0.0007,0.9911,0.4681,0.7632,2.546
None-gene-38852259,JASKUS010000001.1,4731,54744915,1.0,2407.6597,3946.0102,1.0,0.0,0.3476,nan,1663,0.029,-0.1887,0.4195,0,0,0.1159,0.0642,0.1159,0.0642,0.4131,0.6608,0.9541
None-gene-38858036,JASKUS010000001.1,4731,54744915,1.0,2407.6597,3946.0102,1.0,0.0,0.3476,nan,2201,0.0387,-0.0524,0.4197,0,0,0.2281,0.0002,0.2281,0.0002,0.4212,0.6758,1.1876
None-gene-38861365,JASKUS010000001.1,4731,54744915,1.0,2407.6597,3946.0102,1.0,0.0,0.3476,nan,357,0.0053,-0.5197,0.4197,0,0,-0.1107,0.0813,-0.1107,0.0813,0.4006,0.6374,0.5908
None-gene-38861729,JASKUS010000001.1,4731,54744915,1.0,2407.6597,3946.0102,1.0,0.0,0.3476,nan,195,0.0023,-0.5607,0.4197,0,0,0.1092,0.1287,0.1092,0.1287,0.4769,0.7796,2.8019
None-gene-38862664,JASKUS010000001.1,4731,54744915,1.0,2407.6597,3946.0102,1.0,0.0,0.3476,nan,4382,0.0783,0.5003,0.4199,0,0,0.0808,0.1976,0.0808,0.1976,0.4153,0.6649,1.0186
None-gene-38865055,JASKUS010000001.1,4731,54744915,1.0,2407.6597,3946.0102,1.0,0.0,0.3476,nan,426,0.0065,-0.5022,0.4199,0,0,-0.0768,0.2209,-0.0768,0.2209,0.446,0.7221,1.9068
None-gene-38876578,JASKUS010000001.1,4731,54744915,1.0,2407.6597,3946.0102,1.0,0.0,0.3476,nan,4519,0.0808,0.5351,0.4204,0,0,0.2693,0.0,0.2693,0.0,0.3567,0.5557,-0.6788
None-gene-38880415,JASKUS010000001.1,4731,54744915,1.0,2407.6597,3946.0102,1.0,0.0,0.3476,nan,195,0.0023,-0.5607,0.4204,0,0,0.1667,0.0233,0.1667,0.0233,0.4359,0.7032,1.614
None-gene-38881170,JASKUS010000001.1,4731,54744915,1.0,2407.6597,3946.0102,1.0,0.0,0.3476,nan,168,0.0019,-0.5676,0.4205,0,0,0.0785,0.2693,0.0785,0.2693,0.3929,0.6231,0.3677
None-gene-38881831,JASKUS010000001.1,4731,54744915,1.0,2407.6597,3946.0102,1.0,0.0,0.3476,nan,1073,0.0183,-0.3382,0.4205,0,0,-0.0498,0.4278,-0.0498,0.4278,0.4296,0.6916,1.4327
None-gene-38884814,JASKUS010000001.1,4731,54744915,1.0,2407.6597,3946.0102,1.0,0.0,0.3476,nan,813,0.0136,-0.4041,0.4206,0,0,0.0347,0.5802,0.0347,0.5802,0.4182,0.6703,1.1017
None-gene-38897144,JASKUS010000001.1,4731,54744915,1.0,2407.6597,3946.0102,1.0,0.0,0.3476,nan,11434,0.2063,2.2875,0.4214,0,0,0.124,0.0475,0.124,0.0475,0.3844,0.6073,0.1234
None-gene-38909026,JASKUS010000001.1,4731,54744915,1.0,2407.6597,3946.0102,1.0,0.0,0.3476,nan,669,0.0109,-0.4406,0.4215,0,0,0.2905,0.0,0.2905,0.0,0.4604,0.7488,2.3232
None-gene-38910932,JASKUS010000001.1,4731,54744915,1.0,2407.6597,3946.0102,1.0,0.0,0.3476,nan,2705,0.0479,0.0754,0.4216,0,0,0.1682,0.007,0.1682,0.007,0.3678,0.5765,-0.3567
None-gene-38929842,JASKUS010000001.1,4731,54744915,1.0,2407.6597,3946.0102,1.0,0.0,0.3476,nan,4313,0.0771,0.4829,0.4224,0,0,0.2987,0.0,0.2987,0.0,0.4449,0.7201,1.8757
None-gene-38932979,JASKUS010000001.1,4731,54744915,1.0,2407.6597,3946.0102,1.0,0.0,0.3476,nan,123,0.001,-0.579,0.4223,0,0,-0.0672,0.3798,-0.0672,0.3798,0.439,0.709,1.7045
None-gene-38933490,JASKUS010000001.1,4731,54744915,1.0,2407.6597,3946.0102,1.0,0.0,0.3476,nan,138,0.0013,-0.5752,0.4224,0,0,-0.0161,0.8472,-0.0161,0.8472,0.4638,0.7551,2.421
None-gene-38935252,JASKUS010000001.1,4731,54744915,1.0,2407.6597,3946.0102,1.0,0.0,0.3476,nan,309,0.0044,-0.5318,0.4224,0,0,0.0172,0.788,0.0172,0.788,0.466,0.7593,2.4862
None-gene-38935347,JASKUS010000001.1,4731,54744915,1.0,2407.6597,3946.0102,1.0,0.0,0.3476,nan,225,0.0029,-0.5531,0.4224,0,0,0.1173,0.0791,0.1173,0.0791,0.48,0.7854,2.891
None-gene-38947405,JASKUS010000001.1,4731,54744915,1.0,2407.6597,3946.0102,1.0,0.0,0.3476,nan,279,0.0039,-0.5394,0.4229,0,0,-0.0243,0.7035,-0.0243,0.7035,0.4803,0.7859,2.8993
None-gene-39004037,JASKUS010000001.1,4731,54744915,1.0,2407.6597,3946.0102,1.0,0.0,0.3476,nan,270,0.0037,-0.5417,0.4249,0,0,0.1146,0.0945,0.1146,0.0945,0.3593,0.5605,-0.6051
None-gene-39019041,JASKUS010000001.1,4731,54744915,1.0,2407.6597,3946.0102,1.0,0.0,0.3476,nan,4182,0.0747,0.4497,0.4256,0,0,0.2104,0.0007,0.2104,0.0007,0.3852,0.6088,0.1467
None-gene-39025514,JASKUS010000001.1,4731,54744915,1.0,2407.6597,3946.0102,1.0,0.0,0.3476,nan,1758,0.0307,-0.1646,0.4258,0,0,0.2794,0.0,0.2794,0.0,0.4164,0.6669,1.0489
None-gene-39027409,JASKUS010000001.1,4731,54744915,1.0,2407.6597,3946.0102,1.0,0.0,0.3476,nan,19043,0.3444,4.2157,0.4265,0,0,0.5403,0.0,0.5403,0.0,0.345,0.5338,-1.0193
None-gene-39037363,JASKUS010000001.1,4731,54744915,1.0,2407.6597,3946.0102,1.0,0.0,0.3476,nan,3344,0.0595,0.2373,0.4263,0,0,0.2391,0.0001,0.2391,0.0001,0.3858,0.6099,0.1624
None-gene-39064960,JASKUS010000001.1,4731,54744915,1.0,2407.6597,3946.0102,1.0,0.0,0.3476,nan,10896,0.1965,2.1511,0.4276,0,0,0.3321,0.0,0.3321,0.0,0.3828,0.6043,0.0765
None-gene-39068563,JASKUS010000001.1,4731,54744915,1.0,2407.6597,3946.0102,1.0,0.0,0.3476,nan,2785,0.0493,0.0956,0.4274,0,0,0.2175,0.0005,0.2175,0.0005,0.4086,0.6524,0.8241
None-gene-39073147,JASKUS010000001.1,4731,54744915,1.0,2407.6597,3946.0102,1.0,0.0,0.3476,nan,1581,0.0275,-0.2095,0.4275,0,0,0.1077,0.0854,0.1077,0.0854,0.4516,0.7325,2.069
None-gene-39076249,JASKUS010000001.1,4731,54744915,1.0,2407.6597,3946.0102,1.0,0.0,0.3476,nan,1225,0.021,-0.2997,0.4276,0,0,0.0128,0.8383,0.0128,0.8383,0.3829,0.6044,0.0782
None-gene-39083837,JASKUS010000001.1,4731,54744915,1.0,2407.6597,3946.0102,1.0,0.0,0.3476,nan,4577,0.0819,0.5498,0.428,0,0,0.2941,0.0,0.2941,0.0,0.3522,0.5473,-0.8097
None-gene-39091379,JASKUS010000001.1,4731,54744915,1.0,2407.6597,3946.0102,1.0,0.0,0.3476,nan,721,0.0119,-0.4274,0.4282,0,0,0.0219,0.7273,0.0219,0.7273,0.3994,0.6353,0.5585
None-gene-39105907,JASKUS010000001.1,4731,54744915,1.0,2407.6597,3946.0102,1.0,0.0,0.3476,nan,567,0.0091,-0.4665,0.4287,0,0,0.1064,0.0894,0.1064,0.0894,0.4021,0.6403,0.6358
None-gene-39106447,JASKUS010000001.1,4731,54744915,1.0,2407.6597,3946.0102,1.0,0.0,0.3476,nan,183,0.0021,-0.5638,0.4287,0,0,-0.0003,0.9968,-0.0003,0.9968,0.4372,0.7056,1.6505
None-gene-39168283,JASKUS010000001.1,4731,54744915,1.0,2407.6597,3946.0102,1.0,0.0,0.3476,nan,541,0.0086,-0.473,0.431,0,0,-0.0036,0.9552,-0.0036,0.9552,0.3697,0.5799,-0.3032
None-gene-39175654,JASKUS010000001.1,4731,54744915,1.0,2407.6597,3946.0102,1.0,0.0,0.3476,nan,8105,0.1459,1.4438,0.4315,0,0,0.2039,0.001,0.2039,0.001,0.3598,0.5614,-0.5901
None-gene-39177871,JASKUS010000001.1,4731,54744915,1.0,2407.6597,3946.0102,1.0,0.0,0.3476,nan,447,0.0069,-0.4969,0.4313,0,0,-0.1058,0.0964,-0.1058,0.0964,0.4004,0.6372,0.5875
None-gene-39191217,JASKUS010000001.1,4731,54744915,1.0,2407.6597,3946.0102,1.0,0.0,0.3476,nan,9870,0.1779,1.8911,0.4321,0,0,0.3841,0.0,0.3841,0.0,0.3566,0.5556,-0.6811
None-gene-39220780,JASKUS010000001.1,4731,54744915,1.0,2407.6597,3946.0102,1.0,0.0,0.3476,nan,3692,0.0658,0.3255,0.433,0,0,0.1484,0.0175,0.1484,0.0175,0.3676,0.5759,-0.365
None-gene-39233046,JASKUS010000001.1,4731,54744915,1.0,2407.6597,3946.0102,1.0,0.0,0.3476,nan,6487,0.1165,1.0338,0.4335,0,0,0.3094,0.0,0.3094,0.0,0.3496,0.5425,-0.8842
None-gene-39241144,JASKUS010000001.1,4731,54744915,1.0,2407.6597,3946.0102,1.0,0.0,0.3476,nan,5822,0.1045,0.8653,0.4338,0,0,0.2997,0.0,0.2997,0.0,0.4397,0.7103,1.7244
None-gene-39241595,JASKUS010000001.1,4731,54744915,1.0,2407.6597,3946.0102,1.0,0.0,0.3476,nan,444,0.0069,-0.4976,0.4336,0,0,0.1623,0.0093,0.1623,0.0093,0.3919,0.6213,0.3398
None-gene-39253900,JASKUS010000001.1,4731,54744915,1.0,2407.6597,3946.0102,1.0,0.0,0.3476,nan,891,0.015,-0.3844,0.4341,0,0,0.0405,0.5193,0.0405,0.5193,0.4175,0.669,1.0815
None-gene-39256818,JASKUS010000001.1,4731,54744915,1.0,2407.6597,3946.0102,1.0,0.0,0.3476,nan,13559,0.2449,2.826,0.4347,0,0,0.3644,0.0,0.3644,0.0,0.3751,0.59,-0.1464
None-gene-39259894,JASKUS010000001.1,4731,54744915,1.0,2407.6597,3946.0102,1.0,0.0,0.3476,nan,300,0.0042,-0.5341,0.4343,0,0,0.0243,0.7031,0.0243,0.7031,0.4,0.6364,0.5746
None-gene-39262994,JASKUS010000001.1,4731,54744915,1.0,2407.6597,3946.0102,1.0,0.0,0.3476,nan,10718,0.1933,2.106,0.4348,0,0,0.4054,0.0,0.4054,0.0,0.3736,0.5872,-0.1905
None-gene-39299530,JASKUS010000001.1,4731,54744915,1.0,2407.6597,3946.0102,1.0,0.0,0.3476,nan,216,0.0027,-0.5554,0.4357,0,0,0.0626,0.3343,0.0626,0.3343,0.4954,0.814,3.3361
None-gene-39339693,JASKUS010000001.1,4731,54744915,1.0,2407.6597,3946.0102,1.0,0.0,0.3476,nan,657,0.0107,-0.4437,0.4372,0,0,-0.1264,0.0433,-0.1264,0.0433,0.4703,0.7673,2.6107
None-gene-39340470,JASKUS010000001.1,4731,54744915,1.0,2407.6597,3946.0102,1.0,0.0,0.3476,nan,2500,0.0442,0.0234,0.4373,0,0,0.1683,0.0069,0.1683,0.0069,0.3464,0.5365,-0.9775
None-gene-39354816,JASKUS010000001.1,4731,54744915,1.0,2407.6597,3946.0102,1.0,0.0,0.3476,nan,6178,0.1109,0.9555,0.438,0,0,0.3125,0.0,0.3125,0.0,0.3514,0.5459,-0.8325
None-gene-39377742,JASKUS010000001.1,4731,54744915,1.0,2407.6597,3946.0102,1.0,0.0,0.3476,nan,10158,0.1831,1.9641,0.439,0,0,0.2893,0.0,0.2893,0.0,0.3471,0.5379,-0.9568
None-gene-39392955,JASKUS010000001.1,4731,54744915,1.0,2407.6597,3946.0102,1.0,0.0,0.3476,nan,111,0.0008,-0.582,0.4391,0,0,0.0513,0.4842,0.0513,0.4842,0.4775,0.7807,2.818
None-gene-39475313,JASKUS010000001.1,4731,54744915,1.0,2407.6597,3946.0102,1.0,0.0,0.3476,nan,3611,0.0643,0.305,0.4423,0,0,0.2353,0.0001,0.2353,0.0001,0.3514,0.5459,-0.8319
None-gene-39548485,JASKUS010000001.1,4731,54744915,1.0,2407.6597,3946.0102,1.0,0.0,0.3476,nan,2441,0.0431,0.0084,0.4449,0,0,0.3452,0.0,0.3452,0.0,0.4199,0.6734,1.1511
None-gene-39553190,JASKUS010000001.1,4731,54744915,1.0,2407.6597,3946.0102,1.0,0.0,0.3476,nan,570,0.0091,-0.4657,0.445,0,0,0.1439,0.0213,0.1439,0.0213,0.3596,0.5612,-0.5938
None-gene-39554217,JASKUS010000001.1,4731,54744915,1.0,2407.6597,3946.0102,1.0,0.0,0.3476,nan,2720,0.0482,0.0792,0.4451,0,0,0.1429,0.0222,0.1429,0.0222,0.421,0.6754,1.1814
None-gene-39560415,JASKUS010000001.1,4731,54744915,1.0,2407.6597,3946.0102,1.0,0.0,0.3476,nan,10955,0.1976,2.1661,0.4457,0,0,0.3049,0.0,0.3049,0.0,0.3646,0.5704,-0.451
None-gene-39571379,JASKUS010000001.1,4731,54744915,1.0,2407.6597,3946.0102,1.0,0.0,0.3476,nan,255,0.0034,-0.5455,0.4457,0,0,0.0538,0.4057,0.0538,0.4057,0.451,0.7313,2.0507
None-gene-39571691,JASKUS010000001.1,4731,54744915,1.0,2407.6597,3946.0102,1.0,0.0,0.3476,nan,3434,0.0611,0.2601,0.4458,0,0,0.2097,0.0007,0.2097,0.0007,0.4287,0.6897,1.4043
None-gene-39575324,JASKUS010000001.1,4731,54744915,1.0,2407.6597,3946.0102,1.0,0.0,0.3476,nan,635,0.0103,-0.4492,0.4458,0,0,0.0846,0.1772,0.0846,0.1772,0.4252,0.6833,1.3042
None-gene-39576283,JASKUS010000001.1,4731,54744915,1.0,2407.6597,3946.0102,1.0,0.0,0.3476,nan,1257,0.0216,-0.2916,0.4459,0,0,0.2171,0.0005,0.2171,0.0005,0.4264,0.6856,1.3393
None-gene-39578713,JASKUS010000001.1,4731,54744915,1.0,2407.6597,3946.0102,1.0,0.0,0.3476,nan,1098,0.0187,-0.3319,0.446,0,0,0.1983,0.0014,0.1983,0.0014,0.4563,0.7412,2.2043
None-gene-39580920,JASKUS010000001.1,4731,54744915,1.0,2407.6597,3946.0102,1.0,0.0,0.3476,nan,1883,0.033,-0.133,0.4461,0,0,0.098,0.1177,0.098,0.1177,0.4318,0.6955,1.4941
None-gene-39585452,JASKUS010000001.1,4731,54744915,1.0,2407.6597,3946.0102,1.0,0.0,0.3476,nan,838,0.014,-0.3978,0.4462,0,0,0.0467,0.4633,0.0467,0.4633,0.4153,0.6648,1.0168
None-gene-39585831,JASKUS010000001.1,4731,54744915,1.0,2407.6597,3946.0102,1.0,0.0,0.3476,nan,459,0.0071,-0.4938,0.4462,0,0,0.0016,0.9802,0.0016,0.9802,0.4553,0.7394,2.1769
None-gene-39587798,JASKUS010000001.1,4731,54744915,1.0,2407.6597,3946.0102,1.0,0.0,0.3476,nan,2446,0.0432,0.0097,0.4464,0,0,0.215,0.0005,0.215,0.0005,0.4109,0.6566,0.8894
None-gene-39592298,JASKUS010000001.1,4731,54744915,1.0,2407.6597,3946.0102,1.0,0.0,0.3476,nan,1923,0.0337,-0.1228,0.4465,0,0,0.2515,0.0,0.2515,0.0,0.3931,0.6236,0.3758
None-gene-39601363,JASKUS010000001.1,4731,54744915,1.0,2407.6597,3946.0102,1.0,0.0,0.3476,nan,634,0.0103,-0.4495,0.4468,0,0,0.1295,0.0383,0.1295,0.0383,0.4527,0.7345,2.1
None-gene-39602635,JASKUS010000001.1,4731,54744915,1.0,2407.6597,3946.0102,1.0,0.0,0.3476,nan,663,0.0108,-0.4421,0.4468,0,0,0.1049,0.0939,0.1049,0.0939,0.4042,0.6442,0.6968
None-gene-39606810,JASKUS010000001.1,4731,54744915,1.0,2407.6597,3946.0102,1.0,0.0,0.3476,nan,948,0.016,-0.3699,0.447,0,0,0.2658,0.0,0.2658,0.0,0.4388,0.7087,1.6986
None-gene-39638974,JASKUS010000001.1,4731,54744915,1.0,2407.6597,3946.0102,1.0,0.0,0.3476,nan,168,0.0019,-0.5676,0.4481,0,0,-0.0404,0.5754,-0.0404,0.5754,0.3571,0.5565,-0.6664
None-gene-39650925,JASKUS010000001.1,4731,54744915,1.0,2407.6597,3946.0102,1.0,0.0,0.3476,nan,276,0.0038,-0.5402,0.4486,0,0,-0.1293,0.0445,-0.1293,0.0445,0.3913,0.6202,0.3228
None-gene-39658524,JASKUS010000001.1,4731,54744915,1.0,2407.6597,3946.0102,1.0,0.0,0.3476,nan,333,0.0048,-0.5258,0.4489,0,0,-0.1105,0.096,-0.1105,0.096,0.3483,0.5402,-0.9211
None-gene-39663085,JASKUS010000001.1,4731,54744915,1.0,2407.6597,3946.0102,1.0,0.0,0.3476,nan,495,0.0078,-0.4847,0.449,0,0,0.1164,0.0719,0.1164,0.0719,0.3737,0.5874,-0.1859
None-gene-39672164,JASKUS010000001.1,4731,54744915,1.0,2407.6597,3946.0102,1.0,0.0,0.3476,nan,3893,0.0695,0.3764,0.4495,0,0,0.3646,0.0,0.3646,0.0,0.4213,0.676,1.1904
None-gene-39680425,JASKUS010000001.1,4731,54744915,1.0,2407.6597,3946.0102,1.0,0.0,0.3476,nan,4326,0.0773,0.4861,0.4498,0,0,0.336,0.0,0.336,0.0,0.3983,0.6332,0.525
None-gene-39682916,JASKUS010000001.1,4731,54744915,1.0,2407.6597,3946.0102,1.0,0.0,0.3476,nan,156,0.0016,-0.5706,0.4497,0,0,0.1056,0.1376,0.1056,0.1376,0.4487,0.7271,1.9852
None-gene-39683803,JASKUS010000001.1,4731,54744915,1.0,2407.6597,3946.0102,1.0,0.0,0.3476,nan,842,0.0141,-0.3968,0.4498,0,0,0.1426,0.0225,0.1426,0.0225,0.4382,0.7076,1.6819
None-gene-39684946,JASKUS010000001.1,4731,54744915,1.0,2407.6597,3946.0102,1.0,0.0,0.3476,nan,2556,0.0452,0.0376,0.4499,0,0,0.2252,0.0003,0.2252,0.0003,0.4038,0.6434,0.6833
None-gene-39688610,JASKUS010000001.1,4731,54744915,1.0,2407.6597,3946.0102,1.0,0.0,0.3476,nan,354,0.0052,-0.5204,0.45,0,0,0.0071,0.9099,0.0071,0.9099,0.4548,0.7384,2.1614
None-gene-39688645,JASKUS010000001.1,4731,54744915,1.0,2407.6597,3946.0102,1.0,0.0,0.3476,nan,282,0.0039,-0.5387,0.45,0,0,-0.009,0.8876,-0.009,0.8876,0.4645,0.7566,2.4433
None-gene-39689845,JASKUS010000001.1,4731,54744915,1.0,2407.6597,3946.0102,1.0,0.0,0.3476,nan,7641,0.1375,1.3262,0.4503,0,0,0.3716,0.0,0.3716,0.0,0.4002,0.6368,0.5806
None-gene-39699416,JASKUS010000001.1,4731,54744915,1.0,2407.6597,3946.0102,1.0,0.0,0.3476,nan,945,0.016,-0.3707,0.4504,0,0,0.1753,0.0049,0.1753,0.0049,0.4328,0.6975,1.5244
None-gene-39700362,JASKUS010000001.1,4731,54744915,1.0,2407.6597,3946.0102,1.0,0.0,0.3476,nan,177,0.002,-0.5653,0.4504,0,0,-0.0115,0.8686,-0.0115,0.8686,0.435,0.7016,1.5888
None-gene-39712293,JASKUS010000001.1,4731,54744915,1.0,2407.6597,3946.0102,1.0,0.0,0.3476,nan,2329,0.0411,-0.0199,0.4509,0,0,0.1854,0.0029,0.1854,0.0029,0.4156,0.6655,1.0271
None-gene-39724586,JASKUS010000001.1,4731,54744915,1.0,2407.6597,3946.0102,1.0,0.0,0.3476,nan,1961,0.0344,-0.1132,0.4513,0,0,0.2344,0.0002,0.2344,0.0002,0.4462,0.7224,1.9123
None-gene-39726662,JASKUS010000001.1,4731,54744915,1.0,2407.6597,3946.0102,1.0,0.0,0.3476,nan,189,0.0022,-0.5623,0.4513,0,0,-0.111,0.0953,-0.111,0.0953,0.4286,0.6896,1.4019
None-gene-39729953,JASKUS010000001.1,4731,54744915,1.0,2407.6597,3946.0102,1.0,0.0,0.3476,nan,987,0.0167,-0.36,0.4515,0,0,-0.0713,0.2559,-0.0713,0.2559,0.3931,0.6235,0.3751
None-gene-39785270,JASKUS010000001.1,4731,54744915,1.0,2407.6597,3946.0102,1.0,0.0,0.3476,nan,153,0.0016,-0.5714,0.4535,0,0,-0.0759,0.2566,-0.0759,0.2566,0.5033,0.8287,3.5648
None-gene-39801088,JASKUS010000001.1,4731,54744915,1.0,2407.6597,3946.0102,1.0,0.0,0.3476,nan,210,0.0026,-0.5569,0.4541,0,0,0.1943,0.0034,0.1943,0.0034,0.4143,0.663,0.9882
None-gene-39807201,JASKUS010000001.1,4731,54744915,1.0,2407.6597,3946.0102,1.0,0.0,0.3476,nan,114,0.0009,-0.5813,0.4543,0,0,-0.0263,0.7831,-0.0263,0.7831,0.4561,0.7409,2.2001
None-gene-39814728,JASKUS010000001.1,4731,54744915,1.0,2407.6597,3946.0102,1.0,0.0,0.3476,nan,1552,0.027,-0.2168,0.4546,0,0,0.1182,0.0589,0.1182,0.0589,0.366,0.573,-0.4105
None-gene-39826490,JASKUS010000001.1,4731,54744915,1.0,2407.6597,3946.0102,1.0,0.0,0.3476,nan,624,0.0101,-0.452,0.455,0,0,0.1871,0.0026,0.1871,0.0026,0.4551,0.739,2.1708
None-gene-39829685,JASKUS010000001.1,4731,54744915,1.0,2407.6597,3946.0102,1.0,0.0,0.3476,nan,3396,0.0604,0.2505,0.4552,0,0,0.3129,0.0,0.3129,0.0,0.3704,0.5813,-0.2815
None-gene-39833082,JASKUS010000001.1,4731,54744915,1.0,2407.6597,3946.0102,1.0,0.0,0.3476,nan,456,0.0071,-0.4946,0.4552,0,0,0.1152,0.0657,0.1152,0.0657,0.4561,0.7409,2.2001
None-gene-39835670,JASKUS010000001.1,4731,54744915,1.0,2407.6597,3946.0102,1.0,0.0,0.3476,nan,2510,0.0444,0.0259,0.4554,0,0,0.1897,0.0023,0.1897,0.0023,0.4175,0.669,1.0821
None-gene-39842603,JASKUS010000001.1,4731,54744915,1.0,2407.6597,3946.0102,1.0,0.0,0.3476,nan,5653,0.1014,0.8224,0.4558,0,0,0.1566,0.0121,0.1566,0.0121,0.3858,0.6099,0.1638
None-gene-39876951,JASKUS010000001.1,4731,54744915,1.0,2407.6597,3946.0102,1.0,0.0,0.3476,nan,174,0.002,-0.5661,0.4568,0,0,-0.0091,0.8996,-0.0091,0.8996,0.3908,0.6192,0.3083
None-gene-39878855,JASKUS010000001.1,4731,54744915,1.0,2407.6597,3946.0102,1.0,0.0,0.3476,nan,5852,0.105,0.8729,0.4571,0,0,0.3446,0.0,0.3446,0.0,0.3578,0.5578,-0.6466
None-gene-39892706,JASKUS010000001.1,4731,54744915,1.0,2407.6597,3946.0102,1.0,0.0,0.3476,nan,10314,0.186,2.0036,0.4578,0,0,0.3064,0.0,0.3064,0.0,0.3834,0.6054,0.0928
None-gene-39893792,JASKUS010000001.1,4731,54744915,1.0,2407.6597,3946.0102,1.0,0.0,0.3476,nan,132,0.0012,-0.5767,0.4574,0,0,-0.1781,0.0233,-0.1781,0.0233,0.4545,0.738,2.154
None-gene-39897746,JASKUS010000001.1,4731,54744915,1.0,2407.6597,3946.0102,1.0,0.0,0.3476,nan,947,0.016,-0.3702,0.4576,0,0,0.0061,0.9231,0.0061,0.9231,0.4182,0.6702,1.1005
None-gene-39899962,JASKUS010000001.1,4731,54744915,1.0,2407.6597,3946.0102,1.0,0.0,0.3476,nan,513,0.0081,-0.4801,0.4577,0,0,0.0021,0.9732,0.0021,0.9732,0.4405,0.7119,1.7486
None-gene-39905885,JASKUS010000001.1,4731,54744915,1.0,2407.6597,3946.0102,1.0,0.0,0.3476,nan,1310,0.0226,-0.2782,0.4579,0,0,0.0265,0.6732,0.0265,0.6732,0.426,0.6847,1.3261
None-gene-39914376,JASKUS010000001.1,4731,54744915,1.0,2407.6597,3946.0102,1.0,0.0,0.3476,nan,372,0.0056,-0.5159,0.4582,0,0,0.039,0.5411,0.039,0.5411,0.3683,0.5773,-0.3439
None-gene-39916030,JASKUS010000001.1,4731,54744915,1.0,2407.6597,3946.0102,1.0,0.0,0.3476,nan,1278,0.022,-0.2863,0.4583,0,0,0.1856,0.0029,0.1856,0.0029,0.4358,0.7031,1.6123
None-gene-39917307,JASKUS010000001.1,4731,54744915,1.0,2407.6597,3946.0102,1.0,0.0,0.3476,nan,749,0.0124,-0.4203,0.4583,0,0,0.0866,0.1672,0.0866,0.1672,0.4072,0.6498,0.7833
None-gene-39928889,JASKUS010000001.1,4731,54744915,1.0,2407.6597,3946.0102,1.0,0.0,0.3476,nan,614,0.0099,-0.4546,0.4587,0,0,-0.0699,0.2648,-0.0699,0.2648,0.4251,0.6831,1.3008
None-gene-39930924,JASKUS010000001.1,4731,54744915,1.0,2407.6597,3946.0102,1.0,0.0,0.3476,nan,426,0.0065,-0.5022,0.4588,0,0,0.0908,0.1475,0.0908,0.1475,0.4812,0.7876,2.9264
None-gene-39931662,JASKUS010000001.1,4731,54744915,1.0,2407.6597,3946.0102,1.0,0.0,0.3476,nan,4352,0.0778,0.4927,0.459,0,0,0.3871,0.0,0.3871,0.0,0.4295,0.6912,1.4275
None-gene-39932485,JASKUS010000001.1,4731,54744915,1.0,2407.6597,3946.0102,1.0,0.0,0.3476,nan,309,0.0044,-0.5318,0.4589,0,0,0.1044,0.106,0.1044,0.106,0.4272,0.687,1.3617
None-gene-39932977,JASKUS010000001.1,4731,54744915,1.0,2407.6597,3946.0102,1.0,0.0,0.3476,nan,186,0.0022,-0.563,0.4589,0,0,-0.0757,0.2832,-0.0757,0.2832,0.457,0.7425,2.2247
None-gene-39934648,JASKUS010000001.1,4731,54744915,1.0,2407.6597,3946.0102,1.0,0.0,0.3476,nan,318,0.0046,-0.5296,0.4589,0,0,0.1165,0.0709,0.1165,0.0709,0.4151,0.6645,1.0116
None-gene-39935090,JASKUS010000001.1,4731,54744915,1.0,2407.6597,3946.0102,1.0,0.0,0.3476,nan,165,0.0018,-0.5683,0.459,0,0,-0.0907,0.2272,-0.0907,0.2272,0.4909,0.8057,3.2069
None-gene-39951855,JASKUS010000001.1,4731,54744915,1.0,2407.6597,3946.0102,1.0,0.0,0.3476,nan,354,0.0052,-0.5204,0.4596,0,0,-0.0716,0.2613,-0.0716,0.2613,0.404,0.6437,0.6891
None-gene-39955460,JASKUS010000001.1,4731,54744915,1.0,2407.6597,3946.0102,1.0,0.0,0.3476,nan,2714,0.0481,0.0776,0.4598,0,0,0.09,0.1512,0.09,0.1512,0.3906,0.6188,0.3014
None-gene-39956931,JASKUS010000001.1,4731,54744915,1.0,2407.6597,3946.0102,1.0,0.0,0.3476,nan,423,0.0065,-0.503,0.4598,0,0,-0.1489,0.0171,-0.1489,0.0171,0.4161,0.6663,1.04
None-gene-39957948,JASKUS010000001.1,4731,54744915,1.0,2407.6597,3946.0102,1.0,0.0,0.3476,nan,132,0.0012,-0.5767,0.4598,0,0,0.0084,0.9072,0.0084,0.9072,0.4394,0.7097,1.7152
None-gene-39961271,JASKUS010000001.1,4731,54744915,1.0,2407.6597,3946.0102,1.0,0.0,0.3476,nan,2202,0.0388,-0.0521,0.46,0,0,0.1726,0.0056,0.1726,0.0056,0.3992,0.6348,0.5509
None-gene-39968411,JASKUS010000001.1,4731,54744915,1.0,2407.6597,3946.0102,1.0,0.0,0.3476,nan,1072,0.0183,-0.3385,0.4602,0,0,0.0109,0.8644,0.0109,0.8644,0.3731,0.5863,-0.2034
None-gene-39981739,JASKUS010000001.1,4731,54744915,1.0,2407.6597,3946.0102,1.0,0.0,0.3476,nan,1176,0.0201,-0.3121,0.4607,0,0,0.2582,0.0,0.2582,0.0,0.398,0.6326,0.5155
None-gene-39994464,JASKUS010000001.1,4731,54744915,1.0,2407.6597,3946.0102,1.0,0.0,0.3476,nan,4578,0.0819,0.55,0.4613,0,0,0.2756,0.0,0.2756,0.0,0.3499,0.5431,-0.8751
None-gene-40011403,JASKUS010000001.1,4731,54744915,1.0,2407.6597,3946.0102,1.0,0.0,0.3476,nan,1770,0.0309,-0.1616,0.4618,0,0,0.1573,0.0118,0.1573,0.0118,0.4226,0.6785,1.2289
None-gene-40011828,JASKUS010000001.1,4731,54744915,1.0,2407.6597,3946.0102,1.0,0.0,0.3476,nan,237,0.0031,-0.5501,0.4618,0,0,0.0295,0.6756,0.0295,0.6756,0.4852,0.7951,3.0425
None-gene-40015687,JASKUS010000001.1,4731,54744915,1.0,2407.6597,3946.0102,1.0,0.0,0.3476,nan,15541,0.2808,3.3283,0.4625,0,0,0.4224,0.0,0.4224,0.0,0.3546,0.5518,-0.7397
None-gene-40033629,JASKUS010000001.1,4731,54744915,1.0,2407.6597,3946.0102,1.0,0.0,0.3476,nan,5443,0.0976,0.7692,0.4628,0,0,0.335,0.0,0.335,0.0,0.4413,0.7133,1.7705
None-gene-40041647,JASKUS010000001.1,4731,54744915,1.0,2407.6597,3946.0102,1.0,0.0,0.3476,nan,1323,0.0228,-0.2749,0.4629,0,0,0.3264,0.0,0.3264,0.0,0.3953,0.6276,0.4389
None-gene-40044252,JASKUS010000001.1,4731,54744915,1.0,2407.6597,3946.0102,1.0,0.0,0.3476,nan,9846,0.1775,1.885,0.4633,0,0,0.3666,0.0,0.3666,0.0,0.3459,0.5357,-0.9912
None-gene-40057190,JASKUS010000001.1,4731,54744915,1.0,2407.6597,3946.0102,1.0,0.0,0.3476,nan,1669,0.0291,-0.1872,0.4635,0,0,0.1052,0.093,0.1052,0.093,0.426,0.6848,1.3275
None-gene-40064766,JASKUS010000001.1,4731,54744915,1.0,2407.6597,3946.0102,1.0,0.0,0.3476,nan,279,0.0039,-0.5394,0.4637,0,0,0.058,0.3845,0.058,0.3845,0.4194,0.6724,1.135
None-gene-40073277,JASKUS010000001.1,4731,54744915,1.0,2407.6597,3946.0102,1.0,0.0,0.3476,nan,5525,0.0991,0.79,0.4642,0,0,0.1967,0.0016,0.1967,0.0016,0.3805,0.6,0.0085
None-gene-40084501,JASKUS010000001.1,4731,54744915,1.0,2407.6597,3946.0102,1.0,0.0,0.3476,nan,12716,0.2296,2.6123,0.4649,0,0,0.4278,0.0,0.4278,0.0,0.3624,0.5663,-0.5148
None-gene-40117651,JASKUS010000001.1,4731,54744915,1.0,2407.6597,3946.0102,1.0,0.0,0.3476,nan,1011,0.0171,-0.3539,0.4657,0,0,0.0169,0.7874,0.0169,0.7874,0.3976,0.6319,0.5058
None-gene-40124186,JASKUS010000001.1,4731,54744915,1.0,2407.6597,3946.0102,1.0,0.0,0.3476,nan,3173,0.0564,0.194,0.466,0,0,0.1763,0.0047,0.1763,0.0047,0.3933,0.6239,0.3811
None-gene-40127789,JASKUS010000001.1,4731,54744915,1.0,2407.6597,3946.0102,1.0,0.0,0.3476,nan,1653,0.0288,-0.1912,0.4661,0,0,0.1748,0.005,0.1748,0.005,0.4132,0.6609,0.9564
None-gene-40131828,JASKUS010000001.1,4731,54744915,1.0,2407.6597,3946.0102,1.0,0.0,0.3476,nan,1954,0.0343,-0.115,0.4662,0,0,0.1188,0.0577,0.1188,0.0577,0.4202,0.6739,1.1584
None-gene-40143185,JASKUS010000001.1,4731,54744915,1.0,2407.6597,3946.0102,1.0,0.0,0.3476,nan,1989,0.0349,-0.1061,0.4666,0,0,0.1289,0.0394,0.1289,0.0394,0.4379,0.707,1.6722
None-gene-40148508,JASKUS010000001.1,4731,54744915,1.0,2407.6597,3946.0102,1.0,0.0,0.3476,nan,1552,0.027,-0.2168,0.4668,0,0,0.2291,0.0002,0.2291,0.0002,0.4169,0.6678,1.0634
None-gene-40151043,JASKUS010000001.1,4731,54744915,1.0,2407.6597,3946.0102,1.0,0.0,0.3476,nan,1300,0.0224,-0.2807,0.4669,0,0,0.2272,0.0002,0.2272,0.0002,0.4046,0.645,0.7082
None-gene-40152413,JASKUS010000001.1,4731,54744915,1.0,2407.6597,3946.0102,1.0,0.0,0.3476,nan,11108,0.2004,2.2048,0.4673,0,0,0.4229,0.0,0.4229,0.0,0.3863,0.6108,0.1778
None-gene-40160617,JASKUS010000001.1,4731,54744915,1.0,2407.6597,3946.0102,1.0,0.0,0.3476,nan,936,0.0158,-0.3729,0.4672,0,0,0.1484,0.0175,0.1484,0.0175,0.4071,0.6495,0.7787
None-gene-40164051,JASKUS010000001.1,4731,54744915,1.0,2407.6597,3946.0102,1.0,0.0,0.3476,nan,3253,0.0578,0.2142,0.4674,0,0,0.1347,0.0311,0.1347,0.0311,0.4006,0.6374,0.5906
None-gene-40167394,JASKUS010000001.1,4731,54744915,1.0,2407.6597,3946.0102,1.0,0.0,0.3476,nan,246,0.0033,-0.5478,0.4674,0,0,0.214,0.0008,0.214,0.0008,0.4431,0.7166,1.8222
None-gene-40176843,JASKUS010000001.1,4731,54744915,1.0,2407.6597,3946.0102,1.0,0.0,0.3476,nan,165,0.0018,-0.5683,0.4678,0,0,0.1322,0.0614,0.1322,0.0614,0.4303,0.6928,1.452
None-gene-40177202,JASKUS010000001.1,4731,54744915,1.0,2407.6597,3946.0102,1.0,0.0,0.3476,nan,5039,0.0902,0.6668,0.468,0,0,0.2707,0.0,0.2707,0.0,0.3465,0.5367,-0.9747
None-gene-40180607,JASKUS010000001.1,4731,54744915,1.0,2407.6597,3946.0102,1.0,0.0,0.3476,nan,135,0.0013,-0.5759,0.4679,0,0,0.0702,0.3545,0.0702,0.3545,0.4,0.6364,0.5746
None-gene-40186740,JASKUS010000001.1,4731,54744915,1.0,2407.6597,3946.0102,1.0,0.0,0.3476,nan,2844,0.0504,0.1106,0.4682,0,0,0.1005,0.1085,0.1005,0.1085,0.3657,0.5724,-0.4191
None-gene-40196839,JASKUS010000001.1,4731,54744915,1.0,2407.6597,3946.0102,1.0,0.0,0.3476,nan,177,0.002,-0.5653,0.4685,0,0,0.172,0.0108,0.172,0.0108,0.3729,0.5859,-0.2107
None-gene-40221617,JASKUS010000001.1,4731,54744915,1.0,2407.6597,3946.0102,1.0,0.0,0.3476,nan,851,0.0142,-0.3945,0.4695,0,0,0.1229,0.0495,0.1229,0.0495,0.3831,0.6048,0.0846
None-gene-40258612,JASKUS010000001.1,4731,54744915,1.0,2407.6597,3946.0102,1.0,0.0,0.3476,nan,138,0.0013,-0.5752,0.4708,0,0,0.1304,0.0663,0.1304,0.0663,0.4058,0.6472,0.7424
None-gene-40275302,JASKUS010000001.1,4731,54744915,1.0,2407.6597,3946.0102,1.0,0.0,0.3476,nan,225,0.0029,-0.5531,0.4714,0,0,-0.0789,0.2428,-0.0789,0.2428,0.3911,0.6198,0.3172
None-gene-40276039,JASKUS010000001.1,4731,54744915,1.0,2407.6597,3946.0102,1.0,0.0,0.3476,nan,174,0.002,-0.5661,0.4714,0,0,0.059,0.421,0.059,0.421,0.3736,0.5871,-0.1909
None-gene-40276223,JASKUS010000001.1,4731,54744915,1.0,2407.6597,3946.0102,1.0,0.0,0.3476,nan,258,0.0035,-0.5448,0.4714,0,0,0.0161,0.821,0.0161,0.821,0.376,0.5916,-0.1213
None-gene-40277752,JASKUS010000001.1,4731,54744915,1.0,2407.6597,3946.0102,1.0,0.0,0.3476,nan,738,0.0122,-0.4231,0.4715,0,0,0.0683,0.2761,0.0683,0.2761,0.3902,0.6182,0.2921
None-gene-40283686,JASKUS010000001.1,4731,54744915,1.0,2407.6597,3946.0102,1.0,0.0,0.3476,nan,162,0.0017,-0.5691,0.4717,0,0,-0.1015,0.1906,-0.1015,0.1906,0.3765,0.5927,-0.1047
None-gene-40285633,JASKUS010000001.1,4731,54744915,1.0,2407.6597,3946.0102,1.0,0.0,0.3476,nan,288,0.004,-0.5372,0.4718,0,0,0.1864,0.0042,0.1864,0.0042,0.3958,0.6286,0.4539
None-gene-40302978,JASKUS010000001.1,4731,54744915,1.0,2407.6597,3946.0102,1.0,0.0,0.3476,nan,451,0.007,-0.4959,0.4724,0,0,0.0441,0.4898,0.0441,0.4898,0.4302,0.6925,1.4477
None-gene-40317941,JASKUS010000001.1,4731,54744915,1.0,2407.6597,3946.0102,1.0,0.0,0.3476,nan,264,0.0036,-0.5432,0.4729,0,0,0.0787,0.2243,0.0787,0.2243,0.4167,0.6674,1.0572
None-gene-40352033,JASKUS010000001.1,4731,54744915,1.0,2407.6597,3946.0102,1.0,0.0,0.3476,nan,468,0.0073,-0.4915,0.4742,0,0,0.069,0.2791,0.069,0.2791,0.406,0.6475,0.7478
None-gene-40386919,JASKUS010000001.1,4731,54744915,1.0,2407.6597,3946.0102,1.0,0.0,0.3476,nan,1938,0.034,-0.119,0.4755,0,0,0.174,0.0052,0.174,0.0052,0.3431,0.5305,-1.0719
None-gene-40399741,JASKUS010000001.1,4731,54744915,1.0,2407.6597,3946.0102,1.0,0.0,0.3476,nan,12975,0.2343,2.678,0.4764,0,0,0.3156,0.0,0.3156,0.0,0.3309,0.5076,-1.4272
None-gene-40424194,JASKUS010000001.1,4731,54744915,1.0,2407.6597,3946.0102,1.0,0.0,0.3476,nan,345,0.0051,-0.5227,0.4768,0,0,0.197,0.0022,0.197,0.0022,0.3884,0.6148,0.2388
None-gene-40492845,JASKUS010000001.1,4731,54744915,1.0,2407.6597,3946.0102,1.0,0.0,0.3476,nan,693,0.0114,-0.4345,0.4794,0,0,0.1088,0.0867,0.1088,0.0867,0.4185,0.6708,1.1094
None-gene-40503627,JASKUS010000001.1,4731,54744915,1.0,2407.6597,3946.0102,1.0,0.0,0.3476,nan,2029,0.0356,-0.096,0.4798,0,0,0.1961,0.0016,0.1961,0.0016,0.3879,0.6138,0.2235
None-gene-40516933,JASKUS010000001.1,4731,54744915,1.0,2407.6597,3946.0102,1.0,0.0,0.3476,nan,669,0.0109,-0.4406,0.4802,0,0,-0.1567,0.0121,-0.1567,0.0121,0.432,0.6959,1.5008
None-gene-40523932,JASKUS010000001.1,4731,54744915,1.0,2407.6597,3946.0102,1.0,0.0,0.3476,nan,1498,0.026,-0.2305,0.4805,0,0,0.1755,0.0049,0.1755,0.0049,0.3932,0.6237,0.3774
None-gene-40581813,JASKUS010000001.1,4731,54744915,1.0,2407.6597,3946.0102,1.0,0.0,0.3476,nan,132,0.0012,-0.5767,0.4826,0,0,0.0547,0.4619,0.0547,0.4619,0.4621,0.7521,2.3733
None-gene-40600601,JASKUS010000001.1,4731,54744915,1.0,2407.6597,3946.0102,1.0,0.0,0.3476,nan,9474,0.1707,1.7908,0.4836,0,0,0.3713,0.0,0.3713,0.0,0.3525,0.548,-0.7996
None-gene-40634598,JASKUS010000001.1,4731,54744915,1.0,2407.6597,3946.0102,1.0,0.0,0.3476,nan,384,0.0058,-0.5128,0.4845,0,0,0.1012,0.1118,0.1012,0.1118,0.388,0.6141,0.2277
None-gene-40634690,JASKUS010000001.1,4731,54744915,1.0,2407.6597,3946.0102,1.0,0.0,0.3476,nan,180,0.0021,-0.5645,0.4845,0,0,0.1094,0.1017,0.1094,0.1017,0.4222,0.6778,1.218
None-gene-40662098,JASKUS010000001.1,4731,54744915,1.0,2407.6597,3946.0102,1.0,0.0,0.3476,nan,855,0.0143,-0.3935,0.4855,0,0,0.1135,0.0699,0.1135,0.0699,0.3474,0.5383,-0.9494
None-gene-40674596,JASKUS010000001.1,4731,54744915,1.0,2407.6597,3946.0102,1.0,0.0,0.3476,nan,1408,0.0244,-0.2533,0.486,0,0,0.0181,0.7728,0.0181,0.7728,0.4126,0.6599,0.9406
None-gene-40681397,JASKUS010000001.1,4731,54744915,1.0,2407.6597,3946.0102,1.0,0.0,0.3476,nan,1351,0.0233,-0.2678,0.4863,0,0,0.1804,0.0038,0.1804,0.0038,0.3864,0.611,0.1802
None-gene-40683208,JASKUS010000001.1,4731,54744915,1.0,2407.6597,3946.0102,1.0,0.0,0.3476,nan,1322,0.0228,-0.2751,0.4863,0,0,0.1831,0.0033,0.1831,0.0033,0.4304,0.693,1.4551
None-gene-40690023,JASKUS010000001.1,4731,54744915,1.0,2407.6597,3946.0102,1.0,0.0,0.3476,nan,4648,0.0832,0.5677,0.4867,0,0,0.2958,0.0,0.2958,0.0,0.3681,0.577,-0.3487
None-gene-40695529,JASKUS010000001.1,4731,54744915,1.0,2407.6597,3946.0102,1.0,0.0,0.3476,nan,876,0.0147,-0.3882,0.4868,0,0,0.1667,0.0084,0.1667,0.0084,0.4201,0.6738,1.1563
None-gene-40698801,JASKUS010000001.1,4731,54744915,1.0,2407.6597,3946.0102,1.0,0.0,0.3476,nan,177,0.002,-0.5653,0.4869,0,0,0.0645,0.3967,0.0645,0.3967,0.3559,0.5543,-0.7015
None-gene-40699396,JASKUS010000001.1,4731,54744915,1.0,2407.6597,3946.0102,1.0,0.0,0.3476,nan,672,0.011,-0.4399,0.4869,0,0,0.0465,0.4588,0.0465,0.4588,0.4122,0.6591,0.9279
None-gene-40703650,JASKUS010000001.1,4731,54744915,1.0,2407.6597,3946.0102,1.0,0.0,0.3476,nan,867,0.0145,-0.3904,0.4871,0,0,0.0905,0.1485,0.0905,0.1485,0.4095,0.654,0.8484
None-gene-40713819,JASKUS010000001.1,4731,54744915,1.0,2407.6597,3946.0102,1.0,0.0,0.3476,nan,466,0.0073,-0.4921,0.4874,0,0,0.0942,0.1389,0.0942,0.1389,0.4142,0.6627,0.9847
None-gene-40715125,JASKUS010000001.1,4731,54744915,1.0,2407.6597,3946.0102,1.0,0.0,0.3476,nan,216,0.0027,-0.5554,0.4875,0,0,-0.1523,0.0245,-0.1523,0.0245,0.4306,0.6933,1.4593
None-gene-40718062,JASKUS010000001.1,4731,54744915,1.0,2407.6597,3946.0102,1.0,0.0,0.3476,nan,2677,0.0474,0.0683,0.4877,0,0,0.1205,0.0543,0.1205,0.0543,0.4188,0.6713,1.1175
None-gene-40724294,JASKUS010000001.1,4731,54744915,1.0,2407.6597,3946.0102,1.0,0.0,0.3476,nan,1070,0.0182,-0.339,0.4878,0,0,0.0292,0.6414,0.0292,0.6414,0.372,0.5841,-0.2373
None-gene-40729406,JASKUS010000001.1,4731,54744915,1.0,2407.6597,3946.0102,1.0,0.0,0.3476,nan,821,0.0137,-0.4021,0.488,0,0,0.0825,0.1884,0.0825,0.1884,0.4373,0.7058,1.6538
None-gene-40729494,JASKUS010000001.1,4731,54744915,1.0,2407.6597,3946.0102,1.0,0.0,0.3476,nan,384,0.0058,-0.5128,0.488,0,0,-0.0199,0.7576,-0.0199,0.7576,0.4427,0.7159,1.8112
None-gene-40736545,JASKUS010000001.1,4731,54744915,1.0,2407.6597,3946.0102,1.0,0.0,0.3476,nan,577,0.0093,-0.4639,0.4883,0,0,0.022,0.726,0.022,0.726,0.4246,0.6822,1.2872
None-gene-40737767,JASKUS010000001.1,4731,54744915,1.0,2407.6597,3946.0102,1.0,0.0,0.3476,nan,605,0.0098,-0.4568,0.4883,0,0,0.0858,0.1711,0.0858,0.1711,0.3983,0.6333,0.5267
None-gene-40743405,JASKUS010000001.1,4731,54744915,1.0,2407.6597,3946.0102,1.0,0.0,0.3476,nan,243,0.0032,-0.5486,0.4885,0,0,0.021,0.7724,0.021,0.7724,0.4156,0.6655,1.0274
None-gene-40744946,JASKUS010000001.1,4731,54744915,1.0,2407.6597,3946.0102,1.0,0.0,0.3476,nan,1851,0.0324,-0.1411,0.4886,0,0,0.1478,0.018,0.1478,0.018,0.4365,0.7044,1.632
None-gene-40750099,JASKUS010000001.1,4731,54744915,1.0,2407.6597,3946.0102,1.0,0.0,0.3476,nan,5891,0.1057,0.8827,0.4889,0,0,0.2686,0.0,0.2686,0.0,0.3884,0.6147,0.2384
None-gene-40753320,JASKUS010000001.1,4731,54744915,1.0,2407.6597,3946.0102,1.0,0.0,0.3476,nan,186,0.0022,-0.563,0.4889,0,0,0.0061,0.9325,0.0061,0.9325,0.4247,0.6824,1.2907
None-gene-40757181,JASKUS010000001.1,4731,54744915,1.0,2407.6597,3946.0102,1.0,0.0,0.3476,nan,458,0.0071,-0.4941,0.489,0,0,-0.0511,0.4232,-0.0511,0.4232,0.3668,0.5746,-0.3864
None-gene-40760995,JASKUS010000001.1,4731,54744915,1.0,2407.6597,3946.0102,1.0,0.0,0.3476,nan,387,0.0058,-0.5121,0.4891,0,0,0.0284,0.6566,0.0284,0.6566,0.4548,0.7384,2.1608
None-gene-40762695,JASKUS010000001.1,4731,54744915,1.0,2407.6597,3946.0102,1.0,0.0,0.3476,nan,4741,0.0848,0.5913,0.4894,0,0,0.2372,0.0001,0.2372,0.0001,0.4193,0.6723,1.134
None-gene-40773590,JASKUS010000001.1,4731,54744915,1.0,2407.6597,3946.0102,1.0,0.0,0.3476,nan,300,0.0042,-0.5341,0.4896,0,0,0.1071,0.1029,0.1071,0.1029,0.4367,0.7047,1.6363
None-gene-40787584,JASKUS010000001.1,4731,54744915,1.0,2407.6597,3946.0102,1.0,0.0,0.3476,nan,633,0.0103,-0.4497,0.4901,0,0,0.1596,0.0105,0.1596,0.0105,0.4724,0.7711,2.6696
None-gene-40794823,JASKUS010000001.1,4731,54744915,1.0,2407.6597,3946.0102,1.0,0.0,0.3476,nan,747,0.0124,-0.4208,0.4904,0,0,0.0613,0.3283,0.0613,0.3283,0.3815,0.602,0.0396
None-gene-40804923,JASKUS010000001.1,4731,54744915,1.0,2407.6597,3946.0102,1.0,0.0,0.3476,nan,189,0.0022,-0.5623,0.4907,0,0,-0.0973,0.1441,-0.0973,0.1441,0.4656,0.7586,2.4743
None-gene-40808924,JASKUS010000001.1,4731,54744915,1.0,2407.6597,3946.0102,1.0,0.0,0.3476,nan,8080,0.1454,1.4375,0.4912,0,0,0.3647,0.0,0.3647,0.0,0.3354,0.516,-1.2961
None-gene-40819768,JASKUS010000001.1,4731,54744915,1.0,2407.6597,3946.0102,1.0,0.0,0.3476,nan,4089,0.073,0.4261,0.4914,0,0,0.3811,0.0,0.3811,0.0,0.4407,0.7122,1.7529
None-gene-40824789,JASKUS010000001.1,4731,54744915,1.0,2407.6597,3946.0102,1.0,0.0,0.3476,nan,471,0.0073,-0.4908,0.4915,0,0,0.0054,0.9313,0.0054,0.9313,0.4204,0.6743,1.1647
None-gene-40839414,JASKUS010000001.1,4731,54744915,1.0,2407.6597,3946.0102,1.0,0.0,0.3476,nan,787,0.0131,-0.4107,0.492,0,0,0.1494,0.0167,0.1494,0.0167,0.3825,0.6037,0.0668
None-gene-40848454,JASKUS010000001.1,4731,54744915,1.0,2407.6597,3946.0102,1.0,0.0,0.3476,nan,219,0.0028,-0.5547,0.4923,0,0,-0.122,0.0671,-0.122,0.0671,0.4886,0.8014,3.1396
None-gene-40849504,JASKUS010000001.1,4731,54744915,1.0,2407.6597,3946.0102,1.0,0.0,0.3476,nan,392,0.0059,-0.5108,0.4924,0,0,0.2012,0.0024,0.2012,0.0024,0.4694,0.7656,2.5837
None-gene-40860609,JASKUS010000001.1,4731,54744915,1.0,2407.6597,3946.0102,1.0,0.0,0.3476,nan,354,0.0052,-0.5204,0.4928,0,0,-0.0388,0.5626,-0.0388,0.5626,0.3588,0.5595,-0.6197
None-gene-40870695,JASKUS010000001.1,4731,54744915,1.0,2407.6597,3946.0102,1.0,0.0,0.3476,nan,1287,0.0222,-0.284,0.4932,0,0,0.1909,0.0022,0.1909,0.0022,0.3512,0.5455,-0.8384
None-gene-40870709,JASKUS010000001.1,4731,54744915,1.0,2407.6597,3946.0102,1.0,0.0,0.3476,nan,108,0.0008,-0.5828,0.4931,0,0,-0.0295,0.7154,-0.0295,0.7154,0.3981,0.6329,0.5209
None-gene-40873945,JASKUS010000001.1,4731,54744915,1.0,2407.6597,3946.0102,1.0,0.0,0.3476,nan,336,0.0049,-0.525,0.4933,0,0,-0.0403,0.5519,-0.0403,0.5519,0.3839,0.6064,0.1092
None-gene-40876208,JASKUS010000001.1,4731,54744915,1.0,2407.6597,3946.0102,1.0,0.0,0.3476,nan,3248,0.0577,0.213,0.4935,0,0,0.1915,0.0021,0.1915,0.0021,0.4031,0.6422,0.6647
None-gene-40880546,JASKUS010000001.1,4731,54744915,1.0,2407.6597,3946.0102,1.0,0.0,0.3476,nan,438,0.0068,-0.4992,0.4935,0,0,0.0776,0.2232,0.0776,0.2232,0.3721,0.5845,-0.232
None-gene-40890226,JASKUS010000001.1,4731,54744915,1.0,2407.6597,3946.0102,1.0,0.0,0.3476,nan,756,0.0125,-0.4186,0.4939,0,0,0.0865,0.1737,0.0865,0.1737,0.3876,0.6132,0.2145
None-gene-40922642,JASKUS010000001.1,4731,54744915,1.0,2407.6597,3946.0102,1.0,0.0,0.3476,nan,945,0.016,-0.3707,0.4951,0,0,0.1519,0.015,0.1519,0.015,0.3905,0.6186,0.2988
None-gene-40938829,JASKUS010000001.1,4731,54744915,1.0,2407.6597,3946.0102,1.0,0.0,0.3476,nan,2633,0.0466,0.0571,0.4957,0,0,0.0835,0.1829,0.0835,0.1829,0.3992,0.6348,0.5504
None-gene-40959748,JASKUS010000001.1,4731,54744915,1.0,2407.6597,3946.0102,1.0,0.0,0.3476,nan,2301,0.0406,-0.027,0.4965,0,0,0.0468,0.4558,0.0468,0.4558,0.4176,0.6692,1.0855
None-gene-41007523,JASKUS010000001.1,4731,54744915,1.0,2407.6597,3946.0102,1.0,0.0,0.3476,nan,219,0.0028,-0.5547,0.4981,0,0,0.1609,0.0254,0.1609,0.0254,0.4703,0.7673,2.6107
None-gene-41030256,JASKUS010000001.1,4731,54744915,1.0,2407.6597,3946.0102,1.0,0.0,0.3476,nan,237,0.0031,-0.5501,0.499,0,0,0.1027,0.1189,0.1027,0.1189,0.4177,0.6694,1.0877
None-gene-41036365,JASKUS010000001.1,4731,54744915,1.0,2407.6597,3946.0102,1.0,0.0,0.3476,nan,10652,0.1921,2.0893,0.4996,0,0,0.361,0.0,0.361,0.0,0.3476,0.5388,-0.9417
None-gene-41062255,JASKUS010000001.1,4731,54744915,1.0,2407.6597,3946.0102,1.0,0.0,0.3476,nan,192,0.0023,-0.5615,0.5001,0,0,0.121,0.0855,0.121,0.0855,0.4062,0.648,0.7555
None-gene-41114242,JASKUS010000001.1,4731,54744915,1.0,2407.6597,3946.0102,1.0,0.0,0.3476,nan,795,0.0132,-0.4087,0.5021,0,0,0.1186,0.058,0.1186,0.058,0.4604,0.7488,2.3228
None-gene-41114724,JASKUS010000001.1,4731,54744915,1.0,2407.6597,3946.0102,1.0,0.0,0.3476,nan,261,0.0035,-0.544,0.5021,0,0,0.0706,0.2748,0.0706,0.2748,0.4636,0.7548,2.4162
None-gene-41163430,JASKUS010000001.1,4731,54744915,1.0,2407.6597,3946.0102,1.0,0.0,0.3476,nan,1227,0.0211,-0.2992,0.5039,0,0,0.2027,0.0013,0.2027,0.0013,0.4344,0.7004,1.5704
None-gene-41164128,JASKUS010000001.1,4731,54744915,1.0,2407.6597,3946.0102,1.0,0.0,0.3476,nan,301,0.0043,-0.5339,0.5039,0,0,0.2871,0.0,0.2871,0.0,0.4784,0.7824,2.8448
None-gene-41171162,JASKUS010000001.1,4731,54744915,1.0,2407.6597,3946.0102,1.0,0.0,0.3476,nan,347,0.0051,-0.5222,0.5041,0,0,0.0195,0.7603,0.0195,0.7603,0.4063,0.6482,0.7581
None-gene-41172402,JASKUS010000001.1,4731,54744915,1.0,2407.6597,3946.0102,1.0,0.0,0.3476,nan,2383,0.042,-0.0062,0.5042,0,0,0.1309,0.0364,0.1309,0.0364,0.3919,0.6214,0.3413
None-gene-41184488,JASKUS010000001.1,4731,54744915,1.0,2407.6597,3946.0102,1.0,0.0,0.3476,nan,1999,0.0351,-0.1036,0.5047,0,0,-0.0135,0.8294,-0.0135,0.8294,0.4032,0.6423,0.6673
None-gene-41189505,JASKUS010000001.1,4731,54744915,1.0,2407.6597,3946.0102,1.0,0.0,0.3476,nan,12346,0.2229,2.5186,0.5052,0,0,0.2577,0.0,0.2577,0.0,0.3784,0.5962,-0.0502
None-gene-41195093,JASKUS010000001.1,4731,54744915,1.0,2407.6597,3946.0102,1.0,0.0,0.3476,nan,653,0.0107,-0.4447,0.505,0,0,0.1046,0.0949,0.1046,0.0949,0.3982,0.6329,0.5213
None-gene-41205670,JASKUS010000001.1,4731,54744915,1.0,2407.6597,3946.0102,1.0,0.0,0.3476,nan,1299,0.0224,-0.281,0.5054,0,0,0.1722,0.0057,0.1722,0.0057,0.4165,0.667,1.0516
None-gene-41207957,JASKUS010000001.1,4731,54744915,1.0,2407.6597,3946.0102,1.0,0.0,0.3476,nan,2391,0.0422,-0.0042,0.5055,0,0,0.1508,0.0157,0.1508,0.0157,0.3726,0.5854,-0.2175
None-gene-41210786,JASKUS010000001.1,4731,54744915,1.0,2407.6597,3946.0102,1.0,0.0,0.3476,nan,3464,0.0617,0.2677,0.5057,0,0,0.2555,0.0,0.2555,0.0,0.4258,0.6844,1.3219
None-gene-41217440,JASKUS010000001.1,4731,54744915,1.0,2407.6597,3946.0102,1.0,0.0,0.3476,nan,651,0.0106,-0.4452,0.5058,0,0,0.1306,0.0367,0.1306,0.0367,0.4455,0.721,1.8911
None-gene-41226564,JASKUS010000001.1,4731,54744915,1.0,2407.6597,3946.0102,1.0,0.0,0.3476,nan,1143,0.0195,-0.3205,0.5062,0,0,0.1049,0.0938,0.1049,0.0938,0.4051,0.6458,0.7215
None-gene-41227429,JASKUS010000001.1,4731,54744915,1.0,2407.6597,3946.0102,1.0,0.0,0.3476,nan,150,0.0015,-0.5721,0.5062,0,0,-0.074,0.3092,-0.074,0.3092,0.4733,0.7729,2.698
None-gene-41230983,JASKUS010000001.1,4731,54744915,1.0,2407.6597,3946.0102,1.0,0.0,0.3476,nan,880,0.0148,-0.3871,0.5063,0,0,0.1349,0.0309,0.1349,0.0309,0.4182,0.6702,1.101
None-gene-41244200,JASKUS010000001.1,4731,54744915,1.0,2407.6597,3946.0102,1.0,0.0,0.3476,nan,2280,0.0402,-0.0324,0.5069,0,0,0.1103,0.0783,0.1103,0.0783,0.3404,0.5253,-1.1526
None-gene-41252454,JASKUS010000001.1,4731,54744915,1.0,2407.6597,3946.0102,1.0,0.0,0.3476,nan,7256,0.1305,1.2287,0.5073,0,0,0.3578,0.0,0.3578,0.0,0.4122,0.6591,0.9281
None-gene-41292001,JASKUS010000001.1,4731,54744915,1.0,2407.6597,3946.0102,1.0,0.0,0.3476,nan,321,0.0046,-0.5288,0.5085,0,0,0.0383,0.5535,0.0383,0.5535,0.4237,0.6805,1.2601
None-gene-41297244,JASKUS010000001.1,4731,54744915,1.0,2407.6597,3946.0102,1.0,0.0,0.3476,nan,123,0.001,-0.579,0.5087,0,0,0.0425,0.5596,0.0425,0.5596,0.4553,0.7393,2.1754
None-gene-41360633,JASKUS010000001.1,4731,54744915,1.0,2407.6597,3946.0102,1.0,0.0,0.3476,nan,16745,0.3027,3.6334,0.5116,0,0,0.2957,0.0,0.2957,0.0,0.4182,0.6703,1.1022
None-gene-41367428,JASKUS010000001.1,4731,54744915,1.0,2407.6597,3946.0102,1.0,0.0,0.3476,nan,947,0.016,-0.3702,0.5113,0,0,0.0909,0.147,0.0909,0.147,0.4392,0.7094,1.7095
None-gene-41384545,JASKUS010000001.1,4731,54744915,1.0,2407.6597,3946.0102,1.0,0.0,0.3476,nan,672,0.011,-0.4399,0.5119,0,0,0.1546,0.0133,0.1546,0.0133,0.3646,0.5704,-0.451
None-gene-41391656,JASKUS010000001.1,4731,54744915,1.0,2407.6597,3946.0102,1.0,0.0,0.3476,nan,3139,0.0558,0.1853,0.5123,0,0,0.2924,0.0,0.2924,0.0,0.3769,0.5933,-0.0951
None-gene-41398235,JASKUS010000001.1,4731,54744915,1.0,2407.6597,3946.0102,1.0,0.0,0.3476,nan,297,0.0042,-0.5349,0.5124,0,0,0.2009,0.0014,0.2009,0.0014,0.4276,0.6878,1.374
None-gene-41398781,JASKUS010000001.1,4731,54744915,1.0,2407.6597,3946.0102,1.0,0.0,0.3476,nan,502,0.0079,-0.4829,0.5124,0,0,0.1127,0.0802,0.1127,0.0802,0.3367,0.5184,-1.2597
None-gene-41401807,JASKUS010000001.1,4731,54744915,1.0,2407.6597,3946.0102,1.0,0.0,0.3476,nan,1611,0.028,-0.2019,0.5126,0,0,0.2472,0.0001,0.2472,0.0001,0.4339,0.6995,1.5559
None-gene-41405585,JASKUS010000001.1,4731,54744915,1.0,2407.6597,3946.0102,1.0,0.0,0.3476,nan,700,0.0115,-0.4328,0.5127,0,0,0.1353,0.0331,0.1353,0.0331,0.3886,0.6151,0.2436
None-gene-41407563,JASKUS010000001.1,4731,54744915,1.0,2407.6597,3946.0102,1.0,0.0,0.3476,nan,1444,0.025,-0.2442,0.5128,0,0,0.1185,0.0582,0.1185,0.0582,0.3587,0.5595,-0.6206
None-gene-41414137,JASKUS010000001.1,4731,54744915,1.0,2407.6597,3946.0102,1.0,0.0,0.3476,nan,7161,0.1288,1.2046,0.5132,0,0,0.4012,0.0,0.4012,0.0,0.4023,0.6407,0.6417
None-gene-41434861,JASKUS010000001.1,4731,54744915,1.0,2407.6597,3946.0102,1.0,0.0,0.3476,nan,709,0.0117,-0.4305,0.5138,0,0,-0.1421,0.023,-0.1421,0.023,0.4288,0.69,1.4077
None-gene-41441687,JASKUS010000001.1,4731,54744915,1.0,2407.6597,3946.0102,1.0,0.0,0.3476,nan,1877,0.0329,-0.1345,0.5141,0,0,0.1772,0.0044,0.1772,0.0044,0.3815,0.6018,0.0377
None-gene-41448182,JASKUS010000001.1,4731,54744915,1.0,2407.6597,3946.0102,1.0,0.0,0.3476,nan,5026,0.09,0.6635,0.5144,0,0,0.2888,0.0,0.2888,0.0,0.394,0.6251,0.3994
None-gene-41452826,JASKUS010000001.1,4731,54744915,1.0,2407.6597,3946.0102,1.0,0.0,0.3476,nan,123,0.001,-0.579,0.5144,0,0,-0.1167,0.1353,-0.1167,0.1353,0.4065,0.6485,0.7629
None-gene-41471275,JASKUS010000001.1,4731,54744915,1.0,2407.6597,3946.0102,1.0,0.0,0.3476,nan,31530,0.571,7.3802,0.5162,0,0,0.5213,0.0,0.5213,0.0,0.3543,0.5513,-0.7479
None-gene-41480666,JASKUS010000001.1,4731,54744915,1.0,2407.6597,3946.0102,1.0,0.0,0.3476,nan,556,0.0089,-0.4692,0.5154,0,0,0.0697,0.2667,0.0697,0.2667,0.4101,0.6551,0.8662
None-gene-41484994,JASKUS010000001.1,4731,54744915,1.0,2407.6597,3946.0102,1.0,0.0,0.3476,nan,1389,0.024,-0.2581,0.5156,0,0,0.1693,0.0066,0.1693,0.0066,0.4248,0.6825,1.2917
None-gene-41509330,JASKUS010000001.1,4731,54744915,1.0,2407.6597,3946.0102,1.0,0.0,0.3476,nan,12588,0.2272,2.5799,0.5169,0,0,0.3338,0.0,0.3338,0.0,0.3626,0.5666,-0.5093
None-gene-41515814,JASKUS010000001.1,4731,54744915,1.0,2407.6597,3946.0102,1.0,0.0,0.3476,nan,1240,0.0213,-0.2959,0.5167,0,0,0.188,0.0025,0.188,0.0025,0.4,0.6364,0.5746
None-gene-41526126,JASKUS010000001.1,4731,54744915,1.0,2407.6597,3946.0102,1.0,0.0,0.3476,nan,2720,0.0482,0.0792,0.5172,0,0,0.2687,0.0,0.2687,0.0,0.4022,0.6405,0.6384
None-gene-41530845,JASKUS010000001.1,4731,54744915,1.0,2407.6597,3946.0102,1.0,0.0,0.3476,nan,557,0.0089,-0.469,0.5173,0,0,0.1441,0.0211,0.1441,0.0211,0.4004,0.637,0.585
None-gene-41532418,JASKUS010000001.1,4731,54744915,1.0,2407.6597,3946.0102,1.0,0.0,0.3476,nan,890,0.015,-0.3846,0.5173,0,0,-0.0118,0.8515,-0.0118,0.8515,0.3921,0.6217,0.3468
None-gene-41540057,JASKUS010000001.1,4731,54744915,1.0,2407.6597,3946.0102,1.0,0.0,0.3476,nan,738,0.0122,-0.4231,0.5176,0,0,0.193,0.0019,0.193,0.0019,0.3388,0.5223,-1.1989
None-gene-41542983,JASKUS010000001.1,4731,54744915,1.0,2407.6597,3946.0102,1.0,0.0,0.3476,nan,216,0.0027,-0.5554,0.5177,0,0,0.0448,0.5159,0.0448,0.5159,0.5,0.8226,3.4701
None-gene-41542984,JASKUS010000001.1,4731,54744915,1.0,2407.6597,3946.0102,1.0,0.0,0.3476,nan,678,0.0111,-0.4383,0.5177,0,0,0.2358,0.0001,0.2358,0.0001,0.4395,0.71,1.7191
None-gene-41545028,JASKUS010000001.1,4731,54744915,1.0,2407.6597,3946.0102,1.0,0.0,0.3476,nan,1290,0.0222,-0.2832,0.5178,0,0,0.128,0.0407,0.128,0.0407,0.431,0.6941,1.4724
None-gene-41548827,JASKUS010000001.1,4731,54744915,1.0,2407.6597,3946.0102,1.0,0.0,0.3476,nan,1335,0.023,-0.2718,0.518,0,0,0.2251,0.0003,0.2251,0.0003,0.3603,0.5624,-0.575
None-gene-41585860,JASKUS010000001.1,4731,54744915,1.0,2407.6597,3946.0102,1.0,0.0,0.3476,nan,14330,0.2589,3.0214,0.5198,0,0,0.4334,0.0,0.4334,0.0,0.3567,0.5556,-0.6803
None-gene-41612608,JASKUS010000001.1,4731,54744915,1.0,2407.6597,3946.0102,1.0,0.0,0.3476,nan,4243,0.0758,0.4651,0.5204,0,0,0.0983,0.1166,0.0983,0.1166,0.3958,0.6286,0.4543
None-gene-41632220,JASKUS010000001.1,4731,54744915,1.0,2407.6597,3946.0102,1.0,0.0,0.3476,nan,9350,0.1685,1.7593,0.5213,0,0,0.3287,0.0,0.3287,0.0,0.3769,0.5933,-0.0944
None-gene-41643503,JASKUS010000001.1,4731,54744915,1.0,2407.6597,3946.0102,1.0,0.0,0.3476,nan,861,0.0144,-0.392,0.5214,0,0,0.2378,0.0001,0.2378,0.0001,0.3751,0.5901,-0.1451
None-gene-41645432,JASKUS010000001.1,4731,54744915,1.0,2407.6597,3946.0102,1.0,0.0,0.3476,nan,633,0.0103,-0.4497,0.5215,0,0,0.0012,0.9855,0.0012,0.9855,0.3302,0.5063,-1.4473
None-gene-41646767,JASKUS010000001.1,4731,54744915,1.0,2407.6597,3946.0102,1.0,0.0,0.3476,nan,662,0.0108,-0.4424,0.5215,0,0,0.0376,0.5556,0.0376,0.5556,0.3958,0.6285,0.4521
None-gene-41647032,JASKUS010000001.1,4731,54744915,1.0,2407.6597,3946.0102,1.0,0.0,0.3476,nan,174,0.002,-0.5661,0.5215,0,0,0.0692,0.3278,0.0692,0.3278,0.4253,0.6835,1.3068
None-gene-41647867,JASKUS010000001.1,4731,54744915,1.0,2407.6597,3946.0102,1.0,0.0,0.3476,nan,153,0.0016,-0.5714,0.5215,0,0,-0.0476,0.5781,-0.0476,0.5781,0.2876,0.427,-2.6806
None-gene-41649011,JASKUS010000001.1,4731,54744915,1.0,2407.6597,3946.0102,1.0,0.0,0.3476,nan,3537,0.063,0.2862,0.5217,0,0,0.268,0.0,0.268,0.0,0.4142,0.6628,0.9855
None-gene-41652613,JASKUS010000001.1,4731,54744915,1.0,2407.6597,3946.0102,1.0,0.0,0.3476,nan,1840,0.0322,-0.1439,0.5218,0,0,0.1835,0.0032,0.1835,0.0032,0.387,0.6121,0.1969
None-gene-41654827,JASKUS010000001.1,4731,54744915,1.0,2407.6597,3946.0102,1.0,0.0,0.3476,nan,1413,0.0244,-0.2521,0.5218,0,0,0.2338,0.0002,0.2338,0.0002,0.3878,0.6137,0.2221
None-gene-41660172,JASKUS010000001.1,4731,54744915,1.0,2407.6597,3946.0102,1.0,0.0,0.3476,nan,1269,0.0218,-0.2886,0.522,0,0,0.1906,0.0022,0.1906,0.0022,0.3767,0.5929,-0.1008
None-gene-41694924,JASKUS010000001.1,4731,54744915,1.0,2407.6597,3946.0102,1.0,0.0,0.3476,nan,204,0.0025,-0.5585,0.5233,0,0,-0.0038,0.954,-0.0038,0.954,0.3873,0.6126,0.2055
None-gene-41759274,JASKUS010000001.1,4731,54744915,1.0,2407.6597,3946.0102,1.0,0.0,0.3476,nan,17241,0.3117,3.7591,0.5262,0,0,0.3942,0.0,0.3942,0.0,0.3264,0.4992,-1.5574
None-gene-41776405,JASKUS010000001.1,4731,54744915,1.0,2407.6597,3946.0102,1.0,0.0,0.3476,nan,165,0.0018,-0.5683,0.5262,0,0,0.0111,0.8845,0.0111,0.8845,0.4364,0.7041,1.6275
None-gene-41789084,JASKUS010000001.1,4731,54744915,1.0,2407.6597,3946.0102,1.0,0.0,0.3476,nan,453,0.007,-0.4954,0.5267,0,0,-0.004,0.951,-0.004,0.951,0.4923,0.8082,3.2464
None-gene-41808584,JASKUS010000001.1,4731,54744915,1.0,2407.6597,3946.0102,1.0,0.0,0.3476,nan,147,0.0015,-0.5729,0.5274,0,0,0.0128,0.8561,0.0128,0.8561,0.4218,0.6769,1.2049
None-gene-41876078,JASKUS010000001.1,4731,54744915,1.0,2407.6597,3946.0102,1.0,0.0,0.3476,nan,540,0.0086,-0.4733,0.5299,0,0,0.036,0.5714,0.036,0.5714,0.4222,0.6778,1.218
None-gene-41922647,JASKUS010000001.1,4731,54744915,1.0,2407.6597,3946.0102,1.0,0.0,0.3476,nan,312,0.0045,-0.5311,0.5316,0,0,-0.0873,0.1703,-0.0873,0.1703,0.3942,0.6256,0.4075
None-gene-41945485,JASKUS010000001.1,4731,54744915,1.0,2407.6597,3946.0102,1.0,0.0,0.3476,nan,9958,0.1795,1.9134,0.5328,0,0,0.3707,0.0,0.3707,0.0,0.3296,0.5052,-1.4644
None-gene-41981863,JASKUS010000001.1,4731,54744915,1.0,2407.6597,3946.0102,1.0,0.0,0.3476,nan,6436,0.1156,1.0209,0.534,0,0,0.2254,0.0003,0.2254,0.0003,0.323,0.493,-1.6543
None-gene-42050860,JASKUS010000001.1,4731,54744915,1.0,2407.6597,3946.0102,1.0,0.0,0.3476,nan,5911,0.1061,0.8878,0.5365,0,0,0.1619,0.0095,0.1619,0.0095,0.3488,0.5411,-0.9068
None-gene-42090758,JASKUS010000001.1,4731,54744915,1.0,2407.6597,3946.0102,1.0,0.0,0.3476,nan,327,0.0047,-0.5273,0.5377,0,0,0.0067,0.9158,0.0067,0.9158,0.5199,0.8596,4.0457
None-gene-42136239,JASKUS010000001.1,4731,54744915,1.0,2407.6597,3946.0102,1.0,0.0,0.3476,nan,534,0.0085,-0.4748,0.5394,0,0,-0.0238,0.7042,-0.0238,0.7042,0.4064,0.6482,0.7589
None-gene-42175650,JASKUS010000001.1,4731,54744915,1.0,2407.6597,3946.0102,1.0,0.0,0.3476,nan,330,0.0048,-0.5265,0.5408,0,0,0.0682,0.2769,0.0682,0.2769,0.4364,0.7041,1.6275
None-gene-42192341,JASKUS010000001.1,4731,54744915,1.0,2407.6597,3946.0102,1.0,0.0,0.3476,nan,306,0.0044,-0.5326,0.5414,0,0,0.0009,0.989,0.0009,0.989,0.4379,0.707,1.6722
None-gene-42229185,JASKUS010000001.1,4731,54744915,1.0,2407.6597,3946.0102,1.0,0.0,0.3476,nan,762,0.0126,-0.417,0.5428,0,0,0.004,0.9498,0.004,0.9498,0.4081,0.6515,0.8102
None-gene-42386569,JASKUS010000001.1,4731,54744915,1.0,2407.6597,3946.0102,1.0,0.0,0.3476,nan,741,0.0122,-0.4224,0.5485,0,0,0.1557,0.0126,0.1557,0.0126,0.4332,0.6982,1.5358
None-gene-42415236,JASKUS010000001.1,4731,54744915,1.0,2407.6597,3946.0102,1.0,0.0,0.3476,nan,123,0.001,-0.579,0.5496,0,0,-0.091,0.3131,-0.091,0.3131,0.3659,0.5728,-0.4142
None-gene-42434868,JASKUS010000001.1,4731,54744915,1.0,2407.6597,3946.0102,1.0,0.0,0.3476,nan,1356,0.0234,-0.2665,0.5503,0,0,0.1289,0.0393,0.1289,0.0393,0.399,0.6344,0.5447
None-gene-42466766,JASKUS010000001.1,4731,54744915,1.0,2407.6597,3946.0102,1.0,0.0,0.3476,nan,423,0.0065,-0.503,0.5515,0,0,-0.025,0.7027,-0.025,0.7027,0.4184,0.6707,1.1085
None-gene-42474969,JASKUS010000001.1,4731,54744915,1.0,2407.6597,3946.0102,1.0,0.0,0.3476,nan,562,0.009,-0.4677,0.5518,0,0,0.1666,0.0076,0.1666,0.0076,0.4039,0.6437,0.6879
None-gene-42490158,JASKUS010000001.1,4731,54744915,1.0,2407.6597,3946.0102,1.0,0.0,0.3476,nan,1970,0.0346,-0.1109,0.5524,0,0,0.1582,0.0113,0.1582,0.0113,0.3777,0.5948,-0.0722
None-gene-42504149,JASKUS010000001.1,4731,54744915,1.0,2407.6597,3946.0102,1.0,0.0,0.3476,nan,348,0.0051,-0.522,0.5528,0,0,0.0704,0.2775,0.0704,0.2775,0.4741,0.7744,2.7213
None-gene-42504186,JASKUS010000001.1,4731,54744915,1.0,2407.6597,3946.0102,1.0,0.0,0.3476,nan,279,0.0039,-0.5394,0.5528,0,0,0.051,0.4453,0.051,0.4453,0.491,0.8059,3.2107
None-gene-42505388,JASKUS010000001.1,4731,54744915,1.0,2407.6597,3946.0102,1.0,0.0,0.3476,nan,607,0.0098,-0.4563,0.5529,0,0,0.0895,0.1533,0.0895,0.1533,0.4827,0.7904,2.9693
None-gene-42515502,JASKUS010000001.1,4731,54744915,1.0,2407.6597,3946.0102,1.0,0.0,0.3476,nan,720,0.0119,-0.4277,0.5532,0,0,0.0812,0.1956,0.0812,0.1956,0.4292,0.6907,1.4191
None-gene-42552045,JASKUS010000001.1,4731,54744915,1.0,2407.6597,3946.0102,1.0,0.0,0.3476,nan,449,0.007,-0.4964,0.5546,0,0,-0.0587,0.3633,-0.0587,0.3633,0.3653,0.5717,-0.4315
None-gene-42573394,JASKUS010000001.1,4731,54744915,1.0,2407.6597,3946.0102,1.0,0.0,0.3476,nan,357,0.0053,-0.5197,0.5553,0,0,0.0496,0.4441,0.0496,0.4441,0.3557,0.5539,-0.707
None-gene-42575871,JASKUS010000001.1,4731,54744915,1.0,2407.6597,3946.0102,1.0,0.0,0.3476,nan,609,0.0099,-0.4558,0.5554,0,0,0.1272,0.042,0.1272,0.042,0.3924,0.6223,0.3558
None-gene-42577335,JASKUS010000001.1,4731,54744915,1.0,2407.6597,3946.0102,1.0,0.0,0.3476,nan,543,0.0087,-0.4725,0.5555,0,0,0.1868,0.0035,0.1868,0.0035,0.3978,0.6322,0.5106
None-gene-42587866,JASKUS010000001.1,4731,54744915,1.0,2407.6597,3946.0102,1.0,0.0,0.3476,nan,399,0.006,-0.509,0.5559,0,0,0.0432,0.5046,0.0432,0.5046,0.4135,0.6616,0.9664
None-gene-42602016,JASKUS010000001.1,4731,54744915,1.0,2407.6597,3946.0102,1.0,0.0,0.3476,nan,347,0.0051,-0.5222,0.5564,0,0,0.0561,0.4098,0.0561,0.4098,0.3746,0.5891,-0.1598
None-gene-42603104,JASKUS010000001.1,4731,54744915,1.0,2407.6597,3946.0102,1.0,0.0,0.3476,nan,156,0.0016,-0.5706,0.5564,0,0,0.0795,0.2987,0.0795,0.2987,0.3718,0.5838,-0.2421
None-gene-42603389,JASKUS010000001.1,4731,54744915,1.0,2407.6597,3946.0102,1.0,0.0,0.3476,nan,123,0.001,-0.579,0.5564,0,0,-0.0913,0.1863,-0.0913,0.1863,0.5447,0.9059,4.7649
None-gene-42610175,JASKUS010000001.1,4731,54744915,1.0,2407.6597,3946.0102,1.0,0.0,0.3476,nan,1509,0.0262,-0.2277,0.5567,0,0,0.1557,0.0126,0.1557,0.0126,0.3406,0.5258,-1.1448
None-gene-42619504,JASKUS010000001.1,4731,54744915,1.0,2407.6597,3946.0102,1.0,0.0,0.3476,nan,306,0.0044,-0.5326,0.557,0,0,-0.0336,0.5982,-0.0336,0.5982,0.3595,0.5609,-0.5988
None-gene-42638938,JASKUS010000001.1,4731,54744915,1.0,2407.6597,3946.0102,1.0,0.0,0.3476,nan,1770,0.0309,-0.1616,0.5578,0,0,0.204,0.001,0.204,0.001,0.4271,0.6869,1.3598
None-gene-42675252,JASKUS010000001.1,4731,54744915,1.0,2407.6597,3946.0102,1.0,0.0,0.3476,nan,3302,0.0587,0.2266,0.5592,0,0,0.1263,0.0435,0.1263,0.0435,0.3455,0.5349,-1.0021
None-gene-42677803,JASKUS010000001.1,4731,54744915,1.0,2407.6597,3946.0102,1.0,0.0,0.3476,nan,162,0.0017,-0.5691,0.5592,0,0,0.011,0.8757,0.011,0.8757,0.4753,0.7766,2.7552
None-gene-42697094,JASKUS010000001.1,4731,54744915,1.0,2407.6597,3946.0102,1.0,0.0,0.3476,nan,2068,0.0363,-0.0861,0.5599,0,0,0.0294,0.6401,0.0294,0.6401,0.3685,0.5776,-0.3384
None-gene-42701400,JASKUS010000001.1,4731,54744915,1.0,2407.6597,3946.0102,1.0,0.0,0.3476,nan,264,0.0036,-0.5432,0.56,0,0,0.0874,0.1762,0.0874,0.1762,0.4015,0.6392,0.6184
None-gene-42703624,JASKUS010000001.1,4731,54744915,1.0,2407.6597,3946.0102,1.0,0.0,0.3476,nan,3971,0.0709,0.3962,0.5602,0,0,0.1454,0.0199,0.1454,0.0199,0.4369,0.7051,1.6435
None-gene-42704318,JASKUS010000001.1,4731,54744915,1.0,2407.6597,3946.0102,1.0,0.0,0.3476,nan,189,0.0022,-0.5623,0.5601,0,0,-0.1693,0.0123,-0.1693,0.0123,0.5026,0.8275,3.5467
None-gene-42705676,JASKUS010000001.1,4731,54744915,1.0,2407.6597,3946.0102,1.0,0.0,0.3476,nan,189,0.0022,-0.5623,0.5602,0,0,0.0149,0.8367,0.0149,0.8367,0.4233,0.6797,1.2487
None-gene-42718882,JASKUS010000001.1,4731,54744915,1.0,2407.6597,3946.0102,1.0,0.0,0.3476,nan,413,0.0063,-0.5055,0.5607,0,0,0.2471,0.0001,0.2471,0.0001,0.3729,0.5859,-0.2107
None-gene-42727937,JASKUS010000001.1,4731,54744915,1.0,2407.6597,3946.0102,1.0,0.0,0.3476,nan,330,0.0048,-0.5265,0.561,0,0,-0.0102,0.8707,-0.0102,0.8707,0.4212,0.6759,1.1888
None-gene-42739318,JASKUS010000001.1,4731,54744915,1.0,2407.6597,3946.0102,1.0,0.0,0.3476,nan,324,0.0047,-0.528,0.5614,0,0,0.0026,0.9678,0.0026,0.9678,0.4136,0.6617,0.9678
None-gene-42757651,JASKUS010000001.1,4731,54744915,1.0,2407.6597,3946.0102,1.0,0.0,0.3476,nan,369,0.0055,-0.5166,0.5621,0,0,0.1413,0.031,0.1413,0.031,0.4255,0.6838,1.3122
None-gene-42811432,JASKUS010000001.1,4731,54744915,1.0,2407.6597,3946.0102,1.0,0.0,0.3476,nan,327,0.0047,-0.5273,0.564,0,0,0.1365,0.0338,0.1365,0.0338,0.4465,0.7229,1.9205
None-gene-42821405,JASKUS010000001.1,4731,54744915,1.0,2407.6597,3946.0102,1.0,0.0,0.3476,nan,1223,0.021,-0.3002,0.5644,0,0,0.1988,0.0014,0.1988,0.0014,0.4039,0.6437,0.6882
None-gene-42879236,JASKUS010000001.1,4731,54744915,1.0,2407.6597,3946.0102,1.0,0.0,0.3476,nan,1172,0.0201,-0.3131,0.5666,0,0,0.0492,0.4331,0.0492,0.4331,0.3976,0.6319,0.5054
None-gene-42892198,JASKUS010000001.1,4731,54744915,1.0,2407.6597,3946.0102,1.0,0.0,0.3476,nan,1452,0.0252,-0.2422,0.567,0,0,0.123,0.0492,0.123,0.0492,0.374,0.5879,-0.1792
None-gene-42911813,JASKUS010000001.1,4731,54744915,1.0,2407.6597,3946.0102,1.0,0.0,0.3476,nan,219,0.0028,-0.5547,0.5677,0,0,0.1827,0.0059,0.1827,0.0059,0.4018,0.6398,0.6274
None-gene-42912966,JASKUS010000001.1,4731,54744915,1.0,2407.6597,3946.0102,1.0,0.0,0.3476,nan,707,0.0116,-0.431,0.5678,0,0,0.182,0.0035,0.182,0.0035,0.4639,0.7554,2.4258
None-gene-42925317,JASKUS010000001.1,4731,54744915,1.0,2407.6597,3946.0102,1.0,0.0,0.3476,nan,5309,0.0951,0.7353,0.5684,0,0,0.2605,0.0,0.2605,0.0,0.4003,0.6369,0.5822
None-gene-42926599,JASKUS010000001.1,4731,54744915,1.0,2407.6597,3946.0102,1.0,0.0,0.3476,nan,1483,0.0257,-0.2343,0.5683,0,0,0.1769,0.0045,0.1769,0.0045,0.3924,0.6223,0.3559
None-gene-42929454,JASKUS010000001.1,4731,54744915,1.0,2407.6597,3946.0102,1.0,0.0,0.3476,nan,186,0.0022,-0.563,0.5684,0,0,0.1251,0.0599,0.1251,0.0599,0.4892,0.8026,3.1588
None-gene-42954690,JASKUS010000001.1,4731,54744915,1.0,2407.6597,3946.0102,1.0,0.0,0.3476,nan,13907,0.2512,2.9142,0.5698,0,0,0.4005,0.0,0.4005,0.0,0.3915,0.6205,0.3272
None-gene-42971846,JASKUS010000001.1,4731,54744915,1.0,2407.6597,3946.0102,1.0,0.0,0.3476,nan,3258,0.0579,0.2155,0.57,0,0,0.2006,0.0012,0.2006,0.0012,0.337,0.5191,-1.2492
None-gene-42988378,JASKUS010000001.1,4731,54744915,1.0,2407.6597,3946.0102,1.0,0.0,0.3476,nan,5361,0.0961,0.7484,0.5707,0,0,0.2615,0.0,0.2615,0.0,0.3337,0.5129,-1.345
None-gene-43013758,JASKUS010000001.1,4731,54744915,1.0,2407.6597,3946.0102,1.0,0.0,0.3476,nan,5167,0.0926,0.6993,0.5716,0,0,0.2419,0.0001,0.2419,0.0001,0.3718,0.5838,-0.2425
None-gene-43021735,JASKUS010000001.1,4731,54744915,1.0,2407.6597,3946.0102,1.0,0.0,0.3476,nan,1181,0.0202,-0.3109,0.5718,0,0,-0.0026,0.9671,-0.0026,0.9671,0.3649,0.5711,-0.4405
None-gene-43080826,JASKUS010000001.1,4731,54744915,1.0,2407.6597,3946.0102,1.0,0.0,0.3476,nan,992,0.0168,-0.3588,0.5739,0,0,0.091,0.1464,0.091,0.1464,0.3982,0.633,0.522
None-gene-43083896,JASKUS010000001.1,4731,54744915,1.0,2407.6597,3946.0102,1.0,0.0,0.3476,nan,600,0.0097,-0.4581,0.574,0,0,0.0748,0.2407,0.0748,0.2407,0.495,0.8133,3.3254
None-gene-43094118,JASKUS010000001.1,4731,54744915,1.0,2407.6597,3946.0102,1.0,0.0,0.3476,nan,704,0.0116,-0.4317,0.5744,0,0,0.1337,0.035,0.1337,0.035,0.4759,0.7776,2.7709
None-gene-43096528,JASKUS010000001.1,4731,54744915,1.0,2407.6597,3946.0102,1.0,0.0,0.3476,nan,629,0.0102,-0.4507,0.5745,0,0,0.072,0.2657,0.072,0.2657,0.4928,0.8093,3.263
None-gene-43099455,JASKUS010000001.1,4731,54744915,1.0,2407.6597,3946.0102,1.0,0.0,0.3476,nan,430,0.0066,-0.5012,0.5746,0,0,-0.0306,0.6579,-0.0306,0.6579,0.5047,0.8313,3.6048
None-gene-43107739,JASKUS010000001.1,4731,54744915,1.0,2407.6597,3946.0102,1.0,0.0,0.3476,nan,459,0.0071,-0.4938,0.5749,0,0,0.1798,0.0039,0.1798,0.0039,0.4227,0.6786,1.2306
None-gene-43109562,JASKUS010000001.1,4731,54744915,1.0,2407.6597,3946.0102,1.0,0.0,0.3476,nan,1554,0.027,-0.2163,0.575,0,0,0.1888,0.0024,0.1888,0.0024,0.4054,0.6464,0.7311
None-gene-43112700,JASKUS010000001.1,4731,54744915,1.0,2407.6597,3946.0102,1.0,0.0,0.3476,nan,2616,0.0463,0.0528,0.5751,0,0,0.1063,0.0898,0.1063,0.0898,0.4144,0.6631,0.9907
None-gene-43125728,JASKUS010000001.1,4731,54744915,1.0,2407.6597,3946.0102,1.0,0.0,0.3476,nan,10688,0.1928,2.0984,0.5759,0,0,0.3758,0.0,0.3758,0.0,0.3619,0.5654,-0.5286
None-gene-43129578,JASKUS010000001.1,4731,54744915,1.0,2407.6597,3946.0102,1.0,0.0,0.3476,nan,828,0.0138,-0.4003,0.5757,0,0,0.2207,0.0004,0.2207,0.0004,0.3961,0.6292,0.4627
None-gene-43138224,JASKUS010000001.1,4731,54744915,1.0,2407.6597,3946.0102,1.0,0.0,0.3476,nan,3322,0.0591,0.2317,0.5761,0,0,0.2342,0.0002,0.2342,0.0002,0.373,0.586,-0.2082
None-gene-43143241,JASKUS010000001.1,4731,54744915,1.0,2407.6597,3946.0102,1.0,0.0,0.3476,nan,1632,0.0284,-0.1966,0.5762,0,0,0.1015,0.1053,0.1015,0.1053,0.3915,0.6206,0.3297
None-gene-43150165,JASKUS010000001.1,4731,54744915,1.0,2407.6597,3946.0102,1.0,0.0,0.3476,nan,680,0.0111,-0.4378,0.5764,0,0,0.0475,0.456,0.0475,0.456,0.4015,0.6391,0.6171
None-gene-43179036,JASKUS010000001.1,4731,54744915,1.0,2407.6597,3946.0102,1.0,0.0,0.3476,nan,22644,0.4097,5.1283,0.5783,0,0,0.4742,0.0,0.4742,0.0,0.3307,0.5073,-1.4313
None-gene-43230766,JASKUS010000001.1,4731,54744915,1.0,2407.6597,3946.0102,1.0,0.0,0.3476,nan,957,0.0162,-0.3676,0.5794,0,0,0.2743,0.0,0.2743,0.0,0.395,0.627,0.4293
None-gene-43284385,JASKUS010000001.1,4731,54744915,1.0,2407.6597,3946.0102,1.0,0.0,0.3476,nan,1509,0.0262,-0.2277,0.5814,0,0,0.2869,0.0,0.2869,0.0,0.4135,0.6615,0.966
None-gene-43308827,JASKUS010000001.1,4731,54744915,1.0,2407.6597,3946.0102,1.0,0.0,0.3476,nan,12797,0.231,2.6329,0.5827,0,0,0.4614,0.0,0.4614,0.0,0.3545,0.5517,-0.7419
None-gene-43317608,JASKUS010000001.1,4731,54744915,1.0,2407.6597,3946.0102,1.0,0.0,0.3476,nan,192,0.0023,-0.5615,0.5825,0,0,0.0862,0.2166,0.0862,0.2166,0.4115,0.6577,0.9063
None-gene-43337789,JASKUS010000001.1,4731,54744915,1.0,2407.6597,3946.0102,1.0,0.0,0.3476,nan,1026,0.0174,-0.3501,0.5833,0,0,0.2844,0.0,0.2844,0.0,0.386,0.6102,0.1682
None-gene-43362670,JASKUS010000001.1,4731,54744915,1.0,2407.6597,3946.0102,1.0,0.0,0.3476,nan,108,0.0008,-0.5828,0.5842,0,0,0.1951,0.0196,0.1951,0.0196,0.4444,0.7191,1.8615
None-gene-43365768,JASKUS010000001.1,4731,54744915,1.0,2407.6597,3946.0102,1.0,0.0,0.3476,nan,8834,0.1591,1.6286,0.5846,0,0,0.3983,0.0,0.3983,0.0,0.3995,0.6354,0.5593
None-gene-43368072,JASKUS010000001.1,4731,54744915,1.0,2407.6597,3946.0102,1.0,0.0,0.3476,nan,936,0.0158,-0.3729,0.5844,0,0,0.1374,0.0279,0.1374,0.0279,0.4199,0.6734,1.15
None-gene-43376800,JASKUS010000001.1,4731,54744915,1.0,2407.6597,3946.0102,1.0,0.0,0.3476,nan,1265,0.0218,-0.2896,0.5847,0,0,0.2406,0.0001,0.2406,0.0001,0.4119,0.6584,0.9179
None-gene-43378892,JASKUS010000001.1,4731,54744915,1.0,2407.6597,3946.0102,1.0,0.0,0.3476,nan,1532,0.0266,-0.2219,0.5848,0,0,0.0372,0.5539,0.0372,0.5539,0.3688,0.5783,-0.3289
None-gene-43385185,JASKUS010000001.1,4731,54744915,1.0,2407.6597,3946.0102,1.0,0.0,0.3476,nan,378,0.0057,-0.5144,0.585,0,0,0.1486,0.0224,0.1486,0.0224,0.3413,0.527,-1.126
None-gene-43392543,JASKUS010000001.1,4731,54744915,1.0,2407.6597,3946.0102,1.0,0.0,0.3476,nan,6860,0.1233,1.1283,0.5855,0,0,0.3009,0.0,0.3009,0.0,0.3641,0.5696,-0.4638
None-gene-43393478,JASKUS010000001.1,4731,54744915,1.0,2407.6597,3946.0102,1.0,0.0,0.3476,nan,346,0.0051,-0.5225,0.5853,0,0,-0.0936,0.1415,-0.0936,0.1415,0.3988,0.6342,0.5411
None-gene-43421446,JASKUS010000001.1,4731,54744915,1.0,2407.6597,3946.0102,1.0,0.0,0.3476,nan,1040,0.0177,-0.3466,0.5864,0,0,0.1086,0.0829,0.1086,0.0829,0.4048,0.6453,0.7138
None-gene-43428707,JASKUS010000001.1,4731,54744915,1.0,2407.6597,3946.0102,1.0,0.0,0.3476,nan,729,0.012,-0.4254,0.5866,0,0,0.0457,0.4669,0.0457,0.4669,0.4266,0.6859,1.3451
None-gene-43429521,JASKUS010000001.1,4731,54744915,1.0,2407.6597,3946.0102,1.0,0.0,0.3476,nan,1643,0.0286,-0.1938,0.5867,0,0,0.1312,0.036,0.1312,0.036,0.3926,0.6225,0.3595
None-gene-43433736,JASKUS010000001.1,4731,54744915,1.0,2407.6597,3946.0102,1.0,0.0,0.3476,nan,1835,0.0321,-0.1451,0.5868,0,0,0.113,0.0711,0.113,0.0711,0.4294,0.6912,1.4267
None-gene-43438216,JASKUS010000001.1,4731,54744915,1.0,2407.6597,3946.0102,1.0,0.0,0.3476,nan,961,0.0162,-0.3666,0.587,0,0,0.0904,0.1494,0.0904,0.1494,0.4412,0.7131,1.7677
None-gene-43442873,JASKUS010000001.1,4731,54744915,1.0,2407.6597,3946.0102,1.0,0.0,0.3476,nan,327,0.0047,-0.5273,0.5871,0,0,0.1162,0.0767,0.1162,0.0767,0.3761,0.5919,-0.1161
None-gene-43444063,JASKUS010000001.1,4731,54744915,1.0,2407.6597,3946.0102,1.0,0.0,0.3476,nan,2417,0.0427,0.0024,0.5872,0,0,0.3223,0.0,0.3223,0.0,0.3773,0.5941,-0.0819
None-gene-43451414,JASKUS010000001.1,4731,54744915,1.0,2407.6597,3946.0102,1.0,0.0,0.3476,nan,7405,0.1332,1.2664,0.5877,0,0,0.3132,0.0,0.3132,0.0,0.4123,0.6593,0.9304
None-gene-43462365,JASKUS010000001.1,4731,54744915,1.0,2407.6597,3946.0102,1.0,0.0,0.3476,nan,1067,0.0182,-0.3398,0.5879,0,0,0.161,0.0099,0.161,0.0099,0.4039,0.6437,0.6885
None-gene-43475052,JASKUS010000001.1,4731,54744915,1.0,2407.6597,3946.0102,1.0,0.0,0.3476,nan,784,0.013,-0.4115,0.5883,0,0,0.1125,0.0724,0.1125,0.0724,0.4171,0.6682,1.0695
None-gene-43479861,JASKUS010000001.1,4731,54744915,1.0,2407.6597,3946.0102,1.0,0.0,0.3476,nan,492,0.0077,-0.4855,0.5885,0,0,0.131,0.5419,0.131,0.5419,0.4126,0.6598,0.9394
None-gene-43500612,JASKUS010000001.1,4731,54744915,1.0,2407.6597,3946.0102,1.0,0.0,0.3476,nan,135,0.0013,-0.5759,0.5892,0,0,-0.0843,0.2414,-0.0843,0.2414,0.4222,0.6778,1.218
None-gene-43501433,JASKUS010000001.1,4731,54744915,1.0,2407.6597,3946.0102,1.0,0.0,0.3476,nan,1019,0.0173,-0.3519,0.5893,0,0,0.2359,0.0001,0.2359,0.0001,0.3739,0.5877,-0.1813
None-gene-43523242,JASKUS010000001.1,4731,54744915,1.0,2407.6597,3946.0102,1.0,0.0,0.3476,nan,1560,0.0271,-0.2148,0.5901,0,0,0.2284,0.0002,0.2284,0.0002,0.3923,0.622,0.3518
None-gene-43632990,JASKUS010000001.1,4731,54744915,1.0,2407.6597,3946.0102,1.0,0.0,0.3476,nan,153,0.0016,-0.5714,0.5941,0,0,0.0198,0.7771,0.0198,0.7771,0.5033,0.8287,3.5648
None-gene-43647280,JASKUS010000001.1,4731,54744915,1.0,2407.6597,3946.0102,1.0,0.0,0.3476,nan,123,0.001,-0.579,0.5946,0,0,-0.082,0.2875,-0.082,0.2875,0.4553,0.7393,2.1754
None-gene-43655000,JASKUS010000001.1,4731,54744915,1.0,2407.6597,3946.0102,1.0,0.0,0.3476,nan,2461,0.0435,0.0135,0.5949,0,0,0.2527,0.0,0.2527,0.0,0.3702,0.5808,-0.2891
None-gene-43667628,JASKUS010000001.1,4731,54744915,1.0,2407.6597,3946.0102,1.0,0.0,0.3476,nan,1386,0.024,-0.2589,0.5954,0,0,0.2019,0.0012,0.2019,0.0012,0.381,0.6009,0.023
None-gene-43683991,JASKUS010000001.1,4731,54744915,1.0,2407.6597,3946.0102,1.0,0.0,0.3476,nan,1717,0.03,-0.175,0.596,0,0,0.0727,0.2462,0.0727,0.2462,0.4263,0.6854,1.3368
None-gene-43702255,JASKUS010000001.1,4731,54744915,1.0,2407.6597,3946.0102,1.0,0.0,0.3476,nan,1227,0.0211,-0.2992,0.5966,0,0,0.0359,0.5673,0.0359,0.5673,0.3798,0.5987,-0.0107
None-gene-43703820,JASKUS010000001.1,4731,54744915,1.0,2407.6597,3946.0102,1.0,0.0,0.3476,nan,1397,0.0242,-0.2561,0.5967,0,0,0.1588,0.011,0.1588,0.011,0.3951,0.6273,0.4336
None-gene-43705218,JASKUS010000001.1,4731,54744915,1.0,2407.6597,3946.0102,1.0,0.0,0.3476,nan,135,0.0013,-0.5759,0.5967,0,0,0.3025,0.0002,0.3025,0.0002,0.4296,0.6915,1.4325
None-gene-43708527,JASKUS010000001.1,4731,54744915,1.0,2407.6597,3946.0102,1.0,0.0,0.3476,nan,423,0.0065,-0.503,0.5968,0,0,-0.1061,0.0903,-0.1061,0.0903,0.383,0.6047,0.0817
None-gene-43715201,JASKUS010000001.1,4731,54744915,1.0,2407.6597,3946.0102,1.0,0.0,0.3476,nan,1347,0.0232,-0.2688,0.5971,0,0,0.0793,0.2059,0.0793,0.2059,0.3697,0.5799,-0.3025
None-gene-43718459,JASKUS010000001.1,4731,54744915,1.0,2407.6597,3946.0102,1.0,0.0,0.3476,nan,1657,0.0289,-0.1902,0.5972,0,0,0.1281,0.0405,0.1281,0.0405,0.42,0.6737,1.1547
None-gene-43726537,JASKUS010000001.1,4731,54744915,1.0,2407.6597,3946.0102,1.0,0.0,0.3476,nan,7914,0.1424,1.3954,0.5978,0,0,0.3619,0.0,0.3619,0.0,0.4145,0.6633,0.9931
None-gene-43735078,JASKUS010000001.1,4731,54744915,1.0,2407.6597,3946.0102,1.0,0.0,0.3476,nan,3064,0.0544,0.1663,0.5979,0,0,0.2564,0.0,0.2564,0.0,0.4174,0.6688,1.0792
None-gene-43748048,JASKUS010000001.1,4731,54744915,1.0,2407.6597,3946.0102,1.0,0.0,0.3476,nan,978,0.0166,-0.3623,0.5983,0,0,0.1997,0.0013,0.1997,0.0013,0.3947,0.6265,0.4206
None-gene-43748236,JASKUS010000001.1,4731,54744915,1.0,2407.6597,3946.0102,1.0,0.0,0.3476,nan,756,0.0125,-0.4186,0.5983,0,0,0.1072,0.0869,0.1072,0.0869,0.3929,0.6231,0.3677
None-gene-43758925,JASKUS010000001.1,4731,54744915,1.0,2407.6597,3946.0102,1.0,0.0,0.3476,nan,3041,0.054,0.1605,0.5988,0,0,0.2078,0.0008,0.2078,0.0008,0.4301,0.6925,1.4468
None-gene-43762283,JASKUS010000001.1,4731,54744915,1.0,2407.6597,3946.0102,1.0,0.0,0.3476,nan,2234,0.0393,-0.044,0.5989,0,0,0.2993,0.0,0.2993,0.0,0.4212,0.6759,1.1889
None-gene-43767739,JASKUS010000001.1,4731,54744915,1.0,2407.6597,3946.0102,1.0,0.0,0.3476,nan,4505,0.0806,0.5315,0.5991,0,0,0.2314,0.0002,0.2314,0.0002,0.4098,0.6546,0.8574
None-gene-43776163,JASKUS010000001.1,4731,54744915,1.0,2407.6597,3946.0102,1.0,0.0,0.3476,nan,899,0.0151,-0.3823,0.5993,0,0,0.1548,0.0132,0.1548,0.0132,0.4227,0.6786,1.2316
None-gene-43801923,JASKUS010000001.1,4731,54744915,1.0,2407.6597,3946.0102,1.0,0.0,0.3476,nan,1815,0.0317,-0.1502,0.6003,0,0,0.1615,0.0096,0.1615,0.0096,0.4331,0.6979,1.5318
None-gene-43814390,JASKUS010000001.1,4731,54744915,1.0,2407.6597,3946.0102,1.0,0.0,0.3476,nan,934,0.0158,-0.3735,0.6007,0,0,0.1786,0.0042,0.1786,0.0042,0.379,0.5973,-0.0331
None-gene-43821283,JASKUS010000001.1,4731,54744915,1.0,2407.6597,3946.0102,1.0,0.0,0.3476,nan,680,0.0111,-0.4378,0.601,0,0,0.0036,0.9538,0.0036,0.9538,0.4221,0.6774,1.2133
None-gene-43823621,JASKUS010000001.1,4731,54744915,1.0,2407.6597,3946.0102,1.0,0.0,0.3476,nan,279,0.0039,-0.5394,0.601,0,0,0.0319,0.6379,0.0319,0.6379,0.3441,0.5322,-1.0445
None-gene-43824143,JASKUS010000001.1,4731,54744915,1.0,2407.6597,3946.0102,1.0,0.0,0.3476,nan,1764,0.0308,-0.1631,0.6011,0,0,0.2358,0.0001,0.2358,0.0001,0.4065,0.6484,0.7617
None-gene-43842434,JASKUS010000001.1,4731,54744915,1.0,2407.6597,3946.0102,1.0,0.0,0.3476,nan,261,0.0035,-0.544,0.6017,0,0,-0.0556,0.4118,-0.0556,0.4118,0.387,0.6121,0.1974
None-gene-43842694,JASKUS010000001.1,4731,54744915,1.0,2407.6597,3946.0102,1.0,0.0,0.3476,nan,180,0.0021,-0.5645,0.6017,0,0,0.09,0.2049,0.09,0.2049,0.3889,0.6157,0.2528
None-gene-43895205,JASKUS010000001.1,4731,54744915,1.0,2407.6597,3946.0102,1.0,0.0,0.3476,nan,2382,0.042,-0.0065,0.6037,0,0,0.2048,0.001,0.2048,0.001,0.4232,0.6795,1.2456
None-gene-43913243,JASKUS010000001.1,4731,54744915,1.0,2407.6597,3946.0102,1.0,0.0,0.3476,nan,5132,0.0919,0.6904,0.6045,0,0,0.2842,0.0,0.2842,0.0,0.3535,0.5497,-0.7728
None-gene-43935362,JASKUS010000001.1,4731,54744915,1.0,2407.6597,3946.0102,1.0,0.0,0.3476,nan,765,0.0127,-0.4163,0.6051,0,0,0.1733,0.0054,0.1733,0.0054,0.3778,0.595,-0.0689
None-gene-43941447,JASKUS010000001.1,4731,54744915,1.0,2407.6597,3946.0102,1.0,0.0,0.3476,nan,344,0.005,-0.523,0.6053,0,0,0.1747,0.0051,0.1747,0.0051,0.4186,0.671,1.1133
None-gene-43945488,JASKUS010000001.1,4731,54744915,1.0,2407.6597,3946.0102,1.0,0.0,0.3476,nan,1987,0.0349,-0.1066,0.6055,0,0,0.2184,0.0004,0.2184,0.0004,0.4107,0.6562,0.8835
None-gene-43952914,JASKUS010000001.1,4731,54744915,1.0,2407.6597,3946.0102,1.0,0.0,0.3476,nan,2019,0.0354,-0.0985,0.6058,0,0,0.2013,0.0012,0.2013,0.0012,0.4165,0.6672,1.0536
None-gene-43960533,JASKUS010000001.1,4731,54744915,1.0,2407.6597,3946.0102,1.0,0.0,0.3476,nan,285,0.004,-0.5379,0.606,0,0,0.0095,0.8845,0.0095,0.8845,0.4,0.6364,0.5746
None-gene-43963080,JASKUS010000001.1,4731,54744915,1.0,2407.6597,3946.0102,1.0,0.0,0.3476,nan,507,0.008,-0.4817,0.6061,0,0,0.1698,0.0065,0.1698,0.0065,0.4536,0.7363,2.128
None-gene-43963646,JASKUS010000001.1,4731,54744915,1.0,2407.6597,3946.0102,1.0,0.0,0.3476,nan,2947,0.0523,0.1367,0.6062,0,0,0.2262,0.0003,0.2262,0.0003,0.4116,0.658,0.9106
None-gene-43968605,JASKUS010000001.1,4731,54744915,1.0,2407.6597,3946.0102,1.0,0.0,0.3476,nan,6642,0.1193,1.0731,0.6066,0,0,0.2404,0.0001,0.2404,0.0001,0.3821,0.6031,0.0566
None-gene-43983823,JASKUS010000001.1,4731,54744915,1.0,2407.6597,3946.0102,1.0,0.0,0.3476,nan,960,0.0162,-0.3669,0.6069,0,0,0.1663,0.0077,0.1663,0.0077,0.4188,0.6713,1.1175
None-gene-43989122,JASKUS010000001.1,4731,54744915,1.0,2407.6597,3946.0102,1.0,0.0,0.3476,nan,15444,0.2791,3.3037,0.6076,0,0,0.465,0.0,0.465,0.0,0.3616,0.5649,-0.5365
None-gene-43997540,JASKUS010000001.1,4731,54744915,1.0,2407.6597,3946.0102,1.0,0.0,0.3476,nan,406,0.0062,-0.5073,0.6074,0,0,0.0933,0.1555,0.0933,0.1555,0.436,0.7033,1.6158
None-gene-44017878,JASKUS010000001.1,4731,54744915,1.0,2407.6597,3946.0102,1.0,0.0,0.3476,nan,2193,0.0386,-0.0544,0.6082,0,0,0.2045,0.001,0.2045,0.001,0.3671,0.575,-0.3788
None-gene-44039142,JASKUS010000001.1,4731,54744915,1.0,2407.6597,3946.0102,1.0,0.0,0.3476,nan,207,0.0026,-0.5577,0.6089,0,0,0.0787,0.2316,0.0787,0.2316,0.4444,0.7191,1.8615
None-gene-44043026,JASKUS010000001.1,4731,54744915,1.0,2407.6597,3946.0102,1.0,0.0,0.3476,nan,1329,0.0229,-0.2734,0.6091,0,0,0.1525,0.0146,0.1525,0.0146,0.3672,0.5753,-0.3754
None-gene-44050776,JASKUS010000001.1,4731,54744915,1.0,2407.6597,3946.0102,1.0,0.0,0.3476,nan,2300,0.0405,-0.0273,0.6094,0,0,0.1498,0.0164,0.1498,0.0164,0.413,0.6607,0.9522
None-gene-44056573,JASKUS010000001.1,4731,54744915,1.0,2407.6597,3946.0102,1.0,0.0,0.3476,nan,522,0.0083,-0.4779,0.6095,0,0,0.0992,0.1132,0.0992,0.1132,0.3985,0.6335,0.5302
None-gene-44071237,JASKUS010000001.1,4731,54744915,1.0,2407.6597,3946.0102,1.0,0.0,0.3476,nan,504,0.0079,-0.4824,0.6101,0,0,0.1656,0.011,0.1656,0.011,0.504,0.83,3.585
None-gene-44073523,JASKUS010000001.1,4731,54744915,1.0,2407.6597,3946.0102,1.0,0.0,0.3476,nan,686,0.0113,-0.4363,0.6102,0,0,0.0991,0.1138,0.0991,0.1138,0.398,0.6326,0.5155
None-gene-44079448,JASKUS010000001.1,4731,54744915,1.0,2407.6597,3946.0102,1.0,0.0,0.3476,nan,770,0.0128,-0.415,0.6104,0,0,0.0608,0.3327,0.0608,0.3327,0.3584,0.559,-0.6288
None-gene-44089924,JASKUS010000001.1,4731,54744915,1.0,2407.6597,3946.0102,1.0,0.0,0.3476,nan,1484,0.0257,-0.2341,0.6108,0,0,0.1475,0.0182,0.1475,0.0182,0.3902,0.618,0.2897
None-gene-44094383,JASKUS010000001.1,4731,54744915,1.0,2407.6597,3946.0102,1.0,0.0,0.3476,nan,4101,0.0732,0.4291,0.6111,0,0,0.2623,0.0,0.2623,0.0,0.3765,0.5926,-0.1061
None-gene-44113025,JASKUS010000001.1,4731,54744915,1.0,2407.6597,3946.0102,1.0,0.0,0.3476,nan,276,0.0038,-0.5402,0.6116,0,0,0.0072,0.9122,0.0072,0.9122,0.4167,0.6674,1.0572
None-gene-44121418,JASKUS010000001.1,4731,54744915,1.0,2407.6597,3946.0102,1.0,0.0,0.3476,nan,1362,0.0235,-0.265,0.6119,0,0,0.0996,0.1117,0.0996,0.1117,0.4046,0.6448,0.7064
None-gene-44126705,JASKUS010000001.1,4731,54744915,1.0,2407.6597,3946.0102,1.0,0.0,0.3476,nan,114,0.0009,-0.5813,0.6121,0,0,0.057,0.5159,0.057,0.5159,0.5526,0.9206,4.9941
None-gene-44137737,JASKUS010000001.1,4731,54744915,1.0,2407.6597,3946.0102,1.0,0.0,0.3476,nan,7075,0.1272,1.1828,0.6127,0,0,0.3288,0.0,0.3288,0.0,0.346,0.5358,-0.9888
None-gene-44149132,JASKUS010000001.1,4731,54744915,1.0,2407.6597,3946.0102,1.0,0.0,0.3476,nan,1205,0.0207,-0.3048,0.6129,0,0,0.1462,0.0193,0.1462,0.0193,0.4166,0.6673,1.0552
None-gene-44156588,JASKUS010000001.1,4731,54744915,1.0,2407.6597,3946.0102,1.0,0.0,0.3476,nan,3795,0.0677,0.3516,0.6133,0,0,0.3231,0.0,0.3231,0.0,0.3916,0.6207,0.3304
None-gene-44171300,JASKUS010000001.1,4731,54744915,1.0,2407.6597,3946.0102,1.0,0.0,0.3476,nan,147,0.0015,-0.5729,0.6137,0,0,0.1853,0.0111,0.1853,0.0111,0.4082,0.6516,0.8109
None-gene-44176571,JASKUS010000001.1,4731,54744915,1.0,2407.6597,3946.0102,1.0,0.0,0.3476,nan,2237,0.0394,-0.0432,0.614,0,0,0.1348,0.0311,0.1348,0.0311,0.4215,0.6765,1.1985
None-gene-44182382,JASKUS010000001.1,4731,54744915,1.0,2407.6597,3946.0102,1.0,0.0,0.3476,nan,5275,0.0945,0.7266,0.6143,0,0,0.1908,0.0022,0.1908,0.0022,0.3983,0.6332,0.5252
None-gene-44183739,JASKUS010000001.1,4731,54744915,1.0,2407.6597,3946.0102,1.0,0.0,0.3476,nan,156,0.0016,-0.5706,0.6142,0,0,0.0419,0.5649,0.0419,0.5649,0.4359,0.7032,1.614
None-gene-44204952,JASKUS010000001.1,4731,54744915,1.0,2407.6597,3946.0102,1.0,0.0,0.3476,nan,297,0.0042,-0.5349,0.615,0,0,0.022,0.7348,0.022,0.7348,0.4209,0.6752,1.179
None-gene-44207288,JASKUS010000001.1,4731,54744915,1.0,2407.6597,3946.0102,1.0,0.0,0.3476,nan,2682,0.0475,0.0695,0.6151,0,0,0.1562,0.0123,0.1562,0.0123,0.4004,0.6372,0.5875
None-gene-44216053,JASKUS010000001.1,4731,54744915,1.0,2407.6597,3946.0102,1.0,0.0,0.3476,nan,1175,0.0201,-0.3124,0.6154,0,0,0.1933,0.0019,0.1933,0.0019,0.4246,0.6821,1.286
None-gene-44219756,JASKUS010000001.1,4731,54744915,1.0,2407.6597,3946.0102,1.0,0.0,0.3476,nan,455,0.0071,-0.4948,0.6155,0,0,-0.0385,0.5398,-0.0385,0.5398,0.4747,0.7755,2.7383
None-gene-44223191,JASKUS010000001.1,4731,54744915,1.0,2407.6597,3946.0102,1.0,0.0,0.3476,nan,330,0.0048,-0.5265,0.6156,0,0,0.0334,0.6003,0.0334,0.6003,0.4455,0.721,1.8907
None-gene-44230006,JASKUS010000001.1,4731,54744915,1.0,2407.6597,3946.0102,1.0,0.0,0.3476,nan,21804,0.3945,4.9154,0.6167,0,0,0.5616,0.0,0.5616,0.0,0.3577,0.5575,-0.651
None-gene-44245614,JASKUS010000001.1,4731,54744915,1.0,2407.6597,3946.0102,1.0,0.0,0.3476,nan,1268,0.0218,-0.2888,0.6165,0,0,0.2303,0.0002,0.2303,0.0002,0.388,0.614,0.2275
None-gene-44301027,JASKUS010000001.1,4731,54744915,1.0,2407.6597,3946.0102,1.0,0.0,0.3476,nan,375,0.0056,-0.5151,0.6185,0,0,0.2622,0.0001,0.2622,0.0001,0.424,0.6811,1.2695
None-gene-44307223,JASKUS010000001.1,4731,54744915,1.0,2407.6597,3946.0102,1.0,0.0,0.3476,nan,330,0.0048,-0.5265,0.6187,0,0,0.0148,0.8165,0.0148,0.8165,0.4515,0.7323,2.0662
None-gene-44308471,JASKUS010000001.1,4731,54744915,1.0,2407.6597,3946.0102,1.0,0.0,0.3476,nan,2151,0.0378,-0.065,0.6188,0,0,0.002,0.9749,0.002,0.9749,0.4184,0.6707,1.1076
None-gene-44314827,JASKUS010000001.1,4731,54744915,1.0,2407.6597,3946.0102,1.0,0.0,0.3476,nan,744,0.0123,-0.4216,0.619,0,0,0.0192,0.7603,0.0192,0.7603,0.414,0.6624,0.9793
None-gene-44315694,JASKUS010000001.1,4731,54744915,1.0,2407.6597,3946.0102,1.0,0.0,0.3476,nan,826,0.0138,-0.4008,0.619,0,0,0.0602,0.3376,0.0602,0.3376,0.3874,0.6129,0.21
None-gene-44325329,JASKUS010000001.1,4731,54744915,1.0,2407.6597,3946.0102,1.0,0.0,0.3476,nan,2264,0.0399,-0.0364,0.6194,0,0,0.1133,0.0702,0.1133,0.0702,0.364,0.5692,-0.4691
None-gene-44327164,JASKUS010000001.1,4731,54744915,1.0,2407.6597,3946.0102,1.0,0.0,0.3476,nan,376,0.0056,-0.5149,0.6194,0,0,0.059,0.3544,0.059,0.3544,0.391,0.6195,0.3127
None-gene-44381844,JASKUS010000001.1,4731,54744915,1.0,2407.6597,3946.0102,1.0,0.0,0.3476,nan,18509,0.3347,4.0804,0.6221,0,0,0.3854,0.0,0.3854,0.0,0.342,0.5284,-1.1034
None-gene-44432704,JASKUS010000001.1,4731,54744915,1.0,2407.6597,3946.0102,1.0,0.0,0.3476,nan,2670,0.0473,0.0665,0.6234,0,0,0.241,0.0001,0.241,0.0001,0.3607,0.5631,-0.5642
None-gene-44458419,JASKUS010000001.1,4731,54744915,1.0,2407.6597,3946.0102,1.0,0.0,0.3476,nan,3813,0.068,0.3561,0.6243,0,0,0.2183,0.0004,0.2183,0.0004,0.3525,0.5479,-0.8015
None-gene-44533790,JASKUS010000001.1,4731,54744915,1.0,2407.6597,3946.0102,1.0,0.0,0.3476,nan,2037,0.0358,-0.0939,0.627,0,0,0.0523,0.4047,0.0523,0.4047,0.3486,0.5405,-0.9152
None-gene-44542632,JASKUS010000001.1,4731,54744915,1.0,2407.6597,3946.0102,1.0,0.0,0.3476,nan,1017,0.0173,-0.3524,0.6273,0,0,0.0476,0.4484,0.0476,0.4484,0.4012,0.6386,0.6087
None-gene-44562308,JASKUS010000001.1,4731,54744915,1.0,2407.6597,3946.0102,1.0,0.0,0.3476,nan,509,0.008,-0.4812,0.628,0,0,0.2165,0.0005,0.2165,0.0005,0.3713,0.5829,-0.256
None-gene-44566970,JASKUS010000001.1,4731,54744915,1.0,2407.6597,3946.0102,1.0,0.0,0.3476,nan,2443,0.0431,0.009,0.6283,0,0,0.1171,0.0613,0.1171,0.0613,0.37,0.5806,-0.293
None-gene-44578749,JASKUS010000001.1,4731,54744915,1.0,2407.6597,3946.0102,1.0,0.0,0.3476,nan,147,0.0015,-0.5729,0.6286,0,0,0.2004,0.0036,0.2004,0.0036,0.4762,0.7783,2.7807
None-gene-44590589,JASKUS010000001.1,4731,54744915,1.0,2407.6597,3946.0102,1.0,0.0,0.3476,nan,7003,0.1259,1.1646,0.6293,0,0,0.3064,0.0,0.3064,0.0,0.3636,0.5685,-0.4806
None-gene-44591086,JASKUS010000001.1,4731,54744915,1.0,2407.6597,3946.0102,1.0,0.0,0.3476,nan,153,0.0016,-0.5714,0.6291,0,0,-0.0004,0.996,-0.0004,0.996,0.451,0.7313,2.0507
None-gene-44608824,JASKUS010000001.1,4731,54744915,1.0,2407.6597,3946.0102,1.0,0.0,0.3476,nan,1214,0.0208,-0.3025,0.6297,0,0,0.0188,0.7649,0.0188,0.7649,0.4407,0.7122,1.7528
None-gene-44609187,JASKUS010000001.1,4731,54744915,1.0,2407.6597,3946.0102,1.0,0.0,0.3476,nan,851,0.0142,-0.3945,0.6297,0,0,-0.0804,0.1996,-0.0804,0.1996,0.4536,0.7362,2.1261
None-gene-44625552,JASKUS010000001.1,4731,54744915,1.0,2407.6597,3946.0102,1.0,0.0,0.3476,nan,1209,0.0207,-0.3038,0.6304,0,0,0.1719,0.0058,0.1719,0.0058,0.3722,0.5846,-0.2302
None-gene-44629536,JASKUS010000001.1,4731,54744915,1.0,2407.6597,3946.0102,1.0,0.0,0.3476,nan,1146,0.0196,-0.3197,0.6305,0,0,0.197,0.0015,0.197,0.0015,0.3325,0.5106,-1.3811
None-gene-44640836,JASKUS010000001.1,4731,54744915,1.0,2407.6597,3946.0102,1.0,0.0,0.3476,nan,26120,0.4728,6.0092,0.6318,0,0,0.5209,0.0,0.5209,0.0,0.3843,0.6071,0.12
None-gene-44674965,JASKUS010000001.1,4731,54744915,1.0,2407.6597,3946.0102,1.0,0.0,0.3476,nan,261,0.0035,-0.544,0.6321,0,0,0.003,0.9638,0.003,0.9638,0.4253,0.6835,1.3068
None-gene-44677903,JASKUS010000001.1,4731,54744915,1.0,2407.6597,3946.0102,1.0,0.0,0.3476,nan,517,0.0082,-0.4791,0.6322,0,0,0.219,0.0004,0.219,0.0004,0.412,0.6587,0.9218
None-gene-44680470,JASKUS010000001.1,4731,54744915,1.0,2407.6597,3946.0102,1.0,0.0,0.3476,nan,831,0.0139,-0.3996,0.6323,0,0,0.1287,0.0396,0.1287,0.0396,0.438,0.7072,1.6756
None-gene-44684619,JASKUS010000001.1,4731,54744915,1.0,2407.6597,3946.0102,1.0,0.0,0.3476,nan,753,0.0125,-0.4193,0.6325,0,0,0.16,0.0104,0.16,0.0104,0.4143,0.6631,0.9899
None-gene-44711898,JASKUS010000001.1,4731,54744915,1.0,2407.6597,3946.0102,1.0,0.0,0.3476,nan,222,0.0028,-0.5539,0.6335,0,0,0.0785,0.2475,0.0785,0.2475,0.3784,0.5961,-0.0515
None-gene-44725816,JASKUS010000001.1,4731,54744915,1.0,2407.6597,3946.0102,1.0,0.0,0.3476,nan,3942,0.0703,0.3888,0.6341,0,0,0.2111,0.0007,0.2111,0.0007,0.3559,0.5542,-0.7021
None-gene-44729601,JASKUS010000001.1,4731,54744915,1.0,2407.6597,3946.0102,1.0,0.0,0.3476,nan,358,0.0053,-0.5194,0.6341,0,0,0.2549,0.0,0.2549,0.0,0.4134,0.6613,0.9628
None-gene-44729783,JASKUS010000001.1,4731,54744915,1.0,2407.6597,3946.0102,1.0,0.0,0.3476,nan,204,0.0025,-0.5585,0.6341,0,0,0.2462,0.0001,0.2462,0.0001,0.3922,0.6218,0.3475
None-gene-44757727,JASKUS010000001.1,4731,54744915,1.0,2407.6597,3946.0102,1.0,0.0,0.3476,nan,417,0.0064,-0.5045,0.6352,0,0,0.1195,0.0562,0.1195,0.0562,0.4556,0.74,2.1855
None-gene-44771894,JASKUS010000001.1,4731,54744915,1.0,2407.6597,3946.0102,1.0,0.0,0.3476,nan,2575,0.0455,0.0424,0.6357,0,0,0.167,0.0074,0.167,0.0074,0.3379,0.5206,-1.2246
None-gene-44787274,JASKUS010000001.1,4731,54744915,1.0,2407.6597,3946.0102,1.0,0.0,0.3476,nan,668,0.0109,-0.4409,0.6362,0,0,0.0494,0.4308,0.0494,0.4308,0.497,0.817,3.3834
None-gene-44821005,JASKUS010000001.1,4731,54744915,1.0,2407.6597,3946.0102,1.0,0.0,0.3476,nan,4593,0.0822,0.5538,0.6376,0,0,0.2384,0.0001,0.2384,0.0001,0.3492,0.5418,-0.8956
None-gene-44844596,JASKUS010000001.1,4731,54744915,1.0,2407.6597,3946.0102,1.0,0.0,0.3476,nan,6642,0.1193,1.0731,0.6386,0,0,0.3064,0.0,0.3064,0.0,0.3582,0.5585,-0.6365
None-gene-44844636,JASKUS010000001.1,4731,54744915,1.0,2407.6597,3946.0102,1.0,0.0,0.3476,nan,102,0.0007,-0.5843,0.6383,0,0,0.0581,0.4815,0.0581,0.4815,0.4118,0.6583,0.9152
None-gene-44925923,JASKUS010000001.1,4731,54744915,1.0,2407.6597,3946.0102,1.0,0.0,0.3476,nan,15407,0.2784,3.2943,0.6418,0,0,0.193,0.0019,0.193,0.0019,0.3553,0.5531,-0.72
None-gene-44957654,JASKUS010000001.1,4731,54744915,1.0,2407.6597,3946.0102,1.0,0.0,0.3476,nan,630,0.0102,-0.4505,0.6425,0,0,0.046,0.4633,0.046,0.4633,0.3556,0.5536,-0.7124
None-gene-44961726,JASKUS010000001.1,4731,54744915,1.0,2407.6597,3946.0102,1.0,0.0,0.3476,nan,1215,0.0209,-0.3022,0.6426,0,0,0.0827,0.1871,0.0827,0.1871,0.4074,0.6502,0.789
None-gene-44981092,JASKUS010000001.1,4731,54744915,1.0,2407.6597,3946.0102,1.0,0.0,0.3476,nan,7399,0.1331,1.2649,0.6436,0,0,0.2256,0.0003,0.2256,0.0003,0.4011,0.6385,0.6074
None-gene-44993001,JASKUS010000001.1,4731,54744915,1.0,2407.6597,3946.0102,1.0,0.0,0.3476,nan,2066,0.0363,-0.0866,0.6438,0,0,0.2671,0.0,0.2671,0.0,0.456,0.7406,2.1947
None-gene-44995103,JASKUS010000001.1,4731,54744915,1.0,2407.6597,3946.0102,1.0,0.0,0.3476,nan,216,0.0027,-0.5554,0.6438,0,0,0.1024,0.1482,0.1024,0.1482,0.4074,0.6502,0.789
None-gene-45007220,JASKUS010000001.1,4731,54744915,1.0,2407.6597,3946.0102,1.0,0.0,0.3476,nan,129,0.0011,-0.5775,0.6443,0,0,-0.2829,0.0003,-0.2829,0.0003,0.4341,0.6999,1.5622
None-gene-45025876,JASKUS010000001.1,4731,54744915,1.0,2407.6597,3946.0102,1.0,0.0,0.3476,nan,1413,0.0244,-0.2521,0.645,0,0,0.1652,0.0081,0.1652,0.0081,0.4487,0.7271,1.9844
None-gene-45054895,JASKUS010000001.1,4731,54744915,1.0,2407.6597,3946.0102,1.0,0.0,0.3476,nan,879,0.0148,-0.3874,0.646,0,0,0.06,0.3389,0.06,0.3389,0.4369,0.705,1.6419
None-gene-45055406,JASKUS010000001.1,4731,54744915,1.0,2407.6597,3946.0102,1.0,0.0,0.3476,nan,369,0.0055,-0.5166,0.646,0,0,-0.0945,0.1427,-0.0945,0.1427,0.4661,0.7595,2.4892
None-gene-45056911,JASKUS010000001.1,4731,54744915,1.0,2407.6597,3946.0102,1.0,0.0,0.3476,nan,817,0.0136,-0.4031,0.6461,0,0,0.155,0.013,0.155,0.013,0.4431,0.7166,1.8221
None-gene-45059489,JASKUS010000001.1,4731,54744915,1.0,2407.6597,3946.0102,1.0,0.0,0.3476,nan,242,0.0032,-0.5488,0.6462,0,0,-0.046,0.4837,-0.046,0.4837,0.3967,0.6302,0.4788
None-gene-45062104,JASKUS010000001.1,4731,54744915,1.0,2407.6597,3946.0102,1.0,0.0,0.3476,nan,2534,0.0448,0.032,0.6463,0,0,0.2737,0.0,0.2737,0.0,0.4132,0.6609,0.9562
None-gene-45066652,JASKUS010000001.1,4731,54744915,1.0,2407.6597,3946.0102,1.0,0.0,0.3476,nan,1829,0.032,-0.1466,0.6465,0,0,0.0856,0.172,0.0856,0.172,0.4166,0.6673,1.0558
None-gene-45074958,JASKUS010000001.1,4731,54744915,1.0,2407.6597,3946.0102,1.0,0.0,0.3476,nan,13525,0.2443,2.8174,0.6472,0,0,0.3832,0.0,0.3832,0.0,0.3706,0.5817,-0.2754
None-gene-45082954,JASKUS010000001.1,4731,54744915,1.0,2407.6597,3946.0102,1.0,0.0,0.3476,nan,719,0.0119,-0.4279,0.647,0,0,0.1985,0.0014,0.1985,0.0014,0.3686,0.5778,-0.3356
None-gene-45091983,JASKUS010000001.1,4731,54744915,1.0,2407.6597,3946.0102,1.0,0.0,0.3476,nan,2973,0.0528,0.1433,0.6475,0,0,0.3611,0.0,0.3611,0.0,0.3996,0.6356,0.5629
None-gene-45097574,JASKUS010000001.1,4731,54744915,1.0,2407.6597,3946.0102,1.0,0.0,0.3476,nan,11710,0.2113,2.3574,0.648,0,0,0.2571,0.0,0.2571,0.0,0.368,0.5767,-0.3527
None-gene-45106878,JASKUS010000001.1,4731,54744915,1.0,2407.6597,3946.0102,1.0,0.0,0.3476,nan,241,0.0032,-0.5491,0.6479,0,0,0.084,0.1872,0.084,0.1872,0.4315,0.6951,1.4877
None-gene-45124233,JASKUS010000001.1,4731,54744915,1.0,2407.6597,3946.0102,1.0,0.0,0.3476,nan,18381,0.3324,4.048,0.6492,0,0,0.4269,0.0,0.4269,0.0,0.331,0.5079,-1.422
None-gene-45157860,JASKUS010000001.1,4731,54744915,1.0,2407.6597,3946.0102,1.0,0.0,0.3476,nan,653,0.0107,-0.4447,0.6498,0,0,-0.0045,0.9438,-0.0045,0.9438,0.4334,0.6985,1.5412
None-gene-45161748,JASKUS010000001.1,4731,54744915,1.0,2407.6597,3946.0102,1.0,0.0,0.3476,nan,369,0.0055,-0.5166,0.6499,0,0,0.211,0.0012,0.211,0.0012,0.4038,0.6434,0.6844
None-gene-45207526,JASKUS010000001.1,4731,54744915,1.0,2407.6597,3946.0102,1.0,0.0,0.3476,nan,16523,0.2987,3.5771,0.6522,0,0,0.4875,0.0,0.4875,0.0,0.3309,0.5076,-1.4271
None-gene-45237493,JASKUS010000001.1,4731,54744915,1.0,2407.6597,3946.0102,1.0,0.0,0.3476,nan,859,0.0144,-0.3925,0.6527,0,0,0.0494,0.431,0.0494,0.431,0.4307,0.6936,1.4645
None-gene-45238538,JASKUS010000001.1,4731,54744915,1.0,2407.6597,3946.0102,1.0,0.0,0.3476,nan,888,0.0149,-0.3851,0.6527,0,0,0.0451,0.4797,0.0451,0.4797,0.3919,0.6213,0.3398
None-gene-45241988,JASKUS010000001.1,4731,54744915,1.0,2407.6597,3946.0102,1.0,0.0,0.3476,nan,3196,0.0568,0.1998,0.6529,0,0,0.2716,0.0,0.2716,0.0,0.4046,0.6449,0.7068
None-gene-45266771,JASKUS010000001.1,4731,54744915,1.0,2407.6597,3946.0102,1.0,0.0,0.3476,nan,7720,0.1389,1.3463,0.654,0,0,0.3496,0.0,0.3496,0.0,0.4152,0.6646,1.0134
None-gene-45275002,JASKUS010000001.1,4731,54744915,1.0,2407.6597,3946.0102,1.0,0.0,0.3476,nan,438,0.0068,-0.4992,0.6541,0,0,0.1219,0.0514,0.1219,0.0514,0.4338,0.6993,1.553
None-gene-45310251,JASKUS010000001.1,4731,54744915,1.0,2407.6597,3946.0102,1.0,0.0,0.3476,nan,20560,0.3719,4.6002,0.6561,0,0,0.3263,0.0,0.3263,0.0,0.3404,0.5254,-1.1507
None-gene-45335732,JASKUS010000001.1,4731,54744915,1.0,2407.6597,3946.0102,1.0,0.0,0.3476,nan,1415,0.0245,-0.2516,0.6563,0,0,0.1063,0.0897,0.1063,0.0897,0.4106,0.6561,0.8815
None-gene-45342883,JASKUS010000001.1,4731,54744915,1.0,2407.6597,3946.0102,1.0,0.0,0.3476,nan,2706,0.0479,0.0756,0.6566,0,0,0.166,0.0078,0.166,0.0078,0.4065,0.6485,0.7629
None-gene-45359904,JASKUS010000001.1,4731,54744915,1.0,2407.6597,3946.0102,1.0,0.0,0.3476,nan,2375,0.0419,-0.0083,0.6572,0,0,0.2287,0.0002,0.2287,0.0002,0.3651,0.5713,-0.4374
None-gene-45395778,JASKUS010000001.1,4731,54744915,1.0,2407.6597,3946.0102,1.0,0.0,0.3476,nan,1462,0.0253,-0.2396,0.6585,0,0,0.0999,0.1107,0.0999,0.1107,0.3529,0.5487,-0.7881
None-gene-45460315,JASKUS010000001.1,4731,54744915,1.0,2407.6597,3946.0102,1.0,0.0,0.3476,nan,5013,0.0898,0.6602,0.661,0,0,0.2927,0.0,0.2927,0.0,0.3996,0.6355,0.5618
None-gene-45467474,JASKUS010000001.1,4731,54744915,1.0,2407.6597,3946.0102,1.0,0.0,0.3476,nan,1922,0.0337,-0.1231,0.6611,0,0,0.2671,0.0,0.2671,0.0,0.4714,0.7693,2.6415
None-gene-45474218,JASKUS010000001.1,4731,54744915,1.0,2407.6597,3946.0102,1.0,0.0,0.3476,nan,3625,0.0646,0.3085,0.6614,0,0,0.2421,0.0001,0.2421,0.0001,0.3509,0.5449,-0.8473
None-gene-45479507,JASKUS010000001.1,4731,54744915,1.0,2407.6597,3946.0102,1.0,0.0,0.3476,nan,3109,0.0552,0.1777,0.6616,0,0,0.2411,0.0001,0.2411,0.0001,0.4107,0.6564,0.8856
None-gene-45485536,JASKUS010000001.1,4731,54744915,1.0,2407.6597,3946.0102,1.0,0.0,0.3476,nan,3863,0.0689,0.3688,0.6619,0,0,0.1444,0.0208,0.1444,0.0208,0.3583,0.5586,-0.6337
None-gene-45489617,JASKUS010000001.1,4731,54744915,1.0,2407.6597,3946.0102,1.0,0.0,0.3476,nan,401,0.0061,-0.5085,0.6619,0,0,-0.0766,0.2286,-0.0766,0.2286,0.414,0.6624,0.9789
None-gene-45491655,JASKUS010000001.1,4731,54744915,1.0,2407.6597,3946.0102,1.0,0.0,0.3476,nan,3894,0.0695,0.3767,0.6621,0,0,0.1631,0.009,0.1631,0.009,0.3955,0.6279,0.4437
None-gene-45495692,JASKUS010000001.1,4731,54744915,1.0,2407.6597,3946.0102,1.0,0.0,0.3476,nan,906,0.0152,-0.3806,0.6621,0,0,0.0742,0.2365,0.0742,0.2365,0.4062,0.6479,0.7535
None-gene-45499684,JASKUS010000001.1,4731,54744915,1.0,2407.6597,3946.0102,1.0,0.0,0.3476,nan,924,0.0156,-0.376,0.6623,0,0,0.1239,0.0476,0.1239,0.0476,0.4058,0.6472,0.7438
None-gene-45501731,JASKUS010000001.1,4731,54744915,1.0,2407.6597,3946.0102,1.0,0.0,0.3476,nan,3687,0.0657,0.3242,0.6625,0,0,0.0764,0.2229,0.0764,0.2229,0.3691,0.5789,-0.3192
None-gene-45508944,JASKUS010000001.1,4731,54744915,1.0,2407.6597,3946.0102,1.0,0.0,0.3476,nan,1384,0.0239,-0.2594,0.6626,0,0,0.07,0.2647,0.07,0.2647,0.3801,0.5992,-0.0029
None-gene-45511909,JASKUS010000001.1,4731,54744915,1.0,2407.6597,3946.0102,1.0,0.0,0.3476,nan,517,0.0082,-0.4791,0.6627,0,0,0.1824,0.0034,0.1824,0.0034,0.4081,0.6515,0.8098
None-gene-45519392,JASKUS010000001.1,4731,54744915,1.0,2407.6597,3946.0102,1.0,0.0,0.3476,nan,1371,0.0237,-0.2627,0.663,0,0,0.0279,0.6564,0.0279,0.6564,0.4194,0.6725,1.1364
None-gene-45541729,JASKUS010000001.1,4731,54744915,1.0,2407.6597,3946.0102,1.0,0.0,0.3476,nan,1829,0.032,-0.1466,0.6638,0,0,0.1276,0.0414,0.1276,0.0414,0.3937,0.6246,0.3909
None-gene-45541794,JASKUS010000001.1,4731,54744915,1.0,2407.6597,3946.0102,1.0,0.0,0.3476,nan,120,0.001,-0.5797,0.6638,0,0,-0.1395,0.1135,-0.1395,0.1135,0.425,0.6829,1.2985
None-gene-45543368,JASKUS010000001.1,4731,54744915,1.0,2407.6597,3946.0102,1.0,0.0,0.3476,nan,189,0.0022,-0.5623,0.6638,0,0,0.2383,0.002,0.2383,0.002,0.5026,0.8275,3.5467
None-gene-45546799,JASKUS010000001.1,4731,54744915,1.0,2407.6597,3946.0102,1.0,0.0,0.3476,nan,2358,0.0416,-0.0126,0.6641,0,0,0.0047,0.9405,0.0047,0.9405,0.4275,0.6875,1.3703
None-gene-45548785,JASKUS010000001.1,4731,54744915,1.0,2407.6597,3946.0102,1.0,0.0,0.3476,nan,228,0.0029,-0.5524,0.664,0,0,-0.0433,0.536,-0.0433,0.536,0.4693,0.7654,2.5811
None-gene-45551800,JASKUS010000001.1,4731,54744915,1.0,2407.6597,3946.0102,1.0,0.0,0.3476,nan,2483,0.0439,0.0191,0.6642,0,0,0.1214,0.0524,0.1214,0.0524,0.4591,0.7465,2.2865
None-gene-45555629,JASKUS010000001.1,4731,54744915,1.0,2407.6597,3946.0102,1.0,0.0,0.3476,nan,1341,0.0231,-0.2703,0.6643,0,0,0.1892,0.0024,0.1892,0.0024,0.4318,0.6955,1.4944
None-gene-45558093,JASKUS010000001.1,4731,54744915,1.0,2407.6597,3946.0102,1.0,0.0,0.3476,nan,558,0.0089,-0.4687,0.6644,0,0,0.0407,0.5173,0.0407,0.5173,0.4409,0.7125,1.7577
None-gene-45562108,JASKUS010000001.1,4731,54744915,1.0,2407.6597,3946.0102,1.0,0.0,0.3476,nan,1298,0.0224,-0.2812,0.6646,0,0,0.2277,0.0002,0.2277,0.0002,0.4129,0.6605,0.9493
None-gene-45575909,JASKUS010000001.1,4731,54744915,1.0,2407.6597,3946.0102,1.0,0.0,0.3476,nan,2364,0.0417,-0.0111,0.6651,0,0,0.2162,0.0005,0.2162,0.0005,0.3828,0.6044,0.0773
None-gene-45593589,JASKUS010000001.1,4731,54744915,1.0,2407.6597,3946.0102,1.0,0.0,0.3476,nan,1328,0.0229,-0.2736,0.6657,0,0,0.1484,0.0175,0.1484,0.0175,0.4503,0.7301,2.0311
None-gene-45647086,JASKUS010000001.1,4731,54744915,1.0,2407.6597,3946.0102,1.0,0.0,0.3476,nan,305,0.0043,-0.5329,0.6676,0,0,0.0877,0.1748,0.0877,0.1748,0.3508,0.5448,-0.8495
None-gene-45650241,JASKUS010000001.1,4731,54744915,1.0,2407.6597,3946.0102,1.0,0.0,0.3476,nan,360,0.0053,-0.5189,0.6678,0,0,0.0017,0.9787,0.0017,0.9787,0.4028,0.6415,0.655
None-gene-45691404,JASKUS010000001.1,4731,54744915,1.0,2407.6597,3946.0102,1.0,0.0,0.3476,nan,20849,0.3772,4.6734,0.67,0,0,0.5981,0.0,0.5981,0.0,0.3604,0.5626,-0.5721
None-gene-45715674,JASKUS010000001.1,4731,54744915,1.0,2407.6597,3946.0102,1.0,0.0,0.3476,nan,10504,0.1894,2.0518,0.6705,0,0,0.2702,0.0,0.2702,0.0,0.3705,0.5815,-0.2789
None-gene-45731480,JASKUS010000001.1,4731,54744915,1.0,2407.6597,3946.0102,1.0,0.0,0.3476,nan,2911,0.0516,0.1276,0.6708,0,0,0.143,0.0221,0.143,0.0221,0.3738,0.5875,-0.1854
None-gene-45734897,JASKUS010000001.1,4731,54744915,1.0,2407.6597,3946.0102,1.0,0.0,0.3476,nan,2400,0.0424,-0.0019,0.6709,0,0,0.1167,0.0623,0.1167,0.0623,0.3808,0.6007,0.0196
None-gene-45739232,JASKUS010000001.1,4731,54744915,1.0,2407.6597,3946.0102,1.0,0.0,0.3476,nan,10440,0.1883,2.0356,0.6714,0,0,0.3941,0.0,0.3941,0.0,0.3704,0.5812,-0.2825
None-gene-45755630,JASKUS010000001.1,4731,54744915,1.0,2407.6597,3946.0102,1.0,0.0,0.3476,nan,3047,0.0541,0.162,0.6717,0,0,0.2761,0.0,0.2761,0.0,0.4244,0.6817,1.2797
None-gene-45758762,JASKUS010000001.1,4731,54744915,1.0,2407.6597,3946.0102,1.0,0.0,0.3476,nan,405,0.0062,-0.5075,0.6717,0,0,0.0344,0.5958,0.0344,0.5958,0.3951,0.6272,0.4316
None-gene-45761898,JASKUS010000001.1,4731,54744915,1.0,2407.6597,3946.0102,1.0,0.0,0.3476,nan,1233,0.0212,-0.2977,0.6719,0,0,0.2168,0.0005,0.2168,0.0005,0.4193,0.6723,1.1335
None-gene-45781291,JASKUS010000001.1,4731,54744915,1.0,2407.6597,3946.0102,1.0,0.0,0.3476,nan,3988,0.0712,0.4005,0.6727,0,0,0.1413,0.0237,0.1413,0.0237,0.3428,0.5298,-1.0823
None-gene-45788192,JASKUS010000001.1,4731,54744915,1.0,2407.6597,3946.0102,1.0,0.0,0.3476,nan,497,0.0078,-0.4842,0.6728,0,0,0.1128,0.0761,0.1128,0.0761,0.4386,0.7083,1.6932
None-gene-45791882,JASKUS010000001.1,4731,54744915,1.0,2407.6597,3946.0102,1.0,0.0,0.3476,nan,2719,0.0481,0.0789,0.673,0,0,0.2248,0.0003,0.2248,0.0003,0.3715,0.5832,-0.2518
None-gene-45795455,JASKUS010000001.1,4731,54744915,1.0,2407.6597,3946.0102,1.0,0.0,0.3476,nan,324,0.0047,-0.528,0.6731,0,0,0.0342,0.5965,0.0342,0.5965,0.4136,0.6617,0.9678
None-gene-45812356,JASKUS010000001.1,4731,54744915,1.0,2407.6597,3946.0102,1.0,0.0,0.3476,nan,32413,0.587,7.604,0.6749,0,0,0.6091,0.0,0.6091,0.0,0.3609,0.5635,-0.5584
None-gene-45935121,JASKUS010000001.1,4731,54744915,1.0,2407.6597,3946.0102,1.0,0.0,0.3476,nan,306,0.0044,-0.5326,0.6782,0,0,-0.0329,0.6066,-0.0329,0.6066,0.3856,0.6096,0.1582
None-gene-45936354,JASKUS010000001.1,4731,54744915,1.0,2407.6597,3946.0102,1.0,0.0,0.3476,nan,577,0.0093,-0.4639,0.6782,0,0,-0.0614,0.3279,-0.0614,0.3279,0.3986,0.6338,0.5344
None-gene-45939626,JASKUS010000001.1,4731,54744915,1.0,2407.6597,3946.0102,1.0,0.0,0.3476,nan,3422,0.0609,0.2571,0.6784,0,0,0.2477,0.0001,0.2477,0.0001,0.3507,0.5445,-0.8538
None-gene-45952211,JASKUS010000001.1,4731,54744915,1.0,2407.6597,3946.0102,1.0,0.0,0.3476,nan,11613,0.2096,2.3328,0.6792,0,0,-0.0293,0.6405,-0.0293,0.6405,0.3868,0.6118,0.1926
None-gene-45969227,JASKUS010000001.1,4731,54744915,1.0,2407.6597,3946.0102,1.0,0.0,0.3476,nan,298,0.0042,-0.5346,0.6794,0,0,0.0016,0.981,0.0016,0.981,0.406,0.6476,0.7495
None-gene-45977613,JASKUS010000001.1,4731,54744915,1.0,2407.6597,3946.0102,1.0,0.0,0.3476,nan,585,0.0094,-0.4619,0.6797,0,0,0.0123,0.845,0.0123,0.845,0.4513,0.7319,2.0595
None-gene-45982192,JASKUS010000001.1,4731,54744915,1.0,2407.6597,3946.0102,1.0,0.0,0.3476,nan,3085,0.0548,0.1717,0.68,0,0,0.1644,0.0084,0.1644,0.0084,0.3922,0.6219,0.3493
None-gene-45987781,JASKUS010000001.1,4731,54744915,1.0,2407.6597,3946.0102,1.0,0.0,0.3476,nan,204,0.0025,-0.5585,0.6801,0,0,0.0803,0.2294,0.0803,0.2294,0.4608,0.7496,2.3346
None-gene-46014448,JASKUS010000001.1,4731,54744915,1.0,2407.6597,3946.0102,1.0,0.0,0.3476,nan,273,0.0038,-0.541,0.6811,0,0,-0.0435,0.5151,-0.0435,0.5151,0.3846,0.6077,0.1291
None-gene-46020726,JASKUS010000001.1,4731,54744915,1.0,2407.6597,3946.0102,1.0,0.0,0.3476,nan,617,0.01,-0.4538,0.6813,0,0,0.0821,0.1904,0.0821,0.1904,0.3695,0.5796,-0.3077
None-gene-46023332,JASKUS010000001.1,4731,54744915,1.0,2407.6597,3946.0102,1.0,0.0,0.3476,nan,1658,0.0289,-0.19,0.6814,0,0,0.1189,0.0575,0.1189,0.0575,0.3589,0.5598,-0.6165
None-gene-46028102,JASKUS010000001.1,4731,54744915,1.0,2407.6597,3946.0102,1.0,0.0,0.3476,nan,1409,0.0244,-0.2531,0.6816,0,0,0.1667,0.0075,0.1667,0.0075,0.3811,0.6012,0.0279
None-gene-46033019,JASKUS010000001.1,4731,54744915,1.0,2407.6597,3946.0102,1.0,0.0,0.3476,nan,858,0.0144,-0.3927,0.6818,0,0,0.1105,0.0775,0.1105,0.0775,0.4091,0.6533,0.8378
None-gene-46037773,JASKUS010000001.1,4731,54744915,1.0,2407.6597,3946.0102,1.0,0.0,0.3476,nan,1040,0.0177,-0.3466,0.6819,0,0,0.1778,0.0043,0.1778,0.0043,0.4115,0.6579,0.9087
None-gene-46042364,JASKUS010000001.1,4731,54744915,1.0,2407.6597,3946.0102,1.0,0.0,0.3476,nan,2586,0.0457,0.0452,0.6822,0,0,0.1227,0.0499,0.1227,0.0499,0.377,0.5936,-0.0906
None-gene-46046846,JASKUS010000001.1,4731,54744915,1.0,2407.6597,3946.0102,1.0,0.0,0.3476,nan,1025,0.0174,-0.3504,0.6823,0,0,0.1885,0.0025,0.1885,0.0025,0.3951,0.6273,0.4333
None-gene-46049800,JASKUS010000001.1,4731,54744915,1.0,2407.6597,3946.0102,1.0,0.0,0.3476,nan,618,0.01,-0.4535,0.6824,0,0,0.2304,0.0002,0.2304,0.0002,0.3819,0.6026,0.0498
None-gene-46051098,JASKUS010000001.1,4731,54744915,1.0,2407.6597,3946.0102,1.0,0.0,0.3476,nan,2468,0.0436,0.0153,0.6825,0,0,0.1149,0.0664,0.1149,0.0664,0.3566,0.5555,-0.6832
None-gene-46082820,JASKUS010000001.1,4731,54744915,1.0,2407.6597,3946.0102,1.0,0.0,0.3476,nan,1230,0.0211,-0.2984,0.6836,0,0,0.0284,0.6513,0.0284,0.6513,0.3919,0.6212,0.3391
None-gene-46086349,JASKUS010000001.1,4731,54744915,1.0,2407.6597,3946.0102,1.0,0.0,0.3476,nan,1613,0.0281,-0.2014,0.6837,0,0,0.1388,0.0264,0.1388,0.0264,0.3794,0.598,-0.0214
None-gene-46088054,JASKUS010000001.1,4731,54744915,1.0,2407.6597,3946.0102,1.0,0.0,0.3476,nan,150,0.0015,-0.5721,0.6837,0,0,0.1339,0.0677,0.1339,0.0677,0.42,0.6736,1.1537
None-gene-46091050,JASKUS010000001.1,4731,54744915,1.0,2407.6597,3946.0102,1.0,0.0,0.3476,nan,1016,0.0172,-0.3527,0.6839,0,0,0.2002,0.0013,0.2002,0.0013,0.4262,0.6851,1.3327
None-gene-46092249,JASKUS010000001.1,4731,54744915,1.0,2407.6597,3946.0102,1.0,0.0,0.3476,nan,618,0.01,-0.4535,0.6839,0,0,0.1373,0.0306,0.1373,0.0306,0.411,0.6569,0.8932
None-gene-46093415,JASKUS010000001.1,4731,54744915,1.0,2407.6597,3946.0102,1.0,0.0,0.3476,nan,4481,0.0801,0.5254,0.6841,0,0,0.1815,0.0036,0.1815,0.0036,0.3999,0.6362,0.572
None-gene-46104616,JASKUS010000001.1,4731,54744915,1.0,2407.6597,3946.0102,1.0,0.0,0.3476,nan,2845,0.0504,0.1108,0.6844,0,0,0.1459,0.0195,0.1459,0.0195,0.3972,0.6311,0.4931
None-gene-46110151,JASKUS010000001.1,4731,54744915,1.0,2407.6597,3946.0102,1.0,0.0,0.3476,nan,1398,0.0242,-0.2559,0.6846,0,0,0.1171,0.0615,0.1171,0.0615,0.4163,0.6667,1.0468
None-gene-46114250,JASKUS010000001.1,4731,54744915,1.0,2407.6597,3946.0102,1.0,0.0,0.3476,nan,9651,0.1739,1.8356,0.685,0,0,0.212,0.0006,0.212,0.0006,0.3621,0.5658,-0.5217
None-gene-46125861,JASKUS010000001.1,4731,54744915,1.0,2407.6597,3946.0102,1.0,0.0,0.3476,nan,897,0.0151,-0.3828,0.6852,0,0,0.0312,0.6195,0.0312,0.6195,0.3991,0.6347,0.5487
None-gene-46126772,JASKUS010000001.1,4731,54744915,1.0,2407.6597,3946.0102,1.0,0.0,0.3476,nan,429,0.0066,-0.5014,0.6852,0,0,0.0546,0.3839,0.0546,0.3839,0.4359,0.7032,1.614
None-gene-46129876,JASKUS010000001.1,4731,54744915,1.0,2407.6597,3946.0102,1.0,0.0,0.3476,nan,3210,0.0571,0.2033,0.6854,0,0,0.177,0.0045,0.177,0.0045,0.3645,0.5702,-0.4538
None-gene-46135288,JASKUS010000001.1,4731,54744915,1.0,2407.6597,3946.0102,1.0,0.0,0.3476,nan,5187,0.0929,0.7043,0.6857,0,0,0.2663,0.0,0.2663,0.0,0.3721,0.5844,-0.2338
None-gene-46144600,JASKUS010000001.1,4731,54744915,1.0,2407.6597,3946.0102,1.0,0.0,0.3476,nan,270,0.0037,-0.5417,0.6858,0,0,-0.0885,0.1782,-0.0885,0.1782,0.3889,0.6157,0.2528
None-gene-46145686,JASKUS010000001.1,4731,54744915,1.0,2407.6597,3946.0102,1.0,0.0,0.3476,nan,639,0.0104,-0.4482,0.6859,0,0,-0.0942,0.1327,-0.0942,0.1327,0.3803,0.5996,0.0036
None-gene-46148783,JASKUS010000001.1,4731,54744915,1.0,2407.6597,3946.0102,1.0,0.0,0.3476,nan,3309,0.0589,0.2284,0.6861,0,0,0.1958,0.0016,0.1958,0.0016,0.3723,0.5848,-0.227
None-gene-46170954,JASKUS010000001.1,4731,54744915,1.0,2407.6597,3946.0102,1.0,0.0,0.3476,nan,4362,0.078,0.4953,0.6869,0,0,0.393,0.0,0.393,0.0,0.3576,0.5575,-0.6522
None-gene-46188502,JASKUS010000001.1,4731,54744915,1.0,2407.6597,3946.0102,1.0,0.0,0.3476,nan,9413,0.1696,1.7753,0.6878,0,0,0.1967,0.0016,0.1967,0.0016,0.3725,0.5851,-0.2228
None-gene-46193509,JASKUS010000001.1,4731,54744915,1.0,2407.6597,3946.0102,1.0,0.0,0.3476,nan,2174,0.0383,-0.0592,0.6877,0,0,-0.0109,0.8622,-0.0109,0.8622,0.3795,0.5982,-0.0195
None-gene-46200013,JASKUS010000001.1,4731,54744915,1.0,2407.6597,3946.0102,1.0,0.0,0.3476,nan,7908,0.1423,1.3939,0.6881,0,0,0.5306,0.0,0.5306,0.0,0.3824,0.6036,0.0649
None-gene-46213804,JASKUS010000001.1,4731,54744915,1.0,2407.6597,3946.0102,1.0,0.0,0.3476,nan,930,0.0157,-0.3745,0.6884,0,0,0.1509,0.0157,0.1509,0.0157,0.3699,0.5803,-0.2972
None-gene-46219082,JASKUS010000001.1,4731,54744915,1.0,2407.6597,3946.0102,1.0,0.0,0.3476,nan,2933,0.052,0.1331,0.6886,0,0,0.0947,0.1308,0.0947,0.1308,0.3621,0.5657,-0.5233
None-gene-46227221,JASKUS010000001.1,4731,54744915,1.0,2407.6597,3946.0102,1.0,0.0,0.3476,nan,23697,0.4289,5.3952,0.6897,0,0,0.4746,0.0,0.4746,0.0,0.3442,0.5324,-1.0418
None-gene-46250963,JASKUS010000001.1,4731,54744915,1.0,2407.6597,3946.0102,1.0,0.0,0.3476,nan,132,0.0012,-0.5767,0.6897,0,0,0.1788,0.0255,0.1788,0.0255,0.3485,0.5404,-0.9171
None-gene-46265637,JASKUS010000001.1,4731,54744915,1.0,2407.6597,3946.0102,1.0,0.0,0.3476,nan,177,0.002,-0.5653,0.6902,0,0,0.1677,0.0179,0.1677,0.0179,0.3672,0.5753,-0.3743
None-gene-46284121,JASKUS010000001.1,4731,54744915,1.0,2407.6597,3946.0102,1.0,0.0,0.3476,nan,975,0.0165,-0.3631,0.6909,0,0,0.1532,0.0141,0.1532,0.0141,0.3949,0.6268,0.4261
None-gene-46285518,JASKUS010000001.1,4731,54744915,1.0,2407.6597,3946.0102,1.0,0.0,0.3476,nan,201,0.0024,-0.5592,0.691,0,0,-0.1497,0.0297,-0.1497,0.0297,0.4627,0.7531,2.3897
None-gene-46287150,JASKUS010000001.1,4731,54744915,1.0,2407.6597,3946.0102,1.0,0.0,0.3476,nan,1454,0.0252,-0.2417,0.6911,0,0,0.2021,0.0012,0.2021,0.0012,0.4429,0.7163,1.8172
None-gene-46297442,JASKUS010000001.1,4731,54744915,1.0,2407.6597,3946.0102,1.0,0.0,0.3476,nan,4494,0.0804,0.5287,0.6916,0,0,0.2596,0.0,0.2596,0.0,0.3198,0.4869,-1.7489
None-gene-46320617,JASKUS010000001.1,4731,54744915,1.0,2407.6597,3946.0102,1.0,0.0,0.3476,nan,573,0.0092,-0.4649,0.6923,0,0,0.0877,0.1679,0.0877,0.1679,0.3962,0.6292,0.4634
None-gene-46323432,JASKUS010000001.1,4731,54744915,1.0,2407.6597,3946.0102,1.0,0.0,0.3476,nan,165,0.0018,-0.5683,0.6923,0,0,-0.0152,0.825,-0.0152,0.825,0.4,0.6364,0.5746
None-gene-46326194,JASKUS010000001.1,4731,54744915,1.0,2407.6597,3946.0102,1.0,0.0,0.3476,nan,13239,0.2391,2.7449,0.6929,0,0,0.3071,0.0,0.3071,0.0,0.3145,0.4772,-1.9004
None-gene-46347728,JASKUS010000001.1,4731,54744915,1.0,2407.6597,3946.0102,1.0,0.0,0.3476,nan,228,0.0029,-0.5524,0.6932,0,0,0.0568,0.3811,0.0568,0.3811,0.3991,0.6347,0.5492
None-gene-46356078,JASKUS010000001.1,4731,54744915,1.0,2407.6597,3946.0102,1.0,0.0,0.3476,nan,669,0.0109,-0.4406,0.6936,0,0,-0.0553,0.3861,-0.0553,0.3861,0.3692,0.579,-0.3171
None-gene-46368779,JASKUS010000001.1,4731,54744915,1.0,2407.6597,3946.0102,1.0,0.0,0.3476,nan,6527,0.1173,1.0439,0.6942,0,0,0.2465,0.0001,0.2465,0.0001,0.3997,0.6358,0.5666
None-gene-46370739,JASKUS010000001.1,4731,54744915,1.0,2407.6597,3946.0102,1.0,0.0,0.3476,nan,328,0.0048,-0.527,0.6941,0,0,0.0355,0.5831,0.0355,0.5831,0.4421,0.7147,1.7928
None-gene-46387816,JASKUS010000001.1,4731,54744915,1.0,2407.6597,3946.0102,1.0,0.0,0.3476,nan,684,0.0112,-0.4368,0.6947,0,0,0.0779,0.2144,0.0779,0.2144,0.383,0.6048,0.0835
None-gene-46390487,JASKUS010000001.1,4731,54744915,1.0,2407.6597,3946.0102,1.0,0.0,0.3476,nan,930,0.0157,-0.3745,0.6948,0,0,0.1978,0.0015,0.1978,0.0015,0.4763,0.7786,2.7852
None-gene-46393963,JASKUS010000001.1,4731,54744915,1.0,2407.6597,3946.0102,1.0,0.0,0.3476,nan,4227,0.0755,0.4611,0.6951,0,0,0.3746,0.0,0.3746,0.0,0.3982,0.6329,0.5211
None-gene-46401603,JASKUS010000001.1,4731,54744915,1.0,2407.6597,3946.0102,1.0,0.0,0.3476,nan,333,0.0048,-0.5258,0.6952,0,0,-0.0045,0.9451,-0.0045,0.9451,0.3964,0.6297,0.4702
None-gene-46401619,JASKUS010000001.1,4731,54744915,1.0,2407.6597,3946.0102,1.0,0.0,0.3476,nan,342,0.005,-0.5235,0.6952,0,0,0.0416,0.5148,0.0416,0.5148,0.3977,0.632,0.5068
None-gene-46403842,JASKUS010000001.1,4731,54744915,1.0,2407.6597,3946.0102,1.0,0.0,0.3476,nan,1082,0.0184,-0.3359,0.6953,0,0,0.158,0.0114,0.158,0.0114,0.4214,0.6763,1.1954
None-gene-46404985,JASKUS010000001.1,4731,54744915,1.0,2407.6597,3946.0102,1.0,0.0,0.3476,nan,1516,0.0263,-0.226,0.6954,0,0,0.1593,0.0107,0.1593,0.0107,0.405,0.6457,0.7197
None-gene-46407845,JASKUS010000001.1,4731,54744915,1.0,2407.6597,3946.0102,1.0,0.0,0.3476,nan,3982,0.0711,0.399,0.6956,0,0,0.1684,0.0069,0.1684,0.0069,0.3918,0.621,0.336
None-gene-46416423,JASKUS010000001.1,4731,54744915,1.0,2407.6597,3946.0102,1.0,0.0,0.3476,nan,536,0.0085,-0.4743,0.6958,0,0,-0.0596,0.3493,-0.0596,0.3493,0.431,0.694,1.4713
None-gene-46419068,JASKUS010000001.1,4731,54744915,1.0,2407.6597,3946.0102,1.0,0.0,0.3476,nan,1190,0.0204,-0.3086,0.6959,0,0,0.0361,0.5658,0.0361,0.5658,0.4168,0.6677,1.0612
None-gene-46426807,JASKUS010000001.1,4731,54744915,1.0,2407.6597,3946.0102,1.0,0.0,0.3476,nan,6908,0.1242,1.1405,0.6964,0,0,0.293,0.0,0.293,0.0,0.4124,0.6595,0.9342
None-gene-46601390,JASKUS010000001.1,4731,54744915,1.0,2407.6597,3946.0102,1.0,0.0,0.3476,nan,270,0.0037,-0.5417,0.7025,0,0,0.1094,0.1015,0.1094,0.1015,0.4741,0.7743,2.7194
None-gene-46612095,JASKUS010000001.1,4731,54744915,1.0,2407.6597,3946.0102,1.0,0.0,0.3476,nan,9625,0.1735,1.829,0.7032,0,0,0.2998,0.0,0.2998,0.0,0.3434,0.5309,-1.065
None-gene-46646998,JASKUS010000001.1,4731,54744915,1.0,2407.6597,3946.0102,1.0,0.0,0.3476,nan,168,0.0019,-0.5676,0.7042,0,0,0.0462,0.518,0.0462,0.518,0.4762,0.7783,2.7807
None-gene-46673743,JASKUS010000001.1,4731,54744915,1.0,2407.6597,3946.0102,1.0,0.0,0.3476,nan,120,0.001,-0.5797,0.7051,0,0,0.015,0.8509,0.015,0.8509,0.45,0.7295,2.0223
None-gene-46680023,JASKUS010000001.1,4731,54744915,1.0,2407.6597,3946.0102,1.0,0.0,0.3476,nan,480,0.0075,-0.4885,0.7054,0,0,0.1129,0.0714,0.1129,0.0714,0.4354,0.7023,1.6001
None-gene-46705855,JASKUS010000001.1,4731,54744915,1.0,2407.6597,3946.0102,1.0,0.0,0.3476,nan,525,0.0083,-0.4771,0.7063,0,0,0.0438,0.4915,0.0438,0.4915,0.4419,0.7144,1.7879
None-gene-46731555,JASKUS010000001.1,4731,54744915,1.0,2407.6597,3946.0102,1.0,0.0,0.3476,nan,1480,0.0257,-0.2351,0.7073,0,0,0.2065,0.0009,0.2065,0.0009,0.4014,0.6389,0.6137
None-gene-46734587,JASKUS010000001.1,4731,54744915,1.0,2407.6597,3946.0102,1.0,0.0,0.3476,nan,7272,0.1308,1.2327,0.7076,0,0,0.2667,0.0,0.2667,0.0,0.372,0.5842,-0.2369
None-gene-46741627,JASKUS010000001.1,4731,54744915,1.0,2407.6597,3946.0102,1.0,0.0,0.3476,nan,237,0.0031,-0.5501,0.7076,0,0,0.0246,0.7361,0.0246,0.7361,0.4304,0.6929,1.4542
None-gene-46746605,JASKUS010000001.1,4731,54744915,1.0,2407.6597,3946.0102,1.0,0.0,0.3476,nan,5783,0.1038,0.8554,0.708,0,0,0.2778,0.0,0.2778,0.0,0.3778,0.5951,-0.0673
None-gene-46760098,JASKUS010000001.1,4731,54744915,1.0,2407.6597,3946.0102,1.0,0.0,0.3476,nan,4646,0.0831,0.5672,0.7085,0,0,0.1477,0.018,0.1477,0.018,0.3943,0.6258,0.41
None-gene-46773015,JASKUS010000001.1,4731,54744915,1.0,2407.6597,3946.0102,1.0,0.0,0.3476,nan,1269,0.0218,-0.2886,0.7088,0,0,0.2599,0.0,0.2599,0.0,0.3885,0.6149,0.2414
None-gene-46779553,JASKUS010000001.1,4731,54744915,1.0,2407.6597,3946.0102,1.0,0.0,0.3476,nan,426,0.0065,-0.5022,0.709,0,0,-0.0619,0.3458,-0.0619,0.3458,0.4014,0.639,0.6153
None-gene-46796697,JASKUS010000001.1,4731,54744915,1.0,2407.6597,3946.0102,1.0,0.0,0.3476,nan,915,0.0154,-0.3783,0.7097,0,0,0.16,0.0103,0.16,0.0103,0.4514,0.732,2.0619
None-gene-46797963,JASKUS010000001.1,4731,54744915,1.0,2407.6597,3946.0102,1.0,0.0,0.3476,nan,2353,0.0415,-0.0139,0.7098,0,0,0.0669,0.286,0.0669,0.286,0.402,0.6402,0.6336
None-gene-46800658,JASKUS010000001.1,4731,54744915,1.0,2407.6597,3946.0102,1.0,0.0,0.3476,nan,699,0.0115,-0.433,0.7098,0,0,0.1956,0.0019,0.1956,0.0019,0.4649,0.7573,2.4552
None-gene-46801606,JASKUS010000001.1,4731,54744915,1.0,2407.6597,3946.0102,1.0,0.0,0.3476,nan,374,0.0056,-0.5154,0.7098,0,0,0.0508,0.418,0.0508,0.418,0.377,0.5935,-0.0913
None-gene-46816777,JASKUS010000001.1,4731,54744915,1.0,2407.6597,3946.0102,1.0,0.0,0.3476,nan,534,0.0085,-0.4748,0.7104,0,0,0.2044,0.0014,0.2044,0.0014,0.4607,0.7494,2.3314
None-gene-46831630,JASKUS010000001.1,4731,54744915,1.0,2407.6597,3946.0102,1.0,0.0,0.3476,nan,802,0.0134,-0.4069,0.7109,0,0,0.01,0.8732,0.01,0.8732,0.4214,0.6763,1.1956
None-gene-46850728,JASKUS010000001.1,4731,54744915,1.0,2407.6597,3946.0102,1.0,0.0,0.3476,nan,611,0.0099,-0.4553,0.7116,0,0,0.1944,0.0018,0.1944,0.0018,0.4059,0.6473,0.7452
None-gene-46851417,JASKUS010000001.1,4731,54744915,1.0,2407.6597,3946.0102,1.0,0.0,0.3476,nan,282,0.0039,-0.5387,0.7116,0,0,0.0282,0.6533,0.0282,0.6533,0.4645,0.7566,2.4433
None-gene-46853986,JASKUS010000001.1,4731,54744915,1.0,2407.6597,3946.0102,1.0,0.0,0.3476,nan,1936,0.0339,-0.1195,0.7118,0,0,0.0979,0.1181,0.0979,0.1181,0.3714,0.5831,-0.254
None-gene-46856042,JASKUS010000001.1,4731,54744915,1.0,2407.6597,3946.0102,1.0,0.0,0.3476,nan,932,0.0157,-0.374,0.7118,0,0,0.1456,0.0198,0.1456,0.0198,0.4227,0.6787,1.2332
None-gene-46858737,JASKUS010000001.1,4731,54744915,1.0,2407.6597,3946.0102,1.0,0.0,0.3476,nan,1077,0.0183,-0.3372,0.7119,0,0,0.1546,0.0133,0.1546,0.0133,0.4373,0.7059,1.6554
None-gene-46860834,JASKUS010000001.1,4731,54744915,1.0,2407.6597,3946.0102,1.0,0.0,0.3476,nan,339,0.005,-0.5242,0.712,0,0,-0.0246,0.7031,-0.0246,0.7031,0.4513,0.732,2.0608
None-gene-46864994,JASKUS010000001.1,4731,54744915,1.0,2407.6597,3946.0102,1.0,0.0,0.3476,nan,393,0.0059,-0.5106,0.7121,0,0,-0.0655,0.3036,-0.0655,0.3036,0.4198,0.6733,1.1493
None-gene-46866249,JASKUS010000001.1,4731,54744915,1.0,2407.6597,3946.0102,1.0,0.0,0.3476,nan,1941,0.034,-0.1183,0.7122,0,0,0.291,0.0,0.291,0.0,0.4312,0.6945,1.4786
None-gene-46870682,JASKUS010000001.1,4731,54744915,1.0,2407.6597,3946.0102,1.0,0.0,0.3476,nan,681,0.0112,-0.4376,0.7124,0,0,0.1162,0.0634,0.1162,0.0634,0.3965,0.6298,0.4725
None-gene-46874871,JASKUS010000001.1,4731,54744915,1.0,2407.6597,3946.0102,1.0,0.0,0.3476,nan,7082,0.1273,1.1846,0.7127,0,0,0.2646,0.0,0.2646,0.0,0.3356,0.5165,-1.289
None-gene-46883566,JASKUS010000001.1,4731,54744915,1.0,2407.6597,3946.0102,1.0,0.0,0.3476,nan,2074,0.0364,-0.0846,0.7129,0,0,0.1032,0.0994,0.1032,0.0994,0.4359,0.7032,1.6133
None-gene-46884276,JASKUS010000001.1,4731,54744915,1.0,2407.6597,3946.0102,1.0,0.0,0.3476,nan,207,0.0026,-0.5577,0.7128,0,0,-0.0293,0.6793,-0.0293,0.6793,0.43,0.6921,1.4418
None-gene-46886783,JASKUS010000001.1,4731,54744915,1.0,2407.6597,3946.0102,1.0,0.0,0.3476,nan,2416,0.0426,0.0021,0.713,0,0,0.0356,0.5711,0.0356,0.5711,0.4019,0.6399,0.6297
None-gene-46890350,JASKUS010000001.1,4731,54744915,1.0,2407.6597,3946.0102,1.0,0.0,0.3476,nan,8770,0.158,1.6123,0.7134,0,0,0.3047,0.0,0.3047,0.0,0.4173,0.6686,1.0764
None-gene-46895178,JASKUS010000001.1,4731,54744915,1.0,2407.6597,3946.0102,1.0,0.0,0.3476,nan,123,0.001,-0.579,0.7132,0,0,0.0215,0.7941,0.0215,0.7941,0.4553,0.7393,2.1754
None-gene-46901727,JASKUS010000001.1,4731,54744915,1.0,2407.6597,3946.0102,1.0,0.0,0.3476,nan,5649,0.1013,0.8214,0.7137,0,0,0.2885,0.0,0.2885,0.0,0.3739,0.5877,-0.182
None-gene-46909635,JASKUS010000001.1,4731,54744915,1.0,2407.6597,3946.0102,1.0,0.0,0.3476,nan,3473,0.0618,0.27,0.7139,0,0,0.2278,0.0002,0.2278,0.0002,0.3838,0.6062,0.106
None-gene-46910325,JASKUS010000001.1,4731,54744915,1.0,2407.6597,3946.0102,1.0,0.0,0.3476,nan,2518,0.0445,0.028,0.7139,0,0,0.1874,0.0026,0.1874,0.0026,0.3674,0.5756,-0.3707
None-gene-46917645,JASKUS010000001.1,4731,54744915,1.0,2407.6597,3946.0102,1.0,0.0,0.3476,nan,1149,0.0197,-0.319,0.7141,0,0,0.1998,0.0013,0.1998,0.0013,0.463,0.7537,2.3991
None-gene-46918117,JASKUS010000001.1,4731,54744915,1.0,2407.6597,3946.0102,1.0,0.0,0.3476,nan,258,0.0035,-0.5448,0.7141,0,0,-0.0079,0.9027,-0.0079,0.9027,0.4574,0.7432,2.2356
None-gene-46933959,JASKUS010000001.1,4731,54744915,1.0,2407.6597,3946.0102,1.0,0.0,0.3476,nan,117,0.0009,-0.5805,0.7146,0,0,0.1392,0.0831,0.1392,0.0831,0.4444,0.7191,1.8615
None-gene-46949853,JASKUS010000001.1,4731,54744915,1.0,2407.6597,3946.0102,1.0,0.0,0.3476,nan,231,0.003,-0.5516,0.7152,0,0,0.0672,0.3471,0.0672,0.3471,0.3766,0.5928,-0.1023
None-gene-46982038,JASKUS010000001.1,4731,54744915,1.0,2407.6597,3946.0102,1.0,0.0,0.3476,nan,1251,0.0215,-0.2931,0.7164,0,0,0.052,0.414,0.052,0.414,0.3541,0.5509,-0.754
None-gene-46989538,JASKUS010000001.1,4731,54744915,1.0,2407.6597,3946.0102,1.0,0.0,0.3476,nan,4767,0.0853,0.5979,0.7168,0,0,0.162,0.0094,0.162,0.0094,0.348,0.5395,-0.9306
None-gene-46996940,JASKUS010000001.1,4731,54744915,1.0,2407.6597,3946.0102,1.0,0.0,0.3476,nan,270,0.0037,-0.5417,0.717,0,0,0.0591,0.3463,0.0591,0.3463,0.4185,0.6709,1.1108
None-gene-46999071,JASKUS010000001.1,4731,54744915,1.0,2407.6597,3946.0102,1.0,0.0,0.3476,nan,364,0.0054,-0.5179,0.717,0,0,0.0722,0.2574,0.0722,0.2574,0.4093,0.6538,0.845
None-gene-47000099,JASKUS010000001.1,4731,54744915,1.0,2407.6597,3946.0102,1.0,0.0,0.3476,nan,1010,0.0171,-0.3542,0.7171,0,0,0.0389,0.5351,0.0389,0.5351,0.403,0.6419,0.6606
None-gene-47006497,JASKUS010000001.1,4731,54744915,1.0,2407.6597,3946.0102,1.0,0.0,0.3476,nan,1062,0.0181,-0.341,0.7173,0,0,0.0614,0.3276,0.0614,0.3276,0.3766,0.5929,-0.1016
None-gene-47009405,JASKUS010000001.1,4731,54744915,1.0,2407.6597,3946.0102,1.0,0.0,0.3476,nan,1128,0.0193,-0.3243,0.7174,0,0,0.1255,0.0448,0.1255,0.0448,0.4176,0.6691,1.0828
None-gene-47014707,JASKUS010000001.1,4731,54744915,1.0,2407.6597,3946.0102,1.0,0.0,0.3476,nan,4910,0.0879,0.6341,0.7178,0,0,0.2602,0.0,0.2602,0.0,0.4108,0.6565,0.8871
None-gene-47017662,JASKUS010000001.1,4731,54744915,1.0,2407.6597,3946.0102,1.0,0.0,0.3476,nan,420,0.0064,-0.5037,0.7177,0,0,-0.0202,0.7549,-0.0202,0.7549,0.4548,0.7384,2.1602
None-gene-47024234,JASKUS010000001.1,4731,54744915,1.0,2407.6597,3946.0102,1.0,0.0,0.3476,nan,285,0.004,-0.5379,0.718,0,0,0.0182,0.7721,0.0182,0.7721,0.5158,0.852,3.9273
None-gene-47027635,JASKUS010000001.1,4731,54744915,1.0,2407.6597,3946.0102,1.0,0.0,0.3476,nan,438,0.0068,-0.4992,0.7181,0,0,0.0324,0.6225,0.0324,0.6225,0.3653,0.5717,-0.4303
None-gene-47032355,JASKUS010000001.1,4731,54744915,1.0,2407.6597,3946.0102,1.0,0.0,0.3476,nan,1698,0.0296,-0.1798,0.7183,0,0,0.0176,0.779,0.0176,0.779,0.4246,0.6822,1.2874
None-gene-47042930,JASKUS010000001.1,4731,54744915,1.0,2407.6597,3946.0102,1.0,0.0,0.3476,nan,1122,0.0192,-0.3258,0.7187,0,0,0.1687,0.0068,0.1687,0.0068,0.3734,0.5869,-0.1945
None-gene-47047411,JASKUS010000001.1,4731,54744915,1.0,2407.6597,3946.0102,1.0,0.0,0.3476,nan,1053,0.0179,-0.3433,0.7188,0,0,0.0311,0.62,0.0311,0.62,0.3989,0.6342,0.5416
None-gene-47055049,JASKUS010000001.1,4731,54744915,1.0,2407.6597,3946.0102,1.0,0.0,0.3476,nan,2132,0.0375,-0.0699,0.7191,0,0,0.1547,0.0132,0.1547,0.0132,0.3677,0.5763,-0.3599
None-gene-47065802,JASKUS010000001.1,4731,54744915,1.0,2407.6597,3946.0102,1.0,0.0,0.3476,nan,2559,0.0452,0.0384,0.7196,0,0,0.2543,0.0,0.2543,0.0,0.3966,0.6301,0.4772
None-gene-47067441,JASKUS010000001.1,4731,54744915,1.0,2407.6597,3946.0102,1.0,0.0,0.3476,nan,138,0.0013,-0.5752,0.7195,0,0,0.0755,0.3989,0.0755,0.3989,0.3406,0.5257,-1.146
None-gene-47067759,JASKUS010000001.1,4731,54744915,1.0,2407.6597,3946.0102,1.0,0.0,0.3476,nan,358,0.0053,-0.5194,0.7195,0,0,0.167,0.0094,0.167,0.0094,0.4777,0.781,2.8231
None-gene-47076387,JASKUS010000001.1,4731,54744915,1.0,2407.6597,3946.0102,1.0,0.0,0.3476,nan,801,0.0133,-0.4072,0.7199,0,0,0.0537,0.392,0.0537,0.392,0.3945,0.6261,0.4155
None-gene-47103267,JASKUS010000001.1,4731,54744915,1.0,2407.6597,3946.0102,1.0,0.0,0.3476,nan,1331,0.023,-0.2728,0.7209,0,0,0.1222,0.0509,0.1222,0.0509,0.4418,0.7142,1.7841
None-gene-47104597,JASKUS010000001.1,4731,54744915,1.0,2407.6597,3946.0102,1.0,0.0,0.3476,nan,150,0.0015,-0.5721,0.7209,0,0,0.1222,0.0922,0.1222,0.0922,0.46,0.7481,2.3119
None-gene-47146641,JASKUS010000001.1,4731,54744915,1.0,2407.6597,3946.0102,1.0,0.0,0.3476,nan,600,0.0097,-0.4581,0.7224,0,0,0.1736,0.0053,0.1736,0.0053,0.4083,0.6519,0.8159
None-gene-47155330,JASKUS010000001.1,4731,54744915,1.0,2407.6597,3946.0102,1.0,0.0,0.3476,nan,1077,0.0183,-0.3372,0.7228,0,0,0.2508,0.0,0.2508,0.0,0.4197,0.673,1.1445
None-gene-47159596,JASKUS010000001.1,4731,54744915,1.0,2407.6597,3946.0102,1.0,0.0,0.3476,nan,917,0.0154,-0.3778,0.7229,0,0,0.122,0.0513,0.122,0.0513,0.4035,0.6429,0.6756
None-gene-47164229,JASKUS010000001.1,4731,54744915,1.0,2407.6597,3946.0102,1.0,0.0,0.3476,nan,5524,0.0991,0.7897,0.7233,0,0,0.3344,0.0,0.3344,0.0,0.3896,0.6169,0.2726
None-gene-47166774,JASKUS010000001.1,4731,54744915,1.0,2407.6597,3946.0102,1.0,0.0,0.3476,nan,1273,0.0219,-0.2875,0.7232,0,0,0.0733,0.2425,0.0733,0.2425,0.3943,0.6258,0.4108
None-gene-47195472,JASKUS010000001.1,4731,54744915,1.0,2407.6597,3946.0102,1.0,0.0,0.3476,nan,5807,0.1042,0.8615,0.7244,0,0,0.255,0.0,0.255,0.0,0.3789,0.597,-0.0378
None-gene-47205427,JASKUS010000001.1,4731,54744915,1.0,2407.6597,3946.0102,1.0,0.0,0.3476,nan,3596,0.0641,0.3011,0.7247,0,0,0.0606,0.3339,0.0606,0.3339,0.4007,0.6377,0.5955
None-gene-47205583,JASKUS010000001.1,4731,54744915,1.0,2407.6597,3946.0102,1.0,0.0,0.3476,nan,165,0.0018,-0.5683,0.7246,0,0,0.0516,0.4623,0.0516,0.4623,0.4545,0.738,2.154
None-gene-47211278,JASKUS010000001.1,4731,54744915,1.0,2407.6597,3946.0102,1.0,0.0,0.3476,nan,1859,0.0325,-0.139,0.7248,0,0,0.0422,0.501,0.0422,0.501,0.412,0.6588,0.9235
None-gene-47213498,JASKUS010000001.1,4731,54744915,1.0,2407.6597,3946.0102,1.0,0.0,0.3476,nan,1223,0.021,-0.3002,0.7249,0,0,0.1092,0.0811,0.1092,0.0811,0.3851,0.6086,0.1437
None-gene-47224573,JASKUS010000001.1,4731,54744915,1.0,2407.6597,3946.0102,1.0,0.0,0.3476,nan,1989,0.0349,-0.1061,0.7253,0,0,0.1857,0.0029,0.1857,0.0029,0.3509,0.545,-0.8463
None-gene-47225917,JASKUS010000001.1,4731,54744915,1.0,2407.6597,3946.0102,1.0,0.0,0.3476,nan,638,0.0104,-0.4485,0.7253,0,0,0.2063,0.0009,0.2063,0.0009,0.3809,0.6007,0.0209
None-gene-47229238,JASKUS010000001.1,4731,54744915,1.0,2407.6597,3946.0102,1.0,0.0,0.3476,nan,988,0.0167,-0.3598,0.7255,0,0,0.2382,0.0001,0.2382,0.0001,0.3937,0.6247,0.3929
None-gene-47238878,JASKUS010000001.1,4731,54744915,1.0,2407.6597,3946.0102,1.0,0.0,0.3476,nan,1196,0.0205,-0.3071,0.7258,0,0,0.0266,0.6716,0.0266,0.6716,0.4231,0.6793,1.2428
None-gene-47302577,JASKUS010000001.1,4731,54744915,1.0,2407.6597,3946.0102,1.0,0.0,0.3476,nan,1584,0.0275,-0.2087,0.7282,0,0,0.2979,0.0,0.2979,0.0,0.3965,0.6298,0.4722
None-gene-47307525,JASKUS010000001.1,4731,54744915,1.0,2407.6597,3946.0102,1.0,0.0,0.3476,nan,737,0.0122,-0.4234,0.7283,0,0,-0.0222,0.7234,-0.0222,0.7234,0.4206,0.6748,1.1717
None-gene-47314673,JASKUS010000001.1,4731,54744915,1.0,2407.6597,3946.0102,1.0,0.0,0.3476,nan,956,0.0162,-0.3679,0.7286,0,0,0.048,0.4446,0.048,0.4446,0.4236,0.6804,1.2591
None-gene-47329268,JASKUS010000001.1,4731,54744915,1.0,2407.6597,3946.0102,1.0,0.0,0.3476,nan,646,0.0105,-0.4464,0.7291,0,0,0.1382,0.027,0.1382,0.027,0.3746,0.5891,-0.1605
None-gene-47336866,JASKUS010000001.1,4731,54744915,1.0,2407.6597,3946.0102,1.0,0.0,0.3476,nan,1282,0.0221,-0.2853,0.7294,0,0,0.2693,0.0,0.2693,0.0,0.4134,0.6614,0.963
None-gene-47339570,JASKUS010000001.1,4731,54744915,1.0,2407.6597,3946.0102,1.0,0.0,0.3476,nan,2390,0.0422,-0.0045,0.7295,0,0,0.158,0.0113,0.158,0.0113,0.3753,0.5904,-0.1403
None-gene-47343776,JASKUS010000001.1,4731,54744915,1.0,2407.6597,3946.0102,1.0,0.0,0.3476,nan,3012,0.0535,0.1532,0.7297,0,0,0.2468,0.0001,0.2468,0.0001,0.4299,0.6921,1.4417
None-gene-47347901,JASKUS010000001.1,4731,54744915,1.0,2407.6597,3946.0102,1.0,0.0,0.3476,nan,727,0.012,-0.4259,0.7298,0,0,0.1674,0.0073,0.1674,0.0073,0.4525,0.7342,2.096
None-gene-47348149,JASKUS010000001.1,4731,54744915,1.0,2407.6597,3946.0102,1.0,0.0,0.3476,nan,398,0.006,-0.5093,0.7298,0,0,0.107,0.0876,0.107,0.0876,0.4296,0.6916,1.433
None-gene-47352082,JASKUS010000001.1,4731,54744915,1.0,2407.6597,3946.0102,1.0,0.0,0.3476,nan,1190,0.0204,-0.3086,0.73,0,0,0.081,0.1965,0.081,0.1965,0.3714,0.5831,-0.2528
None-gene-47354420,JASKUS010000001.1,4731,54744915,1.0,2407.6597,3946.0102,1.0,0.0,0.3476,nan,210,0.0026,-0.5569,0.73,0,0,0.0546,0.4837,0.0546,0.4837,0.419,0.6718,1.1261
None-gene-47361019,JASKUS010000001.1,4731,54744915,1.0,2407.6597,3946.0102,1.0,0.0,0.3476,nan,1358,0.0234,-0.266,0.7303,0,0,0.1126,0.072,0.1126,0.072,0.4043,0.6443,0.6982
None-gene-47363577,JASKUS010000001.1,4731,54744915,1.0,2407.6597,3946.0102,1.0,0.0,0.3476,nan,1448,0.0251,-0.2432,0.7304,0,0,-0.0339,0.5897,-0.0339,0.5897,0.3646,0.5705,-0.4493
None-gene-47367154,JASKUS010000001.1,4731,54744915,1.0,2407.6597,3946.0102,1.0,0.0,0.3476,nan,1080,0.0184,-0.3365,0.7305,0,0,0.09,0.151,0.09,0.151,0.3935,0.6243,0.3869
None-gene-47374431,JASKUS010000001.1,4731,54744915,1.0,2407.6597,3946.0102,1.0,0.0,0.3476,nan,879,0.0148,-0.3874,0.7308,0,0,-0.0042,0.9479,-0.0042,0.9479,0.3925,0.6224,0.3571
None-gene-47376840,JASKUS010000001.1,4731,54744915,1.0,2407.6597,3946.0102,1.0,0.0,0.3476,nan,12183,0.2199,2.4773,0.7313,0,0,0.1807,0.0037,0.1807,0.0037,0.3624,0.5663,-0.5145
None-gene-47415500,JASKUS010000001.1,4731,54744915,1.0,2407.6597,3946.0102,1.0,0.0,0.3476,nan,1151,0.0197,-0.3185,0.7323,0,0,0.1542,0.0135,0.1542,0.0135,0.4361,0.7037,1.6211
None-gene-47422612,JASKUS010000001.1,4731,54744915,1.0,2407.6597,3946.0102,1.0,0.0,0.3476,nan,786,0.0131,-0.411,0.7325,0,0,0.0538,0.391,0.0538,0.391,0.4109,0.6567,0.8914
None-gene-47426486,JASKUS010000001.1,4731,54744915,1.0,2407.6597,3946.0102,1.0,0.0,0.3476,nan,18268,0.3303,4.0193,0.7333,0,0,0.4572,0.0,0.4572,0.0,0.3907,0.619,0.3048
None-gene-47429157,JASKUS010000001.1,4731,54744915,1.0,2407.6597,3946.0102,1.0,0.0,0.3476,nan,213,0.0027,-0.5562,0.7327,0,0,0.1232,0.0798,0.1232,0.0798,0.4507,0.7308,2.0427
None-gene-47429442,JASKUS010000001.1,4731,54744915,1.0,2407.6597,3946.0102,1.0,0.0,0.3476,nan,317,0.0046,-0.5298,0.7328,0,0,0.0153,0.8134,0.0153,0.8134,0.4132,0.661,0.9582
None-gene-47436462,JASKUS010000001.1,4731,54744915,1.0,2407.6597,3946.0102,1.0,0.0,0.3476,nan,1476,0.0256,-0.2361,0.7331,0,0,0.1908,0.0022,0.1908,0.0022,0.3923,0.622,0.3509
None-gene-47452586,JASKUS010000001.1,4731,54744915,1.0,2407.6597,3946.0102,1.0,0.0,0.3476,nan,13815,0.2495,2.8909,0.7341,0,0,0.4905,0.0,0.4905,0.0,0.3371,0.5192,-1.2468
None-gene-47467930,JASKUS010000001.1,4731,54744915,1.0,2407.6597,3946.0102,1.0,0.0,0.3476,nan,2687,0.0476,0.0708,0.7342,0,0,0.3088,0.0,0.3088,0.0,0.3599,0.5616,-0.5871
None-gene-47482661,JASKUS010000001.1,4731,54744915,1.0,2407.6597,3946.0102,1.0,0.0,0.3476,nan,4408,0.0788,0.5069,0.7348,0,0,0.1837,0.0032,0.1837,0.0032,0.3879,0.6139,0.2251
None-gene-47484385,JASKUS010000001.1,4731,54744915,1.0,2407.6597,3946.0102,1.0,0.0,0.3476,nan,2300,0.0405,-0.0273,0.7348,0,0,0.0293,0.6413,0.0293,0.6413,0.3609,0.5635,-0.5585
None-gene-47494828,JASKUS010000001.1,4731,54744915,1.0,2407.6597,3946.0102,1.0,0.0,0.3476,nan,4412,0.0789,0.5079,0.7353,0,0,0.2426,0.0001,0.2426,0.0001,0.3391,0.5229,-1.1896
None-gene-47503630,JASKUS010000001.1,4731,54744915,1.0,2407.6597,3946.0102,1.0,0.0,0.3476,nan,3785,0.0675,0.349,0.7356,0,0,0.2351,0.0001,0.2351,0.0001,0.3926,0.6226,0.3604
None-gene-47504568,JASKUS010000001.1,4731,54744915,1.0,2407.6597,3946.0102,1.0,0.0,0.3476,nan,180,0.0021,-0.5645,0.7355,0,0,-0.181,0.0096,-0.181,0.0096,0.4278,0.6881,1.3789
None-gene-47513023,JASKUS010000001.1,4731,54744915,1.0,2407.6597,3946.0102,1.0,0.0,0.3476,nan,994,0.0168,-0.3583,0.7358,0,0,0.1256,0.0447,0.1256,0.0447,0.3692,0.579,-0.3168
None-gene-47521993,JASKUS010000001.1,4731,54744915,1.0,2407.6597,3946.0102,1.0,0.0,0.3476,nan,10553,0.1903,2.0642,0.7365,0,0,0.2898,0.0,0.2898,0.0,0.3438,0.5317,-1.0531
None-gene-47531653,JASKUS010000001.1,4731,54744915,1.0,2407.6597,3946.0102,1.0,0.0,0.3476,nan,174,0.002,-0.5661,0.7365,0,0,0.0641,0.3385,0.0641,0.3385,0.5057,0.8333,3.6365
None-gene-47532584,JASKUS010000001.1,4731,54744915,1.0,2407.6597,3946.0102,1.0,0.0,0.3476,nan,144,0.0014,-0.5737,0.7365,0,0,0.0655,0.3696,0.0655,0.3696,0.4444,0.7191,1.8615
None-gene-47533858,JASKUS010000001.1,4731,54744915,1.0,2407.6597,3946.0102,1.0,0.0,0.3476,nan,2268,0.04,-0.0354,0.7366,0,0,0.1781,0.0043,0.1781,0.0043,0.3995,0.6354,0.5592
None-gene-47536358,JASKUS010000001.1,4731,54744915,1.0,2407.6597,3946.0102,1.0,0.0,0.3476,nan,2062,0.0362,-0.0876,0.7367,0,0,0.1436,0.0215,0.1436,0.0215,0.3788,0.5968,-0.0405
None-gene-47541285,JASKUS010000001.1,4731,54744915,1.0,2407.6597,3946.0102,1.0,0.0,0.3476,nan,3540,0.063,0.287,0.737,0,0,0.2253,0.0003,0.2253,0.0003,0.4251,0.6832,1.3025
None-gene-47551408,JASKUS010000001.1,4731,54744915,1.0,2407.6597,3946.0102,1.0,0.0,0.3476,nan,4695,0.084,0.5797,0.7374,0,0,0.2072,0.0009,0.2072,0.0009,0.384,0.6066,0.112
None-gene-47555094,JASKUS010000001.1,4731,54744915,1.0,2407.6597,3946.0102,1.0,0.0,0.3476,nan,439,0.0068,-0.4989,0.7373,0,0,-0.0314,0.6176,-0.0314,0.6176,0.467,0.7611,2.5137
None-gene-47565116,JASKUS010000001.1,4731,54744915,1.0,2407.6597,3946.0102,1.0,0.0,0.3476,nan,21632,0.3914,4.8718,0.7385,0,0,0.5879,0.0,0.5879,0.0,0.3522,0.5473,-0.8106
None-gene-47590653,JASKUS010000001.1,4731,54744915,1.0,2407.6597,3946.0102,1.0,0.0,0.3476,nan,180,0.0021,-0.5645,0.7386,0,0,0.159,0.034,0.159,0.034,0.4944,0.8123,3.3093
None-gene-47596523,JASKUS010000001.1,4731,54744915,1.0,2407.6597,3946.0102,1.0,0.0,0.3476,nan,579,0.0093,-0.4634,0.7389,0,0,0.0961,0.125,0.0961,0.125,0.3955,0.628,0.4445
None-gene-47620043,JASKUS010000001.1,4731,54744915,1.0,2407.6597,3946.0102,1.0,0.0,0.3476,nan,735,0.0121,-0.4239,0.7397,0,0,0.263,0.0,0.263,0.0,0.3578,0.5578,-0.6467
None-gene-47642311,JASKUS010000001.1,4731,54744915,1.0,2407.6597,3946.0102,1.0,0.0,0.3476,nan,204,0.0025,-0.5585,0.7405,0,0,0.0675,0.3111,0.0675,0.3111,0.402,0.64,0.6313
None-gene-47652465,JASKUS010000001.1,4731,54744915,1.0,2407.6597,3946.0102,1.0,0.0,0.3476,nan,1183,0.0203,-0.3104,0.7409,0,0,0.1107,0.0769,0.1107,0.0769,0.3931,0.6235,0.3738
None-gene-47653309,JASKUS010000001.1,4731,54744915,1.0,2407.6597,3946.0102,1.0,0.0,0.3476,nan,117,0.0009,-0.5805,0.7409,0,0,0.007,0.9284,0.007,0.9284,0.4615,0.751,2.3565
None-gene-47654043,JASKUS010000001.1,4731,54744915,1.0,2407.6597,3946.0102,1.0,0.0,0.3476,nan,2008,0.0352,-0.1013,0.741,0,0,0.2202,0.0004,0.2202,0.0004,0.3889,0.6158,0.2544
None-gene-47657356,JASKUS010000001.1,4731,54744915,1.0,2407.6597,3946.0102,1.0,0.0,0.3476,nan,1098,0.0187,-0.3319,0.7411,0,0,0.0358,0.5682,0.0358,0.5682,0.3889,0.6157,0.2528
None-gene-47660305,JASKUS010000001.1,4731,54744915,1.0,2407.6597,3946.0102,1.0,0.0,0.3476,nan,3283,0.0584,0.2218,0.7413,0,0,0.1486,0.0173,0.1486,0.0173,0.3727,0.5855,-0.2163
None-gene-47666825,JASKUS010000001.1,4731,54744915,1.0,2407.6597,3946.0102,1.0,0.0,0.3476,nan,647,0.0105,-0.4462,0.7414,0,0,0.1344,0.0316,0.1344,0.0316,0.3617,0.565,-0.5353
None-gene-47691127,JASKUS010000001.1,4731,54744915,1.0,2407.6597,3946.0102,1.0,0.0,0.3476,nan,2731,0.0484,0.0819,0.7424,0,0,0.3516,0.0,0.3516,0.0,0.3702,0.5808,-0.2885
None-gene-47697814,JASKUS010000001.1,4731,54744915,1.0,2407.6597,3946.0102,1.0,0.0,0.3476,nan,5475,0.0982,0.7773,0.7427,0,0,0.2955,0.0,0.2955,0.0,0.3934,0.6241,0.3842
None-gene-47712334,JASKUS010000001.1,4731,54744915,1.0,2407.6597,3946.0102,1.0,0.0,0.3476,nan,9583,0.1727,1.8184,0.7434,0,0,0.3238,0.0,0.3238,0.0,0.3784,0.5961,-0.0515
None-gene-47722150,JASKUS010000001.1,4731,54744915,1.0,2407.6597,3946.0102,1.0,0.0,0.3476,nan,186,0.0022,-0.563,0.7434,0,0,-0.065,0.3372,-0.065,0.3372,0.4677,0.7625,2.5361
None-gene-47734136,JASKUS010000001.1,4731,54744915,1.0,2407.6597,3946.0102,1.0,0.0,0.3476,nan,90,0.0004,-0.5873,0.7439,0,0,0.0782,0.3962,0.0782,0.3962,0.3667,0.5743,-0.3906
None-gene-47758104,JASKUS010000001.1,4731,54744915,1.0,2407.6597,3946.0102,1.0,0.0,0.3476,nan,1329,0.0229,-0.2734,0.7448,0,0,0.0856,0.172,0.0856,0.172,0.3702,0.5809,-0.2882
None-gene-47780795,JASKUS010000001.1,4731,54744915,1.0,2407.6597,3946.0102,1.0,0.0,0.3476,nan,768,0.0127,-0.4155,0.7456,0,0,0.1295,0.0383,0.1295,0.0383,0.4466,0.7232,1.9243
None-gene-47820462,JASKUS010000001.1,4731,54744915,1.0,2407.6597,3946.0102,1.0,0.0,0.3476,nan,472,0.0074,-0.4905,0.747,0,0,0.1432,0.0238,0.1432,0.0238,0.3708,0.5819,-0.272
None-gene-47831255,JASKUS010000001.1,4731,54744915,1.0,2407.6597,3946.0102,1.0,0.0,0.3476,nan,12657,0.2285,2.5974,0.7479,0,0,0.3525,0.0,0.3525,0.0,0.3688,0.5783,-0.3286
None-gene-47831262,JASKUS010000001.1,4731,54744915,1.0,2407.6597,3946.0102,1.0,0.0,0.3476,nan,255,0.0034,-0.5455,0.7474,0,0,-0.0479,0.4657,-0.0479,0.4657,0.4588,0.7459,2.2778
None-gene-47846515,JASKUS010000001.1,4731,54744915,1.0,2407.6597,3946.0102,1.0,0.0,0.3476,nan,309,0.0044,-0.5318,0.748,0,0,0.1175,0.0604,0.1175,0.0604,0.4239,0.681,1.268
None-gene-47889359,JASKUS010000001.1,4731,54744915,1.0,2407.6597,3946.0102,1.0,0.0,0.3476,nan,1287,0.0222,-0.284,0.7496,0,0,0.2522,0.0,0.2522,0.0,0.3939,0.6251,0.3991
None-gene-47895142,JASKUS010000001.1,4731,54744915,1.0,2407.6597,3946.0102,1.0,0.0,0.3476,nan,2510,0.0444,0.0259,0.7498,0,0,0.1783,0.0042,0.1783,0.0042,0.3765,0.5926,-0.1061
None-gene-47910638,JASKUS010000001.1,4731,54744915,1.0,2407.6597,3946.0102,1.0,0.0,0.3476,nan,1032,0.0175,-0.3486,0.7504,0,0,0.091,0.1465,0.091,0.1465,0.3818,0.6024,0.0471
None-gene-47912793,JASKUS010000001.1,4731,54744915,1.0,2407.6597,3946.0102,1.0,0.0,0.3476,nan,654,0.0107,-0.4444,0.7504,0,0,0.118,0.0595,0.118,0.0595,0.4388,0.7087,1.6991
None-gene-47915030,JASKUS010000001.1,4731,54744915,1.0,2407.6597,3946.0102,1.0,0.0,0.3476,nan,1873,0.0328,-0.1355,0.7506,0,0,0.171,0.0061,0.171,0.0061,0.3978,0.6322,0.5096
None-gene-47919559,JASKUS010000001.1,4731,54744915,1.0,2407.6597,3946.0102,1.0,0.0,0.3476,nan,1064,0.0181,-0.3405,0.7507,0,0,0.0551,0.3801,0.0551,0.3801,0.4004,0.6371,0.5854
None-gene-47923889,JASKUS010000001.1,4731,54744915,1.0,2407.6597,3946.0102,1.0,0.0,0.3476,nan,358,0.0053,-0.5194,0.7508,0,0,-0.0461,0.4623,-0.0461,0.4623,0.4274,0.6873,1.3672
None-gene-47925367,JASKUS010000001.1,4731,54744915,1.0,2407.6597,3946.0102,1.0,0.0,0.3476,nan,2167,0.0381,-0.061,0.7509,0,0,0.2806,0.0,0.2806,0.0,0.4232,0.6795,1.2453
None-gene-47930153,JASKUS010000001.1,4731,54744915,1.0,2407.6597,3946.0102,1.0,0.0,0.3476,nan,5664,0.1016,0.8252,0.7512,0,0,0.1615,0.0097,0.1615,0.0097,0.417,0.6681,1.0674
None-gene-47937907,JASKUS010000001.1,4731,54744915,1.0,2407.6597,3946.0102,1.0,0.0,0.3476,nan,753,0.0125,-0.4193,0.7513,0,0,0.1853,0.0029,0.1853,0.0029,0.4197,0.673,1.1437
None-gene-47939415,JASKUS010000001.1,4731,54744915,1.0,2407.6597,3946.0102,1.0,0.0,0.3476,nan,2606,0.0461,0.0503,0.7515,0,0,0.3017,0.0,0.3017,0.0,0.4148,0.664,1.0034
None-gene-47942091,JASKUS010000001.1,4731,54744915,1.0,2407.6597,3946.0102,1.0,0.0,0.3476,nan,1605,0.0279,-0.2034,0.7515,0,0,0.1994,0.0013,0.1994,0.0013,0.4168,0.6677,1.0617
None-gene-47948464,JASKUS010000001.1,4731,54744915,1.0,2407.6597,3946.0102,1.0,0.0,0.3476,nan,6917,0.1243,1.1428,0.752,0,0,0.3851,0.0,0.3851,0.0,0.3574,0.557,-0.6595
None-gene-47959262,JASKUS010000001.1,4731,54744915,1.0,2407.6597,3946.0102,1.0,0.0,0.3476,nan,1682,0.0293,-0.1839,0.7522,0,0,0.2218,0.0003,0.2218,0.0003,0.4061,0.6477,0.7502
None-gene-47962651,JASKUS010000001.1,4731,54744915,1.0,2407.6597,3946.0102,1.0,0.0,0.3476,nan,5625,0.1009,0.8153,0.7524,0,0,0.2516,0.0,0.2516,0.0,0.3588,0.5595,-0.6197
None-gene-47970626,JASKUS010000001.1,4731,54744915,1.0,2407.6597,3946.0102,1.0,0.0,0.3476,nan,1120,0.0191,-0.3263,0.7526,0,0,0.0977,0.1188,0.0977,0.1188,0.4205,0.6746,1.1692
None-gene-47972248,JASKUS010000001.1,4731,54744915,1.0,2407.6597,3946.0102,1.0,0.0,0.3476,nan,2319,0.0409,-0.0225,0.7527,0,0,0.0769,0.2201,0.0769,0.2201,0.4631,0.7539,2.4026
None-gene-47977857,JASKUS010000001.1,4731,54744915,1.0,2407.6597,3946.0102,1.0,0.0,0.3476,nan,800,0.0133,-0.4074,0.7528,0,0,0.0834,0.1836,0.0834,0.1836,0.415,0.6643,1.0089
None-gene-47984514,JASKUS010000001.1,4731,54744915,1.0,2407.6597,3946.0102,1.0,0.0,0.3476,nan,2197,0.0387,-0.0534,0.7531,0,0,0.202,0.0012,0.202,0.0012,0.4388,0.7086,1.6975
None-gene-47985074,JASKUS010000001.1,4731,54744915,1.0,2407.6597,3946.0102,1.0,0.0,0.3476,nan,189,0.0022,-0.5623,0.753,0,0,0.0708,0.288,0.0708,0.288,0.4392,0.7093,1.7083
None-gene-47988678,JASKUS010000001.1,4731,54744915,1.0,2407.6597,3946.0102,1.0,0.0,0.3476,nan,884,0.0148,-0.3861,0.7532,0,0,0.2095,0.0007,0.2095,0.0007,0.4072,0.6498,0.7842
None-gene-47990087,JASKUS010000001.1,4731,54744915,1.0,2407.6597,3946.0102,1.0,0.0,0.3476,nan,381,0.0057,-0.5136,0.7532,0,0,-0.0441,0.4828,-0.0441,0.4828,0.4436,0.7175,1.8361
None-gene-47993856,JASKUS010000001.1,4731,54744915,1.0,2407.6597,3946.0102,1.0,0.0,0.3476,nan,543,0.0087,-0.4725,0.7534,0,0,0.0961,0.1252,0.0961,0.1252,0.3996,0.6357,0.5639
None-gene-48000733,JASKUS010000001.1,4731,54744915,1.0,2407.6597,3946.0102,1.0,0.0,0.3476,nan,708,0.0117,-0.4307,0.7536,0,0,0.213,0.0006,0.213,0.0006,0.3997,0.6358,0.5664
None-gene-48003220,JASKUS010000001.1,4731,54744915,1.0,2407.6597,3946.0102,1.0,0.0,0.3476,nan,2316,0.0408,-0.0232,0.7538,0,0,0.3114,0.0,0.3114,0.0,0.4417,0.714,1.7823
None-gene-48020676,JASKUS010000001.1,4731,54744915,1.0,2407.6597,3946.0102,1.0,0.0,0.3476,nan,1392,0.0241,-0.2574,0.7544,0,0,0.2192,0.0004,0.2192,0.0004,0.454,0.737,2.1388
None-gene-48022118,JASKUS010000001.1,4731,54744915,1.0,2407.6597,3946.0102,1.0,0.0,0.3476,nan,420,0.0064,-0.5037,0.7544,0,0,0.1439,0.0231,0.1439,0.0231,0.45,0.7295,2.0223
None-gene-48059624,JASKUS010000001.1,4731,54744915,1.0,2407.6597,3946.0102,1.0,0.0,0.3476,nan,186,0.0022,-0.563,0.7558,0,0,-0.081,0.2326,-0.081,0.2326,0.4731,0.7725,2.6918
None-gene-48059860,JASKUS010000001.1,4731,54744915,1.0,2407.6597,3946.0102,1.0,0.0,0.3476,nan,192,0.0023,-0.5615,0.7558,0,0,0.1045,0.1448,0.1045,0.1448,0.3646,0.5704,-0.451
None-gene-48060362,JASKUS010000001.1,4731,54744915,1.0,2407.6597,3946.0102,1.0,0.0,0.3476,nan,5400,0.0968,0.7583,0.756,0,0,0.2301,0.0002,0.2301,0.0002,0.4002,0.6367,0.5799
None-gene-48067175,JASKUS010000001.1,4731,54744915,1.0,2407.6597,3946.0102,1.0,0.0,0.3476,nan,183,0.0021,-0.5638,0.756,0,0,-0.0837,0.2535,-0.0837,0.2535,0.4098,0.6547,0.8594
None-gene-48071434,JASKUS010000001.1,4731,54744915,1.0,2407.6597,3946.0102,1.0,0.0,0.3476,nan,886,0.0149,-0.3856,0.7562,0,0,0.1089,0.0864,0.1089,0.0864,0.4007,0.6376,0.5942
None-gene-48074095,JASKUS010000001.1,4731,54744915,1.0,2407.6597,3946.0102,1.0,0.0,0.3476,nan,4014,0.0716,0.4071,0.7564,0,0,0.2404,0.0001,0.2404,0.0001,0.3996,0.6356,0.563
None-gene-48094064,JASKUS010000001.1,4731,54744915,1.0,2407.6597,3946.0102,1.0,0.0,0.3476,nan,7141,0.1284,1.1995,0.7573,0,0,0.3183,0.0,0.3183,0.0,0.3794,0.5979,-0.0231
None-gene-48104965,JASKUS010000001.1,4731,54744915,1.0,2407.6597,3946.0102,1.0,0.0,0.3476,nan,2399,0.0423,-0.0022,0.7575,0,0,0.1041,0.0964,0.1041,0.0964,0.4427,0.7159,1.8105
None-gene-48110757,JASKUS010000001.1,4731,54744915,1.0,2407.6597,3946.0102,1.0,0.0,0.3476,nan,4494,0.0804,0.5287,0.7578,0,0,0.1404,0.0247,0.1404,0.0247,0.3645,0.5702,-0.4538
None-gene-48146361,JASKUS010000001.1,4731,54744915,1.0,2407.6597,3946.0102,1.0,0.0,0.3476,nan,17754,0.321,3.8891,0.7596,0,0,0.4129,0.0,0.4129,0.0,0.3396,0.5239,-1.1732
None-gene-48171494,JASKUS010000001.1,4731,54744915,1.0,2407.6597,3946.0102,1.0,0.0,0.3476,nan,879,0.0148,-0.3874,0.7599,0,0,-0.0931,0.1372,-0.0931,0.1372,0.4061,0.6478,0.7524
None-gene-48172585,JASKUS010000001.1,4731,54744915,1.0,2407.6597,3946.0102,1.0,0.0,0.3476,nan,4485,0.0802,0.5264,0.7601,0,0,0.2742,0.0,0.2742,0.0,0.4341,0.6999,1.5623
None-gene-48179958,JASKUS010000001.1,4731,54744915,1.0,2407.6597,3946.0102,1.0,0.0,0.3476,nan,1239,0.0213,-0.2962,0.7602,0,0,0.1781,0.0042,0.1781,0.0042,0.4536,0.7362,2.1263
None-gene-48183855,JASKUS010000001.1,4731,54744915,1.0,2407.6597,3946.0102,1.0,0.0,0.3476,nan,8254,0.1486,1.4816,0.7606,0,0,0.2123,0.0006,0.2123,0.0006,0.3545,0.5516,-0.7431
None-gene-48192440,JASKUS010000001.1,4731,54744915,1.0,2407.6597,3946.0102,1.0,0.0,0.3476,nan,1180,0.0202,-0.3111,0.7607,0,0,-0.0028,0.9649,-0.0028,0.9649,0.4195,0.6727,1.1389
None-gene-48198086,JASKUS010000001.1,4731,54744915,1.0,2407.6597,3946.0102,1.0,0.0,0.3476,nan,598,0.0097,-0.4586,0.7608,0,0,0.0498,0.4274,0.0498,0.4274,0.4365,0.7043,1.6301
None-gene-48199029,JASKUS010000001.1,4731,54744915,1.0,2407.6597,3946.0102,1.0,0.0,0.3476,nan,674,0.011,-0.4393,0.7609,0,0,0.0475,0.4496,0.0475,0.4496,0.4243,0.6817,1.2791
None-gene-48199213,JASKUS010000001.1,4731,54744915,1.0,2407.6597,3946.0102,1.0,0.0,0.3476,nan,345,0.0051,-0.5227,0.7609,0,0,-0.1086,0.0878,-0.1086,0.0878,0.4377,0.7065,1.6656
None-gene-48200455,JASKUS010000001.1,4731,54744915,1.0,2407.6597,3946.0102,1.0,0.0,0.3476,nan,11165,0.2014,2.2193,0.7613,0,0,0.3288,0.0,0.3288,0.0,0.3554,0.5534,-0.7156
None-gene-48209661,JASKUS010000001.1,4731,54744915,1.0,2407.6597,3946.0102,1.0,0.0,0.3476,nan,702,0.0115,-0.4322,0.7613,0,0,0.2233,0.0003,0.2233,0.0003,0.4672,0.7616,2.5214
None-gene-48220198,JASKUS010000001.1,4731,54744915,1.0,2407.6597,3946.0102,1.0,0.0,0.3476,nan,4339,0.0775,0.4894,0.7618,0,0,0.3421,0.0,0.3421,0.0,0.4354,0.7022,1.5983
None-gene-48231139,JASKUS010000001.1,4731,54744915,1.0,2407.6597,3946.0102,1.0,0.0,0.3476,nan,995,0.0169,-0.358,0.7621,0,0,-0.0202,0.7472,-0.0202,0.7472,0.402,0.6401,0.6328
None-gene-48237366,JASKUS010000001.1,4731,54744915,1.0,2407.6597,3946.0102,1.0,0.0,0.3476,nan,927,0.0156,-0.3752,0.7623,0,0,0.0828,0.1868,0.0828,0.1868,0.4563,0.7412,2.2051
None-gene-48238329,JASKUS010000001.1,4731,54744915,1.0,2407.6597,3946.0102,1.0,0.0,0.3476,nan,369,0.0055,-0.5166,0.7623,0,0,0.0277,0.6587,0.0277,0.6587,0.4309,0.6939,1.4691
None-gene-48241371,JASKUS010000001.1,4731,54744915,1.0,2407.6597,3946.0102,1.0,0.0,0.3476,nan,177,0.002,-0.5653,0.7624,0,0,0.0878,0.2038,0.0878,0.2038,0.3898,0.6174,0.2801
None-gene-48241975,JASKUS010000001.1,4731,54744915,1.0,2407.6597,3946.0102,1.0,0.0,0.3476,nan,1755,0.0307,-0.1654,0.7625,0,0,0.0824,0.1888,0.0824,0.1888,0.4302,0.6926,1.449
None-gene-48246484,JASKUS010000001.1,4731,54744915,1.0,2407.6597,3946.0102,1.0,0.0,0.3476,nan,4714,0.0844,0.5845,0.7628,0,0,0.2759,0.0,0.2759,0.0,0.4243,0.6816,1.2773
None-gene-48249162,JASKUS010000001.1,4731,54744915,1.0,2407.6597,3946.0102,1.0,0.0,0.3476,nan,378,0.0057,-0.5144,0.7627,0,0,0.0089,0.8919,0.0089,0.8919,0.4259,0.6847,1.3253
None-gene-48253230,JASKUS010000001.1,4731,54744915,1.0,2407.6597,3946.0102,1.0,0.0,0.3476,nan,1667,0.0291,-0.1877,0.7629,0,0,0.1563,0.0123,0.1563,0.0123,0.4481,0.726,1.9676
None-gene-48256578,JASKUS010000001.1,4731,54744915,1.0,2407.6597,3946.0102,1.0,0.0,0.3476,nan,672,0.011,-0.4399,0.763,0,0,0.0245,0.697,0.0245,0.697,0.4256,0.684,1.3157
None-gene-48260099,JASKUS010000001.1,4731,54744915,1.0,2407.6597,3946.0102,1.0,0.0,0.3476,nan,1333,0.023,-0.2723,0.7631,0,0,0.0308,0.6242,0.0308,0.6242,0.4119,0.6584,0.9178
None-gene-48261822,JASKUS010000001.1,4731,54744915,1.0,2407.6597,3946.0102,1.0,0.0,0.3476,nan,7091,0.1275,1.1869,0.7634,0,0,0.273,0.0,0.273,0.0,0.4167,0.6675,1.0589
None-gene-48267249,JASKUS010000001.1,4731,54744915,1.0,2407.6597,3946.0102,1.0,0.0,0.3476,nan,180,0.0021,-0.5645,0.7634,0,0,0.0002,0.9978,0.0002,0.9978,0.4944,0.8123,3.3093
None-gene-48278193,JASKUS010000001.1,4731,54744915,1.0,2407.6597,3946.0102,1.0,0.0,0.3476,nan,165,0.0018,-0.5683,0.7638,0,0,0.1289,0.0874,0.1289,0.0874,0.3939,0.6251,0.3991
None-gene-48289632,JASKUS010000001.1,4731,54744915,1.0,2407.6597,3946.0102,1.0,0.0,0.3476,nan,1538,0.0267,-0.2204,0.7642,0,0,0.1773,0.0044,0.1773,0.0044,0.3765,0.5925,-0.107
None-gene-48290405,JASKUS010000001.1,4731,54744915,1.0,2407.6597,3946.0102,1.0,0.0,0.3476,nan,165,0.0018,-0.5683,0.7642,0,0,0.1347,0.0699,0.1347,0.0699,0.4061,0.6477,0.75
None-gene-48308882,JASKUS010000001.1,4731,54744915,1.0,2407.6597,3946.0102,1.0,0.0,0.3476,nan,144,0.0014,-0.5737,0.7649,0,0,-0.0663,0.3863,-0.0663,0.3863,0.4028,0.6415,0.655
None-gene-48328858,JASKUS010000001.1,4731,54744915,1.0,2407.6597,3946.0102,1.0,0.0,0.3476,nan,15326,0.2769,3.2738,0.7662,0,0,0.5055,0.0,0.5055,0.0,0.3358,0.5169,-1.2834
None-gene-48351314,JASKUS010000001.1,4731,54744915,1.0,2407.6597,3946.0102,1.0,0.0,0.3476,nan,1235,0.0212,-0.2972,0.7665,0,0,0.1547,0.0132,0.1547,0.0132,0.353,0.5489,-0.7853
None-gene-48356475,JASKUS010000001.1,4731,54744915,1.0,2407.6597,3946.0102,1.0,0.0,0.3476,nan,1431,0.0248,-0.2475,0.7667,0,0,0.0589,0.3476,0.0589,0.3476,0.3613,0.5643,-0.5464
None-gene-48359084,JASKUS010000001.1,4731,54744915,1.0,2407.6597,3946.0102,1.0,0.0,0.3476,nan,728,0.012,-0.4257,0.7667,0,0,0.3122,0.0,0.3122,0.0,0.3997,0.6359,0.5666
None-gene-48362247,JASKUS010000001.1,4731,54744915,1.0,2407.6597,3946.0102,1.0,0.0,0.3476,nan,615,0.01,-0.4543,0.7668,0,0,0.0409,0.5146,0.0409,0.5146,0.4309,0.6939,1.4691
None-gene-48363251,JASKUS010000001.1,4731,54744915,1.0,2407.6597,3946.0102,1.0,0.0,0.3476,nan,1294,0.0223,-0.2822,0.7669,0,0,0.1884,0.0028,0.1884,0.0028,0.4111,0.6571,0.8968
None-gene-48363405,JASKUS010000001.1,4731,54744915,1.0,2407.6597,3946.0102,1.0,0.0,0.3476,nan,138,0.0013,-0.5752,0.7669,0,0,0.0502,0.4729,0.0502,0.4729,0.4783,0.7821,2.8407
None-gene-48364827,JASKUS010000001.1,4731,54744915,1.0,2407.6597,3946.0102,1.0,0.0,0.3476,nan,1491,0.0259,-0.2323,0.767,0,0,0.3014,0.0,0.3014,0.0,0.4366,0.7046,1.6349
None-gene-48364995,JASKUS010000001.1,4731,54744915,1.0,2407.6597,3946.0102,1.0,0.0,0.3476,nan,489,0.0077,-0.4862,0.7669,0,0,0.2131,0.0006,0.2131,0.0006,0.4785,0.7826,2.8484
None-gene-48366202,JASKUS010000001.1,4731,54744915,1.0,2407.6597,3946.0102,1.0,0.0,0.3476,nan,114,0.0009,-0.5813,0.767,0,0,0.2031,0.0113,0.2031,0.0113,0.4386,0.7083,1.6921
None-gene-48374835,JASKUS010000001.1,4731,54744915,1.0,2407.6597,3946.0102,1.0,0.0,0.3476,nan,11970,0.216,2.4233,0.7677,0,0,0.3285,0.0,0.3285,0.0,0.3411,0.5267,-1.1306
None-gene-48397396,JASKUS010000001.1,4731,54744915,1.0,2407.6597,3946.0102,1.0,0.0,0.3476,nan,6941,0.1248,1.1488,0.7684,0,0,0.3519,0.0,0.3519,0.0,0.368,0.5767,-0.3532
None-gene-48409874,JASKUS010000001.1,4731,54744915,1.0,2407.6597,3946.0102,1.0,0.0,0.3476,nan,1191,0.0204,-0.3083,0.7686,0,0,0.1736,0.0053,0.1736,0.0053,0.471,0.7687,2.6314
None-gene-48410413,JASKUS010000001.1,4731,54744915,1.0,2407.6597,3946.0102,1.0,0.0,0.3476,nan,363,0.0054,-0.5182,0.7686,0,0,0.0539,0.404,0.0539,0.404,0.4656,0.7585,2.473
None-gene-48410834,JASKUS010000001.1,4731,54744915,1.0,2407.6597,3946.0102,1.0,0.0,0.3476,nan,264,0.0036,-0.5432,0.7686,0,0,0.1701,0.0145,0.1701,0.0145,0.4735,0.7732,2.7024
None-gene-48411592,JASKUS010000001.1,4731,54744915,1.0,2407.6597,3946.0102,1.0,0.0,0.3476,nan,2865,0.0508,0.1159,0.7687,0,0,0.1381,0.0272,0.1381,0.0272,0.3724,0.585,-0.2239
None-gene-48415130,JASKUS010000001.1,4731,54744915,1.0,2407.6597,3946.0102,1.0,0.0,0.3476,nan,8667,0.1561,1.5862,0.7691,0,0,0.2595,0.0,0.2595,0.0,0.3911,0.6199,0.318
None-gene-48452128,JASKUS010000001.1,4731,54744915,1.0,2407.6597,3946.0102,1.0,0.0,0.3476,nan,11097,0.2002,2.2021,0.7705,0,0,0.3221,0.0,0.3221,0.0,0.3341,0.5137,-1.3323
None-gene-48458055,JASKUS010000001.1,4731,54744915,1.0,2407.6597,3946.0102,1.0,0.0,0.3476,nan,318,0.0046,-0.5296,0.7703,0,0,0.1562,0.0154,0.1562,0.0154,0.4119,0.6586,0.9206
None-gene-48460395,JASKUS010000001.1,4731,54744915,1.0,2407.6597,3946.0102,1.0,0.0,0.3476,nan,165,0.0018,-0.5683,0.7704,0,0,0.0076,0.9067,0.0076,0.9067,0.4303,0.6928,1.452
None-gene-48474985,JASKUS010000001.1,4731,54744915,1.0,2407.6597,3946.0102,1.0,0.0,0.3476,nan,568,0.0091,-0.4662,0.771,0,0,0.1413,0.0237,0.1413,0.0237,0.375,0.5898,-0.1493
None-gene-48477304,JASKUS010000001.1,4731,54744915,1.0,2407.6597,3946.0102,1.0,0.0,0.3476,nan,1189,0.0204,-0.3088,0.7711,0,0,0.0876,0.1623,0.0876,0.1623,0.4079,0.6511,0.8035
None-gene-48478356,JASKUS010000001.1,4731,54744915,1.0,2407.6597,3946.0102,1.0,0.0,0.3476,nan,147,0.0015,-0.5729,0.7711,0,0,-0.1591,0.024,-0.1591,0.024,0.381,0.6009,0.023
None-gene-48479365,JASKUS010000001.1,4731,54744915,1.0,2407.6597,3946.0102,1.0,0.0,0.3476,nan,1349,0.0233,-0.2683,0.7711,0,0,0.1603,0.0102,0.1603,0.0102,0.4129,0.6604,0.948
None-gene-48481736,JASKUS010000001.1,4731,54744915,1.0,2407.6597,3946.0102,1.0,0.0,0.3476,nan,1119,0.0191,-0.3266,0.7712,0,0,0.0826,0.1879,0.0826,0.1879,0.4191,0.672,1.1283
None-gene-48483217,JASKUS010000001.1,4731,54744915,1.0,2407.6597,3946.0102,1.0,0.0,0.3476,nan,1322,0.0228,-0.2751,0.7713,0,0,0.1319,0.0349,0.1319,0.0349,0.4584,0.7451,2.2655
None-gene-48490809,JASKUS010000001.1,4731,54744915,1.0,2407.6597,3946.0102,1.0,0.0,0.3476,nan,8270,0.1489,1.4856,0.7718,0,0,0.1691,0.0067,0.1691,0.0067,0.3505,0.5443,-0.8575
None-gene-48500579,JASKUS010000001.1,4731,54744915,1.0,2407.6597,3946.0102,1.0,0.0,0.3476,nan,6419,0.1153,1.0166,0.7721,0,0,0.2178,0.0004,0.2178,0.0004,0.4027,0.6414,0.653
None-gene-48518676,JASKUS010000001.1,4731,54744915,1.0,2407.6597,3946.0102,1.0,0.0,0.3476,nan,1951,0.0342,-0.1157,0.7726,0,0,0.172,0.0058,0.172,0.0058,0.3875,0.6131,0.2124
None-gene-48526528,JASKUS010000001.1,4731,54744915,1.0,2407.6597,3946.0102,1.0,0.0,0.3476,nan,581,0.0093,-0.4629,0.7728,0,0,0.1108,0.0809,0.1108,0.0809,0.4613,0.7505,2.3488
None-gene-48526675,JASKUS010000001.1,4731,54744915,1.0,2407.6597,3946.0102,1.0,0.0,0.3476,nan,207,0.0026,-0.5577,0.7728,0,0,0.1323,0.0667,0.1323,0.0667,0.5072,0.8361,3.68
None-gene-48531492,JASKUS010000001.1,4731,54744915,1.0,2407.6597,3946.0102,1.0,0.0,0.3476,nan,10701,0.193,2.1017,0.7734,0,0,0.326,0.0,0.326,0.0,0.3809,0.6008,0.0215
None-gene-48542412,JASKUS010000001.1,4731,54744915,1.0,2407.6597,3946.0102,1.0,0.0,0.3476,nan,1682,0.0293,-0.1839,0.7735,0,0,0.2249,0.0003,0.2249,0.0003,0.4358,0.703,1.6109
None-gene-48543428,JASKUS010000001.1,4731,54744915,1.0,2407.6597,3946.0102,1.0,0.0,0.3476,nan,240,0.0032,-0.5493,0.7734,0,0,0.0345,0.5946,0.0345,0.5946,0.4333,0.6984,1.5397
None-gene-48544440,JASKUS010000001.1,4731,54744915,1.0,2407.6597,3946.0102,1.0,0.0,0.3476,nan,896,0.0151,-0.3831,0.7735,0,0,0.0779,0.2142,0.0779,0.2142,0.4342,0.7,1.5634
None-gene-48560006,JASKUS010000001.1,4731,54744915,1.0,2407.6597,3946.0102,1.0,0.0,0.3476,nan,315,0.0045,-0.5303,0.7741,0,0,-0.0359,0.5726,-0.0359,0.5726,0.4286,0.6896,1.4019
None-gene-48591079,JASKUS010000001.1,4731,54744915,1.0,2407.6597,3946.0102,1.0,0.0,0.3476,nan,3096,0.055,0.1744,0.7753,0,0,0.0898,0.1522,0.0898,0.1522,0.3915,0.6205,0.3276
None-gene-48607392,JASKUS010000001.1,4731,54744915,1.0,2407.6597,3946.0102,1.0,0.0,0.3476,nan,528,0.0084,-0.4763,0.7758,0,0,0.0783,0.2116,0.0783,0.2116,0.3996,0.6357,0.5636
None-gene-48614610,JASKUS010000001.1,4731,54744915,1.0,2407.6597,3946.0102,1.0,0.0,0.3476,nan,831,0.0139,-0.3996,0.7761,0,0,0.112,0.0782,0.112,0.0782,0.3863,0.6108,0.1773
None-gene-48619853,JASKUS010000001.1,4731,54744915,1.0,2407.6597,3946.0102,1.0,0.0,0.3476,nan,5603,0.1005,0.8098,0.7764,0,0,0.2341,0.0002,0.2341,0.0002,0.3993,0.635,0.5529
None-gene-48647985,JASKUS010000001.1,4731,54744915,1.0,2407.6597,3946.0102,1.0,0.0,0.3476,nan,216,0.0027,-0.5554,0.7773,0,0,0.0498,0.4612,0.0498,0.4612,0.3796,0.5984,-0.0153
None-gene-48671265,JASKUS010000001.1,4731,54744915,1.0,2407.6597,3946.0102,1.0,0.0,0.3476,nan,852,0.0143,-0.3942,0.7781,0,0,0.1103,0.0782,0.1103,0.0782,0.3627,0.5668,-0.5062
None-gene-48686694,JASKUS010000001.1,4731,54744915,1.0,2407.6597,3946.0102,1.0,0.0,0.3476,nan,99,0.0006,-0.5851,0.7787,0,0,0.0106,0.9049,0.0106,0.9049,0.3535,0.5498,-0.7709
None-gene-48726698,JASKUS010000001.1,4731,54744915,1.0,2407.6597,3946.0102,1.0,0.0,0.3476,nan,676,0.0111,-0.4388,0.7802,0,0,-0.0702,0.2711,-0.0702,0.2711,0.358,0.5581,-0.6419
None-gene-48739588,JASKUS010000001.1,4731,54744915,1.0,2407.6597,3946.0102,1.0,0.0,0.3476,nan,516,0.0082,-0.4794,0.7806,0,0,0.0108,0.8634,0.0108,0.8634,0.3527,0.5483,-0.7947
None-gene-48749014,JASKUS010000001.1,4731,54744915,1.0,2407.6597,3946.0102,1.0,0.0,0.3476,nan,174,0.002,-0.5661,0.781,0,0,0.0486,0.5222,0.0486,0.5222,0.3276,0.5015,-1.5222
None-gene-48749256,JASKUS010000001.1,4731,54744915,1.0,2407.6597,3946.0102,1.0,0.0,0.3476,nan,441,0.0068,-0.4984,0.781,0,0,0.1041,0.1186,0.1041,0.1186,0.3447,0.5333,-1.0275
None-gene-48766153,JASKUS010000001.1,4731,54744915,1.0,2407.6597,3946.0102,1.0,0.0,0.3476,nan,1055,0.0179,-0.3428,0.7816,0,0,0.0349,0.5784,0.0349,0.5784,0.419,0.6717,1.1235
None-gene-48773023,JASKUS010000001.1,4731,54744915,1.0,2407.6597,3946.0102,1.0,0.0,0.3476,nan,1310,0.0226,-0.2782,0.7819,0,0,0.1157,0.0646,0.1157,0.0646,0.429,0.6904,1.4145
None-gene-48773048,JASKUS010000001.1,4731,54744915,1.0,2407.6597,3946.0102,1.0,0.0,0.3476,nan,252,0.0034,-0.5463,0.7818,0,0,0.0149,0.8319,0.0149,0.8319,0.4444,0.7191,1.8615
None-gene-48777578,JASKUS010000001.1,4731,54744915,1.0,2407.6597,3946.0102,1.0,0.0,0.3476,nan,930,0.0157,-0.3745,0.782,0,0,0.1472,0.0185,0.1472,0.0185,0.486,0.7966,3.0654
None-gene-48788575,JASKUS010000001.1,4731,54744915,1.0,2407.6597,3946.0102,1.0,0.0,0.3476,nan,576,0.0093,-0.4642,0.7824,0,0,0.2145,0.0005,0.2145,0.0005,0.467,0.7612,2.515
None-gene-48809972,JASKUS010000001.1,4731,54744915,1.0,2407.6597,3946.0102,1.0,0.0,0.3476,nan,7330,0.1318,1.2474,0.7834,0,0,0.3682,0.0,0.3682,0.0,0.3095,0.4679,-2.0445
None-gene-48834870,JASKUS010000001.1,4731,54744915,1.0,2407.6597,3946.0102,1.0,0.0,0.3476,nan,556,0.0089,-0.4692,0.7841,0,0,0.009,0.8872,0.009,0.8872,0.3957,0.6283,0.4496
None-gene-48836860,JASKUS010000001.1,4731,54744915,1.0,2407.6597,3946.0102,1.0,0.0,0.3476,nan,216,0.0027,-0.5554,0.7842,0,0,-0.0125,0.8526,-0.0125,0.8526,0.3935,0.6243,0.3869
None-gene-48844379,JASKUS010000001.1,4731,54744915,1.0,2407.6597,3946.0102,1.0,0.0,0.3476,nan,8369,0.1507,1.5107,0.7847,0,0,0.3289,0.0,0.3289,0.0,0.3603,0.5623,-0.5762
None-gene-48859964,JASKUS010000001.1,4731,54744915,1.0,2407.6597,3946.0102,1.0,0.0,0.3476,nan,1020,0.0173,-0.3517,0.785,0,0,0.1615,0.0096,0.1615,0.0096,0.3637,0.5688,-0.4758
None-gene-48864335,JASKUS010000001.1,4731,54744915,1.0,2407.6597,3946.0102,1.0,0.0,0.3476,nan,6043,0.1085,0.9213,0.7854,0,0,0.3924,0.0,0.3924,0.0,0.4337,0.6992,1.5511
None-gene-48870859,JASKUS010000001.1,4731,54744915,1.0,2407.6597,3946.0102,1.0,0.0,0.3476,nan,561,0.009,-0.468,0.7854,0,0,0.1362,0.0293,0.1362,0.0293,0.4545,0.738,2.154
None-gene-48873744,JASKUS010000001.1,4731,54744915,1.0,2407.6597,3946.0102,1.0,0.0,0.3476,nan,252,0.0034,-0.5463,0.7855,0,0,0.1404,0.0393,0.1404,0.0393,0.369,0.5787,-0.3217
None-gene-48874019,JASKUS010000001.1,4731,54744915,1.0,2407.6597,3946.0102,1.0,0.0,0.3476,nan,240,0.0032,-0.5493,0.7855,0,0,0.0221,0.7489,0.0221,0.7489,0.3917,0.6208,0.3333
None-gene-48886533,JASKUS010000001.1,4731,54744915,1.0,2407.6597,3946.0102,1.0,0.0,0.3476,nan,11980,0.2162,2.4258,0.7864,0,0,0.4072,0.0,0.4072,0.0,0.3558,0.554,-0.7065
None-gene-48905938,JASKUS010000001.1,4731,54744915,1.0,2407.6597,3946.0102,1.0,0.0,0.3476,nan,6486,0.1165,1.0335,0.7869,0,0,0.3883,0.0,0.3883,0.0,0.3756,0.5909,-0.1326
None-gene-48918255,JASKUS010000001.1,4731,54744915,1.0,2407.6597,3946.0102,1.0,0.0,0.3476,nan,2194,0.0386,-0.0541,0.7872,0,0,0.254,0.0,0.254,0.0,0.3801,0.5994,-0.0009
None-gene-48926733,JASKUS010000001.1,4731,54744915,1.0,2407.6597,3946.0102,1.0,0.0,0.3476,nan,198,0.0024,-0.56,0.7875,0,0,0.0297,0.6574,0.0297,0.6574,0.5,0.8226,3.4701
None-gene-48926989,JASKUS010000001.1,4731,54744915,1.0,2407.6597,3946.0102,1.0,0.0,0.3476,nan,1170,0.02,-0.3136,0.7875,0,0,0.1908,0.0022,0.1908,0.0022,0.3923,0.622,0.3518
None-gene-48928691,JASKUS010000001.1,4731,54744915,1.0,2407.6597,3946.0102,1.0,0.0,0.3476,nan,306,0.0044,-0.5326,0.7875,0,0,-0.0378,0.5777,-0.0378,0.5777,0.4281,0.6887,1.3883
None-gene-48932226,JASKUS010000001.1,4731,54744915,1.0,2407.6597,3946.0102,1.0,0.0,0.3476,nan,1777,0.0311,-0.1598,0.7877,0,0,0.1467,0.0189,0.1467,0.0189,0.3928,0.6229,0.366
None-gene-48937270,JASKUS010000001.1,4731,54744915,1.0,2407.6597,3946.0102,1.0,0.0,0.3476,nan,1313,0.0226,-0.2774,0.7879,0,0,0.1051,0.0935,0.1051,0.0935,0.4372,0.7056,1.6507
None-gene-48937524,JASKUS010000001.1,4731,54744915,1.0,2407.6597,3946.0102,1.0,0.0,0.3476,nan,354,0.0052,-0.5204,0.7879,0,0,-0.0419,0.5112,-0.0419,0.5112,0.4944,0.8121,3.3065
None-gene-48940168,JASKUS010000001.1,4731,54744915,1.0,2407.6597,3946.0102,1.0,0.0,0.3476,nan,1798,0.0314,-0.1545,0.788,0,0,0.1376,0.0277,0.1376,0.0277,0.4149,0.6641,1.0062
None-gene-48943903,JASKUS010000001.1,4731,54744915,1.0,2407.6597,3946.0102,1.0,0.0,0.3476,nan,4420,0.079,0.51,0.7882,0,0,0.3159,0.0,0.3159,0.0,0.4208,0.6751,1.1773
None-gene-48955734,JASKUS010000001.1,4731,54744915,1.0,2407.6597,3946.0102,1.0,0.0,0.3476,nan,1736,0.0303,-0.1702,0.7886,0,0,0.2179,0.0004,0.2179,0.0004,0.3975,0.6316,0.5012
None-gene-48963018,JASKUS010000001.1,4731,54744915,1.0,2407.6597,3946.0102,1.0,0.0,0.3476,nan,117,0.0009,-0.5805,0.7888,0,0,-0.1253,0.0834,-0.1253,0.0834,0.4615,0.751,2.3565
None-gene-48964147,JASKUS010000001.1,4731,54744915,1.0,2407.6597,3946.0102,1.0,0.0,0.3476,nan,1163,0.0199,-0.3154,0.7889,0,0,0.1426,0.0224,0.1426,0.0224,0.4316,0.6953,1.4908
None-gene-48967053,JASKUS010000001.1,4731,54744915,1.0,2407.6597,3946.0102,1.0,0.0,0.3476,nan,1020,0.0173,-0.3517,0.789,0,0,0.1071,0.0872,0.1071,0.0872,0.4196,0.6729,1.1423
None-gene-48971030,JASKUS010000001.1,4731,54744915,1.0,2407.6597,3946.0102,1.0,0.0,0.3476,nan,1398,0.0242,-0.2559,0.7891,0,0,0.1098,0.0795,0.1098,0.0795,0.4335,0.6987,1.5439
None-gene-48974457,JASKUS010000001.1,4731,54744915,1.0,2407.6597,3946.0102,1.0,0.0,0.3476,nan,11126,0.2007,2.2094,0.7896,0,0,0.4679,0.0,0.4679,0.0,0.3771,0.5938,-0.0875
None-gene-48977522,JASKUS010000001.1,4731,54744915,1.0,2407.6597,3946.0102,1.0,0.0,0.3476,nan,19150,0.3463,4.2429,0.79,0,0,0.3642,0.0,0.3642,0.0,0.3724,0.5849,-0.2253
None-gene-48986552,JASKUS010000001.1,4731,54744915,1.0,2407.6597,3946.0102,1.0,0.0,0.3476,nan,6996,0.1258,1.1628,0.7899,0,0,0.1986,0.0014,0.1986,0.0014,0.3705,0.5814,-0.2797
None-gene-49001450,JASKUS010000001.1,4731,54744915,1.0,2407.6597,3946.0102,1.0,0.0,0.3476,nan,2835,0.0503,0.1083,0.7903,0,0,0.1906,0.0022,0.1906,0.0022,0.3831,0.6048,0.0843
None-gene-49014013,JASKUS010000001.1,4731,54744915,1.0,2407.6597,3946.0102,1.0,0.0,0.3476,nan,626,0.0102,-0.4515,0.7907,0,0,0.1513,0.0154,0.1513,0.0154,0.4073,0.65,0.7873
None-gene-49018090,JASKUS010000001.1,4731,54744915,1.0,2407.6597,3946.0102,1.0,0.0,0.3476,nan,3895,0.0695,0.3769,0.7909,0,0,0.3194,0.0,0.3194,0.0,0.4123,0.6593,0.9314
None-gene-49021342,JASKUS010000001.1,4731,54744915,1.0,2407.6597,3946.0102,1.0,0.0,0.3476,nan,201,0.0024,-0.5592,0.7909,0,0,0.1253,0.0875,0.1253,0.0875,0.5224,0.8643,4.1184
None-gene-49067304,JASKUS010000001.1,4731,54744915,1.0,2407.6597,3946.0102,1.0,0.0,0.3476,nan,316,0.0045,-0.5301,0.7926,0,0,0.2236,0.0012,0.2236,0.0012,0.3829,0.6045,0.0797
None-gene-49070572,JASKUS010000001.1,4731,54744915,1.0,2407.6597,3946.0102,1.0,0.0,0.3476,nan,1117,0.0191,-0.3271,0.7927,0,0,0.0625,0.319,0.0625,0.319,0.4673,0.7618,2.524
None-gene-49071859,JASKUS010000001.1,4731,54744915,1.0,2407.6597,3946.0102,1.0,0.0,0.3476,nan,915,0.0154,-0.3783,0.7928,0,0,0.0747,0.2337,0.0747,0.2337,0.4186,0.671,1.1125
None-gene-49076416,JASKUS010000001.1,4731,54744915,1.0,2407.6597,3946.0102,1.0,0.0,0.3476,nan,8261,0.1487,1.4834,0.7932,0,0,0.3713,0.0,0.3713,0.0,0.4217,0.6769,1.2041
None-gene-49077383,JASKUS010000001.1,4731,54744915,1.0,2407.6597,3946.0102,1.0,0.0,0.3476,nan,855,0.0143,-0.3935,0.793,0,0,0.0743,0.2361,0.0743,0.2361,0.4012,0.6385,0.6084
None-gene-49086893,JASKUS010000001.1,4731,54744915,1.0,2407.6597,3946.0102,1.0,0.0,0.3476,nan,240,0.0032,-0.5493,0.7933,0,0,0.0399,0.5454,0.0399,0.5454,0.4125,0.6596,0.9365
None-gene-49093349,JASKUS010000001.1,4731,54744915,1.0,2407.6597,3946.0102,1.0,0.0,0.3476,nan,234,0.003,-0.5508,0.7935,0,0,0.1186,0.0701,0.1186,0.0701,0.4103,0.6555,0.8715
None-gene-49100150,JASKUS010000001.1,4731,54744915,1.0,2407.6597,3946.0102,1.0,0.0,0.3476,nan,141,0.0014,-0.5744,0.7938,0,0,-0.0385,0.5825,-0.0385,0.5825,0.4397,0.7103,1.7246
None-gene-49122265,JASKUS010000001.1,4731,54744915,1.0,2407.6597,3946.0102,1.0,0.0,0.3476,nan,760,0.0126,-0.4176,0.7946,0,0,-0.0054,0.9317,-0.0054,0.9317,0.3921,0.6217,0.346
None-gene-49152303,JASKUS010000001.1,4731,54744915,1.0,2407.6597,3946.0102,1.0,0.0,0.3476,nan,9424,0.1698,1.7781,0.796,0,0,0.2746,0.0,0.2746,0.0,0.3638,0.5689,-0.475
None-gene-49194782,JASKUS010000001.1,4731,54744915,1.0,2407.6597,3946.0102,1.0,0.0,0.3476,nan,859,0.0144,-0.3925,0.7973,0,0,0.0824,0.1888,0.0824,0.1888,0.397,0.6307,0.4869
None-gene-49223397,JASKUS010000001.1,4731,54744915,1.0,2407.6597,3946.0102,1.0,0.0,0.3476,nan,927,0.0156,-0.3752,0.7983,0,0,0.1379,0.0274,0.1379,0.0274,0.3883,0.6147,0.2372
None-gene-49284300,JASKUS010000001.1,4731,54744915,1.0,2407.6597,3946.0102,1.0,0.0,0.3476,nan,796,0.0132,-0.4084,0.8005,0,0,0.0244,0.7015,0.0244,0.7015,0.4171,0.6682,1.0693
None-gene-49294427,JASKUS010000001.1,4731,54744915,1.0,2407.6597,3946.0102,1.0,0.0,0.3476,nan,468,0.0073,-0.4915,0.8009,0,0,0.075,0.2462,0.075,0.2462,0.3761,0.5918,-0.1184
None-gene-49299988,JASKUS010000001.1,4731,54744915,1.0,2407.6597,3946.0102,1.0,0.0,0.3476,nan,672,0.011,-0.4399,0.8011,0,0,-0.0389,0.5421,-0.0389,0.5421,0.3988,0.6341,0.5401
None-gene-49315873,JASKUS010000001.1,4731,54744915,1.0,2407.6597,3946.0102,1.0,0.0,0.3476,nan,1140,0.0195,-0.3213,0.8017,0,0,0.1798,0.0039,0.1798,0.0039,0.3825,0.6037,0.0666
None-gene-49346994,JASKUS010000001.1,4731,54744915,1.0,2407.6597,3946.0102,1.0,0.0,0.3476,nan,621,0.0101,-0.4528,0.8028,0,0,0.0461,0.4631,0.0461,0.4631,0.3752,0.5902,-0.1435
None-gene-49351042,JASKUS010000001.1,4731,54744915,1.0,2407.6597,3946.0102,1.0,0.0,0.3476,nan,3925,0.07,0.3845,0.8031,0,0,0.1623,0.0093,0.1623,0.0093,0.3671,0.5751,-0.3771
None-gene-49370814,JASKUS010000001.1,4731,54744915,1.0,2407.6597,3946.0102,1.0,0.0,0.3476,nan,1076,0.0183,-0.3375,0.8037,0,0,0.0507,0.4189,0.0507,0.4189,0.4154,0.6651,1.0213
None-gene-49385356,JASKUS010000001.1,4731,54744915,1.0,2407.6597,3946.0102,1.0,0.0,0.3476,nan,204,0.0025,-0.5585,0.8042,0,0,0.1809,0.008,0.1809,0.008,0.4608,0.7496,2.3346
None-gene-49393289,JASKUS010000001.1,4731,54744915,1.0,2407.6597,3946.0102,1.0,0.0,0.3476,nan,19561,0.3538,4.347,0.8052,0,0,0.3777,0.0,0.3777,0.0,0.4063,0.6481,0.757
None-gene-49393984,JASKUS010000001.1,4731,54744915,1.0,2407.6597,3946.0102,1.0,0.0,0.3476,nan,123,0.001,-0.579,0.8045,0,0,0.0022,0.9779,0.0022,0.9779,0.4146,0.6636,0.9983
None-gene-49396816,JASKUS010000001.1,4731,54744915,1.0,2407.6597,3946.0102,1.0,0.0,0.3476,nan,285,0.004,-0.5379,0.8046,0,0,0.0972,0.1444,0.0972,0.1444,0.4561,0.7409,2.2001
None-gene-49417304,JASKUS010000001.1,4731,54744915,1.0,2407.6597,3946.0102,1.0,0.0,0.3476,nan,12912,0.2331,2.662,0.8058,0,0,0.4042,0.0,0.4042,0.0,0.3656,0.5723,-0.4207
None-gene-49434239,JASKUS010000001.1,4731,54744915,1.0,2407.6597,3946.0102,1.0,0.0,0.3476,nan,231,0.003,-0.5516,0.806,0,0,-0.0168,0.7976,-0.0168,0.7976,0.4286,0.6896,1.4019
None-gene-49445550,JASKUS010000001.1,4731,54744915,1.0,2407.6597,3946.0102,1.0,0.0,0.3476,nan,19081,0.3451,4.2254,0.8071,0,0,0.4503,0.0,0.4503,0.0,0.3489,0.5412,-0.9056
None-gene-49476791,JASKUS010000001.1,4731,54744915,1.0,2407.6597,3946.0102,1.0,0.0,0.3476,nan,1075,0.0183,-0.3377,0.8076,0,0,0.0906,0.1483,0.0906,0.1483,0.427,0.6866,1.3557
None-gene-49478771,JASKUS010000001.1,4731,54744915,1.0,2407.6597,3946.0102,1.0,0.0,0.3476,nan,3858,0.0688,0.3675,0.8078,0,0,0.1608,0.01,0.1608,0.01,0.3349,0.5151,-1.3108
None-gene-49516970,JASKUS010000001.1,4731,54744915,1.0,2407.6597,3946.0102,1.0,0.0,0.3476,nan,10317,0.186,2.0044,0.8094,0,0,0.2623,0.0,0.2623,0.0,0.3337,0.5129,-1.3446
None-gene-49540029,JASKUS010000001.1,4731,54744915,1.0,2407.6597,3946.0102,1.0,0.0,0.3476,nan,1027,0.0174,-0.3499,0.8099,0,0,0.2272,0.0002,0.2272,0.0002,0.4382,0.7075,1.6798
None-gene-49541618,JASKUS010000001.1,4731,54744915,1.0,2407.6597,3946.0102,1.0,0.0,0.3476,nan,177,0.002,-0.5653,0.8099,0,0,-0.0164,0.828,-0.0164,0.828,0.4011,0.6385,0.6073
None-gene-49545548,JASKUS010000001.1,4731,54744915,1.0,2407.6597,3946.0102,1.0,0.0,0.3476,nan,4592,0.0821,0.5536,0.8102,0,0,0.3268,0.0,0.3268,0.0,0.3441,0.5322,-1.0447
None-gene-49608419,JASKUS010000001.1,4731,54744915,1.0,2407.6597,3946.0102,1.0,0.0,0.3476,nan,2766,0.049,0.0908,0.8124,0,0,0.3076,0.0,0.3076,0.0,0.4183,0.6704,1.1043
None-gene-49628422,JASKUS010000001.1,4731,54744915,1.0,2407.6597,3946.0102,1.0,0.0,0.3476,nan,1476,0.0256,-0.2361,0.8131,0,0,0.0675,0.2817,0.0675,0.2817,0.4106,0.656,0.8806
None-gene-49629921,JASKUS010000001.1,4731,54744915,1.0,2407.6597,3946.0102,1.0,0.0,0.3476,nan,459,0.0071,-0.4938,0.8132,0,0,0.1067,0.0991,0.1067,0.0991,0.3987,0.6339,0.5367
None-gene-49662927,JASKUS010000001.1,4731,54744915,1.0,2407.6597,3946.0102,1.0,0.0,0.3476,nan,156,0.0016,-0.5706,0.8143,0,0,-0.065,0.378,-0.065,0.378,0.4103,0.6555,0.8715
None-gene-49664042,JASKUS010000001.1,4731,54744915,1.0,2407.6597,3946.0102,1.0,0.0,0.3476,nan,518,0.0082,-0.4789,0.8144,0,0,0.081,0.1964,0.081,0.1964,0.3977,0.632,0.5075
None-gene-49693320,JASKUS010000001.1,4731,54744915,1.0,2407.6597,3946.0102,1.0,0.0,0.3476,nan,10373,0.187,2.0186,0.8158,0,0,0.4177,0.0,0.4177,0.0,0.348,0.5395,-0.9306
None-gene-49709035,JASKUS010000001.1,4731,54744915,1.0,2407.6597,3946.0102,1.0,0.0,0.3476,nan,291,0.0041,-0.5364,0.816,0,0,-0.122,0.0586,-0.122,0.0586,0.4708,0.7682,2.6243
None-gene-49748831,JASKUS010000001.1,4731,54744915,1.0,2407.6597,3946.0102,1.0,0.0,0.3476,nan,96,0.0005,-0.5858,0.8175,0,0,0.1493,0.0763,0.1493,0.0763,0.4375,0.7062,1.6604
None-gene-49759641,JASKUS010000001.1,4731,54744915,1.0,2407.6597,3946.0102,1.0,0.0,0.3476,nan,135,0.0013,-0.5759,0.8179,0,0,-0.0156,0.8331,-0.0156,0.8331,0.4,0.6364,0.5746
None-gene-49772142,JASKUS010000001.1,4731,54744915,1.0,2407.6597,3946.0102,1.0,0.0,0.3476,nan,773,0.0128,-0.4143,0.8184,0,0,0.1053,0.0926,0.1053,0.0926,0.3984,0.6335,0.5296
None-gene-49783220,JASKUS010000001.1,4731,54744915,1.0,2407.6597,3946.0102,1.0,0.0,0.3476,nan,511,0.0081,-0.4807,0.8188,0,0,0.1364,0.0292,0.1364,0.0292,0.4501,0.7297,2.0252
None-gene-49791428,JASKUS010000001.1,4731,54744915,1.0,2407.6597,3946.0102,1.0,0.0,0.3476,nan,165,0.0018,-0.5683,0.819,0,0,-0.1063,0.1391,-0.1063,0.1391,0.4424,0.7154,1.803
None-gene-49792524,JASKUS010000001.1,4731,54744915,1.0,2407.6597,3946.0102,1.0,0.0,0.3476,nan,1844,0.0323,-0.1428,0.8191,0,0,0.1392,0.026,0.1392,0.026,0.4225,0.6782,1.2246
None-gene-49823764,JASKUS010000001.1,4731,54744915,1.0,2407.6597,3946.0102,1.0,0.0,0.3476,nan,279,0.0039,-0.5394,0.8202,0,0,-0.0661,0.2999,-0.0661,0.2999,0.3871,0.6123,0.2009
None-gene-49832072,JASKUS010000001.1,4731,54744915,1.0,2407.6597,3946.0102,1.0,0.0,0.3476,nan,839,0.014,-0.3975,0.8205,0,0,0.1589,0.0109,0.1589,0.0109,0.4255,0.6839,1.3131
None-gene-49834620,JASKUS010000001.1,4731,54744915,1.0,2407.6597,3946.0102,1.0,0.0,0.3476,nan,680,0.0111,-0.4378,0.8206,0,0,0.0445,0.4786,0.0445,0.4786,0.3809,0.6008,0.021
None-gene-49836791,JASKUS010000001.1,4731,54744915,1.0,2407.6597,3946.0102,1.0,0.0,0.3476,nan,466,0.0073,-0.4921,0.8207,0,0,0.0707,0.2599,0.0707,0.2599,0.4142,0.6627,0.9847
None-gene-49847778,JASKUS010000001.1,4731,54744915,1.0,2407.6597,3946.0102,1.0,0.0,0.3476,nan,9862,0.1778,1.8891,0.8215,0,0,0.3838,0.0,0.3838,0.0,0.3704,0.5813,-0.2822
None-gene-49863435,JASKUS010000001.1,4731,54744915,1.0,2407.6597,3946.0102,1.0,0.0,0.3476,nan,198,0.0024,-0.56,0.8217,0,0,0.0197,0.7628,0.0197,0.7628,0.4848,0.7944,3.0314
None-gene-49888779,JASKUS010000001.1,4731,54744915,1.0,2407.6597,3946.0102,1.0,0.0,0.3476,nan,273,0.0038,-0.541,0.8226,0,0,0.0721,0.2568,0.0721,0.2568,0.4359,0.7032,1.614
None-gene-49897438,JASKUS010000001.1,4731,54744915,1.0,2407.6597,3946.0102,1.0,0.0,0.3476,nan,147,0.0015,-0.5729,0.8229,0,0,0.0235,0.762,0.0235,0.762,0.3878,0.6136,0.22
None-gene-49936612,JASKUS010000001.1,4731,54744915,1.0,2407.6597,3946.0102,1.0,0.0,0.3476,nan,1054,0.0179,-0.343,0.8244,0,0,-0.0168,0.7885,-0.0168,0.7885,0.389,0.6159,0.2559
None-gene-49938375,JASKUS010000001.1,4731,54744915,1.0,2407.6597,3946.0102,1.0,0.0,0.3476,nan,978,0.0166,-0.3623,0.8244,0,0,0.1967,0.0016,0.1967,0.0016,0.4448,0.7198,1.8713
None-gene-49940886,JASKUS010000001.1,4731,54744915,1.0,2407.6597,3946.0102,1.0,0.0,0.3476,nan,231,0.003,-0.5516,0.8245,0,0,-0.0171,0.797,-0.0171,0.797,0.4329,0.6976,1.5272
None-gene-49942985,JASKUS010000001.1,4731,54744915,1.0,2407.6597,3946.0102,1.0,0.0,0.3476,nan,483,0.0076,-0.4877,0.8246,0,0,0.0439,0.4847,0.0439,0.4847,0.4534,0.7359,2.1213
None-gene-49947968,JASKUS010000001.1,4731,54744915,1.0,2407.6597,3946.0102,1.0,0.0,0.3476,nan,7240,0.1302,1.2246,0.825,0,0,0.3968,0.0,0.3968,0.0,0.3887,0.6153,0.2466
None-gene-49987132,JASKUS010000001.1,4731,54744915,1.0,2407.6597,3946.0102,1.0,0.0,0.3476,nan,621,0.0101,-0.4528,0.8262,0,0,-0.0399,0.525,-0.0399,0.525,0.3929,0.6232,0.3694
None-gene-49993429,JASKUS010000001.1,4731,54744915,1.0,2407.6597,3946.0102,1.0,0.0,0.3476,nan,2563,0.0453,0.0394,0.8265,0,0,0.2346,0.0002,0.2346,0.0002,0.4116,0.658,0.9112
None-gene-49995023,JASKUS010000001.1,4731,54744915,1.0,2407.6597,3946.0102,1.0,0.0,0.3476,nan,147,0.0015,-0.5729,0.8265,0,0,-0.0288,0.7268,-0.0288,0.7268,0.5034,0.829,3.5686
None-gene-50001451,JASKUS010000001.1,4731,54744915,1.0,2407.6597,3946.0102,1.0,0.0,0.3476,nan,3869,0.069,0.3703,0.8268,0,0,0.2569,0.0,0.2569,0.0,0.3926,0.6226,0.3605
None-gene-50006422,JASKUS010000001.1,4731,54744915,1.0,2407.6597,3946.0102,1.0,0.0,0.3476,nan,1041,0.0177,-0.3463,0.8269,0,0,0.0149,0.8123,0.0149,0.8123,0.3871,0.6124,0.2018
None-gene-50011171,JASKUS010000001.1,4731,54744915,1.0,2407.6597,3946.0102,1.0,0.0,0.3476,nan,424,0.0065,-0.5027,0.8271,0,0,0.0229,0.7231,0.0229,0.7231,0.3514,0.5459,-0.8323
None-gene-50014133,JASKUS010000001.1,4731,54744915,1.0,2407.6597,3946.0102,1.0,0.0,0.3476,nan,3131,0.0556,0.1833,0.8273,0,0,0.2462,0.0001,0.2462,0.0001,0.4385,0.7081,1.6899
None-gene-50034226,JASKUS010000001.1,4731,54744915,1.0,2407.6597,3946.0102,1.0,0.0,0.3476,nan,1768,0.0309,-0.1621,0.828,0,0,0.1261,0.0437,0.1261,0.0437,0.4417,0.7141,1.7832
None-gene-50035571,JASKUS010000001.1,4731,54744915,1.0,2407.6597,3946.0102,1.0,0.0,0.3476,nan,291,0.0041,-0.5364,0.828,0,0,0.0312,0.6293,0.0312,0.6293,0.4914,0.8066,3.2214
None-gene-50036299,JASKUS010000001.1,4731,54744915,1.0,2407.6597,3946.0102,1.0,0.0,0.3476,nan,882,0.0148,-0.3866,0.828,0,0,0.2554,0.0,0.2554,0.0,0.4365,0.7044,1.6317
None-gene-50037317,JASKUS010000001.1,4731,54744915,1.0,2407.6597,3946.0102,1.0,0.0,0.3476,nan,1310,0.0226,-0.2782,0.8281,0,0,0.1136,0.0697,0.1136,0.0697,0.4275,0.6875,1.3703
None-gene-50039659,JASKUS010000001.1,4731,54744915,1.0,2407.6597,3946.0102,1.0,0.0,0.3476,nan,6060,0.1088,0.9256,0.8283,0,0,0.2285,0.0002,0.2285,0.0002,0.3934,0.6241,0.3834
None-gene-50047929,JASKUS010000001.1,4731,54744915,1.0,2407.6597,3946.0102,1.0,0.0,0.3476,nan,1507,0.0262,-0.2282,0.8285,0,0,0.1435,0.0216,0.1435,0.0216,0.4253,0.6836,1.3085
None-gene-50048581,JASKUS010000001.1,4731,54744915,1.0,2407.6597,3946.0102,1.0,0.0,0.3476,nan,315,0.0045,-0.5303,0.8284,0,0,0.0683,0.299,0.0683,0.299,0.4667,0.7605,2.5049
None-gene-50049019,JASKUS010000001.1,4731,54744915,1.0,2407.6597,3946.0102,1.0,0.0,0.3476,nan,422,0.0065,-0.5032,0.8285,0,0,0.0398,0.5314,0.0398,0.5314,0.4455,0.7211,1.892
None-gene-50049680,JASKUS010000001.1,4731,54744915,1.0,2407.6597,3946.0102,1.0,0.0,0.3476,nan,2231,0.0393,-0.0448,0.8286,0,0,0.14,0.0251,0.14,0.0251,0.4433,0.717,1.8283
None-gene-50054039,JASKUS010000001.1,4731,54744915,1.0,2407.6597,3946.0102,1.0,0.0,0.3476,nan,1564,0.0272,-0.2138,0.8287,0,0,0.1399,0.0252,0.1399,0.0252,0.4233,0.6797,1.2485
None-gene-50057885,JASKUS010000001.1,4731,54744915,1.0,2407.6597,3946.0102,1.0,0.0,0.3476,nan,315,0.0045,-0.5303,0.8288,0,0,-0.1128,0.0716,-0.1128,0.0716,0.4159,0.6659,1.0342
None-gene-50059131,JASKUS010000001.1,4731,54744915,1.0,2407.6597,3946.0102,1.0,0.0,0.3476,nan,878,0.0147,-0.3876,0.8288,0,0,0.1319,0.0349,0.1319,0.0349,0.4248,0.6826,1.2935
None-gene-50060666,JASKUS010000001.1,4731,54744915,1.0,2407.6597,3946.0102,1.0,0.0,0.3476,nan,962,0.0163,-0.3664,0.8289,0,0,0.0484,0.4402,0.0484,0.4402,0.4345,0.7006,1.5739
None-gene-50063044,JASKUS010000001.1,4731,54744915,1.0,2407.6597,3946.0102,1.0,0.0,0.3476,nan,3629,0.0647,0.3095,0.8291,0,0,0.1952,0.0017,0.1952,0.0017,0.3541,0.5509,-0.7547
None-gene-50074185,JASKUS010000001.1,4731,54744915,1.0,2407.6597,3946.0102,1.0,0.0,0.3476,nan,2335,0.0412,-0.0184,0.8294,0,0,0.1072,0.0871,0.1072,0.0871,0.373,0.5861,-0.2067
None-gene-50090619,JASKUS010000001.1,4731,54744915,1.0,2407.6597,3946.0102,1.0,0.0,0.3476,nan,1237,0.0213,-0.2967,0.83,0,0,0.1886,0.0024,0.1886,0.0024,0.3589,0.5599,-0.6146
None-gene-50096115,JASKUS010000001.1,4731,54744915,1.0,2407.6597,3946.0102,1.0,0.0,0.3476,nan,9641,0.1738,1.8331,0.8305,0,0,0.2858,0.0,0.2858,0.0,0.3931,0.6235,0.3751
None-gene-50103423,JASKUS010000001.1,4731,54744915,1.0,2407.6597,3946.0102,1.0,0.0,0.3476,nan,219,0.0028,-0.5547,0.8304,0,0,0.0813,0.2235,0.0813,0.2235,0.4018,0.6398,0.6274
None-gene-50104145,JASKUS010000001.1,4731,54744915,1.0,2407.6597,3946.0102,1.0,0.0,0.3476,nan,168,0.0019,-0.5676,0.8305,0,0,-0.1459,0.0469,-0.1459,0.0469,0.4167,0.6674,1.0572
None-gene-50206723,JASKUS010000001.1,4731,54744915,1.0,2407.6597,3946.0102,1.0,0.0,0.3476,nan,874,0.0147,-0.3887,0.8342,0,0,0.2109,0.0007,0.2109,0.0007,0.3856,0.6095,0.1571
None-gene-50212344,JASKUS010000001.1,4731,54744915,1.0,2407.6597,3946.0102,1.0,0.0,0.3476,nan,3482,0.062,0.2723,0.8345,0,0,0.0918,0.1432,0.0918,0.1432,0.4428,0.7162,1.8153
None-gene-50215081,JASKUS010000001.1,4731,54744915,1.0,2407.6597,3946.0102,1.0,0.0,0.3476,nan,249,0.0033,-0.547,0.8345,0,0,-0.0742,0.2447,-0.0742,0.2447,0.4418,0.7142,1.784
None-gene-50247708,JASKUS010000001.1,4731,54744915,1.0,2407.6597,3946.0102,1.0,0.0,0.3476,nan,207,0.0026,-0.5577,0.8357,0,0,0.1851,0.0104,0.1851,0.0104,0.3768,0.5932,-0.0969
None-gene-50259178,JASKUS010000001.1,4731,54744915,1.0,2407.6597,3946.0102,1.0,0.0,0.3476,nan,3030,0.0538,0.1577,0.8362,0,0,0.1571,0.0118,0.1571,0.0118,0.366,0.573,-0.4097
None-gene-50269437,JASKUS010000001.1,4731,54744915,1.0,2407.6597,3946.0102,1.0,0.0,0.3476,nan,519,0.0082,-0.4786,0.8365,0,0,0.2456,0.0001,0.2456,0.0001,0.4239,0.6809,1.2664
None-gene-50297738,JASKUS010000001.1,4731,54744915,1.0,2407.6597,3946.0102,1.0,0.0,0.3476,nan,189,0.0022,-0.5623,0.8375,0,0,-0.0479,0.4866,-0.0479,0.4866,0.3915,0.6206,0.3294
None-gene-50325470,JASKUS010000001.1,4731,54744915,1.0,2407.6597,3946.0102,1.0,0.0,0.3476,nan,27630,0.5002,6.3919,0.8396,0,0,0.5618,0.0,0.5618,0.0,0.3497,0.5426,-0.8832
None-gene-50326767,JASKUS010000001.1,4731,54744915,1.0,2407.6597,3946.0102,1.0,0.0,0.3476,nan,183,0.0021,-0.5638,0.8386,0,0,-0.0162,0.8119,-0.0162,0.8119,0.4317,0.6954,1.4923
None-gene-50349974,JASKUS010000001.1,4731,54744915,1.0,2407.6597,3946.0102,1.0,0.0,0.3476,nan,3017,0.0536,0.1544,0.8395,0,0,0.2248,0.0003,0.2248,0.0003,0.356,0.5544,-0.7
None-gene-50388430,JASKUS010000001.1,4731,54744915,1.0,2407.6597,3946.0102,1.0,0.0,0.3476,nan,1331,0.023,-0.2728,0.8409,0,0,0.1657,0.0079,0.1657,0.0079,0.4215,0.6764,1.1967
None-gene-50393152,JASKUS010000001.1,4731,54744915,1.0,2407.6597,3946.0102,1.0,0.0,0.3476,nan,750,0.0124,-0.4201,0.841,0,0,0.1882,0.0029,0.1882,0.0029,0.4387,0.7084,1.6942
None-gene-50405075,JASKUS010000001.1,4731,54744915,1.0,2407.6597,3946.0102,1.0,0.0,0.3476,nan,933,0.0157,-0.3737,0.8415,0,0,0.0394,0.5305,0.0394,0.5305,0.4641,0.7557,2.4305
None-gene-50409936,JASKUS010000001.1,4731,54744915,1.0,2407.6597,3946.0102,1.0,0.0,0.3476,nan,165,0.0018,-0.5683,0.8416,0,0,0.1075,0.1454,0.1075,0.1454,0.4545,0.738,2.154
None-gene-50439213,JASKUS010000001.1,4731,54744915,1.0,2407.6597,3946.0102,1.0,0.0,0.3476,nan,719,0.0119,-0.4279,0.8427,0,0,0.0309,0.6228,0.0309,0.6228,0.4367,0.7048,1.6377
None-gene-50472749,JASKUS010000001.1,4731,54744915,1.0,2407.6597,3946.0102,1.0,0.0,0.3476,nan,966,0.0163,-0.3653,0.844,0,0,0.2816,0.0,0.2816,0.0,0.4845,0.7937,3.0205
None-gene-50473461,JASKUS010000001.1,4731,54744915,1.0,2407.6597,3946.0102,1.0,0.0,0.3476,nan,102,0.0007,-0.5843,0.844,0,0,0.1471,0.0634,0.1471,0.0634,0.5098,0.8409,3.754
None-gene-50485771,JASKUS010000001.1,4731,54744915,1.0,2407.6597,3946.0102,1.0,0.0,0.3476,nan,156,0.0016,-0.5706,0.8444,0,0,0.0087,0.9052,0.0087,0.9052,0.4808,0.7868,2.9133
None-gene-50532122,JASKUS010000001.1,4731,54744915,1.0,2407.6597,3946.0102,1.0,0.0,0.3476,nan,1569,0.0273,-0.2125,0.8462,0,0,0.1379,0.0274,0.1379,0.0274,0.3588,0.5597,-0.6176
None-gene-50534689,JASKUS010000001.1,4731,54744915,1.0,2407.6597,3946.0102,1.0,0.0,0.3476,nan,1978,0.0347,-0.1089,0.8463,0,0,0.1271,0.0422,0.1271,0.0422,0.3726,0.5853,-0.2189
None-gene-50582894,JASKUS010000001.1,4731,54744915,1.0,2407.6597,3946.0102,1.0,0.0,0.3476,nan,117,0.0009,-0.5805,0.848,0,0,0.107,0.2018,0.107,0.2018,0.3077,0.4644,-2.0983
None-gene-50595235,JASKUS010000001.1,4731,54744915,1.0,2407.6597,3946.0102,1.0,0.0,0.3476,nan,447,0.0069,-0.4969,0.8484,0,0,0.0746,0.2409,0.0746,0.2409,0.4452,0.7205,1.8831
None-gene-50595402,JASKUS010000001.1,4731,54744915,1.0,2407.6597,3946.0102,1.0,0.0,0.3476,nan,225,0.0029,-0.5531,0.8484,0,0,0.0371,0.6114,0.0371,0.6114,0.4533,0.7357,2.1189
None-gene-50600354,JASKUS010000001.1,4731,54744915,1.0,2407.6597,3946.0102,1.0,0.0,0.3476,nan,821,0.0137,-0.4021,0.8486,0,0,-0.0436,0.4878,-0.0436,0.4878,0.3703,0.581,-0.286
None-gene-50609615,JASKUS010000001.1,4731,54744915,1.0,2407.6597,3946.0102,1.0,0.0,0.3476,nan,1001,0.017,-0.3565,0.849,0,0,0.1585,0.0111,0.1585,0.0111,0.4206,0.6747,1.1704
None-gene-50611212,JASKUS010000001.1,4731,54744915,1.0,2407.6597,3946.0102,1.0,0.0,0.3476,nan,1431,0.0248,-0.2475,0.849,0,0,0.0261,0.6776,0.0261,0.6776,0.4444,0.7191,1.8615
None-gene-50626107,JASKUS010000001.1,4731,54744915,1.0,2407.6597,3946.0102,1.0,0.0,0.3476,nan,1130,0.0193,-0.3238,0.8496,0,0,0.0821,0.1906,0.0821,0.1906,0.3913,0.6201,0.3215
None-gene-50628778,JASKUS010000001.1,4731,54744915,1.0,2407.6597,3946.0102,1.0,0.0,0.3476,nan,923,0.0156,-0.3762,0.8497,0,0,0.1367,0.0287,0.1367,0.0287,0.4193,0.6723,1.133
None-gene-50632733,JASKUS010000001.1,4731,54744915,1.0,2407.6597,3946.0102,1.0,0.0,0.3476,nan,2405,0.0424,-0.0007,0.8499,0,0,0.2052,0.001,0.2052,0.001,0.4137,0.6619,0.9719
None-gene-50639493,JASKUS010000001.1,4731,54744915,1.0,2407.6597,3946.0102,1.0,0.0,0.3476,nan,3948,0.0704,0.3904,0.8502,0,0,0.11,0.0788,0.11,0.0788,0.3784,0.5962,-0.0503
None-gene-50647377,JASKUS010000001.1,4731,54744915,1.0,2407.6597,3946.0102,1.0,0.0,0.3476,nan,1623,0.0283,-0.1988,0.8504,0,0,0.0338,0.5906,0.0338,0.5906,0.3857,0.6097,0.1606
None-gene-50649907,JASKUS010000001.1,4731,54744915,1.0,2407.6597,3946.0102,1.0,0.0,0.3476,nan,2612,0.0462,0.0518,0.8505,0,0,0.1161,0.0637,0.1161,0.0637,0.4077,0.6508,0.7985
None-gene-50655268,JASKUS010000001.1,4731,54744915,1.0,2407.6597,3946.0102,1.0,0.0,0.3476,nan,1050,0.0179,-0.3441,0.8506,0,0,0.1305,0.0369,0.1305,0.0369,0.4038,0.6435,0.6849
None-gene-50657160,JASKUS010000001.1,4731,54744915,1.0,2407.6597,3946.0102,1.0,0.0,0.3476,nan,87,0.0004,-0.5881,0.8507,0,0,-0.2481,0.0027,-0.2481,0.0027,0.5172,0.8547,3.9694
None-gene-50660688,JASKUS010000001.1,4731,54744915,1.0,2407.6597,3946.0102,1.0,0.0,0.3476,nan,1684,0.0294,-0.1834,0.8509,0,0,0.106,0.0906,0.106,0.0906,0.3996,0.6357,0.5642
None-gene-50668633,JASKUS010000001.1,4731,54744915,1.0,2407.6597,3946.0102,1.0,0.0,0.3476,nan,13913,0.2513,2.9157,0.8516,0,0,0.392,0.0,0.392,0.0,0.3514,0.5459,-0.8322
None-gene-50684673,JASKUS010000001.1,4731,54744915,1.0,2407.6597,3946.0102,1.0,0.0,0.3476,nan,1063,0.0181,-0.3408,0.8517,0,0,0.2072,0.0009,0.2072,0.0009,0.4431,0.7166,1.8221
None-gene-50703897,JASKUS010000001.1,4731,54744915,1.0,2407.6597,3946.0102,1.0,0.0,0.3476,nan,7836,0.141,1.3757,0.8527,0,0,0.329,0.0,0.329,0.0,0.3664,0.5738,-0.3988
None-gene-50714491,JASKUS010000001.1,4731,54744915,1.0,2407.6597,3946.0102,1.0,0.0,0.3476,nan,2854,0.0506,0.1131,0.8529,0,0,0.3151,0.0,0.3151,0.0,0.3882,0.6144,0.2337
None-gene-50748410,JASKUS010000001.1,4731,54744915,1.0,2407.6597,3946.0102,1.0,0.0,0.3476,nan,267,0.0036,-0.5425,0.854,0,0,-0.0671,0.3087,-0.0671,0.3087,0.367,0.575,-0.3798
None-gene-50791006,JASKUS010000001.1,4731,54744915,1.0,2407.6597,3946.0102,1.0,0.0,0.3476,nan,1143,0.0195,-0.3205,0.8556,0,0,0.2263,0.0003,0.2263,0.0003,0.3806,0.6002,0.0122
None-gene-50792381,JASKUS010000001.1,4731,54744915,1.0,2407.6597,3946.0102,1.0,0.0,0.3476,nan,114,0.0009,-0.5813,0.8556,0,0,0.0791,0.3344,0.0791,0.3344,0.5263,0.8716,4.2321
None-gene-50792389,JASKUS010000001.1,4731,54744915,1.0,2407.6597,3946.0102,1.0,0.0,0.3476,nan,1218,0.0209,-0.3015,0.8556,0,0,0.1773,0.0044,0.1773,0.0044,0.4269,0.6865,1.3543
None-gene-50800493,JASKUS010000001.1,4731,54744915,1.0,2407.6597,3946.0102,1.0,0.0,0.3476,nan,4671,0.0836,0.5736,0.8561,0,0,0.2246,0.0003,0.2246,0.0003,0.3976,0.6318,0.5039
None-gene-50807017,JASKUS010000001.1,4731,54744915,1.0,2407.6597,3946.0102,1.0,0.0,0.3476,nan,2335,0.0412,-0.0184,0.8562,0,0,0.2533,0.0,0.2533,0.0,0.4505,0.7305,2.0378
None-gene-50807094,JASKUS010000001.1,4731,54744915,1.0,2407.6597,3946.0102,1.0,0.0,0.3476,nan,204,0.0025,-0.5585,0.8561,0,0,0.0306,0.6433,0.0306,0.6433,0.4755,0.777,2.7604
None-gene-50809407,JASKUS010000001.1,4731,54744915,1.0,2407.6597,3946.0102,1.0,0.0,0.3476,nan,12383,0.2235,2.528,0.8567,0,0,0.4784,0.0,0.4784,0.0,0.3773,0.5941,-0.083
None-gene-50811168,JASKUS010000001.1,4731,54744915,1.0,2407.6597,3946.0102,1.0,0.0,0.3476,nan,1722,0.0301,-0.1738,0.8564,0,0,0.1156,0.0648,0.1156,0.0648,0.4193,0.6723,1.1328
None-gene-50816792,JASKUS010000001.1,4731,54744915,1.0,2407.6597,3946.0102,1.0,0.0,0.3476,nan,1665,0.029,-0.1882,0.8566,0,0,0.2863,0.0,0.2863,0.0,0.403,0.642,0.6615
None-gene-50822760,JASKUS010000001.1,4731,54744915,1.0,2407.6597,3946.0102,1.0,0.0,0.3476,nan,207,0.0026,-0.5577,0.8567,0,0,0.0058,0.9302,0.0058,0.9302,0.3816,0.6022,0.043
None-gene-50832675,JASKUS010000001.1,4731,54744915,1.0,2407.6597,3946.0102,1.0,0.0,0.3476,nan,288,0.004,-0.5372,0.8571,0,0,0.0835,0.2272,0.0835,0.2272,0.4861,0.7967,3.068
None-gene-50835315,JASKUS010000001.1,4731,54744915,1.0,2407.6597,3946.0102,1.0,0.0,0.3476,nan,2305,0.0406,-0.026,0.8573,0,0,0.3773,0.0,0.3773,0.0,0.3931,0.6234,0.3736
None-gene-50848458,JASKUS010000001.1,4731,54744915,1.0,2407.6597,3946.0102,1.0,0.0,0.3476,nan,138,0.0013,-0.5752,0.8577,0,0,-0.0222,0.756,-0.0222,0.756,0.4493,0.7281,2.0014
None-gene-50848716,JASKUS010000001.1,4731,54744915,1.0,2407.6597,3946.0102,1.0,0.0,0.3476,nan,15789,0.2853,3.3911,0.8582,0,0,0.4358,0.0,0.4358,0.0,0.3801,0.5994,-0.0006
None-gene-50870508,JASKUS010000001.1,4731,54744915,1.0,2407.6597,3946.0102,1.0,0.0,0.3476,nan,270,0.0037,-0.5417,0.8585,0,0,0.086,0.2178,0.086,0.2178,0.3926,0.6226,0.3601
None-gene-50888837,JASKUS010000001.1,4731,54744915,1.0,2407.6597,3946.0102,1.0,0.0,0.3476,nan,9452,0.1703,1.7852,0.8595,0,0,0.189,0.0024,0.189,0.0024,0.3929,0.6232,0.3699
None-gene-50899331,JASKUS010000001.1,4731,54744915,1.0,2407.6597,3946.0102,1.0,0.0,0.3476,nan,367,0.0055,-0.5171,0.8595,0,0,-0.0072,0.9082,-0.0072,0.9082,0.4223,0.678,1.2215
None-gene-50901854,JASKUS010000001.1,4731,54744915,1.0,2407.6597,3946.0102,1.0,0.0,0.3476,nan,2214,0.039,-0.0491,0.8597,0,0,0.2589,0.0,0.2589,0.0,0.3866,0.6115,0.1874
None-gene-50906222,JASKUS010000001.1,4731,54744915,1.0,2407.6597,3946.0102,1.0,0.0,0.3476,nan,1640,0.0286,-0.1945,0.8598,0,0,0.1161,0.0636,0.1161,0.0636,0.4024,0.6409,0.6452
None-gene-50963944,JASKUS010000001.1,4731,54744915,1.0,2407.6597,3946.0102,1.0,0.0,0.3476,nan,4240,0.0757,0.4644,0.862,0,0,0.2585,0.0,0.2585,0.0,0.3634,0.5683,-0.484
None-gene-50981863,JASKUS010000001.1,4731,54744915,1.0,2407.6597,3946.0102,1.0,0.0,0.3476,nan,147,0.0015,-0.5729,0.8625,0,0,0.0662,0.3841,0.0662,0.3841,0.4218,0.6769,1.2049
None-gene-50998485,JASKUS010000001.1,4731,54744915,1.0,2407.6597,3946.0102,1.0,0.0,0.3476,nan,5455,0.0978,0.7723,0.8633,0,0,0.3807,0.0,0.3807,0.0,0.4053,0.6463,0.7285
None-gene-51013665,JASKUS010000001.1,4731,54744915,1.0,2407.6597,3946.0102,1.0,0.0,0.3476,nan,267,0.0036,-0.5425,0.8637,0,0,0.0883,0.186,0.0883,0.186,0.397,0.6308,0.4878
None-gene-51031592,JASKUS010000001.1,4731,54744915,1.0,2407.6597,3946.0102,1.0,0.0,0.3476,nan,1560,0.0271,-0.2148,0.8644,0,0,-0.1142,0.2224,-0.1142,0.2224,0.3417,0.5277,-1.1145
None-gene-51033783,JASKUS010000001.1,4731,54744915,1.0,2407.6597,3946.0102,1.0,0.0,0.3476,nan,1284,0.0221,-0.2848,0.8645,0,0,-0.0159,0.8006,-0.0159,0.8006,0.4174,0.6689,1.0797
None-gene-51038458,JASKUS010000001.1,4731,54744915,1.0,2407.6597,3946.0102,1.0,0.0,0.3476,nan,249,0.0033,-0.547,0.8646,0,0,0.0769,0.2508,0.0769,0.2508,0.4177,0.6693,1.0862
None-gene-51067667,JASKUS010000001.1,4731,54744915,1.0,2407.6597,3946.0102,1.0,0.0,0.3476,nan,3944,0.0704,0.3893,0.8658,0,0,0.0929,0.1381,0.0929,0.1381,0.3869,0.612,0.1957
None-gene-51080653,JASKUS010000001.1,4731,54744915,1.0,2407.6597,3946.0102,1.0,0.0,0.3476,nan,18532,0.3351,4.0862,0.8668,0,0,0.5254,0.0,0.5254,0.0,0.3587,0.5595,-0.6204
None-gene-51102417,JASKUS010000001.1,4731,54744915,1.0,2407.6597,3946.0102,1.0,0.0,0.3476,nan,1290,0.0222,-0.2832,0.867,0,0,0.1055,0.092,0.1055,0.092,0.4488,0.7273,1.9887
None-gene-51102600,JASKUS010000001.1,4731,54744915,1.0,2407.6597,3946.0102,1.0,0.0,0.3476,nan,847,0.0142,-0.3955,0.867,0,0,0.1313,0.0358,0.1313,0.0358,0.4593,0.7468,2.2907
None-gene-51105946,JASKUS010000001.1,4731,54744915,1.0,2407.6597,3946.0102,1.0,0.0,0.3476,nan,2190,0.0385,-0.0552,0.8671,0,0,0.1903,0.0022,0.1903,0.0022,0.4434,0.7172,1.8306
None-gene-51110761,JASKUS010000001.1,4731,54744915,1.0,2407.6597,3946.0102,1.0,0.0,0.3476,nan,1570,0.0273,-0.2123,0.8673,0,0,0.2725,0.0,0.2725,0.0,0.4204,0.6743,1.1647
None-gene-51115660,JASKUS010000001.1,4731,54744915,1.0,2407.6597,3946.0102,1.0,0.0,0.3476,nan,2010,0.0353,-0.1008,0.8675,0,0,0.1494,0.0168,0.1494,0.0168,0.4174,0.6688,1.0788
None-gene-51119745,JASKUS010000001.1,4731,54744915,1.0,2407.6597,3946.0102,1.0,0.0,0.3476,nan,1014,0.0172,-0.3532,0.8676,0,0,0.2761,0.0,0.2761,0.0,0.4034,0.6426,0.6716
None-gene-51157567,JASKUS010000001.1,4731,54744915,1.0,2407.6597,3946.0102,1.0,0.0,0.3476,nan,519,0.0082,-0.4786,0.869,0,0,-0.003,0.9616,-0.003,0.9616,0.4316,0.6952,1.4895
None-gene-51158102,JASKUS010000001.1,4731,54744915,1.0,2407.6597,3946.0102,1.0,0.0,0.3476,nan,327,0.0047,-0.5273,0.869,0,0,-0.0056,0.9293,-0.0056,0.9293,0.4526,0.7343,2.0976
None-gene-51165879,JASKUS010000001.1,4731,54744915,1.0,2407.6597,3946.0102,1.0,0.0,0.3476,nan,462,0.0072,-0.4931,0.8693,0,0,0.1282,0.0403,0.1282,0.0403,0.4221,0.6775,1.2138
None-gene-51172396,JASKUS010000001.1,4731,54744915,1.0,2407.6597,3946.0102,1.0,0.0,0.3476,nan,7724,0.139,1.3473,0.8698,0,0,0.3615,0.0,0.3615,0.0,0.3915,0.6205,0.3286
None-gene-51183189,JASKUS010000001.1,4731,54744915,1.0,2407.6597,3946.0102,1.0,0.0,0.3476,nan,600,0.0097,-0.4581,0.8699,0,0,-0.0807,0.1982,-0.0807,0.1982,0.475,0.7761,2.7462
None-gene-51196543,JASKUS010000001.1,4731,54744915,1.0,2407.6597,3946.0102,1.0,0.0,0.3476,nan,12971,0.2342,2.677,0.8708,0,0,0.419,0.0,0.419,0.0,0.3603,0.5624,-0.576
None-gene-51221182,JASKUS010000001.1,4731,54744915,1.0,2407.6597,3946.0102,1.0,0.0,0.3476,nan,1194,0.0205,-0.3076,0.8713,0,0,0.0937,0.1347,0.0937,0.1347,0.3668,0.5746,-0.3858
None-gene-51269727,JASKUS010000001.1,4731,54744915,1.0,2407.6597,3946.0102,1.0,0.0,0.3476,nan,1189,0.0204,-0.3088,0.8731,0,0,0.1634,0.0088,0.1634,0.0088,0.3995,0.6354,0.5599
None-gene-51272854,JASKUS010000001.1,4731,54744915,1.0,2407.6597,3946.0102,1.0,0.0,0.3476,nan,2459,0.0434,0.013,0.8732,0,0,0.2154,0.0005,0.2154,0.0005,0.3514,0.5458,-0.8338
None-gene-51285710,JASKUS010000001.1,4731,54744915,1.0,2407.6597,3946.0102,1.0,0.0,0.3476,nan,8608,0.155,1.5713,0.8739,0,0,0.277,0.0,0.277,0.0,0.3557,0.5539,-0.7077
None-gene-51297800,JASKUS010000001.1,4731,54744915,1.0,2407.6597,3946.0102,1.0,0.0,0.3476,nan,13943,0.2518,2.9233,0.8746,0,0,0.3213,0.0,0.3213,0.0,0.3516,0.5462,-0.8276
None-gene-51297935,JASKUS010000001.1,4731,54744915,1.0,2407.6597,3946.0102,1.0,0.0,0.3476,nan,1347,0.0232,-0.2688,0.8741,0,0,0.1216,0.0519,0.1216,0.0519,0.4061,0.6477,0.7508
None-gene-51302717,JASKUS010000001.1,4731,54744915,1.0,2407.6597,3946.0102,1.0,0.0,0.3476,nan,192,0.0023,-0.5615,0.8743,0,0,0.0396,0.5537,0.0396,0.5537,0.4479,0.7256,1.962
None-gene-51457772,JASKUS010000001.1,4731,54744915,1.0,2407.6597,3946.0102,1.0,0.0,0.3476,nan,312,0.0045,-0.5311,0.8799,0,0,-0.0839,0.188,-0.0839,0.188,0.4551,0.739,2.1708
None-gene-51492472,JASKUS010000001.1,4731,54744915,1.0,2407.6597,3946.0102,1.0,0.0,0.3476,nan,1458,0.0253,-0.2407,0.8812,0,0,0.1129,0.0714,0.1129,0.0714,0.3985,0.6336,0.5309
None-gene-51496561,JASKUS010000001.1,4731,54744915,1.0,2407.6597,3946.0102,1.0,0.0,0.3476,nan,1274,0.0219,-0.2873,0.8814,0,0,0.2104,0.0007,0.2104,0.0007,0.4301,0.6925,1.4473
None-gene-51632369,JASKUS010000001.1,4731,54744915,1.0,2407.6597,3946.0102,1.0,0.0,0.3476,nan,228,0.0029,-0.5524,0.8863,0,0,0.2028,0.0029,0.2028,0.0029,0.443,0.7164,1.8191
None-gene-51638176,JASKUS010000001.1,4731,54744915,1.0,2407.6597,3946.0102,1.0,0.0,0.3476,nan,570,0.0091,-0.4657,0.8865,0,0,-0.0624,0.3197,-0.0624,0.3197,0.4228,0.6788,1.235
None-gene-51639361,JASKUS010000001.1,4731,54744915,1.0,2407.6597,3946.0102,1.0,0.0,0.3476,nan,111,0.0008,-0.582,0.8865,0,0,0.066,0.4069,0.066,0.4069,0.4865,0.7974,3.0788
None-gene-51645308,JASKUS010000001.1,4731,54744915,1.0,2407.6597,3946.0102,1.0,0.0,0.3476,nan,300,0.0042,-0.5341,0.8868,0,0,0.0358,0.5689,0.0358,0.5689,0.4067,0.6488,0.7676
None-gene-51701975,JASKUS010000001.1,4731,54744915,1.0,2407.6597,3946.0102,1.0,0.0,0.3476,nan,90,0.0004,-0.5873,0.8888,0,0,0.0764,0.3384,0.0764,0.3384,0.4222,0.6778,1.218
None-gene-51761825,JASKUS010000001.1,4731,54744915,1.0,2407.6597,3946.0102,1.0,0.0,0.3476,nan,132,0.0012,-0.5767,0.891,0,0,0.1827,0.013,0.1827,0.013,0.3182,0.484,-1.7946
None-gene-51798690,JASKUS010000001.1,4731,54744915,1.0,2407.6597,3946.0102,1.0,0.0,0.3476,nan,693,0.0114,-0.4345,0.8924,0,0,0.0539,0.3907,0.0539,0.3907,0.4834,0.7917,2.9896
None-gene-51811653,JASKUS010000001.1,4731,54744915,1.0,2407.6597,3946.0102,1.0,0.0,0.3476,nan,180,0.0021,-0.5645,0.8928,0,0,-0.0399,0.5709,-0.0399,0.5709,0.3833,0.6053,0.092
None-gene-51817338,JASKUS010000001.1,4731,54744915,1.0,2407.6597,3946.0102,1.0,0.0,0.3476,nan,210,0.0026,-0.5569,0.8931,0,0,0.0745,0.2897,0.0745,0.2897,0.4571,0.7428,2.2292
None-gene-51824734,JASKUS010000001.1,4731,54744915,1.0,2407.6597,3946.0102,1.0,0.0,0.3476,nan,11617,0.2096,2.3338,0.8937,0,0,0.4886,0.0,0.4886,0.0,0.3458,0.5354,-0.9952
None-gene-51828604,JASKUS010000001.1,4731,54744915,1.0,2407.6597,3946.0102,1.0,0.0,0.3476,nan,705,0.0116,-0.4315,0.8935,0,0,0.0624,0.3278,0.0624,0.3278,0.427,0.6866,1.3549
None-gene-51854704,JASKUS010000001.1,4731,54744915,1.0,2407.6597,3946.0102,1.0,0.0,0.3476,nan,372,0.0056,-0.5159,0.8944,0,0,-0.0962,0.1247,-0.0962,0.1247,0.4651,0.7575,2.4582
None-gene-51869871,JASKUS010000001.1,4731,54744915,1.0,2407.6597,3946.0102,1.0,0.0,0.3476,nan,231,0.003,-0.5516,0.895,0,0,-0.1494,0.0223,-0.1494,0.0223,0.4459,0.7218,1.9033
None-gene-51871649,JASKUS010000001.1,4731,54744915,1.0,2407.6597,3946.0102,1.0,0.0,0.3476,nan,1187,0.0203,-0.3093,0.8951,0,0,0.1196,0.056,0.1196,0.056,0.4617,0.7512,2.3602
None-gene-51890145,JASKUS010000001.1,4731,54744915,1.0,2407.6597,3946.0102,1.0,0.0,0.3476,nan,1299,0.0224,-0.281,0.8958,0,0,0.02,0.7507,0.02,0.7507,0.4072,0.6498,0.7841
None-gene-51890281,JASKUS010000001.1,4731,54744915,1.0,2407.6597,3946.0102,1.0,0.0,0.3476,nan,234,0.003,-0.5508,0.8957,0,0,-0.0583,0.3668,-0.0583,0.3668,0.406,0.6475,0.7478
None-gene-51903716,JASKUS010000001.1,4731,54744915,1.0,2407.6597,3946.0102,1.0,0.0,0.3476,nan,1041,0.0177,-0.3463,0.8962,0,0,-0.1384,0.0269,-0.1384,0.0269,0.4227,0.6786,1.231
None-gene-51906849,JASKUS010000001.1,4731,54744915,1.0,2407.6597,3946.0102,1.0,0.0,0.3476,nan,930,0.0157,-0.3745,0.8964,0,0,0.1666,0.0076,0.1666,0.0076,0.3925,0.6223,0.3566
None-gene-51911120,JASKUS010000001.1,4731,54744915,1.0,2407.6597,3946.0102,1.0,0.0,0.3476,nan,270,0.0037,-0.5417,0.8965,0,0,0.0332,0.6022,0.0332,0.6022,0.3963,0.6295,0.4673
None-gene-51912977,JASKUS010000001.1,4731,54744915,1.0,2407.6597,3946.0102,1.0,0.0,0.3476,nan,1194,0.0205,-0.3076,0.8966,0,0,0.0652,0.2984,0.0652,0.2984,0.3702,0.5808,-0.2888
None-gene-51914701,JASKUS010000001.1,4731,54744915,1.0,2407.6597,3946.0102,1.0,0.0,0.3476,nan,540,0.0086,-0.4733,0.8966,0,0,0.1236,0.0519,0.1236,0.0519,0.4074,0.6502,0.789
None-gene-51918988,JASKUS010000001.1,4731,54744915,1.0,2407.6597,3946.0102,1.0,0.0,0.3476,nan,688,0.0113,-0.4358,0.8968,0,0,-0.0053,0.9325,-0.0053,0.9325,0.4578,0.7441,2.2496
None-gene-51977959,JASKUS010000001.1,4731,54744915,1.0,2407.6597,3946.0102,1.0,0.0,0.3476,nan,822,0.0137,-0.4018,0.8989,0,0,0.1573,0.013,0.1573,0.013,0.365,0.5711,-0.44
None-gene-52002652,JASKUS010000001.1,4731,54744915,1.0,2407.6597,3946.0102,1.0,0.0,0.3476,nan,14886,0.269,3.1623,0.9004,0,0,0.391,0.0,0.391,0.0,0.3901,0.6179,0.2878
None-gene-52023542,JASKUS010000001.1,4731,54744915,1.0,2407.6597,3946.0102,1.0,0.0,0.3476,nan,1272,0.0219,-0.2878,0.9006,0,0,0.268,0.0,0.268,0.0,0.4536,0.7362,2.1271
None-gene-52024933,JASKUS010000001.1,4731,54744915,1.0,2407.6597,3946.0102,1.0,0.0,0.3476,nan,3495,0.0622,0.2756,0.9008,0,0,0.1531,0.0142,0.1531,0.0142,0.4006,0.6374,0.5911
None-gene-52028210,JASKUS010000001.1,4731,54744915,1.0,2407.6597,3946.0102,1.0,0.0,0.3476,nan,201,0.0024,-0.5592,0.9008,0,0,0.0324,0.6226,0.0324,0.6226,0.4726,0.7717,2.6778
None-gene-52067388,JASKUS010000001.1,4731,54744915,1.0,2407.6597,3946.0102,1.0,0.0,0.3476,nan,11210,0.2022,2.2307,0.9026,0,0,0.5751,0.0,0.5751,0.0,0.4054,0.6463,0.7295
None-gene-52074327,JASKUS010000001.1,4731,54744915,1.0,2407.6597,3946.0102,1.0,0.0,0.3476,nan,1842,0.0322,-0.1433,0.9025,0,0,0.2553,0.0,0.2553,0.0,0.4707,0.768,2.6213
None-gene-52091055,JASKUS010000001.1,4731,54744915,1.0,2407.6597,3946.0102,1.0,0.0,0.3476,nan,342,0.005,-0.5235,0.9031,0,0,-0.0651,0.3222,-0.0651,0.3222,0.4123,0.6592,0.9302
None-gene-52093195,JASKUS010000001.1,4731,54744915,1.0,2407.6597,3946.0102,1.0,0.0,0.3476,nan,1343,0.0232,-0.2698,0.9032,0,0,0.0675,0.2818,0.0675,0.2818,0.4133,0.661,0.9583
None-gene-52093684,JASKUS010000001.1,4731,54744915,1.0,2407.6597,3946.0102,1.0,0.0,0.3476,nan,174,0.002,-0.5661,0.9031,0,0,-0.0339,0.6181,-0.0339,0.6181,0.4828,0.7905,2.9709
None-gene-52097735,JASKUS010000001.1,4731,54744915,1.0,2407.6597,3946.0102,1.0,0.0,0.3476,nan,255,0.0034,-0.5455,0.9033,0,0,0.077,0.2618,0.077,0.2618,0.4196,0.6729,1.1423
None-gene-52098066,JASKUS010000001.1,4731,54744915,1.0,2407.6597,3946.0102,1.0,0.0,0.3476,nan,732,0.0121,-0.4246,0.9033,0,0,0.1635,0.0088,0.1635,0.0088,0.4126,0.6598,0.9385
None-gene-52100614,JASKUS010000001.1,4731,54744915,1.0,2407.6597,3946.0102,1.0,0.0,0.3476,nan,1193,0.0205,-0.3078,0.9034,0,0,0.1764,0.0047,0.1764,0.0047,0.4091,0.6532,0.8367
None-gene-52105157,JASKUS010000001.1,4731,54744915,1.0,2407.6597,3946.0102,1.0,0.0,0.3476,nan,967,0.0164,-0.3651,0.9036,0,0,0.1249,0.0459,0.1249,0.0459,0.4364,0.7042,1.6286
None-gene-52110829,JASKUS010000001.1,4731,54744915,1.0,2407.6597,3946.0102,1.0,0.0,0.3476,nan,5683,0.1019,0.83,0.904,0,0,0.1456,0.0197,0.1456,0.0197,0.3635,0.5685,-0.4812
None-gene-52121910,JASKUS010000001.1,4731,54744915,1.0,2407.6597,3946.0102,1.0,0.0,0.3476,nan,11180,0.2017,2.2231,0.9046,0,0,0.3414,0.0,0.3414,0.0,0.3807,0.6004,0.0151
None-gene-52133930,JASKUS010000001.1,4731,54744915,1.0,2407.6597,3946.0102,1.0,0.0,0.3476,nan,240,0.0032,-0.5493,0.9046,0,0,-0.0159,0.8059,-0.0159,0.8059,0.4,0.6364,0.5746
None-gene-52133950,JASKUS010000001.1,4731,54744915,1.0,2407.6597,3946.0102,1.0,0.0,0.3476,nan,117,0.0009,-0.5805,0.9046,0,0,-0.0214,0.7778,-0.0214,0.7778,0.4188,0.6714,1.119
None-gene-52136494,JASKUS010000001.1,4731,54744915,1.0,2407.6597,3946.0102,1.0,0.0,0.3476,nan,793,0.0132,-0.4092,0.9047,0,0,0.1128,0.0716,0.1128,0.0716,0.4401,0.7111,1.7357
None-gene-52140138,JASKUS010000001.1,4731,54744915,1.0,2407.6597,3946.0102,1.0,0.0,0.3476,nan,11068,0.1997,2.1947,0.9052,0,0,0.2815,0.0,0.2815,0.0,0.3876,0.6133,0.2156
None-gene-52160156,JASKUS010000001.1,4731,54744915,1.0,2407.6597,3946.0102,1.0,0.0,0.3476,nan,7066,0.127,1.1805,0.9058,0,0,0.3339,0.0,0.3339,0.0,0.4101,0.6552,0.868
None-gene-52163894,JASKUS010000001.1,4731,54744915,1.0,2407.6597,3946.0102,1.0,0.0,0.3476,nan,435,0.0067,-0.4999,0.9057,0,0,0.0387,0.5428,0.0387,0.5428,0.4115,0.6578,0.9074
None-gene-52164337,JASKUS010000001.1,4731,54744915,1.0,2407.6597,3946.0102,1.0,0.0,0.3476,nan,801,0.0133,-0.4072,0.9058,0,0,0.0966,0.1233,0.0966,0.1233,0.3958,0.6285,0.4516
None-gene-52171513,JASKUS010000001.1,4731,54744915,1.0,2407.6597,3946.0102,1.0,0.0,0.3476,nan,1136,0.0194,-0.3223,0.906,0,0,0.0996,0.1118,0.0996,0.1118,0.434,0.6997,1.5584
None-gene-52174266,JASKUS010000001.1,4731,54744915,1.0,2407.6597,3946.0102,1.0,0.0,0.3476,nan,462,0.0072,-0.4931,0.9061,0,0,-0.0006,0.9919,-0.0006,0.9919,0.4026,0.6412,0.6498
None-gene-52175512,JASKUS010000001.1,4731,54744915,1.0,2407.6597,3946.0102,1.0,0.0,0.3476,nan,171,0.0019,-0.5668,0.9061,0,0,0.1416,0.0466,0.1416,0.0466,0.4211,0.6756,1.1842
None-gene-52191864,JASKUS010000001.1,4731,54744915,1.0,2407.6597,3946.0102,1.0,0.0,0.3476,nan,2292,0.0404,-0.0293,0.9068,0,0,0.214,0.0006,0.214,0.0006,0.3687,0.578,-0.3325
None-gene-52197873,JASKUS010000001.1,4731,54744915,1.0,2407.6597,3946.0102,1.0,0.0,0.3476,nan,996,0.0169,-0.3577,0.907,0,0,0.0561,0.371,0.0561,0.371,0.4769,0.7796,2.8015
None-gene-52225580,JASKUS010000001.1,4731,54744915,1.0,2407.6597,3946.0102,1.0,0.0,0.3476,nan,21852,0.3954,4.9276,0.9088,0,0,0.4352,0.0,0.4352,0.0,0.3658,0.5727,-0.4154
None-gene-52273322,JASKUS010000001.1,4731,54744915,1.0,2407.6597,3946.0102,1.0,0.0,0.3476,nan,321,0.0046,-0.5288,0.9097,0,0,0.0144,0.8236,0.0144,0.8236,0.4953,0.8139,3.3348
None-gene-52321088,JASKUS010000001.1,4731,54744915,1.0,2407.6597,3946.0102,1.0,0.0,0.3476,nan,447,0.0069,-0.4969,0.9115,0,0,0.1575,0.0116,0.1575,0.0116,0.4362,0.7039,1.624
None-gene-52328890,JASKUS010000001.1,4731,54744915,1.0,2407.6597,3946.0102,1.0,0.0,0.3476,nan,357,0.0053,-0.5197,0.9117,0,0,0.0726,0.2546,0.0726,0.2546,0.4342,0.7,1.5641
None-gene-52349873,JASKUS010000001.1,4731,54744915,1.0,2407.6597,3946.0102,1.0,0.0,0.3476,nan,1260,0.0217,-0.2908,0.9125,0,0,0.013,0.8357,0.013,0.8357,0.3794,0.5979,-0.0229
None-gene-52397399,JASKUS010000001.1,4731,54744915,1.0,2407.6597,3946.0102,1.0,0.0,0.3476,nan,2460,0.0434,0.0133,0.9143,0,0,0.2552,0.0,0.2552,0.0,0.4305,0.6931,1.4574
None-gene-52414019,JASKUS010000001.1,4731,54744915,1.0,2407.6597,3946.0102,1.0,0.0,0.3476,nan,516,0.0082,-0.4794,0.9149,0,0,0.0788,0.3162,0.0788,0.3162,0.3702,0.5808,-0.2896
None-gene-52427550,JASKUS010000001.1,4731,54744915,1.0,2407.6597,3946.0102,1.0,0.0,0.3476,nan,9991,0.1801,1.9218,0.9157,0,0,0.2667,0.0,0.2667,0.0,0.3568,0.5559,-0.6757
None-gene-52495696,JASKUS010000001.1,4731,54744915,1.0,2407.6597,3946.0102,1.0,0.0,0.3476,nan,1583,0.0275,-0.209,0.9179,0,0,0.1715,0.006,0.1715,0.006,0.3696,0.5797,-0.3071
None-gene-52503499,JASKUS010000001.1,4731,54744915,1.0,2407.6597,3946.0102,1.0,0.0,0.3476,nan,207,0.0026,-0.5577,0.9181,0,0,0.0658,0.3369,0.0658,0.3369,0.4541,0.7371,2.1412
None-gene-52547582,JASKUS010000001.1,4731,54744915,1.0,2407.6597,3946.0102,1.0,0.0,0.3476,nan,525,0.0083,-0.4771,0.9197,0,0,0.1245,0.0467,0.1245,0.0467,0.4229,0.6789,1.2364
None-gene-52554085,JASKUS010000001.1,4731,54744915,1.0,2407.6597,3946.0102,1.0,0.0,0.3476,nan,1224,0.021,-0.3,0.92,0,0,0.1121,0.0733,0.1121,0.0733,0.415,0.6644,1.0098
None-gene-52555859,JASKUS010000001.1,4731,54744915,1.0,2407.6597,3946.0102,1.0,0.0,0.3476,nan,2828,0.0501,0.1065,0.9201,0,0,0.1647,0.0083,0.1647,0.0083,0.3639,0.5691,-0.4719
None-gene-52561185,JASKUS010000001.1,4731,54744915,1.0,2407.6597,3946.0102,1.0,0.0,0.3476,nan,2463,0.0435,0.014,0.9203,0,0,0.1346,0.0313,0.1346,0.0313,0.3804,0.5999,0.0079
None-gene-52571986,JASKUS010000001.1,4731,54744915,1.0,2407.6597,3946.0102,1.0,0.0,0.3476,nan,865,0.0145,-0.3909,0.9206,0,0,0.0324,0.6062,0.0324,0.6062,0.415,0.6644,1.0097
None-gene-52581528,JASKUS010000001.1,4731,54744915,1.0,2407.6597,3946.0102,1.0,0.0,0.3476,nan,16136,0.2916,3.479,0.9216,0,0,0.5372,0.0,0.5372,0.0,0.3652,0.5716,-0.4329
None-gene-52605882,JASKUS010000001.1,4731,54744915,1.0,2407.6597,3946.0102,1.0,0.0,0.3476,nan,225,0.0029,-0.5531,0.9219,0,0,0.1229,0.0838,0.1229,0.0838,0.36,0.5619,-0.5837
None-gene-52607253,JASKUS010000001.1,4731,54744915,1.0,2407.6597,3946.0102,1.0,0.0,0.3476,nan,303,0.0043,-0.5334,0.9219,0,0,0.0197,0.7675,0.0197,0.7675,0.3729,0.586,-0.2091
None-gene-52607759,JASKUS010000001.1,4731,54744915,1.0,2407.6597,3946.0102,1.0,0.0,0.3476,nan,426,0.0065,-0.5022,0.9219,0,0,0.0957,0.1386,0.0957,0.1386,0.3685,0.5778,-0.3363
None-gene-52611199,JASKUS010000001.1,4731,54744915,1.0,2407.6597,3946.0102,1.0,0.0,0.3476,nan,336,0.0049,-0.525,0.9221,0,0,0.1261,0.0577,0.1261,0.0577,0.378,0.5953,-0.0632
None-gene-52637003,JASKUS010000001.1,4731,54744915,1.0,2407.6597,3946.0102,1.0,0.0,0.3476,nan,1210,0.0208,-0.3035,0.923,0,0,-0.0266,0.6717,-0.0266,0.6717,0.4165,0.6671,1.0532
None-gene-52655127,JASKUS010000001.1,4731,54744915,1.0,2407.6597,3946.0102,1.0,0.0,0.3476,nan,1347,0.0232,-0.2688,0.9237,0,0,0.1759,0.0048,0.1759,0.0048,0.4157,0.6657,1.0303
None-gene-52656904,JASKUS010000001.1,4731,54744915,1.0,2407.6597,3946.0102,1.0,0.0,0.3476,nan,252,0.0034,-0.5463,0.9237,0,0,0.103,0.1115,0.103,0.1115,0.373,0.5861,-0.2068
None-gene-52657164,JASKUS010000001.1,4731,54744915,1.0,2407.6597,3946.0102,1.0,0.0,0.3476,nan,399,0.006,-0.509,0.9237,0,0,0.1051,0.0933,0.1051,0.0933,0.4637,0.7549,2.4179
None-gene-52670258,JASKUS010000001.1,4731,54744915,1.0,2407.6597,3946.0102,1.0,0.0,0.3476,nan,12551,0.2266,2.5705,0.9247,0,0,0.468,0.0,0.468,0.0,0.327,0.5004,-1.5396
None-gene-52676088,JASKUS010000001.1,4731,54744915,1.0,2407.6597,3946.0102,1.0,0.0,0.3476,nan,469,0.0073,-0.4913,0.9244,0,0,-0.0019,0.9771,-0.0019,0.9771,0.4584,0.7452,2.2662
None-gene-52690945,JASKUS010000001.1,4731,54744915,1.0,2407.6597,3946.0102,1.0,0.0,0.3476,nan,1177,0.0202,-0.3119,0.925,0,0,0.2296,0.0002,0.2296,0.0002,0.4741,0.7744,2.7198
None-gene-52696756,JASKUS010000001.1,4731,54744915,1.0,2407.6597,3946.0102,1.0,0.0,0.3476,nan,1086,0.0185,-0.3349,0.9252,0,0,0.1766,0.0046,0.1766,0.0046,0.4227,0.6786,1.2305
None-gene-52697915,JASKUS010000001.1,4731,54744915,1.0,2407.6597,3946.0102,1.0,0.0,0.3476,nan,2559,0.0452,0.0384,0.9253,0,0,0.1505,0.016,0.1505,0.016,0.4041,0.6439,0.6922
None-gene-52705558,JASKUS010000001.1,4731,54744915,1.0,2407.6597,3946.0102,1.0,0.0,0.3476,nan,2087,0.0367,-0.0813,0.9256,0,0,0.3544,0.0,0.3544,0.0,0.437,0.7053,1.6457
None-gene-52709752,JASKUS010000001.1,4731,54744915,1.0,2407.6597,3946.0102,1.0,0.0,0.3476,nan,800,0.0133,-0.4074,0.9257,0,0,0.1787,0.0047,0.1787,0.0047,0.395,0.6271,0.4298
None-gene-52725818,JASKUS010000001.1,4731,54744915,1.0,2407.6597,3946.0102,1.0,0.0,0.3476,nan,7575,0.1363,1.3095,0.9265,0,0,0.4136,0.0,0.4136,0.0,0.3654,0.5719,-0.4269
None-gene-52725871,JASKUS010000001.1,4731,54744915,1.0,2407.6597,3946.0102,1.0,0.0,0.3476,nan,15740,0.2844,3.3787,0.9268,0,0,0.4699,0.0,0.4699,0.0,0.3541,0.5509,-0.7547
None-gene-52750530,JASKUS010000001.1,4731,54744915,1.0,2407.6597,3946.0102,1.0,0.0,0.3476,nan,531,0.0084,-0.4756,0.9272,0,0,0.0576,0.3666,0.0576,0.3666,0.3917,0.6209,0.3346
None-gene-52754912,JASKUS010000001.1,4731,54744915,1.0,2407.6597,3946.0102,1.0,0.0,0.3476,nan,2390,0.0422,-0.0045,0.9274,0,0,0.2237,0.0003,0.2237,0.0003,0.3272,0.5008,-1.5335
None-gene-52793141,JASKUS010000001.1,4731,54744915,1.0,2407.6597,3946.0102,1.0,0.0,0.3476,nan,174,0.002,-0.5661,0.9287,0,0,0.175,0.0102,0.175,0.0102,0.3506,0.5443,-0.8566
None-gene-52807266,JASKUS010000001.1,4731,54744915,1.0,2407.6597,3946.0102,1.0,0.0,0.3476,nan,10897,0.1966,2.1514,0.9296,0,0,0.3142,0.0,0.3142,0.0,0.3253,0.4973,-1.5879
None-gene-52836777,JASKUS010000001.1,4731,54744915,1.0,2407.6597,3946.0102,1.0,0.0,0.3476,nan,213,0.0027,-0.5562,0.9303,0,0,-0.0383,0.5802,-0.0383,0.5802,0.4131,0.6608,0.9552
None-gene-52872318,JASKUS010000001.1,4731,54744915,1.0,2407.6597,3946.0102,1.0,0.0,0.3476,nan,303,0.0043,-0.5334,0.9316,0,0,0.1502,0.0276,0.1502,0.0276,0.4554,0.7396,2.18
None-gene-52873162,JASKUS010000001.1,4731,54744915,1.0,2407.6597,3946.0102,1.0,0.0,0.3476,nan,759,0.0126,-0.4178,0.9316,0,0,-0.0907,0.1477,-0.0907,0.1477,0.4295,0.6913,1.4291
None-gene-52903414,JASKUS010000001.1,4731,54744915,1.0,2407.6597,3946.0102,1.0,0.0,0.3476,nan,2049,0.036,-0.0909,0.9328,0,0,0.1848,0.003,0.1848,0.003,0.4012,0.6385,0.6085
None-gene-52950895,JASKUS010000001.1,4731,54744915,1.0,2407.6597,3946.0102,1.0,0.0,0.3476,nan,3154,0.056,0.1891,0.9346,0,0,0.1711,0.0061,0.1711,0.0061,0.3963,0.6295,0.4681
None-gene-52952807,JASKUS010000001.1,4731,54744915,1.0,2407.6597,3946.0102,1.0,0.0,0.3476,nan,336,0.0049,-0.525,0.9345,0,0,0.098,0.1177,0.098,0.1177,0.3958,0.6286,0.4539
None-gene-52967013,JASKUS010000001.1,4731,54744915,1.0,2407.6597,3946.0102,1.0,0.0,0.3476,nan,105,0.0007,-0.5835,0.9351,0,0,-0.0623,0.4475,-0.0623,0.4475,0.5524,0.9202,4.9869
None-gene-52967020,JASKUS010000001.1,4731,54744915,1.0,2407.6597,3946.0102,1.0,0.0,0.3476,nan,240,0.0032,-0.5493,0.9351,0,0,0.0147,0.8243,0.0147,0.8243,0.4375,0.7062,1.6604
None-gene-52984450,JASKUS010000001.1,4731,54744915,1.0,2407.6597,3946.0102,1.0,0.0,0.3476,nan,447,0.0069,-0.4969,0.9357,0,0,0.1089,0.0862,0.1089,0.0862,0.4564,0.7414,2.207
None-gene-53009957,JASKUS010000001.1,4731,54744915,1.0,2407.6597,3946.0102,1.0,0.0,0.3476,nan,1041,0.0177,-0.3463,0.9367,0,0,0.1763,0.0047,0.1763,0.0047,0.4361,0.7036,1.6204
None-gene-53021738,JASKUS010000001.1,4731,54744915,1.0,2407.6597,3946.0102,1.0,0.0,0.3476,nan,420,0.0064,-0.5037,0.9371,0,0,0.2276,0.0005,0.2276,0.0005,0.3952,0.6275,0.4367
None-gene-53032398,JASKUS010000001.1,4731,54744915,1.0,2407.6597,3946.0102,1.0,0.0,0.3476,nan,8914,0.1606,1.6488,0.9378,0,0,0.22,0.0004,0.22,0.0004,0.3652,0.5715,-0.4344
None-gene-53041802,JASKUS010000001.1,4731,54744915,1.0,2407.6597,3946.0102,1.0,0.0,0.3476,nan,267,0.0036,-0.5425,0.9378,0,0,-0.0246,0.7078,-0.0246,0.7078,0.412,0.6587,0.9216
None-gene-53053622,JASKUS010000001.1,4731,54744915,1.0,2407.6597,3946.0102,1.0,0.0,0.3476,nan,13095,0.2364,2.7084,0.9387,0,0,0.3889,0.0,0.3889,0.0,0.3382,0.5212,-1.2155
None-gene-53067323,JASKUS010000001.1,4731,54744915,1.0,2407.6597,3946.0102,1.0,0.0,0.3476,nan,225,0.0029,-0.5531,0.9387,0,0,0.2552,0.0,0.2552,0.0,0.4533,0.7357,2.1189
None-gene-53067721,JASKUS010000001.1,4731,54744915,1.0,2407.6597,3946.0102,1.0,0.0,0.3476,nan,3062,0.0544,0.1658,0.9388,0,0,0.1016,0.1049,0.1016,0.1049,0.4468,0.7235,1.9287
None-gene-53091406,JASKUS010000001.1,4731,54744915,1.0,2407.6597,3946.0102,1.0,0.0,0.3476,nan,384,0.0058,-0.5128,0.9396,0,0,0.0881,0.1598,0.0881,0.1598,0.4479,0.7256,1.962
None-gene-53098186,JASKUS010000001.1,4731,54744915,1.0,2407.6597,3946.0102,1.0,0.0,0.3476,nan,1988,0.0349,-0.1064,0.9399,0,0,0.1618,0.0095,0.1618,0.0095,0.3967,0.6302,0.4795
None-gene-53111531,JASKUS010000001.1,4731,54744915,1.0,2407.6597,3946.0102,1.0,0.0,0.3476,nan,12481,0.2253,2.5528,0.9408,0,0,0.2579,0.0,0.2579,0.0,0.3981,0.6328,0.5194
None-gene-53127156,JASKUS010000001.1,4731,54744915,1.0,2407.6597,3946.0102,1.0,0.0,0.3476,nan,4532,0.081,0.5384,0.9411,0,0,0.1029,0.1003,0.1029,0.1003,0.3619,0.5653,-0.5295
None-gene-53131807,JASKUS010000001.1,4731,54744915,1.0,2407.6597,3946.0102,1.0,0.0,0.3476,nan,753,0.0125,-0.4193,0.9411,0,0,0.0277,0.6593,0.0277,0.6593,0.4064,0.6482,0.7591
None-gene-53133492,JASKUS010000001.1,4731,54744915,1.0,2407.6597,3946.0102,1.0,0.0,0.3476,nan,6168,0.1107,0.9529,0.9414,0,0,0.2082,0.0008,0.2082,0.0008,0.3838,0.6061,0.1042
None-gene-53143837,JASKUS010000001.1,4731,54744915,1.0,2407.6597,3946.0102,1.0,0.0,0.3476,nan,402,0.0061,-0.5083,0.9415,0,0,0.0494,0.438,0.0494,0.438,0.4353,0.7022,1.5974
None-gene-53145489,JASKUS010000001.1,4731,54744915,1.0,2407.6597,3946.0102,1.0,0.0,0.3476,nan,3062,0.0544,0.1658,0.9417,0,0,0.1329,0.0336,0.1329,0.0336,0.45,0.7296,2.0233
None-gene-53148967,JASKUS010000001.1,4731,54744915,1.0,2407.6597,3946.0102,1.0,0.0,0.3476,nan,1329,0.0229,-0.2734,0.9417,0,0,0.1739,0.0053,0.1739,0.0053,0.4063,0.6481,0.7576
None-gene-53150448,JASKUS010000001.1,4731,54744915,1.0,2407.6597,3946.0102,1.0,0.0,0.3476,nan,702,0.0115,-0.4322,0.9418,0,0,0.0073,0.9079,0.0073,0.9079,0.4345,0.7006,1.5727
None-gene-53151602,JASKUS010000001.1,4731,54744915,1.0,2407.6597,3946.0102,1.0,0.0,0.3476,nan,980,0.0166,-0.3618,0.9418,0,0,0.1893,0.0024,0.1893,0.0024,0.449,0.7276,1.9928
None-gene-53152783,JASKUS010000001.1,4731,54744915,1.0,2407.6597,3946.0102,1.0,0.0,0.3476,nan,1743,0.0304,-0.1684,0.9419,0,0,0.0443,0.4801,0.0443,0.4801,0.4441,0.7184,1.8504
None-gene-53158756,JASKUS010000001.1,4731,54744915,1.0,2407.6597,3946.0102,1.0,0.0,0.3476,nan,1438,0.0249,-0.2457,0.9421,0,0,0.0897,0.1526,0.0897,0.1526,0.4263,0.6853,1.3357
None-gene-53173780,JASKUS010000001.1,4731,54744915,1.0,2407.6597,3946.0102,1.0,0.0,0.3476,nan,531,0.0084,-0.4756,0.9426,0,0,0.1056,0.0971,0.1056,0.0971,0.4294,0.6911,1.4252
None-gene-53196934,JASKUS010000001.1,4731,54744915,1.0,2407.6597,3946.0102,1.0,0.0,0.3476,nan,2779,0.0492,0.0941,0.9435,0,0,0.1422,0.0229,0.1422,0.0229,0.3642,0.5696,-0.4632
None-gene-53197375,JASKUS010000001.1,4731,54744915,1.0,2407.6597,3946.0102,1.0,0.0,0.3476,nan,198,0.0024,-0.56,0.9435,0,0,0.0472,0.5083,0.0472,0.5083,0.4495,0.7285,2.0077
None-gene-53226517,JASKUS010000001.1,4731,54744915,1.0,2407.6597,3946.0102,1.0,0.0,0.3476,nan,1999,0.0351,-0.1036,0.9446,0,0,0.1379,0.0274,0.1379,0.0274,0.3797,0.5985,-0.0135
None-gene-53247615,JASKUS010000001.1,4731,54744915,1.0,2407.6597,3946.0102,1.0,0.0,0.3476,nan,393,0.0059,-0.5106,0.9453,0,0,0.0743,0.2503,0.0743,0.2503,0.4427,0.716,1.8124
None-gene-53249641,JASKUS010000001.1,4731,54744915,1.0,2407.6597,3946.0102,1.0,0.0,0.3476,nan,1970,0.0346,-0.1109,0.9454,0,0,0.1436,0.0215,0.1436,0.0215,0.4269,0.6865,1.3536
None-gene-53254296,JASKUS010000001.1,4731,54744915,1.0,2407.6597,3946.0102,1.0,0.0,0.3476,nan,10941,0.1974,2.1625,0.9459,0,0,0.2943,0.0,0.2943,0.0,0.3597,0.5612,-0.5936
None-gene-53263276,JASKUS010000001.1,4731,54744915,1.0,2407.6597,3946.0102,1.0,0.0,0.3476,nan,1961,0.0344,-0.1132,0.9459,0,0,0.1095,0.0803,0.1095,0.0803,0.3799,0.5989,-0.0072
None-gene-53269636,JASKUS010000001.1,4731,54744915,1.0,2407.6597,3946.0102,1.0,0.0,0.3476,nan,1012,0.0172,-0.3537,0.9461,0,0,0.1287,0.0397,0.1287,0.0397,0.4387,0.7085,1.6962
None-gene-53276283,JASKUS010000001.1,4731,54744915,1.0,2407.6597,3946.0102,1.0,0.0,0.3476,nan,4823,0.0863,0.6121,0.9465,0,0,0.1333,0.0331,0.1333,0.0331,0.377,0.5935,-0.0925
None-gene-53283624,JASKUS010000001.1,4731,54744915,1.0,2407.6597,3946.0102,1.0,0.0,0.3476,nan,2126,0.0374,-0.0714,0.9467,0,0,0.2141,0.0006,0.2141,0.0006,0.445,0.7201,1.8766
None-gene-53290099,JASKUS010000001.1,4731,54744915,1.0,2407.6597,3946.0102,1.0,0.0,0.3476,nan,2775,0.0492,0.0931,0.947,0,0,0.1887,0.0024,0.1887,0.0024,0.4339,0.6995,1.5554
None-gene-53293518,JASKUS010000001.1,4731,54744915,1.0,2407.6597,3946.0102,1.0,0.0,0.3476,nan,1187,0.0203,-0.3093,0.947,0,0,0.1778,0.0043,0.1778,0.0043,0.4212,0.6759,1.1893
None-gene-53295999,JASKUS010000001.1,4731,54744915,1.0,2407.6597,3946.0102,1.0,0.0,0.3476,nan,2555,0.0452,0.0373,0.9472,0,0,0.1283,0.0402,0.1283,0.0402,0.4622,0.7523,2.3765
None-gene-53308232,JASKUS010000001.1,4731,54744915,1.0,2407.6597,3946.0102,1.0,0.0,0.3476,nan,419,0.0064,-0.504,0.9475,0,0,-0.1183,0.0622,-0.1183,0.0622,0.4272,0.687,1.3624
None-gene-53309054,JASKUS010000001.1,4731,54744915,1.0,2407.6597,3946.0102,1.0,0.0,0.3476,nan,5783,0.1038,0.8554,0.9478,0,0,0.1642,0.0085,0.1642,0.0085,0.3749,0.5896,-0.1525
None-gene-53309479,JASKUS010000001.1,4731,54744915,1.0,2407.6597,3946.0102,1.0,0.0,0.3476,nan,162,0.0017,-0.5691,0.9476,0,0,0.0397,0.6091,0.0397,0.6091,0.4938,0.8111,3.2914
None-gene-53320845,JASKUS010000001.1,4731,54744915,1.0,2407.6597,3946.0102,1.0,0.0,0.3476,nan,277,0.0038,-0.54,0.948,0,0,0.0553,0.3786,0.0553,0.3786,0.426,0.6848,1.3272
None-gene-53323294,JASKUS010000001.1,4731,54744915,1.0,2407.6597,3946.0102,1.0,0.0,0.3476,nan,1482,0.0257,-0.2346,0.9481,0,0,0.2082,0.0008,0.2082,0.0008,0.4278,0.6881,1.3795
None-gene-53339391,JASKUS010000001.1,4731,54744915,1.0,2407.6597,3946.0102,1.0,0.0,0.3476,nan,240,0.0032,-0.5493,0.9487,0,0,0.0437,0.5048,0.0437,0.5048,0.4667,0.7605,2.5049
None-gene-53341408,JASKUS010000001.1,4731,54744915,1.0,2407.6597,3946.0102,1.0,0.0,0.3476,nan,692,0.0114,-0.4348,0.9488,0,0,-0.0284,0.6515,-0.0284,0.6515,0.4147,0.6638,1.0014
None-gene-53343105,JASKUS010000001.1,4731,54744915,1.0,2407.6597,3946.0102,1.0,0.0,0.3476,nan,698,0.0115,-0.4333,0.9488,0,0,0.01,0.8735,0.01,0.8735,0.4198,0.6732,1.147
None-gene-53350055,JASKUS010000001.1,4731,54744915,1.0,2407.6597,3946.0102,1.0,0.0,0.3476,nan,3489,0.0621,0.274,0.9492,0,0,0.0994,0.1127,0.0994,0.1127,0.3895,0.6168,0.2708
None-gene-53352374,JASKUS010000001.1,4731,54744915,1.0,2407.6597,3946.0102,1.0,0.0,0.3476,nan,210,0.0026,-0.5569,0.9491,0,0,0.0431,0.5588,0.0431,0.5588,0.381,0.6009,0.023
None-gene-53404536,JASKUS010000001.1,4731,54744915,1.0,2407.6597,3946.0102,1.0,0.0,0.3476,nan,120,0.001,-0.5797,0.951,0,0,-0.1174,0.0882,-0.1174,0.0882,0.4583,0.745,2.2636
None-gene-53416945,JASKUS010000001.1,4731,54744915,1.0,2407.6597,3946.0102,1.0,0.0,0.3476,nan,987,0.0167,-0.36,0.9515,0,0,0.0236,0.7071,0.0236,0.7071,0.4043,0.6443,0.6978
None-gene-53429285,JASKUS010000001.1,4731,54744915,1.0,2407.6597,3946.0102,1.0,0.0,0.3476,nan,1385,0.0239,-0.2592,0.952,0,0,0.2636,0.0,0.2636,0.0,0.4253,0.6834,1.3063
None-gene-53433170,JASKUS010000001.1,4731,54744915,1.0,2407.6597,3946.0102,1.0,0.0,0.3476,nan,1818,0.0318,-0.1494,0.9521,0,0,0.0673,0.2831,0.0673,0.2831,0.4268,0.6864,1.3518
None-gene-53435444,JASKUS010000001.1,4731,54744915,1.0,2407.6597,3946.0102,1.0,0.0,0.3476,nan,777,0.0129,-0.4132,0.9522,0,0,0.0591,0.3462,0.0591,0.3462,0.4389,0.7088,1.7
None-gene-53443394,JASKUS010000001.1,4731,54744915,1.0,2407.6597,3946.0102,1.0,0.0,0.3476,nan,2692,0.0477,0.0721,0.9525,0,0,0.2481,0.0001,0.2481,0.0001,0.4406,0.7119,1.7491
None-gene-53449415,JASKUS010000001.1,4731,54744915,1.0,2407.6597,3946.0102,1.0,0.0,0.3476,nan,2832,0.0502,0.1075,0.9528,0,0,0.1226,0.05,0.1226,0.05,0.3598,0.5615,-0.589
None-gene-53454439,JASKUS010000001.1,4731,54744915,1.0,2407.6597,3946.0102,1.0,0.0,0.3476,nan,947,0.016,-0.3702,0.9529,0,0,0.1527,0.0145,0.1527,0.0145,0.4108,0.6564,0.8864
None-gene-53456990,JASKUS010000001.1,4731,54744915,1.0,2407.6597,3946.0102,1.0,0.0,0.3476,nan,1644,0.0286,-0.1935,0.953,0,0,0.0781,0.2129,0.0781,0.2129,0.4592,0.7467,2.2901
None-gene-53468068,JASKUS010000001.1,4731,54744915,1.0,2407.6597,3946.0102,1.0,0.0,0.3476,nan,702,0.0115,-0.4322,0.9534,0,0,0.165,0.0092,0.165,0.0092,0.3889,0.6157,0.2528
None-gene-53480020,JASKUS010000001.1,4731,54744915,1.0,2407.6597,3946.0102,1.0,0.0,0.3476,nan,2964,0.0526,0.141,0.9539,0,0,0.3101,0.0,0.3101,0.0,0.3785,0.5964,-0.0468
None-gene-53507321,JASKUS010000001.1,4731,54744915,1.0,2407.6597,3946.0102,1.0,0.0,0.3476,nan,270,0.0037,-0.5417,0.9548,0,0,0.003,0.9644,0.003,0.9644,0.4148,0.664,1.0035
None-gene-53541401,JASKUS010000001.1,4731,54744915,1.0,2407.6597,3946.0102,1.0,0.0,0.3476,nan,1484,0.0257,-0.2341,0.9561,0,0,0.2735,0.0,0.2735,0.0,0.3922,0.6218,0.3482
None-gene-53553049,JASKUS010000001.1,4731,54744915,1.0,2407.6597,3946.0102,1.0,0.0,0.3476,nan,231,0.003,-0.5516,0.9565,0,0,-0.0327,0.6187,-0.0327,0.6187,0.3853,0.6089,0.1484
None-gene-53563677,JASKUS010000001.1,4731,54744915,1.0,2407.6597,3946.0102,1.0,0.0,0.3476,nan,889,0.0149,-0.3849,0.9569,0,0,0.1122,0.0732,0.1122,0.0732,0.3825,0.6037,0.0664
None-gene-53575480,JASKUS010000001.1,4731,54744915,1.0,2407.6597,3946.0102,1.0,0.0,0.3476,nan,954,0.0161,-0.3684,0.9573,0,0,0.1609,0.0099,0.1609,0.0099,0.4476,0.725,1.9525
None-gene-53586684,JASKUS010000001.1,4731,54744915,1.0,2407.6597,3946.0102,1.0,0.0,0.3476,nan,2026,0.0356,-0.0967,0.9578,0,0,0.1047,0.0947,0.1047,0.0947,0.4195,0.6728,1.1405
None-gene-53593356,JASKUS010000001.1,4731,54744915,1.0,2407.6597,3946.0102,1.0,0.0,0.3476,nan,1806,0.0316,-0.1525,0.958,0,0,0.1854,0.0029,0.1854,0.0029,0.3948,0.6267,0.4238
None-gene-53594308,JASKUS010000001.1,4731,54744915,1.0,2407.6597,3946.0102,1.0,0.0,0.3476,nan,369,0.0055,-0.5166,0.958,0,0,0.1426,0.0224,0.1426,0.0224,0.3902,0.6182,0.2921
None-gene-53598626,JASKUS010000001.1,4731,54744915,1.0,2407.6597,3946.0102,1.0,0.0,0.3476,nan,9198,0.1657,1.7208,0.9585,0,0,0.3085,0.0,0.3085,0.0,0.4503,0.7301,2.0315
None-gene-53610027,JASKUS010000001.1,4731,54744915,1.0,2407.6597,3946.0102,1.0,0.0,0.3476,nan,1884,0.033,-0.1327,0.9586,0,0,0.2287,0.0002,0.2287,0.0002,0.4252,0.6832,1.3031
None-gene-53623637,JASKUS010000001.1,4731,54744915,1.0,2407.6597,3946.0102,1.0,0.0,0.3476,nan,12978,0.2343,2.6787,0.9595,0,0,0.3865,0.0,0.3865,0.0,0.3492,0.5417,-0.8964
None-gene-53645521,JASKUS010000001.1,4731,54744915,1.0,2407.6597,3946.0102,1.0,0.0,0.3476,nan,1559,0.0271,-0.2151,0.9599,0,0,0.1268,0.0427,0.1268,0.0427,0.4092,0.6536,0.842
None-gene-53650189,JASKUS010000001.1,4731,54744915,1.0,2407.6597,3946.0102,1.0,0.0,0.3476,nan,8912,0.1605,1.6483,0.9603,0,0,0.2633,0.0,0.2633,0.0,0.4312,0.6945,1.4784
None-gene-53667195,JASKUS010000001.1,4731,54744915,1.0,2407.6597,3946.0102,1.0,0.0,0.3476,nan,3360,0.0598,0.2413,0.9608,0,0,0.2714,0.0,0.2714,0.0,0.4024,0.6408,0.6435
None-gene-53677226,JASKUS010000001.1,4731,54744915,1.0,2407.6597,3946.0102,1.0,0.0,0.3476,nan,1432,0.0248,-0.2473,0.961,0,0,0.0249,0.6916,0.0249,0.6916,0.398,0.6327,0.5179
None-gene-53681804,JASKUS010000001.1,4731,54744915,1.0,2407.6597,3946.0102,1.0,0.0,0.3476,nan,1947,0.0341,-0.1167,0.9612,0,0,0.138,0.0273,0.138,0.0273,0.4063,0.648,0.756
None-gene-53690851,JASKUS010000001.1,4731,54744915,1.0,2407.6597,3946.0102,1.0,0.0,0.3476,nan,8377,0.1508,1.5128,0.9618,0,0,0.2116,0.0007,0.2116,0.0007,0.4171,0.6682,1.0695
None-gene-53701088,JASKUS010000001.1,4731,54744915,1.0,2407.6597,3946.0102,1.0,0.0,0.3476,nan,1071,0.0182,-0.3387,0.9619,0,0,0.2144,0.0006,0.2144,0.0006,0.3922,0.6218,0.3475
None-gene-53702325,JASKUS010000001.1,4731,54744915,1.0,2407.6597,3946.0102,1.0,0.0,0.3476,nan,10255,0.1849,1.9887,0.9623,0,0,0.2961,0.0,0.2961,0.0,0.3665,0.5739,-0.3968
None-gene-53720030,JASKUS010000001.1,4731,54744915,1.0,2407.6597,3946.0102,1.0,0.0,0.3476,nan,237,0.0031,-0.5501,0.9626,0,0,0.0556,0.3985,0.0556,0.3985,0.4937,0.8108,3.2869
None-gene-53720529,JASKUS010000001.1,4731,54744915,1.0,2407.6597,3946.0102,1.0,0.0,0.3476,nan,1334,0.023,-0.2721,0.9626,0,0,0.2327,0.0002,0.2327,0.0002,0.4618,0.7514,2.3631
None-gene-53721702,JASKUS010000001.1,4731,54744915,1.0,2407.6597,3946.0102,1.0,0.0,0.3476,nan,162,0.0017,-0.5691,0.9626,0,0,0.2113,0.0032,0.2113,0.0032,0.4506,0.7306,2.0402
None-gene-53721864,JASKUS010000001.1,4731,54744915,1.0,2407.6597,3946.0102,1.0,0.0,0.3476,nan,483,0.0076,-0.4877,0.9626,0,0,0.0651,0.2996,0.0651,0.2996,0.4369,0.705,1.6417
None-gene-53722183,JASKUS010000001.1,4731,54744915,1.0,2407.6597,3946.0102,1.0,0.0,0.3476,nan,153,0.0016,-0.5714,0.9626,0,0,0.1547,0.0421,0.1547,0.0421,0.451,0.7313,2.0507
None-gene-53730846,JASKUS010000001.1,4731,54744915,1.0,2407.6597,3946.0102,1.0,0.0,0.3476,nan,4677,0.0837,0.5751,0.9631,0,0,0.2015,0.0012,0.2015,0.0012,0.3857,0.6098,0.161
None-gene-53730998,JASKUS010000001.1,4731,54744915,1.0,2407.6597,3946.0102,1.0,0.0,0.3476,nan,234,0.003,-0.5508,0.963,0,0,0.0442,0.5206,0.0442,0.5206,0.4786,0.7828,2.8514
None-gene-53745844,JASKUS010000001.1,4731,54744915,1.0,2407.6597,3946.0102,1.0,0.0,0.3476,nan,3057,0.0543,0.1646,0.9636,0,0,0.2128,0.0006,0.2128,0.0006,0.3814,0.6018,0.0366
None-gene-53749263,JASKUS010000001.1,4731,54744915,1.0,2407.6597,3946.0102,1.0,0.0,0.3476,nan,337,0.0049,-0.5247,0.9636,0,0,0.0139,0.8307,0.0139,0.8307,0.4006,0.6375,0.5917
None-gene-53754408,JASKUS010000001.1,4731,54744915,1.0,2407.6597,3946.0102,1.0,0.0,0.3476,nan,102,0.0007,-0.5843,0.9638,0,0,-0.1159,0.1775,-0.1159,0.1775,0.4608,0.7496,2.3346
None-gene-53755431,JASKUS010000001.1,4731,54744915,1.0,2407.6597,3946.0102,1.0,0.0,0.3476,nan,198,0.0024,-0.56,0.9639,0,0,0.0473,0.4902,0.0473,0.4902,0.3889,0.6157,0.2528
None-gene-53799142,JASKUS010000001.1,4731,54744915,1.0,2407.6597,3946.0102,1.0,0.0,0.3476,nan,546,0.0087,-0.4718,0.9655,0,0,0.0293,0.6511,0.0293,0.6511,0.4011,0.6384,0.6064
None-gene-53839573,JASKUS010000001.1,4731,54744915,1.0,2407.6597,3946.0102,1.0,0.0,0.3476,nan,438,0.0068,-0.4992,0.9669,0,0,0.0321,0.609,0.0321,0.609,0.4041,0.644,0.6936
None-gene-53847407,JASKUS010000001.1,4731,54744915,1.0,2407.6597,3946.0102,1.0,0.0,0.3476,nan,276,0.0038,-0.5402,0.9672,0,0,0.1249,0.0637,0.1249,0.0637,0.4891,0.8024,3.1554
None-gene-53849249,JASKUS010000001.1,4731,54744915,1.0,2407.6597,3946.0102,1.0,0.0,0.3476,nan,462,0.0072,-0.4931,0.9673,0,0,0.1079,0.0894,0.1079,0.0894,0.4048,0.6452,0.7124
None-gene-53870811,JASKUS010000001.1,4731,54744915,1.0,2407.6597,3946.0102,1.0,0.0,0.3476,nan,8236,0.1483,1.477,0.9684,0,0,0.3151,0.0,0.3151,0.0,0.3564,0.5551,-0.689
None-gene-53889336,JASKUS010000001.1,4731,54744915,1.0,2407.6597,3946.0102,1.0,0.0,0.3476,nan,240,0.0032,-0.5493,0.9688,0,0,0.0013,0.9847,0.0013,0.9847,0.3917,0.6208,0.3333
None-gene-53889730,JASKUS010000001.1,4731,54744915,1.0,2407.6597,3946.0102,1.0,0.0,0.3476,nan,1644,0.0286,-0.1935,0.9688,0,0,0.1322,0.0345,0.1322,0.0345,0.4094,0.6538,0.8458
None-gene-53891963,JASKUS010000001.1,4731,54744915,1.0,2407.6597,3946.0102,1.0,0.0,0.3476,nan,7122,0.1281,1.1947,0.9691,0,0,0.2355,0.0001,0.2355,0.0001,0.3632,0.5679,-0.4898
None-gene-53904597,JASKUS010000001.1,4731,54744915,1.0,2407.6597,3946.0102,1.0,0.0,0.3476,nan,390,0.0059,-0.5113,0.9693,0,0,0.0207,0.7493,0.0207,0.7493,0.4256,0.6841,1.317
None-gene-53910481,JASKUS010000001.1,4731,54744915,1.0,2407.6597,3946.0102,1.0,0.0,0.3476,nan,150,0.0015,-0.5721,0.9695,0,0,0.1486,0.021,0.1486,0.021,0.5,0.8226,3.4701
None-gene-53916982,JASKUS010000001.1,4731,54744915,1.0,2407.6597,3946.0102,1.0,0.0,0.3476,nan,264,0.0036,-0.5432,0.9698,0,0,0.0385,0.5592,0.0385,0.5592,0.4962,0.8156,3.3605
None-gene-53927390,JASKUS010000001.1,4731,54744915,1.0,2407.6597,3946.0102,1.0,0.0,0.3476,nan,333,0.0048,-0.5258,0.9701,0,0,-0.0037,0.9524,-0.0037,0.9524,0.4625,0.7527,2.3832
None-gene-53982100,JASKUS010000001.1,4731,54744915,1.0,2407.6597,3946.0102,1.0,0.0,0.3476,nan,111,0.0008,-0.582,0.9721,0,0,0.0071,0.9353,0.0071,0.9353,0.4054,0.6464,0.7311
None-gene-54008395,JASKUS010000001.1,4731,54744915,1.0,2407.6597,3946.0102,1.0,0.0,0.3476,nan,336,0.0049,-0.525,0.9731,0,0,0.0193,0.7615,0.0193,0.7615,0.4643,0.7561,2.436
None-gene-54034401,JASKUS010000001.1,4731,54744915,1.0,2407.6597,3946.0102,1.0,0.0,0.3476,nan,4087,0.073,0.4256,0.9742,0,0,0.2959,0.0,0.2959,0.0,0.3863,0.6108,0.1776
None-gene-54037722,JASKUS010000001.1,4731,54744915,1.0,2407.6597,3946.0102,1.0,0.0,0.3476,nan,144,0.0014,-0.5737,0.9742,0,0,0.2199,0.0019,0.2199,0.0019,0.5347,0.8873,4.4755
None-gene-54054117,JASKUS010000001.1,4731,54744915,1.0,2407.6597,3946.0102,1.0,0.0,0.3476,nan,4725,0.0846,0.5873,0.9749,0,0,0.4506,0.0,0.4506,0.0,0.3934,0.624,0.3827
None-gene-54056572,JASKUS010000001.1,4731,54744915,1.0,2407.6597,3946.0102,1.0,0.0,0.3476,nan,240,0.0032,-0.5493,0.9749,0,0,0.0087,0.9014,0.0087,0.9014,0.3875,0.6131,0.2126
None-gene-54082157,JASKUS010000001.1,4731,54744915,1.0,2407.6597,3946.0102,1.0,0.0,0.3476,nan,2517,0.0445,0.0277,0.9759,0,0,0.2663,0.0,0.2663,0.0,0.4497,0.729,2.0149
None-gene-54098184,JASKUS010000001.1,4731,54744915,1.0,2407.6597,3946.0102,1.0,0.0,0.3476,nan,444,0.0069,-0.4976,0.9764,0,0,0.0113,0.8595,0.0113,0.8595,0.3919,0.6213,0.3398
None-gene-54099272,JASKUS010000001.1,4731,54744915,1.0,2407.6597,3946.0102,1.0,0.0,0.3476,nan,682,0.0112,-0.4373,0.9764,0,0,0.1919,0.002,0.1919,0.002,0.4413,0.7134,1.7718
None-gene-54103268,JASKUS010000001.1,4731,54744915,1.0,2407.6597,3946.0102,1.0,0.0,0.3476,nan,264,0.0036,-0.5432,0.9766,0,0,-0.0993,0.1477,-0.0993,0.1477,0.3598,0.5616,-0.5881
None-gene-54111263,JASKUS010000001.1,4731,54744915,1.0,2407.6597,3946.0102,1.0,0.0,0.3476,nan,627,0.0102,-0.4513,0.9769,0,0,0.1996,0.0015,0.1996,0.0015,0.4131,0.6607,0.9532
None-gene-54138358,JASKUS010000001.1,4731,54744915,1.0,2407.6597,3946.0102,1.0,0.0,0.3476,nan,439,0.0068,-0.4989,0.9779,0,0,-0.0181,0.779,-0.0181,0.779,0.3728,0.5857,-0.2136
None-gene-54140653,JASKUS010000001.1,4731,54744915,1.0,2407.6597,3946.0102,1.0,0.0,0.3476,nan,411,0.0063,-0.506,0.9779,0,0,0.1558,0.0125,0.1558,0.0125,0.4964,0.8158,3.3645
None-gene-54159851,JASKUS010000001.1,4731,54744915,1.0,2407.6597,3946.0102,1.0,0.0,0.3476,nan,204,0.0025,-0.5585,0.9786,0,0,0.0314,0.6591,0.0314,0.6591,0.4804,0.7861,2.9024
None-gene-54160345,JASKUS010000001.1,4731,54744915,1.0,2407.6597,3946.0102,1.0,0.0,0.3476,nan,126,0.0011,-0.5782,0.9786,0,0,-0.1038,0.1754,-0.1038,0.1754,0.3889,0.6157,0.2528
None-gene-54174107,JASKUS010000001.1,4731,54744915,1.0,2407.6597,3946.0102,1.0,0.0,0.3476,nan,252,0.0034,-0.5463,0.9792,0,0,0.191,0.0046,0.191,0.0046,0.4206,0.6748,1.1721
None-gene-54175558,JASKUS010000001.1,4731,54744915,1.0,2407.6597,3946.0102,1.0,0.0,0.3476,nan,693,0.0114,-0.4345,0.9792,0,0,0.1612,0.0098,0.1612,0.0098,0.4329,0.6976,1.5272
None-gene-54176508,JASKUS010000001.1,4731,54744915,1.0,2407.6597,3946.0102,1.0,0.0,0.3476,nan,684,0.0112,-0.4368,0.9793,0,0,-0.0015,0.9806,-0.0015,0.9806,0.4196,0.6729,1.1418
None-gene-54184759,JASKUS010000001.1,4731,54744915,1.0,2407.6597,3946.0102,1.0,0.0,0.3476,nan,531,0.0084,-0.4756,0.9796,0,0,0.0365,0.5613,0.0365,0.5613,0.4132,0.661,0.957
None-gene-54192380,JASKUS010000001.1,4731,54744915,1.0,2407.6597,3946.0102,1.0,0.0,0.3476,nan,1005,0.017,-0.3555,0.9799,0,0,0.1897,0.0023,0.1897,0.0023,0.3781,0.5956,-0.0593
None-gene-54193526,JASKUS010000001.1,4731,54744915,1.0,2407.6597,3946.0102,1.0,0.0,0.3476,nan,270,0.0037,-0.5417,0.9799,0,0,-0.0029,0.9637,-0.0029,0.9637,0.3815,0.6019,0.0383
None-gene-54201789,JASKUS010000001.1,4731,54744915,1.0,2407.6597,3946.0102,1.0,0.0,0.3476,nan,499,0.0079,-0.4837,0.9802,0,0,0.0802,0.2219,0.0802,0.2219,0.4035,0.6429,0.6762
None-gene-54204314,JASKUS010000001.1,4731,54744915,1.0,2407.6597,3946.0102,1.0,0.0,0.3476,nan,120,0.001,-0.5797,0.9803,0,0,0.0819,0.3046,0.0819,0.3046,0.4583,0.745,2.2636
None-gene-54204917,JASKUS010000001.1,4731,54744915,1.0,2407.6597,3946.0102,1.0,0.0,0.3476,nan,1175,0.0201,-0.3124,0.9803,0,0,0.233,0.0002,0.233,0.0002,0.4267,0.686,1.3467
None-gene-54211656,JASKUS010000001.1,4731,54744915,1.0,2407.6597,3946.0102,1.0,0.0,0.3476,nan,573,0.0092,-0.4649,0.9805,0,0,-0.0816,0.1934,-0.0816,0.1934,0.4607,0.7495,2.3331
None-gene-54213618,JASKUS010000001.1,4731,54744915,1.0,2407.6597,3946.0102,1.0,0.0,0.3476,nan,313,0.0045,-0.5308,0.9806,0,0,0.0192,0.7635,0.0192,0.7635,0.4153,0.6649,1.0186
None-gene-54214476,JASKUS010000001.1,4731,54744915,1.0,2407.6597,3946.0102,1.0,0.0,0.3476,nan,1017,0.0173,-0.3524,0.9807,0,0,-0.0146,0.8167,-0.0146,0.8167,0.4733,0.7729,2.6965
None-gene-54219939,JASKUS010000001.1,4731,54744915,1.0,2407.6597,3946.0102,1.0,0.0,0.3476,nan,906,0.0152,-0.3806,0.9809,0,0,0.1752,0.0049,0.1752,0.0049,0.457,0.7424,2.2237
None-gene-54225026,JASKUS010000001.1,4731,54744915,1.0,2407.6597,3946.0102,1.0,0.0,0.3476,nan,466,0.0073,-0.4921,0.981,0,0,-0.0364,0.562,-0.0364,0.562,0.4313,0.6947,1.4818
None-gene-54227660,JASKUS010000001.1,4731,54744915,1.0,2407.6597,3946.0102,1.0,0.0,0.3476,nan,213,0.0027,-0.5562,0.9811,0,0,-0.1479,0.0219,-0.1479,0.0219,0.4695,0.7658,2.5865
None-gene-54231621,JASKUS010000001.1,4731,54744915,1.0,2407.6597,3946.0102,1.0,0.0,0.3476,nan,216,0.0027,-0.5554,0.9813,0,0,-0.0385,0.5522,-0.0385,0.5522,0.463,0.7536,2.3977
None-gene-54234490,JASKUS010000001.1,4731,54744915,1.0,2407.6597,3946.0102,1.0,0.0,0.3476,nan,529,0.0084,-0.4761,0.9814,0,0,-0.0081,0.8991,-0.0081,0.8991,0.366,0.573,-0.4109
None-gene-54235686,JASKUS010000001.1,4731,54744915,1.0,2407.6597,3946.0102,1.0,0.0,0.3476,nan,207,0.0026,-0.5577,0.9814,0,0,0.0012,0.9859,0.0012,0.9859,0.4734,0.7731,2.7008
None-gene-54237523,JASKUS010000001.1,4731,54744915,1.0,2407.6597,3946.0102,1.0,0.0,0.3476,nan,1418,0.0245,-0.2508,0.9815,0,0,0.1536,0.0139,0.1536,0.0139,0.4647,0.7569,2.4491
None-gene-54242363,JASKUS010000001.1,4731,54744915,1.0,2407.6597,3946.0102,1.0,0.0,0.3476,nan,177,0.002,-0.5653,0.9816,0,0,-0.1008,0.1544,-0.1008,0.1544,0.4859,0.7963,3.0612
None-gene-54299694,JASKUS010000001.1,4731,54744915,1.0,2407.6597,3946.0102,1.0,0.0,0.3476,nan,132,0.0012,-0.5767,0.9837,0,0,0.2269,0.0054,0.2269,0.0054,0.3864,0.611,0.1797
None-gene-54313249,JASKUS010000001.1,4731,54744915,1.0,2407.6597,3946.0102,1.0,0.0,0.3476,nan,186,0.0022,-0.563,0.9842,0,0,-0.1982,0.0017,-0.1982,0.0017,0.4731,0.7725,2.6918
None-gene-54325284,JASKUS010000001.1,4731,54744915,1.0,2407.6597,3946.0102,1.0,0.0,0.3476,nan,765,0.0127,-0.4163,0.9847,0,0,0.1092,0.0811,0.1092,0.0811,0.406,0.6476,0.7487
None-gene-54340969,JASKUS010000001.1,4731,54744915,1.0,2407.6597,3946.0102,1.0,0.0,0.3476,nan,820,0.0137,-0.4023,0.9853,0,0,0.052,0.4074,0.052,0.4074,0.4097,0.6544,0.8548
None-gene-54344551,JASKUS010000001.1,4731,54744915,1.0,2407.6597,3946.0102,1.0,0.0,0.3476,nan,84,0.0003,-0.5889,0.9854,0,0,-0.0676,0.4293,-0.0676,0.4293,0.4762,0.7783,2.7807
None-gene-54345382,JASKUS010000001.1,4731,54744915,1.0,2407.6597,3946.0102,1.0,0.0,0.3476,nan,684,0.0112,-0.4368,0.9854,0,0,0.1232,0.0489,0.1232,0.0489,0.4561,0.7409,2.2001
None-gene-54345410,JASKUS010000001.1,4731,54744915,1.0,2407.6597,3946.0102,1.0,0.0,0.3476,nan,375,0.0056,-0.5151,0.9854,0,0,0.0382,0.5616,0.0382,0.5616,0.496,0.8152,3.3543
None-gene-54361774,JASKUS010000001.1,4731,54744915,1.0,2407.6597,3946.0102,1.0,0.0,0.3476,nan,546,0.0087,-0.4718,0.986,0,0,0.1724,0.0074,0.1724,0.0074,0.4215,0.6765,1.1978
None-gene-54366035,JASKUS010000001.1,4731,54744915,1.0,2407.6597,3946.0102,1.0,0.0,0.3476,nan,147,0.0015,-0.5729,0.9862,0,0,0.2373,0.0009,0.2373,0.0009,0.3673,0.5755,-0.3709
None-gene-54395891,JASKUS010000001.1,4731,54744915,1.0,2407.6597,3946.0102,1.0,0.0,0.3476,nan,216,0.0027,-0.5554,0.9873,0,0,0.1533,0.0212,0.1533,0.0212,0.4028,0.6415,0.655
None-gene-54397949,JASKUS010000001.1,4731,54744915,1.0,2407.6597,3946.0102,1.0,0.0,0.3476,nan,429,0.0066,-0.5014,0.9873,0,0,0.2447,0.0001,0.2447,0.0001,0.4289,0.6902,1.4115
None-gene-54398951,JASKUS010000001.1,4731,54744915,1.0,2407.6597,3946.0102,1.0,0.0,0.3476,nan,591,0.0095,-0.4604,0.9874,0,0,0.0632,0.314,0.0632,0.314,0.3604,0.5626,-0.5719
None-gene-54401436,JASKUS010000001.1,4731,54744915,1.0,2407.6597,3946.0102,1.0,0.0,0.3476,nan,324,0.0047,-0.528,0.9875,0,0,0.0659,0.3015,0.0659,0.3015,0.3735,0.5869,-0.194
None-gene-54421291,JASKUS010000001.1,4731,54744915,1.0,2407.6597,3946.0102,1.0,0.0,0.3476,nan,920,0.0155,-0.377,0.9882,0,0,0.1243,0.0469,0.1243,0.0469,0.4561,0.7408,2.1989
None-gene-54423979,JASKUS010000001.1,4731,54744915,1.0,2407.6597,3946.0102,1.0,0.0,0.3476,nan,618,0.01,-0.4535,0.9883,0,0,0.0393,0.5312,0.0393,0.5312,0.4498,0.7292,2.0177
None-gene-54425037,JASKUS010000001.1,4731,54744915,1.0,2407.6597,3946.0102,1.0,0.0,0.3476,nan,123,0.001,-0.579,0.9883,0,0,-0.1793,0.0315,-0.1793,0.0315,0.4228,0.6788,1.2337
None-gene-54426850,JASKUS010000001.1,4731,54744915,1.0,2407.6597,3946.0102,1.0,0.0,0.3476,nan,617,0.01,-0.4538,0.9884,0,0,0.0711,0.2571,0.0711,0.2571,0.4068,0.649,0.7717
None-gene-54429683,JASKUS010000001.1,4731,54744915,1.0,2407.6597,3946.0102,1.0,0.0,0.3476,nan,195,0.0023,-0.5607,0.9885,0,0,0.0112,0.8712,0.0112,0.8712,0.4872,0.7987,3.0989
None-gene-54430629,JASKUS010000001.1,4731,54744915,1.0,2407.6597,3946.0102,1.0,0.0,0.3476,nan,744,0.0123,-0.4216,0.9885,0,0,-0.093,0.1379,-0.093,0.1379,0.4879,0.8001,3.1199
None-gene-54431008,JASKUS010000001.1,4731,54744915,1.0,2407.6597,3946.0102,1.0,0.0,0.3476,nan,330,0.0048,-0.5265,0.9885,0,0,-0.097,0.1275,-0.097,0.1275,0.5061,0.8339,3.6456
None-gene-54432398,JASKUS010000001.1,4731,54744915,1.0,2407.6597,3946.0102,1.0,0.0,0.3476,nan,393,0.0059,-0.5106,0.9886,0,0,-0.1094,0.1003,-0.1094,0.1003,0.4505,0.7304,2.0372
None-gene-54435035,JASKUS010000001.1,4731,54744915,1.0,2407.6597,3946.0102,1.0,0.0,0.3476,nan,432,0.0066,-0.5007,0.9887,0,0,0.045,0.4734,0.045,0.4734,0.463,0.7536,2.3977
None-gene-54444611,JASKUS010000001.1,4731,54744915,1.0,2407.6597,3946.0102,1.0,0.0,0.3476,nan,604,0.0098,-0.4571,0.9891,0,0,0.1259,0.0442,0.1259,0.0442,0.4669,0.7609,2.5113
None-gene-54445830,JASKUS010000001.1,4731,54744915,1.0,2407.6597,3946.0102,1.0,0.0,0.3476,nan,198,0.0024,-0.56,0.9891,0,0,-0.0025,0.9706,-0.0025,0.9706,0.4646,0.7568,2.4464
None-gene-54451420,JASKUS010000001.1,4731,54744915,1.0,2407.6597,3946.0102,1.0,0.0,0.3476,nan,318,0.0046,-0.5296,0.9893,0,0,0.0818,0.228,0.0818,0.228,0.4151,0.6645,1.0116
None-gene-54453314,JASKUS010000001.1,4731,54744915,1.0,2407.6597,3946.0102,1.0,0.0,0.3476,nan,429,0.0066,-0.5014,0.9894,0,0,0.1476,0.0181,0.1476,0.0181,0.4615,0.751,2.3565
None-gene-54463277,JASKUS010000001.1,4731,54744915,1.0,2407.6597,3946.0102,1.0,0.0,0.3476,nan,496,0.0078,-0.4845,0.9897,0,0,0.174,0.0053,0.174,0.0053,0.4173,0.6687,1.0766
None-gene-54463873,JASKUS010000001.1,4731,54744915,1.0,2407.6597,3946.0102,1.0,0.0,0.3476,nan,228,0.0029,-0.5524,0.9897,0,0,-0.0293,0.6458,-0.0293,0.6458,0.4474,0.7246,1.9461
None-gene-54481472,JASKUS010000001.1,4731,54744915,1.0,2407.6597,3946.0102,1.0,0.0,0.3476,nan,3157,0.0561,0.1899,0.9905,0,0,0.1625,0.0092,0.1625,0.0092,0.4425,0.7155,1.8054
None-gene-54483504,JASKUS010000001.1,4731,54744915,1.0,2407.6597,3946.0102,1.0,0.0,0.3476,nan,369,0.0055,-0.5166,0.9905,0,0,0.1834,0.0037,0.1834,0.0037,0.4607,0.7494,2.3323
None-gene-54489340,JASKUS010000001.1,4731,54744915,1.0,2407.6597,3946.0102,1.0,0.0,0.3476,nan,165,0.0018,-0.5683,0.9907,0,0,-0.1569,0.0325,-0.1569,0.0325,0.3758,0.5912,-0.1274
None-gene-54498633,JASKUS010000001.1,4731,54744915,1.0,2407.6597,3946.0102,1.0,0.0,0.3476,nan,183,0.0021,-0.5638,0.991,0,0,0.0859,0.2216,0.0859,0.2216,0.3989,0.6343,0.5429
None-gene-54508986,JASKUS010000001.1,4731,54744915,1.0,2407.6597,3946.0102,1.0,0.0,0.3476,nan,324,0.0047,-0.528,0.9914,0,0,-0.0234,0.7089,-0.0234,0.7089,0.4228,0.6789,1.2359
None-gene-54514157,JASKUS010000001.1,4731,54744915,1.0,2407.6597,3946.0102,1.0,0.0,0.3476,nan,153,0.0016,-0.5714,0.9916,0,0,-0.138,0.0694,-0.138,0.0694,0.3856,0.6096,0.1582
None-gene-54536508,JASKUS010000001.1,4731,54744915,1.0,2407.6597,3946.0102,1.0,0.0,0.3476,nan,219,0.0028,-0.5547,0.9924,0,0,0.054,0.4203,0.054,0.4203,0.4292,0.6908,1.4208
None-gene-54542709,JASKUS010000001.1,4731,54744915,1.0,2407.6597,3946.0102,1.0,0.0,0.3476,nan,243,0.0032,-0.5486,0.9926,0,0,0.0318,0.6454,0.0318,0.6454,0.4033,0.6425,0.6699
None-gene-54549613,JASKUS010000001.1,4731,54744915,1.0,2407.6597,3946.0102,1.0,0.0,0.3476,nan,653,0.0107,-0.4447,0.9929,0,0,0.1505,0.0175,0.1505,0.0175,0.4195,0.6727,1.1401
None-gene-54562729,JASKUS010000001.1,4731,54744915,1.0,2407.6597,3946.0102,1.0,0.0,0.3476,nan,1502,0.0261,-0.2295,0.9934,0,0,-0.0028,0.9646,-0.0028,0.9646,0.4416,0.7139,1.7799
None-gene-54569802,JASKUS010000001.1,4731,54744915,1.0,2407.6597,3946.0102,1.0,0.0,0.3476,nan,880,0.0148,-0.3871,0.9936,0,0,0.1079,0.0849,0.1079,0.0849,0.4449,0.7199,1.8739
None-gene-54569878,JASKUS010000001.1,4731,54744915,1.0,2407.6597,3946.0102,1.0,0.0,0.3476,nan,427,0.0066,-0.5019,0.9936,0,0,-0.152,0.0183,-0.152,0.0183,0.419,0.6717,1.1236
None-gene-54571137,JASKUS010000001.1,4731,54744915,1.0,2407.6597,3946.0102,1.0,0.0,0.3476,nan,753,0.0125,-0.4193,0.9937,0,0,0.2894,0.0,0.2894,0.0,0.4104,0.6558,0.8761
None-gene-54572647,JASKUS010000001.1,4731,54744915,1.0,2407.6597,3946.0102,1.0,0.0,0.3476,nan,543,0.0087,-0.4725,0.9937,0,0,0.046,0.4639,0.046,0.4639,0.4176,0.6692,1.0844
None-gene-54572678,JASKUS010000001.1,4731,54744915,1.0,2407.6597,3946.0102,1.0,0.0,0.3476,nan,180,0.0021,-0.5645,0.9937,0,0,0.0772,0.2724,0.0772,0.2724,0.4056,0.6467,0.7354
None-gene-54576890,JASKUS010000001.1,4731,54744915,1.0,2407.6597,3946.0102,1.0,0.0,0.3476,nan,297,0.0042,-0.5349,0.9939,0,0,0.0717,0.2821,0.0717,0.2821,0.4478,0.7254,1.959
None-gene-54577449,JASKUS010000001.1,4731,54744915,1.0,2407.6597,3946.0102,1.0,0.0,0.3476,nan,3668,0.0654,0.3194,0.994,0,0,0.3874,0.0,0.3874,0.0,0.3561,0.5547,-0.6957
None-gene-54579134,JASKUS010000001.1,4731,54744915,1.0,2407.6597,3946.0102,1.0,0.0,0.3476,nan,255,0.0034,-0.5455,0.994,0,0,0.0436,0.5168,0.0436,0.5168,0.3686,0.5779,-0.3339
None-gene-54579507,JASKUS010000001.1,4731,54744915,1.0,2407.6597,3946.0102,1.0,0.0,0.3476,nan,276,0.0038,-0.5402,0.994,0,0,-0.0221,0.7404,-0.0221,0.7404,0.3986,0.6337,0.5326
None-gene-54581583,JASKUS010000001.1,4731,54744915,1.0,2407.6597,3946.0102,1.0,0.0,0.3476,nan,462,0.0072,-0.4931,0.994,0,0,-0.0087,0.8948,-0.0087,0.8948,0.4524,0.7339,2.0913
None-gene-54581609,JASKUS010000001.1,4731,54744915,1.0,2407.6597,3946.0102,1.0,0.0,0.3476,nan,237,0.0031,-0.5501,0.994,0,0,-0.0837,0.2384,-0.0837,0.2384,0.4515,0.7322,2.0651
None-gene-54589047,JASKUS010000001.1,4731,54744915,1.0,2407.6597,3946.0102,1.0,0.0,0.3476,nan,327,0.0047,-0.5273,0.9943,0,0,0.1165,0.0747,0.1165,0.0747,0.4098,0.6546,0.8579
None-gene-54602868,JASKUS010000001.1,4731,54744915,1.0,2407.6597,3946.0102,1.0,0.0,0.3476,nan,430,0.0066,-0.5012,0.9948,0,0,-0.0591,0.3597,-0.0591,0.3597,0.4302,0.6927,1.45
None-gene-54603911,JASKUS010000001.1,4731,54744915,1.0,2407.6597,3946.0102,1.0,0.0,0.3476,nan,123,0.001,-0.579,0.9949,0,0,-0.0552,0.5019,-0.0552,0.5019,0.3821,0.6031,0.0566
None-gene-54623000,JASKUS010000001.1,4731,54744915,1.0,2407.6597,3946.0102,1.0,0.0,0.3476,nan,252,0.0034,-0.5463,0.9956,0,0,0.0459,0.4852,0.0459,0.4852,0.3889,0.6157,0.2528
None-gene-54624765,JASKUS010000001.1,4731,54744915,1.0,2407.6597,3946.0102,1.0,0.0,0.3476,nan,282,0.0039,-0.5387,0.9956,0,0,0.0514,0.4206,0.0514,0.4206,0.4342,0.7,1.5638
None-gene-54635867,JASKUS010000001.1,4731,54744915,1.0,2407.6597,3946.0102,1.0,0.0,0.3476,nan,237,0.0031,-0.5501,0.996,0,0,0.1993,0.0027,0.1993,0.0027,0.4008,0.6379,0.599
None-gene-54638779,JASKUS010000001.1,4731,54744915,1.0,2407.6597,3946.0102,1.0,0.0,0.3476,nan,168,0.0019,-0.5676,0.9961,0,0,-0.0075,0.9154,-0.0075,0.9154,0.4524,0.7339,2.0913
None-gene-54638959,JASKUS010000001.1,4731,54744915,1.0,2407.6597,3946.0102,1.0,0.0,0.3476,nan,216,0.0027,-0.5554,0.9961,0,0,0.0451,0.4928,0.0451,0.4928,0.3935,0.6243,0.3869
None-gene-54655532,JASKUS010000001.1,4731,54744915,1.0,2407.6597,3946.0102,1.0,0.0,0.3476,nan,114,0.0009,-0.5813,0.9967,0,0,-0.004,0.9606,-0.004,0.9606,0.4035,0.6429,0.6762
None-gene-54659583,JASKUS010000001.1,4731,54744915,1.0,2407.6597,3946.0102,1.0,0.0,0.3476,nan,511,0.0081,-0.4807,0.9969,0,0,0.07,0.2647,0.07,0.2647,0.3914,0.6203,0.3252
None-gene-54677072,JASKUS010000001.1,4731,54744915,1.0,2407.6597,3946.0102,1.0,0.0,0.3476,nan,898,0.0151,-0.3826,0.9976,0,0,0.2284,0.0003,0.2284,0.0003,0.4599,0.7479,2.3086
None-gene-54689015,JASKUS010000001.1,4731,54744915,1.0,2407.6597,3946.0102,1.0,0.0,0.3476,nan,393,0.0059,-0.5106,0.998,0,0,0.1038,0.108,0.1038,0.108,0.4249,0.6828,1.2966
None-gene-54690975,JASKUS010000001.1,4731,54744915,1.0,2407.6597,3946.0102,1.0,0.0,0.3476,nan,141,0.0014,-0.5744,0.998,0,0,0.0995,0.2388,0.0995,0.2388,0.3333,0.5122,-1.3558
None-gene-54693925,JASKUS010000001.1,4731,54744915,1.0,2407.6597,3946.0102,1.0,0.0,0.3476,nan,573,0.0092,-0.4649,0.9982,0,0,0.1046,0.0949,0.1046,0.0949,0.3822,0.6032,0.0591
None-gene-54696261,JASKUS010000001.1,4731,54744915,1.0,2407.6597,3946.0102,1.0,0.0,0.3476,nan,406,0.0062,-0.5073,0.9982,0,0,0.0801,0.2153,0.0801,0.2153,0.3842,0.607,0.1181
None-gene-54705962,JASKUS010000001.1,4731,54744915,1.0,2407.6597,3946.0102,1.0,0.0,0.3476,nan,595,0.0096,-0.4594,0.9986,0,0,0.1994,0.0019,0.1994,0.0019,0.4218,0.6771,1.2072
None-gene-54708060,JASKUS010000001.1,4731,54744915,1.0,2407.6597,3946.0102,1.0,0.0,0.3476,nan,192,0.0023,-0.5615,0.9987,0,0,0.0616,0.3579,0.0616,0.3579,0.4583,0.745,2.2636
None-gene-54714483,JASKUS010000001.1,4731,54744915,1.0,2407.6597,3946.0102,1.0,0.0,0.3476,nan,522,0.0083,-0.4779,0.9989,0,0,0.0259,0.6847,0.0259,0.6847,0.41,0.6549,0.863
None-gene-54715468,JASKUS010000001.1,4731,54744915,1.0,2407.6597,3946.0102,1.0,0.0,0.3476,nan,384,0.0058,-0.5128,0.9989,0,0,-0.0317,0.63,-0.0317,0.63,0.3698,0.5801,-0.3001
None-gene-54722025,JASKUS010000001.1,4731,54744915,1.0,2407.6597,3946.0102,1.0,0.0,0.3476,nan,414,0.0063,-0.5052,0.9992,0,0,0.0382,0.5605,0.0382,0.5605,0.4203,0.6742,1.1621
None-gene-54726360,JASKUS010000001.1,4731,54744915,1.0,2407.6597,3946.0102,1.0,0.0,0.3476,nan,129,0.0011,-0.5775,0.9993,0,0,0.1259,0.1209,0.1259,0.1209,0.3566,0.5555,-0.6824
None-gene-54744691,JASKUS010000001.1,4731,54744915,1.0,2407.6597,3946.0102,1.0,0.0,0.3476,nan,174,0.002,-0.5661,1.0,1,0,-0.0469,0.5151,-0.0469,0.5151,0.3793,0.5978,-0.0245
