locus_tag	ftype	length_bp	gene	EC_number	COG	product
LONINKCB_00001	CDS	210				hypothetical protein
LONINKCB_00002	CDS	192				hypothetical protein
LONINKCB_00003	CDS	252				hypothetical protein
LONINKCB_00004	CDS	198				hypothetical protein
LONINKCB_00005	CDS	153				hypothetical protein
LONINKCB_00006	CDS	240				hypothetical protein
LONINKCB_00007	CDS	216				hypothetical protein
LONINKCB_00008	CDS	228				hypothetical protein
LONINKCB_00009	CDS	300				hypothetical protein
LONINKCB_00010	CDS	294				hypothetical protein
LONINKCB_00011	CDS	264				hypothetical protein
LONINKCB_00012	CDS	249				hypothetical protein
LONINKCB_00013	CDS	363				hypothetical protein
LONINKCB_00014	CDS	333				hypothetical protein
LONINKCB_00015	CDS	210				hypothetical protein
LONINKCB_00016	CDS	237				hypothetical protein
LONINKCB_00017	CDS	210				hypothetical protein
LONINKCB_00018	CDS	180				hypothetical protein
LONINKCB_00019	CDS	201				hypothetical protein
LONINKCB_00020	CDS	366				hypothetical protein
LONINKCB_00021	CDS	198				hypothetical protein
LONINKCB_00022	CDS	300				hypothetical protein
LONINKCB_00023	CDS	168				hypothetical protein
LONINKCB_00024	CDS	207				hypothetical protein
LONINKCB_00025	CDS	165				hypothetical protein
LONINKCB_00026	CDS	201				hypothetical protein
LONINKCB_00027	CDS	339				hypothetical protein
LONINKCB_00028	CDS	165				hypothetical protein
LONINKCB_00029	CDS	405				hypothetical protein
LONINKCB_00030	CDS	228				hypothetical protein
LONINKCB_00031	CDS	159				hypothetical protein
LONINKCB_00032	CDS	225				hypothetical protein
LONINKCB_00033	CDS	372				hypothetical protein
LONINKCB_00034	CDS	309				hypothetical protein
LONINKCB_00035	CDS	291				hypothetical protein
LONINKCB_00036	CDS	237				hypothetical protein
LONINKCB_00037	CDS	255				hypothetical protein
LONINKCB_00038	CDS	231				hypothetical protein
LONINKCB_00039	CDS	291				hypothetical protein
LONINKCB_00040	CDS	249				hypothetical protein
LONINKCB_00041	CDS	231				hypothetical protein
LONINKCB_00042	CDS	198				hypothetical protein
LONINKCB_00043	CDS	300				hypothetical protein
LONINKCB_00044	CDS	141				hypothetical protein
LONINKCB_00045	CDS	150				hypothetical protein
LONINKCB_00046	CDS	234				hypothetical protein
LONINKCB_00047	CDS	228				hypothetical protein
LONINKCB_00048	CDS	237				hypothetical protein
LONINKCB_00049	CDS	198				hypothetical protein
LONINKCB_00050	CDS	201				hypothetical protein
LONINKCB_00051	CDS	123				hypothetical protein
LONINKCB_00052	CDS	846				hypothetical protein
LONINKCB_00053	CDS	297				hypothetical protein
LONINKCB_00054	CDS	402				hypothetical protein
LONINKCB_00055	CDS	507				hypothetical protein
LONINKCB_00056	CDS	210				hypothetical protein
LONINKCB_00057	CDS	168				hypothetical protein
LONINKCB_00058	CDS	180				hypothetical protein
LONINKCB_00059	CDS	231				hypothetical protein
LONINKCB_00060	CDS	255				hypothetical protein
LONINKCB_00061	CDS	294				hypothetical protein
LONINKCB_00062	CDS	192				hypothetical protein
LONINKCB_00063	CDS	186				hypothetical protein
LONINKCB_00064	CDS	231				hypothetical protein
LONINKCB_00065	CDS	297				hypothetical protein
LONINKCB_00066	CDS	219				hypothetical protein
LONINKCB_00067	CDS	228				hypothetical protein
LONINKCB_00068	CDS	171				hypothetical protein
LONINKCB_00069	CDS	258				hypothetical protein
LONINKCB_00070	CDS	174				hypothetical protein
LONINKCB_00071	CDS	207				hypothetical protein
LONINKCB_00072	CDS	177				hypothetical protein
LONINKCB_00073	CDS	420				hypothetical protein
LONINKCB_00074	CDS	225				hypothetical protein
LONINKCB_00075	CDS	243				hypothetical protein
LONINKCB_00076	CDS	210				hypothetical protein
LONINKCB_00077	CDS	303				hypothetical protein
LONINKCB_00078	CDS	261				hypothetical protein
LONINKCB_00079	CDS	447				hypothetical protein
LONINKCB_00080	CDS	213				hypothetical protein
LONINKCB_00081	CDS	210				hypothetical protein
LONINKCB_00082	CDS	213				hypothetical protein
LONINKCB_00083	CDS	225				hypothetical protein
LONINKCB_00084	CDS	306				hypothetical protein
LONINKCB_00085	CDS	237				hypothetical protein
LONINKCB_00086	CDS	189				hypothetical protein
LONINKCB_00087	CDS	231				hypothetical protein
LONINKCB_00088	CDS	180				hypothetical protein
LONINKCB_00089	CDS	213				hypothetical protein
LONINKCB_00090	CDS	213				hypothetical protein
LONINKCB_00091	CDS	339				hypothetical protein
LONINKCB_00092	CDS	234				hypothetical protein
LONINKCB_00093	CDS	534				hypothetical protein
LONINKCB_00094	CDS	273				hypothetical protein
LONINKCB_00095	CDS	288				hypothetical protein
LONINKCB_00096	CDS	201				hypothetical protein
LONINKCB_00097	CDS	207				hypothetical protein
LONINKCB_00098	CDS	216				hypothetical protein
LONINKCB_00099	CDS	201				hypothetical protein
LONINKCB_00100	CDS	222				hypothetical protein
LONINKCB_00101	CDS	177				hypothetical protein
LONINKCB_00102	CDS	309				hypothetical protein
LONINKCB_00103	CDS	183				hypothetical protein
LONINKCB_00104	CDS	303				hypothetical protein
LONINKCB_00105	CDS	228				hypothetical protein
LONINKCB_00106	CDS	240				hypothetical protein
LONINKCB_00107	CDS	198				hypothetical protein
LONINKCB_00108	CDS	258				hypothetical protein
LONINKCB_00109	CDS	267				hypothetical protein
LONINKCB_00110	CDS	243				hypothetical protein
LONINKCB_00111	CDS	237				hypothetical protein
LONINKCB_00112	CDS	147				hypothetical protein
LONINKCB_00113	CDS	246				hypothetical protein
LONINKCB_00114	CDS	318				hypothetical protein
LONINKCB_00115	CDS	321				hypothetical protein
LONINKCB_00116	CDS	219				hypothetical protein
LONINKCB_00117	CDS	261				hypothetical protein
LONINKCB_00118	CDS	171				hypothetical protein
LONINKCB_00119	CDS	213				hypothetical protein
LONINKCB_00120	CDS	207				hypothetical protein
LONINKCB_00121	CDS	420				hypothetical protein
LONINKCB_00122	CDS	255				hypothetical protein
LONINKCB_00123	CDS	231				hypothetical protein
LONINKCB_00124	CDS	159				hypothetical protein
LONINKCB_00125	CDS	165				hypothetical protein
LONINKCB_00126	CDS	270				hypothetical protein
LONINKCB_00127	CDS	210				hypothetical protein
LONINKCB_00128	CDS	351				hypothetical protein
LONINKCB_00129	CDS	213				hypothetical protein
LONINKCB_00130	CDS	210				hypothetical protein
LONINKCB_00131	CDS	213				hypothetical protein
LONINKCB_00132	CDS	255				hypothetical protein
LONINKCB_00133	CDS	237				hypothetical protein
LONINKCB_00134	CDS	168				hypothetical protein
LONINKCB_00135	CDS	189				hypothetical protein
LONINKCB_00136	CDS	231				hypothetical protein
LONINKCB_00137	CDS	210				hypothetical protein
LONINKCB_00138	CDS	213				hypothetical protein
LONINKCB_00139	CDS	213				hypothetical protein
LONINKCB_00140	CDS	225				hypothetical protein
LONINKCB_00141	CDS	192				hypothetical protein
LONINKCB_00142	CDS	258				hypothetical protein
LONINKCB_00143	CDS	288				hypothetical protein
LONINKCB_00144	CDS	183				hypothetical protein
LONINKCB_00145	CDS	303				hypothetical protein
LONINKCB_00146	CDS	207				hypothetical protein
LONINKCB_00147	CDS	237				hypothetical protein
LONINKCB_00148	CDS	276				hypothetical protein
LONINKCB_00149	CDS	156				hypothetical protein
LONINKCB_00150	CDS	270				hypothetical protein
LONINKCB_00151	CDS	315				hypothetical protein
LONINKCB_00152	CDS	183				hypothetical protein
LONINKCB_00153	CDS	198				hypothetical protein
LONINKCB_00154	CDS	495				hypothetical protein
LONINKCB_00155	CDS	516				hypothetical protein
LONINKCB_00156	CDS	183				hypothetical protein
LONINKCB_00157	CDS	285				hypothetical protein
LONINKCB_00158	CDS	330				hypothetical protein
LONINKCB_00159	CDS	201				hypothetical protein
LONINKCB_00160	CDS	174				hypothetical protein
LONINKCB_00161	CDS	222				hypothetical protein
LONINKCB_00162	CDS	237				hypothetical protein
LONINKCB_00163	CDS	258				hypothetical protein
LONINKCB_00164	CDS	234				hypothetical protein
LONINKCB_00165	CDS	228				hypothetical protein
LONINKCB_00166	CDS	195				hypothetical protein
LONINKCB_00167	CDS	216				hypothetical protein
LONINKCB_00168	CDS	231				hypothetical protein
LONINKCB_00169	CDS	192				hypothetical protein
LONINKCB_00170	CDS	165				hypothetical protein
LONINKCB_00171	CDS	258				hypothetical protein
LONINKCB_00172	CDS	228				hypothetical protein
LONINKCB_00173	CDS	246				hypothetical protein
LONINKCB_00174	CDS	225				hypothetical protein
LONINKCB_00175	CDS	312				hypothetical protein
LONINKCB_00176	CDS	246				hypothetical protein
LONINKCB_00177	CDS	270				hypothetical protein
LONINKCB_00178	CDS	279				hypothetical protein
LONINKCB_00179	CDS	234				hypothetical protein
LONINKCB_00180	CDS	315				hypothetical protein
LONINKCB_00181	CDS	321				hypothetical protein
LONINKCB_00182	CDS	201				hypothetical protein
LONINKCB_00183	CDS	342				hypothetical protein
LONINKCB_00184	CDS	177				hypothetical protein
LONINKCB_00185	CDS	375				hypothetical protein
LONINKCB_00186	CDS	216				hypothetical protein
LONINKCB_00187	CDS	183				hypothetical protein
LONINKCB_00188	CDS	222				hypothetical protein
LONINKCB_00189	CDS	243				hypothetical protein
LONINKCB_00190	CDS	222				hypothetical protein
LONINKCB_00191	CDS	420				hypothetical protein
LONINKCB_00192	CDS	222				hypothetical protein
LONINKCB_00193	CDS	147				hypothetical protein
LONINKCB_00194	CDS	231				hypothetical protein
LONINKCB_00195	CDS	231				hypothetical protein
LONINKCB_00196	CDS	249				hypothetical protein
LONINKCB_00197	CDS	237				hypothetical protein
LONINKCB_00198	CDS	273				hypothetical protein
LONINKCB_00199	CDS	180				hypothetical protein
LONINKCB_00200	CDS	192				hypothetical protein
LONINKCB_00201	CDS	165				hypothetical protein
LONINKCB_00202	CDS	174				hypothetical protein
LONINKCB_00203	CDS	243				hypothetical protein
LONINKCB_00204	CDS	258				hypothetical protein
LONINKCB_00205	CDS	480				hypothetical protein
LONINKCB_00206	CDS	237				hypothetical protein
LONINKCB_00207	CDS	285				hypothetical protein
LONINKCB_00208	CDS	255				hypothetical protein
LONINKCB_00209	CDS	177				hypothetical protein
LONINKCB_00210	CDS	294				hypothetical protein
LONINKCB_00211	CDS	273				hypothetical protein
LONINKCB_00212	CDS	201				hypothetical protein
LONINKCB_00213	CDS	294				hypothetical protein
LONINKCB_00214	CDS	234				hypothetical protein
LONINKCB_00215	CDS	225				hypothetical protein
LONINKCB_00216	CDS	474				hypothetical protein
LONINKCB_00217	CDS	201				hypothetical protein
LONINKCB_00218	CDS	249				hypothetical protein
LONINKCB_00219	CDS	159				hypothetical protein
LONINKCB_00220	CDS	249				hypothetical protein
LONINKCB_00221	CDS	198				hypothetical protein
LONINKCB_00222	CDS	216				hypothetical protein
LONINKCB_00223	CDS	267				hypothetical protein
LONINKCB_00224	CDS	228				hypothetical protein
LONINKCB_00225	CDS	258				hypothetical protein
LONINKCB_00226	CDS	192				hypothetical protein
LONINKCB_00227	CDS	222				hypothetical protein
LONINKCB_00228	CDS	216				hypothetical protein
LONINKCB_00229	CDS	465				hypothetical protein
LONINKCB_00230	CDS	183				hypothetical protein
LONINKCB_00231	CDS	201				hypothetical protein
LONINKCB_00232	CDS	237				hypothetical protein
LONINKCB_00233	CDS	195				hypothetical protein
LONINKCB_00234	CDS	273				hypothetical protein
LONINKCB_00235	CDS	228				hypothetical protein
LONINKCB_00236	CDS	480				hypothetical protein
LONINKCB_00237	CDS	213				hypothetical protein
LONINKCB_00238	CDS	186				hypothetical protein
LONINKCB_00239	CDS	255				hypothetical protein
LONINKCB_00240	CDS	195				hypothetical protein
LONINKCB_00241	CDS	282				hypothetical protein
LONINKCB_00242	CDS	195				hypothetical protein
LONINKCB_00243	CDS	177				hypothetical protein
LONINKCB_00244	CDS	198				hypothetical protein
LONINKCB_00245	CDS	246				hypothetical protein
LONINKCB_00246	CDS	339				hypothetical protein
LONINKCB_00247	CDS	306				hypothetical protein
LONINKCB_00248	CDS	270				hypothetical protein
LONINKCB_00249	CDS	195				hypothetical protein
LONINKCB_00250	CDS	231				hypothetical protein
LONINKCB_00251	CDS	165				hypothetical protein
LONINKCB_00252	CDS	204				hypothetical protein
LONINKCB_00253	CDS	276				hypothetical protein
LONINKCB_00254	CDS	207				hypothetical protein
LONINKCB_00255	CDS	183				hypothetical protein
LONINKCB_00256	CDS	351				hypothetical protein
LONINKCB_00257	CDS	213				hypothetical protein
LONINKCB_00258	CDS	171				hypothetical protein
LONINKCB_00259	CDS	216				hypothetical protein
LONINKCB_00260	CDS	315				hypothetical protein
LONINKCB_00261	CDS	207				hypothetical protein
LONINKCB_00262	CDS	204				hypothetical protein
LONINKCB_00263	CDS	261				hypothetical protein
LONINKCB_00264	tRNA	74				tRNA-Trp(cca)
LONINKCB_00265	CDS	186				hypothetical protein
LONINKCB_00266	CDS	225				hypothetical protein
LONINKCB_00267	CDS	174				hypothetical protein
LONINKCB_00268	CDS	216				hypothetical protein
LONINKCB_00269	CDS	186				hypothetical protein
LONINKCB_00270	CDS	324				hypothetical protein
LONINKCB_00271	CDS	216				hypothetical protein
LONINKCB_00272	CDS	369				hypothetical protein
LONINKCB_00273	CDS	291				hypothetical protein
LONINKCB_00274	CDS	192				hypothetical protein
LONINKCB_00275	CDS	183				hypothetical protein
LONINKCB_00276	CDS	183				hypothetical protein
LONINKCB_00277	CDS	261				hypothetical protein
LONINKCB_00278	CDS	234				hypothetical protein
LONINKCB_00279	CDS	237				hypothetical protein
LONINKCB_00280	CDS	234				hypothetical protein
LONINKCB_00281	CDS	300				hypothetical protein
LONINKCB_00282	CDS	219				hypothetical protein
LONINKCB_00283	CDS	264				hypothetical protein
LONINKCB_00284	CDS	294				hypothetical protein
LONINKCB_00285	CDS	189				hypothetical protein
LONINKCB_00286	CDS	240				hypothetical protein
LONINKCB_00287	CDS	153				hypothetical protein
LONINKCB_00288	CDS	219				hypothetical protein
LONINKCB_00289	CDS	222				hypothetical protein
LONINKCB_00290	CDS	198				hypothetical protein
LONINKCB_00291	CDS	216				hypothetical protein
LONINKCB_00292	CDS	204				hypothetical protein
LONINKCB_00293	CDS	486				hypothetical protein
LONINKCB_00294	CDS	192				hypothetical protein
LONINKCB_00295	CDS	321				hypothetical protein
LONINKCB_00296	CDS	240				hypothetical protein
LONINKCB_00297	CDS	543				hypothetical protein
LONINKCB_00298	CDS	582				hypothetical protein
LONINKCB_00299	CDS	237				hypothetical protein
LONINKCB_00300	CDS	252				hypothetical protein
LONINKCB_00301	CDS	291				hypothetical protein
LONINKCB_00302	CDS	411				hypothetical protein
LONINKCB_00303	CDS	192				hypothetical protein
LONINKCB_00304	CDS	372				hypothetical protein
LONINKCB_00305	CDS	270				hypothetical protein
LONINKCB_00306	CDS	234				hypothetical protein
LONINKCB_00307	CDS	357				hypothetical protein
LONINKCB_00308	CDS	168				hypothetical protein
LONINKCB_00309	CDS	192				hypothetical protein
LONINKCB_00310	CDS	228				hypothetical protein
LONINKCB_00311	CDS	180				hypothetical protein
LONINKCB_00312	CDS	177				hypothetical protein
LONINKCB_00313	CDS	255				hypothetical protein
LONINKCB_00314	CDS	198				hypothetical protein
LONINKCB_00315	CDS	303				hypothetical protein
LONINKCB_00316	CDS	303				hypothetical protein
LONINKCB_00317	CDS	216				hypothetical protein
LONINKCB_00318	CDS	228				hypothetical protein
LONINKCB_00319	CDS	369				hypothetical protein
LONINKCB_00320	CDS	213				hypothetical protein
LONINKCB_00321	CDS	234				hypothetical protein
LONINKCB_00322	CDS	186				hypothetical protein
LONINKCB_00323	CDS	189				hypothetical protein
LONINKCB_00324	CDS	252				hypothetical protein
LONINKCB_00325	CDS	258				hypothetical protein
LONINKCB_00326	CDS	186				hypothetical protein
LONINKCB_00327	CDS	252				hypothetical protein
LONINKCB_00328	CDS	237				hypothetical protein
LONINKCB_00329	CDS	363				hypothetical protein
LONINKCB_00330	CDS	294				hypothetical protein
LONINKCB_00331	CDS	219				hypothetical protein
LONINKCB_00332	CDS	228				hypothetical protein
LONINKCB_00333	CDS	255				hypothetical protein
LONINKCB_00334	CDS	273				hypothetical protein
LONINKCB_00335	CDS	327				hypothetical protein
LONINKCB_00336	CDS	222				hypothetical protein
LONINKCB_00337	CDS	273				hypothetical protein
LONINKCB_00338	CDS	255				hypothetical protein
LONINKCB_00339	CDS	273				hypothetical protein
LONINKCB_00340	CDS	327				hypothetical protein
LONINKCB_00341	CDS	534				hypothetical protein
LONINKCB_00342	CDS	1071				hypothetical protein
LONINKCB_00343	CDS	402				hypothetical protein
LONINKCB_00344	CDS	390				hypothetical protein
LONINKCB_00345	CDS	141				hypothetical protein
LONINKCB_00346	CDS	225				hypothetical protein
LONINKCB_00347	CDS	384				hypothetical protein
LONINKCB_00348	CDS	384				hypothetical protein
LONINKCB_00349	CDS	228				hypothetical protein
LONINKCB_00350	CDS	243				hypothetical protein
LONINKCB_00351	CDS	159				hypothetical protein
LONINKCB_00352	CDS	246				hypothetical protein
LONINKCB_00353	CDS	285				hypothetical protein
LONINKCB_00354	CDS	315				hypothetical protein
LONINKCB_00355	CDS	153				hypothetical protein
LONINKCB_00356	CDS	198				hypothetical protein
LONINKCB_00357	CDS	201				hypothetical protein
LONINKCB_00358	CDS	222				hypothetical protein
LONINKCB_00359	CDS	177				hypothetical protein
LONINKCB_00360	CDS	210				hypothetical protein
LONINKCB_00361	CDS	303				hypothetical protein
LONINKCB_00362	CDS	336				hypothetical protein
LONINKCB_00363	CDS	237				hypothetical protein
LONINKCB_00364	CDS	213				hypothetical protein
LONINKCB_00365	CDS	183				hypothetical protein
LONINKCB_00366	CDS	273				hypothetical protein
LONINKCB_00367	CDS	231				hypothetical protein
LONINKCB_00368	CDS	276				hypothetical protein
LONINKCB_00369	CDS	258				hypothetical protein
LONINKCB_00370	CDS	189				hypothetical protein
LONINKCB_00371	CDS	201				hypothetical protein
LONINKCB_00372	CDS	219				hypothetical protein
LONINKCB_00373	CDS	396				hypothetical protein
LONINKCB_00374	CDS	201				hypothetical protein
LONINKCB_00375	CDS	408				hypothetical protein
LONINKCB_00376	CDS	159				hypothetical protein
LONINKCB_00377	CDS	189				hypothetical protein
LONINKCB_00378	CDS	219				hypothetical protein
LONINKCB_00379	CDS	423				hypothetical protein
LONINKCB_00380	CDS	162				hypothetical protein
LONINKCB_00381	CDS	282				hypothetical protein
LONINKCB_00382	CDS	234				hypothetical protein
LONINKCB_00383	CDS	165				hypothetical protein
LONINKCB_00384	CDS	165				hypothetical protein
LONINKCB_00385	CDS	402				hypothetical protein
LONINKCB_00386	CDS	381				hypothetical protein
LONINKCB_00387	CDS	159				hypothetical protein
LONINKCB_00388	CDS	567				hypothetical protein
LONINKCB_00389	CDS	297				hypothetical protein
LONINKCB_00390	CDS	285				hypothetical protein
LONINKCB_00391	CDS	489				hypothetical protein
LONINKCB_00392	CDS	294				hypothetical protein
LONINKCB_00393	CDS	432				hypothetical protein
LONINKCB_00394	CDS	276				hypothetical protein
LONINKCB_00395	CDS	165				hypothetical protein
LONINKCB_00396	CDS	207				hypothetical protein
LONINKCB_00397	CDS	192				hypothetical protein
LONINKCB_00398	CDS	249				hypothetical protein
LONINKCB_00399	CDS	204				hypothetical protein
LONINKCB_00400	CDS	219				hypothetical protein
LONINKCB_00401	CDS	399				hypothetical protein
LONINKCB_00402	CDS	219				hypothetical protein
LONINKCB_00403	CDS	198				hypothetical protein
LONINKCB_00404	CDS	198				hypothetical protein
LONINKCB_00405	CDS	231				hypothetical protein
LONINKCB_00406	CDS	183				hypothetical protein
LONINKCB_00407	CDS	198				hypothetical protein
LONINKCB_00408	CDS	192				hypothetical protein
LONINKCB_00409	CDS	222				hypothetical protein
LONINKCB_00410	CDS	285				hypothetical protein
LONINKCB_00411	CDS	213				hypothetical protein
LONINKCB_00412	CDS	180				hypothetical protein
LONINKCB_00413	CDS	267				hypothetical protein
LONINKCB_00414	CDS	231				hypothetical protein
LONINKCB_00415	CDS	267				hypothetical protein
LONINKCB_00416	CDS	219				hypothetical protein
LONINKCB_00417	CDS	258				hypothetical protein
LONINKCB_00418	CDS	192				hypothetical protein
LONINKCB_00419	CDS	249				hypothetical protein
LONINKCB_00420	CDS	168				hypothetical protein
LONINKCB_00421	CDS	204				hypothetical protein
LONINKCB_00422	CDS	258				hypothetical protein
LONINKCB_00423	CDS	192				hypothetical protein
LONINKCB_00424	CDS	219				hypothetical protein
LONINKCB_00425	CDS	534				hypothetical protein
LONINKCB_00426	CDS	276				hypothetical protein
LONINKCB_00427	CDS	189				hypothetical protein
LONINKCB_00428	CDS	258				hypothetical protein
LONINKCB_00429	CDS	315				hypothetical protein
LONINKCB_00430	CDS	651	rbgA		COG1161	Ribosome biogenesis GTPase A
LONINKCB_00431	CDS	207				hypothetical protein
LONINKCB_00432	CDS	468				hypothetical protein
LONINKCB_00433	CDS	300				hypothetical protein
LONINKCB_00434	CDS	201				hypothetical protein
LONINKCB_00435	CDS	198				hypothetical protein
LONINKCB_00436	CDS	165				hypothetical protein
LONINKCB_00437	CDS	207				hypothetical protein
LONINKCB_00438	CDS	246				hypothetical protein
LONINKCB_00439	CDS	189				hypothetical protein
LONINKCB_00440	CDS	276				hypothetical protein
LONINKCB_00441	CDS	204				hypothetical protein
LONINKCB_00442	CDS	231				hypothetical protein
LONINKCB_00443	CDS	192				hypothetical protein
LONINKCB_00444	CDS	168				hypothetical protein
LONINKCB_00445	CDS	213				hypothetical protein
LONINKCB_00446	CDS	213				hypothetical protein
LONINKCB_00447	CDS	198				hypothetical protein
LONINKCB_00448	CDS	213				hypothetical protein
LONINKCB_00449	CDS	243				hypothetical protein
LONINKCB_00450	CDS	384				hypothetical protein
LONINKCB_00451	CDS	171				hypothetical protein
LONINKCB_00452	CDS	231				hypothetical protein
LONINKCB_00453	CDS	192				hypothetical protein
LONINKCB_00454	CDS	174				hypothetical protein
LONINKCB_00455	CDS	210				hypothetical protein
LONINKCB_00456	CDS	207				hypothetical protein
LONINKCB_00457	CDS	288				hypothetical protein
LONINKCB_00458	CDS	216				hypothetical protein
LONINKCB_00459	CDS	213				hypothetical protein
LONINKCB_00460	CDS	192				hypothetical protein
LONINKCB_00461	CDS	249				hypothetical protein
LONINKCB_00462	CDS	294				hypothetical protein
LONINKCB_00463	CDS	252				hypothetical protein
LONINKCB_00464	CDS	189				hypothetical protein
LONINKCB_00465	CDS	228				hypothetical protein
LONINKCB_00466	CDS	225				hypothetical protein
LONINKCB_00467	CDS	189				hypothetical protein
LONINKCB_00468	CDS	210				hypothetical protein
LONINKCB_00469	CDS	261				hypothetical protein
LONINKCB_00470	CDS	258				hypothetical protein
LONINKCB_00471	CDS	213				hypothetical protein
LONINKCB_00472	CDS	168				hypothetical protein
LONINKCB_00473	CDS	192				hypothetical protein
LONINKCB_00474	CDS	174				hypothetical protein
LONINKCB_00475	CDS	204				hypothetical protein
LONINKCB_00476	CDS	195				hypothetical protein
LONINKCB_00477	CDS	198				hypothetical protein
LONINKCB_00478	CDS	141				hypothetical protein
LONINKCB_00479	CDS	225				hypothetical protein
LONINKCB_00480	CDS	399				hypothetical protein
LONINKCB_00481	CDS	204				hypothetical protein
LONINKCB_00482	CDS	300				hypothetical protein
LONINKCB_00483	CDS	237				hypothetical protein
LONINKCB_00484	CDS	270				hypothetical protein
LONINKCB_00485	CDS	273				hypothetical protein
LONINKCB_00486	CDS	231				hypothetical protein
LONINKCB_00487	CDS	216				hypothetical protein
LONINKCB_00488	CDS	243				hypothetical protein
LONINKCB_00489	CDS	390				hypothetical protein
LONINKCB_00490	CDS	372				hypothetical protein
LONINKCB_00491	CDS	201				hypothetical protein
LONINKCB_00492	CDS	315				hypothetical protein
LONINKCB_00493	CDS	201				hypothetical protein
LONINKCB_00494	CDS	315				hypothetical protein
LONINKCB_00495	CDS	231				hypothetical protein
LONINKCB_00496	CDS	372				hypothetical protein
LONINKCB_00497	CDS	237				hypothetical protein
LONINKCB_00498	CDS	213				hypothetical protein
LONINKCB_00499	CDS	222				hypothetical protein
LONINKCB_00500	CDS	219				hypothetical protein
LONINKCB_00501	CDS	195				hypothetical protein
LONINKCB_00502	CDS	162				hypothetical protein
LONINKCB_00503	CDS	219				hypothetical protein
LONINKCB_00504	CDS	186				hypothetical protein
LONINKCB_00505	CDS	171				hypothetical protein
LONINKCB_00506	CDS	186				hypothetical protein
LONINKCB_00507	CDS	300				hypothetical protein
LONINKCB_00508	CDS	291				hypothetical protein
LONINKCB_00509	CDS	276				hypothetical protein
LONINKCB_00510	CDS	213				hypothetical protein
LONINKCB_00511	CDS	192				hypothetical protein
LONINKCB_00512	CDS	264				hypothetical protein
LONINKCB_00513	CDS	210				hypothetical protein
LONINKCB_00514	CDS	201				hypothetical protein
LONINKCB_00515	CDS	213				hypothetical protein
LONINKCB_00516	CDS	201				hypothetical protein
LONINKCB_00517	CDS	201				hypothetical protein
LONINKCB_00518	CDS	171				hypothetical protein
LONINKCB_00519	CDS	171				hypothetical protein
LONINKCB_00520	CDS	216				hypothetical protein
LONINKCB_00521	CDS	204				hypothetical protein
LONINKCB_00522	CDS	204				hypothetical protein
LONINKCB_00523	CDS	315				hypothetical protein
LONINKCB_00524	CDS	234				hypothetical protein
LONINKCB_00525	CDS	339				hypothetical protein
LONINKCB_00526	CDS	285				hypothetical protein
LONINKCB_00527	CDS	174				hypothetical protein
LONINKCB_00528	CDS	267				hypothetical protein
LONINKCB_00529	CDS	249				hypothetical protein
LONINKCB_00530	CDS	255				hypothetical protein
LONINKCB_00531	CDS	171				hypothetical protein
LONINKCB_00532	CDS	213				hypothetical protein
LONINKCB_00533	CDS	249				hypothetical protein
LONINKCB_00534	CDS	264				hypothetical protein
LONINKCB_00535	CDS	258				hypothetical protein
LONINKCB_00536	CDS	210				hypothetical protein
LONINKCB_00537	CDS	228				hypothetical protein
LONINKCB_00538	CDS	321				hypothetical protein
LONINKCB_00539	CDS	225				hypothetical protein
LONINKCB_00540	CDS	225				hypothetical protein
LONINKCB_00541	CDS	249				hypothetical protein
LONINKCB_00542	CDS	192				hypothetical protein
LONINKCB_00543	CDS	360				hypothetical protein
LONINKCB_00544	CDS	192				hypothetical protein
LONINKCB_00545	CDS	630				hypothetical protein
LONINKCB_00546	CDS	273				hypothetical protein
LONINKCB_00547	CDS	141				hypothetical protein
LONINKCB_00548	CDS	240				hypothetical protein
LONINKCB_00549	CDS	294				hypothetical protein
LONINKCB_00550	CDS	348				hypothetical protein
LONINKCB_00551	CDS	261				hypothetical protein
LONINKCB_00552	CDS	150				hypothetical protein
LONINKCB_00553	CDS	228				hypothetical protein
LONINKCB_00554	CDS	234				hypothetical protein
LONINKCB_00555	CDS	249				hypothetical protein
LONINKCB_00556	CDS	276				hypothetical protein
LONINKCB_00557	CDS	270				hypothetical protein
LONINKCB_00558	CDS	195				hypothetical protein
LONINKCB_00559	CDS	240				hypothetical protein
LONINKCB_00560	CDS	216				hypothetical protein
LONINKCB_00561	CDS	279				hypothetical protein
LONINKCB_00562	CDS	216				hypothetical protein
LONINKCB_00563	CDS	225				hypothetical protein
LONINKCB_00564	CDS	162				hypothetical protein
LONINKCB_00565	CDS	240				hypothetical protein
LONINKCB_00566	CDS	186				hypothetical protein
LONINKCB_00567	CDS	174				hypothetical protein
LONINKCB_00568	CDS	213				hypothetical protein
LONINKCB_00569	CDS	258				hypothetical protein
LONINKCB_00570	CDS	171				hypothetical protein
LONINKCB_00571	CDS	240				hypothetical protein
LONINKCB_00572	CDS	168				hypothetical protein
LONINKCB_00573	CDS	246				hypothetical protein
LONINKCB_00574	CDS	255				hypothetical protein
LONINKCB_00575	CDS	210				hypothetical protein
LONINKCB_00576	CDS	813				hypothetical protein
LONINKCB_00577	CDS	225				hypothetical protein
LONINKCB_00578	CDS	411				hypothetical protein
LONINKCB_00579	CDS	579				hypothetical protein
LONINKCB_00580	CDS	252				hypothetical protein
LONINKCB_00581	CDS	219				hypothetical protein
LONINKCB_00582	CDS	204				hypothetical protein
LONINKCB_00583	CDS	165				hypothetical protein
LONINKCB_00584	CDS	183				hypothetical protein
LONINKCB_00585	CDS	228				hypothetical protein
LONINKCB_00586	CDS	255				hypothetical protein
LONINKCB_00587	CDS	231				hypothetical protein
LONINKCB_00588	CDS	219				hypothetical protein
LONINKCB_00589	CDS	222				hypothetical protein
LONINKCB_00590	CDS	180				hypothetical protein
LONINKCB_00591	CDS	162				hypothetical protein
LONINKCB_00592	CDS	387				hypothetical protein
LONINKCB_00593	CDS	327				hypothetical protein
LONINKCB_00594	CDS	240				hypothetical protein
LONINKCB_00595	CDS	225				hypothetical protein
LONINKCB_00596	CDS	246				hypothetical protein
LONINKCB_00597	CDS	174				hypothetical protein
LONINKCB_00598	CDS	369				hypothetical protein
LONINKCB_00599	CDS	912				hypothetical protein
LONINKCB_00600	CDS	279				hypothetical protein
LONINKCB_00601	CDS	315				hypothetical protein
LONINKCB_00602	CDS	213				hypothetical protein
LONINKCB_00603	CDS	177				hypothetical protein
LONINKCB_00604	CDS	246				hypothetical protein
LONINKCB_00605	CDS	168				hypothetical protein
LONINKCB_00606	CDS	180				hypothetical protein
LONINKCB_00607	CDS	489				hypothetical protein
LONINKCB_00608	CDS	246				hypothetical protein
LONINKCB_00609	CDS	195				hypothetical protein
LONINKCB_00610	CDS	216				hypothetical protein
LONINKCB_00611	CDS	189				hypothetical protein
LONINKCB_00612	CDS	219				hypothetical protein
LONINKCB_00613	CDS	285				hypothetical protein
LONINKCB_00614	CDS	186				hypothetical protein
LONINKCB_00615	CDS	189				hypothetical protein
LONINKCB_00616	CDS	234				hypothetical protein
LONINKCB_00617	CDS	183				hypothetical protein
LONINKCB_00618	CDS	213				hypothetical protein
LONINKCB_00619	CDS	165				hypothetical protein
LONINKCB_00620	CDS	189				hypothetical protein
LONINKCB_00621	CDS	171				hypothetical protein
LONINKCB_00622	CDS	318				hypothetical protein
LONINKCB_00623	CDS	261				hypothetical protein
LONINKCB_00624	CDS	231				hypothetical protein
LONINKCB_00625	CDS	237				hypothetical protein
LONINKCB_00626	CDS	183				hypothetical protein
LONINKCB_00627	CDS	228				hypothetical protein
LONINKCB_00628	CDS	279				hypothetical protein
LONINKCB_00629	CDS	231				hypothetical protein
LONINKCB_00630	CDS	1044				hypothetical protein
LONINKCB_00631	CDS	294				hypothetical protein
LONINKCB_00632	CDS	441				hypothetical protein
LONINKCB_00633	CDS	888				hypothetical protein
LONINKCB_00634	CDS	840				hypothetical protein
LONINKCB_00635	CDS	735				hypothetical protein
LONINKCB_00636	CDS	567				hypothetical protein
LONINKCB_00637	CDS	828				hypothetical protein
LONINKCB_00638	CDS	561				hypothetical protein
LONINKCB_00639	CDS	999				hypothetical protein
LONINKCB_00640	CDS	966				hypothetical protein
LONINKCB_00641	CDS	195				hypothetical protein
LONINKCB_00642	CDS	429				hypothetical protein
LONINKCB_00643	CDS	261				hypothetical protein
LONINKCB_00644	CDS	210				hypothetical protein
LONINKCB_00645	CDS	270				hypothetical protein
LONINKCB_00646	CDS	264				hypothetical protein
LONINKCB_00647	CDS	201				hypothetical protein
LONINKCB_00648	CDS	246				hypothetical protein
LONINKCB_00649	CDS	222				hypothetical protein
LONINKCB_00650	CDS	207				hypothetical protein
LONINKCB_00651	CDS	258				hypothetical protein
LONINKCB_00652	CDS	228				hypothetical protein
LONINKCB_00653	CDS	165				hypothetical protein
LONINKCB_00654	CDS	222				hypothetical protein
LONINKCB_00655	CDS	246				hypothetical protein
LONINKCB_00656	CDS	228				hypothetical protein
LONINKCB_00657	CDS	183				hypothetical protein
LONINKCB_00658	CDS	243				hypothetical protein
LONINKCB_00659	CDS	246				hypothetical protein
LONINKCB_00660	CDS	228				hypothetical protein
LONINKCB_00661	CDS	189				hypothetical protein
LONINKCB_00662	CDS	165				hypothetical protein
LONINKCB_00663	CDS	267				hypothetical protein
LONINKCB_00664	CDS	258				hypothetical protein
LONINKCB_00665	CDS	228				hypothetical protein
LONINKCB_00666	CDS	375				hypothetical protein
LONINKCB_00667	CDS	711	xynD	3.2.1.55		Arabinoxylan arabinofuranohydrolase
LONINKCB_00668	CDS	204				hypothetical protein
LONINKCB_00669	CDS	252				hypothetical protein
LONINKCB_00670	CDS	210				hypothetical protein
LONINKCB_00671	CDS	216				hypothetical protein
LONINKCB_00672	CDS	237				hypothetical protein
LONINKCB_00673	CDS	282				hypothetical protein
LONINKCB_00674	CDS	192				hypothetical protein
LONINKCB_00675	CDS	210				hypothetical protein
LONINKCB_00676	CDS	219				hypothetical protein
LONINKCB_00677	CDS	201				hypothetical protein
LONINKCB_00678	CDS	120				hypothetical protein
LONINKCB_00679	CDS	168				hypothetical protein
LONINKCB_00680	CDS	231				hypothetical protein
LONINKCB_00681	CDS	291				hypothetical protein
LONINKCB_00682	CDS	171				hypothetical protein
LONINKCB_00683	CDS	261				hypothetical protein
LONINKCB_00684	CDS	186				hypothetical protein
LONINKCB_00685	CDS	258				hypothetical protein
LONINKCB_00686	CDS	258				hypothetical protein
LONINKCB_00687	CDS	201				hypothetical protein
LONINKCB_00688	CDS	645	fadD	6.2.1.3	COG0318	Long-chain-fatty-acid--CoA ligase
LONINKCB_00689	CDS	564				hypothetical protein
LONINKCB_00690	CDS	543	menE	6.2.1.26		2-succinylbenzoate--CoA ligase
LONINKCB_00691	CDS	204				hypothetical protein
LONINKCB_00692	CDS	204				hypothetical protein
LONINKCB_00693	CDS	204				hypothetical protein
LONINKCB_00694	CDS	330				hypothetical protein
LONINKCB_00695	CDS	270				hypothetical protein
LONINKCB_00696	CDS	201				hypothetical protein
LONINKCB_00697	CDS	237				hypothetical protein
LONINKCB_00698	CDS	216				hypothetical protein
LONINKCB_00699	CDS	219				hypothetical protein
LONINKCB_00700	CDS	201				hypothetical protein
LONINKCB_00701	CDS	249				hypothetical protein
LONINKCB_00702	CDS	282				hypothetical protein
LONINKCB_00703	CDS	264				hypothetical protein
LONINKCB_00704	CDS	333				hypothetical protein
LONINKCB_00705	CDS	417				hypothetical protein
LONINKCB_00706	CDS	363				hypothetical protein
LONINKCB_00707	CDS	222				hypothetical protein
LONINKCB_00708	CDS	228				hypothetical protein
LONINKCB_00709	CDS	240				hypothetical protein
LONINKCB_00710	CDS	183				hypothetical protein
LONINKCB_00711	CDS	252				hypothetical protein
LONINKCB_00712	CDS	651		1.14.-.-		Putative cytochrome P450 120
LONINKCB_00713	CDS	399				hypothetical protein
LONINKCB_00714	CDS	246				hypothetical protein
LONINKCB_00715	CDS	279				hypothetical protein
LONINKCB_00716	CDS	177				hypothetical protein
LONINKCB_00717	CDS	207				hypothetical protein
LONINKCB_00718	CDS	144				hypothetical protein
LONINKCB_00719	CDS	207				hypothetical protein
LONINKCB_00720	CDS	204				hypothetical protein
LONINKCB_00721	CDS	198				hypothetical protein
LONINKCB_00722	CDS	273				hypothetical protein
LONINKCB_00723	CDS	264				hypothetical protein
LONINKCB_00724	CDS	186				hypothetical protein
LONINKCB_00725	CDS	219				hypothetical protein
LONINKCB_00726	CDS	252				hypothetical protein
LONINKCB_00727	CDS	204				hypothetical protein
LONINKCB_00728	CDS	186				hypothetical protein
LONINKCB_00729	CDS	180				hypothetical protein
LONINKCB_00730	CDS	216				hypothetical protein
LONINKCB_00731	CDS	291				hypothetical protein
LONINKCB_00732	CDS	261				hypothetical protein
LONINKCB_00733	CDS	228				hypothetical protein
LONINKCB_00734	CDS	222				hypothetical protein
LONINKCB_00735	CDS	273				hypothetical protein
LONINKCB_00736	CDS	366				hypothetical protein
LONINKCB_00737	CDS	375				hypothetical protein
LONINKCB_00738	CDS	309				hypothetical protein
LONINKCB_00739	CDS	249				hypothetical protein
LONINKCB_00740	CDS	186				hypothetical protein
LONINKCB_00741	CDS	210				hypothetical protein
LONINKCB_00742	CDS	225				hypothetical protein
LONINKCB_00743	CDS	150				hypothetical protein
LONINKCB_00744	CDS	738				hypothetical protein
LONINKCB_00745	CDS	339				hypothetical protein
LONINKCB_00746	CDS	222				hypothetical protein
LONINKCB_00747	CDS	198				hypothetical protein
LONINKCB_00748	CDS	216				hypothetical protein
LONINKCB_00749	CDS	213				hypothetical protein
LONINKCB_00750	CDS	198				hypothetical protein
LONINKCB_00751	CDS	312				hypothetical protein
LONINKCB_00752	CDS	204				hypothetical protein
LONINKCB_00753	CDS	222				hypothetical protein
LONINKCB_00754	CDS	210				hypothetical protein
LONINKCB_00755	CDS	372				hypothetical protein
LONINKCB_00756	CDS	210				hypothetical protein
LONINKCB_00757	CDS	204				hypothetical protein
LONINKCB_00758	CDS	204				hypothetical protein
LONINKCB_00759	CDS	270				hypothetical protein
LONINKCB_00760	CDS	207				hypothetical protein
LONINKCB_00761	CDS	282				hypothetical protein
LONINKCB_00762	CDS	222				hypothetical protein
LONINKCB_00763	CDS	186				hypothetical protein
LONINKCB_00764	CDS	408				hypothetical protein
LONINKCB_00765	CDS	159				hypothetical protein
LONINKCB_00766	CDS	210				hypothetical protein
LONINKCB_00767	CDS	441				hypothetical protein
LONINKCB_00768	CDS	246				hypothetical protein
LONINKCB_00769	CDS	198				hypothetical protein
LONINKCB_00770	CDS	195				hypothetical protein
LONINKCB_00771	CDS	240				hypothetical protein
LONINKCB_00772	CDS	384				hypothetical protein
LONINKCB_00773	CDS	198				hypothetical protein
LONINKCB_00774	CDS	213				hypothetical protein
LONINKCB_00775	CDS	219				hypothetical protein
LONINKCB_00776	CDS	489				hypothetical protein
LONINKCB_00777	CDS	261				hypothetical protein
LONINKCB_00778	CDS	294				hypothetical protein
LONINKCB_00779	CDS	636				hypothetical protein
LONINKCB_00780	CDS	222				hypothetical protein
LONINKCB_00781	CDS	282				hypothetical protein
LONINKCB_00782	CDS	195				hypothetical protein
LONINKCB_00783	CDS	195				hypothetical protein
LONINKCB_00784	CDS	198				hypothetical protein
LONINKCB_00785	CDS	243				hypothetical protein
LONINKCB_00786	CDS	273				hypothetical protein
LONINKCB_00787	CDS	204				hypothetical protein
LONINKCB_00788	CDS	345				hypothetical protein
LONINKCB_00789	CDS	300				hypothetical protein
LONINKCB_00790	CDS	210				hypothetical protein
LONINKCB_00791	CDS	201				hypothetical protein
LONINKCB_00792	CDS	255				hypothetical protein
LONINKCB_00793	CDS	180				hypothetical protein
LONINKCB_00794	CDS	183				hypothetical protein
LONINKCB_00795	CDS	183				hypothetical protein
LONINKCB_00796	CDS	210				hypothetical protein
LONINKCB_00797	CDS	324				hypothetical protein
LONINKCB_00798	CDS	261				hypothetical protein
LONINKCB_00799	CDS	165				hypothetical protein
LONINKCB_00800	CDS	303				hypothetical protein
LONINKCB_00801	CDS	192				hypothetical protein
LONINKCB_00802	CDS	210				hypothetical protein
LONINKCB_00803	CDS	207				hypothetical protein
LONINKCB_00804	CDS	279				hypothetical protein
LONINKCB_00805	CDS	318				hypothetical protein
LONINKCB_00806	CDS	270				hypothetical protein
LONINKCB_00807	CDS	183				hypothetical protein
LONINKCB_00808	CDS	285				hypothetical protein
LONINKCB_00809	CDS	156				hypothetical protein
LONINKCB_00810	CDS	258				hypothetical protein
LONINKCB_00811	CDS	216				hypothetical protein
LONINKCB_00812	CDS	204				hypothetical protein
LONINKCB_00813	CDS	165				hypothetical protein
LONINKCB_00814	CDS	219				hypothetical protein
LONINKCB_00815	CDS	177				hypothetical protein
LONINKCB_00816	CDS	222				hypothetical protein
LONINKCB_00817	CDS	219				hypothetical protein
LONINKCB_00818	CDS	222				hypothetical protein
LONINKCB_00819	CDS	600				hypothetical protein
LONINKCB_00820	CDS	249				hypothetical protein
LONINKCB_00821	CDS	240				hypothetical protein
LONINKCB_00822	CDS	255				hypothetical protein
LONINKCB_00823	CDS	222				hypothetical protein
LONINKCB_00824	CDS	189				hypothetical protein
LONINKCB_00825	CDS	165				hypothetical protein
LONINKCB_00826	CDS	192				hypothetical protein
LONINKCB_00827	CDS	201				hypothetical protein
LONINKCB_00828	CDS	249				hypothetical protein
LONINKCB_00829	CDS	261				hypothetical protein
LONINKCB_00830	CDS	207				hypothetical protein
LONINKCB_00831	CDS	258				hypothetical protein
LONINKCB_00832	CDS	252				hypothetical protein
LONINKCB_00833	CDS	240				hypothetical protein
LONINKCB_00834	CDS	231				hypothetical protein
LONINKCB_00835	CDS	168				hypothetical protein
LONINKCB_00836	CDS	237				hypothetical protein
LONINKCB_00837	CDS	339				hypothetical protein
LONINKCB_00838	CDS	324				hypothetical protein
LONINKCB_00839	CDS	312				hypothetical protein
LONINKCB_00840	CDS	231				hypothetical protein
LONINKCB_00841	CDS	249				hypothetical protein
LONINKCB_00842	CDS	375				hypothetical protein
LONINKCB_00843	CDS	252				hypothetical protein
LONINKCB_00844	CDS	153				hypothetical protein
LONINKCB_00845	CDS	207				hypothetical protein
LONINKCB_00846	CDS	213				hypothetical protein
LONINKCB_00847	CDS	288				hypothetical protein
LONINKCB_00848	CDS	252				hypothetical protein
LONINKCB_00849	CDS	279				hypothetical protein
LONINKCB_00850	CDS	276				hypothetical protein
LONINKCB_00851	CDS	207				hypothetical protein
LONINKCB_00852	CDS	198				hypothetical protein
LONINKCB_00853	CDS	198				hypothetical protein
LONINKCB_00854	CDS	273				hypothetical protein
LONINKCB_00855	CDS	189				hypothetical protein
LONINKCB_00856	CDS	210				hypothetical protein
LONINKCB_00857	CDS	309				hypothetical protein
LONINKCB_00858	CDS	243				hypothetical protein
LONINKCB_00859	CDS	216				hypothetical protein
LONINKCB_00860	CDS	348				hypothetical protein
LONINKCB_00861	CDS	384				hypothetical protein
LONINKCB_00862	CDS	195				hypothetical protein
LONINKCB_00863	CDS	228				hypothetical protein
LONINKCB_00864	CDS	291				hypothetical protein
LONINKCB_00865	CDS	204				hypothetical protein
LONINKCB_00866	CDS	168				hypothetical protein
LONINKCB_00867	CDS	213				hypothetical protein
LONINKCB_00868	CDS	258				hypothetical protein
LONINKCB_00869	CDS	273				hypothetical protein
LONINKCB_00870	CDS	219				hypothetical protein
LONINKCB_00871	CDS	156				hypothetical protein
LONINKCB_00872	CDS	315				hypothetical protein
LONINKCB_00873	CDS	219				hypothetical protein
LONINKCB_00874	CDS	201				hypothetical protein
LONINKCB_00875	CDS	180				hypothetical protein
LONINKCB_00876	CDS	210				hypothetical protein
LONINKCB_00877	CDS	231				hypothetical protein
LONINKCB_00878	CDS	213				hypothetical protein
LONINKCB_00879	CDS	279				hypothetical protein
LONINKCB_00880	CDS	201				hypothetical protein
LONINKCB_00881	CDS	249				hypothetical protein
LONINKCB_00882	CDS	177				hypothetical protein
LONINKCB_00883	CDS	189				hypothetical protein
LONINKCB_00884	CDS	246				hypothetical protein
LONINKCB_00885	CDS	192				hypothetical protein
LONINKCB_00886	CDS	279				hypothetical protein
LONINKCB_00887	CDS	243				hypothetical protein
LONINKCB_00888	CDS	198				hypothetical protein
LONINKCB_00889	CDS	192				hypothetical protein
LONINKCB_00890	CDS	177				hypothetical protein
LONINKCB_00891	CDS	180				hypothetical protein
LONINKCB_00892	CDS	210				hypothetical protein
LONINKCB_00893	CDS	219				hypothetical protein
LONINKCB_00894	CDS	288				hypothetical protein
LONINKCB_00895	CDS	1008				hypothetical protein
LONINKCB_00896	CDS	252				hypothetical protein
LONINKCB_00897	CDS	261				hypothetical protein
LONINKCB_00898	CDS	369				hypothetical protein
LONINKCB_00899	CDS	168				hypothetical protein
LONINKCB_00900	CDS	276				hypothetical protein
LONINKCB_00901	CDS	222				hypothetical protein
LONINKCB_00902	CDS	294	phoB	3.1.3.1	COG1785	Alkaline phosphatase 3
LONINKCB_00903	CDS	702	phoA	3.1.3.1		Alkaline phosphatase H
LONINKCB_00904	CDS	282				hypothetical protein
LONINKCB_00905	CDS	174				hypothetical protein
LONINKCB_00906	CDS	384				hypothetical protein
LONINKCB_00907	CDS	381				hypothetical protein
LONINKCB_00908	CDS	150				hypothetical protein
LONINKCB_00909	CDS	192				hypothetical protein
LONINKCB_00910	CDS	165				hypothetical protein
LONINKCB_00911	CDS	168				hypothetical protein
LONINKCB_00912	CDS	471				hypothetical protein
LONINKCB_00913	CDS	270				hypothetical protein
LONINKCB_00914	CDS	198				hypothetical protein
LONINKCB_00915	CDS	207				hypothetical protein
LONINKCB_00916	CDS	174				hypothetical protein
LONINKCB_00917	CDS	177				hypothetical protein
LONINKCB_00918	CDS	189				hypothetical protein
LONINKCB_00919	CDS	210				hypothetical protein
LONINKCB_00920	CDS	351				hypothetical protein
LONINKCB_00921	CDS	195				hypothetical protein
LONINKCB_00922	CDS	345				hypothetical protein
LONINKCB_00923	CDS	288				hypothetical protein
LONINKCB_00924	CDS	249				hypothetical protein
LONINKCB_00925	CDS	582				hypothetical protein
LONINKCB_00926	CDS	708				hypothetical protein
LONINKCB_00927	CDS	189				hypothetical protein
LONINKCB_00928	CDS	216				hypothetical protein
LONINKCB_00929	CDS	219				hypothetical protein
LONINKCB_00930	CDS	444				hypothetical protein
LONINKCB_00931	CDS	366				hypothetical protein
LONINKCB_00932	CDS	231				hypothetical protein
LONINKCB_00933	CDS	192				hypothetical protein
LONINKCB_00934	CDS	264				hypothetical protein
LONINKCB_00935	CDS	273				hypothetical protein
LONINKCB_00936	CDS	192				hypothetical protein
LONINKCB_00937	CDS	246				hypothetical protein
LONINKCB_00938	CDS	189				hypothetical protein
LONINKCB_00939	CDS	231				hypothetical protein
LONINKCB_00940	CDS	156				hypothetical protein
LONINKCB_00941	CDS	243				hypothetical protein
LONINKCB_00942	CDS	210				hypothetical protein
LONINKCB_00943	CDS	288				hypothetical protein
LONINKCB_00944	CDS	210				hypothetical protein
LONINKCB_00945	CDS	183				hypothetical protein
LONINKCB_00946	CDS	246				hypothetical protein
LONINKCB_00947	CDS	294				hypothetical protein
LONINKCB_00948	CDS	285				hypothetical protein
LONINKCB_00949	CDS	336				hypothetical protein
LONINKCB_00950	CDS	246				hypothetical protein
LONINKCB_00951	CDS	261				hypothetical protein
LONINKCB_00952	CDS	237				hypothetical protein
LONINKCB_00953	CDS	228				hypothetical protein
LONINKCB_00954	CDS	168				hypothetical protein
LONINKCB_00955	CDS	171				hypothetical protein
LONINKCB_00956	CDS	228				hypothetical protein
LONINKCB_00957	CDS	219				hypothetical protein
LONINKCB_00958	CDS	189				hypothetical protein
LONINKCB_00959	CDS	183				hypothetical protein
LONINKCB_00960	CDS	252				hypothetical protein
LONINKCB_00961	CDS	1359				hypothetical protein
LONINKCB_00962	CDS	288				hypothetical protein
LONINKCB_00963	CDS	201				hypothetical protein
LONINKCB_00964	CDS	195				hypothetical protein
LONINKCB_00965	CDS	249				hypothetical protein
LONINKCB_00966	CDS	204				hypothetical protein
LONINKCB_00967	CDS	192				hypothetical protein
LONINKCB_00968	CDS	294				hypothetical protein
LONINKCB_00969	CDS	162				hypothetical protein
LONINKCB_00970	CDS	177				hypothetical protein
LONINKCB_00971	CDS	183				hypothetical protein
LONINKCB_00972	CDS	327				hypothetical protein
LONINKCB_00973	CDS	168				hypothetical protein
LONINKCB_00974	CDS	174				hypothetical protein
LONINKCB_00975	CDS	177				hypothetical protein
LONINKCB_00976	CDS	153				hypothetical protein
LONINKCB_00977	CDS	195				hypothetical protein
LONINKCB_00978	CDS	327				hypothetical protein
LONINKCB_00979	CDS	159				hypothetical protein
LONINKCB_00980	CDS	177				hypothetical protein
LONINKCB_00981	CDS	243				hypothetical protein
LONINKCB_00982	CDS	219				hypothetical protein
LONINKCB_00983	CDS	291				hypothetical protein
LONINKCB_00984	CDS	246				hypothetical protein
LONINKCB_00985	CDS	474	topA_1	5.99.1.2		DNA topoisomerase 1
LONINKCB_00986	CDS	246				hypothetical protein
LONINKCB_00987	CDS	846	topA_2	5.99.1.2	COG0550	DNA topoisomerase 1
LONINKCB_00988	CDS	423				hypothetical protein
LONINKCB_00989	CDS	294				hypothetical protein
LONINKCB_00990	CDS	351				hypothetical protein
LONINKCB_00991	CDS	429				hypothetical protein
LONINKCB_00992	CDS	537				hypothetical protein
LONINKCB_00993	CDS	180				hypothetical protein
LONINKCB_00994	CDS	222				hypothetical protein
LONINKCB_00995	CDS	249				hypothetical protein
LONINKCB_00996	CDS	249				hypothetical protein
LONINKCB_00997	CDS	303	iscU		COG0822	Iron-sulfur cluster assembly scaffold protein IscU
LONINKCB_00998	CDS	210				hypothetical protein
LONINKCB_00999	CDS	204				hypothetical protein
LONINKCB_01000	CDS	255				hypothetical protein
LONINKCB_01001	CDS	270				hypothetical protein
LONINKCB_01002	CDS	387				hypothetical protein
LONINKCB_01003	CDS	159				hypothetical protein
LONINKCB_01004	CDS	285				hypothetical protein
LONINKCB_01005	CDS	240				hypothetical protein
LONINKCB_01006	CDS	225				hypothetical protein
LONINKCB_01007	CDS	243				hypothetical protein
LONINKCB_01008	CDS	528				hypothetical protein
LONINKCB_01009	CDS	234				hypothetical protein
LONINKCB_01010	CDS	579				hypothetical protein
LONINKCB_01011	CDS	330				hypothetical protein
LONINKCB_01012	CDS	180				hypothetical protein
LONINKCB_01013	CDS	213				hypothetical protein
LONINKCB_01014	CDS	285				hypothetical protein
LONINKCB_01015	CDS	255				hypothetical protein
LONINKCB_01016	CDS	183				hypothetical protein
LONINKCB_01017	CDS	189				hypothetical protein
LONINKCB_01018	CDS	192				hypothetical protein
LONINKCB_01019	CDS	183				hypothetical protein
LONINKCB_01020	CDS	228				hypothetical protein
LONINKCB_01021	CDS	231				hypothetical protein
LONINKCB_01022	CDS	231				hypothetical protein
LONINKCB_01023	CDS	501				hypothetical protein
LONINKCB_01024	CDS	210				hypothetical protein
LONINKCB_01025	CDS	1089				hypothetical protein
LONINKCB_01026	CDS	312				hypothetical protein
LONINKCB_01027	CDS	204				hypothetical protein
LONINKCB_01028	CDS	462				hypothetical protein
LONINKCB_01029	CDS	198				hypothetical protein
LONINKCB_01030	CDS	189				hypothetical protein
LONINKCB_01031	CDS	204				hypothetical protein
LONINKCB_01032	CDS	234				hypothetical protein
LONINKCB_01033	CDS	306				hypothetical protein
LONINKCB_01034	CDS	201				hypothetical protein
LONINKCB_01035	CDS	306				hypothetical protein
LONINKCB_01036	CDS	249				hypothetical protein
LONINKCB_01037	CDS	294				hypothetical protein
LONINKCB_01038	CDS	162				hypothetical protein
LONINKCB_01039	CDS	285				hypothetical protein
LONINKCB_01040	CDS	180				hypothetical protein
LONINKCB_01041	CDS	510				hypothetical protein
LONINKCB_01042	CDS	492				hypothetical protein
LONINKCB_01043	CDS	198				hypothetical protein
LONINKCB_01044	CDS	951				hypothetical protein
LONINKCB_01045	CDS	216				hypothetical protein
LONINKCB_01046	CDS	216				hypothetical protein
LONINKCB_01047	CDS	231				hypothetical protein
LONINKCB_01048	CDS	246				hypothetical protein
LONINKCB_01049	CDS	192				hypothetical protein
LONINKCB_01050	CDS	261				hypothetical protein
LONINKCB_01051	CDS	273				hypothetical protein
LONINKCB_01052	CDS	309				hypothetical protein
LONINKCB_01053	CDS	567				hypothetical protein
LONINKCB_01054	CDS	1155				hypothetical protein
LONINKCB_01055	CDS	1605				hypothetical protein
LONINKCB_01056	CDS	189				hypothetical protein
LONINKCB_01057	CDS	174				hypothetical protein
LONINKCB_01058	CDS	171				hypothetical protein
LONINKCB_01059	CDS	204				hypothetical protein
LONINKCB_01060	CDS	294				hypothetical protein
LONINKCB_01061	CDS	249				hypothetical protein
LONINKCB_01062	CDS	240				hypothetical protein
LONINKCB_01063	CDS	279				hypothetical protein
LONINKCB_01064	CDS	249				hypothetical protein
LONINKCB_01065	CDS	285				hypothetical protein
LONINKCB_01066	CDS	246				hypothetical protein
LONINKCB_01067	CDS	165				hypothetical protein
LONINKCB_01068	CDS	420				hypothetical protein
LONINKCB_01069	CDS	276				hypothetical protein
LONINKCB_01070	CDS	204				hypothetical protein
LONINKCB_01071	CDS	369				hypothetical protein
LONINKCB_01072	CDS	195				hypothetical protein
LONINKCB_01073	CDS	219				hypothetical protein
LONINKCB_01074	CDS	279				hypothetical protein
LONINKCB_01075	CDS	207				hypothetical protein
LONINKCB_01076	CDS	252				hypothetical protein
LONINKCB_01077	CDS	213				hypothetical protein
LONINKCB_01078	CDS	201				hypothetical protein
LONINKCB_01079	CDS	249				hypothetical protein
LONINKCB_01080	CDS	213				hypothetical protein
LONINKCB_01081	CDS	285				hypothetical protein
LONINKCB_01082	CDS	267				hypothetical protein
LONINKCB_01083	CDS	186				hypothetical protein
LONINKCB_01084	CDS	222				hypothetical protein
LONINKCB_01085	CDS	354				hypothetical protein
LONINKCB_01086	CDS	171				hypothetical protein
LONINKCB_01087	CDS	270				hypothetical protein
LONINKCB_01088	CDS	240				hypothetical protein
LONINKCB_01089	CDS	183				hypothetical protein
LONINKCB_01090	CDS	207				hypothetical protein
LONINKCB_01091	CDS	216				hypothetical protein
LONINKCB_01092	CDS	174				hypothetical protein
LONINKCB_01093	CDS	438				hypothetical protein
LONINKCB_01094	CDS	354	pkn5	2.7.11.1	COG0515	Serine/threonine-protein kinase pkn5
LONINKCB_01095	CDS	345				hypothetical protein
LONINKCB_01096	CDS	213				hypothetical protein
LONINKCB_01097	CDS	258				hypothetical protein
LONINKCB_01098	CDS	273				hypothetical protein
LONINKCB_01099	CDS	243				hypothetical protein
LONINKCB_01100	CDS	294				hypothetical protein
LONINKCB_01101	CDS	408				hypothetical protein
LONINKCB_01102	CDS	195				hypothetical protein
LONINKCB_01103	CDS	285				hypothetical protein
LONINKCB_01104	CDS	186				hypothetical protein
LONINKCB_01105	CDS	189				hypothetical protein
LONINKCB_01106	CDS	192				hypothetical protein
LONINKCB_01107	CDS	420				hypothetical protein
LONINKCB_01108	CDS	213				hypothetical protein
LONINKCB_01109	CDS	267				hypothetical protein
LONINKCB_01110	CDS	645				hypothetical protein
LONINKCB_01111	CDS	201				hypothetical protein
LONINKCB_01112	CDS	600				hypothetical protein
LONINKCB_01113	CDS	333				hypothetical protein
LONINKCB_01114	CDS	273				hypothetical protein
LONINKCB_01115	CDS	183				hypothetical protein
LONINKCB_01116	CDS	162				hypothetical protein
LONINKCB_01117	CDS	180				hypothetical protein
LONINKCB_01118	CDS	417				hypothetical protein
LONINKCB_01119	CDS	375				hypothetical protein
LONINKCB_01120	CDS	222				hypothetical protein
LONINKCB_01121	CDS	237				hypothetical protein
LONINKCB_01122	CDS	231				hypothetical protein
LONINKCB_01123	CDS	213				hypothetical protein
LONINKCB_01124	CDS	252				hypothetical protein
LONINKCB_01125	CDS	177				hypothetical protein
LONINKCB_01126	CDS	603				hypothetical protein
LONINKCB_01127	CDS	234				hypothetical protein
LONINKCB_01128	CDS	228				hypothetical protein
LONINKCB_01129	CDS	246				hypothetical protein
LONINKCB_01130	CDS	243				hypothetical protein
LONINKCB_01131	CDS	255				hypothetical protein
LONINKCB_01132	CDS	318				hypothetical protein
LONINKCB_01133	CDS	267				hypothetical protein
LONINKCB_01134	CDS	159				hypothetical protein
LONINKCB_01135	CDS	273				hypothetical protein
LONINKCB_01136	CDS	240				hypothetical protein
LONINKCB_01137	CDS	252				hypothetical protein
LONINKCB_01138	CDS	171				hypothetical protein
LONINKCB_01139	CDS	234				hypothetical protein
LONINKCB_01140	CDS	159				hypothetical protein
LONINKCB_01141	CDS	441				hypothetical protein
LONINKCB_01142	CDS	315				hypothetical protein
LONINKCB_01143	CDS	333				hypothetical protein
LONINKCB_01144	CDS	258				hypothetical protein
LONINKCB_01145	CDS	549				hypothetical protein
LONINKCB_01146	CDS	345				hypothetical protein
LONINKCB_01147	CDS	198				hypothetical protein
LONINKCB_01148	CDS	273				hypothetical protein
LONINKCB_01149	CDS	264				hypothetical protein
LONINKCB_01150	CDS	180				hypothetical protein
LONINKCB_01151	CDS	324				hypothetical protein
LONINKCB_01152	CDS	249				hypothetical protein
LONINKCB_01153	CDS	186				hypothetical protein
LONINKCB_01154	CDS	336	rnd	3.1.13.5		Ribonuclease D
LONINKCB_01155	CDS	270				hypothetical protein
LONINKCB_01156	CDS	141				hypothetical protein
LONINKCB_01157	CDS	195				hypothetical protein
LONINKCB_01158	CDS	192				hypothetical protein
LONINKCB_01159	CDS	765	frr		COG0233	Ribosome-recycling factor
LONINKCB_01160	CDS	192				hypothetical protein
LONINKCB_01161	CDS	177				hypothetical protein
LONINKCB_01162	CDS	243				hypothetical protein
LONINKCB_01163	CDS	210				hypothetical protein
LONINKCB_01164	CDS	168				hypothetical protein
LONINKCB_01165	CDS	180				hypothetical protein
LONINKCB_01166	CDS	207				hypothetical protein
LONINKCB_01167	CDS	282				hypothetical protein
LONINKCB_01168	CDS	234				hypothetical protein
LONINKCB_01169	CDS	303				hypothetical protein
LONINKCB_01170	CDS	180				hypothetical protein
LONINKCB_01171	CDS	336				hypothetical protein
LONINKCB_01172	CDS	282				hypothetical protein
LONINKCB_01173	CDS	231				hypothetical protein
LONINKCB_01174	CDS	222				hypothetical protein
LONINKCB_01175	CDS	507				hypothetical protein
LONINKCB_01176	CDS	294				hypothetical protein
LONINKCB_01177	CDS	348				hypothetical protein
LONINKCB_01178	CDS	297				hypothetical protein
LONINKCB_01179	CDS	234				hypothetical protein
LONINKCB_01180	CDS	285				hypothetical protein
LONINKCB_01181	CDS	231				hypothetical protein
LONINKCB_01182	CDS	174				hypothetical protein
LONINKCB_01183	CDS	195				hypothetical protein
LONINKCB_01184	CDS	471				hypothetical protein
LONINKCB_01185	CDS	195				hypothetical protein
LONINKCB_01186	CDS	267				hypothetical protein
LONINKCB_01187	CDS	183				hypothetical protein
LONINKCB_01188	CDS	246				hypothetical protein
LONINKCB_01189	CDS	249				hypothetical protein
LONINKCB_01190	CDS	534				hypothetical protein
LONINKCB_01191	CDS	213				hypothetical protein
LONINKCB_01192	CDS	252				hypothetical protein
LONINKCB_01193	CDS	198				hypothetical protein
LONINKCB_01194	CDS	264				hypothetical protein
LONINKCB_01195	CDS	222				hypothetical protein
LONINKCB_01196	CDS	174				hypothetical protein
LONINKCB_01197	CDS	198				hypothetical protein
LONINKCB_01198	CDS	174				hypothetical protein
LONINKCB_01199	CDS	246				hypothetical protein
LONINKCB_01200	CDS	519				hypothetical protein
LONINKCB_01201	CDS	522				hypothetical protein
LONINKCB_01202	CDS	363				hypothetical protein
LONINKCB_01203	CDS	210				hypothetical protein
LONINKCB_01204	CDS	291				hypothetical protein
LONINKCB_01205	CDS	186				hypothetical protein
LONINKCB_01206	CDS	528				hypothetical protein
LONINKCB_01207	CDS	198				hypothetical protein
LONINKCB_01208	CDS	252				hypothetical protein
LONINKCB_01209	CDS	258				hypothetical protein
LONINKCB_01210	CDS	210				hypothetical protein
LONINKCB_01211	CDS	216				hypothetical protein
LONINKCB_01212	CDS	225				hypothetical protein
LONINKCB_01213	CDS	267				hypothetical protein
LONINKCB_01214	CDS	210				hypothetical protein
LONINKCB_01215	CDS	441				hypothetical protein
LONINKCB_01216	CDS	198				hypothetical protein
LONINKCB_01217	CDS	174				hypothetical protein
LONINKCB_01218	CDS	210				hypothetical protein
LONINKCB_01219	CDS	276				hypothetical protein
LONINKCB_01220	CDS	147				hypothetical protein
LONINKCB_01221	CDS	207				hypothetical protein
LONINKCB_01222	CDS	243				hypothetical protein
LONINKCB_01223	CDS	207				hypothetical protein
LONINKCB_01224	CDS	189				hypothetical protein
LONINKCB_01225	CDS	300				hypothetical protein
LONINKCB_01226	CDS	228				hypothetical protein
LONINKCB_01227	CDS	210				hypothetical protein
LONINKCB_01228	CDS	219				hypothetical protein
LONINKCB_01229	CDS	294				hypothetical protein
LONINKCB_01230	CDS	198				hypothetical protein
LONINKCB_01231	CDS	270				hypothetical protein
LONINKCB_01232	CDS	162				hypothetical protein
LONINKCB_01233	CDS	204				hypothetical protein
LONINKCB_01234	CDS	357				hypothetical protein
LONINKCB_01235	CDS	642		1.1.-.-	COG2303	putative GMC-type oxidoreductase
LONINKCB_01236	CDS	324		1.1.-.-	COG2303	putative GMC-type oxidoreductase
LONINKCB_01237	CDS	390	alkJ_1	1.1.99.-		Alcohol dehydrogenase [acceptor]
LONINKCB_01238	CDS	261	betA_1	1.2.1.8		Oxygen-dependent choline dehydrogenase
LONINKCB_01239	CDS	192				hypothetical protein
LONINKCB_01240	CDS	171				hypothetical protein
LONINKCB_01241	CDS	207				hypothetical protein
LONINKCB_01242	CDS	300				hypothetical protein
LONINKCB_01243	CDS	273				hypothetical protein
LONINKCB_01244	CDS	228				hypothetical protein
LONINKCB_01245	CDS	219				hypothetical protein
LONINKCB_01246	CDS	462	alkJ_2	1.1.99.-		Alcohol dehydrogenase [acceptor]
LONINKCB_01247	CDS	675		1.1.-.-	COG2303	putative GMC-type oxidoreductase
LONINKCB_01248	CDS	606		1.1.-.-	COG2303	putative GMC-type oxidoreductase
LONINKCB_01249	CDS	303				hypothetical protein
LONINKCB_01250	CDS	492	alkJ_3	1.1.99.-		Alcohol dehydrogenase [acceptor]
LONINKCB_01251	CDS	276				hypothetical protein
LONINKCB_01252	CDS	192				hypothetical protein
LONINKCB_01253	CDS	330	alkJ_4	1.1.99.-		Alcohol dehydrogenase [acceptor]
LONINKCB_01254	CDS	417		1.1.-.-	COG2303	putative GMC-type oxidoreductase
LONINKCB_01255	CDS	426	alkJ_5	1.1.99.-		Alcohol dehydrogenase [acceptor]
LONINKCB_01256	CDS	273				hypothetical protein
LONINKCB_01257	CDS	462	alkJ_6	1.1.99.-		Alcohol dehydrogenase [acceptor]
LONINKCB_01258	CDS	180				hypothetical protein
LONINKCB_01259	CDS	192	betA_2	1.2.1.8		Oxygen-dependent choline dehydrogenase
LONINKCB_01260	CDS	738		1.1.-.-	COG2303	putative GMC-type oxidoreductase
LONINKCB_01261	CDS	252		1.1.-.-	COG2303	putative GMC-type oxidoreductase
LONINKCB_01262	CDS	345				hypothetical protein
LONINKCB_01263	CDS	168				hypothetical protein
LONINKCB_01264	CDS	198				hypothetical protein
LONINKCB_01265	CDS	222				hypothetical protein
LONINKCB_01266	CDS	336				hypothetical protein
LONINKCB_01267	CDS	498	alkJ_7	1.1.99.-		Alcohol dehydrogenase [acceptor]
LONINKCB_01268	CDS	213				hypothetical protein
LONINKCB_01269	CDS	222				hypothetical protein
LONINKCB_01270	CDS	264				hypothetical protein
LONINKCB_01271	CDS	312				hypothetical protein
LONINKCB_01272	CDS	171				hypothetical protein
LONINKCB_01273	CDS	294				hypothetical protein
LONINKCB_01274	CDS	285				hypothetical protein
LONINKCB_01275	CDS	219				hypothetical protein
LONINKCB_01276	CDS	291				hypothetical protein
LONINKCB_01277	CDS	279				hypothetical protein
LONINKCB_01278	CDS	216				hypothetical protein
LONINKCB_01279	CDS	243				hypothetical protein
LONINKCB_01280	CDS	246				hypothetical protein
LONINKCB_01281	CDS	213				hypothetical protein
LONINKCB_01282	CDS	333	bacC	1.1.1.385		Dihydroanticapsin 7-dehydrogenase
LONINKCB_01283	CDS	264				hypothetical protein
LONINKCB_01284	CDS	171				hypothetical protein
LONINKCB_01285	CDS	414				hypothetical protein
LONINKCB_01286	CDS	186				hypothetical protein
LONINKCB_01287	CDS	165				hypothetical protein
LONINKCB_01288	CDS	336	hdhA	1.1.1.159		7-alpha-hydroxysteroid dehydrogenase
LONINKCB_01289	CDS	186				hypothetical protein
LONINKCB_01290	CDS	189				hypothetical protein
LONINKCB_01291	CDS	201				hypothetical protein
LONINKCB_01292	CDS	246				hypothetical protein
LONINKCB_01293	CDS	210				hypothetical protein
LONINKCB_01294	CDS	168				hypothetical protein
LONINKCB_01295	CDS	228	betA_3	1.1.99.1		Oxygen-dependent choline dehydrogenase
LONINKCB_01296	CDS	549		1.1.-.-	COG2303	putative GMC-type oxidoreductase
LONINKCB_01297	CDS	237				hypothetical protein
LONINKCB_01298	CDS	252				hypothetical protein
LONINKCB_01299	CDS	1173		1.1.-.-	COG2303	putative GMC-type oxidoreductase
LONINKCB_01300	CDS	372		1.1.-.-	COG2303	putative GMC-type oxidoreductase
LONINKCB_01301	CDS	378				hypothetical protein
LONINKCB_01302	CDS	192				hypothetical protein
LONINKCB_01303	CDS	219				hypothetical protein
LONINKCB_01304	CDS	381				hypothetical protein
LONINKCB_01305	CDS	168				hypothetical protein
LONINKCB_01306	CDS	213				hypothetical protein
LONINKCB_01307	CDS	180				hypothetical protein
LONINKCB_01308	CDS	288				hypothetical protein
LONINKCB_01309	CDS	219				hypothetical protein
LONINKCB_01310	CDS	192				hypothetical protein
LONINKCB_01311	CDS	294				hypothetical protein
LONINKCB_01312	CDS	432	betA_4	1.1.99.1	COG2303	Oxygen-dependent choline dehydrogenase
LONINKCB_01313	CDS	321				hypothetical protein
LONINKCB_01314	CDS	201				hypothetical protein
LONINKCB_01315	CDS	231				hypothetical protein
LONINKCB_01316	CDS	231				hypothetical protein
LONINKCB_01317	CDS	180				hypothetical protein
LONINKCB_01318	CDS	180				hypothetical protein
LONINKCB_01319	CDS	423				hypothetical protein
LONINKCB_01320	CDS	339				hypothetical protein
LONINKCB_01321	CDS	186				hypothetical protein
LONINKCB_01322	CDS	228				hypothetical protein
LONINKCB_01323	CDS	360				hypothetical protein
LONINKCB_01324	CDS	633				hypothetical protein
LONINKCB_01325	CDS	477				hypothetical protein
LONINKCB_01326	CDS	609				hypothetical protein
LONINKCB_01327	CDS	729				hypothetical protein
LONINKCB_01328	CDS	375				hypothetical protein
LONINKCB_01329	CDS	174				hypothetical protein
LONINKCB_01330	CDS	474				hypothetical protein
LONINKCB_01331	CDS	312				hypothetical protein
LONINKCB_01332	CDS	408				hypothetical protein
LONINKCB_01333	CDS	261				hypothetical protein
LONINKCB_01334	CDS	327				hypothetical protein
LONINKCB_01335	CDS	477				hypothetical protein
LONINKCB_01336	CDS	195				hypothetical protein
LONINKCB_01337	CDS	357				hypothetical protein
LONINKCB_01338	CDS	324				hypothetical protein
LONINKCB_01339	CDS	192				hypothetical protein
LONINKCB_01340	CDS	696				hypothetical protein
LONINKCB_01341	CDS	471				hypothetical protein
LONINKCB_01342	CDS	150				hypothetical protein
LONINKCB_01343	CDS	174				hypothetical protein
LONINKCB_01344	CDS	324				hypothetical protein
LONINKCB_01345	CDS	372				hypothetical protein
LONINKCB_01346	CDS	216				hypothetical protein
LONINKCB_01347	CDS	180				hypothetical protein
LONINKCB_01348	CDS	228				hypothetical protein
LONINKCB_01349	CDS	303				hypothetical protein
LONINKCB_01350	CDS	207				hypothetical protein
LONINKCB_01351	CDS	327				hypothetical protein
LONINKCB_01352	CDS	240				hypothetical protein
LONINKCB_01353	CDS	207				hypothetical protein
LONINKCB_01354	CDS	378				hypothetical protein
LONINKCB_01355	CDS	216				hypothetical protein
LONINKCB_01356	CDS	204				hypothetical protein
LONINKCB_01357	CDS	435				hypothetical protein
LONINKCB_01358	CDS	222				hypothetical protein
LONINKCB_01359	CDS	192				hypothetical protein
LONINKCB_01360	CDS	267				hypothetical protein
LONINKCB_01361	CDS	234				hypothetical protein
LONINKCB_01362	CDS	189				hypothetical protein
LONINKCB_01363	CDS	177				hypothetical protein
LONINKCB_01364	CDS	180				hypothetical protein
LONINKCB_01365	CDS	273				hypothetical protein
LONINKCB_01366	CDS	141				hypothetical protein
LONINKCB_01367	CDS	363				hypothetical protein
LONINKCB_01368	CDS	219				hypothetical protein
LONINKCB_01369	CDS	228				hypothetical protein
LONINKCB_01370	CDS	174				hypothetical protein
LONINKCB_01371	CDS	198				hypothetical protein
LONINKCB_01372	CDS	279				hypothetical protein
LONINKCB_01373	CDS	207				hypothetical protein
LONINKCB_01374	CDS	276				hypothetical protein
LONINKCB_01375	CDS	165				hypothetical protein
LONINKCB_01376	CDS	198				hypothetical protein
LONINKCB_01377	CDS	279				hypothetical protein
LONINKCB_01378	CDS	321				hypothetical protein
LONINKCB_01379	CDS	216				hypothetical protein
LONINKCB_01380	CDS	171				hypothetical protein
LONINKCB_01381	CDS	267				hypothetical protein
LONINKCB_01382	CDS	192				hypothetical protein
LONINKCB_01383	CDS	282				hypothetical protein
LONINKCB_01384	CDS	234				hypothetical protein
LONINKCB_01385	CDS	324				hypothetical protein
LONINKCB_01386	CDS	429				hypothetical protein
LONINKCB_01387	CDS	324				hypothetical protein
LONINKCB_01388	CDS	243				hypothetical protein
LONINKCB_01389	CDS	297				hypothetical protein
LONINKCB_01390	CDS	333				hypothetical protein
LONINKCB_01391	CDS	228				hypothetical protein
LONINKCB_01392	CDS	162				hypothetical protein
LONINKCB_01393	CDS	168				hypothetical protein
LONINKCB_01394	CDS	264				hypothetical protein
LONINKCB_01395	CDS	243				hypothetical protein
LONINKCB_01396	CDS	237				hypothetical protein
LONINKCB_01397	CDS	249				hypothetical protein
LONINKCB_01398	CDS	240				hypothetical protein
LONINKCB_01399	CDS	243				hypothetical protein
LONINKCB_01400	CDS	255				hypothetical protein
LONINKCB_01401	CDS	210				hypothetical protein
LONINKCB_01402	CDS	231				hypothetical protein
LONINKCB_01403	CDS	369				hypothetical protein
LONINKCB_01404	CDS	747				hypothetical protein
LONINKCB_01405	CDS	234				hypothetical protein
LONINKCB_01406	CDS	192				hypothetical protein
LONINKCB_01407	CDS	246				hypothetical protein
LONINKCB_01408	CDS	168				hypothetical protein
LONINKCB_01409	CDS	231				hypothetical protein
LONINKCB_01410	CDS	204				hypothetical protein
LONINKCB_01411	CDS	255				hypothetical protein
LONINKCB_01412	CDS	201				hypothetical protein
LONINKCB_01413	CDS	261				hypothetical protein
LONINKCB_01414	CDS	267				hypothetical protein
LONINKCB_01415	CDS	168				hypothetical protein
LONINKCB_01416	CDS	249				hypothetical protein
LONINKCB_01417	CDS	255				hypothetical protein
LONINKCB_01418	CDS	276				hypothetical protein
LONINKCB_01419	CDS	231				hypothetical protein
LONINKCB_01420	CDS	198				hypothetical protein
LONINKCB_01421	CDS	330				hypothetical protein
LONINKCB_01422	CDS	276				hypothetical protein
LONINKCB_01423	CDS	645				hypothetical protein
LONINKCB_01424	CDS	711				hypothetical protein
LONINKCB_01425	CDS	681				hypothetical protein
LONINKCB_01426	CDS	243				hypothetical protein
LONINKCB_01427	CDS	165				hypothetical protein
LONINKCB_01428	CDS	216				hypothetical protein
LONINKCB_01429	CDS	195				hypothetical protein
LONINKCB_01430	CDS	267				hypothetical protein
LONINKCB_01431	CDS	141				hypothetical protein
LONINKCB_01432	CDS	279				hypothetical protein
LONINKCB_01433	CDS	261				hypothetical protein
LONINKCB_01434	CDS	219				hypothetical protein
LONINKCB_01435	CDS	282				hypothetical protein
LONINKCB_01436	CDS	213				hypothetical protein
LONINKCB_01437	CDS	237				hypothetical protein
LONINKCB_01438	CDS	195				hypothetical protein
LONINKCB_01439	CDS	192				hypothetical protein
LONINKCB_01440	CDS	186				hypothetical protein
LONINKCB_01441	CDS	210				hypothetical protein
LONINKCB_01442	CDS	171				hypothetical protein
LONINKCB_01443	CDS	303				hypothetical protein
LONINKCB_01444	CDS	258				hypothetical protein
LONINKCB_01445	CDS	333				hypothetical protein
LONINKCB_01446	CDS	210				hypothetical protein
LONINKCB_01447	CDS	237				hypothetical protein
LONINKCB_01448	CDS	195				hypothetical protein
LONINKCB_01449	CDS	333				hypothetical protein
LONINKCB_01450	CDS	231				hypothetical protein
LONINKCB_01451	CDS	375				hypothetical protein
LONINKCB_01452	CDS	186				hypothetical protein
LONINKCB_01453	CDS	156				hypothetical protein
LONINKCB_01454	CDS	288				hypothetical protein
LONINKCB_01455	CDS	240				hypothetical protein
LONINKCB_01456	CDS	219				hypothetical protein
LONINKCB_01457	CDS	339				hypothetical protein
LONINKCB_01458	CDS	261				hypothetical protein
LONINKCB_01459	CDS	288				hypothetical protein
LONINKCB_01460	CDS	204				hypothetical protein
LONINKCB_01461	CDS	231				hypothetical protein
LONINKCB_01462	CDS	165				hypothetical protein
LONINKCB_01463	CDS	318				hypothetical protein
LONINKCB_01464	CDS	450				hypothetical protein
LONINKCB_01465	CDS	198				hypothetical protein
LONINKCB_01466	CDS	246				hypothetical protein
LONINKCB_01467	CDS	174				hypothetical protein
LONINKCB_01468	CDS	279				hypothetical protein
LONINKCB_01469	CDS	201				hypothetical protein
LONINKCB_01470	CDS	171				hypothetical protein
LONINKCB_01471	CDS	282				hypothetical protein
LONINKCB_01472	CDS	183				hypothetical protein
LONINKCB_01473	CDS	216				hypothetical protein
LONINKCB_01474	CDS	216				hypothetical protein
LONINKCB_01475	tRNA	94				tRNA-Gly(tcc)
LONINKCB_01476	CDS	198				hypothetical protein
LONINKCB_01477	CDS	237				hypothetical protein
LONINKCB_01478	CDS	180				hypothetical protein
LONINKCB_01479	CDS	222				hypothetical protein
LONINKCB_01480	CDS	258				hypothetical protein
LONINKCB_01481	CDS	243				hypothetical protein
LONINKCB_01482	CDS	216				hypothetical protein
LONINKCB_01483	CDS	192				hypothetical protein
LONINKCB_01484	CDS	210				hypothetical protein
LONINKCB_01485	CDS	474				hypothetical protein
LONINKCB_01486	CDS	615				hypothetical protein
LONINKCB_01487	CDS	2091				hypothetical protein
LONINKCB_01488	CDS	297				hypothetical protein
LONINKCB_01489	CDS	189				hypothetical protein
LONINKCB_01490	CDS	159				hypothetical protein
LONINKCB_01491	CDS	234				hypothetical protein
LONINKCB_01492	CDS	315				hypothetical protein
LONINKCB_01493	CDS	198				hypothetical protein
LONINKCB_01494	CDS	237				hypothetical protein
LONINKCB_01495	CDS	414				hypothetical protein
LONINKCB_01496	CDS	243				hypothetical protein
LONINKCB_01497	CDS	282				hypothetical protein
LONINKCB_01498	CDS	444				hypothetical protein
LONINKCB_01499	CDS	189				hypothetical protein
LONINKCB_01500	CDS	306				hypothetical protein
LONINKCB_01501	CDS	657	rnhA	3.1.26.4		Ribonuclease H
LONINKCB_01502	CDS	402				hypothetical protein
LONINKCB_01503	CDS	387				hypothetical protein
LONINKCB_01504	CDS	225				hypothetical protein
LONINKCB_01505	CDS	165				hypothetical protein
LONINKCB_01506	CDS	309				hypothetical protein
LONINKCB_01507	CDS	537				hypothetical protein
LONINKCB_01508	CDS	177				hypothetical protein
LONINKCB_01509	CDS	285				hypothetical protein
LONINKCB_01510	CDS	231				hypothetical protein
LONINKCB_01511	CDS	138				hypothetical protein
LONINKCB_01512	CDS	330				hypothetical protein
LONINKCB_01513	CDS	315				hypothetical protein
LONINKCB_01514	CDS	300				hypothetical protein
LONINKCB_01515	CDS	306				hypothetical protein
LONINKCB_01516	CDS	171				hypothetical protein
LONINKCB_01517	CDS	237				hypothetical protein
LONINKCB_01518	CDS	147				hypothetical protein
LONINKCB_01519	CDS	276				hypothetical protein
LONINKCB_01520	CDS	207				hypothetical protein
LONINKCB_01521	CDS	144				hypothetical protein
LONINKCB_01522	CDS	219				hypothetical protein
LONINKCB_01523	CDS	201				hypothetical protein
LONINKCB_01524	CDS	264				hypothetical protein
LONINKCB_01525	CDS	192				hypothetical protein
LONINKCB_01526	CDS	357				hypothetical protein
LONINKCB_01527	CDS	219				hypothetical protein
LONINKCB_01528	CDS	282				hypothetical protein
LONINKCB_01529	CDS	201				hypothetical protein
LONINKCB_01530	CDS	192				hypothetical protein
LONINKCB_01531	CDS	312				hypothetical protein
LONINKCB_01532	CDS	531				hypothetical protein
LONINKCB_01533	CDS	261				hypothetical protein
LONINKCB_01534	CDS	195				hypothetical protein
LONINKCB_01535	CDS	960				hypothetical protein
LONINKCB_01536	CDS	207				hypothetical protein
LONINKCB_01537	CDS	747				hypothetical protein
LONINKCB_01538	CDS	405				hypothetical protein
LONINKCB_01539	CDS	204				hypothetical protein
LONINKCB_01540	CDS	240				hypothetical protein
LONINKCB_01541	CDS	309				hypothetical protein
LONINKCB_01542	CDS	231				hypothetical protein
LONINKCB_01543	CDS	285				hypothetical protein
LONINKCB_01544	CDS	255				hypothetical protein
LONINKCB_01545	CDS	201				hypothetical protein
LONINKCB_01546	CDS	207				hypothetical protein
LONINKCB_01547	CDS	258				hypothetical protein
LONINKCB_01548	CDS	213				hypothetical protein
LONINKCB_01549	CDS	135				hypothetical protein
LONINKCB_01550	CDS	210				hypothetical protein
LONINKCB_01551	CDS	360				hypothetical protein
LONINKCB_01552	CDS	240				hypothetical protein
LONINKCB_01553	CDS	249				hypothetical protein
LONINKCB_01554	CDS	138				hypothetical protein
LONINKCB_01555	CDS	315				hypothetical protein
LONINKCB_01556	CDS	639				hypothetical protein
LONINKCB_01557	CDS	225				hypothetical protein
LONINKCB_01558	CDS	312				hypothetical protein
LONINKCB_01559	CDS	327				hypothetical protein
LONINKCB_01560	CDS	192				hypothetical protein
LONINKCB_01561	CDS	198				hypothetical protein
LONINKCB_01562	CDS	315				hypothetical protein
LONINKCB_01563	CDS	165				hypothetical protein
LONINKCB_01564	CDS	222				hypothetical protein
LONINKCB_01565	CDS	261				hypothetical protein
LONINKCB_01566	CDS	180				hypothetical protein
LONINKCB_01567	CDS	234				hypothetical protein
LONINKCB_01568	CDS	246				hypothetical protein
LONINKCB_01569	CDS	174				hypothetical protein
LONINKCB_01570	CDS	210				hypothetical protein
LONINKCB_01571	CDS	267				hypothetical protein
LONINKCB_01572	CDS	354				hypothetical protein
LONINKCB_01573	CDS	273				hypothetical protein
LONINKCB_01574	CDS	288				hypothetical protein
LONINKCB_01575	CDS	213				hypothetical protein
LONINKCB_01576	CDS	198				hypothetical protein
LONINKCB_01577	CDS	204				hypothetical protein
LONINKCB_01578	CDS	150				hypothetical protein
LONINKCB_01579	CDS	225				hypothetical protein
LONINKCB_01580	CDS	186				hypothetical protein
LONINKCB_01581	CDS	213				hypothetical protein
LONINKCB_01582	CDS	360				hypothetical protein
LONINKCB_01583	CDS	288				hypothetical protein
LONINKCB_01584	CDS	174				hypothetical protein
LONINKCB_01585	CDS	384				hypothetical protein
LONINKCB_01586	CDS	489				hypothetical protein
LONINKCB_01587	CDS	240				hypothetical protein
LONINKCB_01588	CDS	189				hypothetical protein
LONINKCB_01589	CDS	372				hypothetical protein
LONINKCB_01590	CDS	207				hypothetical protein
LONINKCB_01591	CDS	291				hypothetical protein
LONINKCB_01592	CDS	186				hypothetical protein
LONINKCB_01593	CDS	231				hypothetical protein
LONINKCB_01594	CDS	240				hypothetical protein
LONINKCB_01595	CDS	264				hypothetical protein
LONINKCB_01596	CDS	198				hypothetical protein
LONINKCB_01597	CDS	279				hypothetical protein
LONINKCB_01598	CDS	186				hypothetical protein
LONINKCB_01599	CDS	213				hypothetical protein
LONINKCB_01600	CDS	282				hypothetical protein
LONINKCB_01601	CDS	312				hypothetical protein
LONINKCB_01602	CDS	282				hypothetical protein
LONINKCB_01603	CDS	276				hypothetical protein
LONINKCB_01604	CDS	279				hypothetical protein
LONINKCB_01605	CDS	324				hypothetical protein
LONINKCB_01606	CDS	228				hypothetical protein
LONINKCB_01607	CDS	237				hypothetical protein
LONINKCB_01608	CDS	297				hypothetical protein
LONINKCB_01609	CDS	192				hypothetical protein
LONINKCB_01610	CDS	381				hypothetical protein
LONINKCB_01611	CDS	222				hypothetical protein
LONINKCB_01612	CDS	237				hypothetical protein
LONINKCB_01613	CDS	276				hypothetical protein
LONINKCB_01614	CDS	384				hypothetical protein
LONINKCB_01615	CDS	198				hypothetical protein
LONINKCB_01616	CDS	243				hypothetical protein
LONINKCB_01617	CDS	195				hypothetical protein
LONINKCB_01618	CDS	222				hypothetical protein
LONINKCB_01619	CDS	441				hypothetical protein
LONINKCB_01620	CDS	156				hypothetical protein
LONINKCB_01621	CDS	186				hypothetical protein
LONINKCB_01622	CDS	237				hypothetical protein
LONINKCB_01623	CDS	183				hypothetical protein
LONINKCB_01624	CDS	159				hypothetical protein
LONINKCB_01625	CDS	183				hypothetical protein
LONINKCB_01626	CDS	333				hypothetical protein
LONINKCB_01627	CDS	186				hypothetical protein
LONINKCB_01628	CDS	300				hypothetical protein
LONINKCB_01629	CDS	222				hypothetical protein
LONINKCB_01630	CDS	252				hypothetical protein
LONINKCB_01631	CDS	252				hypothetical protein
LONINKCB_01632	CDS	195				hypothetical protein
LONINKCB_01633	CDS	240				hypothetical protein
LONINKCB_01634	CDS	207				hypothetical protein
LONINKCB_01635	CDS	213				hypothetical protein
LONINKCB_01636	CDS	240				hypothetical protein
LONINKCB_01637	CDS	171				hypothetical protein
LONINKCB_01638	CDS	222				hypothetical protein
LONINKCB_01639	CDS	270	ubiE_1	2.1.1.163	COG2226	Ubiquinone/menaquinone biosynthesis C-methyltransferase UbiE
LONINKCB_01640	CDS	387	ubiE_2	2.1.1.163	COG2226	Ubiquinone/menaquinone biosynthesis C-methyltransferase UbiE
LONINKCB_01641	CDS	369	ubiE_3	2.1.1.163	COG2226	Ubiquinone/menaquinone biosynthesis C-methyltransferase UbiE
LONINKCB_01642	CDS	174				hypothetical protein
LONINKCB_01643	CDS	219				hypothetical protein
LONINKCB_01644	CDS	558				hypothetical protein
LONINKCB_01645	CDS	240				hypothetical protein
LONINKCB_01646	CDS	231				hypothetical protein
LONINKCB_01647	CDS	420				hypothetical protein
LONINKCB_01648	CDS	210				hypothetical protein
LONINKCB_01649	CDS	219				hypothetical protein
LONINKCB_01650	CDS	1512				hypothetical protein
LONINKCB_01651	CDS	282				hypothetical protein
LONINKCB_01652	CDS	216				hypothetical protein
LONINKCB_01653	CDS	327				hypothetical protein
LONINKCB_01654	CDS	318				hypothetical protein
LONINKCB_01655	CDS	486				hypothetical protein
LONINKCB_01656	CDS	231				hypothetical protein
LONINKCB_01657	CDS	207				hypothetical protein
LONINKCB_01658	CDS	255				hypothetical protein
LONINKCB_01659	CDS	225				hypothetical protein
LONINKCB_01660	CDS	291				hypothetical protein
LONINKCB_01661	CDS	231				hypothetical protein
LONINKCB_01662	CDS	213				hypothetical protein
LONINKCB_01663	CDS	366				hypothetical protein
LONINKCB_01664	CDS	414				hypothetical protein
LONINKCB_01665	CDS	354				hypothetical protein
LONINKCB_01666	CDS	168				hypothetical protein
LONINKCB_01667	CDS	252				hypothetical protein
LONINKCB_01668	CDS	294				hypothetical protein
LONINKCB_01669	CDS	162				hypothetical protein
LONINKCB_01670	CDS	183				hypothetical protein
LONINKCB_01671	CDS	216				hypothetical protein
LONINKCB_01672	CDS	174				hypothetical protein
LONINKCB_01673	CDS	195				hypothetical protein
LONINKCB_01674	CDS	162				hypothetical protein
LONINKCB_01675	CDS	288				hypothetical protein
LONINKCB_01676	CDS	339				hypothetical protein
LONINKCB_01677	CDS	141				hypothetical protein
LONINKCB_01678	CDS	207				hypothetical protein
LONINKCB_01679	CDS	222				hypothetical protein
LONINKCB_01680	CDS	174				hypothetical protein
LONINKCB_01681	CDS	276				hypothetical protein
LONINKCB_01682	CDS	327				hypothetical protein
LONINKCB_01683	CDS	171				hypothetical protein
LONINKCB_01684	CDS	273				hypothetical protein
LONINKCB_01685	CDS	276				hypothetical protein
LONINKCB_01686	CDS	318				hypothetical protein
LONINKCB_01687	CDS	207				hypothetical protein
LONINKCB_01688	CDS	306				hypothetical protein
LONINKCB_01689	CDS	186				hypothetical protein
LONINKCB_01690	CDS	261				hypothetical protein
LONINKCB_01691	CDS	294				hypothetical protein
LONINKCB_01692	CDS	159				hypothetical protein
LONINKCB_01693	CDS	609			COG0369	Bifunctional cytochrome P450/NADPH--P450 reductase
LONINKCB_01694	CDS	183				hypothetical protein
LONINKCB_01695	CDS	201				hypothetical protein
LONINKCB_01696	CDS	189				hypothetical protein
LONINKCB_01697	CDS	318				hypothetical protein
LONINKCB_01698	CDS	252				hypothetical protein
LONINKCB_01699	CDS	261				hypothetical protein
LONINKCB_01700	CDS	264				hypothetical protein
LONINKCB_01701	CDS	477				hypothetical protein
LONINKCB_01702	CDS	159				hypothetical protein
LONINKCB_01703	CDS	270				hypothetical protein
LONINKCB_01704	CDS	207				hypothetical protein
LONINKCB_01705	CDS	180				hypothetical protein
LONINKCB_01706	CDS	180				hypothetical protein
LONINKCB_01707	CDS	369	ilvA	4.3.1.19	COG1171	L-threonine dehydratase biosynthetic IlvA
LONINKCB_01708	CDS	288				hypothetical protein
LONINKCB_01709	CDS	192				hypothetical protein
LONINKCB_01710	CDS	186				hypothetical protein
LONINKCB_01711	CDS	219				hypothetical protein
LONINKCB_01712	CDS	228				hypothetical protein
LONINKCB_01713	CDS	273				hypothetical protein
LONINKCB_01714	CDS	198				hypothetical protein
LONINKCB_01715	CDS	219				hypothetical protein
LONINKCB_01716	CDS	180				hypothetical protein
LONINKCB_01717	CDS	318				hypothetical protein
LONINKCB_01718	CDS	210				hypothetical protein
LONINKCB_01719	CDS	333				hypothetical protein
LONINKCB_01720	CDS	354				hypothetical protein
LONINKCB_01721	CDS	198				hypothetical protein
LONINKCB_01722	CDS	333				hypothetical protein
LONINKCB_01723	CDS	570				hypothetical protein
LONINKCB_01724	CDS	369				hypothetical protein
LONINKCB_01725	CDS	237				hypothetical protein
LONINKCB_01726	CDS	207				hypothetical protein
LONINKCB_01727	CDS	168				hypothetical protein
LONINKCB_01728	CDS	507				hypothetical protein
LONINKCB_01729	CDS	237				hypothetical protein
LONINKCB_01730	CDS	669				hypothetical protein
LONINKCB_01731	CDS	234				hypothetical protein
LONINKCB_01732	CDS	846				hypothetical protein
LONINKCB_01733	CDS	261				hypothetical protein
LONINKCB_01734	CDS	201				hypothetical protein
LONINKCB_01735	CDS	216				hypothetical protein
LONINKCB_01736	CDS	720				hypothetical protein
LONINKCB_01737	CDS	228				hypothetical protein
LONINKCB_01738	CDS	561				hypothetical protein
LONINKCB_01739	CDS	234				hypothetical protein
LONINKCB_01740	CDS	960				hypothetical protein
LONINKCB_01741	CDS	321				hypothetical protein
LONINKCB_01742	CDS	291				hypothetical protein
LONINKCB_01743	CDS	243				hypothetical protein
LONINKCB_01744	CDS	294				hypothetical protein
LONINKCB_01745	CDS	258				hypothetical protein
LONINKCB_01746	CDS	174				hypothetical protein
LONINKCB_01747	CDS	291				hypothetical protein
LONINKCB_01748	CDS	144				hypothetical protein
LONINKCB_01749	CDS	204				hypothetical protein
LONINKCB_01750	CDS	231				hypothetical protein
LONINKCB_01751	CDS	219				hypothetical protein
LONINKCB_01752	CDS	198				hypothetical protein
LONINKCB_01753	CDS	171				hypothetical protein
LONINKCB_01754	CDS	309				hypothetical protein
LONINKCB_01755	CDS	285				hypothetical protein
LONINKCB_01756	CDS	153				hypothetical protein
LONINKCB_01757	CDS	180				hypothetical protein
LONINKCB_01758	CDS	174				hypothetical protein
LONINKCB_01759	CDS	252				hypothetical protein
LONINKCB_01760	CDS	411				hypothetical protein
LONINKCB_01761	CDS	324				hypothetical protein
LONINKCB_01762	CDS	177				hypothetical protein
LONINKCB_01763	CDS	207				hypothetical protein
LONINKCB_01764	CDS	333				hypothetical protein
LONINKCB_01765	CDS	183				hypothetical protein
LONINKCB_01766	CDS	201				hypothetical protein
LONINKCB_01767	CDS	294				hypothetical protein
LONINKCB_01768	CDS	204				hypothetical protein
LONINKCB_01769	CDS	180				hypothetical protein
LONINKCB_01770	CDS	156				hypothetical protein
LONINKCB_01771	CDS	426				hypothetical protein
LONINKCB_01772	CDS	198				hypothetical protein
LONINKCB_01773	CDS	225				hypothetical protein
LONINKCB_01774	CDS	192				hypothetical protein
LONINKCB_01775	CDS	183				hypothetical protein
LONINKCB_01776	CDS	255				hypothetical protein
LONINKCB_01777	CDS	198				hypothetical protein
LONINKCB_01778	CDS	240				hypothetical protein
LONINKCB_01779	CDS	222				hypothetical protein
LONINKCB_01780	CDS	276				hypothetical protein
LONINKCB_01781	CDS	159				hypothetical protein
LONINKCB_01782	CDS	207				hypothetical protein
LONINKCB_01783	CDS	189				hypothetical protein
LONINKCB_01784	CDS	297				hypothetical protein
LONINKCB_01785	CDS	228				hypothetical protein
LONINKCB_01786	CDS	294				hypothetical protein
LONINKCB_01787	CDS	345				hypothetical protein
LONINKCB_01788	CDS	450				hypothetical protein
LONINKCB_01789	CDS	255				hypothetical protein
LONINKCB_01790	CDS	222				hypothetical protein
LONINKCB_01791	CDS	201				hypothetical protein
LONINKCB_01792	CDS	306				hypothetical protein
LONINKCB_01793	CDS	285				hypothetical protein
LONINKCB_01794	CDS	186				hypothetical protein
LONINKCB_01795	CDS	252				hypothetical protein
LONINKCB_01796	CDS	297				hypothetical protein
LONINKCB_01797	CDS	279				hypothetical protein
LONINKCB_01798	CDS	231				hypothetical protein
LONINKCB_01799	CDS	213				hypothetical protein
LONINKCB_01800	CDS	186				hypothetical protein
LONINKCB_01801	CDS	255				hypothetical protein
LONINKCB_01802	CDS	288				hypothetical protein
LONINKCB_01803	CDS	357				hypothetical protein
LONINKCB_01804	CDS	195				hypothetical protein
LONINKCB_01805	CDS	546				hypothetical protein
LONINKCB_01806	CDS	285				hypothetical protein
LONINKCB_01807	CDS	432				hypothetical protein
LONINKCB_01808	CDS	192				hypothetical protein
LONINKCB_01809	CDS	240				hypothetical protein
LONINKCB_01810	CDS	375				hypothetical protein
LONINKCB_01811	CDS	465				hypothetical protein
LONINKCB_01812	CDS	297				hypothetical protein
LONINKCB_01813	CDS	264				hypothetical protein
LONINKCB_01814	CDS	201				hypothetical protein
LONINKCB_01815	CDS	249				hypothetical protein
LONINKCB_01816	CDS	162				hypothetical protein
LONINKCB_01817	CDS	147				hypothetical protein
LONINKCB_01818	CDS	390				hypothetical protein
LONINKCB_01819	CDS	228				hypothetical protein
LONINKCB_01820	CDS	246				hypothetical protein
LONINKCB_01821	CDS	207				hypothetical protein
LONINKCB_01822	CDS	219				hypothetical protein
LONINKCB_01823	CDS	261				hypothetical protein
LONINKCB_01824	CDS	363				hypothetical protein
LONINKCB_01825	CDS	249				hypothetical protein
LONINKCB_01826	CDS	159				hypothetical protein
LONINKCB_01827	CDS	387				hypothetical protein
LONINKCB_01828	CDS	198				hypothetical protein
LONINKCB_01829	CDS	183				hypothetical protein
LONINKCB_01830	CDS	126				hypothetical protein
LONINKCB_01831	CDS	174				hypothetical protein
LONINKCB_01832	CDS	156				hypothetical protein
LONINKCB_01833	CDS	363				hypothetical protein
LONINKCB_01834	CDS	231				hypothetical protein
LONINKCB_01835	CDS	291				hypothetical protein
LONINKCB_01836	CDS	159				hypothetical protein
LONINKCB_01837	CDS	270				hypothetical protein
LONINKCB_01838	CDS	222				hypothetical protein
LONINKCB_01839	CDS	303				hypothetical protein
LONINKCB_01840	CDS	288				hypothetical protein
LONINKCB_01841	CDS	654				hypothetical protein
LONINKCB_01842	CDS	285				hypothetical protein
LONINKCB_01843	CDS	192				hypothetical protein
LONINKCB_01844	CDS	189				hypothetical protein
LONINKCB_01845	CDS	432				hypothetical protein
LONINKCB_01846	CDS	270				hypothetical protein
LONINKCB_01847	CDS	531				hypothetical protein
LONINKCB_01848	CDS	333				hypothetical protein
LONINKCB_01849	CDS	204				hypothetical protein
LONINKCB_01850	CDS	156				hypothetical protein
LONINKCB_01851	CDS	288				hypothetical protein
LONINKCB_01852	CDS	207				hypothetical protein
LONINKCB_01853	CDS	333				hypothetical protein
LONINKCB_01854	CDS	171				hypothetical protein
LONINKCB_01855	CDS	216				hypothetical protein
LONINKCB_01856	CDS	237				hypothetical protein
LONINKCB_01857	CDS	228				hypothetical protein
LONINKCB_01858	CDS	651				hypothetical protein
LONINKCB_01859	CDS	435				hypothetical protein
LONINKCB_01860	CDS	210				hypothetical protein
LONINKCB_01861	CDS	273				hypothetical protein
LONINKCB_01862	CDS	255				hypothetical protein
LONINKCB_01863	CDS	333				hypothetical protein
LONINKCB_01864	CDS	204				hypothetical protein
LONINKCB_01865	CDS	156				hypothetical protein
LONINKCB_01866	CDS	288				hypothetical protein
LONINKCB_01867	CDS	1293				hypothetical protein
LONINKCB_01868	CDS	171				hypothetical protein
LONINKCB_01869	CDS	477				hypothetical protein
LONINKCB_01870	CDS	258				hypothetical protein
LONINKCB_01871	CDS	807				hypothetical protein
LONINKCB_01872	CDS	177				hypothetical protein
LONINKCB_01873	CDS	213				hypothetical protein
LONINKCB_01874	CDS	192				hypothetical protein
LONINKCB_01875	CDS	159				hypothetical protein
LONINKCB_01876	CDS	237				hypothetical protein
LONINKCB_01877	CDS	216	hlyB		COG2274	Alpha-hemolysin translocation ATP-binding protein HlyB
LONINKCB_01878	CDS	525		3.6.3.-		Putative multidrug export ATP-binding/permease protein
LONINKCB_01879	CDS	351				hypothetical protein
LONINKCB_01880	CDS	846				hypothetical protein
LONINKCB_01881	CDS	276			COG1132	putative ABC transporter ATP-binding protein
LONINKCB_01882	CDS	327		3.6.3.-		Putative multidrug export ATP-binding/permease protein
LONINKCB_01883	CDS	831				hypothetical protein
LONINKCB_01884	CDS	252				hypothetical protein
LONINKCB_01885	CDS	189				hypothetical protein
LONINKCB_01886	CDS	210				hypothetical protein
LONINKCB_01887	CDS	204				hypothetical protein
LONINKCB_01888	CDS	213				hypothetical protein
LONINKCB_01889	CDS	438				hypothetical protein
LONINKCB_01890	CDS	357				hypothetical protein
LONINKCB_01891	CDS	453				hypothetical protein
LONINKCB_01892	CDS	312				hypothetical protein
LONINKCB_01893	CDS	249				hypothetical protein
LONINKCB_01894	CDS	186				hypothetical protein
LONINKCB_01895	CDS	564				hypothetical protein
LONINKCB_01896	CDS	177				hypothetical protein
LONINKCB_01897	CDS	198				hypothetical protein
LONINKCB_01898	CDS	210				hypothetical protein
LONINKCB_01899	CDS	213				hypothetical protein
LONINKCB_01900	CDS	405				hypothetical protein
LONINKCB_01901	CDS	153				hypothetical protein
LONINKCB_01902	CDS	141				hypothetical protein
LONINKCB_01903	CDS	222				hypothetical protein
LONINKCB_01904	CDS	246				hypothetical protein
LONINKCB_01905	CDS	228				hypothetical protein
LONINKCB_01906	CDS	306				hypothetical protein
LONINKCB_01907	CDS	156				hypothetical protein
LONINKCB_01908	CDS	195				hypothetical protein
LONINKCB_01909	CDS	339				hypothetical protein
LONINKCB_01910	CDS	270				hypothetical protein
LONINKCB_01911	CDS	318				hypothetical protein
LONINKCB_01912	CDS	153				hypothetical protein
LONINKCB_01913	CDS	366				hypothetical protein
LONINKCB_01914	CDS	483				hypothetical protein
LONINKCB_01915	CDS	228				hypothetical protein
LONINKCB_01916	CDS	195				hypothetical protein
LONINKCB_01917	CDS	228				hypothetical protein
LONINKCB_01918	CDS	273				hypothetical protein
LONINKCB_01919	CDS	363				hypothetical protein
LONINKCB_01920	CDS	141				hypothetical protein
LONINKCB_01921	CDS	309				hypothetical protein
LONINKCB_01922	CDS	282				hypothetical protein
LONINKCB_01923	CDS	183				hypothetical protein
LONINKCB_01924	CDS	234				hypothetical protein
LONINKCB_01925	CDS	198				hypothetical protein
LONINKCB_01926	CDS	261				hypothetical protein
LONINKCB_01927	CDS	252				hypothetical protein
LONINKCB_01928	CDS	258				hypothetical protein
LONINKCB_01929	CDS	198				hypothetical protein
LONINKCB_01930	CDS	234				hypothetical protein
LONINKCB_01931	CDS	219				hypothetical protein
LONINKCB_01932	CDS	300				hypothetical protein
LONINKCB_01933	CDS	264				hypothetical protein
LONINKCB_01934	CDS	252				hypothetical protein
LONINKCB_01935	CDS	303				hypothetical protein
LONINKCB_01936	CDS	489				hypothetical protein
LONINKCB_01937	CDS	186				hypothetical protein
LONINKCB_01938	CDS	390				hypothetical protein
LONINKCB_01939	CDS	273				hypothetical protein
LONINKCB_01940	CDS	351				hypothetical protein
LONINKCB_01941	CDS	186				hypothetical protein
LONINKCB_01942	CDS	210				hypothetical protein
LONINKCB_01943	CDS	204				hypothetical protein
LONINKCB_01944	CDS	225				hypothetical protein
LONINKCB_01945	CDS	165				hypothetical protein
LONINKCB_01946	CDS	285				hypothetical protein
LONINKCB_01947	CDS	306				hypothetical protein
LONINKCB_01948	CDS	213				hypothetical protein
LONINKCB_01949	CDS	231				hypothetical protein
LONINKCB_01950	CDS	246				hypothetical protein
LONINKCB_01951	CDS	156				hypothetical protein
LONINKCB_01952	CDS	246				hypothetical protein
LONINKCB_01953	CDS	516				hypothetical protein
LONINKCB_01954	CDS	240				hypothetical protein
LONINKCB_01955	CDS	210				hypothetical protein
LONINKCB_01956	CDS	216				hypothetical protein
LONINKCB_01957	CDS	351				hypothetical protein
LONINKCB_01958	CDS	408				hypothetical protein
LONINKCB_01959	CDS	369				hypothetical protein
LONINKCB_01960	CDS	210				hypothetical protein
LONINKCB_01961	CDS	327				hypothetical protein
LONINKCB_01962	CDS	201				hypothetical protein
LONINKCB_01963	CDS	192				hypothetical protein
LONINKCB_01964	CDS	378				hypothetical protein
LONINKCB_01965	CDS	195				hypothetical protein
LONINKCB_01966	CDS	315				hypothetical protein
LONINKCB_01967	CDS	207				hypothetical protein
LONINKCB_01968	CDS	258				hypothetical protein
LONINKCB_01969	CDS	231				hypothetical protein
LONINKCB_01970	CDS	186				hypothetical protein
LONINKCB_01971	CDS	213				hypothetical protein
LONINKCB_01972	CDS	192				hypothetical protein
LONINKCB_01973	CDS	201				hypothetical protein
LONINKCB_01974	CDS	207				hypothetical protein
LONINKCB_01975	CDS	321				hypothetical protein
LONINKCB_01976	CDS	159				hypothetical protein
LONINKCB_01977	CDS	468				hypothetical protein
LONINKCB_01978	CDS	288				hypothetical protein
LONINKCB_01979	CDS	327				hypothetical protein
LONINKCB_01980	CDS	282				hypothetical protein
LONINKCB_01981	CDS	201				hypothetical protein
LONINKCB_01982	CDS	243				hypothetical protein
LONINKCB_01983	CDS	240				hypothetical protein
LONINKCB_01984	CDS	177				hypothetical protein
LONINKCB_01985	CDS	225				hypothetical protein
LONINKCB_01986	CDS	300				hypothetical protein
LONINKCB_01987	CDS	207				hypothetical protein
LONINKCB_01988	CDS	270				hypothetical protein
LONINKCB_01989	CDS	300				hypothetical protein
LONINKCB_01990	CDS	189				hypothetical protein
LONINKCB_01991	CDS	219				hypothetical protein
LONINKCB_01992	CDS	306				hypothetical protein
LONINKCB_01993	CDS	435				hypothetical protein
LONINKCB_01994	CDS	300				hypothetical protein
LONINKCB_01995	CDS	267				hypothetical protein
LONINKCB_01996	CDS	180				hypothetical protein
LONINKCB_01997	CDS	648				hypothetical protein
LONINKCB_01998	CDS	189				hypothetical protein
LONINKCB_01999	CDS	231				hypothetical protein
LONINKCB_02000	CDS	267				hypothetical protein
LONINKCB_02001	CDS	186				hypothetical protein
LONINKCB_02002	CDS	198				hypothetical protein
LONINKCB_02003	CDS	351				hypothetical protein
LONINKCB_02004	CDS	513				hypothetical protein
LONINKCB_02005	CDS	279				hypothetical protein
LONINKCB_02006	CDS	204				hypothetical protein
LONINKCB_02007	CDS	246				hypothetical protein
LONINKCB_02008	CDS	204				hypothetical protein
LONINKCB_02009	CDS	381				hypothetical protein
LONINKCB_02010	CDS	189				hypothetical protein
LONINKCB_02011	CDS	180				hypothetical protein
LONINKCB_02012	CDS	201				hypothetical protein
LONINKCB_02013	CDS	201				hypothetical protein
LONINKCB_02014	CDS	180				hypothetical protein
LONINKCB_02015	CDS	234				hypothetical protein
LONINKCB_02016	CDS	180				hypothetical protein
LONINKCB_02017	CDS	201				hypothetical protein
LONINKCB_02018	CDS	234				hypothetical protein
LONINKCB_02019	CDS	234				hypothetical protein
LONINKCB_02020	CDS	201				hypothetical protein
LONINKCB_02021	CDS	180				hypothetical protein
LONINKCB_02022	CDS	201				hypothetical protein
LONINKCB_02023	CDS	180				hypothetical protein
LONINKCB_02024	CDS	201				hypothetical protein
LONINKCB_02025	CDS	180				hypothetical protein
LONINKCB_02026	CDS	201				hypothetical protein
LONINKCB_02027	CDS	180				hypothetical protein
LONINKCB_02028	CDS	234				hypothetical protein
LONINKCB_02029	CDS	180				hypothetical protein
LONINKCB_02030	CDS	234				hypothetical protein
LONINKCB_02031	CDS	201				hypothetical protein
LONINKCB_02032	CDS	234				hypothetical protein
LONINKCB_02033	CDS	234				hypothetical protein
LONINKCB_02034	CDS	201				hypothetical protein
LONINKCB_02035	CDS	180				hypothetical protein
LONINKCB_02036	CDS	276				hypothetical protein
LONINKCB_02037	CDS	201				hypothetical protein
LONINKCB_02038	CDS	180				hypothetical protein
LONINKCB_02039	CDS	201				hypothetical protein
LONINKCB_02040	CDS	234				hypothetical protein
LONINKCB_02041	CDS	456				hypothetical protein
LONINKCB_02042	CDS	180				hypothetical protein
LONINKCB_02043	CDS	180				hypothetical protein
LONINKCB_02044	CDS	318				hypothetical protein
LONINKCB_02045	CDS	138				hypothetical protein
LONINKCB_02046	CDS	201				hypothetical protein
LONINKCB_02047	CDS	180				hypothetical protein
LONINKCB_02048	CDS	138				hypothetical protein
LONINKCB_02049	CDS	201				hypothetical protein
LONINKCB_02050	CDS	249				hypothetical protein
LONINKCB_02051	CDS	180				hypothetical protein
LONINKCB_02052	CDS	180				hypothetical protein
LONINKCB_02053	CDS	231				hypothetical protein
LONINKCB_02054	CDS	318				hypothetical protein
LONINKCB_02055	CDS	201				hypothetical protein
LONINKCB_02056	CDS	339				hypothetical protein
LONINKCB_02057	CDS	201				hypothetical protein
LONINKCB_02058	CDS	180				hypothetical protein
LONINKCB_02059	CDS	510				hypothetical protein
LONINKCB_02060	CDS	555				hypothetical protein
LONINKCB_02061	CDS	375				hypothetical protein
LONINKCB_02062	CDS	201				hypothetical protein
LONINKCB_02063	CDS	180				hypothetical protein
LONINKCB_02064	CDS	180				hypothetical protein
LONINKCB_02065	CDS	138				hypothetical protein
LONINKCB_02066	CDS	261				hypothetical protein
LONINKCB_02067	CDS	201				hypothetical protein
LONINKCB_02068	CDS	249				hypothetical protein
LONINKCB_02069	CDS	180				hypothetical protein
LONINKCB_02070	CDS	180				hypothetical protein
LONINKCB_02071	CDS	180				hypothetical protein
LONINKCB_02072	CDS	201				hypothetical protein
LONINKCB_02073	CDS	201				hypothetical protein
LONINKCB_02074	CDS	180				hypothetical protein
LONINKCB_02075	CDS	201				hypothetical protein
LONINKCB_02076	CDS	180				hypothetical protein
LONINKCB_02077	CDS	132				hypothetical protein
LONINKCB_02078	CDS	240				hypothetical protein
LONINKCB_02079	CDS	663				hypothetical protein
LONINKCB_02080	CDS	138				hypothetical protein
LONINKCB_02081	CDS	147				hypothetical protein
LONINKCB_02082	CDS	318				hypothetical protein
LONINKCB_02083	CDS	180				hypothetical protein
LONINKCB_02084	CDS	180				hypothetical protein
LONINKCB_02085	CDS	180				hypothetical protein
LONINKCB_02086	CDS	276				hypothetical protein
LONINKCB_02087	CDS	180				hypothetical protein
LONINKCB_02088	CDS	201				hypothetical protein
LONINKCB_02089	CDS	180				hypothetical protein
LONINKCB_02090	CDS	180				hypothetical protein
LONINKCB_02091	CDS	180				hypothetical protein
LONINKCB_02092	CDS	180				hypothetical protein
LONINKCB_02093	CDS	201				hypothetical protein
LONINKCB_02094	CDS	201				hypothetical protein
LONINKCB_02095	CDS	201				hypothetical protein
LONINKCB_02096	CDS	201				hypothetical protein
LONINKCB_02097	CDS	180				hypothetical protein
LONINKCB_02098	CDS	234				hypothetical protein
LONINKCB_02099	CDS	201				hypothetical protein
LONINKCB_02100	CDS	180				hypothetical protein
LONINKCB_02101	CDS	180				hypothetical protein
LONINKCB_02102	CDS	180				hypothetical protein
LONINKCB_02103	CDS	201				hypothetical protein
LONINKCB_02104	CDS	180				hypothetical protein
LONINKCB_02105	CDS	201				hypothetical protein
LONINKCB_02106	CDS	201				hypothetical protein
LONINKCB_02107	CDS	180				hypothetical protein
LONINKCB_02108	CDS	456				hypothetical protein
LONINKCB_02109	CDS	414				hypothetical protein
LONINKCB_02110	CDS	555				hypothetical protein
LONINKCB_02111	CDS	375				hypothetical protein
LONINKCB_02112	CDS	201				hypothetical protein
LONINKCB_02113	CDS	180				hypothetical protein
LONINKCB_02114	CDS	201				hypothetical protein
LONINKCB_02115	CDS	180				hypothetical protein
LONINKCB_02116	CDS	201				hypothetical protein
LONINKCB_02117	CDS	201				hypothetical protein
LONINKCB_02118	CDS	180				hypothetical protein
LONINKCB_02119	CDS	201				hypothetical protein
LONINKCB_02120	CDS	180				hypothetical protein
LONINKCB_02121	CDS	180				hypothetical protein
LONINKCB_02122	CDS	180				hypothetical protein
LONINKCB_02123	CDS	201				hypothetical protein
LONINKCB_02124	CDS	201				hypothetical protein
LONINKCB_02125	CDS	180				hypothetical protein
LONINKCB_02126	CDS	201				hypothetical protein
LONINKCB_02127	CDS	180				hypothetical protein
LONINKCB_02128	CDS	240				hypothetical protein
LONINKCB_02129	CDS	387				hypothetical protein
LONINKCB_02130	CDS	318				hypothetical protein
LONINKCB_02131	CDS	138				hypothetical protein
LONINKCB_02132	CDS	147				hypothetical protein
LONINKCB_02133	CDS	318				hypothetical protein
LONINKCB_02134	CDS	180				hypothetical protein
LONINKCB_02135	CDS	180				hypothetical protein
LONINKCB_02136	CDS	180				hypothetical protein
LONINKCB_02137	CDS	276				hypothetical protein
LONINKCB_02138	CDS	201				hypothetical protein
LONINKCB_02139	CDS	180				hypothetical protein
LONINKCB_02140	CDS	201				hypothetical protein
LONINKCB_02141	CDS	180				hypothetical protein
LONINKCB_02142	CDS	201				hypothetical protein
LONINKCB_02143	CDS	201				hypothetical protein
LONINKCB_02144	CDS	180				hypothetical protein
LONINKCB_02145	CDS	318				hypothetical protein
LONINKCB_02146	CDS	180				hypothetical protein
LONINKCB_02147	CDS	372				hypothetical protein
LONINKCB_02148	CDS	459				hypothetical protein
LONINKCB_02149	CDS	375				hypothetical protein
LONINKCB_02150	CDS	201				hypothetical protein
LONINKCB_02151	CDS	180				hypothetical protein
LONINKCB_02152	CDS	201				hypothetical protein
LONINKCB_02153	CDS	180				hypothetical protein
LONINKCB_02154	CDS	201				hypothetical protein
LONINKCB_02155	CDS	201				hypothetical protein
LONINKCB_02156	CDS	180				hypothetical protein
LONINKCB_02157	CDS	234				hypothetical protein
LONINKCB_02158	CDS	201				hypothetical protein
LONINKCB_02159	CDS	180				hypothetical protein
LONINKCB_02160	CDS	234				hypothetical protein
LONINKCB_02161	CDS	318				hypothetical protein
LONINKCB_02162	CDS	279				hypothetical protein
LONINKCB_02163	CDS	231				hypothetical protein
LONINKCB_02164	CDS	291				hypothetical protein
LONINKCB_02165	CDS	183				hypothetical protein
LONINKCB_02166	CDS	180				hypothetical protein
LONINKCB_02167	CDS	195				hypothetical protein
LONINKCB_02168	CDS	234				hypothetical protein
LONINKCB_02169	CDS	195				hypothetical protein
LONINKCB_02170	CDS	210				hypothetical protein
LONINKCB_02171	CDS	210				hypothetical protein
LONINKCB_02172	CDS	201				hypothetical protein
LONINKCB_02173	CDS	180				hypothetical protein
LONINKCB_02174	CDS	201				hypothetical protein
LONINKCB_02175	CDS	180				hypothetical protein
LONINKCB_02176	CDS	138				hypothetical protein
LONINKCB_02177	CDS	201				hypothetical protein
LONINKCB_02178	CDS	261				hypothetical protein
LONINKCB_02179	CDS	201				hypothetical protein
LONINKCB_02180	CDS	243				hypothetical protein
LONINKCB_02181	CDS	180				hypothetical protein
LONINKCB_02182	CDS	180				hypothetical protein
LONINKCB_02183	CDS	201				hypothetical protein
LONINKCB_02184	CDS	180				hypothetical protein
LONINKCB_02185	CDS	201				hypothetical protein
LONINKCB_02186	CDS	180				hypothetical protein
LONINKCB_02187	CDS	138				hypothetical protein
LONINKCB_02188	CDS	201				hypothetical protein
LONINKCB_02189	CDS	180				hypothetical protein
LONINKCB_02190	CDS	138				hypothetical protein
LONINKCB_02191	CDS	201				hypothetical protein
LONINKCB_02192	CDS	249				hypothetical protein
LONINKCB_02193	CDS	180				hypothetical protein
LONINKCB_02194	CDS	180				hypothetical protein
LONINKCB_02195	CDS	318				hypothetical protein
LONINKCB_02196	CDS	234				hypothetical protein
LONINKCB_02197	CDS	180				hypothetical protein
LONINKCB_02198	CDS	510				hypothetical protein
LONINKCB_02199	CDS	201				hypothetical protein
LONINKCB_02200	CDS	180				hypothetical protein
LONINKCB_02201	CDS	201				hypothetical protein
LONINKCB_02202	CDS	180				hypothetical protein
LONINKCB_02203	CDS	201				hypothetical protein
LONINKCB_02204	CDS	201				hypothetical protein
LONINKCB_02205	CDS	180				hypothetical protein
LONINKCB_02206	CDS	234				hypothetical protein
LONINKCB_02207	CDS	201				hypothetical protein
LONINKCB_02208	CDS	180				hypothetical protein
LONINKCB_02209	CDS	201				hypothetical protein
LONINKCB_02210	CDS	234				hypothetical protein
LONINKCB_02211	CDS	201				hypothetical protein
LONINKCB_02212	CDS	180				hypothetical protein
LONINKCB_02213	CDS	279				hypothetical protein
LONINKCB_02214	CDS	180				hypothetical protein
LONINKCB_02215	CDS	234				hypothetical protein
LONINKCB_02216	CDS	147				hypothetical protein
LONINKCB_02217	CDS	276				hypothetical protein
LONINKCB_02218	CDS	180				hypothetical protein
LONINKCB_02219	CDS	201				hypothetical protein
LONINKCB_02220	CDS	180				hypothetical protein
LONINKCB_02221	CDS	279				hypothetical protein
LONINKCB_02222	CDS	180				hypothetical protein
LONINKCB_02223	CDS	180				hypothetical protein
LONINKCB_02224	CDS	180				hypothetical protein
LONINKCB_02225	CDS	201				hypothetical protein
LONINKCB_02226	CDS	201				hypothetical protein
LONINKCB_02227	CDS	339				hypothetical protein
LONINKCB_02228	CDS	180				hypothetical protein
LONINKCB_02229	CDS	138				hypothetical protein
LONINKCB_02230	CDS	201				hypothetical protein
LONINKCB_02231	CDS	180				hypothetical protein
LONINKCB_02232	CDS	138				hypothetical protein
LONINKCB_02233	CDS	180				hypothetical protein
LONINKCB_02234	CDS	201				hypothetical protein
LONINKCB_02235	CDS	180				hypothetical protein
LONINKCB_02236	CDS	348				hypothetical protein
LONINKCB_02237	CDS	180				hypothetical protein
LONINKCB_02238	CDS	234				hypothetical protein
LONINKCB_02239	CDS	201				hypothetical protein
LONINKCB_02240	CDS	261				hypothetical protein
LONINKCB_02241	CDS	189				hypothetical protein
LONINKCB_02242	CDS	249				hypothetical protein
LONINKCB_02243	CDS	180				hypothetical protein
LONINKCB_02244	CDS	180				hypothetical protein
LONINKCB_02245	CDS	201				hypothetical protein
LONINKCB_02246	CDS	477				hypothetical protein
LONINKCB_02247	CDS	180				hypothetical protein
LONINKCB_02248	CDS	138				hypothetical protein
LONINKCB_02249	CDS	318				hypothetical protein
LONINKCB_02250	CDS	138				hypothetical protein
LONINKCB_02251	CDS	249				hypothetical protein
LONINKCB_02252	CDS	201				hypothetical protein
LONINKCB_02253	CDS	180				hypothetical protein
LONINKCB_02254	CDS	201				hypothetical protein
LONINKCB_02255	CDS	456				hypothetical protein
LONINKCB_02256	CDS	231				hypothetical protein
LONINKCB_02257	CDS	201				hypothetical protein
LONINKCB_02258	CDS	180				hypothetical protein
LONINKCB_02259	CDS	138				hypothetical protein
LONINKCB_02260	CDS	201				hypothetical protein
LONINKCB_02261	CDS	234				hypothetical protein
LONINKCB_02262	CDS	459				hypothetical protein
LONINKCB_02263	CDS	225				hypothetical protein
LONINKCB_02264	CDS	321				hypothetical protein
LONINKCB_02265	CDS	201				hypothetical protein
LONINKCB_02266	CDS	180				hypothetical protein
LONINKCB_02267	CDS	138				hypothetical protein
LONINKCB_02268	CDS	162				hypothetical protein
LONINKCB_02269	CDS	180				hypothetical protein
LONINKCB_02270	CDS	732				hypothetical protein
LONINKCB_02271	CDS	318				hypothetical protein
LONINKCB_02272	CDS	318				hypothetical protein
LONINKCB_02273	CDS	318				hypothetical protein
LONINKCB_02274	CDS	375				hypothetical protein
LONINKCB_02275	CDS	375				hypothetical protein
LONINKCB_02276	CDS	138				hypothetical protein
LONINKCB_02277	CDS	180				hypothetical protein
LONINKCB_02278	CDS	324				hypothetical protein
LONINKCB_02279	CDS	183				hypothetical protein
LONINKCB_02280	CDS	633				hypothetical protein
LONINKCB_02281	CDS	180				hypothetical protein
LONINKCB_02282	CDS	288				hypothetical protein
LONINKCB_02283	CDS	183				hypothetical protein
LONINKCB_02284	CDS	183				hypothetical protein
LONINKCB_02285	CDS	291				hypothetical protein
LONINKCB_02286	CDS	213				hypothetical protein
LONINKCB_02287	CDS	252				hypothetical protein
LONINKCB_02288	CDS	261				hypothetical protein
LONINKCB_02289	CDS	351				hypothetical protein
LONINKCB_02290	CDS	180				hypothetical protein
LONINKCB_02291	CDS	267				hypothetical protein
LONINKCB_02292	CDS	189				hypothetical protein
LONINKCB_02293	CDS	318				hypothetical protein
LONINKCB_02294	CDS	318				hypothetical protein
LONINKCB_02295	CDS	234				hypothetical protein
LONINKCB_02296	CDS	201				hypothetical protein
LONINKCB_02297	CDS	189				hypothetical protein
LONINKCB_02298	CDS	363				hypothetical protein
LONINKCB_02299	CDS	210				hypothetical protein
LONINKCB_02300	CDS	213				hypothetical protein
LONINKCB_02301	CDS	237				hypothetical protein
LONINKCB_02302	CDS	423				hypothetical protein
LONINKCB_02303	CDS	189				hypothetical protein
LONINKCB_02304	CDS	234				hypothetical protein
LONINKCB_02305	CDS	255				hypothetical protein
LONINKCB_02306	CDS	207				hypothetical protein
LONINKCB_02307	CDS	531				hypothetical protein
LONINKCB_02308	CDS	174				hypothetical protein
LONINKCB_02309	CDS	336				hypothetical protein
LONINKCB_02310	CDS	312				hypothetical protein
LONINKCB_02311	CDS	186				hypothetical protein
LONINKCB_02312	CDS	237				hypothetical protein
LONINKCB_02313	CDS	330				hypothetical protein
LONINKCB_02314	CDS	192				hypothetical protein
LONINKCB_02315	CDS	228				hypothetical protein
LONINKCB_02316	CDS	345				hypothetical protein
LONINKCB_02317	CDS	180				hypothetical protein
LONINKCB_02318	CDS	195				hypothetical protein
LONINKCB_02319	CDS	195				hypothetical protein
LONINKCB_02320	CDS	234				hypothetical protein
LONINKCB_02321	CDS	390				hypothetical protein
LONINKCB_02322	CDS	216				hypothetical protein
LONINKCB_02323	CDS	186				hypothetical protein
LONINKCB_02324	CDS	285				hypothetical protein
LONINKCB_02325	CDS	189				hypothetical protein
LONINKCB_02326	CDS	153				hypothetical protein
LONINKCB_02327	CDS	306				hypothetical protein
LONINKCB_02328	CDS	198				hypothetical protein
LONINKCB_02329	CDS	234				hypothetical protein
LONINKCB_02330	CDS	321				hypothetical protein
LONINKCB_02331	CDS	255				hypothetical protein
LONINKCB_02332	CDS	234				hypothetical protein
LONINKCB_02333	CDS	216				hypothetical protein
LONINKCB_02334	CDS	351				hypothetical protein
LONINKCB_02335	CDS	507				hypothetical protein
LONINKCB_02336	CDS	408				hypothetical protein
LONINKCB_02337	CDS	231				hypothetical protein
LONINKCB_02338	CDS	285				hypothetical protein
LONINKCB_02339	CDS	228				hypothetical protein
LONINKCB_02340	CDS	306				hypothetical protein
LONINKCB_02341	CDS	189				hypothetical protein
LONINKCB_02342	CDS	267				hypothetical protein
LONINKCB_02343	CDS	663				hypothetical protein
LONINKCB_02344	CDS	327				hypothetical protein
LONINKCB_02345	CDS	192				hypothetical protein
LONINKCB_02346	CDS	627				hypothetical protein
LONINKCB_02347	CDS	306				hypothetical protein
LONINKCB_02348	CDS	183				hypothetical protein
LONINKCB_02349	CDS	225				hypothetical protein
LONINKCB_02350	CDS	198				hypothetical protein
LONINKCB_02351	CDS	210				hypothetical protein
LONINKCB_02352	CDS	180				hypothetical protein
LONINKCB_02353	CDS	201				hypothetical protein
LONINKCB_02354	CDS	246				hypothetical protein
LONINKCB_02355	CDS	246				hypothetical protein
LONINKCB_02356	CDS	189				hypothetical protein
LONINKCB_02357	CDS	324				hypothetical protein
LONINKCB_02358	CDS	222				hypothetical protein
LONINKCB_02359	CDS	342				hypothetical protein
LONINKCB_02360	CDS	354				hypothetical protein
LONINKCB_02361	CDS	294				hypothetical protein
LONINKCB_02362	CDS	375				hypothetical protein
LONINKCB_02363	CDS	237				hypothetical protein
LONINKCB_02364	CDS	192				hypothetical protein
LONINKCB_02365	CDS	189				hypothetical protein
LONINKCB_02366	CDS	153				hypothetical protein
LONINKCB_02367	CDS	261				hypothetical protein
LONINKCB_02368	CDS	240				hypothetical protein
LONINKCB_02369	CDS	321				hypothetical protein
LONINKCB_02370	CDS	231				hypothetical protein
LONINKCB_02371	CDS	459				hypothetical protein
LONINKCB_02372	CDS	222				hypothetical protein
LONINKCB_02373	CDS	180				hypothetical protein
LONINKCB_02374	CDS	231				hypothetical protein
LONINKCB_02375	CDS	276				hypothetical protein
LONINKCB_02376	CDS	180				hypothetical protein
LONINKCB_02377	CDS	150				hypothetical protein
LONINKCB_02378	CDS	198				hypothetical protein
LONINKCB_02379	CDS	285				hypothetical protein
LONINKCB_02380	CDS	177				hypothetical protein
LONINKCB_02381	CDS	171				hypothetical protein
LONINKCB_02382	CDS	165				hypothetical protein
LONINKCB_02383	CDS	177				hypothetical protein
LONINKCB_02384	CDS	228				hypothetical protein
LONINKCB_02385	CDS	195				hypothetical protein
LONINKCB_02386	CDS	180				hypothetical protein
LONINKCB_02387	CDS	243				hypothetical protein
LONINKCB_02388	CDS	327				hypothetical protein
LONINKCB_02389	CDS	177				hypothetical protein
LONINKCB_02390	CDS	288				hypothetical protein
LONINKCB_02391	CDS	183				hypothetical protein
LONINKCB_02392	CDS	162				hypothetical protein
LONINKCB_02393	CDS	414				hypothetical protein
LONINKCB_02394	CDS	345				hypothetical protein
LONINKCB_02395	CDS	162				hypothetical protein
LONINKCB_02396	CDS	288				hypothetical protein
LONINKCB_02397	CDS	213				hypothetical protein
LONINKCB_02398	CDS	285				hypothetical protein
LONINKCB_02399	CDS	378				hypothetical protein
LONINKCB_02400	CDS	216				hypothetical protein
LONINKCB_02401	CDS	246				hypothetical protein
LONINKCB_02402	CDS	264				hypothetical protein
LONINKCB_02403	CDS	156				hypothetical protein
LONINKCB_02404	CDS	384				hypothetical protein
LONINKCB_02405	CDS	246				hypothetical protein
LONINKCB_02406	CDS	216				hypothetical protein
LONINKCB_02407	CDS	240				hypothetical protein
LONINKCB_02408	CDS	216				hypothetical protein
LONINKCB_02409	CDS	1938				hypothetical protein
LONINKCB_02410	CDS	387				hypothetical protein
LONINKCB_02411	CDS	237				hypothetical protein
LONINKCB_02412	CDS	381				hypothetical protein
LONINKCB_02413	CDS	246				hypothetical protein
LONINKCB_02414	CDS	246				hypothetical protein
LONINKCB_02415	CDS	237				hypothetical protein
LONINKCB_02416	CDS	321				hypothetical protein
LONINKCB_02417	CDS	462				hypothetical protein
LONINKCB_02418	CDS	357				hypothetical protein
LONINKCB_02419	CDS	249				hypothetical protein
LONINKCB_02420	CDS	345				hypothetical protein
LONINKCB_02421	CDS	201				hypothetical protein
LONINKCB_02422	CDS	249				hypothetical protein
LONINKCB_02423	CDS	354				hypothetical protein
LONINKCB_02424	CDS	258				hypothetical protein
LONINKCB_02425	CDS	165				hypothetical protein
LONINKCB_02426	CDS	192				hypothetical protein
LONINKCB_02427	CDS	378				hypothetical protein
LONINKCB_02428	CDS	282				hypothetical protein
LONINKCB_02429	CDS	243				hypothetical protein
LONINKCB_02430	CDS	168				hypothetical protein
LONINKCB_02431	CDS	207				hypothetical protein
LONINKCB_02432	CDS	408				hypothetical protein
LONINKCB_02433	CDS	243				hypothetical protein
LONINKCB_02434	CDS	1236				hypothetical protein
LONINKCB_02435	CDS	225				hypothetical protein
LONINKCB_02436	CDS	234				hypothetical protein
LONINKCB_02437	CDS	183				hypothetical protein
LONINKCB_02438	CDS	234				hypothetical protein
LONINKCB_02439	CDS	393				hypothetical protein
LONINKCB_02440	CDS	249				hypothetical protein
LONINKCB_02441	CDS	168				hypothetical protein
LONINKCB_02442	CDS	243				hypothetical protein
LONINKCB_02443	CDS	174				hypothetical protein
LONINKCB_02444	CDS	216				hypothetical protein
LONINKCB_02445	CDS	396				hypothetical protein
LONINKCB_02446	CDS	687				hypothetical protein
LONINKCB_02447	CDS	297				hypothetical protein
LONINKCB_02448	CDS	510				hypothetical protein
LONINKCB_02449	CDS	303				hypothetical protein
LONINKCB_02450	CDS	189				hypothetical protein
LONINKCB_02451	CDS	204				hypothetical protein
LONINKCB_02452	CDS	393				hypothetical protein
LONINKCB_02453	CDS	246				hypothetical protein
LONINKCB_02454	CDS	216				hypothetical protein
LONINKCB_02455	CDS	237				hypothetical protein
LONINKCB_02456	CDS	348				hypothetical protein
LONINKCB_02457	CDS	183				hypothetical protein
LONINKCB_02458	CDS	174				hypothetical protein
LONINKCB_02459	CDS	255				hypothetical protein
LONINKCB_02460	CDS	543				hypothetical protein
LONINKCB_02461	CDS	468				hypothetical protein
LONINKCB_02462	CDS	237				hypothetical protein
LONINKCB_02463	CDS	264				hypothetical protein
LONINKCB_02464	CDS	294				hypothetical protein
LONINKCB_02465	CDS	228				hypothetical protein
LONINKCB_02466	CDS	222				hypothetical protein
LONINKCB_02467	CDS	162				hypothetical protein
LONINKCB_02468	CDS	297				hypothetical protein
LONINKCB_02469	CDS	357				hypothetical protein
LONINKCB_02470	CDS	201				hypothetical protein
LONINKCB_02471	CDS	210				hypothetical protein
LONINKCB_02472	CDS	246				hypothetical protein
LONINKCB_02473	CDS	228				hypothetical protein
LONINKCB_02474	CDS	243				hypothetical protein
LONINKCB_02475	CDS	237				hypothetical protein
LONINKCB_02476	CDS	255				hypothetical protein
LONINKCB_02477	CDS	579				hypothetical protein
LONINKCB_02478	CDS	201				hypothetical protein
LONINKCB_02479	CDS	171				hypothetical protein
LONINKCB_02480	CDS	207				hypothetical protein
LONINKCB_02481	CDS	222				hypothetical protein
LONINKCB_02482	CDS	207				hypothetical protein
LONINKCB_02483	CDS	258				hypothetical protein
LONINKCB_02484	CDS	177				hypothetical protein
LONINKCB_02485	CDS	318				hypothetical protein
LONINKCB_02486	CDS	354				hypothetical protein
LONINKCB_02487	CDS	1062				hypothetical protein
LONINKCB_02488	CDS	1590				hypothetical protein
LONINKCB_02489	CDS	303				hypothetical protein
LONINKCB_02490	CDS	801				hypothetical protein
LONINKCB_02491	CDS	510				hypothetical protein
LONINKCB_02492	CDS	495				hypothetical protein
LONINKCB_02493	CDS	2910				hypothetical protein
LONINKCB_02494	CDS	186				hypothetical protein
LONINKCB_02495	CDS	300				hypothetical protein
LONINKCB_02496	CDS	231				hypothetical protein
LONINKCB_02497	CDS	279				hypothetical protein
LONINKCB_02498	CDS	192				hypothetical protein
LONINKCB_02499	CDS	267				hypothetical protein
LONINKCB_02500	CDS	414				hypothetical protein
LONINKCB_02501	CDS	249				hypothetical protein
LONINKCB_02502	CDS	240				hypothetical protein
LONINKCB_02503	CDS	147				hypothetical protein
LONINKCB_02504	CDS	339				hypothetical protein
LONINKCB_02505	CDS	147				hypothetical protein
LONINKCB_02506	CDS	147				hypothetical protein
LONINKCB_02507	CDS	180				hypothetical protein
LONINKCB_02508	CDS	204				hypothetical protein
LONINKCB_02509	CDS	216				hypothetical protein
LONINKCB_02510	CDS	186				hypothetical protein
LONINKCB_02511	CDS	180				hypothetical protein
LONINKCB_02512	CDS	189				hypothetical protein
LONINKCB_02513	CDS	231				hypothetical protein
LONINKCB_02514	CDS	129				hypothetical protein
LONINKCB_02515	CDS	279				hypothetical protein
LONINKCB_02516	CDS	753				hypothetical protein
LONINKCB_02517	CDS	261				hypothetical protein
LONINKCB_02518	CDS	207				hypothetical protein
LONINKCB_02519	CDS	312				hypothetical protein
LONINKCB_02520	CDS	285				hypothetical protein
LONINKCB_02521	CDS	684				hypothetical protein
LONINKCB_02522	CDS	294				hypothetical protein
LONINKCB_02523	CDS	807				hypothetical protein
LONINKCB_02524	CDS	228				hypothetical protein
LONINKCB_02525	CDS	234				hypothetical protein
LONINKCB_02526	CDS	447				hypothetical protein
LONINKCB_02527	CDS	360				hypothetical protein
LONINKCB_02528	CDS	201				hypothetical protein
LONINKCB_02529	CDS	240				hypothetical protein
LONINKCB_02530	CDS	264				hypothetical protein
LONINKCB_02531	CDS	270				hypothetical protein
LONINKCB_02532	CDS	273				hypothetical protein
LONINKCB_02533	CDS	195				hypothetical protein
LONINKCB_02534	CDS	444				hypothetical protein
LONINKCB_02535	CDS	528	pigC_1	6.4.-.-		Prodigiosin synthesizing transferase PigC
LONINKCB_02536	CDS	321				hypothetical protein
LONINKCB_02537	CDS	315				hypothetical protein
LONINKCB_02538	CDS	225				hypothetical protein
LONINKCB_02539	CDS	237				hypothetical protein
LONINKCB_02540	CDS	210				hypothetical protein
LONINKCB_02541	CDS	708	pigC_2	6.4.-.-		Prodigiosin synthesizing transferase PigC
LONINKCB_02542	CDS	279				hypothetical protein
LONINKCB_02543	CDS	474				hypothetical protein
LONINKCB_02544	CDS	213				hypothetical protein
LONINKCB_02545	CDS	273				hypothetical protein
LONINKCB_02546	CDS	192				hypothetical protein
LONINKCB_02547	CDS	780				hypothetical protein
LONINKCB_02548	CDS	261				hypothetical protein
LONINKCB_02549	CDS	225				hypothetical protein
LONINKCB_02550	CDS	237				hypothetical protein
LONINKCB_02551	CDS	186				hypothetical protein
LONINKCB_02552	CDS	189				hypothetical protein
LONINKCB_02553	CDS	222				hypothetical protein
LONINKCB_02554	CDS	231				hypothetical protein
LONINKCB_02555	CDS	213				hypothetical protein
LONINKCB_02556	CDS	189				hypothetical protein
LONINKCB_02557	CDS	501				hypothetical protein
LONINKCB_02558	CDS	399				hypothetical protein
LONINKCB_02559	CDS	387				hypothetical protein
LONINKCB_02560	CDS	270				hypothetical protein
LONINKCB_02561	CDS	378				hypothetical protein
LONINKCB_02562	CDS	1185				hypothetical protein
LONINKCB_02563	CDS	237				hypothetical protein
LONINKCB_02564	CDS	192				hypothetical protein
LONINKCB_02565	CDS	1068				hypothetical protein
LONINKCB_02566	CDS	339				hypothetical protein
LONINKCB_02567	CDS	942				hypothetical protein
LONINKCB_02568	CDS	264				hypothetical protein
LONINKCB_02569	CDS	198				hypothetical protein
LONINKCB_02570	CDS	249				hypothetical protein
LONINKCB_02571	CDS	207				hypothetical protein
LONINKCB_02572	CDS	183				hypothetical protein
LONINKCB_02573	CDS	123				hypothetical protein
LONINKCB_02574	CDS	459				hypothetical protein
LONINKCB_02575	CDS	234				hypothetical protein
LONINKCB_02576	CDS	519				hypothetical protein
LONINKCB_02577	CDS	228				hypothetical protein
LONINKCB_02578	CDS	357				hypothetical protein
LONINKCB_02579	CDS	237				hypothetical protein
LONINKCB_02580	CDS	174				hypothetical protein
LONINKCB_02581	CDS	858				hypothetical protein
LONINKCB_02582	CDS	1272				hypothetical protein
LONINKCB_02583	CDS	522				hypothetical protein
LONINKCB_02584	CDS	234				hypothetical protein
LONINKCB_02585	CDS	177				hypothetical protein
LONINKCB_02586	CDS	219				hypothetical protein
LONINKCB_02587	CDS	1665	smc_1			Chromosome partition protein Smc
LONINKCB_02588	CDS	201				hypothetical protein
LONINKCB_02589	CDS	279				hypothetical protein
LONINKCB_02590	CDS	213				hypothetical protein
LONINKCB_02591	CDS	291				hypothetical protein
LONINKCB_02592	CDS	222				hypothetical protein
LONINKCB_02593	CDS	192				hypothetical protein
LONINKCB_02594	CDS	180				hypothetical protein
LONINKCB_02595	CDS	333				hypothetical protein
LONINKCB_02596	CDS	312				hypothetical protein
LONINKCB_02597	CDS	336				hypothetical protein
LONINKCB_02598	CDS	864	codA	1.1.3.17		Choline oxidase
LONINKCB_02599	CDS	210				hypothetical protein
LONINKCB_02600	CDS	177				hypothetical protein
LONINKCB_02601	CDS	228				hypothetical protein
LONINKCB_02602	CDS	300				hypothetical protein
LONINKCB_02603	CDS	288				hypothetical protein
LONINKCB_02604	CDS	177				hypothetical protein
LONINKCB_02605	CDS	189				hypothetical protein
LONINKCB_02606	CDS	201				hypothetical protein
LONINKCB_02607	CDS	168				hypothetical protein
LONINKCB_02608	CDS	213				hypothetical protein
LONINKCB_02609	CDS	228				hypothetical protein
LONINKCB_02610	CDS	195				hypothetical protein
LONINKCB_02611	CDS	204				hypothetical protein
LONINKCB_02612	CDS	246				hypothetical protein
LONINKCB_02613	CDS	240				hypothetical protein
LONINKCB_02614	CDS	279				hypothetical protein
LONINKCB_02615	CDS	195				hypothetical protein
LONINKCB_02616	CDS	222				hypothetical protein
LONINKCB_02617	CDS	294				hypothetical protein
LONINKCB_02618	CDS	213				hypothetical protein
LONINKCB_02619	CDS	195				hypothetical protein
LONINKCB_02620	CDS	171				hypothetical protein
LONINKCB_02621	CDS	210				hypothetical protein
LONINKCB_02622	CDS	204				hypothetical protein
LONINKCB_02623	CDS	204				hypothetical protein
LONINKCB_02624	CDS	222				hypothetical protein
LONINKCB_02625	CDS	195				hypothetical protein
LONINKCB_02626	CDS	207				hypothetical protein
LONINKCB_02627	CDS	180				hypothetical protein
LONINKCB_02628	CDS	270				hypothetical protein
LONINKCB_02629	CDS	219				hypothetical protein
LONINKCB_02630	CDS	324				hypothetical protein
LONINKCB_02631	CDS	195				hypothetical protein
LONINKCB_02632	CDS	207				hypothetical protein
LONINKCB_02633	CDS	258				hypothetical protein
LONINKCB_02634	CDS	177				hypothetical protein
LONINKCB_02635	CDS	279				hypothetical protein
LONINKCB_02636	CDS	153				hypothetical protein
LONINKCB_02637	CDS	156				hypothetical protein
LONINKCB_02638	CDS	210				hypothetical protein
LONINKCB_02639	CDS	186				hypothetical protein
LONINKCB_02640	CDS	252				hypothetical protein
LONINKCB_02641	CDS	243				hypothetical protein
LONINKCB_02642	CDS	183				hypothetical protein
LONINKCB_02643	CDS	369				hypothetical protein
LONINKCB_02644	CDS	204				hypothetical protein
LONINKCB_02645	CDS	225				hypothetical protein
LONINKCB_02646	CDS	231				hypothetical protein
LONINKCB_02647	CDS	168				hypothetical protein
LONINKCB_02648	CDS	252				hypothetical protein
LONINKCB_02649	CDS	180				hypothetical protein
LONINKCB_02650	CDS	147				hypothetical protein
LONINKCB_02651	CDS	369				hypothetical protein
LONINKCB_02652	CDS	162				hypothetical protein
LONINKCB_02653	CDS	201				hypothetical protein
LONINKCB_02654	CDS	294				hypothetical protein
LONINKCB_02655	CDS	351				hypothetical protein
LONINKCB_02656	CDS	225				hypothetical protein
LONINKCB_02657	CDS	282				hypothetical protein
LONINKCB_02658	CDS	132				hypothetical protein
LONINKCB_02659	CDS	162				hypothetical protein
LONINKCB_02660	CDS	264				hypothetical protein
LONINKCB_02661	CDS	159				hypothetical protein
LONINKCB_02662	CDS	162				hypothetical protein
LONINKCB_02663	CDS	402				hypothetical protein
LONINKCB_02664	CDS	252				hypothetical protein
LONINKCB_02665	CDS	237				hypothetical protein
LONINKCB_02666	CDS	414				hypothetical protein
LONINKCB_02667	CDS	438				hypothetical protein
LONINKCB_02668	CDS	297				hypothetical protein
LONINKCB_02669	CDS	297				hypothetical protein
LONINKCB_02670	CDS	369				hypothetical protein
LONINKCB_02671	CDS	216				hypothetical protein
LONINKCB_02672	CDS	204				hypothetical protein
LONINKCB_02673	CDS	297				hypothetical protein
LONINKCB_02674	CDS	219				hypothetical protein
LONINKCB_02675	CDS	255				hypothetical protein
LONINKCB_02676	CDS	219				hypothetical protein
LONINKCB_02677	CDS	180				hypothetical protein
LONINKCB_02678	CDS	207				hypothetical protein
LONINKCB_02679	CDS	189				hypothetical protein
LONINKCB_02680	CDS	207				hypothetical protein
LONINKCB_02681	CDS	264				hypothetical protein
LONINKCB_02682	CDS	219				hypothetical protein
LONINKCB_02683	CDS	162				hypothetical protein
LONINKCB_02684	CDS	168				hypothetical protein
LONINKCB_02685	CDS	318				hypothetical protein
LONINKCB_02686	CDS	315				hypothetical protein
LONINKCB_02687	CDS	276				hypothetical protein
LONINKCB_02688	CDS	273				hypothetical protein
LONINKCB_02689	CDS	330				hypothetical protein
LONINKCB_02690	CDS	402				hypothetical protein
LONINKCB_02691	CDS	210				hypothetical protein
LONINKCB_02692	CDS	204				hypothetical protein
LONINKCB_02693	CDS	198				hypothetical protein
LONINKCB_02694	CDS	300				hypothetical protein
LONINKCB_02695	CDS	327				hypothetical protein
LONINKCB_02696	CDS	366				hypothetical protein
LONINKCB_02697	CDS	171				hypothetical protein
LONINKCB_02698	CDS	348				hypothetical protein
LONINKCB_02699	CDS	252				hypothetical protein
LONINKCB_02700	CDS	252				hypothetical protein
LONINKCB_02701	CDS	315				hypothetical protein
LONINKCB_02702	CDS	249				hypothetical protein
LONINKCB_02703	CDS	288				hypothetical protein
LONINKCB_02704	CDS	225				hypothetical protein
LONINKCB_02705	CDS	252				hypothetical protein
LONINKCB_02706	CDS	246				hypothetical protein
LONINKCB_02707	CDS	171				hypothetical protein
LONINKCB_02708	CDS	672				hypothetical protein
LONINKCB_02709	CDS	348				hypothetical protein
LONINKCB_02710	CDS	240				hypothetical protein
LONINKCB_02711	CDS	243				hypothetical protein
LONINKCB_02712	CDS	279				hypothetical protein
LONINKCB_02713	CDS	222				hypothetical protein
LONINKCB_02714	CDS	288				hypothetical protein
LONINKCB_02715	CDS	147				hypothetical protein
LONINKCB_02716	CDS	267				hypothetical protein
LONINKCB_02717	CDS	423				hypothetical protein
LONINKCB_02718	CDS	345				hypothetical protein
LONINKCB_02719	CDS	204				hypothetical protein
LONINKCB_02720	CDS	327				hypothetical protein
LONINKCB_02721	CDS	192				hypothetical protein
LONINKCB_02722	CDS	216				hypothetical protein
LONINKCB_02723	CDS	210				hypothetical protein
LONINKCB_02724	CDS	270				hypothetical protein
LONINKCB_02725	CDS	231				hypothetical protein
LONINKCB_02726	CDS	168				hypothetical protein
LONINKCB_02727	CDS	204				hypothetical protein
LONINKCB_02728	CDS	342				hypothetical protein
LONINKCB_02729	CDS	213				hypothetical protein
LONINKCB_02730	CDS	285				hypothetical protein
LONINKCB_02731	CDS	375				hypothetical protein
LONINKCB_02732	CDS	240				hypothetical protein
LONINKCB_02733	CDS	321				hypothetical protein
LONINKCB_02734	CDS	291				hypothetical protein
LONINKCB_02735	CDS	168				hypothetical protein
LONINKCB_02736	CDS	228				hypothetical protein
LONINKCB_02737	CDS	171				hypothetical protein
LONINKCB_02738	CDS	354				hypothetical protein
LONINKCB_02739	CDS	255				hypothetical protein
LONINKCB_02740	CDS	303				hypothetical protein
LONINKCB_02741	CDS	276				hypothetical protein
LONINKCB_02742	CDS	207				hypothetical protein
LONINKCB_02743	CDS	180				hypothetical protein
LONINKCB_02744	CDS	270				hypothetical protein
LONINKCB_02745	CDS	192				hypothetical protein
LONINKCB_02746	CDS	270				hypothetical protein
LONINKCB_02747	CDS	159				hypothetical protein
LONINKCB_02748	CDS	192				hypothetical protein
LONINKCB_02749	CDS	174				hypothetical protein
LONINKCB_02750	CDS	300				hypothetical protein
LONINKCB_02751	CDS	225				hypothetical protein
LONINKCB_02752	CDS	240				hypothetical protein
LONINKCB_02753	CDS	1677				hypothetical protein
LONINKCB_02754	CDS	258				hypothetical protein
LONINKCB_02755	CDS	195				hypothetical protein
LONINKCB_02756	CDS	231				hypothetical protein
LONINKCB_02757	CDS	312				hypothetical protein
LONINKCB_02758	CDS	165				hypothetical protein
LONINKCB_02759	CDS	201				hypothetical protein
LONINKCB_02760	CDS	300				hypothetical protein
LONINKCB_02761	CDS	234				hypothetical protein
LONINKCB_02762	CDS	222				hypothetical protein
LONINKCB_02763	CDS	282				hypothetical protein
LONINKCB_02764	CDS	210				hypothetical protein
LONINKCB_02765	CDS	201				hypothetical protein
LONINKCB_02766	CDS	258				hypothetical protein
LONINKCB_02767	CDS	294				hypothetical protein
LONINKCB_02768	CDS	207				hypothetical protein
LONINKCB_02769	CDS	300				hypothetical protein
LONINKCB_02770	CDS	255				hypothetical protein
LONINKCB_02771	CDS	213				hypothetical protein
LONINKCB_02772	CDS	216				hypothetical protein
LONINKCB_02773	CDS	213				hypothetical protein
LONINKCB_02774	CDS	426				hypothetical protein
LONINKCB_02775	CDS	246				hypothetical protein
LONINKCB_02776	CDS	228				hypothetical protein
LONINKCB_02777	CDS	330				hypothetical protein
LONINKCB_02778	CDS	249				hypothetical protein
LONINKCB_02779	CDS	411				hypothetical protein
LONINKCB_02780	CDS	192				hypothetical protein
LONINKCB_02781	CDS	222				hypothetical protein
LONINKCB_02782	CDS	282				hypothetical protein
LONINKCB_02783	CDS	234				hypothetical protein
LONINKCB_02784	CDS	204				hypothetical protein
LONINKCB_02785	CDS	225				hypothetical protein
LONINKCB_02786	CDS	339				hypothetical protein
LONINKCB_02787	CDS	243				hypothetical protein
LONINKCB_02788	CDS	246				hypothetical protein
LONINKCB_02789	CDS	1044				hypothetical protein
LONINKCB_02790	CDS	228				hypothetical protein
LONINKCB_02791	CDS	276				hypothetical protein
LONINKCB_02792	CDS	186				hypothetical protein
LONINKCB_02793	CDS	189				hypothetical protein
LONINKCB_02794	CDS	198				hypothetical protein
LONINKCB_02795	CDS	321				hypothetical protein
LONINKCB_02796	CDS	231				hypothetical protein
LONINKCB_02797	CDS	198				hypothetical protein
LONINKCB_02798	CDS	207				hypothetical protein
LONINKCB_02799	CDS	159				hypothetical protein
LONINKCB_02800	CDS	159				hypothetical protein
LONINKCB_02801	CDS	162				hypothetical protein
LONINKCB_02802	CDS	240				hypothetical protein
LONINKCB_02803	CDS	375				hypothetical protein
LONINKCB_02804	CDS	411				hypothetical protein
LONINKCB_02805	CDS	222				hypothetical protein
LONINKCB_02806	CDS	285				hypothetical protein
LONINKCB_02807	CDS	243				hypothetical protein
LONINKCB_02808	CDS	234				hypothetical protein
LONINKCB_02809	CDS	207				hypothetical protein
LONINKCB_02810	CDS	378				hypothetical protein
LONINKCB_02811	CDS	177				hypothetical protein
LONINKCB_02812	CDS	249				hypothetical protein
LONINKCB_02813	CDS	222				hypothetical protein
LONINKCB_02814	CDS	144				hypothetical protein
LONINKCB_02815	CDS	162				hypothetical protein
LONINKCB_02816	CDS	201				hypothetical protein
LONINKCB_02817	CDS	204				hypothetical protein
LONINKCB_02818	CDS	165				hypothetical protein
LONINKCB_02819	CDS	210				hypothetical protein
LONINKCB_02820	CDS	195				hypothetical protein
LONINKCB_02821	CDS	174				hypothetical protein
LONINKCB_02822	CDS	324				hypothetical protein
LONINKCB_02823	CDS	372				hypothetical protein
LONINKCB_02824	CDS	201				hypothetical protein
LONINKCB_02825	CDS	219				hypothetical protein
LONINKCB_02826	CDS	174				hypothetical protein
LONINKCB_02827	CDS	201				hypothetical protein
LONINKCB_02828	CDS	402				hypothetical protein
LONINKCB_02829	CDS	279				hypothetical protein
LONINKCB_02830	CDS	408	opuE		COG0591	Osmoregulated proline transporter OpuE
LONINKCB_02831	CDS	279				hypothetical protein
LONINKCB_02832	CDS	204				hypothetical protein
LONINKCB_02833	CDS	186				hypothetical protein
LONINKCB_02834	CDS	210				hypothetical protein
LONINKCB_02835	CDS	444				hypothetical protein
LONINKCB_02836	CDS	189				hypothetical protein
LONINKCB_02837	CDS	231				hypothetical protein
LONINKCB_02838	CDS	243				hypothetical protein
LONINKCB_02839	CDS	210				hypothetical protein
LONINKCB_02840	CDS	276				hypothetical protein
LONINKCB_02841	CDS	189				hypothetical protein
LONINKCB_02842	CDS	270				hypothetical protein
LONINKCB_02843	CDS	234				hypothetical protein
LONINKCB_02844	CDS	216				hypothetical protein
LONINKCB_02845	CDS	189				hypothetical protein
LONINKCB_02846	CDS	186				hypothetical protein
LONINKCB_02847	CDS	933	rimK	6.3.2.-		Ribosomal protein S6--L-glutamate ligase
LONINKCB_02848	CDS	216				hypothetical protein
LONINKCB_02849	CDS	279				hypothetical protein
LONINKCB_02850	CDS	195				hypothetical protein
LONINKCB_02851	CDS	228				hypothetical protein
LONINKCB_02852	CDS	495				hypothetical protein
LONINKCB_02853	CDS	399				hypothetical protein
LONINKCB_02854	CDS	138				hypothetical protein
LONINKCB_02855	CDS	159				hypothetical protein
LONINKCB_02856	CDS	195				hypothetical protein
LONINKCB_02857	CDS	552				hypothetical protein
LONINKCB_02858	CDS	267				hypothetical protein
LONINKCB_02859	CDS	246				hypothetical protein
LONINKCB_02860	CDS	642				hypothetical protein
LONINKCB_02861	CDS	204				hypothetical protein
LONINKCB_02862	CDS	354				hypothetical protein
LONINKCB_02863	CDS	228				hypothetical protein
LONINKCB_02864	CDS	228				hypothetical protein
LONINKCB_02865	CDS	210				hypothetical protein
LONINKCB_02866	CDS	192				hypothetical protein
LONINKCB_02867	CDS	327				hypothetical protein
LONINKCB_02868	CDS	237				hypothetical protein
LONINKCB_02869	CDS	300				hypothetical protein
LONINKCB_02870	CDS	330				hypothetical protein
LONINKCB_02871	CDS	198				hypothetical protein
LONINKCB_02872	CDS	303				hypothetical protein
LONINKCB_02873	CDS	387				hypothetical protein
LONINKCB_02874	CDS	171				hypothetical protein
LONINKCB_02875	CDS	198				hypothetical protein
LONINKCB_02876	CDS	135				hypothetical protein
LONINKCB_02877	CDS	195				hypothetical protein
LONINKCB_02878	CDS	273				hypothetical protein
LONINKCB_02879	CDS	192				hypothetical protein
LONINKCB_02880	CDS	171				hypothetical protein
LONINKCB_02881	CDS	189				hypothetical protein
LONINKCB_02882	CDS	186				hypothetical protein
LONINKCB_02883	CDS	213				hypothetical protein
LONINKCB_02884	CDS	243				hypothetical protein
LONINKCB_02885	CDS	267				hypothetical protein
LONINKCB_02886	CDS	207				hypothetical protein
LONINKCB_02887	CDS	330				hypothetical protein
LONINKCB_02888	CDS	165				hypothetical protein
LONINKCB_02889	CDS	192				hypothetical protein
LONINKCB_02890	CDS	177				hypothetical protein
LONINKCB_02891	CDS	231				hypothetical protein
LONINKCB_02892	CDS	228				hypothetical protein
LONINKCB_02893	CDS	222				hypothetical protein
LONINKCB_02894	CDS	246				hypothetical protein
LONINKCB_02895	CDS	192				hypothetical protein
LONINKCB_02896	CDS	204				hypothetical protein
LONINKCB_02897	CDS	141				hypothetical protein
LONINKCB_02898	CDS	207				hypothetical protein
LONINKCB_02899	CDS	240				hypothetical protein
LONINKCB_02900	CDS	228				hypothetical protein
LONINKCB_02901	CDS	303				hypothetical protein
LONINKCB_02902	CDS	243				hypothetical protein
LONINKCB_02903	CDS	168				hypothetical protein
LONINKCB_02904	CDS	219				hypothetical protein
LONINKCB_02905	CDS	201				hypothetical protein
LONINKCB_02906	CDS	291				hypothetical protein
LONINKCB_02907	CDS	240				hypothetical protein
LONINKCB_02908	CDS	204				hypothetical protein
LONINKCB_02909	CDS	381				hypothetical protein
LONINKCB_02910	CDS	279				hypothetical protein
LONINKCB_02911	CDS	219				hypothetical protein
LONINKCB_02912	CDS	159				hypothetical protein
LONINKCB_02913	CDS	237				hypothetical protein
LONINKCB_02914	CDS	222				hypothetical protein
LONINKCB_02915	CDS	225				hypothetical protein
LONINKCB_02916	CDS	234				hypothetical protein
LONINKCB_02917	CDS	261				hypothetical protein
LONINKCB_02918	CDS	231				hypothetical protein
LONINKCB_02919	CDS	237				hypothetical protein
LONINKCB_02920	CDS	270				hypothetical protein
LONINKCB_02921	CDS	180				hypothetical protein
LONINKCB_02922	CDS	288				hypothetical protein
LONINKCB_02923	CDS	297	pfdA			Prefoldin subunit alpha
LONINKCB_02924	CDS	201				hypothetical protein
LONINKCB_02925	CDS	198				hypothetical protein
LONINKCB_02926	CDS	291				hypothetical protein
LONINKCB_02927	CDS	597				hypothetical protein
LONINKCB_02928	CDS	213				hypothetical protein
LONINKCB_02929	CDS	333				hypothetical protein
LONINKCB_02930	CDS	345				hypothetical protein
LONINKCB_02931	CDS	180				hypothetical protein
LONINKCB_02932	CDS	342				hypothetical protein
LONINKCB_02933	CDS	321				hypothetical protein
LONINKCB_02934	CDS	258				hypothetical protein
LONINKCB_02935	CDS	327				hypothetical protein
LONINKCB_02936	CDS	225				hypothetical protein
LONINKCB_02937	CDS	189				hypothetical protein
LONINKCB_02938	CDS	159				hypothetical protein
LONINKCB_02939	CDS	588				hypothetical protein
LONINKCB_02940	CDS	270				hypothetical protein
LONINKCB_02941	CDS	390				hypothetical protein
LONINKCB_02942	CDS	396				hypothetical protein
LONINKCB_02943	CDS	207				hypothetical protein
LONINKCB_02944	CDS	168				hypothetical protein
LONINKCB_02945	CDS	294				hypothetical protein
LONINKCB_02946	CDS	207				hypothetical protein
LONINKCB_02947	CDS	291				hypothetical protein
LONINKCB_02948	CDS	243				hypothetical protein
LONINKCB_02949	CDS	294				hypothetical protein
LONINKCB_02950	CDS	1353				hypothetical protein
LONINKCB_02951	CDS	180				hypothetical protein
LONINKCB_02952	CDS	225				hypothetical protein
LONINKCB_02953	CDS	207				hypothetical protein
LONINKCB_02954	CDS	180				hypothetical protein
LONINKCB_02955	CDS	312				hypothetical protein
LONINKCB_02956	CDS	201				hypothetical protein
LONINKCB_02957	CDS	366				hypothetical protein
LONINKCB_02958	CDS	258				hypothetical protein
LONINKCB_02959	CDS	234				hypothetical protein
LONINKCB_02960	CDS	210				hypothetical protein
LONINKCB_02961	CDS	1041	ygfZ			tRNA-modifying protein YgfZ
LONINKCB_02962	CDS	171				hypothetical protein
LONINKCB_02963	CDS	363				hypothetical protein
LONINKCB_02964	CDS	237				hypothetical protein
LONINKCB_02965	CDS	273	pntB_1	1.6.1.2	COG1282	NAD(P) transhydrogenase subunit beta
LONINKCB_02966	CDS	783	pntB_2	1.6.1.2	COG1282	NAD(P) transhydrogenase subunit beta
LONINKCB_02967	CDS	183				hypothetical protein
LONINKCB_02968	CDS	543	pntA_1	1.6.1.2	COG3288	NAD(P) transhydrogenase subunit alpha
LONINKCB_02969	CDS	516	pntA_2	1.6.1.2	COG3288	NAD(P) transhydrogenase subunit alpha
LONINKCB_02970	CDS	267				hypothetical protein
LONINKCB_02971	CDS	294	pntA_3	1.6.1.2	COG3288	NAD(P) transhydrogenase subunit alpha
LONINKCB_02972	CDS	372	pntA_4	1.6.1.2	COG3288	NAD(P) transhydrogenase subunit alpha
LONINKCB_02973	CDS	201				hypothetical protein
LONINKCB_02974	CDS	210				hypothetical protein
LONINKCB_02975	CDS	438				hypothetical protein
LONINKCB_02976	CDS	174				hypothetical protein
LONINKCB_02977	CDS	192				hypothetical protein
LONINKCB_02978	CDS	165				hypothetical protein
LONINKCB_02979	CDS	213				hypothetical protein
LONINKCB_02980	CDS	270				hypothetical protein
LONINKCB_02981	CDS	294				hypothetical protein
LONINKCB_02982	CDS	243				hypothetical protein
LONINKCB_02983	CDS	261				hypothetical protein
LONINKCB_02984	CDS	246				hypothetical protein
LONINKCB_02985	CDS	288				hypothetical protein
LONINKCB_02986	CDS	207				hypothetical protein
LONINKCB_02987	CDS	204				hypothetical protein
LONINKCB_02988	CDS	330				hypothetical protein
LONINKCB_02989	CDS	336				hypothetical protein
LONINKCB_02990	CDS	267				hypothetical protein
LONINKCB_02991	CDS	213				hypothetical protein
LONINKCB_02992	CDS	444				hypothetical protein
LONINKCB_02993	CDS	273				hypothetical protein
LONINKCB_02994	CDS	234				hypothetical protein
LONINKCB_02995	CDS	279				hypothetical protein
LONINKCB_02996	CDS	219				hypothetical protein
LONINKCB_02997	CDS	213				hypothetical protein
LONINKCB_02998	CDS	192				hypothetical protein
LONINKCB_02999	CDS	423	icd_1	1.1.1.42	COG0538	Isocitrate dehydrogenase [NADP]
LONINKCB_03000	CDS	276	icd_2	1.1.1.42	COG0538	Isocitrate dehydrogenase [NADP]
LONINKCB_03001	CDS	183				hypothetical protein
LONINKCB_03002	CDS	222				hypothetical protein
LONINKCB_03003	CDS	288				hypothetical protein
LONINKCB_03004	CDS	300				hypothetical protein
LONINKCB_03005	CDS	342				hypothetical protein
LONINKCB_03006	CDS	291				hypothetical protein
LONINKCB_03007	CDS	204				hypothetical protein
LONINKCB_03008	CDS	561				hypothetical protein
LONINKCB_03009	CDS	288				hypothetical protein
LONINKCB_03010	CDS	180				hypothetical protein
LONINKCB_03011	CDS	183				hypothetical protein
LONINKCB_03012	CDS	204				hypothetical protein
LONINKCB_03013	CDS	171				hypothetical protein
LONINKCB_03014	CDS	306				hypothetical protein
LONINKCB_03015	CDS	219				hypothetical protein
LONINKCB_03016	CDS	123				hypothetical protein
LONINKCB_03017	CDS	207				hypothetical protein
LONINKCB_03018	CDS	591				hypothetical protein
LONINKCB_03019	CDS	222				hypothetical protein
LONINKCB_03020	CDS	318				hypothetical protein
LONINKCB_03021	CDS	222				hypothetical protein
LONINKCB_03022	CDS	240				hypothetical protein
LONINKCB_03023	CDS	243				hypothetical protein
LONINKCB_03024	CDS	243				hypothetical protein
LONINKCB_03025	CDS	186				hypothetical protein
LONINKCB_03026	CDS	276				hypothetical protein
LONINKCB_03027	CDS	255				hypothetical protein
LONINKCB_03028	CDS	360				hypothetical protein
LONINKCB_03029	CDS	276				hypothetical protein
LONINKCB_03030	CDS	204				hypothetical protein
LONINKCB_03031	CDS	558				hypothetical protein
LONINKCB_03032	CDS	144				hypothetical protein
LONINKCB_03033	CDS	438				hypothetical protein
LONINKCB_03034	CDS	195				hypothetical protein
LONINKCB_03035	CDS	321				hypothetical protein
LONINKCB_03036	CDS	210				hypothetical protein
LONINKCB_03037	CDS	216				hypothetical protein
LONINKCB_03038	CDS	204				hypothetical protein
LONINKCB_03039	CDS	246				hypothetical protein
LONINKCB_03040	CDS	234				hypothetical protein
LONINKCB_03041	CDS	447				hypothetical protein
LONINKCB_03042	CDS	498				hypothetical protein
LONINKCB_03043	CDS	198				hypothetical protein
LONINKCB_03044	CDS	180				hypothetical protein
LONINKCB_03045	CDS	216				hypothetical protein
LONINKCB_03046	CDS	210				hypothetical protein
LONINKCB_03047	CDS	228				hypothetical protein
LONINKCB_03048	CDS	228				hypothetical protein
LONINKCB_03049	CDS	234				hypothetical protein
LONINKCB_03050	CDS	216				hypothetical protein
LONINKCB_03051	CDS	273				hypothetical protein
LONINKCB_03052	CDS	240				hypothetical protein
LONINKCB_03053	CDS	243				hypothetical protein
LONINKCB_03054	CDS	303				hypothetical protein
LONINKCB_03055	CDS	162				hypothetical protein
LONINKCB_03056	CDS	288				hypothetical protein
LONINKCB_03057	CDS	225				hypothetical protein
LONINKCB_03058	CDS	447				hypothetical protein
LONINKCB_03059	CDS	171				hypothetical protein
LONINKCB_03060	CDS	303				hypothetical protein
LONINKCB_03061	CDS	168				hypothetical protein
LONINKCB_03062	CDS	198				hypothetical protein
LONINKCB_03063	CDS	195				hypothetical protein
LONINKCB_03064	CDS	195				hypothetical protein
LONINKCB_03065	CDS	156				hypothetical protein
LONINKCB_03066	CDS	222				hypothetical protein
LONINKCB_03067	CDS	186				hypothetical protein
LONINKCB_03068	CDS	213				hypothetical protein
LONINKCB_03069	CDS	279				hypothetical protein
LONINKCB_03070	CDS	180				hypothetical protein
LONINKCB_03071	CDS	339				hypothetical protein
LONINKCB_03072	CDS	234	cysK	2.5.1.47		Cysteine synthase
LONINKCB_03073	CDS	336	cysM	2.5.1.47	COG0031	Cysteine synthase
LONINKCB_03074	CDS	474	cbs	4.2.1.22	COG0031	Putative cystathionine beta-synthase
LONINKCB_03075	CDS	201				hypothetical protein
LONINKCB_03076	CDS	243				hypothetical protein
LONINKCB_03077	CDS	183				hypothetical protein
LONINKCB_03078	CDS	411				hypothetical protein
LONINKCB_03079	CDS	249				hypothetical protein
LONINKCB_03080	CDS	312				hypothetical protein
LONINKCB_03081	CDS	336				hypothetical protein
LONINKCB_03082	CDS	213				hypothetical protein
LONINKCB_03083	CDS	204				hypothetical protein
LONINKCB_03084	CDS	192				hypothetical protein
LONINKCB_03085	CDS	177				hypothetical protein
LONINKCB_03086	CDS	210				hypothetical protein
LONINKCB_03087	CDS	270				hypothetical protein
LONINKCB_03088	CDS	222				hypothetical protein
LONINKCB_03089	CDS	195				hypothetical protein
LONINKCB_03090	CDS	300				hypothetical protein
LONINKCB_03091	CDS	1674	sspH2	2.3.2.27		E3 ubiquitin-protein ligase SspH2
LONINKCB_03092	CDS	780				hypothetical protein
LONINKCB_03093	CDS	192				hypothetical protein
LONINKCB_03094	CDS	249				hypothetical protein
LONINKCB_03095	CDS	207				hypothetical protein
LONINKCB_03096	CDS	693				hypothetical protein
LONINKCB_03097	CDS	198				hypothetical protein
LONINKCB_03098	CDS	585				hypothetical protein
LONINKCB_03099	CDS	564				hypothetical protein
LONINKCB_03100	CDS	2175				hypothetical protein
LONINKCB_03101	CDS	258				hypothetical protein
LONINKCB_03102	CDS	327				hypothetical protein
LONINKCB_03103	CDS	279				hypothetical protein
LONINKCB_03104	CDS	222				hypothetical protein
LONINKCB_03105	CDS	183				hypothetical protein
LONINKCB_03106	CDS	219				hypothetical protein
LONINKCB_03107	CDS	171				hypothetical protein
LONINKCB_03108	CDS	354				hypothetical protein
LONINKCB_03109	CDS	228				hypothetical protein
LONINKCB_03110	CDS	192				hypothetical protein
LONINKCB_03111	CDS	963				hypothetical protein
LONINKCB_03112	CDS	696				hypothetical protein
LONINKCB_03113	CDS	258				hypothetical protein
LONINKCB_03114	CDS	204				hypothetical protein
LONINKCB_03115	CDS	219				hypothetical protein
LONINKCB_03116	CDS	189				hypothetical protein
LONINKCB_03117	CDS	261				hypothetical protein
LONINKCB_03118	CDS	174				hypothetical protein
LONINKCB_03119	CDS	174				hypothetical protein
LONINKCB_03120	CDS	258				hypothetical protein
LONINKCB_03121	CDS	222				hypothetical protein
LONINKCB_03122	CDS	228				hypothetical protein
LONINKCB_03123	CDS	204				hypothetical protein
LONINKCB_03124	CDS	240				hypothetical protein
LONINKCB_03125	CDS	240				hypothetical protein
LONINKCB_03126	CDS	225				hypothetical protein
LONINKCB_03127	CDS	1059				hypothetical protein
LONINKCB_03128	CDS	471				hypothetical protein
LONINKCB_03129	CDS	228				hypothetical protein
LONINKCB_03130	CDS	225				hypothetical protein
LONINKCB_03131	CDS	201				hypothetical protein
LONINKCB_03132	CDS	345				hypothetical protein
LONINKCB_03133	CDS	222				hypothetical protein
LONINKCB_03134	CDS	291				hypothetical protein
LONINKCB_03135	CDS	171				hypothetical protein
LONINKCB_03136	CDS	222				hypothetical protein
LONINKCB_03137	CDS	249				hypothetical protein
LONINKCB_03138	CDS	228				hypothetical protein
LONINKCB_03139	CDS	291				hypothetical protein
LONINKCB_03140	CDS	228				hypothetical protein
LONINKCB_03141	CDS	237				hypothetical protein
LONINKCB_03142	CDS	288				hypothetical protein
LONINKCB_03143	CDS	264				hypothetical protein
LONINKCB_03144	CDS	177				hypothetical protein
LONINKCB_03145	CDS	180				hypothetical protein
LONINKCB_03146	CDS	174				hypothetical protein
LONINKCB_03147	CDS	336				hypothetical protein
LONINKCB_03148	CDS	207				hypothetical protein
LONINKCB_03149	CDS	492				hypothetical protein
LONINKCB_03150	CDS	297				hypothetical protein
LONINKCB_03151	CDS	201				hypothetical protein
LONINKCB_03152	CDS	195				hypothetical protein
LONINKCB_03153	CDS	201				hypothetical protein
LONINKCB_03154	CDS	306				hypothetical protein
LONINKCB_03155	CDS	645				hypothetical protein
LONINKCB_03156	CDS	444				hypothetical protein
LONINKCB_03157	CDS	183				hypothetical protein
LONINKCB_03158	CDS	288				hypothetical protein
LONINKCB_03159	CDS	276				hypothetical protein
LONINKCB_03160	CDS	222				hypothetical protein
LONINKCB_03161	CDS	213				hypothetical protein
LONINKCB_03162	CDS	225				hypothetical protein
LONINKCB_03163	CDS	204				hypothetical protein
LONINKCB_03164	CDS	210				hypothetical protein
LONINKCB_03165	CDS	204				hypothetical protein
LONINKCB_03166	CDS	273				hypothetical protein
LONINKCB_03167	CDS	294				hypothetical protein
LONINKCB_03168	CDS	189				hypothetical protein
LONINKCB_03169	CDS	183				hypothetical protein
LONINKCB_03170	CDS	213				hypothetical protein
LONINKCB_03171	CDS	183				hypothetical protein
LONINKCB_03172	CDS	174				hypothetical protein
LONINKCB_03173	CDS	288				hypothetical protein
LONINKCB_03174	CDS	189				hypothetical protein
LONINKCB_03175	CDS	282				hypothetical protein
LONINKCB_03176	CDS	141				hypothetical protein
LONINKCB_03177	CDS	267				hypothetical protein
LONINKCB_03178	CDS	237				hypothetical protein
LONINKCB_03179	CDS	435				hypothetical protein
LONINKCB_03180	CDS	234				hypothetical protein
LONINKCB_03181	CDS	225				hypothetical protein
LONINKCB_03182	CDS	315				hypothetical protein
LONINKCB_03183	CDS	186				hypothetical protein
LONINKCB_03184	CDS	483				hypothetical protein
LONINKCB_03185	CDS	207				hypothetical protein
LONINKCB_03186	CDS	204				hypothetical protein
LONINKCB_03187	CDS	240				hypothetical protein
LONINKCB_03188	CDS	201				hypothetical protein
LONINKCB_03189	CDS	282				hypothetical protein
LONINKCB_03190	CDS	285				hypothetical protein
LONINKCB_03191	CDS	282				hypothetical protein
LONINKCB_03192	CDS	177				hypothetical protein
LONINKCB_03193	CDS	318				hypothetical protein
LONINKCB_03194	CDS	174				hypothetical protein
LONINKCB_03195	CDS	135				hypothetical protein
LONINKCB_03196	CDS	204				hypothetical protein
LONINKCB_03197	CDS	210				hypothetical protein
LONINKCB_03198	CDS	552				hypothetical protein
LONINKCB_03199	CDS	303				hypothetical protein
LONINKCB_03200	CDS	225				hypothetical protein
LONINKCB_03201	CDS	165				hypothetical protein
LONINKCB_03202	CDS	177				hypothetical protein
LONINKCB_03203	CDS	738				hypothetical protein
LONINKCB_03204	CDS	324				hypothetical protein
LONINKCB_03205	CDS	1071				hypothetical protein
LONINKCB_03206	CDS	213				hypothetical protein
LONINKCB_03207	CDS	252				hypothetical protein
LONINKCB_03208	CDS	255				hypothetical protein
LONINKCB_03209	CDS	348			COG0659	putative sulfate transporter
LONINKCB_03210	CDS	291				hypothetical protein
LONINKCB_03211	CDS	249				hypothetical protein
LONINKCB_03212	CDS	180				hypothetical protein
LONINKCB_03213	CDS	207				hypothetical protein
LONINKCB_03214	CDS	636				hypothetical protein
LONINKCB_03215	CDS	285				hypothetical protein
LONINKCB_03216	CDS	318				hypothetical protein
LONINKCB_03217	CDS	237				hypothetical protein
LONINKCB_03218	CDS	381				hypothetical protein
LONINKCB_03219	CDS	162				hypothetical protein
LONINKCB_03220	CDS	471				hypothetical protein
LONINKCB_03221	CDS	186				hypothetical protein
LONINKCB_03222	CDS	180				hypothetical protein
LONINKCB_03223	CDS	207				hypothetical protein
LONINKCB_03224	CDS	360				hypothetical protein
LONINKCB_03225	CDS	186				hypothetical protein
LONINKCB_03226	CDS	240				hypothetical protein
LONINKCB_03227	CDS	375				hypothetical protein
LONINKCB_03228	CDS	225				hypothetical protein
LONINKCB_03229	CDS	291				hypothetical protein
LONINKCB_03230	CDS	264				hypothetical protein
LONINKCB_03231	CDS	195				hypothetical protein
LONINKCB_03232	CDS	165				hypothetical protein
LONINKCB_03233	CDS	360				hypothetical protein
LONINKCB_03234	CDS	150				hypothetical protein
LONINKCB_03235	CDS	360				hypothetical protein
LONINKCB_03236	CDS	240				hypothetical protein
LONINKCB_03237	CDS	279				hypothetical protein
LONINKCB_03238	CDS	162				hypothetical protein
LONINKCB_03239	CDS	738	rhpA	3.6.4.13	COG0513	DEAD-box ATP-dependent RNA helicase RhpA
LONINKCB_03240	CDS	360	dbpA	3.6.4.13	COG0513	ATP-dependent RNA helicase DbpA
LONINKCB_03241	CDS	279	deaD	3.6.4.13	COG0513	ATP-dependent RNA helicase DeaD
LONINKCB_03242	CDS	684				hypothetical protein
LONINKCB_03243	CDS	267				hypothetical protein
LONINKCB_03244	CDS	630				hypothetical protein
LONINKCB_03245	CDS	342				hypothetical protein
LONINKCB_03246	CDS	252				hypothetical protein
LONINKCB_03247	CDS	234				hypothetical protein
LONINKCB_03248	CDS	279				hypothetical protein
LONINKCB_03249	CDS	303				hypothetical protein
LONINKCB_03250	CDS	261				hypothetical protein
LONINKCB_03251	CDS	204				hypothetical protein
LONINKCB_03252	CDS	294				hypothetical protein
LONINKCB_03253	CDS	153				hypothetical protein
LONINKCB_03254	CDS	315				hypothetical protein
LONINKCB_03255	CDS	192				hypothetical protein
LONINKCB_03256	CDS	306				hypothetical protein
LONINKCB_03257	CDS	291				hypothetical protein
LONINKCB_03258	CDS	588				hypothetical protein
LONINKCB_03259	CDS	174				hypothetical protein
LONINKCB_03260	CDS	192				hypothetical protein
LONINKCB_03261	CDS	213				hypothetical protein
LONINKCB_03262	CDS	192				hypothetical protein
LONINKCB_03263	CDS	249				hypothetical protein
LONINKCB_03264	CDS	195				hypothetical protein
LONINKCB_03265	CDS	249				hypothetical protein
LONINKCB_03266	CDS	174				hypothetical protein
LONINKCB_03267	CDS	234				hypothetical protein
LONINKCB_03268	CDS	234				hypothetical protein
LONINKCB_03269	CDS	243				hypothetical protein
LONINKCB_03270	CDS	258				hypothetical protein
LONINKCB_03271	CDS	180				hypothetical protein
LONINKCB_03272	CDS	240				hypothetical protein
LONINKCB_03273	CDS	261				hypothetical protein
LONINKCB_03274	CDS	441				hypothetical protein
LONINKCB_03275	CDS	213				hypothetical protein
LONINKCB_03276	CDS	135				hypothetical protein
LONINKCB_03277	CDS	237				hypothetical protein
LONINKCB_03278	CDS	264				hypothetical protein
LONINKCB_03279	CDS	294				hypothetical protein
LONINKCB_03280	CDS	261				hypothetical protein
LONINKCB_03281	CDS	195				hypothetical protein
LONINKCB_03282	CDS	162				hypothetical protein
LONINKCB_03283	CDS	297				hypothetical protein
LONINKCB_03284	CDS	306				hypothetical protein
LONINKCB_03285	CDS	198				hypothetical protein
LONINKCB_03286	CDS	198				hypothetical protein
LONINKCB_03287	CDS	327				hypothetical protein
LONINKCB_03288	CDS	249				hypothetical protein
LONINKCB_03289	CDS	234				hypothetical protein
LONINKCB_03290	CDS	246				hypothetical protein
LONINKCB_03291	CDS	174				hypothetical protein
LONINKCB_03292	CDS	270				hypothetical protein
LONINKCB_03293	CDS	204				hypothetical protein
LONINKCB_03294	CDS	291				hypothetical protein
LONINKCB_03295	CDS	195				hypothetical protein
LONINKCB_03296	CDS	207				hypothetical protein
LONINKCB_03297	CDS	351				hypothetical protein
LONINKCB_03298	CDS	249				hypothetical protein
LONINKCB_03299	CDS	282				hypothetical protein
LONINKCB_03300	CDS	216				hypothetical protein
LONINKCB_03301	CDS	204				hypothetical protein
LONINKCB_03302	CDS	195				hypothetical protein
LONINKCB_03303	CDS	207				hypothetical protein
LONINKCB_03304	CDS	366				hypothetical protein
LONINKCB_03305	CDS	165				hypothetical protein
LONINKCB_03306	CDS	222				hypothetical protein
LONINKCB_03307	CDS	219				hypothetical protein
LONINKCB_03308	CDS	198				hypothetical protein
LONINKCB_03309	CDS	288				hypothetical protein
LONINKCB_03310	CDS	324				hypothetical protein
LONINKCB_03311	CDS	192				hypothetical protein
LONINKCB_03312	CDS	594				hypothetical protein
LONINKCB_03313	CDS	162				hypothetical protein
LONINKCB_03314	CDS	240				hypothetical protein
LONINKCB_03315	CDS	276				hypothetical protein
LONINKCB_03316	CDS	210				hypothetical protein
LONINKCB_03317	CDS	240				hypothetical protein
LONINKCB_03318	CDS	231				hypothetical protein
LONINKCB_03319	CDS	180				hypothetical protein
LONINKCB_03320	CDS	198				hypothetical protein
LONINKCB_03321	CDS	228				hypothetical protein
LONINKCB_03322	CDS	201				hypothetical protein
LONINKCB_03323	CDS	225				hypothetical protein
LONINKCB_03324	CDS	339				hypothetical protein
LONINKCB_03325	CDS	354				hypothetical protein
LONINKCB_03326	CDS	441				hypothetical protein
LONINKCB_03327	CDS	660				hypothetical protein
LONINKCB_03328	CDS	231				hypothetical protein
LONINKCB_03329	CDS	261				hypothetical protein
LONINKCB_03330	CDS	207				hypothetical protein
LONINKCB_03331	CDS	243				hypothetical protein
LONINKCB_03332	CDS	351				hypothetical protein
LONINKCB_03333	CDS	288				hypothetical protein
LONINKCB_03334	CDS	210				hypothetical protein
LONINKCB_03335	CDS	534				hypothetical protein
LONINKCB_03336	CDS	447				hypothetical protein
LONINKCB_03337	CDS	222				hypothetical protein
LONINKCB_03338	CDS	219				hypothetical protein
LONINKCB_03339	CDS	288				hypothetical protein
LONINKCB_03340	CDS	183				hypothetical protein
LONINKCB_03341	CDS	201				hypothetical protein
LONINKCB_03342	CDS	192				hypothetical protein
LONINKCB_03343	CDS	129				hypothetical protein
LONINKCB_03344	CDS	252				hypothetical protein
LONINKCB_03345	CDS	201				hypothetical protein
LONINKCB_03346	CDS	207				hypothetical protein
LONINKCB_03347	CDS	213				hypothetical protein
LONINKCB_03348	CDS	381				hypothetical protein
LONINKCB_03349	CDS	258				hypothetical protein
LONINKCB_03350	CDS	159				hypothetical protein
LONINKCB_03351	CDS	267				hypothetical protein
LONINKCB_03352	CDS	213				hypothetical protein
LONINKCB_03353	CDS	198				hypothetical protein
LONINKCB_03354	CDS	423				hypothetical protein
LONINKCB_03355	CDS	159				hypothetical protein
LONINKCB_03356	CDS	210				hypothetical protein
LONINKCB_03357	CDS	222				hypothetical protein
LONINKCB_03358	CDS	198				hypothetical protein
LONINKCB_03359	CDS	174				hypothetical protein
LONINKCB_03360	CDS	291				hypothetical protein
LONINKCB_03361	CDS	216				hypothetical protein
LONINKCB_03362	CDS	210				hypothetical protein
LONINKCB_03363	CDS	204				hypothetical protein
LONINKCB_03364	CDS	180				hypothetical protein
LONINKCB_03365	CDS	186				hypothetical protein
LONINKCB_03366	CDS	210				hypothetical protein
LONINKCB_03367	CDS	885				hypothetical protein
LONINKCB_03368	CDS	255				hypothetical protein
LONINKCB_03369	CDS	183				hypothetical protein
LONINKCB_03370	CDS	168				hypothetical protein
LONINKCB_03371	CDS	507				hypothetical protein
LONINKCB_03372	CDS	420				hypothetical protein
LONINKCB_03373	CDS	246				hypothetical protein
LONINKCB_03374	CDS	492				hypothetical protein
LONINKCB_03375	CDS	216				hypothetical protein
LONINKCB_03376	CDS	255				hypothetical protein
LONINKCB_03377	CDS	183				hypothetical protein
LONINKCB_03378	CDS	147				hypothetical protein
LONINKCB_03379	CDS	192				hypothetical protein
LONINKCB_03380	CDS	174				hypothetical protein
LONINKCB_03381	CDS	243				hypothetical protein
LONINKCB_03382	CDS	228				hypothetical protein
LONINKCB_03383	CDS	1518				hypothetical protein
LONINKCB_03384	CDS	210				hypothetical protein
LONINKCB_03385	CDS	285				hypothetical protein
LONINKCB_03386	CDS	255				hypothetical protein
LONINKCB_03387	CDS	210				hypothetical protein
LONINKCB_03388	CDS	453				hypothetical protein
LONINKCB_03389	CDS	207				hypothetical protein
LONINKCB_03390	CDS	174				hypothetical protein
LONINKCB_03391	CDS	186				hypothetical protein
LONINKCB_03392	CDS	237				hypothetical protein
LONINKCB_03393	CDS	297				hypothetical protein
LONINKCB_03394	CDS	426				hypothetical protein
LONINKCB_03395	CDS	309				hypothetical protein
LONINKCB_03396	CDS	171				hypothetical protein
LONINKCB_03397	CDS	420				hypothetical protein
LONINKCB_03398	CDS	270				hypothetical protein
LONINKCB_03399	CDS	309				hypothetical protein
LONINKCB_03400	CDS	207				hypothetical protein
LONINKCB_03401	CDS	180				hypothetical protein
LONINKCB_03402	CDS	264				hypothetical protein
LONINKCB_03403	CDS	180				hypothetical protein
LONINKCB_03404	CDS	252				hypothetical protein
LONINKCB_03405	CDS	1737				hypothetical protein
LONINKCB_03406	CDS	159				hypothetical protein
LONINKCB_03407	CDS	372				hypothetical protein
LONINKCB_03408	CDS	159				hypothetical protein
LONINKCB_03409	CDS	327				hypothetical protein
LONINKCB_03410	CDS	246				hypothetical protein
LONINKCB_03411	CDS	315				hypothetical protein
LONINKCB_03412	CDS	315				hypothetical protein
LONINKCB_03413	CDS	210				hypothetical protein
LONINKCB_03414	CDS	225				hypothetical protein
LONINKCB_03415	CDS	246				hypothetical protein
LONINKCB_03416	CDS	207				hypothetical protein
LONINKCB_03417	CDS	225				hypothetical protein
LONINKCB_03418	CDS	348				hypothetical protein
LONINKCB_03419	CDS	189				hypothetical protein
LONINKCB_03420	CDS	186				hypothetical protein
LONINKCB_03421	CDS	153				hypothetical protein
LONINKCB_03422	CDS	276				hypothetical protein
LONINKCB_03423	CDS	192				hypothetical protein
LONINKCB_03424	CDS	243				hypothetical protein
LONINKCB_03425	CDS	198				hypothetical protein
LONINKCB_03426	CDS	216				hypothetical protein
LONINKCB_03427	CDS	264				hypothetical protein
LONINKCB_03428	CDS	231				hypothetical protein
LONINKCB_03429	CDS	336				hypothetical protein
LONINKCB_03430	CDS	201				hypothetical protein
LONINKCB_03431	CDS	213				hypothetical protein
LONINKCB_03432	CDS	225				hypothetical protein
LONINKCB_03433	CDS	345				hypothetical protein
LONINKCB_03434	CDS	225				hypothetical protein
LONINKCB_03435	CDS	267				hypothetical protein
LONINKCB_03436	CDS	225				hypothetical protein
LONINKCB_03437	CDS	249				hypothetical protein
LONINKCB_03438	CDS	159				hypothetical protein
LONINKCB_03439	CDS	186				hypothetical protein
LONINKCB_03440	CDS	267				hypothetical protein
LONINKCB_03441	CDS	801	smc_2			Chromosome partition protein Smc
LONINKCB_03442	CDS	258				hypothetical protein
LONINKCB_03443	CDS	255				hypothetical protein
LONINKCB_03444	CDS	1386	smc_3			Chromosome partition protein Smc
LONINKCB_03445	CDS	168				hypothetical protein
LONINKCB_03446	CDS	417				hypothetical protein
LONINKCB_03447	CDS	177				hypothetical protein
LONINKCB_03448	CDS	171				hypothetical protein
LONINKCB_03449	CDS	198				hypothetical protein
LONINKCB_03450	CDS	270				hypothetical protein
LONINKCB_03451	CDS	345				hypothetical protein
LONINKCB_03452	CDS	285				hypothetical protein
LONINKCB_03453	CDS	402				hypothetical protein
LONINKCB_03454	CDS	291				hypothetical protein
LONINKCB_03455	CDS	261				hypothetical protein
LONINKCB_03456	CDS	279				hypothetical protein
LONINKCB_03457	CDS	174				hypothetical protein
LONINKCB_03458	CDS	267				hypothetical protein
LONINKCB_03459	CDS	249				hypothetical protein
LONINKCB_03460	CDS	306				hypothetical protein
LONINKCB_03461	CDS	366				hypothetical protein
LONINKCB_03462	CDS	234				hypothetical protein
LONINKCB_03463	CDS	231				hypothetical protein
LONINKCB_03464	CDS	618				hypothetical protein
LONINKCB_03465	CDS	222				hypothetical protein
LONINKCB_03466	CDS	156				hypothetical protein
LONINKCB_03467	CDS	201				hypothetical protein
LONINKCB_03468	CDS	282				hypothetical protein
LONINKCB_03469	CDS	201				hypothetical protein
LONINKCB_03470	CDS	234				hypothetical protein
LONINKCB_03471	CDS	321				hypothetical protein
LONINKCB_03472	CDS	210				hypothetical protein
LONINKCB_03473	CDS	240				hypothetical protein
LONINKCB_03474	CDS	165				hypothetical protein
LONINKCB_03475	CDS	219				hypothetical protein
LONINKCB_03476	CDS	165				hypothetical protein
LONINKCB_03477	CDS	201				hypothetical protein
LONINKCB_03478	CDS	243				hypothetical protein
LONINKCB_03479	CDS	243				hypothetical protein
LONINKCB_03480	CDS	153				hypothetical protein
LONINKCB_03481	CDS	249				hypothetical protein
LONINKCB_03482	CDS	276				hypothetical protein
LONINKCB_03483	CDS	372				hypothetical protein
LONINKCB_03484	CDS	219				hypothetical protein
LONINKCB_03485	CDS	222				hypothetical protein
LONINKCB_03486	CDS	246				hypothetical protein
LONINKCB_03487	CDS	162				hypothetical protein
LONINKCB_03488	CDS	228				hypothetical protein
LONINKCB_03489	CDS	177				hypothetical protein
LONINKCB_03490	CDS	243				hypothetical protein
LONINKCB_03491	CDS	231				hypothetical protein
LONINKCB_03492	CDS	162				hypothetical protein
LONINKCB_03493	CDS	180				hypothetical protein
LONINKCB_03494	CDS	144				hypothetical protein
LONINKCB_03495	CDS	243				hypothetical protein
LONINKCB_03496	CDS	198				hypothetical protein
LONINKCB_03497	CDS	240				hypothetical protein
LONINKCB_03498	CDS	219				hypothetical protein
LONINKCB_03499	CDS	237				hypothetical protein
LONINKCB_03500	CDS	207				hypothetical protein
LONINKCB_03501	CDS	207				hypothetical protein
LONINKCB_03502	CDS	324				hypothetical protein
LONINKCB_03503	CDS	213				hypothetical protein
LONINKCB_03504	CDS	351				hypothetical protein
LONINKCB_03505	CDS	171				hypothetical protein
LONINKCB_03506	CDS	267				hypothetical protein
LONINKCB_03507	CDS	282				hypothetical protein
LONINKCB_03508	CDS	219				hypothetical protein
LONINKCB_03509	CDS	213				hypothetical protein
LONINKCB_03510	CDS	177				hypothetical protein
LONINKCB_03511	CDS	282				hypothetical protein
LONINKCB_03512	CDS	210				hypothetical protein
LONINKCB_03513	CDS	153				hypothetical protein
LONINKCB_03514	CDS	249				hypothetical protein
LONINKCB_03515	CDS	168				hypothetical protein
LONINKCB_03516	CDS	210				hypothetical protein
LONINKCB_03517	CDS	228				hypothetical protein
LONINKCB_03518	CDS	258				hypothetical protein
LONINKCB_03519	CDS	294				hypothetical protein
LONINKCB_03520	CDS	180				hypothetical protein
LONINKCB_03521	CDS	255				hypothetical protein
LONINKCB_03522	CDS	216				hypothetical protein
LONINKCB_03523	CDS	231				hypothetical protein
LONINKCB_03524	CDS	204				hypothetical protein
LONINKCB_03525	CDS	210				hypothetical protein
LONINKCB_03526	CDS	210				hypothetical protein
LONINKCB_03527	CDS	162				hypothetical protein
LONINKCB_03528	CDS	237				hypothetical protein
LONINKCB_03529	CDS	198				hypothetical protein
LONINKCB_03530	CDS	444				hypothetical protein
LONINKCB_03531	CDS	387				hypothetical protein
LONINKCB_03532	CDS	312				hypothetical protein
LONINKCB_03533	CDS	198				hypothetical protein
LONINKCB_03534	CDS	189				hypothetical protein
LONINKCB_03535	CDS	252				hypothetical protein
LONINKCB_03536	CDS	216				hypothetical protein
LONINKCB_03537	CDS	216				hypothetical protein
LONINKCB_03538	CDS	216				hypothetical protein
LONINKCB_03539	CDS	207				hypothetical protein
LONINKCB_03540	CDS	162				hypothetical protein
LONINKCB_03541	CDS	327				hypothetical protein
LONINKCB_03542	CDS	240				hypothetical protein
LONINKCB_03543	CDS	189				hypothetical protein
LONINKCB_03544	CDS	180				hypothetical protein
LONINKCB_03545	CDS	213				hypothetical protein
LONINKCB_03546	CDS	186				hypothetical protein
LONINKCB_03547	CDS	162				hypothetical protein
LONINKCB_03548	CDS	285				hypothetical protein
LONINKCB_03549	CDS	345				hypothetical protein
LONINKCB_03550	CDS	243				hypothetical protein
LONINKCB_03551	CDS	219				hypothetical protein
LONINKCB_03552	CDS	165				hypothetical protein
LONINKCB_03553	CDS	126				hypothetical protein
LONINKCB_03554	CDS	162				hypothetical protein
LONINKCB_03555	CDS	195				hypothetical protein
LONINKCB_03556	CDS	291				hypothetical protein
LONINKCB_03557	CDS	207				hypothetical protein
LONINKCB_03558	CDS	321				hypothetical protein
LONINKCB_03559	CDS	240				hypothetical protein
LONINKCB_03560	CDS	213				hypothetical protein
LONINKCB_03561	CDS	135				hypothetical protein
LONINKCB_03562	CDS	288				hypothetical protein
LONINKCB_03563	CDS	231				hypothetical protein
LONINKCB_03564	CDS	192				hypothetical protein
LONINKCB_03565	CDS	243				hypothetical protein
LONINKCB_03566	CDS	300				hypothetical protein
LONINKCB_03567	CDS	207				hypothetical protein
LONINKCB_03568	CDS	225				hypothetical protein
LONINKCB_03569	CDS	327				hypothetical protein
LONINKCB_03570	CDS	207				hypothetical protein
LONINKCB_03571	CDS	249				hypothetical protein
LONINKCB_03572	CDS	306				hypothetical protein
LONINKCB_03573	CDS	228				hypothetical protein
LONINKCB_03574	CDS	174				hypothetical protein
LONINKCB_03575	CDS	255				hypothetical protein
LONINKCB_03576	CDS	216				hypothetical protein
LONINKCB_03577	CDS	318				hypothetical protein
LONINKCB_03578	CDS	294				hypothetical protein
LONINKCB_03579	CDS	336				hypothetical protein
LONINKCB_03580	CDS	288				hypothetical protein
LONINKCB_03581	CDS	216				hypothetical protein
LONINKCB_03582	CDS	180				hypothetical protein
LONINKCB_03583	CDS	270				hypothetical protein
LONINKCB_03584	CDS	714				hypothetical protein
LONINKCB_03585	CDS	459				hypothetical protein
LONINKCB_03586	CDS	402				hypothetical protein
LONINKCB_03587	CDS	195				hypothetical protein
LONINKCB_03588	CDS	864				hypothetical protein
LONINKCB_03589	CDS	261				hypothetical protein
LONINKCB_03590	CDS	228				hypothetical protein
LONINKCB_03591	CDS	210				hypothetical protein
LONINKCB_03592	CDS	258				hypothetical protein
LONINKCB_03593	CDS	213				hypothetical protein
LONINKCB_03594	CDS	255				hypothetical protein
LONINKCB_03595	CDS	222				hypothetical protein
LONINKCB_03596	CDS	189				hypothetical protein
LONINKCB_03597	CDS	198				hypothetical protein
LONINKCB_03598	CDS	195				hypothetical protein
LONINKCB_03599	CDS	258				hypothetical protein
LONINKCB_03600	CDS	243				hypothetical protein
LONINKCB_03601	CDS	162				hypothetical protein
LONINKCB_03602	CDS	243				hypothetical protein
LONINKCB_03603	CDS	192				hypothetical protein
LONINKCB_03604	CDS	207				hypothetical protein
LONINKCB_03605	CDS	447				hypothetical protein
LONINKCB_03606	CDS	552				hypothetical protein
LONINKCB_03607	CDS	168				hypothetical protein
LONINKCB_03608	CDS	639				hypothetical protein
LONINKCB_03609	CDS	381				hypothetical protein
LONINKCB_03610	CDS	309				hypothetical protein
LONINKCB_03611	CDS	195				hypothetical protein
LONINKCB_03612	CDS	189				hypothetical protein
LONINKCB_03613	CDS	177				hypothetical protein
LONINKCB_03614	CDS	264				hypothetical protein
LONINKCB_03615	CDS	204				hypothetical protein
LONINKCB_03616	CDS	306				hypothetical protein
LONINKCB_03617	CDS	288				hypothetical protein
LONINKCB_03618	CDS	228				hypothetical protein
LONINKCB_03619	CDS	243				hypothetical protein
LONINKCB_03620	CDS	210				hypothetical protein
LONINKCB_03621	CDS	345				hypothetical protein
LONINKCB_03622	CDS	171				hypothetical protein
LONINKCB_03623	CDS	390				hypothetical protein
LONINKCB_03624	CDS	183				hypothetical protein
LONINKCB_03625	CDS	198				hypothetical protein
LONINKCB_03626	CDS	237				hypothetical protein
LONINKCB_03627	CDS	150				hypothetical protein
LONINKCB_03628	CDS	150				hypothetical protein
LONINKCB_03629	CDS	285				hypothetical protein
LONINKCB_03630	CDS	192				hypothetical protein
LONINKCB_03631	CDS	204				hypothetical protein
LONINKCB_03632	CDS	183				hypothetical protein
LONINKCB_03633	CDS	231				hypothetical protein
LONINKCB_03634	CDS	204				hypothetical protein
LONINKCB_03635	CDS	291				hypothetical protein
LONINKCB_03636	CDS	231				hypothetical protein
LONINKCB_03637	CDS	180				hypothetical protein
LONINKCB_03638	CDS	273				hypothetical protein
LONINKCB_03639	CDS	642				hypothetical protein
LONINKCB_03640	CDS	210				hypothetical protein
LONINKCB_03641	CDS	252				hypothetical protein
LONINKCB_03642	CDS	351				hypothetical protein
LONINKCB_03643	CDS	252				hypothetical protein
LONINKCB_03644	CDS	186				hypothetical protein
LONINKCB_03645	CDS	180				hypothetical protein
LONINKCB_03646	CDS	465				hypothetical protein
LONINKCB_03647	CDS	243				hypothetical protein
LONINKCB_03648	CDS	186				hypothetical protein
LONINKCB_03649	CDS	690				hypothetical protein
LONINKCB_03650	CDS	210				hypothetical protein
LONINKCB_03651	CDS	225				hypothetical protein
LONINKCB_03652	CDS	258				hypothetical protein
LONINKCB_03653	CDS	195				hypothetical protein
LONINKCB_03654	CDS	192				hypothetical protein
LONINKCB_03655	CDS	222				hypothetical protein
LONINKCB_03656	CDS	222				hypothetical protein
LONINKCB_03657	CDS	174				hypothetical protein
LONINKCB_03658	CDS	222				hypothetical protein
LONINKCB_03659	CDS	366				hypothetical protein
LONINKCB_03660	CDS	291				hypothetical protein
LONINKCB_03661	CDS	324				hypothetical protein
LONINKCB_03662	CDS	213				hypothetical protein
LONINKCB_03663	CDS	216				hypothetical protein
LONINKCB_03664	CDS	435				hypothetical protein
LONINKCB_03665	CDS	234				hypothetical protein
LONINKCB_03666	CDS	357				hypothetical protein
LONINKCB_03667	CDS	363				hypothetical protein
LONINKCB_03668	CDS	303				hypothetical protein
LONINKCB_03669	CDS	204				hypothetical protein
LONINKCB_03670	CDS	171				hypothetical protein
LONINKCB_03671	CDS	231				hypothetical protein
LONINKCB_03672	CDS	552	rrrD	3.2.1.17	COG3772	Lysozyme RrrD
LONINKCB_03673	CDS	222				hypothetical protein
LONINKCB_03674	CDS	396				hypothetical protein
LONINKCB_03675	CDS	273				hypothetical protein
LONINKCB_03676	CDS	243				hypothetical protein
LONINKCB_03677	CDS	366				hypothetical protein
LONINKCB_03678	CDS	276				hypothetical protein
LONINKCB_03679	CDS	369				hypothetical protein
LONINKCB_03680	CDS	315				hypothetical protein
LONINKCB_03681	CDS	168				hypothetical protein
LONINKCB_03682	CDS	297				hypothetical protein
LONINKCB_03683	CDS	348				hypothetical protein
LONINKCB_03684	CDS	426				hypothetical protein
LONINKCB_03685	CDS	264				hypothetical protein
LONINKCB_03686	CDS	237				hypothetical protein
LONINKCB_03687	CDS	168				hypothetical protein
LONINKCB_03688	CDS	174				hypothetical protein
LONINKCB_03689	CDS	216				hypothetical protein
LONINKCB_03690	CDS	255				hypothetical protein
LONINKCB_03691	CDS	189				hypothetical protein
LONINKCB_03692	CDS	243				hypothetical protein
LONINKCB_03693	CDS	246				hypothetical protein
LONINKCB_03694	CDS	237				hypothetical protein
LONINKCB_03695	CDS	168				hypothetical protein
LONINKCB_03696	CDS	261				hypothetical protein
LONINKCB_03697	CDS	264				hypothetical protein
LONINKCB_03698	CDS	249				hypothetical protein
LONINKCB_03699	CDS	366				hypothetical protein
LONINKCB_03700	CDS	177				hypothetical protein
LONINKCB_03701	CDS	153				hypothetical protein
LONINKCB_03702	CDS	246				hypothetical protein
LONINKCB_03703	CDS	243				hypothetical protein
LONINKCB_03704	CDS	711				hypothetical protein
LONINKCB_03705	CDS	198				hypothetical protein
LONINKCB_03706	CDS	495				hypothetical protein
LONINKCB_03707	CDS	396				hypothetical protein
LONINKCB_03708	CDS	363				hypothetical protein
LONINKCB_03709	CDS	258				hypothetical protein
LONINKCB_03710	CDS	891				hypothetical protein
LONINKCB_03711	CDS	357				hypothetical protein
LONINKCB_03712	CDS	366				hypothetical protein
LONINKCB_03713	CDS	480				hypothetical protein
LONINKCB_03714	CDS	243				hypothetical protein
LONINKCB_03715	CDS	270				hypothetical protein
LONINKCB_03716	CDS	192				hypothetical protein
LONINKCB_03717	CDS	216				hypothetical protein
LONINKCB_03718	CDS	255				hypothetical protein
LONINKCB_03719	CDS	210				hypothetical protein
LONINKCB_03720	CDS	252				hypothetical protein
LONINKCB_03721	CDS	210				hypothetical protein
LONINKCB_03722	CDS	258				hypothetical protein
LONINKCB_03723	CDS	216				hypothetical protein
LONINKCB_03724	CDS	192				hypothetical protein
LONINKCB_03725	CDS	186				hypothetical protein
LONINKCB_03726	CDS	213				hypothetical protein
LONINKCB_03727	CDS	288				hypothetical protein
LONINKCB_03728	CDS	216				hypothetical protein
LONINKCB_03729	CDS	306				hypothetical protein
LONINKCB_03730	CDS	177				hypothetical protein
LONINKCB_03731	CDS	474				hypothetical protein
LONINKCB_03732	CDS	243				hypothetical protein
LONINKCB_03733	CDS	201				hypothetical protein
LONINKCB_03734	CDS	153				hypothetical protein
LONINKCB_03735	CDS	228				hypothetical protein
LONINKCB_03736	CDS	222				hypothetical protein
LONINKCB_03737	CDS	180				hypothetical protein
LONINKCB_03738	CDS	213				hypothetical protein
LONINKCB_03739	CDS	216				hypothetical protein
LONINKCB_03740	CDS	273				hypothetical protein
LONINKCB_03741	CDS	294				hypothetical protein
LONINKCB_03742	CDS	219				hypothetical protein
LONINKCB_03743	CDS	231				hypothetical protein
LONINKCB_03744	CDS	240				hypothetical protein
LONINKCB_03745	CDS	162				hypothetical protein
LONINKCB_03746	CDS	138				hypothetical protein
LONINKCB_03747	CDS	255				hypothetical protein
LONINKCB_03748	CDS	222				hypothetical protein
LONINKCB_03749	CDS	165				hypothetical protein
LONINKCB_03750	CDS	231				hypothetical protein
LONINKCB_03751	CDS	300				hypothetical protein
LONINKCB_03752	CDS	297				hypothetical protein
LONINKCB_03753	CDS	549				hypothetical protein
LONINKCB_03754	CDS	201				hypothetical protein
LONINKCB_03755	CDS	180				hypothetical protein
LONINKCB_03756	CDS	504				hypothetical protein
LONINKCB_03757	CDS	627				hypothetical protein
LONINKCB_03758	CDS	723				hypothetical protein
LONINKCB_03759	CDS	168				hypothetical protein
LONINKCB_03760	CDS	237				hypothetical protein
LONINKCB_03761	CDS	204				hypothetical protein
LONINKCB_03762	CDS	264				hypothetical protein
LONINKCB_03763	CDS	264				hypothetical protein
LONINKCB_03764	CDS	246				hypothetical protein
LONINKCB_03765	CDS	174				hypothetical protein
LONINKCB_03766	CDS	225				hypothetical protein
LONINKCB_03767	CDS	219				hypothetical protein
LONINKCB_03768	CDS	177				hypothetical protein
LONINKCB_03769	CDS	309				hypothetical protein
LONINKCB_03770	CDS	315				hypothetical protein
LONINKCB_03771	CDS	207				hypothetical protein
LONINKCB_03772	CDS	228				hypothetical protein
LONINKCB_03773	CDS	330				hypothetical protein
LONINKCB_03774	CDS	156				hypothetical protein
LONINKCB_03775	CDS	279				hypothetical protein
LONINKCB_03776	CDS	204				hypothetical protein
LONINKCB_03777	CDS	201				hypothetical protein
LONINKCB_03778	CDS	180				hypothetical protein
LONINKCB_03779	CDS	264				hypothetical protein
LONINKCB_03780	CDS	282				hypothetical protein
LONINKCB_03781	CDS	210				hypothetical protein
LONINKCB_03782	CDS	204				hypothetical protein
LONINKCB_03783	CDS	228				hypothetical protein
LONINKCB_03784	CDS	213				hypothetical protein
LONINKCB_03785	CDS	210				hypothetical protein
LONINKCB_03786	CDS	216				hypothetical protein
LONINKCB_03787	CDS	216				hypothetical protein
LONINKCB_03788	CDS	258				hypothetical protein
LONINKCB_03789	CDS	234				hypothetical protein
LONINKCB_03790	CDS	303				hypothetical protein
LONINKCB_03791	CDS	150				hypothetical protein
LONINKCB_03792	CDS	414				hypothetical protein
LONINKCB_03793	CDS	177				hypothetical protein
LONINKCB_03794	CDS	201				hypothetical protein
LONINKCB_03795	CDS	267				hypothetical protein
LONINKCB_03796	CDS	261				hypothetical protein
LONINKCB_03797	CDS	312				hypothetical protein
LONINKCB_03798	CDS	198				hypothetical protein
LONINKCB_03799	CDS	192				hypothetical protein
LONINKCB_03800	CDS	447				hypothetical protein
LONINKCB_03801	CDS	204				hypothetical protein
LONINKCB_03802	CDS	339				hypothetical protein
LONINKCB_03803	CDS	294				hypothetical protein
LONINKCB_03804	CDS	186				hypothetical protein
LONINKCB_03805	CDS	201				hypothetical protein
LONINKCB_03806	CDS	186				hypothetical protein
LONINKCB_03807	CDS	183				hypothetical protein
LONINKCB_03808	CDS	192				hypothetical protein
LONINKCB_03809	CDS	186				hypothetical protein
LONINKCB_03810	CDS	264				hypothetical protein
LONINKCB_03811	CDS	222				hypothetical protein
LONINKCB_03812	CDS	231				hypothetical protein
LONINKCB_03813	CDS	201				hypothetical protein
LONINKCB_03814	CDS	225				hypothetical protein
LONINKCB_03815	CDS	183				hypothetical protein
LONINKCB_03816	CDS	264				hypothetical protein
LONINKCB_03817	CDS	549				hypothetical protein
LONINKCB_03818	CDS	291				hypothetical protein
LONINKCB_03819	CDS	270				hypothetical protein
LONINKCB_03820	CDS	162				hypothetical protein
LONINKCB_03821	CDS	195				hypothetical protein
LONINKCB_03822	CDS	231				hypothetical protein
LONINKCB_03823	CDS	243				hypothetical protein
LONINKCB_03824	CDS	240				hypothetical protein
LONINKCB_03825	CDS	213				hypothetical protein
LONINKCB_03826	CDS	447				hypothetical protein
LONINKCB_03827	CDS	126				hypothetical protein
LONINKCB_03828	CDS	309				hypothetical protein
LONINKCB_03829	CDS	234				hypothetical protein
LONINKCB_03830	CDS	897				hypothetical protein
LONINKCB_03831	CDS	201				hypothetical protein
LONINKCB_03832	CDS	696				hypothetical protein
LONINKCB_03833	CDS	243				hypothetical protein
LONINKCB_03834	CDS	219				hypothetical protein
LONINKCB_03835	CDS	219				hypothetical protein
LONINKCB_03836	CDS	246				hypothetical protein
LONINKCB_03837	CDS	297				hypothetical protein
LONINKCB_03838	CDS	264				hypothetical protein
LONINKCB_03839	CDS	204				hypothetical protein
LONINKCB_03840	CDS	198				hypothetical protein
LONINKCB_03841	CDS	321				hypothetical protein
LONINKCB_03842	CDS	375				hypothetical protein
LONINKCB_03843	CDS	150				hypothetical protein
LONINKCB_03844	CDS	375				hypothetical protein
LONINKCB_03845	CDS	381				hypothetical protein
LONINKCB_03846	CDS	315				hypothetical protein
LONINKCB_03847	CDS	315				hypothetical protein
LONINKCB_03848	CDS	369				hypothetical protein
LONINKCB_03849	CDS	309				hypothetical protein
LONINKCB_03850	CDS	276				hypothetical protein
LONINKCB_03851	CDS	378				hypothetical protein
LONINKCB_03852	CDS	333				hypothetical protein
LONINKCB_03853	CDS	258				hypothetical protein
LONINKCB_03854	CDS	189				hypothetical protein
LONINKCB_03855	CDS	204				hypothetical protein
LONINKCB_03856	CDS	381				hypothetical protein
LONINKCB_03857	CDS	207				hypothetical protein
LONINKCB_03858	CDS	348				hypothetical protein
LONINKCB_03859	CDS	162				hypothetical protein
LONINKCB_03860	CDS	237				hypothetical protein
LONINKCB_03861	CDS	336				hypothetical protein
LONINKCB_03862	CDS	180				hypothetical protein
LONINKCB_03863	CDS	225				hypothetical protein
LONINKCB_03864	CDS	246				hypothetical protein
LONINKCB_03865	CDS	162				hypothetical protein
LONINKCB_03866	CDS	189				hypothetical protein
LONINKCB_03867	CDS	228				hypothetical protein
LONINKCB_03868	CDS	204				hypothetical protein
LONINKCB_03869	CDS	258				hypothetical protein
LONINKCB_03870	CDS	222				hypothetical protein
LONINKCB_03871	CDS	195				hypothetical protein
LONINKCB_03872	CDS	222				hypothetical protein
LONINKCB_03873	CDS	336				hypothetical protein
LONINKCB_03874	CDS	240				hypothetical protein
LONINKCB_03875	CDS	327				hypothetical protein
LONINKCB_03876	CDS	207				hypothetical protein
LONINKCB_03877	CDS	267				hypothetical protein
LONINKCB_03878	CDS	828				hypothetical protein
LONINKCB_03879	CDS	207				hypothetical protein
LONINKCB_03880	CDS	180				hypothetical protein
LONINKCB_03881	CDS	210				hypothetical protein
LONINKCB_03882	CDS	165				hypothetical protein
LONINKCB_03883	CDS	207				hypothetical protein
LONINKCB_03884	CDS	180				hypothetical protein
LONINKCB_03885	CDS	1188				hypothetical protein
LONINKCB_03886	CDS	237				hypothetical protein
LONINKCB_03887	CDS	234				hypothetical protein
LONINKCB_03888	CDS	270				hypothetical protein
LONINKCB_03889	CDS	357				hypothetical protein
LONINKCB_03890	CDS	201				hypothetical protein
LONINKCB_03891	CDS	1647				hypothetical protein
LONINKCB_03892	CDS	618				hypothetical protein
LONINKCB_03893	CDS	216				hypothetical protein
LONINKCB_03894	CDS	231				hypothetical protein
LONINKCB_03895	CDS	315				hypothetical protein
LONINKCB_03896	CDS	252				hypothetical protein
LONINKCB_03897	CDS	270				hypothetical protein
LONINKCB_03898	CDS	240				hypothetical protein
LONINKCB_03899	CDS	198				hypothetical protein
LONINKCB_03900	CDS	402				hypothetical protein
LONINKCB_03901	CDS	201				hypothetical protein
LONINKCB_03902	CDS	240				hypothetical protein
LONINKCB_03903	CDS	258				hypothetical protein
LONINKCB_03904	CDS	249				hypothetical protein
LONINKCB_03905	CDS	204				hypothetical protein
LONINKCB_03906	CDS	228				hypothetical protein
LONINKCB_03907	CDS	183				hypothetical protein
LONINKCB_03908	CDS	177				hypothetical protein
LONINKCB_03909	CDS	240				hypothetical protein
LONINKCB_03910	CDS	243				hypothetical protein
LONINKCB_03911	CDS	258				hypothetical protein
LONINKCB_03912	CDS	219				hypothetical protein
LONINKCB_03913	CDS	198				hypothetical protein
LONINKCB_03914	CDS	276				hypothetical protein
LONINKCB_03915	CDS	192				hypothetical protein
LONINKCB_03916	CDS	192				hypothetical protein
LONINKCB_03917	CDS	228				hypothetical protein
LONINKCB_03918	CDS	213				hypothetical protein
LONINKCB_03919	CDS	192				hypothetical protein
LONINKCB_03920	CDS	195				hypothetical protein
LONINKCB_03921	CDS	177				hypothetical protein
LONINKCB_03922	CDS	183				hypothetical protein
LONINKCB_03923	CDS	165				hypothetical protein
LONINKCB_03924	CDS	282				hypothetical protein
LONINKCB_03925	CDS	513				hypothetical protein
LONINKCB_03926	CDS	231				hypothetical protein
LONINKCB_03927	CDS	222				hypothetical protein
LONINKCB_03928	CDS	165				hypothetical protein
LONINKCB_03929	CDS	234				hypothetical protein
LONINKCB_03930	CDS	369				hypothetical protein
LONINKCB_03931	CDS	249				hypothetical protein
LONINKCB_03932	CDS	222				hypothetical protein
LONINKCB_03933	CDS	141				hypothetical protein
LONINKCB_03934	CDS	222				hypothetical protein
LONINKCB_03935	CDS	219				hypothetical protein
LONINKCB_03936	CDS	333				hypothetical protein
LONINKCB_03937	CDS	201				hypothetical protein
LONINKCB_03938	CDS	147				hypothetical protein
LONINKCB_03939	CDS	165				hypothetical protein
LONINKCB_03940	CDS	228				hypothetical protein
LONINKCB_03941	CDS	273				hypothetical protein
LONINKCB_03942	CDS	222				hypothetical protein
LONINKCB_03943	CDS	267				hypothetical protein
LONINKCB_03944	CDS	306				hypothetical protein
LONINKCB_03945	CDS	234				hypothetical protein
LONINKCB_03946	CDS	216				hypothetical protein
LONINKCB_03947	CDS	270				hypothetical protein
LONINKCB_03948	CDS	417				hypothetical protein
LONINKCB_03949	CDS	309				hypothetical protein
LONINKCB_03950	CDS	150				hypothetical protein
LONINKCB_03951	CDS	168				hypothetical protein
LONINKCB_03952	tRNA	94				tRNA-Ser(cga)
LONINKCB_03953	CDS	402				hypothetical protein
LONINKCB_03954	CDS	156				hypothetical protein
LONINKCB_03955	CDS	210				hypothetical protein
LONINKCB_03956	CDS	183				hypothetical protein
LONINKCB_03957	CDS	267				hypothetical protein
LONINKCB_03958	CDS	240				hypothetical protein
LONINKCB_03959	CDS	183				hypothetical protein
LONINKCB_03960	CDS	366				hypothetical protein
LONINKCB_03961	CDS	306				hypothetical protein
LONINKCB_03962	CDS	450				hypothetical protein
LONINKCB_03963	CDS	258				hypothetical protein
LONINKCB_03964	CDS	210				hypothetical protein
LONINKCB_03965	CDS	198				hypothetical protein
LONINKCB_03966	CDS	315				hypothetical protein
LONINKCB_03967	CDS	162				hypothetical protein
LONINKCB_03968	CDS	222				hypothetical protein
LONINKCB_03969	CDS	297				hypothetical protein
LONINKCB_03970	CDS	204				hypothetical protein
LONINKCB_03971	CDS	204				hypothetical protein
LONINKCB_03972	CDS	270				hypothetical protein
LONINKCB_03973	CDS	198				hypothetical protein
LONINKCB_03974	CDS	246				hypothetical protein
LONINKCB_03975	CDS	306				hypothetical protein
LONINKCB_03976	CDS	234				hypothetical protein
LONINKCB_03977	CDS	153				hypothetical protein
LONINKCB_03978	CDS	210				hypothetical protein
LONINKCB_03979	CDS	216				hypothetical protein
LONINKCB_03980	CDS	348				hypothetical protein
LONINKCB_03981	CDS	198				hypothetical protein
LONINKCB_03982	CDS	192				hypothetical protein
LONINKCB_03983	CDS	195				hypothetical protein
LONINKCB_03984	CDS	309				hypothetical protein
LONINKCB_03985	CDS	180				hypothetical protein
LONINKCB_03986	CDS	447				hypothetical protein
LONINKCB_03987	CDS	240				hypothetical protein
LONINKCB_03988	CDS	195				hypothetical protein
LONINKCB_03989	CDS	297				hypothetical protein
LONINKCB_03990	CDS	285				hypothetical protein
LONINKCB_03991	CDS	180				hypothetical protein
LONINKCB_03992	CDS	192				hypothetical protein
LONINKCB_03993	CDS	213				hypothetical protein
LONINKCB_03994	CDS	276				hypothetical protein
LONINKCB_03995	CDS	366				hypothetical protein
LONINKCB_03996	CDS	399				hypothetical protein
LONINKCB_03997	CDS	228				hypothetical protein
LONINKCB_03998	CDS	237				hypothetical protein
LONINKCB_03999	CDS	201				hypothetical protein
LONINKCB_04000	CDS	204				hypothetical protein
LONINKCB_04001	CDS	165				hypothetical protein
LONINKCB_04002	CDS	195				hypothetical protein
LONINKCB_04003	CDS	234				hypothetical protein
LONINKCB_04004	CDS	243				hypothetical protein
LONINKCB_04005	CDS	222				hypothetical protein
LONINKCB_04006	CDS	204				hypothetical protein
LONINKCB_04007	CDS	354				hypothetical protein
LONINKCB_04008	CDS	246				hypothetical protein
LONINKCB_04009	CDS	210				hypothetical protein
LONINKCB_04010	CDS	201				hypothetical protein
LONINKCB_04011	CDS	219				hypothetical protein
LONINKCB_04012	CDS	261				hypothetical protein
LONINKCB_04013	CDS	249				hypothetical protein
LONINKCB_04014	CDS	174				hypothetical protein
LONINKCB_04015	CDS	210				hypothetical protein
LONINKCB_04016	CDS	243				hypothetical protein
LONINKCB_04017	CDS	234				hypothetical protein
LONINKCB_04018	CDS	351				hypothetical protein
LONINKCB_04019	CDS	330				hypothetical protein
LONINKCB_04020	CDS	198				hypothetical protein
LONINKCB_04021	CDS	372				hypothetical protein
LONINKCB_04022	CDS	426				hypothetical protein
LONINKCB_04023	CDS	246				hypothetical protein
LONINKCB_04024	CDS	234				hypothetical protein
LONINKCB_04025	CDS	276				hypothetical protein
LONINKCB_04026	CDS	207				hypothetical protein
LONINKCB_04027	CDS	222				hypothetical protein
LONINKCB_04028	CDS	177				hypothetical protein
LONINKCB_04029	CDS	279				hypothetical protein
LONINKCB_04030	CDS	225				hypothetical protein
LONINKCB_04031	CDS	180				hypothetical protein
LONINKCB_04032	CDS	219				hypothetical protein
LONINKCB_04033	CDS	222				hypothetical protein
LONINKCB_04034	CDS	255				hypothetical protein
LONINKCB_04035	CDS	198				hypothetical protein
LONINKCB_04036	CDS	270				hypothetical protein
LONINKCB_04037	CDS	219				hypothetical protein
LONINKCB_04038	CDS	159				hypothetical protein
LONINKCB_04039	CDS	234				hypothetical protein
LONINKCB_04040	CDS	198				hypothetical protein
LONINKCB_04041	CDS	303				hypothetical protein
LONINKCB_04042	CDS	402				hypothetical protein
LONINKCB_04043	CDS	282				hypothetical protein
LONINKCB_04044	CDS	210				hypothetical protein
LONINKCB_04045	CDS	387				hypothetical protein
LONINKCB_04046	CDS	174				hypothetical protein
LONINKCB_04047	CDS	282				hypothetical protein
LONINKCB_04048	CDS	444				hypothetical protein
LONINKCB_04049	CDS	294				hypothetical protein
LONINKCB_04050	CDS	402				hypothetical protein
LONINKCB_04051	CDS	246				hypothetical protein
LONINKCB_04052	CDS	282				hypothetical protein
LONINKCB_04053	CDS	276				hypothetical protein
LONINKCB_04054	CDS	174				hypothetical protein
LONINKCB_04055	CDS	186				hypothetical protein
LONINKCB_04056	CDS	213				hypothetical protein
LONINKCB_04057	CDS	237				hypothetical protein
LONINKCB_04058	CDS	222				hypothetical protein
LONINKCB_04059	CDS	402				hypothetical protein
LONINKCB_04060	CDS	186				hypothetical protein
LONINKCB_04061	CDS	207				hypothetical protein
LONINKCB_04062	CDS	183				hypothetical protein
LONINKCB_04063	CDS	171				hypothetical protein
LONINKCB_04064	CDS	213				hypothetical protein
LONINKCB_04065	CDS	222				hypothetical protein
LONINKCB_04066	CDS	276				hypothetical protein
LONINKCB_04067	CDS	396				hypothetical protein
LONINKCB_04068	CDS	210				hypothetical protein
LONINKCB_04069	CDS	255				hypothetical protein
LONINKCB_04070	CDS	234				hypothetical protein
LONINKCB_04071	CDS	186				hypothetical protein
LONINKCB_04072	CDS	237				hypothetical protein
LONINKCB_04073	CDS	168				hypothetical protein
LONINKCB_04074	CDS	207				hypothetical protein
LONINKCB_04075	CDS	252				hypothetical protein
LONINKCB_04076	CDS	192				hypothetical protein
LONINKCB_04077	CDS	225				hypothetical protein
LONINKCB_04078	CDS	228				hypothetical protein
LONINKCB_04079	CDS	222				hypothetical protein
LONINKCB_04080	CDS	285				hypothetical protein
LONINKCB_04081	CDS	219				hypothetical protein
LONINKCB_04082	CDS	381				hypothetical protein
LONINKCB_04083	CDS	276				hypothetical protein
LONINKCB_04084	CDS	294				hypothetical protein
LONINKCB_04085	CDS	261				hypothetical protein
LONINKCB_04086	CDS	318				hypothetical protein
LONINKCB_04087	CDS	288				hypothetical protein
LONINKCB_04088	CDS	234				hypothetical protein
LONINKCB_04089	CDS	276				hypothetical protein
LONINKCB_04090	CDS	429				hypothetical protein
LONINKCB_04091	CDS	360				hypothetical protein
LONINKCB_04092	CDS	201				hypothetical protein
LONINKCB_04093	CDS	183				hypothetical protein
LONINKCB_04094	CDS	312				hypothetical protein
LONINKCB_04095	CDS	195				hypothetical protein
LONINKCB_04096	CDS	222				hypothetical protein
LONINKCB_04097	CDS	240				hypothetical protein
LONINKCB_04098	CDS	228				hypothetical protein
LONINKCB_04099	CDS	231				hypothetical protein
LONINKCB_04100	CDS	204				hypothetical protein
LONINKCB_04101	CDS	177				hypothetical protein
LONINKCB_04102	CDS	189				hypothetical protein
LONINKCB_04103	CDS	201				hypothetical protein
LONINKCB_04104	CDS	240				hypothetical protein
LONINKCB_04105	CDS	237				hypothetical protein
LONINKCB_04106	CDS	204				hypothetical protein
LONINKCB_04107	CDS	159				hypothetical protein
LONINKCB_04108	CDS	222				hypothetical protein
LONINKCB_04109	CDS	228				hypothetical protein
LONINKCB_04110	CDS	228				hypothetical protein
LONINKCB_04111	CDS	225				hypothetical protein
LONINKCB_04112	CDS	216				hypothetical protein
LONINKCB_04113	CDS	207				hypothetical protein
LONINKCB_04114	CDS	330				hypothetical protein
LONINKCB_04115	CDS	303				hypothetical protein
LONINKCB_04116	CDS	261				hypothetical protein
LONINKCB_04117	CDS	195				hypothetical protein
LONINKCB_04118	CDS	249				hypothetical protein
LONINKCB_04119	CDS	249				hypothetical protein
LONINKCB_04120	CDS	261				hypothetical protein
LONINKCB_04121	CDS	204				hypothetical protein
LONINKCB_04122	CDS	177				hypothetical protein
LONINKCB_04123	CDS	252				hypothetical protein
LONINKCB_04124	CDS	249				hypothetical protein
LONINKCB_04125	CDS	324				hypothetical protein
LONINKCB_04126	CDS	348				hypothetical protein
LONINKCB_04127	CDS	249				hypothetical protein
LONINKCB_04128	CDS	204				hypothetical protein
LONINKCB_04129	CDS	156				hypothetical protein
LONINKCB_04130	CDS	192				hypothetical protein
LONINKCB_04131	CDS	195				hypothetical protein
LONINKCB_04132	CDS	288				hypothetical protein
LONINKCB_04133	CDS	297				hypothetical protein
LONINKCB_04134	CDS	273				hypothetical protein
LONINKCB_04135	CDS	237				hypothetical protein
LONINKCB_04136	CDS	243				hypothetical protein
LONINKCB_04137	CDS	195				hypothetical protein
LONINKCB_04138	CDS	204				hypothetical protein
LONINKCB_04139	CDS	171				hypothetical protein
LONINKCB_04140	CDS	258				hypothetical protein
LONINKCB_04141	CDS	204				hypothetical protein
LONINKCB_04142	CDS	192				hypothetical protein
LONINKCB_04143	CDS	354				hypothetical protein
LONINKCB_04144	CDS	231				hypothetical protein
LONINKCB_04145	CDS	240				hypothetical protein
LONINKCB_04146	CDS	270				hypothetical protein
LONINKCB_04147	CDS	327				hypothetical protein
LONINKCB_04148	CDS	219				hypothetical protein
LONINKCB_04149	CDS	258				hypothetical protein
LONINKCB_04150	CDS	375				hypothetical protein
LONINKCB_04151	CDS	204				hypothetical protein
LONINKCB_04152	CDS	189				hypothetical protein
LONINKCB_04153	CDS	291				hypothetical protein
LONINKCB_04154	CDS	327				hypothetical protein
LONINKCB_04155	CDS	189				hypothetical protein
LONINKCB_04156	CDS	153				hypothetical protein
LONINKCB_04157	CDS	333				hypothetical protein
LONINKCB_04158	CDS	252				hypothetical protein
LONINKCB_04159	CDS	723				hypothetical protein
LONINKCB_04160	CDS	186				hypothetical protein
LONINKCB_04161	CDS	141				hypothetical protein
LONINKCB_04162	CDS	207				hypothetical protein
LONINKCB_04163	CDS	417				hypothetical protein
LONINKCB_04164	CDS	276				hypothetical protein
LONINKCB_04165	CDS	210				hypothetical protein
LONINKCB_04166	CDS	348				hypothetical protein
LONINKCB_04167	CDS	348				hypothetical protein
LONINKCB_04168	CDS	195				hypothetical protein
LONINKCB_04169	CDS	186				hypothetical protein
LONINKCB_04170	CDS	198				hypothetical protein
LONINKCB_04171	CDS	297				hypothetical protein
LONINKCB_04172	CDS	135				hypothetical protein
LONINKCB_04173	CDS	429				hypothetical protein
LONINKCB_04174	CDS	189				hypothetical protein
LONINKCB_04175	CDS	183				hypothetical protein
LONINKCB_04176	CDS	261				hypothetical protein
LONINKCB_04177	CDS	195				hypothetical protein
LONINKCB_04178	CDS	180				hypothetical protein
LONINKCB_04179	CDS	288				hypothetical protein
LONINKCB_04180	CDS	279				hypothetical protein
LONINKCB_04181	CDS	204				hypothetical protein
LONINKCB_04182	CDS	204				hypothetical protein
LONINKCB_04183	CDS	261				hypothetical protein
LONINKCB_04184	CDS	201				hypothetical protein
LONINKCB_04185	CDS	270				hypothetical protein
LONINKCB_04186	CDS	234				hypothetical protein
LONINKCB_04187	CDS	159				hypothetical protein
LONINKCB_04188	CDS	246				hypothetical protein
LONINKCB_04189	CDS	201				hypothetical protein
LONINKCB_04190	CDS	276				hypothetical protein
LONINKCB_04191	CDS	294				hypothetical protein
LONINKCB_04192	CDS	198				hypothetical protein
LONINKCB_04193	CDS	225				hypothetical protein
LONINKCB_04194	CDS	174				hypothetical protein
LONINKCB_04195	CDS	237				hypothetical protein
LONINKCB_04196	CDS	165				hypothetical protein
LONINKCB_04197	CDS	363				hypothetical protein
LONINKCB_04198	CDS	312				hypothetical protein
LONINKCB_04199	CDS	177				hypothetical protein
LONINKCB_04200	CDS	309				hypothetical protein
LONINKCB_04201	CDS	210				hypothetical protein
LONINKCB_04202	CDS	378				hypothetical protein
LONINKCB_04203	CDS	186				hypothetical protein
LONINKCB_04204	CDS	303				hypothetical protein
LONINKCB_04205	CDS	324				hypothetical protein
LONINKCB_04206	CDS	225				hypothetical protein
LONINKCB_04207	CDS	279				hypothetical protein
LONINKCB_04208	CDS	183				hypothetical protein
LONINKCB_04209	CDS	207				hypothetical protein
LONINKCB_04210	CDS	345				hypothetical protein
LONINKCB_04211	CDS	252				hypothetical protein
LONINKCB_04212	CDS	249				hypothetical protein
LONINKCB_04213	CDS	423				hypothetical protein
LONINKCB_04214	CDS	237				hypothetical protein
LONINKCB_04215	CDS	282				hypothetical protein
LONINKCB_04216	CDS	399				hypothetical protein
LONINKCB_04217	CDS	333				hypothetical protein
LONINKCB_04218	CDS	180				hypothetical protein
LONINKCB_04219	CDS	429				hypothetical protein
LONINKCB_04220	CDS	243				hypothetical protein
LONINKCB_04221	CDS	597				hypothetical protein
LONINKCB_04222	CDS	1176				hypothetical protein
LONINKCB_04223	CDS	651				hypothetical protein
LONINKCB_04224	CDS	159				hypothetical protein
LONINKCB_04225	CDS	285				hypothetical protein
LONINKCB_04226	CDS	228				hypothetical protein
LONINKCB_04227	CDS	159				hypothetical protein
LONINKCB_04228	CDS	162				hypothetical protein
LONINKCB_04229	CDS	282				hypothetical protein
LONINKCB_04230	CDS	210				hypothetical protein
LONINKCB_04231	CDS	255				hypothetical protein
LONINKCB_04232	CDS	189				hypothetical protein
LONINKCB_04233	CDS	228				hypothetical protein
LONINKCB_04234	CDS	387				hypothetical protein
LONINKCB_04235	CDS	159				hypothetical protein
LONINKCB_04236	CDS	288				hypothetical protein
LONINKCB_04237	CDS	222				hypothetical protein
LONINKCB_04238	CDS	207				hypothetical protein
LONINKCB_04239	CDS	225				hypothetical protein
LONINKCB_04240	CDS	165				hypothetical protein
LONINKCB_04241	CDS	213				hypothetical protein
LONINKCB_04242	CDS	171				hypothetical protein
LONINKCB_04243	CDS	225				hypothetical protein
LONINKCB_04244	CDS	162				hypothetical protein
LONINKCB_04245	CDS	213				hypothetical protein
LONINKCB_04246	CDS	183				hypothetical protein
LONINKCB_04247	CDS	240				hypothetical protein
LONINKCB_04248	CDS	237				hypothetical protein
LONINKCB_04249	CDS	408				hypothetical protein
LONINKCB_04250	CDS	264				hypothetical protein
LONINKCB_04251	CDS	183				hypothetical protein
LONINKCB_04252	CDS	390				hypothetical protein
LONINKCB_04253	CDS	351				hypothetical protein
LONINKCB_04254	CDS	210				hypothetical protein
LONINKCB_04255	CDS	231				hypothetical protein
LONINKCB_04256	CDS	402				hypothetical protein
LONINKCB_04257	CDS	267				hypothetical protein
LONINKCB_04258	CDS	249				hypothetical protein
LONINKCB_04259	CDS	858				hypothetical protein
LONINKCB_04260	CDS	261				hypothetical protein
LONINKCB_04261	CDS	153				hypothetical protein
LONINKCB_04262	CDS	216				hypothetical protein
LONINKCB_04263	CDS	255				hypothetical protein
LONINKCB_04264	CDS	303				hypothetical protein
LONINKCB_04265	CDS	219				hypothetical protein
LONINKCB_04266	CDS	213				hypothetical protein
LONINKCB_04267	CDS	183				hypothetical protein
LONINKCB_04268	CDS	255				hypothetical protein
LONINKCB_04269	CDS	234				hypothetical protein
LONINKCB_04270	CDS	195				hypothetical protein
LONINKCB_04271	CDS	309				hypothetical protein
LONINKCB_04272	CDS	261				hypothetical protein
LONINKCB_04273	CDS	216				hypothetical protein
LONINKCB_04274	CDS	225				hypothetical protein
LONINKCB_04275	CDS	285				hypothetical protein
LONINKCB_04276	CDS	201				hypothetical protein
LONINKCB_04277	CDS	165				hypothetical protein
LONINKCB_04278	CDS	357				hypothetical protein
LONINKCB_04279	CDS	183				hypothetical protein
LONINKCB_04280	CDS	384				hypothetical protein
LONINKCB_04281	CDS	306				hypothetical protein
LONINKCB_04282	CDS	198				hypothetical protein
LONINKCB_04283	CDS	222				hypothetical protein
LONINKCB_04284	CDS	360				hypothetical protein
LONINKCB_04285	CDS	513				hypothetical protein
LONINKCB_04286	CDS	252				hypothetical protein
LONINKCB_04287	CDS	177				hypothetical protein
LONINKCB_04288	CDS	189				hypothetical protein
LONINKCB_04289	CDS	189				hypothetical protein
LONINKCB_04290	CDS	231				hypothetical protein
LONINKCB_04291	CDS	234				hypothetical protein
LONINKCB_04292	CDS	153				hypothetical protein
LONINKCB_04293	CDS	159				hypothetical protein
LONINKCB_04294	CDS	210				hypothetical protein
LONINKCB_04295	CDS	138				hypothetical protein
LONINKCB_04296	CDS	207				hypothetical protein
LONINKCB_04297	CDS	222				hypothetical protein
LONINKCB_04298	CDS	228				hypothetical protein
LONINKCB_04299	CDS	234				hypothetical protein
LONINKCB_04300	CDS	261				hypothetical protein
LONINKCB_04301	CDS	561				hypothetical protein
LONINKCB_04302	CDS	168				hypothetical protein
LONINKCB_04303	CDS	417				hypothetical protein
LONINKCB_04304	CDS	213				hypothetical protein
LONINKCB_04305	CDS	291				hypothetical protein
LONINKCB_04306	CDS	216				hypothetical protein
LONINKCB_04307	CDS	303				hypothetical protein
LONINKCB_04308	CDS	354				hypothetical protein
LONINKCB_04309	CDS	165				hypothetical protein
LONINKCB_04310	CDS	297				hypothetical protein
LONINKCB_04311	CDS	225				hypothetical protein
LONINKCB_04312	CDS	243				hypothetical protein
LONINKCB_04313	CDS	201				hypothetical protein
LONINKCB_04314	CDS	357				hypothetical protein
LONINKCB_04315	CDS	354				hypothetical protein
LONINKCB_04316	CDS	192				hypothetical protein
LONINKCB_04317	CDS	201				hypothetical protein
LONINKCB_04318	CDS	276				hypothetical protein
LONINKCB_04319	CDS	180				hypothetical protein
LONINKCB_04320	CDS	225				hypothetical protein
LONINKCB_04321	CDS	207				hypothetical protein
LONINKCB_04322	CDS	261				hypothetical protein
LONINKCB_04323	CDS	225				hypothetical protein
LONINKCB_04324	CDS	264				hypothetical protein
LONINKCB_04325	CDS	237				hypothetical protein
LONINKCB_04326	CDS	330				hypothetical protein
LONINKCB_04327	CDS	234				hypothetical protein
LONINKCB_04328	CDS	192				hypothetical protein
LONINKCB_04329	CDS	207				hypothetical protein
LONINKCB_04330	CDS	261				hypothetical protein
LONINKCB_04331	CDS	243				hypothetical protein
LONINKCB_04332	CDS	861				hypothetical protein
LONINKCB_04333	CDS	168				hypothetical protein
LONINKCB_04334	CDS	744				hypothetical protein
LONINKCB_04335	CDS	441				hypothetical protein
LONINKCB_04336	CDS	435				hypothetical protein
LONINKCB_04337	CDS	210				hypothetical protein
LONINKCB_04338	CDS	387				hypothetical protein
LONINKCB_04339	CDS	219				hypothetical protein
LONINKCB_04340	CDS	312				hypothetical protein
LONINKCB_04341	CDS	222				hypothetical protein
LONINKCB_04342	CDS	411				hypothetical protein
LONINKCB_04343	CDS	237				hypothetical protein
LONINKCB_04344	CDS	462				hypothetical protein
LONINKCB_04345	CDS	324				hypothetical protein
LONINKCB_04346	CDS	147				hypothetical protein
LONINKCB_04347	CDS	207				hypothetical protein
LONINKCB_04348	CDS	294				hypothetical protein
LONINKCB_04349	CDS	255				hypothetical protein
LONINKCB_04350	CDS	198				hypothetical protein
LONINKCB_04351	CDS	255				hypothetical protein
LONINKCB_04352	CDS	816				hypothetical protein
LONINKCB_04353	CDS	162				hypothetical protein
LONINKCB_04354	CDS	300				hypothetical protein
LONINKCB_04355	CDS	327				hypothetical protein
LONINKCB_04356	CDS	198				hypothetical protein
LONINKCB_04357	CDS	228				hypothetical protein
LONINKCB_04358	CDS	486				hypothetical protein
LONINKCB_04359	CDS	291				hypothetical protein
LONINKCB_04360	CDS	207				hypothetical protein
LONINKCB_04361	CDS	165				hypothetical protein
LONINKCB_04362	CDS	189				hypothetical protein
LONINKCB_04363	CDS	177				hypothetical protein
LONINKCB_04364	CDS	303				hypothetical protein
LONINKCB_04365	CDS	153				hypothetical protein
LONINKCB_04366	CDS	333				hypothetical protein
LONINKCB_04367	CDS	165				hypothetical protein
LONINKCB_04368	CDS	381				hypothetical protein
LONINKCB_04369	CDS	204				hypothetical protein
LONINKCB_04370	CDS	510				hypothetical protein
LONINKCB_04371	CDS	165				hypothetical protein
LONINKCB_04372	CDS	207				hypothetical protein
LONINKCB_04373	CDS	219				hypothetical protein
LONINKCB_04374	CDS	204				hypothetical protein
LONINKCB_04375	CDS	294				hypothetical protein
LONINKCB_04376	CDS	195				hypothetical protein
LONINKCB_04377	CDS	282				hypothetical protein
LONINKCB_04378	CDS	249				hypothetical protein
LONINKCB_04379	CDS	285				hypothetical protein
LONINKCB_04380	CDS	201				hypothetical protein
LONINKCB_04381	CDS	204				hypothetical protein
LONINKCB_04382	CDS	357				hypothetical protein
LONINKCB_04383	CDS	216				hypothetical protein
LONINKCB_04384	CDS	249				hypothetical protein
LONINKCB_04385	CDS	282				hypothetical protein
LONINKCB_04386	CDS	234				hypothetical protein
LONINKCB_04387	CDS	234				hypothetical protein
LONINKCB_04388	CDS	162				hypothetical protein
LONINKCB_04389	CDS	204				hypothetical protein
LONINKCB_04390	CDS	243				hypothetical protein
LONINKCB_04391	CDS	210				hypothetical protein
LONINKCB_04392	CDS	207				hypothetical protein
LONINKCB_04393	CDS	342				hypothetical protein
LONINKCB_04394	CDS	180				hypothetical protein
LONINKCB_04395	CDS	228				hypothetical protein
LONINKCB_04396	CDS	291				hypothetical protein
LONINKCB_04397	CDS	174				hypothetical protein
LONINKCB_04398	CDS	246				hypothetical protein
LONINKCB_04399	CDS	225				hypothetical protein
LONINKCB_04400	CDS	162				hypothetical protein
LONINKCB_04401	CDS	228				hypothetical protein
LONINKCB_04402	CDS	234				hypothetical protein
LONINKCB_04403	CDS	717				hypothetical protein
LONINKCB_04404	CDS	324				hypothetical protein
LONINKCB_04405	CDS	837				hypothetical protein
LONINKCB_04406	CDS	210				hypothetical protein
LONINKCB_04407	CDS	237				hypothetical protein
LONINKCB_04408	CDS	324				hypothetical protein
LONINKCB_04409	CDS	354				hypothetical protein
LONINKCB_04410	CDS	186				hypothetical protein
LONINKCB_04411	CDS	204				hypothetical protein
LONINKCB_04412	CDS	165				hypothetical protein
LONINKCB_04413	CDS	198				hypothetical protein
LONINKCB_04414	CDS	201				hypothetical protein
LONINKCB_04415	CDS	243				hypothetical protein
LONINKCB_04416	CDS	186				hypothetical protein
LONINKCB_04417	CDS	231				hypothetical protein
LONINKCB_04418	CDS	219				hypothetical protein
LONINKCB_04419	CDS	213				hypothetical protein
LONINKCB_04420	CDS	258				hypothetical protein
LONINKCB_04421	CDS	168				hypothetical protein
LONINKCB_04422	CDS	249				hypothetical protein
LONINKCB_04423	CDS	252				hypothetical protein
LONINKCB_04424	CDS	228				hypothetical protein
LONINKCB_04425	CDS	198				hypothetical protein
LONINKCB_04426	CDS	330				hypothetical protein
LONINKCB_04427	CDS	216				hypothetical protein
LONINKCB_04428	CDS	180				hypothetical protein
LONINKCB_04429	CDS	216				hypothetical protein
LONINKCB_04430	CDS	231				hypothetical protein
LONINKCB_04431	CDS	195				hypothetical protein
LONINKCB_04432	CDS	525				hypothetical protein
LONINKCB_04433	CDS	198				hypothetical protein
LONINKCB_04434	CDS	387				hypothetical protein
LONINKCB_04435	CDS	201				hypothetical protein
LONINKCB_04436	CDS	219				hypothetical protein
LONINKCB_04437	CDS	231				hypothetical protein
LONINKCB_04438	CDS	165				hypothetical protein
LONINKCB_04439	CDS	213				hypothetical protein
LONINKCB_04440	CDS	300				hypothetical protein
LONINKCB_04441	CDS	291				hypothetical protein
LONINKCB_04442	CDS	183				hypothetical protein
LONINKCB_04443	CDS	384				hypothetical protein
LONINKCB_04444	CDS	414				hypothetical protein
LONINKCB_04445	CDS	324				hypothetical protein
LONINKCB_04446	CDS	222				hypothetical protein
LONINKCB_04447	CDS	390				hypothetical protein
LONINKCB_04448	CDS	513				hypothetical protein
LONINKCB_04449	CDS	252				hypothetical protein
LONINKCB_04450	CDS	177				hypothetical protein
LONINKCB_04451	CDS	225				hypothetical protein
LONINKCB_04452	CDS	273				hypothetical protein
LONINKCB_04453	CDS	243				hypothetical protein
LONINKCB_04454	CDS	183				hypothetical protein
LONINKCB_04455	CDS	243				hypothetical protein
LONINKCB_04456	CDS	225				hypothetical protein
LONINKCB_04457	CDS	405				hypothetical protein
LONINKCB_04458	CDS	297				hypothetical protein
LONINKCB_04459	CDS	339				hypothetical protein
LONINKCB_04460	CDS	252				hypothetical protein
LONINKCB_04461	CDS	168				hypothetical protein
LONINKCB_04462	CDS	330				hypothetical protein
LONINKCB_04463	CDS	252				hypothetical protein
LONINKCB_04464	CDS	255				hypothetical protein
LONINKCB_04465	CDS	228				hypothetical protein
LONINKCB_04466	CDS	204				hypothetical protein
LONINKCB_04467	CDS	306				hypothetical protein
LONINKCB_04468	CDS	171				hypothetical protein
LONINKCB_04469	CDS	231				hypothetical protein
LONINKCB_04470	CDS	309				hypothetical protein
LONINKCB_04471	CDS	240				hypothetical protein
LONINKCB_04472	CDS	261				hypothetical protein
LONINKCB_04473	CDS	330				hypothetical protein
LONINKCB_04474	CDS	207				hypothetical protein
LONINKCB_04475	CDS	354				hypothetical protein
LONINKCB_04476	CDS	303				hypothetical protein
LONINKCB_04477	CDS	915				hypothetical protein
LONINKCB_04478	CDS	237				hypothetical protein
LONINKCB_04479	CDS	177				hypothetical protein
LONINKCB_04480	CDS	351				hypothetical protein
LONINKCB_04481	CDS	189				hypothetical protein
LONINKCB_04482	CDS	189				hypothetical protein
LONINKCB_04483	CDS	687				hypothetical protein
LONINKCB_04484	CDS	435				hypothetical protein
LONINKCB_04485	CDS	231				hypothetical protein
LONINKCB_04486	CDS	198				hypothetical protein
LONINKCB_04487	CDS	291				hypothetical protein
LONINKCB_04488	CDS	240				hypothetical protein
LONINKCB_04489	CDS	312				hypothetical protein
LONINKCB_04490	CDS	222				hypothetical protein
LONINKCB_04491	CDS	384				hypothetical protein
LONINKCB_04492	CDS	243				hypothetical protein
LONINKCB_04493	CDS	573				hypothetical protein
LONINKCB_04494	CDS	249				hypothetical protein
LONINKCB_04495	CDS	357				hypothetical protein
LONINKCB_04496	CDS	222				hypothetical protein
LONINKCB_04497	CDS	180				hypothetical protein
LONINKCB_04498	CDS	198				hypothetical protein
LONINKCB_04499	CDS	753				hypothetical protein
LONINKCB_04500	CDS	300				hypothetical protein
LONINKCB_04501	CDS	207				hypothetical protein
LONINKCB_04502	CDS	240				hypothetical protein
LONINKCB_04503	CDS	198				hypothetical protein
LONINKCB_04504	CDS	228				hypothetical protein
LONINKCB_04505	CDS	486				hypothetical protein
LONINKCB_04506	CDS	291				hypothetical protein
LONINKCB_04507	CDS	165				hypothetical protein
LONINKCB_04508	CDS	189				hypothetical protein
LONINKCB_04509	CDS	345				hypothetical protein
LONINKCB_04510	CDS	168				hypothetical protein
LONINKCB_04511	CDS	258				hypothetical protein
LONINKCB_04512	CDS	252				hypothetical protein
LONINKCB_04513	CDS	231				hypothetical protein
LONINKCB_04514	CDS	153				hypothetical protein
LONINKCB_04515	CDS	273				hypothetical protein
LONINKCB_04516	CDS	165				hypothetical protein
LONINKCB_04517	CDS	276				hypothetical protein
LONINKCB_04518	CDS	291				hypothetical protein
LONINKCB_04519	CDS	204				hypothetical protein
LONINKCB_04520	CDS	201				hypothetical protein
LONINKCB_04521	CDS	195				hypothetical protein
LONINKCB_04522	CDS	510				hypothetical protein
LONINKCB_04523	CDS	255				hypothetical protein
LONINKCB_04524	CDS	216				hypothetical protein
LONINKCB_04525	CDS	216				hypothetical protein
LONINKCB_04526	CDS	735				hypothetical protein
LONINKCB_04527	CDS	345				hypothetical protein
LONINKCB_04528	CDS	393				hypothetical protein
LONINKCB_04529	CDS	183				hypothetical protein
LONINKCB_04530	CDS	219				hypothetical protein
LONINKCB_04531	CDS	240				hypothetical protein
LONINKCB_04532	CDS	240				hypothetical protein
LONINKCB_04533	CDS	213				hypothetical protein
LONINKCB_04534	CDS	189				hypothetical protein
LONINKCB_04535	CDS	327				hypothetical protein
LONINKCB_04536	CDS	228				hypothetical protein
LONINKCB_04537	CDS	192				hypothetical protein
LONINKCB_04538	CDS	198				hypothetical protein
LONINKCB_04539	CDS	174				hypothetical protein
LONINKCB_04540	CDS	225				hypothetical protein
LONINKCB_04541	CDS	231				hypothetical protein
LONINKCB_04542	CDS	300				hypothetical protein
LONINKCB_04543	CDS	240				hypothetical protein
LONINKCB_04544	CDS	231				hypothetical protein
LONINKCB_04545	CDS	204				hypothetical protein
LONINKCB_04546	CDS	210				hypothetical protein
LONINKCB_04547	CDS	237				hypothetical protein
LONINKCB_04548	CDS	171				hypothetical protein
LONINKCB_04549	CDS	228				hypothetical protein
LONINKCB_04550	CDS	222				hypothetical protein
LONINKCB_04551	CDS	234				hypothetical protein
LONINKCB_04552	CDS	201				hypothetical protein
LONINKCB_04553	CDS	249				hypothetical protein
LONINKCB_04554	CDS	243				hypothetical protein
LONINKCB_04555	CDS	195				hypothetical protein
LONINKCB_04556	CDS	270				hypothetical protein
LONINKCB_04557	CDS	234				hypothetical protein
LONINKCB_04558	CDS	351				hypothetical protein
LONINKCB_04559	CDS	282				hypothetical protein
LONINKCB_04560	CDS	204				hypothetical protein
LONINKCB_04561	CDS	201				hypothetical protein
LONINKCB_04562	CDS	180				hypothetical protein
LONINKCB_04563	CDS	165				hypothetical protein
LONINKCB_04564	CDS	246				hypothetical protein
LONINKCB_04565	CDS	207				hypothetical protein
LONINKCB_04566	CDS	234				hypothetical protein
LONINKCB_04567	CDS	246				hypothetical protein
LONINKCB_04568	CDS	219				hypothetical protein
LONINKCB_04569	CDS	222				hypothetical protein
LONINKCB_04570	CDS	177				hypothetical protein
LONINKCB_04571	CDS	213				hypothetical protein
LONINKCB_04572	CDS	249				hypothetical protein
LONINKCB_04573	CDS	195				hypothetical protein
LONINKCB_04574	CDS	348				hypothetical protein
LONINKCB_04575	CDS	366				hypothetical protein
LONINKCB_04576	CDS	444				hypothetical protein
LONINKCB_04577	CDS	297				hypothetical protein
LONINKCB_04578	CDS	378				hypothetical protein
LONINKCB_04579	CDS	225				hypothetical protein
LONINKCB_04580	CDS	201				hypothetical protein
LONINKCB_04581	CDS	294				hypothetical protein
LONINKCB_04582	CDS	198				hypothetical protein
LONINKCB_04583	CDS	243				hypothetical protein
LONINKCB_04584	CDS	288				hypothetical protein
LONINKCB_04585	CDS	204				hypothetical protein
LONINKCB_04586	CDS	264				hypothetical protein
LONINKCB_04587	CDS	372				hypothetical protein
LONINKCB_04588	CDS	213				hypothetical protein
LONINKCB_04589	CDS	162				hypothetical protein
LONINKCB_04590	CDS	378				hypothetical protein
LONINKCB_04591	CDS	279				hypothetical protein
LONINKCB_04592	CDS	228				hypothetical protein
LONINKCB_04593	CDS	234				hypothetical protein
LONINKCB_04594	CDS	282				hypothetical protein
LONINKCB_04595	CDS	789				hypothetical protein
LONINKCB_04596	CDS	162				hypothetical protein
LONINKCB_04597	CDS	225				hypothetical protein
LONINKCB_04598	CDS	297				hypothetical protein
LONINKCB_04599	CDS	354				hypothetical protein
LONINKCB_04600	CDS	174				hypothetical protein
LONINKCB_04601	CDS	255				hypothetical protein
LONINKCB_04602	CDS	186				hypothetical protein
LONINKCB_04603	CDS	201				hypothetical protein
LONINKCB_04604	CDS	192				hypothetical protein
LONINKCB_04605	CDS	225				hypothetical protein
LONINKCB_04606	CDS	228				hypothetical protein
LONINKCB_04607	CDS	207				hypothetical protein
LONINKCB_04608	CDS	198				hypothetical protein
LONINKCB_04609	CDS	216				hypothetical protein
LONINKCB_04610	CDS	282				hypothetical protein
LONINKCB_04611	CDS	180				hypothetical protein
LONINKCB_04612	CDS	588				hypothetical protein
LONINKCB_04613	CDS	219				hypothetical protein
LONINKCB_04614	CDS	471				hypothetical protein
LONINKCB_04615	CDS	366				hypothetical protein
LONINKCB_04616	CDS	228				hypothetical protein
LONINKCB_04617	CDS	285				hypothetical protein
LONINKCB_04618	CDS	942				hypothetical protein
LONINKCB_04619	CDS	273				hypothetical protein
LONINKCB_04620	CDS	195				hypothetical protein
LONINKCB_04621	CDS	171				hypothetical protein
LONINKCB_04622	CDS	237				hypothetical protein
LONINKCB_04623	CDS	288				hypothetical protein
LONINKCB_04624	CDS	228				hypothetical protein
LONINKCB_04625	CDS	237				hypothetical protein
LONINKCB_04626	CDS	243				hypothetical protein
LONINKCB_04627	CDS	159				hypothetical protein
LONINKCB_04628	CDS	174				hypothetical protein
LONINKCB_04629	CDS	441				hypothetical protein
LONINKCB_04630	CDS	237				hypothetical protein
LONINKCB_04631	CDS	246				hypothetical protein
LONINKCB_04632	CDS	183				hypothetical protein
LONINKCB_04633	CDS	216				hypothetical protein
LONINKCB_04634	CDS	204				hypothetical protein
LONINKCB_04635	CDS	327				hypothetical protein
LONINKCB_04636	CDS	300				hypothetical protein
LONINKCB_04637	CDS	228				hypothetical protein
LONINKCB_04638	CDS	183				hypothetical protein
LONINKCB_04639	CDS	207				hypothetical protein
LONINKCB_04640	CDS	180				hypothetical protein
LONINKCB_04641	CDS	228				hypothetical protein
LONINKCB_04642	CDS	171				hypothetical protein
LONINKCB_04643	CDS	288				hypothetical protein
LONINKCB_04644	CDS	207				hypothetical protein
LONINKCB_04645	CDS	168				hypothetical protein
LONINKCB_04646	CDS	363				hypothetical protein
LONINKCB_04647	CDS	387				hypothetical protein
LONINKCB_04648	CDS	270				hypothetical protein
LONINKCB_04649	CDS	216				hypothetical protein
LONINKCB_04650	CDS	195				hypothetical protein
LONINKCB_04651	CDS	288				hypothetical protein
LONINKCB_04652	CDS	282				hypothetical protein
LONINKCB_04653	CDS	288				hypothetical protein
LONINKCB_04654	CDS	297				hypothetical protein
LONINKCB_04655	CDS	189				hypothetical protein
LONINKCB_04656	CDS	234				hypothetical protein
LONINKCB_04657	CDS	165				hypothetical protein
LONINKCB_04658	CDS	231				hypothetical protein
LONINKCB_04659	CDS	183				hypothetical protein
LONINKCB_04660	CDS	444				hypothetical protein
LONINKCB_04661	CDS	228				hypothetical protein
LONINKCB_04662	CDS	174				hypothetical protein
LONINKCB_04663	CDS	207				hypothetical protein
LONINKCB_04664	CDS	264				hypothetical protein
LONINKCB_04665	CDS	246				hypothetical protein
LONINKCB_04666	CDS	168				hypothetical protein
LONINKCB_04667	CDS	264				hypothetical protein
LONINKCB_04668	CDS	273				hypothetical protein
LONINKCB_04669	CDS	351				hypothetical protein
LONINKCB_04670	CDS	180				hypothetical protein
LONINKCB_04671	CDS	285				hypothetical protein
LONINKCB_04672	CDS	267				hypothetical protein
LONINKCB_04673	CDS	204				hypothetical protein
LONINKCB_04674	CDS	285				hypothetical protein
LONINKCB_04675	CDS	255				hypothetical protein
LONINKCB_04676	CDS	147				hypothetical protein
LONINKCB_04677	CDS	177				hypothetical protein
LONINKCB_04678	CDS	243				hypothetical protein
LONINKCB_04679	CDS	174				hypothetical protein
LONINKCB_04680	CDS	186				hypothetical protein
LONINKCB_04681	CDS	150				hypothetical protein
LONINKCB_04682	CDS	678				hypothetical protein
LONINKCB_04683	CDS	357				hypothetical protein
LONINKCB_04684	CDS	183				hypothetical protein
LONINKCB_04685	CDS	240				hypothetical protein
LONINKCB_04686	CDS	246				hypothetical protein
LONINKCB_04687	tRNA	76				tRNA-Ala(agc)
LONINKCB_04688	CDS	264				hypothetical protein
LONINKCB_04689	CDS	774				hypothetical protein
LONINKCB_04690	CDS	201				hypothetical protein
LONINKCB_04691	CDS	165				hypothetical protein
LONINKCB_04692	CDS	198				hypothetical protein
LONINKCB_04693	CDS	249				hypothetical protein
LONINKCB_04694	CDS	264				hypothetical protein
LONINKCB_04695	CDS	192				hypothetical protein
LONINKCB_04696	CDS	246				hypothetical protein
LONINKCB_04697	CDS	237				hypothetical protein
LONINKCB_04698	CDS	183				hypothetical protein
LONINKCB_04699	CDS	207				hypothetical protein
LONINKCB_04700	CDS	237				hypothetical protein
LONINKCB_04701	CDS	168				hypothetical protein
LONINKCB_04702	CDS	246				hypothetical protein
LONINKCB_04703	CDS	243				hypothetical protein
LONINKCB_04704	CDS	318				hypothetical protein
LONINKCB_04705	CDS	159				hypothetical protein
LONINKCB_04706	CDS	279				hypothetical protein
LONINKCB_04707	CDS	201				hypothetical protein
LONINKCB_04708	CDS	198				hypothetical protein
LONINKCB_04709	CDS	279				hypothetical protein
LONINKCB_04710	CDS	267				hypothetical protein
LONINKCB_04711	CDS	207				hypothetical protein
LONINKCB_04712	CDS	231				hypothetical protein
LONINKCB_04713	CDS	207				hypothetical protein
LONINKCB_04714	CDS	255				hypothetical protein
LONINKCB_04715	CDS	243				hypothetical protein
LONINKCB_04716	CDS	243				hypothetical protein
LONINKCB_04717	CDS	459				hypothetical protein
LONINKCB_04718	CDS	189				hypothetical protein
LONINKCB_04719	CDS	207				hypothetical protein
LONINKCB_04720	CDS	222				hypothetical protein
LONINKCB_04721	CDS	171				hypothetical protein
LONINKCB_04722	CDS	153				hypothetical protein
LONINKCB_04723	CDS	747				hypothetical protein
LONINKCB_04724	CDS	198				hypothetical protein
LONINKCB_04725	CDS	1044				hypothetical protein
LONINKCB_04726	CDS	1077				hypothetical protein
LONINKCB_04727	CDS	216				hypothetical protein
LONINKCB_04728	CDS	210				hypothetical protein
LONINKCB_04729	CDS	219				hypothetical protein
LONINKCB_04730	CDS	213				hypothetical protein
LONINKCB_04731	CDS	162				hypothetical protein
LONINKCB_04732	CDS	345				hypothetical protein
LONINKCB_04733	CDS	231				hypothetical protein
LONINKCB_04734	CDS	171				hypothetical protein
LONINKCB_04735	CDS	393				hypothetical protein
LONINKCB_04736	CDS	198				hypothetical protein
LONINKCB_04737	CDS	186				hypothetical protein
LONINKCB_04738	CDS	168				hypothetical protein
LONINKCB_04739	CDS	294				hypothetical protein
LONINKCB_04740	CDS	216				hypothetical protein
LONINKCB_04741	CDS	213				hypothetical protein
LONINKCB_04742	CDS	642				hypothetical protein
LONINKCB_04743	CDS	987				hypothetical protein
LONINKCB_04744	CDS	240				hypothetical protein
LONINKCB_04745	CDS	324				hypothetical protein
LONINKCB_04746	CDS	285				hypothetical protein
LONINKCB_04747	CDS	351				hypothetical protein
LONINKCB_04748	CDS	237				hypothetical protein
LONINKCB_04749	CDS	279				hypothetical protein
LONINKCB_04750	CDS	291				hypothetical protein
LONINKCB_04751	CDS	300				hypothetical protein
LONINKCB_04752	CDS	192				hypothetical protein
LONINKCB_04753	CDS	153				hypothetical protein
LONINKCB_04754	CDS	246				hypothetical protein
LONINKCB_04755	CDS	204				hypothetical protein
LONINKCB_04756	CDS	345				hypothetical protein
LONINKCB_04757	CDS	237				hypothetical protein
LONINKCB_04758	CDS	276				hypothetical protein
LONINKCB_04759	CDS	189				hypothetical protein
LONINKCB_04760	CDS	273				hypothetical protein
LONINKCB_04761	CDS	222				hypothetical protein
LONINKCB_04762	CDS	174				hypothetical protein
LONINKCB_04763	CDS	201				hypothetical protein
LONINKCB_04764	CDS	225				hypothetical protein
LONINKCB_04765	CDS	225				hypothetical protein
LONINKCB_04766	CDS	180				hypothetical protein
LONINKCB_04767	CDS	165				hypothetical protein
LONINKCB_04768	CDS	228				hypothetical protein
LONINKCB_04769	CDS	219				hypothetical protein
LONINKCB_04770	CDS	282				hypothetical protein
LONINKCB_04771	CDS	204				hypothetical protein
LONINKCB_04772	CDS	243				hypothetical protein
LONINKCB_04773	CDS	189				hypothetical protein
LONINKCB_04774	CDS	186				hypothetical protein
LONINKCB_04775	CDS	177				hypothetical protein
LONINKCB_04776	CDS	219				hypothetical protein
LONINKCB_04777	CDS	267				hypothetical protein
LONINKCB_04778	CDS	291				hypothetical protein
LONINKCB_04779	CDS	198				hypothetical protein
LONINKCB_04780	CDS	219				hypothetical protein
LONINKCB_04781	CDS	276				hypothetical protein
LONINKCB_04782	CDS	222				hypothetical protein
LONINKCB_04783	CDS	261				hypothetical protein
LONINKCB_04784	CDS	315				hypothetical protein
LONINKCB_04785	CDS	276				hypothetical protein
LONINKCB_04786	CDS	204				hypothetical protein
LONINKCB_04787	CDS	375				hypothetical protein
LONINKCB_04788	CDS	357				hypothetical protein
LONINKCB_04789	CDS	216				hypothetical protein
LONINKCB_04790	CDS	246				hypothetical protein
LONINKCB_04791	CDS	306				hypothetical protein
LONINKCB_04792	CDS	186				hypothetical protein
LONINKCB_04793	CDS	222				hypothetical protein
LONINKCB_04794	CDS	351				hypothetical protein
LONINKCB_04795	CDS	183				hypothetical protein
LONINKCB_04796	CDS	219				hypothetical protein
LONINKCB_04797	CDS	345				hypothetical protein
LONINKCB_04798	CDS	189				hypothetical protein
LONINKCB_04799	CDS	756				hypothetical protein
LONINKCB_04800	CDS	255				hypothetical protein
LONINKCB_04801	CDS	273				hypothetical protein
LONINKCB_04802	CDS	141				hypothetical protein
LONINKCB_04803	CDS	207				hypothetical protein
LONINKCB_04804	CDS	249				hypothetical protein
LONINKCB_04805	CDS	225				hypothetical protein
LONINKCB_04806	CDS	237				hypothetical protein
LONINKCB_04807	CDS	285				hypothetical protein
LONINKCB_04808	CDS	303				hypothetical protein
LONINKCB_04809	CDS	162				hypothetical protein
LONINKCB_04810	CDS	204				hypothetical protein
LONINKCB_04811	CDS	180				hypothetical protein
LONINKCB_04812	CDS	189				hypothetical protein
LONINKCB_04813	CDS	162				hypothetical protein
LONINKCB_04814	CDS	246				hypothetical protein
LONINKCB_04815	CDS	201				hypothetical protein
LONINKCB_04816	CDS	264				hypothetical protein
LONINKCB_04817	CDS	228				hypothetical protein
LONINKCB_04818	CDS	243				hypothetical protein
LONINKCB_04819	CDS	231				hypothetical protein
LONINKCB_04820	CDS	285				hypothetical protein
LONINKCB_04821	CDS	288				hypothetical protein
LONINKCB_04822	CDS	243				hypothetical protein
LONINKCB_04823	CDS	186				hypothetical protein
LONINKCB_04824	CDS	225				hypothetical protein
LONINKCB_04825	CDS	189				hypothetical protein
LONINKCB_04826	CDS	234				hypothetical protein
LONINKCB_04827	CDS	291				hypothetical protein
LONINKCB_04828	CDS	213				hypothetical protein
LONINKCB_04829	CDS	237				hypothetical protein
LONINKCB_04830	CDS	195				hypothetical protein
LONINKCB_04831	CDS	252				hypothetical protein
LONINKCB_04832	CDS	174				hypothetical protein
LONINKCB_04833	CDS	207				hypothetical protein
LONINKCB_04834	CDS	279				hypothetical protein
LONINKCB_04835	CDS	162				hypothetical protein
LONINKCB_04836	CDS	261				hypothetical protein
LONINKCB_04837	CDS	348				hypothetical protein
LONINKCB_04838	CDS	252				hypothetical protein
LONINKCB_04839	CDS	240				hypothetical protein
LONINKCB_04840	CDS	237				hypothetical protein
LONINKCB_04841	CDS	180				hypothetical protein
LONINKCB_04842	CDS	177				hypothetical protein
LONINKCB_04843	CDS	303				hypothetical protein
LONINKCB_04844	CDS	162				hypothetical protein
LONINKCB_04845	CDS	204				hypothetical protein
LONINKCB_04846	CDS	243				hypothetical protein
LONINKCB_04847	CDS	231				hypothetical protein
LONINKCB_04848	CDS	195				hypothetical protein
LONINKCB_04849	CDS	261				hypothetical protein
LONINKCB_04850	CDS	264				hypothetical protein
LONINKCB_04851	CDS	258				hypothetical protein
LONINKCB_04852	CDS	303				hypothetical protein
LONINKCB_04853	CDS	303				hypothetical protein
LONINKCB_04854	CDS	192				hypothetical protein
LONINKCB_04855	CDS	288				hypothetical protein
LONINKCB_04856	CDS	189				hypothetical protein
LONINKCB_04857	CDS	273				hypothetical protein
LONINKCB_04858	CDS	177				hypothetical protein
LONINKCB_04859	CDS	219				hypothetical protein
LONINKCB_04860	CDS	183				hypothetical protein
LONINKCB_04861	CDS	228				hypothetical protein
LONINKCB_04862	CDS	252				hypothetical protein
LONINKCB_04863	CDS	378				hypothetical protein
LONINKCB_04864	CDS	192				hypothetical protein
LONINKCB_04865	CDS	228				hypothetical protein
LONINKCB_04866	CDS	189				hypothetical protein
LONINKCB_04867	CDS	198				hypothetical protein
LONINKCB_04868	CDS	246				hypothetical protein
LONINKCB_04869	CDS	180				hypothetical protein
LONINKCB_04870	CDS	204				hypothetical protein
LONINKCB_04871	CDS	264				hypothetical protein
LONINKCB_04872	CDS	228				hypothetical protein
LONINKCB_04873	CDS	219				hypothetical protein
LONINKCB_04874	CDS	345				hypothetical protein
LONINKCB_04875	CDS	279				hypothetical protein
LONINKCB_04876	CDS	207				hypothetical protein
LONINKCB_04877	CDS	468				hypothetical protein
LONINKCB_04878	CDS	246				hypothetical protein
LONINKCB_04879	CDS	198				hypothetical protein
LONINKCB_04880	CDS	357				hypothetical protein
LONINKCB_04881	CDS	243				hypothetical protein
LONINKCB_04882	CDS	234				hypothetical protein
LONINKCB_04883	CDS	183				hypothetical protein
LONINKCB_04884	CDS	213				hypothetical protein
LONINKCB_04885	CDS	369				hypothetical protein
LONINKCB_04886	CDS	180				hypothetical protein
LONINKCB_04887	CDS	231				hypothetical protein
LONINKCB_04888	CDS	183				hypothetical protein
LONINKCB_04889	CDS	210				hypothetical protein
LONINKCB_04890	CDS	243				hypothetical protein
LONINKCB_04891	CDS	192				hypothetical protein
LONINKCB_04892	CDS	492				hypothetical protein
LONINKCB_04893	CDS	201				hypothetical protein
LONINKCB_04894	CDS	213				hypothetical protein
LONINKCB_04895	CDS	183				hypothetical protein
LONINKCB_04896	CDS	288				hypothetical protein
LONINKCB_04897	CDS	150				hypothetical protein
LONINKCB_04898	CDS	297				hypothetical protein
LONINKCB_04899	CDS	216				hypothetical protein
LONINKCB_04900	CDS	264				hypothetical protein
LONINKCB_04901	CDS	258				hypothetical protein
LONINKCB_04902	CDS	240				hypothetical protein
LONINKCB_04903	CDS	279				hypothetical protein
LONINKCB_04904	CDS	186				hypothetical protein
LONINKCB_04905	CDS	213				hypothetical protein
LONINKCB_04906	CDS	183				hypothetical protein
LONINKCB_04907	CDS	189				hypothetical protein
LONINKCB_04908	CDS	213				hypothetical protein
LONINKCB_04909	CDS	243				hypothetical protein
LONINKCB_04910	CDS	369				hypothetical protein
LONINKCB_04911	CDS	210				hypothetical protein
LONINKCB_04912	CDS	192				hypothetical protein
LONINKCB_04913	CDS	177				hypothetical protein
LONINKCB_04914	CDS	207				hypothetical protein
LONINKCB_04915	CDS	231				hypothetical protein
LONINKCB_04916	CDS	162				hypothetical protein
LONINKCB_04917	CDS	240				hypothetical protein
LONINKCB_04918	CDS	240				hypothetical protein
LONINKCB_04919	CDS	231				hypothetical protein
LONINKCB_04920	CDS	303				hypothetical protein
LONINKCB_04921	CDS	168				hypothetical protein
LONINKCB_04922	CDS	213				hypothetical protein
LONINKCB_04923	CDS	153				hypothetical protein
LONINKCB_04924	CDS	252				hypothetical protein
LONINKCB_04925	CDS	177				hypothetical protein
LONINKCB_04926	CDS	225				hypothetical protein
LONINKCB_04927	CDS	204				hypothetical protein
LONINKCB_04928	CDS	144				hypothetical protein
LONINKCB_04929	CDS	219				hypothetical protein
LONINKCB_04930	CDS	237				hypothetical protein
LONINKCB_04931	CDS	189				hypothetical protein
LONINKCB_04932	CDS	216				hypothetical protein
LONINKCB_04933	CDS	243				hypothetical protein
LONINKCB_04934	CDS	342				hypothetical protein
LONINKCB_04935	CDS	183				hypothetical protein
LONINKCB_04936	CDS	309				hypothetical protein
LONINKCB_04937	CDS	261				hypothetical protein
LONINKCB_04938	CDS	207				hypothetical protein
LONINKCB_04939	CDS	195				hypothetical protein
LONINKCB_04940	CDS	462				hypothetical protein
LONINKCB_04941	CDS	198				hypothetical protein
LONINKCB_04942	CDS	153				hypothetical protein
LONINKCB_04943	CDS	165				hypothetical protein
LONINKCB_04944	CDS	234				hypothetical protein
LONINKCB_04945	CDS	225				hypothetical protein
LONINKCB_04946	CDS	324				hypothetical protein
LONINKCB_04947	CDS	198				hypothetical protein
LONINKCB_04948	CDS	324				hypothetical protein
LONINKCB_04949	CDS	243				hypothetical protein
LONINKCB_04950	CDS	243				hypothetical protein
LONINKCB_04951	CDS	189				hypothetical protein
LONINKCB_04952	CDS	441				hypothetical protein
LONINKCB_04953	CDS	207				hypothetical protein
LONINKCB_04954	CDS	210				hypothetical protein
LONINKCB_04955	CDS	213				hypothetical protein
LONINKCB_04956	CDS	246				hypothetical protein
LONINKCB_04957	CDS	243				hypothetical protein
LONINKCB_04958	CDS	156				hypothetical protein
LONINKCB_04959	CDS	237				hypothetical protein
LONINKCB_04960	CDS	531				hypothetical protein
LONINKCB_04961	CDS	195				hypothetical protein
LONINKCB_04962	CDS	213				hypothetical protein
LONINKCB_04963	CDS	177				hypothetical protein
LONINKCB_04964	CDS	240				hypothetical protein
LONINKCB_04965	CDS	378				hypothetical protein
LONINKCB_04966	CDS	327				hypothetical protein
LONINKCB_04967	CDS	207				hypothetical protein
LONINKCB_04968	CDS	177				hypothetical protein
LONINKCB_04969	CDS	285				hypothetical protein
LONINKCB_04970	CDS	147				hypothetical protein
LONINKCB_04971	CDS	231				hypothetical protein
LONINKCB_04972	CDS	318				hypothetical protein
LONINKCB_04973	CDS	183				hypothetical protein
LONINKCB_04974	CDS	285				hypothetical protein
LONINKCB_04975	CDS	180				hypothetical protein
LONINKCB_04976	CDS	282				hypothetical protein
LONINKCB_04977	CDS	336				hypothetical protein
LONINKCB_04978	CDS	258				hypothetical protein
LONINKCB_04979	CDS	372				hypothetical protein
LONINKCB_04980	CDS	174				hypothetical protein
LONINKCB_04981	CDS	195				hypothetical protein
LONINKCB_04982	CDS	507				hypothetical protein
LONINKCB_04983	CDS	261				hypothetical protein
LONINKCB_04984	CDS	177				hypothetical protein
LONINKCB_04985	CDS	204				hypothetical protein
LONINKCB_04986	CDS	285				hypothetical protein
LONINKCB_04987	CDS	294				hypothetical protein
LONINKCB_04988	CDS	249				hypothetical protein
LONINKCB_04989	CDS	222				hypothetical protein
LONINKCB_04990	CDS	180				hypothetical protein
LONINKCB_04991	CDS	159				hypothetical protein
LONINKCB_04992	CDS	273				hypothetical protein
LONINKCB_04993	CDS	159				hypothetical protein
LONINKCB_04994	CDS	309				hypothetical protein
LONINKCB_04995	CDS	264				hypothetical protein
LONINKCB_04996	CDS	222				hypothetical protein
LONINKCB_04997	CDS	198				hypothetical protein
LONINKCB_04998	CDS	261				hypothetical protein
LONINKCB_04999	CDS	261				hypothetical protein
LONINKCB_05000	CDS	366				hypothetical protein
LONINKCB_05001	CDS	216				hypothetical protein
LONINKCB_05002	CDS	195				hypothetical protein
LONINKCB_05003	CDS	195				hypothetical protein
LONINKCB_05004	CDS	210				hypothetical protein
LONINKCB_05005	CDS	213				hypothetical protein
LONINKCB_05006	CDS	171				hypothetical protein
LONINKCB_05007	CDS	318				hypothetical protein
LONINKCB_05008	CDS	273				hypothetical protein
LONINKCB_05009	CDS	291				hypothetical protein
LONINKCB_05010	CDS	135				hypothetical protein
LONINKCB_05011	CDS	273				hypothetical protein
LONINKCB_05012	CDS	234				hypothetical protein
LONINKCB_05013	CDS	489				hypothetical protein
LONINKCB_05014	CDS	273				hypothetical protein
LONINKCB_05015	CDS	273				hypothetical protein
LONINKCB_05016	CDS	240				hypothetical protein
LONINKCB_05017	CDS	216				hypothetical protein
LONINKCB_05018	CDS	144				hypothetical protein
LONINKCB_05019	CDS	213				hypothetical protein
LONINKCB_05020	CDS	669				hypothetical protein
LONINKCB_05021	CDS	165				hypothetical protein
LONINKCB_05022	CDS	129				hypothetical protein
LONINKCB_05023	CDS	747				hypothetical protein
LONINKCB_05024	CDS	312				hypothetical protein
LONINKCB_05025	CDS	267				hypothetical protein
LONINKCB_05026	CDS	300				hypothetical protein
LONINKCB_05027	CDS	198				hypothetical protein
LONINKCB_05028	CDS	210				hypothetical protein
LONINKCB_05029	CDS	492				hypothetical protein
LONINKCB_05030	CDS	192				hypothetical protein
LONINKCB_05031	CDS	156				hypothetical protein
LONINKCB_05032	CDS	261				hypothetical protein
LONINKCB_05033	CDS	825				hypothetical protein
LONINKCB_05034	CDS	180				hypothetical protein
LONINKCB_05035	CDS	330				hypothetical protein
LONINKCB_05036	CDS	369				hypothetical protein
LONINKCB_05037	CDS	210				hypothetical protein
LONINKCB_05038	CDS	237				hypothetical protein
LONINKCB_05039	CDS	204				hypothetical protein
LONINKCB_05040	CDS	222				hypothetical protein
LONINKCB_05041	CDS	1185				hypothetical protein
LONINKCB_05042	CDS	162				hypothetical protein
LONINKCB_05043	CDS	213				hypothetical protein
LONINKCB_05044	CDS	252				hypothetical protein
LONINKCB_05045	CDS	159				hypothetical protein
LONINKCB_05046	CDS	633	ggt_1	3.4.19.13	COG0405	Glutathione hydrolase proenzyme
LONINKCB_05047	CDS	450				hypothetical protein
LONINKCB_05048	CDS	324				hypothetical protein
LONINKCB_05049	CDS	180				hypothetical protein
LONINKCB_05050	CDS	201				hypothetical protein
LONINKCB_05051	CDS	186				hypothetical protein
LONINKCB_05052	CDS	294				hypothetical protein
LONINKCB_05053	CDS	210				hypothetical protein
LONINKCB_05054	CDS	477				hypothetical protein
LONINKCB_05055	CDS	213				hypothetical protein
LONINKCB_05056	CDS	282				hypothetical protein
LONINKCB_05057	CDS	438				hypothetical protein
LONINKCB_05058	CDS	324				hypothetical protein
LONINKCB_05059	CDS	192				hypothetical protein
LONINKCB_05060	CDS	198				hypothetical protein
LONINKCB_05061	CDS	285	ggt_2	3.4.19.13	COG0405	Glutathione hydrolase proenzyme
LONINKCB_05062	CDS	600	ggt_3	3.4.19.13	COG0405	Glutathione hydrolase proenzyme
LONINKCB_05063	CDS	261				hypothetical protein
LONINKCB_05064	CDS	252	ggt_4	3.4.19.13	COG0405	Glutathione hydrolase proenzyme
LONINKCB_05065	CDS	255				hypothetical protein
LONINKCB_05066	CDS	228				hypothetical protein
LONINKCB_05067	CDS	351				hypothetical protein
LONINKCB_05068	CDS	237				hypothetical protein
LONINKCB_05069	CDS	309	ggt_5	3.4.19.13		Glutathione hydrolase proenzyme
LONINKCB_05070	CDS	252				hypothetical protein
LONINKCB_05071	CDS	261				hypothetical protein
LONINKCB_05072	CDS	660	ggt_6	3.4.19.13	COG0405	Glutathione hydrolase proenzyme
LONINKCB_05073	CDS	210				hypothetical protein
LONINKCB_05074	CDS	249				hypothetical protein
LONINKCB_05075	CDS	213				hypothetical protein
LONINKCB_05076	CDS	225				hypothetical protein
LONINKCB_05077	CDS	384				hypothetical protein
LONINKCB_05078	CDS	156				hypothetical protein
LONINKCB_05079	CDS	357				hypothetical protein
LONINKCB_05080	CDS	237				hypothetical protein
LONINKCB_05081	CDS	207				hypothetical protein
LONINKCB_05082	CDS	309				hypothetical protein
LONINKCB_05083	CDS	237				hypothetical protein
LONINKCB_05084	CDS	294				hypothetical protein
LONINKCB_05085	CDS	201				hypothetical protein
LONINKCB_05086	CDS	222				hypothetical protein
LONINKCB_05087	CDS	147				hypothetical protein
LONINKCB_05088	CDS	252				hypothetical protein
LONINKCB_05089	CDS	192				hypothetical protein
LONINKCB_05090	CDS	201				hypothetical protein
LONINKCB_05091	CDS	204				hypothetical protein
LONINKCB_05092	CDS	216				hypothetical protein
LONINKCB_05093	CDS	432				hypothetical protein
LONINKCB_05094	CDS	177				hypothetical protein
LONINKCB_05095	CDS	255				hypothetical protein
LONINKCB_05096	CDS	177				hypothetical protein
LONINKCB_05097	CDS	171				hypothetical protein
LONINKCB_05098	CDS	174				hypothetical protein
LONINKCB_05099	CDS	279				hypothetical protein
LONINKCB_05100	CDS	198				hypothetical protein
LONINKCB_05101	CDS	213				hypothetical protein
LONINKCB_05102	CDS	231				hypothetical protein
LONINKCB_05103	CDS	342				hypothetical protein
LONINKCB_05104	CDS	195				hypothetical protein
LONINKCB_05105	CDS	186				hypothetical protein
LONINKCB_05106	CDS	345				hypothetical protein
LONINKCB_05107	CDS	171				hypothetical protein
LONINKCB_05108	CDS	348				hypothetical protein
LONINKCB_05109	CDS	246				hypothetical protein
LONINKCB_05110	CDS	453	iaaA_1	3.4.19.5	COG1446	Isoaspartyl peptidase
LONINKCB_05111	CDS	402				hypothetical protein
LONINKCB_05112	CDS	174				hypothetical protein
LONINKCB_05113	CDS	222	iaaA_2	3.4.19.5	COG1446	Isoaspartyl peptidase
LONINKCB_05114	CDS	357	iaaA_3	3.4.19.5	COG1446	Isoaspartyl peptidase
LONINKCB_05115	CDS	321				hypothetical protein
LONINKCB_05116	CDS	201				hypothetical protein
LONINKCB_05117	CDS	216				hypothetical protein
LONINKCB_05118	CDS	357				hypothetical protein
LONINKCB_05119	CDS	237				hypothetical protein
LONINKCB_05120	CDS	195				hypothetical protein
LONINKCB_05121	CDS	168				hypothetical protein
LONINKCB_05122	CDS	282				hypothetical protein
LONINKCB_05123	CDS	171				hypothetical protein
LONINKCB_05124	CDS	417				hypothetical protein
LONINKCB_05125	CDS	195				hypothetical protein
LONINKCB_05126	CDS	252				hypothetical protein
LONINKCB_05127	CDS	192				hypothetical protein
LONINKCB_05128	CDS	273				hypothetical protein
LONINKCB_05129	CDS	183				hypothetical protein
LONINKCB_05130	CDS	180				hypothetical protein
LONINKCB_05131	CDS	237				hypothetical protein
LONINKCB_05132	CDS	168				hypothetical protein
LONINKCB_05133	CDS	279				hypothetical protein
LONINKCB_05134	CDS	240				hypothetical protein
LONINKCB_05135	CDS	276				hypothetical protein
LONINKCB_05136	CDS	243				hypothetical protein
LONINKCB_05137	CDS	195				hypothetical protein
LONINKCB_05138	CDS	222				hypothetical protein
LONINKCB_05139	CDS	237				hypothetical protein
LONINKCB_05140	CDS	339				hypothetical protein
LONINKCB_05141	CDS	222				hypothetical protein
LONINKCB_05142	CDS	153				hypothetical protein
LONINKCB_05143	CDS	225				hypothetical protein
LONINKCB_05144	CDS	240				hypothetical protein
LONINKCB_05145	CDS	1365				hypothetical protein
LONINKCB_05146	CDS	249				hypothetical protein
LONINKCB_05147	CDS	381				hypothetical protein
LONINKCB_05148	CDS	183				hypothetical protein
LONINKCB_05149	CDS	219				hypothetical protein
LONINKCB_05150	CDS	288				hypothetical protein
LONINKCB_05151	CDS	420				hypothetical protein
LONINKCB_05152	CDS	240				hypothetical protein
LONINKCB_05153	CDS	237				hypothetical protein
LONINKCB_05154	CDS	228				hypothetical protein
LONINKCB_05155	CDS	159				hypothetical protein
LONINKCB_05156	CDS	156				hypothetical protein
LONINKCB_05157	CDS	198				hypothetical protein
LONINKCB_05158	CDS	234				hypothetical protein
LONINKCB_05159	CDS	279				hypothetical protein
LONINKCB_05160	CDS	351				hypothetical protein
LONINKCB_05161	CDS	183				hypothetical protein
LONINKCB_05162	CDS	183				hypothetical protein
LONINKCB_05163	CDS	315				hypothetical protein
LONINKCB_05164	CDS	171				hypothetical protein
LONINKCB_05165	CDS	183				hypothetical protein
LONINKCB_05166	CDS	228				hypothetical protein
LONINKCB_05167	CDS	279				hypothetical protein
LONINKCB_05168	CDS	183				hypothetical protein
LONINKCB_05169	CDS	267				hypothetical protein
LONINKCB_05170	CDS	195				hypothetical protein
LONINKCB_05171	CDS	231				hypothetical protein
LONINKCB_05172	CDS	165				hypothetical protein
LONINKCB_05173	CDS	237				hypothetical protein
LONINKCB_05174	CDS	207				hypothetical protein
LONINKCB_05175	CDS	216				hypothetical protein
LONINKCB_05176	CDS	261				hypothetical protein
LONINKCB_05177	CDS	240				hypothetical protein
LONINKCB_05178	CDS	150				hypothetical protein
LONINKCB_05179	CDS	177				hypothetical protein
LONINKCB_05180	CDS	300				hypothetical protein
LONINKCB_05181	CDS	225				hypothetical protein
LONINKCB_05182	CDS	561				hypothetical protein
LONINKCB_05183	CDS	267				hypothetical protein
LONINKCB_05184	CDS	156				hypothetical protein
LONINKCB_05185	CDS	219				hypothetical protein
LONINKCB_05186	CDS	225				hypothetical protein
LONINKCB_05187	CDS	456				hypothetical protein
LONINKCB_05188	CDS	204				hypothetical protein
LONINKCB_05189	CDS	198				hypothetical protein
LONINKCB_05190	CDS	174				hypothetical protein
LONINKCB_05191	CDS	180				hypothetical protein
LONINKCB_05192	CDS	168				hypothetical protein
LONINKCB_05193	CDS	189				hypothetical protein
LONINKCB_05194	CDS	183				hypothetical protein
LONINKCB_05195	CDS	165				hypothetical protein
LONINKCB_05196	CDS	198				hypothetical protein
LONINKCB_05197	CDS	237				hypothetical protein
LONINKCB_05198	CDS	231				hypothetical protein
LONINKCB_05199	CDS	189				hypothetical protein
LONINKCB_05200	CDS	216				hypothetical protein
LONINKCB_05201	CDS	234				hypothetical protein
LONINKCB_05202	CDS	204				hypothetical protein
LONINKCB_05203	CDS	1161				hypothetical protein
LONINKCB_05204	CDS	2565				hypothetical protein
LONINKCB_05205	CDS	171				hypothetical protein
LONINKCB_05206	CDS	384				hypothetical protein
LONINKCB_05207	CDS	312				hypothetical protein
LONINKCB_05208	CDS	264				hypothetical protein
LONINKCB_05209	CDS	240				hypothetical protein
LONINKCB_05210	CDS	285				hypothetical protein
LONINKCB_05211	CDS	204				hypothetical protein
LONINKCB_05212	CDS	243				hypothetical protein
LONINKCB_05213	CDS	213				hypothetical protein
LONINKCB_05214	CDS	321				hypothetical protein
LONINKCB_05215	CDS	258				hypothetical protein
LONINKCB_05216	CDS	306				hypothetical protein
LONINKCB_05217	CDS	186				hypothetical protein
LONINKCB_05218	CDS	1155				hypothetical protein
LONINKCB_05219	CDS	564				hypothetical protein
LONINKCB_05220	CDS	384				hypothetical protein
LONINKCB_05221	CDS	309				hypothetical protein
LONINKCB_05222	CDS	285				hypothetical protein
LONINKCB_05223	CDS	243				hypothetical protein
LONINKCB_05224	CDS	549				hypothetical protein
LONINKCB_05225	CDS	312				hypothetical protein
LONINKCB_05226	CDS	459				hypothetical protein
LONINKCB_05227	CDS	339				hypothetical protein
LONINKCB_05228	CDS	174				hypothetical protein
LONINKCB_05229	CDS	330				hypothetical protein
LONINKCB_05230	CDS	258				hypothetical protein
LONINKCB_05231	CDS	315				hypothetical protein
LONINKCB_05232	CDS	195				hypothetical protein
LONINKCB_05233	CDS	336				hypothetical protein
LONINKCB_05234	CDS	870				hypothetical protein
LONINKCB_05235	CDS	1329				hypothetical protein
LONINKCB_05236	CDS	297				hypothetical protein
LONINKCB_05237	CDS	234				hypothetical protein
LONINKCB_05238	CDS	219				hypothetical protein
LONINKCB_05239	CDS	267				hypothetical protein
LONINKCB_05240	CDS	276				hypothetical protein
LONINKCB_05241	CDS	258				hypothetical protein
LONINKCB_05242	CDS	171				hypothetical protein
LONINKCB_05243	CDS	264				hypothetical protein
LONINKCB_05244	CDS	348				hypothetical protein
LONINKCB_05245	CDS	159				hypothetical protein
LONINKCB_05246	CDS	294				hypothetical protein
LONINKCB_05247	CDS	333				hypothetical protein
LONINKCB_05248	CDS	312				hypothetical protein
LONINKCB_05249	CDS	207				hypothetical protein
LONINKCB_05250	CDS	213				hypothetical protein
LONINKCB_05251	CDS	300				hypothetical protein
LONINKCB_05252	CDS	318				hypothetical protein
LONINKCB_05253	CDS	228				hypothetical protein
LONINKCB_05254	CDS	327				hypothetical protein
LONINKCB_05255	CDS	216				hypothetical protein
LONINKCB_05256	CDS	333				hypothetical protein
LONINKCB_05257	CDS	141				hypothetical protein
LONINKCB_05258	CDS	339				hypothetical protein
LONINKCB_05259	CDS	273				hypothetical protein
LONINKCB_05260	CDS	417				hypothetical protein
LONINKCB_05261	CDS	186				hypothetical protein
LONINKCB_05262	CDS	243				hypothetical protein
LONINKCB_05263	CDS	216				hypothetical protein
LONINKCB_05264	CDS	225				hypothetical protein
LONINKCB_05265	CDS	198				hypothetical protein
LONINKCB_05266	CDS	210				hypothetical protein
LONINKCB_05267	CDS	246				hypothetical protein
LONINKCB_05268	CDS	210				hypothetical protein
LONINKCB_05269	CDS	165				hypothetical protein
LONINKCB_05270	CDS	240				hypothetical protein
LONINKCB_05271	CDS	255				hypothetical protein
LONINKCB_05272	CDS	186				hypothetical protein
LONINKCB_05273	CDS	198				hypothetical protein
LONINKCB_05274	CDS	207				hypothetical protein
LONINKCB_05275	CDS	171				hypothetical protein
LONINKCB_05276	CDS	240				hypothetical protein
LONINKCB_05277	CDS	243				hypothetical protein
LONINKCB_05278	CDS	219				hypothetical protein
LONINKCB_05279	CDS	213				hypothetical protein
LONINKCB_05280	CDS	225				hypothetical protein
LONINKCB_05281	CDS	315				hypothetical protein
LONINKCB_05282	CDS	255				hypothetical protein
LONINKCB_05283	CDS	267				hypothetical protein
LONINKCB_05284	CDS	306				hypothetical protein
LONINKCB_05285	CDS	216				hypothetical protein
LONINKCB_05286	CDS	225				hypothetical protein
LONINKCB_05287	CDS	180				hypothetical protein
LONINKCB_05288	CDS	354				hypothetical protein
LONINKCB_05289	CDS	201				hypothetical protein
LONINKCB_05290	CDS	222				hypothetical protein
LONINKCB_05291	CDS	237				hypothetical protein
LONINKCB_05292	CDS	249				hypothetical protein
LONINKCB_05293	CDS	345				hypothetical protein
LONINKCB_05294	CDS	726	pnbA_1	3.1.1.-	COG2272	Para-nitrobenzyl esterase
LONINKCB_05295	CDS	345	pnbA_2	3.1.1.-	COG2272	Para-nitrobenzyl esterase
LONINKCB_05296	CDS	231				hypothetical protein
LONINKCB_05297	CDS	204				hypothetical protein
LONINKCB_05298	CDS	189				hypothetical protein
LONINKCB_05299	CDS	252				hypothetical protein
LONINKCB_05300	CDS	156				hypothetical protein
LONINKCB_05301	CDS	312				hypothetical protein
LONINKCB_05302	CDS	156				hypothetical protein
LONINKCB_05303	CDS	183				hypothetical protein
LONINKCB_05304	CDS	213				hypothetical protein
LONINKCB_05305	CDS	231				hypothetical protein
LONINKCB_05306	CDS	183				hypothetical protein
LONINKCB_05307	CDS	222				hypothetical protein
LONINKCB_05308	CDS	243				hypothetical protein
LONINKCB_05309	CDS	189				hypothetical protein
LONINKCB_05310	CDS	195				hypothetical protein
LONINKCB_05311	CDS	213				hypothetical protein
LONINKCB_05312	CDS	222				hypothetical protein
LONINKCB_05313	CDS	351				hypothetical protein
LONINKCB_05314	CDS	204				hypothetical protein
LONINKCB_05315	CDS	264				hypothetical protein
LONINKCB_05316	CDS	195				hypothetical protein
LONINKCB_05317	CDS	198				hypothetical protein
LONINKCB_05318	CDS	216				hypothetical protein
LONINKCB_05319	CDS	165				hypothetical protein
LONINKCB_05320	CDS	318				hypothetical protein
LONINKCB_05321	CDS	210				hypothetical protein
LONINKCB_05322	CDS	186				hypothetical protein
LONINKCB_05323	CDS	231				hypothetical protein
LONINKCB_05324	CDS	138				hypothetical protein
LONINKCB_05325	CDS	270				hypothetical protein
LONINKCB_05326	CDS	219				hypothetical protein
LONINKCB_05327	CDS	210				hypothetical protein
LONINKCB_05328	CDS	375				hypothetical protein
LONINKCB_05329	CDS	213				hypothetical protein
LONINKCB_05330	CDS	243				hypothetical protein
LONINKCB_05331	CDS	303				hypothetical protein
LONINKCB_05332	CDS	216				hypothetical protein
LONINKCB_05333	CDS	357				hypothetical protein
LONINKCB_05334	CDS	234				hypothetical protein
LONINKCB_05335	CDS	267				hypothetical protein
LONINKCB_05336	CDS	390				hypothetical protein
LONINKCB_05337	CDS	192				hypothetical protein
LONINKCB_05338	CDS	267				hypothetical protein
LONINKCB_05339	CDS	252				hypothetical protein
LONINKCB_05340	CDS	237				hypothetical protein
LONINKCB_05341	CDS	258				hypothetical protein
LONINKCB_05342	CDS	165				hypothetical protein
LONINKCB_05343	CDS	321				hypothetical protein
LONINKCB_05344	CDS	201				hypothetical protein
LONINKCB_05345	CDS	192				hypothetical protein
LONINKCB_05346	CDS	204				hypothetical protein
LONINKCB_05347	CDS	312				hypothetical protein
LONINKCB_05348	CDS	183				hypothetical protein
LONINKCB_05349	CDS	168				hypothetical protein
LONINKCB_05350	CDS	285				hypothetical protein
LONINKCB_05351	CDS	204				hypothetical protein
LONINKCB_05352	CDS	258				hypothetical protein
LONINKCB_05353	CDS	198				hypothetical protein
LONINKCB_05354	CDS	243				hypothetical protein
LONINKCB_05355	CDS	213				hypothetical protein
LONINKCB_05356	CDS	285				hypothetical protein
LONINKCB_05357	CDS	318				hypothetical protein
LONINKCB_05358	CDS	201				hypothetical protein
LONINKCB_05359	CDS	243				hypothetical protein
LONINKCB_05360	CDS	198				hypothetical protein
LONINKCB_05361	CDS	231				hypothetical protein
LONINKCB_05362	CDS	216				hypothetical protein
LONINKCB_05363	CDS	198				hypothetical protein
LONINKCB_05364	CDS	234				hypothetical protein
LONINKCB_05365	CDS	324				hypothetical protein
LONINKCB_05366	CDS	351				hypothetical protein
LONINKCB_05367	CDS	153				hypothetical protein
LONINKCB_05368	CDS	231				hypothetical protein
LONINKCB_05369	CDS	189				hypothetical protein
LONINKCB_05370	CDS	186				hypothetical protein
LONINKCB_05371	CDS	216				hypothetical protein
LONINKCB_05372	CDS	204				hypothetical protein
LONINKCB_05373	CDS	198				hypothetical protein
LONINKCB_05374	CDS	213				hypothetical protein
LONINKCB_05375	CDS	255				hypothetical protein
LONINKCB_05376	CDS	201				hypothetical protein
LONINKCB_05377	CDS	189				hypothetical protein
LONINKCB_05378	CDS	210				hypothetical protein
LONINKCB_05379	CDS	261				hypothetical protein
LONINKCB_05380	CDS	288				hypothetical protein
LONINKCB_05381	CDS	183				hypothetical protein
LONINKCB_05382	CDS	216				hypothetical protein
LONINKCB_05383	CDS	225				hypothetical protein
LONINKCB_05384	CDS	216				hypothetical protein
LONINKCB_05385	CDS	201				hypothetical protein
LONINKCB_05386	CDS	243				hypothetical protein
LONINKCB_05387	CDS	147				hypothetical protein
LONINKCB_05388	CDS	147				hypothetical protein
LONINKCB_05389	CDS	195				hypothetical protein
LONINKCB_05390	CDS	231				hypothetical protein
LONINKCB_05391	CDS	267				hypothetical protein
LONINKCB_05392	CDS	237				hypothetical protein
LONINKCB_05393	CDS	234				hypothetical protein
LONINKCB_05394	CDS	165				hypothetical protein
LONINKCB_05395	CDS	186				hypothetical protein
LONINKCB_05396	CDS	246				hypothetical protein
LONINKCB_05397	CDS	207				hypothetical protein
LONINKCB_05398	CDS	210				hypothetical protein
LONINKCB_05399	CDS	213				hypothetical protein
LONINKCB_05400	CDS	285				hypothetical protein
LONINKCB_05401	CDS	243				hypothetical protein
LONINKCB_05402	CDS	228				hypothetical protein
LONINKCB_05403	CDS	255				hypothetical protein
LONINKCB_05404	CDS	489				hypothetical protein
LONINKCB_05405	CDS	195				hypothetical protein
LONINKCB_05406	CDS	387				hypothetical protein
LONINKCB_05407	CDS	189				hypothetical protein
LONINKCB_05408	CDS	183				hypothetical protein
LONINKCB_05409	CDS	264				hypothetical protein
LONINKCB_05410	CDS	177				hypothetical protein
LONINKCB_05411	CDS	180				hypothetical protein
LONINKCB_05412	CDS	285				hypothetical protein
LONINKCB_05413	CDS	162				hypothetical protein
LONINKCB_05414	CDS	186				hypothetical protein
LONINKCB_05415	CDS	228				hypothetical protein
LONINKCB_05416	CDS	183				hypothetical protein
LONINKCB_05417	CDS	282				hypothetical protein
LONINKCB_05418	CDS	180				hypothetical protein
LONINKCB_05419	CDS	303				hypothetical protein
LONINKCB_05420	CDS	192				hypothetical protein
LONINKCB_05421	CDS	300				hypothetical protein
LONINKCB_05422	CDS	336				hypothetical protein
LONINKCB_05423	CDS	210				hypothetical protein
LONINKCB_05424	CDS	186				hypothetical protein
LONINKCB_05425	CDS	420				hypothetical protein
LONINKCB_05426	CDS	291				hypothetical protein
LONINKCB_05427	CDS	189				hypothetical protein
LONINKCB_05428	CDS	219				hypothetical protein
LONINKCB_05429	CDS	258				hypothetical protein
LONINKCB_05430	CDS	333				hypothetical protein
LONINKCB_05431	CDS	234				hypothetical protein
LONINKCB_05432	CDS	216				hypothetical protein
LONINKCB_05433	CDS	303				hypothetical protein
LONINKCB_05434	CDS	201				hypothetical protein
LONINKCB_05435	CDS	330				hypothetical protein
LONINKCB_05436	CDS	210				hypothetical protein
LONINKCB_05437	CDS	186				hypothetical protein
LONINKCB_05438	CDS	207				hypothetical protein
LONINKCB_05439	CDS	177				hypothetical protein
LONINKCB_05440	CDS	231				hypothetical protein
LONINKCB_05441	CDS	222				hypothetical protein
LONINKCB_05442	CDS	237				hypothetical protein
LONINKCB_05443	CDS	225				hypothetical protein
LONINKCB_05444	CDS	264				hypothetical protein
LONINKCB_05445	CDS	234				hypothetical protein
LONINKCB_05446	CDS	174				hypothetical protein
LONINKCB_05447	CDS	273				hypothetical protein
LONINKCB_05448	CDS	201				hypothetical protein
LONINKCB_05449	CDS	261				hypothetical protein
LONINKCB_05450	CDS	228				hypothetical protein
LONINKCB_05451	CDS	303				hypothetical protein
LONINKCB_05452	CDS	216				hypothetical protein
LONINKCB_05453	CDS	288				hypothetical protein
LONINKCB_05454	CDS	279				hypothetical protein
LONINKCB_05455	CDS	285				hypothetical protein
LONINKCB_05456	CDS	171				hypothetical protein
LONINKCB_05457	CDS	231				hypothetical protein
LONINKCB_05458	CDS	222				hypothetical protein
LONINKCB_05459	CDS	300				hypothetical protein
LONINKCB_05460	CDS	228				hypothetical protein
LONINKCB_05461	CDS	273				hypothetical protein
LONINKCB_05462	CDS	279				hypothetical protein
LONINKCB_05463	CDS	294				hypothetical protein
LONINKCB_05464	CDS	171				hypothetical protein
LONINKCB_05465	CDS	246				hypothetical protein
LONINKCB_05466	CDS	252				hypothetical protein
LONINKCB_05467	CDS	246				hypothetical protein
LONINKCB_05468	CDS	252				hypothetical protein
LONINKCB_05469	CDS	264				hypothetical protein
LONINKCB_05470	CDS	192				hypothetical protein
LONINKCB_05471	CDS	213				hypothetical protein
LONINKCB_05472	CDS	210				hypothetical protein
LONINKCB_05473	CDS	297				hypothetical protein
LONINKCB_05474	CDS	222				hypothetical protein
LONINKCB_05475	CDS	270				hypothetical protein
LONINKCB_05476	CDS	204				hypothetical protein
LONINKCB_05477	CDS	285				hypothetical protein
LONINKCB_05478	CDS	192				hypothetical protein
LONINKCB_05479	CDS	447				hypothetical protein
LONINKCB_05480	CDS	276				hypothetical protein
LONINKCB_05481	CDS	207				hypothetical protein
LONINKCB_05482	CDS	237				hypothetical protein
LONINKCB_05483	CDS	375				hypothetical protein
LONINKCB_05484	CDS	636				hypothetical protein
LONINKCB_05485	CDS	267				hypothetical protein
LONINKCB_05486	CDS	264				hypothetical protein
LONINKCB_05487	CDS	345				hypothetical protein
LONINKCB_05488	CDS	240				hypothetical protein
LONINKCB_05489	CDS	291				hypothetical protein
LONINKCB_05490	CDS	159				hypothetical protein
LONINKCB_05491	CDS	309				hypothetical protein
LONINKCB_05492	CDS	234				hypothetical protein
LONINKCB_05493	CDS	237				hypothetical protein
LONINKCB_05494	CDS	216	sucB_1	2.3.1.61	COG0508	Dihydrolipoyllysine-residue succinyltransferase component of 2-oxoglutarate dehydrogenase complex
LONINKCB_05495	CDS	291	sucB_2	2.3.1.61	COG0508	Dihydrolipoyllysine-residue succinyltransferase component of 2-oxoglutarate dehydrogenase complex
LONINKCB_05496	CDS	189				hypothetical protein
LONINKCB_05497	CDS	240				hypothetical protein
LONINKCB_05498	CDS	189				hypothetical protein
LONINKCB_05499	CDS	246				hypothetical protein
LONINKCB_05500	CDS	240				hypothetical protein
LONINKCB_05501	CDS	219				hypothetical protein
LONINKCB_05502	CDS	201				hypothetical protein
LONINKCB_05503	CDS	177				hypothetical protein
LONINKCB_05504	CDS	351				hypothetical protein
LONINKCB_05505	CDS	168	zwf	1.1.1.49		Glucose-6-phosphate 1-dehydrogenase
LONINKCB_05506	CDS	714	zwf2	1.1.1.49	COG0364	Glucose-6-phosphate 1-dehydrogenase 2
LONINKCB_05507	CDS	258				hypothetical protein
LONINKCB_05508	CDS	192				hypothetical protein
LONINKCB_05509	CDS	195				hypothetical protein
LONINKCB_05510	CDS	309				hypothetical protein
LONINKCB_05511	CDS	192				hypothetical protein
LONINKCB_05512	CDS	315				hypothetical protein
LONINKCB_05513	CDS	252				hypothetical protein
LONINKCB_05514	CDS	213				hypothetical protein
LONINKCB_05515	CDS	228				hypothetical protein
LONINKCB_05516	CDS	246				hypothetical protein
LONINKCB_05517	CDS	306				hypothetical protein
LONINKCB_05518	CDS	177				hypothetical protein
LONINKCB_05519	CDS	180				hypothetical protein
LONINKCB_05520	CDS	171				hypothetical protein
LONINKCB_05521	CDS	261				hypothetical protein
LONINKCB_05522	CDS	291				hypothetical protein
LONINKCB_05523	CDS	180				hypothetical protein
LONINKCB_05524	CDS	174				hypothetical protein
LONINKCB_05525	CDS	327				hypothetical protein
LONINKCB_05526	CDS	213				hypothetical protein
LONINKCB_05527	CDS	219				hypothetical protein
LONINKCB_05528	CDS	249				hypothetical protein
LONINKCB_05529	CDS	156				hypothetical protein
LONINKCB_05530	CDS	228				hypothetical protein
LONINKCB_05531	CDS	465				hypothetical protein
LONINKCB_05532	CDS	300				hypothetical protein
LONINKCB_05533	CDS	399				hypothetical protein
LONINKCB_05534	CDS	255				hypothetical protein
LONINKCB_05535	CDS	294				hypothetical protein
LONINKCB_05536	CDS	258				hypothetical protein
LONINKCB_05537	CDS	246				hypothetical protein
LONINKCB_05538	CDS	249				hypothetical protein
LONINKCB_05539	CDS	423	pknL	2.7.11.1	COG0515	Serine/threonine-protein kinase PknL
LONINKCB_05540	CDS	177				hypothetical protein
LONINKCB_05541	CDS	963				hypothetical protein
LONINKCB_05542	CDS	564				hypothetical protein
LONINKCB_05543	CDS	582				hypothetical protein
LONINKCB_05544	CDS	492				hypothetical protein
LONINKCB_05545	CDS	426				hypothetical protein
LONINKCB_05546	CDS	426				hypothetical protein
LONINKCB_05547	CDS	150				hypothetical protein
LONINKCB_05548	CDS	246				hypothetical protein
LONINKCB_05549	CDS	213				hypothetical protein
LONINKCB_05550	CDS	429				hypothetical protein
LONINKCB_05551	CDS	246				hypothetical protein
LONINKCB_05552	CDS	210				hypothetical protein
LONINKCB_05553	CDS	174				hypothetical protein
LONINKCB_05554	CDS	264				hypothetical protein
LONINKCB_05555	CDS	246				hypothetical protein
LONINKCB_05556	CDS	258				hypothetical protein
LONINKCB_05557	CDS	186				hypothetical protein
LONINKCB_05558	CDS	264				hypothetical protein
LONINKCB_05559	CDS	279				hypothetical protein
LONINKCB_05560	CDS	201				hypothetical protein
LONINKCB_05561	CDS	183				hypothetical protein
LONINKCB_05562	CDS	261				hypothetical protein
LONINKCB_05563	CDS	225				hypothetical protein
LONINKCB_05564	CDS	201				hypothetical protein
LONINKCB_05565	CDS	378				hypothetical protein
LONINKCB_05566	CDS	177				hypothetical protein
LONINKCB_05567	CDS	285				hypothetical protein
LONINKCB_05568	CDS	195				hypothetical protein
LONINKCB_05569	CDS	183				hypothetical protein
LONINKCB_05570	CDS	291				hypothetical protein
LONINKCB_05571	CDS	288				hypothetical protein
LONINKCB_05572	CDS	249				hypothetical protein
LONINKCB_05573	CDS	282				hypothetical protein
LONINKCB_05574	CDS	198				hypothetical protein
LONINKCB_05575	CDS	198				hypothetical protein
LONINKCB_05576	CDS	249				hypothetical protein
LONINKCB_05577	CDS	567				hypothetical protein
LONINKCB_05578	CDS	489				hypothetical protein
LONINKCB_05579	CDS	279				hypothetical protein
LONINKCB_05580	CDS	192				hypothetical protein
LONINKCB_05581	CDS	189				hypothetical protein
LONINKCB_05582	CDS	207				hypothetical protein
LONINKCB_05583	CDS	354				hypothetical protein
LONINKCB_05584	CDS	360				hypothetical protein
LONINKCB_05585	CDS	219				hypothetical protein
LONINKCB_05586	CDS	234				hypothetical protein
LONINKCB_05587	CDS	264				hypothetical protein
LONINKCB_05588	CDS	180				hypothetical protein
LONINKCB_05589	CDS	249				hypothetical protein
LONINKCB_05590	CDS	219				hypothetical protein
LONINKCB_05591	CDS	531				hypothetical protein
LONINKCB_05592	CDS	183				hypothetical protein
LONINKCB_05593	CDS	246				hypothetical protein
LONINKCB_05594	CDS	246				hypothetical protein
LONINKCB_05595	CDS	186				hypothetical protein
LONINKCB_05596	CDS	174				hypothetical protein
LONINKCB_05597	CDS	210				hypothetical protein
LONINKCB_05598	CDS	183				hypothetical protein
LONINKCB_05599	CDS	327				hypothetical protein
LONINKCB_05600	CDS	240				hypothetical protein
LONINKCB_05601	CDS	285				hypothetical protein
LONINKCB_05602	CDS	189				hypothetical protein
LONINKCB_05603	CDS	195				hypothetical protein
LONINKCB_05604	CDS	183				hypothetical protein
LONINKCB_05605	CDS	453				hypothetical protein
LONINKCB_05606	CDS	198				hypothetical protein
LONINKCB_05607	CDS	216				hypothetical protein
LONINKCB_05608	CDS	237				hypothetical protein
LONINKCB_05609	CDS	198				hypothetical protein
LONINKCB_05610	CDS	225				hypothetical protein
LONINKCB_05611	CDS	210				hypothetical protein
LONINKCB_05612	CDS	408				hypothetical protein
LONINKCB_05613	CDS	231				hypothetical protein
LONINKCB_05614	CDS	165				hypothetical protein
LONINKCB_05615	CDS	174				hypothetical protein
LONINKCB_05616	CDS	219				hypothetical protein
LONINKCB_05617	CDS	195				hypothetical protein
LONINKCB_05618	CDS	354				hypothetical protein
LONINKCB_05619	CDS	237				hypothetical protein
LONINKCB_05620	CDS	276				hypothetical protein
LONINKCB_05621	CDS	210				hypothetical protein
LONINKCB_05622	CDS	657				hypothetical protein
LONINKCB_05623	CDS	768				hypothetical protein
LONINKCB_05624	CDS	681				hypothetical protein
LONINKCB_05625	CDS	213				hypothetical protein
LONINKCB_05626	CDS	213				hypothetical protein
LONINKCB_05627	CDS	507				hypothetical protein
LONINKCB_05628	CDS	294				hypothetical protein
LONINKCB_05629	CDS	198				hypothetical protein
LONINKCB_05630	CDS	285				hypothetical protein
LONINKCB_05631	CDS	747				hypothetical protein
LONINKCB_05632	CDS	168				hypothetical protein
LONINKCB_05633	CDS	279				hypothetical protein
LONINKCB_05634	CDS	237				hypothetical protein
LONINKCB_05635	CDS	213				hypothetical protein
LONINKCB_05636	CDS	291				hypothetical protein
LONINKCB_05637	CDS	312				hypothetical protein
LONINKCB_05638	CDS	345				hypothetical protein
LONINKCB_05639	CDS	252				hypothetical protein
LONINKCB_05640	CDS	291				hypothetical protein
LONINKCB_05641	CDS	231				hypothetical protein
LONINKCB_05642	CDS	168				hypothetical protein
LONINKCB_05643	CDS	249				hypothetical protein
LONINKCB_05644	CDS	168				hypothetical protein
LONINKCB_05645	CDS	291				hypothetical protein
LONINKCB_05646	CDS	225				hypothetical protein
LONINKCB_05647	CDS	234				hypothetical protein
LONINKCB_05648	CDS	159				hypothetical protein
LONINKCB_05649	CDS	147				hypothetical protein
LONINKCB_05650	CDS	249				hypothetical protein
LONINKCB_05651	CDS	195				hypothetical protein
LONINKCB_05652	CDS	252				hypothetical protein
LONINKCB_05653	CDS	240				hypothetical protein
LONINKCB_05654	CDS	333				hypothetical protein
LONINKCB_05655	CDS	189				hypothetical protein
LONINKCB_05656	CDS	189				hypothetical protein
LONINKCB_05657	CDS	183				hypothetical protein
LONINKCB_05658	CDS	537	hemY_1	1.3.3.4	COG1232	Protoporphyrinogen oxidase
LONINKCB_05659	CDS	690	hemY_2	1.3.3.4	COG1232	Protoporphyrinogen oxidase
LONINKCB_05660	CDS	207	hemY_3	1.3.3.4	COG1232	Protoporphyrinogen oxidase
LONINKCB_05661	CDS	291				hypothetical protein
LONINKCB_05662	CDS	222				hypothetical protein
LONINKCB_05663	CDS	333				hypothetical protein
LONINKCB_05664	CDS	198				hypothetical protein
LONINKCB_05665	CDS	237				hypothetical protein
LONINKCB_05666	CDS	258				hypothetical protein
LONINKCB_05667	CDS	297				hypothetical protein
LONINKCB_05668	CDS	198				hypothetical protein
LONINKCB_05669	CDS	321				hypothetical protein
LONINKCB_05670	CDS	441				hypothetical protein
LONINKCB_05671	CDS	270				hypothetical protein
LONINKCB_05672	CDS	243				hypothetical protein
LONINKCB_05673	CDS	210				hypothetical protein
LONINKCB_05674	CDS	207				hypothetical protein
LONINKCB_05675	CDS	237				hypothetical protein
LONINKCB_05676	CDS	321				hypothetical protein
LONINKCB_05677	CDS	177				hypothetical protein
LONINKCB_05678	CDS	270				hypothetical protein
LONINKCB_05679	CDS	234				hypothetical protein
LONINKCB_05680	CDS	336				hypothetical protein
LONINKCB_05681	CDS	177				hypothetical protein
LONINKCB_05682	CDS	234				hypothetical protein
LONINKCB_05683	CDS	378				hypothetical protein
LONINKCB_05684	CDS	240				hypothetical protein
LONINKCB_05685	CDS	315				hypothetical protein
LONINKCB_05686	CDS	246				hypothetical protein
LONINKCB_05687	CDS	189				hypothetical protein
LONINKCB_05688	CDS	204				hypothetical protein
LONINKCB_05689	CDS	591				hypothetical protein
LONINKCB_05690	CDS	633	bacA		COG4178	Vitamin B12 transport ATP-binding protein BacA
LONINKCB_05691	CDS	201				hypothetical protein
LONINKCB_05692	CDS	210				hypothetical protein
LONINKCB_05693	CDS	195				hypothetical protein
LONINKCB_05694	CDS	321				hypothetical protein
LONINKCB_05695	CDS	240				hypothetical protein
LONINKCB_05696	CDS	213				hypothetical protein
LONINKCB_05697	CDS	585				hypothetical protein
LONINKCB_05698	CDS	204				hypothetical protein
LONINKCB_05699	CDS	426				hypothetical protein
LONINKCB_05700	CDS	237				hypothetical protein
LONINKCB_05701	CDS	180				hypothetical protein
LONINKCB_05702	CDS	204				hypothetical protein
LONINKCB_05703	CDS	174				hypothetical protein
LONINKCB_05704	CDS	318	pepN_1	3.4.11.2		Aminopeptidase N
LONINKCB_05705	CDS	681	pepN_2	3.4.11.2		Aminopeptidase N
LONINKCB_05706	CDS	228				hypothetical protein
LONINKCB_05707	CDS	162				hypothetical protein
LONINKCB_05708	CDS	270				hypothetical protein
LONINKCB_05709	CDS	156				hypothetical protein
LONINKCB_05710	CDS	351				hypothetical protein
LONINKCB_05711	CDS	225				hypothetical protein
LONINKCB_05712	CDS	183				hypothetical protein
LONINKCB_05713	CDS	213				hypothetical protein
LONINKCB_05714	CDS	291				hypothetical protein
LONINKCB_05715	CDS	183				hypothetical protein
LONINKCB_05716	CDS	156				hypothetical protein
LONINKCB_05717	CDS	165				hypothetical protein
LONINKCB_05718	CDS	219				hypothetical protein
LONINKCB_05719	CDS	252				hypothetical protein
LONINKCB_05720	CDS	258				hypothetical protein
LONINKCB_05721	CDS	168				hypothetical protein
LONINKCB_05722	CDS	264				hypothetical protein
LONINKCB_05723	CDS	240				hypothetical protein
LONINKCB_05724	CDS	291				hypothetical protein
LONINKCB_05725	CDS	240				hypothetical protein
LONINKCB_05726	CDS	243				hypothetical protein
LONINKCB_05727	CDS	219				hypothetical protein
LONINKCB_05728	CDS	492				hypothetical protein
LONINKCB_05729	CDS	210				hypothetical protein
LONINKCB_05730	CDS	204				hypothetical protein
LONINKCB_05731	CDS	213				hypothetical protein
LONINKCB_05732	CDS	201				hypothetical protein
LONINKCB_05733	CDS	171				hypothetical protein
LONINKCB_05734	CDS	174				hypothetical protein
LONINKCB_05735	CDS	405				hypothetical protein
LONINKCB_05736	CDS	294				hypothetical protein
LONINKCB_05737	CDS	252				hypothetical protein
LONINKCB_05738	CDS	546	bglA_1	3.2.1.21		Beta-glucosidase A
LONINKCB_05739	CDS	249	bglA_2	3.2.1.86	COG2723	6-phospho-beta-glucosidase BglA
LONINKCB_05740	CDS	210				hypothetical protein
LONINKCB_05741	CDS	144				hypothetical protein
LONINKCB_05742	CDS	276	bglA_3	3.2.1.21		Beta-glucosidase A
LONINKCB_05743	CDS	219				hypothetical protein
LONINKCB_05744	CDS	225				hypothetical protein
LONINKCB_05745	CDS	162				hypothetical protein
LONINKCB_05746	CDS	282				hypothetical protein
LONINKCB_05747	CDS	222				hypothetical protein
LONINKCB_05748	CDS	258				hypothetical protein
LONINKCB_05749	CDS	219				hypothetical protein
LONINKCB_05750	CDS	333				hypothetical protein
LONINKCB_05751	CDS	345				hypothetical protein
LONINKCB_05752	CDS	222				hypothetical protein
LONINKCB_05753	CDS	318				hypothetical protein
LONINKCB_05754	CDS	228				hypothetical protein
LONINKCB_05755	CDS	243				hypothetical protein
LONINKCB_05756	CDS	204				hypothetical protein
LONINKCB_05757	CDS	198				hypothetical protein
LONINKCB_05758	CDS	177				hypothetical protein
LONINKCB_05759	CDS	216				hypothetical protein
LONINKCB_05760	CDS	231				hypothetical protein
LONINKCB_05761	CDS	207				hypothetical protein
LONINKCB_05762	CDS	195				hypothetical protein
LONINKCB_05763	CDS	189				hypothetical protein
LONINKCB_05764	CDS	234				hypothetical protein
LONINKCB_05765	CDS	228				hypothetical protein
LONINKCB_05766	CDS	219				hypothetical protein
LONINKCB_05767	CDS	285				hypothetical protein
LONINKCB_05768	CDS	273				hypothetical protein
LONINKCB_05769	CDS	264				hypothetical protein
LONINKCB_05770	CDS	270				hypothetical protein
LONINKCB_05771	CDS	321				hypothetical protein
LONINKCB_05772	CDS	234				hypothetical protein
LONINKCB_05773	CDS	222				hypothetical protein
LONINKCB_05774	CDS	204				hypothetical protein
LONINKCB_05775	CDS	207				hypothetical protein
LONINKCB_05776	CDS	357				hypothetical protein
LONINKCB_05777	CDS	231				hypothetical protein
LONINKCB_05778	CDS	375				hypothetical protein
LONINKCB_05779	CDS	144				hypothetical protein
LONINKCB_05780	CDS	183				hypothetical protein
LONINKCB_05781	CDS	267				hypothetical protein
LONINKCB_05782	CDS	183				hypothetical protein
LONINKCB_05783	CDS	219				hypothetical protein
LONINKCB_05784	CDS	174				hypothetical protein
LONINKCB_05785	CDS	741				hypothetical protein
LONINKCB_05786	CDS	159				hypothetical protein
LONINKCB_05787	CDS	264				hypothetical protein
LONINKCB_05788	CDS	309				hypothetical protein
LONINKCB_05789	CDS	213				hypothetical protein
LONINKCB_05790	CDS	231				hypothetical protein
LONINKCB_05791	CDS	240				hypothetical protein
LONINKCB_05792	CDS	177				hypothetical protein
LONINKCB_05793	CDS	270				hypothetical protein
LONINKCB_05794	CDS	246				hypothetical protein
LONINKCB_05795	CDS	213				hypothetical protein
LONINKCB_05796	CDS	222				hypothetical protein
LONINKCB_05797	CDS	210				hypothetical protein
LONINKCB_05798	CDS	204				hypothetical protein
LONINKCB_05799	CDS	249				hypothetical protein
LONINKCB_05800	CDS	240				hypothetical protein
LONINKCB_05801	CDS	510				hypothetical protein
LONINKCB_05802	CDS	156				hypothetical protein
LONINKCB_05803	CDS	246				hypothetical protein
LONINKCB_05804	CDS	180				hypothetical protein
LONINKCB_05805	CDS	252				hypothetical protein
LONINKCB_05806	CDS	381				hypothetical protein
LONINKCB_05807	CDS	198				hypothetical protein
LONINKCB_05808	CDS	204				hypothetical protein
LONINKCB_05809	CDS	237				hypothetical protein
LONINKCB_05810	CDS	270				hypothetical protein
LONINKCB_05811	CDS	210				hypothetical protein
LONINKCB_05812	CDS	321				hypothetical protein
LONINKCB_05813	CDS	414				hypothetical protein
LONINKCB_05814	CDS	453				hypothetical protein
LONINKCB_05815	CDS	240				hypothetical protein
LONINKCB_05816	CDS	564				hypothetical protein
LONINKCB_05817	CDS	387				hypothetical protein
LONINKCB_05818	CDS	204				hypothetical protein
LONINKCB_05819	CDS	192				hypothetical protein
LONINKCB_05820	CDS	429				hypothetical protein
LONINKCB_05821	CDS	159				hypothetical protein
LONINKCB_05822	CDS	294				hypothetical protein
LONINKCB_05823	CDS	300				hypothetical protein
LONINKCB_05824	CDS	210				hypothetical protein
LONINKCB_05825	CDS	174				hypothetical protein
LONINKCB_05826	CDS	177				hypothetical protein
LONINKCB_05827	CDS	552				hypothetical protein
LONINKCB_05828	CDS	351				hypothetical protein
LONINKCB_05829	CDS	222				hypothetical protein
LONINKCB_05830	CDS	252				hypothetical protein
LONINKCB_05831	CDS	231				hypothetical protein
LONINKCB_05832	CDS	246				hypothetical protein
LONINKCB_05833	CDS	456				hypothetical protein
LONINKCB_05834	CDS	279				hypothetical protein
LONINKCB_05835	CDS	231				hypothetical protein
LONINKCB_05836	CDS	201				hypothetical protein
LONINKCB_05837	CDS	339				hypothetical protein
LONINKCB_05838	CDS	456				hypothetical protein
LONINKCB_05839	CDS	252				hypothetical protein
LONINKCB_05840	CDS	243				hypothetical protein
LONINKCB_05841	CDS	237				hypothetical protein
LONINKCB_05842	CDS	195				hypothetical protein
LONINKCB_05843	CDS	186				hypothetical protein
LONINKCB_05844	CDS	168				hypothetical protein
LONINKCB_05845	CDS	222				hypothetical protein
LONINKCB_05846	CDS	285				hypothetical protein
LONINKCB_05847	CDS	201				hypothetical protein
LONINKCB_05848	CDS	237				hypothetical protein
LONINKCB_05849	CDS	210				hypothetical protein
LONINKCB_05850	CDS	183				hypothetical protein
LONINKCB_05851	CDS	390				hypothetical protein
LONINKCB_05852	CDS	171				hypothetical protein
LONINKCB_05853	CDS	225				hypothetical protein
LONINKCB_05854	CDS	303				hypothetical protein
LONINKCB_05855	CDS	279				hypothetical protein
LONINKCB_05856	CDS	192				hypothetical protein
LONINKCB_05857	CDS	300				hypothetical protein
LONINKCB_05858	CDS	240				hypothetical protein
LONINKCB_05859	CDS	195				hypothetical protein
LONINKCB_05860	CDS	252				hypothetical protein
LONINKCB_05861	CDS	894				hypothetical protein
LONINKCB_05862	CDS	120				hypothetical protein
LONINKCB_05863	CDS	432				hypothetical protein
LONINKCB_05864	CDS	261				hypothetical protein
LONINKCB_05865	CDS	318				hypothetical protein
LONINKCB_05866	CDS	444				hypothetical protein
LONINKCB_05867	CDS	252				hypothetical protein
LONINKCB_05868	CDS	477				hypothetical protein
LONINKCB_05869	CDS	264				hypothetical protein
LONINKCB_05870	CDS	138				hypothetical protein
LONINKCB_05871	CDS	192				hypothetical protein
LONINKCB_05872	CDS	291				hypothetical protein
LONINKCB_05873	CDS	258				hypothetical protein
LONINKCB_05874	CDS	306				hypothetical protein
LONINKCB_05875	CDS	234				hypothetical protein
LONINKCB_05876	CDS	279				hypothetical protein
LONINKCB_05877	CDS	210				hypothetical protein
LONINKCB_05878	CDS	171				hypothetical protein
LONINKCB_05879	CDS	237				hypothetical protein
LONINKCB_05880	CDS	867				hypothetical protein
LONINKCB_05881	CDS	723				hypothetical protein
LONINKCB_05882	CDS	192				hypothetical protein
LONINKCB_05883	CDS	207				hypothetical protein
LONINKCB_05884	CDS	489				hypothetical protein
LONINKCB_05885	CDS	198				hypothetical protein
LONINKCB_05886	CDS	222				hypothetical protein
LONINKCB_05887	CDS	249				hypothetical protein
LONINKCB_05888	CDS	273				hypothetical protein
LONINKCB_05889	CDS	213				hypothetical protein
LONINKCB_05890	CDS	219				hypothetical protein
LONINKCB_05891	CDS	267				hypothetical protein
LONINKCB_05892	CDS	399				hypothetical protein
LONINKCB_05893	CDS	273				hypothetical protein
LONINKCB_05894	CDS	198				hypothetical protein
LONINKCB_05895	CDS	198				hypothetical protein
LONINKCB_05896	CDS	234				hypothetical protein
LONINKCB_05897	CDS	204				hypothetical protein
LONINKCB_05898	CDS	168				hypothetical protein
LONINKCB_05899	CDS	186				hypothetical protein
LONINKCB_05900	CDS	159				hypothetical protein
LONINKCB_05901	CDS	246				hypothetical protein
LONINKCB_05902	CDS	240				hypothetical protein
LONINKCB_05903	CDS	201				hypothetical protein
LONINKCB_05904	CDS	225				hypothetical protein
LONINKCB_05905	CDS	276				hypothetical protein
LONINKCB_05906	CDS	261				hypothetical protein
LONINKCB_05907	CDS	273				hypothetical protein
LONINKCB_05908	CDS	213				hypothetical protein
LONINKCB_05909	CDS	270				hypothetical protein
LONINKCB_05910	CDS	339				hypothetical protein
LONINKCB_05911	CDS	366				hypothetical protein
LONINKCB_05912	CDS	318				hypothetical protein
LONINKCB_05913	CDS	291				hypothetical protein
LONINKCB_05914	CDS	237				hypothetical protein
LONINKCB_05915	CDS	192				hypothetical protein
LONINKCB_05916	CDS	240				hypothetical protein
LONINKCB_05917	CDS	297				hypothetical protein
LONINKCB_05918	CDS	240				hypothetical protein
LONINKCB_05919	CDS	216				hypothetical protein
LONINKCB_05920	CDS	180				hypothetical protein
LONINKCB_05921	CDS	390		1.6.5.11	COG1009	NADH-quinone oxidoreductase subunit 12
LONINKCB_05922	CDS	195				hypothetical protein
LONINKCB_05923	CDS	180	ndhD	1.6.5.-		NAD(P)H-quinone oxidoreductase chain 4
LONINKCB_05924	CDS	189				hypothetical protein
LONINKCB_05925	CDS	201				hypothetical protein
LONINKCB_05926	CDS	255				hypothetical protein
LONINKCB_05927	CDS	171				hypothetical protein
LONINKCB_05928	CDS	168				hypothetical protein
LONINKCB_05929	CDS	198				hypothetical protein
LONINKCB_05930	CDS	228				hypothetical protein
LONINKCB_05931	CDS	171				hypothetical protein
LONINKCB_05932	CDS	204				hypothetical protein
LONINKCB_05933	CDS	186				hypothetical protein
LONINKCB_05934	CDS	207				hypothetical protein
LONINKCB_05935	CDS	228				hypothetical protein
LONINKCB_05936	CDS	213				hypothetical protein
LONINKCB_05937	CDS	207				hypothetical protein
LONINKCB_05938	CDS	324				hypothetical protein
LONINKCB_05939	CDS	315				hypothetical protein
LONINKCB_05940	CDS	228				hypothetical protein
LONINKCB_05941	CDS	381				hypothetical protein
LONINKCB_05942	CDS	282				hypothetical protein
LONINKCB_05943	CDS	210				hypothetical protein
LONINKCB_05944	CDS	399				hypothetical protein
LONINKCB_05945	CDS	270				hypothetical protein
LONINKCB_05946	CDS	249				hypothetical protein
LONINKCB_05947	CDS	135				hypothetical protein
LONINKCB_05948	CDS	1197	cetZ_1			Tubulin-like protein CetZ
LONINKCB_05949	CDS	150				hypothetical protein
LONINKCB_05950	CDS	171				hypothetical protein
LONINKCB_05951	CDS	222				hypothetical protein
LONINKCB_05952	CDS	144				hypothetical protein
LONINKCB_05953	CDS	207				hypothetical protein
LONINKCB_05954	CDS	201				hypothetical protein
LONINKCB_05955	CDS	258				hypothetical protein
LONINKCB_05956	CDS	240				hypothetical protein
LONINKCB_05957	CDS	201				hypothetical protein
LONINKCB_05958	CDS	201				hypothetical protein
LONINKCB_05959	CDS	219				hypothetical protein
LONINKCB_05960	CDS	192				hypothetical protein
LONINKCB_05961	CDS	285				hypothetical protein
LONINKCB_05962	CDS	204				hypothetical protein
LONINKCB_05963	CDS	261				hypothetical protein
LONINKCB_05964	CDS	246				hypothetical protein
LONINKCB_05965	CDS	198				hypothetical protein
LONINKCB_05966	CDS	240				hypothetical protein
LONINKCB_05967	CDS	366				hypothetical protein
LONINKCB_05968	CDS	285				hypothetical protein
LONINKCB_05969	CDS	183				hypothetical protein
LONINKCB_05970	CDS	324				hypothetical protein
LONINKCB_05971	CDS	234				hypothetical protein
LONINKCB_05972	CDS	306				hypothetical protein
LONINKCB_05973	CDS	321				hypothetical protein
LONINKCB_05974	CDS	216	thyA_1	2.1.1.45	COG0207	Thymidylate synthase
LONINKCB_05975	CDS	276	thyA_2	2.1.1.45	COG0207	Thymidylate synthase
LONINKCB_05976	CDS	354	thyA2	2.1.1.45	COG0207	Thymidylate synthase 2
LONINKCB_05977	CDS	138				hypothetical protein
LONINKCB_05978	CDS	186				hypothetical protein
LONINKCB_05979	CDS	222				hypothetical protein
LONINKCB_05980	CDS	348	dusC	1.3.1.-	COG0042	tRNA-dihydrouridine(16) synthase
LONINKCB_05981	CDS	177				hypothetical protein
LONINKCB_05982	CDS	321				hypothetical protein
LONINKCB_05983	CDS	243				hypothetical protein
LONINKCB_05984	CDS	375				hypothetical protein
LONINKCB_05985	CDS	423				hypothetical protein
LONINKCB_05986	CDS	471				hypothetical protein
LONINKCB_05987	CDS	531				hypothetical protein
LONINKCB_05988	CDS	204				hypothetical protein
LONINKCB_05989	CDS	252				hypothetical protein
LONINKCB_05990	CDS	738				hypothetical protein
LONINKCB_05991	CDS	150				hypothetical protein
LONINKCB_05992	CDS	390				hypothetical protein
LONINKCB_05993	CDS	159				hypothetical protein
LONINKCB_05994	CDS	195				hypothetical protein
LONINKCB_05995	CDS	249				hypothetical protein
LONINKCB_05996	CDS	222				hypothetical protein
LONINKCB_05997	CDS	231				hypothetical protein
LONINKCB_05998	CDS	378				hypothetical protein
LONINKCB_05999	CDS	183				hypothetical protein
LONINKCB_06000	CDS	273				hypothetical protein
LONINKCB_06001	CDS	273				hypothetical protein
LONINKCB_06002	CDS	252				hypothetical protein
LONINKCB_06003	CDS	216				hypothetical protein
LONINKCB_06004	CDS	426				hypothetical protein
LONINKCB_06005	CDS	156				hypothetical protein
LONINKCB_06006	CDS	264				hypothetical protein
LONINKCB_06007	CDS	261				hypothetical protein
LONINKCB_06008	CDS	186				hypothetical protein
LONINKCB_06009	CDS	210				hypothetical protein
LONINKCB_06010	CDS	171				hypothetical protein
LONINKCB_06011	CDS	180				hypothetical protein
LONINKCB_06012	CDS	390				hypothetical protein
LONINKCB_06013	CDS	156				hypothetical protein
LONINKCB_06014	CDS	231				hypothetical protein
LONINKCB_06015	CDS	297				hypothetical protein
LONINKCB_06016	CDS	168				hypothetical protein
LONINKCB_06017	CDS	234				hypothetical protein
LONINKCB_06018	CDS	174				hypothetical protein
LONINKCB_06019	CDS	408				hypothetical protein
LONINKCB_06020	CDS	267				hypothetical protein
LONINKCB_06021	CDS	309				hypothetical protein
LONINKCB_06022	CDS	216				hypothetical protein
LONINKCB_06023	CDS	204				hypothetical protein
LONINKCB_06024	CDS	249				hypothetical protein
LONINKCB_06025	CDS	273				hypothetical protein
LONINKCB_06026	CDS	528				hypothetical protein
LONINKCB_06027	CDS	273				hypothetical protein
LONINKCB_06028	CDS	267				hypothetical protein
LONINKCB_06029	CDS	261				hypothetical protein
LONINKCB_06030	CDS	204				hypothetical protein
LONINKCB_06031	CDS	447				hypothetical protein
LONINKCB_06032	CDS	324				hypothetical protein
LONINKCB_06033	CDS	291				hypothetical protein
LONINKCB_06034	CDS	252				hypothetical protein
LONINKCB_06035	CDS	897				hypothetical protein
LONINKCB_06036	CDS	195				hypothetical protein
LONINKCB_06037	CDS	186				hypothetical protein
LONINKCB_06038	CDS	216				hypothetical protein
LONINKCB_06039	CDS	171				hypothetical protein
LONINKCB_06040	CDS	189				hypothetical protein
LONINKCB_06041	CDS	255				hypothetical protein
LONINKCB_06042	CDS	204				hypothetical protein
LONINKCB_06043	CDS	273				hypothetical protein
LONINKCB_06044	CDS	135				hypothetical protein
LONINKCB_06045	CDS	159				hypothetical protein
LONINKCB_06046	CDS	228				hypothetical protein
LONINKCB_06047	CDS	300				hypothetical protein
LONINKCB_06048	CDS	210				hypothetical protein
LONINKCB_06049	CDS	210				hypothetical protein
LONINKCB_06050	CDS	246				hypothetical protein
LONINKCB_06051	CDS	213				hypothetical protein
LONINKCB_06052	CDS	219				hypothetical protein
LONINKCB_06053	CDS	183				hypothetical protein
LONINKCB_06054	CDS	273				hypothetical protein
LONINKCB_06055	CDS	243				hypothetical protein
LONINKCB_06056	CDS	225				hypothetical protein
LONINKCB_06057	CDS	1302	cetZ_2			Tubulin-like protein CetZ
LONINKCB_06058	CDS	270				hypothetical protein
LONINKCB_06059	CDS	429				hypothetical protein
LONINKCB_06060	CDS	219				hypothetical protein
LONINKCB_06061	CDS	249				hypothetical protein
LONINKCB_06062	CDS	702				hypothetical protein
LONINKCB_06063	CDS	531	efe	1.13.12.19		2-oxoglutarate-dependent ethylene/succinate-forming enzyme
LONINKCB_06064	CDS	333				hypothetical protein
LONINKCB_06065	CDS	222				hypothetical protein
LONINKCB_06066	CDS	459				hypothetical protein
LONINKCB_06067	CDS	225				hypothetical protein
LONINKCB_06068	CDS	255				hypothetical protein
LONINKCB_06069	CDS	207				hypothetical protein
LONINKCB_06070	CDS	237				hypothetical protein
LONINKCB_06071	CDS	195				hypothetical protein
LONINKCB_06072	CDS	261				hypothetical protein
LONINKCB_06073	CDS	261				hypothetical protein
LONINKCB_06074	CDS	189				hypothetical protein
LONINKCB_06075	CDS	162				hypothetical protein
LONINKCB_06076	CDS	336				hypothetical protein
LONINKCB_06077	CDS	171				hypothetical protein
LONINKCB_06078	CDS	267				hypothetical protein
LONINKCB_06079	CDS	198				hypothetical protein
LONINKCB_06080	CDS	246				hypothetical protein
LONINKCB_06081	CDS	240				hypothetical protein
LONINKCB_06082	CDS	264				hypothetical protein
LONINKCB_06083	CDS	345				hypothetical protein
LONINKCB_06084	CDS	186				hypothetical protein
LONINKCB_06085	CDS	168				hypothetical protein
LONINKCB_06086	CDS	201				hypothetical protein
LONINKCB_06087	CDS	288				hypothetical protein
LONINKCB_06088	CDS	198				hypothetical protein
LONINKCB_06089	CDS	276				hypothetical protein
LONINKCB_06090	CDS	192				hypothetical protein
LONINKCB_06091	CDS	234				hypothetical protein
LONINKCB_06092	CDS	267				hypothetical protein
LONINKCB_06093	CDS	213				hypothetical protein
LONINKCB_06094	CDS	303				hypothetical protein
LONINKCB_06095	CDS	243				hypothetical protein
LONINKCB_06096	CDS	174				hypothetical protein
LONINKCB_06097	CDS	207				hypothetical protein
LONINKCB_06098	CDS	300				hypothetical protein
LONINKCB_06099	CDS	174				hypothetical protein
LONINKCB_06100	CDS	225				hypothetical protein
LONINKCB_06101	CDS	207				hypothetical protein
LONINKCB_06102	CDS	228				hypothetical protein
LONINKCB_06103	CDS	291				hypothetical protein
LONINKCB_06104	CDS	243				hypothetical protein
LONINKCB_06105	CDS	183				hypothetical protein
LONINKCB_06106	CDS	456				hypothetical protein
LONINKCB_06107	CDS	201				hypothetical protein
LONINKCB_06108	CDS	210				hypothetical protein
LONINKCB_06109	CDS	258				hypothetical protein
LONINKCB_06110	CDS	210				hypothetical protein
LONINKCB_06111	CDS	249				hypothetical protein
LONINKCB_06112	CDS	537				hypothetical protein
LONINKCB_06113	CDS	189				hypothetical protein
LONINKCB_06114	CDS	159				hypothetical protein
LONINKCB_06115	CDS	285				hypothetical protein
LONINKCB_06116	CDS	399				hypothetical protein
LONINKCB_06117	CDS	297				hypothetical protein
LONINKCB_06118	CDS	264				hypothetical protein
LONINKCB_06119	CDS	177				hypothetical protein
LONINKCB_06120	CDS	222				hypothetical protein
LONINKCB_06121	CDS	195				hypothetical protein
LONINKCB_06122	CDS	195				hypothetical protein
LONINKCB_06123	CDS	219				hypothetical protein
LONINKCB_06124	CDS	438				hypothetical protein
LONINKCB_06125	CDS	432				hypothetical protein
LONINKCB_06126	CDS	357				hypothetical protein
LONINKCB_06127	CDS	351				hypothetical protein
LONINKCB_06128	CDS	213				hypothetical protein
LONINKCB_06129	CDS	183				hypothetical protein
LONINKCB_06130	CDS	180				hypothetical protein
LONINKCB_06131	CDS	183				hypothetical protein
LONINKCB_06132	CDS	183				hypothetical protein
LONINKCB_06133	CDS	465				hypothetical protein
LONINKCB_06134	CDS	273				hypothetical protein
LONINKCB_06135	CDS	309				hypothetical protein
LONINKCB_06136	CDS	222				hypothetical protein
LONINKCB_06137	CDS	402				hypothetical protein
LONINKCB_06138	CDS	1281	cetZ_3			Tubulin-like protein CetZ
LONINKCB_06139	CDS	198				hypothetical protein
LONINKCB_06140	CDS	336				hypothetical protein
LONINKCB_06141	CDS	198				hypothetical protein
LONINKCB_06142	CDS	396				hypothetical protein
LONINKCB_06143	CDS	189				hypothetical protein
LONINKCB_06144	CDS	252				hypothetical protein
LONINKCB_06145	CDS	1053				hypothetical protein
LONINKCB_06146	CDS	201				hypothetical protein
LONINKCB_06147	CDS	339				hypothetical protein
LONINKCB_06148	CDS	222				hypothetical protein
LONINKCB_06149	CDS	267				hypothetical protein
LONINKCB_06150	CDS	342				hypothetical protein
LONINKCB_06151	CDS	231				hypothetical protein
LONINKCB_06152	CDS	207				hypothetical protein
LONINKCB_06153	CDS	369				hypothetical protein
LONINKCB_06154	CDS	228				hypothetical protein
LONINKCB_06155	CDS	216				hypothetical protein
LONINKCB_06156	CDS	201				hypothetical protein
LONINKCB_06157	CDS	210				hypothetical protein
LONINKCB_06158	CDS	291				hypothetical protein
LONINKCB_06159	CDS	375				hypothetical protein
LONINKCB_06160	CDS	168				hypothetical protein
LONINKCB_06161	CDS	186				hypothetical protein
LONINKCB_06162	CDS	222				hypothetical protein
LONINKCB_06163	CDS	174				hypothetical protein
LONINKCB_06164	CDS	225				hypothetical protein
LONINKCB_06165	CDS	210				hypothetical protein
LONINKCB_06166	CDS	198				hypothetical protein
LONINKCB_06167	CDS	183				hypothetical protein
LONINKCB_06168	CDS	231				hypothetical protein
LONINKCB_06169	CDS	204				hypothetical protein
LONINKCB_06170	CDS	342				hypothetical protein
LONINKCB_06171	CDS	207				hypothetical protein
LONINKCB_06172	CDS	237				hypothetical protein
LONINKCB_06173	CDS	333				hypothetical protein
LONINKCB_06174	CDS	189				hypothetical protein
LONINKCB_06175	CDS	210				hypothetical protein
LONINKCB_06176	CDS	204				hypothetical protein
LONINKCB_06177	CDS	249				hypothetical protein
LONINKCB_06178	CDS	291				hypothetical protein
LONINKCB_06179	CDS	204				hypothetical protein
LONINKCB_06180	CDS	252				hypothetical protein
LONINKCB_06181	CDS	255				hypothetical protein
LONINKCB_06182	CDS	180				hypothetical protein
LONINKCB_06183	CDS	240				hypothetical protein
LONINKCB_06184	CDS	210				hypothetical protein
LONINKCB_06185	CDS	195				hypothetical protein
LONINKCB_06186	CDS	237				hypothetical protein
LONINKCB_06187	CDS	261				hypothetical protein
LONINKCB_06188	CDS	195				hypothetical protein
LONINKCB_06189	CDS	174				hypothetical protein
LONINKCB_06190	CDS	213				hypothetical protein
LONINKCB_06191	CDS	168				hypothetical protein
LONINKCB_06192	CDS	204				hypothetical protein
LONINKCB_06193	CDS	240				hypothetical protein
LONINKCB_06194	CDS	798				hypothetical protein
LONINKCB_06195	CDS	468				hypothetical protein
LONINKCB_06196	CDS	258		1.-.-.-		putative oxidoreductase
LONINKCB_06197	CDS	198				hypothetical protein
LONINKCB_06198	CDS	618				hypothetical protein
LONINKCB_06199	CDS	255				hypothetical protein
LONINKCB_06200	CDS	219				hypothetical protein
LONINKCB_06201	CDS	156				hypothetical protein
LONINKCB_06202	CDS	393				hypothetical protein
LONINKCB_06203	CDS	363				hypothetical protein
LONINKCB_06204	CDS	207				hypothetical protein
LONINKCB_06205	CDS	324				hypothetical protein
LONINKCB_06206	CDS	654				hypothetical protein
LONINKCB_06207	CDS	192				hypothetical protein
LONINKCB_06208	CDS	285				hypothetical protein
LONINKCB_06209	CDS	243				hypothetical protein
LONINKCB_06210	CDS	216				hypothetical protein
LONINKCB_06211	CDS	156				hypothetical protein
LONINKCB_06212	CDS	177				hypothetical protein
LONINKCB_06213	CDS	240				hypothetical protein
LONINKCB_06214	CDS	216				hypothetical protein
LONINKCB_06215	CDS	237				hypothetical protein
LONINKCB_06216	CDS	270				hypothetical protein
LONINKCB_06217	CDS	459				hypothetical protein
LONINKCB_06218	CDS	210				hypothetical protein
LONINKCB_06219	CDS	432				hypothetical protein
LONINKCB_06220	CDS	264				hypothetical protein
LONINKCB_06221	CDS	231				hypothetical protein
LONINKCB_06222	CDS	234				hypothetical protein
LONINKCB_06223	CDS	321				hypothetical protein
LONINKCB_06224	CDS	294				hypothetical protein
LONINKCB_06225	CDS	210				hypothetical protein
LONINKCB_06226	CDS	261				hypothetical protein
LONINKCB_06227	CDS	246				hypothetical protein
LONINKCB_06228	CDS	639				hypothetical protein
LONINKCB_06229	CDS	156				hypothetical protein
LONINKCB_06230	CDS	453				hypothetical protein
LONINKCB_06231	CDS	276				hypothetical protein
LONINKCB_06232	CDS	270				hypothetical protein
LONINKCB_06233	CDS	297				hypothetical protein
LONINKCB_06234	CDS	186				hypothetical protein
LONINKCB_06235	CDS	468				hypothetical protein
LONINKCB_06236	CDS	222				hypothetical protein
LONINKCB_06237	CDS	291				hypothetical protein
LONINKCB_06238	CDS	267				hypothetical protein
LONINKCB_06239	CDS	231				hypothetical protein
LONINKCB_06240	CDS	306				hypothetical protein
LONINKCB_06241	CDS	384				hypothetical protein
LONINKCB_06242	CDS	315				hypothetical protein
LONINKCB_06243	CDS	276				hypothetical protein
LONINKCB_06244	CDS	246				hypothetical protein
LONINKCB_06245	CDS	225				hypothetical protein
LONINKCB_06246	CDS	267				hypothetical protein
LONINKCB_06247	CDS	276				hypothetical protein
LONINKCB_06248	CDS	204				hypothetical protein
LONINKCB_06249	CDS	192				hypothetical protein
LONINKCB_06250	CDS	186				hypothetical protein
LONINKCB_06251	CDS	180				hypothetical protein
LONINKCB_06252	CDS	198				hypothetical protein
LONINKCB_06253	CDS	222				hypothetical protein
LONINKCB_06254	CDS	291				hypothetical protein
LONINKCB_06255	CDS	255				hypothetical protein
LONINKCB_06256	CDS	201				hypothetical protein
LONINKCB_06257	CDS	222				hypothetical protein
LONINKCB_06258	CDS	213				hypothetical protein
LONINKCB_06259	CDS	216				hypothetical protein
LONINKCB_06260	CDS	261				hypothetical protein
LONINKCB_06261	CDS	195				hypothetical protein
LONINKCB_06262	CDS	219				hypothetical protein
LONINKCB_06263	CDS	321				hypothetical protein
LONINKCB_06264	CDS	276				hypothetical protein
LONINKCB_06265	CDS	213				hypothetical protein
LONINKCB_06266	CDS	189				hypothetical protein
LONINKCB_06267	CDS	195				hypothetical protein
LONINKCB_06268	CDS	213				hypothetical protein
LONINKCB_06269	CDS	177				hypothetical protein
LONINKCB_06270	CDS	204				hypothetical protein
LONINKCB_06271	CDS	315				hypothetical protein
LONINKCB_06272	CDS	210				hypothetical protein
LONINKCB_06273	CDS	198				hypothetical protein
LONINKCB_06274	CDS	177				hypothetical protein
LONINKCB_06275	CDS	216				hypothetical protein
LONINKCB_06276	CDS	210				hypothetical protein
LONINKCB_06277	CDS	204				hypothetical protein
LONINKCB_06278	CDS	228				hypothetical protein
LONINKCB_06279	CDS	198				hypothetical protein
LONINKCB_06280	CDS	243				hypothetical protein
LONINKCB_06281	CDS	270				hypothetical protein
LONINKCB_06282	CDS	228				hypothetical protein
LONINKCB_06283	CDS	222				hypothetical protein
LONINKCB_06284	CDS	189				hypothetical protein
LONINKCB_06285	CDS	225				hypothetical protein
LONINKCB_06286	CDS	207				hypothetical protein
LONINKCB_06287	CDS	252				hypothetical protein
LONINKCB_06288	CDS	288				hypothetical protein
LONINKCB_06289	CDS	252				hypothetical protein
LONINKCB_06290	CDS	240				hypothetical protein
LONINKCB_06291	CDS	219				hypothetical protein
LONINKCB_06292	CDS	267				hypothetical protein
LONINKCB_06293	CDS	207				hypothetical protein
LONINKCB_06294	CDS	246				hypothetical protein
LONINKCB_06295	CDS	207				hypothetical protein
LONINKCB_06296	CDS	213				hypothetical protein
LONINKCB_06297	CDS	210				hypothetical protein
LONINKCB_06298	CDS	267				hypothetical protein
LONINKCB_06299	CDS	195				hypothetical protein
LONINKCB_06300	CDS	213				hypothetical protein
LONINKCB_06301	CDS	276				hypothetical protein
LONINKCB_06302	CDS	213				hypothetical protein
LONINKCB_06303	CDS	264				hypothetical protein
LONINKCB_06304	CDS	399				hypothetical protein
LONINKCB_06305	CDS	315				hypothetical protein
LONINKCB_06306	CDS	300				hypothetical protein
LONINKCB_06307	CDS	291				hypothetical protein
LONINKCB_06308	CDS	447				hypothetical protein
LONINKCB_06309	CDS	276				hypothetical protein
LONINKCB_06310	CDS	519				hypothetical protein
LONINKCB_06311	CDS	231				hypothetical protein
LONINKCB_06312	CDS	453				hypothetical protein
LONINKCB_06313	CDS	555				hypothetical protein
LONINKCB_06314	CDS	204				hypothetical protein
LONINKCB_06315	CDS	213				hypothetical protein
LONINKCB_06316	CDS	210				hypothetical protein
LONINKCB_06317	CDS	186				hypothetical protein
LONINKCB_06318	CDS	291				hypothetical protein
LONINKCB_06319	CDS	336				hypothetical protein
LONINKCB_06320	CDS	369				hypothetical protein
LONINKCB_06321	CDS	264				hypothetical protein
LONINKCB_06322	CDS	405				hypothetical protein
LONINKCB_06323	CDS	210				hypothetical protein
LONINKCB_06324	CDS	201				hypothetical protein
LONINKCB_06325	CDS	195				hypothetical protein
LONINKCB_06326	CDS	225				hypothetical protein
LONINKCB_06327	CDS	177				hypothetical protein
LONINKCB_06328	CDS	270				hypothetical protein
LONINKCB_06329	CDS	207				hypothetical protein
LONINKCB_06330	CDS	234				hypothetical protein
LONINKCB_06331	CDS	378				hypothetical protein
LONINKCB_06332	CDS	276				hypothetical protein
LONINKCB_06333	CDS	225				hypothetical protein
LONINKCB_06334	CDS	264				hypothetical protein
LONINKCB_06335	CDS	285				hypothetical protein
LONINKCB_06336	CDS	192				hypothetical protein
LONINKCB_06337	CDS	183				hypothetical protein
LONINKCB_06338	CDS	654				hypothetical protein
LONINKCB_06339	CDS	324				hypothetical protein
LONINKCB_06340	CDS	174				hypothetical protein
LONINKCB_06341	CDS	363				hypothetical protein
LONINKCB_06342	CDS	393				hypothetical protein
LONINKCB_06343	CDS	300				hypothetical protein
LONINKCB_06344	CDS	279				hypothetical protein
LONINKCB_06345	CDS	153				hypothetical protein
LONINKCB_06346	CDS	174				hypothetical protein
LONINKCB_06347	CDS	618				hypothetical protein
LONINKCB_06348	CDS	315				hypothetical protein
LONINKCB_06349	CDS	258				hypothetical protein
LONINKCB_06350	CDS	195				hypothetical protein
LONINKCB_06351	CDS	468				hypothetical protein
LONINKCB_06352	CDS	225				hypothetical protein
LONINKCB_06353	CDS	507				hypothetical protein
LONINKCB_06354	CDS	171				hypothetical protein
LONINKCB_06355	CDS	168				hypothetical protein
LONINKCB_06356	CDS	150				hypothetical protein
LONINKCB_06357	CDS	282				hypothetical protein
LONINKCB_06358	CDS	201				hypothetical protein
LONINKCB_06359	CDS	186				hypothetical protein
LONINKCB_06360	CDS	204				hypothetical protein
LONINKCB_06361	CDS	171				hypothetical protein
LONINKCB_06362	CDS	237				hypothetical protein
LONINKCB_06363	CDS	183				hypothetical protein
LONINKCB_06364	CDS	237				hypothetical protein
LONINKCB_06365	CDS	156				hypothetical protein
LONINKCB_06366	CDS	204				hypothetical protein
LONINKCB_06367	CDS	420				hypothetical protein
LONINKCB_06368	CDS	252				hypothetical protein
LONINKCB_06369	CDS	300				hypothetical protein
LONINKCB_06370	CDS	234				hypothetical protein
LONINKCB_06371	CDS	165				hypothetical protein
LONINKCB_06372	CDS	243				hypothetical protein
LONINKCB_06373	CDS	243				hypothetical protein
LONINKCB_06374	CDS	378				hypothetical protein
LONINKCB_06375	CDS	210				hypothetical protein
LONINKCB_06376	CDS	195				hypothetical protein
LONINKCB_06377	CDS	327				hypothetical protein
LONINKCB_06378	CDS	294				hypothetical protein
LONINKCB_06379	CDS	264				hypothetical protein
LONINKCB_06380	CDS	300				hypothetical protein
LONINKCB_06381	CDS	180				hypothetical protein
LONINKCB_06382	CDS	225				hypothetical protein
LONINKCB_06383	CDS	207				hypothetical protein
LONINKCB_06384	CDS	237				hypothetical protein
LONINKCB_06385	CDS	264				hypothetical protein
LONINKCB_06386	CDS	204				hypothetical protein
LONINKCB_06387	CDS	264				hypothetical protein
LONINKCB_06388	CDS	174				hypothetical protein
LONINKCB_06389	CDS	183				hypothetical protein
LONINKCB_06390	CDS	396				hypothetical protein
LONINKCB_06391	CDS	216				hypothetical protein
LONINKCB_06392	CDS	291				hypothetical protein
LONINKCB_06393	CDS	300				hypothetical protein
LONINKCB_06394	CDS	201				hypothetical protein
LONINKCB_06395	CDS	174				hypothetical protein
LONINKCB_06396	CDS	258				hypothetical protein
LONINKCB_06397	CDS	279				hypothetical protein
LONINKCB_06398	CDS	216				hypothetical protein
LONINKCB_06399	CDS	168				hypothetical protein
LONINKCB_06400	CDS	225				hypothetical protein
LONINKCB_06401	CDS	186				hypothetical protein
LONINKCB_06402	CDS	492				hypothetical protein
LONINKCB_06403	CDS	1035				hypothetical protein
LONINKCB_06404	CDS	198				hypothetical protein
LONINKCB_06405	CDS	231				hypothetical protein
LONINKCB_06406	CDS	270				hypothetical protein
LONINKCB_06407	CDS	159				hypothetical protein
LONINKCB_06408	CDS	201				hypothetical protein
LONINKCB_06409	CDS	201				hypothetical protein
LONINKCB_06410	CDS	1281	cetZ_4			Tubulin-like protein CetZ
LONINKCB_06411	CDS	180				hypothetical protein
LONINKCB_06412	CDS	258				hypothetical protein
LONINKCB_06413	CDS	126				hypothetical protein
LONINKCB_06414	CDS	477				hypothetical protein
LONINKCB_06415	CDS	183				hypothetical protein
LONINKCB_06416	CDS	234				hypothetical protein
LONINKCB_06417	CDS	213				hypothetical protein
LONINKCB_06418	CDS	339				hypothetical protein
LONINKCB_06419	CDS	357				hypothetical protein
LONINKCB_06420	CDS	417				hypothetical protein
LONINKCB_06421	CDS	183				hypothetical protein
LONINKCB_06422	CDS	228				hypothetical protein
LONINKCB_06423	CDS	219				hypothetical protein
LONINKCB_06424	CDS	264				hypothetical protein
LONINKCB_06425	CDS	312				hypothetical protein
LONINKCB_06426	CDS	225				hypothetical protein
LONINKCB_06427	CDS	285				hypothetical protein
LONINKCB_06428	CDS	159				hypothetical protein
LONINKCB_06429	CDS	189				hypothetical protein
LONINKCB_06430	CDS	537				hypothetical protein
LONINKCB_06431	CDS	327				hypothetical protein
LONINKCB_06432	CDS	219				hypothetical protein
LONINKCB_06433	CDS	216				hypothetical protein
LONINKCB_06434	CDS	252				hypothetical protein
LONINKCB_06435	CDS	162				hypothetical protein
LONINKCB_06436	CDS	270				hypothetical protein
LONINKCB_06437	CDS	210				hypothetical protein
LONINKCB_06438	CDS	357				hypothetical protein
LONINKCB_06439	CDS	312				hypothetical protein
LONINKCB_06440	CDS	159				hypothetical protein
LONINKCB_06441	CDS	375				hypothetical protein
LONINKCB_06442	CDS	204				hypothetical protein
LONINKCB_06443	CDS	198				hypothetical protein
LONINKCB_06444	CDS	177				hypothetical protein
LONINKCB_06445	CDS	210				hypothetical protein
LONINKCB_06446	CDS	207				hypothetical protein
LONINKCB_06447	CDS	273				hypothetical protein
LONINKCB_06448	CDS	201				hypothetical protein
LONINKCB_06449	CDS	171				hypothetical protein
LONINKCB_06450	CDS	255				hypothetical protein
LONINKCB_06451	CDS	294				hypothetical protein
LONINKCB_06452	CDS	219				hypothetical protein
LONINKCB_06453	CDS	207				hypothetical protein
LONINKCB_06454	CDS	204				hypothetical protein
LONINKCB_06455	CDS	159				hypothetical protein
LONINKCB_06456	CDS	216				hypothetical protein
LONINKCB_06457	CDS	198				hypothetical protein
LONINKCB_06458	CDS	222				hypothetical protein
LONINKCB_06459	CDS	264				hypothetical protein
LONINKCB_06460	CDS	261				hypothetical protein
LONINKCB_06461	CDS	228				hypothetical protein
LONINKCB_06462	CDS	171				hypothetical protein
LONINKCB_06463	CDS	207				hypothetical protein
LONINKCB_06464	CDS	207				hypothetical protein
LONINKCB_06465	CDS	210				hypothetical protein
LONINKCB_06466	CDS	288				hypothetical protein
LONINKCB_06467	CDS	342				hypothetical protein
LONINKCB_06468	CDS	174				hypothetical protein
LONINKCB_06469	CDS	207				hypothetical protein
LONINKCB_06470	CDS	336				hypothetical protein
LONINKCB_06471	CDS	240				hypothetical protein
LONINKCB_06472	CDS	285				hypothetical protein
LONINKCB_06473	CDS	180				hypothetical protein
LONINKCB_06474	CDS	165				hypothetical protein
LONINKCB_06475	CDS	174				hypothetical protein
LONINKCB_06476	CDS	171				hypothetical protein
LONINKCB_06477	CDS	270				hypothetical protein
LONINKCB_06478	CDS	267				hypothetical protein
LONINKCB_06479	CDS	252				hypothetical protein
LONINKCB_06480	CDS	210				hypothetical protein
LONINKCB_06481	CDS	213				hypothetical protein
LONINKCB_06482	CDS	366				hypothetical protein
LONINKCB_06483	CDS	249				hypothetical protein
LONINKCB_06484	CDS	222				hypothetical protein
LONINKCB_06485	CDS	147				hypothetical protein
LONINKCB_06486	CDS	339				hypothetical protein
LONINKCB_06487	CDS	339				hypothetical protein
LONINKCB_06488	CDS	222				hypothetical protein
LONINKCB_06489	CDS	165				hypothetical protein
LONINKCB_06490	CDS	357				hypothetical protein
LONINKCB_06491	CDS	174				hypothetical protein
LONINKCB_06492	CDS	186				hypothetical protein
LONINKCB_06493	CDS	177				hypothetical protein
LONINKCB_06494	CDS	237				hypothetical protein
LONINKCB_06495	CDS	291				hypothetical protein
LONINKCB_06496	CDS	195				hypothetical protein
LONINKCB_06497	CDS	183				hypothetical protein
LONINKCB_06498	CDS	240				hypothetical protein
LONINKCB_06499	CDS	231				hypothetical protein
LONINKCB_06500	CDS	204				hypothetical protein
LONINKCB_06501	CDS	162				hypothetical protein
LONINKCB_06502	CDS	270				hypothetical protein
LONINKCB_06503	CDS	231				hypothetical protein
LONINKCB_06504	CDS	222				hypothetical protein
LONINKCB_06505	CDS	249				hypothetical protein
LONINKCB_06506	CDS	252				hypothetical protein
LONINKCB_06507	CDS	258				hypothetical protein
LONINKCB_06508	CDS	180				hypothetical protein
LONINKCB_06509	CDS	276				hypothetical protein
LONINKCB_06510	CDS	555				hypothetical protein
LONINKCB_06511	CDS	210				hypothetical protein
LONINKCB_06512	CDS	321	pgsA2	2.7.8.5	COG0558	Putative CDP-diacylglycerol--glycerol-3-phosphate 3-phosphatidyl-transferase 2
LONINKCB_06513	CDS	285				hypothetical protein
LONINKCB_06514	CDS	273				hypothetical protein
LONINKCB_06515	CDS	180				hypothetical protein
LONINKCB_06516	CDS	165				hypothetical protein
LONINKCB_06517	CDS	219				hypothetical protein
LONINKCB_06518	CDS	165				hypothetical protein
LONINKCB_06519	CDS	297				hypothetical protein
LONINKCB_06520	CDS	303				hypothetical protein
LONINKCB_06521	CDS	258				hypothetical protein
LONINKCB_06522	CDS	156				hypothetical protein
LONINKCB_06523	CDS	231				hypothetical protein
LONINKCB_06524	CDS	180				hypothetical protein
LONINKCB_06525	CDS	165				hypothetical protein
LONINKCB_06526	CDS	177				hypothetical protein
LONINKCB_06527	CDS	285				hypothetical protein
LONINKCB_06528	CDS	246				hypothetical protein
LONINKCB_06529	CDS	210				hypothetical protein
LONINKCB_06530	CDS	201				hypothetical protein
LONINKCB_06531	CDS	345				hypothetical protein
LONINKCB_06532	CDS	267				hypothetical protein
LONINKCB_06533	CDS	195				hypothetical protein
LONINKCB_06534	CDS	249				hypothetical protein
LONINKCB_06535	CDS	249				hypothetical protein
LONINKCB_06536	CDS	288				hypothetical protein
LONINKCB_06537	CDS	192				hypothetical protein
LONINKCB_06538	CDS	282				hypothetical protein
LONINKCB_06539	CDS	180				hypothetical protein
LONINKCB_06540	CDS	180				hypothetical protein
LONINKCB_06541	CDS	264				hypothetical protein
LONINKCB_06542	CDS	198				hypothetical protein
LONINKCB_06543	CDS	201				hypothetical protein
LONINKCB_06544	CDS	225				hypothetical protein
LONINKCB_06545	CDS	351				hypothetical protein
LONINKCB_06546	CDS	288				hypothetical protein
LONINKCB_06547	CDS	321				hypothetical protein
LONINKCB_06548	CDS	357				hypothetical protein
LONINKCB_06549	CDS	213				hypothetical protein
LONINKCB_06550	CDS	312				hypothetical protein
LONINKCB_06551	CDS	210				hypothetical protein
LONINKCB_06552	CDS	249				hypothetical protein
LONINKCB_06553	CDS	363				hypothetical protein
LONINKCB_06554	CDS	390				hypothetical protein
LONINKCB_06555	CDS	447				hypothetical protein
LONINKCB_06556	CDS	207				hypothetical protein
LONINKCB_06557	CDS	183				hypothetical protein
LONINKCB_06558	CDS	288				hypothetical protein
LONINKCB_06559	CDS	192				hypothetical protein
LONINKCB_06560	CDS	180				hypothetical protein
LONINKCB_06561	CDS	204				hypothetical protein
LONINKCB_06562	CDS	288				hypothetical protein
LONINKCB_06563	CDS	234				hypothetical protein
LONINKCB_06564	CDS	867				hypothetical protein
LONINKCB_06565	CDS	246				hypothetical protein
LONINKCB_06566	CDS	315				hypothetical protein
LONINKCB_06567	CDS	279				hypothetical protein
LONINKCB_06568	CDS	156				hypothetical protein
LONINKCB_06569	CDS	201				hypothetical protein
LONINKCB_06570	CDS	222				hypothetical protein
LONINKCB_06571	CDS	153				hypothetical protein
LONINKCB_06572	CDS	231				hypothetical protein
LONINKCB_06573	CDS	237				hypothetical protein
LONINKCB_06574	CDS	201				hypothetical protein
LONINKCB_06575	CDS	180				hypothetical protein
LONINKCB_06576	CDS	288				hypothetical protein
LONINKCB_06577	CDS	249				hypothetical protein
LONINKCB_06578	CDS	216				hypothetical protein
LONINKCB_06579	CDS	318				hypothetical protein
LONINKCB_06580	CDS	180				hypothetical protein
LONINKCB_06581	CDS	156				hypothetical protein
LONINKCB_06582	CDS	339				hypothetical protein
LONINKCB_06583	CDS	183				hypothetical protein
LONINKCB_06584	CDS	216				hypothetical protein
LONINKCB_06585	CDS	180				hypothetical protein
LONINKCB_06586	CDS	309				hypothetical protein
LONINKCB_06587	CDS	327				hypothetical protein
LONINKCB_06588	CDS	177				hypothetical protein
LONINKCB_06589	CDS	249				hypothetical protein
LONINKCB_06590	CDS	174				hypothetical protein
LONINKCB_06591	CDS	234				hypothetical protein
LONINKCB_06592	CDS	225				hypothetical protein
LONINKCB_06593	CDS	255				hypothetical protein
LONINKCB_06594	CDS	201				hypothetical protein
LONINKCB_06595	CDS	282				hypothetical protein
LONINKCB_06596	CDS	294				hypothetical protein
LONINKCB_06597	CDS	348				hypothetical protein
LONINKCB_06598	CDS	198				hypothetical protein
LONINKCB_06599	CDS	294				hypothetical protein
LONINKCB_06600	CDS	165				hypothetical protein
LONINKCB_06601	CDS	216				hypothetical protein
LONINKCB_06602	CDS	174				hypothetical protein
LONINKCB_06603	CDS	228				hypothetical protein
LONINKCB_06604	CDS	243				hypothetical protein
LONINKCB_06605	CDS	147				hypothetical protein
LONINKCB_06606	CDS	180				hypothetical protein
LONINKCB_06607	CDS	201				hypothetical protein
LONINKCB_06608	CDS	138				hypothetical protein
LONINKCB_06609	CDS	297				hypothetical protein
LONINKCB_06610	CDS	252				hypothetical protein
LONINKCB_06611	CDS	273				hypothetical protein
LONINKCB_06612	CDS	189				hypothetical protein
LONINKCB_06613	CDS	198				hypothetical protein
LONINKCB_06614	CDS	252				hypothetical protein
LONINKCB_06615	CDS	231				hypothetical protein
LONINKCB_06616	CDS	198				hypothetical protein
LONINKCB_06617	CDS	162				hypothetical protein
LONINKCB_06618	CDS	294				hypothetical protein
LONINKCB_06619	CDS	228	megL	4.4.1.11	COG0626	L-methionine gamma-lyase
LONINKCB_06620	CDS	234				hypothetical protein
LONINKCB_06621	CDS	264				hypothetical protein
LONINKCB_06622	CDS	183				hypothetical protein
LONINKCB_06623	CDS	294				hypothetical protein
LONINKCB_06624	CDS	189				hypothetical protein
LONINKCB_06625	CDS	393				hypothetical protein
LONINKCB_06626	CDS	207				hypothetical protein
LONINKCB_06627	CDS	177				hypothetical protein
LONINKCB_06628	CDS	177				hypothetical protein
LONINKCB_06629	CDS	348				hypothetical protein
LONINKCB_06630	CDS	171				hypothetical protein
LONINKCB_06631	CDS	201				hypothetical protein
LONINKCB_06632	CDS	234				hypothetical protein
LONINKCB_06633	CDS	192				hypothetical protein
LONINKCB_06634	CDS	210				hypothetical protein
LONINKCB_06635	CDS	144				hypothetical protein
LONINKCB_06636	CDS	195				hypothetical protein
LONINKCB_06637	CDS	336				hypothetical protein
LONINKCB_06638	CDS	267				hypothetical protein
LONINKCB_06639	CDS	381				hypothetical protein
LONINKCB_06640	CDS	243				hypothetical protein
LONINKCB_06641	CDS	192				hypothetical protein
LONINKCB_06642	CDS	204				hypothetical protein
LONINKCB_06643	CDS	207				hypothetical protein
LONINKCB_06644	CDS	198				hypothetical protein
LONINKCB_06645	CDS	684				hypothetical protein
LONINKCB_06646	CDS	222				hypothetical protein
LONINKCB_06647	CDS	183				hypothetical protein
LONINKCB_06648	CDS	279				hypothetical protein
LONINKCB_06649	CDS	237				hypothetical protein
LONINKCB_06650	CDS	249				hypothetical protein
LONINKCB_06651	CDS	198				hypothetical protein
LONINKCB_06652	CDS	261				hypothetical protein
LONINKCB_06653	CDS	285				hypothetical protein
LONINKCB_06654	CDS	195				hypothetical protein
LONINKCB_06655	CDS	204				hypothetical protein
LONINKCB_06656	CDS	240				hypothetical protein
LONINKCB_06657	CDS	168				hypothetical protein
LONINKCB_06658	CDS	189				hypothetical protein
LONINKCB_06659	CDS	330				hypothetical protein
LONINKCB_06660	CDS	147				hypothetical protein
LONINKCB_06661	CDS	177				hypothetical protein
LONINKCB_06662	CDS	204				hypothetical protein
LONINKCB_06663	CDS	168				hypothetical protein
LONINKCB_06664	CDS	195				hypothetical protein
LONINKCB_06665	CDS	183				hypothetical protein
LONINKCB_06666	CDS	282				hypothetical protein
LONINKCB_06667	CDS	207				hypothetical protein
LONINKCB_06668	CDS	192				hypothetical protein
LONINKCB_06669	CDS	222				hypothetical protein
LONINKCB_06670	CDS	186				hypothetical protein
LONINKCB_06671	CDS	243				hypothetical protein
LONINKCB_06672	CDS	285				hypothetical protein
LONINKCB_06673	CDS	255				hypothetical protein
LONINKCB_06674	CDS	966				hypothetical protein
LONINKCB_06675	CDS	1161				hypothetical protein
LONINKCB_06676	CDS	627				hypothetical protein
LONINKCB_06677	CDS	189				hypothetical protein
LONINKCB_06678	CDS	201				hypothetical protein
LONINKCB_06679	CDS	273				hypothetical protein
LONINKCB_06680	CDS	261				hypothetical protein
LONINKCB_06681	CDS	228				hypothetical protein
LONINKCB_06682	CDS	165				hypothetical protein
LONINKCB_06683	CDS	330				hypothetical protein
LONINKCB_06684	CDS	258				hypothetical protein
LONINKCB_06685	CDS	189				hypothetical protein
LONINKCB_06686	CDS	171				hypothetical protein
LONINKCB_06687	CDS	180				hypothetical protein
LONINKCB_06688	CDS	210				hypothetical protein
LONINKCB_06689	CDS	189				hypothetical protein
LONINKCB_06690	CDS	225				hypothetical protein
LONINKCB_06691	CDS	165				hypothetical protein
LONINKCB_06692	CDS	354				hypothetical protein
LONINKCB_06693	CDS	261				hypothetical protein
LONINKCB_06694	CDS	234				hypothetical protein
LONINKCB_06695	CDS	231				hypothetical protein
LONINKCB_06696	CDS	522				hypothetical protein
LONINKCB_06697	CDS	204				hypothetical protein
LONINKCB_06698	CDS	249				hypothetical protein
LONINKCB_06699	CDS	186				hypothetical protein
LONINKCB_06700	CDS	255				hypothetical protein
LONINKCB_06701	CDS	225				hypothetical protein
LONINKCB_06702	CDS	198				hypothetical protein
LONINKCB_06703	CDS	222				hypothetical protein
LONINKCB_06704	CDS	225				hypothetical protein
LONINKCB_06705	CDS	216				hypothetical protein
LONINKCB_06706	CDS	285				hypothetical protein
LONINKCB_06707	CDS	270				hypothetical protein
LONINKCB_06708	CDS	348				hypothetical protein
LONINKCB_06709	CDS	162				hypothetical protein
LONINKCB_06710	CDS	825				hypothetical protein
LONINKCB_06711	CDS	183				hypothetical protein
LONINKCB_06712	CDS	210				hypothetical protein
LONINKCB_06713	CDS	387		1.14.-.-		Cytochrome P450 165C4
LONINKCB_06714	CDS	264				hypothetical protein
LONINKCB_06715	CDS	219				hypothetical protein
LONINKCB_06716	CDS	279				hypothetical protein
LONINKCB_06717	CDS	168				hypothetical protein
LONINKCB_06718	CDS	168				hypothetical protein
LONINKCB_06719	CDS	294				hypothetical protein
LONINKCB_06720	CDS	195				hypothetical protein
LONINKCB_06721	CDS	255				hypothetical protein
LONINKCB_06722	CDS	261				hypothetical protein
LONINKCB_06723	CDS	354				hypothetical protein
LONINKCB_06724	CDS	189				hypothetical protein
LONINKCB_06725	CDS	201				hypothetical protein
LONINKCB_06726	CDS	159				hypothetical protein
LONINKCB_06727	CDS	258				hypothetical protein
LONINKCB_06728	CDS	234				hypothetical protein
LONINKCB_06729	CDS	249				hypothetical protein
LONINKCB_06730	CDS	222				hypothetical protein
LONINKCB_06731	CDS	270				hypothetical protein
LONINKCB_06732	CDS	177				hypothetical protein
LONINKCB_06733	CDS	303				hypothetical protein
LONINKCB_06734	CDS	258				hypothetical protein
LONINKCB_06735	CDS	285				hypothetical protein
LONINKCB_06736	CDS	291				hypothetical protein
LONINKCB_06737	CDS	282				hypothetical protein
LONINKCB_06738	CDS	336				hypothetical protein
LONINKCB_06739	CDS	246				hypothetical protein
LONINKCB_06740	CDS	288				hypothetical protein
LONINKCB_06741	CDS	201				hypothetical protein
LONINKCB_06742	CDS	258				hypothetical protein
LONINKCB_06743	CDS	303				hypothetical protein
LONINKCB_06744	CDS	261				hypothetical protein
LONINKCB_06745	CDS	222				hypothetical protein
LONINKCB_06746	CDS	342				hypothetical protein
LONINKCB_06747	CDS	192				hypothetical protein
LONINKCB_06748	CDS	195				hypothetical protein
LONINKCB_06749	CDS	189				hypothetical protein
LONINKCB_06750	CDS	243				hypothetical protein
LONINKCB_06751	CDS	252				hypothetical protein
LONINKCB_06752	CDS	192				hypothetical protein
LONINKCB_06753	CDS	306				hypothetical protein
LONINKCB_06754	CDS	234				hypothetical protein
LONINKCB_06755	CDS	174				hypothetical protein
LONINKCB_06756	tRNA	72				tRNA-His(gtg)
LONINKCB_06757	CDS	201				hypothetical protein
LONINKCB_06758	CDS	171				hypothetical protein
LONINKCB_06759	CDS	222				hypothetical protein
LONINKCB_06760	CDS	321				hypothetical protein
LONINKCB_06761	CDS	315				hypothetical protein
LONINKCB_06762	CDS	246				hypothetical protein
LONINKCB_06763	CDS	354				hypothetical protein
LONINKCB_06764	CDS	261				hypothetical protein
LONINKCB_06765	CDS	204				hypothetical protein
LONINKCB_06766	CDS	255				hypothetical protein
LONINKCB_06767	CDS	222				hypothetical protein
LONINKCB_06768	CDS	234				hypothetical protein
LONINKCB_06769	CDS	261				hypothetical protein
LONINKCB_06770	CDS	192				hypothetical protein
LONINKCB_06771	CDS	288				hypothetical protein
LONINKCB_06772	CDS	201				hypothetical protein
LONINKCB_06773	CDS	201				hypothetical protein
LONINKCB_06774	CDS	381				hypothetical protein
LONINKCB_06775	CDS	234				hypothetical protein
LONINKCB_06776	CDS	936				hypothetical protein
LONINKCB_06777	CDS	222				hypothetical protein
LONINKCB_06778	CDS	219				hypothetical protein
LONINKCB_06779	tRNA	72				tRNA-His(gtg)
LONINKCB_06780	CDS	237				hypothetical protein
LONINKCB_06781	CDS	201				hypothetical protein
LONINKCB_06782	CDS	231				hypothetical protein
LONINKCB_06783	CDS	363				hypothetical protein
LONINKCB_06784	CDS	588				hypothetical protein
LONINKCB_06785	CDS	204				hypothetical protein
LONINKCB_06786	CDS	153				hypothetical protein
LONINKCB_06787	CDS	534				hypothetical protein
LONINKCB_06788	CDS	159				hypothetical protein
LONINKCB_06789	CDS	162				hypothetical protein
LONINKCB_06790	CDS	450				hypothetical protein
LONINKCB_06791	CDS	228				hypothetical protein
LONINKCB_06792	CDS	150				hypothetical protein
LONINKCB_06793	CDS	222				hypothetical protein
LONINKCB_06794	CDS	276				hypothetical protein
LONINKCB_06795	CDS	204				hypothetical protein
LONINKCB_06796	CDS	480				hypothetical protein
LONINKCB_06797	CDS	255				hypothetical protein
LONINKCB_06798	CDS	306				hypothetical protein
LONINKCB_06799	CDS	207				hypothetical protein
LONINKCB_06800	CDS	519				hypothetical protein
LONINKCB_06801	CDS	252				hypothetical protein
LONINKCB_06802	CDS	252				hypothetical protein
LONINKCB_06803	CDS	267				hypothetical protein
LONINKCB_06804	CDS	222				hypothetical protein
LONINKCB_06805	CDS	204				hypothetical protein
LONINKCB_06806	CDS	150				hypothetical protein
LONINKCB_06807	CDS	195				hypothetical protein
LONINKCB_06808	CDS	219				hypothetical protein
LONINKCB_06809	CDS	252				hypothetical protein
LONINKCB_06810	CDS	213				hypothetical protein
LONINKCB_06811	CDS	210				hypothetical protein
LONINKCB_06812	CDS	204				hypothetical protein
LONINKCB_06813	CDS	213				hypothetical protein
LONINKCB_06814	CDS	240				hypothetical protein
LONINKCB_06815	CDS	156				hypothetical protein
LONINKCB_06816	CDS	258				hypothetical protein
LONINKCB_06817	CDS	243				hypothetical protein
LONINKCB_06818	CDS	267				hypothetical protein
LONINKCB_06819	CDS	219				hypothetical protein
LONINKCB_06820	CDS	228				hypothetical protein
LONINKCB_06821	CDS	177				hypothetical protein
LONINKCB_06822	CDS	231				hypothetical protein
LONINKCB_06823	CDS	396				hypothetical protein
LONINKCB_06824	CDS	186				hypothetical protein
LONINKCB_06825	CDS	324				hypothetical protein
LONINKCB_06826	CDS	219				hypothetical protein
LONINKCB_06827	CDS	378				hypothetical protein
LONINKCB_06828	CDS	177				hypothetical protein
LONINKCB_06829	CDS	219				hypothetical protein
LONINKCB_06830	CDS	189				hypothetical protein
LONINKCB_06831	CDS	165				hypothetical protein
LONINKCB_06832	CDS	285				hypothetical protein
LONINKCB_06833	CDS	204				hypothetical protein
LONINKCB_06834	CDS	255				hypothetical protein
LONINKCB_06835	CDS	210				hypothetical protein
LONINKCB_06836	CDS	216				hypothetical protein
LONINKCB_06837	CDS	189				hypothetical protein
LONINKCB_06838	CDS	369				hypothetical protein
LONINKCB_06839	CDS	324				hypothetical protein
LONINKCB_06840	CDS	267				hypothetical protein
LONINKCB_06841	CDS	156				hypothetical protein
LONINKCB_06842	CDS	186				hypothetical protein
LONINKCB_06843	CDS	264				hypothetical protein
LONINKCB_06844	CDS	234				hypothetical protein
LONINKCB_06845	CDS	186				hypothetical protein
LONINKCB_06846	CDS	231				hypothetical protein
LONINKCB_06847	CDS	198				hypothetical protein
LONINKCB_06848	CDS	162				hypothetical protein
LONINKCB_06849	CDS	240				hypothetical protein
LONINKCB_06850	CDS	231				hypothetical protein
LONINKCB_06851	CDS	159				hypothetical protein
LONINKCB_06852	CDS	300				hypothetical protein
LONINKCB_06853	CDS	213				hypothetical protein
LONINKCB_06854	CDS	237				hypothetical protein
LONINKCB_06855	CDS	366				hypothetical protein
LONINKCB_06856	CDS	231				hypothetical protein
LONINKCB_06857	CDS	435				hypothetical protein
LONINKCB_06858	CDS	174				hypothetical protein
LONINKCB_06859	CDS	231				hypothetical protein
LONINKCB_06860	CDS	180				hypothetical protein
LONINKCB_06861	CDS	519				hypothetical protein
LONINKCB_06862	CDS	315				hypothetical protein
LONINKCB_06863	CDS	255				hypothetical protein
LONINKCB_06864	CDS	216				hypothetical protein
LONINKCB_06865	CDS	552				hypothetical protein
LONINKCB_06866	CDS	294				hypothetical protein
LONINKCB_06867	CDS	192				hypothetical protein
LONINKCB_06868	CDS	771				hypothetical protein
LONINKCB_06869	CDS	357				hypothetical protein
LONINKCB_06870	CDS	477				hypothetical protein
LONINKCB_06871	CDS	222				hypothetical protein
LONINKCB_06872	CDS	213				hypothetical protein
LONINKCB_06873	CDS	219				hypothetical protein
LONINKCB_06874	CDS	381				hypothetical protein
LONINKCB_06875	CDS	156				hypothetical protein
LONINKCB_06876	CDS	414				hypothetical protein
LONINKCB_06877	CDS	324				hypothetical protein
LONINKCB_06878	CDS	342				hypothetical protein
LONINKCB_06879	CDS	309				hypothetical protein
LONINKCB_06880	CDS	276				hypothetical protein
LONINKCB_06881	CDS	210				hypothetical protein
LONINKCB_06882	CDS	159				hypothetical protein
LONINKCB_06883	CDS	456				hypothetical protein
LONINKCB_06884	CDS	222				hypothetical protein
LONINKCB_06885	CDS	162				hypothetical protein
LONINKCB_06886	CDS	231				hypothetical protein
LONINKCB_06887	CDS	228				hypothetical protein
LONINKCB_06888	CDS	246				hypothetical protein
LONINKCB_06889	CDS	222				hypothetical protein
LONINKCB_06890	CDS	315				hypothetical protein
LONINKCB_06891	CDS	168				hypothetical protein
LONINKCB_06892	CDS	270				hypothetical protein
LONINKCB_06893	CDS	189				hypothetical protein
LONINKCB_06894	CDS	234				hypothetical protein
LONINKCB_06895	CDS	195				hypothetical protein
LONINKCB_06896	CDS	216				hypothetical protein
LONINKCB_06897	CDS	186				hypothetical protein
LONINKCB_06898	CDS	285				hypothetical protein
LONINKCB_06899	CDS	171				hypothetical protein
LONINKCB_06900	CDS	246				hypothetical protein
LONINKCB_06901	CDS	219				hypothetical protein
LONINKCB_06902	CDS	303				hypothetical protein
LONINKCB_06903	CDS	306				hypothetical protein
LONINKCB_06904	CDS	216				hypothetical protein
LONINKCB_06905	CDS	198				hypothetical protein
LONINKCB_06906	CDS	216				hypothetical protein
LONINKCB_06907	CDS	183				hypothetical protein
LONINKCB_06908	CDS	192				hypothetical protein
LONINKCB_06909	CDS	321				hypothetical protein
LONINKCB_06910	CDS	270				hypothetical protein
LONINKCB_06911	CDS	162				hypothetical protein
LONINKCB_06912	CDS	204				hypothetical protein
LONINKCB_06913	CDS	207				hypothetical protein
LONINKCB_06914	CDS	174				hypothetical protein
LONINKCB_06915	CDS	264				hypothetical protein
LONINKCB_06916	CDS	345				hypothetical protein
LONINKCB_06917	CDS	237				hypothetical protein
LONINKCB_06918	CDS	210				hypothetical protein
LONINKCB_06919	CDS	228				hypothetical protein
LONINKCB_06920	CDS	228				hypothetical protein
LONINKCB_06921	CDS	303				hypothetical protein
LONINKCB_06922	CDS	183				hypothetical protein
LONINKCB_06923	CDS	180				hypothetical protein
LONINKCB_06924	CDS	282				hypothetical protein
LONINKCB_06925	CDS	183				hypothetical protein
LONINKCB_06926	CDS	192				hypothetical protein
LONINKCB_06927	CDS	261				hypothetical protein
LONINKCB_06928	CDS	285				hypothetical protein
LONINKCB_06929	CDS	204				hypothetical protein
LONINKCB_06930	CDS	228				hypothetical protein
LONINKCB_06931	CDS	276				hypothetical protein
LONINKCB_06932	CDS	186				hypothetical protein
LONINKCB_06933	CDS	342				hypothetical protein
LONINKCB_06934	CDS	357				hypothetical protein
LONINKCB_06935	CDS	171				hypothetical protein
LONINKCB_06936	CDS	156				hypothetical protein
LONINKCB_06937	CDS	228				hypothetical protein
LONINKCB_06938	CDS	225				hypothetical protein
LONINKCB_06939	CDS	246				hypothetical protein
LONINKCB_06940	CDS	195				hypothetical protein
LONINKCB_06941	CDS	222				hypothetical protein
LONINKCB_06942	CDS	402				hypothetical protein
LONINKCB_06943	CDS	261				hypothetical protein
LONINKCB_06944	CDS	153				hypothetical protein
LONINKCB_06945	CDS	357				hypothetical protein
LONINKCB_06946	CDS	198				hypothetical protein
LONINKCB_06947	CDS	225				hypothetical protein
LONINKCB_06948	CDS	477				hypothetical protein
LONINKCB_06949	CDS	291				hypothetical protein
LONINKCB_06950	CDS	222				hypothetical protein
LONINKCB_06951	CDS	330				hypothetical protein
LONINKCB_06952	CDS	321				hypothetical protein
LONINKCB_06953	CDS	204				hypothetical protein
LONINKCB_06954	CDS	282				hypothetical protein
LONINKCB_06955	CDS	165				hypothetical protein
LONINKCB_06956	CDS	201				hypothetical protein
LONINKCB_06957	CDS	288				hypothetical protein
LONINKCB_06958	CDS	429				hypothetical protein
LONINKCB_06959	CDS	198				hypothetical protein
LONINKCB_06960	CDS	252				hypothetical protein
LONINKCB_06961	CDS	222				hypothetical protein
LONINKCB_06962	CDS	192				hypothetical protein
LONINKCB_06963	CDS	291				hypothetical protein
LONINKCB_06964	CDS	159				hypothetical protein
LONINKCB_06965	CDS	273				hypothetical protein
LONINKCB_06966	CDS	201				hypothetical protein
LONINKCB_06967	CDS	177				hypothetical protein
LONINKCB_06968	CDS	189				hypothetical protein
LONINKCB_06969	CDS	216				hypothetical protein
LONINKCB_06970	CDS	264				hypothetical protein
LONINKCB_06971	CDS	204				hypothetical protein
LONINKCB_06972	CDS	252				hypothetical protein
LONINKCB_06973	CDS	174				hypothetical protein
LONINKCB_06974	CDS	261				hypothetical protein
LONINKCB_06975	CDS	192				hypothetical protein
LONINKCB_06976	CDS	204				hypothetical protein
LONINKCB_06977	CDS	303				hypothetical protein
LONINKCB_06978	CDS	300				hypothetical protein
LONINKCB_06979	CDS	372				hypothetical protein
LONINKCB_06980	CDS	198				hypothetical protein
LONINKCB_06981	CDS	189				hypothetical protein
LONINKCB_06982	CDS	207				hypothetical protein
LONINKCB_06983	CDS	273				hypothetical protein
LONINKCB_06984	CDS	285				hypothetical protein
LONINKCB_06985	CDS	423				hypothetical protein
LONINKCB_06986	CDS	207				hypothetical protein
LONINKCB_06987	CDS	720				hypothetical protein
LONINKCB_06988	CDS	402	cya	4.6.1.1	COG2114	Adenylate cyclase
LONINKCB_06989	CDS	360				hypothetical protein
LONINKCB_06990	CDS	1995				hypothetical protein
LONINKCB_06991	CDS	327				hypothetical protein
LONINKCB_06992	CDS	159				hypothetical protein
LONINKCB_06993	CDS	237				hypothetical protein
LONINKCB_06994	CDS	216				hypothetical protein
LONINKCB_06995	CDS	243				hypothetical protein
LONINKCB_06996	CDS	162				hypothetical protein
LONINKCB_06997	CDS	225				hypothetical protein
LONINKCB_06998	CDS	174				hypothetical protein
LONINKCB_06999	CDS	222				hypothetical protein
LONINKCB_07000	CDS	213				hypothetical protein
LONINKCB_07001	CDS	240				hypothetical protein
LONINKCB_07002	CDS	186				hypothetical protein
LONINKCB_07003	CDS	393				hypothetical protein
LONINKCB_07004	CDS	186				hypothetical protein
LONINKCB_07005	CDS	207				hypothetical protein
LONINKCB_07006	CDS	222				hypothetical protein
LONINKCB_07007	CDS	468				hypothetical protein
LONINKCB_07008	CDS	243				hypothetical protein
LONINKCB_07009	CDS	165				hypothetical protein
LONINKCB_07010	CDS	285				hypothetical protein
LONINKCB_07011	CDS	189				hypothetical protein
LONINKCB_07012	CDS	171				hypothetical protein
LONINKCB_07013	CDS	273				hypothetical protein
LONINKCB_07014	CDS	273				hypothetical protein
LONINKCB_07015	CDS	204				hypothetical protein
LONINKCB_07016	CDS	204				hypothetical protein
LONINKCB_07017	CDS	300				hypothetical protein
LONINKCB_07018	CDS	360				hypothetical protein
LONINKCB_07019	CDS	225				hypothetical protein
LONINKCB_07020	CDS	291				hypothetical protein
LONINKCB_07021	CDS	630				hypothetical protein
LONINKCB_07022	CDS	228				hypothetical protein
LONINKCB_07023	CDS	168				hypothetical protein
LONINKCB_07024	CDS	195				hypothetical protein
LONINKCB_07025	CDS	219				hypothetical protein
LONINKCB_07026	CDS	216				hypothetical protein
LONINKCB_07027	CDS	255				hypothetical protein
LONINKCB_07028	CDS	342				hypothetical protein
LONINKCB_07029	CDS	156				hypothetical protein
LONINKCB_07030	CDS	192				hypothetical protein
LONINKCB_07031	CDS	204				hypothetical protein
LONINKCB_07032	CDS	231				hypothetical protein
LONINKCB_07033	CDS	189				hypothetical protein
LONINKCB_07034	CDS	204				hypothetical protein
LONINKCB_07035	CDS	204				hypothetical protein
LONINKCB_07036	CDS	255				hypothetical protein
LONINKCB_07037	CDS	240				hypothetical protein
LONINKCB_07038	CDS	177				hypothetical protein
LONINKCB_07039	CDS	330				hypothetical protein
LONINKCB_07040	CDS	279				hypothetical protein
LONINKCB_07041	CDS	195				hypothetical protein
LONINKCB_07042	CDS	189				hypothetical protein
LONINKCB_07043	CDS	333				hypothetical protein
LONINKCB_07044	CDS	165				hypothetical protein
LONINKCB_07045	CDS	225				hypothetical protein
LONINKCB_07046	CDS	261				hypothetical protein
LONINKCB_07047	CDS	306				hypothetical protein
LONINKCB_07048	CDS	201				hypothetical protein
LONINKCB_07049	CDS	243				hypothetical protein
LONINKCB_07050	CDS	243				hypothetical protein
LONINKCB_07051	CDS	192				hypothetical protein
LONINKCB_07052	CDS	270				hypothetical protein
LONINKCB_07053	CDS	249				hypothetical protein
LONINKCB_07054	CDS	222				hypothetical protein
LONINKCB_07055	CDS	270				hypothetical protein
LONINKCB_07056	CDS	222				hypothetical protein
LONINKCB_07057	CDS	207				hypothetical protein
LONINKCB_07058	CDS	153				hypothetical protein
LONINKCB_07059	CDS	390				hypothetical protein
LONINKCB_07060	CDS	186				hypothetical protein
LONINKCB_07061	CDS	300				hypothetical protein
LONINKCB_07062	CDS	330				hypothetical protein
LONINKCB_07063	CDS	351				hypothetical protein
LONINKCB_07064	CDS	699				hypothetical protein
LONINKCB_07065	CDS	423				hypothetical protein
LONINKCB_07066	CDS	477				hypothetical protein
LONINKCB_07067	CDS	219				hypothetical protein
LONINKCB_07068	CDS	375				hypothetical protein
LONINKCB_07069	CDS	315				hypothetical protein
LONINKCB_07070	CDS	276				hypothetical protein
LONINKCB_07071	CDS	231				hypothetical protein
LONINKCB_07072	CDS	153				hypothetical protein
LONINKCB_07073	CDS	174				hypothetical protein
LONINKCB_07074	CDS	282				hypothetical protein
LONINKCB_07075	CDS	237				hypothetical protein
LONINKCB_07076	CDS	297				hypothetical protein
LONINKCB_07077	CDS	291				hypothetical protein
LONINKCB_07078	CDS	231				hypothetical protein
LONINKCB_07079	CDS	201				hypothetical protein
LONINKCB_07080	CDS	348				hypothetical protein
LONINKCB_07081	CDS	297				hypothetical protein
LONINKCB_07082	CDS	660				hypothetical protein
LONINKCB_07083	CDS	270				hypothetical protein
LONINKCB_07084	CDS	168				hypothetical protein
LONINKCB_07085	CDS	159				hypothetical protein
LONINKCB_07086	CDS	387				hypothetical protein
LONINKCB_07087	CDS	204				hypothetical protein
LONINKCB_07088	CDS	192				hypothetical protein
LONINKCB_07089	CDS	408				hypothetical protein
LONINKCB_07090	CDS	201				hypothetical protein
LONINKCB_07091	CDS	324				hypothetical protein
LONINKCB_07092	CDS	177				hypothetical protein
LONINKCB_07093	CDS	264				hypothetical protein
LONINKCB_07094	CDS	165				hypothetical protein
LONINKCB_07095	CDS	543				hypothetical protein
LONINKCB_07096	CDS	252				hypothetical protein
LONINKCB_07097	CDS	252				hypothetical protein
LONINKCB_07098	CDS	345				hypothetical protein
LONINKCB_07099	CDS	291				hypothetical protein
LONINKCB_07100	CDS	207				hypothetical protein
LONINKCB_07101	CDS	267				hypothetical protein
LONINKCB_07102	CDS	222				hypothetical protein
LONINKCB_07103	CDS	159				hypothetical protein
LONINKCB_07104	CDS	309				hypothetical protein
LONINKCB_07105	CDS	174				hypothetical protein
LONINKCB_07106	CDS	420	yhjX			putative MFS-type transporter YhjX
LONINKCB_07107	CDS	177				hypothetical protein
LONINKCB_07108	CDS	222				hypothetical protein
LONINKCB_07109	CDS	318				hypothetical protein
LONINKCB_07110	CDS	171				hypothetical protein
LONINKCB_07111	CDS	237				hypothetical protein
LONINKCB_07112	CDS	189				hypothetical protein
LONINKCB_07113	CDS	369				hypothetical protein
LONINKCB_07114	CDS	147				hypothetical protein
LONINKCB_07115	CDS	270				hypothetical protein
LONINKCB_07116	CDS	372				hypothetical protein
LONINKCB_07117	CDS	210				hypothetical protein
LONINKCB_07118	CDS	183				hypothetical protein
LONINKCB_07119	CDS	153				hypothetical protein
LONINKCB_07120	CDS	183				hypothetical protein
LONINKCB_07121	CDS	216				hypothetical protein
LONINKCB_07122	CDS	207				hypothetical protein
LONINKCB_07123	CDS	309				hypothetical protein
LONINKCB_07124	CDS	294				hypothetical protein
LONINKCB_07125	CDS	258				hypothetical protein
LONINKCB_07126	CDS	354				hypothetical protein
LONINKCB_07127	CDS	234				hypothetical protein
LONINKCB_07128	CDS	1002				hypothetical protein
LONINKCB_07129	CDS	255				hypothetical protein
LONINKCB_07130	CDS	342				hypothetical protein
LONINKCB_07131	CDS	291				hypothetical protein
LONINKCB_07132	CDS	513				hypothetical protein
LONINKCB_07133	CDS	276				hypothetical protein
LONINKCB_07134	CDS	759				hypothetical protein
LONINKCB_07135	CDS	207				hypothetical protein
LONINKCB_07136	CDS	186				hypothetical protein
LONINKCB_07137	CDS	264				hypothetical protein
LONINKCB_07138	CDS	183				hypothetical protein
LONINKCB_07139	CDS	213				hypothetical protein
LONINKCB_07140	CDS	270				hypothetical protein
LONINKCB_07141	CDS	291				hypothetical protein
LONINKCB_07142	CDS	225				hypothetical protein
LONINKCB_07143	CDS	285				hypothetical protein
LONINKCB_07144	CDS	246				hypothetical protein
LONINKCB_07145	CDS	234				hypothetical protein
LONINKCB_07146	CDS	678				hypothetical protein
LONINKCB_07147	CDS	327				hypothetical protein
LONINKCB_07148	CDS	222				hypothetical protein
LONINKCB_07149	CDS	186				hypothetical protein
LONINKCB_07150	CDS	390				hypothetical protein
LONINKCB_07151	CDS	339				hypothetical protein
LONINKCB_07152	CDS	165				hypothetical protein
LONINKCB_07153	CDS	297				hypothetical protein
LONINKCB_07154	CDS	183				hypothetical protein
LONINKCB_07155	CDS	258				hypothetical protein
LONINKCB_07156	CDS	267				hypothetical protein
LONINKCB_07157	CDS	246				hypothetical protein
LONINKCB_07158	CDS	369				hypothetical protein
LONINKCB_07159	CDS	231				hypothetical protein
LONINKCB_07160	CDS	192				hypothetical protein
LONINKCB_07161	CDS	192				hypothetical protein
LONINKCB_07162	CDS	159				hypothetical protein
LONINKCB_07163	CDS	216				hypothetical protein
LONINKCB_07164	CDS	180				hypothetical protein
LONINKCB_07165	CDS	219				hypothetical protein
LONINKCB_07166	CDS	342				hypothetical protein
LONINKCB_07167	CDS	246				hypothetical protein
LONINKCB_07168	CDS	399				hypothetical protein
LONINKCB_07169	CDS	300				hypothetical protein
LONINKCB_07170	CDS	387				hypothetical protein
LONINKCB_07171	CDS	231				hypothetical protein
LONINKCB_07172	CDS	195				hypothetical protein
LONINKCB_07173	CDS	297				hypothetical protein
LONINKCB_07174	CDS	315				hypothetical protein
LONINKCB_07175	CDS	717				hypothetical protein
LONINKCB_07176	CDS	474				hypothetical protein
LONINKCB_07177	CDS	306				hypothetical protein
LONINKCB_07178	CDS	207				hypothetical protein
LONINKCB_07179	CDS	204				hypothetical protein
LONINKCB_07180	CDS	237				hypothetical protein
LONINKCB_07181	CDS	351				hypothetical protein
LONINKCB_07182	CDS	231				hypothetical protein
LONINKCB_07183	CDS	216				hypothetical protein
LONINKCB_07184	CDS	228				hypothetical protein
LONINKCB_07185	CDS	123				hypothetical protein
LONINKCB_07186	CDS	177				hypothetical protein
LONINKCB_07187	CDS	357				hypothetical protein
LONINKCB_07188	CDS	270				hypothetical protein
LONINKCB_07189	CDS	261				hypothetical protein
LONINKCB_07190	CDS	183				hypothetical protein
LONINKCB_07191	CDS	180				hypothetical protein
LONINKCB_07192	CDS	177				hypothetical protein
LONINKCB_07193	CDS	249				hypothetical protein
LONINKCB_07194	CDS	363				hypothetical protein
LONINKCB_07195	CDS	189				hypothetical protein
LONINKCB_07196	CDS	309				hypothetical protein
LONINKCB_07197	CDS	174				hypothetical protein
LONINKCB_07198	CDS	165				hypothetical protein
LONINKCB_07199	CDS	318				hypothetical protein
LONINKCB_07200	CDS	627				hypothetical protein
LONINKCB_07201	CDS	951				hypothetical protein
LONINKCB_07202	CDS	276				hypothetical protein
LONINKCB_07203	CDS	171				hypothetical protein
LONINKCB_07204	CDS	279				hypothetical protein
LONINKCB_07205	CDS	252				hypothetical protein
LONINKCB_07206	CDS	270				hypothetical protein
LONINKCB_07207	CDS	258				hypothetical protein
LONINKCB_07208	CDS	330				hypothetical protein
LONINKCB_07209	CDS	276				hypothetical protein
LONINKCB_07210	CDS	204				hypothetical protein
LONINKCB_07211	CDS	477				hypothetical protein
LONINKCB_07212	CDS	186				hypothetical protein
LONINKCB_07213	CDS	321				hypothetical protein
LONINKCB_07214	CDS	240				hypothetical protein
LONINKCB_07215	CDS	195				hypothetical protein
LONINKCB_07216	CDS	234				hypothetical protein
LONINKCB_07217	CDS	204				hypothetical protein
LONINKCB_07218	CDS	195				hypothetical protein
LONINKCB_07219	CDS	345				hypothetical protein
LONINKCB_07220	CDS	240				hypothetical protein
LONINKCB_07221	CDS	285				hypothetical protein
LONINKCB_07222	CDS	186				hypothetical protein
LONINKCB_07223	CDS	300				hypothetical protein
LONINKCB_07224	CDS	288				hypothetical protein
LONINKCB_07225	CDS	315				hypothetical protein
LONINKCB_07226	CDS	150				hypothetical protein
LONINKCB_07227	CDS	234				hypothetical protein
LONINKCB_07228	CDS	219				hypothetical protein
LONINKCB_07229	CDS	189				hypothetical protein
LONINKCB_07230	CDS	219				hypothetical protein
LONINKCB_07231	CDS	219				hypothetical protein
LONINKCB_07232	CDS	198				hypothetical protein
LONINKCB_07233	CDS	201				hypothetical protein
LONINKCB_07234	CDS	165				hypothetical protein
LONINKCB_07235	CDS	183				hypothetical protein
LONINKCB_07236	CDS	144				hypothetical protein
LONINKCB_07237	CDS	390				hypothetical protein
LONINKCB_07238	CDS	162				hypothetical protein
LONINKCB_07239	CDS	249				hypothetical protein
LONINKCB_07240	CDS	231				hypothetical protein
LONINKCB_07241	CDS	282				hypothetical protein
LONINKCB_07242	CDS	213				hypothetical protein
LONINKCB_07243	CDS	228				hypothetical protein
LONINKCB_07244	CDS	165				hypothetical protein
LONINKCB_07245	CDS	174				hypothetical protein
LONINKCB_07246	CDS	195				hypothetical protein
LONINKCB_07247	CDS	252				hypothetical protein
LONINKCB_07248	CDS	444				hypothetical protein
LONINKCB_07249	CDS	420				hypothetical protein
LONINKCB_07250	CDS	291				hypothetical protein
LONINKCB_07251	CDS	558				hypothetical protein
LONINKCB_07252	CDS	210				hypothetical protein
LONINKCB_07253	CDS	264				hypothetical protein
LONINKCB_07254	CDS	312				hypothetical protein
LONINKCB_07255	CDS	345				hypothetical protein
LONINKCB_07256	CDS	414				hypothetical protein
LONINKCB_07257	CDS	264				hypothetical protein
LONINKCB_07258	CDS	522				hypothetical protein
LONINKCB_07259	CDS	210				hypothetical protein
LONINKCB_07260	CDS	369				hypothetical protein
LONINKCB_07261	CDS	237				hypothetical protein
LONINKCB_07262	CDS	462				hypothetical protein
LONINKCB_07263	CDS	318				hypothetical protein
LONINKCB_07264	CDS	234				hypothetical protein
LONINKCB_07265	CDS	573				hypothetical protein
LONINKCB_07266	CDS	207				hypothetical protein
LONINKCB_07267	CDS	198				hypothetical protein
LONINKCB_07268	CDS	198				hypothetical protein
LONINKCB_07269	CDS	288				hypothetical protein
LONINKCB_07270	CDS	213				hypothetical protein
LONINKCB_07271	CDS	228				hypothetical protein
LONINKCB_07272	CDS	309				hypothetical protein
LONINKCB_07273	CDS	174				hypothetical protein
LONINKCB_07274	CDS	234				hypothetical protein
LONINKCB_07275	CDS	420				hypothetical protein
LONINKCB_07276	CDS	222				hypothetical protein
LONINKCB_07277	CDS	609				hypothetical protein
LONINKCB_07278	CDS	252				hypothetical protein
LONINKCB_07279	CDS	282				hypothetical protein
LONINKCB_07280	CDS	306				hypothetical protein
LONINKCB_07281	CDS	306	tadA_1	3.5.4.33		tRNA-specific adenosine deaminase
LONINKCB_07282	CDS	159	tadA_2	3.5.4.33		tRNA-specific adenosine deaminase
LONINKCB_07283	CDS	150				hypothetical protein
LONINKCB_07284	CDS	225				hypothetical protein
LONINKCB_07285	CDS	204				hypothetical protein
LONINKCB_07286	CDS	225				hypothetical protein
LONINKCB_07287	CDS	171				hypothetical protein
LONINKCB_07288	CDS	183				hypothetical protein
LONINKCB_07289	CDS	180				hypothetical protein
LONINKCB_07290	CDS	378				hypothetical protein
LONINKCB_07291	CDS	285				hypothetical protein
LONINKCB_07292	CDS	228				hypothetical protein
LONINKCB_07293	CDS	186				hypothetical protein
LONINKCB_07294	CDS	276				hypothetical protein
LONINKCB_07295	CDS	909				hypothetical protein
LONINKCB_07296	CDS	249				hypothetical protein
LONINKCB_07297	CDS	207				hypothetical protein
LONINKCB_07298	CDS	204				hypothetical protein
LONINKCB_07299	CDS	159				hypothetical protein
LONINKCB_07300	CDS	222				hypothetical protein
LONINKCB_07301	CDS	192				hypothetical protein
LONINKCB_07302	CDS	201				hypothetical protein
LONINKCB_07303	CDS	186				hypothetical protein
LONINKCB_07304	CDS	234				hypothetical protein
LONINKCB_07305	CDS	183				hypothetical protein
LONINKCB_07306	CDS	183				hypothetical protein
LONINKCB_07307	CDS	177				hypothetical protein
LONINKCB_07308	CDS	147				hypothetical protein
LONINKCB_07309	CDS	183				hypothetical protein
LONINKCB_07310	CDS	183				hypothetical protein
LONINKCB_07311	CDS	228				hypothetical protein
LONINKCB_07312	CDS	240				hypothetical protein
LONINKCB_07313	CDS	201				hypothetical protein
LONINKCB_07314	CDS	261				hypothetical protein
LONINKCB_07315	CDS	246				hypothetical protein
LONINKCB_07316	CDS	171				hypothetical protein
LONINKCB_07317	CDS	318				hypothetical protein
LONINKCB_07318	CDS	204				hypothetical protein
LONINKCB_07319	CDS	228				hypothetical protein
LONINKCB_07320	CDS	192				hypothetical protein
LONINKCB_07321	CDS	192				hypothetical protein
LONINKCB_07322	CDS	264				hypothetical protein
LONINKCB_07323	CDS	291				hypothetical protein
LONINKCB_07324	CDS	339				hypothetical protein
LONINKCB_07325	CDS	183				hypothetical protein
LONINKCB_07326	CDS	267				hypothetical protein
LONINKCB_07327	CDS	210				hypothetical protein
LONINKCB_07328	CDS	537				hypothetical protein
LONINKCB_07329	CDS	279				hypothetical protein
LONINKCB_07330	CDS	246				hypothetical protein
LONINKCB_07331	CDS	204				hypothetical protein
LONINKCB_07332	CDS	321				hypothetical protein
LONINKCB_07333	CDS	327	tpm	2.1.1.67		Thiopurine S-methyltransferase
LONINKCB_07334	CDS	453				hypothetical protein
LONINKCB_07335	CDS	192				hypothetical protein
LONINKCB_07336	CDS	195				hypothetical protein
LONINKCB_07337	CDS	219				hypothetical protein
LONINKCB_07338	CDS	237				hypothetical protein
LONINKCB_07339	CDS	315				hypothetical protein
LONINKCB_07340	CDS	264				hypothetical protein
LONINKCB_07341	CDS	162				hypothetical protein
LONINKCB_07342	CDS	171				hypothetical protein
LONINKCB_07343	CDS	180				hypothetical protein
LONINKCB_07344	CDS	192				hypothetical protein
LONINKCB_07345	CDS	273				hypothetical protein
LONINKCB_07346	CDS	216				hypothetical protein
LONINKCB_07347	CDS	213				hypothetical protein
LONINKCB_07348	CDS	180				hypothetical protein
LONINKCB_07349	CDS	315				hypothetical protein
LONINKCB_07350	CDS	369				hypothetical protein
LONINKCB_07351	CDS	264				hypothetical protein
LONINKCB_07352	CDS	213				hypothetical protein
LONINKCB_07353	CDS	159				hypothetical protein
LONINKCB_07354	CDS	189				hypothetical protein
LONINKCB_07355	CDS	231				hypothetical protein
LONINKCB_07356	CDS	480				hypothetical protein
LONINKCB_07357	CDS	330				hypothetical protein
LONINKCB_07358	CDS	261				hypothetical protein
LONINKCB_07359	CDS	168				hypothetical protein
LONINKCB_07360	CDS	186				hypothetical protein
LONINKCB_07361	CDS	228				hypothetical protein
LONINKCB_07362	CDS	204				hypothetical protein
LONINKCB_07363	CDS	219				hypothetical protein
LONINKCB_07364	CDS	195				hypothetical protein
LONINKCB_07365	CDS	234				hypothetical protein
LONINKCB_07366	CDS	285				hypothetical protein
LONINKCB_07367	CDS	327				hypothetical protein
LONINKCB_07368	CDS	198				hypothetical protein
LONINKCB_07369	CDS	327				hypothetical protein
LONINKCB_07370	CDS	174				hypothetical protein
LONINKCB_07371	CDS	255				hypothetical protein
LONINKCB_07372	CDS	246				hypothetical protein
LONINKCB_07373	CDS	183				hypothetical protein
LONINKCB_07374	CDS	231				hypothetical protein
LONINKCB_07375	CDS	219				hypothetical protein
LONINKCB_07376	CDS	168				hypothetical protein
LONINKCB_07377	CDS	249				hypothetical protein
LONINKCB_07378	CDS	222				hypothetical protein
LONINKCB_07379	CDS	282				hypothetical protein
LONINKCB_07380	CDS	240				hypothetical protein
LONINKCB_07381	CDS	177				hypothetical protein
LONINKCB_07382	CDS	216				hypothetical protein
LONINKCB_07383	CDS	507				hypothetical protein
LONINKCB_07384	CDS	189				hypothetical protein
LONINKCB_07385	CDS	186				hypothetical protein
LONINKCB_07386	CDS	288				hypothetical protein
LONINKCB_07387	CDS	333				hypothetical protein
LONINKCB_07388	CDS	177				hypothetical protein
LONINKCB_07389	CDS	207				hypothetical protein
LONINKCB_07390	CDS	300				hypothetical protein
LONINKCB_07391	CDS	207				hypothetical protein
LONINKCB_07392	CDS	225				hypothetical protein
LONINKCB_07393	CDS	168				hypothetical protein
LONINKCB_07394	CDS	183				hypothetical protein
LONINKCB_07395	CDS	180				hypothetical protein
LONINKCB_07396	CDS	318				hypothetical protein
LONINKCB_07397	CDS	219				hypothetical protein
LONINKCB_07398	CDS	237				hypothetical protein
LONINKCB_07399	CDS	204				hypothetical protein
LONINKCB_07400	CDS	228				hypothetical protein
LONINKCB_07401	CDS	267				hypothetical protein
LONINKCB_07402	CDS	198				hypothetical protein
LONINKCB_07403	CDS	318				hypothetical protein
LONINKCB_07404	CDS	228				hypothetical protein
LONINKCB_07405	CDS	225				hypothetical protein
LONINKCB_07406	CDS	291				hypothetical protein
LONINKCB_07407	CDS	678				hypothetical protein
LONINKCB_07408	CDS	138				hypothetical protein
LONINKCB_07409	CDS	180				hypothetical protein
LONINKCB_07410	CDS	402				hypothetical protein
LONINKCB_07411	CDS	183				hypothetical protein
LONINKCB_07412	CDS	219				hypothetical protein
LONINKCB_07413	CDS	210				hypothetical protein
LONINKCB_07414	CDS	225				hypothetical protein
LONINKCB_07415	CDS	216				hypothetical protein
LONINKCB_07416	CDS	261				hypothetical protein
LONINKCB_07417	CDS	405				hypothetical protein
LONINKCB_07418	CDS	258				hypothetical protein
LONINKCB_07419	CDS	372				hypothetical protein
LONINKCB_07420	CDS	246				hypothetical protein
LONINKCB_07421	CDS	180				hypothetical protein
LONINKCB_07422	CDS	201				hypothetical protein
LONINKCB_07423	CDS	213				hypothetical protein
LONINKCB_07424	CDS	138				hypothetical protein
LONINKCB_07425	CDS	357				hypothetical protein
LONINKCB_07426	CDS	231				hypothetical protein
LONINKCB_07427	CDS	228				hypothetical protein
LONINKCB_07428	CDS	183				hypothetical protein
LONINKCB_07429	CDS	195				hypothetical protein
LONINKCB_07430	CDS	297				hypothetical protein
LONINKCB_07431	CDS	240				hypothetical protein
LONINKCB_07432	CDS	603				hypothetical protein
LONINKCB_07433	CDS	165				hypothetical protein
LONINKCB_07434	CDS	228				hypothetical protein
LONINKCB_07435	CDS	258				hypothetical protein
LONINKCB_07436	CDS	267				hypothetical protein
LONINKCB_07437	CDS	234				hypothetical protein
LONINKCB_07438	CDS	156				hypothetical protein
LONINKCB_07439	CDS	147				hypothetical protein
LONINKCB_07440	CDS	189				hypothetical protein
LONINKCB_07441	CDS	357				hypothetical protein
LONINKCB_07442	CDS	183				hypothetical protein
LONINKCB_07443	CDS	198				hypothetical protein
LONINKCB_07444	CDS	276				hypothetical protein
LONINKCB_07445	CDS	195				hypothetical protein
LONINKCB_07446	CDS	285				hypothetical protein
LONINKCB_07447	CDS	276				hypothetical protein
LONINKCB_07448	CDS	225				hypothetical protein
LONINKCB_07449	CDS	258				hypothetical protein
LONINKCB_07450	CDS	207				hypothetical protein
LONINKCB_07451	CDS	213				hypothetical protein
LONINKCB_07452	CDS	411				hypothetical protein
LONINKCB_07453	CDS	666				hypothetical protein
LONINKCB_07454	CDS	414				hypothetical protein
LONINKCB_07455	CDS	204				hypothetical protein
LONINKCB_07456	CDS	291				hypothetical protein
LONINKCB_07457	CDS	225				hypothetical protein
LONINKCB_07458	CDS	225				hypothetical protein
LONINKCB_07459	CDS	213				hypothetical protein
LONINKCB_07460	CDS	249				hypothetical protein
LONINKCB_07461	CDS	162				hypothetical protein
LONINKCB_07462	CDS	267				hypothetical protein
LONINKCB_07463	CDS	210				hypothetical protein
LONINKCB_07464	CDS	156				hypothetical protein
LONINKCB_07465	CDS	369				hypothetical protein
LONINKCB_07466	CDS	366				hypothetical protein
LONINKCB_07467	CDS	276				hypothetical protein
LONINKCB_07468	CDS	393				hypothetical protein
LONINKCB_07469	CDS	180				hypothetical protein
LONINKCB_07470	CDS	156				hypothetical protein
LONINKCB_07471	CDS	225				hypothetical protein
LONINKCB_07472	CDS	207				hypothetical protein
LONINKCB_07473	CDS	219				hypothetical protein
LONINKCB_07474	CDS	168				hypothetical protein
LONINKCB_07475	CDS	306				hypothetical protein
LONINKCB_07476	CDS	240				hypothetical protein
LONINKCB_07477	CDS	198				hypothetical protein
LONINKCB_07478	CDS	213				hypothetical protein
LONINKCB_07479	CDS	201				hypothetical protein
LONINKCB_07480	CDS	171				hypothetical protein
LONINKCB_07481	CDS	240				hypothetical protein
LONINKCB_07482	CDS	303				hypothetical protein
LONINKCB_07483	CDS	273				hypothetical protein
LONINKCB_07484	CDS	192				hypothetical protein
LONINKCB_07485	CDS	180				hypothetical protein
LONINKCB_07486	CDS	222				hypothetical protein
LONINKCB_07487	CDS	228				hypothetical protein
LONINKCB_07488	CDS	162				hypothetical protein
LONINKCB_07489	CDS	303				hypothetical protein
LONINKCB_07490	CDS	252				hypothetical protein
LONINKCB_07491	CDS	180				hypothetical protein
LONINKCB_07492	CDS	246				hypothetical protein
LONINKCB_07493	CDS	246				hypothetical protein
LONINKCB_07494	CDS	363				hypothetical protein
LONINKCB_07495	CDS	150				hypothetical protein
LONINKCB_07496	CDS	195				hypothetical protein
LONINKCB_07497	CDS	186				hypothetical protein
LONINKCB_07498	CDS	225				hypothetical protein
LONINKCB_07499	CDS	189				hypothetical protein
LONINKCB_07500	CDS	201				hypothetical protein
LONINKCB_07501	CDS	357				hypothetical protein
LONINKCB_07502	CDS	237				hypothetical protein
LONINKCB_07503	CDS	258				hypothetical protein
LONINKCB_07504	CDS	228				hypothetical protein
LONINKCB_07505	CDS	207				hypothetical protein
LONINKCB_07506	CDS	168				hypothetical protein
LONINKCB_07507	CDS	189				hypothetical protein
LONINKCB_07508	CDS	321				hypothetical protein
LONINKCB_07509	CDS	228				hypothetical protein
LONINKCB_07510	CDS	207				hypothetical protein
LONINKCB_07511	CDS	147				hypothetical protein
LONINKCB_07512	CDS	240				hypothetical protein
LONINKCB_07513	CDS	222				hypothetical protein
LONINKCB_07514	CDS	267				hypothetical protein
LONINKCB_07515	CDS	189				hypothetical protein
LONINKCB_07516	CDS	192				hypothetical protein
LONINKCB_07517	tRNA	74				tRNA-Ala(ggc)
LONINKCB_07518	CDS	189				hypothetical protein
LONINKCB_07519	CDS	480				hypothetical protein
LONINKCB_07520	CDS	291				hypothetical protein
LONINKCB_07521	CDS	201				hypothetical protein
LONINKCB_07522	CDS	222				hypothetical protein
LONINKCB_07523	CDS	192				hypothetical protein
LONINKCB_07524	CDS	384	ybhR		COG0842	putative multidrug ABC transporter permease YbhR
LONINKCB_07525	CDS	198				hypothetical protein
LONINKCB_07526	CDS	549				hypothetical protein
LONINKCB_07527	CDS	156				hypothetical protein
LONINKCB_07528	CDS	210				hypothetical protein
LONINKCB_07529	CDS	360				hypothetical protein
LONINKCB_07530	CDS	357				hypothetical protein
LONINKCB_07531	CDS	264				hypothetical protein
LONINKCB_07532	CDS	180				hypothetical protein
LONINKCB_07533	CDS	180				hypothetical protein
LONINKCB_07534	CDS	186				hypothetical protein
LONINKCB_07535	CDS	303				hypothetical protein
LONINKCB_07536	CDS	348				hypothetical protein
LONINKCB_07537	CDS	183				hypothetical protein
LONINKCB_07538	CDS	261				hypothetical protein
LONINKCB_07539	CDS	216				hypothetical protein
LONINKCB_07540	CDS	252				hypothetical protein
LONINKCB_07541	CDS	726				hypothetical protein
LONINKCB_07542	CDS	1317				hypothetical protein
LONINKCB_07543	CDS	1218				hypothetical protein
LONINKCB_07544	CDS	816				hypothetical protein
LONINKCB_07545	CDS	339				hypothetical protein
LONINKCB_07546	CDS	1230				hypothetical protein
LONINKCB_07547	CDS	177				hypothetical protein
LONINKCB_07548	CDS	207				hypothetical protein
LONINKCB_07549	CDS	417				hypothetical protein
LONINKCB_07550	CDS	216				hypothetical protein
LONINKCB_07551	CDS	159				hypothetical protein
LONINKCB_07552	CDS	174				hypothetical protein
LONINKCB_07553	CDS	222				hypothetical protein
LONINKCB_07554	CDS	222				hypothetical protein
LONINKCB_07555	CDS	159				hypothetical protein
LONINKCB_07556	CDS	234				hypothetical protein
LONINKCB_07557	CDS	228				hypothetical protein
LONINKCB_07558	CDS	225				hypothetical protein
LONINKCB_07559	CDS	237				hypothetical protein
LONINKCB_07560	CDS	354				hypothetical protein
LONINKCB_07561	CDS	246				hypothetical protein
LONINKCB_07562	CDS	255				hypothetical protein
LONINKCB_07563	CDS	276				hypothetical protein
LONINKCB_07564	CDS	198				hypothetical protein
LONINKCB_07565	CDS	204				hypothetical protein
LONINKCB_07566	CDS	375				hypothetical protein
LONINKCB_07567	CDS	189				hypothetical protein
LONINKCB_07568	CDS	321				hypothetical protein
LONINKCB_07569	CDS	225				hypothetical protein
LONINKCB_07570	CDS	465				hypothetical protein
LONINKCB_07571	CDS	360				hypothetical protein
LONINKCB_07572	CDS	180				hypothetical protein
LONINKCB_07573	CDS	261				hypothetical protein
LONINKCB_07574	CDS	282				hypothetical protein
LONINKCB_07575	CDS	150				hypothetical protein
LONINKCB_07576	CDS	273				hypothetical protein
LONINKCB_07577	CDS	234				hypothetical protein
LONINKCB_07578	CDS	276				hypothetical protein
LONINKCB_07579	CDS	198				hypothetical protein
LONINKCB_07580	CDS	303				hypothetical protein
LONINKCB_07581	CDS	204				hypothetical protein
LONINKCB_07582	CDS	186				hypothetical protein
LONINKCB_07583	CDS	348				hypothetical protein
LONINKCB_07584	CDS	909				hypothetical protein
LONINKCB_07585	CDS	1629				hypothetical protein
LONINKCB_07586	CDS	276				hypothetical protein
LONINKCB_07587	CDS	258				hypothetical protein
LONINKCB_07588	CDS	246				hypothetical protein
LONINKCB_07589	CDS	189				hypothetical protein
LONINKCB_07590	CDS	180				hypothetical protein
LONINKCB_07591	CDS	222				hypothetical protein
LONINKCB_07592	CDS	198				hypothetical protein
LONINKCB_07593	CDS	276				hypothetical protein
LONINKCB_07594	CDS	192				hypothetical protein
LONINKCB_07595	CDS	192				hypothetical protein
LONINKCB_07596	CDS	210				hypothetical protein
LONINKCB_07597	CDS	258				hypothetical protein
LONINKCB_07598	CDS	213				hypothetical protein
LONINKCB_07599	CDS	195				hypothetical protein
LONINKCB_07600	CDS	183				hypothetical protein
LONINKCB_07601	CDS	240				hypothetical protein
LONINKCB_07602	CDS	213				hypothetical protein
LONINKCB_07603	CDS	327				hypothetical protein
LONINKCB_07604	CDS	321				hypothetical protein
LONINKCB_07605	CDS	207				hypothetical protein
LONINKCB_07606	CDS	201				hypothetical protein
LONINKCB_07607	CDS	381				hypothetical protein
LONINKCB_07608	CDS	192				hypothetical protein
LONINKCB_07609	CDS	300				hypothetical protein
LONINKCB_07610	CDS	294				hypothetical protein
LONINKCB_07611	CDS	549				hypothetical protein
LONINKCB_07612	CDS	162				hypothetical protein
LONINKCB_07613	CDS	435				hypothetical protein
LONINKCB_07614	CDS	156				hypothetical protein
LONINKCB_07615	CDS	282				hypothetical protein
LONINKCB_07616	CDS	306				hypothetical protein
LONINKCB_07617	CDS	210				hypothetical protein
LONINKCB_07618	CDS	213				hypothetical protein
LONINKCB_07619	CDS	225				hypothetical protein
LONINKCB_07620	CDS	291				hypothetical protein
LONINKCB_07621	CDS	264				hypothetical protein
LONINKCB_07622	CDS	180				hypothetical protein
LONINKCB_07623	CDS	207				hypothetical protein
LONINKCB_07624	CDS	201				hypothetical protein
LONINKCB_07625	CDS	450	hlyE			Hemolysin E, chromosomal
LONINKCB_07626	CDS	318				hypothetical protein
LONINKCB_07627	CDS	168				hypothetical protein
LONINKCB_07628	CDS	180				hypothetical protein
LONINKCB_07629	CDS	219				hypothetical protein
LONINKCB_07630	CDS	210				hypothetical protein
LONINKCB_07631	CDS	273				hypothetical protein
LONINKCB_07632	CDS	282				hypothetical protein
LONINKCB_07633	CDS	591				hypothetical protein
LONINKCB_07634	CDS	201				hypothetical protein
LONINKCB_07635	CDS	270				hypothetical protein
LONINKCB_07636	CDS	228				hypothetical protein
LONINKCB_07637	CDS	282				hypothetical protein
LONINKCB_07638	CDS	192				hypothetical protein
LONINKCB_07639	CDS	285				hypothetical protein
LONINKCB_07640	CDS	180				hypothetical protein
LONINKCB_07641	CDS	285				hypothetical protein
LONINKCB_07642	CDS	669				hypothetical protein
LONINKCB_07643	CDS	297				hypothetical protein
LONINKCB_07644	CDS	285				hypothetical protein
LONINKCB_07645	CDS	570				hypothetical protein
LONINKCB_07646	CDS	354				hypothetical protein
LONINKCB_07647	CDS	243				hypothetical protein
LONINKCB_07648	CDS	255				hypothetical protein
LONINKCB_07649	CDS	249				hypothetical protein
LONINKCB_07650	CDS	192				hypothetical protein
LONINKCB_07651	CDS	174				hypothetical protein
LONINKCB_07652	CDS	222				hypothetical protein
LONINKCB_07653	CDS	234				hypothetical protein
LONINKCB_07654	CDS	177				hypothetical protein
LONINKCB_07655	CDS	570				hypothetical protein
LONINKCB_07656	CDS	231				hypothetical protein
LONINKCB_07657	CDS	216				hypothetical protein
LONINKCB_07658	CDS	288				hypothetical protein
LONINKCB_07659	CDS	225				hypothetical protein
LONINKCB_07660	CDS	180				hypothetical protein
LONINKCB_07661	CDS	372				hypothetical protein
LONINKCB_07662	CDS	189				hypothetical protein
LONINKCB_07663	CDS	258				hypothetical protein
LONINKCB_07664	CDS	183				hypothetical protein
LONINKCB_07665	CDS	216				hypothetical protein
LONINKCB_07666	CDS	255				hypothetical protein
LONINKCB_07667	CDS	204				hypothetical protein
LONINKCB_07668	CDS	177				hypothetical protein
LONINKCB_07669	CDS	195				hypothetical protein
LONINKCB_07670	CDS	255				hypothetical protein
LONINKCB_07671	CDS	198				hypothetical protein
LONINKCB_07672	CDS	189				hypothetical protein
LONINKCB_07673	CDS	309				hypothetical protein
LONINKCB_07674	CDS	204				hypothetical protein
LONINKCB_07675	CDS	213				hypothetical protein
LONINKCB_07676	CDS	198				hypothetical protein
LONINKCB_07677	CDS	297				hypothetical protein
LONINKCB_07678	CDS	249				hypothetical protein
LONINKCB_07679	CDS	234				hypothetical protein
LONINKCB_07680	CDS	264				hypothetical protein
LONINKCB_07681	CDS	198				hypothetical protein
LONINKCB_07682	CDS	351				hypothetical protein
LONINKCB_07683	CDS	294				hypothetical protein
LONINKCB_07684	CDS	207				hypothetical protein
LONINKCB_07685	CDS	219				hypothetical protein
LONINKCB_07686	CDS	171				hypothetical protein
LONINKCB_07687	CDS	234				hypothetical protein
LONINKCB_07688	CDS	210				hypothetical protein
LONINKCB_07689	CDS	300				hypothetical protein
LONINKCB_07690	CDS	204				hypothetical protein
LONINKCB_07691	CDS	273				hypothetical protein
LONINKCB_07692	CDS	183				hypothetical protein
LONINKCB_07693	CDS	267				hypothetical protein
LONINKCB_07694	CDS	279				hypothetical protein
LONINKCB_07695	CDS	252				hypothetical protein
LONINKCB_07696	CDS	189				hypothetical protein
LONINKCB_07697	CDS	207				hypothetical protein
LONINKCB_07698	CDS	357				hypothetical protein
LONINKCB_07699	CDS	177				hypothetical protein
LONINKCB_07700	CDS	213				hypothetical protein
LONINKCB_07701	CDS	207				hypothetical protein
LONINKCB_07702	CDS	177				hypothetical protein
LONINKCB_07703	CDS	225				hypothetical protein
LONINKCB_07704	CDS	243				hypothetical protein
LONINKCB_07705	CDS	252				hypothetical protein
LONINKCB_07706	CDS	219				hypothetical protein
LONINKCB_07707	CDS	1017				hypothetical protein
LONINKCB_07708	CDS	252				hypothetical protein
LONINKCB_07709	CDS	222				hypothetical protein
LONINKCB_07710	CDS	171				hypothetical protein
LONINKCB_07711	CDS	192				hypothetical protein
LONINKCB_07712	CDS	174				hypothetical protein
LONINKCB_07713	CDS	201				hypothetical protein
LONINKCB_07714	CDS	225				hypothetical protein
LONINKCB_07715	CDS	204				hypothetical protein
LONINKCB_07716	CDS	1404				hypothetical protein
LONINKCB_07717	CDS	330				hypothetical protein
LONINKCB_07718	CDS	240				hypothetical protein
LONINKCB_07719	CDS	303				hypothetical protein
LONINKCB_07720	CDS	327				hypothetical protein
LONINKCB_07721	CDS	318				hypothetical protein
LONINKCB_07722	CDS	639				hypothetical protein
LONINKCB_07723	CDS	426				hypothetical protein
LONINKCB_07724	CDS	198				hypothetical protein
LONINKCB_07725	CDS	303				hypothetical protein
LONINKCB_07726	CDS	306				hypothetical protein
LONINKCB_07727	CDS	276				hypothetical protein
LONINKCB_07728	CDS	162				hypothetical protein
LONINKCB_07729	CDS	147				hypothetical protein
LONINKCB_07730	CDS	243				hypothetical protein
LONINKCB_07731	CDS	180				hypothetical protein
LONINKCB_07732	CDS	201				hypothetical protein
LONINKCB_07733	CDS	279				hypothetical protein
LONINKCB_07734	CDS	204				hypothetical protein
LONINKCB_07735	CDS	231				hypothetical protein
LONINKCB_07736	CDS	549				hypothetical protein
LONINKCB_07737	CDS	237				hypothetical protein
LONINKCB_07738	CDS	216				hypothetical protein
LONINKCB_07739	CDS	504				hypothetical protein
LONINKCB_07740	CDS	222				hypothetical protein
LONINKCB_07741	CDS	288				hypothetical protein
LONINKCB_07742	CDS	234				hypothetical protein
LONINKCB_07743	CDS	246				hypothetical protein
LONINKCB_07744	CDS	225				hypothetical protein
LONINKCB_07745	CDS	327				hypothetical protein
LONINKCB_07746	CDS	243				hypothetical protein
LONINKCB_07747	CDS	246				hypothetical protein
LONINKCB_07748	CDS	177				hypothetical protein
LONINKCB_07749	CDS	222				hypothetical protein
LONINKCB_07750	CDS	264				hypothetical protein
LONINKCB_07751	CDS	252				hypothetical protein
LONINKCB_07752	CDS	279				hypothetical protein
LONINKCB_07753	CDS	228				hypothetical protein
LONINKCB_07754	CDS	240				hypothetical protein
LONINKCB_07755	CDS	222				hypothetical protein
LONINKCB_07756	CDS	234				hypothetical protein
LONINKCB_07757	CDS	177				hypothetical protein
LONINKCB_07758	CDS	198				hypothetical protein
LONINKCB_07759	CDS	1341		3.2.1.131	COG3661	Extracellular xylan exo-alpha-(1->2)-glucuronosidase
LONINKCB_07760	CDS	513		3.2.1.131	COG3661	Extracellular xylan exo-alpha-(1->2)-glucuronosidase
LONINKCB_07761	CDS	354		3.2.1.131	COG3661	Extracellular xylan exo-alpha-(1->2)-glucuronosidase
LONINKCB_07762	CDS	225				hypothetical protein
LONINKCB_07763	CDS	192				hypothetical protein
LONINKCB_07764	CDS	171				hypothetical protein
LONINKCB_07765	CDS	183				hypothetical protein
LONINKCB_07766	CDS	381				hypothetical protein
LONINKCB_07767	CDS	258				hypothetical protein
LONINKCB_07768	CDS	240				hypothetical protein
LONINKCB_07769	CDS	186				hypothetical protein
LONINKCB_07770	CDS	264				hypothetical protein
LONINKCB_07771	CDS	195				hypothetical protein
LONINKCB_07772	CDS	195				hypothetical protein
LONINKCB_07773	CDS	339				hypothetical protein
LONINKCB_07774	CDS	453				hypothetical protein
LONINKCB_07775	CDS	198				hypothetical protein
LONINKCB_07776	CDS	480				hypothetical protein
LONINKCB_07777	CDS	246				hypothetical protein
LONINKCB_07778	CDS	174				hypothetical protein
LONINKCB_07779	CDS	225				hypothetical protein
LONINKCB_07780	CDS	192				hypothetical protein
LONINKCB_07781	CDS	228				hypothetical protein
LONINKCB_07782	CDS	417				hypothetical protein
LONINKCB_07783	CDS	291				hypothetical protein
LONINKCB_07784	CDS	189				hypothetical protein
LONINKCB_07785	CDS	309				hypothetical protein
LONINKCB_07786	CDS	273				hypothetical protein
LONINKCB_07787	CDS	327				hypothetical protein
LONINKCB_07788	CDS	423				hypothetical protein
LONINKCB_07789	CDS	261				hypothetical protein
LONINKCB_07790	CDS	198				hypothetical protein
LONINKCB_07791	CDS	216				hypothetical protein
LONINKCB_07792	CDS	783				hypothetical protein
LONINKCB_07793	CDS	264				hypothetical protein
LONINKCB_07794	CDS	399				hypothetical protein
LONINKCB_07795	CDS	186				hypothetical protein
LONINKCB_07796	CDS	234				hypothetical protein
LONINKCB_07797	CDS	216				hypothetical protein
LONINKCB_07798	CDS	252				hypothetical protein
LONINKCB_07799	CDS	672				hypothetical protein
LONINKCB_07800	CDS	912				hypothetical protein
LONINKCB_07801	CDS	381				hypothetical protein
LONINKCB_07802	CDS	186				hypothetical protein
LONINKCB_07803	CDS	243				hypothetical protein
LONINKCB_07804	CDS	258				hypothetical protein
LONINKCB_07805	CDS	240				hypothetical protein
LONINKCB_07806	CDS	327				hypothetical protein
LONINKCB_07807	CDS	216				hypothetical protein
LONINKCB_07808	CDS	270				hypothetical protein
LONINKCB_07809	CDS	204				hypothetical protein
LONINKCB_07810	CDS	183				hypothetical protein
LONINKCB_07811	CDS	237				hypothetical protein
LONINKCB_07812	CDS	207				hypothetical protein
LONINKCB_07813	CDS	186				hypothetical protein
LONINKCB_07814	CDS	180				hypothetical protein
LONINKCB_07815	CDS	216				hypothetical protein
LONINKCB_07816	CDS	165				hypothetical protein
LONINKCB_07817	CDS	237				hypothetical protein
LONINKCB_07818	CDS	189				hypothetical protein
LONINKCB_07819	CDS	255				hypothetical protein
LONINKCB_07820	CDS	345				hypothetical protein
LONINKCB_07821	CDS	213				hypothetical protein
LONINKCB_07822	CDS	216				hypothetical protein
LONINKCB_07823	CDS	510				hypothetical protein
LONINKCB_07824	CDS	345				hypothetical protein
LONINKCB_07825	CDS	237				hypothetical protein
LONINKCB_07826	CDS	507				hypothetical protein
LONINKCB_07827	CDS	243				hypothetical protein
LONINKCB_07828	CDS	216				hypothetical protein
LONINKCB_07829	CDS	264				hypothetical protein
LONINKCB_07830	CDS	225				hypothetical protein
LONINKCB_07831	CDS	378				hypothetical protein
LONINKCB_07832	CDS	207				hypothetical protein
LONINKCB_07833	CDS	222				hypothetical protein
LONINKCB_07834	CDS	249				hypothetical protein
LONINKCB_07835	CDS	294				hypothetical protein
LONINKCB_07836	CDS	234				hypothetical protein
LONINKCB_07837	CDS	183				hypothetical protein
LONINKCB_07838	CDS	156				hypothetical protein
LONINKCB_07839	CDS	201				hypothetical protein
LONINKCB_07840	CDS	225				hypothetical protein
LONINKCB_07841	CDS	174				hypothetical protein
LONINKCB_07842	CDS	258				hypothetical protein
LONINKCB_07843	CDS	192				hypothetical protein
LONINKCB_07844	CDS	153				hypothetical protein
LONINKCB_07845	CDS	330				hypothetical protein
LONINKCB_07846	CDS	264				hypothetical protein
LONINKCB_07847	CDS	189				hypothetical protein
LONINKCB_07848	CDS	300				hypothetical protein
LONINKCB_07849	CDS	396				hypothetical protein
LONINKCB_07850	CDS	180				hypothetical protein
LONINKCB_07851	CDS	177				hypothetical protein
LONINKCB_07852	CDS	222				hypothetical protein
LONINKCB_07853	CDS	234				hypothetical protein
LONINKCB_07854	CDS	309				hypothetical protein
LONINKCB_07855	CDS	297				hypothetical protein
LONINKCB_07856	CDS	246				hypothetical protein
LONINKCB_07857	CDS	489				hypothetical protein
LONINKCB_07858	CDS	351				hypothetical protein
LONINKCB_07859	CDS	234				hypothetical protein
LONINKCB_07860	CDS	411				hypothetical protein
LONINKCB_07861	CDS	195				hypothetical protein
LONINKCB_07862	CDS	207				hypothetical protein
LONINKCB_07863	CDS	279				hypothetical protein
LONINKCB_07864	CDS	225				hypothetical protein
LONINKCB_07865	CDS	291				hypothetical protein
LONINKCB_07866	CDS	639				hypothetical protein
LONINKCB_07867	CDS	279				hypothetical protein
LONINKCB_07868	CDS	225				hypothetical protein
LONINKCB_07869	CDS	165				hypothetical protein
LONINKCB_07870	CDS	261				hypothetical protein
LONINKCB_07871	CDS	516				hypothetical protein
LONINKCB_07872	CDS	381				hypothetical protein
LONINKCB_07873	CDS	321				hypothetical protein
LONINKCB_07874	CDS	441				hypothetical protein
LONINKCB_07875	CDS	174				hypothetical protein
LONINKCB_07876	CDS	213				hypothetical protein
LONINKCB_07877	CDS	234				hypothetical protein
LONINKCB_07878	CDS	135				hypothetical protein
LONINKCB_07879	CDS	255				hypothetical protein
LONINKCB_07880	CDS	690				hypothetical protein
LONINKCB_07881	CDS	303				hypothetical protein
LONINKCB_07882	CDS	273				hypothetical protein
LONINKCB_07883	CDS	360				hypothetical protein
LONINKCB_07884	CDS	450				hypothetical protein
LONINKCB_07885	CDS	264				hypothetical protein
LONINKCB_07886	CDS	198				hypothetical protein
LONINKCB_07887	CDS	198				hypothetical protein
LONINKCB_07888	CDS	219				hypothetical protein
LONINKCB_07889	CDS	225				hypothetical protein
LONINKCB_07890	CDS	153				hypothetical protein
LONINKCB_07891	CDS	183				hypothetical protein
LONINKCB_07892	CDS	411				hypothetical protein
LONINKCB_07893	CDS	216				hypothetical protein
LONINKCB_07894	CDS	303				hypothetical protein
LONINKCB_07895	CDS	198				hypothetical protein
LONINKCB_07896	CDS	303				hypothetical protein
LONINKCB_07897	CDS	198				hypothetical protein
LONINKCB_07898	CDS	222				hypothetical protein
LONINKCB_07899	CDS	339				hypothetical protein
LONINKCB_07900	CDS	303				hypothetical protein
LONINKCB_07901	CDS	618				hypothetical protein
LONINKCB_07902	CDS	504	drrA_1	3.6.3.-	COG1131	Doxorubicin resistance ATP-binding protein DrrA
LONINKCB_07903	CDS	291	drrA_2	3.6.3.-		Daunorubicin/doxorubicin resistance ATP-binding protein DrrA
LONINKCB_07904	CDS	366				hypothetical protein
LONINKCB_07905	CDS	315				hypothetical protein
LONINKCB_07906	CDS	369				hypothetical protein
LONINKCB_07907	CDS	588				hypothetical protein
LONINKCB_07908	CDS	288				hypothetical protein
LONINKCB_07909	CDS	303				hypothetical protein
LONINKCB_07910	CDS	303				hypothetical protein
LONINKCB_07911	CDS	162				hypothetical protein
LONINKCB_07912	CDS	273				hypothetical protein
LONINKCB_07913	CDS	243				hypothetical protein
LONINKCB_07914	CDS	150				hypothetical protein
LONINKCB_07915	CDS	204				hypothetical protein
LONINKCB_07916	CDS	255				hypothetical protein
LONINKCB_07917	CDS	258				hypothetical protein
LONINKCB_07918	CDS	234				hypothetical protein
LONINKCB_07919	CDS	195				hypothetical protein
LONINKCB_07920	CDS	153				hypothetical protein
LONINKCB_07921	CDS	438				hypothetical protein
LONINKCB_07922	CDS	213				hypothetical protein
LONINKCB_07923	CDS	228				hypothetical protein
LONINKCB_07924	CDS	210				hypothetical protein
LONINKCB_07925	CDS	210				hypothetical protein
LONINKCB_07926	CDS	267				hypothetical protein
LONINKCB_07927	CDS	213				hypothetical protein
LONINKCB_07928	CDS	480				hypothetical protein
LONINKCB_07929	CDS	270				hypothetical protein
LONINKCB_07930	CDS	441				hypothetical protein
LONINKCB_07931	CDS	387				hypothetical protein
LONINKCB_07932	CDS	177				hypothetical protein
LONINKCB_07933	CDS	237				hypothetical protein
LONINKCB_07934	CDS	255				hypothetical protein
LONINKCB_07935	CDS	228				hypothetical protein
LONINKCB_07936	CDS	294				hypothetical protein
LONINKCB_07937	CDS	234				hypothetical protein
LONINKCB_07938	CDS	207				hypothetical protein
LONINKCB_07939	CDS	465				hypothetical protein
LONINKCB_07940	CDS	168				hypothetical protein
LONINKCB_07941	CDS	171				hypothetical protein
LONINKCB_07942	CDS	192				hypothetical protein
LONINKCB_07943	CDS	186				hypothetical protein
LONINKCB_07944	CDS	207				hypothetical protein
LONINKCB_07945	CDS	300				hypothetical protein
LONINKCB_07946	CDS	408				hypothetical protein
LONINKCB_07947	CDS	168				hypothetical protein
LONINKCB_07948	CDS	276				hypothetical protein
LONINKCB_07949	CDS	258				hypothetical protein
LONINKCB_07950	CDS	204				hypothetical protein
LONINKCB_07951	CDS	345				hypothetical protein
LONINKCB_07952	CDS	189				hypothetical protein
LONINKCB_07953	CDS	270				hypothetical protein
LONINKCB_07954	CDS	246				hypothetical protein
LONINKCB_07955	CDS	204				hypothetical protein
LONINKCB_07956	CDS	297				hypothetical protein
LONINKCB_07957	CDS	159				hypothetical protein
LONINKCB_07958	CDS	1353				hypothetical protein
LONINKCB_07959	CDS	384				hypothetical protein
LONINKCB_07960	CDS	789				hypothetical protein
LONINKCB_07961	CDS	222				hypothetical protein
LONINKCB_07962	CDS	477				hypothetical protein
LONINKCB_07963	CDS	165				hypothetical protein
LONINKCB_07964	CDS	315				hypothetical protein
LONINKCB_07965	CDS	264				hypothetical protein
LONINKCB_07966	CDS	201				hypothetical protein
LONINKCB_07967	CDS	171				hypothetical protein
LONINKCB_07968	CDS	264				hypothetical protein
LONINKCB_07969	CDS	213				hypothetical protein
LONINKCB_07970	CDS	225				hypothetical protein
LONINKCB_07971	CDS	216				hypothetical protein
LONINKCB_07972	CDS	174				hypothetical protein
LONINKCB_07973	CDS	198				hypothetical protein
LONINKCB_07974	CDS	192				hypothetical protein
LONINKCB_07975	CDS	189				hypothetical protein
LONINKCB_07976	CDS	252				hypothetical protein
LONINKCB_07977	CDS	294				hypothetical protein
LONINKCB_07978	CDS	198				hypothetical protein
LONINKCB_07979	CDS	207				hypothetical protein
LONINKCB_07980	CDS	237				hypothetical protein
LONINKCB_07981	CDS	159				hypothetical protein
LONINKCB_07982	CDS	255				hypothetical protein
LONINKCB_07983	CDS	162				hypothetical protein
LONINKCB_07984	CDS	279				hypothetical protein
LONINKCB_07985	CDS	258				hypothetical protein
LONINKCB_07986	CDS	348				hypothetical protein
LONINKCB_07987	CDS	183				hypothetical protein
LONINKCB_07988	CDS	258				hypothetical protein
LONINKCB_07989	CDS	264				hypothetical protein
LONINKCB_07990	CDS	219				hypothetical protein
LONINKCB_07991	CDS	216				hypothetical protein
LONINKCB_07992	CDS	252				hypothetical protein
LONINKCB_07993	CDS	198				hypothetical protein
LONINKCB_07994	CDS	195				hypothetical protein
LONINKCB_07995	CDS	201				hypothetical protein
LONINKCB_07996	CDS	228				hypothetical protein
LONINKCB_07997	CDS	444				hypothetical protein
LONINKCB_07998	CDS	216				hypothetical protein
LONINKCB_07999	CDS	150				hypothetical protein
LONINKCB_08000	CDS	162				hypothetical protein
LONINKCB_08001	CDS	231				hypothetical protein
LONINKCB_08002	CDS	228				hypothetical protein
LONINKCB_08003	CDS	303				hypothetical protein
LONINKCB_08004	CDS	189				hypothetical protein
LONINKCB_08005	CDS	246				hypothetical protein
LONINKCB_08006	CDS	189				hypothetical protein
LONINKCB_08007	CDS	324				hypothetical protein
LONINKCB_08008	CDS	204				hypothetical protein
LONINKCB_08009	CDS	309				hypothetical protein
LONINKCB_08010	CDS	168				hypothetical protein
LONINKCB_08011	CDS	324				hypothetical protein
LONINKCB_08012	CDS	171				hypothetical protein
LONINKCB_08013	CDS	345				hypothetical protein
LONINKCB_08014	CDS	306				hypothetical protein
LONINKCB_08015	CDS	210				hypothetical protein
LONINKCB_08016	CDS	345				hypothetical protein
LONINKCB_08017	CDS	471				hypothetical protein
LONINKCB_08018	CDS	204				hypothetical protein
LONINKCB_08019	CDS	180				hypothetical protein
LONINKCB_08020	CDS	282				hypothetical protein
LONINKCB_08021	CDS	471				hypothetical protein
LONINKCB_08022	CDS	213				hypothetical protein
LONINKCB_08023	CDS	252				hypothetical protein
LONINKCB_08024	CDS	660				hypothetical protein
LONINKCB_08025	CDS	468				hypothetical protein
LONINKCB_08026	CDS	180				hypothetical protein
LONINKCB_08027	CDS	306				hypothetical protein
LONINKCB_08028	CDS	216				hypothetical protein
LONINKCB_08029	CDS	522				hypothetical protein
LONINKCB_08030	CDS	456				hypothetical protein
LONINKCB_08031	CDS	216				hypothetical protein
LONINKCB_08032	CDS	351				hypothetical protein
LONINKCB_08033	CDS	453				hypothetical protein
LONINKCB_08034	CDS	204				hypothetical protein
LONINKCB_08035	CDS	345				hypothetical protein
LONINKCB_08036	CDS	417				hypothetical protein
LONINKCB_08037	CDS	261				hypothetical protein
LONINKCB_08038	CDS	213				hypothetical protein
LONINKCB_08039	CDS	207				hypothetical protein
LONINKCB_08040	CDS	216				hypothetical protein
LONINKCB_08041	CDS	705				hypothetical protein
LONINKCB_08042	CDS	156				hypothetical protein
LONINKCB_08043	CDS	183				hypothetical protein
LONINKCB_08044	CDS	216				hypothetical protein
LONINKCB_08045	CDS	189				hypothetical protein
LONINKCB_08046	CDS	336				hypothetical protein
LONINKCB_08047	CDS	258				hypothetical protein
LONINKCB_08048	CDS	213				hypothetical protein
LONINKCB_08049	CDS	216				hypothetical protein
LONINKCB_08050	CDS	300				hypothetical protein
LONINKCB_08051	CDS	297				hypothetical protein
LONINKCB_08052	CDS	225				hypothetical protein
LONINKCB_08053	CDS	687				hypothetical protein
LONINKCB_08054	CDS	192				hypothetical protein
LONINKCB_08055	CDS	378				hypothetical protein
LONINKCB_08056	CDS	357				hypothetical protein
LONINKCB_08057	CDS	294				hypothetical protein
LONINKCB_08058	CDS	387				hypothetical protein
LONINKCB_08059	CDS	426				hypothetical protein
LONINKCB_08060	CDS	639				hypothetical protein
LONINKCB_08061	CDS	321				hypothetical protein
LONINKCB_08062	CDS	192				hypothetical protein
LONINKCB_08063	CDS	378				hypothetical protein
LONINKCB_08064	CDS	240				hypothetical protein
LONINKCB_08065	CDS	267				hypothetical protein
LONINKCB_08066	CDS	210				hypothetical protein
LONINKCB_08067	CDS	237				hypothetical protein
LONINKCB_08068	CDS	186				hypothetical protein
LONINKCB_08069	CDS	273				hypothetical protein
LONINKCB_08070	CDS	216				hypothetical protein
LONINKCB_08071	CDS	162				hypothetical protein
LONINKCB_08072	CDS	237				hypothetical protein
LONINKCB_08073	CDS	222				hypothetical protein
LONINKCB_08074	CDS	279				hypothetical protein
LONINKCB_08075	CDS	570				hypothetical protein
LONINKCB_08076	CDS	402				hypothetical protein
LONINKCB_08077	CDS	405				hypothetical protein
LONINKCB_08078	CDS	1077				hypothetical protein
LONINKCB_08079	CDS	225				hypothetical protein
LONINKCB_08080	CDS	318				hypothetical protein
LONINKCB_08081	CDS	333				hypothetical protein
LONINKCB_08082	CDS	327				hypothetical protein
LONINKCB_08083	CDS	309				hypothetical protein
LONINKCB_08084	CDS	246				hypothetical protein
LONINKCB_08085	CDS	276				hypothetical protein
LONINKCB_08086	CDS	213				hypothetical protein
LONINKCB_08087	CDS	255				hypothetical protein
LONINKCB_08088	CDS	210				hypothetical protein
LONINKCB_08089	CDS	219				hypothetical protein
LONINKCB_08090	CDS	270				hypothetical protein
LONINKCB_08091	CDS	231				hypothetical protein
LONINKCB_08092	CDS	162				hypothetical protein
LONINKCB_08093	CDS	249				hypothetical protein
LONINKCB_08094	CDS	174				hypothetical protein
LONINKCB_08095	CDS	162				hypothetical protein
LONINKCB_08096	CDS	315				hypothetical protein
LONINKCB_08097	CDS	255				hypothetical protein
LONINKCB_08098	CDS	210				hypothetical protein
LONINKCB_08099	CDS	495				hypothetical protein
LONINKCB_08100	CDS	189				hypothetical protein
LONINKCB_08101	CDS	180				hypothetical protein
LONINKCB_08102	CDS	288				hypothetical protein
LONINKCB_08103	CDS	402				hypothetical protein
LONINKCB_08104	CDS	531				hypothetical protein
LONINKCB_08105	CDS	360				hypothetical protein
LONINKCB_08106	CDS	264				hypothetical protein
LONINKCB_08107	CDS	189				hypothetical protein
LONINKCB_08108	CDS	270				hypothetical protein
LONINKCB_08109	CDS	198				hypothetical protein
LONINKCB_08110	CDS	177				hypothetical protein
LONINKCB_08111	CDS	513				hypothetical protein
LONINKCB_08112	CDS	1491				hypothetical protein
LONINKCB_08113	CDS	840				hypothetical protein
LONINKCB_08114	CDS	165				hypothetical protein
LONINKCB_08115	CDS	231				hypothetical protein
LONINKCB_08116	CDS	222				hypothetical protein
LONINKCB_08117	CDS	351				hypothetical protein
LONINKCB_08118	CDS	192				hypothetical protein
LONINKCB_08119	CDS	165				hypothetical protein
LONINKCB_08120	CDS	210				hypothetical protein
LONINKCB_08121	CDS	171				hypothetical protein
LONINKCB_08122	CDS	264				hypothetical protein
LONINKCB_08123	CDS	336				hypothetical protein
LONINKCB_08124	CDS	186				hypothetical protein
LONINKCB_08125	CDS	210				hypothetical protein
LONINKCB_08126	CDS	240				hypothetical protein
LONINKCB_08127	CDS	261				hypothetical protein
LONINKCB_08128	CDS	231				hypothetical protein
LONINKCB_08129	CDS	162				hypothetical protein
LONINKCB_08130	CDS	177				hypothetical protein
LONINKCB_08131	CDS	267				hypothetical protein
LONINKCB_08132	CDS	285				hypothetical protein
LONINKCB_08133	CDS	459				hypothetical protein
LONINKCB_08134	CDS	210				hypothetical protein
LONINKCB_08135	CDS	315				hypothetical protein
LONINKCB_08136	CDS	174				hypothetical protein
LONINKCB_08137	CDS	432				hypothetical protein
LONINKCB_08138	CDS	312				hypothetical protein
LONINKCB_08139	CDS	474				hypothetical protein
LONINKCB_08140	CDS	198				hypothetical protein
LONINKCB_08141	CDS	264				hypothetical protein
LONINKCB_08142	CDS	171				hypothetical protein
LONINKCB_08143	CDS	219				hypothetical protein
LONINKCB_08144	CDS	201				hypothetical protein
LONINKCB_08145	CDS	219				hypothetical protein
LONINKCB_08146	CDS	216				hypothetical protein
LONINKCB_08147	CDS	261				hypothetical protein
LONINKCB_08148	CDS	165				hypothetical protein
LONINKCB_08149	CDS	333				hypothetical protein
LONINKCB_08150	CDS	306				hypothetical protein
LONINKCB_08151	CDS	183				hypothetical protein
LONINKCB_08152	CDS	231				hypothetical protein
LONINKCB_08153	CDS	237				hypothetical protein
LONINKCB_08154	CDS	219				hypothetical protein
LONINKCB_08155	CDS	231				hypothetical protein
LONINKCB_08156	CDS	216				hypothetical protein
LONINKCB_08157	CDS	192				hypothetical protein
LONINKCB_08158	CDS	228				hypothetical protein
LONINKCB_08159	CDS	324				hypothetical protein
LONINKCB_08160	CDS	243				hypothetical protein
LONINKCB_08161	CDS	213				hypothetical protein
LONINKCB_08162	CDS	249				hypothetical protein
LONINKCB_08163	CDS	177				hypothetical protein
LONINKCB_08164	CDS	225				hypothetical protein
LONINKCB_08165	CDS	216				hypothetical protein
LONINKCB_08166	CDS	204				hypothetical protein
LONINKCB_08167	CDS	252				hypothetical protein
LONINKCB_08168	CDS	177				hypothetical protein
LONINKCB_08169	CDS	246				hypothetical protein
LONINKCB_08170	CDS	225				hypothetical protein
LONINKCB_08171	CDS	519				hypothetical protein
LONINKCB_08172	CDS	219				hypothetical protein
LONINKCB_08173	CDS	171				hypothetical protein
LONINKCB_08174	CDS	279				hypothetical protein
LONINKCB_08175	CDS	327				hypothetical protein
LONINKCB_08176	CDS	231				hypothetical protein
LONINKCB_08177	CDS	318				hypothetical protein
LONINKCB_08178	CDS	201				hypothetical protein
LONINKCB_08179	CDS	252				hypothetical protein
LONINKCB_08180	CDS	192				hypothetical protein
LONINKCB_08181	CDS	234				hypothetical protein
LONINKCB_08182	CDS	180				hypothetical protein
LONINKCB_08183	CDS	180				hypothetical protein
LONINKCB_08184	CDS	207				hypothetical protein
LONINKCB_08185	CDS	258				hypothetical protein
LONINKCB_08186	CDS	186				hypothetical protein
LONINKCB_08187	CDS	243				hypothetical protein
LONINKCB_08188	CDS	249				hypothetical protein
LONINKCB_08189	CDS	246				hypothetical protein
LONINKCB_08190	CDS	264				hypothetical protein
LONINKCB_08191	CDS	228				hypothetical protein
LONINKCB_08192	CDS	261				hypothetical protein
LONINKCB_08193	CDS	240				hypothetical protein
LONINKCB_08194	CDS	222				hypothetical protein
LONINKCB_08195	CDS	240				hypothetical protein
LONINKCB_08196	CDS	207				hypothetical protein
LONINKCB_08197	CDS	207				hypothetical protein
LONINKCB_08198	CDS	294				hypothetical protein
LONINKCB_08199	CDS	231				hypothetical protein
LONINKCB_08200	CDS	237				hypothetical protein
LONINKCB_08201	CDS	177				hypothetical protein
LONINKCB_08202	CDS	180				hypothetical protein
LONINKCB_08203	CDS	372				hypothetical protein
LONINKCB_08204	CDS	183				hypothetical protein
LONINKCB_08205	CDS	246				hypothetical protein
LONINKCB_08206	CDS	231				hypothetical protein
LONINKCB_08207	CDS	282				hypothetical protein
LONINKCB_08208	CDS	276				hypothetical protein
LONINKCB_08209	CDS	420				hypothetical protein
LONINKCB_08210	CDS	204				hypothetical protein
LONINKCB_08211	CDS	216				hypothetical protein
LONINKCB_08212	CDS	207				hypothetical protein
LONINKCB_08213	CDS	234				hypothetical protein
LONINKCB_08214	CDS	225				hypothetical protein
LONINKCB_08215	CDS	267				hypothetical protein
LONINKCB_08216	CDS	870				hypothetical protein
LONINKCB_08217	CDS	450				hypothetical protein
LONINKCB_08218	CDS	207				hypothetical protein
LONINKCB_08219	CDS	261				hypothetical protein
LONINKCB_08220	CDS	186				hypothetical protein
LONINKCB_08221	CDS	177				hypothetical protein
LONINKCB_08222	CDS	201				hypothetical protein
LONINKCB_08223	CDS	198				hypothetical protein
LONINKCB_08224	CDS	255				hypothetical protein
LONINKCB_08225	CDS	279				hypothetical protein
LONINKCB_08226	CDS	234				hypothetical protein
LONINKCB_08227	CDS	252				hypothetical protein
LONINKCB_08228	CDS	357				hypothetical protein
LONINKCB_08229	CDS	405				hypothetical protein
LONINKCB_08230	CDS	315				hypothetical protein
LONINKCB_08231	CDS	243				hypothetical protein
LONINKCB_08232	CDS	162				hypothetical protein
LONINKCB_08233	CDS	252				hypothetical protein
LONINKCB_08234	CDS	261				hypothetical protein
LONINKCB_08235	CDS	315				hypothetical protein
LONINKCB_08236	CDS	336				hypothetical protein
LONINKCB_08237	CDS	162				hypothetical protein
LONINKCB_08238	CDS	183				hypothetical protein
LONINKCB_08239	CDS	273				hypothetical protein
LONINKCB_08240	CDS	162				hypothetical protein
LONINKCB_08241	CDS	315				hypothetical protein
LONINKCB_08242	CDS	234				hypothetical protein
LONINKCB_08243	CDS	183				hypothetical protein
LONINKCB_08244	CDS	240				hypothetical protein
LONINKCB_08245	CDS	231				hypothetical protein
LONINKCB_08246	CDS	225				hypothetical protein
LONINKCB_08247	CDS	378				hypothetical protein
LONINKCB_08248	CDS	282				hypothetical protein
LONINKCB_08249	CDS	186				hypothetical protein
LONINKCB_08250	CDS	213				hypothetical protein
LONINKCB_08251	CDS	225				hypothetical protein
LONINKCB_08252	CDS	276				hypothetical protein
LONINKCB_08253	CDS	357				hypothetical protein
LONINKCB_08254	CDS	225				hypothetical protein
LONINKCB_08255	CDS	192				hypothetical protein
LONINKCB_08256	CDS	192				hypothetical protein
LONINKCB_08257	CDS	240				hypothetical protein
LONINKCB_08258	CDS	186				hypothetical protein
LONINKCB_08259	CDS	288				hypothetical protein
LONINKCB_08260	CDS	261				hypothetical protein
LONINKCB_08261	CDS	237				hypothetical protein
LONINKCB_08262	CDS	519				hypothetical protein
LONINKCB_08263	CDS	306				hypothetical protein
LONINKCB_08264	CDS	216				hypothetical protein
LONINKCB_08265	CDS	207				hypothetical protein
LONINKCB_08266	CDS	306				hypothetical protein
LONINKCB_08267	CDS	204				hypothetical protein
LONINKCB_08268	CDS	153				hypothetical protein
LONINKCB_08269	CDS	255				hypothetical protein
LONINKCB_08270	CDS	210				hypothetical protein
LONINKCB_08271	CDS	357				hypothetical protein
LONINKCB_08272	CDS	477				hypothetical protein
LONINKCB_08273	CDS	432				hypothetical protein
LONINKCB_08274	CDS	354				hypothetical protein
LONINKCB_08275	CDS	195				hypothetical protein
LONINKCB_08276	CDS	234				hypothetical protein
LONINKCB_08277	CDS	237				hypothetical protein
LONINKCB_08278	CDS	222				hypothetical protein
LONINKCB_08279	CDS	201				hypothetical protein
LONINKCB_08280	CDS	378				hypothetical protein
LONINKCB_08281	CDS	288				hypothetical protein
LONINKCB_08282	CDS	333				hypothetical protein
LONINKCB_08283	CDS	222				hypothetical protein
LONINKCB_08284	CDS	306				hypothetical protein
LONINKCB_08285	CDS	306				hypothetical protein
LONINKCB_08286	CDS	204				hypothetical protein
LONINKCB_08287	CDS	201				hypothetical protein
LONINKCB_08288	CDS	165				hypothetical protein
LONINKCB_08289	CDS	279				hypothetical protein
LONINKCB_08290	CDS	192				hypothetical protein
LONINKCB_08291	CDS	189				hypothetical protein
LONINKCB_08292	CDS	231				hypothetical protein
LONINKCB_08293	CDS	174				hypothetical protein
LONINKCB_08294	CDS	201				hypothetical protein
LONINKCB_08295	CDS	183				hypothetical protein
LONINKCB_08296	CDS	201				hypothetical protein
LONINKCB_08297	CDS	222				hypothetical protein
LONINKCB_08298	CDS	264				hypothetical protein
LONINKCB_08299	CDS	195				hypothetical protein
LONINKCB_08300	CDS	189				hypothetical protein
LONINKCB_08301	CDS	138				hypothetical protein
LONINKCB_08302	CDS	249				hypothetical protein
LONINKCB_08303	CDS	345				hypothetical protein
LONINKCB_08304	CDS	189				hypothetical protein
LONINKCB_08305	CDS	171				hypothetical protein
LONINKCB_08306	CDS	162				hypothetical protein
LONINKCB_08307	CDS	195				hypothetical protein
LONINKCB_08308	CDS	288				hypothetical protein
LONINKCB_08309	CDS	270				hypothetical protein
LONINKCB_08310	CDS	198				hypothetical protein
LONINKCB_08311	CDS	330				hypothetical protein
LONINKCB_08312	CDS	309				hypothetical protein
LONINKCB_08313	CDS	252				hypothetical protein
LONINKCB_08314	CDS	204				hypothetical protein
LONINKCB_08315	CDS	288				hypothetical protein
LONINKCB_08316	CDS	222				hypothetical protein
LONINKCB_08317	CDS	210				hypothetical protein
LONINKCB_08318	CDS	189				hypothetical protein
LONINKCB_08319	CDS	192				hypothetical protein
LONINKCB_08320	CDS	222				hypothetical protein
LONINKCB_08321	CDS	195				hypothetical protein
LONINKCB_08322	CDS	816				hypothetical protein
LONINKCB_08323	CDS	201				hypothetical protein
LONINKCB_08324	CDS	255				hypothetical protein
LONINKCB_08325	CDS	207				hypothetical protein
LONINKCB_08326	CDS	243				hypothetical protein
LONINKCB_08327	CDS	300				hypothetical protein
LONINKCB_08328	CDS	201				hypothetical protein
LONINKCB_08329	CDS	222				hypothetical protein
LONINKCB_08330	CDS	255				hypothetical protein
LONINKCB_08331	CDS	165				hypothetical protein
LONINKCB_08332	CDS	165				hypothetical protein
LONINKCB_08333	CDS	207				hypothetical protein
LONINKCB_08334	CDS	246				hypothetical protein
LONINKCB_08335	CDS	243				hypothetical protein
LONINKCB_08336	CDS	234				hypothetical protein
LONINKCB_08337	CDS	225				hypothetical protein
LONINKCB_08338	CDS	276				hypothetical protein
LONINKCB_08339	CDS	177				hypothetical protein
LONINKCB_08340	CDS	333				hypothetical protein
LONINKCB_08341	CDS	285				hypothetical protein
LONINKCB_08342	CDS	285				hypothetical protein
LONINKCB_08343	CDS	249				hypothetical protein
LONINKCB_08344	CDS	147				hypothetical protein
LONINKCB_08345	CDS	225				hypothetical protein
LONINKCB_08346	CDS	237				hypothetical protein
LONINKCB_08347	CDS	582				hypothetical protein
LONINKCB_08348	CDS	342				hypothetical protein
LONINKCB_08349	CDS	558				hypothetical protein
LONINKCB_08350	CDS	543				hypothetical protein
LONINKCB_08351	CDS	207				hypothetical protein
LONINKCB_08352	CDS	168				hypothetical protein
LONINKCB_08353	CDS	279				hypothetical protein
LONINKCB_08354	CDS	264				hypothetical protein
LONINKCB_08355	CDS	339				hypothetical protein
LONINKCB_08356	CDS	228				hypothetical protein
LONINKCB_08357	CDS	252				hypothetical protein
LONINKCB_08358	CDS	258				hypothetical protein
LONINKCB_08359	CDS	168				hypothetical protein
LONINKCB_08360	CDS	249				hypothetical protein
LONINKCB_08361	CDS	186				hypothetical protein
LONINKCB_08362	CDS	222				hypothetical protein
LONINKCB_08363	CDS	246				hypothetical protein
LONINKCB_08364	CDS	444				hypothetical protein
LONINKCB_08365	CDS	288				hypothetical protein
LONINKCB_08366	CDS	213				hypothetical protein
LONINKCB_08367	CDS	147				hypothetical protein
LONINKCB_08368	CDS	180				hypothetical protein
LONINKCB_08369	CDS	237				hypothetical protein
LONINKCB_08370	CDS	603				hypothetical protein
LONINKCB_08371	CDS	354				hypothetical protein
LONINKCB_08372	CDS	429				hypothetical protein
LONINKCB_08373	CDS	207				hypothetical protein
LONINKCB_08374	CDS	177				hypothetical protein
LONINKCB_08375	CDS	315				hypothetical protein
LONINKCB_08376	CDS	360				hypothetical protein
LONINKCB_08377	CDS	402				hypothetical protein
LONINKCB_08378	CDS	225				hypothetical protein
LONINKCB_08379	CDS	324				hypothetical protein
LONINKCB_08380	CDS	168				hypothetical protein
LONINKCB_08381	CDS	198				hypothetical protein
LONINKCB_08382	CDS	291				hypothetical protein
LONINKCB_08383	CDS	189				hypothetical protein
LONINKCB_08384	CDS	240				hypothetical protein
LONINKCB_08385	CDS	348				hypothetical protein
LONINKCB_08386	CDS	207				hypothetical protein
LONINKCB_08387	CDS	231				hypothetical protein
LONINKCB_08388	CDS	171				hypothetical protein
LONINKCB_08389	CDS	414				hypothetical protein
LONINKCB_08390	CDS	240				hypothetical protein
LONINKCB_08391	CDS	465				hypothetical protein
LONINKCB_08392	CDS	285				hypothetical protein
LONINKCB_08393	CDS	207				hypothetical protein
LONINKCB_08394	CDS	210				hypothetical protein
LONINKCB_08395	CDS	177				hypothetical protein
LONINKCB_08396	CDS	291				hypothetical protein
LONINKCB_08397	CDS	213				hypothetical protein
LONINKCB_08398	CDS	189				hypothetical protein
LONINKCB_08399	CDS	222				hypothetical protein
LONINKCB_08400	CDS	165				hypothetical protein
LONINKCB_08401	CDS	291				hypothetical protein
LONINKCB_08402	CDS	429				hypothetical protein
LONINKCB_08403	CDS	450				hypothetical protein
LONINKCB_08404	CDS	741				hypothetical protein
LONINKCB_08405	CDS	474				hypothetical protein
LONINKCB_08406	CDS	237				hypothetical protein
LONINKCB_08407	CDS	222				hypothetical protein
LONINKCB_08408	CDS	294				hypothetical protein
LONINKCB_08409	CDS	435				hypothetical protein
LONINKCB_08410	CDS	168				hypothetical protein
LONINKCB_08411	CDS	198				hypothetical protein
LONINKCB_08412	CDS	180				hypothetical protein
LONINKCB_08413	CDS	183				hypothetical protein
LONINKCB_08414	CDS	225				hypothetical protein
LONINKCB_08415	CDS	795				hypothetical protein
LONINKCB_08416	CDS	192				hypothetical protein
LONINKCB_08417	CDS	348				hypothetical protein
LONINKCB_08418	CDS	318				hypothetical protein
LONINKCB_08419	CDS	939				hypothetical protein
LONINKCB_08420	CDS	162				hypothetical protein
LONINKCB_08421	CDS	162				hypothetical protein
LONINKCB_08422	CDS	192				hypothetical protein
LONINKCB_08423	CDS	192				hypothetical protein
LONINKCB_08424	CDS	285				hypothetical protein
LONINKCB_08425	CDS	228				hypothetical protein
LONINKCB_08426	CDS	222				hypothetical protein
LONINKCB_08427	CDS	258				hypothetical protein
LONINKCB_08428	CDS	315	mleA	4.1.1.101	COG0281	Malolactic enzyme
LONINKCB_08429	CDS	429	maeA_1	1.1.1.38	COG0281	NAD-dependent malic enzyme
LONINKCB_08430	CDS	201	maeA_2	1.1.1.38	COG0281	NAD-dependent malic enzyme
LONINKCB_08431	CDS	186				hypothetical protein
LONINKCB_08432	CDS	159				hypothetical protein
LONINKCB_08433	CDS	189				hypothetical protein
LONINKCB_08434	CDS	267				hypothetical protein
LONINKCB_08435	CDS	339				hypothetical protein
LONINKCB_08436	CDS	222				hypothetical protein
LONINKCB_08437	CDS	222				hypothetical protein
LONINKCB_08438	CDS	207				hypothetical protein
LONINKCB_08439	CDS	276				hypothetical protein
LONINKCB_08440	CDS	255				hypothetical protein
LONINKCB_08441	CDS	192				hypothetical protein
LONINKCB_08442	CDS	159				hypothetical protein
LONINKCB_08443	CDS	189				hypothetical protein
LONINKCB_08444	CDS	198				hypothetical protein
LONINKCB_08445	CDS	282				hypothetical protein
LONINKCB_08446	CDS	255				hypothetical protein
LONINKCB_08447	CDS	222				hypothetical protein
LONINKCB_08448	CDS	195				hypothetical protein
LONINKCB_08449	CDS	204				hypothetical protein
LONINKCB_08450	CDS	183				hypothetical protein
LONINKCB_08451	CDS	159				hypothetical protein
LONINKCB_08452	CDS	336				hypothetical protein
LONINKCB_08453	CDS	129				hypothetical protein
LONINKCB_08454	CDS	141				hypothetical protein
LONINKCB_08455	CDS	372				hypothetical protein
LONINKCB_08456	CDS	207				hypothetical protein
LONINKCB_08457	CDS	243				hypothetical protein
LONINKCB_08458	CDS	225				hypothetical protein
LONINKCB_08459	CDS	936				hypothetical protein
LONINKCB_08460	CDS	390				hypothetical protein
LONINKCB_08461	CDS	183				hypothetical protein
LONINKCB_08462	CDS	255				hypothetical protein
LONINKCB_08463	CDS	612				hypothetical protein
LONINKCB_08464	CDS	552				hypothetical protein
LONINKCB_08465	CDS	180				hypothetical protein
LONINKCB_08466	CDS	174				hypothetical protein
LONINKCB_08467	CDS	186				hypothetical protein
LONINKCB_08468	CDS	240				hypothetical protein
LONINKCB_08469	CDS	150				hypothetical protein
LONINKCB_08470	CDS	237				hypothetical protein
LONINKCB_08471	CDS	189				hypothetical protein
LONINKCB_08472	CDS	204				hypothetical protein
LONINKCB_08473	CDS	510	acr1	1.2.1.-	COG3320	Fatty acyl-CoA reductase
LONINKCB_08474	CDS	192				hypothetical protein
LONINKCB_08475	CDS	234				hypothetical protein
LONINKCB_08476	CDS	303				hypothetical protein
LONINKCB_08477	CDS	165				hypothetical protein
LONINKCB_08478	CDS	258				hypothetical protein
LONINKCB_08479	CDS	300				hypothetical protein
LONINKCB_08480	CDS	234				hypothetical protein
LONINKCB_08481	CDS	186				hypothetical protein
LONINKCB_08482	CDS	204				hypothetical protein
LONINKCB_08483	CDS	732				hypothetical protein
LONINKCB_08484	CDS	357				hypothetical protein
LONINKCB_08485	CDS	147				hypothetical protein
LONINKCB_08486	CDS	252				hypothetical protein
LONINKCB_08487	CDS	321				hypothetical protein
LONINKCB_08488	CDS	165				hypothetical protein
LONINKCB_08489	CDS	171				hypothetical protein
LONINKCB_08490	CDS	174				hypothetical protein
LONINKCB_08491	CDS	186				hypothetical protein
LONINKCB_08492	CDS	249				hypothetical protein
LONINKCB_08493	CDS	270				hypothetical protein
LONINKCB_08494	CDS	192				hypothetical protein
LONINKCB_08495	CDS	204				hypothetical protein
LONINKCB_08496	CDS	339				hypothetical protein
LONINKCB_08497	CDS	324				hypothetical protein
LONINKCB_08498	CDS	198				hypothetical protein
LONINKCB_08499	CDS	234				hypothetical protein
LONINKCB_08500	CDS	402				hypothetical protein
LONINKCB_08501	CDS	183				hypothetical protein
LONINKCB_08502	CDS	144				hypothetical protein
LONINKCB_08503	CDS	189				hypothetical protein
LONINKCB_08504	CDS	192				hypothetical protein
LONINKCB_08505	CDS	162				hypothetical protein
LONINKCB_08506	CDS	267				hypothetical protein
LONINKCB_08507	CDS	201				hypothetical protein
LONINKCB_08508	CDS	219				hypothetical protein
LONINKCB_08509	CDS	288				hypothetical protein
LONINKCB_08510	CDS	258				hypothetical protein
LONINKCB_08511	CDS	231				hypothetical protein
LONINKCB_08512	CDS	204				hypothetical protein
LONINKCB_08513	CDS	177				hypothetical protein
LONINKCB_08514	CDS	285				hypothetical protein
LONINKCB_08515	CDS	228				hypothetical protein
LONINKCB_08516	CDS	255				hypothetical protein
LONINKCB_08517	CDS	186				hypothetical protein
LONINKCB_08518	CDS	276				hypothetical protein
LONINKCB_08519	CDS	234				hypothetical protein
LONINKCB_08520	CDS	252				hypothetical protein
LONINKCB_08521	CDS	198				hypothetical protein
LONINKCB_08522	CDS	288				hypothetical protein
LONINKCB_08523	CDS	249				hypothetical protein
LONINKCB_08524	CDS	264				hypothetical protein
LONINKCB_08525	CDS	141				hypothetical protein
LONINKCB_08526	CDS	249				hypothetical protein
LONINKCB_08527	CDS	561				hypothetical protein
LONINKCB_08528	CDS	186				hypothetical protein
LONINKCB_08529	CDS	447				hypothetical protein
LONINKCB_08530	CDS	222				hypothetical protein
LONINKCB_08531	CDS	234				hypothetical protein
LONINKCB_08532	CDS	507				hypothetical protein
LONINKCB_08533	CDS	219				hypothetical protein
LONINKCB_08534	CDS	264				hypothetical protein
LONINKCB_08535	CDS	225				hypothetical protein
LONINKCB_08536	CDS	1092				hypothetical protein
LONINKCB_08537	CDS	228				hypothetical protein
LONINKCB_08538	CDS	360				hypothetical protein
LONINKCB_08539	CDS	171				hypothetical protein
LONINKCB_08540	CDS	333				hypothetical protein
LONINKCB_08541	CDS	747				hypothetical protein
LONINKCB_08542	CDS	297				hypothetical protein
LONINKCB_08543	CDS	255				hypothetical protein
LONINKCB_08544	CDS	156				hypothetical protein
LONINKCB_08545	CDS	270				hypothetical protein
LONINKCB_08546	CDS	249				hypothetical protein
LONINKCB_08547	CDS	240				hypothetical protein
LONINKCB_08548	CDS	309				hypothetical protein
LONINKCB_08549	CDS	366				hypothetical protein
LONINKCB_08550	CDS	321				hypothetical protein
LONINKCB_08551	CDS	177				hypothetical protein
LONINKCB_08552	CDS	267				hypothetical protein
LONINKCB_08553	CDS	243				hypothetical protein
LONINKCB_08554	CDS	234				hypothetical protein
LONINKCB_08555	CDS	318				hypothetical protein
LONINKCB_08556	CDS	246				hypothetical protein
LONINKCB_08557	CDS	216				hypothetical protein
LONINKCB_08558	CDS	237				hypothetical protein
LONINKCB_08559	CDS	192				hypothetical protein
LONINKCB_08560	CDS	288				hypothetical protein
LONINKCB_08561	CDS	189				hypothetical protein
LONINKCB_08562	CDS	183				hypothetical protein
LONINKCB_08563	CDS	249				hypothetical protein
LONINKCB_08564	CDS	213				hypothetical protein
LONINKCB_08565	CDS	240				hypothetical protein
LONINKCB_08566	CDS	201				hypothetical protein
LONINKCB_08567	CDS	192				hypothetical protein
LONINKCB_08568	CDS	186				hypothetical protein
LONINKCB_08569	CDS	156				hypothetical protein
LONINKCB_08570	CDS	1173				hypothetical protein
LONINKCB_08571	CDS	219				hypothetical protein
LONINKCB_08572	CDS	870				hypothetical protein
LONINKCB_08573	CDS	246				hypothetical protein
LONINKCB_08574	CDS	402				hypothetical protein
LONINKCB_08575	CDS	579				hypothetical protein
LONINKCB_08576	CDS	468				hypothetical protein
LONINKCB_08577	CDS	204				hypothetical protein
LONINKCB_08578	CDS	222				hypothetical protein
LONINKCB_08579	CDS	222				hypothetical protein
LONINKCB_08580	CDS	201				hypothetical protein
LONINKCB_08581	CDS	207				hypothetical protein
LONINKCB_08582	CDS	207				hypothetical protein
LONINKCB_08583	CDS	195				hypothetical protein
LONINKCB_08584	CDS	285				hypothetical protein
LONINKCB_08585	CDS	207				hypothetical protein
LONINKCB_08586	CDS	162				hypothetical protein
LONINKCB_08587	CDS	294				hypothetical protein
LONINKCB_08588	CDS	237				hypothetical protein
LONINKCB_08589	CDS	681				hypothetical protein
LONINKCB_08590	CDS	201				hypothetical protein
LONINKCB_08591	CDS	300				hypothetical protein
LONINKCB_08592	CDS	399				hypothetical protein
LONINKCB_08593	CDS	312				hypothetical protein
LONINKCB_08594	CDS	429				hypothetical protein
LONINKCB_08595	CDS	303				hypothetical protein
LONINKCB_08596	CDS	537				hypothetical protein
LONINKCB_08597	CDS	567				hypothetical protein
LONINKCB_08598	CDS	195				hypothetical protein
LONINKCB_08599	CDS	234				hypothetical protein
LONINKCB_08600	CDS	252				hypothetical protein
LONINKCB_08601	CDS	255				hypothetical protein
LONINKCB_08602	CDS	222				hypothetical protein
LONINKCB_08603	CDS	177				hypothetical protein
LONINKCB_08604	CDS	204				hypothetical protein
LONINKCB_08605	CDS	291				hypothetical protein
LONINKCB_08606	CDS	324				hypothetical protein
LONINKCB_08607	CDS	432	pepN_3	3.4.11.2		Aminopeptidase N
LONINKCB_08608	CDS	498				hypothetical protein
LONINKCB_08609	CDS	249				hypothetical protein
LONINKCB_08610	CDS	174				hypothetical protein
LONINKCB_08611	CDS	153				hypothetical protein
LONINKCB_08612	CDS	216				hypothetical protein
LONINKCB_08613	CDS	258				hypothetical protein
LONINKCB_08614	CDS	225				hypothetical protein
LONINKCB_08615	CDS	216				hypothetical protein
LONINKCB_08616	CDS	207				hypothetical protein
LONINKCB_08617	CDS	297				hypothetical protein
LONINKCB_08618	CDS	297				hypothetical protein
LONINKCB_08619	CDS	249				hypothetical protein
LONINKCB_08620	CDS	375				hypothetical protein
LONINKCB_08621	CDS	426				hypothetical protein
LONINKCB_08622	CDS	378				hypothetical protein
LONINKCB_08623	CDS	267				hypothetical protein
LONINKCB_08624	CDS	237				hypothetical protein
LONINKCB_08625	CDS	630				hypothetical protein
LONINKCB_08626	CDS	447				hypothetical protein
LONINKCB_08627	CDS	282				hypothetical protein
LONINKCB_08628	CDS	204				hypothetical protein
LONINKCB_08629	CDS	273				hypothetical protein
LONINKCB_08630	CDS	243				hypothetical protein
LONINKCB_08631	CDS	186				hypothetical protein
LONINKCB_08632	CDS	222				hypothetical protein
LONINKCB_08633	CDS	1023				hypothetical protein
LONINKCB_08634	CDS	210				hypothetical protein
LONINKCB_08635	CDS	216				hypothetical protein
LONINKCB_08636	CDS	405				hypothetical protein
LONINKCB_08637	CDS	627				hypothetical protein
LONINKCB_08638	CDS	144				hypothetical protein
LONINKCB_08639	CDS	468				hypothetical protein
LONINKCB_08640	CDS	162				hypothetical protein
LONINKCB_08641	CDS	165				hypothetical protein
LONINKCB_08642	CDS	216				hypothetical protein
LONINKCB_08643	CDS	369				hypothetical protein
LONINKCB_08644	CDS	912				hypothetical protein
LONINKCB_08645	CDS	261				hypothetical protein
LONINKCB_08646	CDS	180				hypothetical protein
LONINKCB_08647	CDS	144				hypothetical protein
LONINKCB_08648	CDS	246				hypothetical protein
LONINKCB_08649	CDS	366				hypothetical protein
LONINKCB_08650	CDS	174				hypothetical protein
LONINKCB_08651	CDS	165				hypothetical protein
LONINKCB_08652	CDS	177				hypothetical protein
LONINKCB_08653	CDS	168				hypothetical protein
LONINKCB_08654	CDS	225				hypothetical protein
LONINKCB_08655	CDS	210				hypothetical protein
LONINKCB_08656	CDS	450				hypothetical protein
LONINKCB_08657	CDS	180				hypothetical protein
LONINKCB_08658	CDS	201				hypothetical protein
LONINKCB_08659	CDS	468				hypothetical protein
LONINKCB_08660	CDS	162				hypothetical protein
LONINKCB_08661	CDS	192				hypothetical protein
LONINKCB_08662	CDS	333				hypothetical protein
LONINKCB_08663	CDS	240				hypothetical protein
LONINKCB_08664	CDS	201				hypothetical protein
LONINKCB_08665	CDS	339				hypothetical protein
LONINKCB_08666	CDS	249				hypothetical protein
LONINKCB_08667	CDS	213				hypothetical protein
LONINKCB_08668	CDS	309				hypothetical protein
LONINKCB_08669	CDS	312				hypothetical protein
LONINKCB_08670	CDS	156				hypothetical protein
LONINKCB_08671	CDS	183				hypothetical protein
LONINKCB_08672	CDS	243				hypothetical protein
LONINKCB_08673	CDS	291				hypothetical protein
LONINKCB_08674	CDS	378				hypothetical protein
LONINKCB_08675	CDS	168				hypothetical protein
LONINKCB_08676	CDS	225				hypothetical protein
LONINKCB_08677	CDS	216				hypothetical protein
LONINKCB_08678	CDS	189				hypothetical protein
LONINKCB_08679	CDS	294				hypothetical protein
LONINKCB_08680	CDS	267				hypothetical protein
LONINKCB_08681	CDS	342				hypothetical protein
LONINKCB_08682	CDS	237				hypothetical protein
LONINKCB_08683	CDS	168				hypothetical protein
LONINKCB_08684	CDS	189				hypothetical protein
LONINKCB_08685	CDS	213				hypothetical protein
LONINKCB_08686	CDS	195				hypothetical protein
LONINKCB_08687	CDS	525				hypothetical protein
LONINKCB_08688	CDS	243				hypothetical protein
LONINKCB_08689	CDS	243				hypothetical protein
LONINKCB_08690	CDS	237				hypothetical protein
LONINKCB_08691	CDS	453				hypothetical protein
LONINKCB_08692	CDS	174				hypothetical protein
LONINKCB_08693	CDS	180				hypothetical protein
LONINKCB_08694	CDS	192				hypothetical protein
LONINKCB_08695	CDS	264				hypothetical protein
LONINKCB_08696	CDS	207				hypothetical protein
LONINKCB_08697	CDS	234				hypothetical protein
LONINKCB_08698	CDS	186				hypothetical protein
LONINKCB_08699	CDS	246				hypothetical protein
LONINKCB_08700	CDS	291				hypothetical protein
LONINKCB_08701	CDS	246				hypothetical protein
LONINKCB_08702	CDS	204				hypothetical protein
LONINKCB_08703	CDS	216				hypothetical protein
LONINKCB_08704	CDS	276				hypothetical protein
LONINKCB_08705	CDS	195				hypothetical protein
LONINKCB_08706	CDS	327				hypothetical protein
LONINKCB_08707	CDS	264				hypothetical protein
LONINKCB_08708	CDS	273				hypothetical protein
LONINKCB_08709	CDS	219				hypothetical protein
LONINKCB_08710	CDS	156				hypothetical protein
LONINKCB_08711	CDS	303				hypothetical protein
LONINKCB_08712	CDS	201				hypothetical protein
LONINKCB_08713	CDS	297				hypothetical protein
LONINKCB_08714	CDS	237				hypothetical protein
LONINKCB_08715	CDS	330				hypothetical protein
LONINKCB_08716	CDS	249				hypothetical protein
LONINKCB_08717	CDS	294				hypothetical protein
LONINKCB_08718	CDS	213				hypothetical protein
LONINKCB_08719	CDS	321				hypothetical protein
LONINKCB_08720	CDS	270				hypothetical protein
LONINKCB_08721	CDS	273				hypothetical protein
LONINKCB_08722	CDS	207				hypothetical protein
LONINKCB_08723	CDS	183				hypothetical protein
LONINKCB_08724	CDS	240				hypothetical protein
LONINKCB_08725	CDS	195				hypothetical protein
LONINKCB_08726	CDS	222				hypothetical protein
LONINKCB_08727	CDS	204				hypothetical protein
LONINKCB_08728	CDS	192				hypothetical protein
LONINKCB_08729	CDS	222				hypothetical protein
LONINKCB_08730	CDS	285				hypothetical protein
LONINKCB_08731	CDS	300				hypothetical protein
LONINKCB_08732	CDS	243				hypothetical protein
LONINKCB_08733	CDS	237				hypothetical protein
LONINKCB_08734	CDS	204				hypothetical protein
LONINKCB_08735	CDS	237				hypothetical protein
LONINKCB_08736	CDS	207				hypothetical protein
LONINKCB_08737	CDS	201				hypothetical protein
LONINKCB_08738	CDS	177				hypothetical protein
LONINKCB_08739	CDS	222				hypothetical protein
LONINKCB_08740	CDS	171				hypothetical protein
LONINKCB_08741	CDS	195				hypothetical protein
LONINKCB_08742	CDS	177				hypothetical protein
LONINKCB_08743	CDS	234				hypothetical protein
LONINKCB_08744	CDS	537				hypothetical protein
LONINKCB_08745	CDS	168				hypothetical protein
LONINKCB_08746	CDS	267				hypothetical protein
LONINKCB_08747	CDS	261				hypothetical protein
LONINKCB_08748	CDS	171				hypothetical protein
LONINKCB_08749	CDS	168				hypothetical protein
LONINKCB_08750	CDS	192				hypothetical protein
LONINKCB_08751	CDS	195				hypothetical protein
LONINKCB_08752	CDS	171				hypothetical protein
LONINKCB_08753	CDS	207				hypothetical protein
LONINKCB_08754	CDS	213				hypothetical protein
LONINKCB_08755	CDS	291				hypothetical protein
LONINKCB_08756	CDS	576				hypothetical protein
LONINKCB_08757	CDS	201				hypothetical protein
LONINKCB_08758	CDS	201				hypothetical protein
LONINKCB_08759	CDS	288				hypothetical protein
LONINKCB_08760	CDS	219				hypothetical protein
LONINKCB_08761	CDS	162				hypothetical protein
LONINKCB_08762	CDS	204				hypothetical protein
LONINKCB_08763	CDS	177				hypothetical protein
LONINKCB_08764	CDS	165				hypothetical protein
LONINKCB_08765	CDS	186				hypothetical protein
LONINKCB_08766	CDS	225				hypothetical protein
LONINKCB_08767	CDS	162				hypothetical protein
LONINKCB_08768	CDS	189				hypothetical protein
LONINKCB_08769	CDS	162				hypothetical protein
LONINKCB_08770	CDS	243				hypothetical protein
LONINKCB_08771	CDS	225				hypothetical protein
LONINKCB_08772	CDS	231				hypothetical protein
LONINKCB_08773	CDS	312				hypothetical protein
LONINKCB_08774	CDS	216				hypothetical protein
LONINKCB_08775	CDS	300				hypothetical protein
LONINKCB_08776	CDS	639				hypothetical protein
LONINKCB_08777	CDS	426				hypothetical protein
LONINKCB_08778	CDS	138				hypothetical protein
LONINKCB_08779	CDS	180				hypothetical protein
LONINKCB_08780	CDS	1068				hypothetical protein
LONINKCB_08781	CDS	186				hypothetical protein
LONINKCB_08782	CDS	189				hypothetical protein
LONINKCB_08783	CDS	171				hypothetical protein
LONINKCB_08784	CDS	237				hypothetical protein
LONINKCB_08785	CDS	483				hypothetical protein
LONINKCB_08786	CDS	927				hypothetical protein
LONINKCB_08787	CDS	192				hypothetical protein
LONINKCB_08788	CDS	165				hypothetical protein
LONINKCB_08789	CDS	162				hypothetical protein
LONINKCB_08790	CDS	237				hypothetical protein
LONINKCB_08791	CDS	225				hypothetical protein
LONINKCB_08792	CDS	177				hypothetical protein
LONINKCB_08793	CDS	447				hypothetical protein
LONINKCB_08794	CDS	210				hypothetical protein
LONINKCB_08795	CDS	270				hypothetical protein
LONINKCB_08796	CDS	165				hypothetical protein
LONINKCB_08797	CDS	420				hypothetical protein
LONINKCB_08798	CDS	327				hypothetical protein
LONINKCB_08799	CDS	165				hypothetical protein
LONINKCB_08800	CDS	228				hypothetical protein
LONINKCB_08801	CDS	177				hypothetical protein
LONINKCB_08802	CDS	327				hypothetical protein
LONINKCB_08803	CDS	396				hypothetical protein
LONINKCB_08804	CDS	354				hypothetical protein
LONINKCB_08805	CDS	585				hypothetical protein
LONINKCB_08806	CDS	180				hypothetical protein
LONINKCB_08807	CDS	282				hypothetical protein
LONINKCB_08808	CDS	156				hypothetical protein
LONINKCB_08809	CDS	324				hypothetical protein
LONINKCB_08810	CDS	402				hypothetical protein
LONINKCB_08811	CDS	270				hypothetical protein
LONINKCB_08812	CDS	228				hypothetical protein
LONINKCB_08813	CDS	306				hypothetical protein
LONINKCB_08814	CDS	663				hypothetical protein
LONINKCB_08815	CDS	372				hypothetical protein
LONINKCB_08816	CDS	228				hypothetical protein
LONINKCB_08817	CDS	261				hypothetical protein
LONINKCB_08818	CDS	222				hypothetical protein
LONINKCB_08819	CDS	243				hypothetical protein
LONINKCB_08820	CDS	147				hypothetical protein
LONINKCB_08821	CDS	282				hypothetical protein
LONINKCB_08822	CDS	192				hypothetical protein
LONINKCB_08823	CDS	222				hypothetical protein
LONINKCB_08824	CDS	243				hypothetical protein
LONINKCB_08825	CDS	300				hypothetical protein
LONINKCB_08826	CDS	183				hypothetical protein
LONINKCB_08827	CDS	225				hypothetical protein
LONINKCB_08828	CDS	147				hypothetical protein
LONINKCB_08829	CDS	204				hypothetical protein
LONINKCB_08830	CDS	141				hypothetical protein
LONINKCB_08831	CDS	327				hypothetical protein
LONINKCB_08832	CDS	261				hypothetical protein
LONINKCB_08833	CDS	249				hypothetical protein
LONINKCB_08834	CDS	276				hypothetical protein
LONINKCB_08835	CDS	228				hypothetical protein
LONINKCB_08836	CDS	387				hypothetical protein
LONINKCB_08837	CDS	306				hypothetical protein
LONINKCB_08838	CDS	291				hypothetical protein
LONINKCB_08839	CDS	174				hypothetical protein
LONINKCB_08840	CDS	279				hypothetical protein
LONINKCB_08841	CDS	186				hypothetical protein
LONINKCB_08842	CDS	216				hypothetical protein
LONINKCB_08843	CDS	324				hypothetical protein
LONINKCB_08844	CDS	183				hypothetical protein
LONINKCB_08845	CDS	258				hypothetical protein
LONINKCB_08846	CDS	243				hypothetical protein
LONINKCB_08847	CDS	315				hypothetical protein
LONINKCB_08848	CDS	189				hypothetical protein
LONINKCB_08849	CDS	180				hypothetical protein
LONINKCB_08850	CDS	306				hypothetical protein
LONINKCB_08851	CDS	210				hypothetical protein
LONINKCB_08852	CDS	237				hypothetical protein
LONINKCB_08853	CDS	327				hypothetical protein
LONINKCB_08854	CDS	231				hypothetical protein
LONINKCB_08855	CDS	216				hypothetical protein
LONINKCB_08856	CDS	186				hypothetical protein
LONINKCB_08857	CDS	255				hypothetical protein
LONINKCB_08858	CDS	297				hypothetical protein
LONINKCB_08859	CDS	357				hypothetical protein
LONINKCB_08860	CDS	255				hypothetical protein
LONINKCB_08861	CDS	279				hypothetical protein
LONINKCB_08862	CDS	276				hypothetical protein
LONINKCB_08863	CDS	309				hypothetical protein
LONINKCB_08864	CDS	171				hypothetical protein
LONINKCB_08865	CDS	234				hypothetical protein
LONINKCB_08866	CDS	276				hypothetical protein
LONINKCB_08867	CDS	267				hypothetical protein
LONINKCB_08868	CDS	204				hypothetical protein
LONINKCB_08869	CDS	177				hypothetical protein
LONINKCB_08870	CDS	195				hypothetical protein
LONINKCB_08871	CDS	333				hypothetical protein
LONINKCB_08872	CDS	366				hypothetical protein
LONINKCB_08873	CDS	255				hypothetical protein
LONINKCB_08874	CDS	336				hypothetical protein
LONINKCB_08875	CDS	177				hypothetical protein
LONINKCB_08876	CDS	222				hypothetical protein
LONINKCB_08877	CDS	150				hypothetical protein
LONINKCB_08878	CDS	189				hypothetical protein
LONINKCB_08879	CDS	216				hypothetical protein
LONINKCB_08880	CDS	189				hypothetical protein
LONINKCB_08881	CDS	609				hypothetical protein
LONINKCB_08882	CDS	180				hypothetical protein
LONINKCB_08883	CDS	333				hypothetical protein
LONINKCB_08884	CDS	249				hypothetical protein
LONINKCB_08885	CDS	255				hypothetical protein
LONINKCB_08886	CDS	279				hypothetical protein
LONINKCB_08887	CDS	222				hypothetical protein
LONINKCB_08888	CDS	204				hypothetical protein
LONINKCB_08889	CDS	198				hypothetical protein
LONINKCB_08890	CDS	249				hypothetical protein
LONINKCB_08891	CDS	300				hypothetical protein
LONINKCB_08892	CDS	369				hypothetical protein
LONINKCB_08893	CDS	435				hypothetical protein
LONINKCB_08894	CDS	288				hypothetical protein
LONINKCB_08895	CDS	165				hypothetical protein
LONINKCB_08896	CDS	228				hypothetical protein
LONINKCB_08897	CDS	330				hypothetical protein
LONINKCB_08898	CDS	198				hypothetical protein
LONINKCB_08899	CDS	201				hypothetical protein
LONINKCB_08900	CDS	168				hypothetical protein
LONINKCB_08901	CDS	156				hypothetical protein
LONINKCB_08902	CDS	288				hypothetical protein
LONINKCB_08903	CDS	204				hypothetical protein
LONINKCB_08904	CDS	279				hypothetical protein
LONINKCB_08905	CDS	249				hypothetical protein
LONINKCB_08906	CDS	276				hypothetical protein
LONINKCB_08907	CDS	300				hypothetical protein
LONINKCB_08908	CDS	183				hypothetical protein
LONINKCB_08909	CDS	306				hypothetical protein
LONINKCB_08910	CDS	225				hypothetical protein
LONINKCB_08911	CDS	219				hypothetical protein
LONINKCB_08912	CDS	213				hypothetical protein
LONINKCB_08913	CDS	255				hypothetical protein
LONINKCB_08914	CDS	198				hypothetical protein
LONINKCB_08915	CDS	330				hypothetical protein
LONINKCB_08916	CDS	285				hypothetical protein
LONINKCB_08917	CDS	246				hypothetical protein
LONINKCB_08918	CDS	201				hypothetical protein
LONINKCB_08919	CDS	180				hypothetical protein
LONINKCB_08920	CDS	381				hypothetical protein
LONINKCB_08921	CDS	288				hypothetical protein
LONINKCB_08922	CDS	270				hypothetical protein
LONINKCB_08923	CDS	225				hypothetical protein
LONINKCB_08924	CDS	219				hypothetical protein
LONINKCB_08925	CDS	357				hypothetical protein
LONINKCB_08926	CDS	234				hypothetical protein
LONINKCB_08927	CDS	270				hypothetical protein
LONINKCB_08928	CDS	240				hypothetical protein
LONINKCB_08929	CDS	300				hypothetical protein
LONINKCB_08930	CDS	237				hypothetical protein
LONINKCB_08931	CDS	237				hypothetical protein
LONINKCB_08932	CDS	147				hypothetical protein
LONINKCB_08933	CDS	213				hypothetical protein
LONINKCB_08934	CDS	273				hypothetical protein
LONINKCB_08935	CDS	219				hypothetical protein
LONINKCB_08936	CDS	273				hypothetical protein
LONINKCB_08937	CDS	231				hypothetical protein
LONINKCB_08938	CDS	198				hypothetical protein
LONINKCB_08939	CDS	324				hypothetical protein
LONINKCB_08940	CDS	177				hypothetical protein
LONINKCB_08941	CDS	183				hypothetical protein
LONINKCB_08942	CDS	213				hypothetical protein
LONINKCB_08943	CDS	159				hypothetical protein
LONINKCB_08944	CDS	216				hypothetical protein
LONINKCB_08945	CDS	150				hypothetical protein
LONINKCB_08946	CDS	177				hypothetical protein
LONINKCB_08947	CDS	324				hypothetical protein
LONINKCB_08948	CDS	300				hypothetical protein
LONINKCB_08949	CDS	165				hypothetical protein
LONINKCB_08950	CDS	150				hypothetical protein
LONINKCB_08951	CDS	180				hypothetical protein
LONINKCB_08952	CDS	168				hypothetical protein
LONINKCB_08953	CDS	240				hypothetical protein
LONINKCB_08954	CDS	216				hypothetical protein
LONINKCB_08955	CDS	219				hypothetical protein
LONINKCB_08956	CDS	567				hypothetical protein
LONINKCB_08957	CDS	240				hypothetical protein
LONINKCB_08958	CDS	372				hypothetical protein
LONINKCB_08959	CDS	342				hypothetical protein
LONINKCB_08960	CDS	204				hypothetical protein
LONINKCB_08961	CDS	264				hypothetical protein
LONINKCB_08962	CDS	195				hypothetical protein
LONINKCB_08963	CDS	231				hypothetical protein
LONINKCB_08964	CDS	186				hypothetical protein
LONINKCB_08965	CDS	279				hypothetical protein
LONINKCB_08966	CDS	342				hypothetical protein
LONINKCB_08967	CDS	240				hypothetical protein
LONINKCB_08968	CDS	219				hypothetical protein
LONINKCB_08969	CDS	222				hypothetical protein
LONINKCB_08970	CDS	171				hypothetical protein
LONINKCB_08971	CDS	174				hypothetical protein
LONINKCB_08972	CDS	276				hypothetical protein
LONINKCB_08973	CDS	315				hypothetical protein
LONINKCB_08974	CDS	516				hypothetical protein
LONINKCB_08975	CDS	159				hypothetical protein
LONINKCB_08976	CDS	258				hypothetical protein
LONINKCB_08977	CDS	153				hypothetical protein
LONINKCB_08978	CDS	198				hypothetical protein
LONINKCB_08979	CDS	213				hypothetical protein
LONINKCB_08980	CDS	213				hypothetical protein
LONINKCB_08981	CDS	186				hypothetical protein
LONINKCB_08982	CDS	237				hypothetical protein
LONINKCB_08983	CDS	210				hypothetical protein
LONINKCB_08984	CDS	240				hypothetical protein
LONINKCB_08985	CDS	234				hypothetical protein
LONINKCB_08986	CDS	177				hypothetical protein
LONINKCB_08987	CDS	276				hypothetical protein
LONINKCB_08988	CDS	204				hypothetical protein
LONINKCB_08989	CDS	201				hypothetical protein
LONINKCB_08990	CDS	303				hypothetical protein
LONINKCB_08991	CDS	198				hypothetical protein
LONINKCB_08992	CDS	225				hypothetical protein
LONINKCB_08993	CDS	195				hypothetical protein
LONINKCB_08994	CDS	567				hypothetical protein
LONINKCB_08995	CDS	258				hypothetical protein
LONINKCB_08996	CDS	423				hypothetical protein
LONINKCB_08997	CDS	195				hypothetical protein
LONINKCB_08998	CDS	177				hypothetical protein
LONINKCB_08999	CDS	243				hypothetical protein
LONINKCB_09000	CDS	243				hypothetical protein
LONINKCB_09001	CDS	243				hypothetical protein
LONINKCB_09002	CDS	165				hypothetical protein
LONINKCB_09003	CDS	306				hypothetical protein
LONINKCB_09004	CDS	168				hypothetical protein
LONINKCB_09005	CDS	387				hypothetical protein
LONINKCB_09006	CDS	339				hypothetical protein
LONINKCB_09007	CDS	252				hypothetical protein
LONINKCB_09008	CDS	180				hypothetical protein
LONINKCB_09009	CDS	270				hypothetical protein
LONINKCB_09010	CDS	351				hypothetical protein
LONINKCB_09011	CDS	291				hypothetical protein
LONINKCB_09012	CDS	216				hypothetical protein
LONINKCB_09013	CDS	198				hypothetical protein
LONINKCB_09014	CDS	210				hypothetical protein
LONINKCB_09015	CDS	282				hypothetical protein
LONINKCB_09016	CDS	255				hypothetical protein
LONINKCB_09017	CDS	174				hypothetical protein
LONINKCB_09018	CDS	258				hypothetical protein
LONINKCB_09019	CDS	201				hypothetical protein
LONINKCB_09020	CDS	207				hypothetical protein
LONINKCB_09021	CDS	213				hypothetical protein
LONINKCB_09022	CDS	165				hypothetical protein
LONINKCB_09023	CDS	366				hypothetical protein
LONINKCB_09024	CDS	354				hypothetical protein
LONINKCB_09025	CDS	201				hypothetical protein
LONINKCB_09026	CDS	342				hypothetical protein
LONINKCB_09027	CDS	291				hypothetical protein
LONINKCB_09028	CDS	240				hypothetical protein
LONINKCB_09029	CDS	609				hypothetical protein
LONINKCB_09030	CDS	186				hypothetical protein
LONINKCB_09031	CDS	267				hypothetical protein
LONINKCB_09032	CDS	327				hypothetical protein
LONINKCB_09033	CDS	216				hypothetical protein
LONINKCB_09034	CDS	399				hypothetical protein
LONINKCB_09035	CDS	237				hypothetical protein
LONINKCB_09036	CDS	177				hypothetical protein
LONINKCB_09037	CDS	258				hypothetical protein
LONINKCB_09038	CDS	234				hypothetical protein
LONINKCB_09039	CDS	180				hypothetical protein
LONINKCB_09040	CDS	261				hypothetical protein
LONINKCB_09041	CDS	330				hypothetical protein
LONINKCB_09042	CDS	285				hypothetical protein
LONINKCB_09043	CDS	267				hypothetical protein
LONINKCB_09044	CDS	228				hypothetical protein
LONINKCB_09045	CDS	249				hypothetical protein
LONINKCB_09046	CDS	192				hypothetical protein
LONINKCB_09047	CDS	372				hypothetical protein
LONINKCB_09048	CDS	264				hypothetical protein
LONINKCB_09049	CDS	309				hypothetical protein
LONINKCB_09050	CDS	213				hypothetical protein
LONINKCB_09051	CDS	174				hypothetical protein
LONINKCB_09052	CDS	318				hypothetical protein
LONINKCB_09053	CDS	210				hypothetical protein
LONINKCB_09054	CDS	210				hypothetical protein
LONINKCB_09055	CDS	234				hypothetical protein
LONINKCB_09056	CDS	216				hypothetical protein
LONINKCB_09057	CDS	339				hypothetical protein
LONINKCB_09058	CDS	312				hypothetical protein
LONINKCB_09059	CDS	234				hypothetical protein
LONINKCB_09060	CDS	144				hypothetical protein
LONINKCB_09061	CDS	270				hypothetical protein
LONINKCB_09062	CDS	252				hypothetical protein
LONINKCB_09063	CDS	240				hypothetical protein
LONINKCB_09064	CDS	237				hypothetical protein
LONINKCB_09065	CDS	231				hypothetical protein
LONINKCB_09066	CDS	216				hypothetical protein
LONINKCB_09067	CDS	243				hypothetical protein
LONINKCB_09068	CDS	210				hypothetical protein
LONINKCB_09069	CDS	294				hypothetical protein
LONINKCB_09070	CDS	297				hypothetical protein
LONINKCB_09071	CDS	192				hypothetical protein
LONINKCB_09072	CDS	225				hypothetical protein
LONINKCB_09073	CDS	219				hypothetical protein
LONINKCB_09074	CDS	240				hypothetical protein
LONINKCB_09075	CDS	165				hypothetical protein
LONINKCB_09076	CDS	234				hypothetical protein
LONINKCB_09077	CDS	180				hypothetical protein
LONINKCB_09078	CDS	246				hypothetical protein
LONINKCB_09079	CDS	291				hypothetical protein
LONINKCB_09080	CDS	255				hypothetical protein
LONINKCB_09081	CDS	192				hypothetical protein
LONINKCB_09082	CDS	324				hypothetical protein
LONINKCB_09083	CDS	186				hypothetical protein
LONINKCB_09084	CDS	495				hypothetical protein
LONINKCB_09085	CDS	186				hypothetical protein
LONINKCB_09086	CDS	393				hypothetical protein
LONINKCB_09087	CDS	261				hypothetical protein
LONINKCB_09088	CDS	234				hypothetical protein
LONINKCB_09089	CDS	207				hypothetical protein
LONINKCB_09090	CDS	390				hypothetical protein
LONINKCB_09091	CDS	192				hypothetical protein
LONINKCB_09092	CDS	222				hypothetical protein
LONINKCB_09093	CDS	189				hypothetical protein
LONINKCB_09094	CDS	429	prkC	2.7.11.1		Serine/threonine-protein kinase PrkC
LONINKCB_09095	CDS	219				hypothetical protein
LONINKCB_09096	CDS	348				hypothetical protein
LONINKCB_09097	CDS	270				hypothetical protein
LONINKCB_09098	CDS	222				hypothetical protein
LONINKCB_09099	CDS	261				hypothetical protein
LONINKCB_09100	CDS	252				hypothetical protein
LONINKCB_09101	CDS	219				hypothetical protein
LONINKCB_09102	CDS	237				hypothetical protein
LONINKCB_09103	CDS	546				hypothetical protein
LONINKCB_09104	CDS	213				hypothetical protein
LONINKCB_09105	CDS	189				hypothetical protein
LONINKCB_09106	CDS	264				hypothetical protein
LONINKCB_09107	CDS	252				hypothetical protein
LONINKCB_09108	CDS	177				hypothetical protein
LONINKCB_09109	CDS	186				hypothetical protein
LONINKCB_09110	CDS	249				hypothetical protein
LONINKCB_09111	CDS	189				hypothetical protein
LONINKCB_09112	CDS	204				hypothetical protein
LONINKCB_09113	CDS	315				hypothetical protein
LONINKCB_09114	CDS	198				hypothetical protein
LONINKCB_09115	CDS	156				hypothetical protein
LONINKCB_09116	CDS	201				hypothetical protein
LONINKCB_09117	CDS	417				hypothetical protein
LONINKCB_09118	CDS	210				hypothetical protein
LONINKCB_09119	CDS	348				hypothetical protein
LONINKCB_09120	CDS	192				hypothetical protein
LONINKCB_09121	CDS	165				hypothetical protein
LONINKCB_09122	CDS	207				hypothetical protein
LONINKCB_09123	CDS	531				hypothetical protein
LONINKCB_09124	CDS	276				hypothetical protein
LONINKCB_09125	CDS	192				hypothetical protein
LONINKCB_09126	CDS	168				hypothetical protein
LONINKCB_09127	CDS	159				hypothetical protein
LONINKCB_09128	CDS	249				hypothetical protein
LONINKCB_09129	CDS	270				hypothetical protein
LONINKCB_09130	CDS	243				hypothetical protein
LONINKCB_09131	CDS	273				hypothetical protein
LONINKCB_09132	CDS	180				hypothetical protein
LONINKCB_09133	CDS	240				hypothetical protein
LONINKCB_09134	CDS	222				hypothetical protein
LONINKCB_09135	CDS	234				hypothetical protein
LONINKCB_09136	CDS	222				hypothetical protein
LONINKCB_09137	CDS	207				hypothetical protein
LONINKCB_09138	CDS	315				hypothetical protein
LONINKCB_09139	CDS	309				hypothetical protein
LONINKCB_09140	CDS	237				hypothetical protein
LONINKCB_09141	CDS	183				hypothetical protein
LONINKCB_09142	CDS	195				hypothetical protein
LONINKCB_09143	CDS	204				hypothetical protein
LONINKCB_09144	CDS	240				hypothetical protein
LONINKCB_09145	CDS	243				hypothetical protein
LONINKCB_09146	CDS	243				hypothetical protein
LONINKCB_09147	CDS	234				hypothetical protein
LONINKCB_09148	CDS	309				hypothetical protein
LONINKCB_09149	CDS	237				hypothetical protein
LONINKCB_09150	CDS	276				hypothetical protein
LONINKCB_09151	CDS	225				hypothetical protein
LONINKCB_09152	CDS	192				hypothetical protein
LONINKCB_09153	CDS	207				hypothetical protein
LONINKCB_09154	CDS	363				hypothetical protein
LONINKCB_09155	CDS	228				hypothetical protein
LONINKCB_09156	CDS	189				hypothetical protein
LONINKCB_09157	CDS	384				hypothetical protein
LONINKCB_09158	CDS	219				hypothetical protein
LONINKCB_09159	CDS	276				hypothetical protein
LONINKCB_09160	CDS	189				hypothetical protein
LONINKCB_09161	CDS	222				hypothetical protein
LONINKCB_09162	CDS	312				hypothetical protein
LONINKCB_09163	CDS	246				hypothetical protein
LONINKCB_09164	CDS	315				hypothetical protein
LONINKCB_09165	CDS	222				hypothetical protein
LONINKCB_09166	CDS	345				hypothetical protein
LONINKCB_09167	CDS	381				hypothetical protein
LONINKCB_09168	CDS	255				hypothetical protein
LONINKCB_09169	CDS	210				hypothetical protein
LONINKCB_09170	CDS	231				hypothetical protein
LONINKCB_09171	CDS	282				hypothetical protein
LONINKCB_09172	CDS	234				hypothetical protein
LONINKCB_09173	CDS	231				hypothetical protein
LONINKCB_09174	CDS	297				hypothetical protein
LONINKCB_09175	CDS	225				hypothetical protein
LONINKCB_09176	CDS	216				hypothetical protein
LONINKCB_09177	CDS	189				hypothetical protein
LONINKCB_09178	CDS	291				hypothetical protein
LONINKCB_09179	CDS	192				hypothetical protein
LONINKCB_09180	CDS	174				hypothetical protein
LONINKCB_09181	CDS	192				hypothetical protein
LONINKCB_09182	CDS	201				hypothetical protein
LONINKCB_09183	CDS	180				hypothetical protein
LONINKCB_09184	CDS	147				hypothetical protein
LONINKCB_09185	CDS	219				hypothetical protein
LONINKCB_09186	CDS	234				hypothetical protein
LONINKCB_09187	CDS	219				hypothetical protein
LONINKCB_09188	CDS	276				hypothetical protein
LONINKCB_09189	CDS	312				hypothetical protein
LONINKCB_09190	CDS	213				hypothetical protein
LONINKCB_09191	CDS	189				hypothetical protein
LONINKCB_09192	CDS	159				hypothetical protein
LONINKCB_09193	CDS	150				hypothetical protein
LONINKCB_09194	CDS	327				hypothetical protein
LONINKCB_09195	CDS	384				hypothetical protein
LONINKCB_09196	CDS	210				hypothetical protein
LONINKCB_09197	CDS	219				hypothetical protein
LONINKCB_09198	CDS	219				hypothetical protein
LONINKCB_09199	CDS	195				hypothetical protein
LONINKCB_09200	CDS	282				hypothetical protein
LONINKCB_09201	CDS	219				hypothetical protein
LONINKCB_09202	CDS	237				hypothetical protein
LONINKCB_09203	CDS	291				hypothetical protein
LONINKCB_09204	CDS	225				hypothetical protein
LONINKCB_09205	CDS	159				hypothetical protein
LONINKCB_09206	CDS	201				hypothetical protein
LONINKCB_09207	CDS	270				hypothetical protein
LONINKCB_09208	CDS	195				hypothetical protein
LONINKCB_09209	CDS	225				hypothetical protein
LONINKCB_09210	CDS	237				hypothetical protein
LONINKCB_09211	CDS	276				hypothetical protein
LONINKCB_09212	CDS	216				hypothetical protein
LONINKCB_09213	CDS	240				hypothetical protein
LONINKCB_09214	CDS	234				hypothetical protein
LONINKCB_09215	CDS	228				hypothetical protein
LONINKCB_09216	CDS	186				hypothetical protein
LONINKCB_09217	CDS	126				hypothetical protein
LONINKCB_09218	CDS	234				hypothetical protein
LONINKCB_09219	CDS	291				hypothetical protein
LONINKCB_09220	CDS	195				hypothetical protein
LONINKCB_09221	CDS	150				hypothetical protein
LONINKCB_09222	CDS	285				hypothetical protein
LONINKCB_09223	CDS	216				hypothetical protein
LONINKCB_09224	CDS	183				hypothetical protein
LONINKCB_09225	CDS	186				hypothetical protein
LONINKCB_09226	CDS	240				hypothetical protein
LONINKCB_09227	CDS	330				hypothetical protein
LONINKCB_09228	CDS	228				hypothetical protein
LONINKCB_09229	CDS	369				hypothetical protein
LONINKCB_09230	CDS	240				hypothetical protein
LONINKCB_09231	CDS	192				hypothetical protein
LONINKCB_09232	CDS	192				hypothetical protein
LONINKCB_09233	CDS	201				hypothetical protein
LONINKCB_09234	CDS	228				hypothetical protein
LONINKCB_09235	CDS	201				hypothetical protein
LONINKCB_09236	CDS	249				hypothetical protein
LONINKCB_09237	CDS	312				hypothetical protein
LONINKCB_09238	CDS	186				hypothetical protein
LONINKCB_09239	CDS	213				hypothetical protein
LONINKCB_09240	CDS	258				hypothetical protein
LONINKCB_09241	CDS	258				hypothetical protein
LONINKCB_09242	CDS	225				hypothetical protein
LONINKCB_09243	CDS	213				hypothetical protein
LONINKCB_09244	CDS	183				hypothetical protein
LONINKCB_09245	CDS	207				hypothetical protein
LONINKCB_09246	CDS	192				hypothetical protein
LONINKCB_09247	CDS	195				hypothetical protein
LONINKCB_09248	CDS	219				hypothetical protein
LONINKCB_09249	CDS	219				hypothetical protein
LONINKCB_09250	CDS	369				hypothetical protein
LONINKCB_09251	CDS	234				hypothetical protein
LONINKCB_09252	tRNA	75				tRNA-Ser(gga)
LONINKCB_09253	tRNA	72				tRNA-Glu(ttc)
LONINKCB_09254	tRNA	72				tRNA-Glu(ttc)
LONINKCB_09255	tRNA	72				tRNA-Glu(ttc)
LONINKCB_09256	tRNA	75				tRNA-Ala(agc)
LONINKCB_09257	tRNA	75				tRNA-Ala(agc)
LONINKCB_09258	tRNA	74				tRNA-Val(aac)
LONINKCB_09259	tRNA	73				tRNA-Val(tac)
LONINKCB_09260	tRNA	73				tRNA-Val(tac)
LONINKCB_09261	tRNA	75				tRNA-Val(cac)
LONINKCB_09262	tRNA	74				tRNA-Val(aac)
LONINKCB_09263	tRNA	88				tRNA-SeC(tca)
LONINKCB_09264	tRNA	75				tRNA-Val(aac)
LONINKCB_09265	tRNA	75				tRNA-Thr(agt)
LONINKCB_09266	tRNA	76				tRNA-Ala(ggc)
LONINKCB_09267	tRNA	83				tRNA-Ser(tga)
LONINKCB_09268	tRNA	77				tRNA-Ala(ggc)
LONINKCB_09269	tRNA	95				tRNA-Ala(cgc)
LONINKCB_09270	tRNA	75				tRNA-Gly(ccc)
LONINKCB_09271	tRNA	70				tRNA-Gly(gcc)
LONINKCB_09272	tRNA	76				tRNA-Ala(ggc)
LONINKCB_09273	tRNA	76				tRNA-Ala(ggc)
LONINKCB_09274	tRNA	73				tRNA-Met(cat)
LONINKCB_09275	tRNA	73				tRNA-Met(cat)
LONINKCB_09276	tRNA	73				tRNA-Met(cat)
LONINKCB_09277	tRNA	75				tRNA-Met(cat)
LONINKCB_09278	tRNA	89				tRNA-Phe(aaa)
LONINKCB_09279	tRNA	75				tRNA-Ser(gga)
LONINKCB_09280	tRNA	75				tRNA-Ser(gga)
LONINKCB_09281	tRNA	75				tRNA-Ser(gga)
LONINKCB_09282	tRNA	75				tRNA-Ser(gga)
LONINKCB_09283	tRNA	87				tRNA-Thr(cgt)
LONINKCB_09284	tRNA	76				tRNA-Met(cat)
LONINKCB_09285	tRNA	83				tRNA-Ser(gct)
LONINKCB_09286	tRNA	85				tRNA-Ser(gct)
LONINKCB_09287	tRNA	85				tRNA-Ser(gct)
LONINKCB_09288	tRNA	91				tRNA-Met(cat)
LONINKCB_09289	tRNA	74				tRNA-Ala(tgc)
LONINKCB_09290	tRNA	72				tRNA-Met(cat)
LONINKCB_09291	tRNA	75				tRNA-Ala(agc)
LONINKCB_09292	tRNA	75				tRNA-Ala(agc)
LONINKCB_09293	tRNA	75				tRNA-Ala(agc)
LONINKCB_09294	tRNA	74				tRNA-Ala(ggc)
LONINKCB_09295	tRNA	75				tRNA-Val(aac)
LONINKCB_09296	tRNA	75				tRNA-Val(aac)
LONINKCB_09297	tRNA	72				tRNA-Asp(gtc)
LONINKCB_09298	tRNA	76				tRNA-Ala(ggc)
LONINKCB_09299	tRNA	77				tRNA-Ala(ggc)
LONINKCB_09300	tRNA	74				tRNA-Arg(cct)
LONINKCB_09301	tRNA	76				tRNA-Ala(ggc)
LONINKCB_09302	tRNA	91				tRNA-Ala(tgc)
LONINKCB_09303	tRNA	76				tRNA-Asn(gtt)
LONINKCB_09304	tRNA	74				tRNA-Asn(gtt)
LONINKCB_09305	tRNA	75				tRNA-Ser(gga)
LONINKCB_09306	tRNA	74				tRNA-Ala(ggc)
LONINKCB_09307	tRNA	75				tRNA-Met(cat)
LONINKCB_09308	tRNA	74				tRNA-Asn(gtt)
LONINKCB_09309	tRNA	74				tRNA-Asn(gtt)
LONINKCB_09310	tRNA	75				tRNA-Cys(gca)
LONINKCB_09311	tRNA	75				tRNA-Cys(gca)
LONINKCB_09312	tRNA	74				tRNA-Cys(gca)
LONINKCB_09313	tRNA	72				tRNA-Cys(gca)
LONINKCB_09314	tRNA	74				tRNA-Cys(gca)
LONINKCB_09315	tRNA	76				tRNA-Ala(ggc)
LONINKCB_09316	tRNA	75				tRNA-Ala(ggc)
LONINKCB_09317	tRNA	73				tRNA-Phe(gaa)
LONINKCB_09318	tRNA	84				tRNA-Ser(cga)
LONINKCB_09319	tRNA	92				tRNA-His(atg)
LONINKCB_09320	tRNA	73				tRNA-Val(aac)
LONINKCB_09321	rRNA	111				5S ribosomal RNA
LONINKCB_09322	rRNA	111				5S ribosomal RNA
LONINKCB_09323	rRNA	111				5S ribosomal RNA
LONINKCB_09324	rRNA	111				5S ribosomal RNA
LONINKCB_09325	rRNA	111				5S ribosomal RNA
LONINKCB_09326	rRNA	111				5S ribosomal RNA
LONINKCB_09327	rRNA	111				5S ribosomal RNA
LONINKCB_09328	rRNA	111				5S ribosomal RNA
LONINKCB_09329	rRNA	111				5S ribosomal RNA
LONINKCB_09330	rRNA	104				5S ribosomal RNA
LONINKCB_09331	rRNA	111				5S ribosomal RNA
LONINKCB_09332	rRNA	111				5S ribosomal RNA
LONINKCB_09333	rRNA	111				5S ribosomal RNA
LONINKCB_09334	rRNA	112				5S ribosomal RNA
LONINKCB_09335	rRNA	111				5S ribosomal RNA
LONINKCB_09336	rRNA	111				5S ribosomal RNA
LONINKCB_09337	rRNA	111				5S ribosomal RNA
LONINKCB_09338	tRNA	74				tRNA-Trp(cca)
LONINKCB_09339	tRNA	73				tRNA-Val(cac)
LONINKCB_09340	tRNA	74				tRNA-Ala(ggc)
LONINKCB_09341	tRNA	74				tRNA-Ala(ggc)
LONINKCB_09342	tRNA	74				tRNA-Ala(ggc)
LONINKCB_09343	tRNA	79				tRNA-Ala(agc)
LONINKCB_09344	tRNA	90				tRNA-Lys(ttt)
LONINKCB_09345	rRNA	107				5S ribosomal RNA
LONINKCB_09346	tRNA	89				tRNA-Lys(ttt)
LONINKCB_09347	tRNA	81				tRNA-Asn(att)
LONINKCB_09348	tRNA	95				tRNA-Thr(cgt)
LONINKCB_09349	tRNA	84				tRNA-SeC(tca)
LONINKCB_09350	tRNA	74				tRNA-Ala(ggc)
LONINKCB_09351	tRNA	76				tRNA-Ala(ggc)
LONINKCB_09352	tRNA	74				tRNA-Ala(ggc)
LONINKCB_09353	tRNA	73				tRNA-Trp(cca)
LONINKCB_09354	tRNA	73				tRNA-Trp(cca)
LONINKCB_09355	tRNA	73				tRNA-Trp(cca)
LONINKCB_09356	tRNA	73				tRNA-Trp(cca)
LONINKCB_09357	tRNA	77				tRNA-Ala(ggc)
LONINKCB_09358	tRNA	74				tRNA-Ala(ggc)
LONINKCB_09359	tRNA	72				tRNA-Asp(gtc)
LONINKCB_09360	tRNA	71				tRNA-Gly(gcc)
LONINKCB_09361	tRNA	72				tRNA-Asp(gtc)
LONINKCB_09362	tRNA	72				tRNA-Asp(gtc)
LONINKCB_09363	tRNA	71				tRNA-Gly(gcc)
LONINKCB_09364	tRNA	72				tRNA-Glu(ctc)
LONINKCB_09365	tRNA	72				tRNA-Glu(ttc)
LONINKCB_09366	tRNA	72				tRNA-Glu(ttc)
LONINKCB_09367	tRNA	72				tRNA-Glu(ttc)
LONINKCB_09368	tRNA	72				tRNA-Glu(ttc)
LONINKCB_09369	tRNA	74				tRNA-Ala(ggc)
LONINKCB_09370	tRNA	76				tRNA-Lys(ctt)
LONINKCB_09371	tRNA	75				tRNA-Thr(agt)
LONINKCB_09372	tRNA	73				tRNA-Val(tac)
LONINKCB_09373	tRNA	73				tRNA-Val(aac)
LONINKCB_09374	tRNA	75				tRNA-Val(aac)
LONINKCB_09375	tRNA	73				tRNA-Thr(agt)
LONINKCB_09376	tRNA	73				tRNA-Ile(aat)
LONINKCB_09377	tRNA	75				tRNA-Thr(agt)
LONINKCB_09378	tRNA	72				tRNA-Gly(tcc)
LONINKCB_09379	tRNA	75				tRNA-Ser(gga)
LONINKCB_09380	rRNA	111				5S ribosomal RNA
LONINKCB_09381	tRNA	75				tRNA-Ala(agc)
LONINKCB_09382	rRNA	111				5S ribosomal RNA
LONINKCB_09383	rRNA	111				5S ribosomal RNA
LONINKCB_09384	tRNA	99				tRNA-Thr(cgt)
LONINKCB_09385	tRNA	75				tRNA-Arg(tcg)
LONINKCB_09386	tRNA	75				tRNA-Met(cat)
LONINKCB_09387	tRNA	75				tRNA-Ser(gga)
LONINKCB_09388	tRNA	70				tRNA-Gly(gcc)
LONINKCB_09389	tRNA	72				tRNA-Asp(gtc)
LONINKCB_09390	tRNA	70				tRNA-Gly(gcc)
LONINKCB_09391	tRNA	72				tRNA-Asp(gtc)
LONINKCB_09392	tRNA	72				tRNA-Gly(gcc)
LONINKCB_09393	tRNA	71				tRNA-Asp(gtc)
LONINKCB_09394	tRNA	73				tRNA-Gly(tcc)
LONINKCB_09395	tRNA	83				tRNA-Leu(gag)
LONINKCB_09396	tRNA	75				tRNA-Thr(ggt)
LONINKCB_09397	tRNA	72				tRNA-Met(cat)
LONINKCB_09398	tRNA	72				tRNA-Met(cat)
LONINKCB_09399	tRNA	82				tRNA-Leu(aag)
LONINKCB_09400	tRNA	82				tRNA-Leu(aag)
LONINKCB_09401	tRNA	82				tRNA-Leu(aag)
LONINKCB_09402	tRNA	70				tRNA-Gly(gcc)
LONINKCB_09403	tRNA	71				tRNA-Gly(gcc)
LONINKCB_09404	tRNA	71				tRNA-Gly(gcc)
LONINKCB_09405	tRNA	71				tRNA-Gly(gcc)
LONINKCB_09406	tRNA	71				tRNA-Gly(gcc)
LONINKCB_09407	tRNA	74				tRNA-Arg(cct)
LONINKCB_09408	tRNA	74				tRNA-Arg(cct)
LONINKCB_09409	tRNA	74				tRNA-Ala(ggc)
LONINKCB_09410	tRNA	77				tRNA-Gln(ttg)
LONINKCB_09411	tRNA	74				tRNA-Ala(ggc)
LONINKCB_09412	tRNA	72				tRNA-Pro(agg)
LONINKCB_09413	tRNA	72				tRNA-Pro(cgg)
LONINKCB_09414	tRNA	73				tRNA-Met(cat)
LONINKCB_09415	tRNA	76				tRNA-Ala(ggc)
LONINKCB_09416	tRNA	74				tRNA-Ala(ggc)
LONINKCB_09417	tRNA	74				tRNA-Cys(gca)
LONINKCB_09418	tRNA	81				tRNA-Leu(tag)
LONINKCB_09419	tRNA	75				tRNA-Ser(gga)
LONINKCB_09420	tRNA	77				tRNA-Ala(ggc)
LONINKCB_09421	tRNA	76				tRNA-Ala(ggc)
LONINKCB_09422	tRNA	76				tRNA-Ala(ggc)
LONINKCB_09423	tRNA	73				tRNA-Arg(tct)
LONINKCB_09424	tRNA	76				tRNA-Asn(gtt)
LONINKCB_09425	tRNA	75				tRNA-Asn(gtt)
LONINKCB_09426	tRNA	75				tRNA-Asn(gtt)
LONINKCB_09427	tRNA	78				tRNA-Ala(ggc)
LONINKCB_09428	tRNA	74				tRNA-Ala(ggc)
LONINKCB_09429	tRNA	75				tRNA-Ser(gga)
LONINKCB_09430	tRNA	74				tRNA-Ala(ggc)
LONINKCB_09431	tRNA	77				tRNA-Ala(ggc)
LONINKCB_09432	tRNA	91				tRNA-Arg(cct)
LONINKCB_09433	tRNA	76				tRNA-Ala(ggc)
LONINKCB_09434	tRNA	74				tRNA-Ala(ggc)
LONINKCB_09435	tRNA	75				tRNA-Ser(gga)
LONINKCB_09436	tRNA	75				tRNA-Ser(aga)
LONINKCB_09437	tRNA	73				tRNA-Val(cac)
LONINKCB_09438	tRNA	75				tRNA-Ser(gga)
LONINKCB_09439	tRNA	74				tRNA-Ala(ggc)
LONINKCB_09440	tRNA	72				tRNA-Cys(gca)
LONINKCB_09441	tRNA	76				tRNA-Ala(ggc)
LONINKCB_09442	tRNA	76				tRNA-Ala(ggc)
LONINKCB_09443	tRNA	75				tRNA-Ser(gga)
LONINKCB_09444	tRNA	76				tRNA-Ala(ggc)
LONINKCB_09445	tRNA	75				tRNA-Pro(tgg)
LONINKCB_09446	tRNA	72				tRNA-Ser(gga)
LONINKCB_09447	tRNA	72				tRNA-Ser(gga)
LONINKCB_09448	tRNA	79				tRNA-Ala(agc)
LONINKCB_09449	rRNA	111				5S ribosomal RNA
LONINKCB_09450	rRNA	111				5S ribosomal RNA
LONINKCB_09451	rRNA	111				5S ribosomal RNA
LONINKCB_09452	tRNA	74				tRNA-Ala(ggc)
LONINKCB_09453	tRNA	76				tRNA-Ala(ggc)
LONINKCB_09454	tRNA	76				tRNA-Ala(ggc)
LONINKCB_09455	tRNA	90				tRNA-Arg(tcg)
LONINKCB_09456	tRNA	83				tRNA-Ser(aga)
LONINKCB_09457	tRNA	83				tRNA-Ser(aga)
LONINKCB_09458	tRNA	73				tRNA-Met(cat)
LONINKCB_09459	tRNA	85				tRNA-Leu(aag)
LONINKCB_09460	tRNA	73				tRNA-Met(cat)
LONINKCB_09461	tRNA	72				tRNA-Cys(gca)
LONINKCB_09462	tRNA	72				tRNA-Gln(ttg)
LONINKCB_09463	tRNA	72				tRNA-His(gtg)
LONINKCB_09464	tRNA	100				tRNA-Gln(ctg)
LONINKCB_09465	tRNA	75				tRNA-Asn(gtt)
LONINKCB_09466	tRNA	76				tRNA-Ala(ggc)
LONINKCB_09467	tRNA	77				tRNA-Ala(ggc)
LONINKCB_09468	tRNA	73				tRNA-Val(cac)
LONINKCB_09469	tRNA	76				tRNA-Ala(ggc)
LONINKCB_09470	tRNA	75				tRNA-Thr(ggt)
LONINKCB_09471	tRNA	84				tRNA-Leu(aag)
LONINKCB_09472	tRNA	73				tRNA-Val(cac)
LONINKCB_09473	tRNA	91				tRNA-Thr(agt)
LONINKCB_09474	tRNA	76				tRNA-Ala(ggc)
LONINKCB_09475	tRNA	74				tRNA-Phe(gaa)
LONINKCB_09476	tRNA	74				tRNA-Phe(gaa)
LONINKCB_09477	tRNA	73				tRNA-Phe(gaa)
LONINKCB_09478	tRNA	74				tRNA-Phe(gaa)
LONINKCB_09479	tRNA	76				tRNA-Ala(ggc)
LONINKCB_09480	tRNA	76				tRNA-Ala(ggc)
LONINKCB_09481	tRNA	76				tRNA-Ala(ggc)
LONINKCB_09482	tRNA	76				tRNA-Ala(ggc)
LONINKCB_09483	tRNA	74				tRNA-Ala(ggc)
LONINKCB_09484	tRNA	84				tRNA-Leu(cag)
LONINKCB_09485	tRNA	72				tRNA-Pro(tgg)
LONINKCB_09486	tRNA	71				tRNA-Pro(agg)
LONINKCB_09487	tRNA	72				tRNA-Pro(cgg)
LONINKCB_09488	tRNA	72				tRNA-Pro(tgg)
LONINKCB_09489	tRNA	72				tRNA-Pro(tgg)
LONINKCB_09490	tRNA	76				tRNA-Ala(ggc)
LONINKCB_09491	tRNA	76				tRNA-Ala(tgc)
LONINKCB_09492	tRNA	74				tRNA-Ala(ggc)
LONINKCB_09493	tRNA	86				tRNA-Leu(taa)
LONINKCB_09494	tRNA	83				tRNA-Leu(aag)
LONINKCB_09495	tRNA	82				tRNA-Leu(tag)
LONINKCB_09496	tRNA	82				tRNA-Leu(aag)
LONINKCB_09497	tRNA	82				tRNA-Leu(aag)
LONINKCB_09498	tRNA	85				tRNA-Arg(ccg)
LONINKCB_09499	tRNA	84				tRNA-Leu(aag)
LONINKCB_09500	tRNA	74				tRNA-Val(gac)
LONINKCB_09501	tRNA	74				tRNA-Ser(gga)
LONINKCB_09502	tRNA	76				tRNA-Ala(ggc)
LONINKCB_09503	tRNA	74				tRNA-Asn(gtt)
LONINKCB_09504	tRNA	77				tRNA-Ala(ggc)
LONINKCB_09505	tRNA	91				tRNA-Phe(gaa)
LONINKCB_09506	tRNA	78				tRNA-Ile(tat)
LONINKCB_09507	tRNA	96				tRNA-Ser(cga)
LONINKCB_09508	tRNA	83				tRNA-Ser(aga)
LONINKCB_09509	tRNA	79				tRNA-Stop(tta)
LONINKCB_09510	tRNA	72				tRNA-Ala(tgc)
LONINKCB_09511	tRNA	72				tRNA-Ala(tgc)
LONINKCB_09512	tRNA	73				tRNA-Ala(tgc)
LONINKCB_09513	tRNA	74				tRNA-Ala(ggc)
LONINKCB_09514	tRNA	77				tRNA-Ala(ggc)
LONINKCB_09515	tRNA	77				tRNA-Ala(ggc)
LONINKCB_09516	tRNA	75				tRNA-Ser(gga)
LONINKCB_09517	tRNA	77				tRNA-Ala(ggc)
LONINKCB_09518	rRNA	466				16S ribosomal RNA (partial)
LONINKCB_09519	tRNA	75				tRNA-Phe(gaa)
LONINKCB_09520	tRNA	75				tRNA-Phe(gaa)
LONINKCB_09521	tRNA	92				tRNA-Leu(tag)
LONINKCB_09522	tRNA	77				tRNA-Ala(ggc)
LONINKCB_09523	tRNA	74				tRNA-Thr(tgt)
LONINKCB_09524	tRNA	74				tRNA-Thr(tgt)
LONINKCB_09525	tRNA	84				tRNA-Ser(gct)
LONINKCB_09526	tRNA	84				tRNA-Ser(gct)
LONINKCB_09527	tRNA	76				tRNA-Ala(ggc)
LONINKCB_09528	tRNA	74				tRNA-Ala(ggc)
LONINKCB_09529	tRNA	78				tRNA-Lys(ctt)
LONINKCB_09530	tRNA	71				tRNA-Pyl(cta)
LONINKCB_09531	rRNA	465				16S ribosomal RNA (partial)
LONINKCB_09532	rRNA	884				23S ribosomal RNA (partial)
LONINKCB_09533	rRNA	465				16S ribosomal RNA (partial)
LONINKCB_09534	rRNA	439				16S ribosomal RNA (partial)
LONINKCB_09535	rRNA	2440				23S ribosomal RNA (partial)
LONINKCB_09536	rRNA	458				16S ribosomal RNA (partial)
LONINKCB_09537	rRNA	1606				23S ribosomal RNA (partial)
LONINKCB_09538	rRNA	3151				23S ribosomal RNA
LONINKCB_09539	tRNA	74				tRNA-Lys(ctt)
LONINKCB_09540	tRNA	74				tRNA-Ala(agc)
LONINKCB_09541	tRNA	72				tRNA-Gln(ttg)
LONINKCB_09542	tRNA	75				tRNA-Ser(gga)
LONINKCB_09543	tRNA	72				tRNA-His(gtg)
LONINKCB_09544	tRNA	72				tRNA-His(gtg)
LONINKCB_09545	tRNA	79				tRNA-Val(gac)
LONINKCB_09546	tRNA	74				tRNA-Ala(ggc)
LONINKCB_09547	tRNA	74				tRNA-Ala(ggc)
LONINKCB_09548	tRNA	82				tRNA-Leu(tag)
LONINKCB_09549	tRNA	75				tRNA-Asn(gtt)
LONINKCB_09550	tRNA	72				tRNA-Gln(ctg)
LONINKCB_09551	tRNA	72				tRNA-Gln(ctg)
LONINKCB_09552	tRNA	74				tRNA-Gln(ttg)
LONINKCB_09553	tRNA	72				tRNA-Gln(ttg)
LONINKCB_09554	tRNA	72				tRNA-Gln(ctg)
LONINKCB_09555	tRNA	76				tRNA-Ala(ggc)
LONINKCB_09556	tRNA	76				tRNA-Ala(ggc)
LONINKCB_09557	tRNA	75				tRNA-Thr(ggt)
LONINKCB_09558	tRNA	74				tRNA-Arg(tct)
LONINKCB_09559	tRNA	74				tRNA-Ala(ggc)
LONINKCB_09560	tRNA	73				tRNA-Ala(tgc)
LONINKCB_09561	tRNA	74				tRNA-Ala(ggc)
LONINKCB_09562	tRNA	74				tRNA-Ala(ggc)
LONINKCB_09563	tRNA	75				tRNA-Ser(gga)
LONINKCB_09564	tRNA	75				tRNA-Ser(gga)
LONINKCB_09565	tRNA	75				tRNA-Ser(gga)
LONINKCB_09566	tRNA	75				tRNA-Ser(gga)
LONINKCB_09567	tRNA	75				tRNA-Ser(gga)
LONINKCB_09568	tRNA	75				tRNA-Ser(gga)
LONINKCB_09569	tRNA	75				tRNA-Ser(gga)
LONINKCB_09570	tRNA	75				tRNA-Ser(gga)
LONINKCB_09571	tRNA	75				tRNA-Ser(gga)
LONINKCB_09572	tRNA	75				tRNA-Ser(gga)
LONINKCB_09573	tRNA	75				tRNA-Ser(gga)
LONINKCB_09574	tRNA	75				tRNA-Ser(gga)
LONINKCB_09575	tRNA	75				tRNA-Ser(gga)
LONINKCB_09576	tRNA	73				tRNA-Arg(cct)
LONINKCB_09577	tRNA	74				tRNA-Arg(cct)
LONINKCB_09578	tRNA	74				tRNA-Ala(ggc)
LONINKCB_09579	tRNA	85				tRNA-Leu(taa)
LONINKCB_09580	tRNA	92				tRNA-Ser(gga)
LONINKCB_09581	tRNA	74				tRNA-Lys(ttt)
LONINKCB_09582	tRNA	74				tRNA-Lys(ttt)
LONINKCB_09583	tRNA	72				tRNA-Asp(gtc)
LONINKCB_09584	tRNA	71				tRNA-Asp(gtc)
LONINKCB_09585	tRNA	75				tRNA-Arg(tcg)
LONINKCB_09586	tRNA	75				tRNA-Arg(tcg)
LONINKCB_09587	tRNA	73				tRNA-Gly(tcc)
LONINKCB_09588	tRNA	73				tRNA-Gly(tcc)
LONINKCB_09589	tRNA	75				tRNA-Arg(tcg)
LONINKCB_09590	tRNA	74				tRNA-Arg(tct)
LONINKCB_09591	tRNA	77				tRNA-Arg(tct)
LONINKCB_09592	tRNA	76				tRNA-Ala(ggc)
LONINKCB_09593	tRNA	76				tRNA-Ala(ggc)
LONINKCB_09594	tRNA	76				tRNA-Ala(ggc)
LONINKCB_09595	tRNA	83				tRNA-Ser(aga)
LONINKCB_09596	tRNA	83				tRNA-Ser(aga)
LONINKCB_09597	tRNA	75				tRNA-Arg(tct)
LONINKCB_09598	tRNA	75				tRNA-Arg(tct)
LONINKCB_09599	tRNA	74				tRNA-Arg(tct)
LONINKCB_09600	tRNA	74				tRNA-Ala(ggc)
LONINKCB_09601	tRNA	73				tRNA-Gly(tcc)
LONINKCB_09602	tRNA	73				tRNA-Gly(tcc)
LONINKCB_09603	tRNA	73				tRNA-Gly(tcc)
LONINKCB_09604	tRNA	71				tRNA-Pro(cgg)
LONINKCB_09605	tRNA	71				tRNA-Val(cac)
LONINKCB_09606	tRNA	73				tRNA-Met(cat)
LONINKCB_09607	tRNA	83				tRNA-Ser(aga)
LONINKCB_09608	rRNA	111				5S ribosomal RNA
LONINKCB_09609	rRNA	111				5S ribosomal RNA
LONINKCB_09610	rRNA	105				5S ribosomal RNA
LONINKCB_09611	rRNA	111				5S ribosomal RNA
LONINKCB_09612	rRNA	64				5S ribosomal RNA (partial)
LONINKCB_09613	rRNA	87				5S ribosomal RNA (partial)
LONINKCB_09614	rRNA	111				5S ribosomal RNA
LONINKCB_09615	rRNA	100				5S ribosomal RNA
LONINKCB_09616	rRNA	111				5S ribosomal RNA
LONINKCB_09617	rRNA	97				5S ribosomal RNA
LONINKCB_09618	rRNA	111				5S ribosomal RNA
LONINKCB_09619	rRNA	111				5S ribosomal RNA
LONINKCB_09620	rRNA	111				5S ribosomal RNA
LONINKCB_09621	rRNA	111				5S ribosomal RNA
LONINKCB_09622	rRNA	111				5S ribosomal RNA
LONINKCB_09623	rRNA	111				5S ribosomal RNA
LONINKCB_09624	rRNA	111				5S ribosomal RNA
LONINKCB_09625	rRNA	111				5S ribosomal RNA
LONINKCB_09626	rRNA	96				5S ribosomal RNA
LONINKCB_09627	rRNA	111				5S ribosomal RNA
LONINKCB_09628	rRNA	111				5S ribosomal RNA
LONINKCB_09629	tRNA	73				tRNA-Met(cat)
LONINKCB_09630	tRNA	72				tRNA-His(gtg)
LONINKCB_09631	tRNA	74				tRNA-Trp(cca)
LONINKCB_09632	tRNA	74				tRNA-Ala(ggc)
LONINKCB_09633	tRNA	75				tRNA-Ser(gga)
LONINKCB_09634	tRNA	84				tRNA-Leu(cag)
LONINKCB_09635	tRNA	74				tRNA-Trp(cca)
LONINKCB_09636	tRNA	76				tRNA-Ile(aat)
LONINKCB_09637	tRNA	72				tRNA-Glu(ttc)
LONINKCB_09638	tRNA	76				tRNA-Ile(aat)
LONINKCB_09639	rRNA	111				5S ribosomal RNA
LONINKCB_09640	tRNA	74				tRNA-Thr(agt)
LONINKCB_09641	tRNA	74				tRNA-Thr(agt)
LONINKCB_09642	tRNA	72				tRNA-Glu(ctc)
LONINKCB_09643	tRNA	72				tRNA-Glu(ttc)
LONINKCB_09644	rRNA	111				5S ribosomal RNA
LONINKCB_09645	rRNA	111				5S ribosomal RNA
LONINKCB_09646	rRNA	111				5S ribosomal RNA
LONINKCB_09647	tRNA	84				tRNA-Ser(tga)
LONINKCB_09648	tRNA	91				tRNA-Ser(aga)
LONINKCB_09649	tRNA	73				tRNA-Lys(ttt)
LONINKCB_09650	tRNA	75				tRNA-Lys(ttt)
LONINKCB_09651	tRNA	74				tRNA-Lys(ttt)
LONINKCB_09652	tRNA	76				tRNA-Ile(aat)
LONINKCB_09653	rRNA	111				5S ribosomal RNA
LONINKCB_09654	rRNA	111				5S ribosomal RNA
LONINKCB_09655	tRNA	76				tRNA-Ile(aat)
LONINKCB_09656	tRNA	75				tRNA-Ala(agc)
LONINKCB_09657	rRNA	111				5S ribosomal RNA
LONINKCB_09658	rRNA	111				5S ribosomal RNA
LONINKCB_09659	rRNA	111				5S ribosomal RNA
LONINKCB_09660	tRNA	74				tRNA-Trp(cca)
LONINKCB_09661	rRNA	111				5S ribosomal RNA
LONINKCB_09662	tRNA	73				tRNA-Lys(ctt)
LONINKCB_09663	rRNA	111				5S ribosomal RNA
LONINKCB_09664	rRNA	111				5S ribosomal RNA
LONINKCB_09665	tRNA	77				tRNA-Leu(caa)
LONINKCB_09666	tRNA	73				tRNA-Met(cat)
LONINKCB_09667	tRNA	74				tRNA-Phe(gaa)
LONINKCB_09668	tRNA	74				tRNA-Phe(gaa)
LONINKCB_09669	tRNA	72				tRNA-Met(cat)
LONINKCB_09670	tRNA	72				tRNA-Met(cat)
LONINKCB_09671	tRNA	72				tRNA-Met(cat)
LONINKCB_09672	tRNA	72				tRNA-Cys(gca)
LONINKCB_09673	tRNA	72				tRNA-Cys(gca)
LONINKCB_09674	tRNA	72				tRNA-Pro(tgg)
LONINKCB_09675	tRNA	72				tRNA-Pro(agg)
LONINKCB_09676	tRNA	93				tRNA-Leu(tag)
LONINKCB_09677	tRNA	74				tRNA-Ala(ggc)
LONINKCB_09678	tRNA	73				tRNA-Ser(gga)
LONINKCB_09679	tRNA	73				tRNA-Ser(gga)
LONINKCB_09680	tRNA	76				tRNA-Ala(ggc)
LONINKCB_09681	tRNA	77				tRNA-Ala(ggc)
LONINKCB_09682	tRNA	77				tRNA-Ala(ggc)
LONINKCB_09683	tRNA	74				tRNA-Ala(ggc)
LONINKCB_09684	tRNA	84				tRNA-Lys(ttt)
LONINKCB_09685	rRNA	111				5S ribosomal RNA
LONINKCB_09686	tRNA	73				tRNA-Thr(cgt)
LONINKCB_09687	tRNA	85				tRNA-Ser(gct)
LONINKCB_09688	tRNA	72				tRNA-Thr(tgt)
LONINKCB_09689	tRNA	72				tRNA-Thr(tgt)
LONINKCB_09690	tRNA	72				tRNA-Thr(cgt)
LONINKCB_09691	tRNA	85				tRNA-Ser(gct)
LONINKCB_09692	tRNA	73				tRNA-Lys(ctt)
LONINKCB_09693	tRNA	73				tRNA-Lys(ctt)
LONINKCB_09694	tRNA	73				tRNA-Lys(ctt)
LONINKCB_09695	tRNA	73				tRNA-Lys(ctt)
LONINKCB_09696	tRNA	73				tRNA-Lys(ctt)
LONINKCB_09697	tRNA	73				tRNA-Lys(ctt)
LONINKCB_09698	tRNA	73				tRNA-Lys(ctt)
LONINKCB_09699	tRNA	75				tRNA-Thr(ggt)
LONINKCB_09700	tRNA	90				tRNA-Thr(tgt)
LONINKCB_09701	tRNA	77				tRNA-Ala(ggc)
LONINKCB_09702	tRNA	91				tRNA-Met(cat)
LONINKCB_09703	tRNA	73				tRNA-Met(cat)
LONINKCB_09704	tRNA	76				tRNA-Ser(act)
LONINKCB_09705	tRNA	71				tRNA-Gly(gcc)
LONINKCB_09706	tRNA	77				tRNA-Ala(ggc)
LONINKCB_09707	tRNA	75				tRNA-Ser(gga)
LONINKCB_09708	tRNA	75				tRNA-Met(cat)
LONINKCB_09709	tRNA	75				tRNA-Glu(ctc)
LONINKCB_09710	tRNA	75				tRNA-Ser(gga)
LONINKCB_09711	tRNA	72				tRNA-Gln(ttg)
LONINKCB_09712	tRNA	71				tRNA-Pro(agg)
LONINKCB_09713	tRNA	72				tRNA-Pro(tgg)
LONINKCB_09714	tRNA	79				tRNA-Ala(agc)
LONINKCB_09715	tRNA	72				tRNA-Gln(ttg)
LONINKCB_09716	tRNA	85				tRNA-Ser(gct)
LONINKCB_09717	tRNA	91				tRNA-Lys(ttt)
LONINKCB_09718	tRNA	73				tRNA-Met(cat)
LONINKCB_09719	tRNA	76				tRNA-Ala(ggc)
